1        1   (5)      1  : 0.5936 0.3686 0.0232 0.0146
2        2   (5)      1  : 0.5860 0.3872 0.0104 0.0164
3        3   (5)      1  : 0.5958 0.3834 0.0110 0.0098
4        4   (0)      1  : 0.5914 0.3854 0.0182 0.0050
5        5   (0)      1  : 0.5780 0.2951 0.0338 0.0932
6        6   (0)      1  : 0.5946 0.3778 0.0182 0.0094
7        7   (0)      1  : 0.6098 0.3450 0.0040 0.0412
8        8   (5)      1  : 0.5930 0.3948 0.0078 0.0044
9        9   (0)      1  : 0.5952 0.3970 0.0048 0.0030
10       10   (0)      1  : 0.5974 0.3580 0.0064 0.0382
11       11   (0)      1  : 0.5944 0.3902 0.0034 0.0120
12       12   (0)      1  : 0.5892 0.3974 0.0046 0.0088
13       13   (0)      1  : 0.5914 0.4020 0.0030 0.0036
14       14   (0)      1  : 0.5908 0.3810 0.0218 0.0064
15       15   (0)      1  : 0.5972 0.3814 0.0074 0.0140
16       16   (0)      1  : 0.5920 0.3896 0.0136 0.0048
17       17   (0)      1  : 0.5954 0.3976 0.0030 0.0040
18       18   (0)      1  : 0.5912 0.3804 0.0062 0.0222
19       19   (0)      1  : 0.5840 0.4048 0.0066 0.0046
20       20   (0)      1  : 0.5912 0.3566 0.0156 0.0366
21       21   (0)      1  : 0.5932 0.3982 0.0056 0.0030
22       22   (0)      1  : 0.5922 0.3312 0.0718 0.0048
23       23   (0)      1  : 0.5952 0.3778 0.0216 0.0054
24       24   (0)      1  : 0.5784 0.3664 0.0472 0.0080
25       25   (0)      1  : 0.5876 0.3988 0.0054 0.0082
26       26   (0)      1  : 0.5886 0.4016 0.0058 0.0040
27       27   (5)      1  : 0.5902 0.3436 0.0052 0.0610
28       28   (0)      1  : 0.5968 0.3216 0.0412 0.0404
29       29   (0)      1  : 0.5926 0.3732 0.0268 0.0074
30       30   (0)      1  : 0.5788 0.3750 0.0250 0.0212
31       31   (0)      1  : 0.5970 0.3898 0.0062 0.0070
32       32   (0)      1  : 0.5898 0.3720 0.0072 0.0310
33       33   (0)      1  : 0.5948 0.3960 0.0036 0.0056
34       34   (0)      1  : 0.5996 0.3786 0.0154 0.0064
35       35   (0)      1  : 0.5648 0.3466 0.0064 0.0822
36       36   (0)      1  : 0.5872 0.3918 0.0050 0.0160
37       37   (0)      1  : 0.5898 0.3948 0.0064 0.0090
38       38   (0)      1  : 0.5882 0.4022 0.0038 0.0058
39       39   (0)      1  : 0.5770 0.3994 0.0070 0.0166
40       40   (0)      1  : 0.5922 0.3840 0.0140 0.0098
41       41   (0)      1  : 0.5938 0.3834 0.0102 0.0126
42       42   (0)      1  : 0.5944 0.3908 0.0114 0.0034
43       43   (0)      1  : 0.5968 0.3874 0.0066 0.0092
44       44   (0)      1  : 0.5964 0.3962 0.0032 0.0042
45       45   (5)      1  : 0.5954 0.3784 0.0058 0.0204
46       46   (0)      1  : 0.5958 0.3484 0.0488 0.0070
47       47   (0)      1  : 0.6000 0.3582 0.0270 0.0148
48       48   (0)      1  : 0.5896 0.3598 0.0414 0.0092
49       49   (0)      1  : 0.5918 0.3858 0.0034 0.0190
50       50   (0)      1  : 0.5934 0.3888 0.0104 0.0074
51       51   (0)      1  : 0.5912 0.3988 0.0052 0.0048
52       52   (0)      1  : 0.5608 0.4182 0.0114 0.0096
53       53   (0)      1  : 0.5950 0.3496 0.0352 0.0202
54       54   (0)      1  : 0.5986 0.3404 0.0302 0.0308
55       55   (0)      1  : 0.5948 0.3912 0.0062 0.0078
56       56   (0)      1  : 0.5920 0.3784 0.0148 0.0148
57       57  (10)      1  : 0.5906 0.3970 0.0058 0.0066
58       58   (5)      1  : 0.5912 0.3892 0.0102 0.0094
59       59   (0)      1  : 0.5890 0.3878 0.0170 0.0062
60       60   (0)      1  : 0.5972 0.3932 0.0034 0.0062
61       61   (0)      1  : 0.5918 0.3876 0.0084 0.0122
62       62   (0)      1  : 0.6020 0.3676 0.0060 0.0244
63       63   (0)      1  : 0.5944 0.3900 0.0040 0.0116
64       64   (0)      1  : 0.5968 0.3844 0.0064 0.0124
65       65   (0)      1  : 0.5728 0.3918 0.0038 0.0316
66       66   (0)      1  : 0.6030 0.3362 0.0182 0.0426
67       67   (5)      1  : 0.5698 0.3732 0.0488 0.0082
68       68   (0)      1  : 0.5828 0.2832 0.1014 0.0326
69       69   (0)      1  : 0.6010 0.3874 0.0030 0.0086
70       70   (0)      1  : 0.5934 0.3754 0.0174 0.0138
71       71   (5)      1  : 0.5920 0.3648 0.0114 0.0318
72       72   (0)      1  : 0.5874 0.4030 0.0040 0.0056
73       73   (5)      1  : 0.6188 0.3306 0.0082 0.0424
74       74  (10)      1  : 0.5892 0.3926 0.0082 0.0100
75       75  (10)      1  : 0.5780 0.4114 0.0052 0.0054
76       76   (0)      1  : 0.4702 0.2253 0.3001 0.0044
77       77  (10)      1  : 0.5700 0.3230 0.1022 0.0048
78       78   (0)      1  : 0.5538 0.3062 0.1276 0.0124
79       79   (5)      1  : 0.5948 0.3562 0.0300 0.0190
80       80   (0)      1  : 0.5938 0.3942 0.0072 0.0048
81       81   (0)      1  : 0.5934 0.3978 0.0046 0.0042
82       82   (0)      1  : 0.5950 0.3984 0.0026 0.0040
83       83   (0)      1  : 0.5648 0.3662 0.0614 0.0076
84       84   (0)      1  : 0.5886 0.3990 0.0044 0.0080
85       85   (0)      1  : 0.5958 0.3956 0.0034 0.0052
86       86   (5)      1  : 0.5936 0.3980 0.0036 0.0048
87       87   (0)      1  : 0.5946 0.3790 0.0108 0.0156
88       88   (0)      1  : 0.5070 0.3166 0.1572 0.0192
89       89   (0)      1  : 0.5694 0.4090 0.0146 0.0070
90       90   (0)      1  : 0.5854 0.3298 0.0204 0.0644
91       91   (0)      1  : 0.5912 0.3902 0.0104 0.0082
92       92   (0)      1  : 0.6032 0.3334 0.0076 0.0558
93       93   (0)      1  : 0.5940 0.3958 0.0066 0.0036
94       94   (5)      1  : 0.5686 0.3830 0.0404 0.0080
95       95   (0)      1  : 0.5918 0.3814 0.0220 0.0048
96       96   (5)      1  : 0.5960 0.3960 0.0034 0.0046
97       97   (0)      1  : 0.5904 0.3572 0.0386 0.0138
98       98   (0)      1  : 0.5918 0.3944 0.0050 0.0088
99       99   (5)      1  : 0.5930 0.3972 0.0040 0.0058
100      100   (5)      1  : 0.5950 0.3928 0.0068 0.0054
101      101   (0)      2  : 0.5948 0.3426 0.0438 0.0188
102      102   (0)      2  : 0.5762 0.3678 0.0508 0.0052
103      103   (0)      2  : 0.5800 0.3260 0.0900 0.0040
104      104   (0)      2  : 0.5948 0.3964 0.0042 0.0046
105      105   (0)      2  : 0.6186 0.3096 0.0088 0.0630
106      106   (0)      2  : 0.5808 0.4072 0.0054 0.0066
107      107   (0)      2  : 0.5952 0.3918 0.0072 0.0058
108      108   (0)      2  : 0.5578 0.3074 0.1190 0.0158
109      109   (0)      2  : 0.5700 0.4084 0.0090 0.0126
110      110   (0)      2  : 0.5938 0.3986 0.0036 0.0040
111      111   (0)      2  : 0.5928 0.3976 0.0040 0.0056
112      112   (0)      2  : 0.5906 0.3984 0.0064 0.0046
113      113   (0)      2  : 0.5950 0.3772 0.0078 0.0200
114      114   (0)      2  : 0.5842 0.3930 0.0112 0.0116
115      115   (0)      2  : 0.5938 0.3908 0.0094 0.0060
116      116   (0)      2  : 0.5920 0.3784 0.0240 0.0056
117      117   (0)      2  : 0.5962 0.3696 0.0254 0.0088
118      118   (0)      2  : 0.5920 0.3900 0.0120 0.0060
119      119   (0)      2  : 0.5902 0.4032 0.0030 0.0036
120      120   (0)      2  : 0.6000 0.3586 0.0038 0.0376
121      121   (0)      2  : 0.5936 0.3956 0.0040 0.0068
122      122   (0)      2  : 0.5934 0.3962 0.0050 0.0054
123      123   (0)      2  : 0.5876 0.3908 0.0156 0.0060
124      124   (0)      2  : 0.5948 0.3872 0.0110 0.0070
125      125   (0)      2  : 0.5944 0.3990 0.0032 0.0034
126      126   (0)      2  : 0.5962 0.3740 0.0112 0.0186
127      127   (0)      2  : 0.5167 0.4625 0.0078 0.0130
128      128   (0)      2  : 0.5938 0.3968 0.0042 0.0052
129      129   (0)      2  : 0.5870 0.4036 0.0046 0.0048
130      130   (0)      2  : 0.5950 0.3842 0.0076 0.0132
131      131   (0)      2  : 0.6104 0.3710 0.0052 0.0134
132      132   (0)      2  : 0.5938 0.3980 0.0044 0.0038
133      133   (0)      2  : 0.5964 0.3932 0.0046 0.0058
134      134   (0)      2  : 0.5829 0.2538 0.0362 0.1272
135      135   (0)      2  : 0.5980 0.3910 0.0036 0.0074
136      136   (0)      2  : 0.5956 0.3892 0.0068 0.0084
137      137   (0)      2  : 0.5808 0.3692 0.0432 0.0068
138      138   (0)      2  : 0.5918 0.3984 0.0036 0.0062
139      139   (0)      2  : 0.5932 0.3788 0.0056 0.0224
140      140   (0)      2  : 0.5476 0.4246 0.0074 0.0204
141      141   (0)      2  : 0.5968 0.3954 0.0030 0.0048
142      142   (0)      2  : 0.5942 0.3960 0.0048 0.0050
143      143   (0)      2  : 0.5944 0.3936 0.0082 0.0038
144      144   (0)      2  : 0.6012 0.3528 0.0082 0.0378
145      145   (0)      2  : 0.5946 0.3908 0.0090 0.0056
146      146   (0)      2  : 0.5994 0.3776 0.0128 0.0102
147      147   (0)      2  : 0.5970 0.3654 0.0316 0.0060
148      148   (0)      2  : 0.5908 0.3916 0.0070 0.0106
149      149   (0)      2  : 0.5948 0.3952 0.0048 0.0052
150      150   (0)      2  : 0.6032 0.3696 0.0168 0.0104
151      151   (0)      2  : 0.5936 0.3846 0.0032 0.0186
152      152   (0)      2  : 0.5864 0.3944 0.0144 0.0048
153      153   (0)      2  : 0.5950 0.3968 0.0042 0.0040
154      154   (0)      2  : 0.5992 0.3818 0.0116 0.0074
155      155   (0)      2  : 0.5924 0.3942 0.0040 0.0094
156      156   (0)      2  : 0.5834 0.3698 0.0426 0.0042
157      157   (0)      2  : 0.5950 0.3876 0.0068 0.0106
158      158   (0)      2  : 0.5902 0.3924 0.0120 0.0054
159      159   (0)      2  : 0.5708 0.4084 0.0048 0.0160
160      160   (0)      2  : 0.5762 0.4152 0.0034 0.0052
161      161   (0)      2  : 0.5972 0.3756 0.0102 0.0170
162      162   (0)      2  : 0.5954 0.3978 0.0030 0.0038
163      163   (0)      2  : 0.5836 0.3546 0.0490 0.0128
164      164   (0)      2  : 0.5882 0.3796 0.0222 0.0100
165      165   (0)      2  : 0.5938 0.3886 0.0108 0.0068
166      166   (0)      2  : 0.5900 0.4006 0.0052 0.0042
167      167   (0)      2  : 0.5956 0.3894 0.0056 0.0094
168      168   (0)      2  : 0.5960 0.3962 0.0044 0.0034
169      169   (0)      2  : 0.5922 0.3696 0.0310 0.0072
170      170   (0)      2  : 0.5966 0.3902 0.0048 0.0084
171      171   (0)      2  : 0.5974 0.3826 0.0120 0.0080
172      172   (0)      2  : 0.5948 0.3906 0.0072 0.0074
173      173   (0)      2  : 0.5938 0.3880 0.0132 0.0050
174      174   (0)      2  : 0.5864 0.3962 0.0042 0.0132
175      175   (0)      2  : 0.5936 0.3878 0.0136 0.0050
176      176   (0)      2  : 0.5902 0.3826 0.0196 0.0076
177      177   (0)      2  : 0.5932 0.3978 0.0036 0.0054
178      178   (0)      2  : 0.5930 0.3992 0.0040 0.0038
179      179   (0)      2  : 0.5904 0.3408 0.0608 0.0080
180      180   (0)      2  : 0.5760 0.4084 0.0082 0.0074
181      181   (0)      2  : 0.5938 0.3938 0.0038 0.0086
182      182   (0)      2  : 0.5928 0.3940 0.0060 0.0072
183      183   (0)      2  : 0.5902 0.3964 0.0046 0.0088
184      184   (0)      2  : 0.5928 0.3932 0.0098 0.0042
185      185   (0)      2  : 0.5728 0.3360 0.0668 0.0244
186      186   (0)      2  : 0.5808 0.4082 0.0050 0.0060
187      187   (0)      2  : 0.5950 0.3932 0.0058 0.0060
188      188   (0)      2  : 0.5996 0.3668 0.0098 0.0238
189      189   (0)      2  : 0.5890 0.3868 0.0136 0.0106
190      190   (0)      2  : 0.5444 0.3044 0.1422 0.0090
191      191   (0)      2  : 0.5926 0.3960 0.0070 0.0044
192      192   (0)      2  : 0.5954 0.3904 0.0092 0.0050
193      193   (0)      2  : 0.5854 0.3952 0.0052 0.0142
194      194   (0)      2  : 0.5988 0.3856 0.0042 0.0114
195      195   (0)      2  : 0.5976 0.3660 0.0066 0.0298
196      196   (0)      2  : 0.5954 0.3974 0.0034 0.0038
197      197   (0)      2  : 0.5892 0.3910 0.0140 0.0058
198      198   (0)      2  : 0.5802 0.4022 0.0036 0.0140
199      199   (0)      2  : 0.5914 0.3986 0.0062 0.0038
200      200   (0)      2  : 0.6018 0.3704 0.0088 0.0190
201      201   (0)      2  : 0.5942 0.3648 0.0258 0.0152
202      202   (0)      2  : 0.5954 0.3980 0.0034 0.0032
203      203   (0)      2  : 0.5922 0.3808 0.0126 0.0144
204      204   (0)      2  : 0.5880 0.3584 0.0454 0.0082
205      205   (0)      2  : 0.6024 0.3171 0.0306 0.0498
206      206   (0)      2  : 0.5920 0.3846 0.0058 0.0176
207      207   (0)      2  : 0.6042 0.3434 0.0152 0.0372
208      208   (0)      2  : 0.5926 0.3864 0.0130 0.0080
209      209   (0)      2  : 0.5888 0.3224 0.0554 0.0334
210      210   (0)      2  : 0.5946 0.3922 0.0066 0.0066
211      211   (0)      2  : 0.5910 0.3996 0.0036 0.0058
212      212   (0)      2  : 0.5950 0.3914 0.0096 0.0040
213      213   (0)      2  : 0.5928 0.3974 0.0060 0.0038
214      214   (0)      2  : 0.5872 0.3850 0.0228 0.0050
215      215   (0)      2  : 0.6098 0.3722 0.0058 0.0122
216      216   (0)      2  : 0.5696 0.3080 0.1122 0.0102
217      217   (0)      2  : 0.5728 0.3728 0.0444 0.0100
218      218   (0)      2  : 0.5882 0.3954 0.0080 0.0084
219      219   (0)      2  : 0.5954 0.3952 0.0046 0.0048
220      220   (0)      2  : 0.5648 0.3146 0.1151 0.0056
221      221   (0)      2  : 0.5888 0.4010 0.0054 0.0048
222      222   (0)      2  : 0.5856 0.3638 0.0104 0.0402
223      223   (0)      2  : 0.5878 0.4024 0.0050 0.0048
224      224   (0)      2  : 0.5936 0.3954 0.0068 0.0042
225      225   (0)      2  : 0.5960 0.3978 0.0030 0.0032
226      226   (0)      2  : 0.5922 0.3786 0.0246 0.0046
227      227   (0)      2  : 0.5902 0.3922 0.0060 0.0116
228      228   (0)      2  : 0.5886 0.3516 0.0124 0.0474
229      229   (0)      2  : 0.5820 0.3702 0.0250 0.0228
230      230   (0)      2  : 0.5832 0.4060 0.0038 0.0070
231      231   (0)      2  : 0.5064 0.2753 0.2117 0.0066
232      232   (0)      2  : 0.5884 0.3848 0.0152 0.0116
233      233   (0)      2  : 0.5876 0.3860 0.0192 0.0072
234      234   (0)      2  : 0.5938 0.3934 0.0092 0.0036
235      235   (0)      2  : 0.5982 0.3768 0.0100 0.0150
236      236   (0)      2  : 0.5856 0.3382 0.0724 0.0038
237      237   (0)      2  : 0.5886 0.3718 0.0354 0.0042
238      238   (0)      2  : 0.5930 0.3922 0.0062 0.0086
239      239   (0)      2  : 0.5932 0.4008 0.0026 0.0034
240      240   (0)      2  : 0.5930 0.3940 0.0066 0.0064
241      241   (0)      2  : 0.5936 0.3832 0.0068 0.0164
242      242   (0)      2  : 0.5960 0.3972 0.0030 0.0038
243      243   (0)      2  : 0.5894 0.3960 0.0086 0.0060
244      244   (0)      2  : 0.5522 0.3532 0.0782 0.0164
245      245   (0)      2  : 0.5992 0.3888 0.0034 0.0086
246      246   (0)      2  : 0.5930 0.3758 0.0172 0.0140
247      247   (0)      2  : 0.5940 0.3978 0.0028 0.0054
248      248   (0)      2  : 0.5762 0.4140 0.0034 0.0064
249      249   (0)      2  : 0.5922 0.3968 0.0072 0.0038
250      250   (0)      2  : 0.5958 0.3928 0.0060 0.0054
251      251   (0)      2  : 0.5920 0.3918 0.0054 0.0108
252      252   (0)      2  : 0.5938 0.3932 0.0052 0.0078
253      253   (0)      2  : 0.5896 0.3930 0.0118 0.0056
254      254   (0)      2  : 0.6014 0.3644 0.0220 0.0122
255      255   (0)      2  : 0.6038 0.3740 0.0034 0.0188
256      256   (0)      2  : 0.5928 0.3956 0.0076 0.0040
257      257   (0)      2  : 0.6090 0.3610 0.0062 0.0238
258      258   (0)      2  : 0.5952 0.3584 0.0274 0.0190
259      259   (0)      2  : 0.5954 0.3880 0.0100 0.0066
260      260   (0)      2  : 0.5892 0.3350 0.0524 0.0234
261      261   (0)      2  : 0.5862 0.3996 0.0072 0.0070
262      262   (0)      2  : 0.5958 0.3894 0.0076 0.0072
263      263   (0)      2  : 0.6026 0.3602 0.0052 0.0320
264      264   (0)      2  : 0.5944 0.3968 0.0044 0.0044
265      265   (0)      2  : 0.6090 0.3620 0.0062 0.0228
266      266   (0)      2  : 0.5964 0.3962 0.0030 0.0044
267      267   (0)      2  : 0.5554 0.2894 0.0144 0.1408
268      268   (0)      2  : 0.5964 0.3968 0.0034 0.0034
269      269   (0)      2  : 0.5868 0.3914 0.0078 0.0140
270      270   (0)      2  : 0.5928 0.3946 0.0050 0.0076
271      271   (0)      2  : 0.5910 0.3910 0.0118 0.0062
272      272   (0)      2  : 0.6026 0.3674 0.0100 0.0200
273      273   (0)      2  : 0.5918 0.3754 0.0212 0.0116
274      274   (0)      2  : 0.5898 0.3604 0.0442 0.0056
275      275   (0)      2  : 0.5966 0.3694 0.0094 0.0246
276      276   (0)      2  : 0.5990 0.3854 0.0034 0.0122
277      277   (0)      2  : 0.5946 0.3870 0.0070 0.0114
278      278   (0)      2  : 0.5982 0.3764 0.0174 0.0080
279      279   (0)      2  : 0.6531 0.3059 0.0048 0.0362
280      280   (0)      2  : 0.5960 0.3938 0.0068 0.0034
281      281   (0)      2  : 0.6032 0.3716 0.0082 0.0170
282      282   (0)      2  : 0.5756 0.3368 0.0732 0.0144
283      283   (0)      2  : 0.6096 0.3462 0.0042 0.0400
284      284   (0)      2  : 0.5780 0.4068 0.0052 0.0100
285      285   (0)      2  : 0.5810 0.4044 0.0042 0.0104
286      286   (0)      2  : 0.5952 0.3660 0.0056 0.0332
287      287   (0)      2  : 0.5136 0.3032 0.1650 0.0182
288      288   (0)      2  : 0.6134 0.3604 0.0050 0.0212
289      289   (0)      2  : 0.5922 0.3714 0.0306 0.0058
290      290   (0)      2  : 0.5928 0.3994 0.0030 0.0048
291      291   (0)      2  : 0.5928 0.3946 0.0082 0.0044
292      292   (0)      2  : 0.5946 0.3972 0.0042 0.0040
293      293   (0)      2  : 0.5446 0.3231 0.1247 0.0076
294      294   (0)      2  : 0.5982 0.3374 0.0086 0.0558
295      295   (0)      2  : 0.5976 0.3570 0.0330 0.0124
296      296   (0)      2  : 0.5972 0.3730 0.0084 0.0214
297      297   (0)      2  : 0.5958 0.3976 0.0034 0.0032
298      298   (0)      2  : 0.5968 0.3918 0.0052 0.0062
299      299   (0)      2  : 0.6002 0.3802 0.0098 0.0098
300      300   (0)      2  : 0.5914 0.3950 0.0056 0.0080
301      301   (5)      3  : 0.4719 0.2431 0.0046 0.2803
302      302   (0)      3  : 0.2851 0.0966 0.0092 0.6091
303      303   (0)      3  : 0.4409 0.2005 0.0238 0.3348
304      304   (5)      3  : 0.4195 0.0798 0.0048 0.4960
305      305   (5)      3  : 0.3862 0.1080 0.0026 0.5032
306      306   (0)      3  : 0.3481 0.1148 0.0132 0.5239
307      307   (0)      4  : 0.5026 0.2013 0.0048 0.2913
308      308   (0)      4  : 0.3971 0.1839 0.0042 0.4148
309      309   (0)      4  : 0.3681 0.3629 0.0206 0.2484
310      310   (0)      4  : 0.3785 0.1995 0.0514 0.3706
311      311   (0)      4  : 0.4755 0.1609 0.0422 0.3214
312      312   (0)      4  : 0.4483 0.2138 0.0066 0.3313
313      313   (0)      4  : 0.3973 0.0618 0.0044 0.5365
314      314   (0)      4  : 0.3466 0.0432 0.0134 0.5967
315      315   (0)      4  : 0.3624 0.1455 0.0108 0.4813
316      316   (0)      4  : 0.2734 0.1454 0.0042 0.5770
317      317   (0)      4  : 0.3437 0.1104 0.0324 0.5135
318      318   (0)      4  : 0.3706 0.2948 0.0080 0.3266
319      319   (0)      4  : 0.5413 0.3219 0.0192 0.1176
320      320   (0)      4  : 0.2263 0.2449 0.0122 0.5166
321      321   (0)      4  : 0.3987 0.2098 0.0028 0.3887
322      322   (0)      4  : 0.3119 0.0294 0.1008 0.5579
323      323   (0)      4  : 0.4328 0.1386 0.0072 0.4214
324      324   (0)      4  : 0.5441 0.2599 0.0166 0.1794
325      325   (0)      4  : 0.3183 0.3524 0.0312 0.2981
326      326   (0)      4  : 0.3393 0.3607 0.0188 0.2812
327      327   (0)      4  : 0.5088 0.2184 0.0066 0.2662
328      328   (0)      4  : 0.3651 0.0801 0.0186 0.5363
329      329   (0)      4  : 0.3327 0.1307 0.0100 0.5266
330      330   (0)      4  : 0.3366 0.1998 0.0112 0.4524
331      331   (0)      4  : 0.4526 0.2264 0.0044 0.3166
332      332   (0)      4  : 0.3802 0.2603 0.0038 0.3557
333      333   (0)      4  : 0.4388 0.1579 0.0202 0.3831
334      334   (0)      4  : 0.4194 0.2039 0.0030 0.3737
335      335   (0)      4  : 0.4365 0.0376 0.0312 0.4948
336      336   (0)      4  : 0.4040 0.1429 0.0160 0.4371
337      337   (0)      4  : 0.4134 0.1442 0.0102 0.4322
338      338   (0)      4  : 0.3472 0.0222 0.0080 0.6226
339      339   (0)      4  : 0.3319 0.2079 0.0036 0.4566
340      340   (0)      4  : 0.3394 0.0198 0.0142 0.6266
341      341   (0)      4  : 0.4010 0.2055 0.0214 0.3721
342      342   (0)      4  : 0.3657 0.1720 0.0086 0.4537
343      343   (0)      4  : 0.4684 0.2146 0.2018 0.1152
344      344   (0)      4  : 0.3501 0.1651 0.0048 0.4800
345      345   (0)      4  : 0.4355 0.0134 0.0336 0.5175
346      346   (0)      4  : 0.3462 0.1903 0.0608 0.4027
347      347   (0)      4  : 0.4393 0.2800 0.0132 0.2674
348      348   (0)      4  : 0.4098 0.1860 0.0138 0.3904
349      349   (0)      4  : 0.4878 0.1311 0.1158 0.2653
350      350   (0)      4  : 0.4732 0.2230 0.0076 0.2962
351      351   (0)      4  : 0.4295 0.2727 0.0060 0.2917
352      352   (0)      4  : 0.4599 0.2807 0.0110 0.2484
353      353   (0)      4  : 0.4197 0.1445 0.0298 0.4060
354      354   (0)      4  : 0.4135 0.1889 0.0134 0.3842
355      355   (0)      4  : 0.3721 0.1050 0.0240 0.4989
356      356   (0)      4  : 0.3804 0.2452 0.0062 0.3682
357      357   (0)      4  : 0.3176 0.2390 0.0050 0.4384
358      358   (0)      4  : 0.4792 0.2842 0.0102 0.2264
359      359   (0)      4  : 0.3896 0.3138 0.0356 0.2610
360      360   (0)      4  : 0.3540 0.5135 0.0080 0.1245
361      361   (0)      4  : 0.3537 0.1543 0.0104 0.4817
362      362   (0)      4  : 0.3667 0.1903 0.0028 0.4402
363      363   (0)      4  : 0.4397 0.2452 0.0068 0.3083
364      364   (0)      4  : 0.2638 0.1288 0.0136 0.5938
365      365   (0)      4  : 0.4650 0.1889 0.0168 0.3293
366      366   (0)      4  : 0.4379 0.2476 0.0072 0.3073
367      367   (0)      4  : 0.4425 0.0828 0.0092 0.4655
368      368   (0)      4  : 0.4145 0.1406 0.0396 0.4054
369      369   (0)      4  : 0.4234 0.1810 0.0134 0.3822
370      370   (0)      4  : 0.4018 0.2907 0.0036 0.3039
371      371   (0)      4  : 0.3928 0.2216 0.0032 0.3824
372      372   (0)      4  : 0.4252 0.1959 0.0036 0.3753
373      373   (0)      4  : 0.3999 0.2281 0.0062 0.3658
374      374   (0)      4  : 0.4144 0.0332 0.0092 0.5432
375      375   (0)      4  : 0.3179 0.1746 0.0486 0.4589
376      376   (0)      4  : 0.4146 0.2645 0.0110 0.3099
377      377   (0)      4  : 0.3713 0.3916 0.1756 0.0614
378      378   (0)      4  : 0.3413 0.4491 0.0036 0.2061
379      379   (0)      4  : 0.4044 0.2357 0.0160 0.3439
380      380   (0)      4  : 0.4482 0.0334 0.0066 0.5118
381      381   (0)      4  : 0.4472 0.2513 0.0258 0.2757
382      382   (0)      4  : 0.2609 0.2118 0.0190 0.5083
383      383   (0)      4  : 0.3570 0.3467 0.0330 0.2634
384      384   (0)      4  : 0.4304 0.1589 0.0204 0.3903
385      385   (0)      4  : 0.3574 0.0752 0.0128 0.5546
386      386   (0)      4  : 0.4137 0.1038 0.0168 0.4657
387      387   (0)      4  : 0.3710 0.1315 0.0162 0.4813
388      388   (0)      4  : 0.4364 0.1629 0.0122 0.3885
389      389   (0)      4  : 0.2686 0.2718 0.0064 0.4532
390      390   (0)      4  : 0.4081 0.3018 0.0254 0.2647
391      391   (0)      4  : 0.4511 0.0240 0.0044 0.5205
392      392   (0)      4  : 0.3463 0.1568 0.0058 0.4911
393      393   (0)      4  : 0.4259 0.2346 0.0038 0.3357
394      394   (0)      4  : 0.4209 0.2441 0.0094 0.3256
395      395   (0)      4  : 0.4001 0.1085 0.0052 0.4862
396      396   (0)      4  : 0.2976 0.1293 0.0112 0.5619
397      397   (0)      4  : 0.4484 0.0830 0.0072 0.4614
398      398   (0)      4  : 0.3764 0.0256 0.0064 0.5916
399      399   (0)      4  : 0.3706 0.2576 0.0044 0.3674
400      400   (0)      4  : 0.4044 0.1799 0.0026 0.4131
401      401   (0)      4  : 0.4329 0.2681 0.0242 0.2748
402      402   (0)      4  : 0.4557 0.2255 0.0078 0.3110
403      403   (0)      4  : 0.4473 0.1369 0.0498 0.3660
404      404   (0)      4  : 0.3724 0.2467 0.0052 0.3757
405      405   (0)      4  : 0.4064 0.1970 0.0060 0.3906
406      406   (0)      4  : 0.2918 0.0776 0.0502 0.5804
407      407   (0)      5  : 0.3355 0.0841 0.0346 0.5458
408      408   (0)      5  : 0.2600 0.1347 0.0030 0.6023
409      409   (0)      5  : 0.2602 0.0930 0.0106 0.6362
410      410   (0)      5  : 0.3536 0.1825 0.0096 0.4543
411      411   (0)      5  : 0.3129 0.2405 0.0092 0.4374
412      412   (0)      5  : 0.3048 0.2118 0.0046 0.4788
413      413   (0)      5  : 0.3739 0.2048 0.0052 0.4161
414      414   (0)      5  : 0.3316 0.1272 0.1256 0.4156
415      415   (0)      5  : 0.3560 0.5830 0.0046 0.0564
416      416   (0)      5  : 0.2837 0.0682 0.0382 0.6099
417      417   (0)      5  : 0.3673 0.1965 0.0908 0.3454
418      418   (0)      5  : 0.3330 0.1984 0.0870 0.3817
419      419   (0)      5  : 0.2952 0.2400 0.0038 0.4610
420      420   (0)      5  : 0.2702 0.0458 0.0096 0.6744
421      421   (0)      5  : 0.3591 0.1708 0.0960 0.3741
422      422   (0)      5  : 0.2794 0.1130 0.0094 0.5982
423      423   (0)      5  : 0.3028 0.2116 0.0764 0.4092
424      424   (0)      5  : 0.2814 0.1521 0.0188 0.5477
425      425   (0)      5  : 0.1629 0.0316 0.0510 0.7545
426      426   (0)      5  : 0.2738 0.1991 0.0086 0.5185
427      427   (0)      5  : 0.2903 0.0692 0.0054 0.6351
428      428   (0)      5  : 0.3903 0.2012 0.0072 0.4013
429      429   (0)      5  : 0.1930 0.0716 0.0078 0.7276
430      430   (0)      5  : 0.2939 0.1803 0.0164 0.5094
431      431   (0)      5  : 0.1465 0.0112 0.0050 0.8373
432      432   (0)      5  : 0.3150 0.2843 0.0286 0.3720
433      433   (0)      5  : 0.3842 0.1900 0.0030 0.4228
434      434   (0)      5  : 0.2260 0.0741 0.0518 0.6482
435      435   (0)      5  : 0.2758 0.1368 0.0062 0.5812
436      436   (0)      5  : 0.3306 0.0746 0.0046 0.5902
437      437   (0)      5  : 0.2546 0.1115 0.0094 0.6245
438      438   (0)      5  : 0.3810 0.1861 0.2252 0.2077
439      439   (0)      5  : 0.2208 0.0332 0.0082 0.7378
440      440   (0)      5  : 0.2927 0.1572 0.0544 0.4957
441      441   (0)      5  : 0.3865 0.1881 0.0186 0.4068
442      442   (0)      5  : 0.1512 0.0202 0.0092 0.8194
443      443   (0)      5  : 0.3873 0.2504 0.0128 0.3495
444      444   (0)      5  : 0.3556 0.2627 0.0062 0.3755
445      445   (0)      5  : 0.5246 0.3324 0.0114 0.1315
446      446   (0)      5  : 0.2309 0.2230 0.0046 0.5415
447      447   (0)      5  : 0.2820 0.1346 0.0278 0.5556
448      448   (0)      5  : 0.0878 0.0190 0.0084 0.8848
449      449   (0)      5  : 0.3313 0.1719 0.0653 0.4315
450      450   (0)      5  : 0.3344 0.1677 0.0084 0.4895
451      451   (0)      5  : 0.2380 0.1120 0.0026 0.6474
452      452   (0)      5  : 0.2889 0.1896 0.0458 0.4757
453      453   (0)      5  : 0.3980 0.2093 0.0054 0.3873
454      454   (0)      5  : 0.1981 0.1224 0.0046 0.6749
455      455   (0)      5  : 0.4016 0.1408 0.0114 0.4462
456      456   (0)      5  : 0.2640 0.1254 0.0658 0.5449
457      457   (0)      5  : 0.3755 0.1592 0.0674 0.3979
458      458   (0)      5  : 0.2261 0.1245 0.0686 0.5808
459      459   (0)      5  : 0.2402 0.1112 0.0092 0.6394
460      460   (0)      5  : 0.2388 0.1703 0.0060 0.5849
461      461   (0)      5  : 0.3931 0.1970 0.0072 0.4027
462      462   (0)      5  : 0.3420 0.2364 0.0062 0.4154
463      463   (0)      5  : 0.3146 0.1745 0.0286 0.4823
464      464   (0)      5  : 0.1788 0.0649 0.0120 0.7443
465      465   (0)      5  : 0.2911 0.1941 0.0084 0.5064
466      466   (0)      5  : 0.3962 0.1458 0.0050 0.4530
467      467   (0)      5  : 0.3492 0.2895 0.0530 0.3083
468      468   (0)      5  : 0.3250 0.2196 0.0140 0.4414
469      469   (0)      5  : 0.2711 0.1008 0.0036 0.6245
470      470   (0)      5  : 0.2646 0.1570 0.0062 0.5722
471      471   (0)      5  : 0.2951 0.2816 0.0114 0.4119
472      472   (0)      5  : 0.3681 0.1793 0.0108 0.4418
473      473   (0)      5  : 0.2823 0.0228 0.0348 0.6601
474      474   (0)      5  : 0.2890 0.1857 0.0060 0.5193
475      475   (0)      5  : 0.3366 0.1341 0.0158 0.5135
476      476   (0)      5  : 0.2914 0.0973 0.0216 0.5897
477      477   (0)      5  : 0.3427 0.1527 0.0154 0.4892
478      478   (0)      5  : 0.2829 0.1437 0.0042 0.5692
479      479   (0)      5  : 0.3858 0.2300 0.0152 0.3690
480      480   (0)      5  : 0.2176 0.0218 0.0054 0.7552
481      481   (0)      5  : 0.3400 0.1964 0.0094 0.4542
482      482   (0)      5  : 0.2500 0.1122 0.0672 0.5706
483      483   (0)      5  : 0.2662 0.0654 0.0136 0.6548
484      484   (0)      5  : 0.2800 0.2358 0.0098 0.4744
485      485   (0)      5  : 0.3022 0.0992 0.0164 0.5822
486      486   (0)      5  : 0.2868 0.2070 0.0130 0.4932
487      487   (0)      5  : 0.3191 0.1812 0.0086 0.4911
488      488   (0)      5  : 0.2820 0.1601 0.0074 0.5505
489      489   (0)      5  : 0.2282 0.0756 0.0068 0.6894
490      490   (0)      5  : 0.3173 0.1347 0.0224 0.5256
491      491   (0)      5  : 0.4241 0.2054 0.0120 0.3585
492      492   (0)      5  : 0.3672 0.2413 0.0050 0.3865
493      493   (0)      5  : 0.3011 0.1838 0.0136 0.5015
494      494   (0)      5  : 0.3158 0.1775 0.0542 0.4525
495      495   (0)      5  : 0.3600 0.1544 0.0510 0.4346
496      496   (0)      5  : 0.2114 0.0358 0.0112 0.7416
497      497   (0)      5  : 0.4115 0.0492 0.0842 0.4551
498      498   (0)      5  : 0.4050 0.2018 0.0134 0.3798
499      499   (0)      5  : 0.3343 0.1927 0.0062 0.4668
500      500   (0)      5  : 0.4387 0.2304 0.0104 0.3205
501      501   (0)      5  : 0.3472 0.0502 0.0166 0.5860
502      502   (0)      5  : 0.3216 0.1732 0.0088 0.4964
503      503   (0)      5  : 0.2764 0.0422 0.0204 0.6610
504      504   (0)      5  : 0.3151 0.1909 0.2973 0.1967
505      505   (0)      5  : 0.3030 0.0805 0.0320 0.5845
506      506   (0)      5  : 0.3440 0.3943 0.0094 0.2523
507      507   (0)      6  : 0.2883 0.6999 0.0038 0.0080
508      508   (0)      6  : 0.3612 0.5914 0.0254 0.0220
509      509   (0)      6  : 0.2452 0.7394 0.0050 0.0104
510      510   (0)      6  : 0.3576 0.6300 0.0064 0.0060
511      511   (0)      6  : 0.2928 0.6954 0.0046 0.0072
512      512   (0)      6  : 0.3350 0.6472 0.0060 0.0118
513      513   (0)      6  : 0.3091 0.6763 0.0032 0.0114
514      514   (0)      6  : 0.3189 0.6733 0.0036 0.0042
515      515   (0)      6  : 0.3068 0.6870 0.0026 0.0036
516      516   (0)      6  : 0.2820 0.7090 0.0046 0.0044
517      517   (0)      6  : 0.3990 0.5854 0.0058 0.0098
518      518   (0)      6  : 0.3171 0.6497 0.0104 0.0228
519      519   (0)      6  : 0.2576 0.7290 0.0052 0.0082
520      520   (0)      6  : 0.3826 0.5904 0.0184 0.0086
521      521   (0)      6  : 0.2451 0.7079 0.0336 0.0134
522      522   (0)      6  : 0.2609 0.7139 0.0158 0.0094
523      523   (0)      6  : 0.1991 0.7885 0.0068 0.0056
524      524   (0)      6  : 0.3583 0.6141 0.0204 0.0072
525      525   (0)      6  : 0.3968 0.5036 0.0678 0.0318
526      526   (0)      6  : 0.3479 0.6451 0.0026 0.0044
527      527   (0)      6  : 0.2953 0.6759 0.0110 0.0178
528      528   (0)      6  : 0.3538 0.6150 0.0178 0.0134
529      529   (0)      6  : 0.1169 0.8399 0.0250 0.0182
530      530   (0)      6  : 0.3105 0.6741 0.0060 0.0094
531      531   (0)      6  : 0.2724 0.6512 0.0620 0.0144
532      532   (0)      6  : 0.3084 0.6664 0.0104 0.0148
533      533   (0)      6  : 0.3296 0.6482 0.0152 0.0070
534      534   (0)      6  : 0.3326 0.6494 0.0084 0.0096
535      535   (0)      6  : 0.2848 0.7054 0.0054 0.0044
536      536   (0)      6  : 0.3111 0.6027 0.0252 0.0610
537      537   (0)      6  : 0.3345 0.6547 0.0056 0.0052
538      538   (0)      6  : 0.3325 0.6531 0.0080 0.0064
539      539   (0)      6  : 0.2314 0.7616 0.0034 0.0036
540      540   (0)      6  : 0.2004 0.7918 0.0034 0.0044
541      541   (0)      6  : 0.2728 0.7176 0.0052 0.0044
542      542   (0)      6  : 0.3274 0.6622 0.0042 0.0062
543      543   (0)      6  : 0.2330 0.7518 0.0090 0.0062
544      544   (0)      6  : 0.2123 0.7701 0.0058 0.0118
545      545   (0)      6  : 0.3738 0.6114 0.0094 0.0054
546      546   (0)      6  : 0.2274 0.7624 0.0036 0.0066
547      547   (0)      6  : 0.2671 0.7219 0.0046 0.0064
548      548   (0)      6  : 0.1518 0.8060 0.0280 0.0142
549      549   (0)      6  : 0.3729 0.5283 0.0166 0.0822
550      550   (0)      6  : 0.3025 0.6857 0.0036 0.0082
551      551   (0)      6  : 0.2806 0.7076 0.0038 0.0080
552      552   (0)      6  : 0.3020 0.6898 0.0028 0.0054
553      553   (0)      6  : 0.3469 0.6391 0.0062 0.0078
554      554   (0)      6  : 0.3066 0.6684 0.0102 0.0148
555      555   (0)      6  : 0.3813 0.6049 0.0042 0.0096
556      556   (0)      6  : 0.3440 0.6470 0.0028 0.0062
557      557   (0)      6  : 0.2496 0.7407 0.0036 0.0060
558      558   (0)      6  : 0.3368 0.6544 0.0046 0.0042
559      559   (0)      6  : 0.3010 0.6892 0.0046 0.0052
560      560   (0)      6  : 0.3344 0.6520 0.0076 0.0060
561      561   (0)      6  : 0.3604 0.6104 0.0068 0.0224
562      562   (0)      6  : 0.2475 0.5717 0.0358 0.1450
563      563   (0)      6  : 0.3699 0.6185 0.0030 0.0086
564      564   (0)      6  : 0.2482 0.7305 0.0068 0.0144
565      565   (0)      6  : 0.3089 0.5893 0.0888 0.0130
566      566   (0)      6  : 0.3065 0.6843 0.0034 0.0058
567      567   (0)      6  : 0.2825 0.7073 0.0046 0.0056
568      568   (0)      6  : 0.3022 0.6880 0.0036 0.0062
569      569   (0)      6  : 0.2783 0.7097 0.0046 0.0074
570      570   (0)      6  : 0.2696 0.7022 0.0064 0.0218
571      571   (0)      6  : 0.2037 0.7138 0.0520 0.0306
572      572   (0)      6  : 0.3188 0.4298 0.2208 0.0306
573      573   (0)      6  : 0.3143 0.6757 0.0028 0.0072
574      574   (0)      6  : 0.2462 0.6553 0.0048 0.0936
575      575   (0)      6  : 0.3915 0.5993 0.0038 0.0054
576      576   (0)      6  : 0.2962 0.6934 0.0050 0.0054
577      577   (0)      6  : 0.2796 0.7024 0.0136 0.0044
578      578   (0)      6  : 0.3516 0.6258 0.0156 0.0070
579      579   (0)      6  : 0.2872 0.6932 0.0100 0.0096
580      580   (0)      6  : 0.2941 0.6965 0.0042 0.0052
581      581   (0)      6  : 0.2567 0.7289 0.0072 0.0072
582      582   (0)      6  : 0.3111 0.6817 0.0026 0.0046
583      583   (0)      6  : 0.3056 0.6862 0.0036 0.0046
584      584   (0)      6  : 0.3099 0.6745 0.0078 0.0078
585      585   (0)      6  : 0.3472 0.6284 0.0102 0.0142
586      586   (0)      6  : 0.2985 0.6787 0.0064 0.0164
587      587   (0)      6  : 0.3588 0.6278 0.0046 0.0088
588      588   (0)      6  : 0.2482 0.7321 0.0052 0.0146
589      589   (0)      6  : 0.2934 0.6794 0.0080 0.0192
590      590   (0)      6  : 0.2708 0.7056 0.0156 0.0080
591      591   (0)      6  : 0.2476 0.7430 0.0034 0.0060
592      592   (0)      6  : 0.2784 0.7130 0.0042 0.0044
593      593   (0)      6  : 0.2852 0.6992 0.0082 0.0074
594      594   (0)      6  : 0.2893 0.7011 0.0044 0.0052
595      595   (0)      6  : 0.2458 0.7010 0.0276 0.0256
596      596   (0)      6  : 0.2735 0.6885 0.0134 0.0246
597      597   (0)      6  : 0.2683 0.6899 0.0328 0.0090
598      598   (0)      6  : 0.4481 0.5327 0.0068 0.0124
599      599   (0)      6  : 0.2568 0.7132 0.0216 0.0084
600      600   (0)      6  : 0.2850 0.7016 0.0072 0.0062
601      601   (0)      6  : 0.2242 0.7596 0.0044 0.0118
602      602   (0)      6  : 0.2859 0.7001 0.0084 0.0056
603      603   (0)      6  : 0.2916 0.7012 0.0028 0.0044
604      604   (0)      6  : 0.3044 0.6868 0.0042 0.0046
605      605   (0)      6  : 0.2382 0.7496 0.0052 0.0070
606      606   (0)      6  : 0.3126 0.6754 0.0036 0.0084
607      607   (0)      7  : 0.2848 0.1601 0.5471 0.0080
608      608   (0)      7  : 0.3396 0.1701 0.4815 0.0088
609      609   (0)      7  : 0.2808 0.1279 0.5809 0.0104
610      610   (0)      7  : 0.2900 0.1428 0.5578 0.0094
611      611   (0)      7  : 0.3581 0.2177 0.4192 0.0050
612      612   (0)      7  : 0.3242 0.1871 0.4829 0.0058
613      613   (0)      7  : 0.3214 0.1297 0.5415 0.0074
614      614   (0)      7  : 0.2450 0.0824 0.6656 0.0070
615      615   (0)      7  : 0.3081 0.0978 0.5753 0.0188
616      616   (0)      7  : 0.2245 0.1387 0.6324 0.0044
617      617   (0)      7  : 0.3629 0.2063 0.4218 0.0090
618      618   (0)      7  : 0.3160 0.1647 0.4581 0.0612
619      619   (0)      7  : 0.3032 0.1456 0.5472 0.0040
620      620   (0)      7  : 0.3422 0.2184 0.4292 0.0102
621      621   (0)      7  : 0.2831 0.1283 0.5584 0.0302
622      622   (0)      7  : 0.2560 0.1747 0.5645 0.0048
623      623   (0)      7  : 0.3182 0.1687 0.5061 0.0070
624      624   (0)      7  : 0.2776 0.1148 0.5748 0.0328
625      625   (0)      7  : 0.3153 0.1878 0.4893 0.0076
626      626   (0)      7  : 0.2128 0.0640 0.6856 0.0376
627      627   (0)      7  : 0.2915 0.1387 0.5668 0.0030
628      628   (0)      7  : 0.3485 0.1791 0.4594 0.0130
629      629   (0)      7  : 0.3271 0.1571 0.5114 0.0044
630      630   (0)      7  : 0.3046 0.0871 0.5071 0.1011
631      631   (0)      7  : 0.3069 0.1665 0.5162 0.0104
632      632   (0)      7  : 0.2654 0.1313 0.5991 0.0042
633      633   (0)      7  : 0.3183 0.1566 0.5173 0.0078
634      634   (0)      7  : 0.3275 0.1369 0.5024 0.0332
635      635   (0)      7  : 0.2808 0.1492 0.5424 0.0276
636      636   (0)      7  : 0.3615 0.2049 0.4246 0.0090
637      637   (0)      7  : 0.1922 0.0626 0.7378 0.0074
638      638   (0)      7  : 0.3212 0.1772 0.4902 0.0114
639      639   (0)      7  : 0.2879 0.2021 0.5000 0.0100
640      640   (0)      7  : 0.3284 0.1857 0.4591 0.0268
641      641   (0)      7  : 0.2068 0.0496 0.7224 0.0212
642      642   (0)      7  : 0.2888 0.1597 0.5403 0.0112
643      643   (0)      7  : 0.3022 0.2063 0.4847 0.0068
644      644   (0)      7  : 0.2338 0.1106 0.6314 0.0242
645      645   (0)      7  : 0.2830 0.1869 0.5189 0.0112
646      646   (0)      7  : 0.2538 0.1434 0.5980 0.0048
647      647   (0)      7  : 0.2625 0.1443 0.5870 0.0062
648      648   (0)      7  : 0.3491 0.1820 0.4537 0.0152
649      649   (0)      7  : 0.3658 0.2564 0.3686 0.0092
650      650   (0)      7  : 0.3224 0.1408 0.5074 0.0294
651      651   (0)      7  : 0.2838 0.1328 0.5782 0.0052
652      652   (0)      7  : 0.2984 0.1508 0.5278 0.0230
653      653   (0)      7  : 0.3269 0.1765 0.4862 0.0104
654      654   (0)      7  : 0.3249 0.1652 0.5025 0.0074
655      655   (0)      7  : 0.3375 0.2117 0.4440 0.0068
656      656   (0)      7  : 0.3209 0.2016 0.4675 0.0100
657      657   (0)      7  : 0.3281 0.1439 0.5216 0.0064
658      658   (0)      7  : 0.2771 0.1868 0.5275 0.0086
659      659   (0)      7  : 0.2834 0.1373 0.5755 0.0038
660      660   (0)      7  : 0.3374 0.1481 0.5057 0.0088
661      661   (0)      7  : 0.2656 0.1986 0.5222 0.0136
662      662   (0)      7  : 0.3437 0.2194 0.4297 0.0072
663      663   (0)      7  : 0.3076 0.2045 0.4733 0.0146
664      664   (0)      7  : 0.4076 0.2366 0.3530 0.0028
665      665   (0)      7  : 0.3385 0.2195 0.4240 0.0180
666      666   (0)      7  : 0.2600 0.1832 0.5440 0.0128
667      667   (0)      7  : 0.3609 0.1640 0.4625 0.0126
668      668   (0)      7  : 0.3056 0.1643 0.5197 0.0104
669      669   (0)      7  : 0.3259 0.1672 0.4999 0.0070
670      670   (0)      7  : 0.3961 0.2551 0.3393 0.0096
671      671   (0)      7  : 0.3028 0.1604 0.5224 0.0144
672      672   (0)      7  : 0.1289 0.0156 0.8501 0.0054
673      673   (0)      7  : 0.2932 0.1748 0.5174 0.0146
674      674   (0)      7  : 0.1900 0.0338 0.7620 0.0142
675      675   (0)      7  : 0.2513 0.1294 0.6021 0.0172
676      676   (0)      7  : 0.2402 0.1167 0.6341 0.0090
677      677   (0)      7  : 0.3441 0.2098 0.4366 0.0094
678      678   (0)      7  : 0.3664 0.1231 0.4473 0.0632
679      679   (0)      7  : 0.2866 0.1229 0.5811 0.0094
680      680   (0)      7  : 0.3260 0.2276 0.4296 0.0168
681      681   (0)      7  : 0.2077 0.1245 0.6607 0.0070
682      682   (0)      7  : 0.2208 0.1289 0.6425 0.0078
683      683   (0)      7  : 0.3526 0.1515 0.4211 0.0748
684      684   (0)      7  : 0.2624 0.1507 0.5827 0.0042
685      685   (0)      7  : 0.2928 0.1160 0.5792 0.0120
686      686   (0)      7  : 0.4014 0.2763 0.3131 0.0092
687      687   (0)      7  : 0.3760 0.2030 0.4156 0.0054
688      688   (0)      7  : 0.3441 0.2113 0.4378 0.0068
689      689   (0)      7  : 0.2730 0.1459 0.5775 0.0036
690      690   (0)      7  : 0.3409 0.2063 0.4410 0.0118
691      691   (0)      7  : 0.3627 0.2039 0.4150 0.0184
692      692   (0)      7  : 0.3296 0.1529 0.5019 0.0156
693      693   (0)      7  : 0.2417 0.1224 0.6289 0.0070
694      694   (0)      7  : 0.2288 0.1215 0.6440 0.0058
695      695   (0)      7  : 0.2850 0.1782 0.5280 0.0088
696      696   (0)      7  : 0.2726 0.2515 0.4701 0.0058
697      697   (0)      7  : 0.2902 0.1442 0.5464 0.0192
698      698   (0)      7  : 0.3070 0.1486 0.5090 0.0354
699      699   (0)      7  : 0.3305 0.1945 0.4656 0.0094
700      700   (0)      7  : 0.2687 0.1292 0.5635 0.0386
701      701   (0)      7  : 0.3168 0.1799 0.4969 0.0064
702      702   (0)      7  : 0.3402 0.1835 0.4711 0.0052
703      703   (0)      7  : 0.3291 0.2575 0.4042 0.0092
704      704   (0)      7  : 0.1942 0.1333 0.6661 0.0064
705      705   (0)      7  : 0.3155 0.1995 0.4672 0.0178
706      706   (0)      7  : 0.3725 0.2171 0.4050 0.0054
707      707   (0)      8  : 0.4068 0.0902 0.0064 0.4966
708      708   (0)      8  : 0.3982 0.0902 0.0038 0.5078
709      709   (0)      8  : 0.3407 0.1688 0.0134 0.4771
710      710   (0)      8  : 0.4318 0.1698 0.0130 0.3854
711      711   (0)      8  : 0.3631 0.0488 0.0130 0.5751
712      712   (0)      8  : 0.3816 0.1121 0.0142 0.4921
713      713   (0)      8  : 0.3213 0.0562 0.0658 0.5568
714      714   (0)      8  : 0.3550 0.0514 0.0530 0.5406
715      715   (0)      8  : 0.4266 0.1276 0.0318 0.4140
716      716   (0)      8  : 0.6042 0.2007 0.0418 0.1534
717      717   (0)      8  : 0.4724 0.2548 0.0090 0.2638
718      718   (0)      8  : 0.2874 0.0288 0.0260 0.6578
719      719   (0)      8  : 0.3906 0.1192 0.0108 0.4794
720      720   (0)      8  : 0.4331 0.1569 0.0980 0.3120
721      721   (0)      8  : 0.3752 0.1319 0.0060 0.4869
722      722   (0)      8  : 0.3769 0.2026 0.0970 0.3235
723      723   (0)      8  : 0.3999 0.1394 0.1068 0.3539
724      724   (0)      8  : 0.4550 0.0811 0.0080 0.4559
725      725   (0)      8  : 0.1663 0.0332 0.0082 0.7923
726      726   (0)      8  : 0.3835 0.2025 0.0188 0.3952
727      727   (0)      8  : 0.3816 0.0962 0.0160 0.5061
728      728   (0)      8  : 0.3929 0.1416 0.1168 0.3487
729      729   (0)      8  : 0.4014 0.1274 0.0092 0.4620
730      730   (0)      8  : 0.3965 0.1451 0.0078 0.4506
731      731   (0)      8  : 0.3960 0.1794 0.0102 0.4144
732      732   (0)      8  : 0.2640 0.0150 0.0042 0.7168
733      733   (0)      8  : 0.2763 0.1040 0.0088 0.6108
734      734   (0)      8  : 0.2753 0.0508 0.0056 0.6683
735      735   (0)      8  : 0.2856 0.2296 0.0066 0.4782
736      736   (0)      8  : 0.3379 0.1782 0.0758 0.4081
737      737   (0)      8  : 0.3827 0.2104 0.0200 0.3869
738      738   (0)      8  : 0.4317 0.1946 0.0670 0.3067
739      739   (0)      8  : 0.3878 0.1143 0.0098 0.4881
740      740   (0)      8  : 0.3710 0.1841 0.0044 0.4405
741      741   (0)      8  : 0.2732 0.1288 0.0154 0.5825
742      742   (0)      8  : 0.4032 0.1221 0.0502 0.4246
743      743   (0)      8  : 0.4124 0.1646 0.0066 0.4164
744      744   (0)      8  : 0.4641 0.1157 0.0090 0.4112
745      745   (0)      8  : 0.4022 0.2296 0.0052 0.3630
746      746   (0)      8  : 0.4301 0.2030 0.0424 0.3245
747      747   (0)      8  : 0.3990 0.0726 0.0160 0.5124
748      748   (0)      8  : 0.3773 0.1514 0.0054 0.4659
749      749   (0)      8  : 0.3564 0.1102 0.0168 0.5166
750      750   (0)      8  : 0.4276 0.1129 0.0174 0.4422
751      751   (0)      8  : 0.4587 0.1764 0.0078 0.3571
752      752   (0)      8  : 0.4517 0.1008 0.1694 0.2781
753      753   (0)      8  : 0.3686 0.1173 0.0266 0.4875
754      754   (0)      8  : 0.3570 0.0812 0.0108 0.5510
755      755   (0)      8  : 0.3994 0.1645 0.0074 0.4287
756      756   (0)      8  : 0.4480 0.1688 0.0550 0.3282
757      757   (0)      8  : 0.4107 0.1048 0.0656 0.4189
758      758   (0)      8  : 0.4945 0.1789 0.0096 0.3170
759      759   (0)      8  : 0.4045 0.0806 0.0100 0.5049
760      760   (0)      8  : 0.3774 0.2900 0.0112 0.3214
761      761   (0)      8  : 0.3271 0.0586 0.0072 0.6071
762      762   (0)      8  : 0.3406 0.0376 0.0070 0.6148
763      763   (0)      8  : 0.3321 0.1228 0.0124 0.5327
764      764   (0)      8  : 0.3362 0.1084 0.0050 0.5504
765      765   (0)      8  : 0.3263 0.1323 0.0106 0.5308
766      766   (0)      8  : 0.4901 0.0532 0.0086 0.4481
767      767   (0)      8  : 0.4949 0.2406 0.0104 0.2541
768      768   (0)      8  : 0.3476 0.3349 0.0124 0.3051
769      769   (0)      8  : 0.4373 0.2338 0.0472 0.2817
770      770   (0)      8  : 0.4171 0.2173 0.0848 0.2808
771      771   (0)      8  : 0.3392 0.0294 0.0068 0.6245
772      772   (0)      8  : 0.4382 0.1790 0.0132 0.3696
773      773   (0)      8  : 0.4389 0.1724 0.0100 0.3787
774      774   (0)      8  : 0.3126 0.2584 0.0080 0.4210
775      775   (0)      8  : 0.4745 0.1056 0.1389 0.2810
776      776   (0)      8  : 0.2528 0.0106 0.0108 0.7258
777      777   (0)      8  : 0.4463 0.2474 0.0096 0.2967
778      778   (0)      8  : 0.5288 0.2334 0.0108 0.2270
779      779   (0)      8  : 0.3302 0.1391 0.0084 0.5223
780      780   (0)      8  : 0.4032 0.1694 0.0920 0.3354
781      781   (0)      8  : 0.3330 0.0724 0.0262 0.5685
782      782   (0)      8  : 0.3621 0.1117 0.0194 0.5068
783      783   (0)      8  : 0.3120 0.1467 0.0262 0.5150
784      784   (0)      8  : 0.3857 0.0798 0.0058 0.5287
785      785   (0)      8  : 0.2412 0.0226 0.0042 0.7320
786      786   (0)      8  : 0.3606 0.1793 0.0070 0.4531
787      787   (0)      8  : 0.3287 0.1818 0.0108 0.4788
788      788   (0)      8  : 0.3886 0.0876 0.0130 0.5108
789      789   (0)      8  : 0.3736 0.0386 0.0060 0.5818
790      790   (0)      8  : 0.4493 0.5009 0.0158 0.0340
791      791   (0)      8  : 0.4399 0.1855 0.0074 0.3672
792      792   (0)      8  : 0.4035 0.1710 0.0096 0.4159
793      793   (0)      8  : 0.4658 0.1514 0.1234 0.2594
794      794   (0)      8  : 0.4285 0.1711 0.0156 0.3848
795      795   (0)      8  : 0.4134 0.1234 0.0184 0.4449
796      796   (0)      8  : 0.4620 0.0890 0.0034 0.4457
797      797   (0)      8  : 0.4673 0.2435 0.0736 0.2156
798      798   (0)      8  : 0.4962 0.2315 0.0944 0.1780
799      799   (0)      8  : 0.3178 0.3072 0.0114 0.3636
800      800   (0)      8  : 0.2760 0.1762 0.0106 0.5372
801      801   (0)      8  : 0.3994 0.2024 0.0134 0.3848
802      802   (0)      8  : 0.3825 0.1324 0.0750 0.4101
803      803   (0)      8  : 0.4914 0.0678 0.0172 0.4236
804      804   (0)      8  : 0.4294 0.2261 0.0118 0.3327
805      805   (0)      8  : 0.3840 0.2398 0.0056 0.3706
806      806   (0)      8  : 0.4238 0.1563 0.0116 0.4083
807      807   (0)      9  : 0.1972 0.0076 0.0206 0.7746
808      808   (0)      9  : 0.1860 0.0058 0.0074 0.8008
809      809   (0)     10  : 0.2831 0.0620 0.0050 0.6499
810      810   (0)     10  : 0.2308 0.0062 0.0040 0.7590
811      811   (0)     10  : 0.2170 0.0896 0.0638 0.6296
812      812   (0)     10  : 0.2700 0.0278 0.0082 0.6940
813      813   (0)     10  : 0.2044 0.0120 0.0088 0.7748
814      814   (0)     10  : 0.1810 0.0072 0.0200 0.7918
815      815   (0)     10  : 0.3453 0.0364 0.0046 0.6137
816      816   (0)     10  : 0.1805 0.1770 0.0106 0.6319
817      817   (0)     10  : 0.2901 0.1672 0.0084 0.5342
818      818   (0)     10  : 0.4191 0.1183 0.0162 0.4464
819      819   (0)     10  : 0.4100 0.0332 0.0282 0.5286
820      820   (0)     10  : 0.3213 0.0240 0.0032 0.6515
821      821   (0)     10  : 0.3156 0.1644 0.0134 0.5066
822      822   (0)     10  : 0.3003 0.2871 0.0136 0.3990
823      823   (0)     10  : 0.1992 0.0596 0.0038 0.7374
824      824   (0)     10  : 0.2358 0.1012 0.0052 0.6578
825      825   (0)     10  : 0.2154 0.1372 0.0114 0.6360
826      826   (0)     10  : 0.2906 0.0452 0.0044 0.6598
827      827   (0)     10  : 0.2884 0.0946 0.0364 0.5806
828      828   (0)     10  : 0.2912 0.0150 0.0062 0.6876
829      829   (0)     10  : 0.2142 0.1402 0.0390 0.6066
830      830   (0)     10  : 0.2824 0.1622 0.0202 0.5351
831      831   (0)     10  : 0.2208 0.0054 0.0202 0.7536
832      832   (0)     10  : 0.2054 0.0130 0.0046 0.7770
833      833   (0)     10  : 0.2022 0.0098 0.0282 0.7598
834      834   (0)     10  : 0.1976 0.0178 0.0444 0.7402
835      835   (0)     10  : 0.2070 0.0094 0.0036 0.7800
836      836   (0)     10  : 0.4222 0.0750 0.0042 0.4986
837      837   (0)     10  : 0.2222 0.0150 0.0042 0.7586
838      838   (0)     10  : 0.2200 0.0186 0.0034 0.7580
839      839   (0)     10  : 0.3577 0.2464 0.0062 0.3897
840      840   (0)     10  : 0.3242 0.0230 0.0220 0.6308
841      841   (0)     10  : 0.3175 0.0903 0.0052 0.5870
842      842   (0)     10  : 0.2327 0.0072 0.0470 0.7131
843      843   (0)     10  : 0.3024 0.0242 0.0330 0.6404
844      844   (0)     10  : 0.2922 0.0150 0.0168 0.6760
845      845   (0)     10  : 0.2142 0.0156 0.0404 0.7298
846      846   (0)     10  : 0.2932 0.1410 0.0036 0.5623
847      847   (0)     10  : 0.2052 0.0106 0.0132 0.7710
848      848   (0)     10  : 0.3081 0.0690 0.0090 0.6139
849      849   (0)     10  : 0.3117 0.2854 0.0052 0.3977
850      850   (0)     10  : 0.2298 0.1212 0.1238 0.5252
851      851   (0)     10  : 0.2250 0.1958 0.0066 0.5726
852      852   (0)     10  : 0.3006 0.0770 0.0108 0.6116
853      853   (0)     10  : 0.2226 0.0166 0.0254 0.7354
854      854   (0)     10  : 0.3486 0.1148 0.0164 0.5202
855      855   (0)     10  : 0.2678 0.2414 0.0090 0.4818
856      856   (0)     10  : 0.2858 0.0382 0.0142 0.6618
857      857   (0)     10  : 0.2014 0.0296 0.0078 0.7612
858      858   (0)     10  : 0.2350 0.0644 0.0036 0.6970
859      859   (0)     10  : 0.2406 0.0306 0.0062 0.7226
860      860   (0)     10  : 0.2972 0.1148 0.0114 0.5765
861      861   (0)     10  : 0.3046 0.1036 0.0056 0.5862
862      862   (0)     10  : 0.2102 0.0086 0.0034 0.7778
863      863   (0)     10  : 0.3892 0.0536 0.0088 0.5483
864      864   (0)     10  : 0.3075 0.1226 0.0386 0.5313
865      865   (0)     10  : 0.3785 0.0872 0.0038 0.5305
866      866   (0)     10  : 0.5363 0.1758 0.0032 0.2847
867      867   (0)     10  : 0.2823 0.0944 0.0132 0.6102
868      868   (0)     10  : 0.1984 0.0420 0.0026 0.7570
869      869   (0)     10  : 0.2232 0.0260 0.0354 0.7153
870      870   (0)     10  : 0.2376 0.0272 0.0064 0.7289
871      871   (0)     10  : 0.4264 0.1570 0.0132 0.4034
872      872   (0)     10  : 0.2838 0.0602 0.0154 0.6406
873      873   (0)     10  : 0.2044 0.0556 0.0100 0.7300
874      874   (0)     10  : 0.2630 0.0122 0.0052 0.7196
875      875   (0)     10  : 0.2841 0.0296 0.0036 0.6827
876      876   (0)     10  : 0.3284 0.1077 0.0066 0.5573
877      877   (0)     10  : 0.3783 0.0626 0.0036 0.5555
878      878   (0)     10  : 0.3620 0.1480 0.0036 0.4864
879      879   (0)     10  : 0.2024 0.0094 0.0126 0.7756
880      880   (0)     10  : 0.2722 0.2082 0.0092 0.5105
881      881   (0)     10  : 0.2996 0.0258 0.0148 0.6599
882      882   (0)     10  : 0.3331 0.0668 0.0078 0.5923
883      883   (0)     10  : 0.2820 0.0957 0.0038 0.6185
884      884   (0)     10  : 0.3720 0.1240 0.0036 0.5004
885      885   (0)     10  : 0.3545 0.0460 0.0046 0.5949
886      886   (0)     10  : 0.2274 0.0082 0.0356 0.7288
887      887   (0)     10  : 0.3943 0.0482 0.0062 0.5513
888      888   (0)     10  : 0.2422 0.0276 0.0076 0.7226
889      889   (0)     10  : 0.2054 0.1586 0.0104 0.6256
890      890   (0)     10  : 0.3406 0.1154 0.0076 0.5364
891      891   (0)     10  : 0.2536 0.0108 0.0060 0.7296
892      892   (0)     10  : 0.3287 0.0466 0.0074 0.6173
893      893   (0)     10  : 0.2890 0.0248 0.0026 0.6836
894      894   (0)     10  : 0.4169 0.0062 0.0056 0.5713
895      895   (0)     10  : 0.3592 0.0476 0.0036 0.5896
896      896   (0)     10  : 0.3097 0.0214 0.0096 0.6592
897      897   (0)     10  : 0.1360 0.1212 0.0230 0.7198
898      898   (0)     10  : 0.3028 0.1664 0.0102 0.5206
899      899   (0)     10  : 0.3272 0.0138 0.0064 0.6526
900      900   (0)     10  : 0.2218 0.0164 0.0142 0.7476
901      901   (0)     10  : 0.2034 0.0168 0.0066 0.7732
902      902   (0)     10  : 0.3320 0.0404 0.0116 0.6160
903      903   (0)     10  : 0.3378 0.2038 0.0062 0.4522
904      904   (0)     10  : 0.2938 0.1206 0.0174 0.5682
905      905   (0)     10  : 0.3611 0.0884 0.0054 0.5451
906      906   (0)     10  : 0.3460 0.1172 0.0060 0.5308
907      907   (0)     10  : 0.2388 0.0214 0.0088 0.7310
908      908   (0)     10  : 0.2116 0.0078 0.0062 0.7744
909      909   (0)     11  : 0.0546 0.0198 0.0182 0.9074
910      910   (0)     11  : 0.0458 0.0100 0.0140 0.9302
911      911   (0)     11  : 0.1080 0.0306 0.0108 0.8507
912      912   (0)     11  : 0.1969 0.0170 0.0208 0.7653
913      913   (0)     11  : 0.0406 0.0142 0.0138 0.9314
914      914   (0)     11  : 0.2817 0.1260 0.0038 0.5885
915      915   (0)     11  : 0.0410 0.0102 0.0308 0.9180
916      916   (0)     11  : 0.0218 0.0100 0.0112 0.9570
917      917   (0)     11  : 0.0476 0.0138 0.0044 0.9342
918      918   (0)     11  : 0.0640 0.0134 0.0098 0.9127
919      919   (0)     11  : 0.0784 0.0150 0.0438 0.8628
920      920   (0)     11  : 0.0990 0.0280 0.0172 0.8558
921      921   (0)     11  : 0.2063 0.1070 0.0038 0.6829
922      922   (0)     11  : 0.1615 0.0286 0.0338 0.7762
923      923   (0)     11  : 0.1354 0.0292 0.1068 0.7285
924      924   (0)     11  : 0.1036 0.0424 0.0102 0.8438
925      925   (0)     11  : 0.1108 0.0794 0.0086 0.8012
926      926   (0)     11  : 0.1963 0.0306 0.0238 0.7493
927      927   (0)     11  : 0.1166 0.0184 0.0056 0.8594
928      928   (0)     11  : 0.0572 0.0292 0.0286 0.8850
929      929   (0)     11  : 0.1611 0.0266 0.0046 0.8077
930      930   (0)     11  : 0.0262 0.0050 0.0272 0.9416
931      931   (0)     11  : 0.1954 0.0160 0.0038 0.7848
932      932   (0)     11  : 0.0230 0.0068 0.0040 0.9662
933      933   (0)     11  : 0.1762 0.0286 0.0052 0.7900
934      934   (0)     11  : 0.0140 0.0058 0.0270 0.9532
935      935   (0)     11  : 0.2187 0.0152 0.0046 0.7615
936      936   (0)     11  : 0.2277 0.0414 0.0054 0.7255
937      937   (0)     11  : 0.0164 0.0046 0.0070 0.9720
938      938   (0)     11  : 0.0516 0.0162 0.0050 0.9272
939      939   (0)     11  : 0.2147 0.1962 0.0952 0.4938
940      940   (0)     11  : 0.1879 0.0893 0.0498 0.6730
941      941   (0)     11  : 0.0737 0.0064 0.0036 0.9163
942      942   (0)     11  : 0.2439 0.0978 0.0106 0.6477
943      943   (0)     11  : 0.2284 0.0912 0.0392 0.6412
944      944   (0)     11  : 0.0895 0.1066 0.0114 0.7925
945      945   (0)     11  : 0.2768 0.1581 0.0248 0.5403
946      946   (0)     11  : 0.3946 0.3336 0.0456 0.2262
947      947   (0)     11  : 0.0861 0.0172 0.0036 0.8931
948      948   (0)     11  : 0.2902 0.0922 0.0046 0.6130
949      949   (0)     11  : 0.2282 0.0426 0.0400 0.6893
950      950   (0)     11  : 0.1312 0.0900 0.0276 0.7511
951      951   (0)     11  : 0.0260 0.0166 0.0777 0.8797
952      952   (0)     11  : 0.0588 0.0058 0.1724 0.7630
953      953   (0)     11  : 0.0508 0.0096 0.1425 0.7971
954      954   (0)     11  : 0.1519 0.0078 0.0056 0.8348
955      955   (0)     11  : 0.3306 0.0780 0.0106 0.5808
956      956   (0)     11  : 0.1309 0.0400 0.0122 0.8169
957      957   (0)     11  : 0.1495 0.0352 0.0048 0.8105
958      958   (0)     11  : 0.2070 0.0184 0.2431 0.5315
959      959   (0)     11  : 0.0288 0.0058 0.0108 0.9546
960      960   (0)     11  : 0.1158 0.0478 0.0066 0.8298
961      961   (0)     11  : 0.1221 0.0132 0.0138 0.8509
962      962   (0)     11  : 0.0162 0.0158 0.0036 0.9644
963      963   (0)     11  : 0.1605 0.0372 0.0134 0.7889
964      964   (0)     11  : 0.0640 0.0250 0.0182 0.8928
965      965   (0)     11  : 0.1496 0.0154 0.0056 0.8294
966      966   (0)     11  : 0.1561 0.0116 0.0110 0.8213
967      967   (0)     11  : 0.0955 0.0072 0.0871 0.8103
968      968   (0)     11  : 0.0232 0.0054 0.0176 0.9538
969      969   (0)     11  : 0.0918 0.0074 0.0074 0.8934
970      970   (0)     11  : 0.1547 0.0220 0.0308 0.7925
971      971   (0)     11  : 0.0446 0.0108 0.0074 0.9372
972      972   (0)     11  : 0.1754 0.0348 0.0074 0.7825
973      973   (0)     11  : 0.2185 0.0900 0.0442 0.6472
974      974   (0)     11  : 0.2514 0.0878 0.0176 0.6433
975      975   (0)     11  : 0.0774 0.0122 0.0052 0.9052
976      976   (0)     11  : 0.0438 0.0066 0.0152 0.9344
977      977   (0)     11  : 0.2173 0.0514 0.0036 0.7278
978      978   (0)     11  : 0.0596 0.0144 0.0266 0.8993
979      979   (0)     11  : 0.1074 0.3249 0.0100 0.5576
980      980   (0)     11  : 0.1444 0.0116 0.0098 0.8342
981      981   (0)     11  : 0.0242 0.0070 0.0104 0.9584
982      982   (0)     11  : 0.2287 0.0680 0.0164 0.6869
983      983   (0)     11  : 0.0812 0.0248 0.0162 0.8779
984      984   (0)     11  : 0.3395 0.2454 0.0090 0.4061
985      985   (0)     11  : 0.1056 0.0120 0.0052 0.8772
986      986   (0)     11  : 0.2015 0.0870 0.0138 0.6977
987      987   (0)     11  : 0.0396 0.0124 0.0068 0.9412
988      988   (0)     11  : 0.4085 0.1680 0.0178 0.4057
989      989   (0)     11  : 0.1164 0.0144 0.0066 0.8626
990      990   (0)     11  : 0.1242 0.0388 0.0380 0.7990
991      991   (0)     11  : 0.0752 0.0272 0.0072 0.8904
992      992   (0)     11  : 0.0986 0.0232 0.0082 0.8700
993      993   (0)     11  : 0.0726 0.0056 0.0048 0.9170
994      994   (0)     11  : 0.0198 0.0038 0.0044 0.9720
995      995   (0)     11  : 0.1420 0.0538 0.0146 0.7897
996      996   (0)     11  : 0.0088 0.0086 0.0130 0.9696
997      997   (0)     11  : 0.0602 0.0106 0.1636 0.7657
998      998   (0)     11  : 0.0396 0.0048 0.0054 0.9502
999      999   (0)     11  : 0.2044 0.0610 0.0054 0.7292
1000     1000   (0)     11  : 0.2281 0.1631 0.0050 0.6038
1001     1001   (0)     11  : 0.2156 0.1167 0.0058 0.6619
1002     1002   (0)     11  : 0.0142 0.0078 0.0080 0.9700
1003     1003   (0)     11  : 0.1088 0.0116 0.0036 0.8760
1004     1004   (0)     11  : 0.0362 0.0188 0.0856 0.8594
1005     1005   (0)     11  : 0.1639 0.1224 0.0066 0.7071
1006     1006   (0)     11  : 0.1404 0.0164 0.0290 0.8142
1007     1007   (0)     11  : 0.2683 0.0894 0.0488 0.5936
1008     1008   (0)     11  : 0.1500 0.0294 0.0046 0.8160
1009     1009   (0)     12  : 0.1370 0.8390 0.0048 0.0192
1010     1010   (0)     12  : 0.1550 0.8016 0.0050 0.0384
1011     1011   (0)     12  : 0.1634 0.8218 0.0058 0.0090
1012     1012   (0)     12  : 0.0644 0.9128 0.0102 0.0126
1013     1013   (0)     12  : 0.1504 0.8426 0.0026 0.0044
1014     1014   (0)     12  : 0.1310 0.8548 0.0032 0.0110
1015     1015   (0)     12  : 0.2146 0.7470 0.0200 0.0184
1016     1016   (0)     12  : 0.1268 0.8664 0.0032 0.0036
1017     1017   (0)     12  : 0.0930 0.8342 0.0452 0.0276
1018     1018   (0)     12  : 0.1468 0.7932 0.0362 0.0238
1019     1019   (0)     12  : 0.1902 0.8010 0.0042 0.0046
1020     1020   (0)     12  : 0.1405 0.8483 0.0036 0.0076
1021     1021   (0)     12  : 0.0260 0.8684 0.0776 0.0280
1022     1022   (0)     12  : 0.1338 0.8302 0.0106 0.0254
1023     1023   (0)     12  : 0.2356 0.7556 0.0036 0.0052
1024     1024   (0)     12  : 0.1699 0.8233 0.0032 0.0036
1025     1025   (0)     12  : 0.1046 0.8826 0.0026 0.0102
1026     1026   (0)     12  : 0.0996 0.8854 0.0052 0.0098
1027     1027   (0)     12  : 0.2024 0.7874 0.0058 0.0044
1028     1028   (0)     12  : 0.0648 0.8790 0.0498 0.0064
1029     1029   (0)     12  : 0.1190 0.7286 0.1428 0.0096
1030     1030   (0)     12  : 0.1860 0.8032 0.0050 0.0058
1031     1031   (0)     12  : 0.1796 0.8020 0.0084 0.0100
1032     1032   (0)     12  : 0.1799 0.8081 0.0044 0.0076
1033     1033   (0)     12  : 0.1531 0.8253 0.0088 0.0128
1034     1034   (0)     12  : 0.1382 0.8156 0.0252 0.0210
1035     1035   (0)     12  : 0.1990 0.7878 0.0054 0.0078
1036     1036   (0)     12  : 0.0805 0.9039 0.0032 0.0124
1037     1037   (0)     12  : 0.1527 0.8319 0.0054 0.0100
1038     1038   (0)     12  : 0.1422 0.8412 0.0052 0.0114
1039     1039   (0)     12  : 0.0796 0.8912 0.0110 0.0182
1040     1040   (0)     12  : 0.1587 0.8227 0.0050 0.0136
1041     1041   (0)     12  : 0.1289 0.8607 0.0048 0.0056
1042     1042   (0)     12  : 0.1958 0.7964 0.0034 0.0044
1043     1043   (0)     12  : 0.0892 0.8262 0.0628 0.0218
1044     1044   (0)     12  : 0.0158 0.9596 0.0058 0.0188
1045     1045   (0)     12  : 0.1615 0.8203 0.0048 0.0134
1046     1046   (0)     12  : 0.1705 0.6197 0.0064 0.2035
1047     1047   (0)     12  : 0.2177 0.7147 0.0366 0.0310
1048     1048   (0)     12  : 0.1299 0.8633 0.0026 0.0042
1049     1049   (0)     12  : 0.0668 0.9142 0.0026 0.0164
1050     1050   (0)     12  : 0.2286 0.7512 0.0052 0.0150
1051     1051   (0)     12  : 0.1324 0.8103 0.0318 0.0256
1052     1052   (0)     12  : 0.1510 0.8321 0.0060 0.0110
1053     1053   (0)     12  : 0.2395 0.7483 0.0036 0.0086
1054     1054   (0)     12  : 0.1324 0.8570 0.0042 0.0064
1055     1055   (0)     12  : 0.1070 0.8796 0.0032 0.0102
1056     1056   (0)     12  : 0.0540 0.8919 0.0416 0.0124
1057     1057   (0)     12  : 0.1008 0.8910 0.0032 0.0050
1058     1058   (0)     12  : 0.1013 0.8459 0.0184 0.0344
1059     1059   (0)     12  : 0.2410 0.7410 0.0060 0.0120
1060     1060   (0)     12  : 0.1434 0.8502 0.0026 0.0038
1061     1061   (0)     12  : 0.1752 0.8108 0.0066 0.0074
1062     1062   (0)     12  : 0.2362 0.7470 0.0116 0.0052
1063     1063   (0)     12  : 0.1696 0.8168 0.0052 0.0084
1064     1064   (0)     12  : 0.1158 0.8768 0.0032 0.0042
1065     1065   (0)     12  : 0.0224 0.9660 0.0046 0.0070
1066     1066   (0)     12  : 0.1186 0.8652 0.0066 0.0096
1067     1067   (0)     12  : 0.1364 0.8548 0.0036 0.0052
1068     1068   (0)     12  : 0.1350 0.8530 0.0032 0.0088
1069     1069   (0)     12  : 0.0616 0.8898 0.0036 0.0450
1070     1070   (0)     12  : 0.1614 0.8310 0.0032 0.0044
1071     1071   (0)     12  : 0.1066 0.8838 0.0038 0.0058
1072     1072   (0)     12  : 0.1277 0.8643 0.0036 0.0044
1073     1073   (0)     12  : 0.0118 0.9526 0.0236 0.0120
1074     1074   (0)     12  : 0.0722 0.8928 0.0156 0.0194
1075     1075   (0)     12  : 0.0951 0.8973 0.0026 0.0050
1076     1076   (0)     12  : 0.1254 0.8582 0.0056 0.0108
1077     1077   (0)     12  : 0.0466 0.9364 0.0026 0.0144
1078     1078   (0)     12  : 0.1220 0.8674 0.0048 0.0058
1079     1079   (0)     12  : 0.1394 0.8520 0.0026 0.0060
1080     1080   (0)     12  : 0.2293 0.7279 0.0312 0.0116
1081     1081   (0)     12  : 0.1174 0.8702 0.0034 0.0090
1082     1082   (0)     12  : 0.1587 0.8319 0.0046 0.0048
1083     1083   (0)     12  : 0.1913 0.7957 0.0048 0.0082
1084     1084   (0)     12  : 0.2088 0.7352 0.0078 0.0482
1085     1085   (0)     12  : 0.1524 0.8313 0.0078 0.0084
1086     1086   (0)     12  : 0.1596 0.7299 0.0110 0.0994
1087     1087   (0)     12  : 0.0262 0.9640 0.0026 0.0072
1088     1088   (0)     12  : 0.1593 0.8161 0.0052 0.0194
1089     1089   (0)     12  : 0.1196 0.8682 0.0062 0.0060
1090     1090   (0)     12  : 0.2605 0.7207 0.0090 0.0098
1091     1091   (0)     12  : 0.1743 0.8193 0.0026 0.0038
1092     1092   (0)     12  : 0.1720 0.8164 0.0042 0.0074
1093     1093   (0)     12  : 0.0378 0.8590 0.0290 0.0742
1094     1094   (0)     12  : 0.2438 0.7436 0.0082 0.0044
1095     1095   (0)     12  : 0.1408 0.8408 0.0076 0.0108
1096     1096   (0)     12  : 0.0944 0.8904 0.0056 0.0096
1097     1097   (0)     12  : 0.1092 0.8684 0.0068 0.0156
1098     1098   (0)     12  : 0.1455 0.8453 0.0048 0.0044
1099     1099   (0)     12  : 0.0870 0.8640 0.0166 0.0324
1100     1100   (0)     12  : 0.0790 0.8812 0.0216 0.0182
1101     1101   (0)     12  : 0.1039 0.8747 0.0148 0.0066
1102     1102   (0)     12  : 0.1008 0.8876 0.0050 0.0066
1103     1103   (0)     12  : 0.1406 0.8516 0.0026 0.0052
1104     1104   (0)     12  : 0.1340 0.8570 0.0026 0.0064
1105     1105   (0)     12  : 0.1219 0.8613 0.0084 0.0084
1106     1106   (0)     12  : 0.1467 0.8386 0.0058 0.0090
1107     1107   (0)     12  : 0.1650 0.8114 0.0160 0.0076
1108     1108   (0)     12  : 0.1536 0.8246 0.0058 0.0160
1109     1109   (0)     13  : 0.0993 0.0238 0.8709 0.0060
1110     1110   (0)     13  : 0.0882 0.0070 0.8906 0.0142
1111     1111   (0)     13  : 0.1918 0.1110 0.6918 0.0054
1112     1112   (0)     13  : 0.0592 0.0038 0.9310 0.0060
1113     1113   (0)     13  : 0.2226 0.0856 0.6552 0.0366
1114     1114   (0)     13  : 0.0977 0.0162 0.8778 0.0082
1115     1115   (0)     13  : 0.0378 0.0044 0.9324 0.0254
1116     1116   (0)     13  : 0.1055 0.0200 0.8667 0.0078
1117     1117   (0)     13  : 0.0979 0.0214 0.8749 0.0058
1118     1118   (0)     13  : 0.0504 0.0048 0.9400 0.0048
1119     1119   (0)     13  : 0.1462 0.0142 0.7940 0.0456
1120     1120   (0)     13  : 0.1464 0.0164 0.8194 0.0178
1121     1121   (0)     13  : 0.1173 0.0628 0.8125 0.0074
1122     1122   (0)     13  : 0.1874 0.1373 0.6559 0.0194
1123     1123   (0)     13  : 0.1058 0.0532 0.8184 0.0226
1124     1124   (0)     13  : 0.0670 0.0128 0.9138 0.0064
1125     1125   (0)     13  : 0.1016 0.0606 0.7857 0.0520
1126     1126   (0)     13  : 0.0558 0.0034 0.9312 0.0096
1127     1127   (0)     13  : 0.0635 0.0068 0.9225 0.0072
1128     1128   (0)     13  : 0.1056 0.0310 0.8526 0.0108
1129     1129   (0)     13  : 0.2071 0.0790 0.7027 0.0112
1130     1130   (0)     13  : 0.2129 0.0450 0.7131 0.0290
1131     1131   (0)     13  : 0.1367 0.0250 0.8131 0.0252
1132     1132   (0)     13  : 0.0980 0.0110 0.8848 0.0062
1133     1133   (0)     13  : 0.0722 0.0162 0.8993 0.0124
1134     1134   (0)     13  : 0.1368 0.0526 0.8066 0.0040
1135     1135   (0)     13  : 0.2662 0.1028 0.6207 0.0104
1136     1136   (0)     13  : 0.1584 0.0100 0.7412 0.0904
1137     1137   (0)     13  : 0.0502 0.0056 0.9392 0.0050
1138     1138   (0)     13  : 0.2040 0.0360 0.7490 0.0110
1139     1139   (0)     13  : 0.1274 0.0218 0.8476 0.0032
1140     1140   (0)     13  : 0.2264 0.1099 0.6345 0.0292
1141     1141   (0)     13  : 0.1630 0.0412 0.7792 0.0166
1142     1142   (0)     13  : 0.1806 0.0202 0.7540 0.0452
1143     1143   (0)     13  : 0.1602 0.0398 0.7794 0.0206
1144     1144   (0)     13  : 0.1452 0.0320 0.8088 0.0140
1145     1145   (0)     13  : 0.1735 0.0668 0.7430 0.0166
1146     1146   (0)     13  : 0.0158 0.0136 0.9594 0.0112
1147     1147   (0)     13  : 0.0284 0.0042 0.9528 0.0146
1148     1148   (0)     13  : 0.1507 0.0128 0.8281 0.0084
1149     1149   (0)     13  : 0.1540 0.0076 0.8258 0.0126
1150     1150   (0)     13  : 0.1239 0.0632 0.8089 0.0040
1151     1151   (0)     13  : 0.1638 0.0334 0.7906 0.0122
1152     1152   (0)     13  : 0.1428 0.0148 0.8178 0.0246
1153     1153   (0)     13  : 0.0637 0.0170 0.9119 0.0074
1154     1154   (0)     13  : 0.2027 0.0174 0.5935 0.1864
1155     1155   (0)     13  : 0.1135 0.0084 0.8733 0.0048
1156     1156   (0)     13  : 0.0290 0.0062 0.9612 0.0036
1157     1157   (0)     13  : 0.1420 0.0266 0.8150 0.0164
1158     1158   (0)     13  : 0.1228 0.0224 0.8466 0.0082
1159     1159   (0)     13  : 0.0896 0.0286 0.8572 0.0246
1160     1160   (0)     13  : 0.1172 0.0102 0.8658 0.0068
1161     1161   (0)     13  : 0.2066 0.0838 0.7030 0.0066
1162     1162   (0)     13  : 0.0180 0.0060 0.9682 0.0078
1163     1163   (0)     13  : 0.0684 0.0074 0.9158 0.0084
1164     1164   (0)     13  : 0.1453 0.0372 0.8117 0.0058
1165     1165   (0)     13  : 0.0826 0.0504 0.8596 0.0074
1166     1166   (0)     13  : 0.1794 0.0832 0.7274 0.0100
1167     1167   (0)     13  : 0.0424 0.0074 0.9448 0.0054
1168     1168   (0)     13  : 0.0186 0.0188 0.9462 0.0164
1169     1169   (0)     13  : 0.2486 0.1562 0.5882 0.0070
1170     1170   (0)     13  : 0.1343 0.0308 0.8299 0.0050
1171     1171   (0)     13  : 0.1738 0.0830 0.7390 0.0042
1172     1172   (0)     13  : 0.0821 0.0112 0.9005 0.0062
1173     1173   (0)     13  : 0.2031 0.0358 0.7537 0.0074
1174     1174   (0)     13  : 0.1706 0.0118 0.8116 0.0060
1175     1175   (0)     13  : 0.1956 0.1083 0.6857 0.0104
1176     1176   (0)     13  : 0.1024 0.0132 0.8768 0.0076
1177     1177   (0)     13  : 0.1974 0.0568 0.7308 0.0150
1178     1178   (0)     13  : 0.1686 0.0838 0.7410 0.0066
1179     1179   (0)     13  : 0.0414 0.0128 0.9296 0.0162
1180     1180   (0)     13  : 0.1989 0.0736 0.6539 0.0736
1181     1181   (0)     13  : 0.1703 0.0302 0.7481 0.0514
1182     1182   (0)     13  : 0.0676 0.0062 0.9140 0.0122
1183     1183   (0)     13  : 0.0584 0.0058 0.9312 0.0046
1184     1184   (0)     13  : 0.2668 0.1241 0.5959 0.0132
1185     1185   (0)     13  : 0.0964 0.0260 0.8550 0.0226
1186     1186   (0)     13  : 0.0968 0.1442 0.7470 0.0120
1187     1187   (0)     13  : 0.1754 0.0618 0.7588 0.0040
1188     1188   (0)     13  : 0.1164 0.0064 0.8736 0.0036
1189     1189   (0)     13  : 0.0578 0.0034 0.9344 0.0044
1190     1190   (0)     13  : 0.1075 0.0050 0.8819 0.0056
1191     1191   (0)     13  : 0.1502 0.0100 0.8234 0.0164
1192     1192   (0)     13  : 0.1987 0.0696 0.7233 0.0084
1193     1193   (0)     13  : 0.1415 0.0256 0.8199 0.0130
1194     1194   (0)     13  : 0.0852 0.0042 0.9070 0.0036
1195     1195   (0)     13  : 0.1644 0.0226 0.8054 0.0076
1196     1196   (0)     13  : 0.0382 0.0352 0.8997 0.0270
1197     1197   (0)     13  : 0.0836 0.0050 0.6938 0.2177
1198     1198   (0)     13  : 0.1340 0.0992 0.7568 0.0100
1199     1199   (0)     13  : 0.0174 0.0114 0.9612 0.0100
1200     1200   (0)     13  : 0.1792 0.0552 0.7424 0.0232
1201     1201   (0)     13  : 0.0618 0.0164 0.9114 0.0104
1202     1202   (0)     13  : 0.0390 0.0098 0.9224 0.0288
1203     1203   (0)     13  : 0.0906 0.0058 0.7464 0.1572
1204     1204   (0)     13  : 0.1930 0.0874 0.7128 0.0068
1205     1205   (0)     13  : 0.1713 0.0188 0.7791 0.0308
1206     1206   (0)     13  : 0.1486 0.0458 0.7980 0.0076
1207     1207   (0)     13  : 0.0086 0.0048 0.9790 0.0076
1208     1208   (0)     13  : 0.2160 0.0374 0.7114 0.0352
1209     1209   (0)     14  : 0.2836 0.0564 0.0064 0.6536
1210     1210   (0)     14  : 0.2697 0.0944 0.0036 0.6323
1211     1211   (0)     14  : 0.2523 0.0770 0.0360 0.6347
1212     1212   (0)     14  : 0.3060 0.0272 0.0304 0.6365
1213     1213   (0)     14  : 0.2070 0.0038 0.0114 0.7778
1214     1214   (0)     14  : 0.2706 0.0132 0.0228 0.6934
1215     1215   (0)     14  : 0.2420 0.0132 0.0112 0.7336
1216     1216   (0)     14  : 0.2687 0.0174 0.0182 0.6957
1217     1217   (0)     14  : 0.2240 0.0190 0.0068 0.7502
1218     1218   (0)     14  : 0.2699 0.0458 0.0140 0.6704
1219     1219   (0)     14  : 0.2632 0.0088 0.0344 0.6936
1220     1220   (0)     14  : 0.3288 0.0696 0.0114 0.5902
1221     1221   (0)     14  : 0.2334 0.0060 0.0062 0.7544
1222     1222   (0)     14  : 0.2188 0.0056 0.0644 0.7112
1223     1223   (0)     14  : 0.3497 0.0202 0.0610 0.5691
1224     1224   (0)     14  : 0.4513 0.1555 0.0142 0.3790
1225     1225   (0)     14  : 0.3526 0.1289 0.0072 0.5113
1226     1226   (0)     14  : 0.2712 0.0106 0.0284 0.6897
1227     1227   (0)     14  : 0.4078 0.0552 0.0320 0.5050
1228     1228   (0)     14  : 0.2232 0.0194 0.0172 0.7402
1229     1229   (0)     14  : 0.2546 0.0284 0.0126 0.7044
1230     1230   (0)     14  : 0.2944 0.0248 0.0192 0.6616
1231     1231   (0)     14  : 0.2742 0.0544 0.0842 0.5872
1232     1232   (0)     14  : 0.2548 0.0364 0.0050 0.7038
1233     1233   (0)     14  : 0.3686 0.0230 0.0050 0.6034
1234     1234   (0)     14  : 0.2472 0.0080 0.0402 0.7046
1235     1235   (0)     14  : 0.2486 0.0136 0.0042 0.7336
1236     1236   (0)     14  : 0.2052 0.0084 0.0152 0.7712
1237     1237   (0)     14  : 0.3395 0.1410 0.0216 0.4978
1238     1238   (0)     14  : 0.3329 0.1026 0.0086 0.5559
1239     1239   (0)     14  : 0.3215 0.1109 0.0148 0.5528
1240     1240   (0)     14  : 0.3534 0.0174 0.0100 0.6192
1241     1241   (0)     14  : 0.2397 0.0694 0.0050 0.6859
1242     1242   (0)     14  : 0.3263 0.0716 0.0050 0.5970
1243     1243   (0)     14  : 0.2160 0.0066 0.0106 0.7668
1244     1244   (0)     14  : 0.1760 0.0078 0.2283 0.5879
1245     1245   (0)     14  : 0.2834 0.0168 0.0152 0.6846
1246     1246   (0)     14  : 0.3064 0.0246 0.0050 0.6640
1247     1247   (0)     14  : 0.2198 0.0070 0.0088 0.7644
1248     1248   (0)     14  : 0.1796 0.0240 0.0036 0.7928
1249     1249   (0)     14  : 0.1954 0.0176 0.0120 0.7750
1250     1250   (0)     14  : 0.1856 0.0844 0.0150 0.7150
1251     1251   (0)     14  : 0.3541 0.0764 0.0206 0.5489
1252     1252   (0)     14  : 0.1820 0.0226 0.0052 0.7902
1253     1253   (0)     14  : 0.1992 0.0270 0.0238 0.7500
1254     1254   (0)     14  : 0.2398 0.0966 0.0122 0.6515
1255     1255   (0)     14  : 0.3759 0.0642 0.1112 0.4486
1256     1256   (0)     14  : 0.3146 0.0560 0.0066 0.6228
1257     1257   (0)     14  : 0.2712 0.0126 0.0100 0.7062
1258     1258   (0)     14  : 0.2208 0.0294 0.0132 0.7366
1259     1259   (0)     14  : 0.2336 0.0322 0.0312 0.7030
1260     1260   (0)     14  : 0.3455 0.0294 0.0140 0.6111
1261     1261   (0)     14  : 0.2136 0.0102 0.0060 0.7702
1262     1262   (0)     14  : 0.2160 0.0166 0.0062 0.7612
1263     1263   (0)     14  : 0.2381 0.0110 0.1228 0.6281
1264     1264   (0)     14  : 0.3935 0.0214 0.0704 0.5147
1265     1265   (0)     14  : 0.2196 0.0156 0.0098 0.7550
1266     1266   (0)     14  : 0.2114 0.0126 0.0154 0.7606
1267     1267   (0)     14  : 0.2483 0.0144 0.1311 0.6063
1268     1268   (0)     14  : 0.3585 0.0648 0.0160 0.5607
1269     1269   (0)     14  : 0.1610 0.0342 0.0098 0.7950
1270     1270   (0)     14  : 0.2372 0.0174 0.1940 0.5515
1271     1271   (0)     14  : 0.3262 0.0106 0.0152 0.6480
1272     1272   (0)     14  : 0.4382 0.1566 0.0058 0.3994
1273     1273   (0)     14  : 0.2975 0.0162 0.0064 0.6799
1274     1274   (0)     14  : 0.3437 0.0070 0.0136 0.6357
1275     1275   (0)     14  : 0.3027 0.0274 0.1850 0.4849
1276     1276   (0)     14  : 0.2028 0.0240 0.2226 0.5507
1277     1277   (0)     14  : 0.2806 0.0114 0.0058 0.7022
1278     1278   (0)     14  : 0.3689 0.0450 0.0204 0.5657
1279     1279   (0)     14  : 0.2672 0.0134 0.3062 0.4132
1280     1280   (0)     14  : 0.2586 0.0342 0.0300 0.6772
1281     1281   (0)     14  : 0.3179 0.1110 0.0106 0.5605
1282     1282   (0)     14  : 0.3089 0.0310 0.0536 0.6065
1283     1283   (0)     14  : 0.3381 0.0422 0.0058 0.6138
1284     1284   (0)     14  : 0.2040 0.0102 0.0276 0.7582
1285     1285   (0)     14  : 0.1962 0.0344 0.0188 0.7506
1286     1286   (0)     14  : 0.3508 0.0590 0.0362 0.5540
1287     1287   (0)     14  : 0.2370 0.0056 0.0168 0.7406
1288     1288   (0)     14  : 0.2262 0.0184 0.0292 0.7262
1289     1289   (0)     14  : 0.3990 0.1353 0.0072 0.4585
1290     1290   (0)     14  : 0.2020 0.0066 0.0088 0.7826
1291     1291   (0)     14  : 0.2693 0.0116 0.0262 0.6929
1292     1292   (0)     14  : 0.2020 0.0030 0.1074 0.6876
1293     1293   (0)     14  : 0.2871 0.1174 0.0088 0.5867
1294     1294   (0)     14  : 0.3608 0.0308 0.0154 0.5930
1295     1295   (0)     14  : 0.2786 0.0060 0.0352 0.6802
1296     1296   (0)     14  : 0.3497 0.1106 0.0090 0.5307
1297     1297   (0)     14  : 0.3128 0.0624 0.0062 0.6185
1298     1298   (0)     14  : 0.2140 0.0082 0.0224 0.7554
1299     1299   (0)     14  : 0.2068 0.0146 0.0088 0.7698
1300     1300   (0)     14  : 0.2923 0.0658 0.0138 0.6281
1301     1301   (0)     14  : 0.2400 0.0230 0.0082 0.7288
1302     1302   (0)     14  : 0.2898 0.0440 0.0110 0.6552
1303     1303   (0)     14  : 0.2096 0.0042 0.0090 0.7772
1304     1304   (0)     14  : 0.3634 0.0166 0.0208 0.5992
1305     1305   (0)     14  : 0.3534 0.1259 0.0220 0.4987
1306     1306   (0)     14  : 0.2304 0.0074 0.0102 0.7520
1307     1307   (0)     14  : 0.2648 0.0064 0.0052 0.7236
1308     1308   (0)     14  : 0.2862 0.0216 0.0078 0.6844
1309     1309  (10)     15  : 0.2022 0.0056 0.0096 0.7826
1310     1310   (5)     15  : 0.2002 0.0308 0.0216 0.7474
1311     1311   (5)     15  : 0.3734 0.0546 0.0452 0.5268
1312     1312   (5)     15  : 0.2008 0.0042 0.0046 0.7904
1313     1313  (10)     15  : 0.2818 0.0226 0.0256 0.6700
1314     1314   (5)     15  : 0.3867 0.1151 0.0588 0.4394
1315     1315  (10)     15  : 0.2442 0.0060 0.0188 0.7311
1316     1316   (0)     15  : 0.1894 0.0782 0.0036 0.7288
1317     1317   (0)     15  : 0.2112 0.0048 0.0116 0.7724
1318     1318   (0)     15  : 0.2016 0.0124 0.0036 0.7824
1319     1319   (0)     15  : 0.2028 0.0210 0.0068 0.7694
1320     1320   (0)     15  : 0.2104 0.0078 0.0310 0.7508
1321     1321   (0)     15  : 0.2152 0.0088 0.0032 0.7728
1322     1322   (0)     15  : 0.3104 0.0118 0.0054 0.6724
1323     1323   (0)     15  : 0.2184 0.0054 0.0442 0.7320
1324     1324   (0)     15  : 0.2440 0.0068 0.0154 0.7338
1325     1325   (0)     15  : 0.2970 0.0072 0.0098 0.6860
1326     1326   (0)     15  : 0.4067 0.0492 0.0272 0.5169
1327     1327   (0)     15  : 0.2022 0.0118 0.0032 0.7828
1328     1328   (5)     15  : 0.2092 0.1280 0.0026 0.6602
1329     1329   (0)     15  : 0.2562 0.0118 0.0418 0.6902
1330     1330   (0)     15  : 0.2746 0.0156 0.0548 0.6549
1331     1331   (5)     15  : 0.2374 0.0340 0.0152 0.7134
1332     1332   (5)     15  : 0.2148 0.0222 0.0036 0.7594
1333     1333   (0)     15  : 0.2056 0.1136 0.0278 0.6531
1334     1334   (0)     15  : 0.2690 0.0180 0.0036 0.7094
1335     1335   (0)     15  : 0.1904 0.0066 0.0626 0.7404
1336     1336   (0)     15  : 0.2018 0.0096 0.0062 0.7824
1337     1337   (0)     15  : 0.2014 0.0120 0.0060 0.7806
1338     1338   (0)     15  : 0.2012 0.0086 0.0056 0.7846
1339     1339   (0)     15  : 0.2012 0.0906 0.0028 0.7054
1340     1340   (0)     15  : 0.2080 0.0060 0.0108 0.7752
1341     1341   (0)     15  : 0.2154 0.0414 0.0136 0.7296
1342     1342   (0)     15  : 0.2057 0.0168 0.0186 0.7589
1343     1343   (0)     15  : 0.2248 0.0138 0.0066 0.7548
1344     1344   (0)     15  : 0.2128 0.0072 0.0078 0.7722
1345     1345   (0)     15  : 0.1648 0.0296 0.0296 0.7760
1346     1346   (0)     15  : 0.2020 0.0090 0.0072 0.7818
1347     1347   (0)     15  : 0.2206 0.0264 0.0090 0.7440
1348     1348   (0)     15  : 0.1786 0.0050 0.0050 0.8114
1349     1349   (0)     15  : 0.1976 0.0036 0.0444 0.7544
1350     1350   (0)     15  : 0.2020 0.0046 0.0176 0.7758
1351     1351   (0)     16  : 0.2008 0.0032 0.0044 0.7916
1352     1352   (0)     16  : 0.2068 0.0488 0.0070 0.7375
1353     1353   (0)     16  : 0.2190 0.0102 0.0040 0.7668
1354     1354   (0)     16  : 0.2028 0.0066 0.0084 0.7822
1355     1355   (0)     16  : 0.2442 0.0178 0.0038 0.7342
1356     1356   (0)     16  : 0.2036 0.0212 0.0042 0.7710
1357     1357   (0)     16  : 0.2294 0.0242 0.0052 0.7412
1358     1358   (0)     16  : 0.2266 0.1422 0.0046 0.6266
1359     1359   (0)     16  : 0.2644 0.0252 0.0082 0.7021
1360     1360   (0)     16  : 0.2498 0.2211 0.0080 0.5211
1361     1361   (0)     16  : 0.2048 0.0294 0.0104 0.7554
1362     1362   (0)     16  : 0.2004 0.0126 0.0134 0.7736
1363     1363   (0)     16  : 0.2030 0.0072 0.0084 0.7814
1364     1364   (0)     16  : 0.2310 0.0084 0.0052 0.7554
1365     1365   (0)     16  : 0.1530 0.0124 0.0618 0.7728
1366     1366   (0)     16  : 0.2666 0.0264 0.0140 0.6930
1367     1367   (0)     16  : 0.3410 0.0148 0.0054 0.6388
1368     1368   (0)     16  : 0.2112 0.0100 0.0072 0.7716
1369     1369   (0)     16  : 0.2116 0.0052 0.0060 0.7772
1370     1370   (0)     16  : 0.2104 0.0248 0.0166 0.7482
1371     1371   (0)     16  : 0.2849 0.0422 0.0020 0.6709
1372     1372   (0)     16  : 0.2186 0.0060 0.0476 0.7278
1373     1373   (0)     16  : 0.1882 0.0112 0.0048 0.7958
1374     1374   (0)     16  : 0.3214 0.0242 0.0038 0.6506
1375     1375   (0)     16  : 0.2024 0.0368 0.0026 0.7582
1376     1376   (0)     16  : 0.3059 0.0120 0.0044 0.6777
1377     1377   (0)     16  : 0.2000 0.0066 0.0116 0.7818
1378     1378   (0)     16  : 0.2875 0.0656 0.0108 0.6360
1379     1379   (0)     16  : 0.2010 0.0194 0.0058 0.7738
1380     1380   (0)     16  : 0.2010 0.0136 0.0530 0.7324
1381     1381   (0)     16  : 0.2556 0.0144 0.0036 0.7264
1382     1382   (0)     16  : 0.2030 0.0082 0.0094 0.7794
1383     1383   (0)     16  : 0.2082 0.1318 0.0028 0.6572
1384     1384   (0)     16  : 0.2106 0.0078 0.0052 0.7764
1385     1385   (0)     16  : 0.2066 0.0106 0.0050 0.7778
1386     1386   (0)     16  : 0.2650 0.1122 0.0094 0.6135
1387     1387   (0)     16  : 0.2076 0.1054 0.0094 0.6776
1388     1388   (0)     16  : 0.1824 0.0090 0.0046 0.8040
1389     1389   (0)     16  : 0.1962 0.0894 0.0058 0.7086
1390     1390   (0)     16  : 0.2688 0.0176 0.0056 0.7080
1391     1391   (0)     16  : 0.2158 0.0800 0.0060 0.6982
1392     1392   (0)     16  : 0.2040 0.0460 0.0044 0.7456
1393     1393   (0)     16  : 0.3122 0.0170 0.0064 0.6644
1394     1394   (0)     16  : 0.2020 0.0937 0.0124 0.6919
1395     1395   (0)     16  : 0.2046 0.0108 0.0070 0.7776
1396     1396   (0)     16  : 0.3359 0.0718 0.0050 0.5873
1397     1397   (0)     16  : 0.2208 0.0054 0.0054 0.7684
1398     1398   (0)     16  : 0.2108 0.0228 0.0076 0.7588
1399     1399   (0)     16  : 0.3085 0.0118 0.0044 0.6753
1400     1400   (0)     16  : 0.1561 0.0240 0.0034 0.8165
1401     1401   (0)     16  : 0.2018 0.0152 0.0142 0.7688
1402     1402   (0)     16  : 0.2030 0.0596 0.0048 0.7326
1403     1403   (0)     16  : 0.2066 0.0074 0.0142 0.7718
1404     1404   (0)     16  : 0.2008 0.0072 0.0078 0.7842
1405     1405   (0)     16  : 0.2014 0.0088 0.0058 0.7840
1406     1406   (0)     16  : 0.2038 0.0146 0.0066 0.7750
1407     1407   (0)     16  : 0.2088 0.0290 0.0036 0.7586
1408     1408   (0)     16  : 0.2072 0.0066 0.0042 0.7820
1409     1409   (0)     16  : 0.2922 0.0158 0.0060 0.6860
1410     1410   (0)     16  : 0.2240 0.0174 0.0052 0.7534
1411     1411   (0)     16  : 0.2128 0.0144 0.0150 0.7578
1412     1412   (0)     16  : 0.2018 0.0824 0.0052 0.7106
1413     1413   (0)     16  : 0.2260 0.0458 0.0074 0.7208
1414     1414   (0)     16  : 0.2058 0.0192 0.0090 0.7660
1415     1415   (0)     16  : 0.2456 0.0100 0.0150 0.7294
1416     1416   (0)     16  : 0.2126 0.0218 0.0032 0.7624
1417     1417   (0)     16  : 0.2104 0.0078 0.0050 0.7768
1418     1418   (0)     16  : 0.1976 0.0118 0.0098 0.7808
1419     1419   (0)     16  : 0.2164 0.0172 0.0072 0.7592
1420     1420   (0)     16  : 0.2012 0.0236 0.0026 0.7726
1421     1421   (0)     16  : 0.2976 0.0754 0.0058 0.6212
1422     1422   (0)     16  : 0.2474 0.0076 0.0044 0.7406
1423     1423   (0)     16  : 0.2800 0.0794 0.0056 0.6350
1424     1424   (0)     16  : 0.2256 0.0104 0.0060 0.7580
1425     1425   (0)     16  : 0.1994 0.0172 0.0316 0.7518
1426     1426   (0)     16  : 0.2607 0.0714 0.0064 0.6616
1427     1427   (0)     16  : 0.1978 0.0050 0.0082 0.7890
1428     1428   (0)     16  : 0.2114 0.0194 0.0042 0.7650
1429     1429   (0)     16  : 0.2324 0.0480 0.0038 0.7158
1430     1430   (0)     16  : 0.2022 0.0222 0.0820 0.6936
1431     1431   (0)     16  : 0.2128 0.0140 0.0086 0.7646
1432     1432   (0)     16  : 0.3199 0.1667 0.0036 0.5098
1433     1433   (0)     16  : 0.2284 0.0392 0.0034 0.7290
1434     1434   (0)     16  : 0.2669 0.0166 0.0036 0.7129
1435     1435   (0)     16  : 0.2268 0.0264 0.0126 0.7342
1436     1436   (0)     16  : 0.2028 0.0132 0.0136 0.7704
1437     1437   (0)     16  : 0.2234 0.0206 0.0036 0.7524
1438     1438   (0)     16  : 0.2112 0.0070 0.0044 0.7774
1439     1439   (0)     16  : 0.2006 0.0178 0.0084 0.7732
1440     1440   (0)     16  : 0.2294 0.0302 0.0112 0.7292
1441     1441   (0)     16  : 0.2150 0.0132 0.0046 0.7672
1442     1442   (0)     16  : 0.2124 0.1934 0.0260 0.5682
1443     1443   (0)     16  : 0.2046 0.0172 0.0140 0.7642
1444     1444   (0)     16  : 0.1774 0.1582 0.0392 0.6252
1445     1445   (0)     16  : 0.2010 0.0276 0.0026 0.7688
1446     1446   (0)     16  : 0.2124 0.1306 0.0182 0.6388
1447     1447   (0)     16  : 0.2034 0.0142 0.0040 0.7784
1448     1448   (0)     16  : 0.3033 0.2495 0.0086 0.4386
1449     1449   (0)     16  : 0.1938 0.0128 0.0122 0.7812
1450     1450   (0)     16  : 0.3072 0.0202 0.0046 0.6680
1451     1451   (0)     17  : 0.0342 0.0076 0.0208 0.9374
1452     1452   (0)     17  : 0.0114 0.0218 0.0060 0.9608
1453     1453   (0)     17  : 0.0166 0.0032 0.0268 0.9534
1454     1454   (0)     17  : 0.0070 0.0042 0.0062 0.9826
1455     1455   (0)     17  : 0.1316 0.0070 0.0056 0.8558
1456     1456   (0)     17  : 0.0144 0.0106 0.0214 0.9536
1457     1457   (0)     17  : 0.0318 0.0192 0.0052 0.9438
1458     1458   (0)     17  : 0.2048 0.0628 0.0046 0.7278
1459     1459   (0)     17  : 0.0606 0.0062 0.0106 0.9226
1460     1460   (0)     17  : 0.0170 0.0386 0.0092 0.9352
1461     1461   (0)     17  : 0.0182 0.0062 0.0104 0.9652
1462     1462   (0)     17  : 0.0118 0.0066 0.0382 0.9434
1463     1463   (0)     17  : 0.0108 0.0060 0.0072 0.9760
1464     1464   (0)     17  : 0.0144 0.0080 0.0112 0.9664
1465     1465   (0)     17  : 0.0140 0.0062 0.0184 0.9614
1466     1466   (0)     17  : 0.1052 0.0152 0.0056 0.8740
1467     1467   (0)     17  : 0.0288 0.0076 0.0050 0.9586
1468     1468   (0)     17  : 0.0238 0.0074 0.0068 0.9620
1469     1469   (0)     17  : 0.0574 0.0464 0.0100 0.8863
1470     1470   (0)     17  : 0.1218 0.0120 0.0046 0.8616
1471     1471   (0)     17  : 0.0440 0.0250 0.3640 0.5670
1472     1472   (0)     17  : 0.1727 0.0150 0.0318 0.7806
1473     1473   (0)     17  : 0.0334 0.0064 0.0050 0.9552
1474     1474   (0)     17  : 0.0138 0.0130 0.0270 0.9462
1475     1475   (0)     17  : 0.0942 0.0118 0.0110 0.8830
1476     1476   (0)     17  : 0.0152 0.0128 0.1285 0.8435
1477     1477   (0)     17  : 0.0074 0.0062 0.0100 0.9764
1478     1478   (0)     17  : 0.0240 0.0050 0.0094 0.9616
1479     1479   (0)     17  : 0.0454 0.0442 0.0064 0.9040
1480     1480   (0)     17  : 0.0082 0.0054 0.0082 0.9782
1481     1481   (0)     17  : 0.0740 0.0604 0.0084 0.8572
1482     1482   (0)     17  : 0.0600 0.0140 0.0052 0.9208
1483     1483   (0)     17  : 0.0506 0.0058 0.0066 0.9370
1484     1484   (0)     17  : 0.1244 0.0288 0.0044 0.8424
1485     1485   (0)     17  : 0.0234 0.0084 0.0706 0.8976
1486     1486   (0)     17  : 0.0092 0.0054 0.0100 0.9754
1487     1487   (0)     17  : 0.1173 0.0208 0.0046 0.8573
1488     1488   (0)     17  : 0.0140 0.0050 0.0036 0.9774
1489     1489   (0)     17  : 0.0532 0.0062 0.0290 0.9116
1490     1490   (0)     17  : 0.0136 0.0144 0.0104 0.9616
1491     1491   (0)     17  : 0.0156 0.0070 0.0164 0.9610
1492     1492   (0)     17  : 0.0356 0.0064 0.0152 0.9428
1493     1493   (0)     17  : 0.0258 0.0070 0.0096 0.9576
1494     1494   (0)     17  : 0.0352 0.0038 0.0052 0.9558
1495     1495   (0)     17  : 0.0202 0.0038 0.0124 0.9636
1496     1496   (0)     17  : 0.0300 0.0436 0.0056 0.9208
1497     1497   (0)     17  : 0.0110 0.0154 0.0070 0.9666
1498     1498   (0)     17  : 0.0156 0.0040 0.0070 0.9734
1499     1499   (0)     17  : 0.0142 0.0064 0.0066 0.9728
1500     1500   (0)     17  : 0.0108 0.0038 0.1004 0.8850
1501     1501   (0)     17  : 0.0386 0.0076 0.0086 0.9452
1502     1502   (0)     17  : 0.0178 0.0042 0.0284 0.9496
1503     1503   (0)     17  : 0.0644 0.0086 0.0068 0.9202
1504     1504   (0)     17  : 0.0326 0.0080 0.0224 0.9370
1505     1505   (0)     17  : 0.0610 0.0252 0.0046 0.9092
1506     1506   (0)     17  : 0.0520 0.0042 0.0262 0.9176
1507     1507   (0)     17  : 0.0522 0.0136 0.0236 0.9106
1508     1508   (0)     17  : 0.0740 0.0954 0.0078 0.8228
1509     1509   (0)     17  : 0.1390 0.0206 0.0100 0.8304
1510     1510   (0)     17  : 0.0122 0.0084 0.0036 0.9758
1511     1511   (0)     17  : 0.2043 0.0344 0.0052 0.7561
1512     1512   (0)     17  : 0.2170 0.0616 0.0362 0.6853
1513     1513   (0)     17  : 0.0088 0.0080 0.0092 0.9740
1514     1514   (0)     17  : 0.0144 0.0030 0.0028 0.9798
1515     1515   (0)     17  : 0.0098 0.0350 0.1165 0.8387
1516     1516   (0)     17  : 0.0152 0.0094 0.0054 0.9700
1517     1517   (0)     17  : 0.0518 0.0084 0.0382 0.9016
1518     1518   (0)     17  : 0.0224 0.0070 0.0164 0.9542
1519     1519   (0)     17  : 0.0106 0.0082 0.0370 0.9442
1520     1520   (0)     17  : 0.0190 0.0178 0.0616 0.9016
1521     1521   (0)     17  : 0.0454 0.0150 0.0092 0.9304
1522     1522   (0)     17  : 0.0196 0.0044 0.0048 0.9712
1523     1523   (0)     17  : 0.0092 0.0060 0.0052 0.9796
1524     1524   (0)     17  : 0.0096 0.0086 0.0244 0.9574
1525     1525   (0)     17  : 0.0962 0.0218 0.1112 0.7709
1526     1526   (0)     17  : 0.0262 0.0088 0.0636 0.9014
1527     1527   (0)     17  : 0.0500 0.0066 0.0120 0.9314
1528     1528   (0)     17  : 0.1160 0.0174 0.0298 0.8368
1529     1529   (0)     17  : 0.1800 0.0808 0.0088 0.7304
1530     1530   (0)     17  : 0.0292 0.0082 0.0138 0.9488
1531     1531   (0)     17  : 0.0582 0.0062 0.0122 0.9234
1532     1532   (0)     17  : 0.0258 0.0118 0.0118 0.9506
1533     1533   (0)     17  : 0.0106 0.0062 0.0064 0.9768
1534     1534   (0)     17  : 0.0176 0.0054 0.0202 0.9568
1535     1535   (0)     17  : 0.0474 0.0376 0.0122 0.9029
1536     1536   (0)     17  : 0.2044 0.0338 0.0198 0.7420
1537     1537   (0)     17  : 0.0566 0.0408 0.0080 0.8946
1538     1538   (0)     17  : 0.0126 0.0070 0.0078 0.9726
1539     1539   (0)     17  : 0.0148 0.0048 0.0100 0.9704
1540     1540   (0)     17  : 0.2121 0.0290 0.0150 0.7439
1541     1541   (0)     17  : 0.0082 0.0050 0.0076 0.9792
1542     1542   (0)     17  : 0.0058 0.0050 0.0036 0.9856
1543     1543   (0)     17  : 0.0578 0.0220 0.0282 0.8920
1544     1544   (0)     17  : 0.0496 0.0066 0.0102 0.9336
1545     1545   (0)     17  : 0.0974 0.0178 0.0132 0.8716
1546     1546   (0)     17  : 0.1979 0.0212 0.0068 0.7741
1547     1547   (0)     17  : 0.1598 0.0372 0.0090 0.7940
1548     1548   (0)     17  : 0.0150 0.0100 0.0036 0.9714
1549     1549   (0)     17  : 0.0152 0.0044 0.0110 0.9694
1550     1550   (0)     17  : 0.1134 0.0670 0.1142 0.7053
1551     1551   (0)     18  : 0.0088 0.9830 0.0020 0.0062
1552     1552   (0)     18  : 0.0452 0.9456 0.0026 0.0066
1553     1553   (0)     18  : 0.1039 0.8891 0.0034 0.0036
1554     1554   (0)     18  : 0.1742 0.8108 0.0074 0.0076
1555     1555   (0)     18  : 0.0278 0.8520 0.0056 0.1146
1556     1556   (0)     18  : 0.1589 0.8311 0.0058 0.0042
1557     1557   (0)     18  : 0.0856 0.9010 0.0060 0.0074
1558     1558   (0)     18  : 0.1446 0.8370 0.0048 0.0136
1559     1559   (0)     18  : 0.1346 0.8536 0.0036 0.0082
1560     1560   (0)     18  : 0.0901 0.9037 0.0026 0.0036
1561     1561   (0)     18  : 0.0136 0.9516 0.0224 0.0124
1562     1562   (0)     18  : 0.0050 0.9858 0.0054 0.0038
1563     1563   (0)     18  : 0.0346 0.9556 0.0050 0.0048
1564     1564   (0)     18  : 0.0264 0.9250 0.0022 0.0464
1565     1565   (0)     18  : 0.0042 0.9882 0.0028 0.0048
1566     1566   (0)     18  : 0.0852 0.9058 0.0026 0.0064
1567     1567   (0)     18  : 0.0760 0.9142 0.0032 0.0066
1568     1568   (0)     18  : 0.0160 0.9460 0.0126 0.0254
1569     1569   (0)     18  : 0.1457 0.8376 0.0088 0.0080
1570     1570   (0)     18  : 0.1110 0.8786 0.0050 0.0054
1571     1571   (0)     18  : 0.0140 0.9736 0.0052 0.0072
1572     1572   (0)     18  : 0.0158 0.9478 0.0038 0.0326
1573     1573   (0)     18  : 0.0790 0.9112 0.0032 0.0066
1574     1574   (0)     18  : 0.0704 0.9150 0.0032 0.0114
1575     1575   (0)     18  : 0.0887 0.9051 0.0026 0.0036
1576     1576   (0)     18  : 0.0764 0.8999 0.0098 0.0140
1577     1577   (0)     18  : 0.0260 0.9510 0.0054 0.0176
1578     1578   (0)     18  : 0.0046 0.9874 0.0034 0.0046
1579     1579   (0)     18  : 0.0174 0.9632 0.0052 0.0142
1580     1580   (0)     18  : 0.0979 0.8947 0.0026 0.0048
1581     1581   (0)     18  : 0.0186 0.9378 0.0032 0.0404
1582     1582   (0)     18  : 0.0529 0.9415 0.0026 0.0030
1583     1583   (0)     18  : 0.0690 0.9202 0.0044 0.0064
1584     1584   (0)     18  : 0.0044 0.9894 0.0026 0.0036
1585     1585   (0)     18  : 0.0214 0.9722 0.0026 0.0038
1586     1586   (0)     18  : 0.0636 0.9282 0.0038 0.0044
1587     1587   (0)     18  : 0.0864 0.8996 0.0042 0.0098
1588     1588   (0)     18  : 0.1094 0.8788 0.0036 0.0082
1589     1589   (0)     18  : 0.0242 0.9360 0.0216 0.0182
1590     1590   (0)     18  : 0.0418 0.9462 0.0032 0.0088
1591     1591   (0)     18  : 0.0891 0.8939 0.0038 0.0132
1592     1592   (0)     18  : 0.1068 0.8246 0.0046 0.0640
1593     1593   (0)     18  : 0.0756 0.9140 0.0038 0.0066
1594     1594   (0)     18  : 0.0879 0.8819 0.0156 0.0146
1595     1595   (0)     18  : 0.0056 0.9854 0.0036 0.0054
1596     1596   (0)     18  : 0.0088 0.9784 0.0078 0.0050
1597     1597   (0)     18  : 0.0038 0.9882 0.0036 0.0044
1598     1598   (0)     18  : 0.0046 0.9872 0.0026 0.0056
1599     1599   (0)     18  : 0.0636 0.9274 0.0038 0.0052
1600     1600   (0)     18  : 0.0188 0.9620 0.0026 0.0166
1601     1601   (0)     18  : 0.1436 0.8388 0.0066 0.0110
1602     1602   (0)     18  : 0.0108 0.9542 0.0130 0.0220
1603     1603   (0)     18  : 0.0921 0.8977 0.0034 0.0068
1604     1604   (0)     18  : 0.0694 0.7721 0.0896 0.0690
1605     1605   (0)     18  : 0.0098 0.9646 0.0080 0.0176
1606     1606   (0)     18  : 0.0096 0.9666 0.0164 0.0074
1607     1607   (0)     18  : 0.0266 0.9342 0.0032 0.0360
1608     1608   (0)     18  : 0.0182 0.9756 0.0026 0.0036
1609     1609   (0)     18  : 0.0358 0.9494 0.0062 0.0086
1610     1610   (0)     18  : 0.1581 0.8349 0.0034 0.0036
1611     1611   (0)     18  : 0.0322 0.9352 0.0058 0.0268
1612     1612   (0)     18  : 0.0046 0.9852 0.0048 0.0054
1613     1613   (0)     18  : 0.0210 0.9100 0.0290 0.0400
1614     1614   (0)     18  : 0.0154 0.9766 0.0036 0.0044
1615     1615   (0)     18  : 0.0674 0.9204 0.0072 0.0050
1616     1616   (0)     18  : 0.0865 0.9065 0.0026 0.0044
1617     1617   (0)     18  : 0.0854 0.9026 0.0032 0.0088
1618     1618   (0)     18  : 0.2190 0.7674 0.0068 0.0068
1619     1619   (0)     18  : 0.0802 0.9034 0.0042 0.0122
1620     1620   (0)     18  : 0.1230 0.8700 0.0026 0.0044
1621     1621   (0)     18  : 0.0042 0.9860 0.0046 0.0052
1622     1622   (0)     18  : 0.1738 0.8194 0.0026 0.0042
1623     1623   (0)     18  : 0.0192 0.9470 0.0136 0.0202
1624     1624   (0)     18  : 0.0598 0.9288 0.0054 0.0060
1625     1625   (0)     18  : 0.0224 0.9694 0.0036 0.0046
1626     1626   (0)     18  : 0.0240 0.9508 0.0110 0.0142
1627     1627   (0)     18  : 0.0874 0.8946 0.0066 0.0114
1628     1628   (0)     18  : 0.0566 0.9346 0.0046 0.0042
1629     1629   (0)     18  : 0.0058 0.9860 0.0036 0.0046
1630     1630   (0)     18  : 0.0658 0.8045 0.0036 0.1260
1631     1631   (0)     18  : 0.1214 0.8676 0.0050 0.0060
1632     1632   (0)     18  : 0.0529 0.9287 0.0090 0.0094
1633     1633   (0)     18  : 0.0238 0.9704 0.0026 0.0032
1634     1634   (0)     18  : 0.0478 0.9446 0.0026 0.0050
1635     1635   (0)     18  : 0.0512 0.9380 0.0024 0.0084
1636     1636   (0)     18  : 0.0498 0.8960 0.0368 0.0174
1637     1637   (0)     18  : 0.0738 0.8742 0.0306 0.0214
1638     1638   (0)     18  : 0.0538 0.9306 0.0036 0.0120
1639     1639   (0)     18  : 0.0112 0.9814 0.0036 0.0038
1640     1640   (0)     18  : 0.1358 0.7831 0.0648 0.0162
1641     1641   (0)     18  : 0.0300 0.9488 0.0046 0.0166
1642     1642   (0)     18  : 0.0032 0.9908 0.0030 0.0030
1643     1643   (0)     18  : 0.0162 0.9734 0.0036 0.0068
1644     1644   (0)     18  : 0.0374 0.9130 0.0206 0.0290
1645     1645   (0)     18  : 0.0276 0.9222 0.0044 0.0458
1646     1646   (0)     18  : 0.1121 0.8797 0.0034 0.0048
1647     1647   (0)     18  : 0.0268 0.9204 0.0036 0.0492
1648     1648   (0)     18  : 0.1618 0.8244 0.0058 0.0080
1649     1649   (0)     18  : 0.0066 0.9814 0.0062 0.0058
1650     1650   (0)     18  : 0.1233 0.8607 0.0026 0.0134
1651     1651   (0)     19  : 0.0584 0.0090 0.9046 0.0280
1652     1652   (0)     19  : 0.0194 0.0040 0.9720 0.0046
1653     1653   (0)     19  : 0.0054 0.0026 0.9848 0.0072
1654     1654   (0)     19  : 0.0170 0.0726 0.8908 0.0196
1655     1655   (0)     19  : 0.0860 0.0270 0.8508 0.0362
1656     1656   (0)     19  : 0.0932 0.0300 0.8694 0.0074
1657     1657   (0)     19  : 0.1291 0.0148 0.8473 0.0088
1658     1658   (0)     19  : 0.0038 0.0026 0.9890 0.0046
1659     1659   (0)     19  : 0.1136 0.0380 0.8380 0.0104
1660     1660   (0)     19  : 0.0510 0.0044 0.9380 0.0066
1661     1661   (0)     19  : 0.0106 0.0046 0.9790 0.0058
1662     1662   (0)     19  : 0.0848 0.0060 0.9048 0.0044
1663     1663   (0)     19  : 0.1371 0.0066 0.8521 0.0042
1664     1664   (0)     19  : 0.0058 0.0030 0.9880 0.0032
1665     1665   (0)     19  : 0.1180 0.0170 0.8524 0.0126
1666     1666   (0)     19  : 0.0462 0.0098 0.9068 0.0372
1667     1667   (0)     19  : 0.0046 0.0026 0.9900 0.0028
1668     1668   (0)     19  : 0.0028 0.0026 0.9918 0.0028
1669     1669   (0)     19  : 0.0240 0.0030 0.9682 0.0048
1670     1670   (0)     19  : 0.1048 0.0172 0.8676 0.0104
1671     1671   (0)     19  : 0.0106 0.0060 0.9754 0.0080
1672     1672   (0)     19  : 0.0396 0.0110 0.9268 0.0226
1673     1673   (0)     19  : 0.0100 0.0178 0.9576 0.0146
1674     1674   (0)     19  : 0.0290 0.0028 0.9600 0.0082
1675     1675   (0)     19  : 0.0496 0.0068 0.9364 0.0072
1676     1676   (0)     19  : 0.1094 0.0212 0.8622 0.0072
1677     1677   (0)     19  : 0.1232 0.0100 0.8592 0.0076
1678     1678   (0)     19  : 0.0048 0.0080 0.9828 0.0044
1679     1679   (0)     19  : 0.0230 0.0036 0.9564 0.0170
1680     1680   (0)     19  : 0.0054 0.0036 0.9832 0.0078
1681     1681   (0)     19  : 0.1314 0.0388 0.8166 0.0132
1682     1682   (0)     19  : 0.2048 0.0294 0.7590 0.0068
1683     1683   (0)     19  : 0.1158 0.0058 0.8708 0.0076
1684     1684   (0)     19  : 0.0076 0.0038 0.9792 0.0094
1685     1685   (0)     19  : 0.0216 0.0068 0.9608 0.0108
1686     1686   (0)     19  : 0.0988 0.0098 0.8846 0.0068
1687     1687   (0)     19  : 0.0170 0.0124 0.9526 0.0180
1688     1688   (0)     19  : 0.0158 0.0110 0.9584 0.0148
1689     1689   (0)     19  : 0.0312 0.0030 0.9624 0.0034
1690     1690   (0)     19  : 0.0468 0.0522 0.8756 0.0254
1691     1691   (0)     19  : 0.0492 0.0072 0.9378 0.0058
1692     1692   (0)     19  : 0.0090 0.0102 0.9704 0.0104
1693     1693   (0)     19  : 0.0326 0.0034 0.9542 0.0098
1694     1694   (0)     19  : 0.0206 0.0450 0.9247 0.0098
1695     1695   (0)     19  : 0.0044 0.0030 0.9882 0.0044
1696     1696   (0)     19  : 0.0092 0.0032 0.9802 0.0074
1697     1697   (0)     19  : 0.0080 0.0110 0.9712 0.0098
1698     1698   (0)     19  : 0.0252 0.0252 0.9118 0.0378
1699     1699   (0)     19  : 0.0308 0.0040 0.9508 0.0144
1700     1700   (0)     19  : 0.0656 0.0070 0.9206 0.0068
1701     1701   (0)     19  : 0.0032 0.0026 0.9914 0.0028
1702     1702   (0)     19  : 0.0728 0.0068 0.8508 0.0696
1703     1703   (0)     19  : 0.0322 0.0224 0.8986 0.0468
1704     1704   (0)     19  : 0.1216 0.0592 0.8148 0.0044
1705     1705   (0)     19  : 0.0174 0.0140 0.9538 0.0148
1706     1706   (0)     19  : 0.0448 0.0064 0.9042 0.0446
1707     1707   (0)     19  : 0.0316 0.0048 0.9594 0.0042
1708     1708   (0)     19  : 0.0854 0.0050 0.9040 0.0056
1709     1709   (0)     19  : 0.0406 0.0218 0.9234 0.0142
1710     1710   (0)     19  : 0.0048 0.0026 0.9872 0.0054
1711     1711   (0)     19  : 0.0036 0.0036 0.9894 0.0034
1712     1712   (0)     19  : 0.0096 0.0050 0.9762 0.0092
1713     1713   (0)     19  : 0.0408 0.0062 0.9244 0.0286
1714     1714   (0)     19  : 0.0148 0.0040 0.9768 0.0044
1715     1715   (0)     19  : 0.0324 0.0030 0.9594 0.0052
1716     1716   (0)     19  : 0.1302 0.0124 0.8516 0.0058
1717     1717   (0)     19  : 0.1486 0.0332 0.8028 0.0154
1718     1718   (0)     19  : 0.0052 0.0044 0.9854 0.0050
1719     1719   (0)     19  : 0.0026 0.0026 0.9920 0.0028
1720     1720   (0)     19  : 0.0218 0.0054 0.9686 0.0042
1721     1721   (0)     19  : 0.0088 0.0030 0.9812 0.0070
1722     1722   (0)     19  : 0.0112 0.0028 0.9834 0.0026
1723     1723   (0)     19  : 0.1266 0.0110 0.8518 0.0106
1724     1724   (0)     19  : 0.0116 0.0096 0.9536 0.0252
1725     1725   (0)     19  : 0.1037 0.0048 0.8855 0.0060
1726     1726   (0)     19  : 0.0124 0.0040 0.9682 0.0154
1727     1727   (0)     19  : 0.0104 0.0188 0.9612 0.0096
1728     1728   (0)     19  : 0.1170 0.0098 0.8696 0.0036
1729     1729   (0)     19  : 0.0152 0.0296 0.9474 0.0078
1730     1730   (0)     19  : 0.0172 0.0144 0.9216 0.0468
1731     1731   (0)     19  : 0.1070 0.0524 0.8236 0.0170
1732     1732   (0)     19  : 0.0172 0.0162 0.9512 0.0154
1733     1733   (0)     19  : 0.0086 0.0080 0.9770 0.0064
1734     1734   (0)     19  : 0.0322 0.0082 0.9390 0.0206
1735     1735   (0)     19  : 0.0554 0.0108 0.9272 0.0066
1736     1736   (0)     19  : 0.0712 0.0054 0.9140 0.0094
1737     1737   (0)     19  : 0.0048 0.0020 0.9896 0.0036
1738     1738   (0)     19  : 0.0862 0.0318 0.8656 0.0164
1739     1739   (0)     19  : 0.0026 0.0026 0.9914 0.0034
1740     1740   (0)     19  : 0.0098 0.0066 0.8890 0.0946
1741     1741   (0)     19  : 0.0032 0.0042 0.9888 0.0038
1742     1742   (0)     19  : 0.0920 0.0338 0.7944 0.0798
1743     1743   (0)     19  : 0.0202 0.0036 0.9714 0.0048
1744     1744   (0)     19  : 0.0252 0.0036 0.9664 0.0048
1745     1745   (0)     19  : 0.0056 0.0030 0.9872 0.0042
1746     1746   (0)     19  : 0.0138 0.0030 0.9778 0.0054
1747     1747   (0)     19  : 0.0026 0.0026 0.9922 0.0026
1748     1748   (0)     19  : 0.0098 0.0378 0.9406 0.0118
1749     1749   (0)     19  : 0.0032 0.0026 0.9914 0.0028
1750     1750   (0)     19  : 0.0356 0.0054 0.9460 0.0130
1751     1751   (0)     20  : 0.2426 0.0054 0.0376 0.7144
1752     1752   (0)     20  : 0.2104 0.0046 0.0282 0.7568
1753     1753   (0)     20  : 0.1878 0.0050 0.1630 0.6442
1754     1754   (0)     20  : 0.2024 0.0040 0.0040 0.7896
1755     1755   (0)     20  : 0.2234 0.0052 0.0200 0.7514
1756     1756   (0)     20  : 0.2046 0.0362 0.0096 0.7496
1757     1757   (0)     20  : 0.3518 0.0226 0.0142 0.6113
1758     1758   (0)     20  : 0.2562 0.0144 0.1308 0.5986
1759     1759   (0)     20  : 0.2012 0.0176 0.0230 0.7582
1760     1760   (0)     20  : 0.2458 0.0194 0.0188 0.7160
1761     1761   (0)     20  : 0.2596 0.0092 0.0052 0.7260
1762     1762   (0)     20  : 0.2390 0.0334 0.0068 0.7208
1763     1763   (0)     20  : 0.1964 0.0078 0.0180 0.7778
1764     1764   (0)     20  : 0.2408 0.0118 0.0088 0.7386
1765     1765   (0)     20  : 0.2042 0.0154 0.0042 0.7762
1766     1766   (0)     20  : 0.2100 0.0030 0.0140 0.7730
1767     1767   (0)     20  : 0.2020 0.0258 0.0166 0.7556
1768     1768   (0)     20  : 0.2040 0.0096 0.0086 0.7778
1769     1769   (0)     20  : 0.2060 0.0356 0.0042 0.7542
1770     1770   (0)     20  : 0.2700 0.0152 0.0984 0.6165
1771     1771   (0)     20  : 0.2048 0.0070 0.0142 0.7740
1772     1772   (0)     20  : 0.2120 0.0058 0.0264 0.7558
1773     1773   (0)     20  : 0.2034 0.0144 0.0160 0.7662
1774     1774   (0)     20  : 0.2148 0.0104 0.1112 0.6636
1775     1775   (0)     20  : 0.2380 0.0048 0.0054 0.7518
1776     1776   (0)     20  : 0.2820 0.0244 0.0316 0.6620
1777     1777   (0)     20  : 0.1930 0.0054 0.0448 0.7568
1778     1778   (0)     20  : 0.2818 0.0076 0.0058 0.7048
1779     1779   (0)     20  : 0.2052 0.0160 0.0142 0.7646
1780     1780   (0)     20  : 0.2016 0.0170 0.0238 0.7576
1781     1781   (0)     20  : 0.2282 0.0076 0.0066 0.7576
1782     1782   (0)     20  : 0.1854 0.0144 0.1148 0.6854
1783     1783   (0)     20  : 0.2144 0.0036 0.0198 0.7622
1784     1784   (0)     20  : 0.2372 0.0218 0.0100 0.7310
1785     1785   (0)     20  : 0.1998 0.0046 0.0232 0.7724
1786     1786   (0)     20  : 0.2008 0.0202 0.0076 0.7714
1787     1787   (0)     20  : 0.1932 0.0202 0.0068 0.7798
1788     1788   (0)     20  : 0.2100 0.0058 0.0062 0.7780
1789     1789   (0)     20  : 0.3062 0.0352 0.0070 0.6516
1790     1790   (0)     20  : 0.2408 0.0074 0.0080 0.7438
1791     1791   (0)     20  : 0.2114 0.0414 0.0084 0.7388
1792     1792   (0)     20  : 0.2042 0.0072 0.0152 0.7734
1793     1793   (0)     20  : 0.2022 0.0792 0.0308 0.6879
1794     1794   (0)     20  : 0.2088 0.0062 0.0074 0.7776
1795     1795   (0)     20  : 0.2747 0.0102 0.0032 0.7119
1796     1796   (0)     20  : 0.2100 0.0082 0.0138 0.7680
1797     1797   (0)     20  : 0.2028 0.0092 0.0064 0.7816
1798     1798   (0)     20  : 0.2192 0.0524 0.0136 0.7148
1799     1799   (0)     20  : 0.1992 0.0172 0.0104 0.7732
1800     1800   (0)     20  : 0.1960 0.0076 0.1214 0.6750
1801     1801   (0)     20  : 0.2016 0.0036 0.0110 0.7838
1802     1802   (0)     20  : 0.2034 0.0062 0.0152 0.7752
1803     1803   (0)     20  : 0.1976 0.0098 0.0330 0.7596
1804     1804   (0)     20  : 0.2114 0.0098 0.0120 0.7668
1805     1805   (0)     20  : 0.2194 0.0260 0.0126 0.7420
1806     1806   (0)     20  : 0.2062 0.0112 0.0062 0.7764
1807     1807   (0)     20  : 0.2218 0.0086 0.0238 0.7458
1808     1808   (0)     20  : 0.2050 0.0086 0.0072 0.7792
1809     1809   (0)     20  : 0.3019 0.0130 0.0108 0.6743
1810     1810   (0)     20  : 0.1956 0.0536 0.1483 0.6025
1811     1811   (0)     20  : 0.4160 0.0262 0.0162 0.5416
1812     1812   (0)     20  : 0.2256 0.0106 0.0062 0.7576
1813     1813   (0)     20  : 0.2058 0.0074 0.0078 0.7790
1814     1814   (0)     20  : 0.2124 0.0110 0.0164 0.7602
1815     1815   (0)     20  : 0.2594 0.0074 0.0702 0.6630
1816     1816   (0)     20  : 0.2084 0.0078 0.0216 0.7622
1817     1817   (0)     20  : 0.2304 0.0060 0.0056 0.7580
1818     1818   (0)     20  : 0.2818 0.0148 0.0120 0.6914
1819     1819   (0)     20  : 0.2638 0.0196 0.0070 0.7097
1820     1820   (0)     20  : 0.2054 0.0202 0.0968 0.6776
1821     1821   (0)     20  : 0.2086 0.0068 0.0064 0.7782
1822     1822   (0)     20  : 0.2584 0.0328 0.0376 0.6712
1823     1823   (0)     20  : 0.2833 0.0170 0.0186 0.6811
1824     1824   (0)     20  : 0.2250 0.0086 0.0062 0.7602
1825     1825   (0)     20  : 0.2064 0.0054 0.0440 0.7442
1826     1826   (0)     20  : 0.2010 0.0090 0.0100 0.7800
1827     1827   (0)     20  : 0.2732 0.0064 0.0138 0.7066
1828     1828   (0)     20  : 0.2608 0.0186 0.0044 0.7162
1829     1829   (0)     20  : 0.1908 0.0094 0.1514 0.6484
1830     1830   (0)     20  : 0.1856 0.0068 0.2388 0.5688
1831     1831   (0)     20  : 0.2200 0.0148 0.0182 0.7470
1832     1832   (0)     20  : 0.2402 0.0576 0.0202 0.6820
1833     1833   (0)     20  : 0.2016 0.0124 0.0054 0.7806
1834     1834   (0)     20  : 0.2092 0.0064 0.0162 0.7682
1835     1835   (0)     20  : 0.3180 0.0126 0.0156 0.6538
1836     1836   (0)     20  : 0.2016 0.0120 0.0090 0.7774
1837     1837   (0)     20  : 0.2044 0.0078 0.0082 0.7796
1838     1838   (0)     20  : 0.2506 0.0052 0.0196 0.7246
1839     1839   (0)     20  : 0.1708 0.0086 0.0072 0.8134
1840     1840   (0)     20  : 0.1986 0.0078 0.0118 0.7818
1841     1841   (0)     20  : 0.1896 0.0068 0.1108 0.6928
1842     1842   (0)     20  : 0.2014 0.0114 0.0060 0.7812
1843     1843   (0)     20  : 0.2066 0.0036 0.0062 0.7836
1844     1844   (0)     20  : 0.1812 0.0038 0.2341 0.5809
1845     1845   (0)     20  : 0.2112 0.0182 0.0280 0.7426
1846     1846   (0)     20  : 0.2038 0.0172 0.0164 0.7626
1847     1847   (0)     20  : 0.2058 0.0120 0.0102 0.7720
1848     1848   (0)     20  : 0.1982 0.0344 0.0036 0.7638
1849     1849   (0)     20  : 0.1864 0.0374 0.0066 0.7696
1850     1850   (0)     20  : 0.2118 0.0274 0.0052 0.7556
1851     1851  (10)     21  : 0.2008 0.0054 0.0042 0.7896
1852     1852   (0)     21  : 0.2392 0.0076 0.0116 0.7416
1853     1853   (0)     21  : 0.2082 0.1308 0.0056 0.6554
1854     1854   (0)     21  : 0.2016 0.0114 0.0058 0.7812
1855     1855   (0)     21  : 0.1864 0.0052 0.0530 0.7554
1856     1856   (5)     21  : 0.1310 0.0052 0.0424 0.8214
1857     1857   (0)     21  : 0.2002 0.0054 0.0036 0.7908
1858     1858   (0)     21  : 0.2018 0.0028 0.0068 0.7886
1859     1859   (0)     21  : 0.1976 0.1851 0.0064 0.6109
1860     1860   (0)     21  : 0.1960 0.0044 0.0212 0.7784
1861     1861   (0)     21  : 0.1297 0.4911 0.0062 0.3730
1862     1862   (0)     21  : 0.2022 0.0128 0.0042 0.7808
1863     1863   (0)     21  : 0.1992 0.0098 0.0034 0.7876
1864     1864   (0)     21  : 0.2010 0.0044 0.0092 0.7854
1865     1865   (5)     21  : 0.2026 0.0352 0.0026 0.7596
1866     1866   (0)     21  : 0.2028 0.0068 0.0036 0.7868
1867     1867   (0)     21  : 0.2030 0.0178 0.0070 0.7722
1868     1868   (0)     21  : 0.2004 0.0206 0.0042 0.7748
1869     1869   (0)     21  : 0.2100 0.0058 0.0064 0.7778
1870     1870   (0)     21  : 0.2012 0.0052 0.0040 0.7896
1871     1871   (0)     21  : 0.2012 0.0042 0.0046 0.7900
1872     1872   (5)     21  : 0.2004 0.0098 0.0070 0.7828
1873     1873   (5)     21  : 0.2006 0.1195 0.0042 0.6757
1874     1874   (5)     21  : 0.1988 0.0146 0.0122 0.7744
1875     1875   (0)     21  : 0.2024 0.0036 0.0076 0.7864
1876     1876   (0)     21  : 0.2002 0.0034 0.0042 0.7922
1877     1877   (0)     21  : 0.1998 0.0128 0.0046 0.7828
1878     1878   (0)     21  : 0.2000 0.0036 0.0136 0.7828
1879     1879   (0)     21  : 0.2042 0.0072 0.0042 0.7844
1880     1880   (0)     21  : 0.2042 0.0170 0.0052 0.7736
1881     1881   (0)     21  : 0.2016 0.0620 0.0046 0.7318
1882     1882   (0)     21  : 0.2014 0.0102 0.0036 0.7848
1883     1883   (0)     21  : 0.2040 0.0056 0.0062 0.7842
1884     1884   (0)     21  : 0.2016 0.0272 0.0054 0.7658
1885     1885   (0)     21  : 0.1872 0.0046 0.0066 0.8016
1886     1886   (0)     21  : 0.2024 0.0831 0.0072 0.7073
1887     1887   (5)     21  : 0.2026 0.0184 0.0052 0.7738
1888     1888   (0)     21  : 0.2076 0.0112 0.0036 0.7776
1889     1889   (0)     21  : 0.2002 0.0092 0.0052 0.7854
1890     1890   (0)     21  : 0.2032 0.0124 0.0048 0.7796
1891     1891   (0)     21  : 0.2028 0.0132 0.0066 0.7774
1892     1892   (0)     21  : 0.2044 0.0188 0.0064 0.7704
1893     1893   (5)     21  : 0.2024 0.0202 0.0042 0.7732
1894     1894   (5)     21  : 0.2032 0.0114 0.0108 0.7746
1895     1895   (5)     21  : 0.2006 0.0332 0.0080 0.7582
1896     1896   (5)     21  : 0.2022 0.0224 0.0056 0.7698
1897     1897   (5)     21  : 0.2048 0.0172 0.0060 0.7720
1898     1898   (5)     21  : 0.2102 0.0144 0.0050 0.7704
1899     1899   (0)     21  : 0.1956 0.0122 0.0070 0.7852
1900     1900   (5)     21  : 0.2026 0.0114 0.0036 0.7824
1901     1901   (0)     21  : 0.0224 0.0080 0.0062 0.9634
1902     1902   (0)     21  : 0.1716 0.0434 0.0198 0.7652
1903     1903   (0)     21  : 0.2020 0.0208 0.0030 0.7742
1904     1904   (0)     21  : 0.2014 0.0048 0.0028 0.7910
1905     1905   (0)     21  : 0.1980 0.0088 0.0384 0.7548
1906     1906   (0)     21  : 0.2018 0.0120 0.0042 0.7820
1907     1907   (0)     21  : 0.2008 0.0168 0.0058 0.7766
1908     1908   (0)     21  : 0.2008 0.0076 0.0056 0.7860
1909     1909   (0)     21  : 0.1984 0.1044 0.0046 0.6926
1910     1910   (0)     21  : 0.2024 0.0116 0.0036 0.7824
1911     1911   (0)     21  : 0.1640 0.0036 0.0102 0.8222
1912     1912   (0)     21  : 0.0032 0.0032 0.9894 0.0042
1913     1913   (0)     21  : 0.2002 0.0120 0.0036 0.7842
1914     1914   (0)     21  : 0.2004 0.0098 0.0044 0.7854
1915     1915   (0)     21  : 0.2002 0.0064 0.0038 0.7896
1916     1916   (0)     21  : 0.1920 0.0054 0.0126 0.7900
1917     1917   (0)     21  : 0.2004 0.0026 0.0094 0.7876
1918     1918   (0)     21  : 0.1898 0.2267 0.0758 0.5077
1919     1919   (0)     21  : 0.1982 0.0360 0.0056 0.7602
1920     1920   (0)     21  : 0.2490 0.0208 0.0046 0.7256
1921     1921   (0)     21  : 0.2018 0.0060 0.0062 0.7860
1922     1922   (0)     21  : 0.2016 0.0068 0.0054 0.7862
1923     1923   (0)     21  : 0.2010 0.0104 0.0038 0.7848
1924     1924   (0)     21  : 0.2034 0.0078 0.0144 0.7744
1925     1925   (0)     21  : 0.2006 0.0082 0.0058 0.7854
1926     1926   (0)     21  : 0.1980 0.0046 0.0062 0.7912
1927     1927   (0)     21  : 0.1996 0.0048 0.0096 0.7860
1928     1928   (0)     21  : 0.2048 0.0826 0.0042 0.7084
1929     1929   (0)     21  : 0.2018 0.0546 0.0092 0.7344
1930     1930   (0)     21  : 0.1918 0.0054 0.0062 0.7966
1931     1931   (0)     21  : 0.0552 0.7690 0.0066 0.1692
1932     1932   (0)     21  : 0.2066 0.0064 0.0052 0.7818
1933     1933   (0)     21  : 0.2072 0.0066 0.0062 0.7800
1934     1934   (0)     21  : 0.2056 0.0102 0.0052 0.7790
1935     1935   (0)     21  : 0.2014 0.0060 0.0062 0.7864
1936     1936   (0)     21  : 0.2010 0.0060 0.0080 0.7850
1937     1937   (0)     21  : 0.2012 0.0032 0.0108 0.7848
1938     1938   (0)     21  : 0.1982 0.0224 0.0042 0.7752
1939     1939   (0)     21  : 0.2008 0.0138 0.0064 0.7790
1940     1940   (0)     21  : 0.2006 0.0104 0.0086 0.7804
1941     1941   (0)     21  : 0.2000 0.0140 0.0028 0.7832
1942     1942   (0)     21  : 0.2012 0.0054 0.0084 0.7850
1943     1943  (10)     21  : 0.1008 0.6226 0.0050 0.2716
1944     1944   (0)     21  : 0.2018 0.0170 0.0052 0.7760
1945     1945   (0)     21  : 0.2050 0.0080 0.0034 0.7836
1946     1946   (0)     21  : 0.2066 0.0752 0.0052 0.7130
1947     1947   (0)     21  : 0.2002 0.0643 0.0116 0.7239
1948     1948   (0)     21  : 0.1940 0.0064 0.0068 0.7928
1949     1949   (0)     21  : 0.2012 0.0068 0.0074 0.7846
1950     1950   (0)     21  : 0.1996 0.0276 0.0072 0.7656
1951     1951   (0)     21  : 0.2012 0.0052 0.0040 0.7896
1952     1952   (0)     21  : 0.2012 0.0092 0.0026 0.7870
1953     1953   (0)     21  : 0.2012 0.0230 0.0064 0.7694
1954     1954   (0)     21  : 0.2012 0.0080 0.0042 0.7866
1955     1955   (0)     21  : 0.2018 0.0140 0.0032 0.7810
1956     1956   (0)     22  : 0.2242 0.0106 0.0036 0.7616
1957     1957  (10)     22  : 0.2044 0.0186 0.0042 0.7728
1958     1958  (10)     22  : 0.2024 0.0104 0.0376 0.7496
1959     1959   (5)     22  : 0.2016 0.0132 0.0036 0.7816
1960     1960   (5)     22  : 0.2010 0.0320 0.0078 0.7592
1961     1961   (0)     22  : 0.1994 0.0246 0.0056 0.7704
1962     1962   (5)     22  : 0.2004 0.0774 0.0200 0.7022
1963     1963   (5)     22  : 0.2014 0.1600 0.0032 0.6354
1964     1964   (0)     22  : 0.2014 0.0248 0.0032 0.7706
1965     1965   (0)     22  : 0.2012 0.0110 0.0034 0.7844
1966     1966   (0)     22  : 0.2012 0.0110 0.0034 0.7844
1967     1967   (0)     22  : 0.1930 0.0070 0.0052 0.7948
1968     1968   (0)     22  : 0.2004 0.0076 0.0102 0.7818
1969     1969   (5)     22  : 0.2020 0.0096 0.0048 0.7836
1970     1970   (5)     22  : 0.2184 0.0126 0.0120 0.7570
1971     1971  (10)     22  : 0.2030 0.0178 0.0038 0.7754
1972     1972   (0)     22  : 0.2000 0.0076 0.0046 0.7878
1973     1973   (5)     22  : 0.1966 0.0510 0.0190 0.7334
1974     1974   (5)     22  : 0.2012 0.0056 0.0134 0.7798
1975     1975   (0)     22  : 0.1992 0.0058 0.0054 0.7896
1976     1976   (5)     22  : 0.1998 0.0362 0.0038 0.7602
1977     1977   (0)     22  : 0.2022 0.0046 0.0112 0.7820
1978     1978   (5)     22  : 0.2006 0.0246 0.0154 0.7594
1979     1979   (0)     22  : 0.2016 0.0530 0.0032 0.7422
1980     1980   (0)     22  : 0.2028 0.0698 0.0098 0.7176
1981     1981   (0)     22  : 0.2040 0.0122 0.0166 0.7672
1982     1982   (0)     22  : 0.1998 0.0862 0.0036 0.7104
1983     1983   (0)     22  : 0.2004 0.0182 0.0028 0.7786
1984     1984   (0)     22  : 0.2008 0.1694 0.0036 0.6262
1985     1985   (0)     22  : 0.2082 0.0368 0.0166 0.7384
1986     1986   (0)     22  : 0.2026 0.0074 0.0066 0.7834
1987     1987   (0)     22  : 0.1966 0.1352 0.0042 0.6640
1988     1988   (0)     22  : 0.2056 0.0194 0.0034 0.7716
1989     1989   (0)     22  : 0.2022 0.0064 0.0038 0.7876
1990     1990   (0)     22  : 0.2048 0.0084 0.0068 0.7800
1991     1991   (0)     22  : 0.2010 0.0060 0.0046 0.7884
1992     1992   (0)     22  : 0.2062 0.0044 0.0052 0.7842
1993     1993   (0)     22  : 0.2022 0.0060 0.0026 0.7892
1994     1994   (5)     22  : 0.2012 0.0086 0.0080 0.7822
1995     1995   (5)     22  : 0.2004 0.0298 0.0118 0.7580
1996     1996   (0)     22  : 0.2020 0.0048 0.0128 0.7804
1997     1997  (15)     22  : 0.2064 0.0096 0.0194 0.7646
1998     1998  (10)     22  : 0.2010 0.0526 0.0036 0.7428
1999     1999  (10)     22  : 0.2008 0.0082 0.0062 0.7848
2000     2000  (10)     22  : 0.2012 0.0094 0.0060 0.7834
2001     2001   (5)     22  : 0.2004 0.0118 0.0100 0.7778
2002     2002   (5)     22  : 0.2008 0.0202 0.0044 0.7746
2003     2003   (5)     22  : 0.2022 0.0040 0.0094 0.7844
2004     2004   (5)     22  : 0.2000 0.0312 0.0044 0.7644
2005     2005   (5)     22  : 0.1962 0.0070 0.0068 0.7900
2006     2006   (5)     22  : 0.2012 0.0060 0.0060 0.7868
2007     2007  (15)     22  : 0.2030 0.0112 0.0096 0.7762
2008     2008   (5)     22  : 0.2116 0.0146 0.0026 0.7712
2009     2009   (5)     22  : 0.2008 0.0116 0.0036 0.7840
2010     2010  (15)     22  : 0.2018 0.0240 0.0058 0.7684
2011     2011   (5)     22  : 0.2204 0.0156 0.0074 0.7566
2012     2012   (5)     22  : 0.2122 0.0172 0.0384 0.7322
2013     2013   (5)     22  : 0.2004 0.0050 0.0060 0.7886
2014     2014   (5)     22  : 0.2006 0.0348 0.0042 0.7604
2015     2015  (10)     22  : 0.2022 0.0072 0.0094 0.7812
2016     2016   (5)     22  : 0.1988 0.1564 0.0036 0.6411
2017     2017   (5)     22  : 0.2006 0.0028 0.0070 0.7896
2018     2018  (10)     22  : 0.1994 0.0723 0.0046 0.7237
2019     2019  (10)     22  : 0.2030 0.0078 0.0062 0.7830
2020     2020  (10)     22  : 0.2218 0.0122 0.0054 0.7606
2021     2021  (10)     22  : 0.2084 0.0230 0.0088 0.7598
2022     2022   (5)     22  : 0.2006 0.0094 0.0044 0.7856
2023     2023  (10)     22  : 0.1840 0.0128 0.1651 0.6382
2024     2024   (0)     22  : 0.2006 0.0590 0.0066 0.7338
2025     2025   (5)     22  : 0.2014 0.0772 0.0050 0.7164
2026     2026   (0)     22  : 0.2012 0.0104 0.0026 0.7858
2027     2027   (0)     22  : 0.2012 0.0044 0.0026 0.7918
2028     2028   (0)     22  : 0.2036 0.0068 0.0036 0.7860
2029     2029   (0)     22  : 0.2140 0.0196 0.0058 0.7606
2030     2030   (0)     22  : 0.1972 0.0078 0.0106 0.7844
2031     2031   (0)     22  : 0.2058 0.0570 0.0042 0.7330
2032     2032   (0)     22  : 0.2006 0.1572 0.0090 0.6332
2033     2033  (10)     22  : 0.2060 0.0128 0.0044 0.7768
2034     2034  (10)     22  : 0.1700 0.0104 0.0120 0.8076
2035     2035   (0)     22  : 0.2082 0.0200 0.0042 0.7676
2036     2036   (5)     22  : 0.1878 0.0110 0.0094 0.7917
2037     2037   (0)     22  : 0.2004 0.0166 0.0074 0.7756
2038     2038   (5)     22  : 0.2064 0.0080 0.0054 0.7802
2039     2039   (5)     22  : 0.1998 0.0238 0.0062 0.7702
2040     2040   (5)     22  : 0.2022 0.0374 0.0114 0.7490
2041     2041  (10)     22  : 0.2012 0.0108 0.0026 0.7854
2042     2042   (0)     22  : 0.2016 0.0062 0.0042 0.7880
2043     2043   (0)     22  : 0.2018 0.0086 0.0042 0.7854
2044     2044   (0)     22  : 0.2028 0.0072 0.0352 0.7548
2045     2045   (0)     22  : 0.2006 0.0048 0.0080 0.7866
2046     2046   (0)     22  : 0.1994 0.0094 0.0080 0.7832
2047     2047   (0)     22  : 0.2018 0.0060 0.0048 0.7874
2048     2048   (0)     22  : 0.2078 0.0714 0.0036 0.7172
2049     2049   (0)     22  : 0.1996 0.0076 0.0076 0.7852
2050     2050   (0)     22  : 0.1998 0.0560 0.0042 0.7400
2051     2051   (0)     22  : 0.2014 0.0088 0.0056 0.7842
2052     2052   (0)     22  : 0.2014 0.0062 0.0078 0.7846
2053     2053   (0)     22  : 0.1828 0.0474 0.0108 0.7590
2054     2054   (0)     22  : 0.1202 0.0132 0.0082 0.8584
2055     2055   (0)     22  : 0.1018 0.0116 0.0320 0.8546
2056     2056   (0)     22  : 0.2030 0.0414 0.0062 0.7494
2057     2057   (0)     22  : 0.2070 0.0138 0.0036 0.7756
2058     2058   (0)     22  : 0.2016 0.0104 0.0030 0.7850
2059     2059   (5)     22  : 0.2024 0.0070 0.0080 0.7826
2060     2060   (0)     22  : 0.2000 0.0282 0.0056 0.7662
2061     2061   (5)     22  : 0.3040 0.0312 0.0448 0.6200
2062     2062   (0)     22  : 0.2044 0.0060 0.0046 0.7850
2063     2063   (0)     22  : 0.1770 0.1319 0.0166 0.6745
2064     2064   (0)     22  : 0.1998 0.0130 0.0328 0.7544
2065     2065   (0)     22  : 0.1918 0.0130 0.0062 0.7890
2066     2066   (0)     22  : 0.2008 0.0120 0.0042 0.7830
2067     2067   (0)     22  : 0.2030 0.0198 0.0148 0.7624
2068     2068   (0)     22  : 0.1976 0.0572 0.0028 0.7424
2069     2069   (0)     22  : 0.2012 0.0072 0.0026 0.7890
2070     2070   (0)     22  : 0.2010 0.0098 0.0058 0.7834
2071     2071   (0)     22  : 0.2016 0.0068 0.0048 0.7868
2072     2072   (0)     22  : 0.1014 0.0826 0.0074 0.8086
2073     2073   (0)     22  : 0.2008 0.0060 0.0072 0.7860
2074     2074   (0)     22  : 0.2068 0.0060 0.0044 0.7828
2075     2075   (5)     22  : 0.2006 0.0100 0.0060 0.7834
2076     2076   (0)     22  : 0.2022 0.0190 0.0064 0.7724
2077     2077   (0)     22  : 0.1984 0.0226 0.0120 0.7670
2078     2078   (0)     22  : 0.2078 0.0174 0.0044 0.7704
2079     2079  (10)     22  : 0.2016 0.0278 0.0036 0.7670
2080     2080   (0)     22  : 0.2024 0.0080 0.0026 0.7870
2081     2081   (0)     22  : 0.2016 0.0114 0.0026 0.7844
2082     2082   (0)     22  : 0.2070 0.0102 0.0040 0.7788
2083     2083  (10)     22  : 0.1972 0.0058 0.0044 0.7926
2084     2084   (5)     22  : 0.1956 0.0062 0.0074 0.7908
2085     2085   (0)     22  : 0.2036 0.0084 0.0046 0.7834
2086     2086   (5)     22  : 0.2028 0.0074 0.0036 0.7862
2087     2087   (5)     22  : 0.2026 0.0048 0.0026 0.7900
2088     2088  (10)     22  : 0.2012 0.0064 0.0074 0.7850
2089     2089   (0)     22  : 0.2014 0.0162 0.0032 0.7792
2090     2090   (5)     22  : 0.2090 0.0084 0.0350 0.7476
2091     2091  (10)     22  : 0.2004 0.0172 0.0036 0.7788
2092     2092   (0)     22  : 0.2030 0.0072 0.0104 0.7794
2093     2093   (0)     22  : 0.2048 0.0126 0.0046 0.7780
2094     2094   (0)     22  : 0.2186 0.0048 0.0138 0.7628
2095     2095   (0)     22  : 0.1952 0.0198 0.0910 0.6940
2096     2096   (0)     22  : 0.2034 0.0144 0.0034 0.7788
2097     2097   (0)     22  : 0.2062 0.0054 0.0036 0.7848
2098     2098   (0)     22  : 0.2012 0.0326 0.0042 0.7620
2099     2099   (0)     22  : 0.2012 0.0232 0.0074 0.7682
2100     2100   (0)     22  : 0.2006 0.0166 0.0026 0.7802
2101     2101   (5)     22  : 0.2036 0.0046 0.0134 0.7784
2102     2102   (0)     22  : 0.2006 0.0128 0.0026 0.7840
2103     2103   (0)     22  : 0.2010 0.2497 0.0330 0.5163
2104     2104   (0)     22  : 0.2018 0.0068 0.0080 0.7834
2105     2105   (5)     22  : 0.2026 0.0186 0.0052 0.7736
2106     2106   (0)     22  : 0.2030 0.0154 0.0026 0.7790
2107     2107   (0)     22  : 0.2022 0.0148 0.0084 0.7746
2108     2108   (0)     22  : 0.2026 0.0268 0.0060 0.7646
2109     2109   (0)     22  : 0.1988 0.0278 0.0090 0.7644
2110     2110   (0)     22  : 0.2014 0.0064 0.0074 0.7848
2111     2111   (0)     22  : 0.2022 0.0554 0.0128 0.7296
2112     2112   (0)     22  : 0.2066 0.0076 0.0028 0.7830
2113     2113   (0)     22  : 0.2014 0.0092 0.0084 0.7810
2114     2114   (0)     22  : 0.2012 0.0134 0.0056 0.7798
2115     2115   (0)     22  : 0.2038 0.0096 0.0094 0.7772
2116     2116   (0)     22  : 0.1976 0.1581 0.0036 0.6407
2117     2117   (0)     22  : 0.2020 0.0142 0.0026 0.7812
2118     2118   (0)     22  : 0.2010 0.0060 0.0036 0.7894
2119     2119   (0)     22  : 0.2006 0.0072 0.0046 0.7876
2120     2120   (0)     22  : 0.2014 0.0066 0.0034 0.7886
2121     2121   (0)     22  : 0.2026 0.0080 0.0034 0.7860
2122     2122   (0)     22  : 0.2024 0.0086 0.0082 0.7808
2123     2123   (0)     22  : 0.2072 0.0088 0.0068 0.7772
2124     2124   (0)     22  : 0.2022 0.0110 0.0042 0.7826
2125     2125   (0)     22  : 0.2014 0.0054 0.0036 0.7896
2126     2126  (10)     22  : 0.2034 0.0092 0.0048 0.7826
2127     2127   (5)     22  : 0.1682 0.0208 0.1052 0.7058
2128     2128  (10)     22  : 0.2024 0.0078 0.0066 0.7832
2129     2129   (5)     22  : 0.2356 0.0344 0.0330 0.6970
2130     2130  (10)     22  : 0.2010 0.0156 0.0044 0.7790
2131     2131  (10)     22  : 0.2024 0.0582 0.0122 0.7272
2132     2132   (0)     22  : 0.2016 0.0338 0.0158 0.7488
2133     2133   (5)     22  : 0.2040 0.0138 0.0040 0.7782
2134     2134   (5)     22  : 0.2106 0.0086 0.0090 0.7718
2135     2135  (10)     22  : 0.2042 0.0270 0.0218 0.7470
2136     2136   (0)     22  : 0.2014 0.0246 0.0036 0.7704
2137     2137   (0)     22  : 0.2020 0.0084 0.0036 0.7860
2138     2138   (0)     22  : 0.2022 0.0068 0.0042 0.7868
2139     2139   (0)     22  : 0.2024 0.0062 0.0028 0.7886
2140     2140   (0)     22  : 0.2056 0.1960 0.0036 0.5948
2141     2141   (0)     22  : 0.1578 0.0034 0.0036 0.8352
2142     2142   (0)     22  : 0.2926 0.0130 0.0044 0.6900
2143     2143   (0)     22  : 0.2020 0.0036 0.0052 0.7892
2144     2144   (0)     22  : 0.2064 0.0046 0.0064 0.7826
2145     2145   (5)     22  : 0.1105 0.0092 0.0238 0.8565
2146     2146   (0)     22  : 0.1165 0.0142 0.0556 0.8138
2147     2147   (0)     22  : 0.1988 0.0276 0.0070 0.7666
2148     2148  (10)     22  : 0.1960 0.0178 0.0044 0.7818
2149     2149   (5)     22  : 0.2028 0.0476 0.0066 0.7430
2150     2150   (0)     22  : 0.2004 0.0060 0.0046 0.7890
2151     2151   (5)     22  : 0.0230 0.0122 0.0070 0.9578
2152     2152   (5)     22  : 0.2038 0.0140 0.0064 0.7758
2153     2153   (0)     22  : 0.2040 0.0170 0.0044 0.7746
2154     2154   (0)     22  : 0.2338 0.0154 0.0070 0.7438
2155     2155   (0)     22  : 0.2012 0.0102 0.0040 0.7846
2156     2156   (0)     22  : 0.1706 0.0050 0.0104 0.8140
2157     2157   (0)     22  : 0.1988 0.0360 0.0036 0.7616
2158     2158   (0)     22  : 0.2060 0.0162 0.0036 0.7742
2159     2159   (0)     22  : 0.2014 0.0086 0.0074 0.7826
2160     2160   (0)     22  : 0.2018 0.0046 0.0042 0.7894
2161     2161   (0)     22  : 0.2008 0.0060 0.0036 0.7896
2162     2162   (0)     22  : 0.2016 0.0096 0.0046 0.7842
2163     2163   (0)     22  : 0.2036 0.0194 0.0092 0.7678
2164     2164   (0)     22  : 0.2040 0.0068 0.0142 0.7750
2165     2165   (0)     22  : 0.1996 0.0042 0.0120 0.7842
2166     2166   (0)     22  : 0.2004 0.0036 0.0068 0.7892
2167     2167   (0)     22  : 0.2014 0.0624 0.0056 0.7306
2168     2168   (0)     22  : 0.2022 0.0276 0.0132 0.7570
2169     2169   (0)     22  : 0.2014 0.0622 0.0056 0.7308
2170     2170   (0)     22  : 0.2024 0.0050 0.0050 0.7876
2171     2171   (0)     22  : 0.2014 0.0054 0.0072 0.7860
2172     2172   (0)     22  : 0.2032 0.0064 0.0034 0.7870
2173     2173   (0)     22  : 0.2030 0.0054 0.0026 0.7890
2174     2174   (0)     22  : 0.1912 0.0318 0.0026 0.7744
2175     2175   (0)     22  : 0.1996 0.0754 0.0034 0.7217
2176     2176   (0)     22  : 0.2088 0.0698 0.0040 0.7174
2177     2177   (0)     22  : 0.2432 0.0260 0.0098 0.7210
2178     2178   (0)     22  : 0.2018 0.0068 0.0042 0.7872
2179     2179   (0)     22  : 0.1976 0.0118 0.0156 0.7750
2180     2180   (0)     22  : 0.2008 0.0394 0.0036 0.7562
2181     2181   (0)     22  : 0.2004 0.0102 0.0136 0.7758
2182     2182   (0)     22  : 0.1996 0.0076 0.0042 0.7886
2183     2183   (0)     22  : 0.2028 0.0130 0.0052 0.7790
2184     2184   (0)     22  : 0.2024 0.0224 0.0044 0.7708
2185     2185   (0)     22  : 0.2008 0.0066 0.0080 0.7846
2186     2186   (0)     22  : 0.2022 0.0178 0.0044 0.7756
2187     2187   (0)     22  : 0.2016 0.0128 0.0026 0.7830
2188     2188   (0)     22  : 0.1984 0.0636 0.0046 0.7334
2189     2189   (0)     22  : 0.2018 0.0058 0.0042 0.7882
2190     2190   (0)     22  : 0.2026 0.0070 0.0036 0.7868
2191     2191   (0)     22  : 0.2014 0.0118 0.0042 0.7826
2192     2192   (0)     22  : 0.2012 0.0048 0.0050 0.7890
2193     2193   (0)     22  : 0.2030 0.0062 0.0028 0.7880
2194     2194   (0)     22  : 0.1998 0.0060 0.0044 0.7898
2195     2195   (0)     22  : 0.2006 0.0072 0.0046 0.7876
2196     2196   (5)     23  : 0.1972 0.0084 0.0156 0.7788
2197     2197   (0)     23  : 0.1330 0.0068 0.0126 0.8476
2198     2198   (0)     23  : 0.1172 0.0226 0.0114 0.8488
2199     2199   (0)     23  : 0.0777 0.0084 0.0074 0.9065
2200     2200   (0)     23  : 0.1940 0.0176 0.0044 0.7840
2201     2201   (0)     23  : 0.2550 0.0166 0.0354 0.6930
2202     2202   (0)     23  : 0.1470 0.0120 0.0084 0.8326
2203     2203   (0)     23  : 0.1996 0.0760 0.0076 0.7168
2204     2204   (0)     23  : 0.1012 0.0106 0.0174 0.8708
2205     2205   (0)     23  : 0.2032 0.0062 0.0042 0.7864
2206     2206   (0)     23  : 0.2040 0.0102 0.0048 0.7810
2207     2207   (0)     23  : 0.1460 0.0120 0.0038 0.8382
2208     2208   (0)     23  : 0.2012 0.0202 0.0052 0.7734
2209     2209   (0)     23  : 0.1666 0.0066 0.0052 0.8216
2210     2210   (0)     23  : 0.1630 0.0848 0.0080 0.7442
2211     2211   (0)     23  : 0.2010 0.0086 0.0034 0.7870
2212     2212   (0)     23  : 0.1348 0.0050 0.0082 0.8520
2213     2213   (0)     23  : 0.1666 0.0058 0.0038 0.8238
2214     2214   (0)     23  : 0.2004 0.0042 0.0052 0.7902
2215     2215   (0)     23  : 0.1736 0.0046 0.0096 0.8122
2216     2216   (0)     23  : 0.1906 0.1377 0.0116 0.6601
2217     2217   (0)     23  : 0.1752 0.0054 0.0898 0.7296
2218     2218   (0)     23  : 0.0576 0.0116 0.0114 0.9194
2219     2219   (0)     23  : 0.0587 0.0182 0.0110 0.9121
2220     2220   (0)     23  : 0.2074 0.0046 0.0042 0.7838
2221     2221   (0)     23  : 0.1780 0.0082 0.0256 0.7882
2222     2222   (0)     23  : 0.1506 0.0214 0.0572 0.7708
2223     2223   (0)     23  : 0.0112 0.0068 0.0110 0.9710
2224     2224   (0)     23  : 0.1662 0.0256 0.0044 0.8038
2225     2225   (0)     23  : 0.1998 0.0040 0.0102 0.7860
2226     2226   (0)     23  : 0.2240 0.0348 0.0052 0.7360
2227     2227  (10)     23  : 0.2020 0.0074 0.0086 0.7820
2228     2228   (5)     23  : 0.1632 0.0276 0.0042 0.8050
2229     2229   (0)     23  : 0.0858 0.0042 0.0206 0.8894
2230     2230   (0)     23  : 0.0474 0.0030 0.0052 0.9444
2231     2231   (0)     23  : 0.0282 0.0182 0.0074 0.9462
2232     2232   (0)     23  : 0.0376 0.0058 0.0038 0.9528
2233     2233   (0)     23  : 0.0740 0.0098 0.0064 0.9098
2234     2234   (0)     23  : 0.0613 0.0034 0.0086 0.9267
2235     2235   (0)     23  : 0.0959 0.0138 0.0046 0.8857
2236     2236   (0)     23  : 0.1196 0.0050 0.0098 0.8656
2237     2237   (0)     23  : 0.0638 0.0048 0.0180 0.9134
2238     2238   (5)     23  : 0.1470 0.0070 0.0328 0.8132
2239     2239   (0)     23  : 0.0464 0.0206 0.0086 0.9244
2240     2240   (0)     23  : 0.0851 0.0048 0.0102 0.8999
2241     2241   (0)     23  : 0.1246 0.0058 0.0078 0.8618
2242     2242   (0)     23  : 0.1952 0.0094 0.0110 0.7844
2243     2243   (0)     23  : 0.0528 0.0044 0.0130 0.9298
2244     2244   (5)     23  : 0.1582 0.0124 0.0920 0.7374
2245     2245   (0)     23  : 0.0823 0.0110 0.0968 0.8100
2246     2246   (0)     23  : 0.0078 0.0546 0.0044 0.9332
2247     2247   (0)     23  : 0.0430 0.0050 0.0564 0.8956
2248     2248   (0)     23  : 0.0302 0.0080 0.0160 0.9458
2249     2249   (0)     23  : 0.2008 0.0194 0.0058 0.7740
2250     2250   (0)     23  : 0.1720 0.0128 0.0044 0.8108
2251     2251   (5)     23  : 0.2012 0.0104 0.0070 0.7814
2252     2252   (5)     23  : 0.0250 0.0038 0.1060 0.8651
2253     2253   (0)     23  : 0.0322 0.0050 0.0088 0.9540
2254     2254   (0)     23  : 0.0166 0.0162 0.0526 0.9146
2255     2255   (0)     23  : 0.0284 0.0048 0.0080 0.9588
2256     2256   (0)     23  : 0.0362 0.0050 0.0042 0.9546
2257     2257   (0)     23  : 0.1878 0.0088 0.0108 0.7926
2258     2258   (0)     23  : 0.1192 0.0104 0.0364 0.8340
2259     2259   (0)     23  : 0.1860 0.0048 0.0410 0.7682
2260     2260   (0)     23  : 0.1214 0.0050 0.0154 0.8582
2261     2261   (0)     23  : 0.0450 0.0084 0.0396 0.9070
2262     2262   (0)     23  : 0.1812 0.0056 0.0088 0.8044
2263     2263   (0)     23  : 0.1611 0.0054 0.0296 0.8039
2264     2264   (0)     24  : 0.0962 0.0136 0.0036 0.8866
2265     2265   (0)     24  : 0.0362 0.0146 0.0034 0.9458
2266     2266   (0)     24  : 0.1670 0.0110 0.0078 0.8142
2267     2267   (0)     24  : 0.0372 0.0134 0.0054 0.9440
2268     2268   (0)     24  : 0.0182 0.0092 0.0060 0.9666
2269     2269   (0)     24  : 0.0206 0.0046 0.0090 0.9658
2270     2270   (0)     24  : 0.0354 0.0092 0.0036 0.9518
2271     2271   (0)     24  : 0.0256 0.0044 0.1439 0.8261
2272     2272   (0)     24  : 0.0418 0.0134 0.0098 0.9350
2273     2273   (0)     24  : 0.0436 0.0124 0.0114 0.9326
2274     2274   (0)     24  : 0.0162 0.0060 0.0058 0.9720
2275     2275   (0)     24  : 0.0240 0.0098 0.0048 0.9614
2276     2276   (0)     24  : 0.0332 0.0038 0.0116 0.9514
2277     2277   (0)     24  : 0.0410 0.0106 0.0048 0.9436
2278     2278   (0)     24  : 0.0140 0.0050 0.0044 0.9766
2279     2279   (0)     24  : 0.0236 0.0050 0.0058 0.9656
2280     2280   (0)     24  : 0.0064 0.0068 0.0088 0.9780
2281     2281   (0)     24  : 0.0654 0.0062 0.0442 0.8842
2282     2282   (0)     24  : 0.0170 0.0048 0.0068 0.9714
2283     2283   (0)     24  : 0.0068 0.0064 0.0056 0.9812
2284     2284   (0)     24  : 0.0212 0.0074 0.0074 0.9640
2285     2285   (0)     24  : 0.0260 0.0100 0.0066 0.9574
2286     2286   (0)     24  : 0.0096 0.0136 0.0026 0.9742
2287     2287   (0)     24  : 0.0134 0.0232 0.0056 0.9578
2288     2288   (0)     24  : 0.0140 0.0060 0.0052 0.9748
2289     2289   (0)     24  : 0.0182 0.0062 0.0072 0.9684
2290     2290   (0)     24  : 0.0108 0.0036 0.0062 0.9794
2291     2291   (0)     24  : 0.0188 0.0116 0.0046 0.9650
2292     2292   (0)     24  : 0.0218 0.0052 0.0046 0.9684
2293     2293   (0)     24  : 0.0114 0.0204 0.0214 0.9468
2294     2294   (0)     24  : 0.0150 0.0152 0.0036 0.9662
2295     2295   (0)     25  : 0.0128 0.0074 0.0040 0.9758
2296     2296   (0)     25  : 0.0766 0.0090 0.0230 0.8914
2297     2297   (0)     25  : 0.0080 0.0184 0.0062 0.9674
2298     2298   (0)     25  : 0.0990 0.0072 0.0036 0.8902
2299     2299   (0)     25  : 0.0492 0.0166 0.0030 0.9311
2300     2300   (0)     25  : 0.0262 0.0078 0.0036 0.9624
2301     2301   (0)     25  : 0.0978 0.0202 0.0054 0.8766
2302     2302   (0)     25  : 0.0092 0.0633 0.0038 0.9237
2303     2303   (0)     25  : 0.0770 0.0118 0.0038 0.9074
2304     2304   (0)     25  : 0.0074 0.0066 0.0152 0.9708
2305     2305   (0)     25  : 0.0108 0.0038 0.0110 0.9744
2306     2306   (0)     25  : 0.0088 0.0064 0.0168 0.9680
2307     2307   (0)     25  : 0.0510 0.0090 0.0274 0.9126
2308     2308   (0)     25  : 0.0084 0.0058 0.0036 0.9822
2309     2309   (0)     25  : 0.0204 0.0084 0.0044 0.9668
2310     2310   (0)     25  : 0.0122 0.0436 0.0034 0.9408
2311     2311   (0)     25  : 0.0092 0.0040 0.0054 0.9814
2312     2312   (0)     25  : 0.0685 0.0082 0.0284 0.8949
2313     2313   (0)     25  : 0.0148 0.0174 0.0120 0.9558
2314     2314   (0)     25  : 0.0200 0.0060 0.0104 0.9636
2315     2315   (0)     25  : 0.0098 0.0036 0.0082 0.9784
2316     2316   (0)     25  : 0.0158 0.0062 0.0058 0.9722
2317     2317   (0)     25  : 0.0162 0.0052 0.0174 0.9612
2318     2318   (0)     25  : 0.0286 0.0050 0.0072 0.9592
2319     2319   (0)     25  : 0.0132 0.0060 0.0236 0.9572
2320     2320   (0)     25  : 0.0248 0.0060 0.0080 0.9612
2321     2321   (0)     25  : 0.0368 0.0160 0.0044 0.9428
2322     2322   (0)     25  : 0.0792 0.0110 0.0118 0.8980
2323     2323   (0)     25  : 0.0662 0.0092 0.0150 0.9096
2324     2324   (0)     25  : 0.0812 0.0052 0.0046 0.9090
2325     2325   (0)     25  : 0.0570 0.0060 0.0116 0.9254
2326     2326   (0)     25  : 0.1376 0.0060 0.0044 0.8520
2327     2327   (0)     25  : 0.0046 0.0056 0.0234 0.9664
2328     2328   (0)     25  : 0.0070 0.0038 0.0034 0.9858
2329     2329   (0)     25  : 0.0470 0.0092 0.0042 0.9396
2330     2330   (0)     25  : 0.0466 0.0078 0.0102 0.9354
2331     2331   (0)     25  : 0.0546 0.0124 0.0098 0.9232
2332     2332   (0)     25  : 0.0056 0.0082 0.0050 0.9812
2333     2333   (0)     25  : 0.0112 0.0204 0.0034 0.9650
2334     2334   (0)     25  : 0.0084 0.0118 0.0032 0.9766
2335     2335   (0)     25  : 0.0118 0.0038 0.0036 0.9808
2336     2336   (0)     25  : 0.1397 0.0138 0.1107 0.7358
2337     2337   (0)     25  : 0.0460 0.0086 0.0066 0.9388
2338     2338   (0)     25  : 0.0104 0.0196 0.0042 0.9658
2339     2339   (0)     25  : 0.0082 0.0042 0.0088 0.9788
2340     2340   (0)     25  : 0.0090 0.0072 0.0036 0.9802
2341     2341   (0)     25  : 0.0386 0.0114 0.0036 0.9464
2342     2342   (0)     25  : 0.0222 0.0048 0.0266 0.9464
2343     2343   (0)     25  : 0.0222 0.0028 0.0072 0.9678
2344     2344   (0)     25  : 0.0086 0.0060 0.0066 0.9788
2345     2345   (0)     25  : 0.0104 0.0242 0.0202 0.9452
2346     2346   (0)     25  : 0.0306 0.0092 0.0026 0.9576
2347     2347   (0)     25  : 0.0092 0.0046 0.0026 0.9836
2348     2348   (0)     25  : 0.0126 0.0056 0.0540 0.9278
2349     2349   (0)     25  : 0.0344 0.0196 0.0316 0.9144
2350     2350   (0)     25  : 0.0134 0.0050 0.0062 0.9754
2351     2351   (0)     25  : 0.0876 0.0084 0.0046 0.8994
2352     2352   (0)     25  : 0.0876 0.0070 0.0098 0.8956
2353     2353   (0)     25  : 0.0284 0.0084 0.0078 0.9554
2354     2354   (0)     25  : 0.0094 0.0070 0.0150 0.9686
2355     2355   (0)     25  : 0.0188 0.0086 0.0124 0.9602
2356     2356   (0)     25  : 0.0132 0.0084 0.0080 0.9704
2357     2357   (0)     25  : 0.0234 0.0376 0.0046 0.9344
2358     2358   (0)     25  : 0.0164 0.0034 0.0054 0.9748
2359     2359   (0)     25  : 0.0534 0.0094 0.0042 0.9330
2360     2360   (0)     25  : 0.0130 0.0080 0.0090 0.9700
2361     2361   (0)     25  : 0.0182 0.0048 0.0084 0.9686
2362     2362   (0)     25  : 0.0092 0.0078 0.0046 0.9784
2363     2363   (0)     25  : 0.0154 0.0034 0.0202 0.9610
2364     2364   (0)     25  : 0.0644 0.0118 0.0056 0.9182
2365     2365   (0)     25  : 0.0108 0.0138 0.0044 0.9710
2366     2366   (0)     25  : 0.0110 0.0084 0.0060 0.9746
2367     2367   (0)     25  : 0.0104 0.0056 0.0190 0.9650
2368     2368   (0)     25  : 0.0284 0.0072 0.0048 0.9596
2369     2369   (0)     25  : 0.0226 0.0064 0.0046 0.9664
2370     2370   (0)     25  : 0.0108 0.0066 0.0052 0.9774
2371     2371   (0)     25  : 0.0396 0.0060 0.0054 0.9490
2372     2372   (0)     25  : 0.1417 0.0114 0.0146 0.8322
2373     2373   (0)     25  : 0.0040 0.0032 0.0042 0.9886
2374     2374   (0)     25  : 0.1354 0.0292 0.0106 0.8248
2375     2375   (0)     25  : 0.0216 0.0192 0.0372 0.9220
2376     2376   (0)     25  : 0.0060 0.0172 0.0058 0.9710
2377     2377   (0)     25  : 0.0592 0.0100 0.0062 0.9246
2378     2378   (0)     25  : 0.0720 0.0050 0.0054 0.9176
2379     2379   (0)     25  : 0.0118 0.0052 0.0084 0.9746
2380     2380   (0)     25  : 0.0170 0.0050 0.0082 0.9698
2381     2381   (0)     25  : 0.0398 0.0070 0.0036 0.9496
2382     2382   (0)     25  : 0.0054 0.0058 0.0102 0.9786
2383     2383   (0)     25  : 0.0098 0.0192 0.0082 0.9628
2384     2384   (0)     25  : 0.0164 0.0100 0.0046 0.9690
2385     2385   (0)     25  : 0.0114 0.0138 0.0054 0.9694
2386     2386   (0)     25  : 0.0112 0.0046 0.0172 0.9670
2387     2387   (0)     25  : 0.0156 0.0118 0.0074 0.9652
2388     2388   (0)     25  : 0.0116 0.0098 0.0206 0.9580
2389     2389   (0)     25  : 0.0166 0.0048 0.0174 0.9612
2390     2390   (0)     25  : 0.0168 0.0044 0.0122 0.9666
2391     2391   (0)     25  : 0.0144 0.0048 0.0052 0.9756
2392     2392   (0)     25  : 0.0180 0.0048 0.0084 0.9688
2393     2393   (0)     25  : 0.0218 0.0082 0.0080 0.9620
2394     2394   (0)     25  : 0.0366 0.0072 0.0044 0.9518
2395     2395   (0)     25  : 0.0160 0.0030 0.0060 0.9750
2396     2396   (0)     25  : 0.0581 0.0074 0.0054 0.9290
2397     2397   (0)     25  : 0.0384 0.0292 0.0050 0.9274
2398     2398   (0)     25  : 0.0488 0.0530 0.0026 0.8955
2399     2399   (0)     25  : 0.0132 0.0104 0.0050 0.9714
2400     2400   (0)     25  : 0.0102 0.0064 0.0036 0.9798
2401     2401   (0)     25  : 0.0206 0.0042 0.0044 0.9708
2402     2402   (0)     25  : 0.0378 0.0118 0.0026 0.9478
2403     2403   (0)     25  : 0.0182 0.0048 0.0352 0.9418
2404     2404   (0)     25  : 0.0110 0.0376 0.0220 0.9294
2405     2405   (0)     25  : 0.0796 0.0116 0.0154 0.8934
2406     2406   (0)     25  : 0.0122 0.0138 0.0102 0.9638
2407     2407   (0)     25  : 0.0270 0.0068 0.0054 0.9608
2408     2408   (0)     25  : 0.0062 0.0036 0.0072 0.9830
2409     2409   (0)     25  : 0.0136 0.0054 0.0054 0.9756
2410     2410   (0)     25  : 0.0204 0.0096 0.0072 0.9628
2411     2411   (0)     25  : 0.0174 0.0132 0.0090 0.9604
2412     2412   (0)     25  : 0.0760 0.0088 0.0058 0.9094
2413     2413   (0)     25  : 0.0064 0.0068 0.0026 0.9842
2414     2414   (0)     25  : 0.0676 0.0868 0.0088 0.8368
2415     2415   (0)     25  : 0.0086 0.0034 0.0108 0.9772
2416     2416   (0)     25  : 0.0132 0.2558 0.0044 0.7266
2417     2417   (0)     25  : 0.0112 0.0124 0.0068 0.9696
2418     2418   (0)     25  : 0.0056 0.0048 0.0028 0.9868
2419     2419   (0)     25  : 0.0825 0.0060 0.0162 0.8953
2420     2420   (0)     26  : 0.0092 0.0068 0.0058 0.9782
2421     2421   (0)     26  : 0.0102 0.0058 0.0364 0.9476
2422     2422   (0)     26  : 0.0110 0.0102 0.0054 0.9734
2423     2423   (0)     26  : 0.0234 0.0072 0.0128 0.9566
2424     2424   (0)     26  : 0.0052 0.0062 0.0050 0.9836
2425     2425   (0)     26  : 0.0118 0.0062 0.0186 0.9634
2426     2426   (0)     26  : 0.0132 0.0032 0.0300 0.9536
2427     2427   (0)     26  : 0.0480 0.0058 0.0036 0.9426
2428     2428   (0)     26  : 0.0252 0.0066 0.0098 0.9584
2429     2429   (0)     26  : 0.0224 0.0262 0.0096 0.9418
2430     2430   (0)     26  : 0.0056 0.0038 0.0080 0.9826
2431     2431   (0)     26  : 0.0268 0.0044 0.0074 0.9614
2432     2432   (0)     26  : 0.0112 0.0036 0.0084 0.9768
2433     2433   (0)     26  : 0.0126 0.0062 0.0138 0.9674
2434     2434   (0)     26  : 0.0206 0.0040 0.0052 0.9702
2435     2435  (10)     26  : 0.0088 0.0062 0.0090 0.9760
2436     2436   (0)     26  : 0.0196 0.0066 0.0086 0.9652
2437     2437   (0)     26  : 0.0470 0.0256 0.0182 0.9092
2438     2438   (0)     26  : 0.0296 0.0122 0.0108 0.9474
2439     2439   (0)     26  : 0.0090 0.0080 0.2118 0.7712
2440     2440   (5)     26  : 0.0084 0.0046 0.0098 0.9772
2441     2441   (0)     26  : 0.0110 0.0130 0.0052 0.9708
2442     2442   (0)     26  : 0.0076 0.0030 0.0212 0.9682
2443     2443   (0)     26  : 0.0376 0.0170 0.0842 0.8612
2444     2444   (0)     26  : 0.0142 0.0070 0.0078 0.9710
2445     2445   (0)     26  : 0.0072 0.0078 0.0052 0.9798
2446     2446   (0)     26  : 0.0250 0.0036 0.0044 0.9670
2447     2447   (5)     26  : 0.0048 0.0034 0.0362 0.9556
2448     2448   (0)     26  : 0.0226 0.0092 0.0084 0.9598
2449     2449   (0)     26  : 0.0188 0.0064 0.0072 0.9676
2450     2450   (0)     26  : 0.0118 0.0046 0.0192 0.9644
2451     2451   (0)     26  : 0.0436 0.0130 0.0036 0.9398
2452     2452   (0)     26  : 0.0174 0.0076 0.0050 0.9700
2453     2453   (0)     26  : 0.0282 0.0246 0.0080 0.9392
2454     2454   (0)     26  : 0.0494 0.0072 0.0058 0.9376
2455     2455   (0)     26  : 0.0076 0.0082 0.0062 0.9780
2456     2456   (0)     26  : 0.0052 0.0034 0.0338 0.9576
2457     2457   (5)     26  : 0.0100 0.0186 0.0060 0.9654
2458     2458   (0)     26  : 0.0174 0.0042 0.0080 0.9704
2459     2459   (0)     26  : 0.0070 0.0042 0.0062 0.9826
2460     2460   (0)     26  : 0.0056 0.0048 0.0060 0.9836
2461     2461   (5)     26  : 0.0134 0.0060 0.0084 0.9722
2462     2462   (5)     26  : 0.0062 0.0060 0.0406 0.9472
2463     2463  (10)     26  : 0.0088 0.0064 0.0080 0.9768
2464     2464   (5)     26  : 0.0110 0.0044 0.0374 0.9472
2465     2465   (5)     26  : 0.0048 0.0048 0.0044 0.9860
2466     2466   (5)     26  : 0.0072 0.0068 0.0042 0.9818
2467     2467   (5)     26  : 0.0310 0.0054 0.1059 0.8577
2468     2468   (5)     26  : 0.0102 0.0070 0.0062 0.9766
2469     2469  (10)     26  : 0.0690 0.0058 0.0064 0.9188
2470     2470   (5)     26  : 0.0162 0.0082 0.0246 0.9510
2471     2471   (5)     26  : 0.0074 0.0054 0.0036 0.9836
2472     2472   (5)     26  : 0.0324 0.0154 0.0126 0.9396
2473     2473   (0)     27  : 0.0106 0.0050 0.0064 0.9780
2474     2474   (0)     27  : 0.0226 0.0036 0.0096 0.9642
2475     2475   (0)     27  : 0.0074 0.0070 0.0260 0.9596
2476     2476   (0)     27  : 0.0078 0.0038 0.0044 0.9840
2477     2477   (0)     27  : 0.0792 0.0218 0.0522 0.8468
2478     2478   (0)     27  : 0.0116 0.0044 0.0192 0.9648
2479     2479   (0)     27  : 0.0092 0.0080 0.0136 0.9692
2480     2480   (0)     27  : 0.0116 0.0084 0.1276 0.8524
2481     2481   (0)     27  : 0.0186 0.0148 0.0054 0.9612
2482     2482   (0)     27  : 0.0052 0.0042 0.0154 0.9752
2483     2483   (0)     27  : 0.0218 0.0054 0.0584 0.9144
2484     2484   (0)     27  : 0.0290 0.0130 0.0130 0.9450
2485     2485   (0)     27  : 0.0092 0.0064 0.0062 0.9782
2486     2486   (0)     27  : 0.0278 0.0146 0.0366 0.9210
2487     2487   (0)     27  : 0.0166 0.0144 0.0042 0.9648
2488     2488   (0)     27  : 0.0096 0.0058 0.0066 0.9780
2489     2489   (0)     27  : 0.0058 0.0042 0.0036 0.9864
2490     2490   (0)     27  : 0.0078 0.0044 0.0562 0.9316
2491     2491   (0)     27  : 0.0114 0.0040 0.0104 0.9742
2492     2492   (0)     27  : 0.0078 0.0036 0.0052 0.9834
2493     2493   (0)     27  : 0.0090 0.0044 0.0108 0.9758
2494     2494   (0)     27  : 0.0588 0.0028 0.0030 0.9354
2495     2495   (0)     27  : 0.0142 0.0138 0.0206 0.9514
2496     2496   (0)     27  : 0.0056 0.0052 0.0070 0.9822
2497     2497   (0)     27  : 0.0418 0.0114 0.0106 0.9362
2498     2498   (0)     27  : 0.0126 0.0074 0.0206 0.9594
2499     2499   (0)     27  : 0.0080 0.0094 0.0080 0.9746
2500     2500   (0)     27  : 0.0090 0.0044 0.0044 0.9822
2501     2501   (0)     27  : 0.0074 0.0086 0.0464 0.9376
2502     2502   (0)     27  : 0.0072 0.0038 0.0042 0.9848
2503     2503   (0)     27  : 0.0140 0.0080 0.0052 0.9728
2504     2504   (0)     27  : 0.0106 0.0058 0.0092 0.9744
2505     2505   (0)     27  : 0.0062 0.0036 0.0120 0.9782
2506     2506   (0)     27  : 0.0150 0.0070 0.0706 0.9074
2507     2507   (0)     27  : 0.0114 0.0064 0.0078 0.9744
2508     2508   (0)     27  : 0.0140 0.0062 0.0188 0.9610
2509     2509   (0)     27  : 0.0186 0.0286 0.0070 0.9458
2510     2510   (0)     27  : 0.0278 0.0228 0.0070 0.9424
2511     2511   (0)     27  : 0.0064 0.0106 0.0066 0.9764
2512     2512   (0)     27  : 0.0312 0.0162 0.0618 0.8908
2513     2513   (0)     27  : 0.0092 0.0062 0.0198 0.9648
2514     2514   (0)     27  : 0.0056 0.0040 0.0042 0.9862
2515     2515   (0)     27  : 0.0064 0.0062 0.0114 0.9760
2516     2516   (0)     27  : 0.0054 0.0058 0.0044 0.9844
2517     2517   (0)     27  : 0.0068 0.0062 0.0050 0.9820
2518     2518   (0)     27  : 0.0084 0.0034 0.0130 0.9752
2519     2519   (0)     27  : 0.0112 0.0050 0.3285 0.6553
2520     2520   (0)     27  : 0.0066 0.0034 0.0422 0.9478
2521     2521   (0)     27  : 0.0064 0.0068 0.0154 0.9714
2522     2522   (0)     27  : 0.0094 0.0082 0.0076 0.9748
2523     2523   (0)     27  : 0.0112 0.0060 0.0058 0.9770
2524     2524   (0)     27  : 0.0386 0.0056 0.0054 0.9504
2525     2525   (0)     27  : 0.0072 0.0078 0.0222 0.9628
2526     2526   (0)     27  : 0.0054 0.0042 0.0036 0.9868
2527     2527   (0)     27  : 0.0358 0.0066 0.0044 0.9532
2528     2528   (0)     27  : 0.0092 0.0112 0.0338 0.9458
2529     2529   (0)     27  : 0.0108 0.0056 0.0056 0.9780
2530     2530   (0)     27  : 0.0056 0.0042 0.0136 0.9766
2531     2531   (0)     27  : 0.0114 0.0072 0.0200 0.9614
2532     2532   (0)     27  : 0.0208 0.0050 0.0098 0.9644
2533     2533   (0)     27  : 0.0106 0.0112 0.0060 0.9722
2534     2534   (0)     27  : 0.0066 0.0036 0.0160 0.9738
2535     2535   (0)     27  : 0.0700 0.0042 0.0044 0.9214
2536     2536   (0)     27  : 0.0084 0.0098 0.0126 0.9692
2537     2537   (0)     27  : 0.0108 0.0044 0.0044 0.9804
2538     2538   (0)     27  : 0.0182 0.0086 0.0602 0.9130
2539     2539   (0)     27  : 0.0124 0.0212 0.0110 0.9554
2540     2540   (0)     27  : 0.0076 0.0078 0.0070 0.9776
2541     2541   (0)     27  : 0.0148 0.0036 0.0078 0.9738
2542     2542   (0)     27  : 0.0106 0.0042 0.0054 0.9798
2543     2543   (0)     27  : 0.0052 0.0036 0.0072 0.9840
2544     2544   (0)     27  : 0.0088 0.0068 0.0446 0.9398
2545     2545   (0)     27  : 0.0080 0.0050 0.0150 0.9720
2546     2546   (0)     27  : 0.0168 0.0062 0.0314 0.9456
2547     2547   (0)     27  : 0.0112 0.0050 0.0042 0.9796
2548     2548   (0)     27  : 0.0114 0.0064 0.0090 0.9732
2549     2549   (0)     27  : 0.0184 0.0132 0.0056 0.9628
2550     2550   (0)     27  : 0.0072 0.0072 0.0176 0.9680
2551     2551   (0)     27  : 0.0066 0.0066 0.0046 0.9822
2552     2552   (0)     27  : 0.0098 0.0080 0.0052 0.9770
2553     2553   (0)     27  : 0.0082 0.0092 0.0116 0.9710
2554     2554   (0)     27  : 0.0128 0.0100 0.0036 0.9736
2555     2555   (0)     27  : 0.0090 0.0078 0.0092 0.9740
2556     2556   (0)     27  : 0.0070 0.0064 0.0282 0.9584
2557     2557   (0)     27  : 0.0240 0.0142 0.0076 0.9542
2558     2558   (0)     27  : 0.1060 0.0066 0.0046 0.8828
2559     2559   (0)     27  : 0.0132 0.0092 0.0044 0.9732
2560     2560   (0)     27  : 0.0124 0.0044 0.1146 0.8686
2561     2561   (0)     27  : 0.0206 0.0038 0.0124 0.9632
2562     2562   (0)     27  : 0.0296 0.0038 0.0052 0.9614
2563     2563   (0)     27  : 0.0144 0.0048 0.0042 0.9766
2564     2564   (0)     27  : 0.0132 0.0056 0.0076 0.9736
2565     2565   (0)     27  : 0.0114 0.0038 0.0094 0.9754
2566     2566   (0)     27  : 0.0058 0.0036 0.0032 0.9874
2567     2567   (0)     27  : 0.0088 0.0078 0.0070 0.9764
2568     2568   (0)     27  : 0.0102 0.0064 0.0138 0.9696
2569     2569   (0)     27  : 0.0202 0.0070 0.0100 0.9628
2570     2570   (0)     27  : 0.0102 0.0044 0.0200 0.9654
2571     2571   (0)     27  : 0.0352 0.0220 0.0042 0.9386
2572     2572   (0)     27  : 0.0072 0.0046 0.0102 0.9780
2573     2573   (0)     27  : 0.0086 0.0154 0.0098 0.9662
2574     2574   (0)     27  : 0.0160 0.0052 0.0058 0.9730
2575     2575   (0)     27  : 0.0130 0.0046 0.0050 0.9774
2576     2576   (0)     27  : 0.0448 0.0102 0.0082 0.9368
2577     2577   (0)     27  : 0.0212 0.0116 0.0074 0.9598
2578     2578   (0)     27  : 0.0070 0.0050 0.0036 0.9844
2579     2579   (0)     27  : 0.0072 0.0082 0.0064 0.9782
2580     2580   (0)     27  : 0.0140 0.0040 0.0054 0.9766
2581     2581   (0)     27  : 0.0202 0.0046 0.0098 0.9654
2582     2582   (0)     27  : 0.0084 0.0030 0.0148 0.9738
2583     2583   (0)     27  : 0.0092 0.0038 0.0048 0.9822
2584     2584   (0)     27  : 0.0070 0.0062 0.0156 0.9712
2585     2585   (0)     27  : 0.0056 0.0072 0.0094 0.9778
2586     2586   (0)     27  : 0.0216 0.0060 0.0442 0.9282
2587     2587   (0)     27  : 0.0044 0.0096 0.0026 0.9834
2588     2588   (0)     27  : 0.0100 0.0048 0.0078 0.9774
2589     2589   (0)     27  : 0.0056 0.0050 0.0086 0.9808
2590     2590   (0)     27  : 0.0092 0.0046 0.0042 0.9820
2591     2591   (0)     27  : 0.0132 0.0058 0.0438 0.9372
2592     2592   (0)     27  : 0.0074 0.0046 0.0042 0.9838
2593     2593   (0)     27  : 0.0066 0.0036 0.0078 0.9820
2594     2594   (0)     27  : 0.0082 0.0046 0.0112 0.9760
2595     2595   (0)     27  : 0.0142 0.0154 0.0042 0.9662
2596     2596   (0)     27  : 0.0076 0.0340 0.0290 0.9294
2597     2597   (0)     27  : 0.0326 0.0098 0.0060 0.9516
2598     2598   (5)     28  : 0.0064 0.9824 0.0038 0.0074
2599     2599   (0)     28  : 0.0096 0.9748 0.0046 0.0110
2600     2600   (0)     28  : 0.0046 0.9848 0.0048 0.0058
2601     2601   (0)     28  : 0.0102 0.9610 0.0152 0.0136
2602     2602   (0)     28  : 0.0044 0.9880 0.0032 0.0044
2603     2603   (0)     28  : 0.0064 0.9746 0.0064 0.0126
2604     2604   (0)     28  : 0.0048 0.9880 0.0028 0.0044
2605     2605   (0)     28  : 0.0050 0.9876 0.0034 0.0040
2606     2606   (0)     28  : 0.0046 0.9838 0.0066 0.0050
2607     2607   (0)     28  : 0.0046 0.9872 0.0032 0.0050
2608     2608   (0)     28  : 0.0032 0.9912 0.0026 0.0030
2609     2609   (0)     28  : 0.0036 0.9894 0.0030 0.0040
2610     2610   (0)     28  : 0.0058 0.9828 0.0046 0.0068
2611     2611   (5)     28  : 0.0032 0.9912 0.0026 0.0030
2612     2612   (0)     28  : 0.0054 0.9850 0.0030 0.0066
2613     2613   (0)     28  : 0.0040 0.9890 0.0028 0.0042
2614     2614   (0)     28  : 0.0050 0.9778 0.0128 0.0044
2615     2615   (0)     28  : 0.0044 0.9888 0.0026 0.0042
2616     2616   (0)     28  : 0.0036 0.9902 0.0026 0.0036
2617     2617   (0)     28  : 0.0036 0.9890 0.0030 0.0044
2618     2618   (0)     28  : 0.0030 0.9904 0.0026 0.0040
2619     2619   (0)     28  : 0.0040 0.9864 0.0048 0.0048
2620     2620   (0)     28  : 0.0032 0.9904 0.0026 0.0038
2621     2621   (0)     28  : 0.0024 0.9920 0.0026 0.0030
2622     2622   (0)     28  : 0.0022 0.9930 0.0020 0.0028
2623     2623   (0)     28  : 0.0030 0.9908 0.0034 0.0028
2624     2624   (0)     28  : 0.0040 0.9884 0.0030 0.0046
2625     2625   (0)     28  : 0.0032 0.9912 0.0026 0.0030
2626     2626   (0)     29  : 0.0032 0.9886 0.0042 0.0040
2627     2627   (0)     29  : 0.0070 0.9718 0.0128 0.0084
2628     2628   (0)     29  : 0.0038 0.9892 0.0030 0.0040
2629     2629   (0)     29  : 0.0058 0.9746 0.0110 0.0086
2630     2630   (0)     29  : 0.0042 0.9886 0.0028 0.0044
2631     2631   (0)     29  : 0.0052 0.9864 0.0034 0.0050
2632     2632   (0)     29  : 0.0038 0.9906 0.0026 0.0030
2633     2633   (0)     29  : 0.0028 0.9926 0.0020 0.0026
2634     2634   (0)     29  : 0.0050 0.9874 0.0036 0.0040
2635     2635   (0)     29  : 0.0070 0.9818 0.0032 0.0080
2636     2636   (0)     29  : 0.0032 0.9910 0.0028 0.0030
2637     2637   (0)     29  : 0.0054 0.9856 0.0036 0.0054
2638     2638   (0)     29  : 0.0046 0.9878 0.0036 0.0040
2639     2639   (0)     29  : 0.0050 0.9860 0.0026 0.0064
2640     2640   (0)     29  : 0.0032 0.9908 0.0028 0.0032
2641     2641   (0)     29  : 0.0052 0.9842 0.0054 0.0052
2642     2642   (0)     29  : 0.0032 0.9918 0.0020 0.0030
2643     2643   (0)     29  : 0.0046 0.9866 0.0036 0.0052
2644     2644   (0)     29  : 0.0044 0.9858 0.0050 0.0048
2645     2645   (0)     29  : 0.0038 0.9900 0.0026 0.0036
2646     2646   (0)     29  : 0.0030 0.9922 0.0020 0.0028
2647     2647   (0)     29  : 0.0042 0.9854 0.0064 0.0040
2648     2648   (0)     29  : 0.0038 0.9886 0.0036 0.0040
2649     2649   (0)     29  : 0.0036 0.9900 0.0026 0.0038
2650     2650   (0)     29  : 0.0034 0.9898 0.0026 0.0042
2651     2651   (0)     29  : 0.0038 0.9886 0.0036 0.0040
2652     2652   (0)     29  : 0.0034 0.9828 0.0098 0.0040
2653     2653   (0)     29  : 0.0046 0.9866 0.0026 0.0062
2654     2654   (0)     29  : 0.0044 0.9874 0.0028 0.0054
2655     2655   (0)     29  : 0.0034 0.9908 0.0026 0.0032
2656     2656   (0)     29  : 0.0038 0.9898 0.0026 0.0038
2657     2657   (0)     29  : 0.0040 0.9890 0.0028 0.0042
2658     2658   (0)     29  : 0.0044 0.9874 0.0036 0.0046
2659     2659   (0)     29  : 0.0042 0.9892 0.0028 0.0038
2660     2660   (0)     29  : 0.0038 0.9888 0.0026 0.0048
2661     2661   (0)     29  : 0.0042 0.9866 0.0030 0.0062
2662     2662   (0)     29  : 0.0034 0.9902 0.0026 0.0038
2663     2663   (0)     29  : 0.0038 0.9884 0.0026 0.0052
2664     2664   (0)     29  : 0.0036 0.9898 0.0026 0.0040
2665     2665   (0)     29  : 0.0032 0.9890 0.0036 0.0042
2666     2666   (0)     29  : 0.0038 0.9900 0.0030 0.0032
2667     2667   (0)     29  : 0.0044 0.9872 0.0030 0.0054
2668     2668   (0)     29  : 0.0044 0.9886 0.0028 0.0042
2669     2669   (0)     29  : 0.0062 0.9844 0.0028 0.0066
2670     2670   (0)     29  : 0.0040 0.9886 0.0030 0.0044
2671     2671   (0)     29  : 0.0032 0.9902 0.0026 0.0040
2672     2672   (0)     29  : 0.0048 0.9864 0.0042 0.0046
2673     2673   (0)     29  : 0.0034 0.9890 0.0040 0.0036
2674     2674   (0)     29  : 0.0050 0.9848 0.0056 0.0046
2675     2675   (0)     29  : 0.0034 0.9872 0.0054 0.0040
2676     2676   (0)     29  : 0.0034 0.9886 0.0026 0.0054
2677     2677   (0)     29  : 0.0038 0.9846 0.0028 0.0088
2678     2678   (0)     29  : 0.0032 0.9902 0.0026 0.0040
2679     2679   (0)     29  : 0.0044 0.9880 0.0028 0.0048
2680     2680   (0)     29  : 0.0032 0.9912 0.0026 0.0030
2681     2681   (0)     29  : 0.0044 0.9874 0.0026 0.0056
2682     2682   (0)     29  : 0.0036 0.9896 0.0032 0.0036
2683     2683   (0)     29  : 0.0066 0.9742 0.0088 0.0104
2684     2684   (0)     29  : 0.0032 0.9920 0.0020 0.0028
2685     2685   (0)     29  : 0.0040 0.9888 0.0026 0.0046
2686     2686   (0)     29  : 0.0082 0.9828 0.0026 0.0064
2687     2687   (0)     29  : 0.0076 0.9642 0.0194 0.0088
2688     2688   (0)     29  : 0.0046 0.9862 0.0026 0.0066
2689     2689   (0)     29  : 0.0032 0.9906 0.0026 0.0036
2690     2690   (0)     29  : 0.0042 0.9888 0.0030 0.0040
2691     2691   (0)     29  : 0.0060 0.9838 0.0048 0.0054
2692     2692   (0)     29  : 0.0042 0.9890 0.0030 0.0038
2693     2693   (0)     29  : 0.0048 0.9866 0.0026 0.0060
2694     2694   (0)     29  : 0.0086 0.9682 0.0160 0.0072
2695     2695   (0)     29  : 0.0038 0.9886 0.0034 0.0042
2696     2696   (0)     29  : 0.0042 0.9892 0.0028 0.0038
2697     2697   (0)     29  : 0.0048 0.9718 0.0162 0.0072
2698     2698   (0)     29  : 0.0046 0.9874 0.0032 0.0048
2699     2699   (0)     29  : 0.0052 0.9864 0.0028 0.0056
2700     2700   (0)     29  : 0.0074 0.9794 0.0036 0.0096
2701     2701   (0)     29  : 0.0068 0.9832 0.0042 0.0058
2702     2702   (0)     29  : 0.0048 0.9848 0.0026 0.0078
2703     2703   (0)     29  : 0.0032 0.9910 0.0028 0.0030
2704     2704   (0)     29  : 0.0032 0.9912 0.0026 0.0030
2705     2705   (0)     29  : 0.0036 0.9888 0.0026 0.0050
2706     2706   (0)     29  : 0.0096 0.9782 0.0046 0.0076
2707     2707   (0)     29  : 0.0044 0.9872 0.0040 0.0044
2708     2708   (0)     29  : 0.0030 0.9906 0.0030 0.0034
2709     2709   (0)     29  : 0.0046 0.9884 0.0026 0.0044
2710     2710   (0)     29  : 0.0042 0.9880 0.0026 0.0052
2711     2711   (0)     29  : 0.0058 0.9842 0.0036 0.0064
2712     2712   (0)     29  : 0.0056 0.9830 0.0054 0.0060
2713     2713   (0)     29  : 0.0040 0.9896 0.0026 0.0038
2714     2714   (0)     29  : 0.0040 0.9892 0.0026 0.0042
2715     2715   (0)     29  : 0.0030 0.9914 0.0026 0.0030
2716     2716   (0)     29  : 0.0044 0.9848 0.0048 0.0060
2717     2717   (0)     29  : 0.0034 0.9894 0.0034 0.0038
2718     2718   (0)     29  : 0.0038 0.9884 0.0036 0.0042
2719     2719   (0)     29  : 0.0030 0.9914 0.0026 0.0030
2720     2720   (0)     29  : 0.0066 0.9762 0.0086 0.0086
2721     2721   (0)     29  : 0.0042 0.9874 0.0044 0.0040
2722     2722   (0)     29  : 0.0032 0.9906 0.0026 0.0036
2723     2723   (0)     29  : 0.0032 0.9910 0.0026 0.0032
2724     2724   (0)     29  : 0.0042 0.9892 0.0026 0.0040
2725     2725   (0)     29  : 0.0042 0.9878 0.0030 0.0050
2726     2726   (0)     29  : 0.0052 0.9858 0.0036 0.0054
2727     2727   (0)     29  : 0.0040 0.9886 0.0030 0.0044
2728     2728   (0)     29  : 0.0038 0.9900 0.0026 0.0036
2729     2729   (0)     29  : 0.0042 0.9874 0.0044 0.0040
2730     2730   (0)     29  : 0.0034 0.9888 0.0036 0.0042
2731     2731   (0)     29  : 0.0040 0.9884 0.0026 0.0050
2732     2732   (0)     29  : 0.0058 0.9852 0.0050 0.0040
2733     2733   (0)     29  : 0.0036 0.9882 0.0026 0.0056
2734     2734   (0)     29  : 0.0036 0.9898 0.0026 0.0040
2735     2735   (0)     29  : 0.0036 0.9886 0.0042 0.0036
2736     2736   (0)     29  : 0.0050 0.9862 0.0032 0.0056
2737     2737   (0)     29  : 0.0030 0.9916 0.0026 0.0028
2738     2738   (0)     29  : 0.0032 0.9902 0.0026 0.0040
2739     2739   (0)     29  : 0.0056 0.9862 0.0026 0.0056
2740     2740   (0)     29  : 0.0038 0.9904 0.0028 0.0030
2741     2741   (0)     29  : 0.0036 0.9888 0.0036 0.0040
2742     2742   (0)     29  : 0.0070 0.9706 0.0086 0.0138
2743     2743   (0)     29  : 0.0044 0.9874 0.0020 0.0062
2744     2744   (0)     29  : 0.0036 0.9896 0.0026 0.0042
2745     2745   (0)     29  : 0.0036 0.9898 0.0026 0.0040
2746     2746   (0)     29  : 0.0038 0.9896 0.0036 0.0030
2747     2747   (0)     29  : 0.0030 0.9904 0.0036 0.0030
2748     2748   (0)     29  : 0.0036 0.9884 0.0042 0.0038
2749     2749   (0)     29  : 0.0046 0.9884 0.0032 0.0038
2750     2750   (0)     29  : 0.0066 0.9832 0.0030 0.0072
2751     2751   (0)     29  : 0.0040 0.9908 0.0020 0.0032
2752     2752   (0)     29  : 0.0044 0.9868 0.0040 0.0048
2753     2753   (0)     29  : 0.0042 0.9848 0.0070 0.0040
2754     2754   (0)     29  : 0.0048 0.9864 0.0040 0.0048
2755     2755   (0)     29  : 0.0036 0.9794 0.0128 0.0042
2756     2756   (0)     29  : 0.0044 0.9856 0.0030 0.0070
2757     2757   (0)     29  : 0.0050 0.9874 0.0032 0.0044
2758     2758   (0)     29  : 0.0040 0.9894 0.0026 0.0040
2759     2759   (0)     29  : 0.0034 0.9890 0.0026 0.0050
2760     2760   (0)     29  : 0.0040 0.9884 0.0030 0.0046
2761     2761   (0)     29  : 0.0038 0.9878 0.0028 0.0056
2762     2762   (0)     29  : 0.0032 0.9912 0.0026 0.0030
2763     2763   (0)     29  : 0.0082 0.9810 0.0056 0.0052
2764     2764   (0)     29  : 0.0044 0.9884 0.0026 0.0046
2765     2765   (0)     29  : 0.0038 0.9898 0.0026 0.0038
2766     2766   (0)     29  : 0.0048 0.9834 0.0066 0.0052
2767     2767   (0)     29  : 0.0042 0.9884 0.0034 0.0040
2768     2768   (0)     29  : 0.0060 0.9816 0.0060 0.0064
2769     2769   (0)     29  : 0.0044 0.9878 0.0036 0.0042
2770     2770   (0)     29  : 0.0024 0.9928 0.0020 0.0028
2771     2771   (0)     29  : 0.0032 0.9896 0.0034 0.0038
2772     2772   (0)     29  : 0.0036 0.9898 0.0026 0.0040
2773     2773   (0)     29  : 0.0036 0.9900 0.0026 0.0038
2774     2774   (0)     29  : 0.0038 0.9874 0.0036 0.0052
2775     2775   (0)     29  : 0.0038 0.9892 0.0032 0.0038
2776     2776   (0)     29  : 0.0032 0.9912 0.0026 0.0030
2777     2777   (0)     29  : 0.0032 0.9912 0.0026 0.0030
2778     2778   (0)     29  : 0.0040 0.9882 0.0038 0.0040
2779     2779   (0)     29  : 0.0026 0.9908 0.0036 0.0030
2780     2780   (0)     29  : 0.0048 0.9744 0.0146 0.0062
2781     2781   (0)     29  : 0.0040 0.9876 0.0026 0.0058
2782     2782   (0)     29  : 0.0028 0.9910 0.0030 0.0032
2783     2783   (0)     29  : 0.0050 0.9830 0.0056 0.0064
2784     2784   (0)     29  : 0.0038 0.9876 0.0026 0.0060
2785     2785   (0)     29  : 0.0036 0.9894 0.0032 0.0038
2786     2786   (0)     29  : 0.0036 0.9898 0.0026 0.0040
2787     2787   (0)     29  : 0.0038 0.9894 0.0026 0.0042
2788     2788   (0)     29  : 0.0060 0.9754 0.0106 0.0080
2789     2789   (0)     29  : 0.0046 0.9838 0.0060 0.0056
2790     2790   (0)     29  : 0.0040 0.9864 0.0042 0.0054
2791     2791   (0)     29  : 0.0032 0.9908 0.0026 0.0034
2792     2792   (0)     29  : 0.0068 0.9728 0.0086 0.0118
2793     2793   (0)     29  : 0.0030 0.9920 0.0020 0.0030
2794     2794   (0)     29  : 0.0034 0.9910 0.0026 0.0030
2795     2795   (0)     29  : 0.0038 0.9882 0.0040 0.0040
2796     2796   (0)     29  : 0.0042 0.9892 0.0026 0.0040
2797     2797   (0)     29  : 0.0028 0.9916 0.0026 0.0030
2798     2798   (0)     29  : 0.0038 0.9886 0.0036 0.0040
2799     2799   (0)     29  : 0.0056 0.9880 0.0026 0.0038
2800     2800   (0)     29  : 0.0052 0.9874 0.0030 0.0044
2801     2801   (0)     29  : 0.0036 0.9862 0.0054 0.0048
2802     2802   (0)     29  : 0.0042 0.9882 0.0036 0.0040
2803     2803   (0)     29  : 0.0044 0.9874 0.0030 0.0052
2804     2804   (0)     29  : 0.0038 0.9882 0.0030 0.0050
2805     2805   (0)     29  : 0.0062 0.9842 0.0048 0.0048
2806     2806   (0)     29  : 0.0054 0.9728 0.0150 0.0068
2807     2807   (0)     29  : 0.0042 0.9844 0.0058 0.0056
2808     2808   (0)     29  : 0.0034 0.9890 0.0030 0.0046
2809     2809   (0)     29  : 0.0050 0.9866 0.0036 0.0048
2810     2810   (0)     29  : 0.0034 0.9890 0.0046 0.0030
2811     2811   (0)     29  : 0.0040 0.9882 0.0040 0.0038
2812     2812   (0)     29  : 0.0026 0.9916 0.0026 0.0032
2813     2813   (0)     29  : 0.0038 0.9888 0.0036 0.0038
2814     2814   (0)     29  : 0.0048 0.9838 0.0036 0.0078
2815     2815   (0)     29  : 0.0044 0.9888 0.0026 0.0042
2816     2816   (0)     29  : 0.0030 0.9914 0.0026 0.0030
2817     2817   (0)     29  : 0.0060 0.9824 0.0060 0.0056
2818     2818   (0)     29  : 0.0048 0.9858 0.0032 0.0062
2819     2819   (0)     29  : 0.0024 0.9918 0.0028 0.0030
2820     2820   (0)     29  : 0.0036 0.9906 0.0026 0.0032
2821     2821   (0)     29  : 0.0038 0.9892 0.0030 0.0040
2822     2822   (0)     29  : 0.0062 0.9834 0.0044 0.0060
2823     2823   (0)     29  : 0.0030 0.9914 0.0026 0.0030
2824     2824   (0)     29  : 0.0040 0.9796 0.0124 0.0040
2825     2825   (0)     29  : 0.0030 0.9910 0.0030 0.0030
2826     2826   (0)     29  : 0.0034 0.9904 0.0020 0.0042
2827     2827   (0)     29  : 0.0048 0.9822 0.0060 0.0070
2828     2828   (0)     29  : 0.0042 0.9830 0.0080 0.0048
2829     2829   (0)     29  : 0.0040 0.9864 0.0054 0.0042
2830     2830   (0)     29  : 0.0046 0.9878 0.0030 0.0046
2831     2831   (0)     29  : 0.0048 0.9822 0.0074 0.0056
2832     2832   (0)     29  : 0.0034 0.9898 0.0026 0.0042
2833     2833   (0)     29  : 0.0038 0.9884 0.0036 0.0042
2834     2834   (0)     29  : 0.0046 0.9864 0.0030 0.0060
2835     2835   (0)     29  : 0.0046 0.9870 0.0040 0.0044
2836     2836   (0)     29  : 0.0042 0.9894 0.0026 0.0038
2837     2837   (0)     29  : 0.0026 0.9918 0.0026 0.0030
2838     2838   (0)     29  : 0.0078 0.9820 0.0030 0.0072
2839     2839   (0)     29  : 0.0042 0.9892 0.0026 0.0040
2840     2840   (0)     29  : 0.0034 0.9910 0.0026 0.0030
2841     2841   (0)     29  : 0.0032 0.9902 0.0026 0.0040
2842     2842   (0)     29  : 0.0034 0.9892 0.0036 0.0038
2843     2843   (0)     29  : 0.0048 0.9840 0.0074 0.0038
2844     2844   (0)     29  : 0.0048 0.9878 0.0032 0.0042
2845     2845   (0)     29  : 0.0036 0.9890 0.0026 0.0048
2846     2846   (0)     29  : 0.0034 0.9902 0.0030 0.0034
2847     2847   (0)     29  : 0.0036 0.9882 0.0046 0.0036
2848     2848   (0)     29  : 0.0038 0.9892 0.0030 0.0040
2849     2849   (0)     29  : 0.0044 0.9884 0.0026 0.0046
2850     2850   (0)     29  : 0.0046 0.9874 0.0030 0.0050
2851     2851   (0)     29  : 0.0032 0.9908 0.0030 0.0030
2852     2852   (0)     29  : 0.0048 0.9884 0.0026 0.0042
2853     2853   (0)     29  : 0.0032 0.9906 0.0030 0.0032
2854     2854   (0)     29  : 0.0038 0.9904 0.0020 0.0038
2855     2855   (0)     29  : 0.0044 0.9820 0.0070 0.0066
2856     2856   (0)     29  : 0.0036 0.9902 0.0026 0.0036
2857     2857   (0)     29  : 0.0040 0.9886 0.0030 0.0044
2858     2858   (0)     29  : 0.0034 0.9908 0.0020 0.0038
2859     2859   (0)     29  : 0.0036 0.9892 0.0036 0.0036
2860     2860   (0)     29  : 0.0078 0.9714 0.0066 0.0142
2861     2861   (0)     29  : 0.0034 0.9898 0.0028 0.0040
2862     2862   (0)     29  : 0.0036 0.9900 0.0026 0.0038
2863     2863   (0)     29  : 0.0026 0.9914 0.0030 0.0030
2864     2864   (0)     29  : 0.0040 0.9886 0.0026 0.0048
2865     2865   (0)     29  : 0.0044 0.9828 0.0060 0.0068
2866     2866   (0)     29  : 0.0058 0.9812 0.0076 0.0054
2867     2867   (0)     29  : 0.0036 0.9876 0.0042 0.0046
2868     2868   (0)     29  : 0.0046 0.9870 0.0038 0.0046
2869     2869   (0)     29  : 0.0046 0.9864 0.0036 0.0054
2870     2870   (0)     29  : 0.0048 0.9832 0.0070 0.0050
2871     2871   (0)     29  : 0.0050 0.9846 0.0046 0.0058
2872     2872   (0)     29  : 0.0034 0.9904 0.0030 0.0032
2873     2873   (0)     29  : 0.0034 0.9900 0.0028 0.0038
2874     2874   (0)     29  : 0.0030 0.9906 0.0026 0.0038
2875     2875   (0)     29  : 0.0034 0.9908 0.0026 0.0032
2876     2876   (0)     29  : 0.0052 0.9860 0.0036 0.0052
2877     2877   (0)     29  : 0.0040 0.9882 0.0040 0.0038
2878     2878   (0)     29  : 0.0042 0.9892 0.0026 0.0040
2879     2879   (0)     29  : 0.0044 0.9872 0.0030 0.0054
2880     2880   (0)     29  : 0.0036 0.9908 0.0026 0.0030
2881     2881   (0)     29  : 0.0110 0.9458 0.0274 0.0158
2882     2882   (0)     29  : 0.0036 0.9892 0.0040 0.0032
2883     2883   (0)     29  : 0.0062 0.9826 0.0058 0.0054
2884     2884   (0)     29  : 0.0042 0.9898 0.0020 0.0040
2885     2885   (0)     29  : 0.0046 0.9860 0.0040 0.0054
2886     2886   (0)     29  : 0.0084 0.9704 0.0054 0.0158
2887     2887   (0)     29  : 0.0056 0.9808 0.0064 0.0072
2888     2888   (0)     29  : 0.0034 0.9908 0.0026 0.0032
2889     2889   (0)     29  : 0.0040 0.9896 0.0026 0.0038
2890     2890   (0)     29  : 0.0042 0.9878 0.0040 0.0040
2891     2891   (0)     29  : 0.0040 0.9896 0.0026 0.0038
2892     2892   (0)     29  : 0.0044 0.9874 0.0042 0.0040
2893     2893   (0)     29  : 0.0032 0.9912 0.0026 0.0030
2894     2894   (0)     29  : 0.0120 0.9428 0.0172 0.0280
2895     2895   (0)     29  : 0.0034 0.9896 0.0040 0.0030
2896     2896   (0)     29  : 0.0046 0.9886 0.0026 0.0042
2897     2897   (0)     29  : 0.0044 0.9878 0.0036 0.0042
2898     2898   (0)     29  : 0.0034 0.9910 0.0026 0.0030
2899     2899   (0)     29  : 0.0028 0.9914 0.0026 0.0032
2900     2900   (0)     29  : 0.0042 0.9892 0.0026 0.0040
2901     2901   (0)     29  : 0.0060 0.9726 0.0108 0.0106
2902     2902   (0)     29  : 0.0032 0.9904 0.0026 0.0038
2903     2903   (0)     29  : 0.0030 0.9916 0.0026 0.0028
2904     2904   (0)     29  : 0.0032 0.9910 0.0028 0.0030
2905     2905   (0)     29  : 0.0034 0.9868 0.0056 0.0042
2906     2906   (0)     29  : 0.0044 0.9888 0.0026 0.0042
2907     2907   (0)     29  : 0.0066 0.9766 0.0052 0.0116
2908     2908   (0)     29  : 0.0040 0.9884 0.0036 0.0040
2909     2909   (0)     29  : 0.0040 0.9890 0.0030 0.0040
2910     2910   (0)     29  : 0.0046 0.9868 0.0034 0.0052
2911     2911   (0)     29  : 0.0060 0.9822 0.0048 0.0070
2912     2912   (0)     29  : 0.0048 0.9796 0.0064 0.0092
2913     2913   (0)     29  : 0.0066 0.9820 0.0036 0.0078
2914     2914   (0)     29  : 0.0044 0.9866 0.0030 0.0060
2915     2915   (0)     29  : 0.0028 0.9922 0.0020 0.0030
2916     2916   (0)     29  : 0.0054 0.9878 0.0032 0.0036
2917     2917   (0)     29  : 0.0030 0.9914 0.0026 0.0030
2918     2918   (0)     29  : 0.0070 0.9718 0.0164 0.0048
2919     2919   (0)     29  : 0.0038 0.9874 0.0050 0.0038
2920     2920   (0)     29  : 0.0044 0.9884 0.0026 0.0046
2921     2921   (0)     29  : 0.0040 0.9878 0.0042 0.0040
2922     2922   (0)     29  : 0.0042 0.9880 0.0026 0.0052
2923     2923   (0)     29  : 0.0054 0.9830 0.0068 0.0048
2924     2924   (0)     29  : 0.0036 0.9814 0.0106 0.0044
2925     2925   (0)     29  : 0.0052 0.9828 0.0048 0.0072
2926     2926   (5)     30  : 0.0026 0.0034 0.9912 0.0028
2927     2927   (0)     30  : 0.0028 0.0040 0.9896 0.0036
2928     2928   (0)     30  : 0.0050 0.0048 0.9834 0.0068
2929     2929   (0)     30  : 0.0026 0.0022 0.9918 0.0034
2930     2930   (5)     30  : 0.0102 0.0036 0.9762 0.0100
2931     2931   (0)     30  : 0.0026 0.0026 0.9922 0.0026
2932     2932   (0)     30  : 0.0046 0.0036 0.9892 0.0026
2933     2933   (0)     30  : 0.0038 0.0026 0.9892 0.0044
2934     2934   (0)     30  : 0.0038 0.0036 0.9892 0.0034
2935     2935   (0)     30  : 0.0040 0.0036 0.9896 0.0028
2936     2936   (0)     30  : 0.0026 0.0026 0.9920 0.0028
2937     2937   (0)     30  : 0.0028 0.0026 0.9910 0.0036
2938     2938   (5)     30  : 0.0048 0.0030 0.9860 0.0062
2939     2939   (0)     30  : 0.0028 0.0032 0.9914 0.0026
2940     2940   (0)     30  : 0.0036 0.0026 0.9902 0.0036
2941     2941   (0)     30  : 0.0020 0.0026 0.9928 0.0026
2942     2942   (0)     30  : 0.0042 0.0026 0.9860 0.0072
2943     2943   (0)     30  : 0.0032 0.0042 0.9890 0.0036
2944     2944   (0)     30  : 0.0044 0.0072 0.9832 0.0052
2945     2945   (0)     30  : 0.0076 0.0066 0.9666 0.0192
2946     2946   (0)     30  : 0.0034 0.0026 0.9906 0.0034
2947     2947   (0)     30  : 0.0028 0.0032 0.9904 0.0036
2948     2948   (0)     30  : 0.0060 0.0108 0.9716 0.0116
2949     2949   (0)     30  : 0.0072 0.0054 0.9806 0.0068
2950     2950   (0)     30  : 0.0026 0.0032 0.9916 0.0026
2951     2951   (0)     30  : 0.0058 0.0102 0.9758 0.0082
2952     2952   (0)     30  : 0.0028 0.0026 0.9912 0.0034
2953     2953   (0)     31  : 0.0036 0.0026 0.9902 0.0036
2954     2954   (0)     31  : 0.0036 0.0036 0.9892 0.0036
2955     2955   (0)     31  : 0.0044 0.0042 0.9870 0.0044
2956     2956   (0)     31  : 0.0036 0.0034 0.9886 0.0044
2957     2957   (0)     31  : 0.0048 0.0112 0.9780 0.0060
2958     2958   (0)     31  : 0.0036 0.0042 0.9880 0.0042
2959     2959   (0)     31  : 0.0036 0.0034 0.9894 0.0036
2960     2960   (0)     31  : 0.0028 0.0026 0.9920 0.0026
2961     2961   (0)     31  : 0.0020 0.0026 0.9928 0.0026
2962     2962   (0)     31  : 0.0078 0.0046 0.9824 0.0052
2963     2963   (0)     31  : 0.0028 0.0026 0.9918 0.0028
2964     2964   (0)     31  : 0.0046 0.0044 0.9866 0.0044
2965     2965   (0)     31  : 0.0036 0.0042 0.9852 0.0070
2966     2966   (0)     31  : 0.0030 0.0026 0.9908 0.0036
2967     2967   (0)     31  : 0.0040 0.0030 0.9902 0.0028
2968     2968   (0)     31  : 0.0036 0.0026 0.9894 0.0044
2969     2969   (0)     31  : 0.0034 0.0026 0.9908 0.0032
2970     2970   (0)     31  : 0.0028 0.0026 0.9918 0.0028
2971     2971   (0)     31  : 0.0034 0.0036 0.9896 0.0034
2972     2972   (0)     31  : 0.0028 0.0026 0.9910 0.0036
2973     2973   (0)     31  : 0.0034 0.0026 0.9896 0.0044
2974     2974   (0)     31  : 0.0036 0.0026 0.9902 0.0036
2975     2975   (0)     31  : 0.0028 0.0032 0.9906 0.0034
2976     2976   (0)     31  : 0.0028 0.0026 0.9916 0.0030
2977     2977   (0)     31  : 0.0040 0.0046 0.9878 0.0036
2978     2978   (0)     31  : 0.0054 0.0034 0.9824 0.0088
2979     2979   (0)     31  : 0.0028 0.0026 0.9906 0.0040
2980     2980   (0)     31  : 0.0034 0.0048 0.9872 0.0046
2981     2981   (0)     31  : 0.0030 0.0042 0.9892 0.0036
2982     2982   (0)     31  : 0.0074 0.0080 0.9798 0.0048
2983     2983   (0)     31  : 0.0070 0.0086 0.9794 0.0050
2984     2984   (0)     31  : 0.0042 0.0026 0.9886 0.0046
2985     2985   (0)     31  : 0.0060 0.0090 0.9764 0.0086
2986     2986   (0)     31  : 0.0032 0.0026 0.9898 0.0044
2987     2987   (0)     31  : 0.0046 0.0036 0.9832 0.0086
2988     2988   (0)     31  : 0.0046 0.0044 0.9858 0.0052
2989     2989   (0)     31  : 0.0066 0.0188 0.9642 0.0104
2990     2990   (0)     31  : 0.0034 0.0044 0.9878 0.0044
2991     2991   (0)     31  : 0.0040 0.0062 0.9836 0.0062
2992     2992   (0)     31  : 0.0032 0.0042 0.9882 0.0044
2993     2993   (0)     31  : 0.0036 0.0026 0.9904 0.0034
2994     2994   (0)     31  : 0.0032 0.0034 0.9892 0.0042
2995     2995   (0)     31  : 0.0040 0.0036 0.9888 0.0036
2996     2996   (0)     31  : 0.0040 0.0036 0.9868 0.0056
2997     2997   (0)     31  : 0.0034 0.0020 0.9912 0.0034
2998     2998   (0)     31  : 0.0032 0.0032 0.9900 0.0036
2999     2999   (0)     31  : 0.0042 0.0020 0.9894 0.0044
3000     3000   (0)     31  : 0.0038 0.0026 0.9892 0.0044
3001     3001   (0)     31  : 0.0038 0.0036 0.9884 0.0042
3002     3002   (0)     31  : 0.0036 0.0026 0.9894 0.0044
3003     3003   (0)     31  : 0.0034 0.0026 0.9906 0.0034
3004     3004   (0)     31  : 0.0034 0.0036 0.9886 0.0044
3005     3005   (0)     31  : 0.0034 0.0032 0.9882 0.0052
3006     3006   (0)     31  : 0.0030 0.0026 0.9910 0.0034
3007     3007   (0)     31  : 0.0042 0.0028 0.9892 0.0038
3008     3008   (0)     31  : 0.0036 0.0034 0.9886 0.0044
3009     3009   (0)     31  : 0.0028 0.0020 0.9918 0.0034
3010     3010   (0)     31  : 0.0050 0.0066 0.9834 0.0050
3011     3011   (0)     31  : 0.0034 0.0064 0.9858 0.0044
3012     3012   (0)     31  : 0.0046 0.0028 0.9892 0.0034
3013     3013   (0)     31  : 0.0028 0.0026 0.9908 0.0038
3014     3014   (0)     31  : 0.0032 0.0026 0.9898 0.0044
3015     3015   (0)     31  : 0.0046 0.0036 0.9866 0.0052
3016     3016   (0)     31  : 0.0030 0.0042 0.9882 0.0046
3017     3017   (0)     31  : 0.0048 0.0042 0.9848 0.0062
3018     3018   (0)     31  : 0.0040 0.0026 0.9906 0.0028
3019     3019   (0)     31  : 0.0026 0.0032 0.9916 0.0026
3020     3020   (0)     31  : 0.0050 0.0036 0.9870 0.0044
3021     3021   (0)     31  : 0.0032 0.0076 0.9856 0.0036
3022     3022   (0)     31  : 0.0064 0.0036 0.9832 0.0068
3023     3023   (0)     31  : 0.0032 0.0036 0.9906 0.0026
3024     3024   (0)     31  : 0.0072 0.0046 0.9790 0.0092
3025     3025   (0)     31  : 0.0050 0.0056 0.9834 0.0060
3026     3026   (0)     31  : 0.0020 0.0020 0.9934 0.0026
3027     3027   (0)     31  : 0.0040 0.0042 0.9874 0.0044
3028     3028   (0)     31  : 0.0044 0.0052 0.9860 0.0044
3029     3029   (0)     31  : 0.0028 0.0042 0.9902 0.0028
3030     3030   (0)     31  : 0.0034 0.0026 0.9906 0.0034
3031     3031   (0)     31  : 0.0028 0.0026 0.9918 0.0028
3032     3032   (0)     31  : 0.0036 0.0086 0.9824 0.0054
3033     3033   (0)     31  : 0.0038 0.0108 0.9810 0.0044
3034     3034   (0)     31  : 0.0030 0.0032 0.9904 0.0034
3035     3035   (0)     31  : 0.0066 0.0042 0.9800 0.0092
3036     3036   (0)     31  : 0.0046 0.0044 0.9820 0.0090
3037     3037   (0)     31  : 0.0058 0.0148 0.9694 0.0100
3038     3038   (0)     31  : 0.0030 0.0054 0.9872 0.0044
3039     3039   (0)     31  : 0.0028 0.0026 0.9912 0.0034
3040     3040   (0)     31  : 0.0030 0.0026 0.9910 0.0034
3041     3041   (0)     31  : 0.0048 0.0054 0.9864 0.0034
3042     3042   (0)     31  : 0.0036 0.0042 0.9878 0.0044
3043     3043   (0)     31  : 0.0028 0.0026 0.9918 0.0028
3044     3044   (0)     31  : 0.0038 0.0064 0.9864 0.0034
3045     3045   (0)     31  : 0.0056 0.0044 0.9846 0.0054
3046     3046   (0)     31  : 0.0034 0.0048 0.9864 0.0054
3047     3047   (0)     31  : 0.0030 0.0034 0.9902 0.0034
3048     3048   (0)     31  : 0.0032 0.0036 0.9888 0.0044
3049     3049   (0)     31  : 0.0028 0.0026 0.9912 0.0034
3050     3050   (0)     31  : 0.0028 0.0026 0.9910 0.0036
3051     3051   (0)     31  : 0.0032 0.0020 0.9902 0.0046
3052     3052   (0)     31  : 0.0070 0.0040 0.9840 0.0050
3053     3053   (0)     31  : 0.0042 0.0044 0.9870 0.0044
3054     3054   (0)     31  : 0.0046 0.0042 0.9860 0.0052
3055     3055   (0)     31  : 0.0036 0.0026 0.9902 0.0036
3056     3056   (0)     31  : 0.0026 0.0020 0.9928 0.0026
3057     3057   (0)     31  : 0.0032 0.0042 0.9884 0.0042
3058     3058   (0)     31  : 0.0032 0.0034 0.9890 0.0044
3059     3059   (0)     31  : 0.0042 0.0036 0.9858 0.0064
3060     3060   (0)     31  : 0.0030 0.0032 0.9902 0.0036
3061     3061   (0)     31  : 0.0036 0.0026 0.9868 0.0070
3062     3062   (0)     31  : 0.0052 0.0044 0.9830 0.0074
3063     3063   (0)     31  : 0.0030 0.0026 0.9910 0.0034
3064     3064   (0)     31  : 0.0042 0.0050 0.9854 0.0054
3065     3065   (0)     31  : 0.0032 0.0026 0.9898 0.0044
3066     3066   (0)     31  : 0.0036 0.0036 0.9884 0.0044
3067     3067   (0)     31  : 0.0044 0.0052 0.9850 0.0054
3068     3068   (0)     31  : 0.0030 0.0032 0.9902 0.0036
3069     3069   (0)     31  : 0.0050 0.0042 0.9838 0.0070
3070     3070   (0)     31  : 0.0036 0.0036 0.9884 0.0044
3071     3071   (0)     31  : 0.0046 0.0036 0.9884 0.0034
3072     3072   (0)     31  : 0.0048 0.0030 0.9876 0.0046
3073     3073   (0)     31  : 0.0038 0.0042 0.9874 0.0046
3074     3074   (0)     31  : 0.0044 0.0042 0.9868 0.0046
3075     3075   (0)     31  : 0.0048 0.0042 0.9830 0.0080
3076     3076   (0)     31  : 0.0026 0.0020 0.9928 0.0026
3077     3077   (0)     31  : 0.0052 0.0084 0.9810 0.0054
3078     3078   (0)     31  : 0.0046 0.0030 0.9890 0.0034
3079     3079   (0)     31  : 0.0032 0.0026 0.9906 0.0036
3080     3080   (0)     31  : 0.0040 0.0042 0.9862 0.0056
3081     3081   (0)     31  : 0.0046 0.0036 0.9856 0.0062
3082     3082   (0)     31  : 0.0028 0.0034 0.9904 0.0034
3083     3083   (0)     31  : 0.0044 0.0030 0.9874 0.0052
3084     3084   (0)     31  : 0.0038 0.0036 0.9880 0.0046
3085     3085   (0)     31  : 0.0028 0.0026 0.9920 0.0026
3086     3086   (0)     31  : 0.0050 0.0074 0.9834 0.0042
3087     3087   (0)     31  : 0.0034 0.0026 0.9894 0.0046
3088     3088   (0)     31  : 0.0028 0.0026 0.9912 0.0034
3089     3089   (0)     31  : 0.0030 0.0042 0.9894 0.0034
3090     3090   (0)     31  : 0.0040 0.0064 0.9850 0.0046
3091     3091   (0)     31  : 0.0028 0.0026 0.9920 0.0026
3092     3092   (0)     31  : 0.0036 0.0056 0.9864 0.0044
3093     3093   (0)     31  : 0.0028 0.0026 0.9912 0.0034
3094     3094   (0)     31  : 0.0030 0.0048 0.9876 0.0046
3095     3095   (0)     31  : 0.0032 0.0036 0.9888 0.0044
3096     3096   (0)     31  : 0.0034 0.0026 0.9904 0.0036
3097     3097   (0)     31  : 0.0032 0.0042 0.9890 0.0036
3098     3098   (0)     31  : 0.0034 0.0026 0.9904 0.0036
3099     3099   (0)     31  : 0.0032 0.0020 0.9922 0.0026
3100     3100   (0)     31  : 0.0030 0.0032 0.9894 0.0044
3101     3101   (0)     31  : 0.0044 0.0052 0.9856 0.0048
3102     3102   (0)     31  : 0.0034 0.0026 0.9902 0.0038
3103     3103   (0)     31  : 0.0026 0.0032 0.9916 0.0026
3104     3104   (0)     31  : 0.0042 0.0042 0.9864 0.0052
3105     3105   (0)     31  : 0.0034 0.0026 0.9906 0.0034
3106     3106   (0)     31  : 0.0036 0.0026 0.9904 0.0034
3107     3107   (0)     31  : 0.0046 0.0044 0.9876 0.0034
3108     3108   (0)     31  : 0.0036 0.0026 0.9894 0.0044
3109     3109   (0)     31  : 0.0036 0.0036 0.9894 0.0034
3110     3110   (0)     31  : 0.0040 0.0026 0.9898 0.0036
3111     3111   (0)     31  : 0.0042 0.0056 0.9858 0.0044
3112     3112   (0)     31  : 0.0038 0.0020 0.9880 0.0062
3113     3113   (0)     31  : 0.0042 0.0036 0.9868 0.0054
3114     3114   (0)     31  : 0.0030 0.0026 0.9916 0.0028
3115     3115   (0)     31  : 0.0032 0.0026 0.9906 0.0036
3116     3116   (0)     31  : 0.0030 0.0020 0.9916 0.0034
3117     3117   (0)     31  : 0.0034 0.0026 0.9906 0.0034
3118     3118   (0)     31  : 0.0028 0.0020 0.9924 0.0028
3119     3119   (0)     31  : 0.0036 0.0050 0.9868 0.0046
3120     3120   (0)     31  : 0.0030 0.0026 0.9904 0.0040
3121     3121   (0)     31  : 0.0030 0.0032 0.9904 0.0034
3122     3122   (0)     31  : 0.0030 0.0032 0.9896 0.0042
3123     3123   (0)     31  : 0.0032 0.0026 0.9914 0.0028
3124     3124   (0)     31  : 0.0028 0.0026 0.9918 0.0028
3125     3125   (0)     31  : 0.0022 0.0026 0.9924 0.0028
3126     3126   (0)     31  : 0.0028 0.0026 0.9910 0.0036
3127     3127   (0)     31  : 0.0036 0.0042 0.9882 0.0040
3128     3128   (0)     31  : 0.0034 0.0026 0.9906 0.0034
3129     3129   (0)     31  : 0.0028 0.0026 0.9918 0.0028
3130     3130   (0)     31  : 0.0040 0.0036 0.9880 0.0044
3131     3131   (0)     31  : 0.0028 0.0026 0.9918 0.0028
3132     3132   (0)     31  : 0.0038 0.0048 0.9860 0.0054
3133     3133   (0)     31  : 0.0030 0.0020 0.9916 0.0034
3134     3134   (0)     31  : 0.0044 0.0052 0.9844 0.0060
3135     3135   (0)     31  : 0.0040 0.0026 0.9900 0.0034
3136     3136   (0)     31  : 0.0060 0.0054 0.9842 0.0044
3137     3137   (0)     31  : 0.0036 0.0034 0.9896 0.0034
3138     3138   (0)     31  : 0.0042 0.0166 0.9738 0.0054
3139     3139   (0)     31  : 0.0058 0.0090 0.9762 0.0090
3140     3140   (0)     31  : 0.0036 0.0036 0.9884 0.0044
3141     3141   (0)     31  : 0.0028 0.0036 0.9906 0.0030
3142     3142   (0)     31  : 0.0028 0.0026 0.9918 0.0028
3143     3143   (0)     31  : 0.0038 0.0028 0.9900 0.0034
3144     3144   (0)     31  : 0.0026 0.0026 0.9922 0.0026
3145     3145   (0)     31  : 0.0038 0.0034 0.9882 0.0046
3146     3146   (0)     31  : 0.0034 0.0026 0.9906 0.0034
3147     3147   (0)     31  : 0.0040 0.0026 0.9890 0.0044
3148     3148   (0)     31  : 0.0042 0.0036 0.9852 0.0070
3149     3149   (0)     31  : 0.0030 0.0034 0.9902 0.0034
3150     3150   (0)     31  : 0.0032 0.0026 0.9898 0.0044
3151     3151   (0)     31  : 0.0074 0.0046 0.9780 0.0100
3152     3152   (0)     31  : 0.0042 0.0026 0.9874 0.0058
3153     3153   (0)     31  : 0.0030 0.0026 0.9908 0.0036
3154     3154   (0)     31  : 0.0028 0.0026 0.9912 0.0034
3155     3155   (0)     31  : 0.0050 0.0046 0.9854 0.0050
3156     3156   (0)     31  : 0.0034 0.0028 0.9910 0.0028
3157     3157   (0)     31  : 0.0036 0.0042 0.9884 0.0038
3158     3158   (0)     31  : 0.0030 0.0026 0.9908 0.0036
3159     3159   (0)     31  : 0.0054 0.0036 0.9824 0.0086
3160     3160   (0)     31  : 0.0038 0.0026 0.9892 0.0044
3161     3161   (0)     31  : 0.0032 0.0026 0.9890 0.0052
3162     3162   (0)     31  : 0.0036 0.0050 0.9878 0.0036
3163     3163   (0)     31  : 0.0040 0.0052 0.9862 0.0046
3164     3164   (0)     31  : 0.0046 0.0074 0.9834 0.0046
3165     3165   (0)     31  : 0.0036 0.0026 0.9902 0.0036
3166     3166   (0)     31  : 0.0034 0.0042 0.9872 0.0052
3167     3167   (0)     31  : 0.0026 0.0026 0.9922 0.0026
3168     3168   (0)     31  : 0.0064 0.0046 0.9808 0.0082
3169     3169   (0)     31  : 0.0048 0.0048 0.9848 0.0056
3170     3170   (0)     31  : 0.0036 0.0042 0.9888 0.0034
3171     3171   (0)     31  : 0.0034 0.0034 0.9896 0.0036
3172     3172   (0)     31  : 0.0058 0.0044 0.9840 0.0058
3173     3173   (0)     31  : 0.0030 0.0026 0.9910 0.0034
3174     3174   (0)     31  : 0.0042 0.0082 0.9840 0.0036
3175     3175   (0)     31  : 0.0030 0.0026 0.9910 0.0034
3176     3176   (0)     31  : 0.0032 0.0026 0.9916 0.0026
3177     3177   (0)     31  : 0.0044 0.0050 0.9844 0.0062
3178     3178   (0)     31  : 0.0038 0.0036 0.9882 0.0044
3179     3179   (0)     31  : 0.0032 0.0026 0.9914 0.0028
3180     3180   (0)     31  : 0.0036 0.0026 0.9882 0.0056
3181     3181   (0)     31  : 0.0034 0.0036 0.9902 0.0028
3182     3182   (0)     31  : 0.0036 0.0026 0.9892 0.0046
3183     3183   (0)     31  : 0.0030 0.0032 0.9904 0.0034
3184     3184   (0)     31  : 0.0036 0.0032 0.9880 0.0052
3185     3185   (0)     31  : 0.0038 0.0042 0.9866 0.0054
3186     3186   (0)     31  : 0.0036 0.0026 0.9894 0.0044
3187     3187   (0)     31  : 0.0042 0.0042 0.9846 0.0070
3188     3188   (0)     31  : 0.0048 0.0180 0.9706 0.0066
3189     3189   (0)     31  : 0.0046 0.0064 0.9830 0.0060
3190     3190   (0)     31  : 0.0028 0.0026 0.9912 0.0034
3191     3191   (0)     31  : 0.0052 0.0052 0.9842 0.0054
3192     3192   (0)     31  : 0.0062 0.0108 0.9702 0.0128
3193     3193   (0)     31  : 0.0040 0.0026 0.9880 0.0054
3194     3194   (0)     31  : 0.0034 0.0036 0.9902 0.0028
3195     3195   (0)     31  : 0.0032 0.0028 0.9914 0.0026
3196     3196   (0)     31  : 0.0046 0.0036 0.9832 0.0086
3197     3197   (0)     31  : 0.0026 0.0026 0.9914 0.0034
3198     3198   (0)     31  : 0.0066 0.0042 0.9800 0.0092
3199     3199   (0)     31  : 0.0028 0.0036 0.9910 0.0026
3200     3200   (0)     31  : 0.0036 0.0036 0.9892 0.0036
3201     3201   (0)     31  : 0.0026 0.0020 0.9928 0.0026
3202     3202   (0)     31  : 0.0038 0.0048 0.9872 0.0042
3203     3203   (0)     31  : 0.0048 0.0036 0.9870 0.0046
3204     3204   (0)     31  : 0.0028 0.0026 0.9912 0.0034
3205     3205   (0)     31  : 0.0034 0.0048 0.9874 0.0044
3206     3206   (0)     31  : 0.0028 0.0034 0.9904 0.0034
3207     3207   (0)     31  : 0.0082 0.0442 0.9382 0.0094
3208     3208   (0)     31  : 0.0028 0.0026 0.9920 0.0026
3209     3209   (0)     31  : 0.0046 0.0108 0.9794 0.0052
3210     3210   (0)     31  : 0.0038 0.0036 0.9882 0.0044
3211     3211   (0)     31  : 0.0032 0.0032 0.9900 0.0036
3212     3212   (0)     31  : 0.0038 0.0042 0.9876 0.0044
3213     3213   (0)     31  : 0.0036 0.0036 0.9884 0.0044
3214     3214   (0)     31  : 0.0040 0.0054 0.9862 0.0044
3215     3215   (0)     31  : 0.0034 0.0042 0.9880 0.0044
3216     3216   (0)     31  : 0.0030 0.0042 0.9892 0.0036
3217     3217   (0)     31  : 0.0036 0.0036 0.9890 0.0038
3218     3218   (0)     31  : 0.0028 0.0026 0.9918 0.0028
3219     3219   (0)     31  : 0.0050 0.0080 0.9798 0.0072
3220     3220   (0)     31  : 0.0076 0.0058 0.9754 0.0112
3221     3221   (0)     31  : 0.0028 0.0026 0.9918 0.0028
3222     3222   (0)     31  : 0.0026 0.0026 0.9914 0.0034
3223     3223   (0)     31  : 0.0048 0.0036 0.9880 0.0036
3224     3224   (0)     31  : 0.0036 0.0034 0.9874 0.0056
3225     3225   (0)     31  : 0.0032 0.0048 0.9876 0.0044
3226     3226   (0)     31  : 0.0040 0.0034 0.9870 0.0056
3227     3227   (0)     31  : 0.0054 0.0110 0.9762 0.0074
3228     3228   (0)     31  : 0.0032 0.0026 0.9916 0.0026
3229     3229   (0)     31  : 0.0038 0.0034 0.9884 0.0044
3230     3230   (0)     31  : 0.0030 0.0036 0.9900 0.0034
3231     3231   (0)     31  : 0.0042 0.0030 0.9892 0.0036
3232     3232   (0)     31  : 0.0040 0.0036 0.9896 0.0028
3233     3233   (0)     31  : 0.0040 0.0080 0.9834 0.0046
3234     3234   (0)     31  : 0.0038 0.0026 0.9882 0.0054
3235     3235   (0)     31  : 0.0030 0.0026 0.9902 0.0042
3236     3236   (0)     31  : 0.0036 0.0026 0.9904 0.0034
3237     3237   (0)     31  : 0.0076 0.0036 0.9794 0.0094
3238     3238   (0)     31  : 0.0042 0.0048 0.9858 0.0052
3239     3239   (0)     31  : 0.0034 0.0034 0.9868 0.0064
3240     3240   (0)     31  : 0.0034 0.0042 0.9872 0.0052
3241     3241   (0)     31  : 0.0034 0.0042 0.9888 0.0036
3242     3242   (0)     31  : 0.0036 0.0042 0.9886 0.0036
3243     3243   (0)     31  : 0.0034 0.0026 0.9896 0.0044
3244     3244   (0)     31  : 0.0034 0.0036 0.9896 0.0034
3245     3245   (0)     31  : 0.0034 0.0064 0.9868 0.0034
3246     3246   (0)     31  : 0.0032 0.0026 0.9916 0.0026
3247     3247   (0)     31  : 0.0030 0.0026 0.9910 0.0034
3248     3248   (0)     31  : 0.0030 0.0034 0.9900 0.0036
3249     3249   (0)     31  : 0.0028 0.0026 0.9918 0.0028
3250     3250   (0)     31  : 0.0044 0.0038 0.9874 0.0044
3251     3251   (0)     31  : 0.0046 0.0034 0.9868 0.0052
3252     3252   (0)     31  : 0.0040 0.0034 0.9872 0.0054
3253     3253   (0)     32  : 0.2012 0.0032 0.0062 0.7894
3254     3254   (0)     32  : 0.2006 0.0066 0.0162 0.7766
3255     3255   (0)     32  : 0.2012 0.0048 0.0086 0.7854
3256     3256   (0)     32  : 0.1986 0.0038 0.0244 0.7732
3257     3257   (0)     32  : 0.2020 0.0062 0.0066 0.7852
3258     3258   (0)     32  : 0.1986 0.0172 0.0424 0.7418
3259     3259   (0)     32  : 0.2008 0.0082 0.0234 0.7676
3260     3260   (0)     32  : 0.2010 0.0040 0.0046 0.7904
3261     3261   (0)     32  : 0.2016 0.0032 0.0052 0.7900
3262     3262   (0)     32  : 0.1990 0.0146 0.0082 0.7782
3263     3263   (0)     32  : 0.2016 0.0046 0.0082 0.7856
3264     3264   (0)     32  : 0.2020 0.0032 0.0120 0.7828
3265     3265   (0)     32  : 0.2016 0.0060 0.0052 0.7872
3266     3266   (0)     32  : 0.1988 0.0080 0.0172 0.7760
3267     3267   (0)     32  : 0.2024 0.0044 0.0098 0.7834
3268     3268   (0)     32  : 0.1998 0.0108 0.0172 0.7722
3269     3269   (0)     32  : 0.1824 0.0054 0.1706 0.6415
3270     3270   (0)     32  : 0.2076 0.0084 0.0150 0.7690
3271     3271   (0)     32  : 0.2022 0.0282 0.0124 0.7572
3272     3272   (0)     32  : 0.2010 0.0034 0.0172 0.7784
3273     3273   (0)     32  : 0.2022 0.0264 0.0182 0.7532
3274     3274   (0)     32  : 0.2018 0.0284 0.0168 0.7530
3275     3275   (5)     32  : 0.2014 0.0116 0.0146 0.7724
3276     3276   (0)     32  : 0.2022 0.0034 0.0174 0.7770
3277     3277   (0)     32  : 0.2038 0.0134 0.0608 0.7221
3278     3278   (0)     32  : 0.2028 0.0050 0.0064 0.7858
3279     3279   (0)     32  : 0.2008 0.0428 0.0116 0.7448
3280     3280   (0)     32  : 0.2024 0.0066 0.0244 0.7666
3281     3281   (0)     32  : 0.2002 0.0570 0.0050 0.7378
3282     3282   (0)     32  : 0.2016 0.0026 0.0112 0.7846
3283     3283   (5)     32  : 0.2018 0.0040 0.0082 0.7860
3284     3284   (0)     32  : 0.1992 0.0068 0.0510 0.7430
3285     3285   (0)     32  : 0.2020 0.0092 0.0068 0.7820
3286     3286   (0)     32  : 0.2016 0.0032 0.0076 0.7876
3287     3287   (0)     32  : 0.2016 0.0554 0.0100 0.7330
3288     3288   (0)     32  : 0.1990 0.0046 0.0068 0.7896
3289     3289   (5)     32  : 0.1996 0.0078 0.0120 0.7806
3290     3290   (5)     32  : 0.2026 0.0206 0.0462 0.7306
3291     3291   (5)     32  : 0.2030 0.0088 0.0144 0.7738
3292     3292   (5)     32  : 0.2054 0.0076 0.0040 0.7830
3293     3293   (0)     33  : 0.2012 0.0056 0.0184 0.7748
3294     3294   (0)     33  : 0.1994 0.0092 0.0130 0.7784
3295     3295   (0)     33  : 0.2016 0.0414 0.0054 0.7516
3296     3296   (0)     33  : 0.2014 0.0108 0.0034 0.7844
3297     3297   (0)     33  : 0.2020 0.0074 0.0064 0.7842
3298     3298   (0)     33  : 0.2006 0.0042 0.0056 0.7896
3299     3299   (0)     33  : 0.2008 0.0078 0.0076 0.7838
3300     3300   (0)     33  : 0.2032 0.1018 0.0058 0.6892
3301     3301   (0)     33  : 0.1992 0.0226 0.0226 0.7556
3302     3302   (0)     33  : 0.2020 0.0044 0.0140 0.7796
3303     3303   (0)     33  : 0.2006 0.0076 0.0308 0.7610
3304     3304   (0)     33  : 0.2036 0.0068 0.0080 0.7816
3305     3305   (0)     33  : 0.2022 0.0116 0.0062 0.7800
3306     3306   (0)     33  : 0.2026 0.0036 0.0180 0.7758
3307     3307   (0)     33  : 0.2014 0.0062 0.0116 0.7808
3308     3308   (0)     33  : 0.2008 0.0098 0.0116 0.7778
3309     3309   (0)     33  : 0.2054 0.0478 0.0084 0.7384
3310     3310   (0)     33  : 0.2016 0.0168 0.0096 0.7720
3311     3311   (0)     33  : 0.2014 0.0136 0.0100 0.7750
3312     3312   (0)     33  : 0.2014 0.0050 0.0094 0.7842
3313     3313   (0)     33  : 0.2006 0.0138 0.0048 0.7808
3314     3314   (0)     33  : 0.1986 0.0056 0.0368 0.7590
3315     3315   (0)     33  : 0.2058 0.0044 0.0040 0.7858
3316     3316   (0)     33  : 0.1992 0.0174 0.0150 0.7684
3317     3317   (0)     33  : 0.1982 0.0036 0.0538 0.7444
3318     3318   (0)     33  : 0.2036 0.0086 0.0178 0.7700
3319     3319   (0)     33  : 0.2034 0.0026 0.0032 0.7908
3320     3320   (0)     33  : 0.2034 0.0080 0.0040 0.7846
3321     3321   (0)     33  : 0.2008 0.0068 0.0422 0.7502
3322     3322   (0)     33  : 0.2028 0.0060 0.0172 0.7740
3323     3323   (0)     33  : 0.1994 0.0060 0.0082 0.7864
3324     3324   (0)     33  : 0.2002 0.0052 0.0090 0.7856
3325     3325   (0)     33  : 0.2026 0.0056 0.0048 0.7870
3326     3326   (0)     33  : 0.2014 0.0034 0.0044 0.7908
3327     3327   (0)     33  : 0.2026 0.0084 0.0164 0.7726
3328     3328   (0)     33  : 0.2014 0.0042 0.0154 0.7790
3329     3329   (0)     33  : 0.2062 0.0086 0.0056 0.7796
3330     3330   (0)     33  : 0.2016 0.0034 0.0032 0.7918
3331     3331   (0)     33  : 0.2020 0.0094 0.0096 0.7790
3332     3332   (0)     33  : 0.1954 0.0114 0.0216 0.7716
3333     3333   (0)     33  : 0.2006 0.0036 0.0576 0.7382
3334     3334   (0)     33  : 0.2000 0.0086 0.0076 0.7838
3335     3335   (0)     33  : 0.2024 0.0070 0.0166 0.7740
3336     3336   (0)     33  : 0.2016 0.0056 0.0086 0.7842
3337     3337   (0)     33  : 0.2022 0.0036 0.0166 0.7776
3338     3338   (0)     33  : 0.2094 0.0170 0.0090 0.7646
3339     3339   (0)     33  : 0.2056 0.0128 0.0100 0.7716
3340     3340   (0)     33  : 0.2024 0.0050 0.0076 0.7850
3341     3341   (0)     33  : 0.2018 0.0100 0.0068 0.7814
3342     3342   (0)     33  : 0.2058 0.0058 0.0106 0.7778
3343     3343   (0)     33  : 0.2038 0.0100 0.0230 0.7632
3344     3344   (0)     33  : 0.1998 0.0034 0.0848 0.7120
3345     3345   (0)     33  : 0.2006 0.0062 0.0100 0.7832
3346     3346   (0)     33  : 0.2022 0.0034 0.0396 0.7548
3347     3347   (0)     33  : 0.2052 0.0044 0.0338 0.7566
3348     3348   (0)     33  : 0.2034 0.0166 0.0104 0.7696
3349     3349   (0)     33  : 0.2024 0.0060 0.0118 0.7798
3350     3350   (0)     33  : 0.2026 0.0034 0.0214 0.7726
3351     3351   (0)     33  : 0.1984 0.0048 0.0034 0.7934
3352     3352   (0)     33  : 0.2006 0.0058 0.0042 0.7894
3353     3353   (0)     33  : 0.1994 0.0026 0.0212 0.7768
3354     3354   (0)     33  : 0.2004 0.0066 0.0048 0.7882
3355     3355   (0)     33  : 0.2014 0.0042 0.0084 0.7860
3356     3356   (0)     33  : 0.2050 0.0126 0.0152 0.7672
3357     3357   (0)     33  : 0.2086 0.0080 0.0178 0.7656
3358     3358   (0)     33  : 0.2014 0.0042 0.0046 0.7898
3359     3359   (0)     33  : 0.1988 0.0042 0.0282 0.7688
3360     3360   (0)     33  : 0.2038 0.0090 0.0180 0.7692
3361     3361   (0)     33  : 0.2040 0.0408 0.0236 0.7316
3362     3362   (0)     33  : 0.2022 0.0082 0.0078 0.7818
3363     3363   (0)     33  : 0.2012 0.0046 0.0190 0.7752
3364     3364   (0)     33  : 0.2024 0.0046 0.0112 0.7818
3365     3365   (0)     33  : 0.2020 0.0042 0.0080 0.7858
3366     3366   (0)     33  : 0.2018 0.0036 0.0078 0.7868
3367     3367   (0)     33  : 0.2002 0.0072 0.0874 0.7052
3368     3368   (0)     33  : 0.2002 0.0032 0.0134 0.7832
3369     3369   (0)     33  : 0.2014 0.0042 0.0530 0.7414
3370     3370   (0)     33  : 0.1992 0.0106 0.0710 0.7192
3371     3371   (0)     33  : 0.2010 0.0034 0.0126 0.7830
3372     3372   (0)     33  : 0.1998 0.0142 0.0190 0.7670
3373     3373   (0)     33  : 0.2016 0.0048 0.0146 0.7790
3374     3374   (0)     33  : 0.1994 0.0044 0.0206 0.7756
3375     3375   (0)     33  : 0.2018 0.0214 0.0140 0.7628
3376     3376   (0)     33  : 0.2016 0.0068 0.0184 0.7732
3377     3377   (0)     33  : 0.2030 0.0046 0.0068 0.7856
3378     3378   (0)     33  : 0.2054 0.0106 0.0126 0.7714
3379     3379   (0)     33  : 0.2018 0.0052 0.0082 0.7848
3380     3380   (0)     33  : 0.2032 0.0042 0.0154 0.7772
3381     3381   (0)     33  : 0.1990 0.0876 0.0064 0.7070
3382     3382   (0)     33  : 0.2014 0.0062 0.0082 0.7842
3383     3383   (0)     33  : 0.2032 0.1034 0.0070 0.6864
3384     3384   (0)     33  : 0.2022 0.0070 0.0480 0.7428
3385     3385   (0)     33  : 0.2034 0.0048 0.0062 0.7856
3386     3386   (0)     33  : 0.2002 0.0042 0.0074 0.7882
3387     3387   (0)     33  : 0.2006 0.0054 0.0180 0.7760
3388     3388   (0)     33  : 0.2022 0.0062 0.0088 0.7828
3389     3389   (0)     33  : 0.1966 0.0086 0.1028 0.6920
3390     3390   (0)     33  : 0.2006 0.0132 0.0074 0.7788
3391     3391   (0)     33  : 0.2014 0.0414 0.0094 0.7478
3392     3392   (0)     33  : 0.2010 0.0092 0.0172 0.7726
3393     3393   (0)     33  : 0.2020 0.0048 0.0810 0.7122
3394     3394   (0)     33  : 0.2010 0.0206 0.0108 0.7676
3395     3395   (0)     33  : 0.2026 0.0042 0.0074 0.7858
3396     3396   (0)     33  : 0.2012 0.0070 0.0088 0.7830
3397     3397   (0)     33  : 0.2018 0.0192 0.0288 0.7502
3398     3398   (0)     33  : 0.2024 0.0202 0.0458 0.7316
3399     3399   (0)     33  : 0.2024 0.0050 0.0122 0.7804
3400     3400   (0)     33  : 0.2012 0.0146 0.0152 0.7690
3401     3401   (0)     33  : 0.2004 0.0042 0.0054 0.7900
3402     3402   (0)     33  : 0.2006 0.0036 0.0162 0.7796
3403     3403   (0)     33  : 0.2030 0.0088 0.0108 0.7774
3404     3404   (0)     33  : 0.1992 0.0090 0.0180 0.7738
3405     3405   (0)     33  : 0.1984 0.0036 0.0092 0.7888
3406     3406   (0)     33  : 0.2048 0.0054 0.0088 0.7810
3407     3407   (0)     33  : 0.2016 0.0106 0.0140 0.7738
3408     3408   (0)     33  : 0.2028 0.0084 0.0040 0.7848
3409     3409   (0)     33  : 0.2018 0.0064 0.0116 0.7802
3410     3410   (0)     33  : 0.2008 0.0096 0.0154 0.7742
3411     3411   (0)     33  : 0.1978 0.0048 0.0292 0.7682
3412     3412   (0)     33  : 0.2016 0.0062 0.0288 0.7634
3413     3413   (0)     33  : 0.2014 0.0046 0.0062 0.7878
3414     3414   (0)     33  : 0.2026 0.0066 0.0106 0.7802
3415     3415   (0)     33  : 0.2006 0.0156 0.0040 0.7798
3416     3416   (0)     33  : 0.2018 0.0034 0.0052 0.7896
3417     3417   (0)     33  : 0.2018 0.0046 0.0078 0.7858
3418     3418   (0)     33  : 0.2112 0.0282 0.0134 0.7472
3419     3419   (0)     33  : 0.2024 0.0034 0.0088 0.7854
3420     3420   (0)     33  : 0.2004 0.0026 0.0950 0.7020
3421     3421   (0)     33  : 0.2010 0.0036 0.0076 0.7878
3422     3422   (0)     33  : 0.2010 0.0130 0.0054 0.7806
3423     3423   (0)     33  : 0.2008 0.0060 0.0040 0.7892
3424     3424   (0)     33  : 0.2008 0.0368 0.0124 0.7500
3425     3425   (0)     33  : 0.2026 0.0068 0.0040 0.7866
3426     3426   (0)     33  : 0.2008 0.0068 0.0162 0.7762
3427     3427   (0)     33  : 0.2010 0.0072 0.0054 0.7864
3428     3428   (0)     33  : 0.1996 0.0094 0.0544 0.7366
3429     3429   (0)     33  : 0.2020 0.0034 0.0042 0.7904
3430     3430   (0)     33  : 0.2018 0.0062 0.0058 0.7862
3431     3431   (0)     33  : 0.1998 0.0070 0.0068 0.7864
3432     3432   (0)     33  : 0.2008 0.0078 0.0188 0.7726
3433     3433   (0)     33  : 0.2048 0.0104 0.0094 0.7754
3434     3434   (0)     33  : 0.2008 0.0054 0.0042 0.7896
3435     3435   (0)     33  : 0.1986 0.0270 0.0056 0.7688
3436     3436   (0)     33  : 0.2024 0.0128 0.0112 0.7736
3437     3437   (0)     33  : 0.2010 0.0046 0.0534 0.7410
3438     3438   (0)     33  : 0.2042 0.0086 0.0090 0.7782
3439     3439   (0)     33  : 0.2008 0.0254 0.0082 0.7656
3440     3440   (0)     33  : 0.2040 0.0208 0.0072 0.7680
3441     3441   (0)     33  : 0.2012 0.0128 0.0056 0.7804
3442     3442   (0)     33  : 0.2020 0.0046 0.0136 0.7798
3443     3443   (0)     33  : 0.2006 0.0172 0.0050 0.7772
3444     3444   (0)     33  : 0.2022 0.0088 0.0194 0.7696
3445     3445   (0)     33  : 0.2048 0.0122 0.0126 0.7704
3446     3446   (0)     33  : 0.2020 0.0088 0.0080 0.7812
3447     3447   (0)     33  : 0.2014 0.0042 0.0122 0.7822
3448     3448   (0)     33  : 0.1998 0.0052 0.0296 0.7654
3449     3449   (0)     33  : 0.2010 0.0074 0.0212 0.7704
3450     3450   (0)     33  : 0.2028 0.0124 0.0070 0.7778
3451     3451   (0)     33  : 0.2006 0.0068 0.0242 0.7684
3452     3452   (0)     33  : 0.2006 0.0028 0.0108 0.7858
3453     3453   (0)     33  : 0.2016 0.0366 0.0172 0.7446
3454     3454   (0)     33  : 0.2020 0.0148 0.0060 0.7772
3455     3455   (0)     33  : 0.2012 0.0032 0.0116 0.7840
3456     3456   (0)     33  : 0.1996 0.0138 0.0050 0.7816
3457     3457   (0)     33  : 0.2012 0.0050 0.0402 0.7536
3458     3458   (0)     33  : 0.2010 0.0052 0.0056 0.7882
3459     3459   (0)     33  : 0.2008 0.0040 0.0068 0.7884
3460     3460   (0)     33  : 0.2004 0.0042 0.0158 0.7796
3461     3461   (0)     33  : 0.2014 0.0034 0.0102 0.7850
3462     3462   (0)     33  : 0.2024 0.0030 0.0056 0.7890
3463     3463   (0)     33  : 0.1962 0.1394 0.0384 0.6261
3464     3464   (0)     33  : 0.2016 0.0040 0.0248 0.7696
3465     3465   (0)     33  : 0.2010 0.0084 0.0250 0.7656
3466     3466   (0)     33  : 0.2020 0.0050 0.0478 0.7452
3467     3467   (0)     33  : 0.2020 0.0062 0.0070 0.7848
3468     3468   (0)     33  : 0.2008 0.0034 0.0528 0.7430
3469     3469   (0)     33  : 0.1994 0.0042 0.0120 0.7844
3470     3470   (0)     33  : 0.2014 0.0150 0.0062 0.7774
3471     3471   (0)     33  : 0.1986 0.0218 0.0260 0.7536
3472     3472   (0)     33  : 0.2010 0.0372 0.0194 0.7424
3473     3473   (0)     33  : 0.2020 0.0034 0.0094 0.7852
3474     3474   (0)     33  : 0.2064 0.0046 0.0274 0.7616
3475     3475   (0)     33  : 0.2004 0.0090 0.0042 0.7864
3476     3476   (0)     33  : 0.2006 0.0284 0.0182 0.7528
3477     3477   (0)     33  : 0.2004 0.0484 0.0078 0.7434
3478     3478   (0)     33  : 0.2012 0.0110 0.0652 0.7226
3479     3479   (0)     33  : 0.2026 0.0154 0.0152 0.7668
3480     3480   (0)     33  : 0.2016 0.0052 0.0100 0.7832
3481     3481   (0)     33  : 0.2024 0.0044 0.0078 0.7854
3482     3482   (0)     33  : 0.2010 0.0042 0.0040 0.7908
3483     3483   (0)     33  : 0.2016 0.0072 0.0128 0.7784
3484     3484   (0)     33  : 0.2058 0.0126 0.0124 0.7692
3485     3485   (0)     33  : 0.2022 0.0034 0.0048 0.7896
3486     3486   (0)     33  : 0.2040 0.0044 0.0104 0.7812
3487     3487   (0)     33  : 0.2006 0.0038 0.0214 0.7742
3488     3488   (0)     33  : 0.1822 0.0058 0.1988 0.6131
3489     3489   (0)     33  : 0.2006 0.0214 0.0108 0.7672
3490     3490   (0)     33  : 0.2014 0.0048 0.0120 0.7818
3491     3491   (0)     33  : 0.2018 0.0094 0.0102 0.7786
3492     3492   (0)     33  : 0.1968 0.0066 0.0476 0.7490
3493     3493   (0)     33  : 0.2004 0.0032 0.0404 0.7560
3494     3494   (0)     33  : 0.2028 0.0042 0.0044 0.7886
3495     3495   (0)     33  : 0.2010 0.0064 0.0042 0.7884
3496     3496   (0)     33  : 0.1986 0.0074 0.0266 0.7674
3497     3497   (0)     33  : 0.1998 0.0080 0.0408 0.7514
3498     3498   (0)     33  : 0.2032 0.0108 0.0068 0.7792
3499     3499   (0)     33  : 0.1988 0.0056 0.0352 0.7604
3500     3500   (0)     33  : 0.1990 0.0048 0.0174 0.7788
3501     3501   (0)     33  : 0.2028 0.0036 0.0054 0.7882
3502     3502   (0)     33  : 0.2002 0.0078 0.0324 0.7596
3503     3503   (0)     33  : 0.2020 0.0050 0.0174 0.7756
3504     3504   (0)     33  : 0.2028 0.0078 0.0048 0.7846
3505     3505   (0)     33  : 0.2036 0.0050 0.0042 0.7872
3506     3506   (0)     33  : 0.1990 0.0164 0.0252 0.7594
3507     3507   (0)     33  : 0.2030 0.0080 0.0088 0.7802
3508     3508   (0)     33  : 0.2024 0.0040 0.0090 0.7846
3509     3509   (0)     33  : 0.2050 0.0090 0.0056 0.7804
3510     3510   (0)     33  : 0.2024 0.0046 0.0544 0.7386
3511     3511   (0)     33  : 0.2012 0.0246 0.0066 0.7676
3512     3512   (0)     33  : 0.2018 0.0376 0.0120 0.7486
3513     3513   (0)     33  : 0.1828 0.0132 0.1926 0.6114
3514     3514   (0)     33  : 0.2020 0.0242 0.0072 0.7666
3515     3515   (0)     33  : 0.2090 0.0082 0.0106 0.7722
3516     3516   (0)     33  : 0.2000 0.0084 0.0144 0.7772
3517     3517   (0)     33  : 0.2012 0.0034 0.0098 0.7856
3518     3518   (0)     33  : 0.2016 0.0120 0.0564 0.7300
3519     3519   (0)     33  : 0.2026 0.0062 0.0108 0.7804
3520     3520   (0)     33  : 0.2028 0.0234 0.0042 0.7696
3521     3521   (0)     33  : 0.2014 0.0064 0.0610 0.7312
3522     3522   (0)     33  : 0.2012 0.0064 0.0054 0.7870
3523     3523   (0)     33  : 0.2020 0.0072 0.0086 0.7822
3524     3524   (0)     33  : 0.2020 0.0122 0.0254 0.7604
3525     3525   (0)     33  : 0.1970 0.0044 0.0050 0.7936
3526     3526   (0)     33  : 0.2020 0.0050 0.0092 0.7838
3527     3527   (0)     33  : 0.2004 0.0092 0.0114 0.7790
3528     3528   (0)     33  : 0.2002 0.0078 0.0084 0.7836
3529     3529   (0)     33  : 0.2006 0.0032 0.0208 0.7754
3530     3530   (0)     33  : 0.2004 0.0104 0.0100 0.7792
3531     3531   (0)     33  : 0.2018 0.0076 0.0078 0.7828
3532     3532   (0)     33  : 0.2066 0.0062 0.0136 0.7736
3533     3533   (0)     33  : 0.1972 0.0048 0.0806 0.7174
3534     3534   (0)     33  : 0.1986 0.0086 0.0692 0.7236
3535     3535   (0)     33  : 0.2006 0.0040 0.0134 0.7820
3536     3536   (0)     33  : 0.1940 0.0050 0.1547 0.6463
3537     3537   (0)     33  : 0.2014 0.0042 0.0048 0.7896
3538     3538   (0)     33  : 0.2006 0.0052 0.0162 0.7780
3539     3539   (0)     33  : 0.2046 0.0044 0.0144 0.7766
3540     3540   (0)     33  : 0.2016 0.0054 0.0086 0.7844
3541     3541   (0)     33  : 0.2050 0.0088 0.0048 0.7814
3542     3542   (0)     33  : 0.1998 0.0188 0.0142 0.7672
3543     3543   (0)     33  : 0.1994 0.0046 0.0180 0.7780
3544     3544   (0)     33  : 0.2012 0.0076 0.0042 0.7870
3545     3545   (0)     33  : 0.2020 0.0060 0.0094 0.7826
3546     3546   (0)     33  : 0.2018 0.0248 0.0078 0.7656
3547     3547   (0)     33  : 0.2006 0.0042 0.0094 0.7858
3548     3548   (0)     33  : 0.2006 0.0058 0.0188 0.7748
3549     3549   (0)     33  : 0.2016 0.0036 0.0102 0.7846
3550     3550   (0)     33  : 0.2036 0.0436 0.0056 0.7472
3551     3551   (0)     33  : 0.2004 0.0102 0.0620 0.7274
3552     3552   (0)     33  : 0.2008 0.0102 0.0828 0.7062
3553     3553   (0)     33  : 0.1994 0.0064 0.0424 0.7518
3554     3554   (0)     33  : 0.2032 0.0084 0.0144 0.7740
3555     3555   (0)     33  : 0.2046 0.0140 0.0168 0.7646
3556     3556   (0)     33  : 0.2034 0.0058 0.0100 0.7808
3557     3557   (0)     33  : 0.2010 0.0098 0.0034 0.7858
3558     3558   (0)     33  : 0.2020 0.0048 0.0360 0.7572
3559     3559   (0)     33  : 0.2000 0.0056 0.0128 0.7816
3560     3560   (0)     33  : 0.2002 0.0152 0.0042 0.7804
3561     3561   (0)     33  : 0.2018 0.0054 0.0054 0.7874
3562     3562   (0)     33  : 0.2012 0.0068 0.0274 0.7646
3563     3563   (0)     33  : 0.2014 0.0034 0.0132 0.7820
3564     3564   (0)     33  : 0.2010 0.0268 0.0168 0.7554
3565     3565   (0)     33  : 0.2014 0.0036 0.0050 0.7900
3566     3566   (0)     33  : 0.2018 0.0118 0.0034 0.7830
3567     3567   (0)     33  : 0.1996 0.0068 0.0546 0.7390
3568     3568   (0)     33  : 0.2018 0.0074 0.0032 0.7876
3569     3569   (0)     33  : 0.2024 0.0206 0.0074 0.7696
3570     3570   (0)     33  : 0.1984 0.0036 0.0588 0.7392
3571     3571   (0)     33  : 0.2022 0.0046 0.0104 0.7828
3572     3572   (0)     33  : 0.2040 0.0028 0.0108 0.7824
3573     3573   (0)     33  : 0.2006 0.0102 0.0056 0.7836
3574     3574   (0)     33  : 0.2032 0.0052 0.0054 0.7862
3575     3575   (0)     33  : 0.2010 0.0048 0.0070 0.7872
3576     3576   (0)     33  : 0.2036 0.0044 0.0326 0.7594
3577     3577   (0)     33  : 0.2004 0.0208 0.0200 0.7588
3578     3578   (0)     33  : 0.1942 0.0070 0.0836 0.7152
3579     3579   (0)     33  : 0.2012 0.0040 0.0108 0.7840
3580     3580   (0)     33  : 0.1956 0.0154 0.0956 0.6934
3581     3581   (0)     33  : 0.2152 0.0108 0.0168 0.7572
3582     3582   (0)     33  : 0.2048 0.0074 0.0106 0.7772
3583     3583   (0)     33  : 0.2018 0.0042 0.0182 0.7758
3584     3584   (0)     33  : 0.2012 0.0056 0.0266 0.7666
3585     3585   (0)     33  : 0.2092 0.0068 0.0120 0.7720
3586     3586   (0)     33  : 0.2006 0.0046 0.0218 0.7730
3587     3587   (0)     33  : 0.2004 0.0086 0.0072 0.7838
3588     3588   (0)     33  : 0.2018 0.0348 0.0074 0.7560
3589     3589   (0)     33  : 0.2000 0.0566 0.0522 0.6912
3590     3590   (0)     33  : 0.2030 0.0042 0.0060 0.7868
3591     3591   (0)     33  : 0.2016 0.0036 0.0086 0.7862
3592     3592   (0)     33  : 0.2020 0.0046 0.0634 0.7300
