

----------------------------------------------------
STRUCTURE by Pritchard, Stephens and Donnelly (2000)
     and Falush, Stephens and Pritchard (2003)
       Code by Pritchard, Falush and Hubisz
             Version 2.3.4 (Jul 2012)
----------------------------------------------------



Command line arguments:   /home/eva.pavlovic/Structure/structure -m parameter_job_H2_2 
Input File:    /home/eva.pavlovic/ParallelStructure/25_Results/250422_Structure_Microsat_testni_250422/data_job_H2_2

Run parameters:
   3592 individuals
   20 loci
   4 populations assumed
   300000 Burn-in period
   3000000 Reps


--------------------------------------------
Proportion of membership of each pre-defined
 population in each of the 4 clusters

Given    Inferred Clusters              Number of
 Pop       1      2      3      4      Individuals

  1:     0.013  0.009  0.008  0.970      100
  2:     0.010  0.009  0.008  0.972      200
  3:     0.012  0.529  0.037  0.423        6
  4:     0.016  0.488  0.027  0.468      100
  5:     0.017  0.491  0.015  0.477      100
  6:     0.011  0.014  0.488  0.487      100
  7:     0.508  0.012  0.012  0.468      100
  8:     0.036  0.489  0.017  0.458      100
  9:     0.015  0.945  0.008  0.032        2
 10:     0.011  0.747  0.033  0.209      100
 11:     0.024  0.769  0.011  0.196      100
 12:     0.013  0.016  0.743  0.228      100
 13:     0.759  0.019  0.012  0.210      100
 14:     0.026  0.777  0.018  0.179      100
 15:     0.018  0.897  0.023  0.061       42
 16:     0.009  0.895  0.024  0.071      100
 17:     0.024  0.894  0.009  0.073      100
 18:     0.010  0.016  0.877  0.097      100
 19:     0.912  0.017  0.008  0.063      100
 20:     0.026  0.894  0.018  0.062      100
 21:     0.019  0.923  0.052  0.006      105
 22:     0.012  0.942  0.037  0.010      240
 23:     0.024  0.948  0.019  0.009       68
 24:     0.016  0.965  0.011  0.008       31
 25:     0.011  0.965  0.015  0.009      125
 26:     0.023  0.956  0.009  0.011       53
 27:     0.024  0.954  0.010  0.012      125
 28:     0.005  0.005  0.986  0.004       28
 29:     0.005  0.005  0.986  0.004      300
 30:     0.985  0.006  0.005  0.004       27
 31:     0.986  0.005  0.005  0.004      300
 32:     0.029  0.947  0.018  0.006       40
 33:     0.029  0.950  0.015  0.006      300
--------------------------------------------

Allele-freq. divergence among pops (Net nucleotide distance),
computed using point estimates of P.

      1       2       3       4      
 1      -    0.1037  0.1892  0.1244  
 2   0.1037     -    0.0902  0.0732  
 3   0.1892  0.0902     -    0.1323  
 4   0.1244  0.0732  0.1323     -    

Average distances (expected heterozygosity) between individuals in same cluster:
cluster  1  : 0.6467 
cluster  2  : 0.7847 
cluster  3  : 0.6423 
cluster  4  : 0.7909 

--------------------------------------------
Estimated Ln Prob of Data   = -258076.9
Mean value of ln likelihood = -256664.3
Variance of ln likelihood   = 2825.2
Mean value of alpha         = 0.0648

Mean value of Fst_1         = 0.3461
Mean value of Fst_2         = 0.0868
Mean value of Fst_3         = 0.3757
Mean value of Fst_4         = 0.0536


Inferred ancestry of individuals:
        Label (%Miss) Pop:  Inferred clusters
  1    M1EL5    (5)    1 :  0.012 0.008 0.005 0.975 
  2    W26T6    (5)    1 :  0.006 0.015 0.018 0.961 
  3    W26XX    (5)    1 :  0.006 0.006 0.004 0.985 
  4    M013P    (0)    1 :  0.009 0.005 0.006 0.981 
  5    M1ELA    (0)    1 :  0.012 0.047 0.017 0.923 
  6    M2C73    (0)    1 :  0.007 0.006 0.005 0.983 
  7    W23P4    (0)    1 :  0.004 0.037 0.016 0.943 
  8    W247C    (5)    1 :  0.006 0.004 0.005 0.984 
  9    W24K1    (0)    1 :  0.004 0.004 0.004 0.988 
 10    W24ME    (0)    1 :  0.004 0.012 0.010 0.975 
 11    W2514    (0)    1 :  0.004 0.008 0.005 0.983 
 12    W26MA    (0)    1 :  0.005 0.009 0.018 0.968 
 13    W26MM    (0)    1 :  0.003 0.004 0.011 0.982 
 14    W26MU    (0)    1 :  0.011 0.005 0.005 0.979 
 15    W26P0    (0)    1 :  0.005 0.006 0.006 0.984 
 16    W26P3    (0)    1 :  0.011 0.004 0.004 0.981 
 17    W26T5    (0)    1 :  0.003 0.004 0.003 0.990 
 18    W26TE    (0)    1 :  0.005 0.016 0.010 0.969 
 19    W26TF    (0)    1 :  0.009 0.006 0.027 0.957 
 20    W26U8    (0)    1 :  0.009 0.022 0.011 0.958 
 21    W26UJ    (0)    1 :  0.004 0.003 0.005 0.987 
 22    W26UK    (0)    1 :  0.010 0.004 0.003 0.983 
 23    W26UT    (0)    1 :  0.009 0.005 0.004 0.982 
 24    W26XT    (0)    1 :  0.017 0.006 0.008 0.968 
 25   CC06H2    (0)    1 :  0.006 0.009 0.016 0.969 
 26   CC06H4    (0)    1 :  0.007 0.005 0.010 0.978 
 27   CC06H5    (5)    1 :  0.006 0.026 0.012 0.956 
 28   CC06H6    (0)    1 :  0.007 0.009 0.003 0.980 
 29   CC06HE    (0)    1 :  0.009 0.005 0.004 0.982 
 30   CC06HF    (0)    1 :  0.028 0.023 0.016 0.933 
 31   CC06HH    (0)    1 :  0.005 0.005 0.004 0.986 
 32   CC06HJ    (0)    1 :  0.005 0.012 0.013 0.969 
 33   CC06HL    (0)    1 :  0.004 0.004 0.005 0.987 
 34   CC06HP    (0)    1 :  0.008 0.004 0.004 0.985 
 35   CC06HT    (0)    1 :  0.009 0.063 0.008 0.920 
 36   CC06HU    (0)    1 :  0.007 0.017 0.008 0.968 
 37   CC06HY    (0)    1 :  0.005 0.009 0.010 0.976 
 38   CC06J0    (0)    1 :  0.004 0.006 0.014 0.976 
 39   CC06J1    (0)    1 :  0.006 0.018 0.017 0.960 
 40   CC06J2    (0)    1 :  0.010 0.008 0.006 0.976 
 41  CT.0YCY    (0)    1 :  0.005 0.006 0.005 0.984 
 42  CT.0YEC    (0)    1 :  0.005 0.003 0.003 0.988 
 43  CT.0YEF    (0)    1 :  0.005 0.005 0.004 0.986 
 44  CT.0YEU    (0)    1 :  0.003 0.003 0.003 0.991 
 45  CT.0YF2    (5)    1 :  0.005 0.008 0.008 0.979 
 46  CT.0YF8    (0)    1 :  0.011 0.005 0.003 0.981 
 47  CT.0YFA    (0)    1 :  0.010 0.008 0.003 0.980 
 48  CT.0YFE    (0)    1 :  0.013 0.008 0.005 0.974 
 49  CT.0YFP    (0)    1 :  0.004 0.005 0.024 0.967 
 50  CT.0YFU    (0)    1 :  0.008 0.006 0.005 0.981 
 51  CT.0YK7    (0)    1 :  0.004 0.005 0.009 0.982 
 52  CX.10PT    (0)    1 :  0.013 0.015 0.041 0.931 
 53   DAM021    (0)    1 :  0.018 0.007 0.005 0.970 
 54   DAM034    (0)    1 :  0.006 0.008 0.003 0.983 
 55   DAM07X    (0)    1 :  0.005 0.006 0.004 0.985 
 56  EF.15J6    (0)    1 :  0.007 0.005 0.004 0.984 
 57   HRV010   (10)    1 :  0.005 0.006 0.007 0.983 
 58   HRV02J    (5)    1 :  0.009 0.008 0.005 0.978 
 59   HRV078    (0)    1 :  0.010 0.005 0.007 0.979 
 60   HRV0FH    (0)    1 :  0.003 0.004 0.004 0.988 
 61   HRV0H5    (0)    1 :  0.009 0.007 0.005 0.979 
 62   HRV0JF    (0)    1 :  0.004 0.008 0.005 0.983 
 63   HRV0JJ    (0)    1 :  0.004 0.007 0.005 0.985 
 64   HRV0JM    (0)    1 :  0.005 0.006 0.004 0.985 
 65   HRV0K6    (0)    1 :  0.004 0.020 0.026 0.951 
 66   HRV0K7    (0)    1 :  0.008 0.008 0.004 0.980 
 67   HRV0KP    (5)    1 :  0.024 0.010 0.027 0.940 
 68   HRV1AX    (0)    1 :  0.021 0.011 0.006 0.962 
 69   HRV1C4    (0)    1 :  0.003 0.007 0.003 0.986 
 70   HRV1CH    (0)    1 :  0.008 0.005 0.005 0.981 
 71   HRV1FA    (5)    1 :  0.011 0.013 0.006 0.970 
 72   HRV1FK    (0)    1 :  0.004 0.007 0.015 0.974 
 73   HRV1H8    (5)    1 :  0.006 0.008 0.004 0.982 
 74   HRV1HT   (10)    1 :  0.008 0.009 0.009 0.974 
 75   HRV1XU   (10)    1 :  0.006 0.006 0.033 0.955 
 76   HRV4TF    (0)    1 :  0.211 0.005 0.005 0.778 
 77   HRV6F0   (10)    1 :  0.054 0.005 0.006 0.935 
 78   HRVE6L    (0)    1 :  0.077 0.010 0.009 0.904 
 79    M27HM    (5)    1 :  0.010 0.008 0.004 0.978 
 80    M27HP    (0)    1 :  0.005 0.004 0.004 0.987 
 81    M2AK4    (0)    1 :  0.005 0.004 0.004 0.987 
 82    M2ALA    (0)    1 :  0.003 0.004 0.004 0.989 
 83    M2C56    (0)    1 :  0.051 0.007 0.006 0.936 
 84    M2CUX    (0)    1 :  0.004 0.017 0.015 0.965 
 85    M2E24    (0)    1 :  0.003 0.004 0.004 0.989 
 86    M2EA7    (5)    1 :  0.005 0.005 0.006 0.985 
 87    M2EH6    (0)    1 :  0.005 0.005 0.005 0.985 
 88    M2EKC    (0)    1 :  0.122 0.014 0.011 0.853 
 89   MSV083    (0)    1 :  0.019 0.009 0.031 0.941 
 90   MSV084    (0)    1 :  0.016 0.016 0.004 0.964 
 91   MSV0LJ    (0)    1 :  0.010 0.007 0.006 0.978 
 92   MSV1H5    (0)    1 :  0.006 0.013 0.004 0.976 
 93   MSV1KM    (0)    1 :  0.006 0.004 0.004 0.986 
 94   MSV23F    (5)    1 :  0.034 0.007 0.012 0.947 
 95   MSV2L8    (0)    1 :  0.009 0.005 0.007 0.979 
 96   MSV2P7    (5)    1 :  0.003 0.004 0.005 0.988 
 97   MSV2TJ    (0)    1 :  0.022 0.007 0.003 0.967 
 98   MSV2XM    (0)    1 :  0.005 0.009 0.007 0.979 
 99   MSV327    (5)    1 :  0.004 0.006 0.007 0.984 
100   MSV33L    (5)    1 :  0.004 0.004 0.003 0.989 
101     h001    (0)    2 :  0.065 0.008 0.010 0.917 
102     h002    (0)    2 :  0.004 0.038 0.013 0.945 
103     h003    (0)    2 :  0.005 0.011 0.005 0.979 
104     h004    (0)    2 :  0.012 0.008 0.007 0.974 
105     h005    (0)    2 :  0.005 0.007 0.003 0.985 
106     h006    (0)    2 :  0.012 0.008 0.006 0.974 
107     h007    (0)    2 :  0.011 0.014 0.005 0.970 
108     h008    (0)    2 :  0.009 0.016 0.004 0.970 
109     h009    (0)    2 :  0.005 0.020 0.047 0.927 
110     h010    (0)    2 :  0.005 0.006 0.004 0.985 
111     h011    (0)    2 :  0.006 0.006 0.008 0.980 
112     h012    (0)    2 :  0.007 0.007 0.004 0.982 
113     h013    (0)    2 :  0.004 0.005 0.005 0.986 
114     h014    (0)    2 :  0.004 0.003 0.005 0.988 
115     h015    (0)    2 :  0.021 0.006 0.004 0.969 
116     h016    (0)    2 :  0.006 0.006 0.006 0.982 
117     h017    (0)    2 :  0.003 0.004 0.011 0.981 
118     h018    (0)    2 :  0.004 0.008 0.008 0.980 
119     h019    (0)    2 :  0.006 0.006 0.012 0.975 
120     h020    (0)    2 :  0.006 0.009 0.003 0.982 
121     h021    (0)    2 :  0.015 0.013 0.003 0.970 
122     h022    (0)    2 :  0.037 0.012 0.006 0.944 
123     h023    (0)    2 :  0.004 0.004 0.008 0.983 
124     h024    (0)    2 :  0.008 0.008 0.009 0.975 
125     h025    (0)    2 :  0.047 0.054 0.032 0.867 
126     h026    (0)    2 :  0.005 0.010 0.004 0.981 
127     h027    (0)    2 :  0.013 0.012 0.005 0.971 
128     h028    (0)    2 :  0.013 0.005 0.007 0.974 
129     h029    (0)    2 :  0.005 0.005 0.003 0.987 
130     h030    (0)    2 :  0.006 0.006 0.003 0.985 
131     h031    (0)    2 :  0.006 0.005 0.010 0.979 
132     h032    (0)    2 :  0.006 0.007 0.004 0.983 
133     h033    (0)    2 :  0.005 0.004 0.003 0.988 
134     h034    (0)    2 :  0.003 0.003 0.002 0.992 
135     h035    (0)    2 :  0.004 0.006 0.003 0.987 
136     h036    (0)    2 :  0.005 0.004 0.005 0.986 
137     h037    (0)    2 :  0.004 0.005 0.019 0.972 
138     h038    (0)    2 :  0.087 0.028 0.013 0.873 
139     h039    (0)    2 :  0.015 0.018 0.016 0.951 
140     h040    (0)    2 :  0.004 0.007 0.004 0.984 
141     h041    (0)    2 :  0.004 0.006 0.008 0.981 
142     h042    (0)    2 :  0.008 0.011 0.038 0.943 
143     h043    (0)    2 :  0.006 0.005 0.007 0.982 
144     h044    (0)    2 :  0.009 0.006 0.006 0.980 
145     h045    (0)    2 :  0.005 0.009 0.005 0.981 
146     h046    (0)    2 :  0.003 0.004 0.010 0.982 
147     h047    (0)    2 :  0.004 0.005 0.004 0.987 
148     h048    (0)    2 :  0.018 0.021 0.018 0.943 
149     h049    (0)    2 :  0.008 0.006 0.009 0.977 
150     h050    (0)    2 :  0.007 0.003 0.003 0.986 
151     h051    (0)    2 :  0.006 0.012 0.006 0.976 
152     h052    (0)    2 :  0.004 0.003 0.003 0.990 
153     h053    (0)    2 :  0.004 0.005 0.005 0.985 
154     h054    (0)    2 :  0.009 0.025 0.005 0.961 
155     h055    (0)    2 :  0.009 0.009 0.003 0.978 
156     h056    (0)    2 :  0.009 0.014 0.007 0.970 
157     h057    (0)    2 :  0.004 0.003 0.006 0.987 
158     h058    (0)    2 :  0.089 0.009 0.007 0.895 
159     h059    (0)    2 :  0.015 0.006 0.004 0.975 
160     h060    (0)    2 :  0.005 0.009 0.007 0.979 
161     h061    (0)    2 :  0.008 0.004 0.003 0.985 
162     h062    (0)    2 :  0.005 0.004 0.003 0.987 
163     h063    (0)    2 :  0.004 0.005 0.012 0.979 
164     h064    (0)    2 :  0.006 0.006 0.004 0.985 
165     h065    (0)    2 :  0.037 0.027 0.010 0.926 
166     h066    (0)    2 :  0.012 0.010 0.006 0.972 
167     h067    (0)    2 :  0.006 0.006 0.013 0.975 
168     h068    (0)    2 :  0.005 0.005 0.022 0.968 
169     h069    (0)    2 :  0.010 0.005 0.005 0.979 
170     h070    (0)    2 :  0.005 0.008 0.018 0.969 
171     h071    (0)    2 :  0.011 0.007 0.004 0.978 
172     h072    (0)    2 :  0.004 0.004 0.008 0.985 
173     h073    (0)    2 :  0.007 0.006 0.005 0.982 
174     h074    (0)    2 :  0.010 0.006 0.006 0.979 
175     h075    (0)    2 :  0.007 0.012 0.004 0.978 
176     h076    (0)    2 :  0.004 0.004 0.005 0.987 
177     h077    (0)    2 :  0.005 0.005 0.007 0.984 
178     h078    (0)    2 :  0.004 0.004 0.004 0.987 
179     h079    (0)    2 :  0.004 0.017 0.005 0.974 
180     h080    (0)    2 :  0.003 0.004 0.006 0.987 
181     h081    (0)    2 :  0.007 0.009 0.067 0.917 
182     h082    (0)    2 :  0.005 0.007 0.004 0.984 
183     h083    (0)    2 :  0.017 0.011 0.011 0.961 
184     h084    (0)    2 :  0.007 0.010 0.003 0.980 
185     h085    (0)    2 :  0.006 0.020 0.029 0.945 
186     h086    (0)    2 :  0.005 0.004 0.003 0.987 
187     h087    (0)    2 :  0.006 0.004 0.003 0.987 
188     h088    (0)    2 :  0.006 0.008 0.004 0.981 
189     h089    (0)    2 :  0.006 0.004 0.004 0.987 
190     h090    (0)    2 :  0.004 0.004 0.006 0.986 
191     h091    (0)    2 :  0.006 0.006 0.007 0.982 
192     h092    (0)    2 :  0.055 0.016 0.006 0.922 
193     h093    (0)    2 :  0.005 0.004 0.004 0.987 
194     h094    (0)    2 :  0.003 0.003 0.004 0.990 
195     h095    (0)    2 :  0.015 0.011 0.009 0.966 
196     h096    (0)    2 :  0.004 0.005 0.019 0.972 
197     h097    (0)    2 :  0.006 0.011 0.005 0.979 
198     h098    (0)    2 :  0.006 0.006 0.009 0.979 
199     h099    (0)    2 :  0.080 0.007 0.003 0.910 
200     h100    (0)    2 :  0.016 0.003 0.005 0.976 
201     h101    (0)    2 :  0.008 0.007 0.006 0.980 
202     h102    (0)    2 :  0.003 0.004 0.003 0.990 
203     h103    (0)    2 :  0.020 0.022 0.008 0.950 
204     h104    (0)    2 :  0.004 0.006 0.009 0.981 
205     h105    (0)    2 :  0.015 0.018 0.009 0.958 
206     h106    (0)    2 :  0.004 0.005 0.003 0.988 
207     h107    (0)    2 :  0.005 0.005 0.009 0.981 
208     h108    (0)    2 :  0.009 0.006 0.004 0.982 
209     h109    (0)    2 :  0.004 0.004 0.003 0.989 
210     h110    (0)    2 :  0.004 0.004 0.006 0.986 
211     h111    (0)    2 :  0.007 0.007 0.003 0.983 
212     h112    (0)    2 :  0.009 0.007 0.004 0.980 
213     h113    (0)    2 :  0.008 0.007 0.005 0.980 
214     h114    (0)    2 :  0.005 0.006 0.005 0.985 
215     h115    (0)    2 :  0.004 0.005 0.003 0.989 
216     h116    (0)    2 :  0.005 0.009 0.013 0.974 
217     h117    (0)    2 :  0.006 0.009 0.003 0.982 
218     h118    (0)    2 :  0.006 0.004 0.005 0.985 
219     h119    (0)    2 :  0.006 0.052 0.006 0.935 
220     h120    (0)    2 :  0.017 0.010 0.009 0.963 
221     h121    (0)    2 :  0.004 0.006 0.005 0.986 
222     h122    (0)    2 :  0.003 0.005 0.005 0.986 
223     h123    (0)    2 :  0.011 0.012 0.005 0.971 
224     h124    (0)    2 :  0.005 0.014 0.009 0.972 
225     h125    (0)    2 :  0.005 0.005 0.004 0.986 
226     h126    (0)    2 :  0.016 0.019 0.004 0.960 
227     h127    (0)    2 :  0.031 0.004 0.007 0.957 
228     h128    (0)    2 :  0.008 0.004 0.009 0.979 
229     h129    (0)    2 :  0.019 0.006 0.006 0.969 
230     h130    (0)    2 :  0.007 0.004 0.005 0.984 
231     h131    (0)    2 :  0.004 0.007 0.008 0.980 
232     h132    (0)    2 :  0.005 0.003 0.004 0.988 
233     h133    (0)    2 :  0.006 0.004 0.004 0.986 
234     h134    (0)    2 :  0.006 0.006 0.007 0.980 
235     h135    (0)    2 :  0.011 0.015 0.003 0.971 
236     h136    (0)    2 :  0.003 0.007 0.006 0.983 
237     h137    (0)    2 :  0.007 0.005 0.005 0.983 
238     h138    (0)    2 :  0.004 0.009 0.004 0.983 
239     h139    (0)    2 :  0.005 0.005 0.003 0.987 
240     h140    (0)    2 :  0.007 0.006 0.008 0.980 
241     h141    (0)    2 :  0.006 0.007 0.007 0.980 
242     h142    (0)    2 :  0.010 0.009 0.004 0.977 
243     h143    (0)    2 :  0.006 0.004 0.003 0.987 
244     h144    (0)    2 :  0.008 0.005 0.005 0.982 
245     h145    (0)    2 :  0.013 0.008 0.008 0.971 
246     h146    (0)    2 :  0.004 0.006 0.015 0.975 
247     h147    (0)    2 :  0.004 0.008 0.006 0.982 
248     h148    (0)    2 :  0.003 0.006 0.005 0.985 
249     h149    (0)    2 :  0.005 0.005 0.005 0.985 
250     h150    (0)    2 :  0.006 0.005 0.004 0.986 
251     h151    (0)    2 :  0.008 0.013 0.003 0.975 
252     h152    (0)    2 :  0.041 0.018 0.006 0.935 
253     h153    (0)    2 :  0.009 0.006 0.009 0.976 
254     h154    (0)    2 :  0.035 0.005 0.043 0.917 
255     h155    (0)    2 :  0.025 0.005 0.005 0.965 
256     h156    (0)    2 :  0.005 0.007 0.005 0.984 
257     h157    (0)    2 :  0.003 0.004 0.004 0.989 
258     h158    (0)    2 :  0.006 0.004 0.004 0.987 
259     h159    (0)    2 :  0.005 0.004 0.004 0.988 
260     h160    (0)    2 :  0.004 0.004 0.009 0.982 
261     h161    (0)    2 :  0.005 0.009 0.014 0.972 
262     h162    (0)    2 :  0.012 0.007 0.015 0.966 
263     h163    (0)    2 :  0.046 0.015 0.004 0.935 
264     h164    (0)    2 :  0.065 0.006 0.012 0.918 
265     h165    (0)    2 :  0.005 0.005 0.004 0.986 
266     h166    (0)    2 :  0.008 0.005 0.004 0.983 
267     h167    (0)    2 :  0.004 0.007 0.023 0.966 
268     h168    (0)    2 :  0.006 0.004 0.006 0.984 
269     h169    (0)    2 :  0.003 0.008 0.004 0.986 
270     h170    (0)    2 :  0.005 0.005 0.005 0.985 
271     h171    (0)    2 :  0.004 0.007 0.005 0.984 
272     h172    (0)    2 :  0.005 0.007 0.005 0.983 
273     h173    (0)    2 :  0.010 0.049 0.014 0.926 
274     h174    (0)    2 :  0.003 0.004 0.002 0.991 
275     h175    (0)    2 :  0.027 0.029 0.006 0.938 
276     h176    (0)    2 :  0.009 0.006 0.006 0.979 
277     h177    (0)    2 :  0.004 0.003 0.004 0.988 
278     h178    (0)    2 :  0.006 0.006 0.008 0.980 
279     h179    (0)    2 :  0.007 0.004 0.003 0.986 
280     h180    (0)    2 :  0.006 0.010 0.020 0.964 
281     h181    (0)    2 :  0.004 0.003 0.004 0.989 
282     h182    (0)    2 :  0.017 0.004 0.002 0.977 
283     h183    (0)    2 :  0.004 0.004 0.004 0.987 
284     h184    (0)    2 :  0.018 0.020 0.010 0.952 
285     h185    (0)    2 :  0.004 0.007 0.006 0.983 
286     h186    (0)    2 :  0.005 0.005 0.006 0.985 
287     h187    (0)    2 :  0.007 0.009 0.012 0.972 
288     h188    (0)    2 :  0.005 0.007 0.015 0.973 
289     h189    (0)    2 :  0.004 0.004 0.003 0.989 
290     h190    (0)    2 :  0.003 0.005 0.006 0.987 
291     h191    (0)    2 :  0.004 0.007 0.007 0.981 
292     h192    (0)    2 :  0.006 0.005 0.004 0.985 
293     h193    (0)    2 :  0.007 0.027 0.005 0.961 
294     h194    (0)    2 :  0.010 0.008 0.003 0.980 
295     h195    (0)    2 :  0.010 0.063 0.127 0.800 
296     h196    (0)    2 :  0.007 0.049 0.017 0.928 
297     h197    (0)    2 :  0.051 0.007 0.004 0.938 
298     h198    (0)    2 :  0.003 0.004 0.005 0.988 
299     h199    (0)    2 :  0.006 0.007 0.005 0.982 
300     h200    (0)    2 :  0.005 0.004 0.006 0.985 
301   MSV1TX    (5)    3 :  0.005 0.339 0.011 0.644 
302   MSV025    (0)    3 :  0.010 0.697 0.031 0.262 
303   MSV02C    (0)    3 :  0.030 0.391 0.050 0.529 
304   MSV02E    (5)    3 :  0.006 0.566 0.018 0.411 
305   MSV0TF    (5)    3 :  0.003 0.574 0.025 0.398 
306    M2EL8    (0)    3 :  0.016 0.608 0.085 0.291 
307   h00115    (0)    4 :  0.058 0.245 0.018 0.680 
308   h00215    (0)    4 :  0.004 0.613 0.014 0.369 
309   h00315    (0)    4 :  0.011 0.602 0.024 0.364 
310   h00415    (0)    4 :  0.075 0.411 0.038 0.475 
311   h00515    (0)    4 :  0.015 0.477 0.016 0.492 
312   h00615    (0)    4 :  0.035 0.459 0.006 0.501 
313   h00715    (0)    4 :  0.005 0.502 0.047 0.447 
314   h00815    (0)    4 :  0.004 0.362 0.011 0.623 
315   h00915    (0)    4 :  0.012 0.629 0.015 0.344 
316   h01015    (0)    4 :  0.004 0.495 0.005 0.496 
317   h01115    (0)    4 :  0.006 0.496 0.027 0.472 
318   h01215    (0)    4 :  0.030 0.514 0.005 0.451 
319   h01315    (0)    4 :  0.007 0.602 0.020 0.371 
320   h01415    (0)    4 :  0.014 0.539 0.055 0.391 
321   h01515    (0)    4 :  0.008 0.459 0.008 0.526 
322   h01615    (0)    4 :  0.008 0.418 0.005 0.569 
323   h01715    (0)    4 :  0.026 0.653 0.011 0.311 
324   h01815    (0)    4 :  0.024 0.365 0.042 0.569 
325   h01915    (0)    4 :  0.028 0.565 0.012 0.395 
326   h02015    (0)    4 :  0.007 0.379 0.029 0.585 
327   h02115    (0)    4 :  0.004 0.469 0.019 0.509 
328   h02215    (0)    4 :  0.007 0.608 0.018 0.367 
329   h02315    (0)    4 :  0.005 0.511 0.018 0.466 
330   h02415    (0)    4 :  0.015 0.478 0.033 0.474 
331   h02515    (0)    4 :  0.013 0.356 0.078 0.553 
332   h02615    (0)    4 :  0.033 0.611 0.005 0.351 
333   h02715    (0)    4 :  0.019 0.219 0.175 0.588 
334   h02815    (0)    4 :  0.010 0.620 0.025 0.346 
335   h02915    (0)    4 :  0.010 0.555 0.011 0.425 
336   h03015    (0)    4 :  0.006 0.555 0.004 0.434 
337   h03115    (0)    4 :  0.005 0.455 0.016 0.523 
338   h03215    (0)    4 :  0.005 0.516 0.006 0.473 
339   h03315    (0)    4 :  0.006 0.619 0.033 0.341 
340   h03415    (0)    4 :  0.004 0.361 0.023 0.612 
341   h03515    (0)    4 :  0.006 0.503 0.017 0.474 
342   h03615    (0)    4 :  0.030 0.553 0.036 0.381 
343   h03715    (0)    4 :  0.026 0.499 0.023 0.453 
344   h03815    (0)    4 :  0.010 0.478 0.015 0.497 
345   h03915    (0)    4 :  0.005 0.602 0.019 0.375 
346   h04015    (0)    4 :  0.017 0.625 0.008 0.350 
347   h04115    (0)    4 :  0.016 0.577 0.010 0.397 
348   h04215    (0)    4 :  0.004 0.666 0.006 0.324 
349   h04315    (0)    4 :  0.005 0.377 0.066 0.552 
350   h04415    (0)    4 :  0.005 0.390 0.017 0.589 
351   h04515    (0)    4 :  0.006 0.448 0.016 0.530 
352   h04615    (0)    4 :  0.020 0.395 0.078 0.508 
353   h04715    (0)    4 :  0.013 0.174 0.112 0.701 
354   h04815    (0)    4 :  0.018 0.420 0.016 0.545 
355   h04915    (0)    4 :  0.042 0.498 0.007 0.454 
356   h05015    (0)    4 :  0.009 0.569 0.007 0.415 
357   h05115    (0)    4 :  0.007 0.505 0.013 0.475 
358   h05215    (0)    4 :  0.005 0.706 0.006 0.284 
359   h05315    (0)    4 :  0.013 0.500 0.025 0.462 
360   h05415    (0)    4 :  0.005 0.267 0.011 0.718 
361   h05515    (0)    4 :  0.005 0.506 0.012 0.477 
362   h05615    (0)    4 :  0.013 0.444 0.019 0.524 
363   h05715    (0)    4 :  0.007 0.381 0.121 0.490 
364   h05815    (0)    4 :  0.008 0.360 0.015 0.617 
365   h05915    (0)    4 :  0.009 0.564 0.063 0.364 
366   h06015    (0)    4 :  0.004 0.433 0.008 0.556 
367   h06115    (0)    4 :  0.004 0.350 0.007 0.639 
368   h06215    (0)    4 :  0.012 0.745 0.007 0.237 
369   h06315    (0)    4 :  0.005 0.310 0.015 0.670 
370   h06415    (0)    4 :  0.004 0.626 0.008 0.362 
371   h06515    (0)    4 :  0.022 0.456 0.022 0.500 
372   h06615    (0)    4 :  0.007 0.372 0.004 0.617 
373   h06715    (0)    4 :  0.005 0.538 0.048 0.409 
374   h06815    (0)    4 :  0.007 0.513 0.013 0.466 
375   h06915    (0)    4 :  0.012 0.542 0.007 0.439 
376   h07015    (0)    4 :  0.007 0.491 0.008 0.494 
377   h07115    (0)    4 :  0.004 0.548 0.021 0.427 
378   h07215    (0)    4 :  0.017 0.490 0.010 0.483 
379   h07315    (0)    4 :  0.013 0.503 0.032 0.453 
380   h07415    (0)    4 :  0.036 0.499 0.082 0.383 
381   h07515    (0)    4 :  0.010 0.442 0.005 0.543 
382   h07615    (0)    4 :  0.005 0.494 0.007 0.495 
383   h07715    (0)    4 :  0.007 0.397 0.011 0.585 
384   h07815    (0)    4 :  0.005 0.577 0.014 0.404 
385   h07915    (0)    4 :  0.005 0.488 0.132 0.376 
386   h08015    (0)    4 :  0.031 0.492 0.005 0.473 
387   h08115    (0)    4 :  0.027 0.604 0.011 0.358 
388   h08215    (0)    4 :  0.004 0.458 0.019 0.519 
389   h08315    (0)    4 :  0.016 0.548 0.007 0.429 
390   h08415    (0)    4 :  0.005 0.594 0.008 0.393 
391   h08515    (0)    4 :  0.085 0.296 0.066 0.553 
392   h08615    (0)    4 :  0.012 0.450 0.008 0.530 
393   h08715    (0)    4 :  0.010 0.417 0.012 0.561 
394   h08815    (0)    4 :  0.054 0.361 0.067 0.518 
395   h08915    (0)    4 :  0.006 0.526 0.043 0.425 
396   h09015    (0)    4 :  0.010 0.669 0.007 0.313 
397   h09115    (0)    4 :  0.007 0.428 0.036 0.529 
398   h09215    (0)    4 :  0.010 0.640 0.016 0.334 
399   h09315    (0)    4 :  0.003 0.506 0.007 0.484 
400   h09415    (0)    4 :  0.009 0.499 0.020 0.472 
401   h09515    (0)    4 :  0.010 0.336 0.021 0.633 
402   h09615    (0)    4 :  0.227 0.241 0.219 0.313 
403   h09715    (0)    4 :  0.006 0.321 0.084 0.589 
404   h09815    (0)    4 :  0.011 0.534 0.007 0.449 
405   h09915    (0)    4 :  0.017 0.811 0.004 0.168 
406   h10015    (0)    4 :  0.014 0.566 0.005 0.415 
407   h00131    (0)    5 :  0.012 0.617 0.006 0.365 
408   h00231    (0)    5 :  0.018 0.447 0.006 0.528 
409   h00331    (0)    5 :  0.010 0.461 0.006 0.524 
410   h00431    (0)    5 :  0.004 0.353 0.017 0.626 
411   h00531    (0)    5 :  0.082 0.547 0.015 0.355 
412   h00631    (0)    5 :  0.012 0.520 0.012 0.456 
413   h00731    (0)    5 :  0.008 0.558 0.010 0.424 
414   h00831    (0)    5 :  0.016 0.942 0.008 0.034 
415   h00931    (0)    5 :  0.021 0.543 0.006 0.430 
416   h01031    (0)    5 :  0.011 0.808 0.004 0.177 
417   h01131    (0)    5 :  0.006 0.516 0.004 0.475 
418   h01231    (0)    5 :  0.012 0.567 0.007 0.413 
419   h01331    (0)    5 :  0.014 0.655 0.010 0.321 
420   h01431    (0)    5 :  0.009 0.522 0.010 0.459 
421   h01531    (0)    5 :  0.004 0.601 0.028 0.367 
422   h01631    (0)    5 :  0.009 0.669 0.006 0.316 
423   h01731    (0)    5 :  0.005 0.399 0.011 0.585 
424   h01831    (0)    5 :  0.008 0.483 0.008 0.502 
425   h01931    (0)    5 :  0.013 0.576 0.014 0.398 
426   h02031    (0)    5 :  0.042 0.049 0.024 0.885 
427   h02131    (0)    5 :  0.011 0.329 0.004 0.656 
428   h02231    (0)    5 :  0.004 0.438 0.007 0.551 
429   h02331    (0)    5 :  0.009 0.546 0.005 0.441 
430   h02431    (0)    5 :  0.005 0.466 0.007 0.522 
431   h02531    (0)    5 :  0.005 0.480 0.009 0.505 
432   h02631    (0)    5 :  0.007 0.489 0.006 0.499 
433   h02731    (0)    5 :  0.044 0.305 0.024 0.627 
434   h02831    (0)    5 :  0.004 0.483 0.004 0.509 
435   h02931    (0)    5 :  0.007 0.398 0.012 0.583 
436   h03031    (0)    5 :  0.005 0.627 0.027 0.340 
437   h03131    (0)    5 :  0.018 0.481 0.009 0.492 
438   h03231    (0)    5 :  0.007 0.592 0.011 0.390 
439   h03331    (0)    5 :  0.029 0.563 0.014 0.394 
440   h03431    (0)    5 :  0.102 0.372 0.005 0.521 
441   h03531    (0)    5 :  0.011 0.473 0.006 0.510 
442   h03631    (0)    5 :  0.031 0.403 0.014 0.552 
443   h03731    (0)    5 :  0.010 0.527 0.023 0.440 
444   h03831    (0)    5 :  0.008 0.494 0.008 0.490 
445   h03931    (0)    5 :  0.025 0.149 0.115 0.711 
446   h04031    (0)    5 :  0.006 0.627 0.006 0.361 
447   h04131    (0)    5 :  0.014 0.424 0.007 0.555 
448   h04231    (0)    5 :  0.011 0.489 0.007 0.494 
449   h04331    (0)    5 :  0.010 0.422 0.016 0.551 
450   h04431    (0)    5 :  0.007 0.432 0.007 0.554 
451   h04531    (0)    5 :  0.006 0.308 0.013 0.674 
452   h04631    (0)    5 :  0.013 0.519 0.006 0.462 
453   h04731    (0)    5 :  0.008 0.406 0.006 0.581 
454   h04831    (0)    5 :  0.005 0.594 0.009 0.391 
455   h04931    (0)    5 :  0.008 0.604 0.018 0.370 
456   h05031    (0)    5 :  0.007 0.591 0.014 0.388 
457   h05131    (0)    5 :  0.004 0.424 0.005 0.566 
458   h05231    (0)    5 :  0.018 0.479 0.117 0.387 
459   h05331    (0)    5 :  0.008 0.324 0.006 0.663 
460   h05431    (0)    5 :  0.006 0.318 0.025 0.650 
461   h05531    (0)    5 :  0.077 0.448 0.004 0.471 
462   h05631    (0)    5 :  0.010 0.510 0.014 0.467 
463   h05731    (0)    5 :  0.008 0.520 0.011 0.461 
464   h05831    (0)    5 :  0.004 0.541 0.004 0.450 
465   h05931    (0)    5 :  0.012 0.417 0.009 0.562 
466   h06031    (0)    5 :  0.008 0.452 0.041 0.499 
467   h06131    (0)    5 :  0.006 0.591 0.010 0.394 
468   h06231    (0)    5 :  0.053 0.475 0.008 0.465 
469   h06331    (0)    5 :  0.007 0.494 0.005 0.494 
470   h06431    (0)    5 :  0.005 0.480 0.006 0.509 
471   h06531    (0)    5 :  0.010 0.597 0.004 0.389 
472   h06631    (0)    5 :  0.009 0.742 0.005 0.243 
473   h06731    (0)    5 :  0.019 0.687 0.003 0.290 
474   h06831    (0)    5 :  0.007 0.492 0.005 0.496 
475   h06931    (0)    5 :  0.014 0.381 0.005 0.600 
476   h07031    (0)    5 :  0.011 0.388 0.007 0.594 
477   h07131    (0)    5 :  0.009 0.632 0.017 0.342 
478   h07231    (0)    5 :  0.011 0.553 0.007 0.430 
479   h07331    (0)    5 :  0.142 0.193 0.026 0.640 
480   h07431    (0)    5 :  0.014 0.539 0.012 0.435 
481   h07531    (0)    5 :  0.044 0.439 0.010 0.506 
482   h07631    (0)    5 :  0.086 0.496 0.009 0.409 
483   h07731    (0)    5 :  0.019 0.387 0.008 0.586 
484   h07831    (0)    5 :  0.004 0.546 0.004 0.447 
485   h07931    (0)    5 :  0.005 0.394 0.026 0.575 
486   h08031    (0)    5 :  0.012 0.693 0.007 0.289 
487   h08131    (0)    5 :  0.004 0.524 0.005 0.467 
488   h08231    (0)    5 :  0.007 0.348 0.009 0.637 
489   h08331    (0)    5 :  0.005 0.486 0.007 0.502 
490   h08431    (0)    5 :  0.026 0.541 0.009 0.424 
491   h08531    (0)    5 :  0.005 0.434 0.004 0.557 
492   h08631    (0)    5 :  0.022 0.381 0.013 0.583 
493   h08731    (0)    5 :  0.013 0.414 0.006 0.567 
494   h08831    (0)    5 :  0.013 0.590 0.035 0.362 
495   h08931    (0)    5 :  0.043 0.548 0.008 0.400 
496   h09031    (0)    5 :  0.051 0.457 0.020 0.472 
497   h09131    (0)    5 :  0.011 0.489 0.007 0.493 
498   h09231    (0)    5 :  0.004 0.515 0.012 0.469 
499   h09331    (0)    5 :  0.005 0.434 0.025 0.536 
500   h09431    (0)    5 :  0.006 0.480 0.006 0.508 
501   h09531    (0)    5 :  0.030 0.402 0.017 0.551 
502   h09631    (0)    5 :  0.004 0.787 0.006 0.202 
503   h09731    (0)    5 :  0.008 0.557 0.009 0.426 
504   h09831    (0)    5 :  0.007 0.519 0.005 0.470 
505   h09931    (0)    5 :  0.020 0.160 0.213 0.607 
506   h10031    (0)    5 :  0.011 0.577 0.006 0.406 
507    h0016    (0)    6 :  0.016 0.007 0.427 0.550 
508    h0026    (0)    6 :  0.005 0.007 0.579 0.409 
509    h0036    (0)    6 :  0.004 0.007 0.503 0.486 
510    h0046    (0)    6 :  0.018 0.006 0.482 0.495 
511    h0056    (0)    6 :  0.004 0.009 0.526 0.461 
512    h0066    (0)    6 :  0.005 0.006 0.396 0.593 
513    h0076    (0)    6 :  0.007 0.006 0.550 0.437 
514    h0086    (0)    6 :  0.008 0.006 0.547 0.439 
515    h0096    (0)    6 :  0.009 0.014 0.632 0.344 
516    h0106    (0)    6 :  0.004 0.004 0.506 0.486 
517    h0116    (0)    6 :  0.014 0.021 0.351 0.613 
518    h0126    (0)    6 :  0.004 0.018 0.535 0.443 
519    h0136    (0)    6 :  0.005 0.006 0.540 0.449 
520    h0146    (0)    6 :  0.042 0.009 0.443 0.506 
521    h0156    (0)    6 :  0.006 0.005 0.445 0.544 
522    h0166    (0)    6 :  0.004 0.011 0.579 0.406 
523    h0176    (0)    6 :  0.006 0.006 0.414 0.575 
524    h0186    (0)    6 :  0.010 0.024 0.337 0.628 
525    h0196    (0)    6 :  0.005 0.009 0.487 0.500 
526    h0206    (0)    6 :  0.012 0.009 0.472 0.508 
527    h0216    (0)    6 :  0.005 0.005 0.448 0.542 
528    h0226    (0)    6 :  0.006 0.008 0.458 0.528 
529    h0236    (0)    6 :  0.003 0.004 0.534 0.459 
530    h0246    (0)    6 :  0.005 0.005 0.539 0.452 
531    h0256    (0)    6 :  0.004 0.017 0.601 0.378 
532    h0266    (0)    6 :  0.011 0.007 0.374 0.608 
533    h0276    (0)    6 :  0.019 0.229 0.353 0.399 
534    h0286    (0)    6 :  0.006 0.010 0.457 0.527 
535    h0296    (0)    6 :  0.007 0.008 0.489 0.496 
536    h0306    (0)    6 :  0.009 0.010 0.368 0.613 
537    h0316    (0)    6 :  0.009 0.006 0.426 0.558 
538    h0326    (0)    6 :  0.006 0.010 0.501 0.483 
539    h0336    (0)    6 :  0.006 0.006 0.480 0.509 
540    h0346    (0)    6 :  0.036 0.012 0.625 0.327 
541    h0356    (0)    6 :  0.007 0.007 0.525 0.461 
542    h0366    (0)    6 :  0.006 0.030 0.551 0.412 
543    h0376    (0)    6 :  0.005 0.009 0.469 0.517 
544    h0386    (0)    6 :  0.005 0.005 0.558 0.432 
545    h0396    (0)    6 :  0.004 0.010 0.481 0.505 
546    h0406    (0)    6 :  0.013 0.013 0.538 0.436 
547    h0416    (0)    6 :  0.011 0.059 0.408 0.522 
548    h0426    (0)    6 :  0.004 0.019 0.443 0.534 
549    h0436    (0)    6 :  0.004 0.006 0.450 0.540 
550    h0446    (0)    6 :  0.004 0.009 0.418 0.569 
551    h0456    (0)    6 :  0.004 0.004 0.474 0.518 
552    h0466    (0)    6 :  0.005 0.008 0.457 0.530 
553    h0476    (0)    6 :  0.007 0.004 0.486 0.503 
554    h0486    (0)    6 :  0.011 0.006 0.432 0.550 
555    h0496    (0)    6 :  0.004 0.005 0.670 0.321 
556    h0506    (0)    6 :  0.004 0.006 0.529 0.460 
557    h0516    (0)    6 :  0.010 0.030 0.423 0.536 
558    h0526    (0)    6 :  0.020 0.008 0.504 0.469 
559    h0536    (0)    6 :  0.064 0.022 0.400 0.514 
560    h0546    (0)    6 :  0.042 0.033 0.383 0.542 
561    h0556    (0)    6 :  0.003 0.006 0.499 0.492 
562    h0566    (0)    6 :  0.005 0.005 0.563 0.426 
563    h0576    (0)    6 :  0.004 0.107 0.474 0.416 
564    h0586    (0)    6 :  0.008 0.027 0.474 0.490 
565    h0596    (0)    6 :  0.004 0.007 0.501 0.489 
566    h0606    (0)    6 :  0.030 0.008 0.633 0.329 
567    h0616    (0)    6 :  0.030 0.009 0.360 0.600 
568    h0626    (0)    6 :  0.005 0.010 0.443 0.542 
569    h0636    (0)    6 :  0.004 0.028 0.552 0.417 
570    h0646    (0)    6 :  0.004 0.005 0.400 0.591 
571    h0656    (0)    6 :  0.003 0.007 0.535 0.454 
572    h0666    (0)    6 :  0.010 0.011 0.393 0.586 
573    h0676    (0)    6 :  0.149 0.014 0.506 0.332 
574    h0686    (0)    6 :  0.012 0.010 0.498 0.480 
575    h0696    (0)    6 :  0.005 0.009 0.523 0.462 
576    h0706    (0)    6 :  0.005 0.011 0.467 0.517 
577    h0716    (0)    6 :  0.007 0.012 0.571 0.410 
578    h0726    (0)    6 :  0.005 0.007 0.501 0.488 
579    h0736    (0)    6 :  0.018 0.008 0.436 0.537 
580    h0746    (0)    6 :  0.004 0.005 0.550 0.441 
581    h0756    (0)    6 :  0.015 0.031 0.466 0.488 
582    h0766    (0)    6 :  0.005 0.007 0.521 0.467 
583    h0776    (0)    6 :  0.004 0.006 0.589 0.402 
584    h0786    (0)    6 :  0.014 0.011 0.535 0.440 
585    h0796    (0)    6 :  0.011 0.004 0.482 0.503 
586    h0806    (0)    6 :  0.009 0.009 0.562 0.420 
587    h0816    (0)    6 :  0.012 0.012 0.462 0.513 
588    h0826    (0)    6 :  0.005 0.006 0.311 0.678 
589    h0836    (0)    6 :  0.006 0.007 0.484 0.503 
590    h0846    (0)    6 :  0.012 0.012 0.372 0.603 
591    h0856    (0)    6 :  0.005 0.013 0.616 0.366 
592    h0866    (0)    6 :  0.004 0.015 0.579 0.401 
593    h0876    (0)    6 :  0.003 0.005 0.483 0.509 
594    h0886    (0)    6 :  0.016 0.006 0.487 0.492 
595    h0896    (0)    6 :  0.004 0.006 0.486 0.505 
596    h0906    (0)    6 :  0.008 0.006 0.589 0.397 
597    h0916    (0)    6 :  0.006 0.007 0.387 0.600 
598    h0926    (0)    6 :  0.003 0.003 0.516 0.478 
599    h0936    (0)    6 :  0.004 0.005 0.517 0.474 
600    h0946    (0)    6 :  0.006 0.007 0.564 0.424 
601    h0956    (0)    6 :  0.007 0.012 0.494 0.487 
602    h0966    (0)    6 :  0.018 0.006 0.457 0.519 
603    h0976    (0)    6 :  0.022 0.031 0.568 0.378 
604    h0986    (0)    6 :  0.002 0.005 0.537 0.456 
605    h0996    (0)    6 :  0.007 0.011 0.519 0.463 
606    h1006    (0)    6 :  0.004 0.023 0.360 0.613 
607    h0019    (0)    7 :  0.555 0.008 0.005 0.432 
608    h0029    (0)    7 :  0.478 0.011 0.008 0.504 
609    h0039    (0)    7 :  0.481 0.012 0.010 0.497 
610    h0049    (0)    7 :  0.489 0.016 0.005 0.490 
611    h0059    (0)    7 :  0.495 0.009 0.012 0.484 
612    h0069    (0)    7 :  0.452 0.010 0.005 0.534 
613    h0079    (0)    7 :  0.373 0.010 0.007 0.610 
614    h0089    (0)    7 :  0.550 0.005 0.009 0.435 
615    h0099    (0)    7 :  0.508 0.010 0.072 0.410 
616    h0109    (0)    7 :  0.528 0.007 0.005 0.460 
617    h0119    (0)    7 :  0.570 0.013 0.016 0.401 
618    h0129    (0)    7 :  0.541 0.017 0.006 0.436 
619    h0139    (0)    7 :  0.386 0.014 0.010 0.590 
620    h0149    (0)    7 :  0.663 0.005 0.004 0.329 
621    h0159    (0)    7 :  0.470 0.005 0.003 0.521 
622    h0169    (0)    7 :  0.381 0.007 0.006 0.605 
623    h0179    (0)    7 :  0.574 0.006 0.006 0.413 
624    h0189    (0)    7 :  0.454 0.023 0.008 0.515 
625    h0199    (0)    7 :  0.529 0.006 0.004 0.462 
626    h0209    (0)    7 :  0.519 0.005 0.007 0.468 
627    h0219    (0)    7 :  0.448 0.008 0.018 0.526 
628    h0229    (0)    7 :  0.589 0.006 0.004 0.401 
629    h0239    (0)    7 :  0.563 0.007 0.004 0.426 
630    h0249    (0)    7 :  0.480 0.036 0.005 0.479 
631    h0259    (0)    7 :  0.500 0.005 0.005 0.490 
632    h0269    (0)    7 :  0.590 0.008 0.004 0.397 
633    h0279    (0)    7 :  0.515 0.030 0.011 0.444 
634    h0289    (0)    7 :  0.607 0.004 0.006 0.383 
635    h0299    (0)    7 :  0.568 0.005 0.004 0.422 
636    h0309    (0)    7 :  0.505 0.013 0.017 0.466 
637    h0319    (0)    7 :  0.370 0.009 0.096 0.524 
638    h0329    (0)    7 :  0.442 0.008 0.004 0.547 
639    h0339    (0)    7 :  0.336 0.005 0.002 0.657 
640    h0349    (0)    7 :  0.437 0.010 0.005 0.548 
641    h0359    (0)    7 :  0.483 0.035 0.003 0.479 
642    h0369    (0)    7 :  0.347 0.009 0.007 0.637 
643    h0379    (0)    7 :  0.542 0.034 0.003 0.420 
644    h0389    (0)    7 :  0.300 0.005 0.003 0.692 
645    h0399    (0)    7 :  0.606 0.009 0.007 0.377 
646    h0409    (0)    7 :  0.229 0.009 0.008 0.754 
647    h0419    (0)    7 :  0.691 0.007 0.003 0.300 
648    h0429    (0)    7 :  0.454 0.012 0.010 0.524 
649    h0439    (0)    7 :  0.613 0.007 0.039 0.341 
650    h0449    (0)    7 :  0.562 0.005 0.003 0.430 
651    h0459    (0)    7 :  0.440 0.018 0.006 0.535 
652    h0469    (0)    7 :  0.521 0.019 0.006 0.454 
653    h0479    (0)    7 :  0.457 0.009 0.006 0.528 
654    h0489    (0)    7 :  0.492 0.026 0.216 0.265 
655    h0499    (0)    7 :  0.518 0.006 0.007 0.469 
656    h0509    (0)    7 :  0.592 0.005 0.003 0.400 
657    h0519    (0)    7 :  0.585 0.007 0.010 0.398 
658    h0529    (0)    7 :  0.343 0.006 0.005 0.646 
659    h0539    (0)    7 :  0.531 0.007 0.007 0.455 
660    h0549    (0)    7 :  0.551 0.010 0.006 0.432 
661    h0559    (0)    7 :  0.344 0.007 0.008 0.641 
662    h0569    (0)    7 :  0.462 0.012 0.009 0.518 
663    h0579    (0)    7 :  0.423 0.005 0.004 0.567 
664    h0589    (0)    7 :  0.547 0.005 0.008 0.439 
665    h0599    (0)    7 :  0.525 0.025 0.013 0.437 
666    h0609    (0)    7 :  0.511 0.018 0.004 0.467 
667    h0619    (0)    7 :  0.544 0.006 0.011 0.439 
668    h0629    (0)    7 :  0.416 0.008 0.008 0.569 
669    h0639    (0)    7 :  0.546 0.009 0.004 0.441 
670    h0649    (0)    7 :  0.437 0.011 0.005 0.546 
671    h0659    (0)    7 :  0.501 0.011 0.028 0.461 
672    h0669    (0)    7 :  0.556 0.016 0.003 0.425 
673    h0679    (0)    7 :  0.457 0.022 0.003 0.518 
674    h0689    (0)    7 :  0.437 0.005 0.005 0.552 
675    h0699    (0)    7 :  0.551 0.026 0.039 0.384 
676    h0709    (0)    7 :  0.759 0.010 0.004 0.228 
677    h0719    (0)    7 :  0.539 0.016 0.017 0.428 
678    h0729    (0)    7 :  0.705 0.008 0.003 0.285 
679    h0739    (0)    7 :  0.476 0.004 0.007 0.513 
680    h0749    (0)    7 :  0.531 0.005 0.006 0.459 
681    h0759    (0)    7 :  0.444 0.007 0.004 0.545 
682    h0769    (0)    7 :  0.540 0.005 0.004 0.451 
683    h0779    (0)    7 :  0.525 0.005 0.012 0.458 
684    h0789    (0)    7 :  0.729 0.005 0.005 0.262 
685    h0799    (0)    7 :  0.431 0.017 0.006 0.546 
686    h0809    (0)    7 :  0.514 0.004 0.017 0.465 
687    h0819    (0)    7 :  0.534 0.160 0.004 0.302 
688    h0829    (0)    7 :  0.579 0.009 0.004 0.409 
689    h0839    (0)    7 :  0.493 0.005 0.003 0.500 
690    h0849    (0)    7 :  0.576 0.014 0.012 0.398 
691    h0859    (0)    7 :  0.681 0.005 0.014 0.299 
692    h0869    (0)    7 :  0.393 0.016 0.003 0.588 
693    h0879    (0)    7 :  0.580 0.008 0.003 0.408 
694    h0889    (0)    7 :  0.481 0.015 0.005 0.499 
695    h0899    (0)    7 :  0.583 0.009 0.011 0.397 
696    h0909    (0)    7 :  0.691 0.011 0.007 0.291 
697    h0919    (0)    7 :  0.466 0.005 0.012 0.517 
698    h0929    (0)    7 :  0.514 0.005 0.007 0.473 
699    h0939    (0)    7 :  0.437 0.009 0.036 0.518 
700    h0949    (0)    7 :  0.494 0.019 0.006 0.481 
701    h0959    (0)    7 :  0.408 0.005 0.004 0.583 
702    h0969    (0)    7 :  0.521 0.019 0.023 0.437 
703    h0979    (0)    7 :  0.667 0.005 0.004 0.324 
704    h0989    (0)    7 :  0.538 0.007 0.005 0.450 
705    h0999    (0)    7 :  0.408 0.006 0.004 0.582 
706    h1009    (0)    7 :  0.493 0.010 0.006 0.491 
707   h00112    (0)    8 :  0.005 0.451 0.007 0.538 
708   h00212    (0)    8 :  0.028 0.906 0.010 0.057 
709   h00312    (0)    8 :  0.010 0.524 0.004 0.463 
710   h00412    (0)    8 :  0.029 0.548 0.005 0.418 
711   h00512    (0)    8 :  0.025 0.394 0.020 0.561 
712   h00612    (0)    8 :  0.039 0.331 0.004 0.626 
713   h00712    (0)    8 :  0.004 0.614 0.041 0.341 
714   h00812    (0)    8 :  0.009 0.440 0.017 0.533 
715   h00912    (0)    8 :  0.006 0.434 0.007 0.553 
716   h01012    (0)    8 :  0.009 0.606 0.016 0.369 
717   h01112    (0)    8 :  0.014 0.641 0.005 0.340 
718   h01212    (0)    8 :  0.024 0.579 0.004 0.393 
719   h01312    (0)    8 :  0.058 0.484 0.004 0.454 
720   h01412    (0)    8 :  0.004 0.475 0.005 0.516 
721   h01512    (0)    8 :  0.013 0.466 0.004 0.518 
722   h01612    (0)    8 :  0.071 0.472 0.004 0.453 
723   h01712    (0)    8 :  0.011 0.430 0.008 0.551 
724   h01812    (0)    8 :  0.007 0.448 0.004 0.541 
725   h01912    (0)    8 :  0.035 0.419 0.008 0.539 
726   h02012    (0)    8 :  0.029 0.409 0.005 0.557 
727   h02112    (0)    8 :  0.013 0.636 0.009 0.342 
728   h02212    (0)    8 :  0.007 0.352 0.015 0.626 
729   h02312    (0)    8 :  0.017 0.625 0.005 0.352 
730   h02412    (0)    8 :  0.003 0.406 0.004 0.587 
731   h02512    (0)    8 :  0.029 0.157 0.131 0.682 
732   h02612    (0)    8 :  0.005 0.566 0.005 0.425 
733   h02712    (0)    8 :  0.160 0.359 0.024 0.457 
734   h02812    (0)    8 :  0.023 0.455 0.004 0.518 
735   h02912    (0)    8 :  0.031 0.516 0.006 0.447 
736   h03012    (0)    8 :  0.138 0.332 0.006 0.525 
737   h03112    (0)    8 :  0.039 0.393 0.007 0.560 
738   h03212    (0)    8 :  0.144 0.473 0.005 0.379 
739   h03312    (0)    8 :  0.011 0.505 0.010 0.473 
740   h03412    (0)    8 :  0.008 0.572 0.005 0.415 
741   h03512    (0)    8 :  0.007 0.453 0.006 0.534 
742   h03612    (0)    8 :  0.018 0.543 0.008 0.431 
743   h03712    (0)    8 :  0.014 0.528 0.015 0.442 
744   h03812    (0)    8 :  0.035 0.419 0.049 0.496 
745   h03912    (0)    8 :  0.147 0.406 0.011 0.437 
746   h04012    (0)    8 :  0.023 0.476 0.024 0.478 
747   h04112    (0)    8 :  0.014 0.355 0.129 0.503 
748   h04212    (0)    8 :  0.007 0.620 0.006 0.367 
749   h04312    (0)    8 :  0.053 0.372 0.005 0.570 
750   h04412    (0)    8 :  0.178 0.257 0.016 0.550 
751   h04512    (0)    8 :  0.017 0.681 0.009 0.292 
752   h04612    (0)    8 :  0.009 0.808 0.113 0.070 
753   h04712    (0)    8 :  0.013 0.492 0.031 0.464 
754   h04812    (0)    8 :  0.012 0.619 0.007 0.362 
755   h04912    (0)    8 :  0.035 0.498 0.003 0.464 
756   h05012    (0)    8 :  0.009 0.490 0.007 0.493 
757   h05112    (0)    8 :  0.005 0.381 0.007 0.606 
758   h05212    (0)    8 :  0.008 0.581 0.003 0.408 
759   h05312    (0)    8 :  0.012 0.485 0.006 0.496 
760   h05412    (0)    8 :  0.008 0.433 0.049 0.510 
761   h05512    (0)    8 :  0.009 0.895 0.012 0.084 
762   h05612    (0)    8 :  0.017 0.457 0.006 0.520 
763   h05712    (0)    8 :  0.006 0.580 0.004 0.409 
764   h05812    (0)    8 :  0.023 0.499 0.005 0.472 
765   h05912    (0)    8 :  0.013 0.422 0.008 0.556 
766   h06012    (0)    8 :  0.011 0.196 0.144 0.649 
767   h06112    (0)    8 :  0.172 0.428 0.005 0.395 
768   h06212    (0)    8 :  0.004 0.588 0.016 0.392 
769   h06312    (0)    8 :  0.007 0.778 0.009 0.207 
770   h06412    (0)    8 :  0.014 0.416 0.004 0.566 
771   h06512    (0)    8 :  0.213 0.271 0.015 0.501 
772   h06612    (0)    8 :  0.034 0.566 0.007 0.393 
773   h06712    (0)    8 :  0.023 0.705 0.006 0.266 
774   h06812    (0)    8 :  0.013 0.456 0.013 0.518 
775   h06912    (0)    8 :  0.023 0.530 0.012 0.435 
776   h07012    (0)    8 :  0.011 0.520 0.026 0.444 
777   h07112    (0)    8 :  0.025 0.645 0.011 0.318 
778   h07212    (0)    8 :  0.006 0.483 0.011 0.499 
779   h07312    (0)    8 :  0.005 0.438 0.007 0.550 
780   h07412    (0)    8 :  0.125 0.380 0.004 0.491 
781   h07512    (0)    8 :  0.005 0.388 0.129 0.478 
782   h07612    (0)    8 :  0.021 0.541 0.005 0.432 
783   h07712    (0)    8 :  0.187 0.360 0.005 0.448 
784   h07812    (0)    8 :  0.006 0.513 0.004 0.476 
785   h07912    (0)    8 :  0.018 0.452 0.056 0.475 
786   h08012    (0)    8 :  0.006 0.594 0.009 0.390 
787   h08112    (0)    8 :  0.096 0.606 0.006 0.292 
788   h08212    (0)    8 :  0.008 0.416 0.007 0.568 
789   h08312    (0)    8 :  0.019 0.428 0.005 0.548 
790   h08412    (0)    8 :  0.009 0.622 0.008 0.361 
791   h08512    (0)    8 :  0.058 0.486 0.007 0.448 
792   h08612    (0)    8 :  0.098 0.401 0.009 0.492 
793   h08712    (0)    8 :  0.005 0.374 0.004 0.618 
794   h08812    (0)    8 :  0.035 0.530 0.009 0.426 
795   h08912    (0)    8 :  0.005 0.452 0.011 0.532 
796   h09012    (0)    8 :  0.005 0.583 0.005 0.406 
797   h09112    (0)    8 :  0.071 0.577 0.040 0.312 
798   h09212    (0)    8 :  0.049 0.526 0.020 0.405 
799   h09312    (0)    8 :  0.005 0.525 0.008 0.461 
800   h09412    (0)    8 :  0.009 0.589 0.005 0.396 
801   h09512    (0)    8 :  0.011 0.375 0.024 0.591 
802   h09612    (0)    8 :  0.367 0.187 0.028 0.417 
803   h09712    (0)    8 :  0.007 0.513 0.004 0.477 
804   h09812    (0)    8 :  0.041 0.490 0.031 0.438 
805   h09912    (0)    8 :  0.013 0.526 0.005 0.456 
806   h10012    (0)    8 :  0.016 0.272 0.014 0.699 
807   MSV21T    (0)    9 :  0.022 0.951 0.010 0.017 
808    M2E71    (0)    9 :  0.008 0.938 0.006 0.047 
809   h00116    (0)   10 :  0.005 0.689 0.040 0.265 
810   h00216    (0)   10 :  0.016 0.602 0.005 0.377 
811   h00316    (0)   10 :  0.007 0.876 0.009 0.107 
812   h00416    (0)   10 :  0.008 0.809 0.059 0.123 
813   h00516    (0)   10 :  0.012 0.836 0.046 0.107 
814   h00616    (0)   10 :  0.009 0.568 0.026 0.397 
815   h00716    (0)   10 :  0.008 0.863 0.005 0.125 
816   h00816    (0)   10 :  0.017 0.598 0.008 0.376 
817   h00916    (0)   10 :  0.004 0.921 0.006 0.069 
818   h01016    (0)   10 :  0.010 0.808 0.056 0.126 
819   h01116    (0)   10 :  0.009 0.673 0.017 0.301 
820   h01216    (0)   10 :  0.009 0.774 0.016 0.200 
821   h01316    (0)   10 :  0.005 0.789 0.087 0.119 
822   h01416    (0)   10 :  0.007 0.821 0.011 0.161 
823   h01516    (0)   10 :  0.005 0.680 0.068 0.247 
824   h01616    (0)   10 :  0.004 0.830 0.018 0.149 
825   h01716    (0)   10 :  0.006 0.977 0.006 0.011 
826   h01816    (0)   10 :  0.010 0.723 0.016 0.250 
827   h01916    (0)   10 :  0.008 0.681 0.015 0.296 
828   h02016    (0)   10 :  0.006 0.576 0.012 0.406 
829   h02116    (0)   10 :  0.003 0.846 0.006 0.145 
830   h02216    (0)   10 :  0.005 0.794 0.050 0.151 
831   h02316    (0)   10 :  0.005 0.777 0.035 0.183 
832   h02416    (0)   10 :  0.005 0.810 0.015 0.170 
833   h02516    (0)   10 :  0.007 0.820 0.009 0.164 
834   h02616    (0)   10 :  0.037 0.807 0.006 0.150 
835   h02716    (0)   10 :  0.005 0.773 0.008 0.215 
836   h02816    (0)   10 :  0.007 0.634 0.107 0.252 
837   h02916    (0)   10 :  0.007 0.611 0.066 0.315 
838   h03016    (0)   10 :  0.009 0.909 0.020 0.062 
839   h03116    (0)   10 :  0.008 0.941 0.007 0.044 
840   h03216    (0)   10 :  0.013 0.866 0.010 0.111 
841   h03316    (0)   10 :  0.008 0.807 0.025 0.159 
842   h03416    (0)   10 :  0.009 0.703 0.013 0.275 
843   h03516    (0)   10 :  0.003 0.651 0.039 0.307 
844   h03616    (0)   10 :  0.009 0.796 0.009 0.186 
845   h03716    (0)   10 :  0.008 0.777 0.174 0.040 
846   h03816    (0)   10 :  0.006 0.648 0.041 0.305 
847   h03916    (0)   10 :  0.017 0.585 0.021 0.377 
848   h04016    (0)   10 :  0.005 0.530 0.109 0.356 
849   h04116    (0)   10 :  0.019 0.654 0.042 0.286 
850   h04216    (0)   10 :  0.007 0.882 0.006 0.105 
851   h04316    (0)   10 :  0.029 0.788 0.033 0.150 
852   h04416    (0)   10 :  0.005 0.792 0.016 0.186 
853   h04516    (0)   10 :  0.032 0.737 0.006 0.226 
854   h04616    (0)   10 :  0.015 0.757 0.018 0.210 
855   h04716    (0)   10 :  0.023 0.837 0.094 0.046 
856   h04816    (0)   10 :  0.013 0.519 0.004 0.464 
857   h04916    (0)   10 :  0.012 0.852 0.035 0.102 
858   h05016    (0)   10 :  0.005 0.640 0.022 0.333 
859   h05116    (0)   10 :  0.014 0.726 0.016 0.244 
860   h05216    (0)   10 :  0.006 0.559 0.005 0.430 
861   h05316    (0)   10 :  0.005 0.544 0.009 0.442 
862   h05416    (0)   10 :  0.013 0.808 0.007 0.173 
863   h05516    (0)   10 :  0.008 0.765 0.016 0.212 
864   h05616    (0)   10 :  0.013 0.747 0.005 0.235 
865   h05716    (0)   10 :  0.010 0.698 0.005 0.287 
866   h05816    (0)   10 :  0.016 0.605 0.037 0.343 
867   h05916    (0)   10 :  0.008 0.810 0.016 0.167 
868   h06016    (0)   10 :  0.022 0.824 0.022 0.132 
869   h06116    (0)   10 :  0.005 0.461 0.249 0.285 
870   h06216    (0)   10 :  0.007 0.764 0.123 0.107 
871   h06316    (0)   10 :  0.010 0.704 0.008 0.278 
872   h06416    (0)   10 :  0.005 0.840 0.145 0.010 
873   h06516    (0)   10 :  0.010 0.325 0.087 0.578 
874   h06616    (0)   10 :  0.006 0.806 0.011 0.177 
875   h06716    (0)   10 :  0.005 0.529 0.038 0.428 
876   h06816    (0)   10 :  0.008 0.867 0.008 0.118 
877   h06916    (0)   10 :  0.006 0.728 0.013 0.254 
878   h07016    (0)   10 :  0.005 0.654 0.008 0.332 
879   h07116    (0)   10 :  0.008 0.691 0.007 0.294 
880   h07216    (0)   10 :  0.004 0.889 0.006 0.101 
881   h07316    (0)   10 :  0.006 0.712 0.008 0.274 
882   h07416    (0)   10 :  0.007 0.902 0.011 0.080 
883   h07516    (0)   10 :  0.007 0.668 0.036 0.290 
884   h07616    (0)   10 :  0.036 0.468 0.017 0.479 
885   h07716    (0)   10 :  0.011 0.676 0.044 0.269 
886   h07816    (0)   10 :  0.006 0.717 0.006 0.271 
887   h07916    (0)   10 :  0.005 0.783 0.123 0.089 
888   h08016    (0)   10 :  0.017 0.511 0.185 0.287 
889   h08116    (0)   10 :  0.007 0.950 0.008 0.035 
890   h08216    (0)   10 :  0.018 0.736 0.033 0.212 
891   h08316    (0)   10 :  0.007 0.880 0.016 0.096 
892   h08416    (0)   10 :  0.006 0.837 0.012 0.145 
893   h08516    (0)   10 :  0.003 0.801 0.179 0.016 
894   h08616    (0)   10 :  0.022 0.559 0.027 0.393 
895   h08716    (0)   10 :  0.005 0.678 0.038 0.280 
896   h08816    (0)   10 :  0.006 0.676 0.006 0.312 
897   h08916    (0)   10 :  0.016 0.893 0.005 0.086 
898   h09016    (0)   10 :  0.046 0.747 0.026 0.181 
899   h09116    (0)   10 :  0.033 0.904 0.009 0.054 
900   h09216    (0)   10 :  0.004 0.737 0.050 0.209 
901   h09316    (0)   10 :  0.063 0.896 0.010 0.031 
902   h09416    (0)   10 :  0.005 0.937 0.009 0.049 
903   h09516    (0)   10 :  0.008 0.958 0.017 0.018 
904   h09616    (0)   10 :  0.009 0.746 0.024 0.221 
905   h09716    (0)   10 :  0.013 0.910 0.007 0.069 
906   h09816    (0)   10 :  0.005 0.756 0.011 0.228 
907   h09916    (0)   10 :  0.005 0.794 0.011 0.190 
908   h10016    (0)   10 :  0.004 0.880 0.004 0.112 
909   h00141    (0)   11 :  0.010 0.904 0.004 0.082 
910   h00241    (0)   11 :  0.010 0.741 0.017 0.232 
911   h00341    (0)   11 :  0.006 0.674 0.007 0.313 
912   h00441    (0)   11 :  0.008 0.961 0.004 0.027 
913   h00541    (0)   11 :  0.010 0.882 0.022 0.086 
914   h00641    (0)   11 :  0.005 0.711 0.004 0.280 
915   h00741    (0)   11 :  0.005 0.672 0.012 0.310 
916   h00841    (0)   11 :  0.079 0.782 0.010 0.129 
917   h00941    (0)   11 :  0.020 0.665 0.006 0.309 
918   h01041    (0)   11 :  0.010 0.697 0.006 0.288 
919   h01141    (0)   11 :  0.006 0.845 0.009 0.139 
920   h01241    (0)   11 :  0.035 0.890 0.008 0.067 
921   h01341    (0)   11 :  0.004 0.960 0.004 0.033 
922   h01441    (0)   11 :  0.005 0.752 0.014 0.230 
923   h01541    (0)   11 :  0.017 0.930 0.008 0.044 
924   h01641    (0)   11 :  0.005 0.765 0.004 0.226 
925   h01741    (0)   11 :  0.006 0.719 0.003 0.272 
926   h01841    (0)   11 :  0.014 0.653 0.024 0.309 
927   h01941    (0)   11 :  0.013 0.687 0.005 0.295 
928   h02041    (0)   11 :  0.008 0.788 0.005 0.199 
929   h02141    (0)   11 :  0.005 0.976 0.007 0.012 
930   h02241    (0)   11 :  0.009 0.839 0.018 0.135 
931   h02341    (0)   11 :  0.012 0.693 0.160 0.135 
932   h02441    (0)   11 :  0.030 0.848 0.012 0.110 
933   h02541    (0)   11 :  0.010 0.766 0.005 0.219 
934   h02641    (0)   11 :  0.008 0.902 0.020 0.070 
935   h02741    (0)   11 :  0.016 0.865 0.004 0.115 
936   h02841    (0)   11 :  0.005 0.653 0.004 0.337 
937   h02941    (0)   11 :  0.027 0.708 0.006 0.259 
938   h03041    (0)   11 :  0.009 0.889 0.009 0.092 
939   h03141    (0)   11 :  0.008 0.825 0.006 0.162 
940   h03241    (0)   11 :  0.007 0.650 0.008 0.335 
941   h03341    (0)   11 :  0.005 0.726 0.008 0.261 
942   h03441    (0)   11 :  0.010 0.773 0.014 0.203 
943   h03541    (0)   11 :  0.012 0.783 0.012 0.193 
944   h03641    (0)   11 :  0.089 0.746 0.018 0.148 
945   h03741    (0)   11 :  0.188 0.714 0.004 0.093 
946   h03841    (0)   11 :  0.008 0.934 0.007 0.051 
947   h03941    (0)   11 :  0.006 0.808 0.015 0.170 
948   h04041    (0)   11 :  0.020 0.721 0.008 0.250 
949   h04141    (0)   11 :  0.007 0.757 0.010 0.226 
950   h04241    (0)   11 :  0.026 0.550 0.013 0.411 
951   h04341    (0)   11 :  0.011 0.906 0.008 0.075 
952   h04441    (0)   11 :  0.007 0.911 0.005 0.077 
953   h04541    (0)   11 :  0.005 0.890 0.007 0.098 
954   h04641    (0)   11 :  0.116 0.854 0.011 0.019 
955   h04741    (0)   11 :  0.365 0.468 0.005 0.162 
956   h04841    (0)   11 :  0.010 0.770 0.005 0.215 
957   h04941    (0)   11 :  0.004 0.969 0.005 0.022 
958   h05041    (0)   11 :  0.006 0.784 0.008 0.202 
959   h05141    (0)   11 :  0.007 0.951 0.018 0.024 
960   h05241    (0)   11 :  0.005 0.877 0.005 0.113 
961   h05341    (0)   11 :  0.006 0.864 0.006 0.124 
962   h05441    (0)   11 :  0.016 0.662 0.009 0.313 
963   h05541    (0)   11 :  0.012 0.550 0.009 0.429 
964   h05641    (0)   11 :  0.026 0.757 0.007 0.210 
965   h05741    (0)   11 :  0.008 0.959 0.024 0.009 
966   h05841    (0)   11 :  0.006 0.654 0.008 0.332 
967   h05941    (0)   11 :  0.016 0.494 0.013 0.477 
968   h06041    (0)   11 :  0.008 0.767 0.009 0.217 
969   h06141    (0)   11 :  0.019 0.500 0.015 0.466 
970   h06241    (0)   11 :  0.009 0.931 0.004 0.057 
971   h06341    (0)   11 :  0.006 0.745 0.009 0.241 
972   h06441    (0)   11 :  0.007 0.590 0.006 0.398 
973   h06541    (0)   11 :  0.020 0.788 0.010 0.182 
974   h06641    (0)   11 :  0.006 0.946 0.024 0.023 
975   h06741    (0)   11 :  0.022 0.685 0.004 0.290 
976   h06841    (0)   11 :  0.034 0.651 0.007 0.309 
977   h06941    (0)   11 :  0.007 0.642 0.006 0.344 
978   h07041    (0)   11 :  0.014 0.969 0.011 0.006 
979   h07141    (0)   11 :  0.048 0.808 0.009 0.136 
980   h07241    (0)   11 :  0.064 0.378 0.004 0.554 
981   h07341    (0)   11 :  0.018 0.692 0.015 0.274 
982   h07441    (0)   11 :  0.013 0.553 0.013 0.421 
983   h07541    (0)   11 :  0.010 0.768 0.012 0.210 
984   h07641    (0)   11 :  0.134 0.594 0.033 0.239 
985   h07741    (0)   11 :  0.022 0.687 0.007 0.283 
986   h07841    (0)   11 :  0.005 0.843 0.003 0.149 
987   h07941    (0)   11 :  0.143 0.754 0.032 0.070 
988   h08041    (0)   11 :  0.015 0.822 0.007 0.156 
989   h08141    (0)   11 :  0.016 0.847 0.007 0.130 
990   h08241    (0)   11 :  0.023 0.793 0.015 0.169 
991   h08341    (0)   11 :  0.007 0.947 0.012 0.034 
992   h08441    (0)   11 :  0.008 0.703 0.005 0.284 
993   h08541    (0)   11 :  0.009 0.888 0.012 0.091 
994   h08641    (0)   11 :  0.022 0.715 0.004 0.258 
995   h08741    (0)   11 :  0.004 0.798 0.007 0.191 
996   h08841    (0)   11 :  0.024 0.762 0.006 0.208 
997   h08941    (0)   11 :  0.022 0.710 0.005 0.264 
998   h09041    (0)   11 :  0.020 0.783 0.006 0.191 
999   h09141    (0)   11 :  0.029 0.817 0.007 0.147 
1000   h09241    (0)   11 :  0.041 0.739 0.019 0.201 
1001   h09341    (0)   11 :  0.017 0.856 0.004 0.124 
1002   h09441    (0)   11 :  0.006 0.673 0.007 0.314 
1003   h09541    (0)   11 :  0.005 0.584 0.005 0.405 
1004   h09641    (0)   11 :  0.044 0.673 0.004 0.279 
1005   h09741    (0)   11 :  0.011 0.932 0.008 0.049 
1006   h09841    (0)   11 :  0.038 0.760 0.007 0.196 
1007   h09941    (0)   11 :  0.004 0.953 0.013 0.030 
1008   h10041    (0)   11 :  0.006 0.708 0.025 0.261 
1009    h0017    (0)   12 :  0.009 0.012 0.755 0.225 
1010    h0027    (0)   12 :  0.010 0.004 0.756 0.230 
1011    h0037    (0)   12 :  0.013 0.007 0.855 0.126 
1012    h0047    (0)   12 :  0.007 0.012 0.812 0.169 
1013    h0057    (0)   12 :  0.003 0.005 0.652 0.341 
1014    h0067    (0)   12 :  0.005 0.004 0.695 0.296 
1015    h0077    (0)   12 :  0.017 0.016 0.946 0.021 
1016    h0087    (0)   12 :  0.004 0.011 0.834 0.152 
1017    h0097    (0)   12 :  0.008 0.009 0.675 0.309 
1018    h0107    (0)   12 :  0.004 0.006 0.781 0.209 
1019    h0117    (0)   12 :  0.015 0.010 0.772 0.203 
1020    h0127    (0)   12 :  0.011 0.013 0.679 0.296 
1021    h0137    (0)   12 :  0.006 0.035 0.814 0.144 
1022    h0147    (0)   12 :  0.014 0.013 0.751 0.222 
1023    h0157    (0)   12 :  0.005 0.023 0.777 0.194 
1024    h0167    (0)   12 :  0.005 0.017 0.634 0.344 
1025    h0177    (0)   12 :  0.008 0.007 0.704 0.281 
1026    h0187    (0)   12 :  0.009 0.007 0.721 0.262 
1027    h0197    (0)   12 :  0.007 0.008 0.636 0.349 
1028    h0207    (0)   12 :  0.009 0.050 0.709 0.232 
1029    h0217    (0)   12 :  0.008 0.080 0.839 0.073 
1030    h0227    (0)   12 :  0.008 0.020 0.531 0.441 
1031    h0237    (0)   12 :  0.044 0.004 0.770 0.182 
1032    h0247    (0)   12 :  0.003 0.006 0.817 0.174 
1033    h0257    (0)   12 :  0.003 0.008 0.654 0.335 
1034    h0267    (0)   12 :  0.092 0.021 0.807 0.080 
1035    h0277    (0)   12 :  0.004 0.015 0.730 0.251 
1036    h0287    (0)   12 :  0.006 0.071 0.897 0.026 
1037    h0297    (0)   12 :  0.004 0.005 0.721 0.270 
1038    h0307    (0)   12 :  0.005 0.005 0.622 0.369 
1039    h0317    (0)   12 :  0.012 0.006 0.663 0.319 
1040    h0327    (0)   12 :  0.009 0.018 0.825 0.148 
1041    h0337    (0)   12 :  0.004 0.038 0.818 0.140 
1042    h0347    (0)   12 :  0.006 0.009 0.708 0.278 
1043    h0357    (0)   12 :  0.004 0.005 0.673 0.318 
1044    h0367    (0)   12 :  0.003 0.006 0.783 0.208 
1045    h0377    (0)   12 :  0.004 0.011 0.745 0.240 
1046    h0387    (0)   12 :  0.007 0.031 0.652 0.311 
1047    h0397    (0)   12 :  0.004 0.008 0.983 0.005 
1048    h0407    (0)   12 :  0.003 0.018 0.803 0.175 
1049    h0417    (0)   12 :  0.005 0.007 0.554 0.433 
1050    h0427    (0)   12 :  0.028 0.016 0.645 0.311 
1051    h0437    (0)   12 :  0.009 0.026 0.812 0.152 
1052    h0447    (0)   12 :  0.004 0.005 0.794 0.197 
1053    h0457    (0)   12 :  0.012 0.006 0.732 0.249 
1054    h0467    (0)   12 :  0.004 0.007 0.776 0.213 
1055    h0477    (0)   12 :  0.004 0.007 0.672 0.318 
1056    h0487    (0)   12 :  0.006 0.007 0.797 0.190 
1057    h0497    (0)   12 :  0.011 0.013 0.755 0.221 
1058    h0507    (0)   12 :  0.003 0.007 0.759 0.230 
1059    h0517    (0)   12 :  0.037 0.015 0.864 0.083 
1060    h0527    (0)   12 :  0.003 0.008 0.697 0.292 
1061    h0537    (0)   12 :  0.008 0.036 0.786 0.170 
1062    h0547    (0)   12 :  0.004 0.007 0.811 0.178 
1063    h0557    (0)   12 :  0.014 0.075 0.840 0.070 
1064    h0567    (0)   12 :  0.016 0.020 0.738 0.226 
1065    h0577    (0)   12 :  0.004 0.004 0.661 0.331 
1066    h0587    (0)   12 :  0.137 0.005 0.619 0.239 
1067    h0597    (0)   12 :  0.021 0.043 0.726 0.210 
1068    h0607    (0)   12 :  0.003 0.008 0.809 0.180 
1069    h0617    (0)   12 :  0.009 0.012 0.792 0.188 
1070    h0627    (0)   12 :  0.003 0.008 0.815 0.174 
1071    h0637    (0)   12 :  0.116 0.010 0.660 0.214 
1072    h0647    (0)   12 :  0.006 0.027 0.683 0.284 
1073    h0657    (0)   12 :  0.004 0.035 0.754 0.206 
1074    h0667    (0)   12 :  0.004 0.015 0.828 0.152 
1075    h0677    (0)   12 :  0.005 0.026 0.776 0.193 
1076    h0687    (0)   12 :  0.005 0.008 0.770 0.217 
1077    h0697    (0)   12 :  0.009 0.011 0.616 0.364 
1078    h0707    (0)   12 :  0.042 0.031 0.585 0.343 
1079    h0717    (0)   12 :  0.004 0.009 0.848 0.139 
1080    h0727    (0)   12 :  0.005 0.005 0.703 0.287 
1081    h0737    (0)   12 :  0.006 0.014 0.685 0.295 
1082    h0747    (0)   12 :  0.010 0.031 0.811 0.148 
1083    h0757    (0)   12 :  0.007 0.004 0.709 0.280 
1084    h0767    (0)   12 :  0.007 0.005 0.760 0.227 
1085    h0777    (0)   12 :  0.104 0.043 0.779 0.075 
1086    h0787    (0)   12 :  0.008 0.068 0.837 0.087 
1087    h0797    (0)   12 :  0.010 0.005 0.802 0.183 
1088    h0807    (0)   12 :  0.008 0.009 0.569 0.415 
1089    h0817    (0)   12 :  0.007 0.008 0.699 0.287 
1090    h0827    (0)   12 :  0.003 0.004 0.727 0.266 
1091    h0837    (0)   12 :  0.004 0.007 0.666 0.322 
1092    h0847    (0)   12 :  0.004 0.009 0.717 0.270 
1093    h0857    (0)   12 :  0.004 0.010 0.790 0.196 
1094    h0867    (0)   12 :  0.027 0.035 0.747 0.192 
1095    h0877    (0)   12 :  0.003 0.005 0.737 0.256 
1096    h0887    (0)   12 :  0.007 0.009 0.668 0.315 
1097    h0897    (0)   12 :  0.014 0.008 0.563 0.415 
1098    h0907    (0)   12 :  0.007 0.024 0.758 0.211 
1099    h0917    (0)   12 :  0.005 0.006 0.773 0.216 
1100    h0927    (0)   12 :  0.005 0.008 0.831 0.157 
1101    h0937    (0)   12 :  0.005 0.026 0.876 0.093 
1102    h0947    (0)   12 :  0.016 0.011 0.747 0.226 
1103    h0957    (0)   12 :  0.004 0.004 0.645 0.347 
1104    h0967    (0)   12 :  0.003 0.005 0.798 0.195 
1105    h0977    (0)   12 :  0.015 0.008 0.705 0.272 
1106    h0987    (0)   12 :  0.004 0.005 0.923 0.068 
1107    h0997    (0)   12 :  0.003 0.006 0.574 0.417 
1108    h1007    (0)   12 :  0.011 0.022 0.750 0.217 
1109   h00110    (0)   13 :  0.708 0.006 0.006 0.280 
1110   h00210    (0)   13 :  0.710 0.017 0.006 0.267 
1111   h00310    (0)   13 :  0.687 0.014 0.019 0.279 
1112   h00410    (0)   13 :  0.729 0.004 0.005 0.262 
1113   h00510    (0)   13 :  0.756 0.128 0.005 0.112 
1114   h00610    (0)   13 :  0.722 0.101 0.006 0.170 
1115   h00710    (0)   13 :  0.678 0.016 0.003 0.303 
1116   h00810    (0)   13 :  0.617 0.009 0.009 0.365 
1117   h00910    (0)   13 :  0.744 0.007 0.016 0.233 
1118   h01010    (0)   13 :  0.869 0.008 0.005 0.118 
1119   h01110    (0)   13 :  0.847 0.062 0.042 0.049 
1120   h01210    (0)   13 :  0.739 0.004 0.003 0.253 
1121   h01310    (0)   13 :  0.683 0.006 0.005 0.305 
1122   h01410    (0)   13 :  0.630 0.053 0.030 0.286 
1123   h01510    (0)   13 :  0.797 0.005 0.006 0.192 
1124   h01610    (0)   13 :  0.686 0.042 0.006 0.265 
1125   h01710    (0)   13 :  0.679 0.008 0.005 0.308 
1126   h01810    (0)   13 :  0.788 0.014 0.003 0.194 
1127   h01910    (0)   13 :  0.732 0.006 0.006 0.256 
1128   h02010    (0)   13 :  0.663 0.006 0.005 0.326 
1129   h02110    (0)   13 :  0.745 0.019 0.007 0.229 
1130   h02210    (0)   13 :  0.750 0.021 0.004 0.226 
1131   h02310    (0)   13 :  0.853 0.006 0.011 0.130 
1132   h02410    (0)   13 :  0.718 0.011 0.008 0.263 
1133   h02510    (0)   13 :  0.761 0.017 0.003 0.218 
1134   h02610    (0)   13 :  0.698 0.008 0.007 0.288 
1135   h02710    (0)   13 :  0.821 0.026 0.025 0.128 
1136   h02810    (0)   13 :  0.803 0.012 0.007 0.178 
1137   h02910    (0)   13 :  0.832 0.009 0.013 0.146 
1138   h03010    (0)   13 :  0.765 0.007 0.005 0.224 
1139   h03110    (0)   13 :  0.954 0.009 0.027 0.009 
1140   h03210    (0)   13 :  0.886 0.019 0.067 0.029 
1141   h03310    (0)   13 :  0.761 0.009 0.017 0.213 
1142   h03410    (0)   13 :  0.763 0.003 0.003 0.231 
1143   h03510    (0)   13 :  0.990 0.004 0.002 0.003 
1144   h03610    (0)   13 :  0.827 0.011 0.027 0.135 
1145   h03710    (0)   13 :  0.636 0.008 0.006 0.351 
1146   h03810    (0)   13 :  0.662 0.018 0.003 0.318 
1147   h03910    (0)   13 :  0.796 0.008 0.008 0.188 
1148   h04010    (0)   13 :  0.480 0.008 0.014 0.498 
1149   h04110    (0)   13 :  0.870 0.017 0.005 0.108 
1150   h04210    (0)   13 :  0.985 0.006 0.005 0.005 
1151   h04310    (0)   13 :  0.776 0.006 0.003 0.215 
1152   h04410    (0)   13 :  0.645 0.009 0.009 0.337 
1153   h04510    (0)   13 :  0.768 0.048 0.012 0.172 
1154   h04610    (0)   13 :  0.868 0.007 0.005 0.120 
1155   h04710    (0)   13 :  0.713 0.019 0.021 0.247 
1156   h04810    (0)   13 :  0.915 0.049 0.019 0.016 
1157   h04910    (0)   13 :  0.759 0.019 0.014 0.208 
1158   h05010    (0)   13 :  0.772 0.061 0.028 0.138 
1159   h05110    (0)   13 :  0.821 0.011 0.008 0.160 
1160   h05210    (0)   13 :  0.706 0.111 0.007 0.175 
1161   h05310    (0)   13 :  0.741 0.007 0.004 0.249 
1162   h05410    (0)   13 :  0.775 0.044 0.004 0.177 
1163   h05510    (0)   13 :  0.870 0.022 0.042 0.066 
1164   h05610    (0)   13 :  0.742 0.008 0.004 0.246 
1165   h05710    (0)   13 :  0.821 0.010 0.005 0.164 
1166   h05810    (0)   13 :  0.824 0.025 0.013 0.138 
1167   h05910    (0)   13 :  0.678 0.009 0.004 0.310 
1168   h06010    (0)   13 :  0.859 0.012 0.004 0.126 
1169   h06110    (0)   13 :  0.792 0.016 0.006 0.186 
1170   h06210    (0)   13 :  0.833 0.013 0.014 0.140 
1171   h06310    (0)   13 :  0.779 0.043 0.021 0.157 
1172   h06410    (0)   13 :  0.852 0.006 0.073 0.069 
1173   h06510    (0)   13 :  0.774 0.019 0.006 0.201 
1174   h06610    (0)   13 :  0.768 0.005 0.005 0.222 
1175   h06710    (0)   13 :  0.640 0.011 0.030 0.319 
1176   h06810    (0)   13 :  0.746 0.004 0.004 0.246 
1177   h06910    (0)   13 :  0.878 0.011 0.005 0.106 
1178   h07010    (0)   13 :  0.851 0.102 0.005 0.042 
1179   h07110    (0)   13 :  0.735 0.005 0.003 0.256 
1180   h07210    (0)   13 :  0.898 0.044 0.005 0.053 
1181   h07310    (0)   13 :  0.647 0.008 0.029 0.316 
1182   h07410    (0)   13 :  0.665 0.024 0.005 0.307 
1183   h07510    (0)   13 :  0.701 0.006 0.004 0.289 
1184   h07610    (0)   13 :  0.619 0.004 0.003 0.374 
1185   h07710    (0)   13 :  0.802 0.040 0.005 0.153 
1186   h07810    (0)   13 :  0.703 0.012 0.012 0.273 
1187   h07910    (0)   13 :  0.569 0.004 0.006 0.421 
1188   h08010    (0)   13 :  0.699 0.008 0.010 0.284 
1189   h08110    (0)   13 :  0.726 0.008 0.004 0.263 
1190   h08210    (0)   13 :  0.677 0.013 0.013 0.297 
1191   h08310    (0)   13 :  0.666 0.008 0.006 0.319 
1192   h08410    (0)   13 :  0.584 0.008 0.008 0.400 
1193   h08510    (0)   13 :  0.675 0.006 0.004 0.314 
1194   h08610    (0)   13 :  0.716 0.048 0.005 0.231 
1195   h08710    (0)   13 :  0.739 0.008 0.004 0.248 
1196   h08810    (0)   13 :  0.862 0.004 0.003 0.131 
1197   h08910    (0)   13 :  0.877 0.018 0.012 0.092 
1198   h09010    (0)   13 :  0.736 0.011 0.009 0.245 
1199   h09110    (0)   13 :  0.832 0.020 0.130 0.017 
1200   h09210    (0)   13 :  0.812 0.007 0.003 0.178 
1201   h09310    (0)   13 :  0.710 0.006 0.004 0.281 
1202   h09410    (0)   13 :  0.696 0.008 0.004 0.292 
1203   h09510    (0)   13 :  0.858 0.006 0.003 0.133 
1204   h09610    (0)   13 :  0.889 0.021 0.005 0.085 
1205   h09710    (0)   13 :  0.705 0.005 0.005 0.285 
1206   h09810    (0)   13 :  0.636 0.011 0.004 0.349 
1207   h09910    (0)   13 :  0.851 0.004 0.005 0.140 
1208   h10010    (0)   13 :  0.850 0.019 0.012 0.118 
1209   h00113    (0)   14 :  0.090 0.763 0.039 0.107 
1210   h00213    (0)   14 :  0.013 0.622 0.064 0.302 
1211   h00313    (0)   14 :  0.114 0.713 0.010 0.163 
1212   h00413    (0)   14 :  0.069 0.902 0.013 0.016 
1213   h00513    (0)   14 :  0.007 0.587 0.006 0.400 
1214   h00613    (0)   14 :  0.004 0.554 0.004 0.438 
1215   h00713    (0)   14 :  0.010 0.805 0.012 0.174 
1216   h00813    (0)   14 :  0.007 0.612 0.015 0.367 
1217   h00913    (0)   14 :  0.008 0.971 0.004 0.017 
1218   h01013    (0)   14 :  0.009 0.673 0.006 0.312 
1219   h01113    (0)   14 :  0.060 0.646 0.006 0.288 
1220   h01213    (0)   14 :  0.011 0.739 0.004 0.246 
1221   h01313    (0)   14 :  0.041 0.940 0.007 0.012 
1222   h01413    (0)   14 :  0.085 0.800 0.087 0.029 
1223   h01513    (0)   14 :  0.040 0.664 0.013 0.283 
1224   h01613    (0)   14 :  0.199 0.505 0.005 0.291 
1225   h01713    (0)   14 :  0.010 0.728 0.006 0.256 
1226   h01813    (0)   14 :  0.007 0.975 0.007 0.011 
1227   h01913    (0)   14 :  0.028 0.881 0.007 0.083 
1228   h02013    (0)   14 :  0.029 0.667 0.011 0.294 
1229   h02113    (0)   14 :  0.009 0.887 0.004 0.100 
1230   h02213    (0)   14 :  0.013 0.969 0.012 0.006 
1231   h02313    (0)   14 :  0.009 0.978 0.006 0.007 
1232   h02413    (0)   14 :  0.027 0.935 0.019 0.019 
1233   h02513    (0)   14 :  0.006 0.764 0.009 0.221 
1234   h02613    (0)   14 :  0.015 0.818 0.011 0.156 
1235   h02713    (0)   14 :  0.030 0.815 0.026 0.129 
1236   h02813    (0)   14 :  0.044 0.883 0.006 0.067 
1237   h02913    (0)   14 :  0.011 0.703 0.006 0.280 
1238   h03013    (0)   14 :  0.033 0.557 0.009 0.400 
1239   h03113    (0)   14 :  0.041 0.875 0.006 0.078 
1240   h03213    (0)   14 :  0.008 0.737 0.101 0.154 
1241   h03313    (0)   14 :  0.005 0.790 0.009 0.196 
1242   h03413    (0)   14 :  0.018 0.922 0.036 0.024 
1243   h03513    (0)   14 :  0.007 0.809 0.025 0.160 
1244   h03613    (0)   14 :  0.010 0.979 0.004 0.006 
1245   h03713    (0)   14 :  0.012 0.691 0.006 0.290 
1246   h03813    (0)   14 :  0.006 0.657 0.004 0.333 
1247   h03913    (0)   14 :  0.008 0.742 0.009 0.241 
1248   h04013    (0)   14 :  0.026 0.919 0.024 0.031 
1249   h04113    (0)   14 :  0.037 0.894 0.035 0.034 
1250   h04213    (0)   14 :  0.009 0.804 0.017 0.170 
1251   h04313    (0)   14 :  0.005 0.797 0.009 0.189 
1252   h04413    (0)   14 :  0.007 0.805 0.003 0.185 
1253   h04513    (0)   14 :  0.012 0.803 0.014 0.171 
1254   h04613    (0)   14 :  0.020 0.857 0.024 0.099 
1255   h04713    (0)   14 :  0.009 0.907 0.015 0.069 
1256   h04813    (0)   14 :  0.017 0.664 0.033 0.286 
1257   h04913    (0)   14 :  0.006 0.742 0.006 0.246 
1258   h05013    (0)   14 :  0.008 0.784 0.039 0.170 
1259   h05113    (0)   14 :  0.007 0.758 0.031 0.205 
1260   h05213    (0)   14 :  0.022 0.938 0.033 0.007 
1261   h05313    (0)   14 :  0.013 0.772 0.005 0.210 
1262   h05413    (0)   14 :  0.008 0.569 0.067 0.355 
1263   h05513    (0)   14 :  0.011 0.871 0.003 0.115 
1264   h05613    (0)   14 :  0.018 0.892 0.007 0.083 
1265   h05713    (0)   14 :  0.013 0.669 0.007 0.311 
1266   h05813    (0)   14 :  0.041 0.442 0.004 0.514 
1267   h05913    (0)   14 :  0.017 0.963 0.004 0.016 
1268   h06013    (0)   14 :  0.011 0.808 0.010 0.171 
1269   h06113    (0)   14 :  0.049 0.899 0.004 0.049 
1270   h06213    (0)   14 :  0.008 0.693 0.012 0.286 
1271   h06313    (0)   14 :  0.009 0.879 0.010 0.102 
1272   h06413    (0)   14 :  0.010 0.944 0.005 0.041 
1273   h06513    (0)   14 :  0.012 0.930 0.014 0.044 
1274   h06613    (0)   14 :  0.011 0.802 0.051 0.136 
1275   h06713    (0)   14 :  0.012 0.514 0.007 0.467 
1276   h06813    (0)   14 :  0.009 0.778 0.038 0.176 
1277   h06913    (0)   14 :  0.005 0.910 0.009 0.076 
1278   h07013    (0)   14 :  0.026 0.792 0.007 0.175 
1279   h07113    (0)   14 :  0.021 0.666 0.011 0.303 
1280   h07213    (0)   14 :  0.021 0.680 0.007 0.293 
1281   h07313    (0)   14 :  0.008 0.942 0.004 0.046 
1282   h07413    (0)   14 :  0.004 0.655 0.016 0.324 
1283   h07513    (0)   14 :  0.027 0.886 0.007 0.080 
1284   h07613    (0)   14 :  0.076 0.856 0.009 0.059 
1285   h07713    (0)   14 :  0.008 0.718 0.004 0.269 
1286   h07813    (0)   14 :  0.019 0.951 0.004 0.026 
1287   h07913    (0)   14 :  0.053 0.503 0.172 0.272 
1288   h08013    (0)   14 :  0.013 0.723 0.008 0.257 
1289   h08113    (0)   14 :  0.008 0.938 0.023 0.031 
1290   h08213    (0)   14 :  0.050 0.694 0.005 0.251 
1291   h08313    (0)   14 :  0.009 0.970 0.011 0.010 
1292   h08413    (0)   14 :  0.009 0.780 0.006 0.206 
1293   h08513    (0)   14 :  0.007 0.976 0.008 0.009 
1294   h08613    (0)   14 :  0.011 0.756 0.010 0.223 
1295   h08713    (0)   14 :  0.031 0.629 0.083 0.256 
1296   h08813    (0)   14 :  0.012 0.692 0.005 0.291 
1297   h08913    (0)   14 :  0.008 0.912 0.009 0.072 
1298   h09013    (0)   14 :  0.010 0.810 0.005 0.175 
1299   h09113    (0)   14 :  0.011 0.909 0.019 0.061 
1300   h09213    (0)   14 :  0.017 0.600 0.046 0.337 
1301   h09313    (0)   14 :  0.010 0.793 0.008 0.189 
1302   h09413    (0)   14 :  0.032 0.640 0.047 0.281 
1303   h09513    (0)   14 :  0.029 0.745 0.004 0.222 
1304   h09613    (0)   14 :  0.012 0.843 0.013 0.131 
1305   h09713    (0)   14 :  0.084 0.902 0.004 0.010 
1306   h09813    (0)   14 :  0.033 0.450 0.021 0.496 
1307   h09913    (0)   14 :  0.019 0.635 0.006 0.340 
1308   h10013    (0)   14 :  0.294 0.438 0.019 0.250 
1309    W23CA   (10)   15 :  0.012 0.967 0.009 0.012 
1310  AP.085Y    (5)   15 :  0.028 0.923 0.043 0.006 
1311  CH.0LLY    (5)   15 :  0.038 0.619 0.013 0.330 
1312    M0LEC    (5)   15 :  0.006 0.984 0.005 0.005 
1313    M2C3H   (10)   15 :  0.022 0.819 0.020 0.140 
1314    M2CHL    (5)   15 :  0.036 0.543 0.021 0.400 
1315    W26P7   (10)   15 :  0.015 0.922 0.006 0.058 
1316  AP.07M5    (0)   15 :  0.004 0.927 0.060 0.009 
1317  AP.080U    (0)   15 :  0.011 0.964 0.005 0.019 
1318  AP.082A    (0)   15 :  0.004 0.967 0.023 0.005 
1319  AP.0843    (0)   15 :  0.009 0.948 0.033 0.010 
1320  AP.0844    (0)   15 :  0.034 0.924 0.007 0.035 
1321  AP.084X    (0)   15 :  0.004 0.971 0.011 0.015 
1322  AP.086Y    (0)   15 :  0.006 0.877 0.009 0.108 
1323  AP.0870    (0)   15 :  0.053 0.921 0.006 0.019 
1324  AP.0878    (0)   15 :  0.016 0.920 0.007 0.058 
1325  AP.087F    (0)   15 :  0.011 0.828 0.007 0.153 
1326  AP.087Y    (0)   15 :  0.020 0.598 0.010 0.373 
1327  AP.088P    (0)   15 :  0.004 0.970 0.019 0.007 
1328  AP.08AK    (5)   15 :  0.004 0.817 0.158 0.021 
1329  CH.0LLM    (0)   15 :  0.036 0.852 0.014 0.098 
1330  CH.0LLU    (0)   15 :  0.066 0.801 0.009 0.124 
1331  CH.0LM0    (5)   15 :  0.014 0.902 0.038 0.047 
1332  CH.0LM3    (5)   15 :  0.004 0.946 0.030 0.020 
1333    W26MY    (0)   15 :  0.031 0.842 0.071 0.056 
1334    W26P6    (0)   15 :  0.004 0.856 0.018 0.122 
1335   HRV07U    (0)   15 :  0.062 0.914 0.008 0.016 
1336   HRV1CT    (0)   15 :  0.008 0.972 0.015 0.006 
1337   HRV1CU    (0)   15 :  0.007 0.971 0.018 0.004 
1338   HRV1E6    (0)   15 :  0.008 0.977 0.012 0.004 
1339   HRV081    (0)   15 :  0.004 0.854 0.138 0.004 
1340   HRV1E3    (0)   15 :  0.015 0.965 0.007 0.013 
1341   MSV21E    (0)   15 :  0.018 0.900 0.033 0.049 
1342   MSV216    (0)   15 :  0.026 0.946 0.022 0.006 
1343    M0TYK    (0)   15 :  0.007 0.948 0.013 0.031 
1344   MSV2AA    (0)   15 :  0.009 0.953 0.007 0.031 
1345  CK.0PET    (0)   15 :  0.030 0.893 0.018 0.059 
1346    M2E8C    (0)   15 :  0.009 0.973 0.012 0.006 
1347   MSV23X    (0)   15 :  0.012 0.917 0.019 0.051 
1348   MSV32A    (0)   15 :  0.006 0.972 0.006 0.016 
1349  AP.0838    (0)   15 :  0.029 0.957 0.004 0.010 
1350  AP.088F    (0)   15 :  0.024 0.959 0.005 0.012 
1351   h00121    (0)   16 :  0.015 0.734 0.007 0.243 
1352   h00221    (0)   16 :  0.007 0.715 0.031 0.248 
1353   h00321    (0)   16 :  0.005 0.945 0.044 0.006 
1354   h00421    (0)   16 :  0.007 0.810 0.046 0.137 
1355   h00521    (0)   16 :  0.023 0.941 0.011 0.024 
1356   h00621    (0)   16 :  0.010 0.925 0.033 0.032 
1357   h00721    (0)   16 :  0.023 0.836 0.011 0.130 
1358   h00821    (0)   16 :  0.010 0.754 0.055 0.182 
1359   h00921    (0)   16 :  0.004 0.816 0.007 0.173 
1360   h01021    (0)   16 :  0.006 0.960 0.010 0.024 
1361   h01121    (0)   16 :  0.009 0.982 0.005 0.004 
1362   h01221    (0)   16 :  0.022 0.946 0.004 0.028 
1363   h01321    (0)   16 :  0.005 0.977 0.008 0.010 
1364   h01421    (0)   16 :  0.009 0.955 0.025 0.011 
1365   h01521    (0)   16 :  0.010 0.975 0.010 0.005 
1366   h01621    (0)   16 :  0.007 0.938 0.005 0.049 
1367   h01721    (0)   16 :  0.005 0.942 0.047 0.006 
1368   h01821    (0)   16 :  0.008 0.905 0.005 0.081 
1369   h01921    (0)   16 :  0.006 0.746 0.010 0.239 
1370   h02021    (0)   16 :  0.011 0.954 0.004 0.031 
1371   h02121    (0)   16 :  0.016 0.814 0.009 0.162 
1372   h02221    (0)   16 :  0.005 0.955 0.025 0.016 
1373   h02321    (0)   16 :  0.015 0.902 0.073 0.010 
1374   h02421    (0)   16 :  0.034 0.805 0.020 0.140 
1375   h02521    (0)   16 :  0.006 0.842 0.010 0.142 
1376   h02621    (0)   16 :  0.004 0.950 0.043 0.003 
1377   h02721    (0)   16 :  0.033 0.807 0.009 0.150 
1378   h02821    (0)   16 :  0.006 0.967 0.009 0.019 
1379   h02921    (0)   16 :  0.014 0.933 0.048 0.005 
1380   h03021    (0)   16 :  0.008 0.971 0.008 0.012 
1381   h03121    (0)   16 :  0.010 0.917 0.008 0.066 
1382   h03221    (0)   16 :  0.007 0.773 0.012 0.207 
1383   h03321    (0)   16 :  0.009 0.958 0.022 0.011 
1384   h03421    (0)   16 :  0.009 0.754 0.141 0.096 
1385   h03521    (0)   16 :  0.005 0.709 0.023 0.264 
1386   h03621    (0)   16 :  0.003 0.974 0.012 0.011 
1387   h03721    (0)   16 :  0.019 0.945 0.027 0.009 
1388   h03821    (0)   16 :  0.003 0.940 0.014 0.043 
1389   h03921    (0)   16 :  0.005 0.865 0.015 0.115 
1390   h04021    (0)   16 :  0.013 0.646 0.006 0.334 
1391   h04121    (0)   16 :  0.004 0.968 0.021 0.007 
1392   h04221    (0)   16 :  0.006 0.916 0.011 0.067 
1393   h04321    (0)   16 :  0.016 0.838 0.012 0.135 
1394   h04421    (0)   16 :  0.009 0.967 0.005 0.019 
1395   h04521    (0)   16 :  0.006 0.884 0.021 0.088 
1396   h04621    (0)   16 :  0.009 0.970 0.015 0.006 
1397   h04721    (0)   16 :  0.006 0.958 0.028 0.008 
1398   h04821    (0)   16 :  0.017 0.921 0.058 0.004 
1399   h04921    (0)   16 :  0.006 0.983 0.009 0.003 
1400   h05021    (0)   16 :  0.008 0.975 0.008 0.008 
1401   h05121    (0)   16 :  0.006 0.845 0.078 0.072 
1402   h05221    (0)   16 :  0.006 0.977 0.010 0.007 
1403   h05321    (0)   16 :  0.004 0.852 0.008 0.136 
1404   h05421    (0)   16 :  0.018 0.949 0.011 0.022 
1405   h05521    (0)   16 :  0.009 0.744 0.021 0.226 
1406   h05621    (0)   16 :  0.012 0.962 0.017 0.009 
1407   h05721    (0)   16 :  0.006 0.645 0.011 0.338 
1408   h05821    (0)   16 :  0.005 0.978 0.013 0.004 
1409   h05921    (0)   16 :  0.005 0.982 0.007 0.007 
1410   h06021    (0)   16 :  0.007 0.968 0.005 0.020 
1411   h06121    (0)   16 :  0.005 0.907 0.019 0.069 
1412   h06221    (0)   16 :  0.005 0.976 0.008 0.011 
1413   h06321    (0)   16 :  0.004 0.935 0.024 0.038 
1414   h06421    (0)   16 :  0.008 0.854 0.063 0.075 
1415   h06521    (0)   16 :  0.007 0.810 0.006 0.177 
1416   h06621    (0)   16 :  0.006 0.901 0.011 0.082 
1417   h06721    (0)   16 :  0.003 0.934 0.007 0.056 
1418   h06821    (0)   16 :  0.005 0.873 0.103 0.018 
1419   h06921    (0)   16 :  0.004 0.950 0.038 0.008 
1420   h07021    (0)   16 :  0.004 0.953 0.037 0.006 
1421   h07121    (0)   16 :  0.006 0.947 0.008 0.039 
1422   h07221    (0)   16 :  0.024 0.958 0.009 0.009 
1423   h07321    (0)   16 :  0.008 0.957 0.028 0.007 
1424   h07421    (0)   16 :  0.005 0.966 0.017 0.012 
1425   h07521    (0)   16 :  0.010 0.808 0.125 0.057 
1426   h07621    (0)   16 :  0.007 0.982 0.006 0.005 
1427   h07721    (0)   16 :  0.013 0.936 0.007 0.043 
1428   h07821    (0)   16 :  0.004 0.956 0.034 0.006 
1429   h07921    (0)   16 :  0.004 0.682 0.015 0.300 
1430   h08021    (0)   16 :  0.007 0.973 0.009 0.011 
1431   h08121    (0)   16 :  0.008 0.981 0.005 0.007 
1432   h08221    (0)   16 :  0.013 0.583 0.074 0.330 
1433   h08321    (0)   16 :  0.012 0.638 0.038 0.313 
1434   h08421    (0)   16 :  0.014 0.930 0.036 0.019 
1435   h08521    (0)   16 :  0.006 0.913 0.018 0.063 
1436   h08621    (0)   16 :  0.005 0.954 0.009 0.033 
1437   h08721    (0)   16 :  0.005 0.898 0.085 0.011 
1438   h08821    (0)   16 :  0.006 0.951 0.018 0.025 
1439   h08921    (0)   16 :  0.007 0.809 0.041 0.143 
1440   h09021    (0)   16 :  0.004 0.857 0.057 0.081 
1441   h09121    (0)   16 :  0.006 0.965 0.022 0.007 
1442   h09221    (0)   16 :  0.005 0.946 0.036 0.013 
1443   h09321    (0)   16 :  0.005 0.971 0.006 0.018 
1444   h09421    (0)   16 :  0.017 0.961 0.014 0.008 
1445   h09521    (0)   16 :  0.013 0.924 0.014 0.049 
1446   h09621    (0)   16 :  0.005 0.969 0.020 0.007 
1447   h09721    (0)   16 :  0.019 0.817 0.008 0.156 
1448   h09821    (0)   16 :  0.043 0.911 0.026 0.021 
1449   h09921    (0)   16 :  0.011 0.851 0.008 0.130 
1450   h10021    (0)   16 :  0.011 0.944 0.037 0.008 
1451   h00151    (0)   17 :  0.183 0.797 0.007 0.013 
1452   h00251    (0)   17 :  0.010 0.864 0.008 0.118 
1453   h00351    (0)   17 :  0.008 0.924 0.007 0.061 
1454   h00451    (0)   17 :  0.015 0.804 0.006 0.175 
1455   h00551    (0)   17 :  0.044 0.941 0.004 0.011 
1456   h00651    (0)   17 :  0.006 0.854 0.004 0.137 
1457   h00751    (0)   17 :  0.004 0.975 0.006 0.014 
1458   h00851    (0)   17 :  0.005 0.969 0.018 0.008 
1459   h00951    (0)   17 :  0.007 0.972 0.009 0.012 
1460   h01051    (0)   17 :  0.008 0.973 0.011 0.009 
1461   h01151    (0)   17 :  0.027 0.789 0.006 0.178 
1462   h01251    (0)   17 :  0.007 0.837 0.007 0.149 
1463   h01351    (0)   17 :  0.032 0.951 0.004 0.013 
1464   h01451    (0)   17 :  0.006 0.970 0.006 0.019 
1465   h01551    (0)   17 :  0.010 0.968 0.018 0.004 
1466   h01651    (0)   17 :  0.006 0.920 0.004 0.070 
1467   h01751    (0)   17 :  0.008 0.709 0.005 0.279 
1468   h01851    (0)   17 :  0.112 0.794 0.007 0.088 
1469   h01951    (0)   17 :  0.059 0.742 0.011 0.188 
1470   h02051    (0)   17 :  0.005 0.955 0.005 0.036 
1471   h02151    (0)   17 :  0.008 0.807 0.004 0.181 
1472   h02251    (0)   17 :  0.005 0.979 0.006 0.010 
1473   h02351    (0)   17 :  0.043 0.933 0.005 0.019 
1474   h02451    (0)   17 :  0.088 0.881 0.007 0.024 
1475   h02551    (0)   17 :  0.016 0.751 0.004 0.229 
1476   h02651    (0)   17 :  0.013 0.622 0.053 0.311 
1477   h02751    (0)   17 :  0.019 0.958 0.012 0.011 
1478   h02851    (0)   17 :  0.014 0.792 0.015 0.180 
1479   h02951    (0)   17 :  0.004 0.894 0.006 0.096 
1480   h03051    (0)   17 :  0.036 0.866 0.007 0.090 
1481   h03151    (0)   17 :  0.008 0.759 0.004 0.228 
1482   h03251    (0)   17 :  0.006 0.946 0.005 0.043 
1483   h03351    (0)   17 :  0.013 0.961 0.021 0.005 
1484   h03451    (0)   17 :  0.003 0.985 0.008 0.004 
1485   h03551    (0)   17 :  0.020 0.935 0.010 0.036 
1486   h03651    (0)   17 :  0.131 0.659 0.010 0.200 
1487   h03751    (0)   17 :  0.012 0.769 0.039 0.180 
1488   h03851    (0)   17 :  0.082 0.730 0.010 0.179 
1489   h03951    (0)   17 :  0.041 0.902 0.032 0.025 
1490   h04051    (0)   17 :  0.008 0.952 0.016 0.024 
1491   h04151    (0)   17 :  0.010 0.943 0.027 0.020 
1492   h04251    (0)   17 :  0.008 0.953 0.004 0.035 
1493   h04351    (0)   17 :  0.018 0.935 0.014 0.032 
1494   h04451    (0)   17 :  0.005 0.983 0.005 0.007 
1495   h04551    (0)   17 :  0.005 0.981 0.006 0.009 
1496   h04651    (0)   17 :  0.027 0.868 0.006 0.099 
1497   h04751    (0)   17 :  0.062 0.815 0.007 0.116 
1498   h04851    (0)   17 :  0.010 0.929 0.008 0.053 
1499   h04951    (0)   17 :  0.018 0.960 0.009 0.012 
1500   h05051    (0)   17 :  0.017 0.844 0.005 0.133 
1501   h05151    (0)   17 :  0.009 0.975 0.007 0.009 
1502   h05251    (0)   17 :  0.017 0.950 0.007 0.027 
1503   h05351    (0)   17 :  0.007 0.560 0.008 0.425 
1504   h05451    (0)   17 :  0.013 0.974 0.006 0.007 
1505   h05551    (0)   17 :  0.013 0.971 0.007 0.009 
1506   h05651    (0)   17 :  0.005 0.963 0.007 0.025 
1507   h05751    (0)   17 :  0.006 0.945 0.007 0.042 
1508   h05851    (0)   17 :  0.009 0.962 0.012 0.017 
1509   h05951    (0)   17 :  0.006 0.944 0.003 0.046 
1510   h06051    (0)   17 :  0.018 0.946 0.011 0.025 
1511   h06151    (0)   17 :  0.004 0.641 0.007 0.348 
1512   h06251    (0)   17 :  0.021 0.961 0.010 0.008 
1513   h06351    (0)   17 :  0.008 0.983 0.004 0.005 
1514   h06451    (0)   17 :  0.016 0.969 0.007 0.008 
1515   h06551    (0)   17 :  0.020 0.951 0.005 0.025 
1516   h06651    (0)   17 :  0.006 0.903 0.004 0.087 
1517   h06751    (0)   17 :  0.008 0.894 0.007 0.091 
1518   h06851    (0)   17 :  0.219 0.741 0.007 0.033 
1519   h06951    (0)   17 :  0.013 0.957 0.015 0.015 
1520   h07051    (0)   17 :  0.005 0.984 0.004 0.006 
1521   h07151    (0)   17 :  0.018 0.876 0.008 0.097 
1522   h07251    (0)   17 :  0.048 0.930 0.009 0.013 
1523   h07351    (0)   17 :  0.007 0.908 0.006 0.079 
1524   h07451    (0)   17 :  0.006 0.977 0.003 0.015 
1525   h07551    (0)   17 :  0.074 0.904 0.012 0.011 
1526   h07651    (0)   17 :  0.004 0.904 0.009 0.083 
1527   h07751    (0)   17 :  0.021 0.956 0.008 0.015 
1528   h07851    (0)   17 :  0.008 0.980 0.007 0.005 
1529   h07951    (0)   17 :  0.005 0.957 0.021 0.017 
1530   h08051    (0)   17 :  0.010 0.874 0.007 0.109 
1531   h08151    (0)   17 :  0.026 0.719 0.008 0.247 
1532   h08251    (0)   17 :  0.096 0.867 0.018 0.019 
1533   h08351    (0)   17 :  0.015 0.972 0.005 0.008 
1534   h08451    (0)   17 :  0.014 0.961 0.004 0.021 
1535   h08551    (0)   17 :  0.006 0.947 0.014 0.032 
1536   h08651    (0)   17 :  0.005 0.953 0.034 0.009 
1537   h08751    (0)   17 :  0.047 0.876 0.006 0.070 
1538   h08851    (0)   17 :  0.007 0.984 0.004 0.004 
1539   h08951    (0)   17 :  0.017 0.965 0.008 0.011 
1540   h09051    (0)   17 :  0.065 0.811 0.005 0.118 
1541   h09151    (0)   17 :  0.010 0.969 0.016 0.005 
1542   h09251    (0)   17 :  0.033 0.952 0.005 0.011 
1543   h09351    (0)   17 :  0.005 0.780 0.006 0.208 
1544   h09451    (0)   17 :  0.004 0.835 0.013 0.148 
1545   h09551    (0)   17 :  0.008 0.939 0.007 0.046 
1546   h09651    (0)   17 :  0.011 0.964 0.009 0.015 
1547   h09751    (0)   17 :  0.003 0.986 0.004 0.007 
1548   h09851    (0)   17 :  0.006 0.679 0.013 0.302 
1549   h09951    (0)   17 :  0.006 0.954 0.008 0.032 
1550   h10051    (0)   17 :  0.057 0.870 0.007 0.065 
1551    h0018    (0)   18 :  0.022 0.008 0.962 0.008 
1552    h0028    (0)   18 :  0.003 0.006 0.829 0.162 
1553    h0038    (0)   18 :  0.004 0.019 0.941 0.036 
1554    h0048    (0)   18 :  0.007 0.025 0.930 0.037 
1555    h0058    (0)   18 :  0.010 0.005 0.981 0.004 
1556    h0068    (0)   18 :  0.005 0.017 0.806 0.173 
1557    h0078    (0)   18 :  0.009 0.007 0.975 0.009 
1558    h0088    (0)   18 :  0.023 0.022 0.937 0.017 
1559    h0098    (0)   18 :  0.005 0.020 0.962 0.013 
1560    h0108    (0)   18 :  0.010 0.009 0.774 0.207 
1561    h0118    (0)   18 :  0.004 0.015 0.846 0.134 
1562    h0128    (0)   18 :  0.015 0.013 0.931 0.040 
1563    h0138    (0)   18 :  0.004 0.004 0.829 0.163 
1564    h0148    (0)   18 :  0.010 0.013 0.847 0.130 
1565    h0158    (0)   18 :  0.036 0.015 0.889 0.060 
1566    h0168    (0)   18 :  0.003 0.005 0.848 0.145 
1567    h0178    (0)   18 :  0.006 0.051 0.861 0.082 
1568    h0188    (0)   18 :  0.005 0.057 0.879 0.060 
1569    h0198    (0)   18 :  0.003 0.015 0.854 0.128 
1570    h0208    (0)   18 :  0.038 0.028 0.852 0.082 
1571    h0218    (0)   18 :  0.026 0.016 0.839 0.119 
1572    h0228    (0)   18 :  0.006 0.023 0.916 0.055 
1573    h0238    (0)   18 :  0.011 0.023 0.819 0.147 
1574    h0248    (0)   18 :  0.007 0.015 0.822 0.156 
1575    h0258    (0)   18 :  0.032 0.013 0.940 0.015 
1576    h0268    (0)   18 :  0.016 0.005 0.888 0.091 
1577    h0278    (0)   18 :  0.003 0.020 0.840 0.136 
1578    h0288    (0)   18 :  0.004 0.004 0.988 0.003 
1579    h0298    (0)   18 :  0.005 0.004 0.936 0.055 
1580    h0308    (0)   18 :  0.017 0.015 0.943 0.025 
1581    h0318    (0)   18 :  0.004 0.007 0.842 0.147 
1582    h0328    (0)   18 :  0.003 0.077 0.864 0.057 
1583    h0338    (0)   18 :  0.006 0.009 0.834 0.151 
1584    h0348    (0)   18 :  0.004 0.004 0.809 0.183 
1585    h0358    (0)   18 :  0.003 0.024 0.941 0.032 
1586    h0368    (0)   18 :  0.004 0.005 0.894 0.097 
1587    h0378    (0)   18 :  0.003 0.008 0.872 0.117 
1588    h0388    (0)   18 :  0.004 0.004 0.725 0.266 
1589    h0398    (0)   18 :  0.024 0.062 0.866 0.048 
1590    h0408    (0)   18 :  0.005 0.006 0.836 0.153 
1591    h0418    (0)   18 :  0.004 0.010 0.862 0.124 
1592    h0428    (0)   18 :  0.009 0.030 0.898 0.063 
1593    h0438    (0)   18 :  0.008 0.005 0.966 0.021 
1594    h0448    (0)   18 :  0.041 0.014 0.815 0.129 
1595    h0458    (0)   18 :  0.011 0.006 0.832 0.151 
1596    h0468    (0)   18 :  0.020 0.011 0.869 0.100 
1597    h0478    (0)   18 :  0.009 0.008 0.856 0.127 
1598    h0488    (0)   18 :  0.003 0.005 0.970 0.022 
1599    h0498    (0)   18 :  0.004 0.005 0.779 0.212 
1600    h0508    (0)   18 :  0.003 0.003 0.962 0.032 
1601    h0518    (0)   18 :  0.009 0.005 0.932 0.055 
1602    h0528    (0)   18 :  0.003 0.025 0.898 0.074 
1603    h0538    (0)   18 :  0.003 0.021 0.923 0.053 
1604    h0548    (0)   18 :  0.015 0.018 0.959 0.007 
1605    h0558    (0)   18 :  0.003 0.005 0.895 0.097 
1606    h0568    (0)   18 :  0.057 0.060 0.803 0.080 
1607    h0578    (0)   18 :  0.003 0.004 0.852 0.141 
1608    h0588    (0)   18 :  0.003 0.005 0.965 0.026 
1609    h0598    (0)   18 :  0.014 0.014 0.621 0.351 
1610    h0608    (0)   18 :  0.004 0.007 0.984 0.005 
1611    h0618    (0)   18 :  0.003 0.007 0.781 0.209 
1612    h0628    (0)   18 :  0.015 0.007 0.971 0.007 
1613    h0638    (0)   18 :  0.005 0.011 0.807 0.177 
1614    h0648    (0)   18 :  0.004 0.006 0.851 0.140 
1615    h0658    (0)   18 :  0.004 0.004 0.932 0.060 
1616    h0668    (0)   18 :  0.028 0.034 0.925 0.013 
1617    h0678    (0)   18 :  0.003 0.006 0.741 0.250 
1618    h0688    (0)   18 :  0.005 0.026 0.776 0.194 
1619    h0698    (0)   18 :  0.004 0.005 0.805 0.186 
1620    h0708    (0)   18 :  0.011 0.014 0.867 0.108 
1621    h0718    (0)   18 :  0.003 0.005 0.845 0.147 
1622    h0728    (0)   18 :  0.005 0.006 0.761 0.229 
1623    h0738    (0)   18 :  0.008 0.007 0.873 0.112 
1624    h0748    (0)   18 :  0.003 0.004 0.990 0.003 
1625    h0758    (0)   18 :  0.015 0.028 0.945 0.013 
1626    h0768    (0)   18 :  0.004 0.005 0.897 0.094 
1627    h0778    (0)   18 :  0.005 0.009 0.789 0.197 
1628    h0788    (0)   18 :  0.012 0.021 0.787 0.180 
1629    h0798    (0)   18 :  0.002 0.005 0.990 0.003 
1630    h0808    (0)   18 :  0.032 0.015 0.918 0.035 
1631    h0818    (0)   18 :  0.003 0.015 0.936 0.046 
1632    h0828    (0)   18 :  0.004 0.004 0.988 0.004 
1633    h0838    (0)   18 :  0.007 0.016 0.898 0.080 
1634    h0848    (0)   18 :  0.003 0.052 0.841 0.104 
1635    h0858    (0)   18 :  0.004 0.006 0.785 0.205 
1636    h0868    (0)   18 :  0.004 0.006 0.955 0.035 
1637    h0878    (0)   18 :  0.003 0.004 0.831 0.162 
1638    h0888    (0)   18 :  0.003 0.004 0.990 0.003 
1639    h0898    (0)   18 :  0.013 0.026 0.810 0.151 
1640    h0908    (0)   18 :  0.006 0.006 0.980 0.008 
1641    h0918    (0)   18 :  0.013 0.053 0.865 0.069 
1642    h0928    (0)   18 :  0.006 0.028 0.912 0.053 
1643    h0938    (0)   18 :  0.003 0.006 0.898 0.092 
1644    h0948    (0)   18 :  0.004 0.005 0.813 0.178 
1645    h0958    (0)   18 :  0.027 0.105 0.776 0.091 
1646    h0968    (0)   18 :  0.006 0.005 0.840 0.149 
1647    h0978    (0)   18 :  0.006 0.005 0.962 0.027 
1648    h0988    (0)   18 :  0.003 0.004 0.840 0.152 
1649    h0998    (0)   18 :  0.093 0.010 0.890 0.007 
1650    h1008    (0)   18 :  0.006 0.021 0.875 0.097 
1651   h00111    (0)   19 :  0.970 0.020 0.004 0.006 
1652   h00211    (0)   19 :  0.813 0.060 0.006 0.120 
1653   h00311    (0)   19 :  0.903 0.004 0.003 0.090 
1654   h00411    (0)   19 :  0.855 0.073 0.003 0.070 
1655   h00511    (0)   19 :  0.866 0.005 0.005 0.124 
1656   h00611    (0)   19 :  0.912 0.029 0.015 0.044 
1657   h00711    (0)   19 :  0.942 0.021 0.014 0.023 
1658   h00811    (0)   19 :  0.928 0.018 0.003 0.052 
1659   h00911    (0)   19 :  0.953 0.034 0.005 0.008 
1660   h01011    (0)   19 :  0.981 0.008 0.006 0.006 
1661   h01111    (0)   19 :  0.766 0.006 0.005 0.224 
1662   h01211    (0)   19 :  0.960 0.013 0.017 0.010 
1663   h01311    (0)   19 :  0.967 0.007 0.004 0.023 
1664   h01411    (0)   19 :  0.983 0.007 0.006 0.004 
1665   h01511    (0)   19 :  0.958 0.017 0.003 0.022 
1666   h01611    (0)   19 :  0.977 0.013 0.005 0.005 
1667   h01711    (0)   19 :  0.977 0.010 0.009 0.004 
1668   h01811    (0)   19 :  0.988 0.004 0.005 0.004 
1669   h01911    (0)   19 :  0.879 0.011 0.005 0.105 
1670   h02011    (0)   19 :  0.981 0.005 0.004 0.010 
1671   h02111    (0)   19 :  0.891 0.028 0.003 0.078 
1672   h02211    (0)   19 :  0.839 0.007 0.004 0.151 
1673   h02311    (0)   19 :  0.988 0.005 0.003 0.004 
1674   h02411    (0)   19 :  0.962 0.007 0.003 0.028 
1675   h02511    (0)   19 :  0.974 0.003 0.002 0.021 
1676   h02611    (0)   19 :  0.963 0.019 0.007 0.011 
1677   h02711    (0)   19 :  0.937 0.010 0.013 0.040 
1678   h02811    (0)   19 :  0.988 0.004 0.003 0.005 
1679   h02911    (0)   19 :  0.763 0.004 0.007 0.226 
1680   h03011    (0)   19 :  0.873 0.041 0.047 0.039 
1681   h03111    (0)   19 :  0.885 0.019 0.004 0.092 
1682   h03211    (0)   19 :  0.989 0.004 0.003 0.003 
1683   h03311    (0)   19 :  0.811 0.013 0.004 0.173 
1684   h03411    (0)   19 :  0.761 0.006 0.004 0.230 
1685   h03511    (0)   19 :  0.923 0.012 0.022 0.043 
1686   h03611    (0)   19 :  0.888 0.006 0.003 0.102 
1687   h03711    (0)   19 :  0.927 0.010 0.004 0.060 
1688   h03811    (0)   19 :  0.965 0.025 0.004 0.006 
1689   h03911    (0)   19 :  0.813 0.008 0.004 0.175 
1690   h04011    (0)   19 :  0.823 0.007 0.006 0.164 
1691   h04111    (0)   19 :  0.841 0.120 0.007 0.032 
1692   h04211    (0)   19 :  0.839 0.009 0.003 0.149 
1693   h04311    (0)   19 :  0.713 0.007 0.003 0.277 
1694   h04411    (0)   19 :  0.826 0.011 0.005 0.158 
1695   h04511    (0)   19 :  0.919 0.006 0.003 0.072 
1696   h04611    (0)   19 :  0.982 0.005 0.006 0.006 
1697   h04711    (0)   19 :  0.867 0.011 0.017 0.106 
1698   h04811    (0)   19 :  0.895 0.009 0.003 0.093 
1699   h04911    (0)   19 :  0.984 0.004 0.006 0.006 
1700   h05011    (0)   19 :  0.792 0.068 0.005 0.135 
1701   h05111    (0)   19 :  0.976 0.010 0.009 0.005 
1702   h05211    (0)   19 :  0.981 0.007 0.007 0.005 
1703   h05311    (0)   19 :  0.967 0.020 0.008 0.005 
1704   h05411    (0)   19 :  0.900 0.014 0.005 0.081 
1705   h05511    (0)   19 :  0.987 0.004 0.003 0.005 
1706   h05611    (0)   19 :  0.925 0.009 0.041 0.026 
1707   h05711    (0)   19 :  0.983 0.007 0.003 0.007 
1708   h05811    (0)   19 :  0.882 0.008 0.004 0.106 
1709   h05911    (0)   19 :  0.986 0.005 0.005 0.004 
1710   h06011    (0)   19 :  0.950 0.027 0.004 0.020 
1711   h06111    (0)   19 :  0.988 0.005 0.004 0.003 
1712   h06211    (0)   19 :  0.991 0.003 0.002 0.003 
1713   h06311    (0)   19 :  0.763 0.111 0.007 0.119 
1714   h06411    (0)   19 :  0.781 0.036 0.015 0.169 
1715   h06511    (0)   19 :  0.924 0.025 0.009 0.041 
1716   h06611    (0)   19 :  0.959 0.004 0.004 0.033 
1717   h06711    (0)   19 :  0.940 0.007 0.014 0.039 
1718   h06811    (0)   19 :  0.961 0.016 0.011 0.012 
1719   h06911    (0)   19 :  0.921 0.019 0.045 0.015 
1720   h07011    (0)   19 :  0.958 0.005 0.003 0.034 
1721   h07111    (0)   19 :  0.972 0.008 0.003 0.016 
1722   h07211    (0)   19 :  0.982 0.005 0.003 0.010 
1723   h07311    (0)   19 :  0.988 0.004 0.004 0.004 
1724   h07411    (0)   19 :  0.780 0.015 0.009 0.196 
1725   h07511    (0)   19 :  0.979 0.008 0.004 0.009 
1726   h07611    (0)   19 :  0.895 0.004 0.004 0.098 
1727   h07711    (0)   19 :  0.972 0.004 0.003 0.021 
1728   h07811    (0)   19 :  0.833 0.007 0.005 0.155 
1729   h07911    (0)   19 :  0.837 0.005 0.005 0.153 
1730   h08011    (0)   19 :  0.846 0.014 0.004 0.135 
1731   h08111    (0)   19 :  0.955 0.022 0.006 0.017 
1732   h08211    (0)   19 :  0.944 0.037 0.004 0.015 
1733   h08311    (0)   19 :  0.985 0.006 0.005 0.003 
1734   h08411    (0)   19 :  0.874 0.006 0.003 0.117 
1735   h08511    (0)   19 :  0.926 0.031 0.024 0.019 
1736   h08611    (0)   19 :  0.989 0.003 0.003 0.005 
1737   h08711    (0)   19 :  0.825 0.006 0.018 0.151 
1738   h08811    (0)   19 :  0.972 0.009 0.004 0.016 
1739   h08911    (0)   19 :  0.815 0.016 0.004 0.164 
1740   h09011    (0)   19 :  0.958 0.016 0.004 0.022 
1741   h09111    (0)   19 :  0.798 0.138 0.004 0.060 
1742   h09211    (0)   19 :  0.756 0.020 0.016 0.208 
1743   h09311    (0)   19 :  0.907 0.006 0.036 0.052 
1744   h09411    (0)   19 :  0.955 0.009 0.003 0.032 
1745   h09511    (0)   19 :  0.766 0.055 0.004 0.175 
1746   h09611    (0)   19 :  0.904 0.027 0.057 0.011 
1747   h09711    (0)   19 :  0.953 0.014 0.026 0.008 
1748   h09811    (0)   19 :  0.985 0.005 0.005 0.004 
1749   h09911    (0)   19 :  0.986 0.004 0.003 0.007 
1750   h10011    (0)   19 :  0.982 0.008 0.004 0.006 
1751   h00114    (0)   20 :  0.108 0.876 0.006 0.010 
1752   h00214    (0)   20 :  0.007 0.981 0.006 0.006 
1753   h00314    (0)   20 :  0.010 0.891 0.036 0.064 
1754   h00414    (0)   20 :  0.022 0.939 0.014 0.025 
1755   h00514    (0)   20 :  0.010 0.961 0.003 0.026 
1756   h00614    (0)   20 :  0.008 0.797 0.004 0.191 
1757   h00714    (0)   20 :  0.028 0.927 0.038 0.007 
1758   h00814    (0)   20 :  0.007 0.981 0.004 0.008 
1759   h00914    (0)   20 :  0.012 0.972 0.005 0.011 
1760   h01014    (0)   20 :  0.032 0.936 0.019 0.013 
1761   h01114    (0)   20 :  0.014 0.973 0.005 0.008 
1762   h01214    (0)   20 :  0.024 0.963 0.007 0.006 
1763   h01314    (0)   20 :  0.004 0.918 0.073 0.005 
1764   h01414    (0)   20 :  0.022 0.931 0.007 0.040 
1765   h01514    (0)   20 :  0.005 0.847 0.013 0.134 
1766   h01614    (0)   20 :  0.009 0.973 0.006 0.011 
1767   h01714    (0)   20 :  0.009 0.981 0.004 0.006 
1768   h01814    (0)   20 :  0.005 0.779 0.005 0.211 
1769   h01914    (0)   20 :  0.021 0.928 0.025 0.026 
1770   h02014    (0)   20 :  0.152 0.838 0.004 0.006 
1771   h02114    (0)   20 :  0.042 0.949 0.004 0.004 
1772   h02214    (0)   20 :  0.013 0.805 0.007 0.174 
1773   h02314    (0)   20 :  0.015 0.917 0.063 0.005 
1774   h02414    (0)   20 :  0.005 0.977 0.005 0.014 
1775   h02514    (0)   20 :  0.010 0.965 0.008 0.016 
1776   h02614    (0)   20 :  0.010 0.971 0.016 0.003 
1777   h02714    (0)   20 :  0.005 0.963 0.015 0.017 
1778   h02814    (0)   20 :  0.007 0.889 0.041 0.063 
1779   h02914    (0)   20 :  0.007 0.913 0.008 0.071 
1780   h03014    (0)   20 :  0.011 0.944 0.004 0.041 
1781   h03114    (0)   20 :  0.013 0.955 0.007 0.026 
1782   h03214    (0)   20 :  0.030 0.934 0.006 0.030 
1783   h03314    (0)   20 :  0.023 0.919 0.026 0.033 
1784   h03414    (0)   20 :  0.044 0.681 0.056 0.219 
1785   h03514    (0)   20 :  0.147 0.561 0.122 0.170 
1786   h03614    (0)   20 :  0.012 0.915 0.043 0.030 
1787   h03714    (0)   20 :  0.011 0.976 0.006 0.007 
1788   h03814    (0)   20 :  0.008 0.867 0.005 0.120 
1789   h03914    (0)   20 :  0.008 0.962 0.007 0.024 
1790   h04014    (0)   20 :  0.039 0.816 0.023 0.121 
1791   h04114    (0)   20 :  0.016 0.946 0.005 0.033 
1792   h04214    (0)   20 :  0.030 0.705 0.004 0.260 
1793   h04314    (0)   20 :  0.051 0.876 0.008 0.066 
1794   h04414    (0)   20 :  0.006 0.832 0.018 0.145 
1795   h04514    (0)   20 :  0.007 0.724 0.247 0.022 
1796   h04614    (0)   20 :  0.037 0.946 0.007 0.010 
1797   h04714    (0)   20 :  0.014 0.927 0.049 0.010 
1798   h04814    (0)   20 :  0.016 0.951 0.010 0.022 
1799   h04914    (0)   20 :  0.011 0.882 0.008 0.099 
1800   h05014    (0)   20 :  0.049 0.904 0.007 0.040 
1801   h05114    (0)   20 :  0.012 0.972 0.006 0.010 
1802   h05214    (0)   20 :  0.089 0.826 0.057 0.027 
1803   h05314    (0)   20 :  0.006 0.940 0.009 0.045 
1804   h05414    (0)   20 :  0.124 0.796 0.019 0.061 
1805   h05514    (0)   20 :  0.014 0.929 0.019 0.038 
1806   h05614    (0)   20 :  0.042 0.945 0.003 0.009 
1807   h05714    (0)   20 :  0.138 0.831 0.008 0.023 
1808   h05814    (0)   20 :  0.005 0.986 0.004 0.005 
1809   h05914    (0)   20 :  0.012 0.970 0.004 0.014 
1810   h06014    (0)   20 :  0.010 0.909 0.010 0.071 
1811   h06114    (0)   20 :  0.180 0.809 0.005 0.006 
1812   h06214    (0)   20 :  0.021 0.872 0.019 0.087 
1813   h06314    (0)   20 :  0.019 0.950 0.013 0.018 
1814   h06414    (0)   20 :  0.086 0.877 0.011 0.026 
1815   h06514    (0)   20 :  0.030 0.953 0.008 0.009 
1816   h06614    (0)   20 :  0.027 0.938 0.012 0.023 
1817   h06714    (0)   20 :  0.010 0.946 0.018 0.026 
1818   h06814    (0)   20 :  0.084 0.899 0.009 0.008 
1819   h06914    (0)   20 :  0.025 0.935 0.007 0.033 
1820   h07014    (0)   20 :  0.013 0.862 0.004 0.121 
1821   h07114    (0)   20 :  0.007 0.965 0.022 0.006 
1822   h07214    (0)   20 :  0.014 0.970 0.006 0.010 
1823   h07314    (0)   20 :  0.020 0.958 0.009 0.013 
1824   h07414    (0)   20 :  0.007 0.959 0.008 0.026 
1825   h07514    (0)   20 :  0.004 0.804 0.012 0.180 
1826   h07614    (0)   20 :  0.011 0.737 0.031 0.220 
1827   h07714    (0)   20 :  0.026 0.964 0.006 0.004 
1828   h07814    (0)   20 :  0.019 0.931 0.005 0.045 
1829   h07914    (0)   20 :  0.020 0.691 0.005 0.284 
1830   h08014    (0)   20 :  0.009 0.974 0.006 0.010 
1831   h08114    (0)   20 :  0.010 0.971 0.007 0.012 
1832   h08214    (0)   20 :  0.006 0.675 0.003 0.316 
1833   h08314    (0)   20 :  0.006 0.751 0.023 0.219 
1834   h08414    (0)   20 :  0.007 0.933 0.008 0.052 
1835   h08514    (0)   20 :  0.013 0.969 0.010 0.009 
1836   h08614    (0)   20 :  0.008 0.968 0.006 0.019 
1837   h08714    (0)   20 :  0.012 0.941 0.016 0.031 
1838   h08814    (0)   20 :  0.020 0.845 0.010 0.125 
1839   h08914    (0)   20 :  0.004 0.848 0.008 0.139 
1840   h09014    (0)   20 :  0.018 0.963 0.014 0.004 
1841   h09114    (0)   20 :  0.027 0.542 0.114 0.317 
1842   h09214    (0)   20 :  0.034 0.927 0.007 0.032 
1843   h09314    (0)   20 :  0.021 0.741 0.007 0.231 
1844   h09414    (0)   20 :  0.025 0.956 0.009 0.010 
1845   h09514    (0)   20 :  0.007 0.807 0.007 0.180 
1846   h09614    (0)   20 :  0.006 0.937 0.011 0.046 
1847   h09714    (0)   20 :  0.014 0.962 0.011 0.013 
1848   h09814    (0)   20 :  0.007 0.927 0.012 0.054 
1849   h09914    (0)   20 :  0.019 0.951 0.005 0.025 
1850   h10014    (0)   20 :  0.016 0.761 0.012 0.211 
1851   DAM2HL   (10)   21 :  0.005 0.984 0.008 0.004 
1852    M2ALK    (0)   21 :  0.009 0.976 0.008 0.007 
1853    M2E2J    (0)   21 :  0.007 0.784 0.194 0.015 
1854    M2E73    (0)   21 :  0.007 0.970 0.018 0.005 
1855    M2E74    (0)   21 :  0.065 0.924 0.006 0.006 
1856    M2EUJ    (5)   21 :  0.042 0.947 0.006 0.005 
1857   DAM1XK    (0)   21 :  0.004 0.985 0.007 0.004 
1858    M2057    (0)   21 :  0.009 0.982 0.003 0.006 
1859    M2271    (0)   21 :  0.007 0.703 0.287 0.003 
1860    M27YK    (0)   21 :  0.018 0.956 0.004 0.022 
1861    M2A1H    (0)   21 :  0.007 0.441 0.548 0.004 
1862    M2E0P    (0)   21 :  0.005 0.971 0.019 0.005 
1863    M2E75    (0)   21 :  0.004 0.980 0.013 0.003 
1864    M2E76    (0)   21 :  0.012 0.977 0.006 0.006 
1865   MSV0T5    (5)   21 :  0.003 0.916 0.074 0.006 
1866   MSV241    (0)   21 :  0.004 0.980 0.007 0.008 
1867   MSV2A0    (0)   21 :  0.008 0.961 0.020 0.011 
1868   MSV2A1    (0)   21 :  0.005 0.959 0.032 0.003 
1869   MSV2A8    (0)   21 :  0.008 0.981 0.006 0.005 
1870   DAM1P5    (0)   21 :  0.005 0.985 0.007 0.003 
1871    M1084    (0)   21 :  0.006 0.985 0.005 0.004 
1872   MSV2M4    (5)   21 :  0.009 0.974 0.011 0.006 
1873   MSV2T6    (5)   21 :  0.005 0.770 0.218 0.007 
1874    M1UM1    (5)   21 :  0.015 0.962 0.017 0.007 
1875    M2ECL    (0)   21 :  0.010 0.979 0.004 0.007 
1876    M2EJ0    (0)   21 :  0.004 0.987 0.005 0.004 
1877   MSV20J    (0)   21 :  0.005 0.973 0.017 0.004 
1878   MSV2TK    (0)   21 :  0.017 0.973 0.004 0.006 
1879   MSV2TX    (0)   21 :  0.004 0.981 0.010 0.004 
1880   MSV310    (0)   21 :  0.006 0.964 0.019 0.011 
1881   MSV33F    (0)   21 :  0.006 0.917 0.069 0.009 
1882   DAM35L    (0)   21 :  0.004 0.978 0.013 0.004 
1883    M2E4C    (0)   21 :  0.007 0.981 0.007 0.005 
1884    M2E4H    (0)   21 :  0.007 0.940 0.045 0.008 
1885    M2E65    (0)   21 :  0.006 0.984 0.005 0.005 
1886    M2EEJ    (0)   21 :  0.010 0.815 0.169 0.006 
1887    M2EEP    (5)   21 :  0.006 0.956 0.032 0.006 
1888   MSV1TU    (0)   21 :  0.005 0.968 0.015 0.012 
1889   MSV20M    (0)   21 :  0.006 0.977 0.012 0.004 
1890   MSV223    (0)   21 :  0.006 0.969 0.018 0.008 
1891   MSV22E    (0)   21 :  0.008 0.968 0.017 0.007 
1892   MSV23J    (0)   21 :  0.009 0.944 0.038 0.010 
1893   MSV2K6    (5)   21 :  0.006 0.942 0.047 0.005 
1894   DAM23U    (5)   21 :  0.011 0.966 0.016 0.008 
1895    M2E8A    (5)   21 :  0.009 0.927 0.059 0.005 
1896   MSV2L2    (5)   21 :  0.007 0.955 0.031 0.007 
1897    M1YMH    (5)   21 :  0.007 0.948 0.034 0.011 
1898    M2A84    (5)   21 :  0.007 0.957 0.019 0.017 
1899   MSV23M    (0)   21 :  0.008 0.968 0.018 0.006 
1900  AP.085T    (5)   21 :  0.004 0.976 0.016 0.004 
1901  AP.086J    (0)   21 :  0.007 0.979 0.010 0.005 
1902  AP.08C2    (0)   21 :  0.007 0.920 0.066 0.007 
1903  AP.08CF    (0)   21 :  0.004 0.970 0.022 0.004 
1904  AP.08CX    (0)   21 :  0.004 0.987 0.005 0.004 
1905  AP.08CY    (0)   21 :  0.056 0.928 0.010 0.006 
1906   DAM0JX    (0)   21 :  0.005 0.970 0.020 0.005 
1907   DAM0P4    (0)   21 :  0.007 0.959 0.029 0.004 
1908   DAM0UK    (0)   21 :  0.007 0.975 0.013 0.006 
1909    M2030    (0)   21 :  0.005 0.803 0.188 0.003 
1910   MSV24M    (0)   21 :  0.004 0.971 0.019 0.006 
1911    M20AM    (0)   21 :  0.008 0.982 0.005 0.006 
1912    M21YP    (0)   21 :  0.987 0.005 0.004 0.004 
1913    M2205    (0)   21 :  0.005 0.970 0.022 0.003 
1914    M2206    (0)   21 :  0.006 0.973 0.018 0.003 
1915   MSV267    (0)   21 :  0.005 0.982 0.008 0.005 
1916    M2757    (0)   21 :  0.011 0.977 0.007 0.005 
1917    M27TH    (0)   21 :  0.013 0.980 0.003 0.004 
1918   MSV2JA    (0)   21 :  0.082 0.561 0.350 0.007 
1919   MSV2KU    (0)   21 :  0.005 0.922 0.067 0.006 
1920   MSV2MF    (0)   21 :  0.005 0.970 0.020 0.005 
1921   MSV2TA    (0)   21 :  0.008 0.981 0.007 0.004 
1922   MSV2TE    (0)   21 :  0.007 0.980 0.009 0.004 
1923   MSV2TU    (0)   21 :  0.004 0.970 0.019 0.006 
1924   MSV2UT    (0)   21 :  0.022 0.961 0.011 0.006 
1925   MSV306    (0)   21 :  0.008 0.976 0.012 0.004 
1926   MSV311    (0)   21 :  0.007 0.984 0.006 0.003 
1927   MSV31M    (0)   21 :  0.011 0.979 0.007 0.004 
1928   MSV325    (0)   21 :  0.005 0.849 0.139 0.007 
1929   MSV32H    (0)   21 :  0.011 0.930 0.050 0.009 
1930  CX.112U    (0)   21 :  0.008 0.980 0.006 0.006 
1931   DAM2PC    (0)   21 :  0.007 0.208 0.782 0.003 
1932    M2E48    (0)   21 :  0.006 0.982 0.007 0.005 
1933    M2E7K    (0)   21 :  0.008 0.977 0.009 0.005 
1934    M2E80    (0)   21 :  0.007 0.975 0.012 0.006 
1935    M2EAM    (0)   21 :  0.007 0.980 0.009 0.003 
1936    M2EFF    (0)   21 :  0.009 0.980 0.006 0.006 
1937    M2EFY    (0)   21 :  0.013 0.979 0.004 0.004 
1938    M2EHM    (0)   21 :  0.005 0.956 0.034 0.004 
1939    M2EK0    (0)   21 :  0.008 0.961 0.027 0.005 
1940    M2EK1    (0)   21 :  0.010 0.967 0.019 0.004 
1941   MSV22F    (0)   21 :  0.003 0.966 0.027 0.004 
1942   MSV273    (0)   21 :  0.009 0.978 0.006 0.007 
1943   MSV0TL   (10)   21 :  0.006 0.300 0.688 0.005 
1944   MSV0TT    (0)   21 :  0.006 0.959 0.029 0.005 
1945   MSV12H    (0)   21 :  0.004 0.978 0.013 0.005 
1946   MSV1TH    (0)   21 :  0.005 0.865 0.125 0.006 
1947   MSV275    (0)   21 :  0.015 0.866 0.111 0.008 
1948   MSV286    (0)   21 :  0.006 0.982 0.006 0.006 
1949   MSV2H4    (0)   21 :  0.008 0.979 0.009 0.004 
1950   MSV2K8    (0)   21 :  0.007 0.935 0.051 0.006 
1951   MSV2PM    (0)   21 :  0.005 0.985 0.007 0.003 
1952   MSV2X3    (0)   21 :  0.004 0.981 0.013 0.003 
1953   MSV2X4    (0)   21 :  0.008 0.939 0.047 0.006 
1954   MSV30U    (0)   21 :  0.005 0.979 0.012 0.003 
1955  CX.111C    (0)   21 :  0.004 0.974 0.019 0.004 
1956  AP.07M2    (0)   22 :  0.004 0.949 0.010 0.037 
1957   HRV05C   (10)   22 :  0.005 0.959 0.026 0.011 
1958   HRV077   (10)   22 :  0.047 0.931 0.014 0.009 
1959   HRV0A0    (5)   22 :  0.004 0.978 0.013 0.004 
1960   HRV0MC    (5)   22 :  0.011 0.938 0.045 0.005 
1961   HRV00P    (0)   22 :  0.006 0.946 0.044 0.003 
1962   HRV01J    (5)   22 :  0.025 0.803 0.167 0.005 
1963   HRV026    (5)   22 :  0.004 0.789 0.200 0.006 
1964   HRV02C    (0)   22 :  0.004 0.935 0.057 0.004 
1965   HRV031    (0)   22 :  0.005 0.976 0.015 0.004 
1966   HRV033    (0)   22 :  0.005 0.976 0.015 0.004 
1967   HRV05L    (0)   22 :  0.005 0.983 0.009 0.003 
1968   HRV06A    (0)   22 :  0.012 0.973 0.011 0.005 
1969   HRV07P    (5)   22 :  0.006 0.975 0.015 0.004 
1970   HRV0HC    (5)   22 :  0.018 0.935 0.017 0.030 
1971   HRV0HU   (10)   22 :  0.005 0.964 0.023 0.008 
1972   HRV0K1    (0)   22 :  0.005 0.981 0.010 0.004 
1973   HRV0M6    (5)   22 :  0.025 0.858 0.109 0.008 
1974   HRV0M7    (5)   22 :  0.016 0.971 0.007 0.006 
1975   HRV0MK    (0)   22 :  0.006 0.984 0.007 0.003 
1976   HRV1C7    (5)   22 :  0.005 0.940 0.052 0.004 
1977   HRV1EA    (0)   22 :  0.012 0.972 0.006 0.011 
1978    M147K    (5)   22 :  0.055 0.903 0.039 0.003 
1979   HRV008    (0)   22 :  0.004 0.880 0.111 0.005 
1980   HRV015    (0)   22 :  0.011 0.828 0.154 0.007 
1981   HRV01F    (0)   22 :  0.022 0.947 0.021 0.010 
1982   HRV01L    (0)   22 :  0.005 0.842 0.149 0.004 
1983   HRV01M    (0)   22 :  0.003 0.963 0.030 0.004 
1984   HRV020    (0)   22 :  0.004 0.738 0.251 0.007 
1985   HRV022    (0)   22 :  0.021 0.906 0.056 0.017 
1986   HRV02A    (0)   22 :  0.008 0.976 0.009 0.007 
1987   HRV02K    (0)   22 :  0.005 0.776 0.210 0.009 
1988   HRV04C    (0)   22 :  0.004 0.964 0.028 0.004 
1989   HRV05H    (0)   22 :  0.004 0.979 0.009 0.008 
1990   HRV076    (0)   22 :  0.008 0.970 0.011 0.011 
1991   HRV07H    (0)   22 :  0.006 0.982 0.008 0.004 
1992   HRV07X    (0)   22 :  0.006 0.978 0.005 0.012 
1993   HRV080    (0)   22 :  0.003 0.983 0.009 0.005 
1994   HRV086    (5)   22 :  0.012 0.970 0.012 0.006 
1995   HRV0H3    (5)   22 :  0.016 0.919 0.061 0.005 
1996   HRV0J3    (0)   22 :  0.020 0.966 0.006 0.007 
1997   HRV0JX   (15)   22 :  0.030 0.945 0.012 0.014 
1998   HRV0ML   (10)   22 :  0.004 0.891 0.101 0.004 
1999   HRV1E8   (10)   22 :  0.007 0.978 0.011 0.004 
2000   HRV007   (10)   22 :  0.008 0.974 0.012 0.006 
2001   HRV005    (5)   22 :  0.013 0.965 0.017 0.005 
2002   HRV05U    (5)   22 :  0.005 0.961 0.030 0.004 
2003   HRV01U    (5)   22 :  0.013 0.978 0.004 0.005 
2004  AP.07M1    (5)   22 :  0.006 0.930 0.060 0.004 
2005  AP.07ME    (5)   22 :  0.006 0.982 0.008 0.004 
2006  AP.0817    (5)   22 :  0.007 0.980 0.008 0.005 
2007  AP.0863   (15)   22 :  0.013 0.964 0.014 0.010 
2008  AP.087T    (5)   22 :  0.003 0.961 0.018 0.018 
2009  AP.088T    (5)   22 :  0.005 0.976 0.016 0.004 
2010  CH.0LM1   (15)   22 :  0.008 0.950 0.035 0.006 
2011    M05X5    (5)   22 :  0.009 0.942 0.016 0.034 
2012    M06JH    (5)   22 :  0.027 0.938 0.019 0.016 
2013    M0A6K    (5)   22 :  0.008 0.981 0.006 0.005 
2014    M0ETF    (5)   22 :  0.005 0.931 0.061 0.004 
2015    M0LUP   (10)   22 :  0.012 0.971 0.011 0.007 
2016    M16F1    (5)   22 :  0.004 0.719 0.272 0.004 
2017    M182M    (5)   22 :  0.009 0.983 0.003 0.005 
2018    M1CFL   (10)   22 :  0.005 0.857 0.134 0.005 
2019    M2AXY   (10)   22 :  0.007 0.977 0.009 0.007 
2020    M2AY2   (10)   22 :  0.007 0.958 0.011 0.023 
2021    M2CHP   (10)   22 :  0.011 0.950 0.017 0.022 
2022    W26LK    (5)   22 :  0.005 0.977 0.013 0.004 
2023    W26ME   (10)   22 :  0.164 0.815 0.016 0.005 
2024  AM.07FM    (0)   22 :  0.009 0.904 0.085 0.003 
2025  AM.07FP    (5)   22 :  0.006 0.840 0.148 0.005 
2026  AP.07M4    (0)   22 :  0.003 0.980 0.013 0.004 
2027  AP.07M7    (0)   22 :  0.003 0.987 0.006 0.003 
2028  AP.07M8    (0)   22 :  0.004 0.977 0.011 0.008 
2029  AP.07MA    (0)   22 :  0.008 0.943 0.025 0.024 
2030  AP.07MC    (0)   22 :  0.011 0.974 0.011 0.003 
2031  AP.07P8    (0)   22 :  0.005 0.894 0.090 0.011 
2032  AP.07U8    (0)   22 :  0.013 0.709 0.272 0.006 
2033  AP.081F   (10)   22 :  0.005 0.967 0.018 0.010 
2034  AP.081H   (10)   22 :  0.011 0.946 0.008 0.035 
2035  AP.0820    (0)   22 :  0.005 0.946 0.035 0.015 
2036  AP.0841    (5)   22 :  0.010 0.878 0.013 0.099 
2037  AP.0858    (0)   22 :  0.008 0.961 0.024 0.007 
2038  AP.085U    (5)   22 :  0.006 0.972 0.010 0.012 
2039  AP.085X    (5)   22 :  0.007 0.948 0.041 0.004 
2040  AP.0861    (5)   22 :  0.017 0.906 0.071 0.006 
2041  AP.0864   (10)   22 :  0.003 0.979 0.014 0.004 
2042  AP.086X    (0)   22 :  0.005 0.982 0.009 0.005 
2043  AP.0872    (0)   22 :  0.006 0.977 0.012 0.005 
2044  AP.0875    (0)   22 :  0.106 0.869 0.006 0.019 
2045  AP.087A    (0)   22 :  0.013 0.976 0.007 0.004 
2046  AP.087C    (0)   22 :  0.010 0.971 0.012 0.006 
2047  AP.087E    (0)   22 :  0.006 0.981 0.009 0.005 
2048  AP.087H    (0)   22 :  0.004 0.867 0.125 0.003 
2049  AP.087K    (0)   22 :  0.010 0.976 0.010 0.005 
2050  AP.087L    (0)   22 :  0.005 0.909 0.082 0.004 
2051  AP.087M    (0)   22 :  0.006 0.976 0.012 0.005 
2052  AP.087P    (0)   22 :  0.009 0.974 0.009 0.007 
2053  AP.087U    (0)   22 :  0.015 0.933 0.042 0.011 
2054  AP.087X    (0)   22 :  0.011 0.963 0.017 0.010 
2055  AP.0881    (0)   22 :  0.082 0.899 0.013 0.006 
2056  AP.0882    (0)   22 :  0.008 0.912 0.077 0.004 
2057  AP.0883    (0)   22 :  0.004 0.970 0.013 0.013 
2058  AP.0884    (0)   22 :  0.003 0.980 0.013 0.004 
2059  AP.0885    (5)   22 :  0.008 0.976 0.011 0.004 
2060  AP.0887    (0)   22 :  0.006 0.928 0.061 0.005 
2061  AP.0888    (5)   22 :  0.028 0.746 0.006 0.219 
2062  AP.088A    (0)   22 :  0.005 0.982 0.008 0.004 
2063  AP.088C    (0)   22 :  0.013 0.726 0.252 0.009 
2064  AP.088J    (0)   22 :  0.109 0.866 0.019 0.007 
2065  AP.088K    (0)   22 :  0.005 0.968 0.022 0.004 
2066  AP.088L    (0)   22 :  0.005 0.972 0.019 0.004 
2067  AP.088U    (0)   22 :  0.019 0.952 0.024 0.004 
2068  AP.088X    (0)   22 :  0.004 0.905 0.087 0.004 
2069  AP.08A0    (0)   22 :  0.003 0.984 0.009 0.004 
2070  AP.08A1    (0)   22 :  0.008 0.977 0.010 0.005 
2071  AP.08A3    (0)   22 :  0.006 0.981 0.008 0.005 
2072  AP.08A4    (0)   22 :  0.008 0.783 0.198 0.012 
2073  AP.08A5    (0)   22 :  0.009 0.978 0.009 0.004 
2074  AP.08A6    (0)   22 :  0.005 0.971 0.008 0.016 
2075  AP.08A8    (5)   22 :  0.007 0.971 0.018 0.005 
2076  AP.08AC    (0)   22 :  0.008 0.948 0.036 0.008 
2077  AP.08AH    (0)   22 :  0.014 0.949 0.030 0.007 
2078  AP.08AJ    (0)   22 :  0.005 0.954 0.029 0.013 
2079  AP.08AM   (10)   22 :  0.004 0.947 0.045 0.004 
2080  AP.08AT    (0)   22 :  0.003 0.980 0.011 0.005 
2081  AP.08AX    (0)   22 :  0.003 0.978 0.015 0.004 
2082  CH.0LLP    (0)   22 :  0.005 0.973 0.015 0.008 
2083  CH.0LM2   (10)   22 :  0.004 0.987 0.006 0.003 
2084  CH.0LM4    (5)   22 :  0.008 0.981 0.007 0.004 
2085  CH.0LM5    (0)   22 :  0.005 0.976 0.013 0.006 
2086    M0102    (5)   22 :  0.005 0.979 0.011 0.006 
2087    M023A    (5)   22 :  0.003 0.988 0.006 0.003 
2088    M03MM   (10)   22 :  0.009 0.979 0.008 0.005 
2089    M04PF    (0)   22 :  0.004 0.964 0.028 0.004 
2090    M04XH    (5)   22 :  0.026 0.949 0.010 0.016 
2091    M04XM   (10)   22 :  0.004 0.969 0.022 0.004 
2092    M0557    (0)   22 :  0.011 0.974 0.009 0.006 
2093    M055C    (0)   22 :  0.006 0.969 0.013 0.012 
2094    M05JC    (0)   22 :  0.010 0.979 0.005 0.006 
2095    M05PH    (0)   22 :  0.087 0.882 0.024 0.007 
2096    M05X6    (0)   22 :  0.005 0.968 0.023 0.004 
2097    M07TC    (0)   22 :  0.004 0.980 0.007 0.010 
2098    M0A66    (0)   22 :  0.006 0.925 0.065 0.004 
2099    M0EYT    (0)   22 :  0.009 0.960 0.027 0.004 
2100    M0FF2    (0)   22 :  0.003 0.973 0.020 0.004 
2101    M0HJ6    (5)   22 :  0.018 0.965 0.005 0.013 
2102   HRV0JL    (0)   22 :  0.003 0.971 0.022 0.003 
2103   HRV0JP    (0)   22 :  0.052 0.529 0.413 0.006 
2104   HRV0KA    (0)   22 :  0.011 0.973 0.010 0.006 
2105   HRV0LJ    (5)   22 :  0.006 0.964 0.021 0.009 
2106   HRV0LM    (0)   22 :  0.003 0.965 0.025 0.007 
2107   HRV0LP    (0)   22 :  0.011 0.965 0.015 0.009 
2108    M0HJ8    (0)   22 :  0.008 0.954 0.034 0.004 
2109    M0HM3    (0)   22 :  0.011 0.929 0.056 0.003 
2110    M0J1X    (0)   22 :  0.010 0.975 0.010 0.005 
2111    M0L32    (0)   22 :  0.016 0.887 0.091 0.006 
2112    M0L8F    (0)   22 :  0.003 0.978 0.011 0.008 
2113    M0LUH    (0)   22 :  0.011 0.968 0.016 0.005 
2114    M0XPJ    (0)   22 :  0.007 0.972 0.017 0.004 
2115    M0XTE    (0)   22 :  0.013 0.969 0.010 0.009 
2116    M157H    (0)   22 :  0.004 0.717 0.276 0.003 
2117    M16YU    (0)   22 :  0.003 0.971 0.023 0.003 
2118    M1751    (0)   22 :  0.004 0.983 0.008 0.005 
2119    M1C2H    (0)   22 :  0.006 0.982 0.009 0.003 
2120    M1E60    (0)   22 :  0.004 0.985 0.007 0.003 
2121    M1EKX    (0)   22 :  0.004 0.980 0.012 0.004 
2122    M1EKY    (0)   22 :  0.010 0.971 0.015 0.005 
2123    M1EL3    (0)   22 :  0.008 0.966 0.013 0.013 
2124    M1ELC    (0)   22 :  0.005 0.970 0.018 0.007 
2125    M1ELE    (0)   22 :  0.004 0.983 0.009 0.004 
2126    M2AY0   (10)   22 :  0.006 0.975 0.011 0.008 
2127    M2AY4    (5)   22 :  0.139 0.821 0.036 0.004 
2128    M2AY5   (10)   22 :  0.008 0.974 0.010 0.007 
2129    M2AY8    (5)   22 :  0.068 0.830 0.039 0.063 
2130    M2C3A   (10)   22 :  0.006 0.966 0.024 0.004 
2131    M2C3F   (10)   22 :  0.011 0.895 0.088 0.006 
2132   HRV0ME    (0)   22 :  0.019 0.896 0.078 0.007 
2133    M2CHJ    (5)   22 :  0.004 0.966 0.022 0.008 
2134    M2CHM    (5)   22 :  0.010 0.952 0.008 0.031 
2135    M2CHY   (10)   22 :  0.027 0.927 0.036 0.010 
2136    W23E8    (0)   22 :  0.004 0.958 0.034 0.004 
2137    W23EM    (0)   22 :  0.004 0.977 0.013 0.006 
2138    W23EX    (0)   22 :  0.005 0.979 0.010 0.005 
2139    W23F0    (0)   22 :  0.003 0.982 0.008 0.006 
2140    W26L5    (0)   22 :  0.004 0.807 0.161 0.028 
2141    W26LM    (0)   22 :  0.005 0.922 0.003 0.070 
2142    W26MJ    (0)   22 :  0.006 0.876 0.013 0.106 
2143    W26ML    (0)   22 :  0.006 0.985 0.005 0.004 
2144    W26MT    (0)   22 :  0.007 0.983 0.006 0.004 
2145    W26PE    (5)   22 :  0.023 0.949 0.011 0.017 
2146    W26PJ    (0)   22 :  0.035 0.936 0.018 0.010 
2147    W26PT    (0)   22 :  0.008 0.935 0.053 0.004 
2148    W26PX   (10)   22 :  0.005 0.965 0.022 0.008 
2149    W26T0    (5)   22 :  0.009 0.899 0.084 0.008 
2150    W26TC    (0)   22 :  0.005 0.983 0.009 0.003 
2151    W26TJ    (5)   22 :  0.009 0.956 0.015 0.020 
2152    W26UE    (5)   22 :  0.007 0.966 0.020 0.007 
2153    W26UF    (0)   22 :  0.005 0.958 0.031 0.005 
2154    W26UL    (0)   22 :  0.011 0.918 0.019 0.052 
2155    W26X2    (0)   22 :  0.005 0.975 0.016 0.005 
2156    W2716    (0)   22 :  0.010 0.977 0.005 0.007 
2157   HRV1C6    (0)   22 :  0.005 0.942 0.050 0.003 
2158   HRV1CX    (0)   22 :  0.004 0.965 0.019 0.012 
2159   HRV1E2    (0)   22 :  0.009 0.975 0.012 0.004 
2160   HRV1E4    (0)   22 :  0.005 0.986 0.006 0.003 
2161   HRV1E5    (0)   22 :  0.004 0.984 0.008 0.003 
2162   HRV1EC    (0)   22 :  0.005 0.977 0.014 0.004 
2163   HRV1EK    (0)   22 :  0.011 0.940 0.039 0.010 
2164   HRV001    (0)   22 :  0.018 0.969 0.009 0.004 
2165   HRV00H    (0)   22 :  0.014 0.977 0.005 0.004 
2166   HRV00K    (0)   22 :  0.008 0.983 0.005 0.004 
2167   HRV01X    (0)   22 :  0.006 0.843 0.146 0.006 
2168   HRV025    (0)   22 :  0.017 0.912 0.065 0.006 
2169   HRV028    (0)   22 :  0.006 0.842 0.147 0.006 
2170   HRV041    (0)   22 :  0.006 0.983 0.006 0.004 
2171   HRV04F    (0)   22 :  0.009 0.981 0.006 0.004 
2172   HRV04L    (0)   22 :  0.004 0.984 0.009 0.003 
2173   HRV055    (0)   22 :  0.003 0.987 0.007 0.003 
2174   HRV05J    (0)   22 :  0.003 0.945 0.047 0.004 
2175   HRV07J    (0)   22 :  0.004 0.863 0.130 0.003 
2176   HRV07K    (0)   22 :  0.005 0.899 0.080 0.016 
2177   HRV07L    (0)   22 :  0.010 0.923 0.020 0.047 
2178   HRV07M    (0)   22 :  0.005 0.983 0.008 0.004 
2179   HRV0HM    (0)   22 :  0.021 0.952 0.017 0.009 
2180   HRV0J2    (0)   22 :  0.004 0.905 0.086 0.004 
2181   HRV0K3    (0)   22 :  0.051 0.933 0.012 0.004 
2182   HRV0KE    (0)   22 :  0.005 0.982 0.009 0.004 
2183   HRV0KF    (0)   22 :  0.007 0.967 0.018 0.008 
2184   HRV0KU    (0)   22 :  0.005 0.957 0.027 0.011 
2185   HRV0L6    (0)   22 :  0.012 0.974 0.010 0.004 
2186   HRV0M2    (0)   22 :  0.005 0.963 0.026 0.006 
2187   HRV0MF    (0)   22 :  0.003 0.974 0.019 0.004 
2188   HRV0MJ    (0)   22 :  0.005 0.895 0.090 0.010 
2189   HRV1AT    (0)   22 :  0.006 0.983 0.007 0.004 
2190   HRV1C1    (0)   22 :  0.004 0.981 0.008 0.007 
2191   HRV1CL    (0)   22 :  0.006 0.968 0.020 0.006 
2192   HRV1E1    (0)   22 :  0.006 0.983 0.006 0.004 
2193   HRV1E7    (0)   22 :  0.004 0.983 0.009 0.005 
2194   HRV1EE    (0)   22 :  0.005 0.983 0.009 0.004 
2195   HRV1ET    (0)   22 :  0.006 0.982 0.009 0.003 
2196      148    (5)   23 :  0.018 0.965 0.008 0.010 
2197      149    (0)   23 :  0.013 0.975 0.007 0.005 
2198      213    (0)   23 :  0.011 0.941 0.041 0.007 
2199      215    (0)   23 :  0.008 0.976 0.009 0.007 
2200      218    (0)   23 :  0.004 0.966 0.025 0.005 
2201      219    (0)   23 :  0.025 0.864 0.015 0.095 
2202      222    (0)   23 :  0.009 0.971 0.013 0.007 
2203      224    (0)   23 :  0.007 0.865 0.113 0.015 
2204      225    (0)   23 :  0.013 0.971 0.012 0.004 
2205      229    (0)   23 :  0.005 0.982 0.007 0.006 
2206      231    (0)   23 :  0.005 0.967 0.013 0.015 
2207   HRV1CP    (0)   23 :  0.004 0.977 0.013 0.006 
2208      239    (0)   23 :  0.007 0.963 0.024 0.005 
2209      240    (0)   23 :  0.006 0.981 0.008 0.005 
2210      243    (0)   23 :  0.007 0.889 0.098 0.006 
2211      248    (0)   23 :  0.004 0.979 0.014 0.003 
2212      250    (0)   23 :  0.011 0.978 0.007 0.004 
2213      251    (0)   23 :  0.005 0.981 0.005 0.009 
2214      256    (0)   23 :  0.006 0.983 0.006 0.005 
2215      260    (0)   23 :  0.011 0.972 0.005 0.012 
2216      261    (0)   23 :  0.015 0.809 0.166 0.010 
2217      263    (0)   23 :  0.103 0.885 0.007 0.006 
2218      284    (0)   23 :  0.011 0.969 0.014 0.005 
2219      285    (0)   23 :  0.013 0.957 0.025 0.005 
2220      286    (0)   23 :  0.005 0.970 0.005 0.020 
2221      289    (0)   23 :  0.021 0.962 0.011 0.006 
2222      291    (0)   23 :  0.044 0.918 0.033 0.005 
2223      292    (0)   23 :  0.014 0.971 0.008 0.007 
2224      293    (0)   23 :  0.005 0.938 0.048 0.009 
2225   BF0001    (0)   23 :  0.011 0.972 0.005 0.012 
2226   BF0002    (0)   23 :  0.006 0.920 0.038 0.036 
2227    M2AY6   (10)   23 :  0.011 0.975 0.009 0.006 
2228  Slov472    (5)   23 :  0.005 0.936 0.053 0.006 
2229   BF0026    (0)   23 :  0.036 0.944 0.004 0.017 
2230   BF0028    (0)   23 :  0.007 0.980 0.003 0.009 
2231  CK.0PP5    (0)   23 :  0.008 0.963 0.021 0.008 
2232  CK.0PP8    (0)   23 :  0.004 0.984 0.006 0.006 
2233  CK.0PPC    (0)   23 :  0.008 0.970 0.008 0.015 
2234  Slov166    (0)   23 :  0.009 0.982 0.004 0.004 
2235  Slov189    (0)   23 :  0.005 0.954 0.016 0.025 
2236  Slov196    (0)   23 :  0.010 0.976 0.005 0.008 
2237  Slov204    (0)   23 :  0.059 0.932 0.006 0.003 
2238   Slov24    (5)   23 :  0.046 0.938 0.007 0.009 
2239   Slov26    (0)   23 :  0.011 0.951 0.028 0.010 
2240   Slov33    (0)   23 :  0.013 0.978 0.006 0.003 
2241  Slov447    (0)   23 :  0.011 0.977 0.006 0.006 
2242  Slov449    (0)   23 :  0.012 0.965 0.010 0.013 
2243  Slov492    (0)   23 :  0.018 0.973 0.005 0.004 
2244   Slov56    (5)   23 :  0.139 0.839 0.017 0.005 
2245    Slov7    (0)   23 :  0.111 0.864 0.011 0.013 
2246   Slov70    (0)   23 :  0.005 0.917 0.072 0.006 
2247   Slov75    (0)   23 :  0.120 0.870 0.006 0.005 
2248   Slov78    (0)   23 :  0.023 0.960 0.008 0.010 
2249   Slov85    (0)   23 :  0.008 0.955 0.034 0.004 
2250   BF0003    (0)   23 :  0.006 0.979 0.011 0.004 
2251   BF0004    (5)   23 :  0.010 0.969 0.013 0.008 
2252   BF0005    (5)   23 :  0.107 0.881 0.004 0.008 
2253   BF0006    (0)   23 :  0.012 0.976 0.007 0.005 
2254   BF0007    (0)   23 :  0.083 0.888 0.023 0.006 
2255   BF0008    (0)   23 :  0.011 0.975 0.005 0.009 
2256   BF000A    (0)   23 :  0.006 0.984 0.006 0.004 
2257   BF000C    (0)   23 :  0.007 0.979 0.009 0.005 
2258   BF000E    (0)   23 :  0.091 0.887 0.009 0.013 
2259   BF000F    (0)   23 :  0.104 0.882 0.006 0.008 
2260   BF000H    (0)   23 :  0.013 0.978 0.006 0.003 
2261   BF000J    (0)   23 :  0.038 0.947 0.011 0.003 
2262   BF000K    (0)   23 :  0.009 0.980 0.007 0.004 
2263   BF000L    (0)   23 :  0.019 0.967 0.006 0.007 
2264   BF000M    (0)   24 :  0.004 0.977 0.014 0.005 
2265   BF000P    (0)   24 :  0.004 0.975 0.016 0.005 
2266   BF000T    (0)   24 :  0.010 0.967 0.013 0.010 
2267   BF000U    (0)   24 :  0.006 0.970 0.014 0.010 
2268   BF000X    (0)   24 :  0.008 0.976 0.010 0.006 
2269   BF0010    (0)   24 :  0.011 0.981 0.005 0.003 
2270   BF0011    (0)   24 :  0.004 0.982 0.010 0.004 
2271   BF0012    (0)   24 :  0.198 0.784 0.004 0.014 
2272   BF0013    (0)   24 :  0.014 0.957 0.017 0.013 
2273   BF0014    (0)   24 :  0.019 0.957 0.016 0.008 
2274   BF0015    (0)   24 :  0.007 0.981 0.007 0.004 
2275   BF0016    (0)   24 :  0.005 0.977 0.010 0.008 
2276   BF0017    (0)   24 :  0.014 0.976 0.004 0.006 
2277   BF0018    (0)   24 :  0.005 0.978 0.013 0.004 
2278   BF001A    (0)   24 :  0.006 0.976 0.005 0.013 
2279   BF001C    (0)   24 :  0.007 0.982 0.007 0.004 
2280   BF001E    (0)   24 :  0.011 0.976 0.008 0.005 
2281   BF001F    (0)   24 :  0.053 0.933 0.007 0.007 
2282   BF001H    (0)   24 :  0.009 0.981 0.005 0.005 
2283   BF001J    (0)   24 :  0.006 0.981 0.009 0.004 
2284   BF001K    (0)   24 :  0.010 0.977 0.009 0.004 
2285   BF001L    (0)   24 :  0.008 0.974 0.012 0.006 
2286   BF001M    (0)   24 :  0.003 0.976 0.017 0.004 
2287   BF001P    (0)   24 :  0.006 0.955 0.035 0.004 
2288   BF001T    (0)   24 :  0.006 0.982 0.007 0.004 
2289   BF001U    (0)   24 :  0.008 0.971 0.006 0.016 
2290   BF001X    (0)   24 :  0.007 0.985 0.004 0.005 
2291   BF0020    (0)   24 :  0.006 0.967 0.012 0.015 
2292   BF0022    (0)   24 :  0.005 0.958 0.005 0.032 
2293   BF0023    (0)   24 :  0.028 0.942 0.020 0.009 
2294   BF0025    (0)   24 :  0.004 0.970 0.018 0.008 
2295    h0014    (0)   25 :  0.006 0.937 0.053 0.004 
2296    h0024    (0)   25 :  0.036 0.844 0.113 0.007 
2297    h0034    (0)   25 :  0.005 0.969 0.021 0.005 
2298    h0044    (0)   25 :  0.005 0.969 0.010 0.016 
2299    h0054    (0)   25 :  0.005 0.984 0.007 0.005 
2300    h0064    (0)   25 :  0.005 0.968 0.011 0.016 
2301    h0074    (0)   25 :  0.028 0.954 0.004 0.014 
2302    h0084    (0)   25 :  0.007 0.982 0.007 0.004 
2303    h0094    (0)   25 :  0.007 0.972 0.017 0.004 
2304    h0104    (0)   25 :  0.039 0.938 0.014 0.009 
2305    h0114    (0)   25 :  0.004 0.987 0.003 0.005 
2306    h0124    (0)   25 :  0.005 0.982 0.007 0.006 
2307    h0134    (0)   25 :  0.006 0.981 0.003 0.010 
2308    h0144    (0)   25 :  0.005 0.979 0.007 0.009 
2309    h0154    (0)   25 :  0.006 0.972 0.012 0.011 
2310    h0164    (0)   25 :  0.012 0.976 0.005 0.007 
2311    h0174    (0)   25 :  0.007 0.976 0.009 0.008 
2312    h0184    (0)   25 :  0.008 0.975 0.014 0.004 
2313    h0194    (0)   25 :  0.014 0.968 0.012 0.005 
2314    h0204    (0)   25 :  0.010 0.931 0.052 0.008 
2315    h0214    (0)   25 :  0.005 0.980 0.008 0.007 
2316    h0224    (0)   25 :  0.020 0.968 0.007 0.005 
2317    h0234    (0)   25 :  0.007 0.980 0.008 0.004 
2318    h0244    (0)   25 :  0.008 0.979 0.005 0.007 
2319    h0254    (0)   25 :  0.007 0.980 0.009 0.004 
2320    h0264    (0)   25 :  0.006 0.962 0.028 0.005 
2321    h0274    (0)   25 :  0.017 0.921 0.025 0.038 
2322    h0284    (0)   25 :  0.003 0.982 0.009 0.006 
2323    h0294    (0)   25 :  0.006 0.980 0.010 0.004 
2324    h0304    (0)   25 :  0.036 0.940 0.018 0.006 
2325    h0314    (0)   25 :  0.011 0.980 0.006 0.004 
2326    h0324    (0)   25 :  0.009 0.934 0.052 0.004 
2327    h0334    (0)   25 :  0.009 0.980 0.007 0.004 
2328    h0344    (0)   25 :  0.006 0.968 0.023 0.004 
2329    h0354    (0)   25 :  0.051 0.934 0.010 0.005 
2330    h0364    (0)   25 :  0.008 0.979 0.008 0.005 
2331    h0374    (0)   25 :  0.007 0.981 0.008 0.004 
2332    h0384    (0)   25 :  0.004 0.984 0.008 0.004 
2333    h0394    (0)   25 :  0.014 0.974 0.005 0.007 
2334    h0404    (0)   25 :  0.005 0.982 0.009 0.004 
2335    h0414    (0)   25 :  0.005 0.986 0.004 0.004 
2336    h0424    (0)   25 :  0.033 0.952 0.011 0.004 
2337    h0434    (0)   25 :  0.014 0.954 0.008 0.025 
2338    h0444    (0)   25 :  0.005 0.967 0.018 0.009 
2339    h0454    (0)   25 :  0.013 0.959 0.007 0.021 
2340    h0464    (0)   25 :  0.008 0.977 0.011 0.004 
2341    h0474    (0)   25 :  0.026 0.956 0.010 0.008 
2342    h0484    (0)   25 :  0.008 0.969 0.010 0.013 
2343    h0494    (0)   25 :  0.007 0.966 0.007 0.020 
2344    h0504    (0)   25 :  0.006 0.985 0.004 0.005 
2345    h0514    (0)   25 :  0.024 0.954 0.012 0.009 
2346    h0524    (0)   25 :  0.007 0.979 0.008 0.005 
2347    h0534    (0)   25 :  0.012 0.978 0.005 0.005 
2348    h0544    (0)   25 :  0.004 0.977 0.008 0.011 
2349    h0554    (0)   25 :  0.026 0.952 0.012 0.011 
2350    h0564    (0)   25 :  0.040 0.947 0.004 0.009 
2351    h0574    (0)   25 :  0.006 0.972 0.015 0.007 
2352    h0584    (0)   25 :  0.004 0.985 0.006 0.005 
2353    h0594    (0)   25 :  0.028 0.942 0.024 0.006 
2354    h0604    (0)   25 :  0.003 0.971 0.011 0.015 
2355    h0614    (0)   25 :  0.023 0.926 0.046 0.005 
2356    h0624    (0)   25 :  0.014 0.962 0.009 0.015 
2357    h0634    (0)   25 :  0.006 0.970 0.010 0.014 
2358    h0644    (0)   25 :  0.008 0.972 0.006 0.013 
2359    h0654    (0)   25 :  0.005 0.982 0.003 0.010 
2360    h0664    (0)   25 :  0.022 0.942 0.009 0.027 
2361    h0674    (0)   25 :  0.027 0.916 0.040 0.017 
2362    h0684    (0)   25 :  0.006 0.954 0.034 0.006 
2363    h0694    (0)   25 :  0.008 0.915 0.016 0.062 
2364    h0704    (0)   25 :  0.026 0.960 0.007 0.008 
2365    h0714    (0)   25 :  0.008 0.915 0.068 0.010 
2366    h0724    (0)   25 :  0.013 0.969 0.008 0.009 
2367    h0734    (0)   25 :  0.012 0.967 0.016 0.005 
2368    h0744    (0)   25 :  0.008 0.983 0.005 0.004 
2369    h0754    (0)   25 :  0.017 0.974 0.004 0.005 
2370    h0764    (0)   25 :  0.003 0.987 0.007 0.003 
2371    h0774    (0)   25 :  0.005 0.980 0.010 0.004 
2372    h0784    (0)   25 :  0.018 0.968 0.006 0.008 
2373    h0794    (0)   25 :  0.003 0.984 0.005 0.007 
2374    h0804    (0)   25 :  0.006 0.968 0.017 0.009 
2375    h0814    (0)   25 :  0.005 0.971 0.018 0.006 
2376    h0824    (0)   25 :  0.018 0.974 0.005 0.003 
2377    h0834    (0)   25 :  0.007 0.966 0.010 0.018 
2378    h0844    (0)   25 :  0.006 0.984 0.007 0.003 
2379    h0854    (0)   25 :  0.004 0.986 0.005 0.004 
2380    h0864    (0)   25 :  0.007 0.980 0.009 0.004 
2381    h0874    (0)   25 :  0.018 0.963 0.007 0.012 
2382    h0884    (0)   25 :  0.007 0.978 0.009 0.007 
2383    h0894    (0)   25 :  0.045 0.900 0.021 0.034 
2384    h0904    (0)   25 :  0.011 0.969 0.005 0.016 
2385    h0914    (0)   25 :  0.004 0.966 0.026 0.004 
2386    h0924    (0)   25 :  0.004 0.977 0.014 0.005 
2387    h0934    (0)   25 :  0.003 0.984 0.006 0.006 
2388    h0944    (0)   25 :  0.006 0.983 0.007 0.004 
2389    h0954    (0)   25 :  0.004 0.978 0.012 0.006 
2390    h0964    (0)   25 :  0.005 0.977 0.007 0.011 
2391    h0974    (0)   25 :  0.006 0.982 0.006 0.007 
2392    h0984    (0)   25 :  0.007 0.939 0.019 0.035 
2393    h0994    (0)   25 :  0.005 0.958 0.020 0.017 
2394    h1004    (0)   25 :  0.005 0.982 0.007 0.005 
2395    h1014    (0)   25 :  0.006 0.977 0.010 0.007 
2396    h1024    (0)   25 :  0.025 0.931 0.008 0.036 
2397    h1034    (0)   25 :  0.009 0.937 0.041 0.013 
2398    h1044    (0)   25 :  0.006 0.967 0.020 0.007 
2399    h1054    (0)   25 :  0.043 0.932 0.017 0.008 
2400    h1064    (0)   25 :  0.007 0.980 0.009 0.004 
2401    h1074    (0)   25 :  0.005 0.986 0.004 0.005 
2402    h1084    (0)   25 :  0.006 0.966 0.007 0.021 
2403    h1094    (0)   25 :  0.009 0.960 0.020 0.011 
2404    h1104    (0)   25 :  0.004 0.984 0.007 0.005 
2405    h1114    (0)   25 :  0.020 0.918 0.052 0.009 
2406    h1124    (0)   25 :  0.004 0.984 0.006 0.006 
2407    h1134    (0)   25 :  0.003 0.946 0.046 0.005 
2408    h1144    (0)   25 :  0.004 0.977 0.014 0.004 
2409    h1154    (0)   25 :  0.004 0.984 0.008 0.004 
2410    h1164    (0)   25 :  0.006 0.982 0.007 0.005 
2411    h1174    (0)   25 :  0.012 0.977 0.006 0.004 
2412    h1184    (0)   25 :  0.014 0.961 0.019 0.006 
2413    h1194    (0)   25 :  0.011 0.972 0.008 0.009 
2414    h1204    (0)   25 :  0.005 0.925 0.056 0.013 
2415    h1214    (0)   25 :  0.017 0.963 0.015 0.005 
2416    h1224    (0)   25 :  0.006 0.985 0.006 0.003 
2417    h1234    (0)   25 :  0.006 0.968 0.021 0.005 
2418    h1244    (0)   25 :  0.004 0.977 0.013 0.006 
2419    h1254    (0)   25 :  0.004 0.980 0.012 0.004 
2420  CX.10JP    (0)   26 :  0.007 0.979 0.008 0.006 
2421  CX.10JX    (0)   26 :  0.058 0.922 0.007 0.013 
2422  CX.10K0    (0)   26 :  0.007 0.975 0.011 0.007 
2423  CX.10K5    (0)   26 :  0.016 0.971 0.009 0.005 
2424  CX.10K6    (0)   26 :  0.006 0.981 0.008 0.005 
2425  CX.10K7    (0)   26 :  0.032 0.935 0.008 0.026 
2426  CX.10KA    (0)   26 :  0.043 0.931 0.003 0.023 
2427  CX.10KC    (0)   26 :  0.004 0.937 0.005 0.054 
2428  CX.10KH    (0)   26 :  0.011 0.937 0.007 0.044 
2429  CX.10KL    (0)   26 :  0.014 0.942 0.034 0.010 
2430  CX.10KM    (0)   26 :  0.010 0.980 0.004 0.007 
2431  CX.10KT    (0)   26 :  0.009 0.980 0.006 0.005 
2432  CX.10KU    (0)   26 :  0.009 0.981 0.005 0.005 
2433  CX.10KX    (0)   26 :  0.016 0.966 0.009 0.009 
2434  CX.10L0    (0)   26 :  0.006 0.980 0.004 0.010 
2435  CX.10L6   (10)   26 :  0.009 0.976 0.007 0.008 
2436  CX.10L7    (0)   26 :  0.012 0.973 0.008 0.007 
2437  CX.10L8    (0)   26 :  0.025 0.911 0.024 0.040 
2438  CX.10LA    (0)   26 :  0.014 0.965 0.015 0.006 
2439  CX.10LE    (0)   26 :  0.232 0.751 0.010 0.007 
2440  CX.10LH    (5)   26 :  0.016 0.966 0.005 0.013 
2441  CX.10LK    (0)   26 :  0.006 0.973 0.015 0.006 
2442  CX.10LL    (0)   26 :  0.037 0.953 0.004 0.006 
2443  CX.10LP    (0)   26 :  0.106 0.847 0.014 0.034 
2444  CX.10LT    (0)   26 :  0.009 0.964 0.007 0.020 
2445  CX.10LU    (0)   26 :  0.006 0.978 0.011 0.005 
2446  CX.10M1    (0)   26 :  0.005 0.982 0.004 0.008 
2447  CX.10M2    (5)   26 :  0.048 0.944 0.004 0.004 
2448  CX.10M3    (0)   26 :  0.011 0.970 0.008 0.011 
2449  CX.10M5    (0)   26 :  0.008 0.975 0.008 0.009 
2450  CX.10M6    (0)   26 :  0.032 0.954 0.005 0.009 
2451  CX.10M7    (0)   26 :  0.004 0.974 0.016 0.007 
2452  CX.10M8    (0)   26 :  0.005 0.983 0.006 0.006 
2453  CX.10P3    (0)   26 :  0.008 0.948 0.040 0.004 
2454  CX.10P7    (0)   26 :  0.006 0.981 0.007 0.006 
2455  CX.10PC    (0)   26 :  0.009 0.977 0.011 0.003 
2456  CX.10PE    (0)   26 :  0.043 0.949 0.004 0.004 
2457  CX.10PU    (5)   26 :  0.008 0.962 0.023 0.007 
2458  CX.10PX    (0)   26 :  0.011 0.980 0.005 0.005 
2459  CX.10T0    (0)   26 :  0.008 0.980 0.005 0.007 
2460  CX.10T2    (0)   26 :  0.007 0.984 0.005 0.003 
2461  CX.10JT    (5)   26 :  0.009 0.957 0.006 0.027 
2462  CX.10JY    (5)   26 :  0.065 0.921 0.009 0.005 
2463  CX.10K4   (10)   26 :  0.010 0.976 0.007 0.008 
2464  CX.10KE    (5)   26 :  0.044 0.945 0.005 0.006 
2465  CX.10KY    (5)   26 :  0.005 0.984 0.006 0.004 
2466  CX.10L2    (5)   26 :  0.005 0.979 0.009 0.007 
2467  CX.10L3    (5)   26 :  0.095 0.889 0.007 0.009 
2468  CX.10LF    (5)   26 :  0.007 0.980 0.008 0.006 
2469  CX.10LM   (10)   26 :  0.007 0.980 0.007 0.006 
2470  CX.10LY    (5)   26 :  0.037 0.941 0.009 0.013 
2471  CX.10M0    (5)   26 :  0.005 0.983 0.006 0.006 
2472  CX.10MA    (5)   26 :  0.019 0.954 0.020 0.007 
2473    h0015    (0)   27 :  0.012 0.971 0.008 0.009 
2474    h0025    (0)   27 :  0.010 0.976 0.010 0.004 
2475    h0035    (0)   27 :  0.008 0.986 0.003 0.003 
2476    h0045    (0)   27 :  0.007 0.957 0.030 0.005 
2477    h0055    (0)   27 :  0.007 0.978 0.006 0.008 
2478    h0065    (0)   27 :  0.003 0.963 0.026 0.008 
2479    h0075    (0)   27 :  0.017 0.970 0.006 0.007 
2480    h0085    (0)   27 :  0.007 0.966 0.010 0.018 
2481    h0095    (0)   27 :  0.009 0.975 0.006 0.010 
2482    h0105    (0)   27 :  0.008 0.981 0.007 0.005 
2483    h0115    (0)   27 :  0.005 0.980 0.011 0.005 
2484    h0125    (0)   27 :  0.063 0.926 0.005 0.006 
2485    h0135    (0)   27 :  0.013 0.967 0.005 0.015 
2486    h0145    (0)   27 :  0.008 0.979 0.004 0.008 
2487    h0155    (0)   27 :  0.004 0.987 0.005 0.004 
2488    h0165    (0)   27 :  0.007 0.964 0.006 0.022 
2489    h0175    (0)   27 :  0.029 0.950 0.015 0.006 
2490    h0185    (0)   27 :  0.008 0.981 0.006 0.005 
2491    h0195    (0)   27 :  0.010 0.974 0.010 0.006 
2492    h0205    (0)   27 :  0.009 0.980 0.005 0.007 
2493    h0215    (0)   27 :  0.012 0.970 0.012 0.006 
2494    h0225    (0)   27 :  0.023 0.964 0.006 0.006 
2495    h0235    (0)   27 :  0.005 0.958 0.025 0.012 
2496    h0245    (0)   27 :  0.028 0.960 0.004 0.008 
2497    h0255    (0)   27 :  0.008 0.962 0.023 0.008 
2498    h0265    (0)   27 :  0.017 0.970 0.007 0.006 
2499    h0275    (0)   27 :  0.008 0.975 0.008 0.009 
2500    h0285    (0)   27 :  0.010 0.970 0.009 0.011 
2501    h0295    (0)   27 :  0.011 0.973 0.006 0.010 
2502    h0305    (0)   27 :  0.007 0.973 0.004 0.016 
2503    h0315    (0)   27 :  0.005 0.903 0.086 0.005 
2504    h0325    (0)   27 :  0.006 0.984 0.006 0.004 
2505    h0335    (0)   27 :  0.159 0.829 0.006 0.005 
2506    h0345    (0)   27 :  0.010 0.974 0.009 0.008 
2507    h0355    (0)   27 :  0.013 0.881 0.006 0.100 
2508    h0365    (0)   27 :  0.061 0.886 0.007 0.046 
2509    h0375    (0)   27 :  0.010 0.976 0.006 0.008 
2510    h0385    (0)   27 :  0.012 0.959 0.016 0.014 
2511    h0395    (0)   27 :  0.056 0.913 0.020 0.011 
2512    h0405    (0)   27 :  0.006 0.974 0.015 0.005 
2513    h0415    (0)   27 :  0.017 0.964 0.008 0.011 
2514    h0425    (0)   27 :  0.045 0.941 0.005 0.009 
2515    h0435    (0)   27 :  0.117 0.873 0.005 0.005 
2516    h0445    (0)   27 :  0.015 0.971 0.008 0.006 
2517    h0455    (0)   27 :  0.057 0.912 0.009 0.022 
2518    h0465    (0)   27 :  0.023 0.956 0.007 0.015 
2519    h0475    (0)   27 :  0.015 0.963 0.010 0.013 
2520    h0485    (0)   27 :  0.025 0.960 0.012 0.004 
2521    h0495    (0)   27 :  0.013 0.972 0.008 0.007 
2522    h0505    (0)   27 :  0.005 0.956 0.021 0.018 
2523    h0515    (0)   27 :  0.010 0.944 0.006 0.040 
2524    h0525    (0)   27 :  0.040 0.949 0.007 0.004 
2525    h0535    (0)   27 :  0.024 0.955 0.012 0.009 
2526    h0545    (0)   27 :  0.018 0.969 0.003 0.010 
2527    h0555    (0)   27 :  0.007 0.983 0.003 0.007 
2528    h0565    (0)   27 :  0.046 0.942 0.004 0.008 
2529    h0575    (0)   27 :  0.015 0.973 0.005 0.007 
2530    h0585    (0)   27 :  0.005 0.970 0.007 0.017 
2531    h0595    (0)   27 :  0.007 0.976 0.008 0.009 
2532    h0605    (0)   27 :  0.005 0.951 0.008 0.036 
2533    h0615    (0)   27 :  0.212 0.776 0.006 0.006 
2534    h0625    (0)   27 :  0.005 0.974 0.009 0.012 
2535    h0635    (0)   27 :  0.146 0.836 0.013 0.005 
2536    h0645    (0)   27 :  0.011 0.954 0.029 0.006 
2537    h0655    (0)   27 :  0.012 0.963 0.015 0.010 
2538    h0665    (0)   27 :  0.005 0.950 0.008 0.036 
2539    h0675    (0)   27 :  0.005 0.978 0.010 0.007 
2540    h0685    (0)   27 :  0.032 0.959 0.005 0.004 
2541    h0695    (0)   27 :  0.084 0.908 0.004 0.005 
2542    h0705    (0)   27 :  0.023 0.969 0.004 0.004 
2543    h0715    (0)   27 :  0.007 0.951 0.018 0.024 
2544    h0725    (0)   27 :  0.010 0.978 0.006 0.006 
2545    h0735    (0)   27 :  0.006 0.985 0.003 0.006 
2546    h0745    (0)   27 :  0.005 0.984 0.007 0.004 
2547    h0755    (0)   27 :  0.014 0.974 0.004 0.008 
2548    h0765    (0)   27 :  0.005 0.982 0.008 0.004 
2549    h0775    (0)   27 :  0.011 0.974 0.009 0.006 
2550    h0785    (0)   27 :  0.003 0.974 0.012 0.010 
2551    h0795    (0)   27 :  0.009 0.974 0.010 0.007 
2552    h0805    (0)   27 :  0.011 0.955 0.020 0.015 
2553    h0815    (0)   27 :  0.016 0.971 0.005 0.008 
2554    h0825    (0)   27 :  0.014 0.975 0.007 0.004 
2555    h0835    (0)   27 :  0.031 0.956 0.009 0.004 
2556    h0845    (0)   27 :  0.042 0.933 0.006 0.019 
2557    h0855    (0)   27 :  0.005 0.974 0.005 0.016 
2558    h0865    (0)   27 :  0.010 0.944 0.008 0.037 
2559    h0875    (0)   27 :  0.006 0.986 0.005 0.004 
2560    h0885    (0)   27 :  0.010 0.963 0.004 0.024 
2561    h0895    (0)   27 :  0.008 0.920 0.061 0.011 
2562    h0905    (0)   27 :  0.012 0.976 0.004 0.008 
2563    h0915    (0)   27 :  0.018 0.963 0.012 0.006 
2564    h0925    (0)   27 :  0.008 0.956 0.024 0.012 
2565    h0935    (0)   27 :  0.010 0.975 0.009 0.006 
2566    h0945    (0)   27 :  0.024 0.966 0.006 0.004 
2567    h0955    (0)   27 :  0.006 0.981 0.006 0.007 
2568    h0965    (0)   27 :  0.020 0.907 0.009 0.065 
2569    h0975    (0)   27 :  0.013 0.964 0.015 0.008 
2570    h0985    (0)   27 :  0.145 0.840 0.005 0.009 
2571    h0995    (0)   27 :  0.013 0.973 0.006 0.008 
2572    h1005    (0)   27 :  0.030 0.938 0.008 0.024 
2573    h1015    (0)   27 :  0.008 0.981 0.005 0.005 
2574    h1025    (0)   27 :  0.014 0.969 0.010 0.007 
2575    h1035    (0)   27 :  0.005 0.977 0.014 0.004 
2576    h1045    (0)   27 :  0.051 0.930 0.003 0.016 
2577    h1055    (0)   27 :  0.007 0.980 0.008 0.005 
2578    h1065    (0)   27 :  0.107 0.872 0.012 0.009 
2579    h1075    (0)   27 :  0.012 0.978 0.006 0.005 
2580    h1085    (0)   27 :  0.012 0.974 0.006 0.009 
2581    h1095    (0)   27 :  0.007 0.981 0.005 0.007 
2582    h1105    (0)   27 :  0.184 0.801 0.008 0.007 
2583    h1115    (0)   27 :  0.009 0.980 0.004 0.007 
2584    h1125    (0)   27 :  0.015 0.973 0.007 0.005 
2585    h1135    (0)   27 :  0.021 0.965 0.004 0.010 
2586    h1145    (0)   27 :  0.004 0.967 0.022 0.007 
2587    h1155    (0)   27 :  0.005 0.973 0.014 0.008 
2588    h1165    (0)   27 :  0.009 0.972 0.011 0.008 
2589    h1175    (0)   27 :  0.014 0.927 0.014 0.045 
2590    h1185    (0)   27 :  0.130 0.857 0.006 0.007 
2591    h1195    (0)   27 :  0.008 0.978 0.005 0.009 
2592    h1205    (0)   27 :  0.012 0.976 0.007 0.005 
2593    h1215    (0)   27 :  0.004 0.966 0.007 0.023 
2594    h1225    (0)   27 :  0.030 0.923 0.040 0.008 
2595    h1235    (0)   27 :  0.086 0.901 0.008 0.006 
2596    h1245    (0)   27 :  0.008 0.950 0.004 0.037 
2597    h1255    (0)   27 :  0.012 0.951 0.013 0.023 
2598  CK.0PLA    (5)   28 :  0.004 0.007 0.984 0.005 
2599  CK.0PLC    (0)   28 :  0.005 0.011 0.977 0.008 
2600  CK.0PLE    (0)   28 :  0.005 0.005 0.988 0.003 
2601  CK.0PLF    (0)   28 :  0.013 0.018 0.960 0.009 
2602  CK.0PLH    (0)   28 :  0.003 0.004 0.989 0.003 
2603  CK.0PLJ    (0)   28 :  0.007 0.007 0.982 0.004 
2604  CK.0PLK    (0)   28 :  0.003 0.005 0.990 0.003 
2605  CK.0PLL    (0)   28 :  0.005 0.005 0.986 0.005 
2606  CK.0PLM    (0)   28 :  0.006 0.005 0.985 0.004 
2607  CK.0PLP    (0)   28 :  0.004 0.004 0.988 0.004 
2608  CK.0PLT    (0)   28 :  0.003 0.003 0.991 0.003 
2609  CK.0PLU    (0)   28 :  0.004 0.004 0.988 0.004 
2610  CK.0PLX    (0)   28 :  0.007 0.013 0.973 0.008 
2611  CK.0PLY    (5)   28 :  0.003 0.003 0.991 0.003 
2612  CK.0PM0    (0)   28 :  0.003 0.006 0.987 0.004 
2613  CK.0PM1    (0)   28 :  0.003 0.004 0.990 0.003 
2614  CK.0PM2    (0)   28 :  0.014 0.004 0.978 0.004 
2615  CK.0PM3    (0)   28 :  0.003 0.004 0.989 0.004 
2616  CK.0PM4    (0)   28 :  0.004 0.004 0.988 0.004 
2617  CK.0PM7    (0)   28 :  0.003 0.004 0.989 0.003 
2618  CK.0PM8    (0)   28 :  0.003 0.004 0.990 0.003 
2619  CK.0PMA    (0)   28 :  0.009 0.006 0.980 0.005 
2620    M2C06    (0)   28 :  0.003 0.004 0.990 0.003 
2621    M2C07    (0)   28 :  0.003 0.003 0.992 0.002 
2622    M2C08    (0)   28 :  0.002 0.003 0.992 0.002 
2623    M2C0A    (0)   28 :  0.005 0.004 0.988 0.003 
2624    M2C0C    (0)   28 :  0.003 0.004 0.990 0.003 
2625    M2C0E    (0)   28 :  0.003 0.003 0.991 0.003 
2626    h0012    (0)   29 :  0.003 0.003 0.990 0.004 
2627    h0022    (0)   29 :  0.003 0.003 0.991 0.003 
2628    h0032    (0)   29 :  0.003 0.005 0.988 0.004 
2629    h0042    (0)   29 :  0.003 0.006 0.987 0.004 
2630    h0052    (0)   29 :  0.004 0.005 0.985 0.006 
2631    h0062    (0)   29 :  0.004 0.004 0.989 0.003 
2632    h0072    (0)   29 :  0.003 0.004 0.990 0.003 
2633    h0082    (0)   29 :  0.003 0.003 0.991 0.003 
2634    h0092    (0)   29 :  0.009 0.009 0.978 0.004 
2635    h0102    (0)   29 :  0.015 0.005 0.976 0.004 
2636    h0112    (0)   29 :  0.008 0.005 0.981 0.005 
2637    h0122    (0)   29 :  0.003 0.004 0.991 0.003 
2638    h0132    (0)   29 :  0.007 0.006 0.982 0.004 
2639    h0142    (0)   29 :  0.006 0.004 0.987 0.003 
2640    h0152    (0)   29 :  0.003 0.004 0.989 0.004 
2641    h0162    (0)   29 :  0.002 0.004 0.991 0.003 
2642    h0172    (0)   29 :  0.003 0.003 0.990 0.003 
2643    h0182    (0)   29 :  0.003 0.004 0.990 0.003 
2644    h0192    (0)   29 :  0.004 0.004 0.990 0.002 
2645    h0202    (0)   29 :  0.003 0.005 0.989 0.003 
2646    h0212    (0)   29 :  0.004 0.006 0.987 0.004 
2647    h0222    (0)   29 :  0.003 0.003 0.991 0.003 
2648    h0232    (0)   29 :  0.006 0.005 0.985 0.004 
2649    h0242    (0)   29 :  0.004 0.004 0.988 0.004 
2650    h0252    (0)   29 :  0.005 0.006 0.986 0.003 
2651    h0262    (0)   29 :  0.003 0.004 0.991 0.003 
2652    h0272    (0)   29 :  0.004 0.007 0.985 0.004 
2653    h0282    (0)   29 :  0.003 0.004 0.990 0.003 
2654    h0292    (0)   29 :  0.004 0.004 0.988 0.004 
2655    h0302    (0)   29 :  0.008 0.005 0.981 0.005 
2656    h0312    (0)   29 :  0.003 0.009 0.984 0.004 
2657    h0322    (0)   29 :  0.003 0.004 0.991 0.002 
2658    h0332    (0)   29 :  0.006 0.005 0.986 0.003 
2659    h0342    (0)   29 :  0.003 0.004 0.989 0.004 
2660    h0352    (0)   29 :  0.005 0.005 0.987 0.003 
2661    h0362    (0)   29 :  0.004 0.003 0.990 0.004 
2662    h0372    (0)   29 :  0.004 0.005 0.987 0.004 
2663    h0382    (0)   29 :  0.003 0.003 0.992 0.002 
2664    h0392    (0)   29 :  0.004 0.004 0.990 0.003 
2665    h0402    (0)   29 :  0.003 0.004 0.989 0.003 
2666    h0412    (0)   29 :  0.003 0.004 0.990 0.003 
2667    h0422    (0)   29 :  0.003 0.003 0.991 0.003 
2668    h0432    (0)   29 :  0.004 0.006 0.986 0.004 
2669    h0442    (0)   29 :  0.003 0.007 0.986 0.004 
2670    h0452    (0)   29 :  0.003 0.004 0.990 0.003 
2671    h0462    (0)   29 :  0.003 0.004 0.990 0.003 
2672    h0472    (0)   29 :  0.003 0.004 0.991 0.002 
2673    h0482    (0)   29 :  0.005 0.004 0.987 0.003 
2674    h0492    (0)   29 :  0.003 0.005 0.988 0.003 
2675    h0502    (0)   29 :  0.006 0.007 0.983 0.004 
2676    h0512    (0)   29 :  0.003 0.004 0.991 0.003 
2677    h0522    (0)   29 :  0.003 0.004 0.990 0.003 
2678    h0532    (0)   29 :  0.003 0.003 0.991 0.003 
2679    h0542    (0)   29 :  0.003 0.003 0.990 0.004 
2680    h0552    (0)   29 :  0.003 0.004 0.991 0.002 
2681    h0562    (0)   29 :  0.013 0.007 0.975 0.004 
2682    h0572    (0)   29 :  0.003 0.004 0.989 0.003 
2683    h0582    (0)   29 :  0.004 0.005 0.987 0.004 
2684    h0592    (0)   29 :  0.003 0.003 0.991 0.003 
2685    h0602    (0)   29 :  0.004 0.005 0.986 0.005 
2686    h0612    (0)   29 :  0.003 0.005 0.990 0.003 
2687    h0622    (0)   29 :  0.003 0.004 0.990 0.003 
2688    h0632    (0)   29 :  0.005 0.004 0.986 0.005 
2689    h0642    (0)   29 :  0.003 0.003 0.990 0.003 
2690    h0652    (0)   29 :  0.005 0.007 0.981 0.007 
2691    h0662    (0)   29 :  0.003 0.004 0.989 0.004 
2692    h0672    (0)   29 :  0.004 0.004 0.990 0.002 
2693    h0682    (0)   29 :  0.003 0.006 0.987 0.004 
2694    h0692    (0)   29 :  0.004 0.005 0.986 0.005 
2695    h0702    (0)   29 :  0.003 0.005 0.989 0.003 
2696    h0712    (0)   29 :  0.002 0.004 0.990 0.004 
2697    h0722    (0)   29 :  0.009 0.010 0.971 0.010 
2698    h0732    (0)   29 :  0.003 0.005 0.986 0.006 
2699    h0742    (0)   29 :  0.018 0.006 0.971 0.005 
2700    h0752    (0)   29 :  0.011 0.011 0.973 0.005 
2701    h0762    (0)   29 :  0.003 0.004 0.989 0.004 
2702    h0772    (0)   29 :  0.003 0.005 0.988 0.004 
2703    h0782    (0)   29 :  0.003 0.004 0.991 0.003 
2704    h0792    (0)   29 :  0.004 0.006 0.986 0.004 
2705    h0802    (0)   29 :  0.004 0.004 0.989 0.003 
2706    h0812    (0)   29 :  0.004 0.004 0.989 0.003 
2707    h0822    (0)   29 :  0.004 0.010 0.980 0.006 
2708    h0832    (0)   29 :  0.008 0.007 0.982 0.003 
2709    h0842    (0)   29 :  0.005 0.004 0.988 0.004 
2710    h0852    (0)   29 :  0.004 0.005 0.986 0.005 
2711    h0862    (0)   29 :  0.005 0.005 0.986 0.004 
2712    h0872    (0)   29 :  0.004 0.004 0.989 0.003 
2713    h0882    (0)   29 :  0.004 0.004 0.988 0.004 
2714    h0892    (0)   29 :  0.005 0.004 0.988 0.004 
2715    h0902    (0)   29 :  0.005 0.006 0.981 0.008 
2716    h0912    (0)   29 :  0.003 0.004 0.989 0.003 
2717    h0922    (0)   29 :  0.004 0.004 0.990 0.003 
2718    h0932    (0)   29 :  0.005 0.003 0.989 0.003 
2719    h0942    (0)   29 :  0.005 0.004 0.989 0.003 
2720    h0952    (0)   29 :  0.004 0.004 0.990 0.003 
2721    h0962    (0)   29 :  0.005 0.005 0.987 0.003 
2722    h0972    (0)   29 :  0.002 0.004 0.991 0.003 
2723    h0982    (0)   29 :  0.006 0.006 0.985 0.003 
2724    h0992    (0)   29 :  0.004 0.004 0.989 0.003 
2725    h1002    (0)   29 :  0.003 0.003 0.992 0.003 
2726    h1012    (0)   29 :  0.003 0.003 0.991 0.003 
2727    h1022    (0)   29 :  0.003 0.004 0.990 0.003 
2728    h1032    (0)   29 :  0.003 0.004 0.990 0.003 
2729    h1042    (0)   29 :  0.004 0.004 0.989 0.003 
2730    h1052    (0)   29 :  0.003 0.004 0.990 0.003 
2731    h1062    (0)   29 :  0.004 0.005 0.988 0.003 
2732    h1072    (0)   29 :  0.003 0.003 0.990 0.003 
2733    h1082    (0)   29 :  0.006 0.004 0.985 0.005 
2734    h1092    (0)   29 :  0.003 0.004 0.988 0.005 
2735    h1102    (0)   29 :  0.003 0.004 0.990 0.004 
2736    h1112    (0)   29 :  0.004 0.004 0.989 0.003 
2737    h1122    (0)   29 :  0.004 0.005 0.986 0.005 
2738    h1132    (0)   29 :  0.004 0.004 0.989 0.003 
2739    h1142    (0)   29 :  0.005 0.005 0.987 0.003 
2740    h1152    (0)   29 :  0.003 0.004 0.989 0.004 
2741    h1162    (0)   29 :  0.003 0.003 0.991 0.003 
2742    h1172    (0)   29 :  0.002 0.003 0.991 0.004 
2743    h1182    (0)   29 :  0.003 0.004 0.990 0.003 
2744    h1192    (0)   29 :  0.002 0.004 0.989 0.004 
2745    h1202    (0)   29 :  0.014 0.006 0.974 0.005 
2746    h1212    (0)   29 :  0.003 0.005 0.990 0.003 
2747    h1222    (0)   29 :  0.003 0.005 0.988 0.004 
2748    h1232    (0)   29 :  0.003 0.003 0.992 0.003 
2749    h1242    (0)   29 :  0.003 0.004 0.990 0.003 
2750    h1252    (0)   29 :  0.003 0.003 0.992 0.002 
2751    h1262    (0)   29 :  0.003 0.005 0.989 0.003 
2752    h1272    (0)   29 :  0.010 0.005 0.980 0.005 
2753    h1282    (0)   29 :  0.004 0.004 0.989 0.004 
2754    h1292    (0)   29 :  0.004 0.004 0.989 0.004 
2755    h1302    (0)   29 :  0.003 0.004 0.990 0.003 
2756    h1312    (0)   29 :  0.003 0.003 0.991 0.003 
2757    h1322    (0)   29 :  0.004 0.004 0.989 0.003 
2758    h1332    (0)   29 :  0.004 0.006 0.985 0.005 
2759    h1342    (0)   29 :  0.008 0.004 0.984 0.004 
2760    h1352    (0)   29 :  0.003 0.006 0.984 0.007 
2761    h1362    (0)   29 :  0.003 0.005 0.986 0.006 
2762    h1372    (0)   29 :  0.003 0.003 0.991 0.002 
2763    h1382    (0)   29 :  0.003 0.004 0.989 0.003 
2764    h1392    (0)   29 :  0.006 0.015 0.973 0.005 
2765    h1402    (0)   29 :  0.003 0.004 0.989 0.004 
2766    h1412    (0)   29 :  0.005 0.004 0.987 0.003 
2767    h1422    (0)   29 :  0.003 0.003 0.989 0.004 
2768    h1432    (0)   29 :  0.010 0.008 0.976 0.005 
2769    h1442    (0)   29 :  0.003 0.005 0.987 0.005 
2770    h1452    (0)   29 :  0.003 0.004 0.990 0.003 
2771    h1462    (0)   29 :  0.003 0.004 0.990 0.003 
2772    h1472    (0)   29 :  0.003 0.005 0.989 0.003 
2773    h1482    (0)   29 :  0.006 0.005 0.985 0.004 
2774    h1492    (0)   29 :  0.003 0.003 0.992 0.002 
2775    h1502    (0)   29 :  0.005 0.004 0.988 0.003 
2776    h1512    (0)   29 :  0.003 0.004 0.991 0.003 
2777    h1522    (0)   29 :  0.006 0.009 0.980 0.004 
2778    h1532    (0)   29 :  0.005 0.007 0.983 0.006 
2779    h1542    (0)   29 :  0.003 0.005 0.988 0.003 
2780    h1552    (0)   29 :  0.004 0.004 0.989 0.003 
2781    h1562    (0)   29 :  0.003 0.003 0.990 0.003 
2782    h1572    (0)   29 :  0.002 0.003 0.992 0.003 
2783    h1582    (0)   29 :  0.004 0.005 0.988 0.003 
2784    h1592    (0)   29 :  0.004 0.006 0.986 0.004 
2785    h1602    (0)   29 :  0.003 0.004 0.990 0.003 
2786    h1612    (0)   29 :  0.006 0.004 0.987 0.004 
2787    h1622    (0)   29 :  0.004 0.003 0.989 0.004 
2788    h1632    (0)   29 :  0.004 0.005 0.988 0.003 
2789    h1642    (0)   29 :  0.003 0.003 0.991 0.003 
2790    h1652    (0)   29 :  0.003 0.005 0.989 0.003 
2791    h1662    (0)   29 :  0.003 0.005 0.989 0.004 
2792    h1672    (0)   29 :  0.004 0.005 0.987 0.004 
2793    h1682    (0)   29 :  0.003 0.004 0.991 0.003 
2794    h1692    (0)   29 :  0.003 0.004 0.990 0.003 
2795    h1702    (0)   29 :  0.006 0.007 0.979 0.008 
2796    h1712    (0)   29 :  0.008 0.006 0.981 0.005 
2797    h1722    (0)   29 :  0.004 0.005 0.986 0.004 
2798    h1732    (0)   29 :  0.011 0.004 0.980 0.004 
2799    h1742    (0)   29 :  0.003 0.003 0.991 0.003 
2800    h1752    (0)   29 :  0.002 0.003 0.992 0.003 
2801    h1762    (0)   29 :  0.004 0.004 0.988 0.004 
2802    h1772    (0)   29 :  0.003 0.005 0.989 0.003 
2803    h1782    (0)   29 :  0.004 0.004 0.988 0.004 
2804    h1792    (0)   29 :  0.004 0.004 0.987 0.005 
2805    h1802    (0)   29 :  0.009 0.007 0.979 0.005 
2806    h1812    (0)   29 :  0.007 0.005 0.984 0.004 
2807    h1822    (0)   29 :  0.008 0.013 0.975 0.004 
2808    h1832    (0)   29 :  0.003 0.003 0.991 0.003 
2809    h1842    (0)   29 :  0.005 0.005 0.985 0.005 
2810    h1852    (0)   29 :  0.003 0.005 0.986 0.006 
2811    h1862    (0)   29 :  0.005 0.006 0.986 0.003 
2812    h1872    (0)   29 :  0.011 0.017 0.964 0.008 
2813    h1882    (0)   29 :  0.003 0.005 0.987 0.004 
2814    h1892    (0)   29 :  0.005 0.004 0.987 0.004 
2815    h1902    (0)   29 :  0.003 0.003 0.991 0.003 
2816    h1912    (0)   29 :  0.003 0.003 0.991 0.003 
2817    h1922    (0)   29 :  0.006 0.006 0.984 0.004 
2818    h1932    (0)   29 :  0.002 0.003 0.992 0.002 
2819    h1942    (0)   29 :  0.003 0.004 0.990 0.003 
2820    h1952    (0)   29 :  0.003 0.004 0.990 0.003 
2821    h1962    (0)   29 :  0.005 0.006 0.985 0.003 
2822    h1972    (0)   29 :  0.003 0.003 0.991 0.002 
2823    h1982    (0)   29 :  0.012 0.003 0.981 0.004 
2824    h1992    (0)   29 :  0.003 0.004 0.991 0.003 
2825    h2002    (0)   29 :  0.004 0.004 0.989 0.003 
2826    h2011    (0)   29 :  0.010 0.007 0.977 0.007 
2827    h2021    (0)   29 :  0.004 0.004 0.989 0.003 
2828    h2031    (0)   29 :  0.006 0.008 0.982 0.004 
2829    h2041    (0)   29 :  0.002 0.003 0.992 0.003 
2830    h2051    (0)   29 :  0.003 0.004 0.991 0.002 
2831    h2061    (0)   29 :  0.003 0.004 0.990 0.003 
2832    h2071    (0)   29 :  0.003 0.003 0.991 0.003 
2833    h2081    (0)   29 :  0.007 0.004 0.986 0.003 
2834    h2091    (0)   29 :  0.003 0.003 0.990 0.004 
2835    h2101    (0)   29 :  0.004 0.003 0.991 0.003 
2836    h2111    (0)   29 :  0.003 0.004 0.990 0.003 
2837    h2121    (0)   29 :  0.003 0.003 0.991 0.003 
2838    h2131    (0)   29 :  0.002 0.004 0.991 0.003 
2839    h2141    (0)   29 :  0.006 0.005 0.985 0.005 
2840    h2151    (0)   29 :  0.003 0.003 0.991 0.003 
2841    h2161    (0)   29 :  0.003 0.004 0.987 0.006 
2842    h2171    (0)   29 :  0.011 0.010 0.975 0.004 
2843    h2181    (0)   29 :  0.024 0.007 0.961 0.008 
2844    h2191    (0)   29 :  0.003 0.003 0.991 0.003 
2845    h2201    (0)   29 :  0.005 0.003 0.987 0.004 
2846    h2211    (0)   29 :  0.004 0.004 0.989 0.003 
2847    h2221    (0)   29 :  0.003 0.003 0.990 0.004 
2848    h2231    (0)   29 :  0.003 0.004 0.988 0.005 
2849    h2241    (0)   29 :  0.003 0.004 0.989 0.004 
2850    h2251    (0)   29 :  0.004 0.004 0.987 0.005 
2851    h2261    (0)   29 :  0.007 0.004 0.984 0.004 
2852    h2271    (0)   29 :  0.010 0.006 0.981 0.003 
2853    h2281    (0)   29 :  0.003 0.004 0.991 0.003 
2854    h2291    (0)   29 :  0.005 0.004 0.986 0.005 
2855    h2301    (0)   29 :  0.003 0.004 0.991 0.003 
2856    h2311    (0)   29 :  0.018 0.006 0.971 0.005 
2857    h2321    (0)   29 :  0.008 0.004 0.984 0.003 
2858    h2331    (0)   29 :  0.003 0.004 0.989 0.004 
2859    h2341    (0)   29 :  0.005 0.005 0.988 0.003 
2860    h2351    (0)   29 :  0.007 0.004 0.983 0.006 
2861    h2361    (0)   29 :  0.011 0.005 0.978 0.007 
2862    h2371    (0)   29 :  0.007 0.010 0.979 0.004 
2863    h2381    (0)   29 :  0.005 0.005 0.987 0.003 
2864    h2391    (0)   29 :  0.003 0.004 0.991 0.003 
2865    h2401    (0)   29 :  0.016 0.004 0.977 0.003 
2866    h2411    (0)   29 :  0.007 0.004 0.985 0.004 
2867    h2421    (0)   29 :  0.006 0.006 0.985 0.004 
2868    h2431    (0)   29 :  0.003 0.004 0.989 0.004 
2869    h2441    (0)   29 :  0.002 0.004 0.991 0.003 
2870    h2451    (0)   29 :  0.003 0.003 0.991 0.003 
2871    h2461    (0)   29 :  0.004 0.008 0.983 0.005 
2872    h2471    (0)   29 :  0.011 0.013 0.972 0.004 
2873    h2481    (0)   29 :  0.005 0.005 0.988 0.003 
2874    h2491    (0)   29 :  0.003 0.004 0.990 0.003 
2875    h2501    (0)   29 :  0.002 0.003 0.992 0.003 
2876    h2511    (0)   29 :  0.056 0.015 0.923 0.006 
2877    h2521    (0)   29 :  0.003 0.004 0.989 0.003 
2878    h2531    (0)   29 :  0.003 0.005 0.987 0.005 
2879    h2541    (0)   29 :  0.003 0.005 0.986 0.007 
2880    h2551    (0)   29 :  0.003 0.004 0.989 0.004 
2881    h2561    (0)   29 :  0.008 0.012 0.973 0.007 
2882    h2571    (0)   29 :  0.013 0.005 0.979 0.004 
2883    h2581    (0)   29 :  0.003 0.003 0.991 0.003 
2884    h2591    (0)   29 :  0.003 0.005 0.990 0.003 
2885    h2601    (0)   29 :  0.023 0.024 0.938 0.015 
2886    h2611    (0)   29 :  0.006 0.009 0.981 0.004 
2887    h2621    (0)   29 :  0.003 0.006 0.988 0.003 
2888    h2631    (0)   29 :  0.002 0.004 0.991 0.003 
2889    h2641    (0)   29 :  0.010 0.003 0.983 0.004 
2890    h2651    (0)   29 :  0.003 0.003 0.991 0.003 
2891    h2661    (0)   29 :  0.007 0.004 0.984 0.004 
2892    h2671    (0)   29 :  0.003 0.004 0.990 0.003 
2893    h2681    (0)   29 :  0.006 0.009 0.982 0.004 
2894    h2691    (0)   29 :  0.003 0.004 0.990 0.003 
2895    h2701    (0)   29 :  0.003 0.004 0.988 0.004 
2896    h2711    (0)   29 :  0.003 0.004 0.990 0.003 
2897    h2721    (0)   29 :  0.008 0.006 0.982 0.004 
2898    h2731    (0)   29 :  0.003 0.004 0.987 0.006 
2899    h2741    (0)   29 :  0.003 0.004 0.991 0.002 
2900    h2751    (0)   29 :  0.003 0.004 0.990 0.003 
2901    h2761    (0)   29 :  0.004 0.004 0.989 0.002 
2902    h2771    (0)   29 :  0.004 0.004 0.989 0.003 
2903    h2781    (0)   29 :  0.004 0.005 0.986 0.004 
2904    h2791    (0)   29 :  0.004 0.004 0.989 0.003 
2905    h2801    (0)   29 :  0.004 0.005 0.987 0.004 
2906    h2811    (0)   29 :  0.007 0.005 0.982 0.005 
2907    h2821    (0)   29 :  0.004 0.005 0.987 0.003 
2908    h2831    (0)   29 :  0.005 0.005 0.985 0.004 
2909    h2841    (0)   29 :  0.003 0.003 0.991 0.003 
2910    h2851    (0)   29 :  0.003 0.003 0.991 0.003 
2911    h2861    (0)   29 :  0.010 0.012 0.974 0.004 
2912    h2871    (0)   29 :  0.003 0.006 0.988 0.003 
2913    h2881    (0)   29 :  0.003 0.004 0.990 0.003 
2914    h2891    (0)   29 :  0.004 0.005 0.988 0.003 
2915    h2901    (0)   29 :  0.005 0.007 0.985 0.003 
2916    h2911    (0)   29 :  0.005 0.004 0.988 0.003 
2917    h2921    (0)   29 :  0.003 0.004 0.989 0.003 
2918    h2931    (0)   29 :  0.006 0.005 0.985 0.004 
2919    h2941    (0)   29 :  0.006 0.004 0.986 0.004 
2920    h2951    (0)   29 :  0.012 0.008 0.976 0.004 
2921    h2961    (0)   29 :  0.022 0.009 0.964 0.005 
2922    h2971    (0)   29 :  0.003 0.004 0.991 0.002 
2923    h2981    (0)   29 :  0.007 0.005 0.984 0.004 
2924    h2991    (0)   29 :  0.003 0.005 0.988 0.004 
2925    h3001    (0)   29 :  0.003 0.004 0.991 0.003 
2926  EF.15EU    (5)   30 :  0.989 0.003 0.005 0.003 
2927  EF.15EE    (0)   30 :  0.989 0.004 0.004 0.003 
2928  EF.15EF    (0)   30 :  0.982 0.008 0.007 0.004 
2929  EF.15EH    (0)   30 :  0.991 0.004 0.003 0.003 
2930  EF.15EJ    (5)   30 :  0.974 0.016 0.004 0.006 
2931  EF.15EK    (0)   30 :  0.991 0.003 0.003 0.003 
2932  EF.15EL    (0)   30 :  0.987 0.003 0.004 0.006 
2933  EF.15EM    (0)   30 :  0.987 0.006 0.003 0.004 
2934  EF.15EP    (0)   30 :  0.988 0.004 0.004 0.004 
2935  EF.15ET    (0)   30 :  0.988 0.003 0.003 0.005 
2936  EF.15EX    (0)   30 :  0.991 0.003 0.003 0.003 
2937  EF.15F0    (0)   30 :  0.990 0.004 0.003 0.003 
2938  EF.15F1    (5)   30 :  0.985 0.006 0.004 0.005 
2939  EF.15F2    (0)   30 :  0.990 0.003 0.004 0.003 
2940  EF.15F3    (0)   30 :  0.989 0.004 0.003 0.004 
2941  EF.15F4    (0)   30 :  0.992 0.003 0.003 0.002 
2942  EF.15F5    (0)   30 :  0.987 0.006 0.003 0.004 
2943  EF.15F6    (0)   30 :  0.989 0.004 0.004 0.003 
2944  EF.15FC    (0)   30 :  0.982 0.006 0.009 0.004 
2945  EF.15FE    (0)   30 :  0.964 0.023 0.008 0.005 
2946  EF.15FF    (0)   30 :  0.989 0.004 0.003 0.004 
2947  EF.15FH    (0)   30 :  0.990 0.004 0.004 0.003 
2948  EF.15FJ    (0)   30 :  0.970 0.013 0.013 0.004 
2949  EF.15FK    (0)   30 :  0.975 0.008 0.006 0.011 
2950  EF.15FL    (0)   30 :  0.990 0.003 0.004 0.003 
2951  EF.15FM    (0)   30 :  0.973 0.010 0.013 0.004 
2952  EF.15FP    (0)   30 :  0.990 0.004 0.003 0.003 
2953    h0011    (0)   31 :  0.989 0.004 0.004 0.003 
2954    h0021    (0)   31 :  0.988 0.004 0.004 0.003 
2955    h0031    (0)   31 :  0.976 0.012 0.009 0.004 
2956    h0041    (0)   31 :  0.987 0.006 0.004 0.003 
2957    h0051    (0)   31 :  0.991 0.002 0.003 0.003 
2958    h0061    (0)   31 :  0.987 0.005 0.004 0.003 
2959    h0071    (0)   31 :  0.989 0.005 0.002 0.004 
2960    h0081    (0)   31 :  0.990 0.004 0.003 0.003 
2961    h0091    (0)   31 :  0.990 0.004 0.003 0.003 
2962    h0101    (0)   31 :  0.989 0.004 0.004 0.004 
2963    h0111    (0)   31 :  0.986 0.004 0.006 0.004 
2964    h0121    (0)   31 :  0.986 0.005 0.004 0.006 
2965    h0131    (0)   31 :  0.986 0.006 0.005 0.003 
2966    h0141    (0)   31 :  0.982 0.006 0.007 0.004 
2967    h0151    (0)   31 :  0.986 0.005 0.004 0.006 
2968    h0161    (0)   31 :  0.983 0.006 0.007 0.003 
2969    h0171    (0)   31 :  0.984 0.007 0.004 0.005 
2970    h0181    (0)   31 :  0.977 0.006 0.011 0.007 
2971    h0191    (0)   31 :  0.991 0.003 0.003 0.003 
2972    h0201    (0)   31 :  0.922 0.011 0.060 0.006 
2973    h0211    (0)   31 :  0.987 0.004 0.005 0.004 
2974    h0221    (0)   31 :  0.986 0.007 0.004 0.004 
2975    h0231    (0)   31 :  0.989 0.003 0.003 0.005 
2976    h0241    (0)   31 :  0.987 0.006 0.003 0.004 
2977    h0251    (0)   31 :  0.985 0.006 0.006 0.003 
2978    h0261    (0)   31 :  0.985 0.004 0.007 0.005 
2979    h0271    (0)   31 :  0.980 0.008 0.006 0.005 
2980    h0281    (0)   31 :  0.987 0.005 0.003 0.005 
2981    h0291    (0)   31 :  0.988 0.006 0.004 0.003 
2982    h0301    (0)   31 :  0.982 0.006 0.008 0.004 
2983    h0311    (0)   31 :  0.991 0.003 0.003 0.003 
2984    h0321    (0)   31 :  0.988 0.005 0.004 0.003 
2985    h0331    (0)   31 :  0.985 0.006 0.004 0.004 
2986    h0341    (0)   31 :  0.987 0.004 0.006 0.003 
2987    h0351    (0)   31 :  0.980 0.007 0.009 0.004 
2988    h0361    (0)   31 :  0.989 0.005 0.004 0.003 
2989    h0371    (0)   31 :  0.989 0.004 0.003 0.004 
2990    h0381    (0)   31 :  0.987 0.004 0.003 0.006 
2991    h0391    (0)   31 :  0.988 0.004 0.003 0.004 
2992    h0401    (0)   31 :  0.980 0.011 0.003 0.006 
2993    h0411    (0)   31 :  0.988 0.004 0.005 0.003 
2994    h0421    (0)   31 :  0.981 0.005 0.009 0.004 
2995    h0431    (0)   31 :  0.986 0.005 0.004 0.006 
2996    h0441    (0)   31 :  0.985 0.005 0.006 0.003 
2997    h0451    (0)   31 :  0.990 0.004 0.003 0.004 
2998    h0461    (0)   31 :  0.988 0.005 0.005 0.003 
2999    h0471    (0)   31 :  0.986 0.005 0.006 0.004 
3000    h0481    (0)   31 :  0.989 0.004 0.003 0.004 
3001    h0491    (0)   31 :  0.982 0.004 0.006 0.008 
3002    h0501    (0)   31 :  0.991 0.003 0.002 0.003 
3003    h0511    (0)   31 :  0.987 0.007 0.003 0.003 
3004    h0521    (0)   31 :  0.982 0.007 0.005 0.006 
3005    h0531    (0)   31 :  0.991 0.003 0.003 0.003 
3006    h0541    (0)   31 :  0.985 0.005 0.005 0.005 
3007    h0551    (0)   31 :  0.991 0.004 0.003 0.003 
3008    h0561    (0)   31 :  0.988 0.004 0.004 0.003 
3009    h0571    (0)   31 :  0.968 0.022 0.006 0.004 
3010    h0581    (0)   31 :  0.987 0.004 0.003 0.007 
3011    h0591    (0)   31 :  0.988 0.004 0.004 0.004 
3012    h0601    (0)   31 :  0.985 0.005 0.006 0.004 
3013    h0611    (0)   31 :  0.986 0.004 0.006 0.004 
3014    h0621    (0)   31 :  0.988 0.003 0.005 0.004 
3015    h0631    (0)   31 :  0.988 0.004 0.003 0.004 
3016    h0641    (0)   31 :  0.987 0.004 0.005 0.003 
3017    h0651    (0)   31 :  0.988 0.005 0.004 0.003 
3018    h0661    (0)   31 :  0.982 0.005 0.010 0.004 
3019    h0671    (0)   31 :  0.987 0.005 0.005 0.003 
3020    h0681    (0)   31 :  0.980 0.006 0.011 0.004 
3021    h0691    (0)   31 :  0.987 0.005 0.005 0.004 
3022    h0701    (0)   31 :  0.985 0.004 0.007 0.004 
3023    h0711    (0)   31 :  0.984 0.007 0.005 0.005 
3024    h0721    (0)   31 :  0.988 0.005 0.003 0.004 
3025    h0731    (0)   31 :  0.990 0.004 0.003 0.003 
3026    h0741    (0)   31 :  0.986 0.005 0.004 0.004 
3027    h0751    (0)   31 :  0.990 0.003 0.003 0.003 
3028    h0761    (0)   31 :  0.979 0.007 0.007 0.008 
3029    h0771    (0)   31 :  0.992 0.003 0.003 0.003 
3030    h0781    (0)   31 :  0.989 0.004 0.003 0.004 
3031    h0791    (0)   31 :  0.988 0.004 0.003 0.005 
3032    h0801    (0)   31 :  0.977 0.009 0.009 0.005 
3033    h0811    (0)   31 :  0.967 0.010 0.019 0.004 
3034    h0821    (0)   31 :  0.990 0.004 0.003 0.003 
3035    h0831    (0)   31 :  0.988 0.004 0.005 0.003 
3036    h0841    (0)   31 :  0.986 0.005 0.005 0.004 
3037    h0851    (0)   31 :  0.991 0.003 0.003 0.003 
3038    h0861    (0)   31 :  0.988 0.006 0.003 0.004 
3039    h0871    (0)   31 :  0.989 0.004 0.003 0.004 
3040    h0881    (0)   31 :  0.980 0.007 0.009 0.005 
3041    h0891    (0)   31 :  0.984 0.006 0.006 0.004 
3042    h0901    (0)   31 :  0.988 0.005 0.004 0.004 
3043    h0911    (0)   31 :  0.990 0.005 0.003 0.003 
3044    h0921    (0)   31 :  0.980 0.007 0.010 0.003 
3045    h0931    (0)   31 :  0.978 0.006 0.011 0.004 
3046    h0941    (0)   31 :  0.983 0.006 0.007 0.004 
3047    h0951    (0)   31 :  0.987 0.005 0.004 0.003 
3048    h0961    (0)   31 :  0.991 0.003 0.003 0.003 
3049    h0971    (0)   31 :  0.991 0.004 0.003 0.003 
3050    h0981    (0)   31 :  0.985 0.008 0.003 0.004 
3051    h0991    (0)   31 :  0.991 0.004 0.003 0.003 
3052    h1001    (0)   31 :  0.990 0.003 0.003 0.003 
3053    h1011    (0)   31 :  0.976 0.012 0.005 0.006 
3054    h1021    (0)   31 :  0.988 0.004 0.004 0.004 
3055    h1031    (0)   31 :  0.990 0.004 0.003 0.003 
3056    h1041    (0)   31 :  0.992 0.003 0.002 0.003 
3057    h1051    (0)   31 :  0.991 0.004 0.003 0.003 
3058    h1061    (0)   31 :  0.982 0.005 0.007 0.006 
3059    h1071    (0)   31 :  0.985 0.004 0.006 0.006 
3060    h1081    (0)   31 :  0.987 0.006 0.004 0.004 
3061    h1091    (0)   31 :  0.982 0.005 0.005 0.007 
3062    h1101    (0)   31 :  0.989 0.003 0.004 0.004 
3063    h1111    (0)   31 :  0.985 0.005 0.005 0.005 
3064    h1121    (0)   31 :  0.992 0.003 0.003 0.003 
3065    h1131    (0)   31 :  0.990 0.004 0.003 0.003 
3066    h1141    (0)   31 :  0.990 0.004 0.002 0.003 
3067    h1151    (0)   31 :  0.980 0.011 0.006 0.003 
3068    h1161    (0)   31 :  0.990 0.004 0.003 0.003 
3069    h1171    (0)   31 :  0.987 0.005 0.005 0.004 
3070    h1181    (0)   31 :  0.988 0.004 0.004 0.004 
3071    h1191    (0)   31 :  0.991 0.004 0.003 0.003 
3072    h1201    (0)   31 :  0.991 0.003 0.004 0.003 
3073    h1211    (0)   31 :  0.988 0.004 0.005 0.003 
3074    h1221    (0)   31 :  0.987 0.006 0.003 0.004 
3075    h1231    (0)   31 :  0.979 0.007 0.009 0.005 
3076    h1241    (0)   31 :  0.990 0.003 0.003 0.004 
3077    h1251    (0)   31 :  0.988 0.004 0.005 0.004 
3078    h1261    (0)   31 :  0.988 0.005 0.004 0.003 
3079    h1271    (0)   31 :  0.989 0.004 0.003 0.004 
3080    h1281    (0)   31 :  0.982 0.007 0.006 0.005 
3081    h1291    (0)   31 :  0.985 0.005 0.005 0.004 
3082    h1301    (0)   31 :  0.973 0.007 0.015 0.005 
3083    h1311    (0)   31 :  0.967 0.010 0.019 0.004 
3084    h1321    (0)   31 :  0.984 0.005 0.008 0.004 
3085    h1331    (0)   31 :  0.987 0.004 0.006 0.004 
3086    h1341    (0)   31 :  0.989 0.004 0.004 0.003 
3087    h1351    (0)   31 :  0.992 0.003 0.003 0.003 
3088    h1361    (0)   31 :  0.992 0.003 0.002 0.003 
3089    h1371    (0)   31 :  0.981 0.006 0.009 0.004 
3090    h1381    (0)   31 :  0.970 0.010 0.016 0.005 
3091    h1391    (0)   31 :  0.983 0.005 0.008 0.004 
3092    h1401    (0)   31 :  0.988 0.005 0.005 0.003 
3093    h1411    (0)   31 :  0.984 0.007 0.004 0.005 
3094    h1421    (0)   31 :  0.990 0.004 0.004 0.003 
3095    h1431    (0)   31 :  0.990 0.004 0.003 0.003 
3096    h1441    (0)   31 :  0.988 0.004 0.004 0.003 
3097    h1451    (0)   31 :  0.989 0.005 0.003 0.004 
3098    h1461    (0)   31 :  0.984 0.007 0.004 0.006 
3099    h1471    (0)   31 :  0.988 0.004 0.005 0.003 
3100    h1481    (0)   31 :  0.985 0.007 0.004 0.004 
3101    h1491    (0)   31 :  0.987 0.005 0.005 0.004 
3102    h1501    (0)   31 :  0.980 0.006 0.008 0.005 
3103    h1511    (0)   31 :  0.987 0.005 0.005 0.003 
3104    h1521    (0)   31 :  0.985 0.006 0.005 0.004 
3105    h1531    (0)   31 :  0.990 0.003 0.004 0.003 
3106    h1541    (0)   31 :  0.989 0.004 0.003 0.003 
3107    h1551    (0)   31 :  0.990 0.004 0.003 0.003 
3108    h1561    (0)   31 :  0.989 0.005 0.003 0.003 
3109    h1571    (0)   31 :  0.988 0.005 0.004 0.003 
3110    h1581    (0)   31 :  0.987 0.006 0.003 0.004 
3111    h1591    (0)   31 :  0.985 0.005 0.005 0.005 
3112    h1601    (0)   31 :  0.984 0.006 0.007 0.004 
3113    h1611    (0)   31 :  0.983 0.007 0.003 0.007 
3114    h1621    (0)   31 :  0.985 0.005 0.006 0.004 
3115    h1631    (0)   31 :  0.986 0.005 0.004 0.005 
3116    h1641    (0)   31 :  0.984 0.006 0.005 0.005 
3117    h1651    (0)   31 :  0.991 0.003 0.002 0.003 
3118    h1661    (0)   31 :  0.988 0.004 0.003 0.005 
3119    h1671    (0)   31 :  0.983 0.006 0.005 0.006 
3120    h1681    (0)   31 :  0.983 0.006 0.007 0.004 
3121    h1691    (0)   31 :  0.991 0.003 0.003 0.003 
3122    h1701    (0)   31 :  0.989 0.004 0.004 0.003 
3123    h1711    (0)   31 :  0.990 0.004 0.004 0.003 
3124    h1721    (0)   31 :  0.984 0.005 0.007 0.004 
3125    h1731    (0)   31 :  0.985 0.006 0.005 0.004 
3126    h1741    (0)   31 :  0.987 0.005 0.003 0.004 
3127    h1751    (0)   31 :  0.989 0.004 0.002 0.004 
3128    h1761    (0)   31 :  0.991 0.003 0.003 0.003 
3129    h1771    (0)   31 :  0.982 0.007 0.007 0.004 
3130    h1781    (0)   31 :  0.988 0.006 0.004 0.002 
3131    h1791    (0)   31 :  0.985 0.006 0.005 0.003 
3132    h1801    (0)   31 :  0.987 0.005 0.005 0.003 
3133    h1811    (0)   31 :  0.989 0.004 0.003 0.004 
3134    h1821    (0)   31 :  0.988 0.005 0.004 0.003 
3135    h1831    (0)   31 :  0.989 0.004 0.004 0.003 
3136    h1841    (0)   31 :  0.988 0.003 0.005 0.004 
3137    h1851    (0)   31 :  0.988 0.005 0.005 0.003 
3138    h1861    (0)   31 :  0.989 0.004 0.003 0.004 
3139    h1871    (0)   31 :  0.990 0.003 0.004 0.003 
3140    h1881    (0)   31 :  0.971 0.012 0.012 0.004 
3141    h1891    (0)   31 :  0.990 0.004 0.003 0.003 
3142    h1901    (0)   31 :  0.989 0.004 0.003 0.004 
3143    h1911    (0)   31 :  0.992 0.003 0.002 0.003 
3144    h1921    (0)   31 :  0.983 0.007 0.004 0.005 
3145    h1931    (0)   31 :  0.990 0.003 0.003 0.003 
3146    h1941    (0)   31 :  0.989 0.004 0.003 0.004 
3147    h1951    (0)   31 :  0.989 0.005 0.003 0.003 
3148    h1961    (0)   31 :  0.988 0.004 0.004 0.004 
3149    h1971    (0)   31 :  0.989 0.003 0.004 0.004 
3150    h1981    (0)   31 :  0.983 0.005 0.008 0.004 
3151    h1991    (0)   31 :  0.986 0.005 0.005 0.004 
3152    h2001    (0)   31 :  0.977 0.009 0.010 0.004 
3153     h201    (0)   31 :  0.988 0.005 0.004 0.003 
3154     h202    (0)   31 :  0.987 0.004 0.004 0.005 
3155     h203    (0)   31 :  0.976 0.010 0.007 0.006 
3156     h204    (0)   31 :  0.988 0.004 0.005 0.004 
3157     h205    (0)   31 :  0.988 0.004 0.004 0.003 
3158     h206    (0)   31 :  0.987 0.005 0.004 0.004 
3159     h207    (0)   31 :  0.989 0.004 0.004 0.003 
3160     h208    (0)   31 :  0.989 0.005 0.003 0.003 
3161     h209    (0)   31 :  0.983 0.006 0.005 0.005 
3162     h210    (0)   31 :  0.990 0.003 0.004 0.003 
3163     h211    (0)   31 :  0.984 0.009 0.004 0.003 
3164     h212    (0)   31 :  0.989 0.005 0.003 0.004 
3165     h213    (0)   31 :  0.989 0.004 0.003 0.004 
3166     h214    (0)   31 :  0.984 0.005 0.005 0.006 
3167     h215    (0)   31 :  0.982 0.008 0.005 0.004 
3168     h216    (0)   31 :  0.990 0.003 0.004 0.003 
3169     h217    (0)   31 :  0.987 0.004 0.003 0.006 
3170     h218    (0)   31 :  0.990 0.003 0.003 0.003 
3171     h219    (0)   31 :  0.986 0.008 0.004 0.003 
3172     h220    (0)   31 :  0.990 0.004 0.003 0.003 
3173     h221    (0)   31 :  0.989 0.005 0.003 0.003 
3174     h222    (0)   31 :  0.990 0.004 0.003 0.003 
3175     h223    (0)   31 :  0.990 0.003 0.003 0.003 
3176     h224    (0)   31 :  0.984 0.006 0.006 0.004 
3177     h225    (0)   31 :  0.984 0.006 0.006 0.005 
3178     h226    (0)   31 :  0.986 0.006 0.004 0.004 
3179     h227    (0)   31 :  0.988 0.005 0.003 0.004 
3180     h228    (0)   31 :  0.990 0.004 0.003 0.003 
3181     h229    (0)   31 :  0.987 0.004 0.003 0.005 
3182     h230    (0)   31 :  0.987 0.005 0.004 0.004 
3183     h231    (0)   31 :  0.991 0.004 0.003 0.003 
3184     h232    (0)   31 :  0.990 0.003 0.003 0.003 
3185     h233    (0)   31 :  0.992 0.003 0.003 0.003 
3186     h234    (0)   31 :  0.989 0.004 0.003 0.004 
3187     h235    (0)   31 :  0.985 0.006 0.005 0.004 
3188     h236    (0)   31 :  0.987 0.004 0.005 0.004 
3189     h237    (0)   31 :  0.986 0.005 0.004 0.004 
3190     h238    (0)   31 :  0.986 0.005 0.005 0.004 
3191     h239    (0)   31 :  0.985 0.005 0.005 0.004 
3192     h240    (0)   31 :  0.982 0.008 0.006 0.005 
3193     h241    (0)   31 :  0.989 0.004 0.004 0.004 
3194     h242    (0)   31 :  0.987 0.004 0.004 0.005 
3195     h243    (0)   31 :  0.987 0.006 0.003 0.004 
3196     h244    (0)   31 :  0.988 0.004 0.005 0.003 
3197     h245    (0)   31 :  0.988 0.005 0.004 0.003 
3198     h246    (0)   31 :  0.990 0.004 0.003 0.004 
3199     h247    (0)   31 :  0.986 0.006 0.005 0.004 
3200     h248    (0)   31 :  0.988 0.005 0.004 0.004 
3201     h249    (0)   31 :  0.986 0.005 0.004 0.005 
3202     h250    (0)   31 :  0.989 0.005 0.003 0.003 
3203     h251    (0)   31 :  0.986 0.004 0.004 0.006 
3204     h252    (0)   31 :  0.988 0.005 0.003 0.004 
3205     h253    (0)   31 :  0.986 0.007 0.003 0.004 
3206     h254    (0)   31 :  0.991 0.003 0.002 0.004 
3207     h255    (0)   31 :  0.984 0.008 0.005 0.003 
3208     h256    (0)   31 :  0.990 0.004 0.003 0.003 
3209     h257    (0)   31 :  0.975 0.007 0.011 0.007 
3210     h258    (0)   31 :  0.971 0.011 0.011 0.006 
3211     h259    (0)   31 :  0.986 0.004 0.005 0.005 
3212     h260    (0)   31 :  0.987 0.004 0.006 0.004 
3213     h261    (0)   31 :  0.987 0.004 0.004 0.005 
3214     h262    (0)   31 :  0.988 0.005 0.004 0.003 
3215     h263    (0)   31 :  0.990 0.004 0.003 0.003 
3216     h264    (0)   31 :  0.990 0.003 0.003 0.003 
3217     h265    (0)   31 :  0.990 0.004 0.003 0.003 
3218     h266    (0)   31 :  0.988 0.004 0.005 0.003 
3219     h267    (0)   31 :  0.986 0.005 0.005 0.005 
3220     h268    (0)   31 :  0.988 0.005 0.003 0.003 
3221     h269    (0)   31 :  0.989 0.004 0.003 0.005 
3222     h270    (0)   31 :  0.991 0.003 0.003 0.003 
3223     h271    (0)   31 :  0.988 0.005 0.004 0.003 
3224     h272    (0)   31 :  0.989 0.005 0.004 0.003 
3225     h273    (0)   31 :  0.986 0.006 0.004 0.004 
3226     h274    (0)   31 :  0.980 0.007 0.009 0.004 
3227     h275    (0)   31 :  0.989 0.004 0.003 0.003 
3228     h276    (0)   31 :  0.986 0.006 0.003 0.005 
3229     h277    (0)   31 :  0.988 0.005 0.005 0.003 
3230     h278    (0)   31 :  0.989 0.004 0.003 0.004 
3231     h279    (0)   31 :  0.990 0.003 0.004 0.003 
3232     h280    (0)   31 :  0.984 0.005 0.006 0.005 
3233     h281    (0)   31 :  0.988 0.004 0.003 0.004 
3234     h282    (0)   31 :  0.941 0.017 0.037 0.004 
3235     h283    (0)   31 :  0.990 0.003 0.003 0.003 
3236     h284    (0)   31 :  0.981 0.005 0.010 0.004 
3237     h285    (0)   31 :  0.981 0.011 0.005 0.003 
3238     h286    (0)   31 :  0.990 0.004 0.003 0.003 
3239     h287    (0)   31 :  0.988 0.004 0.004 0.004 
3240     h288    (0)   31 :  0.979 0.010 0.006 0.005 
3241     h289    (0)   31 :  0.991 0.003 0.003 0.003 
3242     h290    (0)   31 :  0.988 0.005 0.005 0.003 
3243     h291    (0)   31 :  0.988 0.005 0.004 0.004 
3244     h292    (0)   31 :  0.983 0.003 0.010 0.004 
3245     h293    (0)   31 :  0.982 0.009 0.004 0.005 
3246     h294    (0)   31 :  0.989 0.005 0.003 0.003 
3247     h295    (0)   31 :  0.988 0.004 0.004 0.003 
3248     h296    (0)   31 :  0.971 0.011 0.014 0.004 
3249     h297    (0)   31 :  0.989 0.004 0.003 0.003 
3250     h298    (0)   31 :  0.987 0.005 0.005 0.003 
3251     h299    (0)   31 :  0.984 0.006 0.003 0.007 
3252     h300    (0)   31 :  0.988 0.004 0.003 0.004 
3253   CC00K0    (0)   32 :  0.009 0.983 0.003 0.004 
3254   CC01AY    (0)   32 :  0.025 0.961 0.009 0.005 
3255   CC01EE    (0)   32 :  0.011 0.977 0.006 0.006 
3256   CC03KH    (0)   32 :  0.031 0.960 0.004 0.005 
3257   CC04FK    (0)   32 :  0.008 0.979 0.007 0.007 
3258   CC04H8    (0)   32 :  0.055 0.912 0.027 0.006 
3259   CC05EL    (0)   32 :  0.028 0.957 0.009 0.007 
3260   CC05EM    (0)   32 :  0.006 0.986 0.005 0.003 
3261   CC05EX    (0)   32 :  0.007 0.985 0.004 0.004 
3262   CC05H2    (0)   32 :  0.012 0.962 0.023 0.003 
3263   CC05HP    (0)   32 :  0.010 0.981 0.006 0.003 
3264   CC05X0    (0)   32 :  0.014 0.977 0.004 0.005 
3265   CC05X7    (0)   32 :  0.007 0.982 0.008 0.004 
3266   CC0637    (0)   32 :  0.029 0.958 0.009 0.004 
3267   CC0640    (0)   32 :  0.016 0.973 0.005 0.006 
3268   FCC01M    (0)   32 :  0.029 0.946 0.020 0.004 
3269   FCC2JC    (0)   32 :  0.189 0.788 0.005 0.018 
3270   CC00JM    (0)   32 :  0.021 0.953 0.009 0.016 
3271   CC00T6    (0)   32 :  0.015 0.931 0.045 0.009 
3272   CC00T7    (0)   32 :  0.023 0.969 0.004 0.004 
3273   CC00TC    (0)   32 :  0.029 0.922 0.039 0.009 
3274   CC01CJ    (0)   32 :  0.024 0.930 0.040 0.006 
3275   CC01CY    (5)   32 :  0.019 0.962 0.014 0.005 
3276   CC01EC    (0)   32 :  0.033 0.957 0.004 0.006 
3277   CC01EH    (0)   32 :  0.133 0.828 0.028 0.011 
3278   CC01F2    (0)   32 :  0.008 0.980 0.006 0.006 
3279   CC01FL    (0)   32 :  0.018 0.921 0.056 0.005 
3280   CC025E    (0)   32 :  0.034 0.950 0.008 0.007 
3281   CC03E3    (0)   32 :  0.006 0.907 0.083 0.004 
3282   CC04AU    (0)   32 :  0.015 0.977 0.003 0.004 
3283   CC04EK    (5)   32 :  0.010 0.981 0.005 0.004 
3284   CC05FX    (0)   32 :  0.104 0.882 0.011 0.004 
3285   CC05H7    (0)   32 :  0.009 0.971 0.012 0.008 
3286   CC05M5    (0)   32 :  0.011 0.981 0.004 0.005 
3287   CC05YK    (0)   32 :  0.014 0.886 0.093 0.007 
3288   CC0630    (0)   32 :  0.009 0.981 0.005 0.005 
3289   CC066E    (5)   32 :  0.020 0.963 0.010 0.007 
3290   CC01ET    (5)   32 :  0.105 0.839 0.045 0.011 
3291   CC01F1    (5)   32 :  0.021 0.959 0.012 0.008 
3292   CC063M    (5)   32 :  0.005 0.975 0.009 0.011 
3293    h0013    (0)   33 :  0.016 0.974 0.005 0.005 
3294    h0023    (0)   33 :  0.008 0.979 0.004 0.008 
3295    h0033    (0)   33 :  0.020 0.967 0.008 0.005 
3296    h0043    (0)   33 :  0.008 0.976 0.011 0.005 
3297    h0053    (0)   33 :  0.010 0.958 0.025 0.007 
3298    h0063    (0)   33 :  0.009 0.982 0.005 0.003 
3299    h0073    (0)   33 :  0.075 0.914 0.006 0.004 
3300    h0083    (0)   33 :  0.014 0.976 0.006 0.004 
3301    h0093    (0)   33 :  0.057 0.929 0.006 0.008 
3302    h0103    (0)   33 :  0.024 0.921 0.051 0.004 
3303    h0113    (0)   33 :  0.006 0.968 0.021 0.004 
3304    h0123    (0)   33 :  0.029 0.953 0.014 0.004 
3305    h0133    (0)   33 :  0.015 0.976 0.005 0.004 
3306    h0143    (0)   33 :  0.109 0.877 0.011 0.004 
3307    h0153    (0)   33 :  0.006 0.985 0.004 0.005 
3308    h0163    (0)   33 :  0.031 0.960 0.003 0.005 
3309    h0173    (0)   33 :  0.018 0.974 0.004 0.004 
3310    h0183    (0)   33 :  0.010 0.916 0.067 0.007 
3311    h0193    (0)   33 :  0.012 0.979 0.006 0.004 
3312    h0203    (0)   33 :  0.195 0.792 0.004 0.009 
3313    h0213    (0)   33 :  0.024 0.969 0.003 0.004 
3314    h0223    (0)   33 :  0.021 0.971 0.004 0.004 
3315    h0233    (0)   33 :  0.005 0.985 0.004 0.007 
3316    h0243    (0)   33 :  0.019 0.968 0.007 0.006 
3317    h0253    (0)   33 :  0.005 0.986 0.004 0.005 
3318    h0263    (0)   33 :  0.057 0.930 0.008 0.005 
3319    h0273    (0)   33 :  0.006 0.979 0.008 0.007 
3320    h0283    (0)   33 :  0.019 0.948 0.028 0.006 
3321    h0293    (0)   33 :  0.025 0.961 0.005 0.009 
3322    h0303    (0)   33 :  0.017 0.965 0.007 0.011 
3323    h0313    (0)   33 :  0.004 0.976 0.014 0.006 
3324    h0323    (0)   33 :  0.039 0.759 0.194 0.008 
3325    h0333    (0)   33 :  0.010 0.975 0.007 0.008 
3326    h0343    (0)   33 :  0.010 0.978 0.009 0.004 
3327    h0353    (0)   33 :  0.044 0.948 0.004 0.004 
3328    h0363    (0)   33 :  0.007 0.980 0.007 0.006 
3329    h0373    (0)   33 :  0.013 0.971 0.004 0.012 
3330    h0383    (0)   33 :  0.020 0.939 0.017 0.024 
3331    h0393    (0)   33 :  0.033 0.948 0.014 0.005 
3332    h0403    (0)   33 :  0.056 0.902 0.037 0.005 
3333    h0413    (0)   33 :  0.045 0.940 0.011 0.005 
3334    h0423    (0)   33 :  0.027 0.965 0.003 0.005 
3335    h0433    (0)   33 :  0.010 0.976 0.010 0.005 
3336    h0443    (0)   33 :  0.121 0.864 0.012 0.004 
3337    h0453    (0)   33 :  0.013 0.968 0.006 0.012 
3338    h0463    (0)   33 :  0.013 0.978 0.004 0.004 
3339    h0473    (0)   33 :  0.017 0.967 0.011 0.005 
3340    h0483    (0)   33 :  0.017 0.968 0.006 0.009 
3341    h0493    (0)   33 :  0.004 0.987 0.005 0.004 
3342    h0503    (0)   33 :  0.011 0.975 0.007 0.007 
3343    h0513    (0)   33 :  0.008 0.979 0.006 0.007 
3344    h0523    (0)   33 :  0.029 0.959 0.008 0.004 
3345    h0533    (0)   33 :  0.021 0.969 0.005 0.005 
3346    h0543    (0)   33 :  0.008 0.979 0.005 0.007 
3347    h0553    (0)   33 :  0.006 0.982 0.006 0.005 
3348    h0563    (0)   33 :  0.050 0.873 0.048 0.029 
3349    h0573    (0)   33 :  0.064 0.816 0.115 0.006 
3350    h0583    (0)   33 :  0.112 0.863 0.012 0.012 
3351    h0593    (0)   33 :  0.006 0.975 0.015 0.004 
3352    h0603    (0)   33 :  0.042 0.947 0.007 0.005 
3353    h0613    (0)   33 :  0.006 0.981 0.007 0.006 
3354    h0623    (0)   33 :  0.006 0.983 0.006 0.005 
3355    h0633    (0)   33 :  0.015 0.970 0.008 0.008 
3356    h0643    (0)   33 :  0.020 0.951 0.024 0.006 
3357    h0653    (0)   33 :  0.046 0.929 0.018 0.007 
3358    h0663    (0)   33 :  0.009 0.979 0.009 0.003 
3359    h0673    (0)   33 :  0.019 0.946 0.021 0.013 
3360    h0683    (0)   33 :  0.010 0.978 0.005 0.007 
3361    h0693    (0)   33 :  0.006 0.979 0.011 0.004 
3362    h0703    (0)   33 :  0.054 0.928 0.014 0.004 
3363    h0713    (0)   33 :  0.009 0.945 0.039 0.007 
3364    h0723    (0)   33 :  0.008 0.978 0.009 0.005 
3365    h0733    (0)   33 :  0.004 0.984 0.008 0.004 
3366    h0743    (0)   33 :  0.010 0.960 0.019 0.011 
3367    h0753    (0)   33 :  0.046 0.940 0.010 0.004 
3368    h0763    (0)   33 :  0.141 0.851 0.004 0.003 
3369    h0773    (0)   33 :  0.016 0.974 0.005 0.005 
3370    h0783    (0)   33 :  0.012 0.979 0.005 0.004 
3371    h0793    (0)   33 :  0.010 0.960 0.019 0.011 
3372    h0803    (0)   33 :  0.029 0.959 0.005 0.007 
3373    h0813    (0)   33 :  0.005 0.982 0.007 0.006 
3374    h0823    (0)   33 :  0.009 0.977 0.005 0.009 
3375    h0833    (0)   33 :  0.007 0.974 0.015 0.004 
3376    h0843    (0)   33 :  0.027 0.928 0.009 0.035 
3377    h0853    (0)   33 :  0.010 0.980 0.006 0.004 
3378    h0863    (0)   33 :  0.029 0.908 0.058 0.006 
3379    h0873    (0)   33 :  0.009 0.984 0.004 0.003 
3380    h0883    (0)   33 :  0.004 0.988 0.005 0.003 
3381    h0893    (0)   33 :  0.421 0.558 0.016 0.005 
3382    h0903    (0)   33 :  0.010 0.959 0.021 0.010 
3383    h0913    (0)   33 :  0.007 0.974 0.014 0.005 
3384    h0923    (0)   33 :  0.030 0.957 0.005 0.008 
3385    h0933    (0)   33 :  0.012 0.974 0.009 0.005 
3386    h0943    (0)   33 :  0.009 0.972 0.007 0.012 
3387    h0953    (0)   33 :  0.008 0.979 0.004 0.009 
3388    h0963    (0)   33 :  0.006 0.978 0.013 0.003 
3389    h0973    (0)   33 :  0.008 0.971 0.016 0.004 
3390    h0983    (0)   33 :  0.013 0.979 0.004 0.004 
3391    h0993    (0)   33 :  0.010 0.977 0.004 0.009 
3392    h1003    (0)   33 :  0.013 0.928 0.044 0.015 
3393    h1013    (0)   33 :  0.005 0.975 0.012 0.007 
3394    h1023    (0)   33 :  0.021 0.967 0.007 0.005 
3395    h1033    (0)   33 :  0.019 0.965 0.013 0.003 
3396    h1043    (0)   33 :  0.028 0.963 0.004 0.005 
3397    h1053    (0)   33 :  0.082 0.910 0.004 0.004 
3398    h1063    (0)   33 :  0.012 0.978 0.006 0.004 
3399    h1073    (0)   33 :  0.032 0.924 0.038 0.006 
3400    h1083    (0)   33 :  0.034 0.944 0.015 0.007 
3401    h1093    (0)   33 :  0.010 0.978 0.008 0.005 
3402    h1103    (0)   33 :  0.045 0.943 0.008 0.005 
3403    h1113    (0)   33 :  0.012 0.975 0.004 0.009 
3404    h1123    (0)   33 :  0.006 0.985 0.004 0.005 
3405    h1133    (0)   33 :  0.029 0.943 0.021 0.007 
3406    h1143    (0)   33 :  0.283 0.708 0.005 0.004 
3407    h1153    (0)   33 :  0.007 0.977 0.009 0.007 
3408    h1163    (0)   33 :  0.082 0.761 0.153 0.004 
3409    h1173    (0)   33 :  0.019 0.967 0.007 0.007 
3410    h1183    (0)   33 :  0.007 0.980 0.008 0.004 
3411    h1193    (0)   33 :  0.008 0.978 0.008 0.006 
3412    h1203    (0)   33 :  0.046 0.937 0.010 0.008 
3413    h1213    (0)   33 :  0.023 0.953 0.017 0.007 
3414    h1223    (0)   33 :  0.051 0.940 0.004 0.004 
3415    h1233    (0)   33 :  0.007 0.978 0.009 0.005 
3416    h1243    (0)   33 :  0.012 0.959 0.024 0.005 
3417    h1253    (0)   33 :  0.041 0.944 0.008 0.007 
3418    h1263    (0)   33 :  0.011 0.980 0.005 0.004 
3419    h1273    (0)   33 :  0.014 0.846 0.132 0.009 
3420    h1283    (0)   33 :  0.005 0.984 0.006 0.004 
3421    h1293    (0)   33 :  0.008 0.979 0.007 0.005 
3422    h1303    (0)   33 :  0.024 0.967 0.005 0.004 
3423    h1313    (0)   33 :  0.107 0.853 0.033 0.007 
3424    h1323    (0)   33 :  0.015 0.971 0.007 0.007 
3425    h1333    (0)   33 :  0.072 0.910 0.013 0.005 
3426    h1343    (0)   33 :  0.032 0.962 0.004 0.003 
3427    h1353    (0)   33 :  0.023 0.967 0.005 0.004 
3428    h1363    (0)   33 :  0.013 0.974 0.008 0.005 
3429    h1373    (0)   33 :  0.026 0.954 0.015 0.004 
3430    h1383    (0)   33 :  0.006 0.986 0.004 0.004 
3431    h1393    (0)   33 :  0.032 0.958 0.005 0.006 
3432    h1403    (0)   33 :  0.011 0.981 0.004 0.004 
3433    h1413    (0)   33 :  0.008 0.974 0.010 0.007 
3434    h1423    (0)   33 :  0.010 0.910 0.073 0.007 
3435    h1433    (0)   33 :  0.010 0.981 0.006 0.003 
3436    h1443    (0)   33 :  0.014 0.977 0.004 0.005 
3437    h1453    (0)   33 :  0.113 0.870 0.012 0.004 
3438    h1463    (0)   33 :  0.006 0.978 0.009 0.006 
3439    h1473    (0)   33 :  0.039 0.950 0.007 0.004 
3440    h1483    (0)   33 :  0.017 0.972 0.005 0.006 
3441    h1493    (0)   33 :  0.019 0.967 0.009 0.006 
3442    h1503    (0)   33 :  0.025 0.965 0.003 0.007 
3443    h1513    (0)   33 :  0.015 0.969 0.013 0.003 
3444    h1523    (0)   33 :  0.188 0.802 0.004 0.006 
3445    h1533    (0)   33 :  0.090 0.904 0.004 0.003 
3446    h1543    (0)   33 :  0.011 0.979 0.005 0.005 
3447    h1553    (0)   33 :  0.006 0.981 0.008 0.006 
3448    h1563    (0)   33 :  0.004 0.986 0.004 0.005 
3449    h1573    (0)   33 :  0.008 0.983 0.004 0.004 
3450    h1583    (0)   33 :  0.007 0.982 0.007 0.004 
3451    h1593    (0)   33 :  0.047 0.946 0.003 0.003 
3452    h1603    (0)   33 :  0.030 0.958 0.009 0.004 
3453    h1613    (0)   33 :  0.011 0.974 0.010 0.005 
3454    h1623    (0)   33 :  0.005 0.979 0.013 0.004 
3455    h1633    (0)   33 :  0.039 0.949 0.008 0.004 
3456    h1643    (0)   33 :  0.007 0.916 0.070 0.007 
3457    h1653    (0)   33 :  0.015 0.975 0.007 0.003 
3458    h1663    (0)   33 :  0.010 0.915 0.070 0.004 
3459    h1673    (0)   33 :  0.021 0.971 0.004 0.005 
3460    h1683    (0)   33 :  0.008 0.978 0.006 0.007 
3461    h1693    (0)   33 :  0.052 0.920 0.023 0.005 
3462    h1703    (0)   33 :  0.049 0.941 0.005 0.005 
3463    h1713    (0)   33 :  0.013 0.963 0.014 0.009 
3464    h1723    (0)   33 :  0.007 0.982 0.006 0.005 
3465    h1733    (0)   33 :  0.016 0.962 0.010 0.012 
3466    h1743    (0)   33 :  0.028 0.958 0.009 0.005 
3467    h1753    (0)   33 :  0.008 0.981 0.005 0.005 
3468    h1763    (0)   33 :  0.011 0.974 0.009 0.006 
3469    h1773    (0)   33 :  0.052 0.909 0.011 0.027 
3470    h1783    (0)   33 :  0.039 0.935 0.018 0.008 
3471    h1793    (0)   33 :  0.006 0.963 0.027 0.004 
3472    h1803    (0)   33 :  0.014 0.958 0.014 0.014 
3473    h1813    (0)   33 :  0.018 0.944 0.030 0.009 
3474    h1823    (0)   33 :  0.010 0.977 0.010 0.003 
3475    h1833    (0)   33 :  0.008 0.979 0.008 0.005 
3476    h1843    (0)   33 :  0.018 0.972 0.003 0.006 
3477    h1853    (0)   33 :  0.089 0.888 0.008 0.015 
3478    h1863    (0)   33 :  0.010 0.981 0.004 0.005 
3479    h1873    (0)   33 :  0.010 0.974 0.011 0.005 
3480    h1883    (0)   33 :  0.036 0.954 0.005 0.006 
3481    h1893    (0)   33 :  0.011 0.953 0.030 0.005 
3482    h1903    (0)   33 :  0.031 0.945 0.006 0.018 
3483    h1913    (0)   33 :  0.006 0.978 0.011 0.005 
3484    h1923    (0)   33 :  0.009 0.982 0.004 0.004 
3485    h1933    (0)   33 :  0.013 0.975 0.006 0.005 
3486    h1943    (0)   33 :  0.009 0.984 0.003 0.004 
3487    h1953    (0)   33 :  0.005 0.981 0.009 0.005 
3488    h1963    (0)   33 :  0.011 0.967 0.019 0.004 
3489    h1973    (0)   33 :  0.049 0.943 0.004 0.004 
3490    h1983    (0)   33 :  0.018 0.970 0.007 0.006 
3491    h1993    (0)   33 :  0.010 0.980 0.005 0.005 
3492    h2003    (0)   33 :  0.011 0.977 0.008 0.005 
3493    h2012    (0)   33 :  0.015 0.975 0.005 0.005 
3494    h2022    (0)   33 :  0.008 0.968 0.018 0.005 
3495    h2032    (0)   33 :  0.016 0.937 0.039 0.007 
3496    h2042    (0)   33 :  0.020 0.967 0.006 0.007 
3497    h2052    (0)   33 :  0.005 0.987 0.005 0.003 
3498    h2062    (0)   33 :  0.131 0.853 0.010 0.006 
3499    h2072    (0)   33 :  0.058 0.927 0.010 0.005 
3500    h2082    (0)   33 :  0.027 0.955 0.005 0.013 
3501    h2092    (0)   33 :  0.018 0.955 0.022 0.005 
3502    h2102    (0)   33 :  0.012 0.976 0.007 0.006 
3503    h2112    (0)   33 :  0.009 0.970 0.011 0.010 
3504    h2122    (0)   33 :  0.013 0.970 0.007 0.010 
3505    h2132    (0)   33 :  0.014 0.974 0.007 0.005 
3506    h2142    (0)   33 :  0.007 0.984 0.005 0.003 
3507    h2152    (0)   33 :  0.013 0.974 0.011 0.003 
3508    h2162    (0)   33 :  0.015 0.973 0.007 0.005 
3509    h2172    (0)   33 :  0.083 0.878 0.034 0.005 
3510    h2182    (0)   33 :  0.130 0.859 0.006 0.005 
3511    h2192    (0)   33 :  0.011 0.982 0.004 0.003 
3512    h2202    (0)   33 :  0.008 0.983 0.006 0.003 
3513    h2212    (0)   33 :  0.022 0.959 0.007 0.012 
3514    h2222    (0)   33 :  0.018 0.968 0.010 0.004 
3515    h2232    (0)   33 :  0.021 0.972 0.003 0.004 
3516    h2242    (0)   33 :  0.006 0.966 0.024 0.004 
3517    h2252    (0)   33 :  0.008 0.983 0.005 0.004 
3518    h2262    (0)   33 :  0.011 0.980 0.004 0.004 
3519    h2272    (0)   33 :  0.007 0.986 0.004 0.004 
3520    h2282    (0)   33 :  0.034 0.956 0.005 0.005 
3521    h2292    (0)   33 :  0.138 0.850 0.008 0.004 
3522    h2302    (0)   33 :  0.065 0.891 0.037 0.006 
3523    h2312    (0)   33 :  0.098 0.892 0.006 0.004 
3524    h2322    (0)   33 :  0.043 0.936 0.010 0.010 
3525    h2332    (0)   33 :  0.011 0.982 0.004 0.004 
3526    h2342    (0)   33 :  0.014 0.889 0.076 0.022 
3527    h2352    (0)   33 :  0.011 0.979 0.006 0.004 
3528    h2362    (0)   33 :  0.007 0.979 0.009 0.005 
3529    h2372    (0)   33 :  0.066 0.915 0.011 0.008 
3530    h2382    (0)   33 :  0.063 0.846 0.081 0.011 
3531    h2392    (0)   33 :  0.015 0.961 0.012 0.012 
3532    h2402    (0)   33 :  0.020 0.971 0.004 0.005 
3533    h2412    (0)   33 :  0.028 0.960 0.006 0.006 
3534    h2422    (0)   33 :  0.007 0.978 0.011 0.004 
3535    h2432    (0)   33 :  0.009 0.977 0.007 0.007 
3536    h2442    (0)   33 :  0.007 0.983 0.005 0.006 
3537    h2452    (0)   33 :  0.020 0.970 0.005 0.005 
3538    h2462    (0)   33 :  0.064 0.922 0.009 0.005 
3539    h2472    (0)   33 :  0.012 0.976 0.007 0.005 
3540    h2482    (0)   33 :  0.007 0.980 0.009 0.004 
3541    h2492    (0)   33 :  0.010 0.977 0.008 0.005 
3542    h2502    (0)   33 :  0.013 0.942 0.041 0.004 
3543    h2512    (0)   33 :  0.007 0.963 0.018 0.012 
3544    h2522    (0)   33 :  0.020 0.966 0.007 0.008 
3545    h2532    (0)   33 :  0.014 0.972 0.008 0.006 
3546    h2542    (0)   33 :  0.005 0.984 0.007 0.005 
3547    h2552    (0)   33 :  0.031 0.905 0.054 0.010 
3548    h2562    (0)   33 :  0.011 0.977 0.008 0.004 
3549    h2572    (0)   33 :  0.188 0.800 0.005 0.007 
3550    h2582    (0)   33 :  0.054 0.929 0.008 0.009 
3551    h2592    (0)   33 :  0.012 0.892 0.078 0.018 
3552    h2602    (0)   33 :  0.005 0.980 0.008 0.007 
3553    h2612    (0)   33 :  0.040 0.950 0.005 0.004 
3554    h2622    (0)   33 :  0.034 0.936 0.025 0.005 
3555    h2632    (0)   33 :  0.012 0.854 0.119 0.016 
3556    h2642    (0)   33 :  0.009 0.979 0.007 0.004 
3557    h2652    (0)   33 :  0.009 0.980 0.008 0.004 
3558    h2662    (0)   33 :  0.010 0.954 0.031 0.005 
3559    h2672    (0)   33 :  0.019 0.941 0.014 0.027 
3560    h2682    (0)   33 :  0.018 0.917 0.058 0.007 
3561    h2692    (0)   33 :  0.004 0.980 0.011 0.005 
3562    h2702    (0)   33 :  0.007 0.986 0.004 0.003 
3563    h2712    (0)   33 :  0.012 0.976 0.006 0.005 
3564    h2722    (0)   33 :  0.010 0.970 0.016 0.004 
3565    h2732    (0)   33 :  0.034 0.949 0.008 0.009 
3566    h2742    (0)   33 :  0.012 0.979 0.004 0.005 
3567    h2752    (0)   33 :  0.020 0.970 0.006 0.004 
3568    h2762    (0)   33 :  0.011 0.953 0.031 0.006 
3569    h2772    (0)   33 :  0.015 0.962 0.013 0.010 
3570    h2782    (0)   33 :  0.009 0.977 0.006 0.007 
3571    h2792    (0)   33 :  0.028 0.957 0.010 0.006 
3572    h2802    (0)   33 :  0.169 0.821 0.006 0.004 
3573    h2812    (0)   33 :  0.037 0.915 0.041 0.007 
3574    h2822    (0)   33 :  0.052 0.905 0.038 0.005 
3575    h2832    (0)   33 :  0.006 0.983 0.004 0.007 
3576    h2842    (0)   33 :  0.016 0.948 0.022 0.013 
3577    h2852    (0)   33 :  0.042 0.942 0.009 0.007 
3578    h2862    (0)   33 :  0.012 0.973 0.011 0.004 
3579    h2872    (0)   33 :  0.007 0.983 0.005 0.005 
3580    h2882    (0)   33 :  0.018 0.972 0.005 0.005 
3581    h2892    (0)   33 :  0.091 0.897 0.008 0.004 
3582    h2902    (0)   33 :  0.078 0.908 0.009 0.004 
3583    h2912    (0)   33 :  0.013 0.956 0.024 0.007 
3584    h2922    (0)   33 :  0.035 0.939 0.008 0.018 
3585    h2932    (0)   33 :  0.017 0.970 0.009 0.004 
3586    h2942    (0)   33 :  0.129 0.855 0.007 0.008 
3587    h2952    (0)   33 :  0.017 0.971 0.005 0.006 
3588    h2962    (0)   33 :  0.006 0.975 0.015 0.004 
3589    h2972    (0)   33 :  0.008 0.984 0.004 0.004 
3590    h2982    (0)   33 :  0.230 0.718 0.043 0.008 
3591    h2992    (0)   33 :  0.004 0.984 0.006 0.005 
3592    h3002    (0)   33 :  0.044 0.943 0.006 0.007 


Estimated Allele Frequencies in each cluster
First column gives estimated ancestral frequencies


Locus 1 : Cl147 
25 alleles
0.0% missing data
  45   (0.049) 0.000 0.012 0.000 0.171 
  69   (0.088) 0.000 0.165 0.237 0.095 
  73   (0.129) 0.168 0.116 0.072 0.182 
  77   (0.102) 0.050 0.056 0.074 0.132 
  56   (0.039) 0.000 0.015 0.000 0.052 
  65   (0.049) 0.000 0.086 0.469 0.010 
  41   (0.058) 0.001 0.004 0.035 0.151 
  52   (0.059) 0.051 0.010 0.000 0.101 
  48   (0.053) 0.000 0.073 0.020 0.022 
  81   (0.059) 0.048 0.061 0.054 0.011 
  49   (0.017) 0.000 0.000 0.000 0.022 
  60   (0.031) 0.000 0.005 0.000 0.024 
  84   (0.022) 0.000 0.001 0.000 0.005 
  89   (0.029) 0.000 0.007 0.000 0.014 
  61   (0.026) 0.000 0.032 0.000 0.004 
  44   (0.017) 0.000 0.094 0.000 0.000 
  85   (0.016) 0.000 0.036 0.000 0.000 
  68   (0.028) 0.104 0.100 0.000 0.001 
  40   (0.026) 0.000 0.019 0.037 0.001 
 801   (0.015) 0.000 0.024 0.000 0.000 
  76   (0.023) 0.149 0.015 0.000 0.000 
  80   (0.022) 0.429 0.008 0.000 0.000 
  64   (0.016) 0.000 0.047 0.000 0.000 
  72   (0.014) 0.000 0.013 0.000 0.000 
  88   (0.012) 0.000 0.001 0.000 0.000 

Locus 2 : Cl233 
34 alleles
0.0% missing data
  63   (0.127) 0.334 0.152 0.206 0.162 
  85   (0.038) 0.000 0.005 0.000 0.079 
  73   (0.018) 0.000 0.000 0.000 0.034 
  79   (0.030) 0.000 0.002 0.001 0.044 
  71   (0.060) 0.000 0.075 0.001 0.121 
  77   (0.024) 0.000 0.001 0.000 0.037 
  75   (0.045) 0.006 0.006 0.000 0.065 
  67   (0.084) 0.125 0.179 0.000 0.106 
  55   (0.098) 0.101 0.316 0.476 0.044 
  59   (0.067) 0.233 0.129 0.000 0.042 
  81   (0.027) 0.000 0.001 0.000 0.078 
  83   (0.019) 0.000 0.000 0.001 0.026 
  93   (0.016) 0.000 0.000 0.000 0.013 
 101   (0.013) 0.000 0.000 0.000 0.008 
  69   (0.014) 0.000 0.000 0.000 0.006 
  51   (0.058) 0.194 0.113 0.000 0.031 
 100   (0.022) 0.004 0.000 0.000 0.015 
  92   (0.018) 0.000 0.001 0.000 0.005 
1121   (0.015) 0.001 0.000 0.000 0.008 
1001   (0.013) 0.000 0.000 0.000 0.004 
  89   (0.016) 0.000 0.000 0.000 0.016 
 711   (0.012) 0.000 0.000 0.000 0.003 
 116   (0.022) 0.000 0.001 0.000 0.009 
  80   (0.012) 0.000 0.000 0.000 0.002 
  43   (0.016) 0.000 0.000 0.000 0.009 
  84   (0.013) 0.000 0.000 0.000 0.004 
  88   (0.020) 0.000 0.000 0.000 0.017 
 104   (0.014) 0.000 0.000 0.000 0.007 
  97   (0.012) 0.000 0.000 0.000 0.003 
 791   (0.010) 0.000 0.000 0.000 0.001 
  35   (0.014) 0.000 0.019 0.000 0.000 
  70   (0.011) 0.000 0.000 0.112 0.000 
  78   (0.011) 0.000 0.000 0.053 0.000 
  74   (0.011) 0.000 0.000 0.149 0.000 

Locus 3 : Cl264 
30 alleles
0.1% missing data
  65   (0.115) 0.330 0.177 0.243 0.117 
 651   (0.089) 0.058 0.029 0.029 0.184 
 691   (0.047) 0.000 0.032 0.000 0.137 
  57   (0.029) 0.000 0.124 0.000 0.005 
  61   (0.049) 0.044 0.190 0.000 0.011 
 731   (0.039) 0.000 0.007 0.000 0.099 
 811   (0.024) 0.000 0.001 0.000 0.033 
 611   (0.042) 0.001 0.040 0.000 0.041 
  69   (0.112) 0.472 0.141 0.190 0.115 
  77   (0.029) 0.000 0.001 0.241 0.012 
  49   (0.024) 0.000 0.001 0.000 0.049 
  45   (0.011) 0.000 0.000 0.000 0.002 
 491   (0.021) 0.000 0.002 0.000 0.005 
 571   (0.027) 0.000 0.021 0.000 0.010 
 771   (0.023) 0.000 0.000 0.001 0.062 
  89   (0.022) 0.000 0.001 0.000 0.028 
 652   (0.019) 0.000 0.000 0.016 0.004 
  53   (0.044) 0.003 0.089 0.000 0.016 
  73   (0.069) 0.055 0.045 0.184 0.038 
  80   (0.012) 0.000 0.000 0.000 0.006 
 531   (0.024) 0.000 0.020 0.000 0.004 
 693   (0.014) 0.000 0.000 0.000 0.007 
  93   (0.016) 0.000 0.001 0.000 0.004 
  85   (0.028) 0.002 0.002 0.000 0.012 
  37   (0.016) 0.000 0.076 0.000 0.000 
  81   (0.011) 0.000 0.000 0.079 0.000 
 812   (0.010) 0.000 0.000 0.017 0.000 
 692   (0.013) 0.034 0.000 0.000 0.000 
 732   (0.010) 0.000 0.000 0.000 0.000 
 612   (0.010) 0.000 0.000 0.000 0.000 

Locus 4 : Cl274 
8 alleles
0.0% missing data
  61   (0.404) 0.732 0.350 0.475 0.500 
  57   (0.228) 0.100 0.365 0.429 0.153 
  65   (0.109) 0.000 0.068 0.023 0.147 
  53   (0.120) 0.146 0.093 0.073 0.054 
  69   (0.046) 0.021 0.001 0.000 0.078 
  73   (0.022) 0.000 0.000 0.000 0.041 
  49   (0.052) 0.000 0.081 0.000 0.027 
  45   (0.019) 0.000 0.042 0.000 0.000 

Locus 5 : Cl285 
40 alleles
0.1% missing data
  75   (0.065) 0.000 0.110 0.135 0.118 
  71   (0.078) 0.000 0.163 0.214 0.160 
 631   (0.026) 0.021 0.000 0.000 0.041 
  67   (0.111) 0.327 0.257 0.506 0.138 
  63   (0.082) 0.209 0.099 0.026 0.103 
  79   (0.044) 0.000 0.067 0.000 0.098 
 792   (0.016) 0.000 0.000 0.000 0.049 
 671   (0.046) 0.150 0.020 0.000 0.053 
 831   (0.032) 0.000 0.018 0.000 0.034 
 752   (0.034) 0.000 0.006 0.001 0.074 
  55   (0.030) 0.000 0.015 0.068 0.004 
1401   (0.032) 0.020 0.009 0.000 0.009 
  59   (0.054) 0.172 0.053 0.048 0.015 
 712   (0.022) 0.022 0.000 0.000 0.027 
 833   (0.014) 0.000 0.000 0.000 0.023 
1322   (0.013) 0.000 0.000 0.000 0.007 
 136   (0.025) 0.000 0.011 0.000 0.012 
 164   (0.013) 0.000 0.000 0.000 0.008 
 872   (0.013) 0.000 0.000 0.000 0.008 
1282   (0.011) 0.000 0.000 0.000 0.004 
 148   (0.011) 0.000 0.000 0.000 0.002 
 144   (0.015) 0.000 0.000 0.000 0.002 
 119   (0.012) 0.000 0.000 0.000 0.005 
1402   (0.011) 0.000 0.000 0.000 0.002 
 132   (0.012) 0.000 0.011 0.000 0.000 
 832   (0.014) 0.000 0.062 0.000 0.000 
 751   (0.013) 0.000 0.014 0.000 0.000 
 791   (0.014) 0.000 0.040 0.000 0.000 
 711   (0.011) 0.000 0.001 0.000 0.000 
 871   (0.013) 0.000 0.005 0.000 0.000 
  91   (0.014) 0.000 0.009 0.000 0.001 
1361   (0.013) 0.000 0.018 0.000 0.000 
1362   (0.010) 0.077 0.000 0.000 0.000 
1441   (0.012) 0.000 0.003 0.000 0.000 
  87   (0.011) 0.000 0.001 0.000 0.000 
1281   (0.011) 0.000 0.002 0.000 0.000 
 124   (0.010) 0.000 0.000 0.000 0.000 
1321   (0.011) 0.000 0.003 0.000 0.000 
 140   (0.010) 0.000 0.000 0.000 0.000 
1363   (0.010) 0.000 0.001 0.000 0.000 

Locus 6 : Cl291 
24 alleles
0.1% missing data
 641   (0.049) 0.002 0.007 0.000 0.068 
  72   (0.128) 0.048 0.126 0.240 0.100 
 682   (0.027) 0.000 0.000 0.002 0.042 
 801   (0.032) 0.000 0.002 0.000 0.039 
 681   (0.064) 0.002 0.010 0.000 0.210 
  76   (0.117) 0.003 0.137 0.171 0.124 
 722   (0.043) 0.000 0.003 0.000 0.139 
 601   (0.019) 0.000 0.000 0.000 0.011 
  80   (0.083) 0.631 0.019 0.013 0.059 
 761   (0.041) 0.000 0.039 0.001 0.012 
 762   (0.048) 0.001 0.001 0.063 0.075 
 721   (0.054) 0.000 0.063 0.000 0.054 
  84   (0.040) 0.000 0.002 0.003 0.038 
  64   (0.044) 0.000 0.212 0.000 0.013 
  68   (0.071) 0.090 0.280 0.245 0.006 
 843   (0.013) 0.000 0.000 0.000 0.004 
 881   (0.011) 0.000 0.000 0.000 0.001 
 803   (0.014) 0.000 0.000 0.000 0.003 
  60   (0.027) 0.223 0.041 0.000 0.001 
  56   (0.015) 0.000 0.012 0.000 0.000 
 802   (0.015) 0.000 0.021 0.000 0.000 
 763   (0.016) 0.000 0.024 0.000 0.000 
  88   (0.013) 0.000 0.000 0.018 0.000 
 841   (0.012) 0.000 0.000 0.243 0.000 

Locus 7 : Cl308 
60 alleles
0.0% missing data
  72   (0.072) 0.470 0.206 0.022 0.133 
  64   (0.058) 0.015 0.150 0.448 0.045 
  68   (0.078) 0.287 0.373 0.508 0.100 
 103   (0.012) 0.000 0.000 0.000 0.018 
  80   (0.043) 0.016 0.032 0.001 0.055 
  76   (0.048) 0.008 0.102 0.000 0.114 
1151   (0.014) 0.000 0.000 0.000 0.015 
 123   (0.012) 0.000 0.000 0.000 0.018 
 115   (0.013) 0.000 0.000 0.000 0.034 
  83   (0.017) 0.000 0.001 0.000 0.019 
1231   (0.011) 0.000 0.000 0.000 0.009 
1192   (0.011) 0.000 0.000 0.000 0.006 
 131   (0.020) 0.000 0.002 0.000 0.017 
1191   (0.011) 0.000 0.000 0.000 0.007 
 752   (0.010) 0.000 0.000 0.000 0.004 
 143   (0.013) 0.000 0.000 0.000 0.015 
  79   (0.014) 0.000 0.000 0.000 0.041 
 119   (0.013) 0.000 0.000 0.000 0.014 
1431   (0.016) 0.000 0.001 0.000 0.030 
1112   (0.016) 0.000 0.000 0.000 0.035 
1193   (0.013) 0.000 0.000 0.000 0.012 
1591   (0.013) 0.000 0.000 0.000 0.008 
1232   (0.013) 0.000 0.000 0.000 0.004 
 139   (0.011) 0.000 0.000 0.000 0.011 
1111   (0.011) 0.000 0.000 0.000 0.009 
 127   (0.013) 0.000 0.000 0.000 0.004 
1391   (0.015) 0.000 0.000 0.001 0.021 
 121   (0.011) 0.000 0.000 0.000 0.004 
1313   (0.012) 0.000 0.000 0.000 0.007 
1113   (0.011) 0.000 0.000 0.000 0.005 
  87   (0.015) 0.000 0.000 0.000 0.053 
1031   (0.012) 0.000 0.000 0.000 0.003 
 155   (0.011) 0.000 0.000 0.000 0.009 
1312   (0.011) 0.000 0.000 0.000 0.007 
1272   (0.013) 0.000 0.000 0.001 0.006 
 151   (0.011) 0.000 0.000 0.000 0.006 
1351   (0.012) 0.000 0.000 0.000 0.010 
 135   (0.012) 0.000 0.000 0.000 0.009 
1432   (0.011) 0.000 0.000 0.000 0.004 
1152   (0.013) 0.000 0.000 0.000 0.013 
1271   (0.013) 0.000 0.000 0.000 0.009 
1311   (0.009) 0.000 0.000 0.000 0.002 
1472   (0.017) 0.000 0.001 0.000 0.005 
 137   (0.010) 0.000 0.000 0.000 0.002 
  88   (0.011) 0.000 0.000 0.000 0.005 
  60   (0.040) 0.031 0.016 0.017 0.016 
 712   (0.012) 0.000 0.000 0.000 0.014 
1071   (0.011) 0.000 0.000 0.000 0.006 
 107   (0.010) 0.000 0.000 0.000 0.002 
 751   (0.021) 0.141 0.041 0.000 0.001 
  67   (0.011) 0.000 0.003 0.000 0.000 
  71   (0.012) 0.000 0.022 0.000 0.000 
 791   (0.011) 0.000 0.007 0.000 0.000 
  84   (0.011) 0.000 0.008 0.000 0.000 
  81   (0.011) 0.000 0.013 0.000 0.000 
 711   (0.009) 0.029 0.000 0.000 0.000 
  69   (0.011) 0.000 0.014 0.000 0.000 
 792   (0.010) 0.000 0.003 0.000 0.000 
  65   (0.009) 0.000 0.001 0.000 0.000 
 753   (0.010) 0.000 0.001 0.000 0.000 

Locus 8 : Cl330 
33 alleles
0.7% missing data
  52   (0.113) 0.089 0.074 0.263 0.275 
 601   (0.064) 0.000 0.028 0.120 0.140 
  40   (0.060) 0.001 0.044 0.014 0.092 
  72   (0.028) 0.000 0.004 0.001 0.020 
  56   (0.086) 0.307 0.031 0.027 0.126 
 481   (0.097) 0.180 0.234 0.054 0.062 
  61   (0.033) 0.000 0.003 0.001 0.058 
  80   (0.013) 0.000 0.000 0.000 0.004 
 681   (0.028) 0.000 0.004 0.000 0.022 
  64   (0.059) 0.000 0.019 0.389 0.068 
  57   (0.015) 0.000 0.000 0.000 0.008 
  75   (0.017) 0.000 0.000 0.000 0.012 
  71   (0.034) 0.000 0.036 0.000 0.013 
  28   (0.060) 0.045 0.222 0.000 0.019 
  65   (0.017) 0.000 0.000 0.000 0.012 
 441   (0.037) 0.000 0.023 0.000 0.023 
  36   (0.019) 0.000 0.000 0.000 0.024 
  79   (0.014) 0.000 0.000 0.000 0.006 
  73   (0.014) 0.000 0.000 0.000 0.007 
 602   (0.014) 0.000 0.000 0.000 0.006 
  44   (0.029) 0.227 0.061 0.000 0.001 
  62   (0.014) 0.000 0.004 0.000 0.000 
  48   (0.016) 0.000 0.062 0.000 0.000 
  67   (0.017) 0.000 0.099 0.000 0.000 
 521   (0.014) 0.000 0.012 0.000 0.000 
 641   (0.010) 0.000 0.000 0.032 0.000 
  68   (0.010) 0.000 0.000 0.082 0.000 
  83   (0.010) 0.000 0.000 0.017 0.000 
  59   (0.010) 0.103 0.000 0.000 0.000 
  60   (0.010) 0.046 0.000 0.000 0.000 
 561   (0.015) 0.000 0.019 0.000 0.001 
  51   (0.013) 0.000 0.018 0.000 0.000 
 711   (0.010) 0.000 0.001 0.000 0.000 

Locus 9 : Cl344 
17 alleles
1.7% missing data
  56   (0.220) 0.419 0.199 0.002 0.434 
  60   (0.215) 0.253 0.173 0.316 0.255 
  48   (0.034) 0.017 0.006 0.000 0.003 
  76   (0.027) 0.000 0.000 0.118 0.013 
  64   (0.179) 0.253 0.252 0.420 0.124 
  72   (0.064) 0.000 0.011 0.018 0.089 
 761   (0.014) 0.000 0.000 0.000 0.005 
 641   (0.031) 0.000 0.005 0.000 0.016 
  68   (0.052) 0.000 0.025 0.126 0.022 
 601   (0.033) 0.000 0.008 0.000 0.020 
  52   (0.029) 0.000 0.275 0.000 0.002 
 681   (0.015) 0.000 0.000 0.000 0.006 
 721   (0.017) 0.000 0.000 0.000 0.009 
 521   (0.017) 0.000 0.017 0.000 0.000 
 561   (0.017) 0.000 0.024 0.000 0.000 
  44   (0.025) 0.045 0.007 0.000 0.001 
 562   (0.012) 0.012 0.000 0.000 0.000 

Locus 10 : Cl366 
9 alleles
0.0% missing data
  80   (0.326) 0.487 0.275 0.509 0.318 
  92   (0.025) 0.000 0.000 0.000 0.046 
  76   (0.295) 0.301 0.393 0.490 0.214 
  88   (0.046) 0.002 0.001 0.000 0.129 
  84   (0.069) 0.000 0.032 0.000 0.112 
  72   (0.172) 0.209 0.240 0.000 0.175 
  64   (0.034) 0.000 0.043 0.000 0.005 
  68   (0.018) 0.000 0.011 0.000 0.001 
  56   (0.016) 0.000 0.006 0.000 0.000 

Locus 11 : Cl375 
16 alleles
0.0% missing data
 491   (0.117) 0.200 0.128 0.024 0.089 
  53   (0.168) 0.177 0.373 0.001 0.285 
 612   (0.049) 0.082 0.010 0.000 0.027 
  57   (0.179) 0.171 0.126 0.516 0.266 
  45   (0.049) 0.000 0.049 0.000 0.048 
  61   (0.126) 0.019 0.098 0.354 0.134 
 651   (0.036) 0.000 0.014 0.000 0.027 
  69   (0.023) 0.000 0.000 0.000 0.033 
 571   (0.069) 0.351 0.057 0.000 0.040 
  65   (0.052) 0.000 0.016 0.021 0.032 
  37   (0.014) 0.000 0.000 0.000 0.007 
 691   (0.028) 0.000 0.004 0.000 0.009 
 531   (0.034) 0.000 0.035 0.042 0.002 
  49   (0.030) 0.000 0.085 0.042 0.001 
 492   (0.013) 0.000 0.002 0.000 0.000 
 532   (0.012) 0.000 0.001 0.000 0.000 

Locus 12 : Cl408 
14 alleles
0.1% missing data
  62   (0.229) 0.061 0.190 0.047 0.336 
  74   (0.048) 0.000 0.005 0.001 0.066 
  50   (0.082) 0.000 0.185 0.398 0.026 
  58   (0.133) 0.261 0.078 0.506 0.078 
  66   (0.128) 0.298 0.052 0.001 0.207 
  70   (0.049) 0.013 0.001 0.002 0.084 
  54   (0.124) 0.000 0.137 0.045 0.155 
  78   (0.025) 0.000 0.001 0.000 0.016 
  79   (0.033) 0.000 0.017 0.000 0.008 
  75   (0.073) 0.251 0.178 0.000 0.017 
  82   (0.024) 0.000 0.001 0.000 0.005 
  46   (0.020) 0.000 0.137 0.000 0.000 
  34   (0.019) 0.000 0.017 0.000 0.001 
 541   (0.012) 0.114 0.000 0.000 0.000 

Locus 13 : Cl507 
33 alleles
0.1% missing data
  70   (0.079) 0.004 0.121 0.013 0.079 
  94   (0.018) 0.000 0.000 0.000 0.031 
  74   (0.042) 0.000 0.003 0.013 0.074 
  54   (0.070) 0.199 0.078 0.042 0.032 
  82   (0.056) 0.000 0.027 0.001 0.240 
  90   (0.042) 0.097 0.003 0.000 0.056 
  86   (0.039) 0.000 0.011 0.000 0.092 
 701   (0.016) 0.000 0.000 0.000 0.006 
  78   (0.039) 0.000 0.022 0.000 0.065 
  62   (0.075) 0.000 0.165 0.546 0.081 
 741   (0.032) 0.000 0.009 0.000 0.041 
  66   (0.109) 0.110 0.218 0.084 0.104 
 661   (0.020) 0.374 0.000 0.000 0.007 
  58   (0.069) 0.034 0.165 0.025 0.021 
  98   (0.020) 0.000 0.000 0.001 0.021 
 781   (0.014) 0.000 0.000 0.000 0.015 
 141   (0.017) 0.000 0.000 0.000 0.020 
 102   (0.013) 0.000 0.000 0.000 0.005 
 106   (0.013) 0.000 0.000 0.000 0.004 
  50   (0.024) 0.058 0.035 0.000 0.001 
 621   (0.015) 0.000 0.035 0.000 0.000 
 156   (0.015) 0.000 0.007 0.000 0.001 
 662   (0.013) 0.000 0.006 0.000 0.000 
 501   (0.035) 0.043 0.037 0.088 0.001 
 581   (0.013) 0.000 0.005 0.000 0.000 
 152   (0.013) 0.000 0.004 0.000 0.000 
 622   (0.011) 0.000 0.000 0.185 0.000 
 702   (0.014) 0.079 0.001 0.000 0.000 
 137   (0.015) 0.000 0.026 0.000 0.000 
 153   (0.014) 0.000 0.010 0.000 0.000 
 146   (0.013) 0.000 0.006 0.000 0.000 
1521   (0.012) 0.000 0.003 0.000 0.000 
 150   (0.012) 0.000 0.003 0.000 0.000 

Locus 14 : Cl527 
31 alleles
0.1% missing data
  62   (0.045) 0.000 0.019 0.000 0.103 
 622   (0.014) 0.000 0.000 0.000 0.003 
 461   (0.028) 0.000 0.016 0.000 0.010 
  82   (0.012) 0.000 0.000 0.000 0.002 
 661   (0.038) 0.000 0.003 0.000 0.122 
  70   (0.023) 0.000 0.000 0.000 0.074 
 581   (0.037) 0.000 0.014 0.000 0.048 
 701   (0.033) 0.002 0.001 0.000 0.093 
 501   (0.037) 0.001 0.007 0.000 0.031 
  66   (0.086) 0.193 0.096 0.000 0.111 
 741   (0.020) 0.000 0.000 0.000 0.034 
  58   (0.069) 0.003 0.042 0.001 0.111 
 541   (0.047) 0.000 0.036 0.000 0.063 
  74   (0.023) 0.000 0.004 0.000 0.005 
 621   (0.067) 0.021 0.017 0.002 0.114 
  78   (0.018) 0.001 0.000 0.000 0.012 
 781   (0.019) 0.000 0.001 0.000 0.004 
 462   (0.019) 0.000 0.000 0.000 0.015 
  67   (0.022) 0.003 0.000 0.000 0.020 
  54   (0.053) 0.053 0.224 0.371 0.003 
  50   (0.071) 0.659 0.116 0.055 0.015 
  63   (0.012) 0.000 0.000 0.000 0.002 
  42   (0.017) 0.000 0.047 0.000 0.000 
  46   (0.033) 0.000 0.149 0.080 0.002 
  61   (0.027) 0.026 0.098 0.000 0.001 
  57   (0.025) 0.023 0.039 0.000 0.001 
 582   (0.027) 0.000 0.045 0.437 0.001 
 623   (0.021) 0.000 0.005 0.029 0.001 
  53   (0.021) 0.000 0.008 0.024 0.000 
  65   (0.021) 0.013 0.009 0.000 0.000 
  26   (0.012) 0.000 0.004 0.000 0.000 

Locus 15 : Cl380 
25 alleles
2.0% missing data
 671   (0.110) 0.147 0.312 0.000 0.119 
 672   (0.079) 0.000 0.095 0.017 0.099 
 751   (0.029) 0.000 0.002 0.000 0.046 
  71   (0.078) 0.050 0.012 0.402 0.076 
  79   (0.120) 0.001 0.151 0.382 0.231 
  75   (0.076) 0.212 0.027 0.000 0.120 
 711   (0.073) 0.029 0.030 0.000 0.134 
  67   (0.041) 0.000 0.047 0.001 0.020 
 791   (0.015) 0.000 0.000 0.000 0.009 
 591   (0.044) 0.000 0.046 0.001 0.020 
 552   (0.020) 0.000 0.000 0.000 0.051 
 792   (0.023) 0.000 0.001 0.000 0.012 
 593   (0.019) 0.000 0.000 0.000 0.023 
  59   (0.036) 0.000 0.037 0.000 0.017 
 631   (0.025) 0.000 0.015 0.000 0.004 
 833   (0.026) 0.000 0.008 0.000 0.007 
 712   (0.013) 0.000 0.000 0.000 0.005 
  63   (0.041) 0.527 0.088 0.000 0.004 
 551   (0.043) 0.014 0.101 0.196 0.001 
 592   (0.013) 0.000 0.003 0.000 0.000 
 632   (0.013) 0.000 0.003 0.000 0.000 
 673   (0.022) 0.019 0.007 0.000 0.001 
  82   (0.015) 0.000 0.010 0.000 0.000 
 834   (0.014) 0.000 0.005 0.000 0.000 
 118   (0.010) 0.000 0.000 0.000 0.000 

Locus 16 : Lup02 
6 alleles
0.2% missing data
  56   (0.503) 0.175 0.651 0.538 0.519 
  60   (0.168) 0.449 0.048 0.047 0.181 
  52   (0.185) 0.375 0.272 0.008 0.105 
  48   (0.098) 0.001 0.013 0.051 0.185 
 561   (0.018) 0.000 0.000 0.000 0.009 
  64   (0.029) 0.000 0.016 0.356 0.001 

Locus 17 : Lup13 
5 alleles
0.1% missing data
  57   (0.303) 0.108 0.406 0.549 0.248 
  61   (0.352) 0.515 0.292 0.084 0.434 
  65   (0.097) 0.000 0.065 0.002 0.155 
  53   (0.235) 0.377 0.236 0.365 0.163 
  69   (0.014) 0.000 0.001 0.000 0.000 

Locus 18 : Lup20 
9 alleles
0.4% missing data
  56   (0.388) 0.204 0.237 0.371 0.618 
 601   (0.062) 0.004 0.003 0.000 0.125 
  60   (0.255) 0.766 0.528 0.492 0.119 
  68   (0.072) 0.003 0.099 0.000 0.030 
  64   (0.116) 0.003 0.086 0.131 0.078 
  72   (0.047) 0.020 0.011 0.000 0.011 
 681   (0.022) 0.000 0.000 0.005 0.005 
 641   (0.018) 0.000 0.000 0.000 0.013 
  52   (0.019) 0.000 0.036 0.000 0.001 

Locus 19 : Lup21 
11 alleles
0.1% missing data
  41   (0.278) 0.210 0.171 0.127 0.409 
  57   (0.223) 0.113 0.179 0.028 0.282 
  53   (0.215) 0.499 0.320 0.483 0.117 
  37   (0.021) 0.000 0.000 0.000 0.014 
  45   (0.082) 0.078 0.009 0.000 0.161 
 531   (0.016) 0.000 0.000 0.000 0.007 
 611   (0.052) 0.100 0.035 0.132 0.003 
 491   (0.026) 0.000 0.000 0.009 0.005 
  49   (0.038) 0.000 0.199 0.171 0.001 
  61   (0.030) 0.000 0.030 0.049 0.001 
 612   (0.019) 0.000 0.057 0.000 0.000 

Locus 20 : Lup23 
6 alleles
0.0% missing data
  59   (0.349) 0.668 0.417 0.014 0.210 
  63   (0.527) 0.332 0.143 0.475 0.765 
  67   (0.036) 0.000 0.001 0.001 0.023 
  55   (0.051) 0.000 0.413 0.511 0.001 
 671   (0.018) 0.000 0.008 0.000 0.000 
  51   (0.019) 0.000 0.019 0.000 0.000 

Values of parameters used in structure:
DATAFILE=/home/eva.pavlovic/ParallelStructure/25_Results/250422_Structure_Microsat_testni_250422/data_job_H2_2,	OUTFILE=/home/eva.pavlovic/ParallelStructure/26_results_20MS/3_Simulation_data_wolves_hybrids/3_Simulation_data_wolves_hybrids_2/results_job_H2_2,	NUMINDS=3592,	NUMLOCI=20,	MISSING=-9,	LABEL=1,	POPDATA=1,	POPFLAG=0,	PHENOTYPE=0,	EXTRACOLS=0,	MAXPOPS=4,	BURNIN=300000,	NUMREPS=3000000,	USEPOPINFO=0,	INFERALPHA=1,	INFERLAMBDA=0,	POPSPECIFICLAMBDA=0,	POPALPHAS=0,	COMPUTEPROB=1,	NOADMIX=0,	ADMBURNIN=2500,	UPDATEFREQ=1,	PRINTLIKES=0,	INTERMEDSAVE=0,	PRINTKLD=0,	PRINTNET=0,	PRINTLAMBDA=0,	ANCESTDIST=0,	NUMBOXES=1000,	ANCESTPINT=0.90000,	GENSBACK=2,	MIGRPRIOR=0.05000,	PRINTQHAT=1,	PRINTQSUM=0,	ALPHA=1.0000,	FREQSCORR=1,	FPRIORMEAN=0.0100,	FPRIORSD=0.0500,	ONEFST=0,	LAMBDA=1.0000,	UNIFPRIORALPHA=1,	ALPHAMAX=10.0000,	ALPHAPRIORA=1.0000,	ALPHAPRIORB=2.0000,	ALPHAPROPSD=0.0250,	STARTATPOPINFO=0,	RANDOMIZE=1,	LINKAGE=0,	METROFREQ=10,	REPORTHITRATE=0,	MARKOVPHASE=-1,	PHASED=0,	PLOIDY=2,	PHASEINFO=0	LOCPRIOR=0, 	LOCPRIORINIT=1.000000, 	LOCDATA=0, 	LOCISPOP=0, 	LOCPRIORSTEP=0.100000, 	MAXLOCPRIOR=20.000000, 	SEED=1772692602,	
[STRAT parameters]:    NUMSIMSTATS=1000,	PHENOTYPECOL=-9,	POOLFREQ=10,	LOCUSxONLY=0,	EMERROR=0.00100,	MISSINGPHENO=-9,	