       M1EL5  1 0.0022 0.0021 0.0050 0.9798 0.0027 0.0043 0.0041 
       W26T6  1 0.0038 0.0059 0.0023 0.9662 0.0049 0.0040 0.0128 
       W26XX  1 0.0024 0.0017 0.0024 0.9867 0.0023 0.0029 0.0018 
       M013P  1 0.0012 0.0022 0.0030 0.9881 0.0019 0.0020 0.0016 
       M1ELA  1 0.0068 0.0046 0.0034 0.9565 0.0057 0.0193 0.0037 
       M2C73  1 0.0018 0.0023 0.0031 0.9830 0.0024 0.0035 0.0039 
       W23P4  1 0.0633 0.0035 0.0014 0.8882 0.0068 0.0043 0.0325 
       W247C  1 0.0016 0.0019 0.0024 0.9892 0.0016 0.0016 0.0017 
       W24K1  1 0.0017 0.0017 0.0019 0.9902 0.0012 0.0015 0.0018 
       W24ME  1 0.0057 0.0040 0.0018 0.9684 0.0035 0.0026 0.0140 
       W2514  1 0.0038 0.0021 0.0015 0.9833 0.0026 0.0027 0.0039 
       W26MA  1 0.0050 0.0051 0.0022 0.9783 0.0027 0.0024 0.0043 
       W26MM  1 0.0017 0.0039 0.0013 0.9882 0.0015 0.0013 0.0021 
       W26MU  1 0.0022 0.0022 0.0042 0.9828 0.0032 0.0014 0.0040 
       W26P0  1 0.0018 0.0018 0.0019 0.9879 0.0025 0.0014 0.0027 
       W26P3  1 0.0014 0.0015 0.0031 0.9889 0.0023 0.0015 0.0013 
       W26T5  1 0.0017 0.0014 0.0012 0.9910 0.0016 0.0013 0.0018 
       W26TE  1 0.0028 0.0026 0.0024 0.9796 0.0040 0.0056 0.0029 
       W26TF  1 0.0017 0.0080 0.0034 0.9777 0.0015 0.0061 0.0017 
       W26U8  1 0.0122 0.0055 0.0038 0.9543 0.0082 0.0078 0.0083 
       W26UJ  1 0.0013 0.0024 0.0017 0.9902 0.0014 0.0011 0.0020 
       W26UK  1 0.0013 0.0012 0.0039 0.9891 0.0015 0.0017 0.0013 
       W26UT  1 0.0015 0.0014 0.0031 0.9876 0.0012 0.0036 0.0014 
       W26XT  1 0.0018 0.0037 0.0077 0.9785 0.0022 0.0044 0.0017 
      CC06H2  1 0.0139 0.0051 0.0024 0.9692 0.0026 0.0025 0.0044 
      CC06H4  1 0.0020 0.0044 0.0027 0.9848 0.0018 0.0019 0.0024 
      CC06H5  1 0.0095 0.0034 0.0024 0.9544 0.0127 0.0106 0.0071 
      CC06H6  1 0.0025 0.0011 0.0031 0.9841 0.0044 0.0025 0.0022 
      CC06HE  1 0.0015 0.0017 0.0030 0.9878 0.0020 0.0021 0.0019 
      CC06HF  1 0.0077 0.0067 0.0103 0.9418 0.0030 0.0187 0.0117 
      CC06HH  1 0.0022 0.0014 0.0022 0.9875 0.0017 0.0033 0.0016 
      CC06HJ  1 0.0030 0.0051 0.0023 0.9581 0.0253 0.0025 0.0038 
      CC06HL  1 0.0013 0.0017 0.0017 0.9903 0.0021 0.0017 0.0012 
      CC06HP  1 0.0013 0.0014 0.0033 0.9890 0.0013 0.0022 0.0016 
      CC06HT  1 0.0109 0.0041 0.0036 0.9249 0.0061 0.0429 0.0075 
      CC06HU  1 0.0021 0.0023 0.0023 0.9651 0.0235 0.0031 0.0015 
      CC06HY  1 0.0067 0.0033 0.0020 0.9792 0.0027 0.0028 0.0032 
      CC06J0  1 0.0023 0.0045 0.0016 0.9838 0.0021 0.0021 0.0035 
      CC06J1  1 0.0043 0.0083 0.0026 0.9551 0.0111 0.0039 0.0147 
      CC06J2  1 0.0020 0.0028 0.0038 0.9811 0.0025 0.0056 0.0022 
     CT.0YCY  1 0.0027 0.0021 0.0021 0.9853 0.0025 0.0029 0.0024 
     CT.0YEC  1 0.0012 0.0015 0.0019 0.9913 0.0012 0.0016 0.0013 
     CT.0YEF  1 0.0025 0.0016 0.0024 0.9861 0.0025 0.0019 0.0030 
     CT.0YEU  1 0.0016 0.0012 0.0013 0.9917 0.0015 0.0013 0.0015 
     CT.0YF2  1 0.0033 0.0040 0.0023 0.9807 0.0038 0.0019 0.0041 
     CT.0YF8  1 0.0014 0.0011 0.0040 0.9872 0.0018 0.0029 0.0017 
     CT.0YFA  1 0.0032 0.0012 0.0047 0.9804 0.0032 0.0031 0.0042 
     CT.0YFE  1 0.0028 0.0019 0.0060 0.9793 0.0027 0.0038 0.0034 
     CT.0YFP  1 0.0020 0.0061 0.0016 0.9827 0.0018 0.0014 0.0045 
     CT.0YFU  1 0.0025 0.0019 0.0031 0.9850 0.0022 0.0024 0.0029 
     CT.0YK7  1 0.0031 0.0036 0.0019 0.9843 0.0016 0.0023 0.0033 
     CX.10PT  1 0.0091 0.0202 0.0059 0.9501 0.0031 0.0048 0.0068 
      DAM021  1 0.0127 0.0021 0.0091 0.9646 0.0021 0.0049 0.0045 
      DAM034  1 0.0035 0.0012 0.0026 0.9829 0.0033 0.0021 0.0044 
      DAM07X  1 0.0039 0.0016 0.0021 0.9856 0.0023 0.0020 0.0025 
     EF.15J6  1 0.0019 0.0017 0.0031 0.9872 0.0025 0.0020 0.0016 
      HRV010  1 0.0020 0.0032 0.0019 0.9841 0.0051 0.0019 0.0017 
      HRV02J  1 0.0025 0.0023 0.0038 0.9811 0.0036 0.0024 0.0042 
      HRV078  1 0.0025 0.0027 0.0045 0.9816 0.0019 0.0028 0.0040 
      HRV0FH  1 0.0020 0.0015 0.0014 0.9897 0.0018 0.0013 0.0024 
      HRV0H5  1 0.0030 0.0023 0.0036 0.9832 0.0022 0.0032 0.0025 
      HRV0JF  1 0.0025 0.0017 0.0020 0.9635 0.0040 0.0021 0.0241 
      HRV0JJ  1 0.0053 0.0021 0.0018 0.9772 0.0049 0.0032 0.0054 
      HRV0JM  1 0.0018 0.0016 0.0021 0.9859 0.0019 0.0033 0.0035 
      HRV0K6  1 0.0048 0.0105 0.0015 0.9545 0.0163 0.0036 0.0090 
      HRV0K7  1 0.0014 0.0018 0.0033 0.9840 0.0035 0.0041 0.0019 
      HRV0KP  1 0.0029 0.0075 0.0097 0.9701 0.0046 0.0024 0.0028 
      HRV1AX  1 0.0057 0.0021 0.0091 0.9722 0.0029 0.0035 0.0044 
      HRV1C4  1 0.0093 0.0013 0.0012 0.9800 0.0019 0.0017 0.0046 
      HRV1CH  1 0.0027 0.0021 0.0033 0.9840 0.0027 0.0015 0.0036 
      HRV1FA  1 0.0040 0.0026 0.0041 0.9756 0.0052 0.0057 0.0029 
      HRV1FK  1 0.0029 0.0039 0.0016 0.9847 0.0020 0.0023 0.0025 
      HRV1H8  1 0.0024 0.0015 0.0026 0.9783 0.0021 0.0109 0.0021 
      HRV1HT  1 0.0033 0.0032 0.0035 0.9800 0.0032 0.0028 0.0040 
      HRV1XU  1 0.0025 0.0090 0.0022 0.9780 0.0016 0.0041 0.0026 
      HRV4TF  1 0.0015 0.0019 0.1891 0.8009 0.0019 0.0032 0.0014 
      HRV6F0  1 0.0020 0.0025 0.0212 0.9678 0.0019 0.0022 0.0024 
      HRVE6L  1 0.0039 0.0043 0.0251 0.9482 0.0044 0.0095 0.0046 
       M27HM  1 0.0028 0.0016 0.0037 0.9825 0.0024 0.0030 0.0040 
       M27HP  1 0.0018 0.0016 0.0025 0.9892 0.0017 0.0015 0.0017 
       M2AK4  1 0.0018 0.0019 0.0021 0.9893 0.0015 0.0016 0.0017 
       M2ALA  1 0.0017 0.0016 0.0012 0.9910 0.0013 0.0015 0.0016 
       M2C56  1 0.0036 0.0021 0.0228 0.9620 0.0028 0.0022 0.0044 
       M2CUX  1 0.0019 0.0033 0.0015 0.9842 0.0022 0.0024 0.0045 
       M2E24  1 0.0017 0.0015 0.0012 0.9908 0.0016 0.0015 0.0018 
       M2EA7  1 0.0020 0.0022 0.0018 0.9880 0.0016 0.0022 0.0022 
       M2EH6  1 0.0022 0.0017 0.0022 0.9880 0.0026 0.0016 0.0018 
       M2EKC  1 0.0030 0.0040 0.1219 0.8501 0.0084 0.0081 0.0046 
      MSV083  1 0.0019 0.0155 0.0071 0.9637 0.0063 0.0028 0.0027 
      MSV084  1 0.0040 0.0018 0.0071 0.9708 0.0082 0.0032 0.0049 
      MSV0LJ  1 0.0021 0.0023 0.0041 0.9820 0.0022 0.0033 0.0041 
      MSV1H5  1 0.0092 0.0019 0.0026 0.9573 0.0180 0.0051 0.0059 
      MSV1KM  1 0.0017 0.0016 0.0022 0.9896 0.0015 0.0017 0.0018 
      MSV23F  1 0.0021 0.0073 0.0125 0.9670 0.0025 0.0063 0.0024 
      MSV2L8  1 0.0016 0.0022 0.0029 0.9870 0.0015 0.0017 0.0031 
      MSV2P7  1 0.0020 0.0020 0.0013 0.9897 0.0013 0.0016 0.0022 
      MSV2TJ  1 0.0054 0.0013 0.0093 0.9746 0.0034 0.0014 0.0046 
      MSV2XM  1 0.0029 0.0034 0.0023 0.9799 0.0026 0.0058 0.0030 
      MSV327  1 0.0020 0.0024 0.0018 0.9873 0.0026 0.0019 0.0021 
      MSV33L  1 0.0016 0.0014 0.0017 0.9909 0.0017 0.0013 0.0014 
        h001  2 0.0211 0.0025 0.0033 0.9379 0.0058 0.0211 0.0084 
        h002  2 0.0040 0.0066 0.0028 0.9801 0.0022 0.0014 0.0029 
        h003  2 0.0018 0.0021 0.0015 0.9869 0.0037 0.0023 0.0017 
        h004  2 0.0041 0.0030 0.0137 0.9560 0.0033 0.0146 0.0054 
        h005  2 0.0015 0.0016 0.0017 0.9899 0.0020 0.0015 0.0017 
        h006  2 0.0031 0.0018 0.0041 0.9520 0.0025 0.0344 0.0021 
        h007  2 0.0043 0.0027 0.0021 0.9810 0.0029 0.0039 0.0031 
        h008  2 0.0030 0.0023 0.0014 0.9874 0.0016 0.0018 0.0026 
        h009  2 0.0025 0.0021 0.0022 0.9816 0.0046 0.0023 0.0049 
        h010  2 0.0033 0.0016 0.0021 0.9825 0.0025 0.0048 0.0032 
        h011  2 0.0045 0.0032 0.0035 0.9817 0.0024 0.0020 0.0028 
        h012  2 0.0023 0.0023 0.0071 0.9794 0.0021 0.0022 0.0046 
        h013  2 0.0015 0.0020 0.0029 0.9859 0.0022 0.0039 0.0017 
        h014  2 0.0020 0.0038 0.0032 0.9855 0.0017 0.0018 0.0020 
        h015  2 0.0188 0.0020 0.0088 0.9305 0.0060 0.0117 0.0222 
        h016  2 0.0017 0.0014 0.0019 0.9868 0.0020 0.0041 0.0021 
        h017  2 0.0016 0.0020 0.0020 0.9894 0.0016 0.0017 0.0018 
        h018  2 0.0016 0.0014 0.0022 0.9896 0.0017 0.0013 0.0021 
        h019  2 0.0030 0.0047 0.0015 0.9806 0.0026 0.0019 0.0057 
        h020  2 0.0041 0.0016 0.0020 0.9755 0.0037 0.0022 0.0109 
        h021  2 0.0060 0.0075 0.0033 0.9637 0.0066 0.0079 0.0050 
        h022  2 0.0038 0.0023 0.0419 0.9388 0.0050 0.0057 0.0024 
        h023  2 0.0014 0.0018 0.0018 0.9904 0.0014 0.0017 0.0014 
        h024  2 0.0025 0.0028 0.0034 0.9807 0.0036 0.0023 0.0047 
        h025  2 0.0013 0.0017 0.0015 0.9916 0.0013 0.0011 0.0015 
        h026  2 0.0021 0.0049 0.0074 0.9780 0.0021 0.0032 0.0023 
        h027  2 0.0022 0.0023 0.0017 0.9853 0.0027 0.0023 0.0034 
        h028  2 0.0055 0.0023 0.0025 0.9751 0.0053 0.0046 0.0046 
        h029  2 0.0015 0.0022 0.0058 0.9646 0.0017 0.0223 0.0019 
        h030  2 0.0083 0.0108 0.0031 0.9651 0.0027 0.0040 0.0060 
        h031  2 0.0012 0.0011 0.0037 0.9885 0.0017 0.0025 0.0012 
        h032  2 0.0018 0.0019 0.0021 0.9865 0.0027 0.0030 0.0019 
        h033  2 0.0052 0.0024 0.0041 0.9728 0.0032 0.0037 0.0087 
        h034  2 0.0022 0.0037 0.0027 0.9757 0.0058 0.0068 0.0030 
        h035  2 0.0038 0.0045 0.0023 0.9800 0.0027 0.0042 0.0024 
        h036  2 0.0029 0.0014 0.0027 0.9784 0.0022 0.0096 0.0028 
        h037  2 0.0020 0.0026 0.0015 0.9865 0.0035 0.0016 0.0023 
        h038  2 0.0076 0.0014 0.0014 0.9731 0.0072 0.0029 0.0065 
        h039  2 0.0013 0.0014 0.0022 0.9905 0.0013 0.0017 0.0016 
        h040  2 0.0043 0.0039 0.0103 0.9643 0.0026 0.0100 0.0047 
        h041  2 0.0017 0.0016 0.0033 0.9856 0.0015 0.0042 0.0021 
        h042  2 0.0077 0.0052 0.0016 0.9736 0.0032 0.0051 0.0035 
        h043  2 0.0053 0.0023 0.0049 0.9693 0.0097 0.0046 0.0040 
        h044  2 0.0031 0.0023 0.0016 0.9853 0.0016 0.0037 0.0023 
        h045  2 0.0036 0.0036 0.0035 0.9791 0.0030 0.0023 0.0049 
        h046  2 0.0046 0.0024 0.0021 0.9763 0.0040 0.0064 0.0041 
        h047  2 0.0020 0.0023 0.0033 0.9847 0.0021 0.0026 0.0030 
        h048  2 0.0024 0.0016 0.0017 0.9869 0.0024 0.0029 0.0021 
        h049  2 0.0033 0.0020 0.0026 0.9787 0.0075 0.0024 0.0034 
        h050  2 0.0019 0.0015 0.0023 0.9876 0.0022 0.0014 0.0030 
        h051  2 0.0031 0.0064 0.0017 0.9780 0.0056 0.0025 0.0025 
        h052  2 0.0036 0.0041 0.0022 0.9767 0.0052 0.0028 0.0055 
        h053  2 0.0023 0.0014 0.0015 0.9905 0.0012 0.0017 0.0014 
        h054  2 0.0034 0.0232 0.0036 0.9601 0.0029 0.0039 0.0028 
        h055  2 0.0014 0.0011 0.0024 0.9901 0.0015 0.0021 0.0014 
        h056  2 0.0020 0.0026 0.0036 0.9850 0.0021 0.0026 0.0022 
        h057  2 0.0016 0.0027 0.0020 0.9881 0.0014 0.0026 0.0017 
        h058  2 0.0034 0.0030 0.0033 0.9816 0.0035 0.0030 0.0022 
        h059  2 0.0024 0.0113 0.0095 0.9671 0.0029 0.0027 0.0041 
        h060  2 0.0042 0.0013 0.0020 0.9833 0.0031 0.0014 0.0048 
        h061  2 0.0026 0.0020 0.0019 0.9880 0.0016 0.0017 0.0022 
        h062  2 0.0016 0.0014 0.0021 0.9860 0.0019 0.0052 0.0020 
        h063  2 0.0025 0.0042 0.0041 0.9798 0.0028 0.0039 0.0028 
        h064  2 0.0030 0.0048 0.0052 0.9785 0.0018 0.0041 0.0026 
        h065  2 0.0029 0.0109 0.0057 0.9618 0.0104 0.0036 0.0047 
        h066  2 0.0022 0.0017 0.0016 0.9892 0.0014 0.0019 0.0020 
        h067  2 0.0040 0.0093 0.0279 0.9483 0.0036 0.0022 0.0047 
        h068  2 0.0024 0.0045 0.0035 0.9789 0.0024 0.0053 0.0030 
        h069  2 0.0022 0.0049 0.0016 0.9862 0.0017 0.0015 0.0021 
        h070  2 0.0014 0.0013 0.0056 0.9866 0.0019 0.0019 0.0013 
        h071  2 0.0033 0.0023 0.0019 0.9700 0.0096 0.0040 0.0090 
        h072  2 0.0017 0.0022 0.0024 0.9885 0.0019 0.0013 0.0020 
        h073  2 0.0010 0.0014 0.0020 0.9890 0.0025 0.0015 0.0027 
        h074  2 0.0025 0.0039 0.0016 0.9842 0.0022 0.0037 0.0019 
        h075  2 0.0025 0.0014 0.0015 0.9688 0.0016 0.0221 0.0019 
        h076  2 0.0027 0.0025 0.0385 0.9502 0.0017 0.0021 0.0023 
        h077  2 0.0013 0.0014 0.0020 0.9874 0.0032 0.0029 0.0018 
        h078  2 0.0010 0.0010 0.0017 0.9922 0.0013 0.0016 0.0012 
        h079  2 0.0015 0.0033 0.0019 0.9872 0.0020 0.0015 0.0026 
        h080  2 0.0295 0.0047 0.0059 0.8858 0.0069 0.0435 0.0236 
        h081  2 0.0019 0.0023 0.0021 0.9883 0.0018 0.0016 0.0021 
        h082  2 0.0022 0.0033 0.0016 0.9853 0.0037 0.0014 0.0024 
        h083  2 0.0037 0.0025 0.0029 0.9830 0.0029 0.0019 0.0031 
        h084  2 0.0010 0.0010 0.0014 0.9933 0.0011 0.0011 0.0011 
        h085  2 0.0025 0.0042 0.0024 0.9835 0.0024 0.0028 0.0021 
        h086  2 0.0121 0.0052 0.0059 0.9603 0.0048 0.0032 0.0085 
        h087  2 0.0026 0.0027 0.0029 0.9817 0.0027 0.0043 0.0030 
        h088  2 0.0053 0.0042 0.0041 0.9351 0.0048 0.0431 0.0034 
        h089  2 0.0039 0.0031 0.0014 0.9851 0.0018 0.0015 0.0032 
        h090  2 0.0042 0.0063 0.0199 0.9496 0.0126 0.0033 0.0040 
        h091  2 0.0012 0.0023 0.0013 0.9917 0.0014 0.0011 0.0011 
        h092  2 0.0040 0.0183 0.0017 0.9531 0.0045 0.0023 0.0162 
        h093  2 0.0016 0.0020 0.0018 0.9884 0.0016 0.0031 0.0015 
        h094  2 0.0024 0.0032 0.0069 0.9808 0.0024 0.0024 0.0020 
        h095  2 0.0026 0.0038 0.0041 0.9818 0.0020 0.0024 0.0033 
        h096  2 0.0021 0.0017 0.0040 0.9844 0.0028 0.0025 0.0024 
        h097  2 0.0015 0.0021 0.0013 0.9900 0.0016 0.0013 0.0021 
        h098  2 0.0012 0.0017 0.0044 0.9864 0.0023 0.0026 0.0014 
        h099  2 0.0022 0.0018 0.0333 0.9537 0.0034 0.0037 0.0020 
        h100  2 0.0050 0.0028 0.0053 0.9723 0.0075 0.0040 0.0031 
        h101  2 0.0014 0.0012 0.0015 0.9912 0.0014 0.0019 0.0014 
        h102  2 0.0043 0.0033 0.0031 0.9787 0.0025 0.0035 0.0047 
        h103  2 0.0016 0.0015 0.0021 0.9897 0.0014 0.0021 0.0016 
        h104  2 0.0015 0.0020 0.0018 0.9896 0.0018 0.0018 0.0015 
        h105  2 0.0052 0.0021 0.0112 0.9735 0.0033 0.0021 0.0026 
        h106  2 0.0013 0.0019 0.0023 0.9869 0.0018 0.0042 0.0015 
        h107  2 0.0052 0.0046 0.0023 0.9719 0.0048 0.0040 0.0072 
        h108  2 0.0024 0.0018 0.0020 0.9879 0.0019 0.0016 0.0025 
        h109  2 0.0046 0.0044 0.0025 0.9764 0.0038 0.0023 0.0060 
        h110  2 0.0066 0.0022 0.0020 0.9793 0.0019 0.0019 0.0062 
        h111  2 0.0012 0.0026 0.0017 0.9895 0.0015 0.0018 0.0017 
        h112  2 0.0078 0.0047 0.0078 0.9671 0.0026 0.0036 0.0065 
        h113  2 0.0945 0.0029 0.0019 0.8364 0.0045 0.0155 0.0443 
        h114  2 0.0025 0.0020 0.0020 0.9809 0.0039 0.0035 0.0051 
        h115  2 0.0035 0.0028 0.0167 0.9650 0.0031 0.0062 0.0027 
        h116  2 0.0050 0.0014 0.0017 0.9829 0.0018 0.0029 0.0043 
        h117  2 0.0084 0.0032 0.0417 0.9123 0.0134 0.0126 0.0085 
        h118  2 0.0020 0.0037 0.0021 0.9840 0.0034 0.0032 0.0016 
        h119  2 0.0020 0.0025 0.0027 0.9791 0.0031 0.0059 0.0046 
        h120  2 0.0066 0.0236 0.0010 0.9600 0.0023 0.0016 0.0049 
        h121  2 0.0018 0.0020 0.0024 0.9879 0.0018 0.0012 0.0029 
        h122  2 0.0030 0.0041 0.0026 0.9812 0.0031 0.0028 0.0031 
        h123  2 0.0020 0.0029 0.0033 0.9842 0.0014 0.0029 0.0034 
        h124  2 0.0054 0.0030 0.0036 0.9784 0.0024 0.0030 0.0042 
        h125  2 0.0020 0.0024 0.0046 0.9825 0.0026 0.0033 0.0025 
        h126  2 0.0022 0.0017 0.0017 0.9887 0.0013 0.0023 0.0022 
        h127  2 0.0024 0.0055 0.0025 0.9755 0.0047 0.0049 0.0044 
        h128  2 0.0051 0.0078 0.0047 0.9646 0.0038 0.0082 0.0058 
        h129  2 0.0722 0.0024 0.0030 0.8864 0.0050 0.0223 0.0087 
        h130  2 0.0031 0.0036 0.0020 0.9841 0.0022 0.0022 0.0028 
        h131  2 0.0022 0.0067 0.0026 0.9788 0.0018 0.0050 0.0029 
        h132  2 0.0034 0.0087 0.0023 0.9787 0.0028 0.0016 0.0025 
        h133  2 0.0019 0.0017 0.0041 0.9864 0.0020 0.0025 0.0015 
        h134  2 0.0020 0.0026 0.0020 0.9872 0.0024 0.0018 0.0020 
        h135  2 0.0026 0.0056 0.0016 0.9837 0.0018 0.0023 0.0025 
        h136  2 0.0022 0.0022 0.0047 0.9842 0.0021 0.0023 0.0022 
        h137  2 0.0012 0.0013 0.0016 0.9911 0.0019 0.0015 0.0013 
        h138  2 0.0017 0.0012 0.0018 0.9904 0.0017 0.0015 0.0017 
        h139  2 0.0022 0.0026 0.0017 0.9713 0.0019 0.0189 0.0014 
        h140  2 0.0020 0.0082 0.0036 0.9772 0.0022 0.0037 0.0031 
        h141  2 0.0017 0.0032 0.0016 0.9862 0.0032 0.0023 0.0019 
        h142  2 0.0022 0.0026 0.0052 0.9815 0.0026 0.0033 0.0027 
        h143  2 0.0016 0.0022 0.0028 0.9829 0.0021 0.0068 0.0017 
        h144  2 0.0028 0.0092 0.0024 0.9773 0.0018 0.0037 0.0029 
        h145  2 0.0017 0.0021 0.0036 0.9822 0.0017 0.0071 0.0015 
        h146  2 0.0016 0.0013 0.0032 0.9894 0.0015 0.0015 0.0015 
        h147  2 0.0023 0.0012 0.0019 0.9878 0.0024 0.0026 0.0017 
        h148  2 0.0026 0.0013 0.0018 0.9855 0.0026 0.0026 0.0036 
        h149  2 0.0030 0.0014 0.0026 0.9749 0.0041 0.0082 0.0057 
        h150  2 0.0021 0.0018 0.0017 0.9891 0.0019 0.0015 0.0018 
        h151  2 0.0016 0.0021 0.0052 0.9874 0.0013 0.0012 0.0013 
        h152  2 0.0013 0.0021 0.0018 0.9906 0.0013 0.0013 0.0016 
        h153  2 0.0014 0.0016 0.0023 0.9881 0.0018 0.0023 0.0025 
        h154  2 0.0037 0.0016 0.0019 0.9828 0.0044 0.0026 0.0031 
        h155  2 0.0022 0.0017 0.0019 0.9875 0.0016 0.0031 0.0021 
        h156  2 0.0015 0.0027 0.0023 0.9871 0.0018 0.0031 0.0015 
        h157  2 0.0014 0.0012 0.0013 0.9916 0.0015 0.0015 0.0014 
        h158  2 0.0014 0.0014 0.0019 0.9900 0.0024 0.0014 0.0015 
        h159  2 0.0018 0.0029 0.0020 0.9860 0.0014 0.0030 0.0028 
        h160  2 0.0045 0.0032 0.0023 0.9826 0.0018 0.0026 0.0030 
        h161  2 0.0017 0.0030 0.0034 0.9862 0.0025 0.0015 0.0017 
        h162  2 0.0035 0.0022 0.0022 0.9834 0.0021 0.0035 0.0031 
        h163  2 0.0017 0.0019 0.0020 0.9895 0.0014 0.0015 0.0021 
        h164  2 0.0013 0.0027 0.0020 0.9879 0.0032 0.0011 0.0017 
        h165  2 0.0035 0.0048 0.0035 0.9784 0.0017 0.0023 0.0058 
        h166  2 0.0093 0.0090 0.0036 0.9693 0.0023 0.0018 0.0047 
        h167  2 0.0021 0.0027 0.0030 0.9865 0.0016 0.0023 0.0018 
        h168  2 0.0018 0.0033 0.0022 0.9882 0.0016 0.0014 0.0015 
        h169  2 0.0026 0.0013 0.0202 0.9332 0.0319 0.0072 0.0036 
        h170  2 0.0033 0.0047 0.0330 0.9325 0.0073 0.0160 0.0032 
        h171  2 0.0029 0.0028 0.0033 0.9791 0.0053 0.0033 0.0034 
        h172  2 0.0023 0.0014 0.0019 0.9881 0.0018 0.0017 0.0028 
        h173  2 0.0018 0.0009 0.0131 0.9764 0.0027 0.0034 0.0017 
        h174  2 0.0017 0.0015 0.0033 0.9874 0.0031 0.0016 0.0014 
        h175  2 0.0026 0.0029 0.0033 0.9847 0.0020 0.0021 0.0024 
        h176  2 0.0060 0.0034 0.0028 0.9577 0.0232 0.0020 0.0049 
        h177  2 0.0024 0.0092 0.0010 0.9795 0.0035 0.0015 0.0030 
        h178  2 0.0028 0.0014 0.0027 0.9854 0.0018 0.0030 0.0028 
        h179  2 0.0083 0.0026 0.0020 0.9760 0.0032 0.0035 0.0044 
        h180  2 0.0024 0.0024 0.0017 0.9863 0.0024 0.0026 0.0021 
        h181  2 0.0016 0.0018 0.0079 0.9818 0.0023 0.0020 0.0025 
        h182  2 0.0034 0.0023 0.0281 0.9581 0.0022 0.0024 0.0035 
        h183  2 0.0018 0.0020 0.0034 0.9871 0.0017 0.0023 0.0016 
        h184  2 0.0151 0.0033 0.0054 0.9269 0.0082 0.0117 0.0294 
        h185  2 0.0021 0.0019 0.0231 0.9547 0.0070 0.0078 0.0034 
        h186  2 0.0019 0.0036 0.0022 0.9709 0.0096 0.0091 0.0027 
        h187  2 0.0013 0.0017 0.0022 0.9898 0.0017 0.0016 0.0016 
        h188  2 0.0022 0.0014 0.0017 0.9880 0.0019 0.0022 0.0025 
        h189  2 0.0022 0.0013 0.0097 0.9794 0.0028 0.0025 0.0019 
        h190  2 0.0239 0.0032 0.0019 0.9563 0.0019 0.0024 0.0103 
        h191  2 0.0037 0.0029 0.0017 0.9777 0.0028 0.0072 0.0039 
        h192  2 0.0018 0.0057 0.0011 0.9847 0.0021 0.0022 0.0024 
        h193  2 0.0057 0.0034 0.0067 0.9545 0.0136 0.0137 0.0023 
        h194  2 0.0024 0.0025 0.0018 0.9844 0.0032 0.0031 0.0026 
        h195  2 0.0046 0.0048 0.0023 0.9731 0.0043 0.0041 0.0068 
        h196  2 0.0143 0.0021 0.0025 0.9364 0.0145 0.0076 0.0226 
        h197  2 0.0025 0.0020 0.0016 0.9873 0.0022 0.0021 0.0023 
        h198  2 0.0011 0.0012 0.0014 0.9925 0.0011 0.0016 0.0013 
        h199  2 0.0024 0.0022 0.0022 0.9855 0.0021 0.0023 0.0033 
        h200  2 0.0010 0.0012 0.0016 0.9918 0.0015 0.0017 0.0011 
        h201  2 0.0036 0.0024 0.0201 0.9548 0.0042 0.0114 0.0035 
        h202  2 0.0017 0.0015 0.0030 0.9859 0.0036 0.0021 0.0023 
        h203  2 0.0026 0.0014 0.0039 0.9836 0.0027 0.0031 0.0027 
        h204  2 0.0014 0.0018 0.0024 0.9877 0.0020 0.0011 0.0037 
        h205  2 0.0020 0.0048 0.0029 0.9749 0.0091 0.0038 0.0025 
        h206  2 0.0028 0.0017 0.0039 0.9853 0.0021 0.0020 0.0023 
        h207  2 0.0014 0.0015 0.0027 0.9884 0.0020 0.0021 0.0020 
        h208  2 0.0014 0.0011 0.0027 0.9889 0.0020 0.0020 0.0019 
        h209  2 0.0022 0.0019 0.0046 0.9866 0.0013 0.0015 0.0019 
        h210  2 0.0012 0.0015 0.0025 0.9906 0.0016 0.0014 0.0012 
        h211  2 0.0028 0.0012 0.0032 0.9816 0.0026 0.0025 0.0062 
        h212  2 0.0019 0.0015 0.0022 0.9874 0.0029 0.0023 0.0018 
        h213  2 0.0021 0.0027 0.0019 0.9861 0.0020 0.0025 0.0027 
        h214  2 0.0022 0.0018 0.0032 0.9848 0.0017 0.0039 0.0023 
        h215  2 0.0016 0.0021 0.0022 0.9893 0.0014 0.0020 0.0014 
        h216  2 0.0022 0.0024 0.0027 0.9852 0.0022 0.0025 0.0027 
        h217  2 0.0013 0.0026 0.0015 0.9903 0.0014 0.0015 0.0014 
        h218  2 0.0014 0.0012 0.0014 0.9907 0.0022 0.0015 0.0017 
        h219  2 0.0029 0.0018 0.0018 0.9799 0.0025 0.0089 0.0023 
        h220  2 0.0015 0.0012 0.0021 0.9858 0.0018 0.0020 0.0055 
        h221  2 0.0026 0.0015 0.0016 0.9853 0.0028 0.0041 0.0019 
        h222  2 0.0017 0.0035 0.0031 0.9860 0.0017 0.0018 0.0023 
        h223  2 0.0054 0.0015 0.0023 0.9787 0.0048 0.0035 0.0039 
        h224  2 0.0019 0.0025 0.0013 0.9886 0.0022 0.0012 0.0023 
        h225  2 0.0025 0.0022 0.0030 0.9812 0.0021 0.0058 0.0032 
        h226  2 0.0017 0.0089 0.0023 0.9816 0.0018 0.0019 0.0018 
        h227  2 0.0026 0.0031 0.0413 0.9423 0.0037 0.0043 0.0028 
        h228  2 0.0043 0.0097 0.0027 0.9714 0.0024 0.0024 0.0071 
        h229  2 0.0026 0.0028 0.0035 0.9652 0.0128 0.0076 0.0054 
        h230  2 0.0110 0.0029 0.0109 0.9591 0.0034 0.0059 0.0067 
        h231  2 0.0035 0.0027 0.0062 0.9789 0.0029 0.0023 0.0035 
        h232  2 0.0017 0.0026 0.0038 0.9848 0.0020 0.0027 0.0022 
        h233  2 0.0014 0.0015 0.0016 0.9902 0.0020 0.0018 0.0015 
        h234  2 0.0015 0.0023 0.0025 0.9874 0.0016 0.0028 0.0020 
        h235  2 0.0029 0.0035 0.0014 0.9839 0.0026 0.0020 0.0037 
        h236  2 0.0035 0.0131 0.0027 0.9711 0.0042 0.0015 0.0040 
        h237  2 0.0042 0.0013 0.0046 0.9829 0.0018 0.0025 0.0028 
        h238  2 0.0053 0.0169 0.0031 0.9421 0.0154 0.0045 0.0127 
        h239  2 0.0029 0.0042 0.0043 0.9823 0.0020 0.0017 0.0026 
        h240  2 0.0016 0.0010 0.0014 0.9911 0.0016 0.0018 0.0014 
        h241  2 0.0018 0.0017 0.0032 0.9861 0.0016 0.0033 0.0022 
        h242  2 0.0015 0.0014 0.0018 0.9907 0.0016 0.0014 0.0016 
        h243  2 0.0018 0.0018 0.0017 0.9885 0.0022 0.0020 0.0019 
        h244  2 0.0018 0.0024 0.0061 0.9833 0.0024 0.0014 0.0027 
        h245  2 0.0021 0.0031 0.0032 0.9817 0.0027 0.0048 0.0023 
        h246  2 0.0056 0.0034 0.0028 0.9795 0.0018 0.0020 0.0048 
        h247  2 0.0018 0.0057 0.0067 0.9735 0.0021 0.0067 0.0034 
        h248  2 0.0011 0.0019 0.0021 0.9914 0.0012 0.0012 0.0012 
        h249  2 0.0021 0.0020 0.0028 0.9835 0.0024 0.0040 0.0032 
        h250  2 0.0027 0.0030 0.0071 0.9769 0.0045 0.0035 0.0023 
      MSV1TX  3 0.4106 0.0029 0.0019 0.5691 0.0034 0.0024 0.0096 
      MSV025  3 0.0137 0.0095 0.0038 0.1780 0.0103 0.0171 0.7677 
      MSV02C  3 0.0246 0.0080 0.0105 0.3665 0.0036 0.0110 0.5757 
      MSV02E  3 0.0039 0.0039 0.0026 0.2473 0.0023 0.0702 0.6699 
      MSV0TF  3 0.0034 0.0035 0.0010 0.2037 0.0029 0.0034 0.7821 
       M2EL8  3 0.0145 0.0427 0.0065 0.0804 0.0033 0.0095 0.8431 
      MSV21T  4 0.0090 0.0020 0.0106 0.0031 0.0032 0.0055 0.9666 
       M2E71  4 0.0771 0.0021 0.0036 0.0152 0.0167 0.0705 0.8149 
       W23CA  5 0.0033 0.0016 0.0035 0.0017 0.0047 0.0051 0.9801 
     AP.085Y  5 0.0043 0.0034 0.0052 0.0022 0.0034 0.0034 0.9781 
     CH.0LLY  5 0.0017 0.0026 0.0108 0.0060 0.0032 0.0027 0.9730 
       M0LEC  5 0.0059 0.0014 0.0016 0.0015 0.0054 0.0018 0.9824 
       M2C3H  5 0.0024 0.0035 0.0075 0.0026 0.0033 0.0054 0.9753 
       M2CHL  5 0.0013 0.0023 0.0101 0.0098 0.0025 0.0027 0.9713 
       W26P7  5 0.0019 0.0017 0.0035 0.0023 0.0020 0.0052 0.9835 
     AP.07M5  5 0.0167 0.0620 0.0018 0.0032 0.0115 0.0050 0.8999 
     AP.080U  5 0.0028 0.0015 0.0037 0.0029 0.0025 0.0029 0.9838 
     AP.082A  5 0.0046 0.0026 0.0014 0.0016 0.0023 0.0022 0.9853 
     AP.0843  5 0.0028 0.0033 0.0017 0.0049 0.0090 0.0015 0.9767 
     AP.0844  5 0.0024 0.0015 0.0056 0.0162 0.0040 0.0030 0.9674 
     AP.084X  5 0.0034 0.0020 0.0012 0.0017 0.0022 0.0021 0.9873 
     AP.086Y  5 0.0020 0.0022 0.0020 0.0020 0.0022 0.0065 0.9831 
     AP.0870  5 0.0037 0.0019 0.0098 0.0025 0.0034 0.0144 0.9642 
     AP.0878  5 0.0019 0.0020 0.0054 0.0030 0.0031 0.0061 0.9787 
     AP.087F  5 0.0018 0.0015 0.0037 0.0024 0.0028 0.0018 0.9860 
     AP.087Y  5 0.0015 0.0019 0.0070 0.0075 0.0024 0.0025 0.9772 
     AP.088P  5 0.0112 0.0032 0.0018 0.0047 0.0045 0.0044 0.9703 
     AP.08AK  5 0.0134 0.0129 0.0013 0.0052 0.0026 0.0023 0.9623 
     CH.0LLM  5 0.0077 0.0038 0.0069 0.0020 0.0017 0.0034 0.9747 
     CH.0LLU  5 0.0086 0.0045 0.0120 0.0170 0.0066 0.0029 0.9484 
     CH.0LM0  5 0.0024 0.0042 0.0024 0.0116 0.0053 0.0016 0.9724 
     CH.0LM3  5 0.0109 0.0064 0.0016 0.0058 0.0053 0.0027 0.9673 
       W26MY  5 0.0035 0.0358 0.0066 0.0869 0.0077 0.0107 0.8489 
       W26P6  5 0.0057 0.0032 0.0015 0.0336 0.0040 0.0028 0.9492 
      HRV07U  5 0.0061 0.0027 0.0364 0.0054 0.0135 0.0063 0.9296 
      HRV1CT  5 0.0099 0.0026 0.0023 0.0021 0.0023 0.0026 0.9781 
      HRV1CU  5 0.2662 0.0040 0.0049 0.0016 0.0037 0.0059 0.7138 
      HRV1E6  5 0.0093 0.0025 0.0021 0.0016 0.0039 0.0040 0.9765 
      HRV081  5 0.1109 0.0092 0.0013 0.0013 0.0027 0.0023 0.8723 
      HRV1E3  5 0.0044 0.0017 0.0037 0.0029 0.0057 0.0021 0.9795 
      MSV21E  5 0.0094 0.0069 0.0037 0.0034 0.0024 0.0038 0.9704 
      MSV216  5 0.0075 0.0065 0.0090 0.0021 0.0029 0.2437 0.7283 
       M0TYK  5 0.0085 0.0032 0.0026 0.0061 0.0038 0.0038 0.9720 
      MSV2AA  5 0.0665 0.0024 0.0029 0.0100 0.0025 0.0036 0.9122 
     CK.0PET  5 0.0038 0.0076 0.0110 0.0269 0.0033 0.0169 0.9306 
       M2E8C  5 0.9715 0.0035 0.0028 0.0021 0.0024 0.0025 0.0152 
      MSV23X  5 0.0177 0.0053 0.0028 0.0036 0.0021 0.0048 0.9638 
      MSV32A  5 0.0154 0.0020 0.0024 0.0033 0.0047 0.0080 0.9642 
     AP.0838  5 0.0070 0.0011 0.0524 0.0018 0.0026 0.0071 0.9280 
     AP.088F  5 0.0087 0.0018 0.0065 0.0025 0.0133 0.0114 0.9558 
      DAM2HL  6 0.0316 0.0022 0.0019 0.0018 0.0187 0.0069 0.9370 
       M2ALK  6 0.6657 0.0021 0.0211 0.0032 0.0041 0.2561 0.0478 
       M2E2J  6 0.0250 0.0255 0.0018 0.0181 0.0018 0.0016 0.9262 
       M2E73  6 0.3031 0.0030 0.0043 0.0028 0.0046 0.0081 0.6740 
       M2E74  6 0.8846 0.0018 0.0548 0.0028 0.0051 0.0450 0.0059 
       M2EUJ  6 0.3277 0.0022 0.1048 0.0023 0.1534 0.0957 0.3138 
      DAM1XK  6 0.0443 0.0021 0.0016 0.0019 0.0205 0.0060 0.9236 
       M2057  6 0.9718 0.0012 0.0029 0.0031 0.0052 0.0034 0.0124 
       M2271  6 0.9717 0.0159 0.0024 0.0013 0.0029 0.0031 0.0026 
       M27YK  6 0.0072 0.0014 0.0411 0.0133 0.0281 0.0255 0.8835 
       M2A1H  6 0.5229 0.4593 0.0019 0.0016 0.0021 0.0078 0.0044 
       M2E0P  6 0.9364 0.0037 0.0017 0.0017 0.0025 0.0033 0.0508 
       M2E75  6 0.9540 0.0042 0.0014 0.0013 0.0217 0.0034 0.0141 
       M2E76  6 0.9804 0.0015 0.0041 0.0022 0.0032 0.0047 0.0038 
      MSV0T5  6 0.9194 0.0029 0.0013 0.0053 0.0066 0.0047 0.0599 
      MSV241  6 0.9759 0.0025 0.0018 0.0024 0.0043 0.0026 0.0104 
      MSV2A0  6 0.9765 0.0055 0.0030 0.0032 0.0034 0.0029 0.0055 
      MSV2A1  6 0.9885 0.0021 0.0015 0.0013 0.0022 0.0021 0.0023 
      MSV2A8  6 0.9638 0.0020 0.0029 0.0017 0.0031 0.0123 0.0142 
      DAM1P5  6 0.9901 0.0013 0.0012 0.0010 0.0014 0.0014 0.0036 
       M1084  6 0.7959 0.0018 0.0023 0.0018 0.0062 0.0059 0.1860 
      MSV2M4  6 0.9700 0.0043 0.0032 0.0023 0.0064 0.0032 0.0106 
      MSV2T6  6 0.9660 0.0185 0.0017 0.0022 0.0037 0.0030 0.0050 
       M1UM1  6 0.0612 0.0036 0.0075 0.0035 0.0180 0.0035 0.9028 
       M2ECL  6 0.8245 0.0014 0.0317 0.0127 0.0113 0.0118 0.1065 
       M2EJ0  6 0.3877 0.0016 0.0022 0.0015 0.0766 0.0035 0.5269 
      MSV20J  6 0.9537 0.0043 0.0025 0.0016 0.0065 0.0083 0.0232 
      MSV2TK  6 0.8395 0.0014 0.0595 0.0095 0.0069 0.0054 0.0779 
      MSV2TX  6 0.9658 0.0019 0.0018 0.0013 0.0022 0.0060 0.0209 
      MSV310  6 0.9813 0.0031 0.0020 0.0031 0.0022 0.0028 0.0055 
      MSV33F  6 0.9798 0.0065 0.0020 0.0028 0.0027 0.0022 0.0039 
      DAM35L  6 0.9759 0.0072 0.0018 0.0015 0.0044 0.0021 0.0071 
       M2E4C  6 0.9491 0.0020 0.0029 0.0016 0.0024 0.0092 0.0328 
       M2E4H  6 0.0427 0.0040 0.0038 0.0019 0.0109 0.0015 0.9352 
       M2E65  6 0.9301 0.0019 0.0067 0.0028 0.0096 0.0448 0.0042 
       M2EEJ  6 0.9865 0.0034 0.0020 0.0019 0.0016 0.0018 0.0029 
       M2EEP  6 0.9534 0.0080 0.0034 0.0027 0.0047 0.0115 0.0164 
      MSV1TU  6 0.1430 0.0035 0.0018 0.0032 0.0028 0.0039 0.8418 
      MSV20M  6 0.9689 0.0032 0.0024 0.0014 0.0040 0.0066 0.0134 
      MSV223  6 0.0190 0.0024 0.0016 0.0023 0.0029 0.0024 0.9694 
      MSV22E  6 0.9777 0.0030 0.0028 0.0020 0.0038 0.0033 0.0076 
      MSV23J  6 0.0101 0.0023 0.0021 0.0018 0.0025 0.0014 0.9799 
      MSV2K6  6 0.9853 0.0028 0.0017 0.0016 0.0019 0.0024 0.0042 
      DAM23U  6 0.4578 0.0047 0.0079 0.0066 0.0031 0.0108 0.5092 
       M2E8A  6 0.9790 0.0048 0.0035 0.0016 0.0025 0.0035 0.0050 
      MSV2L2  6 0.9778 0.0070 0.0021 0.0021 0.0022 0.0030 0.0058 
       M1YMH  6 0.7961 0.0079 0.0025 0.0055 0.0047 0.0033 0.1799 
       M2A84  6 0.3155 0.0058 0.0024 0.0068 0.0035 0.0035 0.6625 
      MSV23M  6 0.0106 0.0025 0.0031 0.0023 0.0306 0.0038 0.9470 
     AP.085T  6 0.9639 0.0043 0.0017 0.0014 0.0029 0.0051 0.0206 
     AP.086J  6 0.0571 0.0067 0.0048 0.0019 0.7430 0.1377 0.0487 
     AP.08C2  6 0.0039 0.0166 0.0563 0.0146 0.0506 0.0409 0.8171 
     AP.08CF  6 0.9659 0.0053 0.0018 0.0014 0.0076 0.0055 0.0125 
     AP.08CX  6 0.9862 0.0016 0.0015 0.0012 0.0023 0.0028 0.0044 
     AP.08CY  6 0.9672 0.0022 0.0092 0.0023 0.0101 0.0047 0.0043 
      DAM0JX  6 0.1570 0.0065 0.0020 0.0018 0.0092 0.0038 0.8198 
      DAM0P4  6 0.0651 0.0053 0.0022 0.0016 0.0032 0.0021 0.9204 
      DAM0UK  6 0.8533 0.0027 0.0083 0.0038 0.0433 0.0030 0.0856 
       M2030  6 0.9774 0.0066 0.0020 0.0015 0.0065 0.0027 0.0032 
      MSV24M  6 0.9331 0.0023 0.0019 0.0023 0.0069 0.0033 0.0502 
       M20AM  6 0.1445 0.0016 0.0220 0.0021 0.0955 0.0442 0.6900 
       M21YP  6 0.0018 0.0015 0.9891 0.0015 0.0017 0.0027 0.0017 
       M2205  6 0.9842 0.0033 0.0018 0.0011 0.0037 0.0025 0.0034 
       M2206  6 0.9794 0.0021 0.0018 0.0014 0.0050 0.0053 0.0050 
      MSV267  6 0.9317 0.0029 0.0016 0.0018 0.0116 0.0033 0.0472 
       M2757  6 0.3504 0.0022 0.0194 0.0027 0.0592 0.0662 0.4999 
       M27TH  6 0.9551 0.0013 0.0044 0.0021 0.0079 0.0049 0.0244 
      MSV2JA  6 0.5424 0.2294 0.0540 0.0057 0.0042 0.0170 0.1472 
      MSV2KU  6 0.9709 0.0060 0.0032 0.0025 0.0038 0.0099 0.0037 
      MSV2MF  6 0.6722 0.0057 0.0026 0.0022 0.0044 0.1578 0.1551 
      MSV2TA  6 0.9879 0.0015 0.0021 0.0012 0.0018 0.0024 0.0030 
      MSV2TE  6 0.9862 0.0019 0.0017 0.0011 0.0018 0.0024 0.0049 
      MSV2TU  6 0.8731 0.0025 0.0023 0.0192 0.0192 0.0034 0.0803 
      MSV2UT  6 0.9040 0.0022 0.0062 0.0024 0.0075 0.0287 0.0491 
      MSV306  6 0.9785 0.0019 0.0025 0.0018 0.0067 0.0043 0.0043 
      MSV311  6 0.9621 0.0018 0.0024 0.0012 0.0234 0.0031 0.0060 
      MSV31M  6 0.8381 0.0022 0.0044 0.0028 0.0555 0.0048 0.0921 
      MSV325  6 0.9208 0.0091 0.0018 0.0021 0.0025 0.0043 0.0594 
      MSV32H  6 0.9645 0.0078 0.0047 0.0037 0.0052 0.0028 0.0114 
     CX.112U  6 0.9588 0.0025 0.0034 0.0022 0.0178 0.0067 0.0085 
      DAM2PC  6 0.2369 0.7454 0.0017 0.0012 0.0014 0.0022 0.0112 
       M2E48  6 0.9738 0.0024 0.0019 0.0018 0.0032 0.0081 0.0088 
       M2E7K  6 0.9559 0.0027 0.0027 0.0019 0.0034 0.0098 0.0237 
       M2E80  6 0.9784 0.0034 0.0022 0.0019 0.0025 0.0064 0.0052 
       M2EAM  6 0.9843 0.0018 0.0023 0.0011 0.0020 0.0031 0.0054 
       M2EFF  6 0.9797 0.0020 0.0043 0.0029 0.0021 0.0055 0.0035 
       M2EFY  6 0.9758 0.0013 0.0045 0.0019 0.0029 0.0040 0.0096 
       M2EHM  6 0.9761 0.0048 0.0018 0.0015 0.0074 0.0034 0.0050 
       M2EK0  6 0.1086 0.0050 0.0037 0.0018 0.0099 0.0031 0.8679 
       M2EK1  6 0.7272 0.0033 0.0060 0.0014 0.0041 0.0025 0.2556 
      MSV22F  6 0.9158 0.0051 0.0016 0.0018 0.0079 0.0106 0.0572 
      MSV273  6 0.9846 0.0016 0.0032 0.0027 0.0019 0.0029 0.0031 
      MSV0TL  6 0.1128 0.6376 0.0024 0.0056 0.0084 0.0130 0.2202 
      MSV0TT  6 0.9866 0.0026 0.0020 0.0018 0.0019 0.0027 0.0023 
      MSV12H  6 0.0126 0.0031 0.0014 0.0016 0.0021 0.0068 0.9724 
      MSV1TH  6 0.9136 0.0058 0.0037 0.0022 0.0062 0.0640 0.0045 
      MSV275  6 0.9796 0.0079 0.0029 0.0023 0.0020 0.0031 0.0022 
      MSV286  6 0.9501 0.0024 0.0055 0.0039 0.0069 0.0272 0.0041 
      MSV2H4  6 0.9848 0.0017 0.0034 0.0013 0.0022 0.0026 0.0040 
      MSV2K8  6 0.8947 0.0028 0.0195 0.0017 0.0662 0.0027 0.0126 
      MSV2PM  6 0.9900 0.0013 0.0012 0.0010 0.0014 0.0014 0.0037 
      MSV2X3  6 0.9807 0.0027 0.0012 0.0010 0.0022 0.0022 0.0100 
      MSV2X4  6 0.9795 0.0043 0.0020 0.0025 0.0042 0.0023 0.0051 
      MSV30U  6 0.9791 0.0025 0.0017 0.0011 0.0020 0.0024 0.0112 
     CX.111C  6 0.9015 0.0055 0.0012 0.0012 0.0026 0.0025 0.0855 
     AP.07M2  7 0.0038 0.0043 0.0018 0.0075 0.0075 0.0034 0.9716 
      HRV05C  7 0.0056 0.0060 0.0017 0.0029 0.0028 0.0018 0.9792 
      HRV077  7 0.0204 0.0107 0.0264 0.0027 0.0090 0.0171 0.9137 
      HRV0A0  7 0.9845 0.0024 0.0014 0.0014 0.0020 0.0028 0.0055 
      HRV0MC  7 0.0360 0.0082 0.0025 0.0018 0.0025 0.0018 0.9473 
      HRV00P  7 0.9851 0.0030 0.0030 0.0012 0.0030 0.0024 0.0023 
      HRV01J  7 0.9839 0.0039 0.0036 0.0017 0.0018 0.0023 0.0029 
      HRV026  7 0.9844 0.0055 0.0013 0.0015 0.0024 0.0021 0.0027 
      HRV02C  7 0.9841 0.0026 0.0017 0.0012 0.0021 0.0018 0.0067 
      HRV031  7 0.9776 0.0026 0.0016 0.0013 0.0041 0.0020 0.0107 
      HRV033  7 0.9776 0.0027 0.0016 0.0013 0.0041 0.0020 0.0106 
      HRV05L  7 0.2898 0.0032 0.0036 0.0015 0.1641 0.0040 0.5339 
      HRV06A  7 0.9820 0.0026 0.0040 0.0015 0.0030 0.0022 0.0047 
      HRV07P  7 0.0272 0.0039 0.0020 0.0014 0.0047 0.0033 0.9575 
      HRV0HC  7 0.0080 0.0026 0.0046 0.0037 0.0023 0.0022 0.9765 
      HRV0HU  7 0.3193 0.0044 0.0023 0.0031 0.0333 0.0034 0.6341 
      HRV0K1  7 0.9704 0.0041 0.0032 0.0015 0.0100 0.0023 0.0084 
      HRV0M6  7 0.9591 0.0060 0.0056 0.0041 0.0205 0.0022 0.0026 
      HRV0M7  7 0.5118 0.0020 0.0072 0.0022 0.0062 0.0058 0.4648 
      HRV0MK  7 0.9840 0.0017 0.0037 0.0012 0.0043 0.0024 0.0027 
      HRV1C7  7 0.9263 0.0043 0.0020 0.0015 0.0529 0.0031 0.0098 
      HRV1EA  7 0.0576 0.0018 0.0055 0.0063 0.0030 0.0087 0.9172 
       M147K  7 0.9818 0.0034 0.0054 0.0010 0.0016 0.0018 0.0049 
      HRV008  7 0.1050 0.0143 0.0016 0.0016 0.0034 0.0019 0.8721 
      HRV015  7 0.9843 0.0058 0.0021 0.0021 0.0016 0.0016 0.0026 
      HRV01F  7 0.9829 0.0030 0.0047 0.0027 0.0023 0.0016 0.0028 
      HRV01L  7 0.9860 0.0034 0.0016 0.0014 0.0031 0.0023 0.0022 
      HRV01M  7 0.2953 0.0113 0.0024 0.0026 0.0196 0.0320 0.6368 
      HRV020  7 0.9830 0.0055 0.0016 0.0023 0.0017 0.0040 0.0019 
      HRV022  7 0.9812 0.0046 0.0039 0.0036 0.0017 0.0018 0.0031 
      HRV02A  7 0.9871 0.0020 0.0025 0.0023 0.0019 0.0020 0.0022 
      HRV02K  7 0.9705 0.0110 0.0017 0.0040 0.0037 0.0069 0.0022 
      HRV04C  7 0.9838 0.0030 0.0013 0.0014 0.0018 0.0046 0.0041 
      HRV05H  7 0.0246 0.0028 0.0062 0.0025 0.0087 0.0034 0.9518 
      HRV076  7 0.0112 0.0043 0.0030 0.0030 0.0031 0.0057 0.9697 
      HRV07H  7 0.0101 0.0021 0.0018 0.0012 0.0030 0.0022 0.9797 
      HRV07X  7 0.0854 0.0015 0.0024 0.0063 0.0073 0.0043 0.8927 
      HRV080  7 0.0099 0.0019 0.0012 0.0012 0.0020 0.0021 0.9816 
      HRV086  7 0.9684 0.0039 0.0032 0.0029 0.0051 0.0025 0.0141 
      HRV0H3  7 0.9824 0.0041 0.0035 0.0019 0.0025 0.0027 0.0028 
      HRV0J3  7 0.9080 0.0017 0.0067 0.0029 0.0042 0.0034 0.0732 
      HRV0JX  7 0.0139 0.0046 0.0067 0.0037 0.0041 0.0035 0.9635 
      HRV0ML  7 0.9776 0.0054 0.0018 0.0012 0.0029 0.0020 0.0090 
      HRV1E8  7 0.0293 0.0027 0.0028 0.0017 0.0064 0.0044 0.9527 
      HRV007  7 0.0347 0.0041 0.0031 0.0024 0.0128 0.0135 0.9294 
      HRV005  7 0.9737 0.0030 0.0038 0.0019 0.0041 0.0064 0.0071 
      HRV05U  7 0.0044 0.0044 0.0018 0.0014 0.0067 0.0026 0.9787 
      HRV01U  7 0.0047 0.0015 0.0035 0.0015 0.0026 0.0028 0.9834 
     AP.07M1  7 0.9839 0.0032 0.0026 0.0015 0.0038 0.0025 0.0025 
     AP.07ME  7 0.2583 0.0092 0.0116 0.0028 0.0239 0.0265 0.6677 
     AP.0817  7 0.0042 0.0015 0.0025 0.0016 0.0046 0.0047 0.9808 
     AP.0863  7 0.0132 0.0063 0.0033 0.0061 0.0140 0.0093 0.9478 
     AP.087T  7 0.0052 0.0032 0.0012 0.0046 0.0049 0.0020 0.9789 
     AP.088T  7 0.0087 0.0026 0.0016 0.0013 0.0050 0.0023 0.9784 
     CH.0LM1  7 0.0066 0.0047 0.0023 0.0018 0.0059 0.0029 0.9758 
       M05X5  7 0.0225 0.0103 0.0050 0.0081 0.0413 0.0258 0.8870 
       M06JH  7 0.0111 0.0070 0.0056 0.0129 0.0047 0.0677 0.8910 
       M0A6K  7 0.0536 0.0023 0.0046 0.0021 0.0108 0.0041 0.9226 
       M0ETF  7 0.9859 0.0043 0.0017 0.0014 0.0026 0.0020 0.0022 
       M0LUP  7 0.9659 0.0036 0.0031 0.0022 0.0048 0.0023 0.0181 
       M16F1  7 0.9592 0.0239 0.0021 0.0018 0.0038 0.0022 0.0070 
       M182M  7 0.9699 0.0013 0.0033 0.0023 0.0078 0.0040 0.0114 
       M1CFL  7 0.9635 0.0093 0.0023 0.0018 0.0110 0.0038 0.0084 
       M2AXY  7 0.0330 0.0020 0.0069 0.0017 0.0067 0.0201 0.9295 
       M2AY2  7 0.0111 0.0026 0.0024 0.0056 0.0059 0.0033 0.9690 
       M2CHP  7 0.0075 0.0052 0.0036 0.0067 0.0076 0.0091 0.9603 
       W26LK  7 0.0384 0.0027 0.0016 0.0015 0.0079 0.0152 0.9326 
       W26ME  7 0.0081 0.0048 0.0457 0.0020 0.0030 0.0111 0.9252 
     AM.07FM  7 0.9792 0.0074 0.0021 0.0010 0.0021 0.0026 0.0055 
     AM.07FP  7 0.9841 0.0042 0.0018 0.0016 0.0020 0.0023 0.0041 
     AP.07M4  7 0.0205 0.0025 0.0013 0.0012 0.0039 0.0029 0.9676 
     AP.07M7  7 0.2786 0.0017 0.0011 0.0011 0.0018 0.0013 0.7144 
     AP.07M8  7 0.0061 0.0026 0.0016 0.0016 0.0036 0.0025 0.9821 
     AP.07MA  7 0.1820 0.0041 0.0021 0.0053 0.0022 0.0026 0.8017 
     AP.07MC  7 0.0043 0.0018 0.0064 0.0012 0.0044 0.0032 0.9787 
     AP.07P8  7 0.3521 0.0170 0.0017 0.0086 0.0068 0.0021 0.6117 
     AP.07U8  7 0.0100 0.0350 0.0026 0.0021 0.0045 0.0028 0.9430 
     AP.081F  7 0.0062 0.0029 0.0018 0.0015 0.0020 0.0021 0.9835 
     AP.081H  7 0.0146 0.0055 0.0105 0.0372 0.8569 0.0077 0.0676 
     AP.0820  7 0.0032 0.0037 0.0015 0.0044 0.0042 0.0022 0.9809 
     AP.0841  7 0.0244 0.0035 0.0109 0.0427 0.1469 0.0178 0.7536 
     AP.0858  7 0.0039 0.0041 0.0027 0.0017 0.0042 0.0035 0.9799 
     AP.085U  7 0.0082 0.0037 0.0029 0.0127 0.0144 0.0037 0.9544 
     AP.085X  7 0.9599 0.0086 0.0073 0.0014 0.0060 0.0045 0.0122 
     AP.0861  7 0.7231 0.0142 0.0089 0.0056 0.0057 0.0031 0.2395 
     AP.0864  7 0.0305 0.0036 0.0014 0.0013 0.0044 0.0033 0.9555 
     AP.086X  7 0.9055 0.0019 0.0019 0.0023 0.0248 0.0020 0.0615 
     AP.0872  7 0.0314 0.0033 0.0019 0.0015 0.0044 0.0037 0.9538 
     AP.0875  7 0.0025 0.0027 0.0161 0.0126 0.0838 0.0037 0.8786 
     AP.087A  7 0.9562 0.0026 0.0104 0.0024 0.0054 0.0023 0.0208 
     AP.087C  7 0.6413 0.0058 0.0063 0.0040 0.0763 0.0066 0.2597 
     AP.087E  7 0.9744 0.0023 0.0023 0.0015 0.0028 0.0020 0.0145 
     AP.087H  7 0.9512 0.0106 0.0020 0.0014 0.0030 0.0170 0.0148 
     AP.087K  7 0.0081 0.0081 0.0032 0.0021 0.0177 0.0077 0.9531 
     AP.087L  7 0.9614 0.0131 0.0020 0.0016 0.0073 0.0020 0.0127 
     AP.087M  7 0.0031 0.0022 0.0018 0.0016 0.0039 0.0025 0.9848 
     AP.087P  7 0.0078 0.0019 0.0037 0.0016 0.0031 0.0028 0.9791 
     AP.087U  7 0.0223 0.0309 0.0066 0.0093 0.3336 0.0091 0.5881 
     AP.087X  7 0.0131 0.0067 0.0087 0.0038 0.4415 0.0108 0.5155 
     AP.0881  7 0.0292 0.0076 0.0185 0.0079 0.4871 0.0182 0.4313 
     AP.0882  7 0.8976 0.0049 0.0041 0.0018 0.0057 0.0817 0.0041 
     AP.0883  7 0.0050 0.0064 0.0018 0.0047 0.0071 0.0051 0.9698 
     AP.0884  7 0.0252 0.0024 0.0013 0.0012 0.0043 0.0024 0.9632 
     AP.0885  7 0.0114 0.0041 0.0042 0.0029 0.0042 0.0040 0.9693 
     AP.0887  7 0.9032 0.0035 0.0037 0.0018 0.0295 0.0112 0.0471 
     AP.0888  7 0.0034 0.0022 0.0117 0.2113 0.0499 0.0031 0.7183 
     AP.088A  7 0.5512 0.0024 0.0028 0.0023 0.0058 0.0423 0.3931 
     AP.088C  7 0.5964 0.0425 0.0101 0.0079 0.3235 0.0031 0.0164 
     AP.088J  7 0.0036 0.0023 0.0110 0.0022 0.0044 0.0020 0.9744 
     AP.088K  7 0.1300 0.0061 0.0064 0.0029 0.1171 0.0088 0.7287 
     AP.088L  7 0.9799 0.0030 0.0017 0.0014 0.0043 0.0029 0.0068 
     AP.088U  7 0.9621 0.0053 0.0041 0.0017 0.0023 0.0068 0.0177 
     AP.088X  7 0.0245 0.0098 0.0015 0.0040 0.0153 0.0206 0.9243 
     AP.08A0  7 0.0055 0.0016 0.0012 0.0012 0.0075 0.0014 0.9817 
     AP.08A1  7 0.9357 0.0026 0.0039 0.0024 0.0177 0.0038 0.0338 
     AP.08A3  7 0.9430 0.0026 0.0023 0.0017 0.0050 0.0018 0.0436 
     AP.08A4  7 0.3361 0.0635 0.0060 0.0063 0.4866 0.0209 0.0806 
     AP.08A5  7 0.9769 0.0028 0.0029 0.0014 0.0038 0.0026 0.0097 
     AP.08A6  7 0.0054 0.0016 0.0022 0.0020 0.0033 0.0035 0.9821 
     AP.08A8  7 0.0088 0.0043 0.0020 0.0017 0.0119 0.0024 0.9690 
     AP.08AC  7 0.0257 0.0096 0.0036 0.0056 0.0111 0.0021 0.9422 
     AP.08AH  7 0.0088 0.0046 0.0178 0.0021 0.0123 0.0051 0.9493 
     AP.08AJ  7 0.0245 0.0025 0.0022 0.0024 0.0025 0.0025 0.9635 
     AP.08AM  7 0.1313 0.0049 0.0017 0.0016 0.0155 0.0033 0.8418 
     AP.08AT  7 0.0041 0.0019 0.0011 0.0015 0.0021 0.0022 0.9871 
     AP.08AX  7 0.9731 0.0022 0.0011 0.0012 0.0035 0.0017 0.0173 
     CH.0LLP  7 0.0077 0.0024 0.0014 0.0013 0.0066 0.0015 0.9791 
     CH.0LM2  7 0.1043 0.0060 0.0072 0.0024 0.0157 0.0142 0.8502 
     CH.0LM4  7 0.0025 0.0019 0.0025 0.0012 0.0086 0.0042 0.9792 
     CH.0LM5  7 0.0080 0.0027 0.0022 0.0014 0.0030 0.0046 0.9779 
       M0102  7 0.8876 0.0029 0.0020 0.0023 0.0036 0.0022 0.0994 
       M023A  7 0.9763 0.0020 0.0011 0.0012 0.0023 0.0055 0.0117 
       M03MM  7 0.6597 0.0025 0.0047 0.0028 0.0092 0.0110 0.3101 
       M04PF  7 0.0297 0.0046 0.0014 0.0015 0.0024 0.0027 0.9577 
       M04XH  7 0.0147 0.0025 0.0060 0.0027 0.0026 0.0076 0.9638 
       M04XM  7 0.9738 0.0053 0.0018 0.0018 0.0072 0.0027 0.0074 
       M0557  7 0.0027 0.0016 0.0031 0.0020 0.0020 0.0031 0.9855 
       M055C  7 0.0166 0.0049 0.0024 0.0135 0.0068 0.0117 0.9442 
       M05JC  7 0.0429 0.0019 0.0024 0.0017 0.0047 0.1019 0.8445 
       M05PH  7 0.0154 0.0043 0.0184 0.0022 0.0055 0.0094 0.9448 
       M05X6  7 0.8418 0.0033 0.0014 0.0031 0.0029 0.0157 0.1319 
       M07TC  7 0.9129 0.0018 0.0017 0.0030 0.0028 0.0037 0.0741 
       M0A66  7 0.9041 0.0050 0.0032 0.0013 0.0040 0.0119 0.0704 
       M0EYT  7 0.9883 0.0027 0.0019 0.0012 0.0017 0.0019 0.0023 
       M0FF2  7 0.9867 0.0035 0.0012 0.0011 0.0026 0.0020 0.0029 
       M0HJ6  7 0.0651 0.0027 0.0119 0.0038 0.0223 0.0133 0.8810 
      HRV0JL  7 0.9870 0.0022 0.0014 0.0011 0.0029 0.0018 0.0037 
      HRV0JP  7 0.8897 0.0258 0.0227 0.0052 0.0028 0.0036 0.0503 
      HRV0KA  7 0.4574 0.0023 0.0081 0.0021 0.0046 0.0030 0.5225 
      HRV0LJ  7 0.0103 0.0107 0.0028 0.0039 0.0065 0.0081 0.9577 
      HRV0LM  7 0.0108 0.0034 0.0015 0.0017 0.0033 0.0028 0.9764 
      HRV0LP  7 0.0265 0.0095 0.0088 0.0087 0.0138 0.0350 0.8977 
       M0HJ8  7 0.9865 0.0022 0.0021 0.0014 0.0018 0.0035 0.0024 
       M0HM3  7 0.5560 0.0127 0.0040 0.0016 0.0684 0.0078 0.3495 
       M0J1X  7 0.9667 0.0032 0.0110 0.0024 0.0035 0.0019 0.0112 
       M0L32  7 0.8355 0.0155 0.0040 0.0027 0.0028 0.0055 0.1340 
       M0L8F  7 0.0055 0.0020 0.0014 0.0059 0.0043 0.0066 0.9744 
       M0LUH  7 0.8944 0.0025 0.0023 0.0020 0.0029 0.0015 0.0944 
       M0XPJ  7 0.9813 0.0043 0.0027 0.0016 0.0033 0.0036 0.0033 
       M0XTE  7 0.0574 0.0027 0.0071 0.0054 0.0068 0.0042 0.9164 
       M157H  7 0.9006 0.0418 0.0020 0.0017 0.0190 0.0041 0.0309 
       M16YU  7 0.9807 0.0030 0.0010 0.0011 0.0023 0.0038 0.0081 
       M1751  7 0.8706 0.0031 0.0022 0.0019 0.0108 0.0029 0.1084 
       M1C2H  7 0.9878 0.0017 0.0018 0.0013 0.0021 0.0021 0.0033 
       M1E60  7 0.0045 0.0017 0.0013 0.0010 0.0025 0.0017 0.9873 
       M1EKX  7 0.9828 0.0024 0.0013 0.0012 0.0022 0.0036 0.0065 
       M1EKY  7 0.0320 0.0031 0.0037 0.0013 0.0035 0.0044 0.9520 
       M1EL3  7 0.0052 0.0024 0.0029 0.0026 0.0025 0.0029 0.9816 
       M1ELC  7 0.9815 0.0026 0.0021 0.0019 0.0025 0.0024 0.0071 
       M1ELE  7 0.9779 0.0017 0.0017 0.0014 0.0022 0.0018 0.0133 
       M2AY0  7 0.9198 0.0043 0.0020 0.0029 0.0072 0.0052 0.0585 
       M2AY4  7 0.4134 0.0142 0.2468 0.0015 0.0267 0.0153 0.2821 
       M2AY5  7 0.0103 0.0026 0.0024 0.0017 0.0029 0.0027 0.9774 
       M2AY8  7 0.0098 0.0132 0.0412 0.0577 0.0118 0.0039 0.8623 
       M2C3A  7 0.9700 0.0078 0.0031 0.0016 0.0031 0.0040 0.0104 
       M2C3F  7 0.0061 0.0210 0.0037 0.0018 0.0024 0.0053 0.9598 
      HRV0ME  7 0.9824 0.0037 0.0049 0.0021 0.0021 0.0024 0.0024 
       M2CHJ  7 0.2223 0.0069 0.0025 0.0032 0.0039 0.0086 0.7526 
       M2CHM  7 0.0289 0.0040 0.0062 0.0108 0.0127 0.0155 0.9220 
       M2CHY  7 0.0185 0.0070 0.0035 0.0023 0.0019 0.0030 0.9638 
       W23E8  7 0.9831 0.0047 0.0017 0.0015 0.0028 0.0028 0.0035 
       W23EM  7 0.9806 0.0027 0.0018 0.0020 0.0029 0.0022 0.0078 
       W23EX  7 0.9818 0.0021 0.0017 0.0016 0.0020 0.0023 0.0085 
       W23F0  7 0.9876 0.0017 0.0014 0.0015 0.0023 0.0017 0.0038 
       W26L5  7 0.0059 0.0313 0.0016 0.0055 0.0034 0.0044 0.9478 
       W26LM  7 0.0034 0.0013 0.0020 0.0342 0.0607 0.1791 0.7194 
       W26MJ  7 0.0112 0.0033 0.0016 0.0225 0.0029 0.0036 0.9549 
       W26ML  7 0.7358 0.0020 0.0032 0.0020 0.0094 0.0097 0.2378 
       W26MT  7 0.0156 0.0016 0.0026 0.0013 0.0031 0.0055 0.9704 
       W26PE  7 0.0045 0.0025 0.0141 0.0052 0.4318 0.0043 0.5376 
       W26PJ  7 0.0025 0.0061 0.1190 0.0087 0.2144 0.0294 0.6198 
       W26PT  7 0.0120 0.0073 0.0074 0.0017 0.0148 0.0022 0.9547 
       W26PX  7 0.0074 0.0057 0.0022 0.0068 0.1512 0.0025 0.8243 
       W26T0  7 0.0124 0.0122 0.0048 0.0028 0.0050 0.0018 0.9610 
       W26TC  7 0.0131 0.0022 0.0017 0.0011 0.0041 0.0021 0.9757 
       W26TJ  7 0.0078 0.0051 0.0029 0.0041 0.9443 0.0098 0.0260 
       W26UE  7 0.0361 0.0079 0.0038 0.0018 0.0052 0.0086 0.9367 
       W26UF  7 0.0155 0.0060 0.0021 0.0014 0.0029 0.0051 0.9670 
       W26UL  7 0.2527 0.0047 0.0035 0.0293 0.0049 0.0019 0.7030 
       W26X2  7 0.1277 0.0030 0.0029 0.0022 0.0063 0.0062 0.8518 
       W2716  7 0.0041 0.0025 0.0048 0.0059 0.1035 0.0208 0.8584 
      HRV1C6  7 0.7835 0.0113 0.0016 0.0012 0.1020 0.0033 0.0971 
      HRV1CX  7 0.0081 0.0050 0.0015 0.0027 0.0067 0.0049 0.9710 
      HRV1E2  7 0.0139 0.0024 0.0022 0.0014 0.0020 0.0025 0.9756 
      HRV1E4  7 0.9440 0.0020 0.0022 0.0011 0.0033 0.0311 0.0163 
      HRV1E5  7 0.0396 0.0018 0.0018 0.0012 0.0039 0.0041 0.9476 
      HRV1EC  7 0.0545 0.0028 0.0022 0.0019 0.0030 0.0050 0.9307 
      HRV1EK  7 0.9812 0.0034 0.0042 0.0032 0.0022 0.0019 0.0037 
      HRV001  7 0.9701 0.0026 0.0051 0.0014 0.0024 0.0073 0.0110 
      HRV00H  7 0.9625 0.0016 0.0069 0.0022 0.0062 0.0070 0.0137 
      HRV00K  7 0.9849 0.0014 0.0029 0.0015 0.0027 0.0032 0.0034 
      HRV01X  7 0.9870 0.0044 0.0017 0.0015 0.0016 0.0015 0.0023 
      HRV025  7 0.9804 0.0035 0.0039 0.0025 0.0020 0.0036 0.0040 
      HRV028  7 0.9870 0.0044 0.0017 0.0016 0.0016 0.0015 0.0023 
      HRV041  7 0.9826 0.0019 0.0018 0.0015 0.0022 0.0038 0.0062 
      HRV04F  7 0.9885 0.0016 0.0019 0.0014 0.0016 0.0023 0.0027 
      HRV04L  7 0.9856 0.0021 0.0013 0.0012 0.0021 0.0045 0.0032 
      HRV055  7 0.9821 0.0019 0.0012 0.0012 0.0020 0.0044 0.0072 
      HRV05J  7 0.0722 0.0453 0.0016 0.0014 0.0520 0.0026 0.8249 
      HRV07J  7 0.9440 0.0044 0.0015 0.0013 0.0400 0.0021 0.0067 
      HRV07K  7 0.0136 0.0102 0.0014 0.0025 0.0021 0.0022 0.9680 
      HRV07L  7 0.0032 0.0026 0.0019 0.0034 0.0039 0.0021 0.9829 
      HRV07M  7 0.9671 0.0027 0.0015 0.0013 0.0026 0.0035 0.0212 
      HRV0HM  7 0.9711 0.0039 0.0088 0.0036 0.0075 0.0026 0.0024 
      HRV0J2  7 0.9788 0.0033 0.0020 0.0014 0.0044 0.0014 0.0088 
      HRV0K3  7 0.9798 0.0026 0.0069 0.0013 0.0041 0.0029 0.0024 
      HRV0KE  7 0.9749 0.0026 0.0020 0.0015 0.0095 0.0037 0.0058 
      HRV0KF  7 0.2270 0.0055 0.0054 0.0026 0.0176 0.0036 0.7382 
      HRV0KU  7 0.0273 0.0084 0.0022 0.0044 0.0092 0.0049 0.9436 
      HRV0L6  7 0.0093 0.0021 0.0023 0.0012 0.0036 0.0019 0.9796 
      HRV0M2  7 0.0126 0.0043 0.0019 0.0024 0.0027 0.0040 0.9721 
      HRV0MF  7 0.9897 0.0022 0.0011 0.0013 0.0016 0.0021 0.0018 
      HRV0MJ  7 0.0053 0.0432 0.0027 0.0039 0.0044 0.0067 0.9338 
      HRV1AT  7 0.9844 0.0018 0.0018 0.0019 0.0028 0.0018 0.0055 
      HRV1C1  7 0.0122 0.0018 0.0016 0.0015 0.0027 0.0018 0.9783 
      HRV1CL  7 0.0095 0.0040 0.0022 0.0022 0.0131 0.0052 0.9638 
      HRV1E1  7 0.5073 0.0023 0.0059 0.0038 0.0094 0.0070 0.4643 
      HRV1E7  7 0.0428 0.0038 0.0015 0.0016 0.0071 0.0068 0.9365 
      HRV1EE  7 0.0083 0.0023 0.0019 0.0013 0.0163 0.0042 0.9658 
      HRV1ET  7 0.9874 0.0017 0.0018 0.0013 0.0023 0.0022 0.0033 
         148  8 0.0412 0.0030 0.0271 0.0170 0.1442 0.0102 0.7573 
         149  8 0.0080 0.0035 0.0086 0.0021 0.5818 0.0158 0.3800 
         213  8 0.0150 0.0105 0.0032 0.0038 0.6383 0.0022 0.3269 
         215  8 0.0064 0.0049 0.0020 0.0026 0.9204 0.0028 0.0608 
         218  8 0.0074 0.0041 0.0039 0.0021 0.0780 0.0051 0.8994 
         219  8 0.0025 0.0029 0.0139 0.0560 0.1821 0.0025 0.7401 
         222  8 0.0075 0.0046 0.0062 0.0039 0.1005 0.0232 0.8540 
         224  8 0.0133 0.0396 0.0087 0.0165 0.0296 0.0296 0.8627 
         225  8 0.0354 0.0165 0.0116 0.0018 0.5027 0.0235 0.4085 
         229  8 0.9468 0.0017 0.0015 0.0021 0.0019 0.0020 0.0439 
         231  8 0.0066 0.0031 0.0024 0.0033 0.0279 0.0026 0.9542 
      HRV1CP  8 0.0418 0.0080 0.0023 0.0029 0.2951 0.0118 0.6382 
         239  8 0.0270 0.0096 0.0032 0.0024 0.0049 0.0038 0.9491 
         240  8 0.0289 0.0046 0.0029 0.0023 0.7566 0.0049 0.1999 
         243  8 0.0280 0.0738 0.0043 0.0041 0.5206 0.0047 0.3645 
         248  8 0.7411 0.0030 0.0015 0.0011 0.0024 0.0024 0.2485 
         250  8 0.1944 0.0026 0.0032 0.0015 0.5248 0.0036 0.2700 
         251  8 0.0537 0.0020 0.0021 0.0103 0.3655 0.0118 0.5546 
         256  8 0.0165 0.0018 0.0023 0.0018 0.0068 0.0069 0.9639 
         260  8 0.0606 0.0016 0.0101 0.0053 0.0309 0.0845 0.8071 
         261  8 0.3239 0.0715 0.0074 0.0053 0.0057 0.0036 0.5826 
         263  8 0.0697 0.0029 0.1663 0.0030 0.0211 0.0046 0.7324 
         284  8 0.0309 0.0162 0.0128 0.0028 0.7488 0.0243 0.1641 
         285  8 0.0356 0.0280 0.0075 0.0035 0.8600 0.0102 0.0552 
         286  8 0.0093 0.0016 0.0023 0.0291 0.0079 0.0031 0.9466 
         289  8 0.3528 0.0075 0.0508 0.0035 0.2284 0.0294 0.3277 
         291  8 0.1314 0.0118 0.0826 0.0022 0.3898 0.0092 0.3730 
         292  8 0.0031 0.0034 0.0044 0.0031 0.9714 0.0086 0.0059 
         293  8 0.0276 0.0127 0.0019 0.0041 0.5734 0.0039 0.3764 
      BF0001  8 0.0141 0.0016 0.0055 0.0110 0.0964 0.0055 0.8659 
      BF0002  8 0.0037 0.0083 0.0017 0.0251 0.0141 0.0030 0.9440 
       M2AY6  8 0.1063 0.0031 0.0034 0.0021 0.0035 0.0049 0.8766 
     Slov472  8 0.4556 0.0135 0.0020 0.0032 0.4565 0.0038 0.0653 
      BF0026  8 0.0041 0.0016 0.0097 0.0127 0.6826 0.2839 0.0054 
      BF0028  8 0.0060 0.0013 0.0027 0.0035 0.9112 0.0112 0.0640 
     CK.0PP5  8 0.0069 0.0093 0.0031 0.0202 0.7910 0.0142 0.1553 
     CK.0PP8  8 0.0091 0.0029 0.0023 0.0041 0.8998 0.0378 0.0440 
     CK.0PPC  8 0.0034 0.0034 0.0034 0.0201 0.6434 0.1790 0.1472 
     Slov166  8 0.0051 0.0017 0.0039 0.0016 0.8438 0.0119 0.1321 
     Slov189  8 0.0233 0.0052 0.0023 0.0207 0.8000 0.0161 0.1324 
     Slov196  8 0.0037 0.0017 0.0061 0.0071 0.5121 0.0141 0.4551 
     Slov204  8 0.0062 0.0028 0.0127 0.0013 0.9520 0.0038 0.0212 
      Slov24  8 0.1307 0.0048 0.0147 0.0044 0.3672 0.0512 0.4270 
      Slov26  8 0.0020 0.0217 0.0039 0.0057 0.7700 0.1864 0.0102 
      Slov33  8 0.0246 0.0030 0.0067 0.0013 0.6186 0.0194 0.3264 
     Slov447  8 0.0207 0.0024 0.0038 0.0048 0.3694 0.2113 0.3876 
     Slov449  8 0.0728 0.0066 0.0123 0.0267 0.3361 0.0286 0.5169 
     Slov492  8 0.0034 0.0019 0.0079 0.0020 0.7498 0.1271 0.1079 
      Slov56  8 0.0864 0.0046 0.1209 0.0026 0.0149 0.6625 0.1080 
       Slov7  8 0.0078 0.0051 0.0386 0.0055 0.7390 0.0040 0.2000 
      Slov70  8 0.0049 0.0269 0.0021 0.0018 0.9566 0.0038 0.0040 
      Slov75  8 0.0022 0.0020 0.0205 0.0018 0.9604 0.0036 0.0095 
      Slov78  8 0.0101 0.0047 0.0077 0.0029 0.9579 0.0055 0.0112 
      Slov85  8 0.0278 0.0056 0.0032 0.0018 0.0075 0.0028 0.9513 
      BF0003  8 0.0086 0.0259 0.0023 0.0018 0.1464 0.0133 0.8016 
      BF0004  8 0.0528 0.0042 0.0040 0.0039 0.2749 0.0082 0.6520 
      BF0005  8 0.0097 0.0024 0.0546 0.0030 0.9055 0.0142 0.0106 
      BF0006  8 0.0130 0.0023 0.0026 0.0021 0.9628 0.0022 0.0151 
      BF0007  8 0.0055 0.0046 0.0126 0.0019 0.9289 0.0241 0.0224 
      BF0008  8 0.0469 0.0023 0.0072 0.0116 0.8575 0.0588 0.0157 
      BF000A  8 0.0088 0.0025 0.0020 0.0015 0.9564 0.0040 0.0249 
      BF000C  8 0.5197 0.0060 0.0213 0.0080 0.0924 0.0280 0.3246 
      BF000E  8 0.0068 0.0098 0.0235 0.0214 0.5888 0.0309 0.3189 
      BF000F  8 0.0605 0.0022 0.0359 0.0079 0.3406 0.0057 0.5471 
      BF000H  8 0.0885 0.0047 0.0223 0.0013 0.4714 0.0342 0.3777 
      BF000J  8 0.2193 0.0073 0.0461 0.0020 0.5906 0.0243 0.1104 
      BF000K  8 0.0405 0.0028 0.0056 0.0019 0.7500 0.0044 0.1948 
      BF000L  8 0.0078 0.0020 0.0700 0.0034 0.0439 0.1253 0.7476 
      BF000M  9 0.0242 0.0038 0.0012 0.0020 0.9604 0.0023 0.0061 
      BF000P  9 0.0096 0.0033 0.0014 0.0019 0.9743 0.0029 0.0066 
      BF000T  9 0.0078 0.0039 0.0024 0.0050 0.5667 0.0029 0.4114 
      BF000U  9 0.0053 0.0050 0.0017 0.0026 0.9737 0.0032 0.0084 
      BF000X  9 0.0054 0.0022 0.0024 0.0017 0.9818 0.0032 0.0033 
      BF0010  9 0.0039 0.0017 0.0023 0.0011 0.9807 0.0025 0.0079 
      BF0011  9 0.0122 0.0044 0.0015 0.0015 0.9713 0.0024 0.0068 
      BF0012  9 0.0055 0.0021 0.0398 0.0053 0.9346 0.0038 0.0090 
      BF0013  9 0.0082 0.0117 0.0132 0.0178 0.9034 0.0140 0.0316 
      BF0014  9 0.0415 0.0069 0.0029 0.0023 0.9305 0.0059 0.0100 
      BF0015  9 0.0048 0.0027 0.0022 0.0016 0.9808 0.0031 0.0049 
      BF0016  9 0.0041 0.0028 0.0018 0.0027 0.9801 0.0050 0.0037 
      BF0017  9 0.0039 0.0014 0.0039 0.0023 0.9387 0.0017 0.0482 
      BF0018  9 0.0123 0.0094 0.0025 0.0021 0.9091 0.0071 0.0575 
      BF001A  9 0.0035 0.0019 0.0017 0.0024 0.9846 0.0024 0.0036 
      BF001C  9 0.0060 0.0025 0.0024 0.0015 0.9787 0.0026 0.0064 
      BF001E  9 0.0021 0.0027 0.0035 0.0015 0.9856 0.0027 0.0019 
      BF001F  9 0.0062 0.0034 0.0112 0.0063 0.8978 0.0031 0.0720 
      BF001H  9 0.0032 0.0018 0.0022 0.0016 0.9829 0.0016 0.0067 
      BF001J  9 0.0023 0.0031 0.0023 0.0012 0.9843 0.0033 0.0034 
      BF001K  9 0.0301 0.0074 0.0071 0.0039 0.9274 0.0153 0.0088 
      BF001L  9 0.0025 0.0073 0.0029 0.0020 0.9701 0.0124 0.0028 
      BF001M  9 0.0030 0.0084 0.0011 0.0016 0.9739 0.0082 0.0038 
      BF001P  9 0.0032 0.0173 0.0024 0.0014 0.9623 0.0085 0.0048 
      BF001T  9 0.0022 0.0027 0.0022 0.0014 0.9799 0.0070 0.0047 
      BF001U  9 0.0041 0.0017 0.0037 0.0024 0.9804 0.0026 0.0050 
      BF001X  9 0.0050 0.0016 0.0033 0.0018 0.9606 0.0103 0.0173 
      BF0020  9 0.0049 0.0025 0.0024 0.0026 0.9800 0.0023 0.0053 
      BF0022  9 0.0018 0.0031 0.0029 0.0121 0.9742 0.0035 0.0024 
      BF0023  9 0.0044 0.0087 0.0038 0.0028 0.9738 0.0034 0.0032 
      BF0025  9 0.0044 0.0044 0.0016 0.0028 0.9719 0.0070 0.0079 
       h0014 10 0.0047 0.0044 0.0017 0.0015 0.9809 0.0024 0.0044 
       h0024 10 0.0135 0.0029 0.0038 0.0038 0.9181 0.0041 0.0537 
       h0034 10 0.0020 0.0030 0.0023 0.0016 0.9850 0.0034 0.0027 
       h0044 10 0.0029 0.0018 0.0068 0.0017 0.9815 0.0019 0.0034 
       h0054 10 0.0055 0.0036 0.0015 0.0024 0.9770 0.0040 0.0060 
       h0064 10 0.0361 0.0132 0.0022 0.0042 0.8932 0.0023 0.0488 
       h0074 10 0.0095 0.0037 0.0022 0.0024 0.9558 0.0074 0.0192 
       h0084 10 0.0038 0.0015 0.0035 0.0019 0.9784 0.0033 0.0076 
       h0094 10 0.0082 0.0027 0.0033 0.0024 0.9493 0.0228 0.0113 
       h0104 10 0.0064 0.0020 0.0066 0.0021 0.9728 0.0027 0.0074 
       h0114 10 0.0046 0.0070 0.0085 0.0058 0.9596 0.0112 0.0034 
       h0124 10 0.0047 0.0100 0.0041 0.0021 0.9614 0.0026 0.0150 
       h0134 10 0.0025 0.0016 0.0054 0.0015 0.9841 0.0018 0.0031 
       h0144 10 0.0391 0.0017 0.0020 0.0015 0.8825 0.0039 0.0693 
       h0154 10 0.0043 0.0044 0.0151 0.0032 0.9553 0.0117 0.0059 
       h0164 10 0.0017 0.0013 0.0021 0.0019 0.9856 0.0034 0.0040 
       h0174 10 0.0043 0.0019 0.0011 0.0014 0.9847 0.0030 0.0035 
       h0184 10 0.1148 0.0041 0.0133 0.0046 0.8241 0.0140 0.0252 
       h0194 10 0.0134 0.0055 0.0095 0.0039 0.9516 0.0030 0.0131 
       h0204 10 0.0044 0.0023 0.0029 0.0018 0.9775 0.0024 0.0088 
       h0214 10 0.0035 0.0054 0.0273 0.0055 0.9439 0.0115 0.0030 
       h0224 10 0.0021 0.0024 0.0048 0.0018 0.9850 0.0021 0.0017 
       h0234 10 0.0033 0.0063 0.0032 0.0025 0.9715 0.0094 0.0038 
       h0244 10 0.0045 0.0017 0.0032 0.0013 0.9810 0.0029 0.0054 
       h0254 10 0.0048 0.0045 0.0021 0.0030 0.9756 0.0015 0.0085 
       h0264 10 0.0025 0.0019 0.0015 0.0014 0.9859 0.0027 0.0040 
       h0274 10 0.0190 0.0072 0.0017 0.0040 0.8954 0.0071 0.0656 
       h0284 10 0.0042 0.0015 0.0029 0.0016 0.9813 0.0023 0.0063 
       h0294 10 0.0038 0.0020 0.0024 0.0017 0.9466 0.0066 0.0370 
       h0304 10 0.0084 0.0033 0.0034 0.0016 0.9713 0.0028 0.0092 
       h0314 10 0.0119 0.0037 0.0015 0.0024 0.9669 0.0063 0.0073 
       h0324 10 0.0041 0.0049 0.0022 0.0020 0.9703 0.0027 0.0138 
       h0334 10 0.0142 0.0079 0.0045 0.0054 0.9411 0.0061 0.0209 
       h0344 10 0.0028 0.0035 0.0048 0.0012 0.9805 0.0040 0.0032 
       h0354 10 0.0285 0.0126 0.0030 0.0083 0.9024 0.0062 0.0390 
       h0364 10 0.0040 0.0018 0.0026 0.0013 0.9812 0.0034 0.0057 
       h0374 10 0.0036 0.0052 0.0021 0.0026 0.9704 0.0019 0.0143 
       h0384 10 0.0197 0.0139 0.0026 0.0027 0.8909 0.0025 0.0676 
       h0394 10 0.0039 0.0015 0.0016 0.0019 0.9773 0.0018 0.0121 
       h0404 10 0.0034 0.0020 0.0026 0.0017 0.9839 0.0022 0.0041 
       h0414 10 0.0152 0.0036 0.0019 0.0022 0.9663 0.0024 0.0084 
       h0424 10 0.0062 0.0037 0.0054 0.0019 0.9756 0.0029 0.0043 
       h0434 10 0.0346 0.0057 0.0023 0.0037 0.9238 0.0074 0.0226 
       h0444 10 0.0056 0.0042 0.0044 0.0015 0.9745 0.0024 0.0074 
       h0454 10 0.0047 0.0017 0.0044 0.0020 0.9597 0.0221 0.0054 
       h0464 10 0.0043 0.0027 0.0046 0.0014 0.9736 0.0057 0.0078 
       h0474 10 0.0021 0.0017 0.0044 0.0024 0.9840 0.0027 0.0026 
       h0484 10 0.0024 0.0027 0.0018 0.0015 0.9829 0.0034 0.0052 
       h0494 10 0.0022 0.0028 0.0152 0.0075 0.9630 0.0052 0.0040 
       h0504 10 0.0037 0.0024 0.0014 0.0013 0.9846 0.0029 0.0037 
       h0514 10 0.0035 0.0063 0.0018 0.0033 0.9716 0.0094 0.0042 
       h0524 10 0.0078 0.0035 0.0021 0.0020 0.9755 0.0024 0.0067 
       h0534 10 0.0044 0.0046 0.0019 0.0015 0.9813 0.0020 0.0043 
       h0544 10 0.0026 0.0018 0.0013 0.0016 0.9842 0.0018 0.0068 
       h0554 10 0.0033 0.0087 0.0037 0.0291 0.9459 0.0040 0.0053 
       h0564 10 0.0036 0.0035 0.0131 0.0014 0.9647 0.0026 0.0111 
       h0574 10 0.0025 0.0076 0.0053 0.0045 0.9717 0.0034 0.0050 
       h0584 10 0.0029 0.0018 0.0019 0.0016 0.9866 0.0016 0.0035 
       h0594 10 0.0077 0.0038 0.0018 0.0040 0.9616 0.0083 0.0128 
       h0604 10 0.0028 0.0042 0.0046 0.0015 0.9818 0.0026 0.0025 
       h0614 10 0.0070 0.0302 0.0091 0.0041 0.9060 0.0086 0.0350 
       h0624 10 0.0084 0.0066 0.0064 0.0041 0.9629 0.0055 0.0062 
       h0634 10 0.0020 0.0019 0.0023 0.0025 0.9846 0.0030 0.0036 
       h0644 10 0.0051 0.0018 0.0013 0.0012 0.9831 0.0029 0.0045 
       h0654 10 0.1647 0.0038 0.0019 0.0026 0.7825 0.0034 0.0412 
       h0664 10 0.0024 0.0018 0.0014 0.0022 0.9862 0.0019 0.0041 
       h0674 10 0.0028 0.0025 0.0047 0.0022 0.9752 0.0029 0.0096 
       h0684 10 0.0150 0.0042 0.0023 0.0020 0.8994 0.0027 0.0743 
       h0694 10 0.0082 0.0061 0.0081 0.0016 0.9598 0.0087 0.0076 
       h0704 10 0.0074 0.0893 0.0026 0.0016 0.8794 0.0089 0.0108 
       h0714 10 0.0027 0.0021 0.0022 0.0022 0.9856 0.0033 0.0018 
       h0724 10 0.0195 0.0249 0.0043 0.0020 0.9321 0.0035 0.0137 
       h0734 10 0.0188 0.0063 0.0021 0.0012 0.9617 0.0046 0.0052 
       h0744 10 0.0022 0.0013 0.0020 0.0041 0.9840 0.0028 0.0035 
       h0754 10 0.0045 0.0300 0.0055 0.0250 0.9248 0.0045 0.0058 
       h0764 10 0.0075 0.0015 0.0027 0.0022 0.9741 0.0025 0.0095 
       h0774 10 0.0432 0.0241 0.0048 0.0051 0.8679 0.0382 0.0168 
       h0784 10 0.0038 0.0066 0.0024 0.0025 0.9726 0.0080 0.0041 
       h0794 10 0.0021 0.0034 0.0013 0.0022 0.9856 0.0022 0.0032 
       h0804 10 0.0031 0.0027 0.0041 0.0014 0.9725 0.0101 0.0061 
       h0814 10 0.0130 0.0063 0.0017 0.0019 0.9647 0.0056 0.0067 
       h0824 10 0.0033 0.0027 0.0023 0.0013 0.9849 0.0015 0.0040 
       h0834 10 0.0094 0.0120 0.0011 0.0031 0.9650 0.0038 0.0057 
       h0844 10 0.0088 0.0030 0.0026 0.0027 0.9738 0.0025 0.0066 
       h0854 10 0.0064 0.0040 0.0027 0.0020 0.9747 0.0017 0.0084 
       h0864 10 0.0084 0.0055 0.0016 0.0023 0.9685 0.0043 0.0094 
       h0874 10 0.0363 0.0119 0.0018 0.0029 0.8842 0.0395 0.0235 
       h0884 10 0.0052 0.0105 0.0223 0.0054 0.9336 0.0158 0.0072 
       h0894 10 0.0031 0.0017 0.0019 0.0017 0.9872 0.0017 0.0025 
       h0904 10 0.0151 0.0108 0.0018 0.0023 0.9504 0.0021 0.0176 
       h0914 10 0.0044 0.0026 0.0027 0.0015 0.9796 0.0027 0.0065 
       h0924 10 0.0185 0.0143 0.0033 0.0046 0.9411 0.0069 0.0113 
       h0934 10 0.0027 0.0036 0.0013 0.0018 0.9830 0.0031 0.0044 
       h0944 10 0.0198 0.0018 0.0023 0.0028 0.9513 0.0104 0.0116 
       h0954 10 0.0314 0.0054 0.0038 0.0078 0.8606 0.0046 0.0864 
       h0964 10 0.0028 0.0043 0.0183 0.0014 0.9626 0.0058 0.0048 
       h0974 10 0.0055 0.0023 0.0024 0.0017 0.9488 0.0104 0.0289 
       h0984 10 0.0051 0.0025 0.0016 0.0021 0.9700 0.0157 0.0029 
       h0994 10 0.0206 0.0108 0.0063 0.0026 0.9391 0.0037 0.0169 
       h1004 10 0.0039 0.0020 0.0027 0.0022 0.9831 0.0032 0.0028 
       h1014 10 0.0036 0.0016 0.0061 0.0034 0.9778 0.0022 0.0053 
       h1024 10 0.0051 0.0183 0.0015 0.0019 0.9609 0.0027 0.0096 
       h1034 10 0.0026 0.0013 0.0019 0.0018 0.9877 0.0014 0.0033 
       h1044 10 0.0026 0.0017 0.0013 0.0012 0.9866 0.0029 0.0037 
       h1054 10 0.0017 0.0023 0.0033 0.0023 0.9825 0.0053 0.0026 
       h1064 10 0.0028 0.0027 0.0021 0.0019 0.9850 0.0017 0.0038 
       h1074 10 0.0090 0.0018 0.0022 0.0020 0.9776 0.0018 0.0056 
       h1084 10 0.0038 0.0033 0.0041 0.0016 0.9692 0.0134 0.0046 
       h1094 10 0.0027 0.0026 0.0017 0.0017 0.9856 0.0023 0.0034 
       h1104 10 0.0056 0.0021 0.0014 0.0014 0.9846 0.0022 0.0027 
       h1114 10 0.0024 0.0187 0.0028 0.0034 0.9648 0.0042 0.0036 
       h1124 10 0.0042 0.0055 0.0182 0.0059 0.9531 0.0091 0.0039 
       h1134 10 0.0220 0.0021 0.0057 0.0024 0.9523 0.0050 0.0106 
       h1144 10 0.0022 0.0029 0.0016 0.0018 0.9843 0.0034 0.0038 
       h1154 10 0.0039 0.0021 0.0014 0.0016 0.9852 0.0027 0.0030 
       h1164 10 0.0119 0.0016 0.0014 0.0018 0.9705 0.0019 0.0109 
       h1174 10 0.0076 0.0024 0.0024 0.0022 0.9758 0.0020 0.0075 
       h1184 10 0.0114 0.0033 0.0013 0.0016 0.9720 0.0023 0.0080 
       h1194 10 0.0041 0.0018 0.0020 0.0036 0.9289 0.0047 0.0550 
       h1204 10 0.0029 0.0015 0.0023 0.0021 0.9850 0.0031 0.0030 
       h1214 10 0.0102 0.0076 0.0030 0.0073 0.9589 0.0070 0.0061 
       h1224 10 0.0028 0.0016 0.0080 0.0034 0.9746 0.0053 0.0043 
       h1234 10 0.0028 0.0020 0.0019 0.0015 0.9830 0.0037 0.0050 
       h1244 10 0.0098 0.0031 0.0024 0.0013 0.9728 0.0060 0.0047 
       h1254 10 0.0036 0.0097 0.0128 0.0051 0.9559 0.0030 0.0098 
     CX.10JP 11 0.0033 0.0026 0.0024 0.0021 0.9829 0.0023 0.0043 
     CX.10JX 11 0.0109 0.0036 0.0083 0.0046 0.9643 0.0054 0.0029 
     CX.10K0 11 0.0061 0.0054 0.0034 0.0026 0.9739 0.0054 0.0031 
     CX.10K5 11 0.0100 0.0058 0.0047 0.0016 0.9596 0.0130 0.0053 
     CX.10K6 11 0.0022 0.0025 0.0019 0.0013 0.9870 0.0026 0.0026 
     CX.10K7 11 0.0040 0.0030 0.0056 0.0020 0.9779 0.0025 0.0049 
     CX.10KA 11 0.0042 0.0013 0.0060 0.0096 0.9735 0.0025 0.0030 
     CX.10KC 11 0.0031 0.0019 0.0016 0.0070 0.9768 0.0060 0.0036 
     CX.10KH 11 0.0039 0.0026 0.0034 0.0097 0.9671 0.0095 0.0038 
     CX.10KL 11 0.0020 0.0301 0.0040 0.0036 0.9410 0.0149 0.0044 
     CX.10KM 11 0.0018 0.0016 0.0023 0.0017 0.9875 0.0025 0.0025 
     CX.10KT 11 0.0031 0.0024 0.0041 0.0019 0.9594 0.0271 0.0020 
     CX.10KU 11 0.0054 0.0020 0.0041 0.0018 0.9767 0.0038 0.0061 
     CX.10KX 11 0.0032 0.0028 0.0035 0.0018 0.9833 0.0017 0.0038 
     CX.10L0 11 0.0071 0.0024 0.0024 0.0042 0.8753 0.0056 0.1030 
     CX.10L6 11 0.0028 0.0024 0.0024 0.0017 0.9851 0.0025 0.0030 
     CX.10L7 11 0.0077 0.0028 0.0031 0.0028 0.9540 0.0259 0.0037 
     CX.10L8 11 0.0186 0.0090 0.0154 0.0194 0.9071 0.0047 0.0259 
     CX.10LA 11 0.0056 0.0069 0.0044 0.0017 0.9689 0.0027 0.0098 
     CX.10LE 11 0.0075 0.0042 0.1006 0.0033 0.8706 0.0106 0.0032 
     CX.10LH 11 0.0043 0.0026 0.0043 0.0024 0.9812 0.0029 0.0023 
     CX.10LK 11 0.0039 0.0056 0.0024 0.0021 0.9806 0.0022 0.0032 
     CX.10LL 11 0.0040 0.0013 0.0044 0.0017 0.9836 0.0023 0.0026 
     CX.10LP 11 0.0070 0.0046 0.0205 0.0065 0.9554 0.0025 0.0036 
     CX.10LT 11 0.0016 0.0018 0.0024 0.0094 0.9788 0.0027 0.0033 
     CX.10LU 11 0.0043 0.0048 0.0022 0.0015 0.9793 0.0037 0.0041 
     CX.10M1 11 0.0030 0.0017 0.0022 0.0019 0.9626 0.0256 0.0030 
     CX.10M2 11 0.0021 0.0015 0.0042 0.0013 0.9855 0.0023 0.0031 
     CX.10M3 11 0.0074 0.0020 0.0037 0.0025 0.9750 0.0027 0.0066 
     CX.10M5 11 0.0058 0.0029 0.0030 0.0021 0.9754 0.0024 0.0085 
     CX.10M6 11 0.0034 0.0024 0.0060 0.0020 0.9780 0.0034 0.0047 
     CX.10M7 11 0.0125 0.0070 0.0017 0.0056 0.9435 0.0167 0.0130 
     CX.10M8 11 0.0025 0.0038 0.0023 0.0022 0.9743 0.0082 0.0067 
     CX.10P3 11 0.0066 0.0115 0.0046 0.0016 0.9508 0.0094 0.0155 
     CX.10P7 11 0.0029 0.0030 0.0026 0.0016 0.9649 0.0036 0.0214 
     CX.10PC 11 0.0052 0.0031 0.0025 0.0013 0.9804 0.0036 0.0040 
     CX.10PE 11 0.0027 0.0015 0.0066 0.0012 0.9818 0.0029 0.0033 
     CX.10PU 11 0.0039 0.0058 0.0027 0.0025 0.9732 0.0056 0.0063 
     CX.10PX 11 0.0048 0.0018 0.0036 0.0019 0.9725 0.0120 0.0033 
     CX.10T0 11 0.0024 0.0018 0.0046 0.0023 0.9759 0.0069 0.0062 
     CX.10T2 11 0.0038 0.0022 0.0022 0.0011 0.9815 0.0055 0.0037 
     CX.10JT 11 0.0033 0.0027 0.0024 0.0077 0.9774 0.0023 0.0041 
     CX.10JY 11 0.0022 0.0036 0.0102 0.0017 0.9733 0.0048 0.0042 
     CX.10K4 11 0.0056 0.0029 0.0031 0.0030 0.9765 0.0061 0.0028 
     CX.10KE 11 0.0024 0.0019 0.0202 0.0021 0.9650 0.0059 0.0025 
     CX.10KY 11 0.0022 0.0016 0.0017 0.0014 0.9880 0.0032 0.0021 
     CX.10L2 11 0.0028 0.0035 0.0019 0.0026 0.9811 0.0039 0.0042 
     CX.10L3 11 0.0174 0.0025 0.1297 0.0034 0.8246 0.0077 0.0148 
     CX.10LF 11 0.0034 0.0039 0.0026 0.0023 0.9751 0.0085 0.0042 
     CX.10LM 11 0.1042 0.0029 0.0063 0.0034 0.7817 0.0189 0.0825 
     CX.10LY 11 0.1056 0.0061 0.0106 0.0070 0.8128 0.0358 0.0222 
     CX.10M0 11 0.0021 0.0020 0.0014 0.0019 0.9865 0.0028 0.0033 
     CX.10MA 11 0.0456 0.0087 0.0067 0.0024 0.9180 0.0085 0.0101 
       h0015 12 0.0029 0.0055 0.0052 0.0019 0.9791 0.0028 0.0026 
       h0025 12 0.0165 0.0040 0.0085 0.0033 0.8840 0.0514 0.0324 
       h0035 12 0.0019 0.0016 0.0038 0.0023 0.9860 0.0024 0.0020 
       h0045 12 0.0078 0.0014 0.0015 0.0018 0.9826 0.0025 0.0023 
       h0055 12 0.0279 0.0037 0.0034 0.0035 0.9175 0.0339 0.0101 
       h0065 12 0.0021 0.0128 0.0031 0.0015 0.9759 0.0023 0.0023 
       h0075 12 0.0061 0.0045 0.0154 0.0042 0.9619 0.0045 0.0034 
       h0085 12 0.0025 0.0165 0.0024 0.0039 0.9674 0.0050 0.0023 
       h0095 12 0.0104 0.0017 0.0036 0.0027 0.9672 0.0029 0.0115 
       h0105 12 0.0052 0.0140 0.0037 0.0013 0.9305 0.0343 0.0110 
       h0115 12 0.0024 0.0040 0.0024 0.0025 0.9815 0.0033 0.0039 
       h0125 12 0.0026 0.0035 0.0027 0.0035 0.9814 0.0020 0.0042 
       h0135 12 0.0020 0.0069 0.0022 0.0018 0.9835 0.0015 0.0021 
       h0145 12 0.0036 0.0029 0.0107 0.0022 0.9645 0.0080 0.0081 
       h0155 12 0.0065 0.0028 0.0031 0.0036 0.9483 0.0262 0.0095 
       h0165 12 0.0019 0.0030 0.0043 0.0033 0.9826 0.0021 0.0029 
       h0175 12 0.0018 0.0017 0.0022 0.0027 0.9858 0.0032 0.0025 
       h0185 12 0.0034 0.0024 0.0064 0.0036 0.9661 0.0093 0.0088 
       h0195 12 0.0019 0.0022 0.0028 0.0014 0.9850 0.0047 0.0020 
       h0205 12 0.0037 0.0018 0.0031 0.0018 0.9827 0.0028 0.0042 
       h0215 12 0.0037 0.0019 0.0089 0.0012 0.9261 0.0530 0.0052 
       h0225 12 0.0024 0.0019 0.0030 0.0027 0.9858 0.0024 0.0018 
       h0235 12 0.0023 0.0019 0.0016 0.0020 0.9875 0.0014 0.0032 
       h0245 12 0.0049 0.0027 0.0028 0.0015 0.9824 0.0028 0.0029 
       h0255 12 0.0034 0.0043 0.0159 0.0046 0.9652 0.0022 0.0045 
       h0265 12 0.0045 0.0017 0.0017 0.0017 0.9858 0.0022 0.0024 
       h0275 12 0.0062 0.0017 0.0025 0.0017 0.9806 0.0025 0.0048 
       h0285 12 0.0045 0.0026 0.0021 0.0013 0.9766 0.0025 0.0105 
       h0295 12 0.0036 0.0031 0.0015 0.0030 0.9807 0.0056 0.0025 
       h0305 12 0.0038 0.0030 0.0081 0.0017 0.9750 0.0049 0.0035 
       h0315 12 0.0038 0.0098 0.0066 0.0024 0.9683 0.0047 0.0043 
       h0325 12 0.0042 0.0079 0.0023 0.0015 0.9686 0.0104 0.0052 
       h0335 12 0.0017 0.0013 0.0038 0.0015 0.9883 0.0017 0.0018 
       h0345 12 0.0027 0.0017 0.0078 0.0048 0.9684 0.0122 0.0025 
       h0355 12 0.0049 0.0026 0.0034 0.0038 0.9747 0.0046 0.0061 
       h0365 12 0.0020 0.0027 0.0055 0.0023 0.9816 0.0030 0.0029 
       h0375 12 0.0023 0.0017 0.0022 0.0060 0.9806 0.0043 0.0030 
       h0385 12 0.0032 0.0049 0.0020 0.0026 0.9828 0.0017 0.0028 
       h0395 12 0.0058 0.0042 0.0021 0.0022 0.9740 0.0023 0.0094 
       h0405 12 0.0035 0.0015 0.0065 0.0024 0.9804 0.0029 0.0028 
       h0415 12 0.0018 0.0016 0.0016 0.0013 0.9886 0.0028 0.0023 
       h0425 12 0.0045 0.0113 0.0060 0.0032 0.9686 0.0022 0.0042 
       h0435 12 0.0056 0.0021 0.0034 0.0035 0.9679 0.0145 0.0030 
       h0445 12 0.0031 0.0021 0.0056 0.0014 0.9763 0.0067 0.0048 
       h0455 12 0.0026 0.0016 0.0021 0.0024 0.9819 0.0070 0.0024 
       h0465 12 0.0025 0.0021 0.0058 0.0104 0.9696 0.0024 0.0073 
       h0475 12 0.0034 0.0022 0.0012 0.0016 0.9877 0.0018 0.0021 
       h0485 12 0.0030 0.0022 0.0079 0.0042 0.9713 0.0078 0.0035 
       h0495 12 0.0023 0.0012 0.0541 0.0025 0.6887 0.2490 0.0022 
       h0505 12 0.0035 0.0029 0.0017 0.0021 0.9841 0.0032 0.0025 
       h0515 12 0.0037 0.0019 0.0022 0.0175 0.9641 0.0022 0.0084 
       h0525 12 0.0028 0.0016 0.0021 0.0018 0.9787 0.0040 0.0091 
       h0535 12 0.0194 0.0019 0.0105 0.0040 0.9477 0.0030 0.0135 
       h0545 12 0.0090 0.0031 0.0018 0.0038 0.9584 0.0091 0.0148 
       h0555 12 0.0047 0.0026 0.0019 0.0020 0.9740 0.0055 0.0093 
       h0565 12 0.0027 0.0063 0.0084 0.0014 0.9708 0.0076 0.0028 
       h0575 12 0.0105 0.0070 0.0045 0.0013 0.9301 0.0029 0.0436 
       h0585 12 0.0018 0.0035 0.0036 0.0016 0.9835 0.0036 0.0024 
       h0595 12 0.0017 0.0018 0.0037 0.0017 0.9865 0.0028 0.0018 
       h0605 12 0.0016 0.0072 0.0041 0.0027 0.9622 0.0203 0.0020 
       h0615 12 0.0027 0.0075 0.0020 0.0016 0.9797 0.0026 0.0038 
       h0625 12 0.0743 0.0046 0.0229 0.0035 0.8044 0.0665 0.0238 
       h0635 12 0.0065 0.0029 0.0059 0.0019 0.9770 0.0025 0.0033 
       h0645 12 0.0047 0.0057 0.0932 0.0012 0.8745 0.0095 0.0112 
       h0655 12 0.0147 0.0027 0.0080 0.0017 0.9280 0.0035 0.0414 
       h0665 12 0.0036 0.0020 0.0021 0.0026 0.9809 0.0020 0.0068 
       h0675 12 0.0025 0.0028 0.0045 0.0031 0.9684 0.0149 0.0038 
       h0685 12 0.0482 0.0041 0.0319 0.0059 0.8291 0.0457 0.0351 
       h0695 12 0.0033 0.0018 0.0023 0.0013 0.9805 0.0039 0.0070 
       h0705 12 0.0044 0.0026 0.0016 0.0024 0.9718 0.0096 0.0076 
       h0715 12 0.0014 0.0018 0.0043 0.0015 0.9841 0.0037 0.0031 
       h0725 12 0.0023 0.0018 0.0032 0.0023 0.9830 0.0048 0.0025 
       h0735 12 0.0017 0.0012 0.0044 0.0050 0.9819 0.0023 0.0036 
       h0745 12 0.0024 0.0019 0.0014 0.0017 0.9794 0.0105 0.0028 
       h0755 12 0.0060 0.0045 0.0013 0.0016 0.9781 0.0030 0.0056 
       h0765 12 0.0028 0.0014 0.0069 0.0017 0.9782 0.0053 0.0037 
       h0775 12 0.0039 0.0014 0.0084 0.0022 0.9769 0.0037 0.0035 
       h0785 12 0.1820 0.0025 0.0024 0.0014 0.6900 0.0134 0.1083 
       h0795 12 0.0023 0.0023 0.0327 0.0084 0.9472 0.0023 0.0047 
       h0805 12 0.0024 0.0022 0.0022 0.0012 0.9864 0.0022 0.0034 
       h0815 12 0.0019 0.0044 0.0060 0.0019 0.9818 0.0022 0.0019 
       h0825 12 0.0026 0.0089 0.0053 0.0016 0.9712 0.0038 0.0066 
       h0835 12 0.0484 0.0060 0.0073 0.0017 0.9175 0.0085 0.0105 
       h0845 12 0.0023 0.0019 0.0029 0.0017 0.9859 0.0025 0.0028 
       h0855 12 0.0029 0.0034 0.0020 0.0024 0.9828 0.0030 0.0034 
       h0865 12 0.0031 0.0032 0.0027 0.0015 0.9825 0.0044 0.0026 
       h0875 12 0.0026 0.0030 0.0131 0.0082 0.9602 0.0047 0.0083 
       h0885 12 0.0041 0.0018 0.0044 0.0016 0.9601 0.0213 0.0066 
       h0895 12 0.0076 0.0019 0.0112 0.0076 0.9375 0.0040 0.0302 
       h0905 12 0.0025 0.0011 0.0030 0.0020 0.9874 0.0023 0.0018 
       h0915 12 0.0056 0.0055 0.0111 0.0020 0.9643 0.0080 0.0034 
       h0925 12 0.0043 0.0028 0.0035 0.0061 0.9663 0.0136 0.0035 
       h0935 12 0.0027 0.0019 0.0029 0.0038 0.9845 0.0015 0.0028 
       h0945 12 0.0034 0.0027 0.0138 0.0018 0.9573 0.0168 0.0042 
       h0955 12 0.0021 0.0045 0.0089 0.0014 0.9625 0.0185 0.0021 
       h0965 12 0.0114 0.0050 0.0040 0.0046 0.9574 0.0116 0.0061 
       h0975 12 0.0021 0.0017 0.0019 0.0014 0.9871 0.0037 0.0021 
       h0985 12 0.0109 0.0022 0.0015 0.0027 0.9761 0.0034 0.0032 
       h0995 12 0.0238 0.0066 0.0071 0.0085 0.9298 0.0181 0.0061 
       h1005 12 0.0026 0.0097 0.0037 0.0019 0.9759 0.0027 0.0035 
       h1015 12 0.0029 0.0029 0.0055 0.0077 0.9587 0.0175 0.0048 
       h1025 12 0.0024 0.0038 0.0020 0.0036 0.9763 0.0082 0.0038 
       h1035 12 0.0036 0.0029 0.0219 0.0016 0.9607 0.0068 0.0025 
       h1045 12 0.0021 0.0016 0.0149 0.0036 0.9596 0.0159 0.0024 
       h1055 12 0.0023 0.0043 0.0037 0.0031 0.9823 0.0022 0.0021 
       h1065 12 0.0024 0.0016 0.0020 0.0012 0.9880 0.0029 0.0019 
       h1075 12 0.0039 0.0013 0.0031 0.0014 0.9637 0.0057 0.0208 
       h1085 12 0.0026 0.0029 0.0102 0.0030 0.9722 0.0053 0.0039 
       h1095 12 0.0902 0.0029 0.0024 0.0035 0.8732 0.0096 0.0182 
       h1105 12 0.0018 0.0043 0.0015 0.0049 0.9809 0.0050 0.0017 
       h1115 12 0.0083 0.0063 0.0023 0.0015 0.9606 0.0031 0.0179 
       h1125 12 0.0072 0.0027 0.0039 0.0024 0.9515 0.0048 0.0276 
       h1135 12 0.0038 0.0058 0.0103 0.0095 0.9486 0.0174 0.0046 
       h1145 12 0.0036 0.0056 0.0024 0.0014 0.9818 0.0024 0.0028 
       h1155 12 0.0039 0.0025 0.0035 0.0015 0.9819 0.0034 0.0033 
       h1165 12 0.0053 0.0030 0.0030 0.0040 0.9747 0.0061 0.0040 
       h1175 12 0.0157 0.0061 0.0120 0.0023 0.9251 0.0120 0.0268 
       h1185 12 0.0024 0.0013 0.0270 0.0013 0.9533 0.0062 0.0086 
       h1195 12 0.0017 0.0024 0.0042 0.0018 0.9851 0.0033 0.0016 
       h1205 12 0.0037 0.0017 0.0028 0.0145 0.9715 0.0020 0.0039 
       h1215 12 0.0034 0.0024 0.0227 0.0026 0.9624 0.0024 0.0041 
       h1225 12 0.0377 0.0157 0.0262 0.0017 0.8690 0.0389 0.0108 
       h1235 12 0.0035 0.0018 0.0132 0.0025 0.9697 0.0049 0.0044 
       h1245 12 0.0110 0.0014 0.0029 0.0044 0.9725 0.0046 0.0032 
       h1255 12 0.0457 0.0033 0.0014 0.0029 0.9294 0.0028 0.0146 
     CK.0PLA 13 0.0029 0.9836 0.0019 0.0024 0.0025 0.0037 0.0030 
     CK.0PLC 13 0.0083 0.9754 0.0019 0.0032 0.0037 0.0039 0.0035 
     CK.0PLE 13 0.0019 0.9888 0.0018 0.0014 0.0022 0.0019 0.0021 
     CK.0PLF 13 0.0610 0.9041 0.0073 0.0057 0.0097 0.0081 0.0041 
     CK.0PLH 13 0.0029 0.9876 0.0016 0.0018 0.0012 0.0024 0.0026 
     CK.0PLJ 13 0.0036 0.9730 0.0033 0.0018 0.0128 0.0013 0.0042 
     CK.0PLK 13 0.0021 0.9898 0.0013 0.0012 0.0014 0.0023 0.0020 
     CK.0PLL 13 0.0019 0.9879 0.0019 0.0022 0.0023 0.0014 0.0025 
     CK.0PLM 13 0.0019 0.9883 0.0026 0.0016 0.0017 0.0022 0.0017 
     CK.0PLP 13 0.0024 0.9872 0.0016 0.0019 0.0022 0.0019 0.0028 
     CK.0PLT 13 0.0014 0.9924 0.0011 0.0011 0.0013 0.0013 0.0014 
     CK.0PLU 13 0.0019 0.9900 0.0014 0.0014 0.0016 0.0017 0.0019 
     CK.0PLX 13 0.0024 0.9813 0.0017 0.0027 0.0018 0.0068 0.0032 
     CK.0PLY 13 0.0015 0.9920 0.0011 0.0011 0.0013 0.0014 0.0015 
     CK.0PM0 13 0.0016 0.9893 0.0013 0.0014 0.0017 0.0022 0.0025 
     CK.0PM1 13 0.0017 0.9911 0.0012 0.0012 0.0014 0.0018 0.0016 
     CK.0PM2 13 0.0029 0.9839 0.0056 0.0017 0.0017 0.0014 0.0027 
     CK.0PM3 13 0.0016 0.9902 0.0012 0.0020 0.0015 0.0016 0.0019 
     CK.0PM4 13 0.0017 0.9885 0.0014 0.0023 0.0023 0.0018 0.0020 
     CK.0PM7 13 0.0016 0.9911 0.0013 0.0013 0.0018 0.0014 0.0014 
     CK.0PM8 13 0.0014 0.9913 0.0013 0.0012 0.0018 0.0016 0.0014 
     CK.0PMA 13 0.0018 0.9873 0.0027 0.0019 0.0022 0.0020 0.0021 
       M2C06 13 0.0014 0.9915 0.0013 0.0013 0.0017 0.0013 0.0016 
       M2C07 13 0.0012 0.9930 0.0011 0.0010 0.0012 0.0013 0.0012 
       M2C08 13 0.0013 0.9935 0.0010 0.0010 0.0010 0.0010 0.0012 
       M2C0A 13 0.0015 0.9909 0.0017 0.0013 0.0014 0.0014 0.0019 
       M2C0C 13 0.0019 0.9908 0.0013 0.0012 0.0017 0.0017 0.0015 
       M2C0E 13 0.0015 0.9917 0.0011 0.0014 0.0013 0.0013 0.0017 
       h0012 14 0.0024 0.9902 0.0011 0.0017 0.0016 0.0012 0.0017 
       h0022 14 0.0019 0.9888 0.0013 0.0017 0.0018 0.0021 0.0024 
       h0032 14 0.0016 0.9922 0.0010 0.0011 0.0015 0.0012 0.0013 
       h0042 14 0.0021 0.9863 0.0020 0.0014 0.0021 0.0036 0.0027 
       h0052 14 0.0015 0.9904 0.0012 0.0017 0.0018 0.0019 0.0015 
       h0062 14 0.0024 0.9881 0.0019 0.0019 0.0020 0.0013 0.0025 
       h0072 14 0.0016 0.9884 0.0018 0.0018 0.0024 0.0021 0.0021 
       h0082 14 0.0019 0.9895 0.0016 0.0013 0.0018 0.0013 0.0025 
       h0092 14 0.0018 0.9886 0.0020 0.0017 0.0028 0.0015 0.0016 
       h0102 14 0.0041 0.9849 0.0013 0.0013 0.0020 0.0029 0.0035 
       h0112 14 0.0053 0.9711 0.0069 0.0023 0.0052 0.0059 0.0032 
       h0122 14 0.0016 0.9896 0.0013 0.0018 0.0024 0.0016 0.0017 
       h0132 14 0.0012 0.9917 0.0014 0.0014 0.0013 0.0015 0.0015 
       h0142 14 0.0087 0.9573 0.0094 0.0093 0.0060 0.0058 0.0035 
       h0152 14 0.0017 0.9883 0.0014 0.0013 0.0015 0.0037 0.0020 
       h0162 14 0.0014 0.9928 0.0011 0.0011 0.0012 0.0012 0.0013 
       h0172 14 0.0044 0.9835 0.0017 0.0023 0.0031 0.0027 0.0022 
       h0182 14 0.0016 0.9888 0.0012 0.0020 0.0019 0.0024 0.0021 
       h0192 14 0.0070 0.9546 0.0149 0.0041 0.0067 0.0088 0.0040 
       h0202 14 0.0021 0.9872 0.0020 0.0013 0.0023 0.0020 0.0031 
       h0212 14 0.0022 0.9888 0.0016 0.0015 0.0025 0.0016 0.0018 
       h0222 14 0.0025 0.9836 0.0028 0.0018 0.0029 0.0039 0.0025 
       h0232 14 0.0013 0.9908 0.0015 0.0016 0.0021 0.0013 0.0013 
       h0242 14 0.0014 0.9878 0.0025 0.0026 0.0024 0.0013 0.0019 
       h0252 14 0.0044 0.9862 0.0013 0.0021 0.0019 0.0017 0.0024 
       h0262 14 0.0021 0.9895 0.0013 0.0014 0.0018 0.0017 0.0023 
       h0272 14 0.0025 0.9873 0.0015 0.0010 0.0019 0.0027 0.0030 
       h0282 14 0.0022 0.9896 0.0012 0.0012 0.0017 0.0017 0.0025 
       h0292 14 0.0013 0.9928 0.0010 0.0011 0.0011 0.0013 0.0014 
       h0302 14 0.0017 0.9880 0.0021 0.0023 0.0022 0.0012 0.0025 
       h0312 14 0.0014 0.9922 0.0011 0.0011 0.0013 0.0013 0.0015 
       h0322 14 0.0016 0.9901 0.0023 0.0016 0.0016 0.0013 0.0015 
       h0332 14 0.0016 0.9897 0.0017 0.0023 0.0014 0.0014 0.0020 
       h0342 14 0.0023 0.9842 0.0024 0.0021 0.0027 0.0038 0.0024 
       h0352 14 0.0021 0.9874 0.0019 0.0013 0.0013 0.0035 0.0026 
       h0362 14 0.0024 0.9899 0.0015 0.0015 0.0016 0.0011 0.0020 
       h0372 14 0.0014 0.9911 0.0010 0.0017 0.0018 0.0013 0.0017 
       h0382 14 0.0019 0.9885 0.0013 0.0016 0.0024 0.0021 0.0021 
       h0392 14 0.0039 0.9832 0.0015 0.0029 0.0040 0.0027 0.0019 
       h0402 14 0.0023 0.9895 0.0013 0.0012 0.0018 0.0014 0.0025 
       h0412 14 0.0023 0.9855 0.0022 0.0014 0.0016 0.0045 0.0023 
       h0422 14 0.0027 0.9891 0.0020 0.0011 0.0015 0.0013 0.0022 
       h0432 14 0.0019 0.9897 0.0013 0.0016 0.0017 0.0021 0.0016 
       h0442 14 0.0011 0.9935 0.0010 0.0010 0.0010 0.0013 0.0011 
       h0452 14 0.0029 0.9853 0.0041 0.0011 0.0017 0.0018 0.0031 
       h0462 14 0.0031 0.9885 0.0012 0.0020 0.0018 0.0016 0.0017 
       h0472 14 0.0016 0.9907 0.0014 0.0014 0.0016 0.0014 0.0020 
       h0482 14 0.0056 0.9764 0.0059 0.0027 0.0032 0.0034 0.0027 
       h0492 14 0.0015 0.9901 0.0020 0.0011 0.0017 0.0017 0.0018 
       h0502 14 0.0017 0.9908 0.0013 0.0013 0.0017 0.0016 0.0017 
       h0512 14 0.0040 0.9738 0.0033 0.0020 0.0021 0.0101 0.0049 
       h0522 14 0.0017 0.9900 0.0015 0.0018 0.0017 0.0015 0.0018 
       h0532 14 0.0018 0.9892 0.0013 0.0015 0.0015 0.0025 0.0021 
       h0542 14 0.0018 0.9900 0.0013 0.0020 0.0018 0.0015 0.0015 
       h0552 14 0.0022 0.9909 0.0010 0.0010 0.0015 0.0014 0.0020 
       h0562 14 0.0017 0.9896 0.0016 0.0018 0.0019 0.0017 0.0017 
       h0572 14 0.0013 0.9917 0.0011 0.0013 0.0017 0.0016 0.0013 
       h0582 14 0.0020 0.9877 0.0018 0.0023 0.0019 0.0017 0.0026 
       h0592 14 0.0015 0.9920 0.0012 0.0012 0.0012 0.0015 0.0015 
       h0602 14 0.0021 0.9900 0.0012 0.0013 0.0014 0.0016 0.0025 
       h0612 14 0.0032 0.9782 0.0027 0.0029 0.0059 0.0032 0.0038 
       h0622 14 0.0015 0.9921 0.0012 0.0012 0.0014 0.0012 0.0015 
       h0632 14 0.0031 0.9874 0.0016 0.0013 0.0020 0.0023 0.0023 
       h0642 14 0.0017 0.9888 0.0022 0.0020 0.0015 0.0016 0.0021 
       h0652 14 0.0029 0.9832 0.0026 0.0018 0.0025 0.0030 0.0040 
       h0662 14 0.0017 0.9912 0.0011 0.0014 0.0016 0.0011 0.0019 
       h0672 14 0.0022 0.9897 0.0016 0.0015 0.0019 0.0012 0.0019 
       h0682 14 0.0030 0.9806 0.0029 0.0037 0.0035 0.0027 0.0036 
       h0692 14 0.0014 0.9917 0.0013 0.0013 0.0015 0.0013 0.0014 
       h0702 14 0.0104 0.9402 0.0343 0.0022 0.0039 0.0054 0.0035 
       h0712 14 0.0018 0.9874 0.0023 0.0022 0.0016 0.0027 0.0021 
       h0722 14 0.0029 0.9869 0.0014 0.0020 0.0020 0.0031 0.0017 
       h0732 14 0.0017 0.9868 0.0014 0.0037 0.0025 0.0017 0.0023 
       h0742 14 0.0017 0.9905 0.0011 0.0013 0.0019 0.0015 0.0020 
       h0752 14 0.0017 0.9909 0.0012 0.0012 0.0013 0.0021 0.0016 
       h0762 14 0.0026 0.9876 0.0018 0.0013 0.0016 0.0022 0.0028 
       h0772 14 0.0019 0.9890 0.0024 0.0016 0.0019 0.0016 0.0017 
       h0782 14 0.0025 0.9874 0.0016 0.0019 0.0016 0.0031 0.0019 
       h0792 14 0.0026 0.9882 0.0009 0.0019 0.0019 0.0023 0.0022 
       h0802 14 0.0020 0.9897 0.0020 0.0013 0.0014 0.0016 0.0019 
       h0812 14 0.0078 0.9696 0.0015 0.0021 0.0057 0.0031 0.0102 
       h0822 14 0.0014 0.9908 0.0015 0.0014 0.0017 0.0018 0.0014 
       h0832 14 0.0012 0.9933 0.0010 0.0009 0.0010 0.0014 0.0012 
       h0842 14 0.0011 0.9919 0.0014 0.0014 0.0014 0.0016 0.0012 
       h0852 14 0.0014 0.9898 0.0018 0.0019 0.0020 0.0013 0.0018 
       h0862 14 0.0014 0.9919 0.0013 0.0014 0.0014 0.0012 0.0013 
       h0872 14 0.0041 0.9777 0.0017 0.0018 0.0020 0.0090 0.0038 
       h0882 14 0.0028 0.9544 0.0206 0.0030 0.0046 0.0095 0.0051 
       h0892 14 0.0018 0.9898 0.0013 0.0015 0.0015 0.0022 0.0019 
       h0902 14 0.0016 0.9916 0.0013 0.0013 0.0014 0.0014 0.0014 
       h0912 14 0.0017 0.9907 0.0015 0.0013 0.0014 0.0015 0.0020 
       h0922 14 0.0018 0.9857 0.0031 0.0020 0.0020 0.0030 0.0024 
       h0932 14 0.0022 0.9859 0.0015 0.0026 0.0023 0.0030 0.0025 
       h0942 14 0.0022 0.9899 0.0018 0.0010 0.0015 0.0016 0.0019 
       h0952 14 0.0026 0.9889 0.0011 0.0015 0.0021 0.0016 0.0023 
       h0962 14 0.0013 0.9905 0.0014 0.0015 0.0019 0.0017 0.0018 
       h0972 14 0.0016 0.9921 0.0011 0.0013 0.0012 0.0012 0.0016 
       h0982 14 0.0028 0.9892 0.0016 0.0013 0.0014 0.0012 0.0025 
       h0992 14 0.0031 0.9888 0.0010 0.0023 0.0016 0.0016 0.0017 
       h1002 14 0.0065 0.9695 0.0062 0.0013 0.0020 0.0056 0.0089 
       h1012 14 0.0013 0.9907 0.0021 0.0016 0.0014 0.0014 0.0015 
       h1022 14 0.0018 0.9910 0.0010 0.0014 0.0016 0.0013 0.0019 
       h1032 14 0.0032 0.9889 0.0011 0.0014 0.0016 0.0020 0.0017 
       h1042 14 0.0021 0.9885 0.0020 0.0014 0.0016 0.0024 0.0020 
       h1052 14 0.0013 0.9933 0.0010 0.0009 0.0011 0.0012 0.0012 
       h1062 14 0.0013 0.9922 0.0011 0.0012 0.0015 0.0012 0.0016 
       h1072 14 0.0045 0.9786 0.0022 0.0014 0.0022 0.0041 0.0070 
       h1082 14 0.0020 0.9893 0.0013 0.0017 0.0015 0.0021 0.0020 
       h1092 14 0.0021 0.9863 0.0016 0.0018 0.0021 0.0044 0.0016 
       h1102 14 0.0017 0.9899 0.0012 0.0017 0.0015 0.0021 0.0019 
       h1112 14 0.0015 0.9912 0.0012 0.0015 0.0018 0.0013 0.0015 
       h1122 14 0.0017 0.9910 0.0013 0.0012 0.0015 0.0014 0.0019 
       h1132 14 0.0029 0.9896 0.0013 0.0014 0.0015 0.0020 0.0014 
       h1142 14 0.0018 0.9890 0.0022 0.0014 0.0017 0.0021 0.0018 
       h1152 14 0.0022 0.9888 0.0014 0.0017 0.0017 0.0021 0.0022 
       h1162 14 0.0018 0.9890 0.0018 0.0012 0.0017 0.0023 0.0021 
       h1172 14 0.0017 0.9911 0.0012 0.0010 0.0014 0.0018 0.0018 
       h1182 14 0.0019 0.9902 0.0011 0.0011 0.0020 0.0014 0.0023 
       h1192 14 0.0019 0.9886 0.0016 0.0012 0.0019 0.0019 0.0029 
       h1202 14 0.0019 0.9912 0.0010 0.0012 0.0014 0.0012 0.0022 
       h1212 14 0.0015 0.9913 0.0015 0.0011 0.0012 0.0018 0.0016 
       h1222 14 0.0039 0.9847 0.0020 0.0019 0.0023 0.0024 0.0028 
       h1232 14 0.0015 0.9916 0.0015 0.0012 0.0014 0.0012 0.0017 
       h1242 14 0.0024 0.9900 0.0019 0.0012 0.0013 0.0013 0.0019 
       h1252 14 0.0014 0.9931 0.0011 0.0011 0.0010 0.0011 0.0013 
       h1262 14 0.0022 0.9909 0.0009 0.0016 0.0014 0.0013 0.0016 
       h1272 14 0.0024 0.9884 0.0026 0.0018 0.0015 0.0015 0.0018 
       h1282 14 0.0015 0.9917 0.0014 0.0010 0.0013 0.0016 0.0014 
       h1292 14 0.0018 0.9908 0.0009 0.0010 0.0026 0.0013 0.0017 
       h1302 14 0.0013 0.9908 0.0014 0.0013 0.0019 0.0017 0.0017 
       h1312 14 0.0026 0.9867 0.0018 0.0014 0.0019 0.0026 0.0030 
       h1322 14 0.0022 0.9901 0.0012 0.0012 0.0018 0.0017 0.0019 
       h1332 14 0.0015 0.9900 0.0014 0.0021 0.0018 0.0014 0.0019 
       h1342 14 0.0020 0.9835 0.0054 0.0022 0.0023 0.0025 0.0021 
       h1352 14 0.0017 0.9905 0.0011 0.0024 0.0016 0.0010 0.0017 
       h1362 14 0.0024 0.9881 0.0017 0.0020 0.0020 0.0012 0.0025 
       h1372 14 0.0015 0.9926 0.0009 0.0011 0.0013 0.0011 0.0014 
       h1382 14 0.0028 0.9871 0.0015 0.0017 0.0023 0.0019 0.0028 
       h1392 14 0.0017 0.9897 0.0014 0.0015 0.0022 0.0014 0.0021 
       h1402 14 0.0016 0.9906 0.0014 0.0013 0.0016 0.0016 0.0019 
       h1412 14 0.0049 0.9829 0.0015 0.0041 0.0021 0.0020 0.0025 
       h1422 14 0.0015 0.9910 0.0019 0.0013 0.0016 0.0012 0.0015 
       h1432 14 0.0021 0.9897 0.0013 0.0014 0.0019 0.0014 0.0023 
       h1442 14 0.0024 0.9803 0.0050 0.0024 0.0027 0.0047 0.0025 
       h1452 14 0.0030 0.9833 0.0015 0.0016 0.0056 0.0021 0.0030 
       h1462 14 0.0033 0.9863 0.0018 0.0015 0.0021 0.0019 0.0031 
       h1472 14 0.0017 0.9899 0.0023 0.0013 0.0015 0.0016 0.0018 
       h1482 14 0.0020 0.9888 0.0011 0.0012 0.0031 0.0014 0.0023 
       h1492 14 0.0017 0.9896 0.0015 0.0016 0.0022 0.0015 0.0019 
       h1502 14 0.0015 0.9915 0.0015 0.0014 0.0013 0.0015 0.0013 
       h1512 14 0.0024 0.9819 0.0034 0.0031 0.0016 0.0056 0.0020 
       h1522 14 0.0019 0.9869 0.0018 0.0028 0.0012 0.0036 0.0018 
       h1532 14 0.0018 0.9912 0.0011 0.0012 0.0017 0.0014 0.0017 
       h1542 14 0.0022 0.9858 0.0018 0.0034 0.0031 0.0018 0.0021 
       h1552 14 0.0013 0.9927 0.0011 0.0012 0.0013 0.0011 0.0014 
       h1562 14 0.0027 0.9870 0.0014 0.0021 0.0021 0.0028 0.0019 
       h1572 14 0.0022 0.9882 0.0029 0.0017 0.0018 0.0013 0.0019 
       h1582 14 0.0020 0.9893 0.0012 0.0013 0.0017 0.0018 0.0027 
       h1592 14 0.0013 0.9913 0.0014 0.0015 0.0014 0.0017 0.0013 
       h1602 14 0.0016 0.9911 0.0009 0.0014 0.0019 0.0014 0.0017 
       h1612 14 0.0018 0.9898 0.0014 0.0020 0.0018 0.0015 0.0017 
       h1622 14 0.0018 0.9917 0.0010 0.0010 0.0013 0.0013 0.0019 
       h1632 14 0.0015 0.9903 0.0017 0.0013 0.0017 0.0017 0.0018 
       h1642 14 0.0034 0.9892 0.0009 0.0013 0.0014 0.0017 0.0021 
       h1652 14 0.0028 0.9862 0.0013 0.0015 0.0026 0.0033 0.0023 
       h1662 14 0.0014 0.9879 0.0018 0.0032 0.0024 0.0016 0.0017 
       h1672 14 0.0039 0.9887 0.0009 0.0014 0.0014 0.0017 0.0019 
       h1682 14 0.0018 0.9869 0.0019 0.0020 0.0018 0.0032 0.0024 
       h1692 14 0.0016 0.9924 0.0009 0.0012 0.0012 0.0013 0.0014 
       h1702 14 0.0029 0.9857 0.0030 0.0014 0.0020 0.0022 0.0029 
       h1712 14 0.0018 0.9918 0.0011 0.0012 0.0013 0.0012 0.0016 
       h1722 14 0.0014 0.9929 0.0010 0.0011 0.0012 0.0011 0.0013 
       h1732 14 0.0021 0.9879 0.0024 0.0013 0.0020 0.0017 0.0026 
       h1742 14 0.0013 0.9910 0.0022 0.0016 0.0013 0.0014 0.0012 
       h1752 14 0.0016 0.9914 0.0011 0.0012 0.0013 0.0014 0.0019 
       h1762 14 0.0023 0.9890 0.0022 0.0012 0.0015 0.0012 0.0026 
       h1772 14 0.0032 0.9625 0.0029 0.0041 0.0017 0.0219 0.0036 
       h1782 14 0.0018 0.9894 0.0022 0.0018 0.0015 0.0013 0.0020 
       h1792 14 0.0015 0.9919 0.0012 0.0012 0.0014 0.0016 0.0014 
       h1802 14 0.0016 0.9888 0.0021 0.0017 0.0019 0.0014 0.0026 
       h1812 14 0.0026 0.9841 0.0031 0.0038 0.0021 0.0015 0.0029 
       h1822 14 0.0017 0.9909 0.0011 0.0014 0.0016 0.0015 0.0018 
       h1832 14 0.0014 0.9924 0.0011 0.0011 0.0012 0.0012 0.0017 
       h1842 14 0.0018 0.9887 0.0015 0.0012 0.0019 0.0026 0.0022 
       h1852 14 0.0028 0.9846 0.0020 0.0019 0.0017 0.0040 0.0030 
       h1862 14 0.0015 0.9868 0.0041 0.0015 0.0024 0.0018 0.0020 
       h1872 14 0.0045 0.9819 0.0015 0.0025 0.0030 0.0032 0.0034 
       h1882 14 0.0015 0.9916 0.0011 0.0011 0.0015 0.0015 0.0017 
       h1892 14 0.0014 0.9885 0.0041 0.0018 0.0017 0.0012 0.0013 
       h1902 14 0.0025 0.9884 0.0017 0.0012 0.0015 0.0011 0.0036 
       h1912 14 0.0047 0.9798 0.0025 0.0030 0.0037 0.0023 0.0040 
       h1922 14 0.0012 0.9915 0.0017 0.0012 0.0013 0.0019 0.0012 
       h1932 14 0.0043 0.9828 0.0016 0.0019 0.0027 0.0034 0.0033 
       h1942 14 0.0018 0.9760 0.0096 0.0028 0.0041 0.0022 0.0037 
       h1952 14 0.0031 0.9847 0.0019 0.0013 0.0020 0.0038 0.0032 
       h1962 14 0.0018 0.9905 0.0012 0.0015 0.0016 0.0016 0.0019 
       h1972 14 0.0018 0.9905 0.0017 0.0011 0.0016 0.0013 0.0019 
       h1982 14 0.0016 0.9897 0.0023 0.0015 0.0017 0.0016 0.0016 
       h1992 14 0.0021 0.9855 0.0026 0.0017 0.0023 0.0027 0.0032 
       h2002 14 0.0019 0.9829 0.0067 0.0020 0.0032 0.0016 0.0018 
       h2012 14 0.0037 0.9736 0.0036 0.0049 0.0046 0.0054 0.0041 
       h2022 14 0.0015 0.9927 0.0011 0.0011 0.0011 0.0012 0.0014 
       h2032 14 0.0012 0.9917 0.0016 0.0012 0.0016 0.0013 0.0013 
       h2042 14 0.0030 0.9875 0.0016 0.0012 0.0015 0.0020 0.0032 
       h2052 14 0.0017 0.9903 0.0020 0.0014 0.0017 0.0013 0.0016 
       h2062 14 0.0017 0.9908 0.0014 0.0012 0.0012 0.0022 0.0015 
       h2072 14 0.0013 0.9918 0.0015 0.0012 0.0014 0.0015 0.0014 
       h2082 14 0.0013 0.9910 0.0013 0.0012 0.0024 0.0013 0.0014 
       h2092 14 0.0023 0.9896 0.0012 0.0012 0.0013 0.0021 0.0023 
       h2102 14 0.0018 0.9829 0.0054 0.0036 0.0025 0.0014 0.0023 
       h2112 14 0.0017 0.9915 0.0013 0.0014 0.0014 0.0011 0.0016 
       h2122 14 0.0016 0.9902 0.0016 0.0018 0.0016 0.0014 0.0018 
       h2132 14 0.0017 0.9901 0.0017 0.0013 0.0018 0.0021 0.0013 
       h2142 14 0.0014 0.9902 0.0011 0.0015 0.0031 0.0011 0.0016 
       h2152 14 0.0012 0.9915 0.0017 0.0015 0.0012 0.0015 0.0013 
       h2162 14 0.0016 0.9916 0.0011 0.0010 0.0016 0.0015 0.0016 
       h2172 14 0.0021 0.9885 0.0011 0.0022 0.0020 0.0013 0.0026 
       h2182 14 0.0016 0.9915 0.0012 0.0013 0.0013 0.0011 0.0019 
       h2192 14 0.0022 0.9877 0.0012 0.0015 0.0018 0.0027 0.0028 
       h2202 14 0.0017 0.9892 0.0015 0.0019 0.0023 0.0014 0.0020 
       h2212 14 0.0015 0.9917 0.0012 0.0011 0.0015 0.0017 0.0014 
       h2222 14 0.0017 0.9908 0.0015 0.0012 0.0016 0.0014 0.0017 
       h2232 14 0.0020 0.9893 0.0013 0.0014 0.0023 0.0014 0.0022 
       h2242 14 0.0019 0.9901 0.0021 0.0014 0.0015 0.0014 0.0017 
       h2252 14 0.0022 0.9892 0.0021 0.0010 0.0017 0.0015 0.0022 
       h2262 14 0.0016 0.9924 0.0012 0.0011 0.0012 0.0013 0.0013 
       h2272 14 0.0016 0.9882 0.0015 0.0021 0.0017 0.0030 0.0018 
       h2282 14 0.0013 0.9931 0.0009 0.0010 0.0012 0.0012 0.0014 
       h2292 14 0.0015 0.9893 0.0024 0.0014 0.0015 0.0022 0.0016 
       h2302 14 0.0012 0.9903 0.0011 0.0023 0.0027 0.0012 0.0011 
       h2312 14 0.0019 0.9843 0.0047 0.0020 0.0022 0.0027 0.0022 
       h2322 14 0.0014 0.9819 0.0095 0.0019 0.0019 0.0019 0.0015 
       h2332 14 0.0019 0.9904 0.0013 0.0012 0.0015 0.0017 0.0020 
       h2342 14 0.0017 0.9897 0.0015 0.0019 0.0018 0.0013 0.0021 
       h2352 14 0.0019 0.9902 0.0014 0.0011 0.0016 0.0017 0.0020 
       h2362 14 0.0014 0.9924 0.0012 0.0012 0.0013 0.0012 0.0013 
       h2372 14 0.0017 0.9890 0.0019 0.0022 0.0020 0.0014 0.0018 
       h2382 14 0.0020 0.9910 0.0009 0.0012 0.0016 0.0011 0.0022 
       h2392 14 0.0017 0.9912 0.0014 0.0012 0.0015 0.0014 0.0016 
       h2402 14 0.0018 0.9901 0.0015 0.0015 0.0019 0.0015 0.0018 
       h2412 14 0.0015 0.9916 0.0011 0.0016 0.0013 0.0013 0.0016 
       h2422 14 0.0019 0.9869 0.0027 0.0029 0.0020 0.0016 0.0021 
       h2432 14 0.0018 0.9915 0.0012 0.0015 0.0012 0.0011 0.0016 
       h2442 14 0.0017 0.9911 0.0013 0.0016 0.0015 0.0013 0.0015 
       h2452 14 0.0024 0.9855 0.0016 0.0032 0.0025 0.0028 0.0020 
       h2462 14 0.0018 0.9913 0.0013 0.0012 0.0016 0.0011 0.0018 
       h2472 14 0.0013 0.9925 0.0011 0.0011 0.0013 0.0013 0.0014 
       h2482 14 0.0208 0.9480 0.0051 0.0022 0.0064 0.0045 0.0130 
       h2492 14 0.0017 0.9893 0.0018 0.0013 0.0016 0.0024 0.0018 
       h2502 14 0.0024 0.9868 0.0014 0.0023 0.0018 0.0027 0.0026 
       h2511 14 0.0027 0.9874 0.0023 0.0015 0.0017 0.0019 0.0026 
       h2521 14 0.0013 0.9913 0.0020 0.0012 0.0015 0.0012 0.0014 
       h2531 14 0.0016 0.9906 0.0011 0.0012 0.0022 0.0014 0.0017 
       h2541 14 0.0012 0.9919 0.0012 0.0014 0.0013 0.0016 0.0015 
       h2551 14 0.0013 0.9919 0.0015 0.0012 0.0014 0.0012 0.0013 
       h2561 14 0.0017 0.9914 0.0013 0.0014 0.0013 0.0015 0.0014 
       h2571 14 0.0016 0.9893 0.0014 0.0024 0.0019 0.0017 0.0017 
       h2581 14 0.0031 0.9801 0.0039 0.0027 0.0023 0.0028 0.0050 
       h2591 14 0.0016 0.9889 0.0031 0.0012 0.0018 0.0013 0.0020 
       h2601 14 0.0014 0.9932 0.0010 0.0010 0.0011 0.0011 0.0013 
       h2611 14 0.0020 0.9896 0.0015 0.0019 0.0017 0.0016 0.0016 
       h2621 14 0.0019 0.9890 0.0015 0.0017 0.0023 0.0013 0.0023 
       h2631 14 0.0019 0.9892 0.0011 0.0013 0.0019 0.0017 0.0029 
       h2641 14 0.0059 0.9717 0.0047 0.0048 0.0040 0.0055 0.0035 
       h2651 14 0.0019 0.9880 0.0016 0.0021 0.0017 0.0025 0.0023 
       h2661 14 0.0016 0.9917 0.0013 0.0012 0.0013 0.0014 0.0015 
       h2671 14 0.0017 0.9904 0.0014 0.0013 0.0020 0.0015 0.0017 
       h2681 14 0.0037 0.9830 0.0022 0.0023 0.0048 0.0020 0.0020 
       h2691 14 0.0020 0.9903 0.0015 0.0013 0.0018 0.0013 0.0019 
       h2701 14 0.0013 0.9899 0.0030 0.0014 0.0012 0.0014 0.0017 
       h2711 14 0.0015 0.9892 0.0019 0.0016 0.0021 0.0020 0.0016 
       h2721 14 0.0013 0.9928 0.0011 0.0011 0.0012 0.0012 0.0013 
       h2731 14 0.0041 0.9603 0.0065 0.0018 0.0039 0.0167 0.0067 
       h2741 14 0.0021 0.9848 0.0031 0.0018 0.0022 0.0028 0.0031 
       h2751 14 0.0019 0.9891 0.0012 0.0022 0.0016 0.0020 0.0019 
       h2761 14 0.0024 0.9906 0.0013 0.0014 0.0013 0.0016 0.0014 
       h2771 14 0.0016 0.9912 0.0013 0.0011 0.0020 0.0014 0.0014 
       h2781 14 0.0013 0.9928 0.0010 0.0011 0.0012 0.0012 0.0014 
       h2791 14 0.0019 0.9902 0.0012 0.0014 0.0015 0.0019 0.0019 
       h2801 14 0.0020 0.9860 0.0026 0.0016 0.0022 0.0026 0.0030 
       h2811 14 0.0018 0.9904 0.0012 0.0010 0.0020 0.0014 0.0022 
       h2821 14 0.0017 0.9810 0.0012 0.0102 0.0015 0.0013 0.0031 
       h2831 14 0.0015 0.9910 0.0013 0.0016 0.0016 0.0013 0.0017 
       h2841 14 0.0046 0.9853 0.0016 0.0017 0.0020 0.0022 0.0027 
       h2851 14 0.0016 0.9913 0.0011 0.0011 0.0015 0.0015 0.0019 
       h2861 14 0.0056 0.9831 0.0011 0.0017 0.0026 0.0028 0.0031 
       h2871 14 0.0012 0.9936 0.0009 0.0010 0.0010 0.0010 0.0012 
       h2881 14 0.0022 0.9905 0.0014 0.0013 0.0014 0.0014 0.0018 
       h2891 14 0.0027 0.9835 0.0044 0.0019 0.0030 0.0015 0.0030 
       h2901 14 0.0057 0.9804 0.0015 0.0022 0.0021 0.0053 0.0027 
       h2911 14 0.0017 0.9919 0.0011 0.0011 0.0013 0.0015 0.0014 
       h2921 14 0.0021 0.9891 0.0014 0.0019 0.0025 0.0016 0.0015 
       h2931 14 0.0038 0.9841 0.0014 0.0011 0.0027 0.0036 0.0033 
       h2941 14 0.0048 0.9707 0.0014 0.0029 0.0112 0.0058 0.0033 
       h2951 14 0.0014 0.9911 0.0016 0.0013 0.0015 0.0015 0.0016 
       h2961 14 0.0017 0.9902 0.0013 0.0015 0.0014 0.0017 0.0022 
       h2971 14 0.0024 0.9851 0.0021 0.0013 0.0033 0.0024 0.0033 
       h2981 14 0.0025 0.9890 0.0012 0.0012 0.0018 0.0024 0.0018 
       h2991 14 0.0012 0.9925 0.0012 0.0013 0.0013 0.0010 0.0013 
       h3001 14 0.0025 0.9889 0.0022 0.0013 0.0018 0.0015 0.0018 
     EF.15EU 15 0.0014 0.0019 0.9909 0.0013 0.0017 0.0015 0.0014 
     EF.15EE 15 0.0011 0.0016 0.9913 0.0011 0.0016 0.0017 0.0016 
     EF.15EF 15 0.0033 0.0027 0.9823 0.0016 0.0025 0.0053 0.0022 
     EF.15EH 15 0.0013 0.0010 0.9916 0.0014 0.0017 0.0015 0.0015 
     EF.15EJ 15 0.0026 0.0016 0.9670 0.0024 0.0038 0.0202 0.0025 
     EF.15EK 15 0.0012 0.0013 0.9922 0.0013 0.0012 0.0015 0.0013 
     EF.15EL 15 0.0014 0.0016 0.9903 0.0024 0.0014 0.0013 0.0015 
     EF.15EM 15 0.0016 0.0013 0.9889 0.0014 0.0018 0.0029 0.0020 
     EF.15EP 15 0.0016 0.0020 0.9887 0.0018 0.0015 0.0028 0.0016 
     EF.15ET 15 0.0011 0.0018 0.9906 0.0021 0.0013 0.0018 0.0013 
     EF.15EX 15 0.0013 0.0011 0.9916 0.0014 0.0017 0.0014 0.0014 
     EF.15F0 15 0.0012 0.0015 0.9908 0.0013 0.0021 0.0018 0.0014 
     EF.15F1 15 0.0022 0.0015 0.9866 0.0022 0.0027 0.0023 0.0026 
     EF.15F2 15 0.0012 0.0016 0.9919 0.0013 0.0012 0.0015 0.0012 
     EF.15F3 15 0.0016 0.0014 0.9892 0.0017 0.0019 0.0023 0.0018 
     EF.15F4 15 0.0011 0.0012 0.9931 0.0010 0.0012 0.0014 0.0011 
     EF.15F5 15 0.0032 0.0013 0.9826 0.0020 0.0055 0.0026 0.0029 
     EF.15F6 15 0.0012 0.0019 0.9904 0.0012 0.0015 0.0026 0.0012 
     EF.15FC 15 0.0023 0.0038 0.9854 0.0017 0.0019 0.0025 0.0024 
     EF.15FE 15 0.0088 0.0032 0.9523 0.0021 0.0198 0.0095 0.0042 
     EF.15FF 15 0.0015 0.0013 0.9904 0.0015 0.0015 0.0024 0.0015 
     EF.15FH 15 0.0013 0.0016 0.9912 0.0011 0.0018 0.0014 0.0015 
     EF.15FJ 15 0.0052 0.0053 0.9749 0.0018 0.0050 0.0044 0.0035 
     EF.15FK 15 0.0023 0.0024 0.9822 0.0041 0.0024 0.0048 0.0019 
     EF.15FL 15 0.0012 0.0015 0.9919 0.0012 0.0013 0.0014 0.0014 
     EF.15FM 15 0.0035 0.0053 0.9753 0.0020 0.0032 0.0079 0.0028 
     EF.15FP 15 0.0014 0.0015 0.9904 0.0013 0.0017 0.0024 0.0014 
       h0011 16 0.0016 0.0013 0.9882 0.0014 0.0022 0.0038 0.0015 
       h0021 16 0.0015 0.0013 0.9909 0.0012 0.0018 0.0021 0.0012 
       h0031 16 0.0015 0.0011 0.9911 0.0012 0.0014 0.0020 0.0016 
       h0041 16 0.0018 0.0016 0.9904 0.0011 0.0016 0.0021 0.0015 
       h0051 16 0.0012 0.0012 0.9923 0.0014 0.0014 0.0013 0.0011 
       h0061 16 0.0019 0.0023 0.9875 0.0018 0.0020 0.0027 0.0018 
       h0071 16 0.0016 0.0023 0.9885 0.0019 0.0019 0.0023 0.0015 
       h0081 16 0.0013 0.0013 0.9912 0.0014 0.0014 0.0020 0.0014 
       h0091 16 0.0028 0.0030 0.9841 0.0021 0.0027 0.0033 0.0020 
       h0101 16 0.0033 0.0020 0.9763 0.0032 0.0065 0.0054 0.0033 
       h0111 16 0.0024 0.0017 0.9864 0.0012 0.0027 0.0036 0.0019 
       h0121 16 0.0010 0.0013 0.9927 0.0015 0.0012 0.0013 0.0010 
       h0131 16 0.0013 0.0010 0.9910 0.0013 0.0018 0.0023 0.0013 
       h0141 16 0.0016 0.0016 0.9903 0.0015 0.0015 0.0018 0.0016 
       h0151 16 0.0015 0.0035 0.9862 0.0015 0.0021 0.0032 0.0020 
       h0161 16 0.0015 0.0014 0.9915 0.0013 0.0014 0.0016 0.0013 
       h0171 16 0.0015 0.0011 0.9907 0.0014 0.0018 0.0021 0.0014 
       h0181 16 0.0015 0.0014 0.9909 0.0013 0.0016 0.0017 0.0016 
       h0191 16 0.0014 0.0018 0.9902 0.0014 0.0015 0.0023 0.0014 
       h0201 16 0.0014 0.0015 0.9904 0.0014 0.0015 0.0021 0.0016 
       h0211 16 0.0014 0.0014 0.9907 0.0016 0.0016 0.0018 0.0015 
       h0221 16 0.0012 0.0016 0.9905 0.0019 0.0015 0.0019 0.0015 
       h0231 16 0.0017 0.0011 0.9901 0.0013 0.0017 0.0023 0.0017 
       h0241 16 0.0025 0.0025 0.9836 0.0014 0.0028 0.0050 0.0022 
       h0251 16 0.0014 0.0022 0.9867 0.0025 0.0029 0.0024 0.0021 
       h0261 16 0.0020 0.0018 0.9863 0.0017 0.0033 0.0029 0.0019 
       h0271 16 0.0014 0.0023 0.9900 0.0012 0.0015 0.0022 0.0015 
       h0281 16 0.0016 0.0022 0.9888 0.0017 0.0020 0.0018 0.0019 
       h0291 16 0.0016 0.0022 0.9854 0.0020 0.0031 0.0040 0.0017 
       h0301 16 0.0013 0.0011 0.9919 0.0015 0.0013 0.0017 0.0013 
       h0311 16 0.0018 0.0014 0.9886 0.0018 0.0021 0.0026 0.0017 
       h0321 16 0.0017 0.0016 0.9888 0.0019 0.0024 0.0020 0.0016 
       h0331 16 0.0014 0.0019 0.9894 0.0017 0.0019 0.0021 0.0017 
       h0341 16 0.0018 0.0018 0.9865 0.0017 0.0024 0.0034 0.0023 
       h0351 16 0.0026 0.0015 0.9869 0.0014 0.0024 0.0026 0.0026 
       h0361 16 0.0017 0.0021 0.9888 0.0013 0.0023 0.0019 0.0019 
       h0371 16 0.0019 0.0029 0.9884 0.0016 0.0015 0.0018 0.0020 
       h0381 16 0.0018 0.0014 0.9888 0.0025 0.0020 0.0019 0.0017 
       h0391 16 0.0016 0.0027 0.9874 0.0015 0.0019 0.0033 0.0016 
       h0401 16 0.0062 0.0014 0.9620 0.0029 0.0064 0.0169 0.0042 
       h0411 16 0.0018 0.0017 0.9885 0.0017 0.0019 0.0026 0.0018 
       h0421 16 0.0014 0.0018 0.9908 0.0011 0.0018 0.0016 0.0016 
       h0431 16 0.0012 0.0016 0.9914 0.0015 0.0015 0.0016 0.0013 
       h0441 16 0.0020 0.0024 0.9857 0.0018 0.0022 0.0028 0.0032 
       h0451 16 0.0014 0.0013 0.9907 0.0015 0.0017 0.0020 0.0014 
       h0461 16 0.0010 0.0014 0.9913 0.0021 0.0013 0.0017 0.0012 
       h0471 16 0.0017 0.0011 0.9886 0.0012 0.0018 0.0038 0.0019 
       h0481 16 0.0014 0.0012 0.9899 0.0026 0.0018 0.0015 0.0014 
       h0491 16 0.0016 0.0015 0.9902 0.0018 0.0016 0.0016 0.0018 
       h0501 16 0.0021 0.0021 0.9869 0.0013 0.0028 0.0028 0.0021 
       h0511 16 0.0015 0.0013 0.9910 0.0016 0.0015 0.0016 0.0016 
       h0521 16 0.0017 0.0019 0.9901 0.0014 0.0017 0.0016 0.0016 
       h0531 16 0.0019 0.0018 0.9906 0.0011 0.0014 0.0016 0.0015 
       h0541 16 0.0014 0.0025 0.9886 0.0013 0.0018 0.0022 0.0022 
       h0551 16 0.0014 0.0014 0.9895 0.0021 0.0023 0.0018 0.0015 
       h0561 16 0.0014 0.0028 0.9892 0.0014 0.0014 0.0024 0.0014 
       h0571 16 0.0020 0.0016 0.9880 0.0011 0.0017 0.0038 0.0019 
       h0581 16 0.0011 0.0015 0.9909 0.0021 0.0014 0.0017 0.0014 
       h0591 16 0.0040 0.0093 0.9662 0.0020 0.0023 0.0109 0.0053 
       h0601 16 0.0012 0.0009 0.9925 0.0013 0.0013 0.0016 0.0011 
       h0611 16 0.0036 0.0037 0.9771 0.0029 0.0042 0.0063 0.0023 
       h0621 16 0.0011 0.0017 0.9905 0.0017 0.0015 0.0020 0.0015 
       h0631 16 0.0018 0.0014 0.9876 0.0014 0.0028 0.0028 0.0021 
       h0641 16 0.0013 0.0013 0.9900 0.0030 0.0016 0.0015 0.0013 
       h0651 16 0.0014 0.0019 0.9887 0.0014 0.0026 0.0022 0.0019 
       h0661 16 0.0047 0.0021 0.9774 0.0019 0.0034 0.0055 0.0048 
       h0671 16 0.0012 0.0012 0.9915 0.0013 0.0018 0.0017 0.0012 
       h0681 16 0.0015 0.0018 0.9901 0.0020 0.0016 0.0016 0.0015 
       h0691 16 0.0021 0.0047 0.9824 0.0027 0.0034 0.0022 0.0025 
       h0701 16 0.0028 0.0033 0.9834 0.0012 0.0035 0.0031 0.0027 
       h0711 16 0.0021 0.0013 0.9861 0.0013 0.0026 0.0045 0.0020 
       h0721 16 0.0012 0.0016 0.9888 0.0037 0.0018 0.0016 0.0012 
       h0731 16 0.0012 0.0013 0.9911 0.0017 0.0014 0.0023 0.0012 
       h0741 16 0.0038 0.0019 0.9800 0.0012 0.0063 0.0034 0.0035 
       h0751 16 0.0015 0.0011 0.9902 0.0012 0.0014 0.0032 0.0013 
       h0761 16 0.0011 0.0010 0.9927 0.0010 0.0013 0.0016 0.0012 
       h0771 16 0.0029 0.0040 0.9817 0.0014 0.0026 0.0046 0.0027 
       h0781 16 0.0017 0.0017 0.9892 0.0013 0.0020 0.0025 0.0015 
       h0791 16 0.0014 0.0012 0.9906 0.0012 0.0013 0.0028 0.0014 
       h0801 16 0.0014 0.0013 0.9907 0.0017 0.0014 0.0021 0.0013 
       h0811 16 0.0026 0.0018 0.9849 0.0010 0.0037 0.0041 0.0019 
       h0821 16 0.0013 0.0015 0.9911 0.0011 0.0018 0.0016 0.0015 
       h0831 16 0.0016 0.0017 0.9904 0.0012 0.0017 0.0021 0.0013 
       h0841 16 0.0015 0.0012 0.9899 0.0018 0.0017 0.0026 0.0015 
       h0851 16 0.0019 0.0028 0.9877 0.0014 0.0020 0.0024 0.0018 
       h0861 16 0.0015 0.0021 0.9895 0.0013 0.0015 0.0023 0.0018 
       h0871 16 0.0013 0.0014 0.9916 0.0014 0.0013 0.0017 0.0012 
       h0881 16 0.0012 0.0011 0.9925 0.0013 0.0013 0.0015 0.0012 
       h0891 16 0.0012 0.0018 0.9915 0.0014 0.0012 0.0016 0.0012 
       h0901 16 0.0021 0.0025 0.9861 0.0019 0.0030 0.0022 0.0022 
       h0911 16 0.0033 0.0049 0.9784 0.0025 0.0038 0.0036 0.0035 
       h0921 16 0.0012 0.0012 0.9922 0.0012 0.0014 0.0013 0.0014 
       h0931 16 0.0011 0.0011 0.9920 0.0012 0.0017 0.0019 0.0010 
       h0941 16 0.0020 0.0042 0.9787 0.0016 0.0030 0.0048 0.0057 
       h0951 16 0.0015 0.0012 0.9915 0.0012 0.0014 0.0016 0.0016 
       h0961 16 0.0016 0.0018 0.9882 0.0019 0.0017 0.0031 0.0017 
       h0971 16 0.0016 0.0127 0.9770 0.0029 0.0021 0.0022 0.0015 
       h0981 16 0.0027 0.0025 0.9823 0.0031 0.0046 0.0024 0.0023 
       h0991 16 0.0015 0.0017 0.9908 0.0013 0.0017 0.0015 0.0014 
       h1001 16 0.0013 0.0014 0.9921 0.0011 0.0015 0.0013 0.0013 
       h1011 16 0.0014 0.0021 0.9888 0.0013 0.0020 0.0025 0.0018 
       h1021 16 0.0015 0.0015 0.9892 0.0022 0.0018 0.0024 0.0014 
       h1031 16 0.0012 0.0016 0.9918 0.0014 0.0015 0.0015 0.0011 
       h1041 16 0.0028 0.0024 0.9802 0.0034 0.0051 0.0033 0.0028 
       h1051 16 0.0017 0.0015 0.9892 0.0015 0.0025 0.0021 0.0016 
       h1061 16 0.0018 0.0014 0.9896 0.0014 0.0016 0.0027 0.0015 
       h1071 16 0.0017 0.0024 0.9879 0.0029 0.0018 0.0019 0.0015 
       h1081 16 0.0014 0.0010 0.9907 0.0017 0.0019 0.0020 0.0013 
       h1091 16 0.0021 0.0023 0.9863 0.0016 0.0019 0.0036 0.0023 
       h1101 16 0.0032 0.0103 0.9765 0.0015 0.0031 0.0024 0.0030 
       h1111 16 0.0025 0.0018 0.9735 0.0016 0.0033 0.0139 0.0035 
       h1121 16 0.0016 0.0018 0.9899 0.0016 0.0018 0.0015 0.0019 
       h1131 16 0.0014 0.0015 0.9908 0.0015 0.0013 0.0022 0.0013 
       h1141 16 0.0057 0.0068 0.9720 0.0041 0.0027 0.0049 0.0038 
       h1151 16 0.0040 0.0017 0.9832 0.0016 0.0025 0.0034 0.0036 
       h1161 16 0.0024 0.0017 0.9835 0.0024 0.0046 0.0036 0.0018 
       h1171 16 0.0012 0.0017 0.9913 0.0014 0.0015 0.0015 0.0014 
       h1181 16 0.0020 0.0038 0.9830 0.0017 0.0028 0.0031 0.0035 
       h1191 16 0.0020 0.0030 0.9826 0.0012 0.0037 0.0055 0.0019 
       h1201 16 0.0017 0.0020 0.9879 0.0027 0.0018 0.0023 0.0016 
       h1211 16 0.0019 0.0014 0.9882 0.0015 0.0022 0.0023 0.0025 
       h1221 16 0.0023 0.0022 0.9853 0.0017 0.0034 0.0028 0.0022 
       h1231 16 0.0015 0.0014 0.9908 0.0014 0.0015 0.0020 0.0015 
       h1241 16 0.0014 0.0015 0.9919 0.0011 0.0014 0.0014 0.0012 
       h1251 16 0.0030 0.0016 0.9824 0.0022 0.0037 0.0049 0.0022 
       h1261 16 0.0015 0.0014 0.9898 0.0011 0.0016 0.0029 0.0016 
       h1271 16 0.0026 0.0058 0.9762 0.0016 0.0033 0.0053 0.0052 
       h1281 16 0.0018 0.0014 0.9881 0.0017 0.0020 0.0030 0.0019 
       h1291 16 0.0023 0.0051 0.9843 0.0016 0.0020 0.0025 0.0023 
       h1301 16 0.0018 0.0019 0.9903 0.0011 0.0014 0.0017 0.0018 
       h1311 16 0.0013 0.0013 0.9917 0.0016 0.0012 0.0016 0.0013 
       h1321 16 0.0014 0.0012 0.9912 0.0012 0.0013 0.0021 0.0016 
       h1331 16 0.0014 0.0017 0.9901 0.0015 0.0015 0.0023 0.0014 
       h1341 16 0.0012 0.0011 0.9919 0.0017 0.0015 0.0015 0.0012 
       h1351 16 0.0022 0.0018 0.9870 0.0019 0.0025 0.0025 0.0021 
       h1361 16 0.0011 0.0012 0.9905 0.0013 0.0015 0.0029 0.0014 
       h1371 16 0.0015 0.0017 0.9875 0.0027 0.0023 0.0027 0.0016 
       h1381 16 0.0015 0.0013 0.9900 0.0015 0.0015 0.0026 0.0016 
       h1391 16 0.0016 0.0016 0.9893 0.0018 0.0017 0.0025 0.0015 
       h1401 16 0.0020 0.0020 0.9837 0.0015 0.0030 0.0053 0.0024 
       h1411 16 0.0053 0.0056 0.9589 0.0022 0.0048 0.0181 0.0050 
       h1421 16 0.0014 0.0014 0.9890 0.0017 0.0015 0.0032 0.0018 
       h1431 16 0.0014 0.0029 0.9850 0.0013 0.0034 0.0020 0.0041 
       h1441 16 0.0013 0.0018 0.9903 0.0014 0.0017 0.0020 0.0015 
       h1451 16 0.0021 0.0017 0.9894 0.0015 0.0014 0.0023 0.0016 
       h1461 16 0.0028 0.0077 0.9803 0.0016 0.0021 0.0036 0.0019 
       h1471 16 0.0019 0.0012 0.9899 0.0015 0.0017 0.0020 0.0018 
       h1481 16 0.0019 0.0013 0.9895 0.0019 0.0020 0.0015 0.0018 
       h1491 16 0.0013 0.0015 0.9911 0.0015 0.0016 0.0019 0.0011 
       h1501 16 0.0016 0.0012 0.9901 0.0018 0.0020 0.0018 0.0015 
       h1511 16 0.0024 0.0019 0.9843 0.0015 0.0025 0.0052 0.0021 
       h1521 16 0.0014 0.0023 0.9889 0.0020 0.0017 0.0023 0.0015 
       h1531 16 0.0020 0.0023 0.9849 0.0022 0.0026 0.0041 0.0018 
       h1541 16 0.0012 0.0011 0.9908 0.0019 0.0016 0.0021 0.0013 
       h1551 16 0.0012 0.0029 0.9847 0.0018 0.0016 0.0058 0.0020 
       h1561 16 0.0018 0.0013 0.9892 0.0012 0.0016 0.0026 0.0023 
       h1571 16 0.0011 0.0011 0.9922 0.0013 0.0015 0.0016 0.0012 
       h1581 16 0.0021 0.0044 0.9836 0.0021 0.0029 0.0029 0.0019 
       h1591 16 0.0022 0.0014 0.9864 0.0019 0.0030 0.0030 0.0020 
       h1601 16 0.0084 0.0019 0.9604 0.0025 0.0061 0.0135 0.0072 
       h1611 16 0.0013 0.0010 0.9923 0.0011 0.0016 0.0014 0.0013 
       h1621 16 0.0016 0.0018 0.9888 0.0015 0.0015 0.0031 0.0017 
       h1631 16 0.0013 0.0019 0.9899 0.0015 0.0018 0.0023 0.0012 
       h1641 16 0.0014 0.0014 0.9920 0.0012 0.0015 0.0013 0.0012 
       h1651 16 0.0021 0.0022 0.9856 0.0013 0.0036 0.0031 0.0022 
       h1661 16 0.0018 0.0013 0.9899 0.0017 0.0018 0.0019 0.0017 
       h1671 16 0.0017 0.0014 0.9880 0.0027 0.0017 0.0029 0.0016 
       h1681 16 0.0015 0.0013 0.9913 0.0012 0.0016 0.0018 0.0013 
       h1691 16 0.0018 0.0021 0.9895 0.0014 0.0015 0.0018 0.0019 
       h1701 16 0.0103 0.0112 0.9532 0.0025 0.0054 0.0107 0.0068 
       h1711 16 0.0022 0.0020 0.9852 0.0013 0.0031 0.0039 0.0021 
       h1721 16 0.0016 0.0016 0.9903 0.0011 0.0014 0.0025 0.0015 
       h1731 16 0.0013 0.0026 0.9869 0.0020 0.0021 0.0036 0.0015 
       h1741 16 0.0019 0.0018 0.9871 0.0025 0.0026 0.0024 0.0017 
       h1751 16 0.0012 0.0012 0.9905 0.0014 0.0016 0.0026 0.0014 
       h1761 16 0.0014 0.0014 0.9917 0.0010 0.0016 0.0016 0.0013 
       h1771 16 0.0011 0.0011 0.9923 0.0014 0.0015 0.0015 0.0011 
       h1781 16 0.0014 0.0025 0.9899 0.0014 0.0015 0.0018 0.0016 
       h1791 16 0.0019 0.0012 0.9888 0.0015 0.0027 0.0021 0.0018 
       h1801 16 0.0013 0.0019 0.9914 0.0014 0.0014 0.0014 0.0012 
       h1811 16 0.0014 0.0018 0.9910 0.0014 0.0015 0.0015 0.0013 
       h1821 16 0.0012 0.0019 0.9911 0.0012 0.0015 0.0020 0.0012 
       h1831 16 0.0013 0.0016 0.9912 0.0014 0.0016 0.0015 0.0014 
       h1841 16 0.0026 0.0018 0.9775 0.0014 0.0083 0.0032 0.0052 
       h1851 16 0.0013 0.0015 0.9910 0.0011 0.0012 0.0027 0.0012 
       h1861 16 0.0014 0.0015 0.9909 0.0014 0.0016 0.0018 0.0013 
       h1871 16 0.0018 0.0013 0.9900 0.0017 0.0017 0.0019 0.0017 
       h1881 16 0.0019 0.0015 0.9899 0.0013 0.0016 0.0023 0.0016 
       h1891 16 0.0013 0.0011 0.9917 0.0012 0.0014 0.0019 0.0014 
       h1901 16 0.0022 0.0020 0.9878 0.0020 0.0024 0.0018 0.0019 
       h1911 16 0.0012 0.0012 0.9913 0.0010 0.0018 0.0020 0.0015 
       h1921 16 0.0021 0.0034 0.9857 0.0019 0.0017 0.0030 0.0023 
       h1931 16 0.0017 0.0021 0.9898 0.0015 0.0017 0.0018 0.0015 
       h1941 16 0.0017 0.0019 0.9902 0.0013 0.0017 0.0015 0.0016 
       h1951 16 0.0014 0.0013 0.9922 0.0010 0.0012 0.0016 0.0013 
       h1961 16 0.0011 0.0013 0.9903 0.0026 0.0017 0.0020 0.0011 
       h1971 16 0.0016 0.0021 0.9862 0.0015 0.0042 0.0023 0.0021 
       h1981 16 0.0014 0.0013 0.9888 0.0027 0.0020 0.0022 0.0016 
       h1991 16 0.0017 0.0042 0.9851 0.0016 0.0029 0.0029 0.0016 
       h2001 16 0.0012 0.0010 0.9925 0.0018 0.0012 0.0012 0.0011 
       h2011 16 0.0063 0.0028 0.9777 0.0019 0.0029 0.0034 0.0050 
       h2021 16 0.0024 0.0023 0.9820 0.0012 0.0036 0.0054 0.0032 
       h2031 16 0.0025 0.0025 0.9717 0.0028 0.0043 0.0139 0.0024 
       h2041 16 0.0017 0.0017 0.9900 0.0011 0.0021 0.0019 0.0015 
       h2051 16 0.0022 0.0020 0.9818 0.0027 0.0049 0.0033 0.0031 
       h2061 16 0.0021 0.0020 0.9865 0.0015 0.0020 0.0038 0.0020 
       h2071 16 0.0026 0.0025 0.9838 0.0015 0.0033 0.0031 0.0032 
       h2081 16 0.0031 0.0035 0.9802 0.0020 0.0034 0.0049 0.0029 
       h2091 16 0.0029 0.0021 0.9855 0.0021 0.0028 0.0023 0.0024 
       h2101 16 0.0026 0.0019 0.9880 0.0018 0.0016 0.0020 0.0020 
       h2111 16 0.0042 0.0017 0.9832 0.0018 0.0029 0.0029 0.0033 
       h2121 16 0.0012 0.0013 0.9892 0.0018 0.0016 0.0034 0.0015 
       h2131 16 0.0031 0.0032 0.9847 0.0014 0.0021 0.0033 0.0021 
       h2141 16 0.0012 0.0015 0.9922 0.0011 0.0013 0.0014 0.0012 
       h2151 16 0.0013 0.0015 0.9913 0.0016 0.0015 0.0014 0.0014 
       h2161 16 0.0015 0.0015 0.9907 0.0011 0.0016 0.0023 0.0013 
       h2171 16 0.0015 0.0039 0.9853 0.0016 0.0022 0.0026 0.0029 
       h2181 16 0.0014 0.0013 0.9894 0.0027 0.0021 0.0015 0.0017 
       h2191 16 0.0015 0.0015 0.9903 0.0016 0.0016 0.0019 0.0015 
       h2201 16 0.0023 0.0020 0.9880 0.0014 0.0019 0.0017 0.0026 
       h2211 16 0.0015 0.0015 0.9867 0.0031 0.0026 0.0031 0.0015 
       h2221 16 0.0013 0.0012 0.9909 0.0016 0.0017 0.0021 0.0013 
       h2231 16 0.0012 0.0012 0.9915 0.0011 0.0013 0.0023 0.0014 
       h2241 16 0.0019 0.0024 0.9858 0.0025 0.0021 0.0032 0.0021 
       h2251 16 0.0014 0.0016 0.9850 0.0016 0.0031 0.0054 0.0019 
       h2261 16 0.0013 0.0010 0.9904 0.0015 0.0014 0.0029 0.0015 
       h2271 16 0.0023 0.0038 0.9849 0.0014 0.0019 0.0033 0.0023 
       h2281 16 0.0011 0.0013 0.9918 0.0015 0.0013 0.0019 0.0011 
       h2291 16 0.0019 0.0012 0.9901 0.0011 0.0017 0.0026 0.0015 
       h2301 16 0.0014 0.0013 0.9920 0.0011 0.0013 0.0016 0.0013 
       h2311 16 0.0015 0.0022 0.9850 0.0027 0.0026 0.0043 0.0017 
       h2321 16 0.0012 0.0012 0.9920 0.0011 0.0015 0.0018 0.0012 
       h2331 16 0.0020 0.0014 0.9809 0.0022 0.0021 0.0093 0.0022 
       h2341 16 0.0017 0.0030 0.9875 0.0015 0.0021 0.0021 0.0020 
       h2351 16 0.0014 0.0014 0.9920 0.0012 0.0015 0.0012 0.0013 
       h2361 16 0.0013 0.0012 0.9903 0.0016 0.0018 0.0024 0.0013 
       h2371 16 0.0013 0.0017 0.9907 0.0018 0.0016 0.0013 0.0016 
       h2381 16 0.0023 0.0016 0.9873 0.0013 0.0027 0.0031 0.0017 
       h2391 16 0.0017 0.0032 0.9763 0.0021 0.0027 0.0120 0.0019 
       h2401 16 0.0088 0.0084 0.9536 0.0152 0.0032 0.0068 0.0039 
       h2411 16 0.0012 0.0010 0.9921 0.0011 0.0012 0.0020 0.0014 
       h2421 16 0.0060 0.0020 0.9695 0.0020 0.0105 0.0036 0.0064 
       h2431 16 0.0019 0.0014 0.9886 0.0014 0.0018 0.0029 0.0020 
       h2441 16 0.0017 0.0019 0.9888 0.0014 0.0019 0.0024 0.0018 
       h2451 16 0.0014 0.0014 0.9900 0.0016 0.0017 0.0022 0.0016 
       h2461 16 0.0013 0.0014 0.9893 0.0015 0.0018 0.0031 0.0015 
       h2471 16 0.0014 0.0029 0.9900 0.0012 0.0016 0.0016 0.0013 
       h2481 16 0.0025 0.0024 0.9843 0.0013 0.0034 0.0038 0.0021 
       h2491 16 0.0012 0.0013 0.9926 0.0012 0.0013 0.0012 0.0012 
       h2501 16 0.0014 0.0013 0.9905 0.0011 0.0016 0.0027 0.0014 
        h251 16 0.0016 0.0029 0.9874 0.0018 0.0018 0.0028 0.0018 
        h252 16 0.0015 0.0012 0.9919 0.0011 0.0014 0.0016 0.0013 
        h253 16 0.0013 0.0012 0.9904 0.0018 0.0013 0.0024 0.0017 
        h254 16 0.0017 0.0016 0.9904 0.0012 0.0014 0.0021 0.0015 
        h255 16 0.0018 0.0016 0.9899 0.0016 0.0020 0.0015 0.0016 
        h256 16 0.0011 0.0010 0.9916 0.0013 0.0022 0.0017 0.0011 
        h257 16 0.0011 0.0010 0.9925 0.0018 0.0012 0.0014 0.0011 
        h258 16 0.0022 0.0023 0.9887 0.0011 0.0017 0.0022 0.0018 
        h259 16 0.0019 0.0027 0.9886 0.0012 0.0017 0.0018 0.0021 
        h260 16 0.0015 0.0017 0.9872 0.0014 0.0024 0.0040 0.0017 
        h261 16 0.0021 0.0021 0.9870 0.0019 0.0022 0.0024 0.0023 
        h262 16 0.0015 0.0012 0.9889 0.0019 0.0021 0.0022 0.0021 
        h263 16 0.0013 0.0018 0.9915 0.0013 0.0011 0.0018 0.0013 
        h264 16 0.0017 0.0018 0.9892 0.0015 0.0018 0.0023 0.0018 
        h265 16 0.0018 0.0011 0.9895 0.0014 0.0028 0.0015 0.0019 
        h266 16 0.0027 0.0021 0.9851 0.0032 0.0022 0.0027 0.0020 
        h267 16 0.0017 0.0016 0.9879 0.0016 0.0036 0.0019 0.0017 
        h268 16 0.0016 0.0016 0.9885 0.0020 0.0024 0.0020 0.0019 
        h269 16 0.0012 0.0010 0.9921 0.0012 0.0012 0.0022 0.0012 
        h270 16 0.0014 0.0015 0.9907 0.0016 0.0018 0.0018 0.0013 
        h271 16 0.0012 0.0012 0.9921 0.0013 0.0013 0.0019 0.0011 
        h272 16 0.0014 0.0017 0.9898 0.0013 0.0014 0.0029 0.0015 
        h273 16 0.0023 0.0029 0.9832 0.0013 0.0030 0.0046 0.0028 
        h274 16 0.0018 0.0030 0.9844 0.0015 0.0024 0.0035 0.0035 
        h275 16 0.0016 0.0017 0.9888 0.0021 0.0022 0.0019 0.0018 
        h276 16 0.0018 0.0019 0.9891 0.0021 0.0016 0.0017 0.0017 
        h277 16 0.0014 0.0025 0.9839 0.0015 0.0027 0.0063 0.0016 
        h278 16 0.0017 0.0031 0.9874 0.0021 0.0017 0.0021 0.0019 
        h279 16 0.0013 0.0011 0.9924 0.0012 0.0014 0.0014 0.0012 
        h280 16 0.0016 0.0015 0.9881 0.0014 0.0022 0.0034 0.0019 
        h281 16 0.0024 0.0018 0.9854 0.0017 0.0017 0.0051 0.0020 
        h282 16 0.0017 0.0017 0.9876 0.0020 0.0025 0.0029 0.0016 
        h283 16 0.0014 0.0015 0.9907 0.0015 0.0015 0.0021 0.0014 
        h284 16 0.0010 0.0010 0.9928 0.0015 0.0012 0.0014 0.0011 
        h285 16 0.0011 0.0013 0.9920 0.0015 0.0012 0.0018 0.0011 
        h286 16 0.0041 0.0028 0.9790 0.0023 0.0039 0.0046 0.0033 
        h287 16 0.0010 0.0012 0.9929 0.0011 0.0012 0.0015 0.0011 
        h288 16 0.0022 0.0021 0.9886 0.0015 0.0016 0.0018 0.0022 
        h289 16 0.0016 0.0015 0.9903 0.0013 0.0023 0.0016 0.0015 
        h290 16 0.0031 0.0018 0.9834 0.0031 0.0043 0.0019 0.0025 
        h291 16 0.0021 0.0014 0.9871 0.0019 0.0025 0.0033 0.0016 
        h292 16 0.0014 0.0011 0.9907 0.0017 0.0017 0.0020 0.0013 
        h293 16 0.0024 0.0014 0.9867 0.0017 0.0024 0.0033 0.0020 
        h294 16 0.0025 0.0025 0.9864 0.0021 0.0018 0.0023 0.0023 
        h295 16 0.0020 0.0030 0.9852 0.0019 0.0032 0.0031 0.0016 
        h296 16 0.0017 0.0022 0.9839 0.0013 0.0031 0.0060 0.0018 
        h297 16 0.0014 0.0027 0.9886 0.0023 0.0019 0.0017 0.0014 
        h298 16 0.0018 0.0015 0.9886 0.0013 0.0018 0.0032 0.0017 
        h299 16 0.0033 0.0029 0.9742 0.0014 0.0072 0.0059 0.0051 
        h300 16 0.0020 0.0035 0.9840 0.0022 0.0039 0.0024 0.0021 
      CC00K0 17 0.0020 0.0016 0.0020 0.0013 0.0036 0.9873 0.0022 
      CC01AY 17 0.0023 0.0079 0.0050 0.0025 0.0079 0.9711 0.0033 
      CC01EE 17 0.0059 0.0026 0.0038 0.0025 0.0091 0.9714 0.0048 
      CC03KH 17 0.0061 0.0021 0.0059 0.0025 0.0183 0.9590 0.0062 
      CC04FK 17 0.0031 0.0024 0.0024 0.0027 0.0041 0.9785 0.0067 
      CC04H8 17 0.0047 0.0045 0.0172 0.0028 0.0096 0.9531 0.0081 
      CC05EL 17 0.0026 0.0028 0.0057 0.0038 0.0092 0.9561 0.0197 
      CC05EM 17 0.0026 0.0020 0.0018 0.0012 0.0042 0.9861 0.0021 
      CC05EX 17 0.0020 0.0018 0.0016 0.0012 0.0038 0.9874 0.0021 
      CC05H2 17 0.0056 0.0068 0.0044 0.0014 0.0071 0.9705 0.0043 
      CC05HP 17 0.0023 0.0019 0.0018 0.0011 0.0018 0.9883 0.0027 
      CC05X0 17 0.0032 0.0014 0.0019 0.0014 0.0027 0.9855 0.0040 
      CC05X7 17 0.0023 0.0023 0.0015 0.0013 0.0017 0.9890 0.0018 
      CC0637 17 0.0046 0.0058 0.0094 0.0017 0.0072 0.9672 0.0041 
      CC0640 17 0.0022 0.0025 0.0027 0.0016 0.0026 0.9860 0.0024 
      FCC01M 17 0.0028 0.0056 0.0074 0.0016 0.0032 0.9774 0.0021 
      FCC2JC 17 0.0187 0.0042 0.0571 0.0052 0.0274 0.8772 0.0103 
      CC00JM 17 0.0025 0.0030 0.0029 0.0028 0.0018 0.9849 0.0020 
      CC00T6 17 0.0103 0.0085 0.0053 0.0033 0.0085 0.9411 0.0229 
      CC00T7 17 0.0093 0.0018 0.0065 0.0014 0.0038 0.9714 0.0059 
      CC00TC 17 0.0017 0.0036 0.0020 0.0015 0.0017 0.9879 0.0015 
      CC01CJ 17 0.0045 0.0052 0.0025 0.0023 0.0017 0.9816 0.0021 
      CC01CY 17 0.0028 0.0046 0.0021 0.0014 0.0024 0.9839 0.0028 
      CC01EC 17 0.0021 0.0015 0.0033 0.0020 0.0026 0.9863 0.0021 
      CC01EH 17 0.0018 0.0027 0.0071 0.0027 0.0025 0.9810 0.0022 
      CC01F2 17 0.0056 0.0021 0.0034 0.0020 0.0045 0.9742 0.0082 
      CC01FL 17 0.0025 0.0072 0.0024 0.0013 0.0021 0.9822 0.0022 
      CC025E 17 0.0027 0.0033 0.0054 0.0021 0.0022 0.9818 0.0025 
      CC03E3 17 0.0031 0.0176 0.0019 0.0019 0.0040 0.9685 0.0030 
      CC04AU 17 0.0017 0.0012 0.0018 0.0011 0.0017 0.9909 0.0015 
      CC04EK 17 0.0022 0.0020 0.0018 0.0012 0.0020 0.9887 0.0019 
      CC05FX 17 0.0037 0.0031 0.0156 0.0015 0.0030 0.9707 0.0024 
      CC05H7 17 0.0036 0.0084 0.0018 0.0037 0.0061 0.9707 0.0057 
      CC05M5 17 0.0026 0.0013 0.0026 0.0015 0.0022 0.9878 0.0021 
      CC05YK 17 0.0021 0.0090 0.0018 0.0019 0.0026 0.9798 0.0029 
      CC0630 17 0.0104 0.0025 0.0040 0.0030 0.0177 0.9558 0.0065 
      CC066E 17 0.0239 0.0038 0.0055 0.0087 0.0415 0.8877 0.0289 
      CC01ET 17 0.0025 0.0047 0.0073 0.0040 0.0070 0.9717 0.0028 
      CC01F1 17 0.0030 0.0034 0.0053 0.0026 0.0036 0.9798 0.0024 
      CC063M 17 0.0024 0.0037 0.0013 0.0022 0.0023 0.9852 0.0028 
       h0013 18 0.0020 0.0017 0.0027 0.0024 0.0028 0.9865 0.0019 
       h0023 18 0.0018 0.0023 0.0016 0.0012 0.0024 0.9890 0.0018 
       h0033 18 0.0054 0.0020 0.0230 0.0019 0.0128 0.9497 0.0052 
       h0043 18 0.0029 0.0021 0.0019 0.0017 0.0023 0.9863 0.0027 
       h0053 18 0.0019 0.0038 0.0018 0.0011 0.0022 0.9873 0.0018 
       h0063 18 0.0021 0.0020 0.0045 0.0021 0.0030 0.9839 0.0024 
       h0073 18 0.0014 0.0019 0.0014 0.0014 0.0017 0.9907 0.0015 
       h0083 18 0.0025 0.0024 0.0018 0.0015 0.0020 0.9879 0.0019 
       h0093 18 0.0033 0.0029 0.0026 0.0014 0.0029 0.9833 0.0036 
       h0103 18 0.0021 0.0032 0.0058 0.0031 0.0062 0.9768 0.0028 
       h0113 18 0.0031 0.0046 0.0019 0.0020 0.0047 0.9805 0.0032 
       h0123 18 0.0016 0.0014 0.0017 0.0023 0.0018 0.9894 0.0017 
       h0133 18 0.0073 0.0044 0.0032 0.0019 0.0035 0.9644 0.0153 
       h0143 18 0.0028 0.0033 0.0030 0.0026 0.0016 0.9837 0.0030 
       h0153 18 0.0025 0.0025 0.0015 0.0016 0.0018 0.9880 0.0020 
       h0163 18 0.0046 0.0025 0.0020 0.0019 0.0048 0.9803 0.0039 
       h0173 18 0.0041 0.0027 0.0048 0.0013 0.0036 0.9807 0.0028 
       h0183 18 0.0020 0.0023 0.0025 0.0025 0.0029 0.9864 0.0015 
       h0193 18 0.0017 0.0014 0.0019 0.0016 0.0025 0.9890 0.0018 
       h0203 18 0.0031 0.0029 0.0020 0.0015 0.0028 0.9843 0.0034 
       h0213 18 0.0020 0.0022 0.0013 0.0019 0.0027 0.9871 0.0027 
       h0223 18 0.0029 0.0024 0.0025 0.0022 0.0042 0.9833 0.0025 
       h0233 18 0.0020 0.0041 0.0038 0.0021 0.0024 0.9836 0.0020 
       h0243 18 0.0029 0.0016 0.0025 0.0013 0.0024 0.9867 0.0025 
       h0253 18 0.0054 0.0128 0.0064 0.0026 0.0036 0.9645 0.0048 
       h0263 18 0.0018 0.0017 0.1228 0.0024 0.0058 0.8636 0.0019 
       h0273 18 0.0030 0.0047 0.0023 0.0017 0.0018 0.9837 0.0028 
       h0283 18 0.0016 0.0012 0.0017 0.0015 0.0017 0.9904 0.0019 
       h0293 18 0.0022 0.0039 0.0095 0.0016 0.0034 0.9762 0.0031 
       h0303 18 0.0030 0.0026 0.0029 0.0027 0.0037 0.9825 0.0027 
       h0313 18 0.0022 0.0023 0.0018 0.0015 0.0026 0.9864 0.0033 
       h0323 18 0.0035 0.0033 0.0042 0.0020 0.0027 0.9812 0.0032 
       h0333 18 0.0053 0.0033 0.0029 0.0012 0.0036 0.9796 0.0040 
       h0343 18 0.0022 0.0032 0.0045 0.0013 0.0019 0.9846 0.0023 
       h0353 18 0.0036 0.0042 0.0071 0.0017 0.0030 0.9777 0.0027 
       h0363 18 0.0014 0.0018 0.0031 0.0022 0.0019 0.9875 0.0020 
       h0373 18 0.0020 0.0021 0.0023 0.0036 0.0027 0.9851 0.0022 
       h0383 18 0.0090 0.0031 0.0052 0.0016 0.0047 0.9651 0.0113 
       h0393 18 0.0028 0.0019 0.0014 0.0014 0.0016 0.9890 0.0018 
       h0403 18 0.0016 0.0015 0.0017 0.0020 0.0018 0.9895 0.0018 
       h0413 18 0.0026 0.0038 0.0037 0.0022 0.0021 0.9833 0.0024 
       h0423 18 0.0028 0.0021 0.0049 0.0019 0.0018 0.9832 0.0033 
       h0433 18 0.0024 0.0018 0.0023 0.0019 0.0047 0.9843 0.0025 
       h0443 18 0.0040 0.0017 0.0026 0.0012 0.0034 0.9836 0.0035 
       h0453 18 0.0037 0.0019 0.0078 0.0015 0.0068 0.9719 0.0064 
       h0463 18 0.0020 0.0015 0.0026 0.0013 0.0020 0.9892 0.0015 
       h0473 18 0.0031 0.0043 0.0019 0.0017 0.0028 0.9841 0.0020 
       h0483 18 0.0016 0.0012 0.0017 0.0017 0.0017 0.9903 0.0018 
       h0493 18 0.0040 0.0020 0.0040 0.0025 0.0038 0.9800 0.0038 
       h0503 18 0.0192 0.0190 0.0057 0.0022 0.0093 0.9264 0.0182 
       h0513 18 0.0034 0.0022 0.0020 0.0019 0.0049 0.9827 0.0029 
       h0523 18 0.0252 0.0048 0.0019 0.0017 0.0086 0.9487 0.0091 
       h0533 18 0.0093 0.0090 0.0067 0.0025 0.0100 0.9571 0.0053 
       h0543 18 0.0038 0.0015 0.0018 0.0015 0.0020 0.9874 0.0020 
       h0553 18 0.0039 0.0023 0.0032 0.0021 0.0048 0.9779 0.0058 
       h0563 18 0.0019 0.0042 0.0036 0.0031 0.0032 0.9816 0.0025 
       h0573 18 0.0017 0.0024 0.0038 0.0013 0.0020 0.9864 0.0024 
       h0583 18 0.0033 0.0041 0.0017 0.0018 0.0020 0.9848 0.0024 
       h0593 18 0.0029 0.0020 0.0212 0.0031 0.0050 0.9618 0.0040 
       h0603 18 0.0046 0.0027 0.0162 0.0014 0.0044 0.9671 0.0036 
       h0613 18 0.0048 0.0028 0.0039 0.0030 0.0021 0.9809 0.0025 
       h0623 18 0.0035 0.0062 0.0047 0.0015 0.0026 0.9761 0.0054 
       h0633 18 0.0021 0.0027 0.0017 0.0018 0.0021 0.9871 0.0025 
       h0643 18 0.0028 0.0019 0.0086 0.0021 0.0041 0.9772 0.0033 
       h0653 18 0.0135 0.0051 0.0087 0.0029 0.0193 0.8718 0.0787 
       h0663 18 0.0016 0.0016 0.0017 0.0018 0.0016 0.9902 0.0014 
       h0673 18 0.0023 0.0020 0.0127 0.0041 0.0037 0.9736 0.0017 
       h0683 18 0.0034 0.0042 0.0015 0.0018 0.0021 0.9849 0.0022 
       h0693 18 0.0058 0.0015 0.0023 0.0013 0.0100 0.9740 0.0052 
       h0703 18 0.0023 0.0068 0.0019 0.0014 0.0037 0.9813 0.0025 
       h0713 18 0.0026 0.0046 0.0069 0.0025 0.0045 0.9754 0.0035 
       h0723 18 0.0015 0.0020 0.0024 0.0014 0.0017 0.9896 0.0013 
       h0733 18 0.0023 0.0019 0.0154 0.0012 0.0025 0.9743 0.0023 
       h0743 18 0.0038 0.0023 0.0040 0.0021 0.0023 0.9812 0.0043 
       h0753 18 0.0022 0.0018 0.0028 0.0014 0.0017 0.9882 0.0019 
       h0763 18 0.0020 0.0029 0.0029 0.0022 0.0046 0.9840 0.0014 
       h0773 18 0.0020 0.0018 0.0033 0.0012 0.0023 0.9872 0.0022 
       h0783 18 0.0024 0.0021 0.0054 0.0020 0.0046 0.9801 0.0034 
       h0793 18 0.0073 0.0042 0.0052 0.0014 0.0040 0.9734 0.0045 
       h0803 18 0.0057 0.0265 0.0033 0.0033 0.0138 0.9373 0.0101 
       h0813 18 0.0035 0.0036 0.0127 0.0014 0.0058 0.9686 0.0043 
       h0823 18 0.0031 0.0031 0.0053 0.0030 0.0051 0.9756 0.0048 
       h0833 18 0.0041 0.0035 0.0050 0.0031 0.0203 0.9603 0.0037 
       h0843 18 0.0028 0.0029 0.0013 0.0011 0.0029 0.9874 0.0017 
       h0853 18 0.0028 0.0026 0.0040 0.0017 0.0024 0.9834 0.0031 
       h0863 18 0.0020 0.0027 0.0092 0.0016 0.0022 0.9797 0.0025 
       h0873 18 0.0014 0.0013 0.0018 0.0013 0.0016 0.9912 0.0014 
       h0883 18 0.0036 0.0046 0.0075 0.0034 0.0081 0.9677 0.0051 
       h0893 18 0.0048 0.0021 0.0024 0.0013 0.0026 0.9825 0.0041 
       h0903 18 0.0066 0.0361 0.0035 0.0025 0.0026 0.9425 0.0061 
       h0913 18 0.0028 0.0024 0.0186 0.0019 0.0025 0.9696 0.0022 
       h0923 18 0.0022 0.0025 0.0041 0.0016 0.0049 0.9819 0.0028 
       h0933 18 0.0030 0.0045 0.0041 0.0015 0.0030 0.9794 0.0045 
       h0943 18 0.0020 0.0017 0.0040 0.0013 0.0017 0.9878 0.0015 
       h0953 18 0.0029 0.0014 0.0015 0.0016 0.0055 0.9843 0.0028 
       h0963 18 0.0021 0.0017 0.0031 0.0014 0.0031 0.9850 0.0036 
       h0973 18 0.0019 0.0034 0.0044 0.0022 0.0042 0.9806 0.0033 
       h0983 18 0.0039 0.0023 0.0073 0.0019 0.0024 0.9772 0.0051 
       h0993 18 0.0082 0.0036 0.0030 0.0019 0.0065 0.9643 0.0124 
       h1003 18 0.0161 0.0046 0.0109 0.0015 0.0031 0.9513 0.0125 
       h1013 18 0.0021 0.0049 0.0015 0.0016 0.0021 0.9864 0.0013 
       h1023 18 0.0018 0.0024 0.0020 0.0018 0.0019 0.9878 0.0023 
       h1033 18 0.0033 0.0018 0.0023 0.0017 0.0027 0.9841 0.0041 
       h1043 18 0.0042 0.0025 0.0026 0.0017 0.0028 0.9824 0.0037 
       h1053 18 0.0040 0.0124 0.0299 0.0030 0.0072 0.9406 0.0029 
       h1063 18 0.0148 0.0020 0.0014 0.0048 0.0026 0.9688 0.0057 
       h1073 18 0.0028 0.0129 0.0017 0.0020 0.0027 0.9748 0.0031 
       h1083 18 0.0062 0.0036 0.0031 0.0021 0.0056 0.9761 0.0034 
       h1093 18 0.0115 0.0034 0.0038 0.0026 0.0034 0.9611 0.0142 
       h1103 18 0.0067 0.0022 0.0113 0.0025 0.0061 0.9673 0.0040 
       h1113 18 0.0036 0.0017 0.0032 0.0015 0.0040 0.9833 0.0027 
       h1123 18 0.0027 0.0014 0.0027 0.0016 0.0029 0.9871 0.0017 
       h1133 18 0.0022 0.0026 0.0030 0.0017 0.0036 0.9847 0.0022 
       h1143 18 0.0028 0.0018 0.0020 0.0013 0.0020 0.9884 0.0018 
       h1153 18 0.0027 0.0055 0.0019 0.0021 0.0072 0.9741 0.0064 
       h1163 18 0.0042 0.0085 0.0024 0.0025 0.0041 0.9734 0.0048 
       h1173 18 0.0033 0.0016 0.0025 0.0014 0.0039 0.9840 0.0032 
       h1183 18 0.0017 0.0021 0.0022 0.0013 0.0016 0.9896 0.0014 
       h1193 18 0.0031 0.0028 0.0059 0.0019 0.0035 0.9793 0.0037 
       h1203 18 0.0018 0.0017 0.0020 0.0022 0.0022 0.9880 0.0021 
       h1213 18 0.0018 0.0029 0.0034 0.0013 0.0025 0.9865 0.0017 
       h1223 18 0.0025 0.0036 0.0070 0.0020 0.0026 0.9803 0.0020 
       h1233 18 0.0030 0.0028 0.0024 0.0021 0.0024 0.9830 0.0043 
       h1243 18 0.0136 0.0101 0.0016 0.0028 0.0043 0.9627 0.0050 
       h1253 18 0.0090 0.0031 0.0019 0.0034 0.0024 0.9751 0.0052 
       h1263 18 0.0024 0.0021 0.0019 0.0013 0.0021 0.9878 0.0024 
       h1273 18 0.0039 0.0125 0.0020 0.0014 0.0041 0.9679 0.0080 
       h1283 18 0.0016 0.0030 0.0068 0.0027 0.0020 0.9823 0.0016 
       h1293 18 0.0032 0.0018 0.0026 0.0019 0.0025 0.9857 0.0024 
       h1303 18 0.0136 0.0037 0.0015 0.0016 0.0052 0.9656 0.0087 
       h1313 18 0.0017 0.0019 0.1281 0.0016 0.0022 0.8625 0.0019 
       h1323 18 0.0035 0.0045 0.0029 0.0015 0.0027 0.9821 0.0027 
       h1333 18 0.0043 0.0029 0.0044 0.0034 0.0210 0.9588 0.0052 
       h1343 18 0.0215 0.0045 0.0030 0.0021 0.0038 0.9561 0.0090 
       h1353 18 0.0047 0.0030 0.0041 0.0022 0.0036 0.9742 0.0081 
       h1363 18 0.0027 0.0019 0.0050 0.0025 0.0073 0.9773 0.0034 
       h1373 18 0.0032 0.0023 0.0014 0.0016 0.0021 0.9848 0.0046 
       h1383 18 0.0108 0.0061 0.0159 0.0021 0.0039 0.9548 0.0064 
       h1393 18 0.0137 0.0033 0.0023 0.0019 0.0056 0.9604 0.0129 
       h1403 18 0.0082 0.0114 0.0132 0.0024 0.0049 0.9535 0.0064 
       h1413 18 0.0022 0.0012 0.0064 0.0014 0.0031 0.9833 0.0024 
       h1423 18 0.0016 0.0018 0.0033 0.0018 0.0029 0.9860 0.0025 
       h1433 18 0.0073 0.0023 0.0048 0.0026 0.0055 0.9733 0.0042 
       h1443 18 0.0027 0.0040 0.0031 0.0016 0.0022 0.9837 0.0027 
       h1453 18 0.0022 0.0017 0.0015 0.0023 0.0023 0.9879 0.0020 
       h1463 18 0.0040 0.0091 0.0025 0.0040 0.0027 0.9751 0.0026 
       h1473 18 0.0030 0.0023 0.0021 0.0041 0.0054 0.9775 0.0056 
       h1483 18 0.0041 0.0034 0.0124 0.0014 0.0034 0.9727 0.0025 
       h1493 18 0.0024 0.0069 0.0017 0.0020 0.0047 0.9798 0.0026 
       h1503 18 0.0026 0.0036 0.0029 0.0020 0.0053 0.9803 0.0033 
       h1513 18 0.0020 0.0018 0.0031 0.0021 0.0037 0.9846 0.0027 
       h1523 18 0.0024 0.0029 0.0030 0.0013 0.0032 0.9849 0.0023 
       h1533 18 0.0034 0.0206 0.0057 0.0038 0.0102 0.9525 0.0037 
       h1543 18 0.0023 0.0013 0.0023 0.0028 0.0061 0.9830 0.0022 
       h1553 18 0.0019 0.0017 0.0020 0.0014 0.0029 0.9881 0.0020 
       h1563 18 0.0018 0.0091 0.0043 0.0014 0.0032 0.9769 0.0034 
       h1573 18 0.0036 0.0023 0.0041 0.0017 0.0035 0.9811 0.0037 
       h1583 18 0.0028 0.0158 0.0023 0.0057 0.0033 0.9664 0.0036 
       h1593 18 0.0027 0.0026 0.0135 0.0019 0.0024 0.9753 0.0018 
       h1603 18 0.0039 0.0037 0.0181 0.0025 0.0026 0.9666 0.0027 
       h1613 18 0.0230 0.0348 0.0023 0.0016 0.0060 0.8880 0.0444 
       h1623 18 0.0122 0.0067 0.0034 0.0025 0.0060 0.9627 0.0065 
       h1633 18 0.0027 0.0013 0.0030 0.0013 0.0034 0.9858 0.0025 
       h1643 18 0.0048 0.0017 0.0024 0.0010 0.0028 0.9778 0.0095 
       h1653 18 0.0026 0.0032 0.0044 0.0014 0.0053 0.9786 0.0046 
       h1663 18 0.0061 0.0066 0.0022 0.0025 0.0133 0.9527 0.0165 
       h1673 18 0.0030 0.0044 0.0049 0.0017 0.0027 0.9804 0.0029 
       h1683 18 0.0019 0.0017 0.0032 0.0014 0.0019 0.9881 0.0017 
       h1693 18 0.0022 0.0029 0.0120 0.0021 0.0031 0.9754 0.0023 
       h1703 18 0.0022 0.0031 0.0022 0.0024 0.0023 0.9851 0.0025 
       h1713 18 0.0049 0.0026 0.0042 0.0021 0.0030 0.9810 0.0023 
       h1723 18 0.0086 0.0027 0.0057 0.0013 0.0087 0.9653 0.0077 
       h1733 18 0.0017 0.0017 0.0016 0.0015 0.0016 0.9904 0.0015 
       h1743 18 0.0024 0.0039 0.0023 0.0017 0.0040 0.9829 0.0028 
       h1753 18 0.0024 0.0054 0.0016 0.0013 0.0024 0.9846 0.0024 
       h1763 18 0.0024 0.0020 0.0060 0.0018 0.0058 0.9791 0.0030 
       h1773 18 0.0033 0.0039 0.0016 0.0013 0.0016 0.9859 0.0023 
       h1783 18 0.0048 0.0024 0.0065 0.0012 0.0043 0.9774 0.0033 
       h1793 18 0.0030 0.0030 0.0085 0.0026 0.0040 0.9755 0.0034 
       h1803 18 0.0133 0.0014 0.0120 0.0017 0.0038 0.9621 0.0057 
       h1813 18 0.0023 0.0022 0.0017 0.0015 0.0034 0.9862 0.0028 
       h1823 18 0.0038 0.0028 0.0068 0.0017 0.0030 0.9789 0.0030 
       h1833 18 0.0044 0.0058 0.0023 0.0018 0.0065 0.9660 0.0133 
       h1843 18 0.0023 0.0046 0.0025 0.0014 0.0032 0.9830 0.0030 
       h1853 18 0.0045 0.0022 0.0017 0.0016 0.0040 0.9822 0.0038 
       h1863 18 0.0026 0.0036 0.0031 0.0030 0.0026 0.9818 0.0033 
       h1873 18 0.0030 0.0031 0.0075 0.0023 0.0024 0.9796 0.0022 
       h1883 18 0.0048 0.0071 0.0035 0.0020 0.0191 0.9568 0.0067 
       h1893 18 0.0041 0.0027 0.0044 0.0021 0.0032 0.9792 0.0044 
       h1903 18 0.0045 0.0081 0.0046 0.0022 0.0053 0.9267 0.0487 
       h1913 18 0.0024 0.0034 0.0022 0.0017 0.0022 0.9845 0.0037 
       h1923 18 0.0031 0.0042 0.0140 0.0020 0.0156 0.9571 0.0040 
       h1933 18 0.0029 0.0041 0.0015 0.0013 0.0024 0.9830 0.0048 
       h1943 18 0.0025 0.0027 0.0020 0.0015 0.0023 0.9873 0.0017 
       h1953 18 0.0048 0.0020 0.0063 0.0013 0.0028 0.9798 0.0030 
       h1963 18 0.0032 0.0015 0.0020 0.0016 0.0033 0.9858 0.0026 
       h1973 18 0.0049 0.0031 0.0102 0.0052 0.0035 0.9692 0.0038 
       h1983 18 0.0024 0.0067 0.0017 0.0012 0.0024 0.9831 0.0026 
       h1993 18 0.0024 0.0016 0.0061 0.0018 0.0042 0.9817 0.0021 
       h2003 18 0.0052 0.0049 0.0062 0.0038 0.0057 0.9666 0.0075 
       h2013 18 0.0017 0.0069 0.0243 0.0066 0.0242 0.9335 0.0027 
       h2023 18 0.0029 0.0168 0.0019 0.0019 0.0030 0.9701 0.0035 
       h2033 18 0.0036 0.0026 0.0191 0.0026 0.0026 0.9666 0.0030 
       h2043 18 0.0026 0.0033 0.0032 0.0017 0.0030 0.9833 0.0028 
       h2053 18 0.0023 0.0027 0.0018 0.0015 0.0115 0.9758 0.0045 
       h2063 18 0.0021 0.0042 0.0035 0.0025 0.0050 0.9791 0.0036 
       h2073 18 0.0039 0.0148 0.0055 0.0049 0.0096 0.9577 0.0035 
       h2083 18 0.0048 0.0019 0.0016 0.0020 0.0020 0.9856 0.0021 
       h2093 18 0.0017 0.0033 0.0022 0.0017 0.0036 0.9856 0.0019 
       h2103 18 0.0023 0.0021 0.0017 0.0013 0.0024 0.9885 0.0017 
       h2113 18 0.0156 0.0034 0.0172 0.0018 0.0031 0.9526 0.0064 
       h2123 18 0.0019 0.0024 0.0018 0.0025 0.0015 0.9885 0.0015 
       h2133 18 0.0037 0.0020 0.0037 0.0014 0.0035 0.9825 0.0033 
       h2143 18 0.0024 0.0023 0.0015 0.0025 0.0033 0.9846 0.0034 
       h2153 18 0.0088 0.0041 0.0321 0.0080 0.0043 0.9402 0.0025 
       h2163 18 0.0063 0.0028 0.0031 0.0024 0.0084 0.9726 0.0043 
       h2173 18 0.0019 0.0010 0.0047 0.0010 0.0014 0.9882 0.0017 
       h2183 18 0.0029 0.0022 0.0033 0.0021 0.0026 0.9851 0.0018 
       h2193 18 0.0052 0.0019 0.0040 0.0021 0.0099 0.9711 0.0059 
       h2203 18 0.0027 0.0030 0.0030 0.0021 0.0026 0.9834 0.0032 
       h2213 18 0.0018 0.0012 0.0021 0.0014 0.0018 0.9899 0.0019 
       h2223 18 0.0019 0.0013 0.0052 0.0014 0.0034 0.9846 0.0022 
       h2233 18 0.0023 0.0020 0.0018 0.0019 0.0018 0.9887 0.0016 
       h2243 18 0.0027 0.0025 0.0039 0.0017 0.0034 0.9835 0.0023 
       h2253 18 0.0024 0.0045 0.0021 0.0021 0.0099 0.9757 0.0033 
       h2263 18 0.0066 0.0022 0.0021 0.0020 0.0033 0.9787 0.0051 
       h2273 18 0.0028 0.0032 0.0125 0.0014 0.0025 0.9754 0.0022 
       h2283 18 0.0020 0.0070 0.0031 0.0031 0.0160 0.9664 0.0024 
       h2293 18 0.0025 0.0018 0.0056 0.0018 0.0031 0.9823 0.0030 
       h2303 18 0.0024 0.0018 0.0038 0.0013 0.0037 0.9837 0.0034 
       h2313 18 0.0020 0.0026 0.0034 0.0021 0.0043 0.9838 0.0019 
       h2323 18 0.0016 0.0015 0.0015 0.0014 0.0014 0.9910 0.0015 
       h2333 18 0.0024 0.0013 0.0021 0.0015 0.0026 0.9882 0.0018 
       h2343 18 0.0024 0.0028 0.0022 0.0015 0.0020 0.9870 0.0021 
       h2353 18 0.0045 0.0038 0.0030 0.0024 0.0078 0.9739 0.0047 
       h2363 18 0.0035 0.0027 0.0057 0.0014 0.0028 0.9801 0.0038 
       h2373 18 0.0058 0.0028 0.0130 0.0033 0.0026 0.9703 0.0023 
       h2383 18 0.0023 0.0080 0.0015 0.0020 0.0025 0.9819 0.0019 
       h2393 18 0.0027 0.0019 0.0023 0.0015 0.0030 0.9857 0.0029 
       h2403 18 0.0027 0.0019 0.0023 0.0020 0.0025 0.9854 0.0031 
       h2413 18 0.0172 0.0050 0.0023 0.0048 0.1857 0.7631 0.0218 
       h2423 18 0.0016 0.0020 0.0034 0.0015 0.0050 0.9849 0.0016 
       h2433 18 0.0022 0.0021 0.0026 0.0017 0.0024 0.9869 0.0020 
       h2443 18 0.0042 0.0029 0.0019 0.0018 0.0035 0.9808 0.0049 
       h2453 18 0.0046 0.0028 0.0025 0.0019 0.0041 0.9809 0.0032 
       h2463 18 0.0019 0.0068 0.0014 0.0020 0.0017 0.9838 0.0025 
       h2473 18 0.0048 0.0020 0.0039 0.0018 0.0049 0.9769 0.0058 
       h2483 18 0.0071 0.0034 0.0044 0.0022 0.0095 0.9635 0.0099 
       h2493 18 0.0027 0.0055 0.0026 0.0022 0.0028 0.9801 0.0041 
       h2503 18 0.0017 0.0014 0.0013 0.0014 0.0021 0.9905 0.0017 
       h2512 18 0.0025 0.0111 0.0018 0.0019 0.0028 0.9774 0.0024 
       h2522 18 0.0110 0.0098 0.0048 0.0020 0.0062 0.9598 0.0065 
       h2532 18 0.0025 0.0019 0.0020 0.0011 0.0023 0.9873 0.0029 
       h2542 18 0.0032 0.0021 0.0059 0.0017 0.0035 0.9816 0.0020 
       h2552 18 0.0022 0.0024 0.0021 0.0012 0.0019 0.9881 0.0022 
       h2562 18 0.0030 0.0044 0.0062 0.0023 0.0071 0.9722 0.0049 
       h2572 18 0.0027 0.0012 0.0018 0.0015 0.0023 0.9873 0.0031 
       h2582 18 0.0023 0.0011 0.0016 0.0012 0.0030 0.9884 0.0024 
       h2592 18 0.0051 0.0051 0.0039 0.0033 0.0044 0.9707 0.0075 
       h2602 18 0.0049 0.0027 0.0051 0.0027 0.0033 0.9768 0.0045 
       h2612 18 0.0025 0.0024 0.0016 0.0014 0.0018 0.9868 0.0035 
       h2622 18 0.0017 0.0024 0.0033 0.0028 0.0092 0.9777 0.0029 
       h2632 18 0.0027 0.0030 0.0037 0.0013 0.0036 0.9828 0.0028 
       h2642 18 0.0025 0.0023 0.0013 0.0014 0.0022 0.9870 0.0034 
       h2652 18 0.0020 0.0019 0.0019 0.0040 0.0037 0.9840 0.0025 
       h2662 18 0.0021 0.0020 0.0015 0.0025 0.0019 0.9875 0.0025 
       h2672 18 0.0037 0.0037 0.0026 0.0019 0.0048 0.9798 0.0036 
       h2682 18 0.0026 0.0049 0.0029 0.0020 0.0043 0.9776 0.0057 
       h2692 18 0.0013 0.0018 0.0025 0.0022 0.0020 0.9886 0.0016 
       h2702 18 0.0059 0.0207 0.0018 0.0017 0.0058 0.9554 0.0087 
       h2712 18 0.0019 0.0018 0.0026 0.0015 0.0022 0.9885 0.0015 
       h2722 18 0.0024 0.0051 0.0059 0.0021 0.0057 0.9755 0.0032 
       h2732 18 0.0031 0.0023 0.0021 0.0017 0.0024 0.9862 0.0022 
       h2742 18 0.0032 0.0039 0.0021 0.0015 0.0023 0.9848 0.0020 
       h2752 18 0.0033 0.0017 0.0072 0.0015 0.0068 0.9770 0.0026 
       h2762 18 0.0055 0.0028 0.0024 0.0017 0.0029 0.9815 0.0031 
       h2772 18 0.0029 0.0027 0.0023 0.0024 0.0018 0.9857 0.0022 
       h2782 18 0.0030 0.0017 0.0021 0.0014 0.0017 0.9868 0.0031 
       h2792 18 0.0142 0.0039 0.0015 0.0022 0.0029 0.9683 0.0071 
       h2802 18 0.0037 0.0054 0.0019 0.0034 0.0028 0.9804 0.0023 
       h2812 18 0.0017 0.0109 0.0028 0.0022 0.0044 0.9757 0.0024 
       h2822 18 0.0018 0.0022 0.0016 0.0012 0.0022 0.9890 0.0020 
       h2832 18 0.0026 0.0029 0.0034 0.0019 0.0020 0.9839 0.0033 
       h2842 18 0.0063 0.0019 0.0041 0.0022 0.0042 0.9740 0.0073 
       h2852 18 0.0040 0.0018 0.0122 0.0019 0.0060 0.9699 0.0041 
       h2862 18 0.0034 0.0051 0.0023 0.0055 0.0065 0.9687 0.0086 
       h2872 18 0.0023 0.0023 0.0012 0.0016 0.0024 0.9883 0.0020 
       h2882 18 0.0032 0.0029 0.0032 0.0013 0.0050 0.9809 0.0036 
       h2892 18 0.0032 0.0037 0.0032 0.0015 0.0025 0.9840 0.0019 
       h2902 18 0.0017 0.0015 0.0011 0.0015 0.0024 0.9897 0.0022 
       h2912 18 0.0024 0.0060 0.0082 0.0035 0.0038 0.9695 0.0066 
       h2922 18 0.0036 0.0020 0.0038 0.0020 0.0064 0.9782 0.0040 
       h2932 18 0.0040 0.0023 0.0015 0.0015 0.0038 0.9812 0.0057 
       h2942 18 0.0023 0.0031 0.0024 0.0026 0.0037 0.9826 0.0033 
       h2952 18 0.0225 0.0016 0.0037 0.0051 0.0233 0.9340 0.0097 
       h2962 18 0.0023 0.0105 0.0123 0.0042 0.0125 0.9534 0.0048 
       h2972 18 0.0019 0.0055 0.0030 0.0020 0.0023 0.9831 0.0021 
       h2982 18 0.0023 0.0021 0.0049 0.0033 0.0038 0.9807 0.0028 
       h2992 18 0.0018 0.0047 0.0028 0.0030 0.0029 0.9828 0.0020 
       h3002 18 0.0030 0.0033 0.0031 0.0024 0.0034 0.9826 0.0023 
