   1        1   (5)      1 :  0.0036 0.0070 0.0040 0.9854 
   2        2   (5)      1 :  0.0072 0.0028 0.0070 0.9830 
   3        3   (5)      1 :  0.0026 0.0030 0.0028 0.9916 
   4        4   (0)      1 :  0.0020 0.0038 0.0022 0.9920 
   5        5   (0)      1 :  0.0296 0.0184 0.0190 0.9330 
   6        6   (0)      1 :  0.0028 0.0046 0.0028 0.9898 
   7        7   (0)      1 :  0.0300 0.0024 0.0060 0.9616 
   8        8   (5)      1 :  0.0022 0.0026 0.0020 0.9932 
   9        9   (0)      1 :  0.0012 0.0022 0.0020 0.9946 
  10       10   (0)      1 :  0.0118 0.0022 0.0050 0.9810 
  11       11   (0)      1 :  0.0034 0.0020 0.0020 0.9926 
  12       12   (0)      1 :  0.0040 0.0026 0.0056 0.9878 
  13       13   (0)      1 :  0.0020 0.0010 0.0034 0.9936 
  14       14   (0)      1 :  0.0028 0.0042 0.0020 0.9910 
  15       15   (0)      1 :  0.0048 0.0026 0.0022 0.9904 
  16       16   (0)      1 :  0.0020 0.0048 0.0020 0.9912 
  17       17   (0)      1 :  0.0020 0.0010 0.0012 0.9958 
  18       18   (0)      1 :  0.0068 0.0038 0.0062 0.9832 
  19       19   (0)      1 :  0.0024 0.0042 0.0074 0.9860 
  20       20   (0)      1 :  0.0192 0.0054 0.0088 0.9666 
  21       21   (0)      1 :  0.0014 0.0020 0.0026 0.9940 
  22       22   (0)      1 :  0.0012 0.0068 0.0016 0.9904 
  23       23   (0)      1 :  0.0016 0.0054 0.0024 0.9906 
  24       24   (0)      1 :  0.0024 0.0088 0.0040 0.9848 
  25       25   (0)      1 :  0.0052 0.0026 0.0060 0.9862 
  26       26   (0)      1 :  0.0020 0.0022 0.0036 0.9922 
  27       27   (5)      1 :  0.0248 0.0052 0.0198 0.9502 
  28       28   (0)      1 :  0.0094 0.0056 0.0030 0.9820 
  29       29   (0)      1 :  0.0022 0.0044 0.0024 0.9910 
  30       30   (0)      1 :  0.0074 0.0086 0.0072 0.9768 
  31       31   (0)      1 :  0.0026 0.0032 0.0036 0.9906 
  32       32   (0)      1 :  0.0082 0.0030 0.0060 0.9828 
  33       33   (0)      1 :  0.0022 0.0020 0.0024 0.9934 
  34       34   (0)      1 :  0.0016 0.0042 0.0020 0.9922 
  35       35   (0)      1 :  0.0206 0.0240 0.0180 0.9374 
  36       36   (0)      1 :  0.0178 0.0058 0.0052 0.9712 
  37       37   (0)      1 :  0.0060 0.0028 0.0040 0.9872 
  38       38   (0)      1 :  0.0030 0.0020 0.0052 0.9898 
  39       39   (0)      1 :  0.0084 0.0028 0.0076 0.9812 
  40       40   (0)      1 :  0.0030 0.0056 0.0040 0.9874 
  41       41   (0)      1 :  0.0034 0.0024 0.0026 0.9916 
  42       42   (0)      1 :  0.0012 0.0026 0.0020 0.9942 
  43       43   (0)      1 :  0.0036 0.0026 0.0022 0.9916 
  44       44   (0)      1 :  0.0016 0.0012 0.0012 0.9960 
  45       45   (5)      1 :  0.0058 0.0022 0.0030 0.9890 
  46       46   (0)      1 :  0.0022 0.0064 0.0026 0.9888 
  47       47   (0)      1 :  0.0054 0.0074 0.0022 0.9850 
  48       48   (0)      1 :  0.0032 0.0080 0.0028 0.9860 
  49       49   (0)      1 :  0.0024 0.0018 0.0044 0.9914 
  50       50   (0)      1 :  0.0026 0.0036 0.0024 0.9914 
  51       51   (0)      1 :  0.0020 0.0020 0.0036 0.9924 
  52       52   (0)      1 :  0.0046 0.0052 0.0128 0.9774 
  53       53   (0)      1 :  0.0032 0.0130 0.0040 0.9798 
  54       54   (0)      1 :  0.0070 0.0028 0.0018 0.9884 
  55       55   (0)      1 :  0.0032 0.0022 0.0022 0.9924 
  56       56   (0)      1 :  0.0022 0.0030 0.0022 0.9926 
  57       57  (10)      1 :  0.0036 0.0022 0.0036 0.9906 
  58       58   (5)      1 :  0.0038 0.0040 0.0022 0.9900 
  59       59   (0)      1 :  0.0022 0.0054 0.0030 0.9894 
  60       60   (0)      1 :  0.0024 0.0012 0.0020 0.9944 
  61       61   (0)      1 :  0.0032 0.0038 0.0024 0.9906 
  62       62   (0)      1 :  0.0048 0.0024 0.0026 0.9902 
  63       63   (0)      1 :  0.0048 0.0020 0.0024 0.9908 
  64       64   (0)      1 :  0.0028 0.0026 0.0028 0.9918 
  65       65   (0)      1 :  0.0188 0.0020 0.0168 0.9624 
  66       66   (0)      1 :  0.0034 0.0046 0.0034 0.9886 
  67       67   (5)      1 :  0.0038 0.0126 0.0070 0.9766 
  68       68   (0)      1 :  0.0094 0.0234 0.0040 0.9632 
  69       69   (0)      1 :  0.0050 0.0010 0.0012 0.9928 
  70       70   (0)      1 :  0.0038 0.0034 0.0020 0.9908 
  71       71   (5)      1 :  0.0050 0.0046 0.0038 0.9866 
  72       72   (0)      1 :  0.0028 0.0020 0.0052 0.9900 
  73       73   (5)      1 :  0.0032 0.0044 0.0114 0.9810 
  74       74  (10)      1 :  0.0046 0.0042 0.0038 0.9874 
  75       75  (10)      1 :  0.0020 0.0026 0.0076 0.9878 
  76       76   (0)      1 :  0.0024 0.1640 0.0020 0.8316 
  77       77  (10)      1 :  0.0020 0.0328 0.0030 0.9622 
  78       78   (0)      1 :  0.0042 0.0474 0.0050 0.9434 
  79       79   (5)      1 :  0.0060 0.0058 0.0040 0.9842 
  80       80   (0)      1 :  0.0020 0.0024 0.0020 0.9936 
  81       81   (0)      1 :  0.0020 0.0020 0.0020 0.9940 
  82       82   (0)      1 :  0.0016 0.0010 0.0020 0.9954 
  83       83   (0)      1 :  0.0034 0.0200 0.0028 0.9738 
  84       84   (0)      1 :  0.0058 0.0020 0.0054 0.9868 
  85       85   (0)      1 :  0.0020 0.0012 0.0020 0.9948 
  86       86   (5)      1 :  0.0020 0.0020 0.0022 0.9938 
  87       87   (0)      1 :  0.0028 0.0024 0.0022 0.9926 
  88       88   (0)      1 :  0.0098 0.1202 0.0098 0.8602 
  89       89   (0)      1 :  0.0046 0.0066 0.0140 0.9748 
  90       90   (0)      1 :  0.0084 0.0082 0.0022 0.9812 
  91       91   (0)      1 :  0.0030 0.0042 0.0026 0.9902 
  92       92   (0)      1 :  0.0106 0.0030 0.0028 0.9836 
  93       93   (0)      1 :  0.0020 0.0022 0.0010 0.9948 
  94       94   (5)      1 :  0.0026 0.0110 0.0062 0.9802 
  95       95   (0)      1 :  0.0020 0.0040 0.0020 0.9920 
  96       96   (5)      1 :  0.0022 0.0012 0.0020 0.9946 
  97       97   (0)      1 :  0.0048 0.0092 0.0012 0.9848 
  98       98   (0)      1 :  0.0034 0.0028 0.0036 0.9902 
  99       99   (5)      1 :  0.0020 0.0020 0.0024 0.9936 
 100      100   (5)      1 :  0.0022 0.0022 0.0012 0.9944 
 101      101   (0)      2 :  0.0056 0.0034 0.0022 0.9888 
 102      102   (0)      2 :  0.0042 0.0028 0.0024 0.9906 
 103      103   (0)      2 :  0.0026 0.0018 0.0016 0.9940 
 104      104   (0)      2 :  0.0024 0.0022 0.0020 0.9934 
 105      105   (0)      2 :  0.0058 0.0404 0.0056 0.9482 
 106      106   (0)      2 :  0.0304 0.0084 0.0158 0.9454 
 107      107   (0)      2 :  0.0022 0.0014 0.0052 0.9912 
 108      108   (0)      2 :  0.0022 0.0030 0.0014 0.9934 
 109      109   (0)      2 :  0.0030 0.0038 0.0044 0.9888 
 110      110   (0)      2 :  0.0080 0.0046 0.0084 0.9790 
 111      111   (0)      2 :  0.0032 0.0080 0.0022 0.9866 
 112      112   (0)      2 :  0.0022 0.0028 0.0024 0.9926 
 113      113   (0)      2 :  0.0020 0.0020 0.0020 0.9940 
 114      114   (0)      2 :  0.0038 0.0052 0.0082 0.9828 
 115      115   (0)      2 :  0.0048 0.0034 0.0050 0.9868 
 116      116   (0)      2 :  0.0020 0.0020 0.0020 0.9940 
 117      117   (0)      2 :  0.0024 0.0014 0.0014 0.9948 
 118      118   (0)      2 :  0.0020 0.0198 0.0032 0.9750 
 119      119   (0)      2 :  0.0022 0.0034 0.0044 0.9900 
 120      120   (0)      2 :  0.0020 0.0016 0.0012 0.9952 
 121      121   (0)      2 :  0.0022 0.0030 0.0022 0.9926 
 122      122   (0)      2 :  0.0032 0.0054 0.0032 0.9882 
 123      123   (0)      2 :  0.0050 0.0054 0.0046 0.9850 
 124      124   (0)      2 :  0.0022 0.0028 0.0030 0.9920 
 125      125   (0)      2 :  0.0028 0.0026 0.0020 0.9926 
 126      126   (0)      2 :  0.0018 0.0022 0.0012 0.9948 
 127      127   (0)      2 :  0.0046 0.0022 0.0042 0.9890 
 128      128   (0)      2 :  0.0050 0.0040 0.0074 0.9836 
 129      129   (0)      2 :  0.0020 0.0018 0.0020 0.9942 
 130      130   (0)      2 :  0.0024 0.0038 0.0050 0.9888 
 131      131   (0)      2 :  0.0060 0.0028 0.0012 0.9900 
 132      132   (0)      2 :  0.0016 0.0016 0.0022 0.9946 
 133      133   (0)      2 :  0.0058 0.0036 0.0036 0.9870 
 134      134   (0)      2 :  0.0024 0.0048 0.0016 0.9912 
 135      135   (0)      2 :  0.0036 0.0066 0.0038 0.9860 
 136      136   (0)      2 :  0.0022 0.0022 0.0032 0.9924 
 137      137   (0)      2 :  0.0020 0.0010 0.0050 0.9920 
 138      138   (0)      2 :  0.0020 0.0020 0.0020 0.9940 
 139      139   (0)      2 :  0.0020 0.0046 0.0022 0.9912 
 140      140   (0)      2 :  0.0020 0.0038 0.0020 0.9922 
 141      141   (0)      2 :  0.0042 0.0032 0.0026 0.9900 
 142      142   (0)      2 :  0.0020 0.0022 0.0038 0.9920 
 143      143   (0)      2 :  0.0030 0.0080 0.0042 0.9848 
 144      144   (0)      2 :  0.0020 0.0022 0.0018 0.9940 
 145      145   (0)      2 :  0.0016 0.0026 0.0018 0.9940 
 146      146   (0)      2 :  0.0020 0.0034 0.0012 0.9934 
 147      147   (0)      2 :  0.0032 0.0030 0.0024 0.9914 
 148      148   (0)      2 :  0.0018 0.0048 0.0024 0.9910 
 149      149   (0)      2 :  0.0024 0.0012 0.0012 0.9952 
 150      150   (0)      2 :  0.0042 0.0026 0.0018 0.9914 
 151      151   (0)      2 :  0.0022 0.0024 0.0028 0.9926 
 152      152   (0)      2 :  0.0084 0.0070 0.0106 0.9740 
 153      153   (0)      2 :  0.0018 0.0020 0.0066 0.9896 
 154      154   (0)      2 :  0.0052 0.0038 0.0030 0.9880 
 155      155   (0)      2 :  0.0020 0.0026 0.0020 0.9934 
 156      156   (0)      2 :  0.0038 0.0060 0.0044 0.9858 
 157      157   (0)      2 :  0.0022 0.0040 0.0022 0.9916 
 158      158   (0)      2 :  0.0020 0.0032 0.0028 0.9920 
 159      159   (0)      2 :  0.0028 0.0160 0.0038 0.9774 
 160      160   (0)      2 :  0.0034 0.0022 0.0100 0.9844 
 161      161   (0)      2 :  0.0076 0.0022 0.0034 0.9868 
 162      162   (0)      2 :  0.0030 0.0076 0.0040 0.9854 
 163      163   (0)      2 :  0.0026 0.0036 0.0046 0.9892 
 164      164   (0)      2 :  0.0110 0.0022 0.0080 0.9788 
 165      165   (0)      2 :  0.0156 0.0016 0.0086 0.9742 
 166      166   (0)      2 :  0.0044 0.0136 0.0030 0.9790 
 167      167   (0)      2 :  0.0038 0.0052 0.0028 0.9882 
 168      168   (0)      2 :  0.0012 0.0020 0.0012 0.9956 
 169      169   (0)      2 :  0.0038 0.0020 0.0020 0.9922 
 170      170   (0)      2 :  0.0034 0.0062 0.0050 0.9854 
 171      171   (0)      2 :  0.0072 0.0040 0.0048 0.9840 
 172      172   (0)      2 :  0.0034 0.0036 0.0058 0.9872 
 173      173   (0)      2 :  0.0030 0.0034 0.0030 0.9906 
 174      174   (0)      2 :  0.0010 0.0010 0.0018 0.9962 
 175      175   (0)      2 :  0.0038 0.0020 0.0020 0.9922 
 176      176   (0)      2 :  0.0040 0.0030 0.0018 0.9912 
 177      177   (0)      2 :  0.0070 0.0066 0.0056 0.9808 
 178      178   (0)      2 :  0.0028 0.0020 0.0120 0.9832 
 179      179   (0)      2 :  0.0030 0.0030 0.0060 0.9880 
 180      180   (0)      2 :  0.0012 0.0012 0.0020 0.9956 
 181      181   (0)      2 :  0.0066 0.0046 0.0054 0.9834 
 182      182   (0)      2 :  0.0030 0.0034 0.0062 0.9874 
 183      183   (0)      2 :  0.0028 0.0032 0.0038 0.9902 
 184      184   (0)      2 :  0.0020 0.0012 0.0028 0.9940 
 185      185   (0)      2 :  0.0022 0.0052 0.0024 0.9902 
 186      186   (0)      2 :  0.0134 0.0024 0.0076 0.9766 
 187      187   (0)      2 :  0.0048 0.0234 0.0048 0.9670 
 188      188   (0)      2 :  0.0012 0.0022 0.0020 0.9946 
 189      189   (0)      2 :  0.0020 0.0022 0.0016 0.9942 
 190      190   (0)      2 :  0.0038 0.0040 0.0130 0.9792 
 191      191   (0)      2 :  0.0022 0.0020 0.0026 0.9932 
 192      192   (0)      2 :  0.0020 0.0078 0.0016 0.9886 
 193      193   (0)      2 :  0.0022 0.0024 0.0032 0.9922 
 194      194   (0)      2 :  0.0038 0.0032 0.0036 0.9894 
 195      195   (0)      2 :  0.0026 0.0030 0.0022 0.9922 
 196      196   (0)      2 :  0.0022 0.0026 0.0022 0.9930 
 197      197   (0)      2 :  0.0026 0.0070 0.0038 0.9866 
 198      198   (0)      2 :  0.0014 0.0022 0.0018 0.9946 
 199      199   (0)      2 :  0.0012 0.0034 0.0012 0.9942 
 200      200   (0)      2 :  0.0520 0.0096 0.0074 0.9310 
 201      201   (0)      2 :  0.0056 0.0020 0.0110 0.9814 
 202      202   (0)      2 :  0.0038 0.0042 0.0038 0.9882 
 203      203   (0)      2 :  0.0050 0.0298 0.0040 0.9612 
 204      204   (0)      2 :  0.0022 0.0036 0.0020 0.9922 
 205      205   (0)      2 :  0.0064 0.0260 0.0042 0.9634 
 206      206   (0)      2 :  0.0020 0.0024 0.0052 0.9904 
 207      207   (0)      2 :  0.0022 0.0020 0.0036 0.9922 
 208      208   (0)      2 :  0.0040 0.0222 0.0030 0.9708 
 209      209   (0)      2 :  0.0016 0.0022 0.0024 0.9938 
 210      210   (0)      2 :  0.0022 0.0022 0.0030 0.9926 
 211      211   (0)      2 :  0.0026 0.0020 0.0026 0.9928 
 212      212   (0)      2 :  0.0048 0.0028 0.0074 0.9850 
 213      213   (0)      2 :  0.0056 0.0068 0.0110 0.9766 
 214      214   (0)      2 :  0.0034 0.0058 0.0022 0.9886 
 215      215   (0)      2 :  0.0038 0.0056 0.0034 0.9872 
 216      216   (0)      2 :  0.0020 0.0040 0.0024 0.9916 
 217      217   (0)      2 :  0.0066 0.0214 0.0030 0.9690 
 218      218   (0)      2 :  0.0022 0.0048 0.0016 0.9914 
 219      219   (0)      2 :  0.0022 0.0012 0.0014 0.9952 
 220      220   (0)      2 :  0.0036 0.0036 0.0034 0.9894 
 221      221   (0)      2 :  0.0030 0.0024 0.0040 0.9906 
 222      222   (0)      2 :  0.0026 0.0018 0.0014 0.9942 
 223      223   (0)      2 :  0.0030 0.0068 0.0042 0.9860 
 224      224   (0)      2 :  0.0038 0.0020 0.0044 0.9898 
 225      225   (0)      2 :  0.0066 0.0226 0.0034 0.9674 
 226      226   (0)      2 :  0.0020 0.0024 0.0020 0.9936 
 227      227   (0)      2 :  0.0046 0.0038 0.0032 0.9884 
 228      228   (0)      2 :  0.0042 0.0084 0.0062 0.9812 
 229      229   (0)      2 :  0.0034 0.0018 0.0034 0.9914 
 230      230   (0)      2 :  0.0024 0.0262 0.0022 0.9692 
 231      231   (0)      2 :  0.0038 0.0040 0.0036 0.9886 
 232      232   (0)      2 :  0.0030 0.0036 0.0020 0.9914 
 233      233   (0)      2 :  0.0010 0.0022 0.0012 0.9956 
 234      234   (0)      2 :  0.0032 0.0032 0.0034 0.9902 
 235      235   (0)      2 :  0.0054 0.0024 0.0036 0.9886 
 236      236   (0)      2 :  0.0016 0.0018 0.0018 0.9948 
 237      237   (0)      2 :  0.0026 0.0022 0.0018 0.9934 
 238      238   (0)      2 :  0.0020 0.0056 0.0020 0.9904 
 239      239   (0)      2 :  0.0086 0.0060 0.0054 0.9800 
 240      240   (0)      2 :  0.0028 0.0024 0.0036 0.9912 
 241      241   (0)      2 :  0.0030 0.0514 0.0016 0.9440 
 242      242   (0)      2 :  0.0036 0.0022 0.0020 0.9922 
 243      243   (0)      2 :  0.0102 0.0068 0.0168 0.9662 
 244      244   (0)      2 :  0.0020 0.0026 0.0014 0.9940 
 245      245   (0)      2 :  0.0084 0.0048 0.0042 0.9826 
 246      246   (0)      2 :  0.0022 0.0078 0.0022 0.9878 
 247      247   (0)      2 :  0.0068 0.0024 0.0090 0.9818 
 248      248   (0)      2 :  0.0024 0.0052 0.0028 0.9896 
 249      249   (0)      2 :  0.0022 0.0026 0.0018 0.9934 
 250      250   (0)      2 :  0.0216 0.0040 0.0038 0.9706 
 251      251   (0)      2 :  0.0036 0.0048 0.0086 0.9830 
 252      252   (0)      2 :  0.0014 0.0054 0.0012 0.9920 
 253      253   (0)      2 :  0.0042 0.0022 0.0020 0.9916 
 254      254   (0)      2 :  0.0052 0.0042 0.0042 0.9864 
 255      255   (0)      2 :  0.0028 0.0056 0.0124 0.9792 
 256      256   (0)      2 :  0.0020 0.0042 0.0022 0.9916 
 257      257   (0)      2 :  0.0026 0.0024 0.0020 0.9930 
 258      258   (0)      2 :  0.0104 0.0096 0.0118 0.9682 
 259      259   (0)      2 :  0.0046 0.0028 0.0028 0.9898 
 260      260   (0)      2 :  0.0026 0.0036 0.0038 0.9900 
 261      261   (0)      2 :  0.0024 0.0038 0.0020 0.9918 
 262      262   (0)      2 :  0.0012 0.0012 0.0012 0.9964 
 263      263   (0)      2 :  0.0074 0.0196 0.0066 0.9664 
 264      264   (0)      2 :  0.0012 0.0024 0.0012 0.9952 
 265      265   (0)      2 :  0.0032 0.0026 0.0062 0.9880 
 266      266   (0)      2 :  0.0012 0.0012 0.0020 0.9956 
 267      267   (0)      2 :  0.0032 0.0070 0.0036 0.9862 
 268      268   (0)      2 :  0.0022 0.0032 0.0032 0.9914 
 269      269   (0)      2 :  0.0016 0.0022 0.0010 0.9952 
 270      270   (0)      2 :  0.0026 0.0060 0.0078 0.9836 
 271      271   (0)      2 :  0.0028 0.0026 0.0028 0.9918 
 272      272   (0)      2 :  0.0116 0.0028 0.0044 0.9812 
 273      273   (0)      2 :  0.0020 0.0026 0.0028 0.9926 
 274      274   (0)      2 :  0.0076 0.0020 0.0036 0.9868 
 275      275   (0)      2 :  0.0038 0.0108 0.0044 0.9810 
 276      276   (0)      2 :  0.0010 0.0010 0.0018 0.9962 
 277      277   (0)      2 :  0.0028 0.0028 0.0078 0.9866 
 278      278   (0)      2 :  0.0036 0.0074 0.0030 0.9860 
 279      279   (0)      2 :  0.0036 0.0022 0.0022 0.9920 
 280      280   (0)      2 :  0.0022 0.0024 0.0028 0.9926 
 281      281   (0)      2 :  0.0082 0.0034 0.0068 0.9816 
 282      282   (0)      2 :  0.0022 0.0172 0.0020 0.9786 
 283      283   (0)      2 :  0.0024 0.0048 0.0022 0.9906 
 284      284   (0)      2 :  0.0036 0.0038 0.0018 0.9908 
 285      285   (0)      2 :  0.0022 0.0010 0.0020 0.9948 
 286      286   (0)      2 :  0.0032 0.0034 0.0038 0.9896 
 287      287   (0)      2 :  0.0038 0.0052 0.0038 0.9872 
 288      288   (0)      2 :  0.0020 0.0014 0.0030 0.9936 
 289      289   (0)      2 :  0.0024 0.0034 0.0038 0.9904 
 290      290   (0)      2 :  0.0020 0.0026 0.0024 0.9930 
 291      291   (0)      2 :  0.0030 0.0034 0.0036 0.9900 
 292      292   (0)      2 :  0.0126 0.0024 0.0116 0.9734 
 293      293   (0)      2 :  0.0074 0.0236 0.0054 0.9636 
 294      294   (0)      2 :  0.0044 0.0028 0.0082 0.9846 
 295      295   (0)      2 :  0.0084 0.0040 0.0292 0.9584 
 296      296   (0)      2 :  0.0022 0.0022 0.0020 0.9936 
 297      297   (0)      2 :  0.0020 0.0048 0.0028 0.9904 
 298      298   (0)      2 :  0.0036 0.0044 0.0038 0.9882 
 299      299   (0)      2 :  0.0020 0.0016 0.0026 0.9938 
 300      300   (0)      2 :  0.0016 0.0012 0.0012 0.9960 
 301      301   (0)      2 :  0.0034 0.0016 0.0066 0.9884 
 302      302   (0)      2 :  0.0020 0.0040 0.0022 0.9918 
 303      303   (0)      2 :  0.0016 0.0018 0.0024 0.9942 
 304      304   (0)      2 :  0.0022 0.0026 0.0020 0.9932 
 305      305   (0)      2 :  0.0044 0.0052 0.0044 0.9860 
 306      306   (0)      2 :  0.0022 0.0042 0.0024 0.9912 
 307      307   (0)      2 :  0.0016 0.0052 0.0022 0.9910 
 308      308   (0)      2 :  0.0112 0.0340 0.0126 0.9422 
 309      309   (0)      2 :  0.0022 0.0032 0.0020 0.9926 
 310      310   (0)      2 :  0.0044 0.0036 0.0036 0.9884 
 311      311   (0)      2 :  0.0068 0.0028 0.0064 0.9840 
 312      312   (0)      2 :  0.0022 0.0082 0.0022 0.9874 
 313      313   (0)      2 :  0.0028 0.0032 0.0036 0.9904 
 314      314   (0)      2 :  0.0028 0.0026 0.0046 0.9900 
 315      315   (0)      2 :  0.0010 0.0012 0.0018 0.9960 
 316      316   (0)      2 :  0.0016 0.0016 0.0020 0.9948 
 317      317   (0)      2 :  0.0020 0.0020 0.0020 0.9940 
 318      318   (0)      2 :  0.0010 0.0016 0.0026 0.9948 
 319      319   (0)      2 :  0.0046 0.0458 0.0044 0.9452 
 320      320   (0)      2 :  0.0012 0.0022 0.0020 0.9946 
 321      321   (0)      2 :  0.0034 0.0020 0.0060 0.9886 
 322      322   (0)      2 :  0.0020 0.0012 0.0022 0.9946 
 323      323   (0)      2 :  0.0122 0.0054 0.0302 0.9522 
 324      324   (0)      2 :  0.0288 0.0042 0.0078 0.9592 
 325      325   (0)      2 :  0.0032 0.0070 0.0042 0.9856 
 326      326   (0)      2 :  0.0020 0.0022 0.0030 0.9928 
 327      327   (0)      2 :  0.0020 0.0022 0.0030 0.9928 
 328      328   (0)      2 :  0.0224 0.0296 0.0100 0.9380 
 329      329   (0)      2 :  0.0028 0.0036 0.0070 0.9866 
 330      330   (0)      2 :  0.0020 0.0028 0.0022 0.9930 
 331      331   (0)      2 :  0.0034 0.0050 0.0034 0.9882 
 332      332   (0)      2 :  0.0030 0.0030 0.0028 0.9912 
 333      333   (0)      2 :  0.0024 0.0124 0.0016 0.9836 
 334      334   (0)      2 :  0.0038 0.0064 0.0028 0.9870 
 335      335   (0)      2 :  0.0042 0.0052 0.0032 0.9874 
 336      336   (0)      2 :  0.0020 0.0024 0.0028 0.9928 
 337      337   (0)      2 :  0.0022 0.0016 0.0044 0.9918 
 338      338   (0)      2 :  0.0034 0.0032 0.0070 0.9864 
 339      339   (0)      2 :  0.0056 0.0058 0.0060 0.9826 
 340      340   (0)      2 :  0.0026 0.0066 0.0022 0.9886 
 341      341   (0)      2 :  0.0086 0.0148 0.0136 0.9630 
 342      342   (0)      2 :  0.0032 0.0036 0.0022 0.9910 
 343      343   (0)      2 :  0.0016 0.0028 0.0024 0.9932 
 344      344   (0)      2 :  0.0016 0.0022 0.0020 0.9942 
 345      345   (0)      2 :  0.0020 0.0018 0.0028 0.9934 
 346      346   (0)      2 :  0.0040 0.0148 0.0046 0.9766 
 347      347   (0)      2 :  0.0176 0.0200 0.0034 0.9590 
 348      348   (0)      2 :  0.0028 0.0022 0.0024 0.9926 
 349      349   (0)      2 :  0.0028 0.0022 0.0020 0.9930 
 350      350   (0)      2 :  0.0022 0.0088 0.0022 0.9868 
 351      351   (5)      3 :  0.3550 0.0024 0.0038 0.6388 
 352      352   (0)      3 :  0.6449 0.0074 0.0120 0.3357 
 353      353   (0)      3 :  0.3217 0.0368 0.0402 0.6013 
 354      354   (5)      3 :  0.4603 0.0376 0.0420 0.4602 
 355      355   (5)      3 :  0.5546 0.0014 0.0090 0.4350 
 356      356   (0)      3 :  0.5634 0.0120 0.0272 0.3974 
 357      357   (0)      4 :  0.9624 0.0124 0.0044 0.0208 
 358      358   (0)      4 :  0.8109 0.0476 0.0328 0.1086 
 359      359  (10)      5 :  0.9822 0.0048 0.0048 0.0082 
 360      360   (5)      5 :  0.9674 0.0146 0.0140 0.0040 
 361      361   (5)      5 :  0.6270 0.0148 0.0046 0.3536 
 362      362   (5)      5 :  0.9928 0.0026 0.0022 0.0024 
 363      363  (10)      5 :  0.8277 0.0138 0.0090 0.1495 
 364      364   (5)      5 :  0.5051 0.0224 0.0140 0.4585 
 365      365  (10)      5 :  0.8919 0.0272 0.0120 0.0689 
 366      366   (0)      5 :  0.9420 0.0028 0.0416 0.0136 
 367      367   (0)      5 :  0.9652 0.0112 0.0034 0.0202 
 368      368   (0)      5 :  0.9894 0.0020 0.0062 0.0024 
 369      369   (0)      5 :  0.9834 0.0034 0.0072 0.0060 
 370      370   (0)      5 :  0.9524 0.0222 0.0034 0.0220 
 371      371   (0)      5 :  0.9790 0.0018 0.0038 0.0154 
 372      372   (0)      5 :  0.8458 0.0108 0.0190 0.1244 
 373      373   (0)      5 :  0.8980 0.0666 0.0180 0.0174 
 374      374   (0)      5 :  0.9018 0.0216 0.0106 0.0660 
 375      375   (0)      5 :  0.8631 0.0040 0.0026 0.1304 
 376      376   (0)      5 :  0.5886 0.0114 0.0046 0.3954 
 377      377   (0)      5 :  0.9880 0.0024 0.0062 0.0034 
 378      378   (5)      5 :  0.8037 0.0016 0.1499 0.0448 
 379      379   (0)      5 :  0.8792 0.0336 0.0092 0.0780 
 380      380   (0)      5 :  0.8324 0.0302 0.0040 0.1334 
 381      381   (5)      5 :  0.9072 0.0040 0.0110 0.0778 
 382      382   (5)      5 :  0.9684 0.0020 0.0082 0.0214 
 383      383   (0)      5 :  0.7642 0.0912 0.0608 0.0838 
 384      384   (0)      5 :  0.8519 0.0022 0.0056 0.1403 
 385      385   (0)      5 :  0.9508 0.0360 0.0046 0.0086 
 386      386   (0)      5 :  0.9896 0.0032 0.0048 0.0024 
 387      387   (0)      5 :  0.9876 0.0040 0.0062 0.0022 
 388      388   (0)      5 :  0.9880 0.0048 0.0044 0.0028 
 389      389   (0)      5 :  0.9696 0.0018 0.0264 0.0022 
 390      390   (0)      5 :  0.9782 0.0052 0.0026 0.0140 
 391      391   (0)      5 :  0.8962 0.0080 0.0200 0.0758 
 392      392   (0)      5 :  0.7233 0.1698 0.1033 0.0036 
 393      393   (0)      5 :  0.9438 0.0048 0.0064 0.0450 
 394      394   (0)      5 :  0.8954 0.0046 0.0036 0.0964 
 395      395   (0)      5 :  0.7619 0.0330 0.0146 0.1905 
 396      396   (0)      5 :  0.9882 0.0040 0.0046 0.0032 
 397      397   (0)      5 :  0.8952 0.0078 0.0146 0.0824 
 398      398   (0)      5 :  0.9678 0.0056 0.0062 0.0204 
 399      399   (0)      5 :  0.9398 0.0494 0.0024 0.0084 
 400      400   (0)      5 :  0.9752 0.0108 0.0040 0.0100 
 401      401  (10)      6 :  0.9912 0.0028 0.0040 0.0020 
 402      402   (0)      6 :  0.8923 0.0324 0.0707 0.0046 
 403      403   (0)      6 :  0.8057 0.0024 0.1519 0.0400 
 404      404   (0)      6 :  0.9890 0.0034 0.0054 0.0022 
 405      405   (0)      6 :  0.8560 0.1188 0.0222 0.0030 
 406      406   (5)      6 :  0.9330 0.0516 0.0134 0.0020 
 407      407   (0)      6 :  0.9920 0.0024 0.0036 0.0020 
 408      408   (0)      6 :  0.9922 0.0040 0.0014 0.0024 
 409      409   (0)      6 :  0.8570 0.0040 0.1362 0.0028 
 410      410   (0)      6 :  0.9650 0.0146 0.0030 0.0174 
 411      411   (0)      6 :  0.4731 0.0054 0.4356 0.0859 
 412      412   (0)      6 :  0.9886 0.0024 0.0066 0.0024 
 413      413   (0)      6 :  0.9922 0.0024 0.0042 0.0012 
 414      414   (0)      6 :  0.9882 0.0064 0.0032 0.0022 
 415      415   (5)      6 :  0.9862 0.0014 0.0096 0.0028 
 416      416   (0)      6 :  0.9912 0.0024 0.0034 0.0030 
 417      417   (0)      6 :  0.9824 0.0034 0.0092 0.0050 
 418      418   (0)      6 :  0.9878 0.0024 0.0080 0.0018 
 419      419   (0)      6 :  0.9754 0.0092 0.0132 0.0022 
 420      420   (0)      6 :  0.9944 0.0020 0.0024 0.0012 
 421      421   (0)      6 :  0.9922 0.0030 0.0028 0.0020 
 422      422   (5)      6 :  0.9906 0.0030 0.0042 0.0022 
 423      423   (5)      6 :  0.9062 0.0028 0.0832 0.0078 
 424      424   (5)      6 :  0.9866 0.0048 0.0054 0.0032 
 425      425   (0)      6 :  0.9882 0.0060 0.0024 0.0034 
 426      426   (0)      6 :  0.9942 0.0024 0.0022 0.0012 
 427      427   (0)      6 :  0.9870 0.0036 0.0072 0.0022 
 428      428   (0)      6 :  0.9880 0.0070 0.0016 0.0034 
 429      429   (0)      6 :  0.9904 0.0028 0.0048 0.0020 
 430      430   (0)      6 :  0.9840 0.0024 0.0076 0.0060 
 431      431   (0)      6 :  0.9652 0.0024 0.0268 0.0056 
 432      432   (0)      6 :  0.9920 0.0020 0.0038 0.0022 
 433      433   (0)      6 :  0.9888 0.0048 0.0044 0.0020 
 434      434   (0)      6 :  0.9858 0.0020 0.0094 0.0028 
 435      435   (0)      6 :  0.9738 0.0072 0.0164 0.0026 
 436      436   (0)      6 :  0.9570 0.0038 0.0348 0.0044 
 437      437   (5)      6 :  0.9746 0.0054 0.0158 0.0042 
 438      438   (0)      6 :  0.9810 0.0026 0.0060 0.0104 
 439      439   (0)      6 :  0.9896 0.0034 0.0050 0.0020 
 440      440   (0)      6 :  0.9896 0.0020 0.0048 0.0036 
 441      441   (0)      6 :  0.9866 0.0044 0.0058 0.0032 
 442      442   (0)      6 :  0.9862 0.0026 0.0072 0.0040 
 443      443   (5)      6 :  0.9850 0.0028 0.0096 0.0026 
 444      444   (5)      6 :  0.9790 0.0076 0.0084 0.0050 
 445      445   (5)      6 :  0.9744 0.0052 0.0172 0.0032 
 446      446   (5)      6 :  0.9810 0.0038 0.0110 0.0042 
 447      447   (5)      6 :  0.9824 0.0030 0.0094 0.0052 
 448      448   (5)      6 :  0.9756 0.0034 0.0064 0.0146 
 449      449   (0)      6 :  0.9902 0.0024 0.0048 0.0026 
 450      450   (5)      6 :  0.9880 0.0028 0.0070 0.0022 
 451      451   (0)      6 :  0.9786 0.0076 0.0116 0.0022 
 452      452   (0)      6 :  0.9566 0.0128 0.0210 0.0096 
 453      453   (0)      6 :  0.9882 0.0020 0.0076 0.0022 
 454      454   (0)      6 :  0.9942 0.0018 0.0026 0.0014 
 455      455   (0)      6 :  0.9642 0.0272 0.0054 0.0032 
 456      456   (0)      6 :  0.9886 0.0024 0.0066 0.0024 
 457      457   (0)      6 :  0.9864 0.0030 0.0084 0.0022 
 458      458   (0)      6 :  0.9914 0.0030 0.0032 0.0024 
 459      459   (0)      6 :  0.9412 0.0026 0.0532 0.0030 
 460      460   (0)      6 :  0.9904 0.0024 0.0050 0.0022 
 461      461   (0)      6 :  0.9848 0.0074 0.0048 0.0030 
 462      462   (0)      6 :  0.0020 0.9938 0.0022 0.0020 
 463      463   (0)      6 :  0.9914 0.0020 0.0054 0.0012 
 464      464   (0)      6 :  0.9910 0.0030 0.0048 0.0012 
 465      465   (0)      6 :  0.9924 0.0024 0.0032 0.0020 
 466      466   (0)      6 :  0.9798 0.0094 0.0076 0.0032 
 467      467   (0)      6 :  0.9908 0.0056 0.0016 0.0020 
 468      468   (0)      6 :  0.6134 0.1040 0.2604 0.0222 
 469      469   (0)      6 :  0.9690 0.0046 0.0224 0.0040 
 470      470   (0)      6 :  0.9258 0.0108 0.0587 0.0046 
 471      471   (0)      6 :  0.9908 0.0040 0.0036 0.0016 
 472      472   (0)      6 :  0.9912 0.0034 0.0038 0.0016 
 473      473   (0)      6 :  0.9898 0.0020 0.0050 0.0032 
 474      474   (0)      6 :  0.9782 0.0128 0.0060 0.0030 
 475      475   (0)      6 :  0.9908 0.0034 0.0038 0.0020 
 476      476   (0)      6 :  0.9930 0.0034 0.0026 0.0010 
 477      477   (0)      6 :  0.9892 0.0054 0.0034 0.0020 
 478      478   (0)      6 :  0.9638 0.0028 0.0296 0.0038 
 479      479   (0)      6 :  0.9734 0.0036 0.0184 0.0046 
 480      480   (0)      6 :  0.9886 0.0048 0.0044 0.0022 
 481      481   (0)      6 :  0.2200 0.0032 0.6252 0.1516 
 482      482   (0)      6 :  0.9870 0.0042 0.0066 0.0022 
 483      483   (0)      6 :  0.9844 0.0060 0.0074 0.0022 
 484      484   (0)      6 :  0.9846 0.0046 0.0084 0.0024 
 485      485   (0)      6 :  0.9902 0.0046 0.0040 0.0012 
 486      486   (0)      6 :  0.9862 0.0056 0.0040 0.0042 
 487      487   (0)      6 :  0.9876 0.0080 0.0024 0.0020 
 488      488   (0)      6 :  0.9866 0.0024 0.0088 0.0022 
 489      489   (0)      6 :  0.9882 0.0030 0.0066 0.0022 
 490      490   (0)      6 :  0.9896 0.0040 0.0048 0.0016 
 491      491   (0)      6 :  0.9864 0.0024 0.0090 0.0022 
 492      492   (0)      6 :  0.9868 0.0052 0.0030 0.0050 
 493      493  (10)      6 :  0.3507 0.0032 0.5364 0.1097 
 494      494   (0)      6 :  0.9850 0.0034 0.0088 0.0028 
 495      495   (0)      6 :  0.9870 0.0028 0.0080 0.0022 
 496      496   (0)      6 :  0.9436 0.0076 0.0426 0.0062 
 497      497   (0)      6 :  0.9472 0.0082 0.0372 0.0074 
 498      498   (0)      6 :  0.9826 0.0056 0.0080 0.0038 
 499      499   (0)      6 :  0.9904 0.0040 0.0036 0.0020 
 500      500   (0)      6 :  0.9872 0.0030 0.0070 0.0028 
 501      501   (0)      6 :  0.9944 0.0020 0.0024 0.0012 
 502      502   (0)      6 :  0.9926 0.0016 0.0046 0.0012 
 503      503   (0)      6 :  0.9834 0.0030 0.0100 0.0036 
 504      504   (0)      6 :  0.9918 0.0024 0.0046 0.0012 
 505      505   (0)      6 :  0.9882 0.0020 0.0078 0.0020 
 506      506   (0)      7 :  0.9548 0.0020 0.0038 0.0394 
 507      507  (10)      7 :  0.9836 0.0020 0.0088 0.0056 
 508      508  (10)      7 :  0.9384 0.0478 0.0076 0.0062 
 509      509   (5)      7 :  0.9898 0.0024 0.0056 0.0022 
 510      510   (5)      7 :  0.9804 0.0034 0.0138 0.0024 
 511      511   (0)      7 :  0.9844 0.0034 0.0108 0.0014 
 512      512   (5)      7 :  0.9498 0.0082 0.0386 0.0034 
 513      513   (5)      7 :  0.9234 0.0020 0.0708 0.0038 
 514      514   (0)      7 :  0.9866 0.0020 0.0096 0.0018 
 515      515   (0)      7 :  0.9916 0.0020 0.0052 0.0012 
 516      516   (0)      7 :  0.9916 0.0020 0.0052 0.0012 
 517      517   (0)      7 :  0.9936 0.0020 0.0032 0.0012 
 518      518   (0)      7 :  0.9894 0.0046 0.0038 0.0022 
 519      519   (5)      7 :  0.9900 0.0030 0.0054 0.0016 
 520      520   (5)      7 :  0.9588 0.0074 0.0058 0.0280 
 521      521  (10)      7 :  0.9874 0.0022 0.0066 0.0038 
 522      522   (0)      7 :  0.9928 0.0020 0.0032 0.0020 
 523      523   (5)      7 :  0.9616 0.0090 0.0238 0.0056 
 524      524   (5)      7 :  0.9874 0.0074 0.0030 0.0022 
 525      525   (0)      7 :  0.9932 0.0026 0.0030 0.0012 
 526      526   (5)      7 :  0.9828 0.0024 0.0126 0.0022 
 527      527   (0)      7 :  0.9808 0.0084 0.0040 0.0068 
 528      528   (5)      7 :  0.9712 0.0178 0.0096 0.0014 
 529      529   (0)      7 :  0.9718 0.0020 0.0238 0.0024 
 530      530   (0)      7 :  0.9436 0.0044 0.0454 0.0066 
 531      531   (0)      7 :  0.9818 0.0084 0.0052 0.0046 
 532      532   (0)      7 :  0.9540 0.0020 0.0414 0.0026 
 533      533   (0)      7 :  0.9850 0.0018 0.0110 0.0022 
 534      534   (0)      7 :  0.8626 0.0028 0.1260 0.0086 
 535      535   (0)      7 :  0.9624 0.0086 0.0164 0.0126 
 536      536   (0)      7 :  0.9906 0.0034 0.0030 0.0030 
 537      537   (0)      7 :  0.8842 0.0032 0.0972 0.0154 
 538      538   (0)      7 :  0.9808 0.0028 0.0138 0.0026 
 539      539   (0)      7 :  0.9920 0.0020 0.0030 0.0030 
 540      540   (0)      7 :  0.9840 0.0042 0.0060 0.0058 
 541      541   (0)      7 :  0.9940 0.0020 0.0024 0.0016 
 542      542   (0)      7 :  0.9910 0.0024 0.0020 0.0046 
 543      543   (0)      7 :  0.9938 0.0014 0.0028 0.0020 
 544      544   (5)      7 :  0.9882 0.0050 0.0042 0.0026 
 545      545   (5)      7 :  0.9748 0.0068 0.0150 0.0034 
 546      546   (0)      7 :  0.9880 0.0070 0.0022 0.0028 
 547      547  (15)      7 :  0.9680 0.0174 0.0060 0.0086 
 548      548  (10)      7 :  0.9742 0.0020 0.0220 0.0018 
 549      549  (10)      7 :  0.9916 0.0030 0.0034 0.0020 
 550      550  (10)      7 :  0.9866 0.0042 0.0064 0.0028 
 551      551   (5)      7 :  0.9818 0.0084 0.0074 0.0024 
 552      552   (5)      7 :  0.9842 0.0030 0.0106 0.0022 
 553      553   (5)      7 :  0.9872 0.0076 0.0032 0.0020 
 554      554   (5)      7 :  0.9828 0.0020 0.0128 0.0024 
 555      555   (5)      7 :  0.9908 0.0032 0.0040 0.0020 
 556      556   (5)      7 :  0.9910 0.0040 0.0030 0.0020 
 557      557  (15)      7 :  0.9818 0.0054 0.0064 0.0064 
 558      558   (5)      7 :  0.9720 0.0014 0.0058 0.0208 
 559      559   (5)      7 :  0.9916 0.0020 0.0044 0.0020 
 560      560  (15)      7 :  0.9850 0.0034 0.0088 0.0028 
 561      561   (5)      7 :  0.9628 0.0050 0.0070 0.0252 
 562      562   (5)      7 :  0.8288 0.0994 0.0426 0.0292 
 563      563   (5)      7 :  0.9920 0.0034 0.0026 0.0020 
 564      564   (5)      7 :  0.9796 0.0024 0.0158 0.0022 
 565      565  (10)      7 :  0.9886 0.0046 0.0038 0.0030 
 566      566   (5)      7 :  0.8912 0.0020 0.1028 0.0040 
 567      567   (5)      7 :  0.9926 0.0040 0.0014 0.0020 
 568      568  (10)      7 :  0.9682 0.0026 0.0264 0.0028 
 569      569  (10)      7 :  0.9882 0.0044 0.0046 0.0028 
 570      570  (10)      7 :  0.9524 0.0040 0.0046 0.0390 
 571      571  (10)      7 :  0.9082 0.0096 0.0318 0.0504 
 572      572   (5)      7 :  0.9900 0.0032 0.0052 0.0016 
 573      573  (10)      7 :  0.7521 0.2329 0.0120 0.0030 
 574      574   (0)      7 :  0.9680 0.0040 0.0266 0.0014 
 575      575   (5)      7 :  0.9500 0.0028 0.0440 0.0032 
 576      576   (0)      7 :  0.9920 0.0014 0.0046 0.0020 
 577      577   (0)      7 :  0.9950 0.0014 0.0024 0.0012 
 578      578   (0)      7 :  0.9900 0.0020 0.0034 0.0046 
 579      579   (0)      7 :  0.9698 0.0044 0.0082 0.0176 
 580      580   (0)      7 :  0.9904 0.0050 0.0034 0.0012 
 581      581   (0)      7 :  0.9090 0.0024 0.0718 0.0168 
 582      582   (0)      7 :  0.8636 0.0044 0.1274 0.0046 
 583      583  (10)      7 :  0.9860 0.0024 0.0046 0.0070 
 584      584  (10)      7 :  0.9722 0.0050 0.0034 0.0194 
 585      585   (0)      7 :  0.9818 0.0024 0.0070 0.0088 
 586      586   (5)      7 :  0.8858 0.0056 0.0044 0.1042 
 587      587   (0)      7 :  0.9800 0.0066 0.0094 0.0040 
 588      588   (5)      7 :  0.9862 0.0034 0.0042 0.0062 
 589      589   (5)      7 :  0.9824 0.0036 0.0116 0.0024 
 590      590   (5)      7 :  0.9740 0.0082 0.0140 0.0038 
 591      591  (10)      7 :  0.9906 0.0016 0.0056 0.0022 
 592      592   (0)      7 :  0.9928 0.0020 0.0032 0.0020 
 593      593   (0)      7 :  0.9902 0.0030 0.0042 0.0026 
 594      594   (0)      7 :  0.9610 0.0152 0.0030 0.0208 
 595      595   (0)      7 :  0.9912 0.0044 0.0024 0.0020 
 596      596   (0)      7 :  0.9880 0.0044 0.0044 0.0032 
 597      597   (0)      7 :  0.9924 0.0028 0.0028 0.0020 
 598      598   (0)      7 :  0.9448 0.0046 0.0484 0.0022 
 599      599   (0)      7 :  0.9888 0.0044 0.0046 0.0022 
 600      600   (0)      7 :  0.9756 0.0020 0.0200 0.0024 
 601      601   (0)      7 :  0.9896 0.0038 0.0040 0.0026 
 602      602   (0)      7 :  0.9896 0.0046 0.0032 0.0026 
 603      603   (0)      7 :  0.9632 0.0064 0.0168 0.0136 
 604      604   (0)      7 :  0.9742 0.0102 0.0088 0.0068 
 605      605   (0)      7 :  0.9670 0.0196 0.0070 0.0064 
 606      606   (0)      7 :  0.9298 0.0140 0.0534 0.0028 
 607      607   (0)      7 :  0.9792 0.0024 0.0052 0.0132 
 608      608   (0)      7 :  0.9902 0.0024 0.0052 0.0022 
 609      609   (5)      7 :  0.9882 0.0052 0.0044 0.0022 
 610      610   (0)      7 :  0.9838 0.0042 0.0096 0.0024 
 611      611   (5)      7 :  0.7229 0.0234 0.0032 0.2505 
 612      612   (0)      7 :  0.9870 0.0044 0.0066 0.0020 
 613      613   (0)      7 :  0.9275 0.0048 0.0599 0.0078 
 614      614   (0)      7 :  0.9772 0.0140 0.0056 0.0032 
 615      615   (0)      7 :  0.9892 0.0024 0.0062 0.0022 
 616      616   (0)      7 :  0.9908 0.0020 0.0050 0.0022 
 617      617   (0)      7 :  0.9740 0.0106 0.0128 0.0026 
 618      618   (0)      7 :  0.9768 0.0014 0.0194 0.0024 
 619      619   (0)      7 :  0.9942 0.0010 0.0032 0.0016 
 620      620   (0)      7 :  0.9910 0.0030 0.0038 0.0022 
 621      621   (0)      7 :  0.9928 0.0020 0.0032 0.0020 
 622      622   (0)      7 :  0.9264 0.0056 0.0550 0.0130 
 623      623   (0)      7 :  0.9916 0.0034 0.0034 0.0016 
 624      624   (0)      7 :  0.9884 0.0028 0.0028 0.0060 
 625      625   (5)      7 :  0.9900 0.0030 0.0050 0.0020 
 626      626   (0)      7 :  0.9852 0.0026 0.0084 0.0038 
 627      627   (0)      7 :  0.9762 0.0088 0.0116 0.0034 
 628      628   (0)      7 :  0.9858 0.0020 0.0062 0.0060 
 629      629  (10)      7 :  0.9848 0.0024 0.0106 0.0022 
 630      630   (0)      7 :  0.9928 0.0014 0.0036 0.0022 
 631      631   (0)      7 :  0.9916 0.0014 0.0048 0.0022 
 632      632   (0)      7 :  0.9852 0.0024 0.0044 0.0080 
 633      633  (10)      7 :  0.9942 0.0020 0.0026 0.0012 
 634      634   (5)      7 :  0.9878 0.0060 0.0042 0.0020 
 635      635   (0)      7 :  0.9888 0.0032 0.0054 0.0026 
 636      636   (5)      7 :  0.9922 0.0020 0.0032 0.0026 
 637      637   (5)      7 :  0.9932 0.0018 0.0038 0.0012 
 638      638  (10)      7 :  0.9890 0.0052 0.0038 0.0020 
 639      639   (0)      7 :  0.9880 0.0014 0.0084 0.0022 
 640      640   (5)      7 :  0.9534 0.0306 0.0056 0.0104 
 641      641  (10)      7 :  0.9872 0.0024 0.0082 0.0022 
 642      642   (0)      7 :  0.9814 0.0104 0.0050 0.0032 
 643      643   (0)      7 :  0.9630 0.0048 0.0144 0.0178 
 644      644   (0)      7 :  0.9436 0.0328 0.0202 0.0034 
 645      645   (0)      7 :  0.9014 0.0866 0.0078 0.0042 
 646      646   (0)      7 :  0.9866 0.0028 0.0084 0.0022 
 647      647   (0)      7 :  0.9900 0.0024 0.0034 0.0042 
 648      648   (0)      7 :  0.9822 0.0026 0.0134 0.0018 
 649      649   (0)      7 :  0.9848 0.0042 0.0088 0.0022 
 650      650   (0)      7 :  0.9898 0.0014 0.0070 0.0018 
 651      651   (5)      7 :  0.9826 0.0090 0.0030 0.0054 
 652      652   (0)      7 :  0.9926 0.0014 0.0048 0.0012 
 653      653   (0)      7 :  0.7260 0.0400 0.2270 0.0070 
 654      654   (0)      7 :  0.9888 0.0052 0.0034 0.0026 
 655      655   (5)      7 :  0.9812 0.0042 0.0094 0.0052 
 656      656   (0)      7 :  0.9892 0.0014 0.0062 0.0032 
 657      657   (0)      7 :  0.9708 0.0120 0.0122 0.0050 
 658      658   (0)      7 :  0.9826 0.0042 0.0108 0.0024 
 659      659   (0)      7 :  0.9814 0.0044 0.0128 0.0014 
 660      660   (0)      7 :  0.9914 0.0036 0.0030 0.0020 
 661      661   (0)      7 :  0.9486 0.0078 0.0380 0.0056 
 662      662   (0)      7 :  0.9872 0.0024 0.0058 0.0046 
 663      663   (0)      7 :  0.9900 0.0034 0.0044 0.0022 
 664      664   (0)      7 :  0.9866 0.0040 0.0072 0.0022 
 665      665   (0)      7 :  0.9838 0.0050 0.0040 0.0072 
 666      666   (0)      7 :  0.8903 0.0024 0.1041 0.0032 
 667      667   (0)      7 :  0.9892 0.0018 0.0076 0.0014 
 668      668   (0)      7 :  0.9928 0.0020 0.0032 0.0020 
 669      669   (0)      7 :  0.9926 0.0026 0.0036 0.0012 
 670      670   (0)      7 :  0.9936 0.0020 0.0028 0.0016 
 671      671   (0)      7 :  0.9912 0.0024 0.0048 0.0016 
 672      672   (0)      7 :  0.9882 0.0048 0.0048 0.0022 
 673      673   (0)      7 :  0.9858 0.0040 0.0044 0.0058 
 674      674   (0)      7 :  0.9886 0.0024 0.0058 0.0032 
 675      675   (0)      7 :  0.9938 0.0020 0.0026 0.0016 
 676      676  (10)      7 :  0.9866 0.0032 0.0060 0.0042 
 677      677   (5)      7 :  0.9136 0.0734 0.0108 0.0022 
 678      678  (10)      7 :  0.9890 0.0040 0.0044 0.0026 
 679      679   (5)      7 :  0.8645 0.0560 0.0154 0.0642 
 680      680  (10)      7 :  0.9860 0.0030 0.0086 0.0024 
 681      681  (10)      7 :  0.9294 0.0106 0.0554 0.0046 
 682      682   (0)      7 :  0.9712 0.0084 0.0162 0.0042 
 683      683   (5)      7 :  0.9838 0.0034 0.0076 0.0052 
 684      684   (5)      7 :  0.9582 0.0064 0.0066 0.0288 
 685      685  (10)      7 :  0.9602 0.0154 0.0166 0.0078 
 686      686   (0)      7 :  0.9834 0.0024 0.0118 0.0024 
 687      687   (0)      7 :  0.9908 0.0020 0.0042 0.0030 
 688      688   (0)      7 :  0.9914 0.0024 0.0040 0.0022 
 689      689   (0)      7 :  0.9940 0.0014 0.0026 0.0020 
 690      690   (0)      7 :  0.7384 0.0024 0.1866 0.0726 
 691      691   (0)      7 :  0.9298 0.0046 0.0084 0.0572 
 692      692   (0)      7 :  0.8628 0.0030 0.0108 0.1234 
 693      693   (0)      7 :  0.9910 0.0038 0.0032 0.0020 
 694      694   (0)      7 :  0.9876 0.0054 0.0058 0.0012 
 695      695   (5)      7 :  0.9702 0.0150 0.0046 0.0102 
 696      696   (0)      7 :  0.9162 0.0636 0.0122 0.0080 
 697      697   (0)      7 :  0.9886 0.0026 0.0070 0.0018 
 698      698  (10)      7 :  0.9876 0.0024 0.0064 0.0036 
 699      699   (5)      7 :  0.9820 0.0026 0.0120 0.0034 
 700      700   (0)      7 :  0.9942 0.0020 0.0026 0.0012 
 701      701   (5)      7 :  0.9788 0.0056 0.0072 0.0084 
 702      702   (5)      7 :  0.9826 0.0048 0.0086 0.0040 
 703      703   (0)      7 :  0.9838 0.0030 0.0102 0.0030 
 704      704   (0)      7 :  0.9602 0.0038 0.0048 0.0312 
 705      705   (0)      7 :  0.9900 0.0024 0.0054 0.0022 
 706      706   (0)      7 :  0.9860 0.0070 0.0040 0.0030 
 707      707   (0)      7 :  0.9830 0.0020 0.0136 0.0014 
 708      708   (0)      7 :  0.9788 0.0024 0.0086 0.0102 
 709      709   (0)      7 :  0.9886 0.0050 0.0044 0.0020 
 710      710   (0)      7 :  0.9918 0.0032 0.0038 0.0012 
 711      711   (0)      7 :  0.9932 0.0024 0.0032 0.0012 
 712      712   (0)      7 :  0.9898 0.0030 0.0050 0.0022 
 713      713   (0)      7 :  0.9838 0.0044 0.0076 0.0042 
 714      714   (0)      7 :  0.9734 0.0166 0.0078 0.0022 
 715      715   (0)      7 :  0.9858 0.0092 0.0030 0.0020 
 716      716   (0)      7 :  0.9902 0.0050 0.0028 0.0020 
 717      717   (0)      7 :  0.9578 0.0030 0.0350 0.0042 
 718      718   (0)      7 :  0.9710 0.0090 0.0156 0.0044 
 719      719   (0)      7 :  0.9580 0.0030 0.0348 0.0042 
 720      720   (0)      7 :  0.9904 0.0038 0.0038 0.0020 
 721      721   (0)      7 :  0.9910 0.0036 0.0034 0.0020 
 722      722   (0)      7 :  0.9906 0.0024 0.0058 0.0012 
 723      723   (0)      7 :  0.9920 0.0018 0.0050 0.0012 
 724      724   (0)      7 :  0.9838 0.0014 0.0130 0.0018 
 725      725   (0)      7 :  0.9682 0.0020 0.0282 0.0016 
 726      726   (0)      7 :  0.8514 0.0020 0.1078 0.0388 
 727      727   (0)      7 :  0.9260 0.0050 0.0070 0.0620 
 728      728   (0)      7 :  0.9926 0.0024 0.0036 0.0014 
 729      729   (0)      7 :  0.9822 0.0090 0.0050 0.0038 
 730      730   (0)      7 :  0.9846 0.0020 0.0116 0.0018 
 731      731   (0)      7 :  0.9750 0.0178 0.0050 0.0022 
 732      732   (0)      7 :  0.9926 0.0024 0.0034 0.0016 
 733      733   (0)      7 :  0.9870 0.0034 0.0058 0.0038 
 734      734   (0)      7 :  0.9828 0.0024 0.0088 0.0060 
 735      735   (0)      7 :  0.9904 0.0046 0.0034 0.0016 
 736      736   (0)      7 :  0.9836 0.0030 0.0098 0.0036 
 737      737   (0)      7 :  0.9904 0.0014 0.0058 0.0024 
 738      738   (0)      7 :  0.9328 0.0030 0.0550 0.0092 
 739      739   (0)      7 :  0.9936 0.0020 0.0024 0.0020 
 740      740   (0)      7 :  0.9930 0.0020 0.0024 0.0026 
 741      741   (0)      7 :  0.9896 0.0024 0.0054 0.0026 
 742      742   (0)      7 :  0.9924 0.0028 0.0028 0.0020 
 743      743   (0)      7 :  0.9924 0.0022 0.0034 0.0020 
 744      744   (0)      7 :  0.9924 0.0024 0.0032 0.0020 
 745      745   (0)      7 :  0.9926 0.0026 0.0036 0.0012 
 746      746   (5)      8 :  0.9864 0.0060 0.0028 0.0048 
 747      747   (0)      8 :  0.9848 0.0082 0.0048 0.0022 
 748      748   (0)      8 :  0.9884 0.0040 0.0048 0.0028 
 749      749   (0)      8 :  0.9896 0.0036 0.0032 0.0036 
 750      750   (0)      8 :  0.9876 0.0020 0.0078 0.0026 
 751      751   (0)      8 :  0.8724 0.0104 0.0060 0.1112 
 752      752   (0)      8 :  0.9752 0.0072 0.0116 0.0060 
 753      753   (0)      8 :  0.9100 0.0068 0.0558 0.0274 
 754      754   (0)      8 :  0.9814 0.0092 0.0070 0.0024 
 755      755   (0)      8 :  0.9930 0.0020 0.0026 0.0024 
 756      756   (0)      8 :  0.9874 0.0024 0.0042 0.0060 
 757      757   (0)      8 :  0.9848 0.0032 0.0084 0.0036 
 758      758   (0)      8 :  0.9852 0.0038 0.0084 0.0026 
 759      759   (0)      8 :  0.9916 0.0026 0.0032 0.0026 
 760      760   (0)      8 :  0.9390 0.0040 0.0490 0.0080 
 761      761   (0)      8 :  0.9916 0.0024 0.0048 0.0012 
 762      762   (0)      8 :  0.9918 0.0040 0.0026 0.0016 
 763      763   (0)      8 :  0.9904 0.0028 0.0030 0.0038 
 764      764   (0)      8 :  0.9920 0.0030 0.0030 0.0020 
 765      765   (0)      8 :  0.9806 0.0090 0.0056 0.0048 
 766      766   (0)      8 :  0.9046 0.0056 0.0778 0.0120 
 767      767   (0)      8 :  0.9518 0.0416 0.0032 0.0034 
 768      768   (0)      8 :  0.9810 0.0090 0.0076 0.0024 
 769      769   (0)      8 :  0.9818 0.0064 0.0094 0.0024 
 770      770   (0)      8 :  0.9842 0.0024 0.0024 0.0110 
 771      771   (0)      8 :  0.9812 0.0114 0.0048 0.0026 
 772      772   (0)      8 :  0.9640 0.0224 0.0112 0.0024 
 773      773   (0)      8 :  0.9836 0.0084 0.0040 0.0040 
 774      774   (0)      8 :  0.9812 0.0024 0.0114 0.0050 
 775      775   (0)      8 :  0.9878 0.0056 0.0024 0.0042 
 776      776   (0)      8 :  0.8630 0.0030 0.0526 0.0814 
 777      777  (10)      8 :  0.9884 0.0050 0.0040 0.0026 
 778      778   (5)      8 :  0.9820 0.0024 0.0126 0.0030 
 779      779   (0)      8 :  0.7301 0.1737 0.0792 0.0170 
 780      780   (0)      8 :  0.9892 0.0044 0.0022 0.0042 
 781      781   (0)      8 :  0.9818 0.0054 0.0082 0.0046 
 782      782   (0)      8 :  0.9860 0.0036 0.0062 0.0042 
 783      783   (0)      8 :  0.9408 0.0166 0.0312 0.0114 
 784      784   (0)      8 :  0.9890 0.0054 0.0036 0.0020 
 785      785   (0)      8 :  0.9812 0.0030 0.0050 0.0108 
 786      786   (0)      8 :  0.9804 0.0098 0.0050 0.0048 
 787      787   (0)      8 :  0.9878 0.0074 0.0032 0.0016 
 788      788   (5)      8 :  0.9322 0.0514 0.0130 0.0034 
 789      789   (0)      8 :  0.8788 0.0516 0.0594 0.0102 
 790      790   (0)      8 :  0.9882 0.0074 0.0032 0.0012 
 791      791   (0)      8 :  0.8580 0.0892 0.0498 0.0030 
 792      792   (0)      8 :  0.9712 0.0088 0.0088 0.0112 
 793      793   (0)      8 :  0.8827 0.0652 0.0500 0.0020 
 794      794   (5)      8 :  0.4980 0.3542 0.1450 0.0028 
 795      795   (0)      8 :  0.9424 0.0460 0.0044 0.0072 
 796      796   (0)      8 :  0.9506 0.0028 0.0398 0.0068 
 797      797   (0)      8 :  0.9696 0.0256 0.0028 0.0020 
 798      798   (0)      8 :  0.9822 0.0098 0.0040 0.0040 
 799      799   (0)      8 :  0.9870 0.0030 0.0078 0.0022 
 800      800   (0)      8 :  0.9908 0.0026 0.0044 0.0022 
 801      801   (5)      8 :  0.9858 0.0052 0.0052 0.0038 
 802      802   (5)      8 :  0.8721 0.1201 0.0040 0.0038 
 803      803   (0)      8 :  0.9910 0.0044 0.0026 0.0020 
 804      804   (0)      8 :  0.9434 0.0460 0.0078 0.0028 
 805      805   (0)      8 :  0.9626 0.0198 0.0104 0.0072 
 806      806   (0)      8 :  0.9934 0.0024 0.0022 0.0020 
 807      807   (0)      8 :  0.9898 0.0042 0.0038 0.0022 
 808      808   (0)      8 :  0.9398 0.0316 0.0082 0.0204 
 809      809   (0)      8 :  0.9726 0.0212 0.0024 0.0038 
 810      810   (0)      8 :  0.9622 0.0234 0.0132 0.0012 
 811      811   (0)      8 :  0.9644 0.0268 0.0074 0.0014 
 812      812   (0)      8 :  0.9932 0.0032 0.0020 0.0016 
 813      813   (0)      8 :  0.9212 0.0536 0.0206 0.0046 
 814      814   (0)      9 :  0.9922 0.0020 0.0036 0.0022 
 815      815   (0)      9 :  0.9912 0.0020 0.0046 0.0022 
 816      816   (0)      9 :  0.9894 0.0030 0.0040 0.0036 
 817      817   (0)      9 :  0.9860 0.0024 0.0054 0.0062 
 818      818   (0)      9 :  0.9904 0.0034 0.0036 0.0026 
 819      819   (0)      9 :  0.9928 0.0040 0.0022 0.0010 
 820      820   (0)      9 :  0.9914 0.0024 0.0040 0.0022 
 821      821   (0)      9 :  0.8766 0.1094 0.0026 0.0114 
 822      822   (0)      9 :  0.9734 0.0096 0.0072 0.0098 
 823      823   (0)      9 :  0.9832 0.0076 0.0058 0.0034 
 824      824   (0)      9 :  0.9920 0.0030 0.0030 0.0020 
 825      825   (0)      9 :  0.9802 0.0058 0.0098 0.0042 
 826      826   (0)      9 :  0.9914 0.0046 0.0016 0.0024 
 827      827   (0)      9 :  0.9874 0.0034 0.0070 0.0022 
 828      828   (0)      9 :  0.9908 0.0020 0.0022 0.0050 
 829      829   (0)      9 :  0.9922 0.0030 0.0028 0.0020 
 830      830   (0)      9 :  0.9866 0.0064 0.0046 0.0024 
 831      831   (0)      9 :  0.9674 0.0266 0.0030 0.0030 
 832      832   (0)      9 :  0.9926 0.0034 0.0020 0.0020 
 833      833   (0)      9 :  0.9900 0.0040 0.0042 0.0018 
 834      834   (0)      9 :  0.9820 0.0082 0.0076 0.0022 
 835      835   (0)      9 :  0.9672 0.0110 0.0178 0.0040 
 836      836   (0)      9 :  0.9882 0.0018 0.0078 0.0022 
 837      837   (0)      9 :  0.9766 0.0064 0.0146 0.0024 
 838      838   (0)      9 :  0.9854 0.0054 0.0072 0.0020 
 839      839   (0)      9 :  0.9854 0.0034 0.0028 0.0084 
 840      840   (0)      9 :  0.9902 0.0046 0.0032 0.0020 
 841      841   (0)      9 :  0.9844 0.0024 0.0046 0.0086 
 842      842   (0)      9 :  0.9714 0.0030 0.0026 0.0230 
 843      843   (0)      9 :  0.9752 0.0122 0.0080 0.0046 
 844      844   (0)      9 :  0.9866 0.0028 0.0064 0.0042 
 845      845   (0)     10 :  0.9340 0.0050 0.0234 0.0376 
 846      846   (0)     10 :  0.9882 0.0066 0.0022 0.0030 
 847      847   (0)     10 :  0.9852 0.0020 0.0096 0.0032 
 848      848   (0)     10 :  0.9890 0.0030 0.0042 0.0038 
 849      849   (0)     10 :  0.9804 0.0122 0.0034 0.0040 
 850      850   (0)     10 :  0.9806 0.0108 0.0052 0.0034 
 851      851   (0)     10 :  0.9918 0.0026 0.0036 0.0020 
 852      852   (0)     10 :  0.9590 0.0274 0.0078 0.0058 
 853      853   (0)     10 :  0.9798 0.0054 0.0024 0.0124 
 854      854   (0)     10 :  0.9850 0.0040 0.0060 0.0050 
 855      855   (0)     10 :  0.9870 0.0026 0.0080 0.0024 
 856      856   (0)     10 :  0.9848 0.0020 0.0080 0.0052 
 857      857   (0)     10 :  0.9934 0.0016 0.0022 0.0028 
 858      858   (0)     10 :  0.9558 0.0078 0.0288 0.0076 
 859      859   (0)     10 :  0.9794 0.0090 0.0062 0.0054 
 860      860   (0)     10 :  0.9908 0.0048 0.0024 0.0020 
 861      861   (0)     10 :  0.9706 0.0218 0.0024 0.0052 
 862      862   (0)     10 :  0.9892 0.0014 0.0046 0.0048 
 863      863   (0)     10 :  0.9938 0.0024 0.0026 0.0012 
 864      864   (0)     10 :  0.9884 0.0020 0.0068 0.0028 
 865      865   (0)     10 :  0.9936 0.0020 0.0024 0.0020 
 866      866   (0)     10 :  0.9472 0.0052 0.0034 0.0442 
 867      867   (0)     10 :  0.9950 0.0020 0.0012 0.0018 
 868      868   (0)     10 :  0.9880 0.0038 0.0054 0.0028 
 869      869   (0)     10 :  0.9832 0.0110 0.0038 0.0020 
 870      870   (0)     10 :  0.9908 0.0020 0.0028 0.0044 
 871      871   (0)     10 :  0.9926 0.0030 0.0024 0.0020 
 872      872   (0)     10 :  0.9930 0.0026 0.0024 0.0020 
 873      873   (0)     10 :  0.9796 0.0048 0.0116 0.0040 
 874      874   (0)     10 :  0.9910 0.0026 0.0042 0.0022 
 875      875   (0)     10 :  0.9812 0.0046 0.0070 0.0072 
 876      876   (0)     10 :  0.9930 0.0036 0.0012 0.0022 
 877      877   (0)     10 :  0.9636 0.0254 0.0074 0.0036 
 878      878   (0)     10 :  0.9914 0.0022 0.0044 0.0020 
 879      879   (0)     10 :  0.9874 0.0038 0.0036 0.0052 
 880      880   (0)     10 :  0.9902 0.0024 0.0030 0.0044 
 881      881   (0)     10 :  0.9834 0.0036 0.0110 0.0020 
 882      882   (0)     10 :  0.9748 0.0028 0.0144 0.0080 
 883      883   (0)     10 :  0.9906 0.0020 0.0042 0.0032 
 884      884   (0)     10 :  0.9734 0.0122 0.0094 0.0050 
 885      885   (0)     10 :  0.9906 0.0048 0.0026 0.0020 
 886      886   (0)     10 :  0.9912 0.0024 0.0034 0.0030 
 887      887   (0)     10 :  0.9836 0.0080 0.0046 0.0038 
 888      888   (0)     10 :  0.7910 0.1896 0.0156 0.0038 
 889      889   (0)     10 :  0.9788 0.0020 0.0162 0.0030 
 890      890   (0)     10 :  0.9908 0.0038 0.0036 0.0018 
 891      891   (0)     10 :  0.9906 0.0038 0.0030 0.0026 
 892      892   (0)     10 :  0.9910 0.0024 0.0036 0.0030 
 893      893   (0)     10 :  0.9912 0.0024 0.0034 0.0030 
 894      894   (0)     10 :  0.9910 0.0040 0.0030 0.0020 
 895      895   (0)     10 :  0.9892 0.0030 0.0056 0.0022 
 896      896   (0)     10 :  0.9922 0.0024 0.0034 0.0020 
 897      897   (0)     10 :  0.9838 0.0094 0.0042 0.0026 
 898      898   (0)     10 :  0.9908 0.0034 0.0032 0.0026 
 899      899   (0)     10 :  0.9880 0.0068 0.0022 0.0030 
 900      900   (0)     10 :  0.9926 0.0030 0.0024 0.0020 
 901      901   (0)     10 :  0.9922 0.0016 0.0024 0.0038 
 902      902   (0)     10 :  0.9738 0.0162 0.0072 0.0028 
 903      903   (0)     10 :  0.9852 0.0024 0.0100 0.0024 
 904      904   (0)     10 :  0.9918 0.0034 0.0028 0.0020 
 905      905   (0)     10 :  0.9876 0.0030 0.0070 0.0024 
 906      906   (0)     10 :  0.9914 0.0044 0.0026 0.0016 
 907      907   (0)     10 :  0.9826 0.0068 0.0052 0.0054 
 908      908   (0)     10 :  0.9898 0.0034 0.0038 0.0030 
 909      909   (0)     10 :  0.9896 0.0050 0.0022 0.0032 
 910      910   (0)     10 :  0.9742 0.0102 0.0068 0.0088 
 911      911   (0)     10 :  0.9892 0.0034 0.0034 0.0040 
 912      912   (0)     10 :  0.9894 0.0046 0.0040 0.0020 
 913      913   (0)     10 :  0.9872 0.0046 0.0032 0.0050 
 914      914   (0)     10 :  0.9870 0.0054 0.0026 0.0050 
 915      915   (0)     10 :  0.9842 0.0066 0.0020 0.0072 
 916      916   (0)     10 :  0.9690 0.0146 0.0128 0.0036 
 917      917   (0)     10 :  0.9904 0.0040 0.0034 0.0022 
 918      918   (0)     10 :  0.9830 0.0104 0.0024 0.0042 
 919      919   (0)     10 :  0.9878 0.0028 0.0058 0.0036 
 920      920   (0)     10 :  0.9932 0.0014 0.0032 0.0022 
 921      921   (0)     10 :  0.9052 0.0834 0.0076 0.0038 
 922      922   (0)     10 :  0.9916 0.0024 0.0038 0.0022 
 923      923   (0)     10 :  0.9832 0.0100 0.0048 0.0020 
 924      924   (0)     10 :  0.9914 0.0024 0.0050 0.0012 
 925      925   (0)     10 :  0.9896 0.0024 0.0056 0.0024 
 926      926   (0)     10 :  0.9878 0.0040 0.0024 0.0058 
 927      927   (0)     10 :  0.9826 0.0050 0.0074 0.0050 
 928      928   (0)     10 :  0.9832 0.0064 0.0086 0.0018 
 929      929   (0)     10 :  0.9814 0.0096 0.0054 0.0036 
 930      930   (0)     10 :  0.9918 0.0024 0.0036 0.0022 
 931      931   (0)     10 :  0.9926 0.0020 0.0034 0.0020 
 932      932   (0)     10 :  0.9632 0.0118 0.0220 0.0030 
 933      933   (0)     10 :  0.9816 0.0042 0.0104 0.0038 
 934      934   (0)     10 :  0.9782 0.0162 0.0036 0.0020 
 935      935   (0)     10 :  0.9930 0.0028 0.0030 0.0012 
 936      936   (0)     10 :  0.9862 0.0076 0.0034 0.0028 
 937      937   (0)     10 :  0.9800 0.0104 0.0072 0.0024 
 938      938   (0)     10 :  0.9902 0.0050 0.0032 0.0016 
 939      939   (0)     10 :  0.9844 0.0048 0.0070 0.0038 
 940      940   (0)     10 :  0.9736 0.0038 0.0184 0.0042 
 941      941   (0)     10 :  0.9910 0.0020 0.0056 0.0014 
 942      942   (0)     10 :  0.9926 0.0026 0.0024 0.0024 
 943      943   (0)     10 :  0.9876 0.0052 0.0036 0.0036 
 944      944   (0)     10 :  0.9934 0.0014 0.0030 0.0022 
 945      945   (0)     10 :  0.9798 0.0146 0.0036 0.0020 
 946      946   (0)     10 :  0.9934 0.0020 0.0026 0.0020 
 947      947   (0)     10 :  0.9828 0.0048 0.0052 0.0072 
 948      948   (0)     10 :  0.9898 0.0014 0.0076 0.0012 
 949      949   (0)     10 :  0.9936 0.0010 0.0034 0.0020 
 950      950   (0)     10 :  0.9900 0.0058 0.0022 0.0020 
 951      951   (0)     10 :  0.9872 0.0034 0.0064 0.0030 
 952      952   (0)     10 :  0.9912 0.0024 0.0044 0.0020 
 953      953   (0)     10 :  0.9916 0.0026 0.0036 0.0022 
 954      954   (0)     10 :  0.9948 0.0020 0.0020 0.0012 
 955      955   (0)     10 :  0.9884 0.0038 0.0056 0.0022 
 956      956   (0)     10 :  0.9834 0.0100 0.0046 0.0020 
 957      957   (0)     10 :  0.9768 0.0084 0.0132 0.0016 
 958      958   (0)     10 :  0.9916 0.0030 0.0038 0.0016 
 959      959   (0)     10 :  0.9940 0.0020 0.0020 0.0020 
 960      960   (0)     10 :  0.9926 0.0024 0.0030 0.0020 
 961      961   (0)     10 :  0.9666 0.0046 0.0090 0.0198 
 962      962   (0)     10 :  0.9874 0.0024 0.0066 0.0036 
 963      963   (0)     10 :  0.9908 0.0050 0.0022 0.0020 
 964      964   (0)     10 :  0.9884 0.0030 0.0072 0.0014 
 965      965   (0)     10 :  0.9910 0.0030 0.0038 0.0022 
 966      966   (0)     10 :  0.9910 0.0034 0.0032 0.0024 
 967      967   (0)     10 :  0.9906 0.0046 0.0024 0.0024 
 968      968   (0)     10 :  0.9822 0.0024 0.0126 0.0028 
 969      969   (0)     10 :  0.9766 0.0112 0.0080 0.0042 
 970      970   (0)     11 :  0.9910 0.0030 0.0034 0.0026 
 971      971   (0)     11 :  0.9710 0.0206 0.0032 0.0052 
 972      972   (0)     11 :  0.9842 0.0054 0.0062 0.0042 
 973      973   (0)     11 :  0.9674 0.0180 0.0122 0.0024 
 974      974   (0)     11 :  0.9914 0.0030 0.0034 0.0022 
 975      975   (0)     11 :  0.9810 0.0100 0.0030 0.0060 
 976      976   (0)     11 :  0.9694 0.0194 0.0014 0.0098 
 977      977   (0)     11 :  0.9420 0.0024 0.0038 0.0518 
 978      978   (0)     11 :  0.9632 0.0078 0.0054 0.0236 
 979      979   (0)     11 :  0.9186 0.0250 0.0406 0.0158 
 980      980   (0)     11 :  0.9900 0.0052 0.0022 0.0026 
 981      981   (0)     11 :  0.9598 0.0150 0.0222 0.0030 
 982      982   (0)     11 :  0.9896 0.0056 0.0028 0.0020 
 983      983   (0)     11 :  0.9880 0.0054 0.0032 0.0034 
 984      984   (0)     11 :  0.9886 0.0038 0.0030 0.0046 
 985      985  (10)     11 :  0.9872 0.0058 0.0036 0.0034 
 986      986   (0)     11 :  0.9532 0.0154 0.0282 0.0032 
 987      987   (0)     11 :  0.9512 0.0116 0.0076 0.0296 
 988      988   (0)     11 :  0.9872 0.0050 0.0054 0.0024 
 989      989   (0)     11 :  0.7052 0.2862 0.0054 0.0032 
 990      990   (5)     11 :  0.9820 0.0082 0.0028 0.0070 
 991      991   (0)     11 :  0.9878 0.0030 0.0060 0.0032 
 992      992   (0)     11 :  0.9868 0.0092 0.0014 0.0026 
 993      993   (0)     11 :  0.9100 0.0456 0.0090 0.0354 
 994      994   (0)     11 :  0.9764 0.0040 0.0034 0.0162 
 995      995   (0)     11 :  0.9902 0.0030 0.0046 0.0022 
 996      996   (0)     11 :  0.9712 0.0072 0.0178 0.0038 
 997      997   (5)     11 :  0.9860 0.0096 0.0024 0.0020 
 998      998   (0)     11 :  0.9794 0.0034 0.0066 0.0106 
 999      999   (0)     11 :  0.9898 0.0034 0.0034 0.0034 
1000     1000   (0)     11 :  0.9738 0.0184 0.0026 0.0052 
1001     1001   (0)     11 :  0.9824 0.0032 0.0106 0.0038 
1002     1002   (0)     11 :  0.9806 0.0070 0.0080 0.0044 
1003     1003   (0)     11 :  0.9774 0.0070 0.0132 0.0024 
1004     1004   (0)     11 :  0.9906 0.0036 0.0032 0.0026 
1005     1005   (0)     11 :  0.9904 0.0044 0.0036 0.0016 
1006     1006   (0)     11 :  0.9854 0.0108 0.0022 0.0016 
1007     1007   (5)     11 :  0.9824 0.0048 0.0082 0.0046 
1008     1008   (0)     11 :  0.9710 0.0120 0.0144 0.0026 
1009     1009   (0)     11 :  0.9900 0.0040 0.0030 0.0030 
1010     1010   (0)     11 :  0.9910 0.0042 0.0036 0.0012 
1011     1011   (5)     11 :  0.9800 0.0036 0.0026 0.0138 
1012     1012   (5)     11 :  0.9590 0.0342 0.0046 0.0022 
1013     1013  (10)     11 :  0.9848 0.0068 0.0044 0.0040 
1014     1014   (5)     11 :  0.9242 0.0610 0.0118 0.0030 
1015     1015   (5)     11 :  0.9922 0.0026 0.0032 0.0020 
1016     1016   (5)     11 :  0.9902 0.0024 0.0044 0.0030 
1017     1017   (5)     11 :  0.8788 0.1134 0.0038 0.0040 
1018     1018   (5)     11 :  0.9818 0.0064 0.0084 0.0034 
1019     1019  (10)     11 :  0.9922 0.0030 0.0028 0.0020 
1020     1020   (5)     11 :  0.9684 0.0192 0.0062 0.0062 
1021     1021   (5)     11 :  0.9916 0.0024 0.0028 0.0032 
1022     1022   (5)     11 :  0.9698 0.0148 0.0116 0.0038 
1023     1023   (0)     12 :  0.9850 0.0108 0.0022 0.0020 
1024     1024   (0)     12 :  0.8490 0.0170 0.0148 0.1192 
1025     1025   (0)     12 :  0.9704 0.0160 0.0070 0.0066 
1026     1026   (0)     12 :  0.9786 0.0166 0.0028 0.0020 
1027     1027   (0)     12 :  0.9804 0.0088 0.0060 0.0048 
1028     1028   (0)     12 :  0.9910 0.0040 0.0032 0.0018 
1029     1029   (0)     12 :  0.9886 0.0064 0.0026 0.0024 
1030     1030   (0)     12 :  0.9916 0.0024 0.0042 0.0018 
1031     1031   (0)     12 :  0.9874 0.0038 0.0036 0.0052 
1032     1032   (0)     12 :  0.9896 0.0052 0.0032 0.0020 
1033     1033   (0)     12 :  0.9928 0.0030 0.0022 0.0020 
1034     1034   (0)     12 :  0.9880 0.0054 0.0044 0.0022 
1035     1035   (0)     12 :  0.9860 0.0056 0.0032 0.0052 
1036     1036   (0)     12 :  0.9940 0.0020 0.0030 0.0010 
1037     1037   (0)     12 :  0.9880 0.0060 0.0040 0.0020 
1038     1038   (0)     12 :  0.9890 0.0042 0.0032 0.0036 
1039     1039   (0)     12 :  0.9706 0.0032 0.0126 0.0136 
1040     1040   (0)     12 :  0.9802 0.0104 0.0056 0.0038 
1041     1041   (0)     12 :  0.9738 0.0074 0.0120 0.0068 
1042     1042   (0)     12 :  0.9814 0.0120 0.0020 0.0046 
1043     1043   (0)     12 :  0.9902 0.0034 0.0026 0.0038 
1044     1044   (0)     12 :  0.9738 0.0192 0.0028 0.0042 
1045     1045   (0)     12 :  0.9700 0.0200 0.0068 0.0032 
1046     1046   (0)     12 :  0.9778 0.0108 0.0092 0.0022 
1047     1047   (0)     12 :  0.9658 0.0068 0.0198 0.0076 
1048     1048   (0)     12 :  0.9928 0.0020 0.0030 0.0022 
1049     1049   (0)     12 :  0.9772 0.0076 0.0112 0.0040 
1050     1050   (0)     12 :  0.9902 0.0044 0.0034 0.0020 
1051     1051   (0)     12 :  0.9858 0.0054 0.0070 0.0018 
1052     1052   (0)     12 :  0.9868 0.0066 0.0020 0.0046 
1053     1053   (0)     12 :  0.9728 0.0172 0.0026 0.0074 
1054     1054   (0)     12 :  0.9838 0.0028 0.0042 0.0092 
1055     1055   (0)     12 :  0.9864 0.0056 0.0048 0.0032 
1056     1056   (0)     12 :  0.9796 0.0064 0.0102 0.0038 
1057     1057   (0)     12 :  0.9878 0.0020 0.0026 0.0076 
1058     1058   (0)     12 :  0.9588 0.0246 0.0106 0.0060 
1059     1059   (0)     12 :  0.9840 0.0084 0.0052 0.0024 
1060     1060   (0)     12 :  0.9868 0.0058 0.0044 0.0030 
1061     1061   (0)     12 :  0.9934 0.0024 0.0022 0.0020 
1062     1062   (0)     12 :  0.9924 0.0036 0.0020 0.0020 
1063     1063   (0)     12 :  0.9792 0.0084 0.0040 0.0084 
1064     1064   (0)     12 :  0.9788 0.0078 0.0112 0.0022 
1065     1065   (0)     12 :  0.9912 0.0024 0.0042 0.0022 
1066     1066   (0)     12 :  0.9916 0.0024 0.0038 0.0022 
1067     1067   (0)     12 :  0.9766 0.0132 0.0044 0.0058 
1068     1068   (0)     12 :  0.9892 0.0020 0.0066 0.0022 
1069     1069   (0)     12 :  0.9860 0.0066 0.0042 0.0032 
1070     1070   (0)     12 :  0.9900 0.0030 0.0040 0.0030 
1071     1071   (0)     12 :  0.9850 0.0076 0.0058 0.0016 
1072     1072   (0)     12 :  0.8710 0.0426 0.0236 0.0628 
1073     1073   (0)     12 :  0.9552 0.0400 0.0028 0.0020 
1074     1074   (0)     12 :  0.9822 0.0060 0.0032 0.0086 
1075     1075   (0)     12 :  0.9604 0.0276 0.0052 0.0068 
1076     1076   (0)     12 :  0.9932 0.0020 0.0028 0.0020 
1077     1077   (0)     12 :  0.9840 0.0100 0.0038 0.0022 
1078     1078   (0)     12 :  0.9890 0.0040 0.0040 0.0030 
1079     1079   (0)     12 :  0.9752 0.0052 0.0032 0.0164 
1080     1080   (0)     12 :  0.9804 0.0104 0.0040 0.0052 
1081     1081   (0)     12 :  0.9648 0.0028 0.0070 0.0254 
1082     1082   (0)     12 :  0.9882 0.0040 0.0042 0.0036 
1083     1083   (0)     12 :  0.9848 0.0038 0.0078 0.0036 
1084     1084   (0)     12 :  0.9908 0.0020 0.0050 0.0022 
1085     1085   (0)     12 :  0.9456 0.0430 0.0042 0.0072 
1086     1086   (0)     12 :  0.9792 0.0126 0.0032 0.0050 
1087     1087   (0)     12 :  0.9814 0.0044 0.0106 0.0036 
1088     1088   (0)     12 :  0.9922 0.0038 0.0020 0.0020 
1089     1089   (0)     12 :  0.9904 0.0022 0.0052 0.0022 
1090     1090   (0)     12 :  0.9846 0.0024 0.0024 0.0106 
1091     1091   (0)     12 :  0.9872 0.0076 0.0032 0.0020 
1092     1092   (0)     12 :  0.9788 0.0084 0.0076 0.0052 
1093     1093   (0)     12 :  0.9906 0.0042 0.0028 0.0024 
1094     1094   (0)     12 :  0.9932 0.0014 0.0024 0.0030 
1095     1095   (0)     12 :  0.9930 0.0024 0.0022 0.0024 
1096     1096   (0)     12 :  0.9554 0.0350 0.0074 0.0022 
1097     1097   (0)     12 :  0.9838 0.0094 0.0046 0.0022 
1098     1098   (0)     12 :  0.9912 0.0042 0.0026 0.0020 
1099     1099   (0)     12 :  0.9754 0.0048 0.0134 0.0064 
1100     1100   (0)     12 :  0.9924 0.0030 0.0026 0.0020 
1101     1101   (0)     12 :  0.9918 0.0030 0.0036 0.0016 
1102     1102   (0)     12 :  0.9700 0.0180 0.0074 0.0046 
1103     1103   (0)     12 :  0.9908 0.0032 0.0030 0.0030 
1104     1104   (0)     12 :  0.9574 0.0370 0.0028 0.0028 
1105     1105   (0)     12 :  0.9884 0.0072 0.0020 0.0024 
1106     1106   (0)     12 :  0.9858 0.0024 0.0024 0.0094 
1107     1107   (0)     12 :  0.9390 0.0536 0.0052 0.0022 
1108     1108   (0)     12 :  0.8581 0.0216 0.0488 0.0716 
1109     1109   (0)     12 :  0.9870 0.0024 0.0052 0.0054 
1110     1110   (0)     12 :  0.9870 0.0060 0.0038 0.0032 
1111     1111   (0)     12 :  0.9792 0.0096 0.0060 0.0052 
1112     1112   (0)     12 :  0.9706 0.0250 0.0024 0.0020 
1113     1113   (0)     12 :  0.9914 0.0030 0.0030 0.0026 
1114     1114   (0)     12 :  0.9906 0.0038 0.0036 0.0020 
1115     1115   (0)     12 :  0.9730 0.0196 0.0028 0.0046 
1116     1116   (0)     12 :  0.9882 0.0066 0.0032 0.0020 
1117     1117   (0)     12 :  0.9890 0.0034 0.0054 0.0022 
1118     1118   (0)     12 :  0.9872 0.0064 0.0048 0.0016 
1119     1119   (0)     12 :  0.9330 0.0536 0.0086 0.0048 
1120     1120   (0)     12 :  0.9802 0.0032 0.0048 0.0118 
1121     1121   (0)     12 :  0.9894 0.0024 0.0034 0.0048 
1122     1122   (0)     12 :  0.9908 0.0048 0.0024 0.0020 
1123     1123   (0)     12 :  0.9908 0.0034 0.0038 0.0020 
1124     1124   (0)     12 :  0.9708 0.0234 0.0022 0.0036 
1125     1125   (0)     12 :  0.9866 0.0058 0.0042 0.0034 
1126     1126   (0)     12 :  0.9794 0.0024 0.0082 0.0100 
1127     1127   (0)     12 :  0.9840 0.0032 0.0046 0.0082 
1128     1128   (0)     12 :  0.9942 0.0018 0.0024 0.0016 
1129     1129   (0)     12 :  0.9916 0.0030 0.0034 0.0020 
1130     1130   (0)     12 :  0.9790 0.0056 0.0050 0.0104 
1131     1131   (0)     12 :  0.9734 0.0088 0.0124 0.0054 
1132     1132   (0)     12 :  0.9860 0.0096 0.0024 0.0020 
1133     1133   (0)     12 :  0.9866 0.0040 0.0020 0.0074 
1134     1134   (0)     12 :  0.9922 0.0024 0.0026 0.0028 
1135     1135   (0)     12 :  0.9624 0.0280 0.0044 0.0052 
1136     1136   (0)     12 :  0.8996 0.0966 0.0026 0.0012 
1137     1137   (0)     12 :  0.9638 0.0158 0.0112 0.0092 
1138     1138   (0)     12 :  0.9276 0.0116 0.0076 0.0532 
1139     1139   (0)     12 :  0.9910 0.0034 0.0028 0.0028 
1140     1140   (0)     12 :  0.9920 0.0024 0.0030 0.0026 
1141     1141   (0)     12 :  0.9824 0.0070 0.0092 0.0014 
1142     1142   (0)     12 :  0.9696 0.0024 0.0132 0.0148 
1143     1143   (0)     12 :  0.9906 0.0030 0.0044 0.0020 
1144     1144   (0)     12 :  0.9886 0.0024 0.0024 0.0066 
1145     1145   (0)     12 :  0.9902 0.0044 0.0026 0.0028 
1146     1146   (0)     12 :  0.9850 0.0030 0.0034 0.0086 
1147     1147   (0)     12 :  0.9904 0.0058 0.0026 0.0012 
1148     1148   (5)     13 :  0.0038 0.0024 0.7954 0.1984 
1149     1149   (0)     13 :  0.0088 0.0026 0.7904 0.1982 
1150     1150   (0)     13 :  0.0032 0.0022 0.7970 0.1976 
1151     1151   (0)     13 :  0.0112 0.0068 0.7834 0.1986 
1152     1152   (0)     13 :  0.0024 0.0016 0.7960 0.2000 
1153     1153   (0)     13 :  0.0194 0.0028 0.7916 0.1862 
1154     1154   (0)     13 :  0.0028 0.0016 0.7982 0.1974 
1155     1155   (0)     13 :  0.0026 0.0020 0.7956 0.1998 
1156     1156   (0)     13 :  0.0024 0.0034 0.7968 0.1974 
1157     1157   (0)     13 :  0.0026 0.0020 0.7958 0.1996 
1158     1158   (0)     13 :  0.0014 0.0012 0.7982 0.1992 
1159     1159   (0)     13 :  0.0022 0.0016 0.7970 0.1992 
1160     1160   (0)     13 :  0.0038 0.0034 0.7926 0.2002 
1161     1161   (5)     13 :  0.0020 0.0012 0.7976 0.1992 
1162     1162   (0)     13 :  0.0036 0.0016 0.7974 0.1974 
1163     1163   (0)     13 :  0.0018 0.0016 0.7986 0.1980 
1164     1164   (0)     13 :  0.0028 0.0078 0.7908 0.1986 
1165     1165   (0)     13 :  0.0024 0.0010 0.7968 0.1998 
1166     1166   (0)     13 :  0.0020 0.0020 0.7950 0.2010 
1167     1167   (0)     13 :  0.0026 0.0012 0.7976 0.1986 
1168     1168   (0)     13 :  0.0022 0.0010 0.7974 0.1994 
1169     1169   (0)     13 :  0.0022 0.0032 0.7946 0.2000 
1170     1170   (0)     13 :  0.0022 0.0010 0.7972 0.1996 
1171     1171   (0)     13 :  0.0012 0.0010 0.7980 0.1998 
1172     1172   (0)     13 :  0.0012 0.0010 0.7978 0.2000 
1173     1173   (0)     13 :  0.0020 0.0020 0.7964 0.1996 
1174     1174   (0)     13 :  0.0028 0.0016 0.7974 0.1982 
1175     1175   (0)     13 :  0.0012 0.0010 0.7980 0.1998 
1176     1176   (0)     14 :  0.0016 0.0010 0.7980 0.1994 
1177     1177   (0)     14 :  0.0022 0.0028 0.7952 0.1998 
1178     1178   (0)     14 :  0.0030 0.0026 0.7940 0.2004 
1179     1179   (0)     14 :  0.0022 0.0020 0.7974 0.1984 
1180     1180   (0)     14 :  0.0040 0.0026 0.7950 0.1984 
1181     1181   (0)     14 :  0.0036 0.0014 0.7946 0.2004 
1182     1182   (0)     14 :  0.0066 0.0086 0.7850 0.1998 
1183     1183   (0)     14 :  0.0026 0.0022 0.7970 0.1982 
1184     1184   (0)     14 :  0.0144 0.0104 0.7784 0.1968 
1185     1185   (0)     14 :  0.0024 0.0012 0.7966 0.1998 
1186     1186   (0)     14 :  0.0040 0.0020 0.7948 0.1992 
1187     1187   (0)     14 :  0.0028 0.0012 0.7968 0.1992 
1188     1188   (0)     14 :  0.0018 0.0010 0.7976 0.1996 
1189     1189   (0)     14 :  0.0036 0.0028 0.7954 0.1982 
1190     1190   (0)     14 :  0.0022 0.0010 0.7972 0.1996 
1191     1191   (0)     14 :  0.0026 0.0010 0.7972 0.1992 
1192     1192   (0)     14 :  0.0026 0.0012 0.7972 0.1990 
1193     1193   (0)     14 :  0.0024 0.0020 0.7964 0.1992 
1194     1194   (0)     14 :  0.0030 0.0012 0.7974 0.1984 
1195     1195   (0)     14 :  0.0024 0.0010 0.7966 0.2000 
1196     1196   (0)     14 :  0.0144 0.0030 0.7880 0.1946 
1197     1197   (0)     14 :  0.0012 0.0012 0.7972 0.2004 
1198     1198   (0)     14 :  0.0032 0.0024 0.7952 0.1992 
1199     1199   (0)     14 :  0.0022 0.0014 0.7964 0.2000 
1200     1200   (0)     14 :  0.0112 0.0064 0.7870 0.1954 
1201     1201   (0)     14 :  0.0018 0.0020 0.7960 0.2002 
1202     1202   (0)     14 :  0.0040 0.0020 0.7962 0.1978 
1203     1203   (0)     14 :  0.0030 0.0022 0.8026 0.1922 
1204     1204   (0)     14 :  0.0014 0.0012 0.7980 0.1994 
1205     1205   (0)     14 :  0.0030 0.0016 0.7946 0.2008 
1206     1206   (0)     14 :  0.0050 0.0022 0.7958 0.1970 
1207     1207   (0)     14 :  0.0042 0.0022 0.7954 0.1982 
1208     1208   (0)     14 :  0.0040 0.0012 0.7972 0.1976 
1209     1209   (0)     14 :  0.0020 0.0028 0.7958 0.1994 
1210     1210   (0)     14 :  0.0098 0.0132 0.7828 0.1942 
1211     1211   (0)     14 :  0.0024 0.0012 0.7972 0.1992 
1212     1212   (0)     14 :  0.0028 0.0012 0.7972 0.1988 
1213     1213   (0)     14 :  0.0012 0.0010 0.7974 0.2004 
1214     1214   (0)     14 :  0.0022 0.0024 0.7952 0.2002 
1215     1215   (0)     14 :  0.0014 0.0010 0.7982 0.1994 
1216     1216   (0)     14 :  0.0022 0.0016 0.7986 0.1976 
1217     1217   (0)     14 :  0.0022 0.0010 0.7974 0.1994 
1218     1218   (0)     14 :  0.0028 0.0010 0.7974 0.1988 
1219     1219   (0)     14 :  0.0050 0.0012 0.7962 0.1976 
1220     1220   (0)     14 :  0.0012 0.0010 0.7970 0.2008 
1221     1221   (0)     14 :  0.0074 0.0030 0.7942 0.1954 
1222     1222   (0)     14 :  0.0022 0.0010 0.7964 0.2004 
1223     1223   (0)     14 :  0.0024 0.0010 0.7980 0.1986 
1224     1224   (0)     14 :  0.0024 0.0016 0.7960 0.2000 
1225     1225   (0)     14 :  0.0026 0.0012 0.7964 0.1998 
1226     1226   (0)     14 :  0.0034 0.0024 0.7980 0.1962 
1227     1227   (0)     14 :  0.0024 0.0020 0.7960 0.1996 
1228     1228   (0)     14 :  0.0026 0.0032 0.7944 0.1998 
1229     1229   (0)     14 :  0.0050 0.0036 0.7936 0.1978 
1230     1230   (0)     14 :  0.0014 0.0010 0.7980 0.1996 
1231     1231   (0)     14 :  0.0020 0.0012 0.7976 0.1992 
1232     1232   (0)     14 :  0.0018 0.0012 0.7976 0.1994 
1233     1233   (0)     14 :  0.0022 0.0020 0.7968 0.1990 
1234     1234   (0)     14 :  0.0028 0.0016 0.7980 0.1976 
1235     1235   (0)     14 :  0.0012 0.0010 0.7980 0.1998 
1236     1236   (0)     14 :  0.0048 0.0024 0.7980 0.1948 
1237     1237   (0)     14 :  0.0022 0.0010 0.7974 0.1994 
1238     1238   (0)     14 :  0.0024 0.0020 0.7966 0.1990 
1239     1239   (0)     14 :  0.0022 0.0020 0.7966 0.1992 
1240     1240   (0)     14 :  0.0028 0.0010 0.7974 0.1988 
1241     1241   (0)     14 :  0.0024 0.0012 0.7974 0.1990 
1242     1242   (0)     14 :  0.0022 0.0038 0.7940 0.2000 
1243     1243   (0)     14 :  0.0014 0.0012 0.7980 0.1994 
1244     1244   (0)     14 :  0.0014 0.0012 0.7982 0.1992 
1245     1245   (0)     14 :  0.0024 0.0014 0.7960 0.2002 
1246     1246   (0)     14 :  0.0026 0.0032 0.7950 0.1992 
1247     1247   (0)     14 :  0.0026 0.0012 0.7974 0.1988 
1248     1248   (0)     14 :  0.0018 0.0010 0.7976 0.1996 
1249     1249   (0)     14 :  0.0060 0.0058 0.7900 0.1982 
1250     1250   (0)     14 :  0.0042 0.0020 0.7942 0.1996 
1251     1251   (0)     14 :  0.0030 0.0034 0.7946 0.1990 
1252     1252   (0)     14 :  0.0024 0.0010 0.7968 0.1998 
1253     1253   (0)     14 :  0.0012 0.0016 0.7980 0.1992 
1254     1254   (0)     14 :  0.0024 0.0010 0.7972 0.1994 
1255     1255   (0)     14 :  0.0058 0.0016 0.7968 0.1958 
1256     1256   (0)     14 :  0.0030 0.0028 0.7942 0.2000 
1257     1257   (0)     14 :  0.0012 0.0010 0.7980 0.1998 
1258     1258   (0)     14 :  0.0012 0.0012 0.7982 0.1994 
1259     1259   (0)     14 :  0.0024 0.0014 0.7960 0.2002 
1260     1260   (0)     14 :  0.0040 0.0020 0.7964 0.1976 
1261     1261   (0)     14 :  0.0048 0.0054 0.7900 0.1998 
1262     1262   (0)     14 :  0.0036 0.0080 0.7896 0.1988 
1263     1263   (0)     14 :  0.0066 0.0096 0.7842 0.1996 
1264     1264   (0)     14 :  0.0026 0.0020 0.7972 0.1982 
1265     1265   (0)     14 :  0.0026 0.0018 0.7968 0.1988 
1266     1266   (0)     14 :  0.0034 0.0016 0.7960 0.1990 
1267     1267   (0)     14 :  0.0012 0.0010 0.7980 0.1998 
1268     1268   (0)     14 :  0.0032 0.0022 0.7946 0.2000 
1269     1269   (0)     14 :  0.0020 0.0016 0.7962 0.2002 
1270     1270   (0)     14 :  0.0024 0.0020 0.7974 0.1982 
1271     1271   (0)     14 :  0.0022 0.0020 0.7964 0.1994 
1272     1272   (0)     14 :  0.0058 0.0018 0.7970 0.1954 
1273     1273   (0)     14 :  0.0014 0.0010 0.7982 0.1994 
1274     1274   (0)     14 :  0.0046 0.0048 0.7920 0.1986 
1275     1275   (0)     14 :  0.0022 0.0032 0.7960 0.1986 
1276     1276   (0)     14 :  0.0032 0.0014 0.7958 0.1996 
1277     1277   (0)     14 :  0.0044 0.0028 0.7926 0.2002 
1278     1278   (0)     14 :  0.0028 0.0012 0.7974 0.1986 
1279     1279   (0)     14 :  0.0022 0.0016 0.7968 0.1994 
1280     1280   (0)     14 :  0.0022 0.0016 0.7974 0.1988 
1281     1281   (0)     14 :  0.0012 0.0010 0.7972 0.2006 
1282     1282   (0)     14 :  0.0034 0.0038 0.7936 0.1992 
1283     1283   (0)     14 :  0.0022 0.0030 0.7952 0.1996 
1284     1284   (0)     14 :  0.0088 0.0034 0.7880 0.1998 
1285     1285   (0)     14 :  0.0020 0.0012 0.7976 0.1992 
1286     1286   (0)     14 :  0.0014 0.0012 0.7980 0.1994 
1287     1287   (0)     14 :  0.0020 0.0010 0.7976 0.1994 
1288     1288   (0)     14 :  0.0028 0.0024 0.7956 0.1992 
1289     1289   (0)     14 :  0.0012 0.0010 0.7980 0.1998 
1290     1290   (0)     14 :  0.0028 0.0012 0.7976 0.1984 
1291     1291   (0)     14 :  0.0022 0.0012 0.7970 0.1996 
1292     1292   (0)     14 :  0.0028 0.0016 0.7972 0.1984 
1293     1293   (0)     14 :  0.0036 0.0028 0.7952 0.1984 
1294     1294   (0)     14 :  0.0032 0.0020 0.7942 0.2006 
1295     1295   (0)     14 :  0.0014 0.0012 0.7980 0.1994 
1296     1296   (0)     14 :  0.0012 0.0012 0.7980 0.1996 
1297     1297   (0)     14 :  0.0028 0.0020 0.7966 0.1986 
1298     1298   (0)     14 :  0.0016 0.0012 0.7980 0.1992 
1299     1299   (0)     14 :  0.0044 0.0026 0.7954 0.1976 
1300     1300   (0)     14 :  0.0092 0.0044 0.7954 0.1910 
1301     1301   (0)     14 :  0.0012 0.0010 0.7980 0.1998 
1302     1302   (0)     14 :  0.0024 0.0010 0.7976 0.1990 
1303     1303   (0)     14 :  0.0022 0.0020 0.7958 0.2000 
1304     1304   (0)     14 :  0.0014 0.0010 0.7980 0.1996 
1305     1305   (0)     14 :  0.0028 0.0010 0.7974 0.1988 
1306     1306   (0)     14 :  0.0032 0.0012 0.7964 0.1992 
1307     1307   (0)     14 :  0.0026 0.0010 0.7982 0.1982 
1308     1308   (0)     14 :  0.0018 0.0012 0.7974 0.1996 
1309     1309   (0)     14 :  0.0022 0.0012 0.7976 0.1990 
1310     1310   (0)     14 :  0.0030 0.0044 0.7940 0.1986 
1311     1311   (0)     14 :  0.0026 0.0020 0.7966 0.1988 
1312     1312   (0)     14 :  0.0022 0.0022 0.7966 0.1990 
1313     1313   (0)     14 :  0.0028 0.0022 0.7964 0.1986 
1314     1314   (0)     14 :  0.0024 0.0048 0.7942 0.1986 
1315     1315   (0)     14 :  0.0016 0.0022 0.7970 0.1992 
1316     1316   (0)     14 :  0.0022 0.0016 0.7968 0.1994 
1317     1317   (0)     14 :  0.0054 0.0020 0.7962 0.1964 
1318     1318   (0)     14 :  0.0038 0.0028 0.7918 0.2016 
1319     1319   (0)     14 :  0.0026 0.0018 0.7966 0.1990 
1320     1320   (0)     14 :  0.0022 0.0010 0.7966 0.2002 
1321     1321   (0)     14 :  0.0022 0.0020 0.7956 0.2002 
1322     1322   (0)     14 :  0.0022 0.0030 0.7950 0.1998 
1323     1323   (0)     14 :  0.0018 0.0012 0.7968 0.2002 
1324     1324   (0)     14 :  0.0024 0.0012 0.7964 0.2000 
1325     1325   (0)     14 :  0.0026 0.0010 0.7972 0.1992 
1326     1326   (0)     14 :  0.0028 0.0010 0.7980 0.1982 
1327     1327   (0)     14 :  0.0012 0.0010 0.7980 0.1998 
1328     1328   (0)     14 :  0.0040 0.0036 0.7926 0.1998 
1329     1329   (0)     14 :  0.0016 0.0010 0.7980 0.1994 
1330     1330   (0)     14 :  0.0024 0.0012 0.7972 0.1992 
1331     1331   (0)     14 :  0.0012 0.0010 0.7972 0.2006 
1332     1332   (0)     14 :  0.0022 0.0010 0.7964 0.2004 
1333     1333   (0)     14 :  0.0018 0.0012 0.7976 0.1994 
1334     1334   (0)     14 :  0.0024 0.0010 0.7974 0.1992 
1335     1335   (0)     14 :  0.0024 0.0010 0.7974 0.1992 
1336     1336   (0)     14 :  0.0024 0.0020 0.7956 0.2000 
1337     1337   (0)     14 :  0.0038 0.0016 0.7960 0.1986 
1338     1338   (0)     14 :  0.0018 0.0012 0.7976 0.1994 
1339     1339   (0)     14 :  0.0020 0.0084 0.7912 0.1984 
1340     1340   (0)     14 :  0.0032 0.0088 0.7878 0.2002 
1341     1341   (0)     14 :  0.0024 0.0010 0.7972 0.1994 
1342     1342   (0)     14 :  0.0034 0.0010 0.7972 0.1984 
1343     1343   (0)     14 :  0.0012 0.0010 0.7980 0.1998 
1344     1344   (0)     14 :  0.0020 0.0020 0.7970 0.1990 
1345     1345   (0)     14 :  0.0024 0.0010 0.7974 0.1992 
1346     1346   (0)     14 :  0.0022 0.0020 0.7964 0.1994 
1347     1347   (0)     14 :  0.0024 0.0022 0.7958 0.1996 
1348     1348   (0)     14 :  0.0014 0.0020 0.7974 0.1992 
1349     1349   (0)     14 :  0.0032 0.0060 0.7898 0.2010 
1350     1350   (0)     14 :  0.0042 0.0066 0.7888 0.2004 
1351     1351   (0)     14 :  0.0014 0.0010 0.7980 0.1996 
1352     1352   (0)     14 :  0.0012 0.0010 0.7980 0.1998 
1353     1353   (0)     14 :  0.0016 0.0024 0.7962 0.1998 
1354     1354   (0)     14 :  0.0022 0.0012 0.7974 0.1992 
1355     1355   (0)     14 :  0.0030 0.0016 0.7978 0.1976 
1356     1356   (0)     14 :  0.0020 0.0010 0.7976 0.1994 
1357     1357   (0)     14 :  0.0020 0.0012 0.7976 0.1992 
1358     1358   (0)     14 :  0.0012 0.0010 0.7980 0.1998 
1359     1359   (0)     14 :  0.0034 0.0012 0.7978 0.1976 
1360     1360   (0)     14 :  0.0028 0.0016 0.7976 0.1980 
1361     1361   (0)     14 :  0.0014 0.0012 0.7982 0.1992 
1362     1362   (0)     14 :  0.0030 0.0010 0.7960 0.2000 
1363     1363   (0)     14 :  0.0024 0.0016 0.7966 0.1994 
1364     1364   (0)     14 :  0.0020 0.0014 0.7960 0.2006 
1365     1365   (0)     14 :  0.0052 0.0016 0.7970 0.1962 
1366     1366   (0)     14 :  0.0024 0.0010 0.7974 0.1992 
1367     1367   (0)     14 :  0.0160 0.0112 0.7788 0.1940 
1368     1368   (0)     14 :  0.0024 0.0020 0.7966 0.1990 
1369     1369   (0)     14 :  0.0026 0.0022 0.7970 0.1982 
1370     1370   (0)     14 :  0.0014 0.0012 0.7980 0.1994 
1371     1371   (0)     14 :  0.0020 0.0010 0.7974 0.1996 
1372     1372   (0)     14 :  0.0018 0.0010 0.7972 0.2000 
1373     1373   (0)     14 :  0.0024 0.0020 0.7956 0.2000 
1374     1374   (0)     14 :  0.0018 0.0010 0.7976 0.1996 
1375     1375   (0)     14 :  0.0040 0.0062 0.7894 0.2004 
1376     1376   (0)     14 :  0.0064 0.0020 0.7964 0.1952 
1377     1377   (0)     14 :  0.0032 0.0040 0.7906 0.2022 
1378     1378   (0)     14 :  0.0024 0.0022 0.7978 0.1976 
1379     1379   (0)     14 :  0.0022 0.0014 0.7962 0.2002 
1380     1380   (0)     14 :  0.0022 0.0014 0.7962 0.2002 
1381     1381   (0)     14 :  0.0022 0.0010 0.7974 0.1994 
1382     1382   (0)     14 :  0.0024 0.0014 0.7972 0.1990 
1383     1383   (0)     14 :  0.0026 0.0016 0.7972 0.1986 
1384     1384   (0)     14 :  0.0014 0.0012 0.7980 0.1994 
1385     1385   (0)     14 :  0.0022 0.0020 0.7956 0.2002 
1386     1386   (0)     14 :  0.0052 0.0024 0.7970 0.1954 
1387     1387   (0)     14 :  0.0026 0.0012 0.7974 0.1988 
1388     1388   (0)     14 :  0.0014 0.0012 0.7982 0.1992 
1389     1389   (0)     14 :  0.0032 0.0020 0.7968 0.1980 
1390     1390   (0)     14 :  0.0012 0.0010 0.7974 0.2004 
1391     1391   (0)     14 :  0.0046 0.0010 0.7992 0.1952 
1392     1392   (0)     14 :  0.0036 0.0030 0.7944 0.1990 
1393     1393   (0)     14 :  0.0028 0.0016 0.7968 0.1988 
1394     1394   (0)     14 :  0.0020 0.0012 0.7964 0.2004 
1395     1395   (0)     14 :  0.0024 0.0012 0.7972 0.1992 
1396     1396   (0)     14 :  0.0014 0.0012 0.7980 0.1994 
1397     1397   (0)     14 :  0.0030 0.0022 0.7960 0.1988 
1398     1398   (0)     14 :  0.0028 0.0012 0.7972 0.1988 
1399     1399   (0)     14 :  0.0026 0.0010 0.7964 0.2000 
1400     1400   (0)     14 :  0.0020 0.0020 0.7956 0.2004 
1401     1401   (0)     14 :  0.0022 0.0012 0.7958 0.2008 
1402     1402   (0)     14 :  0.0022 0.0020 0.7966 0.1992 
1403     1403   (0)     14 :  0.0030 0.0028 0.7934 0.2008 
1404     1404   (0)     14 :  0.0026 0.0022 0.7964 0.1988 
1405     1405   (0)     14 :  0.0012 0.0010 0.7972 0.2006 
1406     1406   (0)     14 :  0.0022 0.0032 0.7952 0.1994 
1407     1407   (0)     14 :  0.0032 0.0020 0.7960 0.1988 
1408     1408   (0)     14 :  0.0028 0.0012 0.7964 0.1996 
1409     1409   (0)     14 :  0.0036 0.0022 0.7950 0.1992 
1410     1410   (0)     14 :  0.0020 0.0030 0.7950 0.2000 
1411     1411   (0)     14 :  0.0016 0.0010 0.7960 0.2014 
1412     1412   (0)     14 :  0.0052 0.0028 0.7932 0.1988 
1413     1413   (0)     14 :  0.0028 0.0012 0.7976 0.1984 
1414     1414   (0)     14 :  0.0050 0.0040 0.7894 0.2016 
1415     1415   (0)     14 :  0.0168 0.0028 0.7930 0.1874 
1416     1416   (0)     14 :  0.0030 0.0020 0.7956 0.1994 
1417     1417   (0)     14 :  0.0012 0.0012 0.7982 0.1994 
1418     1418   (0)     14 :  0.0026 0.0020 0.7966 0.1988 
1419     1419   (0)     14 :  0.0024 0.0012 0.7974 0.1990 
1420     1420   (0)     14 :  0.0014 0.0012 0.7984 0.1990 
1421     1421   (0)     14 :  0.0040 0.0024 0.7952 0.1984 
1422     1422   (0)     14 :  0.0022 0.0020 0.7956 0.2002 
1423     1423   (0)     14 :  0.0012 0.0010 0.7980 0.1998 
1424     1424   (0)     14 :  0.0022 0.0012 0.7972 0.1994 
1425     1425   (0)     14 :  0.0014 0.0012 0.7980 0.1994 
1426     1426   (0)     14 :  0.0022 0.0016 0.7970 0.1992 
1427     1427   (0)     14 :  0.0042 0.0042 0.7942 0.1974 
1428     1428   (0)     14 :  0.0086 0.0036 0.7928 0.1950 
1429     1429   (0)     14 :  0.0020 0.0010 0.7976 0.1994 
1430     1430   (0)     14 :  0.0084 0.0058 0.7900 0.1958 
1431     1431   (0)     14 :  0.0028 0.0018 0.7952 0.2002 
1432     1432   (0)     14 :  0.0032 0.0028 0.7954 0.1986 
1433     1433   (0)     14 :  0.0028 0.0014 0.7960 0.1998 
1434     1434   (0)     14 :  0.0030 0.0012 0.7976 0.1982 
1435     1435   (0)     14 :  0.0032 0.0018 0.7952 0.1998 
1436     1436   (0)     14 :  0.0064 0.0024 0.7992 0.1920 
1437     1437   (0)     14 :  0.0018 0.0010 0.7984 0.1988 
1438     1438   (0)     14 :  0.0012 0.0010 0.7972 0.2006 
1439     1439   (0)     14 :  0.0032 0.0028 0.7942 0.1998 
1440     1440   (0)     14 :  0.0022 0.0012 0.7972 0.1994 
1441     1441   (0)     14 :  0.0020 0.0010 0.7964 0.2006 
1442     1442   (0)     14 :  0.0012 0.0010 0.7980 0.1998 
1443     1443   (0)     14 :  0.0024 0.0010 0.7972 0.1994 
1444     1444   (0)     14 :  0.0022 0.0020 0.7958 0.2000 
1445     1445   (0)     14 :  0.0014 0.0020 0.7964 0.2002 
1446     1446   (0)     14 :  0.0024 0.0022 0.7990 0.1964 
1447     1447   (0)     14 :  0.0044 0.0086 0.7890 0.1980 
1448     1448   (0)     14 :  0.0024 0.0026 0.7968 0.1982 
1449     1449   (0)     14 :  0.0024 0.0020 0.7958 0.1998 
1450     1450   (0)     14 :  0.0022 0.0020 0.7968 0.1990 
1451     1451   (0)     14 :  0.0032 0.0010 0.7972 0.1986 
1452     1452   (0)     14 :  0.0018 0.0012 0.7976 0.1994 
1453     1453   (0)     14 :  0.0012 0.0012 0.7984 0.1992 
1454     1454   (0)     14 :  0.0018 0.0022 0.7974 0.1986 
1455     1455   (0)     14 :  0.0012 0.0012 0.7980 0.1996 
1456     1456   (0)     14 :  0.0024 0.0012 0.7976 0.1988 
1457     1457   (0)     14 :  0.0020 0.0022 0.7956 0.2002 
1458     1458   (0)     14 :  0.0026 0.0016 0.7970 0.1988 
1459     1459   (0)     14 :  0.0032 0.0028 0.7944 0.1996 
1460     1460   (0)     14 :  0.0026 0.0010 0.7974 0.1990 
1461     1461   (0)     14 :  0.0014 0.0010 0.7980 0.1996 
1462     1462   (0)     14 :  0.0028 0.0020 0.7964 0.1988 
1463     1463   (0)     14 :  0.0018 0.0012 0.7976 0.1994 
1464     1464   (0)     14 :  0.0024 0.0010 0.7964 0.2002 
1465     1465   (0)     14 :  0.0038 0.0014 0.7954 0.1994 
1466     1466   (0)     14 :  0.0026 0.0010 0.7976 0.1988 
1467     1467   (0)     14 :  0.0026 0.0038 0.7942 0.1994 
1468     1468   (0)     14 :  0.0072 0.0064 0.7962 0.1902 
1469     1469   (0)     14 :  0.0030 0.0022 0.7960 0.1988 
1470     1470   (0)     14 :  0.0014 0.0012 0.7980 0.1994 
1471     1471   (0)     14 :  0.0024 0.0020 0.7962 0.1994 
1472     1472   (0)     14 :  0.0130 0.0028 0.7940 0.1902 
1473     1473   (0)     14 :  0.0028 0.0024 0.7972 0.1976 
1474     1474   (0)     14 :  0.0018 0.0010 0.7976 0.1996 
1475     1475   (0)     14 :  0.0024 0.0010 0.7976 0.1990 
1476     1476   (5)     15 :  0.0016 0.9944 0.0024 0.0016 
1477     1477   (0)     15 :  0.0020 0.9952 0.0016 0.0012 
1478     1478   (0)     15 :  0.0026 0.9924 0.0030 0.0020 
1479     1479   (0)     15 :  0.0020 0.9954 0.0012 0.0014 
1480     1480   (5)     15 :  0.0044 0.9838 0.0094 0.0024 
1481     1481   (0)     15 :  0.0014 0.9956 0.0016 0.0014 
1482     1482   (0)     15 :  0.0016 0.9926 0.0018 0.0040 
1483     1483   (0)     15 :  0.0020 0.9948 0.0018 0.0014 
1484     1484   (0)     15 :  0.0020 0.9936 0.0022 0.0022 
1485     1485   (0)     15 :  0.0010 0.9946 0.0020 0.0024 
1486     1486   (0)     15 :  0.0016 0.9960 0.0010 0.0014 
1487     1487   (0)     15 :  0.0020 0.9954 0.0012 0.0014 
1488     1488   (5)     15 :  0.0030 0.9922 0.0020 0.0028 
1489     1489   (0)     15 :  0.0010 0.9956 0.0020 0.0014 
1490     1490   (0)     15 :  0.0020 0.9948 0.0012 0.0020 
1491     1491   (0)     15 :  0.0010 0.9970 0.0010 0.0010 
1492     1492   (0)     15 :  0.0032 0.9932 0.0012 0.0024 
1493     1493   (0)     15 :  0.0018 0.9948 0.0022 0.0012 
1494     1494   (0)     15 :  0.0020 0.9920 0.0038 0.0022 
1495     1495   (0)     15 :  0.0098 0.9830 0.0046 0.0026 
1496     1496   (0)     15 :  0.0020 0.9946 0.0014 0.0020 
1497     1497   (0)     15 :  0.0020 0.9950 0.0020 0.0010 
1498     1498   (0)     15 :  0.0052 0.9880 0.0046 0.0022 
1499     1499   (0)     15 :  0.0038 0.9866 0.0036 0.0060 
1500     1500   (0)     15 :  0.0014 0.9952 0.0020 0.0014 
1501     1501   (0)     15 :  0.0036 0.9886 0.0054 0.0024 
1502     1502   (0)     15 :  0.0020 0.9950 0.0016 0.0014 
1503     1503   (0)     16 :  0.0024 0.9942 0.0022 0.0012 
1504     1504   (0)     16 :  0.0018 0.9954 0.0018 0.0010 
1505     1505   (0)     16 :  0.0030 0.9918 0.0026 0.0026 
1506     1506   (0)     16 :  0.0020 0.9946 0.0020 0.0014 
1507     1507   (0)     16 :  0.0020 0.9954 0.0012 0.0014 
1508     1508   (0)     16 :  0.0024 0.9930 0.0014 0.0032 
1509     1509   (0)     16 :  0.0026 0.9928 0.0026 0.0020 
1510     1510   (0)     16 :  0.0018 0.9958 0.0014 0.0010 
1511     1511   (0)     16 :  0.0010 0.9966 0.0010 0.0014 
1512     1512   (0)     16 :  0.0010 0.9964 0.0012 0.0014 
1513     1513   (0)     16 :  0.0010 0.9964 0.0012 0.0014 
1514     1514   (0)     16 :  0.0020 0.9934 0.0026 0.0020 
1515     1515   (0)     16 :  0.0026 0.9928 0.0026 0.0020 
1516     1516   (0)     16 :  0.0056 0.9902 0.0022 0.0020 
1517     1517   (0)     16 :  0.0020 0.9944 0.0020 0.0016 
1518     1518   (0)     16 :  0.0020 0.9944 0.0020 0.0016 
1519     1519   (0)     16 :  0.0028 0.9930 0.0022 0.0020 
1520     1520   (0)     16 :  0.0018 0.9950 0.0016 0.0016 
1521     1521   (0)     16 :  0.0020 0.9942 0.0022 0.0016 
1522     1522   (0)     16 :  0.0020 0.9942 0.0020 0.0018 
1523     1523   (0)     16 :  0.0014 0.9932 0.0022 0.0032 
1524     1524   (0)     16 :  0.0020 0.9936 0.0024 0.0020 
1525     1525   (0)     16 :  0.0010 0.9946 0.0010 0.0034 
1526     1526   (0)     16 :  0.0030 0.9920 0.0034 0.0016 
1527     1527   (0)     16 :  0.0020 0.9936 0.0016 0.0028 
1528     1528   (0)     16 :  0.0020 0.9930 0.0022 0.0028 
1529     1529   (0)     16 :  0.0026 0.9940 0.0016 0.0018 
1530     1530   (0)     16 :  0.0020 0.9958 0.0012 0.0010 
1531     1531   (0)     16 :  0.0010 0.9960 0.0016 0.0014 
1532     1532   (0)     16 :  0.0026 0.9920 0.0024 0.0030 
1533     1533   (0)     16 :  0.0014 0.9962 0.0010 0.0014 
1534     1534   (0)     16 :  0.0020 0.9956 0.0014 0.0010 
1535     1535   (0)     16 :  0.0020 0.9934 0.0022 0.0024 
1536     1536   (0)     16 :  0.0036 0.9878 0.0046 0.0040 
1537     1537   (0)     16 :  0.0010 0.9970 0.0010 0.0010 
1538     1538   (0)     16 :  0.0020 0.9944 0.0012 0.0024 
1539     1539   (0)     16 :  0.0020 0.9926 0.0028 0.0026 
1540     1540   (0)     16 :  0.0014 0.9934 0.0016 0.0036 
1541     1541   (0)     16 :  0.0020 0.9940 0.0020 0.0020 
1542     1542   (0)     16 :  0.0026 0.9864 0.0078 0.0032 
1543     1543   (0)     16 :  0.0014 0.9952 0.0014 0.0020 
1544     1544   (0)     16 :  0.0018 0.9952 0.0018 0.0012 
1545     1545   (0)     16 :  0.0026 0.9944 0.0020 0.0010 
1546     1546   (0)     16 :  0.0024 0.9942 0.0012 0.0022 
1547     1547   (0)     16 :  0.0010 0.9958 0.0014 0.0018 
1548     1548   (0)     16 :  0.0020 0.9936 0.0024 0.0020 
1549     1549   (0)     16 :  0.0014 0.9962 0.0014 0.0010 
1550     1550   (0)     16 :  0.0026 0.9932 0.0022 0.0020 
1551     1551   (0)     16 :  0.0014 0.9962 0.0010 0.0014 
1552     1552   (0)     16 :  0.0012 0.9964 0.0014 0.0010 
1553     1553   (0)     16 :  0.0014 0.9954 0.0016 0.0016 
1554     1554   (0)     16 :  0.0020 0.9942 0.0018 0.0020 
1555     1555   (0)     16 :  0.0020 0.9930 0.0030 0.0020 
1556     1556   (0)     16 :  0.0016 0.9954 0.0020 0.0010 
1557     1557   (0)     16 :  0.0020 0.9936 0.0020 0.0024 
1558     1558   (0)     16 :  0.0020 0.9940 0.0020 0.0020 
1559     1559   (0)     16 :  0.0020 0.9938 0.0026 0.0016 
1560     1560   (0)     16 :  0.0026 0.9922 0.0024 0.0028 
1561     1561   (0)     16 :  0.0026 0.9870 0.0040 0.0064 
1562     1562   (0)     16 :  0.0010 0.9964 0.0012 0.0014 
1563     1563   (0)     16 :  0.0020 0.9948 0.0018 0.0014 
1564     1564   (0)     16 :  0.0030 0.9920 0.0022 0.0028 
1565     1565   (0)     16 :  0.0020 0.9946 0.0014 0.0020 
1566     1566   (0)     16 :  0.0020 0.9948 0.0022 0.0010 
1567     1567   (0)     16 :  0.0018 0.9956 0.0012 0.0014 
1568     1568   (0)     16 :  0.0042 0.9858 0.0076 0.0024 
1569     1569   (0)     16 :  0.0020 0.9948 0.0014 0.0018 
1570     1570   (0)     16 :  0.0024 0.9924 0.0032 0.0020 
1571     1571   (0)     16 :  0.0010 0.9946 0.0012 0.0032 
1572     1572   (0)     16 :  0.0020 0.9932 0.0020 0.0028 
1573     1573   (0)     16 :  0.0026 0.9938 0.0024 0.0012 
1574     1574   (0)     16 :  0.0020 0.9950 0.0020 0.0010 
1575     1575   (0)     16 :  0.0020 0.9940 0.0020 0.0020 
1576     1576   (0)     16 :  0.0024 0.9940 0.0020 0.0016 
1577     1577   (0)     16 :  0.0026 0.9926 0.0026 0.0022 
1578     1578   (0)     16 :  0.0020 0.9936 0.0024 0.0020 
1579     1579   (0)     16 :  0.0022 0.9938 0.0020 0.0020 
1580     1580   (0)     16 :  0.0014 0.9962 0.0010 0.0014 
1581     1581   (0)     16 :  0.0020 0.9938 0.0020 0.0022 
1582     1582   (0)     16 :  0.0032 0.9932 0.0024 0.0012 
1583     1583   (0)     16 :  0.0020 0.9948 0.0022 0.0010 
1584     1584   (0)     16 :  0.0010 0.9954 0.0020 0.0016 
1585     1585   (0)     16 :  0.0020 0.9932 0.0024 0.0024 
1586     1586   (0)     16 :  0.0020 0.9944 0.0016 0.0020 
1587     1587   (0)     16 :  0.0024 0.9946 0.0020 0.0010 
1588     1588   (0)     16 :  0.0020 0.9948 0.0014 0.0018 
1589     1589   (0)     16 :  0.0024 0.9934 0.0022 0.0020 
1590     1590   (0)     16 :  0.0018 0.9956 0.0012 0.0014 
1591     1591   (0)     16 :  0.0020 0.9944 0.0020 0.0016 
1592     1592   (0)     16 :  0.0020 0.9936 0.0020 0.0024 
1593     1593   (0)     16 :  0.0020 0.9948 0.0016 0.0016 
1594     1594   (0)     16 :  0.0020 0.9936 0.0020 0.0024 
1595     1595   (0)     16 :  0.0018 0.9946 0.0020 0.0016 
1596     1596   (0)     16 :  0.0018 0.9960 0.0012 0.0010 
1597     1597   (0)     16 :  0.0020 0.9942 0.0014 0.0024 
1598     1598   (0)     16 :  0.0014 0.9962 0.0014 0.0010 
1599     1599   (0)     16 :  0.0014 0.9952 0.0016 0.0018 
1600     1600   (0)     16 :  0.0020 0.9948 0.0020 0.0012 
1601     1601   (0)     16 :  0.0020 0.9958 0.0012 0.0010 
1602     1602   (0)     16 :  0.0020 0.9942 0.0026 0.0012 
1603     1603   (0)     16 :  0.0020 0.9958 0.0012 0.0010 
1604     1604   (0)     16 :  0.0036 0.9922 0.0026 0.0016 
1605     1605   (0)     16 :  0.0020 0.9942 0.0022 0.0016 
1606     1606   (0)     16 :  0.0020 0.9946 0.0020 0.0014 
1607     1607   (0)     16 :  0.0020 0.9942 0.0022 0.0016 
1608     1608   (0)     16 :  0.0014 0.9948 0.0022 0.0016 
1609     1609   (0)     16 :  0.0020 0.9944 0.0012 0.0024 
1610     1610   (0)     16 :  0.0010 0.9966 0.0014 0.0010 
1611     1611   (0)     16 :  0.0020 0.9938 0.0022 0.0020 
1612     1612   (0)     16 :  0.0020 0.9956 0.0014 0.0010 
1613     1613   (0)     16 :  0.0010 0.9958 0.0016 0.0016 
1614     1614   (0)     16 :  0.0014 0.9948 0.0012 0.0026 
1615     1615   (0)     16 :  0.0030 0.9928 0.0022 0.0020 
1616     1616   (0)     16 :  0.0014 0.9964 0.0012 0.0010 
1617     1617   (0)     16 :  0.0014 0.9962 0.0010 0.0014 
1618     1618   (0)     16 :  0.0014 0.9960 0.0016 0.0010 
1619     1619   (0)     16 :  0.0020 0.9948 0.0020 0.0012 
1620     1620   (0)     16 :  0.0020 0.9940 0.0020 0.0020 
1621     1621   (0)     16 :  0.0020 0.9940 0.0020 0.0020 
1622     1622   (0)     16 :  0.0014 0.9946 0.0020 0.0020 
1623     1623   (0)     16 :  0.0020 0.9940 0.0024 0.0016 
1624     1624   (0)     16 :  0.0030 0.9926 0.0020 0.0024 
1625     1625   (0)     16 :  0.0020 0.9948 0.0020 0.0012 
1626     1626   (0)     16 :  0.0024 0.9942 0.0022 0.0012 
1627     1627   (0)     16 :  0.0020 0.9938 0.0022 0.0020 
1628     1628   (0)     16 :  0.0020 0.9918 0.0016 0.0046 
1629     1629   (0)     16 :  0.0020 0.9944 0.0020 0.0016 
1630     1630   (0)     16 :  0.0020 0.9906 0.0046 0.0028 
1631     1631   (0)     16 :  0.0016 0.9958 0.0012 0.0014 
1632     1632   (0)     16 :  0.0020 0.9946 0.0014 0.0020 
1633     1633   (0)     16 :  0.0020 0.9932 0.0020 0.0028 
1634     1634   (0)     16 :  0.0020 0.9940 0.0020 0.0020 
1635     1635   (0)     16 :  0.0020 0.9954 0.0016 0.0010 
1636     1636   (0)     16 :  0.0020 0.9940 0.0024 0.0016 
1637     1637   (0)     16 :  0.0016 0.9952 0.0018 0.0014 
1638     1638   (0)     16 :  0.0038 0.9930 0.0018 0.0014 
1639     1639   (0)     16 :  0.0020 0.9904 0.0054 0.0022 
1640     1640   (0)     16 :  0.0026 0.9924 0.0034 0.0016 
1641     1641   (0)     16 :  0.0014 0.9960 0.0012 0.0014 
1642     1642   (0)     16 :  0.0020 0.9944 0.0022 0.0014 
1643     1643   (0)     16 :  0.0020 0.9946 0.0018 0.0016 
1644     1644   (0)     16 :  0.0024 0.9936 0.0028 0.0012 
1645     1645   (0)     16 :  0.0020 0.9950 0.0016 0.0014 
1646     1646   (0)     16 :  0.0026 0.9920 0.0024 0.0030 
1647     1647   (0)     16 :  0.0030 0.9924 0.0022 0.0024 
1648     1648   (0)     16 :  0.0030 0.9942 0.0014 0.0014 
1649     1649   (0)     16 :  0.0020 0.9944 0.0018 0.0018 
1650     1650   (0)     16 :  0.0020 0.9952 0.0014 0.0014 
1651     1651   (0)     16 :  0.0020 0.9938 0.0022 0.0020 
1652     1652   (0)     16 :  0.0010 0.9966 0.0010 0.0014 
1653     1653   (0)     16 :  0.0014 0.9954 0.0014 0.0018 
1654     1654   (0)     16 :  0.0014 0.9962 0.0014 0.0010 
1655     1655   (0)     16 :  0.0018 0.9956 0.0012 0.0014 
1656     1656   (0)     16 :  0.0020 0.9954 0.0012 0.0014 
1657     1657   (0)     16 :  0.0020 0.9928 0.0028 0.0024 
1658     1658   (0)     16 :  0.0034 0.9930 0.0016 0.0020 
1659     1659   (0)     16 :  0.0010 0.9966 0.0010 0.0014 
1660     1660   (0)     16 :  0.0026 0.9938 0.0020 0.0016 
1661     1661   (0)     16 :  0.0020 0.9924 0.0022 0.0034 
1662     1662   (0)     16 :  0.0016 0.9952 0.0022 0.0010 
1663     1663   (0)     16 :  0.0022 0.9930 0.0024 0.0024 
1664     1664   (0)     16 :  0.0020 0.9954 0.0012 0.0014 
1665     1665   (0)     16 :  0.0020 0.9936 0.0020 0.0024 
1666     1666   (0)     16 :  0.0020 0.9940 0.0016 0.0024 
1667     1667   (0)     16 :  0.0020 0.9958 0.0012 0.0010 
1668     1668   (0)     16 :  0.0018 0.9944 0.0018 0.0020 
1669     1669   (0)     16 :  0.0020 0.9938 0.0018 0.0024 
1670     1670   (0)     16 :  0.0030 0.9920 0.0022 0.0028 
1671     1671   (0)     16 :  0.0020 0.9942 0.0010 0.0028 
1672     1672   (0)     16 :  0.0020 0.9920 0.0038 0.0022 
1673     1673   (0)     16 :  0.0020 0.9932 0.0028 0.0020 
1674     1674   (0)     16 :  0.0018 0.9946 0.0022 0.0014 
1675     1675   (0)     16 :  0.0020 0.9934 0.0026 0.0020 
1676     1676   (0)     16 :  0.0024 0.9886 0.0020 0.0070 
1677     1677   (0)     16 :  0.0020 0.9936 0.0020 0.0024 
1678     1678   (0)     16 :  0.0020 0.9932 0.0022 0.0026 
1679     1679   (0)     16 :  0.0018 0.9950 0.0020 0.0012 
1680     1680   (0)     16 :  0.0010 0.9968 0.0012 0.0010 
1681     1681   (0)     16 :  0.0036 0.9922 0.0022 0.0020 
1682     1682   (0)     16 :  0.0020 0.9922 0.0020 0.0038 
1683     1683   (0)     16 :  0.0020 0.9952 0.0014 0.0014 
1684     1684   (0)     16 :  0.0020 0.9936 0.0020 0.0024 
1685     1685   (0)     16 :  0.0026 0.9898 0.0048 0.0028 
1686     1686   (0)     16 :  0.0010 0.9964 0.0012 0.0014 
1687     1687   (0)     16 :  0.0030 0.9930 0.0020 0.0020 
1688     1688   (0)     16 :  0.0014 0.9944 0.0022 0.0020 
1689     1689   (0)     16 :  0.0020 0.9942 0.0014 0.0024 
1690     1690   (0)     16 :  0.0020 0.9842 0.0028 0.0110 
1691     1691   (0)     16 :  0.0026 0.9924 0.0038 0.0012 
1692     1692   (0)     16 :  0.0020 0.9930 0.0024 0.0026 
1693     1693   (0)     16 :  0.0026 0.9940 0.0018 0.0016 
1694     1694   (0)     16 :  0.0026 0.9926 0.0024 0.0024 
1695     1695   (0)     16 :  0.0024 0.9804 0.0058 0.0114 
1696     1696   (0)     16 :  0.0014 0.9964 0.0012 0.0010 
1697     1697   (0)     16 :  0.0020 0.9942 0.0022 0.0016 
1698     1698   (0)     16 :  0.0020 0.9936 0.0024 0.0020 
1699     1699   (0)     16 :  0.0034 0.9850 0.0034 0.0082 
1700     1700   (0)     16 :  0.0024 0.9884 0.0030 0.0062 
1701     1701   (0)     16 :  0.0020 0.9948 0.0018 0.0014 
1702     1702   (0)     16 :  0.0030 0.9928 0.0022 0.0020 
1703     1703   (0)     16 :  0.0010 0.9966 0.0010 0.0014 
1704     1704   (0)     16 :  0.0030 0.9910 0.0038 0.0022 
1705     1705   (0)     16 :  0.0020 0.9932 0.0012 0.0036 
1706     1706   (0)     16 :  0.0020 0.9938 0.0022 0.0020 
1707     1707   (0)     16 :  0.0020 0.9934 0.0022 0.0024 
1708     1708   (0)     16 :  0.0034 0.9914 0.0040 0.0012 
1709     1709   (0)     16 :  0.0036 0.9884 0.0048 0.0032 
1710     1710   (0)     16 :  0.0020 0.9950 0.0016 0.0014 
1711     1711   (0)     16 :  0.0020 0.9940 0.0020 0.0020 
1712     1712   (0)     16 :  0.0022 0.9924 0.0032 0.0022 
1713     1713   (0)     16 :  0.0018 0.9938 0.0020 0.0024 
1714     1714   (0)     16 :  0.0010 0.9958 0.0012 0.0020 
1715     1715   (0)     16 :  0.0052 0.9880 0.0046 0.0022 
1716     1716   (0)     16 :  0.0010 0.9964 0.0012 0.0014 
1717     1717   (0)     16 :  0.0020 0.9938 0.0022 0.0020 
1718     1718   (0)     16 :  0.0020 0.9956 0.0014 0.0010 
1719     1719   (0)     16 :  0.0020 0.9936 0.0024 0.0020 
1720     1720   (0)     16 :  0.0016 0.9960 0.0014 0.0010 
1721     1721   (0)     16 :  0.0022 0.9948 0.0016 0.0014 
1722     1722   (0)     16 :  0.0010 0.9964 0.0012 0.0014 
1723     1723   (0)     16 :  0.0026 0.9930 0.0024 0.0020 
1724     1724   (0)     16 :  0.0020 0.9950 0.0016 0.0014 
1725     1725   (0)     16 :  0.0020 0.9944 0.0020 0.0016 
1726     1726   (0)     16 :  0.0024 0.9952 0.0010 0.0014 
1727     1727   (0)     16 :  0.0020 0.9954 0.0016 0.0010 
1728     1728   (0)     16 :  0.0020 0.9956 0.0014 0.0010 
1729     1729   (0)     16 :  0.0020 0.9940 0.0016 0.0024 
1730     1730   (0)     16 :  0.0030 0.9918 0.0022 0.0030 
1731     1731   (0)     16 :  0.0020 0.9950 0.0016 0.0014 
1732     1732   (0)     16 :  0.0026 0.9930 0.0024 0.0020 
1733     1733   (0)     16 :  0.0014 0.9946 0.0020 0.0020 
1734     1734   (0)     16 :  0.0020 0.9948 0.0016 0.0016 
1735     1735   (0)     16 :  0.0014 0.9964 0.0012 0.0010 
1736     1736   (0)     16 :  0.0020 0.9918 0.0028 0.0034 
1737     1737   (0)     16 :  0.0024 0.9952 0.0014 0.0010 
1738     1738   (0)     16 :  0.0014 0.9966 0.0010 0.0010 
1739     1739   (0)     16 :  0.0018 0.9952 0.0012 0.0018 
1740     1740   (0)     16 :  0.0014 0.9946 0.0010 0.0030 
1741     1741   (0)     16 :  0.0028 0.9926 0.0022 0.0024 
1742     1742   (0)     16 :  0.0014 0.9954 0.0016 0.0016 
1743     1743   (0)     16 :  0.0020 0.9956 0.0014 0.0010 
1744     1744   (0)     16 :  0.0014 0.9964 0.0012 0.0010 
1745     1745   (0)     16 :  0.0018 0.9952 0.0012 0.0018 
1746     1746   (0)     16 :  0.0024 0.9932 0.0024 0.0020 
1747     1747   (0)     16 :  0.0024 0.9938 0.0022 0.0016 
1748     1748   (0)     16 :  0.0014 0.9956 0.0020 0.0010 
1749     1749   (0)     16 :  0.0010 0.9968 0.0012 0.0010 
1750     1750   (0)     16 :  0.0014 0.9952 0.0018 0.0016 
1751     1751   (0)     16 :  0.0018 0.9946 0.0020 0.0016 
1752     1752   (0)     16 :  0.0024 0.9942 0.0018 0.0016 
1753     1753   (0)     16 :  0.0026 0.9896 0.0036 0.0042 
1754     1754   (0)     16 :  0.0014 0.9942 0.0020 0.0024 
1755     1755   (0)     16 :  0.0018 0.9942 0.0020 0.0020 
1756     1756   (0)     16 :  0.0020 0.9924 0.0026 0.0030 
1757     1757   (0)     16 :  0.0036 0.9902 0.0034 0.0028 
1758     1758   (0)     16 :  0.0024 0.9932 0.0020 0.0024 
1759     1759   (0)     16 :  0.0024 0.9942 0.0022 0.0012 
1760     1760   (0)     16 :  0.0020 0.9938 0.0022 0.0020 
1761     1761   (0)     16 :  0.0020 0.9938 0.0022 0.0020 
1762     1762   (0)     16 :  0.0020 0.9954 0.0016 0.0010 
1763     1763   (0)     16 :  0.0020 0.9946 0.0014 0.0020 
1764     1764   (0)     16 :  0.0014 0.9960 0.0012 0.0014 
1765     1765   (0)     16 :  0.0020 0.9958 0.0012 0.0010 
1766     1766   (0)     16 :  0.0010 0.9968 0.0012 0.0010 
1767     1767   (0)     16 :  0.0032 0.9874 0.0054 0.0040 
1768     1768   (0)     16 :  0.0030 0.9928 0.0022 0.0020 
1769     1769   (0)     16 :  0.0020 0.9950 0.0012 0.0018 
1770     1770   (0)     16 :  0.0020 0.9936 0.0020 0.0024 
1771     1771   (0)     16 :  0.0032 0.9908 0.0038 0.0022 
1772     1772   (0)     16 :  0.0024 0.9930 0.0030 0.0016 
1773     1773   (0)     16 :  0.0024 0.9932 0.0020 0.0024 
1774     1774   (0)     16 :  0.0020 0.9940 0.0020 0.0020 
1775     1775   (0)     16 :  0.0020 0.9958 0.0012 0.0010 
1776     1776   (0)     16 :  0.0020 0.9938 0.0022 0.0020 
1777     1777   (0)     16 :  0.0020 0.9940 0.0020 0.0020 
1778     1778   (0)     16 :  0.0020 0.9942 0.0022 0.0016 
1779     1779   (0)     16 :  0.0020 0.9922 0.0020 0.0038 
1780     1780   (0)     16 :  0.0024 0.9924 0.0032 0.0020 
1781     1781   (0)     16 :  0.0030 0.9930 0.0020 0.0020 
1782     1782   (0)     16 :  0.0014 0.9950 0.0024 0.0012 
1783     1783   (0)     16 :  0.0018 0.9952 0.0012 0.0018 
1784     1784   (0)     16 :  0.0016 0.9958 0.0012 0.0014 
1785     1785   (0)     16 :  0.0020 0.9930 0.0028 0.0022 
1786     1786   (0)     16 :  0.0024 0.9940 0.0020 0.0016 
1787     1787   (0)     16 :  0.0020 0.9954 0.0012 0.0014 
1788     1788   (0)     16 :  0.0018 0.9956 0.0012 0.0014 
1789     1789   (0)     16 :  0.0026 0.9916 0.0036 0.0022 
1790     1790   (0)     16 :  0.0014 0.9954 0.0010 0.0022 
1791     1791   (0)     16 :  0.0014 0.9932 0.0022 0.0032 
1792     1792   (0)     16 :  0.0030 0.9932 0.0022 0.0016 
1793     1793   (0)     16 :  0.0020 0.9956 0.0014 0.0010 
1794     1794   (0)     16 :  0.0018 0.9930 0.0024 0.0028 
1795     1795   (0)     16 :  0.0078 0.9800 0.0074 0.0048 
1796     1796   (0)     16 :  0.0030 0.9920 0.0034 0.0016 
1797     1797   (0)     16 :  0.0030 0.9926 0.0032 0.0012 
1798     1798   (0)     16 :  0.0024 0.9946 0.0016 0.0014 
1799     1799   (0)     16 :  0.0024 0.9940 0.0024 0.0012 
1800     1800   (0)     16 :  0.0030 0.9918 0.0030 0.0022 
1801     1801   (0)     16 :  0.0020 0.9940 0.0020 0.0020 
1802     1802   (0)     16 :  0.0014 0.9950 0.0020 0.0016 
1803     1803   (0)     17 :  0.4014 0.3968 0.2000 0.0018 
1804     1804   (0)     17 :  0.4032 0.3896 0.2048 0.0024 
1805     1805   (0)     17 :  0.4162 0.3802 0.2010 0.0026 
1806     1806   (0)     17 :  0.4094 0.3904 0.1976 0.0026 
1807     1807   (0)     17 :  0.4180 0.3768 0.2010 0.0042 
1808     1808   (0)     17 :  0.3884 0.4024 0.2060 0.0032 
1809     1809   (0)     17 :  0.4260 0.3674 0.1986 0.0080 
1810     1810   (0)     17 :  0.4160 0.3814 0.2010 0.0016 
1811     1811   (0)     17 :  0.4142 0.3822 0.2016 0.0020 
1812     1812   (0)     17 :  0.4042 0.3886 0.2058 0.0014 
1813     1813   (0)     17 :  0.3996 0.3980 0.2008 0.0016 
1814     1814   (0)     17 :  0.3984 0.3992 0.2006 0.0018 
1815     1815   (0)     17 :  0.3988 0.3972 0.2020 0.0020 
1816     1816   (0)     17 :  0.4012 0.3960 0.2006 0.0022 
1817     1817   (0)     17 :  0.3992 0.3968 0.2016 0.0024 
1818     1818   (0)     17 :  0.3946 0.4002 0.2034 0.0018 
1819     1819   (0)     17 :  0.3726 0.4318 0.1860 0.0096 
1820     1820   (0)     17 :  0.3932 0.3974 0.2024 0.0070 
1821     1821   (0)     17 :  0.4136 0.3578 0.2240 0.0046 
1822     1822   (0)     17 :  0.3994 0.3998 0.1988 0.0020 
1823     1823   (0)     17 :  0.3868 0.4012 0.2092 0.0028 
1824     1824   (0)     17 :  0.3900 0.3946 0.2118 0.0036 
1825     1825   (5)     17 :  0.3970 0.3940 0.2070 0.0020 
1826     1826   (0)     17 :  0.3938 0.4040 0.1998 0.0024 
1827     1827   (0)     17 :  0.3634 0.4268 0.2056 0.0042 
1828     1828   (0)     17 :  0.4060 0.3920 0.1996 0.0024 
1829     1829   (0)     17 :  0.3882 0.3922 0.2174 0.0022 
1830     1830   (0)     17 :  0.3930 0.4020 0.2016 0.0034 
1831     1831   (0)     17 :  0.3892 0.3620 0.2462 0.0026 
1832     1832   (0)     17 :  0.3980 0.4008 0.1998 0.0014 
1833     1833   (5)     17 :  0.3996 0.3976 0.2008 0.0020 
1834     1834   (0)     17 :  0.3832 0.4164 0.1988 0.0016 
1835     1835   (0)     17 :  0.4306 0.3526 0.2120 0.0048 
1836     1836   (0)     17 :  0.3990 0.3994 0.1998 0.0018 
1837     1837   (0)     17 :  0.3824 0.3720 0.2418 0.0038 
1838     1838   (0)     17 :  0.4524 0.3458 0.1982 0.0036 
1839     1839   (5)     17 :  0.4306 0.3654 0.2000 0.0040 
1840     1840   (5)     17 :  0.3752 0.3974 0.2224 0.0050 
1841     1841   (5)     17 :  0.3958 0.4000 0.2012 0.0030 
1842     1842   (5)     17 :  0.4014 0.3854 0.2074 0.0058 
1843     1843   (0)     18 :  0.4184 0.3786 0.2006 0.0024 
1844     1844   (0)     18 :  0.3966 0.3856 0.2114 0.0064 
1845     1845   (0)     18 :  0.4030 0.3940 0.2000 0.0030 
1846     1846   (0)     18 :  0.4000 0.3974 0.2002 0.0024 
1847     1847   (0)     18 :  0.3868 0.4008 0.2036 0.0088 
1848     1848   (0)     18 :  0.3858 0.4016 0.2084 0.0042 
1849     1849   (0)     18 :  0.4010 0.3962 0.2016 0.0012 
1850     1850   (0)     18 :  0.3984 0.3988 0.2000 0.0028 
1851     1851   (0)     18 :  0.3802 0.4206 0.1968 0.0024 
1852     1852   (0)     18 :  0.3978 0.3968 0.2032 0.0022 
1853     1853   (0)     18 :  0.3966 0.3996 0.2012 0.0026 
1854     1854   (0)     18 :  0.3964 0.3914 0.2096 0.0026 
1855     1855   (0)     18 :  0.4008 0.3966 0.1990 0.0036 
1856     1856   (0)     18 :  0.3988 0.3980 0.2008 0.0024 
1857     1857   (0)     18 :  0.3990 0.3970 0.2020 0.0020 
1858     1858   (0)     18 :  0.4052 0.3938 0.1990 0.0020 
1859     1859   (0)     18 :  0.3682 0.4276 0.2022 0.0020 
1860     1860   (0)     18 :  0.3966 0.3580 0.2416 0.0038 
1861     1861   (0)     18 :  0.4032 0.3856 0.2068 0.0044 
1862     1862   (0)     18 :  0.4128 0.3728 0.2120 0.0024 
1863     1863   (0)     18 :  0.4162 0.3648 0.2166 0.0024 
1864     1864   (0)     18 :  0.3936 0.4046 0.1998 0.0020 
1865     1865   (0)     18 :  0.3534 0.4422 0.2012 0.0032 
1866     1866   (0)     18 :  0.4274 0.3692 0.2014 0.0020 
1867     1867   (0)     18 :  0.4464 0.3346 0.2162 0.0028 
1868     1868   (0)     18 :  0.4228 0.3790 0.1948 0.0034 
1869     1869   (0)     18 :  0.3640 0.4346 0.1980 0.0034 
1870     1870   (0)     18 :  0.3922 0.4050 0.1996 0.0032 
1871     1871   (0)     18 :  0.3610 0.4364 0.2006 0.0020 
1872     1872   (0)     18 :  0.3906 0.4014 0.2042 0.0038 
1873     1873   (0)     18 :  0.3958 0.3928 0.2088 0.0026 
1874     1874   (0)     18 :  0.3992 0.3992 0.2006 0.0010 
1875     1875   (0)     18 :  0.3880 0.3956 0.2138 0.0026 
1876     1876   (0)     18 :  0.3956 0.4008 0.2026 0.0010 
1877     1877   (0)     18 :  0.3788 0.4234 0.1944 0.0034 
1878     1878   (0)     18 :  0.3964 0.3968 0.2044 0.0024 
1879     1879   (0)     18 :  0.3750 0.4230 0.1992 0.0028 
1880     1880   (0)     18 :  0.4322 0.3574 0.2070 0.0034 
1881     1881   (0)     18 :  0.4192 0.3668 0.2084 0.0056 
1882     1882   (0)     18 :  0.3940 0.4040 0.2002 0.0018 
1883     1883   (0)     18 :  0.3896 0.4072 0.1992 0.0040 
1884     1884   (0)     18 :  0.4484 0.3472 0.2012 0.0032 
1885     1885   (0)     18 :  0.3958 0.3614 0.2396 0.0032 
1886     1886   (0)     18 :  0.3948 0.3884 0.2148 0.0020 
1887     1887   (0)     18 :  0.4004 0.3978 0.1982 0.0036 
1888     1888   (0)     18 :  0.4062 0.3924 0.1994 0.0020 
1889     1889   (0)     18 :  0.4010 0.3880 0.2050 0.0060 
1890     1890   (0)     18 :  0.4004 0.3962 0.2010 0.0024 
1891     1891   (0)     18 :  0.4144 0.3836 0.1996 0.0024 
1892     1892   (0)     18 :  0.3984 0.3976 0.2020 0.0020 
1893     1893   (0)     18 :  0.3934 0.3404 0.2636 0.0026 
1894     1894   (0)     18 :  0.4062 0.3872 0.2054 0.0012 
1895     1895   (0)     18 :  0.3650 0.4398 0.1924 0.0028 
1896     1896   (0)     18 :  0.3806 0.3900 0.2282 0.0012 
1897     1897   (0)     18 :  0.3990 0.3962 0.2036 0.0012 
1898     1898   (0)     18 :  0.3938 0.3990 0.1996 0.0076 
1899     1899   (0)     18 :  0.3982 0.4000 0.1998 0.0020 
1900     1900   (0)     18 :  0.4012 0.3968 0.2002 0.0018 
1901     1901   (0)     18 :  0.4072 0.3860 0.2048 0.0020 
1902     1902   (0)     18 :  0.3994 0.3978 0.2008 0.0020 
1903     1903   (0)     18 :  0.3980 0.3908 0.2074 0.0038 
1904     1904   (0)     18 :  0.4018 0.3896 0.2066 0.0020 
1905     1905   (0)     18 :  0.4210 0.3744 0.2026 0.0020 
1906     1906   (0)     18 :  0.4308 0.3634 0.2038 0.0020 
1907     1907   (0)     18 :  0.3800 0.4138 0.2000 0.0062 
1908     1908   (0)     18 :  0.4086 0.3274 0.2600 0.0040 
1909     1909   (0)     18 :  0.4008 0.3972 0.2010 0.0010 
1910     1910   (0)     18 :  0.4100 0.3870 0.2002 0.0028 
1911     1911   (0)     18 :  0.4026 0.3920 0.2030 0.0024 
1912     1912   (0)     18 :  0.4044 0.3926 0.2006 0.0024 
1913     1913   (0)     18 :  0.3974 0.3990 0.2006 0.0030 
1914     1914   (0)     18 :  0.3758 0.4236 0.1986 0.0020 
1915     1915   (0)     18 :  0.3952 0.4028 0.1996 0.0024 
1916     1916   (0)     18 :  0.3346 0.4656 0.1986 0.0012 
1917     1917   (0)     18 :  0.3906 0.4052 0.2022 0.0020 
1918     1918   (0)     18 :  0.4202 0.3710 0.2072 0.0016 
1919     1919   (0)     18 :  0.3850 0.4086 0.2048 0.0016 
1920     1920   (0)     18 :  0.4168 0.3800 0.2016 0.0016 
1921     1921   (0)     18 :  0.4000 0.3972 0.2010 0.0018 
1922     1922   (0)     18 :  0.4026 0.3946 0.2008 0.0020 
1923     1923   (0)     18 :  0.3990 0.3986 0.2004 0.0020 
1924     1924   (0)     18 :  0.3970 0.4002 0.2012 0.0016 
1925     1925   (0)     18 :  0.4022 0.3966 0.2000 0.0012 
1926     1926   (0)     18 :  0.3980 0.3970 0.2010 0.0040 
1927     1927   (0)     18 :  0.4006 0.3960 0.1996 0.0038 
1928     1928   (0)     18 :  0.4092 0.3900 0.1988 0.0020 
1929     1929   (0)     18 :  0.4202 0.3614 0.2158 0.0026 
1930     1930   (0)     18 :  0.3916 0.4018 0.2006 0.0060 
1931     1931   (0)     18 :  0.4008 0.3950 0.2020 0.0022 
1932     1932   (0)     18 :  0.4082 0.3884 0.2010 0.0024 
1933     1933   (0)     18 :  0.4274 0.3640 0.1994 0.0092 
1934     1934   (0)     18 :  0.4078 0.3870 0.2032 0.0020 
1935     1935   (0)     18 :  0.3984 0.3920 0.2062 0.0034 
1936     1936   (0)     18 :  0.3952 0.3898 0.2118 0.0032 
1937     1937   (0)     18 :  0.3982 0.3986 0.2012 0.0020 
1938     1938   (0)     18 :  0.4645 0.2935 0.2392 0.0028 
1939     1939   (0)     18 :  0.3968 0.3988 0.2024 0.0020 
1940     1940   (0)     18 :  0.3982 0.3930 0.2012 0.0076 
1941     1941   (0)     18 :  0.4020 0.3946 0.2018 0.0016 
1942     1942   (0)     18 :  0.3946 0.3926 0.2026 0.0102 
1943     1943   (0)     18 :  0.4046 0.3832 0.2110 0.0012 
1944     1944   (0)     18 :  0.4102 0.3850 0.2010 0.0038 
1945     1945   (0)     18 :  0.3978 0.3972 0.2020 0.0030 
1946     1946   (0)     18 :  0.3792 0.4158 0.2010 0.0040 
1947     1947   (0)     18 :  0.4032 0.3842 0.2096 0.0030 
1948     1948   (0)     18 :  0.3944 0.4014 0.2014 0.0028 
1949     1949   (0)     18 :  0.3920 0.3986 0.2068 0.0026 
1950     1950   (0)     18 :  0.3826 0.3934 0.2214 0.0026 
1951     1951   (0)     18 :  0.3962 0.4016 0.2006 0.0016 
1952     1952   (0)     18 :  0.3918 0.4052 0.2010 0.0020 
1953     1953   (0)     18 :  0.3922 0.4052 0.2014 0.0012 
1954     1954   (0)     18 :  0.4036 0.3934 0.1994 0.0036 
1955     1955   (0)     18 :  0.4084 0.3814 0.2050 0.0052 
1956     1956   (0)     18 :  0.5801 0.2253 0.1922 0.0024 
1957     1957   (0)     18 :  0.3974 0.3996 0.2010 0.0020 
1958     1958   (0)     18 :  0.3188 0.4912 0.1876 0.0024 
1959     1959   (0)     18 :  0.4030 0.3906 0.2036 0.0028 
1960     1960   (0)     18 :  0.3972 0.4000 0.2010 0.0018 
1961     1961   (0)     18 :  0.3986 0.3968 0.2008 0.0038 
1962     1962   (0)     18 :  0.4044 0.3930 0.2010 0.0016 
1963     1963   (0)     18 :  0.3940 0.4046 0.1992 0.0022 
1964     1964   (0)     18 :  0.3640 0.4354 0.1988 0.0018 
1965     1965   (0)     18 :  0.3934 0.4042 0.2008 0.0016 
1966     1966   (0)     18 :  0.4224 0.3540 0.2214 0.0022 
1967     1967   (0)     18 :  0.4020 0.3948 0.2012 0.0020 
1968     1968   (0)     18 :  0.3918 0.4068 0.1990 0.0024 
1969     1969   (0)     18 :  0.4042 0.4010 0.1920 0.0028 
1970     1970   (0)     18 :  0.3988 0.3636 0.2352 0.0024 
1971     1971   (0)     18 :  0.3776 0.4090 0.2092 0.0042 
1972     1972   (0)     18 :  0.4160 0.3826 0.2004 0.0010 
1973     1973   (0)     18 :  0.4006 0.3944 0.2030 0.0020 
1974     1974   (0)     18 :  0.3962 0.4014 0.1996 0.0028 
1975     1975   (0)     18 :  0.3996 0.3982 0.2012 0.0010 
1976     1976   (0)     18 :  0.3102 0.2482 0.4354 0.0062 
1977     1977   (0)     18 :  0.4074 0.3912 0.1998 0.0016 
1978     1978   (0)     18 :  0.3552 0.3844 0.2412 0.0192 
1979     1979   (0)     18 :  0.4476 0.3472 0.2030 0.0022 
1980     1980   (0)     18 :  0.3730 0.4232 0.1992 0.0046 
1981     1981   (0)     18 :  0.3962 0.3980 0.2030 0.0028 
1982     1982   (0)     18 :  0.3852 0.4156 0.1968 0.0024 
1983     1983   (0)     18 :  0.4126 0.3676 0.2174 0.0024 
1984     1984   (0)     18 :  0.4146 0.3762 0.2062 0.0030 
1985     1985   (0)     18 :  0.4050 0.3906 0.2004 0.0040 
1986     1986   (0)     18 :  0.3972 0.3992 0.2016 0.0020 
1987     1987   (0)     18 :  0.3888 0.3846 0.2204 0.0062 
1988     1988   (0)     18 :  0.3926 0.4046 0.2004 0.0024 
1989     1989   (0)     18 :  0.3780 0.3974 0.2176 0.0070 
1990     1990   (0)     18 :  0.4174 0.3760 0.2034 0.0032 
1991     1991   (0)     18 :  0.3994 0.3962 0.2006 0.0038 
1992     1992   (0)     18 :  0.4042 0.3848 0.2086 0.0024 
1993     1993   (0)     18 :  0.3978 0.3944 0.2052 0.0026 
1994     1994   (0)     18 :  0.3570 0.4418 0.1988 0.0024 
1995     1995   (0)     18 :  0.3730 0.4242 0.1998 0.0030 
1996     1996   (0)     18 :  0.3958 0.4032 0.1990 0.0020 
1997     1997   (0)     18 :  0.3936 0.4032 0.2004 0.0028 
1998     1998   (0)     18 :  0.3980 0.3992 0.2004 0.0024 
1999     1999   (0)     18 :  0.3996 0.3974 0.2010 0.0020 
2000     2000   (0)     18 :  0.3972 0.4006 0.2006 0.0016 
2001     2001   (0)     18 :  0.3386 0.4596 0.1982 0.0036 
2002     2002   (0)     18 :  0.3640 0.3134 0.3156 0.0070 
2003     2003   (0)     18 :  0.4152 0.3784 0.2048 0.0016 
2004     2004   (0)     18 :  0.3138 0.3090 0.3738 0.0034 
2005     2005   (0)     18 :  0.6312 0.1600 0.2062 0.0026 
2006     2006   (0)     18 :  0.4024 0.3892 0.2062 0.0022 
2007     2007   (0)     18 :  0.3962 0.3992 0.2012 0.0034 
2008     2008   (0)     18 :  0.4056 0.3892 0.2014 0.0038 
2009     2009   (0)     18 :  0.4002 0.3964 0.2022 0.0012 
2010     2010   (0)     18 :  0.3860 0.4102 0.2004 0.0034 
2011     2011   (0)     18 :  0.4092 0.3788 0.2084 0.0036 
2012     2012   (0)     18 :  0.3990 0.3982 0.2004 0.0024 
2013     2013   (0)     18 :  0.3302 0.4712 0.1976 0.0010 
2014     2014   (0)     18 :  0.5649 0.2311 0.2012 0.0028 
2015     2015   (0)     18 :  0.4002 0.3992 0.1988 0.0018 
2016     2016   (0)     18 :  0.4064 0.3914 0.1998 0.0024 
2017     2017   (0)     18 :  0.4018 0.3966 0.2000 0.0016 
2018     2018   (0)     18 :  0.4578 0.3344 0.2034 0.0044 
2019     2019   (0)     18 :  0.4090 0.3868 0.2022 0.0020 
2020     2020   (0)     18 :  0.3968 0.3948 0.2046 0.0038 
2021     2021   (0)     18 :  0.4002 0.3918 0.2054 0.0026 
2022     2022   (0)     18 :  0.4548 0.3226 0.2206 0.0020 
2023     2023   (0)     18 :  0.3980 0.3996 0.2006 0.0018 
2024     2024   (0)     18 :  0.2716 0.5302 0.1970 0.0012 
2025     2025   (0)     18 :  0.3848 0.4144 0.1984 0.0024 
2026     2026   (0)     18 :  0.3976 0.3994 0.2014 0.0016 
2027     2027   (0)     18 :  0.4042 0.3928 0.2010 0.0020 
2028     2028   (0)     18 :  0.3974 0.4006 0.2000 0.0020 
2029     2029   (0)     18 :  0.4146 0.3790 0.2014 0.0050 
2030     2030   (0)     18 :  0.3932 0.3980 0.2020 0.0068 
2031     2031   (0)     18 :  0.4020 0.3954 0.2006 0.0020 
2032     2032   (0)     18 :  0.4044 0.3934 0.1998 0.0024 
2033     2033   (0)     18 :  0.4034 0.3936 0.1992 0.0038 
2034     2034   (0)     18 :  0.3984 0.3920 0.2076 0.0020 
2035     2035   (0)     18 :  0.3916 0.3892 0.2148 0.0044 
2036     2036   (0)     18 :  0.4118 0.3770 0.2090 0.0022 
2037     2037   (0)     18 :  0.3936 0.4016 0.2010 0.0038 
2038     2038   (0)     18 :  0.3924 0.4060 0.1996 0.0020 
2039     2039   (0)     18 :  0.4080 0.3872 0.2030 0.0018 
2040     2040   (0)     18 :  0.3980 0.3876 0.2124 0.0020 
2041     2041   (0)     18 :  0.3408 0.4498 0.2034 0.0060 
2042     2042   (0)     18 :  0.3774 0.4228 0.1978 0.0020 
2043     2043   (0)     18 :  0.5236 0.2708 0.2028 0.0028 
2044     2044   (0)     18 :  0.4014 0.3956 0.2004 0.0026 
2045     2045   (0)     18 :  0.4096 0.3870 0.2010 0.0024 
2046     2046   (0)     18 :  0.4002 0.3950 0.2028 0.0020 
2047     2047   (0)     18 :  0.3998 0.3982 0.2002 0.0018 
2048     2048   (0)     18 :  0.3968 0.4020 0.1992 0.0020 
2049     2049   (0)     18 :  0.3994 0.3960 0.2006 0.0040 
2050     2050   (0)     18 :  0.4018 0.3960 0.2006 0.0016 
2051     2051   (0)     18 :  0.4054 0.3922 0.2012 0.0012 
2052     2052   (0)     18 :  0.4002 0.3896 0.2076 0.0026 
2053     2053   (0)     18 :  0.3982 0.3954 0.2048 0.0016 
2054     2054   (0)     18 :  0.3732 0.3686 0.2548 0.0034 
2055     2055   (0)     18 :  0.4126 0.3476 0.2370 0.0028 
2056     2056   (0)     18 :  0.3968 0.3996 0.2012 0.0024 
2057     2057   (0)     18 :  0.4030 0.3932 0.2018 0.0020 
2058     2058   (0)     18 :  0.3978 0.3770 0.2228 0.0024 
2059     2059   (0)     18 :  0.3994 0.3974 0.2012 0.0020 
2060     2060   (0)     18 :  0.3946 0.3960 0.2068 0.0026 
2061     2061   (0)     18 :  0.4324 0.3614 0.2042 0.0020 
2062     2062   (0)     18 :  0.3946 0.3998 0.2026 0.0030 
2063     2063   (0)     18 :  0.3994 0.3982 0.2004 0.0020 
2064     2064   (0)     18 :  0.4014 0.3682 0.2260 0.0044 
2065     2065   (0)     18 :  0.4022 0.3932 0.2026 0.0020 
2066     2066   (0)     18 :  0.3998 0.3910 0.2046 0.0046 
2067     2067   (0)     18 :  0.3946 0.4056 0.1940 0.0058 
2068     2068   (0)     18 :  0.5819 0.2219 0.1930 0.0032 
2069     2069   (0)     18 :  0.4030 0.3964 0.1992 0.0014 
2070     2070   (0)     18 :  0.4024 0.3948 0.2006 0.0022 
2071     2071   (0)     18 :  0.4044 0.3914 0.2010 0.0032 
2072     2072   (0)     18 :  0.3970 0.3976 0.2020 0.0034 
2073     2073   (0)     18 :  0.4096 0.3852 0.2014 0.0038 
2074     2074   (0)     18 :  0.4034 0.3954 0.2002 0.0010 
2075     2075   (0)     18 :  0.4130 0.3808 0.2042 0.0020 
2076     2076   (0)     18 :  0.3956 0.3930 0.2092 0.0022 
2077     2077   (0)     18 :  0.3916 0.3942 0.2074 0.0068 
2078     2078   (0)     18 :  0.4150 0.3800 0.2006 0.0044 
2079     2079   (0)     18 :  0.4082 0.3872 0.2008 0.0038 
2080     2080   (0)     18 :  0.4584 0.3208 0.2182 0.0026 
2081     2081   (0)     18 :  0.3988 0.3968 0.2020 0.0024 
2082     2082   (0)     18 :  0.3928 0.4032 0.2016 0.0024 
2083     2083   (0)     18 :  0.2678 0.5456 0.1842 0.0024 
2084     2084   (0)     18 :  0.3988 0.3970 0.2022 0.0020 
2085     2085   (0)     18 :  0.3966 0.3988 0.2010 0.0036 
2086     2086   (0)     18 :  0.3990 0.3944 0.2032 0.0034 
2087     2087   (0)     18 :  0.4106 0.3850 0.2016 0.0028 
2088     2088   (0)     18 :  0.4024 0.3928 0.2024 0.0024 
2089     2089   (0)     18 :  0.4140 0.3778 0.2036 0.0046 
2090     2090   (0)     18 :  0.3974 0.3968 0.2026 0.0032 
2091     2091   (0)     18 :  0.3978 0.3996 0.2006 0.0020 
2092     2092   (0)     18 :  0.3650 0.4322 0.2000 0.0028 
2093     2093   (0)     18 :  0.4090 0.3862 0.2016 0.0032 
2094     2094   (0)     18 :  0.3920 0.4022 0.2034 0.0024 
2095     2095   (0)     18 :  0.3974 0.3978 0.2002 0.0046 
2096     2096   (0)     18 :  0.3792 0.3936 0.2248 0.0024 
2097     2097   (0)     18 :  0.4489 0.3479 0.2012 0.0020 
2098     2098   (0)     18 :  0.4058 0.3922 0.2002 0.0018 
2099     2099   (0)     18 :  0.3982 0.3976 0.2020 0.0022 
2100     2100   (0)     18 :  0.4018 0.3892 0.2058 0.0032 
2101     2101   (0)     18 :  0.3972 0.4020 0.1984 0.0024 
2102     2102   (0)     18 :  0.3828 0.4112 0.2032 0.0028 
2103     2103   (0)     18 :  0.3968 0.3982 0.2024 0.0026 
2104     2104   (0)     18 :  0.3774 0.4048 0.2142 0.0036 
2105     2105   (0)     18 :  0.3974 0.3960 0.2046 0.0020 
2106     2106   (0)     18 :  0.4030 0.3926 0.2024 0.0020 
2107     2107   (0)     18 :  0.3964 0.3954 0.2004 0.0078 
2108     2108   (0)     18 :  0.3738 0.4208 0.2030 0.0024 
2109     2109   (0)     18 :  0.3988 0.3948 0.2040 0.0024 
2110     2110   (0)     18 :  0.4132 0.3530 0.2314 0.0024 
2111     2111   (0)     18 :  0.3962 0.3924 0.2070 0.0044 
2112     2112   (0)     18 :  0.4068 0.3872 0.2028 0.0032 
2113     2113   (0)     18 :  0.4046 0.3924 0.2002 0.0028 
2114     2114   (0)     18 :  0.3988 0.3960 0.2004 0.0048 
2115     2115   (0)     18 :  0.3168 0.4952 0.1846 0.0034 
2116     2116   (0)     18 :  0.3950 0.4008 0.2006 0.0036 
2117     2117   (0)     18 :  0.4000 0.3956 0.2020 0.0024 
2118     2118   (0)     18 :  0.4006 0.3928 0.2046 0.0020 
2119     2119   (0)     18 :  0.5256 0.2564 0.2072 0.0108 
2120     2120   (0)     18 :  0.3976 0.4006 0.2004 0.0014 
2121     2121   (0)     18 :  0.3998 0.3992 0.1996 0.0014 
2122     2122   (0)     18 :  0.3968 0.3966 0.2044 0.0022 
2123     2123   (0)     18 :  0.4759 0.3245 0.1974 0.0022 
2124     2124   (0)     18 :  0.4040 0.3920 0.2020 0.0020 
2125     2125   (0)     18 :  0.4022 0.3920 0.2032 0.0026 
2126     2126   (0)     18 :  0.3960 0.4018 0.2004 0.0018 
2127     2127   (0)     18 :  0.3962 0.4008 0.2010 0.0020 
2128     2128   (0)     18 :  0.4092 0.3836 0.2040 0.0032 
2129     2129   (0)     18 :  0.4138 0.3812 0.2026 0.0024 
2130     2130   (0)     18 :  0.4018 0.3986 0.1974 0.0022 
2131     2131   (0)     18 :  0.3986 0.3970 0.2018 0.0026 
2132     2132   (0)     18 :  0.4180 0.3784 0.2016 0.0020 
2133     2133   (0)     18 :  0.3974 0.3960 0.2024 0.0042 
2134     2134   (0)     18 :  0.4052 0.3914 0.2014 0.0020 
2135     2135   (0)     18 :  0.4486 0.3488 0.1996 0.0030 
2136     2136   (0)     18 :  0.4044 0.3920 0.2018 0.0018 
2137     2137   (0)     18 :  0.3810 0.4058 0.2066 0.0066 
2138     2138   (0)     18 :  0.5824 0.2154 0.2002 0.0020 
2139     2139   (0)     18 :  0.3978 0.3974 0.2012 0.0036 
2140     2140   (0)     18 :  0.3950 0.3958 0.2072 0.0020 
2141     2141   (0)     18 :  0.4022 0.3946 0.2010 0.0022 
2142     2142   (0)     18 :  0.3974 0.3998 0.2008 0.0020 
