   1        1   (5)      1 :  0.0020 0.0050 0.9900 0.0030 
   2        2   (5)      1 :  0.0060 0.0024 0.9852 0.0064 
   3        3   (5)      1 :  0.0020 0.0024 0.9936 0.0020 
   4        4   (0)      1 :  0.0020 0.0030 0.9930 0.0020 
   5        5   (0)      1 :  0.0072 0.0130 0.9640 0.0158 
   6        6   (0)      1 :  0.0020 0.0030 0.9928 0.0022 
   7        7   (0)      1 :  0.0080 0.0024 0.9590 0.0306 
   8        8   (5)      1 :  0.0020 0.0020 0.9940 0.0020 
   9        9   (0)      1 :  0.0020 0.0020 0.9950 0.0010 
  10       10   (0)      1 :  0.0044 0.0014 0.9894 0.0048 
  11       11   (0)      1 :  0.0030 0.0020 0.9910 0.0040 
  12       12   (0)      1 :  0.0080 0.0024 0.9842 0.0054 
  13       13   (0)      1 :  0.0040 0.0010 0.9930 0.0020 
  14       14   (0)      1 :  0.0020 0.0042 0.9914 0.0024 
  15       15   (0)      1 :  0.0020 0.0020 0.9940 0.0020 
  16       16   (0)      1 :  0.0020 0.0030 0.9930 0.0020 
  17       17   (0)      1 :  0.0010 0.0010 0.9960 0.0020 
  18       18   (0)      1 :  0.0034 0.0036 0.9858 0.0072 
  19       19   (0)      1 :  0.0100 0.0052 0.9822 0.0026 
  20       20   (0)      1 :  0.0060 0.0052 0.9764 0.0124 
  21       21   (0)      1 :  0.0024 0.0016 0.9950 0.0010 
  22       22   (0)      1 :  0.0010 0.0036 0.9942 0.0012 
  23       23   (0)      1 :  0.0020 0.0048 0.9910 0.0022 
  24       24   (0)      1 :  0.0050 0.0086 0.9838 0.0026 
  25       25   (0)      1 :  0.0070 0.0028 0.9846 0.0056 
  26       26   (0)      1 :  0.0040 0.0026 0.9914 0.0020 
  27       27   (5)      1 :  0.0040 0.0028 0.9828 0.0104 
  28       28   (0)      1 :  0.0010 0.0040 0.9906 0.0044 
  29       29   (0)      1 :  0.0020 0.0030 0.9930 0.0020 
  30       30   (0)      1 :  0.0076 0.0130 0.9702 0.0092 
  31       31   (0)      1 :  0.0020 0.0028 0.9926 0.0026 
  32       32   (0)      1 :  0.0060 0.0024 0.9848 0.0068 
  33       33   (0)      1 :  0.0012 0.0014 0.9958 0.0016 
  34       34   (0)      1 :  0.0010 0.0042 0.9932 0.0016 
  35       35   (0)      1 :  0.0048 0.0148 0.9662 0.0142 
  36       36   (0)      1 :  0.0050 0.0054 0.9786 0.0110 
  37       37   (0)      1 :  0.0050 0.0024 0.9876 0.0050 
  38       38   (0)      1 :  0.0056 0.0020 0.9894 0.0030 
  39       39   (0)      1 :  0.0060 0.0024 0.9840 0.0076 
  40       40   (0)      1 :  0.0030 0.0054 0.9884 0.0032 
  41       41   (0)      1 :  0.0020 0.0020 0.9930 0.0030 
  42       42   (0)      1 :  0.0010 0.0020 0.9960 0.0010 
  43       43   (0)      1 :  0.0020 0.0020 0.9936 0.0024 
  44       44   (0)      1 :  0.0010 0.0010 0.9966 0.0014 
  45       45   (5)      1 :  0.0040 0.0020 0.9906 0.0034 
  46       46   (0)      1 :  0.0010 0.0040 0.9930 0.0020 
  47       47   (0)      1 :  0.0010 0.0030 0.9926 0.0034 
  48       48   (0)      1 :  0.0020 0.0060 0.9880 0.0040 
  49       49   (0)      1 :  0.0050 0.0010 0.9916 0.0024 
  50       50   (0)      1 :  0.0020 0.0030 0.9930 0.0020 
  51       51   (0)      1 :  0.0050 0.0024 0.9896 0.0030 
  52       52   (0)      1 :  0.0166 0.0062 0.9712 0.0060 
  53       53   (0)      1 :  0.0020 0.0076 0.9874 0.0030 
  54       54   (0)      1 :  0.0010 0.0020 0.9936 0.0034 
  55       55   (0)      1 :  0.0020 0.0020 0.9930 0.0030 
  56       56   (0)      1 :  0.0020 0.0030 0.9930 0.0020 
  57       57  (10)      1 :  0.0040 0.0020 0.9910 0.0030 
  58       58   (5)      1 :  0.0024 0.0042 0.9894 0.0040 
  59       59   (0)      1 :  0.0030 0.0046 0.9904 0.0020 
  60       60   (0)      1 :  0.0020 0.0010 0.9950 0.0020 
  61       61   (0)      1 :  0.0020 0.0040 0.9910 0.0030 
  62       62   (0)      1 :  0.0020 0.0020 0.9926 0.0034 
  63       63   (0)      1 :  0.0020 0.0020 0.9920 0.0040 
  64       64   (0)      1 :  0.0020 0.0024 0.9928 0.0028 
  65       65   (0)      1 :  0.0142 0.0020 0.9750 0.0088 
  66       66   (0)      1 :  0.0020 0.0044 0.9906 0.0030 
  67       67   (5)      1 :  0.0106 0.0094 0.9756 0.0044 
  68       68   (0)      1 :  0.0020 0.0102 0.9824 0.0054 
  69       69   (0)      1 :  0.0012 0.0014 0.9940 0.0034 
  70       70   (0)      1 :  0.0020 0.0026 0.9930 0.0024 
  71       71   (5)      1 :  0.0030 0.0058 0.9846 0.0066 
  72       72   (0)      1 :  0.0060 0.0024 0.9886 0.0030 
  73       73   (5)      1 :  0.0020 0.0038 0.9910 0.0032 
  74       74  (10)      1 :  0.0040 0.0034 0.9882 0.0044 
  75       75  (10)      1 :  0.0110 0.0024 0.9840 0.0026 
  76       76   (0)      1 :  0.0030 0.1148 0.8802 0.0020 
  77       77  (10)      1 :  0.0030 0.0162 0.9788 0.0020 
  78       78   (0)      1 :  0.0040 0.0268 0.9646 0.0046 
  79       79   (5)      1 :  0.0020 0.0040 0.9910 0.0030 
  80       80   (0)      1 :  0.0020 0.0020 0.9940 0.0020 
  81       81   (0)      1 :  0.0020 0.0020 0.9940 0.0020 
  82       82   (0)      1 :  0.0020 0.0010 0.9950 0.0020 
  83       83   (0)      1 :  0.0020 0.0144 0.9806 0.0030 
  84       84   (0)      1 :  0.0050 0.0020 0.9886 0.0044 
  85       85   (0)      1 :  0.0020 0.0014 0.9946 0.0020 
  86       86   (5)      1 :  0.0020 0.0020 0.9940 0.0020 
  87       87   (0)      1 :  0.0020 0.0020 0.9936 0.0024 
  88       88   (0)      1 :  0.0050 0.0913 0.8961 0.0076 
  89       89   (0)      1 :  0.0186 0.0078 0.9690 0.0046 
  90       90   (0)      1 :  0.0020 0.0108 0.9826 0.0046 
  91       91   (0)      1 :  0.0020 0.0040 0.9910 0.0030 
  92       92   (0)      1 :  0.0020 0.0034 0.9882 0.0064 
  93       93   (0)      1 :  0.0020 0.0026 0.9934 0.0020 
  94       94   (5)      1 :  0.0064 0.0128 0.9774 0.0034 
  95       95   (0)      1 :  0.0030 0.0026 0.9924 0.0020 
  96       96   (5)      1 :  0.0020 0.0010 0.9950 0.0020 
  97       97   (0)      1 :  0.0010 0.0054 0.9902 0.0034 
  98       98   (0)      1 :  0.0036 0.0028 0.9900 0.0036 
  99       99   (5)      1 :  0.0024 0.0020 0.9936 0.0020 
 100      100   (5)      1 :  0.0010 0.0020 0.9950 0.0020 
 101      101   (0)      2 :  0.0020 0.0034 0.9896 0.0050 
 102      102   (0)      2 :  0.0020 0.0030 0.9920 0.0030 
 103      103   (0)      2 :  0.0050 0.0020 0.9890 0.0040 
 104      104   (0)      2 :  0.0030 0.0024 0.9926 0.0020 
 105      105   (0)      2 :  0.0010 0.0020 0.9942 0.0028 
 106      106   (0)      2 :  0.0060 0.0060 0.9838 0.0042 
 107      107   (0)      2 :  0.0358 0.0034 0.9504 0.0104 
 108      108   (0)      2 :  0.0020 0.0010 0.9950 0.0020 
 109      109   (0)      2 :  0.0020 0.0020 0.9940 0.0020 
 110      110   (0)      2 :  0.0010 0.0038 0.9902 0.0050 
 111      111   (0)      2 :  0.0040 0.0030 0.9900 0.0030 
 112      112   (0)      2 :  0.0020 0.0038 0.9922 0.0020 
 113      113   (0)      2 :  0.0010 0.0074 0.9752 0.0164 
 114      114   (0)      2 :  0.0030 0.0062 0.9878 0.0030 
 115      115   (0)      2 :  0.0020 0.0050 0.9904 0.0026 
 116      116   (0)      2 :  0.0020 0.0130 0.9808 0.0042 
 117      117   (0)      2 :  0.0030 0.0030 0.9886 0.0054 
 118      118   (0)      2 :  0.0020 0.0088 0.9872 0.0020 
 119      119   (0)      2 :  0.0014 0.0020 0.9956 0.0010 
 120      120   (0)      2 :  0.0070 0.0056 0.9820 0.0054 
 121      121   (0)      2 :  0.0020 0.0064 0.9832 0.0084 
 122      122   (0)      2 :  0.0010 0.0024 0.9936 0.0030 
 123      123   (0)      2 :  0.0044 0.0064 0.9868 0.0024 
 124      124   (0)      2 :  0.0040 0.0020 0.9892 0.0048 
 125      125   (0)      2 :  0.0030 0.0030 0.9906 0.0034 
 126      126   (0)      2 :  0.0030 0.0038 0.9906 0.0026 
 127      127   (0)      2 :  0.0020 0.0058 0.9838 0.0084 
 128      128   (0)      2 :  0.0100 0.0064 0.9786 0.0050 
 129      129   (0)      2 :  0.0010 0.0020 0.9956 0.0014 
 130      130   (0)      2 :  0.0050 0.0062 0.9858 0.0030 
 131      131   (0)      2 :  0.0010 0.0020 0.9960 0.0010 
 132      132   (0)      2 :  0.0030 0.0110 0.9692 0.0168 
 133      133   (0)      2 :  0.0010 0.0010 0.9970 0.0010 
 134      134   (0)      2 :  0.0050 0.0040 0.9806 0.0104 
 135      135   (0)      2 :  0.0030 0.0020 0.9930 0.0020 
 136      136   (0)      2 :  0.0030 0.0106 0.9830 0.0034 
 137      137   (0)      2 :  0.0030 0.0298 0.9568 0.0104 
 138      138   (0)      2 :  0.0050 0.0140 0.9778 0.0032 
 139      139   (0)      2 :  0.0020 0.0010 0.9950 0.0020 
 140      140   (0)      2 :  0.0024 0.0020 0.9926 0.0030 
 141      141   (0)      2 :  0.0030 0.0020 0.9930 0.0020 
 142      142   (0)      2 :  0.0040 0.0032 0.9866 0.0062 
 143      143   (0)      2 :  0.0080 0.0038 0.9810 0.0072 
 144      144   (0)      2 :  0.0020 0.0020 0.9940 0.0020 
 145      145   (0)      2 :  0.0030 0.0020 0.9930 0.0020 
 146      146   (0)      2 :  0.0020 0.0044 0.9916 0.0020 
 147      147   (0)      2 :  0.0076 0.0040 0.9854 0.0030 
 148      148   (0)      2 :  0.0020 0.0108 0.9720 0.0152 
 149      149   (0)      2 :  0.0030 0.0026 0.9922 0.0022 
 150      150   (0)      2 :  0.0050 0.0020 0.9910 0.0020 
 151      151   (0)      2 :  0.0010 0.0014 0.9950 0.0026 
 152      152   (0)      2 :  0.0030 0.0020 0.9930 0.0020 
 153      153   (0)      2 :  0.0020 0.0020 0.9926 0.0034 
 154      154   (0)      2 :  0.0030 0.0124 0.9768 0.0078 
 155      155   (0)      2 :  0.0260 0.0064 0.9630 0.0046 
 156      156   (0)      2 :  0.0020 0.0026 0.9924 0.0030 
 157      157   (0)      2 :  0.0060 0.0038 0.9836 0.0066 
 158      158   (0)      2 :  0.0180 0.0020 0.9780 0.0020 
 159      159   (0)      2 :  0.0130 0.0124 0.9594 0.0152 
 160      160   (0)      2 :  0.0030 0.0020 0.9930 0.0020 
 161      161   (0)      2 :  0.0050 0.0088 0.9828 0.0034 
 162      162   (0)      2 :  0.0020 0.0030 0.9920 0.0030 
 163      163   (0)      2 :  0.0010 0.0014 0.9956 0.0020 
 164      164   (0)      2 :  0.0040 0.0102 0.9824 0.0034 
 165      165   (0)      2 :  0.0020 0.0020 0.9940 0.0020 
 166      166   (0)      2 :  0.0060 0.0026 0.9890 0.0024 
 167      167   (0)      2 :  0.0114 0.0068 0.9758 0.0060 
 168      168   (0)      2 :  0.0020 0.0010 0.9954 0.0016 
 169      169   (0)      2 :  0.0020 0.0020 0.9940 0.0020 
 170      170   (0)      2 :  0.0020 0.0030 0.9920 0.0030 
 171      171   (0)      2 :  0.0020 0.0128 0.9794 0.0058 
 172      172   (0)      2 :  0.0162 0.0034 0.9758 0.0046 
 173      173   (0)      2 :  0.0010 0.0014 0.9966 0.0010 
 174      174   (0)      2 :  0.0010 0.0050 0.9860 0.0080 
 175      175   (0)      2 :  0.0010 0.0026 0.9950 0.0014 
 176      176   (0)      2 :  0.0084 0.0384 0.9430 0.0102 
 177      177   (0)      2 :  0.0028 0.0014 0.9924 0.0034 
 178      178   (0)      2 :  0.0020 0.0010 0.9950 0.0020 
 179      179   (0)      2 :  0.0020 0.0078 0.9882 0.0020 
 180      180   (0)      2 :  0.0020 0.0020 0.9926 0.0034 
 181      181   (0)      2 :  0.0020 0.0046 0.9900 0.0034 
 182      182   (0)      2 :  0.0020 0.0020 0.9940 0.0020 
 183      183   (0)      2 :  0.0020 0.0030 0.9916 0.0034 
 184      184   (0)      2 :  0.0052 0.0060 0.9838 0.0050 
 185      185   (0)      2 :  0.0020 0.0020 0.9936 0.0024 
 186      186   (0)      2 :  0.0020 0.0030 0.9920 0.0030 
 187      187   (0)      2 :  0.0030 0.0030 0.9910 0.0030 
 188      188   (0)      2 :  0.0040 0.0220 0.9688 0.0052 
 189      189   (0)      2 :  0.0020 0.0020 0.9938 0.0022 
 190      190   (0)      2 :  0.0020 0.0020 0.9940 0.0020 
 191      191   (0)      2 :  0.0010 0.0040 0.9930 0.0020 
 192      192   (0)      2 :  0.0030 0.0020 0.9904 0.0046 
 193      193   (0)      2 :  0.0024 0.2202 0.7720 0.0054 
 194      194   (0)      2 :  0.0010 0.0020 0.9950 0.0020 
 195      195   (0)      2 :  0.0028 0.0010 0.9942 0.0020 
 196      196   (0)      2 :  0.0030 0.0024 0.9916 0.0030 
 197      197   (0)      2 :  0.0030 0.0020 0.9926 0.0024 
 198      198   (0)      2 :  0.0020 0.0096 0.9852 0.0032 
 199      199   (0)      2 :  0.0026 0.0020 0.9924 0.0030 
 200      200   (0)      2 :  0.0094 0.0052 0.9768 0.0086 
 201      201   (0)      2 :  0.0020 0.0024 0.9932 0.0024 
 202      202   (0)      2 :  0.0010 0.0052 0.9908 0.0030 
 203      203   (0)      2 :  0.0020 0.0020 0.9940 0.0020 
 204      204   (0)      2 :  0.0020 0.0020 0.9940 0.0020 
 205      205   (0)      2 :  0.0020 0.0036 0.9914 0.0030 
 206      206   (0)      2 :  0.0030 0.0686 0.9062 0.0222 
 207      207   (0)      2 :  0.0020 0.0130 0.9814 0.0036 
 208      208   (0)      2 :  0.0098 0.0020 0.9828 0.0054 
 209      209   (0)      2 :  0.0010 0.0020 0.9950 0.0020 
 210      210   (0)      2 :  0.0020 0.0024 0.9936 0.0020 
 211      211   (0)      2 :  0.0010 0.0020 0.9960 0.0010 
 212      212   (0)      2 :  0.0020 0.0040 0.9910 0.0030 
 213      213   (0)      2 :  0.0030 0.0020 0.9930 0.0020 
 214      214   (0)      2 :  0.0010 0.0020 0.9940 0.0030 
 215      215   (0)      2 :  0.0020 0.0030 0.9920 0.0030 
 216      216   (0)      2 :  0.0020 0.0020 0.9940 0.0020 
 217      217   (0)      2 :  0.0010 0.0020 0.9950 0.0020 
 218      218   (0)      2 :  0.0020 0.0020 0.9936 0.0024 
 219      219   (0)      2 :  0.0020 0.0074 0.9886 0.0020 
 220      220   (0)      2 :  0.0020 0.0032 0.9906 0.0042 
 221      221   (0)      2 :  0.0020 0.0016 0.9950 0.0014 
 222      222   (0)      2 :  0.0020 0.0362 0.9568 0.0050 
 223      223   (0)      2 :  0.0050 0.0106 0.9716 0.0128 
 224      224   (0)      2 :  0.0010 0.0020 0.9950 0.0020 
 225      225   (0)      2 :  0.0020 0.0026 0.9934 0.0020 
 226      226   (0)      2 :  0.0110 0.0020 0.9830 0.0040 
 227      227   (0)      2 :  0.0020 0.0016 0.9954 0.0010 
 228      228   (0)      2 :  0.0030 0.0022 0.9926 0.0022 
 229      229   (0)      2 :  0.0020 0.0020 0.9940 0.0020 
 230      230   (0)      2 :  0.0054 0.0024 0.9858 0.0064 
 231      231   (0)      2 :  0.0050 0.0036 0.9894 0.0020 
 232      232   (0)      2 :  0.0020 0.0014 0.9932 0.0034 
 233      233   (0)      2 :  0.0030 0.0020 0.9930 0.0020 
 234      234   (0)      2 :  0.0054 0.0020 0.9906 0.0020 
 235      235   (0)      2 :  0.0010 0.0020 0.9960 0.0010 
 236      236   (0)      2 :  0.0050 0.0020 0.9890 0.0040 
 237      237   (0)      2 :  0.0060 0.0014 0.9756 0.0170 
 238      238   (0)      2 :  0.0010 0.0104 0.9860 0.0026 
 239      239   (0)      2 :  0.0030 0.0020 0.9930 0.0020 
 240      240   (0)      2 :  0.0020 0.0024 0.9946 0.0010 
 241      241   (0)      2 :  0.0010 0.0020 0.9948 0.0022 
 242      242   (0)      2 :  0.0060 0.0056 0.9844 0.0040 
 243      243   (0)      2 :  0.0020 0.0024 0.9926 0.0030 
 244      244   (0)      2 :  0.0012 0.0020 0.9952 0.0016 
 245      245   (0)      2 :  0.0010 0.0050 0.9900 0.0040 
 246      246   (0)      2 :  0.0040 0.0054 0.9866 0.0040 
 247      247   (0)      2 :  0.0020 0.0020 0.9942 0.0018 
 248      248   (0)      2 :  0.0140 0.0034 0.9772 0.0054 
 249      249   (0)      2 :  0.0014 0.0084 0.9872 0.0030 
 250      250   (0)      2 :  0.0090 0.0030 0.9840 0.0040 
 251      251   (0)      2 :  0.0020 0.0030 0.9906 0.0044 
 252      252   (0)      2 :  0.0020 0.0020 0.9940 0.0020 
 253      253   (0)      2 :  0.0020 0.0022 0.9902 0.0056 
 254      254   (0)      2 :  0.0010 0.0034 0.9930 0.0026 
 255      255   (0)      2 :  0.0020 0.0020 0.9940 0.0020 
 256      256   (0)      2 :  0.0022 0.0176 0.9520 0.0282 
 257      257   (0)      2 :  0.0020 0.0010 0.9950 0.0020 
 258      258   (0)      2 :  0.0040 0.0066 0.9866 0.0028 
 259      259   (0)      2 :  0.0020 0.0014 0.9946 0.0020 
 260      260   (0)      2 :  0.0020 0.0018 0.9952 0.0010 
 261      261   (0)      2 :  0.0010 0.0028 0.9930 0.0032 
 262      262   (0)      2 :  0.0030 0.0030 0.9906 0.0034 
 263      263   (0)      2 :  0.0040 0.0054 0.9836 0.0070 
 264      264   (0)      2 :  0.0030 0.0168 0.9762 0.0040 
 265      265   (0)      2 :  0.0020 0.0020 0.9940 0.0020 
 266      266   (0)      2 :  0.0020 0.0020 0.9932 0.0028 
 267      267   (0)      2 :  0.0030 0.0054 0.9840 0.0076 
 268      268   (0)      2 :  0.0020 0.0020 0.9940 0.0020 
 269      269   (0)      2 :  0.0010 0.0014 0.9956 0.0020 
 270      270   (0)      2 :  0.0020 0.0028 0.9872 0.0080 
 271      271   (0)      2 :  0.0020 0.0064 0.9896 0.0020 
 272      272   (0)      2 :  0.0150 0.0284 0.9408 0.0158 
 273      273   (0)      2 :  0.0052 0.0020 0.9900 0.0028 
 274      274   (0)      2 :  0.0020 0.0020 0.9930 0.0030 
 275      275   (0)      2 :  0.0020 0.0010 0.9960 0.0010 
 276      276   (0)      2 :  0.0010 0.0010 0.9960 0.0020 
 277      277   (0)      2 :  0.0030 0.0014 0.9900 0.0056 
 278      278   (0)      2 :  0.0020 0.0020 0.9940 0.0020 
 279      279   (0)      2 :  0.0020 0.0010 0.9950 0.0020 
 280      280   (0)      2 :  0.0020 0.0064 0.9882 0.0034 
 281      281   (0)      2 :  0.0010 0.0082 0.9872 0.0036 
 282      282   (0)      2 :  0.0010 0.0024 0.9926 0.0040 
 283      283   (0)      2 :  0.0040 0.0020 0.9904 0.0036 
 284      284   (0)      2 :  0.0040 0.0010 0.9926 0.0024 
 285      285   (0)      2 :  0.0030 0.0040 0.9900 0.0030 
 286      286   (0)      2 :  0.0020 0.0024 0.9936 0.0020 
 287      287   (0)      2 :  0.0020 0.0016 0.9954 0.0010 
 288      288   (0)      2 :  0.0010 0.0020 0.9950 0.0020 
 289      289   (0)      2 :  0.0020 0.0020 0.9948 0.0012 
 290      290   (0)      2 :  0.0010 0.0028 0.9936 0.0026 
 291      291   (0)      2 :  0.1271 0.0030 0.8569 0.0130 
 292      292   (0)      2 :  0.0030 0.0010 0.9940 0.0020 
 293      293   (0)      2 :  0.0094 0.0024 0.9828 0.0054 
 294      294   (0)      2 :  0.0020 0.0020 0.9940 0.0020 
 295      295   (0)      2 :  0.0020 0.0060 0.9890 0.0030 
 296      296   (0)      2 :  0.0060 0.0026 0.9882 0.0032 
 297      297   (0)      2 :  0.0040 0.0108 0.9746 0.0106 
 298      298   (0)      2 :  0.0020 0.0030 0.9930 0.0020 
 299      299   (0)      2 :  0.0010 0.0036 0.9944 0.0010 
 300      300   (0)      2 :  0.0010 0.0020 0.9950 0.0020 
 301      301   (0)      2 :  0.0070 0.0114 0.9790 0.0026 
 302      302   (0)      2 :  0.0020 0.0020 0.9946 0.0014 
 303      303   (0)      2 :  0.0020 0.0110 0.9834 0.0036 
 304      304   (0)      2 :  0.0020 0.0010 0.9960 0.0010 
 305      305   (0)      2 :  0.0050 0.0066 0.9854 0.0030 
 306      306   (0)      2 :  0.0010 0.0058 0.9864 0.0068 
 307      307   (0)      2 :  0.0020 0.0016 0.9940 0.0024 
 308      308   (0)      2 :  0.0010 0.0020 0.9950 0.0020 
 309      309   (0)      2 :  0.0020 0.0022 0.9870 0.0088 
 310      310   (0)      2 :  0.0040 0.0046 0.9832 0.0082 
 311      311   (0)      2 :  0.0010 0.0030 0.9916 0.0044 
 312      312   (0)      2 :  0.0020 0.0020 0.9940 0.0020 
 313      313   (0)      2 :  0.0022 0.0024 0.9934 0.0020 
 314      314   (0)      2 :  0.0072 0.0036 0.9532 0.0360 
 315      315   (0)      2 :  0.0030 0.0026 0.9914 0.0030 
 316      316   (0)      2 :  0.0040 0.0024 0.9916 0.0020 
 317      317   (0)      2 :  0.0020 0.0034 0.9902 0.0044 
 318      318   (0)      2 :  0.0040 0.0014 0.9926 0.0020 
 319      319   (0)      2 :  0.0020 0.0534 0.9416 0.0030 
 320      320   (0)      2 :  0.0040 0.0052 0.9836 0.0072 
 321      321   (0)      2 :  0.0020 0.0024 0.9936 0.0020 
 322      322   (0)      2 :  0.0020 0.0036 0.9924 0.0020 
 323      323   (0)      2 :  0.0010 0.0030 0.9940 0.0020 
 324      324   (0)      2 :  0.0010 0.0036 0.9934 0.0020 
 325      325   (0)      2 :  0.0078 0.0020 0.9872 0.0030 
 326      326   (0)      2 :  0.0020 0.0010 0.9956 0.0014 
 327      327   (0)      2 :  0.0020 0.0024 0.9916 0.0040 
 328      328   (0)      2 :  0.0060 0.0012 0.9904 0.0024 
 329      329   (0)      2 :  0.0010 0.0020 0.9950 0.0020 
 330      330   (0)      2 :  0.0040 0.0020 0.9920 0.0020 
 331      331   (0)      2 :  0.0050 0.0020 0.9900 0.0030 
 332      332   (0)      2 :  0.0020 0.0020 0.9940 0.0020 
 333      333   (0)      2 :  0.0040 0.0036 0.9900 0.0024 
 334      334   (0)      2 :  0.0020 0.0150 0.9790 0.0040 
 335      335   (0)      2 :  0.0142 0.0034 0.9764 0.0060 
 336      336   (0)      2 :  0.0030 0.0036 0.9914 0.0020 
 337      337   (0)      2 :  0.0020 0.0020 0.9940 0.0020 
 338      338   (0)      2 :  0.0010 0.0020 0.9950 0.0020 
 339      339   (0)      2 :  0.0038 0.0030 0.9892 0.0040 
 340      340   (0)      2 :  0.0020 0.0026 0.9934 0.0020 
 341      341   (0)      2 :  0.0020 0.0020 0.9940 0.0020 
 342      342   (0)      2 :  0.0020 0.0020 0.9934 0.0026 
 343      343   (0)      2 :  0.0020 0.0050 0.9890 0.0040 
 344      344   (0)      2 :  0.0020 0.0054 0.9890 0.0036 
 345      345   (0)      2 :  0.0010 0.0036 0.9934 0.0020 
 346      346   (0)      2 :  0.0010 0.0014 0.9956 0.0020 
 347      347   (0)      2 :  0.0010 0.0034 0.9936 0.0020 
 348      348   (0)      2 :  0.0050 0.0130 0.9732 0.0088 
 349      349   (0)      2 :  0.0050 0.0038 0.9836 0.0076 
 350      350   (0)      2 :  0.0034 0.0034 0.9896 0.0036 
 351      351   (5)      3 :  0.0040 0.0024 0.6379 0.3557 
 352      352   (0)      3 :  0.0150 0.0070 0.2984 0.6796 
 353      353   (0)      3 :  0.0322 0.0312 0.5731 0.3635 
 354      354   (5)      3 :  0.0068 0.0378 0.4428 0.5126 
 355      355   (5)      3 :  0.0098 0.0014 0.4014 0.5874 
 356      356   (0)      3 :  0.0316 0.0118 0.3574 0.5992 
 357      357   (0)      4 :  0.0036 0.0094 0.0184 0.9686 
 358      358   (0)      4 :  0.0030 0.0506 0.1034 0.8430 
 359      359  (10)      5 :  0.0062 0.0044 0.0114 0.9780 
 360      360   (5)      5 :  0.0150 0.0106 0.0032 0.9712 
 361      361   (5)      5 :  0.0056 0.0116 0.3494 0.6334 
 362      362   (5)      5 :  0.0020 0.0024 0.0020 0.9936 
 363      363  (10)      5 :  0.0086 0.0106 0.1520 0.8288 
 364      364   (5)      5 :  0.0096 0.0168 0.4292 0.5444 
 365      365  (10)      5 :  0.0030 0.0168 0.0852 0.8950 
 366      366   (0)      5 :  0.0580 0.0024 0.0058 0.9338 
 367      367   (0)      5 :  0.0020 0.0076 0.0178 0.9726 
 368      368   (0)      5 :  0.0068 0.0020 0.0020 0.9892 
 369      369   (0)      5 :  0.0092 0.0030 0.0048 0.9830 
 370      370   (0)      5 :  0.0026 0.0148 0.0188 0.9638 
 371      371   (0)      5 :  0.0036 0.0014 0.0190 0.9760 
 372      372   (0)      5 :  0.0040 0.0080 0.1384 0.8496 
 373      373   (0)      5 :  0.0024 0.0458 0.0192 0.9326 
 374      374   (0)      5 :  0.0030 0.0150 0.0722 0.9098 
 375      375   (0)      5 :  0.0026 0.0030 0.1606 0.8338 
 376      376   (0)      5 :  0.0040 0.0090 0.3943 0.5927 
 377      377   (0)      5 :  0.0062 0.0020 0.0034 0.9884 
 378      378   (5)      5 :  0.0838 0.0020 0.0206 0.8936 
 379      379   (0)      5 :  0.0060 0.0234 0.1036 0.8670 
 380      380   (0)      5 :  0.0036 0.0232 0.1549 0.8182 
 381      381   (5)      5 :  0.0136 0.0042 0.0790 0.9032 
 382      382   (5)      5 :  0.0090 0.0020 0.0312 0.9578 
 383      383   (0)      5 :  0.0518 0.0644 0.0616 0.8222 
 384      384   (0)      5 :  0.0070 0.0020 0.1354 0.8556 
 385      385   (0)      5 :  0.0030 0.0400 0.0086 0.9484 
 386      386   (0)      5 :  0.0046 0.0036 0.0020 0.9898 
 387      387   (0)      5 :  0.0062 0.0038 0.0020 0.9880 
 388      388   (0)      5 :  0.0040 0.0042 0.0028 0.9890 
 389      389   (0)      5 :  0.0334 0.0014 0.0020 0.9632 
 390      390   (0)      5 :  0.0026 0.0046 0.0204 0.9724 
 391      391   (0)      5 :  0.0290 0.0072 0.0730 0.8908 
 392      392   (0)      5 :  0.0156 0.1592 0.0024 0.8228 
 393      393   (0)      5 :  0.0052 0.0042 0.0578 0.9328 
 394      394   (0)      5 :  0.0030 0.0044 0.0914 0.9012 
 395      395   (0)      5 :  0.0118 0.0312 0.1473 0.8097 
 396      396   (0)      5 :  0.0050 0.0040 0.0030 0.9880 
 397      397   (0)      5 :  0.0180 0.0070 0.0784 0.8966 
 398      398   (0)      5 :  0.0020 0.0052 0.0162 0.9766 
 399      399   (0)      5 :  0.0014 0.0376 0.0098 0.9512 
 400      400   (0)      5 :  0.0020 0.0086 0.0114 0.9780 
 401      401  (10)      6 :  0.0028 0.0028 0.0020 0.9924 
 402      402   (0)      6 :  0.0030 0.0242 0.0034 0.9694 
 403      403   (0)      6 :  0.1584 0.0026 0.0276 0.8114 
 404      404   (0)      6 :  0.0052 0.0034 0.0020 0.9894 
 405      405   (0)      6 :  0.0024 0.0990 0.0030 0.8956 
 406      406   (5)      6 :  0.0020 0.0454 0.0020 0.9506 
 407      407   (0)      6 :  0.0030 0.0024 0.0020 0.9926 
 408      408   (0)      6 :  0.0010 0.0040 0.0026 0.9924 
 409      409   (0)      6 :  0.2060 0.0036 0.0010 0.7894 
 410      410   (0)      6 :  0.0016 0.0110 0.0158 0.9716 
 411      411   (0)      6 :  0.5338 0.0054 0.0018 0.4590 
 412      412   (0)      6 :  0.0066 0.0024 0.0020 0.9890 
 413      413   (0)      6 :  0.0036 0.0024 0.0010 0.9930 
 414      414   (0)      6 :  0.0020 0.0068 0.0026 0.9886 
 415      415   (5)      6 :  0.0138 0.0014 0.0026 0.9822 
 416      416   (0)      6 :  0.0030 0.0024 0.0036 0.9910 
 417      417   (0)      6 :  0.0106 0.0030 0.0050 0.9814 
 418      418   (0)      6 :  0.0112 0.0024 0.0014 0.9850 
 419      419   (0)      6 :  0.0030 0.0070 0.0020 0.9880 
 420      420   (0)      6 :  0.0026 0.0020 0.0010 0.9944 
 421      421   (0)      6 :  0.0020 0.0028 0.0020 0.9932 
 422      422   (5)      6 :  0.0040 0.0030 0.0020 0.9910 
 423      423   (5)      6 :  0.1120 0.0024 0.0036 0.8820 
 424      424   (5)      6 :  0.0062 0.0046 0.0030 0.9862 
 425      425   (0)      6 :  0.0016 0.0052 0.0034 0.9898 
 426      426   (0)      6 :  0.0020 0.0024 0.0010 0.9946 
 427      427   (0)      6 :  0.0058 0.0032 0.0020 0.9890 
 428      428   (0)      6 :  0.0016 0.0056 0.0026 0.9902 
 429      429   (0)      6 :  0.0030 0.0028 0.0020 0.9922 
 430      430   (0)      6 :  0.0084 0.0024 0.0056 0.9836 
 431      431   (0)      6 :  0.0300 0.0024 0.0044 0.9632 
 432      432   (0)      6 :  0.0040 0.0020 0.0020 0.9920 
 433      433   (0)      6 :  0.0026 0.0042 0.0020 0.9912 
 434      434   (0)      6 :  0.0108 0.0020 0.0032 0.9840 
 435      435   (0)      6 :  0.0020 0.0062 0.0024 0.9894 
 436      436   (0)      6 :  0.0708 0.0038 0.0030 0.9224 
 437      437   (5)      6 :  0.0128 0.0054 0.0034 0.9784 
 438      438   (0)      6 :  0.0058 0.0024 0.0098 0.9820 
 439      439   (0)      6 :  0.0046 0.0034 0.0020 0.9900 
 440      440   (0)      6 :  0.0058 0.0020 0.0036 0.9886 
 441      441   (0)      6 :  0.0056 0.0034 0.0030 0.9880 
 442      442   (0)      6 :  0.0080 0.0026 0.0042 0.9852 
 443      443   (5)      6 :  0.0124 0.0028 0.0020 0.9828 
 444      444   (5)      6 :  0.0078 0.0072 0.0044 0.9806 
 445      445   (5)      6 :  0.0190 0.0048 0.0024 0.9738 
 446      446   (5)      6 :  0.0144 0.0034 0.0034 0.9788 
 447      447   (5)      6 :  0.0088 0.0030 0.0046 0.9836 
 448      448   (5)      6 :  0.0070 0.0032 0.0140 0.9758 
 449      449   (0)      6 :  0.0052 0.0026 0.0026 0.9896 
 450      450   (5)      6 :  0.0050 0.0026 0.0020 0.9904 
 451      451   (0)      6 :  0.0040 0.0062 0.0020 0.9878 
 452      452   (0)      6 :  0.0278 0.0094 0.0088 0.9540 
 453      453   (0)      6 :  0.0072 0.0018 0.0020 0.9890 
 454      454   (0)      6 :  0.0020 0.0014 0.0016 0.9950 
 455      455   (0)      6 :  0.0046 0.0260 0.0030 0.9664 
 456      456   (0)      6 :  0.0060 0.0024 0.0020 0.9896 
 457      457   (0)      6 :  0.0106 0.0030 0.0020 0.9844 
 458      458   (0)      6 :  0.0036 0.0030 0.0026 0.9908 
 459      459   (0)      6 :  0.0822 0.0024 0.0020 0.9134 
 460      460   (0)      6 :  0.0058 0.0024 0.0026 0.9892 
 461      461   (0)      6 :  0.0020 0.0066 0.0024 0.9890 
 462      462   (0)      6 :  0.0020 0.9946 0.0014 0.0020 
 463      463   (0)      6 :  0.0068 0.0020 0.0010 0.9902 
 464      464   (0)      6 :  0.0056 0.0028 0.0010 0.9906 
 465      465   (0)      6 :  0.0030 0.0024 0.0020 0.9926 
 466      466   (0)      6 :  0.0030 0.0082 0.0024 0.9864 
 467      467   (0)      6 :  0.0010 0.0056 0.0020 0.9914 
 468      468   (0)      6 :  0.2743 0.0942 0.0040 0.6275 
 469      469   (0)      6 :  0.0312 0.0044 0.0030 0.9614 
 470      470   (0)      6 :  0.0066 0.0098 0.0024 0.9812 
 471      471   (0)      6 :  0.0030 0.0034 0.0020 0.9916 
 472      472   (0)      6 :  0.0030 0.0030 0.0018 0.9922 
 473      473   (0)      6 :  0.0056 0.0020 0.0030 0.9894 
 474      474   (0)      6 :  0.0038 0.0128 0.0030 0.9804 
 475      475   (0)      6 :  0.0036 0.0034 0.0020 0.9910 
 476      476   (0)      6 :  0.0020 0.0034 0.0010 0.9936 
 477      477   (0)      6 :  0.0026 0.0050 0.0020 0.9904 
 478      478   (0)      6 :  0.0422 0.0028 0.0036 0.9514 
 479      479   (0)      6 :  0.0184 0.0036 0.0040 0.9740 
 480      480   (0)      6 :  0.0024 0.0042 0.0026 0.9908 
 481      481   (0)      6 :  0.7777 0.0030 0.0010 0.2183 
 482      482   (0)      6 :  0.0030 0.0040 0.0020 0.9910 
 483      483   (0)      6 :  0.0034 0.0054 0.0020 0.9892 
 484      484   (0)      6 :  0.0044 0.0042 0.0020 0.9894 
 485      485   (0)      6 :  0.0030 0.0042 0.0010 0.9918 
 486      486   (0)      6 :  0.0030 0.0050 0.0026 0.9894 
 487      487   (0)      6 :  0.0020 0.0062 0.0020 0.9898 
 488      488   (0)      6 :  0.0128 0.0024 0.0020 0.9828 
 489      489   (0)      6 :  0.0060 0.0030 0.0020 0.9890 
 490      490   (0)      6 :  0.0046 0.0036 0.0016 0.9902 
 491      491   (0)      6 :  0.0082 0.0018 0.0020 0.9880 
 492      492   (0)      6 :  0.0026 0.0038 0.0034 0.9902 
 493      493  (10)      6 :  0.6591 0.0028 0.0030 0.3351 
 494      494   (0)      6 :  0.0102 0.0034 0.0020 0.9844 
 495      495   (0)      6 :  0.0050 0.0028 0.0020 0.9902 
 496      496   (0)      6 :  0.0450 0.0072 0.0024 0.9454 
 497      497   (0)      6 :  0.0588 0.0070 0.0040 0.9302 
 498      498   (0)      6 :  0.0020 0.0052 0.0024 0.9904 
 499      499   (0)      6 :  0.0030 0.0038 0.0020 0.9912 
 500      500   (0)      6 :  0.0094 0.0030 0.0026 0.9850 
 501      501   (0)      6 :  0.0026 0.0020 0.0010 0.9944 
 502      502   (0)      6 :  0.0046 0.0014 0.0010 0.9930 
 503      503   (0)      6 :  0.0128 0.0030 0.0030 0.9812 
 504      504   (0)      6 :  0.0038 0.0024 0.0010 0.9928 
 505      505   (0)      6 :  0.0082 0.0018 0.0020 0.9880 
 506      506   (0)      7 :  0.0036 0.0020 0.0562 0.9382 
 507      507  (10)      7 :  0.0092 0.0020 0.0056 0.9832 
 508      508  (10)      7 :  0.0050 0.0400 0.0052 0.9498 
 509      509   (5)      7 :  0.0046 0.0024 0.0020 0.9910 
 510      510   (5)      7 :  0.0180 0.0042 0.0020 0.9758 
 511      511   (0)      7 :  0.0140 0.0030 0.0016 0.9814 
 512      512   (5)      7 :  0.0684 0.0080 0.0020 0.9216 
 513      513   (5)      7 :  0.1115 0.0020 0.0030 0.8835 
 514      514   (0)      7 :  0.0138 0.0020 0.0016 0.9826 
 515      515   (0)      7 :  0.0052 0.0020 0.0016 0.9912 
 516      516   (0)      7 :  0.0052 0.0020 0.0016 0.9912 
 517      517   (0)      7 :  0.0036 0.0020 0.0010 0.9934 
 518      518   (0)      7 :  0.0040 0.0046 0.0020 0.9894 
 519      519   (5)      7 :  0.0042 0.0034 0.0016 0.9908 
 520      520   (5)      7 :  0.0056 0.0056 0.0272 0.9616 
 521      521  (10)      7 :  0.0072 0.0024 0.0036 0.9868 
 522      522   (0)      7 :  0.0036 0.0020 0.0020 0.9924 
 523      523   (5)      7 :  0.0338 0.0096 0.0040 0.9526 
 524      524   (5)      7 :  0.0026 0.0066 0.0026 0.9882 
 525      525   (0)      7 :  0.0026 0.0024 0.0010 0.9940 
 526      526   (5)      7 :  0.0202 0.0024 0.0020 0.9754 
 527      527   (0)      7 :  0.0020 0.0080 0.0056 0.9844 
 528      528   (5)      7 :  0.0118 0.0200 0.0010 0.9672 
 529      529   (0)      7 :  0.0394 0.0020 0.0022 0.9564 
 530      530   (0)      7 :  0.0710 0.0046 0.0040 0.9204 
 531      531   (0)      7 :  0.0066 0.0092 0.0052 0.9790 
 532      532   (0)      7 :  0.0704 0.0020 0.0020 0.9256 
 533      533   (0)      7 :  0.0130 0.0018 0.0020 0.9832 
 534      534   (0)      7 :  0.1958 0.0028 0.0030 0.7984 
 535      535   (0)      7 :  0.0206 0.0080 0.0114 0.9600 
 536      536   (0)      7 :  0.0036 0.0036 0.0036 0.9892 
 537      537   (0)      7 :  0.1393 0.0032 0.0058 0.8517 
 538      538   (0)      7 :  0.0106 0.0028 0.0020 0.9846 
 539      539   (0)      7 :  0.0030 0.0020 0.0036 0.9914 
 540      540   (0)      7 :  0.0044 0.0040 0.0056 0.9860 
 541      541   (0)      7 :  0.0028 0.0026 0.0016 0.9930 
 542      542   (0)      7 :  0.0020 0.0026 0.0052 0.9902 
 543      543   (0)      7 :  0.0026 0.0014 0.0020 0.9940 
 544      544   (5)      7 :  0.0046 0.0052 0.0026 0.9876 
 545      545   (5)      7 :  0.0210 0.0060 0.0024 0.9706 
 546      546   (0)      7 :  0.0020 0.0080 0.0030 0.9870 
 547      547  (15)      7 :  0.0054 0.0200 0.0074 0.9672 
 548      548  (10)      7 :  0.0290 0.0020 0.0016 0.9674 
 549      549  (10)      7 :  0.0036 0.0028 0.0020 0.9916 
 550      550  (10)      7 :  0.0050 0.0042 0.0024 0.9884 
 551      551   (5)      7 :  0.0068 0.0072 0.0020 0.9840 
 552      552   (5)      7 :  0.0110 0.0028 0.0020 0.9842 
 553      553   (5)      7 :  0.0020 0.0076 0.0020 0.9884 
 554      554   (5)      7 :  0.0188 0.0022 0.0020 0.9770 
 555      555   (5)      7 :  0.0036 0.0034 0.0020 0.9910 
 556      556   (5)      7 :  0.0026 0.0038 0.0020 0.9916 
 557      557  (15)      7 :  0.0054 0.0054 0.0054 0.9838 
 558      558   (5)      7 :  0.0062 0.0014 0.0278 0.9646 
 559      559   (5)      7 :  0.0052 0.0020 0.0018 0.9910 
 560      560  (15)      7 :  0.0100 0.0034 0.0030 0.9836 
 561      561   (5)      7 :  0.0060 0.0048 0.0254 0.9638 
 562      562   (5)      7 :  0.0084 0.0976 0.0260 0.8681 
 563      563   (5)      7 :  0.0020 0.0030 0.0020 0.9930 
 564      564   (5)      7 :  0.0220 0.0020 0.0020 0.9740 
 565      565  (10)      7 :  0.0040 0.0042 0.0030 0.9888 
 566      566   (5)      7 :  0.1464 0.0020 0.0020 0.8496 
 567      567   (5)      7 :  0.0010 0.0040 0.0020 0.9930 
 568      568  (10)      7 :  0.0350 0.0024 0.0020 0.9606 
 569      569  (10)      7 :  0.0040 0.0042 0.0030 0.9888 
 570      570  (10)      7 :  0.0042 0.0038 0.0486 0.9434 
 571      571  (10)      7 :  0.0182 0.0112 0.0274 0.9432 
 572      572   (5)      7 :  0.0042 0.0032 0.0014 0.9912 
 573      573  (10)      7 :  0.0070 0.2215 0.0030 0.7685 
 574      574   (0)      7 :  0.0266 0.0034 0.0010 0.9690 
 575      575   (5)      7 :  0.0582 0.0026 0.0020 0.9372 
 576      576   (0)      7 :  0.0052 0.0014 0.0020 0.9914 
 577      577   (0)      7 :  0.0020 0.0010 0.0010 0.9960 
 578      578   (0)      7 :  0.0036 0.0020 0.0048 0.9896 
 579      579   (0)      7 :  0.0092 0.0040 0.0192 0.9676 
 580      580   (0)      7 :  0.0036 0.0042 0.0010 0.9912 
 581      581   (0)      7 :  0.0498 0.0024 0.0084 0.9394 
 582      582   (0)      7 :  0.1552 0.0046 0.0030 0.8372 
 583      583  (10)      7 :  0.0052 0.0024 0.0072 0.9852 
 584      584  (10)      7 :  0.0030 0.0052 0.0196 0.9722 
 585      585   (0)      7 :  0.0076 0.0024 0.0084 0.9816 
 586      586   (5)      7 :  0.0040 0.0052 0.0980 0.8928 
 587      587   (0)      7 :  0.0086 0.0052 0.0030 0.9832 
 588      588   (5)      7 :  0.0038 0.0028 0.0066 0.9868 
 589      589   (5)      7 :  0.0156 0.0034 0.0020 0.9790 
 590      590   (5)      7 :  0.0190 0.0076 0.0030 0.9704 
 591      591  (10)      7 :  0.0052 0.0014 0.0020 0.9914 
 592      592   (0)      7 :  0.0036 0.0020 0.0020 0.9924 
 593      593   (0)      7 :  0.0046 0.0030 0.0020 0.9904 
 594      594   (0)      7 :  0.0030 0.0190 0.0370 0.9410 
 595      595   (0)      7 :  0.0026 0.0046 0.0020 0.9908 
 596      596   (0)      7 :  0.0056 0.0040 0.0034 0.9870 
 597      597   (0)      7 :  0.0036 0.0030 0.0020 0.9914 
 598      598   (0)      7 :  0.0526 0.0044 0.0020 0.9410 
 599      599   (0)      7 :  0.0040 0.0040 0.0020 0.9900 
 600      600   (0)      7 :  0.0394 0.0020 0.0020 0.9566 
 601      601   (0)      7 :  0.0042 0.0034 0.0026 0.9898 
 602      602   (0)      7 :  0.0030 0.0042 0.0026 0.9902 
 603      603   (0)      7 :  0.0168 0.0058 0.0098 0.9676 
 604      604   (0)      7 :  0.0050 0.0112 0.0052 0.9786 
 605      605   (0)      7 :  0.0044 0.0266 0.0048 0.9642 
 606      606   (0)      7 :  0.0288 0.0108 0.0020 0.9584 
 607      607   (0)      7 :  0.0048 0.0020 0.0192 0.9740 
 608      608   (0)      7 :  0.0056 0.0018 0.0020 0.9906 
 609      609   (5)      7 :  0.0036 0.0042 0.0020 0.9902 
 610      610   (0)      7 :  0.0098 0.0036 0.0020 0.9846 
 611      611   (5)      7 :  0.0024 0.0098 0.3005 0.6873 
 612      612   (0)      7 :  0.0030 0.0040 0.0020 0.9910 
 613      613   (0)      7 :  0.1105 0.0046 0.0062 0.8787 
 614      614   (0)      7 :  0.0062 0.0170 0.0030 0.9738 
 615      615   (0)      7 :  0.0074 0.0024 0.0020 0.9882 
 616      616   (0)      7 :  0.0062 0.0020 0.0020 0.9898 
 617      617   (0)      7 :  0.0098 0.0086 0.0020 0.9796 
 618      618   (0)      7 :  0.0328 0.0014 0.0020 0.9638 
 619      619   (0)      7 :  0.0036 0.0010 0.0016 0.9938 
 620      620   (0)      7 :  0.0036 0.0030 0.0020 0.9914 
 621      621   (0)      7 :  0.0030 0.0020 0.0020 0.9930 
 622      622   (0)      7 :  0.0612 0.0046 0.0090 0.9252 
 623      623   (0)      7 :  0.0030 0.0032 0.0016 0.9922 
 624      624   (0)      7 :  0.0026 0.0024 0.0088 0.9862 
 625      625   (5)      7 :  0.0042 0.0034 0.0020 0.9904 
 626      626   (0)      7 :  0.0106 0.0026 0.0036 0.9832 
 627      627   (0)      7 :  0.0104 0.0072 0.0030 0.9794 
 628      628   (0)      7 :  0.0074 0.0020 0.0064 0.9842 
 629      629  (10)      7 :  0.0122 0.0024 0.0020 0.9834 
 630      630   (0)      7 :  0.0036 0.0014 0.0020 0.9930 
 631      631   (0)      7 :  0.0056 0.0014 0.0020 0.9910 
 632      632   (0)      7 :  0.0036 0.0026 0.0080 0.9858 
 633      633  (10)      7 :  0.0030 0.0020 0.0010 0.9940 
 634      634   (5)      7 :  0.0030 0.0056 0.0020 0.9894 
 635      635   (0)      7 :  0.0040 0.0028 0.0026 0.9906 
 636      636   (5)      7 :  0.0042 0.0020 0.0026 0.9912 
 637      637   (5)      7 :  0.0020 0.0018 0.0010 0.9952 
 638      638  (10)      7 :  0.0030 0.0042 0.0020 0.9908 
 639      639   (0)      7 :  0.0094 0.0014 0.0020 0.9872 
 640      640   (5)      7 :  0.0036 0.0302 0.0112 0.9550 
 641      641  (10)      7 :  0.0076 0.0024 0.0020 0.9880 
 642      642   (0)      7 :  0.0036 0.0084 0.0024 0.9856 
 643      643   (0)      7 :  0.0078 0.0040 0.0136 0.9746 
 644      644   (0)      7 :  0.0020 0.0336 0.0040 0.9604 
 645      645   (0)      7 :  0.0088 0.0926 0.0050 0.8936 
 646      646   (0)      7 :  0.0084 0.0028 0.0020 0.9868 
 647      647   (0)      7 :  0.0026 0.0024 0.0046 0.9904 
 648      648   (0)      7 :  0.0176 0.0024 0.0020 0.9780 
 649      649   (0)      7 :  0.0086 0.0040 0.0020 0.9854 
 650      650   (0)      7 :  0.0066 0.0014 0.0016 0.9904 
 651      651   (5)      7 :  0.0020 0.0082 0.0058 0.9840 
 652      652   (0)      7 :  0.0068 0.0014 0.0010 0.9908 
 653      653   (0)      7 :  0.2775 0.0272 0.0030 0.6923 
 654      654   (0)      7 :  0.0036 0.0046 0.0026 0.9892 
 655      655   (5)      7 :  0.0098 0.0036 0.0040 0.9826 
 656      656   (0)      7 :  0.0068 0.0014 0.0026 0.9892 
 657      657   (0)      7 :  0.0074 0.0102 0.0044 0.9780 
 658      658   (0)      7 :  0.0120 0.0038 0.0020 0.9822 
 659      659   (0)      7 :  0.0168 0.0044 0.0010 0.9778 
 660      660   (0)      7 :  0.0036 0.0036 0.0020 0.9908 
 661      661   (0)      7 :  0.0452 0.0076 0.0034 0.9438 
 662      662   (0)      7 :  0.0040 0.0022 0.0048 0.9890 
 663      663   (0)      7 :  0.0056 0.0038 0.0020 0.9886 
 664      664   (0)      7 :  0.0066 0.0034 0.0020 0.9880 
 665      665   (0)      7 :  0.0040 0.0050 0.0056 0.9854 
 666      666   (0)      7 :  0.1545 0.0024 0.0020 0.8411 
 667      667   (0)      7 :  0.0078 0.0016 0.0010 0.9896 
 668      668   (0)      7 :  0.0030 0.0020 0.0020 0.9930 
 669      669   (0)      7 :  0.0030 0.0024 0.0010 0.9936 
 670      670   (0)      7 :  0.0030 0.0020 0.0016 0.9934 
 671      671   (0)      7 :  0.0040 0.0024 0.0020 0.9916 
 672      672   (0)      7 :  0.0042 0.0044 0.0020 0.9894 
 673      673   (0)      7 :  0.0040 0.0034 0.0068 0.9858 
 674      674   (0)      7 :  0.0066 0.0020 0.0030 0.9884 
 675      675   (0)      7 :  0.0026 0.0020 0.0020 0.9934 
 676      676  (10)      7 :  0.0048 0.0032 0.0040 0.9880 
 677      677   (5)      7 :  0.0108 0.0722 0.0020 0.9151 
 678      678  (10)      7 :  0.0040 0.0038 0.0030 0.9892 
 679      679   (5)      7 :  0.0158 0.0422 0.0606 0.8814 
 680      680  (10)      7 :  0.0102 0.0026 0.0020 0.9852 
 681      681  (10)      7 :  0.0536 0.0090 0.0024 0.9350 
 682      682   (0)      7 :  0.0230 0.0090 0.0040 0.9640 
 683      683   (5)      7 :  0.0082 0.0032 0.0044 0.9842 
 684      684   (5)      7 :  0.0038 0.0070 0.0184 0.9708 
 685      685  (10)      7 :  0.0174 0.0166 0.0050 0.9610 
 686      686   (0)      7 :  0.0112 0.0024 0.0020 0.9844 
 687      687   (0)      7 :  0.0046 0.0020 0.0030 0.9904 
 688      688   (0)      7 :  0.0040 0.0024 0.0020 0.9916 
 689      689   (0)      7 :  0.0030 0.0014 0.0026 0.9930 
 690      690   (0)      7 :  0.1290 0.0028 0.0226 0.8456 
 691      691   (0)      7 :  0.0014 0.0044 0.0574 0.9368 
 692      692   (0)      7 :  0.0050 0.0028 0.1057 0.8865 
 693      693   (0)      7 :  0.0020 0.0038 0.0020 0.9922 
 694      694   (0)      7 :  0.0020 0.0050 0.0010 0.9920 
 695      695   (5)      7 :  0.0036 0.0112 0.0114 0.9738 
 696      696   (0)      7 :  0.0060 0.0364 0.0070 0.9506 
 697      697   (0)      7 :  0.0096 0.0026 0.0016 0.9862 
 698      698  (10)      7 :  0.0068 0.0024 0.0036 0.9872 
 699      699   (5)      7 :  0.0180 0.0026 0.0036 0.9758 
 700      700   (0)      7 :  0.0026 0.0020 0.0010 0.9944 
 701      701   (5)      7 :  0.0060 0.0056 0.0100 0.9784 
 702      702   (5)      7 :  0.0066 0.0046 0.0030 0.9858 
 703      703   (0)      7 :  0.0088 0.0028 0.0020 0.9864 
 704      704   (0)      7 :  0.0052 0.0034 0.0324 0.9590 
 705      705   (0)      7 :  0.0056 0.0024 0.0020 0.9900 
 706      706   (0)      7 :  0.0022 0.0060 0.0030 0.9888 
 707      707   (0)      7 :  0.0166 0.0020 0.0010 0.9804 
 708      708   (0)      7 :  0.0070 0.0024 0.0094 0.9812 
 709      709   (0)      7 :  0.0044 0.0050 0.0020 0.9886 
 710      710   (0)      7 :  0.0024 0.0028 0.0010 0.9938 
 711      711   (0)      7 :  0.0026 0.0024 0.0010 0.9940 
 712      712   (0)      7 :  0.0046 0.0028 0.0020 0.9906 
 713      713   (0)      7 :  0.0122 0.0048 0.0046 0.9784 
 714      714   (0)      7 :  0.0040 0.0130 0.0020 0.9810 
 715      715   (0)      7 :  0.0020 0.0074 0.0020 0.9886 
 716      716   (0)      7 :  0.0020 0.0048 0.0020 0.9912 
 717      717   (0)      7 :  0.0594 0.0030 0.0030 0.9346 
 718      718   (0)      7 :  0.0200 0.0086 0.0034 0.9680 
 719      719   (0)      7 :  0.0596 0.0030 0.0030 0.9344 
 720      720   (0)      7 :  0.0024 0.0036 0.0020 0.9920 
 721      721   (0)      7 :  0.0024 0.0040 0.0020 0.9916 
 722      722   (0)      7 :  0.0034 0.0024 0.0010 0.9932 
 723      723   (0)      7 :  0.0030 0.0018 0.0010 0.9942 
 724      724   (0)      7 :  0.0130 0.0014 0.0016 0.9840 
 725      725   (0)      7 :  0.0510 0.0020 0.0010 0.9460 
 726      726   (0)      7 :  0.0562 0.0024 0.0158 0.9256 
 727      727   (0)      7 :  0.0092 0.0054 0.0748 0.9106 
 728      728   (0)      7 :  0.0030 0.0024 0.0018 0.9928 
 729      729   (0)      7 :  0.0050 0.0110 0.0046 0.9794 
 730      730   (0)      7 :  0.0172 0.0020 0.0020 0.9788 
 731      731   (0)      7 :  0.0050 0.0190 0.0020 0.9740 
 732      732   (0)      7 :  0.0036 0.0024 0.0020 0.9920 
 733      733   (0)      7 :  0.0062 0.0034 0.0030 0.9874 
 734      734   (0)      7 :  0.0118 0.0024 0.0046 0.9812 
 735      735   (0)      7 :  0.0036 0.0040 0.0020 0.9904 
 736      736   (0)      7 :  0.0102 0.0028 0.0030 0.9840 
 737      737   (0)      7 :  0.0066 0.0014 0.0020 0.9900 
 738      738   (0)      7 :  0.0422 0.0028 0.0050 0.9500 
 739      739   (0)      7 :  0.0026 0.0020 0.0020 0.9934 
 740      740   (0)      7 :  0.0026 0.0020 0.0026 0.9928 
 741      741   (0)      7 :  0.0066 0.0024 0.0026 0.9884 
 742      742   (0)      7 :  0.0026 0.0030 0.0020 0.9924 
 743      743   (0)      7 :  0.0030 0.0022 0.0020 0.9928 
 744      744   (0)      7 :  0.0028 0.0024 0.0020 0.9928 
 745      745   (0)      7 :  0.0030 0.0024 0.0010 0.9936 
 746      746   (5)      8 :  0.0030 0.0056 0.0044 0.9870 
 747      747   (0)      8 :  0.0030 0.0074 0.0026 0.9870 
 748      748   (0)      8 :  0.0062 0.0036 0.0026 0.9876 
 749      749   (0)      8 :  0.0034 0.0038 0.0036 0.9892 
 750      750   (0)      8 :  0.0086 0.0020 0.0026 0.9868 
 751      751   (0)      8 :  0.0050 0.0102 0.1106 0.8742 
 752      752   (0)      8 :  0.0108 0.0076 0.0040 0.9776 
 753      753   (0)      8 :  0.0460 0.0060 0.0126 0.9354 
 754      754   (0)      8 :  0.0056 0.0090 0.0020 0.9834 
 755      755   (0)      8 :  0.0026 0.0020 0.0026 0.9928 
 756      756   (0)      8 :  0.0046 0.0020 0.0062 0.9872 
 757      757   (0)      8 :  0.0062 0.0026 0.0030 0.9882 
 758      758   (0)      8 :  0.0100 0.0034 0.0020 0.9846 
 759      759   (0)      8 :  0.0030 0.0024 0.0026 0.9920 
 760      760   (0)      8 :  0.0706 0.0034 0.0026 0.9234 
 761      761   (0)      8 :  0.0046 0.0020 0.0010 0.9924 
 762      762   (0)      8 :  0.0026 0.0034 0.0016 0.9924 
 763      763   (0)      8 :  0.0020 0.0028 0.0044 0.9908 
 764      764   (0)      8 :  0.0020 0.0028 0.0020 0.9932 
 765      765   (0)      8 :  0.0020 0.0104 0.0056 0.9820 
 766      766   (0)      8 :  0.1116 0.0048 0.0050 0.8786 
 767      767   (0)      8 :  0.0026 0.0326 0.0030 0.9618 
 768      768   (0)      8 :  0.0064 0.0082 0.0020 0.9834 
 769      769   (0)      8 :  0.0086 0.0066 0.0020 0.9828 
 770      770   (0)      8 :  0.0020 0.0024 0.0138 0.9818 
 771      771   (0)      8 :  0.0042 0.0104 0.0028 0.9826 
 772      772   (0)      8 :  0.0096 0.0186 0.0020 0.9698 
 773      773   (0)      8 :  0.0030 0.0096 0.0040 0.9834 
 774      774   (0)      8 :  0.0110 0.0024 0.0046 0.9820 
 775      775   (0)      8 :  0.0020 0.0056 0.0042 0.9882 
 776      776   (0)      8 :  0.0318 0.0028 0.0412 0.9242 
 777      777  (10)      8 :  0.0036 0.0044 0.0020 0.9900 
 778      778   (5)      8 :  0.0154 0.0024 0.0026 0.9796 
 779      779   (0)      8 :  0.0020 0.1771 0.0094 0.8115 
 780      780   (0)      8 :  0.0010 0.0042 0.0054 0.9894 
 781      781   (0)      8 :  0.0076 0.0046 0.0056 0.9822 
 782      782   (0)      8 :  0.0020 0.0036 0.0042 0.9902 
 783      783   (0)      8 :  0.0030 0.0126 0.0132 0.9712 
 784      784   (0)      8 :  0.0020 0.0048 0.0020 0.9912 
 785      785   (0)      8 :  0.0046 0.0028 0.0134 0.9792 
 786      786   (0)      8 :  0.0020 0.0088 0.0044 0.9848 
 787      787   (0)      8 :  0.0020 0.0088 0.0010 0.9882 
 788      788   (5)      8 :  0.0030 0.0490 0.0036 0.9444 
 789      789   (0)      8 :  0.0130 0.0470 0.0098 0.9302 
 790      790   (0)      8 :  0.0024 0.0060 0.0010 0.9906 
 791      791   (0)      8 :  0.0020 0.0817 0.0030 0.9133 
 792      792   (0)      8 :  0.0048 0.0068 0.0084 0.9800 
 793      793   (0)      8 :  0.0020 0.0458 0.0020 0.9502 
 794      794   (5)      8 :  0.0094 0.3442 0.0026 0.6438 
 795      795   (0)      8 :  0.0046 0.0366 0.0078 0.9510 
 796      796   (0)      8 :  0.0408 0.0024 0.0030 0.9538 
 797      797   (0)      8 :  0.0020 0.0318 0.0020 0.9642 
 798      798   (0)      8 :  0.0030 0.0078 0.0030 0.9862 
 799      799   (0)      8 :  0.0092 0.0030 0.0020 0.9858 
 800      800   (0)      8 :  0.0048 0.0024 0.0020 0.9908 
 801      801   (5)      8 :  0.0040 0.0050 0.0030 0.9880 
 802      802   (5)      8 :  0.0020 0.0972 0.0040 0.8968 
 803      803   (0)      8 :  0.0026 0.0052 0.0020 0.9902 
 804      804   (0)      8 :  0.0070 0.0432 0.0026 0.9472 
 805      805   (0)      8 :  0.0020 0.0142 0.0054 0.9784 
 806      806   (0)      8 :  0.0020 0.0024 0.0020 0.9936 
 807      807   (0)      8 :  0.0036 0.0038 0.0026 0.9900 
 808      808   (0)      8 :  0.0044 0.0422 0.0172 0.9362 
 809      809   (0)      8 :  0.0020 0.0296 0.0040 0.9644 
 810      810   (0)      8 :  0.0032 0.0158 0.0010 0.9800 
 811      811   (0)      8 :  0.0050 0.0250 0.0010 0.9690 
 812      812   (0)      8 :  0.0026 0.0030 0.0016 0.9928 
 813      813   (0)      8 :  0.0030 0.0436 0.0038 0.9496 
 814      814   (0)      9 :  0.0052 0.0020 0.0020 0.9908 
 815      815   (0)      9 :  0.0058 0.0020 0.0020 0.9902 
 816      816   (0)      9 :  0.0046 0.0030 0.0036 0.9888 
 817      817   (0)      9 :  0.0050 0.0024 0.0046 0.9880 
 818      818   (0)      9 :  0.0036 0.0034 0.0026 0.9904 
 819      819   (0)      9 :  0.0020 0.0040 0.0010 0.9930 
 820      820   (0)      9 :  0.0042 0.0024 0.0020 0.9914 
 821      821   (0)      9 :  0.0020 0.0925 0.0096 0.8959 
 822      822   (0)      9 :  0.0070 0.0082 0.0074 0.9774 
 823      823   (0)      9 :  0.0064 0.0076 0.0030 0.9830 
 824      824   (0)      9 :  0.0030 0.0030 0.0020 0.9920 
 825      825   (0)      9 :  0.0036 0.0048 0.0030 0.9886 
 826      826   (0)      9 :  0.0014 0.0048 0.0026 0.9912 
 827      827   (0)      9 :  0.0048 0.0032 0.0020 0.9900 
 828      828   (0)      9 :  0.0020 0.0024 0.0070 0.9886 
 829      829   (0)      9 :  0.0030 0.0030 0.0020 0.9920 
 830      830   (0)      9 :  0.0048 0.0066 0.0020 0.9866 
 831      831   (0)      9 :  0.0026 0.0202 0.0030 0.9742 
 832      832   (0)      9 :  0.0020 0.0036 0.0020 0.9924 
 833      833   (0)      9 :  0.0030 0.0036 0.0016 0.9918 
 834      834   (0)      9 :  0.0034 0.0066 0.0020 0.9880 
 835      835   (0)      9 :  0.0050 0.0086 0.0030 0.9834 
 836      836   (0)      9 :  0.0056 0.0018 0.0020 0.9906 
 837      837   (0)      9 :  0.0100 0.0044 0.0020 0.9836 
 838      838   (0)      9 :  0.0026 0.0044 0.0020 0.9910 
 839      839   (0)      9 :  0.0026 0.0034 0.0116 0.9824 
 840      840   (0)      9 :  0.0020 0.0046 0.0020 0.9914 
 841      841   (0)      9 :  0.0052 0.0020 0.0110 0.9818 
 842      842   (0)      9 :  0.0020 0.0028 0.0260 0.9692 
 843      843   (0)      9 :  0.0084 0.0110 0.0040 0.9766 
 844      844   (0)      9 :  0.0070 0.0028 0.0044 0.9858 
 845      845   (0)     10 :  0.0020 0.0028 0.0020 0.9932 
 846      846   (0)     10 :  0.0030 0.0052 0.0040 0.9878 
 847      847   (0)     10 :  0.0066 0.0024 0.0020 0.9890 
 848      848   (0)     10 :  0.0020 0.0036 0.0030 0.9914 
 849      849   (0)     10 :  0.0104 0.0110 0.0158 0.9628 
 850      850   (0)     10 :  0.0020 0.0014 0.0020 0.9946 
 851      851   (0)     10 :  0.0166 0.0024 0.0020 0.9790 
 852      852   (0)     10 :  0.0076 0.0038 0.0020 0.9866 
 853      853   (0)     10 :  0.0090 0.0090 0.0020 0.9800 
 854      854   (0)     10 :  0.0030 0.0036 0.0030 0.9904 
 855      855   (0)     10 :  0.0030 0.0066 0.0014 0.9890 
 856      856   (0)     10 :  0.0078 0.0024 0.0020 0.9878 
 857      857   (0)     10 :  0.0020 0.0020 0.0020 0.9940 
 858      858   (0)     10 :  0.0026 0.0034 0.0020 0.9920 
 859      859   (0)     10 :  0.0012 0.0032 0.0154 0.9802 
 860      860   (0)     10 :  0.0030 0.0038 0.0024 0.9908 
 861      861   (0)     10 :  0.0036 0.0418 0.0024 0.9522 
 862      862   (0)     10 :  0.0020 0.0252 0.0024 0.9704 
 863      863   (0)     10 :  0.0058 0.0180 0.0322 0.9440 
 864      864   (0)     10 :  0.0040 0.0138 0.0034 0.9788 
 865      865   (0)     10 :  0.0016 0.0026 0.0026 0.9932 
 866      866   (0)     10 :  0.0026 0.0078 0.0020 0.9876 
 867      867   (0)     10 :  0.0020 0.0020 0.0072 0.9888 
 868      868   (0)     10 :  0.0030 0.0032 0.0020 0.9918 
 869      869   (0)     10 :  0.0036 0.0116 0.0040 0.9808 
 870      870   (0)     10 :  0.0058 0.0066 0.0054 0.9822 
 871      871   (0)     10 :  0.0016 0.0024 0.0020 0.9940 
 872      872   (0)     10 :  0.0020 0.0086 0.0020 0.9874 
 873      873   (0)     10 :  0.0020 0.0034 0.0030 0.9916 
 874      874   (0)     10 :  0.0052 0.0020 0.0042 0.9886 
 875      875   (0)     10 :  0.0052 0.0020 0.0026 0.9902 
 876      876   (0)     10 :  0.0062 0.0032 0.0020 0.9886 
 877      877   (0)     10 :  0.0020 0.0014 0.0020 0.9946 
 878      878   (0)     10 :  0.0034 0.0122 0.0020 0.9824 
 879      879   (0)     10 :  0.0056 0.0058 0.0020 0.9866 
 880      880   (0)     10 :  0.0010 0.0028 0.0046 0.9916 
 881      881   (0)     10 :  0.0030 0.0152 0.0020 0.9798 
 882      882   (0)     10 :  0.0020 0.0034 0.0030 0.9916 
 883      883   (0)     10 :  0.0020 0.0114 0.0040 0.9826 
 884      884   (0)     10 :  0.0020 0.0264 0.0084 0.9632 
 885      885   (0)     10 :  0.0060 0.0042 0.0248 0.9650 
 886      886   (0)     10 :  0.0030 0.0030 0.0026 0.9914 
 887      887   (0)     10 :  0.0052 0.0050 0.0072 0.9826 
 888      888   (0)     10 :  0.0030 0.0080 0.0016 0.9874 
 889      889   (0)     10 :  0.0020 0.0024 0.0022 0.9934 
 890      890   (0)     10 :  0.0036 0.0020 0.0016 0.9928 
 891      891   (0)     10 :  0.0036 0.0028 0.0020 0.9916 
 892      892   (0)     10 :  0.0058 0.0036 0.0020 0.9886 
 893      893   (0)     10 :  0.0040 0.0028 0.0034 0.9898 
 894      894   (0)     10 :  0.0014 0.0078 0.0020 0.9888 
 895      895   (0)     10 :  0.0030 0.0042 0.0036 0.9892 
 896      896   (0)     10 :  0.0020 0.0028 0.0034 0.9918 
 897      897   (0)     10 :  0.0020 0.0042 0.0030 0.9908 
 898      898   (0)     10 :  0.0042 0.0040 0.0066 0.9852 
 899      899   (0)     10 :  0.0066 0.0058 0.0040 0.9836 
 900      900   (0)     10 :  0.0032 0.0056 0.0316 0.9596 
 901      901   (0)     10 :  0.0066 0.0050 0.0026 0.9858 
 902      902   (0)     10 :  0.0020 0.0030 0.0020 0.9930 
 903      903   (0)     10 :  0.0044 0.0212 0.0020 0.9724 
 904      904   (0)     10 :  0.0030 0.0028 0.0020 0.9922 
 905      905   (0)     10 :  0.0046 0.0074 0.0020 0.9860 
 906      906   (0)     10 :  0.0058 0.0022 0.0010 0.9910 
 907      907   (0)     10 :  0.0042 0.0032 0.0020 0.9906 
 908      908   (0)     10 :  0.0010 0.0020 0.0088 0.9882 
 909      909   (0)     10 :  0.0026 0.0036 0.0044 0.9894 
 910      910   (0)     10 :  0.0030 0.0024 0.0056 0.9890 
 911      911   (0)     10 :  0.0222 0.0034 0.0092 0.9652 
 912      912   (0)     10 :  0.0036 0.0020 0.0020 0.9924 
 913      913   (0)     10 :  0.0040 0.0024 0.0076 0.9860 
 914      914   (0)     10 :  0.0026 0.0020 0.0056 0.9898 
 915      915   (0)     10 :  0.0020 0.0028 0.0050 0.9902 
 916      916   (0)     10 :  0.0076 0.0072 0.0068 0.9784 
 917      917   (0)     10 :  0.0020 0.0052 0.0094 0.9834 
 918      918   (0)     10 :  0.0020 0.0014 0.0010 0.9956 
 919      919   (0)     10 :  0.0030 0.0072 0.0030 0.9868 
 920      920   (0)     10 :  0.0020 0.0028 0.0020 0.9932 
 921      921   (0)     10 :  0.0030 0.0030 0.0010 0.9930 
 922      922   (0)     10 :  0.0020 0.0070 0.0050 0.9860 
 923      923   (0)     10 :  0.0226 0.0072 0.0020 0.9682 
 924      924   (0)     10 :  0.0026 0.0014 0.0012 0.9948 
 925      925   (0)     10 :  0.0020 0.0020 0.0020 0.9940 
 926      926   (0)     10 :  0.0020 0.0034 0.0026 0.9920 
 927      927   (0)     10 :  0.0036 0.0040 0.0046 0.9878 
 928      928   (0)     10 :  0.0036 0.0028 0.0010 0.9926 
 929      929   (0)     10 :  0.0020 0.0024 0.0036 0.9920 
 930      930   (0)     10 :  0.0020 0.0020 0.0044 0.9916 
 931      931   (0)     10 :  0.0040 0.0032 0.0020 0.9908 
 932      932   (0)     10 :  0.0054 0.0052 0.0014 0.9880 
 933      933   (0)     10 :  0.0036 0.0032 0.0020 0.9912 
 934      934   (0)     10 :  0.0040 0.0056 0.0020 0.9884 
 935      935   (0)     10 :  0.0030 0.0044 0.0040 0.9886 
 936      936   (0)     10 :  0.0030 0.0088 0.0020 0.9862 
 937      937   (0)     10 :  0.0322 0.0020 0.0020 0.9638 
 938      938   (0)     10 :  0.0030 0.0054 0.0046 0.9870 
 939      939   (0)     10 :  0.0036 0.0014 0.0014 0.9936 
 940      940   (0)     10 :  0.0020 0.0036 0.0030 0.9914 
 941      941   (0)     10 :  0.0056 0.0054 0.0036 0.9854 
 942      942   (0)     10 :  0.0022 0.0058 0.0022 0.9898 
 943      943   (0)     10 :  0.0050 0.0042 0.0098 0.9810 
 944      944   (0)     10 :  0.0020 0.0028 0.0020 0.9932 
 945      945   (0)     10 :  0.0020 0.0024 0.0020 0.9936 
 946      946   (0)     10 :  0.0036 0.0086 0.0020 0.9858 
 947      947   (0)     10 :  0.0180 0.0030 0.0020 0.9770 
 948      948   (0)     10 :  0.0020 0.0156 0.0024 0.9800 
 949      949   (0)     10 :  0.0036 0.0024 0.0020 0.9920 
 950      950   (0)     10 :  0.0044 0.0036 0.0026 0.9894 
 951      951   (0)     10 :  0.0058 0.0078 0.0066 0.9798 
 952      952   (0)     10 :  0.0046 0.0034 0.0030 0.9890 
 953      953   (0)     10 :  0.0024 0.0018 0.0020 0.9938 
 954      954   (0)     10 :  0.0244 0.0110 0.0090 0.9556 
 955      955   (0)     10 :  0.0030 0.0280 0.0050 0.9640 
 956      956   (0)     10 :  0.0020 0.0066 0.0010 0.9904 
 957      957   (0)     10 :  0.0036 0.0156 0.0044 0.9764 
 958      958   (0)     10 :  0.0040 0.0136 0.0030 0.9794 
 959      959   (0)     10 :  0.0128 0.0032 0.0020 0.9820 
 960      960   (0)     10 :  0.0020 0.0026 0.0010 0.9944 
 961      961   (0)     10 :  0.0020 0.0042 0.0038 0.9900 
 962      962   (0)     10 :  0.0010 0.0070 0.0056 0.9864 
 963      963   (0)     10 :  0.0070 0.0080 0.0074 0.9776 
 964      964   (0)     10 :  0.0036 0.0386 0.0142 0.9436 
 965      965   (0)     10 :  0.0044 0.0014 0.0020 0.9922 
 966      966   (0)     10 :  0.0050 0.0024 0.0110 0.9816 
 967      967   (0)     10 :  0.0042 0.0010 0.0056 0.9892 
 968      968   (0)     10 :  0.0020 0.0024 0.0030 0.9926 
 969      969   (0)     10 :  0.0028 0.0072 0.0020 0.9880 
 970      970   (0)     11 :  0.0030 0.0030 0.0026 0.9914 
 971      971   (0)     11 :  0.0030 0.0226 0.0062 0.9682 
 972      972   (0)     11 :  0.0046 0.0050 0.0040 0.9864 
 973      973   (0)     11 :  0.0048 0.0134 0.0020 0.9798 
 974      974   (0)     11 :  0.0036 0.0030 0.0020 0.9914 
 975      975   (0)     11 :  0.0030 0.0090 0.0058 0.9822 
 976      976   (0)     11 :  0.0010 0.0122 0.0088 0.9780 
 977      977   (0)     11 :  0.0020 0.0028 0.0482 0.9470 
 978      978   (0)     11 :  0.0026 0.0104 0.0192 0.9678 
 979      979   (0)     11 :  0.0348 0.0208 0.0072 0.9372 
 980      980   (0)     11 :  0.0020 0.0040 0.0026 0.9914 
 981      981   (0)     11 :  0.0030 0.0136 0.0020 0.9814 
 982      982   (0)     11 :  0.0020 0.0058 0.0020 0.9902 
 983      983   (0)     11 :  0.0036 0.0060 0.0042 0.9862 
 984      984   (0)     11 :  0.0020 0.0038 0.0038 0.9904 
 985      985  (10)     11 :  0.0026 0.0052 0.0036 0.9886 
 986      986   (0)     11 :  0.0038 0.0122 0.0030 0.9810 
 987      987   (0)     11 :  0.0078 0.0130 0.0288 0.9504 
 988      988   (0)     11 :  0.0052 0.0056 0.0020 0.9872 
 989      989   (0)     11 :  0.0040 0.2294 0.0040 0.7626 
 990      990   (5)     11 :  0.0020 0.0072 0.0062 0.9846 
 991      991   (0)     11 :  0.0066 0.0030 0.0030 0.9874 
 992      992   (0)     11 :  0.0010 0.0092 0.0026 0.9872 
 993      993   (0)     11 :  0.0070 0.0522 0.0348 0.9060 
 994      994   (0)     11 :  0.0026 0.0038 0.0098 0.9838 
 995      995   (0)     11 :  0.0046 0.0028 0.0020 0.9906 
 996      996   (0)     11 :  0.0010 0.0064 0.0046 0.9880 
 997      997   (5)     11 :  0.0020 0.0118 0.0020 0.9842 
 998      998   (0)     11 :  0.0042 0.0036 0.0068 0.9854 
 999      999   (0)     11 :  0.0026 0.0036 0.0042 0.9896 
1000     1000   (0)     11 :  0.0020 0.0192 0.0056 0.9732 
1001     1001   (0)     11 :  0.0074 0.0032 0.0030 0.9864 
1002     1002   (0)     11 :  0.0038 0.0048 0.0030 0.9884 
1003     1003   (0)     11 :  0.0126 0.0088 0.0020 0.9766 
1004     1004   (0)     11 :  0.0030 0.0038 0.0026 0.9906 
1005     1005   (0)     11 :  0.0046 0.0040 0.0020 0.9894 
1006     1006   (0)     11 :  0.0020 0.0100 0.0016 0.9864 
1007     1007   (5)     11 :  0.0086 0.0046 0.0040 0.9828 
1008     1008   (0)     11 :  0.0020 0.0100 0.0024 0.9856 
1009     1009   (0)     11 :  0.0020 0.0038 0.0036 0.9906 
1010     1010   (0)     11 :  0.0020 0.0038 0.0010 0.9932 
1011     1011   (5)     11 :  0.0026 0.0036 0.0152 0.9786 
1012     1012   (5)     11 :  0.0036 0.0340 0.0020 0.9604 
1013     1013  (10)     11 :  0.0030 0.0060 0.0040 0.9870 
1014     1014   (5)     11 :  0.0020 0.0422 0.0030 0.9528 
1015     1015   (5)     11 :  0.0026 0.0028 0.0020 0.9926 
1016     1016   (5)     11 :  0.0036 0.0026 0.0030 0.9908 
1017     1017   (5)     11 :  0.0030 0.0894 0.0036 0.9040 
1018     1018   (5)     11 :  0.0038 0.0058 0.0026 0.9878 
1019     1019  (10)     11 :  0.0030 0.0030 0.0026 0.9914 
1020     1020   (5)     11 :  0.0036 0.0166 0.0056 0.9742 
1021     1021   (5)     11 :  0.0024 0.0024 0.0030 0.9922 
1022     1022   (5)     11 :  0.0114 0.0152 0.0030 0.9704 
1023     1023   (0)     12 :  0.0026 0.0028 0.0020 0.9926 
1024     1024   (0)     12 :  0.0052 0.0068 0.0070 0.9810 
1025     1025   (0)     12 :  0.0030 0.0084 0.0040 0.9846 
1026     1026   (0)     12 :  0.0054 0.0186 0.0162 0.9598 
1027     1027   (0)     12 :  0.0020 0.0048 0.0022 0.9910 
1028     1028   (0)     12 :  0.0030 0.0056 0.0030 0.9884 
1029     1029   (0)     12 :  0.0020 0.0030 0.0128 0.9822 
1030     1030   (0)     12 :  0.0054 0.0160 0.0038 0.9748 
1031     1031   (0)     12 :  0.0028 0.0046 0.0030 0.9896 
1032     1032   (0)     12 :  0.0030 0.0024 0.0020 0.9926 
1033     1033   (0)     12 :  0.0030 0.0058 0.0020 0.9892 
1034     1034   (0)     12 :  0.0054 0.0800 0.0076 0.9070 
1035     1035   (0)     12 :  0.0030 0.0032 0.0020 0.9918 
1036     1036   (0)     12 :  0.0020 0.0192 0.0072 0.9716 
1037     1037   (0)     12 :  0.0020 0.0052 0.0026 0.9902 
1038     1038   (0)     12 :  0.0020 0.0040 0.0030 0.9910 
1039     1039   (0)     12 :  0.0020 0.0102 0.0026 0.9852 
1040     1040   (0)     12 :  0.0040 0.0028 0.0020 0.9912 
1041     1041   (0)     12 :  0.0040 0.0340 0.0088 0.9532 
1042     1042   (0)     12 :  0.0152 0.0130 0.0042 0.9676 
1043     1043   (0)     12 :  0.0020 0.0038 0.0040 0.9902 
1044     1044   (0)     12 :  0.0020 0.0142 0.0046 0.9792 
1045     1045   (0)     12 :  0.0020 0.0042 0.0054 0.9884 
1046     1046   (0)     12 :  0.0086 0.0024 0.0010 0.9880 
1047     1047   (0)     12 :  0.0020 0.0030 0.0026 0.9924 
1048     1048   (0)     12 :  0.0034 0.0468 0.0142 0.9356 
1049     1049   (0)     12 :  0.0050 0.0653 0.1035 0.8263 
1050     1050   (0)     12 :  0.0064 0.0020 0.0042 0.9874 
1051     1051   (0)     12 :  0.0030 0.0050 0.0020 0.9900 
1052     1052   (0)     12 :  0.0068 0.0046 0.0590 0.9296 
1053     1053   (0)     12 :  0.0020 0.0040 0.0054 0.9886 
1054     1054   (0)     12 :  0.0076 0.0062 0.0048 0.9814 
1055     1055   (0)     12 :  0.0020 0.0030 0.0020 0.9930 
1056     1056   (0)     12 :  0.0044 0.0084 0.0020 0.9852 
1057     1057   (0)     12 :  0.0036 0.0014 0.0184 0.9766 
1058     1058   (0)     12 :  0.0144 0.0114 0.0026 0.9716 
1059     1059   (0)     12 :  0.0020 0.0054 0.0046 0.9880 
1060     1060   (0)     12 :  0.0046 0.0026 0.0052 0.9876 
1061     1061   (0)     12 :  0.0050 0.0082 0.0050 0.9818 
1062     1062   (0)     12 :  0.0020 0.0034 0.0020 0.9926 
1063     1063   (0)     12 :  0.0046 0.0046 0.0072 0.9836 
1064     1064   (0)     12 :  0.0036 0.0100 0.0030 0.9834 
1065     1065   (0)     12 :  0.0018 0.0120 0.0020 0.9842 
1066     1066   (0)     12 :  0.0034 0.0080 0.0020 0.9866 
1067     1067   (0)     12 :  0.0112 0.0182 0.0098 0.9608 
1068     1068   (0)     12 :  0.0020 0.0530 0.0170 0.9280 
1069     1069   (0)     12 :  0.0020 0.0046 0.0020 0.9914 
1070     1070   (0)     12 :  0.0020 0.1821 0.0026 0.8133 
1071     1071   (0)     12 :  0.0046 0.0040 0.0048 0.9866 
1072     1072   (0)     12 :  0.0192 0.0134 0.0064 0.9610 
1073     1073   (0)     12 :  0.0030 0.0038 0.0036 0.9896 
1074     1074   (0)     12 :  0.0020 0.0034 0.0026 0.9920 
1075     1075   (0)     12 :  0.0010 0.0042 0.0020 0.9928 
1076     1076   (0)     12 :  0.0020 0.0194 0.0028 0.9758 
1077     1077   (0)     12 :  0.0036 0.0030 0.0010 0.9924 
1078     1078   (0)     12 :  0.0056 0.0072 0.0030 0.9842 
1079     1079   (0)     12 :  0.0036 0.0030 0.0016 0.9918 
1080     1080   (0)     12 :  0.0040 0.0076 0.0048 0.9836 
1081     1081   (0)     12 :  0.0034 0.0034 0.0040 0.9892 
1082     1082   (0)     12 :  0.0030 0.0030 0.0026 0.9914 
1083     1083   (0)     12 :  0.0026 0.0064 0.0320 0.9590 
1084     1084   (0)     12 :  0.0040 0.0078 0.0020 0.9862 
1085     1085   (0)     12 :  0.0030 0.0054 0.0066 0.9850 
1086     1086   (0)     12 :  0.0030 0.0038 0.0194 0.9738 
1087     1087   (0)     12 :  0.0022 0.0024 0.0020 0.9934 
1088     1088   (0)     12 :  0.0024 0.0220 0.0178 0.9578 
1089     1089   (0)     12 :  0.0040 0.0028 0.0036 0.9896 
1090     1090   (0)     12 :  0.0030 0.1726 0.0020 0.8224 
1091     1091   (0)     12 :  0.0068 0.0044 0.0074 0.9814 
1092     1092   (0)     12 :  0.0030 0.0054 0.0030 0.9886 
1093     1093   (0)     12 :  0.0434 0.0450 0.0030 0.9086 
1094     1094   (0)     12 :  0.0080 0.0102 0.0030 0.9788 
1095     1095   (0)     12 :  0.0056 0.0092 0.0040 0.9812 
1096     1096   (0)     12 :  0.0054 0.0076 0.0094 0.9776 
1097     1097   (0)     12 :  0.0036 0.0064 0.0046 0.9854 
1098     1098   (0)     12 :  0.0032 0.0328 0.0010 0.9630 
1099     1099   (0)     12 :  0.0020 0.0056 0.0020 0.9904 
1100     1100   (0)     12 :  0.0020 0.0258 0.0020 0.9702 
1101     1101   (0)     12 :  0.0018 0.0092 0.0030 0.9860 
1102     1102   (0)     12 :  0.0020 0.0238 0.0046 0.9696 
1103     1103   (0)     12 :  0.0020 0.0248 0.0120 0.9612 
1104     1104   (0)     12 :  0.0084 0.0298 0.0070 0.9548 
1105     1105   (0)     12 :  0.0104 0.0028 0.0056 0.9812 
1106     1106   (0)     12 :  0.0052 0.0040 0.0026 0.9882 
1107     1107   (0)     12 :  0.0020 0.0100 0.0094 0.9786 
1108     1108   (0)     12 :  0.0088 0.0046 0.0030 0.9836 
1109     1109   (0)     12 :  0.0030 0.0090 0.0020 0.9860 
1110     1110   (0)     12 :  0.0052 0.0298 0.0106 0.9544 
1111     1111   (0)     12 :  0.0036 0.0050 0.0056 0.9858 
1112     1112   (0)     12 :  0.0020 0.0086 0.0020 0.9874 
1113     1113   (0)     12 :  0.0010 0.0474 0.0020 0.9496 
1114     1114   (0)     12 :  0.0026 0.0116 0.0064 0.9794 
1115     1115   (0)     12 :  0.0026 0.0202 0.0132 0.9640 
1116     1116   (0)     12 :  0.0030 0.0098 0.0046 0.9826 
1117     1117   (0)     12 :  0.0020 0.0128 0.0030 0.9822 
1118     1118   (0)     12 :  0.0020 0.0046 0.0026 0.9908 
1119     1119   (0)     12 :  0.0062 0.0076 0.0172 0.9690 
1120     1120   (0)     12 :  0.0080 0.0030 0.0016 0.9874 
1121     1121   (0)     12 :  0.0030 0.0028 0.0168 0.9774 
1122     1122   (0)     12 :  0.0020 0.0520 0.0030 0.9430 
1123     1123   (0)     12 :  0.0062 0.0332 0.0110 0.9496 
1124     1124   (0)     12 :  0.0020 0.0024 0.0042 0.9914 
1125     1125   (0)     12 :  0.0030 0.0110 0.0050 0.9810 
1126     1126   (0)     12 :  0.0034 0.0094 0.0058 0.9814 
1127     1127   (0)     12 :  0.0030 0.0020 0.0010 0.9940 
1128     1128   (0)     12 :  0.0030 0.0216 0.0150 0.9604 
1129     1129   (0)     12 :  0.0034 0.0044 0.0066 0.9856 
1130     1130   (0)     12 :  0.0020 0.0062 0.0052 0.9866 
1131     1131   (0)     12 :  0.0052 0.0058 0.0024 0.9866 
1132     1132   (0)     12 :  0.0056 0.0060 0.0026 0.9858 
1133     1133   (0)     12 :  0.0026 0.0050 0.0026 0.9898 
1134     1134   (0)     12 :  0.0020 0.0024 0.0010 0.9946 
1135     1135   (0)     12 :  0.0020 0.0018 0.0026 0.9936 
1136     1136   (0)     12 :  0.0020 0.0062 0.0020 0.9898 
1137     1137   (0)     12 :  0.0030 0.0264 0.0064 0.9642 
1138     1138   (0)     12 :  0.0020 0.0080 0.0106 0.9794 
1139     1139   (0)     12 :  0.0066 0.0034 0.0020 0.9880 
1140     1140   (0)     12 :  0.0020 0.0094 0.0030 0.9856 
1141     1141   (0)     12 :  0.0020 0.0038 0.0072 0.9870 
1142     1142   (0)     12 :  0.0036 0.0192 0.0026 0.9746 
1143     1143   (0)     12 :  0.0020 0.0054 0.0026 0.9900 
1144     1144   (0)     12 :  0.0054 0.0052 0.0020 0.9874 
1145     1145   (0)     12 :  0.0024 0.0200 0.0020 0.9756 
1146     1146   (0)     12 :  0.0010 0.0234 0.0030 0.9726 
1147     1147   (0)     12 :  0.0036 0.0038 0.0046 0.9880 
1148     1148   (5)     13 :  0.9910 0.0024 0.0030 0.0036 
1149     1149   (0)     13 :  0.9882 0.0024 0.0030 0.0064 
1150     1150   (0)     13 :  0.9950 0.0020 0.0010 0.0020 
1151     1151   (0)     13 :  0.9588 0.0162 0.0080 0.0170 
1152     1152   (0)     13 :  0.9940 0.0020 0.0020 0.0020 
1153     1153   (0)     13 :  0.9898 0.0026 0.0020 0.0056 
1154     1154   (0)     13 :  0.9956 0.0014 0.0010 0.0020 
1155     1155   (0)     13 :  0.9940 0.0020 0.0020 0.0020 
1156     1156   (0)     13 :  0.9940 0.0020 0.0020 0.0020 
1157     1157   (0)     13 :  0.9936 0.0020 0.0020 0.0024 
1158     1158   (0)     13 :  0.9970 0.0010 0.0010 0.0010 
1159     1159   (0)     13 :  0.9956 0.0014 0.0010 0.0020 
1160     1160   (0)     13 :  0.9930 0.0024 0.0020 0.0026 
1161     1161   (5)     13 :  0.9970 0.0010 0.0010 0.0010 
1162     1162   (0)     13 :  0.9956 0.0014 0.0010 0.0020 
1163     1163   (0)     13 :  0.9956 0.0014 0.0010 0.0020 
1164     1164   (0)     13 :  0.9918 0.0042 0.0020 0.0020 
1165     1165   (0)     13 :  0.9950 0.0010 0.0020 0.0020 
1166     1166   (0)     13 :  0.9946 0.0014 0.0020 0.0020 
1167     1167   (0)     13 :  0.9958 0.0012 0.0010 0.0020 
1168     1168   (0)     13 :  0.9960 0.0010 0.0010 0.0020 
1169     1169   (0)     13 :  0.9930 0.0030 0.0020 0.0020 
1170     1170   (0)     13 :  0.9960 0.0010 0.0010 0.0020 
1171     1171   (0)     13 :  0.9970 0.0010 0.0010 0.0010 
1172     1172   (0)     13 :  0.9970 0.0010 0.0010 0.0010 
1173     1173   (0)     13 :  0.9952 0.0020 0.0010 0.0018 
1174     1174   (0)     13 :  0.9956 0.0014 0.0010 0.0020 
1175     1175   (0)     13 :  0.9966 0.0010 0.0010 0.0014 
1176     1176   (0)     14 :  0.9928 0.0032 0.0020 0.0020 
1177     1177   (0)     14 :  0.9950 0.0010 0.0020 0.0020 
1178     1178   (0)     14 :  0.9960 0.0014 0.0010 0.0016 
1179     1179   (0)     14 :  0.9946 0.0014 0.0010 0.0030 
1180     1180   (0)     14 :  0.9912 0.0030 0.0018 0.0040 
1181     1181   (0)     14 :  0.9952 0.0014 0.0014 0.0020 
1182     1182   (0)     14 :  0.9956 0.0014 0.0010 0.0020 
1183     1183   (0)     14 :  0.9826 0.0090 0.0028 0.0056 
1184     1184   (0)     14 :  0.9966 0.0010 0.0010 0.0014 
1185     1185   (0)     14 :  0.9960 0.0010 0.0010 0.0020 
1186     1186   (0)     14 :  0.9910 0.0030 0.0020 0.0040 
1187     1187   (0)     14 :  0.9930 0.0020 0.0020 0.0030 
1188     1188   (0)     14 :  0.9950 0.0020 0.0010 0.0020 
1189     1189   (0)     14 :  0.9970 0.0010 0.0010 0.0010 
1190     1190   (0)     14 :  0.9914 0.0030 0.0020 0.0036 
1191     1191   (0)     14 :  0.9960 0.0010 0.0010 0.0020 
1192     1192   (0)     14 :  0.9966 0.0010 0.0010 0.0014 
1193     1193   (0)     14 :  0.9940 0.0020 0.0020 0.0020 
1194     1194   (0)     14 :  0.9940 0.0020 0.0020 0.0020 
1195     1195   (0)     14 :  0.9940 0.0020 0.0020 0.0020 
1196     1196   (0)     14 :  0.9970 0.0010 0.0010 0.0010 
1197     1197   (0)     14 :  0.9952 0.0014 0.0010 0.0024 
1198     1198   (0)     14 :  0.9940 0.0020 0.0020 0.0020 
1199     1199   (0)     14 :  0.9970 0.0010 0.0010 0.0010 
1200     1200   (0)     14 :  0.9886 0.0034 0.0040 0.0040 
1201     1201   (0)     14 :  0.9966 0.0010 0.0010 0.0014 
1202     1202   (0)     14 :  0.9966 0.0010 0.0010 0.0014 
1203     1203   (0)     14 :  0.9970 0.0010 0.0010 0.0010 
1204     1204   (0)     14 :  0.9912 0.0020 0.0020 0.0048 
1205     1205   (0)     14 :  0.9956 0.0010 0.0020 0.0014 
1206     1206   (0)     14 :  0.9940 0.0010 0.0030 0.0020 
1207     1207   (0)     14 :  0.9960 0.0010 0.0010 0.0020 
1208     1208   (0)     14 :  0.9946 0.0014 0.0020 0.0020 
1209     1209   (0)     14 :  0.9948 0.0012 0.0020 0.0020 
1210     1210   (0)     14 :  0.9940 0.0030 0.0010 0.0020 
1211     1211   (0)     14 :  0.9956 0.0010 0.0020 0.0014 
1212     1212   (0)     14 :  0.9968 0.0010 0.0012 0.0010 
1213     1213   (0)     14 :  0.9950 0.0020 0.0010 0.0020 
1214     1214   (0)     14 :  0.9950 0.0020 0.0010 0.0020 
1215     1215   (0)     14 :  0.9960 0.0010 0.0010 0.0020 
1216     1216   (0)     14 :  0.9960 0.0010 0.0010 0.0020 
1217     1217   (0)     14 :  0.9942 0.0020 0.0018 0.0020 
1218     1218   (0)     14 :  0.9946 0.0014 0.0020 0.0020 
1219     1219   (0)     14 :  0.9950 0.0020 0.0010 0.0020 
1220     1220   (0)     14 :  0.9946 0.0014 0.0020 0.0020 
1221     1221   (0)     14 :  0.9960 0.0010 0.0010 0.0020 
1222     1222   (0)     14 :  0.9946 0.0024 0.0010 0.0020 
1223     1223   (0)     14 :  0.9950 0.0020 0.0010 0.0020 
1224     1224   (0)     14 :  0.9956 0.0014 0.0010 0.0020 
1225     1225   (0)     14 :  0.9940 0.0020 0.0020 0.0020 
1226     1226   (0)     14 :  0.9900 0.0028 0.0030 0.0042 
1227     1227   (0)     14 :  0.9970 0.0010 0.0010 0.0010 
1228     1228   (0)     14 :  0.9910 0.0020 0.0050 0.0020 
1229     1229   (0)     14 :  0.9950 0.0010 0.0020 0.0020 
1230     1230   (0)     14 :  0.9960 0.0010 0.0010 0.0020 
1231     1231   (0)     14 :  0.9720 0.0128 0.0030 0.0122 
1232     1232   (0)     14 :  0.9940 0.0020 0.0020 0.0020 
1233     1233   (0)     14 :  0.9956 0.0020 0.0010 0.0014 
1234     1234   (0)     14 :  0.9970 0.0010 0.0010 0.0010 
1235     1235   (0)     14 :  0.9950 0.0020 0.0010 0.0020 
1236     1236   (0)     14 :  0.9960 0.0010 0.0010 0.0020 
1237     1237   (0)     14 :  0.9970 0.0010 0.0010 0.0010 
1238     1238   (0)     14 :  0.9950 0.0010 0.0020 0.0020 
1239     1239   (0)     14 :  0.9878 0.0082 0.0020 0.0020 
1240     1240   (0)     14 :  0.9956 0.0010 0.0020 0.0014 
1241     1241   (0)     14 :  0.9950 0.0020 0.0010 0.0020 
1242     1242   (0)     14 :  0.9960 0.0010 0.0010 0.0020 
1243     1243   (0)     14 :  0.9932 0.0020 0.0024 0.0024 
1244     1244   (0)     14 :  0.9956 0.0010 0.0010 0.0024 
1245     1245   (0)     14 :  0.9956 0.0014 0.0010 0.0020 
1246     1246   (0)     14 :  0.9916 0.0024 0.0020 0.0040 
1247     1247   (0)     14 :  0.9936 0.0014 0.0020 0.0030 
1248     1248   (0)     14 :  0.9876 0.0084 0.0020 0.0020 
1249     1249   (0)     14 :  0.9946 0.0014 0.0020 0.0020 
1250     1250   (0)     14 :  0.9950 0.0014 0.0010 0.0026 
1251     1251   (0)     14 :  0.9970 0.0010 0.0010 0.0010 
1252     1252   (0)     14 :  0.9960 0.0010 0.0010 0.0020 
1253     1253   (0)     14 :  0.9970 0.0010 0.0010 0.0010 
1254     1254   (0)     14 :  0.9970 0.0010 0.0010 0.0010 
1255     1255   (0)     14 :  0.9956 0.0018 0.0010 0.0016 
1256     1256   (0)     14 :  0.9956 0.0010 0.0010 0.0024 
1257     1257   (0)     14 :  0.9970 0.0010 0.0010 0.0010 
1258     1258   (0)     14 :  0.9916 0.0034 0.0020 0.0030 
1259     1259   (0)     14 :  0.9930 0.0024 0.0020 0.0026 
1260     1260   (0)     14 :  0.9950 0.0020 0.0010 0.0020 
1261     1261   (0)     14 :  0.9960 0.0010 0.0010 0.0020 
1262     1262   (0)     14 :  0.9956 0.0014 0.0010 0.0020 
1263     1263   (0)     14 :  0.9970 0.0010 0.0010 0.0010 
1264     1264   (0)     14 :  0.9942 0.0028 0.0010 0.0020 
1265     1265   (0)     14 :  0.9970 0.0010 0.0010 0.0010 
1266     1266   (0)     14 :  0.9958 0.0012 0.0014 0.0016 
1267     1267   (0)     14 :  0.9918 0.0026 0.0020 0.0036 
1268     1268   (0)     14 :  0.9968 0.0010 0.0010 0.0012 
1269     1269   (0)     14 :  0.9948 0.0020 0.0012 0.0020 
1270     1270   (0)     14 :  0.9952 0.0014 0.0014 0.0020 
1271     1271   (0)     14 :  0.9940 0.0024 0.0010 0.0026 
1272     1272   (0)     14 :  0.9960 0.0010 0.0010 0.0020 
1273     1273   (0)     14 :  0.9940 0.0020 0.0020 0.0020 
1274     1274   (0)     14 :  0.9970 0.0010 0.0010 0.0010 
1275     1275   (0)     14 :  0.9920 0.0024 0.0020 0.0036 
1276     1276   (0)     14 :  0.9914 0.0036 0.0020 0.0030 
1277     1277   (0)     14 :  0.9956 0.0014 0.0010 0.0020 
1278     1278   (0)     14 :  0.9940 0.0020 0.0020 0.0020 
1279     1279   (0)     14 :  0.9940 0.0020 0.0020 0.0020 
1280     1280   (0)     14 :  0.9960 0.0010 0.0010 0.0020 
1281     1281   (0)     14 :  0.9956 0.0014 0.0010 0.0020 
1282     1282   (0)     14 :  0.9960 0.0010 0.0010 0.0020 
1283     1283   (0)     14 :  0.9930 0.0020 0.0020 0.0030 
1284     1284   (0)     14 :  0.9960 0.0010 0.0010 0.0020 
1285     1285   (0)     14 :  0.9940 0.0020 0.0020 0.0020 
1286     1286   (0)     14 :  0.9890 0.0050 0.0020 0.0040 
1287     1287   (0)     14 :  0.9970 0.0010 0.0010 0.0010 
1288     1288   (0)     14 :  0.9936 0.0014 0.0020 0.0030 
1289     1289   (0)     14 :  0.9960 0.0016 0.0010 0.0014 
1290     1290   (0)     14 :  0.9950 0.0020 0.0010 0.0020 
1291     1291   (0)     14 :  0.9946 0.0014 0.0020 0.0020 
1292     1292   (0)     14 :  0.9950 0.0020 0.0010 0.0020 
1293     1293   (0)     14 :  0.9944 0.0020 0.0016 0.0020 
1294     1294   (0)     14 :  0.9964 0.0010 0.0010 0.0016 
1295     1295   (0)     14 :  0.9966 0.0010 0.0010 0.0014 
1296     1296   (0)     14 :  0.9722 0.0180 0.0050 0.0048 
1297     1297   (0)     14 :  0.9940 0.0020 0.0020 0.0020 
1298     1298   (0)     14 :  0.9966 0.0010 0.0010 0.0014 
1299     1299   (0)     14 :  0.9956 0.0014 0.0010 0.0020 
1300     1300   (0)     14 :  0.9944 0.0016 0.0020 0.0020 
1301     1301   (0)     14 :  0.9938 0.0028 0.0020 0.0014 
1302     1302   (0)     14 :  0.9936 0.0020 0.0024 0.0020 
1303     1303   (0)     14 :  0.9906 0.0064 0.0010 0.0020 
1304     1304   (0)     14 :  0.9938 0.0024 0.0018 0.0020 
1305     1305   (0)     14 :  0.9946 0.0024 0.0010 0.0020 
1306     1306   (0)     14 :  0.9940 0.0020 0.0020 0.0020 
1307     1307   (0)     14 :  0.9960 0.0010 0.0010 0.0020 
1308     1308   (0)     14 :  0.9970 0.0010 0.0010 0.0010 
1309     1309   (0)     14 :  0.9950 0.0010 0.0020 0.0020 
1310     1310   (0)     14 :  0.9920 0.0030 0.0020 0.0030 
1311     1311   (0)     14 :  0.9940 0.0020 0.0020 0.0020 
1312     1312   (0)     14 :  0.9934 0.0026 0.0020 0.0020 
1313     1313   (0)     14 :  0.9950 0.0010 0.0020 0.0020 
1314     1314   (0)     14 :  0.9968 0.0010 0.0010 0.0012 
1315     1315   (0)     14 :  0.9936 0.0024 0.0020 0.0020 
1316     1316   (0)     14 :  0.9964 0.0010 0.0010 0.0016 
1317     1317   (0)     14 :  0.9928 0.0042 0.0010 0.0020 
1318     1318   (0)     14 :  0.9950 0.0020 0.0010 0.0020 
1319     1319   (0)     14 :  0.9960 0.0010 0.0010 0.0020 
1320     1320   (0)     14 :  0.9956 0.0014 0.0010 0.0020 
1321     1321   (0)     14 :  0.9946 0.0020 0.0010 0.0024 
1322     1322   (0)     14 :  0.9930 0.0030 0.0020 0.0020 
1323     1323   (0)     14 :  0.9960 0.0020 0.0010 0.0010 
1324     1324   (0)     14 :  0.9930 0.0030 0.0020 0.0020 
1325     1325   (0)     14 :  0.9950 0.0010 0.0020 0.0020 
1326     1326   (0)     14 :  0.9930 0.0020 0.0020 0.0030 
1327     1327   (0)     14 :  0.9940 0.0020 0.0020 0.0020 
1328     1328   (0)     14 :  0.9950 0.0020 0.0010 0.0020 
1329     1329   (0)     14 :  0.9956 0.0014 0.0010 0.0020 
1330     1330   (0)     14 :  0.9936 0.0014 0.0020 0.0030 
1331     1331   (0)     14 :  0.9936 0.0020 0.0024 0.0020 
1332     1332   (0)     14 :  0.9956 0.0014 0.0010 0.0020 
1333     1333   (0)     14 :  0.9804 0.0156 0.0020 0.0020 
1334     1334   (0)     14 :  0.9940 0.0020 0.0020 0.0020 
1335     1335   (0)     14 :  0.9960 0.0010 0.0010 0.0020 
1336     1336   (0)     14 :  0.9950 0.0010 0.0020 0.0020 
1337     1337   (0)     14 :  0.9950 0.0020 0.0010 0.0020 
1338     1338   (0)     14 :  0.9932 0.0010 0.0020 0.0038 
1339     1339   (0)     14 :  0.9950 0.0010 0.0020 0.0020 
1340     1340   (0)     14 :  0.9930 0.0024 0.0020 0.0026 
1341     1341   (0)     14 :  0.9950 0.0020 0.0010 0.0020 
1342     1342   (0)     14 :  0.9934 0.0026 0.0020 0.0020 
1343     1343   (0)     14 :  0.9940 0.0020 0.0020 0.0020 
1344     1344   (0)     14 :  0.9960 0.0010 0.0010 0.0020 
1345     1345   (0)     14 :  0.9960 0.0010 0.0010 0.0020 
1346     1346   (0)     14 :  0.9960 0.0010 0.0010 0.0020 
1347     1347   (0)     14 :  0.9960 0.0010 0.0010 0.0020 
1348     1348   (0)     14 :  0.9956 0.0014 0.0010 0.0020 
1349     1349   (0)     14 :  0.9966 0.0010 0.0010 0.0014 
1350     1350   (0)     14 :  0.9968 0.0010 0.0010 0.0012 
1351     1351   (0)     14 :  0.9910 0.0030 0.0030 0.0030 
1352     1352   (0)     14 :  0.9394 0.0498 0.0044 0.0064 
1353     1353   (0)     14 :  0.9950 0.0010 0.0020 0.0020 
1354     1354   (0)     14 :  0.9936 0.0020 0.0020 0.0024 
1355     1355   (0)     14 :  0.9962 0.0010 0.0010 0.0018 
1356     1356   (0)     14 :  0.9946 0.0010 0.0020 0.0024 
1357     1357   (0)     14 :  0.9960 0.0010 0.0010 0.0020 
1358     1358   (0)     14 :  0.9956 0.0014 0.0010 0.0020 
1359     1359   (0)     14 :  0.9950 0.0020 0.0010 0.0020 
1360     1360   (0)     14 :  0.9910 0.0030 0.0030 0.0030 
1361     1361   (0)     14 :  0.9950 0.0020 0.0010 0.0020 
1362     1362   (0)     14 :  0.9960 0.0010 0.0010 0.0020 
1363     1363   (0)     14 :  0.9950 0.0010 0.0020 0.0020 
1364     1364   (0)     14 :  0.9966 0.0010 0.0010 0.0014 
1365     1365   (0)     14 :  0.9940 0.0020 0.0020 0.0020 
1366     1366   (0)     14 :  0.9936 0.0024 0.0010 0.0030 
1367     1367   (0)     14 :  0.9942 0.0020 0.0018 0.0020 
1368     1368   (0)     14 :  0.9936 0.0020 0.0020 0.0024 
1369     1369   (0)     14 :  0.9956 0.0014 0.0010 0.0020 
1370     1370   (0)     14 :  0.9926 0.0020 0.0020 0.0034 
1371     1371   (0)     14 :  0.9950 0.0010 0.0020 0.0020 
1372     1372   (0)     14 :  0.9932 0.0020 0.0014 0.0034 
1373     1373   (0)     14 :  0.9960 0.0010 0.0010 0.0020 
1374     1374   (0)     14 :  0.9944 0.0026 0.0010 0.0020 
1375     1375   (0)     14 :  0.9848 0.0076 0.0020 0.0056 
1376     1376   (0)     14 :  0.9970 0.0010 0.0010 0.0010 
1377     1377   (0)     14 :  0.9940 0.0030 0.0010 0.0020 
1378     1378   (0)     14 :  0.9940 0.0020 0.0020 0.0020 
1379     1379   (0)     14 :  0.9950 0.0020 0.0010 0.0020 
1380     1380   (0)     14 :  0.9940 0.0030 0.0010 0.0020 
1381     1381   (0)     14 :  0.9960 0.0010 0.0010 0.0020 
1382     1382   (0)     14 :  0.9954 0.0020 0.0010 0.0016 
1383     1383   (0)     14 :  0.9970 0.0010 0.0010 0.0010 
1384     1384   (0)     14 :  0.9970 0.0010 0.0010 0.0010 
1385     1385   (0)     14 :  0.9970 0.0010 0.0010 0.0010 
1386     1386   (0)     14 :  0.9768 0.0106 0.0032 0.0094 
1387     1387   (0)     14 :  0.9948 0.0020 0.0012 0.0020 
1388     1388   (0)     14 :  0.9966 0.0010 0.0010 0.0014 
1389     1389   (0)     14 :  0.9970 0.0010 0.0010 0.0010 
1390     1390   (0)     14 :  0.9950 0.0020 0.0010 0.0020 
1391     1391   (0)     14 :  0.9950 0.0020 0.0010 0.0020 
1392     1392   (0)     14 :  0.9970 0.0010 0.0010 0.0010 
1393     1393   (0)     14 :  0.9876 0.0034 0.0040 0.0050 
1394     1394   (0)     14 :  0.9956 0.0014 0.0010 0.0020 
1395     1395   (0)     14 :  0.9906 0.0030 0.0020 0.0044 
1396     1396   (0)     14 :  0.9950 0.0020 0.0010 0.0020 
1397     1397   (0)     14 :  0.9914 0.0036 0.0020 0.0030 
1398     1398   (0)     14 :  0.9946 0.0014 0.0020 0.0020 
1399     1399   (0)     14 :  0.9966 0.0010 0.0010 0.0014 
1400     1400   (0)     14 :  0.9930 0.0020 0.0030 0.0020 
1401     1401   (0)     14 :  0.9920 0.0028 0.0010 0.0042 
1402     1402   (0)     14 :  0.9936 0.0024 0.0010 0.0030 
1403     1403   (0)     14 :  0.9914 0.0030 0.0020 0.0036 
1404     1404   (0)     14 :  0.9960 0.0014 0.0010 0.0016 
1405     1405   (0)     14 :  0.9944 0.0016 0.0020 0.0020 
1406     1406   (0)     14 :  0.9940 0.0020 0.0020 0.0020 
1407     1407   (0)     14 :  0.9936 0.0014 0.0020 0.0030 
1408     1408   (0)     14 :  0.9926 0.0034 0.0010 0.0030 
1409     1409   (0)     14 :  0.9950 0.0010 0.0020 0.0020 
1410     1410   (0)     14 :  0.9958 0.0014 0.0010 0.0018 
1411     1411   (0)     14 :  0.9926 0.0024 0.0020 0.0030 
1412     1412   (0)     14 :  0.9950 0.0010 0.0020 0.0020 
1413     1413   (0)     14 :  0.9914 0.0046 0.0020 0.0020 
1414     1414   (0)     14 :  0.9970 0.0010 0.0010 0.0010 
1415     1415   (0)     14 :  0.9966 0.0014 0.0010 0.0010 
1416     1416   (0)     14 :  0.9934 0.0026 0.0020 0.0020 
1417     1417   (0)     14 :  0.9930 0.0020 0.0020 0.0030 
1418     1418   (0)     14 :  0.9960 0.0010 0.0020 0.0010 
1419     1419   (0)     14 :  0.9956 0.0014 0.0010 0.0020 
1420     1420   (0)     14 :  0.9902 0.0038 0.0020 0.0040 
1421     1421   (0)     14 :  0.9930 0.0020 0.0030 0.0020 
1422     1422   (0)     14 :  0.9924 0.0036 0.0020 0.0020 
1423     1423   (0)     14 :  0.9928 0.0030 0.0016 0.0026 
1424     1424   (0)     14 :  0.9914 0.0042 0.0020 0.0024 
1425     1425   (0)     14 :  0.9902 0.0058 0.0020 0.0020 
1426     1426   (0)     14 :  0.9930 0.0024 0.0020 0.0026 
1427     1427   (0)     14 :  0.9854 0.0066 0.0030 0.0050 
1428     1428   (0)     14 :  0.9950 0.0020 0.0010 0.0020 
1429     1429   (0)     14 :  0.9970 0.0010 0.0010 0.0010 
1430     1430   (0)     14 :  0.9970 0.0010 0.0010 0.0010 
1431     1431   (0)     14 :  0.9970 0.0010 0.0010 0.0010 
1432     1432   (0)     14 :  0.9960 0.0010 0.0010 0.0020 
1433     1433   (0)     14 :  0.9930 0.0030 0.0020 0.0020 
1434     1434   (0)     14 :  0.9960 0.0010 0.0010 0.0020 
1435     1435   (0)     14 :  0.9956 0.0014 0.0010 0.0020 
1436     1436   (0)     14 :  0.9948 0.0022 0.0020 0.0010 
1437     1437   (0)     14 :  0.9970 0.0010 0.0010 0.0010 
1438     1438   (0)     14 :  0.9926 0.0014 0.0040 0.0020 
1439     1439   (0)     14 :  0.9960 0.0010 0.0020 0.0010 
1440     1440   (0)     14 :  0.9960 0.0010 0.0010 0.0020 
1441     1441   (0)     14 :  0.9940 0.0020 0.0010 0.0030 
1442     1442   (0)     14 :  0.9952 0.0014 0.0010 0.0024 
1443     1443   (0)     14 :  0.9958 0.0010 0.0018 0.0014 
1444     1444   (0)     14 :  0.9946 0.0014 0.0020 0.0020 
1445     1445   (0)     14 :  0.9944 0.0020 0.0020 0.0016 
1446     1446   (0)     14 :  0.9898 0.0022 0.0050 0.0030 
1447     1447   (0)     14 :  0.9802 0.0112 0.0030 0.0056 
1448     1448   (0)     14 :  0.9936 0.0014 0.0030 0.0020 
1449     1449   (0)     14 :  0.9936 0.0020 0.0020 0.0024 
1450     1450   (0)     14 :  0.9952 0.0014 0.0010 0.0024 
1451     1451   (0)     14 :  0.9970 0.0010 0.0010 0.0010 
1452     1452   (0)     14 :  0.9970 0.0010 0.0010 0.0010 
1453     1453   (0)     14 :  0.9950 0.0020 0.0010 0.0020 
1454     1454   (0)     14 :  0.9954 0.0010 0.0016 0.0020 
1455     1455   (0)     14 :  0.9960 0.0010 0.0010 0.0020 
1456     1456   (0)     14 :  0.9970 0.0010 0.0010 0.0010 
1457     1457   (0)     14 :  0.9930 0.0034 0.0010 0.0026 
1458     1458   (0)     14 :  0.9936 0.0020 0.0020 0.0024 
1459     1459   (0)     14 :  0.9970 0.0010 0.0010 0.0010 
1460     1460   (0)     14 :  0.9966 0.0010 0.0010 0.0014 
1461     1461   (0)     14 :  0.9970 0.0010 0.0010 0.0010 
1462     1462   (0)     14 :  0.9950 0.0010 0.0020 0.0020 
1463     1463   (0)     14 :  0.9722 0.0154 0.0054 0.0070 
1464     1464   (0)     14 :  0.9926 0.0014 0.0030 0.0030 
1465     1465   (0)     14 :  0.9966 0.0010 0.0010 0.0014 
1466     1466   (0)     14 :  0.9944 0.0012 0.0020 0.0024 
1467     1467   (0)     14 :  0.9954 0.0026 0.0010 0.0010 
1468     1468   (0)     14 :  0.9948 0.0020 0.0012 0.0020 
1469     1469   (0)     14 :  0.9940 0.0020 0.0020 0.0020 
1470     1470   (0)     14 :  0.9926 0.0014 0.0020 0.0040 
1471     1471   (0)     14 :  0.9958 0.0010 0.0012 0.0020 
1472     1472   (0)     14 :  0.9930 0.0030 0.0020 0.0020 
1473     1473   (0)     14 :  0.9956 0.0010 0.0020 0.0014 
1474     1474   (0)     14 :  0.9966 0.0010 0.0010 0.0014 
1475     1475   (0)     14 :  0.9920 0.0030 0.0020 0.0030 
1476     1476   (5)     15 :  0.0024 0.9948 0.0014 0.0014 
1477     1477   (0)     15 :  0.0016 0.9950 0.0014 0.0020 
1478     1478   (0)     15 :  0.0020 0.9934 0.0020 0.0026 
1479     1479   (0)     15 :  0.0010 0.9954 0.0016 0.0020 
1480     1480   (5)     15 :  0.0016 0.9902 0.0026 0.0056 
1481     1481   (0)     15 :  0.0014 0.9958 0.0014 0.0014 
1482     1482   (0)     15 :  0.0020 0.9934 0.0032 0.0014 
1483     1483   (0)     15 :  0.0010 0.9952 0.0018 0.0020 
1484     1484   (0)     15 :  0.0020 0.9940 0.0020 0.0020 
1485     1485   (0)     15 :  0.0020 0.9944 0.0024 0.0012 
1486     1486   (0)     15 :  0.0010 0.9958 0.0014 0.0018 
1487     1487   (0)     15 :  0.0010 0.9956 0.0014 0.0020 
1488     1488   (5)     15 :  0.0014 0.9932 0.0024 0.0030 
1489     1489   (0)     15 :  0.0020 0.9956 0.0014 0.0010 
1490     1490   (0)     15 :  0.0014 0.9946 0.0020 0.0020 
1491     1491   (0)     15 :  0.0010 0.9970 0.0010 0.0010 
1492     1492   (0)     15 :  0.0010 0.9930 0.0024 0.0036 
1493     1493   (0)     15 :  0.0020 0.9950 0.0010 0.0020 
1494     1494   (0)     15 :  0.0040 0.9920 0.0020 0.0020 
1495     1495   (0)     15 :  0.0026 0.9866 0.0026 0.0082 
1496     1496   (0)     15 :  0.0010 0.9950 0.0020 0.0020 
1497     1497   (0)     15 :  0.0020 0.9950 0.0010 0.0020 
1498     1498   (0)     15 :  0.0042 0.9896 0.0020 0.0042 
1499     1499   (0)     15 :  0.0020 0.9876 0.0068 0.0036 
1500     1500   (0)     15 :  0.0020 0.9952 0.0014 0.0014 
1501     1501   (0)     15 :  0.0038 0.9904 0.0020 0.0038 
1502     1502   (0)     15 :  0.0020 0.9946 0.0014 0.0020 
1503     1503   (0)     16 :  0.0032 0.9868 0.0036 0.0064 
1504     1504   (0)     16 :  0.0020 0.9930 0.0024 0.0026 
1505     1505   (0)     16 :  0.0020 0.9934 0.0020 0.0026 
1506     1506   (0)     16 :  0.0010 0.9950 0.0020 0.0020 
1507     1507   (0)     16 :  0.0020 0.9930 0.0020 0.0030 
1508     1508   (0)     16 :  0.0010 0.9948 0.0016 0.0026 
1509     1509   (0)     16 :  0.0048 0.9912 0.0016 0.0024 
1510     1510   (0)     16 :  0.0020 0.9922 0.0026 0.0032 
1511     1511   (0)     16 :  0.0010 0.9950 0.0020 0.0020 
1512     1512   (0)     16 :  0.0030 0.9888 0.0034 0.0048 
1513     1513   (0)     16 :  0.0030 0.9920 0.0024 0.0026 
1514     1514   (0)     16 :  0.0010 0.9950 0.0020 0.0020 
1515     1515   (0)     16 :  0.0040 0.9916 0.0014 0.0030 
1516     1516   (0)     16 :  0.0014 0.9946 0.0020 0.0020 
1517     1517   (0)     16 :  0.0020 0.9940 0.0020 0.0020 
1518     1518   (0)     16 :  0.0010 0.9946 0.0024 0.0020 
1519     1519   (0)     16 :  0.0020 0.9936 0.0024 0.0020 
1520     1520   (0)     16 :  0.0028 0.9932 0.0020 0.0020 
1521     1521   (0)     16 :  0.0010 0.9966 0.0010 0.0014 
1522     1522   (0)     16 :  0.0010 0.9970 0.0010 0.0010 
1523     1523   (0)     16 :  0.0010 0.9942 0.0028 0.0020 
1524     1524   (0)     16 :  0.0026 0.9938 0.0010 0.0026 
1525     1525   (0)     16 :  0.0010 0.9966 0.0010 0.0014 
1526     1526   (0)     16 :  0.0030 0.9926 0.0024 0.0020 
1527     1527   (0)     16 :  0.0016 0.9952 0.0012 0.0020 
1528     1528   (0)     16 :  0.0020 0.9940 0.0020 0.0020 
1529     1529   (0)     16 :  0.0014 0.9956 0.0010 0.0020 
1530     1530   (0)     16 :  0.0014 0.9956 0.0010 0.0020 
1531     1531   (0)     16 :  0.0020 0.9946 0.0014 0.0020 
1532     1532   (0)     16 :  0.0020 0.9944 0.0010 0.0026 
1533     1533   (0)     16 :  0.0036 0.9918 0.0020 0.0026 
1534     1534   (0)     16 :  0.0020 0.9946 0.0014 0.0020 
1535     1535   (0)     16 :  0.0020 0.9942 0.0020 0.0018 
1536     1536   (0)     16 :  0.0020 0.9940 0.0014 0.0026 
1537     1537   (0)     16 :  0.0010 0.9950 0.0020 0.0020 
1538     1538   (0)     16 :  0.0030 0.9912 0.0038 0.0020 
1539     1539   (0)     16 :  0.0020 0.9944 0.0010 0.0026 
1540     1540   (0)     16 :  0.0036 0.9898 0.0030 0.0036 
1541     1541   (0)     16 :  0.0014 0.9956 0.0010 0.0020 
1542     1542   (0)     16 :  0.0010 0.9962 0.0014 0.0014 
1543     1543   (0)     16 :  0.0014 0.9956 0.0010 0.0020 
1544     1544   (0)     16 :  0.0014 0.9962 0.0014 0.0010 
1545     1545   (0)     16 :  0.0020 0.9896 0.0048 0.0036 
1546     1546   (0)     16 :  0.0014 0.9938 0.0028 0.0020 
1547     1547   (0)     16 :  0.0020 0.9950 0.0010 0.0020 
1548     1548   (0)     16 :  0.0010 0.9960 0.0010 0.0020 
1549     1549   (0)     16 :  0.0020 0.9944 0.0010 0.0026 
1550     1550   (0)     16 :  0.0044 0.9894 0.0030 0.0032 
1551     1551   (0)     16 :  0.0010 0.9956 0.0014 0.0020 
1552     1552   (0)     16 :  0.0018 0.9942 0.0014 0.0026 
1553     1553   (0)     16 :  0.0036 0.9914 0.0024 0.0026 
1554     1554   (0)     16 :  0.0026 0.9934 0.0014 0.0026 
1555     1555   (0)     16 :  0.0412 0.9510 0.0048 0.0030 
1556     1556   (0)     16 :  0.0020 0.9950 0.0010 0.0020 
1557     1557   (0)     16 :  0.0010 0.9964 0.0010 0.0016 
1558     1558   (0)     16 :  0.0010 0.9946 0.0024 0.0020 
1559     1559   (0)     16 :  0.0020 0.9946 0.0014 0.0020 
1560     1560   (0)     16 :  0.0016 0.9938 0.0020 0.0026 
1561     1561   (0)     16 :  0.0014 0.9952 0.0014 0.0020 
1562     1562   (0)     16 :  0.0020 0.9946 0.0014 0.0020 
1563     1563   (0)     16 :  0.0014 0.9962 0.0014 0.0010 
1564     1564   (0)     16 :  0.0020 0.9940 0.0010 0.0030 
1565     1565   (0)     16 :  0.0010 0.9962 0.0014 0.0014 
1566     1566   (0)     16 :  0.0026 0.9928 0.0020 0.0026 
1567     1567   (0)     16 :  0.0016 0.9956 0.0010 0.0018 
1568     1568   (0)     16 :  0.0020 0.9950 0.0010 0.0020 
1569     1569   (0)     16 :  0.0010 0.9966 0.0014 0.0010 
1570     1570   (0)     16 :  0.0010 0.9952 0.0028 0.0010 
1571     1571   (0)     16 :  0.0020 0.9940 0.0020 0.0020 
1572     1572   (0)     16 :  0.0020 0.9942 0.0018 0.0020 
1573     1573   (0)     16 :  0.0020 0.9918 0.0020 0.0042 
1574     1574   (0)     16 :  0.0024 0.9936 0.0020 0.0020 
1575     1575   (0)     16 :  0.0012 0.9958 0.0010 0.0020 
1576     1576   (0)     16 :  0.0010 0.9966 0.0014 0.0010 
1577     1577   (0)     16 :  0.0010 0.9956 0.0014 0.0020 
1578     1578   (0)     16 :  0.0020 0.9934 0.0020 0.0026 
1579     1579   (0)     16 :  0.0020 0.9930 0.0030 0.0020 
1580     1580   (0)     16 :  0.0010 0.9940 0.0020 0.0030 
1581     1581   (0)     16 :  0.0014 0.9958 0.0014 0.0014 
1582     1582   (0)     16 :  0.0026 0.9930 0.0018 0.0026 
1583     1583   (0)     16 :  0.0010 0.9960 0.0010 0.0020 
1584     1584   (0)     16 :  0.0014 0.9934 0.0028 0.0024 
1585     1585   (0)     16 :  0.0028 0.9934 0.0022 0.0016 
1586     1586   (0)     16 :  0.0020 0.9952 0.0014 0.0014 
1587     1587   (0)     16 :  0.0020 0.9946 0.0014 0.0020 
1588     1588   (0)     16 :  0.0020 0.9934 0.0020 0.0026 
1589     1589   (0)     16 :  0.0010 0.9962 0.0014 0.0014 
1590     1590   (0)     16 :  0.0010 0.9960 0.0010 0.0020 
1591     1591   (0)     16 :  0.0014 0.9946 0.0020 0.0020 
1592     1592   (0)     16 :  0.0010 0.9930 0.0028 0.0032 
1593     1593   (0)     16 :  0.0026 0.9934 0.0020 0.0020 
1594     1594   (0)     16 :  0.0010 0.9946 0.0024 0.0020 
1595     1595   (0)     16 :  0.0010 0.9962 0.0014 0.0014 
1596     1596   (0)     16 :  0.0010 0.9944 0.0020 0.0026 
1597     1597   (0)     16 :  0.0016 0.9944 0.0020 0.0020 
1598     1598   (0)     16 :  0.0026 0.9940 0.0014 0.0020 
1599     1599   (0)     16 :  0.0016 0.9954 0.0010 0.0020 
1600     1600   (0)     16 :  0.0010 0.9956 0.0020 0.0014 
1601     1601   (0)     16 :  0.0020 0.9936 0.0024 0.0020 
1602     1602   (0)     16 :  0.0020 0.9928 0.0032 0.0020 
1603     1603   (0)     16 :  0.0020 0.9946 0.0014 0.0020 
1604     1604   (0)     16 :  0.0030 0.9904 0.0024 0.0042 
1605     1605   (0)     16 :  0.0012 0.9944 0.0024 0.0020 
1606     1606   (0)     16 :  0.0014 0.9940 0.0020 0.0026 
1607     1607   (0)     16 :  0.0012 0.9948 0.0014 0.0026 
1608     1608   (0)     16 :  0.0010 0.9960 0.0010 0.0020 
1609     1609   (0)     16 :  0.0016 0.9948 0.0010 0.0026 
1610     1610   (0)     16 :  0.0020 0.9950 0.0012 0.0018 
1611     1611   (0)     16 :  0.0010 0.9948 0.0020 0.0022 
1612     1612   (0)     16 :  0.0014 0.9962 0.0014 0.0010 
1613     1613   (0)     16 :  0.0024 0.9924 0.0028 0.0024 
1614     1614   (0)     16 :  0.0030 0.9926 0.0024 0.0020 
1615     1615   (0)     16 :  0.0026 0.9934 0.0020 0.0020 
1616     1616   (0)     16 :  0.0010 0.9970 0.0010 0.0010 
1617     1617   (0)     16 :  0.0078 0.9870 0.0020 0.0032 
1618     1618   (0)     16 :  0.0016 0.9938 0.0020 0.0026 
1619     1619   (0)     16 :  0.0016 0.9944 0.0020 0.0020 
1620     1620   (0)     16 :  0.0012 0.9956 0.0012 0.0020 
1621     1621   (0)     16 :  0.0020 0.9922 0.0022 0.0036 
1622     1622   (0)     16 :  0.0060 0.9878 0.0020 0.0042 
1623     1623   (0)     16 :  0.0020 0.9948 0.0014 0.0018 
1624     1624   (0)     16 :  0.0020 0.9946 0.0014 0.0020 
1625     1625   (0)     16 :  0.0032 0.9866 0.0020 0.0082 
1626     1626   (0)     16 :  0.0022 0.9934 0.0014 0.0030 
1627     1627   (0)     16 :  0.0014 0.9948 0.0018 0.0020 
1628     1628   (0)     16 :  0.0020 0.9940 0.0020 0.0020 
1629     1629   (0)     16 :  0.0026 0.9928 0.0020 0.0026 
1630     1630   (0)     16 :  0.0020 0.9940 0.0020 0.0020 
1631     1631   (0)     16 :  0.0044 0.9916 0.0020 0.0020 
1632     1632   (0)     16 :  0.0020 0.9946 0.0014 0.0020 
1633     1633   (0)     16 :  0.0014 0.9938 0.0024 0.0024 
1634     1634   (0)     16 :  0.0032 0.9910 0.0026 0.0032 
1635     1635   (0)     16 :  0.0020 0.9950 0.0020 0.0010 
1636     1636   (0)     16 :  0.0020 0.9950 0.0020 0.0010 
1637     1637   (0)     16 :  0.0020 0.9942 0.0014 0.0024 
1638     1638   (0)     16 :  0.0010 0.9928 0.0048 0.0014 
1639     1639   (0)     16 :  0.0014 0.9932 0.0028 0.0026 
1640     1640   (0)     16 :  0.0010 0.9960 0.0010 0.0020 
1641     1641   (0)     16 :  0.0014 0.9942 0.0024 0.0020 
1642     1642   (0)     16 :  0.0016 0.9944 0.0014 0.0026 
1643     1643   (0)     16 :  0.0020 0.9950 0.0010 0.0020 
1644     1644   (0)     16 :  0.0020 0.9940 0.0020 0.0020 
1645     1645   (0)     16 :  0.0016 0.9940 0.0024 0.0020 
1646     1646   (0)     16 :  0.0010 0.9964 0.0010 0.0016 
1647     1647   (0)     16 :  0.0010 0.9952 0.0024 0.0014 
1648     1648   (0)     16 :  0.0020 0.9940 0.0020 0.0020 
1649     1649   (0)     16 :  0.0062 0.9894 0.0024 0.0020 
1650     1650   (0)     16 :  0.0020 0.9950 0.0010 0.0020 
1651     1651   (0)     16 :  0.0036 0.9910 0.0024 0.0030 
1652     1652   (0)     16 :  0.0020 0.9936 0.0024 0.0020 
1653     1653   (0)     16 :  0.0010 0.9962 0.0014 0.0014 
1654     1654   (0)     16 :  0.0014 0.9956 0.0010 0.0020 
1655     1655   (0)     16 :  0.0010 0.9970 0.0010 0.0010 
1656     1656   (0)     16 :  0.0020 0.9920 0.0026 0.0034 
1657     1657   (0)     16 :  0.0010 0.9950 0.0020 0.0020 
1658     1658   (0)     16 :  0.0014 0.9952 0.0014 0.0020 
1659     1659   (0)     16 :  0.0020 0.9940 0.0014 0.0026 
1660     1660   (0)     16 :  0.0010 0.9960 0.0010 0.0020 
1661     1661   (0)     16 :  0.0026 0.9910 0.0038 0.0026 
1662     1662   (0)     16 :  0.0010 0.9960 0.0010 0.0020 
1663     1663   (0)     16 :  0.0020 0.9936 0.0014 0.0030 
1664     1664   (0)     16 :  0.0010 0.9966 0.0014 0.0010 
1665     1665   (0)     16 :  0.0020 0.9916 0.0044 0.0020 
1666     1666   (0)     16 :  0.0010 0.9960 0.0010 0.0020 
1667     1667   (0)     16 :  0.0024 0.9932 0.0024 0.0020 
1668     1668   (0)     16 :  0.0010 0.9970 0.0010 0.0010 
1669     1669   (0)     16 :  0.0010 0.9946 0.0024 0.0020 
1670     1670   (0)     16 :  0.0014 0.9952 0.0014 0.0020 
1671     1671   (0)     16 :  0.0010 0.9960 0.0014 0.0016 
1672     1672   (0)     16 :  0.0010 0.9962 0.0010 0.0018 
1673     1673   (0)     16 :  0.0034 0.9916 0.0020 0.0030 
1674     1674   (0)     16 :  0.0010 0.9962 0.0014 0.0014 
1675     1675   (0)     16 :  0.0012 0.9958 0.0010 0.0020 
1676     1676   (0)     16 :  0.0016 0.9954 0.0010 0.0020 
1677     1677   (0)     16 :  0.0020 0.9946 0.0014 0.0020 
1678     1678   (0)     16 :  0.0030 0.9940 0.0010 0.0020 
1679     1679   (0)     16 :  0.0014 0.9946 0.0020 0.0020 
1680     1680   (0)     16 :  0.0010 0.9970 0.0010 0.0010 
1681     1681   (0)     16 :  0.0024 0.9948 0.0014 0.0014 
1682     1682   (0)     16 :  0.0016 0.9950 0.0014 0.0020 
1683     1683   (0)     16 :  0.0048 0.9894 0.0020 0.0038 
1684     1684   (0)     16 :  0.0020 0.9942 0.0018 0.0020 
1685     1685   (0)     16 :  0.0014 0.9942 0.0024 0.0020 
1686     1686   (0)     16 :  0.0020 0.9954 0.0010 0.0016 
1687     1687   (0)     16 :  0.0020 0.9936 0.0024 0.0020 
1688     1688   (0)     16 :  0.0010 0.9956 0.0024 0.0010 
1689     1689   (0)     16 :  0.0014 0.9960 0.0010 0.0016 
1690     1690   (0)     16 :  0.0010 0.9946 0.0024 0.0020 
1691     1691   (0)     16 :  0.0024 0.9924 0.0038 0.0014 
1692     1692   (0)     16 :  0.0014 0.9958 0.0010 0.0018 
1693     1693   (0)     16 :  0.0014 0.9956 0.0010 0.0020 
1694     1694   (0)     16 :  0.0010 0.9960 0.0014 0.0016 
1695     1695   (0)     16 :  0.0020 0.9942 0.0020 0.0018 
1696     1696   (0)     16 :  0.0022 0.9932 0.0020 0.0026 
1697     1697   (0)     16 :  0.0030 0.9910 0.0024 0.0036 
1698     1698   (0)     16 :  0.0016 0.9944 0.0020 0.0020 
1699     1699   (0)     16 :  0.0042 0.9858 0.0070 0.0030 
1700     1700   (0)     16 :  0.0020 0.9936 0.0024 0.0020 
1701     1701   (0)     16 :  0.0020 0.9950 0.0010 0.0020 
1702     1702   (0)     16 :  0.0020 0.9946 0.0014 0.0020 
1703     1703   (0)     16 :  0.0020 0.9936 0.0024 0.0020 
1704     1704   (0)     16 :  0.0020 0.9940 0.0020 0.0020 
1705     1705   (0)     16 :  0.0010 0.9944 0.0020 0.0026 
1706     1706   (0)     16 :  0.0010 0.9956 0.0014 0.0020 
1707     1707   (0)     16 :  0.0194 0.9576 0.0042 0.0188 
1708     1708   (0)     16 :  0.0010 0.9960 0.0010 0.0020 
1709     1709   (0)     16 :  0.0020 0.9940 0.0020 0.0020 
1710     1710   (0)     16 :  0.0020 0.9932 0.0028 0.0020 
1711     1711   (0)     16 :  0.0020 0.9918 0.0032 0.0030 
1712     1712   (0)     16 :  0.0010 0.9962 0.0014 0.0014 
1713     1713   (0)     16 :  0.0014 0.9958 0.0014 0.0014 
1714     1714   (0)     16 :  0.0020 0.9946 0.0014 0.0020 
1715     1715   (0)     16 :  0.0014 0.9952 0.0014 0.0020 
1716     1716   (0)     16 :  0.0020 0.9946 0.0014 0.0020 
1717     1717   (0)     16 :  0.0020 0.9944 0.0010 0.0026 
1718     1718   (0)     16 :  0.0014 0.9952 0.0014 0.0020 
1719     1719   (0)     16 :  0.0026 0.9942 0.0010 0.0022 
1720     1720   (0)     16 :  0.0020 0.9946 0.0014 0.0020 
1721     1721   (0)     16 :  0.0010 0.9946 0.0024 0.0020 
1722     1722   (0)     16 :  0.0020 0.9950 0.0020 0.0010 
1723     1723   (0)     16 :  0.0010 0.9936 0.0034 0.0020 
1724     1724   (0)     16 :  0.0020 0.9936 0.0024 0.0020 
1725     1725   (0)     16 :  0.0020 0.9916 0.0040 0.0024 
1726     1726   (0)     16 :  0.0010 0.9946 0.0024 0.0020 
1727     1727   (0)     16 :  0.0020 0.9940 0.0020 0.0020 
1728     1728   (0)     16 :  0.0026 0.9928 0.0020 0.0026 
1729     1729   (0)     16 :  0.0020 0.9936 0.0024 0.0020 
1730     1730   (0)     16 :  0.0010 0.9960 0.0010 0.0020 
1731     1731   (0)     16 :  0.0026 0.9934 0.0020 0.0020 
1732     1732   (0)     16 :  0.0010 0.9960 0.0010 0.0020 
1733     1733   (0)     16 :  0.0010 0.9960 0.0010 0.0020 
1734     1734   (0)     16 :  0.0010 0.9940 0.0024 0.0026 
1735     1735   (0)     16 :  0.0026 0.9904 0.0026 0.0044 
1736     1736   (0)     16 :  0.0020 0.9946 0.0014 0.0020 
1737     1737   (0)     16 :  0.0010 0.9964 0.0012 0.0014 
1738     1738   (0)     16 :  0.0020 0.9940 0.0020 0.0020 
1739     1739   (0)     16 :  0.0014 0.9958 0.0014 0.0014 
1740     1740   (0)     16 :  0.0010 0.9962 0.0014 0.0014 
1741     1741   (0)     16 :  0.0010 0.9956 0.0014 0.0020 
1742     1742   (0)     16 :  0.0014 0.9946 0.0020 0.0020 
1743     1743   (0)     16 :  0.0026 0.9920 0.0024 0.0030 
1744     1744   (0)     16 :  0.0020 0.9940 0.0020 0.0020 
1745     1745   (0)     16 :  0.0030 0.9936 0.0014 0.0020 
1746     1746   (0)     16 :  0.0020 0.9926 0.0034 0.0020 
1747     1747   (0)     16 :  0.0020 0.9942 0.0020 0.0018 
1748     1748   (0)     16 :  0.0020 0.9944 0.0014 0.0022 
1749     1749   (0)     16 :  0.0026 0.9934 0.0020 0.0020 
1750     1750   (0)     16 :  0.0014 0.9946 0.0020 0.0020 
1751     1751   (0)     16 :  0.0010 0.9964 0.0014 0.0012 
1752     1752   (0)     16 :  0.0010 0.9956 0.0014 0.0020 
1753     1753   (0)     16 :  0.0010 0.9970 0.0010 0.0010 
1754     1754   (0)     16 :  0.0020 0.9940 0.0020 0.0020 
1755     1755   (0)     16 :  0.0010 0.9946 0.0024 0.0020 
1756     1756   (0)     16 :  0.0010 0.9962 0.0014 0.0014 
1757     1757   (0)     16 :  0.0014 0.9952 0.0020 0.0014 
1758     1758   (0)     16 :  0.0016 0.9950 0.0014 0.0020 
1759     1759   (0)     16 :  0.0010 0.9966 0.0014 0.0010 
1760     1760   (0)     16 :  0.0014 0.9942 0.0028 0.0016 
1761     1761   (0)     16 :  0.0040 0.9916 0.0020 0.0024 
1762     1762   (0)     16 :  0.0052 0.9896 0.0020 0.0032 
1763     1763   (0)     16 :  0.0020 0.9952 0.0014 0.0014 
1764     1764   (0)     16 :  0.0020 0.9910 0.0030 0.0040 
1765     1765   (0)     16 :  0.0024 0.9930 0.0024 0.0022 
1766     1766   (0)     16 :  0.0024 0.9946 0.0010 0.0020 
1767     1767   (0)     16 :  0.0014 0.9950 0.0024 0.0012 
1768     1768   (0)     16 :  0.0020 0.9940 0.0020 0.0020 
1769     1769   (0)     16 :  0.0020 0.9950 0.0010 0.0020 
1770     1770   (0)     16 :  0.0010 0.9950 0.0020 0.0020 
1771     1771   (0)     16 :  0.0042 0.9886 0.0046 0.0026 
1772     1772   (0)     16 :  0.0026 0.9934 0.0020 0.0020 
1773     1773   (0)     16 :  0.0020 0.9930 0.0030 0.0020 
1774     1774   (0)     16 :  0.0020 0.9940 0.0020 0.0020 
1775     1775   (0)     16 :  0.0010 0.9960 0.0020 0.0010 
1776     1776   (0)     16 :  0.0030 0.9904 0.0030 0.0036 
1777     1777   (0)     16 :  0.0010 0.9948 0.0020 0.0022 
1778     1778   (0)     16 :  0.0014 0.9948 0.0024 0.0014 
1779     1779   (0)     16 :  0.0024 0.9948 0.0014 0.0014 
1780     1780   (0)     16 :  0.0046 0.9902 0.0026 0.0026 
1781     1781   (0)     16 :  0.0014 0.9956 0.0010 0.0020 
1782     1782   (0)     16 :  0.0020 0.9934 0.0020 0.0026 
1783     1783   (0)     16 :  0.0020 0.9936 0.0024 0.0020 
1784     1784   (0)     16 :  0.0010 0.9960 0.0010 0.0020 
1785     1785   (0)     16 :  0.0026 0.9924 0.0024 0.0026 
1786     1786   (0)     16 :  0.0024 0.9940 0.0016 0.0020 
1787     1787   (0)     16 :  0.0010 0.9966 0.0014 0.0010 
1788     1788   (0)     16 :  0.0010 0.9954 0.0020 0.0016 
1789     1789   (0)     16 :  0.0038 0.9912 0.0030 0.0020 
1790     1790   (0)     16 :  0.0020 0.9950 0.0010 0.0020 
1791     1791   (0)     16 :  0.0020 0.9940 0.0020 0.0020 
1792     1792   (0)     16 :  0.0018 0.9952 0.0010 0.0020 
1793     1793   (0)     16 :  0.0010 0.9946 0.0024 0.0020 
1794     1794   (0)     16 :  0.0014 0.9946 0.0020 0.0020 
1795     1795   (0)     16 :  0.0020 0.9946 0.0014 0.0020 
1796     1796   (0)     16 :  0.0020 0.9950 0.0010 0.0020 
1797     1797   (0)     16 :  0.0056 0.9894 0.0020 0.0030 
1798     1798   (0)     16 :  0.0030 0.9940 0.0010 0.0020 
1799     1799   (0)     16 :  0.0030 0.9926 0.0024 0.0020 
1800     1800   (0)     16 :  0.0016 0.9944 0.0020 0.0020 
1801     1801   (0)     16 :  0.0014 0.9966 0.0010 0.0010 
1802     1802   (0)     16 :  0.0010 0.9966 0.0014 0.0010 
1803     1803   (0)     17 :  0.0014 0.3974 0.0020 0.5992 
1804     1804   (0)     17 :  0.0072 0.3960 0.0020 0.5948 
1805     1805   (0)     17 :  0.0044 0.3784 0.0024 0.6148 
1806     1806   (0)     17 :  0.0020 0.3928 0.0024 0.6028 
1807     1807   (0)     17 :  0.0038 0.3744 0.0050 0.6168 
1808     1808   (0)     17 :  0.0128 0.4026 0.0020 0.5826 
1809     1809   (0)     17 :  0.0042 0.3494 0.0074 0.6390 
1810     1810   (0)     17 :  0.0024 0.3890 0.0016 0.6070 
1811     1811   (0)     17 :  0.0028 0.3896 0.0018 0.6058 
1812     1812   (0)     17 :  0.0102 0.3870 0.0012 0.6016 
1813     1813   (0)     17 :  0.0020 0.3992 0.0010 0.5978 
1814     1814   (0)     17 :  0.0016 0.4000 0.0026 0.5958 
1815     1815   (0)     17 :  0.0032 0.3972 0.0020 0.5976 
1816     1816   (0)     17 :  0.0044 0.3974 0.0020 0.5962 
1817     1817   (0)     17 :  0.0032 0.3988 0.0026 0.5954 
1818     1818   (0)     17 :  0.0070 0.4006 0.0016 0.5908 
1819     1819   (0)     17 :  0.0044 0.4384 0.0130 0.5442 
1820     1820   (0)     17 :  0.0048 0.3988 0.0074 0.5890 
1821     1821   (0)     17 :  0.0372 0.3462 0.0034 0.6132 
1822     1822   (0)     17 :  0.0020 0.3986 0.0020 0.5974 
1823     1823   (0)     17 :  0.0140 0.4042 0.0032 0.5786 
1824     1824   (0)     17 :  0.0168 0.3968 0.0034 0.5830 
1825     1825   (5)     17 :  0.0088 0.3960 0.0020 0.5932 
1826     1826   (0)     17 :  0.0020 0.4054 0.0020 0.5906 
1827     1827   (0)     17 :  0.0106 0.4306 0.0036 0.5552 
1828     1828   (0)     17 :  0.0024 0.3916 0.0024 0.6036 
1829     1829   (0)     17 :  0.0248 0.3944 0.0020 0.5788 
1830     1830   (0)     17 :  0.0048 0.4040 0.0030 0.5882 
1831     1831   (0)     17 :  0.0680 0.3530 0.0024 0.5766 
1832     1832   (0)     17 :  0.0010 0.4016 0.0016 0.5958 
1833     1833   (5)     17 :  0.0024 0.3980 0.0020 0.5976 
1834     1834   (0)     17 :  0.0036 0.4174 0.0016 0.5774 
1835     1835   (0)     17 :  0.0202 0.3438 0.0052 0.6308 
1836     1836   (0)     17 :  0.0016 0.4002 0.0020 0.5962 
1837     1837   (0)     17 :  0.0596 0.3708 0.0034 0.5662 
1838     1838   (0)     17 :  0.0028 0.2910 0.0040 0.7022 
1839     1839   (5)     17 :  0.0044 0.3072 0.0058 0.6826 
1840     1840   (5)     17 :  0.0304 0.3932 0.0044 0.5720 
1841     1841   (5)     17 :  0.0044 0.4004 0.0036 0.5916 
1842     1842   (5)     17 :  0.0080 0.3880 0.0050 0.5990 
1843     1843   (0)     18 :  0.0020 0.3968 0.0020 0.5992 
1844     1844   (0)     18 :  0.0032 0.3680 0.0014 0.6274 
1845     1845   (0)     18 :  0.0060 0.4042 0.0020 0.5878 
1846     1846   (0)     18 :  0.0132 0.4818 0.0026 0.5024 
1847     1847   (0)     18 :  0.0060 0.3944 0.0022 0.5974 
1848     1848   (0)     18 :  0.0120 0.2889 0.0028 0.6963 
1849     1849   (0)     18 :  0.0024 0.3744 0.0024 0.6208 
1850     1850   (0)     18 :  0.0042 0.3994 0.0020 0.5944 
1851     1851   (0)     18 :  0.0070 0.4254 0.0024 0.5652 
1852     1852   (0)     18 :  0.0024 0.3954 0.0036 0.5986 
1853     1853   (0)     18 :  0.0038 0.3864 0.0046 0.6052 
1854     1854   (0)     18 :  0.0020 0.3972 0.0020 0.5988 
1855     1855   (0)     18 :  0.0362 0.3156 0.0014 0.6468 
1856     1856   (0)     18 :  0.0020 0.4658 0.0044 0.5278 
1857     1857   (0)     18 :  0.0296 0.3804 0.0036 0.5864 
1858     1858   (0)     18 :  0.0014 0.3704 0.0032 0.6250 
1859     1859   (0)     18 :  0.0020 0.4234 0.0020 0.5726 
1860     1860   (0)     18 :  0.0060 0.3938 0.0016 0.5986 
1861     1861   (0)     18 :  0.0024 0.3940 0.0040 0.5996 
1862     1862   (0)     18 :  0.0018 0.3922 0.0020 0.6040 
1863     1863   (0)     18 :  0.0100 0.3942 0.0026 0.5932 
1864     1864   (0)     18 :  0.0020 0.3994 0.0016 0.5970 
1865     1865   (0)     18 :  0.0014 0.4078 0.0024 0.5884 
1866     1866   (0)     18 :  0.0034 0.4168 0.0020 0.5778 
1867     1867   (0)     18 :  0.0070 0.3944 0.0030 0.5956 
1868     1868   (0)     18 :  0.0032 0.3445 0.0046 0.6477 
1869     1869   (0)     18 :  0.0014 0.4010 0.0020 0.5956 
1870     1870   (0)     18 :  0.0028 0.3372 0.0020 0.6580 
1871     1871   (0)     18 :  0.0030 0.3990 0.0026 0.5954 
1872     1872   (0)     18 :  0.0066 0.3686 0.0024 0.6224 
1873     1873   (0)     18 :  0.0036 0.3826 0.0024 0.6114 
1874     1874   (0)     18 :  0.0026 0.3932 0.0020 0.6022 
1875     1875   (0)     18 :  0.0026 0.3982 0.0020 0.5972 
1876     1876   (0)     18 :  0.0010 0.4118 0.0016 0.5856 
1877     1877   (0)     18 :  0.0014 0.4046 0.0020 0.5920 
1878     1878   (0)     18 :  0.0036 0.3986 0.0020 0.5958 
1879     1879   (0)     18 :  0.0088 0.3924 0.0038 0.5950 
1880     1880   (0)     18 :  0.0438 0.3756 0.0020 0.5786 
1881     1881   (0)     18 :  0.0220 0.3630 0.0034 0.6116 
1882     1882   (0)     18 :  0.0016 0.4238 0.0026 0.5720 
1883     1883   (0)     18 :  0.0036 0.3838 0.0020 0.6106 
1884     1884   (0)     18 :  0.0130 0.3938 0.0020 0.5912 
1885     1885   (0)     18 :  0.0100 0.3844 0.0014 0.6042 
1886     1886   (0)     18 :  0.0066 0.3922 0.0020 0.5992 
1887     1887   (0)     18 :  0.0020 0.3974 0.0028 0.5978 
1888     1888   (0)     18 :  0.0020 0.3994 0.0020 0.5966 
1889     1889   (0)     18 :  0.0032 0.5104 0.0016 0.4848 
1890     1890   (0)     18 :  0.0572 0.4022 0.0030 0.5376 
1891     1891   (0)     18 :  0.0372 0.3740 0.0020 0.5868 
1892     1892   (0)     18 :  0.0024 0.3742 0.0026 0.6208 
1893     1893   (0)     18 :  0.0098 0.4006 0.0038 0.5858 
1894     1894   (0)     18 :  0.0024 0.1482 0.0024 0.8470 
1895     1895   (0)     18 :  0.0042 0.3926 0.0020 0.6012 
1896     1896   (0)     18 :  0.0060 0.3896 0.0020 0.6024 
1897     1897   (0)     18 :  0.0536 0.3718 0.0020 0.5726 
1898     1898   (0)     18 :  0.0052 0.3942 0.0020 0.5986 
1899     1899   (0)     18 :  0.0020 0.3986 0.0020 0.5974 
1900     1900   (0)     18 :  0.0034 0.3936 0.0036 0.5994 
1901     1901   (0)     18 :  0.0062 0.3954 0.0024 0.5960 
1902     1902   (0)     18 :  0.0068 0.3996 0.0036 0.5900 
1903     1903   (0)     18 :  0.0024 0.4000 0.0016 0.5960 
1904     1904   (0)     18 :  0.0528 0.4018 0.0032 0.5422 
1905     1905   (0)     18 :  0.0108 0.3912 0.0020 0.5960 
1906     1906   (0)     18 :  0.0030 0.3974 0.0010 0.5986 
1907     1907   (0)     18 :  0.0024 0.5137 0.0036 0.4803 
1908     1908   (0)     18 :  0.0076 0.3576 0.0020 0.6328 
1909     1909   (0)     18 :  0.0066 0.4236 0.0038 0.5660 
1910     1910   (0)     18 :  0.0066 0.3954 0.0020 0.5960 
1911     1911   (0)     18 :  0.0054 0.3948 0.0020 0.5978 
1912     1912   (0)     18 :  0.0028 0.3806 0.0032 0.6134 
1913     1913   (0)     18 :  0.0054 0.3772 0.0044 0.6130 
1914     1914   (0)     18 :  0.0096 0.3332 0.0020 0.6552 
1915     1915   (0)     18 :  0.0054 0.3624 0.0042 0.6280 
1916     1916   (0)     18 :  0.0034 0.3734 0.0020 0.6212 
1917     1917   (0)     18 :  0.0020 0.4264 0.0030 0.5686 
1918     1918   (0)     18 :  0.0024 0.4102 0.0026 0.5848 
1919     1919   (0)     18 :  0.0112 0.3946 0.0102 0.5840 
1920     1920   (0)     18 :  0.0032 0.3724 0.0052 0.6192 
1921     1921   (0)     18 :  0.0046 0.0770 0.0038 0.9146 
1922     1922   (0)     18 :  0.0158 0.4068 0.0020 0.5754 
1923     1923   (0)     18 :  0.0034 0.4108 0.0026 0.5832 
1924     1924   (0)     18 :  0.0020 0.4086 0.0050 0.5844 
1925     1925   (0)     18 :  0.0076 0.4120 0.0016 0.5788 
1926     1926   (0)     18 :  0.0020 0.3954 0.0020 0.6006 
1927     1927   (0)     18 :  0.0024 0.3908 0.0020 0.6048 
1928     1928   (0)     18 :  0.0030 0.4052 0.0020 0.5898 
1929     1929   (0)     18 :  0.0066 0.3972 0.0040 0.5922 
1930     1930   (0)     18 :  0.0056 0.3972 0.0020 0.5952 
1931     1931   (0)     18 :  0.0054 0.3974 0.0020 0.5952 
1932     1932   (0)     18 :  0.0034 0.4020 0.0026 0.5920 
1933     1933   (0)     18 :  0.1456 0.2878 0.0020 0.5646 
1934     1934   (0)     18 :  0.0080 0.3188 0.0036 0.6696 
1935     1935   (0)     18 :  0.0024 0.2572 0.0024 0.7380 
1936     1936   (0)     18 :  0.0028 0.3924 0.0014 0.6034 
1937     1937   (0)     18 :  0.0268 0.3674 0.0024 0.6034 
1938     1938   (0)     18 :  0.0542 0.2846 0.0020 0.6592 
1939     1939   (0)     18 :  0.0760 0.3752 0.0020 0.5468 
1940     1940   (0)     18 :  0.0020 0.3994 0.0042 0.5944 
1941     1941   (0)     18 :  0.0046 0.3952 0.0030 0.5972 
1942     1942   (0)     18 :  0.0024 0.3998 0.0010 0.5968 
1943     1943   (0)     18 :  0.0144 0.3906 0.0020 0.5930 
1944     1944   (0)     18 :  0.0142 0.3742 0.0028 0.6088 
1945     1945   (0)     18 :  0.0032 0.4170 0.0020 0.5778 
1946     1946   (0)     18 :  0.0030 0.3978 0.0016 0.5976 
1947     1947   (0)     18 :  0.0020 0.4056 0.0020 0.5904 
1948     1948   (0)     18 :  0.0108 0.4122 0.0020 0.5750 
1949     1949   (0)     18 :  0.0178 0.3023 0.0034 0.6765 
1950     1950   (0)     18 :  0.0086 0.3964 0.0020 0.5930 
1951     1951   (0)     18 :  0.0024 0.3460 0.0044 0.6472 
1952     1952   (0)     18 :  0.0020 0.4054 0.0016 0.5910 
1953     1953   (0)     18 :  0.0026 0.4026 0.0040 0.5908 
1954     1954   (0)     18 :  0.0306 0.2861 0.0014 0.6820 
1955     1955   (0)     18 :  0.0038 0.3958 0.0026 0.5978 
1956     1956   (0)     18 :  0.0014 0.3994 0.0034 0.5958 
1957     1957   (0)     18 :  0.0026 0.3966 0.0046 0.5962 
1958     1958   (0)     18 :  0.0024 0.3590 0.0030 0.6356 
1959     1959   (0)     18 :  0.0024 0.4108 0.0020 0.5848 
1960     1960   (0)     18 :  0.0050 0.4018 0.0016 0.5916 
1961     1961   (0)     18 :  0.0112 0.3964 0.0056 0.5868 
1962     1962   (0)     18 :  0.0048 0.3986 0.0030 0.5936 
1963     1963   (0)     18 :  0.0010 0.3978 0.0020 0.5992 
1964     1964   (0)     18 :  0.0072 0.4024 0.0026 0.5878 
1965     1965   (0)     18 :  0.0026 0.4358 0.0016 0.5600 
1966     1966   (0)     18 :  0.0014 0.3962 0.0024 0.6000 
1967     1967   (0)     18 :  0.0024 0.3936 0.0020 0.6020 
1968     1968   (0)     18 :  0.0030 0.4036 0.0020 0.5914 
1969     1969   (0)     18 :  0.0024 0.3964 0.0020 0.5992 
1970     1970   (0)     18 :  0.0020 0.4088 0.0054 0.5838 
1971     1971   (0)     18 :  0.0352 0.4318 0.0034 0.5296 
1972     1972   (0)     18 :  0.0516 0.3580 0.0024 0.5880 
1973     1973   (0)     18 :  0.0024 0.4026 0.0020 0.5930 
1974     1974   (0)     18 :  0.0056 0.3784 0.0020 0.6140 
1975     1975   (0)     18 :  0.0206 0.3248 0.0024 0.6522 
1976     1976   (0)     18 :  0.0036 0.4122 0.0058 0.5784 
1977     1977   (0)     18 :  0.0040 0.4054 0.0020 0.5886 
1978     1978   (0)     18 :  0.0046 0.3942 0.0024 0.5988 
1979     1979   (0)     18 :  0.0054 0.3914 0.0038 0.5994 
1980     1980   (0)     18 :  0.0028 0.3944 0.0020 0.6008 
1981     1981   (0)     18 :  0.0032 0.3986 0.0020 0.5962 
1982     1982   (0)     18 :  0.0568 0.3488 0.0038 0.5906 
1983     1983   (0)     18 :  0.0034 0.4090 0.0034 0.5842 
1984     1984   (0)     18 :  0.0024 0.4292 0.0020 0.5664 
1985     1985   (0)     18 :  0.0112 0.3894 0.0020 0.5974 
1986     1986   (0)     18 :  0.0144 0.3434 0.0040 0.6382 
1987     1987   (0)     18 :  0.0600 0.3546 0.0072 0.5782 
1988     1988   (0)     18 :  0.0020 0.3962 0.0032 0.5986 
1989     1989   (0)     18 :  0.0024 0.3988 0.0020 0.5968 
1990     1990   (0)     18 :  0.0032 0.3830 0.0020 0.6118 
1991     1991   (0)     18 :  0.0042 0.3958 0.0020 0.5980 
1992     1992   (0)     18 :  0.0046 0.3982 0.0014 0.5958 
1993     1993   (0)     18 :  0.0020 0.3996 0.0020 0.5964 
1994     1994   (0)     18 :  0.0060 0.2975 0.0074 0.6891 
1995     1995   (0)     18 :  0.0044 0.3996 0.0020 0.5940 
1996     1996   (0)     18 :  0.0072 0.3748 0.0034 0.6146 
1997     1997   (0)     18 :  0.0094 0.3966 0.0038 0.5902 
1998     1998   (0)     18 :  0.0102 0.4066 0.0020 0.5812 
1999     1999   (0)     18 :  0.0210 0.3156 0.0020 0.6614 
2000     2000   (0)     18 :  0.0026 0.4156 0.0040 0.5778 
2001     2001   (0)     18 :  0.0226 0.3756 0.0020 0.5998 
2002     2002   (0)     18 :  0.0022 0.3956 0.0014 0.6008 
2003     2003   (0)     18 :  0.0056 0.3904 0.0024 0.6016 
2004     2004   (0)     18 :  0.0058 0.3968 0.0030 0.5944 
2005     2005   (0)     18 :  0.0022 0.4018 0.0026 0.5934 
2006     2006   (0)     18 :  0.0070 0.4186 0.0036 0.5708 
2007     2007   (0)     18 :  0.0028 0.4244 0.0016 0.5712 
2008     2008   (0)     18 :  0.0040 0.2574 0.0070 0.7316 
2009     2009   (0)     18 :  0.0032 0.3534 0.0024 0.6410 
2010     2010   (0)     18 :  0.0062 0.3922 0.0024 0.5992 
2011     2011   (0)     18 :  0.0026 0.4160 0.0026 0.5788 
2012     2012   (0)     18 :  0.0128 0.3650 0.0016 0.6206 
2013     2013   (0)     18 :  0.0026 0.3990 0.0024 0.5960 
2014     2014   (0)     18 :  0.0056 0.3980 0.0020 0.5944 
2015     2015   (0)     18 :  0.0030 0.3960 0.0038 0.5972 
2016     2016   (0)     18 :  0.0042 0.3974 0.0020 0.5964 
2017     2017   (0)     18 :  0.0052 0.3762 0.0020 0.6166 
2018     2018   (0)     18 :  0.0024 0.3646 0.0024 0.6306 
2019     2019   (0)     18 :  0.0042 0.3974 0.0024 0.5960 
2020     2020   (0)     18 :  0.0024 0.3822 0.0060 0.6094 
2021     2021   (0)     18 :  0.0010 0.4010 0.0020 0.5960 
2022     2022   (0)     18 :  0.0030 0.3944 0.0020 0.6006 
2023     2023   (0)     18 :  0.0086 0.3916 0.0020 0.5978 
2024     2024   (0)     18 :  0.0020 0.3748 0.0026 0.6206 
2025     2025   (0)     18 :  0.0030 0.3972 0.0010 0.5988 
2026     2026   (0)     18 :  0.0168 0.3942 0.0036 0.5854 
2027     2027   (0)     18 :  0.0070 0.3286 0.0030 0.6614 
2028     2028   (0)     18 :  0.0026 0.4042 0.0020 0.5912 
2029     2029   (0)     18 :  0.0030 0.4350 0.0014 0.5606 
2030     2030   (0)     18 :  0.0024 0.3720 0.0036 0.6220 
2031     2031   (0)     18 :  0.0106 0.3520 0.0020 0.6354 
2032     2032   (0)     18 :  0.0084 0.3325 0.0018 0.6573 
2033     2033   (0)     18 :  0.0050 0.4000 0.0010 0.5940 
2034     2034   (0)     18 :  0.0030 0.3972 0.0026 0.5972 
2035     2035   (0)     18 :  0.0484 0.3856 0.0020 0.5640 
2036     2036   (0)     18 :  0.0020 0.3996 0.0032 0.5952 
2037     2037   (0)     18 :  0.0020 0.4006 0.0024 0.5950 
2038     2038   (0)     18 :  0.0138 0.3594 0.0024 0.6244 
2039     2039   (0)     18 :  0.0016 0.4086 0.0020 0.5878 
2040     2040   (0)     18 :  0.0082 0.3922 0.0020 0.5976 
2041     2041   (0)     18 :  0.0078 0.4050 0.0020 0.5852 
2042     2042   (0)     18 :  0.0046 0.3942 0.0014 0.5998 
2043     2043   (0)     18 :  0.0024 0.3970 0.0020 0.5986 
2044     2044   (0)     18 :  0.0140 0.3812 0.0044 0.6004 
2045     2045   (0)     18 :  0.0018 0.3952 0.0016 0.6014 
2046     2046   (0)     18 :  0.0052 0.3992 0.0038 0.5918 
2047     2047   (0)     18 :  0.0014 0.3908 0.0020 0.6058 
2048     2048   (0)     18 :  0.0122 0.4292 0.0088 0.5498 
2049     2049   (0)     18 :  0.0032 0.3874 0.0020 0.6074 
2050     2050   (0)     18 :  0.0050 0.3942 0.0020 0.5988 
2051     2051   (0)     18 :  0.0020 0.3980 0.0016 0.5984 
2052     2052   (0)     18 :  0.0028 0.4292 0.0020 0.5660 
2053     2053   (0)     18 :  0.0020 0.3988 0.0038 0.5954 
2054     2054   (0)     18 :  0.0116 0.3884 0.0030 0.5970 
2055     2055   (0)     18 :  0.0272 0.3844 0.0020 0.5864 
2056     2056   (0)     18 :  0.0020 0.4144 0.0020 0.5816 
2057     2057   (0)     18 :  0.0036 0.4008 0.0016 0.5940 
2058     2058   (0)     18 :  0.0020 0.3974 0.0030 0.5976 
2059     2059   (0)     18 :  0.0140 0.3960 0.0042 0.5858 
2060     2060   (0)     18 :  0.0028 0.3890 0.0148 0.5934 
2061     2061   (0)     18 :  0.0088 0.3974 0.0042 0.5896 
2062     2062   (0)     18 :  0.0030 0.3990 0.0020 0.5960 
2063     2063   (0)     18 :  0.0034 0.3984 0.0020 0.5962 
2064     2064   (0)     18 :  0.0020 0.4058 0.0020 0.5902 
2065     2065   (0)     18 :  0.0046 0.3926 0.0020 0.6008 
2066     2066   (0)     18 :  0.0054 0.4154 0.0026 0.5766 
2067     2067   (0)     18 :  0.0044 0.3974 0.0020 0.5962 
2068     2068   (0)     18 :  0.0036 0.4004 0.0030 0.5930 
2069     2069   (0)     18 :  0.0024 0.4008 0.0016 0.5952 
2070     2070   (0)     18 :  0.0014 0.3936 0.0020 0.6030 
2071     2071   (0)     18 :  0.0152 0.4444 0.0032 0.5372 
2072     2072   (0)     18 :  0.0080 0.3832 0.0030 0.6058 
2073     2073   (0)     18 :  0.0102 0.3854 0.0034 0.6010 
2074     2074   (0)     18 :  0.0096 0.3896 0.0046 0.5962 
2075     2075   (0)     18 :  0.0082 0.4118 0.0020 0.5780 
2076     2076   (0)     18 :  0.0056 0.3632 0.0032 0.6280 
2077     2077   (0)     18 :  0.0056 0.3954 0.0024 0.5966 
2078     2078   (0)     18 :  0.0026 0.4026 0.0026 0.5922 
2079     2079   (0)     18 :  0.0054 0.3982 0.0026 0.5938 
2080     2080   (0)     18 :  0.0036 0.3684 0.0020 0.6260 
2081     2081   (0)     18 :  0.0056 0.3866 0.0024 0.6054 
2082     2082   (0)     18 :  0.0038 0.3352 0.0038 0.6572 
2083     2083   (0)     18 :  0.0848 0.3480 0.0026 0.5646 
2084     2084   (0)     18 :  0.0024 0.3958 0.0020 0.5998 
2085     2085   (0)     18 :  0.0030 0.4004 0.0020 0.5946 
2086     2086   (0)     18 :  0.0028 0.3936 0.0020 0.6016 
2087     2087   (0)     18 :  0.0020 0.4144 0.0020 0.5816 
2088     2088   (0)     18 :  0.0036 0.4534 0.0020 0.5410 
2089     2089   (0)     18 :  0.0110 0.4010 0.0026 0.5854 
2090     2090   (0)     18 :  0.0036 0.3948 0.0028 0.5988 
2091     2091   (0)     18 :  0.0100 0.4014 0.0026 0.5860 
2092     2092   (0)     18 :  0.0036 0.4036 0.0030 0.5898 
2093     2093   (0)     18 :  0.0020 0.3930 0.0020 0.6030 
2094     2094   (0)     18 :  0.0624 0.3966 0.0022 0.5388 
2095     2095   (0)     18 :  0.0026 0.3928 0.0120 0.5926 
2096     2096   (0)     18 :  0.0128 0.3972 0.0030 0.5870 
2097     2097   (0)     18 :  0.0026 0.4034 0.0030 0.5910 
2098     2098   (0)     18 :  0.0020 0.5401 0.0026 0.4553 
2099     2099   (0)     18 :  0.0192 0.3824 0.0010 0.5974 
2100     2100   (0)     18 :  0.0226 0.3540 0.0020 0.6214 
2101     2101   (0)     18 :  0.0020 0.3992 0.0020 0.5968 
2102     2102   (0)     18 :  0.0208 0.3732 0.0044 0.6016 
2103     2103   (0)     18 :  0.0176 0.3922 0.0036 0.5866 
2104     2104   (0)     18 :  0.0044 0.3716 0.0060 0.6180 
2105     2105   (0)     18 :  0.0052 0.4312 0.0010 0.5626 
2106     2106   (0)     18 :  0.0058 0.4124 0.0026 0.5792 
2107     2107   (0)     18 :  0.0020 0.4008 0.0062 0.5910 
2108     2108   (0)     18 :  0.0098 0.3866 0.0040 0.5996 
2109     2109   (0)     18 :  0.0090 0.3748 0.0110 0.6052 
2110     2110   (0)     18 :  0.0034 0.4588 0.0026 0.5352 
2111     2111   (0)     18 :  0.0040 0.3944 0.0020 0.5996 
2112     2112   (0)     18 :  0.0030 0.3776 0.0020 0.6174 
2113     2113   (0)     18 :  0.0110 0.3988 0.0026 0.5876 
2114     2114   (0)     18 :  0.0070 0.3990 0.0026 0.5914 
2115     2115   (0)     18 :  0.0170 0.3826 0.0020 0.5984 
2116     2116   (0)     18 :  0.0156 0.4308 0.0036 0.5500 
2117     2117   (0)     18 :  0.0046 0.4168 0.0026 0.5760 
2118     2118   (0)     18 :  0.0030 0.3990 0.0016 0.5964 
2119     2119   (0)     18 :  0.0230 0.3978 0.0030 0.5762 
2120     2120   (0)     18 :  0.0118 0.3956 0.0020 0.5906 
2121     2121   (0)     18 :  0.0062 0.3550 0.0020 0.6368 
2122     2122   (0)     18 :  0.0024 0.3948 0.0014 0.6014 
2123     2123   (0)     18 :  0.0030 0.4018 0.0028 0.5924 
2124     2124   (0)     18 :  0.0206 0.3816 0.0020 0.5958 
2125     2125   (0)     18 :  0.0034 0.3996 0.0030 0.5940 
2126     2126   (0)     18 :  0.0038 0.4026 0.0056 0.5880 
2127     2127   (0)     18 :  0.0024 0.3964 0.0020 0.5992 
2128     2128   (0)     18 :  0.0020 0.3978 0.0014 0.5988 
2129     2129   (0)     18 :  0.0054 0.3440 0.0014 0.6492 
2130     2130   (0)     18 :  0.0056 0.3876 0.0020 0.6048 
2131     2131   (0)     18 :  0.0064 0.3964 0.0032 0.5940 
2132     2132   (0)     18 :  0.0016 0.4136 0.0020 0.5828 
2133     2133   (0)     18 :  0.0076 0.3870 0.0044 0.6010 
2134     2134   (0)     18 :  0.0110 0.3086 0.0014 0.6790 
2135     2135   (0)     18 :  0.0024 0.4102 0.0036 0.5838 
2136     2136   (0)     18 :  0.0064 0.3966 0.0020 0.5950 
2137     2137   (0)     18 :  0.0076 0.3732 0.0052 0.6140 
2138     2138   (0)     18 :  0.0020 0.3988 0.0010 0.5982 
2139     2139   (0)     18 :  0.0024 0.3976 0.0024 0.5976 
2140     2140   (0)     18 :  0.0024 0.3990 0.0036 0.5950 
2141     2141   (0)     18 :  0.0062 0.4024 0.0034 0.5880 
2142     2142   (0)     18 :  0.0104 0.3892 0.0048 0.5956 
