   1        1   (5)      1 :  0.0124 0.7838 0.0042 0.1996 
   2        2   (5)      1 :  0.0088 0.7742 0.0114 0.2056 
   3        3   (5)      1 :  0.0054 0.7892 0.0040 0.2014 
   4        4   (0)      1 :  0.0144 0.7882 0.0072 0.1902 
   5        5   (0)      1 :  0.0420 0.7244 0.0134 0.2202 
   6        6   (0)      1 :  0.0102 0.7864 0.0044 0.1990 
   7        7   (0)      1 :  0.0038 0.7526 0.0106 0.2330 
   8        8   (5)      1 :  0.0060 0.7892 0.0054 0.1994 
   9        9   (0)      1 :  0.0048 0.7912 0.0046 0.1994 
  10       10   (0)      1 :  0.0046 0.7720 0.0110 0.2124 
  11       11   (0)      1 :  0.0040 0.7852 0.0044 0.2064 
  12       12   (0)      1 :  0.0050 0.7748 0.0142 0.2060 
  13       13   (0)      1 :  0.0042 0.7850 0.0130 0.1978 
  14       14   (0)      1 :  0.0152 0.7786 0.0046 0.2016 
  15       15   (0)      1 :  0.0052 0.7850 0.0054 0.2044 
  16       16   (0)      1 :  0.0104 0.7882 0.0038 0.1976 
  17       17   (0)      1 :  0.0026 0.7918 0.0034 0.2022 
  18       18   (0)      1 :  0.0064 0.7832 0.0052 0.2052 
  19       19   (0)      1 :  0.0092 0.7792 0.0380 0.1736 
  20       20   (0)      1 :  0.0094 0.7588 0.0116 0.2202 
  21       21   (0)      1 :  0.0046 0.7892 0.0064 0.1998 
  22       22   (0)      1 :  0.0108 0.7884 0.0032 0.1976 
  23       23   (0)      1 :  0.0104 0.7892 0.0048 0.1956 
  24       24   (0)      1 :  0.0144 0.7798 0.0096 0.1962 
  25       25   (0)      1 :  0.0054 0.7762 0.0112 0.2072 
  26       26   (0)      1 :  0.0072 0.7834 0.0188 0.1906 
  27       27   (5)      1 :  0.0080 0.7652 0.0088 0.2180 
  28       28   (0)      1 :  0.0068 0.7856 0.0028 0.2048 
  29       29   (0)      1 :  0.0134 0.7876 0.0042 0.1948 
  30       30   (0)      1 :  0.0170 0.7726 0.0094 0.2010 
  31       31   (0)      1 :  0.0072 0.7902 0.0036 0.1990 
  32       32   (0)      1 :  0.0068 0.7642 0.0110 0.2180 
  33       33   (0)      1 :  0.0042 0.7922 0.0040 0.1996 
  34       34   (0)      1 :  0.0204 0.7942 0.0034 0.1820 
  35       35   (0)      1 :  0.0256 0.7572 0.0072 0.2100 
  36       36   (0)      1 :  0.0070 0.7736 0.0064 0.2130 
  37       37   (0)      1 :  0.0056 0.7808 0.0110 0.2026 
  38       38   (0)      1 :  0.0040 0.7842 0.0108 0.2010 
  39       39   (0)      1 :  0.0066 0.7696 0.0120 0.2118 
  40       40   (0)      1 :  0.0112 0.7848 0.0060 0.1980 
  41       41   (0)      1 :  0.0046 0.7876 0.0060 0.2018 
  42       42   (0)      1 :  0.0068 0.7926 0.0036 0.1970 
  43       43   (0)      1 :  0.0050 0.7890 0.0036 0.2024 
  44       44   (0)      1 :  0.0032 0.7930 0.0026 0.2012 
  45       45   (5)      1 :  0.0048 0.7820 0.0102 0.2030 
  46       46   (0)      1 :  0.0096 0.7892 0.0024 0.1988 
  47       47   (0)      1 :  0.0066 0.7872 0.0026 0.2036 
  48       48   (0)      1 :  0.0114 0.7826 0.0038 0.2022 
  49       49   (0)      1 :  0.0034 0.7776 0.0208 0.1982 
  50       50   (0)      1 :  0.0066 0.7868 0.0052 0.2014 
  51       51   (0)      1 :  0.0040 0.7858 0.0092 0.2010 
  52       52   (0)      1 :  0.0110 0.7580 0.0282 0.2028 
  53       53   (0)      1 :  0.0264 0.7786 0.0042 0.1908 
  54       54   (0)      1 :  0.0060 0.7878 0.0026 0.2036 
  55       55   (0)      1 :  0.0046 0.7878 0.0038 0.2038 
  56       56   (0)      1 :  0.0052 0.7888 0.0038 0.2022 
  57       57  (10)      1 :  0.0048 0.7850 0.0072 0.2030 
  58       58   (5)      1 :  0.0070 0.7828 0.0048 0.2054 
  59       59   (0)      1 :  0.0150 0.7830 0.0070 0.1950 
  60       60   (0)      1 :  0.0038 0.7908 0.0040 0.2014 
  61       61   (0)      1 :  0.0080 0.7854 0.0052 0.2014 
  62       62   (0)      1 :  0.0050 0.7860 0.0042 0.2048 
  63       63   (0)      1 :  0.0048 0.7798 0.0048 0.2106 
  64       64   (0)      1 :  0.0056 0.7890 0.0032 0.2022 
  65       65   (0)      1 :  0.0036 0.7426 0.0292 0.2246 
  66       66   (0)      1 :  0.0108 0.7844 0.0040 0.2008 
  67       67   (5)      1 :  0.0294 0.7582 0.0184 0.1940 
  68       68   (0)      1 :  0.0366 0.7648 0.0062 0.1924 
  69       69   (0)      1 :  0.0030 0.7892 0.0030 0.2048 
  70       70   (0)      1 :  0.0096 0.7834 0.0050 0.2020 
  71       71   (5)      1 :  0.0090 0.7804 0.0048 0.2058 
  72       72   (0)      1 :  0.0044 0.7846 0.0090 0.2020 
  73       73   (5)      1 :  0.0088 0.7892 0.0036 0.1984 
  74       74  (10)      1 :  0.0086 0.7806 0.0070 0.2038 
  75       75  (10)      1 :  0.0068 0.7764 0.0256 0.1912 
  76       76   (0)      1 :  0.1810 0.6980 0.0062 0.1148 
  77       77  (10)      1 :  0.0506 0.7656 0.0070 0.1768 
  78       78   (0)      1 :  0.0878 0.7324 0.0190 0.1608 
  79       79   (5)      1 :  0.0142 0.7804 0.0036 0.2018 
  80       80   (0)      1 :  0.0058 0.7898 0.0036 0.2008 
  81       81   (0)      1 :  0.0046 0.7900 0.0044 0.2010 
  82       82   (0)      1 :  0.0032 0.7916 0.0052 0.2000 
  83       83   (0)      1 :  0.0236 0.7696 0.0046 0.2022 
  84       84   (0)      1 :  0.0038 0.7850 0.0076 0.2036 
  85       85   (0)      1 :  0.0036 0.7910 0.0036 0.2018 
  86       86   (5)      1 :  0.0040 0.7900 0.0048 0.2012 
  87       87   (0)      1 :  0.0046 0.7886 0.0040 0.2028 
  88       88   (0)      1 :  0.0923 0.6979 0.0098 0.2000 
  89       89   (0)      1 :  0.0174 0.7640 0.0292 0.1894 
  90       90   (0)      1 :  0.0124 0.7764 0.0040 0.2072 
  91       91   (0)      1 :  0.0076 0.7856 0.0052 0.2016 
  92       92   (0)      1 :  0.0068 0.7784 0.0040 0.2108 
  93       93   (0)      1 :  0.0052 0.7908 0.0032 0.2008 
  94       94   (5)      1 :  0.0306 0.7804 0.0224 0.1666 
  95       95   (0)      1 :  0.0086 0.7870 0.0052 0.1992 
  96       96   (5)      1 :  0.0032 0.7908 0.0058 0.2002 
  97       97   (0)      1 :  0.0136 0.7782 0.0028 0.2054 
  98       98   (0)      1 :  0.0056 0.7860 0.0062 0.2022 
  99       99   (5)      1 :  0.0042 0.7782 0.0150 0.2026 
 100      100   (5)      1 :  0.0044 0.7910 0.0034 0.2012 
 101      101   (0)      2 :  0.0560 0.6710 0.0072 0.2658 
 102      102   (0)      2 :  0.0150 0.7780 0.0070 0.2000 
 103      103   (0)      2 :  0.0094 0.7822 0.0092 0.1992 
 104      104   (0)      2 :  0.0048 0.7830 0.0068 0.2054 
 105      105   (0)      2 :  0.0068 0.7862 0.0028 0.2042 
 106      106   (0)      2 :  0.0128 0.7844 0.0036 0.1992 
 107      107   (0)      2 :  0.0040 0.7894 0.0042 0.2024 
 108      108   (0)      2 :  0.0374 0.7782 0.0050 0.1794 
 109      109   (0)      2 :  0.0144 0.7858 0.0030 0.1968 
 110      110   (0)      2 :  0.0050 0.7880 0.0028 0.2042 
 111      111   (0)      2 :  0.0282 0.7670 0.0078 0.1970 
 112      112   (0)      2 :  0.0074 0.7906 0.0026 0.1994 
 113      113   (0)      2 :  0.0234 0.7734 0.0074 0.1958 
 114      114   (0)      2 :  0.0082 0.7810 0.0084 0.2024 
 115      115   (0)      2 :  0.0054 0.7854 0.0096 0.1996 
 116      116   (0)      2 :  0.0052 0.7760 0.0078 0.2110 
 117      117   (0)      2 :  0.0114 0.7886 0.0024 0.1976 
 118      118   (0)      2 :  0.0046 0.7900 0.0034 0.2020 
 119      119   (0)      2 :  0.0088 0.7880 0.0026 0.2006 
 120      120   (0)      2 :  0.0050 0.7904 0.0054 0.1992 
 121      121   (0)      2 :  0.0174 0.7646 0.0076 0.2104 
 122      122   (0)      2 :  0.0120 0.7866 0.0044 0.1970 
 123      123   (0)      2 :  0.0334 0.7534 0.0148 0.1984 
 124      124   (0)      2 :  0.0054 0.7664 0.0424 0.1858 
 125      125   (0)      2 :  0.0074 0.7864 0.0048 0.2014 
 126      126   (0)      2 :  0.0048 0.7820 0.0116 0.2016 
 127      127   (0)      2 :  0.0078 0.7652 0.0044 0.2226 
 128      128   (0)      2 :  0.0054 0.7620 0.0114 0.2212 
 129      129   (0)      2 :  0.0028 0.7934 0.0046 0.1992 
 130      130   (0)      2 :  0.0054 0.7836 0.0080 0.2030 
 131      131   (0)      2 :  0.0478 0.6976 0.0350 0.2196 
 132      132   (0)      2 :  0.0218 0.7844 0.0052 0.1886 
 133      133   (0)      2 :  0.0044 0.7872 0.0032 0.2052 
 134      134   (0)      2 :  0.0050 0.7858 0.0044 0.2048 
 135      135   (0)      2 :  0.0034 0.7912 0.0036 0.2018 
 136      136   (0)      2 :  0.0042 0.7902 0.0030 0.2026 
 137      137   (0)      2 :  0.0120 0.7810 0.0056 0.2014 
 138      138   (0)      2 :  0.0268 0.7732 0.0084 0.1916 
 139      139   (0)      2 :  0.0068 0.7872 0.0040 0.2020 
 140      140   (0)      2 :  0.0056 0.7790 0.0110 0.2044 
 141      141   (0)      2 :  0.0118 0.7816 0.0044 0.2022 
 142      142   (0)      2 :  0.0048 0.7862 0.0072 0.2018 
 143      143   (0)      2 :  0.0066 0.7898 0.0038 0.1998 
 144      144   (0)      2 :  0.0036 0.7878 0.0088 0.1998 
 145      145   (0)      2 :  0.0130 0.7804 0.0046 0.2020 
 146      146   (0)      2 :  0.0058 0.7854 0.0076 0.2012 
 147      147   (0)      2 :  0.0078 0.7922 0.0028 0.1972 
 148      148   (0)      2 :  0.0048 0.7916 0.0052 0.1984 
 149      149   (0)      2 :  0.0072 0.7816 0.0080 0.2032 
 150      150   (0)      2 :  0.0090 0.7796 0.0042 0.2072 
 151      151   (0)      2 :  0.0034 0.7920 0.0026 0.2020 
 152      152   (0)      2 :  0.0122 0.7828 0.0038 0.2012 
 153      153   (0)      2 :  0.0166 0.7360 0.0460 0.2014 
 154      154   (0)      2 :  0.0118 0.7750 0.0040 0.2092 
 155      155   (0)      2 :  0.0092 0.7602 0.0306 0.2000 
 156      156   (0)      2 :  0.0036 0.7918 0.0036 0.2010 
 157      157   (0)      2 :  0.0086 0.7904 0.0030 0.1980 
 158      158   (0)      2 :  0.0406 0.7798 0.0092 0.1704 
 159      159   (0)      2 :  0.0100 0.7880 0.0044 0.1976 
 160      160   (0)      2 :  0.0062 0.7884 0.0034 0.2020 
 161      161   (0)      2 :  0.0076 0.7800 0.0164 0.1960 
 162      162   (0)      2 :  0.0092 0.7874 0.0038 0.1996 
 163      163   (0)      2 :  0.0062 0.7884 0.0052 0.2002 
 164      164   (0)      2 :  0.0086 0.7848 0.0044 0.2022 
 165      165   (0)      2 :  0.0034 0.7926 0.0026 0.2014 
 166      166   (0)      2 :  0.0038 0.7876 0.0062 0.2024 
 167      167   (0)      2 :  0.0216 0.7668 0.0048 0.2068 
 168      168   (0)      2 :  0.0090 0.7786 0.0146 0.1978 
 169      169   (0)      2 :  0.0034 0.7906 0.0036 0.2024 
 170      170   (0)      2 :  0.0106 0.7742 0.0172 0.1980 
 171      171   (0)      2 :  0.0082 0.7862 0.0098 0.1958 
 172      172   (0)      2 :  0.0030 0.7836 0.0178 0.1956 
 173      173   (0)      2 :  0.0084 0.7824 0.0052 0.2040 
 174      174   (0)      2 :  0.0068 0.7780 0.0074 0.2078 
 175      175   (0)      2 :  0.0052 0.7888 0.0088 0.1972 
 176      176   (0)      2 :  0.0114 0.7860 0.0036 0.1990 
 177      177   (0)      2 :  0.0070 0.7812 0.0092 0.2026 
 178      178   (0)      2 :  0.0036 0.7922 0.0030 0.2012 
 179      179   (0)      2 :  0.0040 0.7910 0.0028 0.2022 
 180      180   (0)      2 :  0.0048 0.7896 0.0032 0.2024 
 181      181   (0)      2 :  0.0148 0.7814 0.0084 0.1954 
 182      182   (0)      2 :  0.0160 0.7540 0.0238 0.2062 
 183      183   (0)      2 :  0.0080 0.7854 0.0088 0.1978 
 184      184   (0)      2 :  0.0040 0.7890 0.0036 0.2034 
 185      185   (0)      2 :  0.0042 0.7882 0.0054 0.2022 
 186      186   (0)      2 :  0.0210 0.7754 0.0072 0.1964 
 187      187   (0)      2 :  0.0048 0.7926 0.0028 0.1998 
 188      188   (0)      2 :  0.0050 0.7860 0.0052 0.2038 
 189      189   (0)      2 :  0.0056 0.7764 0.0098 0.2082 
 190      190   (0)      2 :  0.0108 0.7874 0.0036 0.1982 
 191      191   (0)      2 :  0.0044 0.7746 0.0174 0.2036 
 192      192   (0)      2 :  0.0030 0.7914 0.0032 0.2024 
 193      193   (0)      2 :  0.0052 0.7746 0.0180 0.2022 
 194      194   (0)      2 :  0.0050 0.7852 0.0094 0.2004 
 195      195   (0)      2 :  0.0034 0.7896 0.0062 0.2008 
 196      196   (0)      2 :  0.0056 0.7872 0.0050 0.2022 
 197      197   (0)      2 :  0.0122 0.7652 0.0088 0.2138 
 198      198   (0)      2 :  0.0060 0.7844 0.0154 0.1942 
 199      199   (0)      2 :  0.0108 0.7838 0.0042 0.2012 
 200      200   (0)      2 :  0.0060 0.7868 0.0058 0.2014 
 201      201   (0)      2 :  0.0088 0.7624 0.0108 0.2180 
 202      202   (0)      2 :  0.0082 0.7830 0.0072 0.2016 
 203      203   (0)      2 :  0.0060 0.7876 0.0054 0.2010 
 204      204   (0)      2 :  0.0082 0.7798 0.0058 0.2062 
 205      205   (0)      2 :  0.0076 0.7908 0.0026 0.1990 
 206      206   (0)      2 :  0.0054 0.7912 0.0026 0.2008 
 207      207   (0)      2 :  0.0056 0.7898 0.0038 0.2008 
 208      208   (0)      2 :  0.0058 0.7904 0.0050 0.1988 
 209      209   (0)      2 :  0.0310 0.7876 0.0036 0.1778 
 210      210   (0)      2 :  0.0062 0.7128 0.0504 0.2306 
 211      211   (0)      2 :  0.0044 0.7786 0.0122 0.2048 
 212      212   (0)      2 :  0.0038 0.7922 0.0046 0.1994 
 213      213   (0)      2 :  0.0058 0.7856 0.0056 0.2030 
 214      214   (0)      2 :  0.0034 0.7904 0.0048 0.2014 
 215      215   (0)      2 :  0.0142 0.7616 0.0072 0.2170 
 216      216   (0)      2 :  0.0084 0.7872 0.0042 0.2002 
 217      217   (0)      2 :  0.0090 0.7878 0.0034 0.1998 
 218      218   (0)      2 :  0.0050 0.7782 0.0162 0.2006 
 219      219   (0)      2 :  0.0028 0.7862 0.0128 0.1982 
 220      220   (0)      2 :  0.0088 0.7876 0.0044 0.1992 
 221      221   (0)      2 :  0.0094 0.7834 0.0042 0.2030 
 222      222   (0)      2 :  0.0112 0.7858 0.0042 0.1988 
 223      223   (0)      2 :  0.0300 0.7368 0.0076 0.2256 
 224      224   (0)      2 :  0.0158 0.7862 0.0046 0.1934 
 225      225   (0)      2 :  0.0070 0.7888 0.0044 0.1998 
 226      226   (0)      2 :  0.0104 0.7864 0.0036 0.1996 
 227      227   (0)      2 :  0.0110 0.7862 0.0052 0.1976 
 228      228   (0)      2 :  0.0042 0.7868 0.0066 0.2024 
 229      229   (0)      2 :  0.0032 0.7930 0.0024 0.2014 
 230      230   (0)      2 :  0.0034 0.7928 0.0030 0.2008 
 231      231   (0)      2 :  0.0172 0.7772 0.0082 0.1974 
 232      232   (0)      2 :  0.0180 0.7608 0.0070 0.2142 
 233      233   (0)      2 :  0.0092 0.7840 0.0054 0.2014 
 234      234   (0)      2 :  0.0218 0.7734 0.0102 0.1946 
 235      235   (0)      2 :  0.0334 0.7208 0.0628 0.1830 
 236      236   (0)      2 :  0.0202 0.7846 0.0026 0.1926 
 237      237   (0)      2 :  0.0058 0.7842 0.0044 0.2056 
 238      238   (0)      2 :  0.0552 0.7474 0.0130 0.1844 
 239      239   (0)      2 :  0.0040 0.7910 0.0030 0.2020 
 240      240   (0)      2 :  0.0048 0.7882 0.0038 0.2032 
 241      241   (0)      2 :  0.0056 0.7900 0.0044 0.2000 
 242      242   (0)      2 :  0.0206 0.7662 0.0034 0.2098 
 243      243   (0)      2 :  0.0040 0.7868 0.0072 0.2020 
 244      244   (0)      2 :  0.0122 0.7896 0.0036 0.1946 
 245      245   (0)      2 :  0.0046 0.7860 0.0072 0.2022 
 246      246   (0)      2 :  0.0076 0.7778 0.0126 0.2020 
 247      247   (0)      2 :  0.0094 0.7846 0.0074 0.1986 
 248      248   (0)      2 :  0.0174 0.7732 0.0064 0.2030 
 249      249   (0)      2 :  0.0142 0.7762 0.0172 0.1924 
 250      250   (0)      2 :  0.0096 0.7888 0.0136 0.1880 
 251      251   (0)      2 :  0.0030 0.7864 0.0064 0.2042 
 252      252   (0)      2 :  0.0066 0.7794 0.0094 0.2046 
 253      253   (0)      2 :  0.0068 0.7488 0.0106 0.2338 
 254      254   (0)      2 :  0.0064 0.7870 0.0052 0.2014 
 255      255   (0)      2 :  0.0050 0.7886 0.0124 0.1940 
 256      256   (0)      2 :  0.0036 0.7890 0.0040 0.2034 
 257      257   (0)      2 :  0.0040 0.7794 0.0214 0.1952 
 258      258   (0)      2 :  0.0082 0.7512 0.0164 0.2242 
 259      259   (0)      2 :  0.0054 0.7894 0.0046 0.2006 
 260      260   (0)      2 :  0.0092 0.7834 0.0046 0.2028 
 261      261   (0)      2 :  0.0048 0.7838 0.0034 0.2080 
 262      262   (0)      2 :  0.0040 0.7916 0.0036 0.2008 
 263      263   (0)      2 :  0.0058 0.7888 0.0036 0.2018 
 264      264   (0)      2 :  0.0052 0.7870 0.0046 0.2032 
 265      265   (0)      2 :  0.0042 0.7810 0.0062 0.2086 
 266      266   (0)      2 :  0.0058 0.7868 0.0052 0.2022 
 267      267   (0)      2 :  0.1476 0.6935 0.0038 0.1551 
 268      268   (0)      2 :  0.0052 0.7828 0.0130 0.1990 
 269      269   (0)      2 :  0.0090 0.7876 0.0044 0.1990 
 270      270   (0)      2 :  0.0074 0.7826 0.0078 0.2022 
 271      271   (0)      2 :  0.0644 0.7262 0.0210 0.1884 
 272      272   (0)      2 :  0.0062 0.7858 0.0042 0.2038 
 273      273   (0)      2 :  0.0048 0.7862 0.0056 0.2034 
 274      274   (0)      2 :  0.0058 0.7662 0.0432 0.1848 
 275      275   (0)      2 :  0.0062 0.7848 0.0148 0.1942 
 276      276   (0)      2 :  0.0040 0.7758 0.0058 0.2144 
 277      277   (0)      2 :  0.0040 0.7894 0.0032 0.2034 
 278      278   (0)      2 :  0.0084 0.7874 0.0026 0.2016 
 279      279   (0)      2 :  0.0060 0.7908 0.0032 0.2000 
 280      280   (0)      2 :  0.0054 0.7886 0.0038 0.2022 
 281      281   (0)      2 :  0.0102 0.7722 0.0138 0.2038 
 282      282   (0)      2 :  0.0046 0.7502 0.0604 0.1848 
 283      283   (0)      2 :  0.0038 0.7958 0.0026 0.1978 
 284      284   (0)      2 :  0.0216 0.7264 0.0182 0.2338 
 285      285   (0)      2 :  0.0106 0.7712 0.0050 0.2132 
 286      286   (0)      2 :  0.0078 0.7858 0.0028 0.2036 
 287      287   (0)      2 :  0.0224 0.7690 0.0032 0.2054 
 288      288   (0)      2 :  0.0172 0.7718 0.0078 0.2032 
 289      289   (0)      2 :  0.0106 0.7838 0.0078 0.1978 
 290      290   (0)      2 :  0.0112 0.7868 0.0034 0.1986 
 291      291   (0)      2 :  0.0064 0.7804 0.0110 0.2022 
 292      292   (0)      2 :  0.0256 0.7776 0.0052 0.1916 
 293      293   (0)      2 :  0.0048 0.7900 0.0030 0.2022 
 294      294   (0)      2 :  0.0080 0.7880 0.0032 0.2008 
 295      295   (0)      2 :  0.0110 0.7852 0.0050 0.1988 
 296      296   (0)      2 :  0.0150 0.7786 0.0066 0.1998 
 297      297   (0)      2 :  0.0036 0.7880 0.0088 0.1996 
 298      298   (0)      2 :  0.0066 0.7898 0.0038 0.1998 
 299      299   (0)      2 :  0.0166 0.7712 0.0066 0.2056 
 300      300   (0)      2 :  0.0040 0.7704 0.0140 0.2116 
 301      301   (5)      3 :  0.0052 0.5009 0.0082 0.4857 
 302      302   (0)      3 :  0.0150 0.2351 0.0334 0.7165 
 303      303   (0)      3 :  0.0446 0.4783 0.0532 0.4239 
 304      304   (5)      3 :  0.0494 0.4168 0.0170 0.5168 
 305      305   (5)      3 :  0.0036 0.3226 0.0196 0.6542 
 306      306   (0)      3 :  0.0210 0.2629 0.0588 0.6573 
 307      307   (0)      4 :  0.0278 0.5768 0.0112 0.3842 
 308      308   (0)      4 :  0.0076 0.3737 0.0146 0.6041 
 309      309   (0)      4 :  0.0052 0.3159 0.0094 0.6695 
 310      310   (0)      4 :  0.0088 0.5091 0.0132 0.4689 
 311      311   (0)      4 :  0.0084 0.4928 0.0060 0.4928 
 312      312   (0)      4 :  0.0146 0.1971 0.0404 0.7480 
 313      313   (0)      4 :  0.0048 0.4260 0.0246 0.5446 
 314      314   (0)      4 :  0.0184 0.4009 0.0078 0.5729 
 315      315   (0)      4 :  0.0098 0.6036 0.1054 0.2812 
 316      316   (0)      4 :  0.0070 0.4719 0.0122 0.5089 
 317      317   (0)      4 :  0.0074 0.2699 0.0060 0.7167 
 318      318   (0)      4 :  0.0062 0.5279 0.0078 0.4581 
 319      319   (0)      4 :  0.0030 0.2982 0.0378 0.6610 
 320      320   (0)      4 :  0.0084 0.3738 0.0072 0.6106 
 321      321   (0)      4 :  0.0144 0.2618 0.0104 0.7134 
 322      322   (0)      4 :  0.0292 0.3874 0.0074 0.5760 
 323      323   (0)      4 :  0.0058 0.4616 0.0206 0.5120 
 324      324   (0)      4 :  0.0434 0.4513 0.0610 0.4443 
 325      325   (0)      4 :  0.0190 0.5048 0.0064 0.4698 
 326      326   (0)      4 :  0.0094 0.4572 0.0136 0.5198 
 327      327   (0)      4 :  0.0100 0.2073 0.0068 0.7759 
 328      328   (0)      4 :  0.0186 0.3756 0.0116 0.5942 
 329      329   (0)      4 :  0.0066 0.4567 0.0080 0.5287 
 330      330   (0)      4 :  0.0330 0.3440 0.0068 0.6162 
 331      331   (0)      4 :  0.0140 0.2564 0.0092 0.7204 
 332      332   (0)      4 :  0.0044 0.2148 0.4260 0.3548 
 333      333   (0)      4 :  0.0050 0.2841 0.0112 0.6997 
 334      334   (0)      4 :  0.0122 0.4597 0.0262 0.5019 
 335      335   (0)      4 :  0.0034 0.5330 0.0754 0.3882 
 336      336   (0)      4 :  0.0034 0.4487 0.0052 0.5427 
 337      337   (0)      4 :  0.0094 0.3918 0.0222 0.5766 
 338      338   (0)      4 :  0.0076 0.1470 0.0108 0.8346 
 339      339   (0)      4 :  0.0152 0.3543 0.0048 0.6257 
 340      340   (0)      4 :  0.0100 0.4855 0.0850 0.4195 
 341      341   (0)      4 :  0.0038 0.4014 0.0198 0.5750 
 342      342   (0)      4 :  0.0068 0.1124 0.0982 0.7826 
 343      343   (0)      4 :  0.0076 0.3940 0.0182 0.5802 
 344      344   (0)      4 :  0.0090 0.3899 0.0094 0.5917 
 345      345   (0)      4 :  0.0168 0.2253 0.0128 0.7451 
 346      346   (0)      4 :  0.0088 0.2210 0.0190 0.7512 
 347      347   (0)      4 :  0.0074 0.3387 0.0174 0.6365 
 348      348   (0)      4 :  0.0300 0.3893 0.0140 0.5667 
 349      349   (0)      4 :  0.0084 0.3256 0.0148 0.6512 
 350      350   (0)      4 :  0.0130 0.2854 0.0380 0.6636 
 351      351   (0)      4 :  0.0040 0.4122 0.0056 0.5782 
 352      352   (0)      4 :  0.0080 0.2150 0.0048 0.7722 
 353      353   (0)      4 :  0.0066 0.4431 0.0054 0.5449 
 354      354   (0)      4 :  0.0060 0.4764 0.0082 0.5094 
 355      355   (0)      4 :  0.0058 0.3755 0.0084 0.6103 
 356      356   (0)      4 :  0.0092 0.5007 0.0208 0.4693 
 357      357   (0)      4 :  0.0102 0.1478 0.0220 0.8201 
 358      358   (0)      4 :  0.0120 0.3222 0.1723 0.4934 
 359      359   (0)      4 :  0.0090 0.4324 0.0116 0.5470 
 360      360   (0)      4 :  0.0056 0.3901 0.1528 0.4515 
 361      361   (0)      4 :  0.0104 0.4675 0.0244 0.4977 
 362      362   (0)      4 :  0.0134 0.3245 0.0046 0.6575 
 363      363   (0)      4 :  0.0272 0.4154 0.0048 0.5526 
 364      364   (0)      4 :  0.0030 0.3343 0.0094 0.6533 
 365      365   (0)      4 :  0.0048 0.3833 0.0098 0.6021 
 366      366   (0)      4 :  0.0134 0.3811 0.0220 0.5835 
 367      367   (0)      4 :  0.0222 0.3562 0.0058 0.6158 
 368      368   (0)      4 :  0.0088 0.3661 0.0330 0.5921 
 369      369   (0)      4 :  0.0068 0.2706 0.0048 0.7178 
 370      370   (0)      4 :  0.0294 0.5625 0.0178 0.3904 
 371      371   (0)      4 :  0.1106 0.4831 0.0276 0.3787 
 372      372   (0)      4 :  0.0084 0.3020 0.0164 0.6732 
 373      373   (0)      4 :  0.0088 0.3591 0.0082 0.6239 
 374      374   (0)      4 :  0.0058 0.5776 0.0046 0.4120 
 375      375   (0)      4 :  0.0042 0.3535 0.0236 0.6187 
 376      376   (0)      4 :  0.0038 0.3930 0.0126 0.5906 
 377      377   (0)      4 :  0.0208 0.3839 0.0092 0.5861 
 378      378   (0)      4 :  0.0120 0.3687 0.0156 0.6037 
 379      379   (0)      4 :  0.0656 0.3964 0.0074 0.5306 
 380      380   (0)      4 :  0.0052 0.2680 0.0146 0.7122 
 381      381   (0)      4 :  0.0034 0.3956 0.0138 0.5872 
 382      382   (0)      4 :  0.0110 0.3600 0.0068 0.6222 
 383      383   (0)      4 :  0.0368 0.0232 0.0116 0.9284 
 384      384   (0)      4 :  0.0292 0.2312 0.0382 0.7014 
 385      385   (0)      4 :  0.2112 0.1512 0.0120 0.6256 
 386      386   (0)      4 :  0.0072 0.5161 0.0186 0.4581 
 387      387   (0)      4 :  0.0074 0.4237 0.0178 0.5511 
 388      388   (0)      4 :  0.0138 0.1844 0.0102 0.7917 
 389      389   (0)      4 :  0.0098 0.3809 0.0144 0.5949 
 390      390   (0)      4 :  0.0184 0.4342 0.0132 0.5342 
 391      391   (0)      4 :  0.0034 0.4777 0.0102 0.5087 
 392      392   (0)      4 :  0.0086 0.2493 0.0062 0.7359 
 393      393   (0)      4 :  0.0062 0.3914 0.0054 0.5970 
 394      394   (0)      4 :  0.0078 0.4603 0.0638 0.4680 
 395      395   (0)      4 :  0.0060 0.3992 0.0264 0.5684 
 396      396   (0)      4 :  0.0130 0.2016 0.0494 0.7360 
 397      397   (0)      4 :  0.0048 0.2081 0.0816 0.7055 
 398      398   (0)      4 :  0.0264 0.2886 0.0054 0.6796 
 399      399   (0)      4 :  0.0080 0.3422 0.0034 0.6464 
 400      400   (0)      4 :  0.0054 0.3206 0.0751 0.5989 
 401      401   (0)      4 :  0.0074 0.3730 0.0080 0.6116 
 402      402   (0)      4 :  0.0414 0.4552 0.0134 0.4900 
 403      403   (0)      4 :  0.0106 0.4112 0.0140 0.5642 
 404      404   (0)      4 :  0.0380 0.3816 0.0050 0.5754 
 405      405   (0)      4 :  0.0156 0.2531 0.0070 0.7244 
 406      406   (0)      4 :  0.0052 0.3124 0.0544 0.6280 
 407      407   (0)      5 :  0.0056 0.3802 0.0112 0.6030 
 408      408   (0)      5 :  0.0300 0.4055 0.0068 0.5577 
 409      409   (0)      5 :  0.0034 0.3865 0.0026 0.6075 
 410      410   (0)      5 :  0.0166 0.4365 0.0156 0.5313 
 411      411   (0)      5 :  0.0116 0.4990 0.0116 0.4778 
 412      412   (0)      5 :  0.0280 0.2973 0.0048 0.6699 
 413      413   (0)      5 :  0.0422 0.4172 0.0080 0.5326 
 414      414   (0)      5 :  0.0148 0.3330 0.0112 0.6410 
 415      415   (0)      5 :  0.0088 0.4102 0.0236 0.5574 
 416      416   (0)      5 :  0.0736 0.5407 0.0072 0.3785 
 417      417   (0)      5 :  0.0920 0.3563 0.0192 0.5326 
 418      418   (0)      5 :  0.0194 0.3680 0.0060 0.6066 
 419      419   (0)      5 :  0.0514 0.3729 0.0040 0.5717 
 420      420   (0)      5 :  0.0788 0.3421 0.0060 0.5731 
 421      421   (0)      5 :  0.0088 0.4832 0.0044 0.5036 
 422      422   (0)      5 :  0.0060 0.4610 0.0082 0.5248 
 423      423   (0)      5 :  0.0064 0.3790 0.0080 0.6066 
 424      424   (0)      5 :  0.0066 0.3143 0.0232 0.6559 
 425      425   (0)      5 :  0.0042 0.3750 0.0080 0.6128 
 426      426   (0)      5 :  0.0046 0.5048 0.0124 0.4782 
 427      427   (0)      5 :  0.0124 0.3570 0.0048 0.6258 
 428      428   (0)      5 :  0.0756 0.4561 0.0164 0.4518 
 429      429   (0)      5 :  0.0128 0.3860 0.0064 0.5948 
 430      430   (0)      5 :  0.0078 0.4675 0.0432 0.4815 
 431      431   (0)      5 :  0.0076 0.5196 0.0146 0.4582 
 432      432   (0)      5 :  0.0060 0.3628 0.0052 0.6260 
 433      433   (0)      5 :  0.0600 0.4911 0.0064 0.4425 
 434      434   (0)      5 :  0.0068 0.3430 0.0076 0.6426 
 435      435   (0)      5 :  0.0126 0.5000 0.0136 0.4738 
 436      436   (0)      5 :  0.1732 0.4246 0.0202 0.3820 
 437      437   (0)      5 :  0.0094 0.4185 0.0086 0.5635 
 438      438   (0)      5 :  0.0152 0.3402 0.0058 0.6388 
 439      439   (0)      5 :  0.0156 0.2944 0.0050 0.6850 
 440      440   (0)      5 :  0.0322 0.3266 0.0072 0.6340 
 441      441   (0)      5 :  0.0260 0.4977 0.0116 0.4647 
 442      442   (0)      5 :  0.0130 0.3094 0.0526 0.6249 
 443      443   (0)      5 :  0.0076 0.4686 0.0060 0.5178 
 444      444   (0)      5 :  0.0054 0.4359 0.0034 0.5553 
 445      445   (0)      5 :  0.0184 0.4244 0.0048 0.5524 
 446      446   (0)      5 :  0.0202 0.3888 0.0104 0.5806 
 447      447   (0)      5 :  0.0058 0.4679 0.0078 0.5185 
 448      448   (0)      5 :  0.0320 0.3294 0.0060 0.6326 
 449      449   (0)      5 :  0.0108 0.2627 0.0124 0.7141 
 450      450   (0)      5 :  0.0086 0.4310 0.0128 0.5476 
 451      451   (0)      5 :  0.0290 0.2007 0.0054 0.7649 
 452      452   (0)      5 :  0.0138 0.4370 0.0110 0.5382 
 453      453   (0)      5 :  0.0110 0.4345 0.0032 0.5513 
 454      454   (0)      5 :  0.0972 0.4717 0.0032 0.4279 
 455      455   (0)      5 :  0.0208 0.5643 0.1212 0.2938 
 456      456   (0)      5 :  0.0102 0.3792 0.0126 0.5980 
 457      457   (0)      5 :  0.0086 0.4655 0.0214 0.5045 
 458      458   (0)      5 :  0.0324 0.4268 0.0074 0.5334 
 459      459   (0)      5 :  0.0082 0.5458 0.0302 0.4158 
 460      460   (0)      5 :  0.0290 0.3500 0.0036 0.6174 
 461      461   (0)      5 :  0.0222 0.4942 0.0150 0.4686 
 462      462   (0)      5 :  0.0048 0.2355 0.0352 0.7245 
 463      463   (0)      5 :  0.0068 0.3183 0.0054 0.6695 
 464      464   (0)      5 :  0.0150 0.4202 0.0094 0.5554 
 465      465   (0)      5 :  0.0206 0.3292 0.0058 0.6444 
 466      466   (0)      5 :  0.0074 0.2496 0.0262 0.7168 
 467      467   (0)      5 :  0.0064 0.5547 0.0086 0.4303 
 468      468   (0)      5 :  0.0516 0.3701 0.0080 0.5703 
 469      469   (0)      5 :  0.0272 0.2946 0.0264 0.6518 
 470      470   (0)      5 :  0.0052 0.5582 0.0178 0.4188 
 471      471   (0)      5 :  0.0162 0.3850 0.0070 0.5918 
 472      472   (0)      5 :  0.0116 0.3867 0.0042 0.5975 
 473      473   (0)      5 :  0.0296 0.3418 0.0082 0.6204 
 474      474   (0)      5 :  0.0056 0.2337 0.0074 0.7533 
 475      475   (0)      5 :  0.0178 0.3127 0.0046 0.6649 
 476      476   (0)      5 :  0.0554 0.2152 0.0044 0.7250 
 477      477   (0)      5 :  0.0056 0.5836 0.0154 0.3954 
 478      478   (0)      5 :  0.0064 0.2280 0.0082 0.7574 
 479      479   (0)      5 :  0.0168 0.4430 0.0374 0.5028 
 480      480   (0)      5 :  0.0686 0.3197 0.0114 0.6003 
 481      481   (0)      5 :  0.0094 0.5841 0.0144 0.3921 
 482      482   (0)      5 :  0.0064 0.3942 0.0066 0.5928 
 483      483   (0)      5 :  0.0050 0.4666 0.0140 0.5144 
 484      484   (0)      5 :  0.0110 0.5494 0.0052 0.4344 
 485      485   (0)      5 :  0.0206 0.2806 0.0202 0.6787 
 486      486   (0)      5 :  0.1176 0.4011 0.0048 0.4765 
 487      487   (0)      5 :  0.0102 0.3290 0.1140 0.5468 
 488      488   (0)      5 :  0.0096 0.3718 0.0068 0.6118 
 489      489   (0)      5 :  0.0724 0.6040 0.0536 0.2700 
 490      490   (0)      5 :  0.0068 0.4413 0.0084 0.5435 
 491      491   (0)      5 :  0.1436 0.3750 0.0508 0.4306 
 492      492   (0)      5 :  0.0096 0.3268 0.0046 0.6590 
 493      493   (0)      5 :  0.0402 0.4728 0.0218 0.4652 
 494      494   (0)      5 :  0.0060 0.3693 0.0030 0.6217 
 495      495   (0)      5 :  0.0104 0.2502 0.0090 0.7304 
 496      496   (0)      5 :  0.0246 0.3197 0.0090 0.6467 
 497      497   (0)      5 :  0.0120 0.3842 0.0086 0.5952 
 498      498   (0)      5 :  0.0238 0.5602 0.0100 0.4060 
 499      499   (0)      5 :  0.0092 0.6039 0.0062 0.3807 
 500      500   (0)      5 :  0.0070 0.4830 0.0064 0.5036 
 501      501   (0)      5 :  0.0798 0.4724 0.0106 0.4372 
 502      502   (0)      5 :  0.0064 0.4133 0.0030 0.5773 
 503      503   (0)      5 :  0.0068 0.4854 0.0044 0.5034 
 504      504   (0)      5 :  0.0180 0.5232 0.0054 0.4534 
 505      505   (0)      5 :  0.0312 0.3118 0.0332 0.6238 
 506      506   (0)      5 :  0.0106 0.3205 0.0026 0.6663 
 507      507   (0)      6 :  0.0162 0.3760 0.4888 0.1190 
 508      508   (0)      6 :  0.0170 0.2614 0.6392 0.0824 
 509      509   (0)      6 :  0.0070 0.4264 0.4706 0.0960 
 510      510   (0)      6 :  0.0662 0.3846 0.4784 0.0708 
 511      511   (0)      6 :  0.0060 0.4218 0.3660 0.2062 
 512      512   (0)      6 :  0.0096 0.5300 0.2985 0.1619 
 513      513   (0)      6 :  0.0116 0.3876 0.5076 0.0932 
 514      514   (0)      6 :  0.0068 0.3728 0.5295 0.0909 
 515      515   (0)      6 :  0.0174 0.4473 0.4491 0.0862 
 516      516   (0)      6 :  0.0044 0.3128 0.6542 0.0286 
 517      517   (0)      6 :  0.0086 0.3067 0.5856 0.0991 
 518      518   (0)      6 :  0.0046 0.3586 0.5655 0.0713 
 519      519   (0)      6 :  0.0044 0.4607 0.4312 0.1037 
 520      520   (0)      6 :  0.0092 0.1949 0.6387 0.1572 
 521      521   (0)      6 :  0.0044 0.4415 0.4480 0.1061 
 522      522   (0)      6 :  0.0316 0.3151 0.5857 0.0675 
 523      523   (0)      6 :  0.0636 0.4421 0.3457 0.1486 
 524      524   (0)      6 :  0.0044 0.2949 0.6072 0.0934 
 525      525   (0)      6 :  0.0034 0.3740 0.5220 0.1006 
 526      526   (0)      6 :  0.0062 0.4295 0.4487 0.1156 
 527      527   (0)      6 :  0.0154 0.3796 0.4174 0.1876 
 528      528   (0)      6 :  0.0892 0.3569 0.5373 0.0166 
 529      529   (0)      6 :  0.0038 0.4015 0.4985 0.0962 
 530      530   (0)      6 :  0.0142 0.3912 0.5106 0.0840 
 531      531   (0)      6 :  0.0072 0.3916 0.5045 0.0967 
 532      532   (0)      6 :  0.0064 0.5034 0.3708 0.1194 
 533      533   (0)      6 :  0.0060 0.4061 0.5148 0.0731 
 534      534   (0)      6 :  0.0214 0.2060 0.3357 0.4369 
 535      535   (0)      6 :  0.0094 0.4092 0.4809 0.1005 
 536      536   (0)      6 :  0.0068 0.4077 0.5125 0.0730 
 537      537   (0)      6 :  0.0048 0.4061 0.5463 0.0428 
 538      538   (0)      6 :  0.0094 0.4114 0.4774 0.1018 
 539      539   (0)      6 :  0.0042 0.2787 0.6281 0.0890 
 540      540   (0)      6 :  0.0060 0.3240 0.5880 0.0820 
 541      541   (0)      6 :  0.0112 0.3881 0.4821 0.1186 
 542      542   (0)      6 :  0.0114 0.3196 0.5818 0.0872 
 543      543   (0)      6 :  0.0448 0.4295 0.4473 0.0784 
 544      544   (0)      6 :  0.0096 0.3534 0.5167 0.1203 
 545      545   (0)      6 :  0.0076 0.4670 0.4126 0.1128 
 546      546   (0)      6 :  0.0044 0.4138 0.4896 0.0922 
 547      547   (0)      6 :  0.0106 0.2350 0.7252 0.0292 
 548      548   (0)      6 :  0.0246 0.4737 0.3493 0.1524 
 549      549   (0)      6 :  0.0080 0.4506 0.4388 0.1026 
 550      550   (0)      6 :  0.0036 0.4169 0.4467 0.1328 
 551      551   (0)      6 :  0.0086 0.4024 0.4669 0.1221 
 552      552   (0)      6 :  0.0064 0.4332 0.4578 0.1026 
 553      553   (0)      6 :  0.0062 0.3454 0.5458 0.1026 
 554      554   (0)      6 :  0.0058 0.4436 0.4462 0.1044 
 555      555   (0)      6 :  0.0072 0.4806 0.4088 0.1034 
 556      556   (0)      6 :  0.0108 0.2646 0.6145 0.1101 
 557      557   (0)      6 :  0.1148 0.3623 0.4865 0.0364 
 558      558   (0)      6 :  0.0380 0.4403 0.4105 0.1112 
 559      559   (0)      6 :  0.0040 0.2789 0.6859 0.0312 
 560      560   (0)      6 :  0.0056 0.3907 0.4625 0.1412 
 561      561   (0)      6 :  0.0156 0.3494 0.5693 0.0657 
 562      562   (0)      6 :  0.0078 0.3378 0.5608 0.0936 
 563      563   (0)      6 :  0.0088 0.4020 0.4928 0.0964 
 564      564   (0)      6 :  0.0142 0.4143 0.4791 0.0924 
 565      565   (0)      6 :  0.0074 0.3964 0.4629 0.1333 
 566      566   (0)      6 :  0.0078 0.3457 0.5956 0.0508 
 567      567   (0)      6 :  0.0138 0.2544 0.5688 0.1630 
 568      568   (0)      6 :  0.0058 0.4259 0.4750 0.0933 
 569      569   (0)      6 :  0.0044 0.2871 0.5398 0.1687 
 570      570   (0)      6 :  0.0100 0.4255 0.4754 0.0891 
 571      571   (0)      6 :  0.0040 0.3505 0.5607 0.0848 
 572      572   (0)      6 :  0.0070 0.4228 0.4856 0.0846 
 573      573   (0)      6 :  0.0070 0.4104 0.4738 0.1088 
 574      574   (0)      6 :  0.0096 0.2895 0.6052 0.0957 
 575      575   (0)      6 :  0.0176 0.4286 0.4378 0.1160 
 576      576   (0)      6 :  0.0046 0.4203 0.4583 0.1168 
 577      577   (0)      6 :  0.0174 0.4205 0.4858 0.0763 
 578      578   (0)      6 :  0.0040 0.3946 0.5016 0.0998 
 579      579   (0)      6 :  0.0044 0.4485 0.4249 0.1222 
 580      580   (0)      6 :  0.0168 0.5166 0.2616 0.2050 
 581      581   (0)      6 :  0.0034 0.4015 0.4916 0.1035 
 582      582   (0)      6 :  0.0188 0.4160 0.4719 0.0933 
 583      583   (0)      6 :  0.0168 0.3328 0.5828 0.0676 
 584      584   (0)      6 :  0.0038 0.2680 0.6988 0.0294 
 585      585   (0)      6 :  0.0110 0.4463 0.4301 0.1126 
 586      586   (0)      6 :  0.0054 0.4652 0.4192 0.1102 
 587      587   (0)      6 :  0.0158 0.4511 0.4366 0.0965 
 588      588   (0)      6 :  0.0096 0.3047 0.6141 0.0716 
 589      589   (0)      6 :  0.0148 0.3552 0.4999 0.1301 
 590      590   (0)      6 :  0.0192 0.3510 0.5166 0.1132 
 591      591   (0)      6 :  0.0052 0.4126 0.4758 0.1064 
 592      592   (0)      6 :  0.0376 0.4943 0.2803 0.1878 
 593      593   (0)      6 :  0.0090 0.3476 0.5348 0.1086 
 594      594   (0)      6 :  0.0068 0.3907 0.5185 0.0840 
 595      595   (0)      6 :  0.0068 0.3693 0.5327 0.0912 
 596      596   (0)      6 :  0.0070 0.3739 0.5221 0.0970 
 597      597   (0)      6 :  0.0040 0.3701 0.5263 0.0996 
 598      598   (0)      6 :  0.0034 0.3577 0.5707 0.0682 
 599      599   (0)      6 :  0.0066 0.4044 0.4796 0.1094 
 600      600   (0)      6 :  0.0060 0.3820 0.5464 0.0656 
 601      601   (0)      6 :  0.0118 0.1786 0.7972 0.0124 
 602      602   (0)      6 :  0.0046 0.3104 0.6178 0.0673 
 603      603   (0)      6 :  0.0164 0.4159 0.4605 0.1072 
 604      604   (0)      6 :  0.0044 0.3173 0.6039 0.0744 
 605      605   (0)      6 :  0.0156 0.3820 0.5076 0.0948 
 606      606   (0)      6 :  0.0032 0.4806 0.3900 0.1262 
 607      607   (0)      7 :  0.4565 0.4310 0.0144 0.0981 
 608      608   (0)      7 :  0.5211 0.3990 0.0044 0.0755 
 609      609   (0)      7 :  0.5640 0.3305 0.0450 0.0605 
 610      610   (0)      7 :  0.4695 0.4369 0.0048 0.0888 
 611      611   (0)      7 :  0.6749 0.3101 0.0046 0.0104 
 612      612   (0)      7 :  0.3289 0.5222 0.0066 0.1423 
 613      613   (0)      7 :  0.4303 0.4545 0.0058 0.1094 
 614      614   (0)      7 :  0.4878 0.4278 0.0048 0.0796 
 615      615   (0)      7 :  0.5666 0.3484 0.0054 0.0796 
 616      616   (0)      7 :  0.6195 0.3035 0.0064 0.0706 
 617      617   (0)      7 :  0.5365 0.2697 0.0096 0.1842 
 618      618   (0)      7 :  0.6624 0.2709 0.0110 0.0558 
 619      619   (0)      7 :  0.5690 0.2721 0.0440 0.1149 
 620      620   (0)      7 :  0.4840 0.4580 0.0078 0.0502 
 621      621   (0)      7 :  0.4218 0.4484 0.0156 0.1142 
 622      622   (0)      7 :  0.5797 0.3701 0.0078 0.0424 
 623      623   (0)      7 :  0.5609 0.3528 0.0052 0.0811 
 624      624   (0)      7 :  0.4725 0.4092 0.0056 0.1126 
 625      625   (0)      7 :  0.4500 0.4588 0.0040 0.0872 
 626      626   (0)      7 :  0.6415 0.3015 0.0042 0.0528 
 627      627   (0)      7 :  0.5039 0.3780 0.0042 0.1139 
 628      628   (0)      7 :  0.6048 0.3346 0.0034 0.0572 
 629      629   (0)      7 :  0.5444 0.3708 0.0068 0.0780 
 630      630   (0)      7 :  0.6236 0.3090 0.0072 0.0602 
 631      631   (0)      7 :  0.5440 0.3846 0.0194 0.0520 
 632      632   (0)      7 :  0.7910 0.1302 0.0046 0.0742 
 633      633   (0)      7 :  0.4062 0.3773 0.0212 0.1953 
 634      634   (0)      7 :  0.5740 0.3750 0.0026 0.0484 
 635      635   (0)      7 :  0.5114 0.3806 0.0130 0.0950 
 636      636   (0)      7 :  0.4269 0.4548 0.0040 0.1143 
 637      637   (0)      7 :  0.4813 0.4036 0.0068 0.1083 
 638      638   (0)      7 :  0.5711 0.3631 0.0074 0.0584 
 639      639   (0)      7 :  0.6166 0.3624 0.0040 0.0170 
 640      640   (0)      7 :  0.6436 0.2850 0.0134 0.0580 
 641      641   (0)      7 :  0.5345 0.3986 0.0054 0.0615 
 642      642   (0)      7 :  0.4061 0.4992 0.0166 0.0781 
 643      643   (0)      7 :  0.5521 0.3675 0.0040 0.0764 
 644      644   (0)      7 :  0.5707 0.3659 0.0044 0.0591 
 645      645   (0)      7 :  0.4905 0.3879 0.0094 0.1122 
 646      646   (0)      7 :  0.4620 0.4274 0.0064 0.1042 
 647      647   (0)      7 :  0.4038 0.4488 0.0222 0.1252 
 648      648   (0)      7 :  0.4574 0.4276 0.0078 0.1072 
 649      649   (0)      7 :  0.5142 0.4075 0.0064 0.0719 
 650      650   (0)      7 :  0.6062 0.3794 0.0030 0.0114 
 651      651   (0)      7 :  0.6912 0.2654 0.0052 0.0382 
 652      652   (0)      7 :  0.6200 0.3156 0.0072 0.0572 
 653      653   (0)      7 :  0.3011 0.5665 0.0148 0.1176 
 654      654   (0)      7 :  0.5929 0.3156 0.0042 0.0873 
 655      655   (0)      7 :  0.5770 0.3761 0.0046 0.0422 
 656      656   (0)      7 :  0.4820 0.4100 0.0062 0.1018 
 657      657   (0)      7 :  0.5552 0.3430 0.0510 0.0508 
 658      658   (0)      7 :  0.5789 0.3639 0.0050 0.0522 
 659      659   (0)      7 :  0.4826 0.3867 0.0064 0.1243 
 660      660   (0)      7 :  0.5361 0.3201 0.0326 0.1112 
 661      661   (0)      7 :  0.5303 0.3431 0.0070 0.1196 
 662      662   (0)      7 :  0.4207 0.4607 0.0292 0.0894 
 663      663   (0)      7 :  0.4840 0.4598 0.0072 0.0490 
 664      664   (0)      7 :  0.4849 0.4262 0.0042 0.0847 
 665      665   (0)      7 :  0.5846 0.3652 0.0054 0.0448 
 666      666   (0)      7 :  0.7520 0.1902 0.0082 0.0496 
 667      667   (0)      7 :  0.7784 0.2120 0.0034 0.0062 
 668      668   (0)      7 :  0.6982 0.2854 0.0028 0.0136 
 669      669   (0)      7 :  0.4210 0.4674 0.0040 0.1076 
 670      670   (0)      7 :  0.4341 0.4443 0.0044 0.1172 
 671      671   (0)      7 :  0.4103 0.4363 0.0424 0.1110 
 672      672   (0)      7 :  0.5475 0.3527 0.0266 0.0732 
 673      673   (0)      7 :  0.3553 0.5135 0.0044 0.1268 
 674      674   (0)      7 :  0.5518 0.3764 0.0050 0.0668 
 675      675   (0)      7 :  0.5597 0.3555 0.0066 0.0782 
 676      676   (0)      7 :  0.7015 0.2787 0.0046 0.0152 
 677      677   (0)      7 :  0.6726 0.2892 0.0068 0.0314 
 678      678   (0)      7 :  0.5508 0.3749 0.0072 0.0671 
 679      679   (0)      7 :  0.4784 0.4416 0.0046 0.0754 
 680      680   (0)      7 :  0.5847 0.3230 0.0040 0.0883 
 681      681   (0)      7 :  0.5570 0.3783 0.0030 0.0617 
 682      682   (0)      7 :  0.5845 0.3409 0.0026 0.0720 
 683      683   (0)      7 :  0.4004 0.5001 0.0034 0.0961 
 684      684   (0)      7 :  0.6551 0.3263 0.0040 0.0146 
 685      685   (0)      7 :  0.5202 0.3636 0.0138 0.1024 
 686      686   (0)      7 :  0.5708 0.3059 0.0244 0.0989 
 687      687   (0)      7 :  0.4547 0.4599 0.0050 0.0804 
 688      688   (0)      7 :  0.4521 0.4533 0.0036 0.0910 
 689      689   (0)      7 :  0.6486 0.2962 0.0030 0.0522 
 690      690   (0)      7 :  0.6221 0.2825 0.0060 0.0894 
 691      691   (0)      7 :  0.5687 0.3533 0.0040 0.0740 
 692      692   (0)      7 :  0.4475 0.4467 0.0030 0.1028 
 693      693   (0)      7 :  0.4191 0.4695 0.0082 0.1032 
 694      694   (0)      7 :  0.4381 0.4361 0.0048 0.1210 
 695      695   (0)      7 :  0.3162 0.5813 0.0040 0.0985 
 696      696   (0)      7 :  0.6253 0.2901 0.0068 0.0779 
 697      697   (0)      7 :  0.5875 0.3709 0.0046 0.0370 
 698      698   (0)      7 :  0.5013 0.4059 0.0078 0.0850 
 699      699   (0)      7 :  0.4147 0.4674 0.0474 0.0706 
 700      700   (0)      7 :  0.4908 0.4145 0.0048 0.0899 
 701      701   (0)      7 :  0.4330 0.4625 0.0030 0.1015 
 702      702   (0)      7 :  0.6472 0.2754 0.0132 0.0642 
 703      703   (0)      7 :  0.5290 0.3874 0.0032 0.0804 
 704      704   (0)      7 :  0.5240 0.3762 0.0040 0.0958 
 705      705   (0)      7 :  0.4809 0.4084 0.0066 0.1041 
 706      706   (0)      7 :  0.4879 0.4206 0.0044 0.0871 
 707      707   (0)      8 :  0.2084 0.5412 0.0046 0.2458 
 708      708   (0)      8 :  0.1726 0.5146 0.0170 0.2958 
 709      709   (0)      8 :  0.1876 0.5392 0.0052 0.2680 
 710      710   (0)      8 :  0.2316 0.5932 0.0036 0.1716 
 711      711   (0)      8 :  0.1460 0.5020 0.0312 0.3208 
 712      712   (0)      8 :  0.3806 0.5188 0.0116 0.0890 
 713      713   (0)      8 :  0.1763 0.5361 0.0030 0.2847 
 714      714   (0)      8 :  0.1921 0.5745 0.0132 0.2202 
 715      715   (0)      8 :  0.1685 0.5941 0.0046 0.2328 
 716      716   (0)      8 :  0.0316 0.4948 0.0748 0.3988 
 717      717   (0)      8 :  0.2006 0.5927 0.0072 0.1995 
 718      718   (0)      8 :  0.1946 0.5974 0.0054 0.2026 
 719      719   (0)      8 :  0.1418 0.6945 0.0178 0.1459 
 720      720   (0)      8 :  0.0098 0.5700 0.0070 0.4132 
 721      721   (0)      8 :  0.0994 0.5917 0.0462 0.2626 
 722      722   (0)      8 :  0.2195 0.5975 0.0056 0.1774 
 723      723   (0)      8 :  0.1972 0.6100 0.0042 0.1886 
 724      724   (0)      8 :  0.1798 0.6722 0.0100 0.1380 
 725      725   (0)      8 :  0.1996 0.5540 0.0662 0.1802 
 726      726   (0)      8 :  0.1429 0.4638 0.0118 0.3816 
 727      727   (0)      8 :  0.2264 0.5156 0.0172 0.2408 
 728      728   (0)      8 :  0.2277 0.4694 0.0332 0.2697 
 729      729   (0)      8 :  0.1870 0.5677 0.0086 0.2367 
 730      730   (0)      8 :  0.1674 0.6295 0.0032 0.1999 
 731      731   (0)      8 :  0.1998 0.5328 0.0124 0.2550 
 732      732   (0)      8 :  0.1840 0.6103 0.0040 0.2017 
 733      733   (0)      8 :  0.1213 0.6529 0.0100 0.2158 
 734      734   (0)      8 :  0.1954 0.5738 0.0140 0.2168 
 735      735   (0)      8 :  0.1018 0.5847 0.0136 0.2999 
 736      736   (0)      8 :  0.1879 0.6415 0.0064 0.1642 
 737      737   (0)      8 :  0.1013 0.5456 0.0132 0.3399 
 738      738   (0)      8 :  0.1927 0.5479 0.0118 0.2476 
 739      739   (0)      8 :  0.0468 0.6046 0.0126 0.3360 
 740      740   (0)      8 :  0.2060 0.5770 0.0090 0.2080 
 741      741   (0)      8 :  0.2046 0.5112 0.0100 0.2742 
 742      742   (0)      8 :  0.1956 0.5984 0.0060 0.2000 
 743      743   (0)      8 :  0.1565 0.5845 0.0100 0.2490 
 744      744   (0)      8 :  0.2375 0.5740 0.0062 0.1823 
 745      745   (0)      8 :  0.1865 0.6235 0.0032 0.1868 
 746      746   (0)      8 :  0.2284 0.6067 0.0068 0.1581 
 747      747   (0)      8 :  0.2003 0.6416 0.0262 0.1319 
 748      748   (0)      8 :  0.1692 0.6258 0.0046 0.2004 
 749      749   (0)      8 :  0.2357 0.4912 0.0070 0.2661 
 750      750   (0)      8 :  0.0144 0.6049 0.0238 0.3569 
 751      751   (0)      8 :  0.2832 0.5618 0.0118 0.1432 
 752      752   (0)      8 :  0.1724 0.5504 0.0096 0.2676 
 753      753   (0)      8 :  0.1536 0.6583 0.0058 0.1823 
 754      754   (0)      8 :  0.1622 0.6389 0.0082 0.1907 
 755      755   (0)      8 :  0.1398 0.5972 0.0042 0.2588 
 756      756   (0)      8 :  0.2606 0.5612 0.0124 0.1658 
 757      757   (0)      8 :  0.2119 0.5461 0.0292 0.2128 
 758      758   (0)      8 :  0.2251 0.5099 0.0066 0.2584 
 759      759   (0)      8 :  0.1227 0.6121 0.0710 0.1942 
 760      760   (0)      8 :  0.1808 0.5970 0.0056 0.2166 
 761      761   (0)      8 :  0.2582 0.5684 0.0082 0.1652 
 762      762   (0)      8 :  0.1784 0.5977 0.0252 0.1987 
 763      763   (0)      8 :  0.1152 0.6166 0.0894 0.1788 
 764      764   (0)      8 :  0.4037 0.4697 0.0050 0.1216 
 765      765   (0)      8 :  0.1199 0.5088 0.0166 0.3548 
 766      766   (0)      8 :  0.1789 0.5685 0.0320 0.2206 
 767      767   (0)      8 :  0.1304 0.6041 0.0260 0.2395 
 768      768   (0)      8 :  0.1962 0.6256 0.0174 0.1608 
 769      769   (0)      8 :  0.2502 0.5984 0.0140 0.1374 
 770      770   (0)      8 :  0.2585 0.5401 0.0092 0.1922 
 771      771   (0)      8 :  0.2181 0.5987 0.0116 0.1716 
 772      772   (0)      8 :  0.2380 0.5640 0.0270 0.1710 
 773      773   (0)      8 :  0.1690 0.6386 0.0088 0.1836 
 774      774   (0)      8 :  0.0500 0.5744 0.0060 0.3696 
 775      775   (0)      8 :  0.2455 0.5003 0.0086 0.2455 
 776      776   (0)      8 :  0.2019 0.5904 0.0076 0.2001 
 777      777   (0)      8 :  0.2524 0.4128 0.0662 0.2686 
 778      778   (0)      8 :  0.1383 0.5976 0.0056 0.2585 
 779      779   (0)      8 :  0.1874 0.5686 0.0102 0.2338 
 780      780   (0)      8 :  0.1574 0.6879 0.0190 0.1357 
 781      781   (0)      8 :  0.1860 0.6449 0.0138 0.1553 
 782      782   (0)      8 :  0.1991 0.5437 0.0072 0.2500 
 783      783   (0)      8 :  0.1977 0.5523 0.0138 0.2362 
 784      784   (0)      8 :  0.1584 0.6594 0.0048 0.1774 
 785      785   (0)      8 :  0.2193 0.6133 0.0068 0.1606 
 786      786   (0)      8 :  0.1824 0.6110 0.0066 0.2000 
 787      787   (0)      8 :  0.1971 0.6951 0.0042 0.1036 
 788      788   (0)      8 :  0.3003 0.4984 0.0122 0.1891 
 789      789   (0)      8 :  0.1478 0.4224 0.1926 0.2372 
 790      790   (0)      8 :  0.3638 0.4141 0.0082 0.2139 
 791      791   (0)      8 :  0.1890 0.6042 0.0068 0.2000 
 792      792   (0)      8 :  0.1855 0.6060 0.0046 0.2039 
 793      793   (0)      8 :  0.1742 0.6277 0.0106 0.1875 
 794      794   (0)      8 :  0.2627 0.5480 0.0058 0.1836 
 795      795   (0)      8 :  0.1973 0.5302 0.0068 0.2657 
 796      796   (0)      8 :  0.1627 0.6380 0.0054 0.1939 
 797      797   (0)      8 :  0.1302 0.5857 0.0452 0.2389 
 798      798   (0)      8 :  0.1954 0.5944 0.0054 0.2048 
 799      799   (0)      8 :  0.1731 0.6537 0.0052 0.1680 
 800      800   (0)      8 :  0.2311 0.5754 0.0036 0.1899 
 801      801   (0)      8 :  0.1686 0.6281 0.0284 0.1749 
 802      802   (0)      8 :  0.1908 0.5115 0.0210 0.2767 
 803      803   (0)      8 :  0.0266 0.6272 0.1450 0.2012 
 804      804   (0)      8 :  0.2490 0.5492 0.0044 0.1975 
 805      805   (0)      8 :  0.3480 0.5308 0.0056 0.1156 
 806      806   (0)      8 :  0.1270 0.5464 0.0180 0.3086 
 807      807   (0)      9 :  0.0312 0.0168 0.0070 0.9450 
 808      808   (0)      9 :  0.0736 0.1482 0.0066 0.7716 
 809      809   (0)     10 :  0.0860 0.1250 0.0092 0.7799 
 810      810   (0)     10 :  0.0072 0.1326 0.0056 0.8546 
 811      811   (0)     10 :  0.0116 0.2769 0.0124 0.6991 
 812      812   (0)     10 :  0.0074 0.2440 0.0168 0.7318 
 813      813   (0)     10 :  0.0146 0.1216 0.0106 0.8532 
 814      814   (0)     10 :  0.0128 0.0142 0.0332 0.9398 
 815      815   (0)     10 :  0.0060 0.0896 0.0072 0.8972 
 816      816   (0)     10 :  0.0052 0.0132 0.0074 0.9742 
 817      817   (0)     10 :  0.0042 0.0414 0.1129 0.8415 
 818      818   (0)     10 :  0.0052 0.0112 0.0144 0.9692 
 819      819   (0)     10 :  0.0082 0.1759 0.0200 0.7959 
 820      820   (0)     10 :  0.0048 0.1686 0.0158 0.8108 
 821      821   (0)     10 :  0.0060 0.0766 0.0034 0.9140 
 822      822   (0)     10 :  0.0078 0.0416 0.0130 0.9376 
 823      823   (0)     10 :  0.0150 0.1392 0.0112 0.8346 
 824      824   (0)     10 :  0.0030 0.1080 0.0134 0.8756 
 825      825   (0)     10 :  0.0282 0.0860 0.0082 0.8776 
 826      826   (0)     10 :  0.0040 0.0190 0.0050 0.9720 
 827      827   (0)     10 :  0.0068 0.2875 0.0106 0.6951 
 828      828   (0)     10 :  0.0148 0.1124 0.0878 0.7851 
 829      829   (0)     10 :  0.0426 0.1852 0.0176 0.7547 
 830      830   (0)     10 :  0.0570 0.0470 0.0084 0.8876 
 831      831   (0)     10 :  0.0066 0.1524 0.0486 0.7924 
 832      832   (0)     10 :  0.0040 0.0958 0.0462 0.8540 
 833      833   (0)     10 :  0.0206 0.4106 0.0092 0.5596 
 834      834   (0)     10 :  0.0110 0.0668 0.0090 0.9132 
 835      835   (0)     10 :  0.0070 0.0440 0.0052 0.9438 
 836      836   (0)     10 :  0.0242 0.1927 0.0152 0.7680 
 837      837   (0)     10 :  0.0120 0.0918 0.0760 0.8202 
 838      838   (0)     10 :  0.0092 0.3762 0.0062 0.6084 
 839      839   (0)     10 :  0.0084 0.2315 0.0234 0.7367 
 840      840   (0)     10 :  0.0146 0.0928 0.0246 0.8680 
 841      841   (0)     10 :  0.0044 0.1998 0.0440 0.7518 
 842      842   (0)     10 :  0.0100 0.0966 0.0178 0.8756 
 843      843   (0)     10 :  0.0094 0.0480 0.0062 0.9364 
 844      844   (0)     10 :  0.0100 0.2471 0.0758 0.6670 
 845      845   (0)     10 :  0.0076 0.4553 0.0066 0.5305 
 846      846   (0)     10 :  0.0038 0.1981 0.0122 0.7859 
 847      847   (0)     10 :  0.0076 0.2683 0.0230 0.7011 
 848      848   (0)     10 :  0.0254 0.1373 0.0094 0.8279 
 849      849   (0)     10 :  0.0130 0.2045 0.0058 0.7767 
 850      850   (0)     10 :  0.0096 0.0170 0.0062 0.9672 
 851      851   (0)     10 :  0.0054 0.0056 0.0120 0.9770 
 852      852   (0)     10 :  0.0074 0.0260 0.0124 0.9542 
 853      853   (0)     10 :  0.0082 0.1376 0.0114 0.8428 
 854      854   (0)     10 :  0.0054 0.1516 0.0052 0.8378 
 855      855   (0)     10 :  0.0366 0.0716 0.0384 0.8533 
 856      856   (0)     10 :  0.0174 0.1214 0.0128 0.8484 
 857      857   (0)     10 :  0.0046 0.0292 0.0360 0.9302 
 858      858   (0)     10 :  0.0174 0.0334 0.0360 0.9132 
 859      859   (0)     10 :  0.0052 0.2069 0.0126 0.7753 
 860      860   (0)     10 :  0.0174 0.1523 0.0078 0.8225 
 861      861   (0)     10 :  0.0062 0.0428 0.0048 0.9462 
 862      862   (0)     10 :  0.0046 0.0630 0.0112 0.9212 
 863      863   (0)     10 :  0.0068 0.0258 0.0476 0.9198 
 864      864   (0)     10 :  0.0144 0.2405 0.0126 0.7325 
 865      865   (0)     10 :  0.0074 0.1830 0.0094 0.8002 
 866      866   (0)     10 :  0.0032 0.1408 0.0052 0.8508 
 867      867   (0)     10 :  0.0190 0.2056 0.0520 0.7234 
 868      868   (0)     10 :  0.0048 0.2685 0.0482 0.6785 
 869      869   (0)     10 :  0.0090 0.1731 0.0134 0.8045 
 870      870   (0)     10 :  0.0056 0.0156 0.0064 0.9724 
 871      871   (0)     10 :  0.0192 0.0436 0.0072 0.9300 
 872      872   (0)     10 :  0.0038 0.2935 0.0788 0.6239 
 873      873   (0)     10 :  0.0088 0.0330 0.0208 0.9374 
 874      874   (0)     10 :  0.0134 0.2438 0.0132 0.7296 
 875      875   (0)     10 :  0.0034 0.1314 0.0052 0.8600 
 876      876   (0)     10 :  0.0108 0.2923 0.0482 0.6488 
 877      877   (0)     10 :  0.0128 0.1766 0.0130 0.7976 
 878      878   (0)     10 :  0.0400 0.3151 0.0336 0.6113 
 879      879   (0)     10 :  0.0694 0.0408 0.0152 0.8746 
 880      880   (0)     10 :  0.0070 0.1974 0.0042 0.7914 
 881      881   (0)     10 :  0.0040 0.1404 0.0196 0.8360 
 882      882   (0)     10 :  0.0050 0.1478 0.0074 0.8398 
 883      883   (0)     10 :  0.0046 0.2848 0.0072 0.7034 
 884      884   (0)     10 :  0.0062 0.1662 0.0060 0.8216 
 885      885   (0)     10 :  0.0094 0.1627 0.0094 0.8185 
 886      886   (0)     10 :  0.0034 0.0066 0.1140 0.8760 
 887      887   (0)     10 :  0.0050 0.1024 0.0344 0.8582 
 888      888   (0)     10 :  0.0044 0.2444 0.0056 0.7456 
 889      889   (0)     10 :  0.0060 0.0052 0.0072 0.9816 
 890      890   (0)     10 :  0.0042 0.2271 0.0062 0.7625 
 891      891   (0)     10 :  0.0104 0.0798 0.0228 0.8870 
 892      892   (0)     10 :  0.0074 0.2200 0.0042 0.7684 
 893      893   (0)     10 :  0.0034 0.1622 0.0400 0.7943 
 894      894   (0)     10 :  0.0042 0.0164 0.0088 0.9706 
 895      895   (0)     10 :  0.0074 0.2660 0.0102 0.7164 
 896      896   (0)     10 :  0.0068 0.0642 0.0106 0.9184 
 897      897   (0)     10 :  0.0038 0.0484 0.0636 0.8842 
 898      898   (0)     10 :  0.0038 0.1198 0.0064 0.8700 
 899      899   (0)     10 :  0.0052 0.0536 0.0076 0.9336 
 900      900   (0)     10 :  0.0050 0.0096 0.1316 0.8538 
 901      901   (0)     10 :  0.0066 0.1199 0.0422 0.8313 
 902      902   (0)     10 :  0.0074 0.1008 0.0092 0.8826 
 903      903   (0)     10 :  0.0062 0.0614 0.0112 0.9212 
 904      904   (0)     10 :  0.0064 0.0755 0.0082 0.9099 
 905      905   (0)     10 :  0.0306 0.3486 0.0362 0.5846 
 906      906   (0)     10 :  0.0142 0.2541 0.0050 0.7267 
 907      907   (0)     10 :  0.0066 0.0858 0.0140 0.8936 
 908      908   (0)     10 :  0.0066 0.1328 0.0388 0.8218 
 909      909   (0)     11 :  0.0158 0.3158 0.0312 0.6372 
 910      910   (0)     11 :  0.0274 0.0816 0.0094 0.8816 
 911      911   (0)     11 :  0.0074 0.2375 0.0038 0.7513 
 912      912   (0)     11 :  0.0046 0.0788 0.0654 0.8512 
 913      913   (0)     11 :  0.0132 0.1412 0.0034 0.8422 
 914      914   (0)     11 :  0.0354 0.0120 0.0578 0.8948 
 915      915   (0)     11 :  0.0602 0.1762 0.0118 0.7517 
 916      916   (0)     11 :  0.0076 0.2095 0.0108 0.7721 
 917      917   (0)     11 :  0.0078 0.0258 0.0034 0.9630 
 918      918   (0)     11 :  0.0174 0.3285 0.0058 0.6483 
 919      919   (0)     11 :  0.0122 0.2064 0.0360 0.7454 
 920      920   (0)     11 :  0.0060 0.0752 0.0064 0.9124 
 921      921   (0)     11 :  0.0060 0.0332 0.0098 0.9510 
 922      922   (0)     11 :  0.0088 0.0506 0.0180 0.9226 
 923      923   (0)     11 :  0.0182 0.0098 0.0196 0.9524 
 924      924   (0)     11 :  0.0086 0.1307 0.0084 0.8523 
 925      925   (0)     11 :  0.0116 0.1640 0.0060 0.8184 
 926      926   (0)     11 :  0.0304 0.0636 0.0046 0.9014 
 927      927   (0)     11 :  0.0418 0.2713 0.0058 0.6811 
 928      928   (0)     11 :  0.0142 0.0390 0.0106 0.9362 
 929      929   (0)     11 :  0.1102 0.2849 0.0056 0.5993 
 930      930   (0)     11 :  0.0126 0.0156 0.0330 0.9388 
 931      931   (0)     11 :  0.0178 0.3822 0.0034 0.5966 
 932      932   (0)     11 :  0.0418 0.4505 0.0130 0.4947 
 933      933   (0)     11 :  0.0116 0.0516 0.0442 0.8926 
 934      934   (0)     11 :  0.0092 0.3021 0.0054 0.6833 
 935      935   (0)     11 :  0.0374 0.1534 0.0076 0.8015 
 936      936   (0)     11 :  0.0136 0.0244 0.0056 0.9564 
 937      937   (0)     11 :  0.0588 0.0554 0.0042 0.8816 
 938      938   (0)     11 :  0.0112 0.1868 0.0174 0.7846 
 939      939   (0)     11 :  0.0462 0.1405 0.0068 0.8065 
 940      940   (0)     11 :  0.0118 0.2398 0.0072 0.7412 
 941      941   (0)     11 :  0.0062 0.0140 0.0344 0.9454 
 942      942   (0)     11 :  0.0052 0.0672 0.0058 0.9218 
 943      943   (0)     11 :  0.0154 0.0734 0.0042 0.9071 
 944      944   (0)     11 :  0.0116 0.0910 0.0050 0.8924 
 945      945   (0)     11 :  0.0274 0.2402 0.0034 0.7290 
 946      946   (0)     11 :  0.1138 0.0604 0.0384 0.7874 
 947      947   (0)     11 :  0.0148 0.1015 0.0030 0.8807 
 948      948   (0)     11 :  0.0106 0.1526 0.0066 0.8302 
 949      949   (0)     11 :  0.0268 0.1647 0.0050 0.8035 
 950      950   (0)     11 :  0.0344 0.1674 0.0048 0.7934 
 951      951   (0)     11 :  0.0264 0.1579 0.0062 0.8095 
 952      952   (0)     11 :  0.1239 0.1157 0.0046 0.7559 
 953      953   (0)     11 :  0.0138 0.1616 0.0050 0.8196 
 954      954   (0)     11 :  0.0286 0.1836 0.0034 0.7844 
 955      955   (0)     11 :  0.0052 0.1066 0.0080 0.8802 
 956      956   (0)     11 :  0.0894 0.0704 0.0042 0.8360 
 957      957   (0)     11 :  0.0968 0.1632 0.0066 0.7334 
 958      958   (0)     11 :  0.0094 0.1451 0.0046 0.8409 
 959      959   (0)     11 :  0.0116 0.0278 0.0046 0.9560 
 960      960   (0)     11 :  0.0078 0.0446 0.0070 0.9406 
 961      961   (0)     11 :  0.0078 0.0416 0.0040 0.9466 
 962      962   (0)     11 :  0.0060 0.0938 0.0056 0.8946 
 963      963   (0)     11 :  0.1656 0.1078 0.0054 0.7212 
 964      964   (0)     11 :  0.0818 0.1568 0.0034 0.7580 
 965      965   (0)     11 :  0.0054 0.0606 0.0062 0.9278 
 966      966   (0)     11 :  0.0096 0.2811 0.0206 0.6887 
 967      967   (0)     11 :  0.0236 0.0674 0.0084 0.9006 
 968      968   (0)     11 :  0.0150 0.2471 0.0368 0.7011 
 969      969   (0)     11 :  0.0398 0.2597 0.0076 0.6929 
 970      970   (0)     11 :  0.0316 0.2889 0.0098 0.6697 
 971      971   (0)     11 :  0.0082 0.0174 0.0066 0.9678 
 972      972   (0)     11 :  0.0468 0.2756 0.0058 0.6718 
 973      973   (0)     11 :  0.0892 0.1084 0.0048 0.7975 
 974      974   (0)     11 :  0.0204 0.0882 0.0624 0.8290 
 975      975   (0)     11 :  0.0068 0.0092 0.0034 0.9806 
 976      976   (0)     11 :  0.0138 0.1670 0.0042 0.8150 
 977      977   (0)     11 :  0.0054 0.2342 0.0074 0.7530 
 978      978   (0)     11 :  0.0572 0.1431 0.0048 0.7949 
 979      979   (0)     11 :  0.0062 0.3623 0.0062 0.6253 
 980      980   (0)     11 :  0.0194 0.2463 0.0084 0.7259 
 981      981   (0)     11 :  0.0408 0.1516 0.0536 0.7541 
 982      982   (0)     11 :  0.0344 0.2020 0.0066 0.7570 
 983      983   (0)     11 :  0.0426 0.1869 0.0062 0.7643 
 984      984   (0)     11 :  0.0378 0.2204 0.0072 0.7346 
 985      985   (0)     11 :  0.0118 0.0216 0.0066 0.9600 
 986      986   (0)     11 :  0.0048 0.0394 0.0050 0.9508 
 987      987   (0)     11 :  0.0368 0.0390 0.0184 0.9058 
 988      988   (0)     11 :  0.0146 0.0932 0.0084 0.8838 
 989      989   (0)     11 :  0.0306 0.1006 0.0046 0.8642 
 990      990   (0)     11 :  0.0896 0.0468 0.0070 0.8566 
 991      991   (0)     11 :  0.0180 0.2543 0.0054 0.7223 
 992      992   (0)     11 :  0.0182 0.1594 0.0118 0.8106 
 993      993   (0)     11 :  0.0078 0.2168 0.0050 0.7704 
 994      994   (0)     11 :  0.0088 0.2240 0.0196 0.7476 
 995      995   (0)     11 :  0.0110 0.2482 0.0150 0.7258 
 996      996   (0)     11 :  0.0108 0.1656 0.0052 0.8185 
 997      997   (0)     11 :  0.0548 0.0184 0.0062 0.9206 
 998      998   (0)     11 :  0.0046 0.2639 0.0198 0.7117 
 999      999   (0)     11 :  0.0158 0.2911 0.0042 0.6889 
1000     1000   (0)     11 :  0.0120 0.1877 0.0042 0.7961 
1001     1001   (0)     11 :  0.0052 0.1483 0.0120 0.8345 
1002     1002   (0)     11 :  0.0186 0.0132 0.0138 0.9544 
1003     1003   (0)     11 :  0.0116 0.3286 0.0066 0.6532 
1004     1004   (0)     11 :  0.0878 0.0774 0.0034 0.8314 
1005     1005   (0)     11 :  0.0054 0.1342 0.0074 0.8530 
1006     1006   (0)     11 :  0.0614 0.1907 0.0034 0.7445 
1007     1007   (0)     11 :  0.0036 0.1867 0.0238 0.7859 
1008     1008   (0)     11 :  0.0052 0.0384 0.0104 0.9460 
1009     1009   (0)     12 :  0.0098 0.3212 0.6143 0.0548 
1010     1010   (0)     12 :  0.0212 0.2158 0.7276 0.0354 
1011     1011   (0)     12 :  0.0130 0.0412 0.9366 0.0092 
1012     1012   (0)     12 :  0.0226 0.2659 0.6417 0.0698 
1013     1013   (0)     12 :  0.0172 0.2546 0.6568 0.0714 
1014     1014   (0)     12 :  0.0066 0.0078 0.9786 0.0070 
1015     1015   (0)     12 :  0.0110 0.2889 0.6421 0.0579 
1016     1016   (0)     12 :  0.0092 0.0392 0.9066 0.0450 
1017     1017   (0)     12 :  0.0138 0.1839 0.7931 0.0092 
1018     1018   (0)     12 :  0.0158 0.2073 0.7505 0.0264 
1019     1019   (0)     12 :  0.0222 0.3173 0.5952 0.0653 
1020     1020   (0)     12 :  0.0034 0.2044 0.7762 0.0160 
1021     1021   (0)     12 :  0.0046 0.0382 0.9520 0.0052 
1022     1022   (0)     12 :  0.0228 0.0876 0.8767 0.0130 
1023     1023   (0)     12 :  0.0538 0.1060 0.7289 0.1112 
1024     1024   (0)     12 :  0.0062 0.3212 0.6170 0.0556 
1025     1025   (0)     12 :  0.0046 0.1767 0.7999 0.0188 
1026     1026   (0)     12 :  0.0130 0.2328 0.7396 0.0146 
1027     1027   (0)     12 :  0.0076 0.2195 0.7473 0.0256 
1028     1028   (0)     12 :  0.0062 0.0060 0.9838 0.0040 
1029     1029   (0)     12 :  0.0118 0.1098 0.8584 0.0200 
1030     1030   (0)     12 :  0.0040 0.2139 0.7629 0.0192 
1031     1031   (0)     12 :  0.0030 0.0896 0.9038 0.0036 
1032     1032   (0)     12 :  0.0062 0.2387 0.7395 0.0156 
1033     1033   (0)     12 :  0.0030 0.0050 0.9880 0.0040 
1034     1034   (0)     12 :  0.0088 0.2791 0.6833 0.0288 
1035     1035   (0)     12 :  0.0116 0.1204 0.8560 0.0120 
1036     1036   (0)     12 :  0.0030 0.0924 0.9008 0.0038 
1037     1037   (0)     12 :  0.0034 0.0094 0.9826 0.0046 
1038     1038   (0)     12 :  0.0088 0.1086 0.8424 0.0402 
1039     1039   (0)     12 :  0.0054 0.2902 0.6662 0.0382 
1040     1040   (0)     12 :  0.0066 0.0844 0.8978 0.0112 
1041     1041   (0)     12 :  0.0156 0.1642 0.7940 0.0262 
1042     1042   (0)     12 :  0.0034 0.2349 0.7279 0.0338 
1043     1043   (0)     12 :  0.0034 0.1957 0.7880 0.0128 
1044     1044   (0)     12 :  0.0176 0.0812 0.8814 0.0198 
1045     1045   (0)     12 :  0.0084 0.1944 0.7834 0.0138 
1046     1046   (0)     12 :  0.0034 0.0540 0.9050 0.0376 
1047     1047   (0)     12 :  0.0044 0.2521 0.7015 0.0420 
1048     1048   (0)     12 :  0.0114 0.1556 0.8080 0.0250 
1049     1049   (0)     12 :  0.0074 0.2477 0.7184 0.0264 
1050     1050   (0)     12 :  0.0034 0.1758 0.7264 0.0944 
1051     1051   (0)     12 :  0.0058 0.2073 0.7779 0.0090 
1052     1052   (0)     12 :  0.0040 0.1242 0.8666 0.0052 
1053     1053   (0)     12 :  0.0096 0.2059 0.7623 0.0222 
1054     1054   (0)     12 :  0.0156 0.1646 0.8048 0.0150 
1055     1055   (0)     12 :  0.0316 0.1060 0.8515 0.0110 
1056     1056   (0)     12 :  0.0024 0.1353 0.8381 0.0242 
1057     1057   (0)     12 :  0.0058 0.2675 0.6639 0.0628 
1058     1058   (0)     12 :  0.0312 0.0776 0.8037 0.0876 
1059     1059   (0)     12 :  0.0034 0.1125 0.8306 0.0534 
1060     1060   (0)     12 :  0.0126 0.0554 0.9219 0.0100 
1061     1061   (0)     12 :  0.0058 0.2463 0.6759 0.0720 
1062     1062   (0)     12 :  0.0250 0.1223 0.8259 0.0268 
1063     1063   (0)     12 :  0.0100 0.2110 0.7655 0.0136 
1064     1064   (0)     12 :  0.0046 0.2287 0.7151 0.0516 
1065     1065   (0)     12 :  0.0394 0.3032 0.6278 0.0296 
1066     1066   (0)     12 :  0.0100 0.1636 0.8132 0.0132 
1067     1067   (0)     12 :  0.0590 0.1533 0.7739 0.0138 
1068     1068   (0)     12 :  0.0052 0.1457 0.7857 0.0634 
1069     1069   (0)     12 :  0.0096 0.3160 0.6252 0.0492 
1070     1070   (0)     12 :  0.0080 0.1756 0.7424 0.0740 
1071     1071   (0)     12 :  0.0056 0.1224 0.8562 0.0158 
1072     1072   (0)     12 :  0.0028 0.2290 0.7540 0.0142 
1073     1073   (0)     12 :  0.0056 0.0822 0.9054 0.0068 
1074     1074   (0)     12 :  0.0080 0.2655 0.6511 0.0753 
1075     1075   (0)     12 :  0.0040 0.2252 0.7056 0.0652 
1076     1076   (0)     12 :  0.0048 0.1774 0.8119 0.0058 
1077     1077   (0)     12 :  0.0046 0.0396 0.9440 0.0118 
1078     1078   (0)     12 :  0.0040 0.2857 0.6497 0.0606 
1079     1079   (0)     12 :  0.0350 0.0402 0.9192 0.0056 
1080     1080   (0)     12 :  0.0052 0.1710 0.8150 0.0088 
1081     1081   (0)     12 :  0.0410 0.2862 0.6636 0.0092 
1082     1082   (0)     12 :  0.0108 0.1983 0.7661 0.0248 
1083     1083   (0)     12 :  0.0052 0.1985 0.7706 0.0258 
1084     1084   (0)     12 :  0.0112 0.1934 0.7740 0.0214 
1085     1085   (0)     12 :  0.0056 0.2177 0.7515 0.0252 
1086     1086   (0)     12 :  0.0156 0.2335 0.7330 0.0180 
1087     1087   (0)     12 :  0.0040 0.0510 0.9410 0.0040 
1088     1088   (0)     12 :  0.0100 0.2438 0.6880 0.0582 
1089     1089   (0)     12 :  0.0126 0.0072 0.9748 0.0054 
1090     1090   (0)     12 :  0.0038 0.1312 0.8402 0.0248 
1091     1091   (0)     12 :  0.0092 0.1633 0.7731 0.0544 
1092     1092   (0)     12 :  0.0064 0.1916 0.7592 0.0428 
1093     1093   (0)     12 :  0.0040 0.1065 0.8701 0.0194 
1094     1094   (0)     12 :  0.0082 0.0436 0.9406 0.0076 
1095     1095   (0)     12 :  0.0070 0.2555 0.6905 0.0470 
1096     1096   (0)     12 :  0.0092 0.2898 0.6458 0.0552 
1097     1097   (0)     12 :  0.0110 0.2248 0.7246 0.0396 
1098     1098   (0)     12 :  0.0054 0.1464 0.7838 0.0644 
1099     1099   (0)     12 :  0.1250 0.1782 0.6841 0.0126 
1100     1100   (0)     12 :  0.0058 0.1397 0.8393 0.0152 
1101     1101   (0)     12 :  0.0050 0.0374 0.9196 0.0380 
1102     1102   (0)     12 :  0.0036 0.1754 0.8118 0.0092 
1103     1103   (0)     12 :  0.0506 0.2408 0.6862 0.0224 
1104     1104   (0)     12 :  0.0516 0.0816 0.8406 0.0262 
1105     1105   (0)     12 :  0.0044 0.0880 0.9042 0.0034 
1106     1106   (0)     12 :  0.0128 0.1890 0.7620 0.0362 
1107     1107   (0)     12 :  0.0030 0.1639 0.7941 0.0390 
1108     1108   (0)     12 :  0.0034 0.0844 0.9080 0.0042 
1109     1109   (0)     13 :  0.7940 0.1502 0.0062 0.0496 
1110     1110   (0)     13 :  0.7668 0.2084 0.0064 0.0184 
1111     1111   (0)     13 :  0.6219 0.3080 0.0044 0.0657 
1112     1112   (0)     13 :  0.9656 0.0152 0.0052 0.0140 
1113     1113   (0)     13 :  0.7721 0.1781 0.0052 0.0446 
1114     1114   (0)     13 :  0.8984 0.0828 0.0144 0.0044 
1115     1115   (0)     13 :  0.9598 0.0314 0.0030 0.0058 
1116     1116   (0)     13 :  0.8564 0.1030 0.0136 0.0270 
1117     1117   (0)     13 :  0.7615 0.1966 0.0036 0.0384 
1118     1118   (0)     13 :  0.7461 0.1467 0.0030 0.1042 
1119     1119   (0)     13 :  0.6143 0.3211 0.0078 0.0567 
1120     1120   (0)     13 :  0.7233 0.2164 0.0072 0.0532 
1121     1121   (0)     13 :  0.7841 0.1953 0.0048 0.0158 
1122     1122   (0)     13 :  0.5981 0.3571 0.0088 0.0360 
1123     1123   (0)     13 :  0.6861 0.2429 0.0380 0.0330 
1124     1124   (0)     13 :  0.7446 0.2354 0.0052 0.0148 
1125     1125   (0)     13 :  0.8872 0.0600 0.0330 0.0198 
1126     1126   (0)     13 :  0.8566 0.1338 0.0042 0.0054 
1127     1127   (0)     13 :  0.8332 0.1392 0.0162 0.0114 
1128     1128   (0)     13 :  0.5435 0.3695 0.0070 0.0800 
1129     1129   (0)     13 :  0.7276 0.2360 0.0026 0.0338 
1130     1130   (0)     13 :  0.8570 0.1070 0.0160 0.0200 
1131     1131   (0)     13 :  0.9059 0.0742 0.0122 0.0078 
1132     1132   (0)     13 :  0.9000 0.0686 0.0116 0.0198 
1133     1133   (0)     13 :  0.9668 0.0248 0.0026 0.0058 
1134     1134   (0)     13 :  0.8292 0.1594 0.0050 0.0064 
1135     1135   (0)     13 :  0.7618 0.1867 0.0226 0.0288 
1136     1136   (0)     13 :  0.7193 0.2329 0.0048 0.0430 
1137     1137   (0)     13 :  0.7376 0.1950 0.0030 0.0644 
1138     1138   (0)     13 :  0.7355 0.2449 0.0060 0.0136 
1139     1139   (0)     13 :  0.8430 0.1436 0.0040 0.0094 
1140     1140   (0)     13 :  0.9534 0.0136 0.0114 0.0216 
1141     1141   (0)     13 :  0.9042 0.0388 0.0110 0.0460 
1142     1142   (0)     13 :  0.8128 0.1735 0.0056 0.0082 
1143     1143   (0)     13 :  0.6991 0.2559 0.0156 0.0294 
1144     1144   (0)     13 :  0.8738 0.1200 0.0026 0.0036 
1145     1145   (0)     13 :  0.7954 0.1900 0.0054 0.0092 
1146     1146   (0)     13 :  0.9536 0.0382 0.0026 0.0056 
1147     1147   (0)     13 :  0.7878 0.1152 0.0348 0.0622 
1148     1148   (0)     13 :  0.7151 0.2673 0.0052 0.0124 
1149     1149   (0)     13 :  0.8132 0.1648 0.0088 0.0132 
1150     1150   (0)     13 :  0.9234 0.0638 0.0046 0.0082 
1151     1151   (0)     13 :  0.7036 0.2436 0.0046 0.0482 
1152     1152   (0)     13 :  0.7360 0.2140 0.0048 0.0452 
1153     1153   (0)     13 :  0.8396 0.1198 0.0192 0.0214 
1154     1154   (0)     13 :  0.6491 0.2995 0.0052 0.0462 
1155     1155   (0)     13 :  0.6850 0.2661 0.0052 0.0436 
1156     1156   (0)     13 :  0.8021 0.1881 0.0030 0.0068 
1157     1157   (0)     13 :  0.8005 0.1837 0.0054 0.0104 
1158     1158   (0)     13 :  0.7549 0.1845 0.0066 0.0540 
1159     1159   (0)     13 :  0.8047 0.1681 0.0042 0.0230 
1160     1160   (0)     13 :  0.9506 0.0218 0.0142 0.0134 
1161     1161   (0)     13 :  0.9522 0.0298 0.0082 0.0098 
1162     1162   (0)     13 :  0.7860 0.1948 0.0054 0.0138 
1163     1163   (0)     13 :  0.6599 0.3287 0.0040 0.0074 
1164     1164   (0)     13 :  0.8142 0.1762 0.0046 0.0050 
1165     1165   (0)     13 :  0.6310 0.0960 0.0256 0.2474 
1166     1166   (0)     13 :  0.8634 0.1266 0.0034 0.0066 
1167     1167   (0)     13 :  0.7223 0.1288 0.1068 0.0422 
1168     1168   (0)     13 :  0.7044 0.2850 0.0032 0.0074 
1169     1169   (0)     13 :  0.8385 0.1391 0.0096 0.0128 
1170     1170   (0)     13 :  0.6748 0.2684 0.0060 0.0508 
1171     1171   (0)     13 :  0.7618 0.1942 0.0140 0.0300 
1172     1172   (0)     13 :  0.7607 0.1863 0.0284 0.0246 
1173     1173   (0)     13 :  0.9290 0.0534 0.0030 0.0146 
1174     1174   (0)     13 :  0.8002 0.1606 0.0056 0.0336 
1175     1175   (0)     13 :  0.8327 0.1518 0.0070 0.0086 
1176     1176   (0)     13 :  0.7846 0.1292 0.0046 0.0816 
1177     1177   (0)     13 :  0.8232 0.1664 0.0056 0.0048 
1178     1178   (0)     13 :  0.7093 0.2673 0.0070 0.0164 
1179     1179   (0)     13 :  0.9468 0.0372 0.0072 0.0088 
1180     1180   (0)     13 :  0.9308 0.0558 0.0042 0.0092 
1181     1181   (0)     13 :  0.9648 0.0158 0.0128 0.0066 
1182     1182   (0)     13 :  0.9676 0.0272 0.0022 0.0030 
1183     1183   (0)     13 :  0.8613 0.1275 0.0068 0.0044 
1184     1184   (0)     13 :  0.6169 0.3477 0.0074 0.0280 
1185     1185   (0)     13 :  0.5916 0.0984 0.0202 0.2898 
1186     1186   (0)     13 :  0.9690 0.0210 0.0046 0.0054 
1187     1187   (0)     13 :  0.9464 0.0344 0.0082 0.0110 
1188     1188   (0)     13 :  0.7991 0.1907 0.0038 0.0064 
1189     1189   (0)     13 :  0.9488 0.0352 0.0110 0.0050 
1190     1190   (0)     13 :  0.7909 0.1855 0.0032 0.0204 
1191     1191   (0)     13 :  0.9516 0.0102 0.0144 0.0238 
1192     1192   (0)     13 :  0.7712 0.1965 0.0022 0.0300 
1193     1193   (0)     13 :  0.7998 0.1624 0.0178 0.0200 
1194     1194   (0)     13 :  0.7255 0.2383 0.0148 0.0214 
1195     1195   (0)     13 :  0.7203 0.1963 0.0056 0.0778 
1196     1196   (0)     13 :  0.9088 0.0618 0.0066 0.0228 
1197     1197   (0)     13 :  0.8054 0.1679 0.0112 0.0154 
1198     1198   (0)     13 :  0.9394 0.0272 0.0030 0.0304 
1199     1199   (0)     13 :  0.9054 0.0718 0.0038 0.0190 
1200     1200   (0)     13 :  0.9420 0.0134 0.0082 0.0364 
1201     1201   (0)     13 :  0.7708 0.2218 0.0026 0.0048 
1202     1202   (0)     13 :  0.6332 0.3274 0.0086 0.0308 
1203     1203   (0)     13 :  0.7352 0.1914 0.0146 0.0588 
1204     1204   (0)     13 :  0.8084 0.1818 0.0042 0.0056 
1205     1205   (0)     13 :  0.8102 0.1760 0.0026 0.0112 
1206     1206   (0)     13 :  0.9444 0.0144 0.0092 0.0320 
1207     1207   (0)     13 :  0.8614 0.0436 0.0266 0.0684 
1208     1208   (0)     13 :  0.7911 0.1985 0.0028 0.0076 
1209     1209   (0)     14 :  0.2168 0.5426 0.0942 0.1465 
1210     1210   (0)     14 :  0.2432 0.5362 0.0216 0.1990 
1211     1211   (0)     14 :  0.3070 0.4937 0.0076 0.1918 
1212     1212   (0)     14 :  0.3009 0.5030 0.0158 0.1802 
1213     1213   (0)     14 :  0.3079 0.4419 0.0086 0.2416 
1214     1214   (0)     14 :  0.2732 0.5674 0.0090 0.1504 
1215     1215   (0)     14 :  0.2479 0.3542 0.1552 0.2428 
1216     1216   (0)     14 :  0.3017 0.4066 0.0100 0.2816 
1217     1217   (0)     14 :  0.2375 0.5317 0.0050 0.2258 
1218     1218   (0)     14 :  0.1841 0.5652 0.0086 0.2421 
1219     1219   (0)     14 :  0.2413 0.6022 0.0050 0.1515 
1220     1220   (0)     14 :  0.2484 0.6084 0.0064 0.1367 
1221     1221   (0)     14 :  0.2622 0.5822 0.0160 0.1396 
1222     1222   (0)     14 :  0.3540 0.4088 0.0056 0.2316 
1223     1223   (0)     14 :  0.2904 0.3964 0.0254 0.2878 
1224     1224   (0)     14 :  0.2060 0.6196 0.0090 0.1654 
1225     1225   (0)     14 :  0.2851 0.4849 0.0064 0.2236 
1226     1226   (0)     14 :  0.2949 0.4909 0.0128 0.2014 
1227     1227   (0)     14 :  0.2962 0.5034 0.0078 0.1926 
1228     1228   (0)     14 :  0.3922 0.4098 0.0114 0.1866 
1229     1229   (0)     14 :  0.3260 0.3880 0.0338 0.2522 
1230     1230   (0)     14 :  0.2712 0.5214 0.0446 0.1628 
1231     1231   (0)     14 :  0.3164 0.4572 0.0106 0.2158 
1232     1232   (0)     14 :  0.3412 0.4404 0.0066 0.2118 
1233     1233   (0)     14 :  0.3446 0.4722 0.0040 0.1792 
1234     1234   (0)     14 :  0.2474 0.5503 0.0084 0.1939 
1235     1235   (0)     14 :  0.3276 0.4476 0.0204 0.2044 
1236     1236   (0)     14 :  0.2510 0.5929 0.0086 0.1475 
1237     1237   (0)     14 :  0.3746 0.4339 0.0032 0.1884 
1238     1238   (0)     14 :  0.2207 0.5613 0.0118 0.2062 
1239     1239   (0)     14 :  0.2547 0.5129 0.0104 0.2220 
1240     1240   (0)     14 :  0.2609 0.4222 0.0040 0.3130 
1241     1241   (0)     14 :  0.2392 0.5620 0.0058 0.1930 
1242     1242   (0)     14 :  0.2750 0.5645 0.0100 0.1505 
1243     1243   (0)     14 :  0.2429 0.6349 0.0192 0.1030 
1244     1244   (0)     14 :  0.2963 0.5428 0.0036 0.1573 
1245     1245   (0)     14 :  0.2592 0.4504 0.0590 0.2314 
1246     1246   (0)     14 :  0.2855 0.4500 0.0334 0.2311 
1247     1247   (0)     14 :  0.2991 0.4864 0.0050 0.2094 
1248     1248   (0)     14 :  0.3936 0.3870 0.0054 0.2140 
1249     1249   (0)     14 :  0.3354 0.4818 0.0132 0.1696 
1250     1250   (0)     14 :  0.2618 0.5228 0.0164 0.1990 
1251     1251   (0)     14 :  0.2894 0.5562 0.0120 0.1424 
1252     1252   (0)     14 :  0.3078 0.4618 0.0208 0.2096 
1253     1253   (0)     14 :  0.2276 0.4336 0.0130 0.3258 
1254     1254   (0)     14 :  0.3844 0.4082 0.0196 0.1878 
1255     1255   (0)     14 :  0.2297 0.5397 0.0162 0.2144 
1256     1256   (0)     14 :  0.3363 0.4845 0.0052 0.1740 
1257     1257   (0)     14 :  0.3043 0.4889 0.0060 0.2008 
1258     1258   (0)     14 :  0.3652 0.4022 0.0108 0.2218 
1259     1259   (0)     14 :  0.3242 0.4612 0.0030 0.2116 
1260     1260   (0)     14 :  0.5517 0.2656 0.0076 0.1750 
1261     1261   (0)     14 :  0.3070 0.5050 0.0194 0.1686 
1262     1262   (0)     14 :  0.2902 0.5672 0.0040 0.1386 
1263     1263   (0)     14 :  0.2718 0.4618 0.0778 0.1886 
1264     1264   (0)     14 :  0.2715 0.4292 0.0066 0.2926 
1265     1265   (0)     14 :  0.3536 0.4932 0.0044 0.1487 
1266     1266   (0)     14 :  0.3490 0.4506 0.0086 0.1918 
1267     1267   (0)     14 :  0.2970 0.5256 0.0060 0.1714 
1268     1268   (0)     14 :  0.1823 0.3944 0.0180 0.4053 
1269     1269   (0)     14 :  0.3402 0.4528 0.0084 0.1986 
1270     1270   (0)     14 :  0.3026 0.5152 0.0060 0.1762 
1271     1271   (0)     14 :  0.2519 0.5785 0.0126 0.1570 
1272     1272   (0)     14 :  0.3442 0.4570 0.0050 0.1938 
1273     1273   (0)     14 :  0.0982 0.4868 0.0098 0.4052 
1274     1274   (0)     14 :  0.3188 0.4300 0.0092 0.2420 
1275     1275   (0)     14 :  0.1634 0.4127 0.0612 0.3627 
1276     1276   (0)     14 :  0.3254 0.4584 0.0068 0.2094 
1277     1277   (0)     14 :  0.2617 0.4240 0.0110 0.3032 
1278     1278   (0)     14 :  0.3094 0.5522 0.0098 0.1286 
1279     1279   (0)     14 :  0.3574 0.4058 0.0076 0.2292 
1280     1280   (0)     14 :  0.0820 0.5499 0.0360 0.3321 
1281     1281   (0)     14 :  0.2991 0.5012 0.0180 0.1816 
1282     1282   (0)     14 :  0.1519 0.4792 0.0170 0.3519 
1283     1283   (0)     14 :  0.3269 0.4918 0.0258 0.1556 
1284     1284   (0)     14 :  0.2392 0.4063 0.0178 0.3368 
1285     1285   (0)     14 :  0.4118 0.3972 0.0060 0.1850 
1286     1286   (0)     14 :  0.1982 0.5615 0.1050 0.1353 
1287     1287   (0)     14 :  0.2761 0.5375 0.0048 0.1817 
1288     1288   (0)     14 :  0.2917 0.5305 0.0228 0.1550 
1289     1289   (0)     14 :  0.3866 0.4046 0.0064 0.2024 
1290     1290   (0)     14 :  0.2238 0.4927 0.0042 0.2793 
1291     1291   (0)     14 :  0.3101 0.4208 0.0076 0.2615 
1292     1292   (0)     14 :  0.2609 0.5673 0.0076 0.1642 
1293     1293   (0)     14 :  0.3218 0.5008 0.0090 0.1684 
1294     1294   (0)     14 :  0.3023 0.4978 0.0058 0.1940 
1295     1295   (0)     14 :  0.3542 0.4560 0.0046 0.1852 
1296     1296   (0)     14 :  0.2048 0.6194 0.0150 0.1608 
1297     1297   (0)     14 :  0.2819 0.3932 0.0048 0.3201 
1298     1298   (0)     14 :  0.1712 0.3208 0.0076 0.5004 
1299     1299   (0)     14 :  0.2706 0.3644 0.1282 0.2368 
1300     1300   (0)     14 :  0.3826 0.4662 0.0032 0.1479 
1301     1301   (0)     14 :  0.2754 0.5650 0.0106 0.1490 
1302     1302   (0)     14 :  0.1726 0.5292 0.0972 0.2010 
1303     1303   (0)     14 :  0.2810 0.4814 0.0182 0.2194 
1304     1304   (0)     14 :  0.2759 0.5012 0.0422 0.1807 
1305     1305   (0)     14 :  0.3011 0.4860 0.0072 0.2058 
1306     1306   (0)     14 :  0.4295 0.3698 0.0066 0.1941 
1307     1307   (0)     14 :  0.3395 0.4090 0.0128 0.2388 
1308     1308   (0)     14 :  0.2925 0.4046 0.0340 0.2690 
1309     1309  (10)     15 :  0.0122 0.0148 0.0092 0.9638 
1310     1310   (5)     15 :  0.0302 0.0088 0.0360 0.9250 
1311     1311   (5)     15 :  0.0418 0.2778 0.0142 0.6662 
1312     1312   (5)     15 :  0.0058 0.0052 0.0042 0.9848 
1313     1313  (10)     15 :  0.0466 0.1256 0.0270 0.8008 
1314     1314   (5)     15 :  0.0828 0.3605 0.0294 0.5273 
1315     1315  (10)     15 :  0.0688 0.1184 0.0062 0.8065 
1316     1316   (0)     15 :  0.0052 0.0120 0.0954 0.8874 
1317     1317   (0)     15 :  0.0214 0.0214 0.0042 0.9530 
1318     1318   (0)     15 :  0.0042 0.0050 0.0158 0.9750 
1319     1319   (0)     15 :  0.0096 0.0072 0.0222 0.9610 
1320     1320   (0)     15 :  0.0516 0.0240 0.0052 0.9192 
1321     1321   (0)     15 :  0.0050 0.0134 0.0074 0.9742 
1322     1322   (0)     15 :  0.0404 0.1976 0.0092 0.7528 
1323     1323   (0)     15 :  0.1345 0.0742 0.0052 0.7860 
1324     1324   (0)     15 :  0.0502 0.0950 0.0064 0.8484 
1325     1325   (0)     15 :  0.0102 0.0818 0.0066 0.9014 
1326     1326   (0)     15 :  0.0342 0.3155 0.0090 0.6413 
1327     1327   (0)     15 :  0.0044 0.0078 0.0136 0.9742 
1328     1328   (5)     15 :  0.0034 0.0234 0.1382 0.8350 
1329     1329   (0)     15 :  0.1036 0.1072 0.0176 0.7715 
1330     1330   (0)     15 :  0.0908 0.0708 0.0092 0.8292 
1331     1331   (5)     15 :  0.0124 0.0120 0.0198 0.9558 
1332     1332   (5)     15 :  0.0038 0.0124 0.0176 0.9662 
1333     1333   (0)     15 :  0.0766 0.1034 0.0698 0.7503 
1334     1334   (0)     15 :  0.0048 0.0584 0.0138 0.9230 
1335     1335   (0)     15 :  0.0500 0.0146 0.0064 0.9290 
1336     1336   (0)     15 :  0.0070 0.0056 0.0102 0.9772 
1337     1337   (0)     15 :  0.0080 0.0060 0.0144 0.9716 
1338     1338   (0)     15 :  0.0100 0.0078 0.0126 0.9696 
1339     1339   (0)     15 :  0.0034 0.0040 0.0806 0.9120 
1340     1340   (0)     15 :  0.0096 0.0102 0.0054 0.9748 
1341     1341   (0)     15 :  0.0184 0.0464 0.0728 0.8624 
1342     1342   (0)     15 :  0.1722 0.1629 0.0408 0.6241 
1343     1343   (0)     15 :  0.0116 0.0258 0.0104 0.9522 
1344     1344   (0)     15 :  0.0122 0.0556 0.0092 0.9230 
1345     1345   (0)     15 :  0.0750 0.1368 0.0340 0.7542 
1346     1346   (0)     15 :  0.0066 0.0060 0.0088 0.9786 
1347     1347   (0)     15 :  0.0184 0.0716 0.0438 0.8661 
1348     1348   (0)     15 :  0.0154 0.0298 0.0050 0.9498 
1349     1349   (0)     15 :  0.0708 0.0106 0.0032 0.9154 
1350     1350   (0)     15 :  0.0288 0.0178 0.0050 0.9484 
1351     1351   (0)     16 :  0.0066 0.0080 0.0116 0.9738 
1352     1352   (0)     16 :  0.0056 0.0080 0.0078 0.9786 
1353     1353   (0)     16 :  0.0094 0.0800 0.0080 0.9026 
1354     1354   (0)     16 :  0.0050 0.2177 0.0990 0.6783 
1355     1355   (0)     16 :  0.0098 0.0074 0.0198 0.9630 
1356     1356   (0)     16 :  0.0058 0.0190 0.0100 0.9652 
1357     1357   (0)     16 :  0.0046 0.0052 0.0094 0.9808 
1358     1358   (0)     16 :  0.0066 0.0060 0.0044 0.9830 
1359     1359   (0)     16 :  0.0080 0.0048 0.0126 0.9746 
1360     1360   (0)     16 :  0.0102 0.0148 0.1166 0.8585 
1361     1361   (0)     16 :  0.0270 0.0256 0.0066 0.9408 
1362     1362   (0)     16 :  0.0070 0.0058 0.0326 0.9546 
1363     1363   (0)     16 :  0.0076 0.0180 0.0098 0.9646 
1364     1364   (0)     16 :  0.0096 0.0694 0.0094 0.9116 
1365     1365   (0)     16 :  0.0210 0.3743 0.0114 0.5933 
1366     1366   (0)     16 :  0.0044 0.0186 0.0318 0.9452 
1367     1367   (0)     16 :  0.0066 0.0208 0.0090 0.9636 
1368     1368   (0)     16 :  0.0274 0.0360 0.0064 0.9302 
1369     1369   (0)     16 :  0.0086 0.0440 0.0094 0.9380 
1370     1370   (0)     16 :  0.0084 0.0164 0.0078 0.9674 
1371     1371   (0)     16 :  0.0048 0.0456 0.0140 0.9356 
1372     1372   (0)     16 :  0.0102 0.0837 0.0072 0.8989 
1373     1373   (0)     16 :  0.0074 0.1173 0.0092 0.8661 
1374     1374   (0)     16 :  0.0054 0.1022 0.0056 0.8868 
1375     1375   (0)     16 :  0.0084 0.0680 0.0498 0.8738 
1376     1376   (0)     16 :  0.0212 0.0122 0.0102 0.9564 
1377     1377   (0)     16 :  0.0040 0.0048 0.0074 0.9838 
1378     1378   (0)     16 :  0.0110 0.0664 0.0380 0.8846 
1379     1379   (0)     16 :  0.0060 0.0136 0.0480 0.9324 
1380     1380   (0)     16 :  0.0116 0.0580 0.0182 0.9122 
1381     1381   (0)     16 :  0.0050 0.0046 0.0082 0.9822 
1382     1382   (0)     16 :  0.0046 0.0052 0.0044 0.9858 
1383     1383   (0)     16 :  0.0042 0.0118 0.0144 0.9696 
1384     1384   (0)     16 :  0.0050 0.0162 0.0124 0.9664 
1385     1385   (0)     16 :  0.0060 0.0758 0.0088 0.9094 
1386     1386   (0)     16 :  0.0056 0.0118 0.0104 0.9722 
1387     1387   (0)     16 :  0.0486 0.2090 0.0034 0.7389 
1388     1388   (0)     16 :  0.0112 0.0100 0.0098 0.9690 
1389     1389   (0)     16 :  0.0290 0.0422 0.0104 0.9184 
1390     1390   (0)     16 :  0.0030 0.0046 0.0038 0.9886 
1391     1391   (0)     16 :  0.0076 0.1540 0.0126 0.8258 
1392     1392   (0)     16 :  0.0160 0.0124 0.0410 0.9306 
1393     1393   (0)     16 :  0.0074 0.0706 0.0158 0.9063 
1394     1394   (0)     16 :  0.0074 0.0286 0.0298 0.9342 
1395     1395   (0)     16 :  0.0060 0.1560 0.0256 0.8124 
1396     1396   (0)     16 :  0.0138 0.0210 0.0208 0.9444 
1397     1397   (0)     16 :  0.0146 0.0490 0.0900 0.8465 
1398     1398   (0)     16 :  0.0104 0.0286 0.0058 0.9552 
1399     1399   (0)     16 :  0.0048 0.0152 0.0222 0.9578 
1400     1400   (0)     16 :  0.0064 0.0054 0.0070 0.9812 
1401     1401   (0)     16 :  0.0058 0.0118 0.0090 0.9734 
1402     1402   (0)     16 :  0.0080 0.2303 0.0282 0.7335 
1403     1403   (0)     16 :  0.0036 0.1254 0.0090 0.8620 
1404     1404   (0)     16 :  0.0080 0.0192 0.0154 0.9574 
1405     1405   (0)     16 :  0.0066 0.0462 0.0128 0.9344 
1406     1406   (0)     16 :  0.0086 0.0274 0.0106 0.9534 
1407     1407   (0)     16 :  0.0054 0.0038 0.0086 0.9822 
1408     1408   (0)     16 :  0.0038 0.0914 0.0060 0.8988 
1409     1409   (0)     16 :  0.0098 0.0114 0.0048 0.9740 
1410     1410   (0)     16 :  0.0054 0.0100 0.0142 0.9704 
1411     1411   (0)     16 :  0.0068 0.0270 0.0124 0.9538 
1412     1412   (0)     16 :  0.0068 0.0060 0.0068 0.9804 
1413     1413   (0)     16 :  0.0040 0.1138 0.0072 0.8750 
1414     1414   (0)     16 :  0.0074 0.1346 0.0060 0.8520 
1415     1415   (0)     16 :  0.0042 0.1088 0.0112 0.8758 
1416     1416   (0)     16 :  0.0044 0.0048 0.0056 0.9852 
1417     1417   (0)     16 :  0.0378 0.0362 0.0088 0.9172 
1418     1418   (0)     16 :  0.0034 0.0908 0.0150 0.8908 
1419     1419   (0)     16 :  0.0038 0.0214 0.0120 0.9628 
1420     1420   (0)     16 :  0.0062 0.0138 0.0042 0.9758 
1421     1421   (0)     16 :  0.0062 0.0832 0.1082 0.8024 
1422     1422   (0)     16 :  0.0140 0.0916 0.0108 0.8836 
1423     1423   (0)     16 :  0.0076 0.0898 0.0110 0.8915 
1424     1424   (0)     16 :  0.0658 0.0566 0.0124 0.8652 
1425     1425   (0)     16 :  0.0040 0.0044 0.0144 0.9772 
1426     1426   (0)     16 :  0.0068 0.0310 0.0042 0.9580 
1427     1427   (0)     16 :  0.0248 0.0192 0.0042 0.9518 
1428     1428   (0)     16 :  0.0090 0.1599 0.0076 0.8235 
1429     1429   (0)     16 :  0.0198 0.1179 0.0728 0.7895 
1430     1430   (0)     16 :  0.0052 0.1248 0.0060 0.8640 
1431     1431   (0)     16 :  0.0058 0.0110 0.0058 0.9774 
1432     1432   (0)     16 :  0.0046 0.0240 0.0040 0.9674 
1433     1433   (0)     16 :  0.0180 0.0386 0.0096 0.9338 
1434     1434   (0)     16 :  0.0098 0.1132 0.0102 0.8668 
1435     1435   (0)     16 :  0.0296 0.1822 0.0104 0.7778 
1436     1436   (0)     16 :  0.0066 0.1799 0.0092 0.8044 
1437     1437   (0)     16 :  0.0118 0.0438 0.0110 0.9334 
1438     1438   (0)     16 :  0.0076 0.0076 0.0192 0.9656 
1439     1439   (0)     16 :  0.0032 0.0074 0.0182 0.9712 
1440     1440   (0)     16 :  0.0082 0.0482 0.0194 0.9242 
1441     1441   (0)     16 :  0.0050 0.0378 0.0072 0.9500 
1442     1442   (0)     16 :  0.0046 0.0102 0.3294 0.6558 
1443     1443   (0)     16 :  0.0064 0.1770 0.0532 0.7634 
1444     1444   (0)     16 :  0.0540 0.0254 0.0194 0.9012 
1445     1445   (0)     16 :  0.0050 0.0062 0.0344 0.9544 
1446     1446   (0)     16 :  0.0120 0.0126 0.0120 0.9634 
1447     1447   (0)     16 :  0.0054 0.0174 0.0374 0.9398 
1448     1448   (0)     16 :  0.0144 0.1678 0.0264 0.7914 
1449     1449   (0)     16 :  0.0042 0.0490 0.0118 0.9350 
1450     1450   (0)     16 :  0.0066 0.0272 0.0102 0.9560 
1451     1451   (0)     17 :  0.0086 0.0112 0.0188 0.9614 
1452     1452   (0)     17 :  0.1704 0.0502 0.0070 0.7724 
1453     1453   (0)     17 :  0.0034 0.0956 0.0026 0.8984 
1454     1454   (0)     17 :  0.0116 0.0072 0.0042 0.9770 
1455     1455   (0)     17 :  0.0244 0.0308 0.0032 0.9416 
1456     1456   (0)     17 :  0.0106 0.0052 0.0042 0.9800 
1457     1457   (0)     17 :  0.0170 0.0116 0.0290 0.9424 
1458     1458   (0)     17 :  0.0778 0.0164 0.0052 0.9006 
1459     1459   (0)     17 :  0.0094 0.0196 0.0044 0.9666 
1460     1460   (0)     17 :  0.0084 0.1205 0.0064 0.8647 
1461     1461   (0)     17 :  0.0150 0.1467 0.0048 0.8335 
1462     1462   (0)     17 :  0.0362 0.0218 0.0042 0.9378 
1463     1463   (0)     17 :  0.0494 0.0438 0.0066 0.9002 
1464     1464   (0)     17 :  0.0090 0.1963 0.0086 0.7861 
1465     1465   (0)     17 :  0.0254 0.0492 0.0142 0.9112 
1466     1466   (0)     17 :  0.0500 0.1154 0.0038 0.8308 
1467     1467   (0)     17 :  0.0130 0.0620 0.0050 0.9200 
1468     1468   (0)     17 :  0.0144 0.1508 0.0156 0.8192 
1469     1469   (0)     17 :  0.0092 0.0414 0.0062 0.9432 
1470     1470   (0)     17 :  0.0272 0.1002 0.0062 0.8664 
1471     1471   (0)     17 :  0.0048 0.0932 0.0042 0.8978 
1472     1472   (0)     17 :  0.0048 0.0060 0.0036 0.9856 
1473     1473   (0)     17 :  0.0062 0.0874 0.0050 0.9014 
1474     1474   (0)     17 :  0.0980 0.1108 0.0128 0.7783 
1475     1475   (0)     17 :  0.1749 0.1769 0.0150 0.6332 
1476     1476   (0)     17 :  0.0070 0.0056 0.0114 0.9760 
1477     1477   (0)     17 :  0.0064 0.0955 0.0042 0.8939 
1478     1478   (0)     17 :  0.0210 0.0156 0.0108 0.9526 
1479     1479   (0)     17 :  0.0050 0.0100 0.0042 0.9808 
1480     1480   (0)     17 :  0.0280 0.0484 0.0074 0.9162 
1481     1481   (0)     17 :  0.0088 0.0356 0.0046 0.9510 
1482     1482   (0)     17 :  0.0108 0.0230 0.0100 0.9562 
1483     1483   (0)     17 :  0.0198 0.0528 0.0072 0.9202 
1484     1484   (0)     17 :  0.0146 0.0616 0.0102 0.9136 
1485     1485   (0)     17 :  0.0122 0.0114 0.0064 0.9700 
1486     1486   (0)     17 :  0.0142 0.0758 0.0042 0.9058 
1487     1487   (0)     17 :  0.0152 0.0076 0.0044 0.9728 
1488     1488   (0)     17 :  0.0106 0.0688 0.0072 0.9133 
1489     1489   (0)     17 :  0.0118 0.0176 0.0064 0.9642 
1490     1490   (0)     17 :  0.0166 0.0098 0.0064 0.9672 
1491     1491   (0)     17 :  0.0048 0.0042 0.0106 0.9804 
1492     1492   (0)     17 :  0.0160 0.0154 0.0032 0.9654 
1493     1493   (0)     17 :  0.0046 0.0054 0.0050 0.9850 
1494     1494   (0)     17 :  0.0106 0.0614 0.0040 0.9240 
1495     1495   (0)     17 :  0.0058 0.0594 0.0268 0.9081 
1496     1496   (0)     17 :  0.1200 0.0170 0.0046 0.8584 
1497     1497   (0)     17 :  0.0084 0.0744 0.0056 0.9116 
1498     1498   (0)     17 :  0.0068 0.0174 0.0030 0.9728 
1499     1499   (0)     17 :  0.0062 0.1196 0.0066 0.8676 
1500     1500   (0)     17 :  0.3853 0.0190 0.0058 0.5899 
1501     1501   (0)     17 :  0.0224 0.2324 0.0074 0.7378 
1502     1502   (0)     17 :  0.0242 0.0326 0.0056 0.9376 
1503     1503   (0)     17 :  0.0104 0.1047 0.0384 0.8465 
1504     1504   (0)     17 :  0.0088 0.0082 0.0154 0.9676 
1505     1505   (0)     17 :  0.0416 0.0250 0.0090 0.9244 
1506     1506   (0)     17 :  0.0152 0.0214 0.0034 0.9600 
1507     1507   (0)     17 :  0.1040 0.1380 0.0046 0.7534 
1508     1508   (0)     17 :  0.0086 0.0438 0.0042 0.9434 
1509     1509   (0)     17 :  0.0062 0.1216 0.0066 0.8656 
1510     1510   (0)     17 :  0.0090 0.0164 0.0024 0.9722 
1511     1511   (0)     17 :  0.0206 0.0474 0.0050 0.9270 
1512     1512   (0)     17 :  0.0072 0.0096 0.0088 0.9744 
1513     1513   (0)     17 :  0.1202 0.0186 0.0072 0.8540 
1514     1514   (0)     17 :  0.1639 0.1134 0.0066 0.7160 
1515     1515   (0)     17 :  0.0038 0.0258 0.0084 0.9620 
1516     1516   (0)     17 :  0.0136 0.0790 0.0054 0.9020 
1517     1517   (0)     17 :  0.0122 0.1254 0.0070 0.8554 
1518     1518   (0)     17 :  0.0206 0.0234 0.0046 0.9514 
1519     1519   (0)     17 :  0.0060 0.0052 0.0114 0.9774 
1520     1520   (0)     17 :  0.0090 0.0096 0.0062 0.9752 
1521     1521   (0)     17 :  0.0192 0.0128 0.0066 0.9614 
1522     1522   (0)     17 :  0.0072 0.0198 0.0106 0.9624 
1523     1523   (0)     17 :  0.0542 0.0252 0.0070 0.9136 
1524     1524   (0)     17 :  0.0074 0.0210 0.0144 0.9572 
1525     1525   (0)     17 :  0.0138 0.0382 0.0056 0.9424 
1526     1526   (0)     17 :  0.1116 0.0404 0.0084 0.8397 
1527     1527   (0)     17 :  0.0654 0.0220 0.0066 0.9060 
1528     1528   (0)     17 :  0.0128 0.0342 0.0058 0.9472 
1529     1529   (0)     17 :  0.0148 0.1346 0.0240 0.8266 
1530     1530   (0)     17 :  0.0522 0.2338 0.0160 0.6980 
1531     1531   (0)     17 :  0.0658 0.0878 0.0070 0.8395 
1532     1532   (0)     17 :  0.0078 0.1767 0.0172 0.7983 
1533     1533   (0)     17 :  0.0598 0.0338 0.0052 0.9012 
1534     1534   (0)     17 :  0.0076 0.0298 0.0056 0.9570 
1535     1535   (0)     17 :  0.0160 0.0232 0.0078 0.9530 
1536     1536   (0)     17 :  0.0072 0.0116 0.0090 0.9722 
1537     1537   (0)     17 :  0.0096 0.0126 0.0084 0.9694 
1538     1538   (0)     17 :  0.0170 0.0296 0.0084 0.9450 
1539     1539   (0)     17 :  0.0050 0.0088 0.0056 0.9806 
1540     1540   (0)     17 :  0.0338 0.2431 0.0076 0.7155 
1541     1541   (0)     17 :  0.0090 0.0448 0.0200 0.9262 
1542     1542   (0)     17 :  0.0108 0.0296 0.0030 0.9566 
1543     1543   (0)     17 :  0.0074 0.1124 0.0058 0.8744 
1544     1544   (0)     17 :  0.1022 0.0220 0.0154 0.8603 
1545     1545   (0)     17 :  0.0174 0.0765 0.0126 0.8935 
1546     1546   (0)     17 :  0.0072 0.0340 0.0042 0.9546 
1547     1547   (0)     17 :  0.0056 0.1097 0.0042 0.8805 
1548     1548   (0)     17 :  0.0206 0.0700 0.0048 0.9046 
1549     1549   (0)     17 :  0.0120 0.0444 0.0112 0.9324 
1550     1550   (0)     17 :  0.0046 0.0162 0.0324 0.9468 
1551     1551   (0)     18 :  0.0042 0.0036 0.9872 0.0050 
1552     1552   (0)     18 :  0.0074 0.0876 0.8904 0.0146 
1553     1553   (0)     18 :  0.0030 0.0026 0.9912 0.0032 
1554     1554   (0)     18 :  0.0026 0.0032 0.9894 0.0048 
1555     1555   (0)     18 :  0.0030 0.0046 0.9878 0.0046 
1556     1556   (0)     18 :  0.0030 0.0128 0.9806 0.0036 
1557     1557   (0)     18 :  0.0070 0.1510 0.8036 0.0384 
1558     1558   (0)     18 :  0.0194 0.0142 0.9600 0.0064 
1559     1559   (0)     18 :  0.0034 0.0044 0.9886 0.0036 
1560     1560   (0)     18 :  0.0070 0.1544 0.8302 0.0084 
1561     1561   (0)     18 :  0.0030 0.0324 0.9568 0.0078 
1562     1562   (0)     18 :  0.0100 0.1086 0.8607 0.0206 
1563     1563   (0)     18 :  0.0962 0.0500 0.8228 0.0310 
1564     1564   (0)     18 :  0.0054 0.0318 0.9498 0.0130 
1565     1565   (0)     18 :  0.0042 0.0046 0.9854 0.0058 
1566     1566   (0)     18 :  0.0024 0.0506 0.9434 0.0036 
1567     1567   (0)     18 :  0.0210 0.0500 0.9206 0.0084 
1568     1568   (0)     18 :  0.0374 0.0154 0.9322 0.0150 
1569     1569   (0)     18 :  0.0078 0.0244 0.9602 0.0076 
1570     1570   (0)     18 :  0.0022 0.0032 0.9894 0.0052 
1571     1571   (0)     18 :  0.0038 0.0080 0.9814 0.0068 
1572     1572   (0)     18 :  0.0042 0.1357 0.8527 0.0074 
1573     1573   (0)     18 :  0.0042 0.0168 0.9240 0.0550 
1574     1574   (0)     18 :  0.0190 0.0114 0.9600 0.0096 
1575     1575   (0)     18 :  0.0156 0.0050 0.9734 0.0060 
1576     1576   (0)     18 :  0.0058 0.0588 0.9238 0.0116 
1577     1577   (0)     18 :  0.0174 0.0242 0.9458 0.0126 
1578     1578   (0)     18 :  0.0094 0.0348 0.8956 0.0602 
1579     1579   (0)     18 :  0.0044 0.0038 0.9880 0.0038 
1580     1580   (0)     18 :  0.0094 0.1406 0.8318 0.0182 
1581     1581   (0)     18 :  0.0034 0.0046 0.9866 0.0054 
1582     1582   (0)     18 :  0.0030 0.0080 0.9834 0.0056 
1583     1583   (0)     18 :  0.0190 0.1003 0.8621 0.0186 
1584     1584   (0)     18 :  0.0036 0.0868 0.8996 0.0100 
1585     1585   (0)     18 :  0.0160 0.0948 0.8786 0.0106 
1586     1586   (0)     18 :  0.0040 0.0498 0.9412 0.0050 
1587     1587   (0)     18 :  0.0256 0.0452 0.9220 0.0072 
1588     1588   (0)     18 :  0.0088 0.1180 0.8672 0.0060 
1589     1589   (0)     18 :  0.0068 0.0254 0.9642 0.0036 
1590     1590   (0)     18 :  0.0020 0.0030 0.9918 0.0032 
1591     1591   (0)     18 :  0.0038 0.0036 0.9878 0.0048 
1592     1592   (0)     18 :  0.0208 0.1357 0.8163 0.0272 
1593     1593   (0)     18 :  0.0030 0.0920 0.9002 0.0048 
1594     1594   (0)     18 :  0.0036 0.0532 0.9272 0.0160 
1595     1595   (0)     18 :  0.0112 0.1200 0.8594 0.0094 
1596     1596   (0)     18 :  0.0042 0.0632 0.9278 0.0048 
1597     1597   (0)     18 :  0.0056 0.1686 0.7970 0.0288 
1598     1598   (0)     18 :  0.0022 0.0146 0.9800 0.0032 
1599     1599   (0)     18 :  0.0036 0.2116 0.7792 0.0056 
1600     1600   (0)     18 :  0.0052 0.0092 0.9800 0.0056 
1601     1601   (0)     18 :  0.0054 0.1095 0.8759 0.0092 
1602     1602   (0)     18 :  0.0030 0.0486 0.9304 0.0180 
1603     1603   (0)     18 :  0.0030 0.0878 0.9040 0.0052 
1604     1604   (0)     18 :  0.0092 0.1447 0.8193 0.0268 
1605     1605   (0)     18 :  0.0064 0.1804 0.7872 0.0260 
1606     1606   (0)     18 :  0.0058 0.1192 0.8683 0.0066 
1607     1607   (0)     18 :  0.0094 0.1696 0.7960 0.0250 
1608     1608   (0)     18 :  0.0036 0.1412 0.8446 0.0106 
1609     1609   (0)     18 :  0.0038 0.0060 0.9862 0.0040 
1610     1610   (0)     18 :  0.0048 0.0058 0.9846 0.0048 
1611     1611   (0)     18 :  0.0038 0.0632 0.9288 0.0042 
1612     1612   (0)     18 :  0.0022 0.0030 0.9918 0.0030 
1613     1613   (0)     18 :  0.0128 0.0056 0.9758 0.0058 
1614     1614   (0)     18 :  0.0090 0.1100 0.8640 0.0170 
1615     1615   (0)     18 :  0.0114 0.1330 0.8418 0.0138 
1616     1616   (0)     18 :  0.0162 0.0588 0.9200 0.0050 
1617     1617   (0)     18 :  0.0022 0.0072 0.9688 0.0218 
1618     1618   (0)     18 :  0.0194 0.1142 0.8531 0.0132 
1619     1619   (0)     18 :  0.0198 0.1736 0.7992 0.0074 
1620     1620   (0)     18 :  0.0042 0.0886 0.8998 0.0074 
1621     1621   (0)     18 :  0.0042 0.0838 0.9056 0.0064 
1622     1622   (0)     18 :  0.0298 0.0450 0.9020 0.0232 
1623     1623   (0)     18 :  0.0030 0.0180 0.9740 0.0050 
1624     1624   (0)     18 :  0.0094 0.0110 0.9756 0.0040 
1625     1625   (0)     18 :  0.0030 0.0943 0.8769 0.0258 
1626     1626   (0)     18 :  0.0036 0.1863 0.7934 0.0168 
1627     1627   (0)     18 :  0.0108 0.0860 0.8918 0.0114 
1628     1628   (0)     18 :  0.0050 0.0598 0.9254 0.0098 
1629     1629   (0)     18 :  0.0032 0.1340 0.8570 0.0058 
1630     1630   (0)     18 :  0.0042 0.0038 0.9890 0.0030 
1631     1631   (0)     18 :  0.0184 0.1048 0.8530 0.0238 
1632     1632   (0)     18 :  0.0060 0.0882 0.9008 0.0050 
1633     1633   (0)     18 :  0.0070 0.0636 0.9201 0.0092 
1634     1634   (0)     18 :  0.0064 0.0819 0.8861 0.0256 
1635     1635   (0)     18 :  0.0026 0.0076 0.9868 0.0030 
1636     1636   (0)     18 :  0.0066 0.1321 0.8447 0.0166 
1637     1637   (0)     18 :  0.0054 0.0296 0.9498 0.0152 
1638     1638   (0)     18 :  0.0030 0.0714 0.9214 0.0042 
1639     1639   (0)     18 :  0.0056 0.0090 0.9478 0.0376 
1640     1640   (0)     18 :  0.0254 0.1147 0.8521 0.0078 
1641     1641   (0)     18 :  0.0038 0.0062 0.9824 0.0076 
1642     1642   (0)     18 :  0.0046 0.0290 0.9566 0.0098 
1643     1643   (0)     18 :  0.0196 0.0114 0.9558 0.0132 
1644     1644   (0)     18 :  0.0142 0.1379 0.8127 0.0352 
1645     1645   (0)     18 :  0.0050 0.0050 0.9834 0.0066 
1646     1646   (0)     18 :  0.0054 0.0863 0.9021 0.0062 
1647     1647   (0)     18 :  0.0176 0.0532 0.9022 0.0270 
1648     1648   (0)     18 :  0.0052 0.0184 0.9538 0.0226 
1649     1649   (0)     18 :  0.0036 0.0284 0.9618 0.0062 
1650     1650   (0)     18 :  0.0042 0.0040 0.9882 0.0036 
1651     1651   (0)     19 :  0.9208 0.0626 0.0110 0.0056 
1652     1652   (0)     19 :  0.9022 0.0396 0.0092 0.0490 
1653     1653   (0)     19 :  0.9280 0.0522 0.0144 0.0054 
1654     1654   (0)     19 :  0.8576 0.0772 0.0062 0.0590 
1655     1655   (0)     19 :  0.8681 0.1226 0.0034 0.0060 
1656     1656   (0)     19 :  0.9620 0.0300 0.0038 0.0042 
1657     1657   (0)     19 :  0.8636 0.1270 0.0042 0.0052 
1658     1658   (0)     19 :  0.9080 0.0838 0.0042 0.0040 
1659     1659   (0)     19 :  0.9880 0.0056 0.0032 0.0032 
1660     1660   (0)     19 :  0.9329 0.0573 0.0054 0.0044 
1661     1661   (0)     19 :  0.9406 0.0172 0.0284 0.0138 
1662     1662   (0)     19 :  0.9858 0.0050 0.0038 0.0054 
1663     1663   (0)     19 :  0.9256 0.0658 0.0034 0.0052 
1664     1664   (0)     19 :  0.9552 0.0196 0.0050 0.0202 
1665     1665   (0)     19 :  0.9486 0.0330 0.0076 0.0108 
1666     1666   (0)     19 :  0.8246 0.1444 0.0230 0.0080 
1667     1667   (0)     19 :  0.9382 0.0498 0.0080 0.0040 
1668     1668   (0)     19 :  0.9428 0.0468 0.0030 0.0074 
1669     1669   (0)     19 :  0.9342 0.0356 0.0138 0.0164 
1670     1670   (0)     19 :  0.9864 0.0056 0.0038 0.0042 
1671     1671   (0)     19 :  0.9598 0.0302 0.0032 0.0068 
1672     1672   (0)     19 :  0.9444 0.0140 0.0072 0.0344 
1673     1673   (0)     19 :  0.7869 0.2009 0.0070 0.0052 
1674     1674   (0)     19 :  0.8025 0.1639 0.0046 0.0290 
1675     1675   (0)     19 :  0.7918 0.1856 0.0096 0.0130 
1676     1676   (0)     19 :  0.9236 0.0630 0.0034 0.0100 
1677     1677   (0)     19 :  0.9718 0.0152 0.0034 0.0096 
1678     1678   (0)     19 :  0.9382 0.0362 0.0058 0.0198 
1679     1679   (0)     19 :  0.9648 0.0186 0.0040 0.0126 
1680     1680   (0)     19 :  0.9224 0.0280 0.0030 0.0466 
1681     1681   (0)     19 :  0.8927 0.0987 0.0030 0.0056 
1682     1682   (0)     19 :  0.9284 0.0378 0.0100 0.0238 
1683     1683   (0)     19 :  0.8174 0.1580 0.0072 0.0174 
1684     1684   (0)     19 :  0.9850 0.0040 0.0060 0.0050 
1685     1685   (0)     19 :  0.8374 0.1518 0.0054 0.0054 
1686     1686   (0)     19 :  0.9190 0.0698 0.0066 0.0046 
1687     1687   (0)     19 :  0.9030 0.0712 0.0030 0.0228 
1688     1688   (0)     19 :  0.9778 0.0156 0.0036 0.0030 
1689     1689   (0)     19 :  0.8922 0.1008 0.0034 0.0036 
1690     1690   (0)     19 :  0.9432 0.0318 0.0130 0.0120 
1691     1691   (0)     19 :  0.7781 0.2024 0.0070 0.0124 
1692     1692   (0)     19 :  0.9742 0.0088 0.0100 0.0070 
1693     1693   (0)     19 :  0.9688 0.0212 0.0034 0.0066 
1694     1694   (0)     19 :  0.7769 0.0730 0.1305 0.0196 
1695     1695   (0)     19 :  0.9312 0.0304 0.0254 0.0130 
1696     1696   (0)     19 :  0.9150 0.0528 0.0062 0.0260 
1697     1697   (0)     19 :  0.9896 0.0040 0.0032 0.0032 
1698     1698   (0)     19 :  0.9854 0.0070 0.0040 0.0036 
1699     1699   (0)     19 :  0.8619 0.1279 0.0036 0.0066 
1700     1700   (0)     19 :  0.9196 0.0702 0.0054 0.0048 
1701     1701   (0)     19 :  0.8255 0.1623 0.0036 0.0086 
1702     1702   (0)     19 :  0.9576 0.0226 0.0108 0.0090 
1703     1703   (0)     19 :  0.9260 0.0586 0.0102 0.0052 
1704     1704   (0)     19 :  0.9538 0.0274 0.0096 0.0092 
1705     1705   (0)     19 :  0.9890 0.0040 0.0030 0.0040 
1706     1706   (0)     19 :  0.9510 0.0354 0.0044 0.0092 
1707     1707   (0)     19 :  0.8926 0.0764 0.0026 0.0284 
1708     1708   (0)     19 :  0.9258 0.0682 0.0028 0.0032 
1709     1709   (0)     19 :  0.9780 0.0108 0.0058 0.0054 
1710     1710   (0)     19 :  0.9592 0.0196 0.0116 0.0096 
1711     1711   (0)     19 :  0.9496 0.0410 0.0048 0.0046 
1712     1712   (0)     19 :  0.9768 0.0170 0.0030 0.0032 
1713     1713   (0)     19 :  0.8148 0.1675 0.0046 0.0130 
1714     1714   (0)     19 :  0.9416 0.0162 0.0070 0.0352 
1715     1715   (0)     19 :  0.9588 0.0288 0.0070 0.0054 
1716     1716   (0)     19 :  0.8138 0.1494 0.0064 0.0304 
1717     1717   (0)     19 :  0.9740 0.0138 0.0032 0.0090 
1718     1718   (0)     19 :  0.9346 0.0502 0.0046 0.0106 
1719     1719   (0)     19 :  0.9602 0.0204 0.0054 0.0140 
1720     1720   (0)     19 :  0.9662 0.0196 0.0044 0.0098 
1721     1721   (0)     19 :  0.9782 0.0052 0.0122 0.0044 
1722     1722   (0)     19 :  0.9872 0.0044 0.0048 0.0036 
1723     1723   (0)     19 :  0.9564 0.0370 0.0026 0.0040 
1724     1724   (0)     19 :  0.8920 0.0952 0.0054 0.0074 
1725     1725   (0)     19 :  0.9714 0.0226 0.0030 0.0030 
1726     1726   (0)     19 :  0.9179 0.0684 0.0064 0.0072 
1727     1727   (0)     19 :  0.9884 0.0066 0.0020 0.0030 
1728     1728   (0)     19 :  0.9702 0.0232 0.0030 0.0036 
1729     1729   (0)     19 :  0.9690 0.0126 0.0058 0.0126 
1730     1730   (0)     19 :  0.8799 0.1135 0.0036 0.0030 
1731     1731   (0)     19 :  0.9668 0.0216 0.0054 0.0062 
1732     1732   (0)     19 :  0.9486 0.0400 0.0028 0.0086 
1733     1733   (0)     19 :  0.8144 0.1564 0.0138 0.0154 
1734     1734   (0)     19 :  0.8986 0.0820 0.0096 0.0098 
1735     1735   (0)     19 :  0.9884 0.0040 0.0038 0.0038 
1736     1736   (0)     19 :  0.9598 0.0148 0.0052 0.0202 
1737     1737   (0)     19 :  0.9720 0.0190 0.0038 0.0052 
1738     1738   (0)     19 :  0.8932 0.0416 0.0502 0.0150 
1739     1739   (0)     19 :  0.9256 0.0418 0.0180 0.0146 
1740     1740   (0)     19 :  0.8978 0.0700 0.0212 0.0110 
1741     1741   (0)     19 :  0.9510 0.0398 0.0026 0.0066 
1742     1742   (0)     19 :  0.9384 0.0444 0.0066 0.0106 
1743     1743   (0)     19 :  0.9712 0.0214 0.0024 0.0050 
1744     1744   (0)     19 :  0.9606 0.0326 0.0030 0.0038 
1745     1745   (0)     19 :  0.9168 0.0532 0.0204 0.0096 
1746     1746   (0)     19 :  0.9870 0.0042 0.0046 0.0042 
1747     1747   (0)     19 :  0.9446 0.0414 0.0056 0.0084 
1748     1748   (0)     19 :  0.9878 0.0058 0.0022 0.0042 
1749     1749   (0)     19 :  0.9784 0.0144 0.0030 0.0042 
1750     1750   (0)     19 :  0.9894 0.0038 0.0038 0.0030 
1751     1751   (0)     20 :  0.2617 0.5201 0.0104 0.2078 
1752     1752   (0)     20 :  0.4062 0.3852 0.0130 0.1956 
1753     1753   (0)     20 :  0.2622 0.4820 0.0238 0.2320 
1754     1754   (0)     20 :  0.3304 0.4064 0.0104 0.2528 
1755     1755   (0)     20 :  0.2716 0.3758 0.1618 0.1908 
1756     1756   (0)     20 :  0.3870 0.3994 0.0112 0.2024 
1757     1757   (0)     20 :  0.3438 0.4048 0.0260 0.2254 
1758     1758   (0)     20 :  0.3688 0.4024 0.0212 0.2076 
1759     1759   (0)     20 :  0.2746 0.4924 0.0162 0.2168 
1760     1760   (0)     20 :  0.3534 0.4496 0.0060 0.1910 
1761     1761   (0)     20 :  0.3628 0.4410 0.0210 0.1752 
1762     1762   (0)     20 :  0.3338 0.4784 0.0072 0.1806 
1763     1763   (0)     20 :  0.2726 0.4276 0.0090 0.2908 
1764     1764   (0)     20 :  0.3111 0.4709 0.0062 0.2118 
1765     1765   (0)     20 :  0.3298 0.4552 0.0058 0.2092 
1766     1766   (0)     20 :  0.3806 0.4072 0.0082 0.2040 
1767     1767   (0)     20 :  0.3804 0.4044 0.0122 0.2030 
1768     1768   (0)     20 :  0.3744 0.4042 0.0162 0.2052 
1769     1769   (0)     20 :  0.3916 0.4012 0.0036 0.2036 
1770     1770   (0)     20 :  0.3766 0.4158 0.0040 0.2036 
1771     1771   (0)     20 :  0.4080 0.3948 0.0044 0.1928 
1772     1772   (0)     20 :  0.3666 0.3924 0.0262 0.2148 
1773     1773   (0)     20 :  0.3298 0.3882 0.0102 0.2718 
1774     1774   (0)     20 :  0.2681 0.4999 0.0670 0.1650 
1775     1775   (0)     20 :  0.4032 0.4250 0.0060 0.1658 
1776     1776   (0)     20 :  0.3572 0.3934 0.0430 0.2064 
1777     1777   (0)     20 :  0.2627 0.5410 0.0220 0.1742 
1778     1778   (0)     20 :  0.2929 0.4884 0.0124 0.2062 
1779     1779   (0)     20 :  0.3514 0.3974 0.0672 0.1840 
1780     1780   (0)     20 :  0.2737 0.4366 0.0080 0.2818 
1781     1781   (0)     20 :  0.3432 0.4232 0.0108 0.2228 
1782     1782   (0)     20 :  0.3788 0.4134 0.0100 0.1978 
1783     1783   (0)     20 :  0.3294 0.4186 0.0786 0.1734 
1784     1784   (0)     20 :  0.2745 0.5701 0.0088 0.1466 
1785     1785   (0)     20 :  0.4034 0.3980 0.0058 0.1928 
1786     1786   (0)     20 :  0.3316 0.4434 0.0054 0.2196 
1787     1787   (0)     20 :  0.3282 0.3958 0.0226 0.2534 
1788     1788   (0)     20 :  0.2306 0.5199 0.0950 0.1545 
1789     1789   (0)     20 :  0.2847 0.4026 0.0138 0.2989 
1790     1790   (0)     20 :  0.3508 0.3940 0.0122 0.2430 
1791     1791   (0)     20 :  0.3998 0.3936 0.0064 0.2002 
1792     1792   (0)     20 :  0.3922 0.4140 0.0056 0.1882 
1793     1793   (0)     20 :  0.3460 0.4324 0.0178 0.2038 
1794     1794   (0)     20 :  0.4099 0.4161 0.0042 0.1698 
1795     1795   (0)     20 :  0.3576 0.3908 0.0044 0.2472 
1796     1796   (0)     20 :  0.3436 0.5168 0.0046 0.1350 
1797     1797   (0)     20 :  0.2681 0.4409 0.0322 0.2588 
1798     1798   (0)     20 :  0.2844 0.3840 0.1372 0.1944 
1799     1799   (0)     20 :  0.3900 0.3988 0.0080 0.2032 
1800     1800   (0)     20 :  0.3900 0.4052 0.0088 0.1960 
1801     1801   (0)     20 :  0.3294 0.4142 0.0738 0.1826 
1802     1802   (0)     20 :  0.3300 0.4834 0.0086 0.1780 
1803     1803   (0)     20 :  0.4012 0.4152 0.0100 0.1736 
1804     1804   (0)     20 :  0.3664 0.4092 0.0274 0.1970 
1805     1805   (0)     20 :  0.3464 0.4358 0.0190 0.1988 
1806     1806   (0)     20 :  0.3730 0.3890 0.0220 0.2160 
1807     1807   (0)     20 :  0.3574 0.4226 0.0126 0.2074 
1808     1808   (0)     20 :  0.3352 0.4204 0.0636 0.1808 
1809     1809   (0)     20 :  0.3910 0.4010 0.0068 0.2012 
1810     1810   (0)     20 :  0.2348 0.4848 0.0762 0.2042 
1811     1811   (0)     20 :  0.3398 0.4008 0.0258 0.2336 
1812     1812   (0)     20 :  0.3380 0.4610 0.0054 0.1956 
1813     1813   (0)     20 :  0.2819 0.3954 0.0038 0.3189 
1814     1814   (0)     20 :  0.2155 0.4022 0.0638 0.3185 
1815     1815   (0)     20 :  0.3387 0.5023 0.0032 0.1558 
1816     1816   (0)     20 :  0.3914 0.4122 0.0044 0.1920 
1817     1817   (0)     20 :  0.3132 0.4574 0.0322 0.1972 
1818     1818   (0)     20 :  0.3404 0.4002 0.0216 0.2378 
1819     1819   (0)     20 :  0.3912 0.4032 0.0050 0.2006 
1820     1820   (0)     20 :  0.3368 0.4100 0.0040 0.2492 
1821     1821   (0)     20 :  0.2040 0.3822 0.0092 0.4046 
1822     1822   (0)     20 :  0.3906 0.4168 0.0184 0.1742 
1823     1823   (0)     20 :  0.2575 0.5393 0.0068 0.1964 
1824     1824   (0)     20 :  0.2451 0.3898 0.0226 0.3425 
1825     1825   (0)     20 :  0.3470 0.4412 0.0034 0.2084 
1826     1826   (0)     20 :  0.3382 0.4506 0.0206 0.1906 
1827     1827   (0)     20 :  0.3312 0.4182 0.0140 0.2366 
1828     1828   (0)     20 :  0.3424 0.4306 0.0134 0.2136 
1829     1829   (0)     20 :  0.2941 0.3844 0.1160 0.2054 
1830     1830   (0)     20 :  0.3826 0.3970 0.0222 0.1982 
1831     1831   (0)     20 :  0.3655 0.3998 0.0046 0.2301 
1832     1832   (0)     20 :  0.3728 0.4320 0.0048 0.1904 
1833     1833   (0)     20 :  0.3564 0.4066 0.0072 0.2298 
1834     1834   (0)     20 :  0.2732 0.3838 0.0570 0.2860 
1835     1835   (0)     20 :  0.0814 0.3748 0.1046 0.4392 
1836     1836   (0)     20 :  0.3252 0.4136 0.0594 0.2018 
1837     1837   (0)     20 :  0.4212 0.3906 0.0052 0.1830 
1838     1838   (0)     20 :  0.3836 0.4004 0.0170 0.1990 
1839     1839   (0)     20 :  0.3348 0.4590 0.0032 0.2030 
1840     1840   (0)     20 :  0.3898 0.4000 0.0064 0.2038 
1841     1841   (0)     20 :  0.3376 0.4747 0.0170 0.1708 
1842     1842   (0)     20 :  0.3580 0.4056 0.0340 0.2024 
1843     1843   (0)     20 :  0.3536 0.4010 0.0114 0.2340 
1844     1844   (0)     20 :  0.4108 0.3984 0.0058 0.1850 
1845     1845   (0)     20 :  0.3586 0.4620 0.0036 0.1758 
1846     1846   (0)     20 :  0.3426 0.3946 0.0114 0.2514 
1847     1847   (0)     20 :  0.3834 0.4234 0.0096 0.1836 
1848     1848   (0)     20 :  0.3284 0.4994 0.0042 0.1681 
1849     1849   (0)     20 :  0.3700 0.3970 0.0444 0.1886 
1850     1850   (0)     20 :  0.3658 0.4032 0.0050 0.2260 
1851     1851  (10)     21 :  0.0062 0.0108 0.0060 0.9770 
1852     1852   (0)     21 :  0.0610 0.1365 0.0100 0.7925 
1853     1853   (0)     21 :  0.0056 0.0168 0.1442 0.8334 
1854     1854   (0)     21 :  0.0066 0.0058 0.0124 0.9752 
1855     1855   (0)     21 :  0.1336 0.0546 0.0056 0.8062 
1856     1856   (5)     21 :  0.0960 0.0368 0.0064 0.8608 
1857     1857   (0)     21 :  0.0048 0.0064 0.0058 0.9830 
1858     1858   (0)     21 :  0.0074 0.0060 0.0028 0.9838 
1859     1859   (0)     21 :  0.0080 0.0064 0.2320 0.7536 
1860     1860   (0)     21 :  0.0288 0.0260 0.0032 0.9420 
1861     1861   (0)     21 :  0.0110 0.0090 0.5505 0.4295 
1862     1862   (0)     21 :  0.0048 0.0062 0.0128 0.9762 
1863     1863   (0)     21 :  0.0048 0.0064 0.0106 0.9782 
1864     1864   (0)     21 :  0.0104 0.0084 0.0050 0.9762 
1865     1865   (5)     21 :  0.0030 0.0044 0.0238 0.9688 
1866     1866   (0)     21 :  0.0048 0.0074 0.0058 0.9820 
1867     1867   (0)     21 :  0.0070 0.0086 0.0178 0.9666 
1868     1868   (0)     21 :  0.0050 0.0040 0.0238 0.9672 
1869     1869   (0)     21 :  0.0198 0.0560 0.0058 0.9184 
1870     1870   (0)     21 :  0.0040 0.0038 0.0054 0.9868 
1871     1871   (0)     21 :  0.0062 0.0062 0.0048 0.9828 
1872     1872   (5)     21 :  0.0072 0.0052 0.0104 0.9772 
1873     1873   (5)     21 :  0.0054 0.0076 0.1676 0.8194 
1874     1874   (5)     21 :  0.0098 0.0062 0.0116 0.9724 
1875     1875   (0)     21 :  0.0118 0.0090 0.0032 0.9760 
1876     1876   (0)     21 :  0.0046 0.0046 0.0042 0.9866 
1877     1877   (0)     21 :  0.0074 0.0122 0.0140 0.9664 
1878     1878   (0)     21 :  0.0140 0.0062 0.0032 0.9766 
1879     1879   (0)     21 :  0.0064 0.0140 0.0072 0.9724 
1880     1880   (0)     21 :  0.0058 0.0088 0.0160 0.9694 
1881     1881   (0)     21 :  0.0048 0.0072 0.0618 0.9262 
1882     1882   (0)     21 :  0.0044 0.0048 0.0110 0.9798 
1883     1883   (0)     21 :  0.0104 0.0134 0.0058 0.9704 
1884     1884   (0)     21 :  0.0044 0.0046 0.0208 0.9702 
1885     1885   (0)     21 :  0.0164 0.0324 0.0050 0.9462 
1886     1886   (0)     21 :  0.0076 0.0062 0.0756 0.9106 
1887     1887   (5)     21 :  0.0086 0.0146 0.0226 0.9542 
1888     1888   (0)     21 :  0.0058 0.0124 0.0126 0.9692 
1889     1889   (0)     21 :  0.0068 0.0078 0.0094 0.9760 
1890     1890   (0)     21 :  0.0046 0.0058 0.0096 0.9800 
1891     1891   (0)     21 :  0.0096 0.0088 0.0138 0.9678 
1892     1892   (0)     21 :  0.0056 0.0058 0.0138 0.9748 
1893     1893   (5)     21 :  0.0054 0.0068 0.0250 0.9628 
1894     1894   (5)     21 :  0.0132 0.0110 0.0132 0.9626 
1895     1895   (5)     21 :  0.0094 0.0070 0.0360 0.9476 
1896     1896   (5)     21 :  0.0062 0.0072 0.0216 0.9650 
1897     1897   (5)     21 :  0.0058 0.0090 0.0172 0.9680 
1898     1898   (5)     21 :  0.0068 0.0134 0.0160 0.9638 
1899     1899   (0)     21 :  0.0056 0.0042 0.0094 0.9808 
1900     1900   (5)     21 :  0.0052 0.0078 0.0140 0.9730 
1901     1901   (0)     21 :  0.0172 0.0194 0.0084 0.9550 
1902     1902   (0)     21 :  0.0268 0.0178 0.0432 0.9122 
1903     1903   (0)     21 :  0.0046 0.0088 0.0204 0.9662 
1904     1904   (0)     21 :  0.0038 0.0058 0.0052 0.9852 
1905     1905   (0)     21 :  0.0578 0.0086 0.0100 0.9236 
1906     1906   (0)     21 :  0.0048 0.0058 0.0130 0.9764 
1907     1907   (0)     21 :  0.0058 0.0046 0.0180 0.9716 
1908     1908   (0)     21 :  0.0050 0.0048 0.0074 0.9828 
1909     1909   (0)     21 :  0.0054 0.0040 0.1072 0.8834 
1910     1910   (0)     21 :  0.0052 0.0064 0.0112 0.9772 
1911     1911   (0)     21 :  0.0174 0.0132 0.0042 0.9652 
1912     1912   (0)     21 :  0.9878 0.0042 0.0038 0.0042 
1913     1913   (0)     21 :  0.0040 0.0034 0.0140 0.9786 
1914     1914   (0)     21 :  0.0062 0.0050 0.0126 0.9762 
1915     1915   (0)     21 :  0.0050 0.0058 0.0062 0.9830 
1916     1916   (0)     21 :  0.0204 0.0142 0.0064 0.9590 
1917     1917   (0)     21 :  0.0106 0.0054 0.0026 0.9814 
1918     1918   (0)     21 :  0.1088 0.0222 0.2935 0.5755 
1919     1919   (0)     21 :  0.0090 0.0184 0.0476 0.9250 
1920     1920   (0)     21 :  0.0262 0.1462 0.0706 0.7570 
1921     1921   (0)     21 :  0.0092 0.0064 0.0072 0.9772 
1922     1922   (0)     21 :  0.0060 0.0064 0.0078 0.9798 
1923     1923   (0)     21 :  0.0042 0.0058 0.0104 0.9796 
1924     1924   (0)     21 :  0.0218 0.0176 0.0088 0.9518 
1925     1925   (0)     21 :  0.0074 0.0060 0.0082 0.9784 
1926     1926   (0)     21 :  0.0068 0.0050 0.0052 0.9830 
1927     1927   (0)     21 :  0.0104 0.0052 0.0056 0.9788 
1928     1928   (0)     21 :  0.0058 0.0092 0.0620 0.9230 
1929     1929   (0)     21 :  0.0082 0.0072 0.0410 0.9436 
1930     1930   (0)     21 :  0.0096 0.0112 0.0056 0.9736 
1931     1931   (0)     21 :  0.0060 0.0034 0.7910 0.1996 
1932     1932   (0)     21 :  0.0084 0.0262 0.0078 0.9576 
1933     1933   (0)     21 :  0.0114 0.0226 0.0092 0.9568 
1934     1934   (0)     21 :  0.0080 0.0180 0.0134 0.9606 
1935     1935   (0)     21 :  0.0100 0.0076 0.0078 0.9746 
1936     1936   (0)     21 :  0.0128 0.0082 0.0066 0.9724 
1937     1937   (0)     21 :  0.0164 0.0068 0.0032 0.9736 
1938     1938   (0)     21 :  0.0050 0.0058 0.0230 0.9662 
1939     1939   (0)     21 :  0.0062 0.0038 0.0136 0.9764 
1940     1940   (0)     21 :  0.0080 0.0038 0.0110 0.9772 
1941     1941   (0)     21 :  0.0046 0.0120 0.0176 0.9658 
1942     1942   (0)     21 :  0.0106 0.0084 0.0058 0.9752 
1943     1943  (10)     21 :  0.0062 0.0064 0.6631 0.3243 
1944     1944   (0)     21 :  0.0064 0.0058 0.0250 0.9628 
1945     1945   (0)     21 :  0.0056 0.0228 0.0092 0.9624 
1946     1946   (0)     21 :  0.0166 0.0386 0.0824 0.8624 
1947     1947   (0)     21 :  0.0116 0.0080 0.0858 0.8946 
1948     1948   (0)     21 :  0.0138 0.0172 0.0058 0.9632 
1949     1949   (0)     21 :  0.0092 0.0060 0.0082 0.9766 
1950     1950   (0)     21 :  0.0064 0.0052 0.0180 0.9704 
1951     1951   (0)     21 :  0.0042 0.0038 0.0054 0.9866 
1952     1952   (0)     21 :  0.0034 0.0044 0.0106 0.9816 
1953     1953   (0)     21 :  0.0062 0.0060 0.0234 0.9644 
1954     1954   (0)     21 :  0.0048 0.0056 0.0096 0.9800 
1955     1955   (0)     21 :  0.0038 0.0050 0.0166 0.9746 
1956     1956   (0)     22 :  0.0042 0.0226 0.0074 0.9658 
1957     1957  (10)     22 :  0.0046 0.0078 0.0168 0.9708 
1958     1958  (10)     22 :  0.0788 0.0192 0.0118 0.8902 
1959     1959   (5)     22 :  0.0044 0.0054 0.0146 0.9756 
1960     1960   (5)     22 :  0.0070 0.0044 0.0290 0.9596 
1961     1961   (0)     22 :  0.0062 0.0048 0.0312 0.9578 
1962     1962   (5)     22 :  0.0186 0.0050 0.0906 0.8859 
1963     1963   (5)     22 :  0.0042 0.0062 0.1434 0.8462 
1964     1964   (0)     22 :  0.0040 0.0036 0.0222 0.9702 
1965     1965   (0)     22 :  0.0038 0.0040 0.0124 0.9798 
1966     1966   (0)     22 :  0.0036 0.0040 0.0122 0.9802 
1967     1967   (0)     22 :  0.0046 0.0032 0.0078 0.9844 
1968     1968   (0)     22 :  0.0096 0.0050 0.0086 0.9768 
1969     1969   (5)     22 :  0.0060 0.0070 0.0104 0.9766 
1970     1970   (5)     22 :  0.0126 0.0200 0.0112 0.9562 
1971     1971  (10)     22 :  0.0042 0.0064 0.0166 0.9728 
1972     1972   (0)     22 :  0.0046 0.0040 0.0078 0.9836 
1973     1973   (5)     22 :  0.0174 0.0078 0.0568 0.9180 
1974     1974   (5)     22 :  0.0160 0.0064 0.0052 0.9724 
1975     1975   (0)     22 :  0.0058 0.0040 0.0072 0.9830 
1976     1976   (5)     22 :  0.0050 0.0044 0.0442 0.9464 
1977     1977   (0)     22 :  0.0206 0.0146 0.0062 0.9586 
1978     1978   (5)     22 :  0.0164 0.0038 0.0300 0.9498 
1979     1979   (0)     22 :  0.0032 0.0042 0.0552 0.9374 
1980     1980   (0)     22 :  0.0080 0.0068 0.0774 0.9078 
1981     1981   (0)     22 :  0.0122 0.0076 0.0132 0.9670 
1982     1982   (0)     22 :  0.0044 0.0040 0.0772 0.9144 
1983     1983   (0)     22 :  0.0042 0.0134 0.0214 0.9610 
1984     1984   (0)     22 :  0.0054 0.0098 0.1885 0.7963 
1985     1985   (0)     22 :  0.0128 0.0148 0.0328 0.9396 
1986     1986   (0)     22 :  0.0074 0.0066 0.0074 0.9786 
1987     1987   (0)     22 :  0.0066 0.0112 0.1422 0.8400 
1988     1988   (0)     22 :  0.0052 0.0174 0.0326 0.9448 
1989     1989   (0)     22 :  0.0040 0.0060 0.0066 0.9834 
1990     1990   (0)     22 :  0.0088 0.0130 0.0088 0.9694 
1991     1991   (0)     22 :  0.0048 0.0040 0.0064 0.9848 
1992     1992   (0)     22 :  0.0056 0.0084 0.0036 0.9824 
1993     1993   (0)     22 :  0.0030 0.0048 0.0062 0.9860 
1994     1994   (5)     22 :  0.0088 0.0054 0.0102 0.9756 
1995     1995   (5)     22 :  0.0132 0.0056 0.0356 0.9456 
1996     1996   (0)     22 :  0.0130 0.0062 0.0044 0.9764 
1997     1997  (15)     22 :  0.0284 0.0160 0.0110 0.9446 
1998     1998  (10)     22 :  0.0040 0.0038 0.0556 0.9366 
1999     1999  (10)     22 :  0.0070 0.0054 0.0086 0.9790 
2000     2000  (10)     22 :  0.0082 0.0114 0.0104 0.9700 
2001     2001   (5)     22 :  0.0172 0.0136 0.0152 0.9540 
2002     2002   (5)     22 :  0.0066 0.0068 0.0210 0.9656 
2003     2003   (5)     22 :  0.0146 0.0082 0.0042 0.9730 
2004     2004   (5)     22 :  0.0050 0.0038 0.0338 0.9574 
2005     2005   (5)     22 :  0.0066 0.0054 0.0060 0.9820 
2006     2006   (5)     22 :  0.0068 0.0058 0.0060 0.9814 
2007     2007  (15)     22 :  0.0100 0.0104 0.0128 0.9668 
2008     2008   (5)     22 :  0.0034 0.0124 0.0124 0.9718 
2009     2009   (5)     22 :  0.0040 0.0038 0.0106 0.9816 
2010     2010  (15)     22 :  0.0062 0.0060 0.0224 0.9654 
2011     2011   (5)     22 :  0.0106 0.0278 0.0114 0.9502 
2012     2012   (5)     22 :  0.0872 0.0518 0.0194 0.8416 
2013     2013   (5)     22 :  0.0076 0.0054 0.0052 0.9818 
2014     2014   (5)     22 :  0.0046 0.0040 0.0444 0.9470 
2015     2015  (10)     22 :  0.0092 0.0058 0.0086 0.9764 
2016     2016   (5)     22 :  0.0040 0.0042 0.1636 0.8281 
2017     2017   (5)     22 :  0.0076 0.0050 0.0030 0.9844 
2018     2018  (10)     22 :  0.0054 0.0050 0.0642 0.9254 
2019     2019  (10)     22 :  0.0086 0.0092 0.0086 0.9736 
2020     2020  (10)     22 :  0.0088 0.0210 0.0096 0.9606 
2021     2021  (10)     22 :  0.0140 0.0416 0.0382 0.9062 
2022     2022   (5)     22 :  0.0070 0.0080 0.0108 0.9742 
2023     2023  (10)     22 :  0.1964 0.0296 0.0170 0.7570 
2024     2024   (0)     22 :  0.0078 0.0050 0.0992 0.8880 
2025     2025   (5)     22 :  0.0056 0.0052 0.0926 0.8966 
2026     2026   (0)     22 :  0.0034 0.0040 0.0098 0.9828 
2027     2027   (0)     22 :  0.0030 0.0028 0.0046 0.9896 
2028     2028   (0)     22 :  0.0038 0.0052 0.0076 0.9834 
2029     2029   (0)     22 :  0.0070 0.0188 0.0176 0.9566 
2030     2030   (0)     22 :  0.0110 0.0038 0.0074 0.9778 
2031     2031   (0)     22 :  0.0046 0.0094 0.0424 0.9436 
2032     2032   (0)     22 :  0.0094 0.0070 0.1338 0.8498 
2033     2033  (10)     22 :  0.0052 0.0074 0.0120 0.9754 
2034     2034  (10)     22 :  0.0094 0.0198 0.0064 0.9644 
2035     2035   (0)     22 :  0.0048 0.0094 0.0190 0.9668 
2036     2036   (5)     22 :  0.0120 0.0372 0.0082 0.9426 
2037     2037   (0)     22 :  0.0128 0.0118 0.0186 0.9568 
2038     2038   (5)     22 :  0.0068 0.0132 0.0070 0.9730 
2039     2039   (5)     22 :  0.0076 0.0044 0.0270 0.9610 
2040     2040   (5)     22 :  0.0138 0.0074 0.0428 0.9360 
2041     2041  (10)     22 :  0.0034 0.0044 0.0142 0.9780 
2042     2042   (0)     22 :  0.0042 0.0040 0.0062 0.9856 
2043     2043   (0)     22 :  0.0052 0.0052 0.0096 0.9800 
2044     2044   (0)     22 :  0.0420 0.0244 0.0054 0.9282 
2045     2045   (0)     22 :  0.0066 0.0040 0.0054 0.9840 
2046     2046   (0)     22 :  0.0090 0.0064 0.0088 0.9758 
2047     2047   (0)     22 :  0.0048 0.0040 0.0062 0.9850 
2048     2048   (0)     22 :  0.0084 0.0478 0.1018 0.8420 
2049     2049   (0)     22 :  0.0100 0.0068 0.0076 0.9756 
2050     2050   (0)     22 :  0.0042 0.0038 0.0400 0.9520 
2051     2051   (0)     22 :  0.0086 0.0074 0.0078 0.9762 
2052     2052   (0)     22 :  0.0072 0.0058 0.0072 0.9798 
2053     2053   (0)     22 :  0.0118 0.0114 0.0362 0.9406 
2054     2054   (0)     22 :  0.0196 0.0218 0.0122 0.9464 
2055     2055   (0)     22 :  0.0512 0.0172 0.0114 0.9202 
2056     2056   (0)     22 :  0.0196 0.0908 0.0568 0.8328 
2057     2057   (0)     22 :  0.0044 0.0112 0.0100 0.9744 
2058     2058   (0)     22 :  0.0048 0.0050 0.0116 0.9786 
2059     2059   (5)     22 :  0.0108 0.0076 0.0070 0.9746 
2060     2060   (0)     22 :  0.0094 0.0120 0.0208 0.9578 
2061     2061   (5)     22 :  0.0234 0.1738 0.0058 0.7970 
2062     2062   (0)     22 :  0.0090 0.0154 0.0060 0.9696 
2063     2063   (0)     22 :  0.0104 0.0064 0.1682 0.8150 
2064     2064   (0)     22 :  0.0392 0.0060 0.0110 0.9438 
2065     2065   (0)     22 :  0.0044 0.0050 0.0128 0.9778 
2066     2066   (0)     22 :  0.0046 0.0044 0.0122 0.9788 
2067     2067   (0)     22 :  0.0206 0.0110 0.0256 0.9428 
2068     2068   (0)     22 :  0.0034 0.0048 0.0406 0.9512 
2069     2069   (0)     22 :  0.0030 0.0036 0.0060 0.9874 
2070     2070   (0)     22 :  0.0062 0.0048 0.0096 0.9794 
2071     2071   (0)     22 :  0.0046 0.0040 0.0064 0.9850 
2072     2072   (0)     22 :  0.0122 0.0140 0.1218 0.8520 
2073     2073   (0)     22 :  0.0072 0.0040 0.0066 0.9822 
2074     2074   (0)     22 :  0.0048 0.0114 0.0056 0.9782 
2075     2075   (5)     22 :  0.0066 0.0050 0.0098 0.9786 
2076     2076   (0)     22 :  0.0056 0.0058 0.0156 0.9730 
2077     2077   (0)     22 :  0.0200 0.0088 0.0194 0.9518 
2078     2078   (0)     22 :  0.0046 0.0090 0.0152 0.9712 
2079     2079  (10)     22 :  0.0048 0.0062 0.0326 0.9564 
2080     2080   (0)     22 :  0.0034 0.0056 0.0074 0.9836 
2081     2081   (0)     22 :  0.0030 0.0036 0.0148 0.9786 
2082     2082   (0)     22 :  0.0044 0.0064 0.0096 0.9796 
2083     2083  (10)     22 :  0.0036 0.0038 0.0052 0.9874 
2084     2084   (5)     22 :  0.0134 0.0090 0.0070 0.9706 
2085     2085   (0)     22 :  0.0066 0.0092 0.0102 0.9740 
2086     2086   (5)     22 :  0.0038 0.0052 0.0072 0.9838 
2087     2087   (5)     22 :  0.0038 0.0122 0.0060 0.9780 
2088     2088  (10)     22 :  0.0108 0.0078 0.0060 0.9754 
2089     2089   (0)     22 :  0.0034 0.0048 0.0170 0.9748 
2090     2090   (5)     22 :  0.0352 0.0206 0.0082 0.9360 
2091     2091  (10)     22 :  0.0044 0.0050 0.0230 0.9676 
2092     2092   (0)     22 :  0.0228 0.0118 0.0064 0.9590 
2093     2093   (0)     22 :  0.0088 0.0274 0.0174 0.9464 
2094     2094   (0)     22 :  0.0342 0.0526 0.0050 0.9082 
2095     2095   (0)     22 :  0.0920 0.0108 0.0156 0.8816 
2096     2096   (0)     22 :  0.0056 0.0096 0.0166 0.9682 
2097     2097   (0)     22 :  0.0046 0.0094 0.0052 0.9808 
2098     2098   (0)     22 :  0.0060 0.0044 0.0286 0.9610 
2099     2099   (0)     22 :  0.0086 0.0050 0.0290 0.9574 
2100     2100   (0)     22 :  0.0034 0.0046 0.0200 0.9720 
2101     2101   (5)     22 :  0.0156 0.0112 0.0040 0.9692 
2102     2102   (0)     22 :  0.0030 0.0036 0.0136 0.9798 
2103     2103   (0)     22 :  0.0524 0.0106 0.3546 0.5824 
2104     2104   (0)     22 :  0.0080 0.0054 0.0066 0.9800 
2105     2105   (5)     22 :  0.0072 0.0098 0.0202 0.9628 
2106     2106   (0)     22 :  0.0038 0.0068 0.0144 0.9750 
2107     2107   (0)     22 :  0.0188 0.0208 0.0144 0.9460 
2108     2108   (0)     22 :  0.0090 0.0074 0.0352 0.9484 
2109     2109   (0)     22 :  0.0114 0.0054 0.0362 0.9470 
2110     2110   (0)     22 :  0.0064 0.0042 0.0064 0.9830 
2111     2111   (0)     22 :  0.0162 0.0078 0.0816 0.8944 
2112     2112   (0)     22 :  0.0054 0.0140 0.0074 0.9732 
2113     2113   (0)     22 :  0.0068 0.0042 0.0088 0.9802 
2114     2114   (0)     22 :  0.0082 0.0060 0.0218 0.9640 
2115     2115   (0)     22 :  0.0092 0.0084 0.0076 0.9748 
2116     2116   (0)     22 :  0.0044 0.0040 0.1869 0.8047 
2117     2117   (0)     22 :  0.0038 0.0096 0.0186 0.9680 
2118     2118   (0)     22 :  0.0036 0.0044 0.0054 0.9866 
2119     2119   (0)     22 :  0.0058 0.0042 0.0086 0.9814 
2120     2120   (0)     22 :  0.0040 0.0036 0.0062 0.9862 
2121     2121   (0)     22 :  0.0048 0.0086 0.0090 0.9776 
2122     2122   (0)     22 :  0.0096 0.0074 0.0112 0.9718 
2123     2123   (0)     22 :  0.0082 0.0110 0.0084 0.9724 
2124     2124   (0)     22 :  0.0044 0.0054 0.0114 0.9788 
2125     2125   (0)     22 :  0.0040 0.0038 0.0054 0.9868 
2126     2126  (10)     22 :  0.0068 0.0108 0.0096 0.9728 
2127     2127   (5)     22 :  0.1361 0.0094 0.0270 0.8275 
2128     2128  (10)     22 :  0.0082 0.0068 0.0102 0.9748 
2129     2129   (5)     22 :  0.0502 0.0510 0.0244 0.8744 
2130     2130  (10)     22 :  0.0062 0.0050 0.0224 0.9664 
2131     2131  (10)     22 :  0.0190 0.0098 0.1250 0.8462 
2132     2132   (0)     22 :  0.0150 0.0078 0.0364 0.9408 
2133     2133   (5)     22 :  0.0072 0.0122 0.0150 0.9656 
2134     2134   (5)     22 :  0.0128 0.0308 0.0092 0.9472 
2135     2135  (10)     22 :  0.0350 0.0122 0.0308 0.9220 
2136     2136   (0)     22 :  0.0048 0.0058 0.0312 0.9582 
2137     2137   (0)     22 :  0.0038 0.0054 0.0084 0.9824 
2138     2138   (0)     22 :  0.0050 0.0056 0.0076 0.9818 
2139     2139   (0)     22 :  0.0034 0.0050 0.0062 0.9854 
2140     2140   (0)     22 :  0.0048 0.0224 0.2128 0.7600 
2141     2141   (0)     22 :  0.0076 0.0320 0.0030 0.9574 
2142     2142   (0)     22 :  0.0056 0.0630 0.0086 0.9228 
2143     2143   (0)     22 :  0.0064 0.0080 0.0040 0.9816 
2144     2144   (0)     22 :  0.0120 0.0216 0.0046 0.9618 
2145     2145   (5)     22 :  0.0246 0.0126 0.0070 0.9558 
2146     2146   (0)     22 :  0.1128 0.0248 0.0136 0.8488 
2147     2147   (0)     22 :  0.0054 0.0036 0.0162 0.9748 
2148     2148  (10)     22 :  0.0056 0.0074 0.0130 0.9740 
2149     2149   (5)     22 :  0.0062 0.0054 0.0268 0.9616 
2150     2150   (0)     22 :  0.0052 0.0032 0.0062 0.9854 
2151     2151   (5)     22 :  0.0086 0.0120 0.0088 0.9706 
2152     2152   (5)     22 :  0.0096 0.0120 0.0264 0.9520 
2153     2153   (0)     22 :  0.0068 0.0166 0.0468 0.9298 
2154     2154   (0)     22 :  0.0062 0.0192 0.0118 0.9628 
2155     2155   (0)     22 :  0.0054 0.0058 0.0118 0.9770 
2156     2156   (0)     22 :  0.0164 0.0140 0.0050 0.9646 
2157     2157   (0)     22 :  0.0044 0.0040 0.0418 0.9498 
2158     2158   (0)     22 :  0.0052 0.0112 0.0178 0.9658 
2159     2159   (0)     22 :  0.0086 0.0050 0.0088 0.9776 
2160     2160   (0)     22 :  0.0070 0.0086 0.0064 0.9780 
2161     2161   (0)     22 :  0.0048 0.0060 0.0062 0.9830 
2162     2162   (0)     22 :  0.0062 0.0076 0.0106 0.9756 
2163     2163   (0)     22 :  0.0088 0.0072 0.0202 0.9638 
2164     2164   (0)     22 :  0.0288 0.0150 0.0090 0.9472 
2165     2165   (0)     22 :  0.0188 0.0076 0.0042 0.9694 
2166     2166   (0)     22 :  0.0094 0.0062 0.0042 0.9802 
2167     2167   (0)     22 :  0.0050 0.0052 0.0700 0.9198 
2168     2168   (0)     22 :  0.0154 0.0084 0.0328 0.9434 
2169     2169   (0)     22 :  0.0050 0.0052 0.0700 0.9198 
2170     2170   (0)     22 :  0.0074 0.0076 0.0060 0.9790 
2171     2171   (0)     22 :  0.0088 0.0048 0.0066 0.9798 
2172     2172   (0)     22 :  0.0050 0.0116 0.0094 0.9740 
2173     2173   (0)     22 :  0.0038 0.0118 0.0060 0.9784 
2174     2174   (0)     22 :  0.0030 0.0040 0.0304 0.9626 
2175     2175   (0)     22 :  0.0036 0.0032 0.0853 0.9079 
2176     2176   (0)     22 :  0.0054 0.0200 0.1034 0.8712 
2177     2177   (0)     22 :  0.0086 0.0350 0.0148 0.9416 
2178     2178   (0)     22 :  0.0050 0.0060 0.0074 0.9816 
2179     2179   (0)     22 :  0.0146 0.0088 0.0142 0.9624 
2180     2180   (0)     22 :  0.0036 0.0034 0.0250 0.9680 
2181     2181   (0)     22 :  0.0168 0.0052 0.0132 0.9648 
2182     2182   (0)     22 :  0.0050 0.0040 0.0080 0.9830 
2183     2183   (0)     22 :  0.0064 0.0068 0.0128 0.9740 
2184     2184   (0)     22 :  0.0048 0.0074 0.0176 0.9702 
2185     2185   (0)     22 :  0.0070 0.0042 0.0072 0.9816 
2186     2186   (0)     22 :  0.0062 0.0082 0.0196 0.9660 
2187     2187   (0)     22 :  0.0034 0.0054 0.0160 0.9752 
2188     2188   (0)     22 :  0.0056 0.0098 0.0760 0.9086 
2189     2189   (0)     22 :  0.0042 0.0038 0.0056 0.9864 
2190     2190   (0)     22 :  0.0040 0.0044 0.0064 0.9852 
2191     2191   (0)     22 :  0.0050 0.0054 0.0110 0.9786 
2192     2192   (0)     22 :  0.0054 0.0050 0.0052 0.9844 
2193     2193   (0)     22 :  0.0046 0.0068 0.0074 0.9812 
2194     2194   (0)     22 :  0.0058 0.0054 0.0072 0.9816 
2195     2195   (0)     22 :  0.0058 0.0044 0.0086 0.9812 
2196     2196   (5)     23 :  0.0130 0.0104 0.0058 0.9708 
2197     2197   (0)     23 :  0.0222 0.0136 0.0068 0.9574 
2198     2198   (0)     23 :  0.0090 0.0058 0.0128 0.9724 
2199     2199   (0)     23 :  0.0086 0.0062 0.0080 0.9772 
2200     2200   (0)     23 :  0.0044 0.0052 0.0238 0.9666 
2201     2201   (0)     23 :  0.0240 0.1056 0.0112 0.8592 
2202     2202   (0)     23 :  0.0134 0.0142 0.0304 0.9420 
2203     2203   (0)     23 :  0.0134 0.0222 0.0500 0.9144 
2204     2204   (0)     23 :  0.0262 0.0120 0.0166 0.9452 
2205     2205   (0)     23 :  0.0042 0.0046 0.0048 0.9864 
2206     2206   (0)     23 :  0.0046 0.0092 0.0096 0.9766 
2207     2207   (0)     23 :  0.0072 0.0110 0.0162 0.9656 
2208     2208   (0)     23 :  0.0062 0.0064 0.0174 0.9700 
2209     2209   (0)     23 :  0.0060 0.0064 0.0062 0.9814 
2210     2210   (0)     23 :  0.0094 0.0066 0.0954 0.8886 
2211     2211   (0)     23 :  0.0044 0.0042 0.0100 0.9814 
2212     2212   (0)     23 :  0.0090 0.0056 0.0052 0.9802 
2213     2213   (0)     23 :  0.0050 0.0090 0.0042 0.9818 
2214     2214   (0)     23 :  0.0066 0.0080 0.0046 0.9808 
2215     2215   (0)     23 :  0.0246 0.0296 0.0040 0.9418 
2216     2216   (0)     23 :  0.0120 0.0100 0.1184 0.8596 
2217     2217   (0)     23 :  0.0724 0.0084 0.0052 0.9140 
2218     2218   (0)     23 :  0.0226 0.0104 0.0126 0.9544 
2219     2219   (0)     23 :  0.0126 0.0074 0.0220 0.9580 
2220     2220   (0)     23 :  0.0050 0.0118 0.0042 0.9790 
2221     2221   (0)     23 :  0.0216 0.0080 0.0084 0.9620 
2222     2222   (0)     23 :  0.0510 0.0078 0.0224 0.9188 
2223     2223   (0)     23 :  0.0198 0.0110 0.0074 0.9618 
2224     2224   (0)     23 :  0.0050 0.0084 0.0240 0.9626 
2225     2225   (0)     23 :  0.0104 0.0096 0.0042 0.9758 
2226     2226   (0)     23 :  0.0088 0.0232 0.0226 0.9454 
2227     2227  (10)     23 :  0.0116 0.0064 0.0092 0.9728 
2228     2228   (5)     23 :  0.0046 0.0054 0.0252 0.9648 
2229     2229   (0)     23 :  0.1887 0.1583 0.0032 0.6498 
2230     2230   (0)     23 :  0.0086 0.0108 0.0030 0.9776 
2231     2231   (0)     23 :  0.0122 0.0114 0.0200 0.9564 
2232     2232   (0)     23 :  0.0102 0.0174 0.0058 0.9666 
2233     2233   (0)     23 :  0.0492 0.0856 0.0076 0.8576 
2234     2234   (0)     23 :  0.0118 0.0122 0.0036 0.9724 
2235     2235   (0)     23 :  0.0068 0.0158 0.0104 0.9670 
2236     2236   (0)     23 :  0.0272 0.0172 0.0046 0.9510 
2237     2237   (0)     23 :  0.0222 0.0042 0.0052 0.9684 
2238     2238   (5)     23 :  0.0777 0.0302 0.0054 0.8867 
2239     2239   (0)     23 :  0.0532 0.0468 0.0322 0.8678 
2240     2240   (0)     23 :  0.0156 0.0084 0.0058 0.9702 
2241     2241   (0)     23 :  0.0878 0.0836 0.0058 0.8227 
2242     2242   (0)     23 :  0.0194 0.0204 0.0114 0.9488 
2243     2243   (0)     23 :  0.0824 0.0942 0.0040 0.8194 
2244     2244   (5)     23 :  0.3802 0.2253 0.0232 0.3712 
2245     2245   (0)     23 :  0.0944 0.0110 0.0092 0.8854 
2246     2246   (0)     23 :  0.0058 0.0068 0.0520 0.9354 
2247     2247   (0)     23 :  0.0848 0.0054 0.0044 0.9054 
2248     2248   (0)     23 :  0.0234 0.0086 0.0076 0.9604 
2249     2249   (0)     23 :  0.0066 0.0044 0.0194 0.9696 
2250     2250   (0)     23 :  0.0062 0.0060 0.0122 0.9756 
2251     2251   (5)     23 :  0.0090 0.0092 0.0112 0.9706 
2252     2252   (5)     23 :  0.1810 0.0096 0.0038 0.8056 
2253     2253   (0)     23 :  0.0084 0.0046 0.0052 0.9818 
2254     2254   (0)     23 :  0.1102 0.0218 0.0218 0.8462 
2255     2255   (0)     23 :  0.0268 0.0270 0.0042 0.9420 
2256     2256   (0)     23 :  0.0058 0.0050 0.0042 0.9850 
2257     2257   (0)     23 :  0.0090 0.0070 0.0086 0.9754 
2258     2258   (0)     23 :  0.0636 0.0278 0.0100 0.8986 
2259     2259   (0)     23 :  0.0422 0.0074 0.0042 0.9462 
2260     2260   (0)     23 :  0.0314 0.0152 0.0080 0.9454 
2261     2261   (0)     23 :  0.0490 0.0110 0.0106 0.9294 
2262     2262   (0)     23 :  0.0060 0.0036 0.0056 0.9848 
2263     2263   (0)     23 :  0.0836 0.0468 0.0056 0.8641 
2264     2264   (0)     24 :  0.0038 0.0046 0.0096 0.9820 
2265     2265   (0)     24 :  0.0036 0.0054 0.0104 0.9806 
2266     2266   (0)     24 :  0.0066 0.0066 0.0110 0.9758 
2267     2267   (0)     24 :  0.0062 0.0106 0.0140 0.9692 
2268     2268   (0)     24 :  0.0078 0.0064 0.0064 0.9794 
2269     2269   (0)     24 :  0.0086 0.0042 0.0044 0.9828 
2270     2270   (0)     24 :  0.0042 0.0048 0.0088 0.9822 
2271     2271   (0)     24 :  0.1353 0.0130 0.0040 0.8477 
2272     2272   (0)     24 :  0.0156 0.0160 0.0138 0.9546 
2273     2273   (0)     24 :  0.0196 0.0100 0.0184 0.9520 
2274     2274   (0)     24 :  0.0062 0.0046 0.0064 0.9828 
2275     2275   (0)     24 :  0.0188 0.0320 0.0096 0.9396 
2276     2276   (0)     24 :  0.0088 0.0048 0.0032 0.9832 
2277     2277   (0)     24 :  0.0096 0.0078 0.0156 0.9670 
2278     2278   (0)     24 :  0.0052 0.0080 0.0042 0.9826 
2279     2279   (0)     24 :  0.0058 0.0038 0.0058 0.9846 
2280     2280   (0)     24 :  0.0120 0.0066 0.0102 0.9712 
2281     2281   (0)     24 :  0.0708 0.0074 0.0050 0.9168 
2282     2282   (0)     24 :  0.0064 0.0042 0.0044 0.9850 
2283     2283   (0)     24 :  0.0110 0.0076 0.0082 0.9732 
2284     2284   (0)     24 :  0.0136 0.0120 0.0076 0.9668 
2285     2285   (0)     24 :  0.0304 0.0350 0.0138 0.9208 
2286     2286   (0)     24 :  0.0046 0.0116 0.0168 0.9670 
2287     2287   (0)     24 :  0.0144 0.0182 0.0382 0.9292 
2288     2288   (0)     24 :  0.0146 0.0252 0.0060 0.9542 
2289     2289   (0)     24 :  0.0088 0.0118 0.0048 0.9746 
2290     2290   (0)     24 :  0.0112 0.0128 0.0034 0.9726 
2291     2291   (0)     24 :  0.0054 0.0122 0.0094 0.9730 
2292     2292   (0)     24 :  0.0078 0.0268 0.0040 0.9614 
2293     2293   (0)     24 :  0.0284 0.0106 0.0196 0.9414 
2294     2294   (0)     24 :  0.0058 0.0112 0.0146 0.9684 
2295     2295   (0)     25 :  0.0052 0.0076 0.0220 0.9652 
2296     2296   (0)     25 :  0.0044 0.0062 0.0064 0.9830 
2297     2297   (0)     25 :  0.0068 0.0050 0.0288 0.9594 
2298     2298   (0)     25 :  0.1510 0.0140 0.0066 0.8284 
2299     2299   (0)     25 :  0.0072 0.0088 0.0152 0.9688 
2300     2300   (0)     25 :  0.0080 0.0134 0.0088 0.9698 
2301     2301   (0)     25 :  0.0052 0.0036 0.0054 0.9858 
2302     2302   (0)     25 :  0.0150 0.0098 0.0076 0.9676 
2303     2303   (0)     25 :  0.0066 0.0058 0.0042 0.9834 
2304     2304   (0)     25 :  0.0138 0.0086 0.0124 0.9652 
2305     2305   (0)     25 :  0.0044 0.0050 0.0052 0.9854 
2306     2306   (0)     25 :  0.0040 0.0076 0.0066 0.9818 
2307     2307   (0)     25 :  0.0094 0.0062 0.0050 0.9794 
2308     2308   (0)     25 :  0.0234 0.0132 0.0082 0.9552 
2309     2309   (0)     25 :  0.0050 0.0082 0.0084 0.9784 
2310     2310   (0)     25 :  0.0048 0.0064 0.0084 0.9804 
2311     2311   (0)     25 :  0.0064 0.0052 0.0054 0.9830 
2312     2312   (0)     25 :  0.0042 0.0048 0.0074 0.9836 
2313     2313   (0)     25 :  0.0320 0.0078 0.0060 0.9542 
2314     2314   (0)     25 :  0.0044 0.0036 0.0044 0.9876 
2315     2315   (0)     25 :  0.0080 0.0182 0.0080 0.9658 
2316     2316   (0)     25 :  0.0492 0.0100 0.0034 0.9374 
2317     2317   (0)     25 :  0.0064 0.0074 0.0054 0.9808 
2318     2318   (0)     25 :  0.0240 0.0374 0.0128 0.9259 
2319     2319   (0)     25 :  0.0094 0.0058 0.0082 0.9766 
2320     2320   (0)     25 :  0.0046 0.0034 0.0036 0.9884 
2321     2321   (0)     25 :  0.0036 0.0058 0.1388 0.8519 
2322     2322   (0)     25 :  0.0086 0.0066 0.0054 0.9794 
2323     2323   (0)     25 :  0.0056 0.0044 0.0098 0.9802 
2324     2324   (0)     25 :  0.0288 0.0160 0.0150 0.9402 
2325     2325   (0)     25 :  0.0056 0.0044 0.0092 0.9808 
2326     2326   (0)     25 :  0.0046 0.0058 0.0114 0.9782 
2327     2327   (0)     25 :  0.0064 0.0040 0.0044 0.9852 
2328     2328   (0)     25 :  0.0168 0.0064 0.0100 0.9668 
2329     2329   (0)     25 :  0.0050 0.0048 0.0042 0.9860 
2330     2330   (0)     25 :  0.0060 0.0042 0.0358 0.9540 
2331     2331   (0)     25 :  0.0040 0.0040 0.0088 0.9832 
2332     2332   (0)     25 :  0.0128 0.0078 0.0588 0.9206 
2333     2333   (0)     25 :  0.0142 0.0114 0.0072 0.9672 
2334     2334   (0)     25 :  0.0056 0.0070 0.0096 0.9778 
2335     2335   (0)     25 :  0.0088 0.0078 0.0054 0.9780 
2336     2336   (0)     25 :  0.0066 0.0114 0.0090 0.9730 
2337     2337   (0)     25 :  0.0090 0.0074 0.0038 0.9798 
2338     2338   (0)     25 :  0.0062 0.0058 0.0096 0.9784 
2339     2339   (0)     25 :  0.0172 0.0328 0.0070 0.9430 
2340     2340   (0)     25 :  0.0052 0.0046 0.0044 0.9858 
2341     2341   (0)     25 :  0.0080 0.0050 0.0086 0.9784 
2342     2342   (0)     25 :  0.0048 0.0036 0.0132 0.9784 
2343     2343   (0)     25 :  0.0084 0.0116 0.0058 0.9742 
2344     2344   (0)     25 :  0.0100 0.0086 0.0038 0.9776 
2345     2345   (0)     25 :  0.0084 0.0090 0.0168 0.9658 
2346     2346   (0)     25 :  0.0034 0.0040 0.0064 0.9862 
2347     2347   (0)     25 :  0.1150 0.0104 0.0132 0.8614 
2348     2348   (0)     25 :  0.0042 0.0076 0.0266 0.9616 
2349     2349   (0)     25 :  0.0476 0.0146 0.0102 0.9276 
2350     2350   (0)     25 :  0.0058 0.0094 0.0312 0.9536 
2351     2351   (0)     25 :  0.0080 0.0220 0.0096 0.9604 
2352     2352   (0)     25 :  0.0094 0.0070 0.0078 0.9758 
2353     2353   (0)     25 :  0.0062 0.0046 0.0038 0.9854 
2354     2354   (0)     25 :  0.0042 0.0056 0.0074 0.9828 
2355     2355   (0)     25 :  0.0116 0.0066 0.0068 0.9750 
2356     2356   (0)     25 :  0.0124 0.0094 0.0044 0.9738 
2357     2357   (0)     25 :  0.0068 0.0052 0.0066 0.9814 
2358     2358   (0)     25 :  0.0124 0.0126 0.0082 0.9668 
2359     2359   (0)     25 :  0.0120 0.0040 0.0096 0.9744 
2360     2360   (0)     25 :  0.0064 0.0084 0.0114 0.9738 
2361     2361   (0)     25 :  0.0040 0.0042 0.0042 0.9876 
2362     2362   (0)     25 :  0.0084 0.0048 0.0146 0.9722 
2363     2363   (0)     25 :  0.0108 0.0052 0.0076 0.9764 
2364     2364   (0)     25 :  0.0052 0.0054 0.0074 0.9820 
2365     2365   (0)     25 :  0.0062 0.0088 0.0048 0.9802 
2366     2366   (0)     25 :  0.0072 0.0066 0.0094 0.9768 
2367     2367   (0)     25 :  0.1906 0.0066 0.0118 0.7910 
2368     2368   (0)     25 :  0.0090 0.0114 0.0042 0.9754 
2369     2369   (0)     25 :  0.0094 0.0090 0.0058 0.9758 
2370     2370   (0)     25 :  0.0086 0.0056 0.0084 0.9774 
2371     2371   (0)     25 :  0.2022 0.1048 0.0056 0.6874 
2372     2372   (0)     25 :  0.0050 0.0082 0.0070 0.9798 
2373     2373   (0)     25 :  0.0048 0.0062 0.0090 0.9800 
2374     2374   (0)     25 :  0.0038 0.0048 0.0136 0.9778 
2375     2375   (0)     25 :  0.0034 0.0050 0.0080 0.9836 
2376     2376   (0)     25 :  0.0110 0.0048 0.0054 0.9788 
2377     2377   (0)     25 :  0.0100 0.0052 0.0052 0.9796 
2378     2378   (0)     25 :  0.0318 0.0212 0.0082 0.9388 
2379     2379   (0)     25 :  0.0120 0.0084 0.0052 0.9744 
2380     2380   (0)     25 :  0.0166 0.0090 0.0056 0.9688 
2381     2381   (0)     25 :  0.0040 0.0054 0.0062 0.9844 
2382     2382   (0)     25 :  0.0252 0.0118 0.0116 0.9514 
2383     2383   (0)     25 :  0.0040 0.0060 0.0074 0.9826 
2384     2384   (0)     25 :  0.0082 0.0048 0.0066 0.9804 
2385     2385   (0)     25 :  0.0038 0.0050 0.0078 0.9834 
2386     2386   (0)     25 :  0.0068 0.0052 0.0060 0.9820 
2387     2387   (0)     25 :  0.0042 0.0044 0.0062 0.9852 
2388     2388   (0)     25 :  0.0194 0.0056 0.0184 0.9566 
2389     2389   (0)     25 :  0.0102 0.0126 0.0224 0.9548 
2390     2390   (0)     25 :  0.0056 0.0034 0.0080 0.9830 
2391     2391   (0)     25 :  0.0062 0.0076 0.0090 0.9772 
2392     2392   (0)     25 :  0.0078 0.0126 0.0122 0.9674 
2393     2393   (0)     25 :  0.0262 0.0138 0.0722 0.8878 
2394     2394   (0)     25 :  0.0584 0.0120 0.0124 0.9172 
2395     2395   (0)     25 :  0.0262 0.0098 0.0050 0.9590 
2396     2396   (0)     25 :  0.0086 0.0066 0.0070 0.9778 
2397     2397   (0)     25 :  0.0084 0.0068 0.0134 0.9714 
2398     2398   (0)     25 :  0.0056 0.0050 0.0044 0.9850 
2399     2399   (0)     25 :  0.0098 0.0184 0.0064 0.9654 
2400     2400   (0)     25 :  0.0130 0.0190 0.0074 0.9606 
2401     2401   (0)     25 :  0.0052 0.0054 0.0100 0.9794 
2402     2402   (0)     25 :  0.0068 0.0052 0.0130 0.9750 
2403     2403   (0)     25 :  0.0098 0.0088 0.0052 0.9762 
2404     2404   (0)     25 :  0.0080 0.0074 0.0066 0.9780 
2405     2405   (0)     25 :  0.0058 0.0042 0.0118 0.9782 
2406     2406   (0)     25 :  0.0206 0.0098 0.0100 0.9596 
2407     2407   (0)     25 :  0.0462 0.0174 0.0194 0.9170 
2408     2408   (0)     25 :  0.0206 0.0236 0.0094 0.9464 
2409     2409   (0)     25 :  0.0118 0.0096 0.0036 0.9750 
2410     2410   (0)     25 :  0.0110 0.0050 0.0096 0.9744 
2411     2411   (0)     25 :  0.0090 0.0102 0.0080 0.9728 
2412     2412   (0)     25 :  0.0054 0.0160 0.0040 0.9746 
2413     2413   (0)     25 :  0.0074 0.0148 0.0046 0.9732 
2414     2414   (0)     25 :  0.0272 0.0108 0.0330 0.9290 
2415     2415   (0)     25 :  0.0072 0.0068 0.0088 0.9772 
2416     2416   (0)     25 :  0.0154 0.0110 0.0058 0.9678 
2417     2417   (0)     25 :  0.0104 0.0104 0.0054 0.9738 
2418     2418   (0)     25 :  0.0068 0.0064 0.0078 0.9790 
2419     2419   (0)     25 :  0.0330 0.0070 0.0060 0.9540 
2420     2420   (0)     26 :  0.0056 0.0052 0.0060 0.9832 
2421     2421   (0)     26 :  0.0310 0.0104 0.0062 0.9524 
2422     2422   (0)     26 :  0.0090 0.0102 0.0100 0.9708 
2423     2423   (0)     26 :  0.0232 0.0160 0.0114 0.9494 
2424     2424   (0)     26 :  0.0070 0.0052 0.0068 0.9810 
2425     2425   (0)     26 :  0.0172 0.0102 0.0054 0.9672 
2426     2426   (0)     26 :  0.0272 0.0106 0.0026 0.9596 
2427     2427   (0)     26 :  0.0050 0.0312 0.0038 0.9600 
2428     2428   (0)     26 :  0.0166 0.0422 0.0050 0.9362 
2429     2429   (0)     26 :  0.0182 0.0242 0.0652 0.8924 
2430     2430   (0)     26 :  0.0090 0.0056 0.0032 0.9822 
2431     2431   (0)     26 :  0.0256 0.0514 0.0054 0.9176 
2432     2432   (0)     26 :  0.0102 0.0060 0.0040 0.9798 
2433     2433   (0)     26 :  0.0102 0.0058 0.0068 0.9772 
2434     2434   (0)     26 :  0.0062 0.0074 0.0036 0.9828 
2435     2435  (10)     26 :  0.0166 0.0084 0.0062 0.9688 
2436     2436   (0)     26 :  0.0222 0.0348 0.0090 0.9340 
2437     2437   (0)     26 :  0.0152 0.0224 0.0142 0.9482 
2438     2438   (0)     26 :  0.0100 0.0052 0.0106 0.9742 
2439     2439   (0)     26 :  0.2625 0.0116 0.0086 0.7173 
2440     2440   (5)     26 :  0.0104 0.0082 0.0046 0.9768 
2441     2441   (0)     26 :  0.0052 0.0056 0.0114 0.9778 
2442     2442   (0)     26 :  0.0204 0.0058 0.0030 0.9708 
2443     2443   (0)     26 :  0.0444 0.0152 0.0114 0.9290 
2444     2444   (0)     26 :  0.0114 0.0218 0.0054 0.9614 
2445     2445   (0)     26 :  0.0066 0.0060 0.0080 0.9794 
2446     2446   (0)     26 :  0.0130 0.0514 0.0030 0.9326 
2447     2447   (5)     26 :  0.0288 0.0044 0.0036 0.9632 
2448     2448   (0)     26 :  0.0078 0.0082 0.0054 0.9786 
2449     2449   (0)     26 :  0.0068 0.0062 0.0060 0.9810 
2450     2450   (0)     26 :  0.0220 0.0086 0.0046 0.9648 
2451     2451   (0)     26 :  0.0068 0.0152 0.0156 0.9624 
2452     2452   (0)     26 :  0.0110 0.0126 0.0100 0.9664 
2453     2453   (0)     26 :  0.0184 0.0134 0.0358 0.9324 
2454     2454   (0)     26 :  0.0094 0.0074 0.0062 0.9770 
2455     2455   (0)     26 :  0.0080 0.0044 0.0072 0.9804 
2456     2456   (0)     26 :  0.0240 0.0040 0.0032 0.9688 
2457     2457   (5)     26 :  0.0080 0.0094 0.0150 0.9676 
2458     2458   (0)     26 :  0.0204 0.0270 0.0040 0.9486 
2459     2459   (0)     26 :  0.0092 0.0086 0.0040 0.9782 
2460     2460   (0)     26 :  0.0088 0.0112 0.0054 0.9746 
2461     2461   (5)     26 :  0.0070 0.0124 0.0052 0.9754 
2462     2462   (5)     26 :  0.0644 0.0078 0.0064 0.9214 
2463     2463  (10)     26 :  0.0118 0.0102 0.0062 0.9718 
2464     2464   (5)     26 :  0.0896 0.0142 0.0046 0.8917 
2465     2465   (5)     26 :  0.0062 0.0070 0.0044 0.9824 
2466     2466   (5)     26 :  0.0056 0.0074 0.0070 0.9800 
2467     2467   (5)     26 :  0.1486 0.0080 0.0050 0.8384 
2468     2468   (5)     26 :  0.0108 0.0106 0.0078 0.9708 
2469     2469  (10)     26 :  0.0060 0.0048 0.0054 0.9838 
2470     2470   (5)     26 :  0.0324 0.0140 0.0076 0.9460 
2471     2471   (5)     26 :  0.0046 0.0070 0.0064 0.9820 
2472     2472   (5)     26 :  0.0174 0.0136 0.0234 0.9456 
2473     2473   (0)     27 :  0.0102 0.0154 0.0060 0.9684 
2474     2474   (0)     27 :  0.0070 0.0054 0.0074 0.9802 
2475     2475   (0)     27 :  0.0068 0.0056 0.0040 0.9836 
2476     2476   (0)     27 :  0.0100 0.0064 0.0036 0.9800 
2477     2477   (0)     27 :  0.0156 0.0124 0.0092 0.9628 
2478     2478   (0)     27 :  0.0430 0.0144 0.0938 0.8488 
2479     2479   (0)     27 :  0.0206 0.0214 0.0048 0.9532 
2480     2480   (0)     27 :  0.0060 0.0062 0.0042 0.9836 
2481     2481   (0)     27 :  0.0052 0.0048 0.0134 0.9766 
2482     2482   (0)     27 :  0.0382 0.1273 0.0030 0.8315 
2483     2483   (0)     27 :  0.0042 0.0074 0.0122 0.9762 
2484     2484   (0)     27 :  0.0472 0.0088 0.0088 0.9352 
2485     2485   (0)     27 :  0.0604 0.0304 0.0048 0.9044 
2486     2486   (0)     27 :  0.0084 0.0058 0.0056 0.9802 
2487     2487   (0)     27 :  0.0110 0.0068 0.0078 0.9744 
2488     2488   (0)     27 :  0.0250 0.0076 0.0216 0.9458 
2489     2489   (0)     27 :  0.0090 0.0068 0.0078 0.9764 
2490     2490   (0)     27 :  0.0158 0.0068 0.0058 0.9716 
2491     2491   (0)     27 :  0.1052 0.1004 0.0040 0.7904 
2492     2492   (0)     27 :  0.0054 0.0058 0.0040 0.9848 
2493     2493   (0)     27 :  0.0048 0.0058 0.0036 0.9858 
2494     2494   (0)     27 :  0.0178 0.0054 0.0060 0.9708 
2495     2495   (0)     27 :  0.0064 0.0056 0.0042 0.9838 
2496     2496   (0)     27 :  0.0178 0.0068 0.0078 0.9676 
2497     2497   (0)     27 :  0.0160 0.0040 0.0044 0.9756 
2498     2498   (0)     27 :  0.0056 0.0116 0.0042 0.9786 
2499     2499   (0)     27 :  0.0052 0.0046 0.0040 0.9862 
2500     2500   (0)     27 :  0.0702 0.0302 0.0200 0.8796 
2501     2501   (0)     27 :  0.0214 0.0114 0.0080 0.9592 
2502     2502   (0)     27 :  0.0294 0.0160 0.0116 0.9430 
2503     2503   (0)     27 :  0.0660 0.0096 0.0032 0.9212 
2504     2504   (0)     27 :  0.0156 0.0256 0.0056 0.9532 
2505     2505   (0)     27 :  0.0358 0.0166 0.0136 0.9340 
2506     2506   (0)     27 :  0.0184 0.0062 0.0058 0.9696 
2507     2507   (0)     27 :  0.0612 0.0144 0.0156 0.9088 
2508     2508   (0)     27 :  0.0164 0.0100 0.0032 0.9704 
2509     2509   (0)     27 :  0.0048 0.0140 0.0054 0.9758 
2510     2510   (0)     27 :  0.0694 0.0146 0.0034 0.9126 
2511     2511   (0)     27 :  0.0062 0.0094 0.0050 0.9794 
2512     2512   (0)     27 :  0.0062 0.0162 0.0078 0.9698 
2513     2513   (0)     27 :  0.0434 0.0152 0.0058 0.9356 
2514     2514   (0)     27 :  0.0096 0.0134 0.0060 0.9710 
2515     2515   (0)     27 :  0.0186 0.0102 0.0070 0.9642 
2516     2516   (0)     27 :  0.0162 0.0106 0.0068 0.9664 
2517     2517   (0)     27 :  0.0104 0.0058 0.0108 0.9730 
2518     2518   (0)     27 :  0.0056 0.0060 0.0052 0.9832 
2519     2519   (0)     27 :  0.0718 0.0846 0.0100 0.8336 
2520     2520   (0)     27 :  0.0622 0.0070 0.0090 0.9218 
2521     2521   (0)     27 :  0.0044 0.0058 0.0052 0.9846 
2522     2522   (0)     27 :  0.0158 0.0070 0.0056 0.9716 
2523     2523   (0)     27 :  0.0092 0.0094 0.0040 0.9774 
2524     2524   (0)     27 :  0.0182 0.0112 0.0088 0.9618 
2525     2525   (0)     27 :  0.0068 0.0088 0.0040 0.9804 
2526     2526   (0)     27 :  0.0074 0.0158 0.0044 0.9724 
2527     2527   (0)     27 :  0.0336 0.0082 0.0092 0.9490 
2528     2528   (0)     27 :  0.0228 0.0066 0.0074 0.9632 
2529     2529   (0)     27 :  0.0680 0.0246 0.0034 0.9040 
2530     2530   (0)     27 :  0.0076 0.0090 0.0050 0.9784 
2531     2531   (0)     27 :  0.0116 0.0150 0.0038 0.9696 
2532     2532   (0)     27 :  0.0270 0.0593 0.0088 0.9049 
2533     2533   (0)     27 :  0.0068 0.0114 0.0378 0.9440 
2534     2534   (0)     27 :  0.0480 0.0142 0.0050 0.9328 
2535     2535   (0)     27 :  0.0138 0.0100 0.0042 0.9720 
2536     2536   (0)     27 :  0.0044 0.0050 0.0042 0.9864 
2537     2537   (0)     27 :  0.0048 0.0066 0.0048 0.9838 
2538     2538   (0)     27 :  0.0140 0.0128 0.0032 0.9700 
2539     2539   (0)     27 :  0.0084 0.0066 0.0054 0.9796 
2540     2540   (0)     27 :  0.0082 0.0090 0.0100 0.9728 
2541     2541   (0)     27 :  0.0134 0.0160 0.0224 0.9482 
2542     2542   (0)     27 :  0.1062 0.0188 0.0044 0.8706 
2543     2543   (0)     27 :  0.0062 0.0068 0.0042 0.9828 
2544     2544   (0)     27 :  0.0060 0.0110 0.0232 0.9598 
2545     2545   (0)     27 :  0.0110 0.0150 0.0056 0.9684 
2546     2546   (0)     27 :  0.0606 0.0080 0.0050 0.9264 
2547     2547   (0)     27 :  0.0060 0.0096 0.0064 0.9780 
2548     2548   (0)     27 :  0.0146 0.0158 0.0060 0.9636 
2549     2549   (0)     27 :  0.0046 0.0074 0.0072 0.9808 
2550     2550   (0)     27 :  0.0098 0.0064 0.0076 0.9762 
2551     2551   (0)     27 :  0.0226 0.0244 0.0072 0.9458 
2552     2552   (0)     27 :  0.0100 0.0056 0.0026 0.9818 
2553     2553   (0)     27 :  0.0142 0.0060 0.0058 0.9740 
2554     2554   (0)     27 :  0.0058 0.0084 0.0070 0.9788 
2555     2555   (0)     27 :  0.0060 0.0080 0.0042 0.9818 
2556     2556   (0)     27 :  0.0084 0.0114 0.0026 0.9776 
2557     2557   (0)     27 :  0.0276 0.0074 0.0052 0.9598 
2558     2558   (0)     27 :  0.0110 0.0094 0.0030 0.9766 
2559     2559   (0)     27 :  0.0172 0.0086 0.0046 0.9696 
2560     2560   (0)     27 :  0.0582 0.0068 0.0032 0.9318 
2561     2561   (0)     27 :  0.0124 0.0088 0.0066 0.9722 
2562     2562   (0)     27 :  0.0404 0.0794 0.0080 0.8722 
2563     2563   (0)     27 :  0.0362 0.0176 0.0052 0.9410 
2564     2564   (0)     27 :  0.0090 0.0118 0.0052 0.9740 
2565     2565   (0)     27 :  0.0070 0.0054 0.0058 0.9818 
2566     2566   (0)     27 :  0.0854 0.0102 0.0066 0.8978 
2567     2567   (0)     27 :  0.0298 0.0148 0.0052 0.9502 
2568     2568   (0)     27 :  0.0110 0.0086 0.0056 0.9748 
2569     2569   (0)     27 :  0.0402 0.0168 0.0060 0.9370 
2570     2570   (0)     27 :  0.0310 0.0236 0.0040 0.9414 
2571     2571   (0)     27 :  0.0076 0.0062 0.0086 0.9776 
2572     2572   (0)     27 :  0.0066 0.0062 0.0098 0.9774 
2573     2573   (0)     27 :  0.0106 0.0206 0.0042 0.9646 
2574     2574   (0)     27 :  0.0212 0.0048 0.0060 0.9680 
2575     2575   (0)     27 :  0.0048 0.0046 0.0036 0.9870 
2576     2576   (0)     27 :  0.0634 0.0808 0.0052 0.8506 
2577     2577   (0)     27 :  0.0050 0.0050 0.0086 0.9814 
2578     2578   (0)     27 :  0.0106 0.0058 0.0068 0.9768 
2579     2579   (0)     27 :  0.0164 0.0198 0.0040 0.9598 
2580     2580   (0)     27 :  0.0814 0.0082 0.0054 0.9050 
2581     2581   (0)     27 :  0.0712 0.0426 0.0086 0.8776 
2582     2582   (0)     27 :  0.0142 0.0136 0.0082 0.9640 
2583     2583   (0)     27 :  0.2618 0.0150 0.0066 0.7166 
2584     2584   (0)     27 :  0.0138 0.0072 0.0116 0.9674 
2585     2585   (0)     27 :  0.0180 0.0194 0.0100 0.9526 
2586     2586   (0)     27 :  0.0250 0.0124 0.0074 0.9552 
2587     2587   (0)     27 :  0.0130 0.0038 0.0040 0.9792 
2588     2588   (0)     27 :  0.0152 0.0064 0.0040 0.9744 
2589     2589   (0)     27 :  0.0868 0.0072 0.0052 0.9008 
2590     2590   (0)     27 :  0.0164 0.0170 0.0192 0.9474 
2591     2591   (0)     27 :  0.0106 0.0068 0.0080 0.9746 
2592     2592   (0)     27 :  0.0158 0.0202 0.0142 0.9498 
2593     2593   (0)     27 :  0.1026 0.0138 0.0042 0.8794 
2594     2594   (0)     27 :  0.0154 0.0088 0.0040 0.9718 
2595     2595   (0)     27 :  0.0062 0.0058 0.0032 0.9848 
2596     2596   (0)     27 :  0.0134 0.0048 0.0088 0.9730 
2597     2597   (0)     27 :  0.0232 0.0458 0.0048 0.9263 
2598     2598   (5)     28 :  0.0042 0.0054 0.9848 0.0056 
2599     2599   (0)     28 :  0.0052 0.0078 0.9760 0.0110 
2600     2600   (0)     28 :  0.0042 0.0034 0.9876 0.0048 
2601     2601   (0)     28 :  0.0144 0.0098 0.9570 0.0188 
2602     2602   (0)     28 :  0.0030 0.0032 0.9904 0.0034 
2603     2603   (0)     28 :  0.0052 0.0036 0.9792 0.0120 
2604     2604   (0)     28 :  0.0030 0.0030 0.9906 0.0034 
2605     2605   (0)     28 :  0.0034 0.0038 0.9884 0.0044 
2606     2606   (0)     28 :  0.0050 0.0040 0.9868 0.0042 
2607     2607   (0)     28 :  0.0030 0.0034 0.9888 0.0048 
2608     2608   (0)     28 :  0.0026 0.0026 0.9918 0.0030 
2609     2609   (0)     28 :  0.0032 0.0032 0.9898 0.0038 
2610     2610   (0)     28 :  0.0050 0.0068 0.9830 0.0052 
2611     2611   (5)     28 :  0.0026 0.0024 0.9920 0.0030 
2612     2612   (0)     28 :  0.0034 0.0034 0.9890 0.0042 
2613     2613   (0)     28 :  0.0030 0.0028 0.9910 0.0032 
2614     2614   (0)     28 :  0.0068 0.0032 0.9862 0.0038 
2615     2615   (0)     28 :  0.0030 0.0038 0.9898 0.0034 
2616     2616   (0)     28 :  0.0032 0.0040 0.9882 0.0046 
2617     2617   (0)     28 :  0.0030 0.0030 0.9902 0.0038 
2618     2618   (0)     28 :  0.0030 0.0026 0.9910 0.0034 
2619     2619   (0)     28 :  0.0056 0.0042 0.9856 0.0046 
2620     2620   (0)     28 :  0.0026 0.0030 0.9906 0.0038 
2621     2621   (0)     28 :  0.0022 0.0024 0.9928 0.0026 
2622     2622   (0)     28 :  0.0022 0.0022 0.9930 0.0026 
2623     2623   (0)     28 :  0.0034 0.0030 0.9902 0.0034 
2624     2624   (0)     28 :  0.0030 0.0026 0.9910 0.0034 
2625     2625   (0)     28 :  0.0026 0.0030 0.9914 0.0030 
2626     2626   (0)     29 :  0.0064 0.0036 0.9864 0.0036 
2627     2627   (0)     29 :  0.0030 0.0026 0.9910 0.0034 
2628     2628   (0)     29 :  0.0030 0.0032 0.9896 0.0042 
2629     2629   (0)     29 :  0.0038 0.0040 0.9890 0.0032 
2630     2630   (0)     29 :  0.0112 0.0072 0.9708 0.0108 
2631     2631   (0)     29 :  0.0026 0.0024 0.9916 0.0034 
2632     2632   (0)     29 :  0.0040 0.0034 0.9880 0.0046 
2633     2633   (0)     29 :  0.0080 0.0030 0.9842 0.0048 
2634     2634   (0)     29 :  0.0024 0.0026 0.9916 0.0034 
2635     2635   (0)     29 :  0.0062 0.0038 0.9838 0.0062 
2636     2636   (0)     29 :  0.0058 0.0040 0.9856 0.0046 
2637     2637   (0)     29 :  0.0030 0.0030 0.9908 0.0032 
2638     2638   (0)     29 :  0.0022 0.0026 0.9926 0.0026 
2639     2639   (0)     29 :  0.0030 0.0034 0.9904 0.0032 
2640     2640   (0)     29 :  0.0032 0.0030 0.9900 0.0038 
2641     2641   (0)     29 :  0.0026 0.0034 0.9910 0.0030 
2642     2642   (0)     29 :  0.0046 0.0030 0.9862 0.0062 
2643     2643   (0)     29 :  0.0030 0.0034 0.9904 0.0032 
2644     2644   (0)     29 :  0.0046 0.0034 0.9880 0.0040 
2645     2645   (0)     29 :  0.0024 0.0026 0.9924 0.0026 
2646     2646   (0)     29 :  0.0022 0.0026 0.9914 0.0038 
2647     2647   (0)     29 :  0.0030 0.0040 0.9882 0.0048 
2648     2648   (0)     29 :  0.0088 0.0044 0.9826 0.0042 
2649     2649   (0)     29 :  0.0044 0.0024 0.9894 0.0038 
2650     2650   (0)     29 :  0.0036 0.0030 0.9896 0.0038 
2651     2651   (0)     29 :  0.0026 0.0026 0.9918 0.0030 
2652     2652   (0)     29 :  0.0028 0.0026 0.9912 0.0034 
2653     2653   (0)     29 :  0.0044 0.0048 0.9866 0.0042 
2654     2654   (0)     29 :  0.0032 0.0034 0.9896 0.0038 
2655     2655   (0)     29 :  0.0026 0.0050 0.9860 0.0064 
2656     2656   (0)     29 :  0.0030 0.0026 0.9914 0.0030 
2657     2657   (0)     29 :  0.0030 0.0030 0.9902 0.0038 
2658     2658   (0)     29 :  0.0034 0.0042 0.9884 0.0040 
2659     2659   (0)     29 :  0.0022 0.0026 0.9922 0.0030 
2660     2660   (0)     29 :  0.0034 0.0038 0.9852 0.0076 
2661     2661   (0)     29 :  0.0030 0.0032 0.9902 0.0036 
2662     2662   (0)     29 :  0.0030 0.0030 0.9902 0.0038 
2663     2663   (0)     29 :  0.0022 0.0032 0.9908 0.0038 
2664     2664   (0)     29 :  0.0030 0.0030 0.9910 0.0030 
2665     2665   (0)     29 :  0.0022 0.0024 0.9920 0.0034 
2666     2666   (0)     29 :  0.0026 0.0024 0.9920 0.0030 
2667     2667   (0)     29 :  0.0030 0.0036 0.9894 0.0040 
2668     2668   (0)     29 :  0.0038 0.0046 0.9868 0.0048 
2669     2669   (0)     29 :  0.0136 0.0074 0.9616 0.0174 
2670     2670   (0)     29 :  0.0046 0.0036 0.9880 0.0038 
2671     2671   (0)     29 :  0.0030 0.0030 0.9908 0.0032 
2672     2672   (0)     29 :  0.0026 0.0030 0.9914 0.0030 
2673     2673   (0)     29 :  0.0040 0.0032 0.9890 0.0038 
2674     2674   (0)     29 :  0.0048 0.0044 0.9860 0.0048 
2675     2675   (0)     29 :  0.0034 0.0024 0.9904 0.0038 
2676     2676   (0)     29 :  0.0026 0.0026 0.9918 0.0030 
2677     2677   (0)     29 :  0.0030 0.0026 0.9910 0.0034 
2678     2678   (0)     29 :  0.0026 0.0032 0.9904 0.0038 
2679     2679   (0)     29 :  0.0034 0.0030 0.9902 0.0034 
2680     2680   (0)     29 :  0.0048 0.0038 0.9858 0.0056 
2681     2681   (0)     29 :  0.0088 0.0060 0.9792 0.0060 
2682     2682   (0)     29 :  0.0026 0.0026 0.9914 0.0034 
2683     2683   (0)     29 :  0.0026 0.0030 0.9906 0.0038 
2684     2684   (0)     29 :  0.0138 0.0080 0.9614 0.0168 
2685     2685   (0)     29 :  0.0038 0.0026 0.9898 0.0038 
2686     2686   (0)     29 :  0.0036 0.0024 0.9896 0.0044 
2687     2687   (0)     29 :  0.0030 0.0026 0.9906 0.0038 
2688     2688   (0)     29 :  0.0046 0.0026 0.9896 0.0032 
2689     2689   (0)     29 :  0.0026 0.0024 0.9920 0.0030 
2690     2690   (0)     29 :  0.0028 0.0028 0.9912 0.0032 
2691     2691   (0)     29 :  0.0030 0.0026 0.9900 0.0044 
2692     2692   (0)     29 :  0.0040 0.0034 0.9880 0.0046 
2693     2693   (0)     29 :  0.0036 0.0034 0.9884 0.0046 
2694     2694   (0)     29 :  0.0024 0.0032 0.9906 0.0038 
2695     2695   (0)     29 :  0.0160 0.0078 0.9668 0.0094 
2696     2696   (0)     29 :  0.0030 0.0026 0.9912 0.0032 
2697     2697   (0)     29 :  0.0042 0.0062 0.9842 0.0054 
2698     2698   (0)     29 :  0.0022 0.0032 0.9900 0.0046 
2699     2699   (0)     29 :  0.0030 0.0026 0.9912 0.0032 
2700     2700   (0)     29 :  0.0046 0.0026 0.9894 0.0034 
2701     2701   (0)     29 :  0.0130 0.0084 0.9650 0.0136 
2702     2702   (0)     29 :  0.0050 0.0092 0.9768 0.0090 
2703     2703   (0)     29 :  0.0034 0.0026 0.9910 0.0030 
2704     2704   (0)     29 :  0.0046 0.0036 0.9870 0.0048 
2705     2705   (0)     29 :  0.0058 0.0048 0.9840 0.0054 
2706     2706   (0)     29 :  0.0030 0.0026 0.9898 0.0046 
2707     2707   (0)     29 :  0.0080 0.0044 0.9810 0.0066 
2708     2708   (0)     29 :  0.0066 0.0048 0.9824 0.0062 
2709     2709   (0)     29 :  0.0034 0.0038 0.9890 0.0038 
2710     2710   (0)     29 :  0.0032 0.0032 0.9898 0.0038 
2711     2711   (0)     29 :  0.0030 0.0032 0.9890 0.0048 
2712     2712   (0)     29 :  0.0030 0.0036 0.9894 0.0040 
2713     2713   (0)     29 :  0.0088 0.0102 0.9668 0.0142 
2714     2714   (0)     29 :  0.0150 0.0074 0.9692 0.0084 
2715     2715   (0)     29 :  0.0030 0.0038 0.9898 0.0034 
2716     2716   (0)     29 :  0.0030 0.0034 0.9898 0.0038 
2717     2717   (0)     29 :  0.0030 0.0030 0.9902 0.0038 
2718     2718   (0)     29 :  0.0090 0.0048 0.9782 0.0080 
2719     2719   (0)     29 :  0.0032 0.0026 0.9914 0.0028 
2720     2720   (0)     29 :  0.0022 0.0024 0.9922 0.0032 
2721     2721   (0)     29 :  0.0026 0.0032 0.9904 0.0038 
2722     2722   (0)     29 :  0.0032 0.0026 0.9910 0.0032 
2723     2723   (0)     29 :  0.0026 0.0026 0.9910 0.0038 
2724     2724   (0)     29 :  0.0026 0.0028 0.9912 0.0034 
2725     2725   (0)     29 :  0.0104 0.0060 0.9768 0.0068 
2726     2726   (0)     29 :  0.0054 0.0026 0.9872 0.0048 
2727     2727   (0)     29 :  0.0074 0.0032 0.9836 0.0058 
2728     2728   (0)     29 :  0.0038 0.0038 0.9892 0.0032 
2729     2729   (0)     29 :  0.0026 0.0024 0.9924 0.0026 
2730     2730   (0)     29 :  0.0030 0.0030 0.9910 0.0030 
2731     2731   (0)     29 :  0.0030 0.0038 0.9886 0.0046 
2732     2732   (0)     29 :  0.0022 0.0024 0.9924 0.0030 
2733     2733   (0)     29 :  0.0026 0.0026 0.9910 0.0038 
2734     2734   (0)     29 :  0.0026 0.0030 0.9906 0.0038 
2735     2735   (0)     29 :  0.0032 0.0024 0.9906 0.0038 
2736     2736   (0)     29 :  0.0030 0.0026 0.9906 0.0038 
2737     2737   (0)     29 :  0.0036 0.0030 0.9894 0.0040 
2738     2738   (0)     29 :  0.0038 0.0038 0.9856 0.0068 
2739     2739   (0)     29 :  0.0046 0.0036 0.9884 0.0034 
2740     2740   (0)     29 :  0.0068 0.0054 0.9804 0.0074 
2741     2741   (0)     29 :  0.0032 0.0040 0.9876 0.0052 
2742     2742   (0)     29 :  0.0030 0.0026 0.9914 0.0030 
2743     2743   (0)     29 :  0.0038 0.0028 0.9896 0.0038 
2744     2744   (0)     29 :  0.0054 0.0048 0.9852 0.0046 
2745     2745   (0)     29 :  0.0066 0.0064 0.9820 0.0050 
2746     2746   (0)     29 :  0.0034 0.0038 0.9894 0.0034 
2747     2747   (0)     29 :  0.0030 0.0026 0.9906 0.0038 
2748     2748   (0)     29 :  0.0068 0.0040 0.9802 0.0090 
2749     2749   (0)     29 :  0.0030 0.0034 0.9884 0.0052 
2750     2750   (0)     29 :  0.0052 0.0026 0.9884 0.0038 
2751     2751   (0)     29 :  0.0026 0.0046 0.9892 0.0036 
2752     2752   (0)     29 :  0.0026 0.0032 0.9912 0.0030 
2753     2753   (0)     29 :  0.0026 0.0026 0.9918 0.0030 
2754     2754   (0)     29 :  0.0026 0.0042 0.9892 0.0040 
2755     2755   (0)     29 :  0.0022 0.0026 0.9922 0.0030 
2756     2756   (0)     29 :  0.0030 0.0034 0.9902 0.0034 
2757     2757   (0)     29 :  0.0032 0.0030 0.9912 0.0026 
2758     2758   (0)     29 :  0.0026 0.0024 0.9918 0.0032 
2759     2759   (0)     29 :  0.0030 0.0036 0.9896 0.0038 
2760     2760   (0)     29 :  0.0034 0.0030 0.9904 0.0032 
2761     2761   (0)     29 :  0.0032 0.0026 0.9900 0.0042 
2762     2762   (0)     29 :  0.0034 0.0036 0.9898 0.0032 
2763     2763   (0)     29 :  0.0026 0.0030 0.9902 0.0042 
2764     2764   (0)     29 :  0.0038 0.0056 0.9868 0.0038 
2765     2765   (0)     29 :  0.0030 0.0030 0.9902 0.0038 
2766     2766   (0)     29 :  0.0062 0.0046 0.9836 0.0056 
2767     2767   (0)     29 :  0.0026 0.0032 0.9912 0.0030 
2768     2768   (0)     29 :  0.0024 0.0024 0.9920 0.0032 
2769     2769   (0)     29 :  0.0030 0.0040 0.9884 0.0046 
2770     2770   (0)     29 :  0.0030 0.0038 0.9880 0.0052 
2771     2771   (0)     29 :  0.0030 0.0026 0.9918 0.0026 
2772     2772   (0)     29 :  0.0030 0.0034 0.9884 0.0052 
2773     2773   (0)     29 :  0.0030 0.0036 0.9888 0.0046 
2774     2774   (0)     29 :  0.0046 0.0026 0.9896 0.0032 
2775     2775   (0)     29 :  0.0048 0.0030 0.9884 0.0038 
2776     2776   (0)     29 :  0.0034 0.0032 0.9892 0.0042 
2777     2777   (0)     29 :  0.0038 0.0034 0.9876 0.0052 
2778     2778   (0)     29 :  0.0022 0.0026 0.9914 0.0038 
2779     2779   (0)     29 :  0.0030 0.0030 0.9902 0.0038 
2780     2780   (0)     29 :  0.0194 0.0044 0.9694 0.0068 
2781     2781   (0)     29 :  0.0034 0.0030 0.9906 0.0030 
2782     2782   (0)     29 :  0.0038 0.0034 0.9856 0.0072 
2783     2783   (0)     29 :  0.0032 0.0030 0.9904 0.0034 
2784     2784   (0)     29 :  0.0030 0.0030 0.9902 0.0038 
2785     2785   (0)     29 :  0.0238 0.0034 0.9664 0.0064 
2786     2786   (0)     29 :  0.0030 0.0032 0.9906 0.0032 
2787     2787   (0)     29 :  0.0022 0.0030 0.9910 0.0038 
2788     2788   (0)     29 :  0.0046 0.0026 0.9896 0.0032 
2789     2789   (0)     29 :  0.0046 0.0034 0.9866 0.0054 
2790     2790   (0)     29 :  0.0042 0.0044 0.9874 0.0040 
2791     2791   (0)     29 :  0.0022 0.0030 0.9918 0.0030 
2792     2792   (0)     29 :  0.0030 0.0038 0.9886 0.0046 
2793     2793   (0)     29 :  0.0026 0.0026 0.9910 0.0038 
2794     2794   (0)     29 :  0.0030 0.0032 0.9898 0.0040 
2795     2795   (0)     29 :  0.0030 0.0028 0.9912 0.0030 
2796     2796   (0)     29 :  0.0030 0.0026 0.9910 0.0034 
2797     2797   (0)     29 :  0.0024 0.0022 0.9924 0.0030 
2798     2798   (0)     29 :  0.0030 0.0030 0.9908 0.0032 
2799     2799   (0)     29 :  0.0032 0.0038 0.9892 0.0038 
2800     2800   (0)     29 :  0.0026 0.0026 0.9916 0.0032 
2801     2801   (0)     29 :  0.0134 0.0054 0.9530 0.0282 
2802     2802   (0)     29 :  0.0026 0.0026 0.9918 0.0030 
2803     2803   (0)     29 :  0.0046 0.0038 0.9874 0.0042 
2804     2804   (0)     29 :  0.0048 0.0040 0.9864 0.0048 
2805     2805   (0)     29 :  0.0026 0.0030 0.9918 0.0026 
2806     2806   (0)     29 :  0.0026 0.0032 0.9908 0.0034 
2807     2807   (0)     29 :  0.0026 0.0032 0.9910 0.0032 
2808     2808   (0)     29 :  0.0026 0.0026 0.9910 0.0038 
2809     2809   (0)     29 :  0.0038 0.0034 0.9896 0.0032 
2810     2810   (0)     29 :  0.0050 0.0046 0.9824 0.0080 
2811     2811   (0)     29 :  0.0046 0.0030 0.9874 0.0050 
2812     2812   (0)     29 :  0.0026 0.0030 0.9906 0.0038 
2813     2813   (0)     29 :  0.0042 0.0032 0.9874 0.0052 
2814     2814   (0)     29 :  0.0054 0.0032 0.9874 0.0040 
2815     2815   (0)     29 :  0.0050 0.0040 0.9854 0.0056 
2816     2816   (0)     29 :  0.0022 0.0026 0.9922 0.0030 
2817     2817   (0)     29 :  0.0022 0.0036 0.9904 0.0038 
2818     2818   (0)     29 :  0.0138 0.0100 0.9638 0.0124 
2819     2819   (0)     29 :  0.0050 0.0044 0.9872 0.0034 
2820     2820   (0)     29 :  0.0034 0.0044 0.9864 0.0058 
2821     2821   (0)     29 :  0.0036 0.0036 0.9888 0.0040 
2822     2822   (0)     29 :  0.0030 0.0026 0.9914 0.0030 
2823     2823   (0)     29 :  0.0062 0.0046 0.9832 0.0060 
2824     2824   (0)     29 :  0.0034 0.0036 0.9900 0.0030 
2825     2825   (0)     29 :  0.0054 0.0030 0.9876 0.0040 
2826     2826   (0)     29 :  0.0030 0.0030 0.9902 0.0038 
2827     2827   (0)     29 :  0.0076 0.0068 0.9818 0.0038 
2828     2828   (0)     29 :  0.0038 0.0036 0.9878 0.0048 
2829     2829   (0)     29 :  0.0028 0.0026 0.9914 0.0032 
2830     2830   (0)     29 :  0.0030 0.0030 0.9910 0.0030 
2831     2831   (0)     29 :  0.0026 0.0026 0.9918 0.0030 
2832     2832   (0)     29 :  0.0026 0.0032 0.9898 0.0044 
2833     2833   (0)     29 :  0.0022 0.0030 0.9916 0.0032 
2834     2834   (0)     29 :  0.0050 0.0050 0.9860 0.0040 
2835     2835   (0)     29 :  0.0030 0.0026 0.9912 0.0032 
2836     2836   (0)     29 :  0.0104 0.0052 0.9782 0.0062 
2837     2837   (0)     29 :  0.0030 0.0034 0.9898 0.0038 
2838     2838   (0)     29 :  0.0054 0.0056 0.9828 0.0062 
2839     2839   (0)     29 :  0.0030 0.0032 0.9886 0.0052 
2840     2840   (0)     29 :  0.0050 0.0052 0.9846 0.0052 
2841     2841   (0)     29 :  0.0026 0.0024 0.9920 0.0030 
2842     2842   (0)     29 :  0.0042 0.0026 0.9894 0.0038 
2843     2843   (0)     29 :  0.0026 0.0024 0.9920 0.0030 
2844     2844   (0)     29 :  0.0032 0.0034 0.9908 0.0026 
2845     2845   (0)     29 :  0.0030 0.0032 0.9900 0.0038 
2846     2846   (0)     29 :  0.0058 0.0044 0.9858 0.0040 
2847     2847   (0)     29 :  0.0040 0.0030 0.9870 0.0060 
2848     2848   (0)     29 :  0.0030 0.0030 0.9906 0.0034 
2849     2849   (0)     29 :  0.0026 0.0028 0.9912 0.0034 
2850     2850   (0)     29 :  0.0074 0.0064 0.9802 0.0060 
2851     2851   (0)     29 :  0.0064 0.0030 0.9874 0.0032 
2852     2852   (0)     29 :  0.0042 0.0038 0.9882 0.0038 
2853     2853   (0)     29 :  0.0026 0.0030 0.9914 0.0030 
2854     2854   (0)     29 :  0.0034 0.0038 0.9872 0.0056 
2855     2855   (0)     29 :  0.0030 0.0062 0.9864 0.0044 
2856     2856   (0)     29 :  0.0080 0.0038 0.9832 0.0050 
2857     2857   (0)     29 :  0.0026 0.0026 0.9916 0.0032 
2858     2858   (0)     29 :  0.0066 0.0074 0.9806 0.0054 
2859     2859   (0)     29 :  0.0038 0.0032 0.9892 0.0038 
2860     2860   (0)     29 :  0.0042 0.0042 0.9862 0.0054 
2861     2861   (0)     29 :  0.0022 0.0032 0.9920 0.0026 
2862     2862   (0)     29 :  0.0030 0.0024 0.9912 0.0034 
2863     2863   (0)     29 :  0.0030 0.0032 0.9896 0.0042 
2864     2864   (0)     29 :  0.0030 0.0030 0.9902 0.0038 
2865     2865   (0)     29 :  0.0026 0.0026 0.9910 0.0038 
2866     2866   (0)     29 :  0.0030 0.0046 0.9826 0.0098 
2867     2867   (0)     29 :  0.0034 0.0038 0.9874 0.0054 
2868     2868   (0)     29 :  0.0030 0.0026 0.9910 0.0034 
2869     2869   (0)     29 :  0.0374 0.0178 0.9282 0.0166 
2870     2870   (0)     29 :  0.0030 0.0038 0.9900 0.0032 
2871     2871   (0)     29 :  0.0024 0.0044 0.9898 0.0034 
2872     2872   (0)     29 :  0.0026 0.0032 0.9912 0.0030 
2873     2873   (0)     29 :  0.0086 0.0040 0.9828 0.0046 
2874     2874   (0)     29 :  0.0078 0.0040 0.9806 0.0076 
2875     2875   (0)     29 :  0.0038 0.0034 0.9892 0.0036 
2876     2876   (0)     29 :  0.0026 0.0020 0.9922 0.0032 
2877     2877   (0)     29 :  0.0022 0.0026 0.9914 0.0038 
2878     2878   (0)     29 :  0.0022 0.0026 0.9918 0.0034 
2879     2879   (0)     29 :  0.0026 0.0034 0.9902 0.0038 
2880     2880   (0)     29 :  0.0022 0.0034 0.9914 0.0030 
2881     2881   (0)     29 :  0.0064 0.0040 0.9798 0.0098 
2882     2882   (0)     29 :  0.0024 0.0026 0.9916 0.0034 
2883     2883   (0)     29 :  0.0050 0.0038 0.9874 0.0038 
2884     2884   (0)     29 :  0.0028 0.0028 0.9910 0.0034 
2885     2885   (0)     29 :  0.0034 0.0048 0.9882 0.0036 
2886     2886   (0)     29 :  0.0030 0.0042 0.9896 0.0032 
2887     2887   (0)     29 :  0.0024 0.0036 0.9900 0.0040 
2888     2888   (0)     29 :  0.0048 0.0038 0.9864 0.0050 
2889     2889   (0)     29 :  0.0030 0.0024 0.9914 0.0032 
2890     2890   (0)     29 :  0.0098 0.0096 0.9710 0.0096 
2891     2891   (0)     29 :  0.0030 0.0030 0.9908 0.0032 
2892     2892   (0)     29 :  0.0038 0.0040 0.9872 0.0050 
2893     2893   (0)     29 :  0.0022 0.0026 0.9920 0.0032 
2894     2894   (0)     29 :  0.0036 0.0030 0.9894 0.0040 
2895     2895   (0)     29 :  0.0024 0.0034 0.9912 0.0030 
2896     2896   (0)     29 :  0.0030 0.0026 0.9914 0.0030 
2897     2897   (0)     29 :  0.0030 0.0026 0.9910 0.0034 
2898     2898   (0)     29 :  0.0034 0.0038 0.9874 0.0054 
2899     2899   (0)     29 :  0.0044 0.0052 0.9848 0.0056 
2900     2900   (0)     29 :  0.0030 0.0026 0.9906 0.0038 
2901     2901   (0)     29 :  0.0044 0.0026 0.9892 0.0038 
2902     2902   (0)     29 :  0.0026 0.0026 0.9922 0.0026 
2903     2903   (0)     29 :  0.0056 0.0038 0.9854 0.0052 
2904     2904   (0)     29 :  0.0094 0.0034 0.9814 0.0058 
2905     2905   (0)     29 :  0.0046 0.0034 0.9880 0.0040 
2906     2906   (0)     29 :  0.0038 0.0026 0.9898 0.0038 
2907     2907   (0)     29 :  0.0050 0.0038 0.9872 0.0040 
2908     2908   (0)     29 :  0.0042 0.0046 0.9818 0.0094 
2909     2909   (0)     29 :  0.0042 0.0040 0.9872 0.0046 
2910     2910   (0)     29 :  0.0048 0.0026 0.9888 0.0038 
2911     2911   (0)     29 :  0.0034 0.0030 0.9906 0.0030 
2912     2912   (0)     29 :  0.0022 0.0032 0.9916 0.0030 
2913     2913   (0)     29 :  0.0030 0.0030 0.9902 0.0038 
2914     2914   (0)     29 :  0.0042 0.0038 0.9868 0.0052 
2915     2915   (0)     29 :  0.0050 0.0044 0.9864 0.0042 
2916     2916   (0)     29 :  0.0022 0.0026 0.9922 0.0030 
2917     2917   (0)     29 :  0.0030 0.0026 0.9906 0.0038 
2918     2918   (0)     29 :  0.0030 0.0034 0.9898 0.0038 
2919     2919   (0)     29 :  0.0022 0.0032 0.9916 0.0030 
2920     2920   (0)     29 :  0.0026 0.0024 0.9920 0.0030 
2921     2921   (0)     29 :  0.0032 0.0038 0.9900 0.0030 
2922     2922   (0)     29 :  0.0024 0.0024 0.9914 0.0038 
2923     2923   (0)     29 :  0.0030 0.0038 0.9896 0.0036 
2924     2924   (0)     29 :  0.0038 0.0040 0.9876 0.0046 
2925     2925   (0)     29 :  0.0028 0.0042 0.9872 0.0058 
2926     2926   (5)     30 :  0.9884 0.0034 0.0048 0.0034 
2927     2927   (0)     30 :  0.9910 0.0030 0.0030 0.0030 
2928     2928   (0)     30 :  0.9836 0.0050 0.0056 0.0058 
2929     2929   (0)     30 :  0.9906 0.0034 0.0022 0.0038 
2930     2930   (5)     30 :  0.9754 0.0140 0.0034 0.0072 
2931     2931   (0)     30 :  0.9906 0.0034 0.0030 0.0030 
2932     2932   (0)     30 :  0.9868 0.0060 0.0038 0.0034 
2933     2933   (0)     30 :  0.9884 0.0046 0.0030 0.0040 
2934     2934   (0)     30 :  0.9872 0.0048 0.0046 0.0034 
2935     2935   (0)     30 :  0.9884 0.0052 0.0034 0.0030 
2936     2936   (0)     30 :  0.9906 0.0034 0.0024 0.0036 
2937     2937   (0)     30 :  0.9902 0.0030 0.0030 0.0038 
2938     2938   (5)     30 :  0.9846 0.0058 0.0032 0.0064 
2939     2939   (0)     30 :  0.9896 0.0036 0.0038 0.0030 
2940     2940   (0)     30 :  0.9892 0.0040 0.0032 0.0036 
2941     2941   (0)     30 :  0.9918 0.0024 0.0028 0.0030 
2942     2942   (0)     30 :  0.9862 0.0044 0.0030 0.0064 
2943     2943   (0)     30 :  0.9892 0.0034 0.0042 0.0032 
2944     2944   (0)     30 :  0.9826 0.0044 0.0080 0.0050 
2945     2945   (0)     30 :  0.9720 0.0076 0.0062 0.0142 
2946     2946   (0)     30 :  0.9902 0.0038 0.0026 0.0034 
2947     2947   (0)     30 :  0.9894 0.0030 0.0038 0.0038 
2948     2948   (0)     30 :  0.9756 0.0054 0.0094 0.0096 
2949     2949   (0)     30 :  0.9794 0.0096 0.0052 0.0058 
2950     2950   (0)     30 :  0.9910 0.0030 0.0030 0.0030 
2951     2951   (0)     30 :  0.9836 0.0052 0.0062 0.0050 
2952     2952   (0)     30 :  0.9900 0.0034 0.0034 0.0032 
2953     2953   (0)     31 :  0.9876 0.0050 0.0034 0.0040 
2954     2954   (0)     31 :  0.9870 0.0048 0.0040 0.0042 
2955     2955   (0)     31 :  0.9892 0.0040 0.0026 0.0042 
2956     2956   (0)     31 :  0.9916 0.0024 0.0030 0.0030 
2957     2957   (0)     31 :  0.9866 0.0052 0.0034 0.0048 
2958     2958   (0)     31 :  0.9894 0.0034 0.0034 0.0038 
2959     2959   (0)     31 :  0.9876 0.0044 0.0042 0.0038 
2960     2960   (0)     31 :  0.9874 0.0050 0.0042 0.0034 
2961     2961   (0)     31 :  0.9864 0.0046 0.0048 0.0042 
2962     2962   (0)     31 :  0.9866 0.0058 0.0034 0.0042 
2963     2963   (0)     31 :  0.9894 0.0034 0.0034 0.0038 
2964     2964   (0)     31 :  0.9884 0.0050 0.0030 0.0036 
2965     2965   (0)     31 :  0.9858 0.0070 0.0030 0.0042 
2966     2966   (0)     31 :  0.9712 0.0090 0.0060 0.0138 
2967     2967   (0)     31 :  0.9862 0.0060 0.0030 0.0048 
2968     2968   (0)     31 :  0.9810 0.0062 0.0072 0.0056 
2969     2969   (0)     31 :  0.9878 0.0044 0.0040 0.0038 
2970     2970   (0)     31 :  0.9900 0.0044 0.0030 0.0026 
2971     2971   (0)     31 :  0.9870 0.0050 0.0026 0.0054 
2972     2972   (0)     31 :  0.9832 0.0046 0.0058 0.0064 
2973     2973   (0)     31 :  0.9910 0.0030 0.0030 0.0030 
2974     2974   (0)     31 :  0.9880 0.0044 0.0034 0.0042 
2975     2975   (0)     31 :  0.9870 0.0050 0.0038 0.0042 
2976     2976   (0)     31 :  0.9874 0.0042 0.0034 0.0050 
2977     2977   (0)     31 :  0.9840 0.0066 0.0050 0.0044 
2978     2978   (0)     31 :  0.9878 0.0048 0.0038 0.0036 
2979     2979   (0)     31 :  0.9906 0.0034 0.0030 0.0030 
2980     2980   (0)     31 :  0.9898 0.0034 0.0030 0.0038 
2981     2981   (0)     31 :  0.9824 0.0048 0.0080 0.0048 
2982     2982   (0)     31 :  0.9878 0.0048 0.0038 0.0036 
2983     2983   (0)     31 :  0.9880 0.0042 0.0032 0.0046 
2984     2984   (0)     31 :  0.9894 0.0044 0.0030 0.0032 
2985     2985   (0)     31 :  0.9896 0.0052 0.0022 0.0030 
2986     2986   (0)     31 :  0.9908 0.0026 0.0034 0.0032 
2987     2987   (0)     31 :  0.9832 0.0068 0.0044 0.0056 
2988     2988   (0)     31 :  0.9886 0.0034 0.0042 0.0038 
2989     2989   (0)     31 :  0.9900 0.0048 0.0022 0.0030 
2990     2990   (0)     31 :  0.9898 0.0036 0.0034 0.0032 
2991     2991   (0)     31 :  0.9866 0.0058 0.0038 0.0038 
2992     2992   (0)     31 :  0.9904 0.0032 0.0026 0.0038 
2993     2993   (0)     31 :  0.9846 0.0052 0.0034 0.0068 
2994     2994   (0)     31 :  0.9868 0.0034 0.0056 0.0042 
2995     2995   (0)     31 :  0.9900 0.0038 0.0030 0.0032 
2996     2996   (0)     31 :  0.9854 0.0036 0.0052 0.0058 
2997     2997   (0)     31 :  0.9844 0.0056 0.0054 0.0046 
2998     2998   (0)     31 :  0.9858 0.0042 0.0046 0.0054 
2999     2999   (0)     31 :  0.9892 0.0034 0.0034 0.0040 
3000     3000   (0)     31 :  0.9868 0.0044 0.0034 0.0054 
3001     3001   (0)     31 :  0.9890 0.0048 0.0030 0.0032 
3002     3002   (0)     31 :  0.9864 0.0066 0.0028 0.0042 
3003     3003   (0)     31 :  0.9910 0.0030 0.0030 0.0030 
3004     3004   (0)     31 :  0.9854 0.0052 0.0040 0.0054 
3005     3005   (0)     31 :  0.9898 0.0048 0.0024 0.0030 
3006     3006   (0)     31 :  0.9844 0.0048 0.0062 0.0046 
3007     3007   (0)     31 :  0.9912 0.0034 0.0022 0.0032 
3008     3008   (0)     31 :  0.9882 0.0046 0.0034 0.0038 
3009     3009   (0)     31 :  0.9896 0.0030 0.0036 0.0038 
3010     3010   (0)     31 :  0.9896 0.0044 0.0030 0.0030 
3011     3011   (0)     31 :  0.9866 0.0040 0.0042 0.0052 
3012     3012   (0)     31 :  0.9918 0.0030 0.0022 0.0030 
3013     3013   (0)     31 :  0.9886 0.0038 0.0044 0.0032 
3014     3014   (0)     31 :  0.9858 0.0054 0.0046 0.0042 
3015     3015   (0)     31 :  0.9888 0.0038 0.0036 0.0038 
3016     3016   (0)     31 :  0.9896 0.0040 0.0026 0.0038 
3017     3017   (0)     31 :  0.9862 0.0044 0.0052 0.0042 
3018     3018   (0)     31 :  0.9844 0.0072 0.0044 0.0040 
3019     3019   (0)     31 :  0.9886 0.0046 0.0036 0.0032 
3020     3020   (0)     31 :  0.9868 0.0048 0.0030 0.0054 
3021     3021   (0)     31 :  0.9850 0.0040 0.0062 0.0048 
3022     3022   (0)     31 :  0.9890 0.0050 0.0030 0.0030 
3023     3023   (0)     31 :  0.9876 0.0034 0.0024 0.0066 
3024     3024   (0)     31 :  0.9910 0.0030 0.0030 0.0030 
3025     3025   (0)     31 :  0.9844 0.0062 0.0046 0.0048 
3026     3026   (0)     31 :  0.9856 0.0042 0.0062 0.0040 
3027     3027   (0)     31 :  0.9898 0.0036 0.0030 0.0036 
3028     3028   (0)     31 :  0.9802 0.0072 0.0068 0.0058 
3029     3029   (0)     31 :  0.9872 0.0034 0.0052 0.0042 
3030     3030   (0)     31 :  0.9634 0.0060 0.0072 0.0234 
3031     3031   (0)     31 :  0.9836 0.0050 0.0046 0.0068 
3032     3032   (0)     31 :  0.9874 0.0048 0.0034 0.0044 
3033     3033   (0)     31 :  0.9812 0.0084 0.0046 0.0058 
3034     3034   (0)     31 :  0.9870 0.0048 0.0026 0.0056 
3035     3035   (0)     31 :  0.9846 0.0046 0.0056 0.0052 
3036     3036   (0)     31 :  0.9714 0.0078 0.0068 0.0140 
3037     3037   (0)     31 :  0.9906 0.0032 0.0030 0.0032 
3038     3038   (0)     31 :  0.9860 0.0050 0.0030 0.0060 
3039     3039   (0)     31 :  0.9912 0.0032 0.0026 0.0030 
3040     3040   (0)     31 :  0.9864 0.0040 0.0050 0.0046 
3041     3041   (0)     31 :  0.9902 0.0036 0.0030 0.0032 
3042     3042   (0)     31 :  0.9910 0.0038 0.0022 0.0030 
3043     3043   (0)     31 :  0.9898 0.0034 0.0026 0.0042 
3044     3044   (0)     31 :  0.9866 0.0046 0.0034 0.0054 
3045     3045   (0)     31 :  0.9888 0.0046 0.0032 0.0034 
3046     3046   (0)     31 :  0.9902 0.0030 0.0030 0.0038 
3047     3047   (0)     31 :  0.9860 0.0056 0.0032 0.0052 
3048     3048   (0)     31 :  0.9896 0.0036 0.0034 0.0034 
3049     3049   (0)     31 :  0.9886 0.0054 0.0026 0.0034 
3050     3050   (0)     31 :  0.9876 0.0048 0.0038 0.0038 
3051     3051   (0)     31 :  0.9914 0.0024 0.0030 0.0032 
3052     3052   (0)     31 :  0.9854 0.0040 0.0060 0.0046 
3053     3053   (0)     31 :  0.9890 0.0036 0.0034 0.0040 
3054     3054   (0)     31 :  0.9888 0.0038 0.0042 0.0032 
3055     3055   (0)     31 :  0.9874 0.0058 0.0030 0.0038 
3056     3056   (0)     31 :  0.9816 0.0076 0.0044 0.0064 
3057     3057   (0)     31 :  0.9856 0.0060 0.0038 0.0046 
3058     3058   (0)     31 :  0.9866 0.0034 0.0066 0.0034 
3059     3059   (0)     31 :  0.9874 0.0050 0.0026 0.0050 
3060     3060   (0)     31 :  0.9898 0.0034 0.0030 0.0038 
3061     3061   (0)     31 :  0.9808 0.0056 0.0086 0.0050 
3062     3062   (0)     31 :  0.9860 0.0044 0.0054 0.0042 
3063     3063   (0)     31 :  0.9876 0.0034 0.0042 0.0048 
3064     3064   (0)     31 :  0.9912 0.0030 0.0026 0.0032 
3065     3065   (0)     31 :  0.9910 0.0030 0.0030 0.0030 
3066     3066   (0)     31 :  0.9906 0.0030 0.0026 0.0038 
3067     3067   (0)     31 :  0.9924 0.0024 0.0022 0.0030 
3068     3068   (0)     31 :  0.9878 0.0046 0.0034 0.0042 
3069     3069   (0)     31 :  0.9894 0.0034 0.0042 0.0030 
3070     3070   (0)     31 :  0.9896 0.0034 0.0026 0.0044 
3071     3071   (0)     31 :  0.9880 0.0044 0.0034 0.0042 
3072     3072   (0)     31 :  0.9896 0.0036 0.0026 0.0042 
3073     3073   (0)     31 :  0.9864 0.0048 0.0034 0.0054 
3074     3074   (0)     31 :  0.9810 0.0066 0.0052 0.0072 
3075     3075   (0)     31 :  0.9846 0.0054 0.0058 0.0042 
3076     3076   (0)     31 :  0.9802 0.0060 0.0074 0.0064 
3077     3077   (0)     31 :  0.9822 0.0052 0.0080 0.0046 
3078     3078   (0)     31 :  0.9916 0.0030 0.0024 0.0030 
3079     3079   (0)     31 :  0.9894 0.0050 0.0026 0.0030 
3080     3080   (0)     31 :  0.9878 0.0030 0.0036 0.0056 
3081     3081   (0)     31 :  0.9856 0.0048 0.0046 0.0050 
3082     3082   (0)     31 :  0.9884 0.0038 0.0044 0.0034 
3083     3083   (0)     31 :  0.9896 0.0038 0.0034 0.0032 
3084     3084   (0)     31 :  0.9870 0.0050 0.0034 0.0046 
3085     3085   (0)     31 :  0.9898 0.0034 0.0030 0.0038 
3086     3086   (0)     31 :  0.9788 0.0082 0.0046 0.0084 
3087     3087   (0)     31 :  0.9892 0.0034 0.0034 0.0040 
3088     3088   (0)     31 :  0.9908 0.0034 0.0026 0.0032 
3089     3089   (0)     31 :  0.9892 0.0038 0.0036 0.0034 
3090     3090   (0)     31 :  0.9870 0.0048 0.0040 0.0042 
3091     3091   (0)     31 :  0.9840 0.0058 0.0034 0.0068 
3092     3092   (0)     31 :  0.9796 0.0072 0.0078 0.0054 
3093     3093   (0)     31 :  0.9862 0.0040 0.0046 0.0052 
3094     3094   (0)     31 :  0.9808 0.0084 0.0052 0.0056 
3095     3095   (0)     31 :  0.9888 0.0042 0.0034 0.0036 
3096     3096   (0)     31 :  0.9910 0.0030 0.0022 0.0038 
3097     3097   (0)     31 :  0.9898 0.0026 0.0038 0.0038 
3098     3098   (0)     31 :  0.9840 0.0052 0.0058 0.0050 
3099     3099   (0)     31 :  0.9902 0.0038 0.0026 0.0034 
3100     3100   (0)     31 :  0.9896 0.0044 0.0026 0.0034 
3101     3101   (0)     31 :  0.9886 0.0042 0.0030 0.0042 
3102     3102   (0)     31 :  0.9870 0.0052 0.0030 0.0048 
3103     3103   (0)     31 :  0.9852 0.0062 0.0038 0.0048 
3104     3104   (0)     31 :  0.9886 0.0046 0.0030 0.0038 
3105     3105   (0)     31 :  0.9872 0.0056 0.0026 0.0046 
3106     3106   (0)     31 :  0.9808 0.0052 0.0072 0.0068 
3107     3107   (0)     31 :  0.9898 0.0040 0.0030 0.0032 
3108     3108   (0)     31 :  0.9874 0.0040 0.0048 0.0038 
3109     3109   (0)     31 :  0.9848 0.0036 0.0064 0.0052 
3110     3110   (0)     31 :  0.9832 0.0040 0.0066 0.0062 
3111     3111   (0)     31 :  0.9864 0.0044 0.0054 0.0038 
3112     3112   (0)     31 :  0.9912 0.0030 0.0030 0.0028 
3113     3113   (0)     31 :  0.9854 0.0052 0.0030 0.0064 
3114     3114   (0)     31 :  0.9818 0.0064 0.0068 0.0050 
3115     3115   (0)     31 :  0.9852 0.0058 0.0052 0.0038 
3116     3116   (0)     31 :  0.9826 0.0080 0.0044 0.0050 
3117     3117   (0)     31 :  0.9750 0.0096 0.0056 0.0098 
3118     3118   (0)     31 :  0.9890 0.0032 0.0030 0.0048 
3119     3119   (0)     31 :  0.9842 0.0036 0.0086 0.0036 
3120     3120   (0)     31 :  0.9914 0.0030 0.0026 0.0030 
3121     3121   (0)     31 :  0.9894 0.0030 0.0038 0.0038 
3122     3122   (0)     31 :  0.9882 0.0038 0.0042 0.0038 
3123     3123   (0)     31 :  0.9886 0.0040 0.0036 0.0038 
3124     3124   (0)     31 :  0.9908 0.0034 0.0026 0.0032 
3125     3125   (0)     31 :  0.9890 0.0040 0.0038 0.0032 
3126     3126   (0)     31 :  0.9894 0.0044 0.0030 0.0032 
3127     3127   (0)     31 :  0.9888 0.0050 0.0030 0.0032 
3128     3128   (0)     31 :  0.9904 0.0028 0.0034 0.0034 
3129     3129   (0)     31 :  0.9882 0.0044 0.0026 0.0048 
3130     3130   (0)     31 :  0.9882 0.0034 0.0054 0.0030 
3131     3131   (0)     31 :  0.9902 0.0044 0.0022 0.0032 
3132     3132   (0)     31 :  0.9896 0.0034 0.0032 0.0038 
3133     3133   (0)     31 :  0.9882 0.0050 0.0036 0.0032 
3134     3134   (0)     31 :  0.9920 0.0024 0.0026 0.0030 
3135     3135   (0)     31 :  0.9864 0.0050 0.0034 0.0052 
3136     3136   (0)     31 :  0.9888 0.0036 0.0036 0.0040 
3137     3137   (0)     31 :  0.9880 0.0046 0.0032 0.0042 
3138     3138   (0)     31 :  0.9846 0.0044 0.0070 0.0040 
3139     3139   (0)     31 :  0.9902 0.0034 0.0030 0.0034 
3140     3140   (0)     31 :  0.9878 0.0034 0.0050 0.0038 
3141     3141   (0)     31 :  0.9824 0.0050 0.0054 0.0072 
3142     3142   (0)     31 :  0.9866 0.0076 0.0026 0.0032 
3143     3143   (0)     31 :  0.9882 0.0040 0.0038 0.0040 
3144     3144   (0)     31 :  0.9916 0.0030 0.0024 0.0030 
3145     3145   (0)     31 :  0.9902 0.0038 0.0026 0.0034 
3146     3146   (0)     31 :  0.9844 0.0052 0.0060 0.0044 
3147     3147   (0)     31 :  0.9898 0.0030 0.0030 0.0042 
3148     3148   (0)     31 :  0.9898 0.0030 0.0034 0.0038 
3149     3149   (0)     31 :  0.9902 0.0034 0.0026 0.0038 
3150     3150   (0)     31 :  0.9868 0.0046 0.0032 0.0054 
3151     3151   (0)     31 :  0.9906 0.0030 0.0026 0.0038 
3152     3152   (0)     31 :  0.9820 0.0074 0.0044 0.0062 
3153     3153   (0)     31 :  0.9896 0.0028 0.0038 0.0038 
3154     3154   (0)     31 :  0.9884 0.0034 0.0048 0.0034 
3155     3155   (0)     31 :  0.9816 0.0072 0.0054 0.0058 
3156     3156   (0)     31 :  0.9894 0.0032 0.0030 0.0044 
3157     3157   (0)     31 :  0.9870 0.0060 0.0030 0.0040 
3158     3158   (0)     31 :  0.9876 0.0042 0.0042 0.0040 
3159     3159   (0)     31 :  0.9854 0.0046 0.0050 0.0050 
3160     3160   (0)     31 :  0.9894 0.0034 0.0046 0.0026 
3161     3161   (0)     31 :  0.9914 0.0030 0.0026 0.0030 
3162     3162   (0)     31 :  0.9898 0.0040 0.0030 0.0032 
3163     3163   (0)     31 :  0.9882 0.0050 0.0026 0.0042 
3164     3164   (0)     31 :  0.9894 0.0040 0.0026 0.0040 
3165     3165   (0)     31 :  0.9872 0.0048 0.0042 0.0038 
3166     3166   (0)     31 :  0.9894 0.0040 0.0030 0.0036 
3167     3167   (0)     31 :  0.9846 0.0040 0.0072 0.0042 
3168     3168   (0)     31 :  0.9870 0.0040 0.0050 0.0040 
3169     3169   (0)     31 :  0.9902 0.0042 0.0026 0.0030 
3170     3170   (0)     31 :  0.9888 0.0044 0.0030 0.0038 
3171     3171   (0)     31 :  0.9904 0.0034 0.0026 0.0036 
3172     3172   (0)     31 :  0.9914 0.0030 0.0026 0.0030 
3173     3173   (0)     31 :  0.9812 0.0048 0.0096 0.0044 
3174     3174   (0)     31 :  0.9688 0.0196 0.0046 0.0070 
3175     3175   (0)     31 :  0.9840 0.0044 0.0036 0.0080 
3176     3176   (0)     31 :  0.9830 0.0096 0.0030 0.0044 
3177     3177   (0)     31 :  0.9840 0.0040 0.0040 0.0080 
3178     3178   (0)     31 :  0.9856 0.0048 0.0050 0.0046 
3179     3179   (0)     31 :  0.9892 0.0034 0.0038 0.0036 
3180     3180   (0)     31 :  0.9910 0.0032 0.0026 0.0032 
3181     3181   (0)     31 :  0.9872 0.0044 0.0052 0.0032 
3182     3182   (0)     31 :  0.9862 0.0048 0.0036 0.0054 
3183     3183   (0)     31 :  0.9898 0.0036 0.0026 0.0040 
3184     3184   (0)     31 :  0.9902 0.0034 0.0030 0.0034 
3185     3185   (0)     31 :  0.9620 0.0128 0.0060 0.0192 
3186     3186   (0)     31 :  0.9752 0.0076 0.0064 0.0108 
3187     3187   (0)     31 :  0.9886 0.0042 0.0032 0.0040 
3188     3188   (0)     31 :  0.9876 0.0048 0.0038 0.0038 
3189     3189   (0)     31 :  0.9918 0.0030 0.0026 0.0026 
3190     3190   (0)     31 :  0.9910 0.0026 0.0034 0.0030 
3191     3191   (0)     31 :  0.9858 0.0044 0.0060 0.0038 
3192     3192   (0)     31 :  0.9852 0.0054 0.0048 0.0046 
3193     3193   (0)     31 :  0.9876 0.0034 0.0042 0.0048 
3194     3194   (0)     31 :  0.9906 0.0030 0.0022 0.0042 
3195     3195   (0)     31 :  0.9886 0.0034 0.0042 0.0038 
3196     3196   (0)     31 :  0.9906 0.0034 0.0026 0.0034 
3197     3197   (0)     31 :  0.9862 0.0060 0.0038 0.0040 
3198     3198   (0)     31 :  0.9860 0.0060 0.0040 0.0040 
3199     3199   (0)     31 :  0.9908 0.0034 0.0026 0.0032 
3200     3200   (0)     31 :  0.9862 0.0048 0.0038 0.0052 
3201     3201   (0)     31 :  0.9724 0.0102 0.0118 0.0056 
3202     3202   (0)     31 :  0.9820 0.0046 0.0084 0.0050 
3203     3203   (0)     31 :  0.9870 0.0040 0.0044 0.0046 
3204     3204   (0)     31 :  0.9876 0.0046 0.0038 0.0040 
3205     3205   (0)     31 :  0.9918 0.0030 0.0022 0.0030 
3206     3206   (0)     31 :  0.9896 0.0038 0.0034 0.0032 
3207     3207   (0)     31 :  0.9904 0.0034 0.0026 0.0036 
3208     3208   (0)     31 :  0.9924 0.0030 0.0022 0.0024 
3209     3209   (0)     31 :  0.9910 0.0030 0.0030 0.0030 
3210     3210   (0)     31 :  0.9850 0.0048 0.0060 0.0042 
3211     3211   (0)     31 :  0.9894 0.0032 0.0038 0.0036 
3212     3212   (0)     31 :  0.9826 0.0094 0.0030 0.0050 
3213     3213   (0)     31 :  0.9914 0.0030 0.0030 0.0026 
3214     3214   (0)     31 :  0.9878 0.0042 0.0034 0.0046 
3215     3215   (0)     31 :  0.9864 0.0056 0.0038 0.0042 
3216     3216   (0)     31 :  0.9852 0.0050 0.0044 0.0054 
3217     3217   (0)     31 :  0.9670 0.0094 0.0138 0.0098 
3218     3218   (0)     31 :  0.9894 0.0034 0.0038 0.0034 
3219     3219   (0)     31 :  0.9786 0.0044 0.0106 0.0064 
3220     3220   (0)     31 :  0.9892 0.0056 0.0026 0.0026 
3221     3221   (0)     31 :  0.9838 0.0038 0.0086 0.0038 
3222     3222   (0)     31 :  0.9852 0.0074 0.0036 0.0038 
3223     3223   (0)     31 :  0.9844 0.0048 0.0058 0.0050 
3224     3224   (0)     31 :  0.9918 0.0030 0.0022 0.0030 
3225     3225   (0)     31 :  0.9874 0.0040 0.0038 0.0048 
3226     3226   (0)     31 :  0.9910 0.0034 0.0026 0.0030 
3227     3227   (0)     31 :  0.9904 0.0034 0.0030 0.0032 
3228     3228   (0)     31 :  0.9876 0.0058 0.0034 0.0032 
3229     3229   (0)     31 :  0.9834 0.0046 0.0070 0.0050 
3230     3230   (0)     31 :  0.9894 0.0040 0.0034 0.0032 
3231     3231   (0)     31 :  0.9902 0.0038 0.0026 0.0034 
3232     3232   (0)     31 :  0.9760 0.0084 0.0086 0.0070 
3233     3233   (0)     31 :  0.9886 0.0038 0.0038 0.0038 
3234     3234   (0)     31 :  0.9894 0.0048 0.0026 0.0032 
3235     3235   (0)     31 :  0.9902 0.0030 0.0030 0.0038 
3236     3236   (0)     31 :  0.9908 0.0036 0.0024 0.0032 
3237     3237   (0)     31 :  0.9846 0.0078 0.0034 0.0042 
3238     3238   (0)     31 :  0.9898 0.0030 0.0036 0.0036 
3239     3239   (0)     31 :  0.9846 0.0054 0.0050 0.0050 
3240     3240   (0)     31 :  0.9904 0.0030 0.0026 0.0040 
3241     3241   (0)     31 :  0.9910 0.0036 0.0022 0.0032 
3242     3242   (0)     31 :  0.9890 0.0028 0.0042 0.0040 
3243     3243   (0)     31 :  0.9794 0.0054 0.0056 0.0096 
3244     3244   (0)     31 :  0.9902 0.0038 0.0030 0.0030 
3245     3245   (0)     31 :  0.9874 0.0054 0.0034 0.0038 
3246     3246   (0)     31 :  0.9886 0.0052 0.0026 0.0036 
3247     3247   (0)     31 :  0.9882 0.0040 0.0048 0.0030 
3248     3248   (0)     31 :  0.9904 0.0034 0.0030 0.0032 
3249     3249   (0)     31 :  0.9916 0.0030 0.0024 0.0030 
3250     3250   (0)     31 :  0.9900 0.0028 0.0038 0.0034 
3251     3251   (0)     31 :  0.9884 0.0046 0.0034 0.0036 
3252     3252   (0)     31 :  0.9902 0.0030 0.0030 0.0038 
3253     3253   (0)     32 :  0.3878 0.3972 0.0046 0.2104 
3254     3254   (0)     32 :  0.3600 0.3920 0.0224 0.2256 
3255     3255   (0)     32 :  0.3404 0.3944 0.0124 0.2528 
3256     3256   (0)     32 :  0.3688 0.3920 0.0046 0.2346 
3257     3257   (0)     32 :  0.3050 0.3986 0.0088 0.2876 
3258     3258   (0)     32 :  0.3798 0.3656 0.0312 0.2234 
3259     3259   (0)     32 :  0.3534 0.3958 0.0118 0.2390 
3260     3260   (0)     32 :  0.3390 0.3946 0.0070 0.2594 
3261     3261   (0)     32 :  0.3542 0.3962 0.0082 0.2414 
3262     3262   (0)     32 :  0.3406 0.3752 0.0246 0.2596 
3263     3263   (0)     32 :  0.3912 0.3956 0.0060 0.2072 
3264     3264   (0)     32 :  0.3868 0.3970 0.0034 0.2128 
3265     3265   (0)     32 :  0.3866 0.3982 0.0080 0.2072 
3266     3266   (0)     32 :  0.3900 0.3868 0.0112 0.2120 
3267     3267   (0)     32 :  0.3814 0.3968 0.0118 0.2100 
3268     3268   (0)     32 :  0.3944 0.3936 0.0136 0.1984 
3269     3269   (0)     32 :  0.4366 0.3096 0.0102 0.2436 
3270     3270   (0)     32 :  0.3812 0.4050 0.0166 0.1972 
3271     3271   (0)     32 :  0.2854 0.3736 0.0792 0.2618 
3272     3272   (0)     32 :  0.3922 0.3864 0.0052 0.2162 
3273     3273   (0)     32 :  0.3934 0.3974 0.0170 0.1922 
3274     3274   (0)     32 :  0.3758 0.3950 0.0330 0.1962 
3275     3275   (5)     32 :  0.3732 0.3932 0.0274 0.2062 
3276     3276   (0)     32 :  0.3988 0.3980 0.0042 0.1990 
3277     3277   (0)     32 :  0.4098 0.3936 0.0210 0.1756 
3278     3278   (0)     32 :  0.3656 0.3912 0.0070 0.2362 
3279     3279   (0)     32 :  0.3722 0.3878 0.0452 0.1948 
3280     3280   (0)     32 :  0.3990 0.3916 0.0122 0.1972 
3281     3281   (0)     32 :  0.3196 0.3866 0.0796 0.2142 
3282     3282   (0)     32 :  0.3980 0.3978 0.0030 0.2012 
3283     3283   (5)     32 :  0.3896 0.3972 0.0064 0.2068 
3284     3284   (0)     32 :  0.4174 0.3862 0.0068 0.1896 
3285     3285   (0)     32 :  0.2982 0.3972 0.0308 0.2738 
3286     3286   (0)     32 :  0.3958 0.3986 0.0032 0.2024 
3287     3287   (0)     32 :  0.3142 0.3904 0.0944 0.2010 
3288     3288   (0)     32 :  0.2518 0.3780 0.0064 0.3637 
3289     3289   (5)     32 :  0.3046 0.3922 0.0088 0.2944 
3290     3290   (5)     32 :  0.3502 0.3924 0.0626 0.1948 
3291     3291   (5)     32 :  0.3876 0.3958 0.0102 0.2064 
3292     3292   (5)     32 :  0.3444 0.4026 0.0362 0.2168 
3293     3293   (0)     33 :  0.3868 0.3924 0.0252 0.1956 
3294     3294   (0)     33 :  0.3806 0.3922 0.0042 0.2230 
3295     3295   (0)     33 :  0.3774 0.3892 0.0098 0.2236 
3296     3296   (0)     33 :  0.3052 0.3902 0.0266 0.2780 
3297     3297   (0)     33 :  0.3646 0.4048 0.0270 0.2036 
3298     3298   (0)     33 :  0.2668 0.3752 0.1856 0.1724 
3299     3299   (0)     33 :  0.3698 0.4012 0.0300 0.1990 
3300     3300   (0)     33 :  0.3864 0.3978 0.0114 0.2044 
3301     3301   (0)     33 :  0.3798 0.3764 0.0212 0.2226 
3302     3302   (0)     33 :  0.3818 0.3964 0.0088 0.2130 
3303     3303   (0)     33 :  0.4242 0.3890 0.0032 0.1836 
3304     3304   (0)     33 :  0.3806 0.3924 0.0064 0.2206 
3305     3305   (0)     33 :  0.3062 0.3978 0.0056 0.2904 
3306     3306   (0)     33 :  0.3550 0.3868 0.0344 0.2238 
3307     3307   (0)     33 :  0.3308 0.3928 0.0226 0.2538 
3308     3308   (0)     33 :  0.3847 0.3682 0.0062 0.2410 
3309     3309   (0)     33 :  0.3454 0.3916 0.0114 0.2516 
3310     3310   (0)     33 :  0.3770 0.3930 0.0158 0.2142 
3311     3311   (0)     33 :  0.3954 0.3948 0.0054 0.2044 
3312     3312   (0)     33 :  0.3944 0.4016 0.0042 0.1998 
3313     3313   (0)     33 :  0.4014 0.3934 0.0046 0.2006 
3314     3314   (0)     33 :  0.3724 0.3906 0.0084 0.2286 
3315     3315   (0)     33 :  0.4690 0.3718 0.0036 0.1556 
3316     3316   (0)     33 :  0.3616 0.4050 0.0372 0.1962 
3317     3317   (0)     33 :  0.3710 0.3934 0.0038 0.2318 
3318     3318   (0)     33 :  0.3236 0.3816 0.0802 0.2146 
3319     3319   (0)     33 :  0.3890 0.3992 0.0044 0.2074 
3320     3320   (0)     33 :  0.3572 0.3990 0.0142 0.2296 
3321     3321   (0)     33 :  0.2967 0.3972 0.0112 0.2949 
3322     3322   (0)     33 :  0.3644 0.3984 0.0170 0.2202 
3323     3323   (0)     33 :  0.3626 0.3906 0.0190 0.2278 
3324     3324   (0)     33 :  0.3534 0.3940 0.0218 0.2308 
3325     3325   (0)     33 :  0.3918 0.3948 0.0190 0.1944 
3326     3326   (0)     33 :  0.3992 0.3894 0.0114 0.2000 
3327     3327   (0)     33 :  0.5375 0.3187 0.0192 0.1246 
3328     3328   (0)     33 :  0.3382 0.3970 0.0096 0.2552 
3329     3329   (0)     33 :  0.4006 0.3934 0.0060 0.2000 
3330     3330   (0)     33 :  0.4212 0.3916 0.0068 0.1804 
3331     3331   (0)     33 :  0.3696 0.3904 0.0060 0.2340 
3332     3332   (0)     33 :  0.3818 0.3968 0.0100 0.2114 
3333     3333   (0)     33 :  0.3904 0.3864 0.0174 0.2058 
3334     3334   (0)     33 :  0.3812 0.3966 0.0054 0.2168 
3335     3335   (0)     33 :  0.2920 0.3494 0.0370 0.3216 
3336     3336   (0)     33 :  0.3058 0.4066 0.0450 0.2426 
3337     3337   (0)     33 :  0.3918 0.3980 0.0090 0.2012 
3338     3338   (0)     33 :  0.3832 0.3998 0.0144 0.2026 
3339     3339   (0)     33 :  0.3191 0.2939 0.0090 0.3780 
3340     3340   (0)     33 :  0.3916 0.3920 0.0112 0.2052 
3341     3341   (0)     33 :  0.3728 0.3928 0.0086 0.2258 
3342     3342   (0)     33 :  0.2630 0.3946 0.0414 0.3010 
3343     3343   (0)     33 :  0.3028 0.3894 0.0108 0.2970 
3344     3344   (0)     33 :  0.3078 0.3768 0.1206 0.1948 
3345     3345   (0)     33 :  0.3998 0.3924 0.0046 0.2032 
3346     3346   (0)     33 :  0.4008 0.3956 0.0044 0.1992 
3347     3347   (0)     33 :  0.2515 0.3934 0.0070 0.3481 
3348     3348   (0)     33 :  0.3852 0.3804 0.0338 0.2006 
3349     3349   (0)     33 :  0.3742 0.3968 0.0056 0.2234 
3350     3350   (0)     33 :  0.3780 0.3884 0.0064 0.2272 
3351     3351   (0)     33 :  0.3616 0.3952 0.0170 0.2262 
3352     3352   (0)     33 :  0.4048 0.3914 0.0062 0.1976 
3353     3353   (0)     33 :  0.1953 0.3828 0.0078 0.4141 
3354     3354   (0)     33 :  0.2409 0.3904 0.0866 0.2820 
3355     3355   (0)     33 :  0.4270 0.3946 0.0034 0.1750 
3356     3356   (0)     33 :  0.3542 0.3930 0.0090 0.2438 
3357     3357   (0)     33 :  0.3612 0.3934 0.0036 0.2418 
3358     3358   (0)     33 :  0.3924 0.3994 0.0058 0.2024 
3359     3359   (0)     33 :  0.3698 0.3976 0.0072 0.2254 
3360     3360   (0)     33 :  0.3035 0.3952 0.0966 0.2048 
3361     3361   (0)     33 :  0.3640 0.3958 0.0176 0.2226 
3362     3362   (0)     33 :  0.3070 0.3900 0.0080 0.2950 
3363     3363   (0)     33 :  0.3690 0.3980 0.0110 0.2220 
3364     3364   (0)     33 :  0.4144 0.3932 0.0052 0.1872 
3365     3365   (0)     33 :  0.2839 0.3686 0.1581 0.1894 
3366     3366   (0)     33 :  0.3992 0.3890 0.0104 0.2014 
3367     3367   (0)     33 :  0.3710 0.3972 0.0076 0.2242 
3368     3368   (0)     33 :  0.3858 0.4000 0.0056 0.2086 
3369     3369   (0)     33 :  0.4300 0.3934 0.0072 0.1694 
3370     3370   (0)     33 :  0.3336 0.3890 0.1000 0.1774 
3371     3371   (0)     33 :  0.3474 0.4252 0.0132 0.2142 
3372     3372   (0)     33 :  0.3730 0.3944 0.0092 0.2234 
3373     3373   (0)     33 :  0.3672 0.3946 0.0104 0.2278 
3374     3374   (0)     33 :  0.4004 0.3920 0.0128 0.1948 
3375     3375   (0)     33 :  0.3798 0.3954 0.0120 0.2128 
3376     3376   (0)     33 :  0.3752 0.3932 0.0122 0.2194 
3377     3377   (0)     33 :  0.3848 0.3954 0.0054 0.2144 
3378     3378   (0)     33 :  0.3878 0.3848 0.0068 0.2206 
3379     3379   (0)     33 :  0.3636 0.3962 0.0166 0.2236 
3380     3380   (0)     33 :  0.3934 0.4016 0.0028 0.2022 
3381     3381   (0)     33 :  0.3217 0.3896 0.0290 0.2597 
3382     3382   (0)     33 :  0.3240 0.4004 0.0122 0.2634 
3383     3383   (0)     33 :  0.2171 0.3762 0.0838 0.3229 
3384     3384   (0)     33 :  0.4148 0.3936 0.0050 0.1866 
3385     3385   (0)     33 :  0.3824 0.3950 0.0196 0.2030 
3386     3386   (0)     33 :  0.3790 0.3972 0.0116 0.2122 
3387     3387   (0)     33 :  0.3286 0.4024 0.0096 0.2594 
3388     3388   (0)     33 :  0.3842 0.3974 0.0140 0.2044 
3389     3389   (0)     33 :  0.4094 0.3662 0.0256 0.1988 
3390     3390   (0)     33 :  0.3166 0.3880 0.0124 0.2830 
3391     3391   (0)     33 :  0.3824 0.3898 0.0252 0.2026 
3392     3392   (0)     33 :  0.3284 0.3966 0.0036 0.2714 
3393     3393   (0)     33 :  0.3658 0.3956 0.0080 0.2306 
3394     3394   (0)     33 :  0.3690 0.3884 0.0420 0.2006 
3395     3395   (0)     33 :  0.4406 0.3856 0.0050 0.1688 
3396     3396   (0)     33 :  0.4040 0.3960 0.0038 0.1962 
3397     3397   (0)     33 :  0.4232 0.3860 0.0184 0.1724 
3398     3398   (0)     33 :  0.3762 0.3970 0.0094 0.2174 
3399     3399   (0)     33 :  0.4264 0.3886 0.0044 0.1806 
3400     3400   (0)     33 :  0.3816 0.3944 0.0066 0.2174 
3401     3401   (0)     33 :  0.3446 0.3918 0.0060 0.2576 
3402     3402   (0)     33 :  0.3504 0.3956 0.0332 0.2208 
3403     3403   (0)     33 :  0.4120 0.3948 0.0044 0.1888 
3404     3404   (0)     33 :  0.3642 0.3968 0.0478 0.1912 
3405     3405   (0)     33 :  0.3497 0.3774 0.0606 0.2124 
3406     3406   (0)     33 :  0.3890 0.3954 0.0058 0.2098 
3407     3407   (0)     33 :  0.3748 0.3956 0.0124 0.2172 
3408     3408   (0)     33 :  0.3676 0.3932 0.0328 0.2064 
3409     3409   (0)     33 :  0.2880 0.3860 0.0788 0.2472 
3410     3410   (0)     33 :  0.3954 0.3982 0.0058 0.2006 
3411     3411   (0)     33 :  0.3830 0.3910 0.0112 0.2148 
3412     3412   (0)     33 :  0.3960 0.3994 0.0034 0.2012 
3413     3413   (0)     33 :  0.3754 0.3958 0.0036 0.2252 
3414     3414   (0)     33 :  0.3932 0.3976 0.0062 0.2030 
3415     3415   (0)     33 :  0.3876 0.3944 0.0130 0.2050 
3416     3416   (0)     33 :  0.3920 0.3958 0.0038 0.2084 
3417     3417   (0)     33 :  0.1852 0.3085 0.0066 0.4997 
3418     3418   (0)     33 :  0.2692 0.3812 0.0716 0.2780 
3419     3419   (0)     33 :  0.2478 0.3544 0.0208 0.3770 
3420     3420   (0)     33 :  0.3728 0.3954 0.0086 0.2232 
3421     3421   (0)     33 :  0.3920 0.3954 0.0088 0.2038 
3422     3422   (0)     33 :  0.3542 0.3884 0.0530 0.2044 
3423     3423   (0)     33 :  0.3486 0.3896 0.0242 0.2376 
3424     3424   (0)     33 :  0.4026 0.3902 0.0032 0.2040 
3425     3425   (0)     33 :  0.3860 0.3954 0.0044 0.2142 
3426     3426   (0)     33 :  0.2983 0.3918 0.0118 0.2980 
3427     3427   (0)     33 :  0.2713 0.3710 0.0070 0.3507 
3428     3428   (0)     33 :  0.3824 0.3986 0.0084 0.2106 
3429     3429   (0)     33 :  0.3834 0.4006 0.0056 0.2104 
3430     3430   (0)     33 :  0.3054 0.3364 0.0210 0.3372 
3431     3431   (0)     33 :  0.3694 0.3932 0.0266 0.2108 
3432     3432   (0)     33 :  0.3658 0.3864 0.0196 0.2282 
3433     3433   (0)     33 :  0.3794 0.3970 0.0054 0.2182 
3434     3434   (0)     33 :  0.3884 0.4042 0.0064 0.2010 
3435     3435   (0)     33 :  0.3836 0.3960 0.0220 0.1984 
3436     3436   (0)     33 :  0.3970 0.3944 0.0128 0.1958 
3437     3437   (0)     33 :  0.3974 0.3934 0.0066 0.2026 
3438     3438   (0)     33 :  0.3410 0.3932 0.0160 0.2498 
3439     3439   (0)     33 :  0.3914 0.3964 0.0038 0.2084 
3440     3440   (0)     33 :  0.3820 0.3998 0.0042 0.2140 
3441     3441   (0)     33 :  0.2454 0.3850 0.1384 0.2312 
3442     3442   (0)     33 :  0.3832 0.4000 0.0152 0.2016 
3443     3443   (0)     33 :  0.3378 0.3920 0.0116 0.2586 
3444     3444   (0)     33 :  0.4002 0.3946 0.0108 0.1944 
3445     3445   (0)     33 :  0.4658 0.3650 0.0062 0.1630 
3446     3446   (0)     33 :  0.3908 0.3974 0.0042 0.2076 
3447     3447   (0)     33 :  0.3848 0.4004 0.0048 0.2100 
3448     3448   (0)     33 :  0.3802 0.3962 0.0052 0.2184 
3449     3449   (0)     33 :  0.3600 0.3938 0.0388 0.2074 
3450     3450   (0)     33 :  0.3712 0.4016 0.0144 0.2128 
3451     3451   (0)     33 :  0.3856 0.3980 0.0100 0.2064 
3452     3452   (0)     33 :  0.3686 0.3860 0.0532 0.1922 
3453     3453   (0)     33 :  0.3654 0.4050 0.0380 0.1916 
3454     3454   (0)     33 :  0.2504 0.4100 0.0078 0.3317 
3455     3455   (0)     33 :  0.3930 0.3962 0.0062 0.2046 
3456     3456   (0)     33 :  0.3556 0.3690 0.0604 0.2150 
3457     3457   (0)     33 :  0.3954 0.3948 0.0116 0.1982 
3458     3458   (0)     33 :  0.3820 0.3964 0.0146 0.2070 
3459     3459   (0)     33 :  0.3008 0.3826 0.0350 0.2816 
3460     3460   (0)     33 :  0.3288 0.3950 0.0650 0.2112 
3461     3461   (0)     33 :  0.3342 0.3932 0.0238 0.2488 
3462     3462   (0)     33 :  0.3772 0.3880 0.0150 0.2198 
3463     3463   (0)     33 :  0.3368 0.3858 0.0950 0.1824 
3464     3464   (0)     33 :  0.3942 0.3986 0.0070 0.2002 
3465     3465   (0)     33 :  0.3724 0.4024 0.0180 0.2072 
3466     3466   (0)     33 :  0.2400 0.3888 0.0204 0.3508 
3467     3467   (0)     33 :  0.3258 0.3912 0.0240 0.2590 
3468     3468   (0)     33 :  0.3814 0.3968 0.0104 0.2114 
3469     3469   (0)     33 :  0.3232 0.3840 0.0104 0.2824 
3470     3470   (0)     33 :  0.2214 0.3826 0.0084 0.3876 
3471     3471   (0)     33 :  0.3394 0.3926 0.0296 0.2384 
3472     3472   (0)     33 :  0.3716 0.4000 0.0296 0.1988 
3473     3473   (0)     33 :  0.3708 0.4128 0.0168 0.1996 
3474     3474   (0)     33 :  0.3954 0.3952 0.0120 0.1974 
3475     3475   (0)     33 :  0.4184 0.3936 0.0032 0.1848 
3476     3476   (0)     33 :  0.3930 0.3958 0.0118 0.1994 
3477     3477   (0)     33 :  0.3856 0.3972 0.0142 0.2030 
3478     3478   (0)     33 :  0.3632 0.3954 0.0348 0.2066 
3479     3479   (0)     33 :  0.3618 0.3944 0.0294 0.2144 
3480     3480   (0)     33 :  0.3890 0.3988 0.0044 0.2078 
3481     3481   (0)     33 :  0.4092 0.4024 0.0058 0.1826 
3482     3482   (0)     33 :  0.3890 0.4032 0.0080 0.1998 
3483     3483   (0)     33 :  0.3948 0.3836 0.0276 0.1940 
3484     3484   (0)     33 :  0.3870 0.4034 0.0050 0.2046 
3485     3485   (0)     33 :  0.3564 0.3964 0.0118 0.2354 
3486     3486   (0)     33 :  0.3510 0.3962 0.0238 0.2290 
3487     3487   (0)     33 :  0.1976 0.3452 0.0148 0.4424 
3488     3488   (0)     33 :  0.3550 0.3910 0.0502 0.2038 
3489     3489   (0)     33 :  0.1230 0.3201 0.0158 0.5411 
3490     3490   (0)     33 :  0.3622 0.3956 0.0066 0.2356 
3491     3491   (0)     33 :  0.3958 0.3966 0.0066 0.2010 
3492     3492   (0)     33 :  0.3604 0.4070 0.0058 0.2268 
3493     3493   (0)     33 :  0.4004 0.3948 0.0096 0.1952 
3494     3494   (0)     33 :  0.4036 0.3994 0.0060 0.1910 
3495     3495   (0)     33 :  0.3884 0.3960 0.0062 0.2094 
3496     3496   (0)     33 :  0.3690 0.3952 0.0314 0.2044 
3497     3497   (0)     33 :  0.3414 0.3890 0.0558 0.2138 
3498     3498   (0)     33 :  0.3898 0.3966 0.0078 0.2058 
3499     3499   (0)     33 :  0.3524 0.3878 0.0246 0.2352 
3500     3500   (0)     33 :  0.3936 0.3962 0.0060 0.2042 
3501     3501   (0)     33 :  0.3898 0.3978 0.0118 0.2006 
3502     3502   (0)     33 :  0.4210 0.3892 0.0050 0.1848 
3503     3503   (0)     33 :  0.2827 0.3690 0.1118 0.2365 
3504     3504   (0)     33 :  0.3466 0.3946 0.0240 0.2348 
3505     3505   (0)     33 :  0.3714 0.3986 0.0096 0.2204 
3506     3506   (0)     33 :  0.3176 0.3842 0.0666 0.2316 
3507     3507   (0)     33 :  0.3760 0.3908 0.0210 0.2122 
3508     3508   (0)     33 :  0.3952 0.3912 0.0044 0.2092 
3509     3509   (0)     33 :  0.3724 0.3956 0.0162 0.2158 
3510     3510   (0)     33 :  0.3878 0.4010 0.0128 0.1984 
3511     3511   (0)     33 :  0.4752 0.3490 0.0264 0.1494 
3512     3512   (0)     33 :  0.2917 0.4000 0.1098 0.1986 
3513     3513   (0)     33 :  0.3302 0.3994 0.0106 0.2598 
3514     3514   (0)     33 :  0.3930 0.3938 0.0038 0.2094 
3515     3515   (0)     33 :  0.3856 0.3922 0.0068 0.2154 
3516     3516   (0)     33 :  0.3432 0.3920 0.0334 0.2314 
3517     3517   (0)     33 :  0.3368 0.3914 0.0102 0.2616 
3518     3518   (0)     33 :  0.3930 0.4000 0.0046 0.2024 
3519     3519   (0)     33 :  0.3190 0.3838 0.0216 0.2756 
3520     3520   (0)     33 :  0.3878 0.3982 0.0074 0.2066 
3521     3521   (0)     33 :  0.2084 0.2589 0.4036 0.1291 
3522     3522   (0)     33 :  0.3620 0.3846 0.0714 0.1820 
3523     3523   (0)     33 :  0.3960 0.3964 0.0042 0.2034 
3524     3524   (0)     33 :  0.4060 0.3958 0.0068 0.1914 
3525     3525   (0)     33 :  0.2838 0.3698 0.0062 0.3402 
3526     3526   (0)     33 :  0.3832 0.4078 0.0102 0.1988 
3527     3527   (0)     33 :  0.4060 0.3944 0.0098 0.1898 
3528     3528   (0)     33 :  0.3018 0.3936 0.0052 0.2994 
3529     3529   (0)     33 :  0.3436 0.3870 0.0572 0.2122 
3530     3530   (0)     33 :  0.2940 0.3816 0.0228 0.3016 
3531     3531   (0)     33 :  0.4038 0.3968 0.0068 0.1926 
3532     3532   (0)     33 :  0.3994 0.3962 0.0048 0.1996 
3533     3533   (0)     33 :  0.3938 0.3988 0.0046 0.2028 
3534     3534   (0)     33 :  0.3692 0.3946 0.0108 0.2254 
3535     3535   (0)     33 :  0.3236 0.3926 0.0204 0.2634 
3536     3536   (0)     33 :  0.3030 0.3616 0.0426 0.2928 
3537     3537   (0)     33 :  0.3230 0.3816 0.0616 0.2338 
3538     3538   (0)     33 :  0.3852 0.3942 0.0266 0.1940 
3539     3539   (0)     33 :  0.3836 0.3902 0.0062 0.2200 
3540     3540   (0)     33 :  0.4058 0.3964 0.0048 0.1930 
3541     3541   (0)     33 :  0.3488 0.3958 0.0128 0.2426 
3542     3542   (0)     33 :  0.3314 0.3928 0.0640 0.2118 
3543     3543   (0)     33 :  0.3922 0.3940 0.0192 0.1946 
3544     3544   (0)     33 :  0.3920 0.3996 0.0042 0.2042 
3545     3545   (0)     33 :  0.3884 0.3936 0.0056 0.2124 
3546     3546   (0)     33 :  0.4118 0.3894 0.0062 0.1926 
3547     3547   (0)     33 :  0.2406 0.3998 0.0276 0.3320 
3548     3548   (0)     33 :  0.3534 0.3910 0.0090 0.2466 
3549     3549   (0)     33 :  0.3964 0.4002 0.0076 0.1958 
3550     3550   (0)     33 :  0.3908 0.3904 0.0108 0.2080 
3551     3551   (0)     33 :  0.3804 0.3984 0.0220 0.1992 
3552     3552   (0)     33 :  0.3910 0.4012 0.0060 0.2018 
3553     3553   (0)     33 :  0.3760 0.4002 0.0210 0.2028 
3554     3554   (0)     33 :  0.2243 0.3918 0.0084 0.3755 
3555     3555   (0)     33 :  0.3962 0.3950 0.0062 0.2026 
3556     3556   (0)     33 :  0.3926 0.3978 0.0106 0.1990 
3557     3557   (0)     33 :  0.3680 0.3940 0.0110 0.2270 
3558     3558   (0)     33 :  0.3836 0.4016 0.0116 0.2032 
3559     3559   (0)     33 :  0.3496 0.3934 0.0168 0.2402 
3560     3560   (0)     33 :  0.3670 0.3972 0.0066 0.2292 
3561     3561   (0)     33 :  0.3300 0.3970 0.0508 0.2222 
3562     3562   (0)     33 :  0.3614 0.3824 0.0308 0.2254 
3563     3563   (0)     33 :  0.3952 0.4012 0.0030 0.2006 
3564     3564   (0)     33 :  0.3736 0.3956 0.0142 0.2166 
3565     3565   (0)     33 :  0.3830 0.3978 0.0128 0.2064 
3566     3566   (0)     33 :  0.2566 0.3838 0.0294 0.3302 
3567     3567   (0)     33 :  0.3602 0.3910 0.0160 0.2328 
3568     3568   (0)     33 :  0.3788 0.4016 0.0098 0.2098 
3569     3569   (0)     33 :  0.5243 0.3229 0.0044 0.1485 
3570     3570   (0)     33 :  0.4264 0.3710 0.0052 0.1974 
3571     3571   (0)     33 :  0.4074 0.3934 0.0072 0.1920 
3572     3572   (0)     33 :  0.3493 0.4010 0.0148 0.2350 
3573     3573   (0)     33 :  0.3944 0.3906 0.0134 0.2016 
3574     3574   (0)     33 :  0.3702 0.3978 0.0068 0.2252 
3575     3575   (0)     33 :  0.3422 0.3908 0.0322 0.2348 
3576     3576   (0)     33 :  0.3908 0.3974 0.0072 0.2046 
3577     3577   (0)     33 :  0.3754 0.3960 0.0192 0.2094 
3578     3578   (0)     33 :  0.3224 0.3728 0.0878 0.2170 
3579     3579   (0)     33 :  0.3114 0.3902 0.0512 0.2472 
3580     3580   (0)     33 :  0.4344 0.3866 0.0074 0.1716 
3581     3581   (0)     33 :  0.4322 0.3876 0.0334 0.1468 
3582     3582   (0)     33 :  0.2686 0.3706 0.0080 0.3528 
3583     3583   (0)     33 :  0.3272 0.3840 0.0598 0.2290 
3584     3584   (0)     33 :  0.2976 0.3728 0.0494 0.2802 
3585     3585   (0)     33 :  0.3730 0.3918 0.0162 0.2190 
3586     3586   (0)     33 :  0.3554 0.3922 0.0174 0.2350 
3587     3587   (0)     33 :  0.3448 0.3916 0.0090 0.2546 
3588     3588   (0)     33 :  0.3658 0.3906 0.0086 0.2350 
3589     3589   (0)     33 :  0.3864 0.3984 0.0078 0.2074 
3590     3590   (0)     33 :  0.3266 0.3858 0.0766 0.2110 
3591     3591   (0)     33 :  0.3954 0.3970 0.0060 0.2016 
3592     3592   (0)     33 :  0.3860 0.3872 0.0328 0.1940 
