1        1   (5)      1  : 0.9760 0.0090 0.0050 0.0030 0.0070
2        2   (5)      1  : 0.9624 0.0050 0.0130 0.0110 0.0086
3        3   (5)      1  : 0.9840 0.0040 0.0040 0.0030 0.0050
4        4   (0)      1  : 0.9836 0.0054 0.0030 0.0040 0.0040
5        5   (0)      1  : 0.9106 0.0090 0.0200 0.0110 0.0494
6        6   (0)      1  : 0.9818 0.0050 0.0040 0.0032 0.0060
7        7   (0)      1  : 0.9320 0.0030 0.0486 0.0080 0.0084
8        8   (5)      1  : 0.9852 0.0050 0.0030 0.0038 0.0030
9        9   (0)      1  : 0.9880 0.0030 0.0030 0.0030 0.0030
10       10   (0)      1  : 0.9720 0.0030 0.0120 0.0080 0.0050
11       11   (0)      1  : 0.9810 0.0030 0.0070 0.0040 0.0050
12       12   (0)      1  : 0.9722 0.0040 0.0090 0.0098 0.0050
13       13   (0)      1  : 0.9870 0.0020 0.0030 0.0060 0.0020
14       14   (0)      1  : 0.9810 0.0080 0.0050 0.0040 0.0020
15       15   (0)      1  : 0.9860 0.0030 0.0050 0.0030 0.0030
16       16   (0)      1  : 0.9850 0.0060 0.0030 0.0030 0.0030
17       17   (0)      1  : 0.9908 0.0020 0.0030 0.0022 0.0020
18       18   (0)      1  : 0.9680 0.0040 0.0090 0.0050 0.0140
19       19   (0)      1  : 0.9660 0.0060 0.0030 0.0140 0.0110
20       20   (0)      1  : 0.9450 0.0060 0.0250 0.0100 0.0140
21       21   (0)      1  : 0.9880 0.0030 0.0030 0.0040 0.0020
22       22   (0)      1  : 0.9800 0.0110 0.0030 0.0020 0.0040
23       23   (0)      1  : 0.9810 0.0060 0.0030 0.0030 0.0070
24       24   (0)      1  : 0.9640 0.0140 0.0040 0.0080 0.0100
25       25   (0)      1  : 0.9750 0.0040 0.0080 0.0090 0.0040
26       26   (0)      1  : 0.9820 0.0040 0.0030 0.0080 0.0030
27       27   (5)      1  : 0.9570 0.0040 0.0200 0.0070 0.0120
28       28   (0)      1  : 0.9740 0.0080 0.0090 0.0030 0.0060
29       29   (0)      1  : 0.9840 0.0050 0.0040 0.0030 0.0040
30       30   (0)      1  : 0.9401 0.0150 0.0090 0.0110 0.0250
31       31   (0)      1  : 0.9830 0.0040 0.0030 0.0030 0.0070
32       32   (0)      1  : 0.9660 0.0040 0.0150 0.0100 0.0050
33       33   (0)      1  : 0.9870 0.0030 0.0030 0.0030 0.0040
34       34   (0)      1  : 0.9802 0.0090 0.0020 0.0030 0.0058
35       35   (0)      1  : 0.9039 0.0050 0.0080 0.0060 0.0770
36       36   (0)      1  : 0.9692 0.0050 0.0128 0.0050 0.0080
37       37   (0)      1  : 0.9770 0.0040 0.0070 0.0070 0.0050
38       38   (0)      1  : 0.9800 0.0030 0.0040 0.0090 0.0040
39       39   (0)      1  : 0.9658 0.0040 0.0132 0.0110 0.0060
40       40   (0)      1  : 0.9708 0.0080 0.0042 0.0050 0.0120
41       41   (0)      1  : 0.9800 0.0040 0.0060 0.0040 0.0060
42       42   (0)      1  : 0.9870 0.0040 0.0030 0.0030 0.0030
43       43   (0)      1  : 0.9850 0.0040 0.0050 0.0030 0.0030
44       44   (0)      1  : 0.9910 0.0020 0.0030 0.0020 0.0020
45       45   (5)      1  : 0.9810 0.0040 0.0060 0.0060 0.0030
46       46   (0)      1  : 0.9810 0.0090 0.0030 0.0020 0.0050
47       47   (0)      1  : 0.9808 0.0070 0.0062 0.0020 0.0040
48       48   (0)      1  : 0.9732 0.0120 0.0050 0.0030 0.0068
49       49   (0)      1  : 0.9776 0.0030 0.0060 0.0104 0.0030
50       50   (0)      1  : 0.9840 0.0050 0.0040 0.0030 0.0040
51       51   (0)      1  : 0.9820 0.0030 0.0040 0.0070 0.0040
52       52   (0)      1  : 0.9432 0.0090 0.0096 0.0292 0.0090
53       53   (0)      1  : 0.9726 0.0124 0.0040 0.0030 0.0080
54       54   (0)      1  : 0.9800 0.0050 0.0090 0.0020 0.0040
55       55   (0)      1  : 0.9840 0.0040 0.0050 0.0030 0.0040
56       56   (0)      1  : 0.9810 0.0070 0.0050 0.0030 0.0040
57       57  (10)      1  : 0.9820 0.0040 0.0050 0.0052 0.0038
58       58   (5)      1  : 0.9780 0.0070 0.0070 0.0040 0.0040
59       59   (0)      1  : 0.9780 0.0080 0.0040 0.0050 0.0050
60       60   (0)      1  : 0.9890 0.0030 0.0030 0.0030 0.0020
61       61   (0)      1  : 0.9790 0.0060 0.0050 0.0040 0.0060
62       62   (0)      1  : 0.9790 0.0050 0.0070 0.0040 0.0050
63       63   (0)      1  : 0.9800 0.0030 0.0080 0.0040 0.0050
64       64   (0)      1  : 0.9828 0.0040 0.0040 0.0030 0.0062
65       65   (0)      1  : 0.9482 0.0030 0.0238 0.0190 0.0060
66       66   (0)      1  : 0.9760 0.0070 0.0050 0.0030 0.0090
67       67   (5)      1  : 0.9594 0.0146 0.0070 0.0140 0.0050
68       68   (0)      1  : 0.9610 0.0180 0.0090 0.0050 0.0070
69       69   (0)      1  : 0.9870 0.0020 0.0060 0.0020 0.0030
70       70   (0)      1  : 0.9740 0.0060 0.0130 0.0040 0.0030
71       71   (5)      1  : 0.9664 0.0066 0.0090 0.0060 0.0120
72       72   (0)      1  : 0.9790 0.0030 0.0050 0.0080 0.0050
73       73   (5)      1  : 0.9702 0.0040 0.0040 0.0030 0.0188
74       74  (10)      1  : 0.9760 0.0060 0.0070 0.0060 0.0050
75       75  (10)      1  : 0.9646 0.0040 0.0040 0.0190 0.0084
76       76   (0)      1  : 0.7879 0.1991 0.0030 0.0040 0.0060
77       77  (10)      1  : 0.9408 0.0462 0.0040 0.0050 0.0040
78       78   (0)      1  : 0.9208 0.0426 0.0070 0.0090 0.0206
79       79   (5)      1  : 0.9740 0.0100 0.0060 0.0030 0.0070
80       80   (0)      1  : 0.9870 0.0040 0.0030 0.0030 0.0030
81       81   (0)      1  : 0.9870 0.0040 0.0030 0.0030 0.0030
82       82   (0)      1  : 0.9890 0.0020 0.0030 0.0030 0.0030
83       83   (0)      1  : 0.9514 0.0366 0.0050 0.0040 0.0030
84       84   (0)      1  : 0.9810 0.0030 0.0060 0.0060 0.0040
85       85   (0)      1  : 0.9890 0.0020 0.0030 0.0030 0.0030
86       86   (5)      1  : 0.9858 0.0030 0.0032 0.0040 0.0040
87       87   (0)      1  : 0.9846 0.0044 0.0050 0.0030 0.0030
88       88   (0)      1  : 0.8204 0.1496 0.0080 0.0080 0.0140
89       89   (0)      1  : 0.9620 0.0100 0.0050 0.0190 0.0040
90       90   (0)      1  : 0.9702 0.0100 0.0118 0.0030 0.0050
91       91   (0)      1  : 0.9770 0.0080 0.0050 0.0040 0.0060
92       92   (0)      1  : 0.9632 0.0050 0.0190 0.0038 0.0090
93       93   (0)      1  : 0.9870 0.0040 0.0030 0.0030 0.0030
94       94   (5)      1  : 0.9526 0.0210 0.0040 0.0130 0.0094
95       95   (0)      1  : 0.9818 0.0060 0.0040 0.0048 0.0034
96       96   (5)      1  : 0.9880 0.0020 0.0030 0.0040 0.0030
97       97   (0)      1  : 0.9780 0.0120 0.0060 0.0020 0.0020
98       98   (0)      1  : 0.9730 0.0040 0.0060 0.0060 0.0110
99       99   (5)      1  : 0.9850 0.0030 0.0040 0.0050 0.0030
100      100   (5)      1  : 0.9900 0.0030 0.0030 0.0020 0.0020
101      101   (0)      2  : 0.9800 0.0040 0.0040 0.0090 0.0030
102      102   (0)      2  : 0.8714 0.0074 0.0140 0.0992 0.0080
103      103   (0)      2  : 0.9900 0.0030 0.0020 0.0020 0.0030
104      104   (0)      2  : 0.9540 0.0090 0.0170 0.0030 0.0170
105      105   (0)      2  : 0.9770 0.0040 0.0070 0.0070 0.0050
106      106   (0)      2  : 0.9770 0.0050 0.0046 0.0084 0.0050
107      107   (0)      2  : 0.9704 0.0030 0.0070 0.0040 0.0156
108      108   (0)      2  : 0.8011 0.1769 0.0050 0.0020 0.0150
109      109   (0)      2  : 0.9830 0.0060 0.0040 0.0040 0.0030
110      110   (0)      2  : 0.9666 0.0080 0.0090 0.0064 0.0100
111      111   (0)      2  : 0.9880 0.0030 0.0030 0.0020 0.0040
112      112   (0)      2  : 0.9850 0.0050 0.0030 0.0040 0.0030
113      113   (0)      2  : 0.9810 0.0050 0.0050 0.0070 0.0020
114      114   (0)      2  : 0.9826 0.0030 0.0034 0.0080 0.0030
115      115   (0)      2  : 0.9850 0.0030 0.0040 0.0030 0.0050
116      116   (0)      2  : 0.9308 0.0040 0.0070 0.0342 0.0240
117      117   (0)      2  : 0.9780 0.0150 0.0030 0.0020 0.0020
118      118   (0)      2  : 0.9890 0.0030 0.0030 0.0020 0.0030
119      119   (0)      2  : 0.9840 0.0060 0.0030 0.0040 0.0030
120      120   (0)      2  : 0.9800 0.0060 0.0050 0.0030 0.0060
121      121   (0)      2  : 0.9788 0.0040 0.0030 0.0110 0.0032
122      122   (0)      2  : 0.9862 0.0030 0.0038 0.0040 0.0030
123      123   (0)      2  : 0.9830 0.0030 0.0040 0.0060 0.0040
124      124   (0)      2  : 0.9690 0.0140 0.0060 0.0050 0.0060
125      125   (0)      2  : 0.9071 0.0048 0.0050 0.0030 0.0802
126      126   (0)      2  : 0.9860 0.0030 0.0030 0.0040 0.0040
127      127   (0)      2  : 0.9784 0.0066 0.0040 0.0030 0.0080
128      128   (0)      2  : 0.9830 0.0040 0.0050 0.0050 0.0030
129      129   (0)      2  : 0.9882 0.0020 0.0040 0.0038 0.0020
130      130   (0)      2  : 0.9870 0.0030 0.0040 0.0030 0.0030
131      131   (0)      2  : 0.9840 0.0030 0.0050 0.0050 0.0030
132      132   (0)      2  : 0.9229 0.0080 0.0040 0.0591 0.0060
133      133   (0)      2  : 0.9570 0.0040 0.0080 0.0040 0.0270
134      134   (0)      2  : 0.9700 0.0150 0.0030 0.0050 0.0070
135      135   (0)      2  : 0.9830 0.0030 0.0040 0.0040 0.0060
136      136   (0)      2  : 0.9870 0.0030 0.0030 0.0030 0.0040
137      137   (0)      2  : 0.9770 0.0080 0.0060 0.0040 0.0050
138      138   (0)      2  : 0.9760 0.0030 0.0050 0.0080 0.0080
139      139   (0)      2  : 0.9840 0.0030 0.0040 0.0040 0.0050
140      140   (0)      2  : 0.9910 0.0030 0.0020 0.0020 0.0020
141      141   (0)      2  : 0.9760 0.0040 0.0060 0.0100 0.0040
142      142   (0)      2  : 0.9640 0.0050 0.0060 0.0160 0.0090
143      143   (0)      2  : 0.9810 0.0090 0.0030 0.0040 0.0030
144      144   (0)      2  : 0.8856 0.0102 0.0450 0.0080 0.0512
145      145   (0)      2  : 0.9790 0.0030 0.0040 0.0100 0.0040
146      146   (0)      2  : 0.9488 0.0232 0.0130 0.0040 0.0110
147      147   (0)      2  : 0.9784 0.0040 0.0030 0.0020 0.0126
148      148   (0)      2  : 0.9880 0.0030 0.0030 0.0030 0.0030
149      149   (0)      2  : 0.9680 0.0180 0.0050 0.0050 0.0040
150      150   (0)      2  : 0.9900 0.0020 0.0030 0.0020 0.0030
151      151   (0)      2  : 0.9860 0.0050 0.0040 0.0020 0.0030
152      152   (0)      2  : 0.9782 0.0020 0.0050 0.0118 0.0030
153      153   (0)      2  : 0.9820 0.0040 0.0040 0.0070 0.0030
154      154   (0)      2  : 0.9816 0.0020 0.0084 0.0050 0.0030
155      155   (0)      2  : 0.9856 0.0024 0.0050 0.0040 0.0030
156      156   (0)      2  : 0.9652 0.0080 0.0140 0.0020 0.0108
157      157   (0)      2  : 0.9830 0.0040 0.0030 0.0080 0.0020
158      158   (0)      2  : 0.9800 0.0030 0.0070 0.0040 0.0060
159      159   (0)      2  : 0.9244 0.0556 0.0080 0.0030 0.0090
160      160   (0)      2  : 0.9880 0.0030 0.0030 0.0030 0.0030
161      161   (0)      2  : 0.9286 0.0050 0.0270 0.0234 0.0160
162      162   (0)      2  : 0.9840 0.0030 0.0060 0.0040 0.0030
163      163   (0)      2  : 0.9810 0.0110 0.0030 0.0030 0.0020
164      164   (0)      2  : 0.9870 0.0050 0.0030 0.0030 0.0020
165      165   (0)      2  : 0.9818 0.0030 0.0082 0.0020 0.0050
166      166   (0)      2  : 0.9790 0.0050 0.0050 0.0060 0.0050
167      167   (0)      2  : 0.9666 0.0148 0.0066 0.0080 0.0040
168      168   (0)      2  : 0.9820 0.0070 0.0050 0.0030 0.0030
169      169   (0)      2  : 0.9484 0.0050 0.0136 0.0030 0.0300
170      170   (0)      2  : 0.9578 0.0050 0.0070 0.0252 0.0050
171      171   (0)      2  : 0.9820 0.0050 0.0050 0.0050 0.0030
172      172   (0)      2  : 0.9822 0.0060 0.0048 0.0030 0.0040
173      173   (0)      2  : 0.9840 0.0040 0.0040 0.0050 0.0030
174      174   (0)      2  : 0.9750 0.0060 0.0030 0.0090 0.0070
175      175   (0)      2  : 0.9660 0.0070 0.0040 0.0150 0.0080
176      176   (0)      2  : 0.9830 0.0030 0.0030 0.0030 0.0080
177      177   (0)      2  : 0.9552 0.0106 0.0096 0.0156 0.0090
178      178   (0)      2  : 0.9882 0.0026 0.0030 0.0032 0.0030
179      179   (0)      2  : 0.9860 0.0060 0.0030 0.0020 0.0030
180      180   (0)      2  : 0.8966 0.0070 0.0416 0.0060 0.0488
181      181   (0)      2  : 0.9840 0.0040 0.0050 0.0040 0.0030
182      182   (0)      2  : 0.9416 0.0394 0.0060 0.0050 0.0080
183      183   (0)      2  : 0.9860 0.0060 0.0030 0.0020 0.0030
184      184   (0)      2  : 0.9700 0.0150 0.0060 0.0030 0.0060
185      185   (0)      2  : 0.9822 0.0062 0.0030 0.0046 0.0040
186      186   (0)      2  : 0.9314 0.0120 0.0186 0.0230 0.0150
187      187   (0)      2  : 0.9758 0.0092 0.0030 0.0060 0.0060
188      188   (0)      2  : 0.9668 0.0040 0.0112 0.0030 0.0150
189      189   (0)      2  : 0.9688 0.0060 0.0050 0.0030 0.0172
190      190   (0)      2  : 0.9890 0.0030 0.0030 0.0020 0.0030
191      191   (0)      2  : 0.9860 0.0030 0.0040 0.0030 0.0040
192      192   (0)      2  : 0.9840 0.0030 0.0050 0.0040 0.0040
193      193   (0)      2  : 0.9810 0.0050 0.0040 0.0060 0.0040
194      194   (0)      2  : 0.9728 0.0080 0.0060 0.0030 0.0102
195      195   (0)      2  : 0.9830 0.0050 0.0040 0.0040 0.0040
196      196   (0)      2  : 0.8297 0.1230 0.0110 0.0020 0.0342
197      197   (0)      2  : 0.9648 0.0080 0.0192 0.0050 0.0030
198      198   (0)      2  : 0.9700 0.0060 0.0080 0.0090 0.0070
199      199   (0)      2  : 0.9730 0.0090 0.0060 0.0030 0.0090
200      200   (0)      2  : 0.9712 0.0130 0.0082 0.0046 0.0030
201      201   (0)      2  : 0.9840 0.0040 0.0050 0.0030 0.0040
202      202   (0)      2  : 0.9572 0.0030 0.0100 0.0218 0.0080
203      203   (0)      2  : 0.9690 0.0030 0.0160 0.0050 0.0070
204      204   (0)      2  : 0.9846 0.0050 0.0044 0.0030 0.0030
205      205   (0)      2  : 0.9704 0.0070 0.0106 0.0090 0.0030
206      206   (0)      2  : 0.9740 0.0080 0.0030 0.0070 0.0080
207      207   (0)      2  : 0.9808 0.0030 0.0060 0.0062 0.0040
208      208   (0)      2  : 0.9830 0.0040 0.0050 0.0030 0.0050
209      209   (0)      2  : 0.9900 0.0030 0.0020 0.0030 0.0020
210      210   (0)      2  : 0.9562 0.0110 0.0170 0.0080 0.0078
211      211   (0)      2  : 0.9868 0.0040 0.0040 0.0030 0.0022
212      212   (0)      2  : 0.9726 0.0030 0.0070 0.0134 0.0040
213      213   (0)      2  : 0.9856 0.0064 0.0020 0.0040 0.0020
214      214   (0)      2  : 0.9824 0.0030 0.0036 0.0070 0.0040
215      215   (0)      2  : 0.9794 0.0080 0.0030 0.0026 0.0070
216      216   (0)      2  : 0.9400 0.0130 0.0160 0.0250 0.0060
217      217   (0)      2  : 0.9750 0.0070 0.0050 0.0050 0.0080
218      218   (0)      2  : 0.9768 0.0060 0.0100 0.0032 0.0040
219      219   (0)      2  : 0.9780 0.0070 0.0060 0.0040 0.0050
220      220   (0)      2  : 0.9642 0.0090 0.0050 0.0168 0.0050
221      221   (0)      2  : 0.9718 0.0072 0.0090 0.0040 0.0080
222      222   (0)      2  : 0.9860 0.0030 0.0040 0.0040 0.0030
223      223   (0)      2  : 0.9406 0.0040 0.0374 0.0030 0.0150
224      224   (0)      2  : 0.9710 0.0040 0.0050 0.0170 0.0030
225      225   (0)      2  : 0.9370 0.0050 0.0140 0.0300 0.0140
226      226   (0)      2  : 0.9800 0.0060 0.0040 0.0070 0.0030
227      227   (0)      2  : 0.9650 0.0090 0.0050 0.0040 0.0170
228      228   (0)      2  : 0.9820 0.0040 0.0070 0.0030 0.0040
229      229   (0)      2  : 0.9822 0.0050 0.0040 0.0058 0.0030
230      230   (0)      2  : 0.9760 0.0030 0.0040 0.0140 0.0030
231      231   (0)      2  : 0.9880 0.0030 0.0030 0.0030 0.0030
232      232   (0)      2  : 0.9502 0.0160 0.0060 0.0168 0.0110
233      233   (0)      2  : 0.9860 0.0040 0.0040 0.0030 0.0030
234      234   (0)      2  : 0.9830 0.0040 0.0050 0.0030 0.0050
235      235   (0)      2  : 0.9834 0.0040 0.0038 0.0048 0.0040
236      236   (0)      2  : 0.9388 0.0112 0.0310 0.0060 0.0130
237      237   (0)      2  : 0.9710 0.0050 0.0100 0.0050 0.0090
238      238   (0)      2  : 0.9872 0.0030 0.0058 0.0020 0.0020
239      239   (0)      2  : 0.9710 0.0090 0.0050 0.0040 0.0110
240      240   (0)      2  : 0.9422 0.0274 0.0170 0.0054 0.0080
241      241   (0)      2  : 0.9560 0.0030 0.0280 0.0030 0.0100
242      242   (0)      2  : 0.9750 0.0030 0.0100 0.0040 0.0080
243      243   (0)      2  : 0.9880 0.0040 0.0030 0.0030 0.0020
244      244   (0)      2  : 0.9910 0.0020 0.0030 0.0020 0.0020
245      245   (0)      2  : 0.9810 0.0100 0.0030 0.0020 0.0040
246      246   (0)      2  : 0.9816 0.0094 0.0030 0.0030 0.0030
247      247   (0)      2  : 0.9350 0.0050 0.0200 0.0160 0.0240
248      248   (0)      2  : 0.9850 0.0040 0.0040 0.0040 0.0030
249      249   (0)      2  : 0.9668 0.0202 0.0040 0.0060 0.0030
250      250   (0)      2  : 0.9750 0.0070 0.0060 0.0080 0.0040
251      251   (0)      2  : 0.9800 0.0050 0.0060 0.0050 0.0040
252      252   (0)      2  : 0.9870 0.0030 0.0040 0.0020 0.0040
253      253   (0)      2  : 0.9670 0.0180 0.0060 0.0040 0.0050
254      254   (0)      2  : 0.9780 0.0030 0.0080 0.0080 0.0030
255      255   (0)      2  : 0.9882 0.0030 0.0030 0.0030 0.0028
256      256   (0)      2  : 0.9680 0.0110 0.0060 0.0070 0.0080
257      257   (0)      2  : 0.9840 0.0050 0.0040 0.0040 0.0030
258      258   (0)      2  : 0.9840 0.0030 0.0050 0.0040 0.0040
259      259   (0)      2  : 0.8942 0.0110 0.0230 0.0086 0.0632
260      260   (0)      2  : 0.9660 0.0040 0.0160 0.0090 0.0050
261      261   (0)      2  : 0.9420 0.0060 0.0060 0.0030 0.0430
262      262   (0)      2  : 0.9872 0.0020 0.0060 0.0028 0.0020
263      263   (0)      2  : 0.9700 0.0160 0.0040 0.0070 0.0030
264      264   (0)      2  : 0.9866 0.0030 0.0030 0.0030 0.0044
265      265   (0)      2  : 0.9660 0.0090 0.0040 0.0040 0.0170
266      266   (0)      2  : 0.9812 0.0040 0.0058 0.0040 0.0050
267      267   (0)      2  : 0.9850 0.0020 0.0040 0.0050 0.0040
268      268   (0)      2  : 0.9870 0.0030 0.0040 0.0030 0.0030
269      269   (0)      2  : 0.9870 0.0020 0.0030 0.0040 0.0040
270      270   (0)      2  : 0.9766 0.0050 0.0050 0.0094 0.0040
271      271   (0)      2  : 0.9126 0.0606 0.0118 0.0060 0.0090
272      272   (0)      2  : 0.9810 0.0040 0.0060 0.0050 0.0040
273      273   (0)      2  : 0.9810 0.0050 0.0040 0.0030 0.0070
274      274   (0)      2  : 0.7699 0.1947 0.0220 0.0084 0.0050
275      275   (0)      2  : 0.9344 0.0516 0.0060 0.0040 0.0040
276      276   (0)      2  : 0.9886 0.0030 0.0030 0.0034 0.0020
277      277   (0)      2  : 0.9530 0.0180 0.0090 0.0130 0.0070
278      278   (0)      2  : 0.9640 0.0060 0.0210 0.0050 0.0040
279      279   (0)      2  : 0.9858 0.0040 0.0032 0.0040 0.0030
280      280   (0)      2  : 0.9630 0.0080 0.0150 0.0070 0.0070
281      281   (0)      2  : 0.9810 0.0060 0.0050 0.0050 0.0030
282      282   (0)      2  : 0.9566 0.0294 0.0060 0.0020 0.0060
283      283   (0)      2  : 0.9432 0.0080 0.0200 0.0130 0.0158
284      284   (0)      2  : 0.9900 0.0030 0.0030 0.0020 0.0020
285      285   (0)      2  : 0.9800 0.0070 0.0040 0.0050 0.0040
286      286   (0)      2  : 0.9878 0.0030 0.0032 0.0040 0.0020
287      287   (0)      2  : 0.9371 0.0460 0.0070 0.0030 0.0070
288      288   (0)      2  : 0.9632 0.0212 0.0056 0.0060 0.0040
289      289   (0)      2  : 0.9880 0.0030 0.0030 0.0040 0.0020
290      290   (0)      2  : 0.9610 0.0050 0.0120 0.0080 0.0140
291      291   (0)      2  : 0.9580 0.0190 0.0050 0.0130 0.0050
292      292   (0)      2  : 0.9570 0.0030 0.0140 0.0030 0.0230
293      293   (0)      2  : 0.9636 0.0064 0.0170 0.0060 0.0070
294      294   (0)      2  : 0.9856 0.0030 0.0034 0.0030 0.0050
295      295   (0)      2  : 0.9850 0.0030 0.0040 0.0030 0.0050
296      296   (0)      2  : 0.9840 0.0020 0.0040 0.0070 0.0030
297      297   (0)      2  : 0.9554 0.0306 0.0050 0.0030 0.0060
298      298   (0)      2  : 0.9608 0.0150 0.0100 0.0090 0.0052
299      299   (0)      2  : 0.9910 0.0020 0.0030 0.0020 0.0020
300      300   (0)      2  : 0.9492 0.0020 0.0030 0.0020 0.0438
301      301   (5)      3  : 0.5981 0.0040 0.3849 0.0070 0.0060
302      302   (0)      3  : 0.2787 0.0100 0.6613 0.0270 0.0230
303      303   (0)      3  : 0.5322 0.0310 0.3388 0.0436 0.0544
304      304   (5)      3  : 0.3982 0.0040 0.3900 0.0150 0.1929
305      305   (5)      3  : 0.3748 0.0020 0.5952 0.0150 0.0130
306      306   (0)      3  : 0.3018 0.0160 0.6051 0.0574 0.0198
307      307   (0)      4  : 0.5552 0.0420 0.2822 0.0120 0.1086
308      308   (0)      4  : 0.6263 0.0030 0.3617 0.0050 0.0040
309      309   (0)      4  : 0.4351 0.0050 0.5295 0.0210 0.0094
310      310   (0)      4  : 0.3882 0.0060 0.5828 0.0040 0.0190
311      311   (0)      4  : 0.3361 0.0050 0.6080 0.0080 0.0428
312      312   (0)      4  : 0.5482 0.0070 0.4060 0.0150 0.0238
313      313   (0)      4  : 0.5559 0.0218 0.3987 0.0076 0.0160
314      314   (0)      4  : 0.4249 0.0080 0.4731 0.0054 0.0887
315      315   (0)      4  : 0.4051 0.0040 0.5823 0.0050 0.0036
316      316   (0)      4  : 0.4985 0.0158 0.4599 0.0168 0.0090
317      317   (0)      4  : 0.4809 0.0070 0.5021 0.0070 0.0030
318      318   (0)      4  : 0.4441 0.0020 0.5137 0.0190 0.0212
319      319   (0)      4  : 0.5454 0.0032 0.4312 0.0174 0.0028
320      320   (0)      4  : 0.4902 0.0096 0.4902 0.0060 0.0040
321      321   (0)      4  : 0.4203 0.0070 0.5377 0.0108 0.0242
322      322   (0)      4  : 0.4722 0.0196 0.4952 0.0050 0.0080
323      323   (0)      4  : 0.3455 0.0040 0.6335 0.0050 0.0120
324      324   (0)      4  : 0.5596 0.0030 0.3891 0.0040 0.0444
325      325   (0)      4  : 0.3731 0.0184 0.5452 0.0362 0.0270
326      326   (0)      4  : 0.3299 0.0020 0.6601 0.0050 0.0030
327      327   (0)      4  : 0.4703 0.0100 0.5127 0.0040 0.0030
328      328   (0)      4  : 0.5622 0.0030 0.3976 0.0180 0.0192
329      329   (0)      4  : 0.2848 0.0260 0.6148 0.0430 0.0314
330      330   (0)      4  : 0.1325 0.0200 0.7553 0.0080 0.0843
331      331   (0)      4  : 0.3818 0.0060 0.5680 0.0270 0.0172
332      332   (0)      4  : 0.4656 0.0070 0.4992 0.0242 0.0040
333      333   (0)      4  : 0.0970 0.0080 0.8820 0.0080 0.0050
334      334   (0)      4  : 0.4840 0.0090 0.4822 0.0148 0.0100
335      335   (0)      4  : 0.4305 0.0080 0.5465 0.0100 0.0050
336      336   (0)      4  : 0.0548 0.0108 0.9114 0.0060 0.0170
337      337   (0)      4  : 0.4866 0.0020 0.4870 0.0048 0.0196
338      338   (0)      4  : 0.5207 0.0050 0.4363 0.0340 0.0040
339      339   (0)      4  : 0.4805 0.0180 0.4749 0.0200 0.0066
340      340   (0)      4  : 0.0728 0.0142 0.8830 0.0080 0.0220
341      341   (0)      4  : 0.3671 0.0050 0.6165 0.0040 0.0074
342      342   (0)      4  : 0.5959 0.0050 0.3108 0.0683 0.0200
343      343   (0)      4  : 0.5481 0.0040 0.4331 0.0098 0.0050
344      344   (0)      4  : 0.5281 0.0040 0.4539 0.0080 0.0060
345      345   (0)      4  : 0.4121 0.0080 0.5719 0.0050 0.0030
346      346   (0)      4  : 0.4315 0.0030 0.5422 0.0192 0.0040
347      347   (0)      4  : 0.4322 0.0030 0.5528 0.0060 0.0060
348      348   (0)      4  : 0.5188 0.0020 0.4358 0.0110 0.0324
349      349   (0)      4  : 0.4310 0.0276 0.5134 0.0150 0.0130
350      350   (0)      4  : 0.5199 0.0040 0.4519 0.0170 0.0072
351      351   (0)      4  : 0.2037 0.0040 0.7813 0.0050 0.0060
352      352   (0)      4  : 0.5029 0.0050 0.4781 0.0110 0.0030
353      353   (0)      4  : 0.2883 0.0070 0.6393 0.0460 0.0194
354      354   (0)      4  : 0.5194 0.0080 0.4582 0.0100 0.0044
355      355   (0)      4  : 0.2268 0.0070 0.7512 0.0110 0.0040
356      356   (0)      4  : 0.4990 0.0030 0.4890 0.0040 0.0050
357      357   (0)      4  : 0.4095 0.0040 0.5657 0.0040 0.0168
358      358   (0)      4  : 0.4944 0.0050 0.4936 0.0040 0.0030
359      359   (0)      4  : 0.4535 0.0160 0.4945 0.0260 0.0100
360      360   (0)      4  : 0.3369 0.0202 0.6089 0.0070 0.0270
361      361   (0)      4  : 0.4409 0.0040 0.5471 0.0040 0.0040
362      362   (0)      4  : 0.4380 0.0070 0.5260 0.0200 0.0090
363      363   (0)      4  : 0.3410 0.0020 0.6490 0.0050 0.0030
364      364   (0)      4  : 0.4478 0.0050 0.5342 0.0100 0.0030
365      365   (0)      4  : 0.2361 0.0050 0.7439 0.0080 0.0070
366      366   (0)      4  : 0.4027 0.0030 0.5803 0.0060 0.0080
367      367   (0)      4  : 0.5755 0.0030 0.3781 0.0384 0.0050
368      368   (0)      4  : 0.2183 0.0080 0.7557 0.0080 0.0100
369      369   (0)      4  : 0.5623 0.0120 0.3977 0.0220 0.0060
370      370   (0)      4  : 0.4357 0.0080 0.5363 0.0070 0.0130
371      371   (0)      4  : 0.4833 0.0114 0.4873 0.0050 0.0130
372      372   (0)      4  : 0.4854 0.0096 0.4780 0.0160 0.0110
373      373   (0)      4  : 0.4293 0.0080 0.5467 0.0050 0.0110
374      374   (0)      4  : 0.5233 0.0030 0.4593 0.0060 0.0084
375      375   (0)      4  : 0.7511 0.0628 0.1307 0.0484 0.0070
376      376   (0)      4  : 0.5318 0.0030 0.4542 0.0060 0.0050
377      377   (0)      4  : 0.3400 0.0050 0.5540 0.0658 0.0352
378      378   (0)      4  : 0.4781 0.0020 0.5001 0.0090 0.0108
379      379   (0)      4  : 0.4880 0.0070 0.4930 0.0080 0.0040
380      380   (0)      4  : 0.6417 0.0030 0.3293 0.0100 0.0160
381      381   (0)      4  : 0.4330 0.0140 0.5390 0.0080 0.0060
382      382   (0)      4  : 0.5822 0.0070 0.3958 0.0070 0.0080
383      383   (0)      4  : 0.2255 0.0060 0.7485 0.0060 0.0140
384      384   (0)      4  : 0.5922 0.0120 0.3758 0.0070 0.0130
385      385   (0)      4  : 0.6275 0.0100 0.3197 0.0356 0.0072
386      386   (0)      4  : 0.4329 0.0050 0.5451 0.0060 0.0110
387      387   (0)      4  : 0.6290 0.0070 0.3450 0.0040 0.0150
388      388   (0)      4  : 0.3638 0.0070 0.6202 0.0050 0.0040
389      389   (0)      4  : 0.4361 0.0076 0.2811 0.2532 0.0220
390      390   (0)      4  : 0.3749 0.0050 0.6131 0.0040 0.0030
391      391   (0)      4  : 0.4850 0.0050 0.4970 0.0030 0.0100
392      392   (0)      4  : 0.4601 0.0046 0.4901 0.0322 0.0130
393      393   (0)      4  : 0.5685 0.0040 0.4021 0.0050 0.0204
394      394   (0)      4  : 0.6653 0.0070 0.3057 0.0070 0.0150
395      395   (0)      4  : 0.7196 0.0050 0.2554 0.0060 0.0140
396      396   (0)      4  : 0.5350 0.0050 0.4296 0.0040 0.0264
397      397   (0)      4  : 0.6321 0.0200 0.2711 0.0698 0.0070
398      398   (0)      4  : 0.4070 0.0060 0.5729 0.0050 0.0090
399      399   (0)      4  : 0.7313 0.0060 0.0390 0.1543 0.0694
400      400   (0)      4  : 0.4863 0.0030 0.4745 0.0282 0.0080
401      401   (0)      4  : 0.4331 0.0070 0.5429 0.0100 0.0070
402      402   (0)      4  : 0.3397 0.0040 0.6423 0.0040 0.0100
403      403   (0)      4  : 0.4110 0.0140 0.5640 0.0030 0.0080
404      404   (0)      4  : 0.6940 0.0100 0.2650 0.0090 0.0220
405      405   (0)      4  : 0.5742 0.0050 0.4042 0.0110 0.0056
406      406   (0)      4  : 0.3600 0.0030 0.6144 0.0176 0.0050
407      407   (0)      5  : 0.6234 0.0090 0.2744 0.0380 0.0552
408      408   (0)      5  : 0.4784 0.0040 0.4648 0.0050 0.0478
409      409   (0)      5  : 0.3692 0.0040 0.6094 0.0040 0.0134
410      410   (0)      5  : 0.5532 0.0030 0.4278 0.0110 0.0050
411      411   (0)      5  : 0.5774 0.0110 0.2947 0.0330 0.0840
412      412   (0)      5  : 0.6830 0.0040 0.2336 0.0060 0.0734
413      413   (0)      5  : 0.5300 0.0100 0.4480 0.0030 0.0090
414      414   (0)      5  : 0.5244 0.0330 0.4293 0.0042 0.0090
415      415   (0)      5  : 0.4468 0.0050 0.5292 0.0080 0.0110
416      416   (0)      5  : 0.5759 0.0180 0.3823 0.0050 0.0188
417      417   (0)      5  : 0.6241 0.0030 0.3417 0.0040 0.0272
418      418   (0)      5  : 0.4715 0.0050 0.4979 0.0100 0.0156
419      419   (0)      5  : 0.3937 0.0060 0.5863 0.0020 0.0120
420      420   (0)      5  : 0.3020 0.0050 0.5849 0.0110 0.0971
421      421   (0)      5  : 0.5278 0.0068 0.4410 0.0080 0.0164
422      422   (0)      5  : 0.2799 0.0382 0.6369 0.0160 0.0290
423      423   (0)      5  : 0.4212 0.0112 0.5420 0.0050 0.0206
424      424   (0)      5  : 0.5313 0.0200 0.4267 0.0120 0.0100
425      425   (0)      5  : 0.4339 0.0348 0.5081 0.0040 0.0192
426      426   (0)      5  : 0.4124 0.0160 0.5536 0.0030 0.0150
427      427   (0)      5  : 0.4955 0.0568 0.4015 0.0160 0.0302
428      428   (0)      5  : 0.6156 0.0070 0.3602 0.0040 0.0132
429      429   (0)      5  : 0.5575 0.0020 0.4285 0.0090 0.0030
430      430   (0)      5  : 0.5174 0.0052 0.4664 0.0020 0.0090
431      431   (0)      5  : 0.2909 0.0100 0.4178 0.0060 0.2753
432      432   (0)      5  : 0.4578 0.0080 0.5222 0.0040 0.0080
433      433   (0)      5  : 0.5571 0.0140 0.4209 0.0040 0.0040
434      434   (0)      5  : 0.5410 0.0040 0.4430 0.0040 0.0080
435      435   (0)      5  : 0.2372 0.0120 0.7389 0.0030 0.0090
436      436   (0)      5  : 0.5561 0.0064 0.4261 0.0030 0.0084
437      437   (0)      5  : 0.4261 0.0090 0.5539 0.0040 0.0070
438      438   (0)      5  : 0.2451 0.0170 0.7188 0.0060 0.0130
439      439   (0)      5  : 0.6777 0.0352 0.2631 0.0130 0.0110
440      440   (0)      5  : 0.6190 0.0300 0.3370 0.0080 0.0060
441      441   (0)      5  : 0.4080 0.0040 0.5770 0.0070 0.0040
442      442   (0)      5  : 0.4990 0.0436 0.4400 0.0040 0.0134
443      443   (0)      5  : 0.3842 0.0040 0.5848 0.0200 0.0070
444      444   (0)      5  : 0.4626 0.0080 0.5104 0.0060 0.0130
445      445   (0)      5  : 0.3998 0.0030 0.5902 0.0040 0.0030
446      446   (0)      5  : 0.3667 0.0274 0.5607 0.0130 0.0322
447      447   (0)      5  : 0.4895 0.0040 0.4917 0.0088 0.0060
448      448   (0)      5  : 0.2900 0.0040 0.6950 0.0030 0.0080
449      449   (0)      5  : 0.4361 0.0080 0.5458 0.0030 0.0070
450      450   (0)      5  : 0.5724 0.0120 0.3996 0.0040 0.0120
451      451   (0)      5  : 0.3757 0.0092 0.6051 0.0030 0.0070
452      452   (0)      5  : 0.7042 0.0070 0.2670 0.0070 0.0148
453      453   (0)      5  : 0.4549 0.0090 0.4271 0.1050 0.0040
454      454   (0)      5  : 0.5182 0.0656 0.3868 0.0040 0.0254
455      455   (0)      5  : 0.3100 0.0040 0.5944 0.0440 0.0476
456      456   (0)      5  : 0.4788 0.1214 0.2842 0.0050 0.1106
457      457   (0)      5  : 0.7017 0.0070 0.2843 0.0030 0.0040
458      458   (0)      5  : 0.5817 0.0050 0.3634 0.0110 0.0388
459      459   (0)      5  : 0.4229 0.0162 0.5473 0.0030 0.0106
460      460   (0)      5  : 0.3928 0.0050 0.5441 0.0040 0.0542
461      461   (0)      5  : 0.5440 0.0150 0.4280 0.0030 0.0100
462      462   (0)      5  : 0.6175 0.0030 0.3475 0.0040 0.0280
463      463   (0)      5  : 0.5269 0.0090 0.4309 0.0040 0.0292
464      464   (0)      5  : 0.4144 0.0252 0.5369 0.0114 0.0120
465      465   (0)      5  : 0.4413 0.0110 0.5213 0.0070 0.0194
466      466   (0)      5  : 0.4821 0.0112 0.2700 0.0190 0.2177
467      467   (0)      5  : 0.3009 0.0280 0.6521 0.0120 0.0070
468      468   (0)      5  : 0.4279 0.0144 0.5397 0.0060 0.0120
469      469   (0)      5  : 0.4024 0.0050 0.5816 0.0040 0.0070
470      470   (0)      5  : 0.3700 0.0192 0.5755 0.0242 0.0110
471      471   (0)      5  : 0.4476 0.0030 0.5264 0.0030 0.0200
472      472   (0)      5  : 0.5335 0.0094 0.4113 0.0060 0.0398
473      473   (0)      5  : 0.5288 0.0030 0.4582 0.0030 0.0070
474      474   (0)      5  : 0.6791 0.0050 0.1678 0.0122 0.1360
475      475   (0)      5  : 0.5792 0.0070 0.4048 0.0040 0.0050
476      476   (0)      5  : 0.6671 0.0222 0.0824 0.0030 0.2254
477      477   (0)      5  : 0.4380 0.0050 0.5330 0.0160 0.0080
478      478   (0)      5  : 0.5425 0.0090 0.4335 0.0030 0.0120
479      479   (0)      5  : 0.4971 0.0050 0.4551 0.0222 0.0206
480      480   (0)      5  : 0.6473 0.0160 0.3117 0.0140 0.0110
481      481   (0)      5  : 0.1944 0.0080 0.7810 0.0126 0.0040
482      482   (0)      5  : 0.3983 0.0174 0.5547 0.0040 0.0256
483      483   (0)      5  : 0.5540 0.0050 0.4150 0.0080 0.0180
484      484   (0)      5  : 0.3797 0.0020 0.6083 0.0060 0.0040
485      485   (0)      5  : 0.5329 0.0140 0.4131 0.0290 0.0110
486      486   (0)      5  : 0.3905 0.2004 0.3911 0.0090 0.0090
487      487   (0)      5  : 0.4205 0.0030 0.5500 0.0040 0.0224
488      488   (0)      5  : 0.6178 0.0040 0.3662 0.0060 0.0060
489      489   (0)      5  : 0.3836 0.0080 0.6014 0.0030 0.0040
490      490   (0)      5  : 0.5066 0.0370 0.3708 0.0388 0.0468
491      491   (0)      5  : 0.5980 0.0060 0.3800 0.0060 0.0100
492      492   (0)      5  : 0.5981 0.0530 0.2539 0.0050 0.0900
493      493   (0)      5  : 0.5513 0.0046 0.2601 0.0100 0.1740
494      494   (0)      5  : 0.3114 0.0070 0.6495 0.0280 0.0040
495      495   (0)      5  : 0.5949 0.2106 0.0796 0.0050 0.1098
496      496   (0)      5  : 0.6467 0.0070 0.2477 0.0060 0.0926
497      497   (0)      5  : 0.5069 0.0030 0.4801 0.0050 0.0050
498      498   (0)      5  : 0.4709 0.0030 0.4811 0.0050 0.0400
499      499   (0)      5  : 0.4899 0.0070 0.4901 0.0050 0.0080
500      500   (0)      5  : 0.4768 0.0050 0.4942 0.0030 0.0210
501      501   (0)      5  : 0.4693 0.0050 0.5007 0.0180 0.0070
502      502   (0)      5  : 0.3944 0.0070 0.5276 0.0282 0.0428
503      503   (0)      5  : 0.5053 0.0110 0.4727 0.0040 0.0070
504      504   (0)      5  : 0.5207 0.0806 0.3837 0.0030 0.0120
505      505   (0)      5  : 0.4846 0.0030 0.4984 0.0090 0.0050
506      506   (0)      5  : 0.6419 0.0050 0.1399 0.0060 0.2071
507      507   (0)      6  : 0.4399 0.0030 0.0090 0.5421 0.0060
508      508   (0)      6  : 0.4356 0.0040 0.0120 0.5371 0.0112
509      509   (0)      6  : 0.5467 0.0070 0.0120 0.4149 0.0194
510      510   (0)      6  : 0.6215 0.0030 0.0080 0.3625 0.0050
511      511   (0)      6  : 0.5041 0.0040 0.0116 0.4753 0.0050
512      512   (0)      6  : 0.4461 0.0050 0.0040 0.5419 0.0030
513      513   (0)      6  : 0.3220 0.0130 0.0070 0.6540 0.0040
514      514   (0)      6  : 0.5126 0.0050 0.0120 0.4644 0.0060
515      515   (0)      6  : 0.3213 0.0080 0.0070 0.6557 0.0080
516      516   (0)      6  : 0.4387 0.1368 0.0060 0.3891 0.0294
517      517   (0)      6  : 0.4954 0.0050 0.0134 0.4802 0.0060
518      518   (0)      6  : 0.5439 0.0060 0.0210 0.4191 0.0100
519      519   (0)      6  : 0.3689 0.0070 0.0060 0.6089 0.0092
520      520   (0)      6  : 0.6390 0.0080 0.0100 0.3380 0.0050
521      521   (0)      6  : 0.4535 0.0030 0.0040 0.5365 0.0030
522      522   (0)      6  : 0.4535 0.0034 0.0300 0.4951 0.0180
523      523   (0)      6  : 0.5145 0.0030 0.0050 0.4745 0.0030
524      524   (0)      6  : 0.4486 0.0070 0.0060 0.5218 0.0166
525      525   (0)      6  : 0.2573 0.0020 0.0090 0.7267 0.0050
526      526   (0)      6  : 0.5329 0.0020 0.0060 0.4561 0.0030
527      527   (0)      6  : 0.4200 0.0050 0.0110 0.5550 0.0090
528      528   (0)      6  : 0.6456 0.0030 0.0050 0.3423 0.0040
529      529   (0)      6  : 0.5800 0.0040 0.0090 0.4010 0.0060
530      530   (0)      6  : 0.4619 0.0020 0.0050 0.5261 0.0050
531      531   (0)      6  : 0.5480 0.0030 0.0060 0.4350 0.0080
532      532   (0)      6  : 0.5170 0.0030 0.0050 0.4700 0.0050
533      533   (0)      6  : 0.4243 0.0030 0.0080 0.5627 0.0020
534      534   (0)      6  : 0.4781 0.0160 0.0150 0.4098 0.0810
535      535   (0)      6  : 0.4272 0.0050 0.0368 0.5250 0.0060
536      536   (0)      6  : 0.4176 0.0050 0.0040 0.5684 0.0050
537      537   (0)      6  : 0.6719 0.0110 0.0160 0.2941 0.0070
538      538   (0)      6  : 0.4932 0.0030 0.0050 0.4938 0.0050
539      539   (0)      6  : 0.5169 0.0050 0.0112 0.4589 0.0080
540      540   (0)      6  : 0.3680 0.0198 0.0070 0.6002 0.0050
541      541   (0)      6  : 0.4366 0.0544 0.0080 0.4940 0.0070
542      542   (0)      6  : 0.3296 0.0090 0.0080 0.6484 0.0050
543      543   (0)      6  : 0.5632 0.0060 0.0130 0.4088 0.0090
544      544   (0)      6  : 0.6594 0.0060 0.0158 0.3070 0.0118
545      545   (0)      6  : 0.4867 0.0244 0.0120 0.4719 0.0050
546      546   (0)      6  : 0.4804 0.0040 0.0068 0.5038 0.0050
547      547   (0)      6  : 0.5162 0.0060 0.0060 0.4658 0.0060
548      548   (0)      6  : 0.5443 0.0030 0.0040 0.4437 0.0050
549      549   (0)      6  : 0.5189 0.0050 0.0180 0.4551 0.0030
550      550   (0)      6  : 0.3930 0.0030 0.0030 0.5970 0.0040
551      551   (0)      6  : 0.4073 0.0088 0.0150 0.5339 0.0350
552      552   (0)      6  : 0.4820 0.0060 0.0080 0.4990 0.0050
553      553   (0)      6  : 0.5812 0.0070 0.0100 0.3888 0.0130
554      554   (0)      6  : 0.4500 0.0030 0.0110 0.5290 0.0070
555      555   (0)      6  : 0.3712 0.0060 0.0398 0.5640 0.0190
556      556   (0)      6  : 0.3435 0.0310 0.0244 0.5851 0.0160
557      557   (0)      6  : 0.4176 0.0090 0.0060 0.5564 0.0110
558      558   (0)      6  : 0.3920 0.0030 0.0070 0.5940 0.0040
559      559   (0)      6  : 0.6412 0.0030 0.0060 0.3458 0.0040
560      560   (0)      6  : 0.4461 0.0030 0.0040 0.5439 0.0030
561      561   (0)      6  : 0.4459 0.0060 0.0040 0.5391 0.0050
562      562   (0)      6  : 0.4566 0.0050 0.0090 0.5254 0.0040
563      563   (0)      6  : 0.4478 0.0040 0.0064 0.5358 0.0060
564      564   (0)      6  : 0.5490 0.0030 0.0070 0.4340 0.0070
565      565   (0)      6  : 0.6297 0.0040 0.0110 0.2681 0.0872
566      566   (0)      6  : 0.5925 0.0040 0.0060 0.3925 0.0050
567      567   (0)      6  : 0.4835 0.0040 0.0050 0.5045 0.0030
568      568   (0)      6  : 0.4151 0.0070 0.0080 0.5649 0.0050
569      569   (0)      6  : 0.3680 0.0050 0.0050 0.6170 0.0050
570      570   (0)      6  : 0.4698 0.0060 0.1074 0.3762 0.0406
571      571   (0)      6  : 0.6372 0.0070 0.0050 0.3478 0.0030
572      572   (0)      6  : 0.5024 0.0060 0.0090 0.4696 0.0130
573      573   (0)      6  : 0.4050 0.0040 0.0096 0.5734 0.0080
574      574   (0)      6  : 0.6229 0.0070 0.0030 0.3641 0.0030
575      575   (0)      6  : 0.4851 0.0040 0.0060 0.5019 0.0030
576      576   (0)      6  : 0.4420 0.0190 0.0050 0.5270 0.0070
577      577   (0)      6  : 0.5110 0.0096 0.0244 0.4498 0.0052
578      578   (0)      6  : 0.4906 0.0050 0.0060 0.4924 0.0060
579      579   (0)      6  : 0.4280 0.0050 0.0050 0.5560 0.0060
580      580   (0)      6  : 0.5618 0.0020 0.0040 0.4302 0.0020
581      581   (0)      6  : 0.3611 0.0108 0.0060 0.6181 0.0040
582      582   (0)      6  : 0.4177 0.0170 0.0100 0.5513 0.0040
583      583   (0)      6  : 0.4960 0.0040 0.0040 0.4930 0.0030
584      584   (0)      6  : 0.5917 0.0030 0.0030 0.3993 0.0030
585      585   (0)      6  : 0.5512 0.0240 0.0080 0.4097 0.0070
586      586   (0)      6  : 0.3980 0.0020 0.0040 0.5930 0.0030
587      587   (0)      6  : 0.5817 0.0040 0.0060 0.4033 0.0050
588      588   (0)      6  : 0.4714 0.0050 0.0050 0.5106 0.0080
589      589   (0)      6  : 0.4338 0.0040 0.0060 0.5522 0.0040
590      590   (0)      6  : 0.4873 0.0060 0.0050 0.4819 0.0198
591      591   (0)      6  : 0.5212 0.0060 0.0060 0.4588 0.0080
592      592   (0)      6  : 0.2867 0.0030 0.0050 0.7023 0.0030
593      593   (0)      6  : 0.5076 0.0292 0.0110 0.4443 0.0080
594      594   (0)      6  : 0.5432 0.0246 0.0030 0.4232 0.0060
595      595   (0)      6  : 0.5065 0.0030 0.0040 0.4805 0.0060
596      596   (0)      6  : 0.5961 0.0030 0.0088 0.3861 0.0060
597      597   (0)      6  : 0.5900 0.0050 0.0030 0.3980 0.0040
598      598   (0)      6  : 0.2974 0.0110 0.0238 0.6599 0.0080
599      599   (0)      6  : 0.5540 0.0030 0.0030 0.4380 0.0020
600      600   (0)      6  : 0.5175 0.0040 0.0110 0.4595 0.0080
601      601   (0)      6  : 0.4519 0.0518 0.0278 0.4429 0.0256
602      602   (0)      6  : 0.3830 0.0050 0.0050 0.6020 0.0050
603      603   (0)      6  : 0.3505 0.0070 0.0080 0.6285 0.0060
604      604   (0)      6  : 0.4017 0.0040 0.0030 0.5883 0.0030
605      605   (0)      6  : 0.4547 0.0070 0.0050 0.5263 0.0070
606      606   (0)      6  : 0.4412 0.0060 0.0054 0.5414 0.0060
607      607   (0)      7  : 0.5523 0.4249 0.0100 0.0070 0.0058
608      608   (0)      7  : 0.5420 0.4440 0.0050 0.0040 0.0050
609      609   (0)      7  : 0.7377 0.2272 0.0160 0.0110 0.0080
610      610   (0)      7  : 0.3913 0.5857 0.0130 0.0050 0.0050
611      611   (0)      7  : 0.5350 0.4560 0.0030 0.0030 0.0030
612      612   (0)      7  : 0.4487 0.5273 0.0050 0.0070 0.0120
613      613   (0)      7  : 0.5178 0.4612 0.0030 0.0030 0.0150
614      614   (0)      7  : 0.5197 0.4493 0.0130 0.0050 0.0130
615      615   (0)      7  : 0.4999 0.4831 0.0040 0.0100 0.0030
616      616   (0)      7  : 0.5208 0.4492 0.0070 0.0130 0.0100
617      617   (0)      7  : 0.4122 0.5767 0.0040 0.0020 0.0050
618      618   (0)      7  : 0.5864 0.3892 0.0074 0.0040 0.0130
619      619   (0)      7  : 0.5305 0.4426 0.0050 0.0090 0.0130
620      620   (0)      7  : 0.3801 0.6049 0.0040 0.0060 0.0050
621      621   (0)      7  : 0.5458 0.4322 0.0060 0.0110 0.0050
622      622   (0)      7  : 0.4224 0.5636 0.0040 0.0030 0.0070
623      623   (0)      7  : 0.5231 0.4633 0.0040 0.0040 0.0056
624      624   (0)      7  : 0.5687 0.4113 0.0080 0.0040 0.0080
625      625   (0)      7  : 0.5407 0.4393 0.0110 0.0030 0.0060
626      626   (0)      7  : 0.5727 0.4104 0.0050 0.0080 0.0040
627      627   (0)      7  : 0.3970 0.5890 0.0040 0.0040 0.0060
628      628   (0)      7  : 0.4647 0.5193 0.0040 0.0080 0.0040
629      629   (0)      7  : 0.4230 0.5670 0.0030 0.0030 0.0040
630      630   (0)      7  : 0.4845 0.5055 0.0040 0.0020 0.0040
631      631   (0)      7  : 0.4958 0.4898 0.0050 0.0050 0.0044
632      632   (0)      7  : 0.5243 0.4525 0.0102 0.0080 0.0050
633      633   (0)      7  : 0.4933 0.4933 0.0060 0.0024 0.0050
634      634   (0)      7  : 0.5462 0.4324 0.0080 0.0074 0.0060
635      635   (0)      7  : 0.4824 0.4806 0.0110 0.0100 0.0160
636      636   (0)      7  : 0.5444 0.4386 0.0050 0.0050 0.0070
637      637   (0)      7  : 0.5536 0.4354 0.0040 0.0030 0.0040
638      638   (0)      7  : 0.4514 0.5276 0.0060 0.0030 0.0120
639      639   (0)      7  : 0.4284 0.5576 0.0060 0.0030 0.0050
640      640   (0)      7  : 0.6679 0.3191 0.0060 0.0030 0.0040
641      641   (0)      7  : 0.5734 0.4156 0.0050 0.0030 0.0030
642      642   (0)      7  : 0.4890 0.5000 0.0040 0.0030 0.0040
643      643   (0)      7  : 0.4740 0.5140 0.0040 0.0030 0.0050
644      644   (0)      7  : 0.4920 0.4910 0.0050 0.0080 0.0040
645      645   (0)      7  : 0.4539 0.5221 0.0070 0.0060 0.0110
646      646   (0)      7  : 0.3856 0.5908 0.0106 0.0050 0.0080
647      647   (0)      7  : 0.5540 0.4370 0.0030 0.0030 0.0030
648      648   (0)      7  : 0.4424 0.5384 0.0082 0.0030 0.0080
649      649   (0)      7  : 0.4242 0.5648 0.0030 0.0040 0.0040
650      650   (0)      7  : 0.3638 0.6232 0.0040 0.0060 0.0030
651      651   (0)      7  : 0.5925 0.3917 0.0058 0.0030 0.0070
652      652   (0)      7  : 0.4950 0.4940 0.0040 0.0030 0.0040
653      653   (0)      7  : 0.5177 0.4373 0.0180 0.0152 0.0118
654      654   (0)      7  : 0.3381 0.6535 0.0030 0.0024 0.0030
655      655   (0)      7  : 0.4370 0.5540 0.0030 0.0030 0.0030
656      656   (0)      7  : 0.4708 0.5066 0.0070 0.0066 0.0090
657      657   (0)      7  : 0.4060 0.5770 0.0040 0.0060 0.0070
658      658   (0)      7  : 0.5130 0.4760 0.0040 0.0040 0.0030
659      659   (0)      7  : 0.6225 0.3595 0.0080 0.0040 0.0060
660      660   (0)      7  : 0.4938 0.4912 0.0040 0.0040 0.0070
661      661   (0)      7  : 0.5650 0.3830 0.0360 0.0120 0.0040
662      662   (0)      7  : 0.4620 0.5130 0.0040 0.0030 0.0180
663      663   (0)      7  : 0.3970 0.5880 0.0050 0.0060 0.0040
664      664   (0)      7  : 0.3945 0.5789 0.0070 0.0030 0.0166
665      665   (0)      7  : 0.5105 0.4745 0.0060 0.0050 0.0040
666      666   (0)      7  : 0.5657 0.4193 0.0050 0.0050 0.0050
667      667   (0)      7  : 0.5070 0.4540 0.0090 0.0050 0.0250
668      668   (0)      7  : 0.5890 0.4000 0.0030 0.0020 0.0060
669      669   (0)      7  : 0.4777 0.4753 0.0300 0.0030 0.0140
670      670   (0)      7  : 0.5197 0.4493 0.0070 0.0110 0.0130
671      671   (0)      7  : 0.4406 0.5126 0.0158 0.0190 0.0120
672      672   (0)      7  : 0.4686 0.5204 0.0030 0.0030 0.0050
673      673   (0)      7  : 0.3660 0.5850 0.0250 0.0090 0.0150
674      674   (0)      7  : 0.4870 0.4990 0.0060 0.0020 0.0060
675      675   (0)      7  : 0.4781 0.4461 0.0248 0.0430 0.0080
676      676   (0)      7  : 0.4761 0.4981 0.0090 0.0098 0.0070
677      677   (0)      7  : 0.5270 0.4610 0.0040 0.0030 0.0050
678      678   (0)      7  : 0.5245 0.4585 0.0030 0.0040 0.0100
679      679   (0)      7  : 0.4350 0.5510 0.0030 0.0040 0.0070
680      680   (0)      7  : 0.4659 0.4825 0.0300 0.0070 0.0146
681      681   (0)      7  : 0.4774 0.5046 0.0070 0.0040 0.0070
682      682   (0)      7  : 0.5743 0.4043 0.0100 0.0064 0.0050
683      683   (0)      7  : 0.4691 0.5179 0.0040 0.0030 0.0060
684      684   (0)      7  : 0.4601 0.5219 0.0100 0.0030 0.0050
685      685   (0)      7  : 0.5130 0.4670 0.0100 0.0030 0.0070
686      686   (0)      7  : 0.4487 0.5413 0.0030 0.0030 0.0040
687      687   (0)      7  : 0.4911 0.4939 0.0040 0.0050 0.0060
688      688   (0)      7  : 0.5168 0.4732 0.0040 0.0030 0.0030
689      689   (0)      7  : 0.4220 0.5700 0.0020 0.0020 0.0040
690      690   (0)      7  : 0.5974 0.3876 0.0070 0.0050 0.0030
691      691   (0)      7  : 0.4905 0.4965 0.0050 0.0020 0.0060
692      692   (0)      7  : 0.4170 0.5720 0.0040 0.0040 0.0030
693      693   (0)      7  : 0.5514 0.4205 0.0190 0.0030 0.0060
694      694   (0)      7  : 0.4372 0.5548 0.0030 0.0020 0.0030
695      695   (0)      7  : 0.4512 0.5378 0.0040 0.0020 0.0050
696      696   (0)      7  : 0.4110 0.5720 0.0100 0.0030 0.0040
697      697   (0)      7  : 0.6008 0.3324 0.0372 0.0060 0.0236
698      698   (0)      7  : 0.6280 0.3620 0.0030 0.0040 0.0030
699      699   (0)      7  : 0.4245 0.5496 0.0170 0.0050 0.0040
700      700   (0)      7  : 0.3926 0.5954 0.0040 0.0030 0.0050
701      701   (0)      7  : 0.3851 0.6029 0.0040 0.0040 0.0040
702      702   (0)      7  : 0.4760 0.5000 0.0070 0.0130 0.0040
703      703   (0)      7  : 0.5028 0.4592 0.0110 0.0058 0.0212
704      704   (0)      7  : 0.3685 0.5586 0.0180 0.0490 0.0060
705      705   (0)      7  : 0.5150 0.4620 0.0060 0.0080 0.0090
706      706   (0)      7  : 0.4517 0.5351 0.0050 0.0052 0.0030
707      707   (0)      8  : 0.3237 0.0090 0.0154 0.0030 0.6489
708      708   (0)      8  : 0.3467 0.1920 0.0040 0.0030 0.4543
709      709   (0)      8  : 0.4090 0.0060 0.0070 0.0090 0.5690
710      710   (0)      8  : 0.5088 0.0050 0.0050 0.0070 0.4742
711      711   (0)      8  : 0.4128 0.0030 0.0090 0.0050 0.5702
712      712   (0)      8  : 0.4624 0.0040 0.0462 0.0030 0.4844
713      713   (0)      8  : 0.5772 0.0060 0.0148 0.0150 0.3870
714      714   (0)      8  : 0.4904 0.0080 0.0050 0.0040 0.4926
715      715   (0)      8  : 0.3966 0.0050 0.0140 0.0170 0.5674
716      716   (0)      8  : 0.4762 0.0040 0.0182 0.0120 0.4896
717      717   (0)      8  : 0.4479 0.0040 0.0070 0.0042 0.5369
718      718   (0)      8  : 0.3343 0.0190 0.0042 0.0020 0.6405
719      719   (0)      8  : 0.5693 0.0030 0.0040 0.0050 0.4187
720      720   (0)      8  : 0.5170 0.0030 0.0040 0.0040 0.4720
721      721   (0)      8  : 0.4494 0.0030 0.0040 0.0030 0.5405
722      722   (0)      8  : 0.5290 0.0110 0.0090 0.0040 0.4470
723      723   (0)      8  : 0.5180 0.0060 0.0060 0.0030 0.4670
724      724   (0)      8  : 0.5469 0.0070 0.0042 0.0040 0.4379
725      725   (0)      8  : 0.6457 0.0120 0.0488 0.0080 0.2855
726      726   (0)      8  : 0.4585 0.0100 0.0268 0.0190 0.4857
727      727   (0)      8  : 0.6260 0.0120 0.0070 0.0050 0.3500
728      728   (0)      8  : 0.3317 0.0040 0.0090 0.0412 0.6141
729      729   (0)      8  : 0.6716 0.0020 0.0050 0.0030 0.3184
730      730   (0)      8  : 0.5409 0.0090 0.0030 0.0030 0.4441
731      731   (0)      8  : 0.6834 0.0060 0.0080 0.0050 0.2976
732      732   (0)      8  : 0.2539 0.0080 0.1650 0.0976 0.4755
733      733   (0)      8  : 0.5182 0.0040 0.0142 0.0070 0.4566
734      734   (0)      8  : 0.4355 0.0060 0.0340 0.0140 0.5104
735      735   (0)      8  : 0.3172 0.0050 0.0078 0.0040 0.6660
736      736   (0)      8  : 0.4859 0.0124 0.0454 0.1236 0.3327
737      737   (0)      8  : 0.3990 0.0040 0.0252 0.0040 0.5678
738      738   (0)      8  : 0.4002 0.0098 0.0310 0.0396 0.5194
739      739   (0)      8  : 0.2502 0.0536 0.0222 0.0130 0.6610
740      740   (0)      8  : 0.6241 0.0266 0.0170 0.0130 0.3193
741      741   (0)      8  : 0.4450 0.0044 0.0070 0.0230 0.5206
742      742   (0)      8  : 0.4159 0.0050 0.0060 0.0050 0.5681
743      743   (0)      8  : 0.5974 0.0138 0.0070 0.0040 0.3778
744      744   (0)      8  : 0.3782 0.0060 0.0070 0.0150 0.5938
745      745   (0)      8  : 0.4849 0.0068 0.0090 0.0224 0.4769
746      746   (0)      8  : 0.3446 0.0046 0.0200 0.0054 0.6254
747      747   (0)      8  : 0.6248 0.0040 0.0150 0.0040 0.3522
748      748   (0)      8  : 0.3423 0.0070 0.0288 0.0120 0.6099
749      749   (0)      8  : 0.5930 0.0160 0.0120 0.0100 0.3690
750      750   (0)      8  : 0.6048 0.0080 0.0080 0.0030 0.3762
751      751   (0)      8  : 0.5095 0.0050 0.0050 0.0100 0.4705
752      752   (0)      8  : 0.3725 0.0150 0.0060 0.0030 0.6036
753      753   (0)      8  : 0.4791 0.0030 0.0042 0.0050 0.5087
754      754   (0)      8  : 0.4665 0.0344 0.0070 0.0060 0.4861
755      755   (0)      8  : 0.4121 0.0050 0.0316 0.0050 0.5463
756      756   (0)      8  : 0.4332 0.0046 0.0040 0.0070 0.5512
757      757   (0)      8  : 0.4085 0.0040 0.0050 0.0070 0.5755
758      758   (0)      8  : 0.4796 0.0030 0.0070 0.0038 0.5066
759      759   (0)      8  : 0.5360 0.0070 0.0110 0.0060 0.4400
760      760   (0)      8  : 0.5590 0.0054 0.0080 0.0060 0.4216
761      761   (0)      8  : 0.3854 0.0180 0.0100 0.0292 0.5574
762      762   (0)      8  : 0.3941 0.0846 0.0092 0.0060 0.5061
763      763   (0)      8  : 0.2997 0.0212 0.0930 0.0600 0.5261
764      764   (0)      8  : 0.4333 0.0100 0.0132 0.0162 0.5273
765      765   (0)      8  : 0.2945 0.0270 0.1813 0.0204 0.4768
766      766   (0)      8  : 0.4058 0.0210 0.0060 0.0040 0.5632
767      767   (0)      8  : 0.4906 0.0060 0.0118 0.0090 0.4826
768      768   (0)      8  : 0.4369 0.0104 0.0246 0.0070 0.5211
769      769   (0)      8  : 0.4404 0.0096 0.0070 0.0078 0.5352
770      770   (0)      8  : 0.5099 0.0040 0.0040 0.0558 0.4263
771      771   (0)      8  : 0.3412 0.0190 0.0170 0.0334 0.5894
772      772   (0)      8  : 0.3221 0.0030 0.0094 0.0060 0.6595
773      773   (0)      8  : 0.4646 0.0110 0.0458 0.0050 0.4736
774      774   (0)      8  : 0.4980 0.0080 0.1212 0.0108 0.3621
775      775   (0)      8  : 0.5741 0.0040 0.0044 0.0100 0.4075
776      776   (0)      8  : 0.2777 0.0110 0.4444 0.0050 0.2619
777      777   (0)      8  : 0.5456 0.0110 0.0170 0.0060 0.4204
778      778   (0)      8  : 0.4721 0.0056 0.0060 0.0080 0.5083
779      779   (0)      8  : 0.3517 0.0060 0.0362 0.0070 0.5991
780      780   (0)      8  : 0.4893 0.0364 0.4072 0.0070 0.0602
781      781   (0)      8  : 0.4656 0.0080 0.0080 0.0090 0.5094
782      782   (0)      8  : 0.5591 0.0050 0.0140 0.0048 0.4171
783      783   (0)      8  : 0.5378 0.0076 0.0070 0.0050 0.4426
784      784   (0)      8  : 0.5202 0.0162 0.0138 0.0080 0.4418
785      785   (0)      8  : 0.4334 0.0030 0.0040 0.0030 0.5566
786      786   (0)      8  : 0.4565 0.0790 0.0050 0.0040 0.4555
787      787   (0)      8  : 0.4294 0.0020 0.1160 0.0116 0.4410
788      788   (0)      8  : 0.5358 0.0040 0.0120 0.0280 0.4202
789      789   (0)      8  : 0.4302 0.0510 0.0070 0.0060 0.5058
790      790   (0)      8  : 0.3986 0.0120 0.0100 0.0110 0.5685
791      791   (0)      8  : 0.5214 0.0050 0.0080 0.0162 0.4494
792      792   (0)      8  : 0.3884 0.0030 0.0050 0.0020 0.6016
793      793   (0)      8  : 0.4521 0.0030 0.0078 0.0110 0.5261
794      794   (0)      8  : 0.4788 0.0070 0.0040 0.0090 0.5012
795      795   (0)      8  : 0.4139 0.0120 0.0250 0.0030 0.5461
796      796   (0)      8  : 0.3598 0.0110 0.0110 0.0070 0.6112
797      797   (0)      8  : 0.3250 0.0070 0.0118 0.0110 0.6452
798      798   (0)      8  : 0.4971 0.0090 0.0160 0.0070 0.4709
799      799   (0)      8  : 0.4152 0.0060 0.0390 0.0180 0.5217
800      800   (0)      8  : 0.6321 0.0030 0.0060 0.0100 0.3489
801      801   (0)      8  : 0.3687 0.0030 0.0170 0.0050 0.6062
802      802   (0)      8  : 0.4858 0.0180 0.0050 0.0080 0.4832
803      803   (0)      8  : 0.1679 0.0100 0.0160 0.0040 0.8021
804      804   (0)      8  : 0.4937 0.0250 0.0306 0.0976 0.3531
805      805   (0)      8  : 0.5091 0.0068 0.0060 0.0030 0.4751
806      806   (0)      8  : 0.1430 0.0122 0.0140 0.0040 0.8268
807      807   (0)      9  : 0.0140 0.0410 0.9206 0.0050 0.0194
808      808   (0)      9  : 0.0250 0.0070 0.7757 0.0040 0.1883
809      809   (0)     10  : 0.2240 0.0030 0.7121 0.0066 0.0542
810      810   (0)     10  : 0.0040 0.0060 0.9720 0.0110 0.0070
811      811   (0)     10  : 0.0644 0.0030 0.9036 0.0240 0.0050
812      812   (0)     10  : 0.0160 0.0020 0.9718 0.0052 0.0050
813      813   (0)     10  : 0.0362 0.0030 0.9428 0.0090 0.0090
814      814   (0)     10  : 0.1971 0.0150 0.7601 0.0060 0.0218
815      815   (0)     10  : 0.1062 0.0148 0.8260 0.0340 0.0190
816      816   (0)     10  : 0.1760 0.0078 0.7303 0.0780 0.0080
817      817   (0)     10  : 0.1511 0.0090 0.8006 0.0190 0.0202
818      818   (0)     10  : 0.2933 0.0150 0.6579 0.0050 0.0288
819      819   (0)     10  : 0.1898 0.0100 0.7922 0.0050 0.0030
820      820   (0)     10  : 0.0248 0.0042 0.9470 0.0150 0.0090
821      821   (0)     10  : 0.1219 0.0040 0.8621 0.0080 0.0040
822      822   (0)     10  : 0.1303 0.0040 0.6433 0.2155 0.0068
823      823   (0)     10  : 0.1616 0.0090 0.7998 0.0146 0.0150
824      824   (0)     10  : 0.1970 0.0060 0.7820 0.0110 0.0040
825      825   (0)     10  : 0.3713 0.0030 0.6091 0.0106 0.0060
826      826   (0)     10  : 0.0030 0.0040 0.9730 0.0130 0.0070
827      827   (0)     10  : 0.0718 0.0050 0.9062 0.0130 0.0040
828      828   (0)     10  : 0.4070 0.0030 0.5560 0.0300 0.0040
829      829   (0)     10  : 0.0080 0.0030 0.9662 0.0148 0.0080
830      830   (0)     10  : 0.5025 0.0072 0.4663 0.0180 0.0060
831      831   (0)     10  : 0.0200 0.0140 0.9540 0.0060 0.0060
832      832   (0)     10  : 0.0154 0.0050 0.9702 0.0050 0.0044
833      833   (0)     10  : 0.1054 0.0040 0.8606 0.0220 0.0080
834      834   (0)     10  : 0.0368 0.0020 0.9458 0.0074 0.0080
835      835   (0)     10  : 0.0620 0.0030 0.8857 0.0050 0.0444
836      836   (0)     10  : 0.2810 0.0050 0.6560 0.0530 0.0050
837      837   (0)     10  : 0.0050 0.0050 0.8964 0.0886 0.0050
838      838   (0)     10  : 0.4324 0.0330 0.5182 0.0100 0.0064
839      839   (0)     10  : 0.1762 0.0030 0.7918 0.0040 0.0250
840      840   (0)     10  : 0.1022 0.0134 0.8703 0.0060 0.0080
841      841   (0)     10  : 0.5566 0.0060 0.4192 0.0090 0.0092
842      842   (0)     10  : 0.1302 0.0040 0.8470 0.0088 0.0100
843      843   (0)     10  : 0.2764 0.0020 0.7126 0.0060 0.0030
844      844   (0)     10  : 0.1022 0.0030 0.8818 0.0060 0.0070
845      845   (0)     10  : 0.0956 0.0070 0.8864 0.0050 0.0060
846      846   (0)     10  : 0.3099 0.0060 0.6565 0.0130 0.0146
847      847   (0)     10  : 0.2248 0.0020 0.7502 0.0180 0.0050
848      848   (0)     10  : 0.1417 0.0130 0.8323 0.0070 0.0060
849      849   (0)     10  : 0.0322 0.0050 0.9448 0.0050 0.0130
850      850   (0)     10  : 0.2287 0.0030 0.7515 0.0120 0.0048
851      851   (0)     10  : 0.0714 0.0030 0.9156 0.0060 0.0040
852      852   (0)     10  : 0.0080 0.0030 0.9550 0.0260 0.0080
853      853   (0)     10  : 0.3020 0.0110 0.6679 0.0070 0.0120
854      854   (0)     10  : 0.5078 0.0040 0.4690 0.0142 0.0050
855      855   (0)     10  : 0.3116 0.0040 0.6676 0.0118 0.0050
856      856   (0)     10  : 0.0855 0.0070 0.8875 0.0080 0.0120
857      857   (0)     10  : 0.1491 0.0050 0.8359 0.0050 0.0050
858      858   (0)     10  : 0.0582 0.0150 0.9069 0.0140 0.0060
859      859   (0)     10  : 0.1144 0.0090 0.8463 0.0144 0.0160
860      860   (0)     10  : 0.2628 0.0080 0.7172 0.0030 0.0090
861      861   (0)     10  : 0.1320 0.0040 0.8390 0.0190 0.0060
862      862   (0)     10  : 0.4060 0.0260 0.5580 0.0060 0.0040
863      863   (0)     10  : 0.1349 0.0060 0.8501 0.0050 0.0040
864      864   (0)     10  : 0.1385 0.0050 0.8325 0.0080 0.0160
865      865   (0)     10  : 0.1769 0.0036 0.7955 0.0120 0.0120
866      866   (0)     10  : 0.2296 0.0090 0.6941 0.0346 0.0326
867      867   (0)     10  : 0.0614 0.0090 0.9155 0.0050 0.0090
868      868   (0)     10  : 0.1304 0.0140 0.8326 0.0150 0.0080
869      869   (0)     10  : 0.0170 0.0040 0.9590 0.0070 0.0130
870      870   (0)     10  : 0.2398 0.0090 0.7312 0.0080 0.0120
871      871   (0)     10  : 0.1690 0.0020 0.7836 0.0374 0.0080
872      872   (0)     10  : 0.3799 0.0070 0.5903 0.0148 0.0080
873      873   (0)     10  : 0.2710 0.0090 0.7050 0.0080 0.0070
874      874   (0)     10  : 0.2190 0.0040 0.7568 0.0080 0.0122
875      875   (0)     10  : 0.0830 0.0140 0.8870 0.0080 0.0080
876      876   (0)     10  : 0.3636 0.0040 0.6134 0.0160 0.0030
877      877   (0)     10  : 0.0864 0.0260 0.8314 0.0392 0.0170
878      878   (0)     10  : 0.3151 0.0130 0.6577 0.0092 0.0050
879      879   (0)     10  : 0.0702 0.0618 0.8539 0.0080 0.0060
880      880   (0)     10  : 0.0582 0.0120 0.8876 0.0140 0.0282
881      881   (0)     10  : 0.0440 0.0140 0.9058 0.0172 0.0190
882      882   (0)     10  : 0.0558 0.0050 0.8919 0.0424 0.0050
883      883   (0)     10  : 0.0960 0.0070 0.8723 0.0166 0.0080
884      884   (0)     10  : 0.0522 0.0190 0.8580 0.0230 0.0478
885      885   (0)     10  : 0.0080 0.0040 0.9446 0.0242 0.0192
886      886   (0)     10  : 0.0564 0.0080 0.9076 0.0090 0.0190
887      887   (0)     10  : 0.0204 0.0168 0.8988 0.0200 0.0440
888      888   (0)     10  : 0.3467 0.0080 0.6273 0.0110 0.0070
889      889   (0)     10  : 0.3315 0.0070 0.6541 0.0044 0.0030
890      890   (0)     10  : 0.1786 0.0060 0.7413 0.0674 0.0068
891      891   (0)     10  : 0.0941 0.0030 0.8883 0.0106 0.0040
892      892   (0)     10  : 0.0530 0.0188 0.9000 0.0212 0.0070
893      893   (0)     10  : 0.2875 0.0220 0.6655 0.0040 0.0210
894      894   (0)     10  : 0.3699 0.0040 0.6041 0.0050 0.0170
895      895   (0)     10  : 0.2242 0.0030 0.7459 0.0210 0.0060
896      896   (0)     10  : 0.2574 0.0040 0.7062 0.0202 0.0122
897      897   (0)     10  : 0.3291 0.2507 0.3884 0.0238 0.0080
898      898   (0)     10  : 0.1255 0.0040 0.8155 0.0510 0.0040
899      899   (0)     10  : 0.2020 0.0060 0.7770 0.0080 0.0070
900      900   (0)     10  : 0.0230 0.0070 0.8902 0.0194 0.0604
901      901   (0)     10  : 0.0509 0.0060 0.9301 0.0070 0.0060
902      902   (0)     10  : 0.0924 0.0040 0.8692 0.0304 0.0040
903      903   (0)     10  : 0.2395 0.0130 0.7130 0.0244 0.0100
904      904   (0)     10  : 0.4221 0.0040 0.5569 0.0100 0.0070
905      905   (0)     10  : 0.2270 0.0080 0.6723 0.0857 0.0070
906      906   (0)     10  : 0.0638 0.0040 0.8686 0.0576 0.0060
907      907   (0)     10  : 0.0142 0.0110 0.9588 0.0100 0.0060
908      908   (0)     10  : 0.2277 0.0120 0.7193 0.0260 0.0150
909      909   (0)     11  : 0.1323 0.0160 0.8071 0.0058 0.0388
910      910   (0)     11  : 0.4100 0.0050 0.5660 0.0100 0.0090
911      911   (0)     11  : 0.0150 0.0030 0.9674 0.0080 0.0066
912      912   (0)     11  : 0.2431 0.1707 0.5558 0.0030 0.0274
913      913   (0)     11  : 0.1267 0.0110 0.8543 0.0040 0.0040
914      914   (0)     11  : 0.0526 0.0080 0.9286 0.0040 0.0068
915      915   (0)     11  : 0.1020 0.0090 0.8790 0.0030 0.0070
916      916   (0)     11  : 0.3071 0.0050 0.6779 0.0040 0.0060
917      917   (0)     11  : 0.2216 0.0430 0.7127 0.0096 0.0130
918      918   (0)     11  : 0.1853 0.0296 0.7755 0.0022 0.0074
919      919   (0)     11  : 0.2509 0.0040 0.7221 0.0090 0.0140
920      920   (0)     11  : 0.1269 0.0070 0.8481 0.0130 0.0050
921      921   (0)     11  : 0.4498 0.0070 0.5302 0.0080 0.0050
922      922   (0)     11  : 0.0102 0.0130 0.9156 0.0056 0.0556
923      923   (0)     11  : 0.2827 0.0148 0.6791 0.0040 0.0194
924      924   (0)     11  : 0.2440 0.0062 0.7041 0.0050 0.0406
925      925   (0)     11  : 0.1319 0.0084 0.8497 0.0050 0.0050
926      926   (0)     11  : 0.0240 0.0190 0.9344 0.0136 0.0090
927      927   (0)     11  : 0.0090 0.0050 0.9730 0.0040 0.0090
928      928   (0)     11  : 0.1641 0.0204 0.8053 0.0060 0.0042
929      929   (0)     11  : 0.3523 0.0140 0.6027 0.0150 0.0160
930      930   (0)     11  : 0.1734 0.0938 0.6951 0.0068 0.0310
931      931   (0)     11  : 0.4184 0.0070 0.1026 0.0178 0.4542
932      932   (0)     11  : 0.1070 0.0440 0.8320 0.0040 0.0130
933      933   (0)     11  : 0.0216 0.0402 0.8624 0.0030 0.0728
934      934   (0)     11  : 0.3103 0.0080 0.6505 0.0202 0.0110
935      935   (0)     11  : 0.0030 0.0060 0.9790 0.0070 0.0050
936      936   (0)     11  : 0.4792 0.0050 0.5048 0.0060 0.0050
937      937   (0)     11  : 0.2080 0.0200 0.7590 0.0040 0.0090
938      938   (0)     11  : 0.1966 0.0150 0.7754 0.0030 0.0100
939      939   (0)     11  : 0.4224 0.0180 0.5454 0.0050 0.0092
940      940   (0)     11  : 0.0632 0.0170 0.7210 0.0040 0.1948
941      941   (0)     11  : 0.0104 0.0060 0.9726 0.0030 0.0080
942      942   (0)     11  : 0.0286 0.0196 0.9123 0.0050 0.0346
943      943   (0)     11  : 0.0896 0.0110 0.8578 0.0176 0.0240
944      944   (0)     11  : 0.3413 0.0050 0.6367 0.0100 0.0070
945      945   (0)     11  : 0.1438 0.0082 0.8400 0.0040 0.0040
946      946   (0)     11  : 0.1142 0.0030 0.8729 0.0030 0.0070
947      947   (0)     11  : 0.0890 0.0172 0.8768 0.0090 0.0080
948      948   (0)     11  : 0.2532 0.0070 0.7168 0.0060 0.0170
949      949   (0)     11  : 0.1292 0.0110 0.8366 0.0022 0.0210
950      950   (0)     11  : 0.3419 0.0060 0.6223 0.0050 0.0248
951      951   (0)     11  : 0.2720 0.0204 0.6876 0.0070 0.0130
952      952   (0)     11  : 0.4848 0.0050 0.4972 0.0050 0.0080
953      953   (0)     11  : 0.0170 0.0040 0.9400 0.0210 0.0180
954      954   (0)     11  : 0.2624 0.0050 0.6908 0.0108 0.0310
955      955   (0)     11  : 0.2335 0.0070 0.7451 0.0030 0.0114
956      956   (0)     11  : 0.0984 0.0110 0.7621 0.0040 0.1245
957      957   (0)     11  : 0.0728 0.0040 0.7841 0.0180 0.1211
958      958   (0)     11  : 0.3195 0.0080 0.6625 0.0020 0.0080
959      959   (0)     11  : 0.0354 0.0040 0.9506 0.0030 0.0070
960      960   (0)     11  : 0.4570 0.0080 0.4708 0.0080 0.0562
961      961   (0)     11  : 0.2693 0.0140 0.6831 0.0166 0.0170
962      962   (0)     11  : 0.4116 0.0508 0.5174 0.0040 0.0162
963      963   (0)     11  : 0.0190 0.0090 0.9510 0.0150 0.0060
964      964   (0)     11  : 0.0110 0.0100 0.9430 0.0030 0.0330
965      965   (0)     11  : 0.2972 0.0040 0.6898 0.0030 0.0060
966      966   (0)     11  : 0.0776 0.0070 0.8994 0.0060 0.0100
967      967   (0)     11  : 0.2765 0.0050 0.7065 0.0030 0.0090
968      968   (0)     11  : 0.1104 0.0344 0.7806 0.0598 0.0148
969      969   (0)     11  : 0.5344 0.0200 0.4236 0.0040 0.0180
970      970   (0)     11  : 0.2710 0.0246 0.6725 0.0060 0.0260
971      971   (0)     11  : 0.3106 0.0070 0.6500 0.0140 0.0184
972      972   (0)     11  : 0.0246 0.0302 0.5813 0.0390 0.3249
973      973   (0)     11  : 0.1056 0.0060 0.8666 0.0040 0.0178
974      974   (0)     11  : 0.3115 0.0070 0.6675 0.0050 0.0090
975      975   (0)     11  : 0.0944 0.0202 0.8674 0.0090 0.0090
976      976   (0)     11  : 0.3727 0.0060 0.6093 0.0040 0.0080
977      977   (0)     11  : 0.0660 0.0250 0.8616 0.0040 0.0434
978      978   (0)     11  : 0.2075 0.0060 0.7121 0.0544 0.0200
979      979   (0)     11  : 0.2858 0.0020 0.7032 0.0050 0.0040
980      980   (0)     11  : 0.0418 0.1757 0.7535 0.0110 0.0180
981      981   (0)     11  : 0.2729 0.0040 0.7101 0.0030 0.0100
982      982   (0)     11  : 0.0670 0.0080 0.9068 0.0080 0.0102
983      983   (0)     11  : 0.1114 0.0200 0.8210 0.0230 0.0246
984      984   (0)     11  : 0.0046 0.0040 0.7578 0.0070 0.2266
985      985   (0)     11  : 0.3033 0.0080 0.6787 0.0030 0.0070
986      986   (0)     11  : 0.0120 0.0060 0.8824 0.0130 0.0866
987      987   (0)     11  : 0.2380 0.0110 0.7101 0.0040 0.0368
988      988   (0)     11  : 0.0228 0.0040 0.9632 0.0040 0.0060
989      989   (0)     11  : 0.2729 0.0130 0.6757 0.0080 0.0304
990      990   (0)     11  : 0.1984 0.0050 0.7816 0.0030 0.0120
991      991   (0)     11  : 0.1961 0.1779 0.6110 0.0040 0.0110
992      992   (0)     11  : 0.3605 0.0070 0.6045 0.0050 0.0230
993      993   (0)     11  : 0.0645 0.0302 0.8823 0.0100 0.0130
994      994   (0)     11  : 0.3213 0.0080 0.6407 0.0080 0.0220
995      995   (0)     11  : 0.2601 0.0100 0.6443 0.0030 0.0826
996      996   (0)     11  : 0.2330 0.0192 0.7097 0.0300 0.0080
997      997   (0)     11  : 0.3407 0.0200 0.6283 0.0030 0.0080
998      998   (0)     11  : 0.3427 0.0440 0.4711 0.0050 0.1372
999      999   (0)     11  : 0.2203 0.0070 0.4587 0.0478 0.2662
1000     1000   (0)     11  : 0.0834 0.0070 0.8796 0.0170 0.0130
1001     1001   (0)     11  : 0.2785 0.1672 0.5203 0.0100 0.0240
1002     1002   (0)     11  : 0.0938 0.0060 0.8772 0.0190 0.0040
1003     1003   (0)     11  : 0.1577 0.0066 0.7815 0.0070 0.0472
1004     1004   (0)     11  : 0.3104 0.0110 0.6003 0.0050 0.0733
1005     1005   (0)     11  : 0.1016 0.0050 0.8726 0.0050 0.0158
1006     1006   (0)     11  : 0.1720 0.0020 0.8070 0.0100 0.0090
1007     1007   (0)     11  : 0.0094 0.0050 0.9716 0.0070 0.0070
1008     1008   (0)     11  : 0.2150 0.0250 0.7378 0.0072 0.0150
1009     1009   (0)     12  : 0.2320 0.0020 0.0068 0.7522 0.0070
1010     1010   (0)     12  : 0.3195 0.0030 0.0036 0.6709 0.0030
1011     1011   (0)     12  : 0.1966 0.0090 0.0080 0.7814 0.0050
1012     1012   (0)     12  : 0.0370 0.0040 0.0050 0.9500 0.0040
1013     1013   (0)     12  : 0.0130 0.0100 0.0252 0.9318 0.0200
1014     1014   (0)     12  : 0.0030 0.0020 0.0030 0.9890 0.0030
1015     1015   (0)     12  : 0.3392 0.0050 0.0060 0.6438 0.0060
1016     1016   (0)     12  : 0.0744 0.0020 0.0040 0.8795 0.0400
1017     1017   (0)     12  : 0.4718 0.0020 0.0060 0.5172 0.0030
1018     1018   (0)     12  : 0.3410 0.0020 0.0050 0.6500 0.0020
1019     1019   (0)     12  : 0.1997 0.0080 0.0084 0.7709 0.0130
1020     1020   (0)     12  : 0.2465 0.0640 0.0040 0.6826 0.0030
1021     1021   (0)     12  : 0.3578 0.0030 0.0102 0.6220 0.0070
1022     1022   (0)     12  : 0.2760 0.0060 0.0050 0.7100 0.0030
1023     1023   (0)     12  : 0.0170 0.0080 0.0338 0.9162 0.0250
1024     1024   (0)     12  : 0.2923 0.0020 0.0040 0.6997 0.0020
1025     1025   (0)     12  : 0.1330 0.0120 0.0144 0.8296 0.0110
1026     1026   (0)     12  : 0.2042 0.0040 0.0040 0.7838 0.0040
1027     1027   (0)     12  : 0.0488 0.0070 0.0096 0.8865 0.0480
1028     1028   (0)     12  : 0.2391 0.0020 0.0074 0.7403 0.0112
1029     1029   (0)     12  : 0.0452 0.0408 0.0072 0.9008 0.0060
1030     1030   (0)     12  : 0.3425 0.0418 0.0120 0.5986 0.0050
1031     1031   (0)     12  : 0.3838 0.0080 0.0060 0.5872 0.0150
1032     1032   (0)     12  : 0.1229 0.1071 0.0176 0.7444 0.0080
1033     1033   (0)     12  : 0.2797 0.0030 0.0100 0.7033 0.0040
1034     1034   (0)     12  : 0.3125 0.0030 0.0040 0.6775 0.0030
1035     1035   (0)     12  : 0.1847 0.0020 0.0042 0.8039 0.0052
1036     1036   (0)     12  : 0.0220 0.0100 0.0560 0.8728 0.0392
1037     1037   (0)     12  : 0.2910 0.0050 0.0362 0.6464 0.0214
1038     1038   (0)     12  : 0.3692 0.0040 0.0050 0.6178 0.0040
1039     1039   (0)     12  : 0.0934 0.0030 0.0164 0.8842 0.0030
1040     1040   (0)     12  : 0.1687 0.0050 0.0058 0.8155 0.0050
1041     1041   (0)     12  : 0.2959 0.0100 0.0122 0.6709 0.0110
1042     1042   (0)     12  : 0.4926 0.0040 0.0080 0.4924 0.0030
1043     1043   (0)     12  : 0.2236 0.0120 0.0134 0.7489 0.0020
1044     1044   (0)     12  : 0.0300 0.0290 0.0070 0.9178 0.0162
1045     1045   (0)     12  : 0.1230 0.0150 0.0100 0.8430 0.0090
1046     1046   (0)     12  : 0.3187 0.0070 0.0050 0.6653 0.0040
1047     1047   (0)     12  : 0.2496 0.0070 0.0080 0.7314 0.0040
1048     1048   (0)     12  : 0.2133 0.0030 0.0192 0.7595 0.0050
1049     1049   (0)     12  : 0.0306 0.0040 0.0276 0.9238 0.0140
1050     1050   (0)     12  : 0.0629 0.0030 0.0080 0.9011 0.0250
1051     1051   (0)     12  : 0.1785 0.0050 0.0040 0.8095 0.0030
1052     1052   (0)     12  : 0.2332 0.0030 0.0040 0.7568 0.0030
1053     1053   (0)     12  : 0.2242 0.0120 0.0060 0.7335 0.0242
1054     1054   (0)     12  : 0.1800 0.0030 0.0060 0.8060 0.0050
1055     1055   (0)     12  : 0.0674 0.0030 0.2598 0.6356 0.0342
1056     1056   (0)     12  : 0.3950 0.0020 0.0040 0.5950 0.0040
1057     1057   (0)     12  : 0.4467 0.0030 0.0050 0.5389 0.0064
1058     1058   (0)     12  : 0.2299 0.0040 0.0714 0.6807 0.0140
1059     1059   (0)     12  : 0.2630 0.0040 0.0030 0.7280 0.0020
1060     1060   (0)     12  : 0.0970 0.0060 0.1218 0.7363 0.0388
1061     1061   (0)     12  : 0.2210 0.0030 0.0130 0.7590 0.0040
1062     1062   (0)     12  : 0.3540 0.0068 0.0050 0.6192 0.0150
1063     1063   (0)     12  : 0.1457 0.0030 0.0050 0.8433 0.0030
1064     1064   (0)     12  : 0.3047 0.0030 0.0060 0.6833 0.0030
1065     1065   (0)     12  : 0.2913 0.0030 0.0030 0.6977 0.0050
1066     1066   (0)     12  : 0.2077 0.0040 0.0110 0.7416 0.0358
1067     1067   (0)     12  : 0.0124 0.1040 0.0268 0.7700 0.0868
1068     1068   (0)     12  : 0.3600 0.0030 0.0040 0.6310 0.0020
1069     1069   (0)     12  : 0.0662 0.0080 0.1621 0.7567 0.0070
1070     1070   (0)     12  : 0.2090 0.0030 0.0058 0.7722 0.0100
1071     1071   (0)     12  : 0.3341 0.0060 0.0040 0.6529 0.0030
1072     1072   (0)     12  : 0.2132 0.0020 0.0080 0.7748 0.0020
1073     1073   (0)     12  : 0.0778 0.0030 0.0214 0.7407 0.1571
1074     1074   (0)     12  : 0.2125 0.0020 0.0040 0.7785 0.0030
1075     1075   (0)     12  : 0.1180 0.1036 0.0414 0.7319 0.0050
1076     1076   (0)     12  : 0.1499 0.0116 0.0110 0.8021 0.0254
1077     1077   (0)     12  : 0.1459 0.0070 0.0090 0.8317 0.0064
1078     1078   (0)     12  : 0.2304 0.0030 0.0050 0.7389 0.0228
1079     1079   (0)     12  : 0.1822 0.0030 0.0050 0.8068 0.0030
1080     1080   (0)     12  : 0.3303 0.0040 0.0050 0.6577 0.0030
1081     1081   (0)     12  : 0.2190 0.0060 0.0070 0.7590 0.0090
1082     1082   (0)     12  : 0.2900 0.0040 0.0090 0.6938 0.0032
1083     1083   (0)     12  : 0.1138 0.0050 0.0092 0.8690 0.0030
1084     1084   (0)     12  : 0.3774 0.0060 0.0140 0.5966 0.0060
1085     1085   (0)     12  : 0.2690 0.0030 0.0190 0.7050 0.0040
1086     1086   (0)     12  : 0.1329 0.0030 0.0050 0.8513 0.0078
1087     1087   (0)     12  : 0.0982 0.0030 0.0140 0.8668 0.0180
1088     1088   (0)     12  : 0.2869 0.0030 0.0050 0.7021 0.0030
1089     1089   (0)     12  : 0.2143 0.0040 0.0226 0.7541 0.0050
1090     1090   (0)     12  : 0.4434 0.0050 0.0104 0.5332 0.0080
1091     1091   (0)     12  : 0.1520 0.0020 0.0040 0.8390 0.0030
1092     1092   (0)     12  : 0.0782 0.0090 0.0060 0.9038 0.0030
1093     1093   (0)     12  : 0.1210 0.0020 0.0040 0.8693 0.0036
1094     1094   (0)     12  : 0.3739 0.0100 0.0060 0.6061 0.0040
1095     1095   (0)     12  : 0.1914 0.0070 0.0110 0.7786 0.0120
1096     1096   (0)     12  : 0.1371 0.0050 0.0074 0.8475 0.0030
1097     1097   (0)     12  : 0.0627 0.0070 0.0040 0.9223 0.0040
1098     1098   (0)     12  : 0.2962 0.0090 0.0506 0.6382 0.0060
1099     1099   (0)     12  : 0.2559 0.0020 0.0130 0.7239 0.0052
1100     1100   (0)     12  : 0.2124 0.0110 0.0060 0.7656 0.0050
1101     1101   (0)     12  : 0.2887 0.0160 0.0242 0.6599 0.0112
1102     1102   (0)     12  : 0.0334 0.0050 0.0270 0.9306 0.0040
1103     1103   (0)     12  : 0.0314 0.0020 0.0020 0.9616 0.0030
1104     1104   (0)     12  : 0.3678 0.0040 0.0228 0.6004 0.0050
1105     1105   (0)     12  : 0.2218 0.0050 0.0060 0.7652 0.0020
1106     1106   (0)     12  : 0.2294 0.0020 0.0040 0.7606 0.0040
1107     1107   (0)     12  : 0.2850 0.0030 0.0050 0.6980 0.0090
1108     1108   (0)     12  : 0.3536 0.0070 0.0140 0.6214 0.0040
1109     1109   (0)     13  : 0.0288 0.9576 0.0040 0.0030 0.0066
1110     1110   (0)     13  : 0.0508 0.9182 0.0220 0.0020 0.0070
1111     1111   (0)     13  : 0.2609 0.7271 0.0040 0.0030 0.0050
1112     1112   (0)     13  : 0.2811 0.7073 0.0046 0.0030 0.0040
1113     1113   (0)     13  : 0.1129 0.8105 0.0200 0.0190 0.0376
1114     1114   (0)     13  : 0.1138 0.8782 0.0030 0.0030 0.0020
1115     1115   (0)     13  : 0.2937 0.6923 0.0060 0.0040 0.0040
1116     1116   (0)     13  : 0.2614 0.7034 0.0170 0.0120 0.0062
1117     1117   (0)     13  : 0.0876 0.8966 0.0060 0.0030 0.0068
1118     1118   (0)     13  : 0.2530 0.7370 0.0040 0.0030 0.0030
1119     1119   (0)     13  : 0.1078 0.8682 0.0050 0.0050 0.0140
1120     1120   (0)     13  : 0.1558 0.8342 0.0030 0.0040 0.0030
1121     1121   (0)     13  : 0.1790 0.8090 0.0040 0.0030 0.0050
1122     1122   (0)     13  : 0.1843 0.8087 0.0030 0.0020 0.0020
1123     1123   (0)     13  : 0.3469 0.6431 0.0040 0.0030 0.0030
1124     1124   (0)     13  : 0.3229 0.5997 0.0654 0.0050 0.0070
1125     1125   (0)     13  : 0.3876 0.6024 0.0030 0.0020 0.0050
1126     1126   (0)     13  : 0.0996 0.8743 0.0150 0.0030 0.0080
1127     1127   (0)     13  : 0.3110 0.6630 0.0090 0.0100 0.0070
1128     1128   (0)     13  : 0.2927 0.6943 0.0060 0.0030 0.0040
1129     1129   (0)     13  : 0.4124 0.5250 0.0426 0.0110 0.0090
1130     1130   (0)     13  : 0.2870 0.6980 0.0050 0.0040 0.0060
1131     1131   (0)     13  : 0.0696 0.9184 0.0050 0.0030 0.0040
1132     1132   (0)     13  : 0.2130 0.7710 0.0070 0.0050 0.0040
1133     1133   (0)     13  : 0.1369 0.8541 0.0030 0.0030 0.0030
1134     1134   (0)     13  : 0.0368 0.8723 0.0744 0.0060 0.0104
1135     1135   (0)     13  : 0.0948 0.8882 0.0070 0.0060 0.0040
1136     1136   (0)     13  : 0.0776 0.8805 0.0328 0.0030 0.0060
1137     1137   (0)     13  : 0.1395 0.8505 0.0030 0.0030 0.0040
1138     1138   (0)     13  : 0.3788 0.6082 0.0050 0.0040 0.0040
1139     1139   (0)     13  : 0.4121 0.5749 0.0030 0.0040 0.0060
1140     1140   (0)     13  : 0.3571 0.6329 0.0040 0.0030 0.0030
1141     1141   (0)     13  : 0.1435 0.7376 0.0700 0.0050 0.0440
1142     1142   (0)     13  : 0.3860 0.5930 0.0080 0.0040 0.0090
1143     1143   (0)     13  : 0.1860 0.7540 0.0090 0.0340 0.0170
1144     1144   (0)     13  : 0.4243 0.5563 0.0044 0.0100 0.0050
1145     1145   (0)     13  : 0.3564 0.6316 0.0040 0.0040 0.0040
1146     1146   (0)     13  : 0.1910 0.7522 0.0060 0.0438 0.0070
1147     1147   (0)     13  : 0.2457 0.7393 0.0020 0.0020 0.0110
1148     1148   (0)     13  : 0.1920 0.7840 0.0080 0.0050 0.0110
1149     1149   (0)     13  : 0.1243 0.8677 0.0030 0.0020 0.0030
1150     1150   (0)     13  : 0.1710 0.8210 0.0030 0.0030 0.0020
1151     1151   (0)     13  : 0.4202 0.5418 0.0120 0.0080 0.0180
1152     1152   (0)     13  : 0.2782 0.7058 0.0050 0.0070 0.0040
1153     1153   (0)     13  : 0.4178 0.5462 0.0210 0.0090 0.0060
1154     1154   (0)     13  : 0.1160 0.8318 0.0332 0.0060 0.0130
1155     1155   (0)     13  : 0.3233 0.6547 0.0090 0.0040 0.0090
1156     1156   (0)     13  : 0.2941 0.6869 0.0070 0.0070 0.0050
1157     1157   (0)     13  : 0.1480 0.8382 0.0030 0.0070 0.0038
1158     1158   (0)     13  : 0.1610 0.8240 0.0080 0.0030 0.0040
1159     1159   (0)     13  : 0.1722 0.7830 0.0250 0.0030 0.0168
1160     1160   (0)     13  : 0.2712 0.7038 0.0060 0.0030 0.0160
1161     1161   (0)     13  : 0.1881 0.7777 0.0202 0.0040 0.0100
1162     1162   (0)     13  : 0.1720 0.8180 0.0040 0.0030 0.0030
1163     1163   (0)     13  : 0.2730 0.7160 0.0040 0.0030 0.0040
1164     1164   (0)     13  : 0.1507 0.8333 0.0050 0.0050 0.0060
1165     1165   (0)     13  : 0.2730 0.7130 0.0070 0.0030 0.0040
1166     1166   (0)     13  : 0.2666 0.7214 0.0050 0.0030 0.0040
1167     1167   (0)     13  : 0.1920 0.8010 0.0020 0.0020 0.0030
1168     1168   (0)     13  : 0.1970 0.7682 0.0270 0.0048 0.0030
1169     1169   (0)     13  : 0.1558 0.8282 0.0060 0.0040 0.0060
1170     1170   (0)     13  : 0.4007 0.5725 0.0058 0.0040 0.0170
1171     1171   (0)     13  : 0.4228 0.5614 0.0068 0.0040 0.0050
1172     1172   (0)     13  : 0.2412 0.7488 0.0040 0.0020 0.0040
1173     1173   (0)     13  : 0.1826 0.8008 0.0050 0.0066 0.0050
1174     1174   (0)     13  : 0.2638 0.7050 0.0052 0.0100 0.0160
1175     1175   (0)     13  : 0.3005 0.5980 0.0080 0.0884 0.0050
1176     1176   (0)     13  : 0.3420 0.6410 0.0080 0.0040 0.0050
1177     1177   (0)     13  : 0.2668 0.6835 0.0354 0.0052 0.0090
1178     1178   (0)     13  : 0.3347 0.6515 0.0040 0.0020 0.0078
1179     1179   (0)     13  : 0.2718 0.7192 0.0030 0.0030 0.0030
1180     1180   (0)     13  : 0.2940 0.6870 0.0070 0.0060 0.0060
1181     1181   (0)     13  : 0.4723 0.4965 0.0080 0.0030 0.0202
1182     1182   (0)     13  : 0.0909 0.8895 0.0050 0.0026 0.0120
1183     1183   (0)     13  : 0.1377 0.8473 0.0060 0.0060 0.0030
1184     1184   (0)     13  : 0.2352 0.7528 0.0050 0.0030 0.0040
1185     1185   (0)     13  : 0.3523 0.6337 0.0050 0.0050 0.0040
1186     1186   (0)     13  : 0.2310 0.7510 0.0110 0.0040 0.0030
1187     1187   (0)     13  : 0.0818 0.8952 0.0080 0.0120 0.0030
1188     1188   (0)     13  : 0.1085 0.8415 0.0370 0.0070 0.0060
1189     1189   (0)     13  : 0.4801 0.5057 0.0030 0.0058 0.0054
1190     1190   (0)     13  : 0.2192 0.7608 0.0080 0.0060 0.0060
1191     1191   (0)     13  : 0.3361 0.6513 0.0040 0.0036 0.0050
1192     1192   (0)     13  : 0.0841 0.8979 0.0100 0.0040 0.0040
1193     1193   (0)     13  : 0.3213 0.6681 0.0036 0.0030 0.0040
1194     1194   (0)     13  : 0.0430 0.9100 0.0230 0.0120 0.0120
1195     1195   (0)     13  : 0.0246 0.8225 0.1251 0.0208 0.0070
1196     1196   (0)     13  : 0.2040 0.7654 0.0088 0.0150 0.0068
1197     1197   (0)     13  : 0.3441 0.6296 0.0120 0.0020 0.0122
1198     1198   (0)     13  : 0.2360 0.7560 0.0020 0.0030 0.0030
1199     1199   (0)     13  : 0.2568 0.7200 0.0070 0.0092 0.0070
1200     1200   (0)     13  : 0.2111 0.7805 0.0030 0.0024 0.0030
1201     1201   (0)     13  : 0.2727 0.7103 0.0050 0.0050 0.0070
1202     1202   (0)     13  : 0.1087 0.8669 0.0104 0.0030 0.0110
1203     1203   (0)     13  : 0.0714 0.8809 0.0254 0.0030 0.0192
1204     1204   (0)     13  : 0.1074 0.8806 0.0030 0.0050 0.0040
1205     1205   (0)     13  : 0.2484 0.7365 0.0050 0.0050 0.0050
1206     1206   (0)     13  : 0.2111 0.7779 0.0030 0.0030 0.0050
1207     1207   (0)     13  : 0.3370 0.6500 0.0040 0.0030 0.0060
1208     1208   (0)     13  : 0.3200 0.6720 0.0030 0.0020 0.0030
1209     1209   (0)     14  : 0.3604 0.0172 0.0070 0.0122 0.6032
1210     1210   (0)     14  : 0.0050 0.0722 0.0168 0.0030 0.9030
1211     1211   (0)     14  : 0.2553 0.0070 0.0180 0.0050 0.7147
1212     1212   (0)     14  : 0.0895 0.0378 0.0190 0.0050 0.8487
1213     1213   (0)     14  : 0.2541 0.0046 0.0346 0.0050 0.7017
1214     1214   (0)     14  : 0.3431 0.0048 0.0070 0.0040 0.6411
1215     1215   (0)     14  : 0.2536 0.0863 0.0040 0.0060 0.6501
1216     1216   (0)     14  : 0.0743 0.0060 0.0520 0.0120 0.8557
1217     1217   (0)     14  : 0.2770 0.0040 0.0110 0.0050 0.7030
1218     1218   (0)     14  : 0.1978 0.0100 0.0270 0.0070 0.7582
1219     1219   (0)     14  : 0.1669 0.0080 0.0052 0.0030 0.8169
1220     1220   (0)     14  : 0.0444 0.0190 0.0180 0.0390 0.8796
1221     1221   (0)     14  : 0.0070 0.0040 0.0090 0.0040 0.9760
1222     1222   (0)     14  : 0.0080 0.0040 0.0040 0.0050 0.9790
1223     1223   (0)     14  : 0.2925 0.0090 0.0130 0.0060 0.6795
1224     1224   (0)     14  : 0.2234 0.0080 0.0076 0.0080 0.7530
1225     1225   (0)     14  : 0.1193 0.0040 0.0060 0.0080 0.8627
1226     1226   (0)     14  : 0.0808 0.0094 0.0080 0.0070 0.8948
1227     1227   (0)     14  : 0.1810 0.0064 0.0050 0.0040 0.8036
1228     1228   (0)     14  : 0.3435 0.0050 0.0140 0.0160 0.6215
1229     1229   (0)     14  : 0.1412 0.3439 0.0308 0.0104 0.4737
1230     1230   (0)     14  : 0.1060 0.0030 0.0120 0.0080 0.8710
1231     1231   (0)     14  : 0.0985 0.0050 0.0080 0.0100 0.8785
1232     1232   (0)     14  : 0.2790 0.0050 0.0080 0.0040 0.7040
1233     1233   (0)     14  : 0.1244 0.0120 0.0482 0.0060 0.8093
1234     1234   (0)     14  : 0.3974 0.0140 0.0120 0.0128 0.5638
1235     1235   (0)     14  : 0.3729 0.0060 0.0040 0.0070 0.6101
1236     1236   (0)     14  : 0.3169 0.0050 0.0580 0.0100 0.6101
1237     1237   (0)     14  : 0.1938 0.0060 0.0200 0.0604 0.7198
1238     1238   (0)     14  : 0.1873 0.0040 0.0070 0.0030 0.7987
1239     1239   (0)     14  : 0.1660 0.0060 0.0090 0.0030 0.8160
1240     1240   (0)     14  : 0.1100 0.0130 0.0100 0.0108 0.8562
1241     1241   (0)     14  : 0.2520 0.0050 0.0060 0.0070 0.7300
1242     1242   (0)     14  : 0.0460 0.0442 0.0110 0.0050 0.8938
1243     1243   (0)     14  : 0.2039 0.0208 0.0156 0.0040 0.7557
1244     1244   (0)     14  : 0.2070 0.0032 0.0060 0.0030 0.7808
1245     1245   (0)     14  : 0.1168 0.0030 0.0042 0.0030 0.8730
1246     1246   (0)     14  : 0.2613 0.0040 0.0240 0.0040 0.7067
1247     1247   (0)     14  : 0.0110 0.0050 0.0548 0.0588 0.8704
1248     1248   (0)     14  : 0.3443 0.0030 0.0050 0.0090 0.6387
1249     1249   (0)     14  : 0.1191 0.0130 0.0070 0.0090 0.8519
1250     1250   (0)     14  : 0.1995 0.0110 0.0130 0.0060 0.7705
1251     1251   (0)     14  : 0.1388 0.0050 0.0070 0.0100 0.8392
1252     1252   (0)     14  : 0.1196 0.0060 0.0060 0.0040 0.8645
1253     1253   (0)     14  : 0.1869 0.0100 0.0040 0.0030 0.7961
1254     1254   (0)     14  : 0.2763 0.0030 0.0050 0.0100 0.7057
1255     1255   (0)     14  : 0.1700 0.0140 0.0050 0.0030 0.8080
1256     1256   (0)     14  : 0.1100 0.0050 0.0040 0.0066 0.8744
1257     1257   (0)     14  : 0.2147 0.0030 0.0134 0.0160 0.7529
1258     1258   (0)     14  : 0.2653 0.0040 0.0040 0.0040 0.7227
1259     1259   (0)     14  : 0.1711 0.0040 0.0030 0.0020 0.8199
1260     1260   (0)     14  : 0.0352 0.0120 0.0328 0.0074 0.9126
1261     1261   (0)     14  : 0.1260 0.0030 0.0050 0.0040 0.8620
1262     1262   (0)     14  : 0.1391 0.0110 0.0100 0.0040 0.8359
1263     1263   (0)     14  : 0.2179 0.0040 0.0128 0.0052 0.7601
1264     1264   (0)     14  : 0.2208 0.0100 0.0070 0.0040 0.7582
1265     1265   (0)     14  : 0.2900 0.0050 0.0050 0.0040 0.6960
1266     1266   (0)     14  : 0.2970 0.0050 0.0080 0.0136 0.6764
1267     1267   (0)     14  : 0.0386 0.0040 0.1540 0.1266 0.6768
1268     1268   (0)     14  : 0.2699 0.0030 0.0090 0.0160 0.7021
1269     1269   (0)     14  : 0.0080 0.0896 0.0040 0.3209 0.5775
1270     1270   (0)     14  : 0.3331 0.0060 0.0100 0.0160 0.6349
1271     1271   (0)     14  : 0.1878 0.0298 0.0080 0.0240 0.7504
1272     1272   (0)     14  : 0.1428 0.0050 0.0050 0.0030 0.8442
1273     1273   (0)     14  : 0.0158 0.0050 0.0060 0.0040 0.9692
1274     1274   (0)     14  : 0.2854 0.0030 0.0050 0.0030 0.7036
1275     1275   (0)     14  : 0.1766 0.0040 0.0060 0.0060 0.8074
1276     1276   (0)     14  : 0.1402 0.0110 0.0030 0.0040 0.8418
1277     1277   (0)     14  : 0.1651 0.0080 0.0230 0.0082 0.7957
1278     1278   (0)     14  : 0.3271 0.0060 0.0050 0.0070 0.6549
1279     1279   (0)     14  : 0.2465 0.0190 0.0080 0.0120 0.7145
1280     1280   (0)     14  : 0.1451 0.0070 0.0090 0.0070 0.8319
1281     1281   (0)     14  : 0.1478 0.0110 0.0556 0.0130 0.7726
1282     1282   (0)     14  : 0.2139 0.0132 0.0130 0.0080 0.7519
1283     1283   (0)     14  : 0.2094 0.0070 0.0230 0.0100 0.7506
1284     1284   (0)     14  : 0.0040 0.0060 0.0050 0.0030 0.9820
1285     1285   (0)     14  : 0.2480 0.0100 0.0090 0.0050 0.7280
1286     1286   (0)     14  : 0.1122 0.0120 0.0230 0.0130 0.8398
1287     1287   (0)     14  : 0.0634 0.0870 0.0090 0.0030 0.8376
1288     1288   (0)     14  : 0.0312 0.0040 0.0404 0.0260 0.8984
1289     1289   (0)     14  : 0.1853 0.0030 0.0070 0.0040 0.8007
1290     1290   (0)     14  : 0.4294 0.0050 0.0060 0.0080 0.5516
1291     1291   (0)     14  : 0.1619 0.0130 0.0264 0.0070 0.7917
1292     1292   (0)     14  : 0.2993 0.0060 0.0040 0.0070 0.6837
1293     1293   (0)     14  : 0.2993 0.0040 0.0050 0.0030 0.6887
1294     1294   (0)     14  : 0.3211 0.0070 0.0050 0.0040 0.6629
1295     1295   (0)     14  : 0.0240 0.0180 0.1016 0.0120 0.8444
1296     1296   (0)     14  : 0.3543 0.0060 0.0162 0.0702 0.5533
1297     1297   (0)     14  : 0.3601 0.0046 0.0050 0.0040 0.6263
1298     1298   (0)     14  : 0.3625 0.0030 0.0050 0.0090 0.6206
1299     1299   (0)     14  : 0.2336 0.0100 0.0060 0.0040 0.7464
1300     1300   (0)     14  : 0.1854 0.0060 0.0182 0.0030 0.7874
1301     1301   (0)     14  : 0.0040 0.0638 0.0040 0.0054 0.9228
1302     1302   (0)     14  : 0.2307 0.0070 0.0050 0.0040 0.7533
1303     1303   (0)     14  : 0.1223 0.0080 0.0312 0.0316 0.8069
1304     1304   (0)     14  : 0.1200 0.0396 0.0190 0.0210 0.8004
1305     1305   (0)     14  : 0.0508 0.0128 0.0796 0.0050 0.8518
1306     1306   (0)     14  : 0.2405 0.0034 0.0080 0.0040 0.7440
1307     1307   (0)     14  : 0.0636 0.0122 0.0120 0.0050 0.9072
1308     1308   (0)     14  : 0.2316 0.0070 0.1032 0.0080 0.6503
1309     1309  (10)     15  : 0.0078 0.0080 0.9672 0.0050 0.0120
1310     1310   (5)     15  : 0.0050 0.0300 0.9316 0.0234 0.0100
1311     1311   (5)     15  : 0.3400 0.0310 0.6080 0.0110 0.0100
1312     1312   (5)     15  : 0.0030 0.0040 0.9850 0.0030 0.0050
1313     1313  (10)     15  : 0.1300 0.0230 0.7696 0.0190 0.0584
1314     1314   (5)     15  : 0.4190 0.0306 0.4792 0.0260 0.0452
1315     1315  (10)     15  : 0.0518 0.0170 0.7872 0.0050 0.1390
1316     1316   (0)     15  : 0.0084 0.0040 0.8701 0.1066 0.0110
1317     1317   (0)     15  : 0.0150 0.0150 0.9468 0.0030 0.0202
1318     1318   (0)     15  : 0.0030 0.0030 0.9770 0.0110 0.0060
1319     1319   (0)     15  : 0.0050 0.0058 0.9706 0.0146 0.0040
1320     1320   (0)     15  : 0.0200 0.0452 0.9144 0.0040 0.0164
1321     1321   (0)     15  : 0.0090 0.0030 0.9736 0.0054 0.0090
1322     1322   (0)     15  : 0.1088 0.0040 0.6849 0.0080 0.1944
1323     1323   (0)     15  : 0.0160 0.0478 0.7564 0.0050 0.1747
1324     1324   (0)     15  : 0.0530 0.0164 0.8169 0.0056 0.1082
1325     1325   (0)     15  : 0.1064 0.0080 0.8754 0.0042 0.0060
1326     1326   (0)     15  : 0.3730 0.0190 0.5772 0.0070 0.0238
1327     1327   (0)     15  : 0.0060 0.0040 0.9710 0.0100 0.0090
1328     1328   (5)     15  : 0.0228 0.0030 0.7985 0.1707 0.0050
1329     1329   (0)     15  : 0.0662 0.0482 0.8035 0.0110 0.0710
1330     1330   (0)     15  : 0.0762 0.0694 0.8351 0.0072 0.0120
1331     1331   (5)     15  : 0.0494 0.0060 0.9122 0.0286 0.0038
1332     1332   (5)     15  : 0.0142 0.0030 0.9668 0.0100 0.0060
1333     1333   (0)     15  : 0.0422 0.0298 0.6951 0.0958 0.1371
1334     1334   (0)     15  : 0.0244 0.0030 0.9580 0.0086 0.0060
1335     1335   (0)     15  : 0.0090 0.0460 0.9240 0.0050 0.0160
1336     1336   (0)     15  : 0.0040 0.0060 0.9772 0.0072 0.0056
1337     1337   (0)     15  : 0.0030 0.0060 0.9730 0.0100 0.0080
1338     1338   (0)     15  : 0.0072 0.0050 0.9668 0.0060 0.0150
1339     1339   (0)     15  : 0.0030 0.0030 0.9526 0.0374 0.0040
1340     1340   (0)     15  : 0.0100 0.0098 0.9712 0.0040 0.0050
1341     1341   (0)     15  : 0.0410 0.0130 0.8813 0.0468 0.0180
1342     1342   (0)     15  : 0.0030 0.0190 0.4472 0.0148 0.5160
1343     1343   (0)     15  : 0.0250 0.0080 0.9460 0.0070 0.0140
1344     1344   (0)     15  : 0.0160 0.0080 0.9586 0.0050 0.0124
1345     1345   (0)     15  : 0.0530 0.0416 0.6707 0.0200 0.2148
1346     1346   (0)     15  : 0.0050 0.0060 0.9768 0.0072 0.0050
1347     1347   (0)     15  : 0.0448 0.0090 0.8780 0.0284 0.0398
1348     1348   (0)     15  : 0.0140 0.0070 0.9146 0.0040 0.0604
1349     1349   (0)     15  : 0.0060 0.0680 0.9090 0.0030 0.0140
1350     1350   (0)     15  : 0.0100 0.0210 0.9312 0.0040 0.0338
1351     1351   (0)     16  : 0.0306 0.0070 0.9496 0.0078 0.0050
1352     1352   (0)     16  : 0.0180 0.0130 0.8930 0.0710 0.0050
1353     1353   (0)     16  : 0.2713 0.0090 0.6689 0.0448 0.0060
1354     1354   (0)     16  : 0.0562 0.0058 0.9190 0.0100 0.0090
1355     1355   (0)     16  : 0.0198 0.0070 0.8582 0.0950 0.0200
1356     1356   (0)     16  : 0.0668 0.0160 0.5875 0.0308 0.2989
1357     1357   (0)     16  : 0.0342 0.0030 0.9248 0.0270 0.0110
1358     1358   (0)     16  : 0.0112 0.0060 0.9668 0.0080 0.0080
1359     1359   (0)     16  : 0.0070 0.0060 0.9720 0.0120 0.0030
1360     1360   (0)     16  : 0.0192 0.0240 0.9428 0.0060 0.0080
1361     1361   (0)     16  : 0.0062 0.0176 0.9492 0.0220 0.0050
1362     1362   (0)     16  : 0.0060 0.0040 0.9760 0.0090 0.0050
1363     1363   (0)     16  : 0.0528 0.0130 0.9136 0.0100 0.0106
1364     1364   (0)     16  : 0.1130 0.0050 0.8312 0.0350 0.0158
1365     1365   (0)     16  : 0.0512 0.0070 0.9156 0.0172 0.0090
1366     1366   (0)     16  : 0.2216 0.0020 0.7644 0.0070 0.0050
1367     1367   (0)     16  : 0.0150 0.0070 0.9670 0.0060 0.0050
1368     1368   (0)     16  : 0.0560 0.0020 0.9240 0.0120 0.0060
1369     1369   (0)     16  : 0.0070 0.0100 0.8452 0.1218 0.0160
1370     1370   (0)     16  : 0.0500 0.0030 0.9370 0.0050 0.0050
1371     1371   (0)     16  : 0.0100 0.0040 0.9768 0.0062 0.0030
1372     1372   (0)     16  : 0.0136 0.0044 0.9620 0.0120 0.0080
1373     1373   (0)     16  : 0.0100 0.0030 0.9025 0.0790 0.0056
1374     1374   (0)     16  : 0.0030 0.0080 0.9770 0.0050 0.0070
1375     1375   (0)     16  : 0.0320 0.0100 0.9368 0.0040 0.0172
1376     1376   (0)     16  : 0.0040 0.0050 0.7833 0.1967 0.0110
1377     1377   (0)     16  : 0.0060 0.0100 0.9730 0.0040 0.0070
1378     1378   (0)     16  : 0.0322 0.0100 0.9072 0.0436 0.0070
1379     1379   (0)     16  : 0.0404 0.0170 0.7571 0.1765 0.0090
1380     1380   (0)     16  : 0.0260 0.0050 0.9582 0.0068 0.0040
1381     1381   (0)     16  : 0.2122 0.0070 0.7414 0.0334 0.0060
1382     1382   (0)     16  : 0.0120 0.0050 0.9698 0.0062 0.0070
1383     1383   (0)     16  : 0.2429 0.0060 0.7391 0.0050 0.0070
1384     1384   (0)     16  : 0.0060 0.0080 0.9730 0.0060 0.0070
1385     1385   (0)     16  : 0.0080 0.0060 0.9700 0.0070 0.0090
1386     1386   (0)     16  : 0.1444 0.0020 0.8436 0.0050 0.0050
1387     1387   (0)     16  : 0.0280 0.0050 0.9340 0.0240 0.0090
1388     1388   (0)     16  : 0.0070 0.0050 0.9780 0.0050 0.0050
1389     1389   (0)     16  : 0.0040 0.0020 0.9660 0.0040 0.0240
1390     1390   (0)     16  : 0.1624 0.0050 0.6964 0.1202 0.0160
1391     1391   (0)     16  : 0.0314 0.0050 0.9526 0.0040 0.0070
1392     1392   (0)     16  : 0.0060 0.0060 0.8984 0.0866 0.0030
1393     1393   (0)     16  : 0.0640 0.0040 0.9006 0.0174 0.0140
1394     1394   (0)     16  : 0.0152 0.0056 0.9436 0.0216 0.0140
1395     1395   (0)     16  : 0.0100 0.0030 0.9756 0.0074 0.0040
1396     1396   (0)     16  : 0.0772 0.0030 0.8918 0.0140 0.0140
1397     1397   (0)     16  : 0.0110 0.0090 0.9648 0.0060 0.0092
1398     1398   (0)     16  : 0.0040 0.0060 0.9620 0.0140 0.0140
1399     1399   (0)     16  : 0.0936 0.0030 0.8784 0.0190 0.0060
1400     1400   (0)     16  : 0.0100 0.0030 0.9670 0.0160 0.0040
1401     1401   (0)     16  : 0.0638 0.1158 0.7715 0.0320 0.0170
1402     1402   (0)     16  : 0.0230 0.0030 0.9632 0.0070 0.0038
1403     1403   (0)     16  : 0.2925 0.0030 0.6705 0.0130 0.0210
1404     1404   (0)     16  : 0.0080 0.0060 0.9542 0.0268 0.0050
1405     1405   (0)     16  : 0.2997 0.0164 0.6639 0.0090 0.0110
1406     1406   (0)     16  : 0.0110 0.0160 0.9590 0.0050 0.0090
1407     1407   (0)     16  : 0.0284 0.0030 0.8698 0.0948 0.0040
1408     1408   (0)     16  : 0.0074 0.0040 0.9586 0.0250 0.0050
1409     1409   (0)     16  : 0.0050 0.0040 0.9680 0.0200 0.0030
1410     1410   (0)     16  : 0.2375 0.0030 0.7186 0.0130 0.0280
1411     1411   (0)     16  : 0.0390 0.0140 0.9400 0.0030 0.0040
1412     1412   (0)     16  : 0.0340 0.0040 0.9470 0.0060 0.0090
1413     1413   (0)     16  : 0.0768 0.0100 0.8972 0.0070 0.0090
1414     1414   (0)     16  : 0.0090 0.0080 0.9538 0.0240 0.0052
1415     1415   (0)     16  : 0.2397 0.0060 0.7304 0.0150 0.0090
1416     1416   (0)     16  : 0.0194 0.0050 0.9596 0.0040 0.0120
1417     1417   (0)     16  : 0.0040 0.0050 0.9820 0.0050 0.0040
1418     1418   (0)     16  : 0.0110 0.0110 0.9484 0.0246 0.0050
1419     1419   (0)     16  : 0.0110 0.0040 0.9704 0.0050 0.0096
1420     1420   (0)     16  : 0.2424 0.0070 0.7375 0.0070 0.0060
1421     1421   (0)     16  : 0.0050 0.0170 0.9640 0.0070 0.0070
1422     1422   (0)     16  : 0.0040 0.0030 0.9700 0.0170 0.0060
1423     1423   (0)     16  : 0.0028 0.0020 0.9130 0.0762 0.0060
1424     1424   (0)     16  : 0.0050 0.0050 0.9794 0.0066 0.0040
1425     1425   (0)     16  : 0.0060 0.0090 0.9630 0.0190 0.0030
1426     1426   (0)     16  : 0.0204 0.0060 0.9526 0.0120 0.0090
1427     1427   (0)     16  : 0.0080 0.0060 0.9678 0.0120 0.0062
1428     1428   (0)     16  : 0.0290 0.0040 0.9432 0.0090 0.0148
1429     1429   (0)     16  : 0.0050 0.0050 0.9790 0.0060 0.0050
1430     1430   (0)     16  : 0.0380 0.0040 0.9490 0.0060 0.0030
1431     1431   (0)     16  : 0.0160 0.0090 0.9433 0.0134 0.0182
1432     1432   (0)     16  : 0.0240 0.0070 0.9328 0.0292 0.0070
1433     1433   (0)     16  : 0.0030 0.0050 0.9674 0.0120 0.0126
1434     1434   (0)     16  : 0.0100 0.0040 0.9630 0.0120 0.0110
1435     1435   (0)     16  : 0.0200 0.0030 0.9510 0.0148 0.0112
1436     1436   (0)     16  : 0.0040 0.0030 0.9500 0.0380 0.0050
1437     1437   (0)     16  : 0.0190 0.0040 0.9660 0.0070 0.0040
1438     1438   (0)     16  : 0.0088 0.0050 0.9676 0.0112 0.0074
1439     1439   (0)     16  : 0.0450 0.0040 0.9250 0.0220 0.0040
1440     1440   (0)     16  : 0.0040 0.0030 0.9850 0.0040 0.0040
1441     1441   (0)     16  : 0.0338 0.0340 0.8822 0.0300 0.0200
1442     1442   (0)     16  : 0.0080 0.0040 0.9610 0.0110 0.0160
1443     1443   (0)     16  : 0.0396 0.0040 0.9164 0.0060 0.0340
1444     1444   (0)     16  : 0.0046 0.0060 0.8083 0.1691 0.0120
1445     1445   (0)     16  : 0.0631 0.0130 0.9119 0.0040 0.0080
1446     1446   (0)     16  : 0.0150 0.0050 0.9660 0.0100 0.0040
1447     1447   (0)     16  : 0.0030 0.0040 0.9840 0.0060 0.0030
1448     1448   (0)     16  : 0.0210 0.0040 0.9480 0.0060 0.0210
1449     1449   (0)     16  : 0.2080 0.0120 0.7662 0.0070 0.0068
1450     1450   (0)     16  : 0.0050 0.0070 0.8974 0.0766 0.0140
1451     1451   (0)     17  : 0.2581 0.0060 0.7183 0.0070 0.0106
1452     1452   (0)     17  : 0.0462 0.0044 0.8928 0.0130 0.0436
1453     1453   (0)     17  : 0.0056 0.0080 0.9758 0.0046 0.0060
1454     1454   (0)     17  : 0.0712 0.0188 0.8349 0.0552 0.0200
1455     1455   (0)     17  : 0.0030 0.0070 0.9790 0.0050 0.0060
1456     1456   (0)     17  : 0.0928 0.0100 0.8872 0.0030 0.0070
1457     1457   (0)     17  : 0.0910 0.0808 0.7896 0.0064 0.0322
1458     1458   (0)     17  : 0.0200 0.0060 0.9570 0.0040 0.0130
1459     1459   (0)     17  : 0.0540 0.0030 0.9340 0.0030 0.0060
1460     1460   (0)     17  : 0.0360 0.0040 0.9490 0.0040 0.0070
1461     1461   (0)     17  : 0.0602 0.0030 0.9288 0.0040 0.0040
1462     1462   (0)     17  : 0.0252 0.0040 0.9448 0.0090 0.0170
1463     1463   (0)     17  : 0.2605 0.0130 0.6957 0.0070 0.0238
1464     1464   (0)     17  : 0.0110 0.0120 0.9538 0.0050 0.0182
1465     1465   (0)     17  : 0.0060 0.0090 0.9690 0.0030 0.0130
1466     1466   (0)     17  : 0.0060 0.0120 0.9560 0.0040 0.0220
1467     1467   (0)     17  : 0.0030 0.0050 0.9800 0.0030 0.0090
1468     1468   (0)     17  : 0.0060 0.0190 0.9560 0.0100 0.0090
1469     1469   (0)     17  : 0.0250 0.0050 0.8080 0.0378 0.1242
1470     1470   (0)     17  : 0.1645 0.0060 0.8205 0.0040 0.0050
1471     1471   (0)     17  : 0.0110 0.0070 0.9710 0.0030 0.0080
1472     1472   (0)     17  : 0.0070 0.0100 0.9710 0.0050 0.0070
1473     1473   (0)     17  : 0.0040 0.0070 0.9490 0.0080 0.0320
1474     1474   (0)     17  : 0.0140 0.0060 0.9700 0.0030 0.0070
1475     1475   (0)     17  : 0.0448 0.0040 0.9192 0.0130 0.0190
1476     1476   (0)     17  : 0.0080 0.0030 0.9780 0.0040 0.0070
1477     1477   (0)     17  : 0.0150 0.0090 0.9660 0.0030 0.0070
1478     1478   (0)     17  : 0.0606 0.0060 0.9194 0.0090 0.0050
1479     1479   (0)     17  : 0.0806 0.0034 0.8969 0.0100 0.0090
1480     1480   (0)     17  : 0.1304 0.0080 0.6518 0.0088 0.2010
1481     1481   (0)     17  : 0.0210 0.0218 0.8584 0.0908 0.0080
1482     1482   (0)     17  : 0.0084 0.0330 0.9456 0.0030 0.0100
1483     1483   (0)     17  : 0.1663 0.0292 0.7873 0.0060 0.0112
1484     1484   (0)     17  : 0.0050 0.0140 0.9730 0.0030 0.0050
1485     1485   (0)     17  : 0.0040 0.0050 0.9800 0.0080 0.0030
1486     1486   (0)     17  : 0.0939 0.0160 0.8819 0.0020 0.0062
1487     1487   (0)     17  : 0.0144 0.0230 0.9456 0.0090 0.0080
1488     1488   (0)     17  : 0.0052 0.0060 0.9498 0.0090 0.0300
1489     1489   (0)     17  : 0.0210 0.0150 0.9540 0.0040 0.0060
1490     1490   (0)     17  : 0.0750 0.1748 0.7412 0.0030 0.0060
1491     1491   (0)     17  : 0.0140 0.0118 0.9558 0.0040 0.0144
1492     1492   (0)     17  : 0.1050 0.0070 0.8318 0.0402 0.0160
1493     1493   (0)     17  : 0.2293 0.1503 0.6104 0.0030 0.0070
1494     1494   (0)     17  : 0.0918 0.0196 0.8736 0.0060 0.0090
1495     1495   (0)     17  : 0.0040 0.0180 0.9668 0.0052 0.0060
1496     1496   (0)     17  : 0.2162 0.0230 0.6971 0.0140 0.0496
1497     1497   (0)     17  : 0.0130 0.0030 0.9780 0.0020 0.0040
1498     1498   (0)     17  : 0.0794 0.0112 0.8913 0.0070 0.0110
1499     1499   (0)     17  : 0.0612 0.0070 0.9208 0.0030 0.0080
1500     1500   (0)     17  : 0.0070 0.0050 0.9740 0.0050 0.0090
1501     1501   (0)     17  : 0.0346 0.0248 0.9316 0.0030 0.0060
1502     1502   (0)     17  : 0.0040 0.0200 0.8785 0.0030 0.0945
1503     1503   (0)     17  : 0.0770 0.0216 0.8188 0.0100 0.0726
1504     1504   (0)     17  : 0.2739 0.0060 0.7111 0.0060 0.0030
1505     1505   (0)     17  : 0.0362 0.0030 0.9337 0.0060 0.0210
1506     1506   (0)     17  : 0.0110 0.0070 0.9482 0.0080 0.0258
1507     1507   (0)     17  : 0.0090 0.0150 0.9460 0.0110 0.0190
1508     1508   (0)     17  : 0.0070 0.0090 0.9580 0.0140 0.0120
1509     1509   (0)     17  : 0.0318 0.0050 0.7300 0.0480 0.1853
1510     1510   (0)     17  : 0.0110 0.0070 0.9650 0.0060 0.0110
1511     1511   (0)     17  : 0.2951 0.0030 0.6879 0.0030 0.0110
1512     1512   (0)     17  : 0.0190 0.0106 0.9102 0.0060 0.0542
1513     1513   (0)     17  : 0.1729 0.0050 0.7667 0.0040 0.0514
1514     1514   (0)     17  : 0.0228 0.0382 0.8604 0.0140 0.0646
1515     1515   (0)     17  : 0.1022 0.0320 0.8369 0.0200 0.0090
1516     1516   (0)     17  : 0.0140 0.0050 0.9700 0.0050 0.0060
1517     1517   (0)     17  : 0.0544 0.0040 0.9116 0.0020 0.0280
1518     1518   (0)     17  : 0.0062 0.0228 0.9468 0.0112 0.0130
1519     1519   (0)     17  : 0.0532 0.0160 0.9050 0.0038 0.0220
1520     1520   (0)     17  : 0.0070 0.0204 0.9246 0.0120 0.0360
1521     1521   (0)     17  : 0.0530 0.0224 0.9176 0.0040 0.0030
1522     1522   (0)     17  : 0.0040 0.0040 0.9810 0.0050 0.0060
1523     1523   (0)     17  : 0.0220 0.0080 0.9294 0.0296 0.0110
1524     1524   (0)     17  : 0.0060 0.0040 0.9780 0.0020 0.0100
1525     1525   (0)     17  : 0.0120 0.0050 0.9730 0.0060 0.0040
1526     1526   (0)     17  : 0.0864 0.0050 0.7739 0.0060 0.1287
1527     1527   (0)     17  : 0.2538 0.0088 0.7010 0.0120 0.0244
1528     1528   (0)     17  : 0.0070 0.0070 0.9612 0.0050 0.0198
1529     1529   (0)     17  : 0.2281 0.0070 0.6863 0.0020 0.0766
1530     1530   (0)     17  : 0.0060 0.0050 0.9028 0.0220 0.0642
1531     1531   (0)     17  : 0.0152 0.0262 0.9468 0.0058 0.0060
1532     1532   (0)     17  : 0.2719 0.0210 0.6961 0.0030 0.0080
1533     1533   (0)     17  : 0.0952 0.0090 0.8818 0.0040 0.0100
1534     1534   (0)     17  : 0.0050 0.0040 0.9730 0.0080 0.0100
1535     1535   (0)     17  : 0.0080 0.0020 0.9810 0.0040 0.0050
1536     1536   (0)     17  : 0.0938 0.0070 0.8862 0.0070 0.0060
1537     1537   (0)     17  : 0.0080 0.0080 0.9770 0.0030 0.0040
1538     1538   (0)     17  : 0.0186 0.0210 0.9180 0.0052 0.0372
1539     1539   (0)     17  : 0.0090 0.0190 0.9620 0.0060 0.0040
1540     1540   (0)     17  : 0.1025 0.0160 0.7961 0.0090 0.0764
1541     1541   (0)     17  : 0.0262 0.0050 0.9298 0.0070 0.0320
1542     1542   (0)     17  : 0.0170 0.0060 0.9310 0.0030 0.0430
1543     1543   (0)     17  : 0.0210 0.0244 0.9458 0.0048 0.0040
1544     1544   (0)     17  : 0.0070 0.1757 0.7725 0.0022 0.0426
1545     1545   (0)     17  : 0.0690 0.0482 0.8665 0.0042 0.0120
1546     1546   (0)     17  : 0.0040 0.0088 0.9772 0.0050 0.0050
1547     1547   (0)     17  : 0.1956 0.0040 0.7742 0.0130 0.0132
1548     1548   (0)     17  : 0.0834 0.0560 0.8014 0.0190 0.0402
1549     1549   (0)     17  : 0.0070 0.0110 0.9730 0.0030 0.0060
1550     1550   (0)     17  : 0.2738 0.0050 0.7082 0.0050 0.0080
1551     1551   (0)     18  : 0.0700 0.0050 0.0060 0.9130 0.0060
1552     1552   (0)     18  : 0.1142 0.0070 0.0168 0.8560 0.0060
1553     1553   (0)     18  : 0.0054 0.0040 0.0060 0.9816 0.0030
1554     1554   (0)     18  : 0.0070 0.0030 0.0062 0.9798 0.0040
1555     1555   (0)     18  : 0.0090 0.0246 0.0040 0.9393 0.0230
1556     1556   (0)     18  : 0.0030 0.0050 0.0040 0.9760 0.0120
1557     1557   (0)     18  : 0.1579 0.0030 0.0048 0.8293 0.0050
1558     1558   (0)     18  : 0.2197 0.0090 0.0030 0.7613 0.0070
1559     1559   (0)     18  : 0.0282 0.0070 0.0070 0.9478 0.0100
1560     1560   (0)     18  : 0.0624 0.0040 0.0070 0.9226 0.0040
1561     1561   (0)     18  : 0.0620 0.0070 0.0060 0.9118 0.0132
1562     1562   (0)     18  : 0.1990 0.0120 0.0030 0.7830 0.0030
1563     1563   (0)     18  : 0.0040 0.0030 0.0060 0.9830 0.0040
1564     1564   (0)     18  : 0.2123 0.0070 0.0060 0.7697 0.0050
1565     1565   (0)     18  : 0.1059 0.0090 0.0110 0.8641 0.0100
1566     1566   (0)     18  : 0.1198 0.0040 0.0060 0.8642 0.0060
1567     1567   (0)     18  : 0.0390 0.0050 0.0152 0.8875 0.0532
1568     1568   (0)     18  : 0.0710 0.0050 0.0070 0.9120 0.0050
1569     1569   (0)     18  : 0.0030 0.0020 0.0040 0.9890 0.0020
1570     1570   (0)     18  : 0.0540 0.0272 0.0100 0.9028 0.0060
1571     1571   (0)     18  : 0.2133 0.0020 0.0040 0.7725 0.0082
1572     1572   (0)     18  : 0.0030 0.0030 0.0030 0.9880 0.0030
1573     1573   (0)     18  : 0.0060 0.0130 0.0050 0.9730 0.0030
1574     1574   (0)     18  : 0.0679 0.0030 0.0060 0.9151 0.0080
1575     1575   (0)     18  : 0.2219 0.0078 0.0090 0.7533 0.0080
1576     1576   (0)     18  : 0.2293 0.0062 0.0080 0.7464 0.0100
1577     1577   (0)     18  : 0.2074 0.0060 0.0060 0.7646 0.0160
1578     1578   (0)     18  : 0.0060 0.0250 0.0322 0.8728 0.0640
1579     1579   (0)     18  : 0.0020 0.0020 0.0030 0.9900 0.0030
1580     1580   (0)     18  : 0.0296 0.0060 0.0040 0.9574 0.0030
1581     1581   (0)     18  : 0.1372 0.0040 0.0070 0.8468 0.0050
1582     1582   (0)     18  : 0.0252 0.0030 0.0040 0.9648 0.0030
1583     1583   (0)     18  : 0.2212 0.0062 0.0050 0.7636 0.0040
1584     1584   (0)     18  : 0.0030 0.0110 0.0040 0.9770 0.0050
1585     1585   (0)     18  : 0.0166 0.0050 0.0040 0.9714 0.0030
1586     1586   (0)     18  : 0.1740 0.0030 0.0060 0.8140 0.0030
1587     1587   (0)     18  : 0.1485 0.0130 0.0080 0.8244 0.0060
1588     1588   (0)     18  : 0.0140 0.0070 0.0100 0.9560 0.0130
1589     1589   (0)     18  : 0.0660 0.0020 0.0030 0.9260 0.0030
1590     1590   (0)     18  : 0.1158 0.0060 0.0040 0.8710 0.0032
1591     1591   (0)     18  : 0.0370 0.0030 0.0050 0.9500 0.0050
1592     1592   (0)     18  : 0.1002 0.0040 0.0042 0.8876 0.0040
1593     1593   (0)     18  : 0.0030 0.0090 0.0046 0.9804 0.0030
1594     1594   (0)     18  : 0.0320 0.0050 0.0170 0.9430 0.0030
1595     1595   (0)     18  : 0.1210 0.0030 0.0220 0.8510 0.0030
1596     1596   (0)     18  : 0.0100 0.0020 0.0020 0.9820 0.0040
1597     1597   (0)     18  : 0.1400 0.0030 0.0050 0.8460 0.0060
1598     1598   (0)     18  : 0.1044 0.0060 0.0040 0.8776 0.0080
1599     1599   (0)     18  : 0.0060 0.0030 0.0040 0.9840 0.0030
1600     1600   (0)     18  : 0.1357 0.0030 0.0050 0.8463 0.0100
1601     1601   (0)     18  : 0.2873 0.0030 0.0030 0.7017 0.0050
1602     1602   (0)     18  : 0.0200 0.0070 0.0302 0.8788 0.0640
1603     1603   (0)     18  : 0.0682 0.0344 0.0436 0.8378 0.0160
1604     1604   (0)     18  : 0.0390 0.0020 0.0060 0.9500 0.0030
1605     1605   (0)     18  : 0.0440 0.0030 0.0100 0.9331 0.0100
1606     1606   (0)     18  : 0.0150 0.0040 0.0040 0.9740 0.0030
1607     1607   (0)     18  : 0.1761 0.0040 0.0422 0.7646 0.0130
1608     1608   (0)     18  : 0.0230 0.0040 0.0110 0.9478 0.0142
1609     1609   (0)     18  : 0.1429 0.0110 0.0040 0.8381 0.0040
1610     1610   (0)     18  : 0.1863 0.0020 0.0070 0.8017 0.0030
1611     1611   (0)     18  : 0.0184 0.0060 0.0060 0.9628 0.0068
1612     1612   (0)     18  : 0.1809 0.0030 0.0040 0.8092 0.0030
1613     1613   (0)     18  : 0.0020 0.0020 0.0050 0.9870 0.0040
1614     1614   (0)     18  : 0.0170 0.0030 0.0060 0.9610 0.0130
1615     1615   (0)     18  : 0.0310 0.0050 0.0040 0.9570 0.0030
1616     1616   (0)     18  : 0.0226 0.0198 0.0416 0.8240 0.0920
1617     1617   (0)     18  : 0.0956 0.0058 0.0030 0.8936 0.0020
1618     1618   (0)     18  : 0.1429 0.0060 0.0050 0.8401 0.0060
1619     1619   (0)     18  : 0.1890 0.0030 0.0040 0.8000 0.0040
1620     1620   (0)     18  : 0.0070 0.0030 0.0050 0.9810 0.0040
1621     1621   (0)     18  : 0.0120 0.0020 0.0046 0.9794 0.0020
1622     1622   (0)     18  : 0.0280 0.0130 0.0180 0.9321 0.0090
1623     1623   (0)     18  : 0.0488 0.0110 0.0880 0.8252 0.0270
1624     1624   (0)     18  : 0.1157 0.0030 0.0050 0.8573 0.0190
1625     1625   (0)     18  : 0.0070 0.0074 0.0212 0.9343 0.0300
1626     1626   (0)     18  : 0.0100 0.0036 0.0050 0.9794 0.0020
1627     1627   (0)     18  : 0.1112 0.0140 0.0060 0.8588 0.0100
1628     1628   (0)     18  : 0.0500 0.0040 0.0334 0.8557 0.0568
1629     1629   (0)     18  : 0.2160 0.0050 0.0050 0.7660 0.0080
1630     1630   (0)     18  : 0.2371 0.0030 0.0076 0.7453 0.0070
1631     1631   (0)     18  : 0.0646 0.0020 0.0140 0.8342 0.0852
1632     1632   (0)     18  : 0.0040 0.0030 0.0030 0.9860 0.0040
1633     1633   (0)     18  : 0.0150 0.0050 0.0050 0.9720 0.0030
1634     1634   (0)     18  : 0.0484 0.0088 0.0040 0.9358 0.0030
1635     1635   (0)     18  : 0.2104 0.0020 0.0040 0.7806 0.0030
1636     1636   (0)     18  : 0.0020 0.0020 0.0030 0.9910 0.0020
1637     1637   (0)     18  : 0.3434 0.0050 0.0090 0.6346 0.0080
1638     1638   (0)     18  : 0.0094 0.0020 0.0040 0.9816 0.0030
1639     1639   (0)     18  : 0.0708 0.0070 0.0150 0.9032 0.0040
1640     1640   (0)     18  : 0.0180 0.0040 0.0040 0.9710 0.0030
1641     1641   (0)     18  : 0.1518 0.0040 0.0092 0.8270 0.0080
1642     1642   (0)     18  : 0.0214 0.0030 0.0030 0.9696 0.0030
1643     1643   (0)     18  : 0.0270 0.0020 0.0106 0.9574 0.0030
1644     1644   (0)     18  : 0.0140 0.0090 0.0080 0.9520 0.0170
1645     1645   (0)     18  : 0.0380 0.0200 0.0050 0.9122 0.0248
1646     1646   (0)     18  : 0.0660 0.0070 0.0120 0.9064 0.0086
1647     1647   (0)     18  : 0.2146 0.0020 0.0068 0.7736 0.0030
1648     1648   (0)     18  : 0.0514 0.0040 0.0738 0.8341 0.0368
1649     1649   (0)     18  : 0.0070 0.0020 0.0030 0.9850 0.0030
1650     1650   (0)     18  : 0.2053 0.0030 0.0030 0.7857 0.0030
1651     1651   (0)     19  : 0.1344 0.8566 0.0030 0.0030 0.0030
1652     1652   (0)     19  : 0.1870 0.7918 0.0072 0.0030 0.0110
1653     1653   (0)     19  : 0.0020 0.9900 0.0020 0.0030 0.0030
1654     1654   (0)     19  : 0.1191 0.8659 0.0070 0.0050 0.0030
1655     1655   (0)     19  : 0.0158 0.9273 0.0310 0.0220 0.0040
1656     1656   (0)     19  : 0.0110 0.9534 0.0136 0.0190 0.0030
1657     1657   (0)     19  : 0.1379 0.8503 0.0040 0.0038 0.0040
1658     1658   (0)     19  : 0.1363 0.7373 0.0342 0.0852 0.0070
1659     1659   (0)     19  : 0.0408 0.9492 0.0030 0.0030 0.0040
1660     1660   (0)     19  : 0.0030 0.9830 0.0040 0.0050 0.0050
1661     1661   (0)     19  : 0.1077 0.8035 0.0338 0.0470 0.0080
1662     1662   (0)     19  : 0.0790 0.8968 0.0090 0.0122 0.0030
1663     1663   (0)     19  : 0.0040 0.9840 0.0030 0.0060 0.0030
1664     1664   (0)     19  : 0.0522 0.9282 0.0086 0.0060 0.0050
1665     1665   (0)     19  : 0.0140 0.9101 0.0090 0.0030 0.0639
1666     1666   (0)     19  : 0.0310 0.9399 0.0090 0.0030 0.0170
1667     1667   (0)     19  : 0.2020 0.7830 0.0030 0.0050 0.0070
1668     1668   (0)     19  : 0.0338 0.9492 0.0050 0.0040 0.0080
1669     1669   (0)     19  : 0.1892 0.8018 0.0030 0.0030 0.0030
1670     1670   (0)     19  : 0.0020 0.9900 0.0020 0.0020 0.0040
1671     1671   (0)     19  : 0.0442 0.9478 0.0030 0.0020 0.0030
1672     1672   (0)     19  : 0.1014 0.8726 0.0120 0.0040 0.0100
1673     1673   (0)     19  : 0.0020 0.9900 0.0020 0.0020 0.0040
1674     1674   (0)     19  : 0.2552 0.6900 0.0230 0.0100 0.0218
1675     1675   (0)     19  : 0.1644 0.8256 0.0030 0.0030 0.0040
1676     1676   (0)     19  : 0.0350 0.9542 0.0030 0.0040 0.0038
1677     1677   (0)     19  : 0.0839 0.9051 0.0040 0.0030 0.0040
1678     1678   (0)     19  : 0.1159 0.8741 0.0030 0.0030 0.0040
1679     1679   (0)     19  : 0.0350 0.9537 0.0062 0.0020 0.0030
1680     1680   (0)     19  : 0.0060 0.9790 0.0040 0.0050 0.0060
1681     1681   (0)     19  : 0.0238 0.9532 0.0040 0.0050 0.0140
1682     1682   (0)     19  : 0.0020 0.9890 0.0030 0.0030 0.0030
1683     1683   (0)     19  : 0.1054 0.8756 0.0120 0.0030 0.0040
1684     1684   (0)     19  : 0.1377 0.8413 0.0080 0.0050 0.0080
1685     1685   (0)     19  : 0.0290 0.9520 0.0080 0.0040 0.0070
1686     1686   (0)     19  : 0.2811 0.7039 0.0080 0.0030 0.0040
1687     1687   (0)     19  : 0.1062 0.8718 0.0040 0.0040 0.0140
1688     1688   (0)     19  : 0.0162 0.9588 0.0060 0.0150 0.0040
1689     1689   (0)     19  : 0.0298 0.9353 0.0080 0.0190 0.0080
1690     1690   (0)     19  : 0.1248 0.8470 0.0212 0.0020 0.0050
1691     1691   (0)     19  : 0.0134 0.9446 0.0160 0.0230 0.0030
1692     1692   (0)     19  : 0.1042 0.8560 0.0060 0.0040 0.0298
1693     1693   (0)     19  : 0.0580 0.8920 0.0120 0.0270 0.0110
1694     1694   (0)     19  : 0.0366 0.9072 0.0090 0.0110 0.0362
1695     1695   (0)     19  : 0.2406 0.7384 0.0130 0.0040 0.0040
1696     1696   (0)     19  : 0.0020 0.9910 0.0020 0.0020 0.0030
1697     1697   (0)     19  : 0.1778 0.7948 0.0164 0.0040 0.0070
1698     1698   (0)     19  : 0.1882 0.7920 0.0108 0.0030 0.0060
1699     1699   (0)     19  : 0.0240 0.9620 0.0080 0.0030 0.0030
1700     1700   (0)     19  : 0.0080 0.9378 0.0102 0.0260 0.0180
1701     1701   (0)     19  : 0.2032 0.7546 0.0302 0.0030 0.0090
1702     1702   (0)     19  : 0.0346 0.8423 0.1030 0.0160 0.0040
1703     1703   (0)     19  : 0.0372 0.9528 0.0050 0.0020 0.0030
1704     1704   (0)     19  : 0.1388 0.8332 0.0070 0.0040 0.0170
1705     1705   (0)     19  : 0.0040 0.9190 0.0110 0.0540 0.0120
1706     1706   (0)     19  : 0.0030 0.9850 0.0030 0.0020 0.0070
1707     1707   (0)     19  : 0.0440 0.9326 0.0080 0.0034 0.0120
1708     1708   (0)     19  : 0.0130 0.9260 0.0430 0.0130 0.0050
1709     1709   (0)     19  : 0.1532 0.8288 0.0060 0.0040 0.0080
1710     1710   (0)     19  : 0.0124 0.9746 0.0050 0.0040 0.0040
1711     1711   (0)     19  : 0.0756 0.8548 0.0166 0.0170 0.0360
1712     1712   (0)     19  : 0.0050 0.9870 0.0030 0.0020 0.0030
1713     1713   (0)     19  : 0.0400 0.9022 0.0458 0.0020 0.0100
1714     1714   (0)     19  : 0.0162 0.9708 0.0030 0.0050 0.0050
1715     1715   (0)     19  : 0.0020 0.9890 0.0030 0.0030 0.0030
1716     1716   (0)     19  : 0.1539 0.7964 0.0318 0.0070 0.0110
1717     1717   (0)     19  : 0.1326 0.8244 0.0170 0.0130 0.0130
1718     1718   (0)     19  : 0.1267 0.8395 0.0070 0.0080 0.0188
1719     1719   (0)     19  : 0.2400 0.7400 0.0050 0.0060 0.0090
1720     1720   (0)     19  : 0.0686 0.9124 0.0100 0.0050 0.0040
1721     1721   (0)     19  : 0.1568 0.8282 0.0040 0.0030 0.0080
1722     1722   (0)     19  : 0.0070 0.9400 0.0200 0.0260 0.0070
1723     1723   (0)     19  : 0.0360 0.9440 0.0120 0.0030 0.0050
1724     1724   (0)     19  : 0.2583 0.7227 0.0040 0.0060 0.0090
1725     1725   (0)     19  : 0.0949 0.8931 0.0030 0.0030 0.0060
1726     1726   (0)     19  : 0.2228 0.7652 0.0040 0.0030 0.0050
1727     1727   (0)     19  : 0.2044 0.7455 0.0390 0.0070 0.0040
1728     1728   (0)     19  : 0.1307 0.8543 0.0080 0.0030 0.0040
1729     1729   (0)     19  : 0.1204 0.8657 0.0080 0.0020 0.0040
1730     1730   (0)     19  : 0.1332 0.8152 0.0080 0.0366 0.0070
1731     1731   (0)     19  : 0.1599 0.8111 0.0120 0.0110 0.0060
1732     1732   (0)     19  : 0.0030 0.9870 0.0030 0.0040 0.0030
1733     1733   (0)     19  : 0.2447 0.7483 0.0030 0.0020 0.0020
1734     1734   (0)     19  : 0.0020 0.9872 0.0030 0.0020 0.0058
1735     1735   (0)     19  : 0.1080 0.8748 0.0070 0.0042 0.0060
1736     1736   (0)     19  : 0.1963 0.7929 0.0040 0.0028 0.0040
1737     1737   (0)     19  : 0.0370 0.9440 0.0060 0.0040 0.0090
1738     1738   (0)     19  : 0.1410 0.8470 0.0070 0.0020 0.0030
1739     1739   (0)     19  : 0.1742 0.8038 0.0100 0.0080 0.0040
1740     1740   (0)     19  : 0.2947 0.6933 0.0040 0.0020 0.0060
1741     1741   (0)     19  : 0.1087 0.8589 0.0140 0.0062 0.0122
1742     1742   (0)     19  : 0.1038 0.8822 0.0070 0.0020 0.0050
1743     1743   (0)     19  : 0.1091 0.8749 0.0040 0.0060 0.0060
1744     1744   (0)     19  : 0.1748 0.8132 0.0040 0.0030 0.0050
1745     1745   (0)     19  : 0.0130 0.9690 0.0050 0.0090 0.0040
1746     1746   (0)     19  : 0.2360 0.7540 0.0040 0.0030 0.0030
1747     1747   (0)     19  : 0.1149 0.7118 0.0222 0.0100 0.1411
1748     1748   (0)     19  : 0.0044 0.9038 0.0300 0.0436 0.0182
1749     1749   (0)     19  : 0.0190 0.9592 0.0168 0.0020 0.0030
1750     1750   (0)     19  : 0.1491 0.8295 0.0106 0.0050 0.0058
1751     1751   (0)     20  : 0.0358 0.0060 0.0120 0.0150 0.9312
1752     1752   (0)     20  : 0.0040 0.0050 0.0060 0.0030 0.9820
1753     1753   (0)     20  : 0.0080 0.0070 0.0060 0.0070 0.9720
1754     1754   (0)     20  : 0.1198 0.0030 0.0086 0.0060 0.8625
1755     1755   (0)     20  : 0.0030 0.0066 0.0040 0.0040 0.9824
1756     1756   (0)     20  : 0.2414 0.0070 0.0358 0.0148 0.7011
1757     1757   (0)     20  : 0.0240 0.0050 0.0060 0.0596 0.9054
1758     1758   (0)     20  : 0.0108 0.0150 0.0176 0.0040 0.9526
1759     1759   (0)     20  : 0.0060 0.0060 0.0060 0.0070 0.9750
1760     1760   (0)     20  : 0.0040 0.0140 0.0050 0.0030 0.9740
1761     1761   (0)     20  : 0.2300 0.0070 0.0050 0.0066 0.7514
1762     1762   (0)     20  : 0.0070 0.0030 0.0060 0.0072 0.9768
1763     1763   (0)     20  : 0.0050 0.0040 0.0308 0.0090 0.9512
1764     1764   (0)     20  : 0.2330 0.0030 0.0050 0.0040 0.7550
1765     1765   (0)     20  : 0.1060 0.0140 0.0060 0.0030 0.8710
1766     1766   (0)     20  : 0.0060 0.0040 0.0070 0.0040 0.9790
1767     1767   (0)     20  : 0.0030 0.0036 0.0060 0.0060 0.9814
1768     1768   (0)     20  : 0.2274 0.0064 0.0040 0.0090 0.7532
1769     1769   (0)     20  : 0.1089 0.0040 0.0764 0.0060 0.8047
1770     1770   (0)     20  : 0.0168 0.0162 0.0040 0.0040 0.9590
1771     1771   (0)     20  : 0.0040 0.0050 0.0070 0.0050 0.9790
1772     1772   (0)     20  : 0.0140 0.0090 0.0162 0.1118 0.8490
1773     1773   (0)     20  : 0.1844 0.0140 0.0150 0.0170 0.7696
1774     1774   (0)     20  : 0.0030 0.0190 0.0050 0.0040 0.9690
1775     1775   (0)     20  : 0.0100 0.0080 0.0120 0.0138 0.9562
1776     1776   (0)     20  : 0.1062 0.0050 0.0070 0.0080 0.8738
1777     1777   (0)     20  : 0.0206 0.0206 0.0140 0.0030 0.9418
1778     1778   (0)     20  : 0.0100 0.0030 0.0384 0.0238 0.9247
1779     1779   (0)     20  : 0.0190 0.0050 0.0268 0.0040 0.9452
1780     1780   (0)     20  : 0.0040 0.0030 0.0060 0.0040 0.9830
1781     1781   (0)     20  : 0.0118 0.0080 0.0240 0.0080 0.9482
1782     1782   (0)     20  : 0.2417 0.0040 0.0040 0.0040 0.7463
1783     1783   (0)     20  : 0.0120 0.0020 0.0050 0.0050 0.9760
1784     1784   (0)     20  : 0.2022 0.0070 0.0060 0.0030 0.7818
1785     1785   (0)     20  : 0.0064 0.0052 0.0050 0.0164 0.9670
1786     1786   (0)     20  : 0.0060 0.0040 0.0040 0.0040 0.9820
1787     1787   (0)     20  : 0.2292 0.0060 0.0040 0.0030 0.7578
1788     1788   (0)     20  : 0.0268 0.0060 0.0152 0.0060 0.9460
1789     1789   (0)     20  : 0.0458 0.0040 0.0062 0.0040 0.9400
1790     1790   (0)     20  : 0.2004 0.0040 0.0318 0.0030 0.7608
1791     1791   (0)     20  : 0.0070 0.0300 0.0110 0.0040 0.9480
1792     1792   (0)     20  : 0.0420 0.0050 0.0320 0.0248 0.8961
1793     1793   (0)     20  : 0.0958 0.0160 0.0080 0.0056 0.8746
1794     1794   (0)     20  : 0.0494 0.0130 0.0050 0.0050 0.9277
1795     1795   (0)     20  : 0.0628 0.0120 0.0100 0.0146 0.9006
1796     1796   (0)     20  : 0.0328 0.0404 0.0356 0.0090 0.8823
1797     1797   (0)     20  : 0.0350 0.0771 0.0080 0.0020 0.8779
1798     1798   (0)     20  : 0.0020 0.0260 0.0060 0.0180 0.9480
1799     1799   (0)     20  : 0.0160 0.0122 0.0190 0.0945 0.8583
1800     1800   (0)     20  : 0.0034 0.0040 0.0040 0.0050 0.9836
1801     1801   (0)     20  : 0.0774 0.0180 0.0080 0.0200 0.8766
1802     1802   (0)     20  : 0.0150 0.0190 0.0076 0.0100 0.9484
1803     1803   (0)     20  : 0.1670 0.0030 0.0290 0.0080 0.7930
1804     1804   (0)     20  : 0.1912 0.0090 0.0050 0.0030 0.7918
1805     1805   (0)     20  : 0.0060 0.0050 0.0446 0.0030 0.9414
1806     1806   (0)     20  : 0.0644 0.0160 0.0064 0.0090 0.9042
1807     1807   (0)     20  : 0.0878 0.0040 0.0542 0.0030 0.8510
1808     1808   (0)     20  : 0.2783 0.0030 0.0080 0.0250 0.6857
1809     1809   (0)     20  : 0.0408 0.0452 0.0324 0.0592 0.8224
1810     1810   (0)     20  : 0.1663 0.0060 0.0116 0.0050 0.8111
1811     1811   (0)     20  : 0.0060 0.0080 0.0150 0.0130 0.9580
1812     1812   (0)     20  : 0.0042 0.0040 0.0040 0.0040 0.9838
1813     1813   (0)     20  : 0.1796 0.0040 0.0080 0.0180 0.7904
1814     1814   (0)     20  : 0.0390 0.0070 0.0378 0.1495 0.7667
1815     1815   (0)     20  : 0.0226 0.0030 0.0420 0.0070 0.9254
1816     1816   (0)     20  : 0.0456 0.0100 0.0110 0.0110 0.9225
1817     1817   (0)     20  : 0.0038 0.0050 0.0122 0.0100 0.9690
1818     1818   (0)     20  : 0.0040 0.0150 0.0060 0.0050 0.9700
1819     1819   (0)     20  : 0.0170 0.0661 0.0170 0.0130 0.8869
1820     1820   (0)     20  : 0.0290 0.0030 0.0060 0.0040 0.9580
1821     1821   (0)     20  : 0.4265 0.0120 0.0050 0.0080 0.5485
1822     1822   (0)     20  : 0.1802 0.0146 0.0050 0.0070 0.7932
1823     1823   (0)     20  : 0.1371 0.0658 0.1107 0.0110 0.6754
1824     1824   (0)     20  : 0.1369 0.0060 0.0070 0.0040 0.8461
1825     1825   (0)     20  : 0.0170 0.0060 0.0400 0.0070 0.9300
1826     1826   (0)     20  : 0.1461 0.0090 0.0090 0.0120 0.8239
1827     1827   (0)     20  : 0.1191 0.0080 0.0080 0.0050 0.8599
1828     1828   (0)     20  : 0.0258 0.0040 0.0412 0.0802 0.8488
1829     1829   (0)     20  : 0.0080 0.0050 0.0060 0.0060 0.9750
1830     1830   (0)     20  : 0.2426 0.0320 0.0100 0.0050 0.7104
1831     1831   (0)     20  : 0.2332 0.0046 0.0060 0.0040 0.7522
1832     1832   (0)     20  : 0.0040 0.0120 0.0040 0.0030 0.9770
1833     1833   (0)     20  : 0.0262 0.0220 0.0080 0.0040 0.9398
1834     1834   (0)     20  : 0.2589 0.0040 0.0058 0.0090 0.7223
1835     1835   (0)     20  : 0.0074 0.0090 0.0050 0.0040 0.9746
1836     1836   (0)     20  : 0.0040 0.0020 0.0050 0.0128 0.9762
1837     1837   (0)     20  : 0.0546 0.0070 0.0100 0.0040 0.9244
1838     1838   (0)     20  : 0.0080 0.0140 0.0040 0.0120 0.9620
1839     1839   (0)     20  : 0.0672 0.0120 0.0100 0.0140 0.8968
1840     1840   (0)     20  : 0.0080 0.0594 0.0110 0.0100 0.9116
1841     1841   (0)     20  : 0.2261 0.0060 0.0100 0.0040 0.7539
1842     1842   (0)     20  : 0.0632 0.0070 0.0252 0.0814 0.8233
1843     1843   (0)     20  : 0.0250 0.0900 0.0074 0.0050 0.8726
1844     1844   (0)     20  : 0.0030 0.0100 0.0042 0.0040 0.9788
1845     1845   (0)     20  : 0.1654 0.0070 0.0230 0.0060 0.7986
1846     1846   (0)     20  : 0.0040 0.0060 0.0060 0.0050 0.9790
1847     1847   (0)     20  : 0.0070 0.0030 0.0160 0.0050 0.9690
1848     1848   (0)     20  : 0.0062 0.0040 0.0060 0.0040 0.9798
1849     1849   (0)     20  : 0.0040 0.0060 0.0040 0.0040 0.9820
1850     1850   (0)     20  : 0.0538 0.0764 0.0080 0.0030 0.8589
1851     1851  (10)     21  : 0.0030 0.0040 0.9720 0.0050 0.0160
1852     1852   (0)     21  : 0.0060 0.0084 0.6015 0.0080 0.3761
1853     1853   (0)     21  : 0.0250 0.0040 0.8825 0.0835 0.0050
1854     1854   (0)     21  : 0.0040 0.0070 0.9720 0.0090 0.0080
1855     1855   (0)     21  : 0.0050 0.0678 0.7899 0.0050 0.1323
1856     1856   (5)     21  : 0.0030 0.0624 0.8422 0.0050 0.0874
1857     1857   (0)     21  : 0.0030 0.0030 0.9786 0.0040 0.0114
1858     1858   (0)     21  : 0.0040 0.0074 0.9806 0.0020 0.0060
1859     1859   (0)     21  : 0.0030 0.0050 0.7740 0.2080 0.0100
1860     1860   (0)     21  : 0.0204 0.0228 0.9348 0.0030 0.0190
1861     1861   (0)     21  : 0.0030 0.0060 0.4364 0.5326 0.0220
1862     1862   (0)     21  : 0.0040 0.0030 0.9750 0.0100 0.0080
1863     1863   (0)     21  : 0.0020 0.0030 0.9760 0.0080 0.0110
1864     1864   (0)     21  : 0.0040 0.0070 0.9722 0.0040 0.0128
1865     1865   (5)     21  : 0.0030 0.0020 0.9764 0.0156 0.0030
1866     1866   (0)     21  : 0.0050 0.0030 0.9810 0.0050 0.0060
1867     1867   (0)     21  : 0.0070 0.0050 0.9694 0.0132 0.0054
1868     1868   (0)     21  : 0.0030 0.0040 0.9740 0.0130 0.0060
1869     1869   (0)     21  : 0.0040 0.0070 0.9236 0.0042 0.0612
1870     1870   (0)     21  : 0.0020 0.0030 0.9870 0.0040 0.0040
1871     1871   (0)     21  : 0.0030 0.0050 0.9770 0.0040 0.0110
1872     1872   (5)     21  : 0.0040 0.0050 0.9790 0.0070 0.0050
1873     1873   (5)     21  : 0.0050 0.0040 0.8667 0.1154 0.0090
1874     1874   (5)     21  : 0.0042 0.0080 0.9728 0.0090 0.0060
1875     1875   (0)     21  : 0.0064 0.0098 0.9688 0.0030 0.0120
1876     1876   (0)     21  : 0.0024 0.0040 0.9846 0.0030 0.0060
1877     1877   (0)     21  : 0.0030 0.0040 0.9610 0.0102 0.0218
1878     1878   (0)     21  : 0.0052 0.0162 0.9706 0.0030 0.0050
1879     1879   (0)     21  : 0.0030 0.0040 0.9612 0.0052 0.0266
1880     1880   (0)     21  : 0.0070 0.0040 0.9700 0.0120 0.0070
1881     1881   (0)     21  : 0.0060 0.0040 0.9496 0.0354 0.0050
1882     1882   (0)     21  : 0.0030 0.0030 0.9810 0.0080 0.0050
1883     1883   (0)     21  : 0.0034 0.0060 0.9646 0.0040 0.0220
1884     1884   (0)     21  : 0.0034 0.0040 0.9776 0.0120 0.0030
1885     1885   (0)     21  : 0.0050 0.0060 0.8520 0.0040 0.1330
1886     1886   (0)     21  : 0.0050 0.0060 0.9382 0.0448 0.0060
1887     1887   (5)     21  : 0.0050 0.0046 0.9440 0.0160 0.0304
1888     1888   (0)     21  : 0.0090 0.0040 0.9640 0.0100 0.0130
1889     1889   (0)     21  : 0.0030 0.0040 0.9742 0.0070 0.0118
1890     1890   (0)     21  : 0.0050 0.0036 0.9794 0.0080 0.0040
1891     1891   (0)     21  : 0.0050 0.0070 0.9690 0.0100 0.0090
1892     1892   (0)     21  : 0.0050 0.0048 0.9782 0.0090 0.0030
1893     1893   (5)     21  : 0.0040 0.0040 0.9660 0.0150 0.0110
1894     1894   (5)     21  : 0.0070 0.0090 0.9460 0.0120 0.0260
1895     1895   (5)     21  : 0.0040 0.0070 0.9510 0.0280 0.0100
1896     1896   (5)     21  : 0.0058 0.0050 0.9632 0.0180 0.0080
1897     1897   (5)     21  : 0.0070 0.0050 0.9700 0.0130 0.0050
1898     1898   (5)     21  : 0.0118 0.0050 0.9622 0.0120 0.0090
1899     1899   (0)     21  : 0.0040 0.0040 0.9814 0.0070 0.0036
1900     1900   (5)     21  : 0.0030 0.0032 0.9686 0.0100 0.0152
1901     1901   (0)     21  : 0.0040 0.0070 0.9040 0.0070 0.0780
1902     1902   (0)     21  : 0.0140 0.0190 0.9074 0.0286 0.0310
1903     1903   (0)     21  : 0.0030 0.0030 0.9600 0.0160 0.0180
1904     1904   (0)     21  : 0.0030 0.0030 0.9820 0.0040 0.0080
1905     1905   (0)     21  : 0.0050 0.0494 0.9226 0.0080 0.0150
1906     1906   (0)     21  : 0.0030 0.0030 0.9740 0.0110 0.0090
1907     1907   (0)     21  : 0.0030 0.0050 0.9740 0.0130 0.0050
1908     1908   (0)     21  : 0.0040 0.0040 0.9830 0.0050 0.0040
1909     1909   (0)     21  : 0.0030 0.0040 0.9085 0.0796 0.0050
1910     1910   (0)     21  : 0.0040 0.0030 0.9770 0.0080 0.0080
1911     1911   (0)     21  : 0.0040 0.0120 0.9319 0.0030 0.0490
1912     1912   (0)     21  : 0.0030 0.9860 0.0030 0.0030 0.0050
1913     1913   (0)     21  : 0.0020 0.0030 0.9822 0.0086 0.0042
1914     1914   (0)     21  : 0.0020 0.0050 0.9760 0.0080 0.0090
1915     1915   (0)     21  : 0.0030 0.0030 0.9822 0.0050 0.0068
1916     1916   (0)     21  : 0.0050 0.0120 0.9304 0.0046 0.0480
1917     1917   (0)     21  : 0.0030 0.0110 0.9770 0.0020 0.0070
1918     1918   (0)     21  : 0.0050 0.0838 0.5698 0.3009 0.0404
1919     1919   (0)     21  : 0.0040 0.0050 0.9138 0.0336 0.0436
1920     1920   (0)     21  : 0.0040 0.0040 0.4028 0.1066 0.4826
1921     1921   (0)     21  : 0.0030 0.0070 0.9750 0.0050 0.0100
1922     1922   (0)     21  : 0.0030 0.0048 0.9792 0.0060 0.0070
1923     1923   (0)     21  : 0.0040 0.0030 0.9810 0.0070 0.0050
1924     1924   (0)     21  : 0.0040 0.0130 0.9448 0.0070 0.0312
1925     1925   (0)     21  : 0.0030 0.0050 0.9760 0.0060 0.0100
1926     1926   (0)     21  : 0.0020 0.0050 0.9806 0.0040 0.0084
1927     1927   (0)     21  : 0.0030 0.0090 0.9750 0.0050 0.0080
1928     1928   (0)     21  : 0.0040 0.0030 0.9322 0.0458 0.0150
1929     1929   (0)     21  : 0.0050 0.0060 0.9652 0.0198 0.0040
1930     1930   (0)     21  : 0.0040 0.0060 0.9732 0.0040 0.0128
1931     1931   (0)     21  : 0.0020 0.0050 0.2012 0.7877 0.0040
1932     1932   (0)     21  : 0.0040 0.0050 0.9418 0.0060 0.0432
1933     1933   (0)     21  : 0.0040 0.0070 0.9452 0.0060 0.0378
1934     1934   (0)     21  : 0.0040 0.0050 0.9489 0.0090 0.0330
1935     1935   (0)     21  : 0.0020 0.0070 0.9730 0.0060 0.0120
1936     1936   (0)     21  : 0.0060 0.0100 0.9650 0.0050 0.0140
1937     1937   (0)     21  : 0.0030 0.0150 0.9690 0.0030 0.0100
1938     1938   (0)     21  : 0.0030 0.0030 0.9720 0.0150 0.0070
1939     1939   (0)     21  : 0.0030 0.0050 0.9780 0.0090 0.0050
1940     1940   (0)     21  : 0.0020 0.0070 0.9786 0.0084 0.0040
1941     1941   (0)     21  : 0.0030 0.0030 0.9534 0.0116 0.0290
1942     1942   (0)     21  : 0.0070 0.0090 0.9706 0.0050 0.0084
1943     1943  (10)     21  : 0.0040 0.0040 0.3378 0.6462 0.0080
1944     1944   (0)     21  : 0.0040 0.0050 0.9690 0.0140 0.0080
1945     1945   (0)     21  : 0.0040 0.0030 0.9400 0.0070 0.0460
1946     1946   (0)     21  : 0.0048 0.0050 0.7105 0.0698 0.2099
1947     1947   (0)     21  : 0.0070 0.0110 0.9016 0.0714 0.0090
1948     1948   (0)     21  : 0.0060 0.0070 0.9388 0.0050 0.0432
1949     1949   (0)     21  : 0.0030 0.0080 0.9740 0.0060 0.0090
1950     1950   (0)     21  : 0.0030 0.0050 0.9750 0.0120 0.0050
1951     1951   (0)     21  : 0.0020 0.0030 0.9870 0.0040 0.0040
1952     1952   (0)     21  : 0.0020 0.0030 0.9802 0.0078 0.0070
1953     1953   (0)     21  : 0.0040 0.0050 0.9710 0.0150 0.0050
1954     1954   (0)     21  : 0.0020 0.0040 0.9790 0.0070 0.0080
1955     1955   (0)     21  : 0.0030 0.0030 0.9740 0.0120 0.0080
1956     1956   (0)     22  : 0.0270 0.0030 0.9590 0.0060 0.0050
1957     1957  (10)     22  : 0.0070 0.0030 0.9710 0.0140 0.0050
1958     1958  (10)     22  : 0.0060 0.0550 0.9030 0.0090 0.0270
1959     1959   (5)     22  : 0.0030 0.0030 0.9730 0.0094 0.0116
1960     1960   (5)     22  : 0.0032 0.0060 0.9684 0.0184 0.0040
1961     1961   (0)     22  : 0.0030 0.0050 0.9680 0.0180 0.0060
1962     1962   (5)     22  : 0.0040 0.0160 0.9160 0.0590 0.0050
1963     1963   (5)     22  : 0.0040 0.0030 0.9050 0.0820 0.0060
1964     1964   (0)     22  : 0.0020 0.0030 0.9820 0.0100 0.0030
1965     1965   (0)     22  : 0.0020 0.0030 0.9836 0.0074 0.0040
1966     1966   (0)     22  : 0.0020 0.0030 0.9834 0.0076 0.0040
1967     1967   (0)     22  : 0.0020 0.0040 0.9850 0.0050 0.0040
1968     1968   (0)     22  : 0.0030 0.0080 0.9760 0.0070 0.0060
1969     1969   (5)     22  : 0.0022 0.0040 0.9758 0.0060 0.0120
1970     1970   (5)     22  : 0.0174 0.0136 0.9540 0.0090 0.0060
1971     1971  (10)     22  : 0.0050 0.0030 0.9740 0.0120 0.0060
1972     1972   (0)     22  : 0.0030 0.0040 0.9840 0.0050 0.0040
1973     1973   (5)     22  : 0.0064 0.0142 0.9442 0.0302 0.0050
1974     1974   (5)     22  : 0.0040 0.0144 0.9696 0.0040 0.0080
1975     1975   (0)     22  : 0.0030 0.0050 0.9810 0.0050 0.0060
1976     1976   (5)     22  : 0.0030 0.0040 0.9590 0.0270 0.0070
1977     1977   (0)     22  : 0.0150 0.0110 0.9510 0.0030 0.0200
1978     1978   (5)     22  : 0.0020 0.0150 0.9600 0.0170 0.0060
1979     1979   (0)     22  : 0.0030 0.0030 0.9610 0.0290 0.0040
1980     1980   (0)     22  : 0.0060 0.0060 0.9267 0.0572 0.0040
1981     1981   (0)     22  : 0.0070 0.0102 0.9698 0.0090 0.0040
1982     1982   (0)     22  : 0.0030 0.0030 0.9572 0.0328 0.0040
1983     1983   (0)     22  : 0.0030 0.0020 0.9580 0.0140 0.0230
1984     1984   (0)     22  : 0.0050 0.0030 0.8449 0.1341 0.0130
1985     1985   (0)     22  : 0.0140 0.0120 0.9394 0.0296 0.0050
1986     1986   (0)     22  : 0.0050 0.0050 0.9790 0.0060 0.0050
1987     1987   (0)     22  : 0.0080 0.0038 0.8533 0.1214 0.0136
1988     1988   (0)     22  : 0.0038 0.0030 0.9350 0.0192 0.0390
1989     1989   (0)     22  : 0.0040 0.0030 0.9830 0.0050 0.0050
1990     1990   (0)     22  : 0.0070 0.0050 0.9688 0.0072 0.0120
1991     1991   (0)     22  : 0.0030 0.0040 0.9840 0.0050 0.0040
1992     1992   (0)     22  : 0.0060 0.0040 0.9830 0.0030 0.0040
1993     1993   (0)     22  : 0.0030 0.0020 0.9850 0.0050 0.0050
1994     1994   (5)     22  : 0.0040 0.0080 0.9760 0.0070 0.0050
1995     1995   (5)     22  : 0.0040 0.0100 0.9540 0.0250 0.0070
1996     1996   (0)     22  : 0.0040 0.0136 0.9734 0.0040 0.0050
1997     1997  (15)     22  : 0.0100 0.0276 0.9434 0.0090 0.0100
1998     1998  (10)     22  : 0.0030 0.0030 0.9668 0.0232 0.0040
1999     1999  (10)     22  : 0.0030 0.0050 0.9792 0.0060 0.0068
2000     2000  (10)     22  : 0.0050 0.0050 0.9620 0.0080 0.0200
2001     2001   (5)     22  : 0.0040 0.0122 0.9528 0.0120 0.0190
2002     2002   (5)     22  : 0.0030 0.0050 0.9690 0.0150 0.0080
2003     2003   (5)     22  : 0.0030 0.0130 0.9700 0.0030 0.0110
2004     2004   (5)     22  : 0.0030 0.0040 0.9720 0.0170 0.0040
2005     2005   (5)     22  : 0.0030 0.0060 0.9770 0.0050 0.0090
2006     2006   (5)     22  : 0.0030 0.0070 0.9770 0.0040 0.0090
2007     2007  (15)     22  : 0.0080 0.0070 0.9660 0.0100 0.0090
2008     2008   (5)     22  : 0.0134 0.0020 0.9696 0.0100 0.0050
2009     2009   (5)     22  : 0.0030 0.0030 0.9820 0.0080 0.0040
2010     2010  (15)     22  : 0.0040 0.0050 0.9682 0.0146 0.0082
2011     2011   (5)     22  : 0.0270 0.0080 0.9430 0.0100 0.0120
2012     2012   (5)     22  : 0.0302 0.0230 0.7321 0.0212 0.1934
2013     2013   (5)     22  : 0.0030 0.0050 0.9810 0.0040 0.0070
2014     2014   (5)     22  : 0.0030 0.0040 0.9640 0.0240 0.0050
2015     2015  (10)     22  : 0.0040 0.0070 0.9780 0.0070 0.0040
2016     2016   (5)     22  : 0.0030 0.0040 0.8538 0.1352 0.0040
2017     2017   (5)     22  : 0.0030 0.0080 0.9810 0.0020 0.0060
2018     2018  (10)     22  : 0.0030 0.0040 0.9370 0.0500 0.0060
2019     2019  (10)     22  : 0.0040 0.0060 0.9720 0.0070 0.0110
2020     2020  (10)     22  : 0.0200 0.0070 0.9580 0.0060 0.0090
2021     2021  (10)     22  : 0.0428 0.0080 0.8734 0.0498 0.0260
2022     2022   (5)     22  : 0.0030 0.0040 0.9720 0.0070 0.0140
2023     2023  (10)     22  : 0.0040 0.1849 0.7465 0.0130 0.0516
2024     2024   (0)     22  : 0.0020 0.0070 0.9364 0.0466 0.0080
2025     2025   (5)     22  : 0.0040 0.0040 0.9480 0.0390 0.0050
2026     2026   (0)     22  : 0.0028 0.0020 0.9822 0.0080 0.0050
2027     2027   (0)     22  : 0.0020 0.0020 0.9900 0.0030 0.0030
2028     2028   (0)     22  : 0.0050 0.0030 0.9818 0.0050 0.0052
2029     2029   (0)     22  : 0.0140 0.0050 0.9580 0.0160 0.0070
2030     2030   (0)     22  : 0.0020 0.0122 0.9740 0.0058 0.0060
2031     2031   (0)     22  : 0.0094 0.0040 0.9314 0.0502 0.0050
2032     2032   (0)     22  : 0.0040 0.0064 0.8870 0.0966 0.0060
2033     2033  (10)     22  : 0.0070 0.0040 0.9752 0.0080 0.0058
2034     2034  (10)     22  : 0.0120 0.0070 0.9690 0.0050 0.0070
2035     2035   (0)     22  : 0.0060 0.0040 0.9736 0.0104 0.0060
2036     2036   (5)     22  : 0.0664 0.0100 0.9046 0.0080 0.0110
2037     2037   (0)     22  : 0.0040 0.0070 0.9550 0.0150 0.0190
2038     2038   (5)     22  : 0.0080 0.0050 0.9698 0.0060 0.0112
2039     2039   (5)     22  : 0.0030 0.0060 0.9658 0.0182 0.0070
2040     2040   (5)     22  : 0.0040 0.0100 0.9540 0.0240 0.0080
2041     2041  (10)     22  : 0.0030 0.0030 0.9780 0.0100 0.0060
2042     2042   (0)     22  : 0.0030 0.0030 0.9850 0.0050 0.0040
2043     2043   (0)     22  : 0.0030 0.0040 0.9800 0.0070 0.0060
2044     2044   (0)     22  : 0.0144 0.0378 0.9378 0.0050 0.0050
2045     2045   (0)     22  : 0.0030 0.0070 0.9820 0.0040 0.0040
2046     2046   (0)     22  : 0.0050 0.0068 0.9742 0.0070 0.0070
2047     2047   (0)     22  : 0.0030 0.0040 0.9838 0.0042 0.0050
2048     2048   (0)     22  : 0.0030 0.0040 0.8491 0.0576 0.0863
2049     2049   (0)     22  : 0.0030 0.0074 0.9724 0.0062 0.0110
2050     2050   (0)     22  : 0.0030 0.0030 0.9670 0.0230 0.0040
2051     2051   (0)     22  : 0.0030 0.0050 0.9790 0.0060 0.0070
2052     2052   (0)     22  : 0.0030 0.0062 0.9798 0.0050 0.0060
2053     2053   (0)     22  : 0.0100 0.0110 0.9374 0.0316 0.0100
2054     2054   (0)     22  : 0.0080 0.0100 0.9440 0.0110 0.0270
2055     2055   (0)     22  : 0.0060 0.0360 0.9212 0.0090 0.0278
2056     2056   (0)     22  : 0.0030 0.0060 0.8300 0.0364 0.1246
2057     2057   (0)     22  : 0.0100 0.0030 0.9720 0.0070 0.0080
2058     2058   (0)     22  : 0.0030 0.0040 0.9756 0.0090 0.0084
2059     2059   (5)     22  : 0.0030 0.0086 0.9694 0.0060 0.0130
2060     2060   (0)     22  : 0.0030 0.0060 0.9540 0.0150 0.0220
2061     2061   (5)     22  : 0.2028 0.0200 0.7652 0.0050 0.0070
2062     2062   (0)     22  : 0.0030 0.0050 0.9434 0.0050 0.0436
2063     2063   (0)     22  : 0.0050 0.0090 0.8942 0.0872 0.0046
2064     2064   (0)     22  : 0.0050 0.0392 0.9428 0.0090 0.0040
2065     2065   (0)     22  : 0.0030 0.0040 0.9786 0.0090 0.0054
2066     2066   (0)     22  : 0.0030 0.0030 0.9800 0.0088 0.0052
2067     2067   (0)     22  : 0.0030 0.0132 0.9378 0.0210 0.0250
2068     2068   (0)     22  : 0.0030 0.0030 0.9660 0.0220 0.0060
2069     2069   (0)     22  : 0.0026 0.0020 0.9874 0.0050 0.0030
2070     2070   (0)     22  : 0.0032 0.0050 0.9808 0.0060 0.0050
2071     2071   (0)     22  : 0.0030 0.0040 0.9850 0.0050 0.0030
2072     2072   (0)     22  : 0.0080 0.0080 0.8862 0.0768 0.0210
2073     2073   (0)     22  : 0.0026 0.0050 0.9824 0.0050 0.0050
2074     2074   (0)     22  : 0.0070 0.0040 0.9760 0.0040 0.0090
2075     2075   (5)     22  : 0.0030 0.0050 0.9810 0.0060 0.0050
2076     2076   (0)     22  : 0.0040 0.0050 0.9762 0.0118 0.0030
2077     2077   (0)     22  : 0.0050 0.0140 0.9530 0.0150 0.0130
2078     2078   (0)     22  : 0.0060 0.0040 0.9762 0.0090 0.0048
2079     2079  (10)     22  : 0.0030 0.0030 0.9650 0.0190 0.0100
2080     2080   (0)     22  : 0.0030 0.0020 0.9832 0.0058 0.0060
2081     2081   (0)     22  : 0.0030 0.0020 0.9820 0.0090 0.0040
2082     2082   (0)     22  : 0.0040 0.0030 0.9836 0.0064 0.0030
2083     2083  (10)     22  : 0.0020 0.0030 0.9850 0.0050 0.0050
2084     2084   (5)     22  : 0.0030 0.0070 0.9720 0.0050 0.0130
2085     2085   (0)     22  : 0.0040 0.0040 0.9720 0.0070 0.0130
2086     2086   (5)     22  : 0.0040 0.0030 0.9840 0.0050 0.0040
2087     2087   (5)     22  : 0.0030 0.0020 0.9674 0.0040 0.0236
2088     2088  (10)     22  : 0.0040 0.0080 0.9680 0.0050 0.0150
2089     2089   (0)     22  : 0.0030 0.0020 0.9770 0.0110 0.0070
2090     2090   (5)     22  : 0.0090 0.0282 0.9388 0.0060 0.0180
2091     2091  (10)     22  : 0.0030 0.0030 0.9730 0.0150 0.0060
2092     2092   (0)     22  : 0.0050 0.0146 0.9514 0.0050 0.0240
2093     2093   (0)     22  : 0.0200 0.0050 0.9326 0.0176 0.0248
2094     2094   (0)     22  : 0.0040 0.0088 0.8578 0.0040 0.1254
2095     2095   (0)     22  : 0.0050 0.0724 0.8986 0.0110 0.0130
2096     2096   (0)     22  : 0.0030 0.0030 0.9600 0.0110 0.0230
2097     2097   (0)     22  : 0.0064 0.0030 0.9746 0.0040 0.0120
2098     2098   (0)     22  : 0.0030 0.0040 0.9710 0.0170 0.0050
2099     2099   (0)     22  : 0.0030 0.0070 0.9684 0.0156 0.0060
2100     2100   (0)     22  : 0.0024 0.0030 0.9756 0.0130 0.0060
2101     2101   (5)     22  : 0.0070 0.0130 0.9640 0.0030 0.0130
2102     2102   (0)     22  : 0.0020 0.0020 0.9840 0.0080 0.0040
2103     2103   (0)     22  : 0.0040 0.0280 0.6924 0.2636 0.0120
2104     2104   (0)     22  : 0.0038 0.0090 0.9772 0.0050 0.0050
2105     2105   (5)     22  : 0.0066 0.0050 0.9624 0.0150 0.0110
2106     2106   (0)     22  : 0.0030 0.0030 0.9760 0.0090 0.0090
2107     2107   (0)     22  : 0.0070 0.0080 0.9406 0.0110 0.0334
2108     2108   (0)     22  : 0.0030 0.0060 0.9554 0.0186 0.0170
2109     2109   (0)     22  : 0.0030 0.0080 0.9610 0.0200 0.0080
2110     2110   (0)     22  : 0.0030 0.0060 0.9830 0.0050 0.0030
2111     2111   (0)     22  : 0.0050 0.0120 0.9018 0.0692 0.0120
2112     2112   (0)     22  : 0.0070 0.0030 0.9560 0.0060 0.0280
2113     2113   (0)     22  : 0.0030 0.0060 0.9820 0.0060 0.0030
2114     2114   (0)     22  : 0.0030 0.0060 0.9660 0.0140 0.0110
2115     2115   (0)     22  : 0.0070 0.0090 0.9690 0.0070 0.0080
2116     2116   (0)     22  : 0.0030 0.0030 0.8314 0.1576 0.0050
2117     2117   (0)     22  : 0.0022 0.0020 0.9684 0.0114 0.0160
2118     2118   (0)     22  : 0.0030 0.0030 0.9860 0.0040 0.0040
2119     2119   (0)     22  : 0.0030 0.0050 0.9800 0.0060 0.0060
2120     2120   (0)     22  : 0.0020 0.0030 0.9860 0.0050 0.0040
2121     2121   (0)     22  : 0.0030 0.0030 0.9740 0.0060 0.0140
2122     2122   (0)     22  : 0.0040 0.0070 0.9720 0.0080 0.0090
2123     2123   (0)     22  : 0.0080 0.0060 0.9710 0.0070 0.0080
2124     2124   (0)     22  : 0.0040 0.0040 0.9780 0.0090 0.0050
2125     2125   (0)     22  : 0.0030 0.0030 0.9860 0.0040 0.0040
2126     2126  (10)     22  : 0.0060 0.0040 0.9670 0.0080 0.0150
2127     2127   (5)     22  : 0.0030 0.0934 0.8776 0.0140 0.0120
2128     2128  (10)     22  : 0.0040 0.0060 0.9720 0.0080 0.0100
2129     2129   (5)     22  : 0.0394 0.0440 0.8856 0.0190 0.0120
2130     2130  (10)     22  : 0.0030 0.0050 0.9660 0.0190 0.0070
2131     2131  (10)     22  : 0.0040 0.0130 0.8724 0.0896 0.0210
2132     2132   (0)     22  : 0.0050 0.0110 0.9542 0.0228 0.0070
2133     2133   (5)     22  : 0.0070 0.0050 0.9480 0.0110 0.0290
2134     2134   (5)     22  : 0.0258 0.0090 0.9392 0.0080 0.0180
2135     2135  (10)     22  : 0.0070 0.0212 0.9267 0.0310 0.0140
2136     2136   (0)     22  : 0.0030 0.0030 0.9640 0.0210 0.0090
2137     2137   (0)     22  : 0.0040 0.0030 0.9800 0.0070 0.0060
2138     2138   (0)     22  : 0.0040 0.0040 0.9790 0.0060 0.0070
2139     2139   (0)     22  : 0.0030 0.0022 0.9858 0.0050 0.0040
2140     2140   (0)     22  : 0.0190 0.0030 0.6928 0.2748 0.0104
2141     2141   (0)     22  : 0.0582 0.0040 0.8771 0.0030 0.0578
2142     2142   (0)     22  : 0.0594 0.0040 0.9186 0.0090 0.0090
2143     2143   (0)     22  : 0.0030 0.0050 0.9760 0.0030 0.0130
2144     2144   (0)     22  : 0.0022 0.0050 0.9516 0.0040 0.0372
2145     2145   (5)     22  : 0.0090 0.0320 0.9430 0.0050 0.0110
2146     2146   (0)     22  : 0.0078 0.1108 0.8240 0.0110 0.0464
2147     2147   (0)     22  : 0.0020 0.0042 0.9804 0.0104 0.0030
2148     2148  (10)     22  : 0.0050 0.0040 0.9740 0.0100 0.0070
2149     2149   (5)     22  : 0.0040 0.0050 0.9720 0.0160 0.0030
2150     2150   (0)     22  : 0.0020 0.0030 0.9860 0.0050 0.0040
2151     2151   (5)     22  : 0.0060 0.0060 0.9680 0.0070 0.0130
2152     2152   (5)     22  : 0.0060 0.0060 0.9528 0.0192 0.0160
2153     2153   (0)     22  : 0.0040 0.0040 0.9540 0.0220 0.0160
2154     2154   (0)     22  : 0.0160 0.0044 0.9686 0.0080 0.0030
2155     2155   (0)     22  : 0.0030 0.0040 0.9740 0.0090 0.0100
2156     2156   (0)     22  : 0.0040 0.0096 0.9622 0.0040 0.0202
2157     2157   (0)     22  : 0.0020 0.0030 0.9664 0.0226 0.0060
2158     2158   (0)     22  : 0.0070 0.0038 0.9652 0.0130 0.0110
2159     2159   (0)     22  : 0.0030 0.0070 0.9772 0.0068 0.0060
2160     2160   (0)     22  : 0.0020 0.0040 0.9750 0.0050 0.0140
2161     2161   (0)     22  : 0.0020 0.0030 0.9848 0.0040 0.0062
2162     2162   (0)     22  : 0.0030 0.0040 0.9752 0.0080 0.0098
2163     2163   (0)     22  : 0.0070 0.0080 0.9684 0.0126 0.0040
2164     2164   (0)     22  : 0.0030 0.0222 0.9360 0.0070 0.0318
2165     2165   (0)     22  : 0.0030 0.0170 0.9660 0.0030 0.0110
2166     2166   (0)     22  : 0.0030 0.0080 0.9770 0.0030 0.0090
2167     2167   (0)     22  : 0.0040 0.0040 0.9398 0.0482 0.0040
2168     2168   (0)     22  : 0.0050 0.0102 0.9518 0.0220 0.0110
2169     2169   (0)     22  : 0.0040 0.0040 0.9402 0.0478 0.0040
2170     2170   (0)     22  : 0.0030 0.0050 0.9722 0.0050 0.0148
2171     2171   (0)     22  : 0.0030 0.0064 0.9776 0.0050 0.0080
2172     2172   (0)     22  : 0.0020 0.0030 0.9656 0.0070 0.0224
2173     2173   (0)     22  : 0.0020 0.0020 0.9706 0.0050 0.0204
2174     2174   (0)     22  : 0.0030 0.0020 0.9800 0.0110 0.0040
2175     2175   (0)     22  : 0.0020 0.0030 0.9468 0.0440 0.0042
2176     2176   (0)     22  : 0.0180 0.0030 0.8367 0.1373 0.0050
2177     2177   (0)     22  : 0.0230 0.0070 0.9560 0.0090 0.0050
2178     2178   (0)     22  : 0.0030 0.0030 0.9780 0.0060 0.0100
2179     2179   (0)     22  : 0.0060 0.0110 0.9682 0.0088 0.0060
2180     2180   (0)     22  : 0.0030 0.0030 0.9740 0.0170 0.0030
2181     2181   (0)     22  : 0.0030 0.0140 0.9666 0.0094 0.0070
2182     2182   (0)     22  : 0.0030 0.0040 0.9810 0.0060 0.0060
2183     2183   (0)     22  : 0.0042 0.0050 0.9738 0.0100 0.0070
2184     2184   (0)     22  : 0.0060 0.0030 0.9740 0.0120 0.0050
2185     2185   (0)     22  : 0.0020 0.0070 0.9810 0.0050 0.0050
2186     2186   (0)     22  : 0.0050 0.0040 0.9670 0.0140 0.0100
2187     2187   (0)     22  : 0.0030 0.0020 0.9772 0.0100 0.0078
2188     2188   (0)     22  : 0.0070 0.0040 0.9128 0.0662 0.0100
2189     2189   (0)     22  : 0.0030 0.0040 0.9850 0.0040 0.0040
2190     2190   (0)     22  : 0.0030 0.0030 0.9858 0.0046 0.0036
2191     2191   (0)     22  : 0.0030 0.0030 0.9800 0.0070 0.0070
2192     2192   (0)     22  : 0.0030 0.0040 0.9820 0.0040 0.0070
2193     2193   (0)     22  : 0.0030 0.0030 0.9810 0.0050 0.0080
2194     2194   (0)     22  : 0.0030 0.0040 0.9820 0.0050 0.0060
2195     2195   (0)     22  : 0.0030 0.0050 0.9800 0.0060 0.0060
2196     2196   (5)     23  : 0.0090 0.0110 0.9680 0.0050 0.0070
2197     2197   (0)     23  : 0.0040 0.0120 0.9530 0.0070 0.0240
2198     2198   (0)     23  : 0.0040 0.0070 0.9740 0.0100 0.0050
2199     2199   (0)     23  : 0.0030 0.0070 0.9730 0.0070 0.0100
2200     2200   (0)     23  : 0.0040 0.0030 0.9710 0.0170 0.0050
2201     2201   (0)     23  : 0.0787 0.0180 0.8833 0.0100 0.0100
2202     2202   (0)     23  : 0.0070 0.0070 0.9352 0.0226 0.0282
2203     2203   (0)     23  : 0.0100 0.0060 0.8900 0.0572 0.0368
2204     2204   (0)     23  : 0.0030 0.0170 0.9298 0.0180 0.0322
2205     2205   (0)     23  : 0.0030 0.0030 0.9860 0.0040 0.0040
2206     2206   (0)     23  : 0.0070 0.0030 0.9780 0.0070 0.0050
2207     2207   (0)     23  : 0.0050 0.0040 0.9500 0.0140 0.0270
2208     2208   (0)     23  : 0.0030 0.0050 0.9704 0.0140 0.0076
2209     2209   (0)     23  : 0.0030 0.0040 0.9820 0.0050 0.0060
2210     2210   (0)     23  : 0.0030 0.0082 0.8903 0.0915 0.0070
2211     2211   (0)     23  : 0.0020 0.0030 0.9822 0.0070 0.0058
2212     2212   (0)     23  : 0.0030 0.0080 0.9790 0.0040 0.0060
2213     2213   (0)     23  : 0.0050 0.0030 0.9790 0.0040 0.0090
2214     2214   (0)     23  : 0.0030 0.0040 0.9780 0.0040 0.0110
2215     2215   (0)     23  : 0.0076 0.0090 0.9192 0.0030 0.0612
2216     2216   (0)     23  : 0.0080 0.0110 0.8620 0.1130 0.0060
2217     2217   (0)     23  : 0.0050 0.0800 0.8990 0.0040 0.0120
2218     2218   (0)     23  : 0.0040 0.0130 0.9520 0.0120 0.0190
2219     2219   (0)     23  : 0.0040 0.0090 0.9586 0.0174 0.0110
2220     2220   (0)     23  : 0.0080 0.0030 0.9790 0.0030 0.0070
2221     2221   (0)     23  : 0.0040 0.0180 0.9582 0.0080 0.0118
2222     2222   (0)     23  : 0.0030 0.0544 0.9118 0.0170 0.0138
2223     2223   (0)     23  : 0.0060 0.0114 0.9626 0.0060 0.0140
2224     2224   (0)     23  : 0.0060 0.0034 0.9698 0.0154 0.0054
2225     2225   (0)     23  : 0.0060 0.0090 0.9750 0.0030 0.0070
2226     2226   (0)     23  : 0.0280 0.0050 0.9248 0.0342 0.0080
2227     2227  (10)     23  : 0.0040 0.0090 0.9702 0.0070 0.0098
2228     2228   (5)     23  : 0.0040 0.0036 0.9722 0.0152 0.0050
2229     2229   (0)     23  : 0.0190 0.0362 0.5768 0.0030 0.3651
2230     2230   (0)     23  : 0.0070 0.0060 0.9710 0.0020 0.0140
2231     2231   (0)     23  : 0.0060 0.0100 0.9428 0.0130 0.0282
2232     2232   (0)     23  : 0.0070 0.0050 0.9458 0.0040 0.0382
2233     2233   (0)     23  : 0.0138 0.0088 0.7290 0.0060 0.2424
2234     2234   (0)     23  : 0.0030 0.0080 0.9664 0.0030 0.0196
2235     2235   (0)     23  : 0.0100 0.0040 0.9676 0.0062 0.0122
2236     2236   (0)     23  : 0.0080 0.0146 0.9474 0.0040 0.0260
2237     2237   (0)     23  : 0.0020 0.0192 0.9688 0.0040 0.0060
2238     2238   (5)     23  : 0.0064 0.0278 0.8854 0.0044 0.0760
2239     2239   (0)     23  : 0.0090 0.0100 0.7024 0.0230 0.2556
2240     2240   (0)     23  : 0.0020 0.0100 0.9636 0.0050 0.0194
2241     2241   (0)     23  : 0.0050 0.0070 0.7626 0.0050 0.2204
2242     2242   (0)     23  : 0.0130 0.0100 0.9459 0.0110 0.0200
2243     2243   (0)     23  : 0.0030 0.0186 0.7626 0.0034 0.2124
2244     2244   (5)     23  : 0.0040 0.1053 0.2495 0.0070 0.6342
2245     2245   (0)     23  : 0.0090 0.1299 0.8471 0.0070 0.0070
2246     2246   (0)     23  : 0.0040 0.0040 0.9382 0.0438 0.0100
2247     2247   (0)     23  : 0.0030 0.0938 0.8882 0.0040 0.0110
2248     2248   (0)     23  : 0.0060 0.0190 0.9580 0.0060 0.0110
2249     2249   (0)     23  : 0.0030 0.0050 0.9720 0.0140 0.0060
2250     2250   (0)     23  : 0.0030 0.0040 0.9740 0.0110 0.0080
2251     2251   (5)     23  : 0.0050 0.0060 0.9690 0.0080 0.0120
2252     2252   (5)     23  : 0.0052 0.1719 0.8007 0.0030 0.0192
2253     2253   (0)     23  : 0.0030 0.0070 0.9820 0.0040 0.0040
2254     2254   (0)     23  : 0.0040 0.0628 0.8822 0.0150 0.0360
2255     2255   (0)     23  : 0.0080 0.0130 0.8881 0.0036 0.0873
2256     2256   (0)     23  : 0.0030 0.0040 0.9840 0.0030 0.0060
2257     2257   (0)     23  : 0.0040 0.0070 0.9720 0.0070 0.0100
2258     2258   (0)     23  : 0.0304 0.0550 0.8756 0.0090 0.0300
2259     2259   (0)     23  : 0.0050 0.0484 0.9356 0.0040 0.0070
2260     2260   (0)     23  : 0.0020 0.0160 0.9260 0.0060 0.0500
2261     2261   (0)     23  : 0.0030 0.0474 0.9156 0.0090 0.0250
2262     2262   (0)     23  : 0.0030 0.0060 0.9830 0.0050 0.0030
2263     2263   (0)     23  : 0.0060 0.0372 0.7929 0.0050 0.1589
2264     2264   (0)     24  : 0.0040 0.0030 0.9808 0.0072 0.0050
2265     2265   (0)     24  : 0.0040 0.0030 0.9794 0.0076 0.0060
2266     2266   (0)     24  : 0.0060 0.0060 0.9770 0.0070 0.0040
2267     2267   (0)     24  : 0.0060 0.0040 0.9700 0.0110 0.0090
2268     2268   (0)     24  : 0.0040 0.0060 0.9780 0.0050 0.0070
2269     2269   (0)     24  : 0.0020 0.0070 0.9810 0.0040 0.0060
2270     2270   (0)     24  : 0.0040 0.0040 0.9790 0.0070 0.0060
2271     2271   (0)     24  : 0.0110 0.1565 0.8195 0.0030 0.0100
2272     2272   (0)     24  : 0.0132 0.0140 0.9498 0.0100 0.0130
2273     2273   (0)     24  : 0.0050 0.0120 0.9580 0.0130 0.0120
2274     2274   (0)     24  : 0.0030 0.0050 0.9820 0.0050 0.0050
2275     2275   (0)     24  : 0.0080 0.0070 0.9192 0.0070 0.0588
2276     2276   (0)     24  : 0.0040 0.0070 0.9840 0.0020 0.0030
2277     2277   (0)     24  : 0.0030 0.0050 0.9584 0.0138 0.0198
2278     2278   (0)     24  : 0.0060 0.0040 0.9820 0.0030 0.0050
2279     2279   (0)     24  : 0.0030 0.0050 0.9830 0.0050 0.0040
2280     2280   (0)     24  : 0.0040 0.0120 0.9614 0.0100 0.0126
2281     2281   (0)     24  : 0.0050 0.0878 0.8952 0.0040 0.0080
2282     2282   (0)     24  : 0.0030 0.0050 0.9860 0.0030 0.0030
2283     2283   (0)     24  : 0.0030 0.0088 0.9692 0.0060 0.0130
2284     2284   (0)     24  : 0.0040 0.0100 0.9481 0.0070 0.0310
2285     2285   (0)     24  : 0.0060 0.0110 0.8653 0.0100 0.1077
2286     2286   (0)     24  : 0.0030 0.0020 0.9600 0.0100 0.0250
2287     2287   (0)     24  : 0.0030 0.0080 0.9288 0.0200 0.0402
2288     2288   (0)     24  : 0.0030 0.0070 0.9370 0.0050 0.0480
2289     2289   (0)     24  : 0.0070 0.0060 0.9774 0.0036 0.0060
2290     2290   (0)     24  : 0.0030 0.0060 0.9740 0.0030 0.0140
2291     2291   (0)     24  : 0.0080 0.0040 0.9770 0.0060 0.0050
2292     2292   (0)     24  : 0.0198 0.0070 0.9604 0.0038 0.0090
2293     2293   (0)     24  : 0.0080 0.0332 0.9287 0.0170 0.0130
2294     2294   (0)     24  : 0.0070 0.0036 0.9548 0.0110 0.0236
2295     2295   (0)     25  : 0.0030 0.0030 0.9850 0.0030 0.0060
2296     2296   (0)     25  : 0.0040 0.0090 0.9680 0.0040 0.0150
2297     2297   (0)     25  : 0.0030 0.0050 0.9860 0.0020 0.0040
2298     2298   (0)     25  : 0.0040 0.0020 0.9780 0.0080 0.0080
2299     2299   (0)     25  : 0.0040 0.0090 0.9810 0.0030 0.0030
2300     2300   (0)     25  : 0.0090 0.0050 0.9642 0.0138 0.0080
2301     2301   (0)     25  : 0.0030 0.0110 0.9750 0.0050 0.0060
2302     2302   (0)     25  : 0.0070 0.0030 0.9820 0.0030 0.0050
2303     2303   (0)     25  : 0.0038 0.0070 0.9652 0.0160 0.0080
2304     2304   (0)     25  : 0.0114 0.0630 0.9040 0.0070 0.0146
2305     2305   (0)     25  : 0.0030 0.0040 0.9850 0.0030 0.0050
2306     2306   (0)     25  : 0.0040 0.0112 0.9058 0.0090 0.0700
2307     2307   (0)     25  : 0.0050 0.0050 0.9682 0.0070 0.0148
2308     2308   (0)     25  : 0.0040 0.0086 0.9794 0.0030 0.0050
2309     2309   (0)     25  : 0.0080 0.0080 0.9600 0.0030 0.0210
2310     2310   (0)     25  : 0.0030 0.0020 0.9830 0.0060 0.0060
2311     2311   (0)     25  : 0.0030 0.0040 0.9730 0.0170 0.0030
2312     2312   (0)     25  : 0.0060 0.0050 0.9730 0.0060 0.0100
2313     2313   (0)     25  : 0.0040 0.0070 0.9702 0.0030 0.0158
2314     2314   (0)     25  : 0.0050 0.0020 0.9850 0.0030 0.0050
2315     2315   (0)     25  : 0.0040 0.0040 0.9558 0.0100 0.0262
2316     2316   (0)     25  : 0.0020 0.0070 0.9626 0.0050 0.0234
2317     2317   (0)     25  : 0.0060 0.0040 0.9710 0.0040 0.0150
2318     2318   (0)     25  : 0.0030 0.0030 0.9790 0.0070 0.0080
2319     2319   (0)     25  : 0.0040 0.0040 0.9790 0.0050 0.0080
2320     2320   (0)     25  : 0.0030 0.0030 0.9782 0.0058 0.0100
2321     2321   (0)     25  : 0.0030 0.0240 0.9538 0.0102 0.0090
2322     2322   (0)     25  : 0.0040 0.0200 0.9498 0.0040 0.0222
2323     2323   (0)     25  : 0.0040 0.0570 0.9271 0.0050 0.0070
2324     2324   (0)     25  : 0.0040 0.0030 0.9682 0.0158 0.0090
2325     2325   (0)     25  : 0.0040 0.0030 0.9742 0.0030 0.0158
2326     2326   (0)     25  : 0.0060 0.1074 0.7742 0.0210 0.0914
2327     2327   (0)     25  : 0.0050 0.0050 0.9810 0.0030 0.0060
2328     2328   (0)     25  : 0.0040 0.0090 0.9528 0.0202 0.0140
2329     2329   (0)     25  : 0.0030 0.0090 0.9730 0.0050 0.0100
2330     2330   (0)     25  : 0.0050 0.0130 0.9560 0.0050 0.0210
2331     2331   (0)     25  : 0.0030 0.0776 0.8644 0.0050 0.0500
2332     2332   (0)     25  : 0.0040 0.0096 0.9736 0.0058 0.0070
2333     2333   (0)     25  : 0.0040 0.0680 0.8860 0.0090 0.0330
2334     2334   (0)     25  : 0.0080 0.0438 0.9102 0.0090 0.0290
2335     2335   (0)     25  : 0.0040 0.0100 0.9712 0.0050 0.0098
2336     2336   (0)     25  : 0.0080 0.0140 0.9650 0.0060 0.0070
2337     2337   (0)     25  : 0.0062 0.0130 0.9300 0.0122 0.0386
2338     2338   (0)     25  : 0.0030 0.0040 0.9850 0.0040 0.0040
2339     2339   (0)     25  : 0.0040 0.0080 0.9748 0.0050 0.0082
2340     2340   (0)     25  : 0.0040 0.0070 0.9738 0.0082 0.0070
2341     2341   (0)     25  : 0.0030 0.0110 0.9650 0.0158 0.0052
2342     2342   (0)     25  : 0.0050 0.0040 0.9664 0.0060 0.0186
2343     2343   (0)     25  : 0.0080 0.0100 0.9630 0.0050 0.0140
2344     2344   (0)     25  : 0.0050 0.0240 0.9590 0.0050 0.0070
2345     2345   (0)     25  : 0.0030 0.0050 0.9790 0.0040 0.0090
2346     2346   (0)     25  : 0.0070 0.0076 0.9744 0.0030 0.0080
2347     2347   (0)     25  : 0.0100 0.1460 0.8250 0.0020 0.0170
2348     2348   (0)     25  : 0.0040 0.0040 0.9780 0.0060 0.0080
2349     2349   (0)     25  : 0.0040 0.0906 0.8796 0.0030 0.0228
2350     2350   (0)     25  : 0.0060 0.0032 0.9748 0.0060 0.0100
2351     2351   (0)     25  : 0.0030 0.0050 0.9820 0.0050 0.0050
2352     2352   (0)     25  : 0.0040 0.0080 0.9740 0.0100 0.0040
2353     2353   (0)     25  : 0.0040 0.0038 0.9550 0.0262 0.0110
2354     2354   (0)     25  : 0.0030 0.0120 0.9650 0.0040 0.0160
2355     2355   (0)     25  : 0.0050 0.0130 0.9700 0.0050 0.0070
2356     2356   (0)     25  : 0.0064 0.0030 0.9806 0.0040 0.0060
2357     2357   (0)     25  : 0.0030 0.0030 0.9770 0.0070 0.0100
2358     2358   (0)     25  : 0.0040 0.0050 0.9670 0.0050 0.0190
2359     2359   (0)     25  : 0.0040 0.0100 0.9298 0.0340 0.0222
2360     2360   (0)     25  : 0.0030 0.0060 0.9748 0.0070 0.0092
2361     2361   (0)     25  : 0.0030 0.0080 0.9666 0.0172 0.0052
2362     2362   (0)     25  : 0.0030 0.0060 0.9712 0.0078 0.0120
2363     2363   (0)     25  : 0.0040 0.0070 0.9650 0.0090 0.0150
2364     2364   (0)     25  : 0.0040 0.0030 0.9710 0.0160 0.0060
2365     2365   (0)     25  : 0.0040 0.0080 0.9770 0.0040 0.0070
2366     2366   (0)     25  : 0.0030 0.0230 0.9628 0.0050 0.0062
2367     2367   (0)     25  : 0.0090 0.0060 0.9740 0.0050 0.0060
2368     2368   (0)     25  : 0.0050 0.0050 0.9780 0.0040 0.0080
2369     2369   (0)     25  : 0.0030 0.0070 0.9720 0.0030 0.0150
2370     2370   (0)     25  : 0.0050 0.0030 0.9830 0.0040 0.0050
2371     2371   (0)     25  : 0.0040 0.0100 0.9780 0.0030 0.0050
2372     2372   (0)     25  : 0.0040 0.0579 0.9311 0.0030 0.0040
2373     2373   (0)     25  : 0.0030 0.0030 0.9850 0.0060 0.0030
2374     2374   (0)     25  : 0.0040 0.0116 0.9430 0.0280 0.0134
2375     2375   (0)     25  : 0.0040 0.0380 0.9460 0.0050 0.0070
2376     2376   (0)     25  : 0.0080 0.0452 0.9298 0.0050 0.0120
2377     2377   (0)     25  : 0.0050 0.0078 0.9490 0.0060 0.0322
2378     2378   (0)     25  : 0.0040 0.0050 0.9089 0.0685 0.0136
2379     2379   (0)     25  : 0.0160 0.0100 0.9530 0.0060 0.0150
2380     2380   (0)     25  : 0.0030 0.0040 0.9840 0.0030 0.0060
2381     2381   (0)     25  : 0.0058 0.0176 0.9576 0.0040 0.0150
2382     2382   (0)     25  : 0.0040 0.0040 0.9830 0.0050 0.0040
2383     2383   (0)     25  : 0.0050 0.0070 0.9698 0.0030 0.0152
2384     2384   (0)     25  : 0.0030 0.0030 0.9670 0.0070 0.0200
2385     2385   (0)     25  : 0.0060 0.0050 0.9540 0.0110 0.0240
2386     2386   (0)     25  : 0.0050 0.0030 0.9640 0.0050 0.0230
2387     2387   (0)     25  : 0.0070 0.0104 0.9506 0.0090 0.0230
2388     2388   (0)     25  : 0.0040 0.0070 0.9686 0.0050 0.0154
2389     2389   (0)     25  : 0.0030 0.0140 0.9680 0.0060 0.0090
2390     2390   (0)     25  : 0.0040 0.0940 0.8720 0.0064 0.0236
2391     2391   (0)     25  : 0.0090 0.0200 0.9116 0.0100 0.0494
2392     2392   (0)     25  : 0.0060 0.0090 0.9640 0.0060 0.0150
2393     2393   (0)     25  : 0.0050 0.0040 0.9822 0.0038 0.0050
2394     2394   (0)     25  : 0.0070 0.0166 0.9564 0.0090 0.0110
2395     2395   (0)     25  : 0.0048 0.0070 0.9562 0.0090 0.0230
2396     2396   (0)     25  : 0.0040 0.0140 0.9264 0.0340 0.0216
2397     2397   (0)     25  : 0.0030 0.0060 0.9800 0.0050 0.0060
2398     2398   (0)     25  : 0.0050 0.0100 0.9420 0.0070 0.0360
2399     2399   (0)     25  : 0.0030 0.0060 0.9734 0.0066 0.0110
2400     2400   (0)     25  : 0.0050 0.0230 0.9578 0.0050 0.0092
2401     2401   (0)     25  : 0.0026 0.0030 0.9874 0.0030 0.0040
2402     2402   (0)     25  : 0.0070 0.0060 0.9620 0.0170 0.0080
2403     2403   (0)     25  : 0.0060 0.0060 0.9780 0.0030 0.0070
2404     2404   (0)     25  : 0.0030 0.0056 0.9774 0.0060 0.0080
2405     2405   (0)     25  : 0.0046 0.0080 0.9774 0.0040 0.0060
2406     2406   (0)     25  : 0.0080 0.0020 0.9818 0.0030 0.0052
2407     2407   (0)     25  : 0.0050 0.0090 0.9740 0.0050 0.0070
2408     2408   (0)     25  : 0.0078 0.0060 0.9374 0.0040 0.0448
2409     2409   (0)     25  : 0.0040 0.0034 0.9776 0.0060 0.0090
2410     2410   (0)     25  : 0.0198 0.0050 0.9642 0.0050 0.0060
2411     2411   (0)     25  : 0.0030 0.0080 0.9750 0.0080 0.0060
2412     2412   (0)     25  : 0.0020 0.0030 0.9780 0.0090 0.0080
2413     2413   (0)     25  : 0.0050 0.0154 0.9010 0.0040 0.0746
2414     2414   (0)     25  : 0.0060 0.0240 0.9456 0.0090 0.0154
2415     2415   (0)     25  : 0.0060 0.0160 0.9504 0.0030 0.0246
2416     2416   (0)     25  : 0.0040 0.0200 0.9440 0.0050 0.0270
2417     2417   (0)     25  : 0.0040 0.0030 0.9790 0.0070 0.0070
2418     2418   (0)     25  : 0.0040 0.0310 0.9520 0.0060 0.0070
2419     2419   (0)     25  : 0.0040 0.0030 0.9600 0.0210 0.0120
2420     2420   (0)     26  : 0.0040 0.0040 0.9830 0.0050 0.0040
2421     2421   (0)     26  : 0.0080 0.0360 0.9450 0.0050 0.0060
2422     2422   (0)     26  : 0.0060 0.0070 0.9630 0.0080 0.0160
2423     2423   (0)     26  : 0.0030 0.0104 0.9452 0.0080 0.0334
2424     2424   (0)     26  : 0.0030 0.0050 0.9814 0.0046 0.0060
2425     2425   (0)     26  : 0.0050 0.0110 0.9750 0.0040 0.0050
2426     2426   (0)     26  : 0.0100 0.0276 0.9554 0.0020 0.0050
2427     2427   (0)     26  : 0.0290 0.0030 0.9524 0.0036 0.0120
2428     2428   (0)     26  : 0.0220 0.0080 0.9520 0.0040 0.0140
2429     2429   (0)     26  : 0.0080 0.0096 0.8365 0.0522 0.0936
2430     2430   (0)     26  : 0.0040 0.0060 0.9820 0.0030 0.0050
2431     2431   (0)     26  : 0.0044 0.0100 0.8541 0.0050 0.1265
2432     2432   (0)     26  : 0.0030 0.0070 0.9790 0.0030 0.0080
2433     2433   (0)     26  : 0.0040 0.0080 0.9790 0.0050 0.0040
2434     2434   (0)     26  : 0.0040 0.0040 0.9820 0.0030 0.0070
2435     2435  (10)     26  : 0.0040 0.0120 0.9710 0.0040 0.0090
2436     2436   (0)     26  : 0.0050 0.0112 0.8803 0.0070 0.0965
2437     2437   (0)     26  : 0.0140 0.0120 0.9570 0.0100 0.0070
2438     2438   (0)     26  : 0.0040 0.0080 0.9748 0.0080 0.0052
2439     2439   (0)     26  : 0.0050 0.2677 0.7075 0.0060 0.0138
2440     2440   (5)     26  : 0.0060 0.0100 0.9750 0.0040 0.0050
2441     2441   (0)     26  : 0.0040 0.0050 0.9750 0.0100 0.0060
2442     2442   (0)     26  : 0.0050 0.0210 0.9648 0.0022 0.0070
2443     2443   (0)     26  : 0.0170 0.0410 0.9270 0.0090 0.0060
2444     2444   (0)     26  : 0.0144 0.0078 0.9668 0.0040 0.0070
2445     2445   (0)     26  : 0.0040 0.0048 0.9782 0.0050 0.0080
2446     2446   (0)     26  : 0.0050 0.0040 0.9218 0.0030 0.0662
2447     2447   (5)     26  : 0.0030 0.0194 0.9686 0.0030 0.0060
2448     2448   (0)     26  : 0.0070 0.0060 0.9770 0.0050 0.0050
2449     2449   (0)     26  : 0.0040 0.0050 0.9830 0.0040 0.0040
2450     2450   (0)     26  : 0.0050 0.0182 0.9648 0.0040 0.0080
2451     2451   (0)     26  : 0.0058 0.0030 0.9422 0.0140 0.0350
2452     2452   (0)     26  : 0.0050 0.0050 0.9604 0.0070 0.0226
2453     2453   (0)     26  : 0.0030 0.0086 0.9230 0.0376 0.0278
2454     2454   (0)     26  : 0.0030 0.0054 0.9764 0.0052 0.0100
2455     2455   (0)     26  : 0.0020 0.0060 0.9780 0.0060 0.0080
2456     2456   (0)     26  : 0.0030 0.0190 0.9692 0.0030 0.0058
2457     2457   (5)     26  : 0.0060 0.0060 0.9608 0.0132 0.0140
2458     2458   (0)     26  : 0.0040 0.0070 0.9299 0.0030 0.0560
2459     2459   (0)     26  : 0.0040 0.0060 0.9772 0.0030 0.0098
2460     2460   (0)     26  : 0.0020 0.0054 0.9746 0.0040 0.0140
2461     2461   (5)     26  : 0.0100 0.0050 0.9760 0.0040 0.0050
2462     2462   (5)     26  : 0.0030 0.0462 0.9268 0.0050 0.0190
2463     2463  (10)     26  : 0.0060 0.0100 0.9650 0.0050 0.0140
2464     2464   (5)     26  : 0.0050 0.0726 0.8739 0.0040 0.0446
2465     2465   (5)     26  : 0.0030 0.0040 0.9796 0.0040 0.0094
2466     2466   (5)     26  : 0.0050 0.0040 0.9780 0.0060 0.0070
2467     2467   (5)     26  : 0.0050 0.1455 0.8355 0.0040 0.0100
2468     2468   (5)     26  : 0.0050 0.0080 0.9550 0.0070 0.0250
2469     2469  (10)     26  : 0.0036 0.0050 0.9814 0.0040 0.0060
2470     2470   (5)     26  : 0.0080 0.0200 0.9500 0.0050 0.0170
2471     2471   (5)     26  : 0.0040 0.0030 0.9800 0.0050 0.0080
2472     2472   (5)     26  : 0.0050 0.0150 0.9332 0.0170 0.0298
2473     2473   (0)     27  : 0.0030 0.0100 0.9640 0.0040 0.0190
2474     2474   (0)     27  : 0.0030 0.0060 0.9800 0.0030 0.0080
2475     2475   (0)     27  : 0.0060 0.0132 0.9366 0.0050 0.0392
2476     2476   (0)     27  : 0.0040 0.0080 0.9682 0.0080 0.0118
2477     2477   (0)     27  : 0.0040 0.0070 0.9810 0.0040 0.0040
2478     2478   (0)     27  : 0.0070 0.0260 0.7525 0.0050 0.2095
2479     2479   (0)     27  : 0.0030 0.0030 0.9850 0.0050 0.0040
2480     2480   (0)     27  : 0.0040 0.0120 0.9670 0.0040 0.0130
2481     2481   (0)     27  : 0.0080 0.0190 0.9560 0.0050 0.0120
2482     2482   (0)     27  : 0.0020 0.0696 0.9006 0.0108 0.0170
2483     2483   (0)     27  : 0.0050 0.0090 0.8446 0.0050 0.1365
2484     2484   (0)     27  : 0.0108 0.0410 0.9372 0.0060 0.0050
2485     2485   (0)     27  : 0.0020 0.0060 0.9770 0.0020 0.0130
2486     2486   (0)     27  : 0.0070 0.0072 0.9588 0.0060 0.0210
2487     2487   (0)     27  : 0.0030 0.1676 0.8014 0.0110 0.0170
2488     2488   (0)     27  : 0.0200 0.0050 0.8090 0.0090 0.1570
2489     2489   (0)     27  : 0.0020 0.0032 0.9814 0.0050 0.0084
2490     2490   (0)     27  : 0.0040 0.0140 0.9552 0.0128 0.0140
2491     2491   (0)     27  : 0.0050 0.0152 0.9658 0.0070 0.0070
2492     2492   (0)     27  : 0.0090 0.0102 0.8756 0.0732 0.0320
2493     2493   (0)     27  : 0.0050 0.0060 0.9780 0.0030 0.0080
2494     2494   (0)     27  : 0.0050 0.0150 0.7268 0.0204 0.2328
2495     2495   (0)     27  : 0.0040 0.0050 0.9700 0.0040 0.0170
2496     2496   (0)     27  : 0.0080 0.2459 0.7330 0.0030 0.0100
2497     2497   (0)     27  : 0.0030 0.1022 0.8572 0.0160 0.0216
2498     2498   (0)     27  : 0.0066 0.0046 0.9678 0.0030 0.0180
2499     2499   (0)     27  : 0.0100 0.0118 0.9588 0.0030 0.0164
2500     2500   (0)     27  : 0.0050 0.0170 0.9670 0.0050 0.0060
2501     2501   (0)     27  : 0.0044 0.0090 0.9746 0.0060 0.0060
2502     2502   (0)     27  : 0.0060 0.0352 0.9217 0.0050 0.0320
2503     2503   (0)     27  : 0.0080 0.0072 0.9718 0.0030 0.0100
2504     2504   (0)     27  : 0.0110 0.0170 0.9610 0.0050 0.0060
2505     2505   (0)     27  : 0.0030 0.0168 0.9412 0.0100 0.0290
2506     2506   (0)     27  : 0.0030 0.0068 0.9692 0.0020 0.0190
2507     2507   (0)     27  : 0.0130 0.0140 0.9630 0.0030 0.0070
2508     2508   (0)     27  : 0.0070 0.0030 0.9830 0.0030 0.0040
2509     2509   (0)     27  : 0.0040 0.0070 0.9800 0.0030 0.0060
2510     2510   (0)     27  : 0.0150 0.0150 0.9204 0.0050 0.0446
2511     2511   (0)     27  : 0.0030 0.0050 0.9800 0.0080 0.0040
2512     2512   (0)     27  : 0.0030 0.0020 0.9608 0.0030 0.0312
2513     2513   (0)     27  : 0.0134 0.0050 0.9526 0.0220 0.0070
2514     2514   (0)     27  : 0.0060 0.0030 0.9840 0.0030 0.0040
2515     2515   (0)     27  : 0.0040 0.0110 0.9730 0.0060 0.0060
2516     2516   (0)     27  : 0.0030 0.0050 0.9770 0.0100 0.0050
2517     2517   (0)     27  : 0.0040 0.0120 0.8782 0.0060 0.0998
2518     2518   (0)     27  : 0.0062 0.0536 0.9304 0.0036 0.0062
2519     2519   (0)     27  : 0.0070 0.0060 0.7673 0.0912 0.1285
2520     2520   (0)     27  : 0.0050 0.0050 0.9544 0.0060 0.0296
2521     2521   (0)     27  : 0.0050 0.0070 0.9780 0.0040 0.0060
2522     2522   (0)     27  : 0.0054 0.0140 0.9696 0.0050 0.0060
2523     2523   (0)     27  : 0.0050 0.0142 0.9614 0.0048 0.0146
2524     2524   (0)     27  : 0.0060 0.0240 0.9542 0.0040 0.0118
2525     2525   (0)     27  : 0.0062 0.0104 0.9674 0.0050 0.0110
2526     2526   (0)     27  : 0.0030 0.0070 0.9180 0.0040 0.0680
2527     2527   (0)     27  : 0.0300 0.0288 0.9254 0.0058 0.0100
2528     2528   (0)     27  : 0.0040 0.0128 0.8612 0.0612 0.0608
2529     2529   (0)     27  : 0.0050 0.0030 0.9810 0.0040 0.0070
2530     2530   (0)     27  : 0.0050 0.0070 0.9644 0.0196 0.0040
2531     2531   (0)     27  : 0.0040 0.0040 0.9820 0.0050 0.0050
2532     2532   (0)     27  : 0.0050 0.0080 0.9760 0.0030 0.0080
2533     2533   (0)     27  : 0.0140 0.0374 0.9060 0.0040 0.0386
2534     2534   (0)     27  : 0.0040 0.0110 0.9452 0.0040 0.0358
2535     2535   (0)     27  : 0.0040 0.0160 0.9278 0.0090 0.0432
2536     2536   (0)     27  : 0.0040 0.0050 0.9840 0.0030 0.0040
2537     2537   (0)     27  : 0.0050 0.0130 0.9740 0.0030 0.0050
2538     2538   (0)     27  : 0.0040 0.0190 0.9640 0.0050 0.0080
2539     2539   (0)     27  : 0.0020 0.0040 0.9740 0.0040 0.0160
2540     2540   (0)     27  : 0.0060 0.0040 0.9780 0.0040 0.0080
2541     2541   (0)     27  : 0.0050 0.0056 0.9724 0.0040 0.0130
2542     2542   (0)     27  : 0.0040 0.0440 0.9384 0.0050 0.0086
2543     2543   (0)     27  : 0.0050 0.0090 0.9770 0.0030 0.0060
2544     2544   (0)     27  : 0.0070 0.0040 0.9830 0.0020 0.0040
2545     2545   (0)     27  : 0.0040 0.0040 0.9830 0.0050 0.0040
2546     2546   (0)     27  : 0.0034 0.0030 0.9764 0.0050 0.0122
2547     2547   (0)     27  : 0.0030 0.0040 0.9840 0.0030 0.0060
2548     2548   (0)     27  : 0.0040 0.0060 0.9750 0.0040 0.0110
2549     2549   (0)     27  : 0.0020 0.0020 0.9890 0.0030 0.0040
2550     2550   (0)     27  : 0.0030 0.0150 0.9662 0.0040 0.0118
2551     2551   (0)     27  : 0.0060 0.0030 0.9820 0.0050 0.0040
2552     2552   (0)     27  : 0.0030 0.0110 0.9560 0.0030 0.0270
2553     2553   (0)     27  : 0.0040 0.0294 0.9408 0.0168 0.0090
2554     2554   (0)     27  : 0.0080 0.0150 0.9430 0.0130 0.0210
2555     2555   (0)     27  : 0.0090 0.0180 0.9338 0.0064 0.0328
2556     2556   (0)     27  : 0.0040 0.0040 0.9820 0.0040 0.0060
2557     2557   (0)     27  : 0.0032 0.0030 0.9848 0.0030 0.0060
2558     2558   (0)     27  : 0.0040 0.0080 0.9780 0.0040 0.0060
2559     2559   (0)     27  : 0.0040 0.0100 0.9690 0.0040 0.0130
2560     2560   (0)     27  : 0.0040 0.0030 0.9826 0.0040 0.0064
2561     2561   (0)     27  : 0.0030 0.0030 0.9840 0.0030 0.0070
2562     2562   (0)     27  : 0.0030 0.0300 0.9443 0.0050 0.0178
2563     2563   (0)     27  : 0.0040 0.0070 0.9608 0.0032 0.0250
2564     2564   (0)     27  : 0.0050 0.0100 0.9740 0.0030 0.0080
2565     2565   (0)     27  : 0.0040 0.0140 0.8790 0.0120 0.0910
2566     2566   (0)     27  : 0.0128 0.0070 0.9462 0.0050 0.0290
2567     2567   (0)     27  : 0.0090 0.0150 0.9680 0.0040 0.0040
2568     2568   (0)     27  : 0.0030 0.0048 0.9822 0.0040 0.0060
2569     2569   (0)     27  : 0.0080 0.0070 0.9696 0.0030 0.0124
2570     2570   (0)     27  : 0.0070 0.0060 0.9798 0.0042 0.0030
2571     2571   (0)     27  : 0.0050 0.0824 0.8806 0.0110 0.0210
2572     2572   (0)     27  : 0.0050 0.0060 0.9760 0.0030 0.0100
2573     2573   (0)     27  : 0.0534 0.0080 0.9256 0.0040 0.0090
2574     2574   (0)     27  : 0.0120 0.0160 0.9380 0.0060 0.0280
2575     2575   (0)     27  : 0.0052 0.0180 0.9688 0.0040 0.0040
2576     2576   (0)     27  : 0.0030 0.0050 0.9808 0.0032 0.0080
2577     2577   (0)     27  : 0.0070 0.0090 0.9740 0.0040 0.0060
2578     2578   (0)     27  : 0.0060 0.0030 0.9740 0.0080 0.0090
2579     2579   (0)     27  : 0.0040 0.0140 0.9720 0.0050 0.0050
2580     2580   (0)     27  : 0.0070 0.0080 0.9720 0.0070 0.0060
2581     2581   (0)     27  : 0.0060 0.0862 0.8994 0.0044 0.0040
2582     2582   (0)     27  : 0.0040 0.0030 0.9820 0.0020 0.0090
2583     2583   (0)     27  : 0.0060 0.0070 0.9648 0.0030 0.0192
2584     2584   (0)     27  : 0.0038 0.0050 0.9722 0.0090 0.0100
2585     2585   (0)     27  : 0.0140 0.0600 0.8060 0.0280 0.0920
2586     2586   (0)     27  : 0.0030 0.0040 0.9860 0.0030 0.0040
2587     2587   (0)     27  : 0.0076 0.0040 0.9534 0.0160 0.0190
2588     2588   (0)     27  : 0.0150 0.0130 0.9620 0.0030 0.0070
2589     2589   (0)     27  : 0.0160 0.0076 0.9494 0.0160 0.0110
2590     2590   (0)     27  : 0.0040 0.0060 0.9714 0.0040 0.0146
2591     2591   (0)     27  : 0.0040 0.0070 0.9760 0.0050 0.0080
2592     2592   (0)     27  : 0.0050 0.0090 0.9770 0.0040 0.0050
2593     2593   (0)     27  : 0.0100 0.0519 0.9241 0.0050 0.0090
2594     2594   (0)     27  : 0.0042 0.0040 0.9818 0.0050 0.0050
2595     2595   (0)     27  : 0.0030 0.0050 0.9099 0.0366 0.0456
2596     2596   (0)     27  : 0.0060 0.0206 0.9624 0.0030 0.0080
2597     2597   (0)     27  : 0.0040 0.0090 0.9448 0.0080 0.0342
2598     2598   (5)     28  : 0.0040 0.0030 0.0050 0.9810 0.0070
2599     2599   (0)     28  : 0.0048 0.0030 0.0082 0.9780 0.0060
2600     2600   (0)     28  : 0.0022 0.0030 0.0040 0.9878 0.0030
2601     2601   (0)     28  : 0.0130 0.0226 0.0274 0.9256 0.0114
2602     2602   (0)     28  : 0.0030 0.0030 0.0030 0.9870 0.0040
2603     2603   (0)     28  : 0.0030 0.0060 0.0140 0.9750 0.0020
2604     2604   (0)     28  : 0.0020 0.0020 0.0030 0.9890 0.0040
2605     2605   (0)     28  : 0.0040 0.0030 0.0040 0.9860 0.0030
2606     2606   (0)     28  : 0.0030 0.0050 0.0030 0.9850 0.0040
2607     2607   (0)     28  : 0.0040 0.0030 0.0040 0.9860 0.0030
2608     2608   (0)     28  : 0.0020 0.0020 0.0030 0.9900 0.0030
2609     2609   (0)     28  : 0.0028 0.0030 0.0030 0.9882 0.0030
2610     2610   (0)     28  : 0.0040 0.0030 0.0040 0.9800 0.0090
2611     2611   (5)     28  : 0.0020 0.0020 0.0030 0.9900 0.0030
2612     2612   (0)     28  : 0.0030 0.0020 0.0040 0.9870 0.0040
2613     2613   (0)     28  : 0.0020 0.0020 0.0030 0.9900 0.0030
2614     2614   (0)     28  : 0.0030 0.0110 0.0040 0.9790 0.0030
2615     2615   (0)     28  : 0.0030 0.0020 0.0030 0.9890 0.0030
2616     2616   (0)     28  : 0.0032 0.0030 0.0040 0.9868 0.0030
2617     2617   (0)     28  : 0.0020 0.0020 0.0030 0.9900 0.0030
2618     2618   (0)     28  : 0.0020 0.0020 0.0030 0.9900 0.0030
2619     2619   (0)     28  : 0.0030 0.0040 0.0040 0.9852 0.0038
2620     2620   (0)     28  : 0.0020 0.0020 0.0030 0.9910 0.0020
2621     2621   (0)     28  : 0.0020 0.0020 0.0020 0.9920 0.0020
2622     2622   (0)     28  : 0.0020 0.0020 0.0020 0.9920 0.0020
2623     2623   (0)     28  : 0.0020 0.0030 0.0030 0.9900 0.0020
2624     2624   (0)     28  : 0.0020 0.0020 0.0030 0.9900 0.0030
2625     2625   (0)     28  : 0.0020 0.0020 0.0030 0.9910 0.0020
2626     2626   (0)     29  : 0.0020 0.0020 0.0030 0.9908 0.0022
2627     2627   (0)     29  : 0.0020 0.0020 0.0040 0.9890 0.0030
2628     2628   (0)     29  : 0.0020 0.0020 0.0030 0.9900 0.0030
2629     2629   (0)     29  : 0.0030 0.0140 0.0090 0.9680 0.0060
2630     2630   (0)     29  : 0.0020 0.0040 0.0030 0.9880 0.0030
2631     2631   (0)     29  : 0.0020 0.0020 0.0030 0.9900 0.0030
2632     2632   (0)     29  : 0.0020 0.0030 0.0050 0.9840 0.0060
2633     2633   (0)     29  : 0.0020 0.0020 0.0030 0.9890 0.0040
2634     2634   (0)     29  : 0.0050 0.0030 0.0100 0.9730 0.0090
2635     2635   (0)     29  : 0.0030 0.0020 0.0046 0.9854 0.0050
2636     2636   (0)     29  : 0.0020 0.0020 0.0020 0.9920 0.0020
2637     2637   (0)     29  : 0.0020 0.0020 0.0030 0.9910 0.0020
2638     2638   (0)     29  : 0.0030 0.0030 0.0040 0.9870 0.0030
2639     2639   (0)     29  : 0.0080 0.0040 0.0110 0.9660 0.0110
2640     2640   (0)     29  : 0.0070 0.0030 0.0060 0.9800 0.0040
2641     2641   (0)     29  : 0.0020 0.0020 0.0046 0.9864 0.0050
2642     2642   (0)     29  : 0.0070 0.0070 0.0080 0.9610 0.0170
2643     2643   (0)     29  : 0.0020 0.0030 0.0030 0.9890 0.0030
2644     2644   (0)     29  : 0.0020 0.0020 0.0020 0.9920 0.0020
2645     2645   (0)     29  : 0.0020 0.0020 0.0030 0.9900 0.0030
2646     2646   (0)     29  : 0.0040 0.0050 0.0060 0.9800 0.0050
2647     2647   (0)     29  : 0.0060 0.0090 0.0080 0.9700 0.0070
2648     2648   (0)     29  : 0.0040 0.0150 0.0082 0.9658 0.0070
2649     2649   (0)     29  : 0.0030 0.0020 0.0100 0.9810 0.0040
2650     2650   (0)     29  : 0.0030 0.0040 0.0030 0.9870 0.0030
2651     2651   (0)     29  : 0.0030 0.0060 0.0030 0.9850 0.0030
2652     2652   (0)     29  : 0.0020 0.0030 0.0040 0.9880 0.0030
2653     2653   (0)     29  : 0.0020 0.0040 0.0030 0.9870 0.0040
2654     2654   (0)     29  : 0.0030 0.0090 0.0070 0.9690 0.0120
2655     2655   (0)     29  : 0.0040 0.0030 0.0050 0.9848 0.0032
2656     2656   (0)     29  : 0.0060 0.0030 0.0040 0.9830 0.0040
2657     2657   (0)     29  : 0.0030 0.0030 0.0050 0.9850 0.0040
2658     2658   (0)     29  : 0.0020 0.0060 0.0062 0.9808 0.0050
2659     2659   (0)     29  : 0.0020 0.0050 0.0030 0.9850 0.0050
2660     2660   (0)     29  : 0.0030 0.0020 0.0040 0.9880 0.0030
2661     2661   (0)     29  : 0.0030 0.0030 0.0050 0.9850 0.0040
2662     2662   (0)     29  : 0.0088 0.0070 0.0100 0.9692 0.0050
2663     2663   (0)     29  : 0.0030 0.0020 0.0166 0.9744 0.0040
2664     2664   (0)     29  : 0.0060 0.0040 0.0050 0.9810 0.0040
2665     2665   (0)     29  : 0.0020 0.0020 0.0020 0.9910 0.0030
2666     2666   (0)     29  : 0.0020 0.0020 0.0030 0.9900 0.0030
2667     2667   (0)     29  : 0.0030 0.0050 0.0040 0.9840 0.0040
2668     2668   (0)     29  : 0.0050 0.0080 0.0040 0.9760 0.0070
2669     2669   (0)     29  : 0.0020 0.0030 0.0030 0.9890 0.0030
2670     2670   (0)     29  : 0.0030 0.0020 0.0030 0.9890 0.0030
2671     2671   (0)     29  : 0.0026 0.0020 0.0040 0.9884 0.0030
2672     2672   (0)     29  : 0.0040 0.0020 0.0030 0.9880 0.0030
2673     2673   (0)     29  : 0.0020 0.0026 0.0020 0.9914 0.0020
2674     2674   (0)     29  : 0.0030 0.0020 0.0040 0.9880 0.0030
2675     2675   (0)     29  : 0.0030 0.0040 0.0036 0.9864 0.0030
2676     2676   (0)     29  : 0.0022 0.0026 0.0050 0.9852 0.0050
2677     2677   (0)     29  : 0.0020 0.0070 0.0030 0.9860 0.0020
2678     2678   (0)     29  : 0.0030 0.0030 0.0030 0.9890 0.0020
2679     2679   (0)     29  : 0.0030 0.0070 0.0040 0.9810 0.0050
2680     2680   (0)     29  : 0.0030 0.0030 0.0060 0.9800 0.0080
2681     2681   (0)     29  : 0.0020 0.0040 0.0030 0.9860 0.0050
2682     2682   (0)     29  : 0.0020 0.0020 0.0030 0.9900 0.0030
2683     2683   (0)     29  : 0.0030 0.0040 0.0030 0.9870 0.0030
2684     2684   (0)     29  : 0.0020 0.0020 0.0030 0.9910 0.0020
2685     2685   (0)     29  : 0.0020 0.0020 0.0030 0.9900 0.0030
2686     2686   (0)     29  : 0.0020 0.0020 0.0040 0.9870 0.0050
2687     2687   (0)     29  : 0.0020 0.0020 0.0030 0.9890 0.0040
2688     2688   (0)     29  : 0.0030 0.0040 0.0030 0.9880 0.0020
2689     2689   (0)     29  : 0.0020 0.0030 0.0030 0.9890 0.0030
2690     2690   (0)     29  : 0.0040 0.0020 0.0050 0.9850 0.0040
2691     2691   (0)     29  : 0.0020 0.0020 0.0030 0.9910 0.0020
2692     2692   (0)     29  : 0.0040 0.0050 0.0070 0.9790 0.0050
2693     2693   (0)     29  : 0.0020 0.0030 0.0040 0.9880 0.0030
2694     2694   (0)     29  : 0.0020 0.0030 0.0030 0.9880 0.0040
2695     2695   (0)     29  : 0.0020 0.0040 0.0030 0.9890 0.0020
2696     2696   (0)     29  : 0.0020 0.0030 0.0040 0.9870 0.0040
2697     2697   (0)     29  : 0.0020 0.0020 0.0030 0.9900 0.0030
2698     2698   (0)     29  : 0.0024 0.0030 0.0040 0.9876 0.0030
2699     2699   (0)     29  : 0.0020 0.0042 0.0030 0.9878 0.0030
2700     2700   (0)     29  : 0.0020 0.0020 0.0040 0.9900 0.0020
2701     2701   (0)     29  : 0.0020 0.0030 0.0040 0.9860 0.0050
2702     2702   (0)     29  : 0.0020 0.0020 0.0040 0.9890 0.0030
2703     2703   (0)     29  : 0.0040 0.0030 0.0030 0.9870 0.0030
2704     2704   (0)     29  : 0.0020 0.0030 0.0030 0.9890 0.0030
2705     2705   (0)     29  : 0.0060 0.0040 0.0050 0.9830 0.0020
2706     2706   (0)     29  : 0.0030 0.0050 0.0050 0.9850 0.0020
2707     2707   (0)     29  : 0.0020 0.0030 0.0040 0.9890 0.0020
2708     2708   (0)     29  : 0.0060 0.0050 0.0050 0.9810 0.0030
2709     2709   (0)     29  : 0.0030 0.0050 0.0052 0.9828 0.0040
2710     2710   (0)     29  : 0.0030 0.0044 0.0050 0.9826 0.0050
2711     2711   (0)     29  : 0.0040 0.0240 0.0050 0.9580 0.0090
2712     2712   (0)     29  : 0.0030 0.0030 0.0050 0.9860 0.0030
2713     2713   (0)     29  : 0.0020 0.0020 0.0030 0.9910 0.0020
2714     2714   (0)     29  : 0.0020 0.0020 0.0030 0.9900 0.0030
2715     2715   (0)     29  : 0.0020 0.0020 0.0030 0.9890 0.0040
2716     2716   (0)     29  : 0.0040 0.0050 0.0080 0.9780 0.0050
2717     2717   (0)     29  : 0.0020 0.0020 0.0030 0.9900 0.0030
2718     2718   (0)     29  : 0.0020 0.0020 0.0030 0.9910 0.0020
2719     2719   (0)     29  : 0.0040 0.0110 0.0080 0.9650 0.0120
2720     2720   (0)     29  : 0.0020 0.0020 0.0030 0.9900 0.0030
2721     2721   (0)     29  : 0.0020 0.0020 0.0020 0.9920 0.0020
2722     2722   (0)     29  : 0.0020 0.0020 0.0030 0.9910 0.0020
2723     2723   (0)     29  : 0.0020 0.0020 0.0030 0.9890 0.0040
2724     2724   (0)     29  : 0.0020 0.0030 0.0030 0.9900 0.0020
2725     2725   (0)     29  : 0.0030 0.0020 0.0030 0.9900 0.0020
2726     2726   (0)     29  : 0.0030 0.0030 0.0040 0.9880 0.0020
2727     2727   (0)     29  : 0.0020 0.0020 0.0020 0.9920 0.0020
2728     2728   (0)     29  : 0.0030 0.0040 0.0030 0.9870 0.0030
2729     2729   (0)     29  : 0.0020 0.0030 0.0030 0.9890 0.0030
2730     2730   (0)     29  : 0.0020 0.0020 0.0030 0.9910 0.0020
2731     2731   (0)     29  : 0.0044 0.0020 0.0040 0.9866 0.0030
2732     2732   (0)     29  : 0.0020 0.0020 0.0030 0.9900 0.0030
2733     2733   (0)     29  : 0.0040 0.0090 0.0070 0.9730 0.0070
2734     2734   (0)     29  : 0.0020 0.0020 0.0030 0.9900 0.0030
2735     2735   (0)     29  : 0.0030 0.0090 0.0080 0.9720 0.0080
2736     2736   (0)     29  : 0.0040 0.0030 0.0040 0.9860 0.0030
2737     2737   (0)     29  : 0.0020 0.0030 0.0030 0.9890 0.0030
2738     2738   (0)     29  : 0.0020 0.0020 0.0040 0.9890 0.0030
2739     2739   (0)     29  : 0.0020 0.0020 0.0030 0.9910 0.0020
2740     2740   (0)     29  : 0.0030 0.0030 0.0040 0.9870 0.0030
2741     2741   (0)     29  : 0.0030 0.0040 0.0060 0.9840 0.0030
2742     2742   (0)     29  : 0.0020 0.0020 0.0030 0.9900 0.0030
2743     2743   (0)     29  : 0.0060 0.0040 0.0050 0.9810 0.0040
2744     2744   (0)     29  : 0.0030 0.0020 0.0040 0.9870 0.0040
2745     2745   (0)     29  : 0.0030 0.0020 0.0040 0.9870 0.0040
2746     2746   (0)     29  : 0.0020 0.0020 0.0040 0.9900 0.0020
2747     2747   (0)     29  : 0.0030 0.0030 0.0048 0.9862 0.0030
2748     2748   (0)     29  : 0.0040 0.0020 0.0040 0.9880 0.0020
2749     2749   (0)     29  : 0.0020 0.0020 0.0030 0.9910 0.0020
2750     2750   (0)     29  : 0.0110 0.0050 0.0556 0.9184 0.0100
2751     2751   (0)     29  : 0.0030 0.0040 0.0040 0.9840 0.0050
2752     2752   (0)     29  : 0.0020 0.0020 0.0030 0.9910 0.0020
2753     2753   (0)     29  : 0.0060 0.0280 0.0060 0.9570 0.0030
2754     2754   (0)     29  : 0.0030 0.0026 0.0030 0.9884 0.0030
2755     2755   (0)     29  : 0.0020 0.0020 0.0040 0.9890 0.0030
2756     2756   (0)     29  : 0.0020 0.0030 0.0050 0.9860 0.0040
2757     2757   (0)     29  : 0.0020 0.0020 0.0030 0.9910 0.0020
2758     2758   (0)     29  : 0.0020 0.0020 0.0040 0.9876 0.0044
2759     2759   (0)     29  : 0.0040 0.0020 0.0040 0.9860 0.0040
2760     2760   (0)     29  : 0.0030 0.0050 0.0040 0.9850 0.0030
2761     2761   (0)     29  : 0.0020 0.0020 0.0020 0.9920 0.0020
2762     2762   (0)     29  : 0.0020 0.0020 0.0030 0.9910 0.0020
2763     2763   (0)     29  : 0.0020 0.0020 0.0040 0.9900 0.0020
2764     2764   (0)     29  : 0.0020 0.0020 0.0030 0.9900 0.0030
2765     2765   (0)     29  : 0.0020 0.0020 0.0030 0.9900 0.0030
2766     2766   (0)     29  : 0.0020 0.0030 0.0020 0.9900 0.0030
2767     2767   (0)     29  : 0.0030 0.0020 0.0030 0.9890 0.0030
2768     2768   (0)     29  : 0.0020 0.0030 0.0030 0.9900 0.0020
2769     2769   (0)     29  : 0.0020 0.0020 0.0020 0.9920 0.0020
2770     2770   (0)     29  : 0.0020 0.0020 0.0020 0.9910 0.0030
2771     2771   (0)     29  : 0.0040 0.0030 0.0060 0.9810 0.0060
2772     2772   (0)     29  : 0.0020 0.0020 0.0044 0.9880 0.0036
2773     2773   (0)     29  : 0.0030 0.0030 0.0060 0.9860 0.0020
2774     2774   (0)     29  : 0.0040 0.0030 0.0040 0.9840 0.0050
2775     2775   (0)     29  : 0.0030 0.0030 0.0040 0.9860 0.0040
2776     2776   (0)     29  : 0.0030 0.0030 0.0026 0.9894 0.0020
2777     2777   (0)     29  : 0.0030 0.0040 0.0030 0.9880 0.0020
2778     2778   (0)     29  : 0.0020 0.0020 0.0024 0.9916 0.0020
2779     2779   (0)     29  : 0.0020 0.0030 0.0060 0.9860 0.0030
2780     2780   (0)     29  : 0.0020 0.0020 0.0030 0.9910 0.0020
2781     2781   (0)     29  : 0.0020 0.0030 0.0030 0.9900 0.0020
2782     2782   (0)     29  : 0.0030 0.0120 0.0030 0.9790 0.0030
2783     2783   (0)     29  : 0.0020 0.0024 0.0030 0.9906 0.0020
2784     2784   (0)     29  : 0.0060 0.0070 0.0040 0.9750 0.0080
2785     2785   (0)     29  : 0.0030 0.0030 0.0030 0.9810 0.0100
2786     2786   (0)     29  : 0.0020 0.0020 0.0030 0.9900 0.0030
2787     2787   (0)     29  : 0.0030 0.0020 0.0040 0.9878 0.0032
2788     2788   (0)     29  : 0.0030 0.0020 0.0050 0.9870 0.0030
2789     2789   (0)     29  : 0.0020 0.0020 0.0030 0.9900 0.0030
2790     2790   (0)     29  : 0.0020 0.0030 0.0040 0.9870 0.0040
2791     2791   (0)     29  : 0.0020 0.0030 0.0030 0.9890 0.0030
2792     2792   (0)     29  : 0.0020 0.0070 0.0030 0.9860 0.0020
2793     2793   (0)     29  : 0.0030 0.0020 0.0030 0.9900 0.0020
2794     2794   (0)     29  : 0.0040 0.0040 0.0050 0.9820 0.0050
2795     2795   (0)     29  : 0.0030 0.0020 0.0030 0.9870 0.0050
2796     2796   (0)     29  : 0.0030 0.0040 0.0050 0.9850 0.0030
2797     2797   (0)     29  : 0.0030 0.0020 0.0040 0.9880 0.0030
2798     2798   (0)     29  : 0.0020 0.0020 0.0030 0.9910 0.0020
2799     2799   (0)     29  : 0.0050 0.0030 0.0030 0.9850 0.0040
2800     2800   (0)     29  : 0.0040 0.0030 0.0040 0.9860 0.0030
2801     2801   (0)     29  : 0.0050 0.0030 0.0040 0.9820 0.0060
2802     2802   (0)     29  : 0.0020 0.0040 0.0030 0.9870 0.0040
2803     2803   (0)     29  : 0.0020 0.0020 0.0020 0.9920 0.0020
2804     2804   (0)     29  : 0.0020 0.0026 0.0040 0.9864 0.0050
2805     2805   (0)     29  : 0.0050 0.0030 0.0060 0.9780 0.0080
2806     2806   (0)     29  : 0.0040 0.0060 0.0070 0.9790 0.0040
2807     2807   (0)     29  : 0.0026 0.0110 0.0030 0.9804 0.0030
2808     2808   (0)     29  : 0.0030 0.0030 0.0050 0.9850 0.0040
2809     2809   (0)     29  : 0.0040 0.0060 0.0040 0.9790 0.0070
2810     2810   (0)     29  : 0.0080 0.0040 0.0070 0.9700 0.0110
2811     2811   (0)     29  : 0.0020 0.0020 0.0020 0.9920 0.0020
2812     2812   (0)     29  : 0.0030 0.0030 0.0030 0.9884 0.0026
2813     2813   (0)     29  : 0.0020 0.0040 0.0030 0.9880 0.0030
2814     2814   (0)     29  : 0.0020 0.0020 0.0030 0.9890 0.0040
2815     2815   (0)     29  : 0.0030 0.0020 0.0030 0.9890 0.0030
2816     2816   (0)     29  : 0.0020 0.0030 0.0030 0.9892 0.0028
2817     2817   (0)     29  : 0.0020 0.0030 0.0030 0.9890 0.0030
2818     2818   (0)     29  : 0.0020 0.0020 0.0030 0.9900 0.0030
2819     2819   (0)     29  : 0.0020 0.0020 0.0030 0.9900 0.0030
2820     2820   (0)     29  : 0.0030 0.0030 0.0030 0.9890 0.0020
2821     2821   (0)     29  : 0.0020 0.0020 0.0030 0.9900 0.0030
2822     2822   (0)     29  : 0.0030 0.0100 0.0116 0.9604 0.0150
2823     2823   (0)     29  : 0.0050 0.0070 0.0066 0.9774 0.0040
2824     2824   (0)     29  : 0.0020 0.0030 0.0030 0.9900 0.0020
2825     2825   (0)     29  : 0.0020 0.0030 0.0020 0.9910 0.0020
2826     2826   (0)     29  : 0.0030 0.0030 0.0060 0.9820 0.0060
2827     2827   (0)     29  : 0.0020 0.0020 0.0030 0.9900 0.0030
2828     2828   (0)     29  : 0.0020 0.0060 0.0040 0.9840 0.0040
2829     2829   (0)     29  : 0.0030 0.0020 0.0030 0.9890 0.0030
2830     2830   (0)     29  : 0.0020 0.0020 0.0020 0.9920 0.0020
2831     2831   (0)     29  : 0.0040 0.0090 0.0070 0.9740 0.0060
2832     2832   (0)     29  : 0.0020 0.0020 0.0030 0.9910 0.0020
2833     2833   (0)     29  : 0.0020 0.0020 0.0030 0.9910 0.0020
2834     2834   (0)     29  : 0.0020 0.0020 0.0030 0.9910 0.0020
2835     2835   (0)     29  : 0.0020 0.0020 0.0040 0.9890 0.0030
2836     2836   (0)     29  : 0.0040 0.0040 0.0040 0.9830 0.0050
2837     2837   (0)     29  : 0.0020 0.0030 0.0030 0.9880 0.0040
2838     2838   (0)     29  : 0.0020 0.0020 0.0030 0.9910 0.0020
2839     2839   (0)     29  : 0.0020 0.0020 0.0020 0.9920 0.0020
2840     2840   (0)     29  : 0.0030 0.0030 0.0040 0.9870 0.0030
2841     2841   (0)     29  : 0.0040 0.0030 0.0050 0.9856 0.0024
2842     2842   (0)     29  : 0.0030 0.0020 0.0030 0.9880 0.0040
2843     2843   (0)     29  : 0.0020 0.0020 0.0040 0.9880 0.0040
2844     2844   (0)     29  : 0.0020 0.0020 0.0030 0.9910 0.0020
2845     2845   (0)     29  : 0.0030 0.0020 0.0064 0.9856 0.0030
2846     2846   (0)     29  : 0.0020 0.0020 0.0020 0.9912 0.0028
2847     2847   (0)     29  : 0.0030 0.0020 0.0030 0.9900 0.0020
2848     2848   (0)     29  : 0.0020 0.0030 0.0030 0.9900 0.0020
2849     2849   (0)     29  : 0.0020 0.0020 0.0030 0.9910 0.0020
2850     2850   (0)     29  : 0.0040 0.0048 0.0030 0.9852 0.0030
2851     2851   (0)     29  : 0.0020 0.0020 0.0030 0.9900 0.0030
2852     2852   (0)     29  : 0.0020 0.0030 0.0030 0.9890 0.0030
2853     2853   (0)     29  : 0.0040 0.0040 0.0040 0.9810 0.0070
2854     2854   (0)     29  : 0.0020 0.0030 0.0030 0.9844 0.0076
2855     2855   (0)     29  : 0.0020 0.0020 0.0020 0.9920 0.0020
2856     2856   (0)     29  : 0.0020 0.0020 0.0030 0.9910 0.0020
2857     2857   (0)     29  : 0.0020 0.0040 0.0030 0.9878 0.0032
2858     2858   (0)     29  : 0.0020 0.0030 0.0030 0.9890 0.0030
2859     2859   (0)     29  : 0.0030 0.0020 0.0030 0.9880 0.0040
2860     2860   (0)     29  : 0.0030 0.0040 0.0040 0.9844 0.0046
2861     2861   (0)     29  : 0.0030 0.0040 0.0050 0.9850 0.0030
2862     2862   (0)     29  : 0.0020 0.0020 0.0020 0.9910 0.0030
2863     2863   (0)     29  : 0.0050 0.0160 0.0180 0.9450 0.0160
2864     2864   (0)     29  : 0.0020 0.0020 0.0030 0.9902 0.0028
2865     2865   (0)     29  : 0.0020 0.0030 0.0020 0.9910 0.0020
2866     2866   (0)     29  : 0.0020 0.0064 0.0040 0.9846 0.0030
2867     2867   (0)     29  : 0.0024 0.0020 0.0030 0.9896 0.0030
2868     2868   (0)     29  : 0.0030 0.0050 0.0030 0.9840 0.0050
2869     2869   (0)     29  : 0.0050 0.0082 0.0050 0.9768 0.0050
2870     2870   (0)     29  : 0.0020 0.0020 0.0030 0.9910 0.0020
2871     2871   (0)     29  : 0.0020 0.0020 0.0030 0.9910 0.0020
2872     2872   (0)     29  : 0.0030 0.0030 0.0030 0.9890 0.0020
2873     2873   (0)     29  : 0.0020 0.0020 0.0020 0.9910 0.0030
2874     2874   (0)     29  : 0.0020 0.0030 0.0030 0.9900 0.0020
2875     2875   (0)     29  : 0.0030 0.0020 0.0030 0.9900 0.0020
2876     2876   (0)     29  : 0.0030 0.0020 0.0030 0.9900 0.0020
2877     2877   (0)     29  : 0.0020 0.0020 0.0030 0.9900 0.0030
2878     2878   (0)     29  : 0.0030 0.0030 0.0020 0.9900 0.0020
2879     2879   (0)     29  : 0.0030 0.0040 0.0080 0.9770 0.0080
2880     2880   (0)     29  : 0.0030 0.0030 0.0030 0.9870 0.0040
2881     2881   (0)     29  : 0.0020 0.0030 0.0030 0.9890 0.0030
2882     2882   (0)     29  : 0.0040 0.0030 0.0040 0.9860 0.0030
2883     2883   (0)     29  : 0.0020 0.0020 0.0030 0.9900 0.0030
2884     2884   (0)     29  : 0.0040 0.0030 0.0050 0.9840 0.0040
2885     2885   (0)     29  : 0.0020 0.0020 0.0020 0.9910 0.0030
2886     2886   (0)     29  : 0.0020 0.0050 0.0030 0.9860 0.0040
2887     2887   (0)     29  : 0.0030 0.0040 0.0030 0.9870 0.0030
2888     2888   (0)     29  : 0.0050 0.0100 0.0030 0.9790 0.0030
2889     2889   (0)     29  : 0.0020 0.0020 0.0022 0.9908 0.0030
2890     2890   (0)     29  : 0.0030 0.0030 0.0060 0.9840 0.0040
2891     2891   (0)     29  : 0.0020 0.0020 0.0040 0.9900 0.0020
2892     2892   (0)     29  : 0.0020 0.0020 0.0030 0.9900 0.0030
2893     2893   (0)     29  : 0.0120 0.0060 0.0050 0.9740 0.0030
2894     2894   (0)     29  : 0.0020 0.0020 0.0030 0.9890 0.0040
2895     2895   (0)     29  : 0.0030 0.0040 0.0050 0.9850 0.0030
2896     2896   (0)     29  : 0.0030 0.0020 0.0020 0.9910 0.0020
2897     2897   (0)     29  : 0.0020 0.0020 0.0040 0.9850 0.0070
2898     2898   (0)     29  : 0.0040 0.0058 0.0050 0.9812 0.0040
2899     2899   (0)     29  : 0.0030 0.0020 0.0040 0.9850 0.0060
2900     2900   (0)     29  : 0.0080 0.0030 0.0060 0.9780 0.0050
2901     2901   (0)     29  : 0.0020 0.0020 0.0030 0.9900 0.0030
2902     2902   (0)     29  : 0.0030 0.0024 0.0030 0.9886 0.0030
2903     2903   (0)     29  : 0.0030 0.0020 0.0030 0.9900 0.0020
2904     2904   (0)     29  : 0.0020 0.0028 0.0030 0.9902 0.0020
2905     2905   (0)     29  : 0.0020 0.0020 0.0020 0.9920 0.0020
2906     2906   (0)     29  : 0.0020 0.0030 0.0030 0.9900 0.0020
2907     2907   (0)     29  : 0.0020 0.0040 0.0030 0.9880 0.0030
2908     2908   (0)     29  : 0.0020 0.0020 0.0030 0.9900 0.0030
2909     2909   (0)     29  : 0.0030 0.0030 0.0020 0.9890 0.0030
2910     2910   (0)     29  : 0.0020 0.0020 0.0030 0.9910 0.0020
2911     2911   (0)     29  : 0.0050 0.0040 0.0050 0.9770 0.0090
2912     2912   (0)     29  : 0.0020 0.0030 0.0040 0.9880 0.0030
2913     2913   (0)     29  : 0.0020 0.0020 0.0030 0.9890 0.0040
2914     2914   (0)     29  : 0.0020 0.0020 0.0030 0.9900 0.0030
2915     2915   (0)     29  : 0.0020 0.0020 0.0020 0.9920 0.0020
2916     2916   (0)     29  : 0.0030 0.0040 0.0030 0.9860 0.0040
2917     2917   (0)     29  : 0.0030 0.0030 0.0040 0.9880 0.0020
2918     2918   (0)     29  : 0.0030 0.0060 0.0030 0.9830 0.0050
2919     2919   (0)     29  : 0.0040 0.0030 0.0030 0.9870 0.0030
2920     2920   (0)     29  : 0.0020 0.0020 0.0030 0.9900 0.0030
2921     2921   (0)     29  : 0.0030 0.0030 0.0040 0.9860 0.0040
2922     2922   (0)     29  : 0.0040 0.0050 0.0070 0.9790 0.0050
2923     2923   (0)     29  : 0.0030 0.0040 0.0060 0.9800 0.0070
2924     2924   (0)     29  : 0.0100 0.0060 0.0102 0.9648 0.0090
2925     2925   (0)     29  : 0.0020 0.0020 0.0020 0.9920 0.0020
2926     2926   (5)     30  : 0.0020 0.9890 0.0030 0.0030 0.0030
2927     2927   (0)     30  : 0.0020 0.9880 0.0030 0.0030 0.0040
2928     2928   (0)     30  : 0.0030 0.9780 0.0050 0.0050 0.0090
2929     2929   (0)     30  : 0.0030 0.9890 0.0030 0.0020 0.0030
2930     2930   (5)     30  : 0.0050 0.9396 0.0060 0.0030 0.0464
2931     2931   (0)     30  : 0.0020 0.9910 0.0020 0.0020 0.0030
2932     2932   (0)     30  : 0.0048 0.9872 0.0030 0.0030 0.0020
2933     2933   (0)     30  : 0.0030 0.9860 0.0030 0.0020 0.0060
2934     2934   (0)     30  : 0.0030 0.9850 0.0030 0.0040 0.0050
2935     2935   (0)     30  : 0.0040 0.9880 0.0020 0.0030 0.0030
2936     2936   (0)     30  : 0.0030 0.9890 0.0030 0.0020 0.0030
2937     2937   (0)     30  : 0.0030 0.9878 0.0030 0.0030 0.0032
2938     2938   (5)     30  : 0.0040 0.9840 0.0050 0.0030 0.0040
2939     2939   (0)     30  : 0.0020 0.9900 0.0020 0.0030 0.0030
2940     2940   (0)     30  : 0.0030 0.9878 0.0030 0.0022 0.0040
2941     2941   (0)     30  : 0.0020 0.9920 0.0020 0.0020 0.0020
2942     2942   (0)     30  : 0.0030 0.9844 0.0060 0.0020 0.0046
2943     2943   (0)     30  : 0.0020 0.9860 0.0030 0.0030 0.0060
2944     2944   (0)     30  : 0.0030 0.9810 0.0040 0.0070 0.0050
2945     2945   (0)     30  : 0.0040 0.9608 0.0160 0.0060 0.0132
2946     2946   (0)     30  : 0.0030 0.9880 0.0030 0.0020 0.0040
2947     2947   (0)     30  : 0.0020 0.9890 0.0030 0.0030 0.0030
2948     2948   (0)     30  : 0.0030 0.9642 0.0110 0.0108 0.0110
2949     2949   (0)     30  : 0.0060 0.9760 0.0050 0.0050 0.0080
2950     2950   (0)     30  : 0.0020 0.9900 0.0020 0.0030 0.0030
2951     2951   (0)     30  : 0.0030 0.9750 0.0050 0.0070 0.0100
2952     2952   (0)     30  : 0.0020 0.9880 0.0030 0.0030 0.0040
2953     2953   (0)     31  : 0.0048 0.9462 0.0074 0.0050 0.0366
2954     2954   (0)     31  : 0.0030 0.9874 0.0032 0.0030 0.0034
2955     2955   (0)     31  : 0.0030 0.9670 0.0060 0.0130 0.0110
2956     2956   (0)     31  : 0.0040 0.9790 0.0060 0.0040 0.0070
2957     2957   (0)     31  : 0.0024 0.9876 0.0030 0.0040 0.0030
2958     2958   (0)     31  : 0.0040 0.9860 0.0030 0.0030 0.0040
2959     2959   (0)     31  : 0.0028 0.9882 0.0030 0.0030 0.0030
2960     2960   (0)     31  : 0.0020 0.9880 0.0030 0.0020 0.0050
2961     2961   (0)     31  : 0.0030 0.9810 0.0050 0.0050 0.0060
2962     2962   (0)     31  : 0.0030 0.9830 0.0040 0.0040 0.0060
2963     2963   (0)     31  : 0.0020 0.9920 0.0020 0.0020 0.0020
2964     2964   (0)     31  : 0.0030 0.9880 0.0030 0.0020 0.0040
2965     2965   (0)     31  : 0.0020 0.9870 0.0040 0.0030 0.0040
2966     2966   (0)     31  : 0.0030 0.9860 0.0030 0.0040 0.0040
2967     2967   (0)     31  : 0.0030 0.9852 0.0048 0.0030 0.0040
2968     2968   (0)     31  : 0.0030 0.9840 0.0040 0.0050 0.0040
2969     2969   (0)     31  : 0.0020 0.9896 0.0020 0.0030 0.0034
2970     2970   (0)     31  : 0.0050 0.9820 0.0050 0.0040 0.0040
2971     2971   (0)     31  : 0.0020 0.9870 0.0030 0.0030 0.0050
2972     2972   (0)     31  : 0.0020 0.9890 0.0030 0.0020 0.0040
2973     2973   (0)     31  : 0.0030 0.9870 0.0040 0.0020 0.0040
2974     2974   (0)     31  : 0.0020 0.9868 0.0030 0.0042 0.0040
2975     2975   (0)     31  : 0.0020 0.9820 0.0040 0.0030 0.0090
2976     2976   (0)     31  : 0.0020 0.9880 0.0030 0.0030 0.0040
2977     2977   (0)     31  : 0.0030 0.9900 0.0020 0.0020 0.0030
2978     2978   (0)     31  : 0.0030 0.9870 0.0030 0.0030 0.0040
2979     2979   (0)     31  : 0.0030 0.9590 0.0130 0.0040 0.0210
2980     2980   (0)     31  : 0.0040 0.9840 0.0040 0.0030 0.0050
2981     2981   (0)     31  : 0.0030 0.9900 0.0020 0.0020 0.0030
2982     2982   (0)     31  : 0.0060 0.9770 0.0040 0.0080 0.0050
2983     2983   (0)     31  : 0.0050 0.9810 0.0050 0.0040 0.0050
2984     2984   (0)     31  : 0.0030 0.9818 0.0050 0.0030 0.0072
2985     2985   (0)     31  : 0.0020 0.9860 0.0030 0.0020 0.0070
2986     2986   (0)     31  : 0.0040 0.9840 0.0040 0.0030 0.0050
2987     2987   (0)     31  : 0.0028 0.9812 0.0050 0.0050 0.0060
2988     2988   (0)     31  : 0.0030 0.9882 0.0030 0.0028 0.0030
2989     2989   (0)     31  : 0.0028 0.9872 0.0040 0.0030 0.0030
2990     2990   (0)     31  : 0.0030 0.9840 0.0040 0.0040 0.0050
2991     2991   (0)     31  : 0.0030 0.9810 0.0070 0.0040 0.0050
2992     2992   (0)     31  : 0.0030 0.9538 0.0080 0.0070 0.0282
2993     2993   (0)     31  : 0.0030 0.9850 0.0050 0.0040 0.0030
2994     2994   (0)     31  : 0.0020 0.9882 0.0030 0.0030 0.0038
2995     2995   (0)     31  : 0.0020 0.9896 0.0034 0.0020 0.0030
2996     2996   (0)     31  : 0.0020 0.9900 0.0030 0.0020 0.0030
2997     2997   (0)     31  : 0.0020 0.9860 0.0040 0.0030 0.0050
2998     2998   (0)     31  : 0.0040 0.9850 0.0030 0.0050 0.0030
2999     2999   (0)     31  : 0.0030 0.9762 0.0058 0.0050 0.0100
3000     3000   (0)     31  : 0.0030 0.9880 0.0030 0.0020 0.0040
3001     3001   (0)     31  : 0.0030 0.9860 0.0030 0.0030 0.0050
3002     3002   (0)     31  : 0.0030 0.9880 0.0030 0.0020 0.0040
3003     3003   (0)     31  : 0.0020 0.9890 0.0030 0.0030 0.0030
3004     3004   (0)     31  : 0.0020 0.9870 0.0040 0.0020 0.0050
3005     3005   (0)     31  : 0.0030 0.9890 0.0020 0.0020 0.0040
3006     3006   (0)     31  : 0.0020 0.9890 0.0030 0.0030 0.0030
3007     3007   (0)     31  : 0.0030 0.9850 0.0030 0.0030 0.0060
3008     3008   (0)     31  : 0.0020 0.9904 0.0020 0.0030 0.0026
3009     3009   (0)     31  : 0.0020 0.9900 0.0030 0.0020 0.0030
3010     3010   (0)     31  : 0.0050 0.9810 0.0040 0.0050 0.0050
3011     3011   (0)     31  : 0.0030 0.9880 0.0030 0.0030 0.0030
3012     3012   (0)     31  : 0.0040 0.9790 0.0040 0.0040 0.0090
3013     3013   (0)     31  : 0.0020 0.9920 0.0020 0.0020 0.0020
3014     3014   (0)     31  : 0.0030 0.9820 0.0060 0.0040 0.0050
3015     3015   (0)     31  : 0.0030 0.9790 0.0040 0.0080 0.0060
3016     3016   (0)     31  : 0.0020 0.9900 0.0020 0.0020 0.0040
3017     3017   (0)     31  : 0.0030 0.9820 0.0050 0.0050 0.0050
3018     3018   (0)     31  : 0.0180 0.9710 0.0040 0.0030 0.0040
3019     3019   (0)     31  : 0.0030 0.9830 0.0050 0.0040 0.0050
3020     3020   (0)     31  : 0.0020 0.9890 0.0030 0.0020 0.0040
3021     3021   (0)     31  : 0.0030 0.9860 0.0030 0.0040 0.0040
3022     3022   (0)     31  : 0.0030 0.9764 0.0066 0.0040 0.0100
3023     3023   (0)     31  : 0.0020 0.9882 0.0030 0.0028 0.0040
3024     3024   (0)     31  : 0.0030 0.9890 0.0030 0.0020 0.0030
3025     3025   (0)     31  : 0.0020 0.9860 0.0030 0.0030 0.0060
3026     3026   (0)     31  : 0.0030 0.9890 0.0030 0.0020 0.0030
3027     3027   (0)     31  : 0.0040 0.9870 0.0030 0.0020 0.0040
3028     3028   (0)     31  : 0.0020 0.9900 0.0020 0.0020 0.0040
3029     3029   (0)     31  : 0.0020 0.9910 0.0020 0.0020 0.0030
3030     3030   (0)     31  : 0.0020 0.9866 0.0034 0.0030 0.0050
3031     3031   (0)     31  : 0.0030 0.9770 0.0060 0.0050 0.0090
3032     3032   (0)     31  : 0.0030 0.9880 0.0030 0.0030 0.0030
3033     3033   (0)     31  : 0.0020 0.9880 0.0030 0.0020 0.0050
3034     3034   (0)     31  : 0.0020 0.9870 0.0030 0.0050 0.0030
3035     3035   (0)     31  : 0.0030 0.9810 0.0040 0.0040 0.0080
3036     3036   (0)     31  : 0.0030 0.9858 0.0030 0.0030 0.0052
3037     3037   (0)     31  : 0.0030 0.9880 0.0020 0.0030 0.0040
3038     3038   (0)     31  : 0.0030 0.9890 0.0030 0.0030 0.0020
3039     3039   (0)     31  : 0.0020 0.9890 0.0020 0.0030 0.0040
3040     3040   (0)     31  : 0.0030 0.9890 0.0030 0.0020 0.0030
3041     3041   (0)     31  : 0.0020 0.9850 0.0050 0.0030 0.0050
3042     3042   (0)     31  : 0.0060 0.9600 0.0110 0.0070 0.0160
3043     3043   (0)     31  : 0.0050 0.9860 0.0030 0.0030 0.0030
3044     3044   (0)     31  : 0.0024 0.9886 0.0030 0.0030 0.0030
3045     3045   (0)     31  : 0.0030 0.9840 0.0030 0.0030 0.0070
3046     3046   (0)     31  : 0.0030 0.9910 0.0020 0.0020 0.0020
3047     3047   (0)     31  : 0.0050 0.9818 0.0052 0.0040 0.0040
3048     3048   (0)     31  : 0.0020 0.9900 0.0030 0.0020 0.0030
3049     3049   (0)     31  : 0.0020 0.9902 0.0028 0.0020 0.0030
3050     3050   (0)     31  : 0.0020 0.9890 0.0030 0.0030 0.0030
3051     3051   (0)     31  : 0.0020 0.9880 0.0030 0.0040 0.0030
3052     3052   (0)     31  : 0.0028 0.9812 0.0050 0.0070 0.0040
3053     3053   (0)     31  : 0.0030 0.9880 0.0030 0.0030 0.0030
3054     3054   (0)     31  : 0.0020 0.9850 0.0030 0.0030 0.0070
3055     3055   (0)     31  : 0.0040 0.9650 0.0030 0.0240 0.0040
3056     3056   (0)     31  : 0.0030 0.9890 0.0030 0.0020 0.0030
3057     3057   (0)     31  : 0.0032 0.9838 0.0040 0.0030 0.0060
3058     3058   (0)     31  : 0.0030 0.9850 0.0030 0.0030 0.0060
3059     3059   (0)     31  : 0.0020 0.9870 0.0030 0.0030 0.0050
3060     3060   (0)     31  : 0.0020 0.9910 0.0020 0.0020 0.0030
3061     3061   (0)     31  : 0.0050 0.9798 0.0050 0.0040 0.0062
3062     3062   (0)     31  : 0.0020 0.9918 0.0020 0.0020 0.0022
3063     3063   (0)     31  : 0.0030 0.9830 0.0050 0.0020 0.0070
3064     3064   (0)     31  : 0.0030 0.9880 0.0030 0.0030 0.0030
3065     3065   (0)     31  : 0.0020 0.9888 0.0024 0.0030 0.0038
3066     3066   (0)     31  : 0.0030 0.9840 0.0030 0.0040 0.0060
3067     3067   (0)     31  : 0.0030 0.9820 0.0050 0.0040 0.0060
3068     3068   (0)     31  : 0.0020 0.9920 0.0020 0.0020 0.0020
3069     3069   (0)     31  : 0.0040 0.9850 0.0030 0.0030 0.0050
3070     3070   (0)     31  : 0.0030 0.9750 0.0130 0.0030 0.0060
3071     3071   (0)     31  : 0.0030 0.9890 0.0030 0.0020 0.0030
3072     3072   (0)     31  : 0.0030 0.9874 0.0026 0.0040 0.0030
3073     3073   (0)     31  : 0.0030 0.9880 0.0030 0.0030 0.0030
3074     3074   (0)     31  : 0.0040 0.9820 0.0050 0.0050 0.0040
3075     3075   (0)     31  : 0.0030 0.9860 0.0030 0.0030 0.0050
3076     3076   (0)     31  : 0.0040 0.9840 0.0040 0.0030 0.0050
3077     3077   (0)     31  : 0.0034 0.9826 0.0040 0.0050 0.0050
3078     3078   (0)     31  : 0.0030 0.9730 0.0040 0.0090 0.0110
3079     3079   (0)     31  : 0.0050 0.9690 0.0090 0.0090 0.0080
3080     3080   (0)     31  : 0.0020 0.9830 0.0040 0.0020 0.0090
3081     3081   (0)     31  : 0.0030 0.9852 0.0040 0.0038 0.0040
3082     3082   (0)     31  : 0.0030 0.9840 0.0050 0.0040 0.0040
3083     3083   (0)     31  : 0.0020 0.9888 0.0022 0.0020 0.0050
3084     3084   (0)     31  : 0.0020 0.9890 0.0030 0.0020 0.0040
3085     3085   (0)     31  : 0.0020 0.9900 0.0030 0.0020 0.0030
3086     3086   (0)     31  : 0.0030 0.9830 0.0040 0.0020 0.0080
3087     3087   (0)     31  : 0.0030 0.9880 0.0030 0.0020 0.0040
3088     3088   (0)     31  : 0.0020 0.9860 0.0040 0.0030 0.0050
3089     3089   (0)     31  : 0.0030 0.9790 0.0050 0.0050 0.0080
3090     3090   (0)     31  : 0.0020 0.9880 0.0030 0.0030 0.0040
3091     3091   (0)     31  : 0.0070 0.9780 0.0040 0.0040 0.0070
3092     3092   (0)     31  : 0.0030 0.9860 0.0030 0.0030 0.0050
3093     3093   (0)     31  : 0.0030 0.9890 0.0030 0.0020 0.0030
3094     3094   (0)     31  : 0.0050 0.9860 0.0030 0.0030 0.0030
3095     3095   (0)     31  : 0.0046 0.9864 0.0030 0.0030 0.0030
3096     3096   (0)     31  : 0.0030 0.9750 0.0050 0.0050 0.0120
3097     3097   (0)     31  : 0.0020 0.9812 0.0038 0.0030 0.0100
3098     3098   (0)     31  : 0.0030 0.9820 0.0040 0.0030 0.0080
3099     3099   (0)     31  : 0.0050 0.9820 0.0040 0.0030 0.0060
3100     3100   (0)     31  : 0.0040 0.9900 0.0020 0.0020 0.0020
3101     3101   (0)     31  : 0.0030 0.9900 0.0020 0.0020 0.0030
3102     3102   (0)     31  : 0.0050 0.9830 0.0030 0.0030 0.0060
3103     3103   (0)     31  : 0.0020 0.9880 0.0030 0.0020 0.0050
3104     3104   (0)     31  : 0.0030 0.9854 0.0026 0.0040 0.0050
3105     3105   (0)     31  : 0.0030 0.9910 0.0020 0.0020 0.0020
3106     3106   (0)     31  : 0.0020 0.9890 0.0030 0.0030 0.0030
3107     3107   (0)     31  : 0.0040 0.9766 0.0040 0.0070 0.0084
3108     3108   (0)     31  : 0.0040 0.9840 0.0040 0.0040 0.0040
3109     3109   (0)     31  : 0.0040 0.9850 0.0030 0.0030 0.0050
3110     3110   (0)     31  : 0.0040 0.9840 0.0030 0.0040 0.0050
3111     3111   (0)     31  : 0.0020 0.9890 0.0020 0.0040 0.0030
3112     3112   (0)     31  : 0.0020 0.9842 0.0058 0.0030 0.0050
3113     3113   (0)     31  : 0.0032 0.9838 0.0050 0.0050 0.0030
3114     3114   (0)     31  : 0.0020 0.9860 0.0030 0.0050 0.0040
3115     3115   (0)     31  : 0.0028 0.9852 0.0030 0.0050 0.0040
3116     3116   (0)     31  : 0.0020 0.9890 0.0030 0.0030 0.0030
3117     3117   (0)     31  : 0.0030 0.9890 0.0030 0.0020 0.0030
3118     3118   (0)     31  : 0.0020 0.9880 0.0040 0.0030 0.0030
3119     3119   (0)     31  : 0.0020 0.9770 0.0050 0.0050 0.0110
3120     3120   (0)     31  : 0.0020 0.9850 0.0050 0.0040 0.0040
3121     3121   (0)     31  : 0.0030 0.9880 0.0030 0.0020 0.0040
3122     3122   (0)     31  : 0.0030 0.9780 0.0050 0.0030 0.0110
3123     3123   (0)     31  : 0.0030 0.9872 0.0028 0.0030 0.0040
3124     3124   (0)     31  : 0.0040 0.9800 0.0060 0.0030 0.0070
3125     3125   (0)     31  : 0.0030 0.9900 0.0020 0.0020 0.0030
3126     3126   (0)     31  : 0.0020 0.9830 0.0050 0.0050 0.0050
3127     3127   (0)     31  : 0.0020 0.9870 0.0030 0.0030 0.0050
3128     3128   (0)     31  : 0.0020 0.9900 0.0030 0.0020 0.0030
3129     3129   (0)     31  : 0.0030 0.9830 0.0040 0.0030 0.0070
3130     3130   (0)     31  : 0.0040 0.9760 0.0040 0.0040 0.0120
3131     3131   (0)     31  : 0.0030 0.9860 0.0040 0.0030 0.0040
3132     3132   (0)     31  : 0.0026 0.9854 0.0030 0.0040 0.0050
3133     3133   (0)     31  : 0.0020 0.9850 0.0040 0.0030 0.0060
3134     3134   (0)     31  : 0.0030 0.9850 0.0030 0.0050 0.0040
3135     3135   (0)     31  : 0.0030 0.9810 0.0040 0.0060 0.0060
3136     3136   (0)     31  : 0.0030 0.9878 0.0030 0.0032 0.0030
3137     3137   (0)     31  : 0.0040 0.9774 0.0046 0.0090 0.0050
3138     3138   (0)     31  : 0.0030 0.9882 0.0028 0.0030 0.0030
3139     3139   (0)     31  : 0.0020 0.9810 0.0040 0.0050 0.0080
3140     3140   (0)     31  : 0.0030 0.9688 0.0040 0.0080 0.0162
3141     3141   (0)     31  : 0.0030 0.9860 0.0030 0.0040 0.0040
3142     3142   (0)     31  : 0.0030 0.9760 0.0060 0.0070 0.0080
3143     3143   (0)     31  : 0.0030 0.9890 0.0030 0.0020 0.0030
3144     3144   (0)     31  : 0.0020 0.9880 0.0030 0.0030 0.0040
3145     3145   (0)     31  : 0.0020 0.9880 0.0030 0.0030 0.0040
3146     3146   (0)     31  : 0.0030 0.9800 0.0050 0.0060 0.0060
3147     3147   (0)     31  : 0.0020 0.9880 0.0020 0.0030 0.0050
3148     3148   (0)     31  : 0.0040 0.9818 0.0036 0.0030 0.0076
3149     3149   (0)     31  : 0.0030 0.9900 0.0030 0.0020 0.0020
3150     3150   (0)     31  : 0.0030 0.9900 0.0020 0.0020 0.0030
3151     3151   (0)     31  : 0.0030 0.9850 0.0040 0.0040 0.0040
3152     3152   (0)     31  : 0.0020 0.9910 0.0020 0.0020 0.0030
3153     3153   (0)     31  : 0.0040 0.9810 0.0050 0.0030 0.0070
3154     3154   (0)     31  : 0.0030 0.9880 0.0030 0.0020 0.0040
3155     3155   (0)     31  : 0.0020 0.9890 0.0030 0.0020 0.0040
3156     3156   (0)     31  : 0.0020 0.9890 0.0030 0.0020 0.0040
3157     3157   (0)     31  : 0.0060 0.9800 0.0040 0.0050 0.0050
3158     3158   (0)     31  : 0.0030 0.9860 0.0040 0.0020 0.0050
3159     3159   (0)     31  : 0.0070 0.9750 0.0050 0.0060 0.0070
3160     3160   (0)     31  : 0.0030 0.9880 0.0030 0.0030 0.0030
3161     3161   (0)     31  : 0.0020 0.9892 0.0030 0.0020 0.0038
3162     3162   (0)     31  : 0.0030 0.9880 0.0030 0.0020 0.0040
3163     3163   (0)     31  : 0.0040 0.9870 0.0030 0.0030 0.0030
3164     3164   (0)     31  : 0.0020 0.9870 0.0030 0.0030 0.0050
3165     3165   (0)     31  : 0.0030 0.9880 0.0030 0.0020 0.0040
3166     3166   (0)     31  : 0.0020 0.9820 0.0050 0.0050 0.0060
3167     3167   (0)     31  : 0.0020 0.9860 0.0040 0.0040 0.0040
3168     3168   (0)     31  : 0.0030 0.9880 0.0030 0.0030 0.0030
3169     3169   (0)     31  : 0.0020 0.9860 0.0040 0.0040 0.0040
3170     3170   (0)     31  : 0.0020 0.9910 0.0020 0.0020 0.0030
3171     3171   (0)     31  : 0.0030 0.9720 0.0070 0.0070 0.0110
3172     3172   (0)     31  : 0.0030 0.9880 0.0030 0.0030 0.0030
3173     3173   (0)     31  : 0.0020 0.9840 0.0040 0.0040 0.0060
3174     3174   (0)     31  : 0.0050 0.9830 0.0040 0.0030 0.0050
3175     3175   (0)     31  : 0.0040 0.9634 0.0150 0.0070 0.0106
3176     3176   (0)     31  : 0.0050 0.9808 0.0042 0.0040 0.0060
3177     3177   (0)     31  : 0.0020 0.9810 0.0050 0.0030 0.0090
3178     3178   (0)     31  : 0.0030 0.9890 0.0020 0.0020 0.0040
3179     3179   (0)     31  : 0.0040 0.9828 0.0042 0.0030 0.0060
3180     3180   (0)     31  : 0.0040 0.9850 0.0030 0.0020 0.0060
3181     3181   (0)     31  : 0.0050 0.9830 0.0030 0.0050 0.0040
3182     3182   (0)     31  : 0.0030 0.9890 0.0030 0.0020 0.0030
3183     3183   (0)     31  : 0.0030 0.9770 0.0050 0.0060 0.0090
3184     3184   (0)     31  : 0.0030 0.9870 0.0030 0.0030 0.0040
3185     3185   (0)     31  : 0.0070 0.9750 0.0050 0.0070 0.0060
3186     3186   (0)     31  : 0.0030 0.9870 0.0030 0.0040 0.0030
3187     3187   (0)     31  : 0.0030 0.9810 0.0060 0.0040 0.0060
3188     3188   (0)     31  : 0.0050 0.9850 0.0030 0.0030 0.0040
3189     3189   (0)     31  : 0.0020 0.9910 0.0020 0.0020 0.0030
3190     3190   (0)     31  : 0.0038 0.9822 0.0040 0.0050 0.0050
3191     3191   (0)     31  : 0.0030 0.9872 0.0030 0.0030 0.0038
3192     3192   (0)     31  : 0.0020 0.9910 0.0020 0.0020 0.0030
3193     3193   (0)     31  : 0.0020 0.9900 0.0020 0.0030 0.0030
3194     3194   (0)     31  : 0.0020 0.9920 0.0020 0.0020 0.0020
3195     3195   (0)     31  : 0.0020 0.9900 0.0020 0.0020 0.0040
3196     3196   (0)     31  : 0.0030 0.9880 0.0030 0.0030 0.0030
3197     3197   (0)     31  : 0.0040 0.9840 0.0030 0.0040 0.0050
3198     3198   (0)     31  : 0.0020 0.9890 0.0030 0.0020 0.0040
3199     3199   (0)     31  : 0.0030 0.9890 0.0030 0.0020 0.0030
3200     3200   (0)     31  : 0.0030 0.9850 0.0030 0.0030 0.0060
3201     3201   (0)     31  : 0.0030 0.9830 0.0030 0.0030 0.0080
3202     3202   (0)     31  : 0.0030 0.9820 0.0040 0.0050 0.0060
3203     3203   (0)     31  : 0.0040 0.9590 0.0070 0.0090 0.0210
3204     3204   (0)     31  : 0.0030 0.9528 0.0172 0.0040 0.0230
3205     3205   (0)     31  : 0.0030 0.9890 0.0030 0.0020 0.0030
3206     3206   (0)     31  : 0.0030 0.9860 0.0040 0.0020 0.0050
3207     3207   (0)     31  : 0.0030 0.9890 0.0030 0.0020 0.0030
3208     3208   (0)     31  : 0.0020 0.9910 0.0020 0.0020 0.0030
3209     3209   (0)     31  : 0.0032 0.9868 0.0030 0.0040 0.0030
3210     3210   (0)     31  : 0.0020 0.9910 0.0020 0.0020 0.0030
3211     3211   (0)     31  : 0.0040 0.9820 0.0040 0.0050 0.0050
3212     3212   (0)     31  : 0.0020 0.9890 0.0030 0.0020 0.0040
3213     3213   (0)     31  : 0.0020 0.9890 0.0030 0.0030 0.0030
3214     3214   (0)     31  : 0.0030 0.9890 0.0030 0.0020 0.0030
3215     3215   (0)     31  : 0.0030 0.9880 0.0030 0.0020 0.0040
3216     3216   (0)     31  : 0.0020 0.9894 0.0026 0.0020 0.0040
3217     3217   (0)     31  : 0.0030 0.9880 0.0030 0.0020 0.0040
3218     3218   (0)     31  : 0.0030 0.9832 0.0050 0.0028 0.0060
3219     3219   (0)     31  : 0.0040 0.9840 0.0050 0.0030 0.0040
3220     3220   (0)     31  : 0.0020 0.9880 0.0030 0.0040 0.0030
3221     3221   (0)     31  : 0.0030 0.9890 0.0020 0.0020 0.0040
3222     3222   (0)     31  : 0.0020 0.9880 0.0030 0.0030 0.0040
3223     3223   (0)     31  : 0.0060 0.9772 0.0040 0.0088 0.0040
3224     3224   (0)     31  : 0.0030 0.9878 0.0022 0.0030 0.0040
3225     3225   (0)     31  : 0.0020 0.9870 0.0030 0.0030 0.0050
3226     3226   (0)     31  : 0.0020 0.9870 0.0040 0.0030 0.0040
3227     3227   (0)     31  : 0.0030 0.9872 0.0038 0.0030 0.0030
3228     3228   (0)     31  : 0.0020 0.9900 0.0020 0.0020 0.0040
3229     3229   (0)     31  : 0.0030 0.9878 0.0030 0.0030 0.0032
3230     3230   (0)     31  : 0.0040 0.9870 0.0030 0.0030 0.0030
3231     3231   (0)     31  : 0.0040 0.9870 0.0030 0.0030 0.0030
3232     3232   (0)     31  : 0.0040 0.9840 0.0030 0.0040 0.0050
3233     3233   (0)     31  : 0.0030 0.9890 0.0020 0.0030 0.0030
3234     3234   (0)     31  : 0.0020 0.9890 0.0030 0.0030 0.0030
3235     3235   (0)     31  : 0.0030 0.9890 0.0020 0.0030 0.0030
3236     3236   (0)     31  : 0.0040 0.9840 0.0040 0.0030 0.0050
3237     3237   (0)     31  : 0.0030 0.9884 0.0030 0.0026 0.0030
3238     3238   (0)     31  : 0.0030 0.9870 0.0030 0.0030 0.0040
3239     3239   (0)     31  : 0.0030 0.9880 0.0030 0.0030 0.0030
3240     3240   (0)     31  : 0.0030 0.9756 0.0050 0.0050 0.0114
3241     3241   (0)     31  : 0.0030 0.9698 0.0080 0.0070 0.0122
3242     3242   (0)     31  : 0.0020 0.9920 0.0020 0.0020 0.0020
3243     3243   (0)     31  : 0.0020 0.9900 0.0030 0.0020 0.0030
3244     3244   (0)     31  : 0.0030 0.9880 0.0030 0.0030 0.0030
3245     3245   (0)     31  : 0.0020 0.9900 0.0030 0.0020 0.0030
3246     3246   (0)     31  : 0.0030 0.9844 0.0040 0.0030 0.0056
3247     3247   (0)     31  : 0.0030 0.9780 0.0070 0.0060 0.0060
3248     3248   (0)     31  : 0.0030 0.9688 0.0040 0.0050 0.0192
3249     3249   (0)     31  : 0.0020 0.9850 0.0050 0.0040 0.0040
3250     3250   (0)     31  : 0.0030 0.9860 0.0030 0.0040 0.0040
3251     3251   (0)     31  : 0.0040 0.9830 0.0040 0.0040 0.0050
3252     3252   (0)     31  : 0.0040 0.9840 0.0030 0.0050 0.0040
3253     3253   (0)     32  : 0.0020 0.0040 0.0050 0.0030 0.9860
3254     3254   (0)     32  : 0.0040 0.0060 0.0060 0.0090 0.9750
3255     3255   (0)     32  : 0.0040 0.0070 0.0130 0.0040 0.9720
3256     3256   (0)     32  : 0.0050 0.0100 0.0170 0.0040 0.9640
3257     3257   (0)     32  : 0.0050 0.0040 0.0100 0.0040 0.9770
3258     3258   (0)     32  : 0.0040 0.0214 0.0112 0.0070 0.9564
3259     3259   (0)     32  : 0.0064 0.0084 0.0150 0.0058 0.9644
3260     3260   (0)     32  : 0.0020 0.0030 0.0050 0.0030 0.9870
3261     3261   (0)     32  : 0.0020 0.0030 0.0042 0.0030 0.9878
3262     3262   (0)     32  : 0.0030 0.0080 0.0140 0.0120 0.9630
3263     3263   (0)     32  : 0.0020 0.0032 0.0040 0.0040 0.9868
3264     3264   (0)     32  : 0.0020 0.0030 0.0050 0.0020 0.9880
3265     3265   (0)     32  : 0.0020 0.0030 0.0030 0.0040 0.9880
3266     3266   (0)     32  : 0.0030 0.0180 0.0110 0.0090 0.9590
3267     3267   (0)     32  : 0.0030 0.0040 0.0040 0.0040 0.9850
3268     3268   (0)     32  : 0.0030 0.0130 0.0050 0.0100 0.9690
3269     3269   (0)     32  : 0.0090 0.0952 0.0386 0.0090 0.8482
3270     3270   (0)     32  : 0.0050 0.0050 0.0040 0.0050 0.9810
3271     3271   (0)     32  : 0.0050 0.0100 0.0230 0.0138 0.9482
3272     3272   (0)     32  : 0.0020 0.0120 0.0086 0.0030 0.9744
3273     3273   (0)     32  : 0.0030 0.0040 0.0030 0.0070 0.9830
3274     3274   (0)     32  : 0.0030 0.0050 0.0040 0.0090 0.9790
3275     3275   (5)     32  : 0.0020 0.0040 0.0040 0.0080 0.9820
3276     3276   (0)     32  : 0.0030 0.0060 0.0050 0.0030 0.9830
3277     3277   (0)     32  : 0.0040 0.0140 0.0040 0.0050 0.9730
3278     3278   (0)     32  : 0.0030 0.0060 0.0100 0.0040 0.9770
3279     3279   (0)     32  : 0.0020 0.0040 0.0040 0.0130 0.9770
3280     3280   (0)     32  : 0.0030 0.0080 0.0040 0.0050 0.9800
3281     3281   (0)     32  : 0.0030 0.0030 0.0060 0.0300 0.9580
3282     3282   (0)     32  : 0.0020 0.0030 0.0030 0.0020 0.9900
3283     3283   (5)     32  : 0.0020 0.0030 0.0040 0.0030 0.9880
3284     3284   (0)     32  : 0.0030 0.0280 0.0050 0.0060 0.9580
3285     3285   (0)     32  : 0.0060 0.0030 0.0110 0.0160 0.9640
3286     3286   (0)     32  : 0.0026 0.0050 0.0040 0.0020 0.9864
3287     3287   (0)     32  : 0.0030 0.0030 0.0050 0.0200 0.9690
3288     3288   (0)     32  : 0.0070 0.0060 0.0458 0.0050 0.9362
3289     3289   (5)     32  : 0.0070 0.0110 0.0270 0.0070 0.9481
3290     3290   (5)     32  : 0.0050 0.0130 0.0070 0.0070 0.9680
3291     3291   (5)     32  : 0.0068 0.0180 0.0080 0.0060 0.9612
3292     3292   (5)     32  : 0.0040 0.0020 0.0040 0.0060 0.9840
3293     3293   (0)     33  : 0.0020 0.0030 0.0030 0.0050 0.9870
3294     3294   (0)     33  : 0.0060 0.0290 0.0070 0.0030 0.9550
3295     3295   (0)     33  : 0.0040 0.0040 0.0040 0.0050 0.9830
3296     3296   (0)     33  : 0.0030 0.0432 0.0110 0.0150 0.9277
3297     3297   (0)     33  : 0.0030 0.0100 0.0050 0.0050 0.9770
3298     3298   (0)     33  : 0.0020 0.0050 0.0040 0.0040 0.9850
3299     3299   (0)     33  : 0.0020 0.0040 0.0030 0.0030 0.9880
3300     3300   (0)     33  : 0.0030 0.0020 0.0040 0.0020 0.9890
3301     3301   (0)     33  : 0.0020 0.0040 0.0050 0.0040 0.9850
3302     3302   (0)     33  : 0.0040 0.0070 0.0040 0.0070 0.9780
3303     3303   (0)     33  : 0.0040 0.0070 0.0040 0.0080 0.9770
3304     3304   (0)     33  : 0.0040 0.0078 0.0100 0.0110 0.9672
3305     3305   (0)     33  : 0.0030 0.0090 0.0040 0.0040 0.9800
3306     3306   (0)     33  : 0.0020 0.0080 0.0040 0.0030 0.9830
3307     3307   (0)     33  : 0.0030 0.0040 0.0266 0.0050 0.9614
3308     3308   (0)     33  : 0.0060 0.0050 0.0050 0.0180 0.9660
3309     3309   (0)     33  : 0.0030 0.0030 0.0070 0.0146 0.9724
3310     3310   (0)     33  : 0.0030 0.0080 0.0080 0.0070 0.9740
3311     3311   (0)     33  : 0.0030 0.0050 0.0060 0.0050 0.9810
3312     3312   (0)     33  : 0.0020 0.0070 0.0060 0.0060 0.9790
3313     3313   (0)     33  : 0.0030 0.0030 0.0030 0.0030 0.9880
3314     3314   (0)     33  : 0.0040 0.0090 0.0200 0.0474 0.9196
3315     3315   (0)     33  : 0.0040 0.0040 0.0050 0.0070 0.9800
3316     3316   (0)     33  : 0.0030 0.0040 0.0040 0.0040 0.9850
3317     3317   (0)     33  : 0.0020 0.0030 0.0062 0.0040 0.9848
3318     3318   (0)     33  : 0.0020 0.0030 0.0040 0.0040 0.9870
3319     3319   (0)     33  : 0.0040 0.0110 0.0100 0.0140 0.9610
3320     3320   (0)     33  : 0.0040 0.0050 0.0050 0.0080 0.9780
3321     3321   (0)     33  : 0.0030 0.0040 0.0080 0.0040 0.9810
3322     3322   (0)     33  : 0.0030 0.0050 0.0090 0.0020 0.9810
3323     3323   (0)     33  : 0.0030 0.0040 0.0210 0.0110 0.9610
3324     3324   (0)     33  : 0.0040 0.0050 0.0070 0.0120 0.9720
3325     3325   (0)     33  : 0.0030 0.0110 0.0050 0.0040 0.9770
3326     3326   (0)     33  : 0.0050 0.0070 0.0060 0.0100 0.9720
3327     3327   (0)     33  : 0.0030 0.0040 0.0040 0.0050 0.9840
3328     3328   (0)     33  : 0.0030 0.0100 0.0110 0.0030 0.9730
3329     3329   (0)     33  : 0.0040 0.0060 0.0050 0.0040 0.9810
3330     3330   (0)     33  : 0.0030 0.0020 0.0030 0.0020 0.9900
3331     3331   (0)     33  : 0.0060 0.0060 0.0110 0.0074 0.9696
3332     3332   (0)     33  : 0.0020 0.0706 0.0070 0.0120 0.9083
3333     3333   (0)     33  : 0.0020 0.0062 0.0070 0.0020 0.9828
3334     3334   (0)     33  : 0.0040 0.0080 0.0060 0.0040 0.9780
3335     3335   (0)     33  : 0.0040 0.0030 0.0090 0.0186 0.9654
3336     3336   (0)     33  : 0.0040 0.0080 0.0142 0.0050 0.9688
3337     3337   (0)     33  : 0.0030 0.0050 0.0040 0.0030 0.9850
3338     3338   (0)     33  : 0.0030 0.0044 0.0040 0.0030 0.9856
3339     3339   (0)     33  : 0.0020 0.0040 0.0050 0.0040 0.9850
3340     3340   (0)     33  : 0.0020 0.0050 0.0100 0.0030 0.9800
3341     3341   (0)     33  : 0.0030 0.0050 0.0090 0.0050 0.9780
3342     3342   (0)     33  : 0.0030 0.0080 0.0040 0.0050 0.9800
3343     3343   (0)     33  : 0.0030 0.0140 0.0518 0.0130 0.9182
3344     3344   (0)     33  : 0.0030 0.0040 0.0040 0.0030 0.9860
3345     3345   (0)     33  : 0.0032 0.0132 0.0110 0.0030 0.9696
3346     3346   (0)     33  : 0.0030 0.0040 0.0040 0.0030 0.9860
3347     3347   (0)     33  : 0.0030 0.0030 0.0116 0.0050 0.9774
3348     3348   (0)     33  : 0.0030 0.0040 0.0060 0.0040 0.9830
3349     3349   (0)     33  : 0.0040 0.0040 0.0060 0.0074 0.9786
3350     3350   (0)     33  : 0.0020 0.0040 0.0030 0.0020 0.9890
3351     3351   (0)     33  : 0.0094 0.0160 0.0070 0.0504 0.9172
3352     3352   (0)     33  : 0.0040 0.0040 0.0070 0.0050 0.9800
3353     3353   (0)     33  : 0.0030 0.0050 0.0080 0.0040 0.9800
3354     3354   (0)     33  : 0.0060 0.0050 0.0100 0.0170 0.9620
3355     3355   (0)     33  : 0.0020 0.0040 0.0040 0.0182 0.9718
3356     3356   (0)     33  : 0.0230 0.0060 0.0096 0.0050 0.9564
3357     3357   (0)     33  : 0.0080 0.0230 0.0070 0.0050 0.9570
3358     3358   (0)     33  : 0.0030 0.0040 0.0030 0.0040 0.9860
3359     3359   (0)     33  : 0.0032 0.0240 0.0080 0.0070 0.9578
3360     3360   (0)     33  : 0.0040 0.0046 0.0042 0.0050 0.9822
3361     3361   (0)     33  : 0.0078 0.0110 0.0140 0.0030 0.9642
3362     3362   (0)     33  : 0.0030 0.0020 0.0060 0.0040 0.9850
3363     3363   (0)     33  : 0.0022 0.0030 0.0030 0.0030 0.9888
3364     3364   (0)     33  : 0.0030 0.0060 0.0040 0.0030 0.9840
3365     3365   (0)     33  : 0.0120 0.0628 0.0060 0.0060 0.9132
3366     3366   (0)     33  : 0.0070 0.0120 0.0230 0.0040 0.9540
3367     3367   (0)     33  : 0.0030 0.0130 0.0040 0.0040 0.9760
3368     3368   (0)     33  : 0.0030 0.0020 0.0170 0.0120 0.9660
3369     3369   (0)     33  : 0.0020 0.0056 0.0034 0.0040 0.9850
3370     3370   (0)     33  : 0.0030 0.0030 0.0050 0.0060 0.9830
3371     3371   (0)     33  : 0.0070 0.0074 0.0651 0.0232 0.8973
3372     3372   (0)     33  : 0.0030 0.0060 0.0070 0.0080 0.9760
3373     3373   (0)     33  : 0.0020 0.0060 0.0040 0.0050 0.9830
3374     3374   (0)     33  : 0.0060 0.0110 0.0040 0.0060 0.9730
3375     3375   (0)     33  : 0.0040 0.0040 0.0054 0.0040 0.9826
3376     3376   (0)     33  : 0.0030 0.0170 0.0480 0.0360 0.8959
3377     3377   (0)     33  : 0.0030 0.0050 0.0040 0.0242 0.9638
3378     3378   (0)     33  : 0.0030 0.0050 0.0050 0.0160 0.9710
3379     3379   (0)     33  : 0.0040 0.0040 0.0092 0.0050 0.9778
3380     3380   (0)     33  : 0.0040 0.0120 0.0140 0.0080 0.9620
3381     3381   (0)     33  : 0.0050 0.0040 0.0226 0.0236 0.9448
3382     3382   (0)     33  : 0.0020 0.0060 0.0050 0.0030 0.9840
3383     3383   (0)     33  : 0.0020 0.0060 0.0060 0.0048 0.9812
3384     3384   (0)     33  : 0.0030 0.0354 0.0040 0.0030 0.9546
3385     3385   (0)     33  : 0.0030 0.0070 0.0228 0.0090 0.9582
3386     3386   (0)     33  : 0.0030 0.0040 0.0030 0.0040 0.9860
3387     3387   (0)     33  : 0.0030 0.0060 0.0050 0.0030 0.9830
3388     3388   (0)     33  : 0.0030 0.0300 0.0080 0.0110 0.9480
3389     3389   (0)     33  : 0.0040 0.0080 0.0060 0.0090 0.9730
3390     3390   (0)     33  : 0.0040 0.0102 0.0052 0.0350 0.9456
3391     3391   (0)     33  : 0.0022 0.0040 0.0050 0.0070 0.9818
3392     3392   (0)     33  : 0.0030 0.0587 0.0040 0.0030 0.9313
3393     3393   (0)     33  : 0.0040 0.0040 0.0120 0.0288 0.9512
3394     3394   (0)     33  : 0.0020 0.0050 0.0040 0.0050 0.9840
3395     3395   (0)     33  : 0.0040 0.0060 0.0080 0.0050 0.9770
3396     3396   (0)     33  : 0.0040 0.0040 0.0050 0.0030 0.9840
3397     3397   (0)     33  : 0.0030 0.0523 0.0080 0.0060 0.9307
3398     3398   (0)     33  : 0.0020 0.0030 0.0100 0.0030 0.9820
3399     3399   (0)     33  : 0.0030 0.0072 0.0110 0.0070 0.9718
3400     3400   (0)     33  : 0.0060 0.0242 0.0180 0.0090 0.9428
3401     3401   (0)     33  : 0.0040 0.0080 0.0060 0.0030 0.9790
3402     3402   (0)     33  : 0.0030 0.0110 0.0060 0.0020 0.9780
3403     3403   (0)     33  : 0.0030 0.0030 0.0030 0.0050 0.9860
3404     3404   (0)     33  : 0.0040 0.0080 0.0210 0.0050 0.9620
3405     3405   (0)     33  : 0.0020 0.0030 0.0048 0.0030 0.9872
3406     3406   (0)     33  : 0.0030 0.0030 0.0050 0.0040 0.9850
3407     3407   (0)     33  : 0.0030 0.0036 0.0100 0.0040 0.9794
3408     3408   (0)     33  : 0.0030 0.0080 0.0050 0.0040 0.9800
3409     3409   (0)     33  : 0.0040 0.0030 0.0050 0.0040 0.9840
3410     3410   (0)     33  : 0.0030 0.0060 0.0080 0.0070 0.9760
3411     3411   (0)     33  : 0.0050 0.0070 0.0080 0.0040 0.9760
3412     3412   (0)     33  : 0.0050 0.0020 0.0040 0.0030 0.9860
3413     3413   (0)     33  : 0.0020 0.0170 0.0050 0.0050 0.9710
3414     3414   (0)     33  : 0.0030 0.0050 0.0060 0.0066 0.9794
3415     3415   (0)     33  : 0.0020 0.0040 0.0058 0.0040 0.9842
3416     3416   (0)     33  : 0.0030 0.0060 0.0090 0.0060 0.9760
3417     3417   (0)     33  : 0.0020 0.0070 0.0112 0.0292 0.9506
3418     3418   (0)     33  : 0.0030 0.0040 0.0040 0.0030 0.9860
3419     3419   (0)     33  : 0.0070 0.0054 0.0070 0.0060 0.9746
3420     3420   (0)     33  : 0.0030 0.0100 0.0060 0.0030 0.9780
3421     3421   (0)     33  : 0.0030 0.0030 0.0070 0.0050 0.9820
3422     3422   (0)     33  : 0.0030 0.0040 0.0050 0.0090 0.9790
3423     3423   (0)     33  : 0.0030 0.0060 0.0102 0.0080 0.9728
3424     3424   (0)     33  : 0.0040 0.0130 0.0070 0.0070 0.9690
3425     3425   (0)     33  : 0.0070 0.0080 0.0140 0.0030 0.9680
3426     3426   (0)     33  : 0.0040 0.0070 0.0060 0.0100 0.9730
3427     3427   (0)     33  : 0.0040 0.0060 0.0070 0.0050 0.9780
3428     3428   (0)     33  : 0.0020 0.0040 0.0030 0.0020 0.9890
3429     3429   (0)     33  : 0.0030 0.0040 0.0060 0.0040 0.9830
3430     3430   (0)     33  : 0.0020 0.0310 0.0040 0.0030 0.9600
3431     3431   (0)     33  : 0.0030 0.0424 0.0130 0.0070 0.9346
3432     3432   (0)     33  : 0.0030 0.0050 0.0050 0.0054 0.9816
3433     3433   (0)     33  : 0.0030 0.0110 0.0130 0.0082 0.9648
3434     3434   (0)     33  : 0.0030 0.0040 0.0050 0.0026 0.9854
3435     3435   (0)     33  : 0.0040 0.0040 0.0130 0.0040 0.9750
3436     3436   (0)     33  : 0.0050 0.0360 0.0060 0.0070 0.9460
3437     3437   (0)     33  : 0.0040 0.0060 0.0070 0.0040 0.9790
3438     3438   (0)     33  : 0.0050 0.0050 0.0056 0.0102 0.9742
3439     3439   (0)     33  : 0.0020 0.0030 0.0040 0.0036 0.9874
3440     3440   (0)     33  : 0.0040 0.0060 0.0060 0.0040 0.9800
3441     3441   (0)     33  : 0.0040 0.0070 0.0040 0.0040 0.9810
3442     3442   (0)     33  : 0.0030 0.0050 0.0060 0.0060 0.9800
3443     3443   (0)     33  : 0.0030 0.0090 0.0070 0.0050 0.9760
3444     3444   (0)     33  : 0.0030 0.0030 0.0050 0.0030 0.9860
3445     3445   (0)     33  : 0.0040 0.0070 0.0120 0.0070 0.9700
3446     3446   (0)     33  : 0.0020 0.0040 0.0040 0.0040 0.9860
3447     3447   (0)     33  : 0.0030 0.0140 0.0040 0.0020 0.9770
3448     3448   (0)     33  : 0.0020 0.0040 0.0030 0.0030 0.9880
3449     3449   (0)     33  : 0.0030 0.0090 0.0030 0.0030 0.9820
3450     3450   (0)     33  : 0.0040 0.0050 0.0090 0.0120 0.9700
3451     3451   (0)     33  : 0.0030 0.0060 0.0050 0.0080 0.9780
3452     3452   (0)     33  : 0.0020 0.0030 0.0040 0.0030 0.9880
3453     3453   (0)     33  : 0.0030 0.0060 0.0100 0.0040 0.9770
3454     3454   (0)     33  : 0.0040 0.0250 0.0078 0.0050 0.9582
3455     3455   (0)     33  : 0.0030 0.0310 0.0050 0.0040 0.9570
3456     3456   (0)     33  : 0.0030 0.0062 0.0138 0.0100 0.9670
3457     3457   (0)     33  : 0.0040 0.0110 0.0064 0.0050 0.9736
3458     3458   (0)     33  : 0.0020 0.0050 0.0040 0.0030 0.9860
3459     3459   (0)     33  : 0.0020 0.0050 0.0050 0.0030 0.9850
3460     3460   (0)     33  : 0.0030 0.0030 0.0130 0.0190 0.9620
3461     3461   (0)     33  : 0.0030 0.0090 0.0090 0.0060 0.9730
3462     3462   (0)     33  : 0.0030 0.0040 0.0080 0.0100 0.9750
3463     3463   (0)     33  : 0.0020 0.0040 0.0030 0.0050 0.9860
3464     3464   (0)     33  : 0.0060 0.0070 0.0070 0.0058 0.9742
3465     3465   (0)     33  : 0.0030 0.0050 0.0140 0.0050 0.9730
3466     3466   (0)     33  : 0.0040 0.0030 0.0124 0.0050 0.9756
3467     3467   (0)     33  : 0.0040 0.0110 0.0030 0.0080 0.9740
3468     3468   (0)     33  : 0.0020 0.0060 0.0080 0.0048 0.9792
3469     3469   (0)     33  : 0.0020 0.0062 0.0040 0.0030 0.9848
3470     3470   (0)     33  : 0.0030 0.0030 0.0080 0.0080 0.9780
3471     3471   (0)     33  : 0.0030 0.0130 0.0040 0.0110 0.9690
3472     3472   (0)     33  : 0.0040 0.0070 0.0060 0.0100 0.9730
3473     3473   (0)     33  : 0.0030 0.0060 0.0030 0.0040 0.9840
3474     3474   (0)     33  : 0.0050 0.0210 0.0070 0.0060 0.9610
3475     3475   (0)     33  : 0.0030 0.0100 0.0030 0.0030 0.9810
3476     3476   (0)     33  : 0.0030 0.0190 0.0070 0.0040 0.9670
3477     3477   (0)     33  : 0.0030 0.0068 0.0070 0.0124 0.9708
3478     3478   (0)     33  : 0.0050 0.0050 0.0142 0.0060 0.9698
3479     3479   (0)     33  : 0.0030 0.0040 0.0040 0.0040 0.9850
3480     3480   (0)     33  : 0.0040 0.0030 0.0080 0.0070 0.9780
3481     3481   (0)     33  : 0.0020 0.0030 0.0060 0.0068 0.9822
3482     3482   (0)     33  : 0.0030 0.0140 0.0214 0.0060 0.9556
3483     3483   (0)     33  : 0.0030 0.0064 0.0060 0.0060 0.9786
3484     3484   (0)     33  : 0.0050 0.0150 0.0296 0.0182 0.9322
3485     3485   (0)     33  : 0.0040 0.0030 0.0070 0.0080 0.9780
3486     3486   (0)     33  : 0.0040 0.0030 0.0102 0.0110 0.9718
3487     3487   (0)     33  : 0.0020 0.0050 0.0030 0.0030 0.9870
3488     3488   (0)     33  : 0.0030 0.0050 0.0040 0.0040 0.9840
3489     3489   (0)     33  : 0.0030 0.0070 0.0220 0.0110 0.9570
3490     3490   (0)     33  : 0.0030 0.0090 0.0090 0.0050 0.9740
3491     3491   (0)     33  : 0.0030 0.0100 0.0138 0.0110 0.9622
3492     3492   (0)     33  : 0.0020 0.0180 0.0030 0.0050 0.9720
3493     3493   (0)     33  : 0.0030 0.0030 0.0030 0.0060 0.9850
3494     3494   (0)     33  : 0.0030 0.0040 0.0060 0.0030 0.9840
3495     3495   (0)     33  : 0.0060 0.0040 0.0070 0.0124 0.9706
3496     3496   (0)     33  : 0.0060 0.0060 0.0098 0.0138 0.9644
3497     3497   (0)     33  : 0.0050 0.0130 0.0120 0.0030 0.9670
3498     3498   (0)     33  : 0.0050 0.0200 0.0218 0.0050 0.9482
3499     3499   (0)     33  : 0.0030 0.0040 0.0146 0.0040 0.9744
3500     3500   (0)     33  : 0.0030 0.0100 0.0050 0.0060 0.9760
3501     3501   (0)     33  : 0.0060 0.0040 0.0100 0.0138 0.9662
3502     3502   (0)     33  : 0.0030 0.0040 0.0050 0.0246 0.9634
3503     3503   (0)     33  : 0.0060 0.0070 0.0060 0.0230 0.9580
3504     3504   (0)     33  : 0.0050 0.0040 0.0140 0.0070 0.9700
3505     3505   (0)     33  : 0.0030 0.0040 0.0080 0.0060 0.9790
3506     3506   (0)     33  : 0.0040 0.0080 0.0080 0.0040 0.9760
3507     3507   (0)     33  : 0.0020 0.0050 0.0040 0.0060 0.9830
3508     3508   (0)     33  : 0.0070 0.0120 0.0142 0.0070 0.9598
3509     3509   (0)     33  : 0.0040 0.0230 0.0058 0.0040 0.9632
3510     3510   (0)     33  : 0.0020 0.0030 0.0040 0.0020 0.9890
3511     3511   (0)     33  : 0.0020 0.0040 0.0040 0.0080 0.9820
3512     3512   (0)     33  : 0.0030 0.0070 0.0040 0.0030 0.9830
3513     3513   (0)     33  : 0.0030 0.0020 0.0050 0.0040 0.9860
3514     3514   (0)     33  : 0.0020 0.0030 0.0040 0.0040 0.9870
3515     3515   (0)     33  : 0.0030 0.0030 0.0034 0.0040 0.9866
3516     3516   (0)     33  : 0.0030 0.0040 0.0040 0.0050 0.9840
3517     3517   (0)     33  : 0.0140 0.0120 0.0220 0.0100 0.9420
3518     3518   (0)     33  : 0.0030 0.0050 0.0090 0.0040 0.9790
3519     3519   (0)     33  : 0.0030 0.0070 0.0060 0.0070 0.9770
3520     3520   (0)     33  : 0.0020 0.0240 0.0050 0.0070 0.9620
3521     3521   (0)     33  : 0.0020 0.0050 0.0030 0.0020 0.9880
3522     3522   (0)     33  : 0.0020 0.0070 0.0060 0.0040 0.9810
3523     3523   (0)     33  : 0.0030 0.0040 0.0060 0.0020 0.9850
3524     3524   (0)     33  : 0.0040 0.0070 0.0050 0.0270 0.9570
3525     3525   (0)     33  : 0.0030 0.0050 0.0050 0.0048 0.9822
3526     3526   (0)     33  : 0.0030 0.0060 0.0080 0.0060 0.9770
3527     3527   (0)     33  : 0.0030 0.0402 0.0100 0.0110 0.9359
3528     3528   (0)     33  : 0.0050 0.0030 0.0040 0.0040 0.9840
3529     3529   (0)     33  : 0.0020 0.0050 0.0030 0.0030 0.9870
3530     3530   (0)     33  : 0.0050 0.0020 0.0100 0.0140 0.9690
3531     3531   (0)     33  : 0.0040 0.0030 0.0070 0.0030 0.9830
3532     3532   (0)     33  : 0.0060 0.0166 0.0110 0.0034 0.9630
3533     3533   (0)     33  : 0.0020 0.0060 0.0040 0.0040 0.9840
3534     3534   (0)     33  : 0.0030 0.0030 0.0060 0.0048 0.9832
3535     3535   (0)     33  : 0.0030 0.0080 0.0130 0.0080 0.9680
3536     3536   (0)     33  : 0.0046 0.0040 0.0060 0.0030 0.9824
3537     3537   (0)     33  : 0.0030 0.0070 0.0060 0.0040 0.9800
3538     3538   (0)     33  : 0.0020 0.0603 0.0050 0.0030 0.9297
3539     3539   (0)     33  : 0.0020 0.0032 0.0040 0.0030 0.9878
3540     3540   (0)     33  : 0.0030 0.0030 0.0060 0.0020 0.9860
3541     3541   (0)     33  : 0.0020 0.0050 0.0070 0.0020 0.9840
3542     3542   (0)     33  : 0.0040 0.0060 0.0080 0.0032 0.9788
3543     3543   (0)     33  : 0.0048 0.0130 0.0198 0.0416 0.9208
3544     3544   (0)     33  : 0.0030 0.0030 0.0060 0.0050 0.9830
3545     3545   (0)     33  : 0.0030 0.0040 0.0050 0.0030 0.9850
3546     3546   (0)     33  : 0.0030 0.0040 0.0050 0.0040 0.9840
3547     3547   (0)     33  : 0.0040 0.0030 0.0050 0.0030 0.9850
3548     3548   (0)     33  : 0.0030 0.0060 0.0040 0.0040 0.9830
3549     3549   (0)     33  : 0.0050 0.0040 0.0080 0.0040 0.9790
3550     3550   (0)     33  : 0.0030 0.0070 0.0050 0.0090 0.9760
3551     3551   (0)     33  : 0.0020 0.0020 0.0040 0.0040 0.9880
3552     3552   (0)     33  : 0.0040 0.0030 0.0040 0.0030 0.9860
3553     3553   (0)     33  : 0.0030 0.0032 0.0040 0.0070 0.9828
3554     3554   (0)     33  : 0.0030 0.0078 0.0200 0.0040 0.9652
3555     3555   (0)     33  : 0.0020 0.0020 0.0040 0.0030 0.9890
3556     3556   (0)     33  : 0.0020 0.0080 0.0040 0.0038 0.9822
3557     3557   (0)     33  : 0.0030 0.0040 0.0060 0.0100 0.9770
3558     3558   (0)     33  : 0.0030 0.0030 0.0040 0.0050 0.9850
3559     3559   (0)     33  : 0.0040 0.0116 0.0080 0.0050 0.9714
3560     3560   (0)     33  : 0.0080 0.0182 0.0110 0.0030 0.9598
3561     3561   (0)     33  : 0.0030 0.0020 0.0038 0.0076 0.9836
3562     3562   (0)     33  : 0.0040 0.0130 0.0040 0.0040 0.9750
3563     3563   (0)     33  : 0.0040 0.0080 0.0090 0.0060 0.9730
3564     3564   (0)     33  : 0.0030 0.0060 0.0040 0.0050 0.9820
3565     3565   (0)     33  : 0.0030 0.0100 0.0054 0.0030 0.9786
3566     3566   (0)     33  : 0.0022 0.0040 0.0050 0.0030 0.9858
3567     3567   (0)     33  : 0.0060 0.0030 0.0082 0.0060 0.9768
3568     3568   (0)     33  : 0.0030 0.0060 0.0080 0.0030 0.9800
3569     3569   (0)     33  : 0.0030 0.0040 0.0090 0.0040 0.9800
3570     3570   (0)     33  : 0.0040 0.0066 0.0100 0.0050 0.9744
3571     3571   (0)     33  : 0.0030 0.0070 0.0080 0.0070 0.9750
3572     3572   (0)     33  : 0.0030 0.0098 0.0040 0.0030 0.9802
3573     3573   (0)     33  : 0.0030 0.0040 0.0040 0.0080 0.9810
3574     3574   (0)     33  : 0.0020 0.0080 0.0040 0.0030 0.9830
3575     3575   (0)     33  : 0.0040 0.0040 0.0050 0.0060 0.9810
3576     3576   (0)     33  : 0.0030 0.0806 0.0090 0.0040 0.9034
3577     3577   (0)     33  : 0.0020 0.0030 0.0040 0.0030 0.9880
3578     3578   (0)     33  : 0.0040 0.0070 0.0040 0.0040 0.9810
3579     3579   (0)     33  : 0.0030 0.0040 0.0040 0.0050 0.9840
3580     3580   (0)     33  : 0.0020 0.0058 0.0072 0.0060 0.9790
3581     3581   (0)     33  : 0.0038 0.0050 0.0072 0.0050 0.9790
3582     3582   (0)     33  : 0.0050 0.0090 0.0050 0.0060 0.9750
3583     3583   (0)     33  : 0.0030 0.0050 0.0060 0.0040 0.9820
3584     3584   (0)     33  : 0.0030 0.0050 0.0072 0.0030 0.9818
3585     3585   (0)     33  : 0.0030 0.0140 0.0070 0.0020 0.9740
3586     3586   (0)     33  : 0.0030 0.0030 0.0060 0.0070 0.9810
3587     3587   (0)     33  : 0.0020 0.0046 0.0040 0.0028 0.9866
3588     3588   (0)     33  : 0.0020 0.0040 0.0050 0.0070 0.9820
3589     3589   (0)     33  : 0.0040 0.0040 0.0120 0.0040 0.9760
3590     3590   (0)     33  : 0.0040 0.0040 0.0080 0.0060 0.9780
3591     3591   (0)     33  : 0.0040 0.0050 0.0040 0.0030 0.9840
3592     3592   (0)     33  : 0.0030 0.0030 0.0040 0.0070 0.9830
