1        1   (5)      1  : 0.9700 0.0130 0.0050 0.0120
2        2   (5)      1  : 0.9850 0.0040 0.0060 0.0050
3        3   (5)      1  : 0.9840 0.0050 0.0050 0.0060
4        4   (0)      1  : 0.9880 0.0070 0.0020 0.0030
5        5   (0)      1  : 0.8749 0.0150 0.0390 0.0711
6        6   (0)      1  : 0.9830 0.0090 0.0020 0.0060
7        7   (0)      1  : 0.9500 0.0020 0.0420 0.0060
8        8   (5)      1  : 0.9910 0.0040 0.0030 0.0020
9        9   (0)      1  : 0.9930 0.0030 0.0020 0.0020
10       10   (0)      1  : 0.9690 0.0030 0.0230 0.0050
11       11   (0)      1  : 0.9910 0.0020 0.0050 0.0020
12       12   (0)      1  : 0.9880 0.0030 0.0040 0.0050
13       13   (0)      1  : 0.9960 0.0010 0.0020 0.0010
14       14   (0)      1  : 0.9850 0.0090 0.0040 0.0020
15       15   (0)      1  : 0.9780 0.0050 0.0140 0.0030
16       16   (0)      1  : 0.9860 0.0100 0.0020 0.0020
17       17   (0)      1  : 0.9950 0.0010 0.0020 0.0020
18       18   (0)      1  : 0.9760 0.0030 0.0060 0.0150
19       19   (0)      1  : 0.9900 0.0030 0.0020 0.0050
20       20   (0)      1  : 0.9620 0.0070 0.0180 0.0130
21       21   (0)      1  : 0.9940 0.0040 0.0010 0.0010
22       22   (0)      1  : 0.9720 0.0220 0.0020 0.0040
23       23   (0)      1  : 0.9820 0.0090 0.0020 0.0070
24       24   (0)      1  : 0.9800 0.0140 0.0020 0.0040
25       25   (0)      1  : 0.9910 0.0030 0.0040 0.0020
26       26   (0)      1  : 0.9930 0.0030 0.0020 0.0020
27       27   (5)      1  : 0.8810 0.0030 0.0290 0.0870
28       28   (0)      1  : 0.9520 0.0120 0.0250 0.0110
29       29   (0)      1  : 0.9850 0.0080 0.0030 0.0040
30       30   (0)      1  : 0.9710 0.0070 0.0090 0.0130
31       31   (0)      1  : 0.9830 0.0040 0.0030 0.0100
32       32   (0)      1  : 0.9780 0.0050 0.0110 0.0060
33       33   (0)      1  : 0.9910 0.0020 0.0030 0.0040
34       34   (0)      1  : 0.9830 0.0090 0.0020 0.0060
35       35   (0)      1  : 0.9140 0.0030 0.0090 0.0740
36       36   (0)      1  : 0.9870 0.0020 0.0090 0.0020
37       37   (0)      1  : 0.9870 0.0030 0.0060 0.0040
38       38   (0)      1  : 0.9930 0.0020 0.0030 0.0020
39       39   (0)      1  : 0.9930 0.0020 0.0030 0.0020
40       40   (0)      1  : 0.9830 0.0060 0.0030 0.0080
41       41   (0)      1  : 0.9860 0.0040 0.0050 0.0050
42       42   (0)      1  : 0.9910 0.0050 0.0020 0.0020
43       43   (0)      1  : 0.9840 0.0050 0.0080 0.0030
44       44   (0)      1  : 0.9940 0.0020 0.0020 0.0020
45       45   (5)      1  : 0.9830 0.0030 0.0110 0.0030
46       46   (0)      1  : 0.9690 0.0190 0.0030 0.0090
47       47   (0)      1  : 0.9580 0.0220 0.0130 0.0070
48       48   (0)      1  : 0.9700 0.0200 0.0040 0.0060
49       49   (0)      1  : 0.9920 0.0020 0.0040 0.0020
50       50   (0)      1  : 0.9860 0.0060 0.0040 0.0040
51       51   (0)      1  : 0.9940 0.0020 0.0020 0.0020
52       52   (0)      1  : 0.9880 0.0040 0.0030 0.0050
53       53   (0)      1  : 0.9570 0.0270 0.0040 0.0120
54       54   (0)      1  : 0.9680 0.0060 0.0210 0.0050
55       55   (0)      1  : 0.9900 0.0030 0.0040 0.0030
56       56   (0)      1  : 0.9890 0.0050 0.0030 0.0030
57       57  (10)      1  : 0.9910 0.0030 0.0040 0.0020
58       58   (5)      1  : 0.9860 0.0060 0.0050 0.0030
59       59   (0)      1  : 0.9830 0.0110 0.0030 0.0030
60       60   (0)      1  : 0.9920 0.0020 0.0040 0.0020
61       61   (0)      1  : 0.9890 0.0030 0.0040 0.0040
62       62   (0)      1  : 0.9810 0.0040 0.0100 0.0050
63       63   (0)      1  : 0.9880 0.0020 0.0060 0.0040
64       64   (0)      1  : 0.9870 0.0030 0.0040 0.0060
65       65   (0)      1  : 0.9750 0.0020 0.0180 0.0050
66       66   (0)      1  : 0.9790 0.0070 0.0050 0.0090
67       67   (5)      1  : 0.9630 0.0310 0.0030 0.0030
68       68   (0)      1  : 0.9080 0.0650 0.0190 0.0080
69       69   (0)      1  : 0.9860 0.0010 0.0110 0.0020
70       70   (0)      1  : 0.9860 0.0070 0.0050 0.0020
71       71   (5)      1  : 0.9770 0.0050 0.0070 0.0110
72       72   (0)      1  : 0.9940 0.0020 0.0020 0.0020
73       73   (5)      1  : 0.9430 0.0040 0.0040 0.0490
74       74  (10)      1  : 0.9870 0.0050 0.0050 0.0030
75       75  (10)      1  : 0.9900 0.0030 0.0020 0.0050
76       76   (0)      1  : 0.6520 0.3440 0.0020 0.0020
77       77  (10)      1  : 0.8930 0.1020 0.0020 0.0030
78       78   (0)      1  : 0.8490 0.1370 0.0050 0.0090
79       79   (5)      1  : 0.9660 0.0110 0.0110 0.0120
80       80   (0)      1  : 0.9920 0.0040 0.0020 0.0020
81       81   (0)      1  : 0.9940 0.0020 0.0020 0.0020
82       82   (0)      1  : 0.9950 0.0010 0.0020 0.0020
83       83   (0)      1  : 0.9710 0.0240 0.0030 0.0020
84       84   (0)      1  : 0.9910 0.0020 0.0030 0.0040
85       85   (0)      1  : 0.9940 0.0020 0.0020 0.0020
86       86   (5)      1  : 0.9930 0.0020 0.0020 0.0030
87       87   (0)      1  : 0.9870 0.0040 0.0060 0.0030
88       88   (0)      1  : 0.8312 0.1369 0.0070 0.0250
89       89   (0)      1  : 0.9880 0.0070 0.0030 0.0020
90       90   (0)      1  : 0.9630 0.0150 0.0190 0.0030
91       91   (0)      1  : 0.9870 0.0050 0.0030 0.0050
92       92   (0)      1  : 0.9690 0.0040 0.0210 0.0060
93       93   (0)      1  : 0.9940 0.0030 0.0020 0.0010
94       94   (5)      1  : 0.9710 0.0190 0.0030 0.0070
95       95   (0)      1  : 0.9860 0.0100 0.0020 0.0020
96       96   (5)      1  : 0.9930 0.0020 0.0030 0.0020
97       97   (0)      1  : 0.9660 0.0220 0.0100 0.0020
98       98   (0)      1  : 0.9890 0.0020 0.0030 0.0060
99       99   (5)      1  : 0.9940 0.0020 0.0020 0.0020
100      100   (5)      1  : 0.9920 0.0030 0.0030 0.0020
101      101   (0)      2  : 0.9820 0.0050 0.0100 0.0030
102      102   (0)      2  : 0.9790 0.0040 0.0090 0.0080
103      103   (0)      2  : 0.9880 0.0030 0.0050 0.0040
104      104   (0)      2  : 0.9910 0.0030 0.0040 0.0020
105      105   (0)      2  : 0.8691 0.1059 0.0090 0.0160
106      106   (0)      2  : 0.8560 0.0080 0.0650 0.0710
107      107   (0)      2  : 0.9930 0.0020 0.0030 0.0020
108      108   (0)      2  : 0.9870 0.0070 0.0030 0.0030
109      109   (0)      2  : 0.9900 0.0050 0.0030 0.0020
110      110   (0)      2  : 0.9730 0.0050 0.0080 0.0140
111      111   (0)      2  : 0.9750 0.0160 0.0040 0.0050
112      112   (0)      2  : 0.9890 0.0040 0.0030 0.0040
113      113   (0)      2  : 0.9940 0.0020 0.0020 0.0020
114      114   (0)      2  : 0.9860 0.0060 0.0030 0.0050
115      115   (0)      2  : 0.9850 0.0050 0.0060 0.0040
116      116   (0)      2  : 0.9940 0.0020 0.0020 0.0020
117      117   (0)      2  : 0.9900 0.0030 0.0040 0.0030
118      118   (0)      2  : 0.9231 0.0669 0.0020 0.0080
119      119   (0)      2  : 0.9920 0.0030 0.0030 0.0020
120      120   (0)      2  : 0.9940 0.0020 0.0020 0.0020
121      121   (0)      2  : 0.9890 0.0050 0.0030 0.0030
122      122   (0)      2  : 0.9830 0.0090 0.0040 0.0040
123      123   (0)      2  : 0.9850 0.0070 0.0050 0.0030
124      124   (0)      2  : 0.9860 0.0040 0.0030 0.0070
125      125   (0)      2  : 0.9890 0.0050 0.0040 0.0020
126      126   (0)      2  : 0.9920 0.0030 0.0030 0.0020
127      127   (0)      2  : 0.9860 0.0020 0.0070 0.0050
128      128   (0)      2  : 0.9710 0.0020 0.0050 0.0220
129      129   (0)      2  : 0.9950 0.0010 0.0020 0.0020
130      130   (0)      2  : 0.9880 0.0050 0.0020 0.0050
131      131   (0)      2  : 0.9760 0.0060 0.0160 0.0020
132      132   (0)      2  : 0.9890 0.0020 0.0020 0.0070
133      133   (0)      2  : 0.9850 0.0060 0.0070 0.0020
134      134   (0)      2  : 0.9800 0.0120 0.0040 0.0040
135      135   (0)      2  : 0.9700 0.0130 0.0060 0.0110
136      136   (0)      2  : 0.9900 0.0030 0.0030 0.0040
137      137   (0)      2  : 0.9960 0.0010 0.0020 0.0010
138      138   (0)      2  : 0.9940 0.0020 0.0020 0.0020
139      139   (0)      2  : 0.9880 0.0070 0.0020 0.0030
140      140   (0)      2  : 0.9910 0.0050 0.0020 0.0020
141      141   (0)      2  : 0.9880 0.0040 0.0050 0.0030
142      142   (0)      2  : 0.9920 0.0030 0.0020 0.0030
143      143   (0)      2  : 0.9560 0.0220 0.0050 0.0170
144      144   (0)      2  : 0.9940 0.0030 0.0020 0.0010
145      145   (0)      2  : 0.9940 0.0030 0.0020 0.0010
146      146   (0)      2  : 0.9890 0.0070 0.0020 0.0020
147      147   (0)      2  : 0.9890 0.0030 0.0040 0.0040
148      148   (0)      2  : 0.9850 0.0090 0.0020 0.0040
149      149   (0)      2  : 0.9920 0.0020 0.0040 0.0020
150      150   (0)      2  : 0.9810 0.0050 0.0090 0.0050
151      151   (0)      2  : 0.9870 0.0040 0.0030 0.0060
152      152   (0)      2  : 0.9120 0.0150 0.0240 0.0490
153      153   (0)      2  : 0.9960 0.0020 0.0010 0.0010
154      154   (0)      2  : 0.9760 0.0070 0.0100 0.0070
155      155   (0)      2  : 0.9910 0.0050 0.0020 0.0020
156      156   (0)      2  : 0.9870 0.0040 0.0030 0.0060
157      157   (0)      2  : 0.9860 0.0040 0.0030 0.0070
158      158   (0)      2  : 0.9910 0.0050 0.0020 0.0020
159      159   (0)      2  : 0.9190 0.0600 0.0060 0.0150
160      160   (0)      2  : 0.9920 0.0030 0.0030 0.0020
161      161   (0)      2  : 0.9760 0.0030 0.0160 0.0050
162      162   (0)      2  : 0.9820 0.0110 0.0030 0.0040
163      163   (0)      2  : 0.9770 0.0050 0.0030 0.0150
164      164   (0)      2  : 0.9750 0.0010 0.0120 0.0120
165      165   (0)      2  : 0.9730 0.0020 0.0220 0.0030
166      166   (0)      2  : 0.9430 0.0410 0.0090 0.0070
167      167   (0)      2  : 0.9770 0.0100 0.0070 0.0060
168      168   (0)      2  : 0.9930 0.0030 0.0020 0.0020
169      169   (0)      2  : 0.9910 0.0020 0.0050 0.0020
170      170   (0)      2  : 0.9770 0.0070 0.0030 0.0130
171      171   (0)      2  : 0.9850 0.0040 0.0070 0.0040
172      172   (0)      2  : 0.9900 0.0020 0.0030 0.0050
173      173   (0)      2  : 0.9910 0.0030 0.0030 0.0030
174      174   (0)      2  : 0.9970 0.0010 0.0010 0.0010
175      175   (0)      2  : 0.9910 0.0020 0.0050 0.0020
176      176   (0)      2  : 0.9810 0.0070 0.0080 0.0040
177      177   (0)      2  : 0.9840 0.0050 0.0070 0.0040
178      178   (0)      2  : 0.9950 0.0020 0.0020 0.0010
179      179   (0)      2  : 0.9920 0.0030 0.0030 0.0020
180      180   (0)      2  : 0.9940 0.0020 0.0020 0.0020
181      181   (0)      2  : 0.9820 0.0040 0.0070 0.0070
182      182   (0)      2  : 0.9920 0.0030 0.0020 0.0030
183      183   (0)      2  : 0.9790 0.0060 0.0040 0.0110
184      184   (0)      2  : 0.9940 0.0020 0.0020 0.0020
185      185   (0)      2  : 0.9810 0.0120 0.0030 0.0040
186      186   (0)      2  : 0.9670 0.0020 0.0250 0.0060
187      187   (0)      2  : 0.9091 0.0669 0.0080 0.0160
188      188   (0)      2  : 0.9930 0.0030 0.0020 0.0020
189      189   (0)      2  : 0.9920 0.0030 0.0020 0.0030
190      190   (0)      2  : 0.9900 0.0040 0.0030 0.0030
191      191   (0)      2  : 0.9900 0.0020 0.0030 0.0050
192      192   (0)      2  : 0.9750 0.0210 0.0020 0.0020
193      193   (0)      2  : 0.9810 0.0040 0.0030 0.0120
194      194   (0)      2  : 0.9910 0.0040 0.0030 0.0020
195      195   (0)      2  : 0.9850 0.0070 0.0050 0.0030
196      196   (0)      2  : 0.9910 0.0030 0.0030 0.0030
197      197   (0)      2  : 0.9760 0.0190 0.0020 0.0030
198      198   (0)      2  : 0.9940 0.0030 0.0020 0.0010
199      199   (0)      2  : 0.9890 0.0070 0.0020 0.0020
200      200   (0)      2  : 0.8322 0.0100 0.1289 0.0290
201      201   (0)      2  : 0.9920 0.0020 0.0030 0.0030
202      202   (0)      2  : 0.9890 0.0050 0.0030 0.0030
203      203   (0)      2  : 0.9440 0.0470 0.0050 0.0040
204      204   (0)      2  : 0.9910 0.0040 0.0030 0.0020
205      205   (0)      2  : 0.9349 0.0521 0.0080 0.0050
206      206   (0)      2  : 0.9940 0.0020 0.0020 0.0020
207      207   (0)      2  : 0.9930 0.0020 0.0030 0.0020
208      208   (0)      2  : 0.9600 0.0330 0.0040 0.0030
209      209   (0)      2  : 0.9910 0.0030 0.0020 0.0040
210      210   (0)      2  : 0.9910 0.0030 0.0030 0.0030
211      211   (0)      2  : 0.9940 0.0020 0.0030 0.0010
212      212   (0)      2  : 0.9510 0.0040 0.0120 0.0330
213      213   (0)      2  : 0.9300 0.0140 0.0090 0.0470
214      214   (0)      2  : 0.9730 0.0130 0.0070 0.0070
215      215   (0)      2  : 0.9770 0.0090 0.0050 0.0090
216      216   (0)      2  : 0.9880 0.0060 0.0020 0.0040
217      217   (0)      2  : 0.9200 0.0610 0.0120 0.0070
218      218   (0)      2  : 0.9790 0.0140 0.0030 0.0040
219      219   (0)      2  : 0.9920 0.0020 0.0030 0.0030
220      220   (0)      2  : 0.9790 0.0060 0.0060 0.0090
221      221   (0)      2  : 0.9910 0.0020 0.0030 0.0040
222      222   (0)      2  : 0.9890 0.0030 0.0050 0.0030
223      223   (0)      2  : 0.9740 0.0180 0.0030 0.0050
224      224   (0)      2  : 0.9930 0.0020 0.0030 0.0020
225      225   (0)      2  : 0.9170 0.0610 0.0130 0.0090
226      226   (0)      2  : 0.9920 0.0040 0.0020 0.0020
227      227   (0)      2  : 0.9800 0.0070 0.0070 0.0060
228      228   (0)      2  : 0.9820 0.0080 0.0030 0.0070
229      229   (0)      2  : 0.9930 0.0030 0.0030 0.0010
230      230   (0)      2  : 0.9001 0.0909 0.0040 0.0050
231      231   (0)      2  : 0.9790 0.0060 0.0050 0.0100
232      232   (0)      2  : 0.9840 0.0090 0.0050 0.0020
233      233   (0)      2  : 0.9940 0.0030 0.0010 0.0020
234      234   (0)      2  : 0.9870 0.0040 0.0040 0.0050
235      235   (0)      2  : 0.9900 0.0020 0.0060 0.0020
236      236   (0)      2  : 0.9940 0.0030 0.0020 0.0010
237      237   (0)      2  : 0.9870 0.0030 0.0050 0.0050
238      238   (0)      2  : 0.9780 0.0180 0.0020 0.0020
239      239   (0)      2  : 0.9820 0.0040 0.0070 0.0070
240      240   (0)      2  : 0.9840 0.0020 0.0040 0.0100
241      241   (0)      2  : 0.8809 0.1131 0.0030 0.0030
242      242   (0)      2  : 0.9910 0.0030 0.0040 0.0020
243      243   (0)      2  : 0.8849 0.0100 0.0250 0.0801
244      244   (0)      2  : 0.9900 0.0050 0.0020 0.0030
245      245   (0)      2  : 0.9570 0.0100 0.0200 0.0130
246      246   (0)      2  : 0.9790 0.0150 0.0030 0.0030
247      247   (0)      2  : 0.9870 0.0020 0.0060 0.0050
248      248   (0)      2  : 0.9810 0.0100 0.0030 0.0060
249      249   (0)      2  : 0.9880 0.0050 0.0030 0.0040
250      250   (0)      2  : 0.9330 0.0060 0.0540 0.0070
251      251   (0)      2  : 0.9890 0.0060 0.0020 0.0030
252      252   (0)      2  : 0.9830 0.0130 0.0020 0.0020
253      253   (0)      2  : 0.9880 0.0030 0.0070 0.0020
254      254   (0)      2  : 0.9700 0.0070 0.0100 0.0130
255      255   (0)      2  : 0.9880 0.0080 0.0020 0.0020
256      256   (0)      2  : 0.9880 0.0070 0.0020 0.0030
257      257   (0)      2  : 0.9930 0.0020 0.0030 0.0020
258      258   (0)      2  : 0.9850 0.0060 0.0060 0.0030
259      259   (0)      2  : 0.9850 0.0040 0.0090 0.0020
260      260   (0)      2  : 0.9910 0.0050 0.0030 0.0010
261      261   (0)      2  : 0.9850 0.0070 0.0040 0.0040
262      262   (0)      2  : 0.9940 0.0020 0.0020 0.0020
263      263   (0)      2  : 0.9560 0.0300 0.0070 0.0070
264      264   (0)      2  : 0.9920 0.0040 0.0020 0.0020
265      265   (0)      2  : 0.9840 0.0050 0.0040 0.0070
266      266   (0)      2  : 0.9940 0.0020 0.0020 0.0020
267      267   (0)      2  : 0.9790 0.0070 0.0040 0.0100
268      268   (0)      2  : 0.9830 0.0060 0.0030 0.0080
269      269   (0)      2  : 0.9940 0.0030 0.0020 0.0010
270      270   (0)      2  : 0.9580 0.0080 0.0030 0.0310
271      271   (0)      2  : 0.9890 0.0050 0.0040 0.0020
272      272   (0)      2  : 0.9670 0.0010 0.0180 0.0140
273      273   (0)      2  : 0.9930 0.0030 0.0020 0.0020
274      274   (0)      2  : 0.9800 0.0020 0.0120 0.0060
275      275   (0)      2  : 0.9750 0.0160 0.0030 0.0060
276      276   (0)      2  : 0.9970 0.0010 0.0010 0.0010
277      277   (0)      2  : 0.9920 0.0040 0.0020 0.0020
278      278   (0)      2  : 0.9600 0.0210 0.0080 0.0110
279      279   (0)      2  : 0.9880 0.0030 0.0060 0.0030
280      280   (0)      2  : 0.9910 0.0040 0.0030 0.0020
281      281   (0)      2  : 0.9560 0.0030 0.0150 0.0260
282      282   (0)      2  : 0.9310 0.0640 0.0030 0.0020
283      283   (0)      2  : 0.9810 0.0080 0.0040 0.0070
284      284   (0)      2  : 0.9820 0.0070 0.0060 0.0050
285      285   (0)      2  : 0.9940 0.0010 0.0030 0.0020
286      286   (0)      2  : 0.9890 0.0050 0.0040 0.0020
287      287   (0)      2  : 0.9760 0.0120 0.0050 0.0070
288      288   (0)      2  : 0.9940 0.0010 0.0020 0.0030
289      289   (0)      2  : 0.9880 0.0030 0.0020 0.0070
290      290   (0)      2  : 0.9940 0.0030 0.0020 0.0010
291      291   (0)      2  : 0.9900 0.0050 0.0030 0.0020
292      292   (0)      2  : 0.9910 0.0020 0.0050 0.0020
293      293   (0)      2  : 0.9240 0.0540 0.0110 0.0110
294      294   (0)      2  : 0.9930 0.0020 0.0020 0.0030
295      295   (0)      2  : 0.9920 0.0020 0.0030 0.0030
296      296   (0)      2  : 0.9880 0.0030 0.0030 0.0060
297      297   (0)      2  : 0.9910 0.0050 0.0020 0.0020
298      298   (0)      2  : 0.9790 0.0060 0.0040 0.0110
299      299   (0)      2  : 0.9940 0.0020 0.0020 0.0020
300      300   (0)      2  : 0.9940 0.0020 0.0020 0.0020
301      301   (0)      2  : 0.9940 0.0020 0.0030 0.0010
302      302   (0)      2  : 0.9870 0.0080 0.0020 0.0030
303      303   (0)      2  : 0.9930 0.0010 0.0020 0.0040
304      304   (0)      2  : 0.9920 0.0030 0.0030 0.0020
305      305   (0)      2  : 0.9850 0.0060 0.0040 0.0050
306      306   (0)      2  : 0.9840 0.0090 0.0030 0.0040
307      307   (0)      2  : 0.9830 0.0120 0.0020 0.0030
308      308   (0)      2  : 0.9080 0.0460 0.0110 0.0350
309      309   (0)      2  : 0.9890 0.0060 0.0030 0.0020
310      310   (0)      2  : 0.9840 0.0040 0.0060 0.0060
311      311   (0)      2  : 0.9860 0.0040 0.0060 0.0040
312      312   (0)      2  : 0.9750 0.0190 0.0030 0.0030
313      313   (0)      2  : 0.9880 0.0060 0.0040 0.0020
314      314   (0)      2  : 0.9930 0.0030 0.0020 0.0020
315      315   (0)      2  : 0.9960 0.0020 0.0010 0.0010
316      316   (0)      2  : 0.9940 0.0020 0.0020 0.0020
317      317   (0)      2  : 0.9940 0.0020 0.0020 0.0020
318      318   (0)      2  : 0.9960 0.0020 0.0010 0.0010
319      319   (0)      2  : 0.8080 0.1650 0.0090 0.0180
320      320   (0)      2  : 0.9930 0.0030 0.0020 0.0020
321      321   (0)      2  : 0.9930 0.0020 0.0030 0.0020
322      322   (0)      2  : 0.9930 0.0020 0.0020 0.0030
323      323   (0)      2  : 0.9790 0.0030 0.0110 0.0070
324      324   (0)      2  : 0.9520 0.0050 0.0360 0.0070
325      325   (0)      2  : 0.9640 0.0170 0.0060 0.0130
326      326   (0)      2  : 0.9920 0.0030 0.0020 0.0030
327      327   (0)      2  : 0.9920 0.0030 0.0020 0.0030
328      328   (0)      2  : 0.8580 0.0450 0.0550 0.0420
329      329   (0)      2  : 0.9930 0.0020 0.0020 0.0030
330      330   (0)      2  : 0.9910 0.0040 0.0020 0.0030
331      331   (0)      2  : 0.9800 0.0090 0.0050 0.0060
332      332   (0)      2  : 0.9920 0.0030 0.0030 0.0020
333      333   (0)      2  : 0.9480 0.0440 0.0040 0.0040
334      334   (0)      2  : 0.9780 0.0110 0.0050 0.0060
335      335   (0)      2  : 0.9830 0.0080 0.0050 0.0040
336      336   (0)      2  : 0.9920 0.0040 0.0020 0.0020
337      337   (0)      2  : 0.9930 0.0020 0.0030 0.0020
338      338   (0)      2  : 0.9670 0.0020 0.0040 0.0270
339      339   (0)      2  : 0.9870 0.0090 0.0020 0.0020
340      340   (0)      2  : 0.9690 0.0190 0.0050 0.0070
341      341   (0)      2  : 0.9390 0.0060 0.0070 0.0480
342      342   (0)      2  : 0.9870 0.0060 0.0040 0.0030
343      343   (0)      2  : 0.9900 0.0040 0.0020 0.0040
344      344   (0)      2  : 0.9930 0.0030 0.0020 0.0020
345      345   (0)      2  : 0.9940 0.0020 0.0020 0.0020
346      346   (0)      2  : 0.9400 0.0390 0.0060 0.0150
347      347   (0)      2  : 0.8860 0.0530 0.0520 0.0090
348      348   (0)      2  : 0.9870 0.0030 0.0060 0.0040
349      349   (0)      2  : 0.9920 0.0030 0.0030 0.0020
350      350   (0)      2  : 0.9800 0.0140 0.0030 0.0030
351      351   (5)      3  : 0.6567 0.0020 0.3383 0.0030
352      352   (0)      3  : 0.4230 0.0070 0.5560 0.0140
353      353   (0)      3  : 0.7548 0.0240 0.1291 0.0921
354      354   (5)      3  : 0.5395 0.0030 0.2777 0.1798
355      355   (5)      3  : 0.5370 0.0010 0.4550 0.0070
356      356   (0)      3  : 0.5335 0.0100 0.4414 0.0150
357      357   (0)      4  : 0.0160 0.0190 0.9570 0.0080
358      358   (0)      4  : 0.0690 0.0040 0.7710 0.1560
359      359  (10)      5  : 0.0030 0.0040 0.9870 0.0060
360      360   (5)      5  : 0.0070 0.0210 0.9660 0.0060
361      361   (5)      5  : 0.3407 0.0260 0.6284 0.0050
362      362   (5)      5  : 0.0020 0.0030 0.9920 0.0030
363      363  (10)      5  : 0.1050 0.0110 0.8670 0.0170
364      364   (5)      5  : 0.5560 0.0400 0.3680 0.0360
365      365  (10)      5  : 0.0160 0.0150 0.9210 0.0480
366      366   (0)      5  : 0.0420 0.0020 0.9480 0.0080
367      367   (0)      5  : 0.0080 0.0140 0.9690 0.0090
368      368   (0)      5  : 0.0040 0.0020 0.9910 0.0030
369      369   (0)      5  : 0.0060 0.0030 0.9890 0.0020
370      370   (0)      5  : 0.0090 0.0370 0.9471 0.0070
371      371   (0)      5  : 0.0060 0.0010 0.9880 0.0050
372      372   (0)      5  : 0.0580 0.0030 0.8580 0.0810
373      373   (0)      5  : 0.0060 0.0220 0.8899 0.0821
374      374   (0)      5  : 0.0200 0.0100 0.9270 0.0430
375      375   (0)      5  : 0.0310 0.0040 0.9620 0.0030
376      376   (0)      5  : 0.3910 0.0160 0.5840 0.0090
377      377   (0)      5  : 0.0050 0.0020 0.9880 0.0050
378      378   (5)      5  : 0.1540 0.0020 0.8410 0.0030
379      379   (0)      5  : 0.0220 0.0250 0.9271 0.0260
380      380   (0)      5  : 0.0470 0.0470 0.9001 0.0060
381      381   (5)      5  : 0.0740 0.0040 0.9200 0.0020
382      382   (5)      5  : 0.0210 0.0020 0.9740 0.0030
383      383   (0)      5  : 0.1910 0.0330 0.6820 0.0940
384      384   (0)      5  : 0.1678 0.0020 0.8262 0.0040
385      385   (0)      5  : 0.0060 0.0380 0.9449 0.0110
386      386   (0)      5  : 0.0030 0.0030 0.9910 0.0030
387      387   (0)      5  : 0.0030 0.0040 0.9880 0.0050
388      388   (0)      5  : 0.0040 0.0030 0.9850 0.0080
389      389   (0)      5  : 0.0030 0.0010 0.9930 0.0030
390      390   (0)      5  : 0.0080 0.0050 0.9840 0.0030
391      391   (0)      5  : 0.0991 0.0060 0.8869 0.0080
392      392   (0)      5  : 0.0060 0.0110 0.5205 0.4625
393      393   (0)      5  : 0.0370 0.0040 0.9490 0.0100
394      394   (0)      5  : 0.0791 0.0040 0.9109 0.0060
395      395   (0)      5  : 0.2597 0.0250 0.6823 0.0330
396      396   (0)      5  : 0.0040 0.0040 0.9890 0.0030
397      397   (0)      5  : 0.0840 0.0040 0.8950 0.0170
398      398   (0)      5  : 0.0130 0.0040 0.9600 0.0230
399      399   (0)      5  : 0.0020 0.0641 0.9269 0.0070
400      400   (0)      5  : 0.0040 0.0080 0.9760 0.0120
401      401  (10)      6  : 0.0020 0.0020 0.9880 0.0080
402      402   (0)      6  : 0.0070 0.0050 0.6466 0.3413
403      403   (0)      6  : 0.1200 0.0020 0.8760 0.0020
404      404   (0)      6  : 0.0030 0.0030 0.9890 0.0050
405      405   (0)      6  : 0.0030 0.0591 0.8368 0.1011
406      406   (5)      6  : 0.0020 0.0300 0.9109 0.0571
407      407   (0)      6  : 0.0020 0.0020 0.9900 0.0060
408      408   (0)      6  : 0.0020 0.0040 0.9910 0.0030
409      409   (0)      6  : 0.0100 0.0040 0.9800 0.0060
410      410   (0)      6  : 0.0060 0.0190 0.9640 0.0110
411      411   (0)      6  : 0.4216 0.0030 0.5564 0.0190
412      412   (0)      6  : 0.0040 0.0020 0.9890 0.0050
413      413   (0)      6  : 0.0020 0.0020 0.9890 0.0070
414      414   (0)      6  : 0.0020 0.0050 0.9850 0.0080
415      415   (5)      6  : 0.0040 0.0010 0.9930 0.0020
416      416   (0)      6  : 0.0030 0.0020 0.9900 0.0050
417      417   (0)      6  : 0.0070 0.0030 0.9860 0.0040
418      418   (0)      6  : 0.0030 0.0020 0.9920 0.0030
419      419   (0)      6  : 0.0030 0.0040 0.9391 0.0539
420      420   (0)      6  : 0.0020 0.0020 0.9940 0.0020
421      421   (0)      6  : 0.0020 0.0030 0.9890 0.0060
422      422   (5)      6  : 0.0030 0.0030 0.9910 0.0030
423      423   (5)      6  : 0.0250 0.0020 0.9660 0.0070
424      424   (5)      6  : 0.0040 0.0040 0.9890 0.0030
425      425   (0)      6  : 0.0030 0.0070 0.9840 0.0060
426      426   (0)      6  : 0.0020 0.0020 0.9930 0.0030
427      427   (0)      6  : 0.0030 0.0020 0.9810 0.0140
428      428   (0)      6  : 0.0030 0.0110 0.9840 0.0020
429      429   (0)      6  : 0.0020 0.0020 0.9840 0.0120
430      430   (0)      6  : 0.0080 0.0020 0.9860 0.0040
431      431   (0)      6  : 0.0100 0.0020 0.9850 0.0030
432      432   (0)      6  : 0.0030 0.0020 0.9920 0.0030
433      433   (0)      6  : 0.0020 0.0040 0.9820 0.0120
434      434   (0)      6  : 0.0040 0.0020 0.9920 0.0020
435      435   (0)      6  : 0.0030 0.0040 0.9189 0.0741
436      436   (0)      6  : 0.0100 0.0030 0.9840 0.0030
437      437   (5)      6  : 0.0070 0.0030 0.9630 0.0270
438      438   (0)      6  : 0.0100 0.0020 0.9820 0.0060
439      439   (0)      6  : 0.0020 0.0030 0.9880 0.0070
440      440   (0)      6  : 0.0040 0.0020 0.9920 0.0020
441      441   (0)      6  : 0.0040 0.0040 0.9850 0.0070
442      442   (0)      6  : 0.0040 0.0030 0.9910 0.0020
443      443   (5)      6  : 0.0050 0.0020 0.9870 0.0060
444      444   (5)      6  : 0.0070 0.0060 0.9750 0.0120
445      445   (5)      6  : 0.0060 0.0040 0.9830 0.0070
446      446   (5)      6  : 0.0070 0.0030 0.9850 0.0050
447      447   (5)      6  : 0.0070 0.0030 0.9870 0.0030
448      448   (5)      6  : 0.0150 0.0030 0.9780 0.0040
449      449   (0)      6  : 0.0030 0.0020 0.9930 0.0020
450      450   (5)      6  : 0.0030 0.0020 0.9840 0.0110
451      451   (0)      6  : 0.0030 0.0040 0.9510 0.0420
452      452   (0)      6  : 0.0200 0.0160 0.9500 0.0140
453      453   (0)      6  : 0.0030 0.0020 0.9830 0.0120
454      454   (0)      6  : 0.0020 0.0020 0.9910 0.0050
455      455   (0)      6  : 0.0040 0.0260 0.9610 0.0090
456      456   (0)      6  : 0.0040 0.0020 0.9890 0.0050
457      457   (0)      6  : 0.0030 0.0030 0.9910 0.0030
458      458   (0)      6  : 0.0030 0.0030 0.9920 0.0020
459      459   (0)      6  : 0.0070 0.0030 0.9870 0.0030
460      460   (0)      6  : 0.0030 0.0020 0.9900 0.0050
461      461   (0)      6  : 0.0030 0.0070 0.9740 0.0160
462      462   (0)      6  : 0.0020 0.9930 0.0020 0.0030
463      463   (0)      6  : 0.0020 0.0020 0.9930 0.0030
464      464   (0)      6  : 0.0020 0.0030 0.9890 0.0060
465      465   (0)      6  : 0.0020 0.0020 0.9920 0.0040
466      466   (0)      6  : 0.0040 0.0070 0.9630 0.0260
467      467   (0)      6  : 0.0020 0.0060 0.9880 0.0040
468      468   (0)      6  : 0.0970 0.0710 0.7880 0.0440
469      469   (0)      6  : 0.0080 0.0030 0.9670 0.0220
470      470   (0)      6  : 0.0130 0.0030 0.7193 0.2647
471      471   (0)      6  : 0.0020 0.0040 0.9880 0.0060
472      472   (0)      6  : 0.0020 0.0030 0.9900 0.0050
473      473   (0)      6  : 0.0040 0.0020 0.9910 0.0030
474      474   (0)      6  : 0.0030 0.0090 0.9740 0.0140
475      475   (0)      6  : 0.0020 0.0030 0.9900 0.0050
476      476   (0)      6  : 0.0010 0.0030 0.9910 0.0050
477      477   (0)      6  : 0.0020 0.0050 0.9880 0.0050
478      478   (0)      6  : 0.0070 0.0020 0.9810 0.0100
479      479   (0)      6  : 0.0070 0.0040 0.9860 0.0030
480      480   (0)      6  : 0.0030 0.0040 0.9810 0.0120
481      481   (0)      6  : 0.7540 0.0040 0.2390 0.0030
482      482   (0)      6  : 0.0030 0.0030 0.9730 0.0210
483      483   (0)      6  : 0.0030 0.0040 0.9700 0.0230
484      484   (0)      6  : 0.0040 0.0030 0.9720 0.0210
485      485   (0)      6  : 0.0020 0.0040 0.9860 0.0080
486      486   (0)      6  : 0.0050 0.0060 0.9810 0.0080
487      487   (0)      6  : 0.0020 0.0090 0.9830 0.0060
488      488   (0)      6  : 0.0030 0.0020 0.9890 0.0060
489      489   (0)      6  : 0.0030 0.0030 0.9910 0.0030
490      490   (0)      6  : 0.0020 0.0040 0.9920 0.0020
491      491   (0)      6  : 0.0030 0.0020 0.9800 0.0150
492      492   (0)      6  : 0.0050 0.0060 0.9840 0.0050
493      493  (10)      6  : 0.5385 0.0020 0.4515 0.0080
494      494   (0)      6  : 0.0050 0.0030 0.9880 0.0040
495      495   (0)      6  : 0.0030 0.0020 0.9770 0.0180
496      496   (0)      6  : 0.0170 0.0040 0.9000 0.0790
497      497   (0)      6  : 0.0210 0.0080 0.9640 0.0070
498      498   (0)      6  : 0.0040 0.0040 0.9620 0.0300
499      499   (0)      6  : 0.0020 0.0040 0.9880 0.0060
500      500   (0)      6  : 0.0040 0.0030 0.9900 0.0030
501      501   (0)      6  : 0.0020 0.0020 0.9940 0.0020
502      502   (0)      6  : 0.0020 0.0020 0.9910 0.0050
503      503   (0)      6  : 0.0060 0.0030 0.9880 0.0030
504      504   (0)      6  : 0.0020 0.0020 0.9910 0.0050
505      505   (0)      6  : 0.0030 0.0020 0.9900 0.0050
506      506   (0)      7  : 0.0250 0.0020 0.9700 0.0030
507      507  (10)      7  : 0.0080 0.0020 0.9870 0.0030
508      508  (10)      7  : 0.0070 0.0560 0.9190 0.0180
509      509   (5)      7  : 0.0030 0.0020 0.9890 0.0060
510      510   (5)      7  : 0.0040 0.0030 0.9910 0.0020
511      511   (0)      7  : 0.0030 0.0030 0.9900 0.0040
512      512   (5)      7  : 0.0090 0.0090 0.9790 0.0030
513      513   (5)      7  : 0.0110 0.0020 0.9830 0.0040
514      514   (0)      7  : 0.0030 0.0020 0.9930 0.0020
515      515   (0)      7  : 0.0020 0.0020 0.9940 0.0020
516      516   (0)      7  : 0.0020 0.0020 0.9940 0.0020
517      517   (0)      7  : 0.0020 0.0020 0.9940 0.0020
518      518   (0)      7  : 0.0030 0.0050 0.9890 0.0030
519      519   (5)      7  : 0.0020 0.0020 0.9890 0.0070
520      520   (5)      7  : 0.0190 0.0090 0.9690 0.0030
521      521  (10)      7  : 0.0050 0.0020 0.9900 0.0030
522      522   (0)      7  : 0.0020 0.0020 0.9940 0.0020
523      523   (5)      7  : 0.0120 0.0090 0.9750 0.0040
524      524   (5)      7  : 0.0030 0.0080 0.9840 0.0050
525      525   (0)      7  : 0.0020 0.0030 0.9920 0.0030
526      526   (5)      7  : 0.0040 0.0020 0.9890 0.0050
527      527   (0)      7  : 0.0060 0.0050 0.9770 0.0120
528      528   (5)      7  : 0.0030 0.0170 0.9760 0.0040
529      529   (0)      7  : 0.0040 0.0020 0.9920 0.0020
530      530   (0)      7  : 0.0170 0.0040 0.9760 0.0030
531      531   (0)      7  : 0.0050 0.0080 0.9850 0.0020
532      532   (0)      7  : 0.0050 0.0020 0.9900 0.0030
533      533   (0)      7  : 0.0030 0.0010 0.9850 0.0110
534      534   (0)      7  : 0.0310 0.0020 0.9580 0.0090
535      535   (0)      7  : 0.0210 0.0090 0.9670 0.0030
536      536   (0)      7  : 0.0030 0.0030 0.9910 0.0030
537      537   (0)      7  : 0.0530 0.0020 0.9340 0.0110
538      538   (0)      7  : 0.0050 0.0020 0.9700 0.0230
539      539   (0)      7  : 0.0030 0.0020 0.9920 0.0030
540      540   (0)      7  : 0.0070 0.0030 0.9820 0.0080
541      541   (0)      7  : 0.0020 0.0020 0.9940 0.0020
542      542   (0)      7  : 0.0030 0.0020 0.9930 0.0020
543      543   (0)      7  : 0.0020 0.0010 0.9940 0.0030
544      544   (5)      7  : 0.0030 0.0050 0.9890 0.0030
545      545   (5)      7  : 0.0070 0.0060 0.9820 0.0050
546      546   (0)      7  : 0.0020 0.0070 0.9880 0.0030
547      547  (15)      7  : 0.0090 0.0200 0.9630 0.0080
548      548  (10)      7  : 0.0030 0.0020 0.9930 0.0020
549      549  (10)      7  : 0.0020 0.0030 0.9920 0.0030
550      550  (10)      7  : 0.0040 0.0030 0.9810 0.0120
551      551   (5)      7  : 0.0040 0.0080 0.9750 0.0130
552      552   (5)      7  : 0.0030 0.0030 0.9890 0.0050
553      553   (5)      7  : 0.0020 0.0080 0.9820 0.0080
554      554   (5)      7  : 0.0040 0.0020 0.9910 0.0030
555      555   (5)      7  : 0.0020 0.0030 0.9890 0.0060
556      556   (5)      7  : 0.0020 0.0040 0.9890 0.0050
557      557  (15)      7  : 0.0080 0.0050 0.9810 0.0060
558      558   (5)      7  : 0.0190 0.0010 0.9770 0.0030
559      559   (5)      7  : 0.0020 0.0020 0.9940 0.0020
560      560  (15)      7  : 0.0040 0.0030 0.9890 0.0040
561      561   (5)      7  : 0.0190 0.0050 0.9690 0.0070
562      562   (5)      7  : 0.0540 0.0170 0.7460 0.1830
563      563   (5)      7  : 0.0020 0.0030 0.9910 0.0040
564      564   (5)      7  : 0.0040 0.0020 0.9910 0.0030
565      565  (10)      7  : 0.0030 0.0050 0.9890 0.0030
566      566   (5)      7  : 0.0120 0.0020 0.9830 0.0030
567      567   (5)      7  : 0.0020 0.0040 0.9910 0.0030
568      568  (10)      7  : 0.0060 0.0030 0.9880 0.0030
569      569  (10)      7  : 0.0030 0.0040 0.9860 0.0070
570      570  (10)      7  : 0.0260 0.0040 0.9640 0.0060
571      571  (10)      7  : 0.0931 0.0060 0.8779 0.0230
572      572   (5)      7  : 0.0020 0.0020 0.9870 0.0090
573      573  (10)      7  : 0.0050 0.1810 0.7800 0.0340
574      574   (0)      7  : 0.0030 0.0040 0.9880 0.0050
575      575   (5)      7  : 0.0080 0.0020 0.9870 0.0030
576      576   (0)      7  : 0.0020 0.0010 0.9940 0.0030
577      577   (0)      7  : 0.0020 0.0010 0.9950 0.0020
578      578   (0)      7  : 0.0030 0.0020 0.9920 0.0030
579      579   (0)      7  : 0.0200 0.0040 0.9720 0.0040
580      580   (0)      7  : 0.0020 0.0060 0.9890 0.0030
581      581   (0)      7  : 0.0360 0.0020 0.9590 0.0030
582      582   (0)      7  : 0.0110 0.0040 0.9810 0.0040
583      583  (10)      7  : 0.0050 0.0020 0.9900 0.0030
584      584  (10)      7  : 0.0090 0.0050 0.9810 0.0050
585      585   (0)      7  : 0.0100 0.0020 0.9850 0.0030
586      586   (5)      7  : 0.1040 0.0070 0.8830 0.0060
587      587   (0)      7  : 0.0060 0.0050 0.9800 0.0090
588      588   (5)      7  : 0.0050 0.0030 0.9850 0.0070
589      589   (5)      7  : 0.0040 0.0040 0.9880 0.0040
590      590   (5)      7  : 0.0070 0.0070 0.9820 0.0040
591      591  (10)      7  : 0.0030 0.0020 0.9910 0.0040
592      592   (0)      7  : 0.0020 0.0020 0.9940 0.0020
593      593   (0)      7  : 0.0030 0.0030 0.9910 0.0030
594      594   (0)      7  : 0.0070 0.0160 0.9740 0.0030
595      595   (0)      7  : 0.0020 0.0040 0.9920 0.0020
596      596   (0)      7  : 0.0040 0.0040 0.9880 0.0040
597      597   (0)      7  : 0.0020 0.0020 0.9930 0.0030
598      598   (0)      7  : 0.0050 0.0020 0.9409 0.0521
599      599   (0)      7  : 0.0030 0.0040 0.9870 0.0060
600      600   (0)      7  : 0.0040 0.0020 0.9920 0.0020
601      601   (0)      7  : 0.0030 0.0040 0.9890 0.0040
602      602   (0)      7  : 0.0030 0.0050 0.9880 0.0040
603      603   (0)      7  : 0.0240 0.0060 0.9640 0.0060
604      604   (0)      7  : 0.0090 0.0070 0.9680 0.0160
605      605   (0)      7  : 0.0080 0.0120 0.9650 0.0150
606      606   (0)      7  : 0.0060 0.0040 0.8238 0.1662
607      607   (0)      7  : 0.0120 0.0020 0.9820 0.0040
608      608   (0)      7  : 0.0030 0.0020 0.9910 0.0040
609      609   (5)      7  : 0.0030 0.0040 0.9850 0.0080
610      610   (0)      7  : 0.0040 0.0030 0.9820 0.0110
611      611   (5)      7  : 0.1560 0.0590 0.7810 0.0040
612      612   (0)      7  : 0.0020 0.0030 0.9740 0.0210
613      613   (0)      7  : 0.0210 0.0060 0.9700 0.0030
614      614   (0)      7  : 0.0040 0.0150 0.9780 0.0030
615      615   (0)      7  : 0.0030 0.0020 0.9920 0.0030
616      616   (0)      7  : 0.0030 0.0020 0.9920 0.0030
617      617   (0)      7  : 0.0050 0.0080 0.9710 0.0160
618      618   (0)      7  : 0.0040 0.0010 0.9910 0.0040
619      619   (0)      7  : 0.0020 0.0010 0.9950 0.0020
620      620   (0)      7  : 0.0030 0.0030 0.9910 0.0030
621      621   (0)      7  : 0.0020 0.0020 0.9940 0.0020
622      622   (0)      7  : 0.0370 0.0050 0.9460 0.0120
623      623   (0)      7  : 0.0020 0.0030 0.9920 0.0030
624      624   (0)      7  : 0.0040 0.0030 0.9890 0.0040
625      625   (5)      7  : 0.0020 0.0030 0.9920 0.0030
626      626   (0)      7  : 0.0050 0.0030 0.9900 0.0020
627      627   (0)      7  : 0.0050 0.0100 0.9760 0.0090
628      628   (0)      7  : 0.0060 0.0020 0.9890 0.0030
629      629  (10)      7  : 0.0030 0.0020 0.9890 0.0060
630      630   (0)      7  : 0.0030 0.0010 0.9920 0.0040
631      631   (0)      7  : 0.0030 0.0010 0.9940 0.0020
632      632   (0)      7  : 0.0040 0.0020 0.9920 0.0020
633      633  (10)      7  : 0.0020 0.0020 0.9930 0.0030
634      634   (5)      7  : 0.0020 0.0060 0.9830 0.0090
635      635   (0)      7  : 0.0030 0.0030 0.9850 0.0090
636      636   (5)      7  : 0.0030 0.0020 0.9930 0.0020
637      637   (5)      7  : 0.0020 0.0010 0.9860 0.0110
638      638  (10)      7  : 0.0020 0.0040 0.9850 0.0090
639      639   (0)      7  : 0.0030 0.0010 0.9920 0.0040
640      640   (5)      7  : 0.0080 0.0230 0.9570 0.0120
641      641  (10)      7  : 0.0030 0.0020 0.9910 0.0040
642      642   (0)      7  : 0.0040 0.0120 0.9730 0.0110
643      643   (0)      7  : 0.0250 0.0030 0.9500 0.0220
644      644   (0)      7  : 0.0030 0.0080 0.8960 0.0930
645      645   (0)      7  : 0.0050 0.0719 0.9141 0.0090
646      646   (0)      7  : 0.0030 0.0020 0.9800 0.0150
647      647   (0)      7  : 0.0030 0.0020 0.9880 0.0070
648      648   (0)      7  : 0.0030 0.0030 0.9910 0.0030
649      649   (0)      7  : 0.0030 0.0040 0.9890 0.0040
650      650   (0)      7  : 0.0030 0.0010 0.9920 0.0040
651      651   (5)      7  : 0.0030 0.0090 0.9810 0.0070
652      652   (0)      7  : 0.0020 0.0010 0.9950 0.0020
653      653   (0)      7  : 0.0230 0.0210 0.9490 0.0070
654      654   (0)      7  : 0.0030 0.0060 0.9880 0.0030
655      655   (5)      7  : 0.0080 0.0030 0.9800 0.0090
656      656   (0)      7  : 0.0040 0.0010 0.9900 0.0050
657      657   (0)      7  : 0.0070 0.0060 0.9540 0.0330
658      658   (0)      7  : 0.0040 0.0030 0.9830 0.0100
659      659   (0)      7  : 0.0030 0.0040 0.9890 0.0040
660      660   (0)      7  : 0.0020 0.0040 0.9920 0.0020
661      661   (0)      7  : 0.0140 0.0070 0.9700 0.0090
662      662   (0)      7  : 0.0050 0.0020 0.9800 0.0130
663      663   (0)      7  : 0.0030 0.0030 0.9920 0.0020
664      664   (0)      7  : 0.0030 0.0040 0.9870 0.0060
665      665   (0)      7  : 0.0070 0.0050 0.9840 0.0040
666      666   (0)      7  : 0.0080 0.0020 0.9870 0.0030
667      667   (0)      7  : 0.0030 0.0010 0.9880 0.0080
668      668   (0)      7  : 0.0020 0.0020 0.9940 0.0020
669      669   (0)      7  : 0.0020 0.0030 0.9910 0.0040
670      670   (0)      7  : 0.0020 0.0020 0.9940 0.0020
671      671   (0)      7  : 0.0020 0.0020 0.9890 0.0070
672      672   (0)      7  : 0.0030 0.0040 0.9870 0.0060
673      673   (0)      7  : 0.0050 0.0040 0.9870 0.0040
674      674   (0)      7  : 0.0040 0.0020 0.9910 0.0030
675      675   (0)      7  : 0.0020 0.0020 0.9930 0.0030
676      676  (10)      7  : 0.0050 0.0020 0.9830 0.0100
677      677   (5)      7  : 0.0030 0.0880 0.8990 0.0100
678      678  (10)      7  : 0.0030 0.0040 0.9870 0.0060
679      679   (5)      7  : 0.0560 0.0700 0.8660 0.0080
680      680  (10)      7  : 0.0040 0.0030 0.9890 0.0040
681      681  (10)      7  : 0.0130 0.0130 0.9580 0.0160
682      682   (0)      7  : 0.0090 0.0080 0.9790 0.0040
683      683   (5)      7  : 0.0080 0.0030 0.9790 0.0100
684      684   (5)      7  : 0.0220 0.0040 0.9610 0.0130
685      685  (10)      7  : 0.0150 0.0130 0.9640 0.0080
686      686   (0)      7  : 0.0040 0.0020 0.9870 0.0070
687      687   (0)      7  : 0.0030 0.0020 0.9920 0.0030
688      688   (0)      7  : 0.0030 0.0020 0.9910 0.0040
689      689   (0)      7  : 0.0020 0.0010 0.9940 0.0030
690      690   (0)      7  : 0.2690 0.0020 0.7220 0.0070
691      691   (0)      7  : 0.0310 0.0030 0.9301 0.0360
692      692   (0)      7  : 0.0710 0.0030 0.9210 0.0050
693      693   (0)      7  : 0.0020 0.0030 0.9870 0.0080
694      694   (0)      7  : 0.0020 0.0030 0.9740 0.0210
695      695   (5)      7  : 0.0060 0.0210 0.9660 0.0070
696      696   (0)      7  : 0.0100 0.0739 0.8831 0.0330
697      697   (0)      7  : 0.0030 0.0030 0.9920 0.0020
698      698  (10)      7  : 0.0040 0.0020 0.9900 0.0040
699      699   (5)      7  : 0.0050 0.0030 0.9900 0.0020
700      700   (0)      7  : 0.0020 0.0020 0.9940 0.0020
701      701   (5)      7  : 0.0060 0.0040 0.9800 0.0100
702      702   (5)      7  : 0.0060 0.0040 0.9770 0.0130
703      703   (0)      7  : 0.0050 0.0020 0.9820 0.0110
704      704   (0)      7  : 0.0150 0.0030 0.9800 0.0020
705      705   (0)      7  : 0.0030 0.0020 0.9900 0.0050
706      706   (0)      7  : 0.0030 0.0060 0.9810 0.0100
707      707   (0)      7  : 0.0030 0.0020 0.9910 0.0040
708      708   (0)      7  : 0.0130 0.0020 0.9800 0.0050
709      709   (0)      7  : 0.0020 0.0050 0.9890 0.0040
710      710   (0)      7  : 0.0020 0.0020 0.9870 0.0090
711      711   (0)      7  : 0.0020 0.0020 0.9920 0.0040
712      712   (0)      7  : 0.0030 0.0030 0.9870 0.0070
713      713   (0)      7  : 0.0060 0.0050 0.9870 0.0020
714      714   (0)      7  : 0.0030 0.0150 0.9590 0.0230
715      715   (0)      7  : 0.0020 0.0110 0.9800 0.0070
716      716   (0)      7  : 0.0020 0.0050 0.9870 0.0060
717      717   (0)      7  : 0.0090 0.0030 0.9850 0.0030
718      718   (0)      7  : 0.0080 0.0070 0.9780 0.0070
719      719   (0)      7  : 0.0090 0.0030 0.9850 0.0030
720      720   (0)      7  : 0.0020 0.0030 0.9860 0.0090
721      721   (0)      7  : 0.0020 0.0030 0.9900 0.0050
722      722   (0)      7  : 0.0020 0.0020 0.9810 0.0150
723      723   (0)      7  : 0.0020 0.0010 0.9840 0.0130
724      724   (0)      7  : 0.0030 0.0010 0.9930 0.0030
725      725   (0)      7  : 0.0040 0.0020 0.9910 0.0030
726      726   (0)      7  : 0.1250 0.0020 0.8690 0.0040
727      727   (0)      7  : 0.0420 0.0050 0.9500 0.0030
728      728   (0)      7  : 0.0020 0.0020 0.9900 0.0060
729      729   (0)      7  : 0.0050 0.0080 0.9830 0.0040
730      730   (0)      7  : 0.0030 0.0020 0.9930 0.0020
731      731   (0)      7  : 0.0030 0.0170 0.9750 0.0050
732      732   (0)      7  : 0.0020 0.0020 0.9930 0.0030
733      733   (0)      7  : 0.0050 0.0030 0.9880 0.0040
734      734   (0)      7  : 0.0080 0.0020 0.9860 0.0040
735      735   (0)      7  : 0.0020 0.0050 0.9900 0.0030
736      736   (0)      7  : 0.0060 0.0030 0.9840 0.0070
737      737   (0)      7  : 0.0040 0.0010 0.9900 0.0050
738      738   (0)      7  : 0.0260 0.0030 0.9640 0.0070
739      739   (0)      7  : 0.0020 0.0020 0.9940 0.0020
740      740   (0)      7  : 0.0030 0.0020 0.9930 0.0020
741      741   (0)      7  : 0.0030 0.0020 0.9910 0.0040
742      742   (0)      7  : 0.0020 0.0020 0.9920 0.0040
743      743   (0)      7  : 0.0020 0.0020 0.9910 0.0050
744      744   (0)      7  : 0.0020 0.0020 0.9920 0.0040
745      745   (0)      7  : 0.0020 0.0030 0.9910 0.0040
746      746   (5)      8  : 0.0040 0.0060 0.9870 0.0030
747      747   (0)      8  : 0.0030 0.0070 0.9790 0.0110
748      748   (0)      8  : 0.0040 0.0040 0.9900 0.0020
749      749   (0)      8  : 0.0040 0.0040 0.9880 0.0040
750      750   (0)      8  : 0.0050 0.0020 0.9900 0.0030
751      751   (0)      8  : 0.0400 0.0100 0.9441 0.0060
752      752   (0)      8  : 0.0120 0.0040 0.9670 0.0170
753      753   (0)      8  : 0.0571 0.0040 0.9249 0.0140
754      754   (0)      8  : 0.0040 0.0110 0.9760 0.0090
755      755   (0)      8  : 0.0020 0.0020 0.9930 0.0030
756      756   (0)      8  : 0.0060 0.0020 0.9890 0.0030
757      757   (0)      8  : 0.0060 0.0020 0.9780 0.0140
758      758   (0)      8  : 0.0050 0.0030 0.9860 0.0060
759      759   (0)      8  : 0.0030 0.0030 0.9900 0.0040
760      760   (0)      8  : 0.0270 0.0040 0.9650 0.0040
761      761   (0)      8  : 0.0020 0.0020 0.9920 0.0040
762      762   (0)      8  : 0.0020 0.0040 0.9900 0.0040
763      763   (0)      8  : 0.0030 0.0020 0.9880 0.0070
764      764   (0)      8  : 0.0020 0.0030 0.9880 0.0070
765      765   (0)      8  : 0.0030 0.0060 0.9710 0.0200
766      766   (0)      8  : 0.0420 0.0060 0.9491 0.0030
767      767   (0)      8  : 0.0030 0.0530 0.9380 0.0060
768      768   (0)      8  : 0.0040 0.0100 0.9760 0.0100
769      769   (0)      8  : 0.0040 0.0060 0.9830 0.0070
770      770   (0)      8  : 0.0060 0.0020 0.9880 0.0040
771      771   (0)      8  : 0.0030 0.0130 0.9760 0.0080
772      772   (0)      8  : 0.0040 0.0290 0.9590 0.0080
773      773   (0)      8  : 0.0040 0.0080 0.9800 0.0080
774      774   (0)      8  : 0.0070 0.0020 0.9880 0.0030
775      775   (0)      8  : 0.0030 0.0060 0.9870 0.0040
776      776   (0)      8  : 0.1170 0.0030 0.8760 0.0040
777      777  (10)      8  : 0.0030 0.0050 0.9860 0.0060
778      778   (5)      8  : 0.0050 0.0020 0.9900 0.0030
779      779   (0)      8  : 0.0080 0.0140 0.5880 0.3900
780      780   (0)      8  : 0.0030 0.0040 0.9860 0.0070
781      781   (0)      8  : 0.0070 0.0050 0.9770 0.0110
782      782   (0)      8  : 0.0050 0.0020 0.9720 0.0210
783      783   (0)      8  : 0.0090 0.0040 0.8430 0.1440
784      784   (0)      8  : 0.0020 0.0050 0.9830 0.0100
785      785   (0)      8  : 0.0100 0.0030 0.9800 0.0070
786      786   (0)      8  : 0.0040 0.0080 0.9710 0.0170
787      787   (0)      8  : 0.0020 0.0070 0.9870 0.0040
788      788   (5)      8  : 0.0030 0.0120 0.9300 0.0550
789      789   (0)      8  : 0.0170 0.0060 0.7483 0.2288
790      790   (0)      8  : 0.0020 0.0070 0.9830 0.0080
791      791   (0)      8  : 0.0030 0.0060 0.7540 0.2370
792      792   (0)      8  : 0.0120 0.0060 0.9650 0.0170
793      793   (0)      8  : 0.0020 0.0090 0.7467 0.2422
794      794   (5)      8  : 0.0040 0.0550 0.2440 0.6970
795      795   (0)      8  : 0.0060 0.0690 0.9210 0.0040
796      796   (0)      8  : 0.0220 0.0020 0.9690 0.0070
797      797   (0)      8  : 0.0020 0.0280 0.9640 0.0060
798      798   (0)      8  : 0.0040 0.0110 0.9780 0.0070
799      799   (0)      8  : 0.0030 0.0030 0.9910 0.0030
800      800   (0)      8  : 0.0030 0.0030 0.9900 0.0040
801      801   (5)      8  : 0.0040 0.0040 0.9840 0.0080
802      802   (5)      8  : 0.0030 0.1508 0.8342 0.0120
803      803   (0)      8  : 0.0020 0.0040 0.9910 0.0030
804      804   (0)      8  : 0.0040 0.0360 0.9461 0.0140
805      805   (0)      8  : 0.0060 0.0120 0.9380 0.0440
806      806   (0)      8  : 0.0020 0.0020 0.9930 0.0030
807      807   (0)      8  : 0.0030 0.0050 0.9850 0.0070
808      808   (0)      8  : 0.0200 0.0190 0.9430 0.0180
809      809   (0)      8  : 0.0030 0.0220 0.9710 0.0040
810      810   (0)      8  : 0.0020 0.0160 0.9280 0.0540
811      811   (0)      8  : 0.0020 0.0270 0.9520 0.0190
812      812   (0)      8  : 0.0020 0.0030 0.9930 0.0020
813      813   (0)      8  : 0.0040 0.0380 0.8649 0.0931
814      814   (0)      9  : 0.0030 0.0020 0.9930 0.0020
815      815   (0)      9  : 0.0030 0.0020 0.9920 0.0030
816      816   (0)      9  : 0.0040 0.0030 0.9910 0.0020
817      817   (0)      9  : 0.0090 0.0020 0.9840 0.0050
818      818   (0)      9  : 0.0030 0.0030 0.9900 0.0040
819      819   (0)      9  : 0.0010 0.0040 0.9920 0.0030
820      820   (0)      9  : 0.0030 0.0020 0.9910 0.0040
821      821   (0)      9  : 0.0050 0.1410 0.8490 0.0050
822      822   (0)      9  : 0.0130 0.0120 0.9670 0.0080
823      823   (0)      9  : 0.0050 0.0060 0.9820 0.0070
824      824   (0)      9  : 0.0020 0.0030 0.9920 0.0030
825      825   (0)      9  : 0.0050 0.0030 0.9590 0.0330
826      826   (0)      9  : 0.0020 0.0050 0.9910 0.0020
827      827   (0)      9  : 0.0030 0.0030 0.9870 0.0070
828      828   (0)      9  : 0.0030 0.0020 0.9920 0.0030
829      829   (0)      9  : 0.0020 0.0030 0.9930 0.0020
830      830   (0)      9  : 0.0040 0.0070 0.9820 0.0070
831      831   (0)      9  : 0.0030 0.0509 0.9411 0.0050
832      832   (0)      9  : 0.0020 0.0030 0.9930 0.0020
833      833   (0)      9  : 0.0020 0.0040 0.9870 0.0070
834      834   (0)      9  : 0.0030 0.0050 0.9700 0.0220
835      835   (0)      9  : 0.0060 0.0050 0.9210 0.0680
836      836   (0)      9  : 0.0030 0.0010 0.9820 0.0140
837      837   (0)      9  : 0.0040 0.0040 0.9660 0.0260
838      838   (0)      9  : 0.0020 0.0030 0.9710 0.0240
839      839   (0)      9  : 0.0050 0.0030 0.9880 0.0040
840      840   (0)      9  : 0.0020 0.0050 0.9850 0.0080
841      841   (0)      9  : 0.0070 0.0020 0.9880 0.0030
842      842   (0)      9  : 0.0090 0.0030 0.9830 0.0050
843      843   (0)      9  : 0.0070 0.0130 0.9740 0.0060
844      844   (0)      9  : 0.0070 0.0020 0.9810 0.0100
845      845   (0)     10  : 0.0779 0.0050 0.9121 0.0050
846      846   (0)     10  : 0.0030 0.0090 0.9850 0.0030
847      847   (0)     10  : 0.0060 0.0020 0.9880 0.0040
848      848   (0)     10  : 0.0040 0.0020 0.9850 0.0090
849      849   (0)     10  : 0.0040 0.0190 0.9720 0.0050
850      850   (0)     10  : 0.0030 0.0120 0.9690 0.0160
851      851   (0)     10  : 0.0020 0.0020 0.9900 0.0060
852      852   (0)     10  : 0.0090 0.0460 0.9340 0.0110
853      853   (0)     10  : 0.0060 0.0070 0.9840 0.0030
854      854   (0)     10  : 0.0050 0.0040 0.9890 0.0020
855      855   (0)     10  : 0.0040 0.0030 0.9900 0.0030
856      856   (0)     10  : 0.0080 0.0020 0.9870 0.0030
857      857   (0)     10  : 0.0020 0.0020 0.9930 0.0030
858      858   (0)     10  : 0.0200 0.0050 0.9520 0.0230
859      859   (0)     10  : 0.0070 0.0100 0.9780 0.0050
860      860   (0)     10  : 0.0020 0.0040 0.9900 0.0040
861      861   (0)     10  : 0.0040 0.0210 0.9710 0.0040
862      862   (0)     10  : 0.0060 0.0010 0.9900 0.0030
863      863   (0)     10  : 0.0020 0.0020 0.9930 0.0030
864      864   (0)     10  : 0.0040 0.0020 0.9920 0.0020
865      865   (0)     10  : 0.0020 0.0020 0.9940 0.0020
866      866   (0)     10  : 0.0150 0.0060 0.9720 0.0070
867      867   (0)     10  : 0.0010 0.0020 0.9950 0.0020
868      868   (0)     10  : 0.0040 0.0040 0.9830 0.0090
869      869   (0)     10  : 0.0020 0.0090 0.9820 0.0070
870      870   (0)     10  : 0.0040 0.0020 0.9920 0.0020
871      871   (0)     10  : 0.0020 0.0030 0.9910 0.0040
872      872   (0)     10  : 0.0020 0.0030 0.9910 0.0040
873      873   (0)     10  : 0.0040 0.0020 0.9440 0.0500
874      874   (0)     10  : 0.0030 0.0030 0.9910 0.0030
875      875   (0)     10  : 0.0080 0.0030 0.9720 0.0170
876      876   (0)     10  : 0.0020 0.0040 0.9920 0.0020
877      877   (0)     10  : 0.0060 0.0280 0.9530 0.0130
878      878   (0)     10  : 0.0020 0.0020 0.9920 0.0040
879      879   (0)     10  : 0.0040 0.0030 0.9870 0.0060
880      880   (0)     10  : 0.0040 0.0020 0.9870 0.0070
881      881   (0)     10  : 0.0030 0.0040 0.9900 0.0030
882      882   (0)     10  : 0.0160 0.0020 0.9700 0.0120
883      883   (0)     10  : 0.0040 0.0020 0.9910 0.0030
884      884   (0)     10  : 0.0030 0.0100 0.9479 0.0390
885      885   (0)     10  : 0.0020 0.0040 0.9890 0.0050
886      886   (0)     10  : 0.0030 0.0020 0.9900 0.0050
887      887   (0)     10  : 0.0050 0.0100 0.9790 0.0060
888      888   (0)     10  : 0.0030 0.1990 0.7280 0.0700
889      889   (0)     10  : 0.0050 0.0020 0.9910 0.0020
890      890   (0)     10  : 0.0020 0.0030 0.9850 0.0100
891      891   (0)     10  : 0.0030 0.0030 0.9870 0.0070
892      892   (0)     10  : 0.0030 0.0020 0.9910 0.0040
893      893   (0)     10  : 0.0030 0.0020 0.9900 0.0050
894      894   (0)     10  : 0.0020 0.0040 0.9910 0.0030
895      895   (0)     10  : 0.0030 0.0020 0.9810 0.0140
896      896   (0)     10  : 0.0020 0.0020 0.9930 0.0030
897      897   (0)     10  : 0.0030 0.0120 0.9780 0.0070
898      898   (0)     10  : 0.0030 0.0030 0.9900 0.0040
899      899   (0)     10  : 0.0030 0.0070 0.9870 0.0030
900      900   (0)     10  : 0.0020 0.0030 0.9910 0.0040
901      901   (0)     10  : 0.0030 0.0020 0.9910 0.0040
902      902   (0)     10  : 0.0040 0.0120 0.9640 0.0200
903      903   (0)     10  : 0.0040 0.0020 0.9890 0.0050
904      904   (0)     10  : 0.0020 0.0030 0.9910 0.0040
905      905   (0)     10  : 0.0040 0.0030 0.9880 0.0050
906      906   (0)     10  : 0.0020 0.0040 0.9890 0.0050
907      907   (0)     10  : 0.0070 0.0060 0.9810 0.0060
908      908   (0)     10  : 0.0030 0.0030 0.9900 0.0040
909      909   (0)     10  : 0.0020 0.0050 0.9900 0.0030
910      910   (0)     10  : 0.0100 0.0070 0.9670 0.0160
911      911   (0)     10  : 0.0040 0.0030 0.9900 0.0030
912      912   (0)     10  : 0.0020 0.0050 0.9850 0.0080
913      913   (0)     10  : 0.0050 0.0050 0.9860 0.0040
914      914   (0)     10  : 0.0030 0.0060 0.9860 0.0050
915      915   (0)     10  : 0.0030 0.0090 0.9860 0.0020
916      916   (0)     10  : 0.0080 0.0130 0.9670 0.0120
917      917   (0)     10  : 0.0030 0.0040 0.9880 0.0050
918      918   (0)     10  : 0.0030 0.0110 0.9810 0.0050
919      919   (0)     10  : 0.0040 0.0020 0.9870 0.0070
920      920   (0)     10  : 0.0030 0.0010 0.9940 0.0020
921      921   (0)     10  : 0.0050 0.0980 0.8720 0.0250
922      922   (0)     10  : 0.0030 0.0020 0.9920 0.0030
923      923   (0)     10  : 0.0020 0.0080 0.9740 0.0160
924      924   (0)     10  : 0.0020 0.0020 0.9910 0.0050
925      925   (0)     10  : 0.0040 0.0020 0.9920 0.0020
926      926   (0)     10  : 0.0040 0.0040 0.9880 0.0040
927      927   (0)     10  : 0.0050 0.0030 0.9670 0.0250
928      928   (0)     10  : 0.0030 0.0060 0.9780 0.0130
929      929   (0)     10  : 0.0040 0.0100 0.9770 0.0090
930      930   (0)     10  : 0.0030 0.0020 0.9910 0.0040
931      931   (0)     10  : 0.0020 0.0020 0.9930 0.0030
932      932   (0)     10  : 0.0050 0.0050 0.9320 0.0580
933      933   (0)     10  : 0.0070 0.0040 0.9810 0.0080
934      934   (0)     10  : 0.0020 0.0140 0.9740 0.0100
935      935   (0)     10  : 0.0020 0.0020 0.9890 0.0070
936      936   (0)     10  : 0.0020 0.0080 0.9810 0.0090
937      937   (0)     10  : 0.0040 0.0140 0.9740 0.0080
938      938   (0)     10  : 0.0020 0.0050 0.9850 0.0080
939      939   (0)     10  : 0.0030 0.0030 0.9670 0.0270
940      940   (0)     10  : 0.0110 0.0030 0.9800 0.0060
941      941   (0)     10  : 0.0030 0.0020 0.9910 0.0040
942      942   (0)     10  : 0.0020 0.0030 0.9910 0.0040
943      943   (0)     10  : 0.0040 0.0060 0.9880 0.0020
944      944   (0)     10  : 0.0030 0.0010 0.9930 0.0030
945      945   (0)     10  : 0.0020 0.0140 0.9740 0.0100
946      946   (0)     10  : 0.0020 0.0020 0.9930 0.0030
947      947   (0)     10  : 0.0060 0.0040 0.9760 0.0140
948      948   (0)     10  : 0.0020 0.0010 0.9940 0.0030
949      949   (0)     10  : 0.0020 0.0010 0.9960 0.0010
950      950   (0)     10  : 0.0020 0.0070 0.9880 0.0030
951      951   (0)     10  : 0.0050 0.0030 0.9860 0.0060
952      952   (0)     10  : 0.0020 0.0020 0.9880 0.0080
953      953   (0)     10  : 0.0030 0.0030 0.9900 0.0040
954      954   (0)     10  : 0.0020 0.0020 0.9940 0.0020
955      955   (0)     10  : 0.0030 0.0030 0.9760 0.0180
956      956   (0)     10  : 0.0020 0.0100 0.9730 0.0150
957      957   (0)     10  : 0.0020 0.0040 0.9439 0.0501
958      958   (0)     10  : 0.0020 0.0030 0.9920 0.0030
959      959   (0)     10  : 0.0020 0.0020 0.9920 0.0040
960      960   (0)     10  : 0.0020 0.0020 0.9930 0.0030
961      961   (0)     10  : 0.0190 0.0050 0.9740 0.0020
962      962   (0)     10  : 0.0060 0.0020 0.9870 0.0050
963      963   (0)     10  : 0.0020 0.0050 0.9900 0.0030
964      964   (0)     10  : 0.0030 0.0030 0.9880 0.0060
965      965   (0)     10  : 0.0030 0.0030 0.9910 0.0030
966      966   (0)     10  : 0.0020 0.0030 0.9930 0.0020
967      967   (0)     10  : 0.0020 0.0050 0.9910 0.0020
968      968   (0)     10  : 0.0060 0.0020 0.9710 0.0210
969      969   (0)     10  : 0.0050 0.0100 0.9670 0.0180
970      970   (0)     11  : 0.0030 0.0030 0.9910 0.0030
971      971   (0)     11  : 0.0040 0.0230 0.9690 0.0040
972      972   (0)     11  : 0.0050 0.0050 0.9790 0.0110
973      973   (0)     11  : 0.0040 0.0110 0.9421 0.0430
974      974   (0)     11  : 0.0030 0.0030 0.9910 0.0030
975      975   (0)     11  : 0.0040 0.0080 0.9850 0.0030
976      976   (0)     11  : 0.0030 0.0240 0.9700 0.0030
977      977   (0)     11  : 0.0120 0.0020 0.9790 0.0070
978      978   (0)     11  : 0.0120 0.0050 0.9680 0.0150
979      979   (0)     11  : 0.0450 0.0080 0.8800 0.0670
980      980   (0)     11  : 0.0020 0.0060 0.9890 0.0030
981      981   (0)     11  : 0.0030 0.0070 0.8891 0.1009
982      982   (0)     11  : 0.0020 0.0050 0.9870 0.0060
983      983   (0)     11  : 0.0030 0.0060 0.9890 0.0020
984      984   (0)     11  : 0.0030 0.0030 0.9870 0.0070
985      985  (10)     11  : 0.0030 0.0070 0.9840 0.0060
986      986   (0)     11  : 0.0040 0.0050 0.8640 0.1270
987      987   (0)     11  : 0.0200 0.0130 0.9630 0.0040
988      988   (0)     11  : 0.0040 0.0050 0.9880 0.0030
989      989   (0)     11  : 0.0040 0.3080 0.6770 0.0110
990      990   (5)     11  : 0.0050 0.0090 0.9820 0.0040
991      991   (0)     11  : 0.0040 0.0030 0.9890 0.0040
992      992   (0)     11  : 0.0020 0.0090 0.9860 0.0030
993      993   (0)     11  : 0.0240 0.0430 0.9299 0.0030
994      994   (0)     11  : 0.0110 0.0040 0.9800 0.0050
995      995   (0)     11  : 0.0030 0.0030 0.9890 0.0050
996      996   (0)     11  : 0.0030 0.0030 0.9131 0.0809
997      997   (5)     11  : 0.0020 0.0080 0.9860 0.0040
998      998   (0)     11  : 0.0070 0.0030 0.9870 0.0030
999      999   (0)     11  : 0.0030 0.0030 0.9910 0.0030
1000     1000   (0)     11  : 0.0040 0.0180 0.9730 0.0050
1001     1001   (0)     11  : 0.0070 0.0020 0.9700 0.0210
1002     1002   (0)     11  : 0.0060 0.0050 0.9630 0.0260
1003     1003   (0)     11  : 0.0040 0.0070 0.9790 0.0100
1004     1004   (0)     11  : 0.0030 0.0040 0.9890 0.0040
1005     1005   (0)     11  : 0.0020 0.0040 0.9900 0.0040
1006     1006   (0)     11  : 0.0020 0.0120 0.9830 0.0030
1007     1007   (5)     11  : 0.0070 0.0040 0.9810 0.0080
1008     1008   (0)     11  : 0.0030 0.0050 0.9281 0.0639
1009     1009   (0)     11  : 0.0030 0.0040 0.9860 0.0070
1010     1010   (0)     11  : 0.0020 0.0030 0.9850 0.0100
1011     1011   (5)     11  : 0.0090 0.0040 0.9840 0.0030
1012     1012   (5)     11  : 0.0030 0.0380 0.9500 0.0090
1013     1013  (10)     11  : 0.0040 0.0060 0.9800 0.0100
1014     1014   (5)     11  : 0.0030 0.0610 0.8850 0.0510
1015     1015   (5)     11  : 0.0020 0.0020 0.9900 0.0060
1016     1016   (5)     11  : 0.0030 0.0020 0.9910 0.0040
1017     1017   (5)     11  : 0.0040 0.1510 0.8380 0.0070
1018     1018   (5)     11  : 0.0040 0.0050 0.9670 0.0240
1019     1019  (10)     11  : 0.0020 0.0030 0.9910 0.0040
1020     1020   (5)     11  : 0.0050 0.0120 0.9640 0.0190
1021     1021   (5)     11  : 0.0040 0.0020 0.9900 0.0040
1022     1022   (5)     11  : 0.0070 0.0100 0.9650 0.0180
1023     1023   (0)     12  : 0.0020 0.0110 0.9840 0.0030
1024     1024   (0)     12  : 0.1120 0.0190 0.8590 0.0100
1025     1025   (0)     12  : 0.0080 0.0080 0.9630 0.0210
1026     1026   (0)     12  : 0.0020 0.0210 0.9730 0.0040
1027     1027   (0)     12  : 0.0060 0.0100 0.9800 0.0040
1028     1028   (0)     12  : 0.0020 0.0030 0.9890 0.0060
1029     1029   (0)     12  : 0.0020 0.0060 0.9870 0.0050
1030     1030   (0)     12  : 0.0030 0.0020 0.9880 0.0070
1031     1031   (0)     12  : 0.0040 0.0030 0.9890 0.0040
1032     1032   (0)     12  : 0.0020 0.0040 0.9860 0.0080
1033     1033   (0)     12  : 0.0020 0.0030 0.9920 0.0030
1034     1034   (0)     12  : 0.0030 0.0050 0.9860 0.0060
1035     1035   (0)     12  : 0.0040 0.0060 0.9860 0.0040
1036     1036   (0)     12  : 0.0010 0.0020 0.9900 0.0070
1037     1037   (0)     12  : 0.0020 0.0060 0.9840 0.0080
1038     1038   (0)     12  : 0.0030 0.0030 0.9860 0.0080
1039     1039   (0)     12  : 0.0260 0.0020 0.9670 0.0050
1040     1040   (0)     12  : 0.0050 0.0100 0.9770 0.0080
1041     1041   (0)     12  : 0.0100 0.0070 0.9800 0.0030
1042     1042   (0)     12  : 0.0030 0.0150 0.9800 0.0020
1043     1043   (0)     12  : 0.0030 0.0030 0.9890 0.0050
1044     1044   (0)     12  : 0.0030 0.0210 0.9700 0.0060
1045     1045   (0)     12  : 0.0040 0.0180 0.9700 0.0080
1046     1046   (0)     12  : 0.0030 0.0090 0.9640 0.0240
1047     1047   (0)     12  : 0.0200 0.0060 0.9670 0.0070
1048     1048   (0)     12  : 0.0030 0.0020 0.9920 0.0030
1049     1049   (0)     12  : 0.0060 0.0060 0.9720 0.0160
1050     1050   (0)     12  : 0.0020 0.0040 0.9850 0.0090
1051     1051   (0)     12  : 0.0010 0.0030 0.9650 0.0310
1052     1052   (0)     12  : 0.0030 0.0080 0.9870 0.0020
1053     1053   (0)     12  : 0.0040 0.0220 0.9690 0.0050
1054     1054   (0)     12  : 0.0080 0.0020 0.9830 0.0070
1055     1055   (0)     12  : 0.0040 0.0060 0.9820 0.0080
1056     1056   (0)     12  : 0.0070 0.0040 0.9730 0.0160
1057     1057   (0)     12  : 0.0040 0.0020 0.9910 0.0030
1058     1058   (0)     12  : 0.0040 0.0130 0.9380 0.0450
1059     1059   (0)     12  : 0.0040 0.0080 0.9850 0.0030
1060     1060   (0)     12  : 0.0030 0.0060 0.9850 0.0060
1061     1061   (0)     12  : 0.0020 0.0020 0.9930 0.0030
1062     1062   (0)     12  : 0.0020 0.0040 0.9920 0.0020
1063     1063   (0)     12  : 0.0040 0.0060 0.9780 0.0120
1064     1064   (0)     12  : 0.0030 0.0050 0.9560 0.0360
1065     1065   (0)     12  : 0.0030 0.0020 0.9920 0.0030
1066     1066   (0)     12  : 0.0030 0.0020 0.9890 0.0060
1067     1067   (0)     12  : 0.0050 0.0140 0.9710 0.0100
1068     1068   (0)     12  : 0.0030 0.0020 0.9920 0.0030
1069     1069   (0)     12  : 0.0040 0.0070 0.9800 0.0090
1070     1070   (0)     12  : 0.0030 0.0030 0.9910 0.0030
1071     1071   (0)     12  : 0.0020 0.0040 0.9730 0.0210
1072     1072   (0)     12  : 0.0969 0.0340 0.8242 0.0450
1073     1073   (0)     12  : 0.0020 0.0370 0.9570 0.0040
1074     1074   (0)     12  : 0.0070 0.0060 0.9850 0.0020
1075     1075   (0)     12  : 0.0080 0.0270 0.9610 0.0040
1076     1076   (0)     12  : 0.0020 0.0020 0.9940 0.0020
1077     1077   (0)     12  : 0.0030 0.0120 0.9820 0.0030
1078     1078   (0)     12  : 0.0030 0.0040 0.9850 0.0080
1079     1079   (0)     12  : 0.0100 0.0040 0.9800 0.0060
1080     1080   (0)     12  : 0.0040 0.0100 0.9780 0.0080
1081     1081   (0)     12  : 0.0250 0.0020 0.9700 0.0030
1082     1082   (0)     12  : 0.0040 0.0040 0.9890 0.0030
1083     1083   (0)     12  : 0.0060 0.0030 0.9820 0.0090
1084     1084   (0)     12  : 0.0030 0.0020 0.9880 0.0070
1085     1085   (0)     12  : 0.0060 0.0390 0.9461 0.0090
1086     1086   (0)     12  : 0.0030 0.0160 0.9730 0.0080
1087     1087   (0)     12  : 0.0060 0.0020 0.9650 0.0270
1088     1088   (0)     12  : 0.0020 0.0030 0.9910 0.0040
1089     1089   (0)     12  : 0.0030 0.0020 0.9870 0.0080
1090     1090   (0)     12  : 0.0060 0.0020 0.9880 0.0040
1091     1091   (0)     12  : 0.0020 0.0060 0.9840 0.0080
1092     1092   (0)     12  : 0.0070 0.0100 0.9790 0.0040
1093     1093   (0)     12  : 0.0020 0.0030 0.9890 0.0060
1094     1094   (0)     12  : 0.0030 0.0010 0.9920 0.0040
1095     1095   (0)     12  : 0.0020 0.0020 0.9930 0.0030
1096     1096   (0)     12  : 0.0030 0.0230 0.9451 0.0290
1097     1097   (0)     12  : 0.0030 0.0080 0.9780 0.0110
1098     1098   (0)     12  : 0.0020 0.0030 0.9900 0.0050
1099     1099   (0)     12  : 0.0140 0.0040 0.9760 0.0060
1100     1100   (0)     12  : 0.0020 0.0030 0.9900 0.0050
1101     1101   (0)     12  : 0.0020 0.0030 0.9890 0.0060
1102     1102   (0)     12  : 0.0050 0.0160 0.9600 0.0190
1103     1103   (0)     12  : 0.0030 0.0020 0.9900 0.0050
1104     1104   (0)     12  : 0.0020 0.0410 0.9510 0.0060
1105     1105   (0)     12  : 0.0020 0.0100 0.9860 0.0020
1106     1106   (0)     12  : 0.0050 0.0020 0.9890 0.0040
1107     1107   (0)     12  : 0.0030 0.0510 0.9320 0.0140
1108     1108   (0)     12  : 0.1030 0.0060 0.6850 0.2060
1109     1109   (0)     12  : 0.0050 0.0020 0.9890 0.0040
1110     1110   (0)     12  : 0.0020 0.0040 0.9830 0.0110
1111     1111   (0)     12  : 0.0060 0.0090 0.9830 0.0020
1112     1112   (0)     12  : 0.0020 0.0310 0.9630 0.0040
1113     1113   (0)     12  : 0.0030 0.0030 0.9910 0.0030
1114     1114   (0)     12  : 0.0020 0.0040 0.9840 0.0100
1115     1115   (0)     12  : 0.0030 0.0170 0.9740 0.0060
1116     1116   (0)     12  : 0.0020 0.0070 0.9870 0.0040
1117     1117   (0)     12  : 0.0030 0.0030 0.9890 0.0050
1118     1118   (0)     12  : 0.0020 0.0060 0.9800 0.0120
1119     1119   (0)     12  : 0.0040 0.0560 0.9030 0.0370
1120     1120   (0)     12  : 0.0060 0.0030 0.9890 0.0020
1121     1121   (0)     12  : 0.0040 0.0020 0.9890 0.0050
1122     1122   (0)     12  : 0.0020 0.0040 0.9900 0.0040
1123     1123   (0)     12  : 0.0020 0.0030 0.9880 0.0070
1124     1124   (0)     12  : 0.0020 0.0250 0.9700 0.0030
1125     1125   (0)     12  : 0.0030 0.0050 0.9830 0.0090
1126     1126   (0)     12  : 0.0150 0.0020 0.9800 0.0030
1127     1127   (0)     12  : 0.0070 0.0020 0.9800 0.0110
1128     1128   (0)     12  : 0.0020 0.0010 0.9950 0.0020
1129     1129   (0)     12  : 0.0020 0.0020 0.9850 0.0110
1130     1130   (0)     12  : 0.0080 0.0060 0.9830 0.0030
1131     1131   (0)     12  : 0.0100 0.0050 0.9570 0.0280
1132     1132   (0)     12  : 0.0020 0.0080 0.9820 0.0080
1133     1133   (0)     12  : 0.0030 0.0040 0.9910 0.0020
1134     1134   (0)     12  : 0.0020 0.0020 0.9910 0.0050
1135     1135   (0)     12  : 0.0040 0.0320 0.9540 0.0100
1136     1136   (0)     12  : 0.0020 0.1289 0.8641 0.0050
1137     1137   (0)     12  : 0.0160 0.0170 0.9600 0.0070
1138     1138   (0)     12  : 0.0340 0.0140 0.9460 0.0060
1139     1139   (0)     12  : 0.0030 0.0030 0.9890 0.0050
1140     1140   (0)     12  : 0.0030 0.0020 0.9880 0.0070
1141     1141   (0)     12  : 0.0030 0.0040 0.9610 0.0320
1142     1142   (0)     12  : 0.0240 0.0020 0.9710 0.0030
1143     1143   (0)     12  : 0.0020 0.0030 0.9890 0.0060
1144     1144   (0)     12  : 0.0040 0.0020 0.9900 0.0040
1145     1145   (0)     12  : 0.0020 0.0040 0.9880 0.0060
1146     1146   (0)     12  : 0.0060 0.0030 0.9880 0.0030
1147     1147   (0)     12  : 0.0020 0.0070 0.9860 0.0050
1148     1148   (5)     13  : 0.9840 0.0020 0.0050 0.0090
1149     1149   (0)     13  : 0.9750 0.0030 0.0160 0.0060
1150     1150   (0)     13  : 0.9840 0.0030 0.0080 0.0050
1151     1151   (0)     13  : 0.9770 0.0030 0.0160 0.0040
1152     1152   (0)     13  : 0.9920 0.0020 0.0040 0.0020
1153     1153   (0)     13  : 0.9230 0.0040 0.0710 0.0020
1154     1154   (0)     13  : 0.9830 0.0020 0.0060 0.0090
1155     1155   (0)     13  : 0.9910 0.0020 0.0050 0.0020
1156     1156   (0)     13  : 0.9830 0.0060 0.0040 0.0070
1157     1157   (0)     13  : 0.9900 0.0020 0.0050 0.0030
1158     1158   (0)     13  : 0.9920 0.0020 0.0030 0.0030
1159     1159   (0)     13  : 0.9920 0.0020 0.0030 0.0030
1160     1160   (0)     13  : 0.9890 0.0020 0.0030 0.0060
1161     1161   (5)     13  : 0.9920 0.0020 0.0030 0.0030
1162     1162   (0)     13  : 0.9800 0.0020 0.0100 0.0080
1163     1163   (0)     13  : 0.9860 0.0020 0.0030 0.0090
1164     1164   (0)     13  : 0.9850 0.0070 0.0050 0.0030
1165     1165   (0)     13  : 0.9910 0.0010 0.0040 0.0040
1166     1166   (0)     13  : 0.9940 0.0020 0.0020 0.0020
1167     1167   (0)     13  : 0.9890 0.0020 0.0050 0.0040
1168     1168   (0)     13  : 0.9930 0.0010 0.0030 0.0030
1169     1169   (0)     13  : 0.9920 0.0020 0.0030 0.0030
1170     1170   (0)     13  : 0.9940 0.0010 0.0030 0.0020
1171     1171   (0)     13  : 0.9950 0.0010 0.0020 0.0020
1172     1172   (0)     13  : 0.9960 0.0010 0.0020 0.0010
1173     1173   (0)     13  : 0.9940 0.0020 0.0020 0.0020
1174     1174   (0)     13  : 0.9870 0.0020 0.0060 0.0050
1175     1175   (0)     13  : 0.9950 0.0010 0.0020 0.0020
1176     1176   (0)     14  : 0.9930 0.0010 0.0030 0.0030
1177     1177   (0)     14  : 0.9910 0.0020 0.0030 0.0040
1178     1178   (0)     14  : 0.9900 0.0030 0.0030 0.0040
1179     1179   (0)     14  : 0.9880 0.0020 0.0030 0.0070
1180     1180   (0)     14  : 0.9840 0.0030 0.0080 0.0050
1181     1181   (0)     14  : 0.9900 0.0010 0.0060 0.0030
1182     1182   (0)     14  : 0.9870 0.0030 0.0050 0.0050
1183     1183   (0)     14  : 0.9870 0.0030 0.0050 0.0050
1184     1184   (0)     14  : 0.9560 0.0030 0.0280 0.0130
1185     1185   (0)     14  : 0.9910 0.0020 0.0040 0.0030
1186     1186   (0)     14  : 0.9880 0.0020 0.0080 0.0020
1187     1187   (0)     14  : 0.9890 0.0020 0.0060 0.0030
1188     1188   (0)     14  : 0.9940 0.0010 0.0030 0.0020
1189     1189   (0)     14  : 0.9850 0.0040 0.0080 0.0030
1190     1190   (0)     14  : 0.9940 0.0010 0.0030 0.0020
1191     1191   (0)     14  : 0.9920 0.0010 0.0050 0.0020
1192     1192   (0)     14  : 0.9910 0.0020 0.0050 0.0020
1193     1193   (0)     14  : 0.9920 0.0020 0.0040 0.0020
1194     1194   (0)     14  : 0.9880 0.0020 0.0070 0.0030
1195     1195   (0)     14  : 0.9930 0.0010 0.0040 0.0020
1196     1196   (0)     14  : 0.9570 0.0030 0.0360 0.0040
1197     1197   (0)     14  : 0.9940 0.0020 0.0020 0.0020
1198     1198   (0)     14  : 0.9880 0.0030 0.0060 0.0030
1199     1199   (0)     14  : 0.9920 0.0020 0.0030 0.0030
1200     1200   (0)     14  : 0.9690 0.0040 0.0180 0.0090
1201     1201   (0)     14  : 0.9930 0.0020 0.0030 0.0020
1202     1202   (0)     14  : 0.9810 0.0020 0.0110 0.0060
1203     1203   (0)     14  : 0.9570 0.0030 0.0070 0.0330
1204     1204   (0)     14  : 0.9930 0.0020 0.0030 0.0020
1205     1205   (0)     14  : 0.9920 0.0020 0.0030 0.0030
1206     1206   (0)     14  : 0.9770 0.0030 0.0160 0.0040
1207     1207   (0)     14  : 0.9830 0.0030 0.0110 0.0030
1208     1208   (0)     14  : 0.9840 0.0020 0.0120 0.0020
1209     1209   (0)     14  : 0.9930 0.0020 0.0020 0.0030
1210     1210   (0)     14  : 0.9630 0.0070 0.0110 0.0190
1211     1211   (0)     14  : 0.9920 0.0020 0.0040 0.0020
1212     1212   (0)     14  : 0.9900 0.0020 0.0060 0.0020
1213     1213   (0)     14  : 0.9940 0.0010 0.0020 0.0030
1214     1214   (0)     14  : 0.9930 0.0020 0.0030 0.0020
1215     1215   (0)     14  : 0.9930 0.0010 0.0030 0.0030
1216     1216   (0)     14  : 0.9840 0.0020 0.0030 0.0110
1217     1217   (0)     14  : 0.9930 0.0010 0.0030 0.0030
1218     1218   (0)     14  : 0.9900 0.0010 0.0060 0.0030
1219     1219   (0)     14  : 0.9840 0.0020 0.0120 0.0020
1220     1220   (0)     14  : 0.9960 0.0010 0.0020 0.0010
1221     1221   (0)     14  : 0.9690 0.0050 0.0230 0.0030
1222     1222   (0)     14  : 0.9940 0.0010 0.0030 0.0020
1223     1223   (0)     14  : 0.9890 0.0010 0.0040 0.0060
1224     1224   (0)     14  : 0.9920 0.0020 0.0040 0.0020
1225     1225   (0)     14  : 0.9910 0.0020 0.0050 0.0020
1226     1226   (0)     14  : 0.9770 0.0040 0.0090 0.0100
1227     1227   (0)     14  : 0.9920 0.0020 0.0040 0.0020
1228     1228   (0)     14  : 0.9910 0.0020 0.0050 0.0020
1229     1229   (0)     14  : 0.9810 0.0040 0.0090 0.0060
1230     1230   (0)     14  : 0.9940 0.0010 0.0030 0.0020
1231     1231   (0)     14  : 0.9920 0.0020 0.0040 0.0020
1232     1232   (0)     14  : 0.9930 0.0020 0.0030 0.0020
1233     1233   (0)     14  : 0.9910 0.0020 0.0030 0.0040
1234     1234   (0)     14  : 0.9840 0.0020 0.0060 0.0080
1235     1235   (0)     14  : 0.9950 0.0010 0.0020 0.0020
1236     1236   (0)     14  : 0.9700 0.0040 0.0160 0.0100
1237     1237   (0)     14  : 0.9930 0.0010 0.0030 0.0030
1238     1238   (0)     14  : 0.9910 0.0020 0.0040 0.0030
1239     1239   (0)     14  : 0.9920 0.0020 0.0030 0.0030
1240     1240   (0)     14  : 0.9900 0.0010 0.0070 0.0020
1241     1241   (0)     14  : 0.9910 0.0020 0.0040 0.0030
1242     1242   (0)     14  : 0.9920 0.0030 0.0030 0.0020
1243     1243   (0)     14  : 0.9930 0.0020 0.0030 0.0020
1244     1244   (0)     14  : 0.9920 0.0020 0.0030 0.0030
1245     1245   (0)     14  : 0.9930 0.0010 0.0040 0.0020
1246     1246   (0)     14  : 0.9880 0.0040 0.0050 0.0030
1247     1247   (0)     14  : 0.9900 0.0020 0.0050 0.0030
1248     1248   (0)     14  : 0.9940 0.0010 0.0030 0.0020
1249     1249   (0)     14  : 0.9830 0.0020 0.0060 0.0090
1250     1250   (0)     14  : 0.9900 0.0020 0.0050 0.0030
1251     1251   (0)     14  : 0.9870 0.0030 0.0070 0.0030
1252     1252   (0)     14  : 0.9910 0.0010 0.0040 0.0040
1253     1253   (0)     14  : 0.9920 0.0020 0.0020 0.0040
1254     1254   (0)     14  : 0.9930 0.0010 0.0040 0.0020
1255     1255   (0)     14  : 0.9750 0.0020 0.0170 0.0060
1256     1256   (0)     14  : 0.9920 0.0020 0.0030 0.0030
1257     1257   (0)     14  : 0.9950 0.0010 0.0020 0.0020
1258     1258   (0)     14  : 0.9930 0.0020 0.0020 0.0030
1259     1259   (0)     14  : 0.9930 0.0010 0.0040 0.0020
1260     1260   (0)     14  : 0.9840 0.0020 0.0080 0.0060
1261     1261   (0)     14  : 0.9870 0.0030 0.0060 0.0040
1262     1262   (0)     14  : 0.9820 0.0060 0.0060 0.0060
1263     1263   (0)     14  : 0.9820 0.0040 0.0050 0.0090
1264     1264   (0)     14  : 0.9870 0.0020 0.0050 0.0060
1265     1265   (0)     14  : 0.9900 0.0030 0.0050 0.0020
1266     1266   (0)     14  : 0.9870 0.0020 0.0050 0.0060
1267     1267   (0)     14  : 0.9950 0.0010 0.0020 0.0020
1268     1268   (0)     14  : 0.9890 0.0020 0.0060 0.0030
1269     1269   (0)     14  : 0.9930 0.0020 0.0020 0.0030
1270     1270   (0)     14  : 0.9870 0.0020 0.0040 0.0070
1271     1271   (0)     14  : 0.9930 0.0020 0.0030 0.0020
1272     1272   (0)     14  : 0.9690 0.0010 0.0120 0.0180
1273     1273   (0)     14  : 0.9930 0.0010 0.0030 0.0030
1274     1274   (0)     14  : 0.9850 0.0040 0.0070 0.0040
1275     1275   (0)     14  : 0.9870 0.0040 0.0030 0.0060
1276     1276   (0)     14  : 0.9900 0.0020 0.0060 0.0020
1277     1277   (0)     14  : 0.9890 0.0020 0.0060 0.0030
1278     1278   (0)     14  : 0.9890 0.0020 0.0060 0.0030
1279     1279   (0)     14  : 0.9930 0.0020 0.0030 0.0020
1280     1280   (0)     14  : 0.9900 0.0020 0.0030 0.0050
1281     1281   (0)     14  : 0.9950 0.0010 0.0020 0.0020
1282     1282   (0)     14  : 0.9880 0.0030 0.0050 0.0040
1283     1283   (0)     14  : 0.9900 0.0030 0.0030 0.0040
1284     1284   (0)     14  : 0.9810 0.0030 0.0120 0.0040
1285     1285   (0)     14  : 0.9920 0.0020 0.0040 0.0020
1286     1286   (0)     14  : 0.9930 0.0020 0.0030 0.0020
1287     1287   (0)     14  : 0.9930 0.0010 0.0040 0.0020
1288     1288   (0)     14  : 0.9880 0.0020 0.0040 0.0060
1289     1289   (0)     14  : 0.9950 0.0010 0.0020 0.0020
1290     1290   (0)     14  : 0.9880 0.0020 0.0060 0.0040
1291     1291   (0)     14  : 0.9940 0.0010 0.0030 0.0020
1292     1292   (0)     14  : 0.9880 0.0020 0.0060 0.0040
1293     1293   (0)     14  : 0.9840 0.0040 0.0060 0.0060
1294     1294   (0)     14  : 0.9910 0.0020 0.0040 0.0030
1295     1295   (0)     14  : 0.9930 0.0020 0.0030 0.0020
1296     1296   (0)     14  : 0.9940 0.0020 0.0020 0.0020
1297     1297   (0)     14  : 0.9890 0.0020 0.0060 0.0030
1298     1298   (0)     14  : 0.9920 0.0020 0.0020 0.0040
1299     1299   (0)     14  : 0.9800 0.0030 0.0100 0.0070
1300     1300   (0)     14  : 0.9510 0.0080 0.0300 0.0110
1301     1301   (0)     14  : 0.9950 0.0010 0.0020 0.0020
1302     1302   (0)     14  : 0.9910 0.0010 0.0040 0.0040
1303     1303   (0)     14  : 0.9920 0.0020 0.0030 0.0030
1304     1304   (0)     14  : 0.9940 0.0010 0.0030 0.0020
1305     1305   (0)     14  : 0.9900 0.0010 0.0060 0.0030
1306     1306   (0)     14  : 0.9880 0.0020 0.0080 0.0020
1307     1307   (0)     14  : 0.9870 0.0010 0.0050 0.0070
1308     1308   (0)     14  : 0.9940 0.0020 0.0030 0.0010
1309     1309   (0)     14  : 0.9910 0.0020 0.0050 0.0020
1310     1310   (0)     14  : 0.9850 0.0060 0.0060 0.0030
1311     1311   (0)     14  : 0.9900 0.0020 0.0050 0.0030
1312     1312   (0)     14  : 0.9910 0.0030 0.0030 0.0030
1313     1313   (0)     14  : 0.9890 0.0030 0.0060 0.0020
1314     1314   (0)     14  : 0.9890 0.0040 0.0040 0.0030
1315     1315   (0)     14  : 0.9920 0.0030 0.0030 0.0020
1316     1316   (0)     14  : 0.9930 0.0020 0.0030 0.0020
1317     1317   (0)     14  : 0.9780 0.0020 0.0150 0.0050
1318     1318   (0)     14  : 0.9920 0.0020 0.0030 0.0030
1319     1319   (0)     14  : 0.9910 0.0020 0.0050 0.0020
1320     1320   (0)     14  : 0.9940 0.0010 0.0030 0.0020
1321     1321   (0)     14  : 0.9930 0.0020 0.0030 0.0020
1322     1322   (0)     14  : 0.9910 0.0030 0.0030 0.0030
1323     1323   (0)     14  : 0.9930 0.0020 0.0030 0.0020
1324     1324   (0)     14  : 0.9920 0.0020 0.0040 0.0020
1325     1325   (0)     14  : 0.9920 0.0010 0.0050 0.0020
1326     1326   (0)     14  : 0.9870 0.0010 0.0060 0.0060
1327     1327   (0)     14  : 0.9950 0.0010 0.0020 0.0020
1328     1328   (0)     14  : 0.9910 0.0020 0.0040 0.0030
1329     1329   (0)     14  : 0.9930 0.0010 0.0040 0.0020
1330     1330   (0)     14  : 0.9920 0.0020 0.0040 0.0020
1331     1331   (0)     14  : 0.9950 0.0010 0.0020 0.0020
1332     1332   (0)     14  : 0.9940 0.0010 0.0030 0.0020
1333     1333   (0)     14  : 0.9930 0.0020 0.0030 0.0020
1334     1334   (0)     14  : 0.9920 0.0010 0.0040 0.0030
1335     1335   (0)     14  : 0.9920 0.0010 0.0050 0.0020
1336     1336   (0)     14  : 0.9920 0.0020 0.0040 0.0020
1337     1337   (0)     14  : 0.9850 0.0020 0.0070 0.0060
1338     1338   (0)     14  : 0.9930 0.0020 0.0030 0.0020
1339     1339   (0)     14  : 0.9840 0.0100 0.0020 0.0040
1340     1340   (0)     14  : 0.9880 0.0060 0.0040 0.0020
1341     1341   (0)     14  : 0.9930 0.0010 0.0040 0.0020
1342     1342   (0)     14  : 0.9880 0.0010 0.0090 0.0020
1343     1343   (0)     14  : 0.9950 0.0010 0.0020 0.0020
1344     1344   (0)     14  : 0.9910 0.0020 0.0040 0.0030
1345     1345   (0)     14  : 0.9920 0.0010 0.0040 0.0030
1346     1346   (0)     14  : 0.9930 0.0020 0.0030 0.0020
1347     1347   (0)     14  : 0.9900 0.0030 0.0040 0.0030
1348     1348   (0)     14  : 0.9920 0.0020 0.0030 0.0030
1349     1349   (0)     14  : 0.9910 0.0030 0.0040 0.0020
1350     1350   (0)     14  : 0.9900 0.0030 0.0030 0.0040
1351     1351   (0)     14  : 0.9940 0.0010 0.0030 0.0020
1352     1352   (0)     14  : 0.9950 0.0010 0.0020 0.0020
1353     1353   (0)     14  : 0.9910 0.0040 0.0030 0.0020
1354     1354   (0)     14  : 0.9920 0.0020 0.0030 0.0030
1355     1355   (0)     14  : 0.9840 0.0020 0.0070 0.0070
1356     1356   (0)     14  : 0.9930 0.0010 0.0040 0.0020
1357     1357   (0)     14  : 0.9920 0.0020 0.0040 0.0020
1358     1358   (0)     14  : 0.9950 0.0010 0.0020 0.0020
1359     1359   (0)     14  : 0.9840 0.0020 0.0090 0.0050
1360     1360   (0)     14  : 0.9860 0.0020 0.0060 0.0060
1361     1361   (0)     14  : 0.9920 0.0020 0.0030 0.0030
1362     1362   (0)     14  : 0.9920 0.0010 0.0050 0.0020
1363     1363   (0)     14  : 0.9890 0.0020 0.0040 0.0050
1364     1364   (0)     14  : 0.9950 0.0010 0.0020 0.0020
1365     1365   (0)     14  : 0.9770 0.0020 0.0160 0.0050
1366     1366   (0)     14  : 0.9920 0.0010 0.0050 0.0020
1367     1367   (0)     14  : 0.9620 0.0030 0.0180 0.0170
1368     1368   (0)     14  : 0.9910 0.0020 0.0040 0.0030
1369     1369   (0)     14  : 0.9870 0.0030 0.0050 0.0050
1370     1370   (0)     14  : 0.9930 0.0020 0.0030 0.0020
1371     1371   (0)     14  : 0.9940 0.0010 0.0030 0.0020
1372     1372   (0)     14  : 0.9950 0.0010 0.0030 0.0010
1373     1373   (0)     14  : 0.9920 0.0020 0.0040 0.0020
1374     1374   (0)     14  : 0.9940 0.0010 0.0030 0.0020
1375     1375   (0)     14  : 0.9900 0.0030 0.0040 0.0030
1376     1376   (0)     14  : 0.9720 0.0020 0.0200 0.0060
1377     1377   (0)     14  : 0.9910 0.0020 0.0020 0.0050
1378     1378   (0)     14  : 0.9840 0.0030 0.0040 0.0090
1379     1379   (0)     14  : 0.9930 0.0010 0.0030 0.0030
1380     1380   (0)     14  : 0.9930 0.0010 0.0030 0.0030
1381     1381   (0)     14  : 0.9930 0.0010 0.0030 0.0030
1382     1382   (0)     14  : 0.9910 0.0020 0.0040 0.0030
1383     1383   (0)     14  : 0.9890 0.0020 0.0050 0.0040
1384     1384   (0)     14  : 0.9930 0.0020 0.0030 0.0020
1385     1385   (0)     14  : 0.9930 0.0020 0.0030 0.0020
1386     1386   (0)     14  : 0.9690 0.0020 0.0120 0.0170
1387     1387   (0)     14  : 0.9900 0.0020 0.0050 0.0030
1388     1388   (0)     14  : 0.9920 0.0020 0.0030 0.0030
1389     1389   (0)     14  : 0.9860 0.0020 0.0060 0.0060
1390     1390   (0)     14  : 0.9940 0.0010 0.0020 0.0030
1391     1391   (0)     14  : 0.9720 0.0010 0.0150 0.0120
1392     1392   (0)     14  : 0.9870 0.0030 0.0060 0.0040
1393     1393   (0)     14  : 0.9900 0.0020 0.0060 0.0020
1394     1394   (0)     14  : 0.9940 0.0010 0.0020 0.0030
1395     1395   (0)     14  : 0.9920 0.0020 0.0040 0.0020
1396     1396   (0)     14  : 0.9930 0.0020 0.0030 0.0020
1397     1397   (0)     14  : 0.9860 0.0030 0.0040 0.0070
1398     1398   (0)     14  : 0.9900 0.0020 0.0060 0.0020
1399     1399   (0)     14  : 0.9920 0.0010 0.0050 0.0020
1400     1400   (0)     14  : 0.9940 0.0020 0.0020 0.0020
1401     1401   (0)     14  : 0.9930 0.0020 0.0030 0.0020
1402     1402   (0)     14  : 0.9920 0.0020 0.0030 0.0030
1403     1403   (0)     14  : 0.9920 0.0020 0.0030 0.0030
1404     1404   (0)     14  : 0.9900 0.0030 0.0050 0.0020
1405     1405   (0)     14  : 0.9950 0.0010 0.0020 0.0020
1406     1406   (0)     14  : 0.9890 0.0040 0.0030 0.0040
1407     1407   (0)     14  : 0.9860 0.0020 0.0060 0.0060
1408     1408   (0)     14  : 0.9900 0.0010 0.0060 0.0030
1409     1409   (0)     14  : 0.9840 0.0030 0.0060 0.0070
1410     1410   (0)     14  : 0.9920 0.0030 0.0020 0.0030
1411     1411   (0)     14  : 0.9950 0.0010 0.0020 0.0020
1412     1412   (0)     14  : 0.9860 0.0020 0.0100 0.0020
1413     1413   (0)     14  : 0.9880 0.0020 0.0060 0.0040
1414     1414   (0)     14  : 0.9890 0.0020 0.0050 0.0040
1415     1415   (0)     14  : 0.9291 0.0020 0.0659 0.0030
1416     1416   (0)     14  : 0.9890 0.0020 0.0050 0.0040
1417     1417   (0)     14  : 0.9930 0.0020 0.0020 0.0030
1418     1418   (0)     14  : 0.9900 0.0020 0.0050 0.0030
1419     1419   (0)     14  : 0.9910 0.0020 0.0040 0.0030
1420     1420   (0)     14  : 0.9910 0.0020 0.0030 0.0040
1421     1421   (0)     14  : 0.9840 0.0020 0.0060 0.0080
1422     1422   (0)     14  : 0.9930 0.0020 0.0030 0.0020
1423     1423   (0)     14  : 0.9950 0.0010 0.0020 0.0020
1424     1424   (0)     14  : 0.9930 0.0020 0.0030 0.0020
1425     1425   (0)     14  : 0.9930 0.0020 0.0030 0.0020
1426     1426   (0)     14  : 0.9920 0.0020 0.0030 0.0030
1427     1427   (0)     14  : 0.9790 0.0050 0.0090 0.0070
1428     1428   (0)     14  : 0.9670 0.0020 0.0130 0.0180
1429     1429   (0)     14  : 0.9930 0.0010 0.0040 0.0020
1430     1430   (0)     14  : 0.9710 0.0050 0.0160 0.0080
1431     1431   (0)     14  : 0.9930 0.0010 0.0040 0.0020
1432     1432   (0)     14  : 0.9850 0.0020 0.0060 0.0070
1433     1433   (0)     14  : 0.9910 0.0010 0.0040 0.0040
1434     1434   (0)     14  : 0.9870 0.0020 0.0070 0.0040
1435     1435   (0)     14  : 0.9910 0.0010 0.0040 0.0040
1436     1436   (0)     14  : 0.9560 0.0020 0.0210 0.0210
1437     1437   (0)     14  : 0.9900 0.0010 0.0030 0.0060
1438     1438   (0)     14  : 0.9950 0.0010 0.0020 0.0020
1439     1439   (0)     14  : 0.9910 0.0020 0.0040 0.0030
1440     1440   (0)     14  : 0.9930 0.0020 0.0030 0.0020
1441     1441   (0)     14  : 0.9950 0.0010 0.0020 0.0020
1442     1442   (0)     14  : 0.9950 0.0010 0.0020 0.0020
1443     1443   (0)     14  : 0.9930 0.0010 0.0040 0.0020
1444     1444   (0)     14  : 0.9920 0.0020 0.0030 0.0030
1445     1445   (0)     14  : 0.9930 0.0020 0.0030 0.0020
1446     1446   (0)     14  : 0.9780 0.0030 0.0040 0.0150
1447     1447   (0)     14  : 0.9780 0.0040 0.0040 0.0140
1448     1448   (0)     14  : 0.9870 0.0050 0.0040 0.0040
1449     1449   (0)     14  : 0.9910 0.0020 0.0040 0.0030
1450     1450   (0)     14  : 0.9910 0.0020 0.0030 0.0040
1451     1451   (0)     14  : 0.9890 0.0010 0.0080 0.0020
1452     1452   (0)     14  : 0.9930 0.0020 0.0030 0.0020
1453     1453   (0)     14  : 0.9920 0.0020 0.0020 0.0040
1454     1454   (0)     14  : 0.9890 0.0030 0.0030 0.0050
1455     1455   (0)     14  : 0.9940 0.0020 0.0020 0.0020
1456     1456   (0)     14  : 0.9900 0.0020 0.0040 0.0040
1457     1457   (0)     14  : 0.9930 0.0030 0.0020 0.0020
1458     1458   (0)     14  : 0.9880 0.0020 0.0050 0.0050
1459     1459   (0)     14  : 0.9900 0.0020 0.0040 0.0040
1460     1460   (0)     14  : 0.9910 0.0010 0.0050 0.0030
1461     1461   (0)     14  : 0.9940 0.0010 0.0030 0.0020
1462     1462   (0)     14  : 0.9860 0.0020 0.0060 0.0060
1463     1463   (0)     14  : 0.9930 0.0020 0.0030 0.0020
1464     1464   (0)     14  : 0.9930 0.0010 0.0040 0.0020
1465     1465   (0)     14  : 0.9890 0.0010 0.0070 0.0030
1466     1466   (0)     14  : 0.9900 0.0010 0.0050 0.0040
1467     1467   (0)     14  : 0.9890 0.0030 0.0030 0.0050
1468     1468   (0)     14  : 0.9471 0.0160 0.0230 0.0140
1469     1469   (0)     14  : 0.9860 0.0030 0.0070 0.0040
1470     1470   (0)     14  : 0.9930 0.0020 0.0030 0.0020
1471     1471   (0)     14  : 0.9890 0.0020 0.0040 0.0050
1472     1472   (0)     14  : 0.9430 0.0040 0.0450 0.0080
1473     1473   (0)     14  : 0.9840 0.0040 0.0060 0.0060
1474     1474   (0)     14  : 0.9940 0.0010 0.0030 0.0020
1475     1475   (0)     14  : 0.9910 0.0010 0.0050 0.0030
1476     1476   (5)     15  : 0.0020 0.9940 0.0020 0.0020
1477     1477   (0)     15  : 0.0020 0.9940 0.0020 0.0020
1478     1478   (0)     15  : 0.0020 0.9900 0.0030 0.0050
1479     1479   (0)     15  : 0.0010 0.9950 0.0020 0.0020
1480     1480   (5)     15  : 0.0020 0.9530 0.0040 0.0410
1481     1481   (0)     15  : 0.0010 0.9960 0.0010 0.0020
1482     1482   (0)     15  : 0.0020 0.9950 0.0020 0.0010
1483     1483   (0)     15  : 0.0010 0.9940 0.0020 0.0030
1484     1484   (0)     15  : 0.0020 0.9930 0.0020 0.0030
1485     1485   (0)     15  : 0.0020 0.9950 0.0010 0.0020
1486     1486   (0)     15  : 0.0010 0.9960 0.0020 0.0010
1487     1487   (0)     15  : 0.0010 0.9950 0.0020 0.0020
1488     1488   (5)     15  : 0.0020 0.9930 0.0030 0.0020
1489     1489   (0)     15  : 0.0010 0.9960 0.0010 0.0020
1490     1490   (0)     15  : 0.0020 0.9940 0.0020 0.0020
1491     1491   (0)     15  : 0.0010 0.9970 0.0010 0.0010
1492     1492   (0)     15  : 0.0020 0.9920 0.0040 0.0020
1493     1493   (0)     15  : 0.0020 0.9940 0.0010 0.0030
1494     1494   (0)     15  : 0.0030 0.9920 0.0020 0.0030
1495     1495   (0)     15  : 0.0030 0.9730 0.0130 0.0110
1496     1496   (0)     15  : 0.0020 0.9930 0.0020 0.0030
1497     1497   (0)     15  : 0.0010 0.9950 0.0020 0.0020
1498     1498   (0)     15  : 0.0030 0.9860 0.0060 0.0050
1499     1499   (0)     15  : 0.0060 0.9810 0.0030 0.0100
1500     1500   (0)     15  : 0.0010 0.9960 0.0010 0.0020
1501     1501   (0)     15  : 0.0040 0.9810 0.0040 0.0110
1502     1502   (0)     15  : 0.0010 0.9950 0.0020 0.0020
1503     1503   (0)     16  : 0.0020 0.9930 0.0020 0.0030
1504     1504   (0)     16  : 0.0010 0.9950 0.0010 0.0030
1505     1505   (0)     16  : 0.0030 0.9910 0.0030 0.0030
1506     1506   (0)     16  : 0.0010 0.9950 0.0020 0.0020
1507     1507   (0)     16  : 0.0010 0.9950 0.0020 0.0020
1508     1508   (0)     16  : 0.0020 0.9920 0.0030 0.0030
1509     1509   (0)     16  : 0.0020 0.9900 0.0030 0.0050
1510     1510   (0)     16  : 0.0010 0.9950 0.0010 0.0030
1511     1511   (0)     16  : 0.0010 0.9970 0.0010 0.0010
1512     1512   (0)     16  : 0.0010 0.9960 0.0010 0.0020
1513     1513   (0)     16  : 0.0010 0.9960 0.0010 0.0020
1514     1514   (0)     16  : 0.0020 0.9930 0.0020 0.0030
1515     1515   (0)     16  : 0.0020 0.9920 0.0030 0.0030
1516     1516   (0)     16  : 0.0020 0.9880 0.0070 0.0030
1517     1517   (0)     16  : 0.0020 0.9940 0.0020 0.0020
1518     1518   (0)     16  : 0.0020 0.9940 0.0020 0.0020
1519     1519   (0)     16  : 0.0020 0.9930 0.0020 0.0030
1520     1520   (0)     16  : 0.0020 0.9940 0.0020 0.0020
1521     1521   (0)     16  : 0.0020 0.9930 0.0020 0.0030
1522     1522   (0)     16  : 0.0020 0.9940 0.0020 0.0020
1523     1523   (0)     16  : 0.0020 0.9960 0.0010 0.0010
1524     1524   (0)     16  : 0.0020 0.9940 0.0020 0.0020
1525     1525   (0)     16  : 0.0010 0.9970 0.0010 0.0010
1526     1526   (0)     16  : 0.0020 0.9920 0.0030 0.0030
1527     1527   (0)     16  : 0.0020 0.9920 0.0020 0.0040
1528     1528   (0)     16  : 0.0020 0.9930 0.0020 0.0030
1529     1529   (0)     16  : 0.0010 0.9920 0.0030 0.0040
1530     1530   (0)     16  : 0.0010 0.9950 0.0020 0.0020
1531     1531   (0)     16  : 0.0010 0.9960 0.0010 0.0020
1532     1532   (0)     16  : 0.0030 0.9900 0.0030 0.0040
1533     1533   (0)     16  : 0.0010 0.9970 0.0010 0.0010
1534     1534   (0)     16  : 0.0010 0.9940 0.0020 0.0030
1535     1535   (0)     16  : 0.0020 0.9930 0.0020 0.0030
1536     1536   (0)     16  : 0.0040 0.9810 0.0040 0.0110
1537     1537   (0)     16  : 0.0010 0.9970 0.0010 0.0010
1538     1538   (0)     16  : 0.0020 0.9940 0.0020 0.0020
1539     1539   (0)     16  : 0.0030 0.9930 0.0020 0.0020
1540     1540   (0)     16  : 0.0020 0.9950 0.0010 0.0020
1541     1541   (0)     16  : 0.0020 0.9940 0.0020 0.0020
1542     1542   (0)     16  : 0.0060 0.9860 0.0030 0.0050
1543     1543   (0)     16  : 0.0020 0.9960 0.0010 0.0010
1544     1544   (0)     16  : 0.0020 0.9950 0.0010 0.0020
1545     1545   (0)     16  : 0.0010 0.9940 0.0030 0.0020
1546     1546   (0)     16  : 0.0010 0.9950 0.0020 0.0020
1547     1547   (0)     16  : 0.0010 0.9950 0.0010 0.0030
1548     1548   (0)     16  : 0.0020 0.9940 0.0020 0.0020
1549     1549   (0)     16  : 0.0010 0.9950 0.0010 0.0030
1550     1550   (0)     16  : 0.0020 0.9920 0.0030 0.0030
1551     1551   (0)     16  : 0.0010 0.9970 0.0010 0.0010
1552     1552   (0)     16  : 0.0010 0.9950 0.0010 0.0030
1553     1553   (0)     16  : 0.0020 0.9960 0.0010 0.0010
1554     1554   (0)     16  : 0.0020 0.9930 0.0020 0.0030
1555     1555   (0)     16  : 0.0020 0.9930 0.0020 0.0030
1556     1556   (0)     16  : 0.0010 0.9910 0.0020 0.0060
1557     1557   (0)     16  : 0.0020 0.9940 0.0020 0.0020
1558     1558   (0)     16  : 0.0020 0.9940 0.0020 0.0020
1559     1559   (0)     16  : 0.0020 0.9930 0.0020 0.0030
1560     1560   (0)     16  : 0.0020 0.9910 0.0030 0.0040
1561     1561   (0)     16  : 0.0060 0.9890 0.0030 0.0020
1562     1562   (0)     16  : 0.0010 0.9960 0.0010 0.0020
1563     1563   (0)     16  : 0.0010 0.9950 0.0020 0.0020
1564     1564   (0)     16  : 0.0020 0.9920 0.0030 0.0030
1565     1565   (0)     16  : 0.0020 0.9930 0.0020 0.0030
1566     1566   (0)     16  : 0.0010 0.9940 0.0020 0.0030
1567     1567   (0)     16  : 0.0010 0.9960 0.0010 0.0020
1568     1568   (0)     16  : 0.0040 0.9870 0.0040 0.0050
1569     1569   (0)     16  : 0.0010 0.9940 0.0020 0.0030
1570     1570   (0)     16  : 0.0020 0.9900 0.0020 0.0060
1571     1571   (0)     16  : 0.0020 0.9950 0.0010 0.0020
1572     1572   (0)     16  : 0.0020 0.9940 0.0020 0.0020
1573     1573   (0)     16  : 0.0020 0.9910 0.0030 0.0040
1574     1574   (0)     16  : 0.0010 0.9950 0.0020 0.0020
1575     1575   (0)     16  : 0.0020 0.9920 0.0020 0.0040
1576     1576   (0)     16  : 0.0020 0.9940 0.0020 0.0020
1577     1577   (0)     16  : 0.0030 0.9910 0.0030 0.0030
1578     1578   (0)     16  : 0.0020 0.9920 0.0020 0.0040
1579     1579   (0)     16  : 0.0020 0.9930 0.0030 0.0020
1580     1580   (0)     16  : 0.0010 0.9970 0.0010 0.0010
1581     1581   (0)     16  : 0.0020 0.9940 0.0020 0.0020
1582     1582   (0)     16  : 0.0020 0.9900 0.0040 0.0040
1583     1583   (0)     16  : 0.0010 0.9940 0.0020 0.0030
1584     1584   (0)     16  : 0.0020 0.9950 0.0010 0.0020
1585     1585   (0)     16  : 0.0020 0.9940 0.0020 0.0020
1586     1586   (0)     16  : 0.0020 0.9920 0.0020 0.0040
1587     1587   (0)     16  : 0.0010 0.9910 0.0020 0.0060
1588     1588   (0)     16  : 0.0010 0.9940 0.0020 0.0030
1589     1589   (0)     16  : 0.0020 0.9930 0.0020 0.0030
1590     1590   (0)     16  : 0.0010 0.9960 0.0010 0.0020
1591     1591   (0)     16  : 0.0020 0.9940 0.0020 0.0020
1592     1592   (0)     16  : 0.0020 0.9940 0.0020 0.0020
1593     1593   (0)     16  : 0.0020 0.9940 0.0020 0.0020
1594     1594   (0)     16  : 0.0020 0.9940 0.0020 0.0020
1595     1595   (0)     16  : 0.0020 0.9950 0.0010 0.0020
1596     1596   (0)     16  : 0.0010 0.9960 0.0010 0.0020
1597     1597   (0)     16  : 0.0020 0.9930 0.0020 0.0030
1598     1598   (0)     16  : 0.0010 0.9970 0.0010 0.0010
1599     1599   (0)     16  : 0.0010 0.9960 0.0010 0.0020
1600     1600   (0)     16  : 0.0020 0.9940 0.0020 0.0020
1601     1601   (0)     16  : 0.0010 0.9950 0.0020 0.0020
1602     1602   (0)     16  : 0.0020 0.9930 0.0020 0.0030
1603     1603   (0)     16  : 0.0010 0.9950 0.0020 0.0020
1604     1604   (0)     16  : 0.0020 0.9910 0.0040 0.0030
1605     1605   (0)     16  : 0.0020 0.9930 0.0020 0.0030
1606     1606   (0)     16  : 0.0010 0.9950 0.0020 0.0020
1607     1607   (0)     16  : 0.0020 0.9930 0.0020 0.0030
1608     1608   (0)     16  : 0.0020 0.9940 0.0010 0.0030
1609     1609   (0)     16  : 0.0020 0.9940 0.0020 0.0020
1610     1610   (0)     16  : 0.0010 0.9970 0.0010 0.0010
1611     1611   (0)     16  : 0.0020 0.9930 0.0020 0.0030
1612     1612   (0)     16  : 0.0010 0.9940 0.0020 0.0030
1613     1613   (0)     16  : 0.0010 0.9960 0.0010 0.0020
1614     1614   (0)     16  : 0.0010 0.9960 0.0010 0.0020
1615     1615   (0)     16  : 0.0020 0.9920 0.0030 0.0030
1616     1616   (0)     16  : 0.0010 0.9960 0.0010 0.0020
1617     1617   (0)     16  : 0.0010 0.9970 0.0010 0.0010
1618     1618   (0)     16  : 0.0010 0.9960 0.0010 0.0020
1619     1619   (0)     16  : 0.0020 0.9940 0.0020 0.0020
1620     1620   (0)     16  : 0.0020 0.9940 0.0020 0.0020
1621     1621   (0)     16  : 0.0020 0.9940 0.0020 0.0020
1622     1622   (0)     16  : 0.0020 0.9950 0.0010 0.0020
1623     1623   (0)     16  : 0.0020 0.9920 0.0020 0.0040
1624     1624   (0)     16  : 0.0020 0.9930 0.0030 0.0020
1625     1625   (0)     16  : 0.0020 0.9940 0.0020 0.0020
1626     1626   (0)     16  : 0.0020 0.9930 0.0020 0.0030
1627     1627   (0)     16  : 0.0020 0.9930 0.0020 0.0030
1628     1628   (0)     16  : 0.0030 0.9910 0.0020 0.0040
1629     1629   (0)     16  : 0.0020 0.9940 0.0020 0.0020
1630     1630   (0)     16  : 0.0040 0.9910 0.0020 0.0030
1631     1631   (0)     16  : 0.0010 0.9960 0.0010 0.0020
1632     1632   (0)     16  : 0.0020 0.9930 0.0020 0.0030
1633     1633   (0)     16  : 0.0020 0.9940 0.0020 0.0020
1634     1634   (0)     16  : 0.0020 0.9940 0.0020 0.0020
1635     1635   (0)     16  : 0.0010 0.9950 0.0020 0.0020
1636     1636   (0)     16  : 0.0020 0.9940 0.0020 0.0020
1637     1637   (0)     16  : 0.0020 0.9930 0.0020 0.0030
1638     1638   (0)     16  : 0.0010 0.9920 0.0040 0.0030
1639     1639   (0)     16  : 0.0030 0.9920 0.0020 0.0030
1640     1640   (0)     16  : 0.0020 0.9920 0.0030 0.0030
1641     1641   (0)     16  : 0.0010 0.9960 0.0010 0.0020
1642     1642   (0)     16  : 0.0010 0.9940 0.0020 0.0030
1643     1643   (0)     16  : 0.0020 0.9930 0.0020 0.0030
1644     1644   (0)     16  : 0.0020 0.9900 0.0020 0.0060
1645     1645   (0)     16  : 0.0010 0.9950 0.0020 0.0020
1646     1646   (0)     16  : 0.0030 0.9900 0.0030 0.0040
1647     1647   (0)     16  : 0.0020 0.9920 0.0030 0.0030
1648     1648   (0)     16  : 0.0010 0.9930 0.0030 0.0030
1649     1649   (0)     16  : 0.0020 0.9930 0.0020 0.0030
1650     1650   (0)     16  : 0.0010 0.9940 0.0020 0.0030
1651     1651   (0)     16  : 0.0020 0.9930 0.0020 0.0030
1652     1652   (0)     16  : 0.0010 0.9970 0.0010 0.0010
1653     1653   (0)     16  : 0.0010 0.9950 0.0010 0.0030
1654     1654   (0)     16  : 0.0010 0.9950 0.0010 0.0030
1655     1655   (0)     16  : 0.0010 0.9960 0.0010 0.0020
1656     1656   (0)     16  : 0.0010 0.9950 0.0020 0.0020
1657     1657   (0)     16  : 0.0020 0.9930 0.0020 0.0030
1658     1658   (0)     16  : 0.0020 0.9910 0.0030 0.0040
1659     1659   (0)     16  : 0.0010 0.9970 0.0010 0.0010
1660     1660   (0)     16  : 0.0020 0.9930 0.0030 0.0020
1661     1661   (0)     16  : 0.0030 0.9920 0.0020 0.0030
1662     1662   (0)     16  : 0.0010 0.9940 0.0020 0.0030
1663     1663   (0)     16  : 0.0020 0.9920 0.0020 0.0040
1664     1664   (0)     16  : 0.0010 0.9950 0.0020 0.0020
1665     1665   (0)     16  : 0.0020 0.9940 0.0020 0.0020
1666     1666   (0)     16  : 0.0020 0.9940 0.0020 0.0020
1667     1667   (0)     16  : 0.0010 0.9950 0.0020 0.0020
1668     1668   (0)     16  : 0.0020 0.9910 0.0020 0.0050
1669     1669   (0)     16  : 0.0020 0.9940 0.0020 0.0020
1670     1670   (0)     16  : 0.0020 0.9920 0.0030 0.0030
1671     1671   (0)     16  : 0.0020 0.9950 0.0020 0.0010
1672     1672   (0)     16  : 0.0030 0.9920 0.0020 0.0030
1673     1673   (0)     16  : 0.0020 0.9940 0.0020 0.0020
1674     1674   (0)     16  : 0.0010 0.9950 0.0010 0.0030
1675     1675   (0)     16  : 0.0020 0.9930 0.0020 0.0030
1676     1676   (0)     16  : 0.0030 0.9930 0.0020 0.0020
1677     1677   (0)     16  : 0.0020 0.9940 0.0020 0.0020
1678     1678   (0)     16  : 0.0020 0.9930 0.0020 0.0030
1679     1679   (0)     16  : 0.0020 0.9950 0.0010 0.0020
1680     1680   (0)     16  : 0.0010 0.9960 0.0010 0.0020
1681     1681   (0)     16  : 0.0020 0.9910 0.0040 0.0030
1682     1682   (0)     16  : 0.0030 0.9930 0.0020 0.0020
1683     1683   (0)     16  : 0.0010 0.9940 0.0020 0.0030
1684     1684   (0)     16  : 0.0020 0.9940 0.0020 0.0020
1685     1685   (0)     16  : 0.0040 0.9880 0.0030 0.0050
1686     1686   (0)     16  : 0.0010 0.9960 0.0010 0.0020
1687     1687   (0)     16  : 0.0020 0.9930 0.0030 0.0020
1688     1688   (0)     16  : 0.0020 0.9940 0.0010 0.0030
1689     1689   (0)     16  : 0.0020 0.9940 0.0020 0.0020
1690     1690   (0)     16  : 0.0070 0.9890 0.0020 0.0020
1691     1691   (0)     16  : 0.0020 0.9900 0.0030 0.0050
1692     1692   (0)     16  : 0.0030 0.9930 0.0020 0.0020
1693     1693   (0)     16  : 0.0020 0.9920 0.0030 0.0030
1694     1694   (0)     16  : 0.0020 0.9930 0.0030 0.0020
1695     1695   (0)     16  : 0.0090 0.9820 0.0020 0.0070
1696     1696   (0)     16  : 0.0010 0.9960 0.0010 0.0020
1697     1697   (0)     16  : 0.0020 0.9930 0.0020 0.0030
1698     1698   (0)     16  : 0.0020 0.9920 0.0020 0.0040
1699     1699   (0)     16  : 0.0080 0.9840 0.0030 0.0050
1700     1700   (0)     16  : 0.0050 0.9860 0.0020 0.0070
1701     1701   (0)     16  : 0.0010 0.9940 0.0020 0.0030
1702     1702   (0)     16  : 0.0020 0.9920 0.0030 0.0030
1703     1703   (0)     16  : 0.0010 0.9970 0.0010 0.0010
1704     1704   (0)     16  : 0.0030 0.9910 0.0030 0.0030
1705     1705   (0)     16  : 0.0020 0.9940 0.0020 0.0020
1706     1706   (0)     16  : 0.0020 0.9930 0.0020 0.0030
1707     1707   (0)     16  : 0.0020 0.9930 0.0020 0.0030
1708     1708   (0)     16  : 0.0020 0.9850 0.0030 0.0100
1709     1709   (0)     16  : 0.0040 0.9820 0.0040 0.0100
1710     1710   (0)     16  : 0.0010 0.9950 0.0020 0.0020
1711     1711   (0)     16  : 0.0020 0.9940 0.0020 0.0020
1712     1712   (0)     16  : 0.0030 0.9920 0.0020 0.0030
1713     1713   (0)     16  : 0.0020 0.9950 0.0010 0.0020
1714     1714   (0)     16  : 0.0020 0.9950 0.0010 0.0020
1715     1715   (0)     16  : 0.0030 0.9780 0.0060 0.0130
1716     1716   (0)     16  : 0.0010 0.9960 0.0010 0.0020
1717     1717   (0)     16  : 0.0020 0.9930 0.0020 0.0030
1718     1718   (0)     16  : 0.0010 0.9940 0.0020 0.0030
1719     1719   (0)     16  : 0.0020 0.9920 0.0020 0.0040
1720     1720   (0)     16  : 0.0010 0.9960 0.0010 0.0020
1721     1721   (0)     16  : 0.0010 0.9950 0.0020 0.0020
1722     1722   (0)     16  : 0.0010 0.9960 0.0010 0.0020
1723     1723   (0)     16  : 0.0020 0.9910 0.0030 0.0040
1724     1724   (0)     16  : 0.0010 0.9950 0.0020 0.0020
1725     1725   (0)     16  : 0.0020 0.9940 0.0020 0.0020
1726     1726   (0)     16  : 0.0010 0.9960 0.0020 0.0010
1727     1727   (0)     16  : 0.0010 0.9950 0.0020 0.0020
1728     1728   (0)     16  : 0.0010 0.9940 0.0020 0.0030
1729     1729   (0)     16  : 0.0020 0.9940 0.0020 0.0020
1730     1730   (0)     16  : 0.0030 0.9910 0.0030 0.0030
1731     1731   (0)     16  : 0.0010 0.9950 0.0020 0.0020
1732     1732   (0)     16  : 0.0020 0.9910 0.0030 0.0040
1733     1733   (0)     16  : 0.0020 0.9950 0.0010 0.0020
1734     1734   (0)     16  : 0.0020 0.9940 0.0020 0.0020
1735     1735   (0)     16  : 0.0010 0.9960 0.0010 0.0020
1736     1736   (0)     16  : 0.0030 0.9930 0.0020 0.0020
1737     1737   (0)     16  : 0.0010 0.9940 0.0020 0.0030
1738     1738   (0)     16  : 0.0010 0.9970 0.0010 0.0010
1739     1739   (0)     16  : 0.0010 0.9960 0.0010 0.0020
1740     1740   (0)     16  : 0.0010 0.9970 0.0010 0.0010
1741     1741   (0)     16  : 0.0020 0.9930 0.0020 0.0030
1742     1742   (0)     16  : 0.0020 0.9950 0.0010 0.0020
1743     1743   (0)     16  : 0.0010 0.9940 0.0020 0.0030
1744     1744   (0)     16  : 0.0010 0.9960 0.0010 0.0020
1745     1745   (0)     16  : 0.0010 0.9960 0.0010 0.0020
1746     1746   (0)     16  : 0.0020 0.9920 0.0020 0.0040
1747     1747   (0)     16  : 0.0020 0.9930 0.0020 0.0030
1748     1748   (0)     16  : 0.0010 0.9960 0.0010 0.0020
1749     1749   (0)     16  : 0.0010 0.9960 0.0010 0.0020
1750     1750   (0)     16  : 0.0020 0.9960 0.0010 0.0010
1751     1751   (0)     16  : 0.0020 0.9950 0.0010 0.0020
1752     1752   (0)     16  : 0.0020 0.9940 0.0020 0.0020
1753     1753   (0)     16  : 0.0040 0.9890 0.0030 0.0040
1754     1754   (0)     16  : 0.0020 0.9950 0.0010 0.0020
1755     1755   (0)     16  : 0.0020 0.9950 0.0010 0.0020
1756     1756   (0)     16  : 0.0030 0.9920 0.0020 0.0030
1757     1757   (0)     16  : 0.0040 0.9870 0.0040 0.0050
1758     1758   (0)     16  : 0.0020 0.9940 0.0020 0.0020
1759     1759   (0)     16  : 0.0020 0.9910 0.0020 0.0050
1760     1760   (0)     16  : 0.0020 0.9930 0.0020 0.0030
1761     1761   (0)     16  : 0.0020 0.9930 0.0020 0.0030
1762     1762   (0)     16  : 0.0010 0.9930 0.0020 0.0040
1763     1763   (0)     16  : 0.0020 0.9930 0.0020 0.0030
1764     1764   (0)     16  : 0.0010 0.9960 0.0010 0.0020
1765     1765   (0)     16  : 0.0010 0.9950 0.0020 0.0020
1766     1766   (0)     16  : 0.0010 0.9960 0.0010 0.0020
1767     1767   (0)     16  : 0.0060 0.9850 0.0040 0.0050
1768     1768   (0)     16  : 0.0020 0.9920 0.0030 0.0030
1769     1769   (0)     16  : 0.0010 0.9950 0.0020 0.0020
1770     1770   (0)     16  : 0.0020 0.9940 0.0020 0.0020
1771     1771   (0)     16  : 0.0030 0.9880 0.0040 0.0050
1772     1772   (0)     16  : 0.0020 0.9910 0.0020 0.0050
1773     1773   (0)     16  : 0.0020 0.9940 0.0020 0.0020
1774     1774   (0)     16  : 0.0020 0.9940 0.0020 0.0020
1775     1775   (0)     16  : 0.0010 0.9950 0.0020 0.0020
1776     1776   (0)     16  : 0.0020 0.9930 0.0020 0.0030
1777     1777   (0)     16  : 0.0020 0.9940 0.0020 0.0020
1778     1778   (0)     16  : 0.0020 0.9930 0.0020 0.0030
1779     1779   (0)     16  : 0.0030 0.9930 0.0020 0.0020
1780     1780   (0)     16  : 0.0020 0.9880 0.0020 0.0080
1781     1781   (0)     16  : 0.0020 0.9930 0.0030 0.0020
1782     1782   (0)     16  : 0.0020 0.9930 0.0010 0.0040
1783     1783   (0)     16  : 0.0010 0.9960 0.0010 0.0020
1784     1784   (0)     16  : 0.0010 0.9960 0.0010 0.0020
1785     1785   (0)     16  : 0.0030 0.9910 0.0020 0.0040
1786     1786   (0)     16  : 0.0020 0.9940 0.0020 0.0020
1787     1787   (0)     16  : 0.0010 0.9950 0.0020 0.0020
1788     1788   (0)     16  : 0.0010 0.9960 0.0010 0.0020
1789     1789   (0)     16  : 0.0030 0.9880 0.0030 0.0060
1790     1790   (0)     16  : 0.0010 0.9970 0.0010 0.0010
1791     1791   (0)     16  : 0.0020 0.9960 0.0010 0.0010
1792     1792   (0)     16  : 0.0020 0.9920 0.0030 0.0030
1793     1793   (0)     16  : 0.0010 0.9940 0.0020 0.0030
1794     1794   (0)     16  : 0.0020 0.9950 0.0010 0.0020
1795     1795   (0)     16  : 0.0080 0.9740 0.0090 0.0090
1796     1796   (0)     16  : 0.0020 0.9920 0.0030 0.0030
1797     1797   (0)     16  : 0.0020 0.9890 0.0030 0.0060
1798     1798   (0)     16  : 0.0010 0.9930 0.0020 0.0040
1799     1799   (0)     16  : 0.0020 0.9920 0.0020 0.0040
1800     1800   (0)     16  : 0.0030 0.9910 0.0030 0.0030
1801     1801   (0)     16  : 0.0020 0.9940 0.0020 0.0020
1802     1802   (0)     16  : 0.0020 0.9950 0.0010 0.0020
1803     1803   (0)     17  : 0.0010 0.0020 0.0030 0.9940
1804     1804   (0)     17  : 0.0040 0.0040 0.0040 0.9880
1805     1805   (0)     17  : 0.0030 0.0040 0.0080 0.9850
1806     1806   (0)     17  : 0.0030 0.0090 0.0100 0.9780
1807     1807   (0)     17  : 0.0030 0.0020 0.0060 0.9890
1808     1808   (0)     17  : 0.0040 0.0200 0.0080 0.9680
1809     1809   (0)     17  : 0.0060 0.0070 0.0120 0.9750
1810     1810   (0)     17  : 0.0020 0.0020 0.0030 0.9930
1811     1811   (0)     17  : 0.0020 0.0010 0.0030 0.9940
1812     1812   (0)     17  : 0.0030 0.0040 0.0060 0.9870
1813     1813   (0)     17  : 0.0020 0.0020 0.0020 0.9940
1814     1814   (0)     17  : 0.0010 0.0020 0.0020 0.9950
1815     1815   (0)     17  : 0.0020 0.0020 0.0020 0.9940
1816     1816   (0)     17  : 0.0030 0.0080 0.0060 0.9830
1817     1817   (0)     17  : 0.0020 0.0030 0.0030 0.9920
1818     1818   (0)     17  : 0.0030 0.0070 0.0030 0.9870
1819     1819   (0)     17  : 0.0060 0.0539 0.0260 0.9141
1820     1820   (0)     17  : 0.0030 0.0030 0.0020 0.9920
1821     1821   (0)     17  : 0.0070 0.0070 0.0170 0.9690
1822     1822   (0)     17  : 0.0020 0.0070 0.0050 0.9860
1823     1823   (0)     17  : 0.0020 0.0020 0.0020 0.9940
1824     1824   (0)     17  : 0.0040 0.0030 0.0020 0.9910
1825     1825   (5)     17  : 0.0020 0.0020 0.0030 0.9930
1826     1826   (0)     17  : 0.0020 0.0040 0.0030 0.9910
1827     1827   (0)     17  : 0.0030 0.0100 0.0030 0.9840
1828     1828   (0)     17  : 0.0020 0.0040 0.0060 0.9880
1829     1829   (0)     17  : 0.0030 0.0020 0.0020 0.9930
1830     1830   (0)     17  : 0.0030 0.0060 0.0030 0.9880
1831     1831   (0)     17  : 0.0050 0.0020 0.0040 0.9890
1832     1832   (0)     17  : 0.0010 0.0020 0.0020 0.9950
1833     1833   (5)     17  : 0.0020 0.0020 0.0020 0.9940
1834     1834   (0)     17  : 0.0020 0.0150 0.0030 0.9800
1835     1835   (0)     17  : 0.0060 0.0020 0.0060 0.9860
1836     1836   (0)     17  : 0.0010 0.0020 0.0020 0.9950
1837     1837   (0)     17  : 0.0050 0.0020 0.0030 0.9900
1838     1838   (0)     17  : 0.0040 0.0040 0.0150 0.9770
1839     1839   (5)     17  : 0.0040 0.0050 0.0090 0.9820
1840     1840   (5)     17  : 0.0050 0.0090 0.0040 0.9820
1841     1841   (5)     17  : 0.0030 0.0060 0.0030 0.9880
1842     1842   (5)     17  : 0.0030 0.0010 0.0030 0.9930
1843     1843   (0)     18  : 0.0020 0.0020 0.0050 0.9910
1844     1844   (0)     18  : 0.0040 0.0020 0.0030 0.9910
1845     1845   (0)     18  : 0.0030 0.0060 0.0070 0.9840
1846     1846   (0)     18  : 0.0020 0.0020 0.0030 0.9930
1847     1847   (0)     18  : 0.0080 0.0080 0.0030 0.9810
1848     1848   (0)     18  : 0.0030 0.0030 0.0020 0.9920
1849     1849   (0)     18  : 0.0020 0.0030 0.0030 0.9920
1850     1850   (0)     18  : 0.0020 0.0030 0.0030 0.9920
1851     1851   (0)     18  : 0.0020 0.0150 0.0050 0.9780
1852     1852   (0)     18  : 0.0030 0.0040 0.0050 0.9880
1853     1853   (0)     18  : 0.0030 0.0040 0.0030 0.9900
1854     1854   (0)     18  : 0.0030 0.0030 0.0040 0.9900
1855     1855   (0)     18  : 0.0020 0.0070 0.0060 0.9850
1856     1856   (0)     18  : 0.0020 0.0020 0.0020 0.9940
1857     1857   (0)     18  : 0.0020 0.0030 0.0030 0.9920
1858     1858   (0)     18  : 0.0020 0.0050 0.0050 0.9880
1859     1859   (0)     18  : 0.0020 0.0200 0.0050 0.9730
1860     1860   (0)     18  : 0.0090 0.0030 0.0070 0.9810
1861     1861   (0)     18  : 0.0040 0.0020 0.0040 0.9900
1862     1862   (0)     18  : 0.0020 0.0010 0.0030 0.9940
1863     1863   (0)     18  : 0.0020 0.0010 0.0030 0.9940
1864     1864   (0)     18  : 0.0020 0.0050 0.0020 0.9910
1865     1865   (0)     18  : 0.0030 0.0090 0.0020 0.9860
1866     1866   (0)     18  : 0.0020 0.0020 0.0050 0.9910
1867     1867   (0)     18  : 0.0040 0.0020 0.0080 0.9860
1868     1868   (0)     18  : 0.0030 0.0090 0.0280 0.9600
1869     1869   (0)     18  : 0.0030 0.0120 0.0060 0.9790
1870     1870   (0)     18  : 0.0020 0.0070 0.0030 0.9880
1871     1871   (0)     18  : 0.0020 0.0080 0.0030 0.9870
1872     1872   (0)     18  : 0.0050 0.0050 0.0030 0.9870
1873     1873   (0)     18  : 0.0030 0.0040 0.0030 0.9900
1874     1874   (0)     18  : 0.0010 0.0020 0.0020 0.9950
1875     1875   (0)     18  : 0.0030 0.0040 0.0040 0.9890
1876     1876   (0)     18  : 0.0010 0.0020 0.0020 0.9950
1877     1877   (0)     18  : 0.0050 0.0320 0.0090 0.9540
1878     1878   (0)     18  : 0.0020 0.0020 0.0020 0.9940
1879     1879   (0)     18  : 0.0020 0.0110 0.0030 0.9840
1880     1880   (0)     18  : 0.0030 0.0020 0.0040 0.9910
1881     1881   (0)     18  : 0.0040 0.0020 0.0070 0.9870
1882     1882   (0)     18  : 0.0010 0.0040 0.0020 0.9930
1883     1883   (0)     18  : 0.0040 0.0110 0.0050 0.9800
1884     1884   (0)     18  : 0.0040 0.0020 0.0100 0.9840
1885     1885   (0)     18  : 0.0080 0.0050 0.0060 0.9810
1886     1886   (0)     18  : 0.0020 0.0020 0.0020 0.9940
1887     1887   (0)     18  : 0.0020 0.0090 0.0060 0.9830
1888     1888   (0)     18  : 0.0020 0.0020 0.0050 0.9910
1889     1889   (0)     18  : 0.0040 0.0020 0.0030 0.9910
1890     1890   (0)     18  : 0.0020 0.0010 0.0020 0.9950
1891     1891   (0)     18  : 0.0020 0.0030 0.0050 0.9900
1892     1892   (0)     18  : 0.0020 0.0010 0.0020 0.9950
1893     1893   (0)     18  : 0.0050 0.0040 0.0060 0.9850
1894     1894   (0)     18  : 0.0020 0.0020 0.0030 0.9930
1895     1895   (0)     18  : 0.0040 0.0500 0.0040 0.9420
1896     1896   (0)     18  : 0.0020 0.0020 0.0020 0.9940
1897     1897   (0)     18  : 0.0020 0.0030 0.0030 0.9920
1898     1898   (0)     18  : 0.0020 0.0050 0.0030 0.9900
1899     1899   (0)     18  : 0.0020 0.0060 0.0030 0.9890
1900     1900   (0)     18  : 0.0010 0.0030 0.0030 0.9930
1901     1901   (0)     18  : 0.0020 0.0020 0.0030 0.9930
1902     1902   (0)     18  : 0.0020 0.0030 0.0030 0.9920
1903     1903   (0)     18  : 0.0030 0.0020 0.0030 0.9920
1904     1904   (0)     18  : 0.0020 0.0020 0.0030 0.9930
1905     1905   (0)     18  : 0.0020 0.0020 0.0050 0.9910
1906     1906   (0)     18  : 0.0020 0.0020 0.0070 0.9890
1907     1907   (0)     18  : 0.0130 0.0270 0.0080 0.9520
1908     1908   (0)     18  : 0.0060 0.0020 0.0050 0.9870
1909     1909   (0)     18  : 0.0010 0.0020 0.0020 0.9950
1910     1910   (0)     18  : 0.0020 0.0020 0.0030 0.9930
1911     1911   (0)     18  : 0.0020 0.0020 0.0030 0.9930
1912     1912   (0)     18  : 0.0020 0.0020 0.0040 0.9920
1913     1913   (0)     18  : 0.0030 0.0030 0.0030 0.9910
1914     1914   (0)     18  : 0.0020 0.0100 0.0030 0.9850
1915     1915   (0)     18  : 0.0020 0.0050 0.0030 0.9900
1916     1916   (0)     18  : 0.0020 0.0150 0.0020 0.9810
1917     1917   (0)     18  : 0.0020 0.0040 0.0030 0.9910
1918     1918   (0)     18  : 0.0020 0.0020 0.0060 0.9900
1919     1919   (0)     18  : 0.0020 0.0050 0.0030 0.9900
1920     1920   (0)     18  : 0.0020 0.0020 0.0050 0.9910
1921     1921   (0)     18  : 0.0010 0.0020 0.0020 0.9950
1922     1922   (0)     18  : 0.0020 0.0030 0.0050 0.9900
1923     1923   (0)     18  : 0.0020 0.0030 0.0030 0.9920
1924     1924   (0)     18  : 0.0020 0.0020 0.0020 0.9940
1925     1925   (0)     18  : 0.0020 0.0060 0.0060 0.9860
1926     1926   (0)     18  : 0.0030 0.0030 0.0030 0.9910
1927     1927   (0)     18  : 0.0030 0.0040 0.0050 0.9880
1928     1928   (0)     18  : 0.0020 0.0060 0.0080 0.9840
1929     1929   (0)     18  : 0.0030 0.0020 0.0070 0.9880
1930     1930   (0)     18  : 0.0020 0.0030 0.0020 0.9930
1931     1931   (0)     18  : 0.0030 0.0030 0.0040 0.9900
1932     1932   (0)     18  : 0.0020 0.0020 0.0030 0.9930
1933     1933   (0)     18  : 0.0040 0.0030 0.0080 0.9850
1934     1934   (0)     18  : 0.0020 0.0010 0.0030 0.9940
1935     1935   (0)     18  : 0.0030 0.0020 0.0040 0.9910
1936     1936   (0)     18  : 0.0040 0.0040 0.0040 0.9880
1937     1937   (0)     18  : 0.0020 0.0030 0.0030 0.9920
1938     1938   (0)     18  : 0.0040 0.0020 0.0070 0.9870
1939     1939   (0)     18  : 0.0020 0.0040 0.0030 0.9910
1940     1940   (0)     18  : 0.0050 0.0040 0.0050 0.9860
1941     1941   (0)     18  : 0.0020 0.0040 0.0030 0.9910
1942     1942   (0)     18  : 0.0030 0.0020 0.0020 0.9930
1943     1943   (0)     18  : 0.0020 0.0020 0.0030 0.9930
1944     1944   (0)     18  : 0.0030 0.0020 0.0040 0.9910
1945     1945   (0)     18  : 0.0030 0.0040 0.0030 0.9900
1946     1946   (0)     18  : 0.0020 0.0060 0.0030 0.9890
1947     1947   (0)     18  : 0.0030 0.0020 0.0050 0.9900
1948     1948   (0)     18  : 0.0020 0.0040 0.0030 0.9910
1949     1949   (0)     18  : 0.0050 0.0070 0.0040 0.9840
1950     1950   (0)     18  : 0.0030 0.0070 0.0030 0.9870
1951     1951   (0)     18  : 0.0020 0.0040 0.0030 0.9910
1952     1952   (0)     18  : 0.0020 0.0060 0.0030 0.9890
1953     1953   (0)     18  : 0.0020 0.0060 0.0030 0.9890
1954     1954   (0)     18  : 0.0040 0.0040 0.0050 0.9870
1955     1955   (0)     18  : 0.0030 0.0020 0.0030 0.9920
1956     1956   (0)     18  : 0.0040 0.0030 0.0520 0.9410
1957     1957   (0)     18  : 0.0020 0.0040 0.0030 0.9910
1958     1958   (0)     18  : 0.0020 0.0690 0.0030 0.9260
1959     1959   (0)     18  : 0.0020 0.0030 0.0030 0.9920
1960     1960   (0)     18  : 0.0010 0.0020 0.0020 0.9950
1961     1961   (0)     18  : 0.0030 0.0040 0.0030 0.9900
1962     1962   (0)     18  : 0.0020 0.0030 0.0040 0.9910
1963     1963   (0)     18  : 0.0010 0.0050 0.0020 0.9920
1964     1964   (0)     18  : 0.0010 0.0070 0.0020 0.9900
1965     1965   (0)     18  : 0.0020 0.0070 0.0030 0.9880
1966     1966   (0)     18  : 0.0030 0.0020 0.0060 0.9890
1967     1967   (0)     18  : 0.0020 0.0050 0.0070 0.9860
1968     1968   (0)     18  : 0.0020 0.0080 0.0030 0.9870
1969     1969   (0)     18  : 0.0040 0.0280 0.0160 0.9520
1970     1970   (0)     18  : 0.0040 0.0030 0.0050 0.9880
1971     1971   (0)     18  : 0.0050 0.0120 0.0030 0.9800
1972     1972   (0)     18  : 0.0010 0.0020 0.0050 0.9920
1973     1973   (0)     18  : 0.0020 0.0020 0.0030 0.9930
1974     1974   (0)     18  : 0.0020 0.0050 0.0030 0.9900
1975     1975   (0)     18  : 0.0010 0.0010 0.0020 0.9960
1976     1976   (0)     18  : 0.0190 0.0020 0.0040 0.9750
1977     1977   (0)     18  : 0.0020 0.0030 0.0040 0.9910
1978     1978   (0)     18  : 0.0080 0.0040 0.0020 0.9860
1979     1979   (0)     18  : 0.0030 0.0040 0.0120 0.9810
1980     1980   (0)     18  : 0.0050 0.0350 0.0080 0.9520
1981     1981   (0)     18  : 0.0040 0.0030 0.0020 0.9910
1982     1982   (0)     18  : 0.0020 0.0240 0.0060 0.9680
1983     1983   (0)     18  : 0.0040 0.0030 0.0060 0.9870
1984     1984   (0)     18  : 0.0030 0.0030 0.0070 0.9870
1985     1985   (0)     18  : 0.0020 0.0010 0.0030 0.9940
1986     1986   (0)     18  : 0.0020 0.0040 0.0020 0.9920
1987     1987   (0)     18  : 0.0070 0.0020 0.0040 0.9870
1988     1988   (0)     18  : 0.0020 0.0040 0.0020 0.9920
1989     1989   (0)     18  : 0.0050 0.0050 0.0020 0.9880
1990     1990   (0)     18  : 0.0040 0.0050 0.0090 0.9820
1991     1991   (0)     18  : 0.0030 0.0050 0.0050 0.9870
1992     1992   (0)     18  : 0.0040 0.0060 0.0110 0.9790
1993     1993   (0)     18  : 0.0030 0.0020 0.0030 0.9920
1994     1994   (0)     18  : 0.0020 0.0120 0.0020 0.9840
1995     1995   (0)     18  : 0.0030 0.0130 0.0030 0.9810
1996     1996   (0)     18  : 0.0020 0.0080 0.0030 0.9870
1997     1997   (0)     18  : 0.0020 0.0040 0.0020 0.9920
1998     1998   (0)     18  : 0.0020 0.0020 0.0020 0.9940
1999     1999   (0)     18  : 0.0020 0.0050 0.0040 0.9890
2000     2000   (0)     18  : 0.0020 0.0030 0.0020 0.9930
2001     2001   (0)     18  : 0.0020 0.0130 0.0020 0.9830
2002     2002   (0)     18  : 0.0110 0.0020 0.0040 0.9830
2003     2003   (0)     18  : 0.0020 0.0020 0.0060 0.9900
2004     2004   (0)     18  : 0.0070 0.0030 0.0030 0.9870
2005     2005   (0)     18  : 0.0050 0.0020 0.0180 0.9750
2006     2006   (0)     18  : 0.0030 0.0020 0.0040 0.9910
2007     2007   (0)     18  : 0.0030 0.0040 0.0030 0.9900
2008     2008   (0)     18  : 0.0050 0.0050 0.0050 0.9850
2009     2009   (0)     18  : 0.0020 0.0020 0.0030 0.9930
2010     2010   (0)     18  : 0.0030 0.0050 0.0040 0.9880
2011     2011   (0)     18  : 0.0040 0.0040 0.0060 0.9860
2012     2012   (0)     18  : 0.0020 0.0030 0.0030 0.9920
2013     2013   (0)     18  : 0.0010 0.0180 0.0030 0.9780
2014     2014   (0)     18  : 0.0060 0.0030 0.0400 0.9510
2015     2015   (0)     18  : 0.0020 0.0050 0.0050 0.9880
2016     2016   (0)     18  : 0.0020 0.0030 0.0060 0.9890
2017     2017   (0)     18  : 0.0020 0.0030 0.0030 0.9920
2018     2018   (0)     18  : 0.0040 0.0020 0.0070 0.9870
2019     2019   (0)     18  : 0.0020 0.0040 0.0030 0.9910
2020     2020   (0)     18  : 0.0030 0.0040 0.0030 0.9900
2021     2021   (0)     18  : 0.0030 0.0040 0.0040 0.9890
2022     2022   (0)     18  : 0.0040 0.0030 0.0140 0.9790
2023     2023   (0)     18  : 0.0010 0.0020 0.0020 0.9950
2024     2024   (0)     18  : 0.0020 0.0280 0.0020 0.9680
2025     2025   (0)     18  : 0.0020 0.0110 0.0030 0.9840
2026     2026   (0)     18  : 0.0020 0.0030 0.0020 0.9930
2027     2027   (0)     18  : 0.0020 0.0030 0.0040 0.9910
2028     2028   (0)     18  : 0.0020 0.0040 0.0020 0.9920
2029     2029   (0)     18  : 0.0040 0.0030 0.0060 0.9870
2030     2030   (0)     18  : 0.0040 0.0050 0.0030 0.9880
2031     2031   (0)     18  : 0.0020 0.0030 0.0040 0.9910
2032     2032   (0)     18  : 0.0020 0.0030 0.0040 0.9910
2033     2033   (0)     18  : 0.0030 0.0040 0.0070 0.9860
2034     2034   (0)     18  : 0.0020 0.0020 0.0030 0.9930
2035     2035   (0)     18  : 0.0040 0.0030 0.0020 0.9910
2036     2036   (0)     18  : 0.0030 0.0020 0.0060 0.9890
2037     2037   (0)     18  : 0.0020 0.0030 0.0020 0.9930
2038     2038   (0)     18  : 0.0020 0.0060 0.0020 0.9900
2039     2039   (0)     18  : 0.0030 0.0040 0.0080 0.9850
2040     2040   (0)     18  : 0.0020 0.0010 0.0020 0.9950
2041     2041   (0)     18  : 0.0060 0.0270 0.0040 0.9630
2042     2042   (0)     18  : 0.0020 0.0150 0.0020 0.9810
2043     2043   (0)     18  : 0.0050 0.0030 0.0230 0.9690
2044     2044   (0)     18  : 0.0030 0.0040 0.0050 0.9880
2045     2045   (0)     18  : 0.0020 0.0020 0.0030 0.9930
2046     2046   (0)     18  : 0.0020 0.0020 0.0020 0.9940
2047     2047   (0)     18  : 0.0010 0.0020 0.0020 0.9950
2048     2048   (0)     18  : 0.0020 0.0060 0.0040 0.9880
2049     2049   (0)     18  : 0.0020 0.0020 0.0030 0.9930
2050     2050   (0)     18  : 0.0020 0.0030 0.0040 0.9910
2051     2051   (0)     18  : 0.0020 0.0020 0.0050 0.9910
2052     2052   (0)     18  : 0.0030 0.0020 0.0030 0.9920
2053     2053   (0)     18  : 0.0020 0.0030 0.0030 0.9920
2054     2054   (0)     18  : 0.0050 0.0080 0.0030 0.9840
2055     2055   (0)     18  : 0.0040 0.0080 0.0070 0.9810
2056     2056   (0)     18  : 0.0020 0.0020 0.0020 0.9940
2057     2057   (0)     18  : 0.0020 0.0020 0.0030 0.9930
2058     2058   (0)     18  : 0.0040 0.0030 0.0050 0.9880
2059     2059   (0)     18  : 0.0020 0.0030 0.0030 0.9920
2060     2060   (0)     18  : 0.0030 0.0040 0.0030 0.9900
2061     2061   (0)     18  : 0.0020 0.0030 0.0080 0.9870
2062     2062   (0)     18  : 0.0030 0.0040 0.0040 0.9890
2063     2063   (0)     18  : 0.0020 0.0030 0.0030 0.9920
2064     2064   (0)     18  : 0.0070 0.0030 0.0060 0.9840
2065     2065   (0)     18  : 0.0020 0.0020 0.0030 0.9930
2066     2066   (0)     18  : 0.0030 0.0030 0.0030 0.9910
2067     2067   (0)     18  : 0.0090 0.0240 0.0090 0.9580
2068     2068   (0)     18  : 0.0040 0.0040 0.0400 0.9520
2069     2069   (0)     18  : 0.0010 0.0040 0.0050 0.9900
2070     2070   (0)     18  : 0.0010 0.0020 0.0020 0.9950
2071     2071   (0)     18  : 0.0040 0.0050 0.0060 0.9850
2072     2072   (0)     18  : 0.0030 0.0020 0.0030 0.9920
2073     2073   (0)     18  : 0.0050 0.0070 0.0070 0.9810
2074     2074   (0)     18  : 0.0010 0.0020 0.0020 0.9950
2075     2075   (0)     18  : 0.0020 0.0020 0.0030 0.9930
2076     2076   (0)     18  : 0.0030 0.0020 0.0030 0.9920
2077     2077   (0)     18  : 0.0040 0.0030 0.0020 0.9910
2078     2078   (0)     18  : 0.0020 0.0010 0.0040 0.9930
2079     2079   (0)     18  : 0.0030 0.0060 0.0070 0.9840
2080     2080   (0)     18  : 0.0050 0.0030 0.0110 0.9810
2081     2081   (0)     18  : 0.0020 0.0020 0.0020 0.9940
2082     2082   (0)     18  : 0.0020 0.0040 0.0020 0.9920
2083     2083   (0)     18  : 0.0020 0.0899 0.0030 0.9051
2084     2084   (0)     18  : 0.0020 0.0030 0.0020 0.9930
2085     2085   (0)     18  : 0.0020 0.0030 0.0020 0.9930
2086     2086   (0)     18  : 0.0030 0.0020 0.0030 0.9920
2087     2087   (0)     18  : 0.0020 0.0020 0.0040 0.9920
2088     2088   (0)     18  : 0.0020 0.0020 0.0040 0.9920
2089     2089   (0)     18  : 0.0090 0.0180 0.0210 0.9520
2090     2090   (0)     18  : 0.0020 0.0020 0.0020 0.9940
2091     2091   (0)     18  : 0.0020 0.0040 0.0030 0.9910
2092     2092   (0)     18  : 0.0020 0.0080 0.0040 0.9860
2093     2093   (0)     18  : 0.0040 0.0060 0.0100 0.9800
2094     2094   (0)     18  : 0.0020 0.0030 0.0020 0.9930
2095     2095   (0)     18  : 0.0030 0.0020 0.0020 0.9930
2096     2096   (0)     18  : 0.0020 0.0020 0.0020 0.9940
2097     2097   (0)     18  : 0.0020 0.0020 0.0080 0.9880
2098     2098   (0)     18  : 0.0010 0.0010 0.0030 0.9950
2099     2099   (0)     18  : 0.0020 0.0030 0.0030 0.9920
2100     2100   (0)     18  : 0.0040 0.0060 0.0060 0.9840
2101     2101   (0)     18  : 0.0020 0.0100 0.0060 0.9820
2102     2102   (0)     18  : 0.0020 0.0040 0.0020 0.9920
2103     2103   (0)     18  : 0.0020 0.0020 0.0020 0.9940
2104     2104   (0)     18  : 0.0040 0.0140 0.0030 0.9790
2105     2105   (0)     18  : 0.0020 0.0020 0.0030 0.9930
2106     2106   (0)     18  : 0.0020 0.0030 0.0030 0.9920
2107     2107   (0)     18  : 0.0040 0.0020 0.0020 0.9920
2108     2108   (0)     18  : 0.0020 0.0050 0.0020 0.9910
2109     2109   (0)     18  : 0.0020 0.0020 0.0020 0.9940
2110     2110   (0)     18  : 0.0040 0.0030 0.0070 0.9860
2111     2111   (0)     18  : 0.0040 0.0020 0.0030 0.9910
2112     2112   (0)     18  : 0.0020 0.0020 0.0040 0.9920
2113     2113   (0)     18  : 0.0020 0.0020 0.0030 0.9930
2114     2114   (0)     18  : 0.0020 0.0040 0.0040 0.9900
2115     2115   (0)     18  : 0.0030 0.0810 0.0050 0.9110
2116     2116   (0)     18  : 0.0020 0.0030 0.0020 0.9930
2117     2117   (0)     18  : 0.0020 0.0030 0.0030 0.9920
2118     2118   (0)     18  : 0.0020 0.0020 0.0030 0.9930
2119     2119   (0)     18  : 0.0100 0.0020 0.0120 0.9760
2120     2120   (0)     18  : 0.0010 0.0030 0.0020 0.9940
2121     2121   (0)     18  : 0.0010 0.0020 0.0030 0.9940
2122     2122   (0)     18  : 0.0030 0.0030 0.0040 0.9900
2123     2123   (0)     18  : 0.0030 0.0060 0.0280 0.9630
2124     2124   (0)     18  : 0.0020 0.0020 0.0030 0.9930
2125     2125   (0)     18  : 0.0020 0.0030 0.0030 0.9920
2126     2126   (0)     18  : 0.0010 0.0030 0.0020 0.9940
2127     2127   (0)     18  : 0.0020 0.0030 0.0020 0.9930
2128     2128   (0)     18  : 0.0020 0.0010 0.0030 0.9940
2129     2129   (0)     18  : 0.0020 0.0020 0.0050 0.9910
2130     2130   (0)     18  : 0.0030 0.0220 0.0090 0.9660
2131     2131   (0)     18  : 0.0020 0.0020 0.0020 0.9940
2132     2132   (0)     18  : 0.0020 0.0020 0.0040 0.9920
2133     2133   (0)     18  : 0.0030 0.0020 0.0030 0.9920
2134     2134   (0)     18  : 0.0020 0.0030 0.0040 0.9910
2135     2135   (0)     18  : 0.0030 0.0020 0.0110 0.9840
2136     2136   (0)     18  : 0.0010 0.0010 0.0030 0.9950
2137     2137   (0)     18  : 0.0070 0.0110 0.0030 0.9790
2138     2138   (0)     18  : 0.0020 0.0020 0.0110 0.9850
2139     2139   (0)     18  : 0.0020 0.0030 0.0030 0.9920
2140     2140   (0)     18  : 0.0020 0.0030 0.0020 0.9930
2141     2141   (0)     18  : 0.0030 0.0090 0.0070 0.9810
2142     2142   (0)     18  : 0.0020 0.0030 0.0030 0.9920
