   1        1   (5)      1 :  0.0030 0.0050 0.0050 0.9730 0.0070 0.0070 
   2        2   (5)      1 :  0.0100 0.0060 0.0120 0.9618 0.0032 0.0070 
   3        3   (5)      1 :  0.0030 0.0040 0.0030 0.9820 0.0040 0.0040 
   4        4   (0)      1 :  0.0040 0.0030 0.0020 0.9830 0.0050 0.0030 
   5        5   (0)      1 :  0.0090 0.0536 0.0080 0.8888 0.0166 0.0240 
   6        6   (0)      1 :  0.0040 0.0040 0.0040 0.9770 0.0050 0.0060 
   7        7   (0)      1 :  0.0070 0.0100 0.0867 0.8853 0.0020 0.0090 
   8        8   (5)      1 :  0.0030 0.0030 0.0030 0.9840 0.0040 0.0030 
   9        9   (0)      1 :  0.0030 0.0020 0.0030 0.9870 0.0030 0.0020 
  10       10   (0)      1 :  0.0070 0.0050 0.0202 0.9568 0.0040 0.0070 
  11       11   (0)      1 :  0.0040 0.0050 0.0060 0.9790 0.0020 0.0040 
  12       12   (0)      1 :  0.0080 0.0050 0.0080 0.9720 0.0030 0.0040 
  13       13   (0)      1 :  0.0060 0.0024 0.0030 0.9846 0.0020 0.0020 
  14       14   (0)      1 :  0.0030 0.0040 0.0040 0.9810 0.0060 0.0020 
  15       15   (0)      1 :  0.0030 0.0050 0.0040 0.9830 0.0030 0.0020 
  16       16   (0)      1 :  0.0020 0.0032 0.0020 0.9858 0.0050 0.0020 
  17       17   (0)      1 :  0.0020 0.0030 0.0030 0.9880 0.0020 0.0020 
  18       18   (0)      1 :  0.0050 0.0090 0.0070 0.9610 0.0030 0.0150 
  19       19   (0)      1 :  0.0110 0.0020 0.0030 0.9716 0.0040 0.0084 
  20       20   (0)      1 :  0.0080 0.0142 0.0148 0.9450 0.0060 0.0120 
  21       21   (0)      1 :  0.0040 0.0020 0.0030 0.9860 0.0030 0.0020 
  22       22   (0)      1 :  0.0020 0.0030 0.0020 0.9830 0.0070 0.0030 
  23       23   (0)      1 :  0.0020 0.0020 0.0020 0.9830 0.0050 0.0060 
  24       24   (0)      1 :  0.0070 0.0040 0.0030 0.9680 0.0100 0.0080 
  25       25   (0)      1 :  0.0090 0.0050 0.0170 0.9610 0.0040 0.0040 
  26       26   (0)      1 :  0.0060 0.0030 0.0040 0.9800 0.0040 0.0030 
  27       27   (5)      1 :  0.0050 0.0180 0.0368 0.9181 0.0030 0.0190 
  28       28   (0)      1 :  0.0020 0.0110 0.0040 0.9722 0.0056 0.0052 
  29       29   (0)      1 :  0.0030 0.0040 0.0030 0.9750 0.0090 0.0060 
  30       30   (0)      1 :  0.0100 0.0040 0.0130 0.9370 0.0120 0.0240 
  31       31   (0)      1 :  0.0020 0.0030 0.0030 0.9816 0.0030 0.0074 
  32       32   (0)      1 :  0.0080 0.0328 0.0050 0.9463 0.0040 0.0040 
  33       33   (0)      1 :  0.0020 0.0030 0.0020 0.9860 0.0030 0.0040 
  34       34   (0)      1 :  0.0020 0.0020 0.0020 0.9860 0.0050 0.0030 
  35       35   (0)      1 :  0.0050 0.0108 0.0090 0.8904 0.0050 0.0798 
  36       36   (0)      1 :  0.0030 0.0298 0.0030 0.9552 0.0040 0.0050 
  37       37   (0)      1 :  0.0060 0.0060 0.0070 0.9730 0.0030 0.0050 
  38       38   (0)      1 :  0.0070 0.0030 0.0040 0.9800 0.0030 0.0030 
  39       39   (0)      1 :  0.0100 0.0130 0.0092 0.9598 0.0030 0.0050 
  40       40   (0)      1 :  0.0050 0.0050 0.0040 0.9692 0.0062 0.0106 
  41       41   (0)      1 :  0.0030 0.0050 0.0040 0.9790 0.0040 0.0050 
  42       42   (0)      1 :  0.0020 0.0020 0.0020 0.9880 0.0030 0.0030 
  43       43   (0)      1 :  0.0030 0.0040 0.0040 0.9830 0.0030 0.0030 
  44       44   (0)      1 :  0.0020 0.0022 0.0020 0.9898 0.0020 0.0020 
  45       45   (5)      1 :  0.0060 0.0078 0.0060 0.9742 0.0030 0.0030 
  46       46   (0)      1 :  0.0020 0.0030 0.0030 0.9800 0.0070 0.0050 
  47       47   (0)      1 :  0.0020 0.0040 0.0056 0.9784 0.0060 0.0040 
  48       48   (0)      1 :  0.0030 0.0050 0.0050 0.9706 0.0094 0.0070 
  49       49   (0)      1 :  0.0100 0.0030 0.0056 0.9774 0.0020 0.0020 
  50       50   (0)      1 :  0.0030 0.0040 0.0040 0.9800 0.0050 0.0040 
  51       51   (0)      1 :  0.0070 0.0030 0.0050 0.9780 0.0030 0.0040 
  52       52   (0)      1 :  0.0238 0.0050 0.0124 0.9434 0.0072 0.0082 
  53       53   (0)      1 :  0.0030 0.0030 0.0060 0.9690 0.0120 0.0070 
  54       54   (0)      1 :  0.0020 0.0060 0.0050 0.9790 0.0040 0.0040 
  55       55   (0)      1 :  0.0030 0.0040 0.0050 0.9820 0.0030 0.0030 
  56       56   (0)      1 :  0.0022 0.0050 0.0030 0.9818 0.0050 0.0030 
  57       57  (10)      1 :  0.0050 0.0080 0.0030 0.9780 0.0030 0.0030 
  58       58   (5)      1 :  0.0040 0.0070 0.0050 0.9740 0.0060 0.0040 
  59       59   (0)      1 :  0.0050 0.0030 0.0050 0.9760 0.0070 0.0040 
  60       60   (0)      1 :  0.0020 0.0030 0.0040 0.9870 0.0020 0.0020 
  61       61   (0)      1 :  0.0030 0.0040 0.0050 0.9714 0.0060 0.0106 
  62       62   (0)      1 :  0.0030 0.0030 0.0070 0.9802 0.0030 0.0038 
  63       63   (0)      1 :  0.0030 0.0060 0.0070 0.9770 0.0030 0.0040 
  64       64   (0)      1 :  0.0030 0.0030 0.0040 0.9810 0.0030 0.0060 
  65       65   (0)      1 :  0.0210 0.0230 0.0110 0.9370 0.0020 0.0060 
  66       66   (0)      1 :  0.0030 0.0070 0.0030 0.9740 0.0050 0.0080 
  67       67   (5)      1 :  0.0120 0.0100 0.0050 0.9550 0.0140 0.0040 
  68       68   (0)      1 :  0.0038 0.0060 0.0110 0.9612 0.0120 0.0060 
  69       69   (0)      1 :  0.0020 0.0030 0.0070 0.9830 0.0020 0.0030 
  70       70   (0)      1 :  0.0030 0.0050 0.0040 0.9810 0.0050 0.0020 
  71       71   (5)      1 :  0.0040 0.0090 0.0050 0.9648 0.0060 0.0112 
  72       72   (0)      1 :  0.0080 0.0030 0.0060 0.9760 0.0020 0.0050 
  73       73   (5)      1 :  0.0022 0.0040 0.0040 0.9678 0.0040 0.0180 
  74       74  (10)      1 :  0.0060 0.0060 0.0060 0.9728 0.0050 0.0042 
  75       75  (10)      1 :  0.0150 0.0030 0.0040 0.9680 0.0030 0.0070 
  76       76   (0)      1 :  0.0032 0.0030 0.0020 0.8395 0.1463 0.0060 
  77       77  (10)      1 :  0.0040 0.0030 0.0030 0.9550 0.0310 0.0040 
  78       78   (0)      1 :  0.0070 0.0070 0.0060 0.9329 0.0342 0.0130 
  79       79   (5)      1 :  0.0030 0.0070 0.0160 0.9532 0.0078 0.0130 
  80       80   (0)      1 :  0.0030 0.0030 0.0030 0.9858 0.0032 0.0020 
  81       81   (0)      1 :  0.0030 0.0020 0.0030 0.9860 0.0030 0.0030 
  82       82   (0)      1 :  0.0030 0.0020 0.0030 0.9870 0.0020 0.0030 
  83       83   (0)      1 :  0.0040 0.0060 0.0070 0.9281 0.0510 0.0040 
  84       84   (0)      1 :  0.0092 0.0090 0.0096 0.9662 0.0020 0.0040 
  85       85   (0)      1 :  0.0020 0.0030 0.0030 0.9870 0.0020 0.0030 
  86       86   (5)      1 :  0.0030 0.0022 0.0030 0.9858 0.0030 0.0030 
  87       87   (0)      1 :  0.0030 0.0050 0.0030 0.9820 0.0040 0.0030 
  88       88   (0)      1 :  0.0086 0.0074 0.0062 0.8121 0.1557 0.0100 
  89       89   (0)      1 :  0.0220 0.0090 0.0040 0.9522 0.0088 0.0040 
  90       90   (0)      1 :  0.0030 0.0132 0.0060 0.9648 0.0080 0.0050 
  91       91   (0)      1 :  0.0036 0.0040 0.0050 0.9764 0.0060 0.0050 
  92       92   (0)      1 :  0.0030 0.0294 0.0110 0.9434 0.0050 0.0082 
  93       93   (0)      1 :  0.0020 0.0020 0.0030 0.9868 0.0032 0.0030 
  94       94   (5)      1 :  0.0100 0.0040 0.0030 0.9584 0.0166 0.0080 
  95       95   (0)      1 :  0.0040 0.0030 0.0034 0.9816 0.0050 0.0030 
  96       96   (5)      1 :  0.0030 0.0020 0.0030 0.9880 0.0020 0.0020 
  97       97   (0)      1 :  0.0020 0.0070 0.0110 0.9590 0.0190 0.0020 
  98       98   (0)      1 :  0.0050 0.0040 0.0040 0.9750 0.0030 0.0090 
  99       99   (5)      1 :  0.0040 0.0050 0.0030 0.9820 0.0030 0.0030 
 100      100   (5)      1 :  0.0020 0.0030 0.0030 0.9870 0.0030 0.0020 
 101      101   (0)      2 :  0.0030 0.0050 0.0050 0.9682 0.0148 0.0040 
 102      102   (0)      2 :  0.0198 0.0042 0.0050 0.9640 0.0040 0.0030 
 103      103   (0)      2 :  0.0040 0.0040 0.0030 0.9840 0.0020 0.0030 
 104      104   (0)      2 :  0.0020 0.0050 0.0030 0.9800 0.0070 0.0030 
 105      105   (0)      2 :  0.0140 0.0030 0.0030 0.9730 0.0030 0.0040 
 106      106   (0)      2 :  0.0020 0.0030 0.0036 0.9756 0.0128 0.0030 
 107      107   (0)      2 :  0.0020 0.0050 0.0030 0.9790 0.0070 0.0040 
 108      108   (0)      2 :  0.0030 0.0050 0.0030 0.9610 0.0240 0.0040 
 109      109   (0)      2 :  0.0030 0.0040 0.0060 0.9810 0.0030 0.0030 
 110      110   (0)      2 :  0.0030 0.0030 0.0030 0.9860 0.0020 0.0030 
 111      111   (0)      2 :  0.0030 0.0030 0.0030 0.9830 0.0050 0.0030 
 112      112   (0)      2 :  0.0030 0.0030 0.0020 0.9860 0.0020 0.0040 
 113      113   (0)      2 :  0.0030 0.0034 0.0040 0.9816 0.0040 0.0040 
 114      114   (0)      2 :  0.0020 0.0034 0.0030 0.9806 0.0080 0.0030 
 115      115   (0)      2 :  0.0040 0.0030 0.0030 0.9780 0.0080 0.0040 
 116      116   (0)      2 :  0.0078 0.0120 0.0080 0.9472 0.0040 0.0210 
 117      117   (0)      2 :  0.0090 0.0030 0.0030 0.9770 0.0030 0.0050 
 118      118   (0)      2 :  0.0038 0.0030 0.0050 0.9772 0.0040 0.0070 
 119      119   (0)      2 :  0.0060 0.0110 0.0170 0.9576 0.0040 0.0044 
 120      120   (0)      2 :  0.0030 0.0290 0.0160 0.9400 0.0040 0.0080 
 121      121   (0)      2 :  0.0070 0.0040 0.0040 0.9794 0.0030 0.0026 
 122      122   (0)      2 :  0.0030 0.0050 0.0108 0.9696 0.0050 0.0066 
 123      123   (0)      2 :  0.0030 0.0060 0.0030 0.9690 0.0110 0.0080 
 124      124   (0)      2 :  0.0050 0.0020 0.0030 0.9850 0.0020 0.0030 
 125      125   (0)      2 :  0.0030 0.0030 0.0030 0.9860 0.0020 0.0030 
 126      126   (0)      2 :  0.0020 0.0040 0.0030 0.9842 0.0028 0.0040 
 127      127   (0)      2 :  0.0070 0.0080 0.0080 0.9610 0.0060 0.0100 
 128      128   (0)      2 :  0.0060 0.0040 0.0054 0.9736 0.0060 0.0050 
 129      129   (0)      2 :  0.0060 0.0050 0.0060 0.9600 0.0152 0.0078 
 130      130   (0)      2 :  0.0060 0.0040 0.0040 0.9744 0.0056 0.0060 
 131      131   (0)      2 :  0.0070 0.0080 0.0046 0.9662 0.0072 0.0070 
 132      132   (0)      2 :  0.0040 0.0030 0.0086 0.9784 0.0030 0.0030 
 133      133   (0)      2 :  0.0030 0.0398 0.0130 0.9037 0.0304 0.0100 
 134      134   (0)      2 :  0.0028 0.0090 0.0050 0.9490 0.0282 0.0060 
 135      135   (0)      2 :  0.0020 0.0030 0.0030 0.9772 0.0108 0.0040 
 136      136   (0)      2 :  0.0040 0.0030 0.0030 0.9840 0.0020 0.0040 
 137      137   (0)      2 :  0.0070 0.0030 0.0030 0.9810 0.0040 0.0020 
 138      138   (0)      2 :  0.0030 0.0152 0.0194 0.9484 0.0050 0.0090 
 139      139   (0)      2 :  0.0020 0.0020 0.0020 0.9900 0.0020 0.0020 
 140      140   (0)      2 :  0.0282 0.0468 0.0218 0.8943 0.0030 0.0060 
 141      141   (0)      2 :  0.0030 0.0030 0.0030 0.9742 0.0148 0.0020 
 142      142   (0)      2 :  0.0040 0.0048 0.0050 0.9772 0.0050 0.0040 
 143      143   (0)      2 :  0.0050 0.0100 0.0060 0.9702 0.0040 0.0048 
 144      144   (0)      2 :  0.0030 0.0040 0.0080 0.9800 0.0020 0.0030 
 145      145   (0)      2 :  0.0200 0.0036 0.0102 0.9562 0.0060 0.0040 
 146      146   (0)      2 :  0.0020 0.0030 0.0030 0.9860 0.0030 0.0030 
 147      147   (0)      2 :  0.0104 0.0050 0.0062 0.9734 0.0020 0.0030 
 148      148   (0)      2 :  0.0070 0.0030 0.0030 0.9810 0.0040 0.0020 
 149      149   (0)      2 :  0.0030 0.0040 0.0030 0.9800 0.0070 0.0030 
 150      150   (0)      2 :  0.0062 0.0060 0.0038 0.9538 0.0242 0.0060 
 151      151   (0)      2 :  0.0090 0.0076 0.0128 0.9109 0.0537 0.0060 
 152      152   (0)      2 :  0.0030 0.0100 0.0170 0.9520 0.0040 0.0140 
 153      153   (0)      2 :  0.0020 0.0020 0.0026 0.9882 0.0030 0.0022 
 154      154   (0)      2 :  0.0020 0.0060 0.0030 0.9800 0.0040 0.0050 
 155      155   (0)      2 :  0.0060 0.0050 0.0030 0.9770 0.0050 0.0040 
 156      156   (0)      2 :  0.0040 0.0088 0.0070 0.9722 0.0030 0.0050 
 157      157   (0)      2 :  0.0020 0.0120 0.0030 0.9598 0.0182 0.0050 
 158      158   (0)      2 :  0.0050 0.0030 0.0030 0.9820 0.0040 0.0030 
 159      159   (0)      2 :  0.0030 0.0030 0.0030 0.9840 0.0040 0.0030 
 160      160   (0)      2 :  0.0120 0.0050 0.0110 0.9640 0.0020 0.0060 
 161      161   (0)      2 :  0.0070 0.0030 0.0040 0.9720 0.0090 0.0050 
 162      162   (0)      2 :  0.0090 0.0050 0.0050 0.9402 0.0228 0.0180 
 163      163   (0)      2 :  0.0030 0.0030 0.0030 0.9870 0.0020 0.0020 
 164      164   (0)      2 :  0.0050 0.0040 0.0110 0.9610 0.0150 0.0040 
 165      165   (0)      2 :  0.0020 0.0030 0.0030 0.9790 0.0090 0.0040 
 166      166   (0)      2 :  0.0060 0.0020 0.0030 0.9840 0.0020 0.0030 
 167      167   (0)      2 :  0.0030 0.0040 0.0070 0.9800 0.0030 0.0030 
 168      168   (0)      2 :  0.0040 0.0038 0.0028 0.9844 0.0020 0.0030 
 169      169   (0)      2 :  0.0030 0.0030 0.0030 0.9850 0.0030 0.0030 
 170      170   (0)      2 :  0.0030 0.0040 0.0030 0.9730 0.0090 0.0080 
 171      171   (0)      2 :  0.0030 0.0040 0.0050 0.9774 0.0050 0.0056 
 172      172   (0)      2 :  0.0054 0.0020 0.0030 0.9856 0.0020 0.0020 
 173      173   (0)      2 :  0.0020 0.0050 0.0060 0.9790 0.0050 0.0030 
 174      174   (0)      2 :  0.0030 0.0030 0.0040 0.9790 0.0080 0.0030 
 175      175   (0)      2 :  0.0030 0.0030 0.0030 0.9640 0.0200 0.0070 
 176      176   (0)      2 :  0.0040 0.0078 0.0060 0.9772 0.0020 0.0030 
 177      177   (0)      2 :  0.0030 0.0050 0.0066 0.9754 0.0060 0.0040 
 178      178   (0)      2 :  0.0080 0.0040 0.0060 0.9740 0.0040 0.0040 
 179      179   (0)      2 :  0.0020 0.0034 0.0030 0.9866 0.0020 0.0030 
 180      180   (0)      2 :  0.0046 0.0050 0.0020 0.9824 0.0020 0.0040 
 181      181   (0)      2 :  0.0060 0.0050 0.0050 0.9682 0.0030 0.0128 
 182      182   (0)      2 :  0.0020 0.0040 0.0020 0.9860 0.0030 0.0030 
 183      183   (0)      2 :  0.0060 0.0030 0.0050 0.9710 0.0058 0.0092 
 184      184   (0)      2 :  0.0030 0.0040 0.0020 0.9860 0.0030 0.0020 
 185      185   (0)      2 :  0.0030 0.0704 0.0218 0.8716 0.0060 0.0272 
 186      186   (0)      2 :  0.0034 0.0100 0.0100 0.9696 0.0030 0.0040 
 187      187   (0)      2 :  0.0020 0.0050 0.0020 0.9800 0.0060 0.0050 
 188      188   (0)      2 :  0.0020 0.0030 0.0020 0.9860 0.0030 0.0040 
 189      189   (0)      2 :  0.0050 0.0050 0.0050 0.9800 0.0030 0.0020 
 190      190   (0)      2 :  0.0042 0.0020 0.0030 0.9858 0.0030 0.0020 
 191      191   (0)      2 :  0.0070 0.0120 0.0080 0.9462 0.0208 0.0060 
 192      192   (0)      2 :  0.0020 0.0030 0.0020 0.9740 0.0150 0.0040 
 193      193   (0)      2 :  0.0040 0.0070 0.0100 0.9630 0.0120 0.0040 
 194      194   (0)      2 :  0.0090 0.0050 0.0030 0.9720 0.0030 0.0080 
 195      195   (0)      2 :  0.0040 0.0030 0.0050 0.9792 0.0058 0.0030 
 196      196   (0)      2 :  0.0050 0.0032 0.0050 0.9798 0.0030 0.0040 
 197      197   (0)      2 :  0.0030 0.0030 0.0040 0.9840 0.0020 0.0040 
 198      198   (0)      2 :  0.0060 0.0078 0.0060 0.9702 0.0040 0.0060 
 199      199   (0)      2 :  0.0020 0.0030 0.0020 0.9860 0.0050 0.0020 
 200      200   (0)      2 :  0.0050 0.0050 0.0050 0.9752 0.0048 0.0050 
 201      201   (0)      2 :  0.0020 0.0050 0.0020 0.9834 0.0030 0.0046 
 202      202   (0)      2 :  0.0030 0.0090 0.0030 0.9440 0.0370 0.0040 
 203      203   (0)      2 :  0.0040 0.0020 0.0030 0.9840 0.0020 0.0050 
 204      204   (0)      2 :  0.0100 0.0040 0.0040 0.9770 0.0020 0.0030 
 205      205   (0)      2 :  0.0030 0.0030 0.0040 0.9830 0.0030 0.0040 
 206      206   (0)      2 :  0.0060 0.0060 0.0040 0.9730 0.0050 0.0060 
 207      207   (0)      2 :  0.0050 0.0040 0.0050 0.9692 0.0080 0.0088 
 208      208   (0)      2 :  0.0034 0.0040 0.0060 0.9764 0.0052 0.0050 
 209      209   (0)      2 :  0.0040 0.0060 0.0090 0.9620 0.0100 0.0090 
 210      210   (0)      2 :  0.0030 0.0050 0.0040 0.9830 0.0020 0.0030 
 211      211   (0)      2 :  0.0030 0.0060 0.0030 0.9800 0.0030 0.0050 
 212      212   (0)      2 :  0.0160 0.0070 0.0210 0.9490 0.0030 0.0040 
 213      213   (0)      2 :  0.0020 0.0148 0.0150 0.9218 0.0290 0.0174 
 214      214   (0)      2 :  0.0020 0.0030 0.0020 0.9880 0.0030 0.0020 
 215      215   (0)      2 :  0.0020 0.0026 0.0030 0.9844 0.0050 0.0030 
 216      216   (0)      2 :  0.0080 0.0040 0.0040 0.9780 0.0030 0.0030 
 217      217   (0)      2 :  0.0040 0.0030 0.0020 0.9658 0.0222 0.0030 
 218      218   (0)      2 :  0.0020 0.0108 0.0060 0.9322 0.0420 0.0070 
 219      219   (0)      2 :  0.0020 0.0030 0.0020 0.9800 0.0100 0.0030 
 220      220   (0)      2 :  0.0050 0.0030 0.0030 0.9830 0.0030 0.0030 
 221      221   (0)      2 :  0.0020 0.0030 0.0030 0.9870 0.0030 0.0020 
 222      222   (0)      2 :  0.0060 0.0100 0.0090 0.9596 0.0040 0.0114 
 223      223   (0)      2 :  0.0060 0.0070 0.0140 0.9586 0.0040 0.0104 
 224      224   (0)      2 :  0.0080 0.0080 0.0040 0.9720 0.0030 0.0050 
 225      225   (0)      2 :  0.0020 0.0030 0.0020 0.9870 0.0020 0.0040 
 226      226   (0)      2 :  0.0028 0.0026 0.0030 0.9318 0.0578 0.0020 
 227      227   (0)      2 :  0.0070 0.0060 0.0422 0.9120 0.0258 0.0070 
 228      228   (0)      2 :  0.0020 0.0050 0.0020 0.9860 0.0020 0.0030 
 229      229   (0)      2 :  0.0050 0.0030 0.0028 0.9832 0.0040 0.0020 
 230      230   (0)      2 :  0.0030 0.0030 0.0050 0.9746 0.0114 0.0030 
 231      231   (0)      2 :  0.0040 0.0040 0.0030 0.9790 0.0040 0.0060 
 232      232   (0)      2 :  0.0020 0.0030 0.0030 0.9870 0.0030 0.0020 
 233      233   (0)      2 :  0.0020 0.0020 0.0020 0.9860 0.0050 0.0030 
 234      234   (0)      2 :  0.0040 0.0050 0.0050 0.9790 0.0030 0.0040 
 235      235   (0)      2 :  0.0020 0.0030 0.0030 0.9870 0.0030 0.0020 
 236      236   (0)      2 :  0.0020 0.0090 0.0110 0.9658 0.0030 0.0092 
 237      237   (0)      2 :  0.0060 0.0030 0.0140 0.9468 0.0020 0.0282 
 238      238   (0)      2 :  0.0264 0.0070 0.0228 0.9254 0.0134 0.0050 
 239      239   (0)      2 :  0.0040 0.0040 0.0040 0.9760 0.0030 0.0090 
 240      240   (0)      2 :  0.0030 0.0020 0.0020 0.9860 0.0050 0.0020 
 241      241   (0)      2 :  0.0040 0.0080 0.0040 0.9662 0.0108 0.0070 
 242      242   (0)      2 :  0.0030 0.0030 0.0030 0.9870 0.0020 0.0020 
 243      243   (0)      2 :  0.0100 0.0378 0.0392 0.8960 0.0040 0.0130 
 244      244   (0)      2 :  0.0020 0.0020 0.0020 0.9890 0.0030 0.0020 
 245      245   (0)      2 :  0.0080 0.0040 0.0030 0.9790 0.0030 0.0030 
 246      246   (0)      2 :  0.0020 0.0040 0.0020 0.9850 0.0040 0.0030 
 247      247   (0)      2 :  0.0050 0.0060 0.0060 0.9470 0.0040 0.0320 
 248      248   (0)      2 :  0.0030 0.0050 0.0070 0.9760 0.0050 0.0040 
 249      249   (0)      2 :  0.0020 0.0020 0.0020 0.9890 0.0030 0.0020 
 250      250   (0)      2 :  0.0232 0.0120 0.0110 0.9408 0.0050 0.0080 
 251      251   (0)      2 :  0.0040 0.0050 0.0050 0.9772 0.0050 0.0038 
 252      252   (0)      2 :  0.0020 0.0048 0.0030 0.9842 0.0030 0.0030 
 253      253   (0)      2 :  0.0020 0.0050 0.0040 0.9700 0.0120 0.0070 
 254      254   (0)      2 :  0.0030 0.0020 0.0020 0.9890 0.0020 0.0020 
 255      255   (0)      2 :  0.0030 0.0050 0.0050 0.9594 0.0040 0.0236 
 256      256   (0)      2 :  0.0060 0.0050 0.0030 0.9750 0.0050 0.0060 
 257      257   (0)      2 :  0.0030 0.0030 0.0020 0.9830 0.0060 0.0030 
 258      258   (0)      2 :  0.0050 0.0040 0.0040 0.9800 0.0040 0.0030 
 259      259   (0)      2 :  0.0030 0.0100 0.0036 0.9702 0.0040 0.0092 
 260      260   (0)      2 :  0.0040 0.0030 0.0030 0.9840 0.0030 0.0030 
 261      261   (0)      2 :  0.0030 0.0030 0.0040 0.9820 0.0030 0.0050 
 262      262   (0)      2 :  0.0304 0.0030 0.0070 0.9486 0.0060 0.0050 
 263      263   (0)      2 :  0.0060 0.0030 0.0050 0.9586 0.0120 0.0154 
 264      264   (0)      2 :  0.0030 0.0040 0.0030 0.9840 0.0030 0.0030 
 265      265   (0)      2 :  0.0040 0.0030 0.0050 0.9810 0.0030 0.0040 
 266      266   (0)      2 :  0.0060 0.0140 0.0140 0.9406 0.0130 0.0124 
 267      267   (0)      2 :  0.0060 0.0040 0.0070 0.9760 0.0040 0.0030 
 268      268   (0)      2 :  0.0040 0.0030 0.0050 0.9820 0.0030 0.0030 
 269      269   (0)      2 :  0.0020 0.0030 0.0030 0.9870 0.0020 0.0030 
 270      270   (0)      2 :  0.0030 0.0040 0.0040 0.9810 0.0030 0.0050 
 271      271   (0)      2 :  0.0174 0.0030 0.0050 0.9626 0.0030 0.0090 
 272      272   (0)      2 :  0.0060 0.0030 0.0078 0.9622 0.0170 0.0040 
 273      273   (0)      2 :  0.0030 0.0050 0.0060 0.9790 0.0030 0.0040 
 274      274   (0)      2 :  0.0040 0.0040 0.0060 0.9770 0.0060 0.0030 
 275      275   (0)      2 :  0.0030 0.0030 0.0020 0.9870 0.0030 0.0020 
 276      276   (0)      2 :  0.0040 0.0030 0.0090 0.9700 0.0050 0.0090 
 277      277   (0)      2 :  0.0080 0.0050 0.0070 0.9708 0.0042 0.0050 
 278      278   (0)      2 :  0.0030 0.0040 0.0040 0.9810 0.0050 0.0030 
 279      279   (0)      2 :  0.0030 0.0020 0.0030 0.9850 0.0040 0.0030 
 280      280   (0)      2 :  0.0060 0.0040 0.0060 0.9760 0.0050 0.0030 
 281      281   (0)      2 :  0.0040 0.0038 0.0070 0.9742 0.0040 0.0070 
 282      282   (0)      2 :  0.0030 0.0040 0.0080 0.9590 0.0150 0.0110 
 283      283   (0)      2 :  0.0046 0.0080 0.0040 0.9688 0.0106 0.0040 
 284      284   (0)      2 :  0.0030 0.0070 0.0050 0.9770 0.0030 0.0050 
 285      285   (0)      2 :  0.0060 0.0070 0.0040 0.9750 0.0050 0.0030 
 286      286   (0)      2 :  0.0030 0.0050 0.0050 0.9790 0.0040 0.0040 
 287      287   (0)      2 :  0.0020 0.0040 0.0050 0.9840 0.0030 0.0020 
 288      288   (0)      2 :  0.0040 0.0040 0.0050 0.9790 0.0040 0.0040 
 289      289   (0)      2 :  0.0050 0.0110 0.0060 0.9630 0.0120 0.0030 
 290      290   (0)      2 :  0.0116 0.0264 0.0714 0.8368 0.0060 0.0478 
 291      291   (0)      2 :  0.0020 0.0030 0.0030 0.9880 0.0020 0.0020 
 292      292   (0)      2 :  0.0060 0.0034 0.0040 0.9592 0.0060 0.0214 
 293      293   (0)      2 :  0.0080 0.0128 0.0160 0.9296 0.0050 0.0286 
 294      294   (0)      2 :  0.0020 0.0020 0.0020 0.9820 0.0090 0.0030 
 295      295   (0)      2 :  0.0100 0.0040 0.0060 0.9750 0.0030 0.0020 
 296      296   (0)      2 :  0.0050 0.0030 0.0020 0.9840 0.0040 0.0020 
 297      297   (0)      2 :  0.0040 0.0030 0.0030 0.9810 0.0050 0.0040 
 298      298   (0)      2 :  0.0040 0.0030 0.0020 0.9860 0.0020 0.0030 
 299      299   (0)      2 :  0.0032 0.0050 0.0030 0.9830 0.0020 0.0038 
 300      300   (0)      2 :  0.0030 0.0040 0.0040 0.9840 0.0020 0.0030 
 301      301   (5)      3 :  0.0050 0.0070 0.3908 0.5902 0.0030 0.0040 
 302      302   (0)      3 :  0.0240 0.0472 0.6253 0.2801 0.0060 0.0174 
 303      303   (0)      3 :  0.0090 0.0050 0.5203 0.4399 0.0150 0.0108 
 304      304   (5)      3 :  0.0070 0.0110 0.4928 0.3352 0.0040 0.1500 
 305      305   (5)      3 :  0.0110 0.0230 0.6182 0.3388 0.0020 0.0070 
 306      306   (0)      3 :  0.0334 0.0080 0.7120 0.2273 0.0084 0.0110 
 307      307   (0)      4 :  0.1092 0.0078 0.4595 0.4085 0.0060 0.0090 
 308      308   (0)      4 :  0.0102 0.0356 0.3555 0.5797 0.0100 0.0090 
 309      309   (0)      4 :  0.0682 0.1087 0.3892 0.4118 0.0060 0.0160 
 310      310   (0)      4 :  0.0276 0.0060 0.3821 0.5713 0.0060 0.0070 
 311      311   (0)      4 :  0.0506 0.0512 0.5749 0.3042 0.0070 0.0120 
 312      312   (0)      4 :  0.0050 0.0310 0.5740 0.3610 0.0040 0.0250 
 313      313   (0)      4 :  0.0282 0.0158 0.5479 0.3544 0.0060 0.0478 
 314      314   (0)      4 :  0.0322 0.0762 0.7711 0.0750 0.0334 0.0120 
 315      315   (0)      4 :  0.0080 0.0344 0.3173 0.5937 0.0126 0.0340 
 316      316   (0)      4 :  0.0060 0.0090 0.5365 0.4345 0.0090 0.0050 
 317      317   (0)      4 :  0.0082 0.0292 0.5327 0.4111 0.0128 0.0060 
 318      318   (0)      4 :  0.0080 0.4617 0.2817 0.1914 0.0262 0.0310 
 319      319   (0)      4 :  0.0070 0.0092 0.4773 0.4839 0.0060 0.0166 
 320      320   (0)      4 :  0.0050 0.0146 0.4264 0.5470 0.0030 0.0040 
 321      321   (0)      4 :  0.0032 0.0060 0.5055 0.4763 0.0030 0.0060 
 322      322   (0)      4 :  0.0030 0.0080 0.5152 0.4658 0.0030 0.0050 
 323      323   (0)      4 :  0.0140 0.0278 0.3109 0.6293 0.0030 0.0150 
 324      324   (0)      4 :  0.0050 0.0154 0.5636 0.3874 0.0190 0.0096 
 325      325   (0)      4 :  0.0170 0.0178 0.7363 0.2026 0.0182 0.0080 
 326      326   (0)      4 :  0.0050 0.0102 0.5666 0.3952 0.0190 0.0040 
 327      327   (0)      4 :  0.0022 0.0070 0.5496 0.4351 0.0030 0.0030 
 328      328   (0)      4 :  0.2254 0.0080 0.1322 0.5969 0.0060 0.0316 
 329      329   (0)      4 :  0.0030 0.1382 0.4010 0.4488 0.0040 0.0050 
 330      330   (0)      4 :  0.0090 0.0050 0.5727 0.4053 0.0040 0.0040 
 331      331   (0)      4 :  0.0040 0.1871 0.4614 0.2875 0.0060 0.0540 
 332      332   (0)      4 :  0.0090 0.0060 0.4434 0.5316 0.0040 0.0060 
 333      333   (0)      4 :  0.0030 0.0150 0.5907 0.3823 0.0030 0.0060 
 334      334   (0)      4 :  0.0060 0.0160 0.3119 0.6589 0.0040 0.0032 
 335      335   (0)      4 :  0.0040 0.0080 0.3687 0.6093 0.0060 0.0040 
 336      336   (0)      4 :  0.0050 0.0090 0.3603 0.6101 0.0056 0.0100 
 337      337   (0)      4 :  0.0040 0.0200 0.4394 0.5258 0.0030 0.0078 
 338      338   (0)      4 :  0.0040 0.0482 0.3163 0.5876 0.0220 0.0220 
 339      339   (0)      4 :  0.0020 0.0040 0.5353 0.4485 0.0062 0.0040 
 340      340   (0)      4 :  0.0284 0.0180 0.5382 0.3517 0.0070 0.0566 
 341      341   (0)      4 :  0.0040 0.0036 0.4218 0.5626 0.0030 0.0050 
 342      342   (0)      4 :  0.0138 0.0106 0.5286 0.3960 0.0400 0.0110 
 343      343   (0)      4 :  0.0030 0.0160 0.4133 0.5600 0.0030 0.0048 
 344      344   (0)      4 :  0.0030 0.0070 0.4902 0.4918 0.0030 0.0050 
 345      345   (0)      4 :  0.0070 0.0118 0.6305 0.3285 0.0070 0.0152 
 346      346   (0)      4 :  0.0060 0.0118 0.3840 0.5786 0.0146 0.0050 
 347      347   (0)      4 :  0.0290 0.0180 0.3505 0.5427 0.0090 0.0508 
 348      348   (0)      4 :  0.0050 0.0080 0.4862 0.4848 0.0080 0.0080 
 349      349   (0)      4 :  0.0050 0.0114 0.4509 0.5167 0.0080 0.0080 
 350      350   (0)      4 :  0.0060 0.0050 0.5570 0.4081 0.0100 0.0140 
 351      351   (0)      4 :  0.0030 0.0142 0.3533 0.5979 0.0276 0.0040 
 352      352   (0)      4 :  0.0392 0.0318 0.3621 0.5462 0.0060 0.0148 
 353      353   (0)      4 :  0.0104 0.0040 0.5508 0.4247 0.0050 0.0050 
 354      354   (0)      4 :  0.0030 0.0040 0.7060 0.2770 0.0040 0.0060 
 355      355   (0)      4 :  0.0050 0.0060 0.4187 0.5623 0.0050 0.0030 
 356      356   (0)      4 :  0.0056 0.0100 0.5134 0.4366 0.0304 0.0040 
 357      357   (0)      4 :  0.0160 0.0060 0.6345 0.3345 0.0060 0.0030 
 358      358   (0)      4 :  0.2542 0.0342 0.0494 0.6462 0.0060 0.0100 
 359      359   (0)      4 :  0.0040 0.0040 0.6048 0.3742 0.0080 0.0050 
 360      360   (0)      4 :  0.0030 0.0442 0.3251 0.6207 0.0030 0.0040 
 361      361   (0)      4 :  0.0030 0.0040 0.6291 0.3599 0.0020 0.0020 
 362      362   (0)      4 :  0.0050 0.0158 0.5032 0.4226 0.0020 0.0514 
 363      363   (0)      4 :  0.0030 0.0110 0.4420 0.5198 0.0152 0.0090 
 364      364   (0)      4 :  0.0050 0.0040 0.6067 0.3743 0.0060 0.0040 
 365      365   (0)      4 :  0.0040 0.0260 0.4299 0.5341 0.0020 0.0040 
 366      366   (0)      4 :  0.0096 0.0100 0.4231 0.4737 0.0114 0.0722 
 367      367   (0)      4 :  0.0842 0.0548 0.3912 0.4456 0.0060 0.0182 
 368      368   (0)      4 :  0.1652 0.2774 0.2576 0.2828 0.0060 0.0110 
 369      369   (0)      4 :  0.0080 0.0094 0.8611 0.1115 0.0060 0.0040 
 370      370   (0)      4 :  0.0072 0.0088 0.4571 0.5141 0.0070 0.0058 
 371      371   (0)      4 :  0.0474 0.0090 0.4190 0.5126 0.0030 0.0090 
 372      372   (0)      4 :  0.0054 0.0090 0.5597 0.4119 0.0050 0.0090 
 373      373   (0)      4 :  0.0020 0.0070 0.4729 0.5091 0.0050 0.0040 
 374      374   (0)      4 :  0.0050 0.0288 0.4673 0.4949 0.0020 0.0020 
 375      375   (0)      4 :  0.0080 0.0090 0.5228 0.4534 0.0030 0.0038 
 376      376   (0)      4 :  0.0030 0.0060 0.3983 0.5817 0.0080 0.0030 
 377      377   (0)      4 :  0.0030 0.0060 0.5502 0.4288 0.0060 0.0060 
 378      378   (0)      4 :  0.0050 0.0040 0.6215 0.3599 0.0030 0.0066 
 379      379   (0)      4 :  0.0060 0.0078 0.6455 0.3277 0.0050 0.0080 
 380      380   (0)      4 :  0.0130 0.0040 0.5875 0.3859 0.0040 0.0056 
 381      381   (0)      4 :  0.0060 0.0150 0.6062 0.3502 0.0040 0.0186 
 382      382   (0)      4 :  0.0070 0.0336 0.5145 0.4177 0.0090 0.0182 
 383      383   (0)      4 :  0.0154 0.0364 0.4682 0.4526 0.0040 0.0234 
 384      384   (0)      4 :  0.0090 0.0236 0.3589 0.5208 0.0030 0.0848 
 385      385   (0)      4 :  0.0100 0.0150 0.5314 0.4116 0.0240 0.0080 
 386      386   (0)      4 :  0.0060 0.1313 0.2915 0.5604 0.0068 0.0040 
 387      387   (0)      4 :  0.0050 0.0040 0.4303 0.5383 0.0080 0.0144 
 388      388   (0)      4 :  0.0040 0.0064 0.4252 0.5594 0.0020 0.0030 
 389      389   (0)      4 :  0.0050 0.0100 0.4283 0.5248 0.0130 0.0190 
 390      390   (0)      4 :  0.0110 0.0050 0.5880 0.3770 0.0110 0.0080 
 391      391   (0)      4 :  0.0140 0.0114 0.4602 0.4644 0.0040 0.0460 
 392      392   (0)      4 :  0.0060 0.0274 0.3968 0.5568 0.0070 0.0060 
 393      393   (0)      4 :  0.0220 0.0060 0.3890 0.5730 0.0040 0.0060 
 394      394   (0)      4 :  0.0704 0.0094 0.3249 0.5755 0.0030 0.0168 
 395      395   (0)      4 :  0.0050 0.0060 0.3717 0.5869 0.0044 0.0260 
 396      396   (0)      4 :  0.0070 0.0453 0.6099 0.3170 0.0060 0.0148 
 397      397   (0)      4 :  0.0178 0.0080 0.5017 0.4655 0.0030 0.0040 
 398      398   (0)      4 :  0.0030 0.0060 0.4197 0.5603 0.0060 0.0050 
 399      399   (0)      4 :  0.0100 0.0100 0.4094 0.5626 0.0040 0.0040 
 400      400   (0)      4 :  0.0120 0.0100 0.5075 0.4375 0.0060 0.0270 
 401      401   (0)      4 :  0.0050 0.0472 0.5392 0.3848 0.0198 0.0040 
 402      402   (0)      4 :  0.0040 0.0120 0.4936 0.4764 0.0060 0.0080 
 403      403   (0)      4 :  0.0040 0.0080 0.5667 0.4073 0.0080 0.0060 
 404      404   (0)      4 :  0.0036 0.0090 0.5119 0.4635 0.0030 0.0090 
 405      405   (0)      4 :  0.0160 0.0070 0.5364 0.4264 0.0040 0.0102 
 406      406   (0)      4 :  0.0040 0.0060 0.4520 0.5310 0.0040 0.0030 
 407      407   (0)      5 :  0.0510 0.5666 0.0070 0.3664 0.0030 0.0060 
 408      408   (0)      5 :  0.0268 0.6096 0.0050 0.3510 0.0040 0.0036 
 409      409   (0)      5 :  0.0070 0.2122 0.4155 0.3553 0.0030 0.0070 
 410      410   (0)      5 :  0.0042 0.5095 0.0110 0.4499 0.0100 0.0154 
 411      411   (0)      5 :  0.0100 0.4047 0.0070 0.5151 0.0060 0.0572 
 412      412   (0)      5 :  0.0080 0.5352 0.0070 0.4018 0.0380 0.0100 
 413      413   (0)      5 :  0.0020 0.4918 0.0060 0.4922 0.0040 0.0040 
 414      414   (0)      5 :  0.0050 0.1060 0.0100 0.5176 0.3574 0.0040 
 415      415   (0)      5 :  0.0030 0.3500 0.1182 0.5170 0.0070 0.0048 
 416      416   (0)      5 :  0.0060 0.5142 0.0090 0.4500 0.0158 0.0050 
 417      417   (0)      5 :  0.0100 0.5025 0.0080 0.4715 0.0030 0.0050 
 418      418   (0)      5 :  0.0050 0.5803 0.0060 0.4007 0.0040 0.0040 
 419      419   (0)      5 :  0.0102 0.3541 0.0494 0.4943 0.0566 0.0354 
 420      420   (0)      5 :  0.0106 0.2743 0.0990 0.6010 0.0020 0.0130 
 421      421   (0)      5 :  0.0040 0.4594 0.0070 0.5192 0.0030 0.0074 
 422      422   (0)      5 :  0.0040 0.5840 0.0288 0.3552 0.0230 0.0050 
 423      423   (0)      5 :  0.0030 0.8275 0.0070 0.1515 0.0040 0.0070 
 424      424   (0)      5 :  0.0070 0.5427 0.0070 0.4163 0.0180 0.0090 
 425      425   (0)      5 :  0.0030 0.0792 0.2982 0.5926 0.0210 0.0060 
 426      426   (0)      5 :  0.0090 0.5551 0.0070 0.4219 0.0050 0.0020 
 427      427   (0)      5 :  0.0060 0.5093 0.0100 0.4627 0.0050 0.0070 
 428      428   (0)      5 :  0.0286 0.2188 0.0292 0.5570 0.0060 0.1603 
 429      429   (0)      5 :  0.0050 0.5709 0.0110 0.3991 0.0070 0.0070 
 430      430   (0)      5 :  0.0030 0.4748 0.0020 0.5132 0.0040 0.0030 
 431      431   (0)      5 :  0.0090 0.4953 0.0060 0.4697 0.0080 0.0120 
 432      432   (0)      5 :  0.0080 0.2791 0.1421 0.5570 0.0060 0.0078 
 433      433   (0)      5 :  0.0416 0.3155 0.0146 0.5681 0.0152 0.0450 
 434      434   (0)      5 :  0.0030 0.5774 0.0060 0.4006 0.0090 0.0040 
 435      435   (0)      5 :  0.0190 0.7487 0.0046 0.2127 0.0080 0.0070 
 436      436   (0)      5 :  0.0220 0.3235 0.0226 0.5888 0.0182 0.0248 
 437      437   (0)      5 :  0.0090 0.4149 0.0070 0.5611 0.0050 0.0030 
 438      438   (0)      5 :  0.0050 0.4723 0.0040 0.5097 0.0030 0.0060 
 439      439   (0)      5 :  0.0040 0.4879 0.0020 0.4991 0.0040 0.0030 
 440      440   (0)      5 :  0.0110 0.4045 0.0264 0.5332 0.0060 0.0190 
 441      441   (0)      5 :  0.0040 0.6311 0.0070 0.3459 0.0060 0.0060 
 442      442   (0)      5 :  0.0030 0.3976 0.0080 0.4854 0.0096 0.0964 
 443      443   (0)      5 :  0.0080 0.5028 0.0390 0.4352 0.0090 0.0060 
 444      444   (0)      5 :  0.0050 0.6119 0.0050 0.3613 0.0040 0.0128 
 445      445   (0)      5 :  0.0030 0.4865 0.0160 0.4675 0.0050 0.0220 
 446      446   (0)      5 :  0.0040 0.4578 0.0060 0.5232 0.0040 0.0050 
 447      447   (0)      5 :  0.0292 0.3171 0.0070 0.6216 0.0080 0.0170 
 448      448   (0)      5 :  0.0050 0.4058 0.0060 0.5722 0.0030 0.0080 
 449      449   (0)      5 :  0.0040 0.4409 0.0060 0.5361 0.0080 0.0050 
 450      450   (0)      5 :  0.0082 0.5676 0.0090 0.3802 0.0220 0.0130 
 451      451   (0)      5 :  0.0080 0.2921 0.0638 0.6249 0.0038 0.0074 
 452      452   (0)      5 :  0.0232 0.4694 0.0050 0.4868 0.0060 0.0096 
 453      453   (0)      5 :  0.0040 0.4488 0.0194 0.5118 0.0100 0.0060 
 454      454   (0)      5 :  0.0086 0.4374 0.0090 0.5028 0.0170 0.0252 
 455      455   (0)      5 :  0.0040 0.3729 0.0060 0.5912 0.0210 0.0050 
 456      456   (0)      5 :  0.0020 0.4660 0.0040 0.5214 0.0030 0.0036 
 457      457   (0)      5 :  0.0050 0.4259 0.0082 0.5499 0.0070 0.0040 
 458      458   (0)      5 :  0.0146 0.5589 0.0090 0.3213 0.0816 0.0146 
 459      459   (0)      5 :  0.0058 0.6264 0.0142 0.3376 0.0110 0.0050 
 460      460   (0)      5 :  0.0040 0.4121 0.0050 0.5639 0.0040 0.0110 
 461      461   (0)      5 :  0.0100 0.4780 0.0040 0.4772 0.0228 0.0080 
 462      462   (0)      5 :  0.0070 0.4773 0.0050 0.4967 0.0040 0.0100 
 463      463   (0)      5 :  0.0220 0.5423 0.0050 0.4196 0.0040 0.0070 
 464      464   (0)      5 :  0.0330 0.2675 0.0310 0.6525 0.0050 0.0110 
 465      465   (0)      5 :  0.0080 0.6957 0.0230 0.1813 0.0060 0.0860 
 466      466   (0)      5 :  0.0030 0.4901 0.0050 0.4839 0.0060 0.0120 
 467      467   (0)      5 :  0.0100 0.6559 0.0120 0.3081 0.0080 0.0060 
 468      468   (0)      5 :  0.0060 0.4104 0.0110 0.5116 0.0220 0.0390 
 469      469   (0)      5 :  0.0646 0.4489 0.0278 0.4397 0.0030 0.0160 
 470      470   (0)      5 :  0.0050 0.3639 0.0080 0.6110 0.0070 0.0050 
 471      471   (0)      5 :  0.0090 0.3677 0.0100 0.5699 0.0060 0.0374 
 472      472   (0)      5 :  0.0090 0.3709 0.0056 0.6064 0.0040 0.0040 
 473      473   (0)      5 :  0.0030 0.5930 0.0030 0.3930 0.0030 0.0050 
 474      474   (0)      5 :  0.0020 0.3867 0.0152 0.5761 0.0140 0.0060 
 475      475   (0)      5 :  0.0168 0.3810 0.0110 0.4826 0.0090 0.0996 
 476      476   (0)      5 :  0.0050 0.3922 0.0040 0.5753 0.0062 0.0172 
 477      477   (0)      5 :  0.0298 0.2825 0.0878 0.5849 0.0040 0.0110 
 478      478   (0)      5 :  0.0050 0.6691 0.0150 0.2889 0.0030 0.0190 
 479      479   (0)      5 :  0.0050 0.4784 0.0090 0.4978 0.0030 0.0068 
 480      480   (0)      5 :  0.0130 0.2480 0.1017 0.6283 0.0020 0.0070 
 481      481   (0)      5 :  0.0130 0.4318 0.0060 0.5182 0.0240 0.0070 
 482      482   (0)      5 :  0.0070 0.5724 0.0070 0.3807 0.0180 0.0150 
 483      483   (0)      5 :  0.0168 0.5929 0.0040 0.3673 0.0120 0.0070 
 484      484   (0)      5 :  0.0140 0.5680 0.0182 0.3888 0.0060 0.0050 
 485      485   (0)      5 :  0.0190 0.4877 0.0150 0.4723 0.0020 0.0040 
 486      486   (0)      5 :  0.0070 0.5985 0.0050 0.3305 0.0250 0.0340 
 487      487   (0)      5 :  0.0030 0.4871 0.0140 0.4207 0.0462 0.0290 
 488      488   (0)      5 :  0.0050 0.5544 0.0070 0.4267 0.0030 0.0040 
 489      489   (0)      5 :  0.0020 0.5168 0.0040 0.4682 0.0040 0.0050 
 490      490   (0)      5 :  0.0112 0.1579 0.1237 0.5576 0.0060 0.1435 
 491      491   (0)      5 :  0.0020 0.5025 0.0050 0.4705 0.0050 0.0150 
 492      492   (0)      5 :  0.0030 0.3247 0.0060 0.6239 0.0220 0.0204 
 493      493   (0)      5 :  0.0080 0.2351 0.2711 0.4450 0.0142 0.0266 
 494      494   (0)      5 :  0.0090 0.4487 0.0030 0.5283 0.0070 0.0040 
 495      495   (0)      5 :  0.0120 0.3641 0.0050 0.6089 0.0050 0.0050 
 496      496   (0)      5 :  0.0050 0.5481 0.0080 0.3970 0.0110 0.0310 
 497      497   (0)      5 :  0.0130 0.0963 0.0040 0.7084 0.1597 0.0186 
 498      498   (0)      5 :  0.0090 0.0850 0.0828 0.4396 0.0140 0.3697 
 499      499   (0)      5 :  0.0060 0.2537 0.0192 0.6453 0.0060 0.0698 
 500      500   (0)      5 :  0.0060 0.2347 0.0838 0.6535 0.0070 0.0150 
 501      501   (0)      5 :  0.0034 0.3685 0.0050 0.5018 0.1134 0.0080 
 502      502   (0)      5 :  0.0170 0.5349 0.0080 0.4321 0.0040 0.0040 
 503      503   (0)      5 :  0.0120 0.4417 0.0338 0.4785 0.0250 0.0090 
 504      504   (0)      5 :  0.0040 0.6333 0.0080 0.3447 0.0060 0.0040 
 505      505   (0)      5 :  0.0774 0.2491 0.0578 0.5947 0.0020 0.0190 
 506      506   (0)      5 :  0.0030 0.6007 0.0060 0.3795 0.0068 0.0040 
 507      507   (0)      6 :  0.2998 0.0058 0.0040 0.6844 0.0020 0.0040 
 508      508   (0)      6 :  0.3377 0.0260 0.0060 0.6253 0.0020 0.0030 
 509      509   (0)      6 :  0.3788 0.0040 0.0110 0.5982 0.0050 0.0030 
 510      510   (0)      6 :  0.4937 0.0160 0.0070 0.4545 0.0208 0.0080 
 511      511   (0)      6 :  0.5903 0.0068 0.0050 0.3889 0.0060 0.0030 
 512      512   (0)      6 :  0.5286 0.0170 0.0130 0.4234 0.0050 0.0130 
 513      513   (0)      6 :  0.4296 0.0126 0.0110 0.5368 0.0040 0.0060 
 514      514   (0)      6 :  0.4739 0.0060 0.0090 0.5001 0.0030 0.0080 
 515      515   (0)      6 :  0.4115 0.0116 0.0100 0.5525 0.0030 0.0114 
 516      516   (0)      6 :  0.5150 0.0030 0.0060 0.4710 0.0020 0.0030 
 517      517   (0)      6 :  0.3985 0.0040 0.0030 0.5815 0.0060 0.0070 
 518      518   (0)      6 :  0.4236 0.0060 0.0050 0.5574 0.0040 0.0040 
 519      519   (0)      6 :  0.5041 0.0030 0.0020 0.4869 0.0020 0.0020 
 520      520   (0)      6 :  0.3831 0.0232 0.0230 0.5473 0.0044 0.0190 
 521      521   (0)      6 :  0.3691 0.0020 0.0030 0.6169 0.0020 0.0070 
 522      522   (0)      6 :  0.3812 0.0040 0.0030 0.6048 0.0050 0.0020 
 523      523   (0)      6 :  0.5585 0.0040 0.0040 0.4277 0.0030 0.0028 
 524      524   (0)      6 :  0.6236 0.0100 0.0080 0.3347 0.0060 0.0178 
 525      525   (0)      6 :  0.4973 0.0384 0.0112 0.3914 0.0090 0.0526 
 526      526   (0)      6 :  0.6997 0.0352 0.0050 0.2521 0.0040 0.0040 
 527      527   (0)      6 :  0.3761 0.0050 0.0100 0.5145 0.0688 0.0256 
 528      528   (0)      6 :  0.3997 0.0060 0.0070 0.5793 0.0040 0.0040 
 529      529   (0)      6 :  0.6125 0.0050 0.0020 0.3715 0.0030 0.0060 
 530      530   (0)      6 :  0.4909 0.0050 0.0030 0.4941 0.0040 0.0030 
 531      531   (0)      6 :  0.5888 0.0030 0.0046 0.3966 0.0040 0.0030 
 532      532   (0)      6 :  0.4623 0.0034 0.0070 0.5183 0.0040 0.0050 
 533      533   (0)      6 :  0.5362 0.0030 0.0020 0.4548 0.0020 0.0020 
 534      534   (0)      6 :  0.5477 0.0050 0.0040 0.4363 0.0030 0.0040 
 535      535   (0)      6 :  0.6458 0.0050 0.0050 0.3342 0.0050 0.0050 
 536      536   (0)      6 :  0.4684 0.0040 0.0060 0.5146 0.0030 0.0040 
 537      537   (0)      6 :  0.3384 0.0030 0.0030 0.6516 0.0020 0.0020 
 538      538   (0)      6 :  0.6052 0.0100 0.0060 0.3688 0.0030 0.0070 
 539      539   (0)      6 :  0.6049 0.0274 0.0150 0.3387 0.0060 0.0080 
 540      540   (0)      6 :  0.4409 0.0050 0.0070 0.5421 0.0020 0.0030 
 541      541   (0)      6 :  0.4020 0.0110 0.0040 0.5780 0.0020 0.0030 
 542      542   (0)      6 :  0.5034 0.0120 0.0050 0.4686 0.0050 0.0060 
 543      543   (0)      6 :  0.3898 0.0160 0.0070 0.5762 0.0060 0.0050 
 544      544   (0)      6 :  0.5125 0.0030 0.0070 0.4715 0.0040 0.0020 
 545      545   (0)      6 :  0.6297 0.0470 0.0424 0.2709 0.0060 0.0040 
 546      546   (0)      6 :  0.5396 0.0030 0.0030 0.4494 0.0030 0.0020 
 547      547   (0)      6 :  0.6659 0.0040 0.0030 0.3201 0.0020 0.0050 
 548      548   (0)      6 :  0.5395 0.0050 0.0060 0.4425 0.0030 0.0040 
 549      549   (0)      6 :  0.4840 0.0138 0.0056 0.4716 0.0170 0.0080 
 550      550   (0)      6 :  0.5027 0.0060 0.0040 0.4793 0.0040 0.0040 
 551      551   (0)      6 :  0.5419 0.0050 0.0186 0.4275 0.0030 0.0040 
 552      552   (0)      6 :  0.4789 0.0030 0.0030 0.5063 0.0030 0.0058 
 553      553   (0)      6 :  0.4263 0.0040 0.0030 0.5593 0.0030 0.0044 
 554      554   (0)      6 :  0.5028 0.0070 0.0030 0.4812 0.0020 0.0040 
 555      555   (0)      6 :  0.1220 0.0140 0.0158 0.7411 0.0130 0.0940 
 556      556   (0)      6 :  0.5733 0.0030 0.0030 0.4117 0.0050 0.0040 
 557      557   (0)      6 :  0.4436 0.0050 0.0060 0.5364 0.0040 0.0050 
 558      558   (0)      6 :  0.5902 0.0030 0.0030 0.3998 0.0020 0.0020 
 559      559   (0)      6 :  0.5316 0.0040 0.0040 0.4544 0.0020 0.0040 
 560      560   (0)      6 :  0.5270 0.0040 0.0048 0.4542 0.0040 0.0060 
 561      561   (0)      6 :  0.5356 0.0090 0.0058 0.4396 0.0030 0.0070 
 562      562   (0)      6 :  0.5237 0.0038 0.0060 0.4585 0.0030 0.0050 
 563      563   (0)      6 :  0.4510 0.0040 0.0040 0.5292 0.0060 0.0058 
 564      564   (0)      6 :  0.3475 0.0040 0.0060 0.6371 0.0030 0.0024 
 565      565   (0)      6 :  0.5101 0.0060 0.0180 0.4595 0.0030 0.0034 
 566      566   (0)      6 :  0.5484 0.0220 0.0046 0.4060 0.0080 0.0110 
 567      567   (0)      6 :  0.4343 0.0040 0.0040 0.5495 0.0052 0.0030 
 568      568   (0)      6 :  0.4957 0.0044 0.0040 0.4849 0.0030 0.0080 
 569      569   (0)      6 :  0.6573 0.0100 0.0070 0.2627 0.0090 0.0540 
 570      570   (0)      6 :  0.3874 0.0150 0.0280 0.5625 0.0030 0.0040 
 571      571   (0)      6 :  0.7322 0.0048 0.0080 0.2129 0.0392 0.0030 
 572      572   (0)      6 :  0.4471 0.0040 0.0060 0.5359 0.0030 0.0040 
 573      573   (0)      6 :  0.4391 0.0040 0.0050 0.5351 0.0078 0.0090 
 574      574   (0)      6 :  0.4852 0.0050 0.0090 0.4918 0.0030 0.0060 
 575      575   (0)      6 :  0.5172 0.0040 0.0040 0.4688 0.0030 0.0030 
 576      576   (0)      6 :  0.5153 0.0050 0.0040 0.4617 0.0080 0.0060 
 577      577   (0)      6 :  0.4685 0.0092 0.0060 0.5023 0.0030 0.0110 
 578      578   (0)      6 :  0.4167 0.0100 0.0248 0.5169 0.0256 0.0060 
 579      579   (0)      6 :  0.4261 0.0070 0.0040 0.5549 0.0040 0.0040 
 580      580   (0)      6 :  0.4125 0.0060 0.0148 0.5597 0.0030 0.0040 
 581      581   (0)      6 :  0.4381 0.0050 0.0080 0.5157 0.0290 0.0042 
 582      582   (0)      6 :  0.5346 0.0050 0.0060 0.4474 0.0040 0.0030 
 583      583   (0)      6 :  0.3697 0.0428 0.0358 0.5217 0.0030 0.0270 
 584      584   (0)      6 :  0.3882 0.0050 0.0060 0.5906 0.0022 0.0080 
 585      585   (0)      6 :  0.4983 0.0030 0.0030 0.4897 0.0030 0.0030 
 586      586   (0)      6 :  0.5282 0.0060 0.0092 0.4446 0.0080 0.0040 
 587      587   (0)      6 :  0.4612 0.0040 0.0050 0.5187 0.0060 0.0050 
 588      588   (0)      6 :  0.5005 0.0040 0.0040 0.4815 0.0040 0.0060 
 589      589   (0)      6 :  0.5725 0.0208 0.0086 0.3603 0.0078 0.0300 
 590      590   (0)      6 :  0.5477 0.0030 0.0060 0.4393 0.0020 0.0020 
 591      591   (0)      6 :  0.4074 0.0050 0.0130 0.5522 0.0100 0.0124 
 592      592   (0)      6 :  0.6040 0.0060 0.0040 0.3800 0.0030 0.0030 
 593      593   (0)      6 :  0.5624 0.0050 0.0080 0.4076 0.0050 0.0120 
 594      594   (0)      6 :  0.4807 0.0040 0.0040 0.5053 0.0030 0.0030 
 595      595   (0)      6 :  0.4650 0.0090 0.0040 0.5140 0.0030 0.0050 
 596      596   (0)      6 :  0.4861 0.0468 0.0442 0.4010 0.0080 0.0140 
 597      597   (0)      6 :  0.2169 0.0220 0.0218 0.6847 0.0040 0.0506 
 598      598   (0)      6 :  0.3785 0.0110 0.0098 0.5847 0.0080 0.0080 
 599      599   (0)      6 :  0.5172 0.0040 0.0030 0.4698 0.0020 0.0040 
 600      600   (0)      6 :  0.5348 0.0070 0.0100 0.4372 0.0040 0.0070 
 601      601   (0)      6 :  0.4120 0.0030 0.0030 0.5770 0.0030 0.0020 
 602      602   (0)      6 :  0.3942 0.0070 0.0078 0.5850 0.0030 0.0030 
 603      603   (0)      6 :  0.5746 0.0040 0.0080 0.3894 0.0200 0.0040 
 604      604   (0)      6 :  0.6297 0.0040 0.0040 0.3499 0.0084 0.0040 
 605      605   (0)      6 :  0.4925 0.0148 0.0110 0.4657 0.0060 0.0100 
 606      606   (0)      6 :  0.4789 0.0034 0.0050 0.4987 0.0050 0.0090 
 607      607   (0)      7 :  0.0030 0.0030 0.0020 0.4833 0.5057 0.0030 
 608      608   (0)      7 :  0.0346 0.0090 0.0070 0.5215 0.4199 0.0080 
 609      609   (0)      7 :  0.0080 0.0224 0.0050 0.6471 0.2529 0.0646 
 610      610   (0)      7 :  0.0030 0.0170 0.0060 0.3928 0.5762 0.0050 
 611      611   (0)      7 :  0.0068 0.0040 0.0040 0.4388 0.5414 0.0050 
 612      612   (0)      7 :  0.0050 0.0040 0.0060 0.5538 0.4262 0.0050 
 613      613   (0)      7 :  0.0080 0.0060 0.0070 0.4369 0.5291 0.0130 
 614      614   (0)      7 :  0.0020 0.0030 0.0030 0.4149 0.5731 0.0040 
 615      615   (0)      7 :  0.0050 0.0040 0.0040 0.5730 0.4110 0.0030 
 616      616   (0)      7 :  0.0030 0.0050 0.0030 0.3915 0.5905 0.0070 
 617      617   (0)      7 :  0.0040 0.0040 0.0060 0.4253 0.5548 0.0060 
 618      618   (0)      7 :  0.0040 0.0050 0.0090 0.4533 0.5227 0.0060 
 619      619   (0)      7 :  0.0040 0.0050 0.0100 0.5188 0.4562 0.0060 
 620      620   (0)      7 :  0.0040 0.0070 0.0070 0.3897 0.5753 0.0170 
 621      621   (0)      7 :  0.0054 0.0050 0.0030 0.5743 0.4102 0.0020 
 622      622   (0)      7 :  0.0040 0.0152 0.0050 0.4212 0.5224 0.0322 
 623      623   (0)      7 :  0.0050 0.0040 0.0030 0.6391 0.3409 0.0080 
 624      624   (0)      7 :  0.0030 0.0060 0.0060 0.4679 0.5121 0.0050 
 625      625   (0)      7 :  0.0040 0.0030 0.0032 0.5232 0.4626 0.0040 
 626      626   (0)      7 :  0.0030 0.0050 0.0032 0.5517 0.4341 0.0030 
 627      627   (0)      7 :  0.0030 0.0030 0.0030 0.5292 0.4598 0.0020 
 628      628   (0)      7 :  0.0060 0.0040 0.0040 0.3938 0.5832 0.0090 
 629      629   (0)      7 :  0.0030 0.0036 0.0040 0.4908 0.4776 0.0210 
 630      630   (0)      7 :  0.0060 0.0344 0.0148 0.4975 0.4433 0.0040 
 631      631   (0)      7 :  0.0020 0.0040 0.0030 0.6625 0.3255 0.0030 
 632      632   (0)      7 :  0.0270 0.0218 0.0378 0.3913 0.5161 0.0060 
 633      633   (0)      7 :  0.0070 0.0060 0.0040 0.4701 0.4953 0.0176 
 634      634   (0)      7 :  0.0050 0.0180 0.0182 0.5605 0.3873 0.0110 
 635      635   (0)      7 :  0.0040 0.0052 0.0040 0.4982 0.4698 0.0188 
 636      636   (0)      7 :  0.0030 0.0020 0.0030 0.4873 0.5027 0.0020 
 637      637   (0)      7 :  0.0030 0.0040 0.0030 0.5884 0.3966 0.0050 
 638      638   (0)      7 :  0.0080 0.0070 0.0030 0.6182 0.3558 0.0080 
 639      639   (0)      7 :  0.0020 0.0020 0.0020 0.3397 0.6503 0.0040 
 640      640   (0)      7 :  0.0040 0.0130 0.0060 0.8148 0.1360 0.0262 
 641      641   (0)      7 :  0.0100 0.0060 0.0050 0.4102 0.5648 0.0040 
 642      642   (0)      7 :  0.0020 0.0040 0.0030 0.4530 0.5320 0.0060 
 643      643   (0)      7 :  0.0040 0.0090 0.0090 0.4468 0.4474 0.0838 
 644      644   (0)      7 :  0.0100 0.0050 0.0114 0.4994 0.4660 0.0082 
 645      645   (0)      7 :  0.0020 0.0030 0.0040 0.5814 0.4066 0.0030 
 646      646   (0)      7 :  0.0040 0.0030 0.0030 0.5023 0.4837 0.0040 
 647      647   (0)      7 :  0.0070 0.0030 0.0050 0.5303 0.4448 0.0100 
 648      648   (0)      7 :  0.0030 0.0070 0.0050 0.1948 0.7852 0.0050 
 649      649   (0)      7 :  0.0040 0.0030 0.0030 0.4603 0.5257 0.0040 
 650      650   (0)      7 :  0.0020 0.0030 0.0030 0.4723 0.5147 0.0050 
 651      651   (0)      7 :  0.0030 0.0072 0.0080 0.4965 0.4803 0.0050 
 652      652   (0)      7 :  0.0090 0.0050 0.0030 0.3828 0.5952 0.0050 
 653      653   (0)      7 :  0.0040 0.0668 0.0268 0.3309 0.5241 0.0474 
 654      654   (0)      7 :  0.0032 0.0120 0.0120 0.3670 0.5998 0.0060 
 655      655   (0)      7 :  0.0150 0.0090 0.0180 0.5199 0.4351 0.0030 
 656      656   (0)      7 :  0.0020 0.0030 0.0080 0.5090 0.4710 0.0070 
 657      657   (0)      7 :  0.0030 0.0040 0.0040 0.5508 0.4272 0.0110 
 658      658   (0)      7 :  0.0020 0.0050 0.0030 0.5964 0.3876 0.0060 
 659      659   (0)      7 :  0.0020 0.0070 0.0042 0.4612 0.5196 0.0060 
 660      660   (0)      7 :  0.0020 0.0070 0.0030 0.3027 0.6823 0.0030 
 661      661   (0)      7 :  0.0080 0.0060 0.0050 0.4279 0.5383 0.0148 
 662      662   (0)      7 :  0.0030 0.0030 0.0020 0.4166 0.5715 0.0040 
 663      663   (0)      7 :  0.0020 0.0020 0.0020 0.4204 0.5706 0.0030 
 664      664   (0)      7 :  0.0060 0.0050 0.0040 0.3891 0.5851 0.0108 
 665      665   (0)      7 :  0.0030 0.0160 0.0120 0.4368 0.5262 0.0060 
 666      666   (0)      7 :  0.0050 0.0130 0.0040 0.5171 0.4579 0.0030 
 667      667   (0)      7 :  0.0020 0.0080 0.0040 0.5538 0.4242 0.0080 
 668      668   (0)      7 :  0.0060 0.0040 0.0040 0.4591 0.5229 0.0040 
 669      669   (0)      7 :  0.0030 0.0080 0.0040 0.4921 0.4849 0.0080 
 670      670   (0)      7 :  0.0040 0.0050 0.0040 0.3912 0.3754 0.2203 
 671      671   (0)      7 :  0.0140 0.0230 0.0170 0.3687 0.4155 0.1618 
 672      672   (0)      7 :  0.0030 0.0072 0.0060 0.2866 0.6882 0.0090 
 673      673   (0)      7 :  0.0160 0.0060 0.0154 0.4914 0.4562 0.0150 
 674      674   (0)      7 :  0.0030 0.0060 0.0190 0.4466 0.5144 0.0110 
 675      675   (0)      7 :  0.0170 0.0140 0.0050 0.4084 0.5525 0.0030 
 676      676   (0)      7 :  0.0066 0.0150 0.0070 0.4604 0.5010 0.0100 
 677      677   (0)      7 :  0.0040 0.0360 0.0070 0.5608 0.3802 0.0120 
 678      678   (0)      7 :  0.0060 0.0040 0.0090 0.4279 0.5491 0.0040 
 679      679   (0)      7 :  0.0030 0.0050 0.0050 0.5611 0.4066 0.0192 
 680      680   (0)      7 :  0.0106 0.0040 0.0040 0.4585 0.5179 0.0050 
 681      681   (0)      7 :  0.0040 0.0030 0.0060 0.4958 0.4882 0.0030 
 682      682   (0)      7 :  0.0020 0.0050 0.0040 0.3783 0.5983 0.0124 
 683      683   (0)      7 :  0.0030 0.0030 0.0030 0.3586 0.6294 0.0030 
 684      684   (0)      7 :  0.0050 0.0050 0.0112 0.3834 0.5884 0.0070 
 685      685   (0)      7 :  0.0060 0.0050 0.0040 0.5627 0.4183 0.0040 
 686      686   (0)      7 :  0.0030 0.0060 0.0040 0.5229 0.4601 0.0040 
 687      687   (0)      7 :  0.0090 0.0080 0.0110 0.4787 0.4813 0.0120 
 688      688   (0)      7 :  0.0090 0.0160 0.0330 0.4307 0.5023 0.0090 
 689      689   (0)      7 :  0.0070 0.0030 0.0070 0.4143 0.5657 0.0030 
 690      690   (0)      7 :  0.0040 0.0030 0.0040 0.4574 0.5286 0.0030 
 691      691   (0)      7 :  0.0020 0.0030 0.0080 0.5149 0.4671 0.0050 
 692      692   (0)      7 :  0.0040 0.0030 0.0100 0.3338 0.6382 0.0110 
 693      693   (0)      7 :  0.0040 0.0030 0.0030 0.3787 0.6053 0.0060 
 694      694   (0)      7 :  0.0020 0.0030 0.0030 0.4801 0.5099 0.0020 
 695      695   (0)      7 :  0.0030 0.0030 0.0050 0.5638 0.4222 0.0030 
 696      696   (0)      7 :  0.0030 0.0170 0.0072 0.5442 0.4225 0.0060 
 697      697   (0)      7 :  0.0070 0.0116 0.0150 0.5009 0.4615 0.0040 
 698      698   (0)      7 :  0.0040 0.0098 0.0060 0.4864 0.4874 0.0064 
 699      699   (0)      7 :  0.0064 0.0050 0.0040 0.5468 0.4308 0.0070 
 700      700   (0)      7 :  0.0030 0.0040 0.0108 0.3161 0.6631 0.0030 
 701      701   (0)      7 :  0.0050 0.0222 0.0070 0.5183 0.4127 0.0348 
 702      702   (0)      7 :  0.0060 0.0040 0.0050 0.4291 0.5519 0.0040 
 703      703   (0)      7 :  0.0040 0.0090 0.0040 0.5134 0.4656 0.0040 
 704      704   (0)      7 :  0.0030 0.0050 0.0030 0.5408 0.4442 0.0040 
 705      705   (0)      7 :  0.0060 0.0050 0.0080 0.5828 0.3932 0.0050 
 706      706   (0)      7 :  0.0040 0.0070 0.0150 0.3829 0.5831 0.0080 
 707      707   (0)      8 :  0.0030 0.0040 0.0030 0.6122 0.0070 0.3708 
 708      708   (0)      8 :  0.0030 0.0032 0.0030 0.4721 0.0022 0.5165 
 709      709   (0)      8 :  0.0030 0.0040 0.0040 0.4436 0.0030 0.5423 
 710      710   (0)      8 :  0.0050 0.0050 0.0110 0.5439 0.0030 0.4320 
 711      711   (0)      8 :  0.0040 0.0060 0.0050 0.4122 0.0050 0.5678 
 712      712   (0)      8 :  0.0020 0.0040 0.0020 0.4690 0.0030 0.5200 
 713      713   (0)      8 :  0.0120 0.0130 0.0070 0.4244 0.0120 0.5316 
 714      714   (0)      8 :  0.0094 0.0060 0.0060 0.4195 0.0070 0.5521 
 715      715   (0)      8 :  0.0030 0.0100 0.0070 0.4532 0.0054 0.5214 
 716      716   (0)      8 :  0.0030 0.0120 0.0070 0.4105 0.0100 0.5575 
 717      717   (0)      8 :  0.0050 0.0070 0.0050 0.4796 0.0030 0.5004 
 718      718   (0)      8 :  0.0116 0.0140 0.0060 0.3708 0.0080 0.5896 
 719      719   (0)      8 :  0.0040 0.0060 0.0380 0.4422 0.0230 0.4868 
 720      720   (0)      8 :  0.0090 0.0056 0.0120 0.5686 0.0050 0.3998 
 721      721   (0)      8 :  0.0020 0.0050 0.0060 0.5476 0.0040 0.4354 
 722      722   (0)      8 :  0.0020 0.0040 0.0140 0.5071 0.0030 0.4699 
 723      723   (0)      8 :  0.0110 0.0318 0.0248 0.4635 0.0250 0.4439 
 724      724   (0)      8 :  0.0030 0.0280 0.0050 0.3343 0.0036 0.6261 
 725      725   (0)      8 :  0.0050 0.0080 0.0110 0.5117 0.0040 0.4603 
 726      726   (0)      8 :  0.0030 0.0050 0.0050 0.6725 0.0100 0.3045 
 727      727   (0)      8 :  0.0120 0.0060 0.0080 0.4309 0.0030 0.5401 
 728      728   (0)      8 :  0.0040 0.0054 0.0040 0.3043 0.0040 0.6783 
 729      729   (0)      8 :  0.0056 0.0178 0.0180 0.5379 0.0050 0.4158 
 730      730   (0)      8 :  0.0204 0.0080 0.0350 0.4426 0.0040 0.4900 
 731      731   (0)      8 :  0.0040 0.0192 0.0030 0.5013 0.0040 0.4685 
 732      732   (0)      8 :  0.0078 0.0110 0.0608 0.5382 0.0120 0.3702 
 733      733   (0)      8 :  0.0040 0.0100 0.0110 0.4443 0.0040 0.5267 
 734      734   (0)      8 :  0.0040 0.0114 0.0050 0.4047 0.0170 0.5580 
 735      735   (0)      8 :  0.0040 0.0080 0.0060 0.3840 0.0040 0.5940 
 736      736   (0)      8 :  0.0156 0.0100 0.0140 0.5305 0.0090 0.4210 
 737      737   (0)      8 :  0.0040 0.0050 0.0102 0.3057 0.0070 0.6681 
 738      738   (0)      8 :  0.0030 0.0060 0.0070 0.4081 0.0022 0.5737 
 739      739   (0)      8 :  0.0030 0.0040 0.0030 0.4614 0.0030 0.5256 
 740      740   (0)      8 :  0.0040 0.0068 0.0040 0.5751 0.0080 0.4021 
 741      741   (0)      8 :  0.0030 0.0054 0.0076 0.4321 0.0326 0.5193 
 742      742   (0)      8 :  0.0024 0.0130 0.0200 0.6401 0.0100 0.3145 
 743      743   (0)      8 :  0.0040 0.0092 0.0040 0.4883 0.0148 0.4797 
 744      744   (0)      8 :  0.0180 0.0230 0.0282 0.5205 0.0060 0.4043 
 745      745   (0)      8 :  0.0040 0.0116 0.0060 0.4498 0.0050 0.5237 
 746      746   (0)      8 :  0.0040 0.0050 0.0088 0.3418 0.0060 0.6344 
 747      747   (0)      8 :  0.0040 0.0050 0.0266 0.4661 0.0090 0.4893 
 748      748   (0)      8 :  0.0082 0.0060 0.0100 0.2529 0.0050 0.7179 
 749      749   (0)      8 :  0.0070 0.0060 0.0110 0.5159 0.0176 0.4425 
 750      750   (0)      8 :  0.0140 0.0130 0.0120 0.5135 0.0030 0.4445 
 751      751   (0)      8 :  0.0326 0.0050 0.0030 0.4711 0.0048 0.4835 
 752      752   (0)      8 :  0.0030 0.0030 0.0090 0.5631 0.0080 0.4139 
 753      753   (0)      8 :  0.0040 0.0050 0.0070 0.4949 0.0070 0.4821 
 754      754   (0)      8 :  0.0264 0.0040 0.0030 0.5137 0.0030 0.4498 
 755      755   (0)      8 :  0.0080 0.0152 0.0050 0.5954 0.0090 0.3674 
 756      756   (0)      8 :  0.0050 0.0080 0.0040 0.4752 0.0060 0.5018 
 757      757   (0)      8 :  0.0026 0.0060 0.0030 0.3572 0.0030 0.6282 
 758      758   (0)      8 :  0.0068 0.0098 0.0090 0.5751 0.0050 0.3943 
 759      759   (0)      8 :  0.0372 0.0252 0.0144 0.7320 0.0170 0.1741 
 760      760   (0)      8 :  0.0040 0.0032 0.0030 0.4780 0.0080 0.5038 
 761      761   (0)      8 :  0.0050 0.0150 0.0130 0.3521 0.0040 0.6109 
 762      762   (0)      8 :  0.0060 0.0070 0.0060 0.3916 0.0054 0.5840 
 763      763   (0)      8 :  0.0030 0.0080 0.0060 0.5721 0.0070 0.4040 
 764      764   (0)      8 :  0.0080 0.0090 0.0090 0.5630 0.0062 0.4048 
 765      765   (0)      8 :  0.0190 0.0040 0.0172 0.3203 0.0040 0.6355 
 766      766   (0)      8 :  0.0060 0.0100 0.0140 0.4449 0.0030 0.5221 
 767      767   (0)      8 :  0.0060 0.0112 0.0180 0.4444 0.0074 0.5130 
 768      768   (0)      8 :  0.0050 0.0082 0.0100 0.4879 0.0384 0.4505 
 769      769   (0)      8 :  0.0050 0.0040 0.0030 0.4016 0.0050 0.5815 
 770      770   (0)      8 :  0.0030 0.0030 0.0040 0.4119 0.0050 0.5731 
 771      771   (0)      8 :  0.0090 0.0306 0.0140 0.5296 0.0050 0.4119 
 772      772   (0)      8 :  0.0020 0.0050 0.0050 0.3787 0.0194 0.5899 
 773      773   (0)      8 :  0.0040 0.0060 0.0020 0.3254 0.0030 0.6596 
 774      774   (0)      8 :  0.0050 0.0090 0.0040 0.3753 0.0100 0.5967 
 775      775   (0)      8 :  0.0030 0.0060 0.0054 0.4294 0.0080 0.5482 
 776      776   (0)      8 :  0.0020 0.0040 0.0030 0.3213 0.0030 0.6667 
 777      777   (0)      8 :  0.0080 0.0050 0.0060 0.4793 0.0020 0.4997 
 778      778   (0)      8 :  0.0040 0.0070 0.0040 0.3526 0.0050 0.6274 
 779      779   (0)      8 :  0.0030 0.0040 0.0050 0.4855 0.0030 0.4995 
 780      780   (0)      8 :  0.0182 0.0178 0.0074 0.5270 0.0040 0.4256 
 781      781   (0)      8 :  0.0090 0.0110 0.0070 0.6011 0.0030 0.3689 
 782      782   (0)      8 :  0.0050 0.0060 0.0060 0.5292 0.0050 0.4488 
 783      783   (0)      8 :  0.0090 0.0150 0.0110 0.4182 0.0030 0.5438 
 784      784   (0)      8 :  0.0040 0.0040 0.0030 0.5671 0.0060 0.4159 
 785      785   (0)      8 :  0.0050 0.0040 0.0040 0.4251 0.0040 0.5579 
 786      786   (0)      8 :  0.0030 0.0060 0.0042 0.3844 0.0040 0.5984 
 787      787   (0)      8 :  0.0100 0.0140 0.0640 0.6183 0.0168 0.2769 
 788      788   (0)      8 :  0.0048 0.0060 0.0070 0.4111 0.0236 0.5475 
 789      789   (0)      8 :  0.0138 0.0212 0.2513 0.5202 0.0040 0.1895 
 790      790   (0)      8 :  0.0338 0.0184 0.0110 0.5246 0.0120 0.4002 
 791      791   (0)      8 :  0.0050 0.0376 0.0080 0.5312 0.0240 0.3941 
 792      792   (0)      8 :  0.0040 0.0100 0.0050 0.5463 0.0030 0.4317 
 793      793   (0)      8 :  0.0050 0.0080 0.0328 0.4778 0.0030 0.4734 
 794      794   (0)      8 :  0.0194 0.0070 0.0158 0.4184 0.0774 0.4620 
 795      795   (0)      8 :  0.0050 0.0050 0.0060 0.4565 0.0030 0.5245 
 796      796   (0)      8 :  0.0060 0.0090 0.0250 0.4111 0.0164 0.5325 
 797      797   (0)      8 :  0.0030 0.0050 0.0040 0.3761 0.0060 0.6060 
 798      798   (0)      8 :  0.0623 0.0080 0.0505 0.5594 0.0100 0.3099 
 799      799   (0)      8 :  0.0048 0.0050 0.0118 0.5402 0.0130 0.4252 
 800      800   (0)      8 :  0.0020 0.0140 0.0088 0.4049 0.0050 0.5653 
 801      801   (0)      8 :  0.0030 0.0050 0.0080 0.5420 0.0150 0.4269 
 802      802   (0)      8 :  0.0040 0.0030 0.0030 0.4344 0.0050 0.5506 
 803      803   (0)      8 :  0.0040 0.0550 0.0080 0.6445 0.0030 0.2855 
 804      804   (0)      8 :  0.0112 0.0146 0.0040 0.2423 0.0090 0.7188 
 805      805   (0)      8 :  0.0080 0.0252 0.0394 0.4237 0.0492 0.4545 
 806      806   (0)      8 :  0.0030 0.0330 0.0040 0.7785 0.0060 0.1755 
 807      807   (0)      9 :  0.0030 0.0140 0.9249 0.0110 0.0340 0.0130 
 808      808   (0)      9 :  0.0050 0.1021 0.6958 0.0354 0.0050 0.1567 
 809      809   (0)     10 :  0.0108 0.0040 0.9470 0.0202 0.0100 0.0080 
 810      810   (0)     10 :  0.0342 0.0030 0.6100 0.3467 0.0020 0.0040 
 811      811   (0)     10 :  0.0060 0.0596 0.8661 0.0516 0.0098 0.0070 
 812      812   (0)     10 :  0.1645 0.0656 0.6799 0.0650 0.0040 0.0210 
 813      813   (0)     10 :  0.0040 0.0100 0.8534 0.1246 0.0030 0.0050 
 814      814   (0)     10 :  0.0224 0.0120 0.7653 0.1793 0.0080 0.0130 
 815      815   (0)     10 :  0.0050 0.0230 0.8082 0.1567 0.0030 0.0040 
 816      816   (0)     10 :  0.0300 0.0090 0.6897 0.2561 0.0030 0.0122 
 817      817   (0)     10 :  0.0482 0.0328 0.4677 0.4403 0.0030 0.0080 
 818      818   (0)     10 :  0.0050 0.0050 0.9524 0.0212 0.0074 0.0090 
 819      819   (0)     10 :  0.0050 0.0094 0.7221 0.1267 0.0060 0.1309 
 820      820   (0)     10 :  0.0060 0.0108 0.7682 0.2048 0.0050 0.0052 
 821      821   (0)     10 :  0.1239 0.0442 0.5391 0.2512 0.0156 0.0260 
 822      822   (0)     10 :  0.0122 0.0080 0.8303 0.1229 0.0040 0.0226 
 823      823   (0)     10 :  0.0174 0.0390 0.6918 0.2438 0.0050 0.0030 
 824      824   (0)     10 :  0.0030 0.0070 0.6961 0.2859 0.0030 0.0050 
 825      825   (0)     10 :  0.0030 0.0110 0.5273 0.4497 0.0030 0.0060 
 826      826   (0)     10 :  0.0090 0.0436 0.6307 0.0992 0.0120 0.2056 
 827      827   (0)     10 :  0.0080 0.0150 0.6883 0.2717 0.0110 0.0060 
 828      828   (0)     10 :  0.0050 0.0560 0.6124 0.3075 0.0132 0.0060 
 829      829   (0)     10 :  0.0030 0.0090 0.8603 0.1126 0.0100 0.0050 
 830      830   (0)     10 :  0.0100 0.0120 0.8306 0.1304 0.0120 0.0050 
 831      831   (0)     10 :  0.0058 0.0030 0.8262 0.1510 0.0040 0.0100 
 832      832   (0)     10 :  0.0090 0.0100 0.7322 0.2239 0.0140 0.0110 
 833      833   (0)     10 :  0.0230 0.0030 0.7300 0.2340 0.0030 0.0070 
 834      834   (0)     10 :  0.0138 0.0624 0.8819 0.0122 0.0236 0.0060 
 835      835   (0)     10 :  0.0070 0.0366 0.7634 0.1720 0.0060 0.0150 
 836      836   (0)     10 :  0.0020 0.0040 0.8076 0.1814 0.0020 0.0030 
 837      837   (0)     10 :  0.0060 0.0474 0.5938 0.2688 0.0220 0.0620 
 838      838   (0)     10 :  0.0068 0.0060 0.8538 0.1204 0.0080 0.0050 
 839      839   (0)     10 :  0.0260 0.1340 0.6591 0.1520 0.0130 0.0160 
 840      840   (0)     10 :  0.0060 0.0040 0.9730 0.0080 0.0040 0.0050 
 841      841   (0)     10 :  0.0060 0.0110 0.8517 0.0973 0.0130 0.0210 
 842      842   (0)     10 :  0.0062 0.0070 0.6321 0.3207 0.0176 0.0164 
 843      843   (0)     10 :  0.0070 0.1627 0.6567 0.1615 0.0030 0.0090 
 844      844   (0)     10 :  0.0434 0.0090 0.6627 0.2627 0.0030 0.0192 
 845      845   (0)     10 :  0.0040 0.0082 0.9548 0.0240 0.0050 0.0040 
 846      846   (0)     10 :  0.0050 0.0300 0.8060 0.1450 0.0070 0.0070 
 847      847   (0)     10 :  0.0050 0.0080 0.7924 0.1766 0.0060 0.0120 
 848      848   (0)     10 :  0.1154 0.0198 0.8508 0.0040 0.0070 0.0030 
 849      849   (0)     10 :  0.0040 0.0170 0.8964 0.0704 0.0062 0.0060 
 850      850   (0)     10 :  0.0040 0.0130 0.7897 0.1863 0.0030 0.0040 
 851      851   (0)     10 :  0.0120 0.0140 0.7675 0.1985 0.0030 0.0050 
 852      852   (0)     10 :  0.0070 0.0070 0.7658 0.2022 0.0150 0.0030 
 853      853   (0)     10 :  0.0040 0.0070 0.9646 0.0144 0.0040 0.0060 
 854      854   (0)     10 :  0.0060 0.0090 0.9590 0.0110 0.0050 0.0100 
 855      855   (0)     10 :  0.0138 0.1857 0.7468 0.0440 0.0030 0.0068 
 856      856   (0)     10 :  0.0130 0.0518 0.5814 0.3288 0.0040 0.0210 
 857      857   (0)     10 :  0.0296 0.0034 0.6202 0.3345 0.0042 0.0080 
 858      858   (0)     10 :  0.0030 0.0060 0.8516 0.1306 0.0040 0.0048 
 859      859   (0)     10 :  0.0060 0.0158 0.8888 0.0714 0.0090 0.0090 
 860      860   (0)     10 :  0.0120 0.0080 0.8573 0.1156 0.0050 0.0020 
 861      861   (0)     10 :  0.0050 0.0476 0.9194 0.0050 0.0120 0.0110 
 862      862   (0)     10 :  0.0040 0.0060 0.6982 0.2818 0.0060 0.0040 
 863      863   (0)     10 :  0.0318 0.0989 0.5135 0.2522 0.0786 0.0250 
 864      864   (0)     10 :  0.0226 0.0112 0.8498 0.0430 0.0626 0.0108 
 865      865   (0)     10 :  0.0140 0.0040 0.5879 0.3817 0.0050 0.0074 
 866      866   (0)     10 :  0.0200 0.0100 0.8139 0.1451 0.0050 0.0060 
 867      867   (0)     10 :  0.0040 0.0050 0.8620 0.1220 0.0030 0.0040 
 868      868   (0)     10 :  0.0138 0.0070 0.9418 0.0124 0.0180 0.0070 
 869      869   (0)     10 :  0.0090 0.0060 0.6904 0.2896 0.0030 0.0020 
 870      870   (0)     10 :  0.0020 0.0180 0.4829 0.4807 0.0040 0.0124 
 871      871   (0)     10 :  0.0060 0.0090 0.6411 0.2687 0.0112 0.0640 
 872      872   (0)     10 :  0.1040 0.4615 0.3213 0.0704 0.0150 0.0278 
 873      873   (0)     10 :  0.0070 0.0960 0.4919 0.3771 0.0160 0.0120 
 874      874   (0)     10 :  0.0060 0.0056 0.9564 0.0240 0.0040 0.0040 
 875      875   (0)     10 :  0.0090 0.0040 0.7287 0.2503 0.0040 0.0040 
 876      876   (0)     10 :  0.0056 0.2976 0.4762 0.2006 0.0050 0.0150 
 877      877   (0)     10 :  0.0190 0.0100 0.8816 0.0746 0.0058 0.0090 
 878      878   (0)     10 :  0.0774 0.0392 0.7483 0.0586 0.0120 0.0644 
 879      879   (0)     10 :  0.0080 0.0060 0.6877 0.2843 0.0050 0.0090 
 880      880   (0)     10 :  0.0132 0.0102 0.8143 0.1567 0.0020 0.0036 
 881      881   (0)     10 :  0.0030 0.3516 0.6094 0.0200 0.0130 0.0030 
 882      882   (0)     10 :  0.0234 0.0108 0.8723 0.0795 0.0040 0.0100 
 883      883   (0)     10 :  0.0278 0.0110 0.4432 0.4440 0.0524 0.0216 
 884      884   (0)     10 :  0.0080 0.0120 0.6979 0.2711 0.0060 0.0050 
 885      885   (0)     10 :  0.0040 0.0304 0.8938 0.0286 0.0030 0.0402 
 886      886   (0)     10 :  0.0150 0.0070 0.8045 0.1605 0.0040 0.0090 
 887      887   (0)     10 :  0.0100 0.0190 0.7932 0.1578 0.0070 0.0130 
 888      888   (0)     10 :  0.0070 0.0130 0.7326 0.2393 0.0030 0.0050 
 889      889   (0)     10 :  0.0030 0.0316 0.8304 0.1268 0.0052 0.0030 
 890      890   (0)     10 :  0.0234 0.0068 0.5427 0.3321 0.0100 0.0850 
 891      891   (0)     10 :  0.0070 0.0070 0.5338 0.3904 0.0250 0.0368 
 892      892   (0)     10 :  0.0294 0.0112 0.6343 0.0832 0.1939 0.0480 
 893      893   (0)     10 :  0.0090 0.0050 0.6409 0.3229 0.0160 0.0062 
 894      894   (0)     10 :  0.0236 0.0060 0.8503 0.1021 0.0090 0.0090 
 895      895   (0)     10 :  0.0913 0.0264 0.4905 0.3768 0.0040 0.0110 
 896      896   (0)     10 :  0.0040 0.0050 0.7268 0.2502 0.0100 0.0040 
 897      897   (0)     10 :  0.0060 0.0120 0.7118 0.2532 0.0060 0.0110 
 898      898   (0)     10 :  0.0040 0.0060 0.8156 0.1634 0.0080 0.0030 
 899      899   (0)     10 :  0.0050 0.0070 0.6537 0.3243 0.0030 0.0070 
 900      900   (0)     10 :  0.0258 0.0150 0.7039 0.2494 0.0030 0.0030 
 901      901   (0)     10 :  0.0060 0.0870 0.6083 0.2735 0.0040 0.0212 
 902      902   (0)     10 :  0.0044 0.0238 0.7119 0.2363 0.0116 0.0120 
 903      903   (0)     10 :  0.0050 0.0066 0.9476 0.0228 0.0030 0.0150 
 904      904   (0)     10 :  0.0050 0.0563 0.5359 0.3349 0.0561 0.0118 
 905      905   (0)     10 :  0.0312 0.0406 0.9075 0.0102 0.0060 0.0044 
 906      906   (0)     10 :  0.0030 0.1045 0.8463 0.0070 0.0070 0.0322 
 907      907   (0)     10 :  0.0040 0.0450 0.6250 0.0496 0.0402 0.2361 
 908      908   (0)     10 :  0.0070 0.0050 0.8713 0.1087 0.0030 0.0050 
 909      909   (0)     11 :  0.0050 0.7430 0.1427 0.0428 0.0616 0.0050 
 910      910   (0)     11 :  0.0070 0.6754 0.0180 0.2740 0.0110 0.0146 
 911      911   (0)     11 :  0.0390 0.8338 0.0406 0.0278 0.0360 0.0228 
 912      912   (0)     11 :  0.0202 0.8920 0.0108 0.0660 0.0050 0.0060 
 913      913   (0)     11 :  0.0070 0.6364 0.0080 0.3374 0.0030 0.0082 
 914      914   (0)     11 :  0.0028 0.7016 0.0056 0.2830 0.0030 0.0040 
 915      915   (0)     11 :  0.0060 0.8150 0.0110 0.1590 0.0030 0.0060 
 916      916   (0)     11 :  0.0030 0.5897 0.0030 0.3973 0.0040 0.0030 
 917      917   (0)     11 :  0.0080 0.7368 0.0050 0.2113 0.0200 0.0190 
 918      918   (0)     11 :  0.0140 0.6879 0.0090 0.2425 0.0306 0.0160 
 919      919   (0)     11 :  0.0100 0.7732 0.0070 0.1962 0.0066 0.0070 
 920      920   (0)     11 :  0.0290 0.7790 0.0118 0.0342 0.0160 0.1300 
 921      921   (0)     11 :  0.0180 0.9530 0.0130 0.0040 0.0030 0.0090 
 922      922   (0)     11 :  0.0024 0.7101 0.0090 0.2725 0.0030 0.0030 
 923      923   (0)     11 :  0.0078 0.7169 0.0140 0.2373 0.0110 0.0130 
 924      924   (0)     11 :  0.0158 0.7317 0.0242 0.2222 0.0020 0.0040 
 925      925   (0)     11 :  0.0060 0.6793 0.0040 0.2868 0.0170 0.0070 
 926      926   (0)     11 :  0.0240 0.6138 0.0084 0.2983 0.0090 0.0464 
 927      927   (0)     11 :  0.0040 0.9728 0.0050 0.0082 0.0040 0.0060 
 928      928   (0)     11 :  0.0030 0.6257 0.0052 0.3561 0.0040 0.0060 
 929      929   (0)     11 :  0.0030 0.6843 0.0466 0.2561 0.0050 0.0050 
 930      930   (0)     11 :  0.0040 0.6714 0.0100 0.3000 0.0050 0.0096 
 931      931   (0)     11 :  0.0030 0.7376 0.0092 0.2348 0.0030 0.0124 
 932      932   (0)     11 :  0.0180 0.8523 0.0330 0.0727 0.0180 0.0060 
 933      933   (0)     11 :  0.0988 0.6345 0.0110 0.2447 0.0060 0.0050 
 934      934   (0)     11 :  0.0130 0.7795 0.0050 0.1825 0.0050 0.0150 
 935      935   (0)     11 :  0.0050 0.9454 0.0110 0.0236 0.0080 0.0070 
 936      936   (0)     11 :  0.0040 0.8365 0.0162 0.1293 0.0050 0.0090 
 937      937   (0)     11 :  0.0060 0.9490 0.0060 0.0300 0.0050 0.0040 
 938      938   (0)     11 :  0.0070 0.7029 0.0110 0.2671 0.0080 0.0040 
 939      939   (0)     11 :  0.0050 0.9382 0.0348 0.0090 0.0040 0.0090 
 940      940   (0)     11 :  0.0060 0.8587 0.0070 0.0870 0.0270 0.0142 
 941      941   (0)     11 :  0.0040 0.5541 0.0060 0.4227 0.0052 0.0080 
 942      942   (0)     11 :  0.0040 0.9226 0.0276 0.0358 0.0030 0.0070 
 943      943   (0)     11 :  0.0080 0.7425 0.0070 0.2116 0.0126 0.0182 
 944      944   (0)     11 :  0.0080 0.9051 0.0300 0.0070 0.0150 0.0350 
 945      945   (0)     11 :  0.0070 0.2974 0.0070 0.2032 0.0030 0.4824 
 946      946   (0)     11 :  0.0216 0.8247 0.0110 0.1096 0.0136 0.0196 
 947      947   (0)     11 :  0.0020 0.9830 0.0030 0.0050 0.0040 0.0030 
 948      948   (0)     11 :  0.0030 0.7236 0.0040 0.2544 0.0100 0.0050 
 949      949   (0)     11 :  0.0164 0.5743 0.0196 0.3233 0.0214 0.0450 
 950      950   (0)     11 :  0.0170 0.9109 0.0080 0.0320 0.0090 0.0230 
 951      951   (0)     11 :  0.0220 0.8170 0.0070 0.1360 0.0140 0.0040 
 952      952   (0)     11 :  0.0030 0.8233 0.0070 0.1577 0.0030 0.0060 
 953      953   (0)     11 :  0.0120 0.6053 0.0058 0.3571 0.0050 0.0148 
 954      954   (0)     11 :  0.0090 0.8071 0.0090 0.1673 0.0026 0.0050 
 955      955   (0)     11 :  0.0040 0.6357 0.0070 0.3439 0.0054 0.0040 
 956      956   (0)     11 :  0.0040 0.7800 0.0080 0.1512 0.0528 0.0040 
 957      957   (0)     11 :  0.0096 0.6106 0.0048 0.3639 0.0050 0.0062 
 958      958   (0)     11 :  0.0258 0.9010 0.0040 0.0558 0.0090 0.0044 
 959      959   (0)     11 :  0.0050 0.7989 0.0060 0.1441 0.0420 0.0040 
 960      960   (0)     11 :  0.0030 0.8529 0.0140 0.0310 0.0060 0.0931 
 961      961   (0)     11 :  0.0048 0.7438 0.0040 0.2144 0.0150 0.0180 
 962      962   (0)     11 :  0.0090 0.8697 0.0050 0.0936 0.0166 0.0060 
 963      963   (0)     11 :  0.0576 0.7428 0.1777 0.0040 0.0030 0.0150 
 964      964   (0)     11 :  0.0050 0.4488 0.3992 0.1291 0.0070 0.0110 
 965      965   (0)     11 :  0.0034 0.8162 0.0120 0.1176 0.0030 0.0478 
 966      966   (0)     11 :  0.0100 0.8790 0.0318 0.0340 0.0322 0.0130 
 967      967   (0)     11 :  0.0060 0.8812 0.0408 0.0180 0.0440 0.0100 
 968      968   (0)     11 :  0.0040 0.9020 0.0102 0.0508 0.0200 0.0130 
 969      969   (0)     11 :  0.0030 0.9700 0.0040 0.0070 0.0040 0.0120 
 970      970   (0)     11 :  0.0030 0.5964 0.0060 0.3656 0.0110 0.0180 
 971      971   (0)     11 :  0.0060 0.9184 0.0030 0.0600 0.0060 0.0066 
 972      972   (0)     11 :  0.0020 0.8805 0.0120 0.0310 0.0120 0.0624 
 973      973   (0)     11 :  0.0120 0.7850 0.0100 0.1840 0.0040 0.0050 
 974      974   (0)     11 :  0.0030 0.7239 0.0040 0.2601 0.0060 0.0030 
 975      975   (0)     11 :  0.0040 0.7668 0.0070 0.2102 0.0050 0.0070 
 976      976   (0)     11 :  0.0150 0.8547 0.0070 0.0312 0.0424 0.0498 
 977      977   (0)     11 :  0.0040 0.8048 0.0140 0.1572 0.0130 0.0070 
 978      978   (0)     11 :  0.0030 0.9628 0.0126 0.0070 0.0066 0.0080 
 979      979   (0)     11 :  0.0160 0.6966 0.0308 0.2467 0.0040 0.0060 
 980      980   (0)     11 :  0.0030 0.8664 0.0052 0.1044 0.0070 0.0140 
 981      981   (0)     11 :  0.0156 0.8729 0.0040 0.0972 0.0030 0.0074 
 982      982   (0)     11 :  0.0020 0.9600 0.0050 0.0180 0.0040 0.0110 
 983      983   (0)     11 :  0.0120 0.7546 0.0190 0.1954 0.0050 0.0140 
 984      984   (0)     11 :  0.0070 0.8224 0.0118 0.1498 0.0040 0.0050 
 985      985   (0)     11 :  0.0080 0.6307 0.0040 0.3493 0.0030 0.0050 
 986      986   (0)     11 :  0.0040 0.8500 0.0240 0.0160 0.0830 0.0230 
 987      987   (0)     11 :  0.0060 0.7120 0.0130 0.2510 0.0090 0.0090 
 988      988   (0)     11 :  0.0050 0.6491 0.0100 0.3219 0.0050 0.0090 
 989      989   (0)     11 :  0.0390 0.9156 0.0090 0.0228 0.0030 0.0106 
 990      990   (0)     11 :  0.0070 0.8639 0.0060 0.1101 0.0070 0.0060 
 991      991   (0)     11 :  0.0036 0.7393 0.0160 0.2331 0.0030 0.0050 
 992      992   (0)     11 :  0.0120 0.5653 0.0404 0.3643 0.0090 0.0090 
 993      993   (0)     11 :  0.0160 0.1793 0.0120 0.4054 0.0030 0.3844 
 994      994   (0)     11 :  0.0038 0.7352 0.0060 0.2380 0.0060 0.0110 
 995      995   (0)     11 :  0.0070 0.8406 0.0050 0.1274 0.0150 0.0050 
 996      996   (0)     11 :  0.0424 0.8194 0.0060 0.0640 0.0572 0.0110 
 997      997   (0)     11 :  0.0080 0.8832 0.0434 0.0324 0.0260 0.0070 
 998      998   (0)     11 :  0.0060 0.8940 0.0210 0.0512 0.0070 0.0208 
 999      999   (0)     11 :  0.0132 0.8408 0.0070 0.1139 0.0090 0.0160 
1000     1000   (0)     11 :  0.0020 0.7038 0.0040 0.2712 0.0090 0.0100 
1001     1001   (0)     11 :  0.0300 0.9306 0.0114 0.0200 0.0030 0.0050 
1002     1002   (0)     11 :  0.0070 0.9466 0.0060 0.0304 0.0060 0.0040 
1003     1003   (0)     11 :  0.2030 0.7451 0.0080 0.0170 0.0138 0.0130 
1004     1004   (0)     11 :  0.0050 0.5660 0.0140 0.3992 0.0090 0.0068 
1005     1005   (0)     11 :  0.0030 0.7253 0.0050 0.2467 0.0120 0.0080 
1006     1006   (0)     11 :  0.0040 0.9678 0.0050 0.0122 0.0060 0.0050 
1007     1007   (0)     11 :  0.0030 0.4278 0.0072 0.5120 0.0120 0.0380 
1008     1008   (0)     11 :  0.1569 0.7926 0.0106 0.0200 0.0050 0.0150 
1009     1009   (0)     12 :  0.8480 0.0048 0.0052 0.1221 0.0090 0.0110 
1010     1010   (0)     12 :  0.6793 0.0050 0.0080 0.2967 0.0050 0.0060 
1011     1011   (0)     12 :  0.6100 0.0040 0.0090 0.3711 0.0030 0.0030 
1012     1012   (0)     12 :  0.9035 0.0020 0.0040 0.0855 0.0020 0.0030 
1013     1013   (0)     12 :  0.8828 0.0030 0.0030 0.1072 0.0020 0.0020 
1014     1014   (0)     12 :  0.9480 0.0030 0.0040 0.0376 0.0030 0.0044 
1015     1015   (0)     12 :  0.8656 0.0050 0.0150 0.1024 0.0080 0.0040 
1016     1016   (0)     12 :  0.7118 0.0070 0.0080 0.2562 0.0130 0.0040 
1017     1017   (0)     12 :  0.8405 0.0038 0.0020 0.1447 0.0060 0.0030 
1018     1018   (0)     12 :  0.6093 0.0054 0.0088 0.3535 0.0070 0.0160 
1019     1019   (0)     12 :  0.8195 0.0090 0.0040 0.0631 0.0036 0.1009 
1020     1020   (0)     12 :  0.6781 0.0040 0.0040 0.3079 0.0030 0.0030 
1021     1021   (0)     12 :  0.6414 0.0150 0.0040 0.3284 0.0070 0.0042 
1022     1022   (0)     12 :  0.5750 0.0030 0.0040 0.4020 0.0050 0.0110 
1023     1023   (0)     12 :  0.7779 0.0030 0.0040 0.2111 0.0020 0.0020 
1024     1024   (0)     12 :  0.7642 0.0118 0.0060 0.2080 0.0040 0.0060 
1025     1025   (0)     12 :  0.7557 0.0060 0.0050 0.2153 0.0140 0.0040 
1026     1026   (0)     12 :  0.6881 0.0030 0.0030 0.2979 0.0040 0.0040 
1027     1027   (0)     12 :  0.6914 0.0208 0.0248 0.1267 0.1273 0.0090 
1028     1028   (0)     12 :  0.8110 0.0040 0.0060 0.1740 0.0020 0.0030 
1029     1029   (0)     12 :  0.8238 0.0050 0.0170 0.1478 0.0030 0.0034 
1030     1030   (0)     12 :  0.7237 0.0030 0.0030 0.2643 0.0030 0.0030 
1031     1031   (0)     12 :  0.6757 0.0030 0.0030 0.3133 0.0030 0.0020 
1032     1032   (0)     12 :  0.8044 0.0152 0.0190 0.1016 0.0318 0.0280 
1033     1033   (0)     12 :  0.6868 0.0040 0.0040 0.3002 0.0020 0.0030 
1034     1034   (0)     12 :  0.8561 0.0352 0.0030 0.0840 0.0136 0.0080 
1035     1035   (0)     12 :  0.7161 0.0040 0.0040 0.2689 0.0030 0.0040 
1036     1036   (0)     12 :  0.6343 0.0110 0.0246 0.2257 0.0050 0.0994 
1037     1037   (0)     12 :  0.7545 0.0040 0.0040 0.2315 0.0030 0.0030 
1038     1038   (0)     12 :  0.5932 0.0040 0.0040 0.3928 0.0030 0.0030 
1039     1039   (0)     12 :  0.9117 0.0060 0.0302 0.0402 0.0040 0.0080 
1040     1040   (0)     12 :  0.7449 0.0020 0.0040 0.2432 0.0020 0.0040 
1041     1041   (0)     12 :  0.7237 0.0060 0.0080 0.2462 0.0110 0.0050 
1042     1042   (0)     12 :  0.5866 0.3105 0.0140 0.0618 0.0080 0.0190 
1043     1043   (0)     12 :  0.5158 0.0030 0.0040 0.4702 0.0030 0.0040 
1044     1044   (0)     12 :  0.9386 0.0020 0.0030 0.0494 0.0020 0.0050 
1045     1045   (0)     12 :  0.6463 0.0366 0.0040 0.2675 0.0416 0.0040 
1046     1046   (0)     12 :  0.8554 0.0050 0.0050 0.1226 0.0080 0.0040 
1047     1047   (0)     12 :  0.7081 0.0136 0.0050 0.2585 0.0040 0.0108 
1048     1048   (0)     12 :  0.5961 0.0060 0.0060 0.3779 0.0090 0.0050 
1049     1049   (0)     12 :  0.8505 0.0070 0.0050 0.1255 0.0100 0.0020 
1050     1050   (0)     12 :  0.7901 0.0110 0.0060 0.1809 0.0090 0.0030 
1051     1051   (0)     12 :  0.7957 0.0040 0.0150 0.1763 0.0060 0.0030 
1052     1052   (0)     12 :  0.7358 0.0030 0.0060 0.2492 0.0030 0.0030 
1053     1053   (0)     12 :  0.8335 0.0030 0.0070 0.1455 0.0070 0.0040 
1054     1054   (0)     12 :  0.7654 0.0066 0.0036 0.2134 0.0040 0.0070 
1055     1055   (0)     12 :  0.7036 0.0080 0.0230 0.2576 0.0030 0.0048 
1056     1056   (0)     12 :  0.9840 0.0030 0.0030 0.0040 0.0020 0.0040 
1057     1057   (0)     12 :  0.7845 0.0318 0.0436 0.1023 0.0050 0.0328 
1058     1058   (0)     12 :  0.7608 0.0190 0.0180 0.1842 0.0090 0.0090 
1059     1059   (0)     12 :  0.7935 0.0030 0.0040 0.1927 0.0030 0.0038 
1060     1060   (0)     12 :  0.7220 0.0030 0.0030 0.2670 0.0020 0.0030 
1061     1061   (0)     12 :  0.7658 0.1030 0.1038 0.0180 0.0040 0.0054 
1062     1062   (0)     12 :  0.6933 0.0050 0.0040 0.2937 0.0020 0.0020 
1063     1063   (0)     12 :  0.5992 0.0050 0.0030 0.3858 0.0020 0.0050 
1064     1064   (0)     12 :  0.8677 0.0200 0.0170 0.0903 0.0020 0.0030 
1065     1065   (0)     12 :  0.6858 0.0100 0.0050 0.2832 0.0050 0.0110 
1066     1066   (0)     12 :  0.7247 0.0030 0.0030 0.2633 0.0030 0.0030 
1067     1067   (0)     12 :  0.9200 0.0230 0.0040 0.0420 0.0040 0.0070 
1068     1068   (0)     12 :  0.8226 0.0020 0.0030 0.1654 0.0040 0.0030 
1069     1069   (0)     12 :  0.6515 0.0054 0.0030 0.3271 0.0080 0.0050 
1070     1070   (0)     12 :  0.8343 0.0094 0.0040 0.1482 0.0020 0.0020 
1071     1071   (0)     12 :  0.5838 0.0060 0.0120 0.3910 0.0042 0.0030 
1072     1072   (0)     12 :  0.6329 0.0040 0.0050 0.3501 0.0020 0.0060 
1073     1073   (0)     12 :  0.9784 0.0050 0.0040 0.0030 0.0060 0.0036 
1074     1074   (0)     12 :  0.7325 0.0030 0.0050 0.2466 0.0060 0.0070 
1075     1075   (0)     12 :  0.7014 0.0080 0.0216 0.2630 0.0020 0.0040 
1076     1076   (0)     12 :  0.7492 0.0040 0.0040 0.2337 0.0020 0.0070 
1077     1077   (0)     12 :  0.8193 0.0060 0.0050 0.1321 0.0106 0.0270 
1078     1078   (0)     12 :  0.7155 0.0030 0.0050 0.2715 0.0020 0.0030 
1079     1079   (0)     12 :  0.7417 0.0390 0.0090 0.1417 0.0060 0.0626 
1080     1080   (0)     12 :  0.6703 0.0130 0.0050 0.2424 0.0070 0.0622 
1081     1081   (0)     12 :  0.7842 0.0020 0.0020 0.2048 0.0040 0.0030 
1082     1082   (0)     12 :  0.8120 0.0050 0.0200 0.1556 0.0020 0.0054 
1083     1083   (0)     12 :  0.7644 0.0238 0.1756 0.0192 0.0030 0.0140 
1084     1084   (0)     12 :  0.7555 0.0080 0.0080 0.1279 0.0094 0.0913 
1085     1085   (0)     12 :  0.6890 0.0030 0.0040 0.2894 0.0066 0.0080 
1086     1086   (0)     12 :  0.7366 0.0074 0.0080 0.2321 0.0060 0.0100 
1087     1087   (0)     12 :  0.6662 0.0110 0.0626 0.2522 0.0030 0.0050 
1088     1088   (0)     12 :  0.7538 0.0030 0.0040 0.2302 0.0030 0.0060 
1089     1089   (0)     12 :  0.9340 0.0060 0.0124 0.0416 0.0020 0.0040 
1090     1090   (0)     12 :  0.6807 0.0030 0.0050 0.3003 0.0080 0.0030 
1091     1091   (0)     12 :  0.7176 0.0030 0.0030 0.2704 0.0030 0.0030 
1092     1092   (0)     12 :  0.6855 0.0040 0.0110 0.2915 0.0040 0.0040 
1093     1093   (0)     12 :  0.7966 0.0080 0.0050 0.1844 0.0020 0.0040 
1094     1094   (0)     12 :  0.7437 0.0050 0.0040 0.2403 0.0040 0.0030 
1095     1095   (0)     12 :  0.7944 0.0040 0.0060 0.1916 0.0020 0.0020 
1096     1096   (0)     12 :  0.7728 0.0146 0.0030 0.2036 0.0020 0.0040 
1097     1097   (0)     12 :  0.7811 0.0030 0.0030 0.2089 0.0020 0.0020 
1098     1098   (0)     12 :  0.7141 0.0040 0.0070 0.2689 0.0030 0.0030 
1099     1099   (0)     12 :  0.5707 0.0152 0.0040 0.3910 0.0130 0.0060 
1100     1100   (0)     12 :  0.8029 0.0144 0.0144 0.1543 0.0030 0.0110 
1101     1101   (0)     12 :  0.7445 0.0056 0.0040 0.2280 0.0100 0.0080 
1102     1102   (0)     12 :  0.5838 0.0080 0.0080 0.3922 0.0040 0.0040 
1103     1103   (0)     12 :  0.7748 0.0030 0.0050 0.2062 0.0020 0.0090 
1104     1104   (0)     12 :  0.7775 0.0030 0.0030 0.2085 0.0030 0.0050 
1105     1105   (0)     12 :  0.8011 0.0060 0.0090 0.1689 0.0040 0.0110 
1106     1106   (0)     12 :  0.7038 0.0050 0.0040 0.2792 0.0040 0.0040 
1107     1107   (0)     12 :  0.7638 0.0050 0.0040 0.2222 0.0020 0.0030 
1108     1108   (0)     12 :  0.9018 0.0050 0.0302 0.0490 0.0060 0.0080 
1109     1109   (0)     13 :  0.0030 0.0030 0.0056 0.2182 0.7642 0.0060 
1110     1110   (0)     13 :  0.0612 0.0080 0.0162 0.2360 0.6657 0.0130 
1111     1111   (0)     13 :  0.0060 0.0050 0.0030 0.3819 0.6011 0.0030 
1112     1112   (0)     13 :  0.0160 0.0138 0.0100 0.0903 0.8561 0.0138 
1113     1113   (0)     13 :  0.0090 0.0150 0.0080 0.0140 0.9326 0.0214 
1114     1114   (0)     13 :  0.0020 0.0040 0.0020 0.2012 0.7878 0.0030 
1115     1115   (0)     13 :  0.0070 0.0036 0.0050 0.1386 0.8418 0.0040 
1116     1116   (0)     13 :  0.0030 0.0064 0.0060 0.2473 0.7272 0.0100 
1117     1117   (0)     13 :  0.0130 0.0060 0.0050 0.0232 0.9418 0.0110 
1118     1118   (0)     13 :  0.0130 0.0060 0.0050 0.3698 0.6002 0.0060 
1119     1119   (0)     13 :  0.0020 0.0096 0.0472 0.1522 0.7860 0.0030 
1120     1120   (0)     13 :  0.0030 0.0040 0.0098 0.2268 0.7504 0.0060 
1121     1121   (0)     13 :  0.0030 0.0050 0.0050 0.2825 0.7005 0.0040 
1122     1122   (0)     13 :  0.0100 0.0150 0.0170 0.1388 0.8152 0.0040 
1123     1123   (0)     13 :  0.0030 0.0040 0.0114 0.3451 0.6345 0.0020 
1124     1124   (0)     13 :  0.0252 0.0074 0.0128 0.2297 0.7209 0.0040 
1125     1125   (0)     13 :  0.0060 0.0080 0.0040 0.1951 0.7789 0.0080 
1126     1126   (0)     13 :  0.0020 0.0030 0.0020 0.2243 0.7657 0.0030 
1127     1127   (0)     13 :  0.0020 0.0102 0.0040 0.1974 0.7704 0.0160 
1128     1128   (0)     13 :  0.0040 0.0040 0.0036 0.2660 0.7154 0.0070 
1129     1129   (0)     13 :  0.0060 0.0080 0.0120 0.1615 0.8085 0.0040 
1130     1130   (0)     13 :  0.0426 0.0030 0.0100 0.0582 0.8812 0.0050 
1131     1131   (0)     13 :  0.0681 0.0090 0.0070 0.2524 0.6505 0.0130 
1132     1132   (0)     13 :  0.0238 0.0070 0.0220 0.2577 0.6765 0.0130 
1133     1133   (0)     13 :  0.1091 0.0040 0.0050 0.0232 0.8487 0.0100 
1134     1134   (0)     13 :  0.0060 0.0052 0.0030 0.2768 0.7026 0.0064 
1135     1135   (0)     13 :  0.0040 0.0058 0.0046 0.0488 0.9216 0.0152 
1136     1136   (0)     13 :  0.0250 0.0130 0.0180 0.0500 0.8800 0.0140 
1137     1137   (0)     13 :  0.0070 0.0040 0.0030 0.2220 0.7540 0.0100 
1138     1138   (0)     13 :  0.0112 0.0140 0.0050 0.1088 0.8393 0.0218 
1139     1139   (0)     13 :  0.0030 0.0532 0.0160 0.0312 0.8748 0.0218 
1140     1140   (0)     13 :  0.0020 0.0030 0.0024 0.1933 0.7933 0.0060 
1141     1141   (0)     13 :  0.0020 0.0050 0.0040 0.2131 0.7699 0.0060 
1142     1142   (0)     13 :  0.0050 0.0070 0.0050 0.2661 0.7109 0.0060 
1143     1143   (0)     13 :  0.0020 0.0030 0.0030 0.2270 0.7590 0.0060 
1144     1144   (0)     13 :  0.0030 0.0050 0.0030 0.2750 0.7090 0.0050 
1145     1145   (0)     13 :  0.0150 0.0058 0.0130 0.3145 0.6327 0.0190 
1146     1146   (0)     13 :  0.0030 0.0040 0.0040 0.1815 0.8025 0.0050 
1147     1147   (0)     13 :  0.0040 0.0040 0.0030 0.3077 0.6773 0.0040 
1148     1148   (0)     13 :  0.0050 0.0040 0.0040 0.2941 0.6857 0.0072 
1149     1149   (0)     13 :  0.0020 0.0030 0.0020 0.3205 0.6675 0.0050 
1150     1150   (0)     13 :  0.0178 0.0918 0.0104 0.1204 0.7300 0.0296 
1151     1151   (0)     13 :  0.0030 0.0030 0.0020 0.2346 0.7534 0.0040 
1152     1152   (0)     13 :  0.0030 0.0060 0.0060 0.2569 0.7207 0.0074 
1153     1153   (0)     13 :  0.0028 0.0050 0.0056 0.3607 0.6219 0.0040 
1154     1154   (0)     13 :  0.0030 0.0100 0.0050 0.1737 0.8043 0.0040 
1155     1155   (0)     13 :  0.0030 0.0090 0.0130 0.2588 0.7122 0.0040 
1156     1156   (0)     13 :  0.0030 0.0040 0.0090 0.2040 0.7708 0.0092 
1157     1157   (0)     13 :  0.0030 0.0060 0.0090 0.0991 0.8769 0.0060 
1158     1158   (0)     13 :  0.0020 0.0090 0.0038 0.0800 0.9002 0.0050 
1159     1159   (0)     13 :  0.0120 0.0120 0.0060 0.3351 0.6269 0.0080 
1160     1160   (0)     13 :  0.0070 0.0040 0.2220 0.0536 0.7105 0.0030 
1161     1161   (0)     13 :  0.0040 0.0130 0.0140 0.2943 0.6503 0.0244 
1162     1162   (0)     13 :  0.0110 0.0516 0.0220 0.2168 0.6817 0.0170 
1163     1163   (0)     13 :  0.0030 0.0040 0.0020 0.0040 0.9830 0.0040 
1164     1164   (0)     13 :  0.0040 0.0030 0.0220 0.1210 0.8480 0.0020 
1165     1165   (0)     13 :  0.0100 0.0150 0.1850 0.1224 0.6351 0.0324 
1166     1166   (0)     13 :  0.0070 0.0050 0.0070 0.2590 0.7190 0.0030 
1167     1167   (0)     13 :  0.0722 0.0080 0.0080 0.2226 0.6841 0.0050 
1168     1168   (0)     13 :  0.0030 0.0040 0.0120 0.2630 0.7150 0.0030 
1169     1169   (0)     13 :  0.0030 0.0164 0.0040 0.1970 0.7756 0.0040 
1170     1170   (0)     13 :  0.0060 0.0070 0.0282 0.2377 0.7132 0.0080 
1171     1171   (0)     13 :  0.0030 0.1554 0.0100 0.1346 0.6921 0.0050 
1172     1172   (0)     13 :  0.0040 0.0090 0.0050 0.1410 0.8360 0.0050 
1173     1173   (0)     13 :  0.0060 0.0240 0.0198 0.0340 0.8256 0.0906 
1174     1174   (0)     13 :  0.0040 0.0060 0.0380 0.2747 0.6733 0.0040 
1175     1175   (0)     13 :  0.0030 0.0100 0.0268 0.1724 0.7690 0.0188 
1176     1176   (0)     13 :  0.0030 0.0040 0.0040 0.2048 0.7552 0.0290 
1177     1177   (0)     13 :  0.0166 0.0040 0.0070 0.2154 0.7494 0.0076 
1178     1178   (0)     13 :  0.0144 0.0170 0.0090 0.1492 0.8064 0.0040 
1179     1179   (0)     13 :  0.0060 0.0060 0.0050 0.2511 0.7245 0.0074 
1180     1180   (0)     13 :  0.0020 0.0110 0.0030 0.1546 0.8180 0.0114 
1181     1181   (0)     13 :  0.0040 0.0030 0.0040 0.1536 0.8294 0.0060 
1182     1182   (0)     13 :  0.0030 0.0090 0.0234 0.1445 0.8111 0.0090 
1183     1183   (0)     13 :  0.0030 0.0070 0.0266 0.1488 0.7996 0.0150 
1184     1184   (0)     13 :  0.0030 0.0060 0.0080 0.4209 0.5581 0.0040 
1185     1185   (0)     13 :  0.0040 0.0438 0.0478 0.1197 0.6831 0.1015 
1186     1186   (0)     13 :  0.0086 0.0070 0.0050 0.2767 0.6957 0.0070 
1187     1187   (0)     13 :  0.0030 0.0040 0.0030 0.1696 0.8174 0.0030 
1188     1188   (0)     13 :  0.0030 0.0060 0.0040 0.3448 0.6382 0.0040 
1189     1189   (0)     13 :  0.0020 0.0030 0.0020 0.0993 0.8907 0.0030 
1190     1190   (0)     13 :  0.0080 0.0034 0.0178 0.2516 0.7132 0.0060 
1191     1191   (0)     13 :  0.0030 0.0170 0.0166 0.0993 0.8601 0.0040 
1192     1192   (0)     13 :  0.0020 0.0030 0.0050 0.3279 0.6591 0.0030 
1193     1193   (0)     13 :  0.0050 0.0120 0.1084 0.1688 0.6997 0.0060 
1194     1194   (0)     13 :  0.0020 0.0196 0.0130 0.1630 0.7862 0.0162 
1195     1195   (0)     13 :  0.0060 0.0418 0.0242 0.1802 0.7429 0.0050 
1196     1196   (0)     13 :  0.0110 0.0130 0.0076 0.1759 0.7885 0.0040 
1197     1197   (0)     13 :  0.0028 0.0040 0.0030 0.1221 0.8621 0.0060 
1198     1198   (0)     13 :  0.0070 0.0070 0.0100 0.0514 0.9146 0.0100 
1199     1199   (0)     13 :  0.0020 0.0030 0.0030 0.1080 0.8780 0.0060 
1200     1200   (0)     13 :  0.0020 0.0030 0.0020 0.0040 0.9860 0.0030 
1201     1201   (0)     13 :  0.0050 0.0052 0.0040 0.3363 0.6443 0.0052 
1202     1202   (0)     13 :  0.0050 0.0030 0.0818 0.0170 0.8902 0.0030 
1203     1203   (0)     13 :  0.0040 0.0040 0.0040 0.1631 0.8209 0.0040 
1204     1204   (0)     13 :  0.0050 0.0106 0.0040 0.2319 0.7426 0.0060 
1205     1205   (0)     13 :  0.0060 0.0050 0.0030 0.3535 0.6295 0.0030 
1206     1206   (0)     13 :  0.0140 0.0106 0.0222 0.2203 0.7278 0.0050 
1207     1207   (0)     13 :  0.0020 0.0030 0.0030 0.3001 0.6839 0.0080 
1208     1208   (0)     13 :  0.0020 0.0030 0.0030 0.1771 0.8099 0.0050 
1209     1209   (0)     14 :  0.0020 0.0030 0.0100 0.0634 0.0292 0.8924 
1210     1210   (0)     14 :  0.0128 0.0070 0.0070 0.2527 0.0040 0.7165 
1211     1211   (0)     14 :  0.0050 0.0400 0.0090 0.2056 0.0680 0.6723 
1212     1212   (0)     14 :  0.0060 0.0050 0.0114 0.2126 0.0040 0.7610 
1213     1213   (0)     14 :  0.0100 0.0724 0.0853 0.0786 0.0040 0.7498 
1214     1214   (0)     14 :  0.0200 0.0030 0.0060 0.2114 0.0110 0.7487 
1215     1215   (0)     14 :  0.0030 0.0040 0.0146 0.2068 0.0040 0.7675 
1216     1216   (0)     14 :  0.0072 0.0070 0.0108 0.2592 0.0050 0.7108 
1217     1217   (0)     14 :  0.0050 0.0160 0.0060 0.1170 0.0130 0.8430 
1218     1218   (0)     14 :  0.0130 0.0166 0.0080 0.1754 0.0100 0.7770 
1219     1219   (0)     14 :  0.0040 0.0092 0.0060 0.0740 0.0050 0.9018 
1220     1220   (0)     14 :  0.0060 0.0150 0.0218 0.0812 0.0100 0.8660 
1221     1221   (0)     14 :  0.0288 0.0276 0.0198 0.2965 0.0050 0.6223 
1222     1222   (0)     14 :  0.0130 0.0084 0.0180 0.1824 0.0310 0.7473 
1223     1223   (0)     14 :  0.0040 0.0464 0.0050 0.1465 0.0108 0.7873 
1224     1224   (0)     14 :  0.0216 0.0060 0.0040 0.0070 0.0064 0.9550 
1225     1225   (0)     14 :  0.0090 0.0388 0.0040 0.1998 0.0040 0.7445 
1226     1226   (0)     14 :  0.0204 0.0040 0.0040 0.4396 0.0050 0.5270 
1227     1227   (0)     14 :  0.0080 0.0050 0.0050 0.3093 0.0078 0.6649 
1228     1228   (0)     14 :  0.0841 0.0102 0.0210 0.0080 0.0090 0.8677 
1229     1229   (0)     14 :  0.0060 0.0100 0.0056 0.0050 0.0228 0.9506 
1230     1230   (0)     14 :  0.0120 0.0266 0.0162 0.0292 0.0050 0.9110 
1231     1231   (0)     14 :  0.0220 0.0030 0.0040 0.0092 0.0304 0.9313 
1232     1232   (0)     14 :  0.0050 0.0070 0.0070 0.3474 0.0096 0.6240 
1233     1233   (0)     14 :  0.0100 0.0120 0.0100 0.4468 0.0060 0.5152 
1234     1234   (0)     14 :  0.0040 0.0328 0.0050 0.0412 0.0290 0.8880 
1235     1235   (0)     14 :  0.0060 0.0040 0.0040 0.3387 0.0030 0.6443 
1236     1236   (0)     14 :  0.0140 0.0048 0.0110 0.0734 0.0040 0.8928 
1237     1237   (0)     14 :  0.0030 0.0050 0.0020 0.2828 0.0030 0.7042 
1238     1238   (0)     14 :  0.1300 0.0060 0.0040 0.1156 0.0040 0.7403 
1239     1239   (0)     14 :  0.0030 0.0100 0.0050 0.1662 0.0110 0.8048 
1240     1240   (0)     14 :  0.0030 0.0090 0.0040 0.2402 0.0050 0.7389 
1241     1241   (0)     14 :  0.0050 0.0090 0.0020 0.2773 0.0040 0.7027 
1242     1242   (0)     14 :  0.0478 0.0210 0.0170 0.2898 0.0090 0.6154 
1243     1243   (0)     14 :  0.0843 0.0060 0.0120 0.0897 0.0130 0.7950 
1244     1244   (0)     14 :  0.0058 0.0040 0.0060 0.2327 0.0040 0.7475 
1245     1245   (0)     14 :  0.0110 0.0110 0.0220 0.0170 0.1747 0.7642 
1246     1246   (0)     14 :  0.0092 0.0120 0.0060 0.1772 0.0034 0.7922 
1247     1247   (0)     14 :  0.0038 0.0060 0.0040 0.3726 0.0050 0.6086 
1248     1248   (0)     14 :  0.0030 0.0030 0.0030 0.1723 0.0030 0.8157 
1249     1249   (0)     14 :  0.0030 0.0070 0.0060 0.3343 0.0194 0.6303 
1250     1250   (0)     14 :  0.0106 0.0030 0.0050 0.0174 0.0040 0.9600 
1251     1251   (0)     14 :  0.0080 0.0054 0.0304 0.1582 0.0050 0.7930 
1252     1252   (0)     14 :  0.0040 0.0050 0.0120 0.2371 0.0230 0.7189 
1253     1253   (0)     14 :  0.0070 0.0070 0.0050 0.1751 0.0040 0.8020 
1254     1254   (0)     14 :  0.0070 0.0130 0.0206 0.3305 0.0090 0.6200 
1255     1255   (0)     14 :  0.0060 0.0110 0.0340 0.0589 0.0374 0.8527 
1256     1256   (0)     14 :  0.0056 0.0040 0.0030 0.3190 0.0030 0.6654 
1257     1257   (0)     14 :  0.0030 0.0046 0.0030 0.1967 0.1048 0.6879 
1258     1258   (0)     14 :  0.0030 0.0070 0.0040 0.3369 0.0030 0.6461 
1259     1259   (0)     14 :  0.0080 0.0120 0.0090 0.0180 0.0070 0.9460 
1260     1260   (0)     14 :  0.0050 0.0030 0.0070 0.2074 0.0030 0.7746 
1261     1261   (0)     14 :  0.0050 0.0050 0.0040 0.0068 0.0070 0.9722 
1262     1262   (0)     14 :  0.0170 0.0200 0.0060 0.1319 0.0160 0.8092 
1263     1263   (0)     14 :  0.0254 0.0122 0.0150 0.1048 0.0066 0.8360 
1264     1264   (0)     14 :  0.0020 0.0090 0.0062 0.1145 0.0030 0.8652 
1265     1265   (0)     14 :  0.0050 0.0214 0.0050 0.1254 0.0040 0.8392 
1266     1266   (0)     14 :  0.0060 0.0070 0.0030 0.0770 0.0050 0.9020 
1267     1267   (0)     14 :  0.0220 0.0080 0.0060 0.0384 0.0070 0.9186 
1268     1268   (0)     14 :  0.0030 0.0070 0.0060 0.2721 0.0028 0.7091 
1269     1269   (0)     14 :  0.0050 0.0040 0.0060 0.4432 0.0060 0.5358 
1270     1270   (0)     14 :  0.0040 0.0030 0.0040 0.4594 0.0326 0.4970 
1271     1271   (0)     14 :  0.0152 0.0050 0.0150 0.0822 0.0030 0.8795 
1272     1272   (0)     14 :  0.0020 0.0120 0.0238 0.1707 0.0050 0.7865 
1273     1273   (0)     14 :  0.0066 0.0178 0.0174 0.1326 0.0070 0.8186 
1274     1274   (0)     14 :  0.0100 0.0572 0.0040 0.0658 0.0050 0.8579 
1275     1275   (0)     14 :  0.0380 0.0134 0.0050 0.0422 0.0416 0.8597 
1276     1276   (0)     14 :  0.0040 0.0204 0.0048 0.1574 0.0100 0.8034 
1277     1277   (0)     14 :  0.0050 0.0070 0.0050 0.3370 0.0072 0.6388 
1278     1278   (0)     14 :  0.0084 0.0050 0.0911 0.0676 0.0050 0.8229 
1279     1279   (0)     14 :  0.0076 0.0080 0.0140 0.1732 0.0070 0.7902 
1280     1280   (0)     14 :  0.0058 0.0070 0.0040 0.2587 0.0130 0.7115 
1281     1281   (0)     14 :  0.0040 0.0140 0.0030 0.2890 0.0270 0.6630 
1282     1282   (0)     14 :  0.0030 0.0120 0.0070 0.0641 0.0020 0.9119 
1283     1283   (0)     14 :  0.0060 0.0080 0.0050 0.2692 0.0190 0.6928 
1284     1284   (0)     14 :  0.0130 0.1116 0.0058 0.1901 0.0040 0.6755 
1285     1285   (0)     14 :  0.0040 0.0060 0.0130 0.4193 0.0080 0.5497 
1286     1286   (0)     14 :  0.0612 0.0060 0.0634 0.0240 0.0020 0.8435 
1287     1287   (0)     14 :  0.0040 0.0066 0.0040 0.2158 0.0030 0.7666 
1288     1288   (0)     14 :  0.0020 0.0090 0.0070 0.2911 0.0070 0.6839 
1289     1289   (0)     14 :  0.0110 0.0050 0.0040 0.1594 0.0020 0.8186 
1290     1290   (0)     14 :  0.0020 0.0044 0.0050 0.2308 0.0030 0.7548 
1291     1291   (0)     14 :  0.0040 0.0070 0.0054 0.1609 0.0020 0.8207 
1292     1292   (0)     14 :  0.0030 0.0040 0.0120 0.2235 0.0100 0.7475 
1293     1293   (0)     14 :  0.0030 0.0050 0.0030 0.2678 0.0820 0.6392 
1294     1294   (0)     14 :  0.0030 0.0757 0.0060 0.2230 0.0162 0.6761 
1295     1295   (0)     14 :  0.0040 0.0040 0.0070 0.2260 0.0100 0.7491 
1296     1296   (0)     14 :  0.0120 0.0088 0.0120 0.3213 0.0092 0.6367 
1297     1297   (0)     14 :  0.0060 0.0090 0.0040 0.0362 0.0306 0.9143 
1298     1298   (0)     14 :  0.0040 0.0656 0.0050 0.1796 0.0204 0.7255 
1299     1299   (0)     14 :  0.0030 0.0788 0.0050 0.1400 0.0050 0.7682 
1300     1300   (0)     14 :  0.0046 0.0088 0.0114 0.1146 0.0432 0.8174 
1301     1301   (0)     14 :  0.0060 0.0100 0.0130 0.2060 0.0030 0.7620 
1302     1302   (0)     14 :  0.0040 0.0050 0.0070 0.0070 0.0040 0.9730 
1303     1303   (0)     14 :  0.0070 0.0060 0.0102 0.1748 0.0080 0.7940 
1304     1304   (0)     14 :  0.0110 0.0104 0.0114 0.0194 0.2971 0.6507 
1305     1305   (0)     14 :  0.0030 0.0046 0.0040 0.1083 0.0060 0.8741 
1306     1306   (0)     14 :  0.0130 0.0060 0.0280 0.1600 0.0090 0.7840 
1307     1307   (0)     14 :  0.0358 0.0380 0.0284 0.0574 0.0832 0.7572 
1308     1308   (0)     14 :  0.0170 0.0060 0.0040 0.2478 0.0050 0.7201 
1309     1309  (10)     15 :  0.0040 0.0340 0.9136 0.0050 0.0214 0.0220 
1310     1310   (5)     15 :  0.0110 0.0110 0.9471 0.0050 0.0180 0.0080 
1311     1311   (5)     15 :  0.0126 0.0920 0.5621 0.2807 0.0414 0.0112 
1312     1312   (5)     15 :  0.0020 0.0170 0.9716 0.0030 0.0030 0.0034 
1313     1313  (10)     15 :  0.0150 0.0310 0.8458 0.0384 0.0388 0.0310 
1314     1314   (5)     15 :  0.0234 0.0580 0.4725 0.3820 0.0320 0.0322 
1315     1315  (10)     15 :  0.0040 0.0058 0.9512 0.0110 0.0100 0.0180 
1316     1316   (0)     15 :  0.1126 0.0080 0.8614 0.0060 0.0030 0.0090 
1317     1317   (0)     15 :  0.0030 0.0070 0.9620 0.0080 0.0120 0.0080 
1318     1318   (0)     15 :  0.0060 0.0050 0.9790 0.0030 0.0030 0.0040 
1319     1319   (0)     15 :  0.0050 0.0184 0.9610 0.0080 0.0046 0.0030 
1320     1320   (0)     15 :  0.0028 0.0080 0.9060 0.0424 0.0318 0.0090 
1321     1321   (0)     15 :  0.0050 0.0050 0.9784 0.0046 0.0020 0.0050 
1322     1322   (0)     15 :  0.0050 0.0060 0.8834 0.0220 0.0040 0.0796 
1323     1323   (0)     15 :  0.0030 0.0090 0.8114 0.0090 0.0582 0.1094 
1324     1324   (0)     15 :  0.0050 0.0240 0.8488 0.0210 0.0348 0.0664 
1325     1325   (0)     15 :  0.0040 0.0240 0.9009 0.0380 0.0260 0.0070 
1326     1326   (0)     15 :  0.0070 0.0212 0.6232 0.3116 0.0244 0.0126 
1327     1327   (0)     15 :  0.0080 0.0070 0.9670 0.0060 0.0030 0.0090 
1328     1328   (5)     15 :  0.0342 0.0050 0.9444 0.0104 0.0020 0.0040 
1329     1329   (0)     15 :  0.0050 0.0042 0.9024 0.0128 0.0616 0.0140 
1330     1330   (0)     15 :  0.0050 0.0170 0.7934 0.0916 0.0828 0.0102 
1331     1331   (5)     15 :  0.0180 0.1174 0.8306 0.0260 0.0050 0.0030 
1332     1332   (5)     15 :  0.0080 0.0070 0.9710 0.0070 0.0030 0.0040 
1333     1333   (0)     15 :  0.0522 0.0080 0.8060 0.0806 0.0210 0.0322 
1334     1334   (0)     15 :  0.0060 0.0100 0.9250 0.0480 0.0020 0.0090 
1335     1335   (0)     15 :  0.0040 0.0894 0.8149 0.0100 0.0686 0.0132 
1336     1336   (0)     15 :  0.0050 0.0060 0.9740 0.0040 0.0050 0.0060 
1337     1337   (0)     15 :  0.0060 0.0040 0.9780 0.0020 0.0040 0.0060 
1338     1338   (0)     15 :  0.0040 0.0060 0.9708 0.0030 0.0030 0.0132 
1339     1339   (0)     15 :  0.0090 0.0030 0.9810 0.0020 0.0020 0.0030 
1340     1340   (0)     15 :  0.0030 0.0110 0.9700 0.0060 0.0060 0.0040 
1341     1341   (0)     15 :  0.0452 0.0050 0.9078 0.0240 0.0060 0.0120 
1342     1342   (0)     15 :  0.0148 0.0110 0.5968 0.0030 0.0100 0.3643 
1343     1343   (0)     15 :  0.0050 0.0060 0.9648 0.0120 0.0040 0.0082 
1344     1344   (0)     15 :  0.0040 0.0040 0.9684 0.0134 0.0040 0.0062 
1345     1345   (0)     15 :  0.0398 0.0582 0.7337 0.0926 0.0170 0.0588 
1346     1346   (0)     15 :  0.0050 0.0040 0.9790 0.0030 0.0050 0.0040 
1347     1347   (0)     15 :  0.0292 0.0040 0.9150 0.0248 0.0050 0.0220 
1348     1348   (0)     15 :  0.0040 0.1208 0.8293 0.0198 0.0040 0.0220 
1349     1349   (0)     15 :  0.0020 0.0060 0.9120 0.0040 0.0680 0.0080 
1350     1350   (0)     15 :  0.0030 0.0764 0.8532 0.0074 0.0330 0.0270 
1351     1351   (0)     16 :  0.0072 0.0100 0.8919 0.0412 0.0070 0.0426 
1352     1352   (0)     16 :  0.0060 0.0070 0.9486 0.0030 0.0280 0.0074 
1353     1353   (0)     16 :  0.0070 0.0434 0.8814 0.0562 0.0070 0.0050 
1354     1354   (0)     16 :  0.0050 0.0458 0.9172 0.0070 0.0190 0.0060 
1355     1355   (0)     16 :  0.0080 0.0620 0.8569 0.0158 0.0158 0.0416 
1356     1356   (0)     16 :  0.0070 0.0280 0.9400 0.0110 0.0056 0.0084 
1357     1357   (0)     16 :  0.0090 0.0060 0.9692 0.0050 0.0048 0.0060 
1358     1358   (0)     16 :  0.0030 0.0764 0.7171 0.0090 0.1875 0.0070 
1359     1359   (0)     16 :  0.0060 0.8199 0.0298 0.1373 0.0020 0.0050 
1360     1360   (0)     16 :  0.0050 0.0512 0.9268 0.0100 0.0030 0.0040 
1361     1361   (0)     16 :  0.0540 0.0090 0.8868 0.0212 0.0230 0.0060 
1362     1362   (0)     16 :  0.0030 0.1466 0.8138 0.0170 0.0040 0.0156 
1363     1363   (0)     16 :  0.0042 0.0050 0.9788 0.0020 0.0030 0.0070 
1364     1364   (0)     16 :  0.0154 0.0250 0.8290 0.1106 0.0060 0.0140 
1365     1365   (0)     16 :  0.0100 0.0222 0.9136 0.0050 0.0422 0.0070 
1366     1366   (0)     16 :  0.0220 0.0040 0.9093 0.0066 0.0060 0.0522 
1367     1367   (0)     16 :  0.0060 0.0090 0.9374 0.0150 0.0150 0.0176 
1368     1368   (0)     16 :  0.0040 0.0160 0.9076 0.0368 0.0236 0.0120 
1369     1369   (0)     16 :  0.0292 0.0438 0.7565 0.1533 0.0132 0.0040 
1370     1370   (0)     16 :  0.0070 0.0100 0.9426 0.0324 0.0040 0.0040 
1371     1371   (0)     16 :  0.0080 0.0070 0.9650 0.0030 0.0030 0.0140 
1372     1372   (0)     16 :  0.0776 0.0238 0.8584 0.0192 0.0140 0.0070 
1373     1373   (0)     16 :  0.0040 0.0100 0.9606 0.0124 0.0080 0.0050 
1374     1374   (0)     16 :  0.0090 0.0220 0.8390 0.0348 0.0216 0.0736 
1375     1375   (0)     16 :  0.0030 0.0204 0.7402 0.0294 0.0070 0.1999 
1376     1376   (0)     16 :  0.1138 0.3828 0.4166 0.0658 0.0070 0.0140 
1377     1377   (0)     16 :  0.0060 0.0060 0.9786 0.0030 0.0030 0.0034 
1378     1378   (0)     16 :  0.0078 0.0040 0.8058 0.1755 0.0030 0.0040 
1379     1379   (0)     16 :  0.0040 0.0080 0.9590 0.0060 0.0150 0.0080 
1380     1380   (0)     16 :  0.0030 0.0432 0.9270 0.0058 0.0090 0.0120 
1381     1381   (0)     16 :  0.0076 0.0050 0.9470 0.0060 0.0284 0.0060 
1382     1382   (0)     16 :  0.0040 0.0100 0.7766 0.2004 0.0030 0.0060 
1383     1383   (0)     16 :  0.0040 0.0030 0.9810 0.0030 0.0040 0.0050 
1384     1384   (0)     16 :  0.0050 0.0104 0.9562 0.0114 0.0030 0.0140 
1385     1385   (0)     16 :  0.0040 0.0060 0.9770 0.0020 0.0060 0.0050 
1386     1386   (0)     16 :  0.0138 0.0156 0.8829 0.0659 0.0080 0.0138 
1387     1387   (0)     16 :  0.0086 0.0030 0.9734 0.0050 0.0030 0.0070 
1388     1388   (0)     16 :  0.0050 0.0054 0.9656 0.0060 0.0060 0.0120 
1389     1389   (0)     16 :  0.0150 0.0110 0.9540 0.0050 0.0050 0.0100 
1390     1390   (0)     16 :  0.0352 0.0084 0.7479 0.1844 0.0060 0.0180 
1391     1391   (0)     16 :  0.0120 0.0090 0.9680 0.0040 0.0030 0.0040 
1392     1392   (0)     16 :  0.0140 0.0070 0.9540 0.0120 0.0040 0.0090 
1393     1393   (0)     16 :  0.0110 0.0192 0.7947 0.1369 0.0070 0.0312 
1394     1394   (0)     16 :  0.0130 0.0178 0.8240 0.1362 0.0020 0.0070 
1395     1395   (0)     16 :  0.0090 0.0100 0.9266 0.0414 0.0100 0.0030 
1396     1396   (0)     16 :  0.0040 0.2370 0.7230 0.0080 0.0040 0.0240 
1397     1397   (0)     16 :  0.0190 0.0066 0.7461 0.2203 0.0030 0.0050 
1398     1398   (0)     16 :  0.0060 0.0040 0.8976 0.0082 0.0060 0.0782 
1399     1399   (0)     16 :  0.0150 0.0188 0.7062 0.2530 0.0030 0.0040 
1400     1400   (0)     16 :  0.0030 0.0030 0.9840 0.0040 0.0030 0.0030 
1401     1401   (0)     16 :  0.0086 0.0234 0.9426 0.0184 0.0020 0.0050 
1402     1402   (0)     16 :  0.0100 0.0050 0.9590 0.0160 0.0060 0.0040 
1403     1403   (0)     16 :  0.0020 0.0170 0.8997 0.0366 0.0030 0.0416 
1404     1404   (0)     16 :  0.0030 0.1478 0.8024 0.0384 0.0054 0.0030 
1405     1405   (0)     16 :  0.0050 0.0068 0.9554 0.0060 0.0116 0.0152 
1406     1406   (0)     16 :  0.0030 0.0040 0.7416 0.2424 0.0030 0.0060 
1407     1407   (0)     16 :  0.0522 0.0972 0.7884 0.0464 0.0040 0.0118 
1408     1408   (0)     16 :  0.0030 0.0080 0.9166 0.0574 0.0060 0.0090 
1409     1409   (0)     16 :  0.0030 0.0050 0.6296 0.3564 0.0030 0.0030 
1410     1410   (0)     16 :  0.0030 0.0470 0.8130 0.1100 0.0050 0.0220 
1411     1411   (0)     16 :  0.0286 0.0052 0.9552 0.0030 0.0030 0.0050 
1412     1412   (0)     16 :  0.0030 0.0146 0.9620 0.0084 0.0030 0.0090 
1413     1413   (0)     16 :  0.0822 0.2509 0.6529 0.0040 0.0050 0.0050 
1414     1414   (0)     16 :  0.0038 0.0080 0.9722 0.0080 0.0040 0.0040 
1415     1415   (0)     16 :  0.0078 0.0356 0.9214 0.0222 0.0080 0.0050 
1416     1416   (0)     16 :  0.0130 0.0100 0.7010 0.2630 0.0080 0.0050 
1417     1417   (0)     16 :  0.0120 0.0556 0.9060 0.0124 0.0040 0.0100 
1418     1418   (0)     16 :  0.0110 0.0138 0.9168 0.0474 0.0030 0.0080 
1419     1419   (0)     16 :  0.0040 0.0080 0.8826 0.0984 0.0040 0.0030 
1420     1420   (0)     16 :  0.0100 0.0110 0.8282 0.0542 0.0090 0.0876 
1421     1421   (0)     16 :  0.0030 0.0130 0.7724 0.2026 0.0060 0.0030 
1422     1422   (0)     16 :  0.0040 0.0492 0.9020 0.0338 0.0040 0.0070 
1423     1423   (0)     16 :  0.0080 0.0240 0.9372 0.0238 0.0040 0.0030 
1424     1424   (0)     16 :  0.0060 0.0050 0.9418 0.0140 0.0060 0.0272 
1425     1425   (0)     16 :  0.0050 0.0156 0.8860 0.0844 0.0040 0.0050 
1426     1426   (0)     16 :  0.0130 0.0138 0.9052 0.0450 0.0070 0.0160 
1427     1427   (0)     16 :  0.0050 0.0512 0.9287 0.0060 0.0050 0.0040 
1428     1428   (0)     16 :  0.0180 0.0304 0.9053 0.0080 0.0120 0.0262 
1429     1429   (0)     16 :  0.0070 0.0194 0.9206 0.0370 0.0100 0.0060 
1430     1430   (0)     16 :  0.0030 0.0078 0.9632 0.0050 0.0120 0.0090 
1431     1431   (0)     16 :  0.0112 0.0110 0.9638 0.0040 0.0030 0.0070 
1432     1432   (0)     16 :  0.0050 0.0200 0.9600 0.0030 0.0030 0.0090 
1433     1433   (0)     16 :  0.0060 0.0110 0.9730 0.0030 0.0030 0.0040 
1434     1434   (0)     16 :  0.0250 0.0050 0.9500 0.0090 0.0040 0.0070 
1435     1435   (0)     16 :  0.0140 0.0340 0.9400 0.0050 0.0030 0.0040 
1436     1436   (0)     16 :  0.0060 0.0132 0.8376 0.1312 0.0060 0.0060 
1437     1437   (0)     16 :  0.0348 0.0280 0.9262 0.0040 0.0020 0.0050 
1438     1438   (0)     16 :  0.0030 0.0060 0.9720 0.0070 0.0050 0.0070 
1439     1439   (0)     16 :  0.0070 0.0220 0.8767 0.0853 0.0040 0.0050 
1440     1440   (0)     16 :  0.0150 0.0130 0.9198 0.0334 0.0108 0.0080 
1441     1441   (0)     16 :  0.0110 0.0090 0.9690 0.0030 0.0040 0.0040 
1442     1442   (0)     16 :  0.0100 0.0086 0.9628 0.0136 0.0020 0.0030 
1443     1443   (0)     16 :  0.1627 0.0140 0.7971 0.0202 0.0020 0.0040 
1444     1444   (0)     16 :  0.0030 0.0428 0.7972 0.1074 0.0130 0.0366 
1445     1445   (0)     16 :  0.0130 0.0310 0.8236 0.1204 0.0080 0.0040 
1446     1446   (0)     16 :  0.0020 0.0888 0.8612 0.0052 0.0060 0.0368 
1447     1447   (0)     16 :  0.0180 0.0126 0.9226 0.0388 0.0030 0.0050 
1448     1448   (0)     16 :  0.0322 0.0180 0.9098 0.0260 0.0050 0.0090 
1449     1449   (0)     16 :  0.0090 0.0050 0.9382 0.0388 0.0050 0.0040 
1450     1450   (0)     16 :  0.0526 0.0072 0.9172 0.0080 0.0050 0.0100 
1451     1451   (0)     17 :  0.0050 0.9580 0.0030 0.0040 0.0200 0.0100 
1452     1452   (0)     17 :  0.0020 0.8896 0.0060 0.0080 0.0350 0.0594 
1453     1453   (0)     17 :  0.0020 0.9750 0.0070 0.0060 0.0030 0.0070 
1454     1454   (0)     17 :  0.0060 0.9740 0.0060 0.0040 0.0040 0.0060 
1455     1455   (0)     17 :  0.0060 0.9610 0.0110 0.0110 0.0030 0.0080 
1456     1456   (0)     17 :  0.0030 0.9506 0.0030 0.0334 0.0040 0.0060 
1457     1457   (0)     17 :  0.0060 0.5870 0.0070 0.3850 0.0116 0.0034 
1458     1458   (0)     17 :  0.0020 0.9087 0.0348 0.0324 0.0030 0.0190 
1459     1459   (0)     17 :  0.0040 0.9442 0.0258 0.0050 0.0170 0.0040 
1460     1460   (0)     17 :  0.0030 0.9760 0.0060 0.0060 0.0030 0.0060 
1461     1461   (0)     17 :  0.0030 0.9800 0.0040 0.0020 0.0030 0.0080 
1462     1462   (0)     17 :  0.0070 0.8224 0.0512 0.0210 0.0040 0.0944 
1463     1463   (0)     17 :  0.0050 0.9650 0.0100 0.0020 0.0130 0.0050 
1464     1464   (0)     17 :  0.0040 0.9712 0.0050 0.0098 0.0040 0.0060 
1465     1465   (0)     17 :  0.0230 0.8366 0.0450 0.0554 0.0150 0.0250 
1466     1466   (0)     17 :  0.0060 0.8550 0.0080 0.0790 0.0080 0.0440 
1467     1467   (0)     17 :  0.0060 0.9510 0.0250 0.0070 0.0040 0.0070 
1468     1468   (0)     17 :  0.0030 0.9700 0.0050 0.0140 0.0030 0.0050 
1469     1469   (0)     17 :  0.0030 0.9800 0.0040 0.0040 0.0060 0.0030 
1470     1470   (0)     17 :  0.0170 0.6402 0.0040 0.3130 0.0108 0.0150 
1471     1471   (0)     17 :  0.0054 0.9786 0.0050 0.0040 0.0030 0.0040 
1472     1472   (0)     17 :  0.0180 0.8620 0.0414 0.0040 0.0356 0.0390 
1473     1473   (0)     17 :  0.0020 0.9449 0.0030 0.0421 0.0040 0.0040 
1474     1474   (0)     17 :  0.0130 0.9340 0.0278 0.0050 0.0040 0.0162 
1475     1475   (0)     17 :  0.0060 0.9810 0.0040 0.0040 0.0020 0.0030 
1476     1476   (0)     17 :  0.0030 0.5871 0.0977 0.0412 0.0060 0.2650 
1477     1477   (0)     17 :  0.0020 0.9812 0.0058 0.0040 0.0050 0.0020 
1478     1478   (0)     17 :  0.0140 0.9516 0.0050 0.0240 0.0020 0.0034 
1479     1479   (0)     17 :  0.0050 0.9254 0.0080 0.0526 0.0020 0.0070 
1480     1480   (0)     17 :  0.0030 0.9305 0.0120 0.0236 0.0088 0.0220 
1481     1481   (0)     17 :  0.0030 0.9770 0.0100 0.0030 0.0040 0.0030 
1482     1482   (0)     17 :  0.0350 0.9269 0.0080 0.0164 0.0020 0.0116 
1483     1483   (0)     17 :  0.0070 0.8457 0.0070 0.1333 0.0030 0.0040 
1484     1484   (0)     17 :  0.0040 0.9506 0.0050 0.0134 0.0210 0.0060 
1485     1485   (0)     17 :  0.0020 0.9618 0.0190 0.0030 0.0070 0.0072 
1486     1486   (0)     17 :  0.0030 0.9306 0.0112 0.0306 0.0206 0.0040 
1487     1487   (0)     17 :  0.0050 0.8551 0.0160 0.1022 0.0070 0.0148 
1488     1488   (0)     17 :  0.0040 0.8887 0.0044 0.0691 0.0020 0.0318 
1489     1489   (0)     17 :  0.0040 0.9760 0.0030 0.0080 0.0050 0.0040 
1490     1490   (0)     17 :  0.0040 0.9724 0.0046 0.0090 0.0040 0.0060 
1491     1491   (0)     17 :  0.0030 0.7706 0.0050 0.2164 0.0030 0.0020 
1492     1492   (0)     17 :  0.0110 0.9237 0.0078 0.0350 0.0116 0.0110 
1493     1493   (0)     17 :  0.0080 0.8511 0.0474 0.0758 0.0110 0.0068 
1494     1494   (0)     17 :  0.0030 0.9560 0.0070 0.0140 0.0050 0.0150 
1495     1495   (0)     17 :  0.0050 0.9497 0.0060 0.0156 0.0158 0.0080 
1496     1496   (0)     17 :  0.0080 0.9742 0.0068 0.0040 0.0030 0.0040 
1497     1497   (0)     17 :  0.0090 0.8958 0.0090 0.0562 0.0190 0.0110 
1498     1498   (0)     17 :  0.0618 0.8335 0.0568 0.0180 0.0100 0.0200 
1499     1499   (0)     17 :  0.0070 0.7688 0.0066 0.2056 0.0040 0.0080 
1500     1500   (0)     17 :  0.0030 0.9760 0.0070 0.0040 0.0030 0.0070 
1501     1501   (0)     17 :  0.0060 0.6471 0.0456 0.2843 0.0050 0.0120 
1502     1502   (0)     17 :  0.0040 0.9760 0.0070 0.0020 0.0030 0.0080 
1503     1503   (0)     17 :  0.0098 0.9218 0.0262 0.0050 0.0060 0.0312 
1504     1504   (0)     17 :  0.0020 0.9750 0.0040 0.0080 0.0040 0.0070 
1505     1505   (0)     17 :  0.0200 0.9518 0.0060 0.0060 0.0040 0.0122 
1506     1506   (0)     17 :  0.0080 0.7286 0.0210 0.2323 0.0030 0.0070 
1507     1507   (0)     17 :  0.1663 0.8045 0.0080 0.0132 0.0030 0.0050 
1508     1508   (0)     17 :  0.0030 0.9780 0.0050 0.0040 0.0030 0.0070 
1509     1509   (0)     17 :  0.0020 0.9750 0.0030 0.0100 0.0060 0.0040 
1510     1510   (0)     17 :  0.0040 0.9394 0.0050 0.0426 0.0040 0.0050 
1511     1511   (0)     17 :  0.0110 0.9060 0.0510 0.0200 0.0050 0.0070 
1512     1512   (0)     17 :  0.0030 0.8692 0.0040 0.1141 0.0040 0.0058 
1513     1513   (0)     17 :  0.0030 0.7924 0.0050 0.1786 0.0140 0.0070 
1514     1514   (0)     17 :  0.0020 0.8872 0.0150 0.0718 0.0150 0.0090 
1515     1515   (0)     17 :  0.0098 0.9542 0.0070 0.0180 0.0040 0.0070 
1516     1516   (0)     17 :  0.0430 0.3578 0.1900 0.0386 0.0462 0.3244 
1517     1517   (0)     17 :  0.0090 0.9700 0.0090 0.0030 0.0020 0.0070 
1518     1518   (0)     17 :  0.0040 0.9758 0.0080 0.0022 0.0060 0.0040 
1519     1519   (0)     17 :  0.0030 0.9642 0.0078 0.0150 0.0030 0.0070 
1520     1520   (0)     17 :  0.0050 0.8227 0.0288 0.0270 0.1052 0.0114 
1521     1521   (0)     17 :  0.0094 0.9622 0.0074 0.0090 0.0040 0.0080 
1522     1522   (0)     17 :  0.0509 0.8921 0.0042 0.0408 0.0080 0.0040 
1523     1523   (0)     17 :  0.0030 0.9548 0.0054 0.0278 0.0050 0.0040 
1524     1524   (0)     17 :  0.0030 0.9800 0.0070 0.0030 0.0030 0.0040 
1525     1525   (0)     17 :  0.0060 0.9046 0.0130 0.0200 0.0230 0.0334 
1526     1526   (0)     17 :  0.0030 0.9198 0.0040 0.0110 0.0194 0.0428 
1527     1527   (0)     17 :  0.0040 0.8853 0.0554 0.0374 0.0050 0.0130 
1528     1528   (0)     17 :  0.0388 0.8619 0.0210 0.0350 0.0322 0.0110 
1529     1529   (0)     17 :  0.0072 0.9518 0.0080 0.0200 0.0040 0.0090 
1530     1530   (0)     17 :  0.0090 0.8968 0.0110 0.0060 0.0590 0.0182 
1531     1531   (0)     17 :  0.0130 0.8702 0.0122 0.0460 0.0100 0.0486 
1532     1532   (0)     17 :  0.0040 0.9608 0.0050 0.0060 0.0090 0.0152 
1533     1533   (0)     17 :  0.0062 0.9748 0.0040 0.0070 0.0020 0.0060 
1534     1534   (0)     17 :  0.0050 0.9530 0.0060 0.0270 0.0070 0.0020 
1535     1535   (0)     17 :  0.0030 0.9800 0.0070 0.0030 0.0030 0.0040 
1536     1536   (0)     17 :  0.0120 0.9594 0.0106 0.0070 0.0060 0.0050 
1537     1537   (0)     17 :  0.0230 0.9292 0.0040 0.0224 0.0044 0.0170 
1538     1538   (0)     17 :  0.0050 0.9740 0.0050 0.0050 0.0050 0.0060 
1539     1539   (0)     17 :  0.0040 0.8664 0.0070 0.0761 0.0030 0.0435 
1540     1540   (0)     17 :  0.0030 0.9660 0.0050 0.0030 0.0180 0.0050 
1541     1541   (0)     17 :  0.0020 0.9540 0.0040 0.0030 0.0240 0.0130 
1542     1542   (0)     17 :  0.0060 0.8818 0.0280 0.0320 0.0380 0.0142 
1543     1543   (0)     17 :  0.0020 0.9690 0.0040 0.0170 0.0020 0.0060 
1544     1544   (0)     17 :  0.0040 0.8632 0.0050 0.0970 0.0258 0.0050 
1545     1545   (0)     17 :  0.0040 0.9399 0.0034 0.0376 0.0110 0.0040 
1546     1546   (0)     17 :  0.0060 0.8894 0.0150 0.0522 0.0314 0.0060 
1547     1547   (0)     17 :  0.0160 0.9454 0.0070 0.0070 0.0090 0.0156 
1548     1548   (0)     17 :  0.0050 0.6039 0.1002 0.0340 0.2420 0.0150 
1549     1549   (0)     17 :  0.0020 0.9472 0.0040 0.0388 0.0050 0.0030 
1550     1550   (0)     17 :  0.0040 0.7978 0.0130 0.0761 0.1001 0.0090 
1551     1551   (0)     18 :  0.9067 0.0040 0.0030 0.0813 0.0020 0.0030 
1552     1552   (0)     18 :  0.9608 0.0080 0.0060 0.0180 0.0052 0.0020 
1553     1553   (0)     18 :  0.9738 0.0030 0.0040 0.0152 0.0020 0.0020 
1554     1554   (0)     18 :  0.8831 0.0030 0.0040 0.1037 0.0020 0.0042 
1555     1555   (0)     18 :  0.9488 0.0120 0.0030 0.0212 0.0130 0.0020 
1556     1556   (0)     18 :  0.8619 0.0030 0.0060 0.1242 0.0020 0.0030 
1557     1557   (0)     18 :  0.7304 0.0030 0.0030 0.2566 0.0030 0.0040 
1558     1558   (0)     18 :  0.7941 0.0078 0.0108 0.1763 0.0080 0.0030 
1559     1559   (0)     18 :  0.8543 0.0122 0.0042 0.1223 0.0050 0.0020 
1560     1560   (0)     18 :  0.8046 0.0050 0.0040 0.1804 0.0030 0.0030 
1561     1561   (0)     18 :  0.8302 0.0050 0.0110 0.1448 0.0030 0.0060 
1562     1562   (0)     18 :  0.9422 0.0070 0.0060 0.0318 0.0040 0.0090 
1563     1563   (0)     18 :  0.6055 0.0106 0.0126 0.3651 0.0032 0.0030 
1564     1564   (0)     18 :  0.9330 0.0220 0.0060 0.0180 0.0080 0.0130 
1565     1565   (0)     18 :  0.9276 0.0040 0.0040 0.0050 0.0564 0.0030 
1566     1566   (0)     18 :  0.8690 0.0020 0.0030 0.1220 0.0020 0.0020 
1567     1567   (0)     18 :  0.9530 0.0050 0.0040 0.0250 0.0090 0.0040 
1568     1568   (0)     18 :  0.9704 0.0060 0.0022 0.0164 0.0020 0.0030 
1569     1569   (0)     18 :  0.9630 0.0030 0.0050 0.0240 0.0030 0.0020 
1570     1570   (0)     18 :  0.9840 0.0030 0.0030 0.0040 0.0030 0.0030 
1571     1571   (0)     18 :  0.9192 0.0050 0.0060 0.0484 0.0060 0.0154 
1572     1572   (0)     18 :  0.9710 0.0050 0.0050 0.0120 0.0040 0.0030 
1573     1573   (0)     18 :  0.8747 0.0070 0.0190 0.0855 0.0040 0.0098 
1574     1574   (0)     18 :  0.7938 0.0060 0.0050 0.1842 0.0050 0.0060 
1575     1575   (0)     18 :  0.9320 0.0030 0.0030 0.0360 0.0230 0.0030 
1576     1576   (0)     18 :  0.9252 0.0128 0.0080 0.0380 0.0050 0.0110 
1577     1577   (0)     18 :  0.8573 0.0148 0.0190 0.0568 0.0330 0.0190 
1578     1578   (0)     18 :  0.9333 0.0080 0.0040 0.0040 0.0388 0.0120 
1579     1579   (0)     18 :  0.9452 0.0020 0.0020 0.0458 0.0020 0.0030 
1580     1580   (0)     18 :  0.6919 0.0078 0.0138 0.2665 0.0080 0.0120 
1581     1581   (0)     18 :  0.9554 0.0030 0.0030 0.0336 0.0020 0.0030 
1582     1582   (0)     18 :  0.8970 0.0090 0.0060 0.0750 0.0060 0.0070 
1583     1583   (0)     18 :  0.8398 0.0080 0.0040 0.1342 0.0050 0.0090 
1584     1584   (0)     18 :  0.8061 0.0116 0.0030 0.1683 0.0080 0.0030 
1585     1585   (0)     18 :  0.8993 0.0220 0.0300 0.0078 0.0030 0.0380 
1586     1586   (0)     18 :  0.7898 0.0280 0.0438 0.0424 0.0492 0.0468 
1587     1587   (0)     18 :  0.8463 0.0326 0.0120 0.0984 0.0030 0.0076 
1588     1588   (0)     18 :  0.9050 0.0254 0.0162 0.0354 0.0050 0.0130 
1589     1589   (0)     18 :  0.8766 0.0030 0.0040 0.1114 0.0030 0.0020 
1590     1590   (0)     18 :  0.9113 0.0060 0.0122 0.0635 0.0030 0.0040 
1591     1591   (0)     18 :  0.7225 0.0020 0.0040 0.2585 0.0100 0.0030 
1592     1592   (0)     18 :  0.8128 0.0110 0.0050 0.1652 0.0020 0.0040 
1593     1593   (0)     18 :  0.9870 0.0030 0.0030 0.0030 0.0020 0.0020 
1594     1594   (0)     18 :  0.9452 0.0020 0.0050 0.0408 0.0030 0.0040 
1595     1595   (0)     18 :  0.7934 0.0022 0.0030 0.1974 0.0020 0.0020 
1596     1596   (0)     18 :  0.9108 0.0090 0.0042 0.0620 0.0070 0.0070 
1597     1597   (0)     18 :  0.8823 0.0060 0.0162 0.0815 0.0060 0.0080 
1598     1598   (0)     18 :  0.9341 0.0030 0.0070 0.0480 0.0040 0.0040 
1599     1599   (0)     18 :  0.9063 0.0060 0.0050 0.0768 0.0030 0.0030 
1600     1600   (0)     18 :  0.9280 0.0210 0.0050 0.0370 0.0040 0.0050 
1601     1601   (0)     18 :  0.7369 0.0050 0.0140 0.2092 0.0260 0.0090 
1602     1602   (0)     18 :  0.9590 0.0060 0.0030 0.0220 0.0080 0.0020 
1603     1603   (0)     18 :  0.8816 0.0030 0.0458 0.0556 0.0090 0.0050 
1604     1604   (0)     18 :  0.9462 0.0050 0.0090 0.0294 0.0074 0.0030 
1605     1605   (0)     18 :  0.9413 0.0210 0.0060 0.0248 0.0040 0.0030 
1606     1606   (0)     18 :  0.7921 0.0060 0.0070 0.1849 0.0040 0.0060 
1607     1607   (0)     18 :  0.9416 0.0030 0.0172 0.0292 0.0030 0.0060 
1608     1608   (0)     18 :  0.8120 0.0030 0.0040 0.1740 0.0030 0.0040 
1609     1609   (0)     18 :  0.8070 0.0110 0.0612 0.1124 0.0030 0.0054 
1610     1610   (0)     18 :  0.9800 0.0050 0.0054 0.0040 0.0020 0.0036 
1611     1611   (0)     18 :  0.8203 0.0030 0.0030 0.1687 0.0020 0.0030 
1612     1612   (0)     18 :  0.9724 0.0050 0.0030 0.0050 0.0116 0.0030 
1613     1613   (0)     18 :  0.8632 0.0430 0.0212 0.0250 0.0080 0.0396 
1614     1614   (0)     18 :  0.9820 0.0030 0.0060 0.0020 0.0030 0.0040 
1615     1615   (0)     18 :  0.9798 0.0020 0.0030 0.0112 0.0020 0.0020 
1616     1616   (0)     18 :  0.9840 0.0030 0.0030 0.0050 0.0020 0.0030 
1617     1617   (0)     18 :  0.9446 0.0030 0.0030 0.0444 0.0020 0.0030 
1618     1618   (0)     18 :  0.9159 0.0060 0.0070 0.0652 0.0020 0.0040 
1619     1619   (0)     18 :  0.9890 0.0030 0.0020 0.0020 0.0020 0.0020 
1620     1620   (0)     18 :  0.9388 0.0048 0.0224 0.0270 0.0030 0.0040 
1621     1621   (0)     18 :  0.7045 0.0146 0.0140 0.2123 0.0254 0.0292 
1622     1622   (0)     18 :  0.7195 0.0248 0.0070 0.2217 0.0200 0.0070 
1623     1623   (0)     18 :  0.9158 0.0120 0.0090 0.0284 0.0228 0.0120 
1624     1624   (0)     18 :  0.9037 0.0030 0.0072 0.0230 0.0400 0.0230 
1625     1625   (0)     18 :  0.7738 0.0030 0.0040 0.2132 0.0030 0.0030 
1626     1626   (0)     18 :  0.8681 0.0030 0.0040 0.1194 0.0030 0.0024 
1627     1627   (0)     18 :  0.9030 0.0090 0.0070 0.0520 0.0270 0.0020 
1628     1628   (0)     18 :  0.8463 0.0040 0.0100 0.1357 0.0020 0.0020 
1629     1629   (0)     18 :  0.9718 0.0060 0.0042 0.0050 0.0080 0.0050 
1630     1630   (0)     18 :  0.8666 0.0110 0.0092 0.0952 0.0060 0.0120 
1631     1631   (0)     18 :  0.9552 0.0060 0.0070 0.0238 0.0050 0.0030 
1632     1632   (0)     18 :  0.8715 0.0150 0.0040 0.1006 0.0050 0.0040 
1633     1633   (0)     18 :  0.9808 0.0020 0.0050 0.0020 0.0040 0.0062 
1634     1634   (0)     18 :  0.9480 0.0080 0.0178 0.0102 0.0070 0.0090 
1635     1635   (0)     18 :  0.9268 0.0040 0.0058 0.0564 0.0050 0.0020 
1636     1636   (0)     18 :  0.9840 0.0040 0.0030 0.0030 0.0040 0.0020 
1637     1637   (0)     18 :  0.9522 0.0160 0.0030 0.0218 0.0030 0.0040 
1638     1638   (0)     18 :  0.8601 0.0030 0.0020 0.1289 0.0030 0.0030 
1639     1639   (0)     18 :  0.8134 0.0070 0.0070 0.1626 0.0040 0.0060 
1640     1640   (0)     18 :  0.9470 0.0160 0.0230 0.0090 0.0020 0.0030 
1641     1641   (0)     18 :  0.9281 0.0020 0.0050 0.0568 0.0030 0.0050 
1642     1642   (0)     18 :  0.8513 0.0070 0.0060 0.1157 0.0060 0.0140 
1643     1643   (0)     18 :  0.9860 0.0030 0.0030 0.0030 0.0020 0.0030 
1644     1644   (0)     18 :  0.9552 0.0040 0.0174 0.0174 0.0030 0.0030 
1645     1645   (0)     18 :  0.8860 0.0026 0.0030 0.0982 0.0042 0.0060 
1646     1646   (0)     18 :  0.8201 0.0104 0.0050 0.1565 0.0050 0.0030 
1647     1647   (0)     18 :  0.8774 0.0130 0.0050 0.0976 0.0040 0.0030 
1648     1648   (0)     18 :  0.9284 0.0170 0.0090 0.0150 0.0030 0.0276 
1649     1649   (0)     18 :  0.9724 0.0060 0.0040 0.0116 0.0030 0.0030 
1650     1650   (0)     18 :  0.8930 0.0110 0.0046 0.0864 0.0020 0.0030 
1651     1651   (0)     19 :  0.0030 0.0080 0.0080 0.2335 0.7455 0.0020 
1652     1652   (0)     19 :  0.0080 0.0060 0.0060 0.0626 0.8964 0.0210 
1653     1653   (0)     19 :  0.0050 0.0250 0.0060 0.0770 0.8760 0.0110 
1654     1654   (0)     19 :  0.0030 0.0280 0.0100 0.0190 0.8342 0.1058 
1655     1655   (0)     19 :  0.0030 0.0080 0.0160 0.0372 0.9128 0.0230 
1656     1656   (0)     19 :  0.0020 0.0040 0.0040 0.0380 0.9488 0.0032 
1657     1657   (0)     19 :  0.0548 0.0070 0.0050 0.0070 0.8931 0.0330 
1658     1658   (0)     19 :  0.0020 0.0210 0.0020 0.0789 0.8911 0.0050 
1659     1659   (0)     19 :  0.0020 0.0050 0.0020 0.0102 0.9748 0.0060 
1660     1660   (0)     19 :  0.0130 0.0110 0.0216 0.1126 0.8296 0.0122 
1661     1661   (0)     19 :  0.0090 0.0196 0.0230 0.0072 0.9362 0.0050 
1662     1662   (0)     19 :  0.0120 0.0160 0.0142 0.0080 0.9367 0.0130 
1663     1663   (0)     19 :  0.0040 0.0030 0.0030 0.0924 0.8946 0.0030 
1664     1664   (0)     19 :  0.0060 0.0060 0.0100 0.0060 0.9680 0.0040 
1665     1665   (0)     19 :  0.0070 0.0050 0.0386 0.0780 0.8684 0.0030 
1666     1666   (0)     19 :  0.0120 0.0252 0.0394 0.0228 0.8820 0.0186 
1667     1667   (0)     19 :  0.0096 0.0090 0.0050 0.1330 0.8362 0.0072 
1668     1668   (0)     19 :  0.0020 0.0080 0.0080 0.1726 0.8044 0.0050 
1669     1669   (0)     19 :  0.0070 0.0090 0.0034 0.0120 0.9636 0.0050 
1670     1670   (0)     19 :  0.0020 0.0040 0.0032 0.0430 0.9358 0.0120 
1671     1671   (0)     19 :  0.0316 0.0070 0.0190 0.0148 0.8918 0.0358 
1672     1672   (0)     19 :  0.0152 0.1166 0.0230 0.0672 0.7568 0.0212 
1673     1673   (0)     19 :  0.0030 0.0146 0.0040 0.0635 0.9049 0.0100 
1674     1674   (0)     19 :  0.0030 0.0030 0.0020 0.0030 0.9842 0.0048 
1675     1675   (0)     19 :  0.0100 0.0180 0.0080 0.0583 0.8977 0.0080 
1676     1676   (0)     19 :  0.0030 0.0070 0.0050 0.0727 0.9083 0.0040 
1677     1677   (0)     19 :  0.0070 0.0120 0.0070 0.1254 0.8316 0.0170 
1678     1678   (0)     19 :  0.0110 0.0078 0.0040 0.0092 0.9058 0.0622 
1679     1679   (0)     19 :  0.0120 0.0040 0.0070 0.1187 0.8513 0.0070 
1680     1680   (0)     19 :  0.0040 0.0052 0.0020 0.0686 0.9172 0.0030 
1681     1681   (0)     19 :  0.0040 0.0102 0.0070 0.0280 0.9194 0.0314 
1682     1682   (0)     19 :  0.0050 0.0040 0.0090 0.0062 0.9668 0.0090 
1683     1683   (0)     19 :  0.0246 0.0050 0.0142 0.1495 0.8037 0.0030 
1684     1684   (0)     19 :  0.0020 0.0030 0.0030 0.1867 0.8007 0.0046 
1685     1685   (0)     19 :  0.0020 0.0030 0.0050 0.0350 0.9530 0.0020 
1686     1686   (0)     19 :  0.0030 0.0088 0.0030 0.1386 0.8436 0.0030 
1687     1687   (0)     19 :  0.0030 0.0092 0.0040 0.0588 0.9210 0.0040 
1688     1688   (0)     19 :  0.0020 0.0030 0.0030 0.0120 0.9760 0.0040 
1689     1689   (0)     19 :  0.0020 0.0202 0.0140 0.0292 0.9126 0.0220 
1690     1690   (0)     19 :  0.0052 0.0020 0.0030 0.0110 0.9748 0.0040 
1691     1691   (0)     19 :  0.1353 0.0068 0.0166 0.0590 0.7527 0.0296 
1692     1692   (0)     19 :  0.0070 0.0104 0.0070 0.1479 0.8207 0.0070 
1693     1693   (0)     19 :  0.0374 0.0044 0.0070 0.2356 0.7086 0.0070 
1694     1694   (0)     19 :  0.0020 0.0020 0.0020 0.0020 0.9890 0.0030 
1695     1695   (0)     19 :  0.0030 0.0326 0.0060 0.0578 0.8957 0.0050 
1696     1696   (0)     19 :  0.0120 0.0180 0.0160 0.0970 0.8382 0.0188 
1697     1697   (0)     19 :  0.0050 0.0132 0.0232 0.1299 0.8197 0.0090 
1698     1698   (0)     19 :  0.1088 0.0050 0.1042 0.0350 0.7439 0.0030 
1699     1699   (0)     19 :  0.0683 0.0174 0.0140 0.0122 0.8851 0.0030 
1700     1700   (0)     19 :  0.0034 0.0034 0.0058 0.1014 0.8780 0.0080 
1701     1701   (0)     19 :  0.0040 0.0040 0.0040 0.0040 0.9780 0.0060 
1702     1702   (0)     19 :  0.0030 0.0118 0.0030 0.1007 0.8755 0.0060 
1703     1703   (0)     19 :  0.0040 0.0040 0.0100 0.1245 0.8525 0.0050 
1704     1704   (0)     19 :  0.0140 0.0240 0.0102 0.1102 0.8316 0.0100 
1705     1705   (0)     19 :  0.0152 0.0100 0.0676 0.0756 0.8236 0.0080 
1706     1706   (0)     19 :  0.0030 0.0204 0.0110 0.1252 0.8334 0.0070 
1707     1707   (0)     19 :  0.0030 0.0282 0.0170 0.1000 0.8470 0.0048 
1708     1708   (0)     19 :  0.0030 0.0070 0.0070 0.0830 0.8930 0.0070 
1709     1709   (0)     19 :  0.0020 0.0030 0.0020 0.0030 0.9860 0.0040 
1710     1710   (0)     19 :  0.0030 0.0070 0.0050 0.3054 0.6677 0.0120 
1711     1711   (0)     19 :  0.0020 0.0060 0.0020 0.1402 0.8468 0.0030 
1712     1712   (0)     19 :  0.0020 0.0030 0.0070 0.0945 0.8757 0.0178 
1713     1713   (0)     19 :  0.0060 0.0064 0.0120 0.0070 0.9656 0.0030 
1714     1714   (0)     19 :  0.0080 0.0212 0.0060 0.0832 0.7834 0.0982 
1715     1715   (0)     19 :  0.0030 0.0080 0.0090 0.0310 0.9426 0.0064 
1716     1716   (0)     19 :  0.0030 0.0040 0.0020 0.0040 0.9840 0.0030 
1717     1717   (0)     19 :  0.0020 0.0030 0.0020 0.0020 0.9888 0.0022 
1718     1718   (0)     19 :  0.0030 0.0070 0.0028 0.0220 0.9452 0.0200 
1719     1719   (0)     19 :  0.0020 0.0030 0.0020 0.0908 0.8992 0.0030 
1720     1720   (0)     19 :  0.0100 0.0142 0.0180 0.0060 0.9408 0.0110 
1721     1721   (0)     19 :  0.0040 0.0130 0.0090 0.1156 0.8394 0.0190 
1722     1722   (0)     19 :  0.0020 0.0414 0.0060 0.0320 0.9024 0.0162 
1723     1723   (0)     19 :  0.0020 0.0094 0.0040 0.0672 0.9114 0.0060 
1724     1724   (0)     19 :  0.0070 0.0170 0.0130 0.0470 0.9050 0.0110 
1725     1725   (0)     19 :  0.0080 0.0958 0.0190 0.0888 0.7834 0.0050 
1726     1726   (0)     19 :  0.0050 0.0420 0.0030 0.1421 0.7949 0.0130 
1727     1727   (0)     19 :  0.0030 0.0060 0.0040 0.0230 0.9550 0.0090 
1728     1728   (0)     19 :  0.0060 0.0050 0.0080 0.0522 0.9128 0.0160 
1729     1729   (0)     19 :  0.0032 0.0062 0.0060 0.0496 0.9254 0.0096 
1730     1730   (0)     19 :  0.0050 0.0110 0.0390 0.1021 0.8212 0.0218 
1731     1731   (0)     19 :  0.0120 0.0050 0.0362 0.1180 0.8148 0.0140 
1732     1732   (0)     19 :  0.0090 0.0080 0.0144 0.0683 0.8963 0.0040 
1733     1733   (0)     19 :  0.0128 0.0224 0.0380 0.0240 0.8403 0.0626 
1734     1734   (0)     19 :  0.0020 0.0020 0.0020 0.0020 0.9880 0.0040 
1735     1735   (0)     19 :  0.0020 0.0020 0.0020 0.0110 0.9810 0.0020 
1736     1736   (0)     19 :  0.0020 0.0202 0.0120 0.0122 0.9466 0.0070 
1737     1737   (0)     19 :  0.0040 0.0614 0.0138 0.0903 0.8255 0.0050 
1738     1738   (0)     19 :  0.0020 0.0138 0.0100 0.0200 0.9472 0.0070 
1739     1739   (0)     19 :  0.0050 0.0030 0.0020 0.1758 0.8102 0.0040 
1740     1740   (0)     19 :  0.0050 0.0110 0.0240 0.0388 0.9152 0.0060 
1741     1741   (0)     19 :  0.0060 0.0050 0.0216 0.1291 0.8343 0.0040 
1742     1742   (0)     19 :  0.0040 0.0020 0.0110 0.1589 0.8201 0.0040 
1743     1743   (0)     19 :  0.0040 0.0030 0.0050 0.0030 0.9740 0.0110 
1744     1744   (0)     19 :  0.0184 0.0160 0.0612 0.0458 0.8330 0.0256 
1745     1745   (0)     19 :  0.0044 0.0040 0.0060 0.0238 0.9548 0.0070 
1746     1746   (0)     19 :  0.0040 0.0050 0.0050 0.0634 0.9182 0.0044 
1747     1747   (0)     19 :  0.0030 0.0090 0.0366 0.0068 0.9416 0.0030 
1748     1748   (0)     19 :  0.0020 0.0060 0.0020 0.0040 0.9838 0.0022 
1749     1749   (0)     19 :  0.0050 0.0180 0.0520 0.0312 0.8667 0.0272 
1750     1750   (0)     19 :  0.0030 0.0030 0.0030 0.0030 0.9840 0.0040 
1751     1751   (0)     20 :  0.0040 0.0050 0.0070 0.0020 0.0040 0.9780 
1752     1752   (0)     20 :  0.0062 0.0190 0.0058 0.0020 0.0050 0.9620 
1753     1753   (0)     20 :  0.0020 0.0306 0.0030 0.1935 0.0124 0.7585 
1754     1754   (0)     20 :  0.0050 0.0040 0.0110 0.0772 0.0060 0.8967 
1755     1755   (0)     20 :  0.0080 0.0130 0.0090 0.1721 0.0050 0.7929 
1756     1756   (0)     20 :  0.0040 0.0120 0.0166 0.0144 0.0482 0.9048 
1757     1757   (0)     20 :  0.0130 0.0090 0.0386 0.0524 0.0210 0.8660 
1758     1758   (0)     20 :  0.0040 0.0074 0.0050 0.0030 0.0162 0.9644 
1759     1759   (0)     20 :  0.0050 0.0050 0.0040 0.0274 0.0040 0.9546 
1760     1760   (0)     20 :  0.0280 0.0040 0.0444 0.0596 0.0140 0.8500 
1761     1761   (0)     20 :  0.0030 0.0060 0.0140 0.0110 0.0040 0.9620 
1762     1762   (0)     20 :  0.0040 0.0030 0.0070 0.1074 0.0060 0.8726 
1763     1763   (0)     20 :  0.0110 0.0200 0.0160 0.0050 0.0220 0.9260 
1764     1764   (0)     20 :  0.0040 0.0040 0.0242 0.0396 0.1940 0.7342 
1765     1765   (0)     20 :  0.0030 0.0080 0.0060 0.0120 0.0030 0.9680 
1766     1766   (0)     20 :  0.0060 0.0322 0.0176 0.1681 0.0110 0.7651 
1767     1767   (0)     20 :  0.0586 0.0050 0.0306 0.0130 0.0030 0.8898 
1768     1768   (0)     20 :  0.1281 0.0872 0.0080 0.0334 0.0070 0.7363 
1769     1769   (0)     20 :  0.0066 0.0050 0.0050 0.0272 0.0030 0.9532 
1770     1770   (0)     20 :  0.0030 0.0060 0.0070 0.0752 0.0116 0.8972 
1771     1771   (0)     20 :  0.0030 0.0040 0.0080 0.0050 0.0030 0.9770 
1772     1772   (0)     20 :  0.0060 0.0220 0.0050 0.0070 0.0040 0.9560 
1773     1773   (0)     20 :  0.0300 0.0160 0.0190 0.0040 0.0084 0.9226 
1774     1774   (0)     20 :  0.0030 0.0090 0.0102 0.0206 0.0080 0.9492 
1775     1775   (0)     20 :  0.0060 0.0040 0.0046 0.2124 0.0076 0.7654 
1776     1776   (0)     20 :  0.0030 0.0030 0.0030 0.0020 0.0050 0.9840 
1777     1777   (0)     20 :  0.0020 0.0040 0.0060 0.1463 0.0020 0.8397 
1778     1778   (0)     20 :  0.0220 0.0050 0.0040 0.2364 0.0040 0.7287 
1779     1779   (0)     20 :  0.0308 0.0130 0.0120 0.0120 0.0498 0.8825 
1780     1780   (0)     20 :  0.0110 0.0136 0.0050 0.1453 0.0060 0.8191 
1781     1781   (0)     20 :  0.0030 0.0220 0.0482 0.0150 0.0228 0.8890 
1782     1782   (0)     20 :  0.0090 0.0090 0.0110 0.0050 0.0080 0.9580 
1783     1783   (0)     20 :  0.0160 0.0128 0.0088 0.0702 0.0020 0.8902 
1784     1784   (0)     20 :  0.0060 0.0170 0.0308 0.0040 0.0060 0.9362 
1785     1785   (0)     20 :  0.0072 0.0050 0.0334 0.0372 0.0040 0.9132 
1786     1786   (0)     20 :  0.0060 0.0718 0.0056 0.0122 0.0060 0.8984 
1787     1787   (0)     20 :  0.0040 0.0060 0.0100 0.0040 0.0030 0.9730 
1788     1788   (0)     20 :  0.0050 0.0040 0.0040 0.0140 0.0100 0.9630 
1789     1789   (0)     20 :  0.0050 0.0090 0.0052 0.0852 0.0080 0.8876 
1790     1790   (0)     20 :  0.0020 0.0060 0.0060 0.0130 0.0944 0.8786 
1791     1791   (0)     20 :  0.0130 0.0050 0.0100 0.0040 0.0110 0.9570 
1792     1792   (0)     20 :  0.0120 0.0180 0.0070 0.0338 0.0178 0.9114 
1793     1793   (0)     20 :  0.0030 0.0040 0.0030 0.0030 0.0020 0.9850 
1794     1794   (0)     20 :  0.0080 0.0050 0.0178 0.1402 0.0030 0.8260 
1795     1795   (0)     20 :  0.0070 0.0080 0.0070 0.0556 0.0040 0.9184 
1796     1796   (0)     20 :  0.0202 0.0130 0.0080 0.0502 0.0060 0.9026 
1797     1797   (0)     20 :  0.0050 0.0120 0.0090 0.0050 0.0160 0.9530 
1798     1798   (0)     20 :  0.0154 0.0070 0.0120 0.0040 0.0060 0.9556 
1799     1799   (0)     20 :  0.0080 0.0296 0.0188 0.1588 0.0130 0.7718 
1800     1800   (0)     20 :  0.0040 0.0180 0.0110 0.1006 0.0140 0.8524 
1801     1801   (0)     20 :  0.0030 0.0096 0.0062 0.0218 0.0070 0.9524 
1802     1802   (0)     20 :  0.0078 0.0050 0.0090 0.0030 0.0384 0.9368 
1803     1803   (0)     20 :  0.0322 0.0040 0.0030 0.0224 0.0036 0.9348 
1804     1804   (0)     20 :  0.0420 0.0146 0.0524 0.0506 0.0040 0.8364 
1805     1805   (0)     20 :  0.0280 0.0050 0.0082 0.0030 0.0040 0.9518 
1806     1806   (0)     20 :  0.0030 0.0140 0.0628 0.0662 0.0070 0.8469 
1807     1807   (0)     20 :  0.0040 0.0060 0.0110 0.2060 0.0070 0.7660 
1808     1808   (0)     20 :  0.0040 0.0050 0.0070 0.0110 0.0030 0.9700 
1809     1809   (0)     20 :  0.0160 0.0130 0.0602 0.1162 0.0150 0.7797 
1810     1810   (0)     20 :  0.0270 0.0284 0.0072 0.0848 0.0200 0.8326 
1811     1811   (0)     20 :  0.0134 0.1396 0.0214 0.0878 0.0164 0.7213 
1812     1812   (0)     20 :  0.0694 0.0176 0.0420 0.0450 0.0030 0.8230 
1813     1813   (0)     20 :  0.0334 0.0040 0.0120 0.1133 0.0050 0.8323 
1814     1814   (0)     20 :  0.0094 0.0050 0.0050 0.0030 0.0070 0.9706 
1815     1815   (0)     20 :  0.0050 0.0030 0.0040 0.0030 0.0140 0.9710 
1816     1816   (0)     20 :  0.0130 0.0040 0.0100 0.0060 0.0060 0.9610 
1817     1817   (0)     20 :  0.0030 0.0040 0.0050 0.0020 0.0070 0.9790 
1818     1818   (0)     20 :  0.0030 0.0050 0.0030 0.1085 0.0040 0.8765 
1819     1819   (0)     20 :  0.0030 0.0070 0.0080 0.0050 0.0180 0.9590 
1820     1820   (0)     20 :  0.0918 0.0090 0.0568 0.0220 0.0040 0.8164 
1821     1821   (0)     20 :  0.0040 0.0070 0.0040 0.1117 0.0040 0.8693 
1822     1822   (0)     20 :  0.0070 0.0040 0.0040 0.0030 0.0060 0.9760 
1823     1823   (0)     20 :  0.0240 0.0872 0.0376 0.0352 0.0150 0.8010 
1824     1824   (0)     20 :  0.0060 0.0514 0.0050 0.0660 0.0070 0.8647 
1825     1825   (0)     20 :  0.0080 0.0060 0.0078 0.1241 0.0050 0.8492 
1826     1826   (0)     20 :  0.0092 0.0040 0.0060 0.0312 0.0062 0.9434 
1827     1827   (0)     20 :  0.0030 0.0030 0.0030 0.0040 0.0030 0.9840 
1828     1828   (0)     20 :  0.0046 0.0050 0.0060 0.1387 0.0040 0.8417 
1829     1829   (0)     20 :  0.0064 0.0060 0.0362 0.0408 0.0110 0.8996 
1830     1830   (0)     20 :  0.0080 0.0030 0.0040 0.0030 0.0030 0.9790 
1831     1831   (0)     20 :  0.0050 0.0080 0.0040 0.1644 0.0170 0.8016 
1832     1832   (0)     20 :  0.0092 0.0030 0.0030 0.0050 0.0378 0.9420 
1833     1833   (0)     20 :  0.0050 0.0080 0.0050 0.0072 0.0080 0.9668 
1834     1834   (0)     20 :  0.0578 0.0070 0.0138 0.0172 0.0050 0.8992 
1835     1835   (0)     20 :  0.0140 0.0050 0.0050 0.0342 0.0646 0.8772 
1836     1836   (0)     20 :  0.0040 0.0060 0.0050 0.0020 0.0030 0.9800 
1837     1837   (0)     20 :  0.0250 0.0330 0.0060 0.0640 0.0110 0.8610 
1838     1838   (0)     20 :  0.0040 0.0272 0.0144 0.2222 0.0060 0.7262 
1839     1839   (0)     20 :  0.0130 0.0122 0.0140 0.1401 0.0040 0.8167 
1840     1840   (0)     20 :  0.0040 0.0120 0.0130 0.0206 0.0080 0.9424 
1841     1841   (0)     20 :  0.0040 0.0040 0.0040 0.0060 0.0030 0.9790 
1842     1842   (0)     20 :  0.0100 0.0170 0.0100 0.0200 0.0100 0.9330 
1843     1843   (0)     20 :  0.0050 0.0170 0.0070 0.0260 0.0030 0.9420 
1844     1844   (0)     20 :  0.0040 0.0090 0.0050 0.0080 0.0630 0.9109 
1845     1845   (0)     20 :  0.0060 0.0060 0.0030 0.0060 0.0030 0.9760 
1846     1846   (0)     20 :  0.0030 0.0040 0.0080 0.1242 0.0146 0.8461 
1847     1847   (0)     20 :  0.0110 0.0040 0.0050 0.0110 0.0040 0.9650 
1848     1848   (0)     20 :  0.0210 0.0070 0.0080 0.0372 0.0040 0.9228 
1849     1849   (0)     20 :  0.0090 0.0062 0.0060 0.0160 0.0040 0.9588 
1850     1850   (0)     20 :  0.0030 0.0030 0.0030 0.2224 0.0050 0.7636 
1851     1851  (10)     21 :  0.0030 0.0170 0.9620 0.0030 0.0030 0.0120 
1852     1852   (0)     21 :  0.0040 0.0060 0.6457 0.0040 0.0110 0.3293 
1853     1853   (0)     21 :  0.0202 0.0030 0.9588 0.0120 0.0030 0.0030 
1854     1854   (0)     21 :  0.0040 0.0050 0.9780 0.0030 0.0040 0.0060 
1855     1855   (0)     21 :  0.0030 0.0224 0.7319 0.0050 0.1050 0.1327 
1856     1856   (5)     21 :  0.0040 0.1068 0.6661 0.0030 0.1527 0.0674 
1857     1857   (0)     21 :  0.0030 0.0180 0.9630 0.0030 0.0030 0.0100 
1858     1858   (0)     21 :  0.0020 0.0070 0.9780 0.0040 0.0040 0.0050 
1859     1859   (0)     21 :  0.0960 0.0070 0.8810 0.0020 0.0050 0.0090 
1860     1860   (0)     21 :  0.0020 0.0422 0.8703 0.0276 0.0366 0.0212 
1861     1861   (0)     21 :  0.4883 0.0040 0.4823 0.0020 0.0030 0.0204 
1862     1862   (0)     21 :  0.0050 0.0040 0.9810 0.0030 0.0020 0.0050 
1863     1863   (0)     21 :  0.0086 0.0266 0.9548 0.0020 0.0020 0.0060 
1864     1864   (0)     21 :  0.0030 0.0140 0.9520 0.0050 0.0130 0.0130 
1865     1865   (5)     21 :  0.0070 0.0050 0.9810 0.0020 0.0020 0.0030 
1866     1866   (0)     21 :  0.0040 0.0100 0.9730 0.0040 0.0030 0.0060 
1867     1867   (0)     21 :  0.0110 0.0070 0.9650 0.0060 0.0060 0.0050 
1868     1868   (0)     21 :  0.0060 0.0050 0.9790 0.0020 0.0030 0.0050 
1869     1869   (0)     21 :  0.0040 0.0070 0.9486 0.0030 0.0050 0.0324 
1870     1870   (0)     21 :  0.0020 0.0030 0.9890 0.0020 0.0020 0.0020 
1871     1871   (0)     21 :  0.0030 0.0070 0.9750 0.0030 0.0030 0.0090 
1872     1872   (5)     21 :  0.0070 0.0110 0.9660 0.0040 0.0070 0.0050 
1873     1873   (5)     21 :  0.0490 0.0060 0.9310 0.0040 0.0030 0.0070 
1874     1874   (5)     21 :  0.0050 0.0390 0.9160 0.0050 0.0300 0.0050 
1875     1875   (0)     21 :  0.0020 0.0062 0.9716 0.0050 0.0070 0.0082 
1876     1876   (0)     21 :  0.0020 0.0450 0.9429 0.0020 0.0030 0.0050 
1877     1877   (0)     21 :  0.0090 0.0138 0.9527 0.0030 0.0036 0.0180 
1878     1878   (0)     21 :  0.0020 0.0050 0.9680 0.0050 0.0160 0.0040 
1879     1879   (0)     21 :  0.0030 0.0040 0.9810 0.0020 0.0030 0.0070 
1880     1880   (0)     21 :  0.0068 0.0050 0.9742 0.0050 0.0040 0.0050 
1881     1881   (0)     21 :  0.0180 0.0068 0.9602 0.0060 0.0050 0.0040 
1882     1882   (0)     21 :  0.0124 0.0060 0.9736 0.0020 0.0030 0.0030 
1883     1883   (0)     21 :  0.0030 0.0040 0.9760 0.0030 0.0040 0.0100 
1884     1884   (0)     21 :  0.0050 0.0220 0.9560 0.0030 0.0120 0.0020 
1885     1885   (0)     21 :  0.0030 0.0232 0.7501 0.0040 0.0086 0.2110 
1886     1886   (0)     21 :  0.0116 0.0030 0.9744 0.0030 0.0040 0.0040 
1887     1887   (5)     21 :  0.0090 0.0164 0.9284 0.0050 0.0070 0.0342 
1888     1888   (0)     21 :  0.0060 0.0040 0.9750 0.0050 0.0030 0.0070 
1889     1889   (0)     21 :  0.0060 0.0100 0.9680 0.0020 0.0040 0.0100 
1890     1890   (0)     21 :  0.0050 0.0050 0.9790 0.0040 0.0030 0.0040 
1891     1891   (0)     21 :  0.0050 0.0060 0.9754 0.0036 0.0040 0.0060 
1892     1892   (0)     21 :  0.0040 0.0040 0.9830 0.0030 0.0040 0.0020 
1893     1893   (5)     21 :  0.0050 0.0030 0.9816 0.0024 0.0030 0.0050 
1894     1894   (5)     21 :  0.0060 0.0040 0.9640 0.0040 0.0100 0.0120 
1895     1895   (5)     21 :  0.0090 0.0050 0.9662 0.0030 0.0070 0.0098 
1896     1896   (5)     21 :  0.0100 0.0050 0.9700 0.0040 0.0040 0.0070 
1897     1897   (5)     21 :  0.0080 0.0050 0.9750 0.0050 0.0030 0.0040 
1898     1898   (5)     21 :  0.0070 0.0040 0.9740 0.0070 0.0030 0.0050 
1899     1899   (0)     21 :  0.0040 0.0966 0.8794 0.0040 0.0080 0.0080 
1900     1900   (5)     21 :  0.0060 0.0040 0.9790 0.0020 0.0030 0.0060 
1901     1901   (0)     21 :  0.0090 0.7391 0.0798 0.0030 0.0060 0.1630 
1902     1902   (0)     21 :  0.0250 0.1163 0.7773 0.0060 0.0510 0.0244 
1903     1903   (0)     21 :  0.0124 0.0100 0.9636 0.0020 0.0030 0.0090 
1904     1904   (0)     21 :  0.0030 0.0050 0.9820 0.0020 0.0030 0.0050 
1905     1905   (0)     21 :  0.0050 0.0090 0.9402 0.0040 0.0298 0.0120 
1906     1906   (0)     21 :  0.0070 0.0086 0.9734 0.0030 0.0030 0.0050 
1907     1907   (0)     21 :  0.0060 0.0050 0.9810 0.0020 0.0030 0.0030 
1908     1908   (0)     21 :  0.0040 0.0190 0.9622 0.0040 0.0068 0.0040 
1909     1909   (0)     21 :  0.0260 0.0160 0.9436 0.0024 0.0040 0.0080 
1910     1910   (0)     21 :  0.0040 0.0080 0.9760 0.0030 0.0030 0.0060 
1911     1911   (0)     21 :  0.0030 0.1162 0.7980 0.0030 0.0446 0.0352 
1912     1912   (0)     21 :  0.0030 0.0030 0.0030 0.0020 0.9840 0.0050 
1913     1913   (0)     21 :  0.0060 0.0070 0.9770 0.0020 0.0030 0.0050 
1914     1914   (0)     21 :  0.0040 0.0100 0.9682 0.0020 0.0030 0.0128 
1915     1915   (0)     21 :  0.0050 0.0150 0.9670 0.0030 0.0030 0.0070 
1916     1916   (0)     21 :  0.0032 0.0488 0.8745 0.0040 0.0320 0.0376 
1917     1917   (0)     21 :  0.0020 0.0080 0.9750 0.0030 0.0060 0.0060 
1918     1918   (0)     21 :  0.1527 0.0052 0.7386 0.0040 0.0741 0.0254 
1919     1919   (0)     21 :  0.0230 0.0114 0.8960 0.0040 0.0070 0.0586 
1920     1920   (0)     21 :  0.0090 0.0060 0.7870 0.0030 0.0030 0.1920 
1921     1921   (0)     21 :  0.0030 0.0032 0.9838 0.0020 0.0040 0.0040 
1922     1922   (0)     21 :  0.0030 0.0030 0.9850 0.0020 0.0030 0.0040 
1923     1923   (0)     21 :  0.0050 0.0148 0.9632 0.0050 0.0040 0.0080 
1924     1924   (0)     21 :  0.0032 0.0110 0.9389 0.0050 0.0170 0.0248 
1925     1925   (0)     21 :  0.0040 0.0130 0.9650 0.0030 0.0050 0.0100 
1926     1926   (0)     21 :  0.0030 0.0284 0.9556 0.0020 0.0050 0.0060 
1927     1927   (0)     21 :  0.0030 0.0206 0.9594 0.0030 0.0060 0.0080 
1928     1928   (0)     21 :  0.0112 0.0040 0.9708 0.0030 0.0030 0.0080 
1929     1929   (0)     21 :  0.0120 0.0090 0.9604 0.0050 0.0090 0.0046 
1930     1930   (0)     21 :  0.0050 0.0629 0.8995 0.0040 0.0060 0.0226 
1931     1931   (0)     21 :  0.7656 0.0020 0.2244 0.0020 0.0030 0.0030 
1932     1932   (0)     21 :  0.0040 0.0060 0.9650 0.0030 0.0040 0.0180 
1933     1933   (0)     21 :  0.0040 0.0050 0.9660 0.0030 0.0050 0.0170 
1934     1934   (0)     21 :  0.0060 0.0040 0.9680 0.0030 0.0040 0.0150 
1935     1935   (0)     21 :  0.0030 0.0040 0.9790 0.0020 0.0050 0.0070 
1936     1936   (0)     21 :  0.0040 0.0050 0.9640 0.0040 0.0080 0.0150 
1937     1937   (0)     21 :  0.0020 0.0040 0.9772 0.0030 0.0078 0.0060 
1938     1938   (0)     21 :  0.0120 0.0210 0.9520 0.0030 0.0030 0.0090 
1939     1939   (0)     21 :  0.0060 0.0130 0.9700 0.0030 0.0040 0.0040 
1940     1940   (0)     21 :  0.0040 0.0046 0.9792 0.0020 0.0070 0.0032 
1941     1941   (0)     21 :  0.0088 0.0150 0.9542 0.0030 0.0020 0.0170 
1942     1942   (0)     21 :  0.0030 0.0050 0.9722 0.0050 0.0070 0.0078 
1943     1943  (10)     21 :  0.6207 0.0080 0.3553 0.0030 0.0040 0.0090 
1944     1944   (0)     21 :  0.0060 0.0040 0.9770 0.0030 0.0040 0.0060 
1945     1945   (0)     21 :  0.0040 0.0030 0.9740 0.0020 0.0020 0.0150 
1946     1946   (0)     21 :  0.0260 0.0070 0.8148 0.0032 0.0060 0.1430 
1947     1947   (0)     21 :  0.0302 0.0040 0.9452 0.0050 0.0086 0.0070 
1948     1948   (0)     21 :  0.0040 0.0220 0.8679 0.0060 0.0078 0.0923 
1949     1949   (0)     21 :  0.0030 0.0040 0.9794 0.0020 0.0066 0.0050 
1950     1950   (0)     21 :  0.0070 0.0310 0.9382 0.0030 0.0168 0.0040 
1951     1951   (0)     21 :  0.0020 0.0030 0.9890 0.0020 0.0020 0.0020 
1952     1952   (0)     21 :  0.0040 0.0030 0.9850 0.0020 0.0020 0.0040 
1953     1953   (0)     21 :  0.0090 0.0080 0.9700 0.0040 0.0040 0.0050 
1954     1954   (0)     21 :  0.0036 0.0030 0.9844 0.0020 0.0030 0.0040 
1955     1955   (0)     21 :  0.0062 0.0030 0.9828 0.0020 0.0020 0.0040 
1956     1956   (0)     22 :  0.0070 0.0136 0.9558 0.0150 0.0030 0.0056 
1957     1957  (10)     22 :  0.0090 0.0050 0.9752 0.0050 0.0028 0.0030 
1958     1958  (10)     22 :  0.0080 0.0110 0.9314 0.0040 0.0286 0.0170 
1959     1959   (5)     22 :  0.0050 0.0040 0.9810 0.0020 0.0030 0.0050 
1960     1960   (5)     22 :  0.0120 0.0040 0.9740 0.0030 0.0040 0.0030 
1961     1961   (0)     22 :  0.0080 0.0070 0.9706 0.0020 0.0064 0.0060 
1962     1962   (5)     22 :  0.0124 0.0030 0.9704 0.0030 0.0070 0.0042 
1963     1963   (5)     22 :  0.0300 0.0050 0.9540 0.0030 0.0030 0.0050 
1964     1964   (0)     22 :  0.0040 0.0030 0.9860 0.0020 0.0020 0.0030 
1965     1965   (0)     22 :  0.0050 0.0064 0.9806 0.0020 0.0030 0.0030 
1966     1966   (0)     22 :  0.0050 0.0064 0.9806 0.0020 0.0030 0.0030 
1967     1967   (0)     22 :  0.0034 0.1218 0.8597 0.0020 0.0070 0.0060 
1968     1968   (0)     22 :  0.0040 0.0060 0.9760 0.0020 0.0080 0.0040 
1969     1969   (5)     22 :  0.0040 0.0050 0.9820 0.0020 0.0020 0.0050 
1970     1970   (5)     22 :  0.0050 0.0040 0.9700 0.0080 0.0090 0.0040 
1971     1971  (10)     22 :  0.0050 0.0150 0.9690 0.0040 0.0030 0.0040 
1972     1972   (0)     22 :  0.0050 0.0160 0.9680 0.0020 0.0050 0.0040 
1973     1973   (5)     22 :  0.0242 0.0438 0.8982 0.0100 0.0186 0.0052 
1974     1974   (5)     22 :  0.0030 0.0060 0.9726 0.0030 0.0090 0.0064 
1975     1975   (0)     22 :  0.0030 0.0090 0.9720 0.0020 0.0090 0.0050 
1976     1976   (5)     22 :  0.0110 0.0200 0.9570 0.0030 0.0030 0.0060 
1977     1977   (0)     22 :  0.0030 0.0050 0.9444 0.0084 0.0150 0.0242 
1978     1978   (5)     22 :  0.0056 0.0030 0.9632 0.0020 0.0232 0.0030 
1979     1979   (0)     22 :  0.0100 0.0040 0.9790 0.0020 0.0020 0.0030 
1980     1980   (0)     22 :  0.0176 0.0030 0.9686 0.0038 0.0040 0.0030 
1981     1981   (0)     22 :  0.0060 0.0060 0.9610 0.0070 0.0170 0.0030 
1982     1982   (0)     22 :  0.0160 0.0110 0.9580 0.0020 0.0040 0.0090 
1983     1983   (0)     22 :  0.0100 0.0130 0.9520 0.0030 0.0030 0.0190 
1984     1984   (0)     22 :  0.0372 0.0050 0.9292 0.0040 0.0030 0.0216 
1985     1985   (0)     22 :  0.0120 0.0030 0.9660 0.0070 0.0080 0.0040 
1986     1986   (0)     22 :  0.0040 0.0050 0.9720 0.0060 0.0080 0.0050 
1987     1987   (0)     22 :  0.0837 0.0110 0.8501 0.0070 0.0040 0.0442 
1988     1988   (0)     22 :  0.0060 0.0030 0.9788 0.0020 0.0020 0.0082 
1989     1989   (0)     22 :  0.0030 0.0080 0.9760 0.0040 0.0050 0.0040 
1990     1990   (0)     22 :  0.0050 0.0060 0.9670 0.0060 0.0040 0.0120 
1991     1991   (0)     22 :  0.0040 0.0050 0.9830 0.0020 0.0030 0.0030 
1992     1992   (0)     22 :  0.0020 0.0070 0.9770 0.0060 0.0040 0.0040 
1993     1993   (0)     22 :  0.0030 0.0040 0.9850 0.0020 0.0020 0.0040 
1994     1994   (5)     22 :  0.0060 0.0100 0.9710 0.0030 0.0060 0.0040 
1995     1995   (5)     22 :  0.0120 0.0050 0.9670 0.0030 0.0070 0.0060 
1996     1996   (0)     22 :  0.0030 0.0056 0.9764 0.0030 0.0080 0.0040 
1997     1997  (15)     22 :  0.0060 0.0070 0.9644 0.0060 0.0096 0.0070 
1998     1998  (10)     22 :  0.0090 0.0040 0.9790 0.0020 0.0030 0.0030 
1999     1999  (10)     22 :  0.0040 0.0090 0.9740 0.0030 0.0040 0.0060 
2000     2000  (10)     22 :  0.0060 0.0166 0.9476 0.0040 0.0050 0.0208 
2001     2001   (5)     22 :  0.0058 0.0090 0.9572 0.0030 0.0090 0.0160 
2002     2002   (5)     22 :  0.0076 0.0110 0.9714 0.0020 0.0030 0.0050 
2003     2003   (5)     22 :  0.0030 0.0040 0.9790 0.0030 0.0060 0.0050 
2004     2004   (5)     22 :  0.0090 0.0094 0.9682 0.0024 0.0050 0.0060 
2005     2005   (5)     22 :  0.0060 0.0150 0.9380 0.0040 0.0120 0.0250 
2006     2006   (5)     22 :  0.0030 0.0140 0.9670 0.0030 0.0040 0.0090 
2007     2007  (15)     22 :  0.0090 0.0336 0.9342 0.0086 0.0062 0.0084 
2008     2008   (5)     22 :  0.0056 0.0118 0.9716 0.0060 0.0020 0.0030 
2009     2009   (5)     22 :  0.0040 0.0100 0.9780 0.0020 0.0030 0.0030 
2010     2010  (15)     22 :  0.0080 0.0092 0.9718 0.0030 0.0040 0.0040 
2011     2011   (5)     22 :  0.0120 0.0284 0.9090 0.0166 0.0080 0.0260 
2012     2012   (5)     22 :  0.0130 0.0110 0.7972 0.0140 0.0140 0.1508 
2013     2013   (5)     22 :  0.0048 0.0160 0.9652 0.0030 0.0050 0.0060 
2014     2014   (5)     22 :  0.0120 0.0060 0.9730 0.0020 0.0030 0.0040 
2015     2015  (10)     22 :  0.0050 0.0060 0.9762 0.0040 0.0050 0.0038 
2016     2016   (5)     22 :  0.0466 0.0070 0.9362 0.0030 0.0032 0.0040 
2017     2017   (5)     22 :  0.0020 0.0100 0.9740 0.0030 0.0050 0.0060 
2018     2018  (10)     22 :  0.0200 0.0220 0.9421 0.0030 0.0040 0.0090 
2019     2019  (10)     22 :  0.0030 0.0050 0.9706 0.0030 0.0060 0.0124 
2020     2020  (10)     22 :  0.0040 0.0100 0.9680 0.0080 0.0040 0.0060 
2021     2021  (10)     22 :  0.0100 0.0180 0.9312 0.0138 0.0070 0.0200 
2022     2022   (5)     22 :  0.0070 0.0100 0.9660 0.0020 0.0030 0.0120 
2023     2023  (10)     22 :  0.0080 0.0060 0.8555 0.0040 0.0996 0.0268 
2024     2024   (0)     22 :  0.0136 0.0030 0.9734 0.0020 0.0040 0.0040 
2025     2025   (5)     22 :  0.0120 0.0030 0.9756 0.0030 0.0030 0.0034 
2026     2026   (0)     22 :  0.0040 0.0070 0.9820 0.0020 0.0020 0.0030 
2027     2027   (0)     22 :  0.0020 0.0030 0.9890 0.0020 0.0020 0.0020 
2028     2028   (0)     22 :  0.0040 0.0056 0.9804 0.0030 0.0030 0.0040 
2029     2029   (0)     22 :  0.0050 0.0030 0.9800 0.0050 0.0030 0.0040 
2030     2030   (0)     22 :  0.0030 0.0168 0.9446 0.0020 0.0256 0.0080 
2031     2031   (0)     22 :  0.0120 0.0030 0.9738 0.0060 0.0022 0.0030 
2032     2032   (0)     22 :  0.0294 0.0090 0.9496 0.0030 0.0040 0.0050 
2033     2033  (10)     22 :  0.0050 0.0030 0.9830 0.0030 0.0030 0.0030 
2034     2034  (10)     22 :  0.0070 0.8806 0.0550 0.0334 0.0120 0.0120 
2035     2035   (0)     22 :  0.0050 0.0200 0.9338 0.0332 0.0030 0.0050 
2036     2036   (5)     22 :  0.0060 0.1948 0.6817 0.0549 0.0110 0.0517 
2037     2037   (0)     22 :  0.0120 0.0272 0.9388 0.0040 0.0070 0.0110 
2038     2038   (5)     22 :  0.0050 0.0138 0.9622 0.0090 0.0040 0.0060 
2039     2039   (5)     22 :  0.0088 0.0080 0.9662 0.0020 0.0100 0.0050 
2040     2040   (5)     22 :  0.0110 0.0050 0.9720 0.0030 0.0050 0.0040 
2041     2041  (10)     22 :  0.0050 0.0060 0.9810 0.0020 0.0020 0.0040 
2042     2042   (0)     22 :  0.0030 0.0070 0.9820 0.0020 0.0030 0.0030 
2043     2043   (0)     22 :  0.0050 0.0060 0.9784 0.0026 0.0030 0.0050 
2044     2044   (0)     22 :  0.0050 0.6186 0.2520 0.0592 0.0584 0.0068 
2045     2045   (0)     22 :  0.0030 0.0050 0.9820 0.0020 0.0050 0.0030 
2046     2046   (0)     22 :  0.0060 0.0194 0.9542 0.0040 0.0100 0.0064 
2047     2047   (0)     22 :  0.0030 0.0050 0.9840 0.0020 0.0030 0.0030 
2048     2048   (0)     22 :  0.0202 0.0056 0.9404 0.0020 0.0030 0.0288 
2049     2049   (0)     22 :  0.0090 0.0130 0.9610 0.0030 0.0060 0.0080 
2050     2050   (0)     22 :  0.0170 0.0130 0.9600 0.0030 0.0040 0.0030 
2051     2051   (0)     22 :  0.0030 0.0090 0.9732 0.0030 0.0050 0.0068 
2052     2052   (0)     22 :  0.0030 0.0100 0.9720 0.0030 0.0070 0.0050 
2053     2053   (0)     22 :  0.0600 0.5063 0.3981 0.0126 0.0120 0.0110 
2054     2054   (0)     22 :  0.0120 0.4857 0.4533 0.0060 0.0150 0.0280 
2055     2055   (0)     22 :  0.0180 0.6127 0.2565 0.0080 0.0614 0.0434 
2056     2056   (0)     22 :  0.0170 0.0080 0.7188 0.0030 0.0060 0.2471 
2057     2057   (0)     22 :  0.0112 0.0140 0.9558 0.0080 0.0030 0.0080 
2058     2058   (0)     22 :  0.0048 0.0040 0.9832 0.0020 0.0020 0.0040 
2059     2059   (5)     22 :  0.0040 0.0060 0.9770 0.0040 0.0040 0.0050 
2060     2060   (0)     22 :  0.0080 0.0218 0.9452 0.0030 0.0060 0.0160 
2061     2061   (5)     22 :  0.0050 0.4311 0.2458 0.2918 0.0200 0.0062 
2062     2062   (0)     22 :  0.0030 0.0060 0.9572 0.0030 0.0050 0.0258 
2063     2063   (0)     22 :  0.0558 0.1606 0.7227 0.0150 0.0390 0.0070 
2064     2064   (0)     22 :  0.0060 0.0140 0.8782 0.0040 0.0938 0.0040 
2065     2065   (0)     22 :  0.0068 0.0959 0.8604 0.0040 0.0140 0.0190 
2066     2066   (0)     22 :  0.0050 0.0070 0.9780 0.0020 0.0030 0.0050 
2067     2067   (0)     22 :  0.0070 0.0030 0.9770 0.0020 0.0050 0.0060 
2068     2068   (0)     22 :  0.0092 0.0190 0.9338 0.0050 0.0020 0.0310 
2069     2069   (0)     22 :  0.0030 0.0080 0.9820 0.0020 0.0020 0.0030 
2070     2070   (0)     22 :  0.0040 0.0130 0.9700 0.0030 0.0060 0.0040 
2071     2071   (0)     22 :  0.0030 0.0040 0.9860 0.0020 0.0030 0.0020 
2072     2072   (0)     22 :  0.0722 0.4179 0.4713 0.0092 0.0084 0.0210 
2073     2073   (0)     22 :  0.0040 0.0060 0.9800 0.0020 0.0040 0.0040 
2074     2074   (0)     22 :  0.0030 0.0080 0.9758 0.0042 0.0040 0.0050 
2075     2075   (5)     22 :  0.0050 0.0156 0.9684 0.0030 0.0040 0.0040 
2076     2076   (0)     22 :  0.0070 0.0080 0.9730 0.0050 0.0040 0.0030 
2077     2077   (0)     22 :  0.0080 0.0160 0.9438 0.0040 0.0182 0.0100 
2078     2078   (0)     22 :  0.0040 0.0040 0.9810 0.0044 0.0036 0.0030 
2079     2079  (10)     22 :  0.0060 0.0130 0.9710 0.0030 0.0020 0.0050 
2080     2080   (0)     22 :  0.0040 0.0040 0.9836 0.0024 0.0020 0.0040 
2081     2081   (0)     22 :  0.0040 0.0040 0.9850 0.0020 0.0020 0.0030 
2082     2082   (0)     22 :  0.0050 0.0120 0.9754 0.0030 0.0020 0.0026 
2083     2083  (10)     22 :  0.0060 0.0170 0.9520 0.0030 0.0080 0.0140 
2084     2084   (5)     22 :  0.0050 0.0652 0.9110 0.0020 0.0068 0.0100 
2085     2085   (0)     22 :  0.0050 0.0060 0.9740 0.0030 0.0040 0.0080 
2086     2086   (5)     22 :  0.0040 0.0050 0.9820 0.0030 0.0030 0.0030 
2087     2087   (5)     22 :  0.0030 0.0030 0.9830 0.0020 0.0020 0.0070 
2088     2088  (10)     22 :  0.0040 0.0120 0.9620 0.0040 0.0060 0.0120 
2089     2089   (0)     22 :  0.0060 0.0040 0.9820 0.0020 0.0020 0.0040 
2090     2090   (5)     22 :  0.0040 0.0050 0.9620 0.0050 0.0130 0.0110 
2091     2091  (10)     22 :  0.0090 0.0110 0.9690 0.0030 0.0030 0.0050 
2092     2092   (0)     22 :  0.0030 0.0050 0.9690 0.0040 0.0090 0.0100 
2093     2093   (0)     22 :  0.0080 0.0100 0.9457 0.0152 0.0040 0.0170 
2094     2094   (0)     22 :  0.0040 0.0082 0.8685 0.0030 0.0050 0.1113 
2095     2095   (0)     22 :  0.0080 0.0130 0.9170 0.0040 0.0354 0.0226 
2096     2096   (0)     22 :  0.0050 0.0030 0.9790 0.0020 0.0020 0.0090 
2097     2097   (0)     22 :  0.0030 0.0040 0.9800 0.0040 0.0020 0.0070 
2098     2098   (0)     22 :  0.0060 0.0030 0.9820 0.0020 0.0040 0.0030 
2099     2099   (0)     22 :  0.0060 0.0030 0.9810 0.0020 0.0040 0.0040 
2100     2100   (0)     22 :  0.0070 0.0040 0.9810 0.0020 0.0020 0.0040 
2101     2101   (5)     22 :  0.0040 0.0240 0.9340 0.0050 0.0180 0.0150 
2102     2102   (0)     22 :  0.0040 0.0050 0.9840 0.0020 0.0020 0.0030 
2103     2103   (0)     22 :  0.0431 0.0040 0.9359 0.0030 0.0090 0.0050 
2104     2104   (0)     22 :  0.0030 0.0040 0.9812 0.0020 0.0064 0.0034 
2105     2105   (5)     22 :  0.0130 0.0090 0.9580 0.0050 0.0050 0.0100 
2106     2106   (0)     22 :  0.0048 0.0060 0.9778 0.0040 0.0020 0.0054 
2107     2107   (0)     22 :  0.0110 0.0244 0.9152 0.0070 0.0104 0.0320 
2108     2108   (0)     22 :  0.0060 0.0030 0.9770 0.0020 0.0040 0.0080 
2109     2109   (0)     22 :  0.0130 0.0150 0.9540 0.0020 0.0070 0.0090 
2110     2110   (0)     22 :  0.0030 0.0040 0.9830 0.0020 0.0050 0.0030 
2111     2111   (0)     22 :  0.0220 0.0038 0.9554 0.0040 0.0060 0.0088 
2112     2112   (0)     22 :  0.0040 0.0060 0.9666 0.0070 0.0020 0.0144 
2113     2113   (0)     22 :  0.0040 0.0040 0.9840 0.0020 0.0040 0.0020 
2114     2114   (0)     22 :  0.0080 0.0050 0.9730 0.0020 0.0050 0.0070 
2115     2115   (0)     22 :  0.0050 0.0400 0.9147 0.0222 0.0090 0.0090 
2116     2116   (0)     22 :  0.0706 0.0274 0.8884 0.0026 0.0030 0.0080 
2117     2117   (0)     22 :  0.0050 0.0030 0.9820 0.0020 0.0020 0.0060 
2118     2118   (0)     22 :  0.0040 0.0090 0.9770 0.0030 0.0030 0.0040 
2119     2119   (0)     22 :  0.0030 0.0040 0.9820 0.0020 0.0040 0.0050 
2120     2120   (0)     22 :  0.0040 0.0050 0.9840 0.0020 0.0020 0.0030 
2121     2121   (0)     22 :  0.0040 0.0040 0.9820 0.0020 0.0020 0.0060 
2122     2122   (0)     22 :  0.0040 0.0040 0.9800 0.0020 0.0050 0.0050 
2123     2123   (0)     22 :  0.0050 0.0050 0.9730 0.0050 0.0060 0.0060 
2124     2124   (0)     22 :  0.0040 0.0040 0.9820 0.0030 0.0030 0.0040 
2125     2125   (0)     22 :  0.0024 0.0030 0.9866 0.0020 0.0030 0.0030 
2126     2126  (10)     22 :  0.0070 0.0140 0.9594 0.0046 0.0030 0.0120 
2127     2127   (5)     22 :  0.0130 0.0200 0.7710 0.0020 0.1780 0.0160 
2128     2128  (10)     22 :  0.0042 0.0060 0.9786 0.0030 0.0040 0.0042 
2129     2129   (5)     22 :  0.0130 0.0160 0.8908 0.0362 0.0360 0.0080 
2130     2130  (10)     22 :  0.0080 0.0050 0.9766 0.0030 0.0034 0.0040 
2131     2131  (10)     22 :  0.0314 0.0046 0.9421 0.0030 0.0090 0.0100 
2132     2132   (0)     22 :  0.0100 0.0050 0.9580 0.0050 0.0150 0.0070 
2133     2133   (5)     22 :  0.0070 0.0050 0.9700 0.0040 0.0040 0.0100 
2134     2134   (5)     22 :  0.0044 0.0184 0.9198 0.0194 0.0140 0.0240 
2135     2135  (10)     22 :  0.0120 0.0030 0.9690 0.0040 0.0060 0.0060 
2136     2136   (0)     22 :  0.0090 0.0050 0.9750 0.0020 0.0030 0.0060 
2137     2137   (0)     22 :  0.0040 0.0050 0.9810 0.0030 0.0030 0.0040 
2138     2138   (0)     22 :  0.0030 0.0036 0.9834 0.0030 0.0030 0.0040 
2139     2139   (0)     22 :  0.0030 0.0050 0.9840 0.0030 0.0020 0.0030 
2140     2140   (0)     22 :  0.0686 0.0080 0.8946 0.0178 0.0030 0.0080 
2141     2141   (0)     22 :  0.0030 0.0448 0.6271 0.0252 0.0030 0.2969 
2142     2142   (0)     22 :  0.0060 0.0040 0.9454 0.0366 0.0030 0.0050 
2143     2143   (0)     22 :  0.0030 0.0080 0.9714 0.0026 0.0040 0.0110 
2144     2144   (0)     22 :  0.0020 0.0040 0.9770 0.0020 0.0040 0.0110 
2145     2145   (5)     22 :  0.0040 0.5286 0.4219 0.0082 0.0262 0.0110 
2146     2146   (0)     22 :  0.0090 0.3966 0.4164 0.0098 0.1132 0.0550 
2147     2147   (0)     22 :  0.0060 0.0578 0.9132 0.0020 0.0180 0.0030 
2148     2148  (10)     22 :  0.0090 0.1268 0.8492 0.0060 0.0040 0.0050 
2149     2149   (5)     22 :  0.0080 0.0070 0.9738 0.0030 0.0052 0.0030 
2150     2150   (0)     22 :  0.0030 0.0060 0.9830 0.0020 0.0030 0.0030 
2151     2151   (5)     22 :  0.0064 0.6702 0.3034 0.0050 0.0050 0.0100 
2152     2152   (5)     22 :  0.0090 0.0060 0.9690 0.0030 0.0040 0.0090 
2153     2153   (0)     22 :  0.0090 0.0040 0.9750 0.0020 0.0030 0.0070 
2154     2154   (0)     22 :  0.0060 0.0080 0.9604 0.0186 0.0040 0.0030 
2155     2155   (0)     22 :  0.0050 0.0070 0.9690 0.0040 0.0050 0.0100 
2156     2156   (0)     22 :  0.0040 0.2721 0.6605 0.0080 0.0110 0.0444 
2157     2157   (0)     22 :  0.0162 0.0302 0.9436 0.0020 0.0030 0.0050 
2158     2158   (0)     22 :  0.0090 0.0130 0.9616 0.0060 0.0030 0.0074 
2159     2159   (0)     22 :  0.0040 0.0040 0.9818 0.0020 0.0040 0.0042 
2160     2160   (0)     22 :  0.0030 0.0030 0.9830 0.0020 0.0030 0.0060 
2161     2161   (0)     22 :  0.0030 0.0060 0.9800 0.0020 0.0030 0.0060 
2162     2162   (0)     22 :  0.0040 0.0050 0.9770 0.0030 0.0040 0.0070 
2163     2163   (0)     22 :  0.0070 0.0050 0.9640 0.0080 0.0120 0.0040 
2164     2164   (0)     22 :  0.0040 0.0040 0.9680 0.0020 0.0090 0.0130 
2165     2165   (0)     22 :  0.0030 0.0090 0.9635 0.0030 0.0118 0.0098 
2166     2166   (0)     22 :  0.0020 0.0060 0.9750 0.0030 0.0060 0.0080 
2167     2167   (0)     22 :  0.0150 0.0030 0.9720 0.0030 0.0030 0.0040 
2168     2168   (0)     22 :  0.0070 0.0040 0.9656 0.0050 0.0102 0.0082 
2169     2169   (0)     22 :  0.0150 0.0030 0.9720 0.0030 0.0030 0.0040 
2170     2170   (0)     22 :  0.0030 0.0030 0.9820 0.0020 0.0030 0.0070 
2171     2171   (0)     22 :  0.0030 0.0030 0.9830 0.0020 0.0040 0.0050 
2172     2172   (0)     22 :  0.0040 0.0030 0.9790 0.0020 0.0020 0.0100 
2173     2173   (0)     22 :  0.0030 0.0030 0.9820 0.0020 0.0020 0.0080 
2174     2174   (0)     22 :  0.0422 0.0818 0.8680 0.0020 0.0020 0.0040 
2175     2175   (0)     22 :  0.0144 0.0140 0.9626 0.0020 0.0030 0.0040 
2176     2176   (0)     22 :  0.0188 0.0030 0.9662 0.0064 0.0020 0.0036 
2177     2177   (0)     22 :  0.0060 0.0080 0.9710 0.0080 0.0040 0.0030 
2178     2178   (0)     22 :  0.0040 0.0040 0.9820 0.0020 0.0030 0.0050 
2179     2179   (0)     22 :  0.0080 0.0424 0.8788 0.0120 0.0508 0.0080 
2180     2180   (0)     22 :  0.0070 0.0060 0.9800 0.0020 0.0030 0.0020 
2181     2181   (0)     22 :  0.0060 0.0080 0.9480 0.0020 0.0300 0.0060 
2182     2182   (0)     22 :  0.0050 0.0210 0.9620 0.0020 0.0030 0.0070 
2183     2183   (0)     22 :  0.0050 0.0090 0.9750 0.0030 0.0040 0.0040 
2184     2184   (0)     22 :  0.0078 0.0188 0.9548 0.0080 0.0040 0.0066 
2185     2185   (0)     22 :  0.0030 0.0070 0.9800 0.0020 0.0050 0.0030 
2186     2186   (0)     22 :  0.0070 0.0060 0.9720 0.0040 0.0040 0.0070 
2187     2187   (0)     22 :  0.0050 0.0030 0.9830 0.0020 0.0020 0.0050 
2188     2188   (0)     22 :  0.0903 0.0090 0.8763 0.0070 0.0040 0.0134 
2189     2189   (0)     22 :  0.0030 0.0048 0.9832 0.0030 0.0030 0.0030 
2190     2190   (0)     22 :  0.0030 0.0060 0.9820 0.0030 0.0030 0.0030 
2191     2191   (0)     22 :  0.0050 0.0354 0.9426 0.0030 0.0030 0.0110 
2192     2192   (0)     22 :  0.0030 0.0070 0.9780 0.0030 0.0040 0.0050 
2193     2193   (0)     22 :  0.0040 0.0060 0.9790 0.0020 0.0020 0.0070 
2194     2194   (0)     22 :  0.0040 0.0778 0.9082 0.0020 0.0030 0.0050 
2195     2195   (0)     22 :  0.0030 0.0044 0.9816 0.0020 0.0040 0.0050 
2196     2196   (5)     23 :  0.0050 0.1613 0.7825 0.0208 0.0204 0.0100 
2197     2197   (0)     23 :  0.0070 0.5112 0.4406 0.0030 0.0142 0.0240 
2198     2198   (0)     23 :  0.0110 0.7011 0.2729 0.0060 0.0050 0.0040 
2199     2199   (0)     23 :  0.0110 0.9194 0.0566 0.0050 0.0030 0.0050 
2200     2200   (0)     23 :  0.0080 0.1487 0.8273 0.0030 0.0060 0.0070 
2201     2201   (0)     23 :  0.0060 0.3848 0.4810 0.0870 0.0310 0.0102 
2202     2202   (0)     23 :  0.0224 0.2382 0.6467 0.0100 0.0072 0.0755 
2203     2203   (0)     23 :  0.0210 0.0550 0.8540 0.0134 0.0148 0.0418 
2204     2204   (0)     23 :  0.0182 0.6132 0.3326 0.0030 0.0140 0.0190 
2205     2205   (0)     23 :  0.0020 0.0030 0.9872 0.0028 0.0020 0.0030 
2206     2206   (0)     23 :  0.0060 0.1059 0.8711 0.0060 0.0070 0.0040 
2207     2207   (0)     23 :  0.0116 0.2522 0.6992 0.0050 0.0040 0.0280 
2208     2208   (0)     23 :  0.0080 0.0062 0.9738 0.0030 0.0040 0.0050 
2209     2209   (0)     23 :  0.0050 0.6549 0.3261 0.0030 0.0040 0.0070 
2210     2210   (0)     23 :  0.0898 0.4190 0.4712 0.0040 0.0080 0.0080 
2211     2211   (0)     23 :  0.0040 0.0030 0.9860 0.0020 0.0020 0.0030 
2212     2212   (0)     23 :  0.0034 0.4710 0.5116 0.0020 0.0060 0.0060 
2213     2213   (0)     23 :  0.0030 0.1762 0.7872 0.0146 0.0040 0.0150 
2214     2214   (0)     23 :  0.0030 0.0160 0.9580 0.0030 0.0050 0.0150 
2215     2215   (0)     23 :  0.0030 0.0412 0.7712 0.0080 0.0120 0.1646 
2216     2216   (0)     23 :  0.0944 0.0070 0.8766 0.0080 0.0090 0.0050 
2217     2217   (0)     23 :  0.0030 0.0282 0.7782 0.0040 0.1786 0.0080 
2218     2218   (0)     23 :  0.0372 0.7702 0.1470 0.0044 0.0118 0.0294 
2219     2219   (0)     23 :  0.0596 0.8556 0.0606 0.0050 0.0070 0.0122 
2220     2220   (0)     23 :  0.0030 0.0172 0.9450 0.0258 0.0040 0.0050 
2221     2221   (0)     23 :  0.0070 0.1010 0.7990 0.0040 0.0570 0.0320 
2222     2222   (0)     23 :  0.0156 0.3838 0.5042 0.0030 0.0818 0.0116 
2223     2223   (0)     23 :  0.0060 0.9560 0.0100 0.0060 0.0070 0.0150 
2224     2224   (0)     23 :  0.0158 0.5086 0.4616 0.0060 0.0030 0.0050 
2225     2225   (0)     23 :  0.0030 0.1710 0.7970 0.0120 0.0090 0.0080 
2226     2226   (0)     23 :  0.0120 0.0414 0.9054 0.0302 0.0040 0.0070 
2227     2227  (10)     23 :  0.0040 0.0040 0.9780 0.0030 0.0050 0.0060 
2228     2228   (5)     23 :  0.0134 0.3706 0.6000 0.0040 0.0030 0.0090 
2229     2229   (0)     23 :  0.0020 0.6188 0.0086 0.0076 0.0130 0.3499 
2230     2230   (0)     23 :  0.0020 0.8708 0.0924 0.0070 0.0050 0.0228 
2231     2231   (0)     23 :  0.0190 0.8864 0.0514 0.0170 0.0050 0.0212 
2232     2232   (0)     23 :  0.0050 0.8696 0.0682 0.0050 0.0036 0.0486 
2233     2233   (0)     23 :  0.0070 0.6817 0.0304 0.0188 0.0060 0.2562 
2234     2234   (0)     23 :  0.0030 0.8438 0.1198 0.0030 0.0062 0.0242 
2235     2235   (0)     23 :  0.0078 0.8487 0.1034 0.0190 0.0040 0.0172 
2236     2236   (0)     23 :  0.0030 0.5216 0.4404 0.0070 0.0110 0.0170 
2237     2237   (0)     23 :  0.0050 0.9532 0.0160 0.0020 0.0178 0.0060 
2238     2238   (5)     23 :  0.0050 0.3249 0.5488 0.0060 0.0348 0.0806 
2239     2239   (0)     23 :  0.0192 0.8390 0.0070 0.0060 0.0070 0.1218 
2240     2240   (0)     23 :  0.0050 0.6347 0.3233 0.0020 0.0150 0.0200 
2241     2241   (0)     23 :  0.0040 0.3882 0.3489 0.0040 0.0080 0.2469 
2242     2242   (0)     23 :  0.0050 0.1166 0.8108 0.0220 0.0250 0.0206 
2243     2243   (0)     23 :  0.0030 0.7961 0.0566 0.0030 0.0102 0.1311 
2244     2244   (5)     23 :  0.0060 0.0178 0.2032 0.0040 0.0794 0.6897 
2245     2245   (0)     23 :  0.0088 0.7991 0.1227 0.0090 0.0534 0.0070 
2246     2246   (0)     23 :  0.0500 0.9310 0.0070 0.0030 0.0030 0.0060 
2247     2247   (0)     23 :  0.0030 0.9488 0.0060 0.0030 0.0342 0.0050 
2248     2248   (0)     23 :  0.0090 0.9253 0.0310 0.0058 0.0170 0.0120 
2249     2249   (0)     23 :  0.0060 0.0080 0.9760 0.0020 0.0040 0.0040 
2250     2250   (0)     23 :  0.0210 0.3039 0.6561 0.0030 0.0040 0.0120 
2251     2251   (5)     23 :  0.0070 0.0734 0.8916 0.0090 0.0060 0.0130 
2252     2252   (5)     23 :  0.0040 0.7802 0.0298 0.0052 0.1618 0.0190 
2253     2253   (0)     23 :  0.0040 0.9194 0.0646 0.0040 0.0040 0.0040 
2254     2254   (0)     23 :  0.0090 0.8952 0.0200 0.0030 0.0212 0.0516 
2255     2255   (0)     23 :  0.0036 0.8133 0.0614 0.0090 0.0090 0.1037 
2256     2256   (0)     23 :  0.0040 0.9359 0.0470 0.0020 0.0040 0.0070 
2257     2257   (0)     23 :  0.0100 0.1158 0.8192 0.0070 0.0216 0.0264 
2258     2258   (0)     23 :  0.0090 0.8426 0.0706 0.0170 0.0356 0.0252 
2259     2259   (0)     23 :  0.0030 0.2432 0.6380 0.0080 0.0988 0.0090 
2260     2260   (0)     23 :  0.0070 0.4552 0.4708 0.0020 0.0170 0.0480 
2261     2261   (0)     23 :  0.0230 0.6855 0.2045 0.0040 0.0484 0.0346 
2262     2262   (0)     23 :  0.0050 0.7378 0.2422 0.0030 0.0070 0.0050 
2263     2263   (0)     23 :  0.0030 0.0720 0.7339 0.0050 0.0724 0.1136 
2264     2264   (0)     24 :  0.0072 0.9502 0.0336 0.0030 0.0020 0.0040 
2265     2265   (0)     24 :  0.0070 0.9620 0.0210 0.0030 0.0020 0.0050 
2266     2266   (0)     24 :  0.0080 0.8605 0.1174 0.0070 0.0030 0.0040 
2267     2267   (0)     24 :  0.0080 0.9656 0.0144 0.0040 0.0030 0.0050 
2268     2268   (0)     24 :  0.0040 0.9726 0.0104 0.0030 0.0040 0.0060 
2269     2269   (0)     24 :  0.0030 0.9750 0.0120 0.0020 0.0040 0.0040 
2270     2270   (0)     24 :  0.0060 0.9700 0.0160 0.0020 0.0020 0.0040 
2271     2271   (0)     24 :  0.0038 0.9262 0.0124 0.0060 0.0456 0.0060 
2272     2272   (0)     24 :  0.0150 0.8455 0.0728 0.0220 0.0208 0.0240 
2273     2273   (0)     24 :  0.0120 0.8621 0.1019 0.0040 0.0050 0.0150 
2274     2274   (0)     24 :  0.0050 0.9710 0.0120 0.0030 0.0040 0.0050 
2275     2275   (0)     24 :  0.0050 0.9630 0.0120 0.0060 0.0030 0.0110 
2276     2276   (0)     24 :  0.0020 0.9600 0.0250 0.0040 0.0060 0.0030 
2277     2277   (0)     24 :  0.0234 0.8628 0.0882 0.0040 0.0050 0.0166 
2278     2278   (0)     24 :  0.0030 0.9812 0.0060 0.0030 0.0030 0.0038 
2279     2279   (0)     24 :  0.0046 0.9640 0.0194 0.0020 0.0050 0.0050 
2280     2280   (0)     24 :  0.0040 0.9808 0.0040 0.0020 0.0052 0.0040 
2281     2281   (0)     24 :  0.0070 0.8886 0.0578 0.0080 0.0336 0.0050 
2282     2282   (0)     24 :  0.0030 0.9780 0.0090 0.0030 0.0040 0.0030 
2283     2283   (0)     24 :  0.0060 0.9754 0.0056 0.0020 0.0040 0.0070 
2284     2284   (0)     24 :  0.0120 0.8846 0.0466 0.0050 0.0150 0.0368 
2285     2285   (0)     24 :  0.0150 0.9414 0.0050 0.0030 0.0050 0.0306 
2286     2286   (0)     24 :  0.0180 0.9550 0.0070 0.0028 0.0020 0.0152 
2287     2287   (0)     24 :  0.0346 0.9340 0.0076 0.0020 0.0048 0.0170 
2288     2288   (0)     24 :  0.0050 0.9670 0.0060 0.0020 0.0040 0.0160 
2289     2289   (0)     24 :  0.0030 0.9672 0.0128 0.0040 0.0080 0.0050 
2290     2290   (0)     24 :  0.0030 0.9600 0.0160 0.0030 0.0050 0.0130 
2291     2291   (0)     24 :  0.0040 0.9670 0.0150 0.0040 0.0050 0.0050 
2292     2292   (0)     24 :  0.0044 0.9696 0.0030 0.0130 0.0040 0.0060 
2293     2293   (0)     24 :  0.0182 0.9558 0.0070 0.0050 0.0070 0.0070 
2294     2294   (0)     24 :  0.0072 0.9668 0.0110 0.0040 0.0020 0.0090 
2295     2295   (0)     25 :  0.0100 0.9428 0.0222 0.0050 0.0060 0.0140 
2296     2296   (0)     25 :  0.0160 0.9540 0.0050 0.0100 0.0030 0.0120 
2297     2297   (0)     25 :  0.0082 0.9758 0.0050 0.0030 0.0040 0.0040 
2298     2298   (0)     25 :  0.0092 0.9728 0.0110 0.0020 0.0020 0.0030 
2299     2299   (0)     25 :  0.0090 0.9740 0.0070 0.0020 0.0030 0.0050 
2300     2300   (0)     25 :  0.0020 0.9810 0.0040 0.0040 0.0050 0.0040 
2301     2301   (0)     25 :  0.0030 0.9546 0.0060 0.0060 0.0224 0.0080 
2302     2302   (0)     25 :  0.0040 0.9668 0.0110 0.0060 0.0050 0.0072 
2303     2303   (0)     25 :  0.0060 0.9440 0.0050 0.0040 0.0180 0.0230 
2304     2304   (0)     25 :  0.0080 0.9226 0.0514 0.0020 0.0060 0.0100 
2305     2305   (0)     25 :  0.0042 0.9716 0.0114 0.0030 0.0030 0.0068 
2306     2306   (0)     25 :  0.0040 0.9770 0.0090 0.0020 0.0030 0.0050 
2307     2307   (0)     25 :  0.0040 0.9264 0.0320 0.0030 0.0306 0.0040 
2308     2308   (0)     25 :  0.0030 0.9760 0.0060 0.0030 0.0030 0.0090 
2309     2309   (0)     25 :  0.0050 0.9690 0.0090 0.0040 0.0040 0.0090 
2310     2310   (0)     25 :  0.0050 0.9574 0.0226 0.0040 0.0040 0.0070 
2311     2311   (0)     25 :  0.0232 0.9264 0.0294 0.0080 0.0040 0.0090 
2312     2312   (0)     25 :  0.0100 0.8987 0.0774 0.0060 0.0040 0.0040 
2313     2313   (0)     25 :  0.0030 0.9790 0.0070 0.0030 0.0040 0.0040 
2314     2314   (0)     25 :  0.0060 0.9750 0.0060 0.0030 0.0060 0.0040 
2315     2315   (0)     25 :  0.0040 0.9668 0.0070 0.0040 0.0110 0.0072 
2316     2316   (0)     25 :  0.0060 0.8108 0.1672 0.0080 0.0040 0.0040 
2317     2317   (0)     25 :  0.0140 0.9396 0.0132 0.0212 0.0090 0.0030 
2318     2318   (0)     25 :  0.0070 0.9770 0.0060 0.0030 0.0030 0.0040 
2319     2319   (0)     25 :  0.0040 0.9710 0.0070 0.0030 0.0040 0.0110 
2320     2320   (0)     25 :  0.0030 0.9462 0.0338 0.0080 0.0030 0.0060 
2321     2321   (0)     25 :  0.0160 0.9160 0.0478 0.0052 0.0050 0.0100 
2322     2322   (0)     25 :  0.0040 0.9732 0.0070 0.0040 0.0040 0.0078 
2323     2323   (0)     25 :  0.0040 0.9570 0.0180 0.0020 0.0050 0.0140 
2324     2324   (0)     25 :  0.0070 0.9650 0.0080 0.0030 0.0070 0.0100 
2325     2325   (0)     25 :  0.0040 0.8942 0.0060 0.0080 0.0728 0.0150 
2326     2326   (0)     25 :  0.0050 0.9714 0.0080 0.0030 0.0030 0.0096 
2327     2327   (0)     25 :  0.0170 0.9618 0.0080 0.0030 0.0030 0.0072 
2328     2328   (0)     25 :  0.0020 0.9814 0.0056 0.0030 0.0050 0.0030 
2329     2329   (0)     25 :  0.0070 0.9720 0.0080 0.0020 0.0040 0.0070 
2330     2330   (0)     25 :  0.0040 0.9584 0.0060 0.0034 0.0140 0.0142 
2331     2331   (0)     25 :  0.0100 0.9095 0.0568 0.0140 0.0048 0.0050 
2332     2332   (0)     25 :  0.0020 0.9558 0.0322 0.0040 0.0020 0.0040 
2333     2333   (0)     25 :  0.0030 0.9720 0.0130 0.0030 0.0040 0.0050 
2334     2334   (0)     25 :  0.1399 0.8433 0.0080 0.0030 0.0028 0.0030 
2335     2335   (0)     25 :  0.0084 0.9548 0.0148 0.0050 0.0040 0.0130 
2336     2336   (0)     25 :  0.0040 0.9710 0.0120 0.0030 0.0050 0.0050 
2337     2337   (0)     25 :  0.0070 0.9710 0.0070 0.0040 0.0050 0.0060 
2338     2338   (0)     25 :  0.0030 0.9730 0.0130 0.0030 0.0040 0.0040 
2339     2339   (0)     25 :  0.0040 0.9642 0.0090 0.0040 0.0068 0.0120 
2340     2340   (0)     25 :  0.0290 0.9013 0.0070 0.0040 0.0060 0.0526 
2341     2341   (0)     25 :  0.0050 0.9770 0.0070 0.0030 0.0040 0.0040 
2342     2342   (0)     25 :  0.0060 0.9710 0.0080 0.0030 0.0040 0.0080 
2343     2343   (0)     25 :  0.0050 0.9750 0.0120 0.0020 0.0020 0.0040 
2344     2344   (0)     25 :  0.0100 0.9382 0.0288 0.0020 0.0110 0.0100 
2345     2345   (0)     25 :  0.0040 0.9680 0.0170 0.0060 0.0020 0.0030 
2346     2346   (0)     25 :  0.0040 0.9718 0.0082 0.0030 0.0080 0.0050 
2347     2347   (0)     25 :  0.0020 0.9788 0.0052 0.0020 0.0020 0.0100 
2348     2348   (0)     25 :  0.0080 0.9414 0.0080 0.0146 0.0210 0.0070 
2349     2349   (0)     25 :  0.0060 0.9750 0.0080 0.0030 0.0040 0.0040 
2350     2350   (0)     25 :  0.1798 0.7952 0.0170 0.0020 0.0020 0.0040 
2351     2351   (0)     25 :  0.0030 0.9640 0.0060 0.0040 0.0180 0.0050 
2352     2352   (0)     25 :  0.0040 0.9670 0.0060 0.0030 0.0040 0.0160 
2353     2353   (0)     25 :  0.0078 0.9702 0.0120 0.0040 0.0020 0.0040 
2354     2354   (0)     25 :  0.0182 0.9161 0.0250 0.0052 0.0060 0.0294 
2355     2355   (0)     25 :  0.0090 0.9211 0.0190 0.0030 0.0050 0.0430 
2356     2356   (0)     25 :  0.0040 0.9770 0.0040 0.0020 0.0080 0.0050 
2357     2357   (0)     25 :  0.0080 0.9796 0.0050 0.0024 0.0020 0.0030 
2358     2358   (0)     25 :  0.0030 0.9690 0.0090 0.0040 0.0110 0.0040 
2359     2359   (0)     25 :  0.0200 0.8540 0.1130 0.0040 0.0040 0.0050 
2360     2360   (0)     25 :  0.0140 0.9582 0.0168 0.0030 0.0020 0.0060 
2361     2361   (0)     25 :  0.0140 0.9516 0.0090 0.0030 0.0068 0.0156 
2362     2362   (0)     25 :  0.0090 0.9252 0.0518 0.0040 0.0050 0.0050 
2363     2363   (0)     25 :  0.0220 0.9490 0.0070 0.0030 0.0040 0.0150 
2364     2364   (0)     25 :  0.0020 0.9840 0.0040 0.0020 0.0050 0.0030 
2365     2365   (0)     25 :  0.0060 0.9520 0.0060 0.0060 0.0250 0.0050 
2366     2366   (0)     25 :  0.0100 0.8480 0.1166 0.0074 0.0030 0.0150 
2367     2367   (0)     25 :  0.0040 0.9780 0.0050 0.0040 0.0040 0.0050 
2368     2368   (0)     25 :  0.0040 0.9580 0.0210 0.0030 0.0050 0.0090 
2369     2369   (0)     25 :  0.0070 0.9730 0.0090 0.0030 0.0030 0.0050 
2370     2370   (0)     25 :  0.0250 0.9040 0.0456 0.0030 0.0030 0.0194 
2371     2371   (0)     25 :  0.0020 0.9832 0.0030 0.0020 0.0050 0.0048 
2372     2372   (0)     25 :  0.0050 0.9018 0.0664 0.0040 0.0050 0.0178 
2373     2373   (0)     25 :  0.0030 0.8770 0.1026 0.0030 0.0074 0.0070 
2374     2374   (0)     25 :  0.0030 0.9750 0.0060 0.0030 0.0030 0.0100 
2375     2375   (0)     25 :  0.0030 0.9674 0.0086 0.0030 0.0080 0.0100 
2376     2376   (0)     25 :  0.0148 0.9566 0.0076 0.0020 0.0100 0.0090 
2377     2377   (0)     25 :  0.0090 0.9196 0.0138 0.0072 0.0102 0.0402 
2378     2378   (0)     25 :  0.0024 0.9756 0.0090 0.0040 0.0040 0.0050 
2379     2379   (0)     25 :  0.0050 0.9730 0.0060 0.0020 0.0100 0.0040 
2380     2380   (0)     25 :  0.1921 0.7387 0.0170 0.0122 0.0308 0.0092 
2381     2381   (0)     25 :  0.0270 0.8922 0.0538 0.0030 0.0100 0.0140 
2382     2382   (0)     25 :  0.0160 0.9412 0.0248 0.0030 0.0030 0.0120 
2383     2383   (0)     25 :  0.0076 0.9774 0.0060 0.0020 0.0020 0.0050 
2384     2384   (0)     25 :  0.0060 0.9522 0.0198 0.0050 0.0080 0.0090 
2385     2385   (0)     25 :  0.0060 0.9480 0.0340 0.0030 0.0020 0.0070 
2386     2386   (0)     25 :  0.0070 0.9620 0.0090 0.0060 0.0030 0.0130 
2387     2387   (0)     25 :  0.0054 0.8519 0.0080 0.0020 0.1057 0.0270 
2388     2388   (0)     25 :  0.0030 0.9540 0.0170 0.0040 0.0060 0.0160 
2389     2389   (0)     25 :  0.0110 0.7804 0.1789 0.0050 0.0190 0.0058 
2390     2390   (0)     25 :  0.0250 0.9232 0.0250 0.0090 0.0088 0.0090 
2391     2391   (0)     25 :  0.0100 0.9332 0.0388 0.0040 0.0040 0.0100 
2392     2392   (0)     25 :  0.0140 0.9406 0.0250 0.0074 0.0040 0.0090 
2393     2393   (0)     25 :  0.0168 0.5325 0.4263 0.0030 0.0114 0.0100 
2394     2394   (0)     25 :  0.0050 0.9800 0.0040 0.0030 0.0030 0.0050 
2395     2395   (0)     25 :  0.0408 0.7962 0.0738 0.0388 0.0090 0.0414 
2396     2396   (0)     25 :  0.0100 0.9058 0.0330 0.0100 0.0160 0.0252 
2397     2397   (0)     25 :  0.0272 0.9172 0.0256 0.0100 0.0070 0.0130 
2398     2398   (0)     25 :  0.0070 0.9214 0.0060 0.0030 0.0086 0.0540 
2399     2399   (0)     25 :  0.0020 0.9840 0.0060 0.0020 0.0020 0.0040 
2400     2400   (0)     25 :  0.0030 0.9750 0.0070 0.0040 0.0040 0.0070 
2401     2401   (0)     25 :  0.0150 0.9620 0.0070 0.0070 0.0030 0.0060 
2402     2402   (0)     25 :  0.0110 0.9204 0.0298 0.0050 0.0188 0.0150 
2403     2403   (0)     25 :  0.0020 0.9770 0.0050 0.0070 0.0050 0.0040 
2404     2404   (0)     25 :  0.0040 0.9590 0.0040 0.0030 0.0020 0.0280 
2405     2405   (0)     25 :  0.0100 0.9480 0.0100 0.0040 0.0120 0.0160 
2406     2406   (0)     25 :  0.0050 0.9232 0.0330 0.0020 0.0248 0.0120 
2407     2407   (0)     25 :  0.0080 0.9670 0.0080 0.0030 0.0040 0.0100 
2408     2408   (0)     25 :  0.0040 0.9746 0.0070 0.0030 0.0034 0.0080 
2409     2409   (0)     25 :  0.0070 0.9108 0.0194 0.0308 0.0050 0.0270 
2410     2410   (0)     25 :  0.0044 0.9726 0.0090 0.0030 0.0070 0.0040 
2411     2411   (0)     25 :  0.0042 0.9654 0.0118 0.0020 0.0030 0.0136 
2412     2412   (0)     25 :  0.0020 0.8942 0.0652 0.0076 0.0210 0.0100 
2413     2413   (0)     25 :  0.0070 0.9770 0.0040 0.0030 0.0030 0.0060 
2414     2414   (0)     25 :  0.0140 0.8738 0.0852 0.0030 0.0160 0.0080 
2415     2415   (0)     25 :  0.0040 0.9810 0.0080 0.0020 0.0020 0.0030 
2416     2416   (0)     25 :  0.0040 0.9800 0.0050 0.0020 0.0020 0.0070 
2417     2417   (0)     25 :  0.0100 0.7274 0.2504 0.0042 0.0040 0.0040 
2418     2418   (0)     25 :  0.0210 0.9162 0.0130 0.0050 0.0378 0.0070 
2419     2419   (0)     25 :  0.0062 0.8926 0.0752 0.0080 0.0050 0.0130 
2420     2420   (0)     26 :  0.0040 0.9800 0.0060 0.0030 0.0030 0.0040 
2421     2421   (0)     26 :  0.0060 0.9586 0.0084 0.0060 0.0130 0.0080 
2422     2422   (0)     26 :  0.0080 0.9720 0.0060 0.0030 0.0040 0.0070 
2423     2423   (0)     26 :  0.0100 0.9416 0.0166 0.0030 0.0070 0.0218 
2424     2424   (0)     26 :  0.0040 0.9830 0.0040 0.0020 0.0030 0.0040 
2425     2425   (0)     26 :  0.0040 0.9770 0.0060 0.0030 0.0060 0.0040 
2426     2426   (0)     26 :  0.0020 0.9730 0.0050 0.0070 0.0090 0.0040 
2427     2427   (0)     26 :  0.0030 0.9760 0.0040 0.0080 0.0020 0.0070 
2428     2428   (0)     26 :  0.0040 0.9710 0.0060 0.0060 0.0040 0.0090 
2429     2429   (0)     26 :  0.0933 0.8573 0.0040 0.0060 0.0052 0.0342 
2430     2430   (0)     26 :  0.0030 0.9860 0.0030 0.0020 0.0030 0.0030 
2431     2431   (0)     26 :  0.0040 0.9554 0.0040 0.0030 0.0056 0.0280 
2432     2432   (0)     26 :  0.0030 0.9800 0.0070 0.0020 0.0040 0.0040 
2433     2433   (0)     26 :  0.0040 0.9780 0.0060 0.0030 0.0060 0.0030 
2434     2434   (0)     26 :  0.0036 0.9466 0.0358 0.0050 0.0030 0.0060 
2435     2435  (10)     26 :  0.0040 0.9790 0.0050 0.0030 0.0050 0.0040 
2436     2436   (0)     26 :  0.0040 0.9456 0.0070 0.0040 0.0040 0.0354 
2437     2437   (0)     26 :  0.0120 0.9440 0.0190 0.0080 0.0100 0.0070 
2438     2438   (0)     26 :  0.0090 0.9668 0.0112 0.0020 0.0070 0.0040 
2439     2439   (0)     26 :  0.0052 0.8720 0.0060 0.0050 0.0988 0.0130 
2440     2440   (5)     26 :  0.0040 0.9800 0.0040 0.0030 0.0050 0.0040 
2441     2441   (0)     26 :  0.0070 0.9790 0.0050 0.0030 0.0030 0.0030 
2442     2442   (0)     26 :  0.0020 0.9784 0.0050 0.0020 0.0086 0.0040 
2443     2443   (0)     26 :  0.0070 0.9526 0.0080 0.0090 0.0194 0.0040 
2444     2444   (0)     26 :  0.0030 0.9830 0.0030 0.0050 0.0030 0.0030 
2445     2445   (0)     26 :  0.0060 0.9760 0.0070 0.0020 0.0030 0.0060 
2446     2446   (0)     26 :  0.0030 0.9670 0.0040 0.0030 0.0030 0.0200 
2447     2447   (5)     26 :  0.0020 0.9820 0.0040 0.0020 0.0060 0.0040 
2448     2448   (0)     26 :  0.0030 0.9682 0.0138 0.0040 0.0070 0.0040 
2449     2449   (0)     26 :  0.0040 0.9750 0.0100 0.0030 0.0040 0.0040 
2450     2450   (0)     26 :  0.0040 0.9702 0.0070 0.0030 0.0100 0.0058 
2451     2451   (0)     26 :  0.0090 0.9312 0.0264 0.0060 0.0020 0.0254 
2452     2452   (0)     26 :  0.0060 0.9690 0.0060 0.0030 0.0030 0.0130 
2453     2453   (0)     26 :  0.0330 0.9180 0.0256 0.0030 0.0070 0.0134 
2454     2454   (0)     26 :  0.0050 0.9660 0.0180 0.0020 0.0040 0.0050 
2455     2455   (0)     26 :  0.0050 0.9770 0.0080 0.0020 0.0040 0.0040 
2456     2456   (0)     26 :  0.0020 0.9754 0.0050 0.0020 0.0116 0.0040 
2457     2457   (5)     26 :  0.0090 0.9670 0.0090 0.0040 0.0050 0.0060 
2458     2458   (0)     26 :  0.0030 0.9720 0.0050 0.0020 0.0040 0.0140 
2459     2459   (0)     26 :  0.0030 0.9610 0.0070 0.0030 0.0090 0.0170 
2460     2460   (0)     26 :  0.0040 0.9782 0.0058 0.0020 0.0030 0.0070 
2461     2461   (5)     26 :  0.0040 0.9790 0.0050 0.0060 0.0030 0.0030 
2462     2462   (5)     26 :  0.0060 0.9656 0.0050 0.0024 0.0150 0.0060 
2463     2463  (10)     26 :  0.0050 0.9710 0.0060 0.0040 0.0040 0.0100 
2464     2464   (5)     26 :  0.0030 0.9710 0.0030 0.0030 0.0130 0.0070 
2465     2465   (5)     26 :  0.0028 0.9842 0.0030 0.0020 0.0030 0.0050 
2466     2466   (5)     26 :  0.0060 0.9760 0.0050 0.0040 0.0030 0.0060 
2467     2467   (5)     26 :  0.0036 0.8773 0.0190 0.0040 0.0873 0.0088 
2468     2468   (5)     26 :  0.0050 0.9730 0.0060 0.0030 0.0040 0.0090 
2469     2469  (10)     26 :  0.0050 0.8631 0.1040 0.0040 0.0070 0.0168 
2470     2470   (5)     26 :  0.0080 0.8596 0.0653 0.0070 0.0100 0.0501 
2471     2471   (5)     26 :  0.0030 0.9830 0.0040 0.0030 0.0020 0.0050 
2472     2472   (5)     26 :  0.0110 0.9104 0.0596 0.0030 0.0060 0.0100 
2473     2473   (0)     27 :  0.0020 0.9860 0.0040 0.0020 0.0030 0.0030 
2474     2474   (0)     27 :  0.0030 0.9768 0.0050 0.0030 0.0030 0.0092 
2475     2475   (0)     27 :  0.0030 0.9834 0.0046 0.0020 0.0040 0.0030 
2476     2476   (0)     27 :  0.0020 0.9748 0.0028 0.0048 0.0120 0.0036 
2477     2477   (0)     27 :  0.0128 0.9553 0.0180 0.0030 0.0050 0.0060 
2478     2478   (0)     27 :  0.0060 0.9770 0.0060 0.0020 0.0040 0.0050 
2479     2479   (0)     27 :  0.0040 0.9600 0.0110 0.0030 0.0050 0.0170 
2480     2480   (0)     27 :  0.0030 0.9728 0.0040 0.0028 0.0094 0.0080 
2481     2481   (0)     27 :  0.0080 0.9710 0.0080 0.0040 0.0030 0.0060 
2482     2482   (0)     27 :  0.0020 0.9860 0.0030 0.0030 0.0030 0.0030 
2483     2483   (0)     27 :  0.0050 0.9522 0.0172 0.0030 0.0090 0.0136 
2484     2484   (0)     27 :  0.0070 0.9270 0.0118 0.0030 0.0030 0.0482 
2485     2485   (0)     27 :  0.0070 0.9800 0.0040 0.0030 0.0030 0.0030 
2486     2486   (0)     27 :  0.0040 0.9216 0.0090 0.0050 0.0110 0.0494 
2487     2487   (0)     27 :  0.0040 0.9660 0.0080 0.0080 0.0060 0.0080 
2488     2488   (0)     27 :  0.0040 0.9800 0.0070 0.0030 0.0030 0.0030 
2489     2489   (0)     27 :  0.0050 0.9730 0.0094 0.0040 0.0056 0.0030 
2490     2490   (0)     27 :  0.0040 0.9790 0.0040 0.0050 0.0030 0.0050 
2491     2491   (0)     27 :  0.0132 0.9590 0.0168 0.0020 0.0030 0.0060 
2492     2492   (0)     27 :  0.0040 0.9750 0.0080 0.0030 0.0040 0.0060 
2493     2493   (0)     27 :  0.0160 0.9077 0.0078 0.0040 0.0546 0.0100 
2494     2494   (0)     27 :  0.0030 0.9832 0.0048 0.0030 0.0030 0.0030 
2495     2495   (0)     27 :  0.0070 0.9690 0.0140 0.0020 0.0030 0.0050 
2496     2496   (0)     27 :  0.0020 0.9830 0.0030 0.0030 0.0050 0.0040 
2497     2497   (0)     27 :  0.0060 0.9724 0.0096 0.0030 0.0030 0.0060 
2498     2498   (0)     27 :  0.0130 0.9630 0.0050 0.0030 0.0050 0.0110 
2499     2499   (0)     27 :  0.0020 0.9800 0.0060 0.0020 0.0040 0.0060 
2500     2500   (0)     27 :  0.0040 0.9780 0.0030 0.0030 0.0030 0.0090 
2501     2501   (0)     27 :  0.0060 0.9720 0.0050 0.0040 0.0050 0.0080 
2502     2502   (0)     27 :  0.0020 0.9820 0.0060 0.0030 0.0040 0.0030 
2503     2503   (0)     27 :  0.0040 0.9840 0.0030 0.0020 0.0030 0.0040 
2504     2504   (0)     27 :  0.0030 0.9498 0.0172 0.0020 0.0170 0.0110 
2505     2505   (0)     27 :  0.0090 0.9292 0.0110 0.0040 0.0398 0.0070 
2506     2506   (0)     27 :  0.0040 0.9746 0.0052 0.0022 0.0050 0.0090 
2507     2507   (0)     27 :  0.0030 0.9710 0.0060 0.0030 0.0100 0.0070 
2508     2508   (0)     27 :  0.0060 0.9790 0.0040 0.0030 0.0030 0.0050 
2509     2509   (0)     27 :  0.0040 0.9740 0.0080 0.0030 0.0060 0.0050 
2510     2510   (0)     27 :  0.0030 0.9776 0.0064 0.0020 0.0060 0.0050 
2511     2511   (0)     27 :  0.0040 0.9800 0.0060 0.0020 0.0020 0.0060 
2512     2512   (0)     27 :  0.0800 0.8945 0.0060 0.0060 0.0054 0.0080 
2513     2513   (0)     27 :  0.0030 0.9840 0.0040 0.0030 0.0030 0.0030 
2514     2514   (0)     27 :  0.0040 0.9750 0.0040 0.0030 0.0100 0.0040 
2515     2515   (0)     27 :  0.0030 0.9414 0.0124 0.0040 0.0040 0.0352 
2516     2516   (0)     27 :  0.0020 0.9800 0.0030 0.0060 0.0050 0.0040 
2517     2517   (0)     27 :  0.0030 0.9428 0.0040 0.0030 0.0048 0.0424 
2518     2518   (0)     27 :  0.0020 0.9710 0.0020 0.0020 0.0040 0.0190 
2519     2519   (0)     27 :  0.0030 0.9800 0.0060 0.0020 0.0030 0.0060 
2520     2520   (0)     27 :  0.0070 0.9618 0.0120 0.0030 0.0040 0.0122 
2521     2521   (0)     27 :  0.0030 0.9790 0.0060 0.0050 0.0030 0.0040 
2522     2522   (0)     27 :  0.0030 0.9582 0.0188 0.0020 0.0140 0.0040 
2523     2523   (0)     27 :  0.0030 0.9770 0.0040 0.0080 0.0030 0.0050 
2524     2524   (0)     27 :  0.0030 0.9830 0.0030 0.0020 0.0030 0.0060 
2525     2525   (0)     27 :  0.0100 0.9398 0.0190 0.0030 0.0222 0.0060 
2526     2526   (0)     27 :  0.0040 0.9342 0.0070 0.0020 0.0428 0.0100 
2527     2527   (0)     27 :  0.0112 0.9208 0.0296 0.0040 0.0050 0.0294 
2528     2528   (0)     27 :  0.0050 0.9499 0.0270 0.0040 0.0090 0.0050 
2529     2529   (0)     27 :  0.0020 0.9748 0.0050 0.0052 0.0050 0.0080 
2530     2530   (0)     27 :  0.0078 0.9702 0.0050 0.0040 0.0050 0.0080 
2531     2531   (0)     27 :  0.0084 0.8626 0.0332 0.0060 0.0100 0.0798 
2532     2532   (0)     27 :  0.0040 0.9740 0.0060 0.0030 0.0050 0.0080 
2533     2533   (0)     27 :  0.0020 0.9822 0.0050 0.0020 0.0030 0.0058 
2534     2534   (0)     27 :  0.0028 0.9870 0.0022 0.0030 0.0030 0.0020 
2535     2535   (0)     27 :  0.0040 0.9696 0.0070 0.0030 0.0114 0.0050 
2536     2536   (0)     27 :  0.0080 0.9650 0.0110 0.0050 0.0070 0.0040 
2537     2537   (0)     27 :  0.0050 0.9526 0.0224 0.0030 0.0120 0.0050 
2538     2538   (0)     27 :  0.0050 0.9840 0.0040 0.0020 0.0020 0.0030 
2539     2539   (0)     27 :  0.0058 0.9632 0.0070 0.0030 0.0140 0.0070 
2540     2540   (0)     27 :  0.0030 0.9846 0.0040 0.0020 0.0020 0.0044 
2541     2541   (0)     27 :  0.0068 0.9692 0.0050 0.0030 0.0100 0.0060 
2542     2542   (0)     27 :  0.0030 0.9810 0.0070 0.0030 0.0030 0.0030 
2543     2543   (0)     27 :  0.0056 0.9714 0.0060 0.0070 0.0070 0.0030 
2544     2544   (0)     27 :  0.0030 0.9750 0.0030 0.0050 0.0060 0.0080 
2545     2545   (0)     27 :  0.0050 0.9620 0.0060 0.0190 0.0040 0.0040 
2546     2546   (0)     27 :  0.0042 0.9640 0.0118 0.0040 0.0060 0.0100 
2547     2547   (0)     27 :  0.0030 0.9796 0.0044 0.0030 0.0050 0.0050 
2548     2548   (0)     27 :  0.0030 0.9656 0.0174 0.0040 0.0050 0.0050 
2549     2549   (0)     27 :  0.0040 0.9796 0.0050 0.0030 0.0040 0.0044 
2550     2550   (0)     27 :  0.0030 0.9810 0.0040 0.0030 0.0030 0.0060 
2551     2551   (0)     27 :  0.0040 0.9458 0.0070 0.0060 0.0312 0.0060 
2552     2552   (0)     27 :  0.0020 0.6914 0.0138 0.0040 0.0060 0.2828 
2553     2553   (0)     27 :  0.0050 0.9477 0.0064 0.0040 0.0030 0.0340 
2554     2554   (0)     27 :  0.0030 0.9728 0.0122 0.0030 0.0060 0.0030 
2555     2555   (0)     27 :  0.0040 0.9630 0.0080 0.0040 0.0060 0.0150 
2556     2556   (0)     27 :  0.0060 0.9742 0.0070 0.0028 0.0040 0.0060 
2557     2557   (0)     27 :  0.0360 0.8980 0.0092 0.0202 0.0228 0.0138 
2558     2558   (0)     27 :  0.0040 0.9634 0.0050 0.0030 0.0100 0.0146 
2559     2559   (0)     27 :  0.0050 0.9580 0.0150 0.0030 0.0050 0.0140 
2560     2560   (0)     27 :  0.0020 0.9660 0.0040 0.0030 0.0040 0.0210 
2561     2561   (0)     27 :  0.0070 0.9572 0.0198 0.0030 0.0040 0.0090 
2562     2562   (0)     27 :  0.0030 0.8604 0.0090 0.0030 0.1166 0.0080 
2563     2563   (0)     27 :  0.0050 0.9698 0.0050 0.0052 0.0080 0.0070 
2564     2564   (0)     27 :  0.0030 0.9800 0.0060 0.0030 0.0040 0.0040 
2565     2565   (0)     27 :  0.0020 0.9730 0.0030 0.0040 0.0140 0.0040 
2566     2566   (0)     27 :  0.0040 0.9700 0.0050 0.0070 0.0050 0.0090 
2567     2567   (0)     27 :  0.0120 0.9700 0.0060 0.0030 0.0030 0.0060 
2568     2568   (0)     27 :  0.0070 0.9776 0.0064 0.0020 0.0030 0.0040 
2569     2569   (0)     27 :  0.0020 0.9844 0.0050 0.0020 0.0020 0.0046 
2570     2570   (0)     27 :  0.0050 0.8804 0.0188 0.0030 0.0660 0.0268 
2571     2571   (0)     27 :  0.0030 0.9680 0.0070 0.0050 0.0070 0.0100 
2572     2572   (0)     27 :  0.0040 0.9710 0.0130 0.0060 0.0030 0.0030 
2573     2573   (0)     27 :  0.0054 0.9676 0.0060 0.0030 0.0030 0.0150 
2574     2574   (0)     27 :  0.0070 0.9128 0.0248 0.0030 0.0360 0.0164 
2575     2575   (0)     27 :  0.0030 0.9780 0.0080 0.0020 0.0030 0.0060 
2576     2576   (0)     27 :  0.0040 0.8982 0.0704 0.0028 0.0030 0.0216 
2577     2577   (0)     27 :  0.0040 0.9724 0.0050 0.0030 0.0078 0.0078 
2578     2578   (0)     27 :  0.0030 0.9706 0.0050 0.0024 0.0070 0.0120 
2579     2579   (0)     27 :  0.0110 0.9490 0.0070 0.0050 0.0130 0.0150 
2580     2580   (0)     27 :  0.0200 0.9552 0.0040 0.0050 0.0080 0.0078 
2581     2581   (0)     27 :  0.0050 0.9778 0.0042 0.0030 0.0050 0.0050 
2582     2582   (0)     27 :  0.0020 0.9780 0.0050 0.0030 0.0040 0.0080 
2583     2583   (0)     27 :  0.0030 0.9812 0.0048 0.0030 0.0040 0.0040 
2584     2584   (0)     27 :  0.0030 0.9750 0.0070 0.0040 0.0080 0.0030 
2585     2585   (0)     27 :  0.0050 0.9850 0.0030 0.0020 0.0020 0.0030 
2586     2586   (0)     27 :  0.0050 0.9780 0.0070 0.0040 0.0020 0.0040 
2587     2587   (0)     27 :  0.0040 0.9732 0.0070 0.0050 0.0030 0.0078 
2588     2588   (0)     27 :  0.0030 0.9820 0.0050 0.0020 0.0030 0.0050 
2589     2589   (0)     27 :  0.0100 0.9620 0.0100 0.0030 0.0040 0.0110 
2590     2590   (0)     27 :  0.0030 0.9528 0.0150 0.0052 0.0060 0.0180 
2591     2591   (0)     27 :  0.0020 0.9420 0.0090 0.0040 0.0360 0.0070 
2592     2592   (0)     27 :  0.0020 0.9840 0.0040 0.0020 0.0020 0.0060 
2593     2593   (0)     27 :  0.0050 0.9768 0.0092 0.0030 0.0030 0.0030 
2594     2594   (0)     27 :  0.0020 0.9680 0.0050 0.0030 0.0150 0.0070 
2595     2595   (0)     27 :  0.0030 0.9850 0.0030 0.0020 0.0030 0.0040 
2596     2596   (0)     27 :  0.0040 0.9850 0.0030 0.0030 0.0020 0.0030 
2597     2597   (0)     27 :  0.0024 0.9786 0.0050 0.0060 0.0030 0.0050 
2598     2598   (5)     28 :  0.9788 0.0040 0.0050 0.0030 0.0030 0.0062 
2599     2599   (0)     28 :  0.9740 0.0050 0.0090 0.0040 0.0030 0.0050 
2600     2600   (0)     28 :  0.9860 0.0030 0.0030 0.0020 0.0030 0.0030 
2601     2601   (0)     28 :  0.9387 0.0150 0.0160 0.0070 0.0132 0.0100 
2602     2602   (0)     28 :  0.9872 0.0020 0.0038 0.0020 0.0020 0.0030 
2603     2603   (0)     28 :  0.9690 0.0140 0.0070 0.0030 0.0050 0.0020 
2604     2604   (0)     28 :  0.9870 0.0020 0.0030 0.0020 0.0020 0.0040 
2605     2605   (0)     28 :  0.9850 0.0030 0.0040 0.0030 0.0030 0.0020 
2606     2606   (0)     28 :  0.9850 0.0030 0.0030 0.0020 0.0040 0.0030 
2607     2607   (0)     28 :  0.9854 0.0030 0.0040 0.0024 0.0022 0.0030 
2608     2608   (0)     28 :  0.9900 0.0020 0.0020 0.0020 0.0020 0.0020 
2609     2609   (0)     28 :  0.9880 0.0020 0.0030 0.0020 0.0020 0.0030 
2610     2610   (0)     28 :  0.9728 0.0030 0.0056 0.0040 0.0030 0.0116 
2611     2611   (5)     28 :  0.9896 0.0020 0.0024 0.0020 0.0020 0.0020 
2612     2612   (0)     28 :  0.9860 0.0030 0.0030 0.0020 0.0020 0.0040 
2613     2613   (0)     28 :  0.9880 0.0020 0.0030 0.0020 0.0020 0.0030 
2614     2614   (0)     28 :  0.9740 0.0030 0.0040 0.0030 0.0130 0.0030 
2615     2615   (0)     28 :  0.9890 0.0020 0.0030 0.0020 0.0020 0.0020 
2616     2616   (0)     28 :  0.9860 0.0030 0.0030 0.0030 0.0020 0.0030 
2617     2617   (0)     28 :  0.9880 0.0030 0.0030 0.0020 0.0020 0.0020 
2618     2618   (0)     28 :  0.9890 0.0030 0.0020 0.0020 0.0020 0.0020 
2619     2619   (0)     28 :  0.9840 0.0030 0.0030 0.0030 0.0040 0.0030 
2620     2620   (0)     28 :  0.9880 0.0030 0.0030 0.0020 0.0020 0.0020 
2621     2621   (0)     28 :  0.9900 0.0020 0.0020 0.0020 0.0020 0.0020 
2622     2622   (0)     28 :  0.9900 0.0020 0.0020 0.0020 0.0020 0.0020 
2623     2623   (0)     28 :  0.9880 0.0020 0.0030 0.0020 0.0030 0.0020 
2624     2624   (0)     28 :  0.9870 0.0030 0.0030 0.0020 0.0020 0.0030 
2625     2625   (0)     28 :  0.9892 0.0020 0.0028 0.0020 0.0020 0.0020 
2626     2626   (0)     29 :  0.9858 0.0020 0.0050 0.0020 0.0030 0.0022 
2627     2627   (0)     29 :  0.9850 0.0040 0.0030 0.0020 0.0030 0.0030 
2628     2628   (0)     29 :  0.9890 0.0020 0.0030 0.0020 0.0020 0.0020 
2629     2629   (0)     29 :  0.9880 0.0020 0.0020 0.0020 0.0030 0.0030 
2630     2630   (0)     29 :  0.9780 0.0070 0.0030 0.0030 0.0050 0.0040 
2631     2631   (0)     29 :  0.9860 0.0050 0.0030 0.0020 0.0020 0.0020 
2632     2632   (0)     29 :  0.9780 0.0050 0.0040 0.0020 0.0060 0.0050 
2633     2633   (0)     29 :  0.9792 0.0030 0.0050 0.0030 0.0040 0.0058 
2634     2634   (0)     29 :  0.9830 0.0030 0.0050 0.0020 0.0030 0.0040 
2635     2635   (0)     29 :  0.9890 0.0020 0.0030 0.0020 0.0020 0.0020 
2636     2636   (0)     29 :  0.9890 0.0020 0.0020 0.0020 0.0030 0.0020 
2637     2637   (0)     29 :  0.7789 0.0040 0.0050 0.0030 0.2061 0.0030 
2638     2638   (0)     29 :  0.9860 0.0030 0.0030 0.0030 0.0020 0.0030 
2639     2639   (0)     29 :  0.9890 0.0020 0.0020 0.0020 0.0020 0.0030 
2640     2640   (0)     29 :  0.9896 0.0020 0.0024 0.0020 0.0020 0.0020 
2641     2641   (0)     29 :  0.9794 0.0030 0.0026 0.0030 0.0090 0.0030 
2642     2642   (0)     29 :  0.9890 0.0020 0.0030 0.0020 0.0020 0.0020 
2643     2643   (0)     29 :  0.9890 0.0020 0.0030 0.0020 0.0020 0.0020 
2644     2644   (0)     29 :  0.9760 0.0040 0.0080 0.0020 0.0040 0.0060 
2645     2645   (0)     29 :  0.9798 0.0040 0.0062 0.0020 0.0020 0.0060 
2646     2646   (0)     29 :  0.9850 0.0030 0.0040 0.0020 0.0020 0.0040 
2647     2647   (0)     29 :  0.9890 0.0020 0.0020 0.0020 0.0020 0.0030 
2648     2648   (0)     29 :  0.9860 0.0030 0.0020 0.0020 0.0030 0.0040 
2649     2649   (0)     29 :  0.9880 0.0030 0.0030 0.0020 0.0020 0.0020 
2650     2650   (0)     29 :  0.9880 0.0020 0.0030 0.0020 0.0020 0.0030 
2651     2651   (0)     29 :  0.9870 0.0030 0.0030 0.0020 0.0020 0.0030 
2652     2652   (0)     29 :  0.9870 0.0030 0.0030 0.0030 0.0020 0.0020 
2653     2653   (0)     29 :  0.9850 0.0040 0.0030 0.0030 0.0020 0.0030 
2654     2654   (0)     29 :  0.9880 0.0030 0.0030 0.0020 0.0020 0.0020 
2655     2655   (0)     29 :  0.9850 0.0020 0.0030 0.0030 0.0020 0.0050 
2656     2656   (0)     29 :  0.9830 0.0030 0.0030 0.0050 0.0030 0.0030 
2657     2657   (0)     29 :  0.9870 0.0030 0.0030 0.0020 0.0020 0.0030 
2658     2658   (0)     29 :  0.9900 0.0020 0.0020 0.0020 0.0020 0.0020 
2659     2659   (0)     29 :  0.9830 0.0030 0.0050 0.0040 0.0030 0.0020 
2660     2660   (0)     29 :  0.9890 0.0030 0.0020 0.0020 0.0020 0.0020 
2661     2661   (0)     29 :  0.9786 0.0040 0.0060 0.0040 0.0030 0.0044 
2662     2662   (0)     29 :  0.9730 0.0030 0.0050 0.0050 0.0100 0.0040 
2663     2663   (0)     29 :  0.9860 0.0030 0.0030 0.0030 0.0020 0.0030 
2664     2664   (0)     29 :  0.9780 0.0040 0.0060 0.0020 0.0040 0.0060 
2665     2665   (0)     29 :  0.9890 0.0020 0.0030 0.0020 0.0020 0.0020 
2666     2666   (0)     29 :  0.9792 0.0040 0.0060 0.0040 0.0030 0.0038 
2667     2667   (0)     29 :  0.9890 0.0020 0.0030 0.0020 0.0020 0.0020 
2668     2668   (0)     29 :  0.9870 0.0030 0.0030 0.0020 0.0020 0.0030 
2669     2669   (0)     29 :  0.9880 0.0020 0.0030 0.0020 0.0020 0.0030 
2670     2670   (0)     29 :  0.9850 0.0020 0.0040 0.0020 0.0020 0.0050 
2671     2671   (0)     29 :  0.9890 0.0020 0.0020 0.0020 0.0020 0.0030 
2672     2672   (0)     29 :  0.9870 0.0020 0.0030 0.0030 0.0020 0.0030 
2673     2673   (0)     29 :  0.9900 0.0020 0.0020 0.0020 0.0020 0.0020 
2674     2674   (0)     29 :  0.9888 0.0030 0.0020 0.0020 0.0020 0.0022 
2675     2675   (0)     29 :  0.9840 0.0030 0.0030 0.0020 0.0020 0.0060 
2676     2676   (0)     29 :  0.9880 0.0020 0.0030 0.0020 0.0020 0.0030 
2677     2677   (0)     29 :  0.9890 0.0020 0.0020 0.0020 0.0030 0.0020 
2678     2678   (0)     29 :  0.9880 0.0030 0.0020 0.0020 0.0020 0.0030 
2679     2679   (0)     29 :  0.9768 0.0030 0.0042 0.0030 0.0040 0.0090 
2680     2680   (0)     29 :  0.9860 0.0030 0.0050 0.0020 0.0020 0.0020 
2681     2681   (0)     29 :  0.9900 0.0020 0.0020 0.0020 0.0020 0.0020 
2682     2682   (0)     29 :  0.9670 0.0090 0.0090 0.0040 0.0060 0.0050 
2683     2683   (0)     29 :  0.9860 0.0030 0.0030 0.0020 0.0030 0.0030 
2684     2684   (0)     29 :  0.9880 0.0020 0.0030 0.0030 0.0020 0.0020 
2685     2685   (0)     29 :  0.9880 0.0020 0.0030 0.0030 0.0020 0.0020 
2686     2686   (0)     29 :  0.9722 0.0060 0.0072 0.0030 0.0052 0.0064 
2687     2687   (0)     29 :  0.9826 0.0044 0.0040 0.0020 0.0020 0.0050 
2688     2688   (0)     29 :  0.9872 0.0030 0.0038 0.0020 0.0020 0.0020 
2689     2689   (0)     29 :  0.9890 0.0030 0.0020 0.0020 0.0020 0.0020 
2690     2690   (0)     29 :  0.9870 0.0030 0.0040 0.0020 0.0020 0.0020 
2691     2691   (0)     29 :  0.9670 0.0060 0.0090 0.0050 0.0030 0.0100 
2692     2692   (0)     29 :  0.9890 0.0020 0.0030 0.0020 0.0020 0.0020 
2693     2693   (0)     29 :  0.9870 0.0030 0.0030 0.0020 0.0020 0.0030 
2694     2694   (0)     29 :  0.9852 0.0030 0.0030 0.0030 0.0028 0.0030 
2695     2695   (0)     29 :  0.9870 0.0030 0.0030 0.0020 0.0020 0.0030 
2696     2696   (0)     29 :  0.9700 0.0080 0.0060 0.0040 0.0060 0.0060 
2697     2697   (0)     29 :  0.9530 0.0080 0.0050 0.0050 0.0090 0.0200 
2698     2698   (0)     29 :  0.9880 0.0020 0.0040 0.0020 0.0020 0.0020 
2699     2699   (0)     29 :  0.9810 0.0050 0.0040 0.0040 0.0020 0.0040 
2700     2700   (0)     29 :  0.9826 0.0060 0.0030 0.0024 0.0030 0.0030 
2701     2701   (0)     29 :  0.9860 0.0020 0.0050 0.0020 0.0030 0.0020 
2702     2702   (0)     29 :  0.9858 0.0020 0.0040 0.0020 0.0032 0.0030 
2703     2703   (0)     29 :  0.9860 0.0030 0.0030 0.0030 0.0030 0.0020 
2704     2704   (0)     29 :  0.9880 0.0020 0.0030 0.0020 0.0020 0.0030 
2705     2705   (0)     29 :  0.9850 0.0030 0.0030 0.0030 0.0020 0.0040 
2706     2706   (0)     29 :  0.9830 0.0030 0.0030 0.0030 0.0050 0.0030 
2707     2707   (0)     29 :  0.9898 0.0020 0.0022 0.0020 0.0020 0.0020 
2708     2708   (0)     29 :  0.9870 0.0030 0.0030 0.0020 0.0020 0.0030 
2709     2709   (0)     29 :  0.9790 0.0050 0.0060 0.0040 0.0020 0.0040 
2710     2710   (0)     29 :  0.9890 0.0020 0.0030 0.0020 0.0020 0.0020 
2711     2711   (0)     29 :  0.9890 0.0020 0.0030 0.0020 0.0020 0.0020 
2712     2712   (0)     29 :  0.9612 0.0076 0.0060 0.0040 0.0152 0.0060 
2713     2713   (0)     29 :  0.9890 0.0020 0.0030 0.0020 0.0020 0.0020 
2714     2714   (0)     29 :  0.9890 0.0020 0.0030 0.0020 0.0020 0.0020 
2715     2715   (0)     29 :  0.9890 0.0030 0.0020 0.0020 0.0020 0.0020 
2716     2716   (0)     29 :  0.9858 0.0020 0.0050 0.0030 0.0020 0.0022 
2717     2717   (0)     29 :  0.9874 0.0036 0.0020 0.0030 0.0020 0.0020 
2718     2718   (0)     29 :  0.9860 0.0030 0.0030 0.0030 0.0030 0.0020 
2719     2719   (0)     29 :  0.9860 0.0030 0.0030 0.0020 0.0020 0.0040 
2720     2720   (0)     29 :  0.9860 0.0030 0.0040 0.0030 0.0020 0.0020 
2721     2721   (0)     29 :  0.9704 0.0050 0.0040 0.0056 0.0120 0.0030 
2722     2722   (0)     29 :  0.9886 0.0020 0.0024 0.0020 0.0020 0.0030 
2723     2723   (0)     29 :  0.9830 0.0040 0.0040 0.0030 0.0030 0.0030 
2724     2724   (0)     29 :  0.9810 0.0030 0.0050 0.0030 0.0040 0.0040 
2725     2725   (0)     29 :  0.9800 0.0030 0.0070 0.0020 0.0020 0.0060 
2726     2726   (0)     29 :  0.9890 0.0020 0.0020 0.0020 0.0020 0.0030 
2727     2727   (0)     29 :  0.9770 0.0050 0.0060 0.0040 0.0030 0.0050 
2728     2728   (0)     29 :  0.9880 0.0020 0.0030 0.0020 0.0020 0.0030 
2729     2729   (0)     29 :  0.9890 0.0020 0.0020 0.0020 0.0020 0.0030 
2730     2730   (0)     29 :  0.9357 0.0160 0.0060 0.0040 0.0312 0.0070 
2731     2731   (0)     29 :  0.9820 0.0040 0.0040 0.0020 0.0030 0.0050 
2732     2732   (0)     29 :  0.9880 0.0030 0.0030 0.0020 0.0020 0.0020 
2733     2733   (0)     29 :  0.9880 0.0030 0.0030 0.0020 0.0020 0.0020 
2734     2734   (0)     29 :  0.9820 0.0030 0.0050 0.0020 0.0060 0.0020 
2735     2735   (0)     29 :  0.9850 0.0030 0.0030 0.0030 0.0040 0.0020 
2736     2736   (0)     29 :  0.9908 0.0020 0.0020 0.0020 0.0012 0.0020 
2737     2737   (0)     29 :  0.9880 0.0020 0.0030 0.0020 0.0020 0.0030 
2738     2738   (0)     29 :  0.9810 0.0030 0.0070 0.0030 0.0030 0.0030 
2739     2739   (0)     29 :  0.9481 0.0140 0.0080 0.0070 0.0060 0.0170 
2740     2740   (0)     29 :  0.9882 0.0020 0.0028 0.0030 0.0020 0.0020 
2741     2741   (0)     29 :  0.9890 0.0020 0.0020 0.0020 0.0020 0.0030 
2742     2742   (0)     29 :  0.9490 0.0080 0.0130 0.0020 0.0140 0.0140 
2743     2743   (0)     29 :  0.9880 0.0030 0.0030 0.0020 0.0020 0.0020 
2744     2744   (0)     29 :  0.9890 0.0020 0.0020 0.0020 0.0020 0.0030 
2745     2745   (0)     29 :  0.9810 0.0060 0.0050 0.0020 0.0040 0.0020 
2746     2746   (0)     29 :  0.9860 0.0040 0.0030 0.0020 0.0020 0.0030 
2747     2747   (0)     29 :  0.9830 0.0020 0.0040 0.0020 0.0030 0.0060 
2748     2748   (0)     29 :  0.9880 0.0020 0.0030 0.0020 0.0020 0.0030 
2749     2749   (0)     29 :  0.9870 0.0020 0.0030 0.0030 0.0020 0.0030 
2750     2750   (0)     29 :  0.9900 0.0020 0.0020 0.0020 0.0020 0.0020 
2751     2751   (0)     29 :  0.9890 0.0020 0.0020 0.0020 0.0020 0.0030 
2752     2752   (0)     29 :  0.9890 0.0020 0.0030 0.0020 0.0020 0.0020 
2753     2753   (0)     29 :  0.9890 0.0020 0.0020 0.0020 0.0020 0.0030 
2754     2754   (0)     29 :  0.9900 0.0020 0.0020 0.0020 0.0020 0.0020 
2755     2755   (0)     29 :  0.9898 0.0020 0.0022 0.0020 0.0020 0.0020 
2756     2756   (0)     29 :  0.9890 0.0020 0.0020 0.0030 0.0020 0.0020 
2757     2757   (0)     29 :  0.9900 0.0020 0.0020 0.0020 0.0020 0.0020 
2758     2758   (0)     29 :  0.9900 0.0020 0.0020 0.0020 0.0020 0.0020 
2759     2759   (0)     29 :  0.9860 0.0040 0.0040 0.0020 0.0020 0.0020 
2760     2760   (0)     29 :  0.9798 0.0040 0.0036 0.0020 0.0040 0.0066 
2761     2761   (0)     29 :  0.9890 0.0030 0.0020 0.0020 0.0020 0.0020 
2762     2762   (0)     29 :  0.9860 0.0030 0.0030 0.0030 0.0020 0.0030 
2763     2763   (0)     29 :  0.9860 0.0020 0.0040 0.0020 0.0030 0.0030 
2764     2764   (0)     29 :  0.9870 0.0030 0.0030 0.0020 0.0020 0.0030 
2765     2765   (0)     29 :  0.9860 0.0020 0.0030 0.0020 0.0050 0.0020 
2766     2766   (0)     29 :  0.9830 0.0040 0.0030 0.0030 0.0030 0.0040 
2767     2767   (0)     29 :  0.9750 0.0040 0.0040 0.0030 0.0050 0.0090 
2768     2768   (0)     29 :  0.9590 0.0100 0.0110 0.0040 0.0100 0.0060 
2769     2769   (0)     29 :  0.9870 0.0020 0.0030 0.0020 0.0020 0.0040 
2770     2770   (0)     29 :  0.9840 0.0040 0.0040 0.0030 0.0020 0.0030 
2771     2771   (0)     29 :  0.9900 0.0020 0.0020 0.0020 0.0020 0.0020 
2772     2772   (0)     29 :  0.9145 0.0030 0.0028 0.0040 0.0727 0.0030 
2773     2773   (0)     29 :  0.9838 0.0020 0.0040 0.0020 0.0052 0.0030 
2774     2774   (0)     29 :  0.9880 0.0030 0.0030 0.0020 0.0020 0.0020 
2775     2775   (0)     29 :  0.9850 0.0030 0.0040 0.0030 0.0020 0.0030 
2776     2776   (0)     29 :  0.9880 0.0020 0.0030 0.0020 0.0020 0.0030 
2777     2777   (0)     29 :  0.9900 0.0020 0.0020 0.0020 0.0020 0.0020 
2778     2778   (0)     29 :  0.9880 0.0020 0.0030 0.0030 0.0020 0.0020 
2779     2779   (0)     29 :  0.9760 0.0060 0.0060 0.0030 0.0050 0.0040 
2780     2780   (0)     29 :  0.9878 0.0020 0.0030 0.0022 0.0030 0.0020 
2781     2781   (0)     29 :  0.9890 0.0020 0.0030 0.0020 0.0020 0.0020 
2782     2782   (0)     29 :  0.9840 0.0030 0.0040 0.0030 0.0020 0.0040 
2783     2783   (0)     29 :  0.9670 0.0080 0.0070 0.0030 0.0070 0.0080 
2784     2784   (0)     29 :  0.9810 0.0030 0.0040 0.0040 0.0030 0.0050 
2785     2785   (0)     29 :  0.9830 0.0030 0.0030 0.0020 0.0070 0.0020 
2786     2786   (0)     29 :  0.9860 0.0020 0.0020 0.0030 0.0040 0.0030 
2787     2787   (0)     29 :  0.9840 0.0050 0.0030 0.0030 0.0020 0.0030 
2788     2788   (0)     29 :  0.9870 0.0020 0.0030 0.0030 0.0020 0.0030 
2789     2789   (0)     29 :  0.9880 0.0030 0.0030 0.0020 0.0020 0.0020 
2790     2790   (0)     29 :  0.9840 0.0030 0.0050 0.0020 0.0020 0.0040 
2791     2791   (0)     29 :  0.9880 0.0030 0.0030 0.0020 0.0020 0.0020 
2792     2792   (0)     29 :  0.9880 0.0020 0.0030 0.0020 0.0020 0.0030 
2793     2793   (0)     29 :  0.9870 0.0020 0.0020 0.0030 0.0040 0.0020 
2794     2794   (0)     29 :  0.9770 0.0030 0.0070 0.0030 0.0030 0.0070 
2795     2795   (0)     29 :  0.9900 0.0020 0.0020 0.0020 0.0020 0.0020 
2796     2796   (0)     29 :  0.9890 0.0020 0.0030 0.0020 0.0020 0.0020 
2797     2797   (0)     29 :  0.9900 0.0020 0.0020 0.0020 0.0020 0.0020 
2798     2798   (0)     29 :  0.9850 0.0030 0.0020 0.0040 0.0030 0.0030 
2799     2799   (0)     29 :  0.9830 0.0030 0.0040 0.0030 0.0030 0.0040 
2800     2800   (0)     29 :  0.9900 0.0020 0.0020 0.0020 0.0020 0.0020 
2801     2801   (0)     29 :  0.9674 0.0050 0.0058 0.0040 0.0080 0.0098 
2802     2802   (0)     29 :  0.9890 0.0020 0.0030 0.0020 0.0020 0.0020 
2803     2803   (0)     29 :  0.9644 0.0090 0.0064 0.0062 0.0060 0.0080 
2804     2804   (0)     29 :  0.9880 0.0030 0.0030 0.0020 0.0020 0.0020 
2805     2805   (0)     29 :  0.9878 0.0020 0.0030 0.0020 0.0030 0.0022 
2806     2806   (0)     29 :  0.9870 0.0030 0.0030 0.0030 0.0020 0.0020 
2807     2807   (0)     29 :  0.9830 0.0050 0.0040 0.0030 0.0020 0.0030 
2808     2808   (0)     29 :  0.9870 0.0030 0.0030 0.0020 0.0030 0.0020 
2809     2809   (0)     29 :  0.9840 0.0030 0.0030 0.0030 0.0030 0.0040 
2810     2810   (0)     29 :  0.9890 0.0020 0.0030 0.0020 0.0020 0.0020 
2811     2811   (0)     29 :  0.9820 0.0030 0.0040 0.0040 0.0040 0.0030 
2812     2812   (0)     29 :  0.9810 0.0040 0.0070 0.0020 0.0020 0.0040 
2813     2813   (0)     29 :  0.9864 0.0020 0.0030 0.0020 0.0038 0.0028 
2814     2814   (0)     29 :  0.9890 0.0020 0.0030 0.0020 0.0020 0.0020 
2815     2815   (0)     29 :  0.9650 0.0050 0.0080 0.0030 0.0050 0.0140 
2816     2816   (0)     29 :  0.9900 0.0020 0.0020 0.0020 0.0020 0.0020 
2817     2817   (0)     29 :  0.9740 0.0100 0.0050 0.0040 0.0020 0.0050 
2818     2818   (0)     29 :  0.9870 0.0030 0.0030 0.0020 0.0030 0.0020 
2819     2819   (0)     29 :  0.9870 0.0030 0.0030 0.0020 0.0020 0.0030 
2820     2820   (0)     29 :  0.9812 0.0030 0.0052 0.0030 0.0020 0.0056 
2821     2821   (0)     29 :  0.9880 0.0030 0.0030 0.0020 0.0020 0.0020 
2822     2822   (0)     29 :  0.9900 0.0020 0.0020 0.0020 0.0020 0.0020 
2823     2823   (0)     29 :  0.9680 0.0120 0.0040 0.0060 0.0060 0.0040 
2824     2824   (0)     29 :  0.9854 0.0026 0.0030 0.0030 0.0030 0.0030 
2825     2825   (0)     29 :  0.9894 0.0020 0.0030 0.0020 0.0016 0.0020 
2826     2826   (0)     29 :  0.9468 0.0080 0.0110 0.0042 0.0110 0.0190 
2827     2827   (0)     29 :  0.9888 0.0022 0.0030 0.0020 0.0020 0.0020 
2828     2828   (0)     29 :  0.9890 0.0020 0.0020 0.0020 0.0030 0.0020 
2829     2829   (0)     29 :  0.9890 0.0020 0.0020 0.0020 0.0020 0.0030 
2830     2830   (0)     29 :  0.9900 0.0020 0.0020 0.0020 0.0020 0.0020 
2831     2831   (0)     29 :  0.9840 0.0030 0.0050 0.0020 0.0030 0.0030 
2832     2832   (0)     29 :  0.9880 0.0020 0.0030 0.0020 0.0030 0.0020 
2833     2833   (0)     29 :  0.9880 0.0020 0.0030 0.0020 0.0030 0.0020 
2834     2834   (0)     29 :  0.9750 0.0050 0.0060 0.0020 0.0050 0.0070 
2835     2835   (0)     29 :  0.9798 0.0030 0.0082 0.0020 0.0020 0.0050 
2836     2836   (0)     29 :  0.9788 0.0050 0.0050 0.0020 0.0040 0.0052 
2837     2837   (0)     29 :  0.9884 0.0020 0.0030 0.0020 0.0016 0.0030 
2838     2838   (0)     29 :  0.9870 0.0030 0.0040 0.0020 0.0020 0.0020 
2839     2839   (0)     29 :  0.9856 0.0030 0.0030 0.0030 0.0024 0.0030 
2840     2840   (0)     29 :  0.9870 0.0030 0.0030 0.0020 0.0030 0.0020 
2841     2841   (0)     29 :  0.9880 0.0020 0.0030 0.0020 0.0030 0.0020 
2842     2842   (0)     29 :  0.9870 0.0030 0.0030 0.0020 0.0020 0.0030 
2843     2843   (0)     29 :  0.9672 0.0040 0.0030 0.0030 0.0188 0.0040 
2844     2844   (0)     29 :  0.9860 0.0020 0.0040 0.0030 0.0030 0.0020 
2845     2845   (0)     29 :  0.9860 0.0020 0.0030 0.0020 0.0040 0.0030 
2846     2846   (0)     29 :  0.9840 0.0040 0.0030 0.0020 0.0030 0.0040 
2847     2847   (0)     29 :  0.9850 0.0030 0.0030 0.0030 0.0030 0.0030 
2848     2848   (0)     29 :  0.9870 0.0030 0.0040 0.0020 0.0020 0.0020 
2849     2849   (0)     29 :  0.9880 0.0020 0.0040 0.0020 0.0020 0.0020 
2850     2850   (0)     29 :  0.9890 0.0020 0.0030 0.0020 0.0020 0.0020 
2851     2851   (0)     29 :  0.9850 0.0030 0.0030 0.0020 0.0040 0.0030 
2852     2852   (0)     29 :  0.9900 0.0020 0.0020 0.0020 0.0020 0.0020 
2853     2853   (0)     29 :  0.9730 0.0070 0.0080 0.0030 0.0040 0.0050 
2854     2854   (0)     29 :  0.9890 0.0020 0.0020 0.0020 0.0020 0.0030 
2855     2855   (0)     29 :  0.9850 0.0030 0.0040 0.0030 0.0030 0.0020 
2856     2856   (0)     29 :  0.9900 0.0020 0.0020 0.0020 0.0020 0.0020 
2857     2857   (0)     29 :  0.9880 0.0020 0.0030 0.0020 0.0030 0.0020 
2858     2858   (0)     29 :  0.9840 0.0030 0.0030 0.0030 0.0040 0.0030 
2859     2859   (0)     29 :  0.9862 0.0030 0.0030 0.0020 0.0020 0.0038 
2860     2860   (0)     29 :  0.9870 0.0020 0.0030 0.0020 0.0020 0.0040 
2861     2861   (0)     29 :  0.9742 0.0060 0.0050 0.0040 0.0068 0.0040 
2862     2862   (0)     29 :  0.9846 0.0030 0.0040 0.0020 0.0034 0.0030 
2863     2863   (0)     29 :  0.9890 0.0020 0.0030 0.0020 0.0020 0.0020 
2864     2864   (0)     29 :  0.9830 0.0030 0.0050 0.0020 0.0040 0.0030 
2865     2865   (0)     29 :  0.9860 0.0030 0.0030 0.0020 0.0030 0.0030 
2866     2866   (0)     29 :  0.9792 0.0028 0.0070 0.0030 0.0040 0.0040 
2867     2867   (0)     29 :  0.9890 0.0020 0.0020 0.0020 0.0030 0.0020 
2868     2868   (0)     29 :  0.9900 0.0020 0.0020 0.0020 0.0020 0.0020 
2869     2869   (0)     29 :  0.9576 0.0050 0.0042 0.0060 0.0202 0.0070 
2870     2870   (0)     29 :  0.9880 0.0020 0.0030 0.0020 0.0020 0.0030 
2871     2871   (0)     29 :  0.9890 0.0020 0.0030 0.0020 0.0020 0.0020 
2872     2872   (0)     29 :  0.9830 0.0050 0.0030 0.0020 0.0030 0.0040 
2873     2873   (0)     29 :  0.9860 0.0040 0.0038 0.0020 0.0022 0.0020 
2874     2874   (0)     29 :  0.9820 0.0030 0.0030 0.0040 0.0040 0.0040 
2875     2875   (0)     29 :  0.9830 0.0030 0.0040 0.0020 0.0030 0.0050 
2876     2876   (0)     29 :  0.9860 0.0030 0.0040 0.0020 0.0020 0.0030 
2877     2877   (0)     29 :  0.9900 0.0020 0.0020 0.0020 0.0020 0.0020 
2878     2878   (0)     29 :  0.9860 0.0020 0.0030 0.0020 0.0040 0.0030 
2879     2879   (0)     29 :  0.9840 0.0030 0.0030 0.0030 0.0040 0.0030 
2880     2880   (0)     29 :  0.9890 0.0020 0.0020 0.0020 0.0030 0.0020 
2881     2881   (0)     29 :  0.9880 0.0020 0.0030 0.0020 0.0020 0.0030 
2882     2882   (0)     29 :  0.9860 0.0030 0.0040 0.0020 0.0020 0.0030 
2883     2883   (0)     29 :  0.9874 0.0030 0.0030 0.0020 0.0026 0.0020 
2884     2884   (0)     29 :  0.9890 0.0020 0.0020 0.0020 0.0020 0.0030 
2885     2885   (0)     29 :  0.9900 0.0020 0.0020 0.0020 0.0020 0.0020 
2886     2886   (0)     29 :  0.9888 0.0020 0.0022 0.0020 0.0020 0.0030 
2887     2887   (0)     29 :  0.9860 0.0030 0.0050 0.0020 0.0020 0.0020 
2888     2888   (0)     29 :  0.9890 0.0020 0.0030 0.0020 0.0020 0.0020 
2889     2889   (0)     29 :  0.9870 0.0030 0.0030 0.0020 0.0020 0.0030 
2890     2890   (0)     29 :  0.9784 0.0050 0.0050 0.0030 0.0050 0.0036 
2891     2891   (0)     29 :  0.9880 0.0030 0.0030 0.0020 0.0020 0.0020 
2892     2892   (0)     29 :  0.9900 0.0020 0.0020 0.0020 0.0020 0.0020 
2893     2893   (0)     29 :  0.9890 0.0020 0.0030 0.0020 0.0020 0.0020 
2894     2894   (0)     29 :  0.9880 0.0020 0.0030 0.0020 0.0020 0.0030 
2895     2895   (0)     29 :  0.9880 0.0030 0.0030 0.0020 0.0020 0.0020 
2896     2896   (0)     29 :  0.9860 0.0030 0.0030 0.0020 0.0030 0.0030 
2897     2897   (0)     29 :  0.9890 0.0020 0.0030 0.0020 0.0020 0.0020 
2898     2898   (0)     29 :  0.9886 0.0020 0.0020 0.0024 0.0020 0.0030 
2899     2899   (0)     29 :  0.9728 0.0052 0.0050 0.0030 0.0090 0.0050 
2900     2900   (0)     29 :  0.9820 0.0030 0.0030 0.0020 0.0070 0.0030 
2901     2901   (0)     29 :  0.9840 0.0030 0.0060 0.0020 0.0020 0.0030 
2902     2902   (0)     29 :  0.9740 0.0030 0.0060 0.0090 0.0030 0.0050 
2903     2903   (0)     29 :  0.9802 0.0040 0.0058 0.0030 0.0030 0.0040 
2904     2904   (0)     29 :  0.9870 0.0030 0.0030 0.0020 0.0020 0.0030 
2905     2905   (0)     29 :  0.9854 0.0040 0.0026 0.0020 0.0030 0.0030 
2906     2906   (0)     29 :  0.9850 0.0030 0.0040 0.0020 0.0030 0.0030 
2907     2907   (0)     29 :  0.9870 0.0030 0.0030 0.0020 0.0020 0.0030 
2908     2908   (0)     29 :  0.9882 0.0030 0.0030 0.0018 0.0020 0.0020 
2909     2909   (0)     29 :  0.9900 0.0020 0.0020 0.0020 0.0020 0.0020 
2910     2910   (0)     29 :  0.9870 0.0020 0.0030 0.0020 0.0030 0.0030 
2911     2911   (0)     29 :  0.9876 0.0020 0.0040 0.0024 0.0020 0.0020 
2912     2912   (0)     29 :  0.9850 0.0030 0.0030 0.0030 0.0040 0.0020 
2913     2913   (0)     29 :  0.9892 0.0020 0.0020 0.0020 0.0020 0.0028 
2914     2914   (0)     29 :  0.9890 0.0020 0.0030 0.0020 0.0020 0.0020 
2915     2915   (0)     29 :  0.9846 0.0034 0.0030 0.0030 0.0030 0.0030 
2916     2916   (0)     29 :  0.9900 0.0020 0.0020 0.0020 0.0020 0.0020 
2917     2917   (0)     29 :  0.9880 0.0030 0.0030 0.0020 0.0020 0.0020 
2918     2918   (0)     29 :  0.9840 0.0020 0.0040 0.0020 0.0030 0.0050 
2919     2919   (0)     29 :  0.9870 0.0020 0.0040 0.0020 0.0020 0.0030 
2920     2920   (0)     29 :  0.9884 0.0020 0.0030 0.0020 0.0020 0.0026 
2921     2921   (0)     29 :  0.9886 0.0020 0.0024 0.0020 0.0020 0.0030 
2922     2922   (0)     29 :  0.9860 0.0030 0.0030 0.0030 0.0030 0.0020 
2923     2923   (0)     29 :  0.9874 0.0030 0.0026 0.0020 0.0020 0.0030 
2924     2924   (0)     29 :  0.9890 0.0020 0.0020 0.0020 0.0020 0.0030 
2925     2925   (0)     29 :  0.9890 0.0030 0.0020 0.0020 0.0020 0.0020 
2926     2926   (5)     30 :  0.0030 0.0030 0.0020 0.0020 0.9880 0.0020 
2927     2927   (0)     30 :  0.0030 0.0030 0.0020 0.0020 0.9870 0.0030 
2928     2928   (0)     30 :  0.0050 0.0040 0.0050 0.0030 0.9736 0.0094 
2929     2929   (0)     30 :  0.0020 0.0030 0.0020 0.0020 0.9890 0.0020 
2930     2930   (5)     30 :  0.0030 0.0060 0.0040 0.0040 0.9196 0.0634 
2931     2931   (0)     30 :  0.0020 0.0020 0.0020 0.0020 0.9890 0.0030 
2932     2932   (0)     30 :  0.0020 0.0020 0.0020 0.0040 0.9880 0.0020 
2933     2933   (0)     30 :  0.0020 0.0030 0.0030 0.0020 0.9840 0.0060 
2934     2934   (0)     30 :  0.0030 0.0020 0.0030 0.0030 0.9840 0.0050 
2935     2935   (0)     30 :  0.0026 0.0020 0.0020 0.0030 0.9874 0.0030 
2936     2936   (0)     30 :  0.0020 0.0030 0.0020 0.0020 0.9890 0.0020 
2937     2937   (0)     30 :  0.0020 0.0030 0.0020 0.0020 0.9880 0.0030 
2938     2938   (5)     30 :  0.0020 0.0040 0.0040 0.0030 0.9830 0.0040 
2939     2939   (0)     30 :  0.0030 0.0020 0.0020 0.0020 0.9880 0.0030 
2940     2940   (0)     30 :  0.0020 0.0030 0.0030 0.0030 0.9850 0.0040 
2941     2941   (0)     30 :  0.0020 0.0020 0.0020 0.0020 0.9900 0.0020 
2942     2942   (0)     30 :  0.0020 0.0060 0.0040 0.0030 0.9820 0.0030 
2943     2943   (0)     30 :  0.0030 0.0030 0.0020 0.0020 0.9850 0.0050 
2944     2944   (0)     30 :  0.0060 0.0030 0.0040 0.0030 0.9790 0.0050 
2945     2945   (0)     30 :  0.0060 0.0272 0.0090 0.0030 0.9410 0.0138 
2946     2946   (0)     30 :  0.0020 0.0030 0.0030 0.0020 0.9854 0.0046 
2947     2947   (0)     30 :  0.0030 0.0030 0.0020 0.0020 0.9880 0.0020 
2948     2948   (0)     30 :  0.0100 0.0100 0.0090 0.0030 0.9590 0.0090 
2949     2949   (0)     30 :  0.0040 0.0060 0.0040 0.0070 0.9660 0.0130 
2950     2950   (0)     30 :  0.0020 0.0020 0.0020 0.0020 0.9900 0.0020 
2951     2951   (0)     30 :  0.0070 0.0050 0.0046 0.0030 0.9674 0.0130 
2952     2952   (0)     30 :  0.0020 0.0030 0.0020 0.0020 0.9870 0.0040 
2953     2953   (0)     31 :  0.0020 0.0030 0.0020 0.0020 0.9880 0.0030 
2954     2954   (0)     31 :  0.0020 0.0020 0.0020 0.0020 0.9900 0.0020 
2955     2955   (0)     31 :  0.0020 0.0030 0.0020 0.0030 0.9870 0.0030 
2956     2956   (0)     31 :  0.0020 0.0030 0.0020 0.0030 0.9870 0.0030 
2957     2957   (0)     31 :  0.0020 0.0040 0.0030 0.0030 0.9810 0.0070 
2958     2958   (0)     31 :  0.0020 0.0020 0.0020 0.0020 0.9890 0.0030 
2959     2959   (0)     31 :  0.0020 0.0020 0.0030 0.0020 0.9870 0.0040 
2960     2960   (0)     31 :  0.0020 0.0020 0.0020 0.0020 0.9900 0.0020 
2961     2961   (0)     31 :  0.0052 0.0050 0.0050 0.0020 0.9748 0.0080 
2962     2962   (0)     31 :  0.0060 0.0050 0.0040 0.0054 0.9756 0.0040 
2963     2963   (0)     31 :  0.0040 0.0030 0.0040 0.0020 0.9790 0.0080 
2964     2964   (0)     31 :  0.0030 0.0040 0.0030 0.0020 0.9820 0.0060 
2965     2965   (0)     31 :  0.0020 0.0030 0.0020 0.0030 0.9860 0.0040 
2966     2966   (0)     31 :  0.0020 0.0030 0.0020 0.0020 0.9880 0.0030 
2967     2967   (0)     31 :  0.0020 0.0030 0.0030 0.0020 0.9860 0.0040 
2968     2968   (0)     31 :  0.0020 0.0020 0.0020 0.0030 0.9890 0.0020 
2969     2969   (0)     31 :  0.0030 0.0030 0.0030 0.0020 0.9860 0.0030 
2970     2970   (0)     31 :  0.0026 0.0020 0.0030 0.0020 0.9864 0.0040 
2971     2971   (0)     31 :  0.0020 0.0020 0.0020 0.0020 0.9890 0.0030 
2972     2972   (0)     31 :  0.0080 0.0070 0.0040 0.0030 0.9720 0.0060 
2973     2973   (0)     31 :  0.0020 0.0020 0.0020 0.0020 0.9880 0.0040 
2974     2974   (0)     31 :  0.0020 0.0020 0.0020 0.0032 0.9878 0.0030 
2975     2975   (0)     31 :  0.0020 0.0030 0.0030 0.0030 0.9860 0.0030 
2976     2976   (0)     31 :  0.0030 0.0030 0.0044 0.0020 0.9736 0.0140 
2977     2977   (0)     31 :  0.0030 0.0070 0.0030 0.0030 0.9800 0.0040 
2978     2978   (0)     31 :  0.0020 0.0020 0.0020 0.0030 0.9890 0.0020 
2979     2979   (0)     31 :  0.0070 0.0220 0.0070 0.0030 0.9399 0.0210 
2980     2980   (0)     31 :  0.0030 0.0020 0.0020 0.0020 0.9880 0.0030 
2981     2981   (0)     31 :  0.0040 0.0030 0.0030 0.0020 0.9850 0.0030 
2982     2982   (0)     31 :  0.0030 0.0030 0.0060 0.0030 0.9782 0.0068 
2983     2983   (0)     31 :  0.0080 0.0030 0.0034 0.0030 0.9786 0.0040 
2984     2984   (0)     31 :  0.0020 0.0030 0.0020 0.0030 0.9870 0.0030 
2985     2985   (0)     31 :  0.0020 0.0020 0.0020 0.0030 0.9880 0.0030 
2986     2986   (0)     31 :  0.0030 0.0030 0.0020 0.0026 0.9864 0.0030 
2987     2987   (0)     31 :  0.0020 0.0030 0.0030 0.0020 0.9860 0.0040 
2988     2988   (0)     31 :  0.0020 0.0020 0.0020 0.0020 0.9890 0.0030 
2989     2989   (0)     31 :  0.0020 0.0020 0.0020 0.0030 0.9880 0.0030 
2990     2990   (0)     31 :  0.0020 0.0020 0.0020 0.0020 0.9894 0.0026 
2991     2991   (0)     31 :  0.0030 0.0040 0.0050 0.0020 0.9730 0.0130 
2992     2992   (0)     31 :  0.0020 0.0030 0.0020 0.0020 0.9880 0.0030 
2993     2993   (0)     31 :  0.0020 0.0040 0.0020 0.0030 0.9860 0.0030 
2994     2994   (0)     31 :  0.0020 0.0036 0.0030 0.0020 0.9854 0.0040 
2995     2995   (0)     31 :  0.0028 0.0070 0.0060 0.0040 0.9752 0.0050 
2996     2996   (0)     31 :  0.0034 0.0028 0.0030 0.0020 0.9858 0.0030 
2997     2997   (0)     31 :  0.0050 0.0040 0.0020 0.0030 0.9830 0.0030 
2998     2998   (0)     31 :  0.0020 0.0020 0.0020 0.0020 0.9890 0.0030 
2999     2999   (0)     31 :  0.0020 0.0020 0.0020 0.0020 0.9900 0.0020 
3000     3000   (0)     31 :  0.0020 0.0040 0.0030 0.0024 0.9866 0.0020 
3001     3001   (0)     31 :  0.0050 0.0080 0.0044 0.0056 0.9730 0.0040 
3002     3002   (0)     31 :  0.0090 0.0050 0.0040 0.0020 0.9770 0.0030 
3003     3003   (0)     31 :  0.0020 0.0030 0.0020 0.0020 0.9890 0.0020 
3004     3004   (0)     31 :  0.0030 0.0030 0.0020 0.0020 0.9852 0.0048 
3005     3005   (0)     31 :  0.0020 0.0040 0.0030 0.0020 0.9860 0.0030 
3006     3006   (0)     31 :  0.0024 0.0020 0.0030 0.0020 0.9876 0.0030 
3007     3007   (0)     31 :  0.0030 0.0030 0.0020 0.0020 0.9870 0.0030 
3008     3008   (0)     31 :  0.0070 0.0030 0.0060 0.0030 0.9770 0.0040 
3009     3009   (0)     31 :  0.0020 0.0030 0.0030 0.0020 0.9860 0.0040 
3010     3010   (0)     31 :  0.0030 0.0050 0.0030 0.0020 0.9840 0.0030 
3011     3011   (0)     31 :  0.0040 0.0030 0.0030 0.0030 0.9810 0.0060 
3012     3012   (0)     31 :  0.0020 0.0030 0.0030 0.0020 0.9870 0.0030 
3013     3013   (0)     31 :  0.0020 0.0020 0.0020 0.0030 0.9890 0.0020 
3014     3014   (0)     31 :  0.0030 0.0030 0.0020 0.0020 0.9870 0.0030 
3015     3015   (0)     31 :  0.0036 0.0036 0.0020 0.0030 0.9848 0.0030 
3016     3016   (0)     31 :  0.0050 0.0032 0.0030 0.0020 0.9828 0.0040 
3017     3017   (0)     31 :  0.0040 0.0030 0.0030 0.0030 0.9830 0.0040 
3018     3018   (0)     31 :  0.0030 0.0040 0.0020 0.0080 0.9800 0.0030 
3019     3019   (0)     31 :  0.0020 0.0030 0.0020 0.0020 0.9880 0.0030 
3020     3020   (0)     31 :  0.0020 0.0020 0.0020 0.0020 0.9898 0.0022 
3021     3021   (0)     31 :  0.0056 0.0040 0.0070 0.0020 0.9724 0.0090 
3022     3022   (0)     31 :  0.0040 0.0040 0.0030 0.0030 0.9820 0.0040 
3023     3023   (0)     31 :  0.0042 0.0030 0.0030 0.0020 0.9828 0.0050 
3024     3024   (0)     31 :  0.0020 0.0020 0.0020 0.0020 0.9890 0.0030 
3025     3025   (0)     31 :  0.0040 0.0070 0.0030 0.0050 0.9780 0.0030 
3026     3026   (0)     31 :  0.0020 0.0020 0.0020 0.0020 0.9900 0.0020 
3027     3027   (0)     31 :  0.0040 0.0030 0.0040 0.0020 0.9840 0.0030 
3028     3028   (0)     31 :  0.0030 0.0030 0.0020 0.0020 0.9870 0.0030 
3029     3029   (0)     31 :  0.0020 0.0020 0.0020 0.0020 0.9880 0.0040 
3030     3030   (0)     31 :  0.0030 0.0040 0.0020 0.0020 0.9850 0.0040 
3031     3031   (0)     31 :  0.0030 0.0040 0.0030 0.0030 0.9840 0.0030 
3032     3032   (0)     31 :  0.0100 0.0040 0.0050 0.0020 0.9730 0.0060 
3033     3033   (0)     31 :  0.0020 0.0020 0.0020 0.0020 0.9900 0.0020 
3034     3034   (0)     31 :  0.0040 0.0050 0.0030 0.0020 0.9790 0.0070 
3035     3035   (0)     31 :  0.0020 0.0030 0.0020 0.0022 0.9878 0.0030 
3036     3036   (0)     31 :  0.0020 0.0030 0.0020 0.0030 0.9870 0.0030 
3037     3037   (0)     31 :  0.0020 0.0030 0.0020 0.0020 0.9860 0.0050 
3038     3038   (0)     31 :  0.0020 0.0030 0.0020 0.0020 0.9880 0.0030 
3039     3039   (0)     31 :  0.0030 0.0030 0.0030 0.0020 0.9850 0.0040 
3040     3040   (0)     31 :  0.0040 0.0030 0.0030 0.0020 0.9850 0.0030 
3041     3041   (0)     31 :  0.0040 0.0030 0.0030 0.0030 0.9810 0.0060 
3042     3042   (0)     31 :  0.0020 0.0020 0.0020 0.0020 0.9870 0.0050 
3043     3043   (0)     31 :  0.0020 0.0020 0.0020 0.0020 0.9890 0.0030 
3044     3044   (0)     31 :  0.0030 0.0030 0.0020 0.0040 0.9850 0.0030 
3045     3045   (0)     31 :  0.0020 0.0030 0.0020 0.0020 0.9868 0.0042 
3046     3046   (0)     31 :  0.0030 0.0020 0.0030 0.0020 0.9870 0.0030 
3047     3047   (0)     31 :  0.0020 0.0020 0.0020 0.0020 0.9892 0.0028 
3048     3048   (0)     31 :  0.0020 0.0034 0.0030 0.0020 0.9866 0.0030 
3049     3049   (0)     31 :  0.0020 0.0030 0.0020 0.0030 0.9860 0.0040 
3050     3050   (0)     31 :  0.0020 0.0030 0.0020 0.0040 0.9860 0.0030 
3051     3051   (0)     31 :  0.0020 0.0028 0.0020 0.0020 0.9892 0.0020 
3052     3052   (0)     31 :  0.0020 0.0020 0.0020 0.0020 0.9890 0.0030 
3053     3053   (0)     31 :  0.0030 0.0030 0.0030 0.0020 0.9830 0.0060 
3054     3054   (0)     31 :  0.0040 0.0050 0.0030 0.0030 0.9820 0.0030 
3055     3055   (0)     31 :  0.0020 0.0020 0.0020 0.0020 0.9900 0.0020 
3056     3056   (0)     31 :  0.0030 0.0040 0.0030 0.0030 0.9830 0.0040 
3057     3057   (0)     31 :  0.0070 0.0040 0.0050 0.0030 0.9740 0.0070 
3058     3058   (0)     31 :  0.0030 0.0030 0.0020 0.0040 0.9860 0.0020 
3059     3059   (0)     31 :  0.0020 0.0030 0.0020 0.0030 0.9868 0.0032 
3060     3060   (0)     31 :  0.0020 0.0030 0.0030 0.0020 0.9850 0.0050 
3061     3061   (0)     31 :  0.0030 0.0030 0.0020 0.0020 0.9870 0.0030 
3062     3062   (0)     31 :  0.0020 0.0030 0.0020 0.0030 0.9866 0.0034 
3063     3063   (0)     31 :  0.0040 0.0022 0.0030 0.0020 0.9858 0.0030 
3064     3064   (0)     31 :  0.0030 0.0030 0.0020 0.0030 0.9850 0.0040 
3065     3065   (0)     31 :  0.0020 0.0030 0.0020 0.0020 0.9888 0.0022 
3066     3066   (0)     31 :  0.0030 0.0020 0.0020 0.0020 0.9870 0.0040 
3067     3067   (0)     31 :  0.0020 0.0020 0.0020 0.0020 0.9900 0.0020 
3068     3068   (0)     31 :  0.0030 0.0030 0.0020 0.0030 0.9860 0.0030 
3069     3069   (0)     31 :  0.0020 0.0020 0.0020 0.0020 0.9890 0.0030 
3070     3070   (0)     31 :  0.0060 0.0030 0.0050 0.0030 0.9800 0.0030 
3071     3071   (0)     31 :  0.0050 0.0040 0.0030 0.0030 0.9800 0.0050 
3072     3072   (0)     31 :  0.0040 0.0040 0.0040 0.0030 0.9800 0.0050 
3073     3073   (0)     31 :  0.0020 0.0030 0.0020 0.0020 0.9870 0.0040 
3074     3074   (0)     31 :  0.0020 0.0020 0.0020 0.0020 0.9890 0.0030 
3075     3075   (0)     31 :  0.0020 0.0040 0.0030 0.0050 0.9830 0.0030 
3076     3076   (0)     31 :  0.0020 0.0020 0.0020 0.0024 0.9886 0.0030 
3077     3077   (0)     31 :  0.0020 0.0030 0.0020 0.0030 0.9870 0.0030 
3078     3078   (0)     31 :  0.0020 0.0040 0.0020 0.0030 0.9850 0.0040 
3079     3079   (0)     31 :  0.0030 0.0030 0.0020 0.0020 0.9870 0.0030 
3080     3080   (0)     31 :  0.0020 0.0020 0.0020 0.0020 0.9860 0.0060 
3081     3081   (0)     31 :  0.0030 0.0030 0.0020 0.0030 0.9860 0.0030 
3082     3082   (0)     31 :  0.0022 0.0024 0.0020 0.0020 0.9874 0.0040 
3083     3083   (0)     31 :  0.0020 0.0020 0.0020 0.0030 0.9890 0.0020 
3084     3084   (0)     31 :  0.0022 0.0020 0.0020 0.0020 0.9888 0.0030 
3085     3085   (0)     31 :  0.0030 0.0020 0.0020 0.0020 0.9880 0.0030 
3086     3086   (0)     31 :  0.0020 0.0020 0.0020 0.0020 0.9890 0.0030 
3087     3087   (0)     31 :  0.0028 0.0058 0.0030 0.0030 0.9794 0.0060 
3088     3088   (0)     31 :  0.0050 0.0030 0.0040 0.0020 0.9810 0.0050 
3089     3089   (0)     31 :  0.0060 0.0030 0.0030 0.0030 0.9820 0.0030 
3090     3090   (0)     31 :  0.0030 0.0050 0.0030 0.0020 0.9798 0.0072 
3091     3091   (0)     31 :  0.0020 0.0020 0.0020 0.0020 0.9886 0.0034 
3092     3092   (0)     31 :  0.0020 0.0020 0.0020 0.0020 0.9890 0.0030 
3093     3093   (0)     31 :  0.0030 0.0030 0.0040 0.0030 0.9760 0.0110 
3094     3094   (0)     31 :  0.0030 0.0050 0.0040 0.0020 0.9800 0.0060 
3095     3095   (0)     31 :  0.0030 0.0030 0.0020 0.0020 0.9830 0.0070 
3096     3096   (0)     31 :  0.0030 0.0030 0.0040 0.0020 0.9830 0.0050 
3097     3097   (0)     31 :  0.0030 0.0040 0.0040 0.0030 0.9820 0.0040 
3098     3098   (0)     31 :  0.0030 0.0030 0.0030 0.0020 0.9860 0.0030 
3099     3099   (0)     31 :  0.0020 0.0020 0.0020 0.0020 0.9890 0.0030 
3100     3100   (0)     31 :  0.0030 0.0020 0.0020 0.0030 0.9880 0.0020 
3101     3101   (0)     31 :  0.0030 0.0020 0.0020 0.0020 0.9880 0.0030 
3102     3102   (0)     31 :  0.0060 0.0040 0.0040 0.0040 0.9780 0.0040 
3103     3103   (0)     31 :  0.0030 0.0030 0.0020 0.0040 0.9844 0.0036 
3104     3104   (0)     31 :  0.0020 0.0020 0.0020 0.0020 0.9880 0.0040 
3105     3105   (0)     31 :  0.0030 0.0020 0.0020 0.0020 0.9890 0.0020 
3106     3106   (0)     31 :  0.0040 0.0080 0.0030 0.0020 0.9790 0.0040 
3107     3107   (0)     31 :  0.0020 0.0030 0.0030 0.0030 0.9860 0.0030 
3108     3108   (0)     31 :  0.0020 0.0020 0.0020 0.0020 0.9900 0.0020 
3109     3109   (0)     31 :  0.0050 0.0040 0.0060 0.0020 0.9740 0.0090 
3110     3110   (0)     31 :  0.0030 0.0060 0.0050 0.0030 0.9780 0.0050 
3111     3111   (0)     31 :  0.0030 0.0030 0.0030 0.0020 0.9850 0.0040 
3112     3112   (0)     31 :  0.0030 0.0020 0.0020 0.0020 0.9890 0.0020 
3113     3113   (0)     31 :  0.0020 0.0020 0.0020 0.0030 0.9880 0.0030 
3114     3114   (0)     31 :  0.0030 0.0030 0.0040 0.0020 0.9722 0.0158 
3115     3115   (0)     31 :  0.0030 0.0030 0.0020 0.0040 0.9850 0.0030 
3116     3116   (0)     31 :  0.0030 0.0030 0.0030 0.0020 0.9850 0.0040 
3117     3117   (0)     31 :  0.0060 0.0060 0.0030 0.0030 0.9780 0.0040 
3118     3118   (0)     31 :  0.0050 0.0030 0.0030 0.0030 0.9830 0.0030 
3119     3119   (0)     31 :  0.0020 0.0030 0.0020 0.0030 0.9868 0.0032 
3120     3120   (0)     31 :  0.0020 0.0020 0.0020 0.0020 0.9900 0.0020 
3121     3121   (0)     31 :  0.0020 0.0030 0.0020 0.0020 0.9880 0.0030 
3122     3122   (0)     31 :  0.0040 0.0040 0.0030 0.0030 0.9728 0.0132 
3123     3123   (0)     31 :  0.0030 0.0030 0.0040 0.0030 0.9830 0.0040 
3124     3124   (0)     31 :  0.0020 0.0020 0.0020 0.0030 0.9880 0.0030 
3125     3125   (0)     31 :  0.0030 0.0028 0.0030 0.0030 0.9842 0.0040 
3126     3126   (0)     31 :  0.0020 0.0020 0.0020 0.0020 0.9900 0.0020 
3127     3127   (0)     31 :  0.0030 0.0040 0.0050 0.0060 0.9660 0.0160 
3128     3128   (0)     31 :  0.0020 0.0030 0.0030 0.0020 0.9870 0.0030 
3129     3129   (0)     31 :  0.0020 0.0024 0.0020 0.0020 0.9886 0.0030 
3130     3130   (0)     31 :  0.0040 0.0050 0.0070 0.0020 0.9780 0.0040 
3131     3131   (0)     31 :  0.0030 0.0040 0.0038 0.0020 0.9842 0.0030 
3132     3132   (0)     31 :  0.0030 0.0030 0.0020 0.0020 0.9850 0.0050 
3133     3133   (0)     31 :  0.0020 0.0030 0.0020 0.0020 0.9860 0.0050 
3134     3134   (0)     31 :  0.0030 0.0046 0.0050 0.0030 0.9804 0.0040 
3135     3135   (0)     31 :  0.0020 0.0020 0.0020 0.0030 0.9880 0.0030 
3136     3136   (0)     31 :  0.0050 0.0030 0.0050 0.0030 0.9800 0.0040 
3137     3137   (0)     31 :  0.0020 0.0030 0.0020 0.0020 0.9880 0.0030 
3138     3138   (0)     31 :  0.0040 0.0070 0.0030 0.0050 0.9770 0.0040 
3139     3139   (0)     31 :  0.0050 0.0050 0.0030 0.0030 0.9790 0.0050 
3140     3140   (0)     31 :  0.0020 0.0040 0.0030 0.0030 0.9840 0.0040 
3141     3141   (0)     31 :  0.0030 0.0020 0.0020 0.0020 0.9890 0.0020 
3142     3142   (0)     31 :  0.0030 0.0030 0.0020 0.0020 0.9870 0.0030 
3143     3143   (0)     31 :  0.0020 0.0040 0.0020 0.0020 0.9880 0.0020 
3144     3144   (0)     31 :  0.0040 0.0050 0.0040 0.0030 0.9778 0.0062 
3145     3145   (0)     31 :  0.0030 0.0040 0.0030 0.0030 0.9820 0.0050 
3146     3146   (0)     31 :  0.0020 0.0020 0.0020 0.0020 0.9890 0.0030 
3147     3147   (0)     31 :  0.0020 0.0030 0.0030 0.0030 0.9850 0.0040 
3148     3148   (0)     31 :  0.0030 0.0030 0.0030 0.0020 0.9834 0.0056 
3149     3149   (0)     31 :  0.0154 0.0030 0.0040 0.0030 0.9706 0.0040 
3150     3150   (0)     31 :  0.0030 0.0040 0.0036 0.0050 0.9784 0.0060 
3151     3151   (0)     31 :  0.0030 0.0030 0.0020 0.0020 0.9850 0.0050 
3152     3152   (0)     31 :  0.0020 0.0030 0.0020 0.0030 0.9870 0.0030 
3153     3153   (0)     31 :  0.0020 0.0030 0.0020 0.0020 0.9870 0.0040 
3154     3154   (0)     31 :  0.0030 0.0020 0.0020 0.0020 0.9890 0.0020 
3155     3155   (0)     31 :  0.0020 0.0040 0.0030 0.0020 0.9840 0.0050 
3156     3156   (0)     31 :  0.0056 0.0030 0.0040 0.0030 0.9784 0.0060 
3157     3157   (0)     31 :  0.0030 0.0030 0.0030 0.0030 0.9850 0.0030 
3158     3158   (0)     31 :  0.0040 0.0030 0.0030 0.0030 0.9780 0.0090 
3159     3159   (0)     31 :  0.0020 0.0070 0.0050 0.0030 0.9738 0.0092 
3160     3160   (0)     31 :  0.0020 0.0020 0.0020 0.0020 0.9900 0.0020 
3161     3161   (0)     31 :  0.0020 0.0030 0.0020 0.0030 0.9870 0.0030 
3162     3162   (0)     31 :  0.0030 0.0030 0.0020 0.0020 0.9860 0.0040 
3163     3163   (0)     31 :  0.0020 0.0030 0.0030 0.0020 0.9860 0.0040 
3164     3164   (0)     31 :  0.0020 0.0030 0.0020 0.0030 0.9870 0.0030 
3165     3165   (0)     31 :  0.0030 0.0030 0.0020 0.0020 0.9870 0.0030 
3166     3166   (0)     31 :  0.0030 0.0030 0.0020 0.0020 0.9870 0.0030 
3167     3167   (0)     31 :  0.0030 0.0030 0.0040 0.0030 0.9830 0.0040 
3168     3168   (0)     31 :  0.0030 0.0020 0.0020 0.0020 0.9880 0.0030 
3169     3169   (0)     31 :  0.0040 0.0040 0.0040 0.0030 0.9800 0.0050 
3170     3170   (0)     31 :  0.0020 0.0020 0.0020 0.0020 0.9890 0.0030 
3171     3171   (0)     31 :  0.0040 0.0030 0.0040 0.0030 0.9830 0.0030 
3172     3172   (0)     31 :  0.0040 0.0040 0.0040 0.0020 0.9798 0.0062 
3173     3173   (0)     31 :  0.0030 0.0030 0.0030 0.0020 0.9850 0.0040 
3174     3174   (0)     31 :  0.0030 0.0030 0.0026 0.0020 0.9854 0.0040 
3175     3175   (0)     31 :  0.0030 0.0020 0.0030 0.0020 0.9860 0.0040 
3176     3176   (0)     31 :  0.0040 0.0020 0.0030 0.0040 0.9850 0.0020 
3177     3177   (0)     31 :  0.0040 0.0048 0.0040 0.0036 0.9786 0.0050 
3178     3178   (0)     31 :  0.0110 0.0050 0.0060 0.0030 0.9690 0.0060 
3179     3179   (0)     31 :  0.0098 0.0050 0.0080 0.0030 0.9674 0.0068 
3180     3180   (0)     31 :  0.0050 0.0030 0.0040 0.0030 0.9760 0.0090 
3181     3181   (0)     31 :  0.0020 0.0050 0.0040 0.0030 0.9800 0.0060 
3182     3182   (0)     31 :  0.0030 0.0030 0.0040 0.0030 0.9840 0.0030 
3183     3183   (0)     31 :  0.0020 0.0030 0.0030 0.0020 0.9860 0.0040 
3184     3184   (0)     31 :  0.0030 0.0030 0.0028 0.0020 0.9862 0.0030 
3185     3185   (0)     31 :  0.0020 0.0030 0.0030 0.0020 0.9860 0.0040 
3186     3186   (0)     31 :  0.0036 0.0040 0.0040 0.0030 0.9804 0.0050 
3187     3187   (0)     31 :  0.0020 0.0020 0.0020 0.0020 0.9900 0.0020 
3188     3188   (0)     31 :  0.0030 0.0040 0.0020 0.0020 0.9850 0.0040 
3189     3189   (0)     31 :  0.0232 0.0040 0.0060 0.0020 0.9572 0.0076 
3190     3190   (0)     31 :  0.0020 0.0030 0.0020 0.0020 0.9890 0.0020 
3191     3191   (0)     31 :  0.0020 0.0034 0.0030 0.0030 0.9866 0.0020 
3192     3192   (0)     31 :  0.0030 0.0110 0.0080 0.0050 0.9580 0.0150 
3193     3193   (0)     31 :  0.0050 0.0060 0.0030 0.0030 0.9740 0.0090 
3194     3194   (0)     31 :  0.0030 0.0040 0.0054 0.0030 0.9766 0.0080 
3195     3195   (0)     31 :  0.0020 0.0020 0.0020 0.0020 0.9900 0.0020 
3196     3196   (0)     31 :  0.0020 0.0020 0.0020 0.0020 0.9890 0.0030 
3197     3197   (0)     31 :  0.0030 0.0030 0.0020 0.0020 0.9850 0.0050 
3198     3198   (0)     31 :  0.0030 0.0030 0.0050 0.0020 0.9820 0.0050 
3199     3199   (0)     31 :  0.0040 0.0050 0.0050 0.0030 0.9760 0.0070 
3200     3200   (0)     31 :  0.0050 0.0080 0.0060 0.0040 0.9720 0.0050 
3201     3201   (0)     31 :  0.0080 0.0090 0.0060 0.0050 0.9598 0.0122 
3202     3202   (0)     31 :  0.0040 0.0030 0.0030 0.0030 0.9840 0.0030 
3203     3203   (0)     31 :  0.0030 0.0040 0.0020 0.0020 0.9870 0.0020 
3204     3204   (0)     31 :  0.0030 0.0030 0.0030 0.0020 0.9850 0.0040 
3205     3205   (0)     31 :  0.0020 0.0020 0.0030 0.0030 0.9870 0.0030 
3206     3206   (0)     31 :  0.0030 0.0030 0.0028 0.0030 0.9852 0.0030 
3207     3207   (0)     31 :  0.0020 0.0040 0.0020 0.0030 0.9840 0.0050 
3208     3208   (0)     31 :  0.0030 0.0040 0.0020 0.0020 0.9830 0.0060 
3209     3209   (0)     31 :  0.0040 0.0020 0.0020 0.0020 0.9870 0.0030 
3210     3210   (0)     31 :  0.0020 0.0020 0.0020 0.0020 0.9868 0.0052 
3211     3211   (0)     31 :  0.0040 0.0050 0.0040 0.0030 0.9800 0.0040 
3212     3212   (0)     31 :  0.0040 0.0030 0.0030 0.0020 0.9810 0.0070 
3213     3213   (0)     31 :  0.0030 0.0090 0.0036 0.0046 0.9728 0.0070 
3214     3214   (0)     31 :  0.0020 0.0020 0.0020 0.0030 0.9880 0.0030 
3215     3215   (0)     31 :  0.0020 0.0020 0.0020 0.0020 0.9900 0.0020 
3216     3216   (0)     31 :  0.0050 0.0048 0.0030 0.0020 0.9800 0.0052 
3217     3217   (0)     31 :  0.0030 0.0030 0.0024 0.0022 0.9864 0.0030 
3218     3218   (0)     31 :  0.0020 0.0020 0.0020 0.0020 0.9890 0.0030 
3219     3219   (0)     31 :  0.0020 0.0040 0.0028 0.0020 0.9852 0.0040 
3220     3220   (0)     31 :  0.0020 0.0020 0.0020 0.0020 0.9900 0.0020 
3221     3221   (0)     31 :  0.0020 0.0020 0.0020 0.0020 0.9900 0.0020 
3222     3222   (0)     31 :  0.0030 0.0030 0.0020 0.0020 0.9870 0.0030 
3223     3223   (0)     31 :  0.0020 0.0020 0.0020 0.0030 0.9880 0.0030 
3224     3224   (0)     31 :  0.0020 0.0050 0.0030 0.0020 0.9850 0.0030 
3225     3225   (0)     31 :  0.0030 0.0050 0.0060 0.0040 0.9732 0.0088 
3226     3226   (0)     31 :  0.0020 0.0030 0.0030 0.0020 0.9860 0.0040 
3227     3227   (0)     31 :  0.0030 0.0050 0.0050 0.0020 0.9750 0.0100 
3228     3228   (0)     31 :  0.0040 0.0030 0.0040 0.0040 0.9810 0.0040 
3229     3229   (0)     31 :  0.0020 0.0020 0.0020 0.0020 0.9900 0.0020 
3230     3230   (0)     31 :  0.0030 0.0030 0.0030 0.0020 0.9860 0.0030 
3231     3231   (0)     31 :  0.0020 0.0020 0.0020 0.0020 0.9890 0.0030 
3232     3232   (0)     31 :  0.0020 0.0020 0.0020 0.0020 0.9840 0.0080 
3233     3233   (0)     31 :  0.0030 0.0020 0.0020 0.0020 0.9862 0.0048 
3234     3234   (0)     31 :  0.0020 0.0040 0.0030 0.0020 0.9820 0.0070 
3235     3235   (0)     31 :  0.0020 0.0040 0.0030 0.0020 0.9850 0.0040 
3236     3236   (0)     31 :  0.0020 0.0068 0.0040 0.0040 0.9792 0.0040 
3237     3237   (0)     31 :  0.0030 0.0040 0.0030 0.0030 0.9820 0.0050 
3238     3238   (0)     31 :  0.0030 0.0040 0.0030 0.0030 0.9840 0.0030 
3239     3239   (0)     31 :  0.0060 0.0050 0.0040 0.0020 0.9780 0.0050 
3240     3240   (0)     31 :  0.0030 0.0030 0.0030 0.0030 0.9860 0.0020 
3241     3241   (0)     31 :  0.0040 0.0020 0.0020 0.0030 0.9860 0.0030 
3242     3242   (0)     31 :  0.0020 0.0038 0.0030 0.0030 0.9842 0.0040 
3243     3243   (0)     31 :  0.0020 0.0020 0.0020 0.0020 0.9890 0.0030 
3244     3244   (0)     31 :  0.0040 0.0060 0.0040 0.0030 0.9780 0.0050 
3245     3245   (0)     31 :  0.0030 0.0030 0.0030 0.0020 0.9840 0.0050 
3246     3246   (0)     31 :  0.0020 0.0030 0.0020 0.0030 0.9870 0.0030 
3247     3247   (0)     31 :  0.0030 0.0020 0.0020 0.0020 0.9870 0.0040 
3248     3248   (0)     31 :  0.0030 0.0020 0.0030 0.0030 0.9860 0.0030 
3249     3249   (0)     31 :  0.0040 0.0040 0.0022 0.0020 0.9838 0.0040 
3250     3250   (0)     31 :  0.0020 0.0020 0.0020 0.0020 0.9900 0.0020 
3251     3251   (0)     31 :  0.0030 0.0030 0.0030 0.0020 0.9860 0.0030 
3252     3252   (0)     31 :  0.0020 0.0020 0.0020 0.0020 0.9890 0.0030 
3253     3253   (0)     32 :  0.0020 0.0058 0.0030 0.0020 0.0030 0.9842 
3254     3254   (0)     32 :  0.0090 0.0090 0.0050 0.0030 0.0060 0.9680 
3255     3255   (0)     32 :  0.0040 0.0210 0.0100 0.0040 0.0060 0.9550 
3256     3256   (0)     32 :  0.0030 0.0276 0.0090 0.0040 0.0100 0.9464 
3257     3257   (0)     32 :  0.0040 0.0070 0.0080 0.0040 0.0040 0.9730 
3258     3258   (0)     32 :  0.0060 0.0112 0.0092 0.0030 0.0246 0.9460 
3259     3259   (0)     32 :  0.0044 0.0104 0.0090 0.0050 0.0090 0.9622 
3260     3260   (0)     32 :  0.0030 0.0060 0.0040 0.0020 0.0030 0.9820 
3261     3261   (0)     32 :  0.0030 0.0056 0.0030 0.0020 0.0020 0.9844 
3262     3262   (0)     32 :  0.0098 0.0100 0.0080 0.0020 0.0070 0.9632 
3263     3263   (0)     32 :  0.0030 0.0030 0.0040 0.0020 0.0030 0.9850 
3264     3264   (0)     32 :  0.0020 0.0040 0.0040 0.0020 0.0030 0.9850 
3265     3265   (0)     32 :  0.0040 0.0030 0.0040 0.0020 0.0020 0.9850 
3266     3266   (0)     32 :  0.0070 0.0080 0.0060 0.0030 0.0110 0.9650 
3267     3267   (0)     32 :  0.0040 0.0050 0.0040 0.0024 0.0040 0.9806 
3268     3268   (0)     32 :  0.0070 0.0040 0.0030 0.0020 0.0080 0.9760 
3269     3269   (0)     32 :  0.0060 0.0306 0.0240 0.0060 0.0812 0.8522 
3270     3270   (0)     32 :  0.0040 0.0030 0.0040 0.0040 0.0040 0.9810 
3271     3271   (0)     32 :  0.0120 0.0130 0.0330 0.0046 0.0090 0.9284 
3272     3272   (0)     32 :  0.0030 0.0060 0.0140 0.0020 0.0100 0.9650 
3273     3273   (0)     32 :  0.0060 0.0030 0.0030 0.0020 0.0030 0.9830 
3274     3274   (0)     32 :  0.0090 0.0030 0.0040 0.0030 0.0040 0.9770 
3275     3275   (5)     32 :  0.0070 0.0030 0.0040 0.0020 0.0030 0.9810 
3276     3276   (0)     32 :  0.0020 0.0050 0.0040 0.0030 0.0050 0.9810 
3277     3277   (0)     32 :  0.0040 0.0040 0.0030 0.0040 0.0110 0.9740 
3278     3278   (0)     32 :  0.0030 0.0056 0.0110 0.0030 0.0050 0.9724 
3279     3279   (0)     32 :  0.0130 0.0030 0.0040 0.0020 0.0040 0.9740 
3280     3280   (0)     32 :  0.0058 0.0040 0.0050 0.0030 0.0090 0.9732 
3281     3281   (0)     32 :  0.0896 0.0050 0.0050 0.0030 0.0030 0.8944 
3282     3282   (0)     32 :  0.0020 0.0030 0.0030 0.0020 0.0030 0.9870 
3283     3283   (5)     32 :  0.0030 0.0030 0.0030 0.0020 0.0030 0.9860 
3284     3284   (0)     32 :  0.0050 0.0040 0.0040 0.0020 0.0190 0.9660 
3285     3285   (0)     32 :  0.0100 0.0080 0.0080 0.0048 0.0030 0.9662 
3286     3286   (0)     32 :  0.0020 0.0030 0.0040 0.0020 0.0040 0.9850 
3287     3287   (0)     32 :  0.0160 0.0040 0.0040 0.0030 0.0030 0.9700 
3288     3288   (0)     32 :  0.0040 0.0398 0.0130 0.0050 0.0050 0.9332 
3289     3289   (5)     32 :  0.0050 0.0118 0.0118 0.0042 0.0070 0.9602 
3290     3290   (5)     32 :  0.0060 0.0096 0.0040 0.0050 0.0104 0.9650 
3291     3291   (5)     32 :  0.0050 0.0050 0.0040 0.0040 0.0086 0.9734 
3292     3292   (5)     32 :  0.0060 0.0034 0.0048 0.0030 0.0020 0.9808 
3293     3293   (0)     33 :  0.0172 0.0050 0.0070 0.0030 0.0030 0.9648 
3294     3294   (0)     33 :  0.0070 0.0030 0.0080 0.0020 0.0030 0.9770 
3295     3295   (0)     33 :  0.0120 0.0100 0.0030 0.0110 0.0218 0.9422 
3296     3296   (0)     33 :  0.0050 0.0040 0.0050 0.0042 0.0040 0.9778 
3297     3297   (0)     33 :  0.0080 0.0070 0.0210 0.0030 0.0060 0.9550 
3298     3298   (0)     33 :  0.0060 0.0120 0.0100 0.0050 0.0200 0.9470 
3299     3299   (0)     33 :  0.0060 0.0030 0.0040 0.0030 0.0030 0.9810 
3300     3300   (0)     33 :  0.0040 0.0050 0.0040 0.0030 0.0030 0.9810 
3301     3301   (0)     33 :  0.0040 0.0030 0.0030 0.0020 0.0080 0.9800 
3302     3302   (0)     33 :  0.0020 0.0050 0.0040 0.0030 0.0030 0.9830 
3303     3303   (0)     33 :  0.0030 0.0030 0.0030 0.0030 0.0060 0.9820 
3304     3304   (0)     33 :  0.0030 0.0130 0.0096 0.0020 0.0050 0.9674 
3305     3305   (0)     33 :  0.0050 0.0070 0.0050 0.0030 0.0040 0.9760 
3306     3306   (0)     33 :  0.0070 0.0050 0.0080 0.0030 0.0030 0.9740 
3307     3307   (0)     33 :  0.0026 0.0110 0.0080 0.0030 0.0300 0.9454 
3308     3308   (0)     33 :  0.0020 0.0040 0.0030 0.0020 0.0050 0.9840 
3309     3309   (0)     33 :  0.0130 0.0050 0.0060 0.0020 0.0020 0.9720 
3310     3310   (0)     33 :  0.0040 0.0070 0.0070 0.0020 0.0020 0.9780 
3311     3311   (0)     33 :  0.0074 0.0066 0.0060 0.0040 0.0110 0.9650 
3312     3312   (0)     33 :  0.0110 0.0090 0.0106 0.0060 0.0060 0.9574 
3313     3313   (0)     33 :  0.0104 0.0050 0.0090 0.0030 0.0080 0.9646 
3314     3314   (0)     33 :  0.0022 0.0030 0.0050 0.0020 0.0020 0.9858 
3315     3315   (0)     33 :  0.0030 0.0040 0.0040 0.0020 0.0080 0.9790 
3316     3316   (0)     33 :  0.0030 0.0040 0.0020 0.0020 0.0060 0.9830 
3317     3317   (0)     33 :  0.0070 0.0050 0.0062 0.0030 0.0040 0.9748 
3318     3318   (0)     33 :  0.0030 0.0040 0.0060 0.0030 0.0040 0.9800 
3319     3319   (0)     33 :  0.0160 0.0030 0.0070 0.0020 0.0060 0.9660 
3320     3320   (0)     33 :  0.0050 0.0156 0.0030 0.0030 0.0060 0.9674 
3321     3321   (0)     33 :  0.0040 0.0088 0.0030 0.0030 0.0480 0.9332 
3322     3322   (0)     33 :  0.0090 0.0210 0.0260 0.0070 0.0238 0.9132 
3323     3323   (0)     33 :  0.0258 0.0122 0.0070 0.0150 0.0070 0.9330 
3324     3324   (0)     33 :  0.0040 0.0030 0.0030 0.0020 0.0040 0.9840 
3325     3325   (0)     33 :  0.0030 0.0060 0.0030 0.0030 0.0720 0.9129 
3326     3326   (0)     33 :  0.0020 0.0020 0.0030 0.0020 0.0030 0.9880 
3327     3327   (0)     33 :  0.0040 0.0080 0.0050 0.0070 0.0020 0.9740 
3328     3328   (0)     33 :  0.0020 0.0040 0.0040 0.0020 0.0030 0.9850 
3329     3329   (0)     33 :  0.0030 0.0060 0.0050 0.0020 0.0020 0.9820 
3330     3330   (0)     33 :  0.0080 0.0170 0.0348 0.0030 0.0030 0.9342 
3331     3331   (0)     33 :  0.0088 0.0060 0.0064 0.0020 0.0030 0.9738 
3332     3332   (0)     33 :  0.0080 0.0050 0.0040 0.0030 0.0130 0.9670 
3333     3333   (0)     33 :  0.0030 0.0102 0.0050 0.0030 0.0040 0.9748 
3334     3334   (0)     33 :  0.0050 0.0030 0.0030 0.0030 0.0040 0.9820 
3335     3335   (0)     33 :  0.0040 0.0086 0.0056 0.0034 0.0040 0.9744 
3336     3336   (0)     33 :  0.0030 0.0050 0.0060 0.0040 0.0130 0.9690 
3337     3337   (0)     33 :  0.0050 0.0050 0.0030 0.0030 0.0080 0.9760 
3338     3338   (0)     33 :  0.0050 0.0030 0.0030 0.0030 0.0040 0.9820 
3339     3339   (0)     33 :  0.0070 0.0094 0.0178 0.0050 0.0070 0.9538 
3340     3340   (0)     33 :  0.0070 0.0050 0.0040 0.0026 0.0030 0.9784 
3341     3341   (0)     33 :  0.0020 0.0030 0.0024 0.0020 0.0040 0.9866 
3342     3342   (0)     33 :  0.0070 0.0100 0.0100 0.0030 0.0056 0.9644 
3343     3343   (0)     33 :  0.0030 0.0070 0.0040 0.0040 0.0050 0.9770 
3344     3344   (0)     33 :  0.0030 0.0060 0.0030 0.0020 0.0030 0.9830 
3345     3345   (0)     33 :  0.0030 0.0040 0.0030 0.0020 0.0040 0.9840 
3346     3346   (0)     33 :  0.0050 0.0050 0.0050 0.0020 0.0148 0.9682 
3347     3347   (0)     33 :  0.0040 0.0040 0.0040 0.0020 0.0030 0.9830 
3348     3348   (0)     33 :  0.0040 0.0030 0.0050 0.0020 0.0050 0.9810 
3349     3349   (0)     33 :  0.0050 0.0212 0.0050 0.0040 0.0200 0.9448 
3350     3350   (0)     33 :  0.0180 0.0030 0.0030 0.0020 0.0030 0.9710 
3351     3351   (0)     33 :  0.0040 0.0050 0.0040 0.0030 0.0130 0.9710 
3352     3352   (0)     33 :  0.0040 0.0050 0.0030 0.0050 0.0080 0.9750 
3353     3353   (0)     33 :  0.0060 0.0060 0.0030 0.0030 0.0504 0.9316 
3354     3354   (0)     33 :  0.0050 0.0050 0.0050 0.0030 0.0090 0.9730 
3355     3355   (0)     33 :  0.0100 0.0090 0.0150 0.0020 0.0040 0.9600 
3356     3356   (0)     33 :  0.0030 0.0080 0.0040 0.0030 0.0030 0.9790 
3357     3357   (0)     33 :  0.0030 0.0030 0.0040 0.0030 0.0040 0.9830 
3358     3358   (0)     33 :  0.0066 0.0080 0.0080 0.0030 0.0088 0.9656 
3359     3359   (0)     33 :  0.0040 0.0080 0.0030 0.0020 0.0030 0.9800 
3360     3360   (0)     33 :  0.0080 0.0050 0.0040 0.0040 0.0050 0.9740 
3361     3361   (0)     33 :  0.0100 0.0294 0.0110 0.0100 0.0060 0.9336 
3362     3362   (0)     33 :  0.0032 0.0050 0.0040 0.0030 0.0030 0.9818 
3363     3363   (0)     33 :  0.0030 0.0058 0.0062 0.0030 0.0200 0.9620 
3364     3364   (0)     33 :  0.0070 0.0060 0.0050 0.0040 0.0030 0.9750 
3365     3365   (0)     33 :  0.0040 0.0030 0.0070 0.0020 0.0050 0.9790 
3366     3366   (0)     33 :  0.0050 0.0030 0.0030 0.0040 0.0040 0.9810 
3367     3367   (0)     33 :  0.0020 0.0050 0.0140 0.0070 0.0100 0.9620 
3368     3368   (0)     33 :  0.0040 0.0040 0.0060 0.0030 0.0030 0.9800 
3369     3369   (0)     33 :  0.0040 0.0030 0.0030 0.0030 0.0020 0.9850 
3370     3370   (0)     33 :  0.0060 0.0066 0.0048 0.0020 0.0030 0.9776 
3371     3371   (0)     33 :  0.0150 0.0180 0.0308 0.0040 0.0560 0.8762 
3372     3372   (0)     33 :  0.0030 0.0040 0.0070 0.0030 0.0130 0.9700 
3373     3373   (0)     33 :  0.0040 0.0040 0.0030 0.0030 0.0030 0.9830 
3374     3374   (0)     33 :  0.0040 0.0070 0.0044 0.0030 0.0030 0.9786 
3375     3375   (0)     33 :  0.0030 0.0040 0.0060 0.0022 0.0020 0.9828 
3376     3376   (0)     33 :  0.0060 0.0060 0.0040 0.0070 0.0060 0.9710 
3377     3377   (0)     33 :  0.0030 0.0040 0.0040 0.0020 0.0020 0.9850 
3378     3378   (0)     33 :  0.0030 0.0030 0.0020 0.0020 0.0040 0.9860 
3379     3379   (0)     33 :  0.0220 0.0080 0.0775 0.0060 0.0040 0.8825 
3380     3380   (0)     33 :  0.0030 0.0040 0.0060 0.0020 0.0020 0.9830 
3381     3381   (0)     33 :  0.0050 0.0040 0.0030 0.0020 0.0030 0.9830 
3382     3382   (0)     33 :  0.0020 0.0034 0.0030 0.0020 0.0040 0.9856 
3383     3383   (0)     33 :  0.0030 0.0070 0.0040 0.0030 0.0064 0.9766 
3384     3384   (0)     33 :  0.0040 0.0050 0.0040 0.0040 0.0050 0.9780 
3385     3385   (0)     33 :  0.0040 0.0090 0.0046 0.0030 0.0060 0.9734 
3386     3386   (0)     33 :  0.0426 0.0030 0.0050 0.0020 0.0020 0.9454 
3387     3387   (0)     33 :  0.0064 0.0078 0.0090 0.0040 0.0060 0.9668 
3388     3388   (0)     33 :  0.0020 0.0090 0.0070 0.0030 0.0050 0.9740 
3389     3389   (0)     33 :  0.0030 0.0040 0.0090 0.0020 0.0042 0.9778 
3390     3390   (0)     33 :  0.0030 0.0062 0.0062 0.0044 0.0050 0.9752 
3391     3391   (0)     33 :  0.0030 0.0040 0.0070 0.0030 0.0020 0.9810 
3392     3392   (0)     33 :  0.0040 0.0060 0.0040 0.0030 0.0060 0.9770 
3393     3393   (0)     33 :  0.0050 0.0100 0.0030 0.0030 0.0060 0.9730 
3394     3394   (0)     33 :  0.0050 0.0110 0.0040 0.0020 0.0030 0.9750 
3395     3395   (0)     33 :  0.0050 0.0040 0.0060 0.0020 0.0030 0.9800 
3396     3396   (0)     33 :  0.0030 0.0050 0.0050 0.0040 0.0040 0.9790 
3397     3397   (0)     33 :  0.0030 0.0030 0.0030 0.0020 0.0030 0.9860 
3398     3398   (0)     33 :  0.0040 0.0030 0.0030 0.0030 0.0050 0.9820 
3399     3399   (0)     33 :  0.0516 0.0266 0.0160 0.0050 0.0122 0.8886 
3400     3400   (0)     33 :  0.0040 0.0040 0.0050 0.0040 0.0106 0.9724 
3401     3401   (0)     33 :  0.0060 0.0050 0.0040 0.0020 0.0030 0.9800 
3402     3402   (0)     33 :  0.0040 0.0034 0.0030 0.0040 0.0040 0.9816 
3403     3403   (0)     33 :  0.0030 0.0070 0.0040 0.0030 0.0080 0.9750 
3404     3404   (0)     33 :  0.0280 0.0050 0.0090 0.0030 0.0020 0.9530 
3405     3405   (0)     33 :  0.0060 0.0100 0.0060 0.0050 0.0210 0.9520 
3406     3406   (0)     33 :  0.0040 0.0040 0.0030 0.0020 0.0030 0.9840 
3407     3407   (0)     33 :  0.0050 0.0040 0.0040 0.0070 0.0040 0.9760 
3408     3408   (0)     33 :  0.0060 0.0070 0.0070 0.0030 0.0110 0.9660 
3409     3409   (0)     33 :  0.0050 0.0102 0.0040 0.0030 0.0080 0.9698 
3410     3410   (0)     33 :  0.0050 0.0030 0.0030 0.0020 0.0020 0.9850 
3411     3411   (0)     33 :  0.0030 0.0072 0.0060 0.0030 0.0030 0.9778 
3412     3412   (0)     33 :  0.0030 0.0100 0.0100 0.0030 0.0050 0.9690 
3413     3413   (0)     33 :  0.0442 0.0108 0.0230 0.0020 0.0514 0.8685 
3414     3414   (0)     33 :  0.0030 0.0082 0.0700 0.0030 0.0070 0.9087 
3415     3415   (0)     33 :  0.0020 0.0030 0.0040 0.0020 0.0040 0.9850 
3416     3416   (0)     33 :  0.0030 0.0060 0.0050 0.0020 0.0040 0.9800 
3417     3417   (0)     33 :  0.0030 0.0050 0.0060 0.0040 0.0030 0.9790 
3418     3418   (0)     33 :  0.0042 0.0100 0.0064 0.0030 0.0060 0.9704 
3419     3419   (0)     33 :  0.0060 0.0030 0.0100 0.0020 0.0020 0.9770 
3420     3420   (0)     33 :  0.0050 0.0030 0.0040 0.0030 0.0030 0.9820 
3421     3421   (0)     33 :  0.0050 0.0040 0.0050 0.0030 0.0030 0.9800 
3422     3422   (0)     33 :  0.0050 0.0062 0.0064 0.0030 0.0032 0.9762 
3423     3423   (0)     33 :  0.0020 0.0040 0.0048 0.0020 0.0070 0.9802 
3424     3424   (0)     33 :  0.0050 0.0080 0.0060 0.0080 0.0060 0.9670 
3425     3425   (0)     33 :  0.0040 0.0060 0.0060 0.0030 0.0040 0.9770 
3426     3426   (0)     33 :  0.0030 0.0042 0.0030 0.0020 0.0040 0.9838 
3427     3427   (0)     33 :  0.0040 0.0060 0.0070 0.0020 0.0046 0.9764 
3428     3428   (0)     33 :  0.0060 0.0146 0.0160 0.0020 0.0070 0.9544 
3429     3429   (0)     33 :  0.0030 0.0050 0.0050 0.0070 0.0056 0.9744 
3430     3430   (0)     33 :  0.0080 0.0150 0.0100 0.0050 0.0078 0.9542 
3431     3431   (0)     33 :  0.0030 0.0080 0.0030 0.0040 0.0070 0.9750 
3432     3432   (0)     33 :  0.0050 0.0060 0.0030 0.0030 0.0030 0.9800 
3433     3433   (0)     33 :  0.0090 0.0130 0.0080 0.0040 0.0030 0.9630 
3434     3434   (0)     33 :  0.0020 0.0030 0.0040 0.0030 0.0042 0.9838 
3435     3435   (0)     33 :  0.0100 0.0040 0.0070 0.0030 0.0050 0.9710 
3436     3436   (0)     33 :  0.0060 0.0150 0.0364 0.0050 0.0040 0.9336 
3437     3437   (0)     33 :  0.0030 0.0032 0.0080 0.0020 0.0050 0.9788 
3438     3438   (0)     33 :  0.0124 0.0068 0.0060 0.0050 0.0040 0.9658 
3439     3439   (0)     33 :  0.0030 0.0040 0.0034 0.0020 0.0030 0.9846 
3440     3440   (0)     33 :  0.0020 0.0040 0.0030 0.0020 0.0050 0.9840 
3441     3441   (0)     33 :  0.0040 0.0030 0.0040 0.0030 0.0040 0.9820 
3442     3442   (0)     33 :  0.0040 0.0070 0.0030 0.0030 0.0110 0.9720 
3443     3443   (0)     33 :  0.0050 0.0080 0.0142 0.0030 0.0218 0.9479 
3444     3444   (0)     33 :  0.0060 0.0040 0.0070 0.0030 0.0060 0.9740 
3445     3445   (0)     33 :  0.0030 0.0140 0.0040 0.0040 0.0050 0.9700 
3446     3446   (0)     33 :  0.0060 0.0030 0.0030 0.0030 0.0020 0.9830 
3447     3447   (0)     33 :  0.0050 0.0090 0.0090 0.0030 0.0030 0.9710 
3448     3448   (0)     33 :  0.0040 0.0040 0.0050 0.0020 0.0040 0.9810 
3449     3449   (0)     33 :  0.0030 0.0040 0.0030 0.0020 0.0040 0.9840 
3450     3450   (0)     33 :  0.0030 0.0068 0.0060 0.0030 0.0020 0.9792 
3451     3451   (0)     33 :  0.0040 0.0050 0.0040 0.0020 0.0040 0.9810 
3452     3452   (0)     33 :  0.0030 0.0050 0.0030 0.0040 0.0042 0.9808 
3453     3453   (0)     33 :  0.0050 0.0040 0.0060 0.0030 0.0412 0.9408 
3454     3454   (0)     33 :  0.0020 0.0096 0.0124 0.0030 0.0050 0.9680 
3455     3455   (0)     33 :  0.0050 0.0130 0.0052 0.0020 0.0050 0.9698 
3456     3456   (0)     33 :  0.0040 0.0060 0.0040 0.0020 0.0100 0.9740 
3457     3457   (0)     33 :  0.0020 0.0030 0.0030 0.0020 0.0150 0.9750 
3458     3458   (0)     33 :  0.0030 0.0030 0.0030 0.0020 0.0040 0.9850 
3459     3459   (0)     33 :  0.0190 0.0030 0.0040 0.0020 0.0030 0.9690 
3460     3460   (0)     33 :  0.0040 0.0080 0.0080 0.0030 0.0030 0.9740 
3461     3461   (0)     33 :  0.0030 0.0030 0.0030 0.0010 0.0020 0.9880 
3462     3462   (0)     33 :  0.0030 0.0090 0.0224 0.0040 0.0050 0.9566 
3463     3463   (0)     33 :  0.0054 0.0210 0.0200 0.0040 0.0040 0.9456 
3464     3464   (0)     33 :  0.0158 0.0080 0.0066 0.0040 0.0040 0.9616 
3465     3465   (0)     33 :  0.0040 0.0050 0.0040 0.0030 0.0050 0.9790 
3466     3466   (0)     33 :  0.0508 0.0050 0.0040 0.0030 0.0060 0.9312 
3467     3467   (0)     33 :  0.0030 0.0040 0.0030 0.0040 0.0120 0.9740 
3468     3468   (0)     33 :  0.0040 0.0050 0.0050 0.0020 0.0040 0.9800 
3469     3469   (0)     33 :  0.0040 0.0030 0.0030 0.0020 0.0040 0.9840 
3470     3470   (0)     33 :  0.0190 0.0064 0.0120 0.0030 0.0040 0.9556 
3471     3471   (0)     33 :  0.0350 0.0110 0.0290 0.0030 0.0050 0.9171 
3472     3472   (0)     33 :  0.0040 0.0040 0.0050 0.0030 0.0030 0.9810 
3473     3473   (0)     33 :  0.0050 0.0040 0.0080 0.0040 0.0060 0.9730 
3474     3474   (0)     33 :  0.0030 0.0030 0.0030 0.0030 0.0050 0.9830 
3475     3475   (0)     33 :  0.0030 0.0040 0.0040 0.0020 0.0030 0.9840 
3476     3476   (0)     33 :  0.0080 0.0080 0.0080 0.0020 0.0030 0.9710 
3477     3477   (0)     33 :  0.0030 0.0040 0.0040 0.0020 0.0020 0.9850 
3478     3478   (0)     33 :  0.0060 0.0040 0.0070 0.0024 0.0050 0.9756 
3479     3479   (0)     33 :  0.0110 0.0070 0.0060 0.0040 0.0030 0.9690 
3480     3480   (0)     33 :  0.0020 0.0030 0.0020 0.0020 0.0020 0.9890 
3481     3481   (0)     33 :  0.0030 0.0020 0.0030 0.0030 0.0070 0.9820 
3482     3482   (0)     33 :  0.0050 0.0030 0.0040 0.0030 0.0140 0.9710 
3483     3483   (0)     33 :  0.0160 0.0050 0.0060 0.0020 0.0020 0.9690 
3484     3484   (0)     33 :  0.0030 0.0230 0.0192 0.0030 0.0050 0.9468 
3485     3485   (0)     33 :  0.0110 0.0050 0.0192 0.0020 0.0036 0.9592 
3486     3486   (0)     33 :  0.0050 0.0060 0.0030 0.0030 0.0030 0.9800 
3487     3487   (0)     33 :  0.0030 0.0050 0.0046 0.0020 0.0030 0.9824 
3488     3488   (0)     33 :  0.0048 0.0040 0.0070 0.0030 0.0040 0.9772 
3489     3489   (0)     33 :  0.0030 0.0020 0.0030 0.0030 0.0060 0.9830 
3490     3490   (0)     33 :  0.0020 0.0020 0.0040 0.0030 0.0114 0.9776 
3491     3491   (0)     33 :  0.0030 0.0030 0.0040 0.0020 0.0030 0.9850 
3492     3492   (0)     33 :  0.0040 0.0050 0.0050 0.0020 0.0050 0.9790 
3493     3493   (0)     33 :  0.0050 0.0040 0.0040 0.0030 0.0050 0.9790 
3494     3494   (0)     33 :  0.0100 0.0200 0.0066 0.0040 0.0060 0.9534 
3495     3495   (0)     33 :  0.0030 0.0050 0.0030 0.0050 0.0110 0.9730 
3496     3496   (0)     33 :  0.0100 0.0090 0.0040 0.0050 0.0060 0.9660 
3497     3497   (0)     33 :  0.0140 0.0040 0.0080 0.0030 0.0020 0.9690 
3498     3498   (0)     33 :  0.0020 0.0050 0.0070 0.0030 0.0020 0.9810 
3499     3499   (0)     33 :  0.0040 0.0080 0.0090 0.0040 0.0050 0.9700 
3500     3500   (0)     33 :  0.0040 0.0040 0.0040 0.0040 0.0122 0.9718 
3501     3501   (0)     33 :  0.0030 0.0040 0.0040 0.0030 0.0030 0.9830 
3502     3502   (0)     33 :  0.0040 0.0050 0.0050 0.0020 0.0036 0.9804 
3503     3503   (0)     33 :  0.0080 0.0070 0.0050 0.0030 0.0040 0.9730 
3504     3504   (0)     33 :  0.0080 0.0060 0.0060 0.0020 0.0060 0.9720 
3505     3505   (0)     33 :  0.0064 0.0070 0.0040 0.0040 0.0060 0.9726 
3506     3506   (0)     33 :  0.0130 0.0050 0.0160 0.0020 0.0030 0.9610 
3507     3507   (0)     33 :  0.0294 0.0040 0.0090 0.0044 0.0120 0.9412 
3508     3508   (0)     33 :  0.0552 0.0070 0.0070 0.0020 0.0050 0.9238 
3509     3509   (0)     33 :  0.0056 0.0040 0.0032 0.0030 0.0072 0.9770 
3510     3510   (0)     33 :  0.0070 0.0070 0.0040 0.0034 0.0110 0.9676 
3511     3511   (0)     33 :  0.0040 0.0040 0.0030 0.0020 0.0040 0.9830 
3512     3512   (0)     33 :  0.0040 0.0040 0.0040 0.0040 0.0040 0.9800 
3513     3513   (0)     33 :  0.0020 0.0050 0.0030 0.0020 0.0020 0.9860 
3514     3514   (0)     33 :  0.0106 0.0030 0.0040 0.0020 0.0020 0.9784 
3515     3515   (0)     33 :  0.0060 0.0050 0.0050 0.0050 0.0080 0.9710 
3516     3516   (0)     33 :  0.0080 0.0100 0.0090 0.0020 0.0030 0.9680 
3517     3517   (0)     33 :  0.0050 0.0080 0.0070 0.0020 0.0130 0.9650 
3518     3518   (0)     33 :  0.0060 0.0060 0.0050 0.0040 0.0030 0.9760 
3519     3519   (0)     33 :  0.0030 0.0024 0.0030 0.0020 0.0020 0.9876 
3520     3520   (0)     33 :  0.0040 0.0050 0.0040 0.0030 0.0050 0.9790 
3521     3521   (0)     33 :  0.0084 0.0030 0.0030 0.0030 0.0050 0.9776 
3522     3522   (0)     33 :  0.0180 0.0096 0.0040 0.0040 0.0090 0.9554 
3523     3523   (0)     33 :  0.0090 0.0080 0.0050 0.0040 0.0050 0.9690 
3524     3524   (0)     33 :  0.0086 0.0104 0.0070 0.0038 0.0060 0.9642 
3525     3525   (0)     33 :  0.0050 0.0050 0.0060 0.0030 0.0050 0.9760 
3526     3526   (0)     33 :  0.0030 0.0024 0.0020 0.0030 0.0060 0.9836 
3527     3527   (0)     33 :  0.0050 0.0040 0.0048 0.0020 0.0050 0.9792 
3528     3528   (0)     33 :  0.0040 0.0040 0.0030 0.0050 0.0060 0.9780 
3529     3529   (0)     33 :  0.0060 0.0040 0.0040 0.0030 0.0030 0.9800 
3530     3530   (0)     33 :  0.0040 0.0050 0.0060 0.0020 0.0050 0.9780 
3531     3531   (0)     33 :  0.0040 0.0040 0.0030 0.0020 0.0030 0.9840 
3532     3532   (0)     33 :  0.0020 0.0050 0.0050 0.0040 0.0070 0.9770 
3533     3533   (0)     33 :  0.0050 0.0040 0.0050 0.0020 0.0080 0.9760 
3534     3534   (0)     33 :  0.0030 0.0030 0.0040 0.0040 0.0028 0.9832 
3535     3535   (0)     33 :  0.0020 0.0160 0.0080 0.0050 0.0098 0.9592 
3536     3536   (0)     33 :  0.0030 0.0050 0.0080 0.0030 0.0040 0.9770 
3537     3537   (0)     33 :  0.0030 0.0090 0.0050 0.0070 0.0060 0.9700 
3538     3538   (0)     33 :  0.0100 0.0060 0.0070 0.0030 0.0030 0.9710 
3539     3539   (0)     33 :  0.0030 0.0050 0.0060 0.0030 0.0220 0.9610 
3540     3540   (0)     33 :  0.0060 0.0070 0.0040 0.0040 0.0030 0.9760 
3541     3541   (0)     33 :  0.0100 0.0070 0.0070 0.0030 0.0030 0.9700 
3542     3542   (0)     33 :  0.0326 0.0110 0.0060 0.0040 0.0090 0.9374 
3543     3543   (0)     33 :  0.0050 0.0030 0.0040 0.0030 0.0090 0.9760 
3544     3544   (0)     33 :  0.0050 0.0040 0.0060 0.0030 0.0050 0.9770 
3545     3545   (0)     33 :  0.0284 0.0194 0.0090 0.0080 0.0050 0.9302 
3546     3546   (0)     33 :  0.0040 0.0040 0.0048 0.0030 0.0050 0.9792 
3547     3547   (0)     33 :  0.0234 0.0090 0.0082 0.0040 0.0112 0.9442 
3548     3548   (0)     33 :  0.0040 0.0080 0.0060 0.0040 0.0761 0.9019 
3549     3549   (0)     33 :  0.0436 0.0110 0.0100 0.0030 0.0050 0.9274 
3550     3550   (0)     33 :  0.0020 0.0040 0.0030 0.0020 0.0030 0.9860 
3551     3551   (0)     33 :  0.0040 0.0070 0.0050 0.0064 0.0040 0.9736 
3552     3552   (0)     33 :  0.0060 0.0100 0.0140 0.0020 0.0020 0.9660 
3553     3553   (0)     33 :  0.0120 0.0040 0.0040 0.0020 0.0030 0.9750 
3554     3554   (0)     33 :  0.0020 0.0030 0.0040 0.0020 0.0070 0.9820 
3555     3555   (0)     33 :  0.0040 0.0090 0.0080 0.0030 0.0080 0.9680 
3556     3556   (0)     33 :  0.0030 0.0040 0.0050 0.0030 0.0080 0.9770 
3557     3557   (0)     33 :  0.0020 0.0030 0.0030 0.0020 0.0030 0.9870 
3558     3558   (0)     33 :  0.0110 0.0060 0.0050 0.0040 0.0020 0.9720 
3559     3559   (0)     33 :  0.0130 0.0080 0.0050 0.0030 0.0090 0.9620 
3560     3560   (0)     33 :  0.0050 0.0040 0.0060 0.0020 0.0040 0.9790 
3561     3561   (0)     33 :  0.0040 0.0080 0.0040 0.0020 0.0030 0.9790 
3562     3562   (0)     33 :  0.0020 0.0040 0.0022 0.0020 0.0032 0.9866 
3563     3563   (0)     33 :  0.0050 0.0050 0.0080 0.0030 0.0180 0.9610 
3564     3564   (0)     33 :  0.0020 0.0062 0.0070 0.0030 0.0040 0.9778 
3565     3565   (0)     33 :  0.0102 0.0110 0.0130 0.0030 0.0020 0.9608 
3566     3566   (0)     33 :  0.0050 0.0050 0.0040 0.0030 0.0146 0.9684 
3567     3567   (0)     33 :  0.0050 0.0060 0.0090 0.0040 0.0090 0.9670 
3568     3568   (0)     33 :  0.0050 0.0030 0.0040 0.0030 0.0020 0.9830 
3569     3569   (0)     33 :  0.0030 0.0048 0.0140 0.0030 0.0030 0.9722 
3570     3570   (0)     33 :  0.0040 0.0070 0.0040 0.0030 0.0040 0.9780 
3571     3571   (0)     33 :  0.0040 0.0080 0.0060 0.0040 0.0040 0.9740 
3572     3572   (0)     33 :  0.0060 0.0030 0.0030 0.0020 0.0030 0.9830 
3573     3573   (0)     33 :  0.0020 0.0040 0.0040 0.0040 0.0020 0.9840 
3574     3574   (0)     33 :  0.0034 0.0114 0.0030 0.0040 0.1267 0.8515 
3575     3575   (0)     33 :  0.0040 0.0050 0.0070 0.0030 0.0060 0.9750 
3576     3576   (0)     33 :  0.0030 0.0030 0.0030 0.0020 0.0060 0.9830 
3577     3577   (0)     33 :  0.0030 0.0040 0.0050 0.0020 0.0082 0.9778 
3578     3578   (0)     33 :  0.0110 0.0132 0.0060 0.0070 0.0080 0.9548 
3579     3579   (0)     33 :  0.0100 0.0050 0.0040 0.0020 0.0040 0.9750 
3580     3580   (0)     33 :  0.0042 0.0040 0.0030 0.0020 0.0030 0.9838 
3581     3581   (0)     33 :  0.0030 0.0060 0.0050 0.0020 0.0070 0.9770 
3582     3582   (0)     33 :  0.0040 0.0040 0.0040 0.0020 0.0044 0.9816 
3583     3583   (0)     33 :  0.0040 0.0100 0.0040 0.0020 0.0020 0.9780 
3584     3584   (0)     33 :  0.0060 0.0100 0.0070 0.0020 0.0040 0.9710 
3585     3585   (0)     33 :  0.0070 0.0080 0.0060 0.0030 0.0030 0.9730 
3586     3586   (0)     33 :  0.0040 0.0130 0.0086 0.0040 0.0050 0.9654 
3587     3587   (0)     33 :  0.0030 0.0120 0.0050 0.0020 0.0048 0.9732 
3588     3588   (0)     33 :  0.0070 0.0108 0.0070 0.0060 0.0316 0.9376 
3589     3589   (0)     33 :  0.0040 0.0040 0.0040 0.0020 0.0030 0.9830 
3590     3590   (0)     33 :  0.0036 0.0030 0.0030 0.0020 0.0020 0.9864 
3591     3591   (0)     33 :  0.0030 0.0050 0.0030 0.0020 0.0020 0.9850 
3592     3592   (0)     33 :  0.0030 0.0244 0.0356 0.0030 0.0080 0.9260 
