   1        1   (5)      1 :  0.0060 0.0076 0.0084 0.0040 0.9740 
   2        2   (5)      1 :  0.0116 0.0080 0.0040 0.0114 0.9650 
   3        3   (5)      1 :  0.0040 0.0050 0.0044 0.0030 0.9836 
   4        4   (0)      1 :  0.0030 0.0040 0.0060 0.0044 0.9826 
   5        5   (0)      1 :  0.0262 0.0484 0.0168 0.0104 0.8982 
   6        6   (0)      1 :  0.0050 0.0066 0.0058 0.0040 0.9786 
   7        7   (0)      1 :  0.0666 0.0130 0.0030 0.0092 0.9082 
   8        8   (5)      1 :  0.0030 0.0030 0.0044 0.0040 0.9856 
   9        9   (0)      1 :  0.0028 0.0030 0.0030 0.0030 0.9882 
  10       10   (0)      1 :  0.0154 0.0070 0.0040 0.0080 0.9656 
  11       11   (0)      1 :  0.0064 0.0054 0.0030 0.0042 0.9810 
  12       12   (0)      1 :  0.0082 0.0044 0.0040 0.0098 0.9736 
  13       13   (0)      1 :  0.0034 0.0024 0.0030 0.0074 0.9838 
  14       14   (0)      1 :  0.0050 0.0034 0.0064 0.0040 0.9812 
  15       15   (0)      1 :  0.0050 0.0034 0.0034 0.0040 0.9842 
  16       16   (0)      1 :  0.0030 0.0034 0.0058 0.0030 0.9848 
  17       17   (0)      1 :  0.0030 0.0024 0.0020 0.0030 0.9896 
  18       18   (0)      1 :  0.0090 0.0162 0.0040 0.0060 0.9648 
  19       19   (0)      1 :  0.0030 0.0080 0.0050 0.0130 0.9710 
  20       20   (0)      1 :  0.0182 0.0156 0.0064 0.0094 0.9504 
  21       21   (0)      1 :  0.0030 0.0020 0.0030 0.0050 0.9870 
  22       22   (0)      1 :  0.0030 0.0030 0.0090 0.0020 0.9830 
  23       23   (0)      1 :  0.0030 0.0058 0.0054 0.0030 0.9828 
  24       24   (0)      1 :  0.0036 0.0082 0.0118 0.0080 0.9684 
  25       25   (0)      1 :  0.0138 0.0050 0.0040 0.0100 0.9672 
  26       26   (0)      1 :  0.0034 0.0030 0.0050 0.0072 0.9814 
  27       27   (5)      1 :  0.0434 0.0248 0.0040 0.0060 0.9218 
  28       28   (0)      1 :  0.0072 0.0072 0.0064 0.0020 0.9772 
  29       29   (0)      1 :  0.0036 0.0056 0.0090 0.0030 0.9788 
  30       30   (0)      1 :  0.0114 0.0230 0.0148 0.0124 0.9384 
  31       31   (0)      1 :  0.0030 0.0076 0.0040 0.0030 0.9824 
  32       32   (0)      1 :  0.0114 0.0076 0.0040 0.0096 0.9674 
  33       33   (0)      1 :  0.0030 0.0044 0.0030 0.0030 0.9866 
  34       34   (0)      1 :  0.0030 0.0036 0.0060 0.0024 0.9850 
  35       35   (0)      1 :  0.0132 0.0816 0.0054 0.0064 0.8934 
  36       36   (0)      1 :  0.0076 0.0100 0.0042 0.0040 0.9742 
  37       37   (0)      1 :  0.0082 0.0064 0.0040 0.0070 0.9744 
  38       38   (0)      1 :  0.0044 0.0040 0.0030 0.0086 0.9800 
  39       39   (0)      1 :  0.0134 0.0076 0.0040 0.0120 0.9630 
  40       40   (0)      1 :  0.0046 0.0108 0.0074 0.0054 0.9718 
  41       41   (0)      1 :  0.0050 0.0054 0.0040 0.0040 0.9816 
  42       42   (0)      1 :  0.0020 0.0030 0.0040 0.0030 0.9880 
  43       43   (0)      1 :  0.0044 0.0034 0.0040 0.0030 0.9852 
  44       44   (0)      1 :  0.0030 0.0024 0.0020 0.0020 0.9906 
  45       45   (5)      1 :  0.0080 0.0038 0.0040 0.0064 0.9778 
  46       46   (0)      1 :  0.0030 0.0056 0.0080 0.0020 0.9814 
  47       47   (0)      1 :  0.0064 0.0050 0.0070 0.0020 0.9796 
  48       48   (0)      1 :  0.0060 0.0076 0.0110 0.0038 0.9716 
  49       49   (0)      1 :  0.0052 0.0030 0.0030 0.0118 0.9770 
  50       50   (0)      1 :  0.0050 0.0044 0.0060 0.0040 0.9806 
  51       51   (0)      1 :  0.0048 0.0046 0.0030 0.0080 0.9796 
  52       52   (0)      1 :  0.0116 0.0092 0.0088 0.0276 0.9428 
  53       53   (0)      1 :  0.0064 0.0082 0.0136 0.0038 0.9680 
  54       54   (0)      1 :  0.0066 0.0048 0.0044 0.0020 0.9822 
  55       55   (0)      1 :  0.0054 0.0040 0.0040 0.0030 0.9836 
  56       56   (0)      1 :  0.0036 0.0044 0.0060 0.0030 0.9830 
  57       57  (10)      1 :  0.0048 0.0048 0.0040 0.0060 0.9804 
  58       58   (5)      1 :  0.0066 0.0048 0.0070 0.0040 0.9776 
  59       59   (0)      1 :  0.0044 0.0046 0.0084 0.0054 0.9772 
  60       60   (0)      1 :  0.0044 0.0024 0.0024 0.0030 0.9878 
  61       61   (0)      1 :  0.0054 0.0102 0.0070 0.0040 0.9734 
  62       62   (0)      1 :  0.0064 0.0040 0.0040 0.0030 0.9826 
  63       63   (0)      1 :  0.0074 0.0054 0.0030 0.0040 0.9802 
  64       64   (0)      1 :  0.0044 0.0056 0.0040 0.0030 0.9830 
  65       65   (0)      1 :  0.0184 0.0102 0.0030 0.0248 0.9436 
  66       66   (0)      1 :  0.0042 0.0098 0.0060 0.0030 0.9770 
  67       67   (5)      1 :  0.0066 0.0060 0.0164 0.0144 0.9566 
  68       68   (0)      1 :  0.0112 0.0074 0.0140 0.0040 0.9634 
  69       69   (0)      1 :  0.0062 0.0030 0.0020 0.0024 0.9864 
  70       70   (0)      1 :  0.0056 0.0034 0.0060 0.0040 0.9810 
  71       71   (5)      1 :  0.0066 0.0130 0.0070 0.0040 0.9694 
  72       72   (0)      1 :  0.0058 0.0052 0.0030 0.0100 0.9760 
  73       73   (5)      1 :  0.0044 0.0164 0.0050 0.0030 0.9712 
  74       74  (10)      1 :  0.0074 0.0054 0.0060 0.0070 0.9742 
  75       75  (10)      1 :  0.0044 0.0068 0.0040 0.0180 0.9668 
  76       76   (0)      1 :  0.0030 0.0056 0.1546 0.0040 0.8328 
  77       77  (10)      1 :  0.0040 0.0040 0.0360 0.0050 0.9510 
  78       78   (0)      1 :  0.0066 0.0132 0.0388 0.0084 0.9330 
  79       79   (5)      1 :  0.0178 0.0148 0.0090 0.0030 0.9554 
  80       80   (0)      1 :  0.0030 0.0030 0.0040 0.0030 0.9870 
  81       81   (0)      1 :  0.0030 0.0030 0.0040 0.0034 0.9866 
  82       82   (0)      1 :  0.0030 0.0030 0.0020 0.0034 0.9886 
  83       83   (0)      1 :  0.0080 0.0044 0.0560 0.0040 0.9276 
  84       84   (0)      1 :  0.0114 0.0062 0.0030 0.0112 0.9682 
  85       85   (0)      1 :  0.0032 0.0032 0.0020 0.0030 0.9886 
  86       86   (5)      1 :  0.0034 0.0040 0.0030 0.0040 0.9856 
  87       87   (0)      1 :  0.0046 0.0034 0.0042 0.0030 0.9848 
  88       88   (0)      1 :  0.0082 0.0112 0.1579 0.0100 0.8127 
  89       89   (0)      1 :  0.0062 0.0062 0.0100 0.0254 0.9522 
  90       90   (0)      1 :  0.0106 0.0098 0.0092 0.0030 0.9674 
  91       91   (0)      1 :  0.0054 0.0060 0.0070 0.0040 0.9776 
  92       92   (0)      1 :  0.0186 0.0144 0.0064 0.0040 0.9566 
  93       93   (0)      1 :  0.0030 0.0030 0.0040 0.0030 0.9870 
  94       94   (5)      1 :  0.0040 0.0086 0.0194 0.0114 0.9566 
  95       95   (0)      1 :  0.0034 0.0030 0.0060 0.0040 0.9836 
  96       96   (5)      1 :  0.0034 0.0030 0.0020 0.0040 0.9876 
  97       97   (0)      1 :  0.0118 0.0034 0.0218 0.0024 0.9606 
  98       98   (0)      1 :  0.0050 0.0092 0.0040 0.0054 0.9764 
  99       99   (5)      1 :  0.0040 0.0038 0.0030 0.0050 0.9842 
 100      100   (5)      1 :  0.0030 0.0030 0.0030 0.0030 0.9880 
 101      101   (0)      2 :  0.0060 0.0054 0.0168 0.0030 0.9688 
 102      102   (0)      2 :  0.0056 0.0044 0.0050 0.0228 0.9622 
 103      103   (0)      2 :  0.0036 0.0036 0.0030 0.0040 0.9858 
 104      104   (0)      2 :  0.0036 0.0038 0.0080 0.0020 0.9826 
 105      105   (0)      2 :  0.0030 0.0048 0.0034 0.0168 0.9720 
 106      106   (0)      2 :  0.0034 0.0030 0.0144 0.0024 0.9768 
 107      107   (0)      2 :  0.0036 0.0054 0.0090 0.0020 0.9800 
 108      108   (0)      2 :  0.0036 0.0050 0.0274 0.0040 0.9600 
 109      109   (0)      2 :  0.0058 0.0034 0.0030 0.0040 0.9838 
 110      110   (0)      2 :  0.0040 0.0040 0.0030 0.0040 0.9850 
 111      111   (0)      2 :  0.0034 0.0036 0.0060 0.0030 0.9840 
 112      112   (0)      2 :  0.0030 0.0046 0.0030 0.0034 0.9860 
 113      113   (0)      2 :  0.0044 0.0040 0.0050 0.0030 0.9836 
 114      114   (0)      2 :  0.0040 0.0034 0.0094 0.0020 0.9812 
 115      115   (0)      2 :  0.0040 0.0050 0.0090 0.0040 0.9780 
 116      116   (0)      2 :  0.0106 0.0232 0.0050 0.0090 0.9522 
 117      117   (0)      2 :  0.0036 0.0050 0.0040 0.0110 0.9764 
 118      118   (0)      2 :  0.0048 0.0072 0.0044 0.0040 0.9796 
 119      119   (0)      2 :  0.0174 0.0066 0.0050 0.0074 0.9636 
 120      120   (0)      2 :  0.0242 0.0136 0.0050 0.0040 0.9532 
 121      121   (0)      2 :  0.0050 0.0034 0.0030 0.0084 0.9802 
 122      122   (0)      2 :  0.0100 0.0074 0.0054 0.0040 0.9732 
 123      123   (0)      2 :  0.0046 0.0090 0.0124 0.0030 0.9710 
 124      124   (0)      2 :  0.0032 0.0030 0.0030 0.0054 0.9854 
 125      125   (0)      2 :  0.0034 0.0030 0.0030 0.0034 0.9872 
 126      126   (0)      2 :  0.0040 0.0050 0.0030 0.0030 0.9850 
 127      127   (0)      2 :  0.0096 0.0118 0.0070 0.0084 0.9632 
 128      128   (0)      2 :  0.0054 0.0056 0.0070 0.0074 0.9746 
 129      129   (0)      2 :  0.0064 0.0080 0.0184 0.0066 0.9606 
 130      130   (0)      2 :  0.0050 0.0066 0.0060 0.0074 0.9750 
 131      131   (0)      2 :  0.0066 0.0078 0.0084 0.0080 0.9692 
 132      132   (0)      2 :  0.0076 0.0040 0.0040 0.0040 0.9804 
 133      133   (0)      2 :  0.0244 0.0180 0.0358 0.0040 0.9178 
 134      134   (0)      2 :  0.0072 0.0082 0.0332 0.0030 0.9484 
 135      135   (0)      2 :  0.0034 0.0040 0.0128 0.0020 0.9778 
 136      136   (0)      2 :  0.0034 0.0040 0.0030 0.0050 0.9846 
 137      137   (0)      2 :  0.0030 0.0030 0.0050 0.0084 0.9806 
 138      138   (0)      2 :  0.0236 0.0124 0.0060 0.0034 0.9546 
 139      139   (0)      2 :  0.0024 0.0020 0.0020 0.0020 0.9916 
 140      140   (0)      2 :  0.0374 0.0134 0.0030 0.0382 0.9079 
 141      141   (0)      2 :  0.0036 0.0030 0.0168 0.0030 0.9736 
 142      142   (0)      2 :  0.0054 0.0044 0.0060 0.0040 0.9802 
 143      143   (0)      2 :  0.0088 0.0062 0.0050 0.0060 0.9740 
 144      144   (0)      2 :  0.0082 0.0034 0.0030 0.0038 0.9816 
 145      145   (0)      2 :  0.0090 0.0040 0.0066 0.0234 0.9570 
 146      146   (0)      2 :  0.0040 0.0030 0.0030 0.0030 0.9870 
 147      147   (0)      2 :  0.0074 0.0034 0.0030 0.0122 0.9740 
 148      148   (0)      2 :  0.0034 0.0030 0.0050 0.0080 0.9806 
 149      149   (0)      2 :  0.0040 0.0034 0.0078 0.0040 0.9808 
 150      150   (0)      2 :  0.0046 0.0070 0.0288 0.0074 0.9522 
 151      151   (0)      2 :  0.0126 0.0074 0.0598 0.0100 0.9102 
 152      152   (0)      2 :  0.0170 0.0154 0.0050 0.0030 0.9596 
 153      153   (0)      2 :  0.0030 0.0030 0.0040 0.0030 0.9870 
 154      154   (0)      2 :  0.0042 0.0054 0.0040 0.0020 0.9844 
 155      155   (0)      2 :  0.0046 0.0044 0.0054 0.0070 0.9786 
 156      156   (0)      2 :  0.0094 0.0066 0.0040 0.0050 0.9750 
 157      157   (0)      2 :  0.0058 0.0076 0.0220 0.0030 0.9616 
 158      158   (0)      2 :  0.0034 0.0030 0.0044 0.0060 0.9832 
 159      159   (0)      2 :  0.0030 0.0034 0.0050 0.0034 0.9852 
 160      160   (0)      2 :  0.0106 0.0070 0.0030 0.0142 0.9652 
 161      161   (0)      2 :  0.0044 0.0056 0.0104 0.0084 0.9712 
 162      162   (0)      2 :  0.0060 0.0176 0.0268 0.0104 0.9392 
 163      163   (0)      2 :  0.0040 0.0024 0.0030 0.0030 0.9876 
 164      164   (0)      2 :  0.0100 0.0050 0.0168 0.0060 0.9622 
 165      165   (0)      2 :  0.0030 0.0042 0.0104 0.0030 0.9794 
 166      166   (0)      2 :  0.0034 0.0030 0.0020 0.0072 0.9844 
 167      167   (0)      2 :  0.0072 0.0040 0.0034 0.0040 0.9814 
 168      168   (0)      2 :  0.0030 0.0040 0.0030 0.0044 0.9856 
 169      169   (0)      2 :  0.0034 0.0034 0.0030 0.0034 0.9868 
 170      170   (0)      2 :  0.0040 0.0082 0.0110 0.0030 0.9738 
 171      171   (0)      2 :  0.0054 0.0060 0.0060 0.0034 0.9792 
 172      172   (0)      2 :  0.0034 0.0024 0.0024 0.0064 0.9854 
 173      173   (0)      2 :  0.0070 0.0044 0.0060 0.0020 0.9806 
 174      174   (0)      2 :  0.0044 0.0030 0.0096 0.0040 0.9790 
 175      175   (0)      2 :  0.0040 0.0072 0.0234 0.0030 0.9624 
 176      176   (0)      2 :  0.0070 0.0044 0.0030 0.0040 0.9816 
 177      177   (0)      2 :  0.0074 0.0044 0.0074 0.0030 0.9778 
 178      178   (0)      2 :  0.0058 0.0050 0.0050 0.0092 0.9750 
 179      179   (0)      2 :  0.0040 0.0034 0.0020 0.0030 0.9876 
 180      180   (0)      2 :  0.0036 0.0044 0.0030 0.0050 0.9840 
 181      181   (0)      2 :  0.0060 0.0126 0.0040 0.0070 0.9704 
 182      182   (0)      2 :  0.0030 0.0044 0.0034 0.0024 0.9868 
 183      183   (0)      2 :  0.0054 0.0094 0.0064 0.0074 0.9714 
 184      184   (0)      2 :  0.0030 0.0034 0.0030 0.0040 0.9866 
 185      185   (0)      2 :  0.0482 0.0496 0.0074 0.0040 0.8908 
 186      186   (0)      2 :  0.0120 0.0058 0.0030 0.0040 0.9752 
 187      187   (0)      2 :  0.0030 0.0058 0.0070 0.0030 0.9812 
 188      188   (0)      2 :  0.0030 0.0040 0.0030 0.0030 0.9870 
 189      189   (0)      2 :  0.0060 0.0026 0.0040 0.0060 0.9814 
 190      190   (0)      2 :  0.0030 0.0030 0.0040 0.0050 0.9850 
 191      191   (0)      2 :  0.0102 0.0082 0.0238 0.0080 0.9498 
 192      192   (0)      2 :  0.0030 0.0050 0.0184 0.0020 0.9716 
 193      193   (0)      2 :  0.0104 0.0048 0.0144 0.0050 0.9654 
 194      194   (0)      2 :  0.0044 0.0086 0.0036 0.0114 0.9720 
 195      195   (0)      2 :  0.0048 0.0040 0.0066 0.0044 0.9802 
 196      196   (0)      2 :  0.0054 0.0050 0.0030 0.0060 0.9806 
 197      197   (0)      2 :  0.0042 0.0040 0.0030 0.0030 0.9858 
 198      198   (0)      2 :  0.0082 0.0078 0.0050 0.0070 0.9720 
 199      199   (0)      2 :  0.0030 0.0024 0.0060 0.0030 0.9856 
 200      200   (0)      2 :  0.0064 0.0054 0.0052 0.0060 0.9770 
 201      201   (0)      2 :  0.0036 0.0054 0.0040 0.0020 0.9850 
 202      202   (0)      2 :  0.0052 0.0062 0.0416 0.0030 0.9440 
 203      203   (0)      2 :  0.0030 0.0046 0.0030 0.0050 0.9844 
 204      204   (0)      2 :  0.0050 0.0040 0.0020 0.0114 0.9776 
 205      205   (0)      2 :  0.0044 0.0040 0.0040 0.0040 0.9836 
 206      206   (0)      2 :  0.0056 0.0070 0.0060 0.0064 0.9750 
 207      207   (0)      2 :  0.0052 0.0092 0.0094 0.0060 0.9702 
 208      208   (0)      2 :  0.0068 0.0060 0.0064 0.0040 0.9768 
 209      209   (0)      2 :  0.0094 0.0096 0.0114 0.0040 0.9656 
 210      210   (0)      2 :  0.0046 0.0038 0.0030 0.0030 0.9856 
 211      211   (0)      2 :  0.0044 0.0054 0.0040 0.0040 0.9822 
 212      212   (0)      2 :  0.0190 0.0058 0.0040 0.0186 0.9526 
 213      213   (0)      2 :  0.0216 0.0238 0.0344 0.0030 0.9172 
 214      214   (0)      2 :  0.0030 0.0030 0.0034 0.0020 0.9886 
 215      215   (0)      2 :  0.0030 0.0030 0.0054 0.0030 0.9856 
 216      216   (0)      2 :  0.0050 0.0034 0.0030 0.0090 0.9796 
 217      217   (0)      2 :  0.0030 0.0034 0.0266 0.0040 0.9630 
 218      218   (0)      2 :  0.0086 0.0090 0.0484 0.0024 0.9316 
 219      219   (0)      2 :  0.0030 0.0034 0.0124 0.0024 0.9788 
 220      220   (0)      2 :  0.0040 0.0030 0.0040 0.0060 0.9830 
 221      221   (0)      2 :  0.0034 0.0030 0.0034 0.0020 0.9882 
 222      222   (0)      2 :  0.0116 0.0134 0.0050 0.0070 0.9630 
 223      223   (0)      2 :  0.0138 0.0116 0.0048 0.0070 0.9628 
 224      224   (0)      2 :  0.0062 0.0072 0.0040 0.0094 0.9732 
 225      225   (0)      2 :  0.0030 0.0046 0.0030 0.0020 0.9874 
 226      226   (0)      2 :  0.0030 0.0030 0.0658 0.0030 0.9252 
 227      227   (0)      2 :  0.0306 0.0086 0.0300 0.0084 0.9224 
 228      228   (0)      2 :  0.0032 0.0034 0.0020 0.0024 0.9890 
 229      229   (0)      2 :  0.0030 0.0030 0.0040 0.0060 0.9840 
 230      230   (0)      2 :  0.0048 0.0040 0.0134 0.0030 0.9748 
 231      231   (0)      2 :  0.0040 0.0068 0.0046 0.0044 0.9802 
 232      232   (0)      2 :  0.0030 0.0030 0.0030 0.0030 0.9880 
 233      233   (0)      2 :  0.0020 0.0030 0.0060 0.0024 0.9866 
 234      234   (0)      2 :  0.0060 0.0050 0.0038 0.0044 0.9808 
 235      235   (0)      2 :  0.0034 0.0030 0.0030 0.0020 0.9886 
 236      236   (0)      2 :  0.0150 0.0130 0.0040 0.0020 0.9660 
 237      237   (0)      2 :  0.0106 0.0230 0.0030 0.0070 0.9564 
 238      238   (0)      2 :  0.0194 0.0064 0.0158 0.0314 0.9270 
 239      239   (0)      2 :  0.0046 0.0092 0.0040 0.0044 0.9778 
 240      240   (0)      2 :  0.0024 0.0030 0.0060 0.0040 0.9846 
 241      241   (0)      2 :  0.0062 0.0084 0.0124 0.0050 0.9680 
 242      242   (0)      2 :  0.0034 0.0024 0.0020 0.0030 0.9892 
 243      243   (0)      2 :  0.0522 0.0222 0.0042 0.0120 0.9094 
 244      244   (0)      2 :  0.0020 0.0030 0.0034 0.0020 0.9896 
 245      245   (0)      2 :  0.0036 0.0040 0.0034 0.0090 0.9800 
 246      246   (0)      2 :  0.0030 0.0038 0.0042 0.0030 0.9860 
 247      247   (0)      2 :  0.0074 0.0310 0.0044 0.0062 0.9510 
 248      248   (0)      2 :  0.0078 0.0050 0.0060 0.0032 0.9780 
 249      249   (0)      2 :  0.0030 0.0026 0.0034 0.0020 0.9890 
 250      250   (0)      2 :  0.0146 0.0106 0.0060 0.0274 0.9414 
 251      251   (0)      2 :  0.0060 0.0044 0.0062 0.0044 0.9790 
 252      252   (0)      2 :  0.0040 0.0034 0.0040 0.0024 0.9862 
 253      253   (0)      2 :  0.0050 0.0076 0.0134 0.0030 0.9710 
 254      254   (0)      2 :  0.0024 0.0020 0.0030 0.0030 0.9896 
 255      255   (0)      2 :  0.0060 0.0224 0.0044 0.0040 0.9632 
 256      256   (0)      2 :  0.0046 0.0074 0.0060 0.0070 0.9750 
 257      257   (0)      2 :  0.0030 0.0030 0.0070 0.0030 0.9840 
 258      258   (0)      2 :  0.0048 0.0040 0.0050 0.0062 0.9800 
 259      259   (0)      2 :  0.0058 0.0116 0.0050 0.0040 0.9736 
 260      260   (0)      2 :  0.0034 0.0040 0.0040 0.0050 0.9836 
 261      261   (0)      2 :  0.0044 0.0046 0.0040 0.0030 0.9840 
 262      262   (0)      2 :  0.0062 0.0056 0.0070 0.0354 0.9458 
 263      263   (0)      2 :  0.0048 0.0144 0.0136 0.0070 0.9602 
 264      264   (0)      2 :  0.0040 0.0040 0.0030 0.0040 0.9850 
 265      265   (0)      2 :  0.0054 0.0050 0.0040 0.0050 0.9806 
 266      266   (0)      2 :  0.0162 0.0156 0.0144 0.0070 0.9468 
 267      267   (0)      2 :  0.0068 0.0034 0.0044 0.0074 0.9780 
 268      268   (0)      2 :  0.0048 0.0040 0.0034 0.0050 0.9828 
 269      269   (0)      2 :  0.0034 0.0030 0.0030 0.0020 0.9886 
 270      270   (0)      2 :  0.0050 0.0050 0.0030 0.0040 0.9830 
 271      271   (0)      2 :  0.0048 0.0084 0.0040 0.0206 0.9622 
 272      272   (0)      2 :  0.0066 0.0040 0.0198 0.0074 0.9622 
 273      273   (0)      2 :  0.0070 0.0050 0.0034 0.0034 0.9812 
 274      274   (0)      2 :  0.0064 0.0040 0.0070 0.0050 0.9776 
 275      275   (0)      2 :  0.0030 0.0024 0.0030 0.0030 0.9886 
 276      276   (0)      2 :  0.0070 0.0090 0.0060 0.0050 0.9730 
 277      277   (0)      2 :  0.0074 0.0054 0.0052 0.0092 0.9728 
 278      278   (0)      2 :  0.0044 0.0034 0.0054 0.0030 0.9838 
 279      279   (0)      2 :  0.0030 0.0030 0.0050 0.0040 0.9850 
 280      280   (0)      2 :  0.0058 0.0040 0.0060 0.0070 0.9772 
 281      281   (0)      2 :  0.0068 0.0072 0.0050 0.0044 0.9766 
 282      282   (0)      2 :  0.0072 0.0104 0.0174 0.0034 0.9616 
 283      283   (0)      2 :  0.0062 0.0058 0.0124 0.0050 0.9706 
 284      284   (0)      2 :  0.0066 0.0066 0.0030 0.0030 0.9808 
 285      285   (0)      2 :  0.0060 0.0038 0.0060 0.0066 0.9776 
 286      286   (0)      2 :  0.0064 0.0044 0.0040 0.0030 0.9822 
 287      287   (0)      2 :  0.0054 0.0030 0.0030 0.0022 0.9864 
 288      288   (0)      2 :  0.0054 0.0050 0.0050 0.0044 0.9802 
 289      289   (0)      2 :  0.0090 0.0042 0.0134 0.0056 0.9678 
 290      290   (0)      2 :  0.0725 0.0610 0.0078 0.0150 0.8437 
 291      291   (0)      2 :  0.0034 0.0030 0.0020 0.0024 0.9892 
 292      292   (0)      2 :  0.0044 0.0192 0.0074 0.0070 0.9620 
 293      293   (0)      2 :  0.0180 0.0292 0.0064 0.0094 0.9370 
 294      294   (0)      2 :  0.0030 0.0030 0.0104 0.0020 0.9816 
 295      295   (0)      2 :  0.0064 0.0034 0.0034 0.0114 0.9754 
 296      296   (0)      2 :  0.0030 0.0024 0.0040 0.0060 0.9846 
 297      297   (0)      2 :  0.0034 0.0046 0.0060 0.0050 0.9810 
 298      298   (0)      2 :  0.0030 0.0040 0.0030 0.0040 0.9860 
 299      299   (0)      2 :  0.0038 0.0044 0.0030 0.0040 0.9848 
 300      300   (0)      2 :  0.0044 0.0034 0.0030 0.0030 0.9862 
 301      301   (5)      3 :  0.3738 0.0060 0.0040 0.0066 0.6096 
 302      302   (0)      3 :  0.6411 0.0466 0.0088 0.0276 0.2759 
 303      303   (0)      3 :  0.4364 0.0218 0.0228 0.0228 0.4962 
 304      304   (5)      3 :  0.4207 0.1784 0.0044 0.0120 0.3845 
 305      305   (5)      3 :  0.6068 0.0152 0.0020 0.0154 0.3606 
 306      306   (0)      3 :  0.6469 0.0180 0.0148 0.0430 0.2773 
 307      307   (0)      4 :  0.3320 0.0176 0.0074 0.2097 0.4333 
 308      308   (0)      4 :  0.3904 0.0228 0.0110 0.0140 0.5618 
 309      309   (0)      4 :  0.4974 0.0424 0.0068 0.0564 0.3970 
 310      310   (0)      4 :  0.3515 0.0080 0.0070 0.0508 0.5827 
 311      311   (0)      4 :  0.6445 0.0162 0.0084 0.0736 0.2573 
 312      312   (0)      4 :  0.5720 0.0428 0.0050 0.0054 0.3749 
 313      313   (0)      4 :  0.5074 0.0844 0.0064 0.0424 0.3595 
 314      314   (0)      4 :  0.8682 0.0264 0.0222 0.0374 0.0458 
 315      315   (0)      4 :  0.3737 0.0338 0.0138 0.0094 0.5693 
 316      316   (0)      4 :  0.5441 0.0076 0.0092 0.0076 0.4315 
 317      317   (0)      4 :  0.6043 0.0106 0.0126 0.0124 0.3601 
 318      318   (0)      4 :  0.5854 0.2107 0.0274 0.0080 0.1685 
 319      319   (0)      4 :  0.4545 0.0306 0.0074 0.0096 0.4979 
 320      320   (0)      4 :  0.4074 0.0066 0.0040 0.0072 0.5748 
 321      321   (0)      4 :  0.5129 0.0070 0.0030 0.0046 0.4725 
 322      322   (0)      4 :  0.4882 0.0078 0.0040 0.0030 0.4970 
 323      323   (0)      4 :  0.3465 0.0206 0.0030 0.0126 0.6173 
 324      324   (0)      4 :  0.6046 0.0098 0.0166 0.0066 0.3624 
 325      325   (0)      4 :  0.8011 0.0114 0.0180 0.0218 0.1476 
 326      326   (0)      4 :  0.5974 0.0058 0.0186 0.0066 0.3716 
 327      327   (0)      4 :  0.5615 0.0044 0.0040 0.0030 0.4271 
 328      328   (0)      4 :  0.0734 0.0334 0.0070 0.2727 0.6136 
 329      329   (0)      4 :  0.5284 0.0172 0.0050 0.0034 0.4460 
 330      330   (0)      4 :  0.5604 0.0050 0.0044 0.0116 0.4186 
 331      331   (0)      4 :  0.6418 0.1349 0.0064 0.0044 0.2125 
 332      332   (0)      4 :  0.4259 0.0090 0.0050 0.0118 0.5483 
 333      333   (0)      4 :  0.6238 0.0090 0.0040 0.0040 0.3592 
 334      334   (0)      4 :  0.3149 0.0062 0.0050 0.0094 0.6645 
 335      335   (0)      4 :  0.3593 0.0064 0.0082 0.0056 0.6205 
 336      336   (0)      4 :  0.3423 0.0218 0.0070 0.0076 0.6213 
 337      337   (0)      4 :  0.4265 0.0138 0.0034 0.0050 0.5513 
 338      338   (0)      4 :  0.3868 0.0264 0.0188 0.0040 0.5639 
 339      339   (0)      4 :  0.5176 0.0050 0.0074 0.0030 0.4670 
 340      340   (0)      4 :  0.5984 0.0588 0.0090 0.0434 0.2904 
 341      341   (0)      4 :  0.4164 0.0060 0.0040 0.0056 0.5680 
 342      342   (0)      4 :  0.5546 0.0160 0.0434 0.0202 0.3657 
 343      343   (0)      4 :  0.4363 0.0070 0.0030 0.0040 0.5497 
 344      344   (0)      4 :  0.5117 0.0074 0.0034 0.0034 0.4741 
 345      345   (0)      4 :  0.6396 0.0212 0.0084 0.0096 0.3212 
 346      346   (0)      4 :  0.3901 0.0064 0.0134 0.0070 0.5831 
 347      347   (0)      4 :  0.3862 0.0450 0.0110 0.0326 0.5252 
 348      348   (0)      4 :  0.4815 0.0092 0.0076 0.0070 0.4947 
 349      349   (0)      4 :  0.4797 0.0112 0.0100 0.0050 0.4941 
 350      350   (0)      4 :  0.5371 0.0164 0.0114 0.0100 0.4251 
 351      351   (0)      4 :  0.3716 0.0062 0.0324 0.0040 0.5858 
 352      352   (0)      4 :  0.4246 0.0214 0.0070 0.0398 0.5072 
 353      353   (0)      4 :  0.5494 0.0072 0.0060 0.0160 0.4214 
 354      354   (0)      4 :  0.6835 0.0096 0.0050 0.0036 0.2983 
 355      355   (0)      4 :  0.4341 0.0044 0.0054 0.0060 0.5501 
 356      356   (0)      4 :  0.5218 0.0052 0.0348 0.0070 0.4312 
 357      357   (0)      4 :  0.6077 0.0044 0.0080 0.0304 0.3495 
 358      358   (0)      4 :  0.0686 0.0154 0.0068 0.2643 0.6449 
 359      359   (0)      4 :  0.5732 0.0072 0.0124 0.0062 0.4010 
 360      360   (0)      4 :  0.3672 0.0100 0.0038 0.0040 0.6150 
 361      361   (0)      4 :  0.6167 0.0034 0.0030 0.0030 0.3739 
 362      362   (0)      4 :  0.5435 0.0484 0.0030 0.0066 0.3985 
 363      363   (0)      4 :  0.4440 0.0112 0.0190 0.0040 0.5218 
 364      364   (0)      4 :  0.5817 0.0050 0.0070 0.0066 0.3997 
 365      365   (0)      4 :  0.4615 0.0064 0.0026 0.0050 0.5245 
 366      366   (0)      4 :  0.4611 0.0526 0.0114 0.0144 0.4605 
 367      367   (0)      4 :  0.4158 0.0570 0.0080 0.0954 0.4238 
 368      368   (0)      4 :  0.5530 0.0550 0.0060 0.1297 0.2563 
 369      369   (0)      4 :  0.8517 0.0074 0.0094 0.0182 0.1134 
 370      370   (0)      4 :  0.4203 0.0098 0.0126 0.0140 0.5433 
 371      371   (0)      4 :  0.3905 0.0098 0.0040 0.0892 0.5065 
 372      372   (0)      4 :  0.5651 0.0110 0.0060 0.0076 0.4103 
 373      373   (0)      4 :  0.4832 0.0048 0.0054 0.0030 0.5036 
 374      374   (0)      4 :  0.5090 0.0036 0.0020 0.0060 0.4794 
 375      375   (0)      4 :  0.5256 0.0046 0.0040 0.0084 0.4574 
 376      376   (0)      4 :  0.3831 0.0044 0.0132 0.0030 0.5963 
 377      377   (0)      4 :  0.5399 0.0082 0.0074 0.0040 0.4405 
 378      378   (0)      4 :  0.5995 0.0136 0.0036 0.0084 0.3749 
 379      379   (0)      4 :  0.6227 0.0108 0.0062 0.0082 0.3521 
 380      380   (0)      4 :  0.5564 0.0072 0.0050 0.0196 0.4118 
 381      381   (0)      4 :  0.6632 0.0238 0.0044 0.0076 0.3010 
 382      382   (0)      4 :  0.5716 0.0388 0.0104 0.0074 0.3718 
 383      383   (0)      4 :  0.4841 0.0360 0.0050 0.0196 0.4553 
 384      384   (0)      4 :  0.3175 0.1444 0.0040 0.0124 0.5217 
 385      385   (0)      4 :  0.5457 0.0088 0.0152 0.0132 0.4171 
 386      386   (0)      4 :  0.4318 0.0088 0.0074 0.0064 0.5456 
 387      387   (0)      4 :  0.4055 0.0224 0.0106 0.0084 0.5531 
 388      388   (0)      4 :  0.4017 0.0054 0.0030 0.0056 0.5843 
 389      389   (0)      4 :  0.4092 0.0236 0.0162 0.0054 0.5456 
 390      390   (0)      4 :  0.5764 0.0092 0.0136 0.0160 0.3848 
 391      391   (0)      4 :  0.4901 0.0454 0.0050 0.0176 0.4419 
 392      392   (0)      4 :  0.4247 0.0108 0.0084 0.0076 0.5485 
 393      393   (0)      4 :  0.3582 0.0088 0.0040 0.0366 0.5924 
 394      394   (0)      4 :  0.2279 0.0336 0.0046 0.1408 0.5931 
 395      395   (0)      4 :  0.3524 0.0322 0.0046 0.0066 0.6042 
 396      396   (0)      4 :  0.6957 0.0280 0.0060 0.0092 0.2611 
 397      397   (0)      4 :  0.5069 0.0060 0.0040 0.0292 0.4539 
 398      398   (0)      4 :  0.4282 0.0062 0.0074 0.0040 0.5542 
 399      399   (0)      4 :  0.4132 0.0058 0.0044 0.0132 0.5634 
 400      400   (0)      4 :  0.5260 0.0294 0.0070 0.0154 0.4222 
 401      401   (0)      4 :  0.5947 0.0080 0.0186 0.0060 0.3727 
 402      402   (0)      4 :  0.5122 0.0094 0.0068 0.0056 0.4660 
 403      403   (0)      4 :  0.5677 0.0090 0.0094 0.0056 0.4082 
 404      404   (0)      4 :  0.5230 0.0138 0.0040 0.0052 0.4540 
 405      405   (0)      4 :  0.4867 0.0334 0.0050 0.0296 0.4453 
 406      406   (0)      4 :  0.4503 0.0044 0.0046 0.0052 0.5355 
 407      407   (0)      5 :  0.3387 0.2089 0.0030 0.0626 0.3868 
 408      408   (0)      5 :  0.3461 0.2107 0.0058 0.0342 0.4032 
 409      409   (0)      5 :  0.6238 0.0174 0.0034 0.0072 0.3482 
 410      410   (0)      5 :  0.3094 0.2260 0.0134 0.0044 0.4468 
 411      411   (0)      5 :  0.1306 0.3262 0.0072 0.0186 0.5173 
 412      412   (0)      5 :  0.3101 0.2319 0.0594 0.0092 0.3894 
 413      413   (0)      5 :  0.2492 0.1687 0.0050 0.0030 0.5741 
 414      414   (0)      5 :  0.0656 0.0338 0.3655 0.0050 0.5301 
 415      415   (0)      5 :  0.4178 0.0162 0.0104 0.0034 0.5522 
 416      416   (0)      5 :  0.3143 0.2021 0.0224 0.0058 0.4554 
 417      417   (0)      5 :  0.3206 0.1963 0.0030 0.0118 0.4683 
 418      418   (0)      5 :  0.3406 0.2080 0.0056 0.0072 0.4386 
 419      419   (0)      5 :  0.2717 0.1797 0.0486 0.0098 0.4902 
 420      420   (0)      5 :  0.3112 0.0816 0.0028 0.0112 0.5932 
 421      421   (0)      5 :  0.2632 0.1774 0.0036 0.0040 0.5518 
 422      422   (0)      5 :  0.4348 0.1239 0.0206 0.0054 0.4153 
 423      423   (0)      5 :  0.4106 0.2850 0.0056 0.0050 0.2938 
 424      424   (0)      5 :  0.2786 0.2093 0.0408 0.0098 0.4615 
 425      425   (0)      5 :  0.3760 0.0176 0.0228 0.0030 0.5806 
 426      426   (0)      5 :  0.3467 0.1782 0.0050 0.0128 0.4573 
 427      427   (0)      5 :  0.3098 0.1927 0.0070 0.0072 0.4833 
 428      428   (0)      5 :  0.1074 0.3000 0.0076 0.0332 0.5518 
 429      429   (0)      5 :  0.3510 0.2267 0.0110 0.0054 0.4059 
 430      430   (0)      5 :  0.2320 0.1728 0.0056 0.0046 0.5851 
 431      431   (0)      5 :  0.2731 0.2147 0.0112 0.0110 0.4900 
 432      432   (0)      5 :  0.4048 0.0462 0.0074 0.0080 0.5336 
 433      433   (0)      5 :  0.1548 0.1944 0.0194 0.0448 0.5866 
 434      434   (0)      5 :  0.3602 0.2272 0.0138 0.0034 0.3954 
 435      435   (0)      5 :  0.3845 0.2771 0.0148 0.0158 0.3077 
 436      436   (0)      5 :  0.1939 0.1548 0.0260 0.0286 0.5967 
 437      437   (0)      5 :  0.2587 0.1217 0.0084 0.0138 0.5974 
 438      438   (0)      5 :  0.2462 0.1738 0.0046 0.0074 0.5680 
 439      439   (0)      5 :  0.2370 0.1724 0.0120 0.0060 0.5726 
 440      440   (0)      5 :  0.2872 0.1828 0.0066 0.0122 0.5112 
 441      441   (0)      5 :  0.4127 0.2449 0.0062 0.0048 0.3314 
 442      442   (0)      5 :  0.2331 0.2932 0.0128 0.0030 0.4579 
 443      443   (0)      5 :  0.4003 0.0786 0.0120 0.0080 0.5010 
 444      444   (0)      5 :  0.3455 0.2721 0.0052 0.0076 0.3696 
 445      445   (0)      5 :  0.3009 0.2170 0.0066 0.0042 0.4713 
 446      446   (0)      5 :  0.2682 0.1768 0.0072 0.0048 0.5430 
 447      447   (0)      5 :  0.1683 0.1563 0.0096 0.0410 0.6248 
 448      448   (0)      5 :  0.2360 0.1694 0.0040 0.0064 0.5842 
 449      449   (0)      5 :  0.2546 0.1717 0.0124 0.0048 0.5565 
 450      450   (0)      5 :  0.3167 0.2396 0.0356 0.0078 0.4003 
 451      451   (0)      5 :  0.2916 0.0678 0.0040 0.0092 0.6274 
 452      452   (0)      5 :  0.2570 0.2038 0.0094 0.0320 0.4978 
 453      453   (0)      5 :  0.3441 0.1240 0.0124 0.0050 0.5145 
 454      454   (0)      5 :  0.2944 0.2234 0.0154 0.0078 0.4590 
 455      455   (0)      5 :  0.1978 0.1394 0.0316 0.0040 0.6272 
 456      456   (0)      5 :  0.2587 0.1693 0.0050 0.0030 0.5640 
 457      457   (0)      5 :  0.2573 0.1112 0.0120 0.0058 0.6137 
 458      458   (0)      5 :  0.3228 0.2345 0.0968 0.0152 0.3307 
 459      459   (0)      5 :  0.4186 0.1861 0.0118 0.0058 0.3777 
 460      460   (0)      5 :  0.2390 0.1792 0.0056 0.0044 0.5718 
 461      461   (0)      5 :  0.2129 0.1897 0.0504 0.0118 0.5352 
 462      462   (0)      5 :  0.2876 0.2064 0.0050 0.0088 0.4922 
 463      463   (0)      5 :  0.2862 0.1994 0.0056 0.0332 0.4756 
 464      464   (0)      5 :  0.2138 0.1178 0.0050 0.0356 0.6278 
 465      465   (0)      5 :  0.4403 0.3844 0.0056 0.0060 0.1637 
 466      466   (0)      5 :  0.2794 0.2014 0.0080 0.0044 0.5068 
 467      467   (0)      5 :  0.4029 0.2157 0.0218 0.0132 0.3464 
 468      468   (0)      5 :  0.2762 0.2238 0.0174 0.0060 0.4766 
 469      469   (0)      5 :  0.3481 0.1808 0.0030 0.0566 0.4115 
 470      470   (0)      5 :  0.2115 0.1240 0.0070 0.0060 0.6515 
 471      471   (0)      5 :  0.1438 0.2052 0.0074 0.0154 0.6282 
 472      472   (0)      5 :  0.2026 0.1334 0.0050 0.0108 0.6482 
 473      473   (0)      5 :  0.3007 0.2225 0.0030 0.0040 0.4698 
 474      474   (0)      5 :  0.2408 0.0946 0.0354 0.0024 0.6268 
 475      475   (0)      5 :  0.2222 0.2825 0.0132 0.0130 0.4691 
 476      476   (0)      5 :  0.1611 0.1850 0.0186 0.0050 0.6303 
 477      477   (0)      5 :  0.2780 0.0494 0.0050 0.0360 0.6315 
 478      478   (0)      5 :  0.3994 0.2991 0.0036 0.0050 0.2929 
 479      479   (0)      5 :  0.3143 0.1754 0.0040 0.0054 0.5009 
 480      480   (0)      5 :  0.3095 0.0320 0.0030 0.0164 0.6391 
 481      481   (0)      5 :  0.1741 0.1399 0.0418 0.0322 0.6120 
 482      482   (0)      5 :  0.3093 0.2380 0.0236 0.0094 0.4197 
 483      483   (0)      5 :  0.2989 0.2166 0.0170 0.0252 0.4423 
 484      484   (0)      5 :  0.3732 0.1859 0.0114 0.0120 0.4175 
 485      485   (0)      5 :  0.3425 0.1449 0.0020 0.0334 0.4772 
 486      486   (0)      5 :  0.2964 0.2920 0.0474 0.0070 0.3572 
 487      487   (0)      5 :  0.2639 0.2356 0.0458 0.0040 0.4507 
 488      488   (0)      5 :  0.3346 0.2007 0.0040 0.0070 0.4537 
 489      489   (0)      5 :  0.2962 0.1959 0.0072 0.0030 0.4977 
 490      490   (0)      5 :  0.2473 0.2026 0.0064 0.0102 0.5335 
 491      491   (0)      5 :  0.2777 0.2070 0.0066 0.0030 0.5057 
 492      492   (0)      5 :  0.1426 0.1531 0.0380 0.0040 0.6623 
 493      493   (0)      5 :  0.4842 0.0624 0.0152 0.0094 0.4288 
 494      494   (0)      5 :  0.2344 0.1616 0.0098 0.0134 0.5808 
 495      495   (0)      5 :  0.1805 0.1252 0.0074 0.0142 0.6727 
 496      496   (0)      5 :  0.3065 0.2604 0.0144 0.0068 0.4119 
 497      497   (0)      5 :  0.0156 0.0462 0.1948 0.0174 0.7260 
 498      498   (0)      5 :  0.1252 0.4239 0.0156 0.0092 0.4261 
 499      499   (0)      5 :  0.1062 0.1989 0.0086 0.0076 0.6787 
 500      500   (0)      5 :  0.2645 0.0691 0.0088 0.0068 0.6507 
 501      501   (0)      5 :  0.1587 0.1269 0.1765 0.0040 0.5338 
 502      502   (0)      5 :  0.3427 0.1950 0.0054 0.0184 0.4385 
 503      503   (0)      5 :  0.3212 0.1237 0.0314 0.0154 0.5083 
 504      504   (0)      5 :  0.3742 0.2299 0.0090 0.0050 0.3819 
 505      505   (0)      5 :  0.2084 0.0698 0.0030 0.1040 0.6147 
 506      506   (0)      5 :  0.3731 0.2251 0.0082 0.0034 0.3902 
 507      507   (0)      6 :  0.0056 0.0046 0.0030 0.3018 0.6851 
 508      508   (0)      6 :  0.0128 0.0054 0.0030 0.3411 0.6377 
 509      509   (0)      6 :  0.0100 0.0040 0.0054 0.3809 0.5997 
 510      510   (0)      6 :  0.0120 0.0124 0.0244 0.4948 0.4564 
 511      511   (0)      6 :  0.0068 0.0044 0.0064 0.5911 0.3913 
 512      512   (0)      6 :  0.0196 0.0178 0.0062 0.5303 0.4261 
 513      513   (0)      6 :  0.0140 0.0090 0.0050 0.4322 0.5398 
 514      514   (0)      6 :  0.0098 0.0090 0.0032 0.4746 0.5034 
 515      515   (0)      6 :  0.0138 0.0142 0.0030 0.4139 0.5551 
 516      516   (0)      6 :  0.0052 0.0030 0.0030 0.5167 0.4721 
 517      517   (0)      6 :  0.0040 0.0076 0.0078 0.3990 0.5816 
 518      518   (0)      6 :  0.0070 0.0048 0.0044 0.4243 0.5595 
 519      519   (0)      6 :  0.0030 0.0030 0.0030 0.5031 0.4879 
 520      520   (0)      6 :  0.0302 0.0266 0.0050 0.3897 0.5485 
 521      521   (0)      6 :  0.0034 0.0072 0.0020 0.3696 0.6178 
 522      522   (0)      6 :  0.0036 0.0024 0.0060 0.3849 0.6031 
 523      523   (0)      6 :  0.0044 0.0034 0.0034 0.5597 0.4291 
 524      524   (0)      6 :  0.0098 0.0200 0.0070 0.6254 0.3378 
 525      525   (0)      6 :  0.0258 0.0784 0.0110 0.4950 0.3898 
 526      526   (0)      6 :  0.0112 0.0082 0.0044 0.7025 0.2737 
 527      527   (0)      6 :  0.0098 0.0252 0.0762 0.3759 0.5129 
 528      528   (0)      6 :  0.0080 0.0048 0.0050 0.4003 0.5819 
 529      529   (0)      6 :  0.0036 0.0074 0.0040 0.6116 0.3734 
 530      530   (0)      6 :  0.0046 0.0038 0.0040 0.4917 0.4959 
 531      531   (0)      6 :  0.0044 0.0040 0.0040 0.5885 0.3991 
 532      532   (0)      6 :  0.0070 0.0056 0.0040 0.4633 0.5201 
 533      533   (0)      6 :  0.0028 0.0024 0.0020 0.5367 0.4561 
 534      534   (0)      6 :  0.0050 0.0046 0.0040 0.5497 0.4368 
 535      535   (0)      6 :  0.0060 0.0060 0.0060 0.6466 0.3354 
 536      536   (0)      6 :  0.0064 0.0044 0.0040 0.4694 0.5158 
 537      537   (0)      6 :  0.0036 0.0024 0.0030 0.3391 0.6519 
 538      538   (0)      6 :  0.0086 0.0092 0.0040 0.6071 0.3711 
 539      539   (0)      6 :  0.0236 0.0128 0.0078 0.6059 0.3499 
 540      540   (0)      6 :  0.0074 0.0044 0.0030 0.4426 0.5426 
 541      541   (0)      6 :  0.0074 0.0056 0.0030 0.4008 0.5832 
 542      542   (0)      6 :  0.0078 0.0086 0.0060 0.5044 0.4732 
 543      543   (0)      6 :  0.0120 0.0084 0.0070 0.3895 0.5831 
 544      544   (0)      6 :  0.0072 0.0030 0.0050 0.5126 0.4722 
 545      545   (0)      6 :  0.0672 0.0086 0.0074 0.6291 0.2877 
 546      546   (0)      6 :  0.0030 0.0030 0.0040 0.5402 0.4498 
 547      547   (0)      6 :  0.0040 0.0050 0.0024 0.6671 0.3215 
 548      548   (0)      6 :  0.0066 0.0044 0.0040 0.5405 0.4445 
 549      549   (0)      6 :  0.0100 0.0114 0.0202 0.4838 0.4746 
 550      550   (0)      6 :  0.0056 0.0048 0.0040 0.5046 0.4810 
 551      551   (0)      6 :  0.0148 0.0054 0.0030 0.5468 0.4300 
 552      552   (0)      6 :  0.0040 0.0060 0.0040 0.4795 0.5065 
 553      553   (0)      6 :  0.0036 0.0050 0.0030 0.4272 0.5612 
 554      554   (0)      6 :  0.0042 0.0048 0.0030 0.5027 0.4853 
 555      555   (0)      6 :  0.0180 0.0888 0.0144 0.1442 0.7346 
 556      556   (0)      6 :  0.0040 0.0040 0.0060 0.5746 0.4114 
 557      557   (0)      6 :  0.0070 0.0060 0.0050 0.4440 0.5380 
 558      558   (0)      6 :  0.0030 0.0030 0.0030 0.5910 0.4000 
 559      559   (0)      6 :  0.0050 0.0050 0.0030 0.5320 0.4551 
 560      560   (0)      6 :  0.0050 0.0066 0.0050 0.5278 0.4556 
 561      561   (0)      6 :  0.0076 0.0092 0.0040 0.5378 0.4414 
 562      562   (0)      6 :  0.0058 0.0050 0.0040 0.5256 0.4596 
 563      563   (0)      6 :  0.0050 0.0060 0.0070 0.4516 0.5304 
 564      564   (0)      6 :  0.0058 0.0034 0.0036 0.3479 0.6393 
 565      565   (0)      6 :  0.0162 0.0044 0.0040 0.5119 0.4635 
 566      566   (0)      6 :  0.0096 0.0158 0.0096 0.5505 0.4145 
 567      567   (0)      6 :  0.0050 0.0034 0.0064 0.4350 0.5502 
 568      568   (0)      6 :  0.0050 0.0082 0.0034 0.4970 0.4864 
 569      569   (0)      6 :  0.0096 0.0510 0.0106 0.6617 0.2671 
 570      570   (0)      6 :  0.0322 0.0066 0.0030 0.3900 0.5682 
 571      571   (0)      6 :  0.0084 0.0038 0.0412 0.7276 0.2191 
 572      572   (0)      6 :  0.0064 0.0044 0.0036 0.4472 0.5384 
 573      573   (0)      6 :  0.0060 0.0094 0.0084 0.4387 0.5375 
 574      574   (0)      6 :  0.0092 0.0064 0.0040 0.4858 0.4946 
 575      575   (0)      6 :  0.0044 0.0040 0.0030 0.5186 0.4700 
 576      576   (0)      6 :  0.0050 0.0070 0.0100 0.5148 0.4632 
 577      577   (0)      6 :  0.0082 0.0126 0.0030 0.4697 0.5065 
 578      578   (0)      6 :  0.0220 0.0078 0.0294 0.4211 0.5197 
 579      579   (0)      6 :  0.0052 0.0058 0.0050 0.4267 0.5573 
 580      580   (0)      6 :  0.0144 0.0054 0.0034 0.4147 0.5621 
 581      581   (0)      6 :  0.0078 0.0054 0.0336 0.4390 0.5142 
 582      582   (0)      6 :  0.0070 0.0038 0.0048 0.5364 0.4480 
 583      583   (0)      6 :  0.0604 0.0406 0.0030 0.3695 0.5264 
 584      584   (0)      6 :  0.0064 0.0090 0.0030 0.3893 0.5923 
 585      585   (0)      6 :  0.0034 0.0030 0.0030 0.4993 0.4913 
 586      586   (0)      6 :  0.0098 0.0054 0.0090 0.5277 0.4481 
 587      587   (0)      6 :  0.0064 0.0060 0.0078 0.4610 0.5188 
 588      588   (0)      6 :  0.0040 0.0066 0.0050 0.5008 0.4836 
 589      589   (0)      6 :  0.0148 0.0382 0.0090 0.5743 0.3637 
 590      590   (0)      6 :  0.0060 0.0030 0.0020 0.5475 0.4415 
 591      591   (0)      6 :  0.0120 0.0124 0.0114 0.4089 0.5552 
 592      592   (0)      6 :  0.0056 0.0048 0.0040 0.6044 0.3812 
 593      593   (0)      6 :  0.0088 0.0126 0.0060 0.5620 0.4107 
 594      594   (0)      6 :  0.0050 0.0034 0.0034 0.4816 0.5066 
 595      595   (0)      6 :  0.0062 0.0062 0.0030 0.4672 0.5174 
 596      596   (0)      6 :  0.0656 0.0266 0.0090 0.4878 0.4110 
 597      597   (0)      6 :  0.0258 0.0552 0.0050 0.2382 0.6759 
 598      598   (0)      6 :  0.0116 0.0102 0.0098 0.3801 0.5883 
 599      599   (0)      6 :  0.0040 0.0044 0.0030 0.5172 0.4714 
 600      600   (0)      6 :  0.0112 0.0082 0.0050 0.5364 0.4392 
 601      601   (0)      6 :  0.0034 0.0030 0.0040 0.4110 0.5787 
 602      602   (0)      6 :  0.0096 0.0042 0.0030 0.3954 0.5878 
 603      603   (0)      6 :  0.0078 0.0046 0.0234 0.5761 0.3880 
 604      604   (0)      6 :  0.0050 0.0050 0.0100 0.6302 0.3498 
 605      605   (0)      6 :  0.0152 0.0128 0.0076 0.4954 0.4690 
 606      606   (0)      6 :  0.0054 0.0088 0.0060 0.4795 0.5003 
 607      607   (0)      7 :  0.0030 0.0030 0.5061 0.0030 0.4849 
 608      608   (0)      7 :  0.0094 0.0098 0.4193 0.0386 0.5229 
 609      609   (0)      7 :  0.0084 0.0678 0.2667 0.0098 0.6473 
 610      610   (0)      7 :  0.0104 0.0070 0.5797 0.0040 0.3989 
 611      611   (0)      7 :  0.0050 0.0056 0.5414 0.0076 0.4404 
 612      612   (0)      7 :  0.0068 0.0060 0.4258 0.0054 0.5560 
 613      613   (0)      7 :  0.0084 0.0132 0.5307 0.0092 0.4385 
 614      614   (0)      7 :  0.0032 0.0046 0.5739 0.0030 0.4153 
 615      615   (0)      7 :  0.0050 0.0040 0.4102 0.0060 0.5748 
 616      616   (0)      7 :  0.0036 0.0076 0.5919 0.0040 0.3929 
 617      617   (0)      7 :  0.0060 0.0062 0.5553 0.0050 0.4275 
 618      618   (0)      7 :  0.0098 0.0074 0.5212 0.0050 0.4566 
 619      619   (0)      7 :  0.0102 0.0070 0.4570 0.0046 0.5212 
 620      620   (0)      7 :  0.0086 0.0182 0.5770 0.0050 0.3912 
 621      621   (0)      7 :  0.0044 0.0034 0.4106 0.0064 0.5753 
 622      622   (0)      7 :  0.0078 0.0430 0.5211 0.0040 0.4241 
 623      623   (0)      7 :  0.0040 0.0086 0.3413 0.0060 0.6401 
 624      624   (0)      7 :  0.0070 0.0064 0.5120 0.0034 0.4712 
 625      625   (0)      7 :  0.0040 0.0050 0.4620 0.0046 0.5244 
 626      626   (0)      7 :  0.0046 0.0034 0.4338 0.0038 0.5544 
 627      627   (0)      7 :  0.0040 0.0030 0.4588 0.0040 0.5302 
 628      628   (0)      7 :  0.0050 0.0098 0.5840 0.0070 0.3942 
 629      629   (0)      7 :  0.0040 0.0184 0.4802 0.0040 0.4934 
 630      630   (0)      7 :  0.0328 0.0086 0.4482 0.0074 0.5030 
 631      631   (0)      7 :  0.0040 0.0034 0.3246 0.0020 0.6660 
 632      632   (0)      7 :  0.0462 0.0094 0.5174 0.0318 0.3952 
 633      633   (0)      7 :  0.0056 0.0174 0.4967 0.0080 0.4723 
 634      634   (0)      7 :  0.0268 0.0154 0.3880 0.0054 0.5644 
 635      635   (0)      7 :  0.0050 0.0178 0.4711 0.0044 0.5017 
 636      636   (0)      7 :  0.0034 0.0030 0.5013 0.0036 0.4887 
 637      637   (0)      7 :  0.0040 0.0060 0.3971 0.0040 0.5889 
 638      638   (0)      7 :  0.0046 0.0094 0.3603 0.0094 0.6162 
 639      639   (0)      7 :  0.0030 0.0036 0.6510 0.0020 0.3404 
 640      640   (0)      7 :  0.0088 0.0276 0.1545 0.0042 0.8049 
 641      641   (0)      7 :  0.0060 0.0058 0.5636 0.0120 0.4126 
 642      642   (0)      7 :  0.0036 0.0070 0.5331 0.0030 0.4533 
 643      643   (0)      7 :  0.0114 0.0738 0.4554 0.0050 0.4544 
 644      644   (0)      7 :  0.0108 0.0092 0.4675 0.0114 0.5011 
 645      645   (0)      7 :  0.0040 0.0040 0.4056 0.0030 0.5834 
 646      646   (0)      7 :  0.0030 0.0040 0.4858 0.0050 0.5022 
 647      647   (0)      7 :  0.0048 0.0096 0.4458 0.0080 0.5318 
 648      648   (0)      7 :  0.0066 0.0068 0.7872 0.0030 0.1964 
 649      649   (0)      7 :  0.0040 0.0046 0.5254 0.0050 0.4610 
 650      650   (0)      7 :  0.0040 0.0056 0.5139 0.0026 0.4739 
 651      651   (0)      7 :  0.0100 0.0058 0.4805 0.0040 0.4997 
 652      652   (0)      7 :  0.0040 0.0060 0.5965 0.0104 0.3831 
 653      653   (0)      7 :  0.0661 0.0980 0.5156 0.0050 0.3153 
 654      654   (0)      7 :  0.0164 0.0090 0.6008 0.0040 0.3698 
 655      655   (0)      7 :  0.0180 0.0038 0.4358 0.0174 0.5250 
 656      656   (0)      7 :  0.0072 0.0068 0.4719 0.0030 0.5111 
 657      657   (0)      7 :  0.0050 0.0106 0.4253 0.0040 0.5551 
 658      658   (0)      7 :  0.0044 0.0074 0.3876 0.0024 0.5982 
 659      659   (0)      7 :  0.0060 0.0074 0.5199 0.0030 0.4637 
 660      660   (0)      7 :  0.0042 0.0048 0.6825 0.0030 0.3055 
 661      661   (0)      7 :  0.0064 0.0150 0.5388 0.0094 0.4304 
 662      662   (0)      7 :  0.0030 0.0040 0.5706 0.0030 0.4194 
 663      663   (0)      7 :  0.0026 0.0030 0.5701 0.0020 0.4223 
 664      664   (0)      7 :  0.0050 0.0112 0.5852 0.0070 0.3916 
 665      665   (0)      7 :  0.0176 0.0088 0.5278 0.0040 0.4418 
 666      666   (0)      7 :  0.0074 0.0056 0.4581 0.0054 0.5235 
 667      667   (0)      7 :  0.0062 0.0096 0.4239 0.0030 0.5574 
 668      668   (0)      7 :  0.0050 0.0050 0.5232 0.0070 0.4598 
 669      669   (0)      7 :  0.0062 0.0096 0.4852 0.0040 0.4950 
 670      670   (0)      7 :  0.0054 0.1702 0.4057 0.0044 0.4143 
 671      671   (0)      7 :  0.0250 0.1718 0.4126 0.0168 0.3738 
 672      672   (0)      7 :  0.0076 0.0100 0.6905 0.0034 0.2885 
 673      673   (0)      7 :  0.0144 0.0150 0.4585 0.0194 0.4927 
 674      674   (0)      7 :  0.0172 0.0122 0.5157 0.0040 0.4509 
 675      675   (0)      7 :  0.0106 0.0056 0.5524 0.0194 0.4120 
 676      676   (0)      7 :  0.0112 0.0142 0.5019 0.0080 0.4647 
 677      677   (0)      7 :  0.0172 0.0304 0.3786 0.0050 0.5687 
 678      678   (0)      7 :  0.0084 0.0044 0.5503 0.0070 0.4299 
 679      679   (0)      7 :  0.0060 0.0184 0.4089 0.0040 0.5627 
 680      680   (0)      7 :  0.0044 0.0056 0.5180 0.0124 0.4596 
 681      681   (0)      7 :  0.0056 0.0036 0.4886 0.0050 0.4972 
 682      682   (0)      7 :  0.0050 0.0124 0.5979 0.0030 0.3817 
 683      683   (0)      7 :  0.0030 0.0030 0.6305 0.0030 0.3605 
 684      684   (0)      7 :  0.0106 0.0076 0.5906 0.0062 0.3850 
 685      685   (0)      7 :  0.0050 0.0044 0.4183 0.0064 0.5659 
 686      686   (0)      7 :  0.0056 0.0054 0.4594 0.0040 0.5256 
 687      687   (0)      7 :  0.0118 0.0136 0.4813 0.0110 0.4823 
 688      688   (0)      7 :  0.0368 0.0124 0.5045 0.0110 0.4353 
 689      689   (0)      7 :  0.0068 0.0040 0.5652 0.0080 0.4160 
 690      690   (0)      7 :  0.0040 0.0040 0.5290 0.0040 0.4590 
 691      691   (0)      7 :  0.0068 0.0056 0.4667 0.0030 0.5179 
 692      692   (0)      7 :  0.0080 0.0104 0.6383 0.0050 0.3383 
 693      693   (0)      7 :  0.0034 0.0062 0.6064 0.0050 0.3790 
 694      694   (0)      7 :  0.0038 0.0024 0.5102 0.0030 0.4806 
 695      695   (0)      7 :  0.0048 0.0040 0.4223 0.0032 0.5657 
 696      696   (0)      7 :  0.0114 0.0094 0.4248 0.0040 0.5504 
 697      697   (0)      7 :  0.0174 0.0062 0.4629 0.0090 0.5045 
 698      698   (0)      7 :  0.0086 0.0086 0.4886 0.0040 0.4902 
 699      699   (0)      7 :  0.0050 0.0074 0.4304 0.0074 0.5498 
 700      700   (0)      7 :  0.0096 0.0040 0.6613 0.0040 0.3211 
 701      701   (0)      7 :  0.0116 0.0420 0.4178 0.0064 0.5222 
 702      702   (0)      7 :  0.0056 0.0050 0.5529 0.0064 0.4301 
 703      703   (0)      7 :  0.0068 0.0062 0.4673 0.0044 0.5153 
 704      704   (0)      7 :  0.0042 0.0054 0.4430 0.0040 0.5434 
 705      705   (0)      7 :  0.0084 0.0054 0.3947 0.0070 0.5845 
 706      706   (0)      7 :  0.0148 0.0090 0.5864 0.0050 0.3848 
 707      707   (0)      8 :  0.0044 0.3680 0.0120 0.0034 0.6122 
 708      708   (0)      8 :  0.0040 0.5019 0.0030 0.0044 0.4867 
 709      709   (0)      8 :  0.0050 0.5412 0.0040 0.0040 0.4458 
 710      710   (0)      8 :  0.0154 0.4277 0.0044 0.0064 0.5461 
 711      711   (0)      8 :  0.0070 0.5699 0.0068 0.0058 0.4104 
 712      712   (0)      8 :  0.0036 0.5284 0.0034 0.0020 0.4626 
 713      713   (0)      8 :  0.0094 0.5503 0.0146 0.0142 0.4114 
 714      714   (0)      8 :  0.0070 0.5611 0.0092 0.0114 0.4113 
 715      715   (0)      8 :  0.0088 0.5349 0.0064 0.0034 0.4465 
 716      716   (0)      8 :  0.0118 0.5897 0.0122 0.0040 0.3823 
 717      717   (0)      8 :  0.0070 0.4996 0.0034 0.0068 0.4832 
 718      718   (0)      8 :  0.0096 0.6171 0.0100 0.0118 0.3515 
 719      719   (0)      8 :  0.0404 0.4882 0.0264 0.0042 0.4408 
 720      720   (0)      8 :  0.0160 0.3870 0.0064 0.0120 0.5786 
 721      721   (0)      8 :  0.0078 0.4374 0.0044 0.0030 0.5474 
 722      722   (0)      8 :  0.0166 0.4621 0.0040 0.0030 0.5143 
 723      723   (0)      8 :  0.0378 0.4706 0.0278 0.0132 0.4506 
 724      724   (0)      8 :  0.0112 0.6522 0.0040 0.0034 0.3292 
 725      725   (0)      8 :  0.0160 0.4621 0.0048 0.0060 0.5111 
 726      726   (0)      8 :  0.0064 0.3084 0.0128 0.0034 0.6689 
 727      727   (0)      8 :  0.0090 0.5292 0.0034 0.0136 0.4448 
 728      728   (0)      8 :  0.0050 0.6766 0.0044 0.0050 0.3090 
 729      729   (0)      8 :  0.0238 0.4311 0.0054 0.0064 0.5333 
 730      730   (0)      8 :  0.0318 0.4990 0.0044 0.0228 0.4420 
 731      731   (0)      8 :  0.0058 0.5027 0.0050 0.0050 0.4815 
 732      732   (0)      8 :  0.0552 0.3914 0.0160 0.0090 0.5284 
 733      733   (0)      8 :  0.0122 0.5422 0.0054 0.0052 0.4350 
 734      734   (0)      8 :  0.0072 0.5885 0.0174 0.0044 0.3824 
 735      735   (0)      8 :  0.0078 0.6039 0.0044 0.0044 0.3795 
 736      736   (0)      8 :  0.0184 0.4329 0.0100 0.0180 0.5207 
 737      737   (0)      8 :  0.0110 0.6538 0.0096 0.0044 0.3212 
 738      738   (0)      8 :  0.0080 0.5779 0.0030 0.0030 0.4081 
 739      739   (0)      8 :  0.0044 0.5159 0.0034 0.0042 0.4721 
 740      740   (0)      8 :  0.0056 0.4156 0.0094 0.0050 0.5644 
 741      741   (0)      8 :  0.0100 0.5028 0.0540 0.0040 0.4292 
 742      742   (0)      8 :  0.0244 0.3219 0.0110 0.0030 0.6397 
 743      743   (0)      8 :  0.0062 0.5069 0.0168 0.0054 0.4647 
 744      744   (0)      8 :  0.0348 0.4329 0.0074 0.0178 0.5071 
 745      745   (0)      8 :  0.0078 0.5374 0.0054 0.0046 0.4448 
 746      746   (0)      8 :  0.0104 0.6333 0.0082 0.0042 0.3439 
 747      747   (0)      8 :  0.0292 0.4780 0.0164 0.0050 0.4714 
 748      748   (0)      8 :  0.0232 0.7284 0.0066 0.0178 0.2240 
 749      749   (0)      8 :  0.0114 0.4282 0.0212 0.0100 0.5292 
 750      750   (0)      8 :  0.0128 0.4802 0.0030 0.0136 0.4904 
 751      751   (0)      8 :  0.0050 0.4714 0.0058 0.0464 0.4714 
 752      752   (0)      8 :  0.0096 0.4149 0.0098 0.0040 0.5617 
 753      753   (0)      8 :  0.0094 0.4852 0.0092 0.0044 0.4918 
 754      754   (0)      8 :  0.0040 0.4468 0.0040 0.0362 0.5090 
 755      755   (0)      8 :  0.0090 0.3658 0.0120 0.0094 0.6038 
 756      756   (0)      8 :  0.0066 0.5161 0.0074 0.0056 0.4643 
 757      757   (0)      8 :  0.0042 0.6277 0.0030 0.0030 0.3621 
 758      758   (0)      8 :  0.0118 0.4018 0.0064 0.0072 0.5728 
 759      759   (0)      8 :  0.0264 0.1772 0.0226 0.0446 0.7293 
 760      760   (0)      8 :  0.0058 0.4609 0.0160 0.0052 0.5121 
 761      761   (0)      8 :  0.0168 0.6763 0.0044 0.0056 0.2969 
 762      762   (0)      8 :  0.0082 0.6023 0.0064 0.0066 0.3765 
 763      763   (0)      8 :  0.0082 0.4172 0.0084 0.0030 0.5632 
 764      764   (0)      8 :  0.0120 0.4253 0.0076 0.0094 0.5457 
 765      765   (0)      8 :  0.0312 0.5939 0.0056 0.0306 0.3387 
 766      766   (0)      8 :  0.0144 0.5443 0.0040 0.0066 0.4307 
 767      767   (0)      8 :  0.0216 0.5178 0.0094 0.0074 0.4438 
 768      768   (0)      8 :  0.0114 0.4677 0.0434 0.0062 0.4713 
 769      769   (0)      8 :  0.0040 0.5750 0.0064 0.0060 0.4086 
 770      770   (0)      8 :  0.0046 0.5396 0.0092 0.0034 0.4432 
 771      771   (0)      8 :  0.0270 0.4518 0.0056 0.0096 0.5060 
 772      772   (0)      8 :  0.0064 0.5703 0.0290 0.0030 0.3913 
 773      773   (0)      8 :  0.0036 0.6616 0.0040 0.0054 0.3254 
 774      774   (0)      8 :  0.0066 0.5938 0.0138 0.0058 0.3800 
 775      775   (0)      8 :  0.0074 0.5626 0.0108 0.0030 0.4162 
 776      776   (0)      8 :  0.0040 0.6665 0.0038 0.0030 0.3227 
 777      777   (0)      8 :  0.0084 0.4770 0.0030 0.0124 0.4992 
 778      778   (0)      8 :  0.0056 0.6455 0.0068 0.0058 0.3363 
 779      779   (0)      8 :  0.0070 0.4892 0.0044 0.0044 0.4950 
 780      780   (0)      8 :  0.0126 0.4344 0.0044 0.0220 0.5266 
 781      781   (0)      8 :  0.0092 0.3960 0.0030 0.0102 0.5816 
 782      782   (0)      8 :  0.0074 0.4629 0.0064 0.0062 0.5171 
 783      783   (0)      8 :  0.0114 0.5769 0.0030 0.0090 0.3997 
 784      784   (0)      8 :  0.0040 0.4099 0.0080 0.0058 0.5723 
 785      785   (0)      8 :  0.0054 0.5528 0.0048 0.0054 0.4316 
 786      786   (0)      8 :  0.0056 0.5952 0.0054 0.0044 0.3894 
 787      787   (0)      8 :  0.0736 0.2603 0.0220 0.0138 0.6303 
 788      788   (0)      8 :  0.0080 0.5421 0.0364 0.0058 0.4078 
 789      789   (0)      8 :  0.2416 0.2159 0.0044 0.0156 0.5225 
 790      790   (0)      8 :  0.0182 0.3912 0.0150 0.0470 0.5286 
 791      791   (0)      8 :  0.0192 0.4336 0.0274 0.0064 0.5134 
 792      792   (0)      8 :  0.0078 0.4350 0.0030 0.0050 0.5492 
 793      793   (0)      8 :  0.0474 0.4591 0.0044 0.0068 0.4823 
 794      794   (0)      8 :  0.0274 0.3784 0.1232 0.0260 0.4449 
 795      795   (0)      8 :  0.0076 0.5280 0.0040 0.0052 0.4552 
 796      796   (0)      8 :  0.0214 0.5481 0.0216 0.0070 0.4019 
 797      797   (0)      8 :  0.0050 0.5998 0.0076 0.0030 0.3846 
 798      798   (0)      8 :  0.0550 0.2594 0.0124 0.0928 0.5805 
 799      799   (0)      8 :  0.0182 0.4151 0.0174 0.0056 0.5437 
 800      800   (0)      8 :  0.0128 0.5690 0.0064 0.0030 0.4088 
 801      801   (0)      8 :  0.0096 0.4353 0.0184 0.0034 0.5333 
 802      802   (0)      8 :  0.0034 0.5434 0.0076 0.0054 0.4402 
 803      803   (0)      8 :  0.0296 0.3226 0.0032 0.0042 0.6404 
 804      804   (0)      8 :  0.0072 0.7700 0.0096 0.0182 0.1950 
 805      805   (0)      8 :  0.0510 0.4636 0.0580 0.0082 0.4192 
 806      806   (0)      8 :  0.0100 0.2092 0.0070 0.0030 0.7708 
 807      807   (0)      9 :  0.9115 0.0422 0.0282 0.0046 0.0136 
 808      808   (0)      9 :  0.6963 0.2661 0.0060 0.0050 0.0266 
 809      809   (0)     10 :  0.8979 0.0140 0.0154 0.0172 0.0554 
 810      810   (0)     10 :  0.5229 0.0058 0.0030 0.1016 0.3667 
 811      811   (0)     10 :  0.9420 0.0118 0.0080 0.0078 0.0304 
 812      812   (0)     10 :  0.7231 0.0298 0.0044 0.1887 0.0540 
 813      813   (0)     10 :  0.8776 0.0062 0.0040 0.0056 0.1066 
 814      814   (0)     10 :  0.8272 0.0190 0.0086 0.0360 0.1092 
 815      815   (0)     10 :  0.8996 0.0078 0.0040 0.0060 0.0826 
 816      816   (0)     10 :  0.6835 0.0138 0.0034 0.0534 0.2459 
 817      817   (0)     10 :  0.5005 0.0142 0.0030 0.0592 0.4231 
 818      818   (0)     10 :  0.9368 0.0144 0.0084 0.0070 0.0334 
 819      819   (0)     10 :  0.7370 0.1246 0.0068 0.0066 0.1250 
 820      820   (0)     10 :  0.7444 0.0082 0.0070 0.0080 0.2324 
 821      821   (0)     10 :  0.5747 0.0276 0.0114 0.1563 0.2300 
 822      822   (0)     10 :  0.8266 0.0272 0.0034 0.0202 0.1226 
 823      823   (0)     10 :  0.7903 0.0054 0.0054 0.0354 0.1635 
 824      824   (0)     10 :  0.7095 0.0062 0.0034 0.0046 0.2763 
 825      825   (0)     10 :  0.5323 0.0094 0.0040 0.0036 0.4507 
 826      826   (0)     10 :  0.7550 0.1596 0.0172 0.0110 0.0572 
 827      827   (0)     10 :  0.6935 0.0080 0.0122 0.0130 0.2733 
 828      828   (0)     10 :  0.6986 0.0100 0.0116 0.0050 0.2748 
 829      829   (0)     10 :  0.8734 0.0068 0.0092 0.0040 0.1066 
 830      830   (0)     10 :  0.8243 0.0072 0.0122 0.0144 0.1419 
 831      831   (0)     10 :  0.7820 0.0214 0.0046 0.0108 0.1812 
 832      832   (0)     10 :  0.7552 0.0122 0.0098 0.0134 0.2094 
 833      833   (0)     10 :  0.6518 0.0086 0.0036 0.0442 0.2918 
 834      834   (0)     10 :  0.9420 0.0124 0.0128 0.0200 0.0128 
 835      835   (0)     10 :  0.8261 0.0224 0.0082 0.0106 0.1327 
 836      836   (0)     10 :  0.7844 0.0040 0.0030 0.0030 0.2056 
 837      837   (0)     10 :  0.6477 0.0864 0.0226 0.0076 0.2357 
 838      838   (0)     10 :  0.8437 0.0064 0.0100 0.0098 0.1301 
 839      839   (0)     10 :  0.8263 0.0380 0.0124 0.0280 0.0953 
 840      840   (0)     10 :  0.9598 0.0094 0.0056 0.0110 0.0142 
 841      841   (0)     10 :  0.8660 0.0214 0.0152 0.0082 0.0892 
 842      842   (0)     10 :  0.6409 0.0182 0.0182 0.0082 0.3145 
 843      843   (0)     10 :  0.7803 0.0412 0.0040 0.0086 0.1658 
 844      844   (0)     10 :  0.6879 0.0208 0.0030 0.0598 0.2285 
 845      845   (0)     10 :  0.9600 0.0068 0.0066 0.0074 0.0192 
 846      846   (0)     10 :  0.8022 0.0122 0.0084 0.0064 0.1708 
 847      847   (0)     10 :  0.7982 0.0190 0.0064 0.0078 0.1686 
 848      848   (0)     10 :  0.8297 0.0046 0.0062 0.1545 0.0050 
 849      849   (0)     10 :  0.9130 0.0126 0.0068 0.0062 0.0614 
 850      850   (0)     10 :  0.8053 0.0048 0.0040 0.0056 0.1803 
 851      851   (0)     10 :  0.7888 0.0080 0.0030 0.0170 0.1832 
 852      852   (0)     10 :  0.8034 0.0044 0.0170 0.0092 0.1660 
 853      853   (0)     10 :  0.9684 0.0062 0.0040 0.0044 0.0170 
 854      854   (0)     10 :  0.9606 0.0118 0.0054 0.0110 0.0112 
 855      855   (0)     10 :  0.8842 0.0288 0.0030 0.0204 0.0636 
 856      856   (0)     10 :  0.6430 0.0378 0.0044 0.0162 0.2986 
 857      857   (0)     10 :  0.5426 0.0096 0.0060 0.0982 0.3437 
 858      858   (0)     10 :  0.8052 0.0054 0.0040 0.0046 0.1807 
 859      859   (0)     10 :  0.9255 0.0106 0.0088 0.0060 0.0490 
 860      860   (0)     10 :  0.8370 0.0038 0.0074 0.0256 0.1262 
 861      861   (0)     10 :  0.9624 0.0154 0.0114 0.0060 0.0048 
 862      862   (0)     10 :  0.7120 0.0054 0.0098 0.0056 0.2672 
 863      863   (0)     10 :  0.6611 0.0390 0.0675 0.0458 0.1866 
 864      864   (0)     10 :  0.8192 0.0174 0.0560 0.0540 0.0534 
 865      865   (0)     10 :  0.5452 0.0142 0.0054 0.0272 0.4080 
 866      866   (0)     10 :  0.8196 0.0072 0.0048 0.0228 0.1456 
 867      867   (0)     10 :  0.8355 0.0066 0.0036 0.0068 0.1475 
 868      868   (0)     10 :  0.9284 0.0078 0.0216 0.0250 0.0172 
 869      869   (0)     10 :  0.6724 0.0034 0.0030 0.0140 0.3072 
 870      870   (0)     10 :  0.5257 0.0146 0.0048 0.0030 0.4519 
 871      871   (0)     10 :  0.6619 0.0662 0.0182 0.0070 0.2466 
 872      872   (0)     10 :  0.6509 0.1923 0.0146 0.0744 0.0678 
 873      873   (0)     10 :  0.6022 0.0278 0.0152 0.0062 0.3485 
 874      874   (0)     10 :  0.9338 0.0066 0.0050 0.0082 0.0464 
 875      875   (0)     10 :  0.7291 0.0050 0.0050 0.0194 0.2416 
 876      876   (0)     10 :  0.6823 0.0992 0.0044 0.0064 0.2076 
 877      877   (0)     10 :  0.8666 0.0166 0.0082 0.0558 0.0528 
 878      878   (0)     10 :  0.7948 0.0756 0.0156 0.0860 0.0280 
 879      879   (0)     10 :  0.6997 0.0148 0.0066 0.0136 0.2654 
 880      880   (0)     10 :  0.8214 0.0048 0.0030 0.0164 0.1544 
 881      881   (0)     10 :  0.9318 0.0180 0.0136 0.0034 0.0332 
 882      882   (0)     10 :  0.8976 0.0100 0.0046 0.0236 0.0642 
 883      883   (0)     10 :  0.3741 0.0356 0.0934 0.0504 0.4465 
 884      884   (0)     10 :  0.7381 0.0072 0.0066 0.0098 0.2383 
 885      885   (0)     10 :  0.9275 0.0408 0.0040 0.0050 0.0228 
 886      886   (0)     10 :  0.7808 0.0180 0.0050 0.0316 0.1646 
 887      887   (0)     10 :  0.7906 0.0280 0.0090 0.0140 0.1584 
 888      888   (0)     10 :  0.7658 0.0068 0.0034 0.0096 0.2144 
 889      889   (0)     10 :  0.9026 0.0066 0.0058 0.0042 0.0808 
 890      890   (0)     10 :  0.4982 0.1001 0.0116 0.0338 0.3563 
 891      891   (0)     10 :  0.5443 0.0412 0.0280 0.0108 0.3758 
 892      892   (0)     10 :  0.6516 0.0596 0.1808 0.0442 0.0638 
 893      893   (0)     10 :  0.6161 0.0088 0.0220 0.0212 0.3319 
 894      894   (0)     10 :  0.8206 0.0124 0.0104 0.0316 0.1251 
 895      895   (0)     10 :  0.4721 0.0212 0.0044 0.1317 0.3706 
 896      896   (0)     10 :  0.7122 0.0044 0.0098 0.0068 0.2668 
 897      897   (0)     10 :  0.7394 0.0150 0.0070 0.0076 0.2310 
 898      898   (0)     10 :  0.8354 0.0044 0.0074 0.0056 0.1472 
 899      899   (0)     10 :  0.6515 0.0068 0.0036 0.0088 0.3293 
 900      900   (0)     10 :  0.7284 0.0042 0.0030 0.0210 0.2434 
 901      901   (0)     10 :  0.6674 0.0504 0.0044 0.0068 0.2710 
 902      902   (0)     10 :  0.7337 0.0162 0.0134 0.0058 0.2310 
 903      903   (0)     10 :  0.9444 0.0198 0.0046 0.0090 0.0222 
 904      904   (0)     10 :  0.6295 0.0208 0.0388 0.0060 0.3049 
 905      905   (0)     10 :  0.9464 0.0104 0.0068 0.0222 0.0142 
 906      906   (0)     10 :  0.9480 0.0312 0.0096 0.0046 0.0066 
 907      907   (0)     10 :  0.6999 0.2463 0.0234 0.0060 0.0244 
 908      908   (0)     10 :  0.8472 0.0074 0.0038 0.0082 0.1334 
 909      909   (0)     11 :  0.6778 0.2286 0.0680 0.0048 0.0208 
 910      910   (0)     11 :  0.4552 0.2743 0.0106 0.0062 0.2537 
 911      911   (0)     11 :  0.5360 0.3208 0.0690 0.0530 0.0212 
 912      912   (0)     11 :  0.5584 0.3462 0.0080 0.0268 0.0606 
 913      913   (0)     11 :  0.3575 0.2510 0.0050 0.0070 0.3795 
 914      914   (0)     11 :  0.3652 0.2133 0.0050 0.0034 0.4131 
 915      915   (0)     11 :  0.5286 0.3112 0.0040 0.0078 0.1484 
 916      916   (0)     11 :  0.2974 0.1946 0.0060 0.0030 0.4990 
 917      917   (0)     11 :  0.4466 0.3203 0.0268 0.0060 0.2003 
 918      918   (0)     11 :  0.4130 0.2903 0.0312 0.0084 0.2571 
 919      919   (0)     11 :  0.4416 0.3021 0.0098 0.0094 0.2372 
 920      920   (0)     11 :  0.4762 0.3938 0.0108 0.0302 0.0890 
 921      921   (0)     11 :  0.5880 0.3842 0.0046 0.0188 0.0044 
 922      922   (0)     11 :  0.4436 0.2195 0.0062 0.0030 0.3277 
 923      923   (0)     11 :  0.4489 0.2776 0.0080 0.0096 0.2558 
 924      924   (0)     11 :  0.5642 0.2457 0.0030 0.0212 0.1658 
 925      925   (0)     11 :  0.3292 0.2801 0.0280 0.0052 0.3575 
 926      926   (0)     11 :  0.3712 0.3019 0.0086 0.0268 0.2915 
 927      927   (0)     11 :  0.5706 0.3836 0.0090 0.0074 0.0294 
 928      928   (0)     11 :  0.3389 0.2452 0.0050 0.0034 0.4075 
 929      929   (0)     11 :  0.5768 0.2029 0.0066 0.0034 0.2103 
 930      930   (0)     11 :  0.4198 0.2621 0.0064 0.0044 0.3073 
 931      931   (0)     11 :  0.4461 0.3088 0.0040 0.0030 0.2381 
 932      932   (0)     11 :  0.6212 0.3029 0.0206 0.0188 0.0366 
 933      933   (0)     11 :  0.4054 0.2095 0.0086 0.1326 0.2440 
 934      934   (0)     11 :  0.3820 0.3114 0.0062 0.0204 0.2800 
 935      935   (0)     11 :  0.5752 0.3490 0.0134 0.0066 0.0558 
 936      936   (0)     11 :  0.5358 0.3326 0.0054 0.0034 0.1228 
 937      937   (0)     11 :  0.5584 0.3554 0.0150 0.0072 0.0640 
 938      938   (0)     11 :  0.4455 0.2222 0.0120 0.0084 0.3119 
 939      939   (0)     11 :  0.5998 0.3634 0.0048 0.0046 0.0274 
 940      940   (0)     11 :  0.4456 0.3489 0.0598 0.0078 0.1379 
 941      941   (0)     11 :  0.2911 0.2160 0.0072 0.0050 0.4807 
 942      942   (0)     11 :  0.6036 0.3498 0.0040 0.0040 0.0386 
 943      943   (0)     11 :  0.4365 0.3173 0.0136 0.0124 0.2203 
 944      944   (0)     11 :  0.5716 0.3842 0.0246 0.0096 0.0100 
 945      945   (0)     11 :  0.0966 0.6734 0.0040 0.0106 0.2154 
 946      946   (0)     11 :  0.5213 0.3806 0.0140 0.0144 0.0697 
 947      947   (0)     11 :  0.5840 0.3878 0.0084 0.0024 0.0174 
 948      948   (0)     11 :  0.3948 0.2820 0.0150 0.0044 0.3038 
 949      949   (0)     11 :  0.3713 0.2748 0.0244 0.0168 0.3127 
 950      950   (0)     11 :  0.5438 0.3926 0.0116 0.0176 0.0344 
 951      951   (0)     11 :  0.4745 0.3081 0.0212 0.0278 0.1684 
 952      952   (0)     11 :  0.4978 0.3047 0.0056 0.0034 0.1886 
 953      953   (0)     11 :  0.3422 0.2616 0.0062 0.0140 0.3760 
 954      954   (0)     11 :  0.4884 0.2984 0.0032 0.0108 0.1992 
 955      955   (0)     11 :  0.3718 0.2288 0.0100 0.0048 0.3846 
 956      956   (0)     11 :  0.4822 0.2798 0.0598 0.0040 0.1742 
 957      957   (0)     11 :  0.3368 0.2235 0.0056 0.0170 0.4171 
 958      958   (0)     11 :  0.4916 0.3110 0.0256 0.0376 0.1343 
 959      959   (0)     11 :  0.4447 0.2624 0.0860 0.0058 0.2011 
 960      960   (0)     11 :  0.5546 0.4166 0.0070 0.0036 0.0182 
 961      961   (0)     11 :  0.4153 0.3181 0.0228 0.0050 0.2387 
 962      962   (0)     11 :  0.4297 0.3052 0.0204 0.0084 0.2363 
 963      963   (0)     11 :  0.6689 0.2861 0.0030 0.0372 0.0048 
 964      964   (0)     11 :  0.6851 0.1519 0.0070 0.0054 0.1506 
 965      965   (0)     11 :  0.4708 0.3753 0.0040 0.0044 0.1455 
 966      966   (0)     11 :  0.5769 0.3375 0.0204 0.0094 0.0558 
 967      967   (0)     11 :  0.5924 0.3364 0.0422 0.0068 0.0222 
 968      968   (0)     11 :  0.5292 0.3786 0.0434 0.0044 0.0444 
 969      969   (0)     11 :  0.5554 0.4078 0.0082 0.0040 0.0246 
 970      970   (0)     11 :  0.3335 0.2556 0.0208 0.0030 0.3872 
 971      971   (0)     11 :  0.5330 0.3646 0.0110 0.0066 0.0848 
 972      972   (0)     11 :  0.5470 0.4126 0.0142 0.0030 0.0232 
 973      973   (0)     11 :  0.4902 0.3148 0.0078 0.0124 0.1748 
 974      974   (0)     11 :  0.4187 0.2497 0.0090 0.0044 0.3182 
 975      975   (0)     11 :  0.4402 0.2813 0.0072 0.0062 0.2651 
 976      976   (0)     11 :  0.4766 0.3957 0.0464 0.0086 0.0726 
 977      977   (0)     11 :  0.5133 0.3048 0.0114 0.0040 0.1665 
 978      978   (0)     11 :  0.5846 0.3816 0.0188 0.0044 0.0106 
 979      979   (0)     11 :  0.5130 0.2589 0.0050 0.0114 0.2117 
 980      980   (0)     11 :  0.4842 0.3408 0.0076 0.0032 0.1642 
 981      981   (0)     11 :  0.4594 0.3370 0.0040 0.0160 0.1837 
 982      982   (0)     11 :  0.5736 0.3950 0.0052 0.0020 0.0242 
 983      983   (0)     11 :  0.4426 0.2920 0.0082 0.0140 0.2432 
 984      984   (0)     11 :  0.4927 0.3006 0.0056 0.0074 0.1937 
 985      985   (0)     11 :  0.3496 0.2298 0.0036 0.0130 0.4040 
 986      986   (0)     11 :  0.5722 0.3507 0.0544 0.0030 0.0196 
 987      987   (0)     11 :  0.4756 0.2972 0.0134 0.0054 0.2084 
 988      988   (0)     11 :  0.4191 0.2922 0.0086 0.0054 0.2747 
 989      989   (0)     11 :  0.4700 0.2899 0.0050 0.1215 0.1136 
 990      990   (0)     11 :  0.4371 0.3011 0.0112 0.0086 0.2420 
 991      991   (0)     11 :  0.4407 0.2285 0.0040 0.0038 0.3230 
 992      992   (0)     11 :  0.4636 0.1570 0.0120 0.0118 0.3556 
 993      993   (0)     11 :  0.0336 0.5461 0.0030 0.0166 0.4007 
 994      994   (0)     11 :  0.4256 0.2974 0.0074 0.0048 0.2648 
 995      995   (0)     11 :  0.4161 0.2665 0.0542 0.0106 0.2526 
 996      996   (0)     11 :  0.4618 0.3329 0.0526 0.0332 0.1195 
 997      997   (0)     11 :  0.5984 0.3081 0.0328 0.0064 0.0544 
 998      998   (0)     11 :  0.5346 0.3512 0.0110 0.0064 0.0968 
 999      999   (0)     11 :  0.4936 0.3432 0.0100 0.0100 0.1432 
1000     1000   (0)     11 :  0.3256 0.2734 0.0244 0.0030 0.3736 
1001     1001   (0)     11 :  0.5728 0.3240 0.0046 0.0394 0.0592 
1002     1002   (0)     11 :  0.5538 0.3506 0.0110 0.0062 0.0784 
1003     1003   (0)     11 :  0.4252 0.3186 0.0404 0.1808 0.0350 
1004     1004   (0)     11 :  0.3498 0.1965 0.0162 0.0058 0.4317 
1005     1005   (0)     11 :  0.3670 0.2697 0.0316 0.0030 0.3286 
1006     1006   (0)     11 :  0.5486 0.3486 0.0272 0.0058 0.0698 
1007     1007   (0)     11 :  0.1669 0.2274 0.0162 0.0040 0.5855 
1008     1008   (0)     11 :  0.4994 0.3263 0.0076 0.1315 0.0352 
1009     1009   (0)     12 :  0.0060 0.0110 0.0094 0.8470 0.1266 
1010     1010   (0)     12 :  0.0078 0.0060 0.0054 0.6821 0.2987 
1011     1011   (0)     12 :  0.0086 0.0034 0.0030 0.6116 0.3734 
1012     1012   (0)     12 :  0.0034 0.0036 0.0020 0.9029 0.0881 
1013     1013   (0)     12 :  0.0034 0.0024 0.0020 0.8838 0.1084 
1014     1014   (0)     12 :  0.0044 0.0050 0.0040 0.9422 0.0444 
1015     1015   (0)     12 :  0.0120 0.0044 0.0090 0.8630 0.1116 
1016     1016   (0)     12 :  0.0114 0.0058 0.0134 0.7128 0.2566 
1017     1017   (0)     12 :  0.0030 0.0034 0.0062 0.8388 0.1486 
1018     1018   (0)     12 :  0.0088 0.0150 0.0074 0.6096 0.3592 
1019     1019   (0)     12 :  0.0066 0.0876 0.0040 0.8247 0.0770 
1020     1020   (0)     12 :  0.0040 0.0034 0.0036 0.6807 0.3083 
1021     1021   (0)     12 :  0.0074 0.0070 0.0088 0.6397 0.3371 
1022     1022   (0)     12 :  0.0044 0.0106 0.0060 0.5761 0.4029 
1023     1023   (0)     12 :  0.0034 0.0024 0.0020 0.7805 0.2117 
1024     1024   (0)     12 :  0.0100 0.0080 0.0044 0.7660 0.2116 
1025     1025   (0)     12 :  0.0062 0.0048 0.0162 0.7578 0.2150 
1026     1026   (0)     12 :  0.0030 0.0040 0.0044 0.6865 0.3021 
1027     1027   (0)     12 :  0.0284 0.0116 0.1376 0.6888 0.1336 
1028     1028   (0)     12 :  0.0068 0.0034 0.0020 0.8122 0.1756 
1029     1029   (0)     12 :  0.0164 0.0044 0.0030 0.8244 0.1518 
1030     1030   (0)     12 :  0.0034 0.0038 0.0034 0.7225 0.2669 
1031     1031   (0)     12 :  0.0030 0.0030 0.0040 0.6757 0.3143 
1032     1032   (0)     12 :  0.0220 0.0300 0.0348 0.8026 0.1105 
1033     1033   (0)     12 :  0.0044 0.0034 0.0030 0.6881 0.3011 
1034     1034   (0)     12 :  0.0094 0.0166 0.0160 0.8585 0.0996 
1035     1035   (0)     12 :  0.0050 0.0044 0.0030 0.7171 0.2705 
1036     1036   (0)     12 :  0.0232 0.1050 0.0056 0.6343 0.2318 
1037     1037   (0)     12 :  0.0050 0.0034 0.0034 0.7564 0.2318 
1038     1038   (0)     12 :  0.0040 0.0034 0.0030 0.5948 0.3948 
1039     1039   (0)     12 :  0.0270 0.0092 0.0040 0.9106 0.0492 
1040     1040   (0)     12 :  0.0034 0.0040 0.0020 0.7469 0.2437 
1041     1041   (0)     12 :  0.0094 0.0064 0.0128 0.7231 0.2483 
1042     1042   (0)     12 :  0.1286 0.1152 0.0096 0.6340 0.1126 
1043     1043   (0)     12 :  0.0044 0.0040 0.0034 0.5172 0.4710 
1044     1044   (0)     12 :  0.0030 0.0046 0.0020 0.9363 0.0540 
1045     1045   (0)     12 :  0.0090 0.0078 0.0434 0.6462 0.2936 
1046     1046   (0)     12 :  0.0060 0.0052 0.0084 0.8527 0.1277 
1047     1047   (0)     12 :  0.0082 0.0130 0.0050 0.7092 0.2646 
1048     1048   (0)     12 :  0.0080 0.0064 0.0104 0.5953 0.3799 
1049     1049   (0)     12 :  0.0066 0.0034 0.0104 0.8461 0.1335 
1050     1050   (0)     12 :  0.0098 0.0056 0.0104 0.7908 0.1835 
1051     1051   (0)     12 :  0.0120 0.0034 0.0064 0.8000 0.1782 
1052     1052   (0)     12 :  0.0054 0.0036 0.0030 0.7377 0.2503 
1053     1053   (0)     12 :  0.0068 0.0044 0.0080 0.8338 0.1470 
1054     1054   (0)     12 :  0.0046 0.0084 0.0050 0.7646 0.2174 
1055     1055   (0)     12 :  0.0200 0.0058 0.0034 0.7039 0.2669 
1056     1056   (0)     12 :  0.0034 0.0040 0.0020 0.9866 0.0040 
1057     1057   (0)     12 :  0.0646 0.0424 0.0050 0.7807 0.1072 
1058     1058   (0)     12 :  0.0218 0.0124 0.0104 0.7700 0.1854 
1059     1059   (0)     12 :  0.0040 0.0040 0.0034 0.7931 0.1955 
1060     1060   (0)     12 :  0.0040 0.0040 0.0020 0.7218 0.2682 
1061     1061   (0)     12 :  0.1875 0.0218 0.0050 0.7601 0.0256 
1062     1062   (0)     12 :  0.0054 0.0034 0.0030 0.6933 0.2949 
1063     1063   (0)     12 :  0.0040 0.0064 0.0030 0.5993 0.3873 
1064     1064   (0)     12 :  0.0226 0.0064 0.0030 0.8632 0.1048 
1065     1065   (0)     12 :  0.0072 0.0140 0.0056 0.6866 0.2866 
1066     1066   (0)     12 :  0.0030 0.0030 0.0040 0.7238 0.2662 
1067     1067   (0)     12 :  0.0082 0.0148 0.0050 0.9226 0.0494 
1068     1068   (0)     12 :  0.0034 0.0030 0.0040 0.8251 0.1645 
1069     1069   (0)     12 :  0.0046 0.0064 0.0090 0.6519 0.3281 
1070     1070   (0)     12 :  0.0076 0.0036 0.0030 0.8339 0.1519 
1071     1071   (0)     12 :  0.0120 0.0044 0.0050 0.5854 0.3932 
1072     1072   (0)     12 :  0.0054 0.0064 0.0020 0.6343 0.3519 
1073     1073   (0)     12 :  0.0050 0.0044 0.0074 0.9792 0.0040 
1074     1074   (0)     12 :  0.0046 0.0068 0.0074 0.7338 0.2474 
1075     1075   (0)     12 :  0.0190 0.0062 0.0020 0.7009 0.2719 
1076     1076   (0)     12 :  0.0050 0.0076 0.0030 0.7480 0.2364 
1077     1077   (0)     12 :  0.0066 0.0252 0.0114 0.8162 0.1406 
1078     1078   (0)     12 :  0.0048 0.0034 0.0020 0.7172 0.2726 
1079     1079   (0)     12 :  0.0190 0.0754 0.0070 0.7383 0.1604 
1080     1080   (0)     12 :  0.0084 0.0538 0.0080 0.6691 0.2607 
1081     1081   (0)     12 :  0.0024 0.0030 0.0044 0.7837 0.2065 
1082     1082   (0)     12 :  0.0162 0.0060 0.0020 0.8155 0.1603 
1083     1083   (0)     12 :  0.1685 0.0250 0.0034 0.7773 0.0258 
1084     1084   (0)     12 :  0.0100 0.0766 0.0110 0.7587 0.1437 
1085     1085   (0)     12 :  0.0044 0.0078 0.0074 0.6872 0.2932 
1086     1086   (0)     12 :  0.0090 0.0110 0.0064 0.7383 0.2352 
1087     1087   (0)     12 :  0.0526 0.0066 0.0040 0.6719 0.2649 
1088     1088   (0)     12 :  0.0044 0.0062 0.0030 0.7528 0.2336 
1089     1089   (0)     12 :  0.0126 0.0050 0.0020 0.9330 0.0474 
1090     1090   (0)     12 :  0.0054 0.0040 0.0090 0.6804 0.3012 
1091     1091   (0)     12 :  0.0030 0.0034 0.0040 0.7185 0.2711 
1092     1092   (0)     12 :  0.0100 0.0050 0.0044 0.6886 0.2920 
1093     1093   (0)     12 :  0.0072 0.0070 0.0030 0.8060 0.1768 
1094     1094   (0)     12 :  0.0050 0.0044 0.0044 0.7445 0.2417 
1095     1095   (0)     12 :  0.0064 0.0024 0.0030 0.7948 0.1934 
1096     1096   (0)     12 :  0.0054 0.0060 0.0020 0.7754 0.2112 
1097     1097   (0)     12 :  0.0032 0.0030 0.0020 0.7828 0.2090 
1098     1098   (0)     12 :  0.0068 0.0034 0.0040 0.7136 0.2722 
1099     1099   (0)     12 :  0.0080 0.0096 0.0154 0.5738 0.3932 
1100     1100   (0)     12 :  0.0168 0.0122 0.0040 0.7998 0.1672 
1101     1101   (0)     12 :  0.0056 0.0090 0.0102 0.7442 0.2310 
1102     1102   (0)     12 :  0.0100 0.0052 0.0044 0.5850 0.3954 
1103     1103   (0)     12 :  0.0054 0.0094 0.0020 0.7746 0.2086 
1104     1104   (0)     12 :  0.0040 0.0050 0.0030 0.7758 0.2122 
1105     1105   (0)     12 :  0.0100 0.0112 0.0040 0.8013 0.1735 
1106     1106   (0)     12 :  0.0050 0.0046 0.0050 0.7033 0.2821 
1107     1107   (0)     12 :  0.0050 0.0034 0.0020 0.7652 0.2244 
1108     1108   (0)     12 :  0.0246 0.0090 0.0076 0.8981 0.0608 
1109     1109   (0)     13 :  0.0054 0.0062 0.7644 0.0040 0.2200 
1110     1110   (0)     13 :  0.0166 0.0136 0.6632 0.0690 0.2376 
1111     1111   (0)     13 :  0.0040 0.0042 0.6015 0.0070 0.3833 
1112     1112   (0)     13 :  0.0122 0.0190 0.8559 0.0180 0.0948 
1113     1113   (0)     13 :  0.0118 0.0276 0.9330 0.0112 0.0164 
1114     1114   (0)     13 :  0.0030 0.0044 0.7876 0.0030 0.2020 
1115     1115   (0)     13 :  0.0054 0.0050 0.8403 0.0080 0.1413 
1116     1116   (0)     13 :  0.0080 0.0116 0.7249 0.0034 0.2521 
1117     1117   (0)     13 :  0.0070 0.0126 0.9360 0.0160 0.0284 
1118     1118   (0)     13 :  0.0060 0.0074 0.6018 0.0154 0.3694 
1119     1119   (0)     13 :  0.0422 0.0048 0.7782 0.0024 0.1724 
1120     1120   (0)     13 :  0.0108 0.0066 0.7484 0.0040 0.2303 
1121     1121   (0)     13 :  0.0060 0.0048 0.6976 0.0040 0.2876 
1122     1122   (0)     13 :  0.0186 0.0070 0.8151 0.0118 0.1475 
1123     1123   (0)     13 :  0.0094 0.0034 0.6335 0.0034 0.3503 
1124     1124   (0)     13 :  0.0128 0.0058 0.7190 0.0286 0.2339 
1125     1125   (0)     13 :  0.0056 0.0094 0.7802 0.0060 0.1988 
1126     1126   (0)     13 :  0.0030 0.0030 0.7658 0.0020 0.2262 
1127     1127   (0)     13 :  0.0070 0.0176 0.7695 0.0030 0.2029 
1128     1128   (0)     13 :  0.0040 0.0076 0.7165 0.0044 0.2675 
1129     1129   (0)     13 :  0.0200 0.0058 0.8085 0.0074 0.1583 
1130     1130   (0)     13 :  0.0092 0.0054 0.8794 0.0438 0.0622 
1131     1131   (0)     13 :  0.0106 0.0162 0.6499 0.0740 0.2493 
1132     1132   (0)     13 :  0.0264 0.0142 0.6754 0.0274 0.2566 
1133     1133   (0)     13 :  0.0050 0.0094 0.8441 0.1170 0.0244 
1134     1134   (0)     13 :  0.0046 0.0074 0.6991 0.0068 0.2821 
1135     1135   (0)     13 :  0.0056 0.0154 0.9218 0.0040 0.0532 
1136     1136   (0)     13 :  0.0206 0.0154 0.8754 0.0256 0.0630 
1137     1137   (0)     13 :  0.0040 0.0100 0.7556 0.0080 0.2224 
1138     1138   (0)     13 :  0.0076 0.0286 0.8397 0.0120 0.1120 
1139     1139   (0)     13 :  0.0306 0.0410 0.8838 0.0040 0.0406 
1140     1140   (0)     13 :  0.0030 0.0062 0.7934 0.0030 0.1944 
1141     1141   (0)     13 :  0.0050 0.0066 0.7699 0.0020 0.2165 
1142     1142   (0)     13 :  0.0072 0.0078 0.7105 0.0060 0.2685 
1143     1143   (0)     13 :  0.0034 0.0056 0.7598 0.0030 0.2282 
1144     1144   (0)     13 :  0.0036 0.0054 0.7097 0.0040 0.2773 
1145     1145   (0)     13 :  0.0120 0.0186 0.6344 0.0178 0.3172 
1146     1146   (0)     13 :  0.0040 0.0060 0.8036 0.0040 0.1824 
1147     1147   (0)     13 :  0.0040 0.0048 0.6780 0.0050 0.3082 
1148     1148   (0)     13 :  0.0050 0.0076 0.6864 0.0052 0.2958 
1149     1149   (0)     13 :  0.0026 0.0046 0.6673 0.0020 0.3235 
1150     1150   (0)     13 :  0.0330 0.0674 0.7371 0.0198 0.1428 
1151     1151   (0)     13 :  0.0030 0.0040 0.7534 0.0030 0.2366 
1152     1152   (0)     13 :  0.0070 0.0086 0.7211 0.0040 0.2593 
1153     1153   (0)     13 :  0.0064 0.0054 0.6219 0.0030 0.3633 
1154     1154   (0)     13 :  0.0068 0.0062 0.8008 0.0030 0.1832 
1155     1155   (0)     13 :  0.0144 0.0062 0.7120 0.0030 0.2644 
1156     1156   (0)     13 :  0.0092 0.0096 0.7717 0.0034 0.2061 
1157     1157   (0)     13 :  0.0088 0.0068 0.8784 0.0030 0.1030 
1158     1158   (0)     13 :  0.0052 0.0066 0.8934 0.0020 0.0928 
1159     1159   (0)     13 :  0.0088 0.0104 0.6291 0.0146 0.3371 
1160     1160   (0)     13 :  0.1604 0.0040 0.6938 0.0122 0.1296 
1161     1161   (0)     13 :  0.0172 0.0312 0.6501 0.0044 0.2971 
1162     1162   (0)     13 :  0.0390 0.0308 0.6852 0.0134 0.2316 
1163     1163   (0)     13 :  0.0030 0.0044 0.9832 0.0040 0.0054 
1164     1164   (0)     13 :  0.0166 0.0030 0.8448 0.0050 0.1306 
1165     1165   (0)     13 :  0.1419 0.0428 0.6283 0.0132 0.1737 
1166     1166   (0)     13 :  0.0076 0.0034 0.7184 0.0080 0.2626 
1167     1167   (0)     13 :  0.0090 0.0064 0.6817 0.0774 0.2254 
1168     1168   (0)     13 :  0.0106 0.0034 0.7163 0.0040 0.2657 
1169     1169   (0)     13 :  0.0074 0.0070 0.7730 0.0030 0.2096 
1170     1170   (0)     13 :  0.0272 0.0090 0.7137 0.0070 0.2432 
1171     1171   (0)     13 :  0.0614 0.0152 0.7037 0.0034 0.2163 
1172     1172   (0)     13 :  0.0062 0.0072 0.8382 0.0050 0.1434 
1173     1173   (0)     13 :  0.0270 0.0913 0.8316 0.0074 0.0426 
1174     1174   (0)     13 :  0.0296 0.0052 0.6743 0.0050 0.2859 
1175     1175   (0)     13 :  0.0312 0.0194 0.7646 0.0032 0.1816 
1176     1176   (0)     13 :  0.0042 0.0250 0.7575 0.0030 0.2103 
1177     1177   (0)     13 :  0.0068 0.0076 0.7493 0.0170 0.2194 
1178     1178   (0)     13 :  0.0118 0.0060 0.8036 0.0150 0.1636 
1179     1179   (0)     13 :  0.0064 0.0082 0.7239 0.0070 0.2545 
1180     1180   (0)     13 :  0.0058 0.0136 0.8172 0.0024 0.1610 
1181     1181   (0)     13 :  0.0040 0.0062 0.8296 0.0050 0.1552 
1182     1182   (0)     13 :  0.0272 0.0106 0.8082 0.0040 0.1500 
1183     1183   (0)     13 :  0.0268 0.0152 0.7954 0.0030 0.1596 
1184     1184   (0)     13 :  0.0090 0.0054 0.5589 0.0030 0.4237 
1185     1185   (0)     13 :  0.0558 0.1388 0.6753 0.0050 0.1252 
1186     1186   (0)     13 :  0.0064 0.0086 0.6961 0.0102 0.2787 
1187     1187   (0)     13 :  0.0040 0.0044 0.8168 0.0030 0.1718 
1188     1188   (0)     13 :  0.0050 0.0054 0.6385 0.0040 0.3471 
1189     1189   (0)     13 :  0.0030 0.0030 0.8768 0.0024 0.1148 
1190     1190   (0)     13 :  0.0140 0.0058 0.7143 0.0100 0.2558 
1191     1191   (0)     13 :  0.0202 0.0078 0.8586 0.0030 0.1104 
1192     1192   (0)     13 :  0.0048 0.0040 0.6573 0.0030 0.3309 
1193     1193   (0)     13 :  0.0814 0.0086 0.7033 0.0062 0.2005 
1194     1194   (0)     13 :  0.0258 0.0216 0.7848 0.0024 0.1654 
1195     1195   (0)     13 :  0.0400 0.0096 0.7438 0.0070 0.1996 
1196     1196   (0)     13 :  0.0108 0.0066 0.7892 0.0134 0.1800 
1197     1197   (0)     13 :  0.0040 0.0062 0.8589 0.0030 0.1279 
1198     1198   (0)     13 :  0.0098 0.0106 0.9131 0.0088 0.0576 
1199     1199   (0)     13 :  0.0030 0.0052 0.8776 0.0030 0.1112 
1200     1200   (0)     13 :  0.0030 0.0040 0.9856 0.0024 0.0050 
1201     1201   (0)     13 :  0.0050 0.0064 0.6447 0.0060 0.3379 
1202     1202   (0)     13 :  0.0702 0.0030 0.8914 0.0072 0.0282 
1203     1203   (0)     13 :  0.0050 0.0050 0.8214 0.0050 0.1636 
1204     1204   (0)     13 :  0.0060 0.0084 0.7431 0.0060 0.2365 
1205     1205   (0)     13 :  0.0042 0.0034 0.6309 0.0072 0.3543 
1206     1206   (0)     13 :  0.0230 0.0072 0.7283 0.0160 0.2256 
1207     1207   (0)     13 :  0.0030 0.0078 0.6845 0.0020 0.3027 
1208     1208   (0)     13 :  0.0034 0.0056 0.8090 0.0030 0.1790 
1209     1209   (0)     14 :  0.0078 0.8632 0.0290 0.0024 0.0976 
1210     1210   (0)     14 :  0.0080 0.7207 0.0044 0.0156 0.2513 
1211     1211   (0)     14 :  0.0190 0.7381 0.0798 0.0064 0.1566 
1212     1212   (0)     14 :  0.0116 0.7692 0.0054 0.0074 0.2064 
1213     1213   (0)     14 :  0.0950 0.8177 0.0040 0.0096 0.0738 
1214     1214   (0)     14 :  0.0066 0.7423 0.0132 0.0242 0.2138 
1215     1215   (0)     14 :  0.0188 0.7307 0.0058 0.0040 0.2407 
1216     1216   (0)     14 :  0.0108 0.7153 0.0064 0.0092 0.2583 
1217     1217   (0)     14 :  0.0096 0.8554 0.0132 0.0064 0.1154 
1218     1218   (0)     14 :  0.0126 0.7922 0.0106 0.0232 0.1614 
1219     1219   (0)     14 :  0.0076 0.9165 0.0062 0.0046 0.0652 
1220     1220   (0)     14 :  0.0202 0.8740 0.0142 0.0074 0.0842 
1221     1221   (0)     14 :  0.0434 0.6470 0.0062 0.0318 0.2716 
1222     1222   (0)     14 :  0.0236 0.7471 0.0416 0.0170 0.1707 
1223     1223   (0)     14 :  0.0138 0.8340 0.0134 0.0050 0.1338 
1224     1224   (0)     14 :  0.0056 0.9578 0.0072 0.0222 0.0072 
1225     1225   (0)     14 :  0.0096 0.8160 0.0040 0.0096 0.1608 
1226     1226   (0)     14 :  0.0050 0.5067 0.0068 0.0260 0.4555 
1227     1227   (0)     14 :  0.0064 0.6595 0.0098 0.0094 0.3149 
1228     1228   (0)     14 :  0.0170 0.8735 0.0114 0.0891 0.0090 
1229     1229   (0)     14 :  0.0078 0.9544 0.0248 0.0074 0.0056 
1230     1230   (0)     14 :  0.0200 0.9286 0.0056 0.0140 0.0318 
1231     1231   (0)     14 :  0.0060 0.8408 0.0810 0.0610 0.0112 
1232     1232   (0)     14 :  0.0086 0.6414 0.0114 0.0060 0.3326 
1233     1233   (0)     14 :  0.0144 0.5174 0.0078 0.0108 0.4496 
1234     1234   (0)     14 :  0.0136 0.9046 0.0408 0.0044 0.0366 
1235     1235   (0)     14 :  0.0054 0.6546 0.0044 0.0082 0.3274 
1236     1236   (0)     14 :  0.0096 0.8700 0.0066 0.0198 0.0940 
1237     1237   (0)     14 :  0.0036 0.7039 0.0044 0.0040 0.2841 
1238     1238   (0)     14 :  0.0064 0.7129 0.0046 0.1952 0.0810 
1239     1239   (0)     14 :  0.0072 0.8394 0.0140 0.0040 0.1354 
1240     1240   (0)     14 :  0.0052 0.7821 0.0054 0.0034 0.2039 
1241     1241   (0)     14 :  0.0042 0.7247 0.0054 0.0060 0.2597 
1242     1242   (0)     14 :  0.0342 0.6435 0.0106 0.0578 0.2539 
1243     1243   (0)     14 :  0.0120 0.7858 0.0146 0.0984 0.0892 
1244     1244   (0)     14 :  0.0076 0.7644 0.0052 0.0080 0.2148 
1245     1245   (0)     14 :  0.0292 0.7738 0.1666 0.0134 0.0170 
1246     1246   (0)     14 :  0.0088 0.8011 0.0040 0.0108 0.1753 
1247     1247   (0)     14 :  0.0060 0.6058 0.0064 0.0044 0.3774 
1248     1248   (0)     14 :  0.0034 0.8070 0.0034 0.0038 0.1824 
1249     1249   (0)     14 :  0.0072 0.6352 0.0240 0.0040 0.3296 
1250     1250   (0)     14 :  0.0062 0.9296 0.0062 0.0156 0.0424 
1251     1251   (0)     14 :  0.0240 0.7942 0.0060 0.0106 0.1652 
1252     1252   (0)     14 :  0.0138 0.6771 0.0398 0.0044 0.2649 
1253     1253   (0)     14 :  0.0068 0.7950 0.0040 0.0084 0.1858 
1254     1254   (0)     14 :  0.0272 0.6290 0.0104 0.0080 0.3254 
1255     1255   (0)     14 :  0.0278 0.8576 0.0390 0.0068 0.0688 
1256     1256   (0)     14 :  0.0044 0.6451 0.0034 0.0076 0.3395 
1257     1257   (0)     14 :  0.0040 0.6773 0.1208 0.0030 0.1950 
1258     1258   (0)     14 :  0.0066 0.6725 0.0038 0.0036 0.3135 
1259     1259   (0)     14 :  0.0108 0.9528 0.0088 0.0088 0.0188 
1260     1260   (0)     14 :  0.0080 0.7666 0.0048 0.0070 0.2136 
1261     1261   (0)     14 :  0.0056 0.9700 0.0080 0.0060 0.0104 
1262     1262   (0)     14 :  0.0112 0.8405 0.0148 0.0224 0.1112 
1263     1263   (0)     14 :  0.0196 0.8524 0.0078 0.0332 0.0870 
1264     1264   (0)     14 :  0.0086 0.8962 0.0044 0.0030 0.0878 
1265     1265   (0)     14 :  0.0108 0.8658 0.0040 0.0060 0.1134 
1266     1266   (0)     14 :  0.0050 0.9190 0.0060 0.0074 0.0626 
1267     1267   (0)     14 :  0.0074 0.9240 0.0072 0.0214 0.0400 
1268     1268   (0)     14 :  0.0076 0.7077 0.0030 0.0034 0.2783 
1269     1269   (0)     14 :  0.0076 0.5329 0.0068 0.0060 0.4467 
1270     1270   (0)     14 :  0.0048 0.4654 0.0500 0.0058 0.4740 
1271     1271   (0)     14 :  0.0132 0.8544 0.0052 0.0270 0.1002 
1272     1272   (0)     14 :  0.0340 0.8125 0.0058 0.0030 0.1446 
1273     1273   (0)     14 :  0.0192 0.8540 0.0072 0.0070 0.1126 
1274     1274   (0)     14 :  0.0102 0.9112 0.0056 0.0114 0.0616 
1275     1275   (0)     14 :  0.0068 0.8650 0.0434 0.0400 0.0448 
1276     1276   (0)     14 :  0.0092 0.8395 0.0108 0.0046 0.1359 
1277     1277   (0)     14 :  0.0070 0.6305 0.0120 0.0054 0.3451 
1278     1278   (0)     14 :  0.0572 0.8328 0.0072 0.0124 0.0904 
1279     1279   (0)     14 :  0.0144 0.8119 0.0076 0.0084 0.1577 
1280     1280   (0)     14 :  0.0056 0.7169 0.0176 0.0072 0.2528 
1281     1281   (0)     14 :  0.0060 0.6817 0.0330 0.0054 0.2740 
1282     1282   (0)     14 :  0.0128 0.9256 0.0034 0.0034 0.0548 
1283     1283   (0)     14 :  0.0066 0.7071 0.0228 0.0066 0.2570 
1284     1284   (0)     14 :  0.0206 0.7896 0.0050 0.0148 0.1700 
1285     1285   (0)     14 :  0.0136 0.5592 0.0098 0.0040 0.4133 
1286     1286   (0)     14 :  0.0434 0.8649 0.0030 0.0580 0.0308 
1287     1287   (0)     14 :  0.0052 0.7868 0.0034 0.0050 0.1996 
1288     1288   (0)     14 :  0.0090 0.7078 0.0088 0.0030 0.2714 
1289     1289   (0)     14 :  0.0056 0.8132 0.0024 0.0170 0.1618 
1290     1290   (0)     14 :  0.0054 0.7720 0.0034 0.0030 0.2162 
1291     1291   (0)     14 :  0.0080 0.8387 0.0030 0.0044 0.1459 
1292     1292   (0)     14 :  0.0118 0.7287 0.0134 0.0038 0.2423 
1293     1293   (0)     14 :  0.0046 0.5874 0.1449 0.0030 0.2601 
1294     1294   (0)     14 :  0.0142 0.7861 0.0176 0.0040 0.1781 
1295     1295   (0)     14 :  0.0072 0.7422 0.0122 0.0044 0.2340 
1296     1296   (0)     14 :  0.0126 0.6308 0.0110 0.0146 0.3310 
1297     1297   (0)     14 :  0.0052 0.9190 0.0344 0.0072 0.0342 
1298     1298   (0)     14 :  0.0144 0.8185 0.0236 0.0044 0.1392 
1299     1299   (0)     14 :  0.0126 0.8564 0.0060 0.0040 0.1210 
1300     1300   (0)     14 :  0.0124 0.7693 0.0500 0.0054 0.1629 
1301     1301   (0)     14 :  0.0146 0.7933 0.0030 0.0078 0.1813 
1302     1302   (0)     14 :  0.0078 0.9668 0.0070 0.0050 0.0134 
1303     1303   (0)     14 :  0.0098 0.7921 0.0106 0.0074 0.1801 
1304     1304   (0)     14 :  0.0162 0.6649 0.2843 0.0142 0.0204 
1305     1305   (0)     14 :  0.0040 0.8741 0.0066 0.0034 0.1118 
1306     1306   (0)     14 :  0.0228 0.7729 0.0160 0.0124 0.1759 
1307     1307   (0)     14 :  0.0484 0.7949 0.0814 0.0338 0.0416 
1308     1308   (0)     14 :  0.0060 0.7316 0.0068 0.0246 0.2310 
1309     1309  (10)     15 :  0.9572 0.0186 0.0138 0.0046 0.0058 
1310     1310   (5)     15 :  0.9374 0.0120 0.0250 0.0202 0.0054 
1311     1311   (5)     15 :  0.6168 0.0266 0.0348 0.0130 0.3087 
1312     1312   (5)     15 :  0.9838 0.0062 0.0040 0.0030 0.0030 
1313     1313  (10)     15 :  0.8333 0.0538 0.0260 0.0192 0.0676 
1314     1314   (5)     15 :  0.4746 0.0758 0.0278 0.0232 0.3986 
1315     1315  (10)     15 :  0.9026 0.0560 0.0130 0.0050 0.0234 
1316     1316   (0)     15 :  0.8405 0.0132 0.0040 0.1332 0.0092 
1317     1317   (0)     15 :  0.9578 0.0144 0.0126 0.0030 0.0122 
1318     1318   (0)     15 :  0.9780 0.0056 0.0030 0.0094 0.0040 
1319     1319   (0)     15 :  0.9744 0.0050 0.0054 0.0082 0.0070 
1320     1320   (0)     15 :  0.9101 0.0136 0.0394 0.0036 0.0334 
1321     1321   (0)     15 :  0.9760 0.0078 0.0024 0.0060 0.0078 
1322     1322   (0)     15 :  0.7887 0.1445 0.0044 0.0072 0.0552 
1323     1323   (0)     15 :  0.8219 0.1159 0.0470 0.0040 0.0112 
1324     1324   (0)     15 :  0.8543 0.0944 0.0210 0.0050 0.0252 
1325     1325   (0)     15 :  0.9100 0.0100 0.0152 0.0050 0.0598 
1326     1326   (0)     15 :  0.6024 0.0246 0.0210 0.0074 0.3445 
1327     1327   (0)     15 :  0.9702 0.0096 0.0034 0.0102 0.0066 
1328     1328   (5)     15 :  0.8502 0.0050 0.0030 0.1246 0.0172 
1329     1329   (0)     15 :  0.8913 0.0298 0.0452 0.0068 0.0268 
1330     1330   (0)     15 :  0.8369 0.0164 0.0596 0.0066 0.0806 
1331     1331   (5)     15 :  0.9466 0.0068 0.0058 0.0172 0.0236 
1332     1332   (5)     15 :  0.9700 0.0064 0.0030 0.0104 0.0102 
1333     1333   (0)     15 :  0.7604 0.0796 0.0296 0.0800 0.0504 
1334     1334   (0)     15 :  0.9164 0.0118 0.0030 0.0086 0.0602 
1335     1335   (0)     15 :  0.8896 0.0308 0.0636 0.0052 0.0108 
1336     1336   (0)     15 :  0.9764 0.0064 0.0056 0.0076 0.0040 
1337     1337   (0)     15 :  0.9742 0.0078 0.0056 0.0094 0.0030 
1338     1338   (0)     15 :  0.9656 0.0190 0.0046 0.0056 0.0052 
1339     1339   (0)     15 :  0.9652 0.0046 0.0026 0.0250 0.0026 
1340     1340   (0)     15 :  0.9736 0.0058 0.0084 0.0040 0.0082 
1341     1341   (0)     15 :  0.8728 0.0152 0.0092 0.0682 0.0346 
1342     1342   (0)     15 :  0.5241 0.4329 0.0174 0.0216 0.0040 
1343     1343   (0)     15 :  0.9564 0.0122 0.0062 0.0072 0.0180 
1344     1344   (0)     15 :  0.9504 0.0106 0.0062 0.0050 0.0278 
1345     1345   (0)     15 :  0.6315 0.2448 0.0250 0.0260 0.0726 
1346     1346   (0)     15 :  0.9766 0.0056 0.0060 0.0072 0.0046 
1347     1347   (0)     15 :  0.8817 0.0296 0.0066 0.0448 0.0372 
1348     1348   (0)     15 :  0.8278 0.1504 0.0052 0.0040 0.0126 
1349     1349   (0)     15 :  0.9100 0.0116 0.0696 0.0026 0.0062 
1350     1350   (0)     15 :  0.9168 0.0488 0.0232 0.0040 0.0072 
1351     1351   (0)     16 :  0.9264 0.0218 0.0066 0.0094 0.0358 
1352     1352   (0)     16 :  0.9388 0.0096 0.0380 0.0096 0.0040 
1353     1353   (0)     16 :  0.9430 0.0152 0.0072 0.0068 0.0278 
1354     1354   (0)     16 :  0.9458 0.0152 0.0226 0.0066 0.0098 
1355     1355   (0)     16 :  0.8908 0.0618 0.0130 0.0136 0.0208 
1356     1356   (0)     16 :  0.9520 0.0186 0.0076 0.0076 0.0142 
1357     1357   (0)     16 :  0.9542 0.0086 0.0044 0.0228 0.0100 
1358     1358   (0)     16 :  0.7902 0.0166 0.1776 0.0036 0.0120 
1359     1359   (0)     16 :  0.7070 0.1042 0.0034 0.0060 0.1794 
1360     1360   (0)     16 :  0.9728 0.0098 0.0040 0.0066 0.0068 
1361     1361   (0)     16 :  0.8667 0.0084 0.0228 0.0772 0.0250 
1362     1362   (0)     16 :  0.9308 0.0462 0.0032 0.0046 0.0152 
1363     1363   (0)     16 :  0.9772 0.0092 0.0034 0.0072 0.0030 
1364     1364   (0)     16 :  0.8733 0.0206 0.0078 0.0140 0.0844 
1365     1365   (0)     16 :  0.9489 0.0072 0.0274 0.0116 0.0048 
1366     1366   (0)     16 :  0.7760 0.1626 0.0064 0.0458 0.0092 
1367     1367   (0)     16 :  0.9268 0.0186 0.0210 0.0122 0.0214 
1368     1368   (0)     16 :  0.9246 0.0242 0.0160 0.0050 0.0302 
1369     1369   (0)     16 :  0.8097 0.0070 0.0102 0.0298 0.1433 
1370     1370   (0)     16 :  0.9558 0.0056 0.0034 0.0098 0.0254 
1371     1371   (0)     16 :  0.9368 0.0352 0.0046 0.0188 0.0046 
1372     1372   (0)     16 :  0.8038 0.0132 0.0154 0.1372 0.0304 
1373     1373   (0)     16 :  0.9590 0.0062 0.0100 0.0074 0.0174 
1374     1374   (0)     16 :  0.8942 0.0442 0.0196 0.0158 0.0262 
1375     1375   (0)     16 :  0.7163 0.2516 0.0080 0.0046 0.0194 
1376     1376   (0)     16 :  0.8033 0.0424 0.0084 0.0679 0.0779 
1377     1377   (0)     16 :  0.9816 0.0044 0.0030 0.0070 0.0040 
1378     1378   (0)     16 :  0.7778 0.0056 0.0040 0.0158 0.1968 
1379     1379   (0)     16 :  0.9664 0.0082 0.0128 0.0050 0.0076 
1380     1380   (0)     16 :  0.9500 0.0338 0.0082 0.0040 0.0040 
1381     1381   (0)     16 :  0.9214 0.0076 0.0510 0.0124 0.0076 
1382     1382   (0)     16 :  0.8056 0.0072 0.0040 0.0056 0.1776 
1383     1383   (0)     16 :  0.9772 0.0078 0.0050 0.0054 0.0046 
1384     1384   (0)     16 :  0.9666 0.0126 0.0040 0.0078 0.0090 
1385     1385   (0)     16 :  0.9772 0.0060 0.0082 0.0056 0.0030 
1386     1386   (0)     16 :  0.9018 0.0178 0.0078 0.0258 0.0468 
1387     1387   (0)     16 :  0.9594 0.0114 0.0040 0.0176 0.0076 
1388     1388   (0)     16 :  0.9604 0.0158 0.0064 0.0088 0.0086 
1389     1389   (0)     16 :  0.9660 0.0088 0.0054 0.0144 0.0054 
1390     1390   (0)     16 :  0.7122 0.0286 0.0076 0.0636 0.1880 
1391     1391   (0)     16 :  0.9728 0.0048 0.0040 0.0140 0.0044 
1392     1392   (0)     16 :  0.9426 0.0118 0.0050 0.0246 0.0160 
1393     1393   (0)     16 :  0.8326 0.0332 0.0062 0.0126 0.1154 
1394     1394   (0)     16 :  0.8535 0.0114 0.0030 0.0158 0.1164 
1395     1395   (0)     16 :  0.9344 0.0042 0.0088 0.0136 0.0390 
1396     1396   (0)     16 :  0.9064 0.0756 0.0044 0.0046 0.0090 
1397     1397   (0)     16 :  0.7309 0.0070 0.0040 0.0206 0.2375 
1398     1398   (0)     16 :  0.8477 0.1203 0.0070 0.0088 0.0162 
1399     1399   (0)     16 :  0.7096 0.0070 0.0040 0.0292 0.2502 
1400     1400   (0)     16 :  0.9766 0.0052 0.0040 0.0060 0.0082 
1401     1401   (0)     16 :  0.9568 0.0112 0.0030 0.0118 0.0172 
1402     1402   (0)     16 :  0.9358 0.0050 0.0088 0.0178 0.0326 
1403     1403   (0)     16 :  0.9097 0.0334 0.0030 0.0030 0.0508 
1404     1404   (0)     16 :  0.9434 0.0098 0.0058 0.0032 0.0378 
1405     1405   (0)     16 :  0.9558 0.0152 0.0156 0.0060 0.0074 
1406     1406   (0)     16 :  0.7218 0.0090 0.0040 0.0046 0.2606 
1407     1407   (0)     16 :  0.8772 0.0242 0.0044 0.0606 0.0336 
1408     1408   (0)     16 :  0.9132 0.0116 0.0064 0.0046 0.0642 
1409     1409   (0)     16 :  0.6230 0.0040 0.0036 0.0040 0.3654 
1410     1410   (0)     16 :  0.8283 0.0174 0.0090 0.0040 0.1413 
1411     1411   (0)     16 :  0.8740 0.0076 0.0040 0.1106 0.0038 
1412     1412   (0)     16 :  0.9656 0.0180 0.0040 0.0046 0.0078 
1413     1413   (0)     16 :  0.8464 0.0394 0.0064 0.1030 0.0048 
1414     1414   (0)     16 :  0.9760 0.0048 0.0040 0.0046 0.0106 
1415     1415   (0)     16 :  0.9608 0.0072 0.0120 0.0098 0.0102 
1416     1416   (0)     16 :  0.7207 0.0072 0.0088 0.0168 0.2465 
1417     1417   (0)     16 :  0.9508 0.0188 0.0034 0.0134 0.0136 
1418     1418   (0)     16 :  0.9466 0.0104 0.0034 0.0152 0.0244 
1419     1419   (0)     16 :  0.9022 0.0044 0.0050 0.0084 0.0800 
1420     1420   (0)     16 :  0.8444 0.0901 0.0100 0.0210 0.0344 
1421     1421   (0)     16 :  0.7399 0.0058 0.0070 0.0046 0.2427 
1422     1422   (0)     16 :  0.9564 0.0116 0.0050 0.0044 0.0226 
1423     1423   (0)     16 :  0.9530 0.0050 0.0038 0.0120 0.0262 
1424     1424   (0)     16 :  0.9091 0.0436 0.0080 0.0090 0.0304 
1425     1425   (0)     16 :  0.8772 0.0074 0.0046 0.0062 0.1046 
1426     1426   (0)     16 :  0.9064 0.0292 0.0072 0.0242 0.0330 
1427     1427   (0)     16 :  0.9722 0.0094 0.0066 0.0060 0.0058 
1428     1428   (0)     16 :  0.9336 0.0268 0.0118 0.0208 0.0070 
1429     1429   (0)     16 :  0.9428 0.0082 0.0098 0.0088 0.0304 
1430     1430   (0)     16 :  0.9562 0.0138 0.0184 0.0040 0.0076 
1431     1431   (0)     16 :  0.9636 0.0088 0.0030 0.0196 0.0050 
1432     1432   (0)     16 :  0.9772 0.0094 0.0034 0.0066 0.0034 
1433     1433   (0)     16 :  0.9790 0.0068 0.0030 0.0082 0.0030 
1434     1434   (0)     16 :  0.9216 0.0122 0.0052 0.0492 0.0118 
1435     1435   (0)     16 :  0.9618 0.0090 0.0040 0.0208 0.0044 
1436     1436   (0)     16 :  0.8711 0.0094 0.0094 0.0106 0.0995 
1437     1437   (0)     16 :  0.9550 0.0088 0.0024 0.0298 0.0040 
1438     1438   (0)     16 :  0.9710 0.0122 0.0056 0.0052 0.0060 
1439     1439   (0)     16 :  0.8799 0.0084 0.0044 0.0114 0.0959 
1440     1440   (0)     16 :  0.9110 0.0120 0.0118 0.0202 0.0450 
1441     1441   (0)     16 :  0.9704 0.0070 0.0044 0.0142 0.0040 
1442     1442   (0)     16 :  0.9436 0.0048 0.0030 0.0156 0.0330 
1443     1443   (0)     16 :  0.7460 0.0062 0.0020 0.2304 0.0154 
1444     1444   (0)     16 :  0.8203 0.0938 0.0162 0.0036 0.0660 
1445     1445   (0)     16 :  0.8641 0.0070 0.0082 0.0178 0.1029 
1446     1446   (0)     16 :  0.9390 0.0454 0.0062 0.0030 0.0064 
1447     1447   (0)     16 :  0.9128 0.0076 0.0030 0.0310 0.0456 
1448     1448   (0)     16 :  0.9208 0.0122 0.0054 0.0330 0.0286 
1449     1449   (0)     16 :  0.9336 0.0054 0.0060 0.0148 0.0402 
1450     1450   (0)     16 :  0.8682 0.0104 0.0054 0.1066 0.0094 
1451     1451   (0)     17 :  0.5094 0.4008 0.0750 0.0066 0.0082 
1452     1452   (0)     17 :  0.4884 0.4596 0.0432 0.0030 0.0058 
1453     1453   (0)     17 :  0.5848 0.3928 0.0042 0.0020 0.0162 
1454     1454   (0)     17 :  0.5890 0.3852 0.0070 0.0086 0.0102 
1455     1455   (0)     17 :  0.5888 0.3880 0.0050 0.0040 0.0142 
1456     1456   (0)     17 :  0.5066 0.3567 0.0068 0.0036 0.1262 
1457     1457   (0)     17 :  0.3204 0.1876 0.0210 0.0078 0.4632 
1458     1458   (0)     17 :  0.5804 0.3746 0.0034 0.0030 0.0386 
1459     1459   (0)     17 :  0.7245 0.1795 0.0626 0.0060 0.0274 
1460     1460   (0)     17 :  0.5902 0.3840 0.0050 0.0034 0.0174 
1461     1461   (0)     17 :  0.5762 0.4128 0.0036 0.0034 0.0040 
1462     1462   (0)     17 :  0.5468 0.4232 0.0062 0.0076 0.0162 
1463     1463   (0)     17 :  0.5856 0.3728 0.0322 0.0064 0.0030 
1464     1464   (0)     17 :  0.5722 0.3664 0.0068 0.0048 0.0498 
1465     1465   (0)     17 :  0.5650 0.3538 0.0212 0.0198 0.0402 
1466     1466   (0)     17 :  0.4475 0.4056 0.0124 0.0074 0.1271 
1467     1467   (0)     17 :  0.6004 0.3832 0.0054 0.0056 0.0054 
1468     1468   (0)     17 :  0.5728 0.3774 0.0062 0.0048 0.0388 
1469     1469   (0)     17 :  0.5846 0.3868 0.0150 0.0040 0.0096 
1470     1470   (0)     17 :  0.2296 0.2837 0.0282 0.0374 0.4211 
1471     1471   (0)     17 :  0.5926 0.3854 0.0046 0.0074 0.0100 
1472     1472   (0)     17 :  0.5618 0.3778 0.0366 0.0188 0.0050 
1473     1473   (0)     17 :  0.5366 0.3788 0.0072 0.0024 0.0750 
1474     1474   (0)     17 :  0.6262 0.3454 0.0060 0.0126 0.0098 
1475     1475   (0)     17 :  0.5932 0.3824 0.0030 0.0148 0.0066 
1476     1476   (0)     17 :  0.4770 0.4724 0.0060 0.0030 0.0416 
1477     1477   (0)     17 :  0.5974 0.3760 0.0134 0.0034 0.0098 
1478     1478   (0)     17 :  0.5648 0.3652 0.0030 0.0164 0.0506 
1479     1479   (0)     17 :  0.5652 0.3724 0.0030 0.0058 0.0536 
1480     1480   (0)     17 :  0.5340 0.4086 0.0146 0.0046 0.0382 
1481     1481   (0)     17 :  0.6184 0.3626 0.0082 0.0044 0.0064 
1482     1482   (0)     17 :  0.5568 0.3740 0.0040 0.0236 0.0416 
1483     1483   (0)     17 :  0.5064 0.3042 0.0040 0.0086 0.1768 
1484     1484   (0)     17 :  0.5550 0.3688 0.0304 0.0052 0.0406 
1485     1485   (0)     17 :  0.6300 0.3524 0.0120 0.0026 0.0030 
1486     1486   (0)     17 :  0.5458 0.2730 0.0814 0.0030 0.0968 
1487     1487   (0)     17 :  0.5632 0.3422 0.0062 0.0048 0.0836 
1488     1488   (0)     17 :  0.5006 0.4084 0.0030 0.0040 0.0840 
1489     1489   (0)     17 :  0.5672 0.3838 0.0102 0.0058 0.0330 
1490     1490   (0)     17 :  0.5588 0.3884 0.0074 0.0048 0.0406 
1491     1491   (0)     17 :  0.4471 0.2778 0.0060 0.0048 0.2643 
1492     1492   (0)     17 :  0.5388 0.3676 0.0204 0.0098 0.0634 
1493     1493   (0)     17 :  0.6619 0.2491 0.0238 0.0126 0.0526 
1494     1494   (0)     17 :  0.5730 0.4030 0.0060 0.0042 0.0138 
1495     1495   (0)     17 :  0.5434 0.3796 0.0338 0.0054 0.0378 
1496     1496   (0)     17 :  0.5942 0.3808 0.0050 0.0128 0.0072 
1497     1497   (0)     17 :  0.5380 0.3652 0.0170 0.0124 0.0674 
1498     1498   (0)     17 :  0.6215 0.2830 0.0066 0.0605 0.0284 
1499     1499   (0)     17 :  0.4305 0.2995 0.0052 0.0102 0.2546 
1500     1500   (0)     17 :  0.5944 0.3922 0.0036 0.0034 0.0064 
1501     1501   (0)     17 :  0.4819 0.2493 0.0050 0.0070 0.2568 
1502     1502   (0)     17 :  0.5914 0.3964 0.0052 0.0040 0.0030 
1503     1503   (0)     17 :  0.5804 0.3974 0.0062 0.0070 0.0090 
1504     1504   (0)     17 :  0.5764 0.3940 0.0066 0.0030 0.0200 
1505     1505   (0)     17 :  0.5650 0.4020 0.0046 0.0224 0.0060 
1506     1506   (0)     17 :  0.4648 0.2633 0.0050 0.0066 0.2603 
1507     1507   (0)     17 :  0.4044 0.2682 0.0072 0.2830 0.0372 
1508     1508   (0)     17 :  0.5864 0.3992 0.0050 0.0040 0.0054 
1509     1509   (0)     17 :  0.5060 0.3784 0.0196 0.0036 0.0924 
1510     1510   (0)     17 :  0.4898 0.3562 0.0046 0.0030 0.1464 
1511     1511   (0)     17 :  0.6344 0.3286 0.0060 0.0058 0.0252 
1512     1512   (0)     17 :  0.5078 0.3396 0.0056 0.0034 0.1436 
1513     1513   (0)     17 :  0.4522 0.3054 0.0154 0.0040 0.2231 
1514     1514   (0)     17 :  0.5520 0.3544 0.0332 0.0026 0.0578 
1515     1515   (0)     17 :  0.5592 0.3620 0.0064 0.0104 0.0620 
1516     1516   (0)     17 :  0.4453 0.4561 0.0486 0.0304 0.0196 
1517     1517   (0)     17 :  0.5974 0.3784 0.0030 0.0136 0.0076 
1518     1518   (0)     17 :  0.5962 0.3852 0.0102 0.0044 0.0040 
1519     1519   (0)     17 :  0.5866 0.3910 0.0044 0.0040 0.0140 
1520     1520   (0)     17 :  0.5180 0.3478 0.0950 0.0062 0.0330 
1521     1521   (0)     17 :  0.5724 0.3818 0.0072 0.0120 0.0266 
1522     1522   (0)     17 :  0.4814 0.3108 0.0184 0.0640 0.1254 
1523     1523   (0)     17 :  0.5177 0.3200 0.0080 0.0034 0.1509 
1524     1524   (0)     17 :  0.6040 0.3818 0.0046 0.0042 0.0054 
1525     1525   (0)     17 :  0.5798 0.3930 0.0108 0.0044 0.0120 
1526     1526   (0)     17 :  0.4617 0.5043 0.0154 0.0044 0.0142 
1527     1527   (0)     17 :  0.5936 0.3338 0.0072 0.0044 0.0611 
1528     1528   (0)     17 :  0.5438 0.3444 0.0416 0.0374 0.0328 
1529     1529   (0)     17 :  0.5594 0.3826 0.0086 0.0068 0.0426 
1530     1530   (0)     17 :  0.5210 0.3688 0.0864 0.0168 0.0070 
1531     1531   (0)     17 :  0.5328 0.3970 0.0082 0.0158 0.0462 
1532     1532   (0)     17 :  0.5580 0.4066 0.0194 0.0044 0.0116 
1533     1533   (0)     17 :  0.5542 0.4034 0.0030 0.0178 0.0216 
1534     1534   (0)     17 :  0.5710 0.3029 0.0142 0.0078 0.1041 
1535     1535   (0)     17 :  0.5944 0.3892 0.0076 0.0048 0.0040 
1536     1536   (0)     17 :  0.5898 0.3710 0.0122 0.0144 0.0126 
1537     1537   (0)     17 :  0.5245 0.3942 0.0058 0.0190 0.0566 
1538     1538   (0)     17 :  0.5710 0.3958 0.0118 0.0066 0.0148 
1539     1539   (0)     17 :  0.3986 0.4377 0.0042 0.0040 0.1554 
1540     1540   (0)     17 :  0.5438 0.3742 0.0714 0.0052 0.0054 
1541     1541   (0)     17 :  0.5192 0.4008 0.0704 0.0030 0.0066 
1542     1542   (0)     17 :  0.5792 0.3598 0.0302 0.0052 0.0256 
1543     1543   (0)     17 :  0.5482 0.3860 0.0030 0.0030 0.0598 
1544     1544   (0)     17 :  0.4505 0.3211 0.0743 0.0054 0.1487 
1545     1545   (0)     17 :  0.4434 0.3368 0.0364 0.0054 0.1780 
1546     1546   (0)     17 :  0.5709 0.3301 0.0204 0.0058 0.0728 
1547     1547   (0)     17 :  0.5694 0.3994 0.0078 0.0142 0.0092 
1548     1548   (0)     17 :  0.5392 0.0712 0.3663 0.0058 0.0176 
1549     1549   (0)     17 :  0.5470 0.3174 0.0132 0.0034 0.1190 
1550     1550   (0)     17 :  0.5368 0.3002 0.0672 0.0044 0.0914 
1551     1551   (0)     18 :  0.0036 0.0036 0.0020 0.9080 0.0828 
1552     1552   (0)     18 :  0.0076 0.0038 0.0064 0.9590 0.0232 
1553     1553   (0)     18 :  0.0044 0.0024 0.0024 0.9692 0.0216 
1554     1554   (0)     18 :  0.0044 0.0046 0.0030 0.8800 0.1080 
1555     1555   (0)     18 :  0.0058 0.0042 0.0152 0.9504 0.0244 
1556     1556   (0)     18 :  0.0048 0.0034 0.0024 0.8609 0.1285 
1557     1557   (0)     18 :  0.0040 0.0040 0.0040 0.7277 0.2603 
1558     1558   (0)     18 :  0.0122 0.0044 0.0094 0.7926 0.1814 
1559     1559   (0)     18 :  0.0076 0.0038 0.0060 0.8538 0.1288 
1560     1560   (0)     18 :  0.0050 0.0044 0.0030 0.8063 0.1813 
1561     1561   (0)     18 :  0.0114 0.0070 0.0030 0.8308 0.1478 
1562     1562   (0)     18 :  0.0070 0.0108 0.0040 0.9384 0.0398 
1563     1563   (0)     18 :  0.0164 0.0052 0.0040 0.6061 0.3683 
1564     1564   (0)     18 :  0.0128 0.0188 0.0104 0.9356 0.0224 
1565     1565   (0)     18 :  0.0044 0.0036 0.0644 0.9216 0.0060 
1566     1566   (0)     18 :  0.0030 0.0024 0.0030 0.8691 0.1225 
1567     1567   (0)     18 :  0.0046 0.0054 0.0100 0.9532 0.0268 
1568     1568   (0)     18 :  0.0036 0.0048 0.0020 0.9684 0.0212 
1569     1569   (0)     18 :  0.0048 0.0030 0.0036 0.9628 0.0258 
1570     1570   (0)     18 :  0.0034 0.0030 0.0030 0.9858 0.0048 
1571     1571   (0)     18 :  0.0064 0.0150 0.0070 0.9176 0.0540 
1572     1572   (0)     18 :  0.0060 0.0038 0.0054 0.9704 0.0144 
1573     1573   (0)     18 :  0.0186 0.0116 0.0040 0.8702 0.0956 
1574     1574   (0)     18 :  0.0070 0.0074 0.0064 0.8005 0.1787 
1575     1575   (0)     18 :  0.0038 0.0040 0.0244 0.9306 0.0372 
1576     1576   (0)     18 :  0.0106 0.0128 0.0060 0.9176 0.0530 
1577     1577   (0)     18 :  0.0186 0.0198 0.0344 0.8526 0.0746 
1578     1578   (0)     18 :  0.0056 0.0130 0.0432 0.9338 0.0044 
1579     1579   (0)     18 :  0.0030 0.0030 0.0020 0.9456 0.0464 
1580     1580   (0)     18 :  0.0140 0.0128 0.0090 0.6951 0.2691 
1581     1581   (0)     18 :  0.0040 0.0036 0.0020 0.9518 0.0386 
1582     1582   (0)     18 :  0.0070 0.0096 0.0070 0.8962 0.0802 
1583     1583   (0)     18 :  0.0062 0.0100 0.0060 0.8395 0.1383 
1584     1584   (0)     18 :  0.0058 0.0052 0.0090 0.8057 0.1743 
1585     1585   (0)     18 :  0.0380 0.0472 0.0040 0.9008 0.0100 
1586     1586   (0)     18 :  0.0498 0.0668 0.0502 0.7878 0.0454 
1587     1587   (0)     18 :  0.0222 0.0154 0.0040 0.8454 0.1130 
1588     1588   (0)     18 :  0.0304 0.0212 0.0060 0.9002 0.0422 
1589     1589   (0)     18 :  0.0040 0.0024 0.0040 0.8758 0.1138 
1590     1590   (0)     18 :  0.0108 0.0050 0.0030 0.9062 0.0750 
1591     1591   (0)     18 :  0.0034 0.0030 0.0114 0.7218 0.2604 
1592     1592   (0)     18 :  0.0076 0.0066 0.0030 0.8104 0.1724 
1593     1593   (0)     18 :  0.0040 0.0030 0.0030 0.9860 0.0040 
1594     1594   (0)     18 :  0.0048 0.0046 0.0034 0.9418 0.0454 
1595     1595   (0)     18 :  0.0034 0.0030 0.0020 0.7920 0.1996 
1596     1596   (0)     18 :  0.0062 0.0084 0.0070 0.9016 0.0768 
1597     1597   (0)     18 :  0.0142 0.0096 0.0070 0.8832 0.0860 
1598     1598   (0)     18 :  0.0060 0.0040 0.0040 0.9332 0.0528 
1599     1599   (0)     18 :  0.0060 0.0038 0.0030 0.9056 0.0816 
1600     1600   (0)     18 :  0.0152 0.0142 0.0040 0.9234 0.0432 
1601     1601   (0)     18 :  0.0120 0.0096 0.0288 0.7377 0.2120 
1602     1602   (0)     18 :  0.0042 0.0034 0.0090 0.9574 0.0260 
1603     1603   (0)     18 :  0.0282 0.0052 0.0106 0.8902 0.0658 
1604     1604   (0)     18 :  0.0082 0.0044 0.0090 0.9442 0.0342 
1605     1605   (0)     18 :  0.0128 0.0062 0.0040 0.9466 0.0304 
1606     1606   (0)     18 :  0.0080 0.0064 0.0044 0.7926 0.1886 
1607     1607   (0)     18 :  0.0134 0.0062 0.0034 0.9440 0.0330 
1608     1608   (0)     18 :  0.0040 0.0046 0.0034 0.8092 0.1788 
1609     1609   (0)     18 :  0.0466 0.0082 0.0034 0.8106 0.1312 
1610     1610   (0)     18 :  0.0064 0.0048 0.0024 0.9814 0.0050 
1611     1611   (0)     18 :  0.0040 0.0034 0.0022 0.8204 0.1700 
1612     1612   (0)     18 :  0.0044 0.0038 0.0142 0.9718 0.0058 
1613     1613   (0)     18 :  0.0470 0.0650 0.0090 0.8498 0.0292 
1614     1614   (0)     18 :  0.0056 0.0046 0.0030 0.9838 0.0030 
1615     1615   (0)     18 :  0.0030 0.0030 0.0020 0.9768 0.0152 
1616     1616   (0)     18 :  0.0030 0.0034 0.0020 0.9852 0.0064 
1617     1617   (0)     18 :  0.0034 0.0030 0.0030 0.9448 0.0458 
1618     1618   (0)     18 :  0.0078 0.0048 0.0024 0.9114 0.0736 
1619     1619   (0)     18 :  0.0030 0.0026 0.0020 0.9900 0.0024 
1620     1620   (0)     18 :  0.0196 0.0050 0.0034 0.9414 0.0306 
1621     1621   (0)     18 :  0.0176 0.0306 0.0296 0.7069 0.2152 
1622     1622   (0)     18 :  0.0146 0.0120 0.0230 0.7202 0.2302 
1623     1623   (0)     18 :  0.0122 0.0144 0.0258 0.9136 0.0340 
1624     1624   (0)     18 :  0.0064 0.0200 0.0444 0.9043 0.0248 
1625     1625   (0)     18 :  0.0044 0.0040 0.0030 0.7742 0.2144 
1626     1626   (0)     18 :  0.0044 0.0030 0.0034 0.8694 0.1198 
1627     1627   (0)     18 :  0.0092 0.0034 0.0274 0.9004 0.0596 
1628     1628   (0)     18 :  0.0104 0.0030 0.0028 0.8426 0.1412 
1629     1629   (0)     18 :  0.0060 0.0058 0.0100 0.9728 0.0054 
1630     1630   (0)     18 :  0.0126 0.0178 0.0066 0.8666 0.0964 
1631     1631   (0)     18 :  0.0084 0.0038 0.0054 0.9530 0.0294 
1632     1632   (0)     18 :  0.0088 0.0080 0.0060 0.8675 0.1098 
1633     1633   (0)     18 :  0.0048 0.0062 0.0048 0.9812 0.0030 
1634     1634   (0)     18 :  0.0168 0.0108 0.0080 0.9510 0.0134 
1635     1635   (0)     18 :  0.0054 0.0028 0.0050 0.9259 0.0608 
1636     1636   (0)     18 :  0.0040 0.0034 0.0044 0.9852 0.0030 
1637     1637   (0)     18 :  0.0076 0.0094 0.0040 0.9534 0.0256 
1638     1638   (0)     18 :  0.0030 0.0030 0.0030 0.8595 0.1315 
1639     1639   (0)     18 :  0.0080 0.0074 0.0050 0.8144 0.1652 
1640     1640   (0)     18 :  0.0294 0.0070 0.0020 0.9494 0.0122 
1641     1641   (0)     18 :  0.0048 0.0052 0.0030 0.9222 0.0648 
1642     1642   (0)     18 :  0.0072 0.0150 0.0064 0.8519 0.1194 
1643     1643   (0)     18 :  0.0040 0.0030 0.0024 0.9876 0.0030 
1644     1644   (0)     18 :  0.0158 0.0034 0.0030 0.9580 0.0198 
1645     1645   (0)     18 :  0.0034 0.0062 0.0050 0.8860 0.0994 
1646     1646   (0)     18 :  0.0072 0.0048 0.0050 0.8201 0.1629 
1647     1647   (0)     18 :  0.0108 0.0046 0.0050 0.8784 0.1012 
1648     1648   (0)     18 :  0.0142 0.0360 0.0040 0.9270 0.0188 
1649     1649   (0)     18 :  0.0056 0.0044 0.0030 0.9736 0.0134 
1650     1650   (0)     18 :  0.0090 0.0046 0.0030 0.8932 0.0902 
1651     1651   (0)     19 :  0.0110 0.0034 0.7449 0.0040 0.2368 
1652     1652   (0)     19 :  0.0068 0.0202 0.8964 0.0090 0.0676 
1653     1653   (0)     19 :  0.0168 0.0232 0.8730 0.0054 0.0816 
1654     1654   (0)     19 :  0.0200 0.1170 0.8354 0.0040 0.0236 
1655     1655   (0)     19 :  0.0174 0.0228 0.9133 0.0040 0.0424 
1656     1656   (0)     19 :  0.0040 0.0040 0.9478 0.0030 0.0412 
1657     1657   (0)     19 :  0.0070 0.0314 0.8898 0.0634 0.0084 
1658     1658   (0)     19 :  0.0060 0.0100 0.8898 0.0030 0.0912 
1659     1659   (0)     19 :  0.0026 0.0072 0.9754 0.0020 0.0128 
1660     1660   (0)     19 :  0.0210 0.0156 0.8284 0.0146 0.1204 
1661     1661   (0)     19 :  0.0290 0.0092 0.9408 0.0118 0.0092 
1662     1662   (0)     19 :  0.0192 0.0178 0.9380 0.0150 0.0100 
1663     1663   (0)     19 :  0.0030 0.0040 0.8786 0.0040 0.1104 
1664     1664   (0)     19 :  0.0110 0.0048 0.9688 0.0080 0.0074 
1665     1665   (0)     19 :  0.0318 0.0040 0.8652 0.0084 0.0906 
1666     1666   (0)     19 :  0.0508 0.0254 0.8810 0.0138 0.0290 
1667     1667   (0)     19 :  0.0072 0.0092 0.8353 0.0100 0.1383 
1668     1668   (0)     19 :  0.0090 0.0068 0.8048 0.0030 0.1764 
1669     1669   (0)     19 :  0.0058 0.0076 0.9616 0.0092 0.0158 
1670     1670   (0)     19 :  0.0040 0.0114 0.9352 0.0030 0.0464 
1671     1671   (0)     19 :  0.0164 0.0332 0.8930 0.0396 0.0178 
1672     1672   (0)     19 :  0.0777 0.0486 0.7649 0.0182 0.0907 
1673     1673   (0)     19 :  0.0076 0.0126 0.8980 0.0030 0.0788 
1674     1674   (0)     19 :  0.0030 0.0046 0.9854 0.0040 0.0030 
1675     1675   (0)     19 :  0.0142 0.0144 0.8940 0.0114 0.0660 
1676     1676   (0)     19 :  0.0066 0.0054 0.8981 0.0040 0.0859 
1677     1677   (0)     19 :  0.0094 0.0226 0.8302 0.0080 0.1298 
1678     1678   (0)     19 :  0.0060 0.0566 0.9111 0.0142 0.0122 
1679     1679   (0)     19 :  0.0068 0.0072 0.8494 0.0122 0.1244 
1680     1680   (0)     19 :  0.0036 0.0034 0.9076 0.0044 0.0810 
1681     1681   (0)     19 :  0.0086 0.0296 0.9264 0.0040 0.0314 
1682     1682   (0)     19 :  0.0096 0.0094 0.9676 0.0054 0.0080 
1683     1683   (0)     19 :  0.0128 0.0044 0.8027 0.0264 0.1537 
1684     1684   (0)     19 :  0.0034 0.0050 0.8001 0.0020 0.1895 
1685     1685   (0)     19 :  0.0044 0.0024 0.9530 0.0022 0.0380 
1686     1686   (0)     19 :  0.0048 0.0052 0.8415 0.0030 0.1455 
1687     1687   (0)     19 :  0.0062 0.0052 0.9190 0.0030 0.0666 
1688     1688   (0)     19 :  0.0030 0.0040 0.9752 0.0030 0.0148 
1689     1689   (0)     19 :  0.0200 0.0264 0.9122 0.0020 0.0394 
1690     1690   (0)     19 :  0.0032 0.0046 0.9708 0.0070 0.0144 
1691     1691   (0)     19 :  0.0144 0.0262 0.7546 0.1422 0.0626 
1692     1692   (0)     19 :  0.0102 0.0088 0.8210 0.0082 0.1518 
1693     1693   (0)     19 :  0.0076 0.0076 0.7080 0.0408 0.2361 
1694     1694   (0)     19 :  0.0024 0.0036 0.9896 0.0024 0.0020 
1695     1695   (0)     19 :  0.0128 0.0092 0.9026 0.0030 0.0724 
1696     1696   (0)     19 :  0.0222 0.0214 0.8349 0.0130 0.1085 
1697     1697   (0)     19 :  0.0268 0.0116 0.8181 0.0060 0.1375 
1698     1698   (0)     19 :  0.0612 0.0042 0.7555 0.1381 0.0410 
1699     1699   (0)     19 :  0.0192 0.0060 0.8825 0.0780 0.0144 
1700     1700   (0)     19 :  0.0054 0.0080 0.8764 0.0040 0.1062 
1701     1701   (0)     19 :  0.0050 0.0066 0.9784 0.0050 0.0050 
1702     1702   (0)     19 :  0.0054 0.0102 0.8764 0.0030 0.1050 
1703     1703   (0)     19 :  0.0090 0.0056 0.8524 0.0050 0.1280 
1704     1704   (0)     19 :  0.0152 0.0138 0.8287 0.0150 0.1273 
1705     1705   (0)     19 :  0.0622 0.0100 0.8208 0.0182 0.0888 
1706     1706   (0)     19 :  0.0156 0.0094 0.8248 0.0030 0.1472 
1707     1707   (0)     19 :  0.0240 0.0080 0.8538 0.0034 0.1108 
1708     1708   (0)     19 :  0.0086 0.0084 0.8919 0.0030 0.0881 
1709     1709   (0)     19 :  0.0030 0.0050 0.9870 0.0020 0.0030 
1710     1710   (0)     19 :  0.0066 0.0128 0.6695 0.0030 0.3081 
1711     1711   (0)     19 :  0.0038 0.0038 0.8462 0.0020 0.1442 
1712     1712   (0)     19 :  0.0068 0.0150 0.8744 0.0030 0.1008 
1713     1713   (0)     19 :  0.0128 0.0042 0.9670 0.0070 0.0090 
1714     1714   (0)     19 :  0.0126 0.0992 0.7876 0.0082 0.0924 
1715     1715   (0)     19 :  0.0100 0.0080 0.9446 0.0030 0.0344 
1716     1716   (0)     19 :  0.0030 0.0040 0.9846 0.0030 0.0054 
1717     1717   (0)     19 :  0.0030 0.0030 0.9890 0.0020 0.0030 
1718     1718   (0)     19 :  0.0036 0.0202 0.9458 0.0034 0.0270 
1719     1719   (0)     19 :  0.0026 0.0040 0.8932 0.0020 0.0982 
1720     1720   (0)     19 :  0.0218 0.0150 0.9442 0.0120 0.0070 
1721     1721   (0)     19 :  0.0112 0.0192 0.8287 0.0050 0.1359 
1722     1722   (0)     19 :  0.0178 0.0336 0.9050 0.0024 0.0412 
1723     1723   (0)     19 :  0.0052 0.0086 0.9087 0.0030 0.0746 
1724     1724   (0)     19 :  0.0176 0.0160 0.9024 0.0080 0.0560 
1725     1725   (0)     19 :  0.0480 0.0124 0.8030 0.0094 0.1272 
1726     1726   (0)     19 :  0.0076 0.0236 0.8026 0.0062 0.1600 
1727     1727   (0)     19 :  0.0046 0.0096 0.9554 0.0034 0.0270 
1728     1728   (0)     19 :  0.0082 0.0150 0.9040 0.0070 0.0658 
1729     1729   (0)     19 :  0.0064 0.0104 0.9244 0.0040 0.0548 
1730     1730   (0)     19 :  0.0382 0.0226 0.8196 0.0054 0.1142 
1731     1731   (0)     19 :  0.0264 0.0150 0.8134 0.0144 0.1309 
1732     1732   (0)     19 :  0.0136 0.0052 0.8840 0.0096 0.0876 
1733     1733   (0)     19 :  0.0456 0.0706 0.8346 0.0148 0.0344 
1734     1734   (0)     19 :  0.0020 0.0036 0.9890 0.0030 0.0024 
1735     1735   (0)     19 :  0.0030 0.0024 0.9778 0.0030 0.0138 
1736     1736   (0)     19 :  0.0182 0.0126 0.9508 0.0020 0.0164 
1737     1737   (0)     19 :  0.0306 0.0102 0.8400 0.0050 0.1142 
1738     1738   (0)     19 :  0.0140 0.0108 0.9478 0.0030 0.0244 
1739     1739   (0)     19 :  0.0026 0.0046 0.8097 0.0064 0.1767 
1740     1740   (0)     19 :  0.0264 0.0086 0.9106 0.0054 0.0490 
1741     1741   (0)     19 :  0.0208 0.0054 0.8318 0.0070 0.1350 
1742     1742   (0)     19 :  0.0078 0.0038 0.8182 0.0050 0.1652 
1743     1743   (0)     19 :  0.0044 0.0104 0.9778 0.0044 0.0030 
1744     1744   (0)     19 :  0.0596 0.0320 0.8290 0.0228 0.0566 
1745     1745   (0)     19 :  0.0060 0.0072 0.9548 0.0052 0.0268 
1746     1746   (0)     19 :  0.0060 0.0054 0.9140 0.0050 0.0696 
1747     1747   (0)     19 :  0.0370 0.0052 0.9462 0.0030 0.0086 
1748     1748   (0)     19 :  0.0036 0.0038 0.9846 0.0020 0.0060 
1749     1749   (0)     19 :  0.0534 0.0356 0.8682 0.0060 0.0368 
1750     1750   (0)     19 :  0.0034 0.0040 0.9866 0.0030 0.0030 
1751     1751   (0)     20 :  0.0078 0.9792 0.0052 0.0046 0.0032 
1752     1752   (0)     20 :  0.0084 0.9760 0.0056 0.0070 0.0030 
1753     1753   (0)     20 :  0.0076 0.8281 0.0142 0.0024 0.1477 
1754     1754   (0)     20 :  0.0096 0.8904 0.0074 0.0068 0.0858 
1755     1755   (0)     20 :  0.0112 0.7926 0.0064 0.0094 0.1804 
1756     1756   (0)     20 :  0.0192 0.9157 0.0478 0.0040 0.0132 
1757     1757   (0)     20 :  0.0404 0.8672 0.0254 0.0142 0.0528 
1758     1758   (0)     20 :  0.0062 0.9678 0.0190 0.0040 0.0030 
1759     1759   (0)     20 :  0.0050 0.9456 0.0044 0.0070 0.0380 
1760     1760   (0)     20 :  0.0292 0.8520 0.0200 0.0384 0.0604 
1761     1761   (0)     20 :  0.0140 0.9606 0.0058 0.0040 0.0156 
1762     1762   (0)     20 :  0.0072 0.8630 0.0070 0.0054 0.1174 
1763     1763   (0)     20 :  0.0212 0.9268 0.0360 0.0108 0.0052 
1764     1764   (0)     20 :  0.0210 0.6980 0.2201 0.0058 0.0552 
1765     1765   (0)     20 :  0.0074 0.9726 0.0040 0.0040 0.0120 
1766     1766   (0)     20 :  0.0226 0.8350 0.0138 0.0062 0.1224 
1767     1767   (0)     20 :  0.0248 0.8807 0.0044 0.0744 0.0158 
1768     1768   (0)     20 :  0.0264 0.8094 0.0088 0.1250 0.0304 
1769     1769   (0)     20 :  0.0048 0.9580 0.0048 0.0068 0.0256 
1770     1770   (0)     20 :  0.0084 0.9152 0.0138 0.0030 0.0596 
1771     1771   (0)     20 :  0.0122 0.9724 0.0044 0.0034 0.0076 
1772     1772   (0)     20 :  0.0084 0.9718 0.0050 0.0064 0.0084 
1773     1773   (0)     20 :  0.0158 0.9430 0.0104 0.0262 0.0046 
1774     1774   (0)     20 :  0.0104 0.9532 0.0110 0.0034 0.0220 
1775     1775   (0)     20 :  0.0060 0.7233 0.0110 0.0090 0.2507 
1776     1776   (0)     20 :  0.0038 0.9824 0.0070 0.0044 0.0024 
1777     1777   (0)     20 :  0.0062 0.8238 0.0034 0.0030 0.1636 
1778     1778   (0)     20 :  0.0050 0.7267 0.0054 0.0440 0.2190 
1779     1779   (0)     20 :  0.0118 0.9028 0.0448 0.0302 0.0104 
1780     1780   (0)     20 :  0.0084 0.8318 0.0074 0.0122 0.1402 
1781     1781   (0)     20 :  0.0344 0.9256 0.0222 0.0040 0.0138 
1782     1782   (0)     20 :  0.0150 0.9606 0.0086 0.0098 0.0060 
1783     1783   (0)     20 :  0.0098 0.9091 0.0030 0.0192 0.0590 
1784     1784   (0)     20 :  0.0258 0.9568 0.0066 0.0062 0.0046 
1785     1785   (0)     20 :  0.0238 0.9190 0.0040 0.0090 0.0442 
1786     1786   (0)     20 :  0.0290 0.9444 0.0074 0.0070 0.0122 
1787     1787   (0)     20 :  0.0118 0.9740 0.0034 0.0058 0.0050 
1788     1788   (0)     20 :  0.0058 0.9552 0.0122 0.0080 0.0188 
1789     1789   (0)     20 :  0.0068 0.8940 0.0102 0.0052 0.0838 
1790     1790   (0)     20 :  0.0078 0.8732 0.1022 0.0030 0.0138 
1791     1791   (0)     20 :  0.0094 0.9502 0.0186 0.0166 0.0052 
1792     1792   (0)     20 :  0.0108 0.9306 0.0176 0.0136 0.0274 
1793     1793   (0)     20 :  0.0040 0.9862 0.0024 0.0040 0.0034 
1794     1794   (0)     20 :  0.0158 0.8302 0.0030 0.0090 0.1420 
1795     1795   (0)     20 :  0.0082 0.9314 0.0040 0.0088 0.0476 
1796     1796   (0)     20 :  0.0104 0.9218 0.0082 0.0180 0.0416 
1797     1797   (0)     20 :  0.0120 0.9550 0.0212 0.0054 0.0064 
1798     1798   (0)     20 :  0.0132 0.9530 0.0086 0.0206 0.0046 
1799     1799   (0)     20 :  0.0314 0.8162 0.0170 0.0094 0.1260 
1800     1800   (0)     20 :  0.0134 0.8904 0.0118 0.0046 0.0798 
1801     1801   (0)     20 :  0.0088 0.9560 0.0088 0.0040 0.0224 
1802     1802   (0)     20 :  0.0104 0.9118 0.0638 0.0106 0.0034 
1803     1803   (0)     20 :  0.0040 0.9370 0.0048 0.0350 0.0192 
1804     1804   (0)     20 :  0.0468 0.8643 0.0040 0.0382 0.0466 
1805     1805   (0)     20 :  0.0104 0.9336 0.0054 0.0472 0.0034 
1806     1806   (0)     20 :  0.0590 0.8756 0.0068 0.0030 0.0556 
1807     1807   (0)     20 :  0.0176 0.8034 0.0080 0.0054 0.1656 
1808     1808   (0)     20 :  0.0086 0.9700 0.0042 0.0050 0.0122 
1809     1809   (0)     20 :  0.0582 0.8142 0.0152 0.0182 0.0942 
1810     1810   (0)     20 :  0.0150 0.8655 0.0216 0.0296 0.0682 
1811     1811   (0)     20 :  0.0816 0.8081 0.0178 0.0140 0.0784 
1812     1812   (0)     20 :  0.0360 0.8300 0.0040 0.0922 0.0378 
1813     1813   (0)     20 :  0.0124 0.8247 0.0068 0.0438 0.1123 
1814     1814   (0)     20 :  0.0054 0.9684 0.0088 0.0126 0.0048 
1815     1815   (0)     20 :  0.0044 0.9608 0.0242 0.0072 0.0034 
1816     1816   (0)     20 :  0.0124 0.9462 0.0090 0.0222 0.0102 
1817     1817   (0)     20 :  0.0062 0.9768 0.0106 0.0034 0.0030 
1818     1818   (0)     20 :  0.0040 0.8770 0.0044 0.0034 0.1112 
1819     1819   (0)     20 :  0.0098 0.9614 0.0194 0.0034 0.0060 
1820     1820   (0)     20 :  0.0362 0.8404 0.0040 0.0914 0.0280 
1821     1821   (0)     20 :  0.0046 0.8849 0.0050 0.0044 0.1010 
1822     1822   (0)     20 :  0.0054 0.9734 0.0068 0.0110 0.0034 
1823     1823   (0)     20 :  0.0976 0.8360 0.0200 0.0204 0.0260 
1824     1824   (0)     20 :  0.0170 0.9058 0.0084 0.0074 0.0614 
1825     1825   (0)     20 :  0.0126 0.8724 0.0088 0.0154 0.0908 
1826     1826   (0)     20 :  0.0078 0.8833 0.0096 0.0156 0.0838 
1827     1827   (0)     20 :  0.0048 0.9828 0.0038 0.0034 0.0052 
1828     1828   (0)     20 :  0.0072 0.8505 0.0050 0.0054 0.1318 
1829     1829   (0)     20 :  0.0280 0.9020 0.0132 0.0080 0.0488 
1830     1830   (0)     20 :  0.0044 0.9730 0.0044 0.0122 0.0060 
1831     1831   (0)     20 :  0.0066 0.7650 0.0206 0.0054 0.2024 
1832     1832   (0)     20 :  0.0048 0.8906 0.0756 0.0218 0.0072 
1833     1833   (0)     20 :  0.0062 0.9680 0.0094 0.0064 0.0100 
1834     1834   (0)     20 :  0.0120 0.8774 0.0076 0.0794 0.0236 
1835     1835   (0)     20 :  0.0062 0.8492 0.0862 0.0158 0.0426 
1836     1836   (0)     20 :  0.0070 0.9810 0.0040 0.0050 0.0030 
1837     1837   (0)     20 :  0.0204 0.8826 0.0132 0.0258 0.0580 
1838     1838   (0)     20 :  0.0224 0.8070 0.0076 0.0050 0.1580 
1839     1839   (0)     20 :  0.0172 0.8295 0.0050 0.0136 0.1347 
1840     1840   (0)     20 :  0.0134 0.9506 0.0094 0.0058 0.0208 
1841     1841   (0)     20 :  0.0048 0.9772 0.0040 0.0058 0.0082 
1842     1842   (0)     20 :  0.0120 0.9462 0.0098 0.0114 0.0206 
1843     1843   (0)     20 :  0.0102 0.9514 0.0034 0.0060 0.0290 
1844     1844   (0)     20 :  0.0068 0.9096 0.0702 0.0050 0.0084 
1845     1845   (0)     20 :  0.0050 0.9758 0.0034 0.0064 0.0094 
1846     1846   (0)     20 :  0.0104 0.8458 0.0194 0.0040 0.1204 
1847     1847   (0)     20 :  0.0062 0.9488 0.0058 0.0194 0.0198 
1848     1848   (0)     20 :  0.0086 0.9264 0.0050 0.0208 0.0392 
1849     1849   (0)     20 :  0.0076 0.9604 0.0054 0.0102 0.0164 
1850     1850   (0)     20 :  0.0034 0.7561 0.0068 0.0044 0.2292 
1851     1851  (10)     21 :  0.9706 0.0178 0.0040 0.0046 0.0030 
1852     1852   (0)     21 :  0.7149 0.2547 0.0178 0.0060 0.0066 
1853     1853   (0)     21 :  0.8968 0.0040 0.0040 0.0786 0.0166 
1854     1854   (0)     21 :  0.9760 0.0076 0.0050 0.0074 0.0040 
1855     1855   (0)     21 :  0.7675 0.1390 0.0834 0.0046 0.0054 
1856     1856   (5)     21 :  0.7156 0.2107 0.0650 0.0048 0.0040 
1857     1857   (0)     21 :  0.9752 0.0142 0.0030 0.0046 0.0030 
1858     1858   (0)     21 :  0.9822 0.0058 0.0056 0.0020 0.0044 
1859     1859   (0)     21 :  0.8154 0.0100 0.0054 0.1668 0.0024 
1860     1860   (0)     21 :  0.9077 0.0306 0.0292 0.0030 0.0296 
1861     1861   (0)     21 :  0.4411 0.0174 0.0046 0.5339 0.0030 
1862     1862   (0)     21 :  0.9776 0.0074 0.0030 0.0084 0.0036 
1863     1863   (0)     21 :  0.9736 0.0134 0.0030 0.0080 0.0020 
1864     1864   (0)     21 :  0.9672 0.0142 0.0102 0.0036 0.0048 
1865     1865   (5)     21 :  0.9800 0.0034 0.0020 0.0112 0.0034 
1866     1866   (0)     21 :  0.9782 0.0084 0.0034 0.0050 0.0050 
1867     1867   (0)     21 :  0.9648 0.0064 0.0058 0.0154 0.0076 
1868     1868   (0)     21 :  0.9746 0.0060 0.0040 0.0124 0.0030 
1869     1869   (0)     21 :  0.9254 0.0590 0.0066 0.0050 0.0040 
1870     1870   (0)     21 :  0.9878 0.0036 0.0030 0.0036 0.0020 
1871     1871   (0)     21 :  0.9788 0.0102 0.0040 0.0040 0.0030 
1872     1872   (5)     21 :  0.9742 0.0066 0.0068 0.0080 0.0044 
1873     1873   (5)     21 :  0.8665 0.0096 0.0040 0.1151 0.0048 
1874     1874   (5)     21 :  0.9634 0.0096 0.0144 0.0072 0.0054 
1875     1875   (0)     21 :  0.9720 0.0100 0.0090 0.0026 0.0064 
1876     1876   (0)     21 :  0.9796 0.0104 0.0040 0.0030 0.0030 
1877     1877   (0)     21 :  0.9584 0.0242 0.0040 0.0104 0.0030 
1878     1878   (0)     21 :  0.9716 0.0044 0.0164 0.0022 0.0054 
1879     1879   (0)     21 :  0.9726 0.0162 0.0036 0.0046 0.0030 
1880     1880   (0)     21 :  0.9694 0.0066 0.0044 0.0122 0.0074 
1881     1881   (0)     21 :  0.9490 0.0054 0.0048 0.0338 0.0070 
1882     1882   (0)     21 :  0.9788 0.0050 0.0030 0.0096 0.0036 
1883     1883   (0)     21 :  0.9712 0.0158 0.0056 0.0040 0.0034 
1884     1884   (0)     21 :  0.9762 0.0042 0.0060 0.0096 0.0040 
1885     1885   (0)     21 :  0.8525 0.1301 0.0084 0.0040 0.0050 
1886     1886   (0)     21 :  0.9442 0.0052 0.0056 0.0404 0.0046 
1887     1887   (5)     21 :  0.9336 0.0380 0.0062 0.0158 0.0064 
1888     1888   (0)     21 :  0.9700 0.0094 0.0030 0.0088 0.0088 
1889     1889   (0)     21 :  0.9732 0.0126 0.0042 0.0070 0.0030 
1890     1890   (0)     21 :  0.9794 0.0050 0.0040 0.0070 0.0046 
1891     1891   (0)     21 :  0.9706 0.0108 0.0056 0.0084 0.0046 
1892     1892   (0)     21 :  0.9796 0.0034 0.0050 0.0074 0.0046 
1893     1893   (5)     21 :  0.9726 0.0074 0.0036 0.0128 0.0036 
1894     1894   (5)     21 :  0.9552 0.0150 0.0114 0.0122 0.0062 
1895     1895   (5)     21 :  0.9542 0.0106 0.0080 0.0226 0.0046 
1896     1896   (5)     21 :  0.9644 0.0076 0.0050 0.0174 0.0056 
1897     1897   (5)     21 :  0.9710 0.0050 0.0046 0.0122 0.0072 
1898     1898   (5)     21 :  0.9662 0.0070 0.0046 0.0106 0.0116 
1899     1899   (0)     21 :  0.9694 0.0140 0.0066 0.0062 0.0038 
1900     1900   (5)     21 :  0.9728 0.0114 0.0030 0.0098 0.0030 
1901     1901   (0)     21 :  0.5837 0.3958 0.0062 0.0102 0.0040 
1902     1902   (0)     21 :  0.9006 0.0376 0.0300 0.0256 0.0062 
1903     1903   (0)     21 :  0.9660 0.0140 0.0030 0.0140 0.0030 
1904     1904   (0)     21 :  0.9830 0.0072 0.0030 0.0038 0.0030 
1905     1905   (0)     21 :  0.9288 0.0154 0.0436 0.0072 0.0050 
1906     1906   (0)     21 :  0.9734 0.0086 0.0034 0.0110 0.0036 
1907     1907   (0)     21 :  0.9766 0.0050 0.0046 0.0108 0.0030 
1908     1908   (0)     21 :  0.9800 0.0060 0.0052 0.0046 0.0042 
1909     1909   (0)     21 :  0.9282 0.0070 0.0044 0.0574 0.0030 
1910     1910   (0)     21 :  0.9768 0.0090 0.0034 0.0068 0.0040 
1911     1911   (0)     21 :  0.8582 0.1186 0.0156 0.0030 0.0046 
1912     1912   (0)     21 :  0.0034 0.0048 0.9858 0.0030 0.0030 
1913     1913   (0)     21 :  0.9800 0.0058 0.0034 0.0088 0.0020 
1914     1914   (0)     21 :  0.9764 0.0098 0.0040 0.0074 0.0024 
1915     1915   (0)     21 :  0.9782 0.0098 0.0036 0.0054 0.0030 
1916     1916   (0)     21 :  0.9180 0.0564 0.0162 0.0046 0.0048 
1917     1917   (0)     21 :  0.9796 0.0072 0.0082 0.0020 0.0030 
1918     1918   (0)     21 :  0.5927 0.0340 0.0816 0.2867 0.0050 
1919     1919   (0)     21 :  0.9144 0.0380 0.0066 0.0360 0.0050 
1920     1920   (0)     21 :  0.7349 0.2279 0.0044 0.0282 0.0046 
1921     1921   (0)     21 :  0.9798 0.0074 0.0056 0.0042 0.0030 
1922     1922   (0)     21 :  0.9820 0.0062 0.0040 0.0052 0.0026 
1923     1923   (0)     21 :  0.9758 0.0078 0.0038 0.0072 0.0054 
1924     1924   (0)     21 :  0.9512 0.0222 0.0162 0.0052 0.0052 
1925     1925   (0)     21 :  0.9736 0.0120 0.0054 0.0056 0.0034 
1926     1926   (0)     21 :  0.9760 0.0128 0.0054 0.0038 0.0020 
1927     1927   (0)     21 :  0.9728 0.0112 0.0080 0.0046 0.0034 
1928     1928   (0)     21 :  0.9496 0.0116 0.0030 0.0316 0.0042 
1929     1929   (0)     21 :  0.9626 0.0052 0.0076 0.0194 0.0052 
1930     1930   (0)     21 :  0.9476 0.0370 0.0066 0.0048 0.0040 
1931     1931   (0)     21 :  0.2072 0.0036 0.0046 0.7826 0.0020 
1932     1932   (0)     21 :  0.9534 0.0320 0.0044 0.0062 0.0040 
1933     1933   (0)     21 :  0.9552 0.0286 0.0060 0.0062 0.0040 
1934     1934   (0)     21 :  0.9556 0.0264 0.0050 0.0090 0.0040 
1935     1935   (0)     21 :  0.9766 0.0096 0.0066 0.0052 0.0020 
1936     1936   (0)     21 :  0.9676 0.0120 0.0094 0.0054 0.0056 
1937     1937   (0)     21 :  0.9744 0.0088 0.0108 0.0030 0.0030 
1938     1938   (0)     21 :  0.9636 0.0136 0.0040 0.0158 0.0030 
1939     1939   (0)     21 :  0.9776 0.0062 0.0050 0.0082 0.0030 
1940     1940   (0)     21 :  0.9788 0.0044 0.0074 0.0068 0.0026 
1941     1941   (0)     21 :  0.9578 0.0242 0.0030 0.0120 0.0030 
1942     1942   (0)     21 :  0.9724 0.0080 0.0084 0.0046 0.0066 
1943     1943  (10)     21 :  0.3417 0.0100 0.0044 0.6399 0.0040 
1944     1944   (0)     21 :  0.9700 0.0072 0.0050 0.0138 0.0040 
1945     1945   (0)     21 :  0.9638 0.0228 0.0030 0.0068 0.0036 
1946     1946   (0)     21 :  0.8360 0.1034 0.0066 0.0490 0.0050 
1947     1947   (0)     21 :  0.9074 0.0082 0.0110 0.0674 0.0060 
1948     1948   (0)     21 :  0.9232 0.0574 0.0076 0.0050 0.0068 
1949     1949   (0)     21 :  0.9770 0.0078 0.0074 0.0048 0.0030 
1950     1950   (0)     21 :  0.9716 0.0078 0.0082 0.0094 0.0030 
1951     1951   (0)     21 :  0.9878 0.0036 0.0030 0.0036 0.0020 
1952     1952   (0)     21 :  0.9828 0.0058 0.0026 0.0068 0.0020 
1953     1953   (0)     21 :  0.9684 0.0064 0.0050 0.0152 0.0050 
1954     1954   (0)     21 :  0.9826 0.0064 0.0032 0.0058 0.0020 
1955     1955   (0)     21 :  0.9764 0.0058 0.0026 0.0122 0.0030 
1956     1956   (0)     22 :  0.9610 0.0070 0.0034 0.0078 0.0208 
1957     1957  (10)     22 :  0.9728 0.0046 0.0030 0.0134 0.0062 
1958     1958  (10)     22 :  0.9146 0.0238 0.0468 0.0098 0.0050 
1959     1959   (5)     22 :  0.9786 0.0074 0.0030 0.0084 0.0026 
1960     1960   (5)     22 :  0.9698 0.0040 0.0056 0.0176 0.0030 
1961     1961   (0)     22 :  0.9690 0.0068 0.0062 0.0158 0.0022 
1962     1962   (5)     22 :  0.9312 0.0046 0.0126 0.0480 0.0036 
1963     1963   (5)     22 :  0.9010 0.0066 0.0030 0.0848 0.0046 
1964     1964   (0)     22 :  0.9828 0.0030 0.0030 0.0092 0.0020 
1965     1965   (0)     22 :  0.9830 0.0044 0.0030 0.0072 0.0024 
1966     1966   (0)     22 :  0.9830 0.0044 0.0030 0.0072 0.0024 
1967     1967   (0)     22 :  0.9610 0.0256 0.0064 0.0046 0.0024 
1968     1968   (0)     22 :  0.9770 0.0054 0.0084 0.0062 0.0030 
1969     1969   (5)     22 :  0.9786 0.0094 0.0036 0.0060 0.0024 
1970     1970   (5)     22 :  0.9580 0.0056 0.0120 0.0078 0.0166 
1971     1971  (10)     22 :  0.9766 0.0066 0.0034 0.0084 0.0050 
1972     1972   (0)     22 :  0.9806 0.0056 0.0048 0.0060 0.0030 
1973     1973   (5)     22 :  0.9220 0.0128 0.0198 0.0364 0.0090 
1974     1974   (5)     22 :  0.9718 0.0080 0.0122 0.0040 0.0040 
1975     1975   (0)     22 :  0.9800 0.0064 0.0070 0.0046 0.0020 
1976     1976   (5)     22 :  0.9628 0.0094 0.0040 0.0208 0.0030 
1977     1977   (0)     22 :  0.9464 0.0242 0.0132 0.0036 0.0126 
1978     1978   (5)     22 :  0.9412 0.0046 0.0386 0.0136 0.0020 
1979     1979   (0)     22 :  0.9698 0.0034 0.0030 0.0208 0.0030 
1980     1980   (0)     22 :  0.9308 0.0046 0.0062 0.0526 0.0058 
1981     1981   (0)     22 :  0.9638 0.0044 0.0152 0.0088 0.0078 
1982     1982   (0)     22 :  0.9500 0.0086 0.0034 0.0350 0.0030 
1983     1983   (0)     22 :  0.9590 0.0212 0.0024 0.0144 0.0030 
1984     1984   (0)     22 :  0.8427 0.0182 0.0034 0.1307 0.0050 
1985     1985   (0)     22 :  0.9446 0.0046 0.0128 0.0252 0.0128 
1986     1986   (0)     22 :  0.9750 0.0060 0.0076 0.0056 0.0058 
1987     1987   (0)     22 :  0.8032 0.0288 0.0040 0.1550 0.0090 
1988     1988   (0)     22 :  0.9602 0.0186 0.0030 0.0152 0.0030 
1989     1989   (0)     22 :  0.9804 0.0058 0.0042 0.0046 0.0050 
1990     1990   (0)     22 :  0.9646 0.0134 0.0050 0.0078 0.0092 
1991     1991   (0)     22 :  0.9846 0.0044 0.0038 0.0046 0.0026 
1992     1992   (0)     22 :  0.9806 0.0054 0.0040 0.0030 0.0070 
1993     1993   (0)     22 :  0.9850 0.0050 0.0024 0.0046 0.0030 
1994     1994   (5)     22 :  0.9762 0.0058 0.0070 0.0070 0.0040 
1995     1995   (5)     22 :  0.9534 0.0076 0.0098 0.0252 0.0040 
1996     1996   (0)     22 :  0.9772 0.0048 0.0106 0.0034 0.0040 
1997     1997  (15)     22 :  0.9484 0.0108 0.0210 0.0098 0.0100 
1998     1998  (10)     22 :  0.9704 0.0040 0.0030 0.0200 0.0026 
1999     1999  (10)     22 :  0.9802 0.0072 0.0050 0.0046 0.0030 
2000     2000  (10)     22 :  0.9582 0.0228 0.0054 0.0086 0.0050 
2001     2001   (5)     22 :  0.9582 0.0180 0.0104 0.0094 0.0040 
2002     2002   (5)     22 :  0.9704 0.0094 0.0046 0.0126 0.0030 
2003     2003   (5)     22 :  0.9740 0.0090 0.0104 0.0030 0.0036 
2004     2004   (5)     22 :  0.9680 0.0066 0.0048 0.0176 0.0030 
2005     2005   (5)     22 :  0.9642 0.0170 0.0090 0.0062 0.0036 
2006     2006   (5)     22 :  0.9792 0.0092 0.0050 0.0036 0.0030 
2007     2007  (15)     22 :  0.9580 0.0138 0.0080 0.0110 0.0092 
2008     2008   (5)     22 :  0.9740 0.0048 0.0020 0.0094 0.0098 
2009     2009   (5)     22 :  0.9832 0.0044 0.0030 0.0068 0.0026 
2010     2010  (15)     22 :  0.9714 0.0070 0.0056 0.0120 0.0040 
2011     2011   (5)     22 :  0.9296 0.0246 0.0088 0.0128 0.0242 
2012     2012   (5)     22 :  0.8176 0.1290 0.0176 0.0158 0.0200 
2013     2013   (5)     22 :  0.9784 0.0084 0.0054 0.0044 0.0034 
2014     2014   (5)     22 :  0.9648 0.0054 0.0040 0.0228 0.0030 
2015     2015  (10)     22 :  0.9772 0.0044 0.0072 0.0066 0.0046 
2016     2016   (5)     22 :  0.8910 0.0048 0.0040 0.0972 0.0030 
2017     2017   (5)     22 :  0.9808 0.0066 0.0062 0.0024 0.0040 
2018     2018  (10)     22 :  0.9512 0.0082 0.0044 0.0332 0.0030 
2019     2019  (10)     22 :  0.9708 0.0124 0.0070 0.0058 0.0040 
2020     2020  (10)     22 :  0.9666 0.0094 0.0056 0.0056 0.0128 
2021     2021  (10)     22 :  0.9260 0.0220 0.0090 0.0218 0.0212 
2022     2022   (5)     22 :  0.9712 0.0144 0.0040 0.0074 0.0030 
2023     2023  (10)     22 :  0.8145 0.0380 0.1313 0.0118 0.0044 
2024     2024   (0)     22 :  0.9472 0.0066 0.0056 0.0386 0.0020 
2025     2025   (5)     22 :  0.9486 0.0046 0.0040 0.0392 0.0036 
2026     2026   (0)     22 :  0.9838 0.0044 0.0024 0.0068 0.0026 
2027     2027   (0)     22 :  0.9894 0.0030 0.0020 0.0036 0.0020 
2028     2028   (0)     22 :  0.9828 0.0050 0.0030 0.0056 0.0036 
2029     2029   (0)     22 :  0.9656 0.0058 0.0046 0.0122 0.0118 
2030     2030   (0)     22 :  0.9648 0.0092 0.0184 0.0052 0.0024 
2031     2031   (0)     22 :  0.9428 0.0046 0.0036 0.0386 0.0104 
2032     2032   (0)     22 :  0.8915 0.0080 0.0068 0.0897 0.0040 
2033     2033  (10)     22 :  0.9790 0.0046 0.0040 0.0076 0.0048 
2034     2034  (10)     22 :  0.7632 0.1800 0.0116 0.0062 0.0390 
2035     2035   (0)     22 :  0.9640 0.0066 0.0040 0.0086 0.0168 
2036     2036   (5)     22 :  0.8231 0.0969 0.0114 0.0070 0.0616 
2037     2037   (0)     22 :  0.9536 0.0198 0.0070 0.0152 0.0044 
2038     2038   (5)     22 :  0.9688 0.0104 0.0050 0.0060 0.0098 
2039     2039   (5)     22 :  0.9636 0.0072 0.0080 0.0182 0.0030 
2040     2040   (5)     22 :  0.9608 0.0066 0.0072 0.0214 0.0040 
2041     2041  (10)     22 :  0.9796 0.0060 0.0030 0.0088 0.0026 
2042     2042   (0)     22 :  0.9854 0.0044 0.0030 0.0042 0.0030 
2043     2043   (0)     22 :  0.9804 0.0060 0.0040 0.0066 0.0030 
2044     2044   (0)     22 :  0.8146 0.0534 0.0774 0.0054 0.0492 
2045     2045   (0)     22 :  0.9828 0.0040 0.0066 0.0036 0.0030 
2046     2046   (0)     22 :  0.9682 0.0096 0.0086 0.0080 0.0056 
2047     2047   (0)     22 :  0.9840 0.0048 0.0040 0.0042 0.0030 
2048     2048   (0)     22 :  0.9041 0.0376 0.0040 0.0514 0.0030 
2049     2049   (0)     22 :  0.9702 0.0106 0.0072 0.0086 0.0034 
2050     2050   (0)     22 :  0.9662 0.0048 0.0040 0.0220 0.0030 
2051     2051   (0)     22 :  0.9760 0.0088 0.0060 0.0052 0.0040 
2052     2052   (0)     22 :  0.9778 0.0068 0.0068 0.0046 0.0040 
2053     2053   (0)     22 :  0.8200 0.1132 0.0130 0.0386 0.0152 
2054     2054   (0)     22 :  0.7605 0.2115 0.0098 0.0114 0.0068 
2055     2055   (0)     22 :  0.6290 0.2880 0.0652 0.0110 0.0068 
2056     2056   (0)     22 :  0.7488 0.2002 0.0086 0.0386 0.0038 
2057     2057   (0)     22 :  0.9682 0.0094 0.0034 0.0100 0.0090 
2058     2058   (0)     22 :  0.9808 0.0062 0.0030 0.0070 0.0030 
2059     2059   (5)     22 :  0.9742 0.0100 0.0062 0.0056 0.0040 
2060     2060   (0)     22 :  0.9548 0.0246 0.0064 0.0112 0.0030 
2061     2061   (5)     22 :  0.6750 0.0268 0.0154 0.0050 0.2779 
2062     2062   (0)     22 :  0.9586 0.0286 0.0052 0.0046 0.0030 
2063     2063   (0)     22 :  0.8644 0.0224 0.0298 0.0710 0.0124 
2064     2064   (0)     22 :  0.9146 0.0058 0.0660 0.0086 0.0050 
2065     2065   (0)     22 :  0.9584 0.0206 0.0086 0.0086 0.0038 
2066     2066   (0)     22 :  0.9806 0.0062 0.0030 0.0072 0.0030 
2067     2067   (0)     22 :  0.9544 0.0146 0.0106 0.0174 0.0030 
2068     2068   (0)     22 :  0.9568 0.0198 0.0030 0.0158 0.0046 
2069     2069   (0)     22 :  0.9866 0.0038 0.0020 0.0046 0.0030 
2070     2070   (0)     22 :  0.9790 0.0062 0.0058 0.0056 0.0034 
2071     2071   (0)     22 :  0.9850 0.0034 0.0040 0.0046 0.0030 
2072     2072   (0)     22 :  0.6928 0.2041 0.0090 0.0838 0.0104 
2073     2073   (0)     22 :  0.9816 0.0054 0.0050 0.0050 0.0030 
2074     2074   (0)     22 :  0.9788 0.0074 0.0040 0.0036 0.0062 
2075     2075   (5)     22 :  0.9790 0.0064 0.0050 0.0066 0.0030 
2076     2076   (0)     22 :  0.9762 0.0038 0.0050 0.0102 0.0048 
2077     2077   (0)     22 :  0.9472 0.0162 0.0180 0.0136 0.0050 
2078     2078   (0)     22 :  0.9788 0.0040 0.0040 0.0070 0.0062 
2079     2079  (10)     22 :  0.9714 0.0098 0.0030 0.0128 0.0030 
2080     2080   (0)     22 :  0.9842 0.0056 0.0020 0.0052 0.0030 
2081     2081   (0)     22 :  0.9836 0.0040 0.0020 0.0074 0.0030 
2082     2082   (0)     22 :  0.9826 0.0038 0.0030 0.0060 0.0046 
2083     2083  (10)     22 :  0.9752 0.0110 0.0058 0.0052 0.0028 
2084     2084   (5)     22 :  0.9586 0.0244 0.0080 0.0060 0.0030 
2085     2085   (0)     22 :  0.9742 0.0116 0.0040 0.0066 0.0036 
2086     2086   (5)     22 :  0.9844 0.0040 0.0030 0.0050 0.0036 
2087     2087   (5)     22 :  0.9792 0.0132 0.0020 0.0036 0.0020 
2088     2088  (10)     22 :  0.9692 0.0148 0.0070 0.0050 0.0040 
2089     2089   (0)     22 :  0.9784 0.0062 0.0024 0.0100 0.0030 
2090     2090   (5)     22 :  0.9538 0.0162 0.0172 0.0062 0.0066 
2091     2091  (10)     22 :  0.9724 0.0072 0.0034 0.0140 0.0030 
2092     2092   (0)     22 :  0.9632 0.0154 0.0120 0.0044 0.0050 
2093     2093   (0)     22 :  0.9432 0.0228 0.0044 0.0124 0.0172 
2094     2094   (0)     22 :  0.9040 0.0830 0.0060 0.0040 0.0030 
2095     2095   (0)     22 :  0.9219 0.0150 0.0494 0.0096 0.0040 
2096     2096   (0)     22 :  0.9708 0.0142 0.0030 0.0090 0.0030 
2097     2097   (0)     22 :  0.9766 0.0108 0.0030 0.0040 0.0056 
2098     2098   (0)     22 :  0.9758 0.0040 0.0040 0.0136 0.0026 
2099     2099   (0)     22 :  0.9734 0.0052 0.0056 0.0128 0.0030 
2100     2100   (0)     22 :  0.9784 0.0050 0.0030 0.0116 0.0020 
2101     2101   (5)     22 :  0.9558 0.0184 0.0164 0.0034 0.0060 
2102     2102   (0)     22 :  0.9838 0.0044 0.0024 0.0074 0.0020 
2103     2103   (0)     22 :  0.7884 0.0074 0.0176 0.1830 0.0036 
2104     2104   (0)     22 :  0.9800 0.0044 0.0080 0.0046 0.0030 
2105     2105   (5)     22 :  0.9570 0.0126 0.0060 0.0178 0.0066 
2106     2106   (0)     22 :  0.9776 0.0076 0.0030 0.0078 0.0040 
2107     2107   (0)     22 :  0.9182 0.0504 0.0098 0.0142 0.0074 
2108     2108   (0)     22 :  0.9654 0.0124 0.0050 0.0142 0.0030 
2109     2109   (0)     22 :  0.9578 0.0112 0.0082 0.0198 0.0030 
2110     2110   (0)     22 :  0.9830 0.0034 0.0060 0.0046 0.0030 
2111     2111   (0)     22 :  0.9047 0.0112 0.0100 0.0686 0.0056 
2112     2112   (0)     22 :  0.9614 0.0210 0.0030 0.0062 0.0084 
2113     2113   (0)     22 :  0.9842 0.0030 0.0046 0.0052 0.0030 
2114     2114   (0)     22 :  0.9694 0.0092 0.0060 0.0124 0.0030 
2115     2115   (0)     22 :  0.9566 0.0154 0.0092 0.0066 0.0122 
2116     2116   (0)     22 :  0.8688 0.0078 0.0034 0.1170 0.0030 
2117     2117   (0)     22 :  0.9768 0.0094 0.0020 0.0098 0.0020 
2118     2118   (0)     22 :  0.9838 0.0052 0.0034 0.0046 0.0030 
2119     2119   (0)     22 :  0.9826 0.0056 0.0040 0.0052 0.0026 
2120     2120   (0)     22 :  0.9862 0.0040 0.0030 0.0046 0.0022 
2121     2121   (0)     22 :  0.9786 0.0092 0.0030 0.0062 0.0030 
2122     2122   (0)     22 :  0.9772 0.0084 0.0066 0.0052 0.0026 
2123     2123   (0)     22 :  0.9706 0.0080 0.0070 0.0066 0.0078 
2124     2124   (0)     22 :  0.9788 0.0050 0.0040 0.0076 0.0046 
2125     2125   (0)     22 :  0.9864 0.0040 0.0030 0.0036 0.0030 
2126     2126  (10)     22 :  0.9612 0.0192 0.0040 0.0090 0.0066 
2127     2127   (5)     22 :  0.8107 0.0184 0.1511 0.0168 0.0030 
2128     2128  (10)     22 :  0.9766 0.0078 0.0056 0.0064 0.0036 
2129     2129   (5)     22 :  0.8864 0.0148 0.0454 0.0186 0.0348 
2130     2130  (10)     22 :  0.9696 0.0066 0.0046 0.0156 0.0036 
2131     2131  (10)     22 :  0.8928 0.0150 0.0122 0.0764 0.0036 
2132     2132   (0)     22 :  0.9502 0.0074 0.0150 0.0214 0.0060 
2133     2133   (5)     22 :  0.9640 0.0150 0.0044 0.0098 0.0068 
2134     2134   (5)     22 :  0.9420 0.0190 0.0112 0.0058 0.0220 
2135     2135  (10)     22 :  0.9436 0.0110 0.0126 0.0260 0.0068 
2136     2136   (0)     22 :  0.9676 0.0088 0.0030 0.0176 0.0030 
2137     2137   (0)     22 :  0.9818 0.0050 0.0030 0.0062 0.0040 
2138     2138   (0)     22 :  0.9820 0.0056 0.0036 0.0052 0.0036 
2139     2139   (0)     22 :  0.9840 0.0044 0.0030 0.0046 0.0040 
2140     2140   (0)     22 :  0.7976 0.0104 0.0032 0.1662 0.0226 
2141     2141   (0)     22 :  0.7338 0.2050 0.0040 0.0036 0.0536 
2142     2142   (0)     22 :  0.9092 0.0084 0.0040 0.0096 0.0688 
2143     2143   (0)     22 :  0.9774 0.0126 0.0040 0.0030 0.0030 
2144     2144   (0)     22 :  0.9664 0.0228 0.0050 0.0036 0.0022 
2145     2145   (5)     22 :  0.7795 0.1667 0.0356 0.0058 0.0124 
2146     2146   (0)     22 :  0.6923 0.1877 0.0998 0.0104 0.0098 
2147     2147   (0)     22 :  0.9748 0.0056 0.0090 0.0082 0.0024 
2148     2148  (10)     22 :  0.9630 0.0170 0.0040 0.0098 0.0062 
2149     2149   (5)     22 :  0.9748 0.0034 0.0060 0.0118 0.0040 
2150     2150   (0)     22 :  0.9862 0.0044 0.0030 0.0044 0.0020 
2151     2151   (5)     22 :  0.8072 0.1692 0.0068 0.0090 0.0078 
2152     2152   (5)     22 :  0.9628 0.0148 0.0056 0.0128 0.0040 
2153     2153   (0)     22 :  0.9650 0.0134 0.0036 0.0150 0.0030 
2154     2154   (0)     22 :  0.9638 0.0038 0.0044 0.0082 0.0198 
2155     2155   (0)     22 :  0.9746 0.0098 0.0048 0.0074 0.0034 
2156     2156   (0)     22 :  0.8605 0.1169 0.0112 0.0044 0.0070 
2157     2157   (0)     22 :  0.9634 0.0086 0.0030 0.0222 0.0028 
2158     2158   (0)     22 :  0.9636 0.0108 0.0030 0.0140 0.0086 
2159     2159   (0)     22 :  0.9784 0.0062 0.0062 0.0062 0.0030 
2160     2160   (0)     22 :  0.9802 0.0096 0.0040 0.0042 0.0020 
2161     2161   (0)     22 :  0.9836 0.0074 0.0030 0.0040 0.0020 
2162     2162   (0)     22 :  0.9760 0.0098 0.0044 0.0068 0.0030 
2163     2163   (0)     22 :  0.9656 0.0044 0.0114 0.0114 0.0072 
2164     2164   (0)     22 :  0.9550 0.0212 0.0146 0.0062 0.0030 
2165     2165   (0)     22 :  0.9682 0.0118 0.0140 0.0030 0.0030 
2166     2166   (0)     22 :  0.9780 0.0090 0.0070 0.0030 0.0030 
2167     2167   (0)     22 :  0.9454 0.0044 0.0040 0.0422 0.0040 
2168     2168   (0)     22 :  0.9516 0.0096 0.0124 0.0204 0.0060 
2169     2169   (0)     22 :  0.9458 0.0044 0.0040 0.0418 0.0040 
2170     2170   (0)     22 :  0.9772 0.0108 0.0044 0.0046 0.0030 
2171     2171   (0)     22 :  0.9800 0.0068 0.0056 0.0046 0.0030 
2172     2172   (0)     22 :  0.9722 0.0154 0.0030 0.0068 0.0026 
2173     2173   (0)     22 :  0.9788 0.0126 0.0020 0.0046 0.0020 
2174     2174   (0)     22 :  0.9442 0.0176 0.0024 0.0328 0.0030 
2175     2175   (0)     22 :  0.9526 0.0056 0.0030 0.0368 0.0020 
2176     2176   (0)     22 :  0.9080 0.0046 0.0030 0.0722 0.0122 
2177     2177   (0)     22 :  0.9680 0.0054 0.0046 0.0082 0.0138 
2178     2178   (0)     22 :  0.9810 0.0074 0.0030 0.0056 0.0030 
2179     2179   (0)     22 :  0.9360 0.0130 0.0322 0.0094 0.0094 
2180     2180   (0)     22 :  0.9788 0.0034 0.0034 0.0116 0.0028 
2181     2181   (0)     22 :  0.9380 0.0078 0.0418 0.0094 0.0030 
2182     2182   (0)     22 :  0.9774 0.0096 0.0040 0.0060 0.0030 
2183     2183   (0)     22 :  0.9760 0.0066 0.0050 0.0084 0.0040 
2184     2184   (0)     22 :  0.9676 0.0084 0.0044 0.0114 0.0082 
2185     2185   (0)     22 :  0.9812 0.0046 0.0066 0.0046 0.0030 
2186     2186   (0)     22 :  0.9678 0.0096 0.0044 0.0132 0.0050 
2187     2187   (0)     22 :  0.9782 0.0068 0.0020 0.0100 0.0030 
2188     2188   (0)     22 :  0.8838 0.0112 0.0044 0.0922 0.0084 
2189     2189   (0)     22 :  0.9870 0.0034 0.0030 0.0036 0.0030 
2190     2190   (0)     22 :  0.9850 0.0040 0.0030 0.0040 0.0040 
2191     2191   (0)     22 :  0.9744 0.0116 0.0040 0.0066 0.0034 
2192     2192   (0)     22 :  0.9812 0.0070 0.0044 0.0040 0.0034 
2193     2193   (0)     22 :  0.9804 0.0080 0.0030 0.0056 0.0030 
2194     2194   (0)     22 :  0.9730 0.0150 0.0040 0.0050 0.0030 
2195     2195   (0)     22 :  0.9820 0.0060 0.0042 0.0052 0.0026 
2196     2196   (5)     23 :  0.9440 0.0184 0.0164 0.0050 0.0162 
2197     2197   (0)     23 :  0.8054 0.1670 0.0154 0.0078 0.0044 
2198     2198   (0)     23 :  0.7922 0.1826 0.0120 0.0088 0.0044 
2199     2199   (0)     23 :  0.7159 0.2641 0.0078 0.0074 0.0048 
2200     2200   (0)     23 :  0.9582 0.0198 0.0054 0.0126 0.0040 
2201     2201   (0)     23 :  0.7980 0.0640 0.0460 0.0070 0.0850 
2202     2202   (0)     23 :  0.8177 0.1361 0.0080 0.0274 0.0108 
2203     2203   (0)     23 :  0.8954 0.0464 0.0090 0.0378 0.0114 
2204     2204   (0)     23 :  0.7378 0.2251 0.0188 0.0152 0.0030 
2205     2205   (0)     23 :  0.9864 0.0040 0.0030 0.0036 0.0030 
2206     2206   (0)     23 :  0.9682 0.0122 0.0046 0.0076 0.0074 
2207     2207   (0)     23 :  0.8422 0.1364 0.0036 0.0122 0.0056 
2208     2208   (0)     23 :  0.9704 0.0070 0.0050 0.0136 0.0040 
2209     2209   (0)     23 :  0.8606 0.1262 0.0044 0.0050 0.0038 
2210     2210   (0)     23 :  0.7713 0.1279 0.0090 0.0865 0.0052 
2211     2211   (0)     23 :  0.9830 0.0052 0.0030 0.0068 0.0020 
2212     2212   (0)     23 :  0.8798 0.1022 0.0104 0.0040 0.0036 
2213     2213   (0)     23 :  0.9388 0.0418 0.0038 0.0040 0.0116 
2214     2214   (0)     23 :  0.9712 0.0158 0.0054 0.0036 0.0040 
2215     2215   (0)     23 :  0.8644 0.1142 0.0106 0.0030 0.0078 
2216     2216   (0)     23 :  0.8687 0.0064 0.0110 0.1055 0.0084 
2217     2217   (0)     23 :  0.8618 0.0138 0.1154 0.0040 0.0050 
2218     2218   (0)     23 :  0.6556 0.3073 0.0116 0.0208 0.0048 
2219     2219   (0)     23 :  0.6532 0.2979 0.0100 0.0338 0.0052 
2220     2220   (0)     23 :  0.9664 0.0082 0.0040 0.0034 0.0180 
2221     2221   (0)     23 :  0.9112 0.0408 0.0358 0.0078 0.0044 
2222     2222   (0)     23 :  0.8152 0.0732 0.0926 0.0156 0.0034 
2223     2223   (0)     23 :  0.5852 0.3864 0.0124 0.0070 0.0090 
2224     2224   (0)     23 :  0.9312 0.0424 0.0044 0.0152 0.0068 
2225     2225   (0)     23 :  0.9596 0.0194 0.0100 0.0030 0.0080 
2226     2226   (0)     23 :  0.9124 0.0156 0.0046 0.0278 0.0396 
2227     2227  (10)     23 :  0.9746 0.0080 0.0072 0.0062 0.0040 
2228     2228   (5)     23 :  0.9045 0.0710 0.0034 0.0158 0.0052 
2229     2229   (0)     23 :  0.3277 0.6407 0.0198 0.0030 0.0088 
2230     2230   (0)     23 :  0.7060 0.2768 0.0060 0.0024 0.0088 
2231     2231   (0)     23 :  0.6096 0.3508 0.0084 0.0196 0.0116 
2232     2232   (0)     23 :  0.6220 0.3638 0.0036 0.0050 0.0056 
2233     2233   (0)     23 :  0.4698 0.4917 0.0072 0.0078 0.0236 
2234     2234   (0)     23 :  0.6933 0.2881 0.0118 0.0034 0.0034 
2235     2235   (0)     23 :  0.7305 0.2393 0.0050 0.0088 0.0164 
2236     2236   (0)     23 :  0.8192 0.1540 0.0164 0.0034 0.0070 
2237     2237   (0)     23 :  0.6066 0.3457 0.0396 0.0052 0.0030 
2238     2238   (5)     23 :  0.7824 0.1750 0.0314 0.0048 0.0064 
2239     2239   (0)     23 :  0.4737 0.4897 0.0106 0.0184 0.0076 
2240     2240   (0)     23 :  0.7530 0.2292 0.0110 0.0044 0.0024 
2241     2241   (0)     23 :  0.6036 0.3780 0.0084 0.0050 0.0050 
2242     2242   (0)     23 :  0.9170 0.0418 0.0180 0.0072 0.0160 
2243     2243   (0)     23 :  0.5279 0.4467 0.0176 0.0040 0.0038 
2244     2244   (5)     23 :  0.2221 0.7011 0.0646 0.0082 0.0040 
2245     2245   (0)     23 :  0.7040 0.1501 0.1277 0.0078 0.0104 
2246     2246   (0)     23 :  0.5572 0.3608 0.0044 0.0736 0.0040 
2247     2247   (0)     23 :  0.5510 0.3484 0.0924 0.0048 0.0034 
2248     2248   (0)     23 :  0.6140 0.3530 0.0190 0.0072 0.0068 
2249     2249   (0)     23 :  0.9756 0.0054 0.0050 0.0110 0.0030 
2250     2250   (0)     23 :  0.9192 0.0492 0.0044 0.0242 0.0030 
2251     2251   (5)     23 :  0.9634 0.0168 0.0066 0.0074 0.0058 
2252     2252   (5)     23 :  0.4962 0.3260 0.1684 0.0034 0.0060 
2253     2253   (0)     23 :  0.7438 0.2372 0.0104 0.0044 0.0042 
2254     2254   (0)     23 :  0.5341 0.3878 0.0570 0.0168 0.0044 
2255     2255   (0)     23 :  0.5874 0.3916 0.0090 0.0044 0.0076 
2256     2256   (0)     23 :  0.6424 0.3464 0.0040 0.0042 0.0030 
2257     2257   (0)     23 :  0.9346 0.0358 0.0154 0.0082 0.0060 
2258     2258   (0)     23 :  0.6741 0.2291 0.0732 0.0074 0.0162 
2259     2259   (0)     23 :  0.8712 0.0244 0.0928 0.0036 0.0080 
2260     2260   (0)     23 :  0.7494 0.2256 0.0162 0.0068 0.0020 
2261     2261   (0)     23 :  0.6448 0.2999 0.0384 0.0134 0.0034 
2262     2262   (0)     23 :  0.9238 0.0566 0.0108 0.0054 0.0034 
2263     2263   (0)     23 :  0.7720 0.1654 0.0514 0.0046 0.0066 
2264     2264   (0)     24 :  0.7651 0.2157 0.0034 0.0120 0.0038 
2265     2265   (0)     24 :  0.7002 0.2780 0.0030 0.0144 0.0044 
2266     2266   (0)     24 :  0.8818 0.0930 0.0092 0.0082 0.0078 
2267     2267   (0)     24 :  0.6252 0.3522 0.0044 0.0106 0.0076 
2268     2268   (0)     24 :  0.6174 0.3636 0.0066 0.0080 0.0044 
2269     2269   (0)     24 :  0.6568 0.3286 0.0078 0.0048 0.0020 
2270     2270   (0)     24 :  0.6588 0.3268 0.0030 0.0080 0.0034 
2271     2271   (0)     24 :  0.5366 0.3274 0.1210 0.0034 0.0116 
2272     2272   (0)     24 :  0.6502 0.3112 0.0134 0.0140 0.0112 
2273     2273   (0)     24 :  0.6558 0.3156 0.0112 0.0122 0.0052 
2274     2274   (0)     24 :  0.6240 0.3620 0.0050 0.0056 0.0034 
2275     2275   (0)     24 :  0.5829 0.3925 0.0054 0.0090 0.0102 
2276     2276   (0)     24 :  0.6758 0.3066 0.0100 0.0024 0.0052 
2277     2277   (0)     24 :  0.6640 0.3122 0.0052 0.0152 0.0034 
2278     2278   (0)     24 :  0.5996 0.3864 0.0034 0.0038 0.0068 
2279     2279   (0)     24 :  0.6374 0.3486 0.0056 0.0054 0.0030 
2280     2280   (0)     24 :  0.5824 0.3966 0.0100 0.0074 0.0036 
2281     2281   (0)     24 :  0.6434 0.2735 0.0710 0.0060 0.0062 
2282     2282   (0)     24 :  0.6190 0.3668 0.0066 0.0042 0.0034 
2283     2283   (0)     24 :  0.5858 0.3976 0.0064 0.0072 0.0030 
2284     2284   (0)     24 :  0.5964 0.3818 0.0096 0.0082 0.0040 
2285     2285   (0)     24 :  0.5235 0.4504 0.0076 0.0134 0.0052 
2286     2286   (0)     24 :  0.5816 0.3940 0.0020 0.0194 0.0030 
2287     2287   (0)     24 :  0.5660 0.3834 0.0064 0.0412 0.0030 
2288     2288   (0)     24 :  0.5692 0.4154 0.0058 0.0066 0.0030 
2289     2289   (0)     24 :  0.5982 0.3792 0.0078 0.0044 0.0104 
2290     2290   (0)     24 :  0.5944 0.3928 0.0058 0.0030 0.0040 
2291     2291   (0)     24 :  0.6034 0.3734 0.0048 0.0080 0.0104 
2292     2292   (0)     24 :  0.5774 0.3956 0.0048 0.0040 0.0182 
2293     2293   (0)     24 :  0.5726 0.3800 0.0180 0.0224 0.0070 
2294     2294   (0)     24 :  0.5914 0.3860 0.0030 0.0136 0.0060 
2295     2295   (0)     25 :  0.6156 0.3572 0.0084 0.0122 0.0066 
2296     2296   (0)     25 :  0.5752 0.4006 0.0036 0.0118 0.0088 
2297     2297   (0)     25 :  0.5924 0.3890 0.0050 0.0092 0.0044 
2298     2298   (0)     25 :  0.6682 0.3082 0.0034 0.0172 0.0030 
2299     2299   (0)     25 :  0.5982 0.3730 0.0040 0.0218 0.0030 
2300     2300   (0)     25 :  0.5788 0.3914 0.0170 0.0036 0.0092 
2301     2301   (0)     25 :  0.5444 0.3868 0.0514 0.0034 0.0140 
2302     2302   (0)     25 :  0.6104 0.3750 0.0048 0.0044 0.0054 
2303     2303   (0)     25 :  0.4854 0.4304 0.0692 0.0092 0.0058 
2304     2304   (0)     25 :  0.7229 0.2593 0.0054 0.0094 0.0030 
2305     2305   (0)     25 :  0.6068 0.3776 0.0034 0.0078 0.0044 
2306     2306   (0)     25 :  0.6150 0.3686 0.0060 0.0074 0.0030 
2307     2307   (0)     25 :  0.6915 0.2497 0.0500 0.0048 0.0040 
2308     2308   (0)     25 :  0.5864 0.4008 0.0040 0.0042 0.0046 
2309     2309   (0)     25 :  0.5896 0.3944 0.0046 0.0058 0.0056 
2310     2310   (0)     25 :  0.6344 0.3466 0.0054 0.0058 0.0078 
2311     2311   (0)     25 :  0.6290 0.3484 0.0050 0.0122 0.0054 
2312     2312   (0)     25 :  0.6764 0.3082 0.0044 0.0060 0.0050 
2313     2313   (0)     25 :  0.5988 0.3868 0.0068 0.0040 0.0036 
2314     2314   (0)     25 :  0.5868 0.3844 0.0158 0.0090 0.0040 
2315     2315   (0)     25 :  0.5706 0.3948 0.0246 0.0044 0.0056 
2316     2316   (0)     25 :  0.7536 0.2298 0.0046 0.0044 0.0076 
2317     2317   (0)     25 :  0.5836 0.3135 0.0176 0.0180 0.0673 
2318     2318   (0)     25 :  0.6278 0.3302 0.0056 0.0282 0.0082 
2319     2319   (0)     25 :  0.5836 0.4028 0.0042 0.0048 0.0046 
2320     2320   (0)     25 :  0.6634 0.3160 0.0030 0.0034 0.0142 
2321     2321   (0)     25 :  0.6322 0.3370 0.0100 0.0152 0.0056 
2322     2322   (0)     25 :  0.5888 0.3956 0.0062 0.0044 0.0050 
2323     2323   (0)     25 :  0.5920 0.3932 0.0068 0.0050 0.0030 
2324     2324   (0)     25 :  0.5848 0.3912 0.0122 0.0078 0.0040 
2325     2325   (0)     25 :  0.4992 0.3868 0.0914 0.0044 0.0182 
2326     2326   (0)     25 :  0.5934 0.3922 0.0046 0.0064 0.0034 
2327     2327   (0)     25 :  0.5876 0.3686 0.0040 0.0350 0.0048 
2328     2328   (0)     25 :  0.5970 0.3848 0.0088 0.0030 0.0064 
2329     2329   (0)     25 :  0.6060 0.3662 0.0048 0.0200 0.0030 
2330     2330   (0)     25 :  0.5610 0.4096 0.0204 0.0044 0.0046 
2331     2331   (0)     25 :  0.6800 0.2774 0.0090 0.0086 0.0250 
2332     2332   (0)     25 :  0.6930 0.2968 0.0036 0.0024 0.0042 
2333     2333   (0)     25 :  0.6298 0.3534 0.0078 0.0050 0.0040 
2334     2334   (0)     25 :  0.5343 0.2342 0.0030 0.2237 0.0048 
2335     2335   (0)     25 :  0.5900 0.3888 0.0068 0.0096 0.0048 
2336     2336   (0)     25 :  0.6206 0.3650 0.0054 0.0056 0.0034 
2337     2337   (0)     25 :  0.5896 0.3880 0.0086 0.0082 0.0056 
2338     2338   (0)     25 :  0.6408 0.3414 0.0068 0.0048 0.0062 
2339     2339   (0)     25 :  0.5684 0.4028 0.0156 0.0054 0.0078 
2340     2340   (0)     25 :  0.4936 0.4516 0.0064 0.0428 0.0056 
2341     2341   (0)     25 :  0.6002 0.3784 0.0072 0.0082 0.0060 
2342     2342   (0)     25 :  0.5914 0.3932 0.0056 0.0062 0.0036 
2343     2343   (0)     25 :  0.6220 0.3640 0.0024 0.0086 0.0030 
2344     2344   (0)     25 :  0.6274 0.3532 0.0082 0.0092 0.0020 
2345     2345   (0)     25 :  0.6412 0.3378 0.0034 0.0072 0.0104 
2346     2346   (0)     25 :  0.6146 0.3658 0.0110 0.0046 0.0040 
2347     2347   (0)     25 :  0.5846 0.4068 0.0030 0.0026 0.0030 
2348     2348   (0)     25 :  0.5516 0.3746 0.0346 0.0062 0.0330 
2349     2349   (0)     25 :  0.6086 0.3684 0.0086 0.0090 0.0054 
2350     2350   (0)     25 :  0.5592 0.2675 0.0030 0.1673 0.0030 
2351     2351   (0)     25 :  0.5720 0.3774 0.0370 0.0044 0.0092 
2352     2352   (0)     25 :  0.5842 0.4028 0.0054 0.0040 0.0036 
2353     2353   (0)     25 :  0.6296 0.3471 0.0030 0.0136 0.0068 
2354     2354   (0)     25 :  0.5808 0.3928 0.0072 0.0134 0.0058 
2355     2355   (0)     25 :  0.5748 0.4072 0.0046 0.0108 0.0026 
2356     2356   (0)     25 :  0.5786 0.3928 0.0202 0.0054 0.0030 
2357     2357   (0)     25 :  0.5954 0.3876 0.0030 0.0106 0.0034 
2358     2358   (0)     25 :  0.5960 0.3682 0.0236 0.0044 0.0078 
2359     2359   (0)     25 :  0.7840 0.1908 0.0072 0.0112 0.0068 
2360     2360   (0)     25 :  0.6142 0.3582 0.0024 0.0208 0.0044 
2361     2361   (0)     25 :  0.5664 0.4028 0.0108 0.0158 0.0042 
2362     2362   (0)     25 :  0.6780 0.3060 0.0046 0.0066 0.0048 
2363     2363   (0)     25 :  0.5398 0.4108 0.0050 0.0398 0.0046 
2364     2364   (0)     25 :  0.5896 0.3938 0.0102 0.0034 0.0030 
2365     2365   (0)     25 :  0.5254 0.3736 0.0764 0.0082 0.0164 
2366     2366   (0)     25 :  0.6563 0.3263 0.0030 0.0088 0.0056 
2367     2367   (0)     25 :  0.5838 0.3948 0.0084 0.0066 0.0064 
2368     2368   (0)     25 :  0.6638 0.3164 0.0104 0.0054 0.0040 
2369     2369   (0)     25 :  0.6214 0.3620 0.0046 0.0086 0.0034 
2370     2370   (0)     25 :  0.6310 0.3452 0.0038 0.0170 0.0030 
2371     2371   (0)     25 :  0.5800 0.4048 0.0098 0.0024 0.0030 
2372     2372   (0)     25 :  0.6544 0.3304 0.0062 0.0052 0.0038 
2373     2373   (0)     25 :  0.6900 0.2889 0.0128 0.0030 0.0052 
2374     2374   (0)     25 :  0.5886 0.3988 0.0036 0.0030 0.0060 
2375     2375   (0)     25 :  0.5900 0.3892 0.0140 0.0034 0.0034 
2376     2376   (0)     25 :  0.5712 0.3862 0.0202 0.0194 0.0030 
2377     2377   (0)     25 :  0.5414 0.4148 0.0216 0.0128 0.0094 
2378     2378   (0)     25 :  0.5930 0.3876 0.0070 0.0034 0.0090 
2379     2379   (0)     25 :  0.5904 0.3788 0.0206 0.0072 0.0030 
2380     2380   (0)     25 :  0.4936 0.2938 0.0450 0.1478 0.0198 
2381     2381   (0)     25 :  0.6264 0.3338 0.0126 0.0242 0.0030 
2382     2382   (0)     25 :  0.6074 0.3644 0.0044 0.0198 0.0040 
2383     2383   (0)     25 :  0.5918 0.3884 0.0036 0.0128 0.0034 
2384     2384   (0)     25 :  0.6535 0.3105 0.0222 0.0076 0.0062 
2385     2385   (0)     25 :  0.6917 0.2949 0.0030 0.0066 0.0038 
2386     2386   (0)     25 :  0.5784 0.3968 0.0030 0.0114 0.0104 
2387     2387   (0)     25 :  0.4608 0.3976 0.1320 0.0066 0.0030 
2388     2388   (0)     25 :  0.6024 0.3834 0.0076 0.0030 0.0036 
2389     2389   (0)     25 :  0.7530 0.2086 0.0280 0.0060 0.0044 
2390     2390   (0)     25 :  0.5916 0.3568 0.0174 0.0220 0.0122 
2391     2391   (0)     25 :  0.6384 0.3416 0.0054 0.0104 0.0042 
2392     2392   (0)     25 :  0.6391 0.3387 0.0046 0.0126 0.0050 
2393     2393   (0)     25 :  0.8554 0.1088 0.0200 0.0124 0.0034 
2394     2394   (0)     25 :  0.5884 0.3874 0.0046 0.0146 0.0050 
2395     2395   (0)     25 :  0.5960 0.3606 0.0084 0.0224 0.0126 
2396     2396   (0)     25 :  0.6116 0.3536 0.0098 0.0172 0.0078 
2397     2397   (0)     25 :  0.5952 0.3670 0.0078 0.0202 0.0098 
2398     2398   (0)     25 :  0.4976 0.4800 0.0094 0.0094 0.0036 
2399     2399   (0)     25 :  0.6010 0.3902 0.0024 0.0034 0.0030 
2400     2400   (0)     25 :  0.5932 0.3924 0.0046 0.0042 0.0056 
2401     2401   (0)     25 :  0.5900 0.3890 0.0030 0.0124 0.0056 
2402     2402   (0)     25 :  0.5806 0.3750 0.0302 0.0086 0.0056 
2403     2403   (0)     25 :  0.5952 0.3732 0.0058 0.0034 0.0224 
2404     2404   (0)     25 :  0.5513 0.4386 0.0026 0.0044 0.0030 
2405     2405   (0)     25 :  0.5623 0.3852 0.0348 0.0122 0.0054 
2406     2406   (0)     25 :  0.6550 0.3148 0.0202 0.0070 0.0030 
2407     2407   (0)     25 :  0.5894 0.3954 0.0030 0.0078 0.0044 
2408     2408   (0)     25 :  0.5872 0.3964 0.0052 0.0062 0.0050 
2409     2409   (0)     25 :  0.5710 0.3896 0.0040 0.0052 0.0302 
2410     2410   (0)     25 :  0.6002 0.3742 0.0148 0.0064 0.0044 
2411     2411   (0)     25 :  0.6000 0.3870 0.0048 0.0062 0.0020 
2412     2412   (0)     25 :  0.6302 0.3354 0.0200 0.0034 0.0110 
2413     2413   (0)     25 :  0.5664 0.4076 0.0058 0.0162 0.0040 
2414     2414   (0)     25 :  0.7274 0.2154 0.0432 0.0096 0.0044 
2415     2415   (0)     25 :  0.6170 0.3708 0.0022 0.0076 0.0024 
2416     2416   (0)     25 :  0.5906 0.3962 0.0030 0.0072 0.0030 
2417     2417   (0)     25 :  0.8476 0.1352 0.0058 0.0054 0.0060 
2418     2418   (0)     25 :  0.5802 0.3586 0.0342 0.0224 0.0046 
2419     2419   (0)     25 :  0.6422 0.3418 0.0040 0.0044 0.0076 
2420     2420   (0)     26 :  0.5964 0.3860 0.0054 0.0070 0.0052 
2421     2421   (0)     26 :  0.5704 0.3846 0.0312 0.0054 0.0084 
2422     2422   (0)     26 :  0.5866 0.3902 0.0056 0.0116 0.0060 
2423     2423   (0)     26 :  0.5792 0.3938 0.0122 0.0108 0.0040 
2424     2424   (0)     26 :  0.5912 0.3950 0.0050 0.0058 0.0030 
2425     2425   (0)     26 :  0.5940 0.3802 0.0152 0.0054 0.0052 
2426     2426   (0)     26 :  0.5786 0.3854 0.0208 0.0024 0.0128 
2427     2427   (0)     26 :  0.5758 0.3908 0.0030 0.0040 0.0264 
2428     2428   (0)     26 :  0.5804 0.3930 0.0080 0.0052 0.0134 
2429     2429   (0)     26 :  0.4918 0.4250 0.0092 0.0664 0.0076 
2430     2430   (0)     26 :  0.5910 0.3960 0.0056 0.0034 0.0040 
2431     2431   (0)     26 :  0.5318 0.4514 0.0082 0.0046 0.0040 
2432     2432   (0)     26 :  0.6060 0.3796 0.0076 0.0034 0.0034 
2433     2433   (0)     26 :  0.5992 0.3778 0.0124 0.0062 0.0044 
2434     2434   (0)     26 :  0.6510 0.3312 0.0044 0.0034 0.0100 
2435     2435  (10)     26 :  0.5868 0.3932 0.0102 0.0048 0.0050 
2436     2436   (0)     26 :  0.5180 0.4640 0.0068 0.0056 0.0056 
2437     2437   (0)     26 :  0.6210 0.3260 0.0138 0.0184 0.0208 
2438     2438   (0)     26 :  0.6212 0.3500 0.0100 0.0148 0.0040 
2439     2439   (0)     26 :  0.4236 0.3576 0.2064 0.0064 0.0060 
2440     2440   (5)     26 :  0.5882 0.3922 0.0096 0.0040 0.0060 
2441     2441   (0)     26 :  0.5974 0.3780 0.0050 0.0152 0.0044 
2442     2442   (0)     26 :  0.5868 0.3876 0.0192 0.0024 0.0040 
2443     2443   (0)     26 :  0.5568 0.3348 0.0726 0.0096 0.0262 
2444     2444   (0)     26 :  0.5846 0.3916 0.0062 0.0048 0.0128 
2445     2445   (0)     26 :  0.5924 0.3924 0.0046 0.0072 0.0034 
2446     2446   (0)     26 :  0.5546 0.4328 0.0040 0.0030 0.0056 
2447     2447   (5)     26 :  0.5866 0.3888 0.0182 0.0034 0.0030 
2448     2448   (0)     26 :  0.6106 0.3678 0.0090 0.0052 0.0074 
2449     2449   (0)     26 :  0.6108 0.3716 0.0062 0.0060 0.0054 
2450     2450   (0)     26 :  0.5874 0.3828 0.0194 0.0040 0.0064 
2451     2451   (0)     26 :  0.5936 0.3839 0.0034 0.0134 0.0058 
2452     2452   (0)     26 :  0.5750 0.4068 0.0046 0.0086 0.0050 
2453     2453   (0)     26 :  0.6205 0.3189 0.0094 0.0478 0.0034 
2454     2454   (0)     26 :  0.7068 0.2774 0.0056 0.0064 0.0038 
2455     2455   (0)     26 :  0.6004 0.3846 0.0064 0.0062 0.0024 
2456     2456   (0)     26 :  0.5824 0.3872 0.0244 0.0030 0.0030 
2457     2457   (5)     26 :  0.5894 0.3840 0.0064 0.0148 0.0054 
2458     2458   (0)     26 :  0.5664 0.4182 0.0078 0.0036 0.0040 
2459     2459   (0)     26 :  0.5898 0.3972 0.0052 0.0034 0.0044 
2460     2460   (0)     26 :  0.5892 0.3992 0.0052 0.0044 0.0020 
2461     2461   (5)     26 :  0.5874 0.3830 0.0060 0.0054 0.0182 
2462     2462   (5)     26 :  0.5602 0.3860 0.0430 0.0074 0.0034 
2463     2463  (10)     26 :  0.5820 0.3984 0.0078 0.0058 0.0060 
2464     2464   (5)     26 :  0.5320 0.4094 0.0500 0.0040 0.0046 
2465     2465   (5)     26 :  0.5894 0.3996 0.0040 0.0040 0.0030 
2466     2466   (5)     26 :  0.5892 0.3928 0.0040 0.0082 0.0058 
2467     2467   (5)     26 :  0.5371 0.3436 0.1095 0.0044 0.0054 
2468     2468   (5)     26 :  0.5772 0.4052 0.0058 0.0072 0.0046 
2469     2469  (10)     26 :  0.7001 0.2845 0.0054 0.0056 0.0044 
2470     2470   (5)     26 :  0.5804 0.3846 0.0184 0.0070 0.0096 
2471     2471   (5)     26 :  0.5900 0.3978 0.0030 0.0046 0.0046 
2472     2472   (5)     26 :  0.6206 0.3436 0.0132 0.0182 0.0044 
2473     2473   (0)     27 :  0.5958 0.3934 0.0040 0.0034 0.0034 
2474     2474   (0)     27 :  0.5822 0.4052 0.0036 0.0040 0.0050 
2475     2475   (0)     27 :  0.5910 0.3922 0.0098 0.0040 0.0030 
2476     2476   (0)     27 :  0.5592 0.3926 0.0328 0.0030 0.0124 
2477     2477   (0)     27 :  0.6066 0.3632 0.0104 0.0154 0.0044 
2478     2478   (0)     27 :  0.5942 0.3910 0.0050 0.0066 0.0032 
2479     2479   (0)     27 :  0.5770 0.4042 0.0104 0.0040 0.0044 
2480     2480   (0)     27 :  0.5632 0.4040 0.0248 0.0040 0.0040 
2481     2481   (0)     27 :  0.5944 0.3820 0.0040 0.0110 0.0086 
2482     2482   (0)     27 :  0.5926 0.3946 0.0044 0.0030 0.0054 
2483     2483   (0)     27 :  0.5902 0.3884 0.0124 0.0050 0.0040 
2484     2484   (0)     27 :  0.5538 0.4316 0.0030 0.0070 0.0046 
2485     2485   (0)     27 :  0.5904 0.3846 0.0054 0.0156 0.0040 
2486     2486   (0)     27 :  0.5574 0.4206 0.0114 0.0050 0.0056 
2487     2487   (0)     27 :  0.5750 0.3908 0.0180 0.0040 0.0122 
2488     2488   (0)     27 :  0.6368 0.3440 0.0040 0.0078 0.0074 
2489     2489   (0)     27 :  0.6308 0.3434 0.0092 0.0066 0.0100 
2490     2490   (0)     27 :  0.5850 0.3896 0.0040 0.0068 0.0146 
2491     2491   (0)     27 :  0.6478 0.3192 0.0050 0.0256 0.0024 
2492     2492   (0)     27 :  0.5936 0.3900 0.0058 0.0052 0.0054 
2493     2493   (0)     27 :  0.5392 0.3708 0.0676 0.0158 0.0066 
2494     2494   (0)     27 :  0.5970 0.3870 0.0064 0.0038 0.0058 
2495     2495   (0)     27 :  0.6106 0.3714 0.0066 0.0084 0.0030 
2496     2496   (0)     27 :  0.5788 0.3954 0.0166 0.0030 0.0062 
2497     2497   (0)     27 :  0.6064 0.3748 0.0040 0.0094 0.0054 
2498     2498   (0)     27 :  0.5690 0.3934 0.0084 0.0256 0.0036 
2499     2499   (0)     27 :  0.5938 0.3956 0.0050 0.0026 0.0030 
2500     2500   (0)     27 :  0.5730 0.4110 0.0048 0.0066 0.0046 
2501     2501   (0)     27 :  0.5704 0.4008 0.0116 0.0092 0.0080 
2502     2502   (0)     27 :  0.6044 0.3830 0.0048 0.0034 0.0044 
2503     2503   (0)     27 :  0.5876 0.3978 0.0062 0.0054 0.0030 
2504     2504   (0)     27 :  0.6022 0.3657 0.0244 0.0044 0.0034 
2505     2505   (0)     27 :  0.5369 0.3447 0.1014 0.0122 0.0048 
2506     2506   (0)     27 :  0.5836 0.3998 0.0086 0.0044 0.0036 
2507     2507   (0)     27 :  0.5784 0.3926 0.0200 0.0032 0.0058 
2508     2508   (0)     27 :  0.5822 0.3944 0.0064 0.0110 0.0060 
2509     2509   (0)     27 :  0.5958 0.3852 0.0090 0.0052 0.0048 
2510     2510   (0)     27 :  0.5922 0.3910 0.0100 0.0038 0.0030 
2511     2511   (0)     27 :  0.5922 0.3970 0.0030 0.0044 0.0034 
2512     2512   (0)     27 :  0.5386 0.3808 0.0112 0.0612 0.0082 
2513     2513   (0)     27 :  0.5928 0.3934 0.0040 0.0044 0.0054 
2514     2514   (0)     27 :  0.5752 0.3846 0.0288 0.0054 0.0060 
2515     2515   (0)     27 :  0.5496 0.4354 0.0066 0.0030 0.0054 
2516     2516   (0)     27 :  0.5786 0.3874 0.0128 0.0030 0.0182 
2517     2517   (0)     27 :  0.5240 0.4590 0.0084 0.0040 0.0046 
2518     2518   (0)     27 :  0.3889 0.5971 0.0080 0.0030 0.0030 
2519     2519   (0)     27 :  0.5942 0.3952 0.0040 0.0030 0.0036 
2520     2520   (0)     27 :  0.5858 0.3938 0.0056 0.0104 0.0044 
2521     2521   (0)     27 :  0.5942 0.3878 0.0040 0.0044 0.0096 
2522     2522   (0)     27 :  0.6841 0.2679 0.0408 0.0038 0.0034 
2523     2523   (0)     27 :  0.5824 0.3872 0.0040 0.0054 0.0210 
2524     2524   (0)     27 :  0.5896 0.3988 0.0056 0.0040 0.0020 
2525     2525   (0)     27 :  0.5984 0.3055 0.0776 0.0142 0.0044 
2526     2526   (0)     27 :  0.5680 0.3798 0.0428 0.0060 0.0034 
2527     2527   (0)     27 :  0.5822 0.3936 0.0072 0.0120 0.0050 
2528     2528   (0)     27 :  0.6302 0.3424 0.0150 0.0066 0.0058 
2529     2529   (0)     27 :  0.5802 0.3970 0.0098 0.0030 0.0100 
2530     2530   (0)     27 :  0.5690 0.3974 0.0126 0.0130 0.0080 
2531     2531   (0)     27 :  0.5616 0.4134 0.0100 0.0086 0.0064 
2532     2532   (0)     27 :  0.5780 0.4000 0.0120 0.0052 0.0048 
2533     2533   (0)     27 :  0.5870 0.3990 0.0062 0.0034 0.0044 
2534     2534   (0)     27 :  0.5912 0.3938 0.0050 0.0034 0.0066 
2535     2535   (0)     27 :  0.5764 0.3776 0.0358 0.0052 0.0050 
2536     2536   (0)     27 :  0.5992 0.3666 0.0112 0.0112 0.0118 
2537     2537   (0)     27 :  0.6370 0.3290 0.0228 0.0058 0.0054 
2538     2538   (0)     27 :  0.5936 0.3942 0.0030 0.0062 0.0030 
2539     2539   (0)     27 :  0.5746 0.3748 0.0370 0.0096 0.0040 
2540     2540   (0)     27 :  0.5928 0.3966 0.0030 0.0044 0.0032 
2541     2541   (0)     27 :  0.5676 0.3840 0.0344 0.0100 0.0040 
2542     2542   (0)     27 :  0.5990 0.3884 0.0044 0.0038 0.0044 
2543     2543   (0)     27 :  0.5778 0.3472 0.0210 0.0086 0.0454 
2544     2544   (0)     27 :  0.5680 0.3984 0.0196 0.0044 0.0096 
2545     2545   (0)     27 :  0.5394 0.3294 0.0090 0.0114 0.1108 
2546     2546   (0)     27 :  0.5870 0.3908 0.0094 0.0052 0.0076 
2547     2547   (0)     27 :  0.5892 0.3940 0.0080 0.0044 0.0044 
2548     2548   (0)     27 :  0.6200 0.3604 0.0086 0.0038 0.0072 
2549     2549   (0)     27 :  0.5896 0.3930 0.0086 0.0044 0.0044 
2550     2550   (0)     27 :  0.5872 0.3990 0.0040 0.0048 0.0050 
2551     2551   (0)     27 :  0.5530 0.3640 0.0640 0.0050 0.0140 
2552     2552   (0)     27 :  0.3908 0.5912 0.0100 0.0030 0.0050 
2553     2553   (0)     27 :  0.5387 0.4451 0.0042 0.0068 0.0052 
2554     2554   (0)     27 :  0.6676 0.3016 0.0204 0.0052 0.0052 
2555     2555   (0)     27 :  0.5728 0.4056 0.0112 0.0044 0.0060 
2556     2556   (0)     27 :  0.5896 0.3924 0.0058 0.0084 0.0038 
2557     2557   (0)     27 :  0.5126 0.3472 0.0294 0.0394 0.0714 
2558     2558   (0)     27 :  0.5710 0.4098 0.0116 0.0040 0.0036 
2559     2559   (0)     27 :  0.5822 0.3978 0.0110 0.0056 0.0034 
2560     2560   (0)     27 :  0.5390 0.4474 0.0066 0.0030 0.0040 
2561     2561   (0)     27 :  0.5952 0.3868 0.0060 0.0082 0.0038 
2562     2562   (0)     27 :  0.4894 0.3626 0.1385 0.0044 0.0050 
2563     2563   (0)     27 :  0.5720 0.3904 0.0202 0.0078 0.0096 
2564     2564   (0)     27 :  0.5970 0.3876 0.0066 0.0044 0.0044 
2565     2565   (0)     27 :  0.5544 0.3858 0.0488 0.0030 0.0080 
2566     2566   (0)     27 :  0.5726 0.3984 0.0104 0.0054 0.0132 
2567     2567   (0)     27 :  0.5878 0.3568 0.0048 0.0462 0.0044 
2568     2568   (0)     27 :  0.5952 0.3882 0.0040 0.0092 0.0034 
2569     2569   (0)     27 :  0.5944 0.3956 0.0030 0.0030 0.0040 
2570     2570   (0)     27 :  0.5464 0.3806 0.0614 0.0072 0.0044 
2571     2571   (0)     27 :  0.5728 0.3954 0.0166 0.0044 0.0108 
2572     2572   (0)     27 :  0.6290 0.3472 0.0066 0.0062 0.0110 
2573     2573   (0)     27 :  0.5742 0.4102 0.0040 0.0076 0.0040 
2574     2574   (0)     27 :  0.6238 0.3402 0.0206 0.0100 0.0054 
2575     2575   (0)     27 :  0.6000 0.3900 0.0036 0.0034 0.0030 
2576     2576   (0)     27 :  0.6288 0.3602 0.0036 0.0040 0.0034 
2577     2577   (0)     27 :  0.5650 0.4052 0.0206 0.0052 0.0040 
2578     2578   (0)     27 :  0.5778 0.4032 0.0120 0.0030 0.0040 
2579     2579   (0)     27 :  0.5378 0.4140 0.0228 0.0152 0.0102 
2580     2580   (0)     27 :  0.5612 0.3660 0.0118 0.0512 0.0098 
2581     2581   (0)     27 :  0.5872 0.3910 0.0076 0.0088 0.0054 
2582     2582   (0)     27 :  0.5828 0.4022 0.0070 0.0030 0.0050 
2583     2583   (0)     27 :  0.5940 0.3856 0.0102 0.0048 0.0054 
2584     2584   (0)     27 :  0.6196 0.3466 0.0202 0.0048 0.0088 
2585     2585   (0)     27 :  0.5924 0.3866 0.0030 0.0146 0.0034 
2586     2586   (0)     27 :  0.6120 0.3666 0.0030 0.0106 0.0078 
2587     2587   (0)     27 :  0.5880 0.3964 0.0050 0.0044 0.0062 
2588     2588   (0)     27 :  0.5924 0.3952 0.0054 0.0034 0.0036 
2589     2589   (0)     27 :  0.5864 0.3870 0.0052 0.0158 0.0056 
2590     2590   (0)     27 :  0.5834 0.4022 0.0060 0.0034 0.0050 
2591     2591   (0)     27 :  0.5186 0.3493 0.1228 0.0030 0.0062 
2592     2592   (0)     27 :  0.5898 0.4022 0.0030 0.0030 0.0020 
2593     2593   (0)     27 :  0.5982 0.3854 0.0050 0.0070 0.0044 
2594     2594   (0)     27 :  0.5652 0.3836 0.0448 0.0030 0.0034 
2595     2595   (0)     27 :  0.5906 0.3960 0.0066 0.0030 0.0038 
2596     2596   (0)     27 :  0.5920 0.3938 0.0030 0.0058 0.0054 
2597     2597   (0)     27 :  0.5842 0.3790 0.0048 0.0034 0.0286 
2598     2598   (5)     28 :  0.0054 0.0066 0.0032 0.9808 0.0040 
2599     2599   (0)     28 :  0.0088 0.0060 0.0030 0.9778 0.0044 
2600     2600   (0)     28 :  0.0040 0.0034 0.0034 0.9868 0.0024 
2601     2601   (0)     28 :  0.0194 0.0136 0.0164 0.9416 0.0090 
2602     2602   (0)     28 :  0.0034 0.0030 0.0020 0.9886 0.0030 
2603     2603   (0)     28 :  0.0120 0.0036 0.0064 0.9750 0.0030 
2604     2604   (0)     28 :  0.0034 0.0036 0.0020 0.9890 0.0020 
2605     2605   (0)     28 :  0.0044 0.0024 0.0034 0.9868 0.0030 
2606     2606   (0)     28 :  0.0030 0.0040 0.0050 0.9850 0.0030 
2607     2607   (0)     28 :  0.0044 0.0030 0.0030 0.9866 0.0030 
2608     2608   (0)     28 :  0.0024 0.0024 0.0020 0.9912 0.0020 
2609     2609   (0)     28 :  0.0034 0.0030 0.0030 0.9882 0.0024 
2610     2610   (0)     28 :  0.0058 0.0110 0.0040 0.9742 0.0050 
2611     2611   (5)     28 :  0.0030 0.0030 0.0020 0.9900 0.0020 
2612     2612   (0)     28 :  0.0034 0.0040 0.0020 0.9884 0.0022 
2613     2613   (0)     28 :  0.0030 0.0030 0.0020 0.9900 0.0020 
2614     2614   (0)     28 :  0.0044 0.0030 0.0154 0.9742 0.0030 
2615     2615   (0)     28 :  0.0030 0.0030 0.0020 0.9890 0.0030 
2616     2616   (0)     28 :  0.0032 0.0034 0.0030 0.9870 0.0034 
2617     2617   (0)     28 :  0.0030 0.0030 0.0030 0.9886 0.0024 
2618     2618   (0)     28 :  0.0030 0.0030 0.0020 0.9900 0.0020 
2619     2619   (0)     28 :  0.0040 0.0040 0.0050 0.9830 0.0040 
2620     2620   (0)     28 :  0.0030 0.0024 0.0024 0.9902 0.0020 
2621     2621   (0)     28 :  0.0020 0.0020 0.0020 0.9920 0.0020 
2622     2622   (0)     28 :  0.0020 0.0020 0.0020 0.9920 0.0020 
2623     2623   (0)     28 :  0.0030 0.0030 0.0030 0.9888 0.0022 
2624     2624   (0)     28 :  0.0030 0.0030 0.0024 0.9896 0.0020 
2625     2625   (0)     28 :  0.0030 0.0020 0.0020 0.9910 0.0020 
2626     2626   (0)     29 :  0.0048 0.0030 0.0034 0.9858 0.0030 
2627     2627   (0)     29 :  0.0040 0.0034 0.0034 0.9872 0.0020 
2628     2628   (0)     29 :  0.0034 0.0030 0.0024 0.9882 0.0030 
2629     2629   (0)     29 :  0.0030 0.0036 0.0040 0.9864 0.0030 
2630     2630   (0)     29 :  0.0052 0.0052 0.0060 0.9800 0.0036 
2631     2631   (0)     29 :  0.0046 0.0028 0.0020 0.9886 0.0020 
2632     2632   (0)     29 :  0.0050 0.0054 0.0080 0.9794 0.0022 
2633     2633   (0)     29 :  0.0054 0.0056 0.0044 0.9816 0.0030 
2634     2634   (0)     29 :  0.0048 0.0040 0.0030 0.9862 0.0020 
2635     2635   (0)     29 :  0.0034 0.0020 0.0020 0.9896 0.0030 
2636     2636   (0)     29 :  0.0020 0.0024 0.0040 0.9886 0.0030 
2637     2637   (0)     29 :  0.0050 0.0034 0.2098 0.7788 0.0030 
2638     2638   (0)     29 :  0.0030 0.0030 0.0020 0.9890 0.0030 
2639     2639   (0)     29 :  0.0030 0.0030 0.0020 0.9890 0.0030 
2640     2640   (0)     29 :  0.0030 0.0020 0.0020 0.9910 0.0020 
2641     2641   (0)     29 :  0.0030 0.0034 0.0104 0.9802 0.0030 
2642     2642   (0)     29 :  0.0030 0.0030 0.0020 0.9896 0.0024 
2643     2643   (0)     29 :  0.0030 0.0030 0.0020 0.9900 0.0020 
2644     2644   (0)     29 :  0.0080 0.0064 0.0050 0.9776 0.0030 
2645     2645   (0)     29 :  0.0068 0.0068 0.0020 0.9824 0.0020 
2646     2646   (0)     29 :  0.0044 0.0040 0.0020 0.9876 0.0020 
2647     2647   (0)     29 :  0.0030 0.0030 0.0020 0.9900 0.0020 
2648     2648   (0)     29 :  0.0030 0.0040 0.0030 0.9870 0.0030 
2649     2649   (0)     29 :  0.0034 0.0024 0.0020 0.9902 0.0020 
2650     2650   (0)     29 :  0.0030 0.0030 0.0030 0.9886 0.0024 
2651     2651   (0)     29 :  0.0030 0.0040 0.0020 0.9880 0.0030 
2652     2652   (0)     29 :  0.0030 0.0028 0.0024 0.9884 0.0034 
2653     2653   (0)     29 :  0.0046 0.0044 0.0020 0.9860 0.0030 
2654     2654   (0)     29 :  0.0030 0.0030 0.0030 0.9880 0.0030 
2655     2655   (0)     29 :  0.0030 0.0050 0.0024 0.9866 0.0030 
2656     2656   (0)     29 :  0.0040 0.0034 0.0034 0.9830 0.0062 
2657     2657   (0)     29 :  0.0032 0.0030 0.0030 0.9884 0.0024 
2658     2658   (0)     29 :  0.0024 0.0020 0.0020 0.9916 0.0020 
2659     2659   (0)     29 :  0.0048 0.0030 0.0040 0.9832 0.0050 
2660     2660   (0)     29 :  0.0030 0.0024 0.0030 0.9886 0.0030 
2661     2661   (0)     29 :  0.0068 0.0054 0.0030 0.9798 0.0050 
2662     2662   (0)     29 :  0.0046 0.0046 0.0114 0.9740 0.0054 
2663     2663   (0)     29 :  0.0034 0.0030 0.0020 0.9886 0.0030 
2664     2664   (0)     29 :  0.0064 0.0066 0.0044 0.9802 0.0024 
2665     2665   (0)     29 :  0.0030 0.0030 0.0020 0.9900 0.0020 
2666     2666   (0)     29 :  0.0064 0.0044 0.0034 0.9818 0.0040 
2667     2667   (0)     29 :  0.0030 0.0024 0.0024 0.9902 0.0020 
2668     2668   (0)     29 :  0.0034 0.0036 0.0024 0.9876 0.0030 
2669     2669   (0)     29 :  0.0030 0.0030 0.0020 0.9890 0.0030 
2670     2670   (0)     29 :  0.0038 0.0052 0.0020 0.9866 0.0024 
2671     2671   (0)     29 :  0.0030 0.0030 0.0030 0.9890 0.0020 
2672     2672   (0)     29 :  0.0034 0.0030 0.0024 0.9882 0.0030 
2673     2673   (0)     29 :  0.0024 0.0020 0.0020 0.9916 0.0020 
2674     2674   (0)     29 :  0.0030 0.0030 0.0020 0.9900 0.0020 
2675     2675   (0)     29 :  0.0034 0.0062 0.0020 0.9864 0.0020 
2676     2676   (0)     29 :  0.0034 0.0030 0.0020 0.9886 0.0030 
2677     2677   (0)     29 :  0.0020 0.0026 0.0030 0.9904 0.0020 
2678     2678   (0)     29 :  0.0030 0.0030 0.0030 0.9890 0.0020 
2679     2679   (0)     29 :  0.0044 0.0084 0.0044 0.9798 0.0030 
2680     2680   (0)     29 :  0.0048 0.0030 0.0024 0.9876 0.0022 
2681     2681   (0)     29 :  0.0024 0.0020 0.0020 0.9916 0.0020 
2682     2682   (0)     29 :  0.0110 0.0068 0.0070 0.9702 0.0050 
2683     2683   (0)     29 :  0.0040 0.0030 0.0040 0.9866 0.0024 
2684     2684   (0)     29 :  0.0034 0.0024 0.0020 0.9892 0.0030 
2685     2685   (0)     29 :  0.0030 0.0024 0.0020 0.9896 0.0030 
2686     2686   (0)     29 :  0.0084 0.0080 0.0066 0.9740 0.0030 
2687     2687   (0)     29 :  0.0050 0.0060 0.0030 0.9838 0.0022 
2688     2688   (0)     29 :  0.0040 0.0034 0.0020 0.9886 0.0020 
2689     2689   (0)     29 :  0.0030 0.0024 0.0022 0.9900 0.0024 
2690     2690   (0)     29 :  0.0042 0.0030 0.0020 0.9888 0.0020 
2691     2691   (0)     29 :  0.0096 0.0116 0.0040 0.9688 0.0060 
2692     2692   (0)     29 :  0.0034 0.0030 0.0020 0.9896 0.0020 
2693     2693   (0)     29 :  0.0040 0.0030 0.0026 0.9884 0.0020 
2694     2694   (0)     29 :  0.0040 0.0030 0.0030 0.9870 0.0030 
2695     2695   (0)     29 :  0.0034 0.0030 0.0020 0.9896 0.0020 
2696     2696   (0)     29 :  0.0076 0.0078 0.0070 0.9732 0.0044 
2697     2697   (0)     29 :  0.0066 0.0202 0.0106 0.9566 0.0060 
2698     2698   (0)     29 :  0.0034 0.0030 0.0030 0.9886 0.0020 
2699     2699   (0)     29 :  0.0050 0.0044 0.0030 0.9836 0.0040 
2700     2700   (0)     29 :  0.0046 0.0040 0.0030 0.9854 0.0030 
2701     2701   (0)     29 :  0.0038 0.0030 0.0030 0.9882 0.0020 
2702     2702   (0)     29 :  0.0038 0.0036 0.0040 0.9856 0.0030 
2703     2703   (0)     29 :  0.0030 0.0030 0.0030 0.9880 0.0030 
2704     2704   (0)     29 :  0.0030 0.0036 0.0020 0.9890 0.0024 
2705     2705   (0)     29 :  0.0040 0.0046 0.0020 0.9864 0.0030 
2706     2706   (0)     29 :  0.0034 0.0030 0.0060 0.9846 0.0030 
2707     2707   (0)     29 :  0.0030 0.0024 0.0020 0.9906 0.0020 
2708     2708   (0)     29 :  0.0040 0.0040 0.0024 0.9874 0.0022 
2709     2709   (0)     29 :  0.0070 0.0054 0.0020 0.9816 0.0040 
2710     2710   (0)     29 :  0.0030 0.0030 0.0030 0.9880 0.0030 
2711     2711   (0)     29 :  0.0030 0.0030 0.0020 0.9900 0.0020 
2712     2712   (0)     29 :  0.0076 0.0078 0.0184 0.9618 0.0044 
2713     2713   (0)     29 :  0.0030 0.0030 0.0020 0.9900 0.0020 
2714     2714   (0)     29 :  0.0034 0.0030 0.0020 0.9896 0.0020 
2715     2715   (0)     29 :  0.0030 0.0024 0.0028 0.9894 0.0024 
2716     2716   (0)     29 :  0.0048 0.0030 0.0020 0.9872 0.0030 
2717     2717   (0)     29 :  0.0030 0.0024 0.0030 0.9882 0.0034 
2718     2718   (0)     29 :  0.0034 0.0024 0.0034 0.9868 0.0040 
2719     2719   (0)     29 :  0.0030 0.0040 0.0020 0.9890 0.0020 
2720     2720   (0)     29 :  0.0040 0.0030 0.0030 0.9870 0.0030 
2721     2721   (0)     29 :  0.0050 0.0044 0.0148 0.9694 0.0064 
2722     2722   (0)     29 :  0.0030 0.0030 0.0030 0.9880 0.0030 
2723     2723   (0)     29 :  0.0050 0.0034 0.0040 0.9842 0.0034 
2724     2724   (0)     29 :  0.0044 0.0040 0.0050 0.9826 0.0040 
2725     2725   (0)     29 :  0.0062 0.0056 0.0024 0.9838 0.0020 
2726     2726   (0)     29 :  0.0024 0.0036 0.0020 0.9896 0.0024 
2727     2727   (0)     29 :  0.0064 0.0058 0.0040 0.9794 0.0044 
2728     2728   (0)     29 :  0.0034 0.0030 0.0024 0.9892 0.0020 
2729     2729   (0)     29 :  0.0024 0.0030 0.0020 0.9906 0.0020 
2730     2730   (0)     29 :  0.0104 0.0104 0.0376 0.9366 0.0050 
2731     2731   (0)     29 :  0.0046 0.0060 0.0040 0.9824 0.0030 
2732     2732   (0)     29 :  0.0030 0.0030 0.0020 0.9900 0.0020 
2733     2733   (0)     29 :  0.0030 0.0024 0.0020 0.9906 0.0020 
2734     2734   (0)     29 :  0.0048 0.0030 0.0064 0.9838 0.0020 
2735     2735   (0)     29 :  0.0034 0.0030 0.0050 0.9850 0.0036 
2736     2736   (0)     29 :  0.0020 0.0020 0.0020 0.9920 0.0020 
2737     2737   (0)     29 :  0.0034 0.0030 0.0020 0.9896 0.0020 
2738     2738   (0)     29 :  0.0062 0.0040 0.0040 0.9824 0.0034 
2739     2739   (0)     29 :  0.0112 0.0212 0.0070 0.9526 0.0080 
2740     2740   (0)     29 :  0.0030 0.0020 0.0020 0.9900 0.0030 
2741     2741   (0)     29 :  0.0024 0.0030 0.0020 0.9906 0.0020 
2742     2742   (0)     29 :  0.0136 0.0154 0.0164 0.9516 0.0030 
2743     2743   (0)     29 :  0.0030 0.0030 0.0020 0.9896 0.0024 
2744     2744   (0)     29 :  0.0024 0.0030 0.0022 0.9904 0.0020 
2745     2745   (0)     29 :  0.0060 0.0034 0.0050 0.9830 0.0026 
2746     2746   (0)     29 :  0.0036 0.0034 0.0026 0.9874 0.0030 
2747     2747   (0)     29 :  0.0038 0.0062 0.0030 0.9846 0.0024 
2748     2748   (0)     29 :  0.0034 0.0030 0.0020 0.9892 0.0024 
2749     2749   (0)     29 :  0.0034 0.0034 0.0030 0.9862 0.0040 
2750     2750   (0)     29 :  0.0030 0.0030 0.0020 0.9900 0.0020 
2751     2751   (0)     29 :  0.0024 0.0030 0.0020 0.9896 0.0030 
2752     2752   (0)     29 :  0.0034 0.0020 0.0020 0.9902 0.0024 
2753     2753   (0)     29 :  0.0030 0.0030 0.0020 0.9890 0.0030 
2754     2754   (0)     29 :  0.0030 0.0024 0.0024 0.9902 0.0020 
2755     2755   (0)     29 :  0.0030 0.0024 0.0030 0.9886 0.0030 
2756     2756   (0)     29 :  0.0030 0.0026 0.0020 0.9894 0.0030 
2757     2757   (0)     29 :  0.0020 0.0020 0.0020 0.9920 0.0020 
2758     2758   (0)     29 :  0.0024 0.0020 0.0020 0.9916 0.0020 
2759     2759   (0)     29 :  0.0048 0.0030 0.0030 0.9868 0.0024 
2760     2760   (0)     29 :  0.0044 0.0076 0.0044 0.9806 0.0030 
2761     2761   (0)     29 :  0.0030 0.0030 0.0020 0.9900 0.0020 
2762     2762   (0)     29 :  0.0038 0.0034 0.0024 0.9864 0.0040 
2763     2763   (0)     29 :  0.0034 0.0030 0.0038 0.9874 0.0024 
2764     2764   (0)     29 :  0.0030 0.0030 0.0020 0.9890 0.0030 
2765     2765   (0)     29 :  0.0030 0.0020 0.0054 0.9866 0.0030 
2766     2766   (0)     29 :  0.0040 0.0050 0.0040 0.9836 0.0034 
2767     2767   (0)     29 :  0.0050 0.0088 0.0060 0.9762 0.0040 
2768     2768   (0)     29 :  0.0134 0.0086 0.0120 0.9610 0.0050 
2769     2769   (0)     29 :  0.0034 0.0040 0.0020 0.9886 0.0020 
2770     2770   (0)     29 :  0.0050 0.0036 0.0030 0.9854 0.0030 
2771     2771   (0)     29 :  0.0030 0.0024 0.0030 0.9896 0.0020 
2772     2772   (0)     29 :  0.0030 0.0030 0.0810 0.9080 0.0050 
2773     2773   (0)     29 :  0.0044 0.0030 0.0064 0.9842 0.0020 
2774     2774   (0)     29 :  0.0030 0.0030 0.0020 0.9900 0.0020 
2775     2775   (0)     29 :  0.0044 0.0030 0.0030 0.9856 0.0040 
2776     2776   (0)     29 :  0.0030 0.0030 0.0030 0.9880 0.0030 
2777     2777   (0)     29 :  0.0024 0.0030 0.0020 0.9906 0.0020 
2778     2778   (0)     29 :  0.0034 0.0024 0.0026 0.9876 0.0040 
2779     2779   (0)     29 :  0.0076 0.0058 0.0054 0.9778 0.0034 
2780     2780   (0)     29 :  0.0030 0.0024 0.0030 0.9886 0.0030 
2781     2781   (0)     29 :  0.0034 0.0030 0.0020 0.9896 0.0020 
2782     2782   (0)     29 :  0.0044 0.0046 0.0030 0.9850 0.0030 
2783     2783   (0)     29 :  0.0090 0.0104 0.0080 0.9696 0.0030 
2784     2784   (0)     29 :  0.0042 0.0046 0.0034 0.9834 0.0044 
2785     2785   (0)     29 :  0.0040 0.0030 0.0080 0.9820 0.0030 
2786     2786   (0)     29 :  0.0030 0.0030 0.0040 0.9870 0.0030 
2787     2787   (0)     29 :  0.0040 0.0034 0.0030 0.9862 0.0034 
2788     2788   (0)     29 :  0.0034 0.0030 0.0020 0.9876 0.0040 
2789     2789   (0)     29 :  0.0034 0.0030 0.0030 0.9882 0.0024 
2790     2790   (0)     29 :  0.0054 0.0050 0.0024 0.9850 0.0022 
2791     2791   (0)     29 :  0.0040 0.0030 0.0020 0.9890 0.0020 
2792     2792   (0)     29 :  0.0034 0.0030 0.0020 0.9896 0.0020 
2793     2793   (0)     29 :  0.0030 0.0030 0.0050 0.9860 0.0030 
2794     2794   (0)     29 :  0.0068 0.0072 0.0032 0.9798 0.0030 
2795     2795   (0)     29 :  0.0028 0.0028 0.0020 0.9904 0.0020 
2796     2796   (0)     29 :  0.0030 0.0020 0.0024 0.9896 0.0030 
2797     2797   (0)     29 :  0.0024 0.0024 0.0020 0.9912 0.0020 
2798     2798   (0)     29 :  0.0030 0.0030 0.0034 0.9860 0.0046 
2799     2799   (0)     29 :  0.0044 0.0046 0.0040 0.9840 0.0030 
2800     2800   (0)     29 :  0.0024 0.0020 0.0020 0.9908 0.0028 
2801     2801   (0)     29 :  0.0064 0.0100 0.0090 0.9696 0.0050 
2802     2802   (0)     29 :  0.0030 0.0030 0.0020 0.9900 0.0020 
2803     2803   (0)     29 :  0.0088 0.0098 0.0080 0.9654 0.0080 
2804     2804   (0)     29 :  0.0030 0.0024 0.0020 0.9896 0.0030 
2805     2805   (0)     29 :  0.0034 0.0030 0.0030 0.9886 0.0020 
2806     2806   (0)     29 :  0.0040 0.0030 0.0024 0.9872 0.0034 
2807     2807   (0)     29 :  0.0046 0.0034 0.0020 0.9866 0.0034 
2808     2808   (0)     29 :  0.0030 0.0030 0.0040 0.9870 0.0030 
2809     2809   (0)     29 :  0.0030 0.0040 0.0038 0.9862 0.0030 
2810     2810   (0)     29 :  0.0030 0.0024 0.0030 0.9892 0.0024 
2811     2811   (0)     29 :  0.0044 0.0034 0.0044 0.9828 0.0050 
2812     2812   (0)     29 :  0.0072 0.0044 0.0030 0.9824 0.0030 
2813     2813   (0)     29 :  0.0030 0.0030 0.0040 0.9880 0.0020 
2814     2814   (0)     29 :  0.0034 0.0030 0.0020 0.9896 0.0020 
2815     2815   (0)     29 :  0.0086 0.0148 0.0060 0.9676 0.0030 
2816     2816   (0)     29 :  0.0020 0.0020 0.0020 0.9920 0.0020 
2817     2817   (0)     29 :  0.0078 0.0076 0.0024 0.9772 0.0050 
2818     2818   (0)     29 :  0.0030 0.0030 0.0030 0.9888 0.0022 
2819     2819   (0)     29 :  0.0034 0.0040 0.0030 0.9876 0.0020 
2820     2820   (0)     29 :  0.0050 0.0056 0.0020 0.9844 0.0030 
2821     2821   (0)     29 :  0.0034 0.0024 0.0030 0.9892 0.0020 
2822     2822   (0)     29 :  0.0030 0.0024 0.0020 0.9906 0.0020 
2823     2823   (0)     29 :  0.0078 0.0062 0.0070 0.9716 0.0074 
2824     2824   (0)     29 :  0.0034 0.0040 0.0030 0.9862 0.0034 
2825     2825   (0)     29 :  0.0034 0.0020 0.0020 0.9906 0.0020 
2826     2826   (0)     29 :  0.0118 0.0196 0.0134 0.9498 0.0054 
2827     2827   (0)     29 :  0.0030 0.0024 0.0020 0.9906 0.0020 
2828     2828   (0)     29 :  0.0024 0.0030 0.0034 0.9892 0.0020 
2829     2829   (0)     29 :  0.0030 0.0030 0.0024 0.9892 0.0024 
2830     2830   (0)     29 :  0.0024 0.0020 0.0020 0.9916 0.0020 
2831     2831   (0)     29 :  0.0054 0.0040 0.0040 0.9836 0.0030 
2832     2832   (0)     29 :  0.0030 0.0024 0.0030 0.9896 0.0020 
2833     2833   (0)     29 :  0.0034 0.0030 0.0030 0.9876 0.0030 
2834     2834   (0)     29 :  0.0064 0.0076 0.0060 0.9770 0.0030 
2835     2835   (0)     29 :  0.0076 0.0050 0.0030 0.9824 0.0020 
2836     2836   (0)     29 :  0.0058 0.0064 0.0040 0.9814 0.0024 
2837     2837   (0)     29 :  0.0030 0.0036 0.0020 0.9894 0.0020 
2838     2838   (0)     29 :  0.0044 0.0024 0.0020 0.9892 0.0020 
2839     2839   (0)     29 :  0.0040 0.0034 0.0030 0.9866 0.0030 
2840     2840   (0)     29 :  0.0034 0.0024 0.0034 0.9888 0.0020 
2841     2841   (0)     29 :  0.0034 0.0030 0.0030 0.9886 0.0020 
2842     2842   (0)     29 :  0.0030 0.0034 0.0030 0.9886 0.0020 
2843     2843   (0)     29 :  0.0040 0.0044 0.0224 0.9658 0.0034 
2844     2844   (0)     29 :  0.0036 0.0026 0.0030 0.9878 0.0030 
2845     2845   (0)     29 :  0.0034 0.0030 0.0050 0.9866 0.0020 
2846     2846   (0)     29 :  0.0040 0.0044 0.0030 0.9856 0.0030 
2847     2847   (0)     29 :  0.0034 0.0034 0.0034 0.9868 0.0030 
2848     2848   (0)     29 :  0.0044 0.0030 0.0020 0.9876 0.0030 
2849     2849   (0)     29 :  0.0038 0.0030 0.0020 0.9882 0.0030 
2850     2850   (0)     29 :  0.0034 0.0030 0.0020 0.9896 0.0020 
2851     2851   (0)     29 :  0.0030 0.0040 0.0050 0.9860 0.0020 
2852     2852   (0)     29 :  0.0026 0.0020 0.0020 0.9914 0.0020 
2853     2853   (0)     29 :  0.0092 0.0066 0.0044 0.9764 0.0034 
2854     2854   (0)     29 :  0.0030 0.0030 0.0030 0.9890 0.0020 
2855     2855   (0)     29 :  0.0044 0.0030 0.0030 0.9862 0.0034 
2856     2856   (0)     29 :  0.0024 0.0020 0.0020 0.9916 0.0020 
2857     2857   (0)     29 :  0.0030 0.0030 0.0040 0.9880 0.0020 
2858     2858   (0)     29 :  0.0034 0.0030 0.0050 0.9846 0.0040 
2859     2859   (0)     29 :  0.0034 0.0040 0.0024 0.9872 0.0030 
2860     2860   (0)     29 :  0.0034 0.0042 0.0030 0.9874 0.0020 
2861     2861   (0)     29 :  0.0060 0.0054 0.0080 0.9762 0.0044 
2862     2862   (0)     29 :  0.0042 0.0030 0.0040 0.9868 0.0020 
2863     2863   (0)     29 :  0.0034 0.0030 0.0020 0.9892 0.0024 
2864     2864   (0)     29 :  0.0046 0.0040 0.0040 0.9854 0.0020 
2865     2865   (0)     29 :  0.0030 0.0040 0.0030 0.9880 0.0020 
2866     2866   (0)     29 :  0.0062 0.0040 0.0044 0.9820 0.0034 
2867     2867   (0)     29 :  0.0024 0.0022 0.0030 0.9904 0.0020 
2868     2868   (0)     29 :  0.0030 0.0030 0.0020 0.9900 0.0020 
2869     2869   (0)     29 :  0.0050 0.0076 0.0242 0.9562 0.0070 
2870     2870   (0)     29 :  0.0030 0.0030 0.0020 0.9900 0.0020 
2871     2871   (0)     29 :  0.0030 0.0020 0.0020 0.9910 0.0020 
2872     2872   (0)     29 :  0.0036 0.0058 0.0030 0.9846 0.0030 
2873     2873   (0)     29 :  0.0040 0.0034 0.0030 0.9866 0.0030 
2874     2874   (0)     29 :  0.0040 0.0046 0.0050 0.9814 0.0050 
2875     2875   (0)     29 :  0.0044 0.0056 0.0030 0.9840 0.0030 
2876     2876   (0)     29 :  0.0044 0.0032 0.0020 0.9884 0.0020 
2877     2877   (0)     29 :  0.0030 0.0024 0.0020 0.9896 0.0030 
2878     2878   (0)     29 :  0.0030 0.0030 0.0050 0.9860 0.0030 
2879     2879   (0)     29 :  0.0040 0.0040 0.0050 0.9840 0.0030 
2880     2880   (0)     29 :  0.0030 0.0030 0.0030 0.9890 0.0020 
2881     2881   (0)     29 :  0.0030 0.0030 0.0020 0.9890 0.0030 
2882     2882   (0)     29 :  0.0044 0.0030 0.0030 0.9872 0.0024 
2883     2883   (0)     29 :  0.0030 0.0024 0.0030 0.9896 0.0020 
2884     2884   (0)     29 :  0.0030 0.0030 0.0030 0.9890 0.0020 
2885     2885   (0)     29 :  0.0030 0.0030 0.0030 0.9880 0.0030 
2886     2886   (0)     29 :  0.0030 0.0030 0.0020 0.9900 0.0020 
2887     2887   (0)     29 :  0.0048 0.0030 0.0020 0.9882 0.0020 
2888     2888   (0)     29 :  0.0034 0.0020 0.0020 0.9906 0.0020 
2889     2889   (0)     29 :  0.0030 0.0030 0.0024 0.9886 0.0030 
2890     2890   (0)     29 :  0.0060 0.0044 0.0060 0.9802 0.0034 
2891     2891   (0)     29 :  0.0036 0.0024 0.0020 0.9900 0.0020 
2892     2892   (0)     29 :  0.0024 0.0020 0.0020 0.9916 0.0020 
2893     2893   (0)     29 :  0.0034 0.0030 0.0020 0.9892 0.0024 
2894     2894   (0)     29 :  0.0030 0.0030 0.0020 0.9900 0.0020 
2895     2895   (0)     29 :  0.0034 0.0030 0.0030 0.9886 0.0020 
2896     2896   (0)     29 :  0.0030 0.0030 0.0040 0.9870 0.0030 
2897     2897   (0)     29 :  0.0034 0.0020 0.0030 0.9896 0.0020 
2898     2898   (0)     29 :  0.0024 0.0030 0.0020 0.9896 0.0030 
2899     2899   (0)     29 :  0.0060 0.0060 0.0112 0.9728 0.0040 
2900     2900   (0)     29 :  0.0034 0.0040 0.0084 0.9812 0.0030 
2901     2901   (0)     29 :  0.0052 0.0030 0.0020 0.9868 0.0030 
2902     2902   (0)     29 :  0.0058 0.0056 0.0040 0.9738 0.0108 
2903     2903   (0)     29 :  0.0058 0.0050 0.0030 0.9822 0.0040 
2904     2904   (0)     29 :  0.0030 0.0030 0.0030 0.9886 0.0024 
2905     2905   (0)     29 :  0.0036 0.0034 0.0040 0.9860 0.0030 
2906     2906   (0)     29 :  0.0040 0.0034 0.0030 0.9866 0.0030 
2907     2907   (0)     29 :  0.0030 0.0030 0.0020 0.9900 0.0020 
2908     2908   (0)     29 :  0.0032 0.0024 0.0020 0.9904 0.0020 
2909     2909   (0)     29 :  0.0030 0.0030 0.0020 0.9900 0.0020 
2910     2910   (0)     29 :  0.0030 0.0036 0.0040 0.9864 0.0030 
2911     2911   (0)     29 :  0.0038 0.0030 0.0030 0.9872 0.0030 
2912     2912   (0)     29 :  0.0030 0.0030 0.0050 0.9860 0.0030 
2913     2913   (0)     29 :  0.0024 0.0030 0.0020 0.9906 0.0020 
2914     2914   (0)     29 :  0.0034 0.0022 0.0020 0.9894 0.0030 
2915     2915   (0)     29 :  0.0040 0.0034 0.0030 0.9862 0.0034 
2916     2916   (0)     29 :  0.0024 0.0030 0.0020 0.9906 0.0020 
2917     2917   (0)     29 :  0.0034 0.0030 0.0020 0.9894 0.0022 
2918     2918   (0)     29 :  0.0034 0.0046 0.0034 0.9856 0.0030 
2919     2919   (0)     29 :  0.0042 0.0030 0.0020 0.9888 0.0020 
2920     2920   (0)     29 :  0.0034 0.0030 0.0030 0.9884 0.0022 
2921     2921   (0)     29 :  0.0030 0.0036 0.0030 0.9874 0.0030 
2922     2922   (0)     29 :  0.0036 0.0030 0.0030 0.9874 0.0030 
2923     2923   (0)     29 :  0.0030 0.0030 0.0020 0.9890 0.0030 
2924     2924   (0)     29 :  0.0024 0.0030 0.0020 0.9906 0.0020 
2925     2925   (0)     29 :  0.0030 0.0030 0.0020 0.9890 0.0030 
2926     2926   (5)     30 :  0.0030 0.0030 0.9890 0.0030 0.0020 
2927     2927   (0)     30 :  0.0030 0.0040 0.9878 0.0032 0.0020 
2928     2928   (0)     30 :  0.0054 0.0098 0.9764 0.0054 0.0030 
2929     2929   (0)     30 :  0.0030 0.0030 0.9890 0.0020 0.0030 
2930     2930   (5)     30 :  0.0058 0.0544 0.9324 0.0030 0.0044 
2931     2931   (0)     30 :  0.0020 0.0030 0.9906 0.0020 0.0024 
2932     2932   (0)     30 :  0.0030 0.0030 0.9866 0.0030 0.0044 
2933     2933   (0)     30 :  0.0034 0.0058 0.9854 0.0024 0.0030 
2934     2934   (0)     30 :  0.0030 0.0046 0.9854 0.0040 0.0030 
2935     2935   (0)     30 :  0.0020 0.0030 0.9880 0.0030 0.0040 
2936     2936   (0)     30 :  0.0030 0.0030 0.9890 0.0020 0.0030 
2937     2937   (0)     30 :  0.0030 0.0034 0.9886 0.0030 0.0020 
2938     2938   (5)     30 :  0.0050 0.0044 0.9836 0.0030 0.0040 
2939     2939   (0)     30 :  0.0020 0.0030 0.9896 0.0030 0.0024 
2940     2940   (0)     30 :  0.0030 0.0040 0.9870 0.0030 0.0030 
2941     2941   (0)     30 :  0.0020 0.0030 0.9910 0.0020 0.0020 
2942     2942   (0)     30 :  0.0050 0.0046 0.9854 0.0020 0.0030 
2943     2943   (0)     30 :  0.0026 0.0048 0.9866 0.0040 0.0020 
2944     2944   (0)     30 :  0.0044 0.0050 0.9806 0.0070 0.0030 
2945     2945   (0)     30 :  0.0152 0.0208 0.9530 0.0070 0.0040 
2946     2946   (0)     30 :  0.0030 0.0046 0.9866 0.0028 0.0030 
2947     2947   (0)     30 :  0.0030 0.0030 0.9890 0.0030 0.0020 
2948     2948   (0)     30 :  0.0116 0.0108 0.9628 0.0114 0.0034 
2949     2949   (0)     30 :  0.0054 0.0140 0.9672 0.0050 0.0084 
2950     2950   (0)     30 :  0.0030 0.0030 0.9890 0.0030 0.0020 
2951     2951   (0)     30 :  0.0058 0.0130 0.9698 0.0084 0.0030 
2952     2952   (0)     30 :  0.0030 0.0040 0.9876 0.0030 0.0024 
2953     2953   (0)     31 :  0.0030 0.0030 0.9880 0.0030 0.0030 
2954     2954   (0)     31 :  0.0030 0.0022 0.9898 0.0020 0.0030 
2955     2955   (0)     31 :  0.0030 0.0040 0.9870 0.0030 0.0030 
2956     2956   (0)     31 :  0.0030 0.0040 0.9870 0.0030 0.0030 
2957     2957   (0)     31 :  0.0032 0.0072 0.9826 0.0030 0.0040 
2958     2958   (0)     31 :  0.0030 0.0030 0.9890 0.0020 0.0030 
2959     2959   (0)     31 :  0.0030 0.0046 0.9874 0.0020 0.0030 
2960     2960   (0)     31 :  0.0020 0.0020 0.9920 0.0020 0.0020 
2961     2961   (0)     31 :  0.0060 0.0086 0.9760 0.0064 0.0030 
2962     2962   (0)     31 :  0.0050 0.0050 0.9762 0.0074 0.0064 
2963     2963   (0)     31 :  0.0040 0.0078 0.9814 0.0044 0.0024 
2964     2964   (0)     31 :  0.0040 0.0070 0.9840 0.0030 0.0020 
2965     2965   (0)     31 :  0.0030 0.0040 0.9870 0.0020 0.0040 
2966     2966   (0)     31 :  0.0030 0.0034 0.9882 0.0024 0.0030 
2967     2967   (0)     31 :  0.0030 0.0046 0.9864 0.0030 0.0030 
2968     2968   (0)     31 :  0.0020 0.0028 0.9890 0.0022 0.0040 
2969     2969   (0)     31 :  0.0030 0.0040 0.9866 0.0034 0.0030 
2970     2970   (0)     31 :  0.0034 0.0036 0.9870 0.0030 0.0030 
2971     2971   (0)     31 :  0.0020 0.0030 0.9906 0.0024 0.0020 
2972     2972   (0)     31 :  0.0056 0.0078 0.9746 0.0090 0.0030 
2973     2973   (0)     31 :  0.0020 0.0040 0.9894 0.0024 0.0022 
2974     2974   (0)     31 :  0.0030 0.0034 0.9872 0.0024 0.0040 
2975     2975   (0)     31 :  0.0030 0.0030 0.9890 0.0020 0.0030 
2976     2976   (0)     31 :  0.0050 0.0128 0.9772 0.0030 0.0020 
2977     2977   (0)     31 :  0.0046 0.0054 0.9840 0.0030 0.0030 
2978     2978   (0)     31 :  0.0030 0.0030 0.9882 0.0028 0.0030 
2979     2979   (0)     31 :  0.0120 0.0268 0.9488 0.0084 0.0040 
2980     2980   (0)     31 :  0.0030 0.0030 0.9870 0.0040 0.0030 
2981     2981   (0)     31 :  0.0030 0.0030 0.9880 0.0040 0.0020 
2982     2982   (0)     31 :  0.0058 0.0066 0.9802 0.0040 0.0034 
2983     2983   (0)     31 :  0.0040 0.0050 0.9786 0.0094 0.0030 
2984     2984   (0)     31 :  0.0020 0.0036 0.9894 0.0020 0.0030 
2985     2985   (0)     31 :  0.0020 0.0030 0.9896 0.0024 0.0030 
2986     2986   (0)     31 :  0.0030 0.0040 0.9870 0.0030 0.0030 
2987     2987   (0)     31 :  0.0030 0.0046 0.9870 0.0024 0.0030 
2988     2988   (0)     31 :  0.0026 0.0030 0.9904 0.0020 0.0020 
2989     2989   (0)     31 :  0.0020 0.0036 0.9894 0.0020 0.0030 
2990     2990   (0)     31 :  0.0030 0.0030 0.9896 0.0020 0.0024 
2991     2991   (0)     31 :  0.0054 0.0122 0.9754 0.0040 0.0030 
2992     2992   (0)     31 :  0.0030 0.0040 0.9880 0.0030 0.0020 
2993     2993   (0)     31 :  0.0036 0.0034 0.9870 0.0020 0.0040 
2994     2994   (0)     31 :  0.0030 0.0040 0.9876 0.0024 0.0030 
2995     2995   (0)     31 :  0.0080 0.0068 0.9780 0.0030 0.0042 
2996     2996   (0)     31 :  0.0034 0.0038 0.9864 0.0040 0.0024 
2997     2997   (0)     31 :  0.0030 0.0040 0.9846 0.0054 0.0030 
2998     2998   (0)     31 :  0.0020 0.0030 0.9900 0.0020 0.0030 
2999     2999   (0)     31 :  0.0024 0.0030 0.9906 0.0020 0.0020 
3000     3000   (0)     31 :  0.0036 0.0034 0.9870 0.0030 0.0030 
3001     3001   (0)     31 :  0.0066 0.0058 0.9758 0.0054 0.0064 
3002     3002   (0)     31 :  0.0046 0.0044 0.9776 0.0110 0.0024 
3003     3003   (0)     31 :  0.0026 0.0030 0.9884 0.0030 0.0030 
3004     3004   (0)     31 :  0.0030 0.0046 0.9870 0.0034 0.0020 
3005     3005   (0)     31 :  0.0034 0.0040 0.9876 0.0020 0.0030 
3006     3006   (0)     31 :  0.0030 0.0030 0.9890 0.0030 0.0020 
3007     3007   (0)     31 :  0.0030 0.0040 0.9866 0.0034 0.0030 
3008     3008   (0)     31 :  0.0058 0.0046 0.9772 0.0084 0.0040 
3009     3009   (0)     31 :  0.0036 0.0050 0.9870 0.0020 0.0024 
3010     3010   (0)     31 :  0.0046 0.0044 0.9840 0.0040 0.0030 
3011     3011   (0)     31 :  0.0030 0.0056 0.9840 0.0040 0.0034 
3012     3012   (0)     31 :  0.0040 0.0040 0.9860 0.0030 0.0030 
3013     3013   (0)     31 :  0.0030 0.0030 0.9880 0.0030 0.0030 
3014     3014   (0)     31 :  0.0030 0.0034 0.9866 0.0040 0.0030 
3015     3015   (0)     31 :  0.0030 0.0040 0.9860 0.0040 0.0030 
3016     3016   (0)     31 :  0.0040 0.0050 0.9826 0.0054 0.0030 
3017     3017   (0)     31 :  0.0040 0.0040 0.9846 0.0044 0.0030 
3018     3018   (0)     31 :  0.0030 0.0034 0.9796 0.0040 0.0100 
3019     3019   (0)     31 :  0.0030 0.0040 0.9880 0.0030 0.0020 
3020     3020   (0)     31 :  0.0020 0.0030 0.9910 0.0020 0.0020 
3021     3021   (0)     31 :  0.0068 0.0090 0.9754 0.0064 0.0024 
3022     3022   (0)     31 :  0.0040 0.0050 0.9830 0.0050 0.0030 
3023     3023   (0)     31 :  0.0036 0.0056 0.9828 0.0050 0.0030 
3024     3024   (0)     31 :  0.0030 0.0040 0.9890 0.0020 0.0020 
3025     3025   (0)     31 :  0.0046 0.0038 0.9806 0.0050 0.0060 
3026     3026   (0)     31 :  0.0022 0.0030 0.9908 0.0020 0.0020 
3027     3027   (0)     31 :  0.0044 0.0030 0.9846 0.0050 0.0030 
3028     3028   (0)     31 :  0.0030 0.0034 0.9882 0.0034 0.0020 
3029     3029   (0)     31 :  0.0030 0.0046 0.9874 0.0030 0.0020 
3030     3030   (0)     31 :  0.0030 0.0050 0.9870 0.0030 0.0020 
3031     3031   (0)     31 :  0.0036 0.0040 0.9856 0.0030 0.0038 
3032     3032   (0)     31 :  0.0054 0.0066 0.9736 0.0114 0.0030 
3033     3033   (0)     31 :  0.0020 0.0020 0.9920 0.0020 0.0020 
3034     3034   (0)     31 :  0.0040 0.0080 0.9816 0.0044 0.0020 
3035     3035   (0)     31 :  0.0026 0.0034 0.9880 0.0030 0.0030 
3036     3036   (0)     31 :  0.0026 0.0040 0.9874 0.0020 0.0040 
3037     3037   (0)     31 :  0.0030 0.0056 0.9858 0.0030 0.0026 
3038     3038   (0)     31 :  0.0026 0.0040 0.9884 0.0030 0.0020 
3039     3039   (0)     31 :  0.0030 0.0048 0.9868 0.0030 0.0024 
3040     3040   (0)     31 :  0.0030 0.0030 0.9866 0.0044 0.0030 
3041     3041   (0)     31 :  0.0030 0.0056 0.9840 0.0040 0.0034 
3042     3042   (0)     31 :  0.0030 0.0048 0.9878 0.0020 0.0024 
3043     3043   (0)     31 :  0.0030 0.0036 0.9886 0.0024 0.0024 
3044     3044   (0)     31 :  0.0030 0.0034 0.9850 0.0036 0.0050 
3045     3045   (0)     31 :  0.0026 0.0050 0.9880 0.0020 0.0024 
3046     3046   (0)     31 :  0.0030 0.0036 0.9874 0.0040 0.0020 
3047     3047   (0)     31 :  0.0030 0.0030 0.9896 0.0024 0.0020 
3048     3048   (0)     31 :  0.0030 0.0040 0.9890 0.0020 0.0020 
3049     3049   (0)     31 :  0.0026 0.0046 0.9864 0.0024 0.0040 
3050     3050   (0)     31 :  0.0030 0.0034 0.9862 0.0024 0.0050 
3051     3051   (0)     31 :  0.0030 0.0030 0.9898 0.0020 0.0022 
3052     3052   (0)     31 :  0.0020 0.0030 0.9900 0.0020 0.0030 
3053     3053   (0)     31 :  0.0040 0.0066 0.9830 0.0040 0.0024 
3054     3054   (0)     31 :  0.0046 0.0044 0.9830 0.0050 0.0030 
3055     3055   (0)     31 :  0.0020 0.0030 0.9900 0.0020 0.0030 
3056     3056   (0)     31 :  0.0040 0.0050 0.9846 0.0030 0.0034 
3057     3057   (0)     31 :  0.0054 0.0076 0.9756 0.0080 0.0034 
3058     3058   (0)     31 :  0.0030 0.0028 0.9868 0.0030 0.0044 
3059     3059   (0)     31 :  0.0024 0.0040 0.9886 0.0020 0.0030 
3060     3060   (0)     31 :  0.0034 0.0056 0.9870 0.0020 0.0020 
3061     3061   (0)     31 :  0.0030 0.0034 0.9876 0.0030 0.0030 
3062     3062   (0)     31 :  0.0030 0.0040 0.9872 0.0024 0.0034 
3063     3063   (0)     31 :  0.0030 0.0030 0.9866 0.0044 0.0030 
3064     3064   (0)     31 :  0.0030 0.0040 0.9866 0.0030 0.0034 
3065     3065   (0)     31 :  0.0030 0.0030 0.9880 0.0030 0.0030 
3066     3066   (0)     31 :  0.0030 0.0044 0.9866 0.0040 0.0020 
3067     3067   (0)     31 :  0.0020 0.0020 0.9920 0.0020 0.0020 
3068     3068   (0)     31 :  0.0030 0.0034 0.9876 0.0030 0.0030 
3069     3069   (0)     31 :  0.0020 0.0030 0.9910 0.0020 0.0020 
3070     3070   (0)     31 :  0.0048 0.0040 0.9798 0.0074 0.0040 
3071     3071   (0)     31 :  0.0040 0.0050 0.9810 0.0060 0.0040 
3072     3072   (0)     31 :  0.0050 0.0060 0.9810 0.0050 0.0030 
3073     3073   (0)     31 :  0.0030 0.0050 0.9876 0.0024 0.0020 
3074     3074   (0)     31 :  0.0030 0.0040 0.9880 0.0020 0.0030 
3075     3075   (0)     31 :  0.0036 0.0044 0.9836 0.0030 0.0054 
3076     3076   (0)     31 :  0.0020 0.0030 0.9900 0.0020 0.0030 
3077     3077   (0)     31 :  0.0026 0.0030 0.9890 0.0020 0.0034 
3078     3078   (0)     31 :  0.0036 0.0044 0.9866 0.0020 0.0034 
3079     3079   (0)     31 :  0.0020 0.0040 0.9880 0.0030 0.0030 
3080     3080   (0)     31 :  0.0020 0.0054 0.9882 0.0024 0.0020 
3081     3081   (0)     31 :  0.0030 0.0030 0.9880 0.0030 0.0030 
3082     3082   (0)     31 :  0.0030 0.0040 0.9880 0.0030 0.0020 
3083     3083   (0)     31 :  0.0020 0.0024 0.9906 0.0020 0.0030 
3084     3084   (0)     31 :  0.0020 0.0034 0.9896 0.0030 0.0020 
3085     3085   (0)     31 :  0.0020 0.0038 0.9892 0.0030 0.0020 
3086     3086   (0)     31 :  0.0020 0.0030 0.9898 0.0028 0.0024 
3087     3087   (0)     31 :  0.0046 0.0074 0.9816 0.0030 0.0034 
3088     3088   (0)     31 :  0.0044 0.0056 0.9816 0.0060 0.0024 
3089     3089   (0)     31 :  0.0040 0.0030 0.9836 0.0064 0.0030 
3090     3090   (0)     31 :  0.0040 0.0082 0.9814 0.0034 0.0030 
3091     3091   (0)     31 :  0.0030 0.0040 0.9890 0.0020 0.0020 
3092     3092   (0)     31 :  0.0020 0.0030 0.9890 0.0030 0.0030 
3093     3093   (0)     31 :  0.0044 0.0110 0.9786 0.0030 0.0030 
3094     3094   (0)     31 :  0.0054 0.0070 0.9812 0.0040 0.0024 
3095     3095   (0)     31 :  0.0030 0.0068 0.9852 0.0030 0.0020 
3096     3096   (0)     31 :  0.0044 0.0056 0.9840 0.0040 0.0020 
3097     3097   (0)     31 :  0.0050 0.0050 0.9840 0.0030 0.0030 
3098     3098   (0)     31 :  0.0030 0.0030 0.9890 0.0030 0.0020 
3099     3099   (0)     31 :  0.0020 0.0030 0.9910 0.0020 0.0020 
3100     3100   (0)     31 :  0.0030 0.0024 0.9880 0.0032 0.0034 
3101     3101   (0)     31 :  0.0020 0.0036 0.9894 0.0030 0.0020 
3102     3102   (0)     31 :  0.0050 0.0044 0.9786 0.0070 0.0050 
3103     3103   (0)     31 :  0.0030 0.0040 0.9856 0.0030 0.0044 
3104     3104   (0)     31 :  0.0030 0.0040 0.9880 0.0020 0.0030 
3105     3105   (0)     31 :  0.0020 0.0024 0.9892 0.0034 0.0030 
3106     3106   (0)     31 :  0.0052 0.0052 0.9822 0.0044 0.0030 
3107     3107   (0)     31 :  0.0034 0.0040 0.9866 0.0030 0.0030 
3108     3108   (0)     31 :  0.0020 0.0020 0.9920 0.0020 0.0020 
3109     3109   (0)     31 :  0.0064 0.0094 0.9754 0.0060 0.0028 
3110     3110   (0)     31 :  0.0066 0.0058 0.9816 0.0030 0.0030 
3111     3111   (0)     31 :  0.0040 0.0046 0.9864 0.0030 0.0020 
3112     3112   (0)     31 :  0.0020 0.0030 0.9900 0.0030 0.0020 
3113     3113   (0)     31 :  0.0030 0.0030 0.9890 0.0020 0.0030 
3114     3114   (0)     31 :  0.0044 0.0140 0.9746 0.0040 0.0030 
3115     3115   (0)     31 :  0.0030 0.0030 0.9870 0.0030 0.0040 
3116     3116   (0)     31 :  0.0034 0.0046 0.9866 0.0034 0.0020 
3117     3117   (0)     31 :  0.0046 0.0054 0.9790 0.0070 0.0040 
3118     3118   (0)     31 :  0.0032 0.0030 0.9850 0.0054 0.0034 
3119     3119   (0)     31 :  0.0030 0.0040 0.9870 0.0020 0.0040 
3120     3120   (0)     31 :  0.0030 0.0030 0.9900 0.0020 0.0020 
3121     3121   (0)     31 :  0.0030 0.0034 0.9886 0.0020 0.0030 
3122     3122   (0)     31 :  0.0040 0.0126 0.9756 0.0044 0.0034 
3123     3123   (0)     31 :  0.0040 0.0050 0.9838 0.0032 0.0040 
3124     3124   (0)     31 :  0.0020 0.0030 0.9896 0.0024 0.0030 
3125     3125   (0)     31 :  0.0034 0.0046 0.9840 0.0040 0.0040 
3126     3126   (0)     31 :  0.0020 0.0020 0.9920 0.0020 0.0020 
3127     3127   (0)     31 :  0.0054 0.0158 0.9678 0.0040 0.0070 
3128     3128   (0)     31 :  0.0040 0.0040 0.9870 0.0020 0.0030 
3129     3129   (0)     31 :  0.0020 0.0030 0.9896 0.0030 0.0024 
3130     3130   (0)     31 :  0.0074 0.0054 0.9792 0.0050 0.0030 
3131     3131   (0)     31 :  0.0040 0.0044 0.9856 0.0030 0.0030 
3132     3132   (0)     31 :  0.0030 0.0056 0.9856 0.0034 0.0024 
3133     3133   (0)     31 :  0.0030 0.0056 0.9864 0.0020 0.0030 
3134     3134   (0)     31 :  0.0060 0.0054 0.9812 0.0034 0.0040 
3135     3135   (0)     31 :  0.0030 0.0030 0.9886 0.0024 0.0030 
3136     3136   (0)     31 :  0.0054 0.0046 0.9816 0.0054 0.0030 
3137     3137   (0)     31 :  0.0030 0.0030 0.9900 0.0020 0.0020 
3138     3138   (0)     31 :  0.0052 0.0058 0.9786 0.0050 0.0054 
3139     3139   (0)     31 :  0.0046 0.0054 0.9812 0.0054 0.0034 
3140     3140   (0)     31 :  0.0030 0.0044 0.9872 0.0024 0.0030 
3141     3141   (0)     31 :  0.0020 0.0030 0.9892 0.0030 0.0028 
3142     3142   (0)     31 :  0.0030 0.0030 0.9890 0.0030 0.0020 
3143     3143   (0)     31 :  0.0030 0.0024 0.9896 0.0020 0.0030 
3144     3144   (0)     31 :  0.0050 0.0070 0.9796 0.0050 0.0034 
3145     3145   (0)     31 :  0.0040 0.0054 0.9842 0.0034 0.0030 
3146     3146   (0)     31 :  0.0020 0.0030 0.9910 0.0020 0.0020 
3147     3147   (0)     31 :  0.0034 0.0046 0.9866 0.0024 0.0030 
3148     3148   (0)     31 :  0.0040 0.0056 0.9844 0.0040 0.0020 
3149     3149   (0)     31 :  0.0040 0.0050 0.9690 0.0180 0.0040 
3150     3150   (0)     31 :  0.0046 0.0070 0.9800 0.0030 0.0054 
3151     3151   (0)     31 :  0.0030 0.0046 0.9874 0.0030 0.0020 
3152     3152   (0)     31 :  0.0030 0.0038 0.9882 0.0020 0.0030 
3153     3153   (0)     31 :  0.0026 0.0040 0.9894 0.0020 0.0020 
3154     3154   (0)     31 :  0.0020 0.0030 0.9900 0.0030 0.0020 
3155     3155   (0)     31 :  0.0036 0.0054 0.9856 0.0024 0.0030 
3156     3156   (0)     31 :  0.0040 0.0062 0.9802 0.0064 0.0032 
3157     3157   (0)     31 :  0.0040 0.0040 0.9840 0.0040 0.0040 
3158     3158   (0)     31 :  0.0040 0.0094 0.9782 0.0044 0.0040 
3159     3159   (0)     31 :  0.0066 0.0110 0.9754 0.0030 0.0040 
3160     3160   (0)     31 :  0.0020 0.0022 0.9918 0.0020 0.0020 
3161     3161   (0)     31 :  0.0026 0.0040 0.9884 0.0020 0.0030 
3162     3162   (0)     31 :  0.0030 0.0040 0.9860 0.0040 0.0030 
3163     3163   (0)     31 :  0.0030 0.0046 0.9880 0.0020 0.0024 
3164     3164   (0)     31 :  0.0026 0.0030 0.9880 0.0024 0.0040 
3165     3165   (0)     31 :  0.0030 0.0030 0.9886 0.0030 0.0024 
3166     3166   (0)     31 :  0.0030 0.0030 0.9886 0.0030 0.0024 
3167     3167   (0)     31 :  0.0040 0.0040 0.9860 0.0030 0.0030 
3168     3168   (0)     31 :  0.0030 0.0030 0.9880 0.0040 0.0020 
3169     3169   (0)     31 :  0.0050 0.0054 0.9808 0.0050 0.0038 
3170     3170   (0)     31 :  0.0020 0.0040 0.9880 0.0030 0.0030 
3171     3171   (0)     31 :  0.0044 0.0040 0.9838 0.0048 0.0030 
3172     3172   (0)     31 :  0.0050 0.0066 0.9808 0.0046 0.0030 
3173     3173   (0)     31 :  0.0030 0.0040 0.9876 0.0034 0.0020 
3174     3174   (0)     31 :  0.0030 0.0040 0.9870 0.0030 0.0030 
3175     3175   (0)     31 :  0.0030 0.0046 0.9854 0.0040 0.0030 
3176     3176   (0)     31 :  0.0030 0.0030 0.9860 0.0040 0.0040 
3177     3177   (0)     31 :  0.0050 0.0060 0.9808 0.0042 0.0040 
3178     3178   (0)     31 :  0.0070 0.0070 0.9702 0.0128 0.0030 
3179     3179   (0)     31 :  0.0084 0.0074 0.9690 0.0114 0.0038 
3180     3180   (0)     31 :  0.0040 0.0088 0.9778 0.0064 0.0030 
3181     3181   (0)     31 :  0.0050 0.0070 0.9828 0.0022 0.0030 
3182     3182   (0)     31 :  0.0040 0.0040 0.9850 0.0030 0.0040 
3183     3183   (0)     31 :  0.0030 0.0040 0.9880 0.0020 0.0030 
3184     3184   (0)     31 :  0.0030 0.0030 0.9880 0.0030 0.0030 
3185     3185   (0)     31 :  0.0040 0.0040 0.9860 0.0030 0.0030 
3186     3186   (0)     31 :  0.0050 0.0056 0.9824 0.0040 0.0030 
3187     3187   (0)     31 :  0.0020 0.0030 0.9900 0.0020 0.0030 
3188     3188   (0)     31 :  0.0030 0.0044 0.9872 0.0034 0.0020 
3189     3189   (0)     31 :  0.0058 0.0076 0.9562 0.0274 0.0030 
3190     3190   (0)     31 :  0.0020 0.0030 0.9894 0.0026 0.0030 
3191     3191   (0)     31 :  0.0030 0.0030 0.9890 0.0020 0.0030 
3192     3192   (0)     31 :  0.0106 0.0182 0.9612 0.0040 0.0060 
3193     3193   (0)     31 :  0.0046 0.0098 0.9766 0.0060 0.0030 
3194     3194   (0)     31 :  0.0060 0.0088 0.9772 0.0040 0.0040 
3195     3195   (0)     31 :  0.0020 0.0020 0.9916 0.0024 0.0020 
3196     3196   (0)     31 :  0.0020 0.0030 0.9906 0.0020 0.0024 
3197     3197   (0)     31 :  0.0030 0.0046 0.9864 0.0030 0.0030 
3198     3198   (0)     31 :  0.0048 0.0052 0.9842 0.0030 0.0028 
3199     3199   (0)     31 :  0.0060 0.0076 0.9784 0.0040 0.0040 
3200     3200   (0)     31 :  0.0076 0.0068 0.9752 0.0060 0.0044 
3201     3201   (0)     31 :  0.0086 0.0140 0.9624 0.0092 0.0058 
3202     3202   (0)     31 :  0.0030 0.0034 0.9858 0.0044 0.0034 
3203     3203   (0)     31 :  0.0030 0.0034 0.9882 0.0030 0.0024 
3204     3204   (0)     31 :  0.0034 0.0046 0.9860 0.0040 0.0020 
3205     3205   (0)     31 :  0.0030 0.0030 0.9876 0.0030 0.0034 
3206     3206   (0)     31 :  0.0030 0.0034 0.9874 0.0030 0.0032 
3207     3207   (0)     31 :  0.0036 0.0060 0.9834 0.0030 0.0040 
3208     3208   (0)     31 :  0.0036 0.0066 0.9828 0.0040 0.0030 
3209     3209   (0)     31 :  0.0030 0.0038 0.9862 0.0040 0.0030 
3210     3210   (0)     31 :  0.0030 0.0056 0.9872 0.0020 0.0022 
3211     3211   (0)     31 :  0.0056 0.0054 0.9810 0.0050 0.0030 
3212     3212   (0)     31 :  0.0030 0.0068 0.9842 0.0040 0.0020 
3213     3213   (0)     31 :  0.0052 0.0092 0.9762 0.0040 0.0054 
3214     3214   (0)     31 :  0.0020 0.0030 0.9900 0.0020 0.0030 
3215     3215   (0)     31 :  0.0020 0.0024 0.9916 0.0020 0.0020 
3216     3216   (0)     31 :  0.0042 0.0060 0.9814 0.0054 0.0030 
3217     3217   (0)     31 :  0.0030 0.0034 0.9876 0.0030 0.0030 
3218     3218   (0)     31 :  0.0020 0.0030 0.9906 0.0020 0.0024 
3219     3219   (0)     31 :  0.0030 0.0044 0.9876 0.0020 0.0030 
3220     3220   (0)     31 :  0.0020 0.0030 0.9900 0.0030 0.0020 
3221     3221   (0)     31 :  0.0024 0.0030 0.9906 0.0020 0.0020 
3222     3222   (0)     31 :  0.0030 0.0030 0.9886 0.0034 0.0020 
3223     3223   (0)     31 :  0.0024 0.0030 0.9886 0.0030 0.0030 
3224     3224   (0)     31 :  0.0042 0.0044 0.9854 0.0030 0.0030 
3225     3225   (0)     31 :  0.0070 0.0096 0.9754 0.0040 0.0040 
3226     3226   (0)     31 :  0.0034 0.0046 0.9874 0.0020 0.0026 
3227     3227   (0)     31 :  0.0060 0.0106 0.9774 0.0030 0.0030 
3228     3228   (0)     31 :  0.0044 0.0050 0.9816 0.0050 0.0040 
3229     3229   (0)     31 :  0.0030 0.0030 0.9886 0.0024 0.0030 
3230     3230   (0)     31 :  0.0032 0.0034 0.9880 0.0034 0.0020 
3231     3231   (0)     31 :  0.0030 0.0030 0.9896 0.0020 0.0024 
3232     3232   (0)     31 :  0.0030 0.0074 0.9842 0.0024 0.0030 
3233     3233   (0)     31 :  0.0030 0.0046 0.9874 0.0030 0.0020 
3234     3234   (0)     31 :  0.0030 0.0072 0.9850 0.0028 0.0020 
3235     3235   (0)     31 :  0.0040 0.0050 0.9860 0.0020 0.0030 
3236     3236   (0)     31 :  0.0056 0.0048 0.9828 0.0024 0.0044 
3237     3237   (0)     31 :  0.0040 0.0060 0.9826 0.0040 0.0034 
3238     3238   (0)     31 :  0.0034 0.0040 0.9866 0.0030 0.0030 
3239     3239   (0)     31 :  0.0050 0.0060 0.9786 0.0074 0.0030 
3240     3240   (0)     31 :  0.0030 0.0030 0.9870 0.0040 0.0030 
3241     3241   (0)     31 :  0.0030 0.0036 0.9854 0.0040 0.0040 
3242     3242   (0)     31 :  0.0030 0.0050 0.9850 0.0030 0.0040 
3243     3243   (0)     31 :  0.0020 0.0030 0.9910 0.0020 0.0020 
3244     3244   (0)     31 :  0.0050 0.0064 0.9806 0.0050 0.0030 
3245     3245   (0)     31 :  0.0036 0.0046 0.9868 0.0030 0.0020 
3246     3246   (0)     31 :  0.0026 0.0034 0.9886 0.0020 0.0034 
3247     3247   (0)     31 :  0.0030 0.0046 0.9870 0.0034 0.0020 
3248     3248   (0)     31 :  0.0030 0.0030 0.9870 0.0040 0.0030 
3249     3249   (0)     31 :  0.0036 0.0044 0.9840 0.0050 0.0030 
3250     3250   (0)     31 :  0.0020 0.0030 0.9900 0.0030 0.0020 
3251     3251   (0)     31 :  0.0030 0.0030 0.9880 0.0030 0.0030 
3252     3252   (0)     31 :  0.0020 0.0030 0.9900 0.0020 0.0030 
3253     3253   (0)     32 :  0.0046 0.9870 0.0034 0.0030 0.0020 
3254     3254   (0)     32 :  0.0068 0.9730 0.0082 0.0088 0.0032 
3255     3255   (0)     32 :  0.0140 0.9698 0.0066 0.0050 0.0046 
3256     3256   (0)     32 :  0.0128 0.9678 0.0122 0.0036 0.0036 
3257     3257   (0)     32 :  0.0102 0.9752 0.0044 0.0050 0.0052 
3258     3258   (0)     32 :  0.0126 0.9460 0.0280 0.0094 0.0040 
3259     3259   (0)     32 :  0.0112 0.9662 0.0120 0.0050 0.0056 
3260     3260   (0)     32 :  0.0056 0.9848 0.0034 0.0040 0.0022 
3261     3261   (0)     32 :  0.0046 0.9870 0.0034 0.0030 0.0020 
3262     3262   (0)     32 :  0.0110 0.9670 0.0076 0.0118 0.0026 
3263     3263   (0)     32 :  0.0056 0.9838 0.0038 0.0044 0.0024 
3264     3264   (0)     32 :  0.0050 0.9854 0.0042 0.0030 0.0024 
3265     3265   (0)     32 :  0.0044 0.9854 0.0034 0.0044 0.0024 
3266     3266   (0)     32 :  0.0080 0.9688 0.0122 0.0080 0.0030 
3267     3267   (0)     32 :  0.0054 0.9812 0.0054 0.0050 0.0030 
3268     3268   (0)     32 :  0.0044 0.9750 0.0090 0.0086 0.0030 
3269     3269   (0)     32 :  0.0264 0.8622 0.0978 0.0062 0.0074 
3270     3270   (0)     32 :  0.0048 0.9780 0.0062 0.0058 0.0052 
3271     3271   (0)     32 :  0.0296 0.9342 0.0104 0.0204 0.0054 
3272     3272   (0)     32 :  0.0130 0.9680 0.0130 0.0030 0.0030 
3273     3273   (0)     32 :  0.0034 0.9770 0.0046 0.0116 0.0034 
3274     3274   (0)     32 :  0.0056 0.9662 0.0062 0.0182 0.0038 
3275     3275   (5)     32 :  0.0058 0.9766 0.0048 0.0104 0.0024 
3276     3276   (0)     32 :  0.0046 0.9820 0.0064 0.0030 0.0040 
3277     3277   (0)     32 :  0.0040 0.9680 0.0170 0.0062 0.0048 
3278     3278   (0)     32 :  0.0118 0.9742 0.0064 0.0040 0.0036 
3279     3279   (0)     32 :  0.0048 0.9628 0.0052 0.0248 0.0024 
3280     3280   (0)     32 :  0.0054 0.9726 0.0122 0.0064 0.0034 
3281     3281   (0)     32 :  0.0056 0.8574 0.0034 0.1306 0.0030 
3282     3282   (0)     32 :  0.0034 0.9880 0.0038 0.0024 0.0024 
3283     3283   (5)     32 :  0.0044 0.9854 0.0038 0.0040 0.0024 
3284     3284   (0)     32 :  0.0054 0.9598 0.0260 0.0058 0.0030 
3285     3285   (0)     32 :  0.0092 0.9718 0.0034 0.0106 0.0050 
3286     3286   (0)     32 :  0.0044 0.9854 0.0048 0.0024 0.0030 
3287     3287   (0)     32 :  0.0050 0.9608 0.0038 0.0266 0.0038 
3288     3288   (0)     32 :  0.0220 0.9624 0.0056 0.0050 0.0050 
3289     3289   (5)     32 :  0.0140 0.9670 0.0080 0.0060 0.0050 
3290     3290   (5)     32 :  0.0066 0.9626 0.0144 0.0106 0.0058 
3291     3291   (5)     32 :  0.0058 0.9728 0.0100 0.0064 0.0050 
3292     3292   (5)     32 :  0.0054 0.9814 0.0024 0.0064 0.0044 
3293     3293   (0)     33 :  0.0082 0.9644 0.0036 0.0204 0.0034 
3294     3294   (0)     33 :  0.0080 0.9646 0.0060 0.0180 0.0034 
3295     3295   (0)     33 :  0.0048 0.9490 0.0228 0.0124 0.0110 
3296     3296   (0)     33 :  0.0066 0.9744 0.0052 0.0076 0.0062 
3297     3297   (0)     33 :  0.0204 0.9590 0.0070 0.0102 0.0034 
3298     3298   (0)     33 :  0.0132 0.9534 0.0204 0.0074 0.0056 
3299     3299   (0)     33 :  0.0052 0.9766 0.0052 0.0096 0.0034 
3300     3300   (0)     33 :  0.0050 0.9834 0.0034 0.0044 0.0038 
3301     3301   (0)     33 :  0.0034 0.9768 0.0120 0.0048 0.0030 
3302     3302   (0)     33 :  0.0050 0.9846 0.0048 0.0020 0.0036 
3303     3303   (0)     33 :  0.0034 0.9804 0.0086 0.0034 0.0042 
3304     3304   (0)     33 :  0.0120 0.9754 0.0056 0.0040 0.0030 
3305     3305   (0)     33 :  0.0062 0.9808 0.0048 0.0052 0.0030 
3306     3306   (0)     33 :  0.0086 0.9768 0.0040 0.0072 0.0034 
3307     3307   (0)     33 :  0.0102 0.9516 0.0322 0.0030 0.0030 
3308     3308   (0)     33 :  0.0040 0.9862 0.0058 0.0020 0.0020 
3309     3309   (0)     33 :  0.0064 0.9752 0.0024 0.0140 0.0020 
3310     3310   (0)     33 :  0.0080 0.9822 0.0030 0.0044 0.0024 
3311     3311   (0)     33 :  0.0070 0.9638 0.0132 0.0102 0.0058 
3312     3312   (0)     33 :  0.0108 0.9632 0.0070 0.0120 0.0070 
3313     3313   (0)     33 :  0.0110 0.9594 0.0122 0.0134 0.0040 
3314     3314   (0)     33 :  0.0054 0.9848 0.0034 0.0034 0.0030 
3315     3315   (0)     33 :  0.0050 0.9748 0.0138 0.0040 0.0024 
3316     3316   (0)     33 :  0.0030 0.9842 0.0074 0.0034 0.0020 
3317     3317   (0)     33 :  0.0074 0.9736 0.0056 0.0100 0.0034 
3318     3318   (0)     33 :  0.0062 0.9816 0.0052 0.0040 0.0030 
3319     3319   (0)     33 :  0.0074 0.9524 0.0090 0.0288 0.0024 
3320     3320   (0)     33 :  0.0054 0.9800 0.0066 0.0050 0.0030 
3321     3321   (0)     33 :  0.0052 0.9364 0.0506 0.0048 0.0030 
3322     3322   (0)     33 :  0.0260 0.9324 0.0252 0.0092 0.0072 
3323     3323   (0)     33 :  0.0098 0.9350 0.0080 0.0292 0.0180 
3324     3324   (0)     33 :  0.0044 0.9778 0.0074 0.0070 0.0034 
3325     3325   (0)     33 :  0.0046 0.8821 0.1054 0.0044 0.0036 
3326     3326   (0)     33 :  0.0038 0.9864 0.0042 0.0028 0.0028 
3327     3327   (0)     33 :  0.0068 0.9782 0.0030 0.0044 0.0076 
3328     3328   (0)     33 :  0.0048 0.9858 0.0034 0.0030 0.0030 
3329     3329   (0)     33 :  0.0078 0.9824 0.0024 0.0044 0.0030 
3330     3330   (0)     33 :  0.0296 0.9546 0.0036 0.0082 0.0040 
3331     3331   (0)     33 :  0.0074 0.9712 0.0034 0.0146 0.0034 
3332     3332   (0)     33 :  0.0046 0.9670 0.0152 0.0098 0.0034 
3333     3333   (0)     33 :  0.0068 0.9808 0.0054 0.0040 0.0030 
3334     3334   (0)     33 :  0.0034 0.9776 0.0058 0.0094 0.0038 
3335     3335   (0)     33 :  0.0072 0.9784 0.0044 0.0058 0.0042 
3336     3336   (0)     33 :  0.0070 0.9690 0.0162 0.0034 0.0044 
3337     3337   (0)     33 :  0.0040 0.9750 0.0104 0.0066 0.0040 
3338     3338   (0)     33 :  0.0034 0.9790 0.0070 0.0072 0.0034 
3339     3339   (0)     33 :  0.0156 0.9638 0.0082 0.0072 0.0052 
3340     3340   (0)     33 :  0.0054 0.9742 0.0044 0.0126 0.0034 
3341     3341   (0)     33 :  0.0030 0.9864 0.0058 0.0028 0.0020 
3342     3342   (0)     33 :  0.0140 0.9668 0.0060 0.0092 0.0040 
3343     3343   (0)     33 :  0.0066 0.9794 0.0054 0.0040 0.0046 
3344     3344   (0)     33 :  0.0046 0.9858 0.0034 0.0032 0.0030 
3345     3345   (0)     33 :  0.0040 0.9844 0.0058 0.0034 0.0024 
3346     3346   (0)     33 :  0.0064 0.9650 0.0202 0.0060 0.0024 
3347     3347   (0)     33 :  0.0048 0.9826 0.0034 0.0058 0.0034 
3348     3348   (0)     33 :  0.0056 0.9748 0.0092 0.0070 0.0034 
3349     3349   (0)     33 :  0.0080 0.9574 0.0236 0.0064 0.0046 
3350     3350   (0)     33 :  0.0030 0.9462 0.0038 0.0446 0.0024 
3351     3351   (0)     33 :  0.0056 0.9712 0.0150 0.0044 0.0038 
3352     3352   (0)     33 :  0.0038 0.9742 0.0100 0.0058 0.0062 
3353     3353   (0)     33 :  0.0046 0.9166 0.0688 0.0070 0.0030 
3354     3354   (0)     33 :  0.0068 0.9718 0.0120 0.0060 0.0034 
3355     3355   (0)     33 :  0.0148 0.9664 0.0044 0.0114 0.0030 
3356     3356   (0)     33 :  0.0052 0.9838 0.0040 0.0040 0.0030 
3357     3357   (0)     33 :  0.0048 0.9814 0.0066 0.0034 0.0038 
3358     3358   (0)     33 :  0.0114 0.9678 0.0100 0.0068 0.0040 
3359     3359   (0)     33 :  0.0046 0.9848 0.0040 0.0046 0.0020 
3360     3360   (0)     33 :  0.0050 0.9776 0.0052 0.0082 0.0040 
3361     3361   (0)     33 :  0.0158 0.9524 0.0062 0.0144 0.0112 
3362     3362   (0)     33 :  0.0050 0.9828 0.0044 0.0044 0.0034 
3363     3363   (0)     33 :  0.0082 0.9588 0.0264 0.0034 0.0032 
3364     3364   (0)     33 :  0.0056 0.9772 0.0044 0.0080 0.0048 
3365     3365   (0)     33 :  0.0082 0.9772 0.0062 0.0060 0.0024 
3366     3366   (0)     33 :  0.0044 0.9790 0.0048 0.0066 0.0052 
3367     3367   (0)     33 :  0.0196 0.9496 0.0162 0.0024 0.0122 
3368     3368   (0)     33 :  0.0062 0.9808 0.0040 0.0056 0.0034 
3369     3369   (0)     33 :  0.0034 0.9842 0.0034 0.0052 0.0038 
3370     3370   (0)     33 :  0.0064 0.9814 0.0032 0.0070 0.0020 
3371     3371   (0)     33 :  0.0390 0.8812 0.0580 0.0172 0.0046 
3372     3372   (0)     33 :  0.0084 0.9656 0.0182 0.0034 0.0044 
3373     3373   (0)     33 :  0.0036 0.9838 0.0048 0.0044 0.0034 
3374     3374   (0)     33 :  0.0066 0.9814 0.0030 0.0050 0.0040 
3375     3375   (0)     33 :  0.0064 0.9832 0.0030 0.0044 0.0030 
3376     3376   (0)     33 :  0.0060 0.9728 0.0070 0.0066 0.0076 
3377     3377   (0)     33 :  0.0044 0.9872 0.0024 0.0040 0.0020 
3378     3378   (0)     33 :  0.0030 0.9856 0.0052 0.0038 0.0024 
3379     3379   (0)     33 :  0.0634 0.8980 0.0050 0.0254 0.0082 
3380     3380   (0)     33 :  0.0072 0.9844 0.0034 0.0030 0.0020 
3381     3381   (0)     33 :  0.0040 0.9828 0.0040 0.0068 0.0024 
3382     3382   (0)     33 :  0.0044 0.9854 0.0058 0.0024 0.0020 
3383     3383   (0)     33 :  0.0056 0.9800 0.0074 0.0040 0.0030 
3384     3384   (0)     33 :  0.0050 0.9790 0.0062 0.0054 0.0044 
3385     3385   (0)     33 :  0.0062 0.9798 0.0066 0.0044 0.0030 
3386     3386   (0)     33 :  0.0060 0.9123 0.0034 0.0749 0.0034 
3387     3387   (0)     33 :  0.0100 0.9696 0.0076 0.0078 0.0050 
3388     3388   (0)     33 :  0.0092 0.9778 0.0060 0.0030 0.0040 
3389     3389   (0)     33 :  0.0082 0.9782 0.0062 0.0044 0.0030 
3390     3390   (0)     33 :  0.0082 0.9790 0.0048 0.0030 0.0050 
3391     3391   (0)     33 :  0.0078 0.9818 0.0030 0.0040 0.0034 
3392     3392   (0)     33 :  0.0056 0.9788 0.0074 0.0052 0.0030 
3393     3393   (0)     33 :  0.0048 0.9760 0.0078 0.0072 0.0042 
3394     3394   (0)     33 :  0.0058 0.9816 0.0040 0.0056 0.0030 
3395     3395   (0)     33 :  0.0076 0.9798 0.0038 0.0058 0.0030 
3396     3396   (0)     33 :  0.0052 0.9814 0.0058 0.0030 0.0046 
3397     3397   (0)     33 :  0.0044 0.9840 0.0044 0.0048 0.0024 
3398     3398   (0)     33 :  0.0034 0.9814 0.0068 0.0054 0.0030 
3399     3399   (0)     33 :  0.0194 0.9092 0.0124 0.0534 0.0056 
3400     3400   (0)     33 :  0.0070 0.9616 0.0188 0.0052 0.0074 
3401     3401   (0)     33 :  0.0054 0.9794 0.0042 0.0086 0.0024 
3402     3402   (0)     33 :  0.0036 0.9826 0.0044 0.0054 0.0040 
3403     3403   (0)     33 :  0.0056 0.9798 0.0086 0.0030 0.0030 
3404     3404   (0)     33 :  0.0094 0.9402 0.0030 0.0440 0.0034 
3405     3405   (0)     33 :  0.0074 0.9592 0.0216 0.0064 0.0054 
3406     3406   (0)     33 :  0.0040 0.9812 0.0048 0.0070 0.0030 
3407     3407   (0)     33 :  0.0046 0.9746 0.0048 0.0068 0.0092 
3408     3408   (0)     33 :  0.0094 0.9664 0.0140 0.0066 0.0036 
3409     3409   (0)     33 :  0.0066 0.9736 0.0102 0.0060 0.0036 
3410     3410   (0)     33 :  0.0044 0.9836 0.0034 0.0062 0.0024 
3411     3411   (0)     33 :  0.0076 0.9826 0.0034 0.0034 0.0030 
3412     3412   (0)     33 :  0.0140 0.9730 0.0060 0.0030 0.0040 
3413     3413   (0)     33 :  0.0200 0.8748 0.0588 0.0434 0.0030 
3414     3414   (0)     33 :  0.0392 0.9438 0.0094 0.0036 0.0040 
3415     3415   (0)     33 :  0.0056 0.9828 0.0058 0.0024 0.0034 
3416     3416   (0)     33 :  0.0064 0.9834 0.0044 0.0034 0.0024 
3417     3417   (0)     33 :  0.0086 0.9776 0.0040 0.0044 0.0054 
3418     3418   (0)     33 :  0.0088 0.9758 0.0074 0.0050 0.0030 
3419     3419   (0)     33 :  0.0156 0.9724 0.0024 0.0072 0.0024 
3420     3420   (0)     33 :  0.0048 0.9792 0.0046 0.0076 0.0038 
3421     3421   (0)     33 :  0.0058 0.9812 0.0040 0.0050 0.0040 
3422     3422   (0)     33 :  0.0076 0.9804 0.0040 0.0050 0.0030 
3423     3423   (0)     33 :  0.0054 0.9800 0.0092 0.0024 0.0030 
3424     3424   (0)     33 :  0.0090 0.9682 0.0072 0.0058 0.0098 
3425     3425   (0)     33 :  0.0070 0.9802 0.0050 0.0048 0.0030 
3426     3426   (0)     33 :  0.0040 0.9848 0.0048 0.0034 0.0030 
3427     3427   (0)     33 :  0.0082 0.9798 0.0050 0.0040 0.0030 
3428     3428   (0)     33 :  0.0180 0.9622 0.0102 0.0072 0.0024 
3429     3429   (0)     33 :  0.0060 0.9742 0.0068 0.0030 0.0100 
3430     3430   (0)     33 :  0.0126 0.9648 0.0090 0.0090 0.0046 
3431     3431   (0)     33 :  0.0052 0.9794 0.0068 0.0040 0.0046 
3432     3432   (0)     33 :  0.0044 0.9822 0.0044 0.0056 0.0034 
3433     3433   (0)     33 :  0.0100 0.9700 0.0040 0.0116 0.0044 
3434     3434   (0)     33 :  0.0048 0.9818 0.0066 0.0024 0.0044 
3435     3435   (0)     33 :  0.0072 0.9664 0.0092 0.0142 0.0030 
3436     3436   (0)     33 :  0.0248 0.9566 0.0054 0.0082 0.0050 
3437     3437   (0)     33 :  0.0100 0.9772 0.0054 0.0044 0.0030 
3438     3438   (0)     33 :  0.0066 0.9664 0.0054 0.0156 0.0060 
3439     3439   (0)     33 :  0.0044 0.9844 0.0044 0.0038 0.0030 
3440     3440   (0)     33 :  0.0038 0.9848 0.0064 0.0026 0.0024 
3441     3441   (0)     33 :  0.0064 0.9764 0.0058 0.0062 0.0052 
3442     3442   (0)     33 :  0.0046 0.9742 0.0130 0.0048 0.0034 
3443     3443   (0)     33 :  0.0152 0.9466 0.0278 0.0064 0.0040 
3444     3444   (0)     33 :  0.0090 0.9706 0.0078 0.0082 0.0044 
3445     3445   (0)     33 :  0.0064 0.9810 0.0056 0.0030 0.0040 
3446     3446   (0)     33 :  0.0038 0.9800 0.0034 0.0090 0.0038 
3447     3447   (0)     33 :  0.0104 0.9752 0.0036 0.0068 0.0040 
3448     3448   (0)     33 :  0.0062 0.9796 0.0054 0.0058 0.0030 
3449     3449   (0)     33 :  0.0048 0.9828 0.0060 0.0034 0.0030 
3450     3450   (0)     33 :  0.0074 0.9830 0.0024 0.0034 0.0038 
3451     3451   (0)     33 :  0.0050 0.9822 0.0058 0.0040 0.0030 
3452     3452   (0)     33 :  0.0040 0.9814 0.0058 0.0044 0.0044 
3453     3453   (0)     33 :  0.0068 0.9158 0.0674 0.0066 0.0034 
3454     3454   (0)     33 :  0.0128 0.9756 0.0054 0.0022 0.0040 
3455     3455   (0)     33 :  0.0074 0.9792 0.0052 0.0056 0.0026 
3456     3456   (0)     33 :  0.0046 0.9740 0.0136 0.0054 0.0024 
3457     3457   (0)     33 :  0.0040 0.9564 0.0332 0.0030 0.0034 
3458     3458   (0)     33 :  0.0038 0.9836 0.0062 0.0044 0.0020 
3459     3459   (0)     33 :  0.0052 0.9296 0.0038 0.0590 0.0024 
3460     3460   (0)     33 :  0.0084 0.9798 0.0038 0.0050 0.0030 
3461     3461   (0)     33 :  0.0034 0.9878 0.0034 0.0034 0.0020 
3462     3462   (0)     33 :  0.0148 0.9706 0.0068 0.0038 0.0040 
3463     3463   (0)     33 :  0.0230 0.9626 0.0046 0.0056 0.0042 
3464     3464   (0)     33 :  0.0072 0.9670 0.0040 0.0164 0.0054 
3465     3465   (0)     33 :  0.0050 0.9816 0.0058 0.0046 0.0030 
3466     3466   (0)     33 :  0.0046 0.9130 0.0076 0.0714 0.0034 
3467     3467   (0)     33 :  0.0040 0.9728 0.0148 0.0030 0.0054 
3468     3468   (0)     33 :  0.0064 0.9804 0.0058 0.0050 0.0024 
3469     3469   (0)     33 :  0.0044 0.9830 0.0048 0.0058 0.0020 
3470     3470   (0)     33 :  0.0118 0.9602 0.0054 0.0192 0.0034 
3471     3471   (0)     33 :  0.0256 0.9294 0.0068 0.0352 0.0030 
3472     3472   (0)     33 :  0.0062 0.9826 0.0034 0.0044 0.0034 
3473     3473   (0)     33 :  0.0104 0.9686 0.0082 0.0080 0.0048 
3474     3474   (0)     33 :  0.0034 0.9824 0.0070 0.0034 0.0038 
3475     3475   (0)     33 :  0.0054 0.9848 0.0040 0.0034 0.0024 
3476     3476   (0)     33 :  0.0092 0.9724 0.0044 0.0110 0.0030 
3477     3477   (0)     33 :  0.0048 0.9846 0.0034 0.0044 0.0028 
3478     3478   (0)     33 :  0.0080 0.9704 0.0076 0.0106 0.0034 
3479     3479   (0)     33 :  0.0080 0.9690 0.0042 0.0138 0.0050 
3480     3480   (0)     33 :  0.0030 0.9906 0.0024 0.0020 0.0020 
3481     3481   (0)     33 :  0.0038 0.9730 0.0138 0.0056 0.0038 
3482     3482   (0)     33 :  0.0052 0.9644 0.0190 0.0080 0.0034 
3483     3483   (0)     33 :  0.0074 0.9632 0.0030 0.0240 0.0024 
3484     3484   (0)     33 :  0.0228 0.9652 0.0050 0.0040 0.0030 
3485     3485   (0)     33 :  0.0192 0.9574 0.0052 0.0148 0.0034 
3486     3486   (0)     33 :  0.0046 0.9824 0.0030 0.0060 0.0040 
3487     3487   (0)     33 :  0.0050 0.9840 0.0040 0.0040 0.0030 
3488     3488   (0)     33 :  0.0076 0.9790 0.0050 0.0050 0.0034 
3489     3489   (0)     33 :  0.0034 0.9782 0.0114 0.0034 0.0036 
3490     3490   (0)     33 :  0.0052 0.9574 0.0302 0.0034 0.0038 
3491     3491   (0)     33 :  0.0052 0.9852 0.0038 0.0034 0.0024 
3492     3492   (0)     33 :  0.0060 0.9798 0.0068 0.0050 0.0024 
3493     3493   (0)     33 :  0.0054 0.9800 0.0062 0.0054 0.0030 
3494     3494   (0)     33 :  0.0094 0.9678 0.0064 0.0118 0.0046 
3495     3495   (0)     33 :  0.0042 0.9726 0.0130 0.0034 0.0068 
3496     3496   (0)     33 :  0.0058 0.9682 0.0074 0.0130 0.0056 
3497     3497   (0)     33 :  0.0090 0.9642 0.0034 0.0196 0.0038 
3498     3498   (0)     33 :  0.0066 0.9852 0.0024 0.0024 0.0034 
3499     3499   (0)     33 :  0.0100 0.9734 0.0064 0.0044 0.0058 
3500     3500   (0)     33 :  0.0048 0.9700 0.0160 0.0048 0.0044 
3501     3501   (0)     33 :  0.0054 0.9824 0.0034 0.0040 0.0048 
3502     3502   (0)     33 :  0.0064 0.9814 0.0044 0.0054 0.0024 
3503     3503   (0)     33 :  0.0056 0.9762 0.0044 0.0108 0.0030 
3504     3504   (0)     33 :  0.0062 0.9752 0.0074 0.0082 0.0030 
3505     3505   (0)     33 :  0.0056 0.9740 0.0074 0.0086 0.0044 
3506     3506   (0)     33 :  0.0124 0.9636 0.0038 0.0178 0.0024 
3507     3507   (0)     33 :  0.0078 0.9214 0.0208 0.0442 0.0058 
3508     3508   (0)     33 :  0.0076 0.9062 0.0068 0.0764 0.0030 
3509     3509   (0)     33 :  0.0044 0.9740 0.0118 0.0068 0.0030 
3510     3510   (0)     33 :  0.0052 0.9698 0.0130 0.0076 0.0044 
3511     3511   (0)     33 :  0.0040 0.9828 0.0044 0.0058 0.0030 
3512     3512   (0)     33 :  0.0054 0.9780 0.0050 0.0062 0.0054 
3513     3513   (0)     33 :  0.0036 0.9896 0.0024 0.0020 0.0024 
3514     3514   (0)     33 :  0.0052 0.9676 0.0034 0.0218 0.0020 
3515     3515   (0)     33 :  0.0060 0.9706 0.0100 0.0074 0.0060 
3516     3516   (0)     33 :  0.0112 0.9738 0.0040 0.0090 0.0020 
3517     3517   (0)     33 :  0.0078 0.9654 0.0182 0.0056 0.0030 
3518     3518   (0)     33 :  0.0056 0.9792 0.0034 0.0078 0.0040 
3519     3519   (0)     33 :  0.0042 0.9848 0.0034 0.0052 0.0024 
3520     3520   (0)     33 :  0.0046 0.9798 0.0064 0.0058 0.0034 
3521     3521   (0)     33 :  0.0034 0.9660 0.0080 0.0188 0.0038 
3522     3522   (0)     33 :  0.0058 0.9528 0.0116 0.0244 0.0054 
3523     3523   (0)     33 :  0.0062 0.9708 0.0064 0.0126 0.0040 
3524     3524   (0)     33 :  0.0088 0.9702 0.0078 0.0092 0.0040 
3525     3525   (0)     33 :  0.0068 0.9758 0.0064 0.0076 0.0034 
3526     3526   (0)     33 :  0.0030 0.9764 0.0116 0.0052 0.0038 
3527     3527   (0)     33 :  0.0054 0.9766 0.0072 0.0074 0.0034 
3528     3528   (0)     33 :  0.0044 0.9770 0.0078 0.0054 0.0054 
3529     3529   (0)     33 :  0.0052 0.9756 0.0040 0.0118 0.0034 
3530     3530   (0)     33 :  0.0070 0.9800 0.0060 0.0040 0.0030 
3531     3531   (0)     33 :  0.0040 0.9848 0.0044 0.0044 0.0024 
3532     3532   (0)     33 :  0.0074 0.9772 0.0080 0.0030 0.0044 
3533     3533   (0)     33 :  0.0062 0.9752 0.0102 0.0064 0.0020 
3534     3534   (0)     33 :  0.0052 0.9818 0.0038 0.0040 0.0052 
3535     3535   (0)     33 :  0.0108 0.9700 0.0118 0.0028 0.0046 
3536     3536   (0)     33 :  0.0078 0.9814 0.0044 0.0034 0.0030 
3537     3537   (0)     33 :  0.0068 0.9746 0.0070 0.0040 0.0076 
3538     3538   (0)     33 :  0.0072 0.9738 0.0034 0.0116 0.0040 
3539     3539   (0)     33 :  0.0070 0.9494 0.0358 0.0044 0.0034 
3540     3540   (0)     33 :  0.0056 0.9776 0.0040 0.0078 0.0050 
3541     3541   (0)     33 :  0.0082 0.9722 0.0038 0.0120 0.0038 
3542     3542   (0)     33 :  0.0090 0.9446 0.0104 0.0320 0.0040 
3543     3543   (0)     33 :  0.0048 0.9738 0.0112 0.0064 0.0038 
3544     3544   (0)     33 :  0.0078 0.9734 0.0076 0.0068 0.0044 
3545     3545   (0)     33 :  0.0132 0.9466 0.0056 0.0264 0.0082 
3546     3546   (0)     33 :  0.0066 0.9776 0.0076 0.0048 0.0034 
3547     3547   (0)     33 :  0.0088 0.9386 0.0158 0.0324 0.0044 
3548     3548   (0)     33 :  0.0076 0.9142 0.0698 0.0040 0.0044 
3549     3549   (0)     33 :  0.0142 0.9310 0.0062 0.0448 0.0038 
3550     3550   (0)     33 :  0.0040 0.9872 0.0034 0.0024 0.0030 
3551     3551   (0)     33 :  0.0066 0.9762 0.0046 0.0044 0.0082 
3552     3552   (0)     33 :  0.0134 0.9738 0.0024 0.0074 0.0030 
3553     3553   (0)     33 :  0.0050 0.9702 0.0034 0.0184 0.0030 
3554     3554   (0)     33 :  0.0048 0.9782 0.0108 0.0030 0.0032 
3555     3555   (0)     33 :  0.0088 0.9700 0.0118 0.0054 0.0040 
3556     3556   (0)     33 :  0.0066 0.9744 0.0118 0.0038 0.0034 
3557     3557   (0)     33 :  0.0034 0.9874 0.0044 0.0024 0.0024 
3558     3558   (0)     33 :  0.0070 0.9754 0.0024 0.0108 0.0044 
3559     3559   (0)     33 :  0.0062 0.9606 0.0108 0.0190 0.0034 
3560     3560   (0)     33 :  0.0068 0.9786 0.0052 0.0064 0.0030 
3561     3561   (0)     33 :  0.0052 0.9826 0.0048 0.0044 0.0030 
3562     3562   (0)     33 :  0.0032 0.9880 0.0044 0.0024 0.0020 
3563     3563   (0)     33 :  0.0094 0.9530 0.0282 0.0064 0.0030 
3564     3564   (0)     33 :  0.0092 0.9792 0.0058 0.0020 0.0038 
3565     3565   (0)     33 :  0.0160 0.9656 0.0030 0.0120 0.0034 
3566     3566   (0)     33 :  0.0050 0.9662 0.0194 0.0064 0.0030 
3567     3567   (0)     33 :  0.0106 0.9668 0.0112 0.0068 0.0046 
3568     3568   (0)     33 :  0.0056 0.9776 0.0034 0.0088 0.0046 
3569     3569   (0)     33 :  0.0144 0.9746 0.0038 0.0038 0.0034 
3570     3570   (0)     33 :  0.0052 0.9814 0.0054 0.0040 0.0040 
3571     3571   (0)     33 :  0.0076 0.9780 0.0050 0.0044 0.0050 
3572     3572   (0)     33 :  0.0034 0.9780 0.0048 0.0114 0.0024 
3573     3573   (0)     33 :  0.0054 0.9838 0.0030 0.0030 0.0048 
3574     3574   (0)     33 :  0.0048 0.8622 0.1240 0.0040 0.0050 
3575     3575   (0)     33 :  0.0090 0.9756 0.0070 0.0048 0.0036 
3576     3576   (0)     33 :  0.0034 0.9814 0.0090 0.0038 0.0024 
3577     3577   (0)     33 :  0.0054 0.9750 0.0122 0.0044 0.0030 
3578     3578   (0)     33 :  0.0084 0.9622 0.0092 0.0126 0.0076 
3579     3579   (0)     33 :  0.0046 0.9720 0.0054 0.0150 0.0030 
3580     3580   (0)     33 :  0.0040 0.9826 0.0044 0.0066 0.0024 
3581     3581   (0)     33 :  0.0060 0.9794 0.0092 0.0034 0.0020 
3582     3582   (0)     33 :  0.0044 0.9812 0.0066 0.0054 0.0024 
3583     3583   (0)     33 :  0.0058 0.9838 0.0030 0.0044 0.0030 
3584     3584   (0)     33 :  0.0092 0.9774 0.0042 0.0066 0.0026 
3585     3585   (0)     33 :  0.0090 0.9770 0.0030 0.0076 0.0034 
3586     3586   (0)     33 :  0.0106 0.9732 0.0060 0.0062 0.0040 
3587     3587   (0)     33 :  0.0078 0.9820 0.0050 0.0030 0.0022 
3588     3588   (0)     33 :  0.0102 0.9442 0.0322 0.0072 0.0062 
3589     3589   (0)     33 :  0.0062 0.9818 0.0034 0.0062 0.0024 
3590     3590   (0)     33 :  0.0044 0.9852 0.0024 0.0056 0.0024 
3591     3591   (0)     33 :  0.0046 0.9866 0.0034 0.0030 0.0024 
3592     3592   (0)     33 :  0.0314 0.9534 0.0082 0.0040 0.0030 
