1 1 (5) 1 : 0.011 0.005 0.008 0.977
2 2 (5) 1 : 0.006 0.013 0.014 0.968
3 3 (5) 1 : 0.006 0.004 0.005 0.984
4 4 (0) 1 : 0.008 0.007 0.004 0.981
5 5 (0) 1 : 0.015 0.016 0.058 0.911
6 6 (0) 1 : 0.008 0.005 0.007 0.980
7 7 (0) 1 : 0.004 0.013 0.028 0.956
8 8 (5) 1 : 0.006 0.005 0.004 0.986
9 9 (0) 1 : 0.004 0.004 0.003 0.988
10 10 (0) 1 : 0.004 0.010 0.013 0.972
11 11 (0) 1 : 0.004 0.005 0.008 0.984
12 12 (0) 1 : 0.004 0.012 0.008 0.976
13 13 (0) 1 : 0.003 0.009 0.004 0.984
14 14 (0) 1 : 0.010 0.005 0.005 0.980
15 15 (0) 1 : 0.004 0.005 0.005 0.985
16 16 (0) 1 : 0.008 0.004 0.004 0.984
17 17 (0) 1 : 0.003 0.003 0.004 0.990
18 18 (0) 1 : 0.006 0.008 0.017 0.969
19 19 (0) 1 : 0.007 0.018 0.005 0.970
20 20 (0) 1 : 0.009 0.010 0.019 0.962
21 21 (0) 1 : 0.004 0.006 0.003 0.987
22 22 (0) 1 : 0.010 0.003 0.004 0.983
23 23 (0) 1 : 0.008 0.003 0.004 0.985
24 24 (0) 1 : 0.024 0.009 0.007 0.960
25 25 (0) 1 : 0.005 0.013 0.009 0.974
26 26 (0) 1 : 0.006 0.011 0.004 0.979
27 27 (5) 1 : 0.005 0.009 0.040 0.946
28 28 (0) 1 : 0.012 0.003 0.012 0.973
29 29 (0) 1 : 0.010 0.004 0.005 0.981
30 30 (0) 1 : 0.026 0.019 0.018 0.937
31 31 (0) 1 : 0.005 0.003 0.005 0.987
32 32 (0) 1 : 0.005 0.011 0.012 0.972
33 33 (0) 1 : 0.004 0.004 0.004 0.989
34 34 (0) 1 : 0.008 0.003 0.004 0.985
35 35 (0) 1 : 0.007 0.007 0.092 0.894
36 36 (0) 1 : 0.005 0.006 0.013 0.976
37 37 (0) 1 : 0.005 0.011 0.008 0.976
38 38 (0) 1 : 0.004 0.013 0.006 0.977
39 39 (0) 1 : 0.006 0.018 0.019 0.957
40 40 (0) 1 : 0.010 0.007 0.008 0.975
41 41 (0) 1 : 0.006 0.006 0.007 0.981
42 42 (0) 1 : 0.005 0.004 0.003 0.987
43 43 (0) 1 : 0.005 0.004 0.005 0.987
44 44 (0) 1 : 0.003 0.003 0.003 0.991
45 45 (5) 1 : 0.005 0.009 0.008 0.978
46 46 (0) 1 : 0.010 0.002 0.005 0.983
47 47 (0) 1 : 0.008 0.003 0.007 0.982
48 48 (0) 1 : 0.013 0.004 0.008 0.974
49 49 (0) 1 : 0.003 0.018 0.015 0.963
50 50 (0) 1 : 0.007 0.005 0.006 0.983
51 51 (0) 1 : 0.004 0.010 0.005 0.981
52 52 (0) 1 : 0.013 0.045 0.012 0.930
53 53 (0) 1 : 0.018 0.004 0.008 0.969
54 54 (0) 1 : 0.008 0.003 0.008 0.981
55 55 (0) 1 : 0.005 0.004 0.006 0.986
56 56 (0) 1 : 0.009 0.004 0.006 0.982
57 57 (10) 1 : 0.005 0.007 0.006 0.982
58 58 (5) 1 : 0.008 0.005 0.007 0.980
59 59 (0) 1 : 0.011 0.007 0.006 0.977
60 60 (0) 1 : 0.003 0.004 0.004 0.988
61 61 (0) 1 : 0.008 0.005 0.007 0.980
62 62 (0) 1 : 0.004 0.004 0.010 0.982
63 63 (0) 1 : 0.004 0.005 0.009 0.983
64 64 (0) 1 : 0.006 0.004 0.007 0.984
65 65 (0) 1 : 0.003 0.031 0.020 0.946
66 66 (0) 1 : 0.009 0.005 0.008 0.978
67 67 (5) 1 : 0.026 0.019 0.008 0.946
68 68 (0) 1 : 0.023 0.006 0.012 0.959
69 69 (0) 1 : 0.003 0.003 0.006 0.988
70 70 (0) 1 : 0.008 0.005 0.006 0.981
71 71 (5) 1 : 0.010 0.007 0.013 0.970
72 72 (0) 1 : 0.004 0.013 0.006 0.977
73 73 (5) 1 : 0.006 0.004 0.008 0.983
74 74 (10) 1 : 0.007 0.008 0.009 0.976
75 75 (10) 1 : 0.005 0.030 0.006 0.959
76 76 (0) 1 : 0.209 0.005 0.005 0.781
77 77 (10) 1 : 0.041 0.007 0.005 0.947
78 78 (0) 1 : 0.061 0.014 0.011 0.914
79 79 (5) 1 : 0.012 0.004 0.013 0.972
80 80 (0) 1 : 0.005 0.004 0.004 0.987
81 81 (0) 1 : 0.005 0.004 0.004 0.987
82 82 (0) 1 : 0.003 0.004 0.004 0.989
83 83 (0) 1 : 0.049 0.006 0.008 0.938
84 84 (0) 1 : 0.004 0.012 0.008 0.976
85 85 (0) 1 : 0.003 0.004 0.004 0.989
86 86 (5) 1 : 0.004 0.005 0.005 0.986
87 87 (0) 1 : 0.006 0.004 0.006 0.983
88 88 (0) 1 : 0.145 0.011 0.016 0.828
89 89 (0) 1 : 0.014 0.032 0.008 0.946
90 90 (0) 1 : 0.013 0.004 0.025 0.958
91 91 (0) 1 : 0.009 0.005 0.007 0.979
92 92 (0) 1 : 0.006 0.005 0.014 0.975
93 93 (0) 1 : 0.005 0.003 0.004 0.987
94 94 (5) 1 : 0.029 0.023 0.007 0.941
95 95 (0) 1 : 0.007 0.005 0.005 0.983
96 96 (5) 1 : 0.003 0.005 0.004 0.988
97 97 (0) 1 : 0.017 0.003 0.007 0.973
98 98 (0) 1 : 0.005 0.007 0.008 0.980
99 99 (5) 1 : 0.004 0.006 0.005 0.985
100 100 (5) 1 : 0.004 0.004 0.004 0.988
101 101 (0) 2 : 0.011 0.003 0.006 0.981
102 102 (0) 2 : 0.032 0.007 0.005 0.955
103 103 (0) 2 : 0.029 0.003 0.004 0.964
104 104 (0) 2 : 0.004 0.004 0.004 0.987
105 105 (0) 2 : 0.008 0.004 0.028 0.960
106 106 (0) 2 : 0.005 0.023 0.007 0.965
107 107 (0) 2 : 0.005 0.003 0.004 0.987
108 108 (0) 2 : 0.057 0.006 0.016 0.920
109 109 (0) 2 : 0.011 0.026 0.017 0.946
110 110 (0) 2 : 0.004 0.005 0.004 0.988
111 111 (0) 2 : 0.004 0.006 0.005 0.985
112 112 (0) 2 : 0.006 0.009 0.004 0.981
113 113 (0) 2 : 0.006 0.006 0.010 0.978
114 114 (0) 2 : 0.010 0.012 0.014 0.964
115 115 (0) 2 : 0.005 0.005 0.005 0.985
116 116 (0) 2 : 0.010 0.004 0.004 0.982
117 117 (0) 2 : 0.007 0.004 0.005 0.984
118 118 (0) 2 : 0.007 0.006 0.005 0.981
119 119 (0) 2 : 0.003 0.011 0.004 0.982
120 120 (0) 2 : 0.004 0.012 0.024 0.960
121 121 (0) 2 : 0.004 0.006 0.006 0.984
122 122 (0) 2 : 0.005 0.007 0.005 0.982
123 123 (0) 2 : 0.013 0.007 0.005 0.974
124 124 (0) 2 : 0.006 0.004 0.004 0.986
125 125 (0) 2 : 0.003 0.006 0.003 0.988
126 126 (0) 2 : 0.006 0.004 0.007 0.983
127 127 (0) 2 : 0.009 0.118 0.017 0.857
128 128 (0) 2 : 0.004 0.005 0.005 0.986
129 129 (0) 2 : 0.005 0.014 0.005 0.976
130 130 (0) 2 : 0.005 0.004 0.006 0.985
131 131 (0) 2 : 0.004 0.003 0.008 0.985
132 132 (0) 2 : 0.004 0.005 0.004 0.987
133 133 (0) 2 : 0.004 0.003 0.004 0.989
134 134 (0) 2 : 0.010 0.011 0.112 0.867
135 135 (0) 2 : 0.003 0.005 0.005 0.987
136 136 (0) 2 : 0.005 0.005 0.006 0.984
137 137 (0) 2 : 0.026 0.004 0.006 0.964
138 138 (0) 2 : 0.003 0.009 0.006 0.981
139 139 (0) 2 : 0.004 0.011 0.010 0.976
140 140 (0) 2 : 0.005 0.075 0.018 0.902
141 141 (0) 2 : 0.003 0.004 0.004 0.990
142 142 (0) 2 : 0.004 0.005 0.004 0.987
143 143 (0) 2 : 0.005 0.004 0.003 0.988
144 144 (0) 2 : 0.008 0.005 0.024 0.963
145 145 (0) 2 : 0.006 0.004 0.004 0.986
146 146 (0) 2 : 0.006 0.003 0.005 0.985
147 147 (0) 2 : 0.006 0.002 0.004 0.987
148 148 (0) 2 : 0.006 0.011 0.008 0.974
149 149 (0) 2 : 0.004 0.003 0.005 0.988
150 150 (0) 2 : 0.006 0.003 0.005 0.985
151 151 (0) 2 : 0.004 0.009 0.014 0.973
152 152 (0) 2 : 0.015 0.005 0.005 0.975
153 153 (0) 2 : 0.003 0.004 0.004 0.989
154 154 (0) 2 : 0.006 0.003 0.004 0.987
155 155 (0) 2 : 0.004 0.007 0.008 0.981
156 156 (0) 2 : 0.018 0.008 0.004 0.970
157 157 (0) 2 : 0.005 0.004 0.006 0.986
158 158 (0) 2 : 0.009 0.005 0.005 0.981
159 159 (0) 2 : 0.006 0.029 0.021 0.944
160 160 (0) 2 : 0.004 0.031 0.006 0.959
161 161 (0) 2 : 0.007 0.005 0.009 0.978
162 162 (0) 2 : 0.003 0.004 0.003 0.991
163 163 (0) 2 : 0.022 0.003 0.008 0.967
164 164 (0) 2 : 0.012 0.007 0.008 0.973
165 165 (0) 2 : 0.009 0.004 0.006 0.981
166 166 (0) 2 : 0.006 0.008 0.005 0.981
167 167 (0) 2 : 0.005 0.004 0.006 0.986
168 168 (0) 2 : 0.004 0.003 0.003 0.990
169 169 (0) 2 : 0.010 0.006 0.005 0.979
170 170 (0) 2 : 0.004 0.004 0.005 0.987
171 171 (0) 2 : 0.006 0.003 0.005 0.985
172 172 (0) 2 : 0.005 0.005 0.006 0.984
173 173 (0) 2 : 0.007 0.004 0.004 0.985
174 174 (0) 2 : 0.004 0.013 0.012 0.971
175 175 (0) 2 : 0.008 0.003 0.004 0.985
176 176 (0) 2 : 0.011 0.004 0.005 0.981
177 177 (0) 2 : 0.004 0.005 0.005 0.986
178 178 (0) 2 : 0.004 0.006 0.004 0.987
179 179 (0) 2 : 0.013 0.005 0.005 0.977
180 180 (0) 2 : 0.008 0.029 0.008 0.955
181 181 (0) 2 : 0.004 0.004 0.006 0.986
182 182 (0) 2 : 0.006 0.005 0.006 0.983
183 183 (0) 2 : 0.005 0.007 0.008 0.981
184 184 (0) 2 : 0.006 0.004 0.004 0.987
185 185 (0) 2 : 0.026 0.013 0.022 0.939
186 186 (0) 2 : 0.006 0.022 0.007 0.965
187 187 (0) 2 : 0.005 0.004 0.005 0.986
188 188 (0) 2 : 0.006 0.004 0.008 0.982
189 189 (0) 2 : 0.006 0.010 0.008 0.976
190 190 (0) 2 : 0.091 0.003 0.008 0.897
191 191 (0) 2 : 0.005 0.006 0.004 0.985
192 192 (0) 2 : 0.005 0.003 0.004 0.988
193 193 (0) 2 : 0.004 0.020 0.011 0.965
194 194 (0) 2 : 0.004 0.008 0.007 0.981
195 195 (0) 2 : 0.004 0.012 0.015 0.969
196 196 (0) 2 : 0.003 0.004 0.003 0.990
197 197 (0) 2 : 0.008 0.007 0.006 0.979
198 198 (0) 2 : 0.004 0.019 0.014 0.962
199 199 (0) 2 : 0.006 0.007 0.004 0.982
200 200 (0) 2 : 0.005 0.004 0.008 0.984
201 201 (0) 2 : 0.012 0.006 0.008 0.974
202 202 (0) 2 : 0.003 0.004 0.003 0.990
203 203 (0) 2 : 0.006 0.008 0.009 0.977
204 204 (0) 2 : 0.016 0.004 0.005 0.975
205 205 (0) 2 : 0.008 0.004 0.008 0.980
206 206 (0) 2 : 0.005 0.007 0.010 0.978
207 207 (0) 2 : 0.007 0.005 0.021 0.968
208 208 (0) 2 : 0.010 0.006 0.007 0.976
209 209 (0) 2 : 0.020 0.003 0.013 0.964
210 210 (0) 2 : 0.005 0.004 0.005 0.986
211 211 (0) 2 : 0.004 0.009 0.006 0.980
212 212 (0) 2 : 0.005 0.003 0.003 0.989
213 213 (0) 2 : 0.005 0.006 0.004 0.985
214 214 (0) 2 : 0.016 0.004 0.005 0.975
215 215 (0) 2 : 0.004 0.003 0.005 0.988
216 216 (0) 2 : 0.040 0.005 0.010 0.944
217 217 (0) 2 : 0.032 0.011 0.010 0.948
218 218 (0) 2 : 0.006 0.011 0.009 0.974
219 219 (0) 2 : 0.004 0.004 0.004 0.988
220 220 (0) 2 : 0.049 0.007 0.006 0.937
221 221 (0) 2 : 0.005 0.011 0.005 0.979
222 222 (0) 2 : 0.009 0.007 0.012 0.973
223 223 (0) 2 : 0.004 0.014 0.005 0.977
224 224 (0) 2 : 0.005 0.005 0.004 0.985
225 225 (0) 2 : 0.003 0.003 0.003 0.991
226 226 (0) 2 : 0.009 0.003 0.004 0.983
227 227 (0) 2 : 0.005 0.008 0.010 0.977
228 228 (0) 2 : 0.009 0.010 0.025 0.956
229 229 (0) 2 : 0.010 0.019 0.015 0.955
230 230 (0) 2 : 0.004 0.017 0.009 0.970
231 231 (0) 2 : 0.148 0.005 0.007 0.841
232 232 (0) 2 : 0.011 0.007 0.008 0.974
233 233 (0) 2 : 0.011 0.007 0.007 0.975
234 234 (0) 2 : 0.006 0.004 0.003 0.987
235 235 (0) 2 : 0.007 0.004 0.008 0.981
236 236 (0) 2 : 0.017 0.005 0.004 0.973
237 237 (0) 2 : 0.016 0.003 0.004 0.977
238 238 (0) 2 : 0.005 0.005 0.007 0.983
239 239 (0) 2 : 0.003 0.006 0.004 0.987
240 240 (0) 2 : 0.005 0.009 0.005 0.981
241 241 (0) 2 : 0.005 0.010 0.009 0.976
242 242 (0) 2 : 0.003 0.003 0.003 0.991
243 243 (0) 2 : 0.008 0.007 0.006 0.979
244 244 (0) 2 : 0.048 0.017 0.020 0.915
245 245 (0) 2 : 0.003 0.003 0.005 0.988
246 246 (0) 2 : 0.008 0.005 0.008 0.979
247 247 (0) 2 : 0.003 0.005 0.005 0.988
248 248 (0) 2 : 0.003 0.034 0.007 0.956
249 249 (0) 2 : 0.006 0.005 0.004 0.985
250 250 (0) 2 : 0.005 0.004 0.004 0.987
251 251 (0) 2 : 0.005 0.008 0.006 0.981
252 252 (0) 2 : 0.004 0.006 0.006 0.984
253 253 (0) 2 : 0.007 0.009 0.005 0.979
254 254 (0) 2 : 0.011 0.004 0.007 0.977
255 255 (0) 2 : 0.003 0.003 0.005 0.988
256 256 (0) 2 : 0.006 0.004 0.004 0.986
257 257 (0) 2 : 0.004 0.005 0.010 0.981
258 258 (0) 2 : 0.007 0.003 0.006 0.984
259 259 (0) 2 : 0.006 0.004 0.005 0.985
260 260 (0) 2 : 0.014 0.004 0.013 0.969
261 261 (0) 2 : 0.008 0.011 0.008 0.973
262 262 (0) 2 : 0.004 0.005 0.005 0.985
263 263 (0) 2 : 0.004 0.004 0.012 0.980
264 264 (0) 2 : 0.004 0.005 0.004 0.987
265 265 (0) 2 : 0.006 0.006 0.011 0.978
266 266 (0) 2 : 0.003 0.004 0.004 0.989
267 267 (0) 2 : 0.015 0.006 0.072 0.907
268 268 (0) 2 : 0.003 0.003 0.003 0.991
269 269 (0) 2 : 0.006 0.014 0.011 0.969
270 270 (0) 2 : 0.004 0.009 0.005 0.982
271 271 (0) 2 : 0.006 0.007 0.006 0.980
272 272 (0) 2 : 0.005 0.003 0.006 0.986
273 273 (0) 2 : 0.011 0.003 0.006 0.979
274 274 (0) 2 : 0.012 0.004 0.004 0.980
275 275 (0) 2 : 0.004 0.003 0.005 0.988
276 276 (0) 2 : 0.003 0.003 0.006 0.988
277 277 (0) 2 : 0.006 0.011 0.011 0.973
278 278 (0) 2 : 0.009 0.004 0.006 0.982
279 279 (0) 2 : 0.003 0.003 0.006 0.988
280 280 (0) 2 : 0.004 0.002 0.003 0.991
281 281 (0) 2 : 0.005 0.005 0.009 0.981
282 282 (0) 2 : 0.038 0.005 0.009 0.948
283 283 (0) 2 : 0.004 0.004 0.019 0.973
284 284 (0) 2 : 0.004 0.029 0.010 0.958
285 285 (0) 2 : 0.005 0.019 0.012 0.964
286 286 (0) 2 : 0.004 0.006 0.008 0.982
287 287 (0) 2 : 0.111 0.015 0.022 0.852
288 288 (0) 2 : 0.004 0.003 0.011 0.982
289 289 (0) 2 : 0.009 0.004 0.004 0.984
290 290 (0) 2 : 0.003 0.007 0.005 0.985
291 291 (0) 2 : 0.006 0.005 0.004 0.985
292 292 (0) 2 : 0.004 0.004 0.003 0.989
293 293 (0) 2 : 0.078 0.009 0.008 0.905
294 294 (0) 2 : 0.005 0.003 0.042 0.949
295 295 (0) 2 : 0.009 0.003 0.004 0.984
296 296 (0) 2 : 0.007 0.007 0.011 0.975
297 297 (0) 2 : 0.003 0.003 0.003 0.990
298 298 (0) 2 : 0.004 0.003 0.004 0.989
299 299 (0) 2 : 0.005 0.004 0.005 0.987
300 300 (0) 2 : 0.006 0.007 0.007 0.980
301 301 (5) 3 : 0.005 0.010 0.335 0.651
302 302 (0) 3 : 0.009 0.027 0.722 0.243
303 303 (0) 3 : 0.024 0.040 0.414 0.522
304 304 (5) 3 : 0.005 0.016 0.578 0.400
305 305 (5) 3 : 0.003 0.026 0.588 0.383
306 306 (0) 3 : 0.014 0.074 0.635 0.278
307 307 (0) 4 : 0.005 0.010 0.314 0.671
308 308 (0) 4 : 0.004 0.009 0.517 0.470
309 309 (0) 4 : 0.018 0.109 0.321 0.552
310 310 (0) 4 : 0.045 0.020 0.479 0.456
311 311 (0) 4 : 0.014 0.007 0.407 0.572
312 312 (0) 4 : 0.007 0.014 0.393 0.586
313 313 (0) 4 : 0.005 0.006 0.586 0.403
314 314 (0) 4 : 0.014 0.006 0.655 0.324
315 315 (0) 4 : 0.008 0.009 0.577 0.406
316 316 (0) 4 : 0.004 0.045 0.697 0.254
317 317 (0) 4 : 0.025 0.015 0.592 0.367
318 318 (0) 4 : 0.009 0.076 0.421 0.493
319 319 (0) 4 : 0.016 0.022 0.127 0.836
320 320 (0) 4 : 0.011 0.054 0.589 0.347
321 321 (0) 4 : 0.003 0.015 0.485 0.496
322 322 (0) 4 : 0.047 0.006 0.637 0.311
323 323 (0) 4 : 0.005 0.010 0.444 0.540
324 324 (0) 4 : 0.014 0.017 0.180 0.789
325 325 (0) 4 : 0.029 0.153 0.393 0.426
326 326 (0) 4 : 0.019 0.152 0.367 0.463
327 327 (0) 4 : 0.005 0.016 0.290 0.689
328 328 (0) 4 : 0.015 0.029 0.601 0.355
329 329 (0) 4 : 0.010 0.015 0.639 0.336
330 330 (0) 4 : 0.009 0.013 0.558 0.420
331 331 (0) 4 : 0.005 0.007 0.379 0.609
332 332 (0) 4 : 0.004 0.040 0.459 0.497
333 333 (0) 4 : 0.019 0.006 0.428 0.547
334 334 (0) 4 : 0.003 0.011 0.436 0.550
335 335 (0) 4 : 0.013 0.005 0.536 0.446
336 336 (0) 4 : 0.015 0.011 0.516 0.458
337 337 (0) 4 : 0.006 0.005 0.488 0.501
338 338 (0) 4 : 0.009 0.016 0.722 0.253
339 339 (0) 4 : 0.004 0.056 0.579 0.361
340 340 (0) 4 : 0.016 0.008 0.705 0.271
341 341 (0) 4 : 0.023 0.012 0.465 0.501
342 342 (0) 4 : 0.009 0.039 0.537 0.415
343 343 (0) 4 : 0.233 0.007 0.098 0.662
344 344 (0) 4 : 0.005 0.009 0.587 0.399
345 345 (0) 4 : 0.014 0.004 0.545 0.437
346 346 (0) 4 : 0.047 0.017 0.499 0.437
347 347 (0) 4 : 0.011 0.045 0.370 0.574
348 348 (0) 4 : 0.010 0.008 0.469 0.512
349 349 (0) 4 : 0.070 0.008 0.272 0.650
350 350 (0) 4 : 0.007 0.009 0.346 0.638
351 351 (0) 4 : 0.006 0.032 0.367 0.595
352 352 (0) 4 : 0.010 0.039 0.301 0.650
353 353 (0) 4 : 0.028 0.006 0.482 0.483
354 354 (0) 4 : 0.010 0.012 0.455 0.523
355 355 (0) 4 : 0.016 0.007 0.568 0.409
356 356 (0) 4 : 0.006 0.015 0.465 0.513
357 357 (0) 4 : 0.005 0.073 0.556 0.366
358 358 (0) 4 : 0.009 0.056 0.337 0.598
359 359 (0) 4 : 0.037 0.102 0.311 0.550
360 360 (0) 4 : 0.009 0.284 0.179 0.528
361 361 (0) 4 : 0.009 0.008 0.588 0.396
362 362 (0) 4 : 0.003 0.015 0.565 0.417
363 363 (0) 4 : 0.006 0.013 0.388 0.594
364 364 (0) 4 : 0.015 0.039 0.737 0.209
365 365 (0) 4 : 0.014 0.018 0.375 0.593
366 366 (0) 4 : 0.007 0.027 0.367 0.598
367 367 (0) 4 : 0.010 0.006 0.509 0.476
368 368 (0) 4 : 0.022 0.006 0.438 0.534
369 369 (0) 4 : 0.012 0.007 0.455 0.527
370 370 (0) 4 : 0.004 0.142 0.352 0.503
371 371 (0) 4 : 0.003 0.014 0.484 0.499
372 372 (0) 4 : 0.004 0.007 0.447 0.542
373 373 (0) 4 : 0.005 0.010 0.453 0.532
374 374 (0) 4 : 0.009 0.010 0.607 0.374
375 375 (0) 4 : 0.047 0.027 0.585 0.341
376 376 (0) 4 : 0.011 0.053 0.394 0.543
377 377 (0) 4 : 0.144 0.175 0.091 0.590
378 378 (0) 4 : 0.004 0.225 0.270 0.500
379 379 (0) 4 : 0.018 0.045 0.415 0.522
380 380 (0) 4 : 0.006 0.008 0.531 0.456
381 381 (0) 4 : 0.027 0.031 0.345 0.598
382 382 (0) 4 : 0.015 0.047 0.612 0.327
383 383 (0) 4 : 0.022 0.079 0.347 0.552
384 384 (0) 4 : 0.020 0.005 0.442 0.532
385 385 (0) 4 : 0.007 0.004 0.632 0.357
386 386 (0) 4 : 0.005 0.005 0.506 0.483
387 387 (0) 4 : 0.010 0.006 0.555 0.429
388 388 (0) 4 : 0.013 0.011 0.443 0.533
389 389 (0) 4 : 0.007 0.066 0.511 0.416
390 390 (0) 4 : 0.025 0.084 0.338 0.553
391 391 (0) 4 : 0.004 0.004 0.553 0.439
392 392 (0) 4 : 0.005 0.007 0.546 0.442
393 393 (0) 4 : 0.004 0.032 0.410 0.554
394 394 (0) 4 : 0.009 0.012 0.416 0.563
395 395 (0) 4 : 0.006 0.005 0.555 0.434
396 396 (0) 4 : 0.009 0.026 0.677 0.289
397 397 (0) 4 : 0.008 0.008 0.501 0.483
398 398 (0) 4 : 0.006 0.009 0.670 0.315
399 399 (0) 4 : 0.005 0.017 0.481 0.497
400 400 (0) 4 : 0.003 0.015 0.498 0.484
401 401 (0) 4 : 0.022 0.074 0.327 0.578
402 402 (0) 4 : 0.008 0.006 0.378 0.609
403 403 (0) 4 : 0.043 0.006 0.416 0.536
404 404 (0) 4 : 0.006 0.021 0.493 0.480
405 405 (0) 4 : 0.006 0.015 0.487 0.492
406 406 (0) 4 : 0.032 0.013 0.672 0.283
407 407 (0) 5 : 0.017 0.004 0.429 0.549
408 408 (0) 5 : 0.003 0.005 0.571 0.420
409 409 (0) 5 : 0.012 0.004 0.570 0.414
410 410 (0) 5 : 0.008 0.004 0.405 0.583
411 411 (0) 5 : 0.009 0.018 0.465 0.508
412 412 (0) 5 : 0.005 0.014 0.488 0.492
413 413 (0) 5 : 0.005 0.006 0.403 0.586
414 414 (0) 5 : 0.106 0.015 0.392 0.487
415 415 (0) 5 : 0.005 0.347 0.058 0.590
416 416 (0) 5 : 0.033 0.004 0.497 0.466
417 417 (0) 5 : 0.040 0.013 0.347 0.601
418 418 (0) 5 : 0.085 0.007 0.361 0.548
419 419 (0) 5 : 0.004 0.022 0.502 0.472
420 420 (0) 5 : 0.009 0.006 0.541 0.444
421 421 (0) 5 : 0.067 0.005 0.337 0.591
422 422 (0) 5 : 0.009 0.007 0.526 0.458
423 423 (0) 5 : 0.063 0.014 0.438 0.485
424 424 (0) 5 : 0.016 0.015 0.576 0.394
425 425 (0) 5 : 0.046 0.009 0.761 0.183
426 426 (0) 5 : 0.010 0.038 0.573 0.378
427 427 (0) 5 : 0.006 0.004 0.530 0.461
428 428 (0) 5 : 0.007 0.009 0.346 0.638
429 429 (0) 5 : 0.007 0.008 0.693 0.292
430 430 (0) 5 : 0.014 0.023 0.498 0.465
431 431 (0) 5 : 0.005 0.004 0.755 0.235
432 432 (0) 5 : 0.026 0.041 0.428 0.504
433 433 (0) 5 : 0.003 0.008 0.352 0.637
434 434 (0) 5 : 0.044 0.010 0.576 0.369
435 435 (0) 5 : 0.007 0.005 0.536 0.452
436 436 (0) 5 : 0.004 0.004 0.452 0.540
437 437 (0) 5 : 0.009 0.009 0.586 0.397
438 438 (0) 5 : 0.182 0.007 0.201 0.610
439 439 (0) 5 : 0.007 0.005 0.627 0.361
440 440 (0) 5 : 0.032 0.009 0.477 0.481
441 441 (0) 5 : 0.017 0.004 0.338 0.640
442 442 (0) 5 : 0.010 0.008 0.745 0.237
443 443 (0) 5 : 0.014 0.018 0.327 0.641
444 444 (0) 5 : 0.006 0.014 0.390 0.590
445 445 (0) 5 : 0.009 0.023 0.105 0.863
446 446 (0) 5 : 0.005 0.036 0.585 0.374
447 447 (0) 5 : 0.025 0.006 0.533 0.436
448 448 (0) 5 : 0.010 0.011 0.850 0.129
449 449 (0) 5 : 0.068 0.006 0.378 0.549
450 450 (0) 5 : 0.007 0.012 0.434 0.547
451 451 (0) 5 : 0.003 0.006 0.601 0.390
452 452 (0) 5 : 0.040 0.029 0.459 0.472
453 453 (0) 5 : 0.005 0.005 0.363 0.628
454 454 (0) 5 : 0.005 0.011 0.671 0.313
455 455 (0) 5 : 0.012 0.003 0.319 0.665
456 456 (0) 5 : 0.054 0.012 0.515 0.420
457 457 (0) 5 : 0.031 0.008 0.357 0.604
458 458 (0) 5 : 0.068 0.011 0.565 0.356
459 459 (0) 5 : 0.010 0.007 0.593 0.390
460 460 (0) 5 : 0.006 0.020 0.588 0.386
461 461 (0) 5 : 0.007 0.014 0.335 0.645
462 462 (0) 5 : 0.007 0.016 0.450 0.528
463 463 (0) 5 : 0.028 0.009 0.449 0.514
464 464 (0) 5 : 0.013 0.007 0.713 0.266
465 465 (0) 5 : 0.007 0.018 0.508 0.467
466 466 (0) 5 : 0.005 0.004 0.337 0.654
467 467 (0) 5 : 0.054 0.044 0.334 0.568
468 468 (0) 5 : 0.013 0.013 0.458 0.516
469 469 (0) 5 : 0.004 0.006 0.551 0.439
470 470 (0) 5 : 0.007 0.012 0.551 0.430
471 471 (0) 5 : 0.010 0.034 0.495 0.460
472 472 (0) 5 : 0.011 0.005 0.384 0.601
473 473 (0) 5 : 0.036 0.003 0.504 0.457
474 474 (0) 5 : 0.006 0.013 0.518 0.463
475 475 (0) 5 : 0.009 0.004 0.432 0.555
476 476 (0) 5 : 0.019 0.004 0.497 0.479
477 477 (0) 5 : 0.016 0.009 0.518 0.457
478 478 (0) 5 : 0.005 0.011 0.519 0.465
479 479 (0) 5 : 0.018 0.006 0.337 0.639
480 480 (0) 5 : 0.005 0.006 0.726 0.263
481 481 (0) 5 : 0.010 0.007 0.427 0.556
482 482 (0) 5 : 0.063 0.007 0.526 0.404
483 483 (0) 5 : 0.015 0.007 0.539 0.439
484 484 (0) 5 : 0.010 0.018 0.510 0.461
485 485 (0) 5 : 0.016 0.006 0.484 0.493
486 486 (0) 5 : 0.013 0.024 0.495 0.469
487 487 (0) 5 : 0.009 0.008 0.457 0.525
488 488 (0) 5 : 0.007 0.011 0.522 0.460
489 489 (0) 5 : 0.006 0.007 0.625 0.362
490 490 (0) 5 : 0.021 0.007 0.454 0.519
491 491 (0) 5 : 0.009 0.013 0.396 0.582
492 492 (0) 5 : 0.005 0.017 0.382 0.595
493 493 (0) 5 : 0.014 0.023 0.468 0.494
494 494 (0) 5 : 0.050 0.006 0.426 0.517
495 495 (0) 5 : 0.020 0.005 0.398 0.577
496 496 (0) 5 : 0.008 0.004 0.650 0.338
497 497 (0) 5 : 0.037 0.007 0.292 0.664
498 498 (0) 5 : 0.014 0.008 0.437 0.541
499 499 (0) 5 : 0.007 0.008 0.431 0.554
500 500 (0) 5 : 0.013 0.007 0.253 0.727
501 501 (0) 5 : 0.017 0.003 0.407 0.574
502 502 (0) 5 : 0.009 0.006 0.456 0.529
503 503 (0) 5 : 0.012 0.003 0.531 0.454
504 504 (0) 5 : 0.277 0.015 0.215 0.494
505 505 (0) 5 : 0.032 0.004 0.473 0.491
506 506 (0) 5 : 0.010 0.145 0.282 0.562
507 507 (0) 6 : 0.004 0.510 0.009 0.477
508 508 (0) 6 : 0.024 0.357 0.024 0.595
509 509 (0) 6 : 0.006 0.579 0.012 0.403
510 510 (0) 6 : 0.007 0.393 0.007 0.593
511 511 (0) 6 : 0.005 0.503 0.008 0.484
512 512 (0) 6 : 0.006 0.430 0.013 0.552
513 513 (0) 6 : 0.004 0.473 0.013 0.510
514 514 (0) 6 : 0.004 0.462 0.005 0.530
515 515 (0) 6 : 0.003 0.484 0.004 0.509
516 516 (0) 6 : 0.005 0.522 0.005 0.468
517 517 (0) 6 : 0.006 0.319 0.013 0.662
518 518 (0) 6 : 0.011 0.447 0.021 0.521
519 519 (0) 6 : 0.006 0.558 0.009 0.427
520 520 (0) 6 : 0.014 0.344 0.009 0.633
521 521 (0) 6 : 0.035 0.548 0.013 0.403
522 522 (0) 6 : 0.018 0.541 0.011 0.431
523 523 (0) 6 : 0.008 0.657 0.006 0.329
524 524 (0) 6 : 0.016 0.383 0.007 0.594
525 525 (0) 6 : 0.057 0.253 0.040 0.651
526 526 (0) 6 : 0.003 0.415 0.005 0.577
527 527 (0) 6 : 0.012 0.483 0.020 0.484
528 528 (0) 6 : 0.018 0.383 0.015 0.584
529 529 (0) 6 : 0.034 0.752 0.026 0.189
530 530 (0) 6 : 0.006 0.470 0.010 0.513
531 531 (0) 6 : 0.059 0.480 0.015 0.446
532 532 (0) 6 : 0.011 0.468 0.017 0.504
533 533 (0) 6 : 0.016 0.431 0.008 0.545
534 534 (0) 6 : 0.009 0.430 0.010 0.552
535 535 (0) 6 : 0.006 0.517 0.005 0.472
536 536 (0) 6 : 0.025 0.401 0.075 0.499
537 537 (0) 6 : 0.006 0.433 0.006 0.555
538 538 (0) 6 : 0.008 0.435 0.007 0.551
539 539 (0) 6 : 0.004 0.608 0.004 0.384
540 540 (0) 6 : 0.004 0.660 0.005 0.331
541 541 (0) 6 : 0.006 0.537 0.005 0.452
542 542 (0) 6 : 0.005 0.446 0.007 0.542
543 543 (0) 6 : 0.011 0.598 0.007 0.385
544 544 (0) 6 : 0.007 0.630 0.014 0.349
545 545 (0) 6 : 0.009 0.365 0.006 0.620
546 546 (0) 6 : 0.004 0.613 0.008 0.375
547 547 (0) 6 : 0.005 0.545 0.007 0.442
548 548 (0) 6 : 0.037 0.702 0.017 0.244
549 549 (0) 6 : 0.017 0.317 0.076 0.590
550 550 (0) 6 : 0.004 0.487 0.009 0.499
551 551 (0) 6 : 0.004 0.523 0.009 0.464
552 552 (0) 6 : 0.004 0.489 0.006 0.501
553 553 (0) 6 : 0.007 0.411 0.009 0.573
554 554 (0) 6 : 0.010 0.477 0.016 0.497
555 555 (0) 6 : 0.004 0.356 0.010 0.629
556 556 (0) 6 : 0.003 0.420 0.007 0.570
557 557 (0) 6 : 0.004 0.576 0.007 0.412
558 558 (0) 6 : 0.005 0.431 0.005 0.559
559 559 (0) 6 : 0.005 0.491 0.006 0.499
560 560 (0) 6 : 0.008 0.431 0.007 0.554
561 561 (0) 6 : 0.007 0.387 0.026 0.580
562 562 (0) 6 : 0.038 0.427 0.171 0.364
563 563 (0) 6 : 0.003 0.375 0.009 0.613
564 564 (0) 6 : 0.008 0.577 0.018 0.396
565 565 (0) 6 : 0.074 0.403 0.014 0.510
566 566 (0) 6 : 0.004 0.481 0.007 0.508
567 567 (0) 6 : 0.005 0.522 0.006 0.466
568 568 (0) 6 : 0.004 0.488 0.007 0.501
569 569 (0) 6 : 0.005 0.526 0.008 0.461
570 570 (0) 6 : 0.007 0.531 0.026 0.436
571 571 (0) 6 : 0.059 0.583 0.031 0.328
572 572 (0) 6 : 0.183 0.251 0.042 0.524
573 573 (0) 6 : 0.003 0.468 0.008 0.520
574 574 (0) 6 : 0.005 0.512 0.097 0.385
575 575 (0) 6 : 0.004 0.341 0.006 0.650
576 576 (0) 6 : 0.006 0.498 0.006 0.491
577 577 (0) 6 : 0.015 0.516 0.005 0.464
578 578 (0) 6 : 0.014 0.397 0.008 0.581
579 579 (0) 6 : 0.011 0.505 0.011 0.473
580 580 (0) 6 : 0.005 0.502 0.006 0.488
581 581 (0) 6 : 0.008 0.559 0.008 0.424
582 582 (0) 6 : 0.003 0.476 0.005 0.516
583 583 (0) 6 : 0.004 0.484 0.005 0.507
584 584 (0) 6 : 0.008 0.472 0.009 0.511
585 585 (0) 6 : 0.010 0.406 0.015 0.569
586 586 (0) 6 : 0.007 0.485 0.017 0.491
587 587 (0) 6 : 0.005 0.393 0.010 0.593
588 588 (0) 6 : 0.006 0.569 0.017 0.409
589 589 (0) 6 : 0.009 0.490 0.023 0.478
590 590 (0) 6 : 0.017 0.527 0.009 0.447
591 591 (0) 6 : 0.004 0.581 0.007 0.408
592 592 (0) 6 : 0.005 0.528 0.005 0.462
593 593 (0) 6 : 0.009 0.511 0.008 0.472
594 594 (0) 6 : 0.005 0.509 0.006 0.479
595 595 (0) 6 : 0.030 0.546 0.027 0.397
596 596 (0) 6 : 0.015 0.510 0.024 0.450
597 597 (0) 6 : 0.035 0.512 0.010 0.443
598 598 (0) 6 : 0.008 0.234 0.016 0.743
599 599 (0) 6 : 0.022 0.545 0.010 0.423
600 600 (0) 6 : 0.008 0.513 0.007 0.472
601 601 (0) 6 : 0.005 0.617 0.014 0.364
602 602 (0) 6 : 0.009 0.511 0.006 0.473
603 603 (0) 6 : 0.003 0.508 0.005 0.484
604 604 (0) 6 : 0.005 0.485 0.005 0.505
605 605 (0) 6 : 0.006 0.593 0.008 0.393
606 606 (0) 6 : 0.004 0.470 0.009 0.518
607 607 (0) 7 : 0.518 0.007 0.009 0.465
608 608 (0) 7 : 0.424 0.007 0.008 0.561
609 609 (0) 7 : 0.523 0.004 0.009 0.464
610 610 (0) 7 : 0.501 0.013 0.010 0.476
611 611 (0) 7 : 0.390 0.010 0.005 0.594
612 612 (0) 7 : 0.452 0.005 0.006 0.537
613 613 (0) 7 : 0.458 0.004 0.007 0.532
614 614 (0) 7 : 0.587 0.005 0.005 0.403
615 615 (0) 7 : 0.495 0.003 0.008 0.494
616 616 (0) 7 : 0.617 0.006 0.005 0.372
617 617 (0) 7 : 0.389 0.005 0.009 0.598
618 618 (0) 7 : 0.445 0.006 0.056 0.493
619 619 (0) 7 : 0.489 0.004 0.004 0.503
620 620 (0) 7 : 0.410 0.012 0.013 0.565
621 621 (0) 7 : 0.522 0.004 0.009 0.464
622 622 (0) 7 : 0.554 0.016 0.006 0.424
623 623 (0) 7 : 0.464 0.003 0.007 0.526
624 624 (0) 7 : 0.529 0.005 0.012 0.454
625 625 (0) 7 : 0.463 0.010 0.007 0.519
626 626 (0) 7 : 0.647 0.006 0.015 0.333
627 627 (0) 7 : 0.510 0.003 0.003 0.483
628 628 (0) 7 : 0.404 0.008 0.011 0.578
629 629 (0) 7 : 0.450 0.003 0.004 0.543
630 630 (0) 7 : 0.520 0.009 0.095 0.376
631 631 (0) 7 : 0.489 0.009 0.012 0.490
632 632 (0) 7 : 0.551 0.006 0.004 0.439
633 633 (0) 7 : 0.472 0.003 0.006 0.518
634 634 (0) 7 : 0.457 0.004 0.017 0.523
635 635 (0) 7 : 0.525 0.007 0.020 0.448
636 636 (0) 7 : 0.395 0.007 0.007 0.591
637 637 (0) 7 : 0.677 0.004 0.006 0.313
638 638 (0) 7 : 0.456 0.005 0.008 0.530
639 639 (0) 7 : 0.495 0.017 0.011 0.476
640 640 (0) 7 : 0.437 0.006 0.031 0.525
641 641 (0) 7 : 0.649 0.004 0.006 0.341
642 642 (0) 7 : 0.513 0.008 0.008 0.471
643 643 (0) 7 : 0.477 0.016 0.007 0.500
644 644 (0) 7 : 0.602 0.007 0.025 0.366
645 645 (0) 7 : 0.483 0.037 0.013 0.467
646 646 (0) 7 : 0.570 0.005 0.005 0.420
647 647 (0) 7 : 0.549 0.010 0.007 0.434
648 648 (0) 7 : 0.426 0.010 0.015 0.549
649 649 (0) 7 : 0.344 0.037 0.012 0.607
650 650 (0) 7 : 0.460 0.003 0.014 0.522
651 651 (0) 7 : 0.523 0.003 0.005 0.470
652 652 (0) 7 : 0.496 0.005 0.011 0.488
653 653 (0) 7 : 0.450 0.003 0.009 0.538
654 654 (0) 7 : 0.452 0.004 0.007 0.537
655 655 (0) 7 : 0.411 0.021 0.008 0.560
656 656 (0) 7 : 0.447 0.010 0.012 0.531
657 657 (0) 7 : 0.447 0.007 0.006 0.540
658 658 (0) 7 : 0.519 0.016 0.010 0.456
659 659 (0) 7 : 0.522 0.004 0.004 0.471
660 660 (0) 7 : 0.441 0.003 0.006 0.550
661 661 (0) 7 : 0.524 0.023 0.014 0.438
662 662 (0) 7 : 0.405 0.016 0.009 0.571
663 663 (0) 7 : 0.445 0.031 0.017 0.507
664 664 (0) 7 : 0.314 0.005 0.003 0.677
665 665 (0) 7 : 0.422 0.015 0.022 0.541
666 666 (0) 7 : 0.545 0.015 0.013 0.427
667 667 (0) 7 : 0.398 0.004 0.008 0.590
668 668 (0) 7 : 0.488 0.005 0.008 0.498
669 669 (0) 7 : 0.452 0.005 0.007 0.536
670 670 (0) 7 : 0.332 0.007 0.008 0.653
671 671 (0) 7 : 0.490 0.004 0.009 0.497
672 672 (0) 7 : 0.774 0.008 0.006 0.211
673 673 (0) 7 : 0.496 0.008 0.015 0.482
674 674 (0) 7 : 0.688 0.006 0.008 0.298
675 675 (0) 7 : 0.583 0.008 0.011 0.399
676 676 (0) 7 : 0.593 0.003 0.007 0.397
677 677 (0) 7 : 0.410 0.009 0.010 0.570
678 678 (0) 7 : 0.405 0.005 0.052 0.538
679 679 (0) 7 : 0.527 0.003 0.006 0.464
680 680 (0) 7 : 0.433 0.013 0.019 0.535
681 681 (0) 7 : 0.646 0.006 0.007 0.342
682 682 (0) 7 : 0.626 0.005 0.007 0.363
683 683 (0) 7 : 0.418 0.007 0.056 0.519
684 684 (0) 7 : 0.556 0.005 0.004 0.435
685 685 (0) 7 : 0.528 0.005 0.008 0.459
686 686 (0) 7 : 0.303 0.021 0.011 0.665
687 687 (0) 7 : 0.357 0.013 0.006 0.624
688 688 (0) 7 : 0.411 0.011 0.008 0.571
689 689 (0) 7 : 0.539 0.004 0.004 0.453
690 690 (0) 7 : 0.408 0.015 0.014 0.563
691 691 (0) 7 : 0.386 0.004 0.011 0.599
692 692 (0) 7 : 0.452 0.004 0.009 0.535
693 693 (0) 7 : 0.591 0.005 0.007 0.398
694 694 (0) 7 : 0.609 0.006 0.006 0.378
695 695 (0) 7 : 0.508 0.011 0.010 0.471
696 696 (0) 7 : 0.496 0.045 0.007 0.452
697 697 (0) 7 : 0.513 0.004 0.016 0.468
698 698 (0) 7 : 0.482 0.006 0.026 0.486
699 699 (0) 7 : 0.442 0.005 0.008 0.545
700 700 (0) 7 : 0.531 0.007 0.041 0.420
701 701 (0) 7 : 0.455 0.014 0.007 0.524
702 702 (0) 7 : 0.427 0.004 0.005 0.564
703 703 (0) 7 : 0.420 0.024 0.011 0.544
704 704 (0) 7 : 0.663 0.010 0.007 0.320
705 705 (0) 7 : 0.447 0.015 0.017 0.522
706 706 (0) 7 : 0.372 0.005 0.005 0.618
707 707 (0) 8 : 0.005 0.007 0.530 0.457
708 708 (0) 8 : 0.004 0.005 0.590 0.401
709 709 (0) 8 : 0.014 0.019 0.580 0.386
710 710 (0) 8 : 0.014 0.006 0.444 0.536
711 711 (0) 8 : 0.015 0.010 0.651 0.323
712 712 (0) 8 : 0.018 0.007 0.538 0.438
713 713 (0) 8 : 0.067 0.005 0.594 0.335
714 714 (0) 8 : 0.054 0.005 0.602 0.339
715 715 (0) 8 : 0.043 0.024 0.463 0.470
716 716 (0) 8 : 0.058 0.012 0.181 0.750
717 717 (0) 8 : 0.008 0.010 0.324 0.658
718 718 (0) 8 : 0.031 0.005 0.718 0.245
719 719 (0) 8 : 0.010 0.006 0.557 0.428
720 720 (0) 8 : 0.144 0.009 0.328 0.519
721 721 (0) 8 : 0.007 0.010 0.578 0.405
722 722 (0) 8 : 0.102 0.013 0.386 0.500
723 723 (0) 8 : 0.108 0.006 0.397 0.489
724 724 (0) 8 : 0.008 0.004 0.465 0.524
725 725 (0) 8 : 0.008 0.009 0.838 0.144
726 726 (0) 8 : 0.018 0.024 0.471 0.487
727 727 (0) 8 : 0.018 0.005 0.599 0.379
728 728 (0) 8 : 0.105 0.005 0.409 0.480
729 729 (0) 8 : 0.012 0.006 0.502 0.479
730 730 (0) 8 : 0.009 0.005 0.511 0.475
731 731 (0) 8 : 0.011 0.012 0.488 0.489
732 732 (0) 8 : 0.005 0.011 0.845 0.139
733 733 (0) 8 : 0.008 0.006 0.717 0.268
734 734 (0) 8 : 0.006 0.009 0.781 0.205
735 735 (0) 8 : 0.008 0.068 0.610 0.314
736 736 (0) 8 : 0.090 0.016 0.494 0.400
737 737 (0) 8 : 0.021 0.011 0.471 0.497
738 738 (0) 8 : 0.062 0.004 0.359 0.575
739 739 (0) 8 : 0.010 0.004 0.534 0.453
740 740 (0) 8 : 0.005 0.011 0.562 0.422
741 741 (0) 8 : 0.021 0.036 0.718 0.225
742 742 (0) 8 : 0.032 0.004 0.487 0.478
743 743 (0) 8 : 0.008 0.004 0.505 0.483
744 744 (0) 8 : 0.010 0.007 0.425 0.558
745 745 (0) 8 : 0.006 0.018 0.440 0.536
746 746 (0) 8 : 0.048 0.009 0.381 0.562
747 747 (0) 8 : 0.020 0.005 0.573 0.402
748 748 (0) 8 : 0.006 0.007 0.562 0.426
749 749 (0) 8 : 0.018 0.004 0.593 0.384
750 750 (0) 8 : 0.020 0.005 0.489 0.487
751 751 (0) 8 : 0.008 0.022 0.393 0.577
752 752 (0) 8 : 0.200 0.013 0.262 0.524
753 753 (0) 8 : 0.017 0.004 0.561 0.418
754 754 (0) 8 : 0.012 0.012 0.655 0.321
755 755 (0) 8 : 0.008 0.018 0.509 0.465
756 756 (0) 8 : 0.046 0.016 0.377 0.561
757 757 (0) 8 : 0.092 0.004 0.445 0.459
758 758 (0) 8 : 0.011 0.007 0.347 0.635
759 759 (0) 8 : 0.011 0.007 0.574 0.408
760 760 (0) 8 : 0.013 0.099 0.403 0.485
761 761 (0) 8 : 0.008 0.004 0.700 0.287
762 762 (0) 8 : 0.008 0.004 0.690 0.298
763 763 (0) 8 : 0.014 0.009 0.616 0.360
764 764 (0) 8 : 0.005 0.005 0.605 0.385
765 765 (0) 8 : 0.011 0.010 0.631 0.348
766 766 (0) 8 : 0.011 0.019 0.403 0.567
767 767 (0) 8 : 0.011 0.008 0.301 0.680
768 768 (0) 8 : 0.013 0.129 0.388 0.470
769 769 (0) 8 : 0.050 0.028 0.324 0.597
770 770 (0) 8 : 0.069 0.011 0.354 0.566
771 771 (0) 8 : 0.009 0.005 0.684 0.303
772 772 (0) 8 : 0.010 0.005 0.421 0.563
773 773 (0) 8 : 0.008 0.003 0.438 0.551
774 774 (0) 8 : 0.009 0.064 0.541 0.386
775 775 (0) 8 : 0.196 0.007 0.235 0.563
776 776 (0) 8 : 0.011 0.004 0.877 0.108
777 777 (0) 8 : 0.011 0.010 0.364 0.615
778 778 (0) 8 : 0.012 0.016 0.248 0.724
779 779 (0) 8 : 0.009 0.010 0.645 0.335
780 780 (0) 8 : 0.103 0.006 0.371 0.520
781 781 (0) 8 : 0.020 0.004 0.523 0.453
782 782 (0) 8 : 0.013 0.004 0.607 0.377
783 783 (0) 8 : 0.020 0.008 0.552 0.421
784 784 (0) 8 : 0.007 0.027 0.624 0.342
785 785 (0) 8 : 0.005 0.005 0.855 0.136
786 786 (0) 8 : 0.008 0.009 0.537 0.446
787 787 (0) 8 : 0.011 0.006 0.611 0.372
788 788 (0) 8 : 0.010 0.008 0.571 0.411
789 789 (0) 8 : 0.007 0.005 0.638 0.351
790 790 (0) 8 : 0.017 0.254 0.040 0.690
791 791 (0) 8 : 0.009 0.008 0.429 0.553
792 792 (0) 8 : 0.011 0.007 0.503 0.478
793 793 (0) 8 : 0.159 0.011 0.234 0.596
794 794 (0) 8 : 0.013 0.006 0.447 0.535
795 795 (0) 8 : 0.024 0.005 0.492 0.479
796 796 (0) 8 : 0.004 0.007 0.494 0.496
797 797 (0) 8 : 0.091 0.040 0.254 0.616
798 798 (0) 8 : 0.137 0.020 0.172 0.672
799 799 (0) 8 : 0.011 0.069 0.481 0.439
800 800 (0) 8 : 0.014 0.024 0.695 0.268
801 801 (0) 8 : 0.013 0.029 0.457 0.501
802 802 (0) 8 : 0.066 0.008 0.479 0.448
803 803 (0) 8 : 0.013 0.007 0.387 0.593
804 804 (0) 8 : 0.014 0.023 0.404 0.560
805 805 (0) 8 : 0.006 0.023 0.470 0.500
806 806 (0) 8 : 0.014 0.007 0.465 0.514
807 807 (0) 9 : 0.017 0.009 0.959 0.015
808 808 (0) 9 : 0.008 0.006 0.959 0.027
809 809 (0) 10 : 0.005 0.028 0.795 0.173
810 810 (0) 10 : 0.004 0.005 0.933 0.058
811 811 (0) 10 : 0.056 0.090 0.760 0.094
812 812 (0) 10 : 0.010 0.012 0.841 0.137
813 813 (0) 10 : 0.011 0.012 0.958 0.019
814 814 (0) 10 : 0.018 0.004 0.913 0.065
815 815 (0) 10 : 0.004 0.019 0.715 0.261
816 816 (0) 10 : 0.011 0.059 0.674 0.255
817 817 (0) 10 : 0.010 0.137 0.628 0.224
818 818 (0) 10 : 0.017 0.007 0.508 0.468
819 819 (0) 10 : 0.026 0.010 0.587 0.378
820 820 (0) 10 : 0.003 0.018 0.768 0.211
821 821 (0) 10 : 0.016 0.046 0.632 0.306
822 822 (0) 10 : 0.017 0.126 0.521 0.336
823 823 (0) 10 : 0.004 0.079 0.896 0.021
824 824 (0) 10 : 0.007 0.128 0.790 0.075
825 825 (0) 10 : 0.012 0.153 0.772 0.062
826 826 (0) 10 : 0.005 0.036 0.786 0.174
827 827 (0) 10 : 0.035 0.032 0.700 0.232
828 828 (0) 10 : 0.007 0.013 0.822 0.158
829 829 (0) 10 : 0.034 0.043 0.717 0.206
830 830 (0) 10 : 0.018 0.082 0.654 0.247
831 831 (0) 10 : 0.018 0.004 0.936 0.042
832 832 (0) 10 : 0.005 0.016 0.964 0.015
833 833 (0) 10 : 0.032 0.009 0.936 0.023
834 834 (0) 10 : 0.046 0.025 0.917 0.012
835 835 (0) 10 : 0.004 0.010 0.967 0.019
836 836 (0) 10 : 0.004 0.021 0.568 0.406
837 837 (0) 10 : 0.004 0.007 0.934 0.055
838 838 (0) 10 : 0.004 0.025 0.935 0.036
839 839 (0) 10 : 0.007 0.037 0.497 0.460
840 840 (0) 10 : 0.014 0.007 0.730 0.249
841 841 (0) 10 : 0.006 0.029 0.710 0.255
842 842 (0) 10 : 0.034 0.006 0.872 0.087
843 843 (0) 10 : 0.024 0.007 0.735 0.234
844 844 (0) 10 : 0.018 0.010 0.798 0.173
845 845 (0) 10 : 0.054 0.019 0.899 0.029
846 846 (0) 10 : 0.004 0.089 0.696 0.211
847 847 (0) 10 : 0.013 0.011 0.952 0.024
848 848 (0) 10 : 0.006 0.011 0.727 0.255
849 849 (0) 10 : 0.006 0.109 0.523 0.363
850 850 (0) 10 : 0.143 0.068 0.615 0.174
851 851 (0) 10 : 0.008 0.246 0.682 0.064
852 852 (0) 10 : 0.009 0.027 0.742 0.222
853 853 (0) 10 : 0.023 0.019 0.900 0.058
854 854 (0) 10 : 0.011 0.006 0.595 0.388
855 855 (0) 10 : 0.010 0.109 0.626 0.255
856 856 (0) 10 : 0.013 0.013 0.801 0.173
857 857 (0) 10 : 0.008 0.042 0.941 0.010
858 858 (0) 10 : 0.004 0.074 0.854 0.068
859 859 (0) 10 : 0.007 0.014 0.871 0.108
860 860 (0) 10 : 0.011 0.038 0.709 0.242
861 861 (0) 10 : 0.006 0.029 0.750 0.215
862 862 (0) 10 : 0.004 0.006 0.964 0.026
863 863 (0) 10 : 0.009 0.019 0.618 0.355
864 864 (0) 10 : 0.045 0.043 0.618 0.294
865 865 (0) 10 : 0.004 0.060 0.613 0.323
866 866 (0) 10 : 0.003 0.008 0.292 0.696
867 867 (0) 10 : 0.014 0.023 0.744 0.219
868 868 (0) 10 : 0.003 0.062 0.927 0.007
869 869 (0) 10 : 0.041 0.031 0.874 0.053
870 870 (0) 10 : 0.007 0.026 0.901 0.067
871 871 (0) 10 : 0.015 0.008 0.469 0.508
872 872 (0) 10 : 0.017 0.048 0.773 0.162
873 873 (0) 10 : 0.011 0.084 0.892 0.012
874 874 (0) 10 : 0.006 0.014 0.870 0.110
875 875 (0) 10 : 0.004 0.030 0.817 0.150
876 876 (0) 10 : 0.006 0.008 0.687 0.299
877 877 (0) 10 : 0.004 0.016 0.647 0.332
878 878 (0) 10 : 0.004 0.021 0.617 0.358
879 879 (0) 10 : 0.009 0.008 0.964 0.018
880 880 (0) 10 : 0.011 0.124 0.634 0.231
881 881 (0) 10 : 0.013 0.011 0.722 0.255
882 882 (0) 10 : 0.007 0.017 0.712 0.264
883 883 (0) 10 : 0.004 0.068 0.719 0.208
884 884 (0) 10 : 0.004 0.028 0.584 0.384
885 885 (0) 10 : 0.005 0.028 0.688 0.280
886 886 (0) 10 : 0.039 0.006 0.892 0.063
887 887 (0) 10 : 0.004 0.009 0.615 0.371
888 888 (0) 10 : 0.008 0.030 0.883 0.079
889 889 (0) 10 : 0.012 0.211 0.738 0.039
890 890 (0) 10 : 0.007 0.010 0.647 0.336
891 891 (0) 10 : 0.005 0.006 0.878 0.111
892 892 (0) 10 : 0.008 0.018 0.734 0.239
893 893 (0) 10 : 0.003 0.005 0.785 0.207
894 894 (0) 10 : 0.006 0.004 0.623 0.368
895 895 (0) 10 : 0.004 0.007 0.682 0.307
896 896 (0) 10 : 0.008 0.005 0.743 0.243
897 897 (0) 10 : 0.019 0.136 0.829 0.016
898 898 (0) 10 : 0.013 0.054 0.653 0.281
899 899 (0) 10 : 0.006 0.011 0.761 0.222
900 900 (0) 10 : 0.016 0.015 0.918 0.051
901 901 (0) 10 : 0.008 0.024 0.957 0.010
902 902 (0) 10 : 0.006 0.006 0.722 0.266
903 903 (0) 10 : 0.006 0.047 0.571 0.376
904 904 (0) 10 : 0.014 0.117 0.678 0.191
905 905 (0) 10 : 0.005 0.007 0.624 0.364
906 906 (0) 10 : 0.006 0.016 0.644 0.334
907 907 (0) 10 : 0.007 0.023 0.896 0.074
908 908 (0) 10 : 0.007 0.006 0.929 0.058
909 909 (0) 11 : 0.019 0.011 0.894 0.075
910 910 (0) 11 : 0.015 0.007 0.908 0.070
911 911 (0) 11 : 0.011 0.021 0.870 0.098
912 912 (0) 11 : 0.016 0.004 0.663 0.318
913 913 (0) 11 : 0.017 0.009 0.919 0.055
914 914 (0) 11 : 0.004 0.006 0.529 0.462
915 915 (0) 11 : 0.033 0.006 0.907 0.055
916 916 (0) 11 : 0.013 0.009 0.954 0.024
917 917 (0) 11 : 0.005 0.013 0.950 0.032
918 918 (0) 11 : 0.011 0.008 0.888 0.092
919 919 (0) 11 : 0.045 0.008 0.825 0.122
920 920 (0) 11 : 0.019 0.012 0.821 0.148
921 921 (0) 11 : 0.004 0.008 0.669 0.320
922 922 (0) 11 : 0.026 0.010 0.708 0.256
923 923 (0) 11 : 0.102 0.008 0.678 0.211
924 924 (0) 11 : 0.011 0.013 0.816 0.160
925 925 (0) 11 : 0.010 0.040 0.784 0.166
926 926 (0) 11 : 0.014 0.007 0.662 0.317
927 927 (0) 11 : 0.006 0.006 0.802 0.186
928 928 (0) 11 : 0.034 0.017 0.868 0.080
929 929 (0) 11 : 0.005 0.010 0.724 0.262
930 930 (0) 11 : 0.031 0.004 0.950 0.015
931 931 (0) 11 : 0.004 0.007 0.863 0.126
932 932 (0) 11 : 0.005 0.007 0.982 0.007
933 933 (0) 11 : 0.006 0.023 0.835 0.136
934 934 (0) 11 : 0.032 0.006 0.950 0.013
935 935 (0) 11 : 0.005 0.004 0.634 0.358
936 936 (0) 11 : 0.006 0.009 0.694 0.291
937 937 (0) 11 : 0.008 0.004 0.973 0.015
938 938 (0) 11 : 0.006 0.012 0.914 0.068
939 939 (0) 11 : 0.089 0.084 0.487 0.341
940 940 (0) 11 : 0.044 0.013 0.661 0.283
941 941 (0) 11 : 0.004 0.004 0.912 0.079
942 942 (0) 11 : 0.011 0.012 0.592 0.384
943 943 (0) 11 : 0.027 0.007 0.590 0.376
944 944 (0) 11 : 0.013 0.057 0.794 0.137
945 945 (0) 11 : 0.025 0.020 0.508 0.447
946 946 (0) 11 : 0.035 0.070 0.252 0.643
947 947 (0) 11 : 0.004 0.013 0.843 0.139
948 948 (0) 11 : 0.005 0.007 0.523 0.465
949 949 (0) 11 : 0.039 0.016 0.595 0.350
950 950 (0) 11 : 0.027 0.044 0.741 0.189
951 951 (0) 11 : 0.078 0.012 0.875 0.036
952 952 (0) 11 : 0.195 0.004 0.711 0.090
953 953 (0) 11 : 0.156 0.008 0.756 0.080
954 954 (0) 11 : 0.006 0.004 0.749 0.242
955 955 (0) 11 : 0.008 0.009 0.542 0.441
956 956 (0) 11 : 0.010 0.008 0.778 0.204
957 957 (0) 11 : 0.005 0.005 0.750 0.241
958 958 (0) 11 : 0.205 0.005 0.523 0.267
959 959 (0) 11 : 0.012 0.006 0.938 0.044
960 960 (0) 11 : 0.008 0.016 0.789 0.187
961 961 (0) 11 : 0.012 0.004 0.878 0.106
962 962 (0) 11 : 0.004 0.016 0.971 0.010
963 963 (0) 11 : 0.014 0.009 0.727 0.250
964 964 (0) 11 : 0.022 0.015 0.874 0.090
965 965 (0) 11 : 0.006 0.005 0.746 0.243
966 966 (0) 11 : 0.010 0.006 0.731 0.254
967 967 (0) 11 : 0.080 0.004 0.766 0.149
968 968 (0) 11 : 0.019 0.005 0.961 0.016
969 969 (0) 11 : 0.008 0.005 0.843 0.144
970 970 (0) 11 : 0.027 0.006 0.720 0.248
971 971 (0) 11 : 0.008 0.008 0.926 0.058
972 972 (0) 11 : 0.006 0.007 0.757 0.230
973 973 (0) 11 : 0.047 0.011 0.595 0.347
974 974 (0) 11 : 0.008 0.005 0.576 0.412
975 975 (0) 11 : 0.006 0.009 0.907 0.078
976 976 (0) 11 : 0.019 0.005 0.938 0.037
977 977 (0) 11 : 0.004 0.006 0.632 0.359
978 978 (0) 11 : 0.030 0.011 0.871 0.088
979 979 (0) 11 : 0.012 0.285 0.532 0.172
980 980 (0) 11 : 0.010 0.005 0.759 0.226
981 981 (0) 11 : 0.012 0.007 0.948 0.033
982 982 (0) 11 : 0.017 0.024 0.583 0.376
983 983 (0) 11 : 0.018 0.013 0.844 0.125
984 984 (0) 11 : 0.010 0.067 0.447 0.475
985 985 (0) 11 : 0.005 0.006 0.890 0.099
986 986 (0) 11 : 0.014 0.013 0.646 0.326
987 987 (0) 11 : 0.007 0.010 0.934 0.049
988 988 (0) 11 : 0.013 0.005 0.312 0.671
989 989 (0) 11 : 0.007 0.007 0.845 0.141
990 990 (0) 11 : 0.034 0.005 0.767 0.194
991 991 (0) 11 : 0.008 0.019 0.914 0.058
992 992 (0) 11 : 0.009 0.008 0.835 0.148
993 993 (0) 11 : 0.005 0.004 0.935 0.056
994 994 (0) 11 : 0.005 0.004 0.970 0.022
995 995 (0) 11 : 0.011 0.010 0.766 0.213
996 996 (0) 11 : 0.016 0.009 0.967 0.009
997 997 (0) 11 : 0.165 0.008 0.745 0.083
998 998 (0) 11 : 0.006 0.004 0.929 0.061
999 999 (0) 11 : 0.005 0.005 0.679 0.312
1000 1000 (0) 11 : 0.005 0.013 0.613 0.369
1001 1001 (0) 11 : 0.006 0.012 0.629 0.354
1002 1002 (0) 11 : 0.009 0.008 0.969 0.014
1003 1003 (0) 11 : 0.004 0.006 0.839 0.152
1004 1004 (0) 11 : 0.094 0.021 0.874 0.011
1005 1005 (0) 11 : 0.007 0.028 0.705 0.260
1006 1006 (0) 11 : 0.031 0.008 0.794 0.167
1007 1007 (0) 11 : 0.029 0.006 0.522 0.444
1008 1008 (0) 11 : 0.005 0.005 0.753 0.238
1009 1009 (0) 12 : 0.006 0.745 0.026 0.223
1010 1010 (0) 12 : 0.006 0.692 0.057 0.245
1011 1011 (0) 12 : 0.007 0.718 0.009 0.266
1012 1012 (0) 12 : 0.013 0.865 0.018 0.104
1013 1013 (0) 12 : 0.003 0.744 0.005 0.248
1014 1014 (0) 12 : 0.003 0.771 0.013 0.212
1015 1015 (0) 12 : 0.022 0.608 0.022 0.347
1016 1016 (0) 12 : 0.004 0.783 0.004 0.209
1017 1017 (0) 12 : 0.067 0.752 0.037 0.144
1018 1018 (0) 12 : 0.049 0.688 0.028 0.235
1019 1019 (0) 12 : 0.005 0.675 0.005 0.315
1020 1020 (0) 12 : 0.004 0.757 0.008 0.230
1021 1021 (0) 12 : 0.117 0.802 0.042 0.038
1022 1022 (0) 12 : 0.013 0.737 0.033 0.217
1023 1023 (0) 12 : 0.004 0.599 0.006 0.390
1024 1024 (0) 12 : 0.004 0.711 0.004 0.280
1025 1025 (0) 12 : 0.003 0.813 0.014 0.170
1026 1026 (0) 12 : 0.006 0.820 0.012 0.161
1027 1027 (0) 12 : 0.007 0.653 0.005 0.335
1028 1028 (0) 12 : 0.052 0.839 0.007 0.102
1029 1029 (0) 12 : 0.156 0.642 0.011 0.191
1030 1030 (0) 12 : 0.006 0.680 0.007 0.307
1031 1031 (0) 12 : 0.010 0.685 0.011 0.294
1032 1032 (0) 12 : 0.005 0.690 0.009 0.296
1033 1033 (0) 12 : 0.012 0.720 0.016 0.252
1034 1034 (0) 12 : 0.029 0.719 0.029 0.224
1035 1035 (0) 12 : 0.006 0.660 0.009 0.325
1036 1036 (0) 12 : 0.004 0.848 0.017 0.131
1037 1037 (0) 12 : 0.007 0.729 0.013 0.251
1038 1038 (0) 12 : 0.006 0.745 0.016 0.233
1039 1039 (0) 12 : 0.017 0.825 0.028 0.130
1040 1040 (0) 12 : 0.006 0.715 0.018 0.260
1041 1041 (0) 12 : 0.006 0.775 0.006 0.212
1042 1042 (0) 12 : 0.004 0.667 0.005 0.324
1043 1043 (0) 12 : 0.092 0.738 0.030 0.140
1044 1044 (0) 12 : 0.008 0.941 0.029 0.022
1045 1045 (0) 12 : 0.006 0.716 0.017 0.261
1046 1046 (0) 12 : 0.008 0.534 0.265 0.193
1047 1047 (0) 12 : 0.037 0.577 0.032 0.354
1048 1048 (0) 12 : 0.003 0.777 0.005 0.214
1049 1049 (0) 12 : 0.003 0.866 0.024 0.107
1050 1050 (0) 12 : 0.006 0.602 0.016 0.376
1051 1051 (0) 12 : 0.035 0.720 0.031 0.214
1052 1052 (0) 12 : 0.008 0.733 0.013 0.246
1053 1053 (0) 12 : 0.004 0.592 0.010 0.394
1054 1054 (0) 12 : 0.005 0.771 0.007 0.217
1055 1055 (0) 12 : 0.004 0.807 0.014 0.175
1056 1056 (0) 12 : 0.061 0.837 0.017 0.084
1057 1057 (0) 12 : 0.004 0.826 0.005 0.165
1058 1058 (0) 12 : 0.024 0.768 0.047 0.161
1059 1059 (0) 12 : 0.007 0.583 0.014 0.396
1060 1060 (0) 12 : 0.003 0.756 0.004 0.237
1061 1061 (0) 12 : 0.008 0.694 0.009 0.289
1062 1062 (0) 12 : 0.014 0.589 0.006 0.391
1063 1063 (0) 12 : 0.006 0.705 0.010 0.279
1064 1064 (0) 12 : 0.004 0.800 0.005 0.191
1065 1065 (0) 12 : 0.005 0.953 0.008 0.033
1066 1066 (0) 12 : 0.008 0.789 0.011 0.192
1067 1067 (0) 12 : 0.004 0.765 0.006 0.224
1068 1068 (0) 12 : 0.004 0.762 0.012 0.222
1069 1069 (0) 12 : 0.004 0.829 0.069 0.098
1070 1070 (0) 12 : 0.004 0.724 0.005 0.267
1071 1071 (0) 12 : 0.005 0.814 0.007 0.175
1072 1072 (0) 12 : 0.004 0.780 0.005 0.210
1073 1073 (0) 12 : 0.036 0.932 0.017 0.016
1074 1074 (0) 12 : 0.021 0.837 0.028 0.114
1075 1075 (0) 12 : 0.003 0.834 0.006 0.156
1076 1076 (0) 12 : 0.007 0.774 0.014 0.205
1077 1077 (0) 12 : 0.003 0.900 0.022 0.075
1078 1078 (0) 12 : 0.006 0.786 0.007 0.200
1079 1079 (0) 12 : 0.003 0.761 0.007 0.229
1080 1080 (0) 12 : 0.036 0.575 0.013 0.376
1081 1081 (0) 12 : 0.004 0.793 0.011 0.192
1082 1082 (0) 12 : 0.005 0.726 0.006 0.262
1083 1083 (0) 12 : 0.006 0.669 0.010 0.316
1084 1084 (0) 12 : 0.009 0.609 0.058 0.325
1085 1085 (0) 12 : 0.009 0.731 0.010 0.249
1086 1086 (0) 12 : 0.013 0.636 0.130 0.221
1087 1087 (0) 12 : 0.003 0.945 0.010 0.042
1088 1088 (0) 12 : 0.006 0.708 0.026 0.259
1089 1089 (0) 12 : 0.007 0.790 0.007 0.196
1090 1090 (0) 12 : 0.010 0.551 0.010 0.430
1091 1091 (0) 12 : 0.003 0.704 0.005 0.289
1092 1092 (0) 12 : 0.005 0.703 0.008 0.284
1093 1093 (0) 12 : 0.038 0.799 0.115 0.048
1094 1094 (0) 12 : 0.010 0.582 0.005 0.404
1095 1095 (0) 12 : 0.008 0.751 0.013 0.228
1096 1096 (0) 12 : 0.008 0.826 0.012 0.154
1097 1097 (0) 12 : 0.008 0.792 0.023 0.177
1098 1098 (0) 12 : 0.006 0.748 0.005 0.240
1099 1099 (0) 12 : 0.023 0.791 0.048 0.138
1100 1100 (0) 12 : 0.032 0.814 0.026 0.128
1101 1101 (0) 12 : 0.020 0.801 0.008 0.171
1102 1102 (0) 12 : 0.006 0.821 0.008 0.165
1103 1103 (0) 12 : 0.003 0.759 0.006 0.232
1104 1104 (0) 12 : 0.003 0.769 0.007 0.221
1105 1105 (0) 12 : 0.010 0.780 0.011 0.198
1106 1106 (0) 12 : 0.007 0.744 0.010 0.240
1107 1107 (0) 12 : 0.021 0.700 0.009 0.270
1108 1108 (0) 12 : 0.007 0.717 0.023 0.253
1109 1109 (0) 13 : 0.834 0.004 0.004 0.157
1110 1110 (0) 13 : 0.844 0.004 0.014 0.138
1111 1111 (0) 13 : 0.670 0.007 0.005 0.318
1112 1112 (0) 13 : 0.894 0.003 0.007 0.097
1113 1113 (0) 13 : 0.624 0.005 0.010 0.361
1114 1114 (0) 13 : 0.832 0.005 0.006 0.157
1115 1115 (0) 13 : 0.908 0.004 0.035 0.054
1116 1116 (0) 13 : 0.804 0.015 0.008 0.172
1117 1117 (0) 13 : 0.832 0.004 0.005 0.159
1118 1118 (0) 13 : 0.908 0.004 0.006 0.082
1119 1119 (0) 13 : 0.733 0.005 0.025 0.237
1120 1120 (0) 13 : 0.775 0.003 0.008 0.214
1121 1121 (0) 13 : 0.792 0.011 0.008 0.190
1122 1122 (0) 13 : 0.670 0.018 0.024 0.288
1123 1123 (0) 13 : 0.785 0.024 0.022 0.169
1124 1124 (0) 13 : 0.880 0.007 0.007 0.106
1125 1125 (0) 13 : 0.757 0.041 0.056 0.146
1126 1126 (0) 13 : 0.895 0.003 0.012 0.090
1127 1127 (0) 13 : 0.883 0.007 0.008 0.103
1128 1128 (0) 13 : 0.814 0.006 0.010 0.170
1129 1129 (0) 13 : 0.656 0.004 0.007 0.333
1130 1130 (0) 13 : 0.654 0.003 0.010 0.332
1131 1131 (0) 13 : 0.761 0.006 0.022 0.210
1132 1132 (0) 13 : 0.830 0.005 0.006 0.159
1133 1133 (0) 13 : 0.868 0.012 0.014 0.107
1134 1134 (0) 13 : 0.761 0.009 0.004 0.226
1135 1135 (0) 13 : 0.556 0.004 0.008 0.432
1136 1136 (0) 13 : 0.736 0.004 0.077 0.183
1137 1137 (0) 13 : 0.907 0.006 0.006 0.081
1138 1138 (0) 13 : 0.667 0.003 0.007 0.323
1139 1139 (0) 13 : 0.784 0.003 0.003 0.210
1140 1140 (0) 13 : 0.597 0.007 0.028 0.368
1141 1141 (0) 13 : 0.732 0.005 0.010 0.253
1142 1142 (0) 13 : 0.700 0.003 0.012 0.285
1143 1143 (0) 13 : 0.750 0.004 0.009 0.236
1144 1144 (0) 13 : 0.756 0.007 0.009 0.228
1145 1145 (0) 13 : 0.704 0.004 0.005 0.286
1146 1146 (0) 13 : 0.947 0.017 0.015 0.021
1147 1147 (0) 13 : 0.935 0.004 0.019 0.041
1148 1148 (0) 13 : 0.746 0.003 0.006 0.246
1149 1149 (0) 13 : 0.736 0.004 0.012 0.248
1150 1150 (0) 13 : 0.788 0.005 0.004 0.204
1151 1151 (0) 13 : 0.726 0.004 0.007 0.263
1152 1152 (0) 13 : 0.752 0.004 0.020 0.223
1153 1153 (0) 13 : 0.887 0.005 0.007 0.102
1154 1154 (0) 13 : 0.622 0.015 0.175 0.188
1155 1155 (0) 13 : 0.805 0.004 0.005 0.185
1156 1156 (0) 13 : 0.942 0.007 0.004 0.047
1157 1157 (0) 13 : 0.764 0.006 0.011 0.219
1158 1158 (0) 13 : 0.783 0.011 0.009 0.197
1159 1159 (0) 13 : 0.841 0.008 0.018 0.134
1160 1160 (0) 13 : 0.796 0.006 0.007 0.191
1161 1161 (0) 13 : 0.648 0.007 0.005 0.340
1162 1162 (0) 13 : 0.957 0.006 0.010 0.027
1163 1163 (0) 13 : 0.874 0.006 0.010 0.110
1164 1164 (0) 13 : 0.757 0.005 0.004 0.234
1165 1165 (0) 13 : 0.838 0.023 0.008 0.131
1166 1166 (0) 13 : 0.683 0.011 0.010 0.296
1167 1167 (0) 13 : 0.921 0.005 0.006 0.068
1168 1168 (0) 13 : 0.931 0.024 0.022 0.023
1169 1169 (0) 13 : 0.576 0.007 0.007 0.410
1170 1170 (0) 13 : 0.775 0.003 0.004 0.217
1171 1171 (0) 13 : 0.704 0.004 0.004 0.287
1172 1172 (0) 13 : 0.862 0.002 0.005 0.131
1173 1173 (0) 13 : 0.658 0.003 0.007 0.332
1174 1174 (0) 13 : 0.713 0.003 0.005 0.279
1175 1175 (0) 13 : 0.663 0.007 0.011 0.319
1176 1176 (0) 13 : 0.821 0.005 0.008 0.165
1177 1177 (0) 13 : 0.667 0.005 0.010 0.318
1178 1178 (0) 13 : 0.710 0.005 0.007 0.278
1179 1179 (0) 13 : 0.908 0.009 0.020 0.064
1180 1180 (0) 13 : 0.637 0.012 0.036 0.315
1181 1181 (0) 13 : 0.697 0.006 0.030 0.267
1182 1182 (0) 13 : 0.878 0.005 0.014 0.103
1183 1183 (0) 13 : 0.897 0.004 0.005 0.094
1184 1184 (0) 13 : 0.550 0.004 0.009 0.437
1185 1185 (0) 13 : 0.837 0.007 0.016 0.140
1186 1186 (0) 13 : 0.743 0.087 0.015 0.155
1187 1187 (0) 13 : 0.702 0.004 0.004 0.290
1188 1188 (0) 13 : 0.800 0.004 0.004 0.192
1189 1189 (0) 13 : 0.898 0.003 0.005 0.094
1190 1190 (0) 13 : 0.814 0.003 0.006 0.176
1191 1191 (0) 13 : 0.745 0.004 0.011 0.240
1192 1192 (0) 13 : 0.662 0.007 0.007 0.325
1193 1193 (0) 13 : 0.762 0.005 0.010 0.222
1194 1194 (0) 13 : 0.853 0.003 0.004 0.140
1195 1195 (0) 13 : 0.720 0.005 0.007 0.269
1196 1196 (0) 13 : 0.880 0.039 0.033 0.048
1197 1197 (0) 13 : 0.674 0.004 0.193 0.129
1198 1198 (0) 13 : 0.758 0.013 0.011 0.218
1199 1199 (0) 13 : 0.949 0.014 0.013 0.025
1200 1200 (0) 13 : 0.693 0.018 0.018 0.270
1201 1201 (0) 13 : 0.874 0.016 0.013 0.097
1202 1202 (0) 13 : 0.891 0.010 0.040 0.059
1203 1203 (0) 13 : 0.724 0.003 0.146 0.126
1204 1204 (0) 13 : 0.672 0.003 0.006 0.318
1205 1205 (0) 13 : 0.717 0.005 0.018 0.260
1206 1206 (0) 13 : 0.751 0.004 0.005 0.240
1207 1207 (0) 13 : 0.977 0.005 0.009 0.010
1208 1208 (0) 13 : 0.677 0.003 0.012 0.308
1209 1209 (0) 14 : 0.007 0.005 0.792 0.196
1210 1210 (0) 14 : 0.004 0.029 0.755 0.211
1211 1211 (0) 14 : 0.047 0.064 0.760 0.130
1212 1212 (0) 14 : 0.032 0.009 0.740 0.219
1213 1213 (0) 14 : 0.013 0.003 0.964 0.020
1214 1214 (0) 14 : 0.025 0.003 0.840 0.131
1215 1215 (0) 14 : 0.014 0.006 0.883 0.097
1216 1216 (0) 14 : 0.023 0.007 0.820 0.150
1217 1217 (0) 14 : 0.008 0.004 0.881 0.107
1218 1218 (0) 14 : 0.015 0.024 0.801 0.160
1219 1219 (0) 14 : 0.049 0.005 0.834 0.112
1220 1220 (0) 14 : 0.014 0.048 0.691 0.247
1221 1221 (0) 14 : 0.008 0.005 0.928 0.059
1222 1222 (0) 14 : 0.101 0.007 0.858 0.035
1223 1223 (0) 14 : 0.090 0.005 0.636 0.268
1224 1224 (0) 14 : 0.012 0.005 0.430 0.553
1225 1225 (0) 14 : 0.009 0.031 0.599 0.362
1226 1226 (0) 14 : 0.040 0.007 0.826 0.126
1227 1227 (0) 14 : 0.028 0.005 0.575 0.392
1228 1228 (0) 14 : 0.021 0.024 0.914 0.041
1229 1229 (0) 14 : 0.014 0.012 0.830 0.145
1230 1230 (0) 14 : 0.023 0.009 0.778 0.190
1231 1231 (0) 14 : 0.116 0.017 0.684 0.183
1232 1232 (0) 14 : 0.006 0.023 0.857 0.113
1233 1233 (0) 14 : 0.006 0.004 0.679 0.311
1234 1234 (0) 14 : 0.052 0.004 0.850 0.094
1235 1235 (0) 14 : 0.005 0.004 0.907 0.084
1236 1236 (0) 14 : 0.020 0.011 0.957 0.011
1237 1237 (0) 14 : 0.023 0.011 0.598 0.368
1238 1238 (0) 14 : 0.010 0.008 0.652 0.330
1239 1239 (0) 14 : 0.016 0.010 0.650 0.324
1240 1240 (0) 14 : 0.010 0.005 0.712 0.273
1241 1241 (0) 14 : 0.006 0.015 0.882 0.098
1242 1242 (0) 14 : 0.006 0.005 0.695 0.294
1243 1243 (0) 14 : 0.014 0.006 0.949 0.032
1244 1244 (0) 14 : 0.248 0.008 0.728 0.016
1245 1245 (0) 14 : 0.016 0.006 0.816 0.162
1246 1246 (0) 14 : 0.006 0.005 0.794 0.195
1247 1247 (0) 14 : 0.011 0.004 0.944 0.040
1248 1248 (0) 14 : 0.004 0.007 0.965 0.024
1249 1249 (0) 14 : 0.014 0.022 0.957 0.007
1250 1250 (0) 14 : 0.018 0.045 0.880 0.057
1251 1251 (0) 14 : 0.022 0.017 0.657 0.304
1252 1252 (0) 14 : 0.006 0.012 0.965 0.017
1253 1253 (0) 14 : 0.032 0.038 0.925 0.005
1254 1254 (0) 14 : 0.014 0.034 0.802 0.151
1255 1255 (0) 14 : 0.084 0.006 0.463 0.447
1256 1256 (0) 14 : 0.007 0.008 0.720 0.265
1257 1257 (0) 14 : 0.013 0.008 0.849 0.130
1258 1258 (0) 14 : 0.018 0.013 0.900 0.069
1259 1259 (0) 14 : 0.036 0.010 0.846 0.108
1260 1260 (0) 14 : 0.020 0.024 0.703 0.253
1261 1261 (0) 14 : 0.007 0.004 0.957 0.032
1262 1262 (0) 14 : 0.007 0.007 0.953 0.033
1263 1263 (0) 14 : 0.136 0.005 0.747 0.111
1264 1264 (0) 14 : 0.079 0.008 0.553 0.360
1265 1265 (0) 14 : 0.008 0.007 0.928 0.057
1266 1266 (0) 14 : 0.018 0.011 0.939 0.032
1267 1267 (0) 14 : 0.138 0.006 0.708 0.147
1268 1268 (0) 14 : 0.016 0.035 0.656 0.292
1269 1269 (0) 14 : 0.012 0.019 0.950 0.020
1270 1270 (0) 14 : 0.195 0.012 0.662 0.132
1271 1271 (0) 14 : 0.020 0.010 0.754 0.216
1272 1272 (0) 14 : 0.006 0.017 0.543 0.434
1273 1273 (0) 14 : 0.007 0.008 0.811 0.175
1274 1274 (0) 14 : 0.015 0.003 0.731 0.251
1275 1275 (0) 14 : 0.164 0.009 0.533 0.294
1276 1276 (0) 14 : 0.234 0.015 0.669 0.081
1277 1277 (0) 14 : 0.007 0.011 0.843 0.139
1278 1278 (0) 14 : 0.020 0.006 0.637 0.337
1279 1279 (0) 14 : 0.382 0.006 0.439 0.173
1280 1280 (0) 14 : 0.042 0.012 0.796 0.150
1281 1281 (0) 14 : 0.011 0.009 0.694 0.285
1282 1282 (0) 14 : 0.067 0.005 0.686 0.243
1283 1283 (0) 14 : 0.007 0.015 0.705 0.272
1284 1284 (0) 14 : 0.032 0.008 0.934 0.026
1285 1285 (0) 14 : 0.021 0.030 0.926 0.022
1286 1286 (0) 14 : 0.037 0.008 0.623 0.331
1287 1287 (0) 14 : 0.020 0.004 0.904 0.073
1288 1288 (0) 14 : 0.033 0.006 0.893 0.068
1289 1289 (0) 14 : 0.006 0.006 0.542 0.446
1290 1290 (0) 14 : 0.012 0.008 0.973 0.007
1291 1291 (0) 14 : 0.036 0.006 0.831 0.128
1292 1292 (0) 14 : 0.165 0.003 0.821 0.011
1293 1293 (0) 14 : 0.012 0.121 0.694 0.172
1294 1294 (0) 14 : 0.019 0.004 0.665 0.311
1295 1295 (0) 14 : 0.052 0.004 0.805 0.139
1296 1296 (0) 14 : 0.012 0.011 0.623 0.354
1297 1297 (0) 14 : 0.007 0.009 0.743 0.240
1298 1298 (0) 14 : 0.019 0.006 0.939 0.036
1299 1299 (0) 14 : 0.010 0.007 0.971 0.012
1300 1300 (0) 14 : 0.018 0.008 0.753 0.221
1301 1301 (0) 14 : 0.011 0.020 0.888 0.082
1302 1302 (0) 14 : 0.012 0.016 0.792 0.180
1303 1303 (0) 14 : 0.011 0.003 0.966 0.020
1304 1304 (0) 14 : 0.026 0.007 0.675 0.292
1305 1305 (0) 14 : 0.030 0.006 0.574 0.390
1306 1306 (0) 14 : 0.013 0.006 0.926 0.056
1307 1307 (0) 14 : 0.006 0.005 0.877 0.112
1308 1308 (0) 14 : 0.008 0.006 0.826 0.160
1309 1309 (10) 15 : 0.010 0.007 0.973 0.010
1310 1310 (5) 15 : 0.024 0.045 0.923 0.007
1311 1311 (5) 15 : 0.039 0.014 0.612 0.335
1312 1312 (5) 15 : 0.005 0.005 0.984 0.005
1313 1313 (10) 15 : 0.021 0.018 0.805 0.156
1314 1314 (5) 15 : 0.039 0.022 0.537 0.401
1315 1315 (10) 15 : 0.017 0.006 0.922 0.056
1316 1316 (0) 15 : 0.004 0.087 0.900 0.009
1317 1317 (0) 15 : 0.010 0.005 0.963 0.022
1318 1318 (0) 15 : 0.004 0.017 0.973 0.005
1319 1319 (0) 15 : 0.008 0.029 0.951 0.011
1320 1320 (0) 15 : 0.026 0.007 0.937 0.030
1321 1321 (0) 15 : 0.004 0.011 0.959 0.027
1322 1322 (0) 15 : 0.006 0.008 0.836 0.150
1323 1323 (0) 15 : 0.042 0.006 0.927 0.025
1324 1324 (0) 15 : 0.013 0.006 0.911 0.070
1325 1325 (0) 15 : 0.009 0.006 0.815 0.170
1326 1326 (0) 15 : 0.019 0.010 0.595 0.377
1327 1327 (0) 15 : 0.003 0.015 0.975 0.007
1328 1328 (5) 15 : 0.003 0.183 0.793 0.021
1329 1329 (0) 15 : 0.034 0.014 0.852 0.100
1330 1330 (0) 15 : 0.049 0.011 0.781 0.159
1331 1331 (5) 15 : 0.016 0.042 0.867 0.075
1332 1332 (5) 15 : 0.004 0.029 0.937 0.029
1333 1333 (0) 15 : 0.027 0.078 0.845 0.051
1334 1334 (0) 15 : 0.004 0.020 0.857 0.119
1335 1335 (0) 15 : 0.066 0.007 0.910 0.017
1336 1336 (0) 15 : 0.007 0.013 0.974 0.006
1337 1337 (0) 15 : 0.007 0.017 0.973 0.004
1338 1338 (0) 15 : 0.007 0.012 0.977 0.004
1339 1339 (0) 15 : 0.003 0.146 0.846 0.004
1340 1340 (0) 15 : 0.013 0.007 0.962 0.018
1341 1341 (0) 15 : 0.017 0.032 0.903 0.049
1342 1342 (0) 15 : 0.021 0.022 0.953 0.005
1343 1343 (0) 15 : 0.007 0.016 0.933 0.045
1344 1344 (0) 15 : 0.009 0.007 0.960 0.024
1345 1345 (0) 15 : 0.025 0.016 0.921 0.037
1346 1346 (0) 15 : 0.009 0.012 0.974 0.006
1347 1347 (0) 15 : 0.011 0.018 0.923 0.048
1348 1348 (0) 15 : 0.005 0.005 0.977 0.013
1349 1349 (0) 15 : 0.033 0.004 0.947 0.017
1350 1350 (0) 15 : 0.018 0.005 0.961 0.017
1351 1351 (0) 16 : 0.005 0.004 0.987 0.004
1352 1352 (0) 16 : 0.008 0.064 0.913 0.016
1353 1353 (0) 16 : 0.004 0.012 0.951 0.034
1354 1354 (0) 16 : 0.010 0.008 0.974 0.008
1355 1355 (0) 16 : 0.004 0.017 0.898 0.080
1356 1356 (0) 16 : 0.005 0.025 0.954 0.015
1357 1357 (0) 16 : 0.006 0.027 0.915 0.052
1358 1358 (0) 16 : 0.005 0.117 0.772 0.106
1359 1359 (0) 16 : 0.009 0.023 0.850 0.118
1360 1360 (0) 16 : 0.008 0.158 0.652 0.182
1361 1361 (0) 16 : 0.013 0.041 0.934 0.012
1362 1362 (0) 16 : 0.014 0.010 0.950 0.026
1363 1363 (0) 16 : 0.009 0.008 0.970 0.013
1364 1364 (0) 16 : 0.006 0.009 0.930 0.055
1365 1365 (0) 16 : 0.062 0.014 0.915 0.009
1366 1366 (0) 16 : 0.013 0.027 0.851 0.109
1367 1367 (0) 16 : 0.006 0.006 0.746 0.242
1368 1368 (0) 16 : 0.007 0.009 0.958 0.025
1369 1369 (0) 16 : 0.007 0.006 0.965 0.022
1370 1370 (0) 16 : 0.020 0.029 0.929 0.022
1371 1371 (0) 16 : 0.002 0.030 0.806 0.162
1372 1372 (0) 16 : 0.059 0.005 0.887 0.050
1373 1373 (0) 16 : 0.004 0.015 0.976 0.005
1374 1374 (0) 16 : 0.004 0.009 0.764 0.223
1375 1375 (0) 16 : 0.003 0.058 0.935 0.005
1376 1376 (0) 16 : 0.005 0.008 0.803 0.184
1377 1377 (0) 16 : 0.009 0.008 0.976 0.008
1378 1378 (0) 16 : 0.011 0.012 0.785 0.191
1379 1379 (0) 16 : 0.007 0.029 0.960 0.004
1380 1380 (0) 16 : 0.051 0.014 0.902 0.033
1381 1381 (0) 16 : 0.004 0.016 0.881 0.099
1382 1382 (0) 16 : 0.010 0.009 0.970 0.010
1383 1383 (0) 16 : 0.003 0.114 0.829 0.054
1384 1384 (0) 16 : 0.006 0.009 0.967 0.019
1385 1385 (0) 16 : 0.006 0.013 0.967 0.015
1386 1386 (0) 16 : 0.010 0.147 0.720 0.122
1387 1387 (0) 16 : 0.011 0.138 0.812 0.038
1388 1388 (0) 16 : 0.005 0.005 0.964 0.026
1389 1389 (0) 16 : 0.007 0.128 0.854 0.011
1390 1390 (0) 16 : 0.006 0.014 0.859 0.121
1391 1391 (0) 16 : 0.007 0.102 0.857 0.034
1392 1392 (0) 16 : 0.005 0.070 0.913 0.013
1393 1393 (0) 16 : 0.006 0.010 0.777 0.207
1394 1394 (0) 16 : 0.015 0.138 0.833 0.015
1395 1395 (0) 16 : 0.009 0.014 0.966 0.011
1396 1396 (0) 16 : 0.006 0.017 0.722 0.254
1397 1397 (0) 16 : 0.006 0.006 0.950 0.038
1398 1398 (0) 16 : 0.008 0.027 0.937 0.028
1399 1399 (0) 16 : 0.005 0.007 0.801 0.187
1400 1400 (0) 16 : 0.004 0.033 0.960 0.004
1401 1401 (0) 16 : 0.016 0.021 0.954 0.010
1402 1402 (0) 16 : 0.005 0.094 0.897 0.004
1403 1403 (0) 16 : 0.009 0.008 0.961 0.022
1404 1404 (0) 16 : 0.007 0.006 0.948 0.039
1405 1405 (0) 16 : 0.006 0.009 0.971 0.014
1406 1406 (0) 16 : 0.008 0.021 0.963 0.009
1407 1407 (0) 16 : 0.004 0.021 0.929 0.047
1408 1408 (0) 16 : 0.004 0.008 0.972 0.015
1409 1409 (0) 16 : 0.007 0.014 0.819 0.160
1410 1410 (0) 16 : 0.006 0.021 0.929 0.044
1411 1411 (0) 16 : 0.015 0.014 0.942 0.029
1412 1412 (0) 16 : 0.006 0.129 0.858 0.007
1413 1413 (0) 16 : 0.008 0.053 0.892 0.047
1414 1414 (0) 16 : 0.011 0.025 0.958 0.006
1415 1415 (0) 16 : 0.013 0.004 0.900 0.083
1416 1416 (0) 16 : 0.004 0.023 0.939 0.035
1417 1417 (0) 16 : 0.005 0.010 0.965 0.020
1418 1418 (0) 16 : 0.011 0.013 0.968 0.008
1419 1419 (0) 16 : 0.008 0.016 0.938 0.038
1420 1420 (0) 16 : 0.003 0.036 0.956 0.004
1421 1421 (0) 16 : 0.007 0.057 0.741 0.195
1422 1422 (0) 16 : 0.005 0.006 0.901 0.088
1423 1423 (0) 16 : 0.006 0.081 0.745 0.168
1424 1424 (0) 16 : 0.007 0.013 0.934 0.046
1425 1425 (0) 16 : 0.034 0.024 0.925 0.017
1426 1426 (0) 16 : 0.006 0.022 0.792 0.180
1427 1427 (0) 16 : 0.008 0.006 0.981 0.005
1428 1428 (0) 16 : 0.005 0.027 0.946 0.022
1429 1429 (0) 16 : 0.004 0.063 0.869 0.064
1430 1430 (0) 16 : 0.077 0.021 0.850 0.051
1431 1431 (0) 16 : 0.011 0.014 0.950 0.026
1432 1432 (0) 16 : 0.004 0.080 0.610 0.306
1433 1433 (0) 16 : 0.004 0.047 0.893 0.056
1434 1434 (0) 16 : 0.004 0.007 0.863 0.125
1435 1435 (0) 16 : 0.013 0.019 0.890 0.079
1436 1436 (0) 16 : 0.019 0.019 0.955 0.007
1437 1437 (0) 16 : 0.004 0.018 0.927 0.050
1438 1438 (0) 16 : 0.005 0.008 0.963 0.024
1439 1439 (0) 16 : 0.009 0.025 0.960 0.006
1440 1440 (0) 16 : 0.014 0.043 0.889 0.054
1441 1441 (0) 16 : 0.005 0.009 0.945 0.042
1442 1442 (0) 16 : 0.031 0.215 0.687 0.067
1443 1443 (0) 16 : 0.016 0.020 0.946 0.017
1444 1444 (0) 16 : 0.036 0.222 0.720 0.022
1445 1445 (0) 16 : 0.003 0.042 0.950 0.005
1446 1446 (0) 16 : 0.023 0.183 0.760 0.033
1447 1447 (0) 16 : 0.004 0.017 0.963 0.016
1448 1448 (0) 16 : 0.010 0.141 0.539 0.309
1449 1449 (0) 16 : 0.014 0.014 0.965 0.007
1450 1450 (0) 16 : 0.005 0.005 0.784 0.206
1451 1451 (0) 17 : 0.016 0.005 0.934 0.045
1452 1452 (0) 17 : 0.007 0.026 0.953 0.014
1453 1453 (0) 17 : 0.034 0.003 0.942 0.021
1454 1454 (0) 17 : 0.007 0.005 0.983 0.005
1455 1455 (0) 17 : 0.006 0.004 0.779 0.211
1456 1456 (0) 17 : 0.026 0.012 0.948 0.014
1457 1457 (0) 17 : 0.006 0.015 0.939 0.040
1458 1458 (0) 17 : 0.005 0.014 0.758 0.224
1459 1459 (0) 17 : 0.010 0.004 0.900 0.086
1460 1460 (0) 17 : 0.011 0.043 0.936 0.010
1461 1461 (0) 17 : 0.012 0.006 0.957 0.025
1462 1462 (0) 17 : 0.040 0.007 0.944 0.009
1463 1463 (0) 17 : 0.009 0.007 0.978 0.006
1464 1464 (0) 17 : 0.013 0.009 0.964 0.014
1465 1465 (0) 17 : 0.022 0.007 0.960 0.011
1466 1466 (0) 17 : 0.006 0.011 0.874 0.109
1467 1467 (0) 17 : 0.005 0.007 0.979 0.009
1468 1468 (0) 17 : 0.008 0.006 0.974 0.012
1469 1469 (0) 17 : 0.011 0.039 0.867 0.083
1470 1470 (0) 17 : 0.005 0.007 0.791 0.197
1471 1471 (0) 17 : 0.366 0.023 0.591 0.020
1472 1472 (0) 17 : 0.030 0.005 0.690 0.276
1473 1473 (0) 17 : 0.006 0.006 0.954 0.033
1474 1474 (0) 17 : 0.024 0.011 0.958 0.007
1475 1475 (0) 17 : 0.011 0.005 0.842 0.141
1476 1476 (0) 17 : 0.145 0.016 0.828 0.012
1477 1477 (0) 17 : 0.012 0.007 0.975 0.006
1478 1478 (0) 17 : 0.011 0.005 0.971 0.014
1479 1479 (0) 17 : 0.007 0.029 0.911 0.053
1480 1480 (0) 17 : 0.009 0.006 0.980 0.005
1481 1481 (0) 17 : 0.010 0.036 0.842 0.112
1482 1482 (0) 17 : 0.006 0.011 0.888 0.095
1483 1483 (0) 17 : 0.007 0.005 0.921 0.067
1484 1484 (0) 17 : 0.005 0.012 0.784 0.199
1485 1485 (0) 17 : 0.081 0.007 0.888 0.024
1486 1486 (0) 17 : 0.012 0.006 0.976 0.007
1487 1487 (0) 17 : 0.005 0.011 0.795 0.188
1488 1488 (0) 17 : 0.004 0.005 0.977 0.013
1489 1489 (0) 17 : 0.027 0.004 0.893 0.076
1490 1490 (0) 17 : 0.011 0.018 0.958 0.013
1491 1491 (0) 17 : 0.019 0.007 0.960 0.015
1492 1492 (0) 17 : 0.019 0.006 0.922 0.053
1493 1493 (0) 17 : 0.011 0.006 0.955 0.029
1494 1494 (0) 17 : 0.006 0.003 0.949 0.042
1495 1495 (0) 17 : 0.016 0.004 0.957 0.024
1496 1496 (0) 17 : 0.006 0.035 0.935 0.025
1497 1497 (0) 17 : 0.008 0.020 0.959 0.013
1498 1498 (0) 17 : 0.007 0.004 0.979 0.010
1499 1499 (0) 17 : 0.008 0.007 0.974 0.011
1500 1500 (0) 17 : 0.111 0.004 0.878 0.007
1501 1501 (0) 17 : 0.009 0.008 0.975 0.008
1502 1502 (0) 17 : 0.037 0.004 0.936 0.023
1503 1503 (0) 17 : 0.008 0.007 0.882 0.104
1504 1504 (0) 17 : 0.026 0.009 0.959 0.006
1505 1505 (0) 17 : 0.005 0.022 0.878 0.095
1506 1506 (0) 17 : 0.030 0.004 0.885 0.082
1507 1507 (0) 17 : 0.027 0.015 0.945 0.013
1508 1508 (0) 17 : 0.009 0.065 0.814 0.112
1509 1509 (0) 17 : 0.010 0.009 0.759 0.222
1510 1510 (0) 17 : 0.004 0.009 0.979 0.008
1511 1511 (0) 17 : 0.006 0.008 0.675 0.312
1512 1512 (0) 17 : 0.034 0.018 0.592 0.356
1513 1513 (0) 17 : 0.011 0.009 0.973 0.007
1514 1514 (0) 17 : 0.003 0.003 0.977 0.016
1515 1515 (0) 17 : 0.150 0.045 0.794 0.010
1516 1516 (0) 17 : 0.006 0.010 0.973 0.011
1517 1517 (0) 17 : 0.047 0.008 0.864 0.081
1518 1518 (0) 17 : 0.016 0.007 0.968 0.010
1519 1519 (0) 17 : 0.044 0.009 0.936 0.010
1520 1520 (0) 17 : 0.062 0.022 0.907 0.009
1521 1521 (0) 17 : 0.009 0.011 0.928 0.052
1522 1522 (0) 17 : 0.006 0.004 0.972 0.018
1523 1523 (0) 17 : 0.006 0.007 0.980 0.006
1524 1524 (0) 17 : 0.027 0.010 0.956 0.007
1525 1525 (0) 17 : 0.108 0.009 0.744 0.139
1526 1526 (0) 17 : 0.065 0.008 0.904 0.024
1527 1527 (0) 17 : 0.013 0.005 0.908 0.074
1528 1528 (0) 17 : 0.032 0.009 0.769 0.189
1529 1529 (0) 17 : 0.010 0.029 0.670 0.291
1530 1530 (0) 17 : 0.016 0.006 0.944 0.034
1531 1531 (0) 17 : 0.014 0.005 0.952 0.028
1532 1532 (0) 17 : 0.013 0.011 0.942 0.034
1533 1533 (0) 17 : 0.007 0.006 0.979 0.007
1534 1534 (0) 17 : 0.024 0.006 0.963 0.006
1535 1535 (0) 17 : 0.015 0.035 0.878 0.073
1536 1536 (0) 17 : 0.017 0.006 0.790 0.186
1537 1537 (0) 17 : 0.009 0.037 0.877 0.077
1538 1538 (0) 17 : 0.009 0.008 0.976 0.006
1539 1539 (0) 17 : 0.011 0.005 0.968 0.016
1540 1540 (0) 17 : 0.016 0.005 0.639 0.340
1541 1541 (0) 17 : 0.009 0.006 0.981 0.005
1542 1542 (0) 17 : 0.004 0.006 0.985 0.005
1543 1543 (0) 17 : 0.035 0.015 0.865 0.085
1544 1544 (0) 17 : 0.012 0.007 0.940 0.041
1545 1545 (0) 17 : 0.015 0.004 0.838 0.144
1546 1546 (0) 17 : 0.007 0.004 0.663 0.326
1547 1547 (0) 17 : 0.010 0.015 0.784 0.191
1548 1548 (0) 17 : 0.004 0.013 0.979 0.004
1549 1549 (0) 17 : 0.013 0.005 0.969 0.014
1550 1550 (0) 17 : 0.125 0.037 0.660 0.178
1551 1551 (0) 18 : 0.002 0.980 0.007 0.011
1552 1552 (0) 18 : 0.003 0.918 0.007 0.072
1553 1553 (0) 18 : 0.004 0.820 0.004 0.172
1554 1554 (0) 18 : 0.009 0.697 0.009 0.285
1555 1555 (0) 18 : 0.006 0.808 0.174 0.012
1556 1556 (0) 18 : 0.007 0.726 0.005 0.263
1557 1557 (0) 18 : 0.008 0.844 0.009 0.139
1558 1558 (0) 18 : 0.006 0.743 0.017 0.234
1559 1559 (0) 18 : 0.004 0.766 0.010 0.220
1560 1560 (0) 18 : 0.003 0.846 0.004 0.148
1561 1561 (0) 18 : 0.033 0.931 0.018 0.018
1562 1562 (0) 18 : 0.007 0.982 0.004 0.006
1563 1563 (0) 18 : 0.007 0.932 0.006 0.055
1564 1564 (0) 18 : 0.002 0.885 0.072 0.041
1565 1565 (0) 18 : 0.003 0.988 0.005 0.004
1566 1566 (0) 18 : 0.003 0.849 0.008 0.140
1567 1567 (0) 18 : 0.004 0.864 0.008 0.124
1568 1568 (0) 18 : 0.015 0.928 0.037 0.019
1569 1569 (0) 18 : 0.012 0.739 0.010 0.240
1570 1570 (0) 18 : 0.006 0.806 0.006 0.182
1571 1571 (0) 18 : 0.007 0.963 0.010 0.020
1572 1572 (0) 18 : 0.005 0.922 0.051 0.023
1573 1573 (0) 18 : 0.004 0.860 0.008 0.128
1574 1574 (0) 18 : 0.004 0.873 0.014 0.108
1575 1575 (0) 18 : 0.003 0.848 0.004 0.146
1576 1576 (0) 18 : 0.014 0.846 0.019 0.122
1577 1577 (0) 18 : 0.007 0.925 0.027 0.041
1578 1578 (0) 18 : 0.004 0.988 0.005 0.004
1579 1579 (0) 18 : 0.006 0.948 0.020 0.026
1580 1580 (0) 18 : 0.003 0.832 0.005 0.160
1581 1581 (0) 18 : 0.004 0.906 0.064 0.026
1582 1582 (0) 18 : 0.003 0.907 0.003 0.086
1583 1583 (0) 18 : 0.005 0.875 0.007 0.112
1584 1584 (0) 18 : 0.003 0.988 0.004 0.005
1585 1585 (0) 18 : 0.003 0.959 0.004 0.034
1586 1586 (0) 18 : 0.005 0.886 0.005 0.104
1587 1587 (0) 18 : 0.005 0.841 0.013 0.141
1588 1588 (0) 18 : 0.004 0.808 0.010 0.178
1589 1589 (0) 18 : 0.033 0.901 0.028 0.038
1590 1590 (0) 18 : 0.004 0.918 0.011 0.067
1591 1591 (0) 18 : 0.005 0.830 0.019 0.145
1592 1592 (0) 18 : 0.006 0.729 0.096 0.169
1593 1593 (0) 18 : 0.005 0.864 0.008 0.123
1594 1594 (0) 18 : 0.022 0.813 0.022 0.142
1595 1595 (0) 18 : 0.004 0.984 0.006 0.006
1596 1596 (0) 18 : 0.011 0.970 0.006 0.012
1597 1597 (0) 18 : 0.004 0.989 0.004 0.003
1598 1598 (0) 18 : 0.003 0.987 0.006 0.004
1599 1599 (0) 18 : 0.005 0.884 0.007 0.104
1600 1600 (0) 18 : 0.003 0.945 0.024 0.027
1601 1601 (0) 18 : 0.008 0.744 0.014 0.234
1602 1602 (0) 18 : 0.019 0.941 0.031 0.010
1603 1603 (0) 18 : 0.004 0.837 0.008 0.150
1604 1604 (0) 18 : 0.124 0.682 0.095 0.099
1605 1605 (0) 18 : 0.010 0.964 0.021 0.005
1606 1606 (0) 18 : 0.024 0.956 0.008 0.012
1607 1607 (0) 18 : 0.004 0.899 0.056 0.041
1608 1608 (0) 18 : 0.003 0.965 0.004 0.028
1609 1609 (0) 18 : 0.009 0.923 0.012 0.057
1610 1610 (0) 18 : 0.004 0.731 0.004 0.261
1611 1611 (0) 18 : 0.007 0.902 0.041 0.050
1612 1612 (0) 18 : 0.006 0.984 0.006 0.005
1613 1613 (0) 18 : 0.046 0.866 0.061 0.027
1614 1614 (0) 18 : 0.004 0.968 0.005 0.023
1615 1615 (0) 18 : 0.010 0.873 0.007 0.110
1616 1616 (0) 18 : 0.003 0.851 0.005 0.142
1617 1617 (0) 18 : 0.004 0.844 0.012 0.140
1618 1618 (0) 18 : 0.008 0.623 0.008 0.361
1619 1619 (0) 18 : 0.005 0.850 0.016 0.129
1620 1620 (0) 18 : 0.003 0.790 0.005 0.202
1621 1621 (0) 18 : 0.005 0.987 0.005 0.003
1622 1622 (0) 18 : 0.003 0.705 0.005 0.287
1623 1623 (0) 18 : 0.020 0.921 0.031 0.029
1624 1624 (0) 18 : 0.007 0.888 0.008 0.097
1625 1625 (0) 18 : 0.004 0.957 0.005 0.034
1626 1626 (0) 18 : 0.016 0.930 0.020 0.034
1627 1627 (0) 18 : 0.009 0.833 0.016 0.142
1628 1628 (0) 18 : 0.006 0.896 0.005 0.093
1629 1629 (0) 18 : 0.004 0.985 0.005 0.006
1630 1630 (0) 18 : 0.004 0.696 0.200 0.100
1631 1631 (0) 18 : 0.006 0.788 0.007 0.199
1632 1632 (0) 18 : 0.011 0.892 0.013 0.085
1633 1633 (0) 18 : 0.003 0.955 0.004 0.038
1634 1634 (0) 18 : 0.003 0.914 0.006 0.077
1635 1635 (0) 18 : 0.003 0.903 0.012 0.083
1636 1636 (0) 18 : 0.050 0.845 0.026 0.079
1637 1637 (0) 18 : 0.040 0.810 0.031 0.119
1638 1638 (0) 18 : 0.004 0.896 0.016 0.084
1639 1639 (0) 18 : 0.004 0.976 0.004 0.016
1640 1640 (0) 18 : 0.079 0.680 0.022 0.220
1641 1641 (0) 18 : 0.005 0.923 0.025 0.047
1642 1642 (0) 18 : 0.003 0.990 0.003 0.003
1643 1643 (0) 18 : 0.004 0.965 0.008 0.023
1644 1644 (0) 18 : 0.032 0.864 0.045 0.059
1645 1645 (0) 18 : 0.005 0.882 0.072 0.041
1646 1646 (0) 18 : 0.004 0.806 0.006 0.185
1647 1647 (0) 18 : 0.004 0.880 0.077 0.038
1648 1648 (0) 18 : 0.007 0.717 0.010 0.266
1649 1649 (0) 18 : 0.007 0.982 0.005 0.005
1650 1650 (0) 18 : 0.003 0.776 0.019 0.203
1651 1651 (0) 19 : 0.868 0.007 0.039 0.087
1652 1652 (0) 19 : 0.961 0.004 0.005 0.029
1653 1653 (0) 19 : 0.982 0.003 0.009 0.006
1654 1654 (0) 19 : 0.866 0.094 0.024 0.016
1655 1655 (0) 19 : 0.825 0.010 0.035 0.130
1656 1656 (0) 19 : 0.830 0.012 0.007 0.151
1657 1657 (0) 19 : 0.778 0.005 0.005 0.212
1658 1658 (0) 19 : 0.988 0.003 0.005 0.004
1659 1659 (0) 19 : 0.812 0.005 0.007 0.176
1660 1660 (0) 19 : 0.907 0.003 0.008 0.082
1661 1661 (0) 19 : 0.974 0.005 0.007 0.015
1662 1662 (0) 19 : 0.853 0.005 0.005 0.138
1663 1663 (0) 19 : 0.766 0.003 0.004 0.226
1664 1664 (0) 19 : 0.985 0.003 0.004 0.008
1665 1665 (0) 19 : 0.792 0.007 0.012 0.189
1666 1666 (0) 19 : 0.874 0.008 0.051 0.068
1667 1667 (0) 19 : 0.988 0.003 0.003 0.006
1668 1668 (0) 19 : 0.991 0.003 0.003 0.003
1669 1669 (0) 19 : 0.953 0.003 0.006 0.038
1670 1670 (0) 19 : 0.819 0.004 0.008 0.168
1671 1671 (0) 19 : 0.970 0.007 0.010 0.013
1672 1672 (0) 19 : 0.898 0.011 0.030 0.061
1673 1673 (0) 19 : 0.946 0.024 0.019 0.011
1674 1674 (0) 19 : 0.941 0.002 0.011 0.046
1675 1675 (0) 19 : 0.904 0.007 0.009 0.080
1676 1676 (0) 19 : 0.815 0.003 0.006 0.176
1677 1677 (0) 19 : 0.790 0.004 0.007 0.199
1678 1678 (0) 19 : 0.979 0.010 0.005 0.005
1679 1679 (0) 19 : 0.941 0.004 0.022 0.034
1680 1680 (0) 19 : 0.983 0.004 0.009 0.005
1681 1681 (0) 19 : 0.777 0.006 0.009 0.208
1682 1682 (0) 19 : 0.657 0.004 0.005 0.335
1683 1683 (0) 19 : 0.801 0.003 0.008 0.188
1684 1684 (0) 19 : 0.976 0.004 0.012 0.008
1685 1685 (0) 19 : 0.949 0.008 0.014 0.028
1686 1686 (0) 19 : 0.828 0.004 0.007 0.162
1687 1687 (0) 19 : 0.946 0.016 0.023 0.015
1688 1688 (0) 19 : 0.948 0.014 0.020 0.019
1689 1689 (0) 19 : 0.943 0.003 0.004 0.050
1690 1690 (0) 19 : 0.853 0.055 0.033 0.059
1691 1691 (0) 19 : 0.907 0.006 0.007 0.080
1692 1692 (0) 19 : 0.964 0.012 0.012 0.011
1693 1693 (0) 19 : 0.933 0.003 0.013 0.051
1694 1694 (0) 19 : 0.898 0.063 0.011 0.029
1695 1695 (0) 19 : 0.987 0.003 0.005 0.005
1696 1696 (0) 19 : 0.976 0.003 0.009 0.012
1697 1697 (0) 19 : 0.969 0.014 0.011 0.006
1698 1698 (0) 19 : 0.892 0.030 0.049 0.029
1699 1699 (0) 19 : 0.928 0.004 0.020 0.048
1700 1700 (0) 19 : 0.882 0.005 0.008 0.106
1701 1701 (0) 19 : 0.990 0.003 0.003 0.004
1702 1702 (0) 19 : 0.828 0.004 0.081 0.087
1703 1703 (0) 19 : 0.877 0.029 0.068 0.026
1704 1704 (0) 19 : 0.793 0.004 0.004 0.199
1705 1705 (0) 19 : 0.935 0.019 0.021 0.025
1706 1706 (0) 19 : 0.882 0.004 0.059 0.056
1707 1707 (0) 19 : 0.938 0.005 0.005 0.051
1708 1708 (0) 19 : 0.851 0.004 0.006 0.139
1709 1709 (0) 19 : 0.905 0.019 0.014 0.061
1710 1710 (0) 19 : 0.985 0.003 0.007 0.005
1711 1711 (0) 19 : 0.988 0.004 0.004 0.004
1712 1712 (0) 19 : 0.972 0.005 0.011 0.012
1713 1713 (0) 19 : 0.896 0.005 0.032 0.066
1714 1714 (0) 19 : 0.970 0.004 0.005 0.022
1715 1715 (0) 19 : 0.940 0.003 0.006 0.051
1716 1716 (0) 19 : 0.779 0.004 0.005 0.212
1717 1717 (0) 19 : 0.754 0.005 0.009 0.232
1718 1718 (0) 19 : 0.982 0.005 0.006 0.006
1719 1719 (0) 19 : 0.991 0.003 0.003 0.003
1720 1720 (0) 19 : 0.954 0.007 0.005 0.034
1721 1721 (0) 19 : 0.977 0.003 0.008 0.011
1722 1722 (0) 19 : 0.977 0.003 0.003 0.017
1723 1723 (0) 19 : 0.780 0.006 0.011 0.203
1724 1724 (0) 19 : 0.949 0.012 0.031 0.008
1725 1725 (0) 19 : 0.821 0.003 0.006 0.169
1726 1726 (0) 19 : 0.960 0.004 0.021 0.016
1727 1727 (0) 19 : 0.956 0.022 0.011 0.011
1728 1728 (0) 19 : 0.798 0.005 0.004 0.193
1729 1729 (0) 19 : 0.931 0.038 0.010 0.021
1730 1730 (0) 19 : 0.899 0.016 0.066 0.018
1731 1731 (0) 19 : 0.798 0.014 0.015 0.174
1732 1732 (0) 19 : 0.936 0.020 0.021 0.023
1733 1733 (0) 19 : 0.970 0.010 0.008 0.011
1734 1734 (0) 19 : 0.915 0.008 0.030 0.047
1735 1735 (0) 19 : 0.902 0.003 0.006 0.089
1736 1736 (0) 19 : 0.871 0.005 0.011 0.113
1737 1737 (0) 19 : 0.987 0.002 0.004 0.006
1738 1738 (0) 19 : 0.829 0.021 0.016 0.134
1739 1739 (0) 19 : 0.990 0.003 0.004 0.003
1740 1740 (0) 19 : 0.873 0.007 0.110 0.010
1741 1741 (0) 19 : 0.987 0.005 0.004 0.003
1742 1742 (0) 19 : 0.783 0.028 0.087 0.102
1743 1743 (0) 19 : 0.958 0.004 0.006 0.031
1744 1744 (0) 19 : 0.950 0.004 0.006 0.040
1745 1745 (0) 19 : 0.985 0.003 0.005 0.007
1746 1746 (0) 19 : 0.969 0.003 0.007 0.021
1747 1747 (0) 19 : 0.991 0.003 0.003 0.003
1748 1748 (0) 19 : 0.928 0.050 0.014 0.008
1749 1749 (0) 19 : 0.990 0.003 0.003 0.004
1750 1750 (0) 19 : 0.927 0.004 0.016 0.053
1751 1751 (0) 20 : 0.053 0.004 0.868 0.074
1752 1752 (0) 20 : 0.040 0.003 0.933 0.024
1753 1753 (0) 20 : 0.225 0.006 0.765 0.005
1754 1754 (0) 20 : 0.005 0.005 0.985 0.005
1755 1755 (0) 20 : 0.018 0.004 0.946 0.032
1756 1756 (0) 20 : 0.011 0.032 0.926 0.031
1757 1757 (0) 20 : 0.017 0.010 0.702 0.271
1758 1758 (0) 20 : 0.180 0.006 0.696 0.117
1759 1759 (0) 20 : 0.026 0.022 0.938 0.014
1760 1760 (0) 20 : 0.026 0.019 0.875 0.079
1761 1761 (0) 20 : 0.006 0.005 0.884 0.105
1762 1762 (0) 20 : 0.008 0.027 0.921 0.044
1763 1763 (0) 20 : 0.024 0.010 0.962 0.005
1764 1764 (0) 20 : 0.010 0.007 0.902 0.080
1765 1765 (0) 20 : 0.005 0.020 0.966 0.009
1766 1766 (0) 20 : 0.020 0.003 0.957 0.019
1767 1767 (0) 20 : 0.023 0.037 0.932 0.008
1768 1768 (0) 20 : 0.011 0.008 0.976 0.006
1769 1769 (0) 20 : 0.005 0.045 0.933 0.017
1770 1770 (0) 20 : 0.135 0.008 0.724 0.133
1771 1771 (0) 20 : 0.018 0.006 0.963 0.013
1772 1772 (0) 20 : 0.038 0.006 0.932 0.024
1773 1773 (0) 20 : 0.022 0.020 0.949 0.009
1774 1774 (0) 20 : 0.158 0.006 0.787 0.049
1775 1775 (0) 20 : 0.006 0.003 0.922 0.068
1776 1776 (0) 20 : 0.042 0.009 0.791 0.158
1777 1777 (0) 20 : 0.062 0.005 0.928 0.005
1778 1778 (0) 20 : 0.007 0.005 0.844 0.144
1779 1779 (0) 20 : 0.018 0.018 0.947 0.017
1780 1780 (0) 20 : 0.029 0.018 0.939 0.015
1781 1781 (0) 20 : 0.008 0.007 0.931 0.053
1782 1782 (0) 20 : 0.152 0.012 0.797 0.039
1783 1783 (0) 20 : 0.029 0.003 0.937 0.030
1784 1784 (0) 20 : 0.012 0.007 0.884 0.097
1785 1785 (0) 20 : 0.029 0.005 0.961 0.005
1786 1786 (0) 20 : 0.010 0.030 0.956 0.005
1787 1787 (0) 20 : 0.008 0.024 0.961 0.006
1788 1788 (0) 20 : 0.008 0.006 0.966 0.019
1789 1789 (0) 20 : 0.009 0.013 0.761 0.217
1790 1790 (0) 20 : 0.010 0.008 0.908 0.074
1791 1791 (0) 20 : 0.009 0.042 0.912 0.038
1792 1792 (0) 20 : 0.021 0.009 0.960 0.010
1793 1793 (0) 20 : 0.044 0.121 0.824 0.012
1794 1794 (0) 20 : 0.010 0.005 0.967 0.018
1795 1795 (0) 20 : 0.004 0.005 0.858 0.132
1796 1796 (0) 20 : 0.019 0.007 0.945 0.028
1797 1797 (0) 20 : 0.008 0.012 0.973 0.008
1798 1798 (0) 20 : 0.018 0.055 0.876 0.051
1799 1799 (0) 20 : 0.014 0.007 0.953 0.026
1800 1800 (0) 20 : 0.123 0.007 0.838 0.031
1801 1801 (0) 20 : 0.015 0.004 0.976 0.005
1802 1802 (0) 20 : 0.021 0.007 0.965 0.007
1803 1803 (0) 20 : 0.042 0.012 0.940 0.007
1804 1804 (0) 20 : 0.017 0.013 0.948 0.022
1805 1805 (0) 20 : 0.016 0.032 0.912 0.041
1806 1806 (0) 20 : 0.008 0.012 0.966 0.014
1807 1807 (0) 20 : 0.032 0.010 0.917 0.042
1808 1808 (0) 20 : 0.009 0.009 0.968 0.014
1809 1809 (0) 20 : 0.015 0.006 0.797 0.183
1810 1810 (0) 20 : 0.151 0.051 0.743 0.054
1811 1811 (0) 20 : 0.023 0.020 0.590 0.367
1812 1812 (0) 20 : 0.008 0.010 0.933 0.048
1813 1813 (0) 20 : 0.010 0.008 0.966 0.015
1814 1814 (0) 20 : 0.023 0.010 0.934 0.032
1815 1815 (0) 20 : 0.083 0.003 0.763 0.151
1816 1816 (0) 20 : 0.032 0.010 0.941 0.017
1817 1817 (0) 20 : 0.007 0.005 0.932 0.055
1818 1818 (0) 20 : 0.014 0.010 0.827 0.149
1819 1819 (0) 20 : 0.008 0.012 0.860 0.120
1820 1820 (0) 20 : 0.142 0.026 0.810 0.021
1821 1821 (0) 20 : 0.008 0.006 0.967 0.019
1822 1822 (0) 20 : 0.042 0.017 0.821 0.120
1823 1823 (0) 20 : 0.026 0.006 0.820 0.148
1824 1824 (0) 20 : 0.008 0.005 0.939 0.048
1825 1825 (0) 20 : 0.061 0.006 0.916 0.016
1826 1826 (0) 20 : 0.013 0.012 0.970 0.005
1827 1827 (0) 20 : 0.016 0.005 0.853 0.126
1828 1828 (0) 20 : 0.004 0.006 0.852 0.138
1829 1829 (0) 20 : 0.210 0.012 0.773 0.005
1830 1830 (0) 20 : 0.290 0.008 0.692 0.009
1831 1831 (0) 20 : 0.025 0.017 0.920 0.039
1832 1832 (0) 20 : 0.026 0.065 0.824 0.085
1833 1833 (0) 20 : 0.007 0.016 0.970 0.007
1834 1834 (0) 20 : 0.019 0.007 0.961 0.014
1835 1835 (0) 20 : 0.021 0.008 0.767 0.204
1836 1836 (0) 20 : 0.011 0.016 0.968 0.006
1837 1837 (0) 20 : 0.011 0.009 0.973 0.008
1838 1838 (0) 20 : 0.027 0.003 0.879 0.091
1839 1839 (0) 20 : 0.009 0.004 0.979 0.009
1840 1840 (0) 20 : 0.014 0.008 0.971 0.007
1841 1841 (0) 20 : 0.145 0.008 0.839 0.008
1842 1842 (0) 20 : 0.007 0.016 0.972 0.004
1843 1843 (0) 20 : 0.008 0.004 0.976 0.013
1844 1844 (0) 20 : 0.284 0.004 0.698 0.014
1845 1845 (0) 20 : 0.040 0.026 0.912 0.022
1846 1846 (0) 20 : 0.018 0.020 0.947 0.015
1847 1847 (0) 20 : 0.011 0.013 0.960 0.015
1848 1848 (0) 20 : 0.004 0.042 0.945 0.008
1849 1849 (0) 20 : 0.008 0.021 0.962 0.009
1850 1850 (0) 20 : 0.007 0.035 0.933 0.026
1851 1851 (10) 21 : 0.005 0.007 0.983 0.004
1852 1852 (0) 21 : 0.008 0.008 0.978 0.006
1853 1853 (0) 21 : 0.007 0.206 0.769 0.018
1854 1854 (0) 21 : 0.007 0.016 0.973 0.005
1855 1855 (0) 21 : 0.049 0.006 0.939 0.006
1856 1856 (5) 21 : 0.035 0.006 0.955 0.004
1857 1857 (0) 21 : 0.004 0.007 0.985 0.004
1858 1858 (0) 21 : 0.008 0.003 0.983 0.006
1859 1859 (0) 21 : 0.007 0.293 0.697 0.003
1860 1860 (0) 21 : 0.015 0.004 0.961 0.020
1861 1861 (0) 21 : 0.007 0.543 0.446 0.004
1862 1862 (0) 21 : 0.005 0.018 0.973 0.005
1863 1863 (0) 21 : 0.004 0.014 0.979 0.003
1864 1864 (0) 21 : 0.011 0.005 0.977 0.006
1865 1865 (5) 21 : 0.003 0.054 0.936 0.007
1866 1866 (0) 21 : 0.004 0.008 0.980 0.008
1867 1867 (0) 21 : 0.008 0.024 0.958 0.010
1868 1868 (0) 21 : 0.005 0.031 0.961 0.003
1869 1869 (0) 21 : 0.007 0.007 0.981 0.005
1870 1870 (0) 21 : 0.005 0.007 0.985 0.003
1871 1871 (0) 21 : 0.005 0.005 0.986 0.004
1872 1872 (5) 21 : 0.008 0.013 0.973 0.005
1873 1873 (5) 21 : 0.005 0.182 0.807 0.007
1874 1874 (5) 21 : 0.013 0.020 0.960 0.007
1875 1875 (0) 21 : 0.008 0.004 0.981 0.007
1876 1876 (0) 21 : 0.005 0.004 0.987 0.004
1877 1877 (0) 21 : 0.005 0.018 0.973 0.004
1878 1878 (0) 21 : 0.014 0.004 0.976 0.006
1879 1879 (0) 21 : 0.005 0.010 0.982 0.004
1880 1880 (0) 21 : 0.006 0.023 0.961 0.010
1881 1881 (0) 21 : 0.005 0.096 0.891 0.008
1882 1882 (0) 21 : 0.004 0.014 0.978 0.005
1883 1883 (0) 21 : 0.007 0.007 0.980 0.005
1884 1884 (0) 21 : 0.006 0.042 0.945 0.007
1885 1885 (0) 21 : 0.005 0.005 0.985 0.005
1886 1886 (0) 21 : 0.009 0.131 0.853 0.007
1887 1887 (5) 21 : 0.005 0.026 0.962 0.006
1888 1888 (0) 21 : 0.004 0.014 0.968 0.014
1889 1889 (0) 21 : 0.006 0.012 0.977 0.004
1890 1890 (0) 21 : 0.006 0.017 0.969 0.008
1891 1891 (0) 21 : 0.008 0.018 0.968 0.007
1892 1892 (0) 21 : 0.008 0.028 0.954 0.010
1893 1893 (5) 21 : 0.005 0.030 0.960 0.005
1894 1894 (5) 21 : 0.012 0.014 0.965 0.008
1895 1895 (5) 21 : 0.009 0.050 0.936 0.005
1896 1896 (5) 21 : 0.007 0.032 0.954 0.007
1897 1897 (5) 21 : 0.007 0.023 0.957 0.012
1898 1898 (5) 21 : 0.006 0.018 0.957 0.019
1899 1899 (0) 21 : 0.008 0.017 0.969 0.006
1900 1900 (5) 21 : 0.004 0.016 0.976 0.004
1901 1901 (0) 21 : 0.006 0.009 0.979 0.005
1902 1902 (0) 21 : 0.008 0.062 0.923 0.007
1903 1903 (0) 21 : 0.003 0.031 0.962 0.004
1904 1904 (0) 21 : 0.003 0.006 0.987 0.004
1905 1905 (0) 21 : 0.046 0.011 0.938 0.006
1906 1906 (0) 21 : 0.005 0.017 0.974 0.005
1907 1907 (0) 21 : 0.007 0.025 0.963 0.004
1908 1908 (0) 21 : 0.006 0.010 0.978 0.006
1909 1909 (0) 21 : 0.005 0.165 0.827 0.003
1910 1910 (0) 21 : 0.004 0.017 0.973 0.006
1911 1911 (0) 21 : 0.007 0.004 0.984 0.005
1912 1912 (0) 21 : 0.988 0.004 0.005 0.003
1913 1913 (0) 21 : 0.004 0.018 0.975 0.003
1914 1914 (0) 21 : 0.005 0.014 0.977 0.003
1915 1915 (0) 21 : 0.005 0.008 0.982 0.005
1916 1916 (0) 21 : 0.010 0.006 0.979 0.005
1917 1917 (0) 21 : 0.011 0.003 0.982 0.004
1918 1918 (0) 21 : 0.077 0.344 0.573 0.006
1919 1919 (0) 21 : 0.005 0.052 0.936 0.006
1920 1920 (0) 21 : 0.005 0.025 0.966 0.005
1921 1921 (0) 21 : 0.007 0.008 0.981 0.004
1922 1922 (0) 21 : 0.007 0.009 0.980 0.004
1923 1923 (0) 21 : 0.004 0.014 0.976 0.006
1924 1924 (0) 21 : 0.018 0.010 0.966 0.007
1925 1925 (0) 21 : 0.007 0.011 0.979 0.004
1926 1926 (0) 21 : 0.007 0.006 0.985 0.003
1927 1927 (0) 21 : 0.012 0.006 0.978 0.004
1928 1928 (0) 21 : 0.005 0.130 0.857 0.008
1929 1929 (0) 21 : 0.011 0.084 0.896 0.009
1930 1930 (0) 21 : 0.007 0.006 0.981 0.006
1931 1931 (0) 21 : 0.008 0.779 0.210 0.003
1932 1932 (0) 21 : 0.006 0.008 0.982 0.005
1933 1933 (0) 21 : 0.007 0.008 0.979 0.005
1934 1934 (0) 21 : 0.006 0.013 0.975 0.006
1935 1935 (0) 21 : 0.007 0.008 0.982 0.003
1936 1936 (0) 21 : 0.008 0.007 0.980 0.005
1937 1937 (0) 21 : 0.011 0.004 0.981 0.004
1938 1938 (0) 21 : 0.005 0.033 0.957 0.004
1939 1939 (0) 21 : 0.008 0.020 0.967 0.005
1940 1940 (0) 21 : 0.010 0.015 0.971 0.004
1941 1941 (0) 21 : 0.003 0.020 0.972 0.004
1942 1942 (0) 21 : 0.009 0.006 0.979 0.006
1943 1943 (10) 21 : 0.006 0.677 0.312 0.005
1944 1944 (0) 21 : 0.006 0.024 0.964 0.005
1945 1945 (0) 21 : 0.004 0.011 0.980 0.005
1946 1946 (0) 21 : 0.004 0.111 0.880 0.005
1947 1947 (0) 21 : 0.014 0.090 0.887 0.008
1948 1948 (0) 21 : 0.006 0.007 0.982 0.005
1949 1949 (0) 21 : 0.008 0.009 0.979 0.004
1950 1950 (0) 21 : 0.007 0.042 0.945 0.006
1951 1951 (0) 21 : 0.005 0.007 0.985 0.003
1952 1952 (0) 21 : 0.003 0.013 0.981 0.003
1953 1953 (0) 21 : 0.008 0.033 0.952 0.006
1954 1954 (0) 21 : 0.005 0.011 0.981 0.003
1955 1955 (0) 21 : 0.004 0.020 0.972 0.004
1956 1956 (0) 22 : 0.004 0.011 0.940 0.046
1957 1957 (10) 22 : 0.005 0.025 0.959 0.011
1958 1958 (10) 22 : 0.040 0.013 0.938 0.010
1959 1959 (5) 22 : 0.004 0.019 0.973 0.004
1960 1960 (5) 22 : 0.010 0.049 0.936 0.005
1961 1961 (0) 22 : 0.006 0.037 0.953 0.003
1962 1962 (5) 22 : 0.027 0.122 0.846 0.005
1963 1963 (5) 22 : 0.004 0.254 0.737 0.006
1964 1964 (0) 22 : 0.004 0.039 0.953 0.004
1965 1965 (0) 22 : 0.004 0.016 0.976 0.004
1966 1966 (0) 22 : 0.004 0.016 0.976 0.004
1967 1967 (0) 22 : 0.005 0.010 0.982 0.003
1968 1968 (0) 22 : 0.012 0.010 0.973 0.005
1969 1969 (5) 22 : 0.006 0.014 0.977 0.004
1970 1970 (5) 22 : 0.014 0.015 0.935 0.036
1971 1971 (10) 22 : 0.004 0.025 0.962 0.009
1972 1972 (0) 22 : 0.005 0.010 0.981 0.004
1973 1973 (5) 22 : 0.024 0.073 0.894 0.009
1974 1974 (5) 22 : 0.016 0.007 0.972 0.006
1975 1975 (0) 22 : 0.005 0.008 0.984 0.003
1976 1976 (5) 22 : 0.004 0.055 0.936 0.004
1977 1977 (0) 22 : 0.012 0.005 0.973 0.009
1978 1978 (5) 22 : 0.021 0.039 0.937 0.003
1979 1979 (0) 22 : 0.004 0.084 0.907 0.005
1980 1980 (0) 22 : 0.013 0.106 0.873 0.008
1981 1981 (0) 22 : 0.022 0.016 0.950 0.012
1982 1982 (0) 22 : 0.004 0.139 0.853 0.005
1983 1983 (0) 22 : 0.003 0.027 0.965 0.004
1984 1984 (0) 22 : 0.004 0.261 0.729 0.006
1985 1985 (0) 22 : 0.022 0.049 0.909 0.020
1986 1986 (0) 22 : 0.008 0.009 0.975 0.008
1987 1987 (0) 22 : 0.005 0.194 0.793 0.009
1988 1988 (0) 22 : 0.004 0.028 0.964 0.005
1989 1989 (0) 22 : 0.004 0.008 0.981 0.007
1990 1990 (0) 22 : 0.008 0.010 0.972 0.011
1991 1991 (0) 22 : 0.005 0.008 0.983 0.004
1992 1992 (0) 22 : 0.006 0.005 0.976 0.013
1993 1993 (0) 22 : 0.003 0.008 0.984 0.005
1994 1994 (5) 22 : 0.010 0.011 0.973 0.006
1995 1995 (5) 22 : 0.015 0.044 0.936 0.005
1996 1996 (0) 22 : 0.016 0.006 0.971 0.007
1997 1997 (15) 22 : 0.024 0.011 0.950 0.015
1998 1998 (10) 22 : 0.004 0.084 0.908 0.004
1999 1999 (10) 22 : 0.007 0.011 0.978 0.005
2000 2000 (10) 22 : 0.007 0.012 0.975 0.006
2001 2001 (5) 22 : 0.010 0.016 0.968 0.005
2002 2002 (5) 22 : 0.005 0.031 0.960 0.004
2003 2003 (5) 22 : 0.011 0.005 0.980 0.005
2004 2004 (5) 22 : 0.005 0.048 0.943 0.004
2005 2005 (5) 22 : 0.006 0.009 0.981 0.004
2006 2006 (5) 22 : 0.007 0.008 0.981 0.005
2007 2007 (15) 22 : 0.012 0.013 0.965 0.011
2008 2008 (5) 22 : 0.003 0.019 0.956 0.022
2009 2009 (5) 22 : 0.004 0.017 0.975 0.004
2010 2010 (15) 22 : 0.007 0.036 0.951 0.006
2011 2011 (5) 22 : 0.008 0.015 0.929 0.048
2012 2012 (5) 22 : 0.050 0.021 0.913 0.016
2013 2013 (5) 22 : 0.007 0.006 0.982 0.005
2014 2014 (5) 22 : 0.005 0.054 0.938 0.004
2015 2015 (10) 22 : 0.012 0.009 0.973 0.007
2016 2016 (5) 22 : 0.004 0.247 0.745 0.004
2017 2017 (5) 22 : 0.008 0.003 0.984 0.005
2018 2018 (10) 22 : 0.005 0.113 0.878 0.005
2019 2019 (10) 22 : 0.007 0.010 0.976 0.007
2020 2020 (10) 22 : 0.006 0.015 0.939 0.040
2021 2021 (10) 22 : 0.010 0.025 0.945 0.021
2022 2022 (5) 22 : 0.005 0.013 0.979 0.003
2023 2023 (10) 22 : 0.196 0.017 0.782 0.005
2024 2024 (0) 22 : 0.008 0.094 0.895 0.003
2025 2025 (5) 22 : 0.006 0.122 0.867 0.005
2026 2026 (0) 22 : 0.003 0.015 0.978 0.004
2027 2027 (0) 22 : 0.003 0.006 0.988 0.003
2028 2028 (0) 22 : 0.004 0.009 0.979 0.008
2029 2029 (0) 22 : 0.007 0.025 0.942 0.025
2030 2030 (0) 22 : 0.010 0.011 0.976 0.003
2031 2031 (0) 22 : 0.005 0.085 0.897 0.013
2032 2032 (0) 22 : 0.012 0.254 0.728 0.006
2033 2033 (10) 22 : 0.005 0.017 0.965 0.012
2034 2034 (10) 22 : 0.011 0.008 0.937 0.044
2035 2035 (0) 22 : 0.005 0.026 0.951 0.018
2036 2036 (5) 22 : 0.008 0.008 0.911 0.072
2037 2037 (0) 22 : 0.008 0.023 0.963 0.006
2038 2038 (5) 22 : 0.006 0.009 0.970 0.015
2039 2039 (5) 22 : 0.006 0.036 0.954 0.004
2040 2040 (5) 22 : 0.015 0.056 0.922 0.007
2041 2041 (10) 22 : 0.003 0.015 0.978 0.004
2042 2042 (0) 22 : 0.005 0.008 0.982 0.005
2043 2043 (0) 22 : 0.005 0.012 0.978 0.005
2044 2044 (0) 22 : 0.044 0.006 0.926 0.024
2045 2045 (0) 22 : 0.010 0.006 0.979 0.004
2046 2046 (0) 22 : 0.009 0.012 0.973 0.006
2047 2047 (0) 22 : 0.006 0.008 0.981 0.005
2048 2048 (0) 22 : 0.004 0.113 0.879 0.004
2049 2049 (0) 22 : 0.009 0.009 0.977 0.005
2050 2050 (0) 22 : 0.005 0.089 0.902 0.004
2051 2051 (0) 22 : 0.006 0.012 0.977 0.005
2052 2052 (0) 22 : 0.009 0.008 0.977 0.006
2053 2053 (0) 22 : 0.011 0.051 0.922 0.016
2054 2054 (0) 22 : 0.009 0.016 0.966 0.009
2055 2055 (0) 22 : 0.033 0.012 0.946 0.010
2056 2056 (0) 22 : 0.006 0.062 0.928 0.004
2057 2057 (0) 22 : 0.004 0.017 0.962 0.017
2058 2058 (0) 22 : 0.003 0.015 0.977 0.004
2059 2059 (5) 22 : 0.009 0.009 0.977 0.005
2060 2060 (0) 22 : 0.005 0.043 0.946 0.005
2061 2061 (5) 22 : 0.036 0.006 0.719 0.238
2062 2062 (0) 22 : 0.005 0.008 0.983 0.004
2063 2063 (0) 22 : 0.012 0.186 0.791 0.010
2064 2064 (0) 22 : 0.044 0.018 0.932 0.006
2065 2065 (0) 22 : 0.005 0.018 0.972 0.005
2066 2066 (0) 22 : 0.005 0.017 0.974 0.004
2067 2067 (0) 22 : 0.019 0.029 0.948 0.004
2068 2068 (0) 22 : 0.003 0.090 0.902 0.005
2069 2069 (0) 22 : 0.003 0.010 0.983 0.004
2070 2070 (0) 22 : 0.007 0.014 0.974 0.005
2071 2071 (0) 22 : 0.006 0.009 0.980 0.005
2072 2072 (0) 22 : 0.008 0.110 0.871 0.012
2073 2073 (0) 22 : 0.009 0.008 0.979 0.004
2074 2074 (0) 22 : 0.005 0.007 0.974 0.014
2075 2075 (5) 22 : 0.007 0.014 0.975 0.004
2076 2076 (0) 22 : 0.008 0.027 0.957 0.008
2077 2077 (0) 22 : 0.011 0.033 0.950 0.006
2078 2078 (0) 22 : 0.005 0.024 0.955 0.016
2079 2079 (10) 22 : 0.004 0.043 0.949 0.004
2080 2080 (0) 22 : 0.003 0.011 0.981 0.005
2081 2081 (0) 22 : 0.003 0.017 0.977 0.004
2082 2082 (0) 22 : 0.005 0.014 0.967 0.014
2083 2083 (10) 22 : 0.004 0.007 0.986 0.003
2084 2084 (5) 22 : 0.008 0.008 0.980 0.004
2085 2085 (0) 22 : 0.005 0.011 0.977 0.006
2086 2086 (5) 22 : 0.004 0.010 0.979 0.007
2087 2087 (5) 22 : 0.003 0.006 0.988 0.003
2088 2088 (10) 22 : 0.009 0.008 0.979 0.005
2089 2089 (0) 22 : 0.004 0.024 0.968 0.004
2090 2090 (5) 22 : 0.046 0.010 0.926 0.018
2091 2091 (10) 22 : 0.004 0.025 0.967 0.004
2092 2092 (0) 22 : 0.010 0.009 0.975 0.006
2093 2093 (0) 22 : 0.005 0.014 0.972 0.010
2094 2094 (0) 22 : 0.019 0.006 0.967 0.008
2095 2095 (0) 22 : 0.121 0.029 0.842 0.008
2096 2096 (0) 22 : 0.004 0.021 0.971 0.004
2097 2097 (0) 22 : 0.004 0.006 0.979 0.011
2098 2098 (0) 22 : 0.005 0.051 0.940 0.004
2099 2099 (0) 22 : 0.009 0.035 0.952 0.004
2100 2100 (0) 22 : 0.003 0.025 0.969 0.003
2101 2101 (5) 22 : 0.015 0.005 0.966 0.014
2102 2102 (0) 22 : 0.003 0.019 0.975 0.003
2103 2103 (0) 22 : 0.046 0.397 0.550 0.006
2104 2104 (0) 22 : 0.009 0.009 0.976 0.006
2105 2105 (5) 22 : 0.006 0.024 0.961 0.009
2106 2106 (0) 22 : 0.003 0.022 0.968 0.007
2107 2107 (0) 22 : 0.009 0.018 0.964 0.009
2108 2108 (0) 22 : 0.007 0.041 0.948 0.004
2109 2109 (0) 22 : 0.011 0.043 0.943 0.003
2110 2110 (0) 22 : 0.009 0.008 0.978 0.005
2111 2111 (0) 22 : 0.016 0.081 0.895 0.007
2112 2112 (0) 22 : 0.003 0.009 0.980 0.008
2113 2113 (0) 22 : 0.011 0.013 0.970 0.005
2114 2114 (0) 22 : 0.006 0.019 0.970 0.005
2115 2115 (0) 22 : 0.010 0.010 0.967 0.013
2116 2116 (0) 22 : 0.004 0.252 0.740 0.003
2117 2117 (0) 22 : 0.003 0.021 0.972 0.003
2118 2118 (0) 22 : 0.004 0.008 0.984 0.004
2119 2119 (0) 22 : 0.005 0.010 0.981 0.003
2120 2120 (0) 22 : 0.004 0.009 0.983 0.004
2121 2121 (0) 22 : 0.004 0.011 0.981 0.004
2122 2122 (0) 22 : 0.010 0.012 0.973 0.005
2123 2123 (0) 22 : 0.008 0.010 0.967 0.014
2124 2124 (0) 22 : 0.005 0.015 0.973 0.006
2125 2125 (0) 22 : 0.004 0.007 0.984 0.004
2126 2126 (10) 22 : 0.005 0.011 0.974 0.009
2127 2127 (5) 22 : 0.103 0.032 0.861 0.004
2128 2128 (10) 22 : 0.008 0.010 0.976 0.006
2129 2129 (5) 22 : 0.038 0.038 0.846 0.078
2130 2130 (10) 22 : 0.005 0.022 0.969 0.004
2131 2131 (10) 22 : 0.012 0.087 0.895 0.006
2132 2132 (0) 22 : 0.020 0.049 0.922 0.009
2133 2133 (5) 22 : 0.004 0.018 0.970 0.008
2134 2134 (5) 22 : 0.009 0.008 0.956 0.027
2135 2135 (10) 22 : 0.029 0.038 0.923 0.010
2136 2136 (0) 22 : 0.004 0.037 0.955 0.004
2137 2137 (0) 22 : 0.004 0.011 0.979 0.006
2138 2138 (0) 22 : 0.005 0.009 0.981 0.005
2139 2139 (0) 22 : 0.003 0.008 0.982 0.006
2140 2140 (0) 22 : 0.004 0.263 0.708 0.025
2141 2141 (0) 22 : 0.004 0.003 0.962 0.030
2142 2142 (0) 22 : 0.005 0.012 0.824 0.158
2143 2143 (0) 22 : 0.006 0.004 0.986 0.004
2144 2144 (0) 22 : 0.007 0.006 0.983 0.004
2145 2145 (5) 22 : 0.021 0.010 0.949 0.020
2146 2146 (0) 22 : 0.032 0.017 0.939 0.013
2147 2147 (0) 22 : 0.007 0.043 0.945 0.004
2148 2148 (10) 22 : 0.005 0.024 0.962 0.009
2149 2149 (5) 22 : 0.008 0.074 0.910 0.009
2150 2150 (0) 22 : 0.006 0.008 0.983 0.003
2151 2151 (5) 22 : 0.008 0.014 0.962 0.016
2152 2152 (5) 22 : 0.007 0.018 0.968 0.007
2153 2153 (0) 22 : 0.005 0.024 0.966 0.005
2154 2154 (0) 22 : 0.009 0.019 0.911 0.061
2155 2155 (0) 22 : 0.004 0.014 0.977 0.005
2156 2156 (0) 22 : 0.010 0.005 0.978 0.007
2157 2157 (0) 22 : 0.004 0.055 0.937 0.003
2158 2158 (0) 22 : 0.004 0.021 0.960 0.014
2159 2159 (0) 22 : 0.009 0.012 0.975 0.004
2160 2160 (0) 22 : 0.005 0.006 0.985 0.003
2161 2161 (0) 22 : 0.004 0.008 0.985 0.003
2162 2162 (0) 22 : 0.005 0.013 0.978 0.004
2163 2163 (0) 22 : 0.011 0.027 0.950 0.011
2164 2164 (0) 22 : 0.014 0.009 0.973 0.004
2165 2165 (0) 22 : 0.012 0.005 0.980 0.004
2166 2166 (0) 22 : 0.007 0.004 0.985 0.004
2167 2167 (0) 22 : 0.007 0.096 0.890 0.006
2168 2168 (0) 22 : 0.017 0.040 0.936 0.007
2169 2169 (0) 22 : 0.007 0.096 0.891 0.006
2170 2170 (0) 22 : 0.006 0.006 0.983 0.004
2171 2171 (0) 22 : 0.009 0.007 0.981 0.004
2172 2172 (0) 22 : 0.004 0.008 0.985 0.003
2173 2173 (0) 22 : 0.003 0.007 0.987 0.003
2174 2174 (0) 22 : 0.003 0.044 0.949 0.004
2175 2175 (0) 22 : 0.004 0.121 0.873 0.003
2176 2176 (0) 22 : 0.005 0.101 0.876 0.018
2177 2177 (0) 22 : 0.013 0.034 0.877 0.077
2178 2178 (0) 22 : 0.005 0.009 0.983 0.004
2179 2179 (0) 22 : 0.017 0.014 0.958 0.010
2180 2180 (0) 22 : 0.004 0.062 0.929 0.004
2181 2181 (0) 22 : 0.018 0.014 0.964 0.004
2182 2182 (0) 22 : 0.005 0.010 0.981 0.004
2183 2183 (0) 22 : 0.006 0.018 0.968 0.008
2184 2184 (0) 22 : 0.005 0.031 0.954 0.010
2185 2185 (0) 22 : 0.010 0.009 0.978 0.004
2186 2186 (0) 22 : 0.005 0.025 0.964 0.006
2187 2187 (0) 22 : 0.003 0.018 0.975 0.004
2188 2188 (0) 22 : 0.005 0.086 0.899 0.010
2189 2189 (0) 22 : 0.005 0.008 0.983 0.005
2190 2190 (0) 22 : 0.004 0.009 0.980 0.007
2191 2191 (0) 22 : 0.005 0.017 0.971 0.006
2192 2192 (0) 22 : 0.006 0.006 0.983 0.005
2193 2193 (0) 22 : 0.003 0.008 0.983 0.006
2194 2194 (0) 22 : 0.005 0.008 0.983 0.004
2195 2195 (0) 22 : 0.005 0.010 0.981 0.003
2196 2196 (5) 23 : 0.016 0.008 0.962 0.013
2197 2197 (0) 23 : 0.012 0.008 0.975 0.005
2198 2198 (0) 23 : 0.011 0.032 0.950 0.007
2199 2199 (0) 23 : 0.008 0.010 0.976 0.007
2200 2200 (0) 23 : 0.004 0.026 0.966 0.005
2201 2201 (0) 23 : 0.028 0.014 0.804 0.154
2202 2202 (0) 23 : 0.010 0.012 0.972 0.007
2203 2203 (0) 23 : 0.007 0.107 0.869 0.017
2204 2204 (0) 23 : 0.014 0.013 0.969 0.004
2205 2205 (0) 23 : 0.005 0.008 0.981 0.007
2206 2206 (0) 23 : 0.005 0.012 0.969 0.014
2207 2207 (0) 23 : 0.004 0.015 0.976 0.006
2208 2208 (0) 23 : 0.006 0.030 0.959 0.005
2209 2209 (0) 23 : 0.006 0.008 0.981 0.006
2210 2210 (0) 23 : 0.007 0.105 0.882 0.006
2211 2211 (0) 23 : 0.004 0.012 0.981 0.003
2212 2212 (0) 23 : 0.009 0.006 0.982 0.004
2213 2213 (0) 23 : 0.004 0.005 0.983 0.008
2214 2214 (0) 23 : 0.006 0.005 0.984 0.005
2215 2215 (0) 23 : 0.010 0.005 0.970 0.015
2216 2216 (0) 23 : 0.014 0.168 0.805 0.013
2217 2217 (0) 23 : 0.086 0.006 0.901 0.006
2218 2218 (0) 23 : 0.012 0.013 0.970 0.005
2219 2219 (0) 23 : 0.012 0.021 0.961 0.006
2220 2220 (0) 23 : 0.005 0.005 0.976 0.015
2221 2221 (0) 23 : 0.018 0.010 0.966 0.006
2222 2222 (0) 23 : 0.039 0.031 0.925 0.005
2223 2223 (0) 23 : 0.012 0.007 0.973 0.008
2224 2224 (0) 23 : 0.005 0.035 0.949 0.011
2225 2225 (0) 23 : 0.011 0.004 0.974 0.010
2226 2226 (0) 23 : 0.006 0.042 0.902 0.050
2227 2227 (10) 23 : 0.010 0.009 0.975 0.006
2228 2228 (5) 23 : 0.005 0.038 0.951 0.006
2229 2229 (0) 23 : 0.026 0.004 0.956 0.014
2230 2230 (0) 23 : 0.006 0.003 0.983 0.008
2231 2231 (0) 23 : 0.008 0.019 0.963 0.010
2232 2232 (0) 23 : 0.004 0.006 0.984 0.006
2233 2233 (0) 23 : 0.007 0.008 0.966 0.019
2234 2234 (0) 23 : 0.008 0.004 0.984 0.004
2235 2235 (0) 23 : 0.005 0.012 0.964 0.018
2236 2236 (0) 23 : 0.009 0.005 0.977 0.009
2237 2237 (0) 23 : 0.020 0.006 0.970 0.003
2238 2238 (5) 23 : 0.038 0.008 0.946 0.008
2239 2239 (0) 23 : 0.010 0.025 0.957 0.008
2240 2240 (0) 23 : 0.012 0.006 0.979 0.003
2241 2241 (0) 23 : 0.009 0.007 0.979 0.005
2242 2242 (0) 23 : 0.010 0.011 0.969 0.009
2243 2243 (0) 23 : 0.015 0.005 0.976 0.004
2244 2244 (5) 23 : 0.118 0.017 0.860 0.005
2245 2245 (0) 23 : 0.096 0.012 0.879 0.014
2246 2246 (0) 23 : 0.005 0.071 0.918 0.005
2247 2247 (0) 23 : 0.061 0.006 0.929 0.004
2248 2248 (0) 23 : 0.018 0.008 0.967 0.007
2249 2249 (0) 23 : 0.007 0.029 0.960 0.004
2250 2250 (0) 23 : 0.005 0.010 0.980 0.004
2251 2251 (5) 23 : 0.008 0.013 0.970 0.009
2252 2252 (5) 23 : 0.108 0.004 0.880 0.007
2253 2253 (0) 23 : 0.011 0.006 0.978 0.005
2254 2254 (0) 23 : 0.065 0.021 0.908 0.006
2255 2255 (0) 23 : 0.009 0.005 0.979 0.007
2256 2256 (0) 23 : 0.005 0.006 0.986 0.004
2257 2257 (0) 23 : 0.007 0.010 0.977 0.006
2258 2258 (0) 23 : 0.040 0.010 0.938 0.012
2259 2259 (0) 23 : 0.047 0.005 0.941 0.007
2260 2260 (0) 23 : 0.014 0.006 0.978 0.003
2261 2261 (0) 23 : 0.042 0.010 0.944 0.003
2262 2262 (0) 23 : 0.008 0.007 0.981 0.004
2263 2263 (0) 23 : 0.017 0.006 0.970 0.007
2264 2264 (0) 24 : 0.004 0.018 0.973 0.005
2265 2265 (0) 24 : 0.004 0.020 0.971 0.006
2266 2266 (0) 24 : 0.008 0.013 0.970 0.009
2267 2267 (0) 24 : 0.006 0.012 0.968 0.013
2268 2268 (0) 24 : 0.007 0.012 0.975 0.006
2269 2269 (0) 24 : 0.011 0.006 0.980 0.003
2270 2270 (0) 24 : 0.004 0.011 0.980 0.004
2271 2271 (0) 24 : 0.165 0.004 0.817 0.014
2272 2272 (0) 24 : 0.011 0.015 0.965 0.009
2273 2273 (0) 24 : 0.014 0.014 0.965 0.007
2274 2274 (0) 24 : 0.007 0.007 0.982 0.004
2275 2275 (0) 24 : 0.005 0.010 0.977 0.008
2276 2276 (0) 24 : 0.014 0.004 0.977 0.006
2277 2277 (0) 24 : 0.005 0.013 0.978 0.004
2278 2278 (0) 24 : 0.005 0.005 0.976 0.014
2279 2279 (0) 24 : 0.007 0.006 0.983 0.004
2280 2280 (0) 24 : 0.010 0.008 0.977 0.004
2281 2281 (0) 24 : 0.043 0.007 0.943 0.007
2282 2282 (0) 24 : 0.008 0.006 0.982 0.005
2283 2283 (0) 24 : 0.006 0.008 0.982 0.004
2284 2284 (0) 24 : 0.008 0.009 0.979 0.004
2285 2285 (0) 24 : 0.007 0.011 0.975 0.006
2286 2286 (0) 24 : 0.003 0.017 0.976 0.004
2287 2287 (0) 24 : 0.006 0.032 0.958 0.004
2288 2288 (0) 24 : 0.006 0.007 0.983 0.004
2289 2289 (0) 24 : 0.008 0.006 0.967 0.020
2290 2290 (0) 24 : 0.007 0.004 0.985 0.005
2291 2291 (0) 24 : 0.005 0.013 0.963 0.019
2292 2292 (0) 24 : 0.005 0.004 0.959 0.032
2293 2293 (0) 24 : 0.025 0.023 0.943 0.009
2294 2294 (0) 24 : 0.004 0.017 0.971 0.008
2295 2295 (0) 25 : 0.004 0.007 0.975 0.014
2296 2296 (0) 25 : 0.027 0.011 0.957 0.005
2297 2297 (0) 25 : 0.007 0.024 0.963 0.006
2298 2298 (0) 25 : 0.004 0.009 0.983 0.004
2299 2299 (0) 25 : 0.003 0.021 0.971 0.004
2300 2300 (0) 25 : 0.004 0.010 0.982 0.004
2301 2301 (0) 25 : 0.006 0.023 0.962 0.009
2302 2302 (0) 25 : 0.004 0.091 0.900 0.004
2303 2303 (0) 25 : 0.004 0.016 0.976 0.004
2304 2304 (0) 25 : 0.019 0.008 0.968 0.005
2305 2305 (0) 25 : 0.011 0.004 0.977 0.008
2306 2306 (0) 25 : 0.019 0.007 0.964 0.010
2307 2307 (0) 25 : 0.024 0.009 0.957 0.011
2308 2308 (0) 25 : 0.004 0.007 0.984 0.005
2309 2309 (0) 25 : 0.005 0.009 0.978 0.008
2310 2310 (0) 25 : 0.004 0.063 0.928 0.005
2311 2311 (0) 25 : 0.006 0.004 0.981 0.009
2312 2312 (0) 25 : 0.030 0.010 0.954 0.006
2313 2313 (0) 25 : 0.014 0.024 0.958 0.004
2314 2314 (0) 25 : 0.012 0.006 0.970 0.012
2315 2315 (0) 25 : 0.010 0.004 0.979 0.007
2316 2316 (0) 25 : 0.006 0.007 0.981 0.006
2317 2317 (0) 25 : 0.020 0.005 0.958 0.017
2318 2318 (0) 25 : 0.008 0.005 0.979 0.007
2319 2319 (0) 25 : 0.024 0.007 0.964 0.005
2320 2320 (0) 25 : 0.009 0.007 0.979 0.006
2321 2321 (0) 25 : 0.005 0.021 0.968 0.006
2322 2322 (0) 25 : 0.014 0.012 0.961 0.014
2323 2323 (0) 25 : 0.016 0.011 0.966 0.007
2324 2324 (0) 25 : 0.005 0.005 0.974 0.015
2325 2325 (0) 25 : 0.013 0.007 0.974 0.006
2326 2326 (0) 25 : 0.005 0.007 0.982 0.006
2327 2327 (0) 25 : 0.027 0.007 0.962 0.003
2328 2328 (0) 25 : 0.004 0.004 0.987 0.005
2329 2329 (0) 25 : 0.005 0.010 0.978 0.007
2330 2330 (0) 25 : 0.012 0.007 0.964 0.016
2331 2331 (0) 25 : 0.012 0.015 0.966 0.007
2332 2332 (0) 25 : 0.006 0.011 0.980 0.003
2333 2333 (0) 25 : 0.004 0.028 0.965 0.004
2334 2334 (0) 25 : 0.004 0.015 0.974 0.007
2335 2335 (0) 25 : 0.004 0.004 0.985 0.007
2336 2336 (0) 25 : 0.080 0.019 0.895 0.007
2337 2337 (0) 25 : 0.007 0.010 0.977 0.005
2338 2338 (0) 25 : 0.005 0.026 0.965 0.004
2339 2339 (0) 25 : 0.010 0.005 0.981 0.004
2340 2340 (0) 25 : 0.004 0.009 0.984 0.003
2341 2341 (0) 25 : 0.004 0.014 0.976 0.006
2342 2342 (0) 25 : 0.029 0.004 0.948 0.018
2343 2343 (0) 25 : 0.008 0.003 0.984 0.006
2344 2344 (0) 25 : 0.008 0.006 0.978 0.008
2345 2345 (0) 25 : 0.021 0.031 0.940 0.008
2346 2346 (0) 25 : 0.003 0.010 0.980 0.006
2347 2347 (0) 25 : 0.003 0.005 0.986 0.006
2348 2348 (0) 25 : 0.053 0.006 0.935 0.007
2349 2349 (0) 25 : 0.036 0.025 0.933 0.006
2350 2350 (0) 25 : 0.007 0.006 0.983 0.004
2351 2351 (0) 25 : 0.005 0.010 0.979 0.005
2352 2352 (0) 25 : 0.011 0.008 0.974 0.007
2353 2353 (0) 25 : 0.009 0.010 0.976 0.005
2354 2354 (0) 25 : 0.015 0.008 0.967 0.010
2355 2355 (0) 25 : 0.013 0.008 0.955 0.024
2356 2356 (0) 25 : 0.009 0.009 0.975 0.008
2357 2357 (0) 25 : 0.005 0.051 0.939 0.005
2358 2358 (0) 25 : 0.006 0.004 0.987 0.003
2359 2359 (0) 25 : 0.005 0.012 0.981 0.003
2360 2360 (0) 25 : 0.008 0.010 0.977 0.004
2361 2361 (0) 25 : 0.009 0.005 0.969 0.016
2362 2362 (0) 25 : 0.005 0.010 0.982 0.004
2363 2363 (0) 25 : 0.023 0.004 0.969 0.003
2364 2364 (0) 25 : 0.006 0.012 0.974 0.008
2365 2365 (0) 25 : 0.005 0.018 0.973 0.004
2366 2366 (0) 25 : 0.007 0.009 0.969 0.014
2367 2367 (0) 25 : 0.023 0.006 0.961 0.010
2368 2368 (0) 25 : 0.005 0.009 0.982 0.004
2369 2369 (0) 25 : 0.005 0.008 0.985 0.003
2370 2370 (0) 25 : 0.006 0.008 0.980 0.006
2371 2371 (0) 25 : 0.006 0.006 0.980 0.008
2372 2372 (0) 25 : 0.016 0.015 0.961 0.008
2373 2373 (0) 25 : 0.005 0.004 0.989 0.003
2374 2374 (0) 25 : 0.013 0.039 0.942 0.006
2375 2375 (0) 25 : 0.043 0.022 0.916 0.019
2376 2376 (0) 25 : 0.007 0.024 0.966 0.004
2377 2377 (0) 25 : 0.006 0.011 0.975 0.007
2378 2378 (0) 25 : 0.006 0.006 0.984 0.005
2379 2379 (0) 25 : 0.010 0.005 0.970 0.015
2380 2380 (0) 25 : 0.009 0.006 0.981 0.004
2381 2381 (0) 25 : 0.004 0.009 0.984 0.003
2382 2382 (0) 25 : 0.012 0.007 0.976 0.005
2383 2383 (0) 25 : 0.010 0.024 0.955 0.011
2384 2384 (0) 25 : 0.005 0.010 0.978 0.007
2385 2385 (0) 25 : 0.006 0.015 0.969 0.009
2386 2386 (0) 25 : 0.018 0.005 0.971 0.006
2387 2387 (0) 25 : 0.009 0.014 0.970 0.006
2388 2388 (0) 25 : 0.025 0.010 0.951 0.014
2389 2389 (0) 25 : 0.017 0.005 0.971 0.006
2390 2390 (0) 25 : 0.013 0.005 0.977 0.005
2391 2391 (0) 25 : 0.006 0.005 0.983 0.006
2392 2392 (0) 25 : 0.010 0.005 0.979 0.006
2393 2393 (0) 25 : 0.009 0.009 0.971 0.011
2394 2394 (0) 25 : 0.005 0.008 0.978 0.009
2395 2395 (0) 25 : 0.006 0.003 0.984 0.007
2396 2396 (0) 25 : 0.006 0.009 0.979 0.005
2397 2397 (0) 25 : 0.005 0.030 0.948 0.016
2398 2398 (0) 25 : 0.003 0.049 0.937 0.011
2399 2399 (0) 25 : 0.006 0.012 0.974 0.008
2400 2400 (0) 25 : 0.004 0.007 0.983 0.005
2401 2401 (0) 25 : 0.005 0.005 0.987 0.004
2402 2402 (0) 25 : 0.003 0.014 0.976 0.006
2403 2403 (0) 25 : 0.035 0.005 0.955 0.005
2404 2404 (0) 25 : 0.023 0.049 0.921 0.007
2405 2405 (0) 25 : 0.017 0.014 0.962 0.007
2406 2406 (0) 25 : 0.012 0.016 0.964 0.008
2407 2407 (0) 25 : 0.006 0.007 0.978 0.009
2408 2408 (0) 25 : 0.009 0.004 0.982 0.005
2409 2409 (0) 25 : 0.006 0.005 0.970 0.018
2410 2410 (0) 25 : 0.008 0.010 0.967 0.015
2411 2411 (0) 25 : 0.011 0.016 0.966 0.008
2412 2412 (0) 25 : 0.006 0.011 0.980 0.004
2413 2413 (0) 25 : 0.003 0.008 0.983 0.005
2414 2414 (0) 25 : 0.010 0.110 0.874 0.007
2415 2415 (0) 25 : 0.012 0.004 0.981 0.003
2416 2416 (0) 25 : 0.005 0.356 0.632 0.007
2417 2417 (0) 25 : 0.008 0.016 0.971 0.004
2418 2418 (0) 25 : 0.003 0.006 0.988 0.003
2419 2419 (0) 25 : 0.018 0.007 0.970 0.005
2420 2420 (0) 26 : 0.007 0.008 0.979 0.007
2421 2421 (0) 26 : 0.047 0.006 0.934 0.013
2422 2422 (0) 26 : 0.006 0.011 0.975 0.008
2423 2423 (0) 26 : 0.013 0.008 0.974 0.005
2424 2424 (0) 26 : 0.006 0.008 0.982 0.005
2425 2425 (0) 26 : 0.024 0.007 0.962 0.007
2426 2426 (0) 26 : 0.038 0.003 0.940 0.019
2427 2427 (0) 26 : 0.004 0.005 0.918 0.073
2428 2428 (0) 26 : 0.011 0.006 0.953 0.030
2429 2429 (0) 26 : 0.012 0.032 0.948 0.009
2430 2430 (0) 26 : 0.010 0.004 0.980 0.006
2431 2431 (0) 26 : 0.008 0.005 0.982 0.005
2432 2432 (0) 26 : 0.010 0.004 0.981 0.005
2433 2433 (0) 26 : 0.016 0.007 0.968 0.008
2434 2434 (0) 26 : 0.006 0.004 0.980 0.010
2435 2435 (10) 26 : 0.009 0.007 0.975 0.008
2436 2436 (0) 26 : 0.010 0.007 0.976 0.007
2437 2437 (0) 26 : 0.022 0.020 0.920 0.038
2438 2438 (0) 26 : 0.012 0.015 0.967 0.005
2439 2439 (0) 26 : 0.239 0.009 0.744 0.008
2440 2440 (5) 26 : 0.012 0.005 0.973 0.010
2441 2441 (0) 26 : 0.006 0.016 0.972 0.006
2442 2442 (0) 26 : 0.026 0.003 0.965 0.006
2443 2443 (0) 26 : 0.102 0.015 0.831 0.052
2444 2444 (0) 26 : 0.009 0.007 0.964 0.020
2445 2445 (0) 26 : 0.006 0.010 0.979 0.005
2446 2446 (0) 26 : 0.005 0.004 0.983 0.008
2447 2447 (5) 26 : 0.050 0.004 0.943 0.004
2448 2448 (0) 26 : 0.009 0.011 0.966 0.014
2449 2449 (0) 26 : 0.008 0.007 0.975 0.010
2450 2450 (0) 26 : 0.026 0.005 0.961 0.009
2451 2451 (0) 26 : 0.004 0.015 0.974 0.007
2452 2452 (0) 26 : 0.005 0.007 0.980 0.008
2453 2453 (0) 26 : 0.008 0.033 0.954 0.004
2454 2454 (0) 26 : 0.006 0.008 0.979 0.006
2455 2455 (0) 26 : 0.007 0.011 0.978 0.004
2456 2456 (0) 26 : 0.040 0.004 0.952 0.004
2457 2457 (5) 26 : 0.007 0.024 0.962 0.008
2458 2458 (0) 26 : 0.009 0.005 0.981 0.005
2459 2459 (0) 26 : 0.007 0.005 0.982 0.006
2460 2460 (0) 26 : 0.007 0.006 0.984 0.003
2461 2461 (5) 26 : 0.010 0.006 0.965 0.018
2462 2462 (5) 26 : 0.050 0.008 0.937 0.005
2463 2463 (10) 26 : 0.009 0.007 0.976 0.008
2464 2464 (5) 26 : 0.040 0.005 0.950 0.006
2465 2465 (5) 26 : 0.005 0.006 0.984 0.004
2466 2466 (5) 26 : 0.005 0.008 0.979 0.007
2467 2467 (5) 26 : 0.107 0.006 0.878 0.008
2468 2468 (5) 26 : 0.007 0.008 0.979 0.006
2469 2469 (10) 26 : 0.007 0.007 0.981 0.005
2470 2470 (5) 26 : 0.030 0.008 0.949 0.013
2471 2471 (5) 26 : 0.004 0.006 0.983 0.007
2472 2472 (5) 26 : 0.015 0.019 0.959 0.007
2473 2473 (0) 27 : 0.007 0.005 0.977 0.011
2474 2474 (0) 27 : 0.012 0.004 0.979 0.004
2475 2475 (0) 27 : 0.033 0.008 0.953 0.006
2476 2476 (0) 27 : 0.005 0.004 0.985 0.006
2477 2477 (0) 27 : 0.064 0.018 0.789 0.129
2478 2478 (0) 27 : 0.021 0.005 0.967 0.007
2479 2479 (0) 27 : 0.016 0.009 0.966 0.009
2480 2480 (0) 27 : 0.143 0.009 0.833 0.014
2481 2481 (0) 27 : 0.006 0.018 0.966 0.010
2482 2482 (0) 27 : 0.019 0.005 0.973 0.004
2483 2483 (0) 27 : 0.075 0.005 0.894 0.026
2484 2484 (0) 27 : 0.014 0.013 0.935 0.039
2485 2485 (0) 27 : 0.007 0.007 0.980 0.007
2486 2486 (0) 27 : 0.044 0.012 0.908 0.037
2487 2487 (0) 27 : 0.005 0.019 0.970 0.006
2488 2488 (0) 27 : 0.008 0.007 0.980 0.005
2489 2489 (0) 27 : 0.004 0.005 0.985 0.006
2490 2490 (0) 27 : 0.065 0.005 0.923 0.007
2491 2491 (0) 27 : 0.012 0.004 0.972 0.013
2492 2492 (0) 27 : 0.006 0.004 0.984 0.006
2493 2493 (0) 27 : 0.013 0.005 0.977 0.006
2494 2494 (0) 27 : 0.003 0.003 0.989 0.004
2495 2495 (0) 27 : 0.026 0.015 0.940 0.019
2496 2496 (0) 27 : 0.009 0.006 0.981 0.004
2497 2497 (0) 27 : 0.012 0.013 0.970 0.005
2498 2498 (0) 27 : 0.022 0.008 0.961 0.009
2499 2499 (0) 27 : 0.010 0.010 0.974 0.006
2500 2500 (0) 27 : 0.005 0.005 0.985 0.005
2501 2501 (0) 27 : 0.060 0.011 0.924 0.005
2502 2502 (0) 27 : 0.005 0.004 0.983 0.008
2503 2503 (0) 27 : 0.006 0.009 0.981 0.004
2504 2504 (0) 27 : 0.011 0.007 0.977 0.005
2505 2505 (0) 27 : 0.016 0.004 0.973 0.007
2506 2506 (0) 27 : 0.073 0.008 0.908 0.011
2507 2507 (0) 27 : 0.009 0.007 0.974 0.011
2508 2508 (0) 27 : 0.023 0.007 0.964 0.006
2509 2509 (0) 27 : 0.008 0.029 0.954 0.010
2510 2510 (0) 27 : 0.008 0.022 0.942 0.028
2511 2511 (0) 27 : 0.008 0.014 0.974 0.004
2512 2512 (0) 27 : 0.076 0.020 0.897 0.006
2513 2513 (0) 27 : 0.024 0.007 0.959 0.010
2514 2514 (0) 27 : 0.005 0.005 0.987 0.004
2515 2515 (0) 27 : 0.014 0.008 0.974 0.004
2516 2516 (0) 27 : 0.005 0.007 0.982 0.006
2517 2517 (0) 27 : 0.006 0.008 0.983 0.004
2518 2518 (0) 27 : 0.016 0.004 0.976 0.003
2519 2519 (0) 27 : 0.341 0.006 0.649 0.004
2520 2520 (0) 27 : 0.042 0.004 0.950 0.004
2521 2521 (0) 27 : 0.018 0.008 0.969 0.005
2522 2522 (0) 27 : 0.009 0.009 0.973 0.009
2523 2523 (0) 27 : 0.007 0.007 0.979 0.007
2524 2524 (0) 27 : 0.006 0.005 0.981 0.008
2525 2525 (0) 27 : 0.028 0.010 0.955 0.007
2526 2526 (0) 27 : 0.004 0.005 0.987 0.004
2527 2527 (0) 27 : 0.005 0.008 0.982 0.006
2528 2528 (0) 27 : 0.044 0.013 0.937 0.006
2529 2529 (0) 27 : 0.006 0.007 0.983 0.004
2530 2530 (0) 27 : 0.017 0.005 0.971 0.006
2531 2531 (0) 27 : 0.027 0.008 0.956 0.009
2532 2532 (0) 27 : 0.012 0.005 0.968 0.015
2533 2533 (0) 27 : 0.007 0.015 0.973 0.004
2534 2534 (0) 27 : 0.020 0.004 0.968 0.007
2535 2535 (0) 27 : 0.005 0.005 0.986 0.004
2536 2536 (0) 27 : 0.015 0.011 0.966 0.008
2537 2537 (0) 27 : 0.005 0.005 0.984 0.006
2538 2538 (0) 27 : 0.066 0.010 0.920 0.005
2539 2539 (0) 27 : 0.014 0.025 0.947 0.014
2540 2540 (0) 27 : 0.008 0.009 0.977 0.006
2541 2541 (0) 27 : 0.009 0.004 0.983 0.004
2542 2542 (0) 27 : 0.006 0.004 0.975 0.014
2543 2543 (0) 27 : 0.009 0.004 0.983 0.004
2544 2544 (0) 27 : 0.059 0.008 0.925 0.008
2545 2545 (0) 27 : 0.019 0.005 0.968 0.008
2546 2546 (0) 27 : 0.038 0.006 0.932 0.024
2547 2547 (0) 27 : 0.005 0.005 0.976 0.013
2548 2548 (0) 27 : 0.011 0.007 0.970 0.011
2549 2549 (0) 27 : 0.006 0.013 0.965 0.015
2550 2550 (0) 27 : 0.021 0.009 0.965 0.004
2551 2551 (0) 27 : 0.005 0.007 0.981 0.006
2552 2552 (0) 27 : 0.006 0.009 0.976 0.009
2553 2553 (0) 27 : 0.013 0.012 0.971 0.004
2554 2554 (0) 27 : 0.004 0.013 0.980 0.004
2555 2555 (0) 27 : 0.010 0.009 0.975 0.006
2556 2556 (0) 27 : 0.034 0.008 0.953 0.004
2557 2557 (0) 27 : 0.009 0.015 0.967 0.008
2558 2558 (0) 27 : 0.005 0.008 0.982 0.006
2559 2559 (0) 27 : 0.005 0.011 0.979 0.006
2560 2560 (0) 27 : 0.115 0.005 0.876 0.004
2561 2561 (0) 27 : 0.015 0.004 0.975 0.006
2562 2562 (0) 27 : 0.006 0.004 0.984 0.005
2563 2563 (0) 27 : 0.005 0.005 0.979 0.011
2564 2564 (0) 27 : 0.009 0.007 0.980 0.004
2565 2565 (0) 27 : 0.011 0.004 0.980 0.005
2566 2566 (0) 27 : 0.004 0.004 0.987 0.005
2567 2567 (0) 27 : 0.008 0.010 0.978 0.004
2568 2568 (0) 27 : 0.017 0.007 0.967 0.009
2569 2569 (0) 27 : 0.012 0.007 0.952 0.029
2570 2570 (0) 27 : 0.023 0.005 0.967 0.004
2571 2571 (0) 27 : 0.005 0.029 0.958 0.008
2572 2572 (0) 27 : 0.013 0.005 0.974 0.008
2573 2573 (0) 27 : 0.012 0.020 0.962 0.006
2574 2574 (0) 27 : 0.007 0.005 0.973 0.014
2575 2575 (0) 27 : 0.006 0.005 0.979 0.009
2576 2576 (0) 27 : 0.010 0.011 0.968 0.011
2577 2577 (0) 27 : 0.008 0.010 0.958 0.024
2578 2578 (0) 27 : 0.004 0.006 0.986 0.004
2579 2579 (0) 27 : 0.007 0.010 0.977 0.006
2580 2580 (0) 27 : 0.006 0.005 0.984 0.006
2581 2581 (0) 27 : 0.012 0.005 0.976 0.008
2582 2582 (0) 27 : 0.015 0.003 0.974 0.008
2583 2583 (0) 27 : 0.006 0.004 0.979 0.012
2584 2584 (0) 27 : 0.019 0.007 0.969 0.006
2585 2585 (0) 27 : 0.011 0.009 0.976 0.004
2586 2586 (0) 27 : 0.053 0.005 0.914 0.027
2587 2587 (0) 27 : 0.003 0.013 0.980 0.004
2588 2588 (0) 27 : 0.008 0.005 0.980 0.008
2589 2589 (0) 27 : 0.010 0.006 0.977 0.006
2590 2590 (0) 27 : 0.005 0.005 0.983 0.007
2591 2591 (0) 27 : 0.050 0.006 0.935 0.009
2592 2592 (0) 27 : 0.005 0.005 0.984 0.006
2593 2593 (0) 27 : 0.009 0.004 0.982 0.005
2594 2594 (0) 27 : 0.012 0.005 0.979 0.004
2595 2595 (0) 27 : 0.005 0.019 0.967 0.009
2596 2596 (0) 27 : 0.038 0.050 0.907 0.005
2597 2597 (0) 27 : 0.007 0.007 0.942 0.044
2598 2598 (5) 28 : 0.004 0.983 0.008 0.005
2599 2599 (0) 28 : 0.005 0.979 0.010 0.006
2600 2600 (0) 28 : 0.005 0.988 0.005 0.003
2601 2601 (0) 28 : 0.023 0.948 0.018 0.011
2602 2602 (0) 28 : 0.004 0.987 0.005 0.004
2603 2603 (0) 28 : 0.007 0.980 0.009 0.004
2604 2604 (0) 28 : 0.003 0.990 0.004 0.003
2605 2605 (0) 28 : 0.004 0.987 0.004 0.005
2606 2606 (0) 28 : 0.006 0.986 0.005 0.004
2607 2607 (0) 28 : 0.004 0.988 0.005 0.004
2608 2608 (0) 28 : 0.003 0.992 0.003 0.003
2609 2609 (0) 28 : 0.003 0.989 0.004 0.003
2610 2610 (0) 28 : 0.006 0.979 0.009 0.006
2611 2611 (5) 28 : 0.003 0.991 0.003 0.003
2612 2612 (0) 28 : 0.003 0.988 0.005 0.004
2613 2613 (0) 28 : 0.003 0.991 0.004 0.003
2614 2614 (0) 28 : 0.015 0.977 0.004 0.004
2615 2615 (0) 28 : 0.003 0.990 0.004 0.004
2616 2616 (0) 28 : 0.003 0.988 0.004 0.004
2617 2617 (0) 28 : 0.003 0.990 0.004 0.003
2618 2618 (0) 28 : 0.003 0.991 0.004 0.003
2619 2619 (0) 28 : 0.006 0.985 0.005 0.004
2620 2620 (0) 28 : 0.003 0.990 0.004 0.003
2621 2621 (0) 28 : 0.003 0.992 0.003 0.002
2622 2622 (0) 28 : 0.002 0.993 0.003 0.002
2623 2623 (0) 28 : 0.004 0.990 0.003 0.003
2624 2624 (0) 28 : 0.003 0.990 0.004 0.003
2625 2625 (0) 28 : 0.003 0.991 0.003 0.003
2626 2626 (0) 29 : 0.005 0.988 0.004 0.003
2627 2627 (0) 29 : 0.016 0.969 0.009 0.006
2628 2628 (0) 29 : 0.003 0.990 0.004 0.003
2629 2629 (0) 29 : 0.015 0.970 0.010 0.005
2630 2630 (0) 29 : 0.003 0.988 0.005 0.004
2631 2631 (0) 29 : 0.004 0.986 0.005 0.005
2632 2632 (0) 29 : 0.003 0.990 0.003 0.004
2633 2633 (0) 29 : 0.002 0.992 0.003 0.003
2634 2634 (0) 29 : 0.004 0.985 0.004 0.006
2635 2635 (0) 29 : 0.004 0.982 0.009 0.005
2636 2636 (0) 29 : 0.003 0.991 0.003 0.003
2637 2637 (0) 29 : 0.004 0.985 0.006 0.006
2638 2638 (0) 29 : 0.004 0.989 0.004 0.004
2639 2639 (0) 29 : 0.003 0.986 0.007 0.004
2640 2640 (0) 29 : 0.003 0.991 0.003 0.003
2641 2641 (0) 29 : 0.007 0.983 0.005 0.005
2642 2642 (0) 29 : 0.002 0.991 0.003 0.003
2643 2643 (0) 29 : 0.004 0.987 0.005 0.003
2644 2644 (0) 29 : 0.005 0.987 0.005 0.004
2645 2645 (0) 29 : 0.003 0.989 0.004 0.004
2646 2646 (0) 29 : 0.002 0.992 0.003 0.003
2647 2647 (0) 29 : 0.008 0.984 0.004 0.003
2648 2648 (0) 29 : 0.004 0.989 0.004 0.003
2649 2649 (0) 29 : 0.003 0.990 0.004 0.004
2650 2650 (0) 29 : 0.003 0.989 0.004 0.003
2651 2651 (0) 29 : 0.004 0.989 0.004 0.004
2652 2652 (0) 29 : 0.012 0.981 0.004 0.003
2653 2653 (0) 29 : 0.003 0.988 0.006 0.003
2654 2654 (0) 29 : 0.003 0.990 0.005 0.003
2655 2655 (0) 29 : 0.003 0.991 0.003 0.003
2656 2656 (0) 29 : 0.003 0.991 0.004 0.003
2657 2657 (0) 29 : 0.003 0.990 0.004 0.003
2658 2658 (0) 29 : 0.004 0.987 0.005 0.004
2659 2659 (0) 29 : 0.003 0.989 0.004 0.004
2660 2660 (0) 29 : 0.003 0.990 0.005 0.003
2661 2661 (0) 29 : 0.003 0.989 0.005 0.003
2662 2662 (0) 29 : 0.003 0.990 0.004 0.003
2663 2663 (0) 29 : 0.003 0.989 0.005 0.003
2664 2664 (0) 29 : 0.003 0.990 0.004 0.003
2665 2665 (0) 29 : 0.004 0.989 0.004 0.003
2666 2666 (0) 29 : 0.003 0.990 0.003 0.003
2667 2667 (0) 29 : 0.003 0.990 0.004 0.003
2668 2668 (0) 29 : 0.003 0.990 0.004 0.004
2669 2669 (0) 29 : 0.003 0.988 0.006 0.003
2670 2670 (0) 29 : 0.003 0.989 0.004 0.003
2671 2671 (0) 29 : 0.003 0.991 0.004 0.003
2672 2672 (0) 29 : 0.005 0.985 0.005 0.005
2673 2673 (0) 29 : 0.004 0.988 0.004 0.003
2674 2674 (0) 29 : 0.006 0.984 0.005 0.005
2675 2675 (0) 29 : 0.005 0.988 0.004 0.003
2676 2676 (0) 29 : 0.003 0.989 0.005 0.003
2677 2677 (0) 29 : 0.003 0.987 0.007 0.003
2678 2678 (0) 29 : 0.003 0.990 0.004 0.003
2679 2679 (0) 29 : 0.003 0.989 0.005 0.003
2680 2680 (0) 29 : 0.003 0.991 0.003 0.003
2681 2681 (0) 29 : 0.003 0.986 0.006 0.005
2682 2682 (0) 29 : 0.004 0.988 0.004 0.004
2683 2683 (0) 29 : 0.012 0.967 0.014 0.006
2684 2684 (0) 29 : 0.002 0.992 0.003 0.003
2685 2685 (0) 29 : 0.003 0.991 0.004 0.003
2686 2686 (0) 29 : 0.003 0.988 0.006 0.003
2687 2687 (0) 29 : 0.027 0.957 0.009 0.007
2688 2688 (0) 29 : 0.003 0.987 0.006 0.004
2689 2689 (0) 29 : 0.003 0.990 0.004 0.003
2690 2690 (0) 29 : 0.003 0.989 0.004 0.004
2691 2691 (0) 29 : 0.006 0.982 0.006 0.006
2692 2692 (0) 29 : 0.003 0.989 0.004 0.004
2693 2693 (0) 29 : 0.003 0.989 0.005 0.003
2694 2694 (0) 29 : 0.015 0.977 0.006 0.003
2695 2695 (0) 29 : 0.004 0.990 0.004 0.003
2696 2696 (0) 29 : 0.003 0.989 0.004 0.004
2697 2697 (0) 29 : 0.021 0.965 0.009 0.004
2698 2698 (0) 29 : 0.004 0.986 0.005 0.005
2699 2699 (0) 29 : 0.003 0.987 0.006 0.003
2700 2700 (0) 29 : 0.004 0.983 0.008 0.005
2701 2701 (0) 29 : 0.005 0.981 0.006 0.008
2702 2702 (0) 29 : 0.003 0.990 0.005 0.002
2703 2703 (0) 29 : 0.003 0.991 0.003 0.003
2704 2704 (0) 29 : 0.003 0.992 0.003 0.003
2705 2705 (0) 29 : 0.003 0.990 0.004 0.003
2706 2706 (0) 29 : 0.005 0.982 0.007 0.005
2707 2707 (0) 29 : 0.004 0.988 0.004 0.003
2708 2708 (0) 29 : 0.003 0.991 0.003 0.002
2709 2709 (0) 29 : 0.003 0.990 0.004 0.003
2710 2710 (0) 29 : 0.003 0.988 0.005 0.004
2711 2711 (0) 29 : 0.004 0.983 0.007 0.006
2712 2712 (0) 29 : 0.007 0.981 0.007 0.006
2713 2713 (0) 29 : 0.003 0.990 0.004 0.003
2714 2714 (0) 29 : 0.003 0.990 0.004 0.003
2715 2715 (0) 29 : 0.003 0.991 0.003 0.003
2716 2716 (0) 29 : 0.006 0.982 0.008 0.004
2717 2717 (0) 29 : 0.004 0.989 0.004 0.003
2718 2718 (0) 29 : 0.004 0.989 0.004 0.003
2719 2719 (0) 29 : 0.003 0.991 0.003 0.003
2720 2720 (0) 29 : 0.012 0.970 0.011 0.008
2721 2721 (0) 29 : 0.005 0.988 0.004 0.003
2722 2722 (0) 29 : 0.003 0.991 0.003 0.003
2723 2723 (0) 29 : 0.003 0.991 0.003 0.003
2724 2724 (0) 29 : 0.003 0.989 0.004 0.004
2725 2725 (0) 29 : 0.003 0.989 0.005 0.003
2726 2726 (0) 29 : 0.004 0.986 0.006 0.005
2727 2727 (0) 29 : 0.003 0.989 0.004 0.003
2728 2728 (0) 29 : 0.003 0.989 0.004 0.004
2729 2729 (0) 29 : 0.005 0.987 0.004 0.004
2730 2730 (0) 29 : 0.004 0.989 0.004 0.003
2731 2731 (0) 29 : 0.003 0.988 0.005 0.004
2732 2732 (0) 29 : 0.007 0.980 0.005 0.008
2733 2733 (0) 29 : 0.003 0.990 0.005 0.003
2734 2734 (0) 29 : 0.003 0.991 0.004 0.003
2735 2735 (0) 29 : 0.005 0.987 0.004 0.003
2736 2736 (0) 29 : 0.004 0.986 0.007 0.004
2737 2737 (0) 29 : 0.003 0.991 0.003 0.003
2738 2738 (0) 29 : 0.003 0.990 0.004 0.003
2739 2739 (0) 29 : 0.003 0.987 0.006 0.004
2740 2740 (0) 29 : 0.003 0.990 0.003 0.004
2741 2741 (0) 29 : 0.004 0.988 0.004 0.003
2742 2742 (0) 29 : 0.011 0.971 0.015 0.004
2743 2743 (0) 29 : 0.002 0.988 0.006 0.004
2744 2744 (0) 29 : 0.003 0.989 0.004 0.003
2745 2745 (0) 29 : 0.003 0.991 0.004 0.003
2746 2746 (0) 29 : 0.004 0.989 0.003 0.004
2747 2747 (0) 29 : 0.004 0.990 0.003 0.003
2748 2748 (0) 29 : 0.005 0.988 0.004 0.003
2749 2749 (0) 29 : 0.004 0.987 0.004 0.005
2750 2750 (0) 29 : 0.003 0.988 0.005 0.004
2751 2751 (0) 29 : 0.002 0.991 0.003 0.004
2752 2752 (0) 29 : 0.004 0.988 0.005 0.003
2753 2753 (0) 29 : 0.009 0.983 0.004 0.004
2754 2754 (0) 29 : 0.004 0.988 0.005 0.003
2755 2755 (0) 29 : 0.015 0.977 0.004 0.003
2756 2756 (0) 29 : 0.003 0.987 0.006 0.004
2757 2757 (0) 29 : 0.004 0.985 0.005 0.006
2758 2758 (0) 29 : 0.003 0.989 0.004 0.003
2759 2759 (0) 29 : 0.003 0.989 0.005 0.003
2760 2760 (0) 29 : 0.003 0.990 0.004 0.003
2761 2761 (0) 29 : 0.003 0.990 0.005 0.003
2762 2762 (0) 29 : 0.003 0.990 0.003 0.003
2763 2763 (0) 29 : 0.008 0.974 0.006 0.011
2764 2764 (0) 29 : 0.003 0.991 0.004 0.003
2765 2765 (0) 29 : 0.003 0.988 0.004 0.004
2766 2766 (0) 29 : 0.008 0.983 0.005 0.005
2767 2767 (0) 29 : 0.004 0.989 0.004 0.004
2768 2768 (0) 29 : 0.007 0.979 0.007 0.007
2769 2769 (0) 29 : 0.004 0.989 0.004 0.003
2770 2770 (0) 29 : 0.002 0.992 0.003 0.002
2771 2771 (0) 29 : 0.003 0.990 0.004 0.003
2772 2772 (0) 29 : 0.003 0.991 0.004 0.003
2773 2773 (0) 29 : 0.003 0.991 0.004 0.003
2774 2774 (0) 29 : 0.004 0.988 0.005 0.003
2775 2775 (0) 29 : 0.004 0.988 0.004 0.004
2776 2776 (0) 29 : 0.003 0.992 0.003 0.003
2777 2777 (0) 29 : 0.003 0.990 0.003 0.003
2778 2778 (0) 29 : 0.004 0.989 0.004 0.004
2779 2779 (0) 29 : 0.004 0.990 0.003 0.002
2780 2780 (0) 29 : 0.019 0.970 0.006 0.005
2781 2781 (0) 29 : 0.003 0.989 0.005 0.004
2782 2782 (0) 29 : 0.003 0.991 0.003 0.002
2783 2783 (0) 29 : 0.006 0.985 0.006 0.003
2784 2784 (0) 29 : 0.003 0.987 0.006 0.004
2785 2785 (0) 29 : 0.004 0.988 0.004 0.004
2786 2786 (0) 29 : 0.003 0.991 0.004 0.003
2787 2787 (0) 29 : 0.003 0.991 0.004 0.003
2788 2788 (0) 29 : 0.013 0.975 0.008 0.004
2789 2789 (0) 29 : 0.007 0.983 0.006 0.004
2790 2790 (0) 29 : 0.005 0.986 0.005 0.004
2791 2791 (0) 29 : 0.003 0.991 0.003 0.003
2792 2792 (0) 29 : 0.011 0.972 0.013 0.004
2793 2793 (0) 29 : 0.002 0.991 0.003 0.003
2794 2794 (0) 29 : 0.003 0.992 0.003 0.003
2795 2795 (0) 29 : 0.004 0.989 0.004 0.003
2796 2796 (0) 29 : 0.003 0.988 0.004 0.005
2797 2797 (0) 29 : 0.003 0.991 0.003 0.002
2798 2798 (0) 29 : 0.004 0.990 0.004 0.003
2799 2799 (0) 29 : 0.003 0.986 0.004 0.007
2800 2800 (0) 29 : 0.004 0.985 0.005 0.006
2801 2801 (0) 29 : 0.007 0.982 0.006 0.004
2802 2802 (0) 29 : 0.004 0.988 0.004 0.004
2803 2803 (0) 29 : 0.003 0.988 0.005 0.003
2804 2804 (0) 29 : 0.003 0.990 0.004 0.003
2805 2805 (0) 29 : 0.005 0.985 0.005 0.006
2806 2806 (0) 29 : 0.019 0.971 0.007 0.004
2807 2807 (0) 29 : 0.007 0.983 0.006 0.004
2808 2808 (0) 29 : 0.003 0.990 0.004 0.002
2809 2809 (0) 29 : 0.004 0.986 0.005 0.005
2810 2810 (0) 29 : 0.005 0.989 0.003 0.003
2811 2811 (0) 29 : 0.004 0.988 0.004 0.004
2812 2812 (0) 29 : 0.003 0.991 0.003 0.002
2813 2813 (0) 29 : 0.004 0.988 0.004 0.004
2814 2814 (0) 29 : 0.004 0.985 0.007 0.004
2815 2815 (0) 29 : 0.003 0.990 0.004 0.004
2816 2816 (0) 29 : 0.003 0.992 0.003 0.003
2817 2817 (0) 29 : 0.005 0.987 0.005 0.003
2818 2818 (0) 29 : 0.004 0.984 0.007 0.005
2819 2819 (0) 29 : 0.003 0.992 0.003 0.002
2820 2820 (0) 29 : 0.003 0.990 0.003 0.004
2821 2821 (0) 29 : 0.003 0.991 0.004 0.003
2822 2822 (0) 29 : 0.005 0.983 0.007 0.006
2823 2823 (0) 29 : 0.003 0.991 0.003 0.003
2824 2824 (0) 29 : 0.016 0.976 0.004 0.004
2825 2825 (0) 29 : 0.003 0.991 0.003 0.003
2826 2826 (0) 29 : 0.002 0.990 0.004 0.003
2827 2827 (0) 29 : 0.008 0.979 0.009 0.005
2828 2828 (0) 29 : 0.010 0.982 0.005 0.004
2829 2829 (0) 29 : 0.007 0.985 0.004 0.003
2830 2830 (0) 29 : 0.003 0.988 0.004 0.004
2831 2831 (0) 29 : 0.008 0.981 0.006 0.004
2832 2832 (0) 29 : 0.003 0.990 0.004 0.003
2833 2833 (0) 29 : 0.004 0.989 0.004 0.003
2834 2834 (0) 29 : 0.003 0.988 0.006 0.003
2835 2835 (0) 29 : 0.004 0.988 0.004 0.003
2836 2836 (0) 29 : 0.003 0.989 0.004 0.004
2837 2837 (0) 29 : 0.003 0.992 0.003 0.002
2838 2838 (0) 29 : 0.003 0.987 0.006 0.004
2839 2839 (0) 29 : 0.003 0.989 0.004 0.004
2840 2840 (0) 29 : 0.003 0.990 0.003 0.003
2841 2841 (0) 29 : 0.003 0.991 0.004 0.002
2842 2842 (0) 29 : 0.004 0.990 0.004 0.003
2843 2843 (0) 29 : 0.009 0.983 0.004 0.005
2844 2844 (0) 29 : 0.004 0.986 0.005 0.005
2845 2845 (0) 29 : 0.003 0.990 0.004 0.003
2846 2846 (0) 29 : 0.003 0.991 0.003 0.003
2847 2847 (0) 29 : 0.005 0.989 0.004 0.003
2848 2848 (0) 29 : 0.003 0.990 0.004 0.003
2849 2849 (0) 29 : 0.003 0.991 0.004 0.003
2850 2850 (0) 29 : 0.003 0.988 0.005 0.004
2851 2851 (0) 29 : 0.003 0.990 0.003 0.003
2852 2852 (0) 29 : 0.003 0.987 0.004 0.005
2853 2853 (0) 29 : 0.003 0.990 0.003 0.003
2854 2854 (0) 29 : 0.002 0.991 0.003 0.003
2855 2855 (0) 29 : 0.009 0.979 0.008 0.004
2856 2856 (0) 29 : 0.003 0.991 0.004 0.003
2857 2857 (0) 29 : 0.003 0.990 0.004 0.003
2858 2858 (0) 29 : 0.002 0.991 0.004 0.003
2859 2859 (0) 29 : 0.004 0.988 0.004 0.004
2860 2860 (0) 29 : 0.009 0.964 0.018 0.008
2861 2861 (0) 29 : 0.003 0.989 0.004 0.003
2862 2862 (0) 29 : 0.003 0.990 0.004 0.003
2863 2863 (0) 29 : 0.003 0.992 0.003 0.002
2864 2864 (0) 29 : 0.003 0.990 0.005 0.003
2865 2865 (0) 29 : 0.008 0.980 0.008 0.004
2866 2866 (0) 29 : 0.008 0.983 0.005 0.004
2867 2867 (0) 29 : 0.005 0.987 0.005 0.003
2868 2868 (0) 29 : 0.004 0.990 0.004 0.002
2869 2869 (0) 29 : 0.004 0.989 0.005 0.003
2870 2870 (0) 29 : 0.009 0.981 0.005 0.005
2871 2871 (0) 29 : 0.005 0.986 0.005 0.003
2872 2872 (0) 29 : 0.003 0.991 0.003 0.003
2873 2873 (0) 29 : 0.003 0.991 0.004 0.003
2874 2874 (0) 29 : 0.003 0.991 0.003 0.002
2875 2875 (0) 29 : 0.003 0.991 0.003 0.003
2876 2876 (0) 29 : 0.004 0.986 0.005 0.005
2877 2877 (0) 29 : 0.004 0.988 0.004 0.004
2878 2878 (0) 29 : 0.003 0.990 0.004 0.003
2879 2879 (0) 29 : 0.003 0.988 0.005 0.003
2880 2880 (0) 29 : 0.003 0.991 0.003 0.003
2881 2881 (0) 29 : 0.034 0.944 0.017 0.004
2882 2882 (0) 29 : 0.004 0.990 0.003 0.003
2883 2883 (0) 29 : 0.007 0.980 0.006 0.007
2884 2884 (0) 29 : 0.002 0.991 0.004 0.003
2885 2885 (0) 29 : 0.004 0.988 0.005 0.003
2886 2886 (0) 29 : 0.007 0.967 0.019 0.007
2887 2887 (0) 29 : 0.008 0.980 0.008 0.004
2888 2888 (0) 29 : 0.003 0.991 0.003 0.003
2889 2889 (0) 29 : 0.003 0.989 0.004 0.004
2890 2890 (0) 29 : 0.004 0.988 0.004 0.004
2891 2891 (0) 29 : 0.003 0.989 0.004 0.004
2892 2892 (0) 29 : 0.005 0.986 0.004 0.004
2893 2893 (0) 29 : 0.003 0.991 0.003 0.003
2894 2894 (0) 29 : 0.025 0.931 0.037 0.006
2895 2895 (0) 29 : 0.004 0.990 0.003 0.003
2896 2896 (0) 29 : 0.003 0.989 0.004 0.004
2897 2897 (0) 29 : 0.004 0.988 0.004 0.004
2898 2898 (0) 29 : 0.003 0.991 0.003 0.003
2899 2899 (0) 29 : 0.003 0.992 0.003 0.002
2900 2900 (0) 29 : 0.003 0.990 0.004 0.003
2901 2901 (0) 29 : 0.015 0.967 0.012 0.006
2902 2902 (0) 29 : 0.003 0.990 0.004 0.003
2903 2903 (0) 29 : 0.003 0.992 0.003 0.003
2904 2904 (0) 29 : 0.003 0.991 0.003 0.003
2905 2905 (0) 29 : 0.006 0.987 0.004 0.003
2906 2906 (0) 29 : 0.003 0.989 0.004 0.004
2907 2907 (0) 29 : 0.007 0.971 0.015 0.007
2908 2908 (0) 29 : 0.004 0.988 0.004 0.004
2909 2909 (0) 29 : 0.003 0.991 0.004 0.003
2910 2910 (0) 29 : 0.004 0.987 0.005 0.004
2911 2911 (0) 29 : 0.005 0.983 0.007 0.005
2912 2912 (0) 29 : 0.008 0.977 0.010 0.005
2913 2913 (0) 29 : 0.004 0.985 0.006 0.004
2914 2914 (0) 29 : 0.003 0.989 0.005 0.002
2915 2915 (0) 29 : 0.002 0.992 0.003 0.002
2916 2916 (0) 29 : 0.004 0.985 0.004 0.007
2917 2917 (0) 29 : 0.003 0.990 0.003 0.003
2918 2918 (0) 29 : 0.022 0.964 0.005 0.009
2919 2919 (0) 29 : 0.005 0.987 0.004 0.004
2920 2920 (0) 29 : 0.003 0.989 0.004 0.003
2921 2921 (0) 29 : 0.005 0.987 0.004 0.004
2922 2922 (0) 29 : 0.003 0.988 0.006 0.004
2923 2923 (0) 29 : 0.007 0.985 0.005 0.004
2924 2924 (0) 29 : 0.012 0.980 0.005 0.003
2925 2925 (0) 29 : 0.006 0.981 0.009 0.004
2926 2926 (5) 30 : 0.989 0.004 0.003 0.003
2927 2927 (0) 30 : 0.989 0.005 0.004 0.003
2928 2928 (0) 30 : 0.982 0.006 0.008 0.004
2929 2929 (0) 30 : 0.991 0.002 0.004 0.003
2930 2930 (5) 30 : 0.979 0.004 0.011 0.006
2931 2931 (0) 30 : 0.991 0.003 0.003 0.003
2932 2932 (0) 30 : 0.987 0.004 0.003 0.006
2933 2933 (0) 30 : 0.989 0.003 0.005 0.004
2934 2934 (0) 30 : 0.988 0.004 0.004 0.004
2935 2935 (0) 30 : 0.988 0.004 0.003 0.005
2936 2936 (0) 30 : 0.991 0.003 0.003 0.003
2937 2937 (0) 30 : 0.990 0.003 0.004 0.003
2938 2938 (5) 30 : 0.985 0.003 0.007 0.005
2939 2939 (0) 30 : 0.990 0.004 0.003 0.003
2940 2940 (0) 30 : 0.989 0.003 0.004 0.004
2941 2941 (0) 30 : 0.992 0.003 0.003 0.002
2942 2942 (0) 30 : 0.985 0.003 0.008 0.004
2943 2943 (0) 30 : 0.988 0.005 0.004 0.003
2944 2944 (0) 30 : 0.981 0.009 0.006 0.004
2945 2945 (0) 30 : 0.967 0.008 0.020 0.005
2946 2946 (0) 30 : 0.990 0.003 0.004 0.004
2947 2947 (0) 30 : 0.990 0.004 0.004 0.003
2948 2948 (0) 30 : 0.969 0.014 0.013 0.004
2949 2949 (0) 30 : 0.978 0.006 0.008 0.008
2950 2950 (0) 30 : 0.990 0.004 0.003 0.003
2951 2951 (0) 30 : 0.974 0.013 0.009 0.004
2952 2952 (0) 30 : 0.989 0.003 0.004 0.003
2953 2953 (0) 31 : 0.989 0.003 0.004 0.004
2954 2954 (0) 31 : 0.988 0.004 0.004 0.004
2955 2955 (0) 31 : 0.986 0.005 0.005 0.005
2956 2956 (0) 31 : 0.988 0.004 0.005 0.004
2957 2957 (0) 31 : 0.974 0.014 0.007 0.005
2958 2958 (0) 31 : 0.986 0.005 0.005 0.004
2959 2959 (0) 31 : 0.989 0.004 0.004 0.004
2960 2960 (0) 31 : 0.990 0.003 0.003 0.003
2961 2961 (0) 31 : 0.992 0.003 0.003 0.002
2962 2962 (0) 31 : 0.979 0.005 0.006 0.010
2963 2963 (0) 31 : 0.990 0.003 0.003 0.003
2964 2964 (0) 31 : 0.985 0.005 0.005 0.005
2965 2965 (0) 31 : 0.984 0.005 0.008 0.003
2966 2966 (0) 31 : 0.990 0.003 0.004 0.003
2967 2967 (0) 31 : 0.988 0.003 0.003 0.005
2968 2968 (0) 31 : 0.989 0.003 0.005 0.004
2969 2969 (0) 31 : 0.989 0.003 0.004 0.004
2970 2970 (0) 31 : 0.991 0.003 0.003 0.003
2971 2971 (0) 31 : 0.989 0.004 0.004 0.004
2972 2972 (0) 31 : 0.990 0.003 0.004 0.003
2973 2973 (0) 31 : 0.988 0.003 0.005 0.003
2974 2974 (0) 31 : 0.989 0.003 0.004 0.004
2975 2975 (0) 31 : 0.989 0.004 0.004 0.003
2976 2976 (0) 31 : 0.990 0.003 0.004 0.003
2977 2977 (0) 31 : 0.986 0.005 0.004 0.005
2978 2978 (0) 31 : 0.982 0.004 0.010 0.004
2979 2979 (0) 31 : 0.989 0.003 0.004 0.003
2980 2980 (0) 31 : 0.986 0.006 0.005 0.003
2981 2981 (0) 31 : 0.988 0.005 0.004 0.003
2982 2982 (0) 31 : 0.976 0.009 0.005 0.009
2983 2983 (0) 31 : 0.976 0.010 0.006 0.009
2984 2984 (0) 31 : 0.988 0.003 0.006 0.004
2985 2985 (0) 31 : 0.973 0.011 0.010 0.005
2986 2986 (0) 31 : 0.989 0.003 0.005 0.003
2987 2987 (0) 31 : 0.983 0.004 0.010 0.003
2988 2988 (0) 31 : 0.984 0.005 0.006 0.005
2989 2989 (0) 31 : 0.959 0.024 0.012 0.005
2990 2990 (0) 31 : 0.986 0.005 0.005 0.003
2991 2991 (0) 31 : 0.982 0.008 0.007 0.003
2992 2992 (0) 31 : 0.987 0.005 0.005 0.003
2993 2993 (0) 31 : 0.989 0.003 0.004 0.004
2994 2994 (0) 31 : 0.988 0.004 0.005 0.003
2995 2995 (0) 31 : 0.987 0.004 0.004 0.005
2996 2996 (0) 31 : 0.986 0.004 0.006 0.004
2997 2997 (0) 31 : 0.990 0.002 0.004 0.004
2998 2998 (0) 31 : 0.989 0.004 0.004 0.003
2999 2999 (0) 31 : 0.988 0.002 0.005 0.005
3000 3000 (0) 31 : 0.989 0.003 0.005 0.004
3001 3001 (0) 31 : 0.988 0.004 0.005 0.003
3002 3002 (0) 31 : 0.989 0.003 0.005 0.004
3003 3003 (0) 31 : 0.989 0.003 0.004 0.004
3004 3004 (0) 31 : 0.987 0.004 0.005 0.003
3005 3005 (0) 31 : 0.988 0.004 0.006 0.003
3006 3006 (0) 31 : 0.990 0.003 0.004 0.003
3007 3007 (0) 31 : 0.988 0.003 0.004 0.005
3008 3008 (0) 31 : 0.987 0.004 0.005 0.003
3009 3009 (0) 31 : 0.991 0.002 0.004 0.003
3010 3010 (0) 31 : 0.982 0.007 0.005 0.005
3011 3011 (0) 31 : 0.984 0.008 0.005 0.003
3012 3012 (0) 31 : 0.988 0.003 0.004 0.006
3013 3013 (0) 31 : 0.990 0.003 0.004 0.003
3014 3014 (0) 31 : 0.990 0.003 0.005 0.003
3015 3015 (0) 31 : 0.984 0.004 0.006 0.005
3016 3016 (0) 31 : 0.987 0.005 0.005 0.003
3017 3017 (0) 31 : 0.984 0.005 0.007 0.005
3018 3018 (0) 31 : 0.988 0.003 0.003 0.005
3019 3019 (0) 31 : 0.991 0.004 0.003 0.003
3020 3020 (0) 31 : 0.985 0.004 0.005 0.006
3021 3021 (0) 31 : 0.983 0.010 0.004 0.003
3022 3022 (0) 31 : 0.982 0.004 0.008 0.007
3023 3023 (0) 31 : 0.989 0.004 0.003 0.004
3024 3024 (0) 31 : 0.979 0.005 0.010 0.006
3025 3025 (0) 31 : 0.982 0.006 0.007 0.005
3026 3026 (0) 31 : 0.992 0.002 0.003 0.002
3027 3027 (0) 31 : 0.987 0.005 0.005 0.004
3028 3028 (0) 31 : 0.984 0.006 0.005 0.005
3029 3029 (0) 31 : 0.989 0.005 0.003 0.003
3030 3030 (0) 31 : 0.990 0.003 0.004 0.004
3031 3031 (0) 31 : 0.990 0.003 0.003 0.003
3032 3032 (0) 31 : 0.980 0.011 0.006 0.003
3033 3033 (0) 31 : 0.978 0.014 0.005 0.004
3034 3034 (0) 31 : 0.990 0.004 0.004 0.003
3035 3035 (0) 31 : 0.980 0.005 0.010 0.005
3036 3036 (0) 31 : 0.981 0.005 0.010 0.004
3037 3037 (0) 31 : 0.966 0.020 0.011 0.003
3038 3038 (0) 31 : 0.986 0.007 0.005 0.003
3039 3039 (0) 31 : 0.991 0.003 0.004 0.003
3040 3040 (0) 31 : 0.990 0.003 0.004 0.003
3041 3041 (0) 31 : 0.984 0.006 0.004 0.006
3042 3042 (0) 31 : 0.986 0.005 0.005 0.004
3043 3043 (0) 31 : 0.991 0.003 0.003 0.003
3044 3044 (0) 31 : 0.985 0.008 0.004 0.004
3045 3045 (0) 31 : 0.983 0.005 0.006 0.006
3046 3046 (0) 31 : 0.985 0.006 0.006 0.003
3047 3047 (0) 31 : 0.989 0.004 0.004 0.003
3048 3048 (0) 31 : 0.988 0.004 0.005 0.003
3049 3049 (0) 31 : 0.990 0.003 0.004 0.003
3050 3050 (0) 31 : 0.990 0.003 0.004 0.003
3051 3051 (0) 31 : 0.989 0.002 0.005 0.003
3052 3052 (0) 31 : 0.981 0.004 0.006 0.009
3053 3053 (0) 31 : 0.985 0.005 0.005 0.005
3054 3054 (0) 31 : 0.984 0.005 0.006 0.005
3055 3055 (0) 31 : 0.989 0.003 0.004 0.004
3056 3056 (0) 31 : 0.991 0.002 0.003 0.003
3057 3057 (0) 31 : 0.987 0.005 0.005 0.003
3058 3058 (0) 31 : 0.988 0.004 0.005 0.003
3059 3059 (0) 31 : 0.985 0.004 0.007 0.004
3060 3060 (0) 31 : 0.989 0.004 0.004 0.003
3061 3061 (0) 31 : 0.986 0.003 0.008 0.003
3062 3062 (0) 31 : 0.982 0.005 0.008 0.005
3063 3063 (0) 31 : 0.989 0.003 0.004 0.003
3064 3064 (0) 31 : 0.984 0.006 0.006 0.004
3065 3065 (0) 31 : 0.989 0.003 0.005 0.003
3066 3066 (0) 31 : 0.987 0.004 0.005 0.004
3067 3067 (0) 31 : 0.984 0.006 0.006 0.004
3068 3068 (0) 31 : 0.989 0.004 0.004 0.003
3069 3069 (0) 31 : 0.983 0.005 0.008 0.004
3070 3070 (0) 31 : 0.987 0.004 0.005 0.004
3071 3071 (0) 31 : 0.986 0.004 0.004 0.006
3072 3072 (0) 31 : 0.987 0.003 0.005 0.005
3073 3073 (0) 31 : 0.986 0.005 0.005 0.004
3074 3074 (0) 31 : 0.986 0.005 0.005 0.004
3075 3075 (0) 31 : 0.981 0.005 0.009 0.004
3076 3076 (0) 31 : 0.992 0.002 0.003 0.003
3077 3077 (0) 31 : 0.977 0.010 0.006 0.006
3078 3078 (0) 31 : 0.987 0.003 0.004 0.006
3079 3079 (0) 31 : 0.990 0.003 0.004 0.003
3080 3080 (0) 31 : 0.985 0.005 0.006 0.004
3081 3081 (0) 31 : 0.986 0.004 0.007 0.004
3082 3082 (0) 31 : 0.989 0.004 0.004 0.003
3083 3083 (0) 31 : 0.986 0.003 0.006 0.005
3084 3084 (0) 31 : 0.986 0.004 0.005 0.004
3085 3085 (0) 31 : 0.991 0.003 0.003 0.003
3086 3086 (0) 31 : 0.981 0.009 0.005 0.006
3087 3087 (0) 31 : 0.988 0.003 0.005 0.003
3088 3088 (0) 31 : 0.991 0.003 0.004 0.003
3089 3089 (0) 31 : 0.988 0.005 0.004 0.003
3090 3090 (0) 31 : 0.983 0.008 0.005 0.004
3091 3091 (0) 31 : 0.991 0.003 0.003 0.003
3092 3092 (0) 31 : 0.985 0.007 0.005 0.003
3093 3093 (0) 31 : 0.990 0.003 0.004 0.003
3094 3094 (0) 31 : 0.986 0.006 0.005 0.003
3095 3095 (0) 31 : 0.987 0.004 0.005 0.003
3096 3096 (0) 31 : 0.989 0.003 0.004 0.003
3097 3097 (0) 31 : 0.988 0.005 0.004 0.003
3098 3098 (0) 31 : 0.990 0.003 0.004 0.004
3099 3099 (0) 31 : 0.991 0.002 0.003 0.004
3100 3100 (0) 31 : 0.988 0.004 0.005 0.003
3101 3101 (0) 31 : 0.984 0.006 0.005 0.005
3102 3102 (0) 31 : 0.989 0.003 0.004 0.004
3103 3103 (0) 31 : 0.990 0.004 0.003 0.003
3104 3104 (0) 31 : 0.985 0.005 0.006 0.004
3105 3105 (0) 31 : 0.989 0.003 0.004 0.004
3106 3106 (0) 31 : 0.990 0.003 0.004 0.004
3107 3107 (0) 31 : 0.986 0.005 0.004 0.006
3108 3108 (0) 31 : 0.989 0.003 0.005 0.004
3109 3109 (0) 31 : 0.989 0.004 0.004 0.004
3110 3110 (0) 31 : 0.988 0.003 0.004 0.005
3111 3111 (0) 31 : 0.984 0.007 0.005 0.004
3112 3112 (0) 31 : 0.988 0.002 0.007 0.003
3113 3113 (0) 31 : 0.985 0.004 0.006 0.004
3114 3114 (0) 31 : 0.991 0.003 0.003 0.003
3115 3115 (0) 31 : 0.990 0.003 0.004 0.003
3116 3116 (0) 31 : 0.991 0.002 0.004 0.003
3117 3117 (0) 31 : 0.989 0.003 0.004 0.004
3118 3118 (0) 31 : 0.992 0.002 0.003 0.003
3119 3119 (0) 31 : 0.985 0.006 0.005 0.004
3120 3120 (0) 31 : 0.990 0.003 0.004 0.003
3121 3121 (0) 31 : 0.989 0.004 0.004 0.003
3122 3122 (0) 31 : 0.989 0.004 0.005 0.003
3123 3123 (0) 31 : 0.989 0.003 0.003 0.004
3124 3124 (0) 31 : 0.991 0.003 0.003 0.003
3125 3125 (0) 31 : 0.991 0.003 0.003 0.002
3126 3126 (0) 31 : 0.991 0.003 0.004 0.003
3127 3127 (0) 31 : 0.987 0.005 0.005 0.004
3128 3128 (0) 31 : 0.990 0.003 0.004 0.004
3129 3129 (0) 31 : 0.991 0.003 0.003 0.003
3130 3130 (0) 31 : 0.987 0.004 0.005 0.004
3131 3131 (0) 31 : 0.990 0.003 0.003 0.003
3132 3132 (0) 31 : 0.984 0.006 0.006 0.003
3133 3133 (0) 31 : 0.991 0.002 0.004 0.003
3134 3134 (0) 31 : 0.983 0.006 0.007 0.004
3135 3135 (0) 31 : 0.989 0.003 0.004 0.005
3136 3136 (0) 31 : 0.983 0.006 0.005 0.007
3137 3137 (0) 31 : 0.989 0.004 0.004 0.004
3138 3138 (0) 31 : 0.967 0.022 0.006 0.004
3139 3139 (0) 31 : 0.974 0.011 0.010 0.005
3140 3140 (0) 31 : 0.987 0.004 0.005 0.004
3141 3141 (0) 31 : 0.989 0.004 0.003 0.003
3142 3142 (0) 31 : 0.991 0.003 0.003 0.003
3143 3143 (0) 31 : 0.988 0.003 0.004 0.004
3144 3144 (0) 31 : 0.991 0.003 0.003 0.003
3145 3145 (0) 31 : 0.987 0.004 0.005 0.004
3146 3146 (0) 31 : 0.989 0.003 0.004 0.004
3147 3147 (0) 31 : 0.988 0.003 0.005 0.004
3148 3148 (0) 31 : 0.985 0.004 0.008 0.004
3149 3149 (0) 31 : 0.989 0.004 0.004 0.003
3150 3150 (0) 31 : 0.989 0.003 0.005 0.003
3151 3151 (0) 31 : 0.975 0.005 0.011 0.008
3152 3152 (0) 31 : 0.987 0.003 0.007 0.004
3153 3153 (0) 31 : 0.989 0.003 0.004 0.003
3154 3154 (0) 31 : 0.990 0.003 0.004 0.003
3155 3155 (0) 31 : 0.984 0.005 0.006 0.005
3156 3156 (0) 31 : 0.989 0.003 0.003 0.004
3157 3157 (0) 31 : 0.986 0.005 0.004 0.004
3158 3158 (0) 31 : 0.989 0.003 0.004 0.003
3159 3159 (0) 31 : 0.981 0.004 0.010 0.005
3160 3160 (0) 31 : 0.988 0.003 0.005 0.004
3161 3161 (0) 31 : 0.988 0.003 0.006 0.003
3162 3162 (0) 31 : 0.986 0.006 0.004 0.004
3163 3163 (0) 31 : 0.984 0.006 0.005 0.004
3164 3164 (0) 31 : 0.981 0.009 0.005 0.005
3165 3165 (0) 31 : 0.989 0.003 0.004 0.004
3166 3166 (0) 31 : 0.987 0.005 0.006 0.003
3167 3167 (0) 31 : 0.990 0.003 0.003 0.003
3168 3168 (0) 31 : 0.980 0.005 0.009 0.006
3169 3169 (0) 31 : 0.984 0.006 0.007 0.004
3170 3170 (0) 31 : 0.987 0.005 0.004 0.004
3171 3171 (0) 31 : 0.989 0.004 0.004 0.004
3172 3172 (0) 31 : 0.983 0.005 0.007 0.006
3173 3173 (0) 31 : 0.990 0.003 0.004 0.003
3174 3174 (0) 31 : 0.980 0.010 0.004 0.005
3175 3175 (0) 31 : 0.990 0.003 0.004 0.003
3176 3176 (0) 31 : 0.990 0.003 0.003 0.004
3177 3177 (0) 31 : 0.984 0.006 0.007 0.004
3178 3178 (0) 31 : 0.987 0.004 0.005 0.004
3179 3179 (0) 31 : 0.990 0.003 0.003 0.004
3180 3180 (0) 31 : 0.988 0.003 0.006 0.003
3181 3181 (0) 31 : 0.989 0.004 0.003 0.004
3182 3182 (0) 31 : 0.988 0.003 0.006 0.003
3183 3183 (0) 31 : 0.989 0.004 0.004 0.003
3184 3184 (0) 31 : 0.987 0.004 0.006 0.003
3185 3185 (0) 31 : 0.986 0.005 0.006 0.003
3186 3186 (0) 31 : 0.989 0.003 0.005 0.004
3187 3187 (0) 31 : 0.984 0.005 0.008 0.003
3188 3188 (0) 31 : 0.963 0.024 0.007 0.005
3189 3189 (0) 31 : 0.982 0.008 0.007 0.004
3190 3190 (0) 31 : 0.990 0.003 0.004 0.003
3191 3191 (0) 31 : 0.982 0.006 0.006 0.006
3192 3192 (0) 31 : 0.968 0.014 0.014 0.005
3193 3193 (0) 31 : 0.988 0.003 0.006 0.004
3194 3194 (0) 31 : 0.989 0.004 0.003 0.004
3195 3195 (0) 31 : 0.989 0.003 0.003 0.004
3196 3196 (0) 31 : 0.982 0.004 0.010 0.003
3197 3197 (0) 31 : 0.990 0.003 0.004 0.003
3198 3198 (0) 31 : 0.981 0.005 0.010 0.004
3199 3199 (0) 31 : 0.989 0.004 0.003 0.003
3200 3200 (0) 31 : 0.987 0.004 0.004 0.004
3201 3201 (0) 31 : 0.991 0.002 0.003 0.003
3202 3202 (0) 31 : 0.986 0.006 0.005 0.004
3203 3203 (0) 31 : 0.985 0.004 0.005 0.005
3204 3204 (0) 31 : 0.990 0.003 0.004 0.003
3205 3205 (0) 31 : 0.986 0.006 0.005 0.003
3206 3206 (0) 31 : 0.989 0.004 0.004 0.003
3207 3207 (0) 31 : 0.926 0.057 0.010 0.007
3208 3208 (0) 31 : 0.992 0.003 0.003 0.003
3209 3209 (0) 31 : 0.976 0.014 0.006 0.004
3210 3210 (0) 31 : 0.987 0.004 0.005 0.004
3211 3211 (0) 31 : 0.990 0.004 0.004 0.003
3212 3212 (0) 31 : 0.986 0.005 0.005 0.004
3213 3213 (0) 31 : 0.987 0.004 0.005 0.004
3214 3214 (0) 31 : 0.985 0.007 0.005 0.004
3215 3215 (0) 31 : 0.987 0.005 0.005 0.003
3216 3216 (0) 31 : 0.988 0.005 0.004 0.003
3217 3217 (0) 31 : 0.988 0.004 0.004 0.004
3218 3218 (0) 31 : 0.990 0.003 0.003 0.003
3219 3219 (0) 31 : 0.978 0.010 0.008 0.004
3220 3220 (0) 31 : 0.976 0.007 0.013 0.005
3221 3221 (0) 31 : 0.991 0.003 0.003 0.003
3222 3222 (0) 31 : 0.990 0.003 0.004 0.003
3223 3223 (0) 31 : 0.986 0.004 0.004 0.006
3224 3224 (0) 31 : 0.986 0.004 0.006 0.003
3225 3225 (0) 31 : 0.986 0.006 0.005 0.003
3226 3226 (0) 31 : 0.987 0.004 0.006 0.003
3227 3227 (0) 31 : 0.974 0.014 0.008 0.004
3228 3228 (0) 31 : 0.990 0.003 0.003 0.004
3229 3229 (0) 31 : 0.988 0.004 0.005 0.004
3230 3230 (0) 31 : 0.989 0.004 0.004 0.003
3231 3231 (0) 31 : 0.988 0.003 0.004 0.005
3232 3232 (0) 31 : 0.988 0.004 0.003 0.005
3233 3233 (0) 31 : 0.980 0.010 0.005 0.004
3234 3234 (0) 31 : 0.987 0.003 0.006 0.004
3235 3235 (0) 31 : 0.990 0.003 0.005 0.003
3236 3236 (0) 31 : 0.988 0.003 0.004 0.004
3237 3237 (0) 31 : 0.981 0.004 0.011 0.004
3238 3238 (0) 31 : 0.985 0.006 0.006 0.003
3239 3239 (0) 31 : 0.986 0.004 0.007 0.003
3240 3240 (0) 31 : 0.986 0.005 0.006 0.003
3241 3241 (0) 31 : 0.987 0.005 0.004 0.004
3242 3242 (0) 31 : 0.986 0.005 0.004 0.004
3243 3243 (0) 31 : 0.989 0.003 0.005 0.003
3244 3244 (0) 31 : 0.988 0.004 0.004 0.004
3245 3245 (0) 31 : 0.984 0.008 0.004 0.004
3246 3246 (0) 31 : 0.990 0.003 0.003 0.004
3247 3247 (0) 31 : 0.991 0.003 0.004 0.003
3248 3248 (0) 31 : 0.988 0.004 0.004 0.003
3249 3249 (0) 31 : 0.990 0.003 0.003 0.003
3250 3250 (0) 31 : 0.986 0.004 0.005 0.005
3251 3251 (0) 31 : 0.986 0.004 0.006 0.003
3252 3252 (0) 31 : 0.987 0.004 0.006 0.004
3253 3253 (0) 32 : 0.008 0.004 0.984 0.004
3254 3254 (0) 32 : 0.023 0.008 0.964 0.005
3255 3255 (0) 32 : 0.011 0.005 0.978 0.006
3256 3256 (0) 32 : 0.034 0.004 0.957 0.005
3257 3257 (0) 32 : 0.008 0.007 0.978 0.006
3258 3258 (0) 32 : 0.058 0.025 0.912 0.005
3259 3259 (0) 32 : 0.031 0.010 0.952 0.007
3260 3260 (0) 32 : 0.006 0.005 0.986 0.003
3261 3261 (0) 32 : 0.007 0.004 0.985 0.004
3262 3262 (0) 32 : 0.010 0.021 0.966 0.003
3263 3263 (0) 32 : 0.011 0.006 0.979 0.003
3264 3264 (0) 32 : 0.017 0.004 0.975 0.005
3265 3265 (0) 32 : 0.007 0.008 0.981 0.004
3266 3266 (0) 32 : 0.021 0.010 0.965 0.004
3267 3267 (0) 32 : 0.013 0.005 0.976 0.006
3268 3268 (0) 32 : 0.023 0.015 0.959 0.004
3269 3269 (0) 32 : 0.221 0.005 0.761 0.013
3270 3270 (0) 32 : 0.021 0.010 0.954 0.015
3271 3271 (0) 32 : 0.014 0.039 0.939 0.008
3272 3272 (0) 32 : 0.021 0.004 0.972 0.004
3273 3273 (0) 32 : 0.027 0.040 0.927 0.006
3274 3274 (0) 32 : 0.024 0.041 0.929 0.005
3275 3275 (5) 32 : 0.021 0.016 0.959 0.004
3276 3276 (0) 32 : 0.025 0.004 0.965 0.006
3277 3277 (0) 32 : 0.093 0.019 0.879 0.010
3278 3278 (0) 32 : 0.007 0.006 0.981 0.006
3279 3279 (0) 32 : 0.016 0.066 0.914 0.004
3280 3280 (0) 32 : 0.033 0.008 0.951 0.008
3281 3281 (0) 32 : 0.006 0.087 0.903 0.004
3282 3282 (0) 32 : 0.016 0.003 0.977 0.004
3283 3283 (5) 32 : 0.011 0.005 0.980 0.004
3284 3284 (0) 32 : 0.073 0.009 0.914 0.004
3285 3285 (0) 32 : 0.009 0.011 0.974 0.007
3286 3286 (0) 32 : 0.010 0.004 0.983 0.004
3287 3287 (0) 32 : 0.014 0.085 0.895 0.006
3288 3288 (0) 32 : 0.008 0.005 0.982 0.005
3289 3289 (5) 32 : 0.015 0.009 0.970 0.006
3290 3290 (5) 32 : 0.069 0.030 0.892 0.009
3291 3291 (5) 32 : 0.019 0.011 0.962 0.008
3292 3292 (5) 32 : 0.005 0.009 0.974 0.011
3293 3293 (0) 33 : 0.026 0.006 0.963 0.005
3294 3294 (0) 33 : 0.017 0.011 0.967 0.005
3295 3295 (0) 33 : 0.007 0.062 0.926 0.006
3296 3296 (0) 33 : 0.004 0.014 0.977 0.005
3297 3297 (0) 33 : 0.008 0.009 0.977 0.006
3298 3298 (0) 33 : 0.007 0.005 0.984 0.004
3299 3299 (0) 33 : 0.009 0.009 0.976 0.006
3300 3300 (0) 33 : 0.007 0.153 0.828 0.012
3301 3301 (0) 33 : 0.032 0.033 0.930 0.005
3302 3302 (0) 33 : 0.019 0.005 0.972 0.004
3303 3303 (0) 33 : 0.044 0.010 0.942 0.004
3304 3304 (0) 33 : 0.011 0.009 0.971 0.008
3305 3305 (0) 33 : 0.008 0.015 0.973 0.005
3306 3306 (0) 33 : 0.024 0.004 0.964 0.008
3307 3307 (0) 33 : 0.016 0.008 0.973 0.004
3308 3308 (0) 33 : 0.016 0.014 0.966 0.004
3309 3309 (0) 33 : 0.011 0.065 0.907 0.017
3310 3310 (0) 33 : 0.013 0.025 0.957 0.004
3311 3311 (0) 33 : 0.014 0.020 0.962 0.004
3312 3312 (0) 33 : 0.013 0.006 0.976 0.006
3313 3313 (0) 33 : 0.007 0.020 0.970 0.003
3314 3314 (0) 33 : 0.051 0.007 0.938 0.004
3315 3315 (0) 33 : 0.005 0.005 0.978 0.012
3316 3316 (0) 33 : 0.021 0.026 0.950 0.004
3317 3317 (0) 33 : 0.081 0.004 0.911 0.004
3318 3318 (0) 33 : 0.026 0.011 0.954 0.009
3319 3319 (0) 33 : 0.004 0.003 0.986 0.007
3320 3320 (0) 33 : 0.005 0.010 0.977 0.007
3321 3321 (0) 33 : 0.063 0.009 0.924 0.005
3322 3322 (0) 33 : 0.024 0.007 0.962 0.007
3323 3323 (0) 33 : 0.010 0.007 0.979 0.005
3324 3324 (0) 33 : 0.012 0.006 0.977 0.004
3325 3325 (0) 33 : 0.006 0.007 0.981 0.006
3326 3326 (0) 33 : 0.005 0.004 0.987 0.004
3327 3327 (0) 33 : 0.023 0.011 0.960 0.006
3328 3328 (0) 33 : 0.022 0.005 0.969 0.004
3329 3329 (0) 33 : 0.007 0.011 0.979 0.004
3330 3330 (0) 33 : 0.004 0.004 0.989 0.004
3331 3331 (0) 33 : 0.012 0.012 0.971 0.006
3332 3332 (0) 33 : 0.022 0.015 0.957 0.005
3333 3333 (0) 33 : 0.085 0.004 0.905 0.005
3334 3334 (0) 33 : 0.009 0.011 0.975 0.005
3335 3335 (0) 33 : 0.024 0.009 0.961 0.006
3336 3336 (0) 33 : 0.011 0.007 0.978 0.004
3337 3337 (0) 33 : 0.022 0.004 0.969 0.005
3338 3338 (0) 33 : 0.012 0.020 0.947 0.021
3339 3339 (0) 33 : 0.013 0.017 0.957 0.012
3340 3340 (0) 33 : 0.010 0.006 0.978 0.006
3341 3341 (0) 33 : 0.009 0.014 0.973 0.005
3342 3342 (0) 33 : 0.014 0.007 0.968 0.011
3343 3343 (0) 33 : 0.029 0.010 0.955 0.007
3344 3344 (0) 33 : 0.126 0.004 0.866 0.004
3345 3345 (0) 33 : 0.012 0.008 0.977 0.003
3346 3346 (0) 33 : 0.059 0.004 0.930 0.007
3347 3347 (0) 33 : 0.049 0.005 0.936 0.011
3348 3348 (0) 33 : 0.014 0.024 0.954 0.008
3349 3349 (0) 33 : 0.016 0.007 0.970 0.008
3350 3350 (0) 33 : 0.030 0.004 0.960 0.006
3351 3351 (0) 33 : 0.004 0.005 0.986 0.004
3352 3352 (0) 33 : 0.005 0.006 0.983 0.005
3353 3353 (0) 33 : 0.029 0.003 0.964 0.004
3354 3354 (0) 33 : 0.006 0.009 0.982 0.003
3355 3355 (0) 33 : 0.010 0.005 0.981 0.003
3356 3356 (0) 33 : 0.022 0.017 0.950 0.011
3357 3357 (0) 33 : 0.020 0.010 0.963 0.007
3358 3358 (0) 33 : 0.006 0.005 0.986 0.004
3359 3359 (0) 33 : 0.035 0.005 0.956 0.004
3360 3360 (0) 33 : 0.025 0.012 0.954 0.009
3361 3361 (0) 33 : 0.033 0.058 0.900 0.009
3362 3362 (0) 33 : 0.010 0.010 0.974 0.006
3363 3363 (0) 33 : 0.027 0.006 0.963 0.004
3364 3364 (0) 33 : 0.014 0.005 0.974 0.007
3365 3365 (0) 33 : 0.011 0.005 0.979 0.005
3366 3366 (0) 33 : 0.010 0.004 0.981 0.005
3367 3367 (0) 33 : 0.131 0.009 0.854 0.006
3368 3368 (0) 33 : 0.019 0.004 0.974 0.003
3369 3369 (0) 33 : 0.081 0.005 0.907 0.007
3370 3370 (0) 33 : 0.107 0.014 0.873 0.006
3371 3371 (0) 33 : 0.017 0.004 0.975 0.004
3372 3372 (0) 33 : 0.025 0.019 0.951 0.005
3373 3373 (0) 33 : 0.021 0.006 0.968 0.005
3374 3374 (0) 33 : 0.027 0.005 0.964 0.005
3375 3375 (0) 33 : 0.018 0.028 0.947 0.007
3376 3376 (0) 33 : 0.027 0.008 0.960 0.005
3377 3377 (0) 33 : 0.009 0.005 0.978 0.007
3378 3378 (0) 33 : 0.017 0.014 0.958 0.012
3379 3379 (0) 33 : 0.011 0.006 0.978 0.005
3380 3380 (0) 33 : 0.021 0.005 0.966 0.008
3381 3381 (0) 33 : 0.008 0.132 0.854 0.006
3382 3382 (0) 33 : 0.011 0.008 0.977 0.004
3383 3383 (0) 33 : 0.010 0.155 0.821 0.014
3384 3384 (0) 33 : 0.073 0.009 0.912 0.007
3385 3385 (0) 33 : 0.008 0.005 0.979 0.008
3386 3386 (0) 33 : 0.009 0.005 0.983 0.003
3387 3387 (0) 33 : 0.026 0.007 0.962 0.004
3388 3388 (0) 33 : 0.012 0.008 0.975 0.005
3389 3389 (0) 33 : 0.154 0.012 0.831 0.003
3390 3390 (0) 33 : 0.010 0.018 0.968 0.005
3391 3391 (0) 33 : 0.012 0.061 0.920 0.007
3392 3392 (0) 33 : 0.024 0.013 0.958 0.005
3393 3393 (0) 33 : 0.113 0.005 0.873 0.008
3394 3394 (0) 33 : 0.014 0.030 0.951 0.005
3395 3395 (0) 33 : 0.010 0.005 0.979 0.006
3396 3396 (0) 33 : 0.011 0.008 0.975 0.007
3397 3397 (0) 33 : 0.040 0.027 0.923 0.009
3398 3398 (0) 33 : 0.071 0.030 0.893 0.007
3399 3399 (0) 33 : 0.017 0.006 0.971 0.005
3400 3400 (0) 33 : 0.022 0.021 0.952 0.005
3401 3401 (0) 33 : 0.007 0.005 0.984 0.005
3402 3402 (0) 33 : 0.022 0.004 0.969 0.004
3403 3403 (0) 33 : 0.014 0.011 0.967 0.008
3404 3404 (0) 33 : 0.025 0.012 0.959 0.004
3405 3405 (0) 33 : 0.012 0.004 0.981 0.004
3406 3406 (0) 33 : 0.011 0.006 0.978 0.005
3407 3407 (0) 33 : 0.020 0.015 0.961 0.005
3408 3408 (0) 33 : 0.005 0.011 0.977 0.007
3409 3409 (0) 33 : 0.014 0.008 0.972 0.005
3410 3410 (0) 33 : 0.018 0.011 0.967 0.004
3411 3411 (0) 33 : 0.041 0.006 0.950 0.003
3412 3412 (0) 33 : 0.043 0.008 0.944 0.006
3413 3413 (0) 33 : 0.008 0.005 0.982 0.006
3414 3414 (0) 33 : 0.014 0.008 0.971 0.006
3415 3415 (0) 33 : 0.004 0.019 0.971 0.006
3416 3416 (0) 33 : 0.007 0.004 0.985 0.004
3417 3417 (0) 33 : 0.011 0.006 0.979 0.004
3418 3418 (0) 33 : 0.019 0.040 0.919 0.022
3419 3419 (0) 33 : 0.011 0.004 0.981 0.004
3420 3420 (0) 33 : 0.145 0.003 0.847 0.005
3421 3421 (0) 33 : 0.009 0.004 0.983 0.003
3422 3422 (0) 33 : 0.007 0.018 0.973 0.003
3423 3423 (0) 33 : 0.005 0.008 0.984 0.003
3424 3424 (0) 33 : 0.017 0.057 0.921 0.004
3425 3425 (0) 33 : 0.005 0.009 0.982 0.005
3426 3426 (0) 33 : 0.024 0.009 0.964 0.003
3427 3427 (0) 33 : 0.007 0.010 0.980 0.004
3428 3428 (0) 33 : 0.064 0.011 0.919 0.005
3429 3429 (0) 33 : 0.005 0.004 0.986 0.004
3430 3430 (0) 33 : 0.007 0.008 0.980 0.005
3431 3431 (0) 33 : 0.008 0.009 0.979 0.004
3432 3432 (0) 33 : 0.023 0.009 0.961 0.008
3433 3433 (0) 33 : 0.011 0.014 0.970 0.005
3434 3434 (0) 33 : 0.005 0.007 0.985 0.003
3435 3435 (0) 33 : 0.007 0.041 0.949 0.003
3436 3436 (0) 33 : 0.015 0.016 0.960 0.008
3437 3437 (0) 33 : 0.077 0.005 0.909 0.010
3438 3438 (0) 33 : 0.011 0.011 0.968 0.010
3439 3439 (0) 33 : 0.011 0.039 0.947 0.003
3440 3440 (0) 33 : 0.009 0.030 0.950 0.010
3441 3441 (0) 33 : 0.007 0.018 0.971 0.004
3442 3442 (0) 33 : 0.019 0.006 0.971 0.005
3443 3443 (0) 33 : 0.006 0.023 0.965 0.006
3444 3444 (0) 33 : 0.028 0.012 0.954 0.006
3445 3445 (0) 33 : 0.018 0.016 0.956 0.010
3446 3446 (0) 33 : 0.010 0.012 0.973 0.005
3447 3447 (0) 33 : 0.017 0.005 0.973 0.005
3448 3448 (0) 33 : 0.043 0.006 0.947 0.004
3449 3449 (0) 33 : 0.030 0.009 0.954 0.006
3450 3450 (0) 33 : 0.009 0.016 0.967 0.007
3451 3451 (0) 33 : 0.034 0.009 0.954 0.004
3452 3452 (0) 33 : 0.014 0.003 0.979 0.004
3453 3453 (0) 33 : 0.024 0.055 0.914 0.007
3454 3454 (0) 33 : 0.007 0.021 0.967 0.005
3455 3455 (0) 33 : 0.016 0.004 0.976 0.004
3456 3456 (0) 33 : 0.006 0.018 0.970 0.005
3457 3457 (0) 33 : 0.058 0.006 0.930 0.006
3458 3458 (0) 33 : 0.007 0.006 0.981 0.005
3459 3459 (0) 33 : 0.009 0.005 0.982 0.003
3460 3460 (0) 33 : 0.022 0.005 0.969 0.004
3461 3461 (0) 33 : 0.012 0.004 0.979 0.005
3462 3462 (0) 33 : 0.007 0.003 0.983 0.007
3463 3463 (0) 33 : 0.050 0.209 0.733 0.008
3464 3464 (0) 33 : 0.036 0.005 0.955 0.005
3465 3465 (0) 33 : 0.037 0.011 0.948 0.004
3466 3466 (0) 33 : 0.067 0.006 0.922 0.006
3467 3467 (0) 33 : 0.009 0.007 0.976 0.007
3468 3468 (0) 33 : 0.081 0.004 0.912 0.004
3469 3469 (0) 33 : 0.016 0.005 0.976 0.003
3470 3470 (0) 33 : 0.008 0.022 0.966 0.005
3471 3471 (0) 33 : 0.031 0.027 0.931 0.010
3472 3472 (0) 33 : 0.027 0.054 0.914 0.005
3473 3473 (0) 33 : 0.013 0.004 0.978 0.005
3474 3474 (0) 33 : 0.036 0.005 0.943 0.017
3475 3475 (0) 33 : 0.005 0.012 0.980 0.004
3476 3476 (0) 33 : 0.025 0.042 0.929 0.004
3477 3477 (0) 33 : 0.010 0.073 0.912 0.005
3478 3478 (0) 33 : 0.097 0.015 0.879 0.009
3479 3479 (0) 33 : 0.022 0.023 0.950 0.006
3480 3480 (0) 33 : 0.013 0.006 0.975 0.006
3481 3481 (0) 33 : 0.010 0.005 0.980 0.006
3482 3482 (0) 33 : 0.005 0.005 0.988 0.003
3483 3483 (0) 33 : 0.016 0.009 0.970 0.005
3484 3484 (0) 33 : 0.016 0.012 0.959 0.014
3485 3485 (0) 33 : 0.006 0.004 0.986 0.005
3486 3486 (0) 33 : 0.014 0.005 0.973 0.009
3487 3487 (0) 33 : 0.029 0.005 0.963 0.003
3488 3488 (0) 33 : 0.265 0.007 0.723 0.005
3489 3489 (0) 33 : 0.015 0.032 0.949 0.004
3490 3490 (0) 33 : 0.017 0.006 0.974 0.004
3491 3491 (0) 33 : 0.012 0.012 0.970 0.005
3492 3492 (0) 33 : 0.057 0.008 0.928 0.006
3493 3493 (0) 33 : 0.061 0.004 0.931 0.004
3494 3494 (0) 33 : 0.006 0.005 0.983 0.006
3495 3495 (0) 33 : 0.005 0.008 0.982 0.004
3496 3496 (0) 33 : 0.032 0.009 0.953 0.005
3497 3497 (0) 33 : 0.058 0.011 0.928 0.004
3498 3498 (0) 33 : 0.008 0.013 0.970 0.009
3499 3499 (0) 33 : 0.049 0.007 0.940 0.004
3500 3500 (0) 33 : 0.023 0.006 0.967 0.004
3501 3501 (0) 33 : 0.007 0.004 0.983 0.006
3502 3502 (0) 33 : 0.047 0.010 0.938 0.005
3503 3503 (0) 33 : 0.024 0.006 0.965 0.006
3504 3504 (0) 33 : 0.006 0.010 0.978 0.006
3505 3505 (0) 33 : 0.005 0.006 0.984 0.005
3506 3506 (0) 33 : 0.035 0.023 0.937 0.004
3507 3507 (0) 33 : 0.012 0.010 0.972 0.006
3508 3508 (0) 33 : 0.012 0.005 0.978 0.006
3509 3509 (0) 33 : 0.007 0.011 0.971 0.010
3510 3510 (0) 33 : 0.085 0.006 0.903 0.006
3511 3511 (0) 33 : 0.008 0.037 0.950 0.005
3512 3512 (0) 33 : 0.017 0.058 0.918 0.006
3513 3513 (0) 33 : 0.233 0.016 0.743 0.007
3514 3514 (0) 33 : 0.010 0.036 0.949 0.005
3515 3515 (0) 33 : 0.014 0.009 0.960 0.017
3516 3516 (0) 33 : 0.019 0.011 0.965 0.004
3517 3517 (0) 33 : 0.013 0.004 0.979 0.004
3518 3518 (0) 33 : 0.088 0.017 0.890 0.006
3519 3519 (0) 33 : 0.014 0.008 0.971 0.006
3520 3520 (0) 33 : 0.005 0.034 0.955 0.007
3521 3521 (0) 33 : 0.094 0.009 0.892 0.005
3522 3522 (0) 33 : 0.007 0.008 0.981 0.005
3523 3523 (0) 33 : 0.011 0.008 0.972 0.009
3524 3524 (0) 33 : 0.037 0.016 0.941 0.006
3525 3525 (0) 33 : 0.006 0.005 0.986 0.004
3526 3526 (0) 33 : 0.012 0.006 0.977 0.006
3527 3527 (0) 33 : 0.015 0.012 0.968 0.005
3528 3528 (0) 33 : 0.011 0.010 0.975 0.003
3529 3529 (0) 33 : 0.030 0.004 0.963 0.003
3530 3530 (0) 33 : 0.013 0.013 0.969 0.005
3531 3531 (0) 33 : 0.009 0.009 0.976 0.007
3532 3532 (0) 33 : 0.019 0.007 0.960 0.014
3533 3533 (0) 33 : 0.120 0.006 0.870 0.004
3534 3534 (0) 33 : 0.100 0.011 0.884 0.005
3535 3535 (0) 33 : 0.019 0.005 0.974 0.003
3536 3536 (0) 33 : 0.226 0.006 0.762 0.007
3537 3537 (0) 33 : 0.006 0.005 0.986 0.004
3538 3538 (0) 33 : 0.024 0.007 0.966 0.003
3539 3539 (0) 33 : 0.021 0.005 0.964 0.010
3540 3540 (0) 33 : 0.012 0.007 0.976 0.005
3541 3541 (0) 33 : 0.006 0.011 0.972 0.010
3542 3542 (0) 33 : 0.018 0.026 0.950 0.006
3543 3543 (0) 33 : 0.022 0.005 0.967 0.005
3544 3544 (0) 33 : 0.005 0.010 0.981 0.004
3545 3545 (0) 33 : 0.013 0.007 0.974 0.005
3546 3546 (0) 33 : 0.010 0.038 0.947 0.004
3547 3547 (0) 33 : 0.012 0.005 0.978 0.005
3548 3548 (0) 33 : 0.025 0.007 0.960 0.008
3549 3549 (0) 33 : 0.014 0.004 0.977 0.005
3550 3550 (0) 33 : 0.007 0.067 0.918 0.008
3551 3551 (0) 33 : 0.093 0.014 0.890 0.003
3552 3552 (0) 33 : 0.117 0.013 0.861 0.009
3553 3553 (0) 33 : 0.064 0.008 0.924 0.004
3554 3554 (0) 33 : 0.020 0.011 0.962 0.007
3555 3555 (0) 33 : 0.024 0.019 0.947 0.010
3556 3556 (0) 33 : 0.012 0.007 0.975 0.006
3557 3557 (0) 33 : 0.004 0.013 0.977 0.005
3558 3558 (0) 33 : 0.053 0.006 0.935 0.006
3559 3559 (0) 33 : 0.017 0.007 0.972 0.003
3560 3560 (0) 33 : 0.005 0.018 0.969 0.007
3561 3561 (0) 33 : 0.006 0.007 0.984 0.004
3562 3562 (0) 33 : 0.040 0.009 0.945 0.006
3563 3563 (0) 33 : 0.019 0.004 0.973 0.004
3564 3564 (0) 33 : 0.024 0.040 0.932 0.004
3565 3565 (0) 33 : 0.006 0.004 0.986 0.004
3566 3566 (0) 33 : 0.004 0.016 0.974 0.006
3567 3567 (0) 33 : 0.076 0.009 0.910 0.004
3568 3568 (0) 33 : 0.004 0.010 0.982 0.004
3569 3569 (0) 33 : 0.010 0.031 0.953 0.006
3570 3570 (0) 33 : 0.084 0.004 0.907 0.005
3571 3571 (0) 33 : 0.014 0.005 0.975 0.006
3572 3572 (0) 33 : 0.015 0.003 0.973 0.008
3573 3573 (0) 33 : 0.007 0.013 0.975 0.005
3574 3574 (0) 33 : 0.007 0.006 0.980 0.007
3575 3575 (0) 33 : 0.009 0.006 0.981 0.004
3576 3576 (0) 33 : 0.048 0.005 0.937 0.009
3577 3577 (0) 33 : 0.029 0.031 0.936 0.004
3578 3578 (0) 33 : 0.114 0.009 0.872 0.005
3579 3579 (0) 33 : 0.015 0.005 0.976 0.004
3580 3580 (0) 33 : 0.122 0.021 0.853 0.004
3581 3581 (0) 33 : 0.019 0.012 0.936 0.032
3582 3582 (0) 33 : 0.015 0.009 0.966 0.010
3583 3583 (0) 33 : 0.027 0.005 0.963 0.005
3584 3584 (0) 33 : 0.038 0.007 0.950 0.006
3585 3585 (0) 33 : 0.016 0.007 0.958 0.019
3586 3586 (0) 33 : 0.032 0.006 0.959 0.003
3587 3587 (0) 33 : 0.009 0.011 0.975 0.005
3588 3588 (0) 33 : 0.010 0.052 0.932 0.006
3589 3589 (0) 33 : 0.080 0.086 0.827 0.006
3590 3590 (0) 33 : 0.007 0.005 0.985 0.004
3591 3591 (0) 33 : 0.011 0.004 0.979 0.005
3592 3592 (0) 33 : 0.093 0.005 0.895 0.008
1 1 (5) 1 : 0.042 0.032 0.014 0.912
2 2 (5) 1 : 0.018 0.024 0.015 0.943
3 3 (5) 1 : 0.019 0.022 0.008 0.951
4 4 (0) 1 : 0.034 0.008 0.004 0.954
5 5 (0) 1 : 0.045 0.234 0.015 0.706
6 6 (0) 1 : 0.035 0.020 0.005 0.941
7 7 (0) 1 : 0.004 0.017 0.172 0.808
8 8 (5) 1 : 0.011 0.005 0.006 0.979
9 9 (0) 1 : 0.006 0.003 0.005 0.986
10 10 (0) 1 : 0.011 0.058 0.052 0.880
11 11 (0) 1 : 0.004 0.012 0.016 0.968
12 12 (0) 1 : 0.006 0.011 0.007 0.976
13 13 (0) 1 : 0.003 0.003 0.003 0.991
14 14 (0) 1 : 0.042 0.006 0.011 0.941
15 15 (0) 1 : 0.013 0.023 0.020 0.944
16 16 (0) 1 : 0.023 0.008 0.003 0.966
17 17 (0) 1 : 0.003 0.004 0.004 0.989
18 18 (0) 1 : 0.007 0.044 0.007 0.942
19 19 (0) 1 : 0.006 0.005 0.003 0.985
20 20 (0) 1 : 0.026 0.082 0.030 0.862
21 21 (0) 1 : 0.008 0.003 0.003 0.985
22 22 (0) 1 : 0.166 0.008 0.004 0.823
23 23 (0) 1 : 0.043 0.009 0.007 0.941
24 24 (0) 1 : 0.083 0.013 0.004 0.900
25 25 (0) 1 : 0.006 0.005 0.015 0.975
26 26 (0) 1 : 0.006 0.004 0.004 0.987
27 27 (5) 1 : 0.006 0.117 0.032 0.846
28 28 (0) 1 : 0.089 0.094 0.019 0.798
29 29 (0) 1 : 0.053 0.015 0.005 0.927
30 30 (0) 1 : 0.026 0.036 0.023 0.915
31 31 (0) 1 : 0.008 0.015 0.005 0.972
32 32 (0) 1 : 0.011 0.071 0.016 0.902
33 33 (0) 1 : 0.003 0.011 0.003 0.983
34 34 (0) 1 : 0.028 0.016 0.004 0.952
35 35 (0) 1 : 0.006 0.125 0.015 0.855
36 36 (0) 1 : 0.005 0.027 0.004 0.965
37 37 (0) 1 : 0.009 0.009 0.013 0.970
38 38 (0) 1 : 0.004 0.005 0.006 0.985
39 39 (0) 1 : 0.009 0.014 0.008 0.969
40 40 (0) 1 : 0.021 0.020 0.004 0.954
41 41 (0) 1 : 0.017 0.025 0.007 0.950
42 42 (0) 1 : 0.022 0.005 0.003 0.970
43 43 (0) 1 : 0.009 0.012 0.019 0.959
44 44 (0) 1 : 0.004 0.006 0.005 0.986
45 45 (5) 1 : 0.007 0.028 0.036 0.929
46 46 (0) 1 : 0.112 0.015 0.004 0.869
47 47 (0) 1 : 0.057 0.023 0.034 0.886
48 48 (0) 1 : 0.085 0.014 0.007 0.894
49 49 (0) 1 : 0.004 0.012 0.056 0.929
50 50 (0) 1 : 0.016 0.010 0.010 0.964
51 51 (0) 1 : 0.007 0.004 0.009 0.980
52 52 (0) 1 : 0.009 0.006 0.008 0.976
53 53 (0) 1 : 0.063 0.036 0.034 0.867
54 54 (0) 1 : 0.071 0.043 0.035 0.851
55 55 (0) 1 : 0.008 0.010 0.011 0.971
56 56 (0) 1 : 0.024 0.037 0.004 0.936
57 57 (10) 1 : 0.007 0.009 0.003 0.980
58 58 (5) 1 : 0.014 0.012 0.010 0.965
59 59 (0) 1 : 0.027 0.006 0.012 0.955
60 60 (0) 1 : 0.004 0.008 0.015 0.973
61 61 (0) 1 : 0.008 0.023 0.011 0.959
62 62 (0) 1 : 0.009 0.037 0.052 0.901
63 63 (0) 1 : 0.004 0.015 0.018 0.963
64 64 (0) 1 : 0.007 0.024 0.014 0.955
65 65 (0) 1 : 0.004 0.056 0.015 0.925
66 66 (0) 1 : 0.031 0.171 0.004 0.794
67 67 (5) 1 : 0.082 0.011 0.003 0.903
68 68 (0) 1 : 0.224 0.058 0.026 0.692
69 69 (0) 1 : 0.003 0.007 0.036 0.954
70 70 (0) 1 : 0.032 0.038 0.008 0.921
71 71 (5) 1 : 0.014 0.095 0.010 0.881
72 72 (0) 1 : 0.004 0.004 0.005 0.988
73 73 (5) 1 : 0.012 0.175 0.007 0.807
74 74 (10) 1 : 0.010 0.011 0.011 0.968
75 75 (10) 1 : 0.006 0.006 0.003 0.985
76 76 (0) 1 : 0.437 0.004 0.002 0.557
77 77 (10) 1 : 0.194 0.005 0.005 0.796
78 78 (0) 1 : 0.229 0.019 0.009 0.743
79 79 (5) 1 : 0.058 0.029 0.028 0.884
80 80 (0) 1 : 0.011 0.006 0.004 0.979
81 81 (0) 1 : 0.004 0.005 0.003 0.987
82 82 (0) 1 : 0.002 0.004 0.005 0.990
83 83 (0) 1 : 0.084 0.007 0.007 0.903
84 84 (0) 1 : 0.005 0.009 0.006 0.980
85 85 (0) 1 : 0.004 0.008 0.005 0.983
86 86 (5) 1 : 0.003 0.005 0.005 0.987
87 87 (0) 1 : 0.019 0.026 0.010 0.945
88 88 (0) 1 : 0.182 0.033 0.010 0.776
89 89 (0) 1 : 0.016 0.007 0.003 0.975
90 90 (0) 1 : 0.032 0.087 0.048 0.833
91 91 (0) 1 : 0.013 0.013 0.007 0.967
92 92 (0) 1 : 0.009 0.192 0.013 0.786
93 93 (0) 1 : 0.009 0.003 0.003 0.984
94 94 (5) 1 : 0.058 0.013 0.005 0.925
95 95 (0) 1 : 0.045 0.005 0.004 0.945
96 96 (5) 1 : 0.004 0.005 0.010 0.981
97 97 (0) 1 : 0.072 0.012 0.029 0.886
98 98 (0) 1 : 0.005 0.014 0.005 0.976
99 99 (5) 1 : 0.004 0.009 0.004 0.984
100 100 (5) 1 : 0.011 0.007 0.006 0.975
101 101 (0) 2 : 0.092 0.055 0.006 0.847
102 102 (0) 2 : 0.082 0.005 0.008 0.906
103 103 (0) 2 : 0.184 0.004 0.004 0.808
104 104 (0) 2 : 0.005 0.006 0.005 0.985
105 105 (0) 2 : 0.011 0.220 0.009 0.760
106 106 (0) 2 : 0.006 0.007 0.003 0.984
107 107 (0) 2 : 0.011 0.009 0.006 0.974
108 108 (0) 2 : 0.212 0.019 0.011 0.758
109 109 (0) 2 : 0.006 0.005 0.008 0.980
110 110 (0) 2 : 0.003 0.005 0.003 0.989
111 111 (0) 2 : 0.004 0.008 0.004 0.984
112 112 (0) 2 : 0.007 0.007 0.003 0.983
113 113 (0) 2 : 0.011 0.025 0.033 0.931
114 114 (0) 2 : 0.014 0.012 0.004 0.971
115 115 (0) 2 : 0.017 0.009 0.006 0.969
116 116 (0) 2 : 0.046 0.010 0.005 0.938
117 117 (0) 2 : 0.056 0.021 0.007 0.916
118 118 (0) 2 : 0.020 0.008 0.006 0.967
119 119 (0) 2 : 0.003 0.003 0.003 0.991
120 120 (0) 2 : 0.004 0.067 0.057 0.872
121 121 (0) 2 : 0.004 0.010 0.005 0.980
122 122 (0) 2 : 0.005 0.008 0.005 0.982
123 123 (0) 2 : 0.020 0.007 0.009 0.965
124 124 (0) 2 : 0.019 0.007 0.013 0.961
125 125 (0) 2 : 0.004 0.005 0.003 0.989
126 126 (0) 2 : 0.019 0.048 0.013 0.920
127 127 (0) 2 : 0.006 0.008 0.008 0.978
128 128 (0) 2 : 0.005 0.006 0.005 0.984
129 129 (0) 2 : 0.004 0.005 0.003 0.987
130 130 (0) 2 : 0.012 0.021 0.013 0.954
131 131 (0) 2 : 0.007 0.017 0.073 0.903
132 132 (0) 2 : 0.005 0.003 0.005 0.987
133 133 (0) 2 : 0.006 0.011 0.005 0.978
134 134 (0) 2 : 0.085 0.035 0.283 0.596
135 135 (0) 2 : 0.005 0.016 0.006 0.973
136 136 (0) 2 : 0.010 0.012 0.016 0.962
137 137 (0) 2 : 0.071 0.008 0.006 0.916
138 138 (0) 2 : 0.005 0.008 0.005 0.983
139 139 (0) 2 : 0.008 0.055 0.011 0.926
140 140 (0) 2 : 0.011 0.023 0.021 0.944
141 141 (0) 2 : 0.003 0.004 0.014 0.978
142 142 (0) 2 : 0.006 0.005 0.007 0.982
143 143 (0) 2 : 0.013 0.006 0.003 0.977
144 144 (0) 2 : 0.009 0.015 0.106 0.870
145 145 (0) 2 : 0.014 0.008 0.008 0.970
146 146 (0) 2 : 0.024 0.027 0.008 0.942
147 147 (0) 2 : 0.072 0.012 0.007 0.909
148 148 (0) 2 : 0.009 0.009 0.023 0.959
149 149 (0) 2 : 0.006 0.006 0.005 0.983
150 150 (0) 2 : 0.033 0.010 0.051 0.906
151 151 (0) 2 : 0.002 0.037 0.011 0.949
152 152 (0) 2 : 0.014 0.004 0.004 0.978
153 153 (0) 2 : 0.006 0.004 0.004 0.986
154 154 (0) 2 : 0.021 0.018 0.007 0.955
155 155 (0) 2 : 0.004 0.015 0.006 0.974
156 156 (0) 2 : 0.081 0.005 0.003 0.910
157 157 (0) 2 : 0.010 0.026 0.006 0.959
158 158 (0) 2 : 0.017 0.008 0.003 0.972
159 159 (0) 2 : 0.003 0.011 0.007 0.978
160 160 (0) 2 : 0.003 0.004 0.003 0.990
161 161 (0) 2 : 0.015 0.030 0.028 0.928
162 162 (0) 2 : 0.003 0.005 0.004 0.988
163 163 (0) 2 : 0.090 0.019 0.012 0.880
164 164 (0) 2 : 0.039 0.013 0.012 0.936
165 165 (0) 2 : 0.014 0.011 0.004 0.970
166 166 (0) 2 : 0.004 0.003 0.004 0.989
167 167 (0) 2 : 0.007 0.021 0.006 0.966
168 168 (0) 2 : 0.005 0.004 0.005 0.985
169 169 (0) 2 : 0.064 0.007 0.020 0.910
170 170 (0) 2 : 0.006 0.017 0.007 0.970
171 171 (0) 2 : 0.022 0.018 0.006 0.954
172 172 (0) 2 : 0.011 0.013 0.005 0.971
173 173 (0) 2 : 0.023 0.005 0.010 0.961
174 174 (0) 2 : 0.005 0.015 0.012 0.968
175 175 (0) 2 : 0.023 0.007 0.007 0.963
176 176 (0) 2 : 0.033 0.014 0.003 0.950
177 177 (0) 2 : 0.003 0.005 0.005 0.986
178 178 (0) 2 : 0.004 0.003 0.004 0.988
179 179 (0) 2 : 0.130 0.014 0.012 0.844
180 180 (0) 2 : 0.009 0.006 0.009 0.976
181 181 (0) 2 : 0.004 0.009 0.008 0.980
182 182 (0) 2 : 0.006 0.012 0.005 0.977
183 183 (0) 2 : 0.004 0.012 0.004 0.980
184 184 (0) 2 : 0.016 0.005 0.003 0.976
185 185 (0) 2 : 0.132 0.030 0.024 0.814
186 186 (0) 2 : 0.004 0.004 0.005 0.987
187 187 (0) 2 : 0.007 0.007 0.010 0.976
188 188 (0) 2 : 0.016 0.063 0.017 0.904
189 189 (0) 2 : 0.026 0.022 0.004 0.948
190 190 (0) 2 : 0.223 0.015 0.004 0.758
191 191 (0) 2 : 0.010 0.005 0.004 0.980
192 192 (0) 2 : 0.016 0.008 0.004 0.971
193 193 (0) 2 : 0.007 0.015 0.025 0.953
194 194 (0) 2 : 0.005 0.028 0.010 0.958
195 195 (0) 2 : 0.011 0.086 0.007 0.896
196 196 (0) 2 : 0.004 0.005 0.004 0.987
197 197 (0) 2 : 0.024 0.006 0.004 0.966
198 198 (0) 2 : 0.003 0.012 0.009 0.975
199 199 (0) 2 : 0.007 0.004 0.003 0.987
200 200 (0) 2 : 0.015 0.035 0.039 0.911
201 201 (0) 2 : 0.048 0.013 0.042 0.897
202 202 (0) 2 : 0.004 0.004 0.003 0.989
203 203 (0) 2 : 0.023 0.016 0.025 0.936
204 204 (0) 2 : 0.090 0.015 0.007 0.888
205 205 (0) 2 : 0.050 0.201 0.005 0.743
206 206 (0) 2 : 0.007 0.025 0.018 0.950
207 207 (0) 2 : 0.028 0.036 0.087 0.849
208 208 (0) 2 : 0.018 0.009 0.020 0.953
209 209 (0) 2 : 0.107 0.086 0.009 0.797
210 210 (0) 2 : 0.009 0.009 0.008 0.974
211 211 (0) 2 : 0.003 0.007 0.004 0.987
212 212 (0) 2 : 0.017 0.006 0.004 0.973
213 213 (0) 2 : 0.008 0.004 0.004 0.984
214 214 (0) 2 : 0.034 0.006 0.004 0.955
215 215 (0) 2 : 0.009 0.042 0.003 0.946
216 216 (0) 2 : 0.219 0.012 0.007 0.762
217 217 (0) 2 : 0.065 0.009 0.014 0.911
218 218 (0) 2 : 0.011 0.005 0.015 0.969
219 219 (0) 2 : 0.006 0.007 0.006 0.982
220 220 (0) 2 : 0.216 0.006 0.004 0.774
221 221 (0) 2 : 0.006 0.005 0.004 0.986
222 222 (0) 2 : 0.012 0.115 0.005 0.868
223 223 (0) 2 : 0.007 0.004 0.005 0.983
224 224 (0) 2 : 0.010 0.004 0.007 0.979
225 225 (0) 2 : 0.003 0.004 0.003 0.990
226 226 (0) 2 : 0.050 0.006 0.004 0.940
227 227 (0) 2 : 0.008 0.011 0.014 0.967
228 228 (0) 2 : 0.017 0.127 0.012 0.844
229 229 (0) 2 : 0.049 0.036 0.025 0.890
230 230 (0) 2 : 0.003 0.004 0.004 0.989
231 231 (0) 2 : 0.310 0.007 0.005 0.679
232 232 (0) 2 : 0.022 0.016 0.012 0.951
233 233 (0) 2 : 0.032 0.008 0.006 0.953
234 234 (0) 2 : 0.014 0.004 0.005 0.977
235 235 (0) 2 : 0.015 0.039 0.009 0.937
236 236 (0) 2 : 0.156 0.004 0.003 0.837
237 237 (0) 2 : 0.067 0.005 0.005 0.923
238 238 (0) 2 : 0.008 0.011 0.009 0.972
239 239 (0) 2 : 0.002 0.002 0.003 0.993
240 240 (0) 2 : 0.009 0.007 0.015 0.969
241 241 (0) 2 : 0.010 0.025 0.031 0.934
242 242 (0) 2 : 0.003 0.007 0.002 0.988
243 243 (0) 2 : 0.010 0.007 0.004 0.979
244 244 (0) 2 : 0.125 0.014 0.006 0.855
245 245 (0) 2 : 0.004 0.018 0.013 0.965
246 246 (0) 2 : 0.032 0.022 0.015 0.931
247 247 (0) 2 : 0.003 0.006 0.005 0.986
248 248 (0) 2 : 0.004 0.006 0.006 0.983
249 249 (0) 2 : 0.009 0.003 0.004 0.984
250 250 (0) 2 : 0.008 0.009 0.006 0.978
251 251 (0) 2 : 0.006 0.015 0.012 0.966
252 252 (0) 2 : 0.007 0.010 0.010 0.972
253 253 (0) 2 : 0.019 0.009 0.003 0.969
254 254 (0) 2 : 0.040 0.008 0.066 0.886
255 255 (0) 2 : 0.004 0.072 0.004 0.921
256 256 (0) 2 : 0.010 0.004 0.003 0.983
257 257 (0) 2 : 0.010 0.069 0.026 0.895
258 258 (0) 2 : 0.060 0.039 0.018 0.883
259 259 (0) 2 : 0.016 0.013 0.005 0.965
260 260 (0) 2 : 0.113 0.037 0.024 0.826
261 261 (0) 2 : 0.006 0.005 0.008 0.981
262 262 (0) 2 : 0.013 0.010 0.012 0.964
263 263 (0) 2 : 0.007 0.071 0.036 0.885
264 264 (0) 2 : 0.005 0.006 0.004 0.984
265 265 (0) 2 : 0.007 0.073 0.007 0.913
266 266 (0) 2 : 0.003 0.004 0.011 0.982
267 267 (0) 2 : 0.015 0.213 0.048 0.724
268 268 (0) 2 : 0.004 0.003 0.007 0.986
269 269 (0) 2 : 0.011 0.010 0.023 0.956
270 270 (0) 2 : 0.007 0.016 0.004 0.973
271 271 (0) 2 : 0.021 0.007 0.006 0.966
272 272 (0) 2 : 0.018 0.051 0.026 0.904
273 273 (0) 2 : 0.037 0.025 0.007 0.931
274 274 (0) 2 : 0.092 0.011 0.003 0.894
275 275 (0) 2 : 0.018 0.052 0.012 0.918
276 276 (0) 2 : 0.004 0.029 0.007 0.960
277 277 (0) 2 : 0.009 0.012 0.035 0.944
278 278 (0) 2 : 0.033 0.017 0.008 0.942
279 279 (0) 2 : 0.007 0.007 0.295 0.690
280 280 (0) 2 : 0.011 0.004 0.004 0.980
281 281 (0) 2 : 0.013 0.031 0.043 0.912
282 282 (0) 2 : 0.128 0.020 0.025 0.827
283 283 (0) 2 : 0.005 0.068 0.073 0.854
284 284 (0) 2 : 0.007 0.013 0.006 0.974
285 285 (0) 2 : 0.003 0.010 0.004 0.982
286 286 (0) 2 : 0.008 0.073 0.022 0.897
287 287 (0) 2 : 0.246 0.013 0.006 0.735
288 288 (0) 2 : 0.007 0.049 0.045 0.899
289 289 (0) 2 : 0.064 0.010 0.006 0.921
290 290 (0) 2 : 0.003 0.004 0.006 0.987
291 291 (0) 2 : 0.012 0.006 0.003 0.978
292 292 (0) 2 : 0.005 0.005 0.003 0.987
293 293 (0) 2 : 0.196 0.006 0.006 0.793
294 294 (0) 2 : 0.015 0.088 0.064 0.833
295 295 (0) 2 : 0.071 0.041 0.005 0.883
296 296 (0) 2 : 0.011 0.025 0.051 0.913
297 297 (0) 2 : 0.004 0.003 0.003 0.989
298 298 (0) 2 : 0.007 0.011 0.007 0.974
299 299 (0) 2 : 0.018 0.026 0.005 0.950
300 300 (0) 2 : 0.005 0.008 0.011 0.976
301 301 (5) 3 : 0.004 0.007 0.404 0.585
302 302 (0) 3 : 0.008 0.127 0.655 0.210
303 303 (0) 3 : 0.024 0.020 0.586 0.370
304 304 (5) 3 : 0.005 0.234 0.676 0.086
305 305 (5) 3 : 0.002 0.042 0.768 0.187
306 306 (0) 3 : 0.010 0.012 0.880 0.098
307 307 (0) 4 : 0.005 0.008 0.496 0.490
308 308 (0) 4 : 0.005 0.015 0.542 0.439
309 309 (0) 4 : 0.026 0.101 0.124 0.748
310 310 (0) 4 : 0.057 0.026 0.470 0.447
311 311 (0) 4 : 0.110 0.080 0.464 0.347
312 312 (0) 4 : 0.006 0.009 0.477 0.508
313 313 (0) 4 : 0.004 0.007 0.773 0.216
314 314 (0) 4 : 0.013 0.085 0.752 0.149
315 315 (0) 4 : 0.014 0.039 0.574 0.374
316 316 (0) 4 : 0.006 0.124 0.584 0.286
317 317 (0) 4 : 0.058 0.066 0.597 0.279
318 318 (0) 4 : 0.006 0.017 0.354 0.623
319 319 (0) 4 : 0.025 0.006 0.197 0.772
320 320 (0) 4 : 0.014 0.399 0.069 0.517
321 321 (0) 4 : 0.003 0.011 0.493 0.493
322 322 (0) 4 : 0.248 0.057 0.620 0.075
323 323 (0) 4 : 0.014 0.035 0.536 0.415
324 324 (0) 4 : 0.019 0.034 0.334 0.614
325 325 (0) 4 : 0.041 0.267 0.025 0.667
326 326 (0) 4 : 0.020 0.010 0.297 0.673
327 327 (0) 4 : 0.010 0.007 0.473 0.510
328 328 (0) 4 : 0.036 0.021 0.751 0.191
329 329 (0) 4 : 0.010 0.084 0.612 0.295
330 330 (0) 4 : 0.017 0.089 0.394 0.500
331 331 (0) 4 : 0.004 0.006 0.431 0.560
332 332 (0) 4 : 0.004 0.007 0.404 0.585
333 333 (0) 4 : 0.034 0.012 0.550 0.404
334 334 (0) 4 : 0.003 0.036 0.443 0.518
335 335 (0) 4 : 0.086 0.016 0.833 0.066
336 336 (0) 4 : 0.021 0.006 0.644 0.329
337 337 (0) 4 : 0.027 0.038 0.558 0.377
338 338 (0) 4 : 0.006 0.004 0.973 0.017
339 339 (0) 4 : 0.003 0.008 0.569 0.420
340 340 (0) 4 : 0.010 0.063 0.875 0.052
341 341 (0) 4 : 0.017 0.007 0.497 0.479
342 342 (0) 4 : 0.008 0.007 0.580 0.405
343 343 (0) 4 : 0.122 0.027 0.332 0.519
344 344 (0) 4 : 0.005 0.013 0.544 0.439
345 345 (0) 4 : 0.085 0.020 0.864 0.030
346 346 (0) 4 : 0.084 0.022 0.414 0.480
347 347 (0) 4 : 0.017 0.009 0.457 0.518
348 348 (0) 4 : 0.020 0.011 0.507 0.462
349 349 (0) 4 : 0.216 0.012 0.477 0.295
350 350 (0) 4 : 0.010 0.009 0.445 0.536
351 351 (0) 4 : 0.006 0.032 0.342 0.619
352 352 (0) 4 : 0.015 0.004 0.346 0.635
353 353 (0) 4 : 0.026 0.008 0.632 0.334
354 354 (0) 4 : 0.021 0.010 0.494 0.474
355 355 (0) 4 : 0.055 0.056 0.625 0.264
356 356 (0) 4 : 0.006 0.017 0.355 0.622
357 357 (0) 4 : 0.005 0.031 0.484 0.480
358 358 (0) 4 : 0.010 0.031 0.394 0.565
359 359 (0) 4 : 0.044 0.017 0.290 0.649
360 360 (0) 4 : 0.006 0.021 0.165 0.808
361 361 (0) 4 : 0.014 0.027 0.570 0.388
362 362 (0) 4 : 0.003 0.056 0.508 0.434
363 363 (0) 4 : 0.009 0.018 0.411 0.561
364 364 (0) 4 : 0.012 0.034 0.679 0.275
365 365 (0) 4 : 0.025 0.009 0.535 0.431
366 366 (0) 4 : 0.008 0.025 0.392 0.575
367 367 (0) 4 : 0.007 0.007 0.779 0.207
368 368 (0) 4 : 0.076 0.024 0.464 0.436
369 369 (0) 4 : 0.016 0.007 0.533 0.444
370 370 (0) 4 : 0.003 0.004 0.497 0.496
371 371 (0) 4 : 0.004 0.019 0.456 0.521
372 372 (0) 4 : 0.003 0.011 0.495 0.491
373 373 (0) 4 : 0.009 0.008 0.399 0.585
374 374 (0) 4 : 0.009 0.006 0.945 0.041
375 375 (0) 4 : 0.051 0.010 0.553 0.386
376 376 (0) 4 : 0.010 0.006 0.437 0.546
377 377 (0) 4 : 0.214 0.008 0.079 0.699
378 378 (0) 4 : 0.003 0.005 0.203 0.790
379 379 (0) 4 : 0.011 0.005 0.453 0.532
380 380 (0) 4 : 0.009 0.026 0.870 0.096
381 381 (0) 4 : 0.013 0.007 0.437 0.544
382 382 (0) 4 : 0.021 0.260 0.240 0.479
383 383 (0) 4 : 0.048 0.180 0.042 0.731
384 384 (0) 4 : 0.023 0.009 0.551 0.418
385 385 (0) 4 : 0.027 0.011 0.711 0.251
386 386 (0) 4 : 0.034 0.034 0.609 0.323
387 387 (0) 4 : 0.031 0.045 0.535 0.389
388 388 (0) 4 : 0.012 0.019 0.575 0.394
389 389 (0) 4 : 0.005 0.331 0.081 0.583
390 390 (0) 4 : 0.024 0.022 0.349 0.605
391 391 (0) 4 : 0.006 0.023 0.928 0.042
392 392 (0) 4 : 0.007 0.208 0.371 0.414
393 393 (0) 4 : 0.004 0.011 0.464 0.521
394 394 (0) 4 : 0.011 0.013 0.399 0.578
395 395 (0) 4 : 0.004 0.033 0.680 0.282
396 396 (0) 4 : 0.019 0.059 0.608 0.313
397 397 (0) 4 : 0.006 0.007 0.789 0.198
398 398 (0) 4 : 0.008 0.018 0.926 0.048
399 399 (0) 4 : 0.003 0.010 0.353 0.634
400 400 (0) 4 : 0.002 0.005 0.567 0.426
401 401 (0) 4 : 0.030 0.005 0.426 0.539
402 402 (0) 4 : 0.007 0.054 0.388 0.550
403 403 (0) 4 : 0.065 0.008 0.619 0.307
404 404 (0) 4 : 0.004 0.018 0.392 0.586
405 405 (0) 4 : 0.006 0.005 0.549 0.440
406 406 (0) 4 : 0.102 0.223 0.505 0.171
407 407 (0) 5 : 0.020 0.819 0.007 0.154
408 408 (0) 5 : 0.003 0.619 0.017 0.362
409 409 (0) 5 : 0.008 0.635 0.055 0.302
410 410 (0) 5 : 0.011 0.552 0.004 0.433
411 411 (0) 5 : 0.009 0.377 0.018 0.595
412 412 (0) 5 : 0.004 0.434 0.038 0.524
413 413 (0) 5 : 0.005 0.465 0.011 0.519
414 414 (0) 5 : 0.143 0.245 0.186 0.426
415 415 (0) 5 : 0.004 0.054 0.006 0.936
416 416 (0) 5 : 0.039 0.769 0.012 0.180
417 417 (0) 5 : 0.126 0.398 0.008 0.468
418 418 (0) 5 : 0.096 0.400 0.017 0.487
419 419 (0) 5 : 0.003 0.410 0.024 0.562
420 420 (0) 5 : 0.010 0.861 0.014 0.115
421 421 (0) 5 : 0.131 0.463 0.010 0.396
422 422 (0) 5 : 0.010 0.694 0.017 0.280
423 423 (0) 5 : 0.074 0.392 0.021 0.513
424 424 (0) 5 : 0.026 0.354 0.216 0.404
425 425 (0) 5 : 0.043 0.675 0.213 0.068
426 426 (0) 5 : 0.008 0.291 0.230 0.472
427 427 (0) 5 : 0.005 0.655 0.065 0.275
428 428 (0) 5 : 0.008 0.491 0.019 0.482
429 429 (0) 5 : 0.007 0.768 0.066 0.159
430 430 (0) 5 : 0.015 0.475 0.053 0.457
431 431 (0) 5 : 0.005 0.959 0.010 0.027
432 432 (0) 5 : 0.032 0.297 0.018 0.652
433 433 (0) 5 : 0.003 0.534 0.005 0.458
434 434 (0) 5 : 0.034 0.681 0.016 0.268
435 435 (0) 5 : 0.004 0.624 0.015 0.357
436 436 (0) 5 : 0.007 0.771 0.019 0.203
437 437 (0) 5 : 0.008 0.652 0.039 0.302
438 438 (0) 5 : 0.203 0.359 0.007 0.432
439 439 (0) 5 : 0.011 0.890 0.016 0.083
440 440 (0) 5 : 0.048 0.579 0.004 0.369
441 441 (0) 5 : 0.024 0.483 0.007 0.485
442 442 (0) 5 : 0.007 0.949 0.013 0.031
443 443 (0) 5 : 0.010 0.414 0.004 0.572
444 444 (0) 5 : 0.007 0.329 0.005 0.660
445 445 (0) 5 : 0.015 0.157 0.020 0.808
446 446 (0) 5 : 0.004 0.444 0.021 0.531
447 447 (0) 5 : 0.032 0.509 0.092 0.367
448 448 (0) 5 : 0.006 0.958 0.014 0.022
449 449 (0) 5 : 0.028 0.561 0.004 0.407
450 450 (0) 5 : 0.009 0.583 0.012 0.396
451 451 (0) 5 : 0.002 0.722 0.009 0.267
452 452 (0) 5 : 0.058 0.482 0.021 0.439
453 453 (0) 5 : 0.007 0.324 0.104 0.565
454 454 (0) 5 : 0.004 0.648 0.044 0.304
455 455 (0) 5 : 0.009 0.626 0.006 0.359
456 456 (0) 5 : 0.069 0.482 0.045 0.404
457 457 (0) 5 : 0.089 0.466 0.058 0.387
458 458 (0) 5 : 0.049 0.622 0.033 0.296
459 459 (0) 5 : 0.006 0.712 0.006 0.276
460 460 (0) 5 : 0.005 0.408 0.029 0.557
461 461 (0) 5 : 0.007 0.543 0.014 0.436
462 462 (0) 5 : 0.005 0.328 0.096 0.571
463 463 (0) 5 : 0.021 0.556 0.008 0.415
464 464 (0) 5 : 0.010 0.659 0.089 0.241
465 465 (0) 5 : 0.011 0.603 0.027 0.360
466 466 (0) 5 : 0.004 0.637 0.006 0.353
467 467 (0) 5 : 0.057 0.217 0.037 0.689
468 468 (0) 5 : 0.017 0.340 0.062 0.581
469 469 (0) 5 : 0.003 0.819 0.007 0.171
470 470 (0) 5 : 0.005 0.638 0.008 0.349
471 471 (0) 5 : 0.011 0.384 0.008 0.597
472 472 (0) 5 : 0.009 0.625 0.005 0.361
473 473 (0) 5 : 0.030 0.906 0.014 0.051
474 474 (0) 5 : 0.005 0.598 0.007 0.391
475 475 (0) 5 : 0.019 0.667 0.007 0.308
476 476 (0) 5 : 0.019 0.651 0.010 0.319
477 477 (0) 5 : 0.009 0.721 0.004 0.266
478 478 (0) 5 : 0.003 0.573 0.010 0.413
479 479 (0) 5 : 0.011 0.389 0.007 0.593
480 480 (0) 5 : 0.005 0.693 0.258 0.043
481 481 (0) 5 : 0.007 0.471 0.015 0.507
482 482 (0) 5 : 0.032 0.648 0.018 0.302
483 483 (0) 5 : 0.011 0.783 0.008 0.198
484 484 (0) 5 : 0.009 0.410 0.012 0.569
485 485 (0) 5 : 0.014 0.611 0.017 0.358
486 486 (0) 5 : 0.011 0.527 0.011 0.452
487 487 (0) 5 : 0.006 0.545 0.004 0.445
488 488 (0) 5 : 0.007 0.597 0.008 0.388
489 489 (0) 5 : 0.006 0.850 0.017 0.126
490 490 (0) 5 : 0.022 0.666 0.016 0.295
491 491 (0) 5 : 0.018 0.109 0.359 0.514
492 492 (0) 5 : 0.005 0.379 0.036 0.580
493 493 (0) 5 : 0.014 0.505 0.014 0.467
494 494 (0) 5 : 0.046 0.529 0.008 0.416
495 495 (0) 5 : 0.087 0.478 0.050 0.385
496 496 (0) 5 : 0.015 0.810 0.034 0.141
497 497 (0) 5 : 0.085 0.843 0.009 0.063
498 498 (0) 5 : 0.011 0.527 0.011 0.451
499 499 (0) 5 : 0.004 0.494 0.005 0.497
500 500 (0) 5 : 0.006 0.449 0.007 0.538
501 501 (0) 5 : 0.013 0.875 0.007 0.105
502 502 (0) 5 : 0.007 0.538 0.016 0.439
503 503 (0) 5 : 0.025 0.840 0.015 0.120
504 504 (0) 5 : 0.323 0.122 0.086 0.470
505 505 (0) 5 : 0.020 0.815 0.011 0.155
506 506 (0) 5 : 0.008 0.219 0.015 0.757
507 507 (0) 6 : 0.003 0.006 0.007 0.983
508 508 (0) 6 : 0.029 0.016 0.013 0.942
509 509 (0) 6 : 0.004 0.006 0.013 0.977
510 510 (0) 6 : 0.006 0.004 0.006 0.985
511 511 (0) 6 : 0.004 0.005 0.008 0.983
512 512 (0) 6 : 0.006 0.010 0.011 0.973
513 513 (0) 6 : 0.003 0.008 0.009 0.980
514 514 (0) 6 : 0.003 0.003 0.003 0.990
515 515 (0) 6 : 0.002 0.003 0.003 0.992
516 516 (0) 6 : 0.004 0.003 0.004 0.989
517 517 (0) 6 : 0.006 0.005 0.005 0.985
518 518 (0) 6 : 0.010 0.029 0.010 0.951
519 519 (0) 6 : 0.004 0.007 0.004 0.985
520 520 (0) 6 : 0.026 0.008 0.007 0.959
521 521 (0) 6 : 0.032 0.015 0.006 0.947
522 522 (0) 6 : 0.013 0.007 0.007 0.972
523 523 (0) 6 : 0.005 0.004 0.005 0.986
524 524 (0) 6 : 0.027 0.008 0.004 0.961
525 525 (0) 6 : 0.088 0.019 0.016 0.876
526 526 (0) 6 : 0.002 0.003 0.005 0.990
527 527 (0) 6 : 0.010 0.016 0.011 0.962
528 528 (0) 6 : 0.018 0.013 0.007 0.962
529 529 (0) 6 : 0.012 0.005 0.014 0.969
530 530 (0) 6 : 0.005 0.010 0.005 0.979
531 531 (0) 6 : 0.068 0.017 0.007 0.908
532 532 (0) 6 : 0.010 0.016 0.007 0.967
533 533 (0) 6 : 0.014 0.006 0.006 0.974
534 534 (0) 6 : 0.008 0.009 0.004 0.979
535 535 (0) 6 : 0.005 0.003 0.005 0.988
536 536 (0) 6 : 0.026 0.036 0.039 0.899
537 537 (0) 6 : 0.005 0.004 0.004 0.986
538 538 (0) 6 : 0.008 0.005 0.006 0.981
539 539 (0) 6 : 0.003 0.003 0.003 0.991
540 540 (0) 6 : 0.003 0.004 0.004 0.990
541 541 (0) 6 : 0.004 0.004 0.004 0.988
542 542 (0) 6 : 0.003 0.006 0.004 0.988
543 543 (0) 6 : 0.006 0.005 0.006 0.983
544 544 (0) 6 : 0.004 0.008 0.009 0.979
545 545 (0) 6 : 0.010 0.005 0.005 0.980
546 546 (0) 6 : 0.003 0.005 0.006 0.986
547 547 (0) 6 : 0.004 0.005 0.005 0.987
548 548 (0) 6 : 0.015 0.007 0.022 0.956
549 549 (0) 6 : 0.016 0.123 0.024 0.837
550 550 (0) 6 : 0.003 0.008 0.004 0.985
551 551 (0) 6 : 0.004 0.006 0.007 0.983
552 552 (0) 6 : 0.002 0.004 0.004 0.990
553 553 (0) 6 : 0.005 0.008 0.005 0.982
554 554 (0) 6 : 0.011 0.021 0.006 0.963
555 555 (0) 6 : 0.004 0.007 0.013 0.976
556 556 (0) 6 : 0.003 0.005 0.006 0.987
557 557 (0) 6 : 0.003 0.005 0.005 0.987
558 558 (0) 6 : 0.004 0.003 0.004 0.989
559 559 (0) 6 : 0.004 0.004 0.006 0.986
560 560 (0) 6 : 0.007 0.005 0.005 0.983
561 561 (0) 6 : 0.007 0.027 0.009 0.957
562 562 (0) 6 : 0.036 0.113 0.067 0.784
563 563 (0) 6 : 0.003 0.007 0.007 0.983
564 564 (0) 6 : 0.005 0.006 0.044 0.945
565 565 (0) 6 : 0.112 0.012 0.007 0.869
566 566 (0) 6 : 0.003 0.004 0.005 0.988
567 567 (0) 6 : 0.004 0.006 0.004 0.985
568 568 (0) 6 : 0.003 0.005 0.004 0.988
569 569 (0) 6 : 0.004 0.006 0.005 0.985
570 570 (0) 6 : 0.006 0.010 0.032 0.952
571 571 (0) 6 : 0.043 0.033 0.012 0.912
572 572 (0) 6 : 0.279 0.018 0.005 0.698
573 573 (0) 6 : 0.003 0.005 0.008 0.984
574 574 (0) 6 : 0.004 0.055 0.064 0.876
575 575 (0) 6 : 0.004 0.005 0.004 0.987
576 576 (0) 6 : 0.004 0.005 0.004 0.987
577 577 (0) 6 : 0.012 0.004 0.004 0.981
578 578 (0) 6 : 0.019 0.004 0.011 0.966
579 579 (0) 6 : 0.009 0.007 0.010 0.973
580 580 (0) 6 : 0.003 0.005 0.003 0.989
581 581 (0) 6 : 0.006 0.008 0.003 0.983
582 582 (0) 6 : 0.002 0.004 0.004 0.990
583 583 (0) 6 : 0.003 0.004 0.004 0.989
584 584 (0) 6 : 0.008 0.007 0.007 0.979
585 585 (0) 6 : 0.011 0.016 0.011 0.962
586 586 (0) 6 : 0.006 0.016 0.010 0.968
587 587 (0) 6 : 0.004 0.005 0.013 0.978
588 588 (0) 6 : 0.004 0.010 0.009 0.977
589 589 (0) 6 : 0.007 0.012 0.023 0.959
590 590 (0) 6 : 0.014 0.008 0.005 0.973
591 591 (0) 6 : 0.003 0.006 0.003 0.988
592 592 (0) 6 : 0.003 0.003 0.004 0.989
593 593 (0) 6 : 0.007 0.006 0.006 0.980
594 594 (0) 6 : 0.004 0.004 0.004 0.988
595 595 (0) 6 : 0.025 0.015 0.030 0.931
596 596 (0) 6 : 0.011 0.031 0.005 0.952
597 597 (0) 6 : 0.029 0.006 0.009 0.956
598 598 (0) 6 : 0.005 0.009 0.006 0.979
599 599 (0) 6 : 0.022 0.007 0.005 0.966
600 600 (0) 6 : 0.006 0.005 0.005 0.984
601 601 (0) 6 : 0.004 0.011 0.007 0.978
602 602 (0) 6 : 0.008 0.004 0.006 0.982
603 603 (0) 6 : 0.003 0.003 0.004 0.991
604 604 (0) 6 : 0.003 0.004 0.004 0.989
605 605 (0) 6 : 0.004 0.005 0.007 0.984
606 606 (0) 6 : 0.003 0.008 0.005 0.985
607 607 (0) 7 : 0.591 0.007 0.009 0.393
608 608 (0) 7 : 0.564 0.010 0.008 0.417
609 609 (0) 7 : 0.667 0.012 0.007 0.315
610 610 (0) 7 : 0.644 0.010 0.007 0.339
611 611 (0) 7 : 0.461 0.004 0.005 0.530
612 612 (0) 7 : 0.529 0.005 0.006 0.460
613 613 (0) 7 : 0.664 0.007 0.008 0.320
614 614 (0) 7 : 0.778 0.007 0.012 0.203
615 615 (0) 7 : 0.698 0.018 0.052 0.232
616 616 (0) 7 : 0.655 0.004 0.004 0.338
617 617 (0) 7 : 0.471 0.008 0.014 0.507
618 618 (0) 7 : 0.479 0.047 0.076 0.399
619 619 (0) 7 : 0.631 0.005 0.002 0.361
620 620 (0) 7 : 0.457 0.008 0.007 0.527
621 621 (0) 7 : 0.612 0.087 0.013 0.288
622 622 (0) 7 : 0.581 0.003 0.003 0.413
623 623 (0) 7 : 0.570 0.009 0.004 0.416
624 624 (0) 7 : 0.637 0.073 0.016 0.274
625 625 (0) 7 : 0.528 0.007 0.013 0.453
626 626 (0) 7 : 0.738 0.094 0.019 0.149
627 627 (0) 7 : 0.651 0.003 0.005 0.341
628 628 (0) 7 : 0.542 0.015 0.005 0.438
629 629 (0) 7 : 0.602 0.004 0.004 0.390
630 630 (0) 7 : 0.514 0.210 0.018 0.259
631 631 (0) 7 : 0.571 0.012 0.009 0.408
632 632 (0) 7 : 0.672 0.004 0.007 0.318
633 633 (0) 7 : 0.587 0.018 0.003 0.392
634 634 (0) 7 : 0.571 0.020 0.060 0.348
635 635 (0) 7 : 0.569 0.056 0.015 0.360
636 636 (0) 7 : 0.471 0.020 0.003 0.506
637 637 (0) 7 : 0.830 0.012 0.007 0.151
638 638 (0) 7 : 0.539 0.020 0.006 0.435
639 639 (0) 7 : 0.506 0.008 0.004 0.481
640 640 (0) 7 : 0.501 0.024 0.020 0.455
641 641 (0) 7 : 0.828 0.043 0.006 0.123
642 642 (0) 7 : 0.580 0.025 0.005 0.390
643 643 (0) 7 : 0.495 0.007 0.005 0.492
644 644 (0) 7 : 0.673 0.011 0.062 0.253
645 645 (0) 7 : 0.572 0.005 0.011 0.412
646 646 (0) 7 : 0.641 0.005 0.004 0.350
647 647 (0) 7 : 0.644 0.005 0.006 0.346
648 648 (0) 7 : 0.512 0.027 0.003 0.458
649 649 (0) 7 : 0.405 0.005 0.004 0.586
650 650 (0) 7 : 0.575 0.052 0.033 0.341
651 651 (0) 7 : 0.661 0.005 0.006 0.328
652 652 (0) 7 : 0.574 0.021 0.023 0.382
653 653 (0) 7 : 0.540 0.015 0.006 0.439
654 654 (0) 7 : 0.577 0.006 0.010 0.407
655 655 (0) 7 : 0.492 0.005 0.005 0.498
656 656 (0) 7 : 0.498 0.009 0.005 0.488
657 657 (0) 7 : 0.635 0.009 0.005 0.351
658 658 (0) 7 : 0.542 0.008 0.006 0.444
659 659 (0) 7 : 0.654 0.004 0.002 0.339
660 660 (0) 7 : 0.606 0.021 0.004 0.369
661 661 (0) 7 : 0.517 0.011 0.008 0.464
662 662 (0) 7 : 0.466 0.005 0.004 0.526
663 663 (0) 7 : 0.515 0.014 0.006 0.465
664 664 (0) 7 : 0.410 0.003 0.002 0.585
665 665 (0) 7 : 0.439 0.017 0.009 0.535
666 666 (0) 7 : 0.542 0.015 0.008 0.435
667 667 (0) 7 : 0.561 0.010 0.026 0.402
668 668 (0) 7 : 0.566 0.008 0.028 0.398
669 669 (0) 7 : 0.573 0.006 0.014 0.407
670 670 (0) 7 : 0.350 0.011 0.014 0.625
671 671 (0) 7 : 0.570 0.025 0.011 0.394
672 672 (0) 7 : 0.961 0.004 0.006 0.028
673 673 (0) 7 : 0.549 0.012 0.015 0.424
674 674 (0) 7 : 0.872 0.036 0.011 0.081
675 675 (0) 7 : 0.636 0.011 0.055 0.298
676 676 (0) 7 : 0.693 0.012 0.005 0.290
677 677 (0) 7 : 0.475 0.011 0.003 0.511
678 678 (0) 7 : 0.512 0.015 0.196 0.276
679 679 (0) 7 : 0.663 0.023 0.004 0.309
680 680 (0) 7 : 0.425 0.018 0.006 0.552
681 681 (0) 7 : 0.684 0.008 0.006 0.301
682 682 (0) 7 : 0.669 0.012 0.005 0.315
683 683 (0) 7 : 0.420 0.200 0.005 0.375
684 684 (0) 7 : 0.623 0.005 0.004 0.369
685 685 (0) 7 : 0.661 0.005 0.083 0.251
686 686 (0) 7 : 0.328 0.008 0.004 0.659
687 687 (0) 7 : 0.503 0.004 0.005 0.488
688 688 (0) 7 : 0.477 0.006 0.003 0.513
689 689 (0) 7 : 0.632 0.003 0.003 0.361
690 690 (0) 7 : 0.490 0.007 0.010 0.492
691 691 (0) 7 : 0.452 0.045 0.005 0.497
692 692 (0) 7 : 0.577 0.034 0.010 0.379
693 693 (0) 7 : 0.687 0.007 0.008 0.298
694 694 (0) 7 : 0.694 0.006 0.004 0.295
695 695 (0) 7 : 0.558 0.005 0.009 0.428
696 696 (0) 7 : 0.431 0.004 0.003 0.562
697 697 (0) 7 : 0.599 0.037 0.008 0.356
698 698 (0) 7 : 0.548 0.061 0.036 0.355
699 699 (0) 7 : 0.501 0.016 0.006 0.478
700 700 (0) 7 : 0.612 0.019 0.058 0.310
701 701 (0) 7 : 0.559 0.003 0.012 0.425
702 702 (0) 7 : 0.536 0.006 0.004 0.455
703 703 (0) 7 : 0.380 0.007 0.005 0.608
704 704 (0) 7 : 0.669 0.007 0.003 0.320
705 705 (0) 7 : 0.498 0.017 0.008 0.478
706 706 (0) 7 : 0.454 0.006 0.005 0.536
707 707 (0) 8 : 0.009 0.871 0.008 0.112
708 708 (0) 8 : 0.004 0.752 0.032 0.212
709 709 (0) 8 : 0.011 0.628 0.013 0.348
710 710 (0) 8 : 0.014 0.588 0.005 0.393
711 711 (0) 8 : 0.010 0.911 0.008 0.071
712 712 (0) 8 : 0.008 0.826 0.005 0.161
713 713 (0) 8 : 0.048 0.914 0.007 0.030
714 714 (0) 8 : 0.047 0.885 0.006 0.062
715 715 (0) 8 : 0.018 0.675 0.003 0.304
716 716 (0) 8 : 0.027 0.203 0.272 0.497
717 717 (0) 8 : 0.012 0.338 0.032 0.618
718 718 (0) 8 : 0.021 0.948 0.006 0.025
719 719 (0) 8 : 0.017 0.720 0.004 0.259
720 720 (0) 8 : 0.039 0.569 0.006 0.385
721 721 (0) 8 : 0.005 0.692 0.007 0.297
722 722 (0) 8 : 0.096 0.455 0.004 0.445
723 723 (0) 8 : 0.120 0.563 0.019 0.298
724 724 (0) 8 : 0.009 0.865 0.009 0.116
725 725 (0) 8 : 0.008 0.827 0.084 0.081
726 726 (0) 8 : 0.019 0.536 0.008 0.437
727 727 (0) 8 : 0.016 0.730 0.005 0.248
728 728 (0) 8 : 0.135 0.509 0.006 0.350
729 729 (0) 8 : 0.005 0.793 0.005 0.196
730 730 (0) 8 : 0.006 0.697 0.011 0.287
731 731 (0) 8 : 0.008 0.591 0.005 0.396
732 732 (0) 8 : 0.003 0.976 0.008 0.014
733 733 (0) 8 : 0.009 0.756 0.014 0.220
734 734 (0) 8 : 0.005 0.862 0.062 0.071
735 735 (0) 8 : 0.005 0.553 0.008 0.434
736 736 (0) 8 : 0.058 0.550 0.011 0.382
737 737 (0) 8 : 0.019 0.423 0.069 0.489
738 738 (0) 8 : 0.078 0.449 0.008 0.465
739 739 (0) 8 : 0.009 0.801 0.009 0.181
740 740 (0) 8 : 0.004 0.476 0.115 0.406
741 741 (0) 8 : 0.007 0.749 0.010 0.234
742 742 (0) 8 : 0.081 0.607 0.056 0.257
743 743 (0) 8 : 0.005 0.560 0.019 0.416
744 744 (0) 8 : 0.008 0.773 0.007 0.213
745 745 (0) 8 : 0.004 0.475 0.008 0.513
746 746 (0) 8 : 0.038 0.474 0.003 0.485
747 747 (0) 8 : 0.011 0.834 0.008 0.147
748 748 (0) 8 : 0.004 0.632 0.016 0.348
749 749 (0) 8 : 0.013 0.792 0.008 0.187
750 750 (0) 8 : 0.014 0.742 0.005 0.240
751 751 (0) 8 : 0.008 0.600 0.009 0.383
752 752 (0) 8 : 0.147 0.591 0.007 0.255
753 753 (0) 8 : 0.056 0.734 0.008 0.201
754 754 (0) 8 : 0.010 0.770 0.042 0.178
755 755 (0) 8 : 0.006 0.608 0.005 0.381
756 756 (0) 8 : 0.070 0.505 0.005 0.420
757 757 (0) 8 : 0.031 0.751 0.006 0.212
758 758 (0) 8 : 0.009 0.539 0.004 0.447
759 759 (0) 8 : 0.009 0.796 0.008 0.187
760 760 (0) 8 : 0.010 0.387 0.005 0.598
761 761 (0) 8 : 0.006 0.868 0.030 0.096
762 762 (0) 8 : 0.006 0.814 0.133 0.048
763 763 (0) 8 : 0.010 0.769 0.014 0.206
764 764 (0) 8 : 0.004 0.758 0.040 0.197
765 765 (0) 8 : 0.010 0.661 0.078 0.251
766 766 (0) 8 : 0.005 0.947 0.005 0.043
767 767 (0) 8 : 0.010 0.351 0.042 0.597
768 768 (0) 8 : 0.012 0.336 0.017 0.636
769 769 (0) 8 : 0.044 0.427 0.006 0.523
770 770 (0) 8 : 0.122 0.338 0.005 0.535
771 771 (0) 8 : 0.004 0.966 0.005 0.025
772 772 (0) 8 : 0.020 0.576 0.008 0.396
773 773 (0) 8 : 0.013 0.573 0.005 0.409
774 774 (0) 8 : 0.006 0.470 0.011 0.513
775 775 (0) 8 : 0.066 0.690 0.007 0.238
776 776 (0) 8 : 0.010 0.960 0.019 0.011
777 777 (0) 8 : 0.008 0.387 0.005 0.600
778 778 (0) 8 : 0.010 0.387 0.004 0.599
779 779 (0) 8 : 0.008 0.662 0.014 0.315
780 780 (0) 8 : 0.074 0.552 0.007 0.366
781 781 (0) 8 : 0.036 0.705 0.069 0.190
782 782 (0) 8 : 0.030 0.693 0.031 0.246
783 783 (0) 8 : 0.021 0.669 0.007 0.304
784 784 (0) 8 : 0.004 0.759 0.033 0.204
785 785 (0) 8 : 0.003 0.854 0.096 0.047
786 786 (0) 8 : 0.005 0.599 0.015 0.380
787 787 (0) 8 : 0.011 0.540 0.026 0.423
788 788 (0) 8 : 0.014 0.832 0.007 0.147
789 789 (0) 8 : 0.005 0.933 0.007 0.056
790 790 (0) 8 : 0.017 0.044 0.008 0.931
791 791 (0) 8 : 0.006 0.538 0.011 0.445
792 792 (0) 8 : 0.009 0.563 0.008 0.420
793 793 (0) 8 : 0.087 0.591 0.004 0.318
794 794 (0) 8 : 0.021 0.575 0.007 0.397
795 795 (0) 8 : 0.011 0.736 0.007 0.247
796 796 (0) 8 : 0.003 0.728 0.020 0.250
797 797 (0) 8 : 0.080 0.309 0.011 0.600
798 798 (0) 8 : 0.046 0.369 0.007 0.578
799 799 (0) 8 : 0.012 0.349 0.010 0.629
800 800 (0) 8 : 0.007 0.586 0.027 0.380
801 801 (0) 8 : 0.016 0.545 0.008 0.431
802 802 (0) 8 : 0.092 0.561 0.056 0.291
803 803 (0) 8 : 0.015 0.934 0.005 0.046
804 804 (0) 8 : 0.010 0.447 0.005 0.537
805 805 (0) 8 : 0.005 0.406 0.035 0.554
806 806 (0) 8 : 0.009 0.635 0.013 0.344
807 807 (0) 9 : 0.026 0.041 0.928 0.005
808 808 (0) 9 : 0.006 0.320 0.669 0.005
809 809 (0) 10 : 0.005 0.007 0.891 0.097
810 810 (0) 10 : 0.004 0.020 0.967 0.009
811 811 (0) 10 : 0.104 0.017 0.791 0.088
812 812 (0) 10 : 0.005 0.008 0.931 0.056
813 813 (0) 10 : 0.006 0.022 0.958 0.014
814 814 (0) 10 : 0.028 0.259 0.699 0.014
815 815 (0) 10 : 0.007 0.004 0.939 0.050
816 816 (0) 10 : 0.008 0.457 0.105 0.430
817 817 (0) 10 : 0.006 0.009 0.772 0.214
818 818 (0) 10 : 0.013 0.007 0.687 0.292
819 819 (0) 10 : 0.028 0.012 0.906 0.054
820 820 (0) 10 : 0.003 0.009 0.963 0.024
821 821 (0) 10 : 0.010 0.006 0.655 0.328
822 822 (0) 10 : 0.008 0.005 0.487 0.499
823 823 (0) 10 : 0.004 0.022 0.930 0.044
824 824 (0) 10 : 0.003 0.010 0.948 0.039
825 825 (0) 10 : 0.013 0.012 0.880 0.094
826 826 (0) 10 : 0.004 0.005 0.927 0.063
827 827 (0) 10 : 0.046 0.014 0.734 0.205
828 828 (0) 10 : 0.005 0.007 0.972 0.016
829 829 (0) 10 : 0.044 0.123 0.442 0.391
830 830 (0) 10 : 0.031 0.027 0.659 0.283
831 831 (0) 10 : 0.035 0.044 0.912 0.009
832 832 (0) 10 : 0.005 0.010 0.975 0.010
833 833 (0) 10 : 0.022 0.036 0.930 0.012
834 834 (0) 10 : 0.044 0.004 0.947 0.005
835 835 (0) 10 : 0.003 0.013 0.975 0.010
836 836 (0) 10 : 0.005 0.006 0.888 0.101
837 837 (0) 10 : 0.005 0.045 0.923 0.027
838 838 (0) 10 : 0.002 0.004 0.987 0.007
839 839 (0) 10 : 0.005 0.008 0.403 0.584
840 840 (0) 10 : 0.055 0.011 0.868 0.065
841 841 (0) 10 : 0.004 0.006 0.818 0.173
842 842 (0) 10 : 0.084 0.019 0.890 0.008
843 843 (0) 10 : 0.066 0.072 0.794 0.068
844 844 (0) 10 : 0.017 0.015 0.936 0.032
845 845 (0) 10 : 0.013 0.004 0.976 0.006
846 846 (0) 10 : 0.003 0.010 0.819 0.167
847 847 (0) 10 : 0.016 0.022 0.950 0.012
848 848 (0) 10 : 0.017 0.030 0.749 0.204
849 849 (0) 10 : 0.004 0.037 0.450 0.509
850 850 (0) 10 : 0.092 0.014 0.623 0.271
851 851 (0) 10 : 0.004 0.005 0.927 0.064
852 852 (0) 10 : 0.016 0.012 0.835 0.138
853 853 (0) 10 : 0.044 0.008 0.934 0.013
854 854 (0) 10 : 0.023 0.102 0.567 0.308
855 855 (0) 10 : 0.007 0.008 0.567 0.418
856 856 (0) 10 : 0.016 0.010 0.901 0.074
857 857 (0) 10 : 0.008 0.010 0.972 0.010
858 858 (0) 10 : 0.003 0.010 0.951 0.035
859 859 (0) 10 : 0.005 0.048 0.867 0.080
860 860 (0) 10 : 0.015 0.012 0.753 0.220
861 861 (0) 10 : 0.005 0.010 0.850 0.135
862 862 (0) 10 : 0.003 0.011 0.969 0.017
863 863 (0) 10 : 0.009 0.015 0.861 0.114
864 864 (0) 10 : 0.033 0.013 0.650 0.304
865 865 (0) 10 : 0.004 0.005 0.921 0.070
866 866 (0) 10 : 0.004 0.009 0.587 0.401
867 867 (0) 10 : 0.015 0.023 0.742 0.221
868 868 (0) 10 : 0.002 0.016 0.967 0.015
869 869 (0) 10 : 0.031 0.008 0.950 0.011
870 870 (0) 10 : 0.006 0.021 0.949 0.024
871 871 (0) 10 : 0.010 0.006 0.604 0.380
872 872 (0) 10 : 0.013 0.008 0.923 0.056
873 873 (0) 10 : 0.007 0.006 0.979 0.008
874 874 (0) 10 : 0.004 0.006 0.982 0.008
875 875 (0) 10 : 0.003 0.005 0.967 0.025
876 876 (0) 10 : 0.008 0.014 0.722 0.256
877 877 (0) 10 : 0.003 0.010 0.892 0.095
878 878 (0) 10 : 0.003 0.009 0.719 0.268
879 879 (0) 10 : 0.025 0.049 0.912 0.013
880 880 (0) 10 : 0.006 0.008 0.660 0.326
881 881 (0) 10 : 0.023 0.196 0.718 0.064
882 882 (0) 10 : 0.011 0.011 0.863 0.115
883 883 (0) 10 : 0.004 0.016 0.783 0.196
884 884 (0) 10 : 0.003 0.010 0.704 0.283
885 885 (0) 10 : 0.004 0.007 0.931 0.058
886 886 (0) 10 : 0.030 0.021 0.934 0.014
887 887 (0) 10 : 0.014 0.034 0.852 0.100
888 888 (0) 10 : 0.008 0.012 0.962 0.018
889 889 (0) 10 : 0.008 0.014 0.906 0.072
890 890 (0) 10 : 0.010 0.010 0.690 0.290
891 891 (0) 10 : 0.011 0.032 0.930 0.027
892 892 (0) 10 : 0.007 0.006 0.919 0.069
893 893 (0) 10 : 0.002 0.158 0.789 0.051
894 894 (0) 10 : 0.005 0.011 0.974 0.010
895 895 (0) 10 : 0.003 0.010 0.868 0.119
896 896 (0) 10 : 0.018 0.136 0.793 0.053
897 897 (0) 10 : 0.041 0.218 0.608 0.133
898 898 (0) 10 : 0.005 0.006 0.669 0.320
899 899 (0) 10 : 0.009 0.008 0.967 0.016
900 900 (0) 10 : 0.015 0.009 0.952 0.023
901 901 (0) 10 : 0.005 0.005 0.983 0.006
902 902 (0) 10 : 0.031 0.062 0.807 0.100
903 903 (0) 10 : 0.007 0.006 0.558 0.429
904 904 (0) 10 : 0.025 0.015 0.889 0.071
905 905 (0) 10 : 0.007 0.033 0.706 0.254
906 906 (0) 10 : 0.006 0.013 0.710 0.271
907 907 (0) 10 : 0.015 0.005 0.967 0.013
908 908 (0) 10 : 0.006 0.107 0.874 0.012
909 909 (0) 11 : 0.010 0.958 0.017 0.016
910 910 (0) 11 : 0.009 0.977 0.005 0.010
911 911 (0) 11 : 0.011 0.680 0.241 0.068
912 912 (0) 11 : 0.015 0.937 0.012 0.035
913 913 (0) 11 : 0.009 0.930 0.030 0.031
914 914 (0) 11 : 0.003 0.645 0.017 0.335
915 915 (0) 11 : 0.009 0.978 0.007 0.007
916 916 (0) 11 : 0.007 0.957 0.023 0.012
917 917 (0) 11 : 0.004 0.838 0.136 0.022
918 918 (0) 11 : 0.009 0.922 0.037 0.031
919 919 (0) 11 : 0.027 0.915 0.021 0.038
920 920 (0) 11 : 0.016 0.869 0.038 0.077
921 921 (0) 11 : 0.003 0.658 0.064 0.275
922 922 (0) 11 : 0.061 0.819 0.034 0.087
923 923 (0) 11 : 0.085 0.810 0.032 0.073
924 924 (0) 11 : 0.006 0.941 0.009 0.045
925 925 (0) 11 : 0.008 0.697 0.050 0.245
926 926 (0) 11 : 0.050 0.888 0.016 0.045
927 927 (0) 11 : 0.005 0.931 0.017 0.047
928 928 (0) 11 : 0.021 0.877 0.027 0.076
929 929 (0) 11 : 0.004 0.926 0.016 0.054
930 930 (0) 11 : 0.014 0.929 0.048 0.009
931 931 (0) 11 : 0.004 0.372 0.583 0.041
932 932 (0) 11 : 0.003 0.897 0.091 0.009
933 933 (0) 11 : 0.004 0.964 0.008 0.025
934 934 (0) 11 : 0.013 0.972 0.009 0.006
935 935 (0) 11 : 0.004 0.942 0.016 0.038
936 936 (0) 11 : 0.005 0.573 0.261 0.161
937 937 (0) 11 : 0.006 0.955 0.031 0.008
938 938 (0) 11 : 0.004 0.955 0.025 0.017
939 939 (0) 11 : 0.050 0.674 0.006 0.269
940 940 (0) 11 : 0.058 0.806 0.021 0.115
941 941 (0) 11 : 0.003 0.979 0.008 0.010
942 942 (0) 11 : 0.010 0.814 0.011 0.164
943 943 (0) 11 : 0.048 0.713 0.005 0.234
944 944 (0) 11 : 0.008 0.807 0.014 0.171
945 945 (0) 11 : 0.026 0.496 0.037 0.441
946 946 (0) 11 : 0.062 0.243 0.007 0.688
947 947 (0) 11 : 0.003 0.971 0.005 0.022
948 948 (0) 11 : 0.004 0.654 0.044 0.298
949 949 (0) 11 : 0.017 0.921 0.014 0.048
950 950 (0) 11 : 0.025 0.652 0.085 0.237
951 951 (0) 11 : 0.022 0.961 0.006 0.011
952 952 (0) 11 : 0.091 0.878 0.020 0.011
953 953 (0) 11 : 0.159 0.818 0.008 0.014
954 954 (0) 11 : 0.005 0.957 0.025 0.013
955 955 (0) 11 : 0.016 0.351 0.326 0.307
956 956 (0) 11 : 0.015 0.842 0.039 0.105
957 957 (0) 11 : 0.004 0.877 0.010 0.108
958 958 (0) 11 : 0.330 0.384 0.226 0.061
959 959 (0) 11 : 0.006 0.982 0.007 0.005
960 960 (0) 11 : 0.004 0.862 0.011 0.123
961 961 (0) 11 : 0.012 0.916 0.033 0.039
962 962 (0) 11 : 0.003 0.930 0.044 0.023
963 963 (0) 11 : 0.011 0.834 0.045 0.111
964 964 (0) 11 : 0.011 0.898 0.033 0.058
965 965 (0) 11 : 0.004 0.955 0.008 0.033
966 966 (0) 11 : 0.009 0.953 0.013 0.025
967 967 (0) 11 : 0.034 0.949 0.008 0.009
968 968 (0) 11 : 0.012 0.970 0.011 0.007
969 969 (0) 11 : 0.004 0.964 0.019 0.013
970 970 (0) 11 : 0.012 0.956 0.005 0.027
971 971 (0) 11 : 0.004 0.975 0.006 0.014
972 972 (0) 11 : 0.007 0.941 0.007 0.045
973 973 (0) 11 : 0.043 0.666 0.044 0.246
974 974 (0) 11 : 0.028 0.723 0.017 0.232
975 975 (0) 11 : 0.004 0.822 0.149 0.025
976 976 (0) 11 : 0.011 0.877 0.102 0.010
977 977 (0) 11 : 0.003 0.846 0.007 0.145
978 978 (0) 11 : 0.010 0.970 0.005 0.015
979 979 (0) 11 : 0.007 0.546 0.011 0.436
980 980 (0) 11 : 0.012 0.916 0.039 0.034
981 981 (0) 11 : 0.006 0.984 0.004 0.007
982 982 (0) 11 : 0.012 0.885 0.005 0.098
983 983 (0) 11 : 0.014 0.908 0.024 0.054
984 984 (0) 11 : 0.009 0.166 0.269 0.556
985 985 (0) 11 : 0.004 0.975 0.007 0.014
986 986 (0) 11 : 0.013 0.654 0.025 0.308
987 987 (0) 11 : 0.009 0.922 0.044 0.025
988 988 (0) 11 : 0.028 0.533 0.022 0.417
989 989 (0) 11 : 0.006 0.806 0.151 0.037
990 990 (0) 11 : 0.043 0.807 0.008 0.142
991 991 (0) 11 : 0.004 0.976 0.005 0.015
992 992 (0) 11 : 0.008 0.907 0.041 0.044
993 993 (0) 11 : 0.003 0.986 0.005 0.006
994 994 (0) 11 : 0.003 0.972 0.021 0.004
995 995 (0) 11 : 0.014 0.905 0.005 0.076
996 996 (0) 11 : 0.007 0.970 0.012 0.012
997 997 (0) 11 : 0.170 0.767 0.046 0.017
998 998 (0) 11 : 0.004 0.987 0.004 0.005
999 999 (0) 11 : 0.006 0.711 0.083 0.200
1000 1000 (0) 11 : 0.004 0.592 0.021 0.382
1001 1001 (0) 11 : 0.006 0.683 0.012 0.300
1002 1002 (0) 11 : 0.005 0.970 0.017 0.008
1003 1003 (0) 11 : 0.003 0.898 0.070 0.029
1004 1004 (0) 11 : 0.083 0.780 0.118 0.019
1005 1005 (0) 11 : 0.005 0.658 0.010 0.327
1006 1006 (0) 11 : 0.019 0.851 0.108 0.022
1007 1007 (0) 11 : 0.073 0.699 0.004 0.225
1008 1008 (0) 11 : 0.004 0.877 0.032 0.087
1009 1009 (0) 12 : 0.003 0.008 0.010 0.979
1010 1010 (0) 12 : 0.004 0.012 0.019 0.965
1011 1011 (0) 12 : 0.004 0.013 0.004 0.979
1012 1012 (0) 12 : 0.006 0.005 0.004 0.985
1013 1013 (0) 12 : 0.002 0.003 0.006 0.990
1014 1014 (0) 12 : 0.003 0.004 0.016 0.977
1015 1015 (0) 12 : 0.017 0.014 0.015 0.955
1016 1016 (0) 12 : 0.002 0.003 0.004 0.991
1017 1017 (0) 12 : 0.013 0.018 0.008 0.961
1018 1018 (0) 12 : 0.018 0.022 0.007 0.954
1019 1019 (0) 12 : 0.003 0.004 0.003 0.990
1020 1020 (0) 12 : 0.003 0.008 0.004 0.985
1021 1021 (0) 12 : 0.018 0.007 0.009 0.966
1022 1022 (0) 12 : 0.006 0.011 0.012 0.972
1023 1023 (0) 12 : 0.003 0.004 0.004 0.988
1024 1024 (0) 12 : 0.002 0.003 0.004 0.990
1025 1025 (0) 12 : 0.002 0.003 0.010 0.985
1026 1026 (0) 12 : 0.004 0.008 0.005 0.984
1027 1027 (0) 12 : 0.004 0.004 0.003 0.989
1028 1028 (0) 12 : 0.048 0.004 0.014 0.934
1029 1029 (0) 12 : 0.126 0.008 0.011 0.856
1030 1030 (0) 12 : 0.004 0.004 0.005 0.988
1031 1031 (0) 12 : 0.006 0.010 0.006 0.977
1032 1032 (0) 12 : 0.003 0.006 0.005 0.986
1033 1033 (0) 12 : 0.004 0.008 0.005 0.983
1034 1034 (0) 12 : 0.021 0.009 0.014 0.956
1035 1035 (0) 12 : 0.005 0.004 0.017 0.974
1036 1036 (0) 12 : 0.002 0.004 0.007 0.987
1037 1037 (0) 12 : 0.003 0.005 0.007 0.985
1038 1038 (0) 12 : 0.003 0.005 0.008 0.984
1039 1039 (0) 12 : 0.003 0.004 0.003 0.990
1040 1040 (0) 12 : 0.004 0.008 0.004 0.984
1041 1041 (0) 12 : 0.003 0.005 0.004 0.988
1042 1042 (0) 12 : 0.003 0.004 0.004 0.990
1043 1043 (0) 12 : 0.020 0.011 0.010 0.958
1044 1044 (0) 12 : 0.002 0.004 0.010 0.984
1045 1045 (0) 12 : 0.003 0.010 0.008 0.979
1046 1046 (0) 12 : 0.004 0.115 0.140 0.740
1047 1047 (0) 12 : 0.037 0.028 0.013 0.922
1048 1048 (0) 12 : 0.002 0.003 0.003 0.992
1049 1049 (0) 12 : 0.002 0.006 0.004 0.988
1050 1050 (0) 12 : 0.004 0.015 0.007 0.974
1051 1051 (0) 12 : 0.028 0.015 0.012 0.946
1052 1052 (0) 12 : 0.003 0.007 0.010 0.980
1053 1053 (0) 12 : 0.003 0.004 0.013 0.979
1054 1054 (0) 12 : 0.003 0.006 0.006 0.985
1055 1055 (0) 12 : 0.002 0.004 0.006 0.988
1056 1056 (0) 12 : 0.014 0.005 0.010 0.971
1057 1057 (0) 12 : 0.002 0.004 0.006 0.987
1058 1058 (0) 12 : 0.010 0.018 0.010 0.962
1059 1059 (0) 12 : 0.005 0.007 0.012 0.976
1060 1060 (0) 12 : 0.002 0.003 0.004 0.991
1061 1061 (0) 12 : 0.005 0.005 0.005 0.986
1062 1062 (0) 12 : 0.008 0.005 0.003 0.984
1063 1063 (0) 12 : 0.004 0.006 0.006 0.984
1064 1064 (0) 12 : 0.002 0.003 0.003 0.991
1065 1065 (0) 12 : 0.004 0.005 0.008 0.983
1066 1066 (0) 12 : 0.005 0.007 0.011 0.978
1067 1067 (0) 12 : 0.003 0.003 0.007 0.987
1068 1068 (0) 12 : 0.002 0.003 0.007 0.988
1069 1069 (0) 12 : 0.003 0.008 0.008 0.981
1070 1070 (0) 12 : 0.002 0.003 0.004 0.991
1071 1071 (0) 12 : 0.003 0.004 0.005 0.988
1072 1072 (0) 12 : 0.003 0.003 0.004 0.989
1073 1073 (0) 12 : 0.005 0.005 0.005 0.985
1074 1074 (0) 12 : 0.008 0.008 0.006 0.979
1075 1075 (0) 12 : 0.002 0.004 0.003 0.991
1076 1076 (0) 12 : 0.003 0.005 0.009 0.983
1077 1077 (0) 12 : 0.002 0.003 0.004 0.991
1078 1078 (0) 12 : 0.003 0.004 0.004 0.988
1079 1079 (0) 12 : 0.002 0.005 0.005 0.988
1080 1080 (0) 12 : 0.025 0.011 0.007 0.956
1081 1081 (0) 12 : 0.003 0.005 0.007 0.986
1082 1082 (0) 12 : 0.003 0.003 0.004 0.990
1083 1083 (0) 12 : 0.003 0.005 0.006 0.986
1084 1084 (0) 12 : 0.006 0.043 0.021 0.929
1085 1085 (0) 12 : 0.006 0.005 0.009 0.980
1086 1086 (0) 12 : 0.008 0.026 0.114 0.852
1087 1087 (0) 12 : 0.002 0.003 0.003 0.993
1088 1088 (0) 12 : 0.004 0.010 0.009 0.977
1089 1089 (0) 12 : 0.005 0.004 0.007 0.984
1090 1090 (0) 12 : 0.008 0.006 0.011 0.975
1091 1091 (0) 12 : 0.002 0.003 0.003 0.992
1092 1092 (0) 12 : 0.003 0.006 0.005 0.986
1093 1093 (0) 12 : 0.015 0.012 0.029 0.944
1094 1094 (0) 12 : 0.006 0.004 0.003 0.987
1095 1095 (0) 12 : 0.007 0.005 0.016 0.973
1096 1096 (0) 12 : 0.003 0.005 0.007 0.986
1097 1097 (0) 12 : 0.005 0.005 0.007 0.983
1098 1098 (0) 12 : 0.003 0.004 0.003 0.990
1099 1099 (0) 12 : 0.008 0.009 0.009 0.974
1100 1100 (0) 12 : 0.006 0.007 0.006 0.981
1101 1101 (0) 12 : 0.007 0.004 0.004 0.984
1102 1102 (0) 12 : 0.003 0.004 0.005 0.987
1103 1103 (0) 12 : 0.002 0.004 0.004 0.990
1104 1104 (0) 12 : 0.002 0.005 0.004 0.990
1105 1105 (0) 12 : 0.006 0.004 0.009 0.980
1106 1106 (0) 12 : 0.004 0.007 0.009 0.981
1107 1107 (0) 12 : 0.009 0.007 0.005 0.980
1108 1108 (0) 12 : 0.004 0.006 0.005 0.985
1109 1109 (0) 13 : 0.925 0.014 0.004 0.057
1110 1110 (0) 13 : 0.962 0.018 0.008 0.012
1111 1111 (0) 13 : 0.722 0.008 0.002 0.268
1112 1112 (0) 13 : 0.987 0.005 0.003 0.005
1113 1113 (0) 13 : 0.698 0.086 0.019 0.197
1114 1114 (0) 13 : 0.944 0.013 0.008 0.034
1115 1115 (0) 13 : 0.973 0.015 0.007 0.005
1116 1116 (0) 13 : 0.958 0.009 0.004 0.029
1117 1117 (0) 13 : 0.935 0.009 0.004 0.052
1118 1118 (0) 13 : 0.989 0.003 0.003 0.006
1119 1119 (0) 13 : 0.890 0.066 0.014 0.030
1120 1120 (0) 13 : 0.887 0.016 0.062 0.035
1121 1121 (0) 13 : 0.842 0.006 0.011 0.141
1122 1122 (0) 13 : 0.644 0.019 0.006 0.330
1123 1123 (0) 13 : 0.865 0.030 0.008 0.097
1124 1124 (0) 13 : 0.965 0.008 0.003 0.024
1125 1125 (0) 13 : 0.828 0.030 0.057 0.084
1126 1126 (0) 13 : 0.985 0.007 0.004 0.004
1127 1127 (0) 13 : 0.983 0.008 0.003 0.007
1128 1128 (0) 13 : 0.906 0.015 0.005 0.074
1129 1129 (0) 13 : 0.773 0.023 0.012 0.192
1130 1130 (0) 13 : 0.800 0.062 0.038 0.100
1131 1131 (0) 13 : 0.890 0.034 0.021 0.055
1132 1132 (0) 13 : 0.967 0.009 0.003 0.021
1133 1133 (0) 13 : 0.955 0.016 0.006 0.023
1134 1134 (0) 13 : 0.871 0.004 0.004 0.121
1135 1135 (0) 13 : 0.717 0.018 0.008 0.257
1136 1136 (0) 13 : 0.762 0.127 0.093 0.019
1137 1137 (0) 13 : 0.988 0.004 0.003 0.005
1138 1138 (0) 13 : 0.877 0.029 0.003 0.091
1139 1139 (0) 13 : 0.941 0.003 0.004 0.051
1140 1140 (0) 13 : 0.689 0.028 0.014 0.269
1141 1141 (0) 13 : 0.846 0.019 0.042 0.093
1142 1142 (0) 13 : 0.832 0.090 0.035 0.043
1143 1143 (0) 13 : 0.827 0.058 0.013 0.103
1144 1144 (0) 13 : 0.887 0.027 0.014 0.072
1145 1145 (0) 13 : 0.798 0.042 0.004 0.156
1146 1146 (0) 13 : 0.976 0.004 0.011 0.009
1147 1147 (0) 13 : 0.980 0.011 0.005 0.005
1148 1148 (0) 13 : 0.951 0.011 0.009 0.028
1149 1149 (0) 13 : 0.960 0.014 0.013 0.013
1150 1150 (0) 13 : 0.841 0.004 0.004 0.151
1151 1151 (0) 13 : 0.884 0.021 0.015 0.080
1152 1152 (0) 13 : 0.914 0.036 0.019 0.031
1153 1153 (0) 13 : 0.948 0.010 0.004 0.038
1154 1154 (0) 13 : 0.556 0.403 0.012 0.029
1155 1155 (0) 13 : 0.974 0.004 0.007 0.015
1156 1156 (0) 13 : 0.990 0.003 0.002 0.005
1157 1157 (0) 13 : 0.885 0.008 0.048 0.058
1158 1158 (0) 13 : 0.943 0.008 0.008 0.041
1159 1159 (0) 13 : 0.879 0.040 0.025 0.056
1160 1160 (0) 13 : 0.970 0.007 0.006 0.017
1161 1161 (0) 13 : 0.783 0.006 0.010 0.201
1162 1162 (0) 13 : 0.985 0.005 0.004 0.006
1163 1163 (0) 13 : 0.976 0.006 0.008 0.010
1164 1164 (0) 13 : 0.886 0.003 0.024 0.087
1165 1165 (0) 13 : 0.891 0.008 0.006 0.095
1166 1166 (0) 13 : 0.792 0.008 0.006 0.194
1167 1167 (0) 13 : 0.980 0.005 0.003 0.012
1168 1168 (0) 13 : 0.964 0.004 0.021 0.011
1169 1169 (0) 13 : 0.606 0.006 0.008 0.380
1170 1170 (0) 13 : 0.910 0.005 0.014 0.071
1171 1171 (0) 13 : 0.785 0.004 0.004 0.206
1172 1172 (0) 13 : 0.954 0.004 0.015 0.027
1173 1173 (0) 13 : 0.896 0.010 0.007 0.086
1174 1174 (0) 13 : 0.955 0.004 0.014 0.027
1175 1175 (0) 13 : 0.720 0.011 0.009 0.261
1176 1176 (0) 13 : 0.957 0.005 0.011 0.027
1177 1177 (0) 13 : 0.822 0.014 0.027 0.137
1178 1178 (0) 13 : 0.784 0.006 0.005 0.204
1179 1179 (0) 13 : 0.962 0.010 0.009 0.019
1180 1180 (0) 13 : 0.671 0.175 0.013 0.141
1181 1181 (0) 13 : 0.814 0.100 0.024 0.062
1182 1182 (0) 13 : 0.969 0.011 0.011 0.008
1183 1183 (0) 13 : 0.984 0.005 0.003 0.009
1184 1184 (0) 13 : 0.661 0.012 0.019 0.309
1185 1185 (0) 13 : 0.886 0.052 0.007 0.056
1186 1186 (0) 13 : 0.754 0.009 0.008 0.229
1187 1187 (0) 13 : 0.840 0.005 0.003 0.152
1188 1188 (0) 13 : 0.983 0.003 0.003 0.010
1189 1189 (0) 13 : 0.989 0.004 0.002 0.004
1190 1190 (0) 13 : 0.982 0.005 0.004 0.008
1191 1191 (0) 13 : 0.938 0.023 0.020 0.019
1192 1192 (0) 13 : 0.812 0.015 0.006 0.168
1193 1193 (0) 13 : 0.901 0.008 0.034 0.057
1194 1194 (0) 13 : 0.987 0.003 0.003 0.006
1195 1195 (0) 13 : 0.931 0.009 0.007 0.053
1196 1196 (0) 13 : 0.932 0.020 0.019 0.029
1197 1197 (0) 13 : 0.693 0.281 0.019 0.006
1198 1198 (0) 13 : 0.754 0.008 0.008 0.230
1199 1199 (0) 13 : 0.979 0.004 0.009 0.008
1200 1200 (0) 13 : 0.813 0.009 0.077 0.100
1201 1201 (0) 13 : 0.964 0.005 0.013 0.017
1202 1202 (0) 13 : 0.966 0.012 0.012 0.010
1203 1203 (0) 13 : 0.790 0.134 0.065 0.012
1204 1204 (0) 13 : 0.772 0.007 0.006 0.215
1205 1205 (0) 13 : 0.867 0.027 0.067 0.039
1206 1206 (0) 13 : 0.866 0.013 0.012 0.109
1207 1207 (0) 13 : 0.985 0.008 0.002 0.005
1208 1208 (0) 13 : 0.761 0.020 0.147 0.071
1209 1209 (0) 14 : 0.006 0.824 0.100 0.071
1210 1210 (0) 14 : 0.003 0.877 0.010 0.110
1211 1211 (0) 14 : 0.025 0.882 0.011 0.082
1212 1212 (0) 14 : 0.019 0.951 0.004 0.026
1213 1213 (0) 14 : 0.009 0.981 0.006 0.004
1214 1214 (0) 14 : 0.021 0.921 0.039 0.020
1215 1215 (0) 14 : 0.006 0.981 0.006 0.007
1216 1216 (0) 14 : 0.012 0.967 0.006 0.015
1217 1217 (0) 14 : 0.005 0.940 0.026 0.030
1218 1218 (0) 14 : 0.011 0.928 0.007 0.054
1219 1219 (0) 14 : 0.015 0.960 0.009 0.015
1220 1220 (0) 14 : 0.008 0.873 0.004 0.115
1221 1221 (0) 14 : 0.004 0.984 0.004 0.008
1222 1222 (0) 14 : 0.012 0.981 0.003 0.004
1223 1223 (0) 14 : 0.025 0.931 0.006 0.038
1224 1224 (0) 14 : 0.022 0.600 0.006 0.372
1225 1225 (0) 14 : 0.005 0.755 0.004 0.236
1226 1226 (0) 14 : 0.015 0.963 0.006 0.017
1227 1227 (0) 14 : 0.049 0.776 0.055 0.120
1228 1228 (0) 14 : 0.015 0.953 0.015 0.018
1229 1229 (0) 14 : 0.009 0.943 0.024 0.024
1230 1230 (0) 14 : 0.012 0.957 0.006 0.025
1231 1231 (0) 14 : 0.042 0.873 0.008 0.077
1232 1232 (0) 14 : 0.004 0.936 0.013 0.048
1233 1233 (0) 14 : 0.004 0.958 0.005 0.033
1234 1234 (0) 14 : 0.021 0.968 0.004 0.008
1235 1235 (0) 14 : 0.003 0.917 0.058 0.021
1236 1236 (0) 14 : 0.009 0.982 0.004 0.006
1237 1237 (0) 14 : 0.020 0.683 0.009 0.288
1238 1238 (0) 14 : 0.006 0.811 0.012 0.171
1239 1239 (0) 14 : 0.016 0.793 0.017 0.174
1240 1240 (0) 14 : 0.012 0.952 0.003 0.034
1241 1241 (0) 14 : 0.004 0.718 0.167 0.111
1242 1242 (0) 14 : 0.004 0.892 0.006 0.098
1243 1243 (0) 14 : 0.006 0.972 0.016 0.007
1244 1244 (0) 14 : 0.231 0.748 0.013 0.008
1245 1245 (0) 14 : 0.010 0.966 0.006 0.018
1246 1246 (0) 14 : 0.004 0.923 0.018 0.056
1247 1247 (0) 14 : 0.005 0.968 0.017 0.010
1248 1248 (0) 14 : 0.003 0.871 0.103 0.024
1249 1249 (0) 14 : 0.007 0.974 0.010 0.008
1250 1250 (0) 14 : 0.011 0.902 0.014 0.074
1251 1251 (0) 14 : 0.022 0.767 0.005 0.206
1252 1252 (0) 14 : 0.004 0.949 0.032 0.016
1253 1253 (0) 14 : 0.013 0.961 0.014 0.011
1254 1254 (0) 14 : 0.007 0.844 0.006 0.144
1255 1255 (0) 14 : 0.156 0.731 0.018 0.094
1256 1256 (0) 14 : 0.005 0.935 0.006 0.054
1257 1257 (0) 14 : 0.006 0.978 0.004 0.012
1258 1258 (0) 14 : 0.006 0.973 0.003 0.017
1259 1259 (0) 14 : 0.014 0.945 0.010 0.031
1260 1260 (0) 14 : 0.006 0.941 0.005 0.048
1261 1261 (0) 14 : 0.004 0.955 0.025 0.016
1262 1262 (0) 14 : 0.005 0.922 0.045 0.028
1263 1263 (0) 14 : 0.095 0.862 0.026 0.016
1264 1264 (0) 14 : 0.041 0.909 0.005 0.045
1265 1265 (0) 14 : 0.005 0.970 0.012 0.013
1266 1266 (0) 14 : 0.009 0.965 0.013 0.013
1267 1267 (0) 14 : 0.109 0.845 0.019 0.027
1268 1268 (0) 14 : 0.019 0.830 0.004 0.147
1269 1269 (0) 14 : 0.007 0.931 0.020 0.042
1270 1270 (0) 14 : 0.201 0.765 0.009 0.025
1271 1271 (0) 14 : 0.008 0.975 0.003 0.013
1272 1272 (0) 14 : 0.007 0.355 0.245 0.393
1273 1273 (0) 14 : 0.005 0.926 0.042 0.027
1274 1274 (0) 14 : 0.009 0.977 0.004 0.010
1275 1275 (0) 14 : 0.173 0.786 0.011 0.030
1276 1276 (0) 14 : 0.225 0.739 0.007 0.029
1277 1277 (0) 14 : 0.004 0.978 0.005 0.013
1278 1278 (0) 14 : 0.023 0.909 0.008 0.060
1279 1279 (0) 14 : 0.226 0.746 0.003 0.025
1280 1280 (0) 14 : 0.014 0.930 0.011 0.045
1281 1281 (0) 14 : 0.011 0.707 0.012 0.270
1282 1282 (0) 14 : 0.033 0.939 0.009 0.019
1283 1283 (0) 14 : 0.004 0.946 0.004 0.046
1284 1284 (0) 14 : 0.016 0.964 0.010 0.011
1285 1285 (0) 14 : 0.015 0.954 0.010 0.021
1286 1286 (0) 14 : 0.023 0.888 0.006 0.083
1287 1287 (0) 14 : 0.010 0.974 0.009 0.006
1288 1288 (0) 14 : 0.025 0.908 0.039 0.028
1289 1289 (0) 14 : 0.007 0.656 0.013 0.325
1290 1290 (0) 14 : 0.004 0.989 0.003 0.004
1291 1291 (0) 14 : 0.012 0.966 0.004 0.017
1292 1292 (0) 14 : 0.021 0.974 0.003 0.003
1293 1293 (0) 14 : 0.005 0.845 0.005 0.145
1294 1294 (0) 14 : 0.008 0.951 0.007 0.034
1295 1295 (0) 14 : 0.011 0.978 0.004 0.007
1296 1296 (0) 14 : 0.005 0.772 0.009 0.214
1297 1297 (0) 14 : 0.005 0.852 0.009 0.134
1298 1298 (0) 14 : 0.027 0.940 0.023 0.010
1299 1299 (0) 14 : 0.006 0.892 0.082 0.021
1300 1300 (0) 14 : 0.009 0.872 0.007 0.112
1301 1301 (0) 14 : 0.005 0.970 0.006 0.019
1302 1302 (0) 14 : 0.009 0.890 0.022 0.079
1303 1303 (0) 14 : 0.007 0.983 0.006 0.004
1304 1304 (0) 14 : 0.011 0.960 0.006 0.023
1305 1305 (0) 14 : 0.012 0.759 0.004 0.225
1306 1306 (0) 14 : 0.007 0.973 0.011 0.009
1307 1307 (0) 14 : 0.004 0.982 0.005 0.009
1308 1308 (0) 14 : 0.009 0.937 0.010 0.044
1309 1309 (10) 15 : 0.012 0.012 0.973 0.003
1310 1310 (5) 15 : 0.013 0.008 0.971 0.008
1311 1311 (5) 15 : 0.067 0.013 0.854 0.065
1312 1312 (5) 15 : 0.004 0.009 0.984 0.003
1313 1313 (10) 15 : 0.040 0.029 0.912 0.019
1314 1314 (5) 15 : 0.094 0.022 0.712 0.172
1315 1315 (10) 15 : 0.017 0.015 0.963 0.005
1316 1316 (0) 15 : 0.003 0.015 0.909 0.073
1317 1317 (0) 15 : 0.013 0.008 0.975 0.004
1318 1318 (0) 15 : 0.003 0.005 0.988 0.004
1319 1319 (0) 15 : 0.005 0.007 0.978 0.010
1320 1320 (0) 15 : 0.035 0.012 0.942 0.010
1321 1321 (0) 15 : 0.002 0.005 0.988 0.005
1322 1322 (0) 15 : 0.005 0.034 0.952 0.009
1323 1323 (0) 15 : 0.058 0.046 0.892 0.004
1324 1324 (0) 15 : 0.025 0.055 0.913 0.007
1325 1325 (0) 15 : 0.015 0.009 0.969 0.007
1326 1326 (0) 15 : 0.049 0.010 0.891 0.049
1327 1327 (0) 15 : 0.003 0.008 0.981 0.007
1328 1328 (5) 15 : 0.002 0.004 0.977 0.016
1329 1329 (0) 15 : 0.054 0.007 0.933 0.005
1330 1330 (0) 15 : 0.077 0.014 0.885 0.023
1331 1331 (5) 15 : 0.015 0.006 0.958 0.020
1332 1332 (5) 15 : 0.003 0.007 0.980 0.011
1333 1333 (0) 15 : 0.027 0.033 0.749 0.191
1334 1334 (0) 15 : 0.003 0.006 0.981 0.010
1335 1335 (0) 15 : 0.070 0.037 0.888 0.006
1336 1336 (0) 15 : 0.005 0.005 0.986 0.004
1337 1337 (0) 15 : 0.004 0.005 0.987 0.004
1338 1338 (0) 15 : 0.003 0.005 0.989 0.003
1339 1339 (0) 15 : 0.002 0.004 0.990 0.004
1340 1340 (0) 15 : 0.007 0.007 0.982 0.004
1341 1341 (0) 15 : 0.007 0.012 0.919 0.063
1342 1342 (0) 15 : 0.016 0.408 0.566 0.011
1343 1343 (0) 15 : 0.005 0.009 0.977 0.009
1344 1344 (0) 15 : 0.005 0.006 0.982 0.007
1345 1345 (0) 15 : 0.024 0.344 0.586 0.046
1346 1346 (0) 15 : 0.004 0.004 0.988 0.004
1347 1347 (0) 15 : 0.005 0.016 0.932 0.046
1348 1348 (0) 15 : 0.004 0.173 0.818 0.005
1349 1349 (0) 15 : 0.062 0.010 0.925 0.003
1350 1350 (0) 15 : 0.023 0.035 0.938 0.004
1351 1351 (0) 16 : 0.004 0.005 0.989 0.002
1352 1352 (0) 16 : 0.005 0.006 0.973 0.015
1353 1353 (0) 16 : 0.005 0.005 0.984 0.005
1354 1354 (0) 16 : 0.006 0.006 0.984 0.005
1355 1355 (0) 16 : 0.004 0.007 0.976 0.014
1356 1356 (0) 16 : 0.003 0.007 0.970 0.020
1357 1357 (0) 16 : 0.004 0.006 0.979 0.011
1358 1358 (0) 16 : 0.004 0.083 0.786 0.127
1359 1359 (0) 16 : 0.009 0.006 0.964 0.021
1360 1360 (0) 16 : 0.009 0.011 0.686 0.294
1361 1361 (0) 16 : 0.005 0.004 0.984 0.008
1362 1362 (0) 16 : 0.014 0.101 0.868 0.018
1363 1363 (0) 16 : 0.008 0.012 0.973 0.007
1364 1364 (0) 16 : 0.004 0.006 0.985 0.006
1365 1365 (0) 16 : 0.085 0.180 0.722 0.013
1366 1366 (0) 16 : 0.016 0.026 0.945 0.014
1367 1367 (0) 16 : 0.004 0.009 0.967 0.020
1368 1368 (0) 16 : 0.008 0.021 0.961 0.011
1369 1369 (0) 16 : 0.004 0.006 0.986 0.004
1370 1370 (0) 16 : 0.009 0.008 0.972 0.011
1371 1371 (0) 16 : 0.002 0.005 0.934 0.059
1372 1372 (0) 16 : 0.037 0.014 0.939 0.010
1373 1373 (0) 16 : 0.009 0.070 0.916 0.005
1374 1374 (0) 16 : 0.003 0.009 0.929 0.059
1375 1375 (0) 16 : 0.002 0.010 0.982 0.005
1376 1376 (0) 16 : 0.003 0.010 0.967 0.019
1377 1377 (0) 16 : 0.019 0.043 0.933 0.005
1378 1378 (0) 16 : 0.012 0.009 0.856 0.123
1379 1379 (0) 16 : 0.004 0.004 0.987 0.004
1380 1380 (0) 16 : 0.066 0.031 0.889 0.014
1381 1381 (0) 16 : 0.003 0.007 0.977 0.013
1382 1382 (0) 16 : 0.009 0.011 0.973 0.008
1383 1383 (0) 16 : 0.003 0.009 0.861 0.127
1384 1384 (0) 16 : 0.004 0.011 0.980 0.005
1385 1385 (0) 16 : 0.003 0.007 0.984 0.006
1386 1386 (0) 16 : 0.009 0.007 0.949 0.035
1387 1387 (0) 16 : 0.009 0.007 0.921 0.063
1388 1388 (0) 16 : 0.004 0.205 0.769 0.022
1389 1389 (0) 16 : 0.004 0.019 0.942 0.034
1390 1390 (0) 16 : 0.005 0.006 0.971 0.017
1391 1391 (0) 16 : 0.004 0.005 0.970 0.022
1392 1392 (0) 16 : 0.004 0.011 0.973 0.012
1393 1393 (0) 16 : 0.008 0.052 0.920 0.020
1394 1394 (0) 16 : 0.009 0.012 0.955 0.024
1395 1395 (0) 16 : 0.004 0.007 0.985 0.005
1396 1396 (0) 16 : 0.003 0.041 0.857 0.099
1397 1397 (0) 16 : 0.005 0.009 0.982 0.004
1398 1398 (0) 16 : 0.008 0.014 0.963 0.016
1399 1399 (0) 16 : 0.003 0.008 0.970 0.019
1400 1400 (0) 16 : 0.003 0.417 0.569 0.012
1401 1401 (0) 16 : 0.013 0.007 0.974 0.006
1402 1402 (0) 16 : 0.004 0.007 0.982 0.006
1403 1403 (0) 16 : 0.028 0.014 0.952 0.006
1404 1404 (0) 16 : 0.009 0.145 0.837 0.009
1405 1405 (0) 16 : 0.007 0.027 0.958 0.008
1406 1406 (0) 16 : 0.004 0.004 0.988 0.004
1407 1407 (0) 16 : 0.003 0.061 0.879 0.057
1408 1408 (0) 16 : 0.004 0.005 0.988 0.004
1409 1409 (0) 16 : 0.005 0.007 0.973 0.015
1410 1410 (0) 16 : 0.004 0.005 0.983 0.008
1411 1411 (0) 16 : 0.014 0.018 0.956 0.012
1412 1412 (0) 16 : 0.004 0.005 0.982 0.009
1413 1413 (0) 16 : 0.006 0.018 0.957 0.020
1414 1414 (0) 16 : 0.006 0.024 0.959 0.010
1415 1415 (0) 16 : 0.016 0.009 0.959 0.016
1416 1416 (0) 16 : 0.002 0.017 0.955 0.026
1417 1417 (0) 16 : 0.005 0.006 0.984 0.005
1418 1418 (0) 16 : 0.009 0.018 0.958 0.014
1419 1419 (0) 16 : 0.007 0.009 0.962 0.022
1420 1420 (0) 16 : 0.002 0.004 0.990 0.004
1421 1421 (0) 16 : 0.004 0.005 0.899 0.093
1422 1422 (0) 16 : 0.004 0.017 0.970 0.010
1423 1423 (0) 16 : 0.006 0.012 0.892 0.090
1424 1424 (0) 16 : 0.005 0.005 0.984 0.006
1425 1425 (0) 16 : 0.038 0.015 0.939 0.008
1426 1426 (0) 16 : 0.008 0.036 0.754 0.203
1427 1427 (0) 16 : 0.011 0.017 0.968 0.004
1428 1428 (0) 16 : 0.003 0.004 0.987 0.006
1429 1429 (0) 16 : 0.004 0.010 0.964 0.022
1430 1430 (0) 16 : 0.103 0.023 0.847 0.026
1431 1431 (0) 16 : 0.005 0.006 0.979 0.010
1432 1432 (0) 16 : 0.003 0.011 0.676 0.309
1433 1433 (0) 16 : 0.003 0.005 0.971 0.022
1434 1434 (0) 16 : 0.003 0.009 0.952 0.035
1435 1435 (0) 16 : 0.017 0.046 0.889 0.048
1436 1436 (0) 16 : 0.004 0.004 0.988 0.004
1437 1437 (0) 16 : 0.003 0.009 0.960 0.028
1438 1438 (0) 16 : 0.004 0.014 0.977 0.005
1439 1439 (0) 16 : 0.009 0.006 0.980 0.005
1440 1440 (0) 16 : 0.007 0.005 0.978 0.009
1441 1441 (0) 16 : 0.004 0.057 0.915 0.024
1442 1442 (0) 16 : 0.019 0.007 0.855 0.119
1443 1443 (0) 16 : 0.012 0.015 0.961 0.012
1444 1444 (0) 16 : 0.071 0.062 0.816 0.052
1445 1445 (0) 16 : 0.002 0.007 0.985 0.005
1446 1446 (0) 16 : 0.010 0.008 0.956 0.027
1447 1447 (0) 16 : 0.004 0.027 0.959 0.011
1448 1448 (0) 16 : 0.007 0.012 0.580 0.401
1449 1449 (0) 16 : 0.012 0.031 0.941 0.015
1450 1450 (0) 16 : 0.004 0.013 0.915 0.068
1451 1451 (0) 17 : 0.012 0.972 0.010 0.006
1452 1452 (0) 17 : 0.004 0.978 0.005 0.013
1453 1453 (0) 17 : 0.008 0.979 0.010 0.003
1454 1454 (0) 17 : 0.004 0.983 0.011 0.003
1455 1455 (0) 17 : 0.003 0.980 0.006 0.011
1456 1456 (0) 17 : 0.014 0.950 0.025 0.011
1457 1457 (0) 17 : 0.004 0.938 0.027 0.030
1458 1458 (0) 17 : 0.004 0.441 0.350 0.204
1459 1459 (0) 17 : 0.007 0.956 0.028 0.009
1460 1460 (0) 17 : 0.007 0.925 0.042 0.026
1461 1461 (0) 17 : 0.007 0.978 0.009 0.006
1462 1462 (0) 17 : 0.023 0.950 0.021 0.007
1463 1463 (0) 17 : 0.005 0.958 0.032 0.006
1464 1464 (0) 17 : 0.009 0.958 0.024 0.008
1465 1465 (0) 17 : 0.013 0.975 0.007 0.005
1466 1466 (0) 17 : 0.006 0.765 0.194 0.035
1467 1467 (0) 17 : 0.003 0.911 0.078 0.007
1468 1468 (0) 17 : 0.005 0.916 0.065 0.014
1469 1469 (0) 17 : 0.006 0.908 0.025 0.062
1470 1470 (0) 17 : 0.004 0.962 0.012 0.022
1471 1471 (0) 17 : 0.332 0.490 0.146 0.033
1472 1472 (0) 17 : 0.016 0.955 0.006 0.024
1473 1473 (0) 17 : 0.004 0.923 0.064 0.009
1474 1474 (0) 17 : 0.013 0.968 0.013 0.006
1475 1475 (0) 17 : 0.014 0.913 0.042 0.032
1476 1476 (0) 17 : 0.045 0.939 0.008 0.008
1477 1477 (0) 17 : 0.006 0.979 0.010 0.006
1478 1478 (0) 17 : 0.005 0.985 0.005 0.005
1479 1479 (0) 17 : 0.005 0.854 0.050 0.091
1480 1480 (0) 17 : 0.005 0.980 0.011 0.004
1481 1481 (0) 17 : 0.006 0.821 0.028 0.145
1482 1482 (0) 17 : 0.004 0.966 0.010 0.020
1483 1483 (0) 17 : 0.008 0.935 0.049 0.008
1484 1484 (0) 17 : 0.003 0.924 0.018 0.055
1485 1485 (0) 17 : 0.059 0.885 0.041 0.015
1486 1486 (0) 17 : 0.006 0.975 0.014 0.005
1487 1487 (0) 17 : 0.004 0.945 0.013 0.038
1488 1488 (0) 17 : 0.003 0.973 0.020 0.005
1489 1489 (0) 17 : 0.009 0.975 0.008 0.008
1490 1490 (0) 17 : 0.007 0.964 0.018 0.011
1491 1491 (0) 17 : 0.015 0.954 0.022 0.009
1492 1492 (0) 17 : 0.008 0.976 0.008 0.008
1493 1493 (0) 17 : 0.008 0.958 0.023 0.011
1494 1494 (0) 17 : 0.004 0.947 0.045 0.005
1495 1495 (0) 17 : 0.006 0.968 0.022 0.004
1496 1496 (0) 17 : 0.004 0.891 0.067 0.038
1497 1497 (0) 17 : 0.005 0.976 0.011 0.009
1498 1498 (0) 17 : 0.005 0.959 0.031 0.005
1499 1499 (0) 17 : 0.005 0.960 0.029 0.006
1500 1500 (0) 17 : 0.043 0.949 0.004 0.004
1501 1501 (0) 17 : 0.006 0.887 0.101 0.007
1502 1502 (0) 17 : 0.015 0.964 0.016 0.005
1503 1503 (0) 17 : 0.005 0.974 0.007 0.014
1504 1504 (0) 17 : 0.014 0.842 0.136 0.008
1505 1505 (0) 17 : 0.004 0.944 0.011 0.041
1506 1506 (0) 17 : 0.013 0.979 0.004 0.004
1507 1507 (0) 17 : 0.023 0.753 0.209 0.015
1508 1508 (0) 17 : 0.007 0.836 0.029 0.129
1509 1509 (0) 17 : 0.007 0.948 0.013 0.031
1510 1510 (0) 17 : 0.003 0.975 0.013 0.010
1511 1511 (0) 17 : 0.005 0.790 0.084 0.121
1512 1512 (0) 17 : 0.041 0.726 0.015 0.219
1513 1513 (0) 17 : 0.005 0.976 0.013 0.006
1514 1514 (0) 17 : 0.002 0.976 0.018 0.003
1515 1515 (0) 17 : 0.083 0.877 0.013 0.026
1516 1516 (0) 17 : 0.004 0.972 0.015 0.009
1517 1517 (0) 17 : 0.023 0.959 0.008 0.010
1518 1518 (0) 17 : 0.006 0.986 0.004 0.004
1519 1519 (0) 17 : 0.021 0.964 0.009 0.006
1520 1520 (0) 17 : 0.024 0.945 0.018 0.013
1521 1521 (0) 17 : 0.011 0.908 0.059 0.021
1522 1522 (0) 17 : 0.003 0.951 0.039 0.006
1523 1523 (0) 17 : 0.004 0.970 0.021 0.005
1524 1524 (0) 17 : 0.023 0.949 0.020 0.008
1525 1525 (0) 17 : 0.073 0.801 0.056 0.071
1526 1526 (0) 17 : 0.093 0.836 0.055 0.015
1527 1527 (0) 17 : 0.008 0.976 0.006 0.010
1528 1528 (0) 17 : 0.014 0.946 0.005 0.035
1529 1529 (0) 17 : 0.008 0.769 0.018 0.206
1530 1530 (0) 17 : 0.009 0.970 0.012 0.009
1531 1531 (0) 17 : 0.008 0.806 0.177 0.009
1532 1532 (0) 17 : 0.012 0.948 0.023 0.017
1533 1533 (0) 17 : 0.004 0.972 0.018 0.007
1534 1534 (0) 17 : 0.019 0.915 0.061 0.005
1535 1535 (0) 17 : 0.008 0.943 0.007 0.043
1536 1536 (0) 17 : 0.018 0.932 0.007 0.044
1537 1537 (0) 17 : 0.008 0.875 0.048 0.069
1538 1538 (0) 17 : 0.005 0.964 0.025 0.006
1539 1539 (0) 17 : 0.007 0.980 0.009 0.004
1540 1540 (0) 17 : 0.009 0.938 0.006 0.047
1541 1541 (0) 17 : 0.005 0.979 0.012 0.004
1542 1542 (0) 17 : 0.003 0.990 0.004 0.003
1543 1543 (0) 17 : 0.015 0.912 0.026 0.047
1544 1544 (0) 17 : 0.009 0.864 0.121 0.007
1545 1545 (0) 17 : 0.007 0.901 0.020 0.071
1546 1546 (0) 17 : 0.007 0.934 0.008 0.051
1547 1547 (0) 17 : 0.010 0.657 0.222 0.111
1548 1548 (0) 17 : 0.003 0.965 0.026 0.006
1549 1549 (0) 17 : 0.007 0.982 0.007 0.004
1550 1550 (0) 17 : 0.099 0.699 0.027 0.174
1551 1551 (0) 18 : 0.002 0.004 0.008 0.987
1552 1552 (0) 18 : 0.002 0.006 0.006 0.986
1553 1553 (0) 18 : 0.003 0.003 0.003 0.992
1554 1554 (0) 18 : 0.005 0.006 0.008 0.981
1555 1555 (0) 18 : 0.005 0.027 0.056 0.911
1556 1556 (0) 18 : 0.004 0.003 0.003 0.989
1557 1557 (0) 18 : 0.003 0.005 0.007 0.986
1558 1558 (0) 18 : 0.003 0.009 0.009 0.978
1559 1559 (0) 18 : 0.003 0.006 0.006 0.985
1560 1560 (0) 18 : 0.002 0.003 0.004 0.991
1561 1561 (0) 18 : 0.007 0.003 0.011 0.979
1562 1562 (0) 18 : 0.003 0.003 0.005 0.988
1563 1563 (0) 18 : 0.002 0.003 0.004 0.991
1564 1564 (0) 18 : 0.002 0.006 0.006 0.987
1565 1565 (0) 18 : 0.003 0.005 0.004 0.988
1566 1566 (0) 18 : 0.002 0.004 0.004 0.990
1567 1567 (0) 18 : 0.002 0.005 0.004 0.989
1568 1568 (0) 18 : 0.009 0.010 0.005 0.976
1569 1569 (0) 18 : 0.004 0.004 0.006 0.985
1570 1570 (0) 18 : 0.004 0.004 0.005 0.988
1571 1571 (0) 18 : 0.003 0.003 0.005 0.990
1572 1572 (0) 18 : 0.002 0.006 0.005 0.987
1573 1573 (0) 18 : 0.002 0.005 0.005 0.987
1574 1574 (0) 18 : 0.002 0.004 0.023 0.971
1575 1575 (0) 18 : 0.002 0.003 0.003 0.992
1576 1576 (0) 18 : 0.004 0.008 0.006 0.982
1577 1577 (0) 18 : 0.003 0.003 0.004 0.989
1578 1578 (0) 18 : 0.003 0.004 0.005 0.987
1579 1579 (0) 18 : 0.004 0.006 0.004 0.986
1580 1580 (0) 18 : 0.002 0.004 0.006 0.988
1581 1581 (0) 18 : 0.002 0.005 0.008 0.985
1582 1582 (0) 18 : 0.002 0.003 0.003 0.992
1583 1583 (0) 18 : 0.003 0.005 0.005 0.987
1584 1584 (0) 18 : 0.002 0.003 0.004 0.991
1585 1585 (0) 18 : 0.002 0.003 0.004 0.991
1586 1586 (0) 18 : 0.002 0.003 0.004 0.991
1587 1587 (0) 18 : 0.003 0.005 0.006 0.986
1588 1588 (0) 18 : 0.003 0.005 0.008 0.984
1589 1589 (0) 18 : 0.004 0.003 0.005 0.988
1590 1590 (0) 18 : 0.002 0.005 0.005 0.988
1591 1591 (0) 18 : 0.002 0.003 0.009 0.985
1592 1592 (0) 18 : 0.003 0.020 0.008 0.969
1593 1593 (0) 18 : 0.002 0.004 0.005 0.989
1594 1594 (0) 18 : 0.006 0.005 0.004 0.985
1595 1595 (0) 18 : 0.003 0.005 0.005 0.988
1596 1596 (0) 18 : 0.003 0.003 0.005 0.989
1597 1597 (0) 18 : 0.003 0.005 0.005 0.986
1598 1598 (0) 18 : 0.002 0.005 0.007 0.986
1599 1599 (0) 18 : 0.002 0.002 0.004 0.992
1600 1600 (0) 18 : 0.002 0.007 0.004 0.987
1601 1601 (0) 18 : 0.005 0.007 0.007 0.981
1602 1602 (0) 18 : 0.004 0.006 0.020 0.971
1603 1603 (0) 18 : 0.003 0.004 0.007 0.986
1604 1604 (0) 18 : 0.039 0.038 0.014 0.909
1605 1605 (0) 18 : 0.005 0.013 0.017 0.964
1606 1606 (0) 18 : 0.005 0.006 0.007 0.982
1607 1607 (0) 18 : 0.002 0.005 0.007 0.987
1608 1608 (0) 18 : 0.002 0.003 0.003 0.991
1609 1609 (0) 18 : 0.002 0.004 0.004 0.990
1610 1610 (0) 18 : 0.003 0.003 0.004 0.991
1611 1611 (0) 18 : 0.004 0.005 0.008 0.984
1612 1612 (0) 18 : 0.003 0.004 0.004 0.988
1613 1613 (0) 18 : 0.004 0.007 0.017 0.973
1614 1614 (0) 18 : 0.003 0.003 0.005 0.989
1615 1615 (0) 18 : 0.003 0.003 0.004 0.990
1616 1616 (0) 18 : 0.002 0.003 0.004 0.990
1617 1617 (0) 18 : 0.002 0.003 0.005 0.990
1618 1618 (0) 18 : 0.005 0.006 0.004 0.984
1619 1619 (0) 18 : 0.003 0.005 0.010 0.981
1620 1620 (0) 18 : 0.002 0.003 0.005 0.990
1621 1621 (0) 18 : 0.004 0.006 0.006 0.985
1622 1622 (0) 18 : 0.002 0.003 0.004 0.991
1623 1623 (0) 18 : 0.004 0.004 0.005 0.987
1624 1624 (0) 18 : 0.003 0.003 0.003 0.991
1625 1625 (0) 18 : 0.003 0.004 0.006 0.987
1626 1626 (0) 18 : 0.004 0.004 0.011 0.981
1627 1627 (0) 18 : 0.003 0.006 0.004 0.987
1628 1628 (0) 18 : 0.003 0.003 0.003 0.992
1629 1629 (0) 18 : 0.003 0.004 0.007 0.987
1630 1630 (0) 18 : 0.003 0.018 0.014 0.965
1631 1631 (0) 18 : 0.004 0.005 0.004 0.987
1632 1632 (0) 18 : 0.006 0.003 0.007 0.984
1633 1633 (0) 18 : 0.002 0.002 0.003 0.993
1634 1634 (0) 18 : 0.002 0.003 0.005 0.990
1635 1635 (0) 18 : 0.002 0.003 0.005 0.991
1636 1636 (0) 18 : 0.018 0.004 0.006 0.971
1637 1637 (0) 18 : 0.016 0.008 0.006 0.970
1638 1638 (0) 18 : 0.003 0.007 0.007 0.983
1639 1639 (0) 18 : 0.003 0.003 0.005 0.989
1640 1640 (0) 18 : 0.044 0.010 0.007 0.939
1641 1641 (0) 18 : 0.004 0.003 0.007 0.985
1642 1642 (0) 18 : 0.003 0.003 0.004 0.991
1643 1643 (0) 18 : 0.003 0.004 0.009 0.984
1644 1644 (0) 18 : 0.004 0.005 0.006 0.986
1645 1645 (0) 18 : 0.003 0.006 0.010 0.982
1646 1646 (0) 18 : 0.003 0.003 0.004 0.991
1647 1647 (0) 18 : 0.003 0.009 0.006 0.982
1648 1648 (0) 18 : 0.004 0.005 0.006 0.985
1649 1649 (0) 18 : 0.005 0.005 0.013 0.976
1650 1650 (0) 18 : 0.002 0.004 0.006 0.988
1651 1651 (0) 19 : 0.964 0.014 0.011 0.012
1652 1652 (0) 19 : 0.988 0.005 0.002 0.004
1653 1653 (0) 19 : 0.989 0.006 0.002 0.002
1654 1654 (0) 19 : 0.923 0.011 0.024 0.041
1655 1655 (0) 19 : 0.886 0.035 0.025 0.054
1656 1656 (0) 19 : 0.925 0.009 0.006 0.060
1657 1657 (0) 19 : 0.952 0.010 0.008 0.030
1658 1658 (0) 19 : 0.990 0.005 0.002 0.002
1659 1659 (0) 19 : 0.877 0.022 0.008 0.093
1660 1660 (0) 19 : 0.984 0.005 0.004 0.007
1661 1661 (0) 19 : 0.989 0.005 0.003 0.004
1662 1662 (0) 19 : 0.983 0.004 0.004 0.008
1663 1663 (0) 19 : 0.980 0.004 0.004 0.013
1664 1664 (0) 19 : 0.992 0.003 0.002 0.003
1665 1665 (0) 19 : 0.941 0.015 0.011 0.033
1666 1666 (0) 19 : 0.955 0.020 0.012 0.013
1667 1667 (0) 19 : 0.993 0.003 0.002 0.002
1668 1668 (0) 19 : 0.994 0.003 0.002 0.002
1669 1669 (0) 19 : 0.991 0.003 0.003 0.003
1670 1670 (0) 19 : 0.935 0.015 0.010 0.041
1671 1671 (0) 19 : 0.985 0.006 0.005 0.005
1672 1672 (0) 19 : 0.967 0.008 0.012 0.012
1673 1673 (0) 19 : 0.973 0.007 0.011 0.009
1674 1674 (0) 19 : 0.989 0.004 0.004 0.003
1675 1675 (0) 19 : 0.983 0.004 0.006 0.007
1676 1676 (0) 19 : 0.929 0.006 0.015 0.050
1677 1677 (0) 19 : 0.959 0.006 0.015 0.020
1678 1678 (0) 19 : 0.987 0.004 0.004 0.005
1679 1679 (0) 19 : 0.979 0.010 0.008 0.003
1680 1680 (0) 19 : 0.985 0.006 0.006 0.003
1681 1681 (0) 19 : 0.871 0.018 0.021 0.091
1682 1682 (0) 19 : 0.910 0.011 0.009 0.071
1683 1683 (0) 19 : 0.976 0.009 0.004 0.010
1684 1684 (0) 19 : 0.984 0.006 0.006 0.004
1685 1685 (0) 19 : 0.983 0.008 0.004 0.005
1686 1686 (0) 19 : 0.968 0.007 0.005 0.020
1687 1687 (0) 19 : 0.972 0.017 0.004 0.007
1688 1688 (0) 19 : 0.971 0.004 0.018 0.007
1689 1689 (0) 19 : 0.992 0.003 0.002 0.003
1690 1690 (0) 19 : 0.906 0.010 0.036 0.048
1691 1691 (0) 19 : 0.983 0.005 0.003 0.009
1692 1692 (0) 19 : 0.980 0.008 0.005 0.008
1693 1693 (0) 19 : 0.986 0.006 0.004 0.004
1694 1694 (0) 19 : 0.964 0.007 0.010 0.019
1695 1695 (0) 19 : 0.991 0.004 0.003 0.003
1696 1696 (0) 19 : 0.988 0.006 0.003 0.004
1697 1697 (0) 19 : 0.977 0.010 0.006 0.007
1698 1698 (0) 19 : 0.940 0.029 0.012 0.019
1699 1699 (0) 19 : 0.985 0.007 0.004 0.004
1700 1700 (0) 19 : 0.977 0.005 0.006 0.012
1701 1701 (0) 19 : 0.993 0.003 0.002 0.002
1702 1702 (0) 19 : 0.884 0.040 0.064 0.011
1703 1703 (0) 19 : 0.951 0.024 0.012 0.013
1704 1704 (0) 19 : 0.843 0.007 0.002 0.148
1705 1705 (0) 19 : 0.980 0.005 0.008 0.007
1706 1706 (0) 19 : 0.937 0.021 0.031 0.010
1707 1707 (0) 19 : 0.989 0.003 0.003 0.005
1708 1708 (0) 19 : 0.984 0.006 0.004 0.007
1709 1709 (0) 19 : 0.951 0.009 0.016 0.024
1710 1710 (0) 19 : 0.991 0.004 0.002 0.002
1711 1711 (0) 19 : 0.992 0.003 0.003 0.003
1712 1712 (0) 19 : 0.983 0.008 0.004 0.005
1713 1713 (0) 19 : 0.964 0.026 0.003 0.008
1714 1714 (0) 19 : 0.990 0.004 0.003 0.004
1715 1715 (0) 19 : 0.989 0.005 0.003 0.003
1716 1716 (0) 19 : 0.961 0.009 0.005 0.025
1717 1717 (0) 19 : 0.871 0.019 0.034 0.076
1718 1718 (0) 19 : 0.989 0.003 0.005 0.004
1719 1719 (0) 19 : 0.994 0.003 0.002 0.002
1720 1720 (0) 19 : 0.991 0.003 0.003 0.003
1721 1721 (0) 19 : 0.987 0.008 0.002 0.003
1722 1722 (0) 19 : 0.993 0.002 0.002 0.003
1723 1723 (0) 19 : 0.960 0.011 0.009 0.019
1724 1724 (0) 19 : 0.962 0.020 0.012 0.006
1725 1725 (0) 19 : 0.982 0.008 0.003 0.008
1726 1726 (0) 19 : 0.983 0.009 0.005 0.004
1727 1727 (0) 19 : 0.968 0.008 0.009 0.014
1728 1728 (0) 19 : 0.976 0.003 0.003 0.018
1729 1729 (0) 19 : 0.968 0.003 0.010 0.018
1730 1730 (0) 19 : 0.951 0.012 0.025 0.012
1731 1731 (0) 19 : 0.864 0.017 0.011 0.108
1732 1732 (0) 19 : 0.975 0.008 0.008 0.010
1733 1733 (0) 19 : 0.985 0.004 0.006 0.005
1734 1734 (0) 19 : 0.977 0.008 0.006 0.009
1735 1735 (0) 19 : 0.963 0.008 0.005 0.023
1736 1736 (0) 19 : 0.980 0.009 0.006 0.006
1737 1737 (0) 19 : 0.992 0.003 0.003 0.002
1738 1738 (0) 19 : 0.916 0.013 0.022 0.049
1739 1739 (0) 19 : 0.993 0.003 0.002 0.002
1740 1740 (0) 19 : 0.904 0.078 0.012 0.006
1741 1741 (0) 19 : 0.991 0.004 0.003 0.003
1742 1742 (0) 19 : 0.820 0.112 0.023 0.046
1743 1743 (0) 19 : 0.990 0.003 0.003 0.003
1744 1744 (0) 19 : 0.990 0.003 0.003 0.003
1745 1745 (0) 19 : 0.990 0.003 0.004 0.003
1746 1746 (0) 19 : 0.991 0.004 0.002 0.003
1747 1747 (0) 19 : 0.994 0.002 0.002 0.002
1748 1748 (0) 19 : 0.958 0.009 0.014 0.020
1749 1749 (0) 19 : 0.993 0.003 0.002 0.002
1750 1750 (0) 19 : 0.975 0.010 0.007 0.008
1751 1751 (0) 20 : 0.019 0.962 0.011 0.008
1752 1752 (0) 20 : 0.012 0.978 0.005 0.005
1753 1753 (0) 20 : 0.074 0.918 0.005 0.003
1754 1754 (0) 20 : 0.003 0.990 0.005 0.003
1755 1755 (0) 20 : 0.028 0.909 0.056 0.007
1756 1756 (0) 20 : 0.006 0.962 0.005 0.027
1757 1757 (0) 20 : 0.008 0.945 0.005 0.041
1758 1758 (0) 20 : 0.068 0.898 0.007 0.028
1759 1759 (0) 20 : 0.018 0.962 0.008 0.012
1760 1760 (0) 20 : 0.010 0.946 0.017 0.027
1761 1761 (0) 20 : 0.004 0.968 0.012 0.015
1762 1762 (0) 20 : 0.006 0.815 0.136 0.043
1763 1763 (0) 20 : 0.008 0.979 0.009 0.004
1764 1764 (0) 20 : 0.006 0.975 0.005 0.014
1765 1765 (0) 20 : 0.003 0.973 0.014 0.009
1766 1766 (0) 20 : 0.006 0.987 0.003 0.003
1767 1767 (0) 20 : 0.007 0.979 0.003 0.011
1768 1768 (0) 20 : 0.006 0.954 0.027 0.013
1769 1769 (0) 20 : 0.003 0.966 0.004 0.027
1770 1770 (0) 20 : 0.064 0.905 0.007 0.025
1771 1771 (0) 20 : 0.009 0.949 0.034 0.008
1772 1772 (0) 20 : 0.012 0.979 0.005 0.005
1773 1773 (0) 20 : 0.009 0.980 0.004 0.007
1774 1774 (0) 20 : 0.039 0.945 0.006 0.010
1775 1775 (0) 20 : 0.005 0.981 0.008 0.007
1776 1776 (0) 20 : 0.018 0.930 0.009 0.043
1777 1777 (0) 20 : 0.021 0.959 0.016 0.004
1778 1778 (0) 20 : 0.004 0.980 0.006 0.010
1779 1779 (0) 20 : 0.008 0.973 0.007 0.012
1780 1780 (0) 20 : 0.019 0.956 0.012 0.014
1781 1781 (0) 20 : 0.004 0.980 0.006 0.009
1782 1782 (0) 20 : 0.062 0.922 0.006 0.010
1783 1783 (0) 20 : 0.006 0.983 0.007 0.003
1784 1784 (0) 20 : 0.007 0.950 0.017 0.027
1785 1785 (0) 20 : 0.018 0.970 0.008 0.004
1786 1786 (0) 20 : 0.004 0.985 0.004 0.006
1787 1787 (0) 20 : 0.005 0.980 0.008 0.008
1788 1788 (0) 20 : 0.004 0.987 0.004 0.005
1789 1789 (0) 20 : 0.004 0.964 0.005 0.027
1790 1790 (0) 20 : 0.005 0.985 0.004 0.006
1791 1791 (0) 20 : 0.007 0.950 0.007 0.036
1792 1792 (0) 20 : 0.007 0.981 0.007 0.005
1793 1793 (0) 20 : 0.012 0.964 0.003 0.021
1794 1794 (0) 20 : 0.004 0.980 0.008 0.008
1795 1795 (0) 20 : 0.002 0.974 0.006 0.018
1796 1796 (0) 20 : 0.007 0.978 0.008 0.007
1797 1797 (0) 20 : 0.004 0.986 0.004 0.005
1798 1798 (0) 20 : 0.007 0.938 0.007 0.048
1799 1799 (0) 20 : 0.005 0.983 0.004 0.007
1800 1800 (0) 20 : 0.130 0.850 0.011 0.009
1801 1801 (0) 20 : 0.006 0.982 0.009 0.003
1802 1802 (0) 20 : 0.008 0.974 0.012 0.005
1803 1803 (0) 20 : 0.015 0.974 0.006 0.006
1804 1804 (0) 20 : 0.005 0.986 0.003 0.006
1805 1805 (0) 20 : 0.007 0.967 0.006 0.019
1806 1806 (0) 20 : 0.004 0.978 0.007 0.011
1807 1807 (0) 20 : 0.014 0.970 0.007 0.009
1808 1808 (0) 20 : 0.005 0.979 0.009 0.007
1809 1809 (0) 20 : 0.005 0.976 0.003 0.015
1810 1810 (0) 20 : 0.162 0.773 0.011 0.053
1811 1811 (0) 20 : 0.008 0.935 0.003 0.054
1812 1812 (0) 20 : 0.004 0.981 0.005 0.010
1813 1813 (0) 20 : 0.004 0.986 0.005 0.006
1814 1814 (0) 20 : 0.008 0.975 0.006 0.011
1815 1815 (0) 20 : 0.018 0.972 0.005 0.005
1816 1816 (0) 20 : 0.007 0.985 0.003 0.005
1817 1817 (0) 20 : 0.004 0.987 0.003 0.006
1818 1818 (0) 20 : 0.009 0.967 0.008 0.016
1819 1819 (0) 20 : 0.005 0.964 0.003 0.028
1820 1820 (0) 20 : 0.034 0.950 0.004 0.012
1821 1821 (0) 20 : 0.004 0.985 0.005 0.006
1822 1822 (0) 20 : 0.030 0.878 0.026 0.066
1823 1823 (0) 20 : 0.009 0.939 0.013 0.039
1824 1824 (0) 20 : 0.004 0.967 0.018 0.011
1825 1825 (0) 20 : 0.024 0.967 0.004 0.005
1826 1826 (0) 20 : 0.006 0.984 0.005 0.005
1827 1827 (0) 20 : 0.011 0.966 0.014 0.009
1828 1828 (0) 20 : 0.003 0.941 0.036 0.020
1829 1829 (0) 20 : 0.073 0.912 0.010 0.005
1830 1830 (0) 20 : 0.227 0.761 0.006 0.005
1831 1831 (0) 20 : 0.009 0.973 0.005 0.012
1832 1832 (0) 20 : 0.012 0.932 0.005 0.052
1833 1833 (0) 20 : 0.003 0.984 0.006 0.006
1834 1834 (0) 20 : 0.016 0.953 0.024 0.006
1835 1835 (0) 20 : 0.010 0.962 0.007 0.021
1836 1836 (0) 20 : 0.006 0.981 0.007 0.007
1837 1837 (0) 20 : 0.005 0.978 0.011 0.007
1838 1838 (0) 20 : 0.009 0.979 0.005 0.007
1839 1839 (0) 20 : 0.004 0.985 0.007 0.003
1840 1840 (0) 20 : 0.008 0.980 0.006 0.006
1841 1841 (0) 20 : 0.051 0.940 0.004 0.005
1842 1842 (0) 20 : 0.004 0.985 0.007 0.005
1843 1843 (0) 20 : 0.004 0.990 0.003 0.003
1844 1844 (0) 20 : 0.186 0.807 0.003 0.004
1845 1845 (0) 20 : 0.012 0.973 0.007 0.008
1846 1846 (0) 20 : 0.014 0.965 0.007 0.014
1847 1847 (0) 20 : 0.009 0.969 0.014 0.009
1848 1848 (0) 20 : 0.003 0.973 0.005 0.018
1849 1849 (0) 20 : 0.004 0.905 0.045 0.047
1850 1850 (0) 20 : 0.003 0.976 0.005 0.016
1851 1851 (10) 21 : 0.003 0.014 0.980 0.003
1852 1852 (0) 21 : 0.027 0.152 0.817 0.005
1853 1853 (0) 21 : 0.003 0.003 0.983 0.010
1854 1854 (0) 21 : 0.004 0.006 0.986 0.004
1855 1855 (0) 21 : 0.073 0.160 0.763 0.004
1856 1856 (5) 21 : 0.070 0.372 0.554 0.004
1857 1857 (0) 21 : 0.003 0.013 0.981 0.003
1858 1858 (0) 21 : 0.005 0.006 0.987 0.003
1859 1859 (0) 21 : 0.006 0.008 0.971 0.015
1860 1860 (0) 21 : 0.042 0.051 0.901 0.005
1861 1861 (0) 21 : 0.004 0.010 0.618 0.369
1862 1862 (0) 21 : 0.003 0.004 0.989 0.004
1863 1863 (0) 21 : 0.002 0.016 0.978 0.004
1864 1864 (0) 21 : 0.008 0.012 0.977 0.004
1865 1865 (5) 21 : 0.002 0.004 0.989 0.005
1866 1866 (0) 21 : 0.003 0.008 0.984 0.005
1867 1867 (0) 21 : 0.006 0.006 0.980 0.008
1868 1868 (0) 21 : 0.003 0.005 0.989 0.004
1869 1869 (0) 21 : 0.005 0.018 0.973 0.004
1870 1870 (0) 21 : 0.002 0.003 0.993 0.002
1871 1871 (0) 21 : 0.004 0.008 0.985 0.003
1872 1872 (5) 21 : 0.006 0.007 0.982 0.005
1873 1873 (5) 21 : 0.003 0.007 0.974 0.016
1874 1874 (5) 21 : 0.016 0.010 0.967 0.006
1875 1875 (0) 21 : 0.007 0.007 0.983 0.003
1876 1876 (0) 21 : 0.003 0.011 0.984 0.002
1877 1877 (0) 21 : 0.004 0.023 0.969 0.005
1878 1878 (0) 21 : 0.015 0.004 0.978 0.003
1879 1879 (0) 21 : 0.003 0.006 0.988 0.003
1880 1880 (0) 21 : 0.004 0.005 0.985 0.006
1881 1881 (0) 21 : 0.005 0.005 0.981 0.010
1882 1882 (0) 21 : 0.003 0.004 0.988 0.005
1883 1883 (0) 21 : 0.004 0.007 0.986 0.003
1884 1884 (0) 21 : 0.006 0.005 0.985 0.004
1885 1885 (0) 21 : 0.012 0.143 0.840 0.004
1886 1886 (0) 21 : 0.004 0.003 0.986 0.007
1887 1887 (5) 21 : 0.005 0.018 0.971 0.006
1888 1888 (0) 21 : 0.003 0.006 0.985 0.006
1889 1889 (0) 21 : 0.004 0.012 0.980 0.004
1890 1890 (0) 21 : 0.003 0.004 0.988 0.005
1891 1891 (0) 21 : 0.004 0.007 0.983 0.005
1892 1892 (0) 21 : 0.004 0.003 0.989 0.004
1893 1893 (5) 21 : 0.003 0.004 0.989 0.004
1894 1894 (5) 21 : 0.010 0.007 0.977 0.005
1895 1895 (5) 21 : 0.007 0.008 0.980 0.006
1896 1896 (5) 21 : 0.003 0.006 0.984 0.007
1897 1897 (5) 21 : 0.004 0.005 0.985 0.007
1898 1898 (5) 21 : 0.003 0.005 0.984 0.007
1899 1899 (0) 21 : 0.007 0.031 0.957 0.005
1900 1900 (5) 21 : 0.003 0.005 0.987 0.004
1901 1901 (0) 21 : 0.004 0.929 0.058 0.008
1902 1902 (0) 21 : 0.068 0.083 0.829 0.019
1903 1903 (0) 21 : 0.003 0.011 0.981 0.005
1904 1904 (0) 21 : 0.003 0.005 0.990 0.003
1905 1905 (0) 21 : 0.024 0.011 0.960 0.005
1906 1906 (0) 21 : 0.003 0.007 0.985 0.004
1907 1907 (0) 21 : 0.004 0.004 0.988 0.004
1908 1908 (0) 21 : 0.006 0.008 0.982 0.004
1909 1909 (0) 21 : 0.004 0.008 0.979 0.009
1910 1910 (0) 21 : 0.003 0.007 0.986 0.004
1911 1911 (0) 21 : 0.022 0.198 0.776 0.003
1912 1912 (0) 21 : 0.991 0.003 0.003 0.002
1913 1913 (0) 21 : 0.003 0.006 0.988 0.003
1914 1914 (0) 21 : 0.003 0.008 0.985 0.003
1915 1915 (0) 21 : 0.003 0.013 0.981 0.004
1916 1916 (0) 21 : 0.023 0.067 0.906 0.004
1917 1917 (0) 21 : 0.007 0.007 0.983 0.002
1918 1918 (0) 21 : 0.069 0.011 0.899 0.020
1919 1919 (0) 21 : 0.008 0.037 0.944 0.011
1920 1920 (0) 21 : 0.004 0.055 0.935 0.005
1921 1921 (0) 21 : 0.004 0.004 0.989 0.003
1922 1922 (0) 21 : 0.003 0.004 0.990 0.003
1923 1923 (0) 21 : 0.004 0.009 0.981 0.005
1924 1924 (0) 21 : 0.009 0.016 0.970 0.004
1925 1925 (0) 21 : 0.004 0.010 0.982 0.004
1926 1926 (0) 21 : 0.005 0.018 0.974 0.003
1927 1927 (0) 21 : 0.007 0.010 0.980 0.003
1928 1928 (0) 21 : 0.003 0.006 0.984 0.007
1929 1929 (0) 21 : 0.008 0.006 0.977 0.008
1930 1930 (0) 21 : 0.005 0.061 0.929 0.005
1931 1931 (0) 21 : 0.004 0.003 0.263 0.730
1932 1932 (0) 21 : 0.004 0.010 0.983 0.004
1933 1933 (0) 21 : 0.005 0.009 0.982 0.004
1934 1934 (0) 21 : 0.004 0.008 0.984 0.005
1935 1935 (0) 21 : 0.005 0.006 0.987 0.003
1936 1936 (0) 21 : 0.008 0.008 0.979 0.004
1937 1937 (0) 21 : 0.009 0.005 0.984 0.002
1938 1938 (0) 21 : 0.003 0.018 0.973 0.006
1939 1939 (0) 21 : 0.004 0.007 0.984 0.004
1940 1940 (0) 21 : 0.006 0.004 0.986 0.003
1941 1941 (0) 21 : 0.003 0.024 0.968 0.005
1942 1942 (0) 21 : 0.008 0.006 0.982 0.004
1943 1943 (10) 21 : 0.003 0.012 0.478 0.507
1944 1944 (0) 21 : 0.004 0.005 0.987 0.004
1945 1945 (0) 21 : 0.002 0.008 0.987 0.003
1946 1946 (0) 21 : 0.009 0.047 0.931 0.014
1947 1947 (0) 21 : 0.007 0.006 0.970 0.017
1948 1948 (0) 21 : 0.010 0.065 0.920 0.006
1949 1949 (0) 21 : 0.007 0.005 0.985 0.003
1950 1950 (0) 21 : 0.011 0.009 0.975 0.005
1951 1951 (0) 21 : 0.002 0.003 0.993 0.002
1952 1952 (0) 21 : 0.002 0.004 0.991 0.003
1953 1953 (0) 21 : 0.004 0.006 0.983 0.007
1954 1954 (0) 21 : 0.003 0.004 0.991 0.003
1955 1955 (0) 21 : 0.002 0.004 0.990 0.004
1956 1956 (0) 22 : 0.003 0.009 0.978 0.010
1957 1957 (10) 22 : 0.003 0.004 0.985 0.008
1958 1958 (10) 22 : 0.025 0.019 0.949 0.007
1959 1959 (5) 22 : 0.003 0.005 0.989 0.004
1960 1960 (5) 22 : 0.004 0.003 0.987 0.006
1961 1961 (0) 22 : 0.006 0.007 0.983 0.004
1962 1962 (5) 22 : 0.007 0.004 0.983 0.006
1963 1963 (5) 22 : 0.002 0.005 0.982 0.010
1964 1964 (0) 22 : 0.002 0.003 0.992 0.003
1965 1965 (0) 22 : 0.003 0.004 0.990 0.003
1966 1966 (0) 22 : 0.003 0.004 0.990 0.003
1967 1967 (0) 22 : 0.008 0.036 0.953 0.003
1968 1968 (0) 22 : 0.008 0.006 0.983 0.004
1969 1969 (5) 22 : 0.003 0.006 0.988 0.003
1970 1970 (5) 22 : 0.009 0.005 0.980 0.007
1971 1971 (10) 22 : 0.003 0.008 0.983 0.006
1972 1972 (0) 22 : 0.005 0.007 0.985 0.004
1973 1973 (5) 22 : 0.012 0.018 0.952 0.018
1974 1974 (5) 22 : 0.009 0.007 0.981 0.003
1975 1975 (0) 22 : 0.008 0.007 0.982 0.003
1976 1976 (5) 22 : 0.003 0.011 0.980 0.006
1977 1977 (0) 22 : 0.012 0.007 0.978 0.004
1978 1978 (5) 22 : 0.005 0.003 0.989 0.003
1979 1979 (0) 22 : 0.002 0.003 0.989 0.005
1980 1980 (0) 22 : 0.004 0.003 0.983 0.009
1981 1981 (0) 22 : 0.009 0.004 0.980 0.006
1982 1982 (0) 22 : 0.003 0.011 0.980 0.006
1983 1983 (0) 22 : 0.003 0.016 0.976 0.005
1984 1984 (0) 22 : 0.003 0.010 0.973 0.014
1985 1985 (0) 22 : 0.007 0.004 0.978 0.012
1986 1986 (0) 22 : 0.005 0.005 0.985 0.005
1987 1987 (0) 22 : 0.003 0.032 0.937 0.027
1988 1988 (0) 22 : 0.002 0.005 0.988 0.005
1989 1989 (0) 22 : 0.004 0.006 0.985 0.004
1990 1990 (0) 22 : 0.005 0.009 0.981 0.005
1991 1991 (0) 22 : 0.003 0.005 0.990 0.003
1992 1992 (0) 22 : 0.004 0.005 0.988 0.003
1993 1993 (0) 22 : 0.002 0.004 0.991 0.003
1994 1994 (5) 22 : 0.005 0.006 0.984 0.005
1995 1995 (5) 22 : 0.006 0.006 0.982 0.007
1996 1996 (0) 22 : 0.008 0.005 0.985 0.003
1997 1997 (15) 22 : 0.009 0.008 0.977 0.006
1998 1998 (10) 22 : 0.003 0.003 0.990 0.004
1999 1999 (10) 22 : 0.005 0.008 0.984 0.004
2000 2000 (10) 22 : 0.005 0.019 0.970 0.005
2001 2001 (5) 22 : 0.011 0.017 0.967 0.005
2002 2002 (5) 22 : 0.003 0.009 0.984 0.004
2003 2003 (5) 22 : 0.006 0.006 0.986 0.003
2004 2004 (5) 22 : 0.004 0.007 0.984 0.005
2005 2005 (5) 22 : 0.012 0.022 0.961 0.005
2006 2006 (5) 22 : 0.005 0.008 0.984 0.003
2007 2007 (15) 22 : 0.005 0.014 0.972 0.008
2008 2008 (5) 22 : 0.002 0.004 0.987 0.006
2009 2009 (5) 22 : 0.003 0.005 0.990 0.003
2010 2010 (15) 22 : 0.004 0.006 0.984 0.005
2011 2011 (5) 22 : 0.007 0.030 0.947 0.016
2012 2012 (5) 22 : 0.020 0.035 0.934 0.011
2013 2013 (5) 22 : 0.005 0.010 0.981 0.004
2014 2014 (5) 22 : 0.003 0.005 0.987 0.005
2015 2015 (10) 22 : 0.005 0.005 0.986 0.004
2016 2016 (5) 22 : 0.003 0.005 0.978 0.014
2017 2017 (5) 22 : 0.006 0.008 0.983 0.003
2018 2018 (10) 22 : 0.004 0.010 0.977 0.009
2019 2019 (10) 22 : 0.005 0.009 0.982 0.004
2020 2020 (10) 22 : 0.004 0.009 0.980 0.007
2021 2021 (10) 22 : 0.007 0.013 0.967 0.013
2022 2022 (5) 22 : 0.003 0.014 0.979 0.004
2023 2023 (10) 22 : 0.111 0.015 0.867 0.006
2024 2024 (0) 22 : 0.004 0.004 0.987 0.005
2025 2025 (5) 22 : 0.003 0.003 0.988 0.006
2026 2026 (0) 22 : 0.002 0.005 0.990 0.003
2027 2027 (0) 22 : 0.002 0.002 0.994 0.002
2028 2028 (0) 22 : 0.003 0.005 0.989 0.003
2029 2029 (0) 22 : 0.003 0.004 0.987 0.006
2030 2030 (0) 22 : 0.015 0.010 0.972 0.003
2031 2031 (0) 22 : 0.003 0.003 0.985 0.009
2032 2032 (0) 22 : 0.004 0.007 0.979 0.010
2033 2033 (10) 22 : 0.003 0.004 0.989 0.004
2034 2034 (10) 22 : 0.019 0.253 0.710 0.019
2035 2035 (0) 22 : 0.003 0.007 0.982 0.008
2036 2036 (5) 22 : 0.012 0.264 0.709 0.015
2037 2037 (0) 22 : 0.007 0.017 0.970 0.007
2038 2038 (5) 22 : 0.005 0.012 0.976 0.007
2039 2039 (5) 22 : 0.008 0.007 0.980 0.004
2040 2040 (5) 22 : 0.005 0.005 0.984 0.006
2041 2041 (10) 22 : 0.002 0.005 0.989 0.004
2042 2042 (0) 22 : 0.003 0.004 0.991 0.003
2043 2043 (0) 22 : 0.003 0.005 0.989 0.003
2044 2044 (0) 22 : 0.025 0.027 0.937 0.011
2045 2045 (0) 22 : 0.005 0.004 0.988 0.003
2046 2046 (0) 22 : 0.008 0.012 0.974 0.006
2047 2047 (0) 22 : 0.003 0.004 0.990 0.003
2048 2048 (0) 22 : 0.003 0.014 0.977 0.006
2049 2049 (0) 22 : 0.005 0.013 0.976 0.006
2050 2050 (0) 22 : 0.003 0.006 0.984 0.007
2051 2051 (0) 22 : 0.005 0.007 0.984 0.004
2052 2052 (0) 22 : 0.007 0.006 0.984 0.003
2053 2053 (0) 22 : 0.013 0.078 0.855 0.054
2054 2054 (0) 22 : 0.007 0.438 0.546 0.009
2055 2055 (0) 22 : 0.044 0.507 0.439 0.010
2056 2056 (0) 22 : 0.007 0.148 0.837 0.008
2057 2057 (0) 22 : 0.003 0.010 0.977 0.010
2058 2058 (0) 22 : 0.003 0.004 0.990 0.003
2059 2059 (5) 22 : 0.005 0.007 0.984 0.004
2060 2060 (0) 22 : 0.006 0.023 0.965 0.005
2061 2061 (5) 22 : 0.071 0.043 0.798 0.088
2062 2062 (0) 22 : 0.004 0.017 0.975 0.003
2063 2063 (0) 22 : 0.038 0.037 0.851 0.074
2064 2064 (0) 22 : 0.013 0.005 0.977 0.005
2065 2065 (0) 22 : 0.013 0.042 0.939 0.006
2066 2066 (0) 22 : 0.003 0.006 0.988 0.004
2067 2067 (0) 22 : 0.006 0.004 0.985 0.004
2068 2068 (0) 22 : 0.003 0.019 0.968 0.010
2069 2069 (0) 22 : 0.002 0.004 0.991 0.003
2070 2070 (0) 22 : 0.004 0.006 0.986 0.004
2071 2071 (0) 22 : 0.003 0.003 0.991 0.003
2072 2072 (0) 22 : 0.007 0.489 0.453 0.051
2073 2073 (0) 22 : 0.004 0.005 0.988 0.003
2074 2074 (0) 22 : 0.004 0.007 0.986 0.004
2075 2075 (5) 22 : 0.004 0.008 0.984 0.004
2076 2076 (0) 22 : 0.004 0.005 0.984 0.007
2077 2077 (0) 22 : 0.016 0.017 0.961 0.006
2078 2078 (0) 22 : 0.004 0.004 0.988 0.005
2079 2079 (10) 22 : 0.003 0.006 0.987 0.004
2080 2080 (0) 22 : 0.002 0.004 0.991 0.003
2081 2081 (0) 22 : 0.002 0.003 0.992 0.003
2082 2082 (0) 22 : 0.002 0.004 0.989 0.004
2083 2083 (10) 22 : 0.007 0.015 0.973 0.005
2084 2084 (5) 22 : 0.006 0.038 0.952 0.003
2085 2085 (0) 22 : 0.004 0.008 0.984 0.004
2086 2086 (5) 22 : 0.003 0.004 0.990 0.003
2087 2087 (5) 22 : 0.002 0.005 0.991 0.003
2088 2088 (10) 22 : 0.006 0.012 0.978 0.004
2089 2089 (0) 22 : 0.002 0.004 0.989 0.004
2090 2090 (5) 22 : 0.017 0.008 0.970 0.005
2091 2091 (10) 22 : 0.003 0.007 0.985 0.005
2092 2092 (0) 22 : 0.010 0.009 0.977 0.004
2093 2093 (0) 22 : 0.004 0.014 0.972 0.010
2094 2094 (0) 22 : 0.006 0.042 0.948 0.003
2095 2095 (0) 22 : 0.040 0.012 0.942 0.006
2096 2096 (0) 22 : 0.002 0.006 0.988 0.004
2097 2097 (0) 22 : 0.003 0.006 0.988 0.004
2098 2098 (0) 22 : 0.003 0.003 0.990 0.004
2099 2099 (0) 22 : 0.004 0.004 0.988 0.004
2100 2100 (0) 22 : 0.002 0.005 0.989 0.004
2101 2101 (5) 22 : 0.012 0.019 0.965 0.004
2102 2102 (0) 22 : 0.002 0.004 0.991 0.003
2103 2103 (0) 22 : 0.008 0.004 0.977 0.010
2104 2104 (0) 22 : 0.006 0.004 0.987 0.003
2105 2105 (5) 22 : 0.004 0.010 0.976 0.010
2106 2106 (0) 22 : 0.002 0.006 0.987 0.005
2107 2107 (0) 22 : 0.007 0.038 0.945 0.010
2108 2108 (0) 22 : 0.004 0.005 0.986 0.004
2109 2109 (0) 22 : 0.006 0.012 0.977 0.005
2110 2110 (0) 22 : 0.005 0.003 0.989 0.003
2111 2111 (0) 22 : 0.006 0.006 0.978 0.010
2112 2112 (0) 22 : 0.002 0.010 0.983 0.005
2113 2113 (0) 22 : 0.004 0.003 0.990 0.003
2114 2114 (0) 22 : 0.005 0.007 0.984 0.005
2115 2115 (0) 22 : 0.009 0.011 0.971 0.009
2116 2116 (0) 22 : 0.003 0.010 0.974 0.013
2117 2117 (0) 22 : 0.002 0.005 0.990 0.003
2118 2118 (0) 22 : 0.003 0.006 0.988 0.003
2119 2119 (0) 22 : 0.004 0.004 0.989 0.003
2120 2120 (0) 22 : 0.002 0.004 0.991 0.003
2121 2121 (0) 22 : 0.002 0.005 0.989 0.003
2122 2122 (0) 22 : 0.005 0.005 0.987 0.003
2123 2123 (0) 22 : 0.005 0.005 0.985 0.005
2124 2124 (0) 22 : 0.003 0.005 0.988 0.004
2125 2125 (0) 22 : 0.003 0.003 0.991 0.003
2126 2126 (10) 22 : 0.003 0.018 0.973 0.006
2127 2127 (5) 22 : 0.149 0.029 0.816 0.005
2128 2128 (10) 22 : 0.004 0.005 0.986 0.004
2129 2129 (5) 22 : 0.022 0.015 0.934 0.029
2130 2130 (10) 22 : 0.003 0.005 0.987 0.005
2131 2131 (10) 22 : 0.010 0.007 0.974 0.009
2132 2132 (0) 22 : 0.010 0.006 0.977 0.008
2133 2133 (5) 22 : 0.004 0.008 0.982 0.006
2134 2134 (5) 22 : 0.011 0.022 0.958 0.009
2135 2135 (10) 22 : 0.007 0.005 0.981 0.007
2136 2136 (0) 22 : 0.003 0.006 0.986 0.005
2137 2137 (0) 22 : 0.003 0.005 0.988 0.004
2138 2138 (0) 22 : 0.003 0.004 0.990 0.003
2139 2139 (0) 22 : 0.003 0.004 0.990 0.003
2140 2140 (0) 22 : 0.003 0.008 0.945 0.045
2141 2141 (0) 22 : 0.003 0.338 0.655 0.004
2142 2142 (0) 22 : 0.003 0.005 0.982 0.010
2143 2143 (0) 22 : 0.004 0.009 0.984 0.003
2144 2144 (0) 22 : 0.004 0.009 0.985 0.002
2145 2145 (5) 22 : 0.034 0.472 0.483 0.010
2146 2146 (0) 22 : 0.099 0.387 0.504 0.011
2147 2147 (0) 22 : 0.010 0.007 0.979 0.004
2148 2148 (10) 22 : 0.004 0.037 0.949 0.010
2149 2149 (5) 22 : 0.005 0.004 0.985 0.007
2150 2150 (0) 22 : 0.003 0.004 0.990 0.003
2151 2151 (5) 22 : 0.006 0.926 0.056 0.013
2152 2152 (5) 22 : 0.005 0.008 0.980 0.007
2153 2153 (0) 22 : 0.003 0.006 0.985 0.005
2154 2154 (0) 22 : 0.004 0.004 0.984 0.009
2155 2155 (0) 22 : 0.005 0.008 0.983 0.004
2156 2156 (0) 22 : 0.014 0.163 0.817 0.006
2157 2157 (0) 22 : 0.003 0.012 0.980 0.006
2158 2158 (0) 22 : 0.003 0.010 0.980 0.007
2159 2159 (0) 22 : 0.004 0.004 0.988 0.003
2160 2160 (0) 22 : 0.003 0.005 0.990 0.002
2161 2161 (0) 22 : 0.003 0.006 0.989 0.003
2162 2162 (0) 22 : 0.004 0.006 0.987 0.004
2163 2163 (0) 22 : 0.007 0.004 0.982 0.007
2164 2164 (0) 22 : 0.011 0.007 0.978 0.003
2165 2165 (0) 22 : 0.012 0.010 0.975 0.003
2166 2166 (0) 22 : 0.007 0.009 0.982 0.003
2167 2167 (0) 22 : 0.003 0.004 0.985 0.008
2168 2168 (0) 22 : 0.007 0.006 0.981 0.006
2169 2169 (0) 22 : 0.003 0.004 0.985 0.008
2170 2170 (0) 22 : 0.003 0.005 0.989 0.003
2171 2171 (0) 22 : 0.004 0.004 0.990 0.003
2172 2172 (0) 22 : 0.002 0.006 0.989 0.003
2173 2173 (0) 22 : 0.002 0.005 0.990 0.003
2174 2174 (0) 22 : 0.002 0.037 0.940 0.021
2175 2175 (0) 22 : 0.003 0.007 0.985 0.005
2176 2176 (0) 22 : 0.002 0.003 0.985 0.009
2177 2177 (0) 22 : 0.005 0.005 0.980 0.010
2178 2178 (0) 22 : 0.003 0.005 0.989 0.003
2179 2179 (0) 22 : 0.020 0.018 0.952 0.010
2180 2180 (0) 22 : 0.003 0.003 0.989 0.004
2181 2181 (0) 22 : 0.006 0.007 0.982 0.004
2182 2182 (0) 22 : 0.003 0.013 0.980 0.003
2183 2183 (0) 22 : 0.004 0.007 0.984 0.005
2184 2184 (0) 22 : 0.004 0.010 0.977 0.009
2185 2185 (0) 22 : 0.005 0.004 0.988 0.003
2186 2186 (0) 22 : 0.004 0.007 0.984 0.006
2187 2187 (0) 22 : 0.002 0.004 0.990 0.004
2188 2188 (0) 22 : 0.004 0.012 0.954 0.030
2189 2189 (0) 22 : 0.003 0.003 0.991 0.003
2190 2190 (0) 22 : 0.003 0.004 0.990 0.004
2191 2191 (0) 22 : 0.003 0.009 0.984 0.004
2192 2192 (0) 22 : 0.004 0.006 0.987 0.003
2193 2193 (0) 22 : 0.002 0.007 0.987 0.003
2194 2194 (0) 22 : 0.003 0.013 0.981 0.003
2195 2195 (0) 22 : 0.004 0.005 0.989 0.003
2196 2196 (5) 23 : 0.021 0.026 0.941 0.012
2197 2197 (0) 23 : 0.017 0.347 0.630 0.006
2198 2198 (0) 23 : 0.018 0.412 0.560 0.010
2199 2199 (0) 23 : 0.007 0.624 0.359 0.009
2200 2200 (0) 23 : 0.007 0.037 0.951 0.005
2201 2201 (0) 23 : 0.076 0.098 0.803 0.023
2202 2202 (0) 23 : 0.007 0.297 0.684 0.012
2203 2203 (0) 23 : 0.012 0.041 0.926 0.022
2204 2204 (0) 23 : 0.025 0.499 0.470 0.006
2205 2205 (0) 23 : 0.003 0.003 0.991 0.003
2206 2206 (0) 23 : 0.006 0.014 0.973 0.007
2207 2207 (0) 23 : 0.003 0.300 0.690 0.007
2208 2208 (0) 23 : 0.004 0.006 0.983 0.006
2209 2209 (0) 23 : 0.004 0.181 0.810 0.005
2210 2210 (0) 23 : 0.012 0.146 0.792 0.051
2211 2211 (0) 23 : 0.002 0.004 0.991 0.003
2212 2212 (0) 23 : 0.009 0.330 0.657 0.004
2213 2213 (0) 23 : 0.004 0.185 0.801 0.010
2214 2214 (0) 23 : 0.005 0.016 0.976 0.003
2215 2215 (0) 23 : 0.010 0.198 0.788 0.004
2216 2216 (0) 23 : 0.008 0.005 0.909 0.078
2217 2217 (0) 23 : 0.131 0.018 0.848 0.004
2218 2218 (0) 23 : 0.009 0.719 0.259 0.013
2219 2219 (0) 23 : 0.010 0.707 0.265 0.019
2220 2220 (0) 23 : 0.003 0.007 0.985 0.004
2221 2221 (0) 23 : 0.059 0.074 0.861 0.006
2222 2222 (0) 23 : 0.135 0.131 0.727 0.007
2223 2223 (0) 23 : 0.007 0.970 0.017 0.007
2224 2224 (0) 23 : 0.004 0.189 0.794 0.014
2225 2225 (0) 23 : 0.011 0.022 0.963 0.004
2226 2226 (0) 23 : 0.004 0.017 0.962 0.016
2227 2227 (10) 23 : 0.005 0.007 0.983 0.005
2228 2228 (5) 23 : 0.003 0.188 0.792 0.016
2229 2229 (0) 23 : 0.009 0.967 0.019 0.005
2230 2230 (0) 23 : 0.004 0.792 0.201 0.003
2231 2231 (0) 23 : 0.005 0.885 0.088 0.022
2232 2232 (0) 23 : 0.003 0.858 0.134 0.005
2233 2233 (0) 23 : 0.005 0.930 0.051 0.014
2234 2234 (0) 23 : 0.011 0.707 0.278 0.003
2235 2235 (0) 23 : 0.004 0.561 0.412 0.024
2236 2236 (0) 23 : 0.011 0.431 0.553 0.005
2237 2237 (0) 23 : 0.020 0.672 0.305 0.003
2238 2238 (5) 23 : 0.031 0.328 0.634 0.007
2239 2239 (0) 23 : 0.005 0.971 0.009 0.015
2240 2240 (0) 23 : 0.009 0.583 0.404 0.003
2241 2241 (0) 23 : 0.006 0.610 0.380 0.004
2242 2242 (0) 23 : 0.017 0.042 0.935 0.007
2243 2243 (0) 23 : 0.007 0.952 0.037 0.004
2244 2244 (5) 23 : 0.044 0.848 0.102 0.006
2245 2245 (0) 23 : 0.110 0.514 0.363 0.012
2246 2246 (0) 23 : 0.004 0.946 0.016 0.034
2247 2247 (0) 23 : 0.054 0.747 0.195 0.004
2248 2248 (0) 23 : 0.011 0.859 0.119 0.010
2249 2249 (0) 23 : 0.004 0.005 0.986 0.004
2250 2250 (0) 23 : 0.004 0.126 0.842 0.028
2251 2251 (5) 23 : 0.006 0.018 0.969 0.007
2252 2252 (5) 23 : 0.076 0.830 0.089 0.004
2253 2253 (0) 23 : 0.006 0.847 0.142 0.004
2254 2254 (0) 23 : 0.025 0.940 0.027 0.009
2255 2255 (0) 23 : 0.004 0.926 0.065 0.005
2256 2256 (0) 23 : 0.003 0.829 0.164 0.004
2257 2257 (0) 23 : 0.027 0.052 0.912 0.009
2258 2258 (0) 23 : 0.040 0.411 0.537 0.012
2259 2259 (0) 23 : 0.044 0.049 0.902 0.005
2260 2260 (0) 23 : 0.011 0.461 0.525 0.003
2261 2261 (0) 23 : 0.029 0.771 0.192 0.008
2262 2262 (0) 23 : 0.015 0.090 0.891 0.004
2263 2263 (0) 23 : 0.064 0.268 0.663 0.004
2264 2264 (0) 24 : 0.004 0.526 0.462 0.008
2265 2265 (0) 24 : 0.003 0.829 0.158 0.010
2266 2266 (0) 24 : 0.010 0.175 0.805 0.010
2267 2267 (0) 24 : 0.005 0.841 0.139 0.016
2268 2268 (0) 24 : 0.004 0.925 0.065 0.006
2269 2269 (0) 24 : 0.006 0.901 0.089 0.003
2270 2270 (0) 24 : 0.003 0.830 0.160 0.007
2271 2271 (0) 24 : 0.092 0.828 0.075 0.005
2272 2272 (0) 24 : 0.007 0.810 0.172 0.010
2273 2273 (0) 24 : 0.007 0.800 0.184 0.009
2274 2274 (0) 24 : 0.004 0.927 0.064 0.005
2275 2275 (0) 24 : 0.003 0.961 0.024 0.012
2276 2276 (0) 24 : 0.010 0.842 0.145 0.004
2277 2277 (0) 24 : 0.004 0.807 0.181 0.008
2278 2278 (0) 24 : 0.004 0.967 0.023 0.006
2279 2279 (0) 24 : 0.004 0.890 0.102 0.004
2280 2280 (0) 24 : 0.005 0.982 0.010 0.004
2281 2281 (0) 24 : 0.032 0.664 0.298 0.006
2282 2282 (0) 24 : 0.006 0.922 0.067 0.005
2283 2283 (0) 24 : 0.003 0.982 0.010 0.004
2284 2284 (0) 24 : 0.006 0.921 0.066 0.006
2285 2285 (0) 24 : 0.004 0.982 0.006 0.008
2286 2286 (0) 24 : 0.002 0.976 0.012 0.010
2287 2287 (0) 24 : 0.003 0.970 0.014 0.013
2288 2288 (0) 24 : 0.003 0.982 0.010 0.005
2289 2289 (0) 24 : 0.007 0.960 0.025 0.007
2290 2290 (0) 24 : 0.004 0.969 0.025 0.003
2291 2291 (0) 24 : 0.005 0.952 0.032 0.011
2292 2292 (0) 24 : 0.003 0.984 0.005 0.008
2293 2293 (0) 24 : 0.011 0.949 0.019 0.020
2294 2294 (0) 24 : 0.003 0.952 0.031 0.014
2295 2295 (0) 25 : 0.003 0.977 0.011 0.009
2296 2296 (0) 25 : 0.019 0.615 0.359 0.007
2297 2297 (0) 25 : 0.006 0.969 0.015 0.011
2298 2298 (0) 25 : 0.003 0.515 0.476 0.006
2299 2299 (0) 25 : 0.002 0.771 0.213 0.013
2300 2300 (0) 25 : 0.003 0.885 0.108 0.005
2301 2301 (0) 25 : 0.005 0.519 0.454 0.022
2302 2302 (0) 25 : 0.003 0.953 0.013 0.031
2303 2303 (0) 25 : 0.003 0.623 0.367 0.007
2304 2304 (0) 25 : 0.010 0.968 0.017 0.005
2305 2305 (0) 25 : 0.007 0.976 0.013 0.004
2306 2306 (0) 25 : 0.008 0.982 0.005 0.005
2307 2307 (0) 25 : 0.041 0.737 0.212 0.010
2308 2308 (0) 25 : 0.003 0.972 0.021 0.004
2309 2309 (0) 25 : 0.004 0.913 0.073 0.010
2310 2310 (0) 25 : 0.003 0.933 0.042 0.022
2311 2311 (0) 25 : 0.004 0.982 0.010 0.004
2312 2312 (0) 25 : 0.039 0.634 0.321 0.007
2313 2313 (0) 25 : 0.011 0.924 0.055 0.011
2314 2314 (0) 25 : 0.007 0.929 0.056 0.008
2315 2315 (0) 25 : 0.005 0.970 0.022 0.003
2316 2316 (0) 25 : 0.004 0.951 0.040 0.005
2317 2317 (0) 25 : 0.011 0.970 0.013 0.006
2318 2318 (0) 25 : 0.006 0.936 0.053 0.005
2319 2319 (0) 25 : 0.013 0.948 0.035 0.005
2320 2320 (0) 25 : 0.006 0.887 0.102 0.005
2321 2321 (0) 25 : 0.003 0.892 0.097 0.008
2322 2322 (0) 25 : 0.011 0.624 0.352 0.013
2323 2323 (0) 25 : 0.012 0.675 0.305 0.008
2324 2324 (0) 25 : 0.004 0.632 0.357 0.007
2325 2325 (0) 25 : 0.010 0.729 0.256 0.005
2326 2326 (0) 25 : 0.004 0.325 0.666 0.005
2327 2327 (0) 25 : 0.009 0.978 0.010 0.004
2328 2328 (0) 25 : 0.002 0.987 0.007 0.004
2329 2329 (0) 25 : 0.003 0.772 0.213 0.012
2330 2330 (0) 25 : 0.008 0.800 0.180 0.012
2331 2331 (0) 25 : 0.007 0.737 0.245 0.011
2332 2332 (0) 25 : 0.003 0.981 0.010 0.005
2333 2333 (0) 25 : 0.002 0.959 0.032 0.007
2334 2334 (0) 25 : 0.002 0.975 0.015 0.008
2335 2335 (0) 25 : 0.003 0.982 0.011 0.003
2336 2336 (0) 25 : 0.253 0.067 0.673 0.008
2337 2337 (0) 25 : 0.004 0.982 0.008 0.006
2338 2338 (0) 25 : 0.003 0.958 0.030 0.009
2339 2339 (0) 25 : 0.006 0.980 0.011 0.003
2340 2340 (0) 25 : 0.003 0.985 0.008 0.005
2341 2341 (0) 25 : 0.003 0.820 0.170 0.007
2342 2342 (0) 25 : 0.015 0.929 0.049 0.007
2343 2343 (0) 25 : 0.006 0.903 0.089 0.003
2344 2344 (0) 25 : 0.004 0.979 0.011 0.005
2345 2345 (0) 25 : 0.008 0.965 0.010 0.017
2346 2346 (0) 25 : 0.002 0.854 0.131 0.012
2347 2347 (0) 25 : 0.002 0.968 0.024 0.005
2348 2348 (0) 25 : 0.025 0.941 0.029 0.005
2349 2349 (0) 25 : 0.012 0.963 0.014 0.011
2350 2350 (0) 25 : 0.004 0.944 0.048 0.004
2351 2351 (0) 25 : 0.004 0.571 0.418 0.007
2352 2352 (0) 25 : 0.010 0.569 0.414 0.007
2353 2353 (0) 25 : 0.005 0.869 0.120 0.007
2354 2354 (0) 25 : 0.007 0.984 0.004 0.005
2355 2355 (0) 25 : 0.006 0.980 0.005 0.008
2356 2356 (0) 25 : 0.005 0.958 0.030 0.007
2357 2357 (0) 25 : 0.004 0.893 0.082 0.020
2358 2358 (0) 25 : 0.005 0.927 0.065 0.003
2359 2359 (0) 25 : 0.003 0.738 0.251 0.008
2360 2360 (0) 25 : 0.004 0.987 0.005 0.004
2361 2361 (0) 25 : 0.004 0.985 0.006 0.004
2362 2362 (0) 25 : 0.005 0.959 0.031 0.006
2363 2363 (0) 25 : 0.017 0.917 0.063 0.003
2364 2364 (0) 25 : 0.005 0.701 0.277 0.017
2365 2365 (0) 25 : 0.004 0.966 0.022 0.008
2366 2366 (0) 25 : 0.005 0.977 0.009 0.009
2367 2367 (0) 25 : 0.009 0.979 0.007 0.005
2368 2368 (0) 25 : 0.003 0.969 0.023 0.005
2369 2369 (0) 25 : 0.003 0.984 0.010 0.004
2370 2370 (0) 25 : 0.003 0.964 0.028 0.005
2371 2371 (0) 25 : 0.004 0.824 0.164 0.008
2372 2372 (0) 25 : 0.016 0.298 0.677 0.008
2373 2373 (0) 25 : 0.003 0.988 0.007 0.002
2374 2374 (0) 25 : 0.008 0.320 0.652 0.020
2375 2375 (0) 25 : 0.029 0.909 0.043 0.019
2376 2376 (0) 25 : 0.004 0.976 0.011 0.009
2377 2377 (0) 25 : 0.008 0.716 0.265 0.011
2378 2378 (0) 25 : 0.005 0.654 0.337 0.004
2379 2379 (0) 25 : 0.005 0.985 0.006 0.005
2380 2380 (0) 25 : 0.009 0.921 0.066 0.004
2381 2381 (0) 25 : 0.003 0.810 0.181 0.006
2382 2382 (0) 25 : 0.007 0.980 0.008 0.005
2383 2383 (0) 25 : 0.005 0.967 0.012 0.016
2384 2384 (0) 25 : 0.004 0.933 0.050 0.014
2385 2385 (0) 25 : 0.004 0.957 0.022 0.016
2386 2386 (0) 25 : 0.009 0.975 0.012 0.004
2387 2387 (0) 25 : 0.005 0.926 0.057 0.012
2388 2388 (0) 25 : 0.011 0.970 0.009 0.010
2389 2389 (0) 25 : 0.007 0.947 0.041 0.005
2390 2390 (0) 25 : 0.006 0.937 0.053 0.004
2391 2391 (0) 25 : 0.003 0.983 0.009 0.005
2392 2392 (0) 25 : 0.005 0.933 0.057 0.005
2393 2393 (0) 25 : 0.007 0.925 0.058 0.009
2394 2394 (0) 25 : 0.004 0.835 0.153 0.008
2395 2395 (0) 25 : 0.003 0.958 0.036 0.003
2396 2396 (0) 25 : 0.005 0.717 0.273 0.006
2397 2397 (0) 25 : 0.003 0.845 0.121 0.031
2398 2398 (0) 25 : 0.002 0.709 0.195 0.093
2399 2399 (0) 25 : 0.003 0.959 0.026 0.011
2400 2400 (0) 25 : 0.003 0.958 0.032 0.007
2401 2401 (0) 25 : 0.003 0.988 0.007 0.003
2402 2402 (0) 25 : 0.002 0.823 0.163 0.012
2403 2403 (0) 25 : 0.012 0.955 0.028 0.005
2404 2404 (0) 25 : 0.011 0.952 0.019 0.018
2405 2405 (0) 25 : 0.014 0.606 0.369 0.011
2406 2406 (0) 25 : 0.007 0.952 0.031 0.011
2407 2407 (0) 25 : 0.004 0.887 0.100 0.008
2408 2408 (0) 25 : 0.004 0.980 0.012 0.003
2409 2409 (0) 25 : 0.004 0.982 0.007 0.007
2410 2410 (0) 25 : 0.005 0.955 0.031 0.009
2411 2411 (0) 25 : 0.005 0.930 0.054 0.011
2412 2412 (0) 25 : 0.005 0.632 0.357 0.006
2413 2413 (0) 25 : 0.002 0.977 0.013 0.007
2414 2414 (0) 25 : 0.008 0.611 0.306 0.075
2415 2415 (0) 25 : 0.007 0.970 0.020 0.003
2416 2416 (0) 25 : 0.004 0.765 0.041 0.189
2417 2417 (0) 25 : 0.005 0.974 0.012 0.009
2418 2418 (0) 25 : 0.003 0.985 0.009 0.003
2419 2419 (0) 25 : 0.016 0.589 0.391 0.005
2420 2420 (0) 26 : 0.005 0.967 0.021 0.007
2421 2421 (0) 26 : 0.019 0.969 0.006 0.006
2422 2422 (0) 26 : 0.004 0.970 0.015 0.011
2423 2423 (0) 26 : 0.009 0.945 0.041 0.005
2424 2424 (0) 26 : 0.003 0.986 0.006 0.004
2425 2425 (0) 26 : 0.014 0.947 0.033 0.006
2426 2426 (0) 26 : 0.014 0.977 0.005 0.004
2427 2427 (0) 26 : 0.003 0.983 0.007 0.007
2428 2428 (0) 26 : 0.008 0.968 0.018 0.007
2429 2429 (0) 26 : 0.005 0.981 0.005 0.009
2430 2430 (0) 26 : 0.004 0.987 0.005 0.004
2431 2431 (0) 26 : 0.004 0.989 0.004 0.003
2432 2432 (0) 26 : 0.005 0.959 0.033 0.003
2433 2433 (0) 26 : 0.013 0.945 0.036 0.006
2434 2434 (0) 26 : 0.004 0.926 0.065 0.005
2435 2435 (10) 26 : 0.005 0.979 0.011 0.005
2436 2436 (0) 26 : 0.005 0.984 0.007 0.005
2437 2437 (0) 26 : 0.014 0.816 0.114 0.057
2438 2438 (0) 26 : 0.011 0.852 0.128 0.010
2439 2439 (0) 26 : 0.086 0.900 0.007 0.007
2440 2440 (5) 26 : 0.006 0.984 0.007 0.004
2441 2441 (0) 26 : 0.004 0.955 0.030 0.011
2442 2442 (0) 26 : 0.014 0.968 0.014 0.003
2443 2443 (0) 26 : 0.082 0.867 0.025 0.026
2444 2444 (0) 26 : 0.004 0.983 0.006 0.006
2445 2445 (0) 26 : 0.004 0.977 0.014 0.005
2446 2446 (0) 26 : 0.003 0.989 0.004 0.003
2447 2447 (5) 26 : 0.017 0.972 0.008 0.003
2448 2448 (0) 26 : 0.011 0.915 0.067 0.008
2449 2449 (0) 26 : 0.007 0.926 0.060 0.007
2450 2450 (0) 26 : 0.009 0.961 0.025 0.004
2451 2451 (0) 26 : 0.003 0.814 0.173 0.010
2452 2452 (0) 26 : 0.003 0.967 0.024 0.006
2453 2453 (0) 26 : 0.006 0.878 0.101 0.015
2454 2454 (0) 26 : 0.005 0.768 0.220 0.008
2455 2455 (0) 26 : 0.005 0.970 0.021 0.005
2456 2456 (0) 26 : 0.025 0.963 0.009 0.003
2457 2457 (5) 26 : 0.005 0.965 0.018 0.013
2458 2458 (0) 26 : 0.005 0.982 0.010 0.003
2459 2459 (0) 26 : 0.004 0.986 0.007 0.003
2460 2460 (0) 26 : 0.004 0.985 0.008 0.003
2461 2461 (5) 26 : 0.006 0.977 0.009 0.007
2462 2462 (5) 26 : 0.019 0.969 0.006 0.005
2463 2463 (10) 26 : 0.005 0.981 0.008 0.006
2464 2464 (5) 26 : 0.013 0.979 0.005 0.003
2465 2465 (5) 26 : 0.003 0.989 0.004 0.003
2466 2466 (5) 26 : 0.003 0.983 0.008 0.006
2467 2467 (5) 26 : 0.055 0.816 0.124 0.005
2468 2468 (5) 26 : 0.004 0.981 0.009 0.006
2469 2469 (10) 26 : 0.006 0.664 0.325 0.005
2470 2470 (5) 26 : 0.017 0.947 0.025 0.011
2471 2471 (5) 26 : 0.003 0.986 0.008 0.004
2472 2472 (5) 26 : 0.009 0.863 0.118 0.010
2473 2473 (0) 27 : 0.005 0.981 0.008 0.006
2474 2474 (0) 27 : 0.005 0.988 0.004 0.003
2475 2475 (0) 27 : 0.016 0.970 0.008 0.005
2476 2476 (0) 27 : 0.003 0.978 0.014 0.004
2477 2477 (0) 27 : 0.039 0.915 0.008 0.038
2478 2478 (0) 27 : 0.014 0.964 0.018 0.004
2479 2479 (0) 27 : 0.010 0.978 0.007 0.005
2480 2480 (0) 27 : 0.067 0.915 0.009 0.009
2481 2481 (0) 27 : 0.004 0.978 0.008 0.010
2482 2482 (0) 27 : 0.007 0.984 0.006 0.003
2483 2483 (0) 27 : 0.034 0.939 0.020 0.007
2484 2484 (0) 27 : 0.013 0.959 0.011 0.016
2485 2485 (0) 27 : 0.004 0.976 0.015 0.006
2486 2486 (0) 27 : 0.022 0.932 0.023 0.023
2487 2487 (0) 27 : 0.003 0.930 0.060 0.007
2488 2488 (0) 27 : 0.004 0.967 0.025 0.004
2489 2489 (0) 27 : 0.003 0.988 0.006 0.003
2490 2490 (0) 27 : 0.029 0.959 0.008 0.003
2491 2491 (0) 27 : 0.008 0.974 0.013 0.005
2492 2492 (0) 27 : 0.004 0.975 0.017 0.004
2493 2493 (0) 27 : 0.008 0.968 0.020 0.004
2494 2494 (0) 27 : 0.002 0.940 0.055 0.002
2495 2495 (0) 27 : 0.015 0.960 0.009 0.016
2496 2496 (0) 27 : 0.004 0.983 0.009 0.004
2497 2497 (0) 27 : 0.006 0.986 0.004 0.004
2498 2498 (0) 27 : 0.008 0.965 0.018 0.008
2499 2499 (0) 27 : 0.004 0.989 0.003 0.004
2500 2500 (0) 27 : 0.003 0.972 0.021 0.004
2501 2501 (0) 27 : 0.026 0.954 0.015 0.005
2502 2502 (0) 27 : 0.003 0.985 0.008 0.004
2503 2503 (0) 27 : 0.004 0.988 0.005 0.004
2504 2504 (0) 27 : 0.006 0.958 0.031 0.004
2505 2505 (0) 27 : 0.006 0.985 0.006 0.003
2506 2506 (0) 27 : 0.023 0.959 0.012 0.006
2507 2507 (0) 27 : 0.005 0.983 0.008 0.005
2508 2508 (0) 27 : 0.013 0.939 0.042 0.006
2509 2509 (0) 27 : 0.006 0.930 0.047 0.018
2510 2510 (0) 27 : 0.006 0.924 0.047 0.024
2511 2511 (0) 27 : 0.005 0.974 0.015 0.006
2512 2512 (0) 27 : 0.049 0.807 0.131 0.013
2513 2513 (0) 27 : 0.013 0.970 0.011 0.006
2514 2514 (0) 27 : 0.003 0.982 0.012 0.003
2515 2515 (0) 27 : 0.007 0.974 0.016 0.004
2516 2516 (0) 27 : 0.004 0.987 0.005 0.004
2517 2517 (0) 27 : 0.003 0.977 0.014 0.005
2518 2518 (0) 27 : 0.009 0.962 0.026 0.003
2519 2519 (0) 27 : 0.255 0.706 0.035 0.004
2520 2520 (0) 27 : 0.014 0.971 0.012 0.003
2521 2521 (0) 27 : 0.010 0.976 0.010 0.005
2522 2522 (0) 27 : 0.005 0.985 0.005 0.005
2523 2523 (0) 27 : 0.004 0.960 0.031 0.005
2524 2524 (0) 27 : 0.004 0.985 0.007 0.004
2525 2525 (0) 27 : 0.011 0.972 0.012 0.005
2526 2526 (0) 27 : 0.003 0.986 0.008 0.003
2527 2527 (0) 27 : 0.003 0.840 0.152 0.005
2528 2528 (0) 27 : 0.019 0.951 0.022 0.008
2529 2529 (0) 27 : 0.004 0.977 0.015 0.004
2530 2530 (0) 27 : 0.008 0.982 0.006 0.003
2531 2531 (0) 27 : 0.010 0.962 0.021 0.007
2532 2532 (0) 27 : 0.004 0.988 0.004 0.004
2533 2533 (0) 27 : 0.005 0.959 0.029 0.007
2534 2534 (0) 27 : 0.009 0.984 0.004 0.003
2535 2535 (0) 27 : 0.003 0.984 0.010 0.003
2536 2536 (0) 27 : 0.008 0.969 0.013 0.011
2537 2537 (0) 27 : 0.004 0.961 0.031 0.004
2538 2538 (0) 27 : 0.018 0.965 0.011 0.006
2539 2539 (0) 27 : 0.006 0.961 0.014 0.019
2540 2540 (0) 27 : 0.004 0.974 0.014 0.008
2541 2541 (0) 27 : 0.005 0.984 0.008 0.003
2542 2542 (0) 27 : 0.004 0.985 0.006 0.005
2543 2543 (0) 27 : 0.005 0.981 0.010 0.004
2544 2544 (0) 27 : 0.015 0.966 0.013 0.006
2545 2545 (0) 27 : 0.007 0.985 0.005 0.004
2546 2546 (0) 27 : 0.013 0.974 0.005 0.007
2547 2547 (0) 27 : 0.003 0.978 0.013 0.006
2548 2548 (0) 27 : 0.007 0.968 0.019 0.007
2549 2549 (0) 27 : 0.004 0.932 0.043 0.020
2550 2550 (0) 27 : 0.014 0.963 0.018 0.005
2551 2551 (0) 27 : 0.004 0.983 0.007 0.006
2552 2552 (0) 27 : 0.004 0.974 0.014 0.008
2553 2553 (0) 27 : 0.006 0.966 0.021 0.006
2554 2554 (0) 27 : 0.003 0.948 0.043 0.007
2555 2555 (0) 27 : 0.010 0.968 0.015 0.007
2556 2556 (0) 27 : 0.015 0.964 0.017 0.004
2557 2557 (0) 27 : 0.006 0.892 0.087 0.015
2558 2558 (0) 27 : 0.004 0.486 0.505 0.005
2559 2559 (0) 27 : 0.003 0.953 0.038 0.006
2560 2560 (0) 27 : 0.055 0.914 0.028 0.003
2561 2561 (0) 27 : 0.009 0.908 0.079 0.004
2562 2562 (0) 27 : 0.004 0.863 0.129 0.004
2563 2563 (0) 27 : 0.003 0.958 0.033 0.005
2564 2564 (0) 27 : 0.005 0.943 0.048 0.004
2565 2565 (0) 27 : 0.007 0.972 0.017 0.004
2566 2566 (0) 27 : 0.002 0.988 0.006 0.003
2567 2567 (0) 27 : 0.005 0.973 0.017 0.005
2568 2568 (0) 27 : 0.011 0.964 0.020 0.005
2569 2569 (0) 27 : 0.007 0.979 0.008 0.007
2570 2570 (0) 27 : 0.011 0.976 0.009 0.003
2571 2571 (0) 27 : 0.003 0.838 0.144 0.016
2572 2572 (0) 27 : 0.005 0.985 0.006 0.005
2573 2573 (0) 27 : 0.006 0.961 0.021 0.012
2574 2574 (0) 27 : 0.003 0.972 0.019 0.006
2575 2575 (0) 27 : 0.003 0.984 0.008 0.004
2576 2576 (0) 27 : 0.006 0.793 0.188 0.013
2577 2577 (0) 27 : 0.006 0.970 0.012 0.012
2578 2578 (0) 27 : 0.003 0.976 0.017 0.004
2579 2579 (0) 27 : 0.004 0.980 0.009 0.006
2580 2580 (0) 27 : 0.004 0.973 0.019 0.004
2581 2581 (0) 27 : 0.007 0.914 0.074 0.005
2582 2582 (0) 27 : 0.010 0.981 0.006 0.003
2583 2583 (0) 27 : 0.003 0.987 0.006 0.004
2584 2584 (0) 27 : 0.008 0.980 0.007 0.005
2585 2585 (0) 27 : 0.006 0.977 0.011 0.005
2586 2586 (0) 27 : 0.024 0.956 0.012 0.008
2587 2587 (0) 27 : 0.002 0.986 0.006 0.005
2588 2588 (0) 27 : 0.008 0.975 0.012 0.004
2589 2589 (0) 27 : 0.007 0.982 0.007 0.004
2590 2590 (0) 27 : 0.003 0.980 0.013 0.004
2591 2591 (0) 27 : 0.030 0.932 0.032 0.007
2592 2592 (0) 27 : 0.003 0.980 0.013 0.004
2593 2593 (0) 27 : 0.005 0.984 0.008 0.003
2594 2594 (0) 27 : 0.006 0.978 0.012 0.004
2595 2595 (0) 27 : 0.003 0.941 0.041 0.015
2596 2596 (0) 27 : 0.015 0.960 0.015 0.009
2597 2597 (0) 27 : 0.004 0.951 0.025 0.020
2598 2598 (5) 28 : 0.003 0.007 0.008 0.982
2599 2599 (0) 28 : 0.004 0.009 0.023 0.964
2600 2600 (0) 28 : 0.005 0.007 0.008 0.981
2601 2601 (0) 28 : 0.004 0.006 0.013 0.977
2602 2602 (0) 28 : 0.002 0.003 0.007 0.988
2603 2603 (0) 28 : 0.006 0.006 0.018 0.971
2604 2604 (0) 28 : 0.003 0.005 0.008 0.984
2605 2605 (0) 28 : 0.003 0.003 0.007 0.987
2606 2606 (0) 28 : 0.008 0.006 0.005 0.982
2607 2607 (0) 28 : 0.002 0.004 0.008 0.986
2608 2608 (0) 28 : 0.002 0.003 0.004 0.990
2609 2609 (0) 28 : 0.003 0.004 0.005 0.988
2610 2610 (0) 28 : 0.003 0.004 0.005 0.988
2611 2611 (5) 28 : 0.002 0.003 0.004 0.990
2612 2612 (0) 28 : 0.003 0.009 0.008 0.980
2613 2613 (0) 28 : 0.003 0.005 0.005 0.988
2614 2614 (0) 28 : 0.010 0.004 0.010 0.977
2615 2615 (0) 28 : 0.002 0.005 0.005 0.988
2616 2616 (0) 28 : 0.002 0.003 0.003 0.992
2617 2617 (0) 28 : 0.003 0.005 0.005 0.987
2618 2618 (0) 28 : 0.002 0.004 0.003 0.990
2619 2619 (0) 28 : 0.003 0.004 0.005 0.988
2620 2620 (0) 28 : 0.002 0.003 0.004 0.991
2621 2621 (0) 28 : 0.002 0.003 0.003 0.992
2622 2622 (0) 28 : 0.002 0.002 0.003 0.993
2623 2623 (0) 28 : 0.003 0.002 0.004 0.991
2624 2624 (0) 28 : 0.003 0.005 0.006 0.986
2625 2625 (0) 28 : 0.002 0.003 0.004 0.991
2626 2626 (0) 29 : 0.003 0.004 0.004 0.989
2627 2627 (0) 29 : 0.008 0.005 0.013 0.973
2628 2628 (0) 29 : 0.003 0.004 0.005 0.988
2629 2629 (0) 29 : 0.005 0.006 0.009 0.980
2630 2630 (0) 29 : 0.002 0.004 0.004 0.989
2631 2631 (0) 29 : 0.003 0.005 0.006 0.987
2632 2632 (0) 29 : 0.002 0.002 0.005 0.991
2633 2633 (0) 29 : 0.002 0.002 0.003 0.993
2634 2634 (0) 29 : 0.003 0.004 0.004 0.990
2635 2635 (0) 29 : 0.002 0.008 0.007 0.982
2636 2636 (0) 29 : 0.003 0.003 0.004 0.991
2637 2637 (0) 29 : 0.003 0.004 0.006 0.987
2638 2638 (0) 29 : 0.003 0.004 0.007 0.986
2639 2639 (0) 29 : 0.002 0.005 0.008 0.984
2640 2640 (0) 29 : 0.003 0.003 0.004 0.990
2641 2641 (0) 29 : 0.003 0.005 0.007 0.985
2642 2642 (0) 29 : 0.002 0.003 0.003 0.992
2643 2643 (0) 29 : 0.003 0.004 0.011 0.982
2644 2644 (0) 29 : 0.005 0.004 0.006 0.985
2645 2645 (0) 29 : 0.002 0.003 0.004 0.990
2646 2646 (0) 29 : 0.002 0.002 0.004 0.992
2647 2647 (0) 29 : 0.004 0.003 0.007 0.985
2648 2648 (0) 29 : 0.003 0.004 0.006 0.987
2649 2649 (0) 29 : 0.002 0.003 0.005 0.990
2650 2650 (0) 29 : 0.002 0.005 0.004 0.989
2651 2651 (0) 29 : 0.003 0.004 0.004 0.989
2652 2652 (0) 29 : 0.007 0.004 0.004 0.985
2653 2653 (0) 29 : 0.002 0.005 0.010 0.983
2654 2654 (0) 29 : 0.003 0.005 0.009 0.984
2655 2655 (0) 29 : 0.002 0.003 0.006 0.989
2656 2656 (0) 29 : 0.002 0.004 0.005 0.989
2657 2657 (0) 29 : 0.003 0.004 0.007 0.986
2658 2658 (0) 29 : 0.003 0.005 0.004 0.989
2659 2659 (0) 29 : 0.003 0.003 0.006 0.988
2660 2660 (0) 29 : 0.002 0.005 0.005 0.988
2661 2661 (0) 29 : 0.003 0.006 0.009 0.982
2662 2662 (0) 29 : 0.002 0.003 0.005 0.990
2663 2663 (0) 29 : 0.002 0.005 0.006 0.987
2664 2664 (0) 29 : 0.002 0.004 0.006 0.989
2665 2665 (0) 29 : 0.003 0.005 0.003 0.989
2666 2666 (0) 29 : 0.003 0.003 0.007 0.988
2667 2667 (0) 29 : 0.003 0.005 0.010 0.982
2668 2668 (0) 29 : 0.003 0.004 0.007 0.986
2669 2669 (0) 29 : 0.003 0.006 0.016 0.975
2670 2670 (0) 29 : 0.003 0.005 0.006 0.986
2671 2671 (0) 29 : 0.002 0.004 0.004 0.990
2672 2672 (0) 29 : 0.003 0.004 0.005 0.988
2673 2673 (0) 29 : 0.004 0.003 0.004 0.989
2674 2674 (0) 29 : 0.005 0.004 0.006 0.985
2675 2675 (0) 29 : 0.006 0.004 0.005 0.986
2676 2676 (0) 29 : 0.002 0.004 0.006 0.988
2677 2677 (0) 29 : 0.003 0.012 0.005 0.981
2678 2678 (0) 29 : 0.002 0.004 0.004 0.990
2679 2679 (0) 29 : 0.003 0.004 0.009 0.985
2680 2680 (0) 29 : 0.002 0.003 0.004 0.991
2681 2681 (0) 29 : 0.002 0.005 0.004 0.989
2682 2682 (0) 29 : 0.002 0.003 0.004 0.991
2683 2683 (0) 29 : 0.004 0.006 0.005 0.985
2684 2684 (0) 29 : 0.002 0.002 0.005 0.991
2685 2685 (0) 29 : 0.002 0.005 0.007 0.987
2686 2686 (0) 29 : 0.002 0.007 0.021 0.971
2687 2687 (0) 29 : 0.008 0.006 0.013 0.973
2688 2688 (0) 29 : 0.002 0.006 0.007 0.985
2689 2689 (0) 29 : 0.002 0.003 0.004 0.991
2690 2690 (0) 29 : 0.003 0.004 0.004 0.988
2691 2691 (0) 29 : 0.003 0.004 0.007 0.986
2692 2692 (0) 29 : 0.003 0.003 0.006 0.988
2693 2693 (0) 29 : 0.002 0.005 0.012 0.981
2694 2694 (0) 29 : 0.018 0.005 0.029 0.947
2695 2695 (0) 29 : 0.003 0.004 0.006 0.987
2696 2696 (0) 29 : 0.003 0.003 0.006 0.988
2697 2697 (0) 29 : 0.009 0.004 0.007 0.980
2698 2698 (0) 29 : 0.002 0.004 0.005 0.989
2699 2699 (0) 29 : 0.003 0.005 0.009 0.983
2700 2700 (0) 29 : 0.003 0.008 0.016 0.972
2701 2701 (0) 29 : 0.003 0.006 0.005 0.986
2702 2702 (0) 29 : 0.002 0.007 0.014 0.976
2703 2703 (0) 29 : 0.003 0.003 0.004 0.991
2704 2704 (0) 29 : 0.002 0.003 0.005 0.991
2705 2705 (0) 29 : 0.002 0.005 0.007 0.986
2706 2706 (0) 29 : 0.004 0.004 0.030 0.963
2707 2707 (0) 29 : 0.004 0.004 0.009 0.984
2708 2708 (0) 29 : 0.003 0.004 0.005 0.988
2709 2709 (0) 29 : 0.002 0.004 0.011 0.983
2710 2710 (0) 29 : 0.002 0.005 0.006 0.988
2711 2711 (0) 29 : 0.003 0.006 0.005 0.986
2712 2712 (0) 29 : 0.003 0.004 0.006 0.987
2713 2713 (0) 29 : 0.002 0.003 0.008 0.987
2714 2714 (0) 29 : 0.002 0.004 0.007 0.986
2715 2715 (0) 29 : 0.002 0.003 0.004 0.991
2716 2716 (0) 29 : 0.003 0.004 0.006 0.988
2717 2717 (0) 29 : 0.003 0.003 0.005 0.989
2718 2718 (0) 29 : 0.003 0.005 0.005 0.987
2719 2719 (0) 29 : 0.002 0.003 0.003 0.992
2720 2720 (0) 29 : 0.004 0.005 0.005 0.987
2721 2721 (0) 29 : 0.004 0.004 0.006 0.986
2722 2722 (0) 29 : 0.002 0.004 0.004 0.990
2723 2723 (0) 29 : 0.002 0.004 0.004 0.990
2724 2724 (0) 29 : 0.002 0.004 0.005 0.989
2725 2725 (0) 29 : 0.003 0.005 0.006 0.987
2726 2726 (0) 29 : 0.003 0.005 0.006 0.986
2727 2727 (0) 29 : 0.003 0.004 0.008 0.985
2728 2728 (0) 29 : 0.002 0.003 0.004 0.991
2729 2729 (0) 29 : 0.004 0.004 0.005 0.988
2730 2730 (0) 29 : 0.003 0.004 0.005 0.988
2731 2731 (0) 29 : 0.002 0.005 0.004 0.988
2732 2732 (0) 29 : 0.002 0.002 0.003 0.992
2733 2733 (0) 29 : 0.002 0.006 0.005 0.986
2734 2734 (0) 29 : 0.002 0.003 0.006 0.988
2735 2735 (0) 29 : 0.003 0.003 0.005 0.989
2736 2736 (0) 29 : 0.002 0.004 0.008 0.985
2737 2737 (0) 29 : 0.002 0.003 0.003 0.992
2738 2738 (0) 29 : 0.002 0.004 0.004 0.991
2739 2739 (0) 29 : 0.002 0.006 0.005 0.987
2740 2740 (0) 29 : 0.003 0.003 0.004 0.991
2741 2741 (0) 29 : 0.003 0.004 0.005 0.988
2742 2742 (0) 29 : 0.005 0.011 0.014 0.970
2743 2743 (0) 29 : 0.002 0.007 0.006 0.985
2744 2744 (0) 29 : 0.002 0.005 0.004 0.989
2745 2745 (0) 29 : 0.002 0.004 0.005 0.989
2746 2746 (0) 29 : 0.003 0.003 0.003 0.990
2747 2747 (0) 29 : 0.003 0.003 0.004 0.990
2748 2748 (0) 29 : 0.003 0.004 0.004 0.989
2749 2749 (0) 29 : 0.002 0.003 0.005 0.990
2750 2750 (0) 29 : 0.003 0.006 0.017 0.974
2751 2751 (0) 29 : 0.002 0.003 0.005 0.990
2752 2752 (0) 29 : 0.004 0.004 0.009 0.983
2753 2753 (0) 29 : 0.004 0.004 0.005 0.987
2754 2754 (0) 29 : 0.004 0.004 0.010 0.982
2755 2755 (0) 29 : 0.009 0.004 0.006 0.982
2756 2756 (0) 29 : 0.003 0.008 0.006 0.983
2757 2757 (0) 29 : 0.002 0.003 0.004 0.991
2758 2758 (0) 29 : 0.002 0.003 0.008 0.987
2759 2759 (0) 29 : 0.002 0.006 0.004 0.988
2760 2760 (0) 29 : 0.003 0.006 0.005 0.987
2761 2761 (0) 29 : 0.003 0.005 0.007 0.985
2762 2762 (0) 29 : 0.002 0.003 0.004 0.991
2763 2763 (0) 29 : 0.002 0.005 0.003 0.990
2764 2764 (0) 29 : 0.002 0.005 0.008 0.985
2765 2765 (0) 29 : 0.002 0.003 0.004 0.991
2766 2766 (0) 29 : 0.005 0.005 0.006 0.985
2767 2767 (0) 29 : 0.003 0.004 0.004 0.989
2768 2768 (0) 29 : 0.005 0.006 0.004 0.985
2769 2769 (0) 29 : 0.003 0.004 0.010 0.984
2770 2770 (0) 29 : 0.002 0.002 0.004 0.992
2771 2771 (0) 29 : 0.003 0.004 0.004 0.989
2772 2772 (0) 29 : 0.002 0.004 0.005 0.988
2773 2773 (0) 29 : 0.002 0.004 0.004 0.990
2774 2774 (0) 29 : 0.003 0.006 0.005 0.986
2775 2775 (0) 29 : 0.002 0.003 0.004 0.990
2776 2776 (0) 29 : 0.002 0.003 0.004 0.991
2777 2777 (0) 29 : 0.002 0.003 0.004 0.990
2778 2778 (0) 29 : 0.004 0.004 0.004 0.988
2779 2779 (0) 29 : 0.003 0.003 0.004 0.989
2780 2780 (0) 29 : 0.008 0.006 0.005 0.981
2781 2781 (0) 29 : 0.002 0.006 0.005 0.986
2782 2782 (0) 29 : 0.003 0.003 0.004 0.989
2783 2783 (0) 29 : 0.005 0.007 0.009 0.979
2784 2784 (0) 29 : 0.002 0.005 0.004 0.988
2785 2785 (0) 29 : 0.002 0.004 0.003 0.991
2786 2786 (0) 29 : 0.002 0.004 0.005 0.989
2787 2787 (0) 29 : 0.002 0.004 0.006 0.987
2788 2788 (0) 29 : 0.008 0.011 0.004 0.978
2789 2789 (0) 29 : 0.005 0.006 0.004 0.985
2790 2790 (0) 29 : 0.003 0.006 0.004 0.987
2791 2791 (0) 29 : 0.002 0.004 0.004 0.990
2792 2792 (0) 29 : 0.005 0.009 0.014 0.972
2793 2793 (0) 29 : 0.002 0.003 0.003 0.992
2794 2794 (0) 29 : 0.002 0.003 0.005 0.990
2795 2795 (0) 29 : 0.004 0.003 0.007 0.985
2796 2796 (0) 29 : 0.002 0.004 0.003 0.991
2797 2797 (0) 29 : 0.002 0.003 0.004 0.990
2798 2798 (0) 29 : 0.003 0.004 0.005 0.988
2799 2799 (0) 29 : 0.002 0.003 0.005 0.990
2800 2800 (0) 29 : 0.002 0.003 0.005 0.989
2801 2801 (0) 29 : 0.003 0.003 0.003 0.990
2802 2802 (0) 29 : 0.003 0.004 0.006 0.988
2803 2803 (0) 29 : 0.003 0.006 0.005 0.986
2804 2804 (0) 29 : 0.003 0.008 0.004 0.985
2805 2805 (0) 29 : 0.005 0.004 0.009 0.983
2806 2806 (0) 29 : 0.009 0.007 0.009 0.975
2807 2807 (0) 29 : 0.004 0.004 0.006 0.985
2808 2808 (0) 29 : 0.003 0.005 0.007 0.986
2809 2809 (0) 29 : 0.003 0.005 0.005 0.987
2810 2810 (0) 29 : 0.004 0.002 0.006 0.988
2811 2811 (0) 29 : 0.003 0.004 0.004 0.989
2812 2812 (0) 29 : 0.002 0.003 0.005 0.990
2813 2813 (0) 29 : 0.003 0.003 0.004 0.990
2814 2814 (0) 29 : 0.003 0.008 0.007 0.982
2815 2815 (0) 29 : 0.002 0.004 0.006 0.988
2816 2816 (0) 29 : 0.002 0.003 0.003 0.992
2817 2817 (0) 29 : 0.007 0.004 0.018 0.971
2818 2818 (0) 29 : 0.002 0.005 0.005 0.988
2819 2819 (0) 29 : 0.003 0.003 0.003 0.991
2820 2820 (0) 29 : 0.002 0.003 0.004 0.991
2821 2821 (0) 29 : 0.003 0.004 0.005 0.988
2822 2822 (0) 29 : 0.004 0.004 0.009 0.984
2823 2823 (0) 29 : 0.002 0.003 0.004 0.991
2824 2824 (0) 29 : 0.007 0.004 0.004 0.985
2825 2825 (0) 29 : 0.003 0.003 0.003 0.991
2826 2826 (0) 29 : 0.002 0.004 0.005 0.989
2827 2827 (0) 29 : 0.003 0.004 0.005 0.988
2828 2828 (0) 29 : 0.005 0.004 0.005 0.985
2829 2829 (0) 29 : 0.003 0.004 0.007 0.986
2830 2830 (0) 29 : 0.003 0.005 0.006 0.987
2831 2831 (0) 29 : 0.007 0.005 0.006 0.982
2832 2832 (0) 29 : 0.002 0.004 0.005 0.990
2833 2833 (0) 29 : 0.003 0.005 0.004 0.988
2834 2834 (0) 29 : 0.003 0.006 0.008 0.983
2835 2835 (0) 29 : 0.004 0.004 0.011 0.981
2836 2836 (0) 29 : 0.002 0.004 0.004 0.990
2837 2837 (0) 29 : 0.002 0.003 0.004 0.991
2838 2838 (0) 29 : 0.003 0.008 0.018 0.971
2839 2839 (0) 29 : 0.002 0.003 0.006 0.989
2840 2840 (0) 29 : 0.002 0.003 0.004 0.990
2841 2841 (0) 29 : 0.002 0.004 0.006 0.988
2842 2842 (0) 29 : 0.003 0.003 0.005 0.989
2843 2843 (0) 29 : 0.005 0.003 0.006 0.986
2844 2844 (0) 29 : 0.002 0.003 0.005 0.990
2845 2845 (0) 29 : 0.002 0.005 0.006 0.987
2846 2846 (0) 29 : 0.003 0.004 0.005 0.988
2847 2847 (0) 29 : 0.004 0.003 0.004 0.989
2848 2848 (0) 29 : 0.003 0.003 0.007 0.987
2849 2849 (0) 29 : 0.002 0.005 0.008 0.985
2850 2850 (0) 29 : 0.003 0.004 0.008 0.985
2851 2851 (0) 29 : 0.003 0.003 0.003 0.990
2852 2852 (0) 29 : 0.002 0.005 0.004 0.989
2853 2853 (0) 29 : 0.003 0.003 0.005 0.990
2854 2854 (0) 29 : 0.002 0.004 0.007 0.988
2855 2855 (0) 29 : 0.004 0.005 0.005 0.987
2856 2856 (0) 29 : 0.002 0.003 0.005 0.989
2857 2857 (0) 29 : 0.003 0.005 0.006 0.986
2858 2858 (0) 29 : 0.002 0.003 0.005 0.990
2859 2859 (0) 29 : 0.003 0.003 0.003 0.990
2860 2860 (0) 29 : 0.003 0.007 0.010 0.979
2861 2861 (0) 29 : 0.003 0.004 0.005 0.988
2862 2862 (0) 29 : 0.002 0.003 0.006 0.989
2863 2863 (0) 29 : 0.003 0.003 0.004 0.990
2864 2864 (0) 29 : 0.002 0.004 0.007 0.986
2865 2865 (0) 29 : 0.003 0.005 0.006 0.986
2866 2866 (0) 29 : 0.007 0.004 0.014 0.975
2867 2867 (0) 29 : 0.003 0.004 0.004 0.988
2868 2868 (0) 29 : 0.004 0.004 0.014 0.978
2869 2869 (0) 29 : 0.003 0.006 0.007 0.984
2870 2870 (0) 29 : 0.004 0.005 0.004 0.987
2871 2871 (0) 29 : 0.004 0.005 0.013 0.978
2872 2872 (0) 29 : 0.003 0.003 0.005 0.989
2873 2873 (0) 29 : 0.003 0.003 0.005 0.989
2874 2874 (0) 29 : 0.002 0.004 0.006 0.988
2875 2875 (0) 29 : 0.002 0.003 0.005 0.990
2876 2876 (0) 29 : 0.003 0.006 0.005 0.986
2877 2877 (0) 29 : 0.004 0.003 0.005 0.987
2878 2878 (0) 29 : 0.002 0.003 0.009 0.985
2879 2879 (0) 29 : 0.003 0.006 0.008 0.984
2880 2880 (0) 29 : 0.002 0.003 0.004 0.991
2881 2881 (0) 29 : 0.018 0.016 0.017 0.949
2882 2882 (0) 29 : 0.004 0.003 0.006 0.986
2883 2883 (0) 29 : 0.004 0.004 0.006 0.985
2884 2884 (0) 29 : 0.002 0.003 0.009 0.986
2885 2885 (0) 29 : 0.004 0.005 0.010 0.981
2886 2886 (0) 29 : 0.003 0.010 0.013 0.975
2887 2887 (0) 29 : 0.004 0.007 0.006 0.982
2888 2888 (0) 29 : 0.002 0.003 0.005 0.990
2889 2889 (0) 29 : 0.002 0.004 0.004 0.990
2890 2890 (0) 29 : 0.004 0.003 0.006 0.987
2891 2891 (0) 29 : 0.002 0.004 0.004 0.990
2892 2892 (0) 29 : 0.003 0.003 0.007 0.987
2893 2893 (0) 29 : 0.002 0.003 0.004 0.991
2894 2894 (0) 29 : 0.006 0.018 0.012 0.964
2895 2895 (0) 29 : 0.004 0.003 0.005 0.988
2896 2896 (0) 29 : 0.002 0.004 0.007 0.987
2897 2897 (0) 29 : 0.003 0.004 0.006 0.987
2898 2898 (0) 29 : 0.002 0.003 0.005 0.990
2899 2899 (0) 29 : 0.002 0.003 0.006 0.989
2900 2900 (0) 29 : 0.002 0.004 0.006 0.987
2901 2901 (0) 29 : 0.005 0.009 0.006 0.981
2902 2902 (0) 29 : 0.002 0.003 0.004 0.990
2903 2903 (0) 29 : 0.002 0.002 0.004 0.991
2904 2904 (0) 29 : 0.003 0.003 0.004 0.991
2905 2905 (0) 29 : 0.005 0.005 0.004 0.986
2906 2906 (0) 29 : 0.002 0.004 0.007 0.987
2907 2907 (0) 29 : 0.003 0.005 0.008 0.984
2908 2908 (0) 29 : 0.003 0.004 0.005 0.988
2909 2909 (0) 29 : 0.003 0.004 0.006 0.988
2910 2910 (0) 29 : 0.003 0.005 0.007 0.985
2911 2911 (0) 29 : 0.004 0.009 0.005 0.982
2912 2912 (0) 29 : 0.004 0.009 0.004 0.983
2913 2913 (0) 29 : 0.003 0.006 0.018 0.974
2914 2914 (0) 29 : 0.003 0.007 0.010 0.981
2915 2915 (0) 29 : 0.002 0.003 0.004 0.991
2916 2916 (0) 29 : 0.002 0.003 0.004 0.991
2917 2917 (0) 29 : 0.002 0.003 0.003 0.991
2918 2918 (0) 29 : 0.008 0.004 0.004 0.984
2919 2919 (0) 29 : 0.005 0.004 0.003 0.988
2920 2920 (0) 29 : 0.002 0.006 0.005 0.986
2921 2921 (0) 29 : 0.003 0.004 0.005 0.988
2922 2922 (0) 29 : 0.002 0.004 0.005 0.989
2923 2923 (0) 29 : 0.007 0.005 0.007 0.981
2924 2924 (0) 29 : 0.009 0.004 0.004 0.983
2925 2925 (0) 29 : 0.003 0.004 0.010 0.984
2926 2926 (5) 30 : 0.993 0.003 0.002 0.003
2927 2927 (0) 30 : 0.992 0.003 0.002 0.003
2928 2928 (0) 30 : 0.986 0.006 0.005 0.003
2929 2929 (0) 30 : 0.993 0.003 0.002 0.002
2930 2930 (5) 30 : 0.979 0.013 0.004 0.003
2931 2931 (0) 30 : 0.993 0.002 0.002 0.002
2932 2932 (0) 30 : 0.992 0.002 0.003 0.003
2933 2933 (0) 30 : 0.991 0.004 0.003 0.002
2934 2934 (0) 30 : 0.991 0.003 0.003 0.003
2935 2935 (0) 30 : 0.992 0.003 0.002 0.003
2936 2936 (0) 30 : 0.993 0.003 0.002 0.002
2937 2937 (0) 30 : 0.992 0.003 0.002 0.002
2938 2938 (5) 30 : 0.988 0.005 0.005 0.003
2939 2939 (0) 30 : 0.993 0.002 0.002 0.002
2940 2940 (0) 30 : 0.992 0.003 0.003 0.002
2941 2941 (0) 30 : 0.994 0.002 0.002 0.002
2942 2942 (0) 30 : 0.987 0.006 0.005 0.002
2943 2943 (0) 30 : 0.991 0.004 0.002 0.003
2944 2944 (0) 30 : 0.986 0.004 0.005 0.005
2945 2945 (0) 30 : 0.964 0.022 0.009 0.005
2946 2946 (0) 30 : 0.992 0.003 0.002 0.002
2947 2947 (0) 30 : 0.992 0.003 0.003 0.002
2948 2948 (0) 30 : 0.975 0.010 0.009 0.006
2949 2949 (0) 30 : 0.985 0.006 0.004 0.005
2950 2950 (0) 30 : 0.993 0.002 0.002 0.002
2951 2951 (0) 30 : 0.980 0.009 0.005 0.006
2952 2952 (0) 30 : 0.992 0.003 0.002 0.002
2953 2953 (0) 31 : 0.992 0.003 0.003 0.002
2954 2954 (0) 31 : 0.991 0.003 0.003 0.003
2955 2955 (0) 31 : 0.990 0.004 0.003 0.003
2956 2956 (0) 31 : 0.991 0.004 0.003 0.003
2957 2957 (0) 31 : 0.983 0.005 0.004 0.007
2958 2958 (0) 31 : 0.990 0.003 0.003 0.003
2959 2959 (0) 31 : 0.992 0.003 0.003 0.003
2960 2960 (0) 31 : 0.993 0.002 0.002 0.002
2961 2961 (0) 31 : 0.994 0.002 0.002 0.002
2962 2962 (0) 31 : 0.987 0.004 0.005 0.004
2963 2963 (0) 31 : 0.993 0.003 0.002 0.002
2964 2964 (0) 31 : 0.989 0.004 0.003 0.004
2965 2965 (0) 31 : 0.986 0.007 0.003 0.003
2966 2966 (0) 31 : 0.992 0.003 0.003 0.002
2967 2967 (0) 31 : 0.993 0.003 0.002 0.003
2968 2968 (0) 31 : 0.991 0.004 0.003 0.002
2969 2969 (0) 31 : 0.992 0.002 0.003 0.002
2970 2970 (0) 31 : 0.993 0.003 0.002 0.002
2971 2971 (0) 31 : 0.992 0.003 0.002 0.003
2972 2972 (0) 31 : 0.992 0.003 0.002 0.002
2973 2973 (0) 31 : 0.991 0.004 0.003 0.002
2974 2974 (0) 31 : 0.992 0.003 0.003 0.002
2975 2975 (0) 31 : 0.992 0.003 0.002 0.002
2976 2976 (0) 31 : 0.993 0.002 0.003 0.002
2977 2977 (0) 31 : 0.990 0.003 0.003 0.004
2978 2978 (0) 31 : 0.984 0.008 0.006 0.003
2979 2979 (0) 31 : 0.991 0.004 0.002 0.002
2980 2980 (0) 31 : 0.989 0.004 0.004 0.003
2981 2981 (0) 31 : 0.991 0.003 0.003 0.003
2982 2982 (0) 31 : 0.985 0.006 0.002 0.007
2983 2983 (0) 31 : 0.985 0.004 0.004 0.007
2984 2984 (0) 31 : 0.990 0.004 0.003 0.002
2985 2985 (0) 31 : 0.979 0.007 0.008 0.006
2986 2986 (0) 31 : 0.991 0.004 0.003 0.002
2987 2987 (0) 31 : 0.984 0.008 0.005 0.003
2988 2988 (0) 31 : 0.988 0.004 0.004 0.004
2989 2989 (0) 31 : 0.972 0.010 0.006 0.011
2990 2990 (0) 31 : 0.989 0.004 0.003 0.003
2991 2991 (0) 31 : 0.986 0.006 0.004 0.004
2992 2992 (0) 31 : 0.991 0.004 0.003 0.003
2993 2993 (0) 31 : 0.992 0.003 0.002 0.002
2994 2994 (0) 31 : 0.990 0.003 0.004 0.003
2995 2995 (0) 31 : 0.992 0.003 0.003 0.003
2996 2996 (0) 31 : 0.988 0.006 0.003 0.003
2997 2997 (0) 31 : 0.993 0.003 0.002 0.002
2998 2998 (0) 31 : 0.991 0.003 0.003 0.002
2999 2999 (0) 31 : 0.992 0.004 0.002 0.002
3000 3000 (0) 31 : 0.991 0.004 0.003 0.002
3001 3001 (0) 31 : 0.991 0.004 0.003 0.003
3002 3002 (0) 31 : 0.991 0.004 0.003 0.002
3003 3003 (0) 31 : 0.993 0.003 0.002 0.002
3004 3004 (0) 31 : 0.990 0.004 0.003 0.003
3005 3005 (0) 31 : 0.989 0.004 0.004 0.002
3006 3006 (0) 31 : 0.993 0.003 0.003 0.002
3007 3007 (0) 31 : 0.991 0.004 0.003 0.003
3008 3008 (0) 31 : 0.990 0.004 0.003 0.003
3009 3009 (0) 31 : 0.993 0.003 0.002 0.002
3010 3010 (0) 31 : 0.987 0.006 0.003 0.005
3011 3011 (0) 31 : 0.988 0.004 0.004 0.004
3012 3012 (0) 31 : 0.992 0.003 0.002 0.003
3013 3013 (0) 31 : 0.992 0.004 0.002 0.002
3014 3014 (0) 31 : 0.991 0.004 0.003 0.002
3015 3015 (0) 31 : 0.989 0.005 0.003 0.003
3016 3016 (0) 31 : 0.990 0.004 0.003 0.003
3017 3017 (0) 31 : 0.987 0.006 0.004 0.003
3018 3018 (0) 31 : 0.993 0.003 0.002 0.002
3019 3019 (0) 31 : 0.994 0.002 0.002 0.002
3020 3020 (0) 31 : 0.990 0.004 0.003 0.003
3021 3021 (0) 31 : 0.989 0.003 0.003 0.004
3022 3022 (0) 31 : 0.986 0.005 0.006 0.003
3023 3023 (0) 31 : 0.992 0.002 0.002 0.003
3024 3024 (0) 31 : 0.980 0.011 0.004 0.004
3025 3025 (0) 31 : 0.987 0.005 0.005 0.004
3026 3026 (0) 31 : 0.994 0.002 0.002 0.002
3027 3027 (0) 31 : 0.990 0.004 0.003 0.003
3028 3028 (0) 31 : 0.989 0.004 0.003 0.004
3029 3029 (0) 31 : 0.992 0.003 0.002 0.003
3030 3030 (0) 31 : 0.993 0.003 0.002 0.002
3031 3031 (0) 31 : 0.993 0.003 0.002 0.002
3032 3032 (0) 31 : 0.987 0.005 0.004 0.005
3033 3033 (0) 31 : 0.987 0.004 0.003 0.006
3034 3034 (0) 31 : 0.992 0.003 0.002 0.002
3035 3035 (0) 31 : 0.981 0.010 0.005 0.003
3036 3036 (0) 31 : 0.982 0.007 0.007 0.004
3037 3037 (0) 31 : 0.976 0.011 0.005 0.007
3038 3038 (0) 31 : 0.990 0.004 0.003 0.003
3039 3039 (0) 31 : 0.993 0.003 0.002 0.002
3040 3040 (0) 31 : 0.992 0.003 0.002 0.002
3041 3041 (0) 31 : 0.990 0.003 0.003 0.005
3042 3042 (0) 31 : 0.990 0.004 0.003 0.003
3043 3043 (0) 31 : 0.993 0.003 0.002 0.002
3044 3044 (0) 31 : 0.990 0.003 0.003 0.004
3045 3045 (0) 31 : 0.987 0.006 0.003 0.004
3046 3046 (0) 31 : 0.988 0.005 0.003 0.003
3047 3047 (0) 31 : 0.992 0.003 0.002 0.003
3048 3048 (0) 31 : 0.990 0.004 0.003 0.003
3049 3049 (0) 31 : 0.992 0.003 0.002 0.002
3050 3050 (0) 31 : 0.992 0.003 0.002 0.002
3051 3051 (0) 31 : 0.991 0.004 0.004 0.002
3052 3052 (0) 31 : 0.988 0.004 0.004 0.004
3053 3053 (0) 31 : 0.990 0.004 0.003 0.004
3054 3054 (0) 31 : 0.988 0.004 0.005 0.003
3055 3055 (0) 31 : 0.992 0.003 0.003 0.002
3056 3056 (0) 31 : 0.994 0.002 0.002 0.002
3057 3057 (0) 31 : 0.990 0.003 0.004 0.003
3058 3058 (0) 31 : 0.991 0.004 0.003 0.003
3059 3059 (0) 31 : 0.987 0.006 0.004 0.003
3060 3060 (0) 31 : 0.992 0.003 0.003 0.002
3061 3061 (0) 31 : 0.987 0.005 0.006 0.002
3062 3062 (0) 31 : 0.984 0.009 0.003 0.004
3063 3063 (0) 31 : 0.992 0.003 0.002 0.002
3064 3064 (0) 31 : 0.988 0.005 0.004 0.004
3065 3065 (0) 31 : 0.991 0.004 0.003 0.002
3066 3066 (0) 31 : 0.990 0.004 0.003 0.003
3067 3067 (0) 31 : 0.987 0.005 0.004 0.004
3068 3068 (0) 31 : 0.991 0.003 0.003 0.002
3069 3069 (0) 31 : 0.986 0.007 0.004 0.003
3070 3070 (0) 31 : 0.990 0.004 0.002 0.003
3071 3071 (0) 31 : 0.991 0.003 0.002 0.003
3072 3072 (0) 31 : 0.989 0.005 0.003 0.003
3073 3073 (0) 31 : 0.989 0.004 0.004 0.003
3074 3074 (0) 31 : 0.989 0.005 0.003 0.003
3075 3075 (0) 31 : 0.983 0.006 0.007 0.003
3076 3076 (0) 31 : 0.994 0.002 0.002 0.002
3077 3077 (0) 31 : 0.985 0.005 0.004 0.006
3078 3078 (0) 31 : 0.992 0.003 0.002 0.003
3079 3079 (0) 31 : 0.992 0.003 0.003 0.002
3080 3080 (0) 31 : 0.988 0.006 0.003 0.003
3081 3081 (0) 31 : 0.988 0.006 0.004 0.003
3082 3082 (0) 31 : 0.992 0.003 0.002 0.003
3083 3083 (0) 31 : 0.989 0.004 0.004 0.003
3084 3084 (0) 31 : 0.989 0.004 0.004 0.003
3085 3085 (0) 31 : 0.993 0.002 0.002 0.002
3086 3086 (0) 31 : 0.988 0.003 0.004 0.005
3087 3087 (0) 31 : 0.990 0.005 0.003 0.002
3088 3088 (0) 31 : 0.993 0.003 0.002 0.002
3089 3089 (0) 31 : 0.992 0.003 0.002 0.003
3090 3090 (0) 31 : 0.988 0.004 0.004 0.004
3091 3091 (0) 31 : 0.993 0.002 0.002 0.002
3092 3092 (0) 31 : 0.989 0.004 0.003 0.004
3093 3093 (0) 31 : 0.993 0.003 0.002 0.002
3094 3094 (0) 31 : 0.990 0.004 0.003 0.003
3095 3095 (0) 31 : 0.990 0.004 0.003 0.003
3096 3096 (0) 31 : 0.992 0.004 0.003 0.002
3097 3097 (0) 31 : 0.991 0.003 0.003 0.003
3098 3098 (0) 31 : 0.992 0.003 0.002 0.002
3099 3099 (0) 31 : 0.993 0.002 0.002 0.002
3100 3100 (0) 31 : 0.991 0.004 0.003 0.002
3101 3101 (0) 31 : 0.988 0.005 0.003 0.004
3102 3102 (0) 31 : 0.992 0.004 0.002 0.002
3103 3103 (0) 31 : 0.993 0.002 0.002 0.002
3104 3104 (0) 31 : 0.988 0.005 0.003 0.003
3105 3105 (0) 31 : 0.993 0.003 0.002 0.002
3106 3106 (0) 31 : 0.993 0.003 0.002 0.002
3107 3107 (0) 31 : 0.991 0.003 0.002 0.004
3108 3108 (0) 31 : 0.991 0.004 0.003 0.002
3109 3109 (0) 31 : 0.992 0.003 0.002 0.003
3110 3110 (0) 31 : 0.992 0.003 0.002 0.002
3111 3111 (0) 31 : 0.989 0.004 0.004 0.004
3112 3112 (0) 31 : 0.989 0.006 0.004 0.002
3113 3113 (0) 31 : 0.988 0.005 0.004 0.003
3114 3114 (0) 31 : 0.993 0.003 0.002 0.002
3115 3115 (0) 31 : 0.992 0.003 0.003 0.002
3116 3116 (0) 31 : 0.993 0.003 0.002 0.002
3117 3117 (0) 31 : 0.992 0.003 0.002 0.002
3118 3118 (0) 31 : 0.994 0.003 0.002 0.002
3119 3119 (0) 31 : 0.989 0.004 0.003 0.004
3120 3120 (0) 31 : 0.992 0.003 0.003 0.002
3121 3121 (0) 31 : 0.992 0.003 0.002 0.002
3122 3122 (0) 31 : 0.991 0.003 0.003 0.002
3123 3123 (0) 31 : 0.993 0.003 0.002 0.002
3124 3124 (0) 31 : 0.993 0.003 0.002 0.002
3125 3125 (0) 31 : 0.993 0.003 0.002 0.002
3126 3126 (0) 31 : 0.993 0.003 0.002 0.002
3127 3127 (0) 31 : 0.991 0.003 0.003 0.003
3128 3128 (0) 31 : 0.993 0.003 0.002 0.002
3129 3129 (0) 31 : 0.993 0.003 0.002 0.002
3130 3130 (0) 31 : 0.990 0.004 0.003 0.003
3131 3131 (0) 31 : 0.993 0.003 0.002 0.002
3132 3132 (0) 31 : 0.988 0.005 0.004 0.003
3133 3133 (0) 31 : 0.993 0.003 0.003 0.002
3134 3134 (0) 31 : 0.987 0.005 0.004 0.004
3135 3135 (0) 31 : 0.992 0.003 0.002 0.002
3136 3136 (0) 31 : 0.988 0.005 0.002 0.005
3137 3137 (0) 31 : 0.992 0.003 0.003 0.003
3138 3138 (0) 31 : 0.983 0.005 0.004 0.008
3139 3139 (0) 31 : 0.980 0.009 0.005 0.006
3140 3140 (0) 31 : 0.990 0.004 0.003 0.003
3141 3141 (0) 31 : 0.992 0.002 0.003 0.003
3142 3142 (0) 31 : 0.993 0.003 0.002 0.002
3143 3143 (0) 31 : 0.991 0.003 0.003 0.003
3144 3144 (0) 31 : 0.994 0.002 0.002 0.002
3145 3145 (0) 31 : 0.990 0.004 0.003 0.003
3146 3146 (0) 31 : 0.992 0.003 0.002 0.002
3147 3147 (0) 31 : 0.990 0.004 0.003 0.002
3148 3148 (0) 31 : 0.986 0.006 0.004 0.003
3149 3149 (0) 31 : 0.992 0.003 0.002 0.003
3150 3150 (0) 31 : 0.991 0.004 0.003 0.002
3151 3151 (0) 31 : 0.981 0.011 0.004 0.004
3152 3152 (0) 31 : 0.989 0.005 0.004 0.002
3153 3153 (0) 31 : 0.992 0.003 0.003 0.002
3154 3154 (0) 31 : 0.993 0.003 0.002 0.002
3155 3155 (0) 31 : 0.988 0.004 0.004 0.004
3156 3156 (0) 31 : 0.993 0.003 0.002 0.003
3157 3157 (0) 31 : 0.990 0.004 0.003 0.003
3158 3158 (0) 31 : 0.992 0.003 0.003 0.002
3159 3159 (0) 31 : 0.984 0.007 0.006 0.003
3160 3160 (0) 31 : 0.991 0.004 0.002 0.002
3161 3161 (0) 31 : 0.990 0.005 0.003 0.002
3162 3162 (0) 31 : 0.990 0.003 0.003 0.004
3163 3163 (0) 31 : 0.988 0.005 0.003 0.004
3164 3164 (0) 31 : 0.987 0.004 0.004 0.005
3165 3165 (0) 31 : 0.992 0.004 0.002 0.002
3166 3166 (0) 31 : 0.989 0.005 0.003 0.003
3167 3167 (0) 31 : 0.993 0.002 0.002 0.002
3168 3168 (0) 31 : 0.983 0.008 0.005 0.004
3169 3169 (0) 31 : 0.987 0.005 0.005 0.003
3170 3170 (0) 31 : 0.991 0.003 0.002 0.003
3171 3171 (0) 31 : 0.992 0.003 0.003 0.003
3172 3172 (0) 31 : 0.987 0.006 0.003 0.004
3173 3173 (0) 31 : 0.992 0.003 0.002 0.002
3174 3174 (0) 31 : 0.988 0.003 0.003 0.006
3175 3175 (0) 31 : 0.992 0.003 0.003 0.002
3176 3176 (0) 31 : 0.993 0.002 0.002 0.002
3177 3177 (0) 31 : 0.987 0.006 0.004 0.004
3178 3178 (0) 31 : 0.990 0.004 0.003 0.003
3179 3179 (0) 31 : 0.993 0.003 0.002 0.002
3180 3180 (0) 31 : 0.989 0.006 0.003 0.002
3181 3181 (0) 31 : 0.992 0.003 0.002 0.003
3182 3182 (0) 31 : 0.990 0.004 0.004 0.002
3183 3183 (0) 31 : 0.992 0.003 0.002 0.002
3184 3184 (0) 31 : 0.989 0.004 0.005 0.002
3185 3185 (0) 31 : 0.988 0.005 0.004 0.003
3186 3186 (0) 31 : 0.991 0.004 0.003 0.002
3187 3187 (0) 31 : 0.986 0.006 0.005 0.003
3188 3188 (0) 31 : 0.980 0.006 0.004 0.009
3189 3189 (0) 31 : 0.986 0.005 0.005 0.004
3190 3190 (0) 31 : 0.993 0.003 0.002 0.002
3191 3191 (0) 31 : 0.988 0.005 0.004 0.004
3192 3192 (0) 31 : 0.973 0.011 0.009 0.007
3193 3193 (0) 31 : 0.989 0.005 0.004 0.002
3194 3194 (0) 31 : 0.992 0.003 0.002 0.003
3195 3195 (0) 31 : 0.993 0.002 0.002 0.003
3196 3196 (0) 31 : 0.983 0.007 0.007 0.003
3197 3197 (0) 31 : 0.993 0.003 0.002 0.002
3198 3198 (0) 31 : 0.981 0.011 0.005 0.003
3199 3199 (0) 31 : 0.992 0.002 0.003 0.003
3200 3200 (0) 31 : 0.991 0.003 0.003 0.003
3201 3201 (0) 31 : 0.993 0.002 0.002 0.002
3202 3202 (0) 31 : 0.990 0.003 0.004 0.003
3203 3203 (0) 31 : 0.989 0.004 0.004 0.003
3204 3204 (0) 31 : 0.993 0.003 0.002 0.002
3205 3205 (0) 31 : 0.989 0.003 0.005 0.003
3206 3206 (0) 31 : 0.992 0.003 0.002 0.003
3207 3207 (0) 31 : 0.958 0.011 0.006 0.025
3208 3208 (0) 31 : 0.994 0.002 0.002 0.002
3209 3209 (0) 31 : 0.985 0.005 0.004 0.006
3210 3210 (0) 31 : 0.990 0.004 0.003 0.003
3211 3211 (0) 31 : 0.992 0.004 0.002 0.002
3212 3212 (0) 31 : 0.989 0.004 0.003 0.003
3213 3213 (0) 31 : 0.991 0.004 0.003 0.003
3214 3214 (0) 31 : 0.990 0.004 0.003 0.004
3215 3215 (0) 31 : 0.990 0.004 0.003 0.003
3216 3216 (0) 31 : 0.992 0.003 0.003 0.003
3217 3217 (0) 31 : 0.991 0.003 0.003 0.003
3218 3218 (0) 31 : 0.993 0.003 0.002 0.002
3219 3219 (0) 31 : 0.983 0.006 0.007 0.005
3220 3220 (0) 31 : 0.978 0.011 0.007 0.004
3221 3221 (0) 31 : 0.993 0.003 0.002 0.002
3222 3222 (0) 31 : 0.993 0.003 0.002 0.002
3223 3223 (0) 31 : 0.990 0.003 0.003 0.003
3224 3224 (0) 31 : 0.988 0.006 0.004 0.003
3225 3225 (0) 31 : 0.990 0.004 0.003 0.003
3226 3226 (0) 31 : 0.988 0.006 0.003 0.003
3227 3227 (0) 31 : 0.981 0.008 0.005 0.007
3228 3228 (0) 31 : 0.994 0.002 0.002 0.002
3229 3229 (0) 31 : 0.990 0.004 0.003 0.003
3230 3230 (0) 31 : 0.992 0.003 0.002 0.003
3231 3231 (0) 31 : 0.991 0.003 0.003 0.003
3232 3232 (0) 31 : 0.992 0.003 0.002 0.003
3233 3233 (0) 31 : 0.987 0.004 0.004 0.005
3234 3234 (0) 31 : 0.990 0.005 0.003 0.002
3235 3235 (0) 31 : 0.991 0.003 0.003 0.002
3236 3236 (0) 31 : 0.992 0.003 0.002 0.002
3237 3237 (0) 31 : 0.983 0.009 0.006 0.003
3238 3238 (0) 31 : 0.988 0.005 0.004 0.003
3239 3239 (0) 31 : 0.988 0.005 0.005 0.003
3240 3240 (0) 31 : 0.989 0.004 0.004 0.003
3241 3241 (0) 31 : 0.991 0.003 0.002 0.003
3242 3242 (0) 31 : 0.990 0.003 0.003 0.003
3243 3243 (0) 31 : 0.991 0.004 0.003 0.002
3244 3244 (0) 31 : 0.992 0.003 0.002 0.003
3245 3245 (0) 31 : 0.990 0.003 0.002 0.004
3246 3246 (0) 31 : 0.993 0.002 0.002 0.002
3247 3247 (0) 31 : 0.993 0.003 0.002 0.002
3248 3248 (0) 31 : 0.991 0.003 0.003 0.003
3249 3249 (0) 31 : 0.993 0.003 0.002 0.002
3250 3250 (0) 31 : 0.990 0.004 0.003 0.003
3251 3251 (0) 31 : 0.989 0.005 0.004 0.003
3252 3252 (0) 31 : 0.989 0.005 0.003 0.003
3253 3253 (0) 32 : 0.004 0.991 0.003 0.002
3254 3254 (0) 32 : 0.007 0.985 0.004 0.004
3255 3255 (0) 32 : 0.005 0.984 0.006 0.004
3256 3256 (0) 32 : 0.010 0.982 0.005 0.003
3257 3257 (0) 32 : 0.005 0.981 0.009 0.005
3258 3258 (0) 32 : 0.020 0.964 0.010 0.007
3259 3259 (0) 32 : 0.013 0.974 0.008 0.005
3260 3260 (0) 32 : 0.003 0.991 0.004 0.003
3261 3261 (0) 32 : 0.003 0.991 0.004 0.002
3262 3262 (0) 32 : 0.005 0.982 0.008 0.005
3263 3263 (0) 32 : 0.005 0.984 0.008 0.003
3264 3264 (0) 32 : 0.006 0.988 0.004 0.002
3265 3265 (0) 32 : 0.003 0.989 0.004 0.003
3266 3266 (0) 32 : 0.011 0.977 0.008 0.005
3267 3267 (0) 32 : 0.005 0.986 0.005 0.004
3268 3268 (0) 32 : 0.008 0.982 0.004 0.005
3269 3269 (0) 32 : 0.111 0.872 0.011 0.005
3270 3270 (0) 32 : 0.007 0.980 0.006 0.007
3271 3271 (0) 32 : 0.011 0.948 0.026 0.015
3272 3272 (0) 32 : 0.015 0.970 0.012 0.003
3273 3273 (0) 32 : 0.007 0.982 0.003 0.008
3274 3274 (0) 32 : 0.008 0.971 0.008 0.013
3275 3275 (5) 32 : 0.007 0.981 0.006 0.006
3276 3276 (0) 32 : 0.007 0.986 0.004 0.003
3277 3277 (0) 32 : 0.017 0.974 0.004 0.006
3278 3278 (0) 32 : 0.006 0.978 0.012 0.004
3279 3279 (0) 32 : 0.006 0.979 0.005 0.010
3280 3280 (0) 32 : 0.015 0.975 0.005 0.005
3281 3281 (0) 32 : 0.004 0.977 0.005 0.014
3282 3282 (0) 32 : 0.005 0.989 0.004 0.002
3283 3283 (5) 32 : 0.005 0.987 0.005 0.003
3284 3284 (0) 32 : 0.023 0.968 0.005 0.004
3285 3285 (0) 32 : 0.004 0.983 0.007 0.006
3286 3286 (0) 32 : 0.005 0.988 0.004 0.002
3287 3287 (0) 32 : 0.005 0.976 0.005 0.014
3288 3288 (0) 32 : 0.005 0.982 0.009 0.004
3289 3289 (5) 32 : 0.008 0.978 0.009 0.006
3290 3290 (5) 32 : 0.014 0.973 0.005 0.008
3291 3291 (5) 32 : 0.008 0.980 0.006 0.006
3292 3292 (5) 32 : 0.003 0.986 0.005 0.006
3293 3293 (0) 33 : 0.008 0.981 0.007 0.005
3294 3294 (0) 33 : 0.008 0.977 0.010 0.006
3295 3295 (0) 33 : 0.003 0.976 0.007 0.013
3296 3296 (0) 33 : 0.003 0.983 0.007 0.007
3297 3297 (0) 33 : 0.004 0.985 0.005 0.005
3298 3298 (0) 33 : 0.003 0.990 0.003 0.003
3299 3299 (0) 33 : 0.005 0.983 0.006 0.006
3300 3300 (0) 33 : 0.004 0.958 0.003 0.034
3301 3301 (0) 33 : 0.009 0.980 0.004 0.007
3302 3302 (0) 33 : 0.008 0.975 0.013 0.004
3303 3303 (0) 33 : 0.014 0.977 0.005 0.005
3304 3304 (0) 33 : 0.004 0.989 0.003 0.004
3305 3305 (0) 33 : 0.004 0.980 0.008 0.008
3306 3306 (0) 33 : 0.010 0.982 0.005 0.003
3307 3307 (0) 33 : 0.006 0.984 0.006 0.004
3308 3308 (0) 33 : 0.006 0.987 0.003 0.004
3309 3309 (0) 33 : 0.006 0.961 0.006 0.027
3310 3310 (0) 33 : 0.006 0.983 0.006 0.005
3311 3311 (0) 33 : 0.005 0.986 0.004 0.005
3312 3312 (0) 33 : 0.005 0.988 0.003 0.003
3313 3313 (0) 33 : 0.003 0.989 0.003 0.005
3314 3314 (0) 33 : 0.015 0.977 0.005 0.004
3315 3315 (0) 33 : 0.003 0.990 0.003 0.004
3316 3316 (0) 33 : 0.007 0.982 0.006 0.005
3317 3317 (0) 33 : 0.017 0.976 0.004 0.003
3318 3318 (0) 33 : 0.007 0.981 0.005 0.007
3319 3319 (0) 33 : 0.002 0.992 0.003 0.002
3320 3320 (0) 33 : 0.003 0.985 0.006 0.006
3321 3321 (0) 33 : 0.014 0.977 0.004 0.004
3322 3322 (0) 33 : 0.009 0.977 0.009 0.005
3323 3323 (0) 33 : 0.005 0.981 0.010 0.004
3324 3324 (0) 33 : 0.005 0.986 0.005 0.004
3325 3325 (0) 33 : 0.003 0.988 0.005 0.004
3326 3326 (0) 33 : 0.003 0.988 0.006 0.003
3327 3327 (0) 33 : 0.008 0.980 0.007 0.005
3328 3328 (0) 33 : 0.007 0.985 0.005 0.003
3329 3329 (0) 33 : 0.004 0.957 0.033 0.006
3330 3330 (0) 33 : 0.002 0.992 0.003 0.003
3331 3331 (0) 33 : 0.007 0.981 0.007 0.006
3332 3332 (0) 33 : 0.018 0.968 0.009 0.005
3333 3333 (0) 33 : 0.022 0.969 0.006 0.003
3334 3334 (0) 33 : 0.006 0.980 0.009 0.005
3335 3335 (0) 33 : 0.007 0.984 0.004 0.005
3336 3336 (0) 33 : 0.006 0.982 0.008 0.004
3337 3337 (0) 33 : 0.011 0.976 0.010 0.003
3338 3338 (0) 33 : 0.005 0.980 0.005 0.011
3339 3339 (0) 33 : 0.007 0.979 0.006 0.008
3340 3340 (0) 33 : 0.005 0.986 0.005 0.004
3341 3341 (0) 33 : 0.004 0.987 0.004 0.005
3342 3342 (0) 33 : 0.008 0.980 0.007 0.005
3343 3343 (0) 33 : 0.014 0.935 0.042 0.009
3344 3344 (0) 33 : 0.033 0.959 0.006 0.003
3345 3345 (0) 33 : 0.008 0.979 0.010 0.004
3346 3346 (0) 33 : 0.014 0.980 0.003 0.003
3347 3347 (0) 33 : 0.016 0.975 0.005 0.004
3348 3348 (0) 33 : 0.005 0.985 0.003 0.007
3349 3349 (0) 33 : 0.006 0.985 0.004 0.005
3350 3350 (0) 33 : 0.012 0.979 0.006 0.003
3351 3351 (0) 33 : 0.003 0.982 0.012 0.004
3352 3352 (0) 33 : 0.003 0.988 0.005 0.004
3353 3353 (0) 33 : 0.009 0.984 0.004 0.002
3354 3354 (0) 33 : 0.003 0.990 0.004 0.003
3355 3355 (0) 33 : 0.006 0.980 0.011 0.003
3356 3356 (0) 33 : 0.006 0.983 0.004 0.007
3357 3357 (0) 33 : 0.020 0.935 0.039 0.007
3358 3358 (0) 33 : 0.003 0.990 0.004 0.003
3359 3359 (0) 33 : 0.019 0.969 0.009 0.003
3360 3360 (0) 33 : 0.009 0.981 0.004 0.006
3361 3361 (0) 33 : 0.014 0.953 0.013 0.020
3362 3362 (0) 33 : 0.005 0.982 0.007 0.006
3363 3363 (0) 33 : 0.009 0.983 0.005 0.003
3364 3364 (0) 33 : 0.008 0.983 0.005 0.004
3365 3365 (0) 33 : 0.004 0.988 0.004 0.003
3366 3366 (0) 33 : 0.005 0.984 0.009 0.003
3367 3367 (0) 33 : 0.028 0.961 0.006 0.005
3368 3368 (0) 33 : 0.006 0.988 0.004 0.002
3369 3369 (0) 33 : 0.015 0.979 0.003 0.003
3370 3370 (0) 33 : 0.017 0.973 0.004 0.006
3371 3371 (0) 33 : 0.007 0.985 0.005 0.003
3372 3372 (0) 33 : 0.010 0.975 0.008 0.007
3373 3373 (0) 33 : 0.006 0.987 0.003 0.003
3374 3374 (0) 33 : 0.011 0.979 0.006 0.003
3375 3375 (0) 33 : 0.008 0.963 0.015 0.014
3376 3376 (0) 33 : 0.008 0.982 0.006 0.005
3377 3377 (0) 33 : 0.004 0.987 0.005 0.004
3378 3378 (0) 33 : 0.007 0.983 0.003 0.007
3379 3379 (0) 33 : 0.005 0.985 0.006 0.004
3380 3380 (0) 33 : 0.007 0.986 0.004 0.003
3381 3381 (0) 33 : 0.004 0.966 0.006 0.024
3382 3382 (0) 33 : 0.005 0.986 0.005 0.004
3383 3383 (0) 33 : 0.003 0.962 0.004 0.031
3384 3384 (0) 33 : 0.016 0.974 0.005 0.005
3385 3385 (0) 33 : 0.004 0.987 0.005 0.005
3386 3386 (0) 33 : 0.004 0.990 0.003 0.003
3387 3387 (0) 33 : 0.007 0.986 0.003 0.003
3388 3388 (0) 33 : 0.005 0.985 0.006 0.004
3389 3389 (0) 33 : 0.033 0.959 0.004 0.004
3390 3390 (0) 33 : 0.004 0.987 0.004 0.006
3391 3391 (0) 33 : 0.006 0.973 0.006 0.015
3392 3392 (0) 33 : 0.007 0.986 0.003 0.004
3393 3393 (0) 33 : 0.045 0.938 0.012 0.005
3394 3394 (0) 33 : 0.007 0.976 0.009 0.008
3395 3395 (0) 33 : 0.004 0.988 0.004 0.003
3396 3396 (0) 33 : 0.005 0.983 0.006 0.005
3397 3397 (0) 33 : 0.013 0.976 0.004 0.008
3398 3398 (0) 33 : 0.011 0.979 0.003 0.007
3399 3399 (0) 33 : 0.006 0.982 0.008 0.004
3400 3400 (0) 33 : 0.006 0.984 0.004 0.006
3401 3401 (0) 33 : 0.003 0.987 0.006 0.003
3402 3402 (0) 33 : 0.009 0.983 0.004 0.003
3403 3403 (0) 33 : 0.007 0.981 0.006 0.006
3404 3404 (0) 33 : 0.008 0.983 0.005 0.004
3405 3405 (0) 33 : 0.005 0.985 0.007 0.003
3406 3406 (0) 33 : 0.007 0.960 0.028 0.005
3407 3407 (0) 33 : 0.006 0.985 0.004 0.005
3408 3408 (0) 33 : 0.003 0.988 0.004 0.005
3409 3409 (0) 33 : 0.009 0.980 0.007 0.005
3410 3410 (0) 33 : 0.012 0.954 0.026 0.007
3411 3411 (0) 33 : 0.010 0.983 0.004 0.003
3412 3412 (0) 33 : 0.010 0.983 0.003 0.004
3413 3413 (0) 33 : 0.004 0.987 0.005 0.004
3414 3414 (0) 33 : 0.006 0.976 0.014 0.005
3415 3415 (0) 33 : 0.003 0.970 0.017 0.010
3416 3416 (0) 33 : 0.003 0.990 0.004 0.003
3417 3417 (0) 33 : 0.004 0.990 0.003 0.003
3418 3418 (0) 33 : 0.006 0.978 0.004 0.012
3419 3419 (0) 33 : 0.007 0.979 0.011 0.003
3420 3420 (0) 33 : 0.030 0.964 0.003 0.002
3421 3421 (0) 33 : 0.006 0.982 0.009 0.003
3422 3422 (0) 33 : 0.003 0.978 0.012 0.006
3423 3423 (0) 33 : 0.003 0.991 0.003 0.003
3424 3424 (0) 33 : 0.007 0.982 0.003 0.008
3425 3425 (0) 33 : 0.003 0.986 0.007 0.004
3426 3426 (0) 33 : 0.006 0.986 0.004 0.004
3427 3427 (0) 33 : 0.003 0.990 0.003 0.003
3428 3428 (0) 33 : 0.044 0.916 0.032 0.008
3429 3429 (0) 33 : 0.003 0.988 0.006 0.003
3430 3430 (0) 33 : 0.003 0.990 0.003 0.004
3431 3431 (0) 33 : 0.005 0.979 0.012 0.004
3432 3432 (0) 33 : 0.011 0.978 0.006 0.006
3433 3433 (0) 33 : 0.009 0.963 0.023 0.006
3434 3434 (0) 33 : 0.003 0.986 0.007 0.003
3435 3435 (0) 33 : 0.004 0.982 0.009 0.006
3436 3436 (0) 33 : 0.006 0.979 0.006 0.009
3437 3437 (0) 33 : 0.018 0.975 0.004 0.004
3438 3438 (0) 33 : 0.007 0.980 0.007 0.006
3439 3439 (0) 33 : 0.005 0.982 0.007 0.006
3440 3440 (0) 33 : 0.005 0.979 0.006 0.009
3441 3441 (0) 33 : 0.004 0.984 0.005 0.006
3442 3442 (0) 33 : 0.007 0.985 0.005 0.003
3443 3443 (0) 33 : 0.003 0.980 0.008 0.009
3444 3444 (0) 33 : 0.009 0.982 0.004 0.005
3445 3445 (0) 33 : 0.006 0.984 0.004 0.007
3446 3446 (0) 33 : 0.006 0.983 0.006 0.005
3447 3447 (0) 33 : 0.006 0.987 0.004 0.003
3448 3448 (0) 33 : 0.011 0.979 0.005 0.004
3449 3449 (0) 33 : 0.009 0.982 0.005 0.005
3450 3450 (0) 33 : 0.005 0.984 0.005 0.007
3451 3451 (0) 33 : 0.012 0.978 0.005 0.004
3452 3452 (0) 33 : 0.006 0.987 0.005 0.002
3453 3453 (0) 33 : 0.008 0.977 0.005 0.011
3454 3454 (0) 33 : 0.004 0.982 0.007 0.006
3455 3455 (0) 33 : 0.006 0.988 0.004 0.002
3456 3456 (0) 33 : 0.004 0.980 0.009 0.007
3457 3457 (0) 33 : 0.017 0.973 0.006 0.004
3458 3458 (0) 33 : 0.004 0.986 0.006 0.004
3459 3459 (0) 33 : 0.004 0.988 0.005 0.003
3460 3460 (0) 33 : 0.007 0.985 0.004 0.003
3461 3461 (0) 33 : 0.008 0.983 0.005 0.003
3462 3462 (0) 33 : 0.003 0.991 0.003 0.003
3463 3463 (0) 33 : 0.023 0.926 0.006 0.045
3464 3464 (0) 33 : 0.012 0.980 0.005 0.003
3465 3465 (0) 33 : 0.010 0.980 0.005 0.005
3466 3466 (0) 33 : 0.027 0.960 0.009 0.004
3467 3467 (0) 33 : 0.004 0.981 0.010 0.005
3468 3468 (0) 33 : 0.017 0.978 0.003 0.003
3469 3469 (0) 33 : 0.006 0.986 0.006 0.003
3470 3470 (0) 33 : 0.004 0.986 0.005 0.005
3471 3471 (0) 33 : 0.013 0.965 0.008 0.015
3472 3472 (0) 33 : 0.010 0.965 0.012 0.014
3473 3473 (0) 33 : 0.005 0.990 0.003 0.003
3474 3474 (0) 33 : 0.014 0.977 0.005 0.004
3475 3475 (0) 33 : 0.003 0.984 0.008 0.004
3476 3476 (0) 33 : 0.010 0.971 0.009 0.010
3477 3477 (0) 33 : 0.005 0.974 0.006 0.014
3478 3478 (0) 33 : 0.018 0.973 0.003 0.006
3479 3479 (0) 33 : 0.007 0.982 0.005 0.006
3480 3480 (0) 33 : 0.006 0.986 0.004 0.004
3481 3481 (0) 33 : 0.005 0.985 0.006 0.004
3482 3482 (0) 33 : 0.003 0.989 0.005 0.003
3483 3483 (0) 33 : 0.009 0.974 0.012 0.005
3484 3484 (0) 33 : 0.008 0.961 0.017 0.014
3485 3485 (0) 33 : 0.003 0.989 0.005 0.003
3486 3486 (0) 33 : 0.006 0.987 0.004 0.004
3487 3487 (0) 33 : 0.013 0.974 0.010 0.003
3488 3488 (0) 33 : 0.099 0.893 0.004 0.004
3489 3489 (0) 33 : 0.005 0.986 0.003 0.006
3490 3490 (0) 33 : 0.006 0.987 0.004 0.003
3491 3491 (0) 33 : 0.009 0.969 0.016 0.006
3492 3492 (0) 33 : 0.036 0.953 0.006 0.005
3493 3493 (0) 33 : 0.012 0.982 0.003 0.002
3494 3494 (0) 33 : 0.003 0.988 0.006 0.003
3495 3495 (0) 33 : 0.003 0.989 0.005 0.004
3496 3496 (0) 33 : 0.021 0.963 0.011 0.005
3497 3497 (0) 33 : 0.020 0.966 0.011 0.004
3498 3498 (0) 33 : 0.005 0.980 0.008 0.008
3499 3499 (0) 33 : 0.017 0.970 0.008 0.004
3500 3500 (0) 33 : 0.009 0.982 0.006 0.003
3501 3501 (0) 33 : 0.003 0.988 0.006 0.003
3502 3502 (0) 33 : 0.013 0.977 0.004 0.005
3503 3503 (0) 33 : 0.009 0.982 0.005 0.004
3504 3504 (0) 33 : 0.003 0.983 0.009 0.005
3505 3505 (0) 33 : 0.003 0.978 0.015 0.004
3506 3506 (0) 33 : 0.011 0.975 0.007 0.007
3507 3507 (0) 33 : 0.005 0.981 0.008 0.006
3508 3508 (0) 33 : 0.005 0.987 0.004 0.003
3509 3509 (0) 33 : 0.004 0.984 0.006 0.007
3510 3510 (0) 33 : 0.012 0.981 0.004 0.003
3511 3511 (0) 33 : 0.005 0.980 0.007 0.009
3512 3512 (0) 33 : 0.005 0.983 0.003 0.008
3513 3513 (0) 33 : 0.169 0.810 0.013 0.008
3514 3514 (0) 33 : 0.004 0.983 0.005 0.008
3515 3515 (0) 33 : 0.007 0.976 0.007 0.009
3516 3516 (0) 33 : 0.008 0.983 0.005 0.004
3517 3517 (0) 33 : 0.006 0.985 0.006 0.003
3518 3518 (0) 33 : 0.013 0.977 0.004 0.006
3519 3519 (0) 33 : 0.008 0.983 0.005 0.004
3520 3520 (0) 33 : 0.003 0.982 0.006 0.009
3521 3521 (0) 33 : 0.016 0.978 0.003 0.003
3522 3522 (0) 33 : 0.003 0.985 0.008 0.004
3523 3523 (0) 33 : 0.005 0.980 0.009 0.006
3524 3524 (0) 33 : 0.011 0.976 0.006 0.008
3525 3525 (0) 33 : 0.004 0.971 0.022 0.003
3526 3526 (0) 33 : 0.005 0.987 0.004 0.004
3527 3527 (0) 33 : 0.006 0.986 0.003 0.005
3528 3528 (0) 33 : 0.005 0.985 0.006 0.004
3529 3529 (0) 33 : 0.009 0.985 0.004 0.002
3530 3530 (0) 33 : 0.006 0.983 0.006 0.006
3531 3531 (0) 33 : 0.007 0.971 0.017 0.006
3532 3532 (0) 33 : 0.007 0.982 0.005 0.006
3533 3533 (0) 33 : 0.027 0.966 0.004 0.003
3534 3534 (0) 33 : 0.028 0.960 0.007 0.005
3535 3535 (0) 33 : 0.006 0.985 0.006 0.003
3536 3536 (0) 33 : 0.049 0.944 0.003 0.004
3537 3537 (0) 33 : 0.003 0.985 0.008 0.003
3538 3538 (0) 33 : 0.006 0.988 0.003 0.003
3539 3539 (0) 33 : 0.005 0.988 0.003 0.004
3540 3540 (0) 33 : 0.004 0.989 0.003 0.003
3541 3541 (0) 33 : 0.004 0.986 0.004 0.007
3542 3542 (0) 33 : 0.007 0.980 0.004 0.009
3543 3543 (0) 33 : 0.009 0.979 0.008 0.004
3544 3544 (0) 33 : 0.003 0.988 0.005 0.004
3545 3545 (0) 33 : 0.005 0.987 0.004 0.004
3546 3546 (0) 33 : 0.005 0.981 0.008 0.006
3547 3547 (0) 33 : 0.006 0.984 0.006 0.003
3548 3548 (0) 33 : 0.009 0.979 0.007 0.004
3549 3549 (0) 33 : 0.005 0.989 0.004 0.003
3550 3550 (0) 33 : 0.004 0.981 0.004 0.012
3551 3551 (0) 33 : 0.023 0.960 0.012 0.005
3552 3552 (0) 33 : 0.044 0.944 0.005 0.007
3553 3553 (0) 33 : 0.012 0.979 0.004 0.004
3554 3554 (0) 33 : 0.008 0.981 0.006 0.005
3555 3555 (0) 33 : 0.007 0.978 0.005 0.009
3556 3556 (0) 33 : 0.008 0.969 0.019 0.005
3557 3557 (0) 33 : 0.003 0.988 0.004 0.005
3558 3558 (0) 33 : 0.015 0.977 0.004 0.004
3559 3559 (0) 33 : 0.007 0.985 0.005 0.003
3560 3560 (0) 33 : 0.003 0.966 0.022 0.010
3561 3561 (0) 33 : 0.005 0.982 0.010 0.003
3562 3562 (0) 33 : 0.011 0.981 0.004 0.004
3563 3563 (0) 33 : 0.006 0.988 0.003 0.003
3564 3564 (0) 33 : 0.008 0.976 0.006 0.009
3565 3565 (0) 33 : 0.004 0.985 0.008 0.003
3566 3566 (0) 33 : 0.003 0.987 0.005 0.005
3567 3567 (0) 33 : 0.032 0.958 0.007 0.004
3568 3568 (0) 33 : 0.002 0.989 0.005 0.004
3569 3569 (0) 33 : 0.004 0.984 0.005 0.006
3570 3570 (0) 33 : 0.024 0.968 0.005 0.003
3571 3571 (0) 33 : 0.006 0.982 0.007 0.004
3572 3572 (0) 33 : 0.006 0.988 0.003 0.003
3573 3573 (0) 33 : 0.004 0.985 0.006 0.005
3574 3574 (0) 33 : 0.003 0.987 0.005 0.005
3575 3575 (0) 33 : 0.004 0.987 0.006 0.003
3576 3576 (0) 33 : 0.013 0.979 0.004 0.004
3577 3577 (0) 33 : 0.008 0.982 0.004 0.006
3578 3578 (0) 33 : 0.041 0.948 0.007 0.004
3579 3579 (0) 33 : 0.005 0.987 0.004 0.003
3580 3580 (0) 33 : 0.077 0.898 0.017 0.008
3581 3581 (0) 33 : 0.014 0.969 0.007 0.010
3582 3582 (0) 33 : 0.005 0.985 0.004 0.006
3583 3583 (0) 33 : 0.008 0.985 0.005 0.003
3584 3584 (0) 33 : 0.011 0.980 0.005 0.004
3585 3585 (0) 33 : 0.007 0.980 0.006 0.007
3586 3586 (0) 33 : 0.008 0.985 0.005 0.003
3587 3587 (0) 33 : 0.004 0.988 0.003 0.005
3588 3588 (0) 33 : 0.004 0.981 0.004 0.012
3589 3589 (0) 33 : 0.016 0.964 0.006 0.014
3590 3590 (0) 33 : 0.005 0.974 0.018 0.003
3591 3591 (0) 33 : 0.006 0.984 0.007 0.003
3592 3592 (0) 33 : 0.031 0.957 0.008 0.004
1 1 (5) 1 : 0.977 0.011 0.005 0.008
2 2 (5) 1 : 0.968 0.006 0.013 0.014
3 3 (5) 1 : 0.984 0.006 0.004 0.005
4 4 (0) 1 : 0.981 0.008 0.006 0.004
5 5 (0) 1 : 0.910 0.015 0.016 0.058
6 6 (0) 1 : 0.980 0.008 0.005 0.007
7 7 (0) 1 : 0.955 0.004 0.013 0.029
8 8 (5) 1 : 0.986 0.006 0.005 0.004
9 9 (0) 1 : 0.988 0.004 0.004 0.003
10 10 (0) 1 : 0.972 0.004 0.010 0.013
11 11 (0) 1 : 0.984 0.003 0.005 0.008
12 12 (0) 1 : 0.976 0.004 0.012 0.008
13 13 (0) 1 : 0.984 0.003 0.009 0.004
14 14 (0) 1 : 0.980 0.010 0.005 0.005
15 15 (0) 1 : 0.985 0.004 0.005 0.005
16 16 (0) 1 : 0.984 0.008 0.004 0.004
17 17 (0) 1 : 0.990 0.003 0.003 0.004
18 18 (0) 1 : 0.969 0.006 0.008 0.017
19 19 (0) 1 : 0.970 0.007 0.018 0.005
20 20 (0) 1 : 0.961 0.009 0.010 0.020
21 21 (0) 1 : 0.987 0.004 0.006 0.003
22 22 (0) 1 : 0.983 0.010 0.003 0.004
23 23 (0) 1 : 0.985 0.008 0.003 0.004
24 24 (0) 1 : 0.960 0.024 0.010 0.007
25 25 (0) 1 : 0.974 0.005 0.013 0.009
26 26 (0) 1 : 0.979 0.006 0.012 0.004
27 27 (5) 1 : 0.946 0.005 0.009 0.040
28 28 (0) 1 : 0.972 0.012 0.003 0.012
29 29 (0) 1 : 0.981 0.010 0.004 0.005
30 30 (0) 1 : 0.937 0.026 0.019 0.018
31 31 (0) 1 : 0.987 0.005 0.003 0.005
32 32 (0) 1 : 0.972 0.005 0.011 0.012
33 33 (0) 1 : 0.989 0.004 0.004 0.004
34 34 (0) 1 : 0.984 0.008 0.003 0.004
35 35 (0) 1 : 0.894 0.007 0.007 0.092
36 36 (0) 1 : 0.976 0.006 0.006 0.013
37 37 (0) 1 : 0.976 0.005 0.010 0.008
38 38 (0) 1 : 0.977 0.004 0.013 0.006
39 39 (0) 1 : 0.957 0.006 0.018 0.019
40 40 (0) 1 : 0.975 0.010 0.007 0.008
41 41 (0) 1 : 0.981 0.006 0.005 0.007
42 42 (0) 1 : 0.987 0.005 0.004 0.003
43 43 (0) 1 : 0.987 0.005 0.004 0.005
44 44 (0) 1 : 0.991 0.003 0.003 0.003
45 45 (5) 1 : 0.978 0.005 0.009 0.008
46 46 (0) 1 : 0.983 0.010 0.002 0.005
47 47 (0) 1 : 0.982 0.008 0.003 0.007
48 48 (0) 1 : 0.974 0.013 0.004 0.008
49 49 (0) 1 : 0.963 0.003 0.018 0.015
50 50 (0) 1 : 0.983 0.007 0.005 0.006
51 51 (0) 1 : 0.981 0.004 0.010 0.005
52 52 (0) 1 : 0.929 0.013 0.046 0.012
53 53 (0) 1 : 0.969 0.018 0.004 0.008
54 54 (0) 1 : 0.981 0.008 0.003 0.008
55 55 (0) 1 : 0.986 0.005 0.004 0.006
56 56 (0) 1 : 0.982 0.008 0.004 0.006
57 57 (10) 1 : 0.982 0.005 0.007 0.006
58 58 (5) 1 : 0.980 0.008 0.005 0.007
59 59 (0) 1 : 0.977 0.011 0.007 0.006
60 60 (0) 1 : 0.988 0.003 0.004 0.004
61 61 (0) 1 : 0.980 0.009 0.005 0.007
62 62 (0) 1 : 0.982 0.004 0.004 0.010
63 63 (0) 1 : 0.983 0.004 0.005 0.009
64 64 (0) 1 : 0.984 0.006 0.004 0.007
65 65 (0) 1 : 0.946 0.004 0.031 0.020
66 66 (0) 1 : 0.978 0.009 0.005 0.008
67 67 (5) 1 : 0.947 0.026 0.019 0.008
68 68 (0) 1 : 0.959 0.022 0.006 0.012
69 69 (0) 1 : 0.988 0.003 0.003 0.006
70 70 (0) 1 : 0.981 0.008 0.005 0.006
71 71 (5) 1 : 0.970 0.010 0.007 0.013
72 72 (0) 1 : 0.977 0.004 0.013 0.007
73 73 (5) 1 : 0.983 0.006 0.004 0.008
74 74 (10) 1 : 0.976 0.007 0.008 0.008
75 75 (10) 1 : 0.959 0.005 0.030 0.006
76 76 (0) 1 : 0.782 0.208 0.005 0.005
77 77 (10) 1 : 0.947 0.041 0.007 0.005
78 78 (0) 1 : 0.914 0.061 0.014 0.011
79 79 (5) 1 : 0.972 0.012 0.004 0.013
80 80 (0) 1 : 0.987 0.005 0.004 0.004
81 81 (0) 1 : 0.987 0.005 0.004 0.004
82 82 (0) 1 : 0.989 0.003 0.004 0.004
83 83 (0) 1 : 0.938 0.049 0.006 0.007
84 84 (0) 1 : 0.976 0.004 0.012 0.008
85 85 (0) 1 : 0.989 0.003 0.004 0.004
86 86 (5) 1 : 0.986 0.004 0.005 0.005
87 87 (0) 1 : 0.983 0.006 0.004 0.006
88 88 (0) 1 : 0.828 0.145 0.011 0.016
89 89 (0) 1 : 0.946 0.014 0.031 0.008
90 90 (0) 1 : 0.958 0.013 0.004 0.026
91 91 (0) 1 : 0.979 0.009 0.005 0.007
92 92 (0) 1 : 0.975 0.006 0.005 0.014
93 93 (0) 1 : 0.987 0.005 0.003 0.004
94 94 (5) 1 : 0.941 0.029 0.023 0.007
95 95 (0) 1 : 0.983 0.007 0.005 0.005
96 96 (5) 1 : 0.988 0.003 0.005 0.004
97 97 (0) 1 : 0.973 0.017 0.003 0.007
98 98 (0) 1 : 0.980 0.005 0.007 0.008
99 99 (5) 1 : 0.985 0.004 0.006 0.005
100 100 (5) 1 : 0.988 0.004 0.004 0.004
101 101 (0) 2 : 0.981 0.011 0.003 0.006
102 102 (0) 2 : 0.955 0.032 0.007 0.005
103 103 (0) 2 : 0.964 0.029 0.003 0.004
104 104 (0) 2 : 0.987 0.004 0.004 0.004
105 105 (0) 2 : 0.960 0.008 0.004 0.028
106 106 (0) 2 : 0.966 0.005 0.023 0.007
107 107 (0) 2 : 0.987 0.005 0.003 0.004
108 108 (0) 2 : 0.920 0.058 0.006 0.016
109 109 (0) 2 : 0.946 0.011 0.026 0.017
110 110 (0) 2 : 0.988 0.004 0.005 0.004
111 111 (0) 2 : 0.985 0.004 0.006 0.005
112 112 (0) 2 : 0.981 0.006 0.009 0.004
113 113 (0) 2 : 0.979 0.006 0.006 0.009
114 114 (0) 2 : 0.964 0.010 0.012 0.014
115 115 (0) 2 : 0.985 0.005 0.005 0.005
116 116 (0) 2 : 0.982 0.010 0.004 0.004
117 117 (0) 2 : 0.984 0.007 0.004 0.005
118 118 (0) 2 : 0.981 0.007 0.006 0.005
119 119 (0) 2 : 0.982 0.003 0.011 0.004
120 120 (0) 2 : 0.960 0.004 0.012 0.024
121 121 (0) 2 : 0.984 0.004 0.006 0.006
122 122 (0) 2 : 0.982 0.005 0.007 0.005
123 123 (0) 2 : 0.974 0.014 0.007 0.005
124 124 (0) 2 : 0.986 0.006 0.004 0.004
125 125 (0) 2 : 0.988 0.003 0.006 0.003
126 126 (0) 2 : 0.983 0.006 0.004 0.008
127 127 (0) 2 : 0.855 0.009 0.120 0.017
128 128 (0) 2 : 0.986 0.004 0.005 0.005
129 129 (0) 2 : 0.976 0.005 0.014 0.005
130 130 (0) 2 : 0.985 0.005 0.004 0.006
131 131 (0) 2 : 0.985 0.004 0.003 0.008
132 132 (0) 2 : 0.987 0.004 0.005 0.004
133 133 (0) 2 : 0.989 0.004 0.003 0.004
134 134 (0) 2 : 0.868 0.010 0.011 0.111
135 135 (0) 2 : 0.987 0.003 0.005 0.005
136 136 (0) 2 : 0.984 0.005 0.005 0.006
137 137 (0) 2 : 0.965 0.025 0.004 0.006
138 138 (0) 2 : 0.981 0.003 0.009 0.006
139 139 (0) 2 : 0.976 0.004 0.011 0.010
140 140 (0) 2 : 0.901 0.005 0.076 0.018
141 141 (0) 2 : 0.990 0.003 0.004 0.004
142 142 (0) 2 : 0.987 0.004 0.005 0.004
143 143 (0) 2 : 0.988 0.005 0.004 0.003
144 144 (0) 2 : 0.963 0.008 0.005 0.024
145 145 (0) 2 : 0.986 0.006 0.004 0.004
146 146 (0) 2 : 0.985 0.006 0.003 0.005
147 147 (0) 2 : 0.987 0.007 0.002 0.004
148 148 (0) 2 : 0.974 0.006 0.011 0.008
149 149 (0) 2 : 0.988 0.004 0.003 0.005
150 150 (0) 2 : 0.985 0.006 0.003 0.005
151 151 (0) 2 : 0.973 0.004 0.009 0.015
152 152 (0) 2 : 0.975 0.015 0.005 0.005
153 153 (0) 2 : 0.989 0.003 0.004 0.004
154 154 (0) 2 : 0.987 0.006 0.003 0.004
155 155 (0) 2 : 0.981 0.004 0.007 0.008
156 156 (0) 2 : 0.969 0.018 0.008 0.004
157 157 (0) 2 : 0.986 0.005 0.004 0.006
158 158 (0) 2 : 0.981 0.009 0.005 0.005
159 159 (0) 2 : 0.944 0.006 0.029 0.021
160 160 (0) 2 : 0.959 0.004 0.032 0.006
161 161 (0) 2 : 0.978 0.008 0.005 0.009
162 162 (0) 2 : 0.991 0.003 0.004 0.003
163 163 (0) 2 : 0.967 0.022 0.004 0.008
164 164 (0) 2 : 0.973 0.012 0.007 0.008
165 165 (0) 2 : 0.981 0.009 0.004 0.006
166 166 (0) 2 : 0.981 0.006 0.008 0.005
167 167 (0) 2 : 0.986 0.005 0.004 0.006
168 168 (0) 2 : 0.990 0.004 0.003 0.003
169 169 (0) 2 : 0.979 0.010 0.006 0.005
170 170 (0) 2 : 0.987 0.004 0.004 0.005
171 171 (0) 2 : 0.985 0.006 0.003 0.005
172 172 (0) 2 : 0.983 0.005 0.005 0.006
173 173 (0) 2 : 0.985 0.007 0.004 0.004
174 174 (0) 2 : 0.971 0.004 0.013 0.012
175 175 (0) 2 : 0.985 0.008 0.003 0.004
176 176 (0) 2 : 0.981 0.011 0.004 0.005
177 177 (0) 2 : 0.986 0.004 0.005 0.005
178 178 (0) 2 : 0.987 0.004 0.006 0.004
179 179 (0) 2 : 0.977 0.013 0.005 0.005
180 180 (0) 2 : 0.955 0.008 0.029 0.008
181 181 (0) 2 : 0.986 0.004 0.004 0.006
182 182 (0) 2 : 0.983 0.006 0.005 0.006
183 183 (0) 2 : 0.981 0.005 0.007 0.008
184 184 (0) 2 : 0.987 0.006 0.004 0.004
185 185 (0) 2 : 0.940 0.026 0.013 0.022
186 186 (0) 2 : 0.965 0.006 0.022 0.007
187 187 (0) 2 : 0.986 0.005 0.004 0.005
188 188 (0) 2 : 0.982 0.006 0.004 0.008
189 189 (0) 2 : 0.976 0.006 0.010 0.008
190 190 (0) 2 : 0.897 0.091 0.003 0.008
191 191 (0) 2 : 0.985 0.005 0.006 0.004
192 192 (0) 2 : 0.988 0.005 0.003 0.004
193 193 (0) 2 : 0.964 0.004 0.020 0.012
194 194 (0) 2 : 0.981 0.004 0.008 0.007
195 195 (0) 2 : 0.968 0.004 0.012 0.015
196 196 (0) 2 : 0.990 0.003 0.004 0.003
197 197 (0) 2 : 0.979 0.008 0.007 0.006
198 198 (0) 2 : 0.962 0.004 0.020 0.014
199 199 (0) 2 : 0.982 0.006 0.007 0.004
200 200 (0) 2 : 0.984 0.005 0.004 0.008
201 201 (0) 2 : 0.973 0.012 0.006 0.008
202 202 (0) 2 : 0.989 0.003 0.004 0.003
203 203 (0) 2 : 0.977 0.006 0.008 0.009
204 204 (0) 2 : 0.975 0.016 0.004 0.005
205 205 (0) 2 : 0.980 0.008 0.004 0.008
206 206 (0) 2 : 0.978 0.005 0.007 0.010
207 207 (0) 2 : 0.968 0.007 0.004 0.021
208 208 (0) 2 : 0.976 0.010 0.006 0.007
209 209 (0) 2 : 0.964 0.020 0.003 0.013
210 210 (0) 2 : 0.986 0.005 0.004 0.005
211 211 (0) 2 : 0.980 0.004 0.009 0.006
212 212 (0) 2 : 0.989 0.005 0.003 0.003
213 213 (0) 2 : 0.985 0.005 0.006 0.004
214 214 (0) 2 : 0.975 0.016 0.004 0.005
215 215 (0) 2 : 0.988 0.004 0.003 0.005
216 216 (0) 2 : 0.944 0.041 0.005 0.010
217 217 (0) 2 : 0.948 0.032 0.011 0.010
218 218 (0) 2 : 0.974 0.006 0.011 0.009
219 219 (0) 2 : 0.988 0.004 0.004 0.004
220 220 (0) 2 : 0.938 0.049 0.007 0.006
221 221 (0) 2 : 0.979 0.005 0.011 0.005
222 222 (0) 2 : 0.973 0.009 0.007 0.011
223 223 (0) 2 : 0.977 0.004 0.014 0.005
224 224 (0) 2 : 0.985 0.005 0.005 0.004
225 225 (0) 2 : 0.991 0.003 0.003 0.003
226 226 (0) 2 : 0.983 0.009 0.003 0.004
227 227 (0) 2 : 0.977 0.005 0.008 0.010
228 228 (0) 2 : 0.955 0.009 0.010 0.025
229 229 (0) 2 : 0.955 0.010 0.019 0.015
230 230 (0) 2 : 0.970 0.004 0.017 0.009
231 231 (0) 2 : 0.840 0.148 0.005 0.007
232 232 (0) 2 : 0.974 0.011 0.007 0.008
233 233 (0) 2 : 0.975 0.011 0.007 0.007
234 234 (0) 2 : 0.987 0.006 0.004 0.003
235 235 (0) 2 : 0.981 0.007 0.004 0.008
236 236 (0) 2 : 0.973 0.017 0.006 0.004
237 237 (0) 2 : 0.977 0.016 0.003 0.004
238 238 (0) 2 : 0.983 0.005 0.005 0.007
239 239 (0) 2 : 0.987 0.003 0.006 0.004
240 240 (0) 2 : 0.981 0.005 0.008 0.005
241 241 (0) 2 : 0.976 0.005 0.010 0.009
242 242 (0) 2 : 0.991 0.003 0.003 0.003
243 243 (0) 2 : 0.979 0.008 0.007 0.006
244 244 (0) 2 : 0.915 0.049 0.017 0.020
245 245 (0) 2 : 0.988 0.003 0.003 0.005
246 246 (0) 2 : 0.979 0.008 0.005 0.008
247 247 (0) 2 : 0.988 0.003 0.005 0.005
248 248 (0) 2 : 0.956 0.003 0.034 0.007
249 249 (0) 2 : 0.985 0.006 0.005 0.004
250 250 (0) 2 : 0.987 0.005 0.004 0.004
251 251 (0) 2 : 0.981 0.005 0.008 0.007
252 252 (0) 2 : 0.984 0.004 0.006 0.006
253 253 (0) 2 : 0.979 0.007 0.009 0.005
254 254 (0) 2 : 0.977 0.011 0.004 0.007
255 255 (0) 2 : 0.988 0.003 0.003 0.006
256 256 (0) 2 : 0.986 0.006 0.004 0.004
257 257 (0) 2 : 0.981 0.004 0.005 0.010
258 258 (0) 2 : 0.983 0.007 0.003 0.006
259 259 (0) 2 : 0.985 0.006 0.004 0.005
260 260 (0) 2 : 0.969 0.014 0.004 0.013
261 261 (0) 2 : 0.973 0.008 0.011 0.008
262 262 (0) 2 : 0.985 0.004 0.005 0.005
263 263 (0) 2 : 0.980 0.004 0.004 0.012
264 264 (0) 2 : 0.987 0.004 0.005 0.004
265 265 (0) 2 : 0.978 0.006 0.006 0.010
266 266 (0) 2 : 0.989 0.003 0.004 0.004
267 267 (0) 2 : 0.906 0.015 0.006 0.073
268 268 (0) 2 : 0.991 0.003 0.003 0.003
269 269 (0) 2 : 0.969 0.006 0.014 0.011
270 270 (0) 2 : 0.982 0.004 0.008 0.005
271 271 (0) 2 : 0.980 0.006 0.007 0.006
272 272 (0) 2 : 0.985 0.005 0.003 0.006
273 273 (0) 2 : 0.979 0.011 0.003 0.006
274 274 (0) 2 : 0.980 0.012 0.004 0.004
275 275 (0) 2 : 0.988 0.004 0.003 0.005
276 276 (0) 2 : 0.988 0.003 0.003 0.006
277 277 (0) 2 : 0.973 0.006 0.011 0.011
278 278 (0) 2 : 0.982 0.009 0.004 0.006
279 279 (0) 2 : 0.988 0.003 0.003 0.006
280 280 (0) 2 : 0.991 0.004 0.002 0.003
281 281 (0) 2 : 0.981 0.005 0.005 0.009
282 282 (0) 2 : 0.948 0.038 0.005 0.009
283 283 (0) 2 : 0.973 0.004 0.004 0.019
284 284 (0) 2 : 0.957 0.004 0.029 0.010
285 285 (0) 2 : 0.964 0.005 0.019 0.012
286 286 (0) 2 : 0.981 0.005 0.006 0.008
287 287 (0) 2 : 0.852 0.111 0.015 0.022
288 288 (0) 2 : 0.982 0.004 0.003 0.011
289 289 (0) 2 : 0.984 0.009 0.004 0.004
290 290 (0) 2 : 0.985 0.003 0.007 0.005
291 291 (0) 2 : 0.985 0.006 0.005 0.004
292 292 (0) 2 : 0.989 0.004 0.004 0.004
293 293 (0) 2 : 0.905 0.079 0.009 0.008
294 294 (0) 2 : 0.950 0.005 0.003 0.042
295 295 (0) 2 : 0.984 0.009 0.003 0.004
296 296 (0) 2 : 0.975 0.007 0.007 0.012
297 297 (0) 2 : 0.990 0.003 0.003 0.003
298 298 (0) 2 : 0.989 0.004 0.003 0.004
299 299 (0) 2 : 0.987 0.005 0.004 0.005
300 300 (0) 2 : 0.980 0.006 0.007 0.007
301 301 (5) 3 : 0.650 0.005 0.010 0.335
302 302 (0) 3 : 0.244 0.009 0.027 0.720
303 303 (0) 3 : 0.522 0.023 0.040 0.415
304 304 (5) 3 : 0.401 0.005 0.017 0.578
305 305 (5) 3 : 0.383 0.003 0.026 0.588
306 306 (0) 3 : 0.279 0.014 0.074 0.633
307 307 (0) 4 : 0.671 0.005 0.010 0.314
308 308 (0) 4 : 0.470 0.004 0.009 0.517
309 309 (0) 4 : 0.552 0.018 0.111 0.319
310 310 (0) 4 : 0.456 0.046 0.021 0.478
311 311 (0) 4 : 0.572 0.014 0.007 0.407
312 312 (0) 4 : 0.585 0.007 0.014 0.393
313 313 (0) 4 : 0.403 0.005 0.006 0.585
314 314 (0) 4 : 0.325 0.014 0.006 0.655
315 315 (0) 4 : 0.405 0.008 0.009 0.578
316 316 (0) 4 : 0.253 0.004 0.045 0.698
317 317 (0) 4 : 0.367 0.025 0.015 0.593
318 318 (0) 4 : 0.494 0.009 0.077 0.420
319 319 (0) 4 : 0.836 0.015 0.022 0.127
320 320 (0) 4 : 0.347 0.011 0.053 0.589
321 321 (0) 4 : 0.496 0.003 0.015 0.486
322 322 (0) 4 : 0.311 0.046 0.006 0.637
323 323 (0) 4 : 0.540 0.005 0.010 0.444
324 324 (0) 4 : 0.788 0.014 0.017 0.181
325 325 (0) 4 : 0.425 0.029 0.152 0.394
326 326 (0) 4 : 0.463 0.019 0.151 0.368
327 327 (0) 4 : 0.689 0.005 0.016 0.290
328 328 (0) 4 : 0.357 0.015 0.029 0.600
329 329 (0) 4 : 0.336 0.010 0.015 0.639
330 330 (0) 4 : 0.420 0.009 0.013 0.558
331 331 (0) 4 : 0.609 0.005 0.007 0.378
332 332 (0) 4 : 0.497 0.004 0.040 0.459
333 333 (0) 4 : 0.547 0.019 0.006 0.428
334 334 (0) 4 : 0.550 0.003 0.011 0.436
335 335 (0) 4 : 0.447 0.013 0.005 0.536
336 336 (0) 4 : 0.457 0.015 0.011 0.517
337 337 (0) 4 : 0.500 0.006 0.005 0.489
338 338 (0) 4 : 0.252 0.009 0.016 0.722
339 339 (0) 4 : 0.360 0.004 0.056 0.580
340 340 (0) 4 : 0.270 0.016 0.008 0.706
341 341 (0) 4 : 0.501 0.023 0.012 0.464
342 342 (0) 4 : 0.415 0.009 0.039 0.537
343 343 (0) 4 : 0.662 0.233 0.007 0.098
344 344 (0) 4 : 0.399 0.005 0.009 0.587
345 345 (0) 4 : 0.436 0.014 0.004 0.546
346 346 (0) 4 : 0.437 0.048 0.017 0.498
347 347 (0) 4 : 0.573 0.011 0.045 0.371
348 348 (0) 4 : 0.512 0.010 0.008 0.469
349 349 (0) 4 : 0.650 0.070 0.008 0.272
350 350 (0) 4 : 0.638 0.007 0.009 0.346
351 351 (0) 4 : 0.595 0.006 0.032 0.367
352 352 (0) 4 : 0.651 0.010 0.039 0.301
353 353 (0) 4 : 0.483 0.028 0.006 0.483
354 354 (0) 4 : 0.523 0.010 0.012 0.455
355 355 (0) 4 : 0.409 0.016 0.007 0.568
356 356 (0) 4 : 0.513 0.006 0.015 0.465
357 357 (0) 4 : 0.366 0.005 0.073 0.556
358 358 (0) 4 : 0.597 0.009 0.056 0.339
359 359 (0) 4 : 0.552 0.037 0.102 0.309
360 360 (0) 4 : 0.527 0.009 0.283 0.182
361 361 (0) 4 : 0.396 0.009 0.008 0.588
362 362 (0) 4 : 0.417 0.003 0.015 0.565
363 363 (0) 4 : 0.594 0.005 0.013 0.387
364 364 (0) 4 : 0.208 0.015 0.039 0.738
365 365 (0) 4 : 0.594 0.014 0.018 0.374
366 366 (0) 4 : 0.598 0.007 0.027 0.368
367 367 (0) 4 : 0.475 0.010 0.006 0.509
368 368 (0) 4 : 0.534 0.022 0.006 0.438
369 369 (0) 4 : 0.527 0.012 0.007 0.455
370 370 (0) 4 : 0.503 0.004 0.142 0.352
371 371 (0) 4 : 0.499 0.003 0.014 0.484
372 372 (0) 4 : 0.542 0.004 0.007 0.447
373 373 (0) 4 : 0.532 0.005 0.010 0.453
374 374 (0) 4 : 0.375 0.009 0.010 0.606
375 375 (0) 4 : 0.342 0.047 0.027 0.584
376 376 (0) 4 : 0.543 0.010 0.052 0.394
377 377 (0) 4 : 0.589 0.145 0.175 0.091
378 378 (0) 4 : 0.500 0.004 0.226 0.270
379 379 (0) 4 : 0.521 0.018 0.045 0.415
380 380 (0) 4 : 0.456 0.006 0.008 0.531
381 381 (0) 4 : 0.597 0.026 0.030 0.347
382 382 (0) 4 : 0.326 0.015 0.047 0.612
383 383 (0) 4 : 0.552 0.022 0.079 0.347
384 384 (0) 4 : 0.532 0.020 0.005 0.442
385 385 (0) 4 : 0.356 0.007 0.004 0.633
386 386 (0) 4 : 0.483 0.005 0.005 0.506
387 387 (0) 4 : 0.429 0.009 0.006 0.556
388 388 (0) 4 : 0.532 0.013 0.011 0.444
389 389 (0) 4 : 0.416 0.007 0.066 0.511
390 390 (0) 4 : 0.553 0.025 0.085 0.337
391 391 (0) 4 : 0.439 0.004 0.004 0.553
392 392 (0) 4 : 0.442 0.005 0.007 0.545
393 393 (0) 4 : 0.554 0.004 0.032 0.410
394 394 (0) 4 : 0.563 0.009 0.012 0.416
395 395 (0) 4 : 0.434 0.006 0.005 0.555
396 396 (0) 4 : 0.289 0.009 0.026 0.677
397 397 (0) 4 : 0.483 0.008 0.008 0.501
398 398 (0) 4 : 0.314 0.006 0.009 0.671
399 399 (0) 4 : 0.497 0.005 0.017 0.481
400 400 (0) 4 : 0.484 0.003 0.015 0.498
401 401 (0) 4 : 0.578 0.022 0.074 0.326
402 402 (0) 4 : 0.609 0.008 0.006 0.378
403 403 (0) 4 : 0.536 0.043 0.006 0.416
404 404 (0) 4 : 0.480 0.006 0.021 0.493
405 405 (0) 4 : 0.492 0.006 0.014 0.487
406 406 (0) 4 : 0.284 0.032 0.014 0.671
407 407 (0) 5 : 0.549 0.017 0.004 0.429
408 408 (0) 5 : 0.420 0.003 0.005 0.571
409 409 (0) 5 : 0.414 0.012 0.004 0.570
410 410 (0) 5 : 0.584 0.008 0.004 0.404
411 411 (0) 5 : 0.507 0.009 0.018 0.465
412 412 (0) 5 : 0.493 0.005 0.014 0.489
413 413 (0) 5 : 0.585 0.005 0.006 0.403
414 414 (0) 5 : 0.487 0.106 0.016 0.391
415 415 (0) 5 : 0.590 0.005 0.347 0.058
416 416 (0) 5 : 0.466 0.033 0.004 0.496
417 417 (0) 5 : 0.601 0.039 0.013 0.348
418 418 (0) 5 : 0.548 0.085 0.007 0.361
419 419 (0) 5 : 0.472 0.004 0.022 0.502
420 420 (0) 5 : 0.443 0.009 0.006 0.541
421 421 (0) 5 : 0.590 0.067 0.005 0.337
422 422 (0) 5 : 0.458 0.009 0.007 0.526
423 423 (0) 5 : 0.485 0.064 0.014 0.438
424 424 (0) 5 : 0.395 0.016 0.014 0.576
425 425 (0) 5 : 0.185 0.046 0.009 0.760
426 426 (0) 5 : 0.379 0.010 0.038 0.573
427 427 (0) 5 : 0.461 0.006 0.004 0.530
428 428 (0) 5 : 0.638 0.007 0.009 0.347
429 429 (0) 5 : 0.292 0.007 0.008 0.692
430 430 (0) 5 : 0.465 0.014 0.023 0.498
431 431 (0) 5 : 0.235 0.005 0.004 0.756
432 432 (0) 5 : 0.504 0.026 0.041 0.428
433 433 (0) 5 : 0.637 0.003 0.008 0.352
434 434 (0) 5 : 0.369 0.044 0.010 0.577
435 435 (0) 5 : 0.452 0.007 0.005 0.536
436 436 (0) 5 : 0.540 0.004 0.004 0.452
437 437 (0) 5 : 0.397 0.009 0.009 0.586
438 438 (0) 5 : 0.610 0.181 0.007 0.202
439 439 (0) 5 : 0.361 0.007 0.005 0.627
440 440 (0) 5 : 0.481 0.032 0.009 0.477
441 441 (0) 5 : 0.640 0.017 0.004 0.338
442 442 (0) 5 : 0.236 0.010 0.008 0.746
443 443 (0) 5 : 0.641 0.014 0.018 0.327
444 444 (0) 5 : 0.590 0.006 0.014 0.390
445 445 (0) 5 : 0.862 0.009 0.023 0.106
446 446 (0) 5 : 0.375 0.005 0.036 0.585
447 447 (0) 5 : 0.436 0.025 0.006 0.533
448 448 (0) 5 : 0.130 0.010 0.011 0.849
449 449 (0) 5 : 0.548 0.068 0.006 0.379
450 450 (0) 5 : 0.547 0.007 0.012 0.434
451 451 (0) 5 : 0.389 0.003 0.006 0.601
452 452 (0) 5 : 0.472 0.041 0.029 0.458
453 453 (0) 5 : 0.628 0.005 0.005 0.363
454 454 (0) 5 : 0.313 0.005 0.011 0.671
455 455 (0) 5 : 0.665 0.012 0.003 0.319
456 456 (0) 5 : 0.420 0.054 0.012 0.515
457 457 (0) 5 : 0.604 0.031 0.008 0.357
458 458 (0) 5 : 0.357 0.069 0.011 0.564
459 459 (0) 5 : 0.390 0.010 0.007 0.593
460 460 (0) 5 : 0.387 0.006 0.019 0.588
461 461 (0) 5 : 0.645 0.007 0.014 0.335
462 462 (0) 5 : 0.529 0.007 0.015 0.449
463 463 (0) 5 : 0.514 0.028 0.009 0.449
464 464 (0) 5 : 0.267 0.014 0.007 0.713
465 465 (0) 5 : 0.467 0.007 0.018 0.508
466 466 (0) 5 : 0.654 0.005 0.004 0.337
467 467 (0) 5 : 0.568 0.053 0.044 0.335
468 468 (0) 5 : 0.517 0.013 0.013 0.458
469 469 (0) 5 : 0.438 0.004 0.006 0.552
470 470 (0) 5 : 0.430 0.007 0.012 0.551
471 471 (0) 5 : 0.460 0.010 0.035 0.495
472 472 (0) 5 : 0.601 0.010 0.005 0.384
473 473 (0) 5 : 0.457 0.036 0.003 0.503
474 474 (0) 5 : 0.462 0.006 0.014 0.518
475 475 (0) 5 : 0.555 0.009 0.004 0.432
476 476 (0) 5 : 0.479 0.019 0.004 0.497
477 477 (0) 5 : 0.457 0.016 0.010 0.518
478 478 (0) 5 : 0.466 0.005 0.011 0.519
479 479 (0) 5 : 0.639 0.018 0.006 0.337
480 480 (0) 5 : 0.264 0.005 0.006 0.725
481 481 (0) 5 : 0.556 0.010 0.007 0.427
482 482 (0) 5 : 0.404 0.063 0.007 0.526
483 483 (0) 5 : 0.439 0.015 0.007 0.539
484 484 (0) 5 : 0.461 0.011 0.019 0.510
485 485 (0) 5 : 0.493 0.016 0.006 0.484
486 486 (0) 5 : 0.469 0.013 0.024 0.495
487 487 (0) 5 : 0.525 0.009 0.008 0.458
488 488 (0) 5 : 0.460 0.007 0.011 0.522
489 489 (0) 5 : 0.362 0.006 0.007 0.625
490 490 (0) 5 : 0.518 0.021 0.007 0.454
491 491 (0) 5 : 0.583 0.009 0.013 0.395
492 492 (0) 5 : 0.596 0.005 0.018 0.382
493 493 (0) 5 : 0.495 0.014 0.023 0.468
494 494 (0) 5 : 0.517 0.051 0.006 0.425
495 495 (0) 5 : 0.578 0.020 0.005 0.397
496 496 (0) 5 : 0.338 0.008 0.004 0.650
497 497 (0) 5 : 0.664 0.037 0.007 0.292
498 498 (0) 5 : 0.542 0.014 0.008 0.436
499 499 (0) 5 : 0.554 0.007 0.008 0.432
500 500 (0) 5 : 0.726 0.012 0.007 0.254
501 501 (0) 5 : 0.574 0.017 0.003 0.406
502 502 (0) 5 : 0.528 0.009 0.006 0.457
503 503 (0) 5 : 0.454 0.012 0.003 0.531
504 504 (0) 5 : 0.494 0.277 0.015 0.214
505 505 (0) 5 : 0.491 0.032 0.004 0.473
506 506 (0) 5 : 0.562 0.010 0.147 0.280
507 507 (0) 6 : 0.477 0.004 0.510 0.009
508 508 (0) 6 : 0.595 0.024 0.357 0.024
509 509 (0) 6 : 0.403 0.005 0.579 0.012
510 510 (0) 6 : 0.593 0.007 0.393 0.007
511 511 (0) 6 : 0.483 0.005 0.503 0.008
512 512 (0) 6 : 0.552 0.006 0.430 0.013
513 513 (0) 6 : 0.510 0.004 0.473 0.013
514 514 (0) 6 : 0.530 0.004 0.462 0.005
515 515 (0) 6 : 0.509 0.003 0.483 0.004
516 516 (0) 6 : 0.468 0.005 0.522 0.005
517 517 (0) 6 : 0.663 0.006 0.318 0.013
518 518 (0) 6 : 0.521 0.010 0.447 0.021
519 519 (0) 6 : 0.427 0.006 0.558 0.009
520 520 (0) 6 : 0.633 0.014 0.344 0.009
521 521 (0) 6 : 0.403 0.035 0.549 0.013
522 522 (0) 6 : 0.430 0.018 0.541 0.011
523 523 (0) 6 : 0.329 0.008 0.657 0.007
524 524 (0) 6 : 0.594 0.016 0.383 0.007
525 525 (0) 6 : 0.651 0.056 0.253 0.040
526 526 (0) 6 : 0.577 0.003 0.415 0.005
527 527 (0) 6 : 0.484 0.012 0.484 0.021
528 528 (0) 6 : 0.584 0.018 0.383 0.015
529 529 (0) 6 : 0.189 0.034 0.752 0.026
530 530 (0) 6 : 0.513 0.007 0.470 0.010
531 531 (0) 6 : 0.446 0.059 0.480 0.015
532 532 (0) 6 : 0.504 0.011 0.468 0.017
533 533 (0) 6 : 0.545 0.016 0.431 0.008
534 534 (0) 6 : 0.552 0.009 0.429 0.010
535 535 (0) 6 : 0.472 0.006 0.517 0.005
536 536 (0) 6 : 0.500 0.025 0.402 0.073
537 537 (0) 6 : 0.555 0.006 0.434 0.006
538 538 (0) 6 : 0.551 0.008 0.434 0.007
539 539 (0) 6 : 0.384 0.004 0.608 0.004
540 540 (0) 6 : 0.331 0.004 0.660 0.005
541 541 (0) 6 : 0.452 0.006 0.537 0.005
542 542 (0) 6 : 0.543 0.005 0.446 0.007
543 543 (0) 6 : 0.385 0.011 0.598 0.007
544 544 (0) 6 : 0.349 0.007 0.631 0.014
545 545 (0) 6 : 0.620 0.009 0.365 0.006
546 546 (0) 6 : 0.375 0.004 0.613 0.008
547 547 (0) 6 : 0.442 0.005 0.545 0.007
548 548 (0) 6 : 0.244 0.037 0.702 0.017
549 549 (0) 6 : 0.589 0.017 0.316 0.077
550 550 (0) 6 : 0.499 0.004 0.487 0.010
551 551 (0) 6 : 0.464 0.004 0.523 0.009
552 552 (0) 6 : 0.501 0.003 0.489 0.006
553 553 (0) 6 : 0.573 0.007 0.412 0.009
554 554 (0) 6 : 0.497 0.010 0.477 0.016
555 555 (0) 6 : 0.629 0.004 0.356 0.010
556 556 (0) 6 : 0.570 0.003 0.420 0.007
557 557 (0) 6 : 0.412 0.004 0.576 0.007
558 558 (0) 6 : 0.559 0.005 0.431 0.005
559 559 (0) 6 : 0.498 0.005 0.491 0.006
560 560 (0) 6 : 0.554 0.008 0.431 0.007
561 561 (0) 6 : 0.580 0.007 0.387 0.026
562 562 (0) 6 : 0.364 0.038 0.427 0.172
563 563 (0) 6 : 0.612 0.003 0.375 0.009
564 564 (0) 6 : 0.396 0.008 0.577 0.018
565 565 (0) 6 : 0.509 0.074 0.403 0.014
566 566 (0) 6 : 0.508 0.004 0.481 0.007
567 567 (0) 6 : 0.466 0.005 0.522 0.006
568 568 (0) 6 : 0.501 0.004 0.488 0.007
569 569 (0) 6 : 0.461 0.005 0.526 0.008
570 570 (0) 6 : 0.436 0.007 0.531 0.026
571 571 (0) 6 : 0.328 0.059 0.583 0.030
572 572 (0) 6 : 0.523 0.184 0.251 0.042
573 573 (0) 6 : 0.520 0.003 0.469 0.008
574 574 (0) 6 : 0.385 0.006 0.512 0.098
575 575 (0) 6 : 0.650 0.004 0.340 0.006
576 576 (0) 6 : 0.490 0.006 0.498 0.006
577 577 (0) 6 : 0.463 0.015 0.517 0.005
578 578 (0) 6 : 0.581 0.014 0.397 0.008
579 579 (0) 6 : 0.473 0.011 0.505 0.011
580 580 (0) 6 : 0.488 0.005 0.502 0.006
581 581 (0) 6 : 0.424 0.008 0.560 0.008
582 582 (0) 6 : 0.516 0.003 0.475 0.005
583 583 (0) 6 : 0.507 0.004 0.484 0.005
584 584 (0) 6 : 0.511 0.008 0.471 0.009
585 585 (0) 6 : 0.569 0.010 0.406 0.015
586 586 (0) 6 : 0.491 0.007 0.485 0.017
587 587 (0) 6 : 0.593 0.005 0.393 0.010
588 588 (0) 6 : 0.409 0.006 0.569 0.017
589 589 (0) 6 : 0.478 0.009 0.490 0.023
590 590 (0) 6 : 0.447 0.017 0.527 0.009
591 591 (0) 6 : 0.408 0.004 0.581 0.007
592 592 (0) 6 : 0.462 0.005 0.528 0.005
593 593 (0) 6 : 0.471 0.009 0.512 0.008
594 594 (0) 6 : 0.479 0.005 0.509 0.006
595 595 (0) 6 : 0.396 0.030 0.546 0.028
596 596 (0) 6 : 0.451 0.015 0.510 0.024
597 597 (0) 6 : 0.443 0.036 0.512 0.010
598 598 (0) 6 : 0.743 0.008 0.235 0.015
599 599 (0) 6 : 0.423 0.022 0.545 0.010
600 600 (0) 6 : 0.472 0.008 0.513 0.007
601 601 (0) 6 : 0.364 0.005 0.617 0.014
602 602 (0) 6 : 0.473 0.009 0.511 0.006
603 603 (0) 6 : 0.484 0.003 0.508 0.005
604 604 (0) 6 : 0.505 0.005 0.485 0.005
605 605 (0) 6 : 0.393 0.006 0.593 0.008
606 606 (0) 6 : 0.518 0.004 0.470 0.009
607 607 (0) 7 : 0.465 0.518 0.007 0.009
608 608 (0) 7 : 0.561 0.424 0.007 0.008
609 609 (0) 7 : 0.464 0.523 0.004 0.009
610 610 (0) 7 : 0.476 0.501 0.013 0.010
611 611 (0) 7 : 0.594 0.391 0.010 0.006
612 612 (0) 7 : 0.537 0.452 0.005 0.006
613 613 (0) 7 : 0.532 0.458 0.004 0.007
614 614 (0) 7 : 0.403 0.587 0.005 0.005
615 615 (0) 7 : 0.494 0.495 0.003 0.008
616 616 (0) 7 : 0.371 0.617 0.006 0.005
617 617 (0) 7 : 0.598 0.388 0.005 0.009
618 618 (0) 7 : 0.493 0.445 0.006 0.056
619 619 (0) 7 : 0.503 0.489 0.004 0.004
620 620 (0) 7 : 0.565 0.411 0.012 0.012
621 621 (0) 7 : 0.464 0.522 0.004 0.009
622 622 (0) 7 : 0.425 0.553 0.016 0.006
623 623 (0) 7 : 0.526 0.464 0.003 0.007
624 624 (0) 7 : 0.455 0.529 0.005 0.012
625 625 (0) 7 : 0.519 0.463 0.010 0.007
626 626 (0) 7 : 0.333 0.647 0.006 0.015
627 627 (0) 7 : 0.483 0.510 0.003 0.003
628 628 (0) 7 : 0.578 0.404 0.008 0.011
629 629 (0) 7 : 0.543 0.450 0.003 0.004
630 630 (0) 7 : 0.377 0.520 0.009 0.094
631 631 (0) 7 : 0.491 0.489 0.009 0.012
632 632 (0) 7 : 0.439 0.551 0.006 0.004
633 633 (0) 7 : 0.518 0.473 0.003 0.006
634 634 (0) 7 : 0.523 0.457 0.004 0.017
635 635 (0) 7 : 0.448 0.525 0.007 0.020
636 636 (0) 7 : 0.591 0.395 0.007 0.007
637 637 (0) 7 : 0.313 0.677 0.004 0.006
638 638 (0) 7 : 0.531 0.456 0.005 0.008
639 639 (0) 7 : 0.476 0.495 0.017 0.011
640 640 (0) 7 : 0.525 0.437 0.007 0.032
641 641 (0) 7 : 0.341 0.649 0.004 0.006
642 642 (0) 7 : 0.471 0.513 0.008 0.008
643 643 (0) 7 : 0.500 0.477 0.016 0.007
644 644 (0) 7 : 0.366 0.602 0.007 0.025
645 645 (0) 7 : 0.467 0.483 0.037 0.013
646 646 (0) 7 : 0.420 0.570 0.005 0.005
647 647 (0) 7 : 0.434 0.549 0.011 0.007
648 648 (0) 7 : 0.549 0.426 0.010 0.015
649 649 (0) 7 : 0.607 0.344 0.037 0.012
650 650 (0) 7 : 0.522 0.460 0.003 0.014
651 651 (0) 7 : 0.470 0.523 0.003 0.005
652 652 (0) 7 : 0.488 0.496 0.005 0.011
653 653 (0) 7 : 0.537 0.450 0.003 0.009
654 654 (0) 7 : 0.537 0.453 0.004 0.007
655 655 (0) 7 : 0.559 0.411 0.021 0.008
656 656 (0) 7 : 0.531 0.447 0.010 0.012
657 657 (0) 7 : 0.540 0.447 0.007 0.006
658 658 (0) 7 : 0.455 0.519 0.016 0.010
659 659 (0) 7 : 0.471 0.521 0.004 0.004
660 660 (0) 7 : 0.550 0.441 0.003 0.006
661 661 (0) 7 : 0.438 0.525 0.022 0.015
662 662 (0) 7 : 0.570 0.405 0.016 0.009
663 663 (0) 7 : 0.507 0.445 0.031 0.017
664 664 (0) 7 : 0.677 0.314 0.005 0.003
665 665 (0) 7 : 0.540 0.422 0.015 0.022
666 666 (0) 7 : 0.427 0.545 0.015 0.013
667 667 (0) 7 : 0.590 0.398 0.004 0.008
668 668 (0) 7 : 0.498 0.488 0.005 0.008
669 669 (0) 7 : 0.536 0.453 0.005 0.007
670 670 (0) 7 : 0.653 0.332 0.007 0.008
671 671 (0) 7 : 0.497 0.490 0.004 0.009
672 672 (0) 7 : 0.211 0.775 0.008 0.006
673 673 (0) 7 : 0.482 0.496 0.008 0.014
674 674 (0) 7 : 0.298 0.688 0.006 0.008
675 675 (0) 7 : 0.398 0.583 0.008 0.011
676 676 (0) 7 : 0.397 0.593 0.003 0.007
677 677 (0) 7 : 0.570 0.410 0.009 0.010
678 678 (0) 7 : 0.538 0.405 0.004 0.052
679 679 (0) 7 : 0.464 0.527 0.003 0.006
680 680 (0) 7 : 0.535 0.433 0.013 0.019
681 681 (0) 7 : 0.342 0.645 0.006 0.007
682 682 (0) 7 : 0.363 0.626 0.005 0.007
683 683 (0) 7 : 0.519 0.418 0.007 0.056
684 684 (0) 7 : 0.434 0.556 0.005 0.004
685 685 (0) 7 : 0.459 0.528 0.005 0.008
686 686 (0) 7 : 0.664 0.304 0.021 0.011
687 687 (0) 7 : 0.624 0.357 0.013 0.006
688 688 (0) 7 : 0.570 0.411 0.011 0.008
689 689 (0) 7 : 0.453 0.539 0.004 0.004
690 690 (0) 7 : 0.563 0.408 0.015 0.014
691 691 (0) 7 : 0.598 0.386 0.004 0.011
692 692 (0) 7 : 0.535 0.452 0.004 0.009
693 693 (0) 7 : 0.398 0.590 0.005 0.007
694 694 (0) 7 : 0.378 0.609 0.006 0.006
695 695 (0) 7 : 0.471 0.508 0.011 0.011
696 696 (0) 7 : 0.452 0.496 0.045 0.007
697 697 (0) 7 : 0.468 0.513 0.004 0.016
698 698 (0) 7 : 0.486 0.482 0.006 0.026
699 699 (0) 7 : 0.545 0.442 0.005 0.008
700 700 (0) 7 : 0.420 0.531 0.007 0.041
701 701 (0) 7 : 0.523 0.455 0.015 0.007
702 702 (0) 7 : 0.564 0.427 0.004 0.005
703 703 (0) 7 : 0.544 0.420 0.024 0.012
704 704 (0) 7 : 0.320 0.663 0.010 0.007
705 705 (0) 7 : 0.522 0.446 0.015 0.017
706 706 (0) 7 : 0.618 0.371 0.005 0.005
707 707 (0) 8 : 0.458 0.005 0.007 0.530
708 708 (0) 8 : 0.401 0.004 0.005 0.590
709 709 (0) 8 : 0.387 0.014 0.019 0.580
710 710 (0) 8 : 0.536 0.014 0.006 0.444
711 711 (0) 8 : 0.324 0.015 0.010 0.651
712 712 (0) 8 : 0.438 0.017 0.007 0.538
713 713 (0) 8 : 0.334 0.067 0.005 0.593
714 714 (0) 8 : 0.340 0.054 0.005 0.601
715 715 (0) 8 : 0.469 0.043 0.024 0.464
716 716 (0) 8 : 0.749 0.057 0.012 0.183
717 717 (0) 8 : 0.658 0.008 0.010 0.324
718 718 (0) 8 : 0.246 0.031 0.005 0.719
719 719 (0) 8 : 0.428 0.010 0.006 0.557
720 720 (0) 8 : 0.519 0.143 0.009 0.330
721 721 (0) 8 : 0.405 0.007 0.010 0.578
722 722 (0) 8 : 0.500 0.102 0.013 0.385
723 723 (0) 8 : 0.489 0.108 0.006 0.397
724 724 (0) 8 : 0.523 0.008 0.004 0.465
725 725 (0) 8 : 0.144 0.008 0.009 0.838
726 726 (0) 8 : 0.487 0.018 0.024 0.470
727 727 (0) 8 : 0.378 0.018 0.005 0.599
728 728 (0) 8 : 0.480 0.105 0.005 0.410
729 729 (0) 8 : 0.479 0.012 0.006 0.502
730 730 (0) 8 : 0.475 0.009 0.005 0.512
731 731 (0) 8 : 0.489 0.011 0.012 0.488
732 732 (0) 8 : 0.137 0.005 0.011 0.847
733 733 (0) 8 : 0.268 0.008 0.006 0.718
734 734 (0) 8 : 0.204 0.006 0.009 0.781
735 735 (0) 8 : 0.314 0.008 0.068 0.610
736 736 (0) 8 : 0.400 0.091 0.016 0.493
737 737 (0) 8 : 0.497 0.021 0.011 0.470
738 738 (0) 8 : 0.576 0.062 0.004 0.359
739 739 (0) 8 : 0.453 0.010 0.004 0.534
740 740 (0) 8 : 0.423 0.005 0.011 0.562
741 741 (0) 8 : 0.224 0.021 0.035 0.719
742 742 (0) 8 : 0.478 0.031 0.004 0.487
743 743 (0) 8 : 0.483 0.008 0.004 0.505
744 744 (0) 8 : 0.558 0.010 0.007 0.425
745 745 (0) 8 : 0.536 0.006 0.018 0.440
746 746 (0) 8 : 0.562 0.047 0.009 0.381
747 747 (0) 8 : 0.402 0.020 0.005 0.573
748 748 (0) 8 : 0.426 0.006 0.007 0.562
749 749 (0) 8 : 0.385 0.018 0.004 0.593
750 750 (0) 8 : 0.487 0.020 0.005 0.488
751 751 (0) 8 : 0.577 0.008 0.022 0.393
752 752 (0) 8 : 0.524 0.198 0.014 0.264
753 753 (0) 8 : 0.418 0.016 0.004 0.561
754 754 (0) 8 : 0.321 0.011 0.012 0.656
755 755 (0) 8 : 0.465 0.008 0.018 0.509
756 756 (0) 8 : 0.561 0.046 0.016 0.377
757 757 (0) 8 : 0.459 0.092 0.004 0.445
758 758 (0) 8 : 0.634 0.011 0.007 0.347
759 759 (0) 8 : 0.408 0.011 0.007 0.574
760 760 (0) 8 : 0.485 0.013 0.097 0.405
761 761 (0) 8 : 0.287 0.008 0.004 0.700
762 762 (0) 8 : 0.299 0.007 0.004 0.690
763 763 (0) 8 : 0.361 0.014 0.009 0.616
764 764 (0) 8 : 0.384 0.005 0.005 0.606
765 765 (0) 8 : 0.348 0.011 0.010 0.631
766 766 (0) 8 : 0.566 0.011 0.019 0.403
767 767 (0) 8 : 0.680 0.011 0.009 0.301
768 768 (0) 8 : 0.470 0.013 0.129 0.388
769 769 (0) 8 : 0.597 0.051 0.028 0.324
770 770 (0) 8 : 0.566 0.069 0.011 0.354
771 771 (0) 8 : 0.304 0.009 0.005 0.683
772 772 (0) 8 : 0.563 0.010 0.005 0.421
773 773 (0) 8 : 0.550 0.008 0.003 0.439
774 774 (0) 8 : 0.386 0.009 0.065 0.540
775 775 (0) 8 : 0.562 0.194 0.007 0.237
776 776 (0) 8 : 0.108 0.011 0.004 0.877
777 777 (0) 8 : 0.614 0.011 0.010 0.364
778 778 (0) 8 : 0.724 0.012 0.016 0.248
779 779 (0) 8 : 0.335 0.009 0.010 0.645
780 780 (0) 8 : 0.520 0.103 0.006 0.371
781 781 (0) 8 : 0.453 0.021 0.004 0.523
782 782 (0) 8 : 0.376 0.013 0.004 0.607
783 783 (0) 8 : 0.421 0.020 0.008 0.552
784 784 (0) 8 : 0.342 0.007 0.027 0.624
785 785 (0) 8 : 0.137 0.005 0.005 0.854
786 786 (0) 8 : 0.446 0.008 0.009 0.537
787 787 (0) 8 : 0.371 0.012 0.006 0.612
788 788 (0) 8 : 0.411 0.010 0.008 0.571
789 789 (0) 8 : 0.351 0.007 0.005 0.638
790 790 (0) 8 : 0.689 0.017 0.254 0.040
791 791 (0) 8 : 0.554 0.009 0.008 0.429
792 792 (0) 8 : 0.478 0.011 0.007 0.503
793 793 (0) 8 : 0.597 0.160 0.011 0.232
794 794 (0) 8 : 0.536 0.012 0.006 0.446
795 795 (0) 8 : 0.479 0.024 0.005 0.492
796 796 (0) 8 : 0.495 0.004 0.007 0.494
797 797 (0) 8 : 0.615 0.090 0.040 0.254
798 798 (0) 8 : 0.671 0.137 0.020 0.172
799 799 (0) 8 : 0.440 0.011 0.070 0.479
800 800 (0) 8 : 0.267 0.013 0.023 0.696
801 801 (0) 8 : 0.501 0.013 0.029 0.457
802 802 (0) 8 : 0.448 0.066 0.008 0.478
803 803 (0) 8 : 0.593 0.013 0.007 0.387
804 804 (0) 8 : 0.560 0.014 0.023 0.404
805 805 (0) 8 : 0.501 0.006 0.023 0.470
806 806 (0) 8 : 0.514 0.014 0.007 0.465
807 807 (0) 9 : 0.016 0.017 0.009 0.959
808 808 (0) 9 : 0.027 0.008 0.006 0.959
809 809 (0) 10 : 0.173 0.005 0.028 0.795
810 810 (0) 10 : 0.058 0.004 0.005 0.932
811 811 (0) 10 : 0.095 0.055 0.090 0.760
812 812 (0) 10 : 0.138 0.010 0.012 0.840
813 813 (0) 10 : 0.020 0.011 0.013 0.957
814 814 (0) 10 : 0.065 0.018 0.004 0.912
815 815 (0) 10 : 0.262 0.004 0.019 0.714
816 816 (0) 10 : 0.256 0.011 0.059 0.674
817 817 (0) 10 : 0.225 0.010 0.137 0.627
818 818 (0) 10 : 0.468 0.017 0.007 0.508
819 819 (0) 10 : 0.378 0.026 0.010 0.587
820 820 (0) 10 : 0.212 0.003 0.018 0.767
821 821 (0) 10 : 0.306 0.016 0.046 0.631
822 822 (0) 10 : 0.337 0.017 0.124 0.522
823 823 (0) 10 : 0.021 0.004 0.079 0.897
824 824 (0) 10 : 0.076 0.006 0.129 0.789
825 825 (0) 10 : 0.063 0.012 0.155 0.770
826 826 (0) 10 : 0.174 0.005 0.035 0.786
827 827 (0) 10 : 0.233 0.036 0.032 0.699
828 828 (0) 10 : 0.158 0.007 0.013 0.821
829 829 (0) 10 : 0.206 0.034 0.043 0.717
830 830 (0) 10 : 0.247 0.018 0.080 0.654
831 831 (0) 10 : 0.042 0.017 0.004 0.936
832 832 (0) 10 : 0.015 0.005 0.016 0.964
833 833 (0) 10 : 0.023 0.032 0.009 0.936
834 834 (0) 10 : 0.012 0.046 0.025 0.917
835 835 (0) 10 : 0.019 0.004 0.010 0.967
836 836 (0) 10 : 0.406 0.004 0.021 0.569
837 837 (0) 10 : 0.055 0.004 0.007 0.934
838 838 (0) 10 : 0.036 0.004 0.024 0.936
839 839 (0) 10 : 0.459 0.007 0.037 0.497
840 840 (0) 10 : 0.249 0.014 0.007 0.730
841 841 (0) 10 : 0.254 0.006 0.029 0.710
842 842 (0) 10 : 0.088 0.034 0.006 0.872
843 843 (0) 10 : 0.233 0.024 0.008 0.736
844 844 (0) 10 : 0.173 0.019 0.010 0.798
845 845 (0) 10 : 0.028 0.054 0.019 0.899
846 846 (0) 10 : 0.211 0.004 0.090 0.695
847 847 (0) 10 : 0.024 0.014 0.011 0.951
848 848 (0) 10 : 0.255 0.006 0.011 0.727
849 849 (0) 10 : 0.363 0.006 0.109 0.522
850 850 (0) 10 : 0.173 0.143 0.068 0.616
851 851 (0) 10 : 0.064 0.008 0.247 0.680
852 852 (0) 10 : 0.222 0.009 0.027 0.742
853 853 (0) 10 : 0.058 0.023 0.019 0.900
854 854 (0) 10 : 0.388 0.010 0.006 0.595
855 855 (0) 10 : 0.254 0.011 0.110 0.625
856 856 (0) 10 : 0.173 0.013 0.012 0.802
857 857 (0) 10 : 0.010 0.008 0.042 0.941
858 858 (0) 10 : 0.069 0.004 0.074 0.853
859 859 (0) 10 : 0.109 0.007 0.014 0.870
860 860 (0) 10 : 0.241 0.011 0.038 0.709
861 861 (0) 10 : 0.216 0.006 0.029 0.749
862 862 (0) 10 : 0.026 0.004 0.006 0.964
863 863 (0) 10 : 0.354 0.008 0.019 0.618
864 864 (0) 10 : 0.294 0.045 0.042 0.618
865 865 (0) 10 : 0.322 0.004 0.060 0.614
866 866 (0) 10 : 0.696 0.003 0.008 0.292
867 867 (0) 10 : 0.219 0.014 0.023 0.744
868 868 (0) 10 : 0.007 0.003 0.062 0.928
869 869 (0) 10 : 0.054 0.042 0.031 0.873
870 870 (0) 10 : 0.068 0.007 0.025 0.901
871 871 (0) 10 : 0.508 0.015 0.008 0.469
872 872 (0) 10 : 0.162 0.017 0.048 0.773
873 873 (0) 10 : 0.012 0.012 0.084 0.892
874 874 (0) 10 : 0.110 0.006 0.014 0.870
875 875 (0) 10 : 0.151 0.004 0.030 0.816
876 876 (0) 10 : 0.299 0.006 0.008 0.687
877 877 (0) 10 : 0.332 0.004 0.017 0.647
878 878 (0) 10 : 0.358 0.004 0.022 0.617
879 879 (0) 10 : 0.018 0.010 0.008 0.964
880 880 (0) 10 : 0.232 0.011 0.124 0.634
881 881 (0) 10 : 0.256 0.013 0.010 0.721
882 882 (0) 10 : 0.264 0.007 0.017 0.712
883 883 (0) 10 : 0.207 0.004 0.069 0.720
884 884 (0) 10 : 0.384 0.004 0.028 0.584
885 885 (0) 10 : 0.279 0.005 0.028 0.688
886 886 (0) 10 : 0.064 0.039 0.006 0.892
887 887 (0) 10 : 0.371 0.004 0.009 0.615
888 888 (0) 10 : 0.080 0.008 0.030 0.882
889 889 (0) 10 : 0.039 0.012 0.212 0.738
890 890 (0) 10 : 0.336 0.007 0.010 0.647
891 891 (0) 10 : 0.111 0.005 0.006 0.878
892 892 (0) 10 : 0.240 0.008 0.018 0.734
893 893 (0) 10 : 0.207 0.003 0.005 0.785
894 894 (0) 10 : 0.367 0.006 0.003 0.623
895 895 (0) 10 : 0.307 0.004 0.007 0.682
896 896 (0) 10 : 0.244 0.008 0.005 0.742
897 897 (0) 10 : 0.016 0.019 0.136 0.829
898 898 (0) 10 : 0.281 0.013 0.053 0.654
899 899 (0) 10 : 0.222 0.006 0.010 0.762
900 900 (0) 10 : 0.051 0.016 0.014 0.919
901 901 (0) 10 : 0.010 0.008 0.024 0.957
902 902 (0) 10 : 0.265 0.006 0.006 0.723
903 903 (0) 10 : 0.376 0.006 0.047 0.572
904 904 (0) 10 : 0.191 0.014 0.118 0.677
905 905 (0) 10 : 0.364 0.005 0.007 0.623
906 906 (0) 10 : 0.334 0.006 0.016 0.644
907 907 (0) 10 : 0.074 0.007 0.023 0.896
908 908 (0) 10 : 0.058 0.007 0.006 0.929
909 909 (0) 11 : 0.075 0.019 0.011 0.894
910 910 (0) 11 : 0.069 0.015 0.007 0.908
911 911 (0) 11 : 0.098 0.012 0.021 0.870
912 912 (0) 11 : 0.319 0.016 0.004 0.662
913 913 (0) 11 : 0.056 0.018 0.009 0.918
914 914 (0) 11 : 0.461 0.004 0.006 0.529
915 915 (0) 11 : 0.055 0.033 0.006 0.906
916 916 (0) 11 : 0.024 0.013 0.009 0.954
917 917 (0) 11 : 0.033 0.005 0.013 0.949
918 918 (0) 11 : 0.093 0.011 0.008 0.888
919 919 (0) 11 : 0.122 0.045 0.008 0.825
920 920 (0) 11 : 0.148 0.019 0.012 0.820
921 921 (0) 11 : 0.319 0.004 0.008 0.669
922 922 (0) 11 : 0.257 0.026 0.010 0.708
923 923 (0) 11 : 0.212 0.102 0.008 0.678
924 924 (0) 11 : 0.160 0.011 0.013 0.816
925 925 (0) 11 : 0.167 0.010 0.040 0.783
926 926 (0) 11 : 0.317 0.014 0.007 0.662
927 927 (0) 11 : 0.187 0.006 0.006 0.801
928 928 (0) 11 : 0.081 0.034 0.017 0.868
929 929 (0) 11 : 0.262 0.005 0.010 0.723
930 930 (0) 11 : 0.015 0.031 0.004 0.950
931 931 (0) 11 : 0.126 0.004 0.007 0.863
932 932 (0) 11 : 0.007 0.005 0.007 0.982
933 933 (0) 11 : 0.137 0.006 0.023 0.834
934 934 (0) 11 : 0.013 0.032 0.006 0.950
935 935 (0) 11 : 0.358 0.005 0.004 0.633
936 936 (0) 11 : 0.291 0.006 0.009 0.694
937 937 (0) 11 : 0.015 0.008 0.004 0.972
938 938 (0) 11 : 0.070 0.006 0.012 0.912
939 939 (0) 11 : 0.340 0.088 0.083 0.489
940 940 (0) 11 : 0.283 0.043 0.012 0.662
941 941 (0) 11 : 0.080 0.004 0.004 0.912
942 942 (0) 11 : 0.385 0.011 0.013 0.591
943 943 (0) 11 : 0.376 0.027 0.007 0.590
944 944 (0) 11 : 0.138 0.013 0.057 0.792
945 945 (0) 11 : 0.447 0.025 0.020 0.508
946 946 (0) 11 : 0.644 0.035 0.071 0.250
947 947 (0) 11 : 0.140 0.004 0.013 0.843
948 948 (0) 11 : 0.465 0.005 0.007 0.523
949 949 (0) 11 : 0.351 0.039 0.016 0.594
950 950 (0) 11 : 0.188 0.026 0.044 0.741
951 951 (0) 11 : 0.036 0.079 0.012 0.874
952 952 (0) 11 : 0.090 0.194 0.004 0.712
953 953 (0) 11 : 0.080 0.156 0.008 0.756
954 954 (0) 11 : 0.243 0.006 0.004 0.748
955 955 (0) 11 : 0.441 0.008 0.009 0.543
956 956 (0) 11 : 0.204 0.010 0.008 0.779
957 957 (0) 11 : 0.241 0.005 0.005 0.750
958 958 (0) 11 : 0.267 0.206 0.005 0.522
959 959 (0) 11 : 0.043 0.012 0.006 0.939
960 960 (0) 11 : 0.187 0.008 0.016 0.789
961 961 (0) 11 : 0.107 0.012 0.004 0.877
962 962 (0) 11 : 0.010 0.004 0.016 0.970
963 963 (0) 11 : 0.250 0.014 0.009 0.726
964 964 (0) 11 : 0.089 0.022 0.015 0.874
965 965 (0) 11 : 0.243 0.006 0.005 0.746
966 966 (0) 11 : 0.254 0.010 0.006 0.730
967 967 (0) 11 : 0.149 0.081 0.004 0.766
968 968 (0) 11 : 0.015 0.019 0.005 0.961
969 969 (0) 11 : 0.145 0.008 0.005 0.842
970 970 (0) 11 : 0.247 0.027 0.006 0.720
971 971 (0) 11 : 0.059 0.008 0.008 0.925
972 972 (0) 11 : 0.230 0.006 0.007 0.757
973 973 (0) 11 : 0.348 0.047 0.011 0.594
974 974 (0) 11 : 0.412 0.008 0.005 0.576
975 975 (0) 11 : 0.078 0.006 0.009 0.906
976 976 (0) 11 : 0.037 0.019 0.005 0.939
977 977 (0) 11 : 0.359 0.004 0.006 0.632
978 978 (0) 11 : 0.087 0.030 0.011 0.871
979 979 (0) 11 : 0.171 0.012 0.284 0.532
980 980 (0) 11 : 0.227 0.010 0.005 0.758
981 981 (0) 11 : 0.033 0.013 0.007 0.948
982 982 (0) 11 : 0.376 0.018 0.024 0.582
983 983 (0) 11 : 0.124 0.019 0.013 0.845
984 984 (0) 11 : 0.475 0.010 0.066 0.449
985 985 (0) 11 : 0.099 0.005 0.006 0.889
986 986 (0) 11 : 0.325 0.014 0.013 0.647
987 987 (0) 11 : 0.049 0.007 0.010 0.934
988 988 (0) 11 : 0.671 0.013 0.005 0.312
989 989 (0) 11 : 0.141 0.007 0.006 0.845
990 990 (0) 11 : 0.195 0.034 0.005 0.767
991 991 (0) 11 : 0.058 0.008 0.019 0.914
992 992 (0) 11 : 0.148 0.009 0.008 0.835
993 993 (0) 11 : 0.056 0.005 0.004 0.935
994 994 (0) 11 : 0.021 0.005 0.004 0.970
995 995 (0) 11 : 0.212 0.011 0.010 0.767
996 996 (0) 11 : 0.009 0.016 0.009 0.967
997 997 (0) 11 : 0.082 0.165 0.008 0.745
998 998 (0) 11 : 0.061 0.006 0.004 0.930
999 999 (0) 11 : 0.312 0.005 0.005 0.679
1000 1000 (0) 11 : 0.369 0.006 0.013 0.612
1001 1001 (0) 11 : 0.354 0.006 0.012 0.629
1002 1002 (0) 11 : 0.014 0.009 0.008 0.969
1003 1003 (0) 11 : 0.152 0.004 0.006 0.838
1004 1004 (0) 11 : 0.011 0.094 0.021 0.874
1005 1005 (0) 11 : 0.260 0.007 0.028 0.704
1006 1006 (0) 11 : 0.167 0.031 0.008 0.794
1007 1007 (0) 11 : 0.444 0.029 0.006 0.522
1008 1008 (0) 11 : 0.237 0.005 0.005 0.753
1009 1009 (0) 12 : 0.222 0.006 0.745 0.027
1010 1010 (0) 12 : 0.246 0.006 0.692 0.056
1011 1011 (0) 12 : 0.266 0.007 0.718 0.009
1012 1012 (0) 12 : 0.104 0.013 0.865 0.018
1013 1013 (0) 12 : 0.248 0.003 0.744 0.005
1014 1014 (0) 12 : 0.212 0.004 0.771 0.014
1015 1015 (0) 12 : 0.347 0.022 0.609 0.022
1016 1016 (0) 12 : 0.209 0.004 0.783 0.004
1017 1017 (0) 12 : 0.145 0.067 0.752 0.037
1018 1018 (0) 12 : 0.235 0.049 0.688 0.028
1019 1019 (0) 12 : 0.315 0.005 0.675 0.005
1020 1020 (0) 12 : 0.230 0.004 0.757 0.008
1021 1021 (0) 12 : 0.038 0.118 0.802 0.042
1022 1022 (0) 12 : 0.217 0.014 0.737 0.032
1023 1023 (0) 12 : 0.390 0.004 0.600 0.006
1024 1024 (0) 12 : 0.281 0.004 0.711 0.004
1025 1025 (0) 12 : 0.170 0.003 0.813 0.014
1026 1026 (0) 12 : 0.162 0.006 0.820 0.012
1027 1027 (0) 12 : 0.335 0.007 0.653 0.005
1028 1028 (0) 12 : 0.102 0.052 0.839 0.007
1029 1029 (0) 12 : 0.191 0.156 0.642 0.011
1030 1030 (0) 12 : 0.307 0.006 0.680 0.007
1031 1031 (0) 12 : 0.294 0.010 0.685 0.011
1032 1032 (0) 12 : 0.296 0.005 0.689 0.009
1033 1033 (0) 12 : 0.251 0.012 0.720 0.016
1034 1034 (0) 12 : 0.224 0.029 0.719 0.028
1035 1035 (0) 12 : 0.325 0.006 0.660 0.009
1036 1036 (0) 12 : 0.131 0.004 0.848 0.018
1037 1037 (0) 12 : 0.250 0.007 0.729 0.013
1038 1038 (0) 12 : 0.233 0.007 0.745 0.015
1039 1039 (0) 12 : 0.130 0.016 0.825 0.028
1040 1040 (0) 12 : 0.261 0.006 0.715 0.018
1041 1041 (0) 12 : 0.212 0.006 0.775 0.006
1042 1042 (0) 12 : 0.324 0.004 0.667 0.005
1043 1043 (0) 12 : 0.140 0.092 0.738 0.030
1044 1044 (0) 12 : 0.022 0.009 0.941 0.028
1045 1045 (0) 12 : 0.261 0.006 0.716 0.017
1046 1046 (0) 12 : 0.193 0.008 0.534 0.264
1047 1047 (0) 12 : 0.353 0.037 0.577 0.032
1048 1048 (0) 12 : 0.214 0.003 0.777 0.005
1049 1049 (0) 12 : 0.107 0.003 0.866 0.024
1050 1050 (0) 12 : 0.376 0.006 0.602 0.016
1051 1051 (0) 12 : 0.214 0.035 0.720 0.032
1052 1052 (0) 12 : 0.246 0.008 0.733 0.013
1053 1053 (0) 12 : 0.394 0.004 0.592 0.010
1054 1054 (0) 12 : 0.217 0.005 0.771 0.007
1055 1055 (0) 12 : 0.175 0.004 0.807 0.014
1056 1056 (0) 12 : 0.085 0.060 0.837 0.017
1057 1057 (0) 12 : 0.165 0.004 0.826 0.005
1058 1058 (0) 12 : 0.161 0.024 0.769 0.047
1059 1059 (0) 12 : 0.396 0.007 0.583 0.014
1060 1060 (0) 12 : 0.237 0.003 0.756 0.004
1061 1061 (0) 12 : 0.289 0.008 0.694 0.009
1062 1062 (0) 12 : 0.391 0.014 0.589 0.006
1063 1063 (0) 12 : 0.279 0.006 0.705 0.010
1064 1064 (0) 12 : 0.191 0.004 0.800 0.005
1065 1065 (0) 12 : 0.034 0.005 0.953 0.008
1066 1066 (0) 12 : 0.192 0.008 0.789 0.011
1067 1067 (0) 12 : 0.224 0.004 0.766 0.006
1068 1068 (0) 12 : 0.221 0.004 0.763 0.012
1069 1069 (0) 12 : 0.098 0.004 0.829 0.070
1070 1070 (0) 12 : 0.267 0.004 0.724 0.005
1071 1071 (0) 12 : 0.175 0.004 0.814 0.007
1072 1072 (0) 12 : 0.210 0.004 0.780 0.005
1073 1073 (0) 12 : 0.016 0.036 0.932 0.017
1074 1074 (0) 12 : 0.114 0.021 0.837 0.028
1075 1075 (0) 12 : 0.156 0.003 0.834 0.006
1076 1076 (0) 12 : 0.204 0.008 0.774 0.014
1077 1077 (0) 12 : 0.075 0.003 0.900 0.022
1078 1078 (0) 12 : 0.201 0.006 0.786 0.007
1079 1079 (0) 12 : 0.229 0.003 0.761 0.007
1080 1080 (0) 12 : 0.376 0.036 0.575 0.013
1081 1081 (0) 12 : 0.192 0.004 0.793 0.011
1082 1082 (0) 12 : 0.262 0.006 0.726 0.006
1083 1083 (0) 12 : 0.316 0.006 0.669 0.010
1084 1084 (0) 12 : 0.325 0.009 0.610 0.057
1085 1085 (0) 12 : 0.250 0.009 0.731 0.010
1086 1086 (0) 12 : 0.220 0.013 0.635 0.131
1087 1087 (0) 12 : 0.042 0.003 0.945 0.010
1088 1088 (0) 12 : 0.259 0.006 0.708 0.027
1089 1089 (0) 12 : 0.196 0.007 0.791 0.007
1090 1090 (0) 12 : 0.429 0.010 0.551 0.010
1091 1091 (0) 12 : 0.288 0.003 0.704 0.004
1092 1092 (0) 12 : 0.284 0.005 0.703 0.008
1093 1093 (0) 12 : 0.047 0.039 0.799 0.115
1094 1094 (0) 12 : 0.404 0.010 0.582 0.005
1095 1095 (0) 12 : 0.228 0.009 0.750 0.013
1096 1096 (0) 12 : 0.154 0.008 0.826 0.012
1097 1097 (0) 12 : 0.177 0.008 0.792 0.023
1098 1098 (0) 12 : 0.240 0.006 0.748 0.005
1099 1099 (0) 12 : 0.138 0.023 0.791 0.048
1100 1100 (0) 12 : 0.128 0.032 0.814 0.026
1101 1101 (0) 12 : 0.170 0.020 0.801 0.008
1102 1102 (0) 12 : 0.165 0.006 0.821 0.008
1103 1103 (0) 12 : 0.232 0.003 0.759 0.006
1104 1104 (0) 12 : 0.221 0.003 0.769 0.007
1105 1105 (0) 12 : 0.198 0.010 0.780 0.011
1106 1106 (0) 12 : 0.240 0.007 0.744 0.010
1107 1107 (0) 12 : 0.270 0.021 0.700 0.009
1108 1108 (0) 12 : 0.253 0.007 0.717 0.023
1109 1109 (0) 13 : 0.157 0.834 0.004 0.004
1110 1110 (0) 13 : 0.137 0.844 0.004 0.015
1111 1111 (0) 13 : 0.317 0.671 0.007 0.005
1112 1112 (0) 13 : 0.096 0.894 0.003 0.007
1113 1113 (0) 13 : 0.361 0.624 0.005 0.010
1114 1114 (0) 13 : 0.157 0.833 0.005 0.006
1115 1115 (0) 13 : 0.054 0.907 0.004 0.035
1116 1116 (0) 13 : 0.172 0.804 0.015 0.008
1117 1117 (0) 13 : 0.159 0.831 0.004 0.005
1118 1118 (0) 13 : 0.082 0.908 0.004 0.006
1119 1119 (0) 13 : 0.237 0.733 0.005 0.025
1120 1120 (0) 13 : 0.214 0.775 0.003 0.008
1121 1121 (0) 13 : 0.190 0.792 0.011 0.008
1122 1122 (0) 13 : 0.288 0.670 0.018 0.024
1123 1123 (0) 13 : 0.169 0.785 0.024 0.022
1124 1124 (0) 13 : 0.106 0.880 0.007 0.007
1125 1125 (0) 13 : 0.146 0.757 0.041 0.056
1126 1126 (0) 13 : 0.090 0.895 0.003 0.012
1127 1127 (0) 13 : 0.103 0.883 0.007 0.008
1128 1128 (0) 13 : 0.170 0.814 0.006 0.010
1129 1129 (0) 13 : 0.333 0.655 0.004 0.008
1130 1130 (0) 13 : 0.332 0.655 0.003 0.010
1131 1131 (0) 13 : 0.211 0.761 0.006 0.022
1132 1132 (0) 13 : 0.159 0.830 0.005 0.006
1133 1133 (0) 13 : 0.107 0.868 0.012 0.013
1134 1134 (0) 13 : 0.226 0.761 0.009 0.004
1135 1135 (0) 13 : 0.432 0.556 0.004 0.008
1136 1136 (0) 13 : 0.182 0.736 0.004 0.078
1137 1137 (0) 13 : 0.082 0.907 0.006 0.006
1138 1138 (0) 13 : 0.323 0.667 0.003 0.007
1139 1139 (0) 13 : 0.210 0.784 0.003 0.003
1140 1140 (0) 13 : 0.368 0.597 0.007 0.028
1141 1141 (0) 13 : 0.253 0.732 0.005 0.010
1142 1142 (0) 13 : 0.285 0.700 0.003 0.012
1143 1143 (0) 13 : 0.236 0.750 0.004 0.010
1144 1144 (0) 13 : 0.229 0.756 0.007 0.008
1145 1145 (0) 13 : 0.286 0.704 0.004 0.005
1146 1146 (0) 13 : 0.021 0.947 0.017 0.015
1147 1147 (0) 13 : 0.040 0.936 0.004 0.019
1148 1148 (0) 13 : 0.246 0.746 0.003 0.006
1149 1149 (0) 13 : 0.247 0.736 0.004 0.012
1150 1150 (0) 13 : 0.204 0.788 0.005 0.004
1151 1151 (0) 13 : 0.263 0.726 0.004 0.007
1152 1152 (0) 13 : 0.223 0.752 0.004 0.021
1153 1153 (0) 13 : 0.102 0.887 0.005 0.007
1154 1154 (0) 13 : 0.189 0.623 0.015 0.173
1155 1155 (0) 13 : 0.185 0.805 0.004 0.005
1156 1156 (0) 13 : 0.047 0.942 0.007 0.004
1157 1157 (0) 13 : 0.219 0.764 0.006 0.011
1158 1158 (0) 13 : 0.197 0.783 0.011 0.009
1159 1159 (0) 13 : 0.133 0.841 0.008 0.018
1160 1160 (0) 13 : 0.191 0.796 0.006 0.007
1161 1161 (0) 13 : 0.340 0.648 0.007 0.005
1162 1162 (0) 13 : 0.027 0.957 0.006 0.010
1163 1163 (0) 13 : 0.110 0.874 0.006 0.010
1164 1164 (0) 13 : 0.233 0.757 0.005 0.004
1165 1165 (0) 13 : 0.131 0.838 0.023 0.008
1166 1166 (0) 13 : 0.296 0.683 0.011 0.010
1167 1167 (0) 13 : 0.068 0.921 0.005 0.006
1168 1168 (0) 13 : 0.023 0.931 0.024 0.022
1169 1169 (0) 13 : 0.410 0.576 0.007 0.007
1170 1170 (0) 13 : 0.217 0.775 0.003 0.004
1171 1171 (0) 13 : 0.287 0.704 0.005 0.004
1172 1172 (0) 13 : 0.130 0.862 0.002 0.005
1173 1173 (0) 13 : 0.332 0.657 0.003 0.007
1174 1174 (0) 13 : 0.278 0.714 0.003 0.005
1175 1175 (0) 13 : 0.319 0.663 0.007 0.011
1176 1176 (0) 13 : 0.166 0.821 0.005 0.008
1177 1177 (0) 13 : 0.318 0.667 0.005 0.010
1178 1178 (0) 13 : 0.278 0.710 0.005 0.007
1179 1179 (0) 13 : 0.063 0.908 0.009 0.020
1180 1180 (0) 13 : 0.315 0.637 0.012 0.036
1181 1181 (0) 13 : 0.267 0.698 0.006 0.029
1182 1182 (0) 13 : 0.103 0.878 0.005 0.014
1183 1183 (0) 13 : 0.094 0.897 0.004 0.005
1184 1184 (0) 13 : 0.437 0.550 0.004 0.009
1185 1185 (0) 13 : 0.139 0.838 0.007 0.016
1186 1186 (0) 13 : 0.155 0.743 0.087 0.015
1187 1187 (0) 13 : 0.290 0.702 0.004 0.004
1188 1188 (0) 13 : 0.192 0.800 0.004 0.004
1189 1189 (0) 13 : 0.094 0.898 0.003 0.005
1190 1190 (0) 13 : 0.176 0.814 0.003 0.006
1191 1191 (0) 13 : 0.240 0.745 0.004 0.011
1192 1192 (0) 13 : 0.325 0.662 0.007 0.006
1193 1193 (0) 13 : 0.222 0.762 0.005 0.010
1194 1194 (0) 13 : 0.140 0.853 0.003 0.004
1195 1195 (0) 13 : 0.269 0.720 0.005 0.007
1196 1196 (0) 13 : 0.048 0.880 0.039 0.034
1197 1197 (0) 13 : 0.130 0.674 0.004 0.193
1198 1198 (0) 13 : 0.218 0.758 0.013 0.011
1199 1199 (0) 13 : 0.025 0.948 0.014 0.013
1200 1200 (0) 13 : 0.270 0.693 0.018 0.018
1201 1201 (0) 13 : 0.097 0.874 0.016 0.013
1202 1202 (0) 13 : 0.059 0.891 0.010 0.040
1203 1203 (0) 13 : 0.128 0.725 0.003 0.144
1204 1204 (0) 13 : 0.318 0.673 0.003 0.007
1205 1205 (0) 13 : 0.260 0.717 0.005 0.018
1206 1206 (0) 13 : 0.240 0.751 0.004 0.005
1207 1207 (0) 13 : 0.010 0.977 0.005 0.009
1208 1208 (0) 13 : 0.308 0.677 0.003 0.012
1209 1209 (0) 14 : 0.195 0.007 0.005 0.793
1210 1210 (0) 14 : 0.211 0.004 0.029 0.755
1211 1211 (0) 14 : 0.131 0.047 0.063 0.759
1212 1212 (0) 14 : 0.219 0.032 0.009 0.740
1213 1213 (0) 14 : 0.020 0.013 0.003 0.963
1214 1214 (0) 14 : 0.133 0.025 0.003 0.838
1215 1215 (0) 14 : 0.097 0.014 0.006 0.883
1216 1216 (0) 14 : 0.150 0.023 0.007 0.819
1217 1217 (0) 14 : 0.106 0.008 0.004 0.881
1218 1218 (0) 14 : 0.161 0.015 0.024 0.800
1219 1219 (0) 14 : 0.112 0.049 0.005 0.834
1220 1220 (0) 14 : 0.248 0.013 0.048 0.691
1221 1221 (0) 14 : 0.059 0.008 0.005 0.928
1222 1222 (0) 14 : 0.035 0.101 0.007 0.857
1223 1223 (0) 14 : 0.269 0.090 0.005 0.636
1224 1224 (0) 14 : 0.553 0.012 0.005 0.430
1225 1225 (0) 14 : 0.361 0.009 0.031 0.599
1226 1226 (0) 14 : 0.127 0.040 0.007 0.826
1227 1227 (0) 14 : 0.393 0.028 0.005 0.574
1228 1228 (0) 14 : 0.040 0.021 0.024 0.915
1229 1229 (0) 14 : 0.145 0.014 0.011 0.829
1230 1230 (0) 14 : 0.190 0.023 0.009 0.778
1231 1231 (0) 14 : 0.184 0.115 0.017 0.684
1232 1232 (0) 14 : 0.114 0.006 0.023 0.857
1233 1233 (0) 14 : 0.310 0.006 0.004 0.680
1234 1234 (0) 14 : 0.094 0.052 0.004 0.850
1235 1235 (0) 14 : 0.085 0.005 0.004 0.906
1236 1236 (0) 14 : 0.011 0.021 0.011 0.957
1237 1237 (0) 14 : 0.368 0.023 0.011 0.597
1238 1238 (0) 14 : 0.331 0.010 0.008 0.652
1239 1239 (0) 14 : 0.323 0.016 0.010 0.651
1240 1240 (0) 14 : 0.272 0.010 0.005 0.713
1241 1241 (0) 14 : 0.097 0.006 0.015 0.883
1242 1242 (0) 14 : 0.294 0.006 0.005 0.695
1243 1243 (0) 14 : 0.032 0.014 0.006 0.949
1244 1244 (0) 14 : 0.016 0.247 0.008 0.730
1245 1245 (0) 14 : 0.162 0.017 0.006 0.815
1246 1246 (0) 14 : 0.195 0.006 0.005 0.794
1247 1247 (0) 14 : 0.040 0.011 0.004 0.944
1248 1248 (0) 14 : 0.024 0.004 0.007 0.965
1249 1249 (0) 14 : 0.007 0.014 0.022 0.957
1250 1250 (0) 14 : 0.058 0.017 0.045 0.880
1251 1251 (0) 14 : 0.303 0.022 0.017 0.657
1252 1252 (0) 14 : 0.017 0.006 0.012 0.964
1253 1253 (0) 14 : 0.005 0.032 0.038 0.925
1254 1254 (0) 14 : 0.151 0.014 0.034 0.801
1255 1255 (0) 14 : 0.447 0.084 0.006 0.463
1256 1256 (0) 14 : 0.265 0.007 0.008 0.720
1257 1257 (0) 14 : 0.130 0.013 0.008 0.849
1258 1258 (0) 14 : 0.069 0.018 0.013 0.901
1259 1259 (0) 14 : 0.109 0.035 0.009 0.847
1260 1260 (0) 14 : 0.253 0.020 0.024 0.703
1261 1261 (0) 14 : 0.033 0.007 0.004 0.957
1262 1262 (0) 14 : 0.033 0.007 0.007 0.953
1263 1263 (0) 14 : 0.112 0.136 0.005 0.747
1264 1264 (0) 14 : 0.361 0.078 0.008 0.554
1265 1265 (0) 14 : 0.058 0.008 0.007 0.928
1266 1266 (0) 14 : 0.032 0.018 0.011 0.938
1267 1267 (0) 14 : 0.147 0.139 0.006 0.708
1268 1268 (0) 14 : 0.292 0.016 0.035 0.656
1269 1269 (0) 14 : 0.020 0.012 0.019 0.950
1270 1270 (0) 14 : 0.133 0.194 0.012 0.661
1271 1271 (0) 14 : 0.216 0.021 0.010 0.753
1272 1272 (0) 14 : 0.434 0.006 0.017 0.543
1273 1273 (0) 14 : 0.175 0.007 0.008 0.811
1274 1274 (0) 14 : 0.250 0.015 0.003 0.731
1275 1275 (0) 14 : 0.294 0.164 0.009 0.532
1276 1276 (0) 14 : 0.082 0.235 0.015 0.669
1277 1277 (0) 14 : 0.139 0.007 0.011 0.843
1278 1278 (0) 14 : 0.337 0.020 0.006 0.636
1279 1279 (0) 14 : 0.173 0.382 0.006 0.439
1280 1280 (0) 14 : 0.152 0.042 0.012 0.794
1281 1281 (0) 14 : 0.285 0.011 0.009 0.695
1282 1282 (0) 14 : 0.243 0.067 0.005 0.686
1283 1283 (0) 14 : 0.272 0.007 0.015 0.705
1284 1284 (0) 14 : 0.026 0.033 0.008 0.933
1285 1285 (0) 14 : 0.023 0.022 0.030 0.926
1286 1286 (0) 14 : 0.330 0.037 0.008 0.624
1287 1287 (0) 14 : 0.073 0.020 0.004 0.904
1288 1288 (0) 14 : 0.068 0.033 0.006 0.894
1289 1289 (0) 14 : 0.446 0.006 0.006 0.542
1290 1290 (0) 14 : 0.007 0.012 0.008 0.973
1291 1291 (0) 14 : 0.128 0.036 0.006 0.831
1292 1292 (0) 14 : 0.010 0.167 0.003 0.820
1293 1293 (0) 14 : 0.173 0.012 0.121 0.694
1294 1294 (0) 14 : 0.311 0.019 0.004 0.665
1295 1295 (0) 14 : 0.139 0.052 0.004 0.805
1296 1296 (0) 14 : 0.354 0.012 0.011 0.622
1297 1297 (0) 14 : 0.240 0.007 0.009 0.744
1298 1298 (0) 14 : 0.036 0.019 0.006 0.939
1299 1299 (0) 14 : 0.012 0.010 0.007 0.971
1300 1300 (0) 14 : 0.222 0.018 0.008 0.753
1301 1301 (0) 14 : 0.082 0.011 0.020 0.887
1302 1302 (0) 14 : 0.181 0.012 0.016 0.791
1303 1303 (0) 14 : 0.020 0.011 0.003 0.965
1304 1304 (0) 14 : 0.291 0.026 0.007 0.676
1305 1305 (0) 14 : 0.390 0.030 0.006 0.573
1306 1306 (0) 14 : 0.055 0.013 0.006 0.926
1307 1307 (0) 14 : 0.113 0.006 0.005 0.876
1308 1308 (0) 14 : 0.161 0.008 0.006 0.825
1309 1309 (10) 15 : 0.010 0.010 0.007 0.973
1310 1310 (5) 15 : 0.007 0.024 0.045 0.924
1311 1311 (5) 15 : 0.335 0.038 0.014 0.612
1312 1312 (5) 15 : 0.005 0.005 0.005 0.984
1313 1313 (10) 15 : 0.157 0.021 0.018 0.804
1314 1314 (5) 15 : 0.401 0.040 0.022 0.537
1315 1315 (10) 15 : 0.056 0.017 0.006 0.922
1316 1316 (0) 15 : 0.009 0.004 0.086 0.900
1317 1317 (0) 15 : 0.022 0.011 0.005 0.963
1318 1318 (0) 15 : 0.005 0.004 0.017 0.974
1319 1319 (0) 15 : 0.011 0.008 0.029 0.951
1320 1320 (0) 15 : 0.030 0.026 0.007 0.937
1321 1321 (0) 15 : 0.027 0.004 0.010 0.959
1322 1322 (0) 15 : 0.150 0.006 0.008 0.836
1323 1323 (0) 15 : 0.025 0.042 0.006 0.927
1324 1324 (0) 15 : 0.071 0.013 0.006 0.910
1325 1325 (0) 15 : 0.170 0.009 0.006 0.814
1326 1326 (0) 15 : 0.377 0.019 0.009 0.595
1327 1327 (0) 15 : 0.007 0.003 0.015 0.975
1328 1328 (5) 15 : 0.021 0.003 0.183 0.793
1329 1329 (0) 15 : 0.101 0.034 0.014 0.851
1330 1330 (0) 15 : 0.159 0.049 0.011 0.780
1331 1331 (5) 15 : 0.075 0.016 0.042 0.867
1332 1332 (5) 15 : 0.030 0.004 0.029 0.937
1333 1333 (0) 15 : 0.051 0.027 0.079 0.843
1334 1334 (0) 15 : 0.120 0.004 0.021 0.856
1335 1335 (0) 15 : 0.016 0.066 0.007 0.910
1336 1336 (0) 15 : 0.006 0.007 0.013 0.974
1337 1337 (0) 15 : 0.004 0.007 0.017 0.972
1338 1338 (0) 15 : 0.004 0.007 0.012 0.977
1339 1339 (0) 15 : 0.004 0.004 0.147 0.846
1340 1340 (0) 15 : 0.018 0.013 0.007 0.962
1341 1341 (0) 15 : 0.049 0.017 0.032 0.903
1342 1342 (0) 15 : 0.005 0.020 0.022 0.953
1343 1343 (0) 15 : 0.044 0.007 0.016 0.933
1344 1344 (0) 15 : 0.024 0.009 0.007 0.960
1345 1345 (0) 15 : 0.037 0.025 0.016 0.921
1346 1346 (0) 15 : 0.006 0.009 0.012 0.974
1347 1347 (0) 15 : 0.048 0.011 0.018 0.922
1348 1348 (0) 15 : 0.013 0.005 0.005 0.977
1349 1349 (0) 15 : 0.017 0.033 0.004 0.946
1350 1350 (0) 15 : 0.017 0.017 0.005 0.961
1351 1351 (0) 16 : 0.004 0.005 0.004 0.987
1352 1352 (0) 16 : 0.016 0.008 0.064 0.913
1353 1353 (0) 16 : 0.034 0.004 0.012 0.951
1354 1354 (0) 16 : 0.008 0.010 0.008 0.974
1355 1355 (0) 16 : 0.081 0.004 0.017 0.898
1356 1356 (0) 16 : 0.015 0.005 0.026 0.954
1357 1357 (0) 16 : 0.053 0.006 0.027 0.914
1358 1358 (0) 16 : 0.106 0.005 0.118 0.771
1359 1359 (0) 16 : 0.118 0.008 0.023 0.850
1360 1360 (0) 16 : 0.182 0.008 0.160 0.651
1361 1361 (0) 16 : 0.012 0.013 0.040 0.934
1362 1362 (0) 16 : 0.026 0.014 0.010 0.950
1363 1363 (0) 16 : 0.012 0.009 0.008 0.970
1364 1364 (0) 16 : 0.055 0.006 0.009 0.930
1365 1365 (0) 16 : 0.009 0.062 0.014 0.915
1366 1366 (0) 16 : 0.110 0.013 0.026 0.850
1367 1367 (0) 16 : 0.242 0.006 0.006 0.746
1368 1368 (0) 16 : 0.025 0.007 0.009 0.958
1369 1369 (0) 16 : 0.022 0.007 0.006 0.965
1370 1370 (0) 16 : 0.022 0.019 0.029 0.929
1371 1371 (0) 16 : 0.162 0.002 0.029 0.806
1372 1372 (0) 16 : 0.050 0.059 0.005 0.886
1373 1373 (0) 16 : 0.005 0.004 0.015 0.976
1374 1374 (0) 16 : 0.224 0.004 0.009 0.764
1375 1375 (0) 16 : 0.005 0.003 0.057 0.935
1376 1376 (0) 16 : 0.184 0.005 0.008 0.802
1377 1377 (0) 16 : 0.008 0.009 0.007 0.976
1378 1378 (0) 16 : 0.191 0.011 0.012 0.785
1379 1379 (0) 16 : 0.004 0.007 0.029 0.960
1380 1380 (0) 16 : 0.033 0.050 0.014 0.902
1381 1381 (0) 16 : 0.099 0.004 0.015 0.881
1382 1382 (0) 16 : 0.010 0.010 0.009 0.970
1383 1383 (0) 16 : 0.053 0.003 0.113 0.830
1384 1384 (0) 16 : 0.019 0.006 0.009 0.967
1385 1385 (0) 16 : 0.015 0.006 0.013 0.967
1386 1386 (0) 16 : 0.122 0.011 0.149 0.719
1387 1387 (0) 16 : 0.038 0.011 0.139 0.812
1388 1388 (0) 16 : 0.026 0.005 0.005 0.964
1389 1389 (0) 16 : 0.011 0.007 0.128 0.853
1390 1390 (0) 16 : 0.121 0.006 0.014 0.858
1391 1391 (0) 16 : 0.034 0.007 0.101 0.858
1392 1392 (0) 16 : 0.013 0.005 0.070 0.912
1393 1393 (0) 16 : 0.208 0.006 0.010 0.776
1394 1394 (0) 16 : 0.015 0.015 0.139 0.831
1395 1395 (0) 16 : 0.011 0.009 0.014 0.966
1396 1396 (0) 16 : 0.254 0.006 0.018 0.722
1397 1397 (0) 16 : 0.038 0.006 0.006 0.950
1398 1398 (0) 16 : 0.027 0.008 0.027 0.937
1399 1399 (0) 16 : 0.188 0.005 0.007 0.801
1400 1400 (0) 16 : 0.004 0.004 0.032 0.960
1401 1401 (0) 16 : 0.010 0.016 0.021 0.954
1402 1402 (0) 16 : 0.004 0.005 0.093 0.897
1403 1403 (0) 16 : 0.022 0.010 0.008 0.960
1404 1404 (0) 16 : 0.040 0.007 0.006 0.947
1405 1405 (0) 16 : 0.014 0.006 0.009 0.971
1406 1406 (0) 16 : 0.009 0.008 0.021 0.963
1407 1407 (0) 16 : 0.047 0.004 0.020 0.929
1408 1408 (0) 16 : 0.015 0.005 0.008 0.972
1409 1409 (0) 16 : 0.161 0.007 0.014 0.819
1410 1410 (0) 16 : 0.044 0.006 0.021 0.929
1411 1411 (0) 16 : 0.029 0.015 0.014 0.942
1412 1412 (0) 16 : 0.007 0.006 0.130 0.857
1413 1413 (0) 16 : 0.048 0.008 0.053 0.892
1414 1414 (0) 16 : 0.006 0.011 0.025 0.958
1415 1415 (0) 16 : 0.083 0.013 0.004 0.900
1416 1416 (0) 16 : 0.035 0.004 0.023 0.939
1417 1417 (0) 16 : 0.020 0.005 0.009 0.966
1418 1418 (0) 16 : 0.008 0.011 0.013 0.968
1419 1419 (0) 16 : 0.038 0.008 0.016 0.938
1420 1420 (0) 16 : 0.004 0.003 0.036 0.956
1421 1421 (0) 16 : 0.196 0.007 0.057 0.740
1422 1422 (0) 16 : 0.089 0.005 0.007 0.900
1423 1423 (0) 16 : 0.167 0.006 0.081 0.745
1424 1424 (0) 16 : 0.046 0.007 0.013 0.934
1425 1425 (0) 16 : 0.017 0.034 0.023 0.925
1426 1426 (0) 16 : 0.180 0.006 0.022 0.791
1427 1427 (0) 16 : 0.005 0.008 0.006 0.981
1428 1428 (0) 16 : 0.022 0.005 0.027 0.946
1429 1429 (0) 16 : 0.064 0.004 0.064 0.869
1430 1430 (0) 16 : 0.052 0.077 0.022 0.849
1431 1431 (0) 16 : 0.026 0.011 0.014 0.950
1432 1432 (0) 16 : 0.306 0.004 0.080 0.610
1433 1433 (0) 16 : 0.056 0.004 0.048 0.892
1434 1434 (0) 16 : 0.125 0.004 0.007 0.863
1435 1435 (0) 16 : 0.079 0.013 0.019 0.889
1436 1436 (0) 16 : 0.007 0.019 0.019 0.955
1437 1437 (0) 16 : 0.050 0.004 0.018 0.927
1438 1438 (0) 16 : 0.024 0.005 0.008 0.963
1439 1439 (0) 16 : 0.005 0.009 0.026 0.960
1440 1440 (0) 16 : 0.055 0.014 0.043 0.888
1441 1441 (0) 16 : 0.042 0.005 0.009 0.945
1442 1442 (0) 16 : 0.067 0.031 0.215 0.687
1443 1443 (0) 16 : 0.017 0.016 0.020 0.946
1444 1444 (0) 16 : 0.022 0.035 0.223 0.720
1445 1445 (0) 16 : 0.005 0.003 0.042 0.951
1446 1446 (0) 16 : 0.033 0.023 0.183 0.761
1447 1447 (0) 16 : 0.016 0.004 0.017 0.963
1448 1448 (0) 16 : 0.309 0.010 0.142 0.539
1449 1449 (0) 16 : 0.007 0.014 0.014 0.965
1450 1450 (0) 16 : 0.206 0.005 0.005 0.784
1451 1451 (0) 17 : 0.046 0.016 0.005 0.933
1452 1452 (0) 17 : 0.014 0.007 0.026 0.954
1453 1453 (0) 17 : 0.020 0.035 0.003 0.942
1454 1454 (0) 17 : 0.005 0.007 0.005 0.983
1455 1455 (0) 17 : 0.210 0.006 0.004 0.780
1456 1456 (0) 17 : 0.014 0.027 0.012 0.948
1457 1457 (0) 17 : 0.040 0.006 0.015 0.939
1458 1458 (0) 17 : 0.223 0.005 0.014 0.758
1459 1459 (0) 17 : 0.086 0.010 0.004 0.900
1460 1460 (0) 17 : 0.010 0.011 0.043 0.936
1461 1461 (0) 17 : 0.025 0.012 0.006 0.957
1462 1462 (0) 17 : 0.009 0.039 0.007 0.945
1463 1463 (0) 17 : 0.006 0.009 0.007 0.978
1464 1464 (0) 17 : 0.014 0.013 0.009 0.964
1465 1465 (0) 17 : 0.011 0.022 0.007 0.960
1466 1466 (0) 17 : 0.110 0.006 0.011 0.873
1467 1467 (0) 17 : 0.009 0.005 0.007 0.979
1468 1468 (0) 17 : 0.012 0.008 0.006 0.973
1469 1469 (0) 17 : 0.084 0.011 0.039 0.866
1470 1470 (0) 17 : 0.198 0.005 0.007 0.790
1471 1471 (0) 17 : 0.020 0.367 0.023 0.590
1472 1472 (0) 17 : 0.276 0.030 0.005 0.690
1473 1473 (0) 17 : 0.033 0.006 0.006 0.954
1474 1474 (0) 17 : 0.006 0.025 0.011 0.958
1475 1475 (0) 17 : 0.141 0.011 0.005 0.843
1476 1476 (0) 17 : 0.012 0.145 0.016 0.828
1477 1477 (0) 17 : 0.006 0.012 0.007 0.975
1478 1478 (0) 17 : 0.014 0.011 0.005 0.970
1479 1479 (0) 17 : 0.053 0.007 0.029 0.911
1480 1480 (0) 17 : 0.005 0.010 0.006 0.980
1481 1481 (0) 17 : 0.112 0.010 0.036 0.842
1482 1482 (0) 17 : 0.096 0.006 0.012 0.887
1483 1483 (0) 17 : 0.067 0.007 0.005 0.921
1484 1484 (0) 17 : 0.199 0.005 0.012 0.784
1485 1485 (0) 17 : 0.024 0.082 0.007 0.887
1486 1486 (0) 17 : 0.006 0.012 0.006 0.976
1487 1487 (0) 17 : 0.188 0.005 0.011 0.795
1488 1488 (0) 17 : 0.014 0.004 0.005 0.977
1489 1489 (0) 17 : 0.076 0.027 0.004 0.893
1490 1490 (0) 17 : 0.013 0.012 0.017 0.958
1491 1491 (0) 17 : 0.015 0.019 0.007 0.960
1492 1492 (0) 17 : 0.053 0.020 0.006 0.921
1493 1493 (0) 17 : 0.029 0.011 0.006 0.954
1494 1494 (0) 17 : 0.042 0.006 0.003 0.949
1495 1495 (0) 17 : 0.024 0.016 0.004 0.957
1496 1496 (0) 17 : 0.025 0.006 0.035 0.935
1497 1497 (0) 17 : 0.013 0.008 0.020 0.959
1498 1498 (0) 17 : 0.010 0.007 0.004 0.978
1499 1499 (0) 17 : 0.012 0.008 0.007 0.974
1500 1500 (0) 17 : 0.007 0.111 0.004 0.878
1501 1501 (0) 17 : 0.008 0.009 0.008 0.974
1502 1502 (0) 17 : 0.023 0.037 0.004 0.935
1503 1503 (0) 17 : 0.104 0.008 0.007 0.881
1504 1504 (0) 17 : 0.006 0.027 0.009 0.959
1505 1505 (0) 17 : 0.095 0.005 0.022 0.878
1506 1506 (0) 17 : 0.082 0.030 0.004 0.884
1507 1507 (0) 17 : 0.013 0.027 0.016 0.945
1508 1508 (0) 17 : 0.111 0.009 0.065 0.815
1509 1509 (0) 17 : 0.223 0.010 0.009 0.758
1510 1510 (0) 17 : 0.008 0.004 0.009 0.979
1511 1511 (0) 17 : 0.312 0.006 0.008 0.674
1512 1512 (0) 17 : 0.356 0.034 0.018 0.592
1513 1513 (0) 17 : 0.007 0.011 0.010 0.973
1514 1514 (0) 17 : 0.017 0.003 0.003 0.977
1515 1515 (0) 17 : 0.010 0.151 0.045 0.793
1516 1516 (0) 17 : 0.011 0.006 0.010 0.973
1517 1517 (0) 17 : 0.082 0.048 0.008 0.863
1518 1518 (0) 17 : 0.010 0.016 0.007 0.968
1519 1519 (0) 17 : 0.011 0.045 0.009 0.936
1520 1520 (0) 17 : 0.009 0.063 0.021 0.907
1521 1521 (0) 17 : 0.052 0.009 0.011 0.928
1522 1522 (0) 17 : 0.018 0.005 0.004 0.972
1523 1523 (0) 17 : 0.006 0.006 0.007 0.980
1524 1524 (0) 17 : 0.007 0.027 0.010 0.956
1525 1525 (0) 17 : 0.140 0.108 0.009 0.744
1526 1526 (0) 17 : 0.024 0.065 0.008 0.903
1527 1527 (0) 17 : 0.074 0.014 0.005 0.907
1528 1528 (0) 17 : 0.189 0.033 0.010 0.769
1529 1529 (0) 17 : 0.292 0.010 0.029 0.669
1530 1530 (0) 17 : 0.034 0.016 0.006 0.944
1531 1531 (0) 17 : 0.028 0.014 0.005 0.952
1532 1532 (0) 17 : 0.034 0.013 0.011 0.942
1533 1533 (0) 17 : 0.007 0.007 0.006 0.979
1534 1534 (0) 17 : 0.006 0.024 0.006 0.963
1535 1535 (0) 17 : 0.074 0.015 0.035 0.877
1536 1536 (0) 17 : 0.186 0.017 0.006 0.790
1537 1537 (0) 17 : 0.077 0.009 0.037 0.877
1538 1538 (0) 17 : 0.006 0.009 0.008 0.976
1539 1539 (0) 17 : 0.015 0.011 0.005 0.968
1540 1540 (0) 17 : 0.341 0.016 0.005 0.638
1541 1541 (0) 17 : 0.005 0.009 0.006 0.981
1542 1542 (0) 17 : 0.005 0.004 0.006 0.985
1543 1543 (0) 17 : 0.085 0.035 0.015 0.864
1544 1544 (0) 17 : 0.041 0.012 0.007 0.940
1545 1545 (0) 17 : 0.144 0.014 0.004 0.838
1546 1546 (0) 17 : 0.326 0.007 0.004 0.663
1547 1547 (0) 17 : 0.192 0.009 0.015 0.784
1548 1548 (0) 17 : 0.004 0.004 0.013 0.978
1549 1549 (0) 17 : 0.014 0.013 0.005 0.969
1550 1550 (0) 17 : 0.178 0.125 0.038 0.659
1551 1551 (0) 18 : 0.011 0.002 0.980 0.007
1552 1552 (0) 18 : 0.071 0.003 0.918 0.007
1553 1553 (0) 18 : 0.171 0.004 0.820 0.004
1554 1554 (0) 18 : 0.285 0.009 0.697 0.009
1555 1555 (0) 18 : 0.012 0.006 0.807 0.175
1556 1556 (0) 18 : 0.263 0.007 0.726 0.005
1557 1557 (0) 18 : 0.139 0.008 0.844 0.009
1558 1558 (0) 18 : 0.234 0.006 0.743 0.017
1559 1559 (0) 18 : 0.220 0.004 0.765 0.010
1560 1560 (0) 18 : 0.148 0.003 0.846 0.004
1561 1561 (0) 18 : 0.018 0.033 0.931 0.018
1562 1562 (0) 18 : 0.006 0.007 0.982 0.004
1563 1563 (0) 18 : 0.055 0.007 0.932 0.006
1564 1564 (0) 18 : 0.041 0.002 0.884 0.073
1565 1565 (0) 18 : 0.004 0.003 0.988 0.005
1566 1566 (0) 18 : 0.139 0.003 0.850 0.008
1567 1567 (0) 18 : 0.124 0.004 0.864 0.008
1568 1568 (0) 18 : 0.019 0.015 0.928 0.038
1569 1569 (0) 18 : 0.240 0.012 0.739 0.010
1570 1570 (0) 18 : 0.183 0.006 0.805 0.006
1571 1571 (0) 18 : 0.021 0.007 0.963 0.010
1572 1572 (0) 18 : 0.023 0.005 0.922 0.050
1573 1573 (0) 18 : 0.128 0.004 0.860 0.008
1574 1574 (0) 18 : 0.109 0.004 0.873 0.014
1575 1575 (0) 18 : 0.146 0.003 0.847 0.004
1576 1576 (0) 18 : 0.122 0.014 0.846 0.019
1577 1577 (0) 18 : 0.041 0.007 0.925 0.027
1578 1578 (0) 18 : 0.004 0.003 0.988 0.005
1579 1579 (0) 18 : 0.026 0.006 0.948 0.020
1580 1580 (0) 18 : 0.160 0.003 0.831 0.005
1581 1581 (0) 18 : 0.026 0.004 0.906 0.064
1582 1582 (0) 18 : 0.086 0.003 0.907 0.003
1583 1583 (0) 18 : 0.112 0.005 0.875 0.007
1584 1584 (0) 18 : 0.005 0.003 0.988 0.004
1585 1585 (0) 18 : 0.033 0.003 0.959 0.004
1586 1586 (0) 18 : 0.103 0.005 0.887 0.005
1587 1587 (0) 18 : 0.140 0.005 0.841 0.013
1588 1588 (0) 18 : 0.178 0.004 0.808 0.010
1589 1589 (0) 18 : 0.038 0.034 0.901 0.028
1590 1590 (0) 18 : 0.067 0.004 0.919 0.011
1591 1591 (0) 18 : 0.144 0.005 0.831 0.020
1592 1592 (0) 18 : 0.169 0.005 0.729 0.096
1593 1593 (0) 18 : 0.123 0.005 0.863 0.008
1594 1594 (0) 18 : 0.143 0.022 0.813 0.022
1595 1595 (0) 18 : 0.006 0.004 0.984 0.006
1596 1596 (0) 18 : 0.012 0.011 0.971 0.006
1597 1597 (0) 18 : 0.003 0.004 0.990 0.004
1598 1598 (0) 18 : 0.004 0.003 0.987 0.006
1599 1599 (0) 18 : 0.104 0.005 0.884 0.007
1600 1600 (0) 18 : 0.028 0.003 0.945 0.024
1601 1601 (0) 18 : 0.234 0.008 0.744 0.014
1602 1602 (0) 18 : 0.010 0.019 0.941 0.030
1603 1603 (0) 18 : 0.150 0.004 0.838 0.008
1604 1604 (0) 18 : 0.099 0.125 0.682 0.095
1605 1605 (0) 18 : 0.005 0.010 0.964 0.021
1606 1606 (0) 18 : 0.012 0.024 0.956 0.008
1607 1607 (0) 18 : 0.041 0.004 0.899 0.056
1608 1608 (0) 18 : 0.028 0.003 0.965 0.004
1609 1609 (0) 18 : 0.057 0.009 0.922 0.012
1610 1610 (0) 18 : 0.261 0.004 0.731 0.004
1611 1611 (0) 18 : 0.049 0.007 0.902 0.042
1612 1612 (0) 18 : 0.005 0.006 0.984 0.006
1613 1613 (0) 18 : 0.027 0.046 0.866 0.061
1614 1614 (0) 18 : 0.023 0.004 0.968 0.005
1615 1615 (0) 18 : 0.110 0.010 0.874 0.006
1616 1616 (0) 18 : 0.142 0.003 0.851 0.005
1617 1617 (0) 18 : 0.140 0.004 0.844 0.012
1618 1618 (0) 18 : 0.361 0.008 0.623 0.008
1619 1619 (0) 18 : 0.129 0.005 0.850 0.016
1620 1620 (0) 18 : 0.202 0.003 0.790 0.005
1621 1621 (0) 18 : 0.003 0.005 0.987 0.005
1622 1622 (0) 18 : 0.287 0.003 0.705 0.005
1623 1623 (0) 18 : 0.029 0.020 0.921 0.031
1624 1624 (0) 18 : 0.098 0.007 0.888 0.008
1625 1625 (0) 18 : 0.034 0.004 0.957 0.005
1626 1626 (0) 18 : 0.035 0.015 0.929 0.021
1627 1627 (0) 18 : 0.143 0.009 0.833 0.015
1628 1628 (0) 18 : 0.093 0.006 0.897 0.005
1629 1629 (0) 18 : 0.006 0.004 0.985 0.005
1630 1630 (0) 18 : 0.101 0.004 0.697 0.198
1631 1631 (0) 18 : 0.199 0.006 0.788 0.007
1632 1632 (0) 18 : 0.085 0.011 0.892 0.013
1633 1633 (0) 18 : 0.038 0.003 0.955 0.004
1634 1634 (0) 18 : 0.077 0.003 0.914 0.006
1635 1635 (0) 18 : 0.083 0.003 0.903 0.012
1636 1636 (0) 18 : 0.080 0.050 0.845 0.026
1637 1637 (0) 18 : 0.119 0.041 0.810 0.030
1638 1638 (0) 18 : 0.084 0.004 0.896 0.016
1639 1639 (0) 18 : 0.016 0.004 0.976 0.004
1640 1640 (0) 18 : 0.220 0.079 0.679 0.021
1641 1641 (0) 18 : 0.047 0.005 0.924 0.025
1642 1642 (0) 18 : 0.003 0.003 0.990 0.003
1643 1643 (0) 18 : 0.023 0.004 0.964 0.008
1644 1644 (0) 18 : 0.059 0.032 0.864 0.045
1645 1645 (0) 18 : 0.041 0.005 0.882 0.072
1646 1646 (0) 18 : 0.184 0.004 0.806 0.006
1647 1647 (0) 18 : 0.038 0.004 0.880 0.077
1648 1648 (0) 18 : 0.266 0.007 0.717 0.010
1649 1649 (0) 18 : 0.005 0.007 0.982 0.006
1650 1650 (0) 18 : 0.202 0.003 0.776 0.019
1651 1651 (0) 19 : 0.087 0.868 0.007 0.039
1652 1652 (0) 19 : 0.029 0.961 0.004 0.005
1653 1653 (0) 19 : 0.006 0.982 0.003 0.009
1654 1654 (0) 19 : 0.016 0.866 0.094 0.024
1655 1655 (0) 19 : 0.130 0.825 0.010 0.035
1656 1656 (0) 19 : 0.151 0.830 0.012 0.007
1657 1657 (0) 19 : 0.212 0.778 0.005 0.006
1658 1658 (0) 19 : 0.004 0.988 0.003 0.005
1659 1659 (0) 19 : 0.177 0.812 0.005 0.007
1660 1660 (0) 19 : 0.082 0.907 0.003 0.008
1661 1661 (0) 19 : 0.015 0.973 0.005 0.007
1662 1662 (0) 19 : 0.137 0.853 0.004 0.005
1663 1663 (0) 19 : 0.226 0.766 0.003 0.004
1664 1664 (0) 19 : 0.008 0.985 0.003 0.003
1665 1665 (0) 19 : 0.189 0.792 0.007 0.012
1666 1666 (0) 19 : 0.068 0.874 0.008 0.050
1667 1667 (0) 19 : 0.006 0.988 0.003 0.003
1668 1668 (0) 19 : 0.003 0.991 0.003 0.003
1669 1669 (0) 19 : 0.038 0.954 0.003 0.006
1670 1670 (0) 19 : 0.169 0.819 0.004 0.008
1671 1671 (0) 19 : 0.014 0.969 0.007 0.010
1672 1672 (0) 19 : 0.061 0.898 0.011 0.030
1673 1673 (0) 19 : 0.012 0.946 0.024 0.019
1674 1674 (0) 19 : 0.046 0.941 0.003 0.011
1675 1675 (0) 19 : 0.080 0.904 0.007 0.009
1676 1676 (0) 19 : 0.176 0.815 0.003 0.006
1677 1677 (0) 19 : 0.199 0.789 0.004 0.007
1678 1678 (0) 19 : 0.005 0.979 0.010 0.005
1679 1679 (0) 19 : 0.034 0.941 0.004 0.022
1680 1680 (0) 19 : 0.005 0.983 0.004 0.009
1681 1681 (0) 19 : 0.208 0.777 0.006 0.009
1682 1682 (0) 19 : 0.335 0.657 0.004 0.005
1683 1683 (0) 19 : 0.188 0.801 0.003 0.008
1684 1684 (0) 19 : 0.008 0.976 0.004 0.012
1685 1685 (0) 19 : 0.028 0.949 0.008 0.014
1686 1686 (0) 19 : 0.161 0.828 0.004 0.007
1687 1687 (0) 19 : 0.015 0.946 0.017 0.023
1688 1688 (0) 19 : 0.019 0.948 0.014 0.020
1689 1689 (0) 19 : 0.051 0.943 0.003 0.004
1690 1690 (0) 19 : 0.059 0.853 0.055 0.033
1691 1691 (0) 19 : 0.080 0.908 0.006 0.007
1692 1692 (0) 19 : 0.011 0.964 0.012 0.013
1693 1693 (0) 19 : 0.051 0.933 0.003 0.013
1694 1694 (0) 19 : 0.029 0.898 0.063 0.011
1695 1695 (0) 19 : 0.005 0.987 0.003 0.005
1696 1696 (0) 19 : 0.012 0.976 0.003 0.009
1697 1697 (0) 19 : 0.006 0.969 0.014 0.011
1698 1698 (0) 19 : 0.029 0.893 0.030 0.048
1699 1699 (0) 19 : 0.048 0.928 0.004 0.020
1700 1700 (0) 19 : 0.106 0.882 0.004 0.008
1701 1701 (0) 19 : 0.004 0.990 0.003 0.003
1702 1702 (0) 19 : 0.088 0.828 0.004 0.080
1703 1703 (0) 19 : 0.025 0.877 0.030 0.068
1704 1704 (0) 19 : 0.199 0.793 0.004 0.004
1705 1705 (0) 19 : 0.025 0.935 0.019 0.021
1706 1706 (0) 19 : 0.056 0.881 0.004 0.059
1707 1707 (0) 19 : 0.051 0.938 0.005 0.005
1708 1708 (0) 19 : 0.139 0.851 0.004 0.006
1709 1709 (0) 19 : 0.062 0.905 0.019 0.014
1710 1710 (0) 19 : 0.005 0.986 0.003 0.007
1711 1711 (0) 19 : 0.004 0.988 0.004 0.004
1712 1712 (0) 19 : 0.012 0.972 0.005 0.011
1713 1713 (0) 19 : 0.066 0.896 0.005 0.033
1714 1714 (0) 19 : 0.022 0.970 0.004 0.005
1715 1715 (0) 19 : 0.051 0.940 0.003 0.006
1716 1716 (0) 19 : 0.212 0.779 0.004 0.005
1717 1717 (0) 19 : 0.232 0.754 0.005 0.009
1718 1718 (0) 19 : 0.006 0.982 0.005 0.006
1719 1719 (0) 19 : 0.003 0.991 0.003 0.003
1720 1720 (0) 19 : 0.034 0.955 0.007 0.005
1721 1721 (0) 19 : 0.011 0.977 0.003 0.008
1722 1722 (0) 19 : 0.017 0.977 0.003 0.003
1723 1723 (0) 19 : 0.203 0.780 0.006 0.011
1724 1724 (0) 19 : 0.008 0.949 0.012 0.031
1725 1725 (0) 19 : 0.169 0.821 0.003 0.006
1726 1726 (0) 19 : 0.016 0.960 0.004 0.021
1727 1727 (0) 19 : 0.011 0.955 0.022 0.011
1728 1728 (0) 19 : 0.193 0.798 0.005 0.004
1729 1729 (0) 19 : 0.021 0.931 0.038 0.010
1730 1730 (0) 19 : 0.018 0.898 0.017 0.067
1731 1731 (0) 19 : 0.173 0.798 0.014 0.015
1732 1732 (0) 19 : 0.023 0.936 0.021 0.021
1733 1733 (0) 19 : 0.011 0.970 0.010 0.008
1734 1734 (0) 19 : 0.048 0.915 0.008 0.030
1735 1735 (0) 19 : 0.089 0.902 0.003 0.006
1736 1736 (0) 19 : 0.112 0.871 0.005 0.011
1737 1737 (0) 19 : 0.006 0.987 0.002 0.004
1738 1738 (0) 19 : 0.134 0.829 0.021 0.016
1739 1739 (0) 19 : 0.003 0.990 0.003 0.004
1740 1740 (0) 19 : 0.010 0.873 0.007 0.110
1741 1741 (0) 19 : 0.003 0.987 0.005 0.004
1742 1742 (0) 19 : 0.101 0.783 0.029 0.087
1743 1743 (0) 19 : 0.032 0.958 0.004 0.006
1744 1744 (0) 19 : 0.040 0.950 0.004 0.006
1745 1745 (0) 19 : 0.007 0.985 0.003 0.005
1746 1746 (0) 19 : 0.021 0.970 0.003 0.007
1747 1747 (0) 19 : 0.003 0.991 0.003 0.003
1748 1748 (0) 19 : 0.008 0.928 0.050 0.013
1749 1749 (0) 19 : 0.004 0.990 0.003 0.003
1750 1750 (0) 19 : 0.053 0.927 0.004 0.016
1751 1751 (0) 20 : 0.074 0.054 0.004 0.869
1752 1752 (0) 20 : 0.024 0.039 0.003 0.933
1753 1753 (0) 20 : 0.005 0.224 0.006 0.765
1754 1754 (0) 20 : 0.005 0.005 0.005 0.984
1755 1755 (0) 20 : 0.032 0.018 0.004 0.946
1756 1756 (0) 20 : 0.032 0.011 0.032 0.926
1757 1757 (0) 20 : 0.270 0.017 0.010 0.702
1758 1758 (0) 20 : 0.118 0.180 0.006 0.696
1759 1759 (0) 20 : 0.014 0.026 0.021 0.939
1760 1760 (0) 20 : 0.079 0.026 0.019 0.875
1761 1761 (0) 20 : 0.104 0.006 0.005 0.885
1762 1762 (0) 20 : 0.044 0.008 0.027 0.921
1763 1763 (0) 20 : 0.005 0.024 0.010 0.961
1764 1764 (0) 20 : 0.081 0.010 0.008 0.902
1765 1765 (0) 20 : 0.009 0.005 0.020 0.966
1766 1766 (0) 20 : 0.019 0.020 0.003 0.957
1767 1767 (0) 20 : 0.009 0.023 0.036 0.932
1768 1768 (0) 20 : 0.006 0.011 0.008 0.976
1769 1769 (0) 20 : 0.017 0.005 0.045 0.932
1770 1770 (0) 20 : 0.133 0.135 0.008 0.725
1771 1771 (0) 20 : 0.013 0.018 0.006 0.963
1772 1772 (0) 20 : 0.024 0.038 0.006 0.932
1773 1773 (0) 20 : 0.009 0.022 0.020 0.949
1774 1774 (0) 20 : 0.049 0.158 0.006 0.787
1775 1775 (0) 20 : 0.068 0.006 0.003 0.923
1776 1776 (0) 20 : 0.157 0.043 0.009 0.791
1777 1777 (0) 20 : 0.005 0.062 0.005 0.928
1778 1778 (0) 20 : 0.144 0.007 0.005 0.845
1779 1779 (0) 20 : 0.017 0.018 0.018 0.947
1780 1780 (0) 20 : 0.015 0.029 0.018 0.939
1781 1781 (0) 20 : 0.052 0.008 0.007 0.932
1782 1782 (0) 20 : 0.039 0.153 0.012 0.796
1783 1783 (0) 20 : 0.030 0.029 0.003 0.937
1784 1784 (0) 20 : 0.098 0.012 0.007 0.883
1785 1785 (0) 20 : 0.005 0.028 0.005 0.961
1786 1786 (0) 20 : 0.005 0.010 0.030 0.956
1787 1787 (0) 20 : 0.006 0.008 0.024 0.961
1788 1788 (0) 20 : 0.019 0.008 0.007 0.966
1789 1789 (0) 20 : 0.217 0.009 0.013 0.761
1790 1790 (0) 20 : 0.073 0.010 0.008 0.909
1791 1791 (0) 20 : 0.037 0.009 0.042 0.913
1792 1792 (0) 20 : 0.010 0.021 0.009 0.960
1793 1793 (0) 20 : 0.012 0.044 0.121 0.824
1794 1794 (0) 20 : 0.018 0.010 0.005 0.967
1795 1795 (0) 20 : 0.133 0.004 0.005 0.857
1796 1796 (0) 20 : 0.028 0.019 0.007 0.945
1797 1797 (0) 20 : 0.008 0.008 0.012 0.973
1798 1798 (0) 20 : 0.051 0.018 0.056 0.875
1799 1799 (0) 20 : 0.026 0.014 0.007 0.952
1800 1800 (0) 20 : 0.032 0.124 0.007 0.837
1801 1801 (0) 20 : 0.004 0.015 0.004 0.976
1802 1802 (0) 20 : 0.007 0.021 0.007 0.965
1803 1803 (0) 20 : 0.007 0.042 0.012 0.940
1804 1804 (0) 20 : 0.023 0.017 0.013 0.948
1805 1805 (0) 20 : 0.040 0.016 0.032 0.913
1806 1806 (0) 20 : 0.014 0.008 0.012 0.966
1807 1807 (0) 20 : 0.041 0.032 0.009 0.917
1808 1808 (0) 20 : 0.014 0.009 0.009 0.968
1809 1809 (0) 20 : 0.182 0.015 0.006 0.797
1810 1810 (0) 20 : 0.054 0.152 0.051 0.743
1811 1811 (0) 20 : 0.367 0.023 0.020 0.590
1812 1812 (0) 20 : 0.048 0.008 0.010 0.933
1813 1813 (0) 20 : 0.015 0.010 0.008 0.966
1814 1814 (0) 20 : 0.032 0.023 0.010 0.934
1815 1815 (0) 20 : 0.150 0.083 0.003 0.764
1816 1816 (0) 20 : 0.017 0.032 0.010 0.941
1817 1817 (0) 20 : 0.055 0.007 0.005 0.933
1818 1818 (0) 20 : 0.151 0.014 0.010 0.825
1819 1819 (0) 20 : 0.121 0.008 0.012 0.860
1820 1820 (0) 20 : 0.021 0.142 0.026 0.811
1821 1821 (0) 20 : 0.019 0.008 0.007 0.966
1822 1822 (0) 20 : 0.120 0.043 0.017 0.821
1823 1823 (0) 20 : 0.147 0.026 0.006 0.820
1824 1824 (0) 20 : 0.048 0.008 0.005 0.939
1825 1825 (0) 20 : 0.016 0.061 0.006 0.916
1826 1826 (0) 20 : 0.005 0.013 0.012 0.970
1827 1827 (0) 20 : 0.126 0.016 0.005 0.853
1828 1828 (0) 20 : 0.137 0.004 0.006 0.853
1829 1829 (0) 20 : 0.005 0.210 0.012 0.772
1830 1830 (0) 20 : 0.009 0.291 0.008 0.692
1831 1831 (0) 20 : 0.039 0.025 0.017 0.919
1832 1832 (0) 20 : 0.085 0.026 0.064 0.825
1833 1833 (0) 20 : 0.007 0.007 0.016 0.970
1834 1834 (0) 20 : 0.014 0.019 0.007 0.961
1835 1835 (0) 20 : 0.205 0.021 0.008 0.766
1836 1836 (0) 20 : 0.006 0.011 0.016 0.968
1837 1837 (0) 20 : 0.008 0.011 0.009 0.973
1838 1838 (0) 20 : 0.091 0.027 0.003 0.879
1839 1839 (0) 20 : 0.008 0.009 0.004 0.979
1840 1840 (0) 20 : 0.007 0.014 0.008 0.971
1841 1841 (0) 20 : 0.008 0.145 0.008 0.839
1842 1842 (0) 20 : 0.004 0.008 0.016 0.972
1843 1843 (0) 20 : 0.013 0.008 0.004 0.976
1844 1844 (0) 20 : 0.014 0.284 0.004 0.698
1845 1845 (0) 20 : 0.022 0.040 0.026 0.912
1846 1846 (0) 20 : 0.015 0.018 0.020 0.947
1847 1847 (0) 20 : 0.016 0.011 0.013 0.959
1848 1848 (0) 20 : 0.008 0.004 0.042 0.945
1849 1849 (0) 20 : 0.009 0.008 0.021 0.962
1850 1850 (0) 20 : 0.026 0.006 0.035 0.932
1851 1851 (10) 21 : 0.004 0.005 0.007 0.983
1852 1852 (0) 21 : 0.006 0.008 0.008 0.978
1853 1853 (0) 21 : 0.018 0.007 0.205 0.770
1854 1854 (0) 21 : 0.005 0.007 0.016 0.973
1855 1855 (0) 21 : 0.006 0.050 0.006 0.938
1856 1856 (5) 21 : 0.004 0.034 0.006 0.955
1857 1857 (0) 21 : 0.004 0.004 0.007 0.985
1858 1858 (0) 21 : 0.006 0.008 0.003 0.983
1859 1859 (0) 21 : 0.003 0.007 0.294 0.697
1860 1860 (0) 21 : 0.020 0.014 0.004 0.961
1861 1861 (0) 21 : 0.004 0.008 0.543 0.446
1862 1862 (0) 21 : 0.005 0.005 0.018 0.972
1863 1863 (0) 21 : 0.003 0.004 0.014 0.979
1864 1864 (0) 21 : 0.006 0.011 0.005 0.977
1865 1865 (5) 21 : 0.007 0.003 0.054 0.936
1866 1866 (0) 21 : 0.008 0.004 0.008 0.979
1867 1867 (0) 21 : 0.010 0.008 0.024 0.958
1868 1868 (0) 21 : 0.003 0.005 0.031 0.961
1869 1869 (0) 21 : 0.005 0.007 0.007 0.981
1870 1870 (0) 21 : 0.003 0.005 0.007 0.985
1871 1871 (0) 21 : 0.004 0.005 0.005 0.986
1872 1872 (5) 21 : 0.005 0.008 0.013 0.973
1873 1873 (5) 21 : 0.007 0.005 0.184 0.805
1874 1874 (5) 21 : 0.007 0.013 0.020 0.960
1875 1875 (0) 21 : 0.007 0.008 0.004 0.981
1876 1876 (0) 21 : 0.004 0.005 0.004 0.987
1877 1877 (0) 21 : 0.004 0.005 0.018 0.973
1878 1878 (0) 21 : 0.006 0.014 0.004 0.976
1879 1879 (0) 21 : 0.004 0.005 0.010 0.982
1880 1880 (0) 21 : 0.010 0.006 0.023 0.961
1881 1881 (0) 21 : 0.008 0.005 0.095 0.891
1882 1882 (0) 21 : 0.005 0.004 0.013 0.978
1883 1883 (0) 21 : 0.005 0.007 0.007 0.980
1884 1884 (0) 21 : 0.007 0.006 0.042 0.946
1885 1885 (0) 21 : 0.005 0.005 0.005 0.985
1886 1886 (0) 21 : 0.007 0.009 0.130 0.853
1887 1887 (5) 21 : 0.006 0.006 0.026 0.962
1888 1888 (0) 21 : 0.014 0.004 0.014 0.968
1889 1889 (0) 21 : 0.004 0.006 0.013 0.977
1890 1890 (0) 21 : 0.008 0.006 0.017 0.969
1891 1891 (0) 21 : 0.007 0.008 0.018 0.967
1892 1892 (0) 21 : 0.010 0.008 0.028 0.954
1893 1893 (5) 21 : 0.005 0.005 0.030 0.960
1894 1894 (5) 21 : 0.008 0.012 0.015 0.965
1895 1895 (5) 21 : 0.005 0.009 0.050 0.936
1896 1896 (5) 21 : 0.007 0.007 0.032 0.954
1897 1897 (5) 21 : 0.012 0.007 0.023 0.957
1898 1898 (5) 21 : 0.020 0.006 0.018 0.957
1899 1899 (0) 21 : 0.006 0.008 0.017 0.969
1900 1900 (5) 21 : 0.004 0.004 0.016 0.976
1901 1901 (0) 21 : 0.005 0.007 0.009 0.979
1902 1902 (0) 21 : 0.007 0.008 0.063 0.922
1903 1903 (0) 21 : 0.004 0.003 0.031 0.962
1904 1904 (0) 21 : 0.004 0.003 0.006 0.987
1905 1905 (0) 21 : 0.006 0.046 0.011 0.938
1906 1906 (0) 21 : 0.005 0.005 0.017 0.974
1907 1907 (0) 21 : 0.004 0.007 0.025 0.964
1908 1908 (0) 21 : 0.006 0.006 0.010 0.978
1909 1909 (0) 21 : 0.003 0.005 0.165 0.827
1910 1910 (0) 21 : 0.006 0.004 0.016 0.974
1911 1911 (0) 21 : 0.005 0.007 0.004 0.984
1912 1912 (0) 21 : 0.003 0.988 0.004 0.005
1913 1913 (0) 21 : 0.003 0.004 0.018 0.975
1914 1914 (0) 21 : 0.003 0.005 0.014 0.977
1915 1915 (0) 21 : 0.005 0.004 0.008 0.982
1916 1916 (0) 21 : 0.005 0.010 0.006 0.979
1917 1917 (0) 21 : 0.004 0.011 0.003 0.982
1918 1918 (0) 21 : 0.006 0.077 0.344 0.573
1919 1919 (0) 21 : 0.006 0.005 0.052 0.936
1920 1920 (0) 21 : 0.005 0.005 0.024 0.966
1921 1921 (0) 21 : 0.004 0.007 0.008 0.981
1922 1922 (0) 21 : 0.004 0.007 0.009 0.980
1923 1923 (0) 21 : 0.006 0.004 0.014 0.976
1924 1924 (0) 21 : 0.007 0.018 0.010 0.966
1925 1925 (0) 21 : 0.004 0.007 0.011 0.979
1926 1926 (0) 21 : 0.003 0.007 0.006 0.985
1927 1927 (0) 21 : 0.004 0.011 0.006 0.978
1928 1928 (0) 21 : 0.008 0.005 0.129 0.858
1929 1929 (0) 21 : 0.009 0.011 0.085 0.895
1930 1930 (0) 21 : 0.006 0.007 0.006 0.981
1931 1931 (0) 21 : 0.003 0.008 0.779 0.210
1932 1932 (0) 21 : 0.005 0.006 0.008 0.982
1933 1933 (0) 21 : 0.005 0.007 0.008 0.979
1934 1934 (0) 21 : 0.005 0.006 0.013 0.975
1935 1935 (0) 21 : 0.003 0.006 0.008 0.982
1936 1936 (0) 21 : 0.005 0.008 0.007 0.980
1937 1937 (0) 21 : 0.004 0.011 0.004 0.981
1938 1938 (0) 21 : 0.004 0.005 0.033 0.958
1939 1939 (0) 21 : 0.005 0.008 0.020 0.968
1940 1940 (0) 21 : 0.004 0.010 0.015 0.971
1941 1941 (0) 21 : 0.004 0.003 0.020 0.972
1942 1942 (0) 21 : 0.006 0.009 0.006 0.979
1943 1943 (10) 21 : 0.005 0.006 0.677 0.311
1944 1944 (0) 21 : 0.005 0.006 0.025 0.964
1945 1945 (0) 21 : 0.005 0.004 0.011 0.979
1946 1946 (0) 21 : 0.005 0.004 0.111 0.880
1947 1947 (0) 21 : 0.008 0.014 0.091 0.886
1948 1948 (0) 21 : 0.005 0.006 0.007 0.982
1949 1949 (0) 21 : 0.004 0.008 0.009 0.979
1950 1950 (0) 21 : 0.006 0.007 0.042 0.945
1951 1951 (0) 21 : 0.003 0.005 0.007 0.985
1952 1952 (0) 21 : 0.003 0.003 0.013 0.981
1953 1953 (0) 21 : 0.006 0.008 0.034 0.952
1954 1954 (0) 21 : 0.003 0.005 0.011 0.981
1955 1955 (0) 21 : 0.004 0.004 0.021 0.972
1956 1956 (0) 22 : 0.046 0.004 0.011 0.940
1957 1957 (10) 22 : 0.011 0.005 0.025 0.959
1958 1958 (10) 22 : 0.010 0.039 0.012 0.939
1959 1959 (5) 22 : 0.004 0.004 0.019 0.973
1960 1960 (5) 22 : 0.005 0.010 0.049 0.936
1961 1961 (0) 22 : 0.003 0.006 0.038 0.953
1962 1962 (5) 22 : 0.005 0.027 0.122 0.846
1963 1963 (5) 22 : 0.006 0.004 0.254 0.737
1964 1964 (0) 22 : 0.004 0.004 0.039 0.953
1965 1965 (0) 22 : 0.004 0.004 0.016 0.976
1966 1966 (0) 22 : 0.004 0.004 0.016 0.976
1967 1967 (0) 22 : 0.003 0.005 0.010 0.982
1968 1968 (0) 22 : 0.005 0.012 0.010 0.973
1969 1969 (5) 22 : 0.004 0.006 0.014 0.977
1970 1970 (5) 22 : 0.036 0.014 0.015 0.935
1971 1971 (10) 22 : 0.009 0.004 0.025 0.962
1972 1972 (0) 22 : 0.004 0.005 0.010 0.981
1973 1973 (5) 22 : 0.009 0.024 0.073 0.894
1974 1974 (5) 22 : 0.006 0.016 0.007 0.972
1975 1975 (0) 22 : 0.003 0.005 0.007 0.984
1976 1976 (5) 22 : 0.004 0.005 0.056 0.936
1977 1977 (0) 22 : 0.009 0.012 0.005 0.973
1978 1978 (5) 22 : 0.003 0.021 0.038 0.938
1979 1979 (0) 22 : 0.005 0.004 0.084 0.907
1980 1980 (0) 22 : 0.009 0.013 0.106 0.873
1981 1981 (0) 22 : 0.012 0.022 0.016 0.950
1982 1982 (0) 22 : 0.005 0.004 0.138 0.853
1983 1983 (0) 22 : 0.004 0.003 0.027 0.966
1984 1984 (0) 22 : 0.006 0.004 0.261 0.729
1985 1985 (0) 22 : 0.020 0.022 0.049 0.910
1986 1986 (0) 22 : 0.008 0.008 0.009 0.975
1987 1987 (0) 22 : 0.009 0.005 0.193 0.793
1988 1988 (0) 22 : 0.005 0.004 0.028 0.964
1989 1989 (0) 22 : 0.007 0.004 0.008 0.981
1990 1990 (0) 22 : 0.011 0.008 0.010 0.971
1991 1991 (0) 22 : 0.004 0.006 0.008 0.983
1992 1992 (0) 22 : 0.013 0.006 0.005 0.976
1993 1993 (0) 22 : 0.005 0.003 0.008 0.984
1994 1994 (5) 22 : 0.006 0.010 0.011 0.972
1995 1995 (5) 22 : 0.005 0.015 0.044 0.936
1996 1996 (0) 22 : 0.007 0.016 0.006 0.971
1997 1997 (15) 22 : 0.015 0.024 0.011 0.950
1998 1998 (10) 22 : 0.004 0.004 0.084 0.908
1999 1999 (10) 22 : 0.005 0.007 0.011 0.978
2000 2000 (10) 22 : 0.006 0.007 0.012 0.975
2001 2001 (5) 22 : 0.005 0.010 0.016 0.968
2002 2002 (5) 22 : 0.004 0.005 0.030 0.961
2003 2003 (5) 22 : 0.005 0.011 0.005 0.980
2004 2004 (5) 22 : 0.004 0.005 0.048 0.943
2005 2005 (5) 22 : 0.004 0.006 0.009 0.981
2006 2006 (5) 22 : 0.005 0.007 0.008 0.981
2007 2007 (15) 22 : 0.011 0.012 0.013 0.964
2008 2008 (5) 22 : 0.022 0.003 0.019 0.956
2009 2009 (5) 22 : 0.004 0.004 0.017 0.975
2010 2010 (15) 22 : 0.006 0.007 0.036 0.951
2011 2011 (5) 22 : 0.048 0.008 0.015 0.929
2012 2012 (5) 22 : 0.016 0.050 0.021 0.913
2013 2013 (5) 22 : 0.005 0.007 0.006 0.982
2014 2014 (5) 22 : 0.004 0.005 0.054 0.938
2015 2015 (10) 22 : 0.007 0.012 0.009 0.973
2016 2016 (5) 22 : 0.004 0.004 0.246 0.746
2017 2017 (5) 22 : 0.005 0.008 0.003 0.984
2018 2018 (10) 22 : 0.005 0.005 0.113 0.878
2019 2019 (10) 22 : 0.007 0.007 0.010 0.976
2020 2020 (10) 22 : 0.040 0.006 0.015 0.939
2021 2021 (10) 22 : 0.021 0.010 0.025 0.945
2022 2022 (5) 22 : 0.004 0.005 0.013 0.979
2023 2023 (10) 22 : 0.005 0.195 0.017 0.782
2024 2024 (0) 22 : 0.003 0.008 0.094 0.895
2025 2025 (5) 22 : 0.005 0.006 0.123 0.866
2026 2026 (0) 22 : 0.004 0.003 0.015 0.978
2027 2027 (0) 22 : 0.003 0.003 0.006 0.988
2028 2028 (0) 22 : 0.008 0.004 0.009 0.979
2029 2029 (0) 22 : 0.026 0.007 0.025 0.942
2030 2030 (0) 22 : 0.003 0.010 0.011 0.976
2031 2031 (0) 22 : 0.013 0.005 0.084 0.898
2032 2032 (0) 22 : 0.006 0.012 0.254 0.729
2033 2033 (10) 22 : 0.012 0.005 0.018 0.965
2034 2034 (10) 22 : 0.045 0.011 0.008 0.936
2035 2035 (0) 22 : 0.017 0.005 0.026 0.952
2036 2036 (5) 22 : 0.073 0.008 0.008 0.910
2037 2037 (0) 22 : 0.006 0.008 0.023 0.963
2038 2038 (5) 22 : 0.015 0.006 0.009 0.971
2039 2039 (5) 22 : 0.004 0.006 0.036 0.954
2040 2040 (5) 22 : 0.007 0.015 0.057 0.922
2041 2041 (10) 22 : 0.004 0.003 0.015 0.978
2042 2042 (0) 22 : 0.005 0.005 0.009 0.982
2043 2043 (0) 22 : 0.005 0.005 0.012 0.978
2044 2044 (0) 22 : 0.024 0.044 0.006 0.926
2045 2045 (0) 22 : 0.004 0.010 0.006 0.979
2046 2046 (0) 22 : 0.006 0.009 0.012 0.973
2047 2047 (0) 22 : 0.005 0.006 0.008 0.981
2048 2048 (0) 22 : 0.004 0.004 0.113 0.879
2049 2049 (0) 22 : 0.005 0.009 0.009 0.977
2050 2050 (0) 22 : 0.004 0.005 0.088 0.903
2051 2051 (0) 22 : 0.005 0.006 0.012 0.977
2052 2052 (0) 22 : 0.006 0.009 0.008 0.977
2053 2053 (0) 22 : 0.016 0.011 0.050 0.923
2054 2054 (0) 22 : 0.009 0.009 0.016 0.966
2055 2055 (0) 22 : 0.010 0.032 0.012 0.946
2056 2056 (0) 22 : 0.004 0.006 0.062 0.927
2057 2057 (0) 22 : 0.017 0.004 0.017 0.962
2058 2058 (0) 22 : 0.004 0.003 0.015 0.977
2059 2059 (5) 22 : 0.005 0.009 0.009 0.977
2060 2060 (0) 22 : 0.005 0.006 0.043 0.946
2061 2061 (5) 22 : 0.238 0.036 0.006 0.720
2062 2062 (0) 22 : 0.004 0.005 0.008 0.983
2063 2063 (0) 22 : 0.010 0.012 0.185 0.792
2064 2064 (0) 22 : 0.006 0.044 0.018 0.932
2065 2065 (0) 22 : 0.005 0.005 0.018 0.972
2066 2066 (0) 22 : 0.004 0.005 0.017 0.974
2067 2067 (0) 22 : 0.004 0.019 0.029 0.948
2068 2068 (0) 22 : 0.005 0.003 0.089 0.903
2069 2069 (0) 22 : 0.004 0.003 0.010 0.983
2070 2070 (0) 22 : 0.005 0.007 0.013 0.974
2071 2071 (0) 22 : 0.005 0.006 0.009 0.980
2072 2072 (0) 22 : 0.012 0.007 0.110 0.870
2073 2073 (0) 22 : 0.004 0.009 0.008 0.979
2074 2074 (0) 22 : 0.014 0.005 0.007 0.974
2075 2075 (5) 22 : 0.004 0.007 0.014 0.975
2076 2076 (0) 22 : 0.008 0.008 0.027 0.957
2077 2077 (0) 22 : 0.006 0.011 0.033 0.949
2078 2078 (0) 22 : 0.016 0.005 0.024 0.955
2079 2079 (10) 22 : 0.004 0.004 0.043 0.949
2080 2080 (0) 22 : 0.005 0.003 0.011 0.981
2081 2081 (0) 22 : 0.004 0.003 0.016 0.977
2082 2082 (0) 22 : 0.014 0.005 0.014 0.967
2083 2083 (10) 22 : 0.003 0.004 0.007 0.986
2084 2084 (5) 22 : 0.004 0.008 0.008 0.980
2085 2085 (0) 22 : 0.006 0.005 0.011 0.977
2086 2086 (5) 22 : 0.007 0.004 0.010 0.979
2087 2087 (5) 22 : 0.003 0.003 0.006 0.988
2088 2088 (10) 22 : 0.005 0.008 0.008 0.979
2089 2089 (0) 22 : 0.004 0.004 0.024 0.968
2090 2090 (5) 22 : 0.018 0.046 0.010 0.926
2091 2091 (10) 22 : 0.004 0.004 0.025 0.967
2092 2092 (0) 22 : 0.006 0.010 0.009 0.975
2093 2093 (0) 22 : 0.010 0.005 0.013 0.972
2094 2094 (0) 22 : 0.008 0.019 0.006 0.967
2095 2095 (0) 22 : 0.007 0.122 0.029 0.842
2096 2096 (0) 22 : 0.004 0.004 0.021 0.970
2097 2097 (0) 22 : 0.011 0.004 0.006 0.979
2098 2098 (0) 22 : 0.004 0.005 0.051 0.940
2099 2099 (0) 22 : 0.004 0.009 0.035 0.952
2100 2100 (0) 22 : 0.003 0.003 0.024 0.969
2101 2101 (5) 22 : 0.014 0.015 0.005 0.966
2102 2102 (0) 22 : 0.003 0.003 0.019 0.975
2103 2103 (0) 22 : 0.006 0.046 0.397 0.550
2104 2104 (0) 22 : 0.006 0.010 0.009 0.976
2105 2105 (5) 22 : 0.009 0.006 0.024 0.961
2106 2106 (0) 22 : 0.007 0.003 0.022 0.968
2107 2107 (0) 22 : 0.009 0.010 0.018 0.964
2108 2108 (0) 22 : 0.004 0.007 0.041 0.948
2109 2109 (0) 22 : 0.003 0.011 0.042 0.943
2110 2110 (0) 22 : 0.005 0.009 0.009 0.978
2111 2111 (0) 22 : 0.007 0.016 0.082 0.895
2112 2112 (0) 22 : 0.008 0.003 0.009 0.980
2113 2113 (0) 22 : 0.005 0.011 0.013 0.970
2114 2114 (0) 22 : 0.004 0.006 0.019 0.970
2115 2115 (0) 22 : 0.012 0.010 0.010 0.967
2116 2116 (0) 22 : 0.003 0.004 0.252 0.741
2117 2117 (0) 22 : 0.003 0.003 0.021 0.972
2118 2118 (0) 22 : 0.005 0.004 0.008 0.984
2119 2119 (0) 22 : 0.003 0.005 0.010 0.981
2120 2120 (0) 22 : 0.004 0.004 0.009 0.984
2121 2121 (0) 22 : 0.004 0.004 0.011 0.981
2122 2122 (0) 22 : 0.005 0.010 0.012 0.973
2123 2123 (0) 22 : 0.015 0.008 0.011 0.967
2124 2124 (0) 22 : 0.006 0.005 0.015 0.974
2125 2125 (0) 22 : 0.004 0.004 0.007 0.984
2126 2126 (10) 22 : 0.009 0.006 0.011 0.974
2127 2127 (5) 22 : 0.004 0.103 0.031 0.862
2128 2128 (10) 22 : 0.006 0.008 0.010 0.976
2129 2129 (5) 22 : 0.077 0.039 0.038 0.845
2130 2130 (10) 22 : 0.004 0.005 0.022 0.969
2131 2131 (10) 22 : 0.006 0.012 0.087 0.894
2132 2132 (0) 22 : 0.008 0.020 0.049 0.922
2133 2133 (5) 22 : 0.008 0.004 0.018 0.970
2134 2134 (5) 22 : 0.027 0.009 0.008 0.955
2135 2135 (10) 22 : 0.010 0.029 0.038 0.923
2136 2136 (0) 22 : 0.004 0.004 0.037 0.956
2137 2137 (0) 22 : 0.006 0.004 0.011 0.979
2138 2138 (0) 22 : 0.005 0.005 0.009 0.981
2139 2139 (0) 22 : 0.006 0.003 0.008 0.982
2140 2140 (0) 22 : 0.025 0.004 0.263 0.708
2141 2141 (0) 22 : 0.030 0.004 0.003 0.962
2142 2142 (0) 22 : 0.158 0.005 0.012 0.825
2143 2143 (0) 22 : 0.004 0.006 0.004 0.986
2144 2144 (0) 22 : 0.004 0.008 0.006 0.983
2145 2145 (5) 22 : 0.020 0.021 0.010 0.949
2146 2146 (0) 22 : 0.013 0.033 0.017 0.938
2147 2147 (0) 22 : 0.004 0.007 0.043 0.945
2148 2148 (10) 22 : 0.008 0.005 0.024 0.962
2149 2149 (5) 22 : 0.009 0.008 0.074 0.910
2150 2150 (0) 22 : 0.003 0.005 0.008 0.983
2151 2151 (5) 22 : 0.016 0.008 0.014 0.962
2152 2152 (5) 22 : 0.007 0.007 0.018 0.968
2153 2153 (0) 22 : 0.005 0.005 0.024 0.966
2154 2154 (0) 22 : 0.061 0.009 0.018 0.911
2155 2155 (0) 22 : 0.005 0.004 0.014 0.977
2156 2156 (0) 22 : 0.007 0.010 0.005 0.978
2157 2157 (0) 22 : 0.003 0.004 0.056 0.937
2158 2158 (0) 22 : 0.014 0.004 0.021 0.960
2159 2159 (0) 22 : 0.004 0.009 0.012 0.975
2160 2160 (0) 22 : 0.003 0.005 0.006 0.985
2161 2161 (0) 22 : 0.003 0.004 0.008 0.985
2162 2162 (0) 22 : 0.004 0.005 0.013 0.978
2163 2163 (0) 22 : 0.011 0.011 0.027 0.950
2164 2164 (0) 22 : 0.004 0.014 0.009 0.973
2165 2165 (0) 22 : 0.004 0.012 0.005 0.980
2166 2166 (0) 22 : 0.004 0.007 0.004 0.985
2167 2167 (0) 22 : 0.006 0.007 0.096 0.891
2168 2168 (0) 22 : 0.007 0.017 0.040 0.936
2169 2169 (0) 22 : 0.006 0.007 0.096 0.890
2170 2170 (0) 22 : 0.004 0.006 0.006 0.983
2171 2171 (0) 22 : 0.004 0.009 0.007 0.981
2172 2172 (0) 22 : 0.003 0.004 0.009 0.985
2173 2173 (0) 22 : 0.003 0.003 0.007 0.987
2174 2174 (0) 22 : 0.004 0.003 0.044 0.948
2175 2175 (0) 22 : 0.003 0.004 0.120 0.873
2176 2176 (0) 22 : 0.018 0.005 0.100 0.877
2177 2177 (0) 22 : 0.077 0.013 0.034 0.876
2178 2178 (0) 22 : 0.004 0.005 0.009 0.983
2179 2179 (0) 22 : 0.010 0.017 0.014 0.958
2180 2180 (0) 22 : 0.004 0.004 0.063 0.929
2181 2181 (0) 22 : 0.004 0.018 0.014 0.964
2182 2182 (0) 22 : 0.004 0.005 0.010 0.981
2183 2183 (0) 22 : 0.008 0.006 0.018 0.968
2184 2184 (0) 22 : 0.010 0.005 0.031 0.954
2185 2185 (0) 22 : 0.004 0.010 0.009 0.978
2186 2186 (0) 22 : 0.006 0.005 0.025 0.964
2187 2187 (0) 22 : 0.004 0.003 0.018 0.975
2188 2188 (0) 22 : 0.010 0.005 0.087 0.898
2189 2189 (0) 22 : 0.005 0.005 0.007 0.983
2190 2190 (0) 22 : 0.007 0.004 0.009 0.980
2191 2191 (0) 22 : 0.006 0.005 0.017 0.971
2192 2192 (0) 22 : 0.004 0.006 0.006 0.983
2193 2193 (0) 22 : 0.006 0.003 0.008 0.983
2194 2194 (0) 22 : 0.004 0.005 0.008 0.983
2195 2195 (0) 22 : 0.003 0.005 0.010 0.981
2196 2196 (5) 23 : 0.013 0.016 0.008 0.962
2197 2197 (0) 23 : 0.005 0.012 0.008 0.975
2198 2198 (0) 23 : 0.008 0.011 0.032 0.950
2199 2199 (0) 23 : 0.007 0.008 0.009 0.976
2200 2200 (0) 23 : 0.005 0.004 0.025 0.966
2201 2201 (0) 23 : 0.155 0.028 0.014 0.803
2202 2202 (0) 23 : 0.007 0.009 0.012 0.972
2203 2203 (0) 23 : 0.017 0.007 0.107 0.869
2204 2204 (0) 23 : 0.004 0.014 0.013 0.969
2205 2205 (0) 23 : 0.007 0.005 0.008 0.981
2206 2206 (0) 23 : 0.014 0.005 0.013 0.969
2207 2207 (0) 23 : 0.006 0.004 0.015 0.976
2208 2208 (0) 23 : 0.005 0.006 0.029 0.959
2209 2209 (0) 23 : 0.006 0.006 0.008 0.981
2210 2210 (0) 23 : 0.006 0.007 0.105 0.882
2211 2211 (0) 23 : 0.003 0.004 0.012 0.981
2212 2212 (0) 23 : 0.004 0.009 0.006 0.982
2213 2213 (0) 23 : 0.008 0.004 0.005 0.983
2214 2214 (0) 23 : 0.005 0.005 0.005 0.984
2215 2215 (0) 23 : 0.015 0.010 0.005 0.970
2216 2216 (0) 23 : 0.013 0.014 0.168 0.805
2217 2217 (0) 23 : 0.006 0.086 0.007 0.902
2218 2218 (0) 23 : 0.005 0.012 0.013 0.969
2219 2219 (0) 23 : 0.006 0.012 0.022 0.961
2220 2220 (0) 23 : 0.015 0.005 0.005 0.976
2221 2221 (0) 23 : 0.006 0.018 0.010 0.966
2222 2222 (0) 23 : 0.005 0.039 0.031 0.925
2223 2223 (0) 23 : 0.008 0.013 0.007 0.973
2224 2224 (0) 23 : 0.011 0.005 0.034 0.950
2225 2225 (0) 23 : 0.010 0.011 0.004 0.974
2226 2226 (0) 23 : 0.050 0.006 0.043 0.901
2227 2227 (10) 23 : 0.006 0.010 0.009 0.976
2228 2228 (5) 23 : 0.006 0.005 0.038 0.950
2229 2229 (0) 23 : 0.015 0.026 0.004 0.955
2230 2230 (0) 23 : 0.008 0.006 0.003 0.983
2231 2231 (0) 23 : 0.010 0.008 0.019 0.963
2232 2232 (0) 23 : 0.006 0.004 0.006 0.984
2233 2233 (0) 23 : 0.019 0.007 0.008 0.966
2234 2234 (0) 23 : 0.004 0.009 0.004 0.984
2235 2235 (0) 23 : 0.019 0.005 0.012 0.964
2236 2236 (0) 23 : 0.009 0.009 0.005 0.977
2237 2237 (0) 23 : 0.003 0.020 0.006 0.970
2238 2238 (5) 23 : 0.008 0.038 0.008 0.946
2239 2239 (0) 23 : 0.008 0.010 0.025 0.957
2240 2240 (0) 23 : 0.003 0.011 0.006 0.979
2241 2241 (0) 23 : 0.005 0.009 0.007 0.979
2242 2242 (0) 23 : 0.009 0.010 0.011 0.969
2243 2243 (0) 23 : 0.004 0.015 0.005 0.976
2244 2244 (5) 23 : 0.005 0.119 0.017 0.859
2245 2245 (0) 23 : 0.014 0.095 0.012 0.879
2246 2246 (0) 23 : 0.005 0.005 0.072 0.918
2247 2247 (0) 23 : 0.004 0.061 0.006 0.929
2248 2248 (0) 23 : 0.007 0.018 0.008 0.967
2249 2249 (0) 23 : 0.004 0.007 0.029 0.960
2250 2250 (0) 23 : 0.004 0.005 0.010 0.980
2251 2251 (5) 23 : 0.009 0.008 0.013 0.970
2252 2252 (5) 23 : 0.007 0.108 0.004 0.881
2253 2253 (0) 23 : 0.005 0.011 0.006 0.978
2254 2254 (0) 23 : 0.006 0.066 0.022 0.907
2255 2255 (0) 23 : 0.007 0.009 0.005 0.979
2256 2256 (0) 23 : 0.004 0.005 0.006 0.986
2257 2257 (0) 23 : 0.006 0.007 0.010 0.977
2258 2258 (0) 23 : 0.012 0.040 0.010 0.938
2259 2259 (0) 23 : 0.007 0.047 0.005 0.941
2260 2260 (0) 23 : 0.003 0.014 0.006 0.978
2261 2261 (0) 23 : 0.003 0.043 0.010 0.944
2262 2262 (0) 23 : 0.004 0.008 0.007 0.981
2263 2263 (0) 23 : 0.007 0.017 0.006 0.970
2264 2264 (0) 24 : 0.005 0.004 0.018 0.973
2265 2265 (0) 24 : 0.006 0.004 0.019 0.971
2266 2266 (0) 24 : 0.009 0.008 0.013 0.970
2267 2267 (0) 24 : 0.013 0.006 0.012 0.969
2268 2268 (0) 24 : 0.006 0.007 0.012 0.976
2269 2269 (0) 24 : 0.003 0.011 0.006 0.980
2270 2270 (0) 24 : 0.004 0.004 0.012 0.980
2271 2271 (0) 24 : 0.014 0.165 0.004 0.816
2272 2272 (0) 24 : 0.009 0.011 0.016 0.965
2273 2273 (0) 24 : 0.007 0.014 0.015 0.964
2274 2274 (0) 24 : 0.004 0.007 0.007 0.982
2275 2275 (0) 24 : 0.008 0.005 0.010 0.977
2276 2276 (0) 24 : 0.006 0.014 0.004 0.976
2277 2277 (0) 24 : 0.004 0.005 0.013 0.978
2278 2278 (0) 24 : 0.014 0.005 0.005 0.976
2279 2279 (0) 24 : 0.004 0.007 0.006 0.983
2280 2280 (0) 24 : 0.004 0.010 0.008 0.977
2281 2281 (0) 24 : 0.007 0.043 0.007 0.944
2282 2282 (0) 24 : 0.005 0.008 0.005 0.982
2283 2283 (0) 24 : 0.004 0.006 0.008 0.982
2284 2284 (0) 24 : 0.004 0.008 0.009 0.979
2285 2285 (0) 24 : 0.006 0.007 0.011 0.975
2286 2286 (0) 24 : 0.004 0.003 0.017 0.976
2287 2287 (0) 24 : 0.004 0.006 0.032 0.958
2288 2288 (0) 24 : 0.004 0.006 0.007 0.983
2289 2289 (0) 24 : 0.020 0.008 0.006 0.967
2290 2290 (0) 24 : 0.005 0.007 0.004 0.985
2291 2291 (0) 24 : 0.019 0.005 0.013 0.963
2292 2292 (0) 24 : 0.033 0.005 0.004 0.958
2293 2293 (0) 24 : 0.009 0.025 0.023 0.943
2294 2294 (0) 24 : 0.008 0.004 0.017 0.971
2295 2295 (0) 25 : 0.014 0.004 0.007 0.975
2296 2296 (0) 25 : 0.005 0.027 0.011 0.957
2297 2297 (0) 25 : 0.006 0.007 0.025 0.963
2298 2298 (0) 25 : 0.004 0.004 0.009 0.983
2299 2299 (0) 25 : 0.004 0.003 0.021 0.971
2300 2300 (0) 25 : 0.004 0.004 0.010 0.982
2301 2301 (0) 25 : 0.009 0.006 0.023 0.962
2302 2302 (0) 25 : 0.004 0.004 0.091 0.900
2303 2303 (0) 25 : 0.004 0.004 0.016 0.976
2304 2304 (0) 25 : 0.005 0.019 0.008 0.968
2305 2305 (0) 25 : 0.008 0.011 0.004 0.977
2306 2306 (0) 25 : 0.010 0.019 0.007 0.965
2307 2307 (0) 25 : 0.011 0.024 0.009 0.957
2308 2308 (0) 25 : 0.005 0.004 0.007 0.984
2309 2309 (0) 25 : 0.008 0.005 0.009 0.978
2310 2310 (0) 25 : 0.005 0.004 0.063 0.928
2311 2311 (0) 25 : 0.009 0.006 0.004 0.981
2312 2312 (0) 25 : 0.006 0.030 0.010 0.954
2313 2313 (0) 25 : 0.004 0.014 0.023 0.958
2314 2314 (0) 25 : 0.012 0.012 0.006 0.970
2315 2315 (0) 25 : 0.007 0.010 0.004 0.979
2316 2316 (0) 25 : 0.006 0.006 0.007 0.981
2317 2317 (0) 25 : 0.017 0.020 0.005 0.958
2318 2318 (0) 25 : 0.007 0.008 0.005 0.979
2319 2319 (0) 25 : 0.005 0.024 0.007 0.964
2320 2320 (0) 25 : 0.006 0.009 0.007 0.979
2321 2321 (0) 25 : 0.006 0.005 0.021 0.969
2322 2322 (0) 25 : 0.014 0.014 0.012 0.961
2323 2323 (0) 25 : 0.007 0.016 0.011 0.966
2324 2324 (0) 25 : 0.015 0.005 0.005 0.975
2325 2325 (0) 25 : 0.006 0.013 0.007 0.974
2326 2326 (0) 25 : 0.006 0.005 0.007 0.982
2327 2327 (0) 25 : 0.003 0.027 0.007 0.963
2328 2328 (0) 25 : 0.005 0.004 0.004 0.986
2329 2329 (0) 25 : 0.007 0.005 0.010 0.978
2330 2330 (0) 25 : 0.016 0.012 0.007 0.964
2331 2331 (0) 25 : 0.007 0.012 0.015 0.966
2332 2332 (0) 25 : 0.003 0.006 0.011 0.980
2333 2333 (0) 25 : 0.004 0.004 0.028 0.965
2334 2334 (0) 25 : 0.007 0.004 0.015 0.974
2335 2335 (0) 25 : 0.007 0.004 0.004 0.985
2336 2336 (0) 25 : 0.007 0.080 0.018 0.895
2337 2337 (0) 25 : 0.005 0.007 0.010 0.977
2338 2338 (0) 25 : 0.004 0.005 0.026 0.965
2339 2339 (0) 25 : 0.004 0.010 0.005 0.981
2340 2340 (0) 25 : 0.003 0.004 0.009 0.984
2341 2341 (0) 25 : 0.006 0.004 0.014 0.976
2342 2342 (0) 25 : 0.018 0.029 0.004 0.948
2343 2343 (0) 25 : 0.006 0.007 0.003 0.984
2344 2344 (0) 25 : 0.008 0.008 0.006 0.978
2345 2345 (0) 25 : 0.007 0.022 0.031 0.939
2346 2346 (0) 25 : 0.006 0.003 0.010 0.980
2347 2347 (0) 25 : 0.006 0.003 0.005 0.986
2348 2348 (0) 25 : 0.007 0.053 0.006 0.934
2349 2349 (0) 25 : 0.006 0.035 0.025 0.933
2350 2350 (0) 25 : 0.004 0.007 0.006 0.983
2351 2351 (0) 25 : 0.005 0.005 0.010 0.979
2352 2352 (0) 25 : 0.007 0.011 0.008 0.974
2353 2353 (0) 25 : 0.005 0.009 0.010 0.976
2354 2354 (0) 25 : 0.010 0.015 0.008 0.967
2355 2355 (0) 25 : 0.024 0.013 0.008 0.955
2356 2356 (0) 25 : 0.008 0.009 0.009 0.974
2357 2357 (0) 25 : 0.005 0.005 0.051 0.939
2358 2358 (0) 25 : 0.003 0.006 0.004 0.987
2359 2359 (0) 25 : 0.003 0.005 0.012 0.981
2360 2360 (0) 25 : 0.004 0.008 0.010 0.977
2361 2361 (0) 25 : 0.016 0.009 0.005 0.969
2362 2362 (0) 25 : 0.004 0.005 0.010 0.982
2363 2363 (0) 25 : 0.003 0.023 0.004 0.969
2364 2364 (0) 25 : 0.008 0.006 0.012 0.974
2365 2365 (0) 25 : 0.004 0.005 0.018 0.973
2366 2366 (0) 25 : 0.014 0.007 0.009 0.969
2367 2367 (0) 25 : 0.010 0.023 0.006 0.961
2368 2368 (0) 25 : 0.004 0.005 0.009 0.982
2369 2369 (0) 25 : 0.003 0.005 0.008 0.985
2370 2370 (0) 25 : 0.006 0.006 0.008 0.979
2371 2371 (0) 25 : 0.008 0.006 0.006 0.980
2372 2372 (0) 25 : 0.008 0.016 0.014 0.961
2373 2373 (0) 25 : 0.003 0.005 0.004 0.989
2374 2374 (0) 25 : 0.006 0.013 0.039 0.942
2375 2375 (0) 25 : 0.019 0.043 0.022 0.916
2376 2376 (0) 25 : 0.004 0.007 0.024 0.965
2377 2377 (0) 25 : 0.008 0.006 0.011 0.975
2378 2378 (0) 25 : 0.005 0.006 0.006 0.984
2379 2379 (0) 25 : 0.015 0.010 0.005 0.969
2380 2380 (0) 25 : 0.004 0.009 0.006 0.981
2381 2381 (0) 25 : 0.003 0.004 0.008 0.984
2382 2382 (0) 25 : 0.005 0.011 0.007 0.976
2383 2383 (0) 25 : 0.011 0.010 0.024 0.955
2384 2384 (0) 25 : 0.007 0.005 0.010 0.978
2385 2385 (0) 25 : 0.009 0.006 0.015 0.969
2386 2386 (0) 25 : 0.006 0.018 0.005 0.972
2387 2387 (0) 25 : 0.006 0.009 0.014 0.970
2388 2388 (0) 25 : 0.014 0.024 0.010 0.951
2389 2389 (0) 25 : 0.006 0.017 0.005 0.971
2390 2390 (0) 25 : 0.005 0.013 0.005 0.977
2391 2391 (0) 25 : 0.006 0.006 0.005 0.983
2392 2392 (0) 25 : 0.006 0.010 0.005 0.979
2393 2393 (0) 25 : 0.011 0.009 0.009 0.971
2394 2394 (0) 25 : 0.009 0.005 0.008 0.978
2395 2395 (0) 25 : 0.007 0.006 0.003 0.984
2396 2396 (0) 25 : 0.005 0.006 0.009 0.979
2397 2397 (0) 25 : 0.016 0.006 0.030 0.948
2398 2398 (0) 25 : 0.011 0.003 0.049 0.937
2399 2399 (0) 25 : 0.008 0.006 0.012 0.975
2400 2400 (0) 25 : 0.005 0.004 0.007 0.983
2401 2401 (0) 25 : 0.004 0.005 0.005 0.987
2402 2402 (0) 25 : 0.006 0.003 0.014 0.976
2403 2403 (0) 25 : 0.005 0.035 0.005 0.954
2404 2404 (0) 25 : 0.007 0.023 0.049 0.921
2405 2405 (0) 25 : 0.007 0.018 0.014 0.962
2406 2406 (0) 25 : 0.008 0.012 0.016 0.964
2407 2407 (0) 25 : 0.009 0.006 0.007 0.978
2408 2408 (0) 25 : 0.005 0.009 0.004 0.982
2409 2409 (0) 25 : 0.018 0.006 0.005 0.970
2410 2410 (0) 25 : 0.015 0.008 0.010 0.967
2411 2411 (0) 25 : 0.008 0.011 0.016 0.966
2412 2412 (0) 25 : 0.004 0.006 0.011 0.980
2413 2413 (0) 25 : 0.005 0.003 0.008 0.984
2414 2414 (0) 25 : 0.007 0.010 0.110 0.873
2415 2415 (0) 25 : 0.003 0.012 0.004 0.981
2416 2416 (0) 25 : 0.007 0.005 0.356 0.632
2417 2417 (0) 25 : 0.004 0.008 0.016 0.971
2418 2418 (0) 25 : 0.003 0.003 0.006 0.988
2419 2419 (0) 25 : 0.005 0.018 0.007 0.970
2420 2420 (0) 26 : 0.007 0.006 0.008 0.979
2421 2421 (0) 26 : 0.013 0.047 0.006 0.934
2422 2422 (0) 26 : 0.008 0.006 0.011 0.975
2423 2423 (0) 26 : 0.005 0.013 0.008 0.974
2424 2424 (0) 26 : 0.005 0.006 0.008 0.982
2425 2425 (0) 26 : 0.007 0.024 0.007 0.962
2426 2426 (0) 26 : 0.019 0.038 0.003 0.940
2427 2427 (0) 26 : 0.073 0.004 0.005 0.918
2428 2428 (0) 26 : 0.030 0.011 0.006 0.954
2429 2429 (0) 26 : 0.009 0.012 0.032 0.947
2430 2430 (0) 26 : 0.006 0.010 0.004 0.979
2431 2431 (0) 26 : 0.005 0.008 0.005 0.982
2432 2432 (0) 26 : 0.005 0.010 0.004 0.981
2433 2433 (0) 26 : 0.008 0.016 0.007 0.968
2434 2434 (0) 26 : 0.010 0.006 0.004 0.980
2435 2435 (10) 26 : 0.008 0.010 0.007 0.975
2436 2436 (0) 26 : 0.007 0.010 0.007 0.975
2437 2437 (0) 26 : 0.039 0.022 0.020 0.919
2438 2438 (0) 26 : 0.005 0.012 0.016 0.967
2439 2439 (0) 26 : 0.008 0.240 0.009 0.743
2440 2440 (5) 26 : 0.010 0.012 0.005 0.973
2441 2441 (0) 26 : 0.007 0.006 0.016 0.972
2442 2442 (0) 26 : 0.006 0.026 0.003 0.965
2443 2443 (0) 26 : 0.052 0.102 0.015 0.831
2444 2444 (0) 26 : 0.019 0.009 0.007 0.964
2445 2445 (0) 26 : 0.005 0.006 0.010 0.979
2446 2446 (0) 26 : 0.008 0.005 0.004 0.983
2447 2447 (5) 26 : 0.004 0.049 0.004 0.943
2448 2448 (0) 26 : 0.014 0.009 0.011 0.966
2449 2449 (0) 26 : 0.010 0.008 0.007 0.975
2450 2450 (0) 26 : 0.009 0.025 0.005 0.961
2451 2451 (0) 26 : 0.007 0.004 0.015 0.975
2452 2452 (0) 26 : 0.008 0.005 0.007 0.980
2453 2453 (0) 26 : 0.004 0.008 0.033 0.954
2454 2454 (0) 26 : 0.006 0.006 0.008 0.979
2455 2455 (0) 26 : 0.004 0.007 0.011 0.978
2456 2456 (0) 26 : 0.004 0.041 0.004 0.952
2457 2457 (5) 26 : 0.008 0.007 0.024 0.961
2458 2458 (0) 26 : 0.005 0.009 0.005 0.981
2459 2459 (0) 26 : 0.006 0.007 0.005 0.982
2460 2460 (0) 26 : 0.003 0.007 0.006 0.984
2461 2461 (5) 26 : 0.018 0.010 0.006 0.965
2462 2462 (5) 26 : 0.005 0.050 0.007 0.937
2463 2463 (10) 26 : 0.008 0.010 0.007 0.975
2464 2464 (5) 26 : 0.006 0.040 0.005 0.950
2465 2465 (5) 26 : 0.004 0.005 0.006 0.984
2466 2466 (5) 26 : 0.007 0.005 0.008 0.979
2467 2467 (5) 26 : 0.008 0.107 0.006 0.878
2468 2468 (5) 26 : 0.006 0.007 0.008 0.979
2469 2469 (10) 26 : 0.005 0.007 0.007 0.981
2470 2470 (5) 26 : 0.014 0.030 0.008 0.949
2471 2471 (5) 26 : 0.007 0.004 0.006 0.983
2472 2472 (5) 26 : 0.007 0.015 0.019 0.958
2473 2473 (0) 27 : 0.011 0.007 0.005 0.977
2474 2474 (0) 27 : 0.004 0.012 0.004 0.979
2475 2475 (0) 27 : 0.006 0.033 0.008 0.953
2476 2476 (0) 27 : 0.006 0.005 0.004 0.985
2477 2477 (0) 27 : 0.128 0.064 0.018 0.790
2478 2478 (0) 27 : 0.007 0.022 0.005 0.966
2479 2479 (0) 27 : 0.009 0.016 0.009 0.966
2480 2480 (0) 27 : 0.014 0.144 0.009 0.833
2481 2481 (0) 27 : 0.010 0.006 0.018 0.966
2482 2482 (0) 27 : 0.004 0.019 0.005 0.973
2483 2483 (0) 27 : 0.027 0.075 0.005 0.894
2484 2484 (0) 27 : 0.039 0.014 0.013 0.934
2485 2485 (0) 27 : 0.007 0.007 0.007 0.980
2486 2486 (0) 27 : 0.036 0.044 0.011 0.908
2487 2487 (0) 27 : 0.006 0.005 0.019 0.970
2488 2488 (0) 27 : 0.005 0.008 0.007 0.980
2489 2489 (0) 27 : 0.005 0.004 0.005 0.985
2490 2490 (0) 27 : 0.007 0.064 0.005 0.924
2491 2491 (0) 27 : 0.013 0.012 0.004 0.972
2492 2492 (0) 27 : 0.006 0.006 0.004 0.984
2493 2493 (0) 27 : 0.006 0.013 0.005 0.977
2494 2494 (0) 27 : 0.004 0.004 0.003 0.989
2495 2495 (0) 27 : 0.019 0.026 0.015 0.940
2496 2496 (0) 27 : 0.004 0.009 0.006 0.981
2497 2497 (0) 27 : 0.005 0.012 0.013 0.970
2498 2498 (0) 27 : 0.009 0.022 0.008 0.961
2499 2499 (0) 27 : 0.006 0.010 0.010 0.974
2500 2500 (0) 27 : 0.005 0.005 0.005 0.985
2501 2501 (0) 27 : 0.005 0.060 0.011 0.924
2502 2502 (0) 27 : 0.008 0.005 0.004 0.983
2503 2503 (0) 27 : 0.004 0.006 0.009 0.981
2504 2504 (0) 27 : 0.005 0.011 0.007 0.977
2505 2505 (0) 27 : 0.007 0.015 0.004 0.973
2506 2506 (0) 27 : 0.011 0.073 0.008 0.907
2507 2507 (0) 27 : 0.011 0.009 0.007 0.974
2508 2508 (0) 27 : 0.006 0.023 0.007 0.964
2509 2509 (0) 27 : 0.010 0.008 0.029 0.953
2510 2510 (0) 27 : 0.028 0.008 0.022 0.942
2511 2511 (0) 27 : 0.004 0.008 0.014 0.974
2512 2512 (0) 27 : 0.006 0.077 0.020 0.896
2513 2513 (0) 27 : 0.010 0.024 0.007 0.959
2514 2514 (0) 27 : 0.004 0.005 0.005 0.987
2515 2515 (0) 27 : 0.004 0.015 0.008 0.974
2516 2516 (0) 27 : 0.006 0.005 0.007 0.982
2517 2517 (0) 27 : 0.004 0.006 0.007 0.983
2518 2518 (0) 27 : 0.004 0.016 0.004 0.976
2519 2519 (0) 27 : 0.004 0.341 0.006 0.649
2520 2520 (0) 27 : 0.005 0.042 0.004 0.950
2521 2521 (0) 27 : 0.005 0.018 0.008 0.969
2522 2522 (0) 27 : 0.009 0.009 0.009 0.973
2523 2523 (0) 27 : 0.007 0.007 0.007 0.978
2524 2524 (0) 27 : 0.009 0.006 0.006 0.980
2525 2525 (0) 27 : 0.007 0.028 0.010 0.955
2526 2526 (0) 27 : 0.004 0.004 0.005 0.987
2527 2527 (0) 27 : 0.006 0.005 0.008 0.982
2528 2528 (0) 27 : 0.006 0.045 0.014 0.936
2529 2529 (0) 27 : 0.004 0.006 0.007 0.983
2530 2530 (0) 27 : 0.006 0.018 0.005 0.971
2531 2531 (0) 27 : 0.010 0.026 0.008 0.956
2532 2532 (0) 27 : 0.015 0.012 0.005 0.968
2533 2533 (0) 27 : 0.004 0.007 0.015 0.973
2534 2534 (0) 27 : 0.007 0.020 0.004 0.968
2535 2535 (0) 27 : 0.004 0.005 0.005 0.986
2536 2536 (0) 27 : 0.008 0.015 0.011 0.966
2537 2537 (0) 27 : 0.006 0.005 0.005 0.984
2538 2538 (0) 27 : 0.005 0.065 0.010 0.920
2539 2539 (0) 27 : 0.014 0.014 0.025 0.948
2540 2540 (0) 27 : 0.006 0.008 0.009 0.977
2541 2541 (0) 27 : 0.004 0.009 0.004 0.983
2542 2542 (0) 27 : 0.014 0.006 0.004 0.975
2543 2543 (0) 27 : 0.004 0.008 0.004 0.983
2544 2544 (0) 27 : 0.008 0.060 0.008 0.924
2545 2545 (0) 27 : 0.008 0.019 0.005 0.968
2546 2546 (0) 27 : 0.024 0.038 0.006 0.932
2547 2547 (0) 27 : 0.013 0.005 0.005 0.976
2548 2548 (0) 27 : 0.012 0.011 0.007 0.970
2549 2549 (0) 27 : 0.015 0.007 0.013 0.965
2550 2550 (0) 27 : 0.004 0.021 0.009 0.965
2551 2551 (0) 27 : 0.006 0.005 0.008 0.981
2552 2552 (0) 27 : 0.009 0.006 0.009 0.976
2553 2553 (0) 27 : 0.004 0.013 0.012 0.971
2554 2554 (0) 27 : 0.004 0.004 0.013 0.980
2555 2555 (0) 27 : 0.006 0.010 0.009 0.975
2556 2556 (0) 27 : 0.004 0.034 0.008 0.953
2557 2557 (0) 27 : 0.008 0.009 0.015 0.967
2558 2558 (0) 27 : 0.006 0.005 0.008 0.982
2559 2559 (0) 27 : 0.006 0.005 0.011 0.979
2560 2560 (0) 27 : 0.004 0.116 0.005 0.875
2561 2561 (0) 27 : 0.006 0.015 0.004 0.975
2562 2562 (0) 27 : 0.005 0.006 0.004 0.984
2563 2563 (0) 27 : 0.011 0.005 0.005 0.979
2564 2564 (0) 27 : 0.004 0.009 0.007 0.980
2565 2565 (0) 27 : 0.005 0.011 0.004 0.980
2566 2566 (0) 27 : 0.005 0.004 0.004 0.987
2567 2567 (0) 27 : 0.004 0.009 0.010 0.977
2568 2568 (0) 27 : 0.009 0.017 0.007 0.967
2569 2569 (0) 27 : 0.029 0.012 0.007 0.952
2570 2570 (0) 27 : 0.004 0.023 0.005 0.968
2571 2571 (0) 27 : 0.008 0.005 0.029 0.958
2572 2572 (0) 27 : 0.008 0.013 0.005 0.974
2573 2573 (0) 27 : 0.006 0.012 0.020 0.962
2574 2574 (0) 27 : 0.014 0.007 0.005 0.973
2575 2575 (0) 27 : 0.010 0.006 0.005 0.979
2576 2576 (0) 27 : 0.011 0.010 0.011 0.968
2577 2577 (0) 27 : 0.024 0.008 0.010 0.958
2578 2578 (0) 27 : 0.004 0.004 0.006 0.986
2579 2579 (0) 27 : 0.006 0.008 0.010 0.977
2580 2580 (0) 27 : 0.006 0.006 0.004 0.984
2581 2581 (0) 27 : 0.008 0.012 0.005 0.976
2582 2582 (0) 27 : 0.008 0.015 0.003 0.974
2583 2583 (0) 27 : 0.012 0.006 0.004 0.978
2584 2584 (0) 27 : 0.006 0.019 0.007 0.969
2585 2585 (0) 27 : 0.004 0.011 0.009 0.976
2586 2586 (0) 27 : 0.027 0.053 0.006 0.914
2587 2587 (0) 27 : 0.004 0.003 0.013 0.980
2588 2588 (0) 27 : 0.008 0.008 0.005 0.979
2589 2589 (0) 27 : 0.006 0.011 0.006 0.977
2590 2590 (0) 27 : 0.007 0.005 0.005 0.983
2591 2591 (0) 27 : 0.009 0.050 0.006 0.935
2592 2592 (0) 27 : 0.006 0.005 0.006 0.984
2593 2593 (0) 27 : 0.005 0.009 0.004 0.982
2594 2594 (0) 27 : 0.004 0.012 0.005 0.979
2595 2595 (0) 27 : 0.009 0.005 0.019 0.967
2596 2596 (0) 27 : 0.005 0.038 0.050 0.907
2597 2597 (0) 27 : 0.044 0.007 0.007 0.942
2598 2598 (5) 28 : 0.005 0.004 0.983 0.008
2599 2599 (0) 28 : 0.006 0.005 0.979 0.010
2600 2600 (0) 28 : 0.003 0.005 0.988 0.005
2601 2601 (0) 28 : 0.011 0.023 0.948 0.017
2602 2602 (0) 28 : 0.004 0.004 0.988 0.005
2603 2603 (0) 28 : 0.004 0.007 0.980 0.009
2604 2604 (0) 28 : 0.003 0.003 0.990 0.004
2605 2605 (0) 28 : 0.005 0.004 0.987 0.004
2606 2606 (0) 28 : 0.004 0.006 0.986 0.005
2607 2607 (0) 28 : 0.004 0.004 0.988 0.005
2608 2608 (0) 28 : 0.003 0.003 0.992 0.003
2609 2609 (0) 28 : 0.003 0.003 0.989 0.004
2610 2610 (0) 28 : 0.006 0.006 0.979 0.009
2611 2611 (5) 28 : 0.003 0.003 0.991 0.003
2612 2612 (0) 28 : 0.004 0.003 0.988 0.005
2613 2613 (0) 28 : 0.003 0.003 0.991 0.004
2614 2614 (0) 28 : 0.004 0.015 0.977 0.004
2615 2615 (0) 28 : 0.004 0.003 0.990 0.004
2616 2616 (0) 28 : 0.004 0.003 0.988 0.004
2617 2617 (0) 28 : 0.003 0.003 0.990 0.004
2618 2618 (0) 28 : 0.003 0.003 0.991 0.004
2619 2619 (0) 28 : 0.004 0.006 0.985 0.005
2620 2620 (0) 28 : 0.003 0.003 0.990 0.004
2621 2621 (0) 28 : 0.002 0.003 0.992 0.003
2622 2622 (0) 28 : 0.002 0.002 0.993 0.003
2623 2623 (0) 28 : 0.003 0.004 0.990 0.003
2624 2624 (0) 28 : 0.003 0.003 0.990 0.004
2625 2625 (0) 28 : 0.003 0.003 0.991 0.003
2626 2626 (0) 29 : 0.003 0.005 0.988 0.004
2627 2627 (0) 29 : 0.006 0.016 0.969 0.009
2628 2628 (0) 29 : 0.003 0.003 0.990 0.004
2629 2629 (0) 29 : 0.005 0.015 0.970 0.010
2630 2630 (0) 29 : 0.004 0.004 0.988 0.005
2631 2631 (0) 29 : 0.005 0.004 0.985 0.005
2632 2632 (0) 29 : 0.004 0.003 0.990 0.003
2633 2633 (0) 29 : 0.003 0.002 0.992 0.003
2634 2634 (0) 29 : 0.006 0.004 0.985 0.004
2635 2635 (0) 29 : 0.005 0.004 0.982 0.009
2636 2636 (0) 29 : 0.003 0.003 0.991 0.003
2637 2637 (0) 29 : 0.006 0.004 0.985 0.006
2638 2638 (0) 29 : 0.004 0.004 0.989 0.004
2639 2639 (0) 29 : 0.004 0.003 0.986 0.007
2640 2640 (0) 29 : 0.003 0.003 0.991 0.003
2641 2641 (0) 29 : 0.005 0.007 0.983 0.005
2642 2642 (0) 29 : 0.003 0.002 0.991 0.003
2643 2643 (0) 29 : 0.003 0.004 0.987 0.005
2644 2644 (0) 29 : 0.004 0.005 0.987 0.005
2645 2645 (0) 29 : 0.004 0.003 0.989 0.004
2646 2646 (0) 29 : 0.003 0.002 0.992 0.003
2647 2647 (0) 29 : 0.004 0.008 0.984 0.004
2648 2648 (0) 29 : 0.003 0.004 0.989 0.004
2649 2649 (0) 29 : 0.003 0.003 0.990 0.004
2650 2650 (0) 29 : 0.003 0.003 0.990 0.004
2651 2651 (0) 29 : 0.004 0.004 0.988 0.004
2652 2652 (0) 29 : 0.003 0.012 0.981 0.004
2653 2653 (0) 29 : 0.003 0.003 0.988 0.006
2654 2654 (0) 29 : 0.003 0.003 0.990 0.005
2655 2655 (0) 29 : 0.003 0.003 0.991 0.003
2656 2656 (0) 29 : 0.003 0.003 0.991 0.004
2657 2657 (0) 29 : 0.003 0.003 0.990 0.004
2658 2658 (0) 29 : 0.004 0.004 0.987 0.005
2659 2659 (0) 29 : 0.004 0.003 0.989 0.004
2660 2660 (0) 29 : 0.003 0.003 0.990 0.005
2661 2661 (0) 29 : 0.003 0.003 0.989 0.005
2662 2662 (0) 29 : 0.003 0.003 0.990 0.004
2663 2663 (0) 29 : 0.003 0.003 0.989 0.005
2664 2664 (0) 29 : 0.003 0.003 0.990 0.004
2665 2665 (0) 29 : 0.003 0.004 0.989 0.004
2666 2666 (0) 29 : 0.003 0.003 0.990 0.003
2667 2667 (0) 29 : 0.003 0.003 0.990 0.004
2668 2668 (0) 29 : 0.004 0.003 0.990 0.004
2669 2669 (0) 29 : 0.003 0.003 0.988 0.006
2670 2670 (0) 29 : 0.003 0.003 0.989 0.004
2671 2671 (0) 29 : 0.003 0.003 0.991 0.004
2672 2672 (0) 29 : 0.005 0.005 0.985 0.005
2673 2673 (0) 29 : 0.003 0.004 0.988 0.004
2674 2674 (0) 29 : 0.005 0.006 0.984 0.005
2675 2675 (0) 29 : 0.003 0.005 0.988 0.004
2676 2676 (0) 29 : 0.003 0.003 0.989 0.005
2677 2677 (0) 29 : 0.003 0.003 0.987 0.007
2678 2678 (0) 29 : 0.003 0.003 0.990 0.004
2679 2679 (0) 29 : 0.003 0.003 0.989 0.005
2680 2680 (0) 29 : 0.003 0.003 0.991 0.003
2681 2681 (0) 29 : 0.005 0.003 0.986 0.006
2682 2682 (0) 29 : 0.004 0.004 0.988 0.004
2683 2683 (0) 29 : 0.006 0.012 0.968 0.014
2684 2684 (0) 29 : 0.003 0.002 0.992 0.003
2685 2685 (0) 29 : 0.003 0.003 0.991 0.004
2686 2686 (0) 29 : 0.003 0.003 0.988 0.006
2687 2687 (0) 29 : 0.007 0.027 0.957 0.009
2688 2688 (0) 29 : 0.004 0.003 0.987 0.006
2689 2689 (0) 29 : 0.003 0.003 0.990 0.004
2690 2690 (0) 29 : 0.004 0.003 0.989 0.004
2691 2691 (0) 29 : 0.006 0.006 0.982 0.006
2692 2692 (0) 29 : 0.004 0.003 0.989 0.004
2693 2693 (0) 29 : 0.003 0.003 0.988 0.005
2694 2694 (0) 29 : 0.003 0.015 0.977 0.006
2695 2695 (0) 29 : 0.003 0.004 0.990 0.004
2696 2696 (0) 29 : 0.004 0.003 0.989 0.004
2697 2697 (0) 29 : 0.004 0.021 0.965 0.009
2698 2698 (0) 29 : 0.005 0.004 0.986 0.005
2699 2699 (0) 29 : 0.003 0.003 0.987 0.006
2700 2700 (0) 29 : 0.005 0.004 0.983 0.008
2701 2701 (0) 29 : 0.008 0.005 0.981 0.006
2702 2702 (0) 29 : 0.002 0.003 0.990 0.005
2703 2703 (0) 29 : 0.003 0.003 0.991 0.003
2704 2704 (0) 29 : 0.003 0.003 0.991 0.003
2705 2705 (0) 29 : 0.003 0.003 0.990 0.004
2706 2706 (0) 29 : 0.006 0.005 0.982 0.007
2707 2707 (0) 29 : 0.003 0.005 0.988 0.004
2708 2708 (0) 29 : 0.002 0.003 0.991 0.003
2709 2709 (0) 29 : 0.003 0.003 0.990 0.004
2710 2710 (0) 29 : 0.004 0.003 0.988 0.005
2711 2711 (0) 29 : 0.006 0.004 0.983 0.007
2712 2712 (0) 29 : 0.006 0.007 0.981 0.007
2713 2713 (0) 29 : 0.003 0.003 0.990 0.004
2714 2714 (0) 29 : 0.003 0.003 0.990 0.004
2715 2715 (0) 29 : 0.003 0.003 0.991 0.003
2716 2716 (0) 29 : 0.004 0.006 0.982 0.007
2717 2717 (0) 29 : 0.003 0.004 0.989 0.004
2718 2718 (0) 29 : 0.003 0.004 0.989 0.004
2719 2719 (0) 29 : 0.003 0.003 0.991 0.003
2720 2720 (0) 29 : 0.008 0.012 0.970 0.011
2721 2721 (0) 29 : 0.003 0.005 0.988 0.004
2722 2722 (0) 29 : 0.003 0.003 0.991 0.004
2723 2723 (0) 29 : 0.003 0.003 0.991 0.003
2724 2724 (0) 29 : 0.004 0.003 0.989 0.004
2725 2725 (0) 29 : 0.003 0.003 0.989 0.005
2726 2726 (0) 29 : 0.005 0.004 0.986 0.006
2727 2727 (0) 29 : 0.003 0.003 0.989 0.004
2728 2728 (0) 29 : 0.004 0.003 0.989 0.004
2729 2729 (0) 29 : 0.004 0.005 0.987 0.004
2730 2730 (0) 29 : 0.003 0.004 0.989 0.004
2731 2731 (0) 29 : 0.004 0.003 0.988 0.005
2732 2732 (0) 29 : 0.008 0.007 0.980 0.005
2733 2733 (0) 29 : 0.003 0.003 0.990 0.005
2734 2734 (0) 29 : 0.003 0.003 0.991 0.004
2735 2735 (0) 29 : 0.003 0.005 0.987 0.004
2736 2736 (0) 29 : 0.004 0.004 0.986 0.006
2737 2737 (0) 29 : 0.003 0.003 0.991 0.003
2738 2738 (0) 29 : 0.003 0.003 0.990 0.004
2739 2739 (0) 29 : 0.004 0.003 0.987 0.006
2740 2740 (0) 29 : 0.004 0.003 0.990 0.003
2741 2741 (0) 29 : 0.003 0.004 0.988 0.004
2742 2742 (0) 29 : 0.004 0.011 0.971 0.015
2743 2743 (0) 29 : 0.004 0.002 0.989 0.005
2744 2744 (0) 29 : 0.003 0.003 0.989 0.004
2745 2745 (0) 29 : 0.003 0.003 0.991 0.004
2746 2746 (0) 29 : 0.004 0.004 0.989 0.003
2747 2747 (0) 29 : 0.003 0.004 0.990 0.003
2748 2748 (0) 29 : 0.003 0.005 0.988 0.004
2749 2749 (0) 29 : 0.005 0.004 0.987 0.004
2750 2750 (0) 29 : 0.004 0.003 0.988 0.005
2751 2751 (0) 29 : 0.004 0.002 0.991 0.003
2752 2752 (0) 29 : 0.003 0.004 0.988 0.005
2753 2753 (0) 29 : 0.004 0.009 0.982 0.004
2754 2754 (0) 29 : 0.003 0.004 0.988 0.005
2755 2755 (0) 29 : 0.003 0.016 0.977 0.004
2756 2756 (0) 29 : 0.004 0.003 0.987 0.006
2757 2757 (0) 29 : 0.006 0.004 0.985 0.005
2758 2758 (0) 29 : 0.003 0.003 0.989 0.004
2759 2759 (0) 29 : 0.003 0.003 0.989 0.004
2760 2760 (0) 29 : 0.003 0.003 0.990 0.004
2761 2761 (0) 29 : 0.003 0.003 0.990 0.005
2762 2762 (0) 29 : 0.003 0.003 0.991 0.003
2763 2763 (0) 29 : 0.011 0.008 0.974 0.006
2764 2764 (0) 29 : 0.003 0.003 0.991 0.004
2765 2765 (0) 29 : 0.004 0.003 0.988 0.004
2766 2766 (0) 29 : 0.005 0.008 0.983 0.005
2767 2767 (0) 29 : 0.004 0.004 0.989 0.004
2768 2768 (0) 29 : 0.007 0.007 0.979 0.007
2769 2769 (0) 29 : 0.003 0.004 0.989 0.004
2770 2770 (0) 29 : 0.002 0.002 0.992 0.003
2771 2771 (0) 29 : 0.003 0.004 0.990 0.004
2772 2772 (0) 29 : 0.003 0.003 0.991 0.004
2773 2773 (0) 29 : 0.003 0.003 0.991 0.004
2774 2774 (0) 29 : 0.003 0.004 0.988 0.005
2775 2775 (0) 29 : 0.004 0.004 0.988 0.004
2776 2776 (0) 29 : 0.003 0.003 0.992 0.003
2777 2777 (0) 29 : 0.003 0.003 0.990 0.003
2778 2778 (0) 29 : 0.004 0.004 0.989 0.004
2779 2779 (0) 29 : 0.002 0.004 0.990 0.003
2780 2780 (0) 29 : 0.005 0.019 0.970 0.006
2781 2781 (0) 29 : 0.004 0.003 0.989 0.005
2782 2782 (0) 29 : 0.003 0.003 0.991 0.003
2783 2783 (0) 29 : 0.003 0.006 0.985 0.006
2784 2784 (0) 29 : 0.004 0.003 0.987 0.006
2785 2785 (0) 29 : 0.004 0.004 0.988 0.004
2786 2786 (0) 29 : 0.003 0.003 0.991 0.004
2787 2787 (0) 29 : 0.003 0.003 0.991 0.004
2788 2788 (0) 29 : 0.004 0.012 0.975 0.008
2789 2789 (0) 29 : 0.004 0.007 0.983 0.006
2790 2790 (0) 29 : 0.004 0.005 0.986 0.005
2791 2791 (0) 29 : 0.003 0.003 0.991 0.003
2792 2792 (0) 29 : 0.004 0.011 0.972 0.013
2793 2793 (0) 29 : 0.003 0.002 0.991 0.003
2794 2794 (0) 29 : 0.003 0.003 0.991 0.003
2795 2795 (0) 29 : 0.003 0.004 0.989 0.004
2796 2796 (0) 29 : 0.005 0.003 0.988 0.004
2797 2797 (0) 29 : 0.002 0.003 0.991 0.003
2798 2798 (0) 29 : 0.003 0.004 0.990 0.004
2799 2799 (0) 29 : 0.007 0.003 0.986 0.004
2800 2800 (0) 29 : 0.006 0.003 0.985 0.005
2801 2801 (0) 29 : 0.004 0.007 0.982 0.006
2802 2802 (0) 29 : 0.004 0.004 0.988 0.004
2803 2803 (0) 29 : 0.003 0.003 0.988 0.005
2804 2804 (0) 29 : 0.003 0.003 0.990 0.004
2805 2805 (0) 29 : 0.006 0.005 0.985 0.005
2806 2806 (0) 29 : 0.004 0.019 0.971 0.006
2807 2807 (0) 29 : 0.004 0.007 0.983 0.006
2808 2808 (0) 29 : 0.002 0.003 0.990 0.004
2809 2809 (0) 29 : 0.005 0.004 0.986 0.005
2810 2810 (0) 29 : 0.003 0.005 0.989 0.003
2811 2811 (0) 29 : 0.004 0.005 0.988 0.004
2812 2812 (0) 29 : 0.002 0.003 0.991 0.003
2813 2813 (0) 29 : 0.004 0.004 0.988 0.004
2814 2814 (0) 29 : 0.004 0.004 0.985 0.007
2815 2815 (0) 29 : 0.004 0.003 0.990 0.004
2816 2816 (0) 29 : 0.003 0.003 0.992 0.003
2817 2817 (0) 29 : 0.003 0.006 0.987 0.005
2818 2818 (0) 29 : 0.005 0.004 0.984 0.007
2819 2819 (0) 29 : 0.002 0.003 0.992 0.003
2820 2820 (0) 29 : 0.004 0.003 0.990 0.003
2821 2821 (0) 29 : 0.003 0.003 0.991 0.004
2822 2822 (0) 29 : 0.006 0.005 0.983 0.007
2823 2823 (0) 29 : 0.003 0.003 0.991 0.003
2824 2824 (0) 29 : 0.004 0.016 0.976 0.004
2825 2825 (0) 29 : 0.003 0.003 0.991 0.003
2826 2826 (0) 29 : 0.003 0.002 0.990 0.004
2827 2827 (0) 29 : 0.005 0.008 0.979 0.009
2828 2828 (0) 29 : 0.004 0.010 0.982 0.005
2829 2829 (0) 29 : 0.003 0.007 0.985 0.004
2830 2830 (0) 29 : 0.004 0.003 0.988 0.005
2831 2831 (0) 29 : 0.004 0.008 0.981 0.006
2832 2832 (0) 29 : 0.003 0.003 0.990 0.004
2833 2833 (0) 29 : 0.003 0.004 0.989 0.004
2834 2834 (0) 29 : 0.003 0.003 0.988 0.005
2835 2835 (0) 29 : 0.003 0.004 0.988 0.004
2836 2836 (0) 29 : 0.004 0.003 0.989 0.004
2837 2837 (0) 29 : 0.002 0.003 0.992 0.003
2838 2838 (0) 29 : 0.004 0.003 0.987 0.006
2839 2839 (0) 29 : 0.004 0.003 0.989 0.005
2840 2840 (0) 29 : 0.003 0.003 0.990 0.003
2841 2841 (0) 29 : 0.002 0.003 0.991 0.004
2842 2842 (0) 29 : 0.003 0.004 0.990 0.004
2843 2843 (0) 29 : 0.005 0.009 0.983 0.004
2844 2844 (0) 29 : 0.005 0.004 0.987 0.005
2845 2845 (0) 29 : 0.003 0.003 0.990 0.004
2846 2846 (0) 29 : 0.003 0.003 0.991 0.003
2847 2847 (0) 29 : 0.003 0.005 0.989 0.004
2848 2848 (0) 29 : 0.003 0.003 0.990 0.004
2849 2849 (0) 29 : 0.003 0.003 0.991 0.004
2850 2850 (0) 29 : 0.004 0.003 0.988 0.005
2851 2851 (0) 29 : 0.003 0.003 0.990 0.003
2852 2852 (0) 29 : 0.005 0.003 0.987 0.004
2853 2853 (0) 29 : 0.003 0.003 0.990 0.003
2854 2854 (0) 29 : 0.003 0.002 0.991 0.003
2855 2855 (0) 29 : 0.004 0.009 0.979 0.008
2856 2856 (0) 29 : 0.003 0.003 0.991 0.004
2857 2857 (0) 29 : 0.003 0.003 0.990 0.004
2858 2858 (0) 29 : 0.003 0.002 0.991 0.004
2859 2859 (0) 29 : 0.004 0.004 0.988 0.004
2860 2860 (0) 29 : 0.008 0.009 0.964 0.018
2861 2861 (0) 29 : 0.003 0.003 0.989 0.004
2862 2862 (0) 29 : 0.003 0.003 0.990 0.004
2863 2863 (0) 29 : 0.002 0.003 0.992 0.003
2864 2864 (0) 29 : 0.003 0.003 0.990 0.005
2865 2865 (0) 29 : 0.004 0.008 0.980 0.008
2866 2866 (0) 29 : 0.004 0.008 0.983 0.005
2867 2867 (0) 29 : 0.003 0.005 0.987 0.005
2868 2868 (0) 29 : 0.002 0.004 0.990 0.004
2869 2869 (0) 29 : 0.003 0.004 0.989 0.005
2870 2870 (0) 29 : 0.006 0.009 0.981 0.005
2871 2871 (0) 29 : 0.003 0.005 0.986 0.005
2872 2872 (0) 29 : 0.003 0.003 0.991 0.003
2873 2873 (0) 29 : 0.003 0.003 0.991 0.004
2874 2874 (0) 29 : 0.002 0.003 0.991 0.004
2875 2875 (0) 29 : 0.003 0.003 0.991 0.003
2876 2876 (0) 29 : 0.005 0.004 0.986 0.005
2877 2877 (0) 29 : 0.004 0.004 0.988 0.004
2878 2878 (0) 29 : 0.003 0.003 0.990 0.004
2879 2879 (0) 29 : 0.003 0.003 0.988 0.005
2880 2880 (0) 29 : 0.003 0.003 0.991 0.003
2881 2881 (0) 29 : 0.004 0.034 0.944 0.018
2882 2882 (0) 29 : 0.003 0.004 0.990 0.003
2883 2883 (0) 29 : 0.007 0.007 0.980 0.006
2884 2884 (0) 29 : 0.003 0.002 0.991 0.004
2885 2885 (0) 29 : 0.003 0.004 0.988 0.005
2886 2886 (0) 29 : 0.007 0.007 0.967 0.019
2887 2887 (0) 29 : 0.004 0.008 0.980 0.008
2888 2888 (0) 29 : 0.003 0.003 0.991 0.003
2889 2889 (0) 29 : 0.004 0.003 0.989 0.004
2890 2890 (0) 29 : 0.004 0.004 0.988 0.004
2891 2891 (0) 29 : 0.004 0.003 0.989 0.004
2892 2892 (0) 29 : 0.004 0.005 0.986 0.004
2893 2893 (0) 29 : 0.003 0.003 0.991 0.003
2894 2894 (0) 29 : 0.006 0.025 0.931 0.038
2895 2895 (0) 29 : 0.003 0.004 0.990 0.003
2896 2896 (0) 29 : 0.004 0.003 0.989 0.004
2897 2897 (0) 29 : 0.004 0.004 0.988 0.004
2898 2898 (0) 29 : 0.003 0.003 0.991 0.003
2899 2899 (0) 29 : 0.002 0.003 0.992 0.003
2900 2900 (0) 29 : 0.003 0.003 0.990 0.004
2901 2901 (0) 29 : 0.006 0.015 0.967 0.012
2902 2902 (0) 29 : 0.003 0.003 0.991 0.004
2903 2903 (0) 29 : 0.003 0.003 0.992 0.003
2904 2904 (0) 29 : 0.003 0.003 0.991 0.003
2905 2905 (0) 29 : 0.003 0.006 0.987 0.004
2906 2906 (0) 29 : 0.004 0.003 0.989 0.004
2907 2907 (0) 29 : 0.007 0.007 0.971 0.015
2908 2908 (0) 29 : 0.004 0.004 0.988 0.004
2909 2909 (0) 29 : 0.003 0.003 0.991 0.004
2910 2910 (0) 29 : 0.004 0.004 0.987 0.005
2911 2911 (0) 29 : 0.005 0.005 0.983 0.007
2912 2912 (0) 29 : 0.005 0.008 0.977 0.010
2913 2913 (0) 29 : 0.004 0.004 0.986 0.006
2914 2914 (0) 29 : 0.002 0.003 0.990 0.005
2915 2915 (0) 29 : 0.003 0.002 0.992 0.003
2916 2916 (0) 29 : 0.007 0.004 0.985 0.004
2917 2917 (0) 29 : 0.003 0.003 0.990 0.003
2918 2918 (0) 29 : 0.009 0.022 0.963 0.005
2919 2919 (0) 29 : 0.004 0.005 0.987 0.004
2920 2920 (0) 29 : 0.003 0.003 0.989 0.004
2921 2921 (0) 29 : 0.004 0.005 0.987 0.004
2922 2922 (0) 29 : 0.004 0.003 0.987 0.006
2923 2923 (0) 29 : 0.004 0.006 0.985 0.005
2924 2924 (0) 29 : 0.003 0.012 0.980 0.005
2925 2925 (0) 29 : 0.004 0.006 0.981 0.009
2926 2926 (5) 30 : 0.003 0.989 0.004 0.003
2927 2927 (0) 30 : 0.003 0.989 0.005 0.004
2928 2928 (0) 30 : 0.004 0.982 0.006 0.008
2929 2929 (0) 30 : 0.003 0.990 0.003 0.004
2930 2930 (5) 30 : 0.006 0.979 0.004 0.011
2931 2931 (0) 30 : 0.003 0.991 0.003 0.003
2932 2932 (0) 30 : 0.006 0.987 0.004 0.003
2933 2933 (0) 30 : 0.004 0.989 0.003 0.005
2934 2934 (0) 30 : 0.004 0.988 0.004 0.004
2935 2935 (0) 30 : 0.005 0.988 0.004 0.003
2936 2936 (0) 30 : 0.003 0.991 0.003 0.003
2937 2937 (0) 30 : 0.003 0.990 0.003 0.004
2938 2938 (5) 30 : 0.005 0.985 0.003 0.007
2939 2939 (0) 30 : 0.003 0.990 0.004 0.003
2940 2940 (0) 30 : 0.004 0.989 0.003 0.004
2941 2941 (0) 30 : 0.002 0.992 0.003 0.003
2942 2942 (0) 30 : 0.004 0.985 0.003 0.008
2943 2943 (0) 30 : 0.003 0.988 0.005 0.004
2944 2944 (0) 30 : 0.004 0.981 0.009 0.006
2945 2945 (0) 30 : 0.005 0.967 0.008 0.020
2946 2946 (0) 30 : 0.004 0.990 0.003 0.004
2947 2947 (0) 30 : 0.003 0.990 0.004 0.004
2948 2948 (0) 30 : 0.004 0.969 0.014 0.013
2949 2949 (0) 30 : 0.008 0.978 0.006 0.008
2950 2950 (0) 30 : 0.003 0.990 0.004 0.003
2951 2951 (0) 30 : 0.004 0.973 0.013 0.009
2952 2952 (0) 30 : 0.003 0.989 0.003 0.004
2953 2953 (0) 31 : 0.004 0.989 0.003 0.004
2954 2954 (0) 31 : 0.004 0.988 0.004 0.004
2955 2955 (0) 31 : 0.005 0.986 0.005 0.005
2956 2956 (0) 31 : 0.004 0.988 0.004 0.005
2957 2957 (0) 31 : 0.005 0.974 0.014 0.007
2958 2958 (0) 31 : 0.004 0.986 0.005 0.005
2959 2959 (0) 31 : 0.004 0.989 0.004 0.004
2960 2960 (0) 31 : 0.003 0.990 0.003 0.003
2961 2961 (0) 31 : 0.002 0.992 0.003 0.003
2962 2962 (0) 31 : 0.010 0.979 0.005 0.006
2963 2963 (0) 31 : 0.003 0.990 0.003 0.003
2964 2964 (0) 31 : 0.005 0.984 0.005 0.005
2965 2965 (0) 31 : 0.003 0.984 0.005 0.008
2966 2966 (0) 31 : 0.003 0.990 0.003 0.004
2967 2967 (0) 31 : 0.005 0.988 0.003 0.003
2968 2968 (0) 31 : 0.004 0.989 0.003 0.005
2969 2969 (0) 31 : 0.004 0.989 0.003 0.004
2970 2970 (0) 31 : 0.003 0.991 0.003 0.003
2971 2971 (0) 31 : 0.004 0.989 0.004 0.004
2972 2972 (0) 31 : 0.003 0.990 0.003 0.004
2973 2973 (0) 31 : 0.003 0.988 0.003 0.005
2974 2974 (0) 31 : 0.004 0.989 0.003 0.004
2975 2975 (0) 31 : 0.003 0.989 0.004 0.004
2976 2976 (0) 31 : 0.003 0.990 0.003 0.003
2977 2977 (0) 31 : 0.005 0.986 0.005 0.004
2978 2978 (0) 31 : 0.004 0.982 0.004 0.010
2979 2979 (0) 31 : 0.003 0.989 0.003 0.004
2980 2980 (0) 31 : 0.003 0.986 0.006 0.005
2981 2981 (0) 31 : 0.003 0.988 0.005 0.004
2982 2982 (0) 31 : 0.010 0.976 0.009 0.005
2983 2983 (0) 31 : 0.009 0.976 0.010 0.006
2984 2984 (0) 31 : 0.004 0.988 0.003 0.005
2985 2985 (0) 31 : 0.005 0.973 0.011 0.010
2986 2986 (0) 31 : 0.003 0.989 0.003 0.005
2987 2987 (0) 31 : 0.003 0.982 0.004 0.010
2988 2988 (0) 31 : 0.005 0.984 0.005 0.006
2989 2989 (0) 31 : 0.005 0.959 0.024 0.012
2990 2990 (0) 31 : 0.003 0.986 0.006 0.005
2991 2991 (0) 31 : 0.003 0.982 0.008 0.007
2992 2992 (0) 31 : 0.003 0.987 0.005 0.005
2993 2993 (0) 31 : 0.004 0.989 0.003 0.004
2994 2994 (0) 31 : 0.003 0.988 0.004 0.005
2995 2995 (0) 31 : 0.005 0.987 0.004 0.004
2996 2996 (0) 31 : 0.004 0.986 0.004 0.006
2997 2997 (0) 31 : 0.004 0.990 0.002 0.004
2998 2998 (0) 31 : 0.003 0.989 0.004 0.004
2999 2999 (0) 31 : 0.005 0.988 0.002 0.005
3000 3000 (0) 31 : 0.004 0.989 0.003 0.005
3001 3001 (0) 31 : 0.003 0.988 0.004 0.005
3002 3002 (0) 31 : 0.004 0.989 0.003 0.005
3003 3003 (0) 31 : 0.004 0.989 0.003 0.004
3004 3004 (0) 31 : 0.003 0.987 0.004 0.005
3005 3005 (0) 31 : 0.003 0.988 0.004 0.006
3006 3006 (0) 31 : 0.003 0.990 0.003 0.004
3007 3007 (0) 31 : 0.005 0.988 0.003 0.004
3008 3008 (0) 31 : 0.003 0.987 0.004 0.005
3009 3009 (0) 31 : 0.003 0.991 0.002 0.004
3010 3010 (0) 31 : 0.005 0.982 0.008 0.005
3011 3011 (0) 31 : 0.003 0.984 0.008 0.005
3012 3012 (0) 31 : 0.006 0.988 0.003 0.004
3013 3013 (0) 31 : 0.003 0.990 0.003 0.004
3014 3014 (0) 31 : 0.003 0.990 0.003 0.005
3015 3015 (0) 31 : 0.005 0.984 0.004 0.006
3016 3016 (0) 31 : 0.003 0.987 0.005 0.005
3017 3017 (0) 31 : 0.005 0.984 0.005 0.007
3018 3018 (0) 31 : 0.005 0.988 0.003 0.003
3019 3019 (0) 31 : 0.003 0.991 0.004 0.003
3020 3020 (0) 31 : 0.006 0.985 0.004 0.005
3021 3021 (0) 31 : 0.003 0.983 0.010 0.004
3022 3022 (0) 31 : 0.007 0.982 0.004 0.008
3023 3023 (0) 31 : 0.004 0.989 0.004 0.003
3024 3024 (0) 31 : 0.006 0.979 0.005 0.010
3025 3025 (0) 31 : 0.005 0.982 0.007 0.007
3026 3026 (0) 31 : 0.002 0.992 0.002 0.003
3027 3027 (0) 31 : 0.004 0.987 0.005 0.005
3028 3028 (0) 31 : 0.005 0.984 0.006 0.005
3029 3029 (0) 31 : 0.003 0.989 0.005 0.003
3030 3030 (0) 31 : 0.004 0.990 0.003 0.004
3031 3031 (0) 31 : 0.003 0.990 0.003 0.003
3032 3032 (0) 31 : 0.003 0.980 0.011 0.006
3033 3033 (0) 31 : 0.004 0.978 0.014 0.005
3034 3034 (0) 31 : 0.003 0.990 0.004 0.004
3035 3035 (0) 31 : 0.005 0.980 0.005 0.011
3036 3036 (0) 31 : 0.004 0.981 0.005 0.010
3037 3037 (0) 31 : 0.003 0.966 0.020 0.011
3038 3038 (0) 31 : 0.003 0.986 0.007 0.005
3039 3039 (0) 31 : 0.003 0.991 0.003 0.004
3040 3040 (0) 31 : 0.003 0.990 0.003 0.004
3041 3041 (0) 31 : 0.006 0.984 0.006 0.004
3042 3042 (0) 31 : 0.004 0.986 0.005 0.005
3043 3043 (0) 31 : 0.003 0.991 0.003 0.003
3044 3044 (0) 31 : 0.004 0.985 0.008 0.004
3045 3045 (0) 31 : 0.006 0.983 0.005 0.006
3046 3046 (0) 31 : 0.003 0.985 0.006 0.006
3047 3047 (0) 31 : 0.003 0.989 0.004 0.004
3048 3048 (0) 31 : 0.003 0.988 0.004 0.005
3049 3049 (0) 31 : 0.003 0.990 0.003 0.004
3050 3050 (0) 31 : 0.003 0.990 0.003 0.004
3051 3051 (0) 31 : 0.003 0.989 0.002 0.005
3052 3052 (0) 31 : 0.009 0.981 0.004 0.006
3053 3053 (0) 31 : 0.005 0.986 0.005 0.005
3054 3054 (0) 31 : 0.005 0.984 0.005 0.006
3055 3055 (0) 31 : 0.004 0.989 0.003 0.004
3056 3056 (0) 31 : 0.003 0.991 0.002 0.003
3057 3057 (0) 31 : 0.003 0.987 0.005 0.005
3058 3058 (0) 31 : 0.003 0.988 0.004 0.005
3059 3059 (0) 31 : 0.004 0.985 0.004 0.007
3060 3060 (0) 31 : 0.003 0.989 0.004 0.004
3061 3061 (0) 31 : 0.003 0.986 0.003 0.008
3062 3062 (0) 31 : 0.005 0.982 0.005 0.008
3063 3063 (0) 31 : 0.003 0.989 0.003 0.004
3064 3064 (0) 31 : 0.004 0.984 0.006 0.006
3065 3065 (0) 31 : 0.003 0.989 0.003 0.005
3066 3066 (0) 31 : 0.004 0.987 0.004 0.005
3067 3067 (0) 31 : 0.004 0.984 0.006 0.006
3068 3068 (0) 31 : 0.003 0.989 0.004 0.004
3069 3069 (0) 31 : 0.004 0.983 0.005 0.008
3070 3070 (0) 31 : 0.004 0.986 0.004 0.005
3071 3071 (0) 31 : 0.006 0.986 0.004 0.004
3072 3072 (0) 31 : 0.005 0.987 0.003 0.005
3073 3073 (0) 31 : 0.004 0.986 0.005 0.005
3074 3074 (0) 31 : 0.004 0.986 0.005 0.005
3075 3075 (0) 31 : 0.004 0.981 0.005 0.009
3076 3076 (0) 31 : 0.003 0.992 0.002 0.003
3077 3077 (0) 31 : 0.006 0.977 0.010 0.006
3078 3078 (0) 31 : 0.006 0.987 0.003 0.004
3079 3079 (0) 31 : 0.003 0.990 0.003 0.004
3080 3080 (0) 31 : 0.004 0.985 0.005 0.006
3081 3081 (0) 31 : 0.004 0.986 0.004 0.007
3082 3082 (0) 31 : 0.003 0.989 0.004 0.004
3083 3083 (0) 31 : 0.005 0.986 0.003 0.006
3084 3084 (0) 31 : 0.004 0.986 0.004 0.005
3085 3085 (0) 31 : 0.003 0.991 0.003 0.003
3086 3086 (0) 31 : 0.006 0.981 0.009 0.005
3087 3087 (0) 31 : 0.003 0.988 0.003 0.005
3088 3088 (0) 31 : 0.003 0.991 0.003 0.004
3089 3089 (0) 31 : 0.003 0.988 0.005 0.004
3090 3090 (0) 31 : 0.004 0.983 0.008 0.005
3091 3091 (0) 31 : 0.003 0.991 0.003 0.003
3092 3092 (0) 31 : 0.003 0.985 0.007 0.005
3093 3093 (0) 31 : 0.003 0.990 0.003 0.004
3094 3094 (0) 31 : 0.003 0.986 0.006 0.005
3095 3095 (0) 31 : 0.003 0.987 0.004 0.005
3096 3096 (0) 31 : 0.003 0.989 0.003 0.004
3097 3097 (0) 31 : 0.003 0.988 0.005 0.004
3098 3098 (0) 31 : 0.004 0.989 0.003 0.004
3099 3099 (0) 31 : 0.004 0.991 0.002 0.003
3100 3100 (0) 31 : 0.003 0.988 0.004 0.005
3101 3101 (0) 31 : 0.005 0.984 0.006 0.005
3102 3102 (0) 31 : 0.004 0.989 0.003 0.004
3103 3103 (0) 31 : 0.003 0.990 0.004 0.003
3104 3104 (0) 31 : 0.004 0.986 0.005 0.006
3105 3105 (0) 31 : 0.004 0.989 0.003 0.004
3106 3106 (0) 31 : 0.004 0.990 0.003 0.004
3107 3107 (0) 31 : 0.006 0.986 0.005 0.004
3108 3108 (0) 31 : 0.004 0.989 0.003 0.005
3109 3109 (0) 31 : 0.004 0.989 0.004 0.004
3110 3110 (0) 31 : 0.005 0.988 0.003 0.004
3111 3111 (0) 31 : 0.004 0.984 0.007 0.005
3112 3112 (0) 31 : 0.003 0.988 0.002 0.007
3113 3113 (0) 31 : 0.004 0.985 0.004 0.006
3114 3114 (0) 31 : 0.003 0.991 0.003 0.003
3115 3115 (0) 31 : 0.003 0.990 0.003 0.004
3116 3116 (0) 31 : 0.003 0.991 0.002 0.004
3117 3117 (0) 31 : 0.004 0.989 0.003 0.004
3118 3118 (0) 31 : 0.003 0.992 0.002 0.003
3119 3119 (0) 31 : 0.004 0.985 0.006 0.005
3120 3120 (0) 31 : 0.003 0.990 0.003 0.005
3121 3121 (0) 31 : 0.003 0.989 0.004 0.004
3122 3122 (0) 31 : 0.003 0.989 0.004 0.005
3123 3123 (0) 31 : 0.004 0.989 0.003 0.003
3124 3124 (0) 31 : 0.003 0.991 0.003 0.003
3125 3125 (0) 31 : 0.002 0.991 0.003 0.003
3126 3126 (0) 31 : 0.003 0.991 0.003 0.004
3127 3127 (0) 31 : 0.004 0.987 0.005 0.004
3128 3128 (0) 31 : 0.004 0.990 0.003 0.004
3129 3129 (0) 31 : 0.003 0.991 0.003 0.003
3130 3130 (0) 31 : 0.004 0.987 0.004 0.005
3131 3131 (0) 31 : 0.003 0.990 0.003 0.003
3132 3132 (0) 31 : 0.003 0.984 0.006 0.006
3133 3133 (0) 31 : 0.003 0.991 0.002 0.004
3134 3134 (0) 31 : 0.004 0.983 0.006 0.007
3135 3135 (0) 31 : 0.005 0.989 0.003 0.004
3136 3136 (0) 31 : 0.007 0.983 0.006 0.005
3137 3137 (0) 31 : 0.004 0.989 0.004 0.004
3138 3138 (0) 31 : 0.004 0.967 0.023 0.006
3139 3139 (0) 31 : 0.005 0.974 0.011 0.010
3140 3140 (0) 31 : 0.004 0.987 0.004 0.005
3141 3141 (0) 31 : 0.003 0.989 0.004 0.004
3142 3142 (0) 31 : 0.003 0.991 0.003 0.003
3143 3143 (0) 31 : 0.004 0.988 0.003 0.004
3144 3144 (0) 31 : 0.003 0.991 0.003 0.003
3145 3145 (0) 31 : 0.004 0.987 0.004 0.006
3146 3146 (0) 31 : 0.004 0.989 0.003 0.004
3147 3147 (0) 31 : 0.004 0.988 0.003 0.005
3148 3148 (0) 31 : 0.004 0.985 0.004 0.008
3149 3149 (0) 31 : 0.003 0.989 0.004 0.004
3150 3150 (0) 31 : 0.003 0.989 0.003 0.005
3151 3151 (0) 31 : 0.008 0.975 0.005 0.011
3152 3152 (0) 31 : 0.004 0.987 0.003 0.006
3153 3153 (0) 31 : 0.003 0.989 0.003 0.004
3154 3154 (0) 31 : 0.003 0.990 0.003 0.004
3155 3155 (0) 31 : 0.005 0.984 0.005 0.006
3156 3156 (0) 31 : 0.004 0.989 0.003 0.003
3157 3157 (0) 31 : 0.004 0.986 0.005 0.004
3158 3158 (0) 31 : 0.003 0.989 0.003 0.004
3159 3159 (0) 31 : 0.005 0.981 0.004 0.010
3160 3160 (0) 31 : 0.004 0.988 0.003 0.005
3161 3161 (0) 31 : 0.003 0.988 0.003 0.006
3162 3162 (0) 31 : 0.004 0.986 0.006 0.004
3163 3163 (0) 31 : 0.004 0.984 0.006 0.005
3164 3164 (0) 31 : 0.005 0.981 0.009 0.005
3165 3165 (0) 31 : 0.004 0.989 0.003 0.004
3166 3166 (0) 31 : 0.003 0.987 0.005 0.006
3167 3167 (0) 31 : 0.003 0.990 0.003 0.003
3168 3168 (0) 31 : 0.006 0.980 0.005 0.009
3169 3169 (0) 31 : 0.004 0.984 0.006 0.006
3170 3170 (0) 31 : 0.004 0.987 0.005 0.004
3171 3171 (0) 31 : 0.004 0.989 0.004 0.004
3172 3172 (0) 31 : 0.006 0.983 0.005 0.006
3173 3173 (0) 31 : 0.003 0.990 0.003 0.004
3174 3174 (0) 31 : 0.005 0.981 0.010 0.004
3175 3175 (0) 31 : 0.003 0.990 0.003 0.004
3176 3176 (0) 31 : 0.004 0.990 0.003 0.003
3177 3177 (0) 31 : 0.004 0.983 0.006 0.007
3178 3178 (0) 31 : 0.004 0.987 0.004 0.005
3179 3179 (0) 31 : 0.004 0.990 0.003 0.003
3180 3180 (0) 31 : 0.003 0.988 0.003 0.006
3181 3181 (0) 31 : 0.004 0.989 0.004 0.003
3182 3182 (0) 31 : 0.003 0.988 0.003 0.005
3183 3183 (0) 31 : 0.003 0.989 0.004 0.004
3184 3184 (0) 31 : 0.003 0.988 0.004 0.006
3185 3185 (0) 31 : 0.003 0.986 0.005 0.006
3186 3186 (0) 31 : 0.004 0.989 0.003 0.005
3187 3187 (0) 31 : 0.003 0.984 0.005 0.008
3188 3188 (0) 31 : 0.005 0.963 0.024 0.007
3189 3189 (0) 31 : 0.004 0.982 0.008 0.007
3190 3190 (0) 31 : 0.003 0.990 0.003 0.004
3191 3191 (0) 31 : 0.006 0.982 0.006 0.006
3192 3192 (0) 31 : 0.005 0.968 0.013 0.014
3193 3193 (0) 31 : 0.004 0.988 0.003 0.006
3194 3194 (0) 31 : 0.004 0.989 0.004 0.003
3195 3195 (0) 31 : 0.004 0.989 0.003 0.003
3196 3196 (0) 31 : 0.003 0.982 0.004 0.010
3197 3197 (0) 31 : 0.003 0.990 0.003 0.004
3198 3198 (0) 31 : 0.004 0.981 0.005 0.010
3199 3199 (0) 31 : 0.003 0.989 0.004 0.003
3200 3200 (0) 31 : 0.004 0.987 0.004 0.004
3201 3201 (0) 31 : 0.003 0.991 0.002 0.003
3202 3202 (0) 31 : 0.004 0.986 0.006 0.005
3203 3203 (0) 31 : 0.005 0.985 0.004 0.006
3204 3204 (0) 31 : 0.003 0.990 0.003 0.004
3205 3205 (0) 31 : 0.003 0.986 0.006 0.005
3206 3206 (0) 31 : 0.003 0.989 0.004 0.004
3207 3207 (0) 31 : 0.007 0.926 0.058 0.010
3208 3208 (0) 31 : 0.003 0.992 0.003 0.003
3209 3209 (0) 31 : 0.004 0.976 0.014 0.006
3210 3210 (0) 31 : 0.004 0.987 0.004 0.005
3211 3211 (0) 31 : 0.003 0.990 0.004 0.004
3212 3212 (0) 31 : 0.004 0.986 0.005 0.005
3213 3213 (0) 31 : 0.004 0.987 0.004 0.005
3214 3214 (0) 31 : 0.004 0.985 0.007 0.005
3215 3215 (0) 31 : 0.003 0.987 0.005 0.005
3216 3216 (0) 31 : 0.003 0.988 0.005 0.004
3217 3217 (0) 31 : 0.004 0.988 0.004 0.004
3218 3218 (0) 31 : 0.003 0.990 0.003 0.003
3219 3219 (0) 31 : 0.004 0.978 0.010 0.008
3220 3220 (0) 31 : 0.005 0.976 0.007 0.013
3221 3221 (0) 31 : 0.003 0.991 0.003 0.003
3222 3222 (0) 31 : 0.003 0.990 0.003 0.004
3223 3223 (0) 31 : 0.006 0.986 0.004 0.004
3224 3224 (0) 31 : 0.003 0.986 0.004 0.006
3225 3225 (0) 31 : 0.003 0.986 0.006 0.005
3226 3226 (0) 31 : 0.003 0.987 0.004 0.006
3227 3227 (0) 31 : 0.004 0.974 0.014 0.008
3228 3228 (0) 31 : 0.004 0.990 0.003 0.003
3229 3229 (0) 31 : 0.004 0.988 0.004 0.005
3230 3230 (0) 31 : 0.003 0.989 0.004 0.004
3231 3231 (0) 31 : 0.005 0.988 0.003 0.004
3232 3232 (0) 31 : 0.005 0.988 0.004 0.003
3233 3233 (0) 31 : 0.004 0.980 0.010 0.005
3234 3234 (0) 31 : 0.004 0.987 0.003 0.006
3235 3235 (0) 31 : 0.003 0.990 0.003 0.005
3236 3236 (0) 31 : 0.004 0.989 0.003 0.004
3237 3237 (0) 31 : 0.004 0.981 0.004 0.011
3238 3238 (0) 31 : 0.003 0.985 0.006 0.006
3239 3239 (0) 31 : 0.003 0.986 0.004 0.007
3240 3240 (0) 31 : 0.003 0.986 0.005 0.006
3241 3241 (0) 31 : 0.004 0.987 0.005 0.004
3242 3242 (0) 31 : 0.004 0.986 0.005 0.004
3243 3243 (0) 31 : 0.003 0.989 0.003 0.005
3244 3244 (0) 31 : 0.004 0.988 0.004 0.004
3245 3245 (0) 31 : 0.004 0.985 0.008 0.004
3246 3246 (0) 31 : 0.004 0.990 0.003 0.003
3247 3247 (0) 31 : 0.003 0.991 0.003 0.004
3248 3248 (0) 31 : 0.003 0.988 0.004 0.004
3249 3249 (0) 31 : 0.003 0.990 0.003 0.003
3250 3250 (0) 31 : 0.005 0.986 0.004 0.005
3251 3251 (0) 31 : 0.004 0.986 0.004 0.006
3252 3252 (0) 31 : 0.004 0.987 0.004 0.006
3253 3253 (0) 32 : 0.004 0.008 0.004 0.984
3254 3254 (0) 32 : 0.005 0.023 0.008 0.964
3255 3255 (0) 32 : 0.006 0.011 0.005 0.978
3256 3256 (0) 32 : 0.005 0.034 0.004 0.957
3257 3257 (0) 32 : 0.006 0.008 0.007 0.978
3258 3258 (0) 32 : 0.005 0.058 0.024 0.912
3259 3259 (0) 32 : 0.007 0.032 0.010 0.952
3260 3260 (0) 32 : 0.003 0.006 0.005 0.986
3261 3261 (0) 32 : 0.004 0.007 0.004 0.985
3262 3262 (0) 32 : 0.003 0.010 0.021 0.966
3263 3263 (0) 32 : 0.003 0.011 0.006 0.980
3264 3264 (0) 32 : 0.005 0.017 0.004 0.975
3265 3265 (0) 32 : 0.004 0.007 0.008 0.981
3266 3266 (0) 32 : 0.004 0.021 0.010 0.965
3267 3267 (0) 32 : 0.006 0.014 0.005 0.976
3268 3268 (0) 32 : 0.004 0.023 0.015 0.959
3269 3269 (0) 32 : 0.013 0.220 0.005 0.762
3270 3270 (0) 32 : 0.015 0.021 0.010 0.954
3271 3271 (0) 32 : 0.008 0.014 0.039 0.939
3272 3272 (0) 32 : 0.004 0.021 0.004 0.971
3273 3273 (0) 32 : 0.006 0.027 0.040 0.927
3274 3274 (0) 32 : 0.005 0.024 0.041 0.929
3275 3275 (5) 32 : 0.004 0.021 0.016 0.959
3276 3276 (0) 32 : 0.006 0.025 0.004 0.965
3277 3277 (0) 32 : 0.010 0.093 0.019 0.879
3278 3278 (0) 32 : 0.006 0.007 0.006 0.981
3279 3279 (0) 32 : 0.004 0.016 0.066 0.914
3280 3280 (0) 32 : 0.008 0.033 0.008 0.951
3281 3281 (0) 32 : 0.004 0.006 0.088 0.902
3282 3282 (0) 32 : 0.004 0.016 0.003 0.977
3283 3283 (5) 32 : 0.004 0.011 0.005 0.980
3284 3284 (0) 32 : 0.004 0.073 0.009 0.914
3285 3285 (0) 32 : 0.007 0.009 0.011 0.974
3286 3286 (0) 32 : 0.004 0.010 0.004 0.983
3287 3287 (0) 32 : 0.006 0.014 0.085 0.895
3288 3288 (0) 32 : 0.005 0.008 0.005 0.982
3289 3289 (5) 32 : 0.006 0.015 0.009 0.970
3290 3290 (5) 32 : 0.009 0.070 0.030 0.891
3291 3291 (5) 32 : 0.008 0.019 0.012 0.961
3292 3292 (5) 32 : 0.011 0.005 0.009 0.974
3293 3293 (0) 33 : 0.005 0.026 0.006 0.962
3294 3294 (0) 33 : 0.005 0.017 0.011 0.967
3295 3295 (0) 33 : 0.006 0.007 0.062 0.925
3296 3296 (0) 33 : 0.005 0.004 0.014 0.977
3297 3297 (0) 33 : 0.007 0.008 0.009 0.977
3298 3298 (0) 33 : 0.004 0.008 0.005 0.984
3299 3299 (0) 33 : 0.006 0.009 0.009 0.975
3300 3300 (0) 33 : 0.012 0.007 0.153 0.828
3301 3301 (0) 33 : 0.005 0.032 0.033 0.930
3302 3302 (0) 33 : 0.004 0.019 0.005 0.972
3303 3303 (0) 33 : 0.004 0.044 0.010 0.942
3304 3304 (0) 33 : 0.008 0.011 0.009 0.972
3305 3305 (0) 33 : 0.005 0.008 0.015 0.972
3306 3306 (0) 33 : 0.008 0.024 0.004 0.964
3307 3307 (0) 33 : 0.004 0.016 0.008 0.973
3308 3308 (0) 33 : 0.004 0.016 0.014 0.966
3309 3309 (0) 33 : 0.017 0.011 0.065 0.906
3310 3310 (0) 33 : 0.004 0.013 0.026 0.957
3311 3311 (0) 33 : 0.004 0.014 0.020 0.962
3312 3312 (0) 33 : 0.006 0.012 0.006 0.976
3313 3313 (0) 33 : 0.003 0.006 0.020 0.970
3314 3314 (0) 33 : 0.004 0.051 0.007 0.938
3315 3315 (0) 33 : 0.012 0.005 0.005 0.978
3316 3316 (0) 33 : 0.004 0.021 0.026 0.949
3317 3317 (0) 33 : 0.004 0.081 0.004 0.911
3318 3318 (0) 33 : 0.009 0.026 0.010 0.954
3319 3319 (0) 33 : 0.007 0.004 0.003 0.986
3320 3320 (0) 33 : 0.007 0.005 0.010 0.977
3321 3321 (0) 33 : 0.005 0.063 0.009 0.923
3322 3322 (0) 33 : 0.007 0.024 0.007 0.962
3323 3323 (0) 33 : 0.005 0.010 0.007 0.979
3324 3324 (0) 33 : 0.005 0.012 0.006 0.977
3325 3325 (0) 33 : 0.006 0.006 0.007 0.981
3326 3326 (0) 33 : 0.004 0.005 0.004 0.987
3327 3327 (0) 33 : 0.006 0.023 0.011 0.960
3328 3328 (0) 33 : 0.004 0.022 0.005 0.969
3329 3329 (0) 33 : 0.004 0.007 0.011 0.978
3330 3330 (0) 33 : 0.004 0.004 0.004 0.989
3331 3331 (0) 33 : 0.006 0.012 0.012 0.970
3332 3332 (0) 33 : 0.005 0.022 0.016 0.957
3333 3333 (0) 33 : 0.005 0.086 0.004 0.905
3334 3334 (0) 33 : 0.005 0.009 0.011 0.975
3335 3335 (0) 33 : 0.006 0.024 0.009 0.961
3336 3336 (0) 33 : 0.004 0.011 0.007 0.978
3337 3337 (0) 33 : 0.005 0.022 0.004 0.969
3338 3338 (0) 33 : 0.021 0.012 0.021 0.947
3339 3339 (0) 33 : 0.012 0.013 0.017 0.957
3340 3340 (0) 33 : 0.006 0.010 0.006 0.978
3341 3341 (0) 33 : 0.005 0.009 0.014 0.973
3342 3342 (0) 33 : 0.011 0.014 0.007 0.968
3343 3343 (0) 33 : 0.007 0.029 0.010 0.955
3344 3344 (0) 33 : 0.004 0.126 0.004 0.865
3345 3345 (0) 33 : 0.003 0.012 0.008 0.977
3346 3346 (0) 33 : 0.007 0.058 0.004 0.931
3347 3347 (0) 33 : 0.011 0.049 0.005 0.935
3348 3348 (0) 33 : 0.008 0.015 0.024 0.953
3349 3349 (0) 33 : 0.007 0.016 0.007 0.969
3350 3350 (0) 33 : 0.006 0.030 0.004 0.961
3351 3351 (0) 33 : 0.004 0.004 0.005 0.986
3352 3352 (0) 33 : 0.005 0.005 0.007 0.983
3353 3353 (0) 33 : 0.004 0.029 0.003 0.964
3354 3354 (0) 33 : 0.003 0.006 0.009 0.982
3355 3355 (0) 33 : 0.003 0.011 0.005 0.981
3356 3356 (0) 33 : 0.011 0.022 0.017 0.950
3357 3357 (0) 33 : 0.007 0.020 0.010 0.963
3358 3358 (0) 33 : 0.004 0.006 0.005 0.986
3359 3359 (0) 33 : 0.004 0.035 0.005 0.956
3360 3360 (0) 33 : 0.009 0.025 0.012 0.954
3361 3361 (0) 33 : 0.009 0.033 0.058 0.900
3362 3362 (0) 33 : 0.006 0.010 0.010 0.974
3363 3363 (0) 33 : 0.004 0.027 0.006 0.963
3364 3364 (0) 33 : 0.007 0.014 0.005 0.974
3365 3365 (0) 33 : 0.005 0.011 0.005 0.979
3366 3366 (0) 33 : 0.005 0.010 0.004 0.981
3367 3367 (0) 33 : 0.006 0.132 0.009 0.852
3368 3368 (0) 33 : 0.003 0.019 0.004 0.974
3369 3369 (0) 33 : 0.007 0.080 0.005 0.908
3370 3370 (0) 33 : 0.006 0.108 0.014 0.872
3371 3371 (0) 33 : 0.004 0.017 0.004 0.975
3372 3372 (0) 33 : 0.005 0.025 0.019 0.951
3373 3373 (0) 33 : 0.005 0.021 0.006 0.968
3374 3374 (0) 33 : 0.005 0.026 0.005 0.964
3375 3375 (0) 33 : 0.007 0.018 0.027 0.947
3376 3376 (0) 33 : 0.005 0.027 0.008 0.960
3377 3377 (0) 33 : 0.007 0.009 0.005 0.978
3378 3378 (0) 33 : 0.012 0.017 0.014 0.958
3379 3379 (0) 33 : 0.005 0.011 0.006 0.978
3380 3380 (0) 33 : 0.008 0.022 0.005 0.966
3381 3381 (0) 33 : 0.006 0.008 0.132 0.854
3382 3382 (0) 33 : 0.004 0.011 0.008 0.977
3383 3383 (0) 33 : 0.014 0.010 0.155 0.821
3384 3384 (0) 33 : 0.006 0.072 0.009 0.912
3385 3385 (0) 33 : 0.008 0.008 0.005 0.978
3386 3386 (0) 33 : 0.003 0.010 0.005 0.983
3387 3387 (0) 33 : 0.004 0.026 0.007 0.962
3388 3388 (0) 33 : 0.005 0.012 0.008 0.975
3389 3389 (0) 33 : 0.003 0.154 0.012 0.831
3390 3390 (0) 33 : 0.005 0.010 0.018 0.968
3391 3391 (0) 33 : 0.007 0.012 0.061 0.920
3392 3392 (0) 33 : 0.005 0.024 0.013 0.958
3393 3393 (0) 33 : 0.008 0.114 0.006 0.873
3394 3394 (0) 33 : 0.005 0.014 0.030 0.951
3395 3395 (0) 33 : 0.006 0.010 0.005 0.979
3396 3396 (0) 33 : 0.007 0.011 0.008 0.975
3397 3397 (0) 33 : 0.009 0.040 0.027 0.924
3398 3398 (0) 33 : 0.007 0.071 0.030 0.892
3399 3399 (0) 33 : 0.005 0.017 0.006 0.971
3400 3400 (0) 33 : 0.005 0.022 0.021 0.952
3401 3401 (0) 33 : 0.005 0.007 0.005 0.984
3402 3402 (0) 33 : 0.004 0.022 0.004 0.970
3403 3403 (0) 33 : 0.008 0.014 0.011 0.967
3404 3404 (0) 33 : 0.004 0.025 0.011 0.960
3405 3405 (0) 33 : 0.004 0.012 0.004 0.981
3406 3406 (0) 33 : 0.005 0.011 0.006 0.978
3407 3407 (0) 33 : 0.005 0.020 0.014 0.961
3408 3408 (0) 33 : 0.007 0.005 0.011 0.977
3409 3409 (0) 33 : 0.005 0.014 0.008 0.972
3410 3410 (0) 33 : 0.004 0.018 0.011 0.967
3411 3411 (0) 33 : 0.003 0.042 0.006 0.949
3412 3412 (0) 33 : 0.006 0.043 0.008 0.943
3413 3413 (0) 33 : 0.006 0.008 0.005 0.982
3414 3414 (0) 33 : 0.006 0.015 0.008 0.971
3415 3415 (0) 33 : 0.006 0.005 0.019 0.971
3416 3416 (0) 33 : 0.004 0.007 0.004 0.985
3417 3417 (0) 33 : 0.004 0.011 0.006 0.979
3418 3418 (0) 33 : 0.022 0.019 0.041 0.918
3419 3419 (0) 33 : 0.004 0.011 0.004 0.981
3420 3420 (0) 33 : 0.005 0.145 0.003 0.847
3421 3421 (0) 33 : 0.003 0.009 0.004 0.983
3422 3422 (0) 33 : 0.003 0.007 0.018 0.973
3423 3423 (0) 33 : 0.003 0.005 0.008 0.984
3424 3424 (0) 33 : 0.004 0.017 0.058 0.921
3425 3425 (0) 33 : 0.005 0.005 0.009 0.982
3426 3426 (0) 33 : 0.003 0.024 0.009 0.964
3427 3427 (0) 33 : 0.004 0.007 0.010 0.980
3428 3428 (0) 33 : 0.005 0.065 0.011 0.919
3429 3429 (0) 33 : 0.004 0.006 0.004 0.986
3430 3430 (0) 33 : 0.005 0.008 0.008 0.979
3431 3431 (0) 33 : 0.004 0.009 0.009 0.979
3432 3432 (0) 33 : 0.008 0.023 0.009 0.961
3433 3433 (0) 33 : 0.005 0.011 0.014 0.970
3434 3434 (0) 33 : 0.003 0.005 0.007 0.985
3435 3435 (0) 33 : 0.003 0.007 0.041 0.949
3436 3436 (0) 33 : 0.008 0.015 0.016 0.960
3437 3437 (0) 33 : 0.010 0.077 0.005 0.908
3438 3438 (0) 33 : 0.010 0.011 0.011 0.968
3439 3439 (0) 33 : 0.003 0.011 0.039 0.947
3440 3440 (0) 33 : 0.010 0.009 0.030 0.950
3441 3441 (0) 33 : 0.004 0.007 0.018 0.971
3442 3442 (0) 33 : 0.005 0.019 0.006 0.971
3443 3443 (0) 33 : 0.006 0.006 0.023 0.965
3444 3444 (0) 33 : 0.006 0.027 0.012 0.955
3445 3445 (0) 33 : 0.010 0.018 0.017 0.956
3446 3446 (0) 33 : 0.005 0.010 0.012 0.973
3447 3447 (0) 33 : 0.005 0.017 0.005 0.973
3448 3448 (0) 33 : 0.004 0.043 0.006 0.947
3449 3449 (0) 33 : 0.006 0.030 0.009 0.955
3450 3450 (0) 33 : 0.008 0.009 0.017 0.967
3451 3451 (0) 33 : 0.004 0.034 0.009 0.953
3452 3452 (0) 33 : 0.005 0.014 0.003 0.979
3453 3453 (0) 33 : 0.007 0.024 0.055 0.914
3454 3454 (0) 33 : 0.005 0.008 0.021 0.966
3455 3455 (0) 33 : 0.004 0.016 0.004 0.976
3456 3456 (0) 33 : 0.005 0.006 0.018 0.970
3457 3457 (0) 33 : 0.006 0.058 0.006 0.930
3458 3458 (0) 33 : 0.005 0.007 0.006 0.981
3459 3459 (0) 33 : 0.003 0.009 0.005 0.982
3460 3460 (0) 33 : 0.004 0.022 0.005 0.969
3461 3461 (0) 33 : 0.005 0.012 0.004 0.979
3462 3462 (0) 33 : 0.007 0.007 0.003 0.983
3463 3463 (0) 33 : 0.009 0.050 0.209 0.733
3464 3464 (0) 33 : 0.004 0.036 0.005 0.955
3465 3465 (0) 33 : 0.004 0.037 0.011 0.947
3466 3466 (0) 33 : 0.006 0.067 0.006 0.921
3467 3467 (0) 33 : 0.007 0.009 0.007 0.976
3468 3468 (0) 33 : 0.004 0.080 0.004 0.912
3469 3469 (0) 33 : 0.003 0.016 0.005 0.976
3470 3470 (0) 33 : 0.005 0.008 0.022 0.966
3471 3471 (0) 33 : 0.011 0.031 0.027 0.931
3472 3472 (0) 33 : 0.005 0.027 0.054 0.914
3473 3473 (0) 33 : 0.005 0.013 0.004 0.978
3474 3474 (0) 33 : 0.017 0.036 0.005 0.943
3475 3475 (0) 33 : 0.004 0.005 0.012 0.980
3476 3476 (0) 33 : 0.004 0.025 0.042 0.929
3477 3477 (0) 33 : 0.005 0.010 0.073 0.912
3478 3478 (0) 33 : 0.009 0.098 0.015 0.879
3479 3479 (0) 33 : 0.006 0.022 0.022 0.950
3480 3480 (0) 33 : 0.006 0.013 0.006 0.975
3481 3481 (0) 33 : 0.006 0.010 0.005 0.979
3482 3482 (0) 33 : 0.003 0.005 0.005 0.988
3483 3483 (0) 33 : 0.005 0.016 0.009 0.970
3484 3484 (0) 33 : 0.014 0.016 0.012 0.958
3485 3485 (0) 33 : 0.005 0.006 0.004 0.986
3486 3486 (0) 33 : 0.009 0.014 0.005 0.972
3487 3487 (0) 33 : 0.003 0.030 0.004 0.963
3488 3488 (0) 33 : 0.005 0.266 0.007 0.722
3489 3489 (0) 33 : 0.004 0.015 0.033 0.949
3490 3490 (0) 33 : 0.004 0.017 0.006 0.974
3491 3491 (0) 33 : 0.005 0.012 0.012 0.970
3492 3492 (0) 33 : 0.006 0.057 0.008 0.929
3493 3493 (0) 33 : 0.004 0.061 0.004 0.931
3494 3494 (0) 33 : 0.006 0.005 0.005 0.984
3495 3495 (0) 33 : 0.004 0.005 0.008 0.982
3496 3496 (0) 33 : 0.005 0.032 0.009 0.953
3497 3497 (0) 33 : 0.004 0.058 0.011 0.927
3498 3498 (0) 33 : 0.009 0.008 0.013 0.970
3499 3499 (0) 33 : 0.004 0.049 0.007 0.940
3500 3500 (0) 33 : 0.004 0.023 0.006 0.967
3501 3501 (0) 33 : 0.006 0.007 0.004 0.983
3502 3502 (0) 33 : 0.005 0.046 0.010 0.939
3503 3503 (0) 33 : 0.006 0.024 0.006 0.965
3504 3504 (0) 33 : 0.006 0.006 0.010 0.978
3505 3505 (0) 33 : 0.005 0.005 0.006 0.984
3506 3506 (0) 33 : 0.004 0.035 0.023 0.937
3507 3507 (0) 33 : 0.006 0.012 0.010 0.972
3508 3508 (0) 33 : 0.006 0.012 0.005 0.978
3509 3509 (0) 33 : 0.010 0.007 0.012 0.971
3510 3510 (0) 33 : 0.006 0.085 0.006 0.903
3511 3511 (0) 33 : 0.005 0.008 0.036 0.950
3512 3512 (0) 33 : 0.006 0.018 0.058 0.918
3513 3513 (0) 33 : 0.007 0.231 0.017 0.745
3514 3514 (0) 33 : 0.005 0.010 0.036 0.949
3515 3515 (0) 33 : 0.017 0.014 0.009 0.960
3516 3516 (0) 33 : 0.004 0.020 0.011 0.965
3517 3517 (0) 33 : 0.004 0.013 0.004 0.978
3518 3518 (0) 33 : 0.006 0.087 0.017 0.890
3519 3519 (0) 33 : 0.006 0.014 0.008 0.971
3520 3520 (0) 33 : 0.007 0.005 0.034 0.954
3521 3521 (0) 33 : 0.005 0.095 0.009 0.892
3522 3522 (0) 33 : 0.005 0.007 0.008 0.981
3523 3523 (0) 33 : 0.008 0.011 0.008 0.972
3524 3524 (0) 33 : 0.006 0.036 0.016 0.941
3525 3525 (0) 33 : 0.004 0.006 0.005 0.986
3526 3526 (0) 33 : 0.006 0.012 0.006 0.977
3527 3527 (0) 33 : 0.005 0.015 0.012 0.968
3528 3528 (0) 33 : 0.003 0.011 0.010 0.975
3529 3529 (0) 33 : 0.003 0.030 0.004 0.963
3530 3530 (0) 33 : 0.005 0.013 0.013 0.969
3531 3531 (0) 33 : 0.007 0.009 0.009 0.976
3532 3532 (0) 33 : 0.013 0.019 0.007 0.961
3533 3533 (0) 33 : 0.004 0.121 0.006 0.869
3534 3534 (0) 33 : 0.005 0.100 0.011 0.884
3535 3535 (0) 33 : 0.003 0.019 0.005 0.973
3536 3536 (0) 33 : 0.007 0.226 0.006 0.762
3537 3537 (0) 33 : 0.004 0.006 0.005 0.986
3538 3538 (0) 33 : 0.003 0.024 0.007 0.966
3539 3539 (0) 33 : 0.010 0.021 0.005 0.964
3540 3540 (0) 33 : 0.005 0.012 0.007 0.976
3541 3541 (0) 33 : 0.010 0.006 0.011 0.972
3542 3542 (0) 33 : 0.006 0.018 0.026 0.950
3543 3543 (0) 33 : 0.005 0.023 0.005 0.967
3544 3544 (0) 33 : 0.004 0.005 0.010 0.981
3545 3545 (0) 33 : 0.005 0.013 0.008 0.974
3546 3546 (0) 33 : 0.004 0.010 0.038 0.947
3547 3547 (0) 33 : 0.005 0.012 0.005 0.978
3548 3548 (0) 33 : 0.008 0.025 0.007 0.960
3549 3549 (0) 33 : 0.005 0.014 0.004 0.977
3550 3550 (0) 33 : 0.008 0.008 0.067 0.918
3551 3551 (0) 33 : 0.003 0.093 0.014 0.890
3552 3552 (0) 33 : 0.009 0.117 0.013 0.861
3553 3553 (0) 33 : 0.004 0.064 0.008 0.924
3554 3554 (0) 33 : 0.007 0.020 0.011 0.962
3555 3555 (0) 33 : 0.010 0.024 0.019 0.947
3556 3556 (0) 33 : 0.006 0.012 0.006 0.975
3557 3557 (0) 33 : 0.005 0.004 0.013 0.977
3558 3558 (0) 33 : 0.006 0.053 0.006 0.936
3559 3559 (0) 33 : 0.003 0.017 0.007 0.972
3560 3560 (0) 33 : 0.007 0.005 0.018 0.969
3561 3561 (0) 33 : 0.004 0.006 0.007 0.984
3562 3562 (0) 33 : 0.006 0.040 0.009 0.945
3563 3563 (0) 33 : 0.004 0.019 0.004 0.973
3564 3564 (0) 33 : 0.004 0.024 0.040 0.932
3565 3565 (0) 33 : 0.004 0.006 0.004 0.986
3566 3566 (0) 33 : 0.006 0.004 0.016 0.974
3567 3567 (0) 33 : 0.004 0.077 0.009 0.910
3568 3568 (0) 33 : 0.004 0.004 0.010 0.982
3569 3569 (0) 33 : 0.006 0.010 0.031 0.953
3570 3570 (0) 33 : 0.004 0.084 0.004 0.907
3571 3571 (0) 33 : 0.006 0.014 0.005 0.975
3572 3572 (0) 33 : 0.008 0.015 0.003 0.973
3573 3573 (0) 33 : 0.005 0.007 0.013 0.975
3574 3574 (0) 33 : 0.007 0.007 0.006 0.980
3575 3575 (0) 33 : 0.004 0.009 0.006 0.981
3576 3576 (0) 33 : 0.009 0.048 0.005 0.937
3577 3577 (0) 33 : 0.004 0.029 0.031 0.936
3578 3578 (0) 33 : 0.005 0.115 0.009 0.871
3579 3579 (0) 33 : 0.004 0.015 0.005 0.976
3580 3580 (0) 33 : 0.004 0.120 0.021 0.855
3581 3581 (0) 33 : 0.032 0.019 0.012 0.936
3582 3582 (0) 33 : 0.010 0.015 0.009 0.965
3583 3583 (0) 33 : 0.005 0.026 0.005 0.963
3584 3584 (0) 33 : 0.006 0.038 0.007 0.950
3585 3585 (0) 33 : 0.019 0.016 0.007 0.958
3586 3586 (0) 33 : 0.003 0.032 0.006 0.958
3587 3587 (0) 33 : 0.005 0.009 0.011 0.975
3588 3588 (0) 33 : 0.006 0.010 0.052 0.931
3589 3589 (0) 33 : 0.006 0.079 0.087 0.828
3590 3590 (0) 33 : 0.004 0.007 0.005 0.985
3591 3591 (0) 33 : 0.005 0.011 0.004 0.979
3592 3592 (0) 33 : 0.008 0.091 0.005 0.896
1 1 (5) 1 : 0.011 0.008 0.977 0.005
2 2 (5) 1 : 0.006 0.014 0.968 0.013
3 3 (5) 1 : 0.006 0.005 0.984 0.004
4 4 (0) 1 : 0.008 0.004 0.981 0.006
5 5 (0) 1 : 0.015 0.058 0.911 0.016
6 6 (0) 1 : 0.008 0.007 0.980 0.005
7 7 (0) 1 : 0.004 0.029 0.955 0.013
8 8 (5) 1 : 0.006 0.004 0.986 0.005
9 9 (0) 1 : 0.004 0.003 0.988 0.004
10 10 (0) 1 : 0.004 0.013 0.972 0.010
11 11 (0) 1 : 0.003 0.008 0.984 0.005
12 12 (0) 1 : 0.004 0.008 0.976 0.012
13 13 (0) 1 : 0.003 0.004 0.983 0.010
14 14 (0) 1 : 0.010 0.005 0.980 0.005
15 15 (0) 1 : 0.004 0.005 0.985 0.005
16 16 (0) 1 : 0.008 0.004 0.984 0.004
17 17 (0) 1 : 0.003 0.004 0.990 0.003
18 18 (0) 1 : 0.006 0.018 0.969 0.008
19 19 (0) 1 : 0.007 0.005 0.970 0.019
20 20 (0) 1 : 0.009 0.020 0.962 0.010
21 21 (0) 1 : 0.004 0.003 0.987 0.006
22 22 (0) 1 : 0.010 0.004 0.983 0.003
23 23 (0) 1 : 0.008 0.004 0.985 0.003
24 24 (0) 1 : 0.024 0.007 0.960 0.010
25 25 (0) 1 : 0.005 0.009 0.974 0.013
26 26 (0) 1 : 0.006 0.004 0.979 0.011
27 27 (5) 1 : 0.005 0.040 0.946 0.009
28 28 (0) 1 : 0.013 0.012 0.972 0.003
29 29 (0) 1 : 0.010 0.005 0.981 0.004
30 30 (0) 1 : 0.026 0.018 0.937 0.019
31 31 (0) 1 : 0.005 0.005 0.987 0.003
32 32 (0) 1 : 0.005 0.012 0.971 0.011
33 33 (0) 1 : 0.004 0.004 0.989 0.004
34 34 (0) 1 : 0.008 0.004 0.985 0.003
35 35 (0) 1 : 0.007 0.092 0.894 0.007
36 36 (0) 1 : 0.005 0.013 0.976 0.006
37 37 (0) 1 : 0.005 0.008 0.976 0.010
38 38 (0) 1 : 0.004 0.006 0.977 0.013
39 39 (0) 1 : 0.006 0.019 0.957 0.018
40 40 (0) 1 : 0.010 0.008 0.975 0.007
41 41 (0) 1 : 0.006 0.007 0.981 0.006
42 42 (0) 1 : 0.005 0.003 0.987 0.004
43 43 (0) 1 : 0.005 0.005 0.987 0.004
44 44 (0) 1 : 0.003 0.003 0.991 0.003
45 45 (5) 1 : 0.005 0.008 0.978 0.009
46 46 (0) 1 : 0.010 0.005 0.983 0.002
47 47 (0) 1 : 0.008 0.007 0.982 0.003
48 48 (0) 1 : 0.013 0.008 0.974 0.004
49 49 (0) 1 : 0.003 0.015 0.963 0.018
50 50 (0) 1 : 0.007 0.006 0.983 0.005
51 51 (0) 1 : 0.004 0.005 0.981 0.010
52 52 (0) 1 : 0.013 0.012 0.929 0.046
53 53 (0) 1 : 0.018 0.008 0.969 0.004
54 54 (0) 1 : 0.008 0.008 0.981 0.003
55 55 (0) 1 : 0.005 0.006 0.986 0.004
56 56 (0) 1 : 0.008 0.006 0.982 0.004
57 57 (10) 1 : 0.005 0.006 0.982 0.007
58 58 (5) 1 : 0.008 0.007 0.980 0.005
59 59 (0) 1 : 0.011 0.006 0.977 0.007
60 60 (0) 1 : 0.003 0.004 0.988 0.004
61 61 (0) 1 : 0.009 0.007 0.980 0.005
62 62 (0) 1 : 0.004 0.010 0.981 0.004
63 63 (0) 1 : 0.004 0.009 0.983 0.005
64 64 (0) 1 : 0.006 0.007 0.984 0.004
65 65 (0) 1 : 0.004 0.020 0.946 0.031
66 66 (0) 1 : 0.009 0.008 0.978 0.005
67 67 (5) 1 : 0.026 0.008 0.947 0.019
68 68 (0) 1 : 0.022 0.012 0.960 0.006
69 69 (0) 1 : 0.003 0.006 0.988 0.003
70 70 (0) 1 : 0.008 0.006 0.981 0.005
71 71 (5) 1 : 0.010 0.013 0.970 0.007
72 72 (0) 1 : 0.004 0.007 0.977 0.013
73 73 (5) 1 : 0.006 0.008 0.983 0.004
74 74 (10) 1 : 0.007 0.009 0.976 0.009
75 75 (10) 1 : 0.005 0.006 0.958 0.031
76 76 (0) 1 : 0.208 0.005 0.782 0.005
77 77 (10) 1 : 0.041 0.005 0.947 0.007
78 78 (0) 1 : 0.062 0.011 0.913 0.014
79 79 (5) 1 : 0.011 0.013 0.972 0.004
80 80 (0) 1 : 0.005 0.004 0.987 0.004
81 81 (0) 1 : 0.005 0.004 0.987 0.004
82 82 (0) 1 : 0.003 0.004 0.989 0.004
83 83 (0) 1 : 0.049 0.008 0.938 0.006
84 84 (0) 1 : 0.004 0.009 0.976 0.012
85 85 (0) 1 : 0.003 0.004 0.989 0.004
86 86 (5) 1 : 0.004 0.005 0.986 0.005
87 87 (0) 1 : 0.006 0.006 0.983 0.004
88 88 (0) 1 : 0.145 0.016 0.828 0.011
89 89 (0) 1 : 0.014 0.008 0.947 0.031
90 90 (0) 1 : 0.013 0.025 0.958 0.004
91 91 (0) 1 : 0.009 0.007 0.979 0.005
92 92 (0) 1 : 0.006 0.014 0.975 0.005
93 93 (0) 1 : 0.005 0.004 0.987 0.003
94 94 (5) 1 : 0.029 0.007 0.941 0.023
95 95 (0) 1 : 0.007 0.005 0.983 0.005
96 96 (5) 1 : 0.003 0.004 0.988 0.005
97 97 (0) 1 : 0.017 0.007 0.973 0.003
98 98 (0) 1 : 0.005 0.008 0.980 0.007
99 99 (5) 1 : 0.004 0.005 0.985 0.006
100 100 (5) 1 : 0.004 0.004 0.988 0.004
101 101 (0) 2 : 0.011 0.006 0.981 0.003
102 102 (0) 2 : 0.032 0.005 0.955 0.007
103 103 (0) 2 : 0.029 0.004 0.964 0.003
104 104 (0) 2 : 0.004 0.004 0.987 0.004
105 105 (0) 2 : 0.008 0.028 0.960 0.004
106 106 (0) 2 : 0.005 0.007 0.965 0.023
107 107 (0) 2 : 0.005 0.004 0.987 0.003
108 108 (0) 2 : 0.058 0.016 0.920 0.006
109 109 (0) 2 : 0.011 0.017 0.946 0.026
110 110 (0) 2 : 0.004 0.004 0.988 0.005
111 111 (0) 2 : 0.004 0.005 0.985 0.007
112 112 (0) 2 : 0.006 0.004 0.981 0.009
113 113 (0) 2 : 0.006 0.009 0.978 0.006
114 114 (0) 2 : 0.010 0.014 0.964 0.012
115 115 (0) 2 : 0.005 0.005 0.985 0.005
116 116 (0) 2 : 0.010 0.004 0.982 0.004
117 117 (0) 2 : 0.007 0.005 0.984 0.004
118 118 (0) 2 : 0.007 0.005 0.981 0.006
119 119 (0) 2 : 0.003 0.004 0.982 0.011
120 120 (0) 2 : 0.004 0.024 0.960 0.012
121 121 (0) 2 : 0.004 0.006 0.984 0.006
122 122 (0) 2 : 0.005 0.005 0.982 0.007
123 123 (0) 2 : 0.013 0.005 0.974 0.007
124 124 (0) 2 : 0.006 0.004 0.986 0.004
125 125 (0) 2 : 0.003 0.003 0.988 0.006
126 126 (0) 2 : 0.006 0.007 0.983 0.004
127 127 (0) 2 : 0.009 0.017 0.855 0.120
128 128 (0) 2 : 0.004 0.005 0.986 0.005
129 129 (0) 2 : 0.005 0.005 0.976 0.014
130 130 (0) 2 : 0.005 0.006 0.985 0.004
131 131 (0) 2 : 0.004 0.008 0.985 0.003
132 132 (0) 2 : 0.004 0.004 0.987 0.005
133 133 (0) 2 : 0.004 0.004 0.989 0.003
134 134 (0) 2 : 0.010 0.112 0.867 0.011
135 135 (0) 2 : 0.003 0.005 0.987 0.005
136 136 (0) 2 : 0.005 0.006 0.984 0.005
137 137 (0) 2 : 0.026 0.006 0.964 0.004
138 138 (0) 2 : 0.003 0.006 0.981 0.009
139 139 (0) 2 : 0.004 0.010 0.975 0.011
140 140 (0) 2 : 0.005 0.018 0.902 0.075
141 141 (0) 2 : 0.003 0.004 0.990 0.004
142 142 (0) 2 : 0.004 0.004 0.987 0.005
143 143 (0) 2 : 0.005 0.003 0.988 0.004
144 144 (0) 2 : 0.008 0.024 0.963 0.005
145 145 (0) 2 : 0.006 0.004 0.986 0.004
146 146 (0) 2 : 0.006 0.005 0.985 0.003
147 147 (0) 2 : 0.006 0.004 0.987 0.002
148 148 (0) 2 : 0.006 0.008 0.974 0.011
149 149 (0) 2 : 0.004 0.005 0.988 0.003
150 150 (0) 2 : 0.006 0.005 0.985 0.003
151 151 (0) 2 : 0.004 0.015 0.973 0.009
152 152 (0) 2 : 0.015 0.005 0.975 0.005
153 153 (0) 2 : 0.003 0.004 0.989 0.004
154 154 (0) 2 : 0.006 0.004 0.987 0.003
155 155 (0) 2 : 0.004 0.008 0.981 0.007
156 156 (0) 2 : 0.018 0.004 0.970 0.008
157 157 (0) 2 : 0.005 0.006 0.986 0.004
158 158 (0) 2 : 0.009 0.005 0.981 0.005
159 159 (0) 2 : 0.006 0.021 0.943 0.030
160 160 (0) 2 : 0.004 0.006 0.959 0.032
161 161 (0) 2 : 0.007 0.009 0.978 0.005
162 162 (0) 2 : 0.003 0.003 0.991 0.004
163 163 (0) 2 : 0.022 0.008 0.967 0.004
164 164 (0) 2 : 0.012 0.008 0.973 0.007
165 165 (0) 2 : 0.009 0.007 0.981 0.004
166 166 (0) 2 : 0.006 0.005 0.981 0.008
167 167 (0) 2 : 0.005 0.006 0.986 0.004
168 168 (0) 2 : 0.004 0.003 0.990 0.003
169 169 (0) 2 : 0.010 0.005 0.979 0.006
170 170 (0) 2 : 0.004 0.005 0.987 0.004
171 171 (0) 2 : 0.006 0.005 0.985 0.003
172 172 (0) 2 : 0.005 0.006 0.983 0.005
173 173 (0) 2 : 0.007 0.004 0.985 0.004
174 174 (0) 2 : 0.004 0.012 0.971 0.013
175 175 (0) 2 : 0.008 0.004 0.985 0.003
176 176 (0) 2 : 0.011 0.005 0.981 0.004
177 177 (0) 2 : 0.004 0.005 0.986 0.005
178 178 (0) 2 : 0.004 0.004 0.987 0.006
179 179 (0) 2 : 0.013 0.005 0.977 0.005
180 180 (0) 2 : 0.008 0.008 0.955 0.029
181 181 (0) 2 : 0.004 0.006 0.986 0.004
182 182 (0) 2 : 0.006 0.006 0.983 0.005
183 183 (0) 2 : 0.005 0.007 0.981 0.007
184 184 (0) 2 : 0.006 0.004 0.987 0.004
185 185 (0) 2 : 0.026 0.022 0.939 0.013
186 186 (0) 2 : 0.006 0.007 0.965 0.022
187 187 (0) 2 : 0.005 0.005 0.986 0.004
188 188 (0) 2 : 0.006 0.008 0.982 0.004
189 189 (0) 2 : 0.006 0.008 0.976 0.010
190 190 (0) 2 : 0.091 0.009 0.897 0.003
191 191 (0) 2 : 0.005 0.004 0.985 0.006
192 192 (0) 2 : 0.005 0.004 0.988 0.003
193 193 (0) 2 : 0.004 0.012 0.965 0.019
194 194 (0) 2 : 0.004 0.007 0.981 0.008
195 195 (0) 2 : 0.004 0.015 0.968 0.012
196 196 (0) 2 : 0.003 0.003 0.990 0.004
197 197 (0) 2 : 0.008 0.006 0.979 0.007
198 198 (0) 2 : 0.004 0.014 0.962 0.020
199 199 (0) 2 : 0.006 0.004 0.982 0.007
200 200 (0) 2 : 0.005 0.008 0.984 0.004
201 201 (0) 2 : 0.012 0.008 0.974 0.006
202 202 (0) 2 : 0.003 0.003 0.989 0.004
203 203 (0) 2 : 0.006 0.009 0.977 0.008
204 204 (0) 2 : 0.016 0.005 0.975 0.004
205 205 (0) 2 : 0.008 0.008 0.980 0.004
206 206 (0) 2 : 0.005 0.010 0.978 0.007
207 207 (0) 2 : 0.007 0.021 0.968 0.005
208 208 (0) 2 : 0.010 0.007 0.976 0.006
209 209 (0) 2 : 0.020 0.013 0.964 0.003
210 210 (0) 2 : 0.005 0.005 0.986 0.004
211 211 (0) 2 : 0.004 0.006 0.980 0.009
212 212 (0) 2 : 0.005 0.003 0.989 0.003
213 213 (0) 2 : 0.005 0.004 0.984 0.006
214 214 (0) 2 : 0.015 0.005 0.975 0.004
215 215 (0) 2 : 0.004 0.005 0.988 0.003
216 216 (0) 2 : 0.041 0.010 0.944 0.005
217 217 (0) 2 : 0.032 0.010 0.948 0.011
218 218 (0) 2 : 0.006 0.009 0.974 0.011
219 219 (0) 2 : 0.004 0.004 0.988 0.004
220 220 (0) 2 : 0.049 0.006 0.938 0.007
221 221 (0) 2 : 0.005 0.005 0.979 0.012
222 222 (0) 2 : 0.009 0.012 0.973 0.007
223 223 (0) 2 : 0.004 0.005 0.977 0.014
224 224 (0) 2 : 0.005 0.004 0.985 0.005
225 225 (0) 2 : 0.003 0.003 0.991 0.003
226 226 (0) 2 : 0.009 0.004 0.983 0.003
227 227 (0) 2 : 0.005 0.010 0.977 0.008
228 228 (0) 2 : 0.009 0.025 0.956 0.010
229 229 (0) 2 : 0.010 0.015 0.955 0.019
230 230 (0) 2 : 0.005 0.009 0.970 0.017
231 231 (0) 2 : 0.147 0.007 0.841 0.005
232 232 (0) 2 : 0.011 0.008 0.974 0.007
233 233 (0) 2 : 0.011 0.007 0.975 0.007
234 234 (0) 2 : 0.006 0.004 0.987 0.004
235 235 (0) 2 : 0.007 0.008 0.981 0.004
236 236 (0) 2 : 0.017 0.004 0.973 0.006
237 237 (0) 2 : 0.016 0.004 0.977 0.003
238 238 (0) 2 : 0.005 0.007 0.983 0.005
239 239 (0) 2 : 0.003 0.004 0.987 0.006
240 240 (0) 2 : 0.005 0.005 0.981 0.008
241 241 (0) 2 : 0.005 0.010 0.976 0.010
242 242 (0) 2 : 0.003 0.003 0.991 0.003
243 243 (0) 2 : 0.008 0.006 0.979 0.007
244 244 (0) 2 : 0.048 0.020 0.915 0.017
245 245 (0) 2 : 0.003 0.005 0.988 0.003
246 246 (0) 2 : 0.008 0.008 0.979 0.005
247 247 (0) 2 : 0.003 0.005 0.988 0.005
248 248 (0) 2 : 0.003 0.007 0.956 0.034
249 249 (0) 2 : 0.006 0.004 0.985 0.005
250 250 (0) 2 : 0.005 0.005 0.987 0.004
251 251 (0) 2 : 0.005 0.007 0.981 0.008
252 252 (0) 2 : 0.004 0.006 0.984 0.006
253 253 (0) 2 : 0.007 0.005 0.979 0.009
254 254 (0) 2 : 0.011 0.007 0.978 0.004
255 255 (0) 2 : 0.003 0.005 0.988 0.003
256 256 (0) 2 : 0.006 0.004 0.986 0.004
257 257 (0) 2 : 0.004 0.010 0.981 0.005
258 258 (0) 2 : 0.007 0.006 0.984 0.003
259 259 (0) 2 : 0.006 0.005 0.985 0.004
260 260 (0) 2 : 0.014 0.013 0.969 0.004
261 261 (0) 2 : 0.008 0.008 0.973 0.011
262 262 (0) 2 : 0.004 0.005 0.986 0.005
263 263 (0) 2 : 0.004 0.012 0.981 0.004
264 264 (0) 2 : 0.004 0.004 0.987 0.005
265 265 (0) 2 : 0.006 0.011 0.978 0.006
266 266 (0) 2 : 0.003 0.004 0.989 0.004
267 267 (0) 2 : 0.015 0.072 0.906 0.006
268 268 (0) 2 : 0.003 0.003 0.991 0.003
269 269 (0) 2 : 0.006 0.011 0.969 0.014
270 270 (0) 2 : 0.004 0.005 0.982 0.009
271 271 (0) 2 : 0.006 0.006 0.980 0.007
272 272 (0) 2 : 0.005 0.006 0.986 0.003
273 273 (0) 2 : 0.011 0.006 0.979 0.003
274 274 (0) 2 : 0.012 0.004 0.980 0.004
275 275 (0) 2 : 0.004 0.005 0.988 0.003
276 276 (0) 2 : 0.003 0.006 0.988 0.003
277 277 (0) 2 : 0.006 0.011 0.973 0.011
278 278 (0) 2 : 0.009 0.006 0.982 0.004
279 279 (0) 2 : 0.003 0.006 0.988 0.003
280 280 (0) 2 : 0.004 0.003 0.991 0.002
281 281 (0) 2 : 0.005 0.009 0.981 0.005
282 282 (0) 2 : 0.038 0.009 0.948 0.005
283 283 (0) 2 : 0.004 0.019 0.973 0.004
284 284 (0) 2 : 0.004 0.010 0.957 0.029
285 285 (0) 2 : 0.005 0.012 0.964 0.019
286 286 (0) 2 : 0.004 0.008 0.982 0.006
287 287 (0) 2 : 0.111 0.022 0.852 0.015
288 288 (0) 2 : 0.004 0.011 0.982 0.003
289 289 (0) 2 : 0.009 0.004 0.984 0.004
290 290 (0) 2 : 0.003 0.005 0.985 0.007
291 291 (0) 2 : 0.006 0.004 0.985 0.005
292 292 (0) 2 : 0.004 0.004 0.989 0.003
293 293 (0) 2 : 0.079 0.008 0.905 0.009
294 294 (0) 2 : 0.005 0.042 0.949 0.003
295 295 (0) 2 : 0.009 0.004 0.984 0.003
296 296 (0) 2 : 0.007 0.012 0.975 0.007
297 297 (0) 2 : 0.003 0.003 0.990 0.003
298 298 (0) 2 : 0.004 0.004 0.989 0.003
299 299 (0) 2 : 0.005 0.005 0.987 0.004
300 300 (0) 2 : 0.006 0.007 0.980 0.007
301 301 (5) 3 : 0.005 0.335 0.651 0.010
302 302 (0) 3 : 0.009 0.721 0.244 0.027
303 303 (0) 3 : 0.024 0.413 0.523 0.041
304 304 (5) 3 : 0.005 0.577 0.401 0.017
305 305 (5) 3 : 0.003 0.588 0.383 0.026
306 306 (0) 3 : 0.014 0.633 0.280 0.073
307 307 (0) 4 : 0.005 0.314 0.671 0.009
308 308 (0) 4 : 0.004 0.517 0.470 0.009
309 309 (0) 4 : 0.018 0.322 0.552 0.109
310 310 (0) 4 : 0.046 0.478 0.456 0.020
311 311 (0) 4 : 0.014 0.408 0.571 0.007
312 312 (0) 4 : 0.007 0.392 0.586 0.015
313 313 (0) 4 : 0.005 0.586 0.403 0.006
314 314 (0) 4 : 0.014 0.655 0.325 0.006
315 315 (0) 4 : 0.008 0.578 0.406 0.009
316 316 (0) 4 : 0.004 0.697 0.254 0.045
317 317 (0) 4 : 0.025 0.593 0.367 0.015
318 318 (0) 4 : 0.009 0.421 0.493 0.076
319 319 (0) 4 : 0.016 0.127 0.836 0.022
320 320 (0) 4 : 0.011 0.589 0.347 0.053
321 321 (0) 4 : 0.003 0.485 0.496 0.016
322 322 (0) 4 : 0.047 0.637 0.310 0.006
323 323 (0) 4 : 0.005 0.444 0.541 0.010
324 324 (0) 4 : 0.014 0.180 0.789 0.017
325 325 (0) 4 : 0.029 0.392 0.426 0.153
326 326 (0) 4 : 0.019 0.368 0.463 0.151
327 327 (0) 4 : 0.005 0.290 0.689 0.016
328 328 (0) 4 : 0.015 0.600 0.356 0.029
329 329 (0) 4 : 0.010 0.639 0.336 0.015
330 330 (0) 4 : 0.009 0.558 0.420 0.013
331 331 (0) 4 : 0.005 0.378 0.610 0.007
332 332 (0) 4 : 0.004 0.459 0.497 0.040
333 333 (0) 4 : 0.019 0.428 0.547 0.006
334 334 (0) 4 : 0.003 0.436 0.550 0.011
335 335 (0) 4 : 0.013 0.536 0.447 0.005
336 336 (0) 4 : 0.015 0.516 0.458 0.011
337 337 (0) 4 : 0.006 0.488 0.501 0.005
338 338 (0) 4 : 0.010 0.722 0.253 0.016
339 339 (0) 4 : 0.004 0.579 0.361 0.057
340 340 (0) 4 : 0.016 0.706 0.270 0.008
341 341 (0) 4 : 0.023 0.465 0.501 0.012
342 342 (0) 4 : 0.009 0.538 0.415 0.039
343 343 (0) 4 : 0.232 0.099 0.662 0.007
344 344 (0) 4 : 0.005 0.587 0.399 0.009
345 345 (0) 4 : 0.014 0.545 0.436 0.004
346 346 (0) 4 : 0.047 0.499 0.437 0.017
347 347 (0) 4 : 0.011 0.371 0.573 0.045
348 348 (0) 4 : 0.011 0.469 0.512 0.008
349 349 (0) 4 : 0.070 0.272 0.650 0.008
350 350 (0) 4 : 0.007 0.346 0.638 0.009
351 351 (0) 4 : 0.006 0.367 0.596 0.032
352 352 (0) 4 : 0.010 0.302 0.650 0.038
353 353 (0) 4 : 0.028 0.483 0.483 0.006
354 354 (0) 4 : 0.010 0.455 0.523 0.012
355 355 (0) 4 : 0.016 0.568 0.408 0.007
356 356 (0) 4 : 0.006 0.466 0.513 0.015
357 357 (0) 4 : 0.005 0.556 0.366 0.073
358 358 (0) 4 : 0.009 0.339 0.596 0.055
359 359 (0) 4 : 0.037 0.310 0.552 0.101
360 360 (0) 4 : 0.009 0.182 0.527 0.283
361 361 (0) 4 : 0.009 0.588 0.396 0.008
362 362 (0) 4 : 0.003 0.565 0.417 0.015
363 363 (0) 4 : 0.006 0.387 0.594 0.013
364 364 (0) 4 : 0.015 0.738 0.208 0.039
365 365 (0) 4 : 0.014 0.375 0.593 0.018
366 366 (0) 4 : 0.007 0.367 0.598 0.028
367 367 (0) 4 : 0.010 0.509 0.475 0.006
368 368 (0) 4 : 0.022 0.438 0.533 0.006
369 369 (0) 4 : 0.012 0.455 0.526 0.007
370 370 (0) 4 : 0.004 0.352 0.503 0.141
371 371 (0) 4 : 0.003 0.484 0.499 0.014
372 372 (0) 4 : 0.004 0.448 0.541 0.007
373 373 (0) 4 : 0.005 0.453 0.532 0.010
374 374 (0) 4 : 0.009 0.607 0.374 0.010
375 375 (0) 4 : 0.047 0.585 0.342 0.027
376 376 (0) 4 : 0.010 0.394 0.543 0.052
377 377 (0) 4 : 0.145 0.090 0.589 0.175
378 378 (0) 4 : 0.004 0.271 0.500 0.225
379 379 (0) 4 : 0.018 0.415 0.522 0.045
380 380 (0) 4 : 0.006 0.530 0.456 0.008
381 381 (0) 4 : 0.026 0.347 0.597 0.030
382 382 (0) 4 : 0.015 0.612 0.326 0.047
383 383 (0) 4 : 0.022 0.346 0.552 0.080
384 384 (0) 4 : 0.020 0.442 0.532 0.005
385 385 (0) 4 : 0.007 0.633 0.356 0.004
386 386 (0) 4 : 0.005 0.506 0.483 0.005
387 387 (0) 4 : 0.009 0.556 0.429 0.006
388 388 (0) 4 : 0.013 0.444 0.532 0.011
389 389 (0) 4 : 0.007 0.511 0.416 0.066
390 390 (0) 4 : 0.025 0.338 0.552 0.084
391 391 (0) 4 : 0.004 0.553 0.440 0.004
392 392 (0) 4 : 0.006 0.545 0.442 0.007
393 393 (0) 4 : 0.004 0.409 0.554 0.032
394 394 (0) 4 : 0.009 0.416 0.563 0.012
395 395 (0) 4 : 0.006 0.556 0.433 0.005
396 396 (0) 4 : 0.009 0.677 0.288 0.026
397 397 (0) 4 : 0.008 0.501 0.483 0.008
398 398 (0) 4 : 0.006 0.671 0.314 0.009
399 399 (0) 4 : 0.005 0.481 0.497 0.017
400 400 (0) 4 : 0.003 0.498 0.484 0.015
401 401 (0) 4 : 0.022 0.326 0.578 0.074
402 402 (0) 4 : 0.008 0.378 0.609 0.006
403 403 (0) 4 : 0.042 0.416 0.536 0.006
404 404 (0) 4 : 0.006 0.493 0.480 0.021
405 405 (0) 4 : 0.006 0.487 0.492 0.014
406 406 (0) 4 : 0.032 0.672 0.283 0.014
407 407 (0) 5 : 0.017 0.429 0.549 0.004
408 408 (0) 5 : 0.003 0.571 0.421 0.005
409 409 (0) 5 : 0.012 0.570 0.414 0.004
410 410 (0) 5 : 0.008 0.404 0.584 0.004
411 411 (0) 5 : 0.009 0.465 0.508 0.018
412 412 (0) 5 : 0.005 0.488 0.493 0.014
413 413 (0) 5 : 0.006 0.403 0.585 0.006
414 414 (0) 5 : 0.106 0.390 0.488 0.016
415 415 (0) 5 : 0.005 0.057 0.590 0.348
416 416 (0) 5 : 0.033 0.496 0.467 0.004
417 417 (0) 5 : 0.040 0.347 0.600 0.012
418 418 (0) 5 : 0.084 0.361 0.548 0.007
419 419 (0) 5 : 0.004 0.502 0.472 0.022
420 420 (0) 5 : 0.009 0.541 0.443 0.006
421 421 (0) 5 : 0.067 0.338 0.590 0.005
422 422 (0) 5 : 0.009 0.526 0.458 0.007
423 423 (0) 5 : 0.064 0.438 0.485 0.014
424 424 (0) 5 : 0.016 0.576 0.394 0.014
425 425 (0) 5 : 0.047 0.761 0.183 0.009
426 426 (0) 5 : 0.010 0.573 0.379 0.038
427 427 (0) 5 : 0.006 0.530 0.461 0.004
428 428 (0) 5 : 0.007 0.347 0.637 0.009
429 429 (0) 5 : 0.008 0.693 0.292 0.008
430 430 (0) 5 : 0.014 0.499 0.465 0.023
431 431 (0) 5 : 0.005 0.755 0.235 0.004
432 432 (0) 5 : 0.026 0.428 0.505 0.041
433 433 (0) 5 : 0.003 0.352 0.637 0.008
434 434 (0) 5 : 0.044 0.576 0.369 0.010
435 435 (0) 5 : 0.007 0.536 0.452 0.005
436 436 (0) 5 : 0.004 0.452 0.540 0.004
437 437 (0) 5 : 0.009 0.586 0.397 0.009
438 438 (0) 5 : 0.181 0.202 0.610 0.007
439 439 (0) 5 : 0.007 0.627 0.361 0.005
440 440 (0) 5 : 0.032 0.477 0.481 0.009
441 441 (0) 5 : 0.017 0.339 0.640 0.004
442 442 (0) 5 : 0.010 0.746 0.236 0.008
443 443 (0) 5 : 0.014 0.327 0.642 0.018
444 444 (0) 5 : 0.006 0.390 0.590 0.014
445 445 (0) 5 : 0.009 0.106 0.863 0.023
446 446 (0) 5 : 0.005 0.585 0.375 0.035
447 447 (0) 5 : 0.025 0.533 0.436 0.006
448 448 (0) 5 : 0.010 0.849 0.130 0.011
449 449 (0) 5 : 0.069 0.378 0.548 0.006
450 450 (0) 5 : 0.007 0.434 0.547 0.012
451 451 (0) 5 : 0.003 0.601 0.389 0.006
452 452 (0) 5 : 0.041 0.458 0.472 0.028
453 453 (0) 5 : 0.005 0.363 0.628 0.005
454 454 (0) 5 : 0.005 0.672 0.313 0.011
455 455 (0) 5 : 0.012 0.319 0.665 0.003
456 456 (0) 5 : 0.053 0.515 0.420 0.012
457 457 (0) 5 : 0.031 0.357 0.603 0.008
458 458 (0) 5 : 0.068 0.565 0.356 0.011
459 459 (0) 5 : 0.010 0.593 0.390 0.007
460 460 (0) 5 : 0.006 0.588 0.386 0.020
461 461 (0) 5 : 0.007 0.335 0.644 0.014
462 462 (0) 5 : 0.007 0.449 0.529 0.016
463 463 (0) 5 : 0.028 0.449 0.514 0.009
464 464 (0) 5 : 0.014 0.713 0.266 0.007
465 465 (0) 5 : 0.007 0.507 0.467 0.018
466 466 (0) 5 : 0.005 0.337 0.654 0.004
467 467 (0) 5 : 0.054 0.334 0.568 0.044
468 468 (0) 5 : 0.013 0.458 0.517 0.013
469 469 (0) 5 : 0.004 0.551 0.438 0.006
470 470 (0) 5 : 0.007 0.550 0.431 0.012
471 471 (0) 5 : 0.010 0.496 0.460 0.034
472 472 (0) 5 : 0.010 0.384 0.601 0.005
473 473 (0) 5 : 0.036 0.504 0.457 0.003
474 474 (0) 5 : 0.006 0.518 0.463 0.013
475 475 (0) 5 : 0.009 0.432 0.555 0.004
476 476 (0) 5 : 0.020 0.497 0.479 0.004
477 477 (0) 5 : 0.016 0.518 0.456 0.009
478 478 (0) 5 : 0.005 0.519 0.465 0.011
479 479 (0) 5 : 0.018 0.337 0.639 0.006
480 480 (0) 5 : 0.005 0.726 0.264 0.006
481 481 (0) 5 : 0.010 0.427 0.556 0.007
482 482 (0) 5 : 0.064 0.525 0.404 0.007
483 483 (0) 5 : 0.015 0.538 0.440 0.007
484 484 (0) 5 : 0.010 0.510 0.461 0.019
485 485 (0) 5 : 0.016 0.484 0.494 0.006
486 486 (0) 5 : 0.013 0.495 0.469 0.023
487 487 (0) 5 : 0.009 0.458 0.525 0.008
488 488 (0) 5 : 0.008 0.522 0.459 0.011
489 489 (0) 5 : 0.006 0.625 0.362 0.007
490 490 (0) 5 : 0.021 0.453 0.519 0.007
491 491 (0) 5 : 0.009 0.396 0.583 0.013
492 492 (0) 5 : 0.005 0.381 0.596 0.018
493 493 (0) 5 : 0.014 0.468 0.495 0.023
494 494 (0) 5 : 0.051 0.426 0.517 0.006
495 495 (0) 5 : 0.020 0.397 0.578 0.005
496 496 (0) 5 : 0.008 0.650 0.338 0.004
497 497 (0) 5 : 0.037 0.292 0.663 0.007
498 498 (0) 5 : 0.014 0.437 0.541 0.008
499 499 (0) 5 : 0.007 0.431 0.554 0.008
500 500 (0) 5 : 0.013 0.253 0.727 0.007
501 501 (0) 5 : 0.017 0.407 0.574 0.003
502 502 (0) 5 : 0.009 0.457 0.528 0.006
503 503 (0) 5 : 0.012 0.531 0.454 0.003
504 504 (0) 5 : 0.277 0.214 0.494 0.015
505 505 (0) 5 : 0.032 0.473 0.491 0.004
506 506 (0) 5 : 0.010 0.279 0.563 0.148
507 507 (0) 6 : 0.005 0.009 0.477 0.510
508 508 (0) 6 : 0.024 0.024 0.595 0.357
509 509 (0) 6 : 0.006 0.012 0.403 0.580
510 510 (0) 6 : 0.007 0.007 0.593 0.393
511 511 (0) 6 : 0.005 0.008 0.483 0.503
512 512 (0) 6 : 0.006 0.013 0.552 0.429
513 513 (0) 6 : 0.003 0.013 0.510 0.473
514 514 (0) 6 : 0.004 0.005 0.530 0.462
515 515 (0) 6 : 0.003 0.004 0.509 0.483
516 516 (0) 6 : 0.005 0.005 0.468 0.522
517 517 (0) 6 : 0.006 0.013 0.662 0.319
518 518 (0) 6 : 0.011 0.021 0.521 0.447
519 519 (0) 6 : 0.006 0.009 0.427 0.558
520 520 (0) 6 : 0.014 0.009 0.633 0.344
521 521 (0) 6 : 0.035 0.013 0.404 0.548
522 522 (0) 6 : 0.018 0.011 0.430 0.541
523 523 (0) 6 : 0.008 0.007 0.329 0.657
524 524 (0) 6 : 0.017 0.007 0.594 0.383
525 525 (0) 6 : 0.056 0.040 0.650 0.253
526 526 (0) 6 : 0.003 0.005 0.577 0.414
527 527 (0) 6 : 0.012 0.020 0.484 0.483
528 528 (0) 6 : 0.018 0.015 0.584 0.383
529 529 (0) 6 : 0.034 0.026 0.188 0.752
530 530 (0) 6 : 0.007 0.010 0.513 0.470
531 531 (0) 6 : 0.059 0.015 0.446 0.480
532 532 (0) 6 : 0.011 0.017 0.504 0.468
533 533 (0) 6 : 0.016 0.008 0.545 0.431
534 534 (0) 6 : 0.009 0.010 0.552 0.430
535 535 (0) 6 : 0.006 0.005 0.472 0.517
536 536 (0) 6 : 0.025 0.073 0.499 0.402
537 537 (0) 6 : 0.006 0.006 0.555 0.433
538 538 (0) 6 : 0.008 0.007 0.551 0.434
539 539 (0) 6 : 0.004 0.004 0.384 0.608
540 540 (0) 6 : 0.004 0.005 0.331 0.660
541 541 (0) 6 : 0.006 0.005 0.452 0.537
542 542 (0) 6 : 0.005 0.007 0.543 0.446
543 543 (0) 6 : 0.011 0.007 0.385 0.597
544 544 (0) 6 : 0.007 0.014 0.349 0.630
545 545 (0) 6 : 0.009 0.006 0.620 0.365
546 546 (0) 6 : 0.004 0.008 0.375 0.613
547 547 (0) 6 : 0.005 0.007 0.442 0.545
548 548 (0) 6 : 0.037 0.017 0.244 0.702
549 549 (0) 6 : 0.017 0.076 0.590 0.317
550 550 (0) 6 : 0.004 0.010 0.499 0.487
551 551 (0) 6 : 0.004 0.009 0.464 0.523
552 552 (0) 6 : 0.003 0.006 0.501 0.489
553 553 (0) 6 : 0.007 0.009 0.573 0.411
554 554 (0) 6 : 0.010 0.016 0.497 0.477
555 555 (0) 6 : 0.005 0.010 0.629 0.356
556 556 (0) 6 : 0.003 0.007 0.570 0.420
557 557 (0) 6 : 0.004 0.007 0.412 0.576
558 558 (0) 6 : 0.005 0.005 0.559 0.431
559 559 (0) 6 : 0.005 0.006 0.499 0.491
560 560 (0) 6 : 0.008 0.007 0.554 0.431
561 561 (0) 6 : 0.007 0.026 0.580 0.387
562 562 (0) 6 : 0.038 0.171 0.364 0.427
563 563 (0) 6 : 0.003 0.009 0.613 0.375
564 564 (0) 6 : 0.008 0.018 0.396 0.577
565 565 (0) 6 : 0.074 0.014 0.510 0.402
566 566 (0) 6 : 0.004 0.007 0.508 0.482
567 567 (0) 6 : 0.005 0.006 0.466 0.522
568 568 (0) 6 : 0.004 0.007 0.501 0.488
569 569 (0) 6 : 0.005 0.008 0.461 0.527
570 570 (0) 6 : 0.007 0.026 0.436 0.531
571 571 (0) 6 : 0.059 0.031 0.328 0.583
572 572 (0) 6 : 0.184 0.043 0.524 0.249
573 573 (0) 6 : 0.003 0.008 0.520 0.469
574 574 (0) 6 : 0.005 0.097 0.386 0.512
575 575 (0) 6 : 0.004 0.006 0.650 0.341
576 576 (0) 6 : 0.005 0.006 0.491 0.497
577 577 (0) 6 : 0.015 0.005 0.464 0.516
578 578 (0) 6 : 0.014 0.008 0.581 0.397
579 579 (0) 6 : 0.011 0.011 0.473 0.505
580 580 (0) 6 : 0.005 0.006 0.488 0.502
581 581 (0) 6 : 0.008 0.008 0.425 0.559
582 582 (0) 6 : 0.003 0.005 0.516 0.476
583 583 (0) 6 : 0.004 0.005 0.507 0.484
584 584 (0) 6 : 0.008 0.009 0.511 0.472
585 585 (0) 6 : 0.010 0.015 0.569 0.406
586 586 (0) 6 : 0.007 0.017 0.492 0.485
587 587 (0) 6 : 0.005 0.010 0.592 0.393
588 588 (0) 6 : 0.006 0.017 0.409 0.569
589 589 (0) 6 : 0.009 0.023 0.478 0.490
590 590 (0) 6 : 0.017 0.009 0.447 0.527
591 591 (0) 6 : 0.004 0.007 0.408 0.581
592 592 (0) 6 : 0.005 0.005 0.462 0.528
593 593 (0) 6 : 0.009 0.008 0.472 0.511
594 594 (0) 6 : 0.005 0.006 0.479 0.509
595 595 (0) 6 : 0.030 0.027 0.397 0.546
596 596 (0) 6 : 0.015 0.024 0.451 0.510
597 597 (0) 6 : 0.036 0.010 0.443 0.511
598 598 (0) 6 : 0.008 0.015 0.743 0.234
599 599 (0) 6 : 0.022 0.010 0.423 0.545
600 600 (0) 6 : 0.008 0.007 0.472 0.513
601 601 (0) 6 : 0.005 0.014 0.364 0.617
602 602 (0) 6 : 0.009 0.006 0.473 0.511
603 603 (0) 6 : 0.003 0.005 0.484 0.508
604 604 (0) 6 : 0.005 0.005 0.505 0.485
605 605 (0) 6 : 0.006 0.008 0.393 0.593
606 606 (0) 6 : 0.004 0.009 0.518 0.469
607 607 (0) 7 : 0.518 0.009 0.466 0.007
608 608 (0) 7 : 0.424 0.008 0.561 0.007
609 609 (0) 7 : 0.523 0.009 0.464 0.004
610 610 (0) 7 : 0.501 0.010 0.476 0.013
611 611 (0) 7 : 0.391 0.006 0.594 0.010
612 612 (0) 7 : 0.452 0.006 0.537 0.005
613 613 (0) 7 : 0.457 0.007 0.532 0.004
614 614 (0) 7 : 0.587 0.005 0.403 0.005
615 615 (0) 7 : 0.495 0.008 0.495 0.003
616 616 (0) 7 : 0.617 0.005 0.372 0.006
617 617 (0) 7 : 0.389 0.009 0.597 0.005
618 618 (0) 7 : 0.445 0.056 0.493 0.006
619 619 (0) 7 : 0.489 0.004 0.503 0.004
620 620 (0) 7 : 0.411 0.013 0.564 0.012
621 621 (0) 7 : 0.522 0.009 0.464 0.004
622 622 (0) 7 : 0.553 0.006 0.425 0.016
623 623 (0) 7 : 0.463 0.007 0.527 0.003
624 624 (0) 7 : 0.529 0.012 0.455 0.005
625 625 (0) 7 : 0.463 0.007 0.519 0.010
626 626 (0) 7 : 0.647 0.015 0.333 0.006
627 627 (0) 7 : 0.510 0.003 0.483 0.003
628 628 (0) 7 : 0.404 0.011 0.578 0.008
629 629 (0) 7 : 0.450 0.004 0.543 0.004
630 630 (0) 7 : 0.521 0.094 0.377 0.009
631 631 (0) 7 : 0.488 0.012 0.491 0.009
632 632 (0) 7 : 0.551 0.004 0.439 0.006
633 633 (0) 7 : 0.473 0.006 0.518 0.003
634 634 (0) 7 : 0.457 0.017 0.523 0.004
635 635 (0) 7 : 0.525 0.020 0.448 0.007
636 636 (0) 7 : 0.395 0.007 0.592 0.007
637 637 (0) 7 : 0.677 0.006 0.313 0.004
638 638 (0) 7 : 0.455 0.008 0.531 0.005
639 639 (0) 7 : 0.495 0.012 0.477 0.017
640 640 (0) 7 : 0.436 0.033 0.525 0.006
641 641 (0) 7 : 0.649 0.006 0.341 0.004
642 642 (0) 7 : 0.513 0.008 0.471 0.008
643 643 (0) 7 : 0.477 0.007 0.500 0.016
644 644 (0) 7 : 0.602 0.025 0.366 0.007
645 645 (0) 7 : 0.483 0.013 0.467 0.037
646 646 (0) 7 : 0.570 0.005 0.420 0.005
647 647 (0) 7 : 0.548 0.007 0.434 0.011
648 648 (0) 7 : 0.426 0.015 0.550 0.010
649 649 (0) 7 : 0.345 0.012 0.607 0.036
650 650 (0) 7 : 0.461 0.014 0.522 0.003
651 651 (0) 7 : 0.522 0.005 0.470 0.003
652 652 (0) 7 : 0.496 0.011 0.488 0.005
653 653 (0) 7 : 0.450 0.009 0.538 0.003
654 654 (0) 7 : 0.452 0.007 0.537 0.004
655 655 (0) 7 : 0.412 0.008 0.559 0.021
656 656 (0) 7 : 0.447 0.011 0.531 0.010
657 657 (0) 7 : 0.447 0.006 0.541 0.007
658 658 (0) 7 : 0.519 0.010 0.455 0.016
659 659 (0) 7 : 0.522 0.004 0.471 0.004
660 660 (0) 7 : 0.441 0.006 0.550 0.003
661 661 (0) 7 : 0.525 0.015 0.439 0.022
662 662 (0) 7 : 0.404 0.009 0.571 0.016
663 663 (0) 7 : 0.445 0.017 0.507 0.031
664 664 (0) 7 : 0.314 0.003 0.677 0.005
665 665 (0) 7 : 0.422 0.022 0.541 0.015
666 666 (0) 7 : 0.545 0.013 0.427 0.015
667 667 (0) 7 : 0.398 0.008 0.591 0.004
668 668 (0) 7 : 0.488 0.008 0.499 0.005
669 669 (0) 7 : 0.452 0.007 0.536 0.005
670 670 (0) 7 : 0.332 0.009 0.653 0.007
671 671 (0) 7 : 0.490 0.009 0.497 0.004
672 672 (0) 7 : 0.774 0.006 0.211 0.008
673 673 (0) 7 : 0.496 0.015 0.482 0.008
674 674 (0) 7 : 0.688 0.008 0.298 0.006
675 675 (0) 7 : 0.583 0.011 0.398 0.008
676 676 (0) 7 : 0.593 0.007 0.397 0.003
677 677 (0) 7 : 0.410 0.010 0.570 0.009
678 678 (0) 7 : 0.405 0.052 0.538 0.005
679 679 (0) 7 : 0.527 0.006 0.464 0.003
680 680 (0) 7 : 0.433 0.019 0.535 0.013
681 681 (0) 7 : 0.645 0.007 0.342 0.006
682 682 (0) 7 : 0.626 0.007 0.363 0.005
683 683 (0) 7 : 0.418 0.056 0.519 0.007
684 684 (0) 7 : 0.556 0.004 0.434 0.005
685 685 (0) 7 : 0.528 0.008 0.459 0.005
686 686 (0) 7 : 0.303 0.011 0.665 0.021
687 687 (0) 7 : 0.357 0.006 0.624 0.013
688 688 (0) 7 : 0.411 0.008 0.570 0.011
689 689 (0) 7 : 0.539 0.004 0.453 0.004
690 690 (0) 7 : 0.407 0.014 0.563 0.015
691 691 (0) 7 : 0.386 0.011 0.599 0.004
692 692 (0) 7 : 0.451 0.009 0.536 0.004
693 693 (0) 7 : 0.590 0.007 0.398 0.005
694 694 (0) 7 : 0.610 0.006 0.378 0.006
695 695 (0) 7 : 0.508 0.011 0.471 0.011
696 696 (0) 7 : 0.495 0.007 0.452 0.046
697 697 (0) 7 : 0.512 0.016 0.468 0.004
698 698 (0) 7 : 0.482 0.026 0.486 0.006
699 699 (0) 7 : 0.442 0.007 0.545 0.005
700 700 (0) 7 : 0.531 0.041 0.420 0.007
701 701 (0) 7 : 0.455 0.007 0.523 0.015
702 702 (0) 7 : 0.427 0.005 0.564 0.004
703 703 (0) 7 : 0.420 0.012 0.544 0.024
704 704 (0) 7 : 0.663 0.007 0.320 0.010
705 705 (0) 7 : 0.446 0.017 0.522 0.015
706 706 (0) 7 : 0.372 0.005 0.618 0.005
707 707 (0) 8 : 0.005 0.530 0.457 0.007
708 708 (0) 8 : 0.004 0.590 0.401 0.005
709 709 (0) 8 : 0.014 0.580 0.387 0.019
710 710 (0) 8 : 0.014 0.444 0.536 0.006
711 711 (0) 8 : 0.015 0.652 0.323 0.010
712 712 (0) 8 : 0.018 0.538 0.437 0.007
713 713 (0) 8 : 0.067 0.594 0.334 0.005
714 714 (0) 8 : 0.054 0.602 0.339 0.005
715 715 (0) 8 : 0.043 0.464 0.469 0.024
716 716 (0) 8 : 0.057 0.181 0.750 0.012
717 717 (0) 8 : 0.008 0.324 0.658 0.010
718 718 (0) 8 : 0.031 0.718 0.246 0.005
719 719 (0) 8 : 0.010 0.557 0.427 0.006
720 720 (0) 8 : 0.145 0.327 0.520 0.009
721 721 (0) 8 : 0.007 0.578 0.405 0.010
722 722 (0) 8 : 0.102 0.385 0.500 0.013
723 723 (0) 8 : 0.108 0.398 0.489 0.006
724 724 (0) 8 : 0.008 0.465 0.523 0.004
725 725 (0) 8 : 0.008 0.839 0.144 0.009
726 726 (0) 8 : 0.018 0.470 0.487 0.024
727 727 (0) 8 : 0.018 0.599 0.379 0.005
728 728 (0) 8 : 0.106 0.409 0.480 0.005
729 729 (0) 8 : 0.012 0.502 0.480 0.006
730 730 (0) 8 : 0.009 0.511 0.475 0.005
731 731 (0) 8 : 0.011 0.488 0.489 0.012
732 732 (0) 8 : 0.005 0.847 0.137 0.011
733 733 (0) 8 : 0.008 0.717 0.268 0.006
734 734 (0) 8 : 0.006 0.781 0.205 0.009
735 735 (0) 8 : 0.008 0.610 0.314 0.068
736 736 (0) 8 : 0.091 0.493 0.400 0.016
737 737 (0) 8 : 0.022 0.470 0.497 0.011
738 738 (0) 8 : 0.062 0.359 0.575 0.004
739 739 (0) 8 : 0.010 0.534 0.453 0.004
740 740 (0) 8 : 0.005 0.562 0.423 0.011
741 741 (0) 8 : 0.021 0.718 0.225 0.036
742 742 (0) 8 : 0.031 0.487 0.478 0.004
743 743 (0) 8 : 0.008 0.505 0.483 0.004
744 744 (0) 8 : 0.010 0.425 0.558 0.007
745 745 (0) 8 : 0.006 0.440 0.536 0.018
746 746 (0) 8 : 0.047 0.382 0.562 0.009
747 747 (0) 8 : 0.020 0.573 0.402 0.005
748 748 (0) 8 : 0.006 0.562 0.426 0.007
749 749 (0) 8 : 0.018 0.593 0.384 0.004
750 750 (0) 8 : 0.020 0.488 0.487 0.005
751 751 (0) 8 : 0.008 0.393 0.576 0.022
752 752 (0) 8 : 0.197 0.266 0.524 0.013
753 753 (0) 8 : 0.017 0.561 0.418 0.004
754 754 (0) 8 : 0.012 0.655 0.321 0.012
755 755 (0) 8 : 0.008 0.509 0.464 0.018
756 756 (0) 8 : 0.046 0.377 0.561 0.016
757 757 (0) 8 : 0.091 0.445 0.459 0.004
758 758 (0) 8 : 0.011 0.347 0.635 0.007
759 759 (0) 8 : 0.011 0.574 0.407 0.007
760 760 (0) 8 : 0.013 0.406 0.484 0.097
761 761 (0) 8 : 0.008 0.701 0.287 0.004
762 762 (0) 8 : 0.007 0.690 0.298 0.004
763 763 (0) 8 : 0.014 0.616 0.361 0.009
764 764 (0) 8 : 0.005 0.606 0.384 0.005
765 765 (0) 8 : 0.011 0.631 0.348 0.010
766 766 (0) 8 : 0.011 0.404 0.566 0.019
767 767 (0) 8 : 0.011 0.301 0.680 0.008
768 768 (0) 8 : 0.013 0.387 0.470 0.130
769 769 (0) 8 : 0.050 0.325 0.597 0.028
770 770 (0) 8 : 0.069 0.354 0.566 0.011
771 771 (0) 8 : 0.009 0.683 0.303 0.005
772 772 (0) 8 : 0.011 0.421 0.563 0.005
773 773 (0) 8 : 0.008 0.439 0.551 0.003
774 774 (0) 8 : 0.009 0.540 0.386 0.065
775 775 (0) 8 : 0.195 0.236 0.562 0.007
776 776 (0) 8 : 0.011 0.878 0.107 0.004
777 777 (0) 8 : 0.011 0.364 0.615 0.010
778 778 (0) 8 : 0.012 0.248 0.724 0.016
779 779 (0) 8 : 0.009 0.645 0.335 0.010
780 780 (0) 8 : 0.104 0.371 0.520 0.006
781 781 (0) 8 : 0.021 0.523 0.453 0.004
782 782 (0) 8 : 0.013 0.607 0.377 0.004
783 783 (0) 8 : 0.020 0.552 0.420 0.008
784 784 (0) 8 : 0.007 0.623 0.343 0.026
785 785 (0) 8 : 0.005 0.854 0.137 0.005
786 786 (0) 8 : 0.008 0.537 0.446 0.009
787 787 (0) 8 : 0.012 0.612 0.371 0.006
788 788 (0) 8 : 0.010 0.571 0.411 0.008
789 789 (0) 8 : 0.007 0.638 0.351 0.005
790 790 (0) 8 : 0.017 0.040 0.689 0.254
791 791 (0) 8 : 0.009 0.429 0.553 0.008
792 792 (0) 8 : 0.011 0.503 0.478 0.007
793 793 (0) 8 : 0.159 0.233 0.597 0.011
794 794 (0) 8 : 0.013 0.447 0.535 0.006
795 795 (0) 8 : 0.024 0.492 0.479 0.005
796 796 (0) 8 : 0.004 0.494 0.496 0.007
797 797 (0) 8 : 0.090 0.255 0.615 0.040
798 798 (0) 8 : 0.136 0.173 0.671 0.020
799 799 (0) 8 : 0.011 0.479 0.440 0.070
800 800 (0) 8 : 0.013 0.695 0.268 0.024
801 801 (0) 8 : 0.013 0.457 0.501 0.029
802 802 (0) 8 : 0.065 0.479 0.448 0.008
803 803 (0) 8 : 0.013 0.387 0.593 0.007
804 804 (0) 8 : 0.014 0.404 0.559 0.023
805 805 (0) 8 : 0.006 0.470 0.500 0.023
806 806 (0) 8 : 0.014 0.465 0.514 0.007
807 807 (0) 9 : 0.017 0.959 0.016 0.008
808 808 (0) 9 : 0.008 0.959 0.027 0.006
809 809 (0) 10 : 0.005 0.795 0.172 0.028
810 810 (0) 10 : 0.004 0.933 0.058 0.005
811 811 (0) 10 : 0.055 0.760 0.095 0.090
812 812 (0) 10 : 0.010 0.841 0.137 0.012
813 813 (0) 10 : 0.011 0.957 0.020 0.012
814 814 (0) 10 : 0.019 0.912 0.065 0.004
815 815 (0) 10 : 0.004 0.715 0.261 0.020
816 816 (0) 10 : 0.011 0.674 0.256 0.059
817 817 (0) 10 : 0.010 0.627 0.225 0.138
818 818 (0) 10 : 0.017 0.508 0.468 0.007
819 819 (0) 10 : 0.026 0.586 0.378 0.010
820 820 (0) 10 : 0.004 0.767 0.212 0.018
821 821 (0) 10 : 0.016 0.632 0.306 0.046
822 822 (0) 10 : 0.017 0.521 0.336 0.126
823 823 (0) 10 : 0.004 0.897 0.021 0.078
824 824 (0) 10 : 0.007 0.789 0.076 0.129
825 825 (0) 10 : 0.012 0.770 0.063 0.155
826 826 (0) 10 : 0.005 0.785 0.174 0.035
827 827 (0) 10 : 0.036 0.699 0.233 0.032
828 828 (0) 10 : 0.007 0.821 0.159 0.013
829 829 (0) 10 : 0.034 0.717 0.206 0.043
830 830 (0) 10 : 0.018 0.654 0.247 0.080
831 831 (0) 10 : 0.017 0.936 0.042 0.004
832 832 (0) 10 : 0.005 0.964 0.015 0.016
833 833 (0) 10 : 0.032 0.936 0.023 0.009
834 834 (0) 10 : 0.046 0.917 0.012 0.025
835 835 (0) 10 : 0.004 0.968 0.019 0.010
836 836 (0) 10 : 0.004 0.568 0.406 0.021
837 837 (0) 10 : 0.004 0.933 0.056 0.007
838 838 (0) 10 : 0.004 0.935 0.036 0.025
839 839 (0) 10 : 0.007 0.497 0.459 0.037
840 840 (0) 10 : 0.014 0.730 0.249 0.007
841 841 (0) 10 : 0.006 0.710 0.255 0.029
842 842 (0) 10 : 0.034 0.872 0.087 0.006
843 843 (0) 10 : 0.024 0.735 0.233 0.007
844 844 (0) 10 : 0.018 0.798 0.174 0.010
845 845 (0) 10 : 0.055 0.898 0.029 0.019
846 846 (0) 10 : 0.004 0.696 0.211 0.089
847 847 (0) 10 : 0.014 0.951 0.024 0.011
848 848 (0) 10 : 0.006 0.727 0.255 0.011
849 849 (0) 10 : 0.006 0.522 0.363 0.109
850 850 (0) 10 : 0.144 0.615 0.173 0.068
851 851 (0) 10 : 0.008 0.681 0.064 0.247
852 852 (0) 10 : 0.009 0.742 0.221 0.028
853 853 (0) 10 : 0.023 0.900 0.058 0.019
854 854 (0) 10 : 0.011 0.595 0.389 0.006
855 855 (0) 10 : 0.011 0.625 0.254 0.110
856 856 (0) 10 : 0.013 0.801 0.173 0.013
857 857 (0) 10 : 0.008 0.941 0.010 0.041
858 858 (0) 10 : 0.004 0.853 0.068 0.074
859 859 (0) 10 : 0.007 0.871 0.108 0.014
860 860 (0) 10 : 0.011 0.709 0.242 0.038
861 861 (0) 10 : 0.006 0.750 0.215 0.029
862 862 (0) 10 : 0.004 0.964 0.026 0.006
863 863 (0) 10 : 0.008 0.618 0.354 0.019
864 864 (0) 10 : 0.045 0.618 0.294 0.043
865 865 (0) 10 : 0.004 0.615 0.322 0.060
866 866 (0) 10 : 0.003 0.292 0.696 0.008
867 867 (0) 10 : 0.014 0.744 0.219 0.023
868 868 (0) 10 : 0.003 0.928 0.007 0.062
869 869 (0) 10 : 0.041 0.874 0.053 0.031
870 870 (0) 10 : 0.007 0.901 0.067 0.026
871 871 (0) 10 : 0.015 0.469 0.508 0.008
872 872 (0) 10 : 0.017 0.772 0.163 0.048
873 873 (0) 10 : 0.012 0.891 0.012 0.085
874 874 (0) 10 : 0.006 0.870 0.110 0.014
875 875 (0) 10 : 0.004 0.817 0.150 0.030
876 876 (0) 10 : 0.006 0.687 0.299 0.008
877 877 (0) 10 : 0.004 0.647 0.332 0.017
878 878 (0) 10 : 0.004 0.617 0.358 0.022
879 879 (0) 10 : 0.009 0.965 0.018 0.008
880 880 (0) 10 : 0.011 0.634 0.232 0.123
881 881 (0) 10 : 0.013 0.722 0.255 0.011
882 882 (0) 10 : 0.007 0.712 0.265 0.017
883 883 (0) 10 : 0.004 0.719 0.207 0.069
884 884 (0) 10 : 0.004 0.584 0.384 0.028
885 885 (0) 10 : 0.005 0.688 0.279 0.028
886 886 (0) 10 : 0.039 0.892 0.063 0.006
887 887 (0) 10 : 0.004 0.614 0.372 0.010
888 888 (0) 10 : 0.008 0.883 0.079 0.030
889 889 (0) 10 : 0.012 0.738 0.039 0.211
890 890 (0) 10 : 0.007 0.647 0.336 0.010
891 891 (0) 10 : 0.005 0.878 0.111 0.006
892 892 (0) 10 : 0.008 0.734 0.240 0.018
893 893 (0) 10 : 0.003 0.785 0.207 0.005
894 894 (0) 10 : 0.006 0.623 0.367 0.003
895 895 (0) 10 : 0.004 0.682 0.307 0.007
896 896 (0) 10 : 0.008 0.742 0.244 0.005
897 897 (0) 10 : 0.019 0.828 0.016 0.137
898 898 (0) 10 : 0.013 0.654 0.281 0.053
899 899 (0) 10 : 0.006 0.762 0.222 0.010
900 900 (0) 10 : 0.016 0.919 0.051 0.014
901 901 (0) 10 : 0.008 0.957 0.010 0.024
902 902 (0) 10 : 0.006 0.723 0.265 0.006
903 903 (0) 10 : 0.006 0.573 0.375 0.047
904 904 (0) 10 : 0.015 0.676 0.191 0.118
905 905 (0) 10 : 0.005 0.624 0.364 0.007
906 906 (0) 10 : 0.006 0.644 0.334 0.016
907 907 (0) 10 : 0.007 0.895 0.075 0.023
908 908 (0) 10 : 0.007 0.929 0.058 0.006
909 909 (0) 11 : 0.019 0.895 0.074 0.011
910 910 (0) 11 : 0.015 0.908 0.070 0.007
911 911 (0) 11 : 0.012 0.870 0.098 0.021
912 912 (0) 11 : 0.016 0.662 0.319 0.003
913 913 (0) 11 : 0.017 0.919 0.055 0.009
914 914 (0) 11 : 0.004 0.529 0.461 0.006
915 915 (0) 11 : 0.033 0.906 0.055 0.006
916 916 (0) 11 : 0.013 0.954 0.024 0.009
917 917 (0) 11 : 0.005 0.949 0.033 0.013
918 918 (0) 11 : 0.011 0.888 0.092 0.008
919 919 (0) 11 : 0.046 0.825 0.121 0.008
920 920 (0) 11 : 0.020 0.821 0.148 0.012
921 921 (0) 11 : 0.004 0.669 0.320 0.008
922 922 (0) 11 : 0.026 0.709 0.256 0.010
923 923 (0) 11 : 0.103 0.678 0.211 0.008
924 924 (0) 11 : 0.011 0.816 0.160 0.013
925 925 (0) 11 : 0.010 0.783 0.167 0.040
926 926 (0) 11 : 0.014 0.662 0.316 0.007
927 927 (0) 11 : 0.006 0.801 0.187 0.006
928 928 (0) 11 : 0.034 0.868 0.081 0.017
929 929 (0) 11 : 0.005 0.724 0.262 0.010
930 930 (0) 11 : 0.030 0.951 0.015 0.004
931 931 (0) 11 : 0.004 0.863 0.126 0.007
932 932 (0) 11 : 0.004 0.982 0.007 0.007
933 933 (0) 11 : 0.006 0.835 0.136 0.023
934 934 (0) 11 : 0.031 0.950 0.013 0.006
935 935 (0) 11 : 0.005 0.633 0.358 0.004
936 936 (0) 11 : 0.006 0.694 0.292 0.009
937 937 (0) 11 : 0.008 0.973 0.015 0.004
938 938 (0) 11 : 0.006 0.913 0.069 0.012
939 939 (0) 11 : 0.089 0.487 0.340 0.084
940 940 (0) 11 : 0.044 0.661 0.283 0.013
941 941 (0) 11 : 0.004 0.911 0.080 0.004
942 942 (0) 11 : 0.011 0.591 0.385 0.013
943 943 (0) 11 : 0.027 0.590 0.376 0.007
944 944 (0) 11 : 0.013 0.793 0.138 0.057
945 945 (0) 11 : 0.025 0.508 0.447 0.020
946 946 (0) 11 : 0.035 0.249 0.644 0.072
947 947 (0) 11 : 0.004 0.843 0.139 0.013
948 948 (0) 11 : 0.005 0.522 0.466 0.007
949 949 (0) 11 : 0.039 0.593 0.352 0.016
950 950 (0) 11 : 0.027 0.741 0.188 0.044
951 951 (0) 11 : 0.078 0.874 0.036 0.012
952 952 (0) 11 : 0.195 0.711 0.090 0.004
953 953 (0) 11 : 0.155 0.756 0.080 0.008
954 954 (0) 11 : 0.006 0.749 0.242 0.004
955 955 (0) 11 : 0.008 0.543 0.441 0.009
956 956 (0) 11 : 0.010 0.779 0.204 0.008
957 957 (0) 11 : 0.005 0.749 0.241 0.005
958 958 (0) 11 : 0.206 0.522 0.267 0.005
959 959 (0) 11 : 0.012 0.938 0.043 0.006
960 960 (0) 11 : 0.008 0.788 0.188 0.016
961 961 (0) 11 : 0.012 0.877 0.107 0.004
962 962 (0) 11 : 0.004 0.970 0.010 0.016
963 963 (0) 11 : 0.014 0.726 0.250 0.009
964 964 (0) 11 : 0.022 0.874 0.090 0.014
965 965 (0) 11 : 0.006 0.746 0.243 0.005
966 966 (0) 11 : 0.010 0.730 0.254 0.006
967 967 (0) 11 : 0.081 0.765 0.149 0.004
968 968 (0) 11 : 0.019 0.961 0.015 0.005
969 969 (0) 11 : 0.009 0.842 0.144 0.005
970 970 (0) 11 : 0.027 0.720 0.247 0.006
971 971 (0) 11 : 0.008 0.925 0.059 0.008
972 972 (0) 11 : 0.006 0.757 0.230 0.007
973 973 (0) 11 : 0.048 0.594 0.348 0.011
974 974 (0) 11 : 0.008 0.576 0.412 0.005
975 975 (0) 11 : 0.006 0.908 0.077 0.009
976 976 (0) 11 : 0.019 0.939 0.037 0.005
977 977 (0) 11 : 0.004 0.631 0.359 0.006
978 978 (0) 11 : 0.030 0.871 0.087 0.011
979 979 (0) 11 : 0.012 0.531 0.171 0.285
980 980 (0) 11 : 0.010 0.759 0.226 0.005
981 981 (0) 11 : 0.012 0.948 0.033 0.007
982 982 (0) 11 : 0.018 0.582 0.377 0.024
983 983 (0) 11 : 0.019 0.844 0.125 0.013
984 984 (0) 11 : 0.010 0.448 0.475 0.067
985 985 (0) 11 : 0.005 0.890 0.099 0.006
986 986 (0) 11 : 0.014 0.647 0.326 0.013
987 987 (0) 11 : 0.007 0.934 0.049 0.010
988 988 (0) 11 : 0.013 0.311 0.671 0.005
989 989 (0) 11 : 0.007 0.846 0.140 0.007
990 990 (0) 11 : 0.034 0.766 0.194 0.005
991 991 (0) 11 : 0.008 0.915 0.058 0.019
992 992 (0) 11 : 0.009 0.835 0.148 0.008
993 993 (0) 11 : 0.005 0.935 0.056 0.004
994 994 (0) 11 : 0.005 0.970 0.021 0.004
995 995 (0) 11 : 0.011 0.766 0.213 0.010
996 996 (0) 11 : 0.016 0.967 0.009 0.008
997 997 (0) 11 : 0.166 0.744 0.082 0.008
998 998 (0) 11 : 0.006 0.929 0.061 0.004
999 999 (0) 11 : 0.005 0.679 0.312 0.005
1000 1000 (0) 11 : 0.006 0.612 0.370 0.013
1001 1001 (0) 11 : 0.006 0.629 0.354 0.012
1002 1002 (0) 11 : 0.009 0.969 0.014 0.008
1003 1003 (0) 11 : 0.004 0.838 0.152 0.006
1004 1004 (0) 11 : 0.094 0.874 0.011 0.021
1005 1005 (0) 11 : 0.007 0.704 0.261 0.028
1006 1006 (0) 11 : 0.031 0.795 0.167 0.008
1007 1007 (0) 11 : 0.029 0.521 0.443 0.006
1008 1008 (0) 11 : 0.005 0.753 0.237 0.005
1009 1009 (0) 12 : 0.006 0.027 0.222 0.745
1010 1010 (0) 12 : 0.006 0.057 0.245 0.692
1011 1011 (0) 12 : 0.007 0.009 0.266 0.718
1012 1012 (0) 12 : 0.013 0.018 0.104 0.865
1013 1013 (0) 12 : 0.003 0.005 0.248 0.744
1014 1014 (0) 12 : 0.003 0.014 0.212 0.771
1015 1015 (0) 12 : 0.023 0.022 0.347 0.609
1016 1016 (0) 12 : 0.004 0.004 0.209 0.783
1017 1017 (0) 12 : 0.067 0.037 0.144 0.752
1018 1018 (0) 12 : 0.049 0.028 0.235 0.688
1019 1019 (0) 12 : 0.005 0.005 0.315 0.675
1020 1020 (0) 12 : 0.004 0.009 0.230 0.757
1021 1021 (0) 12 : 0.118 0.042 0.038 0.802
1022 1022 (0) 12 : 0.014 0.032 0.217 0.737
1023 1023 (0) 12 : 0.004 0.006 0.389 0.600
1024 1024 (0) 12 : 0.004 0.004 0.281 0.711
1025 1025 (0) 12 : 0.003 0.014 0.171 0.812
1026 1026 (0) 12 : 0.006 0.012 0.161 0.821
1027 1027 (0) 12 : 0.007 0.005 0.335 0.653
1028 1028 (0) 12 : 0.052 0.007 0.102 0.839
1029 1029 (0) 12 : 0.156 0.011 0.191 0.642
1030 1030 (0) 12 : 0.006 0.007 0.307 0.680
1031 1031 (0) 12 : 0.010 0.011 0.294 0.685
1032 1032 (0) 12 : 0.006 0.009 0.296 0.689
1033 1033 (0) 12 : 0.012 0.016 0.252 0.720
1034 1034 (0) 12 : 0.029 0.028 0.223 0.720
1035 1035 (0) 12 : 0.006 0.009 0.325 0.660
1036 1036 (0) 12 : 0.004 0.018 0.131 0.848
1037 1037 (0) 12 : 0.007 0.013 0.251 0.729
1038 1038 (0) 12 : 0.007 0.015 0.233 0.745
1039 1039 (0) 12 : 0.016 0.028 0.131 0.825
1040 1040 (0) 12 : 0.006 0.018 0.261 0.715
1041 1041 (0) 12 : 0.006 0.006 0.212 0.775
1042 1042 (0) 12 : 0.004 0.005 0.324 0.667
1043 1043 (0) 12 : 0.092 0.030 0.140 0.738
1044 1044 (0) 12 : 0.008 0.028 0.022 0.941
1045 1045 (0) 12 : 0.006 0.017 0.261 0.717
1046 1046 (0) 12 : 0.008 0.263 0.194 0.535
1047 1047 (0) 12 : 0.037 0.032 0.354 0.577
1048 1048 (0) 12 : 0.003 0.005 0.214 0.777
1049 1049 (0) 12 : 0.003 0.024 0.107 0.866
1050 1050 (0) 12 : 0.006 0.016 0.376 0.602
1051 1051 (0) 12 : 0.035 0.031 0.214 0.720
1052 1052 (0) 12 : 0.008 0.013 0.247 0.733
1053 1053 (0) 12 : 0.004 0.010 0.393 0.592
1054 1054 (0) 12 : 0.005 0.007 0.217 0.771
1055 1055 (0) 12 : 0.004 0.014 0.175 0.807
1056 1056 (0) 12 : 0.060 0.017 0.085 0.838
1057 1057 (0) 12 : 0.004 0.005 0.165 0.826
1058 1058 (0) 12 : 0.024 0.047 0.161 0.769
1059 1059 (0) 12 : 0.007 0.014 0.396 0.583
1060 1060 (0) 12 : 0.003 0.004 0.237 0.756
1061 1061 (0) 12 : 0.008 0.009 0.289 0.694
1062 1062 (0) 12 : 0.014 0.006 0.391 0.589
1063 1063 (0) 12 : 0.006 0.010 0.279 0.705
1064 1064 (0) 12 : 0.004 0.005 0.191 0.800
1065 1065 (0) 12 : 0.005 0.008 0.033 0.954
1066 1066 (0) 12 : 0.008 0.011 0.192 0.789
1067 1067 (0) 12 : 0.004 0.006 0.224 0.766
1068 1068 (0) 12 : 0.004 0.012 0.222 0.762
1069 1069 (0) 12 : 0.004 0.069 0.098 0.829
1070 1070 (0) 12 : 0.004 0.005 0.267 0.724
1071 1071 (0) 12 : 0.004 0.007 0.175 0.814
1072 1072 (0) 12 : 0.004 0.005 0.211 0.780
1073 1073 (0) 12 : 0.036 0.017 0.016 0.932
1074 1074 (0) 12 : 0.021 0.028 0.114 0.837
1075 1075 (0) 12 : 0.003 0.006 0.156 0.835
1076 1076 (0) 12 : 0.007 0.014 0.205 0.774
1077 1077 (0) 12 : 0.003 0.022 0.075 0.900
1078 1078 (0) 12 : 0.006 0.007 0.201 0.786
1079 1079 (0) 12 : 0.003 0.007 0.229 0.761
1080 1080 (0) 12 : 0.036 0.013 0.377 0.575
1081 1081 (0) 12 : 0.004 0.012 0.192 0.793
1082 1082 (0) 12 : 0.006 0.006 0.262 0.726
1083 1083 (0) 12 : 0.006 0.010 0.315 0.669
1084 1084 (0) 12 : 0.009 0.058 0.325 0.609
1085 1085 (0) 12 : 0.009 0.010 0.250 0.731
1086 1086 (0) 12 : 0.013 0.129 0.222 0.636
1087 1087 (0) 12 : 0.003 0.010 0.042 0.945
1088 1088 (0) 12 : 0.006 0.026 0.259 0.708
1089 1089 (0) 12 : 0.007 0.007 0.196 0.790
1090 1090 (0) 12 : 0.010 0.010 0.430 0.550
1091 1091 (0) 12 : 0.003 0.004 0.288 0.704
1092 1092 (0) 12 : 0.005 0.008 0.284 0.703
1093 1093 (0) 12 : 0.039 0.115 0.048 0.799
1094 1094 (0) 12 : 0.010 0.005 0.404 0.582
1095 1095 (0) 12 : 0.008 0.012 0.229 0.751
1096 1096 (0) 12 : 0.007 0.012 0.154 0.826
1097 1097 (0) 12 : 0.008 0.023 0.177 0.792
1098 1098 (0) 12 : 0.006 0.005 0.241 0.748
1099 1099 (0) 12 : 0.022 0.050 0.138 0.790
1100 1100 (0) 12 : 0.032 0.026 0.127 0.814
1101 1101 (0) 12 : 0.020 0.008 0.170 0.801
1102 1102 (0) 12 : 0.007 0.008 0.165 0.821
1103 1103 (0) 12 : 0.003 0.006 0.232 0.759
1104 1104 (0) 12 : 0.003 0.007 0.221 0.769
1105 1105 (0) 12 : 0.010 0.011 0.198 0.780
1106 1106 (0) 12 : 0.007 0.010 0.240 0.744
1107 1107 (0) 12 : 0.021 0.009 0.270 0.700
1108 1108 (0) 12 : 0.007 0.023 0.253 0.717
1109 1109 (0) 13 : 0.834 0.004 0.158 0.004
1110 1110 (0) 13 : 0.844 0.015 0.137 0.004
1111 1111 (0) 13 : 0.670 0.005 0.318 0.007
1112 1112 (0) 13 : 0.894 0.007 0.096 0.003
1113 1113 (0) 13 : 0.624 0.010 0.361 0.005
1114 1114 (0) 13 : 0.833 0.006 0.157 0.005
1115 1115 (0) 13 : 0.907 0.035 0.054 0.004
1116 1116 (0) 13 : 0.805 0.008 0.172 0.015
1117 1117 (0) 13 : 0.831 0.005 0.159 0.004
1118 1118 (0) 13 : 0.908 0.006 0.082 0.004
1119 1119 (0) 13 : 0.733 0.025 0.237 0.005
1120 1120 (0) 13 : 0.775 0.008 0.214 0.003
1121 1121 (0) 13 : 0.792 0.008 0.189 0.011
1122 1122 (0) 13 : 0.670 0.024 0.288 0.018
1123 1123 (0) 13 : 0.785 0.022 0.169 0.024
1124 1124 (0) 13 : 0.880 0.007 0.106 0.007
1125 1125 (0) 13 : 0.757 0.056 0.145 0.041
1126 1126 (0) 13 : 0.895 0.012 0.090 0.003
1127 1127 (0) 13 : 0.883 0.008 0.103 0.007
1128 1128 (0) 13 : 0.814 0.010 0.170 0.006
1129 1129 (0) 13 : 0.656 0.007 0.332 0.004
1130 1130 (0) 13 : 0.655 0.010 0.332 0.003
1131 1131 (0) 13 : 0.761 0.022 0.210 0.006
1132 1132 (0) 13 : 0.830 0.006 0.159 0.005
1133 1133 (0) 13 : 0.869 0.014 0.106 0.012
1134 1134 (0) 13 : 0.761 0.004 0.225 0.009
1135 1135 (0) 13 : 0.556 0.008 0.432 0.004
1136 1136 (0) 13 : 0.736 0.078 0.182 0.004
1137 1137 (0) 13 : 0.907 0.006 0.081 0.006
1138 1138 (0) 13 : 0.667 0.007 0.323 0.003
1139 1139 (0) 13 : 0.784 0.003 0.210 0.003
1140 1140 (0) 13 : 0.597 0.028 0.368 0.007
1141 1141 (0) 13 : 0.732 0.010 0.253 0.005
1142 1142 (0) 13 : 0.700 0.012 0.285 0.003
1143 1143 (0) 13 : 0.750 0.009 0.237 0.004
1144 1144 (0) 13 : 0.756 0.009 0.228 0.007
1145 1145 (0) 13 : 0.704 0.006 0.286 0.004
1146 1146 (0) 13 : 0.947 0.015 0.021 0.017
1147 1147 (0) 13 : 0.936 0.019 0.041 0.004
1148 1148 (0) 13 : 0.746 0.006 0.246 0.003
1149 1149 (0) 13 : 0.737 0.012 0.247 0.004
1150 1150 (0) 13 : 0.788 0.004 0.204 0.005
1151 1151 (0) 13 : 0.726 0.007 0.263 0.004
1152 1152 (0) 13 : 0.752 0.021 0.223 0.004
1153 1153 (0) 13 : 0.887 0.007 0.102 0.005
1154 1154 (0) 13 : 0.622 0.174 0.188 0.016
1155 1155 (0) 13 : 0.805 0.005 0.185 0.004
1156 1156 (0) 13 : 0.943 0.004 0.046 0.007
1157 1157 (0) 13 : 0.764 0.011 0.219 0.006
1158 1158 (0) 13 : 0.782 0.009 0.197 0.011
1159 1159 (0) 13 : 0.841 0.018 0.133 0.008
1160 1160 (0) 13 : 0.796 0.007 0.191 0.006
1161 1161 (0) 13 : 0.648 0.005 0.340 0.007
1162 1162 (0) 13 : 0.957 0.010 0.027 0.006
1163 1163 (0) 13 : 0.874 0.010 0.110 0.006
1164 1164 (0) 13 : 0.757 0.004 0.233 0.005
1165 1165 (0) 13 : 0.838 0.008 0.131 0.023
1166 1166 (0) 13 : 0.683 0.010 0.296 0.011
1167 1167 (0) 13 : 0.921 0.006 0.068 0.005
1168 1168 (0) 13 : 0.931 0.022 0.023 0.024
1169 1169 (0) 13 : 0.576 0.007 0.410 0.007
1170 1170 (0) 13 : 0.775 0.004 0.217 0.003
1171 1171 (0) 13 : 0.705 0.004 0.287 0.005
1172 1172 (0) 13 : 0.862 0.005 0.130 0.002
1173 1173 (0) 13 : 0.658 0.007 0.332 0.003
1174 1174 (0) 13 : 0.713 0.005 0.279 0.003
1175 1175 (0) 13 : 0.663 0.011 0.319 0.007
1176 1176 (0) 13 : 0.821 0.008 0.165 0.006
1177 1177 (0) 13 : 0.667 0.010 0.318 0.005
1178 1178 (0) 13 : 0.710 0.007 0.278 0.005
1179 1179 (0) 13 : 0.908 0.020 0.064 0.009
1180 1180 (0) 13 : 0.637 0.035 0.315 0.012
1181 1181 (0) 13 : 0.698 0.030 0.267 0.006
1182 1182 (0) 13 : 0.878 0.014 0.103 0.005
1183 1183 (0) 13 : 0.897 0.005 0.094 0.004
1184 1184 (0) 13 : 0.550 0.009 0.437 0.004
1185 1185 (0) 13 : 0.838 0.016 0.139 0.007
1186 1186 (0) 13 : 0.743 0.015 0.155 0.087
1187 1187 (0) 13 : 0.702 0.004 0.290 0.004
1188 1188 (0) 13 : 0.800 0.004 0.192 0.004
1189 1189 (0) 13 : 0.898 0.005 0.094 0.003
1190 1190 (0) 13 : 0.814 0.006 0.176 0.003
1191 1191 (0) 13 : 0.745 0.011 0.240 0.004
1192 1192 (0) 13 : 0.662 0.006 0.325 0.007
1193 1193 (0) 13 : 0.762 0.010 0.222 0.005
1194 1194 (0) 13 : 0.853 0.004 0.140 0.003
1195 1195 (0) 13 : 0.720 0.007 0.269 0.005
1196 1196 (0) 13 : 0.880 0.033 0.048 0.040
1197 1197 (0) 13 : 0.673 0.194 0.129 0.004
1198 1198 (0) 13 : 0.758 0.011 0.218 0.013
1199 1199 (0) 13 : 0.948 0.013 0.025 0.014
1200 1200 (0) 13 : 0.693 0.018 0.270 0.018
1201 1201 (0) 13 : 0.874 0.013 0.096 0.016
1202 1202 (0) 13 : 0.891 0.040 0.059 0.010
1203 1203 (0) 13 : 0.724 0.146 0.127 0.003
1204 1204 (0) 13 : 0.672 0.007 0.318 0.003
1205 1205 (0) 13 : 0.717 0.018 0.259 0.005
1206 1206 (0) 13 : 0.751 0.005 0.239 0.004
1207 1207 (0) 13 : 0.977 0.009 0.010 0.005
1208 1208 (0) 13 : 0.677 0.012 0.308 0.003
1209 1209 (0) 14 : 0.007 0.792 0.196 0.005
1210 1210 (0) 14 : 0.004 0.756 0.210 0.030
1211 1211 (0) 14 : 0.046 0.761 0.130 0.063
1212 1212 (0) 14 : 0.032 0.741 0.219 0.009
1213 1213 (0) 14 : 0.013 0.964 0.020 0.003
1214 1214 (0) 14 : 0.025 0.840 0.132 0.003
1215 1215 (0) 14 : 0.014 0.883 0.097 0.006
1216 1216 (0) 14 : 0.023 0.820 0.149 0.007
1217 1217 (0) 14 : 0.008 0.881 0.106 0.004
1218 1218 (0) 14 : 0.015 0.800 0.160 0.024
1219 1219 (0) 14 : 0.050 0.833 0.112 0.005
1220 1220 (0) 14 : 0.013 0.692 0.247 0.048
1221 1221 (0) 14 : 0.008 0.928 0.059 0.005
1222 1222 (0) 14 : 0.101 0.858 0.034 0.007
1223 1223 (0) 14 : 0.090 0.637 0.268 0.005
1224 1224 (0) 14 : 0.012 0.430 0.553 0.005
1225 1225 (0) 14 : 0.009 0.598 0.362 0.031
1226 1226 (0) 14 : 0.040 0.826 0.126 0.007
1227 1227 (0) 14 : 0.028 0.574 0.393 0.005
1228 1228 (0) 14 : 0.021 0.914 0.041 0.024
1229 1229 (0) 14 : 0.014 0.829 0.146 0.012
1230 1230 (0) 14 : 0.023 0.778 0.190 0.009
1231 1231 (0) 14 : 0.116 0.683 0.184 0.017
1232 1232 (0) 14 : 0.006 0.857 0.114 0.023
1233 1233 (0) 14 : 0.006 0.680 0.310 0.004
1234 1234 (0) 14 : 0.052 0.850 0.094 0.004
1235 1235 (0) 14 : 0.005 0.907 0.084 0.004
1236 1236 (0) 14 : 0.021 0.957 0.011 0.011
1237 1237 (0) 14 : 0.023 0.597 0.368 0.011
1238 1238 (0) 14 : 0.010 0.652 0.330 0.008
1239 1239 (0) 14 : 0.016 0.651 0.323 0.010
1240 1240 (0) 14 : 0.010 0.713 0.272 0.005
1241 1241 (0) 14 : 0.006 0.882 0.098 0.015
1242 1242 (0) 14 : 0.006 0.695 0.294 0.005
1243 1243 (0) 14 : 0.014 0.949 0.032 0.006
1244 1244 (0) 14 : 0.248 0.728 0.016 0.008
1245 1245 (0) 14 : 0.016 0.815 0.163 0.006
1246 1246 (0) 14 : 0.006 0.793 0.196 0.005
1247 1247 (0) 14 : 0.011 0.945 0.040 0.004
1248 1248 (0) 14 : 0.004 0.965 0.024 0.007
1249 1249 (0) 14 : 0.014 0.957 0.007 0.022
1250 1250 (0) 14 : 0.017 0.880 0.058 0.045
1251 1251 (0) 14 : 0.022 0.658 0.303 0.017
1252 1252 (0) 14 : 0.006 0.964 0.017 0.012
1253 1253 (0) 14 : 0.032 0.925 0.005 0.038
1254 1254 (0) 14 : 0.014 0.801 0.151 0.034
1255 1255 (0) 14 : 0.083 0.463 0.447 0.006
1256 1256 (0) 14 : 0.007 0.720 0.265 0.008
1257 1257 (0) 14 : 0.013 0.849 0.130 0.008
1258 1258 (0) 14 : 0.018 0.901 0.069 0.012
1259 1259 (0) 14 : 0.036 0.847 0.108 0.009
1260 1260 (0) 14 : 0.020 0.702 0.253 0.024
1261 1261 (0) 14 : 0.007 0.957 0.033 0.004
1262 1262 (0) 14 : 0.007 0.953 0.033 0.007
1263 1263 (0) 14 : 0.137 0.747 0.111 0.005
1264 1264 (0) 14 : 0.079 0.553 0.360 0.008
1265 1265 (0) 14 : 0.008 0.928 0.057 0.007
1266 1266 (0) 14 : 0.018 0.938 0.032 0.011
1267 1267 (0) 14 : 0.139 0.708 0.146 0.006
1268 1268 (0) 14 : 0.016 0.657 0.293 0.035
1269 1269 (0) 14 : 0.012 0.950 0.020 0.019
1270 1270 (0) 14 : 0.195 0.662 0.131 0.012
1271 1271 (0) 14 : 0.020 0.754 0.216 0.010
1272 1272 (0) 14 : 0.006 0.543 0.435 0.016
1273 1273 (0) 14 : 0.007 0.811 0.174 0.008
1274 1274 (0) 14 : 0.015 0.731 0.251 0.003
1275 1275 (0) 14 : 0.165 0.532 0.294 0.009
1276 1276 (0) 14 : 0.235 0.669 0.081 0.016
1277 1277 (0) 14 : 0.007 0.843 0.139 0.011
1278 1278 (0) 14 : 0.020 0.636 0.338 0.006
1279 1279 (0) 14 : 0.382 0.439 0.173 0.006
1280 1280 (0) 14 : 0.042 0.795 0.150 0.012
1281 1281 (0) 14 : 0.011 0.694 0.285 0.009
1282 1282 (0) 14 : 0.067 0.686 0.243 0.004
1283 1283 (0) 14 : 0.007 0.706 0.271 0.015
1284 1284 (0) 14 : 0.033 0.933 0.027 0.008
1285 1285 (0) 14 : 0.021 0.925 0.023 0.030
1286 1286 (0) 14 : 0.037 0.623 0.331 0.008
1287 1287 (0) 14 : 0.020 0.904 0.072 0.004
1288 1288 (0) 14 : 0.033 0.893 0.068 0.006
1289 1289 (0) 14 : 0.006 0.542 0.446 0.006
1290 1290 (0) 14 : 0.012 0.973 0.007 0.008
1291 1291 (0) 14 : 0.036 0.831 0.127 0.006
1292 1292 (0) 14 : 0.167 0.820 0.010 0.003
1293 1293 (0) 14 : 0.012 0.695 0.172 0.121
1294 1294 (0) 14 : 0.019 0.665 0.311 0.004
1295 1295 (0) 14 : 0.052 0.805 0.139 0.004
1296 1296 (0) 14 : 0.012 0.623 0.354 0.011
1297 1297 (0) 14 : 0.007 0.744 0.240 0.009
1298 1298 (0) 14 : 0.019 0.939 0.036 0.006
1299 1299 (0) 14 : 0.010 0.971 0.012 0.007
1300 1300 (0) 14 : 0.018 0.753 0.222 0.008
1301 1301 (0) 14 : 0.011 0.887 0.082 0.020
1302 1302 (0) 14 : 0.012 0.792 0.180 0.016
1303 1303 (0) 14 : 0.011 0.965 0.020 0.004
1304 1304 (0) 14 : 0.026 0.676 0.291 0.007
1305 1305 (0) 14 : 0.030 0.574 0.390 0.006
1306 1306 (0) 14 : 0.013 0.926 0.056 0.006
1307 1307 (0) 14 : 0.006 0.876 0.112 0.005
1308 1308 (0) 14 : 0.008 0.825 0.160 0.006
1309 1309 (10) 15 : 0.010 0.973 0.010 0.007
1310 1310 (5) 15 : 0.025 0.923 0.007 0.045
1311 1311 (5) 15 : 0.038 0.613 0.335 0.014
1312 1312 (5) 15 : 0.005 0.984 0.005 0.005
1313 1313 (10) 15 : 0.021 0.804 0.156 0.018
1314 1314 (5) 15 : 0.040 0.537 0.401 0.022
1315 1315 (10) 15 : 0.017 0.922 0.055 0.006
1316 1316 (0) 15 : 0.004 0.900 0.009 0.087
1317 1317 (0) 15 : 0.010 0.963 0.022 0.005
1318 1318 (0) 15 : 0.004 0.973 0.005 0.018
1319 1319 (0) 15 : 0.008 0.951 0.011 0.029
1320 1320 (0) 15 : 0.027 0.936 0.031 0.007
1321 1321 (0) 15 : 0.004 0.959 0.027 0.011
1322 1322 (0) 15 : 0.006 0.836 0.150 0.008
1323 1323 (0) 15 : 0.042 0.927 0.025 0.006
1324 1324 (0) 15 : 0.013 0.910 0.071 0.006
1325 1325 (0) 15 : 0.009 0.815 0.170 0.006
1326 1326 (0) 15 : 0.019 0.595 0.377 0.009
1327 1327 (0) 15 : 0.004 0.974 0.007 0.015
1328 1328 (5) 15 : 0.003 0.792 0.021 0.184
1329 1329 (0) 15 : 0.034 0.852 0.100 0.014
1330 1330 (0) 15 : 0.049 0.781 0.158 0.011
1331 1331 (5) 15 : 0.016 0.866 0.075 0.043
1332 1332 (5) 15 : 0.004 0.937 0.030 0.029
1333 1333 (0) 15 : 0.027 0.845 0.051 0.078
1334 1334 (0) 15 : 0.004 0.856 0.120 0.020
1335 1335 (0) 15 : 0.067 0.910 0.017 0.007
1336 1336 (0) 15 : 0.007 0.974 0.006 0.013
1337 1337 (0) 15 : 0.007 0.972 0.004 0.017
1338 1338 (0) 15 : 0.007 0.977 0.004 0.012
1339 1339 (0) 15 : 0.003 0.844 0.004 0.148
1340 1340 (0) 15 : 0.013 0.962 0.018 0.007
1341 1341 (0) 15 : 0.017 0.903 0.048 0.032
1342 1342 (0) 15 : 0.021 0.953 0.005 0.021
1343 1343 (0) 15 : 0.007 0.933 0.044 0.016
1344 1344 (0) 15 : 0.009 0.960 0.024 0.007
1345 1345 (0) 15 : 0.025 0.921 0.037 0.016
1346 1346 (0) 15 : 0.009 0.973 0.006 0.012
1347 1347 (0) 15 : 0.011 0.923 0.048 0.018
1348 1348 (0) 15 : 0.005 0.977 0.013 0.005
1349 1349 (0) 15 : 0.033 0.947 0.017 0.004
1350 1350 (0) 15 : 0.017 0.961 0.017 0.005
1351 1351 (0) 16 : 0.005 0.987 0.004 0.004
1352 1352 (0) 16 : 0.008 0.913 0.016 0.064
1353 1353 (0) 16 : 0.004 0.951 0.033 0.012
1354 1354 (0) 16 : 0.010 0.974 0.008 0.008
1355 1355 (0) 16 : 0.004 0.898 0.080 0.017
1356 1356 (0) 16 : 0.005 0.953 0.015 0.026
1357 1357 (0) 16 : 0.006 0.914 0.053 0.027
1358 1358 (0) 16 : 0.005 0.771 0.106 0.117
1359 1359 (0) 16 : 0.008 0.849 0.118 0.024
1360 1360 (0) 16 : 0.008 0.651 0.182 0.159
1361 1361 (0) 16 : 0.013 0.934 0.012 0.040
1362 1362 (0) 16 : 0.014 0.950 0.026 0.010
1363 1363 (0) 16 : 0.009 0.970 0.012 0.008
1364 1364 (0) 16 : 0.006 0.930 0.055 0.009
1365 1365 (0) 16 : 0.062 0.915 0.009 0.014
1366 1366 (0) 16 : 0.014 0.850 0.110 0.027
1367 1367 (0) 16 : 0.006 0.746 0.242 0.006
1368 1368 (0) 16 : 0.007 0.958 0.025 0.009
1369 1369 (0) 16 : 0.007 0.965 0.022 0.006
1370 1370 (0) 16 : 0.020 0.929 0.022 0.029
1371 1371 (0) 16 : 0.002 0.806 0.162 0.029
1372 1372 (0) 16 : 0.060 0.887 0.049 0.005
1373 1373 (0) 16 : 0.004 0.976 0.005 0.016
1374 1374 (0) 16 : 0.004 0.764 0.223 0.009
1375 1375 (0) 16 : 0.003 0.935 0.005 0.057
1376 1376 (0) 16 : 0.005 0.802 0.184 0.008
1377 1377 (0) 16 : 0.009 0.976 0.008 0.007
1378 1378 (0) 16 : 0.011 0.785 0.191 0.012
1379 1379 (0) 16 : 0.007 0.960 0.004 0.029
1380 1380 (0) 16 : 0.051 0.901 0.033 0.015
1381 1381 (0) 16 : 0.004 0.881 0.099 0.016
1382 1382 (0) 16 : 0.010 0.970 0.010 0.009
1383 1383 (0) 16 : 0.003 0.830 0.054 0.113
1384 1384 (0) 16 : 0.006 0.967 0.019 0.009
1385 1385 (0) 16 : 0.006 0.967 0.015 0.013
1386 1386 (0) 16 : 0.011 0.719 0.122 0.149
1387 1387 (0) 16 : 0.011 0.812 0.038 0.139
1388 1388 (0) 16 : 0.005 0.964 0.026 0.005
1389 1389 (0) 16 : 0.007 0.853 0.011 0.129
1390 1390 (0) 16 : 0.006 0.859 0.121 0.014
1391 1391 (0) 16 : 0.007 0.857 0.034 0.102
1392 1392 (0) 16 : 0.005 0.913 0.013 0.069
1393 1393 (0) 16 : 0.006 0.776 0.208 0.010
1394 1394 (0) 16 : 0.015 0.831 0.015 0.140
1395 1395 (0) 16 : 0.009 0.966 0.011 0.014
1396 1396 (0) 16 : 0.006 0.722 0.254 0.018
1397 1397 (0) 16 : 0.006 0.950 0.039 0.006
1398 1398 (0) 16 : 0.008 0.938 0.027 0.027
1399 1399 (0) 16 : 0.005 0.801 0.188 0.007
1400 1400 (0) 16 : 0.004 0.960 0.004 0.032
1401 1401 (0) 16 : 0.016 0.954 0.010 0.021
1402 1402 (0) 16 : 0.005 0.896 0.004 0.094
1403 1403 (0) 16 : 0.009 0.961 0.022 0.008
1404 1404 (0) 16 : 0.007 0.948 0.039 0.006
1405 1405 (0) 16 : 0.006 0.971 0.014 0.009
1406 1406 (0) 16 : 0.008 0.963 0.009 0.021
1407 1407 (0) 16 : 0.004 0.929 0.047 0.020
1408 1408 (0) 16 : 0.005 0.972 0.015 0.008
1409 1409 (0) 16 : 0.007 0.819 0.160 0.014
1410 1410 (0) 16 : 0.006 0.929 0.044 0.021
1411 1411 (0) 16 : 0.015 0.942 0.029 0.014
1412 1412 (0) 16 : 0.006 0.856 0.007 0.131
1413 1413 (0) 16 : 0.008 0.892 0.047 0.053
1414 1414 (0) 16 : 0.011 0.958 0.006 0.025
1415 1415 (0) 16 : 0.013 0.900 0.083 0.004
1416 1416 (0) 16 : 0.004 0.939 0.035 0.023
1417 1417 (0) 16 : 0.005 0.965 0.020 0.009
1418 1418 (0) 16 : 0.011 0.968 0.008 0.013
1419 1419 (0) 16 : 0.008 0.938 0.038 0.016
1420 1420 (0) 16 : 0.003 0.956 0.004 0.036
1421 1421 (0) 16 : 0.007 0.742 0.195 0.057
1422 1422 (0) 16 : 0.005 0.901 0.088 0.007
1423 1423 (0) 16 : 0.006 0.744 0.169 0.082
1424 1424 (0) 16 : 0.007 0.933 0.047 0.013
1425 1425 (0) 16 : 0.034 0.925 0.017 0.023
1426 1426 (0) 16 : 0.006 0.792 0.180 0.022
1427 1427 (0) 16 : 0.008 0.981 0.005 0.006
1428 1428 (0) 16 : 0.005 0.946 0.022 0.027
1429 1429 (0) 16 : 0.004 0.870 0.063 0.063
1430 1430 (0) 16 : 0.078 0.849 0.051 0.022
1431 1431 (0) 16 : 0.011 0.950 0.025 0.014
1432 1432 (0) 16 : 0.004 0.609 0.306 0.081
1433 1433 (0) 16 : 0.004 0.892 0.056 0.048
1434 1434 (0) 16 : 0.004 0.863 0.125 0.007
1435 1435 (0) 16 : 0.013 0.889 0.079 0.019
1436 1436 (0) 16 : 0.019 0.955 0.007 0.019
1437 1437 (0) 16 : 0.004 0.927 0.051 0.018
1438 1438 (0) 16 : 0.005 0.963 0.024 0.008
1439 1439 (0) 16 : 0.009 0.960 0.006 0.026
1440 1440 (0) 16 : 0.014 0.889 0.054 0.043
1441 1441 (0) 16 : 0.005 0.945 0.042 0.009
1442 1442 (0) 16 : 0.031 0.686 0.067 0.216
1443 1443 (0) 16 : 0.016 0.946 0.017 0.020
1444 1444 (0) 16 : 0.036 0.720 0.022 0.222
1445 1445 (0) 16 : 0.003 0.951 0.005 0.042
1446 1446 (0) 16 : 0.023 0.761 0.033 0.183
1447 1447 (0) 16 : 0.004 0.964 0.016 0.016
1448 1448 (0) 16 : 0.010 0.539 0.309 0.142
1449 1449 (0) 16 : 0.014 0.965 0.007 0.014
1450 1450 (0) 16 : 0.005 0.784 0.205 0.006
1451 1451 (0) 17 : 0.016 0.934 0.045 0.005
1452 1452 (0) 17 : 0.007 0.953 0.014 0.026
1453 1453 (0) 17 : 0.035 0.942 0.020 0.003
1454 1454 (0) 17 : 0.007 0.983 0.005 0.005
1455 1455 (0) 17 : 0.006 0.779 0.211 0.004
1456 1456 (0) 17 : 0.027 0.948 0.014 0.012
1457 1457 (0) 17 : 0.006 0.939 0.040 0.015
1458 1458 (0) 17 : 0.005 0.757 0.224 0.014
1459 1459 (0) 17 : 0.010 0.900 0.085 0.004
1460 1460 (0) 17 : 0.011 0.936 0.010 0.043
1461 1461 (0) 17 : 0.012 0.957 0.025 0.006
1462 1462 (0) 17 : 0.039 0.944 0.009 0.007
1463 1463 (0) 17 : 0.009 0.978 0.006 0.007
1464 1464 (0) 17 : 0.013 0.964 0.014 0.009
1465 1465 (0) 17 : 0.022 0.960 0.011 0.007
1466 1466 (0) 17 : 0.006 0.873 0.110 0.011
1467 1467 (0) 17 : 0.005 0.979 0.009 0.007
1468 1468 (0) 17 : 0.008 0.973 0.012 0.006
1469 1469 (0) 17 : 0.011 0.866 0.084 0.040
1470 1470 (0) 17 : 0.005 0.790 0.198 0.007
1471 1471 (0) 17 : 0.367 0.590 0.020 0.023
1472 1472 (0) 17 : 0.030 0.690 0.275 0.005
1473 1473 (0) 17 : 0.006 0.954 0.033 0.006
1474 1474 (0) 17 : 0.025 0.958 0.007 0.011
1475 1475 (0) 17 : 0.011 0.843 0.141 0.005
1476 1476 (0) 17 : 0.145 0.828 0.012 0.016
1477 1477 (0) 17 : 0.012 0.975 0.006 0.007
1478 1478 (0) 17 : 0.011 0.970 0.014 0.005
1479 1479 (0) 17 : 0.007 0.911 0.054 0.029
1480 1480 (0) 17 : 0.009 0.980 0.005 0.006
1481 1481 (0) 17 : 0.009 0.841 0.113 0.036
1482 1482 (0) 17 : 0.006 0.887 0.095 0.012
1483 1483 (0) 17 : 0.007 0.921 0.067 0.005
1484 1484 (0) 17 : 0.005 0.784 0.199 0.012
1485 1485 (0) 17 : 0.082 0.888 0.023 0.007
1486 1486 (0) 17 : 0.012 0.976 0.007 0.006
1487 1487 (0) 17 : 0.005 0.794 0.189 0.011
1488 1488 (0) 17 : 0.004 0.977 0.013 0.005
1489 1489 (0) 17 : 0.027 0.893 0.076 0.004
1490 1490 (0) 17 : 0.011 0.958 0.013 0.018
1491 1491 (0) 17 : 0.019 0.960 0.015 0.007
1492 1492 (0) 17 : 0.020 0.921 0.053 0.006
1493 1493 (0) 17 : 0.011 0.954 0.029 0.006
1494 1494 (0) 17 : 0.006 0.949 0.042 0.003
1495 1495 (0) 17 : 0.016 0.957 0.024 0.004
1496 1496 (0) 17 : 0.006 0.935 0.025 0.035
1497 1497 (0) 17 : 0.008 0.959 0.013 0.020
1498 1498 (0) 17 : 0.007 0.979 0.010 0.004
1499 1499 (0) 17 : 0.008 0.974 0.012 0.007
1500 1500 (0) 17 : 0.111 0.878 0.007 0.004
1501 1501 (0) 17 : 0.009 0.975 0.008 0.008
1502 1502 (0) 17 : 0.037 0.936 0.023 0.004
1503 1503 (0) 17 : 0.008 0.881 0.104 0.007
1504 1504 (0) 17 : 0.027 0.959 0.006 0.009
1505 1505 (0) 17 : 0.005 0.878 0.095 0.022
1506 1506 (0) 17 : 0.030 0.884 0.083 0.004
1507 1507 (0) 17 : 0.027 0.944 0.013 0.016
1508 1508 (0) 17 : 0.009 0.815 0.112 0.065
1509 1509 (0) 17 : 0.010 0.759 0.222 0.009
1510 1510 (0) 17 : 0.004 0.979 0.008 0.009
1511 1511 (0) 17 : 0.006 0.674 0.312 0.008
1512 1512 (0) 17 : 0.035 0.592 0.355 0.018
1513 1513 (0) 17 : 0.011 0.973 0.007 0.009
1514 1514 (0) 17 : 0.004 0.977 0.016 0.003
1515 1515 (0) 17 : 0.150 0.794 0.010 0.045
1516 1516 (0) 17 : 0.006 0.973 0.012 0.010
1517 1517 (0) 17 : 0.047 0.863 0.082 0.007
1518 1518 (0) 17 : 0.016 0.968 0.010 0.007
1519 1519 (0) 17 : 0.045 0.936 0.011 0.009
1520 1520 (0) 17 : 0.063 0.906 0.009 0.022
1521 1521 (0) 17 : 0.009 0.928 0.052 0.011
1522 1522 (0) 17 : 0.006 0.972 0.018 0.004
1523 1523 (0) 17 : 0.006 0.980 0.006 0.007
1524 1524 (0) 17 : 0.027 0.956 0.007 0.010
1525 1525 (0) 17 : 0.108 0.744 0.139 0.009
1526 1526 (0) 17 : 0.065 0.903 0.024 0.008
1527 1527 (0) 17 : 0.014 0.907 0.074 0.005
1528 1528 (0) 17 : 0.033 0.769 0.188 0.010
1529 1529 (0) 17 : 0.010 0.669 0.292 0.029
1530 1530 (0) 17 : 0.016 0.943 0.034 0.006
1531 1531 (0) 17 : 0.014 0.952 0.029 0.005
1532 1532 (0) 17 : 0.013 0.942 0.033 0.011
1533 1533 (0) 17 : 0.007 0.979 0.007 0.006
1534 1534 (0) 17 : 0.024 0.963 0.006 0.006
1535 1535 (0) 17 : 0.015 0.878 0.073 0.034
1536 1536 (0) 17 : 0.017 0.790 0.186 0.006
1537 1537 (0) 17 : 0.009 0.877 0.077 0.037
1538 1538 (0) 17 : 0.009 0.976 0.006 0.008
1539 1539 (0) 17 : 0.011 0.968 0.016 0.005
1540 1540 (0) 17 : 0.016 0.638 0.340 0.005
1541 1541 (0) 17 : 0.009 0.981 0.005 0.006
1542 1542 (0) 17 : 0.004 0.985 0.005 0.006
1543 1543 (0) 17 : 0.035 0.865 0.085 0.015
1544 1544 (0) 17 : 0.012 0.940 0.041 0.007
1545 1545 (0) 17 : 0.014 0.837 0.144 0.004
1546 1546 (0) 17 : 0.007 0.663 0.325 0.004
1547 1547 (0) 17 : 0.009 0.784 0.191 0.015
1548 1548 (0) 17 : 0.004 0.978 0.004 0.013
1549 1549 (0) 17 : 0.013 0.969 0.014 0.004
1550 1550 (0) 17 : 0.125 0.659 0.178 0.037
1551 1551 (0) 18 : 0.002 0.007 0.011 0.980
1552 1552 (0) 18 : 0.003 0.007 0.072 0.918
1553 1553 (0) 18 : 0.004 0.004 0.171 0.820
1554 1554 (0) 18 : 0.009 0.009 0.285 0.697
1555 1555 (0) 18 : 0.006 0.174 0.012 0.808
1556 1556 (0) 18 : 0.007 0.005 0.263 0.725
1557 1557 (0) 18 : 0.008 0.009 0.139 0.845
1558 1558 (0) 18 : 0.006 0.017 0.235 0.742
1559 1559 (0) 18 : 0.004 0.010 0.220 0.766
1560 1560 (0) 18 : 0.003 0.004 0.148 0.845
1561 1561 (0) 18 : 0.033 0.017 0.018 0.931
1562 1562 (0) 18 : 0.007 0.004 0.006 0.982
1563 1563 (0) 18 : 0.007 0.006 0.056 0.931
1564 1564 (0) 18 : 0.003 0.072 0.041 0.885
1565 1565 (0) 18 : 0.003 0.005 0.004 0.988
1566 1566 (0) 18 : 0.003 0.008 0.140 0.850
1567 1567 (0) 18 : 0.004 0.008 0.124 0.864
1568 1568 (0) 18 : 0.015 0.037 0.019 0.928
1569 1569 (0) 18 : 0.012 0.010 0.240 0.739
1570 1570 (0) 18 : 0.006 0.006 0.182 0.806
1571 1571 (0) 18 : 0.007 0.010 0.021 0.963
1572 1572 (0) 18 : 0.005 0.051 0.023 0.922
1573 1573 (0) 18 : 0.004 0.008 0.128 0.860
1574 1574 (0) 18 : 0.004 0.014 0.109 0.873
1575 1575 (0) 18 : 0.003 0.004 0.146 0.848
1576 1576 (0) 18 : 0.013 0.019 0.122 0.846
1577 1577 (0) 18 : 0.007 0.027 0.041 0.925
1578 1578 (0) 18 : 0.004 0.005 0.004 0.988
1579 1579 (0) 18 : 0.006 0.020 0.026 0.948
1580 1580 (0) 18 : 0.003 0.005 0.160 0.831
1581 1581 (0) 18 : 0.004 0.064 0.027 0.906
1582 1582 (0) 18 : 0.003 0.003 0.086 0.907
1583 1583 (0) 18 : 0.006 0.007 0.112 0.875
1584 1584 (0) 18 : 0.003 0.004 0.005 0.988
1585 1585 (0) 18 : 0.003 0.004 0.033 0.959
1586 1586 (0) 18 : 0.005 0.005 0.104 0.886
1587 1587 (0) 18 : 0.005 0.013 0.141 0.841
1588 1588 (0) 18 : 0.004 0.010 0.178 0.808
1589 1589 (0) 18 : 0.033 0.028 0.038 0.901
1590 1590 (0) 18 : 0.004 0.011 0.067 0.918
1591 1591 (0) 18 : 0.005 0.019 0.144 0.831
1592 1592 (0) 18 : 0.006 0.096 0.170 0.729
1593 1593 (0) 18 : 0.005 0.009 0.123 0.864
1594 1594 (0) 18 : 0.022 0.021 0.143 0.813
1595 1595 (0) 18 : 0.004 0.006 0.006 0.984
1596 1596 (0) 18 : 0.011 0.006 0.012 0.971
1597 1597 (0) 18 : 0.004 0.004 0.003 0.989
1598 1598 (0) 18 : 0.003 0.006 0.004 0.987
1599 1599 (0) 18 : 0.005 0.007 0.103 0.884
1600 1600 (0) 18 : 0.003 0.024 0.028 0.945
1601 1601 (0) 18 : 0.008 0.014 0.234 0.744
1602 1602 (0) 18 : 0.019 0.030 0.010 0.941
1603 1603 (0) 18 : 0.004 0.008 0.150 0.837
1604 1604 (0) 18 : 0.123 0.098 0.098 0.681
1605 1605 (0) 18 : 0.010 0.021 0.005 0.964
1606 1606 (0) 18 : 0.024 0.008 0.012 0.956
1607 1607 (0) 18 : 0.004 0.056 0.041 0.899
1608 1608 (0) 18 : 0.003 0.004 0.028 0.965
1609 1609 (0) 18 : 0.009 0.012 0.057 0.923
1610 1610 (0) 18 : 0.004 0.004 0.261 0.730
1611 1611 (0) 18 : 0.007 0.041 0.049 0.902
1612 1612 (0) 18 : 0.006 0.006 0.005 0.984
1613 1613 (0) 18 : 0.046 0.061 0.027 0.866
1614 1614 (0) 18 : 0.004 0.005 0.023 0.968
1615 1615 (0) 18 : 0.010 0.006 0.110 0.874
1616 1616 (0) 18 : 0.003 0.005 0.142 0.850
1617 1617 (0) 18 : 0.004 0.013 0.140 0.844
1618 1618 (0) 18 : 0.008 0.008 0.361 0.623
1619 1619 (0) 18 : 0.005 0.016 0.129 0.850
1620 1620 (0) 18 : 0.003 0.005 0.203 0.789
1621 1621 (0) 18 : 0.005 0.005 0.003 0.987
1622 1622 (0) 18 : 0.003 0.005 0.287 0.705
1623 1623 (0) 18 : 0.020 0.031 0.029 0.921
1624 1624 (0) 18 : 0.007 0.008 0.098 0.888
1625 1625 (0) 18 : 0.004 0.005 0.034 0.957
1626 1626 (0) 18 : 0.016 0.021 0.035 0.929
1627 1627 (0) 18 : 0.009 0.016 0.142 0.833
1628 1628 (0) 18 : 0.006 0.005 0.092 0.897
1629 1629 (0) 18 : 0.004 0.005 0.006 0.985
1630 1630 (0) 18 : 0.004 0.196 0.101 0.698
1631 1631 (0) 18 : 0.006 0.007 0.199 0.788
1632 1632 (0) 18 : 0.011 0.013 0.085 0.892
1633 1633 (0) 18 : 0.003 0.004 0.038 0.955
1634 1634 (0) 18 : 0.003 0.006 0.077 0.914
1635 1635 (0) 18 : 0.002 0.012 0.083 0.903
1636 1636 (0) 18 : 0.049 0.026 0.080 0.845
1637 1637 (0) 18 : 0.041 0.030 0.119 0.810
1638 1638 (0) 18 : 0.004 0.016 0.084 0.896
1639 1639 (0) 18 : 0.004 0.004 0.016 0.976
1640 1640 (0) 18 : 0.079 0.021 0.220 0.679
1641 1641 (0) 18 : 0.005 0.024 0.047 0.924
1642 1642 (0) 18 : 0.003 0.003 0.003 0.990
1643 1643 (0) 18 : 0.004 0.008 0.023 0.965
1644 1644 (0) 18 : 0.032 0.045 0.059 0.864
1645 1645 (0) 18 : 0.006 0.071 0.041 0.882
1646 1646 (0) 18 : 0.004 0.006 0.185 0.806
1647 1647 (0) 18 : 0.004 0.078 0.038 0.880
1648 1648 (0) 18 : 0.007 0.010 0.266 0.717
1649 1649 (0) 18 : 0.008 0.005 0.005 0.982
1650 1650 (0) 18 : 0.003 0.019 0.203 0.776
1651 1651 (0) 19 : 0.867 0.039 0.086 0.007
1652 1652 (0) 19 : 0.962 0.005 0.029 0.004
1653 1653 (0) 19 : 0.982 0.009 0.006 0.003
1654 1654 (0) 19 : 0.866 0.024 0.016 0.094
1655 1655 (0) 19 : 0.825 0.035 0.130 0.010
1656 1656 (0) 19 : 0.830 0.007 0.151 0.012
1657 1657 (0) 19 : 0.778 0.006 0.212 0.005
1658 1658 (0) 19 : 0.988 0.005 0.004 0.003
1659 1659 (0) 19 : 0.812 0.007 0.176 0.005
1660 1660 (0) 19 : 0.907 0.008 0.082 0.003
1661 1661 (0) 19 : 0.973 0.007 0.015 0.005
1662 1662 (0) 19 : 0.853 0.005 0.138 0.005
1663 1663 (0) 19 : 0.766 0.005 0.226 0.003
1664 1664 (0) 19 : 0.985 0.004 0.008 0.003
1665 1665 (0) 19 : 0.792 0.012 0.189 0.007
1666 1666 (0) 19 : 0.873 0.051 0.068 0.008
1667 1667 (0) 19 : 0.988 0.003 0.006 0.003
1668 1668 (0) 19 : 0.991 0.003 0.003 0.003
1669 1669 (0) 19 : 0.953 0.006 0.038 0.003
1670 1670 (0) 19 : 0.819 0.008 0.169 0.004
1671 1671 (0) 19 : 0.969 0.010 0.014 0.007
1672 1672 (0) 19 : 0.898 0.030 0.061 0.011
1673 1673 (0) 19 : 0.946 0.019 0.012 0.024
1674 1674 (0) 19 : 0.941 0.011 0.046 0.003
1675 1675 (0) 19 : 0.905 0.009 0.080 0.007
1676 1676 (0) 19 : 0.815 0.006 0.176 0.003
1677 1677 (0) 19 : 0.790 0.007 0.199 0.004
1678 1678 (0) 19 : 0.979 0.005 0.005 0.010
1679 1679 (0) 19 : 0.941 0.022 0.034 0.004
1680 1680 (0) 19 : 0.983 0.009 0.005 0.004
1681 1681 (0) 19 : 0.777 0.009 0.208 0.006
1682 1682 (0) 19 : 0.657 0.005 0.335 0.004
1683 1683 (0) 19 : 0.801 0.008 0.188 0.003
1684 1684 (0) 19 : 0.976 0.012 0.008 0.004
1685 1685 (0) 19 : 0.949 0.015 0.028 0.008
1686 1686 (0) 19 : 0.828 0.007 0.161 0.004
1687 1687 (0) 19 : 0.946 0.023 0.015 0.016
1688 1688 (0) 19 : 0.948 0.020 0.019 0.014
1689 1689 (0) 19 : 0.943 0.004 0.050 0.003
1690 1690 (0) 19 : 0.853 0.033 0.060 0.055
1691 1691 (0) 19 : 0.908 0.007 0.079 0.006
1692 1692 (0) 19 : 0.964 0.013 0.011 0.012
1693 1693 (0) 19 : 0.933 0.013 0.051 0.003
1694 1694 (0) 19 : 0.898 0.011 0.029 0.063
1695 1695 (0) 19 : 0.987 0.005 0.005 0.003
1696 1696 (0) 19 : 0.976 0.009 0.012 0.003
1697 1697 (0) 19 : 0.969 0.011 0.005 0.014
1698 1698 (0) 19 : 0.892 0.048 0.029 0.030
1699 1699 (0) 19 : 0.928 0.020 0.048 0.004
1700 1700 (0) 19 : 0.882 0.008 0.106 0.005
1701 1701 (0) 19 : 0.990 0.003 0.004 0.003
1702 1702 (0) 19 : 0.828 0.081 0.087 0.004
1703 1703 (0) 19 : 0.878 0.067 0.025 0.030
1704 1704 (0) 19 : 0.793 0.004 0.199 0.004
1705 1705 (0) 19 : 0.935 0.021 0.025 0.019
1706 1706 (0) 19 : 0.881 0.059 0.055 0.004
1707 1707 (0) 19 : 0.938 0.005 0.051 0.005
1708 1708 (0) 19 : 0.851 0.006 0.139 0.004
1709 1709 (0) 19 : 0.906 0.014 0.061 0.020
1710 1710 (0) 19 : 0.986 0.007 0.005 0.003
1711 1711 (0) 19 : 0.988 0.004 0.004 0.004
1712 1712 (0) 19 : 0.972 0.011 0.012 0.005
1713 1713 (0) 19 : 0.897 0.032 0.066 0.005
1714 1714 (0) 19 : 0.969 0.005 0.022 0.004
1715 1715 (0) 19 : 0.940 0.006 0.051 0.003
1716 1716 (0) 19 : 0.779 0.005 0.212 0.004
1717 1717 (0) 19 : 0.754 0.009 0.232 0.005
1718 1718 (0) 19 : 0.982 0.006 0.006 0.005
1719 1719 (0) 19 : 0.991 0.003 0.003 0.003
1720 1720 (0) 19 : 0.955 0.005 0.034 0.007
1721 1721 (0) 19 : 0.977 0.008 0.011 0.003
1722 1722 (0) 19 : 0.977 0.003 0.017 0.003
1723 1723 (0) 19 : 0.780 0.012 0.203 0.006
1724 1724 (0) 19 : 0.949 0.031 0.008 0.012
1725 1725 (0) 19 : 0.821 0.006 0.169 0.003
1726 1726 (0) 19 : 0.960 0.021 0.016 0.004
1727 1727 (0) 19 : 0.956 0.011 0.011 0.022
1728 1728 (0) 19 : 0.798 0.004 0.193 0.005
1729 1729 (0) 19 : 0.931 0.010 0.021 0.038
1730 1730 (0) 19 : 0.898 0.067 0.018 0.016
1731 1731 (0) 19 : 0.798 0.015 0.173 0.014
1732 1732 (0) 19 : 0.936 0.020 0.023 0.021
1733 1733 (0) 19 : 0.971 0.008 0.011 0.010
1734 1734 (0) 19 : 0.915 0.030 0.047 0.008
1735 1735 (0) 19 : 0.902 0.006 0.089 0.003
1736 1736 (0) 19 : 0.871 0.011 0.113 0.005
1737 1737 (0) 19 : 0.987 0.004 0.006 0.002
1738 1738 (0) 19 : 0.829 0.016 0.134 0.021
1739 1739 (0) 19 : 0.990 0.004 0.003 0.003
1740 1740 (0) 19 : 0.873 0.110 0.010 0.007
1741 1741 (0) 19 : 0.987 0.004 0.003 0.005
1742 1742 (0) 19 : 0.783 0.087 0.102 0.028
1743 1743 (0) 19 : 0.959 0.006 0.031 0.004
1744 1744 (0) 19 : 0.950 0.006 0.040 0.004
1745 1745 (0) 19 : 0.985 0.005 0.007 0.003
1746 1746 (0) 19 : 0.970 0.007 0.021 0.003
1747 1747 (0) 19 : 0.991 0.003 0.003 0.003
1748 1748 (0) 19 : 0.928 0.014 0.008 0.050
1749 1749 (0) 19 : 0.990 0.003 0.004 0.003
1750 1750 (0) 19 : 0.927 0.016 0.054 0.004
1751 1751 (0) 20 : 0.053 0.869 0.074 0.004
1752 1752 (0) 20 : 0.040 0.933 0.024 0.003
1753 1753 (0) 20 : 0.222 0.767 0.005 0.006
1754 1754 (0) 20 : 0.005 0.985 0.005 0.005
1755 1755 (0) 20 : 0.018 0.946 0.032 0.004
1756 1756 (0) 20 : 0.011 0.927 0.031 0.031
1757 1757 (0) 20 : 0.017 0.702 0.271 0.010
1758 1758 (0) 20 : 0.180 0.697 0.117 0.006
1759 1759 (0) 20 : 0.027 0.938 0.014 0.021
1760 1760 (0) 20 : 0.026 0.875 0.080 0.019
1761 1761 (0) 20 : 0.006 0.885 0.104 0.005
1762 1762 (0) 20 : 0.008 0.921 0.044 0.027
1763 1763 (0) 20 : 0.024 0.961 0.005 0.010
1764 1764 (0) 20 : 0.010 0.902 0.080 0.007
1765 1765 (0) 20 : 0.005 0.965 0.009 0.020
1766 1766 (0) 20 : 0.020 0.957 0.019 0.003
1767 1767 (0) 20 : 0.023 0.932 0.009 0.037
1768 1768 (0) 20 : 0.011 0.976 0.006 0.008
1769 1769 (0) 20 : 0.005 0.932 0.017 0.045
1770 1770 (0) 20 : 0.135 0.724 0.133 0.008
1771 1771 (0) 20 : 0.018 0.963 0.013 0.006
1772 1772 (0) 20 : 0.038 0.932 0.024 0.006
1773 1773 (0) 20 : 0.022 0.949 0.009 0.020
1774 1774 (0) 20 : 0.159 0.786 0.049 0.006
1775 1775 (0) 20 : 0.006 0.923 0.068 0.003
1776 1776 (0) 20 : 0.042 0.791 0.158 0.009
1777 1777 (0) 20 : 0.062 0.928 0.005 0.005
1778 1778 (0) 20 : 0.007 0.844 0.144 0.005
1779 1779 (0) 20 : 0.018 0.947 0.017 0.019
1780 1780 (0) 20 : 0.029 0.939 0.015 0.018
1781 1781 (0) 20 : 0.008 0.932 0.052 0.007
1782 1782 (0) 20 : 0.153 0.796 0.039 0.012
1783 1783 (0) 20 : 0.030 0.937 0.030 0.003
1784 1784 (0) 20 : 0.012 0.883 0.098 0.007
1785 1785 (0) 20 : 0.029 0.961 0.005 0.005
1786 1786 (0) 20 : 0.010 0.955 0.005 0.030
1787 1787 (0) 20 : 0.008 0.961 0.006 0.024
1788 1788 (0) 20 : 0.008 0.966 0.019 0.006
1789 1789 (0) 20 : 0.009 0.761 0.217 0.013
1790 1790 (0) 20 : 0.010 0.909 0.073 0.008
1791 1791 (0) 20 : 0.009 0.912 0.037 0.042
1792 1792 (0) 20 : 0.021 0.960 0.010 0.009
1793 1793 (0) 20 : 0.043 0.825 0.011 0.121
1794 1794 (0) 20 : 0.010 0.967 0.018 0.005
1795 1795 (0) 20 : 0.004 0.858 0.132 0.005
1796 1796 (0) 20 : 0.019 0.945 0.028 0.007
1797 1797 (0) 20 : 0.008 0.973 0.008 0.012
1798 1798 (0) 20 : 0.018 0.875 0.051 0.056
1799 1799 (0) 20 : 0.014 0.952 0.026 0.007
1800 1800 (0) 20 : 0.124 0.838 0.031 0.007
1801 1801 (0) 20 : 0.015 0.976 0.004 0.004
1802 1802 (0) 20 : 0.021 0.965 0.007 0.007
1803 1803 (0) 20 : 0.041 0.940 0.007 0.012
1804 1804 (0) 20 : 0.017 0.948 0.022 0.013
1805 1805 (0) 20 : 0.016 0.912 0.041 0.032
1806 1806 (0) 20 : 0.008 0.966 0.014 0.012
1807 1807 (0) 20 : 0.032 0.917 0.041 0.009
1808 1808 (0) 20 : 0.009 0.968 0.014 0.009
1809 1809 (0) 20 : 0.015 0.797 0.183 0.006
1810 1810 (0) 20 : 0.152 0.743 0.054 0.051
1811 1811 (0) 20 : 0.023 0.590 0.367 0.020
1812 1812 (0) 20 : 0.008 0.933 0.048 0.010
1813 1813 (0) 20 : 0.010 0.966 0.015 0.008
1814 1814 (0) 20 : 0.023 0.933 0.033 0.010
1815 1815 (0) 20 : 0.083 0.763 0.151 0.003
1816 1816 (0) 20 : 0.032 0.941 0.017 0.010
1817 1817 (0) 20 : 0.007 0.932 0.056 0.005
1818 1818 (0) 20 : 0.014 0.827 0.149 0.010
1819 1819 (0) 20 : 0.008 0.860 0.121 0.012
1820 1820 (0) 20 : 0.143 0.810 0.021 0.026
1821 1821 (0) 20 : 0.008 0.966 0.019 0.007
1822 1822 (0) 20 : 0.043 0.821 0.119 0.017
1823 1823 (0) 20 : 0.026 0.819 0.148 0.006
1824 1824 (0) 20 : 0.008 0.939 0.048 0.005
1825 1825 (0) 20 : 0.062 0.916 0.017 0.006
1826 1826 (0) 20 : 0.013 0.970 0.005 0.012
1827 1827 (0) 20 : 0.016 0.853 0.126 0.005
1828 1828 (0) 20 : 0.004 0.852 0.138 0.006
1829 1829 (0) 20 : 0.211 0.772 0.005 0.012
1830 1830 (0) 20 : 0.290 0.692 0.009 0.008
1831 1831 (0) 20 : 0.025 0.920 0.039 0.017
1832 1832 (0) 20 : 0.026 0.825 0.085 0.064
1833 1833 (0) 20 : 0.007 0.970 0.007 0.016
1834 1834 (0) 20 : 0.019 0.961 0.014 0.007
1835 1835 (0) 20 : 0.020 0.767 0.204 0.008
1836 1836 (0) 20 : 0.011 0.967 0.006 0.016
1837 1837 (0) 20 : 0.011 0.973 0.008 0.009
1838 1838 (0) 20 : 0.027 0.879 0.090 0.003
1839 1839 (0) 20 : 0.009 0.979 0.009 0.004
1840 1840 (0) 20 : 0.014 0.971 0.007 0.008
1841 1841 (0) 20 : 0.145 0.839 0.008 0.008
1842 1842 (0) 20 : 0.008 0.972 0.004 0.016
1843 1843 (0) 20 : 0.008 0.976 0.013 0.004
1844 1844 (0) 20 : 0.283 0.698 0.014 0.004
1845 1845 (0) 20 : 0.041 0.912 0.022 0.026
1846 1846 (0) 20 : 0.018 0.947 0.015 0.020
1847 1847 (0) 20 : 0.011 0.960 0.016 0.013
1848 1848 (0) 20 : 0.004 0.945 0.008 0.042
1849 1849 (0) 20 : 0.008 0.962 0.009 0.022
1850 1850 (0) 20 : 0.007 0.933 0.026 0.035
1851 1851 (10) 21 : 0.005 0.983 0.004 0.007
1852 1852 (0) 21 : 0.008 0.978 0.006 0.008
1853 1853 (0) 21 : 0.007 0.770 0.017 0.205
1854 1854 (0) 21 : 0.007 0.973 0.005 0.016
1855 1855 (0) 21 : 0.050 0.938 0.006 0.006
1856 1856 (5) 21 : 0.035 0.955 0.004 0.006
1857 1857 (0) 21 : 0.004 0.985 0.004 0.007
1858 1858 (0) 21 : 0.008 0.983 0.006 0.003
1859 1859 (0) 21 : 0.007 0.697 0.003 0.293
1860 1860 (0) 21 : 0.015 0.961 0.021 0.004
1861 1861 (0) 21 : 0.007 0.446 0.004 0.543
1862 1862 (0) 21 : 0.005 0.973 0.005 0.018
1863 1863 (0) 21 : 0.004 0.979 0.003 0.014
1864 1864 (0) 21 : 0.011 0.977 0.006 0.005
1865 1865 (5) 21 : 0.003 0.936 0.007 0.054
1866 1866 (0) 21 : 0.004 0.979 0.008 0.008
1867 1867 (0) 21 : 0.008 0.958 0.010 0.024
1868 1868 (0) 21 : 0.005 0.960 0.003 0.031
1869 1869 (0) 21 : 0.007 0.981 0.005 0.007
1870 1870 (0) 21 : 0.005 0.986 0.003 0.007
1871 1871 (0) 21 : 0.005 0.986 0.004 0.005
1872 1872 (5) 21 : 0.008 0.973 0.005 0.013
1873 1873 (5) 21 : 0.005 0.804 0.007 0.184
1874 1874 (5) 21 : 0.013 0.960 0.007 0.020
1875 1875 (0) 21 : 0.008 0.981 0.007 0.004
1876 1876 (0) 21 : 0.005 0.987 0.004 0.005
1877 1877 (0) 21 : 0.005 0.973 0.004 0.018
1878 1878 (0) 21 : 0.014 0.976 0.006 0.004
1879 1879 (0) 21 : 0.005 0.982 0.004 0.009
1880 1880 (0) 21 : 0.006 0.961 0.010 0.023
1881 1881 (0) 21 : 0.005 0.891 0.008 0.096
1882 1882 (0) 21 : 0.004 0.977 0.005 0.014
1883 1883 (0) 21 : 0.007 0.980 0.005 0.007
1884 1884 (0) 21 : 0.006 0.946 0.007 0.042
1885 1885 (0) 21 : 0.005 0.985 0.005 0.005
1886 1886 (0) 21 : 0.009 0.852 0.007 0.131
1887 1887 (5) 21 : 0.006 0.962 0.006 0.026
1888 1888 (0) 21 : 0.004 0.968 0.014 0.014
1889 1889 (0) 21 : 0.006 0.977 0.004 0.013
1890 1890 (0) 21 : 0.006 0.969 0.008 0.017
1891 1891 (0) 21 : 0.008 0.968 0.007 0.018
1892 1892 (0) 21 : 0.008 0.954 0.010 0.028
1893 1893 (5) 21 : 0.005 0.959 0.005 0.030
1894 1894 (5) 21 : 0.012 0.965 0.008 0.015
1895 1895 (5) 21 : 0.009 0.937 0.005 0.050
1896 1896 (5) 21 : 0.007 0.955 0.007 0.032
1897 1897 (5) 21 : 0.008 0.957 0.012 0.023
1898 1898 (5) 21 : 0.006 0.957 0.020 0.018
1899 1899 (0) 21 : 0.008 0.969 0.006 0.017
1900 1900 (5) 21 : 0.004 0.976 0.004 0.016
1901 1901 (0) 21 : 0.007 0.979 0.005 0.009
1902 1902 (0) 21 : 0.008 0.922 0.007 0.063
1903 1903 (0) 21 : 0.003 0.962 0.004 0.031
1904 1904 (0) 21 : 0.003 0.987 0.004 0.006
1905 1905 (0) 21 : 0.046 0.938 0.006 0.011
1906 1906 (0) 21 : 0.005 0.974 0.005 0.016
1907 1907 (0) 21 : 0.007 0.964 0.004 0.025
1908 1908 (0) 21 : 0.006 0.978 0.006 0.010
1909 1909 (0) 21 : 0.005 0.826 0.003 0.166
1910 1910 (0) 21 : 0.004 0.974 0.006 0.016
1911 1911 (0) 21 : 0.007 0.984 0.005 0.004
1912 1912 (0) 21 : 0.988 0.005 0.003 0.004
1913 1913 (0) 21 : 0.004 0.975 0.003 0.018
1914 1914 (0) 21 : 0.005 0.977 0.003 0.014
1915 1915 (0) 21 : 0.004 0.983 0.005 0.008
1916 1916 (0) 21 : 0.010 0.979 0.005 0.006
1917 1917 (0) 21 : 0.011 0.982 0.004 0.003
1918 1918 (0) 21 : 0.076 0.573 0.006 0.344
1919 1919 (0) 21 : 0.005 0.937 0.006 0.052
1920 1920 (0) 21 : 0.005 0.967 0.005 0.024
1921 1921 (0) 21 : 0.007 0.981 0.004 0.008
1922 1922 (0) 21 : 0.006 0.980 0.004 0.009
1923 1923 (0) 21 : 0.004 0.975 0.007 0.014
1924 1924 (0) 21 : 0.018 0.966 0.007 0.010
1925 1925 (0) 21 : 0.007 0.979 0.004 0.011
1926 1926 (0) 21 : 0.007 0.985 0.003 0.006
1927 1927 (0) 21 : 0.011 0.978 0.004 0.006
1928 1928 (0) 21 : 0.005 0.858 0.008 0.129
1929 1929 (0) 21 : 0.011 0.895 0.009 0.085
1930 1930 (0) 21 : 0.007 0.981 0.006 0.006
1931 1931 (0) 21 : 0.008 0.210 0.003 0.779
1932 1932 (0) 21 : 0.006 0.982 0.005 0.008
1933 1933 (0) 21 : 0.007 0.979 0.005 0.008
1934 1934 (0) 21 : 0.006 0.975 0.006 0.013
1935 1935 (0) 21 : 0.007 0.982 0.003 0.008
1936 1936 (0) 21 : 0.008 0.980 0.005 0.007
1937 1937 (0) 21 : 0.011 0.981 0.004 0.004
1938 1938 (0) 21 : 0.005 0.957 0.004 0.034
1939 1939 (0) 21 : 0.008 0.967 0.005 0.020
1940 1940 (0) 21 : 0.011 0.971 0.004 0.015
1941 1941 (0) 21 : 0.003 0.972 0.004 0.020
1942 1942 (0) 21 : 0.009 0.979 0.006 0.006
1943 1943 (10) 21 : 0.006 0.312 0.005 0.677
1944 1944 (0) 21 : 0.006 0.964 0.005 0.025
1945 1945 (0) 21 : 0.004 0.979 0.005 0.011
1946 1946 (0) 21 : 0.004 0.879 0.005 0.111
1947 1947 (0) 21 : 0.014 0.886 0.008 0.091
1948 1948 (0) 21 : 0.006 0.982 0.005 0.007
1949 1949 (0) 21 : 0.008 0.979 0.004 0.009
1950 1950 (0) 21 : 0.007 0.945 0.006 0.042
1951 1951 (0) 21 : 0.005 0.985 0.003 0.007
1952 1952 (0) 21 : 0.003 0.981 0.003 0.013
1953 1953 (0) 21 : 0.008 0.952 0.006 0.033
1954 1954 (0) 21 : 0.005 0.981 0.003 0.011
1955 1955 (0) 21 : 0.004 0.972 0.004 0.020
1956 1956 (0) 22 : 0.004 0.940 0.046 0.011
1957 1957 (10) 22 : 0.005 0.959 0.011 0.025
1958 1958 (10) 22 : 0.039 0.939 0.010 0.012
1959 1959 (5) 22 : 0.004 0.973 0.004 0.019
1960 1960 (5) 22 : 0.010 0.935 0.005 0.049
1961 1961 (0) 22 : 0.006 0.953 0.003 0.038
1962 1962 (5) 22 : 0.027 0.846 0.005 0.122
1963 1963 (5) 22 : 0.004 0.737 0.006 0.254
1964 1964 (0) 22 : 0.004 0.953 0.004 0.039
1965 1965 (0) 22 : 0.004 0.976 0.004 0.016
1966 1966 (0) 22 : 0.004 0.976 0.004 0.016
1967 1967 (0) 22 : 0.005 0.982 0.003 0.009
1968 1968 (0) 22 : 0.012 0.973 0.005 0.010
1969 1969 (5) 22 : 0.006 0.977 0.004 0.014
1970 1970 (5) 22 : 0.014 0.935 0.036 0.015
1971 1971 (10) 22 : 0.005 0.962 0.009 0.025
1972 1972 (0) 22 : 0.005 0.981 0.004 0.010
1973 1973 (5) 22 : 0.024 0.893 0.009 0.074
1974 1974 (5) 22 : 0.016 0.972 0.006 0.007
1975 1975 (0) 22 : 0.005 0.984 0.003 0.008
1976 1976 (5) 22 : 0.004 0.935 0.004 0.056
1977 1977 (0) 22 : 0.012 0.973 0.009 0.005
1978 1978 (5) 22 : 0.021 0.937 0.003 0.038
1979 1979 (0) 22 : 0.004 0.906 0.005 0.085
1980 1980 (0) 22 : 0.013 0.872 0.009 0.106
1981 1981 (0) 22 : 0.022 0.950 0.012 0.016
1982 1982 (0) 22 : 0.004 0.852 0.005 0.139
1983 1983 (0) 22 : 0.003 0.966 0.004 0.027
1984 1984 (0) 22 : 0.004 0.729 0.006 0.261
1985 1985 (0) 22 : 0.022 0.910 0.020 0.048
1986 1986 (0) 22 : 0.008 0.976 0.008 0.009
1987 1987 (0) 22 : 0.005 0.791 0.009 0.195
1988 1988 (0) 22 : 0.004 0.964 0.005 0.028
1989 1989 (0) 22 : 0.004 0.981 0.007 0.008
1990 1990 (0) 22 : 0.008 0.971 0.011 0.010
1991 1991 (0) 22 : 0.006 0.983 0.004 0.008
1992 1992 (0) 22 : 0.006 0.976 0.013 0.005
1993 1993 (0) 22 : 0.003 0.983 0.005 0.008
1994 1994 (5) 22 : 0.010 0.973 0.006 0.011
1995 1995 (5) 22 : 0.015 0.936 0.005 0.044
1996 1996 (0) 22 : 0.016 0.971 0.008 0.006
1997 1997 (15) 22 : 0.024 0.950 0.015 0.011
1998 1998 (10) 22 : 0.004 0.907 0.004 0.085
1999 1999 (10) 22 : 0.007 0.978 0.005 0.011
2000 2000 (10) 22 : 0.007 0.975 0.006 0.012
2001 2001 (5) 22 : 0.010 0.968 0.005 0.016
2002 2002 (5) 22 : 0.005 0.960 0.004 0.031
2003 2003 (5) 22 : 0.011 0.980 0.005 0.004
2004 2004 (5) 22 : 0.005 0.942 0.004 0.049
2005 2005 (5) 22 : 0.006 0.981 0.004 0.009
2006 2006 (5) 22 : 0.007 0.981 0.005 0.008
2007 2007 (15) 22 : 0.012 0.964 0.011 0.013
2008 2008 (5) 22 : 0.003 0.956 0.022 0.019
2009 2009 (5) 22 : 0.004 0.975 0.004 0.017
2010 2010 (15) 22 : 0.007 0.951 0.006 0.036
2011 2011 (5) 22 : 0.008 0.929 0.048 0.015
2012 2012 (5) 22 : 0.050 0.913 0.016 0.021
2013 2013 (5) 22 : 0.007 0.982 0.005 0.006
2014 2014 (5) 22 : 0.005 0.938 0.004 0.054
2015 2015 (10) 22 : 0.012 0.973 0.007 0.009
2016 2016 (5) 22 : 0.004 0.744 0.004 0.247
2017 2017 (5) 22 : 0.008 0.984 0.005 0.003
2018 2018 (10) 22 : 0.005 0.878 0.005 0.113
2019 2019 (10) 22 : 0.007 0.976 0.007 0.010
2020 2020 (10) 22 : 0.006 0.939 0.040 0.015
2021 2021 (10) 22 : 0.010 0.945 0.020 0.024
2022 2022 (5) 22 : 0.005 0.979 0.003 0.013
2023 2023 (10) 22 : 0.195 0.782 0.005 0.017
2024 2024 (0) 22 : 0.008 0.894 0.003 0.095
2025 2025 (5) 22 : 0.006 0.865 0.005 0.123
2026 2026 (0) 22 : 0.003 0.978 0.004 0.015
2027 2027 (0) 22 : 0.003 0.988 0.003 0.006
2028 2028 (0) 22 : 0.004 0.979 0.008 0.009
2029 2029 (0) 22 : 0.007 0.942 0.026 0.025
2030 2030 (0) 22 : 0.010 0.976 0.003 0.011
2031 2031 (0) 22 : 0.005 0.897 0.013 0.085
2032 2032 (0) 22 : 0.012 0.729 0.006 0.253
2033 2033 (10) 22 : 0.005 0.965 0.012 0.018
2034 2034 (10) 22 : 0.012 0.936 0.045 0.008
2035 2035 (0) 22 : 0.005 0.951 0.018 0.026
2036 2036 (5) 22 : 0.008 0.910 0.073 0.008
2037 2037 (0) 22 : 0.008 0.963 0.006 0.023
2038 2038 (5) 22 : 0.006 0.971 0.015 0.009
2039 2039 (5) 22 : 0.006 0.953 0.004 0.037
2040 2040 (5) 22 : 0.015 0.921 0.006 0.057
2041 2041 (10) 22 : 0.003 0.978 0.004 0.015
2042 2042 (0) 22 : 0.005 0.982 0.005 0.008
2043 2043 (0) 22 : 0.005 0.978 0.005 0.012
2044 2044 (0) 22 : 0.044 0.926 0.024 0.006
2045 2045 (0) 22 : 0.010 0.979 0.004 0.006
2046 2046 (0) 22 : 0.009 0.973 0.006 0.012
2047 2047 (0) 22 : 0.006 0.981 0.005 0.008
2048 2048 (0) 22 : 0.004 0.878 0.004 0.114
2049 2049 (0) 22 : 0.009 0.977 0.005 0.010
2050 2050 (0) 22 : 0.005 0.902 0.004 0.089
2051 2051 (0) 22 : 0.006 0.977 0.005 0.012
2052 2052 (0) 22 : 0.009 0.977 0.006 0.008
2053 2053 (0) 22 : 0.011 0.923 0.016 0.050
2054 2054 (0) 22 : 0.009 0.966 0.009 0.016
2055 2055 (0) 22 : 0.033 0.946 0.010 0.012
2056 2056 (0) 22 : 0.007 0.927 0.004 0.063
2057 2057 (0) 22 : 0.004 0.962 0.017 0.017
2058 2058 (0) 22 : 0.003 0.977 0.004 0.015
2059 2059 (5) 22 : 0.009 0.977 0.005 0.009
2060 2060 (0) 22 : 0.006 0.946 0.005 0.043
2061 2061 (5) 22 : 0.036 0.720 0.238 0.006
2062 2062 (0) 22 : 0.005 0.983 0.004 0.008
2063 2063 (0) 22 : 0.013 0.791 0.010 0.186
2064 2064 (0) 22 : 0.044 0.932 0.006 0.018
2065 2065 (0) 22 : 0.005 0.972 0.005 0.018
2066 2066 (0) 22 : 0.005 0.974 0.004 0.017
2067 2067 (0) 22 : 0.019 0.948 0.004 0.029
2068 2068 (0) 22 : 0.003 0.902 0.005 0.090
2069 2069 (0) 22 : 0.003 0.983 0.004 0.010
2070 2070 (0) 22 : 0.007 0.974 0.005 0.014
2071 2071 (0) 22 : 0.006 0.980 0.005 0.009
2072 2072 (0) 22 : 0.008 0.871 0.012 0.109
2073 2073 (0) 22 : 0.009 0.979 0.004 0.008
2074 2074 (0) 22 : 0.005 0.974 0.014 0.007
2075 2075 (5) 22 : 0.007 0.975 0.005 0.014
2076 2076 (0) 22 : 0.008 0.957 0.008 0.027
2077 2077 (0) 22 : 0.011 0.950 0.006 0.033
2078 2078 (0) 22 : 0.005 0.955 0.016 0.024
2079 2079 (10) 22 : 0.004 0.949 0.004 0.043
2080 2080 (0) 22 : 0.003 0.981 0.005 0.011
2081 2081 (0) 22 : 0.003 0.977 0.004 0.016
2082 2082 (0) 22 : 0.005 0.967 0.014 0.014
2083 2083 (10) 22 : 0.004 0.986 0.003 0.007
2084 2084 (5) 22 : 0.008 0.980 0.004 0.008
2085 2085 (0) 22 : 0.005 0.977 0.006 0.011
2086 2086 (5) 22 : 0.004 0.979 0.007 0.010
2087 2087 (5) 22 : 0.003 0.988 0.003 0.006
2088 2088 (10) 22 : 0.008 0.979 0.005 0.008
2089 2089 (0) 22 : 0.004 0.968 0.004 0.024
2090 2090 (5) 22 : 0.046 0.926 0.018 0.010
2091 2091 (10) 22 : 0.004 0.967 0.004 0.025
2092 2092 (0) 22 : 0.010 0.976 0.006 0.009
2093 2093 (0) 22 : 0.005 0.972 0.010 0.014
2094 2094 (0) 22 : 0.019 0.967 0.008 0.006
2095 2095 (0) 22 : 0.122 0.841 0.008 0.029
2096 2096 (0) 22 : 0.004 0.971 0.004 0.021
2097 2097 (0) 22 : 0.004 0.979 0.011 0.006
2098 2098 (0) 22 : 0.005 0.940 0.004 0.051
2099 2099 (0) 22 : 0.009 0.952 0.004 0.035
2100 2100 (0) 22 : 0.003 0.969 0.003 0.025
2101 2101 (5) 22 : 0.015 0.966 0.014 0.005
2102 2102 (0) 22 : 0.003 0.975 0.003 0.019
2103 2103 (0) 22 : 0.047 0.549 0.006 0.399
2104 2104 (0) 22 : 0.009 0.976 0.006 0.009
2105 2105 (5) 22 : 0.006 0.961 0.009 0.024
2106 2106 (0) 22 : 0.003 0.968 0.007 0.022
2107 2107 (0) 22 : 0.010 0.964 0.009 0.018
2108 2108 (0) 22 : 0.007 0.948 0.004 0.041
2109 2109 (0) 22 : 0.011 0.943 0.004 0.043
2110 2110 (0) 22 : 0.009 0.978 0.005 0.009
2111 2111 (0) 22 : 0.016 0.895 0.007 0.082
2112 2112 (0) 22 : 0.003 0.980 0.008 0.009
2113 2113 (0) 22 : 0.011 0.970 0.005 0.013
2114 2114 (0) 22 : 0.006 0.970 0.004 0.019
2115 2115 (0) 22 : 0.010 0.967 0.013 0.010
2116 2116 (0) 22 : 0.004 0.740 0.003 0.252
2117 2117 (0) 22 : 0.003 0.972 0.003 0.021
2118 2118 (0) 22 : 0.004 0.984 0.005 0.008
2119 2119 (0) 22 : 0.005 0.981 0.003 0.010
2120 2120 (0) 22 : 0.004 0.984 0.004 0.009
2121 2121 (0) 22 : 0.004 0.981 0.004 0.011
2122 2122 (0) 22 : 0.010 0.973 0.005 0.012
2123 2123 (0) 22 : 0.008 0.967 0.014 0.011
2124 2124 (0) 22 : 0.005 0.974 0.006 0.015
2125 2125 (0) 22 : 0.004 0.984 0.004 0.007
2126 2126 (10) 22 : 0.006 0.974 0.009 0.011
2127 2127 (5) 22 : 0.103 0.862 0.004 0.031
2128 2128 (10) 22 : 0.008 0.976 0.006 0.010
2129 2129 (5) 22 : 0.039 0.846 0.077 0.038
2130 2130 (10) 22 : 0.005 0.969 0.004 0.022
2131 2131 (10) 22 : 0.012 0.894 0.006 0.087
2132 2132 (0) 22 : 0.020 0.922 0.009 0.050
2133 2133 (5) 22 : 0.004 0.970 0.008 0.018
2134 2134 (5) 22 : 0.009 0.956 0.027 0.008
2135 2135 (10) 22 : 0.029 0.923 0.010 0.038
2136 2136 (0) 22 : 0.004 0.955 0.004 0.037
2137 2137 (0) 22 : 0.004 0.979 0.006 0.011
2138 2138 (0) 22 : 0.005 0.981 0.005 0.009
2139 2139 (0) 22 : 0.003 0.982 0.006 0.008
2140 2140 (0) 22 : 0.004 0.706 0.025 0.265
2141 2141 (0) 22 : 0.004 0.962 0.030 0.003
2142 2142 (0) 22 : 0.005 0.825 0.158 0.012
2143 2143 (0) 22 : 0.006 0.986 0.004 0.004
2144 2144 (0) 22 : 0.008 0.983 0.004 0.006
2145 2145 (5) 22 : 0.021 0.949 0.019 0.010
2146 2146 (0) 22 : 0.033 0.939 0.013 0.016
2147 2147 (0) 22 : 0.007 0.945 0.004 0.043
2148 2148 (10) 22 : 0.005 0.962 0.008 0.025
2149 2149 (5) 22 : 0.008 0.909 0.009 0.074
2150 2150 (0) 22 : 0.006 0.983 0.003 0.008
2151 2151 (5) 22 : 0.008 0.962 0.016 0.014
2152 2152 (5) 22 : 0.007 0.968 0.007 0.018
2153 2153 (0) 22 : 0.005 0.965 0.005 0.024
2154 2154 (0) 22 : 0.009 0.911 0.061 0.019
2155 2155 (0) 22 : 0.004 0.977 0.005 0.014
2156 2156 (0) 22 : 0.010 0.978 0.007 0.005
2157 2157 (0) 22 : 0.004 0.936 0.003 0.056
2158 2158 (0) 22 : 0.004 0.960 0.014 0.022
2159 2159 (0) 22 : 0.009 0.975 0.004 0.012
2160 2160 (0) 22 : 0.005 0.985 0.003 0.006
2161 2161 (0) 22 : 0.004 0.985 0.003 0.008
2162 2162 (0) 22 : 0.005 0.978 0.004 0.013
2163 2163 (0) 22 : 0.011 0.951 0.011 0.027
2164 2164 (0) 22 : 0.014 0.973 0.004 0.009
2165 2165 (0) 22 : 0.012 0.980 0.004 0.005
2166 2166 (0) 22 : 0.007 0.985 0.004 0.004
2167 2167 (0) 22 : 0.007 0.890 0.006 0.097
2168 2168 (0) 22 : 0.017 0.936 0.007 0.041
2169 2169 (0) 22 : 0.007 0.891 0.006 0.096
2170 2170 (0) 22 : 0.006 0.983 0.004 0.006
2171 2171 (0) 22 : 0.009 0.981 0.004 0.007
2172 2172 (0) 22 : 0.004 0.985 0.003 0.008
2173 2173 (0) 22 : 0.003 0.987 0.003 0.007
2174 2174 (0) 22 : 0.003 0.948 0.004 0.045
2175 2175 (0) 22 : 0.004 0.872 0.003 0.122
2176 2176 (0) 22 : 0.005 0.876 0.018 0.101
2177 2177 (0) 22 : 0.013 0.876 0.077 0.035
2178 2178 (0) 22 : 0.005 0.983 0.004 0.009
2179 2179 (0) 22 : 0.017 0.958 0.010 0.014
2180 2180 (0) 22 : 0.004 0.929 0.004 0.062
2181 2181 (0) 22 : 0.018 0.964 0.004 0.014
2182 2182 (0) 22 : 0.005 0.981 0.004 0.011
2183 2183 (0) 22 : 0.006 0.968 0.008 0.018
2184 2184 (0) 22 : 0.005 0.954 0.010 0.031
2185 2185 (0) 22 : 0.010 0.978 0.004 0.009
2186 2186 (0) 22 : 0.005 0.964 0.006 0.025
2187 2187 (0) 22 : 0.003 0.975 0.004 0.018
2188 2188 (0) 22 : 0.005 0.898 0.010 0.087
2189 2189 (0) 22 : 0.005 0.983 0.005 0.008
2190 2190 (0) 22 : 0.004 0.980 0.007 0.009
2191 2191 (0) 22 : 0.005 0.971 0.006 0.017
2192 2192 (0) 22 : 0.006 0.983 0.004 0.006
2193 2193 (0) 22 : 0.003 0.983 0.006 0.008
2194 2194 (0) 22 : 0.005 0.983 0.004 0.008
2195 2195 (0) 22 : 0.005 0.981 0.003 0.010
2196 2196 (5) 23 : 0.016 0.963 0.013 0.008
2197 2197 (0) 23 : 0.012 0.975 0.005 0.008
2198 2198 (0) 23 : 0.011 0.950 0.007 0.032
2199 2199 (0) 23 : 0.008 0.976 0.007 0.009
2200 2200 (0) 23 : 0.004 0.966 0.005 0.025
2201 2201 (0) 23 : 0.028 0.803 0.155 0.014
2202 2202 (0) 23 : 0.010 0.972 0.007 0.012
2203 2203 (0) 23 : 0.007 0.869 0.017 0.107
2204 2204 (0) 23 : 0.014 0.969 0.004 0.013
2205 2205 (0) 23 : 0.005 0.981 0.007 0.008
2206 2206 (0) 23 : 0.005 0.969 0.014 0.012
2207 2207 (0) 23 : 0.004 0.976 0.006 0.015
2208 2208 (0) 23 : 0.006 0.959 0.005 0.029
2209 2209 (0) 23 : 0.006 0.981 0.006 0.008
2210 2210 (0) 23 : 0.007 0.882 0.006 0.105
2211 2211 (0) 23 : 0.004 0.981 0.003 0.012
2212 2212 (0) 23 : 0.009 0.982 0.004 0.006
2213 2213 (0) 23 : 0.004 0.983 0.008 0.005
2214 2214 (0) 23 : 0.006 0.984 0.005 0.005
2215 2215 (0) 23 : 0.010 0.970 0.014 0.005
2216 2216 (0) 23 : 0.014 0.804 0.013 0.168
2217 2217 (0) 23 : 0.086 0.901 0.006 0.006
2218 2218 (0) 23 : 0.012 0.969 0.005 0.014
2219 2219 (0) 23 : 0.012 0.961 0.006 0.022
2220 2220 (0) 23 : 0.005 0.976 0.015 0.005
2221 2221 (0) 23 : 0.018 0.966 0.006 0.010
2222 2222 (0) 23 : 0.039 0.925 0.005 0.031
2223 2223 (0) 23 : 0.013 0.973 0.008 0.007
2224 2224 (0) 23 : 0.005 0.949 0.011 0.034
2225 2225 (0) 23 : 0.011 0.974 0.010 0.004
2226 2226 (0) 23 : 0.006 0.901 0.050 0.043
2227 2227 (10) 23 : 0.010 0.975 0.006 0.009
2228 2228 (5) 23 : 0.005 0.950 0.006 0.039
2229 2229 (0) 23 : 0.026 0.955 0.015 0.004
2230 2230 (0) 23 : 0.006 0.983 0.008 0.003
2231 2231 (0) 23 : 0.008 0.963 0.010 0.019
2232 2232 (0) 23 : 0.004 0.984 0.006 0.006
2233 2233 (0) 23 : 0.007 0.966 0.019 0.008
2234 2234 (0) 23 : 0.009 0.984 0.004 0.004
2235 2235 (0) 23 : 0.005 0.964 0.019 0.012
2236 2236 (0) 23 : 0.009 0.977 0.009 0.005
2237 2237 (0) 23 : 0.020 0.971 0.003 0.006
2238 2238 (5) 23 : 0.038 0.946 0.008 0.008
2239 2239 (0) 23 : 0.010 0.957 0.008 0.025
2240 2240 (0) 23 : 0.011 0.979 0.003 0.006
2241 2241 (0) 23 : 0.009 0.979 0.005 0.007
2242 2242 (0) 23 : 0.010 0.969 0.009 0.011
2243 2243 (0) 23 : 0.015 0.976 0.004 0.005
2244 2244 (5) 23 : 0.119 0.859 0.005 0.017
2245 2245 (0) 23 : 0.095 0.880 0.014 0.012
2246 2246 (0) 23 : 0.005 0.918 0.005 0.071
2247 2247 (0) 23 : 0.062 0.928 0.004 0.006
2248 2248 (0) 23 : 0.018 0.966 0.007 0.008
2249 2249 (0) 23 : 0.007 0.960 0.004 0.030
2250 2250 (0) 23 : 0.005 0.980 0.004 0.010
2251 2251 (5) 23 : 0.008 0.970 0.009 0.013
2252 2252 (5) 23 : 0.108 0.881 0.007 0.004
2253 2253 (0) 23 : 0.011 0.978 0.005 0.006
2254 2254 (0) 23 : 0.066 0.907 0.006 0.022
2255 2255 (0) 23 : 0.009 0.979 0.007 0.005
2256 2256 (0) 23 : 0.005 0.986 0.004 0.006
2257 2257 (0) 23 : 0.007 0.977 0.006 0.010
2258 2258 (0) 23 : 0.040 0.938 0.012 0.010
2259 2259 (0) 23 : 0.047 0.941 0.007 0.005
2260 2260 (0) 23 : 0.014 0.978 0.003 0.006
2261 2261 (0) 23 : 0.042 0.945 0.003 0.010
2262 2262 (0) 23 : 0.008 0.981 0.004 0.007
2263 2263 (0) 23 : 0.017 0.970 0.007 0.006
2264 2264 (0) 24 : 0.004 0.973 0.005 0.019
2265 2265 (0) 24 : 0.004 0.971 0.006 0.019
2266 2266 (0) 24 : 0.008 0.970 0.009 0.013
2267 2267 (0) 24 : 0.006 0.968 0.013 0.013
2268 2268 (0) 24 : 0.007 0.976 0.006 0.012
2269 2269 (0) 24 : 0.011 0.980 0.003 0.006
2270 2270 (0) 24 : 0.004 0.980 0.004 0.011
2271 2271 (0) 24 : 0.165 0.816 0.014 0.004
2272 2272 (0) 24 : 0.011 0.964 0.009 0.016
2273 2273 (0) 24 : 0.014 0.965 0.007 0.014
2274 2274 (0) 24 : 0.007 0.982 0.004 0.007
2275 2275 (0) 24 : 0.005 0.976 0.008 0.010
2276 2276 (0) 24 : 0.014 0.976 0.006 0.004
2277 2277 (0) 24 : 0.005 0.977 0.004 0.013
2278 2278 (0) 24 : 0.005 0.976 0.014 0.005
2279 2279 (0) 24 : 0.007 0.983 0.004 0.006
2280 2280 (0) 24 : 0.010 0.977 0.004 0.008
2281 2281 (0) 24 : 0.042 0.944 0.007 0.007
2282 2282 (0) 24 : 0.008 0.982 0.005 0.005
2283 2283 (0) 24 : 0.006 0.982 0.004 0.008
2284 2284 (0) 24 : 0.008 0.979 0.004 0.009
2285 2285 (0) 24 : 0.007 0.975 0.006 0.012
2286 2286 (0) 24 : 0.003 0.976 0.004 0.018
2287 2287 (0) 24 : 0.006 0.958 0.004 0.032
2288 2288 (0) 24 : 0.006 0.983 0.004 0.007
2289 2289 (0) 24 : 0.008 0.967 0.020 0.006
2290 2290 (0) 24 : 0.007 0.985 0.005 0.004
2291 2291 (0) 24 : 0.005 0.962 0.019 0.013
2292 2292 (0) 24 : 0.005 0.958 0.032 0.004
2293 2293 (0) 24 : 0.025 0.943 0.008 0.023
2294 2294 (0) 24 : 0.004 0.971 0.008 0.017
2295 2295 (0) 25 : 0.004 0.975 0.014 0.007
2296 2296 (0) 25 : 0.027 0.957 0.005 0.011
2297 2297 (0) 25 : 0.007 0.963 0.006 0.025
2298 2298 (0) 25 : 0.004 0.983 0.004 0.009
2299 2299 (0) 25 : 0.004 0.971 0.004 0.021
2300 2300 (0) 25 : 0.004 0.982 0.004 0.010
2301 2301 (0) 25 : 0.006 0.962 0.009 0.023
2302 2302 (0) 25 : 0.004 0.899 0.004 0.092
2303 2303 (0) 25 : 0.004 0.976 0.004 0.016
2304 2304 (0) 25 : 0.019 0.968 0.005 0.008
2305 2305 (0) 25 : 0.011 0.977 0.008 0.004
2306 2306 (0) 25 : 0.019 0.965 0.010 0.007
2307 2307 (0) 25 : 0.024 0.957 0.010 0.009
2308 2308 (0) 25 : 0.004 0.984 0.005 0.007
2309 2309 (0) 25 : 0.005 0.978 0.008 0.009
2310 2310 (0) 25 : 0.004 0.928 0.005 0.063
2311 2311 (0) 25 : 0.006 0.981 0.009 0.004
2312 2312 (0) 25 : 0.029 0.954 0.006 0.010
2313 2313 (0) 25 : 0.014 0.958 0.004 0.024
2314 2314 (0) 25 : 0.012 0.970 0.012 0.006
2315 2315 (0) 25 : 0.010 0.979 0.007 0.004
2316 2316 (0) 25 : 0.006 0.981 0.006 0.007
2317 2317 (0) 25 : 0.020 0.958 0.017 0.005
2318 2318 (0) 25 : 0.008 0.979 0.007 0.005
2319 2319 (0) 25 : 0.024 0.964 0.005 0.007
2320 2320 (0) 25 : 0.009 0.979 0.006 0.007
2321 2321 (0) 25 : 0.005 0.969 0.006 0.020
2322 2322 (0) 25 : 0.014 0.961 0.013 0.012
2323 2323 (0) 25 : 0.016 0.966 0.007 0.011
2324 2324 (0) 25 : 0.005 0.974 0.015 0.005
2325 2325 (0) 25 : 0.014 0.974 0.006 0.007
2326 2326 (0) 25 : 0.005 0.982 0.006 0.007
2327 2327 (0) 25 : 0.027 0.963 0.003 0.007
2328 2328 (0) 25 : 0.004 0.986 0.005 0.004
2329 2329 (0) 25 : 0.005 0.978 0.006 0.010
2330 2330 (0) 25 : 0.012 0.964 0.016 0.007
2331 2331 (0) 25 : 0.012 0.966 0.007 0.015
2332 2332 (0) 25 : 0.006 0.980 0.003 0.011
2333 2333 (0) 25 : 0.004 0.965 0.004 0.028
2334 2334 (0) 25 : 0.004 0.974 0.007 0.015
2335 2335 (0) 25 : 0.004 0.985 0.007 0.004
2336 2336 (0) 25 : 0.080 0.895 0.007 0.018
2337 2337 (0) 25 : 0.008 0.977 0.005 0.010
2338 2338 (0) 25 : 0.005 0.964 0.004 0.027
2339 2339 (0) 25 : 0.010 0.981 0.004 0.005
2340 2340 (0) 25 : 0.004 0.984 0.003 0.009
2341 2341 (0) 25 : 0.004 0.976 0.006 0.014
2342 2342 (0) 25 : 0.029 0.948 0.019 0.004
2343 2343 (0) 25 : 0.008 0.984 0.006 0.003
2344 2344 (0) 25 : 0.008 0.978 0.008 0.006
2345 2345 (0) 25 : 0.022 0.940 0.007 0.031
2346 2346 (0) 25 : 0.003 0.980 0.006 0.010
2347 2347 (0) 25 : 0.003 0.986 0.006 0.005
2348 2348 (0) 25 : 0.053 0.935 0.007 0.006
2349 2349 (0) 25 : 0.036 0.933 0.006 0.025
2350 2350 (0) 25 : 0.007 0.983 0.004 0.006
2351 2351 (0) 25 : 0.005 0.979 0.005 0.010
2352 2352 (0) 25 : 0.011 0.974 0.007 0.008
2353 2353 (0) 25 : 0.009 0.975 0.005 0.010
2354 2354 (0) 25 : 0.015 0.967 0.010 0.008
2355 2355 (0) 25 : 0.013 0.955 0.024 0.008
2356 2356 (0) 25 : 0.009 0.975 0.008 0.009
2357 2357 (0) 25 : 0.005 0.939 0.005 0.051
2358 2358 (0) 25 : 0.006 0.987 0.003 0.004
2359 2359 (0) 25 : 0.005 0.981 0.003 0.012
2360 2360 (0) 25 : 0.008 0.977 0.004 0.010
2361 2361 (0) 25 : 0.009 0.969 0.016 0.005
2362 2362 (0) 25 : 0.005 0.982 0.004 0.010
2363 2363 (0) 25 : 0.024 0.969 0.003 0.004
2364 2364 (0) 25 : 0.006 0.974 0.008 0.012
2365 2365 (0) 25 : 0.005 0.973 0.004 0.018
2366 2366 (0) 25 : 0.007 0.969 0.014 0.009
2367 2367 (0) 25 : 0.023 0.961 0.010 0.006
2368 2368 (0) 25 : 0.005 0.982 0.004 0.009
2369 2369 (0) 25 : 0.005 0.985 0.003 0.008
2370 2370 (0) 25 : 0.006 0.979 0.006 0.008
2371 2371 (0) 25 : 0.006 0.980 0.008 0.006
2372 2372 (0) 25 : 0.016 0.961 0.008 0.014
2373 2373 (0) 25 : 0.005 0.988 0.003 0.004
2374 2374 (0) 25 : 0.013 0.942 0.006 0.039
2375 2375 (0) 25 : 0.043 0.915 0.020 0.022
2376 2376 (0) 25 : 0.007 0.966 0.004 0.024
2377 2377 (0) 25 : 0.006 0.975 0.008 0.011
2378 2378 (0) 25 : 0.006 0.984 0.005 0.006
2379 2379 (0) 25 : 0.010 0.969 0.015 0.005
2380 2380 (0) 25 : 0.009 0.981 0.004 0.006
2381 2381 (0) 25 : 0.004 0.984 0.003 0.009
2382 2382 (0) 25 : 0.012 0.976 0.005 0.007
2383 2383 (0) 25 : 0.010 0.955 0.010 0.024
2384 2384 (0) 25 : 0.005 0.978 0.007 0.010
2385 2385 (0) 25 : 0.006 0.969 0.009 0.015
2386 2386 (0) 25 : 0.019 0.971 0.006 0.005
2387 2387 (0) 25 : 0.009 0.970 0.006 0.014
2388 2388 (0) 25 : 0.024 0.951 0.014 0.010
2389 2389 (0) 25 : 0.017 0.971 0.006 0.005
2390 2390 (0) 25 : 0.013 0.977 0.005 0.005
2391 2391 (0) 25 : 0.006 0.983 0.006 0.005
2392 2392 (0) 25 : 0.010 0.979 0.006 0.005
2393 2393 (0) 25 : 0.009 0.971 0.011 0.009
2394 2394 (0) 25 : 0.005 0.978 0.009 0.008
2395 2395 (0) 25 : 0.006 0.984 0.007 0.003
2396 2396 (0) 25 : 0.006 0.979 0.005 0.009
2397 2397 (0) 25 : 0.005 0.948 0.016 0.031
2398 2398 (0) 25 : 0.003 0.937 0.011 0.049
2399 2399 (0) 25 : 0.006 0.975 0.007 0.012
2400 2400 (0) 25 : 0.004 0.983 0.005 0.007
2401 2401 (0) 25 : 0.005 0.987 0.004 0.005
2402 2402 (0) 25 : 0.003 0.976 0.006 0.014
2403 2403 (0) 25 : 0.035 0.954 0.005 0.005
2404 2404 (0) 25 : 0.023 0.921 0.007 0.049
2405 2405 (0) 25 : 0.018 0.962 0.007 0.014
2406 2406 (0) 25 : 0.012 0.964 0.008 0.016
2407 2407 (0) 25 : 0.006 0.978 0.009 0.007
2408 2408 (0) 25 : 0.009 0.982 0.005 0.004
2409 2409 (0) 25 : 0.006 0.970 0.018 0.005
2410 2410 (0) 25 : 0.008 0.967 0.015 0.010
2411 2411 (0) 25 : 0.011 0.966 0.008 0.016
2412 2412 (0) 25 : 0.006 0.980 0.004 0.011
2413 2413 (0) 25 : 0.003 0.983 0.005 0.008
2414 2414 (0) 25 : 0.010 0.873 0.007 0.110
2415 2415 (0) 25 : 0.012 0.981 0.003 0.004
2416 2416 (0) 25 : 0.005 0.630 0.007 0.358
2417 2417 (0) 25 : 0.008 0.971 0.004 0.016
2418 2418 (0) 25 : 0.003 0.988 0.003 0.006
2419 2419 (0) 25 : 0.018 0.970 0.005 0.007
2420 2420 (0) 26 : 0.007 0.979 0.007 0.008
2421 2421 (0) 26 : 0.046 0.934 0.013 0.006
2422 2422 (0) 26 : 0.006 0.975 0.008 0.011
2423 2423 (0) 26 : 0.013 0.974 0.005 0.008
2424 2424 (0) 26 : 0.006 0.982 0.005 0.008
2425 2425 (0) 26 : 0.023 0.963 0.007 0.007
2426 2426 (0) 26 : 0.038 0.940 0.019 0.003
2427 2427 (0) 26 : 0.004 0.918 0.073 0.005
2428 2428 (0) 26 : 0.011 0.953 0.030 0.006
2429 2429 (0) 26 : 0.012 0.947 0.009 0.032
2430 2430 (0) 26 : 0.010 0.979 0.006 0.004
2431 2431 (0) 26 : 0.008 0.982 0.005 0.005
2432 2432 (0) 26 : 0.010 0.981 0.005 0.004
2433 2433 (0) 26 : 0.016 0.968 0.008 0.007
2434 2434 (0) 26 : 0.006 0.980 0.010 0.004
2435 2435 (10) 26 : 0.010 0.975 0.008 0.008
2436 2436 (0) 26 : 0.010 0.976 0.007 0.007
2437 2437 (0) 26 : 0.022 0.920 0.038 0.020
2438 2438 (0) 26 : 0.012 0.967 0.005 0.015
2439 2439 (0) 26 : 0.240 0.743 0.008 0.009
2440 2440 (5) 26 : 0.012 0.973 0.010 0.005
2441 2441 (0) 26 : 0.006 0.972 0.007 0.016
2442 2442 (0) 26 : 0.026 0.965 0.006 0.003
2443 2443 (0) 26 : 0.101 0.831 0.053 0.015
2444 2444 (0) 26 : 0.009 0.964 0.019 0.007
2445 2445 (0) 26 : 0.006 0.979 0.005 0.010
2446 2446 (0) 26 : 0.005 0.983 0.008 0.004
2447 2447 (5) 26 : 0.049 0.943 0.003 0.004
2448 2448 (0) 26 : 0.009 0.966 0.014 0.011
2449 2449 (0) 26 : 0.008 0.975 0.010 0.007
2450 2450 (0) 26 : 0.025 0.961 0.009 0.005
2451 2451 (0) 26 : 0.004 0.974 0.007 0.015
2452 2452 (0) 26 : 0.005 0.980 0.008 0.007
2453 2453 (0) 26 : 0.008 0.955 0.004 0.033
2454 2454 (0) 26 : 0.006 0.979 0.006 0.008
2455 2455 (0) 26 : 0.007 0.978 0.004 0.011
2456 2456 (0) 26 : 0.041 0.952 0.004 0.004
2457 2457 (5) 26 : 0.007 0.961 0.008 0.024
2458 2458 (0) 26 : 0.009 0.981 0.005 0.005
2459 2459 (0) 26 : 0.007 0.982 0.006 0.005
2460 2460 (0) 26 : 0.007 0.984 0.003 0.006
2461 2461 (5) 26 : 0.010 0.965 0.018 0.006
2462 2462 (5) 26 : 0.050 0.937 0.005 0.007
2463 2463 (10) 26 : 0.009 0.976 0.008 0.007
2464 2464 (5) 26 : 0.040 0.950 0.006 0.005
2465 2465 (5) 26 : 0.005 0.984 0.004 0.006
2466 2466 (5) 26 : 0.005 0.980 0.007 0.008
2467 2467 (5) 26 : 0.107 0.878 0.008 0.006
2468 2468 (5) 26 : 0.007 0.979 0.006 0.008
2469 2469 (10) 26 : 0.007 0.981 0.005 0.007
2470 2470 (5) 26 : 0.030 0.949 0.013 0.008
2471 2471 (5) 26 : 0.004 0.983 0.007 0.006
2472 2472 (5) 26 : 0.015 0.958 0.007 0.019
2473 2473 (0) 27 : 0.007 0.977 0.011 0.005
2474 2474 (0) 27 : 0.012 0.979 0.004 0.004
2475 2475 (0) 27 : 0.033 0.953 0.006 0.008
2476 2476 (0) 27 : 0.005 0.985 0.006 0.004
2477 2477 (0) 27 : 0.064 0.790 0.128 0.018
2478 2478 (0) 27 : 0.021 0.967 0.007 0.005
2479 2479 (0) 27 : 0.016 0.966 0.009 0.009
2480 2480 (0) 27 : 0.144 0.833 0.014 0.009
2481 2481 (0) 27 : 0.006 0.966 0.010 0.018
2482 2482 (0) 27 : 0.019 0.973 0.004 0.005
2483 2483 (0) 27 : 0.075 0.894 0.026 0.005
2484 2484 (0) 27 : 0.014 0.934 0.039 0.013
2485 2485 (0) 27 : 0.007 0.980 0.007 0.007
2486 2486 (0) 27 : 0.044 0.909 0.036 0.011
2487 2487 (0) 27 : 0.005 0.970 0.006 0.019
2488 2488 (0) 27 : 0.008 0.980 0.005 0.007
2489 2489 (0) 27 : 0.004 0.985 0.006 0.005
2490 2490 (0) 27 : 0.064 0.924 0.007 0.005
2491 2491 (0) 27 : 0.012 0.971 0.013 0.004
2492 2492 (0) 27 : 0.006 0.984 0.006 0.004
2493 2493 (0) 27 : 0.013 0.977 0.006 0.005
2494 2494 (0) 27 : 0.003 0.989 0.004 0.003
2495 2495 (0) 27 : 0.026 0.940 0.019 0.015
2496 2496 (0) 27 : 0.009 0.981 0.004 0.006
2497 2497 (0) 27 : 0.012 0.970 0.005 0.013
2498 2498 (0) 27 : 0.023 0.961 0.009 0.008
2499 2499 (0) 27 : 0.010 0.974 0.006 0.010
2500 2500 (0) 27 : 0.005 0.985 0.005 0.005
2501 2501 (0) 27 : 0.059 0.925 0.005 0.011
2502 2502 (0) 27 : 0.005 0.983 0.008 0.004
2503 2503 (0) 27 : 0.006 0.981 0.004 0.009
2504 2504 (0) 27 : 0.011 0.977 0.005 0.007
2505 2505 (0) 27 : 0.016 0.973 0.007 0.004
2506 2506 (0) 27 : 0.073 0.907 0.012 0.008
2507 2507 (0) 27 : 0.009 0.974 0.011 0.007
2508 2508 (0) 27 : 0.023 0.964 0.006 0.007
2509 2509 (0) 27 : 0.008 0.953 0.009 0.029
2510 2510 (0) 27 : 0.008 0.942 0.028 0.022
2511 2511 (0) 27 : 0.008 0.974 0.004 0.014
2512 2512 (0) 27 : 0.077 0.897 0.006 0.020
2513 2513 (0) 27 : 0.025 0.959 0.010 0.007
2514 2514 (0) 27 : 0.005 0.987 0.004 0.005
2515 2515 (0) 27 : 0.014 0.974 0.004 0.008
2516 2516 (0) 27 : 0.005 0.982 0.006 0.007
2517 2517 (0) 27 : 0.006 0.983 0.004 0.008
2518 2518 (0) 27 : 0.016 0.977 0.004 0.004
2519 2519 (0) 27 : 0.342 0.649 0.004 0.006
2520 2520 (0) 27 : 0.042 0.950 0.005 0.004
2521 2521 (0) 27 : 0.018 0.969 0.005 0.008
2522 2522 (0) 27 : 0.009 0.973 0.009 0.009
2523 2523 (0) 27 : 0.007 0.979 0.007 0.007
2524 2524 (0) 27 : 0.006 0.980 0.009 0.006
2525 2525 (0) 27 : 0.028 0.955 0.007 0.010
2526 2526 (0) 27 : 0.004 0.987 0.004 0.005
2527 2527 (0) 27 : 0.005 0.982 0.006 0.008
2528 2528 (0) 27 : 0.044 0.936 0.005 0.014
2529 2529 (0) 27 : 0.006 0.983 0.004 0.007
2530 2530 (0) 27 : 0.017 0.971 0.006 0.005
2531 2531 (0) 27 : 0.026 0.956 0.009 0.008
2532 2532 (0) 27 : 0.011 0.968 0.015 0.005
2533 2533 (0) 27 : 0.007 0.973 0.004 0.015
2534 2534 (0) 27 : 0.020 0.968 0.007 0.004
2535 2535 (0) 27 : 0.005 0.986 0.004 0.005
2536 2536 (0) 27 : 0.015 0.966 0.009 0.011
2537 2537 (0) 27 : 0.005 0.984 0.007 0.005
2538 2538 (0) 27 : 0.065 0.920 0.005 0.010
2539 2539 (0) 27 : 0.013 0.947 0.014 0.025
2540 2540 (0) 27 : 0.008 0.977 0.006 0.009
2541 2541 (0) 27 : 0.009 0.983 0.004 0.004
2542 2542 (0) 27 : 0.006 0.975 0.014 0.004
2543 2543 (0) 27 : 0.009 0.983 0.004 0.004
2544 2544 (0) 27 : 0.059 0.925 0.008 0.008
2545 2545 (0) 27 : 0.019 0.968 0.008 0.005
2546 2546 (0) 27 : 0.038 0.932 0.024 0.006
2547 2547 (0) 27 : 0.005 0.976 0.013 0.005
2548 2548 (0) 27 : 0.011 0.970 0.011 0.007
2549 2549 (0) 27 : 0.007 0.965 0.015 0.013
2550 2550 (0) 27 : 0.021 0.965 0.004 0.009
2551 2551 (0) 27 : 0.005 0.981 0.006 0.008
2552 2552 (0) 27 : 0.006 0.976 0.009 0.009
2553 2553 (0) 27 : 0.013 0.971 0.004 0.012
2554 2554 (0) 27 : 0.004 0.979 0.004 0.013
2555 2555 (0) 27 : 0.010 0.975 0.006 0.009
2556 2556 (0) 27 : 0.034 0.953 0.004 0.008
2557 2557 (0) 27 : 0.009 0.967 0.008 0.016
2558 2558 (0) 27 : 0.005 0.982 0.006 0.008
2559 2559 (0) 27 : 0.005 0.979 0.006 0.011
2560 2560 (0) 27 : 0.116 0.875 0.004 0.005
2561 2561 (0) 27 : 0.015 0.975 0.006 0.004
2562 2562 (0) 27 : 0.006 0.984 0.005 0.004
2563 2563 (0) 27 : 0.005 0.979 0.011 0.005
2564 2564 (0) 27 : 0.009 0.979 0.004 0.007
2565 2565 (0) 27 : 0.011 0.980 0.005 0.004
2566 2566 (0) 27 : 0.004 0.987 0.005 0.004
2567 2567 (0) 27 : 0.008 0.977 0.004 0.010
2568 2568 (0) 27 : 0.017 0.967 0.009 0.007
2569 2569 (0) 27 : 0.012 0.952 0.029 0.007
2570 2570 (0) 27 : 0.023 0.967 0.004 0.005
2571 2571 (0) 27 : 0.005 0.958 0.008 0.029
2572 2572 (0) 27 : 0.013 0.974 0.008 0.005
2573 2573 (0) 27 : 0.012 0.962 0.006 0.020
2574 2574 (0) 27 : 0.007 0.973 0.014 0.005
2575 2575 (0) 27 : 0.006 0.979 0.010 0.005
2576 2576 (0) 27 : 0.010 0.968 0.011 0.011
2577 2577 (0) 27 : 0.008 0.958 0.024 0.010
2578 2578 (0) 27 : 0.004 0.986 0.004 0.006
2579 2579 (0) 27 : 0.008 0.977 0.006 0.010
2580 2580 (0) 27 : 0.006 0.984 0.006 0.004
2581 2581 (0) 27 : 0.012 0.976 0.008 0.005
2582 2582 (0) 27 : 0.015 0.974 0.008 0.003
2583 2583 (0) 27 : 0.006 0.979 0.012 0.004
2584 2584 (0) 27 : 0.019 0.968 0.006 0.007
2585 2585 (0) 27 : 0.011 0.976 0.004 0.009
2586 2586 (0) 27 : 0.053 0.914 0.027 0.005
2587 2587 (0) 27 : 0.003 0.980 0.004 0.013
2588 2588 (0) 27 : 0.008 0.980 0.008 0.005
2589 2589 (0) 27 : 0.010 0.977 0.006 0.006
2590 2590 (0) 27 : 0.005 0.983 0.007 0.005
2591 2591 (0) 27 : 0.050 0.935 0.009 0.005
2592 2592 (0) 27 : 0.005 0.984 0.006 0.005
2593 2593 (0) 27 : 0.009 0.982 0.005 0.004
2594 2594 (0) 27 : 0.012 0.979 0.004 0.005
2595 2595 (0) 27 : 0.005 0.966 0.009 0.019
2596 2596 (0) 27 : 0.038 0.908 0.005 0.050
2597 2597 (0) 27 : 0.007 0.942 0.044 0.007
2598 2598 (5) 28 : 0.005 0.008 0.005 0.983
2599 2599 (0) 28 : 0.005 0.010 0.006 0.980
2600 2600 (0) 28 : 0.005 0.005 0.003 0.988
2601 2601 (0) 28 : 0.023 0.017 0.012 0.948
2602 2602 (0) 28 : 0.004 0.005 0.004 0.987
2603 2603 (0) 28 : 0.007 0.008 0.004 0.980
2604 2604 (0) 28 : 0.003 0.004 0.003 0.990
2605 2605 (0) 28 : 0.004 0.004 0.005 0.987
2606 2606 (0) 28 : 0.006 0.005 0.004 0.986
2607 2607 (0) 28 : 0.004 0.005 0.004 0.988
2608 2608 (0) 28 : 0.003 0.003 0.003 0.992
2609 2609 (0) 28 : 0.003 0.004 0.003 0.989
2610 2610 (0) 28 : 0.006 0.009 0.006 0.979
2611 2611 (5) 28 : 0.003 0.003 0.003 0.991
2612 2612 (0) 28 : 0.003 0.005 0.004 0.988
2613 2613 (0) 28 : 0.003 0.004 0.003 0.991
2614 2614 (0) 28 : 0.015 0.004 0.004 0.977
2615 2615 (0) 28 : 0.003 0.004 0.004 0.990
2616 2616 (0) 28 : 0.003 0.004 0.004 0.988
2617 2617 (0) 28 : 0.003 0.004 0.003 0.990
2618 2618 (0) 28 : 0.003 0.004 0.003 0.991
2619 2619 (0) 28 : 0.006 0.005 0.004 0.985
2620 2620 (0) 28 : 0.003 0.004 0.003 0.990
2621 2621 (0) 28 : 0.003 0.003 0.002 0.992
2622 2622 (0) 28 : 0.002 0.003 0.002 0.993
2623 2623 (0) 28 : 0.004 0.003 0.003 0.990
2624 2624 (0) 28 : 0.003 0.004 0.003 0.990
2625 2625 (0) 28 : 0.003 0.003 0.003 0.991
2626 2626 (0) 29 : 0.005 0.004 0.003 0.988
2627 2627 (0) 29 : 0.016 0.009 0.006 0.969
2628 2628 (0) 29 : 0.003 0.004 0.003 0.990
2629 2629 (0) 29 : 0.015 0.010 0.005 0.970
2630 2630 (0) 29 : 0.003 0.005 0.004 0.988
2631 2631 (0) 29 : 0.004 0.005 0.005 0.986
2632 2632 (0) 29 : 0.003 0.003 0.004 0.990
2633 2633 (0) 29 : 0.002 0.003 0.003 0.992
2634 2634 (0) 29 : 0.004 0.004 0.006 0.985
2635 2635 (0) 29 : 0.004 0.009 0.005 0.982
2636 2636 (0) 29 : 0.003 0.003 0.003 0.991
2637 2637 (0) 29 : 0.004 0.005 0.006 0.985
2638 2638 (0) 29 : 0.004 0.004 0.004 0.989
2639 2639 (0) 29 : 0.003 0.007 0.004 0.986
2640 2640 (0) 29 : 0.003 0.003 0.003 0.991
2641 2641 (0) 29 : 0.007 0.005 0.005 0.983
2642 2642 (0) 29 : 0.002 0.003 0.003 0.991
2643 2643 (0) 29 : 0.004 0.005 0.003 0.987
2644 2644 (0) 29 : 0.005 0.005 0.004 0.987
2645 2645 (0) 29 : 0.003 0.004 0.004 0.989
2646 2646 (0) 29 : 0.002 0.003 0.003 0.992
2647 2647 (0) 29 : 0.008 0.004 0.004 0.984
2648 2648 (0) 29 : 0.004 0.004 0.003 0.989
2649 2649 (0) 29 : 0.003 0.004 0.003 0.990
2650 2650 (0) 29 : 0.003 0.004 0.003 0.989
2651 2651 (0) 29 : 0.004 0.004 0.004 0.988
2652 2652 (0) 29 : 0.012 0.004 0.003 0.981
2653 2653 (0) 29 : 0.003 0.006 0.003 0.988
2654 2654 (0) 29 : 0.003 0.005 0.003 0.990
2655 2655 (0) 29 : 0.003 0.003 0.003 0.991
2656 2656 (0) 29 : 0.003 0.004 0.003 0.991
2657 2657 (0) 29 : 0.003 0.004 0.003 0.990
2658 2658 (0) 29 : 0.004 0.005 0.004 0.987
2659 2659 (0) 29 : 0.003 0.004 0.004 0.989
2660 2660 (0) 29 : 0.003 0.005 0.003 0.990
2661 2661 (0) 29 : 0.003 0.005 0.003 0.989
2662 2662 (0) 29 : 0.003 0.004 0.003 0.990
2663 2663 (0) 29 : 0.003 0.005 0.003 0.989
2664 2664 (0) 29 : 0.003 0.004 0.003 0.990
2665 2665 (0) 29 : 0.004 0.004 0.003 0.989
2666 2666 (0) 29 : 0.003 0.003 0.003 0.990
2667 2667 (0) 29 : 0.003 0.004 0.003 0.990
2668 2668 (0) 29 : 0.003 0.004 0.004 0.990
2669 2669 (0) 29 : 0.003 0.006 0.003 0.988
2670 2670 (0) 29 : 0.003 0.004 0.003 0.989
2671 2671 (0) 29 : 0.003 0.004 0.003 0.991
2672 2672 (0) 29 : 0.005 0.005 0.005 0.985
2673 2673 (0) 29 : 0.004 0.004 0.003 0.988
2674 2674 (0) 29 : 0.006 0.005 0.005 0.984
2675 2675 (0) 29 : 0.005 0.004 0.003 0.988
2676 2676 (0) 29 : 0.003 0.005 0.003 0.989
2677 2677 (0) 29 : 0.003 0.007 0.003 0.987
2678 2678 (0) 29 : 0.003 0.004 0.003 0.990
2679 2679 (0) 29 : 0.003 0.005 0.003 0.989
2680 2680 (0) 29 : 0.003 0.003 0.003 0.991
2681 2681 (0) 29 : 0.003 0.006 0.005 0.986
2682 2682 (0) 29 : 0.004 0.004 0.004 0.988
2683 2683 (0) 29 : 0.012 0.014 0.007 0.967
2684 2684 (0) 29 : 0.002 0.003 0.003 0.992
2685 2685 (0) 29 : 0.003 0.004 0.003 0.991
2686 2686 (0) 29 : 0.003 0.006 0.003 0.988
2687 2687 (0) 29 : 0.027 0.009 0.007 0.957
2688 2688 (0) 29 : 0.003 0.006 0.004 0.987
2689 2689 (0) 29 : 0.003 0.004 0.003 0.990
2690 2690 (0) 29 : 0.003 0.004 0.004 0.989
2691 2691 (0) 29 : 0.006 0.006 0.006 0.982
2692 2692 (0) 29 : 0.003 0.004 0.004 0.989
2693 2693 (0) 29 : 0.003 0.005 0.003 0.989
2694 2694 (0) 29 : 0.015 0.006 0.003 0.977
2695 2695 (0) 29 : 0.004 0.004 0.003 0.990
2696 2696 (0) 29 : 0.003 0.004 0.004 0.989
2697 2697 (0) 29 : 0.022 0.009 0.004 0.965
2698 2698 (0) 29 : 0.004 0.005 0.005 0.986
2699 2699 (0) 29 : 0.003 0.006 0.003 0.987
2700 2700 (0) 29 : 0.004 0.008 0.005 0.983
2701 2701 (0) 29 : 0.005 0.006 0.008 0.981
2702 2702 (0) 29 : 0.003 0.005 0.002 0.990
2703 2703 (0) 29 : 0.003 0.003 0.003 0.991
2704 2704 (0) 29 : 0.003 0.003 0.003 0.992
2705 2705 (0) 29 : 0.003 0.004 0.003 0.990
2706 2706 (0) 29 : 0.005 0.007 0.005 0.982
2707 2707 (0) 29 : 0.004 0.004 0.003 0.988
2708 2708 (0) 29 : 0.003 0.003 0.002 0.991
2709 2709 (0) 29 : 0.003 0.004 0.003 0.990
2710 2710 (0) 29 : 0.003 0.005 0.004 0.988
2711 2711 (0) 29 : 0.004 0.007 0.006 0.983
2712 2712 (0) 29 : 0.007 0.007 0.006 0.981
2713 2713 (0) 29 : 0.003 0.004 0.003 0.990
2714 2714 (0) 29 : 0.003 0.004 0.003 0.990
2715 2715 (0) 29 : 0.003 0.003 0.003 0.991
2716 2716 (0) 29 : 0.006 0.007 0.004 0.982
2717 2717 (0) 29 : 0.004 0.004 0.003 0.989
2718 2718 (0) 29 : 0.004 0.004 0.003 0.989
2719 2719 (0) 29 : 0.003 0.003 0.003 0.991
2720 2720 (0) 29 : 0.012 0.011 0.008 0.970
2721 2721 (0) 29 : 0.005 0.004 0.003 0.988
2722 2722 (0) 29 : 0.003 0.003 0.003 0.991
2723 2723 (0) 29 : 0.003 0.003 0.003 0.991
2724 2724 (0) 29 : 0.003 0.004 0.004 0.989
2725 2725 (0) 29 : 0.003 0.005 0.003 0.989
2726 2726 (0) 29 : 0.004 0.006 0.005 0.986
2727 2727 (0) 29 : 0.003 0.004 0.003 0.989
2728 2728 (0) 29 : 0.003 0.004 0.004 0.989
2729 2729 (0) 29 : 0.005 0.004 0.004 0.987
2730 2730 (0) 29 : 0.004 0.004 0.003 0.989
2731 2731 (0) 29 : 0.003 0.005 0.004 0.988
2732 2732 (0) 29 : 0.007 0.005 0.008 0.980
2733 2733 (0) 29 : 0.003 0.005 0.003 0.990
2734 2734 (0) 29 : 0.003 0.004 0.003 0.991
2735 2735 (0) 29 : 0.005 0.004 0.003 0.987
2736 2736 (0) 29 : 0.004 0.006 0.004 0.986
2737 2737 (0) 29 : 0.003 0.003 0.003 0.991
2738 2738 (0) 29 : 0.003 0.004 0.003 0.990
2739 2739 (0) 29 : 0.003 0.006 0.004 0.987
2740 2740 (0) 29 : 0.003 0.003 0.004 0.990
2741 2741 (0) 29 : 0.004 0.004 0.003 0.988
2742 2742 (0) 29 : 0.011 0.015 0.004 0.971
2743 2743 (0) 29 : 0.002 0.005 0.004 0.989
2744 2744 (0) 29 : 0.003 0.004 0.003 0.989
2745 2745 (0) 29 : 0.003 0.004 0.003 0.991
2746 2746 (0) 29 : 0.004 0.003 0.004 0.989
2747 2747 (0) 29 : 0.004 0.003 0.003 0.990
2748 2748 (0) 29 : 0.005 0.004 0.003 0.988
2749 2749 (0) 29 : 0.004 0.004 0.005 0.987
2750 2750 (0) 29 : 0.003 0.005 0.004 0.988
2751 2751 (0) 29 : 0.002 0.003 0.004 0.991
2752 2752 (0) 29 : 0.004 0.005 0.003 0.988
2753 2753 (0) 29 : 0.009 0.004 0.004 0.983
2754 2754 (0) 29 : 0.004 0.005 0.003 0.988
2755 2755 (0) 29 : 0.016 0.004 0.003 0.977
2756 2756 (0) 29 : 0.003 0.006 0.004 0.987
2757 2757 (0) 29 : 0.004 0.005 0.006 0.985
2758 2758 (0) 29 : 0.003 0.004 0.003 0.989
2759 2759 (0) 29 : 0.003 0.005 0.003 0.989
2760 2760 (0) 29 : 0.003 0.004 0.003 0.990
2761 2761 (0) 29 : 0.003 0.005 0.003 0.990
2762 2762 (0) 29 : 0.003 0.003 0.003 0.990
2763 2763 (0) 29 : 0.008 0.006 0.011 0.974
2764 2764 (0) 29 : 0.003 0.004 0.003 0.991
2765 2765 (0) 29 : 0.003 0.004 0.005 0.988
2766 2766 (0) 29 : 0.008 0.005 0.005 0.983
2767 2767 (0) 29 : 0.004 0.004 0.004 0.989
2768 2768 (0) 29 : 0.007 0.007 0.007 0.979
2769 2769 (0) 29 : 0.004 0.004 0.003 0.989
2770 2770 (0) 29 : 0.002 0.003 0.002 0.992
2771 2771 (0) 29 : 0.004 0.003 0.003 0.990
2772 2772 (0) 29 : 0.003 0.004 0.003 0.991
2773 2773 (0) 29 : 0.003 0.004 0.003 0.991
2774 2774 (0) 29 : 0.004 0.005 0.003 0.988
2775 2775 (0) 29 : 0.004 0.004 0.004 0.988
2776 2776 (0) 29 : 0.003 0.003 0.003 0.992
2777 2777 (0) 29 : 0.003 0.003 0.003 0.990
2778 2778 (0) 29 : 0.004 0.004 0.004 0.989
2779 2779 (0) 29 : 0.004 0.003 0.002 0.990
2780 2780 (0) 29 : 0.019 0.006 0.005 0.970
2781 2781 (0) 29 : 0.003 0.005 0.004 0.989
2782 2782 (0) 29 : 0.003 0.003 0.002 0.991
2783 2783 (0) 29 : 0.006 0.006 0.003 0.985
2784 2784 (0) 29 : 0.003 0.006 0.004 0.987
2785 2785 (0) 29 : 0.004 0.004 0.004 0.988
2786 2786 (0) 29 : 0.003 0.004 0.003 0.991
2787 2787 (0) 29 : 0.003 0.004 0.003 0.991
2788 2788 (0) 29 : 0.013 0.008 0.004 0.975
2789 2789 (0) 29 : 0.007 0.006 0.004 0.983
2790 2790 (0) 29 : 0.005 0.005 0.004 0.986
2791 2791 (0) 29 : 0.003 0.003 0.003 0.991
2792 2792 (0) 29 : 0.011 0.013 0.004 0.972
2793 2793 (0) 29 : 0.002 0.003 0.003 0.991
2794 2794 (0) 29 : 0.003 0.003 0.003 0.991
2795 2795 (0) 29 : 0.004 0.004 0.003 0.989
2796 2796 (0) 29 : 0.003 0.004 0.005 0.988
2797 2797 (0) 29 : 0.003 0.003 0.002 0.991
2798 2798 (0) 29 : 0.004 0.004 0.003 0.990
2799 2799 (0) 29 : 0.003 0.004 0.007 0.986
2800 2800 (0) 29 : 0.004 0.005 0.006 0.985
2801 2801 (0) 29 : 0.007 0.006 0.004 0.982
2802 2802 (0) 29 : 0.004 0.004 0.004 0.988
2803 2803 (0) 29 : 0.003 0.005 0.004 0.988
2804 2804 (0) 29 : 0.003 0.004 0.003 0.990
2805 2805 (0) 29 : 0.005 0.005 0.006 0.985
2806 2806 (0) 29 : 0.019 0.006 0.004 0.971
2807 2807 (0) 29 : 0.007 0.006 0.004 0.983
2808 2808 (0) 29 : 0.003 0.004 0.002 0.990
2809 2809 (0) 29 : 0.004 0.005 0.005 0.986
2810 2810 (0) 29 : 0.005 0.003 0.003 0.989
2811 2811 (0) 29 : 0.005 0.004 0.004 0.988
2812 2812 (0) 29 : 0.003 0.003 0.002 0.991
2813 2813 (0) 29 : 0.004 0.004 0.004 0.988
2814 2814 (0) 29 : 0.004 0.007 0.004 0.985
2815 2815 (0) 29 : 0.003 0.004 0.004 0.990
2816 2816 (0) 29 : 0.003 0.003 0.003 0.992
2817 2817 (0) 29 : 0.006 0.005 0.003 0.987
2818 2818 (0) 29 : 0.004 0.007 0.005 0.984
2819 2819 (0) 29 : 0.003 0.003 0.002 0.992
2820 2820 (0) 29 : 0.003 0.003 0.004 0.990
2821 2821 (0) 29 : 0.003 0.004 0.003 0.991
2822 2822 (0) 29 : 0.005 0.007 0.006 0.983
2823 2823 (0) 29 : 0.003 0.003 0.003 0.991
2824 2824 (0) 29 : 0.016 0.004 0.004 0.976
2825 2825 (0) 29 : 0.003 0.003 0.003 0.991
2826 2826 (0) 29 : 0.002 0.004 0.003 0.990
2827 2827 (0) 29 : 0.008 0.009 0.005 0.979
2828 2828 (0) 29 : 0.010 0.005 0.004 0.982
2829 2829 (0) 29 : 0.007 0.004 0.003 0.985
2830 2830 (0) 29 : 0.003 0.004 0.004 0.988
2831 2831 (0) 29 : 0.008 0.006 0.004 0.981
2832 2832 (0) 29 : 0.003 0.004 0.003 0.990
2833 2833 (0) 29 : 0.004 0.004 0.003 0.989
2834 2834 (0) 29 : 0.003 0.006 0.003 0.988
2835 2835 (0) 29 : 0.004 0.004 0.003 0.988
2836 2836 (0) 29 : 0.003 0.004 0.004 0.989
2837 2837 (0) 29 : 0.003 0.003 0.002 0.992
2838 2838 (0) 29 : 0.003 0.006 0.004 0.987
2839 2839 (0) 29 : 0.003 0.004 0.004 0.989
2840 2840 (0) 29 : 0.003 0.003 0.003 0.990
2841 2841 (0) 29 : 0.003 0.004 0.002 0.991
2842 2842 (0) 29 : 0.004 0.004 0.003 0.990
2843 2843 (0) 29 : 0.009 0.004 0.005 0.983
2844 2844 (0) 29 : 0.004 0.005 0.005 0.986
2845 2845 (0) 29 : 0.003 0.004 0.003 0.990
2846 2846 (0) 29 : 0.003 0.003 0.003 0.991
2847 2847 (0) 29 : 0.005 0.004 0.003 0.989
2848 2848 (0) 29 : 0.003 0.004 0.003 0.990
2849 2849 (0) 29 : 0.003 0.004 0.003 0.991
2850 2850 (0) 29 : 0.003 0.005 0.004 0.988
2851 2851 (0) 29 : 0.003 0.003 0.003 0.990
2852 2852 (0) 29 : 0.003 0.004 0.005 0.987
2853 2853 (0) 29 : 0.003 0.003 0.003 0.990
2854 2854 (0) 29 : 0.002 0.004 0.003 0.991
2855 2855 (0) 29 : 0.009 0.008 0.004 0.979
2856 2856 (0) 29 : 0.003 0.004 0.003 0.991
2857 2857 (0) 29 : 0.003 0.004 0.003 0.990
2858 2858 (0) 29 : 0.002 0.004 0.003 0.991
2859 2859 (0) 29 : 0.004 0.004 0.004 0.988
2860 2860 (0) 29 : 0.009 0.018 0.008 0.964
2861 2861 (0) 29 : 0.003 0.004 0.003 0.989
2862 2862 (0) 29 : 0.003 0.004 0.003 0.990
2863 2863 (0) 29 : 0.003 0.003 0.002 0.992
2864 2864 (0) 29 : 0.003 0.005 0.003 0.990
2865 2865 (0) 29 : 0.008 0.008 0.004 0.980
2866 2866 (0) 29 : 0.008 0.005 0.004 0.983
2867 2867 (0) 29 : 0.005 0.005 0.003 0.987
2868 2868 (0) 29 : 0.004 0.004 0.002 0.990
2869 2869 (0) 29 : 0.004 0.005 0.003 0.989
2870 2870 (0) 29 : 0.009 0.005 0.006 0.981
2871 2871 (0) 29 : 0.005 0.005 0.003 0.986
2872 2872 (0) 29 : 0.003 0.003 0.003 0.991
2873 2873 (0) 29 : 0.003 0.004 0.003 0.991
2874 2874 (0) 29 : 0.003 0.004 0.002 0.991
2875 2875 (0) 29 : 0.003 0.003 0.003 0.991
2876 2876 (0) 29 : 0.004 0.005 0.005 0.986
2877 2877 (0) 29 : 0.004 0.004 0.004 0.988
2878 2878 (0) 29 : 0.003 0.004 0.003 0.990
2879 2879 (0) 29 : 0.003 0.005 0.003 0.988
2880 2880 (0) 29 : 0.003 0.003 0.003 0.991
2881 2881 (0) 29 : 0.035 0.017 0.004 0.944
2882 2882 (0) 29 : 0.004 0.003 0.003 0.990
2883 2883 (0) 29 : 0.007 0.006 0.007 0.980
2884 2884 (0) 29 : 0.002 0.004 0.003 0.991
2885 2885 (0) 29 : 0.004 0.005 0.003 0.988
2886 2886 (0) 29 : 0.007 0.019 0.007 0.967
2887 2887 (0) 29 : 0.008 0.008 0.004 0.980
2888 2888 (0) 29 : 0.003 0.003 0.003 0.991
2889 2889 (0) 29 : 0.003 0.004 0.004 0.989
2890 2890 (0) 29 : 0.004 0.004 0.004 0.988
2891 2891 (0) 29 : 0.003 0.004 0.004 0.989
2892 2892 (0) 29 : 0.005 0.004 0.004 0.986
2893 2893 (0) 29 : 0.003 0.003 0.003 0.991
2894 2894 (0) 29 : 0.025 0.038 0.006 0.931
2895 2895 (0) 29 : 0.004 0.003 0.003 0.990
2896 2896 (0) 29 : 0.003 0.004 0.004 0.989
2897 2897 (0) 29 : 0.004 0.004 0.004 0.988
2898 2898 (0) 29 : 0.003 0.003 0.003 0.991
2899 2899 (0) 29 : 0.003 0.003 0.002 0.992
2900 2900 (0) 29 : 0.003 0.004 0.003 0.990
2901 2901 (0) 29 : 0.015 0.012 0.006 0.967
2902 2902 (0) 29 : 0.003 0.004 0.003 0.990
2903 2903 (0) 29 : 0.003 0.003 0.003 0.992
2904 2904 (0) 29 : 0.003 0.003 0.003 0.991
2905 2905 (0) 29 : 0.006 0.004 0.003 0.987
2906 2906 (0) 29 : 0.003 0.004 0.004 0.989
2907 2907 (0) 29 : 0.007 0.015 0.007 0.971
2908 2908 (0) 29 : 0.004 0.004 0.004 0.988
2909 2909 (0) 29 : 0.003 0.004 0.003 0.990
2910 2910 (0) 29 : 0.004 0.005 0.004 0.987
2911 2911 (0) 29 : 0.006 0.007 0.005 0.983
2912 2912 (0) 29 : 0.008 0.010 0.005 0.977
2913 2913 (0) 29 : 0.004 0.006 0.004 0.986
2914 2914 (0) 29 : 0.003 0.005 0.002 0.989
2915 2915 (0) 29 : 0.002 0.003 0.002 0.992
2916 2916 (0) 29 : 0.004 0.004 0.007 0.985
2917 2917 (0) 29 : 0.003 0.003 0.003 0.990
2918 2918 (0) 29 : 0.022 0.005 0.010 0.963
2919 2919 (0) 29 : 0.006 0.004 0.004 0.987
2920 2920 (0) 29 : 0.003 0.004 0.003 0.989
2921 2921 (0) 29 : 0.005 0.004 0.004 0.987
2922 2922 (0) 29 : 0.003 0.006 0.004 0.987
2923 2923 (0) 29 : 0.007 0.005 0.004 0.985
2924 2924 (0) 29 : 0.012 0.005 0.003 0.980
2925 2925 (0) 29 : 0.006 0.009 0.004 0.980
2926 2926 (5) 30 : 0.989 0.003 0.003 0.004
2927 2927 (0) 30 : 0.989 0.004 0.003 0.005
2928 2928 (0) 30 : 0.982 0.008 0.004 0.006
2929 2929 (0) 30 : 0.991 0.004 0.003 0.002
2930 2930 (5) 30 : 0.979 0.011 0.005 0.004
2931 2931 (0) 30 : 0.991 0.003 0.003 0.003
2932 2932 (0) 30 : 0.987 0.003 0.006 0.004
2933 2933 (0) 30 : 0.989 0.005 0.004 0.003
2934 2934 (0) 30 : 0.988 0.004 0.004 0.004
2935 2935 (0) 30 : 0.988 0.003 0.005 0.004
2936 2936 (0) 30 : 0.991 0.003 0.003 0.003
2937 2937 (0) 30 : 0.990 0.004 0.003 0.003
2938 2938 (5) 30 : 0.985 0.007 0.005 0.003
2939 2939 (0) 30 : 0.990 0.003 0.003 0.004
2940 2940 (0) 30 : 0.989 0.004 0.004 0.003
2941 2941 (0) 30 : 0.992 0.003 0.002 0.003
2942 2942 (0) 30 : 0.985 0.008 0.004 0.003
2943 2943 (0) 30 : 0.988 0.004 0.003 0.005
2944 2944 (0) 30 : 0.981 0.006 0.004 0.009
2945 2945 (0) 30 : 0.967 0.020 0.005 0.008
2946 2946 (0) 30 : 0.989 0.004 0.004 0.003
2947 2947 (0) 30 : 0.990 0.004 0.003 0.004
2948 2948 (0) 30 : 0.969 0.013 0.004 0.014
2949 2949 (0) 30 : 0.978 0.008 0.008 0.006
2950 2950 (0) 30 : 0.990 0.003 0.003 0.004
2951 2951 (0) 30 : 0.973 0.009 0.004 0.013
2952 2952 (0) 30 : 0.989 0.004 0.003 0.003
2953 2953 (0) 31 : 0.988 0.004 0.004 0.003
2954 2954 (0) 31 : 0.988 0.004 0.004 0.004
2955 2955 (0) 31 : 0.986 0.005 0.005 0.005
2956 2956 (0) 31 : 0.988 0.005 0.004 0.004
2957 2957 (0) 31 : 0.974 0.007 0.005 0.014
2958 2958 (0) 31 : 0.986 0.005 0.004 0.005
2959 2959 (0) 31 : 0.989 0.004 0.004 0.004
2960 2960 (0) 31 : 0.990 0.003 0.003 0.003
2961 2961 (0) 31 : 0.992 0.003 0.002 0.003
2962 2962 (0) 31 : 0.979 0.006 0.010 0.005
2963 2963 (0) 31 : 0.990 0.003 0.003 0.003
2964 2964 (0) 31 : 0.985 0.005 0.005 0.005
2965 2965 (0) 31 : 0.984 0.008 0.003 0.005
2966 2966 (0) 31 : 0.990 0.004 0.003 0.003
2967 2967 (0) 31 : 0.988 0.003 0.005 0.003
2968 2968 (0) 31 : 0.989 0.005 0.004 0.003
2969 2969 (0) 31 : 0.989 0.004 0.004 0.003
2970 2970 (0) 31 : 0.991 0.003 0.003 0.003
2971 2971 (0) 31 : 0.989 0.004 0.004 0.004
2972 2972 (0) 31 : 0.990 0.004 0.003 0.003
2973 2973 (0) 31 : 0.988 0.005 0.003 0.003
2974 2974 (0) 31 : 0.989 0.004 0.004 0.003
2975 2975 (0) 31 : 0.989 0.004 0.003 0.004
2976 2976 (0) 31 : 0.990 0.004 0.003 0.003
2977 2977 (0) 31 : 0.986 0.004 0.005 0.005
2978 2978 (0) 31 : 0.982 0.010 0.004 0.004
2979 2979 (0) 31 : 0.989 0.005 0.003 0.003
2980 2980 (0) 31 : 0.986 0.005 0.003 0.006
2981 2981 (0) 31 : 0.988 0.004 0.003 0.005
2982 2982 (0) 31 : 0.976 0.005 0.010 0.009
2983 2983 (0) 31 : 0.976 0.006 0.009 0.010
2984 2984 (0) 31 : 0.988 0.005 0.004 0.003
2985 2985 (0) 31 : 0.973 0.010 0.005 0.011
2986 2986 (0) 31 : 0.989 0.005 0.003 0.003
2987 2987 (0) 31 : 0.982 0.010 0.003 0.004
2988 2988 (0) 31 : 0.984 0.006 0.005 0.005
2989 2989 (0) 31 : 0.959 0.012 0.005 0.024
2990 2990 (0) 31 : 0.986 0.005 0.003 0.005
2991 2991 (0) 31 : 0.982 0.007 0.003 0.008
2992 2992 (0) 31 : 0.987 0.005 0.003 0.005
2993 2993 (0) 31 : 0.989 0.004 0.004 0.003
2994 2994 (0) 31 : 0.988 0.005 0.003 0.004
2995 2995 (0) 31 : 0.987 0.004 0.005 0.004
2996 2996 (0) 31 : 0.986 0.006 0.004 0.004
2997 2997 (0) 31 : 0.990 0.004 0.004 0.002
2998 2998 (0) 31 : 0.989 0.004 0.003 0.004
2999 2999 (0) 31 : 0.988 0.005 0.005 0.002
3000 3000 (0) 31 : 0.989 0.005 0.004 0.003
3001 3001 (0) 31 : 0.988 0.005 0.003 0.004
3002 3002 (0) 31 : 0.989 0.005 0.004 0.003
3003 3003 (0) 31 : 0.989 0.004 0.004 0.003
3004 3004 (0) 31 : 0.987 0.005 0.003 0.004
3005 3005 (0) 31 : 0.988 0.006 0.003 0.004
3006 3006 (0) 31 : 0.990 0.004 0.003 0.003
3007 3007 (0) 31 : 0.988 0.004 0.005 0.003
3008 3008 (0) 31 : 0.987 0.005 0.003 0.004
3009 3009 (0) 31 : 0.991 0.004 0.003 0.002
3010 3010 (0) 31 : 0.982 0.006 0.005 0.008
3011 3011 (0) 31 : 0.984 0.005 0.003 0.008
3012 3012 (0) 31 : 0.988 0.004 0.006 0.003
3013 3013 (0) 31 : 0.990 0.004 0.003 0.003
3014 3014 (0) 31 : 0.990 0.005 0.003 0.003
3015 3015 (0) 31 : 0.984 0.006 0.005 0.004
3016 3016 (0) 31 : 0.987 0.005 0.003 0.005
3017 3017 (0) 31 : 0.984 0.007 0.005 0.005
3018 3018 (0) 31 : 0.988 0.003 0.005 0.003
3019 3019 (0) 31 : 0.991 0.003 0.003 0.004
3020 3020 (0) 31 : 0.985 0.005 0.006 0.004
3021 3021 (0) 31 : 0.983 0.004 0.003 0.010
3022 3022 (0) 31 : 0.982 0.008 0.007 0.004
3023 3023 (0) 31 : 0.989 0.003 0.004 0.004
3024 3024 (0) 31 : 0.979 0.010 0.006 0.005
3025 3025 (0) 31 : 0.982 0.007 0.005 0.007
3026 3026 (0) 31 : 0.992 0.003 0.002 0.002
3027 3027 (0) 31 : 0.987 0.005 0.004 0.005
3028 3028 (0) 31 : 0.984 0.005 0.005 0.006
3029 3029 (0) 31 : 0.989 0.003 0.003 0.005
3030 3030 (0) 31 : 0.990 0.004 0.004 0.003
3031 3031 (0) 31 : 0.990 0.003 0.003 0.003
3032 3032 (0) 31 : 0.980 0.006 0.003 0.011
3033 3033 (0) 31 : 0.978 0.005 0.004 0.014
3034 3034 (0) 31 : 0.990 0.004 0.003 0.004
3035 3035 (0) 31 : 0.980 0.010 0.005 0.005
3036 3036 (0) 31 : 0.981 0.010 0.004 0.005
3037 3037 (0) 31 : 0.967 0.011 0.003 0.020
3038 3038 (0) 31 : 0.986 0.005 0.003 0.007
3039 3039 (0) 31 : 0.991 0.004 0.003 0.003
3040 3040 (0) 31 : 0.990 0.004 0.003 0.003
3041 3041 (0) 31 : 0.984 0.004 0.006 0.006
3042 3042 (0) 31 : 0.986 0.005 0.004 0.005
3043 3043 (0) 31 : 0.991 0.003 0.003 0.003
3044 3044 (0) 31 : 0.985 0.004 0.004 0.008
3045 3045 (0) 31 : 0.983 0.006 0.006 0.005
3046 3046 (0) 31 : 0.985 0.006 0.003 0.006
3047 3047 (0) 31 : 0.989 0.004 0.003 0.004
3048 3048 (0) 31 : 0.987 0.005 0.003 0.004
3049 3049 (0) 31 : 0.990 0.004 0.003 0.003
3050 3050 (0) 31 : 0.990 0.004 0.003 0.003
3051 3051 (0) 31 : 0.989 0.005 0.003 0.002
3052 3052 (0) 31 : 0.981 0.006 0.009 0.004
3053 3053 (0) 31 : 0.985 0.005 0.005 0.005
3054 3054 (0) 31 : 0.984 0.006 0.005 0.005
3055 3055 (0) 31 : 0.989 0.004 0.004 0.003
3056 3056 (0) 31 : 0.991 0.003 0.003 0.002
3057 3057 (0) 31 : 0.987 0.005 0.003 0.005
3058 3058 (0) 31 : 0.988 0.005 0.003 0.004
3059 3059 (0) 31 : 0.985 0.007 0.004 0.004
3060 3060 (0) 31 : 0.989 0.004 0.003 0.004
3061 3061 (0) 31 : 0.986 0.008 0.003 0.003
3062 3062 (0) 31 : 0.982 0.008 0.005 0.005
3063 3063 (0) 31 : 0.989 0.004 0.003 0.003
3064 3064 (0) 31 : 0.984 0.006 0.004 0.006
3065 3065 (0) 31 : 0.989 0.005 0.003 0.003
3066 3066 (0) 31 : 0.987 0.005 0.004 0.004
3067 3067 (0) 31 : 0.984 0.006 0.004 0.006
3068 3068 (0) 31 : 0.989 0.004 0.003 0.004
3069 3069 (0) 31 : 0.983 0.008 0.004 0.005
3070 3070 (0) 31 : 0.986 0.005 0.004 0.004
3071 3071 (0) 31 : 0.986 0.004 0.006 0.004
3072 3072 (0) 31 : 0.987 0.005 0.005 0.003
3073 3073 (0) 31 : 0.986 0.005 0.004 0.005
3074 3074 (0) 31 : 0.986 0.005 0.004 0.005
3075 3075 (0) 31 : 0.981 0.009 0.004 0.005
3076 3076 (0) 31 : 0.992 0.003 0.003 0.002
3077 3077 (0) 31 : 0.977 0.006 0.006 0.010
3078 3078 (0) 31 : 0.987 0.004 0.005 0.003
3079 3079 (0) 31 : 0.990 0.004 0.003 0.003
3080 3080 (0) 31 : 0.985 0.006 0.004 0.005
3081 3081 (0) 31 : 0.986 0.007 0.004 0.004
3082 3082 (0) 31 : 0.989 0.004 0.003 0.004
3083 3083 (0) 31 : 0.986 0.006 0.005 0.003
3084 3084 (0) 31 : 0.986 0.005 0.004 0.004
3085 3085 (0) 31 : 0.991 0.003 0.003 0.003
3086 3086 (0) 31 : 0.981 0.005 0.006 0.009
3087 3087 (0) 31 : 0.988 0.005 0.003 0.003
3088 3088 (0) 31 : 0.991 0.004 0.003 0.003
3089 3089 (0) 31 : 0.988 0.004 0.003 0.005
3090 3090 (0) 31 : 0.983 0.005 0.004 0.008
3091 3091 (0) 31 : 0.991 0.003 0.003 0.003
3092 3092 (0) 31 : 0.985 0.005 0.003 0.007
3093 3093 (0) 31 : 0.990 0.004 0.003 0.003
3094 3094 (0) 31 : 0.986 0.005 0.003 0.006
3095 3095 (0) 31 : 0.987 0.005 0.003 0.004
3096 3096 (0) 31 : 0.989 0.004 0.003 0.003
3097 3097 (0) 31 : 0.988 0.004 0.003 0.005
3098 3098 (0) 31 : 0.989 0.004 0.004 0.003
3099 3099 (0) 31 : 0.991 0.003 0.004 0.002
3100 3100 (0) 31 : 0.988 0.005 0.003 0.004
3101 3101 (0) 31 : 0.984 0.005 0.005 0.006
3102 3102 (0) 31 : 0.989 0.004 0.004 0.003
3103 3103 (0) 31 : 0.990 0.003 0.003 0.004
3104 3104 (0) 31 : 0.986 0.006 0.004 0.005
3105 3105 (0) 31 : 0.989 0.004 0.004 0.003
3106 3106 (0) 31 : 0.990 0.004 0.004 0.003
3107 3107 (0) 31 : 0.986 0.004 0.006 0.005
3108 3108 (0) 31 : 0.988 0.005 0.004 0.003
3109 3109 (0) 31 : 0.989 0.004 0.004 0.004
3110 3110 (0) 31 : 0.988 0.004 0.005 0.003
3111 3111 (0) 31 : 0.984 0.005 0.004 0.007
3112 3112 (0) 31 : 0.988 0.007 0.003 0.002
3113 3113 (0) 31 : 0.985 0.006 0.004 0.004
3114 3114 (0) 31 : 0.991 0.003 0.003 0.003
3115 3115 (0) 31 : 0.990 0.004 0.003 0.003
3116 3116 (0) 31 : 0.991 0.004 0.003 0.002
3117 3117 (0) 31 : 0.989 0.004 0.004 0.003
3118 3118 (0) 31 : 0.992 0.003 0.003 0.002
3119 3119 (0) 31 : 0.985 0.005 0.004 0.006
3120 3120 (0) 31 : 0.990 0.005 0.003 0.003
3121 3121 (0) 31 : 0.989 0.004 0.003 0.004
3122 3122 (0) 31 : 0.989 0.005 0.003 0.004
3123 3123 (0) 31 : 0.989 0.003 0.004 0.003
3124 3124 (0) 31 : 0.991 0.003 0.003 0.003
3125 3125 (0) 31 : 0.991 0.003 0.002 0.003
3126 3126 (0) 31 : 0.990 0.004 0.003 0.003
3127 3127 (0) 31 : 0.987 0.005 0.004 0.005
3128 3128 (0) 31 : 0.990 0.004 0.004 0.003
3129 3129 (0) 31 : 0.991 0.003 0.003 0.003
3130 3130 (0) 31 : 0.987 0.005 0.004 0.004
3131 3131 (0) 31 : 0.990 0.003 0.003 0.003
3132 3132 (0) 31 : 0.984 0.006 0.003 0.006
3133 3133 (0) 31 : 0.991 0.004 0.003 0.002
3134 3134 (0) 31 : 0.983 0.007 0.004 0.006
3135 3135 (0) 31 : 0.989 0.004 0.005 0.003
3136 3136 (0) 31 : 0.983 0.005 0.007 0.006
3137 3137 (0) 31 : 0.989 0.004 0.004 0.004
3138 3138 (0) 31 : 0.967 0.006 0.004 0.022
3139 3139 (0) 31 : 0.974 0.010 0.005 0.011
3140 3140 (0) 31 : 0.987 0.005 0.004 0.004
3141 3141 (0) 31 : 0.989 0.004 0.003 0.004
3142 3142 (0) 31 : 0.991 0.003 0.003 0.003
3143 3143 (0) 31 : 0.988 0.004 0.004 0.003
3144 3144 (0) 31 : 0.991 0.003 0.003 0.003
3145 3145 (0) 31 : 0.987 0.005 0.004 0.004
3146 3146 (0) 31 : 0.989 0.004 0.004 0.003
3147 3147 (0) 31 : 0.988 0.005 0.004 0.003
3148 3148 (0) 31 : 0.985 0.008 0.004 0.004
3149 3149 (0) 31 : 0.989 0.004 0.003 0.004
3150 3150 (0) 31 : 0.989 0.005 0.003 0.003
3151 3151 (0) 31 : 0.975 0.011 0.008 0.005
3152 3152 (0) 31 : 0.987 0.007 0.004 0.003
3153 3153 (0) 31 : 0.989 0.004 0.003 0.003
3154 3154 (0) 31 : 0.990 0.004 0.003 0.003
3155 3155 (0) 31 : 0.984 0.006 0.005 0.005
3156 3156 (0) 31 : 0.989 0.003 0.004 0.003
3157 3157 (0) 31 : 0.986 0.004 0.004 0.005
3158 3158 (0) 31 : 0.989 0.004 0.003 0.003
3159 3159 (0) 31 : 0.981 0.010 0.005 0.004
3160 3160 (0) 31 : 0.988 0.005 0.004 0.003
3161 3161 (0) 31 : 0.987 0.006 0.003 0.003
3162 3162 (0) 31 : 0.986 0.004 0.004 0.006
3163 3163 (0) 31 : 0.984 0.005 0.004 0.006
3164 3164 (0) 31 : 0.981 0.006 0.005 0.009
3165 3165 (0) 31 : 0.989 0.004 0.004 0.003
3166 3166 (0) 31 : 0.987 0.006 0.003 0.005
3167 3167 (0) 31 : 0.990 0.003 0.003 0.003
3168 3168 (0) 31 : 0.980 0.009 0.006 0.005
3169 3169 (0) 31 : 0.984 0.006 0.004 0.006
3170 3170 (0) 31 : 0.987 0.004 0.004 0.005
3171 3171 (0) 31 : 0.989 0.004 0.004 0.004
3172 3172 (0) 31 : 0.983 0.007 0.006 0.005
3173 3173 (0) 31 : 0.990 0.004 0.003 0.003
3174 3174 (0) 31 : 0.981 0.004 0.005 0.010
3175 3175 (0) 31 : 0.990 0.004 0.003 0.003
3176 3176 (0) 31 : 0.990 0.003 0.004 0.003
3177 3177 (0) 31 : 0.983 0.007 0.004 0.006
3178 3178 (0) 31 : 0.987 0.005 0.004 0.004
3179 3179 (0) 31 : 0.990 0.003 0.004 0.003
3180 3180 (0) 31 : 0.988 0.006 0.003 0.003
3181 3181 (0) 31 : 0.989 0.003 0.004 0.004
3182 3182 (0) 31 : 0.988 0.005 0.003 0.003
3183 3183 (0) 31 : 0.989 0.004 0.003 0.004
3184 3184 (0) 31 : 0.987 0.006 0.003 0.004
3185 3185 (0) 31 : 0.986 0.006 0.003 0.005
3186 3186 (0) 31 : 0.989 0.005 0.004 0.003
3187 3187 (0) 31 : 0.984 0.008 0.003 0.005
3188 3188 (0) 31 : 0.963 0.008 0.005 0.024
3189 3189 (0) 31 : 0.982 0.007 0.004 0.008
3190 3190 (0) 31 : 0.990 0.004 0.003 0.003
3191 3191 (0) 31 : 0.982 0.006 0.006 0.006
3192 3192 (0) 31 : 0.968 0.014 0.005 0.013
3193 3193 (0) 31 : 0.988 0.006 0.004 0.003
3194 3194 (0) 31 : 0.989 0.003 0.004 0.004
3195 3195 (0) 31 : 0.989 0.003 0.004 0.003
3196 3196 (0) 31 : 0.982 0.010 0.003 0.004
3197 3197 (0) 31 : 0.990 0.004 0.003 0.003
3198 3198 (0) 31 : 0.981 0.010 0.004 0.005
3199 3199 (0) 31 : 0.989 0.003 0.003 0.004
3200 3200 (0) 31 : 0.987 0.004 0.004 0.004
3201 3201 (0) 31 : 0.991 0.003 0.003 0.002
3202 3202 (0) 31 : 0.986 0.005 0.004 0.006
3203 3203 (0) 31 : 0.985 0.005 0.005 0.004
3204 3204 (0) 31 : 0.990 0.004 0.003 0.003
3205 3205 (0) 31 : 0.986 0.005 0.003 0.006
3206 3206 (0) 31 : 0.989 0.004 0.003 0.004
3207 3207 (0) 31 : 0.926 0.010 0.007 0.057
3208 3208 (0) 31 : 0.992 0.003 0.003 0.003
3209 3209 (0) 31 : 0.977 0.006 0.004 0.014
3210 3210 (0) 31 : 0.987 0.005 0.004 0.004
3211 3211 (0) 31 : 0.990 0.004 0.003 0.004
3212 3212 (0) 31 : 0.986 0.005 0.004 0.005
3213 3213 (0) 31 : 0.987 0.005 0.004 0.004
3214 3214 (0) 31 : 0.985 0.005 0.004 0.006
3215 3215 (0) 31 : 0.987 0.005 0.003 0.005
3216 3216 (0) 31 : 0.988 0.004 0.003 0.005
3217 3217 (0) 31 : 0.988 0.005 0.004 0.004
3218 3218 (0) 31 : 0.990 0.003 0.003 0.003
3219 3219 (0) 31 : 0.978 0.008 0.004 0.010
3220 3220 (0) 31 : 0.976 0.013 0.005 0.007
3221 3221 (0) 31 : 0.991 0.003 0.003 0.003
3222 3222 (0) 31 : 0.990 0.004 0.003 0.003
3223 3223 (0) 31 : 0.986 0.004 0.006 0.004
3224 3224 (0) 31 : 0.986 0.006 0.003 0.004
3225 3225 (0) 31 : 0.986 0.005 0.003 0.006
3226 3226 (0) 31 : 0.987 0.006 0.003 0.004
3227 3227 (0) 31 : 0.974 0.008 0.004 0.014
3228 3228 (0) 31 : 0.990 0.003 0.004 0.003
3229 3229 (0) 31 : 0.988 0.005 0.004 0.004
3230 3230 (0) 31 : 0.989 0.004 0.003 0.004
3231 3231 (0) 31 : 0.988 0.004 0.005 0.003
3232 3232 (0) 31 : 0.988 0.003 0.005 0.004
3233 3233 (0) 31 : 0.980 0.005 0.004 0.010
3234 3234 (0) 31 : 0.987 0.006 0.004 0.003
3235 3235 (0) 31 : 0.990 0.005 0.003 0.003
3236 3236 (0) 31 : 0.989 0.004 0.004 0.003
3237 3237 (0) 31 : 0.981 0.011 0.004 0.004
3238 3238 (0) 31 : 0.985 0.006 0.003 0.006
3239 3239 (0) 31 : 0.985 0.007 0.003 0.004
3240 3240 (0) 31 : 0.986 0.006 0.003 0.005
3241 3241 (0) 31 : 0.987 0.004 0.004 0.005
3242 3242 (0) 31 : 0.986 0.004 0.004 0.005
3243 3243 (0) 31 : 0.989 0.005 0.003 0.003
3244 3244 (0) 31 : 0.988 0.004 0.004 0.004
3245 3245 (0) 31 : 0.985 0.004 0.004 0.008
3246 3246 (0) 31 : 0.990 0.003 0.004 0.003
3247 3247 (0) 31 : 0.991 0.004 0.003 0.003
3248 3248 (0) 31 : 0.988 0.004 0.003 0.004
3249 3249 (0) 31 : 0.990 0.003 0.003 0.003
3250 3250 (0) 31 : 0.986 0.005 0.005 0.005
3251 3251 (0) 31 : 0.986 0.006 0.004 0.004
3252 3252 (0) 31 : 0.987 0.006 0.004 0.004
3253 3253 (0) 32 : 0.008 0.984 0.004 0.004
3254 3254 (0) 32 : 0.023 0.964 0.005 0.008
3255 3255 (0) 32 : 0.011 0.978 0.006 0.006
3256 3256 (0) 32 : 0.034 0.957 0.005 0.004
3257 3257 (0) 32 : 0.008 0.978 0.006 0.007
3258 3258 (0) 32 : 0.058 0.912 0.005 0.025
3259 3259 (0) 32 : 0.032 0.952 0.007 0.010
3260 3260 (0) 32 : 0.006 0.986 0.003 0.005
3261 3261 (0) 32 : 0.007 0.985 0.004 0.004
3262 3262 (0) 32 : 0.010 0.966 0.003 0.021
3263 3263 (0) 32 : 0.011 0.980 0.003 0.006
3264 3264 (0) 32 : 0.017 0.975 0.005 0.004
3265 3265 (0) 32 : 0.007 0.981 0.004 0.008
3266 3266 (0) 32 : 0.021 0.965 0.004 0.010
3267 3267 (0) 32 : 0.013 0.976 0.006 0.005
3268 3268 (0) 32 : 0.023 0.959 0.004 0.015
3269 3269 (0) 32 : 0.219 0.762 0.013 0.005
3270 3270 (0) 32 : 0.021 0.954 0.015 0.010
3271 3271 (0) 32 : 0.014 0.939 0.008 0.039
3272 3272 (0) 32 : 0.020 0.972 0.004 0.004
3273 3273 (0) 32 : 0.027 0.927 0.006 0.040
3274 3274 (0) 32 : 0.024 0.929 0.005 0.041
3275 3275 (5) 32 : 0.021 0.959 0.004 0.016
3276 3276 (0) 32 : 0.025 0.965 0.006 0.004
3277 3277 (0) 32 : 0.093 0.878 0.010 0.019
3278 3278 (0) 32 : 0.007 0.981 0.006 0.006
3279 3279 (0) 32 : 0.016 0.913 0.004 0.067
3280 3280 (0) 32 : 0.032 0.952 0.008 0.008
3281 3281 (0) 32 : 0.006 0.902 0.004 0.088
3282 3282 (0) 32 : 0.016 0.977 0.004 0.003
3283 3283 (5) 32 : 0.011 0.980 0.004 0.005
3284 3284 (0) 32 : 0.072 0.915 0.004 0.009
3285 3285 (0) 32 : 0.009 0.973 0.007 0.011
3286 3286 (0) 32 : 0.010 0.982 0.004 0.004
3287 3287 (0) 32 : 0.014 0.895 0.006 0.085
3288 3288 (0) 32 : 0.008 0.982 0.005 0.005
3289 3289 (5) 32 : 0.015 0.970 0.006 0.009
3290 3290 (5) 32 : 0.070 0.891 0.009 0.030
3291 3291 (5) 32 : 0.020 0.961 0.008 0.011
3292 3292 (5) 32 : 0.005 0.974 0.011 0.009
3293 3293 (0) 33 : 0.026 0.962 0.005 0.006
3294 3294 (0) 33 : 0.017 0.967 0.005 0.011
3295 3295 (0) 33 : 0.007 0.925 0.006 0.062
3296 3296 (0) 33 : 0.004 0.977 0.005 0.014
3297 3297 (0) 33 : 0.008 0.977 0.006 0.009
3298 3298 (0) 33 : 0.007 0.984 0.004 0.005
3299 3299 (0) 33 : 0.009 0.975 0.006 0.009
3300 3300 (0) 33 : 0.007 0.827 0.012 0.154
3301 3301 (0) 33 : 0.032 0.930 0.005 0.033
3302 3302 (0) 33 : 0.019 0.972 0.004 0.005
3303 3303 (0) 33 : 0.044 0.942 0.004 0.010
3304 3304 (0) 33 : 0.011 0.971 0.008 0.009
3305 3305 (0) 33 : 0.008 0.972 0.005 0.015
3306 3306 (0) 33 : 0.024 0.964 0.008 0.004
3307 3307 (0) 33 : 0.016 0.973 0.004 0.008
3308 3308 (0) 33 : 0.016 0.966 0.004 0.014
3309 3309 (0) 33 : 0.011 0.907 0.017 0.065
3310 3310 (0) 33 : 0.013 0.957 0.004 0.025
3311 3311 (0) 33 : 0.014 0.962 0.004 0.020
3312 3312 (0) 33 : 0.012 0.976 0.006 0.006
3313 3313 (0) 33 : 0.006 0.970 0.003 0.020
3314 3314 (0) 33 : 0.051 0.938 0.004 0.007
3315 3315 (0) 33 : 0.005 0.979 0.011 0.005
3316 3316 (0) 33 : 0.021 0.949 0.004 0.026
3317 3317 (0) 33 : 0.080 0.912 0.004 0.004
3318 3318 (0) 33 : 0.026 0.954 0.009 0.010
3319 3319 (0) 33 : 0.004 0.986 0.007 0.003
3320 3320 (0) 33 : 0.005 0.977 0.007 0.010
3321 3321 (0) 33 : 0.062 0.924 0.005 0.009
3322 3322 (0) 33 : 0.023 0.963 0.007 0.007
3323 3323 (0) 33 : 0.010 0.979 0.005 0.007
3324 3324 (0) 33 : 0.012 0.977 0.004 0.006
3325 3325 (0) 33 : 0.006 0.981 0.006 0.007
3326 3326 (0) 33 : 0.006 0.987 0.004 0.004
3327 3327 (0) 33 : 0.023 0.960 0.006 0.011
3328 3328 (0) 33 : 0.022 0.969 0.004 0.005
3329 3329 (0) 33 : 0.007 0.978 0.004 0.011
3330 3330 (0) 33 : 0.004 0.988 0.004 0.004
3331 3331 (0) 33 : 0.012 0.970 0.006 0.012
3332 3332 (0) 33 : 0.022 0.957 0.005 0.016
3333 3333 (0) 33 : 0.085 0.905 0.005 0.004
3334 3334 (0) 33 : 0.009 0.975 0.005 0.011
3335 3335 (0) 33 : 0.024 0.961 0.006 0.009
3336 3336 (0) 33 : 0.011 0.978 0.004 0.007
3337 3337 (0) 33 : 0.022 0.969 0.005 0.004
3338 3338 (0) 33 : 0.012 0.947 0.021 0.021
3339 3339 (0) 33 : 0.013 0.957 0.012 0.017
3340 3340 (0) 33 : 0.010 0.978 0.005 0.006
3341 3341 (0) 33 : 0.009 0.972 0.005 0.014
3342 3342 (0) 33 : 0.013 0.969 0.011 0.007
3343 3343 (0) 33 : 0.029 0.955 0.007 0.010
3344 3344 (0) 33 : 0.126 0.866 0.004 0.004
3345 3345 (0) 33 : 0.012 0.977 0.003 0.008
3346 3346 (0) 33 : 0.059 0.930 0.007 0.004
3347 3347 (0) 33 : 0.049 0.935 0.011 0.005
3348 3348 (0) 33 : 0.015 0.954 0.008 0.024
3349 3349 (0) 33 : 0.016 0.970 0.007 0.007
3350 3350 (0) 33 : 0.030 0.960 0.006 0.004
3351 3351 (0) 33 : 0.004 0.986 0.004 0.005
3352 3352 (0) 33 : 0.005 0.983 0.005 0.006
3353 3353 (0) 33 : 0.029 0.964 0.004 0.003
3354 3354 (0) 33 : 0.006 0.982 0.003 0.009
3355 3355 (0) 33 : 0.011 0.981 0.003 0.005
3356 3356 (0) 33 : 0.022 0.950 0.011 0.018
3357 3357 (0) 33 : 0.020 0.963 0.007 0.010
3358 3358 (0) 33 : 0.006 0.986 0.004 0.005
3359 3359 (0) 33 : 0.035 0.956 0.004 0.005
3360 3360 (0) 33 : 0.025 0.954 0.009 0.012
3361 3361 (0) 33 : 0.033 0.900 0.009 0.058
3362 3362 (0) 33 : 0.010 0.974 0.006 0.010
3363 3363 (0) 33 : 0.027 0.963 0.004 0.006
3364 3364 (0) 33 : 0.014 0.974 0.007 0.005
3365 3365 (0) 33 : 0.011 0.979 0.005 0.005
3366 3366 (0) 33 : 0.010 0.981 0.005 0.004
3367 3367 (0) 33 : 0.132 0.853 0.006 0.009
3368 3368 (0) 33 : 0.019 0.974 0.003 0.004
3369 3369 (0) 33 : 0.080 0.908 0.007 0.005
3370 3370 (0) 33 : 0.107 0.873 0.006 0.014
3371 3371 (0) 33 : 0.017 0.975 0.004 0.004
3372 3372 (0) 33 : 0.025 0.951 0.005 0.019
3373 3373 (0) 33 : 0.021 0.968 0.005 0.006
3374 3374 (0) 33 : 0.027 0.964 0.005 0.005
3375 3375 (0) 33 : 0.018 0.947 0.007 0.028
3376 3376 (0) 33 : 0.026 0.960 0.005 0.008
3377 3377 (0) 33 : 0.009 0.978 0.007 0.005
3378 3378 (0) 33 : 0.017 0.958 0.012 0.014
3379 3379 (0) 33 : 0.011 0.978 0.005 0.006
3380 3380 (0) 33 : 0.022 0.965 0.008 0.005
3381 3381 (0) 33 : 0.008 0.853 0.006 0.133
3382 3382 (0) 33 : 0.011 0.977 0.004 0.008
3383 3383 (0) 33 : 0.010 0.821 0.014 0.155
3384 3384 (0) 33 : 0.073 0.912 0.006 0.009
3385 3385 (0) 33 : 0.008 0.978 0.008 0.005
3386 3386 (0) 33 : 0.010 0.983 0.003 0.005
3387 3387 (0) 33 : 0.026 0.963 0.004 0.007
3388 3388 (0) 33 : 0.012 0.975 0.005 0.008
3389 3389 (0) 33 : 0.154 0.831 0.003 0.012
3390 3390 (0) 33 : 0.009 0.968 0.005 0.018
3391 3391 (0) 33 : 0.012 0.920 0.007 0.061
3392 3392 (0) 33 : 0.025 0.958 0.005 0.013
3393 3393 (0) 33 : 0.114 0.872 0.008 0.005
3394 3394 (0) 33 : 0.014 0.951 0.005 0.030
3395 3395 (0) 33 : 0.010 0.979 0.006 0.005
3396 3396 (0) 33 : 0.011 0.975 0.007 0.008
3397 3397 (0) 33 : 0.040 0.923 0.009 0.027
3398 3398 (0) 33 : 0.071 0.893 0.007 0.030
3399 3399 (0) 33 : 0.017 0.971 0.005 0.006
3400 3400 (0) 33 : 0.022 0.952 0.005 0.021
3401 3401 (0) 33 : 0.007 0.984 0.004 0.005
3402 3402 (0) 33 : 0.022 0.969 0.004 0.004
3403 3403 (0) 33 : 0.014 0.967 0.008 0.011
3404 3404 (0) 33 : 0.025 0.959 0.004 0.012
3405 3405 (0) 33 : 0.012 0.981 0.004 0.004
3406 3406 (0) 33 : 0.011 0.978 0.005 0.006
3407 3407 (0) 33 : 0.020 0.960 0.005 0.015
3408 3408 (0) 33 : 0.005 0.977 0.007 0.011
3409 3409 (0) 33 : 0.015 0.972 0.005 0.008
3410 3410 (0) 33 : 0.018 0.967 0.004 0.011
3411 3411 (0) 33 : 0.042 0.950 0.003 0.006
3412 3412 (0) 33 : 0.042 0.944 0.006 0.008
3413 3413 (0) 33 : 0.008 0.982 0.006 0.005
3414 3414 (0) 33 : 0.014 0.971 0.006 0.008
3415 3415 (0) 33 : 0.005 0.971 0.006 0.019
3416 3416 (0) 33 : 0.007 0.985 0.004 0.004
3417 3417 (0) 33 : 0.011 0.979 0.004 0.006
3418 3418 (0) 33 : 0.019 0.918 0.022 0.041
3419 3419 (0) 33 : 0.011 0.981 0.004 0.004
3420 3420 (0) 33 : 0.144 0.848 0.005 0.003
3421 3421 (0) 33 : 0.009 0.983 0.003 0.004
3422 3422 (0) 33 : 0.007 0.973 0.003 0.018
3423 3423 (0) 33 : 0.005 0.984 0.003 0.008
3424 3424 (0) 33 : 0.017 0.921 0.004 0.057
3425 3425 (0) 33 : 0.005 0.981 0.005 0.009
3426 3426 (0) 33 : 0.024 0.964 0.003 0.009
3427 3427 (0) 33 : 0.007 0.980 0.004 0.010
3428 3428 (0) 33 : 0.064 0.919 0.005 0.011
3429 3429 (0) 33 : 0.005 0.986 0.004 0.004
3430 3430 (0) 33 : 0.008 0.979 0.005 0.008
3431 3431 (0) 33 : 0.008 0.979 0.004 0.009
3432 3432 (0) 33 : 0.023 0.961 0.008 0.009
3433 3433 (0) 33 : 0.011 0.970 0.005 0.014
3434 3434 (0) 33 : 0.005 0.985 0.003 0.007
3435 3435 (0) 33 : 0.007 0.949 0.003 0.041
3436 3436 (0) 33 : 0.015 0.960 0.008 0.016
3437 3437 (0) 33 : 0.076 0.909 0.010 0.005
3438 3438 (0) 33 : 0.011 0.968 0.010 0.011
3439 3439 (0) 33 : 0.011 0.947 0.003 0.039
3440 3440 (0) 33 : 0.009 0.951 0.010 0.030
3441 3441 (0) 33 : 0.007 0.971 0.004 0.018
3442 3442 (0) 33 : 0.019 0.971 0.005 0.006
3443 3443 (0) 33 : 0.006 0.965 0.006 0.023
3444 3444 (0) 33 : 0.028 0.954 0.006 0.012
3445 3445 (0) 33 : 0.018 0.956 0.010 0.017
3446 3446 (0) 33 : 0.010 0.973 0.005 0.012
3447 3447 (0) 33 : 0.017 0.973 0.005 0.005
3448 3448 (0) 33 : 0.043 0.946 0.004 0.006
3449 3449 (0) 33 : 0.030 0.955 0.006 0.009
3450 3450 (0) 33 : 0.009 0.967 0.008 0.016
3451 3451 (0) 33 : 0.034 0.954 0.004 0.009
3452 3452 (0) 33 : 0.014 0.979 0.004 0.003
3453 3453 (0) 33 : 0.024 0.913 0.007 0.055
3454 3454 (0) 33 : 0.008 0.966 0.005 0.022
3455 3455 (0) 33 : 0.016 0.976 0.004 0.004
3456 3456 (0) 33 : 0.006 0.970 0.005 0.019
3457 3457 (0) 33 : 0.057 0.931 0.006 0.006
3458 3458 (0) 33 : 0.007 0.982 0.005 0.006
3459 3459 (0) 33 : 0.009 0.982 0.003 0.005
3460 3460 (0) 33 : 0.022 0.969 0.004 0.005
3461 3461 (0) 33 : 0.012 0.979 0.005 0.004
3462 3462 (0) 33 : 0.007 0.983 0.007 0.003
3463 3463 (0) 33 : 0.050 0.733 0.008 0.209
3464 3464 (0) 33 : 0.035 0.955 0.004 0.005
3465 3465 (0) 33 : 0.037 0.948 0.004 0.011
3466 3466 (0) 33 : 0.068 0.921 0.006 0.006
3467 3467 (0) 33 : 0.009 0.976 0.007 0.007
3468 3468 (0) 33 : 0.080 0.912 0.004 0.004
3469 3469 (0) 33 : 0.016 0.976 0.003 0.005
3470 3470 (0) 33 : 0.008 0.966 0.005 0.022
3471 3471 (0) 33 : 0.032 0.930 0.011 0.027
3472 3472 (0) 33 : 0.028 0.914 0.005 0.054
3473 3473 (0) 33 : 0.013 0.978 0.005 0.004
3474 3474 (0) 33 : 0.036 0.943 0.017 0.005
3475 3475 (0) 33 : 0.005 0.980 0.004 0.012
3476 3476 (0) 33 : 0.025 0.929 0.004 0.042
3477 3477 (0) 33 : 0.010 0.912 0.005 0.073
3478 3478 (0) 33 : 0.097 0.879 0.009 0.015
3479 3479 (0) 33 : 0.022 0.950 0.006 0.022
3480 3480 (0) 33 : 0.013 0.975 0.006 0.006
3481 3481 (0) 33 : 0.010 0.979 0.006 0.005
3482 3482 (0) 33 : 0.005 0.988 0.003 0.005
3483 3483 (0) 33 : 0.016 0.970 0.005 0.009
3484 3484 (0) 33 : 0.016 0.959 0.014 0.012
3485 3485 (0) 33 : 0.006 0.986 0.005 0.004
3486 3486 (0) 33 : 0.014 0.972 0.009 0.005
3487 3487 (0) 33 : 0.029 0.963 0.003 0.004
3488 3488 (0) 33 : 0.265 0.722 0.005 0.007
3489 3489 (0) 33 : 0.015 0.949 0.004 0.032
3490 3490 (0) 33 : 0.017 0.974 0.004 0.006
3491 3491 (0) 33 : 0.012 0.970 0.005 0.012
3492 3492 (0) 33 : 0.057 0.929 0.006 0.008
3493 3493 (0) 33 : 0.061 0.931 0.004 0.004
3494 3494 (0) 33 : 0.005 0.984 0.007 0.005
3495 3495 (0) 33 : 0.005 0.982 0.004 0.008
3496 3496 (0) 33 : 0.032 0.953 0.005 0.009
3497 3497 (0) 33 : 0.058 0.928 0.004 0.011
3498 3498 (0) 33 : 0.008 0.970 0.009 0.013
3499 3499 (0) 33 : 0.049 0.940 0.004 0.007
3500 3500 (0) 33 : 0.022 0.968 0.004 0.006
3501 3501 (0) 33 : 0.007 0.984 0.006 0.004
3502 3502 (0) 33 : 0.047 0.938 0.005 0.010
3503 3503 (0) 33 : 0.024 0.965 0.006 0.006
3504 3504 (0) 33 : 0.006 0.978 0.006 0.010
3505 3505 (0) 33 : 0.005 0.984 0.005 0.006
3506 3506 (0) 33 : 0.035 0.937 0.004 0.023
3507 3507 (0) 33 : 0.012 0.972 0.006 0.010
3508 3508 (0) 33 : 0.012 0.978 0.006 0.005
3509 3509 (0) 33 : 0.007 0.971 0.010 0.011
3510 3510 (0) 33 : 0.085 0.903 0.006 0.006
3511 3511 (0) 33 : 0.008 0.951 0.005 0.036
3512 3512 (0) 33 : 0.017 0.918 0.006 0.058
3513 3513 (0) 33 : 0.231 0.746 0.007 0.017
3514 3514 (0) 33 : 0.010 0.949 0.005 0.036
3515 3515 (0) 33 : 0.014 0.960 0.017 0.009
3516 3516 (0) 33 : 0.019 0.965 0.004 0.011
3517 3517 (0) 33 : 0.013 0.979 0.004 0.004
3518 3518 (0) 33 : 0.087 0.891 0.006 0.016
3519 3519 (0) 33 : 0.014 0.971 0.006 0.008
3520 3520 (0) 33 : 0.005 0.954 0.007 0.034
3521 3521 (0) 33 : 0.094 0.893 0.005 0.009
3522 3522 (0) 33 : 0.007 0.981 0.005 0.008
3523 3523 (0) 33 : 0.011 0.972 0.009 0.008
3524 3524 (0) 33 : 0.037 0.941 0.006 0.017
3525 3525 (0) 33 : 0.006 0.986 0.004 0.005
3526 3526 (0) 33 : 0.012 0.977 0.006 0.006
3527 3527 (0) 33 : 0.015 0.968 0.005 0.012
3528 3528 (0) 33 : 0.011 0.975 0.003 0.011
3529 3529 (0) 33 : 0.030 0.963 0.003 0.004
3530 3530 (0) 33 : 0.013 0.969 0.005 0.013
3531 3531 (0) 33 : 0.009 0.976 0.007 0.009
3532 3532 (0) 33 : 0.019 0.961 0.013 0.007
3533 3533 (0) 33 : 0.121 0.870 0.004 0.006
3534 3534 (0) 33 : 0.100 0.884 0.005 0.011
3535 3535 (0) 33 : 0.019 0.973 0.003 0.005
3536 3536 (0) 33 : 0.226 0.762 0.007 0.006
3537 3537 (0) 33 : 0.006 0.986 0.004 0.005
3538 3538 (0) 33 : 0.023 0.967 0.003 0.007
3539 3539 (0) 33 : 0.021 0.964 0.010 0.005
3540 3540 (0) 33 : 0.012 0.976 0.005 0.007
3541 3541 (0) 33 : 0.006 0.972 0.010 0.011
3542 3542 (0) 33 : 0.018 0.950 0.006 0.026
3543 3543 (0) 33 : 0.023 0.967 0.005 0.005
3544 3544 (0) 33 : 0.005 0.981 0.004 0.010
3545 3545 (0) 33 : 0.013 0.974 0.005 0.008
3546 3546 (0) 33 : 0.011 0.947 0.005 0.038
3547 3547 (0) 33 : 0.012 0.978 0.005 0.005
3548 3548 (0) 33 : 0.025 0.960 0.008 0.007
3549 3549 (0) 33 : 0.014 0.977 0.005 0.004
3550 3550 (0) 33 : 0.007 0.917 0.008 0.067
3551 3551 (0) 33 : 0.093 0.890 0.003 0.014
3552 3552 (0) 33 : 0.118 0.860 0.009 0.013
3553 3553 (0) 33 : 0.063 0.924 0.004 0.008
3554 3554 (0) 33 : 0.020 0.962 0.007 0.011
3555 3555 (0) 33 : 0.024 0.947 0.010 0.019
3556 3556 (0) 33 : 0.012 0.975 0.006 0.007
3557 3557 (0) 33 : 0.004 0.977 0.005 0.013
3558 3558 (0) 33 : 0.052 0.936 0.006 0.006
3559 3559 (0) 33 : 0.017 0.972 0.004 0.007
3560 3560 (0) 33 : 0.005 0.969 0.007 0.018
3561 3561 (0) 33 : 0.006 0.984 0.004 0.007
3562 3562 (0) 33 : 0.040 0.945 0.006 0.009
3563 3563 (0) 33 : 0.019 0.973 0.004 0.004
3564 3564 (0) 33 : 0.024 0.932 0.004 0.040
3565 3565 (0) 33 : 0.006 0.986 0.004 0.004
3566 3566 (0) 33 : 0.004 0.974 0.006 0.016
3567 3567 (0) 33 : 0.076 0.910 0.004 0.009
3568 3568 (0) 33 : 0.004 0.982 0.004 0.010
3569 3569 (0) 33 : 0.010 0.952 0.006 0.031
3570 3570 (0) 33 : 0.083 0.908 0.005 0.004
3571 3571 (0) 33 : 0.014 0.975 0.006 0.005
3572 3572 (0) 33 : 0.015 0.973 0.008 0.003
3573 3573 (0) 33 : 0.007 0.975 0.005 0.013
3574 3574 (0) 33 : 0.007 0.980 0.007 0.006
3575 3575 (0) 33 : 0.009 0.981 0.004 0.006
3576 3576 (0) 33 : 0.048 0.938 0.009 0.005
3577 3577 (0) 33 : 0.029 0.936 0.004 0.031
3578 3578 (0) 33 : 0.114 0.872 0.005 0.009
3579 3579 (0) 33 : 0.015 0.977 0.004 0.005
3580 3580 (0) 33 : 0.122 0.853 0.004 0.021
3581 3581 (0) 33 : 0.019 0.936 0.032 0.012
3582 3582 (0) 33 : 0.015 0.965 0.010 0.009
3583 3583 (0) 33 : 0.026 0.963 0.005 0.005
3584 3584 (0) 33 : 0.037 0.950 0.006 0.007
3585 3585 (0) 33 : 0.016 0.958 0.019 0.007
3586 3586 (0) 33 : 0.032 0.958 0.003 0.006
3587 3587 (0) 33 : 0.009 0.975 0.005 0.011
3588 3588 (0) 33 : 0.010 0.931 0.006 0.052
3589 3589 (0) 33 : 0.079 0.828 0.006 0.087
3590 3590 (0) 33 : 0.007 0.985 0.004 0.005
3591 3591 (0) 33 : 0.011 0.979 0.005 0.004
3592 3592 (0) 33 : 0.091 0.896 0.008 0.005
1 1 (5) 1 : 0.017 0.026 0.916 0.041
2 2 (5) 1 : 0.016 0.014 0.954 0.016
3 3 (5) 1 : 0.012 0.016 0.954 0.018
4 4 (0) 1 : 0.005 0.008 0.954 0.033
5 5 (0) 1 : 0.058 0.142 0.722 0.079
6 6 (0) 1 : 0.006 0.028 0.934 0.032
7 7 (0) 1 : 0.103 0.014 0.879 0.004
8 8 (5) 1 : 0.005 0.004 0.981 0.010
9 9 (0) 1 : 0.003 0.004 0.987 0.006
10 10 (0) 1 : 0.094 0.016 0.881 0.009
11 11 (0) 1 : 0.024 0.005 0.968 0.003
12 12 (0) 1 : 0.009 0.011 0.975 0.005
13 13 (0) 1 : 0.003 0.003 0.991 0.003
14 14 (0) 1 : 0.011 0.003 0.949 0.037
15 15 (0) 1 : 0.032 0.008 0.948 0.012
16 16 (0) 1 : 0.004 0.005 0.970 0.021
17 17 (0) 1 : 0.004 0.003 0.990 0.003
18 18 (0) 1 : 0.015 0.043 0.936 0.006
19 19 (0) 1 : 0.003 0.008 0.984 0.006
20 20 (0) 1 : 0.042 0.042 0.891 0.025
21 21 (0) 1 : 0.003 0.002 0.987 0.008
22 22 (0) 1 : 0.004 0.008 0.825 0.163
23 23 (0) 1 : 0.006 0.014 0.940 0.041
24 24 (0) 1 : 0.006 0.010 0.902 0.081
25 25 (0) 1 : 0.009 0.004 0.982 0.006
26 26 (0) 1 : 0.004 0.003 0.988 0.005
27 27 (5) 1 : 0.068 0.081 0.846 0.005
28 28 (0) 1 : 0.072 0.047 0.801 0.080
29 29 (0) 1 : 0.007 0.015 0.928 0.051
30 30 (0) 1 : 0.016 0.060 0.902 0.021
31 31 (0) 1 : 0.005 0.019 0.968 0.008
32 32 (0) 1 : 0.048 0.017 0.925 0.010
33 33 (0) 1 : 0.005 0.007 0.985 0.003
34 34 (0) 1 : 0.004 0.039 0.932 0.025
35 35 (0) 1 : 0.010 0.127 0.858 0.005
36 36 (0) 1 : 0.014 0.005 0.977 0.004
37 37 (0) 1 : 0.012 0.006 0.974 0.008
38 38 (0) 1 : 0.006 0.004 0.987 0.003
39 39 (0) 1 : 0.012 0.006 0.974 0.008
40 40 (0) 1 : 0.005 0.032 0.943 0.019
41 41 (0) 1 : 0.017 0.018 0.949 0.016
42 42 (0) 1 : 0.003 0.005 0.972 0.020
43 43 (0) 1 : 0.019 0.007 0.965 0.009
44 44 (0) 1 : 0.006 0.004 0.988 0.003
45 45 (5) 1 : 0.050 0.007 0.936 0.007
46 46 (0) 1 : 0.005 0.026 0.867 0.102
47 47 (0) 1 : 0.030 0.020 0.896 0.054
48 48 (0) 1 : 0.008 0.016 0.893 0.083
49 49 (0) 1 : 0.038 0.011 0.948 0.004
50 50 (0) 1 : 0.009 0.011 0.965 0.015
51 51 (0) 1 : 0.005 0.004 0.985 0.007
52 52 (0) 1 : 0.006 0.008 0.977 0.009
53 53 (0) 1 : 0.041 0.031 0.869 0.059
54 54 (0) 1 : 0.087 0.015 0.842 0.056
55 55 (0) 1 : 0.011 0.008 0.974 0.008
56 56 (0) 1 : 0.019 0.011 0.945 0.025
57 57 (10) 1 : 0.006 0.004 0.983 0.007
58 58 (5) 1 : 0.014 0.006 0.967 0.013
59 59 (0) 1 : 0.007 0.005 0.962 0.025
60 60 (0) 1 : 0.011 0.004 0.981 0.004
61 61 (0) 1 : 0.017 0.010 0.965 0.008
62 62 (0) 1 : 0.055 0.012 0.924 0.009
63 63 (0) 1 : 0.016 0.008 0.972 0.004
64 64 (0) 1 : 0.017 0.021 0.955 0.007
65 65 (0) 1 : 0.042 0.013 0.942 0.004
66 66 (0) 1 : 0.018 0.077 0.872 0.033
67 67 (5) 1 : 0.006 0.005 0.905 0.084
68 68 (0) 1 : 0.069 0.009 0.706 0.216
69 69 (0) 1 : 0.018 0.005 0.973 0.003
70 70 (0) 1 : 0.013 0.016 0.940 0.031
71 71 (5) 1 : 0.025 0.040 0.921 0.013
72 72 (0) 1 : 0.004 0.003 0.989 0.004
73 73 (5) 1 : 0.013 0.141 0.835 0.011
74 74 (10) 1 : 0.013 0.007 0.970 0.010
75 75 (10) 1 : 0.003 0.011 0.981 0.005
76 76 (0) 1 : 0.003 0.004 0.555 0.439
77 77 (10) 1 : 0.004 0.004 0.798 0.194
78 78 (0) 1 : 0.010 0.019 0.746 0.225
79 79 (5) 1 : 0.027 0.032 0.884 0.057
80 80 (0) 1 : 0.006 0.004 0.980 0.010
81 81 (0) 1 : 0.004 0.003 0.989 0.004
82 82 (0) 1 : 0.004 0.003 0.991 0.002
83 83 (0) 1 : 0.008 0.005 0.911 0.076
84 84 (0) 1 : 0.006 0.010 0.979 0.005
85 85 (0) 1 : 0.006 0.007 0.983 0.004
86 86 (5) 1 : 0.004 0.005 0.988 0.003
87 87 (0) 1 : 0.034 0.011 0.938 0.017
88 88 (0) 1 : 0.015 0.041 0.775 0.169
89 89 (0) 1 : 0.004 0.004 0.977 0.015
90 90 (0) 1 : 0.159 0.006 0.804 0.031
91 91 (0) 1 : 0.007 0.012 0.968 0.012
92 92 (0) 1 : 0.045 0.078 0.866 0.011
93 93 (0) 1 : 0.003 0.003 0.985 0.009
94 94 (5) 1 : 0.006 0.015 0.922 0.057
95 95 (0) 1 : 0.004 0.006 0.946 0.044
96 96 (5) 1 : 0.006 0.006 0.985 0.004
97 97 (0) 1 : 0.036 0.004 0.890 0.070
98 98 (0) 1 : 0.006 0.014 0.975 0.005
99 99 (5) 1 : 0.005 0.006 0.986 0.004
100 100 (5) 1 : 0.008 0.005 0.977 0.011
101 101 (0) 2 : 0.021 0.028 0.857 0.094
102 102 (0) 2 : 0.006 0.005 0.913 0.076
103 103 (0) 2 : 0.004 0.004 0.813 0.179
104 104 (0) 2 : 0.005 0.005 0.986 0.004
105 105 (0) 2 : 0.011 0.204 0.776 0.009
106 106 (0) 2 : 0.005 0.006 0.984 0.006
107 107 (0) 2 : 0.008 0.006 0.976 0.010
108 108 (0) 2 : 0.012 0.017 0.761 0.210
109 109 (0) 2 : 0.007 0.004 0.983 0.006
110 110 (0) 2 : 0.003 0.005 0.989 0.003
111 111 (0) 2 : 0.005 0.006 0.985 0.004
112 112 (0) 2 : 0.004 0.007 0.983 0.007
113 113 (0) 2 : 0.047 0.006 0.937 0.010
114 114 (0) 2 : 0.004 0.025 0.959 0.012
115 115 (0) 2 : 0.006 0.008 0.971 0.015
116 116 (0) 2 : 0.006 0.009 0.941 0.044
117 117 (0) 2 : 0.008 0.022 0.920 0.050
118 118 (0) 2 : 0.007 0.008 0.966 0.019
119 119 (0) 2 : 0.003 0.002 0.992 0.003
120 120 (0) 2 : 0.049 0.063 0.885 0.003
121 121 (0) 2 : 0.006 0.011 0.979 0.004
122 122 (0) 2 : 0.004 0.013 0.978 0.005
123 123 (0) 2 : 0.008 0.005 0.969 0.018
124 124 (0) 2 : 0.016 0.003 0.963 0.018
125 125 (0) 2 : 0.003 0.005 0.988 0.003
126 126 (0) 2 : 0.023 0.020 0.938 0.019
127 127 (0) 2 : 0.006 0.011 0.978 0.006
128 128 (0) 2 : 0.005 0.006 0.985 0.004
129 129 (0) 2 : 0.004 0.004 0.988 0.004
130 130 (0) 2 : 0.027 0.007 0.954 0.011
131 131 (0) 2 : 0.026 0.024 0.943 0.007
132 132 (0) 2 : 0.004 0.003 0.989 0.005
133 133 (0) 2 : 0.006 0.010 0.978 0.005
134 134 (0) 2 : 0.266 0.029 0.640 0.066
135 135 (0) 2 : 0.006 0.023 0.966 0.004
136 136 (0) 2 : 0.012 0.010 0.968 0.009
137 137 (0) 2 : 0.008 0.005 0.919 0.068
138 138 (0) 2 : 0.005 0.008 0.982 0.004
139 139 (0) 2 : 0.027 0.030 0.935 0.008
140 140 (0) 2 : 0.025 0.012 0.953 0.011
141 141 (0) 2 : 0.008 0.003 0.986 0.003
142 142 (0) 2 : 0.008 0.003 0.983 0.006
143 143 (0) 2 : 0.004 0.005 0.978 0.013
144 144 (0) 2 : 0.102 0.011 0.878 0.008
145 145 (0) 2 : 0.008 0.007 0.972 0.013
146 146 (0) 2 : 0.009 0.031 0.938 0.022
147 147 (0) 2 : 0.006 0.015 0.911 0.067
148 148 (0) 2 : 0.020 0.006 0.965 0.008
149 149 (0) 2 : 0.005 0.005 0.984 0.006
150 150 (0) 2 : 0.027 0.007 0.933 0.033
151 151 (0) 2 : 0.012 0.040 0.946 0.002
152 152 (0) 2 : 0.005 0.003 0.979 0.013
153 153 (0) 2 : 0.004 0.004 0.987 0.006
154 154 (0) 2 : 0.007 0.028 0.946 0.019
155 155 (0) 2 : 0.008 0.013 0.975 0.004
156 156 (0) 2 : 0.004 0.004 0.914 0.078
157 157 (0) 2 : 0.009 0.014 0.968 0.009
158 158 (0) 2 : 0.004 0.005 0.974 0.016
159 159 (0) 2 : 0.006 0.016 0.974 0.003
160 160 (0) 2 : 0.004 0.003 0.991 0.002
161 161 (0) 2 : 0.028 0.022 0.936 0.014
162 162 (0) 2 : 0.005 0.003 0.989 0.003
163 163 (0) 2 : 0.021 0.007 0.884 0.089
164 164 (0) 2 : 0.013 0.010 0.941 0.036
165 165 (0) 2 : 0.004 0.023 0.960 0.013
166 166 (0) 2 : 0.003 0.003 0.990 0.004
167 167 (0) 2 : 0.008 0.017 0.969 0.006
168 168 (0) 2 : 0.004 0.005 0.986 0.005
169 169 (0) 2 : 0.014 0.004 0.920 0.061
170 170 (0) 2 : 0.010 0.015 0.969 0.006
171 171 (0) 2 : 0.007 0.023 0.950 0.020
172 172 (0) 2 : 0.006 0.017 0.968 0.010
173 173 (0) 2 : 0.008 0.004 0.966 0.022
174 174 (0) 2 : 0.015 0.007 0.973 0.004
175 175 (0) 2 : 0.006 0.006 0.966 0.021
176 176 (0) 2 : 0.009 0.008 0.951 0.032
177 177 (0) 2 : 0.007 0.003 0.987 0.003
178 178 (0) 2 : 0.004 0.003 0.990 0.004
179 179 (0) 2 : 0.011 0.009 0.846 0.135
180 180 (0) 2 : 0.007 0.006 0.979 0.008
181 181 (0) 2 : 0.016 0.003 0.977 0.003
182 182 (0) 2 : 0.006 0.010 0.978 0.006
183 183 (0) 2 : 0.009 0.006 0.981 0.004
184 184 (0) 2 : 0.004 0.003 0.977 0.015
185 185 (0) 2 : 0.026 0.023 0.827 0.124
186 186 (0) 2 : 0.005 0.004 0.988 0.003
187 187 (0) 2 : 0.008 0.007 0.979 0.007
188 188 (0) 2 : 0.032 0.035 0.918 0.015
189 189 (0) 2 : 0.007 0.013 0.956 0.024
190 190 (0) 2 : 0.005 0.025 0.755 0.215
191 191 (0) 2 : 0.005 0.004 0.982 0.010
192 192 (0) 2 : 0.005 0.009 0.971 0.015
193 193 (0) 2 : 0.021 0.008 0.964 0.007
194 194 (0) 2 : 0.008 0.041 0.947 0.004
195 195 (0) 2 : 0.018 0.074 0.899 0.010
196 196 (0) 2 : 0.005 0.003 0.988 0.004
197 197 (0) 2 : 0.005 0.005 0.968 0.022
198 198 (0) 2 : 0.016 0.005 0.975 0.003
199 199 (0) 2 : 0.003 0.005 0.986 0.006
200 200 (0) 2 : 0.036 0.021 0.929 0.014
201 201 (0) 2 : 0.039 0.007 0.909 0.045
202 202 (0) 2 : 0.003 0.004 0.989 0.004
203 203 (0) 2 : 0.029 0.005 0.944 0.022
204 204 (0) 2 : 0.011 0.008 0.892 0.089
205 205 (0) 2 : 0.024 0.067 0.829 0.079
206 206 (0) 2 : 0.033 0.008 0.953 0.007
207 207 (0) 2 : 0.087 0.032 0.855 0.027
208 208 (0) 2 : 0.010 0.012 0.961 0.017
209 209 (0) 2 : 0.042 0.043 0.805 0.110
210 210 (0) 2 : 0.009 0.007 0.975 0.009
211 211 (0) 2 : 0.004 0.008 0.985 0.003
212 212 (0) 2 : 0.005 0.004 0.976 0.016
213 213 (0) 2 : 0.003 0.005 0.984 0.007
214 214 (0) 2 : 0.004 0.006 0.956 0.033
215 215 (0) 2 : 0.004 0.082 0.906 0.008
216 216 (0) 2 : 0.009 0.008 0.763 0.220
217 217 (0) 2 : 0.011 0.009 0.918 0.061
218 218 (0) 2 : 0.010 0.004 0.975 0.011
219 219 (0) 2 : 0.005 0.007 0.982 0.005
220 220 (0) 2 : 0.004 0.006 0.777 0.212
221 221 (0) 2 : 0.004 0.004 0.986 0.006
222 222 (0) 2 : 0.051 0.006 0.931 0.013
223 223 (0) 2 : 0.005 0.003 0.986 0.006
224 224 (0) 2 : 0.005 0.003 0.982 0.009
225 225 (0) 2 : 0.003 0.004 0.990 0.003
226 226 (0) 2 : 0.005 0.005 0.944 0.046
227 227 (0) 2 : 0.017 0.006 0.970 0.007
228 228 (0) 2 : 0.035 0.063 0.884 0.018
229 229 (0) 2 : 0.033 0.017 0.904 0.046
230 230 (0) 2 : 0.004 0.003 0.990 0.003
231 231 (0) 2 : 0.005 0.006 0.683 0.306
232 232 (0) 2 : 0.018 0.008 0.952 0.021
233 233 (0) 2 : 0.007 0.007 0.955 0.031
234 234 (0) 2 : 0.004 0.004 0.978 0.014
235 235 (0) 2 : 0.012 0.039 0.935 0.014
236 236 (0) 2 : 0.003 0.005 0.837 0.155
237 237 (0) 2 : 0.004 0.007 0.927 0.062
238 238 (0) 2 : 0.011 0.007 0.974 0.008
239 239 (0) 2 : 0.003 0.002 0.993 0.002
240 240 (0) 2 : 0.010 0.005 0.976 0.009
241 241 (0) 2 : 0.029 0.010 0.953 0.009
242 242 (0) 2 : 0.003 0.005 0.988 0.003
243 243 (0) 2 : 0.005 0.006 0.980 0.009
244 244 (0) 2 : 0.008 0.011 0.860 0.121
245 245 (0) 2 : 0.010 0.016 0.970 0.004
246 246 (0) 2 : 0.024 0.013 0.933 0.030
247 247 (0) 2 : 0.006 0.004 0.987 0.002
248 248 (0) 2 : 0.005 0.007 0.984 0.004
249 249 (0) 2 : 0.004 0.002 0.985 0.009
250 250 (0) 2 : 0.005 0.013 0.974 0.007
251 251 (0) 2 : 0.019 0.007 0.968 0.006
252 252 (0) 2 : 0.011 0.007 0.975 0.007
253 253 (0) 2 : 0.004 0.008 0.969 0.019
254 254 (0) 2 : 0.032 0.007 0.925 0.037
255 255 (0) 2 : 0.006 0.049 0.942 0.004
256 256 (0) 2 : 0.004 0.003 0.983 0.010
257 257 (0) 2 : 0.020 0.076 0.895 0.009
258 258 (0) 2 : 0.038 0.006 0.900 0.056
259 259 (0) 2 : 0.005 0.017 0.962 0.016
260 260 (0) 2 : 0.041 0.015 0.837 0.107
261 261 (0) 2 : 0.006 0.004 0.984 0.006
262 262 (0) 2 : 0.011 0.009 0.967 0.013
263 263 (0) 2 : 0.053 0.037 0.904 0.007
264 264 (0) 2 : 0.004 0.007 0.984 0.005
265 265 (0) 2 : 0.009 0.106 0.879 0.006
266 266 (0) 2 : 0.006 0.004 0.987 0.003
267 267 (0) 2 : 0.274 0.009 0.705 0.012
268 268 (0) 2 : 0.005 0.002 0.989 0.004
269 269 (0) 2 : 0.027 0.004 0.958 0.010
270 270 (0) 2 : 0.007 0.013 0.974 0.006
271 271 (0) 2 : 0.006 0.006 0.968 0.020
272 272 (0) 2 : 0.031 0.029 0.923 0.017
273 273 (0) 2 : 0.015 0.012 0.937 0.036
274 274 (0) 2 : 0.005 0.006 0.895 0.093
275 275 (0) 2 : 0.056 0.007 0.920 0.017
276 276 (0) 2 : 0.014 0.024 0.959 0.004
277 277 (0) 2 : 0.012 0.022 0.957 0.008
278 278 (0) 2 : 0.005 0.040 0.928 0.027
279 279 (0) 2 : 0.156 0.006 0.830 0.008
280 280 (0) 2 : 0.004 0.003 0.982 0.011
281 281 (0) 2 : 0.027 0.030 0.931 0.013
282 282 (0) 2 : 0.025 0.009 0.842 0.124
283 283 (0) 2 : 0.075 0.056 0.864 0.004
284 284 (0) 2 : 0.007 0.013 0.974 0.007
285 285 (0) 2 : 0.006 0.009 0.982 0.003
286 286 (0) 2 : 0.069 0.009 0.916 0.007
287 287 (0) 2 : 0.012 0.006 0.736 0.246
288 288 (0) 2 : 0.024 0.076 0.893 0.006
289 289 (0) 2 : 0.007 0.006 0.925 0.062
290 290 (0) 2 : 0.005 0.003 0.989 0.003
291 291 (0) 2 : 0.004 0.006 0.979 0.011
292 292 (0) 2 : 0.004 0.004 0.988 0.004
293 293 (0) 2 : 0.008 0.004 0.797 0.192
294 294 (0) 2 : 0.065 0.077 0.844 0.013
295 295 (0) 2 : 0.009 0.031 0.893 0.067
296 296 (0) 2 : 0.047 0.012 0.931 0.010
297 297 (0) 2 : 0.004 0.003 0.990 0.004
298 298 (0) 2 : 0.008 0.010 0.975 0.007
299 299 (0) 2 : 0.008 0.038 0.938 0.016
300 300 (0) 2 : 0.011 0.006 0.979 0.005
301 301 (5) 3 : 0.390 0.005 0.600 0.004
302 302 (0) 3 : 0.757 0.040 0.192 0.011
303 303 (0) 3 : 0.412 0.052 0.511 0.024
304 304 (5) 3 : 0.513 0.220 0.263 0.004
305 305 (5) 3 : 0.710 0.013 0.275 0.002
306 306 (0) 3 : 0.707 0.024 0.255 0.014
307 307 (0) 4 : 0.506 0.003 0.487 0.004
308 308 (0) 4 : 0.508 0.034 0.454 0.004
309 309 (0) 4 : 0.179 0.061 0.737 0.023
310 310 (0) 4 : 0.392 0.055 0.489 0.063
311 311 (0) 4 : 0.305 0.199 0.437 0.059
312 312 (0) 4 : 0.469 0.007 0.518 0.006
313 313 (0) 4 : 0.917 0.004 0.075 0.003
314 314 (0) 4 : 0.932 0.006 0.049 0.012
315 315 (0) 4 : 0.635 0.022 0.327 0.016
316 316 (0) 4 : 0.669 0.022 0.306 0.003
317 317 (0) 4 : 0.723 0.020 0.228 0.029
318 318 (0) 4 : 0.353 0.018 0.622 0.007
319 319 (0) 4 : 0.201 0.003 0.771 0.024
320 320 (0) 4 : 0.417 0.022 0.547 0.014
321 321 (0) 4 : 0.476 0.012 0.510 0.002
322 322 (0) 4 : 0.822 0.008 0.054 0.116
323 323 (0) 4 : 0.739 0.006 0.248 0.007
324 324 (0) 4 : 0.322 0.021 0.635 0.022
325 325 (0) 4 : 0.045 0.290 0.637 0.028
326 326 (0) 4 : 0.294 0.012 0.677 0.017
327 327 (0) 4 : 0.454 0.004 0.534 0.008
328 328 (0) 4 : 0.859 0.006 0.122 0.012
329 329 (0) 4 : 0.632 0.044 0.314 0.010
330 330 (0) 4 : 0.499 0.029 0.460 0.012
331 331 (0) 4 : 0.441 0.004 0.551 0.003
332 332 (0) 4 : 0.394 0.006 0.596 0.003
333 333 (0) 4 : 0.619 0.003 0.367 0.010
334 334 (0) 4 : 0.525 0.004 0.469 0.003
335 335 (0) 4 : 0.851 0.011 0.107 0.031
336 336 (0) 4 : 0.631 0.003 0.353 0.014
337 337 (0) 4 : 0.658 0.007 0.329 0.006
338 338 (0) 4 : 0.943 0.005 0.046 0.006
339 339 (0) 4 : 0.538 0.009 0.451 0.003
340 340 (0) 4 : 0.953 0.011 0.023 0.013
341 341 (0) 4 : 0.460 0.006 0.512 0.021
342 342 (0) 4 : 0.650 0.004 0.338 0.008
343 343 (0) 4 : 0.254 0.024 0.533 0.189
344 344 (0) 4 : 0.626 0.010 0.360 0.004
345 345 (0) 4 : 0.930 0.003 0.025 0.041
346 346 (0) 4 : 0.495 0.006 0.420 0.078
347 347 (0) 4 : 0.216 0.020 0.747 0.016
348 348 (0) 4 : 0.533 0.005 0.444 0.018
349 349 (0) 4 : 0.499 0.012 0.337 0.153
350 350 (0) 4 : 0.434 0.007 0.552 0.007
351 351 (0) 4 : 0.326 0.020 0.648 0.006
352 352 (0) 4 : 0.334 0.003 0.652 0.010
353 353 (0) 4 : 0.574 0.017 0.371 0.039
354 354 (0) 4 : 0.546 0.004 0.434 0.016
355 355 (0) 4 : 0.734 0.009 0.240 0.017
356 356 (0) 4 : 0.427 0.007 0.559 0.007
357 357 (0) 4 : 0.493 0.006 0.496 0.005
358 358 (0) 4 : 0.086 0.211 0.689 0.014
359 359 (0) 4 : 0.358 0.004 0.615 0.023
360 360 (0) 4 : 0.059 0.024 0.910 0.007
361 361 (0) 4 : 0.619 0.011 0.359 0.011
362 362 (0) 4 : 0.450 0.075 0.473 0.002
363 363 (0) 4 : 0.362 0.005 0.626 0.008
364 364 (0) 4 : 0.722 0.015 0.252 0.011
365 365 (0) 4 : 0.514 0.010 0.460 0.017
366 366 (0) 4 : 0.409 0.003 0.581 0.007
367 367 (0) 4 : 0.795 0.008 0.189 0.009
368 368 (0) 4 : 0.689 0.007 0.249 0.056
369 369 (0) 4 : 0.540 0.005 0.440 0.015
370 370 (0) 4 : 0.460 0.004 0.533 0.003
371 371 (0) 4 : 0.441 0.011 0.545 0.003
372 372 (0) 4 : 0.523 0.006 0.467 0.003
373 373 (0) 4 : 0.462 0.005 0.526 0.007
374 374 (0) 4 : 0.890 0.005 0.095 0.010
375 375 (0) 4 : 0.531 0.012 0.406 0.051
376 376 (0) 4 : 0.361 0.006 0.619 0.014
377 377 (0) 4 : 0.027 0.009 0.734 0.230
378 378 (0) 4 : 0.214 0.003 0.780 0.003
379 379 (0) 4 : 0.469 0.004 0.512 0.015
380 380 (0) 4 : 0.942 0.005 0.047 0.006
381 381 (0) 4 : 0.333 0.008 0.622 0.037
382 382 (0) 4 : 0.446 0.086 0.439 0.029
383 383 (0) 4 : 0.097 0.087 0.765 0.051
384 384 (0) 4 : 0.615 0.004 0.362 0.019
385 385 (0) 4 : 0.864 0.007 0.113 0.016
386 386 (0) 4 : 0.775 0.009 0.181 0.035
387 387 (0) 4 : 0.694 0.033 0.250 0.022
388 388 (0) 4 : 0.593 0.010 0.388 0.010
389 389 (0) 4 : 0.402 0.014 0.578 0.006
390 390 (0) 4 : 0.288 0.033 0.651 0.028
391 391 (0) 4 : 0.921 0.009 0.066 0.004
392 392 (0) 4 : 0.611 0.034 0.349 0.006
393 393 (0) 4 : 0.438 0.003 0.556 0.003
394 394 (0) 4 : 0.367 0.017 0.607 0.009
395 395 (0) 4 : 0.731 0.019 0.245 0.004
396 396 (0) 4 : 0.720 0.014 0.255 0.010
397 397 (0) 4 : 0.797 0.004 0.193 0.006
398 398 (0) 4 : 0.929 0.013 0.053 0.006
399 399 (0) 4 : 0.384 0.009 0.603 0.004
400 400 (0) 4 : 0.566 0.003 0.428 0.002
401 401 (0) 4 : 0.390 0.005 0.579 0.025
402 402 (0) 4 : 0.368 0.065 0.559 0.008
403 403 (0) 4 : 0.575 0.010 0.359 0.056
404 404 (0) 4 : 0.381 0.030 0.584 0.004
405 405 (0) 4 : 0.486 0.006 0.502 0.006
406 406 (0) 4 : 0.665 0.105 0.176 0.053
407 407 (0) 5 : 0.621 0.022 0.254 0.102
408 408 (0) 5 : 0.679 0.021 0.297 0.003
409 409 (0) 5 : 0.837 0.004 0.151 0.009
410 410 (0) 5 : 0.506 0.013 0.467 0.013
411 411 (0) 5 : 0.414 0.023 0.553 0.010
412 412 (0) 5 : 0.495 0.008 0.493 0.004
413 413 (0) 5 : 0.406 0.102 0.487 0.005
414 414 (0) 5 : 0.660 0.010 0.163 0.167
415 415 (0) 5 : 0.055 0.004 0.938 0.004
416 416 (0) 5 : 0.791 0.007 0.149 0.053
417 417 (0) 5 : 0.287 0.027 0.476 0.209
418 418 (0) 5 : 0.426 0.005 0.484 0.085
419 419 (0) 5 : 0.389 0.036 0.572 0.004
420 420 (0) 5 : 0.888 0.006 0.096 0.011
421 421 (0) 5 : 0.395 0.014 0.443 0.148
422 422 (0) 5 : 0.719 0.006 0.264 0.010
423 423 (0) 5 : 0.341 0.039 0.503 0.117
424 424 (0) 5 : 0.657 0.009 0.313 0.020
425 425 (0) 5 : 0.815 0.050 0.063 0.073
426 426 (0) 5 : 0.582 0.003 0.410 0.005
427 427 (0) 5 : 0.932 0.005 0.059 0.004
428 428 (0) 5 : 0.476 0.020 0.497 0.007
429 429 (0) 5 : 0.792 0.023 0.175 0.010
430 430 (0) 5 : 0.578 0.022 0.376 0.025
431 431 (0) 5 : 0.961 0.017 0.017 0.005
432 432 (0) 5 : 0.278 0.043 0.646 0.033
433 433 (0) 5 : 0.524 0.005 0.468 0.003
434 434 (0) 5 : 0.829 0.006 0.072 0.093
435 435 (0) 5 : 0.674 0.008 0.312 0.006
436 436 (0) 5 : 0.824 0.014 0.158 0.004
437 437 (0) 5 : 0.715 0.044 0.229 0.012
438 438 (0) 5 : 0.075 0.068 0.478 0.379
439 439 (0) 5 : 0.917 0.005 0.068 0.009
440 440 (0) 5 : 0.467 0.015 0.390 0.128
441 441 (0) 5 : 0.535 0.004 0.443 0.018
442 442 (0) 5 : 0.910 0.034 0.046 0.009
443 443 (0) 5 : 0.353 0.009 0.626 0.012
444 444 (0) 5 : 0.379 0.003 0.612 0.006
445 445 (0) 5 : 0.184 0.016 0.786 0.015
446 446 (0) 5 : 0.509 0.010 0.477 0.004
447 447 (0) 5 : 0.670 0.010 0.288 0.032
448 448 (0) 5 : 0.917 0.036 0.040 0.006
449 449 (0) 5 : 0.463 0.009 0.435 0.094
450 450 (0) 5 : 0.563 0.019 0.407 0.012
451 451 (0) 5 : 0.711 0.012 0.275 0.002
452 452 (0) 5 : 0.521 0.007 0.423 0.049
453 453 (0) 5 : 0.524 0.004 0.466 0.005
454 454 (0) 5 : 0.713 0.008 0.275 0.004
455 455 (0) 5 : 0.647 0.005 0.336 0.012
456 456 (0) 5 : 0.699 0.016 0.187 0.099
457 457 (0) 5 : 0.452 0.008 0.385 0.155
458 458 (0) 5 : 0.589 0.029 0.294 0.089
459 459 (0) 5 : 0.706 0.025 0.259 0.010
460 460 (0) 5 : 0.752 0.006 0.235 0.007
461 461 (0) 5 : 0.466 0.019 0.507 0.008
462 462 (0) 5 : 0.402 0.029 0.564 0.005
463 463 (0) 5 : 0.508 0.023 0.430 0.038
464 464 (0) 5 : 0.922 0.006 0.062 0.009
465 465 (0) 5 : 0.406 0.027 0.557 0.010
466 466 (0) 5 : 0.617 0.013 0.364 0.006
467 467 (0) 5 : 0.322 0.005 0.627 0.047
468 468 (0) 5 : 0.494 0.014 0.478 0.014
469 469 (0) 5 : 0.649 0.033 0.315 0.003
470 470 (0) 5 : 0.571 0.024 0.400 0.005
471 471 (0) 5 : 0.189 0.087 0.708 0.016
472 472 (0) 5 : 0.432 0.033 0.520 0.014
473 473 (0) 5 : 0.885 0.026 0.054 0.036
474 474 (0) 5 : 0.445 0.050 0.498 0.007
475 475 (0) 5 : 0.605 0.011 0.351 0.033
476 476 (0) 5 : 0.805 0.009 0.155 0.031
477 477 (0) 5 : 0.171 0.339 0.469 0.020
478 478 (0) 5 : 0.716 0.009 0.272 0.003
479 479 (0) 5 : 0.445 0.005 0.539 0.011
480 480 (0) 5 : 0.906 0.039 0.048 0.007
481 481 (0) 5 : 0.519 0.017 0.454 0.010
482 482 (0) 5 : 0.628 0.020 0.238 0.114
483 483 (0) 5 : 0.875 0.005 0.108 0.012
484 484 (0) 5 : 0.432 0.005 0.554 0.009
485 485 (0) 5 : 0.847 0.013 0.120 0.020
486 486 (0) 5 : 0.455 0.017 0.512 0.015
487 487 (0) 5 : 0.537 0.016 0.437 0.010
488 488 (0) 5 : 0.589 0.023 0.379 0.008
489 489 (0) 5 : 0.721 0.038 0.231 0.010
490 490 (0) 5 : 0.601 0.015 0.357 0.027
491 491 (0) 5 : 0.497 0.014 0.474 0.015
492 492 (0) 5 : 0.408 0.013 0.573 0.005
493 493 (0) 5 : 0.598 0.007 0.383 0.012
494 494 (0) 5 : 0.455 0.019 0.453 0.073
495 495 (0) 5 : 0.503 0.017 0.372 0.108
496 496 (0) 5 : 0.949 0.009 0.026 0.017
497 497 (0) 5 : 0.556 0.057 0.162 0.225
498 498 (0) 5 : 0.062 0.390 0.534 0.014
499 499 (0) 5 : 0.546 0.005 0.442 0.006
500 500 (0) 5 : 0.393 0.006 0.593 0.008
501 501 (0) 5 : 0.836 0.008 0.137 0.019
502 502 (0) 5 : 0.574 0.007 0.409 0.010
503 503 (0) 5 : 0.872 0.005 0.082 0.041
504 504 (0) 5 : 0.219 0.008 0.440 0.333
505 505 (0) 5 : 0.690 0.031 0.236 0.044
506 506 (0) 5 : 0.201 0.017 0.774 0.009
507 507 (0) 6 : 0.007 0.004 0.985 0.003
508 508 (0) 6 : 0.022 0.008 0.944 0.026
509 509 (0) 6 : 0.010 0.004 0.983 0.004
510 510 (0) 6 : 0.005 0.003 0.986 0.005
511 511 (0) 6 : 0.007 0.005 0.985 0.004
512 512 (0) 6 : 0.010 0.009 0.975 0.006
513 513 (0) 6 : 0.010 0.006 0.982 0.002
514 514 (0) 6 : 0.003 0.003 0.991 0.003
515 515 (0) 6 : 0.003 0.003 0.992 0.002
516 516 (0) 6 : 0.004 0.002 0.990 0.004
517 517 (0) 6 : 0.005 0.003 0.986 0.005
518 518 (0) 6 : 0.022 0.012 0.955 0.010
519 519 (0) 6 : 0.007 0.003 0.986 0.004
520 520 (0) 6 : 0.008 0.007 0.961 0.024
521 521 (0) 6 : 0.013 0.009 0.947 0.031
522 522 (0) 6 : 0.007 0.007 0.974 0.012
523 523 (0) 6 : 0.004 0.004 0.987 0.005
524 524 (0) 6 : 0.007 0.006 0.961 0.026
525 525 (0) 6 : 0.020 0.016 0.882 0.082
526 526 (0) 6 : 0.004 0.003 0.991 0.002
527 527 (0) 6 : 0.012 0.013 0.966 0.009
528 528 (0) 6 : 0.009 0.010 0.964 0.017
529 529 (0) 6 : 0.008 0.005 0.976 0.011
530 530 (0) 6 : 0.007 0.008 0.981 0.005
531 531 (0) 6 : 0.010 0.017 0.908 0.065
532 532 (0) 6 : 0.007 0.023 0.961 0.009
533 533 (0) 6 : 0.005 0.007 0.975 0.014
534 534 (0) 6 : 0.009 0.004 0.979 0.007
535 535 (0) 6 : 0.004 0.003 0.989 0.004
536 536 (0) 6 : 0.048 0.018 0.909 0.025
537 537 (0) 6 : 0.004 0.004 0.987 0.005
538 538 (0) 6 : 0.006 0.004 0.983 0.008
539 539 (0) 6 : 0.003 0.002 0.992 0.002
540 540 (0) 6 : 0.003 0.005 0.990 0.002
541 541 (0) 6 : 0.003 0.004 0.989 0.004
542 542 (0) 6 : 0.004 0.006 0.987 0.003
543 543 (0) 6 : 0.005 0.005 0.984 0.006
544 544 (0) 6 : 0.009 0.006 0.981 0.004
545 545 (0) 6 : 0.004 0.004 0.981 0.010
546 546 (0) 6 : 0.004 0.006 0.987 0.003
547 547 (0) 6 : 0.006 0.003 0.987 0.004
548 548 (0) 6 : 0.013 0.005 0.969 0.014
549 549 (0) 6 : 0.059 0.071 0.854 0.016
550 550 (0) 6 : 0.004 0.011 0.982 0.003
551 551 (0) 6 : 0.007 0.004 0.986 0.003
552 552 (0) 6 : 0.005 0.002 0.990 0.002
553 553 (0) 6 : 0.004 0.011 0.980 0.005
554 554 (0) 6 : 0.005 0.036 0.950 0.010
555 555 (0) 6 : 0.011 0.005 0.981 0.004
556 556 (0) 6 : 0.005 0.004 0.988 0.002
557 557 (0) 6 : 0.004 0.006 0.987 0.003
558 558 (0) 6 : 0.003 0.003 0.990 0.004
559 559 (0) 6 : 0.004 0.004 0.988 0.004
560 560 (0) 6 : 0.004 0.005 0.984 0.007
561 561 (0) 6 : 0.007 0.053 0.935 0.006
562 562 (0) 6 : 0.098 0.079 0.794 0.029
563 563 (0) 6 : 0.009 0.004 0.984 0.003
564 564 (0) 6 : 0.012 0.008 0.975 0.005
565 565 (0) 6 : 0.011 0.009 0.871 0.110
566 566 (0) 6 : 0.004 0.004 0.989 0.002
567 567 (0) 6 : 0.004 0.009 0.984 0.004
568 568 (0) 6 : 0.005 0.004 0.989 0.003
569 569 (0) 6 : 0.007 0.004 0.986 0.004
570 570 (0) 6 : 0.021 0.008 0.965 0.005
571 571 (0) 6 : 0.028 0.023 0.909 0.040
572 572 (0) 6 : 0.008 0.018 0.700 0.274
573 573 (0) 6 : 0.007 0.003 0.987 0.002
574 574 (0) 6 : 0.121 0.011 0.863 0.004
575 575 (0) 6 : 0.004 0.005 0.988 0.003
576 576 (0) 6 : 0.004 0.005 0.987 0.004
577 577 (0) 6 : 0.003 0.003 0.982 0.011
578 578 (0) 6 : 0.007 0.004 0.973 0.017
579 579 (0) 6 : 0.008 0.007 0.977 0.008
580 580 (0) 6 : 0.003 0.005 0.989 0.003
581 581 (0) 6 : 0.004 0.007 0.982 0.006
582 582 (0) 6 : 0.004 0.003 0.991 0.002
583 583 (0) 6 : 0.004 0.003 0.990 0.003
584 584 (0) 6 : 0.005 0.009 0.979 0.007
585 585 (0) 6 : 0.010 0.018 0.962 0.010
586 586 (0) 6 : 0.015 0.009 0.971 0.005
587 587 (0) 6 : 0.009 0.004 0.983 0.004
588 588 (0) 6 : 0.012 0.006 0.978 0.004
589 589 (0) 6 : 0.015 0.010 0.969 0.006
590 590 (0) 6 : 0.005 0.008 0.974 0.013
591 591 (0) 6 : 0.003 0.011 0.984 0.002
592 592 (0) 6 : 0.004 0.002 0.990 0.003
593 593 (0) 6 : 0.007 0.005 0.982 0.007
594 594 (0) 6 : 0.004 0.004 0.989 0.003
595 595 (0) 6 : 0.031 0.009 0.938 0.023
596 596 (0) 6 : 0.020 0.010 0.959 0.011
597 597 (0) 6 : 0.009 0.004 0.960 0.028
598 598 (0) 6 : 0.007 0.007 0.981 0.005
599 599 (0) 6 : 0.005 0.010 0.965 0.020
600 600 (0) 6 : 0.005 0.004 0.985 0.006
601 601 (0) 6 : 0.006 0.022 0.970 0.003
602 602 (0) 6 : 0.006 0.003 0.984 0.007
603 603 (0) 6 : 0.004 0.002 0.992 0.002
604 604 (0) 6 : 0.004 0.003 0.990 0.003
605 605 (0) 6 : 0.006 0.005 0.985 0.004
606 606 (0) 6 : 0.007 0.005 0.986 0.003
607 607 (0) 7 : 0.006 0.018 0.387 0.590
608 608 (0) 7 : 0.010 0.007 0.412 0.571
609 609 (0) 7 : 0.013 0.005 0.313 0.669
610 610 (0) 7 : 0.007 0.015 0.336 0.642
611 611 (0) 7 : 0.004 0.004 0.529 0.464
612 612 (0) 7 : 0.006 0.004 0.461 0.530
613 613 (0) 7 : 0.009 0.004 0.316 0.670
614 614 (0) 7 : 0.013 0.004 0.194 0.789
615 615 (0) 7 : 0.052 0.006 0.248 0.694
616 616 (0) 7 : 0.003 0.003 0.338 0.656
617 617 (0) 7 : 0.010 0.008 0.509 0.472
618 618 (0) 7 : 0.091 0.025 0.407 0.477
619 619 (0) 7 : 0.003 0.005 0.355 0.638
620 620 (0) 7 : 0.005 0.010 0.528 0.456
621 621 (0) 7 : 0.037 0.009 0.342 0.613
622 622 (0) 7 : 0.003 0.003 0.412 0.581
623 623 (0) 7 : 0.005 0.008 0.418 0.569
624 624 (0) 7 : 0.055 0.009 0.285 0.651
625 625 (0) 7 : 0.010 0.005 0.456 0.528
626 626 (0) 7 : 0.049 0.047 0.153 0.751
627 627 (0) 7 : 0.003 0.002 0.343 0.651
628 628 (0) 7 : 0.017 0.005 0.434 0.545
629 629 (0) 7 : 0.006 0.003 0.386 0.606
630 630 (0) 7 : 0.013 0.376 0.150 0.462
631 631 (0) 7 : 0.004 0.054 0.397 0.544
632 632 (0) 7 : 0.005 0.003 0.321 0.671
633 633 (0) 7 : 0.003 0.034 0.382 0.581
634 634 (0) 7 : 0.095 0.010 0.324 0.571
635 635 (0) 7 : 0.022 0.045 0.365 0.568
636 636 (0) 7 : 0.004 0.031 0.497 0.467
637 637 (0) 7 : 0.007 0.015 0.150 0.829
638 638 (0) 7 : 0.013 0.007 0.436 0.544
639 639 (0) 7 : 0.008 0.006 0.478 0.508
640 640 (0) 7 : 0.014 0.047 0.455 0.485
641 641 (0) 7 : 0.045 0.005 0.113 0.837
642 642 (0) 7 : 0.007 0.026 0.384 0.582
643 643 (0) 7 : 0.006 0.006 0.491 0.497
644 644 (0) 7 : 0.035 0.009 0.279 0.678
645 645 (0) 7 : 0.012 0.003 0.411 0.573
646 646 (0) 7 : 0.004 0.005 0.352 0.639
647 647 (0) 7 : 0.005 0.005 0.344 0.646
648 648 (0) 7 : 0.004 0.095 0.422 0.479
649 649 (0) 7 : 0.005 0.004 0.586 0.405
650 650 (0) 7 : 0.053 0.012 0.354 0.580
651 651 (0) 7 : 0.006 0.004 0.327 0.663
652 652 (0) 7 : 0.061 0.005 0.357 0.577
653 653 (0) 7 : 0.010 0.015 0.434 0.540
654 654 (0) 7 : 0.010 0.004 0.407 0.579
655 655 (0) 7 : 0.005 0.004 0.498 0.494
656 656 (0) 7 : 0.006 0.006 0.490 0.498
657 657 (0) 7 : 0.005 0.015 0.348 0.633
658 658 (0) 7 : 0.005 0.014 0.442 0.539
659 659 (0) 7 : 0.003 0.003 0.335 0.659
660 660 (0) 7 : 0.005 0.033 0.362 0.599
661 661 (0) 7 : 0.013 0.005 0.462 0.520
662 662 (0) 7 : 0.004 0.003 0.523 0.469
663 663 (0) 7 : 0.008 0.011 0.465 0.517
664 664 (0) 7 : 0.002 0.003 0.583 0.412
665 665 (0) 7 : 0.007 0.061 0.517 0.414
666 666 (0) 7 : 0.010 0.011 0.436 0.543
667 667 (0) 7 : 0.029 0.008 0.406 0.558
668 668 (0) 7 : 0.020 0.004 0.409 0.568
669 669 (0) 7 : 0.008 0.008 0.414 0.570
670 670 (0) 7 : 0.012 0.008 0.630 0.351
671 671 (0) 7 : 0.020 0.012 0.396 0.572
672 672 (0) 7 : 0.005 0.005 0.026 0.965
673 673 (0) 7 : 0.017 0.006 0.426 0.551
674 674 (0) 7 : 0.011 0.045 0.070 0.875
675 675 (0) 7 : 0.042 0.007 0.325 0.626
676 676 (0) 7 : 0.012 0.005 0.284 0.698
677 677 (0) 7 : 0.006 0.006 0.511 0.477
678 678 (0) 7 : 0.145 0.021 0.325 0.508
679 679 (0) 7 : 0.006 0.037 0.296 0.661
680 680 (0) 7 : 0.009 0.019 0.547 0.424
681 681 (0) 7 : 0.006 0.007 0.303 0.683
682 682 (0) 7 : 0.006 0.011 0.315 0.668
683 683 (0) 7 : 0.006 0.201 0.362 0.432
684 684 (0) 7 : 0.004 0.004 0.370 0.622
685 685 (0) 7 : 0.031 0.004 0.314 0.651
686 686 (0) 7 : 0.005 0.009 0.658 0.327
687 687 (0) 7 : 0.005 0.003 0.488 0.504
688 688 (0) 7 : 0.004 0.007 0.510 0.479
689 689 (0) 7 : 0.003 0.003 0.356 0.638
690 690 (0) 7 : 0.010 0.005 0.494 0.491
691 691 (0) 7 : 0.014 0.012 0.510 0.464
692 692 (0) 7 : 0.017 0.032 0.373 0.577
693 693 (0) 7 : 0.007 0.007 0.299 0.687
694 694 (0) 7 : 0.005 0.005 0.294 0.696
695 695 (0) 7 : 0.007 0.004 0.430 0.559
696 696 (0) 7 : 0.004 0.004 0.560 0.433
697 697 (0) 7 : 0.011 0.040 0.353 0.596
698 698 (0) 7 : 0.038 0.041 0.370 0.551
699 699 (0) 7 : 0.008 0.011 0.480 0.501
700 700 (0) 7 : 0.051 0.024 0.315 0.611
701 701 (0) 7 : 0.008 0.002 0.430 0.560
702 702 (0) 7 : 0.005 0.005 0.451 0.539
703 703 (0) 7 : 0.004 0.008 0.607 0.380
704 704 (0) 7 : 0.004 0.008 0.316 0.671
705 705 (0) 7 : 0.021 0.004 0.475 0.500
706 706 (0) 7 : 0.006 0.003 0.535 0.456
707 707 (0) 8 : 0.021 0.653 0.318 0.008
708 708 (0) 8 : 0.017 0.755 0.224 0.003
709 709 (0) 8 : 0.017 0.530 0.439 0.014
710 710 (0) 8 : 0.007 0.546 0.438 0.009
711 711 (0) 8 : 0.010 0.837 0.143 0.010
712 712 (0) 8 : 0.021 0.590 0.378 0.010
713 713 (0) 8 : 0.088 0.597 0.236 0.080
714 714 (0) 8 : 0.013 0.751 0.180 0.056
715 715 (0) 8 : 0.004 0.722 0.262 0.012
716 716 (0) 8 : 0.019 0.501 0.470 0.010
717 717 (0) 8 : 0.009 0.356 0.626 0.009
718 718 (0) 8 : 0.186 0.694 0.104 0.016
719 719 (0) 8 : 0.007 0.667 0.319 0.007
720 720 (0) 8 : 0.006 0.602 0.372 0.019
721 721 (0) 8 : 0.009 0.654 0.333 0.004
722 722 (0) 8 : 0.007 0.381 0.529 0.083
723 723 (0) 8 : 0.015 0.514 0.381 0.090
724 724 (0) 8 : 0.019 0.696 0.277 0.007
725 725 (0) 8 : 0.618 0.315 0.058 0.009
726 726 (0) 8 : 0.028 0.448 0.504 0.021
727 727 (0) 8 : 0.004 0.768 0.218 0.010
728 728 (0) 8 : 0.006 0.518 0.343 0.133
729 729 (0) 8 : 0.009 0.563 0.423 0.005
730 730 (0) 8 : 0.023 0.547 0.424 0.006
731 731 (0) 8 : 0.017 0.508 0.465 0.010
732 732 (0) 8 : 0.070 0.900 0.028 0.003
733 733 (0) 8 : 0.144 0.563 0.282 0.011
734 734 (0) 8 : 0.138 0.701 0.156 0.005
735 735 (0) 8 : 0.008 0.478 0.510 0.004
736 736 (0) 8 : 0.011 0.479 0.462 0.049
737 737 (0) 8 : 0.100 0.353 0.530 0.017
738 738 (0) 8 : 0.008 0.425 0.496 0.071
739 739 (0) 8 : 0.039 0.572 0.378 0.010
740 740 (0) 8 : 0.042 0.473 0.482 0.003
741 741 (0) 8 : 0.008 0.682 0.303 0.007
742 742 (0) 8 : 0.056 0.527 0.342 0.076
743 743 (0) 8 : 0.007 0.594 0.395 0.004
744 744 (0) 8 : 0.009 0.640 0.345 0.007
745 745 (0) 8 : 0.020 0.395 0.581 0.004
746 746 (0) 8 : 0.004 0.461 0.503 0.032
747 747 (0) 8 : 0.009 0.781 0.201 0.009
748 748 (0) 8 : 0.013 0.594 0.388 0.005
749 749 (0) 8 : 0.011 0.620 0.352 0.017
750 750 (0) 8 : 0.005 0.673 0.310 0.013
751 751 (0) 8 : 0.006 0.554 0.433 0.007
752 752 (0) 8 : 0.007 0.679 0.209 0.105
753 753 (0) 8 : 0.019 0.580 0.373 0.027
754 754 (0) 8 : 0.019 0.779 0.192 0.009
755 755 (0) 8 : 0.008 0.597 0.387 0.007
756 756 (0) 8 : 0.005 0.552 0.376 0.067
757 757 (0) 8 : 0.008 0.670 0.300 0.022
758 758 (0) 8 : 0.004 0.564 0.426 0.006
759 759 (0) 8 : 0.006 0.791 0.195 0.008
760 760 (0) 8 : 0.006 0.428 0.559 0.007
761 761 (0) 8 : 0.065 0.744 0.185 0.006
762 762 (0) 8 : 0.190 0.675 0.128 0.007
763 763 (0) 8 : 0.045 0.564 0.381 0.010
764 764 (0) 8 : 0.176 0.488 0.330 0.006
765 765 (0) 8 : 0.100 0.509 0.380 0.010
766 766 (0) 8 : 0.083 0.746 0.166 0.005
767 767 (0) 8 : 0.017 0.393 0.581 0.009
768 768 (0) 8 : 0.027 0.311 0.651 0.011
769 769 (0) 8 : 0.008 0.389 0.562 0.041
770 770 (0) 8 : 0.004 0.383 0.519 0.095
771 771 (0) 8 : 0.108 0.781 0.107 0.003
772 772 (0) 8 : 0.008 0.493 0.484 0.015
773 773 (0) 8 : 0.005 0.538 0.444 0.013
774 774 (0) 8 : 0.014 0.394 0.585 0.007
775 775 (0) 8 : 0.008 0.679 0.269 0.044
776 776 (0) 8 : 0.037 0.922 0.030 0.011
777 777 (0) 8 : 0.004 0.382 0.607 0.007
778 778 (0) 8 : 0.004 0.468 0.520 0.008
779 779 (0) 8 : 0.012 0.631 0.350 0.007
780 780 (0) 8 : 0.012 0.450 0.463 0.076
781 781 (0) 8 : 0.570 0.238 0.160 0.033
782 782 (0) 8 : 0.021 0.651 0.301 0.028
783 783 (0) 8 : 0.252 0.292 0.406 0.050
784 784 (0) 8 : 0.013 0.868 0.115 0.004
785 785 (0) 8 : 0.246 0.701 0.051 0.003
786 786 (0) 8 : 0.055 0.450 0.489 0.006
787 787 (0) 8 : 0.020 0.504 0.468 0.008
788 788 (0) 8 : 0.009 0.703 0.267 0.021
789 789 (0) 8 : 0.065 0.809 0.122 0.004
790 790 (0) 8 : 0.006 0.171 0.812 0.011
791 791 (0) 8 : 0.010 0.528 0.459 0.004
792 792 (0) 8 : 0.006 0.574 0.414 0.006
793 793 (0) 8 : 0.007 0.535 0.406 0.052
794 794 (0) 8 : 0.010 0.531 0.441 0.019
795 795 (0) 8 : 0.013 0.623 0.355 0.009
796 796 (0) 8 : 0.020 0.803 0.174 0.002
797 797 (0) 8 : 0.006 0.479 0.497 0.017
798 798 (0) 8 : 0.004 0.461 0.520 0.016
799 799 (0) 8 : 0.030 0.260 0.698 0.012
800 800 (0) 8 : 0.014 0.550 0.430 0.006
801 801 (0) 8 : 0.008 0.486 0.494 0.012
802 802 (0) 8 : 0.054 0.513 0.347 0.086
803 803 (0) 8 : 0.023 0.673 0.272 0.032
804 804 (0) 8 : 0.005 0.464 0.524 0.007
805 805 (0) 8 : 0.036 0.383 0.576 0.005
806 806 (0) 8 : 0.012 0.564 0.417 0.007
807 807 (0) 9 : 0.956 0.011 0.007 0.026
808 808 (0) 9 : 0.807 0.180 0.006 0.007
809 809 (0) 10 : 0.860 0.007 0.129 0.005
810 810 (0) 10 : 0.976 0.013 0.007 0.004
811 811 (0) 10 : 0.851 0.010 0.090 0.049
812 812 (0) 10 : 0.941 0.007 0.047 0.006
813 813 (0) 10 : 0.981 0.005 0.009 0.005
814 814 (0) 10 : 0.963 0.011 0.010 0.017
815 815 (0) 10 : 0.919 0.003 0.074 0.004
816 816 (0) 10 : 0.680 0.030 0.278 0.012
817 817 (0) 10 : 0.779 0.005 0.210 0.006
818 818 (0) 10 : 0.701 0.004 0.278 0.017
819 819 (0) 10 : 0.873 0.011 0.082 0.035
820 820 (0) 10 : 0.948 0.008 0.042 0.003
821 821 (0) 10 : 0.632 0.004 0.356 0.009
822 822 (0) 10 : 0.426 0.005 0.560 0.009
823 823 (0) 10 : 0.976 0.003 0.018 0.003
824 824 (0) 10 : 0.911 0.004 0.081 0.003
825 825 (0) 10 : 0.856 0.008 0.129 0.008
826 826 (0) 10 : 0.936 0.003 0.057 0.003
827 827 (0) 10 : 0.791 0.009 0.172 0.029
828 828 (0) 10 : 0.965 0.009 0.020 0.005
829 829 (0) 10 : 0.759 0.011 0.181 0.049
830 830 (0) 10 : 0.686 0.012 0.286 0.016
831 831 (0) 10 : 0.913 0.066 0.006 0.014
832 832 (0) 10 : 0.983 0.007 0.007 0.003
833 833 (0) 10 : 0.956 0.012 0.010 0.023
834 834 (0) 10 : 0.946 0.005 0.009 0.040
835 835 (0) 10 : 0.987 0.004 0.007 0.003
836 836 (0) 10 : 0.781 0.004 0.211 0.004
837 837 (0) 10 : 0.948 0.022 0.027 0.004
838 838 (0) 10 : 0.981 0.005 0.012 0.003
839 839 (0) 10 : 0.450 0.008 0.537 0.005
840 840 (0) 10 : 0.953 0.005 0.029 0.013
841 841 (0) 10 : 0.799 0.006 0.192 0.004
842 842 (0) 10 : 0.929 0.012 0.010 0.049
843 843 (0) 10 : 0.923 0.018 0.031 0.027
844 844 (0) 10 : 0.970 0.005 0.013 0.012
845 845 (0) 10 : 0.951 0.008 0.015 0.026
846 846 (0) 10 : 0.715 0.013 0.270 0.003
847 847 (0) 10 : 0.979 0.004 0.008 0.009
848 848 (0) 10 : 0.857 0.026 0.108 0.010
849 849 (0) 10 : 0.385 0.020 0.591 0.004
850 850 (0) 10 : 0.766 0.006 0.131 0.097
851 851 (0) 10 : 0.815 0.006 0.175 0.005
852 852 (0) 10 : 0.819 0.004 0.165 0.011
853 853 (0) 10 : 0.969 0.004 0.013 0.014
854 854 (0) 10 : 0.714 0.011 0.248 0.027
855 855 (0) 10 : 0.525 0.009 0.460 0.006
856 856 (0) 10 : 0.895 0.010 0.079 0.016
857 857 (0) 10 : 0.975 0.005 0.013 0.007
858 858 (0) 10 : 0.914 0.018 0.065 0.003
859 859 (0) 10 : 0.953 0.011 0.031 0.005
860 860 (0) 10 : 0.743 0.008 0.240 0.009
861 861 (0) 10 : 0.672 0.027 0.296 0.005
862 862 (0) 10 : 0.985 0.004 0.008 0.002
863 863 (0) 10 : 0.872 0.021 0.097 0.010
864 864 (0) 10 : 0.789 0.005 0.181 0.025
865 865 (0) 10 : 0.806 0.005 0.186 0.003
866 866 (0) 10 : 0.537 0.005 0.454 0.003
867 867 (0) 10 : 0.796 0.013 0.182 0.009
868 868 (0) 10 : 0.985 0.004 0.009 0.002
869 869 (0) 10 : 0.946 0.006 0.026 0.022
870 870 (0) 10 : 0.923 0.037 0.035 0.005
871 871 (0) 10 : 0.604 0.004 0.381 0.011
872 872 (0) 10 : 0.877 0.009 0.101 0.013
873 873 (0) 10 : 0.969 0.007 0.017 0.008
874 874 (0) 10 : 0.981 0.003 0.011 0.004
875 875 (0) 10 : 0.961 0.003 0.033 0.003
876 876 (0) 10 : 0.711 0.023 0.258 0.007
877 877 (0) 10 : 0.826 0.003 0.168 0.003
878 878 (0) 10 : 0.573 0.017 0.407 0.003
879 879 (0) 10 : 0.935 0.045 0.010 0.010
880 880 (0) 10 : 0.643 0.006 0.344 0.007
881 881 (0) 10 : 0.940 0.015 0.033 0.012
882 882 (0) 10 : 0.815 0.010 0.168 0.007
883 883 (0) 10 : 0.917 0.004 0.076 0.003
884 884 (0) 10 : 0.740 0.004 0.253 0.003
885 885 (0) 10 : 0.904 0.004 0.088 0.004
886 886 (0) 10 : 0.948 0.012 0.009 0.031
887 887 (0) 10 : 0.878 0.005 0.113 0.005
888 888 (0) 10 : 0.953 0.011 0.030 0.006
889 889 (0) 10 : 0.900 0.004 0.087 0.008
890 890 (0) 10 : 0.731 0.005 0.257 0.007
891 891 (0) 10 : 0.981 0.005 0.009 0.004
892 892 (0) 10 : 0.878 0.006 0.110 0.006
893 893 (0) 10 : 0.904 0.035 0.058 0.002
894 894 (0) 10 : 0.977 0.008 0.011 0.005
895 895 (0) 10 : 0.892 0.007 0.098 0.003
896 896 (0) 10 : 0.931 0.024 0.039 0.006
897 897 (0) 10 : 0.895 0.024 0.064 0.017
898 898 (0) 10 : 0.638 0.003 0.352 0.007
899 899 (0) 10 : 0.970 0.003 0.022 0.005
900 900 (0) 10 : 0.972 0.003 0.016 0.008
901 901 (0) 10 : 0.987 0.003 0.006 0.004
902 902 (0) 10 : 0.850 0.057 0.084 0.009
903 903 (0) 10 : 0.540 0.005 0.449 0.006
904 904 (0) 10 : 0.795 0.007 0.179 0.019
905 905 (0) 10 : 0.821 0.007 0.167 0.005
906 906 (0) 10 : 0.709 0.018 0.267 0.006
907 907 (0) 10 : 0.964 0.004 0.025 0.008
908 908 (0) 10 : 0.978 0.009 0.009 0.004
909 909 (0) 11 : 0.895 0.032 0.050 0.024
910 910 (0) 11 : 0.950 0.015 0.019 0.016
911 911 (0) 11 : 0.965 0.005 0.022 0.008
912 912 (0) 11 : 0.903 0.017 0.039 0.041
913 913 (0) 11 : 0.972 0.007 0.013 0.008
914 914 (0) 11 : 0.711 0.008 0.277 0.004
915 915 (0) 11 : 0.895 0.033 0.026 0.046
916 916 (0) 11 : 0.965 0.014 0.011 0.010
917 917 (0) 11 : 0.985 0.004 0.008 0.003
918 918 (0) 11 : 0.976 0.006 0.012 0.007
919 919 (0) 11 : 0.925 0.006 0.013 0.056
920 920 (0) 11 : 0.947 0.013 0.027 0.012
921 921 (0) 11 : 0.751 0.009 0.236 0.004
922 922 (0) 11 : 0.939 0.005 0.026 0.030
923 923 (0) 11 : 0.798 0.011 0.049 0.142
924 924 (0) 11 : 0.830 0.029 0.128 0.012
925 925 (0) 11 : 0.959 0.004 0.032 0.005
926 926 (0) 11 : 0.872 0.015 0.087 0.027
927 927 (0) 11 : 0.963 0.006 0.027 0.005
928 928 (0) 11 : 0.943 0.017 0.019 0.020
929 929 (0) 11 : 0.943 0.004 0.049 0.004
930 930 (0) 11 : 0.928 0.038 0.004 0.030
931 931 (0) 11 : 0.963 0.016 0.018 0.003
932 932 (0) 11 : 0.990 0.003 0.004 0.003
933 933 (0) 11 : 0.483 0.464 0.049 0.004
934 934 (0) 11 : 0.945 0.022 0.005 0.027
935 935 (0) 11 : 0.966 0.004 0.026 0.004
936 936 (0) 11 : 0.972 0.004 0.019 0.004
937 937 (0) 11 : 0.986 0.006 0.003 0.005
938 938 (0) 11 : 0.942 0.026 0.028 0.003
939 939 (0) 11 : 0.332 0.047 0.461 0.160
940 940 (0) 11 : 0.577 0.070 0.294 0.060
941 941 (0) 11 : 0.865 0.121 0.010 0.003
942 942 (0) 11 : 0.649 0.054 0.287 0.010
943 943 (0) 11 : 0.723 0.009 0.201 0.067
944 944 (0) 11 : 0.778 0.021 0.191 0.010
945 945 (0) 11 : 0.682 0.006 0.290 0.023
946 946 (0) 11 : 0.137 0.035 0.768 0.061
947 947 (0) 11 : 0.964 0.007 0.025 0.003
948 948 (0) 11 : 0.843 0.011 0.142 0.004
949 949 (0) 11 : 0.744 0.074 0.117 0.066
950 950 (0) 11 : 0.880 0.006 0.081 0.033
951 951 (0) 11 : 0.817 0.016 0.036 0.132
952 952 (0) 11 : 0.803 0.004 0.006 0.187
953 953 (0) 11 : 0.897 0.006 0.010 0.086
954 954 (0) 11 : 0.973 0.008 0.014 0.005
955 955 (0) 11 : 0.926 0.005 0.056 0.013
956 956 (0) 11 : 0.909 0.004 0.071 0.016
957 957 (0) 11 : 0.927 0.015 0.053 0.005
958 958 (0) 11 : 0.707 0.008 0.016 0.269
959 959 (0) 11 : 0.976 0.007 0.006 0.012
960 960 (0) 11 : 0.921 0.006 0.068 0.005
961 961 (0) 11 : 0.706 0.257 0.015 0.021
962 962 (0) 11 : 0.983 0.007 0.008 0.003
963 963 (0) 11 : 0.931 0.007 0.048 0.014
964 964 (0) 11 : 0.945 0.018 0.023 0.014
965 965 (0) 11 : 0.955 0.011 0.029 0.006
966 966 (0) 11 : 0.963 0.006 0.015 0.016
967 967 (0) 11 : 0.803 0.022 0.015 0.159
968 968 (0) 11 : 0.917 0.059 0.005 0.019
969 969 (0) 11 : 0.976 0.007 0.009 0.008
970 970 (0) 11 : 0.848 0.027 0.065 0.061
971 971 (0) 11 : 0.934 0.041 0.016 0.009
972 972 (0) 11 : 0.701 0.180 0.108 0.012
973 973 (0) 11 : 0.787 0.006 0.171 0.036
974 974 (0) 11 : 0.767 0.005 0.192 0.036
975 975 (0) 11 : 0.982 0.005 0.009 0.004
976 976 (0) 11 : 0.978 0.006 0.008 0.008
977 977 (0) 11 : 0.900 0.003 0.094 0.003
978 978 (0) 11 : 0.912 0.031 0.024 0.033
979 979 (0) 11 : 0.646 0.012 0.334 0.007
980 980 (0) 11 : 0.980 0.004 0.009 0.007
981 981 (0) 11 : 0.965 0.018 0.007 0.009
982 982 (0) 11 : 0.804 0.010 0.170 0.017
983 983 (0) 11 : 0.950 0.008 0.031 0.011
984 984 (0) 11 : 0.520 0.003 0.471 0.006
985 985 (0) 11 : 0.742 0.224 0.028 0.007
986 986 (0) 11 : 0.893 0.005 0.088 0.014
987 987 (0) 11 : 0.982 0.007 0.007 0.004
988 988 (0) 11 : 0.561 0.009 0.408 0.022
989 989 (0) 11 : 0.970 0.009 0.015 0.006
990 990 (0) 11 : 0.889 0.030 0.037 0.045
991 991 (0) 11 : 0.731 0.197 0.064 0.008
992 992 (0) 11 : 0.939 0.008 0.048 0.006
993 993 (0) 11 : 0.793 0.190 0.010 0.006
994 994 (0) 11 : 0.978 0.014 0.003 0.004
995 995 (0) 11 : 0.745 0.067 0.163 0.026
996 996 (0) 11 : 0.980 0.005 0.005 0.010
997 997 (0) 11 : 0.828 0.008 0.012 0.152
998 998 (0) 11 : 0.977 0.011 0.007 0.005
999 999 (0) 11 : 0.900 0.004 0.090 0.006
1000 1000 (0) 11 : 0.590 0.012 0.394 0.004
1001 1001 (0) 11 : 0.742 0.005 0.248 0.005
1002 1002 (0) 11 : 0.973 0.012 0.007 0.008
1003 1003 (0) 11 : 0.967 0.018 0.011 0.003
1004 1004 (0) 11 : 0.895 0.030 0.012 0.063
1005 1005 (0) 11 : 0.764 0.028 0.201 0.007
1006 1006 (0) 11 : 0.838 0.093 0.036 0.033
1007 1007 (0) 11 : 0.705 0.007 0.204 0.084
1008 1008 (0) 11 : 0.945 0.006 0.045 0.004
1009 1009 (0) 12 : 0.008 0.008 0.981 0.003
1010 1010 (0) 12 : 0.010 0.020 0.966 0.003
1011 1011 (0) 12 : 0.005 0.015 0.976 0.004
1012 1012 (0) 12 : 0.004 0.006 0.985 0.006
1013 1013 (0) 12 : 0.004 0.002 0.992 0.002
1014 1014 (0) 12 : 0.010 0.003 0.984 0.003
1015 1015 (0) 12 : 0.012 0.017 0.956 0.016
1016 1016 (0) 12 : 0.003 0.003 0.992 0.002
1017 1017 (0) 12 : 0.009 0.024 0.955 0.012
1018 1018 (0) 12 : 0.013 0.022 0.949 0.016
1019 1019 (0) 12 : 0.004 0.003 0.991 0.003
1020 1020 (0) 12 : 0.005 0.008 0.984 0.003
1021 1021 (0) 12 : 0.007 0.007 0.969 0.017
1022 1022 (0) 12 : 0.019 0.006 0.969 0.006
1023 1023 (0) 12 : 0.004 0.004 0.989 0.003
1024 1024 (0) 12 : 0.003 0.003 0.991 0.002
1025 1025 (0) 12 : 0.006 0.002 0.990 0.002
1026 1026 (0) 12 : 0.005 0.009 0.982 0.004
1027 1027 (0) 12 : 0.003 0.004 0.989 0.004
1028 1028 (0) 12 : 0.007 0.004 0.944 0.045
1029 1029 (0) 12 : 0.007 0.011 0.862 0.120
1030 1030 (0) 12 : 0.004 0.004 0.989 0.003
1031 1031 (0) 12 : 0.007 0.010 0.977 0.006
1032 1032 (0) 12 : 0.005 0.006 0.986 0.003
1033 1033 (0) 12 : 0.008 0.005 0.983 0.004
1034 1034 (0) 12 : 0.011 0.006 0.964 0.018
1035 1035 (0) 12 : 0.008 0.003 0.984 0.004
1036 1036 (0) 12 : 0.005 0.003 0.990 0.002
1037 1037 (0) 12 : 0.006 0.004 0.987 0.003
1038 1038 (0) 12 : 0.006 0.004 0.987 0.003
1039 1039 (0) 12 : 0.003 0.004 0.990 0.003
1040 1040 (0) 12 : 0.006 0.007 0.984 0.003
1041 1041 (0) 12 : 0.005 0.004 0.989 0.003
1042 1042 (0) 12 : 0.003 0.003 0.991 0.002
1043 1043 (0) 12 : 0.008 0.016 0.958 0.018
1044 1044 (0) 12 : 0.005 0.003 0.989 0.002
1045 1045 (0) 12 : 0.006 0.017 0.974 0.003
1046 1046 (0) 12 : 0.110 0.132 0.754 0.004
1047 1047 (0) 12 : 0.031 0.014 0.920 0.035
1048 1048 (0) 12 : 0.003 0.004 0.992 0.002
1049 1049 (0) 12 : 0.004 0.009 0.986 0.002
1050 1050 (0) 12 : 0.012 0.008 0.976 0.004
1051 1051 (0) 12 : 0.019 0.008 0.947 0.026
1052 1052 (0) 12 : 0.009 0.006 0.982 0.003
1053 1053 (0) 12 : 0.009 0.003 0.985 0.003
1054 1054 (0) 12 : 0.005 0.005 0.986 0.003
1055 1055 (0) 12 : 0.005 0.004 0.990 0.002
1056 1056 (0) 12 : 0.006 0.006 0.976 0.013
1057 1057 (0) 12 : 0.006 0.003 0.989 0.002
1058 1058 (0) 12 : 0.013 0.014 0.963 0.010
1059 1059 (0) 12 : 0.011 0.005 0.980 0.004
1060 1060 (0) 12 : 0.004 0.002 0.993 0.002
1061 1061 (0) 12 : 0.005 0.004 0.987 0.004
1062 1062 (0) 12 : 0.003 0.005 0.984 0.008
1063 1063 (0) 12 : 0.006 0.005 0.985 0.004
1064 1064 (0) 12 : 0.003 0.003 0.992 0.002
1065 1065 (0) 12 : 0.006 0.004 0.986 0.004
1066 1066 (0) 12 : 0.008 0.006 0.981 0.004
1067 1067 (0) 12 : 0.005 0.003 0.990 0.003
1068 1068 (0) 12 : 0.005 0.003 0.991 0.002
1069 1069 (0) 12 : 0.009 0.006 0.982 0.003
1070 1070 (0) 12 : 0.004 0.002 0.992 0.002
1071 1071 (0) 12 : 0.004 0.003 0.989 0.003
1072 1072 (0) 12 : 0.004 0.003 0.990 0.003
1073 1073 (0) 12 : 0.004 0.006 0.985 0.005
1074 1074 (0) 12 : 0.005 0.013 0.975 0.007
1075 1075 (0) 12 : 0.003 0.004 0.991 0.002
1076 1076 (0) 12 : 0.007 0.004 0.986 0.003
1077 1077 (0) 12 : 0.003 0.004 0.991 0.002
1078 1078 (0) 12 : 0.004 0.004 0.989 0.003
1079 1079 (0) 12 : 0.004 0.005 0.989 0.002
1080 1080 (0) 12 : 0.008 0.011 0.958 0.023
1081 1081 (0) 12 : 0.006 0.004 0.988 0.002
1082 1082 (0) 12 : 0.003 0.003 0.991 0.003
1083 1083 (0) 12 : 0.006 0.004 0.988 0.003
1084 1084 (0) 12 : 0.025 0.049 0.920 0.006
1085 1085 (0) 12 : 0.007 0.004 0.983 0.006
1086 1086 (0) 12 : 0.081 0.021 0.890 0.008
1087 1087 (0) 12 : 0.003 0.002 0.993 0.002
1088 1088 (0) 12 : 0.008 0.010 0.978 0.004
1089 1089 (0) 12 : 0.005 0.003 0.987 0.005
1090 1090 (0) 12 : 0.013 0.003 0.977 0.007
1091 1091 (0) 12 : 0.003 0.003 0.993 0.002
1092 1092 (0) 12 : 0.007 0.003 0.987 0.003
1093 1093 (0) 12 : 0.014 0.017 0.955 0.014
1094 1094 (0) 12 : 0.003 0.005 0.986 0.005
1095 1095 (0) 12 : 0.011 0.003 0.979 0.006
1096 1096 (0) 12 : 0.007 0.003 0.988 0.002
1097 1097 (0) 12 : 0.004 0.008 0.983 0.005
1098 1098 (0) 12 : 0.003 0.003 0.991 0.003
1099 1099 (0) 12 : 0.007 0.012 0.973 0.007
1100 1100 (0) 12 : 0.006 0.006 0.982 0.006
1101 1101 (0) 12 : 0.005 0.004 0.985 0.007
1102 1102 (0) 12 : 0.005 0.004 0.988 0.003
1103 1103 (0) 12 : 0.004 0.003 0.991 0.002
1104 1104 (0) 12 : 0.006 0.003 0.990 0.002
1105 1105 (0) 12 : 0.005 0.006 0.984 0.006
1106 1106 (0) 12 : 0.008 0.005 0.983 0.004
1107 1107 (0) 12 : 0.004 0.010 0.978 0.008
1108 1108 (0) 12 : 0.005 0.004 0.987 0.004
1109 1109 (0) 13 : 0.004 0.020 0.050 0.927
1110 1110 (0) 13 : 0.009 0.021 0.011 0.960
1111 1111 (0) 13 : 0.004 0.004 0.266 0.726
1112 1112 (0) 13 : 0.004 0.004 0.005 0.988
1113 1113 (0) 13 : 0.067 0.011 0.216 0.706
1114 1114 (0) 13 : 0.010 0.010 0.032 0.947
1115 1115 (0) 13 : 0.007 0.020 0.005 0.968
1116 1116 (0) 13 : 0.006 0.007 0.026 0.961
1117 1117 (0) 13 : 0.005 0.008 0.043 0.944
1118 1118 (0) 13 : 0.003 0.003 0.006 0.989
1119 1119 (0) 13 : 0.087 0.006 0.026 0.881
1120 1120 (0) 13 : 0.049 0.028 0.038 0.885
1121 1121 (0) 13 : 0.007 0.007 0.140 0.846
1122 1122 (0) 13 : 0.006 0.067 0.302 0.625
1123 1123 (0) 13 : 0.017 0.014 0.097 0.872
1124 1124 (0) 13 : 0.003 0.014 0.019 0.964
1125 1125 (0) 13 : 0.062 0.014 0.096 0.828
1126 1126 (0) 13 : 0.005 0.005 0.004 0.986
1127 1127 (0) 13 : 0.004 0.006 0.006 0.983
1128 1128 (0) 13 : 0.009 0.013 0.063 0.915
1129 1129 (0) 13 : 0.011 0.025 0.191 0.773
1130 1130 (0) 13 : 0.053 0.030 0.116 0.801
1131 1131 (0) 13 : 0.026 0.031 0.052 0.890
1132 1132 (0) 13 : 0.004 0.010 0.019 0.967
1133 1133 (0) 13 : 0.005 0.035 0.022 0.938
1134 1134 (0) 13 : 0.004 0.003 0.115 0.878
1135 1135 (0) 13 : 0.010 0.027 0.245 0.719
1136 1136 (0) 13 : 0.092 0.152 0.019 0.736
1137 1137 (0) 13 : 0.003 0.004 0.005 0.988
1138 1138 (0) 13 : 0.005 0.048 0.080 0.867
1139 1139 (0) 13 : 0.004 0.003 0.049 0.944
1140 1140 (0) 13 : 0.034 0.014 0.260 0.693
1141 1141 (0) 13 : 0.034 0.014 0.098 0.855
1142 1142 (0) 13 : 0.100 0.013 0.049 0.838
1143 1143 (0) 13 : 0.017 0.079 0.084 0.820
1144 1144 (0) 13 : 0.017 0.027 0.067 0.888
1145 1145 (0) 13 : 0.025 0.005 0.166 0.803
1146 1146 (0) 13 : 0.007 0.005 0.008 0.980
1147 1147 (0) 13 : 0.005 0.015 0.004 0.976
1148 1148 (0) 13 : 0.013 0.007 0.027 0.953
1149 1149 (0) 13 : 0.013 0.015 0.013 0.960
1150 1150 (0) 13 : 0.004 0.004 0.150 0.842
1151 1151 (0) 13 : 0.019 0.015 0.075 0.891
1152 1152 (0) 13 : 0.025 0.026 0.031 0.918
1153 1153 (0) 13 : 0.006 0.009 0.032 0.953
1154 1154 (0) 13 : 0.007 0.437 0.012 0.545
1155 1155 (0) 13 : 0.005 0.005 0.015 0.975
1156 1156 (0) 13 : 0.003 0.003 0.005 0.990
1157 1157 (0) 13 : 0.041 0.005 0.057 0.897
1158 1158 (0) 13 : 0.006 0.015 0.038 0.942
1159 1159 (0) 13 : 0.029 0.023 0.063 0.885
1160 1160 (0) 13 : 0.006 0.007 0.016 0.971
1161 1161 (0) 13 : 0.012 0.003 0.197 0.788
1162 1162 (0) 13 : 0.004 0.005 0.006 0.985
1163 1163 (0) 13 : 0.006 0.004 0.009 0.981
1164 1164 (0) 13 : 0.014 0.002 0.084 0.899
1165 1165 (0) 13 : 0.005 0.014 0.088 0.894
1166 1166 (0) 13 : 0.012 0.003 0.189 0.796
1167 1167 (0) 13 : 0.004 0.005 0.010 0.982
1168 1168 (0) 13 : 0.012 0.003 0.011 0.974
1169 1169 (0) 13 : 0.008 0.005 0.380 0.607
1170 1170 (0) 13 : 0.008 0.006 0.074 0.912
1171 1171 (0) 13 : 0.005 0.004 0.195 0.796
1172 1172 (0) 13 : 0.012 0.004 0.023 0.961
1173 1173 (0) 13 : 0.006 0.012 0.084 0.897
1174 1174 (0) 13 : 0.011 0.003 0.023 0.962
1175 1175 (0) 13 : 0.008 0.012 0.260 0.720
1176 1176 (0) 13 : 0.009 0.005 0.023 0.963
1177 1177 (0) 13 : 0.031 0.006 0.132 0.831
1178 1178 (0) 13 : 0.006 0.004 0.200 0.790
1179 1179 (0) 13 : 0.011 0.007 0.018 0.964
1180 1180 (0) 13 : 0.086 0.036 0.191 0.687
1181 1181 (0) 13 : 0.068 0.027 0.071 0.835
1182 1182 (0) 13 : 0.008 0.018 0.008 0.967
1183 1183 (0) 13 : 0.003 0.007 0.008 0.983
1184 1184 (0) 13 : 0.027 0.004 0.300 0.669
1185 1185 (0) 13 : 0.013 0.057 0.053 0.877
1186 1186 (0) 13 : 0.006 0.011 0.231 0.751
1187 1187 (0) 13 : 0.003 0.004 0.145 0.848
1188 1188 (0) 13 : 0.003 0.003 0.010 0.984
1189 1189 (0) 13 : 0.003 0.005 0.004 0.989
1190 1190 (0) 13 : 0.005 0.005 0.008 0.983
1191 1191 (0) 13 : 0.026 0.011 0.019 0.943
1192 1192 (0) 13 : 0.008 0.013 0.159 0.820
1193 1193 (0) 13 : 0.027 0.007 0.056 0.911
1194 1194 (0) 13 : 0.003 0.003 0.006 0.988
1195 1195 (0) 13 : 0.008 0.009 0.045 0.938
1196 1196 (0) 13 : 0.015 0.028 0.029 0.929
1197 1197 (0) 13 : 0.227 0.011 0.007 0.754
1198 1198 (0) 13 : 0.009 0.008 0.227 0.757
1199 1199 (0) 13 : 0.007 0.003 0.007 0.983
1200 1200 (0) 13 : 0.053 0.008 0.122 0.817
1201 1201 (0) 13 : 0.008 0.006 0.017 0.969
1202 1202 (0) 13 : 0.012 0.006 0.009 0.973
1203 1203 (0) 13 : 0.216 0.007 0.008 0.770
1204 1204 (0) 13 : 0.007 0.005 0.213 0.775
1205 1205 (0) 13 : 0.073 0.010 0.040 0.877
1206 1206 (0) 13 : 0.010 0.012 0.108 0.870
1207 1207 (0) 13 : 0.003 0.011 0.004 0.981
1208 1208 (0) 13 : 0.120 0.009 0.107 0.765
1209 1209 (0) 14 : 0.068 0.731 0.196 0.005
1210 1210 (0) 14 : 0.017 0.706 0.274 0.003
1211 1211 (0) 14 : 0.012 0.859 0.113 0.015
1212 1212 (0) 14 : 0.011 0.869 0.083 0.037
1213 1213 (0) 14 : 0.016 0.969 0.006 0.009
1214 1214 (0) 14 : 0.027 0.918 0.037 0.018
1215 1215 (0) 14 : 0.038 0.914 0.041 0.008
1216 1216 (0) 14 : 0.051 0.889 0.051 0.010
1217 1217 (0) 14 : 0.167 0.775 0.053 0.005
1218 1218 (0) 14 : 0.022 0.862 0.103 0.014
1219 1219 (0) 14 : 0.006 0.971 0.014 0.009
1220 1220 (0) 14 : 0.004 0.897 0.089 0.009
1221 1221 (0) 14 : 0.004 0.986 0.007 0.003
1222 1222 (0) 14 : 0.003 0.988 0.003 0.007
1223 1223 (0) 14 : 0.005 0.937 0.048 0.010
1224 1224 (0) 14 : 0.005 0.592 0.391 0.013
1225 1225 (0) 14 : 0.006 0.675 0.316 0.004
1226 1226 (0) 14 : 0.007 0.970 0.015 0.007
1227 1227 (0) 14 : 0.026 0.806 0.141 0.027
1228 1228 (0) 14 : 0.006 0.980 0.007 0.008
1229 1229 (0) 14 : 0.092 0.814 0.083 0.012
1230 1230 (0) 14 : 0.017 0.896 0.072 0.015
1231 1231 (0) 14 : 0.012 0.811 0.144 0.032
1232 1232 (0) 14 : 0.012 0.919 0.065 0.003
1233 1233 (0) 14 : 0.020 0.907 0.070 0.003
1234 1234 (0) 14 : 0.006 0.949 0.020 0.024
1235 1235 (0) 14 : 0.030 0.933 0.035 0.003
1236 1236 (0) 14 : 0.003 0.990 0.003 0.005
1237 1237 (0) 14 : 0.013 0.584 0.384 0.019
1238 1238 (0) 14 : 0.013 0.662 0.318 0.007
1239 1239 (0) 14 : 0.019 0.620 0.350 0.010
1240 1240 (0) 14 : 0.007 0.947 0.038 0.008
1241 1241 (0) 14 : 0.067 0.738 0.191 0.003
1242 1242 (0) 14 : 0.008 0.743 0.245 0.003
1243 1243 (0) 14 : 0.019 0.968 0.008 0.005
1244 1244 (0) 14 : 0.006 0.820 0.007 0.168
1245 1245 (0) 14 : 0.011 0.925 0.048 0.017
1246 1246 (0) 14 : 0.017 0.927 0.052 0.003
1247 1247 (0) 14 : 0.019 0.962 0.013 0.006
1248 1248 (0) 14 : 0.199 0.724 0.075 0.003
1249 1249 (0) 14 : 0.029 0.946 0.014 0.011
1250 1250 (0) 14 : 0.034 0.741 0.213 0.012
1251 1251 (0) 14 : 0.005 0.856 0.125 0.015
1252 1252 (0) 14 : 0.108 0.827 0.061 0.004
1253 1253 (0) 14 : 0.013 0.967 0.010 0.010
1254 1254 (0) 14 : 0.011 0.740 0.237 0.012
1255 1255 (0) 14 : 0.122 0.520 0.209 0.149
1256 1256 (0) 14 : 0.019 0.772 0.202 0.007
1257 1257 (0) 14 : 0.006 0.962 0.027 0.005
1258 1258 (0) 14 : 0.008 0.894 0.092 0.006
1259 1259 (0) 14 : 0.030 0.833 0.102 0.035
1260 1260 (0) 14 : 0.006 0.963 0.027 0.004
1261 1261 (0) 14 : 0.027 0.945 0.023 0.005
1262 1262 (0) 14 : 0.025 0.936 0.034 0.005
1263 1263 (0) 14 : 0.036 0.831 0.024 0.110
1264 1264 (0) 14 : 0.005 0.882 0.038 0.075
1265 1265 (0) 14 : 0.022 0.914 0.044 0.020
1266 1266 (0) 14 : 0.021 0.948 0.017 0.014
1267 1267 (0) 14 : 0.061 0.782 0.027 0.130
1268 1268 (0) 14 : 0.004 0.912 0.072 0.013
1269 1269 (0) 14 : 0.197 0.725 0.072 0.006
1270 1270 (0) 14 : 0.008 0.781 0.026 0.185
1271 1271 (0) 14 : 0.003 0.980 0.010 0.007
1272 1272 (0) 14 : 0.013 0.643 0.340 0.004
1273 1273 (0) 14 : 0.042 0.923 0.030 0.006
1274 1274 (0) 14 : 0.008 0.962 0.016 0.014
1275 1275 (0) 14 : 0.041 0.621 0.080 0.259
1276 1276 (0) 14 : 0.008 0.763 0.045 0.184
1277 1277 (0) 14 : 0.004 0.981 0.011 0.004
1278 1278 (0) 14 : 0.010 0.824 0.147 0.019
1279 1279 (0) 14 : 0.003 0.814 0.024 0.159
1280 1280 (0) 14 : 0.070 0.830 0.090 0.010
1281 1281 (0) 14 : 0.011 0.722 0.258 0.009
1282 1282 (0) 14 : 0.037 0.806 0.122 0.034
1283 1283 (0) 14 : 0.005 0.870 0.120 0.004
1284 1284 (0) 14 : 0.029 0.931 0.016 0.024
1285 1285 (0) 14 : 0.021 0.902 0.061 0.015
1286 1286 (0) 14 : 0.010 0.755 0.188 0.047
1287 1287 (0) 14 : 0.018 0.959 0.010 0.014
1288 1288 (0) 14 : 0.044 0.888 0.046 0.022
1289 1289 (0) 14 : 0.011 0.644 0.334 0.011
1290 1290 (0) 14 : 0.005 0.987 0.005 0.004
1291 1291 (0) 14 : 0.006 0.960 0.023 0.011
1292 1292 (0) 14 : 0.004 0.976 0.003 0.017
1293 1293 (0) 14 : 0.005 0.914 0.079 0.003
1294 1294 (0) 14 : 0.017 0.863 0.108 0.012
1295 1295 (0) 14 : 0.008 0.973 0.011 0.009
1296 1296 (0) 14 : 0.013 0.677 0.306 0.004
1297 1297 (0) 14 : 0.009 0.835 0.151 0.005
1298 1298 (0) 14 : 0.020 0.939 0.013 0.028
1299 1299 (0) 14 : 0.045 0.916 0.031 0.008
1300 1300 (0) 14 : 0.011 0.790 0.193 0.006
1301 1301 (0) 14 : 0.013 0.947 0.036 0.003
1302 1302 (0) 14 : 0.011 0.886 0.093 0.010
1303 1303 (0) 14 : 0.006 0.982 0.007 0.005
1304 1304 (0) 14 : 0.009 0.936 0.039 0.015
1305 1305 (0) 14 : 0.013 0.592 0.386 0.008
1306 1306 (0) 14 : 0.011 0.974 0.010 0.005
1307 1307 (0) 14 : 0.006 0.982 0.008 0.004
1308 1308 (0) 14 : 0.008 0.940 0.046 0.006
1309 1309 (10) 15 : 0.982 0.008 0.004 0.006
1310 1310 (5) 15 : 0.958 0.009 0.011 0.022
1311 1311 (5) 15 : 0.784 0.007 0.166 0.044
1312 1312 (5) 15 : 0.988 0.005 0.003 0.004
1313 1313 (10) 15 : 0.908 0.028 0.040 0.025
1314 1314 (5) 15 : 0.564 0.018 0.338 0.081
1315 1315 (10) 15 : 0.877 0.091 0.007 0.026
1316 1316 (0) 15 : 0.928 0.011 0.058 0.003
1317 1317 (0) 15 : 0.966 0.015 0.005 0.014
1318 1318 (0) 15 : 0.987 0.005 0.006 0.003
1319 1319 (0) 15 : 0.984 0.003 0.008 0.005
1320 1320 (0) 15 : 0.933 0.018 0.008 0.041
1321 1321 (0) 15 : 0.984 0.007 0.007 0.002
1322 1322 (0) 15 : 0.820 0.150 0.026 0.004
1323 1323 (0) 15 : 0.832 0.125 0.005 0.037
1324 1324 (0) 15 : 0.883 0.095 0.009 0.013
1325 1325 (0) 15 : 0.977 0.006 0.011 0.007
1326 1326 (0) 15 : 0.790 0.011 0.169 0.030
1327 1327 (0) 15 : 0.982 0.008 0.007 0.003
1328 1328 (5) 15 : 0.919 0.005 0.074 0.002
1329 1329 (0) 15 : 0.889 0.046 0.012 0.053
1330 1330 (0) 15 : 0.916 0.011 0.022 0.050
1331 1331 (5) 15 : 0.961 0.003 0.023 0.013
1332 1332 (5) 15 : 0.978 0.006 0.013 0.003
1333 1333 (0) 15 : 0.701 0.126 0.142 0.031
1334 1334 (0) 15 : 0.974 0.005 0.019 0.003
1335 1335 (0) 15 : 0.935 0.015 0.006 0.044
1336 1336 (0) 15 : 0.986 0.005 0.005 0.005
1337 1337 (0) 15 : 0.983 0.008 0.005 0.005
1338 1338 (0) 15 : 0.987 0.005 0.004 0.004
1339 1339 (0) 15 : 0.986 0.004 0.008 0.002
1340 1340 (0) 15 : 0.983 0.004 0.005 0.008
1341 1341 (0) 15 : 0.929 0.013 0.048 0.010
1342 1342 (0) 15 : 0.529 0.448 0.008 0.015
1343 1343 (0) 15 : 0.967 0.014 0.012 0.007
1344 1344 (0) 15 : 0.976 0.010 0.008 0.007
1345 1345 (0) 15 : 0.770 0.127 0.054 0.049
1346 1346 (0) 15 : 0.986 0.004 0.005 0.005
1347 1347 (0) 15 : 0.934 0.026 0.032 0.007
1348 1348 (0) 15 : 0.953 0.036 0.005 0.006
1349 1349 (0) 15 : 0.925 0.012 0.003 0.061
1350 1350 (0) 15 : 0.961 0.021 0.004 0.013
1351 1351 (0) 16 : 0.992 0.003 0.002 0.003
1352 1352 (0) 16 : 0.945 0.012 0.037 0.006
1353 1353 (0) 16 : 0.978 0.009 0.010 0.003
1354 1354 (0) 16 : 0.983 0.007 0.004 0.006
1355 1355 (0) 16 : 0.968 0.005 0.024 0.003
1356 1356 (0) 16 : 0.985 0.003 0.009 0.003
1357 1357 (0) 16 : 0.957 0.010 0.029 0.004
1358 1358 (0) 16 : 0.735 0.029 0.232 0.004
1359 1359 (0) 16 : 0.953 0.004 0.035 0.007
1360 1360 (0) 16 : 0.642 0.017 0.335 0.007
1361 1361 (0) 16 : 0.969 0.005 0.018 0.008
1362 1362 (0) 16 : 0.917 0.057 0.015 0.011
1363 1363 (0) 16 : 0.983 0.005 0.005 0.007
1364 1364 (0) 16 : 0.981 0.006 0.009 0.004
1365 1365 (0) 16 : 0.939 0.016 0.007 0.038
1366 1366 (0) 16 : 0.888 0.060 0.038 0.014
1367 1367 (0) 16 : 0.947 0.012 0.036 0.005
1368 1368 (0) 16 : 0.961 0.021 0.012 0.007
1369 1369 (0) 16 : 0.985 0.006 0.004 0.005
1370 1370 (0) 16 : 0.945 0.014 0.026 0.015
1371 1371 (0) 16 : 0.931 0.004 0.064 0.002
1372 1372 (0) 16 : 0.966 0.005 0.005 0.023
1373 1373 (0) 16 : 0.983 0.010 0.005 0.003
1374 1374 (0) 16 : 0.953 0.008 0.035 0.004
1375 1375 (0) 16 : 0.977 0.014 0.007 0.002
1376 1376 (0) 16 : 0.971 0.009 0.017 0.004
1377 1377 (0) 16 : 0.939 0.043 0.006 0.012
1378 1378 (0) 16 : 0.813 0.008 0.169 0.009
1379 1379 (0) 16 : 0.985 0.005 0.006 0.004
1380 1380 (0) 16 : 0.924 0.017 0.011 0.047
1381 1381 (0) 16 : 0.981 0.004 0.012 0.003
1382 1382 (0) 16 : 0.973 0.013 0.006 0.008
1383 1383 (0) 16 : 0.787 0.019 0.192 0.002
1384 1384 (0) 16 : 0.972 0.016 0.007 0.004
1385 1385 (0) 16 : 0.984 0.004 0.008 0.004
1386 1386 (0) 16 : 0.903 0.010 0.081 0.006
1387 1387 (0) 16 : 0.944 0.003 0.048 0.005
1388 1388 (0) 16 : 0.923 0.065 0.008 0.004
1389 1389 (0) 16 : 0.963 0.005 0.028 0.004
1390 1390 (0) 16 : 0.957 0.009 0.029 0.005
1391 1391 (0) 16 : 0.914 0.008 0.073 0.005
1392 1392 (0) 16 : 0.980 0.008 0.009 0.003
1393 1393 (0) 16 : 0.941 0.018 0.035 0.006
1394 1394 (0) 16 : 0.954 0.010 0.028 0.008
1395 1395 (0) 16 : 0.983 0.006 0.007 0.004
1396 1396 (0) 16 : 0.729 0.060 0.207 0.004
1397 1397 (0) 16 : 0.985 0.007 0.005 0.004
1398 1398 (0) 16 : 0.967 0.010 0.017 0.006
1399 1399 (0) 16 : 0.968 0.010 0.019 0.004
1400 1400 (0) 16 : 0.786 0.200 0.011 0.002
1401 1401 (0) 16 : 0.978 0.005 0.007 0.010
1402 1402 (0) 16 : 0.964 0.020 0.011 0.005
1403 1403 (0) 16 : 0.962 0.015 0.007 0.015
1404 1404 (0) 16 : 0.934 0.049 0.009 0.009
1405 1405 (0) 16 : 0.980 0.007 0.009 0.004
1406 1406 (0) 16 : 0.985 0.004 0.006 0.005
1407 1407 (0) 16 : 0.946 0.024 0.027 0.003
1408 1408 (0) 16 : 0.988 0.004 0.005 0.003
1409 1409 (0) 16 : 0.967 0.007 0.022 0.004
1410 1410 (0) 16 : 0.975 0.005 0.016 0.004
1411 1411 (0) 16 : 0.945 0.021 0.018 0.016
1412 1412 (0) 16 : 0.976 0.006 0.013 0.004
1413 1413 (0) 16 : 0.912 0.032 0.050 0.007
1414 1414 (0) 16 : 0.931 0.051 0.011 0.006
1415 1415 (0) 16 : 0.938 0.020 0.022 0.020
1416 1416 (0) 16 : 0.981 0.003 0.014 0.002
1417 1417 (0) 16 : 0.981 0.008 0.006 0.005
1418 1418 (0) 16 : 0.982 0.005 0.006 0.007
1419 1419 (0) 16 : 0.973 0.006 0.016 0.005
1420 1420 (0) 16 : 0.988 0.004 0.006 0.002
1421 1421 (0) 16 : 0.878 0.004 0.113 0.004
1422 1422 (0) 16 : 0.986 0.003 0.008 0.003
1423 1423 (0) 16 : 0.930 0.004 0.063 0.004
1424 1424 (0) 16 : 0.984 0.005 0.007 0.004
1425 1425 (0) 16 : 0.967 0.007 0.008 0.018
1426 1426 (0) 16 : 0.896 0.010 0.088 0.006
1427 1427 (0) 16 : 0.984 0.006 0.003 0.006
1428 1428 (0) 16 : 0.984 0.004 0.010 0.003
1429 1429 (0) 16 : 0.962 0.007 0.028 0.003
1430 1430 (0) 16 : 0.896 0.009 0.020 0.075
1431 1431 (0) 16 : 0.969 0.008 0.018 0.005
1432 1432 (0) 16 : 0.709 0.005 0.283 0.003
1433 1433 (0) 16 : 0.962 0.004 0.031 0.002
1434 1434 (0) 16 : 0.964 0.006 0.027 0.003
1435 1435 (0) 16 : 0.958 0.008 0.027 0.007
1436 1436 (0) 16 : 0.983 0.005 0.005 0.007
1437 1437 (0) 16 : 0.970 0.006 0.021 0.003
1438 1438 (0) 16 : 0.985 0.007 0.006 0.003
1439 1439 (0) 16 : 0.981 0.006 0.007 0.006
1440 1440 (0) 16 : 0.975 0.005 0.013 0.007
1441 1441 (0) 16 : 0.947 0.034 0.015 0.004
1442 1442 (0) 16 : 0.773 0.006 0.202 0.018
1443 1443 (0) 16 : 0.966 0.011 0.014 0.010
1444 1444 (0) 16 : 0.904 0.006 0.072 0.018
1445 1445 (0) 16 : 0.987 0.004 0.007 0.002
1446 1446 (0) 16 : 0.903 0.008 0.077 0.012
1447 1447 (0) 16 : 0.975 0.011 0.010 0.004
1448 1448 (0) 16 : 0.563 0.009 0.421 0.006
1449 1449 (0) 16 : 0.979 0.006 0.007 0.007
1450 1450 (0) 16 : 0.975 0.004 0.017 0.004
1451 1451 (0) 17 : 0.914 0.025 0.017 0.044
1452 1452 (0) 17 : 0.967 0.010 0.018 0.005
1453 1453 (0) 17 : 0.961 0.012 0.004 0.022
1454 1454 (0) 17 : 0.982 0.009 0.003 0.006
1455 1455 (0) 17 : 0.961 0.020 0.012 0.007
1456 1456 (0) 17 : 0.976 0.005 0.006 0.013
1457 1457 (0) 17 : 0.963 0.012 0.021 0.004
1458 1458 (0) 17 : 0.926 0.003 0.068 0.004
1459 1459 (0) 17 : 0.956 0.018 0.010 0.016
1460 1460 (0) 17 : 0.943 0.013 0.038 0.006
1461 1461 (0) 17 : 0.977 0.007 0.007 0.009
1462 1462 (0) 17 : 0.935 0.011 0.005 0.050
1463 1463 (0) 17 : 0.988 0.004 0.003 0.004
1464 1464 (0) 17 : 0.981 0.006 0.005 0.008
1465 1465 (0) 17 : 0.951 0.030 0.005 0.013
1466 1466 (0) 17 : 0.985 0.003 0.008 0.004
1467 1467 (0) 17 : 0.945 0.039 0.010 0.007
1468 1468 (0) 17 : 0.972 0.018 0.005 0.005
1469 1469 (0) 17 : 0.927 0.011 0.052 0.011
1470 1470 (0) 17 : 0.975 0.004 0.017 0.004
1471 1471 (0) 17 : 0.574 0.014 0.023 0.388
1472 1472 (0) 17 : 0.881 0.031 0.036 0.053
1473 1473 (0) 17 : 0.988 0.004 0.005 0.003
1474 1474 (0) 17 : 0.891 0.036 0.026 0.048
1475 1475 (0) 17 : 0.974 0.006 0.012 0.008
1476 1476 (0) 17 : 0.797 0.032 0.008 0.163
1477 1477 (0) 17 : 0.979 0.009 0.004 0.008
1478 1478 (0) 17 : 0.913 0.073 0.005 0.009
1479 1479 (0) 17 : 0.934 0.017 0.043 0.006
1480 1480 (0) 17 : 0.972 0.015 0.005 0.008
1481 1481 (0) 17 : 0.939 0.005 0.049 0.007
1482 1482 (0) 17 : 0.977 0.004 0.015 0.004
1483 1483 (0) 17 : 0.987 0.003 0.006 0.004
1484 1484 (0) 17 : 0.937 0.007 0.053 0.004
1485 1485 (0) 17 : 0.940 0.005 0.006 0.049
1486 1486 (0) 17 : 0.976 0.012 0.004 0.008
1487 1487 (0) 17 : 0.955 0.008 0.033 0.004
1488 1488 (0) 17 : 0.982 0.010 0.005 0.003
1489 1489 (0) 17 : 0.905 0.030 0.011 0.055
1490 1490 (0) 17 : 0.969 0.011 0.008 0.011
1491 1491 (0) 17 : 0.975 0.011 0.005 0.010
1492 1492 (0) 17 : 0.974 0.011 0.006 0.009
1493 1493 (0) 17 : 0.968 0.019 0.006 0.007
1494 1494 (0) 17 : 0.986 0.005 0.005 0.004
1495 1495 (0) 17 : 0.981 0.007 0.003 0.008
1496 1496 (0) 17 : 0.911 0.008 0.075 0.006
1497 1497 (0) 17 : 0.981 0.005 0.008 0.006
1498 1498 (0) 17 : 0.971 0.017 0.003 0.009
1499 1499 (0) 17 : 0.984 0.007 0.005 0.004
1500 1500 (0) 17 : 0.842 0.029 0.003 0.126
1501 1501 (0) 17 : 0.915 0.068 0.007 0.010
1502 1502 (0) 17 : 0.975 0.004 0.004 0.016
1503 1503 (0) 17 : 0.984 0.003 0.008 0.005
1504 1504 (0) 17 : 0.968 0.009 0.005 0.018
1505 1505 (0) 17 : 0.968 0.009 0.019 0.004
1506 1506 (0) 17 : 0.958 0.009 0.005 0.028
1507 1507 (0) 17 : 0.967 0.013 0.006 0.014
1508 1508 (0) 17 : 0.835 0.006 0.153 0.005
1509 1509 (0) 17 : 0.927 0.015 0.045 0.013
1510 1510 (0) 17 : 0.968 0.024 0.005 0.003
1511 1511 (0) 17 : 0.967 0.002 0.027 0.003
1512 1512 (0) 17 : 0.925 0.003 0.035 0.037
1513 1513 (0) 17 : 0.977 0.010 0.006 0.008
1514 1514 (0) 17 : 0.990 0.005 0.003 0.002
1515 1515 (0) 17 : 0.932 0.006 0.014 0.048
1516 1516 (0) 17 : 0.960 0.027 0.008 0.005
1517 1517 (0) 17 : 0.959 0.006 0.009 0.026
1518 1518 (0) 17 : 0.883 0.078 0.010 0.028
1519 1519 (0) 17 : 0.950 0.012 0.008 0.030
1520 1520 (0) 17 : 0.843 0.050 0.011 0.096
1521 1521 (0) 17 : 0.959 0.012 0.021 0.008
1522 1522 (0) 17 : 0.988 0.005 0.004 0.004
1523 1523 (0) 17 : 0.985 0.007 0.004 0.004
1524 1524 (0) 17 : 0.971 0.007 0.005 0.018
1525 1525 (0) 17 : 0.822 0.007 0.011 0.159
1526 1526 (0) 17 : 0.961 0.004 0.005 0.030
1527 1527 (0) 17 : 0.960 0.022 0.008 0.011
1528 1528 (0) 17 : 0.931 0.009 0.023 0.037
1529 1529 (0) 17 : 0.875 0.007 0.111 0.006
1530 1530 (0) 17 : 0.942 0.032 0.014 0.012
1531 1531 (0) 17 : 0.953 0.029 0.007 0.011
1532 1532 (0) 17 : 0.978 0.005 0.009 0.008
1533 1533 (0) 17 : 0.973 0.014 0.006 0.007
1534 1534 (0) 17 : 0.977 0.009 0.004 0.010
1535 1535 (0) 17 : 0.941 0.010 0.041 0.008
1536 1536 (0) 17 : 0.407 0.457 0.107 0.030
1537 1537 (0) 17 : 0.966 0.004 0.024 0.005
1538 1538 (0) 17 : 0.968 0.020 0.005 0.007
1539 1539 (0) 17 : 0.967 0.018 0.005 0.010
1540 1540 (0) 17 : 0.866 0.033 0.083 0.018
1541 1541 (0) 17 : 0.977 0.014 0.003 0.006
1542 1542 (0) 17 : 0.983 0.010 0.004 0.003
1543 1543 (0) 17 : 0.953 0.008 0.018 0.021
1544 1544 (0) 17 : 0.985 0.004 0.005 0.006
1545 1545 (0) 17 : 0.943 0.035 0.006 0.016
1546 1546 (0) 17 : 0.947 0.004 0.043 0.006
1547 1547 (0) 17 : 0.960 0.003 0.030 0.007
1548 1548 (0) 17 : 0.956 0.037 0.005 0.003
1549 1549 (0) 17 : 0.960 0.027 0.004 0.009
1550 1550 (0) 17 : 0.849 0.006 0.049 0.097
1551 1551 (0) 18 : 0.006 0.003 0.989 0.002
1552 1552 (0) 18 : 0.006 0.005 0.987 0.002
1553 1553 (0) 18 : 0.003 0.002 0.993 0.002
1554 1554 (0) 18 : 0.005 0.008 0.983 0.005
1555 1555 (0) 18 : 0.023 0.047 0.926 0.005
1556 1556 (0) 18 : 0.003 0.003 0.990 0.004
1557 1557 (0) 18 : 0.005 0.004 0.988 0.003
1558 1558 (0) 18 : 0.008 0.011 0.979 0.003
1559 1559 (0) 18 : 0.005 0.007 0.986 0.003
1560 1560 (0) 18 : 0.003 0.003 0.992 0.002
1561 1561 (0) 18 : 0.006 0.003 0.985 0.006
1562 1562 (0) 18 : 0.004 0.002 0.990 0.003
1563 1563 (0) 18 : 0.003 0.003 0.992 0.002
1564 1564 (0) 18 : 0.009 0.003 0.987 0.002
1565 1565 (0) 18 : 0.004 0.005 0.988 0.002
1566 1566 (0) 18 : 0.004 0.003 0.991 0.002
1567 1567 (0) 18 : 0.004 0.004 0.990 0.002
1568 1568 (0) 18 : 0.005 0.018 0.968 0.009
1569 1569 (0) 18 : 0.006 0.003 0.987 0.004
1570 1570 (0) 18 : 0.005 0.003 0.989 0.003
1571 1571 (0) 18 : 0.003 0.003 0.991 0.002
1572 1572 (0) 18 : 0.005 0.005 0.987 0.002
1573 1573 (0) 18 : 0.004 0.006 0.988 0.002
1574 1574 (0) 18 : 0.011 0.003 0.984 0.002
1575 1575 (0) 18 : 0.003 0.003 0.993 0.002
1576 1576 (0) 18 : 0.005 0.010 0.981 0.004
1577 1577 (0) 18 : 0.004 0.003 0.990 0.003
1578 1578 (0) 18 : 0.004 0.006 0.988 0.003
1579 1579 (0) 18 : 0.005 0.005 0.986 0.004
1580 1580 (0) 18 : 0.005 0.003 0.990 0.002
1581 1581 (0) 18 : 0.005 0.006 0.987 0.002
1582 1582 (0) 18 : 0.003 0.003 0.992 0.002
1583 1583 (0) 18 : 0.006 0.004 0.988 0.003
1584 1584 (0) 18 : 0.003 0.003 0.992 0.002
1585 1585 (0) 18 : 0.004 0.003 0.991 0.002
1586 1586 (0) 18 : 0.004 0.003 0.992 0.002
1587 1587 (0) 18 : 0.005 0.004 0.988 0.003
1588 1588 (0) 18 : 0.006 0.005 0.987 0.003
1589 1589 (0) 18 : 0.004 0.002 0.990 0.004
1590 1590 (0) 18 : 0.006 0.003 0.989 0.002
1591 1591 (0) 18 : 0.005 0.003 0.990 0.002
1592 1592 (0) 18 : 0.012 0.018 0.967 0.003
1593 1593 (0) 18 : 0.004 0.004 0.990 0.002
1594 1594 (0) 18 : 0.003 0.007 0.984 0.006
1595 1595 (0) 18 : 0.004 0.005 0.988 0.003
1596 1596 (0) 18 : 0.004 0.003 0.990 0.003
1597 1597 (0) 18 : 0.005 0.005 0.987 0.003
1598 1598 (0) 18 : 0.005 0.004 0.988 0.002
1599 1599 (0) 18 : 0.003 0.003 0.993 0.002
1600 1600 (0) 18 : 0.004 0.007 0.987 0.002
1601 1601 (0) 18 : 0.006 0.009 0.981 0.004
1602 1602 (0) 18 : 0.013 0.004 0.979 0.004
1603 1603 (0) 18 : 0.006 0.003 0.989 0.002
1604 1604 (0) 18 : 0.019 0.037 0.907 0.037
1605 1605 (0) 18 : 0.012 0.017 0.967 0.005
1606 1606 (0) 18 : 0.007 0.005 0.983 0.005
1607 1607 (0) 18 : 0.007 0.003 0.988 0.002
1608 1608 (0) 18 : 0.003 0.004 0.992 0.002
1609 1609 (0) 18 : 0.003 0.004 0.991 0.002
1610 1610 (0) 18 : 0.003 0.003 0.992 0.002
1611 1611 (0) 18 : 0.005 0.005 0.986 0.004
1612 1612 (0) 18 : 0.005 0.004 0.989 0.003
1613 1613 (0) 18 : 0.010 0.007 0.980 0.003
1614 1614 (0) 18 : 0.004 0.003 0.991 0.003
1615 1615 (0) 18 : 0.003 0.003 0.991 0.003
1616 1616 (0) 18 : 0.004 0.003 0.991 0.002
1617 1617 (0) 18 : 0.004 0.002 0.992 0.002
1618 1618 (0) 18 : 0.004 0.008 0.983 0.005
1619 1619 (0) 18 : 0.008 0.004 0.985 0.003
1620 1620 (0) 18 : 0.004 0.003 0.991 0.002
1621 1621 (0) 18 : 0.005 0.006 0.985 0.004
1622 1622 (0) 18 : 0.003 0.004 0.991 0.002
1623 1623 (0) 18 : 0.004 0.004 0.988 0.004
1624 1624 (0) 18 : 0.003 0.003 0.992 0.003
1625 1625 (0) 18 : 0.004 0.004 0.989 0.003
1626 1626 (0) 18 : 0.005 0.005 0.987 0.004
1627 1627 (0) 18 : 0.004 0.006 0.987 0.003
1628 1628 (0) 18 : 0.003 0.002 0.992 0.002
1629 1629 (0) 18 : 0.004 0.004 0.990 0.003
1630 1630 (0) 18 : 0.018 0.013 0.967 0.003
1631 1631 (0) 18 : 0.004 0.006 0.987 0.003
1632 1632 (0) 18 : 0.005 0.003 0.987 0.006
1633 1633 (0) 18 : 0.002 0.002 0.993 0.002
1634 1634 (0) 18 : 0.004 0.003 0.991 0.002
1635 1635 (0) 18 : 0.003 0.002 0.992 0.002
1636 1636 (0) 18 : 0.005 0.004 0.974 0.017
1637 1637 (0) 18 : 0.008 0.006 0.971 0.015
1638 1638 (0) 18 : 0.005 0.010 0.983 0.003
1639 1639 (0) 18 : 0.004 0.003 0.990 0.003
1640 1640 (0) 18 : 0.007 0.012 0.938 0.043
1641 1641 (0) 18 : 0.006 0.002 0.988 0.004
1642 1642 (0) 18 : 0.003 0.003 0.992 0.003
1643 1643 (0) 18 : 0.006 0.003 0.988 0.003
1644 1644 (0) 18 : 0.005 0.004 0.987 0.003
1645 1645 (0) 18 : 0.008 0.005 0.985 0.003
1646 1646 (0) 18 : 0.003 0.003 0.992 0.002
1647 1647 (0) 18 : 0.005 0.014 0.978 0.003
1648 1648 (0) 18 : 0.005 0.005 0.987 0.004
1649 1649 (0) 18 : 0.008 0.005 0.983 0.004
1650 1650 (0) 18 : 0.006 0.003 0.989 0.002
1651 1651 (0) 19 : 0.009 0.021 0.012 0.957
1652 1652 (0) 19 : 0.003 0.008 0.004 0.986
1653 1653 (0) 19 : 0.003 0.007 0.002 0.988
1654 1654 (0) 19 : 0.015 0.013 0.040 0.933
1655 1655 (0) 19 : 0.041 0.015 0.051 0.892
1656 1656 (0) 19 : 0.007 0.007 0.054 0.932
1657 1657 (0) 19 : 0.017 0.002 0.029 0.952
1658 1658 (0) 19 : 0.003 0.005 0.002 0.990
1659 1659 (0) 19 : 0.009 0.031 0.082 0.877
1660 1660 (0) 19 : 0.004 0.005 0.006 0.985
1661 1661 (0) 19 : 0.003 0.005 0.004 0.988
1662 1662 (0) 19 : 0.003 0.007 0.008 0.982
1663 1663 (0) 19 : 0.004 0.003 0.011 0.982
1664 1664 (0) 19 : 0.002 0.003 0.003 0.992
1665 1665 (0) 19 : 0.012 0.012 0.031 0.945
1666 1666 (0) 19 : 0.014 0.015 0.012 0.958
1667 1667 (0) 19 : 0.002 0.003 0.002 0.993
1668 1668 (0) 19 : 0.002 0.003 0.002 0.993
1669 1669 (0) 19 : 0.003 0.003 0.003 0.992
1670 1670 (0) 19 : 0.013 0.008 0.033 0.946
1671 1671 (0) 19 : 0.004 0.007 0.004 0.985
1672 1672 (0) 19 : 0.015 0.003 0.010 0.972
1673 1673 (0) 19 : 0.009 0.004 0.008 0.979
1674 1674 (0) 19 : 0.004 0.003 0.003 0.990
1675 1675 (0) 19 : 0.005 0.002 0.006 0.987
1676 1676 (0) 19 : 0.012 0.004 0.047 0.937
1677 1677 (0) 19 : 0.011 0.004 0.018 0.968
1678 1678 (0) 19 : 0.003 0.005 0.005 0.987
1679 1679 (0) 19 : 0.009 0.005 0.003 0.982
1680 1680 (0) 19 : 0.006 0.006 0.003 0.986
1681 1681 (0) 19 : 0.021 0.012 0.085 0.881
1682 1682 (0) 19 : 0.008 0.011 0.064 0.917
1683 1683 (0) 19 : 0.005 0.011 0.010 0.974
1684 1684 (0) 19 : 0.005 0.008 0.003 0.983
1685 1685 (0) 19 : 0.003 0.020 0.005 0.972
1686 1686 (0) 19 : 0.006 0.005 0.017 0.971
1687 1687 (0) 19 : 0.004 0.036 0.006 0.953
1688 1688 (0) 19 : 0.010 0.004 0.006 0.980
1689 1689 (0) 19 : 0.002 0.003 0.003 0.992
1690 1690 (0) 19 : 0.018 0.020 0.048 0.913
1691 1691 (0) 19 : 0.003 0.004 0.009 0.984
1692 1692 (0) 19 : 0.006 0.007 0.007 0.981
1693 1693 (0) 19 : 0.004 0.006 0.004 0.986
1694 1694 (0) 19 : 0.009 0.006 0.017 0.968
1695 1695 (0) 19 : 0.003 0.004 0.003 0.990
1696 1696 (0) 19 : 0.004 0.007 0.003 0.986
1697 1697 (0) 19 : 0.006 0.017 0.006 0.971
1698 1698 (0) 19 : 0.015 0.027 0.017 0.941
1699 1699 (0) 19 : 0.005 0.006 0.004 0.985
1700 1700 (0) 19 : 0.005 0.004 0.009 0.982
1701 1701 (0) 19 : 0.002 0.002 0.002 0.993
1702 1702 (0) 19 : 0.066 0.038 0.011 0.885
1703 1703 (0) 19 : 0.007 0.073 0.010 0.909
1704 1704 (0) 19 : 0.003 0.009 0.136 0.852
1705 1705 (0) 19 : 0.006 0.004 0.006 0.984
1706 1706 (0) 19 : 0.025 0.026 0.010 0.940
1707 1707 (0) 19 : 0.003 0.002 0.004 0.990
1708 1708 (0) 19 : 0.004 0.006 0.006 0.984
1709 1709 (0) 19 : 0.020 0.003 0.027 0.950
1710 1710 (0) 19 : 0.002 0.007 0.002 0.989
1711 1711 (0) 19 : 0.002 0.003 0.003 0.992
1712 1712 (0) 19 : 0.005 0.008 0.005 0.983
1713 1713 (0) 19 : 0.020 0.003 0.008 0.969
1714 1714 (0) 19 : 0.003 0.005 0.004 0.989
1715 1715 (0) 19 : 0.003 0.006 0.003 0.988
1716 1716 (0) 19 : 0.005 0.010 0.025 0.960
1717 1717 (0) 19 : 0.031 0.013 0.075 0.880
1718 1718 (0) 19 : 0.004 0.003 0.003 0.990
1719 1719 (0) 19 : 0.002 0.002 0.002 0.994
1720 1720 (0) 19 : 0.003 0.004 0.003 0.991
1721 1721 (0) 19 : 0.003 0.009 0.003 0.985
1722 1722 (0) 19 : 0.002 0.003 0.002 0.993
1723 1723 (0) 19 : 0.008 0.015 0.018 0.958
1724 1724 (0) 19 : 0.013 0.022 0.006 0.959
1725 1725 (0) 19 : 0.004 0.008 0.007 0.981
1726 1726 (0) 19 : 0.005 0.009 0.004 0.982
1727 1727 (0) 19 : 0.007 0.010 0.014 0.969
1728 1728 (0) 19 : 0.003 0.003 0.016 0.977
1729 1729 (0) 19 : 0.006 0.003 0.016 0.975
1730 1730 (0) 19 : 0.022 0.007 0.011 0.960
1731 1731 (0) 19 : 0.023 0.004 0.112 0.861
1732 1732 (0) 19 : 0.007 0.009 0.009 0.975
1733 1733 (0) 19 : 0.004 0.004 0.005 0.986
1734 1734 (0) 19 : 0.005 0.013 0.008 0.974
1735 1735 (0) 19 : 0.007 0.005 0.022 0.966
1736 1736 (0) 19 : 0.005 0.012 0.006 0.978
1737 1737 (0) 19 : 0.003 0.003 0.002 0.992
1738 1738 (0) 19 : 0.021 0.007 0.047 0.925
1739 1739 (0) 19 : 0.002 0.002 0.002 0.993
1740 1740 (0) 19 : 0.065 0.007 0.006 0.922
1741 1741 (0) 19 : 0.003 0.004 0.003 0.991
1742 1742 (0) 19 : 0.026 0.132 0.038 0.804
1743 1743 (0) 19 : 0.003 0.004 0.003 0.990
1744 1744 (0) 19 : 0.003 0.003 0.003 0.991
1745 1745 (0) 19 : 0.003 0.003 0.003 0.991
1746 1746 (0) 19 : 0.002 0.004 0.003 0.991
1747 1747 (0) 19 : 0.002 0.002 0.002 0.994
1748 1748 (0) 19 : 0.009 0.011 0.019 0.961
1749 1749 (0) 19 : 0.002 0.002 0.002 0.994
1750 1750 (0) 19 : 0.007 0.011 0.007 0.975
1751 1751 (0) 20 : 0.004 0.981 0.007 0.009
1752 1752 (0) 20 : 0.006 0.976 0.009 0.010
1753 1753 (0) 20 : 0.007 0.919 0.004 0.070
1754 1754 (0) 20 : 0.004 0.991 0.002 0.002
1755 1755 (0) 20 : 0.010 0.965 0.007 0.018
1756 1756 (0) 20 : 0.008 0.923 0.059 0.009
1757 1757 (0) 20 : 0.004 0.941 0.042 0.012
1758 1758 (0) 20 : 0.006 0.922 0.026 0.046
1759 1759 (0) 20 : 0.014 0.955 0.012 0.018
1760 1760 (0) 20 : 0.007 0.974 0.013 0.006
1761 1761 (0) 20 : 0.007 0.973 0.016 0.004
1762 1762 (0) 20 : 0.026 0.927 0.043 0.004
1763 1763 (0) 20 : 0.027 0.958 0.005 0.010
1764 1764 (0) 20 : 0.011 0.958 0.023 0.008
1765 1765 (0) 20 : 0.009 0.980 0.008 0.003
1766 1766 (0) 20 : 0.003 0.990 0.003 0.004
1767 1767 (0) 20 : 0.004 0.980 0.008 0.007
1768 1768 (0) 20 : 0.010 0.975 0.011 0.004
1769 1769 (0) 20 : 0.006 0.975 0.016 0.003
1770 1770 (0) 20 : 0.006 0.944 0.027 0.023
1771 1771 (0) 20 : 0.032 0.951 0.009 0.008
1772 1772 (0) 20 : 0.005 0.983 0.006 0.006
1773 1773 (0) 20 : 0.004 0.985 0.005 0.005
1774 1774 (0) 20 : 0.013 0.921 0.024 0.042
1775 1775 (0) 20 : 0.010 0.978 0.008 0.004
1776 1776 (0) 20 : 0.007 0.928 0.052 0.013
1777 1777 (0) 20 : 0.041 0.933 0.008 0.017
1778 1778 (0) 20 : 0.012 0.970 0.013 0.004
1779 1779 (0) 20 : 0.010 0.969 0.013 0.009
1780 1780 (0) 20 : 0.019 0.951 0.017 0.013
1781 1781 (0) 20 : 0.009 0.979 0.008 0.005
1782 1782 (0) 20 : 0.116 0.804 0.026 0.054
1783 1783 (0) 20 : 0.014 0.976 0.006 0.005
1784 1784 (0) 20 : 0.056 0.877 0.061 0.007
1785 1785 (0) 20 : 0.008 0.977 0.004 0.012
1786 1786 (0) 20 : 0.006 0.986 0.005 0.004
1787 1787 (0) 20 : 0.034 0.940 0.021 0.005
1788 1788 (0) 20 : 0.003 0.989 0.005 0.003
1789 1789 (0) 20 : 0.011 0.875 0.110 0.004
1790 1790 (0) 20 : 0.008 0.979 0.007 0.005
1791 1791 (0) 20 : 0.009 0.938 0.045 0.008
1792 1792 (0) 20 : 0.006 0.984 0.004 0.006
1793 1793 (0) 20 : 0.004 0.973 0.012 0.011
1794 1794 (0) 20 : 0.007 0.982 0.008 0.003
1795 1795 (0) 20 : 0.010 0.970 0.018 0.002
1796 1796 (0) 20 : 0.024 0.958 0.013 0.005
1797 1797 (0) 20 : 0.005 0.986 0.005 0.004
1798 1798 (0) 20 : 0.010 0.936 0.047 0.007
1799 1799 (0) 20 : 0.023 0.914 0.058 0.005
1800 1800 (0) 20 : 0.011 0.875 0.008 0.106
1801 1801 (0) 20 : 0.007 0.987 0.003 0.004
1802 1802 (0) 20 : 0.006 0.984 0.005 0.005
1803 1803 (0) 20 : 0.007 0.961 0.007 0.025
1804 1804 (0) 20 : 0.005 0.988 0.004 0.004
1805 1805 (0) 20 : 0.008 0.970 0.015 0.008
1806 1806 (0) 20 : 0.006 0.981 0.009 0.003
1807 1807 (0) 20 : 0.007 0.977 0.006 0.009
1808 1808 (0) 20 : 0.013 0.975 0.009 0.004
1809 1809 (0) 20 : 0.005 0.960 0.032 0.004
1810 1810 (0) 20 : 0.009 0.804 0.062 0.124
1811 1811 (0) 20 : 0.003 0.975 0.017 0.004
1812 1812 (0) 20 : 0.005 0.978 0.013 0.003
1813 1813 (0) 20 : 0.009 0.979 0.007 0.005
1814 1814 (0) 20 : 0.022 0.959 0.014 0.005
1815 1815 (0) 20 : 0.053 0.841 0.023 0.084
1816 1816 (0) 20 : 0.003 0.988 0.004 0.005
1817 1817 (0) 20 : 0.005 0.982 0.009 0.003
1818 1818 (0) 20 : 0.011 0.952 0.028 0.009
1819 1819 (0) 20 : 0.006 0.955 0.034 0.006
1820 1820 (0) 20 : 0.006 0.960 0.011 0.023
1821 1821 (0) 20 : 0.007 0.981 0.008 0.004
1822 1822 (0) 20 : 0.016 0.907 0.047 0.030
1823 1823 (0) 20 : 0.006 0.960 0.028 0.006
1824 1824 (0) 20 : 0.017 0.963 0.017 0.003
1825 1825 (0) 20 : 0.005 0.980 0.004 0.012
1826 1826 (0) 20 : 0.006 0.985 0.004 0.005
1827 1827 (0) 20 : 0.008 0.974 0.008 0.010
1828 1828 (0) 20 : 0.083 0.855 0.055 0.007
1829 1829 (0) 20 : 0.012 0.929 0.006 0.053
1830 1830 (0) 20 : 0.005 0.895 0.005 0.095
1831 1831 (0) 20 : 0.004 0.978 0.011 0.007
1832 1832 (0) 20 : 0.005 0.941 0.043 0.011
1833 1833 (0) 20 : 0.008 0.982 0.008 0.003
1834 1834 (0) 20 : 0.007 0.980 0.005 0.008
1835 1835 (0) 20 : 0.006 0.970 0.018 0.006
1836 1836 (0) 20 : 0.006 0.983 0.005 0.006
1837 1837 (0) 20 : 0.005 0.987 0.005 0.003
1838 1838 (0) 20 : 0.006 0.977 0.010 0.008
1839 1839 (0) 20 : 0.146 0.821 0.028 0.005
1840 1840 (0) 20 : 0.016 0.966 0.009 0.009
1841 1841 (0) 20 : 0.007 0.921 0.005 0.068
1842 1842 (0) 20 : 0.005 0.989 0.004 0.003
1843 1843 (0) 20 : 0.003 0.992 0.003 0.003
1844 1844 (0) 20 : 0.003 0.861 0.003 0.133
1845 1845 (0) 20 : 0.005 0.982 0.005 0.007
1846 1846 (0) 20 : 0.007 0.967 0.012 0.014
1847 1847 (0) 20 : 0.011 0.968 0.012 0.009
1848 1848 (0) 20 : 0.007 0.962 0.028 0.003
1849 1849 (0) 20 : 0.059 0.860 0.076 0.005
1850 1850 (0) 20 : 0.005 0.976 0.016 0.003
1851 1851 (10) 21 : 0.981 0.012 0.003 0.003
1852 1852 (0) 21 : 0.623 0.362 0.009 0.007
1853 1853 (0) 21 : 0.964 0.004 0.028 0.004
1854 1854 (0) 21 : 0.983 0.007 0.005 0.004
1855 1855 (0) 21 : 0.802 0.151 0.004 0.043
1856 1856 (5) 21 : 0.869 0.089 0.004 0.038
1857 1857 (0) 21 : 0.985 0.008 0.003 0.003
1858 1858 (0) 21 : 0.987 0.005 0.002 0.005
1859 1859 (0) 21 : 0.957 0.008 0.031 0.005
1860 1860 (0) 21 : 0.958 0.017 0.005 0.020
1861 1861 (0) 21 : 0.518 0.019 0.459 0.005
1862 1862 (0) 21 : 0.984 0.007 0.006 0.003
1863 1863 (0) 21 : 0.984 0.009 0.003 0.003
1864 1864 (0) 21 : 0.980 0.011 0.003 0.005
1865 1865 (5) 21 : 0.986 0.003 0.009 0.002
1866 1866 (0) 21 : 0.986 0.006 0.005 0.003
1867 1867 (0) 21 : 0.981 0.005 0.009 0.005
1868 1868 (0) 21 : 0.986 0.005 0.006 0.003
1869 1869 (0) 21 : 0.928 0.062 0.004 0.006
1870 1870 (0) 21 : 0.991 0.004 0.003 0.003
1871 1871 (0) 21 : 0.984 0.009 0.003 0.004
1872 1872 (5) 21 : 0.986 0.005 0.005 0.005
1873 1873 (5) 21 : 0.957 0.008 0.032 0.003
1874 1874 (5) 21 : 0.982 0.005 0.007 0.006
1875 1875 (0) 21 : 0.982 0.008 0.003 0.007
1876 1876 (0) 21 : 0.990 0.005 0.002 0.003
1877 1877 (0) 21 : 0.973 0.019 0.005 0.004
1878 1878 (0) 21 : 0.982 0.004 0.003 0.011
1879 1879 (0) 21 : 0.972 0.021 0.004 0.003
1880 1880 (0) 21 : 0.981 0.006 0.010 0.004
1881 1881 (0) 21 : 0.979 0.004 0.013 0.003
1882 1882 (0) 21 : 0.989 0.004 0.005 0.003
1883 1883 (0) 21 : 0.972 0.019 0.004 0.006
1884 1884 (0) 21 : 0.989 0.002 0.006 0.003
1885 1885 (0) 21 : 0.910 0.080 0.004 0.006
1886 1886 (0) 21 : 0.974 0.005 0.016 0.005
1887 1887 (5) 21 : 0.965 0.024 0.008 0.004
1888 1888 (0) 21 : 0.978 0.011 0.008 0.003
1889 1889 (0) 21 : 0.983 0.009 0.004 0.004
1890 1890 (0) 21 : 0.987 0.004 0.006 0.003
1891 1891 (0) 21 : 0.978 0.009 0.007 0.005
1892 1892 (0) 21 : 0.987 0.003 0.006 0.004
1893 1893 (5) 21 : 0.982 0.008 0.007 0.003
1894 1894 (5) 21 : 0.970 0.014 0.008 0.008
1895 1895 (5) 21 : 0.976 0.009 0.010 0.006
1896 1896 (5) 21 : 0.981 0.006 0.009 0.004
1897 1897 (5) 21 : 0.982 0.004 0.010 0.004
1898 1898 (5) 21 : 0.977 0.007 0.011 0.004
1899 1899 (0) 21 : 0.988 0.003 0.005 0.004
1900 1900 (5) 21 : 0.979 0.013 0.005 0.003
1901 1901 (0) 21 : 0.949 0.039 0.005 0.007
1902 1902 (0) 21 : 0.975 0.007 0.010 0.007
1903 1903 (0) 21 : 0.974 0.017 0.006 0.003
1904 1904 (0) 21 : 0.989 0.006 0.003 0.002
1905 1905 (0) 21 : 0.952 0.012 0.006 0.030
1906 1906 (0) 21 : 0.983 0.008 0.006 0.003
1907 1907 (0) 21 : 0.987 0.004 0.005 0.004
1908 1908 (0) 21 : 0.989 0.004 0.004 0.004
1909 1909 (0) 21 : 0.975 0.004 0.017 0.004
1910 1910 (0) 21 : 0.984 0.008 0.005 0.003
1911 1911 (0) 21 : 0.961 0.028 0.003 0.008
1912 1912 (0) 21 : 0.003 0.004 0.002 0.991
1913 1913 (0) 21 : 0.990 0.004 0.003 0.003
1914 1914 (0) 21 : 0.985 0.007 0.004 0.004
1915 1915 (0) 21 : 0.987 0.006 0.004 0.003
1916 1916 (0) 21 : 0.947 0.039 0.005 0.010
1917 1917 (0) 21 : 0.984 0.006 0.002 0.007
1918 1918 (0) 21 : 0.808 0.031 0.081 0.080
1919 1919 (0) 21 : 0.953 0.029 0.013 0.005
1920 1920 (0) 21 : 0.676 0.294 0.026 0.004
1921 1921 (0) 21 : 0.983 0.008 0.003 0.006
1922 1922 (0) 21 : 0.987 0.006 0.004 0.004
1923 1923 (0) 21 : 0.988 0.004 0.005 0.003
1924 1924 (0) 21 : 0.961 0.025 0.005 0.009
1925 1925 (0) 21 : 0.983 0.009 0.004 0.004
1926 1926 (0) 21 : 0.986 0.007 0.002 0.005
1927 1927 (0) 21 : 0.983 0.006 0.003 0.007
1928 1928 (0) 21 : 0.962 0.016 0.018 0.003
1929 1929 (0) 21 : 0.979 0.004 0.011 0.005
1930 1930 (0) 21 : 0.979 0.012 0.004 0.005
1931 1931 (0) 21 : 0.213 0.004 0.778 0.005
1932 1932 (0) 21 : 0.956 0.036 0.004 0.004
1933 1933 (0) 21 : 0.951 0.039 0.005 0.005
1934 1934 (0) 21 : 0.961 0.028 0.007 0.004
1935 1935 (0) 21 : 0.978 0.012 0.003 0.006
1936 1936 (0) 21 : 0.978 0.010 0.005 0.008
1937 1937 (0) 21 : 0.976 0.010 0.002 0.012
1938 1938 (0) 21 : 0.984 0.006 0.006 0.003
1939 1939 (0) 21 : 0.987 0.004 0.005 0.004
1940 1940 (0) 21 : 0.987 0.004 0.004 0.006
1941 1941 (0) 21 : 0.972 0.020 0.005 0.002
1942 1942 (0) 21 : 0.982 0.006 0.005 0.007
1943 1943 (10) 21 : 0.411 0.011 0.575 0.004
1944 1944 (0) 21 : 0.982 0.007 0.007 0.004
1945 1945 (0) 21 : 0.970 0.023 0.004 0.003
1946 1946 (0) 21 : 0.878 0.088 0.029 0.005
1947 1947 (0) 21 : 0.952 0.007 0.032 0.009
1948 1948 (0) 21 : 0.953 0.036 0.005 0.006
1949 1949 (0) 21 : 0.981 0.009 0.004 0.006
1950 1950 (0) 21 : 0.984 0.005 0.007 0.004
1951 1951 (0) 21 : 0.991 0.004 0.003 0.003
1952 1952 (0) 21 : 0.988 0.006 0.004 0.002
1953 1953 (0) 21 : 0.983 0.005 0.008 0.004
1954 1954 (0) 21 : 0.986 0.007 0.004 0.003
1955 1955 (0) 21 : 0.986 0.007 0.005 0.002
1956 1956 (0) 22 : 0.982 0.005 0.010 0.003
1957 1957 (10) 22 : 0.983 0.004 0.010 0.003
1958 1958 (10) 22 : 0.915 0.033 0.008 0.045
1959 1959 (5) 22 : 0.985 0.008 0.005 0.003
1960 1960 (5) 22 : 0.985 0.003 0.007 0.005
1961 1961 (0) 22 : 0.985 0.005 0.006 0.004
1962 1962 (5) 22 : 0.969 0.004 0.015 0.012
1963 1963 (5) 22 : 0.963 0.006 0.029 0.002
1964 1964 (0) 22 : 0.990 0.003 0.004 0.002
1965 1965 (0) 22 : 0.990 0.004 0.004 0.002
1966 1966 (0) 22 : 0.990 0.004 0.004 0.002
1967 1967 (0) 22 : 0.990 0.003 0.003 0.003
1968 1968 (0) 22 : 0.984 0.005 0.004 0.007
1969 1969 (5) 22 : 0.983 0.010 0.003 0.003
1970 1970 (5) 22 : 0.975 0.005 0.011 0.009
1971 1971 (10) 22 : 0.985 0.005 0.008 0.003
1972 1972 (0) 22 : 0.990 0.004 0.004 0.003
1973 1973 (5) 22 : 0.968 0.004 0.017 0.011
1974 1974 (5) 22 : 0.979 0.007 0.004 0.010
1975 1975 (0) 22 : 0.988 0.005 0.003 0.004
1976 1976 (5) 22 : 0.982 0.007 0.008 0.003
1977 1977 (0) 22 : 0.981 0.007 0.004 0.008
1978 1978 (5) 22 : 0.982 0.005 0.005 0.009
1979 1979 (0) 22 : 0.988 0.003 0.007 0.002
1980 1980 (0) 22 : 0.968 0.004 0.022 0.006
1981 1981 (0) 22 : 0.982 0.003 0.007 0.008
1982 1982 (0) 22 : 0.984 0.004 0.009 0.003
1983 1983 (0) 22 : 0.979 0.014 0.005 0.002
1984 1984 (0) 22 : 0.935 0.013 0.050 0.003
1985 1985 (0) 22 : 0.960 0.004 0.026 0.010
1986 1986 (0) 22 : 0.986 0.004 0.005 0.004
1987 1987 (0) 22 : 0.912 0.018 0.067 0.003
1988 1988 (0) 22 : 0.964 0.025 0.008 0.003
1989 1989 (0) 22 : 0.989 0.004 0.004 0.003
1990 1990 (0) 22 : 0.978 0.010 0.007 0.005
1991 1991 (0) 22 : 0.989 0.004 0.003 0.003
1992 1992 (0) 22 : 0.989 0.004 0.004 0.004
1993 1993 (0) 22 : 0.990 0.005 0.003 0.002
1994 1994 (5) 22 : 0.985 0.004 0.005 0.005
1995 1995 (5) 22 : 0.976 0.006 0.010 0.008
1996 1996 (0) 22 : 0.984 0.004 0.003 0.008
1997 1997 (15) 22 : 0.965 0.010 0.009 0.016
1998 1998 (10) 22 : 0.988 0.003 0.006 0.003
1999 1999 (10) 22 : 0.985 0.006 0.004 0.005
2000 2000 (10) 22 : 0.972 0.017 0.006 0.004
2001 2001 (5) 22 : 0.965 0.020 0.006 0.009
2002 2002 (5) 22 : 0.983 0.008 0.005 0.004
2003 2003 (5) 22 : 0.978 0.011 0.003 0.008
2004 2004 (5) 22 : 0.987 0.004 0.006 0.003
2005 2005 (5) 22 : 0.985 0.008 0.003 0.004
2006 2006 (5) 22 : 0.985 0.007 0.003 0.004
2007 2007 (15) 22 : 0.976 0.009 0.009 0.007
2008 2008 (5) 22 : 0.984 0.004 0.010 0.002
2009 2009 (5) 22 : 0.990 0.003 0.004 0.003
2010 2010 (15) 22 : 0.982 0.006 0.007 0.004
2011 2011 (5) 22 : 0.966 0.011 0.017 0.006
2012 2012 (5) 22 : 0.887 0.079 0.012 0.022
2013 2013 (5) 22 : 0.986 0.006 0.003 0.004
2014 2014 (5) 22 : 0.986 0.004 0.007 0.003
2015 2015 (10) 22 : 0.985 0.004 0.005 0.006
2016 2016 (5) 22 : 0.965 0.004 0.028 0.003
2017 2017 (5) 22 : 0.987 0.005 0.002 0.005
2018 2018 (10) 22 : 0.977 0.005 0.014 0.004
2019 2019 (10) 22 : 0.978 0.012 0.005 0.005
2020 2020 (10) 22 : 0.977 0.009 0.009 0.005
2021 2021 (10) 22 : 0.952 0.013 0.028 0.007
2022 2022 (5) 22 : 0.978 0.014 0.004 0.004
2023 2023 (10) 22 : 0.829 0.037 0.007 0.128
2024 2024 (0) 22 : 0.981 0.007 0.007 0.005
2025 2025 (5) 22 : 0.980 0.004 0.012 0.004
2026 2026 (0) 22 : 0.990 0.004 0.004 0.002
2027 2027 (0) 22 : 0.993 0.003 0.002 0.002
2028 2028 (0) 22 : 0.988 0.005 0.004 0.003
2029 2029 (0) 22 : 0.972 0.006 0.017 0.005
2030 2030 (0) 22 : 0.984 0.005 0.003 0.008
2031 2031 (0) 22 : 0.970 0.005 0.022 0.003
2032 2032 (0) 22 : 0.973 0.006 0.015 0.005
2033 2033 (10) 22 : 0.984 0.005 0.007 0.004
2034 2034 (10) 22 : 0.977 0.007 0.009 0.007
2035 2035 (0) 22 : 0.977 0.006 0.014 0.003
2036 2036 (5) 22 : 0.961 0.012 0.016 0.011
2037 2037 (0) 22 : 0.971 0.015 0.007 0.006
2038 2038 (5) 22 : 0.979 0.011 0.006 0.004
2039 2039 (5) 22 : 0.983 0.006 0.006 0.005
2040 2040 (5) 22 : 0.975 0.007 0.011 0.007
2041 2041 (10) 22 : 0.987 0.005 0.005 0.002
2042 2042 (0) 22 : 0.991 0.003 0.003 0.003
2043 2043 (0) 22 : 0.988 0.005 0.004 0.003
2044 2044 (0) 22 : 0.968 0.005 0.007 0.019
2045 2045 (0) 22 : 0.989 0.003 0.003 0.005
2046 2046 (0) 22 : 0.984 0.005 0.005 0.005
2047 2047 (0) 22 : 0.989 0.004 0.003 0.003
2048 2048 (0) 22 : 0.935 0.050 0.011 0.003
2049 2049 (0) 22 : 0.983 0.007 0.004 0.006
2050 2050 (0) 22 : 0.987 0.003 0.007 0.003
2051 2051 (0) 22 : 0.982 0.008 0.004 0.005
2052 2052 (0) 22 : 0.986 0.005 0.004 0.005
2053 2053 (0) 22 : 0.949 0.011 0.032 0.008
2054 2054 (0) 22 : 0.957 0.028 0.009 0.007
2055 2055 (0) 22 : 0.930 0.040 0.012 0.018
2056 2056 (0) 22 : 0.816 0.166 0.012 0.005
2057 2057 (0) 22 : 0.982 0.007 0.008 0.003
2058 2058 (0) 22 : 0.987 0.006 0.004 0.003
2059 2059 (5) 22 : 0.975 0.013 0.004 0.008
2060 2060 (0) 22 : 0.969 0.019 0.007 0.005
2061 2061 (5) 22 : 0.898 0.008 0.050 0.045
2062 2062 (0) 22 : 0.958 0.034 0.003 0.004
2063 2063 (0) 22 : 0.960 0.004 0.028 0.008
2064 2064 (0) 22 : 0.972 0.004 0.006 0.019
2065 2065 (0) 22 : 0.987 0.005 0.005 0.003
2066 2066 (0) 22 : 0.988 0.005 0.005 0.003
2067 2067 (0) 22 : 0.964 0.017 0.008 0.011
2068 2068 (0) 22 : 0.985 0.005 0.007 0.002
2069 2069 (0) 22 : 0.992 0.003 0.003 0.002
2070 2070 (0) 22 : 0.988 0.004 0.004 0.004
2071 2071 (0) 22 : 0.991 0.002 0.004 0.003
2072 2072 (0) 22 : 0.941 0.018 0.033 0.007
2073 2073 (0) 22 : 0.988 0.004 0.003 0.005
2074 2074 (0) 22 : 0.985 0.007 0.005 0.003
2075 2075 (5) 22 : 0.985 0.006 0.004 0.005
2076 2076 (0) 22 : 0.986 0.003 0.007 0.004
2077 2077 (0) 22 : 0.969 0.013 0.008 0.011
2078 2078 (0) 22 : 0.983 0.004 0.010 0.003
2079 2079 (10) 22 : 0.982 0.009 0.006 0.003
2080 2080 (0) 22 : 0.988 0.006 0.004 0.002
2081 2081 (0) 22 : 0.990 0.004 0.005 0.002
2082 2082 (0) 22 : 0.989 0.003 0.005 0.003
2083 2083 (10) 22 : 0.990 0.004 0.003 0.003
2084 2084 (5) 22 : 0.976 0.013 0.004 0.007
2085 2085 (0) 22 : 0.974 0.016 0.005 0.004
2086 2086 (5) 22 : 0.990 0.003 0.004 0.003
2087 2087 (5) 22 : 0.981 0.014 0.003 0.002
2088 2088 (10) 22 : 0.977 0.013 0.004 0.006
2089 2089 (0) 22 : 0.987 0.005 0.005 0.002
2090 2090 (5) 22 : 0.952 0.021 0.007 0.020
2091 2091 (10) 22 : 0.986 0.005 0.006 0.003
2092 2092 (0) 22 : 0.964 0.020 0.005 0.012
2093 2093 (0) 22 : 0.963 0.022 0.012 0.004
2094 2094 (0) 22 : 0.870 0.120 0.003 0.006
2095 2095 (0) 22 : 0.933 0.011 0.006 0.050
2096 2096 (0) 22 : 0.975 0.017 0.005 0.003
2097 2097 (0) 22 : 0.981 0.011 0.005 0.003
2098 2098 (0) 22 : 0.986 0.004 0.006 0.003
2099 2099 (0) 22 : 0.982 0.006 0.007 0.006
2100 2100 (0) 22 : 0.988 0.005 0.005 0.002
2101 2101 (5) 22 : 0.975 0.011 0.004 0.010
2102 2102 (0) 22 : 0.991 0.003 0.004 0.002
2103 2103 (0) 22 : 0.929 0.009 0.045 0.018
2104 2104 (0) 22 : 0.987 0.004 0.004 0.006
2105 2105 (5) 22 : 0.974 0.010 0.011 0.004
2106 2106 (0) 22 : 0.985 0.007 0.006 0.002
2107 2107 (0) 22 : 0.945 0.039 0.010 0.006
2108 2108 (0) 22 : 0.974 0.014 0.007 0.005
2109 2109 (0) 22 : 0.981 0.007 0.006 0.006
2110 2110 (0) 22 : 0.989 0.003 0.003 0.005
2111 2111 (0) 22 : 0.956 0.012 0.022 0.010
2112 2112 (0) 22 : 0.966 0.026 0.006 0.003
2113 2113 (0) 22 : 0.989 0.002 0.004 0.005
2114 2114 (0) 22 : 0.980 0.010 0.005 0.005
2115 2115 (0) 22 : 0.973 0.010 0.009 0.008
2116 2116 (0) 22 : 0.971 0.005 0.021 0.003
2117 2117 (0) 22 : 0.982 0.011 0.005 0.002
2118 2118 (0) 22 : 0.991 0.003 0.003 0.003
2119 2119 (0) 22 : 0.987 0.005 0.003 0.004
2120 2120 (0) 22 : 0.991 0.004 0.003 0.003
2121 2121 (0) 22 : 0.982 0.011 0.004 0.003
2122 2122 (0) 22 : 0.979 0.010 0.004 0.006
2123 2123 (0) 22 : 0.980 0.008 0.007 0.005
2124 2124 (0) 22 : 0.987 0.005 0.006 0.003
2125 2125 (0) 22 : 0.990 0.004 0.003 0.003
2126 2126 (10) 22 : 0.972 0.017 0.007 0.004
2127 2127 (5) 22 : 0.915 0.012 0.005 0.068
2128 2128 (10) 22 : 0.982 0.007 0.005 0.005
2129 2129 (5) 22 : 0.932 0.012 0.029 0.027
2130 2130 (10) 22 : 0.983 0.006 0.007 0.004
2131 2131 (10) 22 : 0.944 0.020 0.021 0.015
2132 2132 (0) 22 : 0.971 0.006 0.013 0.009
2133 2133 (5) 22 : 0.973 0.014 0.009 0.004
2134 2134 (5) 22 : 0.969 0.014 0.010 0.007
2135 2135 (10) 22 : 0.961 0.010 0.014 0.015
2136 2136 (0) 22 : 0.981 0.009 0.007 0.003
2137 2137 (0) 22 : 0.988 0.004 0.005 0.003
2138 2138 (0) 22 : 0.987 0.006 0.004 0.003
2139 2139 (0) 22 : 0.990 0.004 0.004 0.002
2140 2140 (0) 22 : 0.845 0.009 0.144 0.003
2141 2141 (0) 22 : 0.949 0.044 0.004 0.003
2142 2142 (0) 22 : 0.970 0.007 0.019 0.004
2143 2143 (0) 22 : 0.980 0.014 0.003 0.004
2144 2144 (0) 22 : 0.957 0.035 0.003 0.005
2145 2145 (5) 22 : 0.963 0.010 0.006 0.022
2146 2146 (0) 22 : 0.869 0.040 0.010 0.081
2147 2147 (0) 22 : 0.989 0.003 0.005 0.004
2148 2148 (10) 22 : 0.984 0.006 0.006 0.003
2149 2149 (5) 22 : 0.984 0.003 0.009 0.004
2150 2150 (0) 22 : 0.991 0.003 0.003 0.003
2151 2151 (5) 22 : 0.978 0.011 0.006 0.005
2152 2152 (5) 22 : 0.967 0.018 0.009 0.006
2153 2153 (0) 22 : 0.969 0.019 0.008 0.004
2154 2154 (0) 22 : 0.982 0.003 0.012 0.004
2155 2155 (0) 22 : 0.983 0.008 0.005 0.003
2156 2156 (0) 22 : 0.974 0.015 0.004 0.008
2157 2157 (0) 22 : 0.985 0.006 0.007 0.003
2158 2158 (0) 22 : 0.979 0.008 0.010 0.003
2159 2159 (0) 22 : 0.985 0.006 0.004 0.006
2160 2160 (0) 22 : 0.984 0.010 0.003 0.003
2161 2161 (0) 22 : 0.987 0.007 0.003 0.003
2162 2162 (0) 22 : 0.982 0.010 0.005 0.004
2163 2163 (0) 22 : 0.982 0.003 0.009 0.006
2164 2164 (0) 22 : 0.949 0.029 0.004 0.018
2165 2165 (0) 22 : 0.975 0.011 0.003 0.012
2166 2166 (0) 22 : 0.982 0.009 0.003 0.006
2167 2167 (0) 22 : 0.977 0.004 0.015 0.004
2168 2168 (0) 22 : 0.972 0.009 0.011 0.008
2169 2169 (0) 22 : 0.977 0.004 0.015 0.004
2170 2170 (0) 22 : 0.982 0.011 0.004 0.004
2171 2171 (0) 22 : 0.985 0.006 0.003 0.005
2172 2172 (0) 22 : 0.975 0.018 0.004 0.003
2173 2173 (0) 22 : 0.979 0.016 0.003 0.002
2174 2174 (0) 22 : 0.989 0.004 0.005 0.002
2175 2175 (0) 22 : 0.985 0.004 0.009 0.002
2176 2176 (0) 22 : 0.955 0.004 0.038 0.003
2177 2177 (0) 22 : 0.973 0.005 0.017 0.005
2178 2178 (0) 22 : 0.985 0.008 0.004 0.003
2179 2179 (0) 22 : 0.979 0.006 0.007 0.007
2180 2180 (0) 22 : 0.989 0.002 0.006 0.003
2181 2181 (0) 22 : 0.980 0.007 0.005 0.008
2182 2182 (0) 22 : 0.988 0.005 0.004 0.003
2183 2183 (0) 22 : 0.983 0.006 0.006 0.004
2184 2184 (0) 22 : 0.982 0.005 0.010 0.003
2185 2185 (0) 22 : 0.988 0.004 0.003 0.005
2186 2186 (0) 22 : 0.979 0.010 0.008 0.003
2187 2187 (0) 22 : 0.986 0.006 0.006 0.002
2188 2188 (0) 22 : 0.960 0.008 0.028 0.004
2189 2189 (0) 22 : 0.991 0.003 0.003 0.003
2190 2190 (0) 22 : 0.990 0.003 0.004 0.003
2191 2191 (0) 22 : 0.988 0.005 0.004 0.003
2192 2192 (0) 22 : 0.988 0.006 0.003 0.003
2193 2193 (0) 22 : 0.984 0.009 0.004 0.003
2194 2194 (0) 22 : 0.987 0.006 0.003 0.004
2195 2195 (0) 22 : 0.987 0.006 0.003 0.004
2196 2196 (5) 23 : 0.978 0.006 0.006 0.009
2197 2197 (0) 23 : 0.966 0.020 0.004 0.010
2198 2198 (0) 23 : 0.982 0.004 0.007 0.006
2199 2199 (0) 23 : 0.981 0.008 0.005 0.006
2200 2200 (0) 23 : 0.986 0.004 0.007 0.003
2201 2201 (0) 23 : 0.957 0.008 0.018 0.017
2202 2202 (0) 23 : 0.951 0.030 0.012 0.006
2203 2203 (0) 23 : 0.935 0.022 0.037 0.005
2204 2204 (0) 23 : 0.947 0.024 0.008 0.020
2205 2205 (0) 23 : 0.990 0.004 0.004 0.003
2206 2206 (0) 23 : 0.985 0.005 0.007 0.003
2207 2207 (0) 23 : 0.966 0.022 0.008 0.004
2208 2208 (0) 23 : 0.981 0.007 0.007 0.004
2209 2209 (0) 23 : 0.987 0.005 0.004 0.004
2210 2210 (0) 23 : 0.929 0.006 0.058 0.007
2211 2211 (0) 23 : 0.989 0.005 0.004 0.003
2212 2212 (0) 23 : 0.987 0.005 0.003 0.005
2213 2213 (0) 23 : 0.985 0.008 0.004 0.003
2214 2214 (0) 23 : 0.982 0.011 0.003 0.004
2215 2215 (0) 23 : 0.951 0.036 0.004 0.008
2216 2216 (0) 23 : 0.880 0.005 0.106 0.008
2217 2217 (0) 23 : 0.926 0.011 0.004 0.060
2218 2218 (0) 23 : 0.969 0.014 0.005 0.012
2219 2219 (0) 23 : 0.973 0.011 0.007 0.009
2220 2220 (0) 23 : 0.987 0.006 0.004 0.003
2221 2221 (0) 23 : 0.969 0.011 0.005 0.015
2222 2222 (0) 23 : 0.948 0.011 0.007 0.034
2223 2223 (0) 23 : 0.969 0.015 0.006 0.010
2224 2224 (0) 23 : 0.981 0.005 0.011 0.003
2225 2225 (0) 23 : 0.984 0.006 0.004 0.007
2226 2226 (0) 23 : 0.959 0.007 0.030 0.004
2227 2227 (10) 23 : 0.978 0.009 0.005 0.008
2228 2228 (5) 23 : 0.985 0.005 0.007 0.003
2229 2229 (0) 23 : 0.614 0.366 0.004 0.016
2230 2230 (0) 23 : 0.981 0.012 0.003 0.004
2231 2231 (0) 23 : 0.957 0.023 0.012 0.008
2232 2232 (0) 23 : 0.955 0.036 0.006 0.004
2233 2233 (0) 23 : 0.721 0.262 0.011 0.006
2234 2234 (0) 23 : 0.975 0.016 0.002 0.006
2235 2235 (0) 23 : 0.976 0.012 0.009 0.004
2236 2236 (0) 23 : 0.967 0.018 0.005 0.011
2237 2237 (0) 23 : 0.982 0.005 0.003 0.010
2238 2238 (5) 23 : 0.899 0.077 0.004 0.019
2239 2239 (0) 23 : 0.780 0.199 0.013 0.008
2240 2240 (0) 23 : 0.977 0.012 0.003 0.008
2241 2241 (0) 23 : 0.762 0.228 0.004 0.006
2242 2242 (0) 23 : 0.970 0.015 0.007 0.008
2243 2243 (0) 23 : 0.769 0.215 0.003 0.013
2244 2244 (5) 23 : 0.261 0.674 0.005 0.060
2245 2245 (0) 23 : 0.899 0.006 0.007 0.088
2246 2246 (0) 23 : 0.963 0.008 0.025 0.003
2247 2247 (0) 23 : 0.945 0.008 0.003 0.044
2248 2248 (0) 23 : 0.969 0.011 0.006 0.015
2249 2249 (0) 23 : 0.985 0.005 0.005 0.004
2250 2250 (0) 23 : 0.984 0.006 0.006 0.003
2251 2251 (5) 23 : 0.979 0.010 0.006 0.005
2252 2252 (5) 23 : 0.852 0.015 0.003 0.130
2253 2253 (0) 23 : 0.988 0.004 0.003 0.005
2254 2254 (0) 23 : 0.914 0.038 0.007 0.041
2255 2255 (0) 23 : 0.931 0.056 0.004 0.009
2256 2256 (0) 23 : 0.989 0.005 0.003 0.003
2257 2257 (0) 23 : 0.980 0.009 0.005 0.006
2258 2258 (0) 23 : 0.945 0.023 0.010 0.022
2259 2259 (0) 23 : 0.970 0.007 0.004 0.020
2260 2260 (0) 23 : 0.898 0.073 0.004 0.024
2261 2261 (0) 23 : 0.930 0.024 0.004 0.042
2262 2262 (0) 23 : 0.989 0.003 0.003 0.005
2263 2263 (0) 23 : 0.842 0.121 0.005 0.033
2264 2264 (0) 24 : 0.989 0.004 0.005 0.002
2265 2265 (0) 24 : 0.988 0.005 0.005 0.002
2266 2266 (0) 24 : 0.986 0.003 0.006 0.005
2267 2267 (0) 24 : 0.975 0.008 0.014 0.004
2268 2268 (0) 24 : 0.983 0.008 0.004 0.005
2269 2269 (0) 24 : 0.986 0.005 0.002 0.006
2270 2270 (0) 24 : 0.987 0.005 0.005 0.003
2271 2271 (0) 24 : 0.852 0.011 0.005 0.132
2272 2272 (0) 24 : 0.971 0.010 0.010 0.009
2273 2273 (0) 24 : 0.970 0.013 0.010 0.008
2274 2274 (0) 24 : 0.987 0.005 0.004 0.004
2275 2275 (0) 24 : 0.915 0.072 0.007 0.006
2276 2276 (0) 24 : 0.988 0.003 0.003 0.006
2277 2277 (0) 24 : 0.977 0.012 0.006 0.005
2278 2278 (0) 24 : 0.988 0.005 0.004 0.003
2279 2279 (0) 24 : 0.989 0.004 0.003 0.004
2280 2280 (0) 24 : 0.975 0.010 0.006 0.009
2281 2281 (0) 24 : 0.927 0.008 0.004 0.061
2282 2282 (0) 24 : 0.990 0.003 0.003 0.004
2283 2283 (0) 24 : 0.978 0.012 0.004 0.007
2284 2284 (0) 24 : 0.961 0.028 0.004 0.007
2285 2285 (0) 24 : 0.878 0.106 0.008 0.008
2286 2286 (0) 24 : 0.968 0.024 0.006 0.002
2287 2287 (0) 24 : 0.946 0.041 0.007 0.007
2288 2288 (0) 24 : 0.943 0.048 0.004 0.005
2289 2289 (0) 24 : 0.983 0.006 0.006 0.005
2290 2290 (0) 24 : 0.977 0.014 0.003 0.006
2291 2291 (0) 24 : 0.984 0.005 0.008 0.003
2292 2292 (0) 24 : 0.981 0.007 0.006 0.005
2293 2293 (0) 24 : 0.954 0.012 0.013 0.021
2294 2294 (0) 24 : 0.966 0.020 0.011 0.003
2295 2295 (0) 25 : 0.977 0.011 0.007 0.005
2296 2296 (0) 25 : 0.972 0.009 0.005 0.015
2297 2297 (0) 25 : 0.982 0.007 0.007 0.004
2298 2298 (0) 25 : 0.987 0.007 0.003 0.003
2299 2299 (0) 25 : 0.969 0.021 0.007 0.003
2300 2300 (0) 25 : 0.983 0.011 0.004 0.003
2301 2301 (0) 25 : 0.977 0.008 0.010 0.004
2302 2302 (0) 25 : 0.965 0.021 0.011 0.004
2303 2303 (0) 25 : 0.985 0.006 0.004 0.004
2304 2304 (0) 25 : 0.981 0.005 0.004 0.009
2305 2305 (0) 25 : 0.964 0.017 0.003 0.015
2306 2306 (0) 25 : 0.965 0.009 0.006 0.019
2307 2307 (0) 25 : 0.957 0.011 0.008 0.024
2308 2308 (0) 25 : 0.987 0.006 0.004 0.003
2309 2309 (0) 25 : 0.987 0.005 0.005 0.003
2310 2310 (0) 25 : 0.986 0.004 0.007 0.002
2311 2311 (0) 25 : 0.982 0.009 0.004 0.005
2312 2312 (0) 25 : 0.977 0.004 0.004 0.014
2313 2313 (0) 25 : 0.981 0.007 0.005 0.007
2314 2314 (0) 25 : 0.978 0.008 0.004 0.009
2315 2315 (0) 25 : 0.985 0.006 0.003 0.006
2316 2316 (0) 25 : 0.967 0.021 0.005 0.007
2317 2317 (0) 25 : 0.962 0.017 0.005 0.016
2318 2318 (0) 25 : 0.921 0.069 0.005 0.006
2319 2319 (0) 25 : 0.946 0.016 0.004 0.033
2320 2320 (0) 25 : 0.985 0.004 0.004 0.007
2321 2321 (0) 25 : 0.918 0.069 0.010 0.004
2322 2322 (0) 25 : 0.985 0.003 0.006 0.006
2323 2323 (0) 25 : 0.975 0.005 0.005 0.015
2324 2324 (0) 25 : 0.987 0.004 0.004 0.004
2325 2325 (0) 25 : 0.976 0.011 0.004 0.008
2326 2326 (0) 25 : 0.989 0.004 0.004 0.003
2327 2327 (0) 25 : 0.966 0.004 0.003 0.027
2328 2328 (0) 25 : 0.981 0.013 0.003 0.003
2329 2329 (0) 25 : 0.991 0.002 0.004 0.003
2330 2330 (0) 25 : 0.982 0.005 0.006 0.007
2331 2331 (0) 25 : 0.981 0.007 0.006 0.006
2332 2332 (0) 25 : 0.984 0.009 0.003 0.004
2333 2333 (0) 25 : 0.974 0.012 0.011 0.003
2334 2334 (0) 25 : 0.985 0.006 0.006 0.002
2335 2335 (0) 25 : 0.966 0.027 0.004 0.003
2336 2336 (0) 25 : 0.927 0.005 0.006 0.061
2337 2337 (0) 25 : 0.779 0.207 0.007 0.007
2338 2338 (0) 25 : 0.977 0.010 0.010 0.003
2339 2339 (0) 25 : 0.970 0.018 0.003 0.008
2340 2340 (0) 25 : 0.965 0.028 0.004 0.003
2341 2341 (0) 25 : 0.984 0.005 0.008 0.003
2342 2342 (0) 25 : 0.957 0.007 0.005 0.031
2343 2343 (0) 25 : 0.987 0.004 0.002 0.007
2344 2344 (0) 25 : 0.980 0.008 0.007 0.005
2345 2345 (0) 25 : 0.941 0.020 0.011 0.028
2346 2346 (0) 25 : 0.989 0.004 0.004 0.002
2347 2347 (0) 25 : 0.991 0.004 0.003 0.002
2348 2348 (0) 25 : 0.897 0.013 0.005 0.086
2349 2349 (0) 25 : 0.809 0.140 0.012 0.039
2350 2350 (0) 25 : 0.984 0.007 0.003 0.006
2351 2351 (0) 25 : 0.986 0.005 0.005 0.004
2352 2352 (0) 25 : 0.987 0.003 0.004 0.006
2353 2353 (0) 25 : 0.981 0.007 0.005 0.007
2354 2354 (0) 25 : 0.958 0.013 0.006 0.023
2355 2355 (0) 25 : 0.955 0.017 0.011 0.017
2356 2356 (0) 25 : 0.973 0.012 0.008 0.008
2357 2357 (0) 25 : 0.962 0.020 0.015 0.004
2358 2358 (0) 25 : 0.987 0.008 0.002 0.004
2359 2359 (0) 25 : 0.986 0.007 0.003 0.003
2360 2360 (0) 25 : 0.929 0.048 0.006 0.017
2361 2361 (0) 25 : 0.947 0.037 0.005 0.011
2362 2362 (0) 25 : 0.991 0.003 0.003 0.003
2363 2363 (0) 25 : 0.979 0.005 0.002 0.014
2364 2364 (0) 25 : 0.968 0.021 0.006 0.005
2365 2365 (0) 25 : 0.970 0.020 0.007 0.003
2366 2366 (0) 25 : 0.986 0.004 0.006 0.004
2367 2367 (0) 25 : 0.963 0.015 0.005 0.017
2368 2368 (0) 25 : 0.883 0.107 0.004 0.006
2369 2369 (0) 25 : 0.897 0.094 0.004 0.005
2370 2370 (0) 25 : 0.983 0.008 0.004 0.005
2371 2371 (0) 25 : 0.982 0.010 0.004 0.005
2372 2372 (0) 25 : 0.978 0.007 0.006 0.009
2373 2373 (0) 25 : 0.991 0.004 0.002 0.003
2374 2374 (0) 25 : 0.978 0.007 0.009 0.006
2375 2375 (0) 25 : 0.954 0.007 0.011 0.028
2376 2376 (0) 25 : 0.984 0.007 0.005 0.004
2377 2377 (0) 25 : 0.982 0.008 0.006 0.005
2378 2378 (0) 25 : 0.985 0.008 0.003 0.004
2379 2379 (0) 25 : 0.980 0.008 0.006 0.007
2380 2380 (0) 25 : 0.986 0.007 0.003 0.005
2381 2381 (0) 25 : 0.986 0.009 0.003 0.003
2382 2382 (0) 25 : 0.984 0.004 0.003 0.009
2383 2383 (0) 25 : 0.980 0.005 0.008 0.006
2384 2384 (0) 25 : 0.980 0.011 0.006 0.004
2385 2385 (0) 25 : 0.979 0.008 0.008 0.005
2386 2386 (0) 25 : 0.948 0.026 0.004 0.022
2387 2387 (0) 25 : 0.987 0.003 0.005 0.005
2388 2388 (0) 25 : 0.965 0.007 0.009 0.019
2389 2389 (0) 25 : 0.942 0.024 0.004 0.029
2390 2390 (0) 25 : 0.965 0.016 0.003 0.016
2391 2391 (0) 25 : 0.947 0.045 0.004 0.005
2392 2392 (0) 25 : 0.975 0.015 0.004 0.007
2393 2393 (0) 25 : 0.971 0.018 0.005 0.006
2394 2394 (0) 25 : 0.990 0.003 0.004 0.003
2395 2395 (0) 25 : 0.965 0.023 0.003 0.009
2396 2396 (0) 25 : 0.989 0.003 0.004 0.004
2397 2397 (0) 25 : 0.948 0.023 0.024 0.006
2398 2398 (0) 25 : 0.957 0.016 0.025 0.002
2399 2399 (0) 25 : 0.973 0.017 0.005 0.004
2400 2400 (0) 25 : 0.989 0.004 0.004 0.003
2401 2401 (0) 25 : 0.909 0.084 0.003 0.004
2402 2402 (0) 25 : 0.985 0.008 0.005 0.002
2403 2403 (0) 25 : 0.889 0.048 0.004 0.059
2404 2404 (0) 25 : 0.933 0.015 0.023 0.030
2405 2405 (0) 25 : 0.977 0.008 0.005 0.010
2406 2406 (0) 25 : 0.976 0.006 0.010 0.008
2407 2407 (0) 25 : 0.982 0.008 0.005 0.005
2408 2408 (0) 25 : 0.989 0.004 0.003 0.005
2409 2409 (0) 25 : 0.983 0.007 0.005 0.005
2410 2410 (0) 25 : 0.958 0.026 0.009 0.007
2411 2411 (0) 25 : 0.977 0.009 0.007 0.007
2412 2412 (0) 25 : 0.978 0.011 0.005 0.006
2413 2413 (0) 25 : 0.991 0.004 0.003 0.002
2414 2414 (0) 25 : 0.953 0.011 0.029 0.006
2415 2415 (0) 25 : 0.974 0.014 0.002 0.011
2416 2416 (0) 25 : 0.974 0.004 0.020 0.003
2417 2417 (0) 25 : 0.957 0.032 0.005 0.005
2418 2418 (0) 25 : 0.985 0.010 0.003 0.002
2419 2419 (0) 25 : 0.979 0.007 0.004 0.011
2420 2420 (0) 26 : 0.989 0.004 0.003 0.004
2421 2421 (0) 26 : 0.966 0.006 0.005 0.023
2422 2422 (0) 26 : 0.972 0.016 0.007 0.005
2423 2423 (0) 26 : 0.916 0.061 0.007 0.016
2424 2424 (0) 26 : 0.987 0.005 0.003 0.004
2425 2425 (0) 26 : 0.983 0.005 0.004 0.008
2426 2426 (0) 26 : 0.971 0.004 0.003 0.022
2427 2427 (0) 26 : 0.977 0.014 0.007 0.003
2428 2428 (0) 26 : 0.966 0.018 0.008 0.008
2429 2429 (0) 26 : 0.887 0.080 0.026 0.007
2430 2430 (0) 26 : 0.985 0.005 0.003 0.006
2431 2431 (0) 26 : 0.872 0.115 0.004 0.009
2432 2432 (0) 26 : 0.982 0.008 0.003 0.007
2433 2433 (0) 26 : 0.984 0.003 0.004 0.008
2434 2434 (0) 26 : 0.985 0.008 0.003 0.004
2435 2435 (10) 26 : 0.976 0.009 0.004 0.011
2436 2436 (0) 26 : 0.915 0.070 0.007 0.008
2437 2437 (0) 26 : 0.972 0.006 0.011 0.011
2438 2438 (0) 26 : 0.983 0.005 0.005 0.007
2439 2439 (0) 26 : 0.726 0.014 0.006 0.254
2440 2440 (5) 26 : 0.985 0.005 0.004 0.007
2441 2441 (0) 26 : 0.986 0.005 0.006 0.004
2442 2442 (0) 26 : 0.978 0.006 0.003 0.014
2443 2443 (0) 26 : 0.947 0.006 0.014 0.034
2444 2444 (0) 26 : 0.978 0.007 0.008 0.008
2445 2445 (0) 26 : 0.985 0.007 0.004 0.004
2446 2446 (0) 26 : 0.896 0.097 0.003 0.004
2447 2447 (5) 26 : 0.976 0.005 0.002 0.016
2448 2448 (0) 26 : 0.987 0.004 0.005 0.004
2449 2449 (0) 26 : 0.987 0.004 0.004 0.005
2450 2450 (0) 26 : 0.978 0.007 0.004 0.011
2451 2451 (0) 26 : 0.964 0.024 0.010 0.003
2452 2452 (0) 26 : 0.943 0.039 0.011 0.007
2453 2453 (0) 26 : 0.953 0.028 0.009 0.010
2454 2454 (0) 26 : 0.980 0.009 0.004 0.006
2455 2455 (0) 26 : 0.987 0.005 0.003 0.005
2456 2456 (0) 26 : 0.971 0.005 0.002 0.022
2457 2457 (5) 26 : 0.979 0.008 0.008 0.004
2458 2458 (0) 26 : 0.927 0.062 0.003 0.008
2459 2459 (0) 26 : 0.982 0.010 0.003 0.006
2460 2460 (0) 26 : 0.981 0.011 0.003 0.005
2461 2461 (5) 26 : 0.985 0.004 0.005 0.006
2462 2462 (5) 26 : 0.952 0.010 0.003 0.034
2463 2463 (10) 26 : 0.976 0.012 0.005 0.007
2464 2464 (5) 26 : 0.910 0.032 0.004 0.054
2465 2465 (5) 26 : 0.985 0.008 0.003 0.004
2466 2466 (5) 26 : 0.986 0.007 0.004 0.003
2467 2467 (5) 26 : 0.836 0.007 0.004 0.153
2468 2468 (5) 26 : 0.965 0.024 0.005 0.006
2469 2469 (10) 26 : 0.987 0.005 0.003 0.005
2470 2470 (5) 26 : 0.962 0.016 0.006 0.016
2471 2471 (5) 26 : 0.984 0.008 0.005 0.003
2472 2472 (5) 26 : 0.958 0.023 0.010 0.009
2473 2473 (0) 27 : 0.979 0.012 0.004 0.006
2474 2474 (0) 27 : 0.892 0.097 0.003 0.007
2475 2475 (0) 27 : 0.968 0.011 0.006 0.015
2476 2476 (0) 27 : 0.987 0.007 0.003 0.004
2477 2477 (0) 27 : 0.949 0.003 0.017 0.030
2478 2478 (0) 27 : 0.960 0.019 0.003 0.018
2479 2479 (0) 27 : 0.969 0.012 0.008 0.010
2480 2480 (0) 27 : 0.847 0.007 0.006 0.140
2481 2481 (0) 27 : 0.930 0.055 0.010 0.005
2482 2482 (0) 27 : 0.977 0.008 0.003 0.013
2483 2483 (0) 27 : 0.952 0.010 0.005 0.033
2484 2484 (0) 27 : 0.963 0.017 0.010 0.010
2485 2485 (0) 27 : 0.980 0.010 0.005 0.006
2486 2486 (0) 27 : 0.948 0.007 0.016 0.029
2487 2487 (0) 27 : 0.984 0.005 0.008 0.003
2488 2488 (0) 27 : 0.983 0.008 0.004 0.005
2489 2489 (0) 27 : 0.988 0.006 0.003 0.003
2490 2490 (0) 27 : 0.928 0.010 0.004 0.059
2491 2491 (0) 27 : 0.984 0.005 0.003 0.008
2492 2492 (0) 27 : 0.990 0.004 0.002 0.004
2493 2493 (0) 27 : 0.984 0.007 0.003 0.007
2494 2494 (0) 27 : 0.767 0.227 0.003 0.003
2495 2495 (0) 27 : 0.977 0.005 0.008 0.010
2496 2496 (0) 27 : 0.985 0.007 0.004 0.004
2497 2497 (0) 27 : 0.784 0.190 0.014 0.011
2498 2498 (0) 27 : 0.949 0.018 0.005 0.028
2499 2499 (0) 27 : 0.962 0.019 0.013 0.006
2500 2500 (0) 27 : 0.983 0.009 0.003 0.004
2501 2501 (0) 27 : 0.961 0.007 0.005 0.027
2502 2502 (0) 27 : 0.990 0.004 0.003 0.003
2503 2503 (0) 27 : 0.934 0.053 0.009 0.004
2504 2504 (0) 27 : 0.982 0.007 0.004 0.007
2505 2505 (0) 27 : 0.986 0.004 0.003 0.007
2506 2506 (0) 27 : 0.855 0.029 0.005 0.111
2507 2507 (0) 27 : 0.971 0.016 0.006 0.007
2508 2508 (0) 27 : 0.974 0.010 0.004 0.012
2509 2509 (0) 27 : 0.940 0.017 0.038 0.005
2510 2510 (0) 27 : 0.962 0.008 0.024 0.005
2511 2511 (0) 27 : 0.986 0.005 0.005 0.004
2512 2512 (0) 27 : 0.956 0.007 0.008 0.030
2513 2513 (0) 27 : 0.978 0.005 0.004 0.013
2514 2514 (0) 27 : 0.990 0.004 0.002 0.003
2515 2515 (0) 27 : 0.986 0.004 0.003 0.007
2516 2516 (0) 27 : 0.989 0.004 0.004 0.003
2517 2517 (0) 27 : 0.985 0.008 0.003 0.004
2518 2518 (0) 27 : 0.985 0.005 0.002 0.008
2519 2519 (0) 27 : 0.624 0.009 0.003 0.364
2520 2520 (0) 27 : 0.919 0.007 0.002 0.071
2521 2521 (0) 27 : 0.975 0.007 0.005 0.013
2522 2522 (0) 27 : 0.970 0.015 0.009 0.006
2523 2523 (0) 27 : 0.987 0.004 0.004 0.004
2524 2524 (0) 27 : 0.828 0.160 0.007 0.005
2525 2525 (0) 27 : 0.977 0.003 0.004 0.016
2526 2526 (0) 27 : 0.987 0.007 0.003 0.003
2527 2527 (0) 27 : 0.983 0.009 0.004 0.004
2528 2528 (0) 27 : 0.970 0.007 0.007 0.017
2529 2529 (0) 27 : 0.964 0.027 0.003 0.006
2530 2530 (0) 27 : 0.985 0.004 0.003 0.008
2531 2531 (0) 27 : 0.977 0.008 0.005 0.011
2532 2532 (0) 27 : 0.929 0.055 0.006 0.010
2533 2533 (0) 27 : 0.980 0.012 0.004 0.004
2534 2534 (0) 27 : 0.977 0.008 0.003 0.011
2535 2535 (0) 27 : 0.665 0.328 0.003 0.004
2536 2536 (0) 27 : 0.981 0.004 0.005 0.010
2537 2537 (0) 27 : 0.991 0.004 0.003 0.003
2538 2538 (0) 27 : 0.841 0.065 0.007 0.087
2539 2539 (0) 27 : 0.974 0.006 0.012 0.008
2540 2540 (0) 27 : 0.983 0.006 0.004 0.007
2541 2541 (0) 27 : 0.935 0.054 0.003 0.007
2542 2542 (0) 27 : 0.987 0.005 0.004 0.005
2543 2543 (0) 27 : 0.989 0.004 0.002 0.005
2544 2544 (0) 27 : 0.959 0.007 0.004 0.030
2545 2545 (0) 27 : 0.973 0.011 0.006 0.011
2546 2546 (0) 27 : 0.958 0.007 0.006 0.030
2547 2547 (0) 27 : 0.988 0.004 0.004 0.003
2548 2548 (0) 27 : 0.987 0.004 0.004 0.005
2549 2549 (0) 27 : 0.984 0.004 0.007 0.004
2550 2550 (0) 27 : 0.979 0.006 0.004 0.011
2551 2551 (0) 27 : 0.984 0.008 0.004 0.004
2552 2552 (0) 27 : 0.983 0.008 0.005 0.004
2553 2553 (0) 27 : 0.975 0.008 0.004 0.013
2554 2554 (0) 27 : 0.985 0.009 0.004 0.003
2555 2555 (0) 27 : 0.977 0.012 0.005 0.006
2556 2556 (0) 27 : 0.966 0.006 0.004 0.024
2557 2557 (0) 27 : 0.977 0.009 0.010 0.005
2558 2558 (0) 27 : 0.985 0.007 0.004 0.004
2559 2559 (0) 27 : 0.979 0.010 0.007 0.004
2560 2560 (0) 27 : 0.802 0.022 0.004 0.171
2561 2561 (0) 27 : 0.984 0.006 0.003 0.008
2562 2562 (0) 27 : 0.989 0.004 0.003 0.004
2563 2563 (0) 27 : 0.987 0.006 0.004 0.003
2564 2564 (0) 27 : 0.985 0.006 0.003 0.006
2565 2565 (0) 27 : 0.965 0.025 0.003 0.007
2566 2566 (0) 27 : 0.987 0.008 0.003 0.002
2567 2567 (0) 27 : 0.977 0.015 0.004 0.005
2568 2568 (0) 27 : 0.982 0.004 0.006 0.007
2569 2569 (0) 27 : 0.981 0.006 0.007 0.007
2570 2570 (0) 27 : 0.946 0.030 0.004 0.020
2571 2571 (0) 27 : 0.982 0.008 0.007 0.003
2572 2572 (0) 27 : 0.984 0.006 0.003 0.007
2573 2573 (0) 27 : 0.984 0.004 0.005 0.007
2574 2574 (0) 27 : 0.972 0.019 0.005 0.005
2575 2575 (0) 27 : 0.964 0.028 0.004 0.004
2576 2576 (0) 27 : 0.986 0.003 0.005 0.005
2577 2577 (0) 27 : 0.955 0.022 0.016 0.007
2578 2578 (0) 27 : 0.988 0.006 0.003 0.003
2579 2579 (0) 27 : 0.981 0.009 0.005 0.005
2580 2580 (0) 27 : 0.959 0.033 0.003 0.005
2581 2581 (0) 27 : 0.989 0.003 0.003 0.006
2582 2582 (0) 27 : 0.966 0.012 0.003 0.019
2583 2583 (0) 27 : 0.990 0.004 0.003 0.003
2584 2584 (0) 27 : 0.972 0.010 0.005 0.013
2585 2585 (0) 27 : 0.983 0.005 0.004 0.008
2586 2586 (0) 27 : 0.941 0.015 0.006 0.038
2587 2587 (0) 27 : 0.990 0.004 0.004 0.002
2588 2588 (0) 27 : 0.974 0.014 0.005 0.007
2589 2589 (0) 27 : 0.989 0.003 0.003 0.005
2590 2590 (0) 27 : 0.981 0.012 0.004 0.003
2591 2591 (0) 27 : 0.950 0.007 0.005 0.039
2592 2592 (0) 27 : 0.988 0.006 0.003 0.003
2593 2593 (0) 27 : 0.981 0.010 0.003 0.007
2594 2594 (0) 27 : 0.966 0.017 0.004 0.014
2595 2595 (0) 27 : 0.989 0.003 0.005 0.003
2596 2596 (0) 27 : 0.965 0.008 0.011 0.016
2597 2597 (0) 27 : 0.981 0.006 0.008 0.005
2598 2598 (5) 28 : 0.006 0.009 0.982 0.003
2599 2599 (0) 28 : 0.016 0.007 0.973 0.004
2600 2600 (0) 28 : 0.007 0.006 0.983 0.004
2601 2601 (0) 28 : 0.010 0.004 0.982 0.003
2602 2602 (0) 28 : 0.004 0.003 0.991 0.002
2603 2603 (0) 28 : 0.031 0.002 0.962 0.005
2604 2604 (0) 28 : 0.005 0.007 0.986 0.002
2605 2605 (0) 28 : 0.005 0.003 0.989 0.002
2606 2606 (0) 28 : 0.004 0.006 0.982 0.007
2607 2607 (0) 28 : 0.006 0.003 0.989 0.002
2608 2608 (0) 28 : 0.003 0.003 0.991 0.002
2609 2609 (0) 28 : 0.004 0.004 0.990 0.003
2610 2610 (0) 28 : 0.003 0.006 0.988 0.002
2611 2611 (5) 28 : 0.003 0.003 0.991 0.002
2612 2612 (0) 28 : 0.009 0.007 0.981 0.003
2613 2613 (0) 28 : 0.004 0.006 0.988 0.002
2614 2614 (0) 28 : 0.006 0.003 0.982 0.009
2615 2615 (0) 28 : 0.004 0.005 0.989 0.002
2616 2616 (0) 28 : 0.003 0.003 0.992 0.002
2617 2617 (0) 28 : 0.005 0.004 0.988 0.003
2618 2618 (0) 28 : 0.004 0.003 0.991 0.002
2619 2619 (0) 28 : 0.005 0.003 0.989 0.003
2620 2620 (0) 28 : 0.004 0.003 0.992 0.002
2621 2621 (0) 28 : 0.003 0.003 0.993 0.002
2622 2622 (0) 28 : 0.003 0.002 0.994 0.002
2623 2623 (0) 28 : 0.003 0.002 0.992 0.002
2624 2624 (0) 28 : 0.006 0.005 0.987 0.003
2625 2625 (0) 28 : 0.003 0.003 0.992 0.002
2626 2626 (0) 29 : 0.004 0.003 0.990 0.003
2627 2627 (0) 29 : 0.010 0.004 0.978 0.008
2628 2628 (0) 29 : 0.004 0.005 0.989 0.003
2629 2629 (0) 29 : 0.007 0.005 0.983 0.005
2630 2630 (0) 29 : 0.003 0.005 0.990 0.002
2631 2631 (0) 29 : 0.005 0.005 0.988 0.002
2632 2632 (0) 29 : 0.004 0.002 0.993 0.002
2633 2633 (0) 29 : 0.002 0.002 0.994 0.002
2634 2634 (0) 29 : 0.004 0.003 0.991 0.003
2635 2635 (0) 29 : 0.005 0.013 0.980 0.002
2636 2636 (0) 29 : 0.003 0.003 0.992 0.002
2637 2637 (0) 29 : 0.006 0.003 0.988 0.003
2638 2638 (0) 29 : 0.004 0.004 0.988 0.003
2639 2639 (0) 29 : 0.006 0.005 0.987 0.002
2640 2640 (0) 29 : 0.004 0.003 0.991 0.002
2641 2641 (0) 29 : 0.006 0.004 0.987 0.003
2642 2642 (0) 29 : 0.003 0.004 0.992 0.002
2643 2643 (0) 29 : 0.007 0.003 0.987 0.003
2644 2644 (0) 29 : 0.005 0.004 0.987 0.005
2645 2645 (0) 29 : 0.003 0.003 0.992 0.002
2646 2646 (0) 29 : 0.003 0.002 0.993 0.002
2647 2647 (0) 29 : 0.005 0.003 0.988 0.004
2648 2648 (0) 29 : 0.004 0.004 0.989 0.003
2649 2649 (0) 29 : 0.004 0.003 0.991 0.002
2650 2650 (0) 29 : 0.004 0.004 0.989 0.002
2651 2651 (0) 29 : 0.004 0.003 0.990 0.003
2652 2652 (0) 29 : 0.004 0.004 0.986 0.006
2653 2653 (0) 29 : 0.008 0.004 0.986 0.002
2654 2654 (0) 29 : 0.007 0.004 0.987 0.002
2655 2655 (0) 29 : 0.004 0.002 0.991 0.002
2656 2656 (0) 29 : 0.003 0.005 0.989 0.002
2657 2657 (0) 29 : 0.005 0.004 0.988 0.002
2658 2658 (0) 29 : 0.003 0.006 0.988 0.003
2659 2659 (0) 29 : 0.004 0.003 0.990 0.002
2660 2660 (0) 29 : 0.004 0.005 0.988 0.002
2661 2661 (0) 29 : 0.010 0.003 0.984 0.003
2662 2662 (0) 29 : 0.004 0.003 0.992 0.002
2663 2663 (0) 29 : 0.006 0.004 0.988 0.002
2664 2664 (0) 29 : 0.004 0.003 0.990 0.002
2665 2665 (0) 29 : 0.004 0.004 0.989 0.003
2666 2666 (0) 29 : 0.004 0.003 0.991 0.003
2667 2667 (0) 29 : 0.010 0.003 0.984 0.003
2668 2668 (0) 29 : 0.005 0.003 0.989 0.002
2669 2669 (0) 29 : 0.009 0.006 0.982 0.002
2670 2670 (0) 29 : 0.005 0.005 0.988 0.003
2671 2671 (0) 29 : 0.004 0.003 0.991 0.002
2672 2672 (0) 29 : 0.004 0.004 0.989 0.003
2673 2673 (0) 29 : 0.003 0.004 0.989 0.004
2674 2674 (0) 29 : 0.004 0.004 0.987 0.005
2675 2675 (0) 29 : 0.004 0.003 0.987 0.006
2676 2676 (0) 29 : 0.008 0.002 0.988 0.002
2677 2677 (0) 29 : 0.011 0.005 0.983 0.002
2678 2678 (0) 29 : 0.004 0.003 0.991 0.002
2679 2679 (0) 29 : 0.005 0.004 0.988 0.002
2680 2680 (0) 29 : 0.003 0.003 0.992 0.002
2681 2681 (0) 29 : 0.005 0.003 0.990 0.002
2682 2682 (0) 29 : 0.003 0.002 0.992 0.002
2683 2683 (0) 29 : 0.004 0.009 0.983 0.004
2684 2684 (0) 29 : 0.003 0.002 0.994 0.002
2685 2685 (0) 29 : 0.006 0.004 0.988 0.002
2686 2686 (0) 29 : 0.007 0.011 0.980 0.002
2687 2687 (0) 29 : 0.011 0.004 0.977 0.008
2688 2688 (0) 29 : 0.009 0.004 0.985 0.002
2689 2689 (0) 29 : 0.003 0.003 0.991 0.002
2690 2690 (0) 29 : 0.004 0.005 0.989 0.003
2691 2691 (0) 29 : 0.005 0.005 0.988 0.003
2692 2692 (0) 29 : 0.004 0.003 0.990 0.003
2693 2693 (0) 29 : 0.010 0.003 0.985 0.002
2694 2694 (0) 29 : 0.013 0.005 0.965 0.017
2695 2695 (0) 29 : 0.005 0.004 0.989 0.002
2696 2696 (0) 29 : 0.004 0.003 0.990 0.002
2697 2697 (0) 29 : 0.005 0.005 0.982 0.008
2698 2698 (0) 29 : 0.005 0.003 0.990 0.002
2699 2699 (0) 29 : 0.005 0.008 0.985 0.002
2700 2700 (0) 29 : 0.016 0.006 0.975 0.003
2701 2701 (0) 29 : 0.005 0.005 0.987 0.003
2702 2702 (0) 29 : 0.017 0.004 0.977 0.002
2703 2703 (0) 29 : 0.003 0.003 0.991 0.002
2704 2704 (0) 29 : 0.003 0.002 0.993 0.002
2705 2705 (0) 29 : 0.008 0.002 0.987 0.002
2706 2706 (0) 29 : 0.013 0.002 0.981 0.004
2707 2707 (0) 29 : 0.006 0.004 0.987 0.003
2708 2708 (0) 29 : 0.004 0.004 0.989 0.003
2709 2709 (0) 29 : 0.006 0.003 0.989 0.002
2710 2710 (0) 29 : 0.006 0.003 0.989 0.002
2711 2711 (0) 29 : 0.005 0.006 0.986 0.003
2712 2712 (0) 29 : 0.005 0.004 0.989 0.003
2713 2713 (0) 29 : 0.004 0.003 0.990 0.002
2714 2714 (0) 29 : 0.005 0.004 0.989 0.002
2715 2715 (0) 29 : 0.003 0.002 0.992 0.002
2716 2716 (0) 29 : 0.004 0.004 0.989 0.003
2717 2717 (0) 29 : 0.004 0.003 0.991 0.002
2718 2718 (0) 29 : 0.004 0.005 0.987 0.003
2719 2719 (0) 29 : 0.003 0.003 0.993 0.002
2720 2720 (0) 29 : 0.005 0.004 0.988 0.003
2721 2721 (0) 29 : 0.004 0.006 0.987 0.003
2722 2722 (0) 29 : 0.004 0.003 0.991 0.002
2723 2723 (0) 29 : 0.003 0.003 0.991 0.002
2724 2724 (0) 29 : 0.004 0.004 0.990 0.002
2725 2725 (0) 29 : 0.005 0.006 0.987 0.003
2726 2726 (0) 29 : 0.004 0.005 0.987 0.003
2727 2727 (0) 29 : 0.006 0.003 0.987 0.003
2728 2728 (0) 29 : 0.003 0.003 0.992 0.002
2729 2729 (0) 29 : 0.004 0.004 0.989 0.003
2730 2730 (0) 29 : 0.005 0.003 0.990 0.003
2731 2731 (0) 29 : 0.005 0.004 0.989 0.002
2732 2732 (0) 29 : 0.003 0.002 0.993 0.002
2733 2733 (0) 29 : 0.007 0.004 0.987 0.002
2734 2734 (0) 29 : 0.005 0.003 0.990 0.002
2735 2735 (0) 29 : 0.003 0.004 0.990 0.003
2736 2736 (0) 29 : 0.005 0.005 0.988 0.002
2737 2737 (0) 29 : 0.002 0.003 0.992 0.002
2738 2738 (0) 29 : 0.004 0.003 0.991 0.002
2739 2739 (0) 29 : 0.004 0.011 0.983 0.002
2740 2740 (0) 29 : 0.003 0.003 0.992 0.002
2741 2741 (0) 29 : 0.004 0.004 0.990 0.003
2742 2742 (0) 29 : 0.013 0.009 0.973 0.005
2743 2743 (0) 29 : 0.008 0.004 0.986 0.002
2744 2744 (0) 29 : 0.004 0.005 0.989 0.002
2745 2745 (0) 29 : 0.004 0.004 0.990 0.002
2746 2746 (0) 29 : 0.003 0.004 0.991 0.003
2747 2747 (0) 29 : 0.003 0.002 0.991 0.003
2748 2748 (0) 29 : 0.003 0.005 0.989 0.003
2749 2749 (0) 29 : 0.004 0.003 0.991 0.002
2750 2750 (0) 29 : 0.015 0.004 0.979 0.003
2751 2751 (0) 29 : 0.004 0.003 0.992 0.002
2752 2752 (0) 29 : 0.005 0.004 0.986 0.004
2753 2753 (0) 29 : 0.004 0.004 0.988 0.004
2754 2754 (0) 29 : 0.005 0.005 0.987 0.004
2755 2755 (0) 29 : 0.005 0.003 0.984 0.008
2756 2756 (0) 29 : 0.009 0.004 0.984 0.003
2757 2757 (0) 29 : 0.004 0.003 0.992 0.002
2758 2758 (0) 29 : 0.005 0.003 0.991 0.002
2759 2759 (0) 29 : 0.005 0.004 0.988 0.002
2760 2760 (0) 29 : 0.005 0.006 0.987 0.003
2761 2761 (0) 29 : 0.008 0.003 0.987 0.002
2762 2762 (0) 29 : 0.003 0.003 0.992 0.002
2763 2763 (0) 29 : 0.003 0.005 0.989 0.002
2764 2764 (0) 29 : 0.006 0.005 0.987 0.002
2765 2765 (0) 29 : 0.004 0.002 0.992 0.002
2766 2766 (0) 29 : 0.006 0.003 0.986 0.004
2767 2767 (0) 29 : 0.004 0.005 0.989 0.002
2768 2768 (0) 29 : 0.005 0.005 0.986 0.004
2769 2769 (0) 29 : 0.005 0.003 0.989 0.003
2770 2770 (0) 29 : 0.003 0.002 0.993 0.002
2771 2771 (0) 29 : 0.004 0.003 0.990 0.003
2772 2772 (0) 29 : 0.004 0.004 0.990 0.002
2773 2773 (0) 29 : 0.003 0.005 0.990 0.002
2774 2774 (0) 29 : 0.005 0.005 0.987 0.003
2775 2775 (0) 29 : 0.004 0.003 0.991 0.002
2776 2776 (0) 29 : 0.003 0.003 0.992 0.002
2777 2777 (0) 29 : 0.003 0.003 0.991 0.002
2778 2778 (0) 29 : 0.004 0.004 0.989 0.003
2779 2779 (0) 29 : 0.003 0.003 0.990 0.003
2780 2780 (0) 29 : 0.007 0.004 0.982 0.008
2781 2781 (0) 29 : 0.008 0.003 0.987 0.002
2782 2782 (0) 29 : 0.004 0.003 0.991 0.003
2783 2783 (0) 29 : 0.007 0.007 0.981 0.005
2784 2784 (0) 29 : 0.007 0.003 0.989 0.002
2785 2785 (0) 29 : 0.003 0.003 0.991 0.002
2786 2786 (0) 29 : 0.004 0.004 0.990 0.002
2787 2787 (0) 29 : 0.005 0.004 0.989 0.002
2788 2788 (0) 29 : 0.005 0.014 0.974 0.007
2789 2789 (0) 29 : 0.004 0.007 0.985 0.004
2790 2790 (0) 29 : 0.006 0.004 0.988 0.003
2791 2791 (0) 29 : 0.004 0.003 0.991 0.002
2792 2792 (0) 29 : 0.011 0.008 0.976 0.005
2793 2793 (0) 29 : 0.003 0.003 0.992 0.002
2794 2794 (0) 29 : 0.003 0.003 0.991 0.002
2795 2795 (0) 29 : 0.005 0.003 0.988 0.004
2796 2796 (0) 29 : 0.004 0.003 0.991 0.002
2797 2797 (0) 29 : 0.003 0.004 0.991 0.002
2798 2798 (0) 29 : 0.004 0.005 0.989 0.003
2799 2799 (0) 29 : 0.004 0.002 0.992 0.002
2800 2800 (0) 29 : 0.004 0.003 0.991 0.002
2801 2801 (0) 29 : 0.003 0.003 0.991 0.003
2802 2802 (0) 29 : 0.004 0.003 0.990 0.003
2803 2803 (0) 29 : 0.005 0.007 0.985 0.003
2804 2804 (0) 29 : 0.005 0.006 0.986 0.003
2805 2805 (0) 29 : 0.005 0.004 0.987 0.004
2806 2806 (0) 29 : 0.008 0.006 0.977 0.009
2807 2807 (0) 29 : 0.006 0.003 0.987 0.004
2808 2808 (0) 29 : 0.006 0.004 0.988 0.003
2809 2809 (0) 29 : 0.004 0.005 0.988 0.003
2810 2810 (0) 29 : 0.004 0.002 0.990 0.004
2811 2811 (0) 29 : 0.003 0.004 0.990 0.003
2812 2812 (0) 29 : 0.004 0.002 0.992 0.002
2813 2813 (0) 29 : 0.004 0.003 0.991 0.003
2814 2814 (0) 29 : 0.010 0.005 0.983 0.003
2815 2815 (0) 29 : 0.005 0.004 0.989 0.002
2816 2816 (0) 29 : 0.003 0.003 0.992 0.002
2817 2817 (0) 29 : 0.009 0.003 0.982 0.006
2818 2818 (0) 29 : 0.005 0.004 0.989 0.002
2819 2819 (0) 29 : 0.003 0.003 0.992 0.002
2820 2820 (0) 29 : 0.004 0.002 0.992 0.002
2821 2821 (0) 29 : 0.004 0.005 0.989 0.003
2822 2822 (0) 29 : 0.005 0.004 0.988 0.003
2823 2823 (0) 29 : 0.003 0.002 0.992 0.002
2824 2824 (0) 29 : 0.004 0.004 0.986 0.007
2825 2825 (0) 29 : 0.003 0.003 0.991 0.003
2826 2826 (0) 29 : 0.005 0.003 0.991 0.002
2827 2827 (0) 29 : 0.004 0.004 0.989 0.003
2828 2828 (0) 29 : 0.005 0.004 0.987 0.005
2829 2829 (0) 29 : 0.005 0.004 0.988 0.003
2830 2830 (0) 29 : 0.005 0.005 0.988 0.003
2831 2831 (0) 29 : 0.005 0.006 0.983 0.006
2832 2832 (0) 29 : 0.005 0.003 0.991 0.002
2833 2833 (0) 29 : 0.004 0.006 0.988 0.003
2834 2834 (0) 29 : 0.007 0.006 0.985 0.003
2835 2835 (0) 29 : 0.006 0.003 0.987 0.004
2836 2836 (0) 29 : 0.003 0.005 0.990 0.002
2837 2837 (0) 29 : 0.003 0.003 0.992 0.002
2838 2838 (0) 29 : 0.010 0.009 0.979 0.003
2839 2839 (0) 29 : 0.004 0.003 0.991 0.002
2840 2840 (0) 29 : 0.003 0.004 0.991 0.002
2841 2841 (0) 29 : 0.004 0.004 0.990 0.002
2842 2842 (0) 29 : 0.004 0.003 0.990 0.003
2843 2843 (0) 29 : 0.004 0.003 0.988 0.005
2844 2844 (0) 29 : 0.003 0.004 0.991 0.002
2845 2845 (0) 29 : 0.007 0.003 0.988 0.002
2846 2846 (0) 29 : 0.004 0.003 0.990 0.003
2847 2847 (0) 29 : 0.003 0.005 0.989 0.004
2848 2848 (0) 29 : 0.005 0.003 0.990 0.003
2849 2849 (0) 29 : 0.006 0.005 0.988 0.002
2850 2850 (0) 29 : 0.006 0.003 0.989 0.003
2851 2851 (0) 29 : 0.003 0.004 0.991 0.003
2852 2852 (0) 29 : 0.004 0.005 0.989 0.002
2853 2853 (0) 29 : 0.004 0.002 0.992 0.003
2854 2854 (0) 29 : 0.005 0.003 0.990 0.002
2855 2855 (0) 29 : 0.004 0.005 0.987 0.004
2856 2856 (0) 29 : 0.003 0.004 0.991 0.002
2857 2857 (0) 29 : 0.005 0.005 0.987 0.003
2858 2858 (0) 29 : 0.004 0.003 0.991 0.002
2859 2859 (0) 29 : 0.003 0.003 0.991 0.003
2860 2860 (0) 29 : 0.010 0.005 0.982 0.003
2861 2861 (0) 29 : 0.004 0.003 0.990 0.002
2862 2862 (0) 29 : 0.004 0.003 0.991 0.002
2863 2863 (0) 29 : 0.003 0.003 0.991 0.003
2864 2864 (0) 29 : 0.005 0.004 0.988 0.002
2865 2865 (0) 29 : 0.005 0.004 0.988 0.003
2866 2866 (0) 29 : 0.008 0.003 0.982 0.007
2867 2867 (0) 29 : 0.004 0.005 0.988 0.003
2868 2868 (0) 29 : 0.007 0.003 0.987 0.003
2869 2869 (0) 29 : 0.006 0.007 0.985 0.003
2870 2870 (0) 29 : 0.005 0.003 0.988 0.004
2871 2871 (0) 29 : 0.009 0.003 0.983 0.004
2872 2872 (0) 29 : 0.004 0.003 0.991 0.003
2873 2873 (0) 29 : 0.004 0.003 0.990 0.002
2874 2874 (0) 29 : 0.004 0.003 0.990 0.002
2875 2875 (0) 29 : 0.004 0.003 0.992 0.002
2876 2876 (0) 29 : 0.005 0.006 0.986 0.003
2877 2877 (0) 29 : 0.004 0.003 0.989 0.004
2878 2878 (0) 29 : 0.005 0.003 0.990 0.002
2879 2879 (0) 29 : 0.006 0.005 0.986 0.003
2880 2880 (0) 29 : 0.003 0.005 0.990 0.002
2881 2881 (0) 29 : 0.011 0.026 0.947 0.016
2882 2882 (0) 29 : 0.004 0.003 0.989 0.004
2883 2883 (0) 29 : 0.005 0.004 0.987 0.004
2884 2884 (0) 29 : 0.005 0.003 0.991 0.002
2885 2885 (0) 29 : 0.007 0.004 0.985 0.004
2886 2886 (0) 29 : 0.012 0.008 0.978 0.003
2887 2887 (0) 29 : 0.005 0.010 0.981 0.004
2888 2888 (0) 29 : 0.004 0.003 0.992 0.002
2889 2889 (0) 29 : 0.003 0.004 0.991 0.002
2890 2890 (0) 29 : 0.005 0.003 0.989 0.004
2891 2891 (0) 29 : 0.003 0.004 0.991 0.002
2892 2892 (0) 29 : 0.005 0.003 0.989 0.003
2893 2893 (0) 29 : 0.003 0.003 0.992 0.002
2894 2894 (0) 29 : 0.009 0.030 0.956 0.005
2895 2895 (0) 29 : 0.003 0.003 0.990 0.004
2896 2896 (0) 29 : 0.005 0.004 0.989 0.002
2897 2897 (0) 29 : 0.005 0.004 0.989 0.003
2898 2898 (0) 29 : 0.003 0.003 0.991 0.002
2899 2899 (0) 29 : 0.004 0.002 0.992 0.002
2900 2900 (0) 29 : 0.004 0.006 0.988 0.002
2901 2901 (0) 29 : 0.008 0.006 0.981 0.004
2902 2902 (0) 29 : 0.004 0.003 0.991 0.002
2903 2903 (0) 29 : 0.003 0.002 0.993 0.002
2904 2904 (0) 29 : 0.003 0.003 0.992 0.002
2905 2905 (0) 29 : 0.004 0.004 0.987 0.005
2906 2906 (0) 29 : 0.005 0.003 0.990 0.002
2907 2907 (0) 29 : 0.008 0.004 0.986 0.002
2908 2908 (0) 29 : 0.004 0.003 0.989 0.003
2909 2909 (0) 29 : 0.004 0.005 0.989 0.003
2910 2910 (0) 29 : 0.006 0.004 0.987 0.002
2911 2911 (0) 29 : 0.005 0.010 0.981 0.004
2912 2912 (0) 29 : 0.007 0.005 0.984 0.004
2913 2913 (0) 29 : 0.015 0.003 0.978 0.003
2914 2914 (0) 29 : 0.008 0.006 0.984 0.003
2915 2915 (0) 29 : 0.003 0.003 0.992 0.002
2916 2916 (0) 29 : 0.003 0.002 0.992 0.002
2917 2917 (0) 29 : 0.003 0.003 0.992 0.002
2918 2918 (0) 29 : 0.005 0.003 0.985 0.008
2919 2919 (0) 29 : 0.003 0.004 0.988 0.004
2920 2920 (0) 29 : 0.005 0.008 0.985 0.002
2921 2921 (0) 29 : 0.004 0.003 0.989 0.003
2922 2922 (0) 29 : 0.004 0.004 0.990 0.002
2923 2923 (0) 29 : 0.004 0.008 0.982 0.007
2924 2924 (0) 29 : 0.003 0.005 0.984 0.008
2925 2925 (0) 29 : 0.005 0.004 0.988 0.003
2926 2926 (5) 30 : 0.002 0.002 0.002 0.993
2927 2927 (0) 30 : 0.003 0.003 0.002 0.992
2928 2928 (0) 30 : 0.004 0.008 0.003 0.985
2929 2929 (0) 30 : 0.002 0.002 0.002 0.993
2930 2930 (5) 30 : 0.004 0.030 0.003 0.963
2931 2931 (0) 30 : 0.002 0.002 0.002 0.994
2932 2932 (0) 30 : 0.002 0.002 0.003 0.993
2933 2933 (0) 30 : 0.003 0.004 0.002 0.991
2934 2934 (0) 30 : 0.002 0.004 0.003 0.991
2935 2935 (0) 30 : 0.002 0.003 0.003 0.992
2936 2936 (0) 30 : 0.002 0.002 0.002 0.994
2937 2937 (0) 30 : 0.003 0.003 0.002 0.993
2938 2938 (5) 30 : 0.005 0.004 0.003 0.989
2939 2939 (0) 30 : 0.002 0.003 0.002 0.993
2940 2940 (0) 30 : 0.003 0.003 0.002 0.992
2941 2941 (0) 30 : 0.002 0.002 0.002 0.994
2942 2942 (0) 30 : 0.006 0.004 0.002 0.988
2943 2943 (0) 30 : 0.002 0.005 0.003 0.990
2944 2944 (0) 30 : 0.004 0.005 0.004 0.987
2945 2945 (0) 30 : 0.014 0.014 0.004 0.967
2946 2946 (0) 30 : 0.002 0.003 0.002 0.992
2947 2947 (0) 30 : 0.003 0.002 0.002 0.993
2948 2948 (0) 30 : 0.009 0.009 0.006 0.976
2949 2949 (0) 30 : 0.004 0.008 0.004 0.984
2950 2950 (0) 30 : 0.002 0.002 0.002 0.993
2951 2951 (0) 30 : 0.005 0.012 0.006 0.977
2952 2952 (0) 30 : 0.002 0.003 0.002 0.992
2953 2953 (0) 31 : 0.003 0.003 0.002 0.992
2954 2954 (0) 31 : 0.003 0.003 0.003 0.991
2955 2955 (0) 31 : 0.003 0.004 0.003 0.990
2956 2956 (0) 31 : 0.003 0.003 0.002 0.991
2957 2957 (0) 31 : 0.004 0.005 0.007 0.984
2958 2958 (0) 31 : 0.003 0.003 0.003 0.991
2959 2959 (0) 31 : 0.003 0.003 0.002 0.992
2960 2960 (0) 31 : 0.002 0.003 0.002 0.993
2961 2961 (0) 31 : 0.002 0.002 0.002 0.994
2962 2962 (0) 31 : 0.004 0.004 0.004 0.988
2963 2963 (0) 31 : 0.002 0.003 0.002 0.993
2964 2964 (0) 31 : 0.003 0.005 0.003 0.988
2965 2965 (0) 31 : 0.004 0.006 0.003 0.987
2966 2966 (0) 31 : 0.003 0.003 0.002 0.992
2967 2967 (0) 31 : 0.002 0.003 0.003 0.993
2968 2968 (0) 31 : 0.003 0.003 0.002 0.992
2969 2969 (0) 31 : 0.002 0.002 0.002 0.993
2970 2970 (0) 31 : 0.002 0.003 0.002 0.993
2971 2971 (0) 31 : 0.002 0.003 0.003 0.992
2972 2972 (0) 31 : 0.003 0.003 0.002 0.992
2973 2973 (0) 31 : 0.003 0.005 0.002 0.990
2974 2974 (0) 31 : 0.003 0.003 0.002 0.992
2975 2975 (0) 31 : 0.002 0.003 0.002 0.992
2976 2976 (0) 31 : 0.002 0.002 0.002 0.993
2977 2977 (0) 31 : 0.003 0.002 0.004 0.991
2978 2978 (0) 31 : 0.006 0.009 0.002 0.983
2979 2979 (0) 31 : 0.003 0.003 0.002 0.992
2980 2980 (0) 31 : 0.004 0.004 0.003 0.990
2981 2981 (0) 31 : 0.003 0.003 0.003 0.991
2982 2982 (0) 31 : 0.003 0.006 0.006 0.985
2983 2983 (0) 31 : 0.003 0.004 0.006 0.986
2984 2984 (0) 31 : 0.003 0.006 0.002 0.989
2985 2985 (0) 31 : 0.006 0.007 0.006 0.981
2986 2986 (0) 31 : 0.003 0.004 0.002 0.991
2987 2987 (0) 31 : 0.005 0.009 0.003 0.983
2988 2988 (0) 31 : 0.004 0.004 0.003 0.989
2989 2989 (0) 31 : 0.006 0.012 0.011 0.971
2990 2990 (0) 31 : 0.003 0.005 0.003 0.989
2991 2991 (0) 31 : 0.004 0.007 0.003 0.985
2992 2992 (0) 31 : 0.003 0.004 0.003 0.991
2993 2993 (0) 31 : 0.002 0.004 0.002 0.992
2994 2994 (0) 31 : 0.003 0.003 0.002 0.991
2995 2995 (0) 31 : 0.003 0.002 0.003 0.992
2996 2996 (0) 31 : 0.004 0.005 0.003 0.988
2997 2997 (0) 31 : 0.002 0.003 0.002 0.993
2998 2998 (0) 31 : 0.003 0.004 0.002 0.991
2999 2999 (0) 31 : 0.003 0.004 0.002 0.991
3000 3000 (0) 31 : 0.003 0.004 0.002 0.991
3001 3001 (0) 31 : 0.002 0.007 0.003 0.988
3002 3002 (0) 31 : 0.003 0.003 0.002 0.992
3003 3003 (0) 31 : 0.002 0.003 0.002 0.993
3004 3004 (0) 31 : 0.003 0.005 0.003 0.989
3005 3005 (0) 31 : 0.004 0.004 0.002 0.990
3006 3006 (0) 31 : 0.002 0.003 0.002 0.993
3007 3007 (0) 31 : 0.003 0.003 0.002 0.991
3008 3008 (0) 31 : 0.003 0.006 0.002 0.988
3009 3009 (0) 31 : 0.002 0.003 0.002 0.993
3010 3010 (0) 31 : 0.003 0.007 0.005 0.985
3011 3011 (0) 31 : 0.003 0.004 0.004 0.989
3012 3012 (0) 31 : 0.002 0.003 0.002 0.992
3013 3013 (0) 31 : 0.003 0.003 0.002 0.993
3014 3014 (0) 31 : 0.003 0.004 0.002 0.992
3015 3015 (0) 31 : 0.003 0.005 0.003 0.988
3016 3016 (0) 31 : 0.004 0.003 0.003 0.991
3017 3017 (0) 31 : 0.004 0.005 0.003 0.987
3018 3018 (0) 31 : 0.002 0.003 0.002 0.993
3019 3019 (0) 31 : 0.002 0.002 0.002 0.994
3020 3020 (0) 31 : 0.003 0.004 0.003 0.990
3021 3021 (0) 31 : 0.003 0.004 0.004 0.989
3022 3022 (0) 31 : 0.005 0.005 0.003 0.987
3023 3023 (0) 31 : 0.002 0.002 0.003 0.993
3024 3024 (0) 31 : 0.005 0.014 0.004 0.978
3025 3025 (0) 31 : 0.004 0.005 0.004 0.988
3026 3026 (0) 31 : 0.002 0.002 0.002 0.994
3027 3027 (0) 31 : 0.003 0.005 0.003 0.990
3028 3028 (0) 31 : 0.003 0.004 0.004 0.989
3029 3029 (0) 31 : 0.002 0.003 0.003 0.992
3030 3030 (0) 31 : 0.002 0.003 0.002 0.993
3031 3031 (0) 31 : 0.002 0.003 0.002 0.992
3032 3032 (0) 31 : 0.004 0.005 0.005 0.987
3033 3033 (0) 31 : 0.003 0.004 0.006 0.987
3034 3034 (0) 31 : 0.002 0.004 0.002 0.991
3035 3035 (0) 31 : 0.005 0.013 0.003 0.978
3036 3036 (0) 31 : 0.008 0.004 0.003 0.984
3037 3037 (0) 31 : 0.006 0.015 0.007 0.972
3038 3038 (0) 31 : 0.003 0.003 0.003 0.991
3039 3039 (0) 31 : 0.002 0.003 0.002 0.993
3040 3040 (0) 31 : 0.002 0.004 0.002 0.992
3041 3041 (0) 31 : 0.002 0.003 0.004 0.990
3042 3042 (0) 31 : 0.003 0.003 0.003 0.990
3043 3043 (0) 31 : 0.002 0.003 0.002 0.993
3044 3044 (0) 31 : 0.002 0.004 0.004 0.990
3045 3045 (0) 31 : 0.003 0.007 0.003 0.986
3046 3046 (0) 31 : 0.004 0.005 0.003 0.988
3047 3047 (0) 31 : 0.002 0.004 0.002 0.992
3048 3048 (0) 31 : 0.003 0.004 0.003 0.991
3049 3049 (0) 31 : 0.002 0.003 0.002 0.992
3050 3050 (0) 31 : 0.003 0.003 0.002 0.992
3051 3051 (0) 31 : 0.004 0.003 0.002 0.991
3052 3052 (0) 31 : 0.003 0.004 0.004 0.989
3053 3053 (0) 31 : 0.003 0.003 0.003 0.991
3054 3054 (0) 31 : 0.004 0.003 0.003 0.989
3055 3055 (0) 31 : 0.003 0.003 0.002 0.992
3056 3056 (0) 31 : 0.002 0.002 0.002 0.994
3057 3057 (0) 31 : 0.003 0.003 0.003 0.991
3058 3058 (0) 31 : 0.003 0.004 0.002 0.991
3059 3059 (0) 31 : 0.005 0.005 0.003 0.988
3060 3060 (0) 31 : 0.003 0.003 0.002 0.992
3061 3061 (0) 31 : 0.006 0.003 0.002 0.989
3062 3062 (0) 31 : 0.004 0.008 0.003 0.984
3063 3063 (0) 31 : 0.002 0.004 0.002 0.992
3064 3064 (0) 31 : 0.004 0.005 0.003 0.988
3065 3065 (0) 31 : 0.003 0.004 0.002 0.991
3066 3066 (0) 31 : 0.003 0.003 0.003 0.991
3067 3067 (0) 31 : 0.004 0.006 0.004 0.987
3068 3068 (0) 31 : 0.003 0.003 0.002 0.992
3069 3069 (0) 31 : 0.004 0.009 0.003 0.984
3070 3070 (0) 31 : 0.003 0.004 0.003 0.990
3071 3071 (0) 31 : 0.002 0.003 0.003 0.992
3072 3072 (0) 31 : 0.003 0.006 0.003 0.989
3073 3073 (0) 31 : 0.004 0.003 0.003 0.990
3074 3074 (0) 31 : 0.003 0.007 0.003 0.987
3075 3075 (0) 31 : 0.007 0.005 0.003 0.985
3076 3076 (0) 31 : 0.002 0.002 0.002 0.994
3077 3077 (0) 31 : 0.004 0.004 0.006 0.986
3078 3078 (0) 31 : 0.002 0.004 0.003 0.991
3079 3079 (0) 31 : 0.003 0.004 0.002 0.992
3080 3080 (0) 31 : 0.004 0.005 0.003 0.988
3081 3081 (0) 31 : 0.004 0.007 0.003 0.987
3082 3082 (0) 31 : 0.002 0.003 0.002 0.992
3083 3083 (0) 31 : 0.004 0.003 0.003 0.990
3084 3084 (0) 31 : 0.004 0.003 0.003 0.990
3085 3085 (0) 31 : 0.002 0.003 0.002 0.993
3086 3086 (0) 31 : 0.003 0.003 0.005 0.989
3087 3087 (0) 31 : 0.003 0.005 0.002 0.990
3088 3088 (0) 31 : 0.002 0.003 0.002 0.993
3089 3089 (0) 31 : 0.002 0.004 0.003 0.991
3090 3090 (0) 31 : 0.004 0.004 0.004 0.989
3091 3091 (0) 31 : 0.002 0.003 0.002 0.993
3092 3092 (0) 31 : 0.003 0.006 0.003 0.988
3093 3093 (0) 31 : 0.002 0.003 0.002 0.993
3094 3094 (0) 31 : 0.004 0.003 0.003 0.991
3095 3095 (0) 31 : 0.003 0.004 0.003 0.990
3096 3096 (0) 31 : 0.002 0.005 0.002 0.991
3097 3097 (0) 31 : 0.003 0.004 0.003 0.991
3098 3098 (0) 31 : 0.003 0.003 0.002 0.992
3099 3099 (0) 31 : 0.002 0.002 0.002 0.994
3100 3100 (0) 31 : 0.003 0.003 0.002 0.991
3101 3101 (0) 31 : 0.004 0.004 0.004 0.989
3102 3102 (0) 31 : 0.003 0.003 0.002 0.992
3103 3103 (0) 31 : 0.002 0.002 0.002 0.994
3104 3104 (0) 31 : 0.003 0.006 0.003 0.988
3105 3105 (0) 31 : 0.002 0.003 0.002 0.993
3106 3106 (0) 31 : 0.002 0.004 0.002 0.992
3107 3107 (0) 31 : 0.002 0.003 0.003 0.992
3108 3108 (0) 31 : 0.003 0.003 0.002 0.992
3109 3109 (0) 31 : 0.002 0.004 0.003 0.991
3110 3110 (0) 31 : 0.003 0.003 0.002 0.992
3111 3111 (0) 31 : 0.003 0.005 0.003 0.989
3112 3112 (0) 31 : 0.004 0.006 0.002 0.989
3113 3113 (0) 31 : 0.004 0.005 0.003 0.988
3114 3114 (0) 31 : 0.002 0.004 0.002 0.993
3115 3115 (0) 31 : 0.003 0.004 0.002 0.992
3116 3116 (0) 31 : 0.002 0.004 0.002 0.993
3117 3117 (0) 31 : 0.002 0.003 0.002 0.993
3118 3118 (0) 31 : 0.002 0.003 0.002 0.993
3119 3119 (0) 31 : 0.004 0.003 0.003 0.990
3120 3120 (0) 31 : 0.003 0.003 0.002 0.992
3121 3121 (0) 31 : 0.002 0.004 0.002 0.991
3122 3122 (0) 31 : 0.003 0.003 0.002 0.992
3123 3123 (0) 31 : 0.002 0.002 0.002 0.993
3124 3124 (0) 31 : 0.002 0.003 0.002 0.993
3125 3125 (0) 31 : 0.002 0.003 0.002 0.993
3126 3126 (0) 31 : 0.003 0.003 0.002 0.993
3127 3127 (0) 31 : 0.003 0.003 0.003 0.991
3128 3128 (0) 31 : 0.002 0.003 0.002 0.992
3129 3129 (0) 31 : 0.002 0.003 0.002 0.993
3130 3130 (0) 31 : 0.003 0.005 0.003 0.990
3131 3131 (0) 31 : 0.002 0.003 0.002 0.993
3132 3132 (0) 31 : 0.004 0.006 0.003 0.987
3133 3133 (0) 31 : 0.002 0.003 0.002 0.993
3134 3134 (0) 31 : 0.004 0.006 0.004 0.986
3135 3135 (0) 31 : 0.002 0.003 0.002 0.993
3136 3136 (0) 31 : 0.002 0.007 0.004 0.986
3137 3137 (0) 31 : 0.002 0.003 0.002 0.993
3138 3138 (0) 31 : 0.004 0.005 0.008 0.983
3139 3139 (0) 31 : 0.006 0.009 0.006 0.979
3140 3140 (0) 31 : 0.003 0.003 0.003 0.991
3141 3141 (0) 31 : 0.002 0.002 0.003 0.993
3142 3142 (0) 31 : 0.002 0.003 0.002 0.993
3143 3143 (0) 31 : 0.002 0.004 0.002 0.991
3144 3144 (0) 31 : 0.002 0.002 0.002 0.994
3145 3145 (0) 31 : 0.003 0.004 0.002 0.990
3146 3146 (0) 31 : 0.002 0.003 0.002 0.992
3147 3147 (0) 31 : 0.003 0.005 0.002 0.990
3148 3148 (0) 31 : 0.005 0.005 0.003 0.987
3149 3149 (0) 31 : 0.002 0.004 0.002 0.991
3150 3150 (0) 31 : 0.003 0.004 0.002 0.991
3151 3151 (0) 31 : 0.006 0.009 0.004 0.981
3152 3152 (0) 31 : 0.004 0.005 0.002 0.990
3153 3153 (0) 31 : 0.003 0.003 0.002 0.992
3154 3154 (0) 31 : 0.002 0.003 0.002 0.993
3155 3155 (0) 31 : 0.003 0.006 0.004 0.987
3156 3156 (0) 31 : 0.002 0.003 0.002 0.993
3157 3157 (0) 31 : 0.003 0.003 0.003 0.991
3158 3158 (0) 31 : 0.003 0.003 0.002 0.992
3159 3159 (0) 31 : 0.006 0.006 0.003 0.985
3160 3160 (0) 31 : 0.003 0.005 0.002 0.990
3161 3161 (0) 31 : 0.003 0.004 0.002 0.990
3162 3162 (0) 31 : 0.003 0.003 0.003 0.991
3163 3163 (0) 31 : 0.003 0.005 0.004 0.988
3164 3164 (0) 31 : 0.003 0.004 0.005 0.987
3165 3165 (0) 31 : 0.002 0.004 0.002 0.991
3166 3166 (0) 31 : 0.003 0.005 0.003 0.989
3167 3167 (0) 31 : 0.002 0.002 0.002 0.993
3168 3168 (0) 31 : 0.006 0.009 0.004 0.982
3169 3169 (0) 31 : 0.004 0.007 0.003 0.986
3170 3170 (0) 31 : 0.002 0.004 0.003 0.991
3171 3171 (0) 31 : 0.003 0.002 0.002 0.992
3172 3172 (0) 31 : 0.003 0.008 0.003 0.985
3173 3173 (0) 31 : 0.002 0.004 0.002 0.992
3174 3174 (0) 31 : 0.003 0.003 0.005 0.989
3175 3175 (0) 31 : 0.002 0.003 0.002 0.992
3176 3176 (0) 31 : 0.002 0.002 0.002 0.994
3177 3177 (0) 31 : 0.004 0.006 0.003 0.986
3178 3178 (0) 31 : 0.003 0.004 0.003 0.990
3179 3179 (0) 31 : 0.002 0.002 0.002 0.993
3180 3180 (0) 31 : 0.004 0.006 0.002 0.988
3181 3181 (0) 31 : 0.002 0.003 0.003 0.993
3182 3182 (0) 31 : 0.003 0.005 0.002 0.990
3183 3183 (0) 31 : 0.002 0.004 0.002 0.991
3184 3184 (0) 31 : 0.004 0.004 0.002 0.990
3185 3185 (0) 31 : 0.004 0.006 0.003 0.988
3186 3186 (0) 31 : 0.003 0.003 0.002 0.992
3187 3187 (0) 31 : 0.005 0.007 0.003 0.985
3188 3188 (0) 31 : 0.005 0.005 0.009 0.981
3189 3189 (0) 31 : 0.004 0.006 0.004 0.986
3190 3190 (0) 31 : 0.002 0.003 0.002 0.993
3191 3191 (0) 31 : 0.004 0.004 0.004 0.988
3192 3192 (0) 31 : 0.011 0.007 0.007 0.975
3193 3193 (0) 31 : 0.004 0.004 0.002 0.990
3194 3194 (0) 31 : 0.002 0.003 0.003 0.992
3195 3195 (0) 31 : 0.002 0.002 0.002 0.993
3196 3196 (0) 31 : 0.006 0.007 0.003 0.984
3197 3197 (0) 31 : 0.002 0.002 0.002 0.993
3198 3198 (0) 31 : 0.005 0.016 0.003 0.975
3199 3199 (0) 31 : 0.002 0.002 0.003 0.993
3200 3200 (0) 31 : 0.003 0.003 0.003 0.991
3201 3201 (0) 31 : 0.002 0.002 0.002 0.994
3202 3202 (0) 31 : 0.003 0.003 0.003 0.991
3203 3203 (0) 31 : 0.003 0.005 0.003 0.989
3204 3204 (0) 31 : 0.002 0.003 0.002 0.993
3205 3205 (0) 31 : 0.004 0.003 0.003 0.990
3206 3206 (0) 31 : 0.002 0.003 0.002 0.992
3207 3207 (0) 31 : 0.006 0.014 0.024 0.956
3208 3208 (0) 31 : 0.002 0.003 0.002 0.994
3209 3209 (0) 31 : 0.003 0.007 0.006 0.983
3210 3210 (0) 31 : 0.003 0.004 0.003 0.990
3211 3211 (0) 31 : 0.002 0.005 0.002 0.991
3212 3212 (0) 31 : 0.003 0.004 0.003 0.989
3213 3213 (0) 31 : 0.003 0.003 0.003 0.991
3214 3214 (0) 31 : 0.003 0.005 0.003 0.989
3215 3215 (0) 31 : 0.003 0.005 0.003 0.989
3216 3216 (0) 31 : 0.003 0.003 0.003 0.992
3217 3217 (0) 31 : 0.003 0.003 0.003 0.991
3218 3218 (0) 31 : 0.002 0.003 0.002 0.993
3219 3219 (0) 31 : 0.006 0.006 0.005 0.984
3220 3220 (0) 31 : 0.006 0.016 0.004 0.974
3221 3221 (0) 31 : 0.002 0.003 0.002 0.993
3222 3222 (0) 31 : 0.002 0.002 0.002 0.993
3223 3223 (0) 31 : 0.003 0.003 0.003 0.991
3224 3224 (0) 31 : 0.004 0.005 0.002 0.989
3225 3225 (0) 31 : 0.003 0.004 0.003 0.990
3226 3226 (0) 31 : 0.004 0.008 0.002 0.986
3227 3227 (0) 31 : 0.005 0.010 0.006 0.979
3228 3228 (0) 31 : 0.002 0.002 0.002 0.994
3229 3229 (0) 31 : 0.003 0.004 0.002 0.990
3230 3230 (0) 31 : 0.002 0.004 0.003 0.992
3231 3231 (0) 31 : 0.003 0.003 0.003 0.991
3232 3232 (0) 31 : 0.002 0.003 0.003 0.993
3233 3233 (0) 31 : 0.004 0.004 0.005 0.988
3234 3234 (0) 31 : 0.004 0.004 0.002 0.990
3235 3235 (0) 31 : 0.003 0.003 0.002 0.992
3236 3236 (0) 31 : 0.002 0.004 0.002 0.991
3237 3237 (0) 31 : 0.005 0.020 0.003 0.973
3238 3238 (0) 31 : 0.003 0.008 0.003 0.985
3239 3239 (0) 31 : 0.006 0.003 0.002 0.989
3240 3240 (0) 31 : 0.004 0.004 0.003 0.989
3241 3241 (0) 31 : 0.003 0.003 0.003 0.991
3242 3242 (0) 31 : 0.003 0.003 0.003 0.991
3243 3243 (0) 31 : 0.003 0.005 0.002 0.990
3244 3244 (0) 31 : 0.002 0.003 0.003 0.992
3245 3245 (0) 31 : 0.002 0.003 0.004 0.991
3246 3246 (0) 31 : 0.002 0.002 0.002 0.994
3247 3247 (0) 31 : 0.002 0.004 0.002 0.992
3248 3248 (0) 31 : 0.003 0.003 0.002 0.992
3249 3249 (0) 31 : 0.002 0.003 0.002 0.993
3250 3250 (0) 31 : 0.003 0.004 0.003 0.990
3251 3251 (0) 31 : 0.003 0.008 0.002 0.987
3252 3252 (0) 31 : 0.004 0.005 0.002 0.989
3253 3253 (0) 32 : 0.004 0.991 0.002 0.003
3254 3254 (0) 32 : 0.006 0.984 0.005 0.005
3255 3255 (0) 32 : 0.009 0.982 0.004 0.005
3256 3256 (0) 32 : 0.013 0.973 0.004 0.010
3257 3257 (0) 32 : 0.008 0.984 0.005 0.004
3258 3258 (0) 32 : 0.009 0.968 0.005 0.018
3259 3259 (0) 32 : 0.010 0.975 0.006 0.009
3260 3260 (0) 32 : 0.004 0.991 0.002 0.002
3261 3261 (0) 32 : 0.004 0.991 0.002 0.002
3262 3262 (0) 32 : 0.011 0.978 0.005 0.006
3263 3263 (0) 32 : 0.004 0.991 0.002 0.003
3264 3264 (0) 32 : 0.004 0.990 0.002 0.003
3265 3265 (0) 32 : 0.003 0.992 0.003 0.002
3266 3266 (0) 32 : 0.009 0.974 0.005 0.012
3267 3267 (0) 32 : 0.004 0.989 0.003 0.004
3268 3268 (0) 32 : 0.004 0.982 0.004 0.009
3269 3269 (0) 32 : 0.049 0.863 0.007 0.082
3270 3270 (0) 32 : 0.003 0.987 0.005 0.005
3271 3271 (0) 32 : 0.021 0.962 0.009 0.009
3272 3272 (0) 32 : 0.008 0.980 0.002 0.009
3273 3273 (0) 32 : 0.003 0.990 0.004 0.003
3274 3274 (0) 32 : 0.004 0.986 0.006 0.004
3275 3275 (5) 32 : 0.004 0.989 0.004 0.003
3276 3276 (0) 32 : 0.004 0.989 0.002 0.005
3277 3277 (0) 32 : 0.003 0.985 0.004 0.008
3278 3278 (0) 32 : 0.008 0.984 0.003 0.005
3279 3279 (0) 32 : 0.004 0.988 0.005 0.004
3280 3280 (0) 32 : 0.004 0.982 0.004 0.009
3281 3281 (0) 32 : 0.005 0.984 0.008 0.003
3282 3282 (0) 32 : 0.003 0.992 0.002 0.003
3283 3283 (5) 32 : 0.003 0.991 0.002 0.003
3284 3284 (0) 32 : 0.004 0.978 0.003 0.014
3285 3285 (0) 32 : 0.008 0.982 0.007 0.003
3286 3286 (0) 32 : 0.003 0.991 0.002 0.003
3287 3287 (0) 32 : 0.004 0.985 0.008 0.003
3288 3288 (0) 32 : 0.020 0.970 0.004 0.005
3289 3289 (5) 32 : 0.016 0.970 0.006 0.007
3290 3290 (5) 32 : 0.006 0.981 0.005 0.008
3291 3291 (5) 32 : 0.005 0.985 0.004 0.006
3292 3292 (5) 32 : 0.004 0.989 0.005 0.002
3293 3293 (0) 33 : 0.005 0.984 0.005 0.006
3294 3294 (0) 33 : 0.015 0.972 0.007 0.006
3295 3295 (0) 33 : 0.006 0.984 0.008 0.003
3296 3296 (0) 33 : 0.008 0.985 0.005 0.002
3297 3297 (0) 33 : 0.005 0.987 0.005 0.004
3298 3298 (0) 33 : 0.006 0.988 0.003 0.003
3299 3299 (0) 33 : 0.008 0.980 0.006 0.006
3300 3300 (0) 33 : 0.004 0.977 0.015 0.004
3301 3301 (0) 33 : 0.008 0.976 0.007 0.008
3302 3302 (0) 33 : 0.007 0.985 0.003 0.005
3303 3303 (0) 33 : 0.003 0.986 0.003 0.008
3304 3304 (0) 33 : 0.003 0.991 0.003 0.003
3305 3305 (0) 33 : 0.004 0.987 0.005 0.003
3306 3306 (0) 33 : 0.005 0.984 0.003 0.008
3307 3307 (0) 33 : 0.004 0.989 0.003 0.004
3308 3308 (0) 33 : 0.004 0.989 0.003 0.004
3309 3309 (0) 33 : 0.010 0.969 0.017 0.003
3310 3310 (0) 33 : 0.004 0.989 0.003 0.003
3311 3311 (0) 33 : 0.003 0.991 0.003 0.003
3312 3312 (0) 33 : 0.005 0.986 0.004 0.005
3313 3313 (0) 33 : 0.003 0.991 0.004 0.002
3314 3314 (0) 33 : 0.005 0.975 0.003 0.016
3315 3315 (0) 33 : 0.004 0.991 0.003 0.002
3316 3316 (0) 33 : 0.013 0.978 0.004 0.005
3317 3317 (0) 33 : 0.012 0.974 0.003 0.010
3318 3318 (0) 33 : 0.005 0.986 0.005 0.004
3319 3319 (0) 33 : 0.003 0.993 0.002 0.002
3320 3320 (0) 33 : 0.004 0.990 0.004 0.002
3321 3321 (0) 33 : 0.003 0.984 0.003 0.009
3322 3322 (0) 33 : 0.006 0.984 0.004 0.006
3323 3323 (0) 33 : 0.017 0.973 0.005 0.006
3324 3324 (0) 33 : 0.009 0.983 0.004 0.004
3325 3325 (0) 33 : 0.004 0.990 0.003 0.003
3326 3326 (0) 33 : 0.006 0.989 0.002 0.003
3327 3327 (0) 33 : 0.003 0.988 0.004 0.005
3328 3328 (0) 33 : 0.003 0.990 0.003 0.004
3329 3329 (0) 33 : 0.007 0.987 0.004 0.003
3330 3330 (0) 33 : 0.003 0.993 0.002 0.002
3331 3331 (0) 33 : 0.005 0.986 0.005 0.005
3332 3332 (0) 33 : 0.018 0.953 0.005 0.024
3333 3333 (0) 33 : 0.005 0.982 0.003 0.010
3334 3334 (0) 33 : 0.014 0.977 0.005 0.005
3335 3335 (0) 33 : 0.003 0.990 0.003 0.004
3336 3336 (0) 33 : 0.005 0.988 0.003 0.004
3337 3337 (0) 33 : 0.005 0.986 0.003 0.006
3338 3338 (0) 33 : 0.005 0.979 0.012 0.004
3339 3339 (0) 33 : 0.005 0.986 0.005 0.004
3340 3340 (0) 33 : 0.004 0.990 0.003 0.003
3341 3341 (0) 33 : 0.004 0.990 0.003 0.003
3342 3342 (0) 33 : 0.004 0.988 0.003 0.004
3343 3343 (0) 33 : 0.019 0.956 0.011 0.014
3344 3344 (0) 33 : 0.004 0.981 0.002 0.013
3345 3345 (0) 33 : 0.007 0.984 0.003 0.006
3346 3346 (0) 33 : 0.003 0.986 0.002 0.008
3347 3347 (0) 33 : 0.003 0.988 0.003 0.006
3348 3348 (0) 33 : 0.003 0.990 0.004 0.003
3349 3349 (0) 33 : 0.005 0.987 0.004 0.005
3350 3350 (0) 33 : 0.004 0.989 0.002 0.005
3351 3351 (0) 33 : 0.025 0.968 0.005 0.002
3352 3352 (0) 33 : 0.008 0.983 0.006 0.003
3353 3353 (0) 33 : 0.007 0.980 0.002 0.010
3354 3354 (0) 33 : 0.005 0.990 0.003 0.003
3355 3355 (0) 33 : 0.006 0.987 0.003 0.004
3356 3356 (0) 33 : 0.004 0.987 0.004 0.004
3357 3357 (0) 33 : 0.005 0.982 0.003 0.009
3358 3358 (0) 33 : 0.004 0.991 0.003 0.002
3359 3359 (0) 33 : 0.007 0.974 0.003 0.017
3360 3360 (0) 33 : 0.003 0.987 0.003 0.006
3361 3361 (0) 33 : 0.005 0.980 0.010 0.005
3362 3362 (0) 33 : 0.005 0.986 0.005 0.004
3363 3363 (0) 33 : 0.004 0.989 0.002 0.005
3364 3364 (0) 33 : 0.004 0.987 0.004 0.006
3365 3365 (0) 33 : 0.003 0.991 0.003 0.003
3366 3366 (0) 33 : 0.008 0.986 0.003 0.004
3367 3367 (0) 33 : 0.005 0.977 0.004 0.014
3368 3368 (0) 33 : 0.006 0.988 0.002 0.004
3369 3369 (0) 33 : 0.005 0.983 0.003 0.009
3370 3370 (0) 33 : 0.005 0.974 0.005 0.016
3371 3371 (0) 33 : 0.005 0.988 0.002 0.005
3372 3372 (0) 33 : 0.007 0.976 0.007 0.010
3373 3373 (0) 33 : 0.003 0.990 0.003 0.004
3374 3374 (0) 33 : 0.008 0.976 0.004 0.012
3375 3375 (0) 33 : 0.009 0.973 0.010 0.008
3376 3376 (0) 33 : 0.004 0.987 0.005 0.004
3377 3377 (0) 33 : 0.004 0.990 0.004 0.003
3378 3378 (0) 33 : 0.003 0.987 0.004 0.005
3379 3379 (0) 33 : 0.005 0.988 0.004 0.003
3380 3380 (0) 33 : 0.004 0.989 0.003 0.005
3381 3381 (0) 33 : 0.008 0.971 0.017 0.004
3382 3382 (0) 33 : 0.004 0.989 0.003 0.003
3383 3383 (0) 33 : 0.007 0.970 0.021 0.002
3384 3384 (0) 33 : 0.004 0.987 0.003 0.006
3385 3385 (0) 33 : 0.005 0.989 0.004 0.003
3386 3386 (0) 33 : 0.004 0.990 0.003 0.004
3387 3387 (0) 33 : 0.004 0.989 0.003 0.005
3388 3388 (0) 33 : 0.004 0.989 0.003 0.003
3389 3389 (0) 33 : 0.008 0.969 0.003 0.019
3390 3390 (0) 33 : 0.006 0.984 0.006 0.004
3391 3391 (0) 33 : 0.006 0.981 0.009 0.005
3392 3392 (0) 33 : 0.004 0.987 0.003 0.006
3393 3393 (0) 33 : 0.004 0.973 0.003 0.019
3394 3394 (0) 33 : 0.009 0.981 0.005 0.005
3395 3395 (0) 33 : 0.003 0.991 0.003 0.003
3396 3396 (0) 33 : 0.009 0.979 0.006 0.006
3397 3397 (0) 33 : 0.004 0.978 0.007 0.011
3398 3398 (0) 33 : 0.003 0.988 0.004 0.005
3399 3399 (0) 33 : 0.004 0.989 0.003 0.004
3400 3400 (0) 33 : 0.005 0.988 0.004 0.004
3401 3401 (0) 33 : 0.012 0.982 0.003 0.003
3402 3402 (0) 33 : 0.004 0.988 0.003 0.006
3403 3403 (0) 33 : 0.005 0.986 0.005 0.005
3404 3404 (0) 33 : 0.008 0.979 0.006 0.007
3405 3405 (0) 33 : 0.019 0.973 0.003 0.005
3406 3406 (0) 33 : 0.011 0.980 0.004 0.004
3407 3407 (0) 33 : 0.003 0.989 0.004 0.004
3408 3408 (0) 33 : 0.005 0.989 0.004 0.002
3409 3409 (0) 33 : 0.004 0.987 0.003 0.006
3410 3410 (0) 33 : 0.015 0.965 0.008 0.011
3411 3411 (0) 33 : 0.010 0.976 0.003 0.011
3412 3412 (0) 33 : 0.004 0.987 0.003 0.006
3413 3413 (0) 33 : 0.009 0.984 0.004 0.003
3414 3414 (0) 33 : 0.011 0.982 0.004 0.004
3415 3415 (0) 33 : 0.018 0.968 0.011 0.003
3416 3416 (0) 33 : 0.003 0.993 0.002 0.002
3417 3417 (0) 33 : 0.002 0.993 0.002 0.002
3418 3418 (0) 33 : 0.003 0.986 0.007 0.004
3419 3419 (0) 33 : 0.005 0.989 0.002 0.004
3420 3420 (0) 33 : 0.003 0.984 0.002 0.011
3421 3421 (0) 33 : 0.005 0.987 0.003 0.005
3422 3422 (0) 33 : 0.008 0.984 0.005 0.003
3423 3423 (0) 33 : 0.003 0.992 0.003 0.002
3424 3424 (0) 33 : 0.003 0.989 0.004 0.004
3425 3425 (0) 33 : 0.004 0.991 0.003 0.002
3426 3426 (0) 33 : 0.003 0.991 0.003 0.003
3427 3427 (0) 33 : 0.004 0.991 0.003 0.003
3428 3428 (0) 33 : 0.008 0.951 0.006 0.035
3429 3429 (0) 33 : 0.004 0.991 0.002 0.002
3430 3430 (0) 33 : 0.003 0.992 0.003 0.003
3431 3431 (0) 33 : 0.017 0.975 0.004 0.004
3432 3432 (0) 33 : 0.006 0.974 0.006 0.014
3433 3433 (0) 33 : 0.005 0.986 0.004 0.005
3434 3434 (0) 33 : 0.006 0.989 0.003 0.003
3435 3435 (0) 33 : 0.016 0.975 0.006 0.003
3436 3436 (0) 33 : 0.006 0.982 0.007 0.005
3437 3437 (0) 33 : 0.006 0.971 0.004 0.019
3438 3438 (0) 33 : 0.007 0.984 0.004 0.005
3439 3439 (0) 33 : 0.005 0.987 0.004 0.003
3440 3440 (0) 33 : 0.007 0.984 0.005 0.004
3441 3441 (0) 33 : 0.004 0.989 0.004 0.003
3442 3442 (0) 33 : 0.004 0.990 0.002 0.004
3443 3443 (0) 33 : 0.011 0.977 0.008 0.004
3444 3444 (0) 33 : 0.003 0.988 0.003 0.005
3445 3445 (0) 33 : 0.003 0.989 0.004 0.003
3446 3446 (0) 33 : 0.004 0.989 0.003 0.004
3447 3447 (0) 33 : 0.005 0.988 0.003 0.004
3448 3448 (0) 33 : 0.006 0.982 0.004 0.008
3449 3449 (0) 33 : 0.006 0.982 0.005 0.007
3450 3450 (0) 33 : 0.005 0.985 0.006 0.003
3451 3451 (0) 33 : 0.004 0.986 0.003 0.007
3452 3452 (0) 33 : 0.006 0.985 0.003 0.006
3453 3453 (0) 33 : 0.005 0.982 0.007 0.006
3454 3454 (0) 33 : 0.005 0.987 0.004 0.003
3455 3455 (0) 33 : 0.004 0.990 0.002 0.004
3456 3456 (0) 33 : 0.016 0.973 0.007 0.003
3457 3457 (0) 33 : 0.004 0.982 0.003 0.011
3458 3458 (0) 33 : 0.009 0.985 0.004 0.003
3459 3459 (0) 33 : 0.005 0.990 0.002 0.003
3460 3460 (0) 33 : 0.005 0.985 0.003 0.006
3461 3461 (0) 33 : 0.004 0.987 0.002 0.007
3462 3462 (0) 33 : 0.005 0.989 0.003 0.004
3463 3463 (0) 33 : 0.006 0.949 0.025 0.019
3464 3464 (0) 33 : 0.003 0.989 0.002 0.005
3465 3465 (0) 33 : 0.004 0.988 0.004 0.004
3466 3466 (0) 33 : 0.004 0.982 0.003 0.010
3467 3467 (0) 33 : 0.012 0.978 0.005 0.004
3468 3468 (0) 33 : 0.003 0.988 0.002 0.006
3469 3469 (0) 33 : 0.009 0.982 0.003 0.006
3470 3470 (0) 33 : 0.006 0.987 0.004 0.003
3471 3471 (0) 33 : 0.011 0.954 0.013 0.023
3472 3472 (0) 33 : 0.007 0.978 0.010 0.005
3473 3473 (0) 33 : 0.003 0.992 0.002 0.003
3474 3474 (0) 33 : 0.005 0.977 0.004 0.015
3475 3475 (0) 33 : 0.010 0.982 0.005 0.003
3476 3476 (0) 33 : 0.006 0.981 0.006 0.006
3477 3477 (0) 33 : 0.006 0.982 0.009 0.004
3478 3478 (0) 33 : 0.004 0.976 0.004 0.016
3479 3479 (0) 33 : 0.003 0.990 0.004 0.003
3480 3480 (0) 33 : 0.005 0.986 0.004 0.005
3481 3481 (0) 33 : 0.005 0.989 0.003 0.004
3482 3482 (0) 33 : 0.004 0.991 0.003 0.002
3483 3483 (0) 33 : 0.008 0.980 0.004 0.007
3484 3484 (0) 33 : 0.011 0.969 0.013 0.006
3485 3485 (0) 33 : 0.004 0.991 0.002 0.003
3486 3486 (0) 33 : 0.004 0.989 0.003 0.004
3487 3487 (0) 33 : 0.007 0.984 0.003 0.006
3488 3488 (0) 33 : 0.005 0.893 0.004 0.099
3489 3489 (0) 33 : 0.004 0.988 0.004 0.004
3490 3490 (0) 33 : 0.003 0.991 0.003 0.003
3491 3491 (0) 33 : 0.011 0.979 0.005 0.006
3492 3492 (0) 33 : 0.005 0.960 0.004 0.031
3493 3493 (0) 33 : 0.004 0.987 0.002 0.007
3494 3494 (0) 33 : 0.005 0.990 0.003 0.003
3495 3495 (0) 33 : 0.005 0.988 0.004 0.003
3496 3496 (0) 33 : 0.012 0.968 0.005 0.016
3497 3497 (0) 33 : 0.011 0.976 0.003 0.010
3498 3498 (0) 33 : 0.007 0.982 0.007 0.005
3499 3499 (0) 33 : 0.011 0.974 0.003 0.012
3500 3500 (0) 33 : 0.010 0.977 0.003 0.010
3501 3501 (0) 33 : 0.004 0.991 0.003 0.003
3502 3502 (0) 33 : 0.005 0.982 0.004 0.009
3503 3503 (0) 33 : 0.004 0.988 0.003 0.006
3504 3504 (0) 33 : 0.006 0.986 0.004 0.003
3505 3505 (0) 33 : 0.006 0.988 0.003 0.003
3506 3506 (0) 33 : 0.008 0.976 0.006 0.010
3507 3507 (0) 33 : 0.004 0.989 0.004 0.003
3508 3508 (0) 33 : 0.004 0.990 0.002 0.004
3509 3509 (0) 33 : 0.004 0.989 0.004 0.003
3510 3510 (0) 33 : 0.003 0.990 0.002 0.005
3511 3511 (0) 33 : 0.007 0.984 0.005 0.004
3512 3512 (0) 33 : 0.003 0.988 0.006 0.003
3513 3513 (0) 33 : 0.013 0.881 0.008 0.099
3514 3514 (0) 33 : 0.003 0.989 0.005 0.002
3515 3515 (0) 33 : 0.004 0.987 0.005 0.004
3516 3516 (0) 33 : 0.006 0.983 0.005 0.006
3517 3517 (0) 33 : 0.006 0.988 0.002 0.004
3518 3518 (0) 33 : 0.003 0.986 0.004 0.007
3519 3519 (0) 33 : 0.003 0.990 0.003 0.004
3520 3520 (0) 33 : 0.004 0.987 0.006 0.003
3521 3521 (0) 33 : 0.003 0.989 0.002 0.006
3522 3522 (0) 33 : 0.010 0.984 0.004 0.003
3523 3523 (0) 33 : 0.014 0.975 0.006 0.005
3524 3524 (0) 33 : 0.004 0.985 0.004 0.006
3525 3525 (0) 33 : 0.042 0.951 0.004 0.003
3526 3526 (0) 33 : 0.004 0.988 0.003 0.005
3527 3527 (0) 33 : 0.005 0.984 0.005 0.006
3528 3528 (0) 33 : 0.006 0.986 0.004 0.004
3529 3529 (0) 33 : 0.003 0.990 0.002 0.005
3530 3530 (0) 33 : 0.007 0.981 0.007 0.005
3531 3531 (0) 33 : 0.019 0.971 0.005 0.005
3532 3532 (0) 33 : 0.004 0.988 0.004 0.004
3533 3533 (0) 33 : 0.013 0.970 0.003 0.014
3534 3534 (0) 33 : 0.006 0.971 0.005 0.018
3535 3535 (0) 33 : 0.006 0.989 0.002 0.004
3536 3536 (0) 33 : 0.004 0.946 0.003 0.047
3537 3537 (0) 33 : 0.007 0.988 0.003 0.003
3538 3538 (0) 33 : 0.003 0.992 0.002 0.004
3539 3539 (0) 33 : 0.003 0.991 0.003 0.004
3540 3540 (0) 33 : 0.004 0.990 0.003 0.003
3541 3541 (0) 33 : 0.003 0.991 0.004 0.002
3542 3542 (0) 33 : 0.006 0.977 0.007 0.010
3543 3543 (0) 33 : 0.009 0.973 0.004 0.013
3544 3544 (0) 33 : 0.004 0.989 0.004 0.003
3545 3545 (0) 33 : 0.003 0.991 0.003 0.003
3546 3546 (0) 33 : 0.005 0.988 0.004 0.003
3547 3547 (0) 33 : 0.010 0.982 0.003 0.005
3548 3548 (0) 33 : 0.014 0.972 0.004 0.010
3549 3549 (0) 33 : 0.004 0.990 0.003 0.004
3550 3550 (0) 33 : 0.003 0.990 0.005 0.002
3551 3551 (0) 33 : 0.007 0.981 0.004 0.008
3552 3552 (0) 33 : 0.005 0.973 0.005 0.018
3553 3553 (0) 33 : 0.006 0.982 0.004 0.009
3554 3554 (0) 33 : 0.003 0.989 0.004 0.004
3555 3555 (0) 33 : 0.003 0.987 0.004 0.005
3556 3556 (0) 33 : 0.010 0.980 0.004 0.006
3557 3557 (0) 33 : 0.007 0.985 0.005 0.002
3558 3558 (0) 33 : 0.003 0.987 0.002 0.007
3559 3559 (0) 33 : 0.005 0.985 0.004 0.006
3560 3560 (0) 33 : 0.027 0.958 0.012 0.003
3561 3561 (0) 33 : 0.006 0.988 0.003 0.004
3562 3562 (0) 33 : 0.007 0.984 0.003 0.006
3563 3563 (0) 33 : 0.003 0.992 0.002 0.003
3564 3564 (0) 33 : 0.004 0.988 0.005 0.004
3565 3565 (0) 33 : 0.007 0.987 0.003 0.003
3566 3566 (0) 33 : 0.006 0.985 0.006 0.002
3567 3567 (0) 33 : 0.006 0.979 0.003 0.012
3568 3568 (0) 33 : 0.003 0.992 0.003 0.002
3569 3569 (0) 33 : 0.004 0.989 0.004 0.003
3570 3570 (0) 33 : 0.005 0.972 0.003 0.019
3571 3571 (0) 33 : 0.006 0.986 0.004 0.004
3572 3572 (0) 33 : 0.002 0.993 0.002 0.003
3573 3573 (0) 33 : 0.008 0.981 0.007 0.003
3574 3574 (0) 33 : 0.004 0.990 0.003 0.003
3575 3575 (0) 33 : 0.006 0.987 0.003 0.004
3576 3576 (0) 33 : 0.004 0.987 0.003 0.006
3577 3577 (0) 33 : 0.004 0.987 0.005 0.005
3578 3578 (0) 33 : 0.013 0.948 0.004 0.034
3579 3579 (0) 33 : 0.004 0.990 0.002 0.004
3580 3580 (0) 33 : 0.008 0.949 0.006 0.037
3581 3581 (0) 33 : 0.006 0.973 0.008 0.013
3582 3582 (0) 33 : 0.003 0.990 0.004 0.003
3583 3583 (0) 33 : 0.004 0.990 0.003 0.004
3584 3584 (0) 33 : 0.005 0.983 0.003 0.009
3585 3585 (0) 33 : 0.006 0.983 0.006 0.005
3586 3586 (0) 33 : 0.004 0.989 0.002 0.005
3587 3587 (0) 33 : 0.006 0.984 0.005 0.005
3588 3588 (0) 33 : 0.004 0.988 0.006 0.003
3589 3589 (0) 33 : 0.008 0.976 0.009 0.007
3590 3590 (0) 33 : 0.008 0.985 0.003 0.004
3591 3591 (0) 33 : 0.007 0.986 0.003 0.004
3592 3592 (0) 33 : 0.007 0.979 0.004 0.011
