1        1   (5)      1  : 0.0080 0.0040 0.0080 0.0060 0.9740
2        2   (5)      1  : 0.0080 0.0110 0.0040 0.0100 0.9670
3        3   (5)      1  : 0.0050 0.0030 0.0040 0.0040 0.9840
4        4   (0)      1  : 0.0040 0.0040 0.0060 0.0030 0.9830
5        5   (0)      1  : 0.0284 0.0100 0.0170 0.0370 0.9076
6        6   (0)      1  : 0.0070 0.0040 0.0057 0.0050 0.9783
7        7   (0)      1  : 0.0137 0.0100 0.0030 0.0470 0.9263
8        8   (5)      1  : 0.0030 0.0040 0.0040 0.0030 0.9860
9        9   (0)      1  : 0.0030 0.0030 0.0030 0.0027 0.9883
10       10   (0)      1  : 0.0070 0.0080 0.0040 0.0120 0.9690
11       11   (0)      1  : 0.0050 0.0040 0.0030 0.0060 0.9820
12       12   (0)      1  : 0.0040 0.0097 0.0040 0.0077 0.9747
13       13   (0)      1  : 0.0020 0.0070 0.0030 0.0030 0.9850
14       14   (0)      1  : 0.0030 0.0040 0.0060 0.0050 0.9820
15       15   (0)      1  : 0.0030 0.0040 0.0030 0.0050 0.9850
16       16   (0)      1  : 0.0030 0.0030 0.0057 0.0030 0.9853
17       17   (0)      1  : 0.0020 0.0030 0.0020 0.0030 0.9900
18       18   (0)      1  : 0.0170 0.0060 0.0040 0.0097 0.9634
19       19   (0)      1  : 0.0100 0.0130 0.0050 0.0030 0.9690
20       20   (0)      1  : 0.0133 0.0090 0.0060 0.0187 0.9530
21       21   (0)      1  : 0.0020 0.0050 0.0030 0.0030 0.9870
22       22   (0)      1  : 0.0030 0.0020 0.0090 0.0030 0.9830
23       23   (0)      1  : 0.0070 0.0030 0.0050 0.0030 0.9820
24       24   (0)      1  : 0.0090 0.0080 0.0117 0.0040 0.9674
25       25   (0)      1  : 0.0050 0.0100 0.0040 0.0100 0.9710
26       26   (0)      1  : 0.0030 0.0070 0.0050 0.0030 0.9820
27       27   (5)      1  : 0.0240 0.0060 0.0040 0.0420 0.9240
28       28   (0)      1  : 0.0060 0.0020 0.0060 0.0087 0.9773
29       29   (0)      1  : 0.0060 0.0030 0.0090 0.0040 0.9780
30       30   (0)      1  : 0.0290 0.0120 0.0140 0.0090 0.9360
31       31   (0)      1  : 0.0087 0.0030 0.0040 0.0030 0.9813
32       32   (0)      1  : 0.0040 0.0100 0.0040 0.0150 0.9670
33       33   (0)      1  : 0.0040 0.0030 0.0030 0.0030 0.9870
34       34   (0)      1  : 0.0040 0.0020 0.0060 0.0030 0.9850
35       35   (0)      1  : 0.0890 0.0060 0.0050 0.0120 0.8880
36       36   (0)      1  : 0.0060 0.0040 0.0040 0.0100 0.9760
37       37   (0)      1  : 0.0060 0.0070 0.0040 0.0077 0.9753
38       38   (0)      1  : 0.0040 0.0083 0.0030 0.0040 0.9807
39       39   (0)      1  : 0.0060 0.0120 0.0040 0.0140 0.9640
40       40   (0)      1  : 0.0120 0.0050 0.0070 0.0050 0.9710
41       41   (0)      1  : 0.0050 0.0040 0.0040 0.0050 0.9820
42       42   (0)      1  : 0.0030 0.0030 0.0040 0.0020 0.9880
43       43   (0)      1  : 0.0030 0.0030 0.0040 0.0040 0.9860
44       44   (0)      1  : 0.0020 0.0020 0.0020 0.0030 0.9910
45       45   (5)      1  : 0.0030 0.0060 0.0040 0.0080 0.9790
46       46   (0)      1  : 0.0060 0.0020 0.0080 0.0030 0.9810
47       47   (0)      1  : 0.0050 0.0020 0.0070 0.0060 0.9800
48       48   (0)      1  : 0.0080 0.0037 0.0110 0.0060 0.9713
49       49   (0)      1  : 0.0030 0.0117 0.0030 0.0040 0.9783
50       50   (0)      1  : 0.0040 0.0040 0.0060 0.0050 0.9810
51       51   (0)      1  : 0.0050 0.0080 0.0030 0.0040 0.9800
52       52   (0)      1  : 0.0100 0.0273 0.0087 0.0093 0.9447
53       53   (0)      1  : 0.0090 0.0037 0.0130 0.0060 0.9684
54       54   (0)      1  : 0.0040 0.0020 0.0040 0.0070 0.9830
55       55   (0)      1  : 0.0040 0.0030 0.0040 0.0050 0.9840
56       56   (0)      1  : 0.0040 0.0030 0.0060 0.0040 0.9830
57       57  (10)      1  : 0.0040 0.0060 0.0040 0.0053 0.9807
58       58   (5)      1  : 0.0040 0.0040 0.0070 0.0070 0.9780
59       59   (0)      1  : 0.0050 0.0050 0.0080 0.0040 0.9780
60       60   (0)      1  : 0.0020 0.0030 0.0020 0.0040 0.9890
61       61   (0)      1  : 0.0110 0.0040 0.0070 0.0050 0.9730
62       62   (0)      1  : 0.0040 0.0030 0.0040 0.0053 0.9837
63       63   (0)      1  : 0.0050 0.0040 0.0030 0.0070 0.9810
64       64   (0)      1  : 0.0060 0.0030 0.0040 0.0040 0.9830
65       65   (0)      1  : 0.0070 0.0240 0.0030 0.0220 0.9441
66       66   (0)      1  : 0.0097 0.0030 0.0060 0.0050 0.9763
67       67   (5)      1  : 0.0050 0.0140 0.0160 0.0070 0.9580
68       68   (0)      1  : 0.0070 0.0040 0.0140 0.0100 0.9650
69       69   (0)      1  : 0.0030 0.0020 0.0020 0.0050 0.9880
70       70   (0)      1  : 0.0030 0.0040 0.0060 0.0060 0.9810
71       71   (5)      1  : 0.0130 0.0040 0.0070 0.0070 0.9690
72       72   (0)      1  : 0.0053 0.0100 0.0030 0.0050 0.9767
73       73   (5)      1  : 0.0200 0.0030 0.0050 0.0040 0.9680
74       74  (10)      1  : 0.0050 0.0070 0.0060 0.0070 0.9750
75       75  (10)      1  : 0.0080 0.0180 0.0040 0.0040 0.9660
76       76   (0)      1  : 0.0060 0.0040 0.1550 0.0030 0.8320
77       77  (10)      1  : 0.0040 0.0050 0.0360 0.0040 0.9510
78       78   (0)      1  : 0.0140 0.0080 0.0380 0.0070 0.9330
79       79   (5)      1  : 0.0160 0.0030 0.0090 0.0160 0.9560
80       80   (0)      1  : 0.0030 0.0030 0.0040 0.0030 0.9870
81       81   (0)      1  : 0.0030 0.0030 0.0040 0.0030 0.9870
82       82   (0)      1  : 0.0030 0.0030 0.0020 0.0030 0.9890
83       83   (0)      1  : 0.0040 0.0040 0.0540 0.0080 0.9300
84       84   (0)      1  : 0.0050 0.0120 0.0030 0.0120 0.9680
85       85   (0)      1  : 0.0030 0.0030 0.0020 0.0033 0.9887
86       86   (5)      1  : 0.0040 0.0040 0.0030 0.0030 0.9860
87       87   (0)      1  : 0.0030 0.0030 0.0040 0.0050 0.9850
88       88   (0)      1  : 0.0107 0.0100 0.1596 0.0090 0.8108
89       89   (0)      1  : 0.0050 0.0250 0.0100 0.0070 0.9530
90       90   (0)      1  : 0.0050 0.0030 0.0090 0.0110 0.9720
91       91   (0)      1  : 0.0060 0.0040 0.0070 0.0050 0.9780
92       92   (0)      1  : 0.0100 0.0040 0.0060 0.0210 0.9590
93       93   (0)      1  : 0.0030 0.0030 0.0040 0.0030 0.9870
94       94   (5)      1  : 0.0097 0.0110 0.0190 0.0040 0.9563
95       95   (0)      1  : 0.0030 0.0040 0.0060 0.0030 0.9840
96       96   (5)      1  : 0.0030 0.0040 0.0020 0.0030 0.9880
97       97   (0)      1  : 0.0030 0.0020 0.0210 0.0110 0.9630
98       98   (0)      1  : 0.0100 0.0050 0.0040 0.0050 0.9760
99       99   (5)      1  : 0.0030 0.0050 0.0030 0.0040 0.9850
100      100   (5)      1  : 0.0030 0.0030 0.0030 0.0030 0.9880
101      101   (0)      2  : 0.0050 0.0030 0.0160 0.0060 0.9700
102      102   (0)      2  : 0.0040 0.0220 0.0050 0.0053 0.9637
103      103   (0)      2  : 0.0030 0.0040 0.0030 0.0040 0.9860
104      104   (0)      2  : 0.0030 0.0020 0.0080 0.0040 0.9830
105      105   (0)      2  : 0.0050 0.0160 0.0030 0.0030 0.9730
106      106   (0)      2  : 0.0030 0.0020 0.0140 0.0030 0.9780
107      107   (0)      2  : 0.0050 0.0020 0.0090 0.0040 0.9800
108      108   (0)      2  : 0.0050 0.0040 0.0270 0.0040 0.9600
109      109   (0)      2  : 0.0030 0.0040 0.0030 0.0050 0.9850
110      110   (0)      2  : 0.0040 0.0040 0.0030 0.0040 0.9850
111      111   (0)      2  : 0.0040 0.0030 0.0060 0.0030 0.9840
112      112   (0)      2  : 0.0050 0.0030 0.0030 0.0030 0.9860
113      113   (0)      2  : 0.0040 0.0030 0.0050 0.0040 0.9840
114      114   (0)      2  : 0.0030 0.0020 0.0090 0.0040 0.9820
115      115   (0)      2  : 0.0050 0.0040 0.0090 0.0040 0.9780
116      116   (0)      2  : 0.0240 0.0090 0.0050 0.0110 0.9510
117      117   (0)      2  : 0.0050 0.0110 0.0040 0.0033 0.9767
118      118   (0)      2  : 0.0080 0.0040 0.0040 0.0040 0.9800
119      119   (0)      2  : 0.0050 0.0070 0.0050 0.0160 0.9670
120      120   (0)      2  : 0.0100 0.0040 0.0050 0.0270 0.9540
121      121   (0)      2  : 0.0030 0.0080 0.0030 0.0050 0.9810
122      122   (0)      2  : 0.0070 0.0040 0.0050 0.0080 0.9760
123      123   (0)      2  : 0.0090 0.0030 0.0120 0.0050 0.9710
124      124   (0)      2  : 0.0030 0.0050 0.0030 0.0030 0.9860
125      125   (0)      2  : 0.0030 0.0030 0.0030 0.0030 0.9880
126      126   (0)      2  : 0.0050 0.0030 0.0030 0.0040 0.9850
127      127   (0)      2  : 0.0110 0.0080 0.0070 0.0100 0.9640
128      128   (0)      2  : 0.0060 0.0070 0.0070 0.0050 0.9750
129      129   (0)      2  : 0.0080 0.0063 0.0180 0.0060 0.9616
130      130   (0)      2  : 0.0070 0.0070 0.0060 0.0050 0.9750
131      131   (0)      2  : 0.0070 0.0080 0.0080 0.0070 0.9700
132      132   (0)      2  : 0.0040 0.0040 0.0040 0.0060 0.9820
133      133   (0)      2  : 0.0120 0.0040 0.0350 0.0300 0.9191
134      134   (0)      2  : 0.0070 0.0030 0.0320 0.0080 0.9500
135      135   (0)      2  : 0.0040 0.0020 0.0127 0.0037 0.9777
136      136   (0)      2  : 0.0040 0.0050 0.0030 0.0030 0.9850
137      137   (0)      2  : 0.0030 0.0080 0.0050 0.0030 0.9810
138      138   (0)      2  : 0.0100 0.0030 0.0060 0.0220 0.9590
139      139   (0)      2  : 0.0020 0.0020 0.0020 0.0020 0.9920
140      140   (0)      2  : 0.0070 0.0380 0.0030 0.0430 0.9089
141      141   (0)      2  : 0.0030 0.0030 0.0160 0.0033 0.9747
142      142   (0)      2  : 0.0040 0.0040 0.0060 0.0050 0.9810
143      143   (0)      2  : 0.0050 0.0060 0.0050 0.0100 0.9740
144      144   (0)      2  : 0.0030 0.0037 0.0030 0.0070 0.9833
145      145   (0)      2  : 0.0040 0.0230 0.0063 0.0070 0.9597
146      146   (0)      2  : 0.0030 0.0030 0.0030 0.0040 0.9870
147      147   (0)      2  : 0.0030 0.0120 0.0030 0.0070 0.9750
148      148   (0)      2  : 0.0030 0.0080 0.0050 0.0030 0.9810
149      149   (0)      2  : 0.0030 0.0040 0.0077 0.0040 0.9813
150      150   (0)      2  : 0.0070 0.0070 0.0280 0.0050 0.9530
151      151   (0)      2  : 0.0070 0.0100 0.0586 0.0110 0.9134
152      152   (0)      2  : 0.0157 0.0030 0.0050 0.0150 0.9613
153      153   (0)      2  : 0.0030 0.0030 0.0040 0.0030 0.9870
154      154   (0)      2  : 0.0050 0.0020 0.0040 0.0050 0.9840
155      155   (0)      2  : 0.0040 0.0070 0.0050 0.0050 0.9790
156      156   (0)      2  : 0.0057 0.0050 0.0040 0.0097 0.9757
157      157   (0)      2  : 0.0060 0.0030 0.0213 0.0070 0.9627
158      158   (0)      2  : 0.0030 0.0060 0.0040 0.0030 0.9840
159      159   (0)      2  : 0.0030 0.0030 0.0050 0.0030 0.9860
160      160   (0)      2  : 0.0070 0.0140 0.0030 0.0090 0.9670
161      161   (0)      2  : 0.0060 0.0080 0.0100 0.0040 0.9720
162      162   (0)      2  : 0.0200 0.0100 0.0260 0.0060 0.9380
163      163   (0)      2  : 0.0020 0.0030 0.0030 0.0040 0.9880
164      164   (0)      2  : 0.0050 0.0060 0.0160 0.0080 0.9650
165      165   (0)      2  : 0.0043 0.0030 0.0100 0.0030 0.9797
166      166   (0)      2  : 0.0030 0.0070 0.0020 0.0030 0.9850
167      167   (0)      2  : 0.0040 0.0040 0.0030 0.0060 0.9830
168      168   (0)      2  : 0.0040 0.0040 0.0030 0.0030 0.9860
169      169   (0)      2  : 0.0030 0.0030 0.0030 0.0030 0.9880
170      170   (0)      2  : 0.0090 0.0030 0.0110 0.0040 0.9730
171      171   (0)      2  : 0.0060 0.0030 0.0060 0.0050 0.9800
172      172   (0)      2  : 0.0020 0.0060 0.0020 0.0030 0.9870
173      173   (0)      2  : 0.0040 0.0020 0.0060 0.0070 0.9810
174      174   (0)      2  : 0.0030 0.0040 0.0093 0.0040 0.9797
175      175   (0)      2  : 0.0080 0.0030 0.0237 0.0040 0.9614
176      176   (0)      2  : 0.0033 0.0040 0.0030 0.0070 0.9827
177      177   (0)      2  : 0.0040 0.0030 0.0070 0.0070 0.9790
178      178   (0)      2  : 0.0050 0.0090 0.0050 0.0050 0.9760
179      179   (0)      2  : 0.0030 0.0030 0.0020 0.0040 0.9880
180      180   (0)      2  : 0.0040 0.0050 0.0030 0.0040 0.9840
181      181   (0)      2  : 0.0137 0.0070 0.0040 0.0060 0.9694
182      182   (0)      2  : 0.0040 0.0020 0.0030 0.0030 0.9880
183      183   (0)      2  : 0.0110 0.0070 0.0060 0.0050 0.9710
184      184   (0)      2  : 0.0030 0.0040 0.0030 0.0030 0.9870
185      185   (0)      2  : 0.0330 0.0040 0.0070 0.0620 0.8940
186      186   (0)      2  : 0.0050 0.0040 0.0030 0.0120 0.9760
187      187   (0)      2  : 0.0057 0.0030 0.0070 0.0030 0.9813
188      188   (0)      2  : 0.0040 0.0030 0.0030 0.0030 0.9870
189      189   (0)      2  : 0.0020 0.0060 0.0040 0.0060 0.9820
190      190   (0)      2  : 0.0030 0.0050 0.0040 0.0030 0.9850
191      191   (0)      2  : 0.0070 0.0080 0.0230 0.0110 0.9510
192      192   (0)      2  : 0.0050 0.0020 0.0180 0.0030 0.9720
193      193   (0)      2  : 0.0040 0.0050 0.0140 0.0100 0.9670
194      194   (0)      2  : 0.0090 0.0110 0.0033 0.0047 0.9720
195      195   (0)      2  : 0.0040 0.0040 0.0063 0.0040 0.9817
196      196   (0)      2  : 0.0050 0.0060 0.0030 0.0050 0.9810
197      197   (0)      2  : 0.0040 0.0030 0.0030 0.0040 0.9860
198      198   (0)      2  : 0.0070 0.0070 0.0050 0.0090 0.9720
199      199   (0)      2  : 0.0020 0.0030 0.0060 0.0030 0.9860
200      200   (0)      2  : 0.0050 0.0060 0.0050 0.0060 0.9780
201      201   (0)      2  : 0.0050 0.0020 0.0040 0.0040 0.9850
202      202   (0)      2  : 0.0050 0.0030 0.0400 0.0060 0.9460
203      203   (0)      2  : 0.0050 0.0050 0.0030 0.0030 0.9840
204      204   (0)      2  : 0.0040 0.0110 0.0020 0.0050 0.9780
205      205   (0)      2  : 0.0040 0.0040 0.0040 0.0040 0.9840
206      206   (0)      2  : 0.0070 0.0060 0.0060 0.0060 0.9750
207      207   (0)      2  : 0.0100 0.0060 0.0090 0.0050 0.9700
208      208   (0)      2  : 0.0060 0.0040 0.0060 0.0060 0.9780
209      209   (0)      2  : 0.0100 0.0040 0.0110 0.0090 0.9660
210      210   (0)      2  : 0.0030 0.0030 0.0030 0.0050 0.9860
211      211   (0)      2  : 0.0050 0.0040 0.0040 0.0047 0.9823
212      212   (0)      2  : 0.0050 0.0183 0.0040 0.0150 0.9577
213      213   (0)      2  : 0.0230 0.0030 0.0333 0.0227 0.9180
214      214   (0)      2  : 0.0030 0.0020 0.0030 0.0030 0.9890
215      215   (0)      2  : 0.0030 0.0030 0.0050 0.0030 0.9860
216      216   (0)      2  : 0.0030 0.0090 0.0030 0.0050 0.9800
217      217   (0)      2  : 0.0030 0.0040 0.0264 0.0030 0.9636
218      218   (0)      2  : 0.0077 0.0020 0.0473 0.0090 0.9340
219      219   (0)      2  : 0.0030 0.0020 0.0120 0.0030 0.9800
220      220   (0)      2  : 0.0030 0.0060 0.0040 0.0040 0.9830
221      221   (0)      2  : 0.0030 0.0020 0.0030 0.0030 0.9890
222      222   (0)      2  : 0.0130 0.0070 0.0050 0.0120 0.9630
223      223   (0)      2  : 0.0120 0.0070 0.0047 0.0120 0.9643
224      224   (0)      2  : 0.0060 0.0090 0.0040 0.0070 0.9740
225      225   (0)      2  : 0.0050 0.0020 0.0030 0.0030 0.9870
226      226   (0)      2  : 0.0030 0.0030 0.0650 0.0030 0.9260
227      227   (0)      2  : 0.0090 0.0087 0.0300 0.0203 0.9320
228      228   (0)      2  : 0.0030 0.0020 0.0020 0.0033 0.9897
229      229   (0)      2  : 0.0030 0.0060 0.0040 0.0030 0.9840
230      230   (0)      2  : 0.0040 0.0030 0.0130 0.0040 0.9760
231      231   (0)      2  : 0.0070 0.0040 0.0043 0.0040 0.9807
232      232   (0)      2  : 0.0030 0.0030 0.0030 0.0030 0.9880
233      233   (0)      2  : 0.0030 0.0020 0.0060 0.0020 0.9870
234      234   (0)      2  : 0.0050 0.0040 0.0037 0.0060 0.9813
235      235   (0)      2  : 0.0030 0.0020 0.0030 0.0030 0.9890
236      236   (0)      2  : 0.0130 0.0020 0.0040 0.0150 0.9660
237      237   (0)      2  : 0.0310 0.0070 0.0030 0.0070 0.9520
238      238   (0)      2  : 0.0060 0.0313 0.0157 0.0150 0.9320
239      239   (0)      2  : 0.0100 0.0040 0.0040 0.0050 0.9770
240      240   (0)      2  : 0.0030 0.0040 0.0060 0.0020 0.9850
241      241   (0)      2  : 0.0080 0.0050 0.0120 0.0070 0.9680
242      242   (0)      2  : 0.0020 0.0030 0.0020 0.0030 0.9900
243      243   (0)      2  : 0.0160 0.0120 0.0040 0.0540 0.9140
244      244   (0)      2  : 0.0030 0.0020 0.0030 0.0020 0.9900
245      245   (0)      2  : 0.0040 0.0090 0.0030 0.0040 0.9800
246      246   (0)      2  : 0.0037 0.0030 0.0040 0.0030 0.9863
247      247   (0)      2  : 0.0357 0.0060 0.0040 0.0070 0.9473
248      248   (0)      2  : 0.0050 0.0030 0.0060 0.0070 0.9790
249      249   (0)      2  : 0.0023 0.0020 0.0030 0.0030 0.9897
250      250   (0)      2  : 0.0090 0.0270 0.0060 0.0150 0.9430
251      251   (0)      2  : 0.0040 0.0040 0.0060 0.0060 0.9800
252      252   (0)      2  : 0.0030 0.0020 0.0040 0.0040 0.9870
253      253   (0)      2  : 0.0080 0.0030 0.0130 0.0050 0.9710
254      254   (0)      2  : 0.0020 0.0030 0.0030 0.0020 0.9900
255      255   (0)      2  : 0.0250 0.0040 0.0040 0.0060 0.9610
256      256   (0)      2  : 0.0070 0.0070 0.0060 0.0050 0.9750
257      257   (0)      2  : 0.0030 0.0030 0.0070 0.0030 0.9840
258      258   (0)      2  : 0.0040 0.0060 0.0050 0.0047 0.9803
259      259   (0)      2  : 0.0100 0.0040 0.0050 0.0070 0.9740
260      260   (0)      2  : 0.0040 0.0050 0.0040 0.0030 0.9840
261      261   (0)      2  : 0.0050 0.0030 0.0040 0.0040 0.9840
262      262   (0)      2  : 0.0060 0.0350 0.0070 0.0050 0.9470
263      263   (0)      2  : 0.0180 0.0070 0.0133 0.0040 0.9576
264      264   (0)      2  : 0.0040 0.0040 0.0030 0.0040 0.9850
265      265   (0)      2  : 0.0050 0.0050 0.0040 0.0050 0.9810
266      266   (0)      2  : 0.0140 0.0070 0.0140 0.0163 0.9486
267      267   (0)      2  : 0.0030 0.0070 0.0040 0.0060 0.9800
268      268   (0)      2  : 0.0040 0.0050 0.0030 0.0040 0.9840
269      269   (0)      2  : 0.0030 0.0020 0.0030 0.0030 0.9890
270      270   (0)      2  : 0.0050 0.0040 0.0030 0.0050 0.9830
271      271   (0)      2  : 0.0100 0.0203 0.0040 0.0040 0.9617
272      272   (0)      2  : 0.0040 0.0070 0.0190 0.0050 0.9650
273      273   (0)      2  : 0.0050 0.0030 0.0030 0.0070 0.9820
274      274   (0)      2  : 0.0040 0.0050 0.0070 0.0060 0.9780
275      275   (0)      2  : 0.0020 0.0030 0.0030 0.0030 0.9890
276      276   (0)      2  : 0.0110 0.0050 0.0060 0.0050 0.9730
277      277   (0)      2  : 0.0050 0.0090 0.0050 0.0070 0.9740
278      278   (0)      2  : 0.0030 0.0030 0.0050 0.0040 0.9850
279      279   (0)      2  : 0.0030 0.0040 0.0050 0.0030 0.9850
280      280   (0)      2  : 0.0040 0.0070 0.0060 0.0050 0.9780
281      281   (0)      2  : 0.0080 0.0040 0.0050 0.0060 0.9770
282      282   (0)      2  : 0.0120 0.0030 0.0170 0.0060 0.9620
283      283   (0)      2  : 0.0050 0.0050 0.0120 0.0070 0.9710
284      284   (0)      2  : 0.0057 0.0030 0.0030 0.0070 0.9813
285      285   (0)      2  : 0.0030 0.0070 0.0060 0.0067 0.9773
286      286   (0)      2  : 0.0040 0.0030 0.0040 0.0060 0.9830
287      287   (0)      2  : 0.0030 0.0020 0.0030 0.0050 0.9870
288      288   (0)      2  : 0.0050 0.0040 0.0050 0.0050 0.9810
289      289   (0)      2  : 0.0030 0.0060 0.0150 0.0110 0.9650
290      290   (0)      2  : 0.0633 0.0157 0.0077 0.0640 0.8494
291      291   (0)      2  : 0.0030 0.0020 0.0020 0.0030 0.9900
292      292   (0)      2  : 0.0240 0.0070 0.0070 0.0040 0.9580
293      293   (0)      2  : 0.0323 0.0090 0.0060 0.0170 0.9357
294      294   (0)      2  : 0.0030 0.0020 0.0100 0.0030 0.9820
295      295   (0)      2  : 0.0030 0.0110 0.0030 0.0060 0.9770
296      296   (0)      2  : 0.0020 0.0060 0.0040 0.0030 0.9850
297      297   (0)      2  : 0.0050 0.0050 0.0060 0.0030 0.9810
298      298   (0)      2  : 0.0040 0.0040 0.0030 0.0030 0.9860
299      299   (0)      2  : 0.0040 0.0040 0.0030 0.0043 0.9847
300      300   (0)      2  : 0.0030 0.0030 0.0030 0.0040 0.9870
301      301   (5)      3  : 0.0053 0.0070 0.0040 0.3629 0.6208
302      302   (0)      3  : 0.0260 0.0280 0.0100 0.6582 0.2778
303      303   (0)      3  : 0.0303 0.0307 0.0253 0.3885 0.5252
304      304   (5)      3  : 0.1891 0.0140 0.0040 0.3828 0.4101
305      305   (5)      3  : 0.0100 0.0170 0.0020 0.5991 0.3719
306      306   (0)      3  : 0.0193 0.0463 0.0173 0.6205 0.2964
307      307   (0)      4  : 0.0213 0.2642 0.0070 0.2595 0.4480
308      308   (0)      4  : 0.0110 0.0140 0.0110 0.4140 0.5500
309      309   (0)      4  : 0.0160 0.0610 0.0060 0.5220 0.3949
310      310   (0)      4  : 0.0080 0.0617 0.0070 0.3354 0.5879
311      311   (0)      4  : 0.0080 0.0846 0.0080 0.6753 0.2241
312      312   (0)      4  : 0.0240 0.0050 0.0050 0.5750 0.3910
313      313   (0)      4  : 0.1073 0.0493 0.0060 0.4763 0.3611
314      314   (0)      4  : 0.0110 0.0370 0.0110 0.9230 0.0180
315      315   (0)      4  : 0.0230 0.0090 0.0130 0.4085 0.5465
316      316   (0)      4  : 0.0067 0.0080 0.0080 0.5482 0.4291
317      317   (0)      4  : 0.0080 0.0140 0.0110 0.6415 0.3256
318      318   (0)      4  : 0.0320 0.0080 0.0290 0.7582 0.1729
319      319   (0)      4  : 0.0393 0.0100 0.0070 0.4397 0.5040
320      320   (0)      4  : 0.0050 0.0080 0.0040 0.3906 0.5924
321      321   (0)      4  : 0.0070 0.0050 0.0030 0.5172 0.4678
322      322   (0)      4  : 0.0077 0.0030 0.0040 0.4683 0.5170
323      323   (0)      4  : 0.0130 0.0110 0.0030 0.3675 0.6055
324      324   (0)      4  : 0.0070 0.0070 0.0130 0.6231 0.3499
325      325   (0)      4  : 0.0090 0.0223 0.0160 0.8503 0.1023
326      326   (0)      4  : 0.0050 0.0070 0.0160 0.6171 0.3549
327      327   (0)      4  : 0.0040 0.0030 0.0040 0.5681 0.4209
328      328   (0)      4  : 0.0390 0.2902 0.0070 0.0410 0.6228
329      329   (0)      4  : 0.0040 0.0030 0.0050 0.5513 0.4367
330      330   (0)      4  : 0.0050 0.0120 0.0040 0.5527 0.4263
331      331   (0)      4  : 0.0610 0.0040 0.0060 0.7372 0.1918
332      332   (0)      4  : 0.0100 0.0130 0.0050 0.4127 0.5593
333      333   (0)      4  : 0.0070 0.0040 0.0040 0.6403 0.3447
334      334   (0)      4  : 0.0050 0.0110 0.0050 0.3092 0.6698
335      335   (0)      4  : 0.0060 0.0060 0.0090 0.3519 0.6271
336      336   (0)      4  : 0.0277 0.0087 0.0070 0.3286 0.6281
337      337   (0)      4  : 0.0100 0.0050 0.0030 0.4170 0.5650
338      338   (0)      4  : 0.0120 0.0040 0.0140 0.4206 0.5494
339      339   (0)      4  : 0.0050 0.0030 0.0070 0.5070 0.4780
340      340   (0)      4  : 0.0430 0.0490 0.0090 0.6403 0.2587
341      341   (0)      4  : 0.0067 0.0060 0.0040 0.4127 0.5706
342      342   (0)      4  : 0.0160 0.0223 0.0424 0.5751 0.3442
343      343   (0)      4  : 0.0050 0.0040 0.0030 0.4444 0.5435
344      344   (0)      4  : 0.0070 0.0033 0.0030 0.5250 0.4616
345      345   (0)      4  : 0.0210 0.0100 0.0080 0.6433 0.3177
346      346   (0)      4  : 0.0050 0.0070 0.0110 0.3913 0.5857
347      347   (0)      4  : 0.0390 0.0310 0.0110 0.4032 0.5158
348      348   (0)      4  : 0.0080 0.0070 0.0060 0.4808 0.4982
349      349   (0)      4  : 0.0100 0.0050 0.0100 0.4982 0.4768
350      350   (0)      4  : 0.0200 0.0120 0.0110 0.5223 0.4347
351      351   (0)      4  : 0.0050 0.0040 0.0320 0.3801 0.5789
352      352   (0)      4  : 0.0140 0.0353 0.0070 0.4625 0.4812
353      353   (0)      4  : 0.0080 0.0180 0.0060 0.5476 0.4204
354      354   (0)      4  : 0.0113 0.0040 0.0050 0.6694 0.3102
355      355   (0)      4  : 0.0040 0.0060 0.0050 0.4420 0.5430
356      356   (0)      4  : 0.0040 0.0070 0.0343 0.5258 0.4288
357      357   (0)      4  : 0.0040 0.0380 0.0080 0.5906 0.3594
358      358   (0)      4  : 0.0110 0.2639 0.0067 0.0763 0.6421
359      359   (0)      4  : 0.0080 0.0070 0.0140 0.5531 0.4179
360      360   (0)      4  : 0.0050 0.0040 0.0037 0.3807 0.6066
361      361   (0)      4  : 0.0030 0.0030 0.0030 0.6097 0.3813
362      362   (0)      4  : 0.0420 0.0070 0.0030 0.5690 0.3790
363      363   (0)      4  : 0.0100 0.0040 0.0190 0.4450 0.5220
364      364   (0)      4  : 0.0050 0.0070 0.0070 0.5647 0.4163
365      365   (0)      4  : 0.0040 0.0050 0.0023 0.4692 0.5195
366      366   (0)      4  : 0.0520 0.0160 0.0090 0.4787 0.4443
367      367   (0)      4  : 0.0250 0.1006 0.0087 0.4455 0.4202
368      368   (0)      4  : 0.0100 0.1306 0.0060 0.6075 0.2459
369      369   (0)      4  : 0.0070 0.0237 0.0110 0.8571 0.1013
370      370   (0)      4  : 0.0103 0.0173 0.0150 0.3978 0.5595
371      371   (0)      4  : 0.0090 0.1107 0.0040 0.3773 0.4990
372      372   (0)      4  : 0.0110 0.0080 0.0060 0.5670 0.4080
373      373   (0)      4  : 0.0040 0.0030 0.0050 0.4887 0.4993
374      374   (0)      4  : 0.0020 0.0060 0.0020 0.5215 0.4685
375      375   (0)      4  : 0.0030 0.0080 0.0040 0.5253 0.4597
376      376   (0)      4  : 0.0040 0.0030 0.0153 0.3722 0.6054
377      377   (0)      4  : 0.0087 0.0040 0.0070 0.5302 0.4502
378      378   (0)      4  : 0.0180 0.0100 0.0040 0.5887 0.3793
379      379   (0)      4  : 0.0110 0.0090 0.0063 0.6109 0.3627
380      380   (0)      4  : 0.0080 0.0220 0.0050 0.5373 0.4277
381      381   (0)      4  : 0.0200 0.0080 0.0040 0.6974 0.2706
382      382   (0)      4  : 0.0250 0.0070 0.0100 0.6170 0.3410
383      383   (0)      4  : 0.0253 0.0210 0.0050 0.4945 0.4542
384      384   (0)      4  : 0.1701 0.0140 0.0040 0.2858 0.5262
385      385   (0)      4  : 0.0060 0.0140 0.0080 0.5492 0.4228
386      386   (0)      4  : 0.0040 0.0060 0.0070 0.4476 0.5355
387      387   (0)      4  : 0.0300 0.0100 0.0110 0.3875 0.5615
388      388   (0)      4  : 0.0050 0.0060 0.0030 0.3866 0.5994
389      389   (0)      4  : 0.0247 0.0050 0.0170 0.4006 0.5527
390      390   (0)      4  : 0.0100 0.0180 0.0140 0.5707 0.3873
391      391   (0)      4  : 0.0526 0.0180 0.0050 0.4968 0.4276
392      392   (0)      4  : 0.0080 0.0080 0.0080 0.4320 0.5440
393      393   (0)      4  : 0.0100 0.0430 0.0040 0.3379 0.6051
394      394   (0)      4  : 0.0430 0.1800 0.0050 0.1683 0.6037
395      395   (0)      4  : 0.0410 0.0070 0.0040 0.3332 0.6147
396      396   (0)      4  : 0.0140 0.0100 0.0053 0.7483 0.2223
397      397   (0)      4  : 0.0050 0.0340 0.0040 0.5108 0.4461
398      398   (0)      4  : 0.0060 0.0040 0.0070 0.4337 0.5493
399      399   (0)      4  : 0.0050 0.0140 0.0040 0.4146 0.5624
400      400   (0)      4  : 0.0317 0.0157 0.0070 0.5382 0.4075
401      401   (0)      4  : 0.0047 0.0060 0.0150 0.6078 0.3665
402      402   (0)      4  : 0.0070 0.0060 0.0067 0.5250 0.4553
403      403   (0)      4  : 0.0090 0.0060 0.0090 0.5686 0.4074
404      404   (0)      4  : 0.0137 0.0060 0.0040 0.5302 0.4461
405      405   (0)      4  : 0.0477 0.0360 0.0050 0.4502 0.4612
406      406   (0)      4  : 0.0040 0.0060 0.0050 0.4473 0.5377
407      407   (0)      5  : 0.0097 0.0506 0.0030 0.5458 0.3909
408      408   (0)      5  : 0.0060 0.0327 0.0050 0.5682 0.3881
409      409   (0)      5  : 0.0060 0.0060 0.0030 0.6629 0.3221
410      410   (0)      5  : 0.0260 0.0040 0.0150 0.5050 0.4500
411      411   (0)      5  : 0.2217 0.0227 0.0080 0.2117 0.5358
412      412   (0)      5  : 0.0120 0.0080 0.0670 0.5102 0.4028
413      413   (0)      5  : 0.0070 0.0030 0.0050 0.3990 0.5860
414      414   (0)      5  : 0.0050 0.0050 0.3673 0.0967 0.5260
415      415   (0)      5  : 0.0050 0.0030 0.0080 0.4613 0.5227
416      416   (0)      5  : 0.0060 0.0060 0.0187 0.5112 0.4582
417      417   (0)      5  : 0.0060 0.0090 0.0030 0.5210 0.4610
418      418   (0)      5  : 0.0070 0.0060 0.0060 0.5597 0.4213
419      419   (0)      5  : 0.0277 0.0090 0.0497 0.4211 0.4925
420      420   (0)      5  : 0.0130 0.0100 0.0027 0.4008 0.5735
421      421   (0)      5  : 0.0100 0.0040 0.0040 0.4307 0.5513
422      422   (0)      5  : 0.0050 0.0050 0.0160 0.5797 0.3943
423      423   (0)      5  : 0.0100 0.0050 0.0060 0.6770 0.3020
424      424   (0)      5  : 0.0233 0.0090 0.0520 0.4513 0.4643
425      425   (0)      5  : 0.0070 0.0030 0.0220 0.3966 0.5714
426      426   (0)      5  : 0.0030 0.0110 0.0050 0.5548 0.4262
427      427   (0)      5  : 0.0120 0.0060 0.0070 0.5030 0.4720
428      428   (0)      5  : 0.2253 0.0373 0.0080 0.1626 0.5668
429      429   (0)      5  : 0.0090 0.0050 0.0110 0.5670 0.4080
430      430   (0)      5  : 0.0050 0.0050 0.0060 0.3846 0.5994
431      431   (0)      5  : 0.0137 0.0110 0.0130 0.4505 0.5118
432      432   (0)      5  : 0.0070 0.0070 0.0070 0.4715 0.5075
433      433   (0)      5  : 0.0833 0.0520 0.0203 0.2480 0.5963
434      434   (0)      5  : 0.0050 0.0030 0.0150 0.5950 0.3820
435      435   (0)      5  : 0.0150 0.0170 0.0187 0.6349 0.3144
436      436   (0)      5  : 0.0463 0.0293 0.0273 0.2961 0.6009
437      437   (0)      5  : 0.0040 0.0117 0.0080 0.3995 0.5768
438      438   (0)      5  : 0.0130 0.0070 0.0050 0.4050 0.5700
439      439   (0)      5  : 0.0050 0.0060 0.0140 0.3930 0.5820
440      440   (0)      5  : 0.0170 0.0110 0.0070 0.4506 0.5143
441      441   (0)      5  : 0.0080 0.0040 0.0070 0.6779 0.3031
442      442   (0)      5  : 0.1370 0.0030 0.0160 0.3832 0.4608
443      443   (0)      5  : 0.0060 0.0070 0.0120 0.5295 0.4455
444      444   (0)      5  : 0.0420 0.0080 0.0060 0.5704 0.3736
445      445   (0)      5  : 0.0323 0.0037 0.0070 0.4862 0.4708
446      446   (0)      5  : 0.0080 0.0040 0.0080 0.4390 0.5410
447      447   (0)      5  : 0.0450 0.0413 0.0100 0.2732 0.6305
448      448   (0)      5  : 0.0120 0.0060 0.0040 0.3853 0.5927
449      449   (0)      5  : 0.0077 0.0040 0.0140 0.4143 0.5600
450      450   (0)      5  : 0.0237 0.0083 0.0380 0.5182 0.4118
451      451   (0)      5  : 0.0080 0.0080 0.0040 0.3734 0.6066
452      452   (0)      5  : 0.0180 0.0330 0.0110 0.4230 0.5150
453      453   (0)      5  : 0.0070 0.0050 0.0120 0.4795 0.4965
454      454   (0)      5  : 0.0310 0.0077 0.0177 0.4853 0.4584
455      455   (0)      5  : 0.0070 0.0040 0.0407 0.3123 0.6360
456      456   (0)      5  : 0.0060 0.0030 0.0050 0.4256 0.5604
457      457   (0)      5  : 0.0050 0.0050 0.0100 0.3915 0.5885
458      458   (0)      5  : 0.0120 0.0140 0.1033 0.5287 0.3420
459      459   (0)      5  : 0.0070 0.0050 0.0110 0.6196 0.3574
460      460   (0)      5  : 0.0150 0.0040 0.0060 0.3950 0.5800
461      461   (0)      5  : 0.0193 0.0130 0.0600 0.3474 0.5602
462      462   (0)      5  : 0.0130 0.0080 0.0050 0.4740 0.5000
463      463   (0)      5  : 0.0150 0.0274 0.0060 0.4703 0.4813
464      464   (0)      5  : 0.0120 0.0340 0.0050 0.3207 0.6283
465      465   (0)      5  : 0.0283 0.0060 0.0060 0.7252 0.2345
466      466   (0)      5  : 0.0140 0.0040 0.0080 0.4610 0.5130
467      467   (0)      5  : 0.0090 0.0080 0.0190 0.6339 0.3301
468      468   (0)      5  : 0.0400 0.0060 0.0190 0.4543 0.4807
469      469   (0)      5  : 0.0220 0.0480 0.0030 0.5408 0.3861
470      470   (0)      5  : 0.0060 0.0060 0.0070 0.3419 0.6391
471      471   (0)      5  : 0.0990 0.0170 0.0077 0.2303 0.6460
472      472   (0)      5  : 0.0060 0.0100 0.0050 0.3290 0.6500
473      473   (0)      5  : 0.0090 0.0040 0.0030 0.4985 0.4855
474      474   (0)      5  : 0.0090 0.0020 0.0290 0.3577 0.6023
475      475   (0)      5  : 0.1187 0.0147 0.0160 0.3637 0.4870
476      476   (0)      5  : 0.0550 0.0050 0.0243 0.2652 0.6504
477      477   (0)      5  : 0.0150 0.0320 0.0050 0.3363 0.6117
478      478   (0)      5  : 0.0223 0.0050 0.0040 0.6473 0.3213
479      479   (0)      5  : 0.0090 0.0050 0.0040 0.5098 0.4722
480      480   (0)      5  : 0.0080 0.0147 0.0030 0.3599 0.6145
481      481   (0)      5  : 0.0190 0.0353 0.0477 0.2781 0.6199
482      482   (0)      5  : 0.0307 0.0090 0.0240 0.5088 0.4275
483      483   (0)      5  : 0.0100 0.0267 0.0190 0.4948 0.4495
484      484   (0)      5  : 0.0060 0.0100 0.0110 0.5810 0.3920
485      485   (0)      5  : 0.0040 0.0180 0.0020 0.5215 0.4545
486      486   (0)      5  : 0.0626 0.0070 0.0600 0.4913 0.3791
487      487   (0)      5  : 0.0570 0.0040 0.0500 0.4279 0.4612
488      488   (0)      5  : 0.0070 0.0050 0.0040 0.5400 0.4440
489      489   (0)      5  : 0.0060 0.0030 0.0067 0.4867 0.4977
490      490   (0)      5  : 0.1033 0.0110 0.0060 0.3462 0.5335
491      491   (0)      5  : 0.0330 0.0030 0.0070 0.4588 0.4982
492      492   (0)      5  : 0.0487 0.0040 0.0413 0.2336 0.6724
493      493   (0)      5  : 0.0220 0.0090 0.0120 0.5475 0.4095
494      494   (0)      5  : 0.0060 0.0150 0.0110 0.3874 0.5806
495      495   (0)      5  : 0.0100 0.0130 0.0070 0.2961 0.6739
496      496   (0)      5  : 0.0447 0.0060 0.0140 0.5022 0.4332
497      497   (0)      5  : 0.0220 0.0190 0.2027 0.0227 0.7336
498      498   (0)      5  : 0.3582 0.0100 0.0160 0.1779 0.4379
499      499   (0)      5  : 0.1323 0.0080 0.0090 0.1587 0.6920
500      500   (0)      5  : 0.0160 0.0060 0.0080 0.3377 0.6323
501      501   (0)      5  : 0.0180 0.0040 0.1959 0.2586 0.5235
502      502   (0)      5  : 0.0060 0.0127 0.0050 0.5612 0.4151
503      503   (0)      5  : 0.0110 0.0110 0.0303 0.4548 0.4928
504      504   (0)      5  : 0.0050 0.0050 0.0090 0.6063 0.3748
505      505   (0)      5  : 0.0230 0.0940 0.0030 0.2787 0.6013
506      506   (0)      5  : 0.0050 0.0030 0.0090 0.5965 0.3865
507      507   (0)      6  : 0.0040 0.3010 0.0030 0.0060 0.6860
508      508   (0)      6  : 0.0030 0.3406 0.0030 0.0167 0.6368
509      509   (0)      6  : 0.0040 0.3819 0.0050 0.0080 0.6011
510      510   (0)      6  : 0.0090 0.4950 0.0240 0.0140 0.4580
511      511   (0)      6  : 0.0040 0.5910 0.0060 0.0070 0.3920
512      512   (0)      6  : 0.0150 0.5295 0.0060 0.0220 0.4274
513      513   (0)      6  : 0.0070 0.4325 0.0050 0.0147 0.5408
514      514   (0)      6  : 0.0090 0.4745 0.0030 0.0090 0.5045
515      515   (0)      6  : 0.0130 0.4137 0.0030 0.0150 0.5553
516      516   (0)      6  : 0.0030 0.5170 0.0030 0.0040 0.4730
517      517   (0)      6  : 0.0080 0.3983 0.0077 0.0040 0.5820
518      518   (0)      6  : 0.0040 0.4248 0.0040 0.0070 0.5602
519      519   (0)      6  : 0.0030 0.5025 0.0030 0.0030 0.4885
520      520   (0)      6  : 0.0213 0.3915 0.0050 0.0333 0.5488
521      521   (0)      6  : 0.0080 0.3694 0.0020 0.0030 0.6176
522      522   (0)      6  : 0.0020 0.3855 0.0060 0.0040 0.6025
523      523   (0)      6  : 0.0030 0.5604 0.0030 0.0040 0.4296
524      524   (0)      6  : 0.0200 0.6258 0.0070 0.0103 0.3369
525      525   (0)      6  : 0.0616 0.4968 0.0110 0.0330 0.3975
526      526   (0)      6  : 0.0050 0.7025 0.0040 0.0143 0.2742
527      527   (0)      6  : 0.0280 0.3763 0.0747 0.0090 0.5120
528      528   (0)      6  : 0.0040 0.4010 0.0050 0.0080 0.5820
529      529   (0)      6  : 0.0070 0.6118 0.0040 0.0040 0.3732
530      530   (0)      6  : 0.0030 0.4922 0.0040 0.0050 0.4958
531      531   (0)      6  : 0.0040 0.5884 0.0040 0.0040 0.3996
532      532   (0)      6  : 0.0060 0.4640 0.0040 0.0060 0.5200
533      533   (0)      6  : 0.0020 0.5377 0.0020 0.0030 0.4553
534      534   (0)      6  : 0.0040 0.5495 0.0040 0.0050 0.4376
535      535   (0)      6  : 0.0060 0.6466 0.0060 0.0060 0.3354
536      536   (0)      6  : 0.0040 0.4700 0.0040 0.0060 0.5160
537      537   (0)      6  : 0.0020 0.3392 0.0030 0.0033 0.6524
538      538   (0)      6  : 0.0080 0.6078 0.0040 0.0090 0.3712
539      539   (0)      6  : 0.0097 0.6065 0.0077 0.0270 0.3491
540      540   (0)      6  : 0.0040 0.4430 0.0030 0.0070 0.5430
541      541   (0)      6  : 0.0040 0.4006 0.0030 0.0090 0.5834
542      542   (0)      6  : 0.0070 0.5043 0.0060 0.0090 0.4737
543      543   (0)      6  : 0.0060 0.3900 0.0070 0.0140 0.5830
544      544   (0)      6  : 0.0030 0.5130 0.0050 0.0060 0.4730
545      545   (0)      6  : 0.0050 0.6317 0.0070 0.0740 0.2823
546      546   (0)      6  : 0.0030 0.5403 0.0040 0.0030 0.4497
547      547   (0)      6  : 0.0050 0.6668 0.0020 0.0040 0.3222
548      548   (0)      6  : 0.0040 0.5408 0.0040 0.0063 0.4448
549      549   (0)      6  : 0.0090 0.4835 0.0200 0.0120 0.4755
550      550   (0)      6  : 0.0040 0.5050 0.0040 0.0060 0.4810
551      551   (0)      6  : 0.0050 0.5502 0.0030 0.0100 0.4318
552      552   (0)      6  : 0.0063 0.4788 0.0040 0.0040 0.5068
553      553   (0)      6  : 0.0050 0.4270 0.0030 0.0040 0.5610
554      554   (0)      6  : 0.0040 0.5025 0.0030 0.0050 0.4855
555      555   (0)      6  : 0.1010 0.1290 0.0140 0.0170 0.7390
556      556   (0)      6  : 0.0040 0.5745 0.0060 0.0040 0.4115
557      557   (0)      6  : 0.0060 0.4436 0.0050 0.0070 0.5385
558      558   (0)      6  : 0.0030 0.5910 0.0030 0.0030 0.4000
559      559   (0)      6  : 0.0050 0.5323 0.0030 0.0050 0.4547
560      560   (0)      6  : 0.0070 0.5278 0.0050 0.0050 0.4552
561      561   (0)      6  : 0.0080 0.5380 0.0040 0.0080 0.4420
562      562   (0)      6  : 0.0050 0.5260 0.0040 0.0050 0.4600
563      563   (0)      6  : 0.0060 0.4513 0.0070 0.0050 0.5307
564      564   (0)      6  : 0.0030 0.3480 0.0033 0.0050 0.6407
565      565   (0)      6  : 0.0040 0.5135 0.0040 0.0130 0.4655
566      566   (0)      6  : 0.0130 0.5508 0.0093 0.0120 0.4149
567      567   (0)      6  : 0.0030 0.4350 0.0060 0.0050 0.5510
568      568   (0)      6  : 0.0090 0.4972 0.0030 0.0050 0.4858
569      569   (0)      6  : 0.0603 0.6570 0.0100 0.0100 0.2627
570      570   (0)      6  : 0.0050 0.3915 0.0030 0.0303 0.5702
571      571   (0)      6  : 0.0037 0.7268 0.0406 0.0080 0.2209
572      572   (0)      6  : 0.0040 0.4475 0.0033 0.0060 0.5392
573      573   (0)      6  : 0.0103 0.4380 0.0080 0.0060 0.5377
574      574   (0)      6  : 0.0060 0.4870 0.0040 0.0080 0.4950
575      575   (0)      6  : 0.0040 0.5190 0.0030 0.0040 0.4700
576      576   (0)      6  : 0.0070 0.5145 0.0100 0.0050 0.4635
577      577   (0)      6  : 0.0120 0.4694 0.0030 0.0090 0.5067
578      578   (0)      6  : 0.0070 0.4243 0.0290 0.0183 0.5213
579      579   (0)      6  : 0.0050 0.4267 0.0050 0.0060 0.5573
580      580   (0)      6  : 0.0050 0.4165 0.0030 0.0120 0.5635
581      581   (0)      6  : 0.0050 0.4396 0.0330 0.0070 0.5153
582      582   (0)      6  : 0.0030 0.5368 0.0047 0.0070 0.4485
583      583   (0)      6  : 0.0340 0.3682 0.0030 0.0694 0.5254
584      584   (0)      6  : 0.0097 0.3889 0.0030 0.0060 0.5925
585      585   (0)      6  : 0.0030 0.4995 0.0030 0.0030 0.4915
586      586   (0)      6  : 0.0050 0.5275 0.0090 0.0090 0.4496
587      587   (0)      6  : 0.0060 0.4612 0.0077 0.0060 0.5192
588      588   (0)      6  : 0.0070 0.5010 0.0050 0.0040 0.4830
589      589   (0)      6  : 0.0343 0.5738 0.0090 0.0180 0.3649
590      590   (0)      6  : 0.0030 0.5483 0.0020 0.0050 0.4417
591      591   (0)      6  : 0.0140 0.4093 0.0110 0.0100 0.5557
592      592   (0)      6  : 0.0040 0.6040 0.0040 0.0060 0.3820
593      593   (0)      6  : 0.0140 0.5604 0.0060 0.0080 0.4116
594      594   (0)      6  : 0.0030 0.4830 0.0030 0.0050 0.5060
595      595   (0)      6  : 0.0050 0.4675 0.0030 0.0070 0.5175
596      596   (0)      6  : 0.0170 0.4883 0.0090 0.0710 0.4147
597      597   (0)      6  : 0.0550 0.2343 0.0050 0.0260 0.6797
598      598   (0)      6  : 0.0090 0.3801 0.0097 0.0120 0.5892
599      599   (0)      6  : 0.0040 0.5170 0.0030 0.0040 0.4720
600      600   (0)      6  : 0.0080 0.5368 0.0050 0.0100 0.4402
601      601   (0)      6  : 0.0030 0.4112 0.0040 0.0030 0.5788
602      602   (0)      6  : 0.0030 0.3951 0.0030 0.0100 0.5889
603      603   (0)      6  : 0.0043 0.5772 0.0230 0.0070 0.3885
604      604   (0)      6  : 0.0050 0.6306 0.0100 0.0050 0.3494
605      605   (0)      6  : 0.0113 0.4962 0.0073 0.0160 0.4692
606      606   (0)      6  : 0.0100 0.4792 0.0060 0.0050 0.4998
607      607   (0)      7  : 0.0030 0.0030 0.5063 0.0030 0.4847
608      608   (0)      7  : 0.0090 0.0380 0.4192 0.0100 0.5238
609      609   (0)      7  : 0.0687 0.0097 0.2620 0.0100 0.6497
610      610   (0)      7  : 0.0050 0.0040 0.5806 0.0120 0.3984
611      611   (0)      7  : 0.0060 0.0073 0.5408 0.0050 0.4409
612      612   (0)      7  : 0.0060 0.0050 0.4260 0.0060 0.5570
613      613   (0)      7  : 0.0147 0.0090 0.5298 0.0080 0.4385
614      614   (0)      7  : 0.0050 0.0030 0.5748 0.0030 0.4142
615      615   (0)      7  : 0.0040 0.0060 0.4104 0.0050 0.5746
616      616   (0)      7  : 0.0080 0.0040 0.5913 0.0040 0.3927
617      617   (0)      7  : 0.0063 0.0050 0.5555 0.0053 0.4278
618      618   (0)      7  : 0.0070 0.0050 0.5213 0.0090 0.4577
619      619   (0)      7  : 0.0070 0.0043 0.4572 0.0090 0.5225
620      620   (0)      7  : 0.0190 0.0050 0.5763 0.0090 0.3907
621      621   (0)      7  : 0.0030 0.0060 0.4117 0.0047 0.5746
622      622   (0)      7  : 0.0357 0.0040 0.5253 0.0090 0.4260
623      623   (0)      7  : 0.0090 0.0060 0.3410 0.0040 0.6400
624      624   (0)      7  : 0.0060 0.0030 0.5120 0.0070 0.4720
625      625   (0)      7  : 0.0050 0.0043 0.4625 0.0040 0.5242
626      626   (0)      7  : 0.0030 0.0037 0.4341 0.0050 0.5542
627      627   (0)      7  : 0.0030 0.0040 0.4595 0.0040 0.5295
628      628   (0)      7  : 0.0110 0.0070 0.5823 0.0050 0.3947
629      629   (0)      7  : 0.0240 0.0040 0.4780 0.0040 0.4900
630      630   (0)      7  : 0.0040 0.0070 0.4474 0.0414 0.5002
631      631   (0)      7  : 0.0030 0.0020 0.3253 0.0040 0.6657
632      632   (0)      7  : 0.0070 0.0317 0.5183 0.0457 0.3973
633      633   (0)      7  : 0.0190 0.0080 0.4960 0.0060 0.4710
634      634   (0)      7  : 0.0130 0.0050 0.3890 0.0290 0.5640
635      635   (0)      7  : 0.0200 0.0040 0.4712 0.0050 0.4998
636      636   (0)      7  : 0.0030 0.0033 0.5018 0.0030 0.4888
637      637   (0)      7  : 0.0060 0.0040 0.3971 0.0040 0.5889
638      638   (0)      7  : 0.0090 0.0090 0.3586 0.0050 0.6184
639      639   (0)      7  : 0.0040 0.0020 0.6510 0.0030 0.3400
640      640   (0)      7  : 0.0293 0.0040 0.1507 0.0100 0.8060
641      641   (0)      7  : 0.0050 0.0120 0.5648 0.0060 0.4122
642      642   (0)      7  : 0.0070 0.0030 0.5325 0.0040 0.4535
643      643   (0)      7  : 0.0917 0.0050 0.4443 0.0110 0.4480
644      644   (0)      7  : 0.0100 0.0110 0.4678 0.0090 0.5022
645      645   (0)      7  : 0.0040 0.0030 0.4064 0.0040 0.5826
646      646   (0)      7  : 0.0040 0.0050 0.4850 0.0030 0.5030
647      647   (0)      7  : 0.0110 0.0080 0.4448 0.0040 0.5322
648      648   (0)      7  : 0.0060 0.0030 0.7880 0.0070 0.1960
649      649   (0)      7  : 0.0050 0.0050 0.5258 0.0040 0.4602
650      650   (0)      7  : 0.0060 0.0023 0.5138 0.0040 0.4738
651      651   (0)      7  : 0.0050 0.0040 0.4810 0.0100 0.5000
652      652   (0)      7  : 0.0060 0.0100 0.5968 0.0040 0.3832
653      653   (0)      7  : 0.0519 0.0050 0.5256 0.0902 0.3272
654      654   (0)      7  : 0.0070 0.0040 0.6020 0.0173 0.3697
655      655   (0)      7  : 0.0030 0.0173 0.4370 0.0160 0.5267
656      656   (0)      7  : 0.0080 0.0030 0.4717 0.0060 0.5113
657      657   (0)      7  : 0.0123 0.0040 0.4242 0.0050 0.5545
658      658   (0)      7  : 0.0070 0.0020 0.3881 0.0047 0.5982
659      659   (0)      7  : 0.0070 0.0030 0.5202 0.0067 0.4632
660      660   (0)      7  : 0.0040 0.0030 0.6828 0.0050 0.3052
661      661   (0)      7  : 0.0163 0.0090 0.5380 0.0067 0.4300
662      662   (0)      7  : 0.0040 0.0030 0.5710 0.0030 0.4190
663      663   (0)      7  : 0.0030 0.0020 0.5707 0.0023 0.4220
664      664   (0)      7  : 0.0120 0.0070 0.5864 0.0050 0.3896
665      665   (0)      7  : 0.0067 0.0040 0.5280 0.0190 0.4423
666      666   (0)      7  : 0.0040 0.0050 0.4588 0.0090 0.5232
667      667   (0)      7  : 0.0090 0.0030 0.4242 0.0070 0.5568
668      668   (0)      7  : 0.0050 0.0070 0.5233 0.0050 0.4597
669      669   (0)      7  : 0.0090 0.0040 0.4855 0.0070 0.4945
670      670   (0)      7  : 0.2267 0.0040 0.3733 0.0050 0.3910
671      671   (0)      7  : 0.1753 0.0160 0.4169 0.0260 0.3659
672      672   (0)      7  : 0.0100 0.0030 0.6916 0.0080 0.2874
673      673   (0)      7  : 0.0170 0.0190 0.4582 0.0120 0.4938
674      674   (0)      7  : 0.0130 0.0040 0.5150 0.0140 0.4540
675      675   (0)      7  : 0.0040 0.0200 0.5530 0.0130 0.4100
676      676   (0)      7  : 0.0120 0.0080 0.5025 0.0130 0.4645
677      677   (0)      7  : 0.0140 0.0050 0.3835 0.0220 0.5755
678      678   (0)      7  : 0.0040 0.0070 0.5510 0.0070 0.4310
679      679   (0)      7  : 0.0220 0.0040 0.4069 0.0060 0.5611
680      680   (0)      7  : 0.0060 0.0120 0.5182 0.0040 0.4598
681      681   (0)      7  : 0.0037 0.0050 0.4893 0.0050 0.4970
682      682   (0)      7  : 0.0140 0.0030 0.5978 0.0050 0.3802
683      683   (0)      7  : 0.0030 0.0030 0.6310 0.0030 0.3600
684      684   (0)      7  : 0.0080 0.0060 0.5910 0.0090 0.3860
685      685   (0)      7  : 0.0040 0.0060 0.4198 0.0050 0.5652
686      686   (0)      7  : 0.0050 0.0040 0.4595 0.0060 0.5255
687      687   (0)      7  : 0.0140 0.0110 0.4815 0.0110 0.4825
688      688   (0)      7  : 0.0110 0.0110 0.5060 0.0340 0.4380
689      689   (0)      7  : 0.0040 0.0080 0.5654 0.0060 0.4166
690      690   (0)      7  : 0.0040 0.0040 0.5290 0.0040 0.4590
691      691   (0)      7  : 0.0060 0.0030 0.4678 0.0053 0.5178
692      692   (0)      7  : 0.0127 0.0050 0.6376 0.0060 0.3388
693      693   (0)      7  : 0.0070 0.0050 0.6060 0.0030 0.3790
694      694   (0)      7  : 0.0020 0.0030 0.5117 0.0037 0.4797
695      695   (0)      7  : 0.0040 0.0030 0.4221 0.0040 0.5669
696      696   (0)      7  : 0.0070 0.0040 0.4260 0.0130 0.5500
697      697   (0)      7  : 0.0050 0.0090 0.4635 0.0170 0.5055
698      698   (0)      7  : 0.0077 0.0040 0.4892 0.0090 0.4902
699      699   (0)      7  : 0.0077 0.0070 0.4301 0.0050 0.5502
700      700   (0)      7  : 0.0040 0.0040 0.6616 0.0080 0.3225
701      701   (0)      7  : 0.0403 0.0060 0.4185 0.0140 0.5212
702      702   (0)      7  : 0.0050 0.0060 0.5536 0.0050 0.4304
703      703   (0)      7  : 0.0050 0.0040 0.4683 0.0080 0.5147
704      704   (0)      7  : 0.0050 0.0040 0.4430 0.0043 0.5437
705      705   (0)      7  : 0.0050 0.0070 0.3947 0.0080 0.5853
706      706   (0)      7  : 0.0090 0.0050 0.5873 0.0127 0.3860
707      707   (0)      8  : 0.3700 0.0030 0.0080 0.0040 0.6150
708      708   (0)      8  : 0.5137 0.0040 0.0030 0.0040 0.4753
709      709   (0)      8  : 0.5428 0.0040 0.0040 0.0050 0.4442
710      710   (0)      8  : 0.4349 0.0060 0.0040 0.0093 0.5458
711      711   (0)      8  : 0.5669 0.0050 0.0060 0.0070 0.4151
712      712   (0)      8  : 0.5180 0.0020 0.0030 0.0040 0.4730
713      713   (0)      8  : 0.5353 0.0137 0.0140 0.0110 0.4260
714      714   (0)      8  : 0.5520 0.0110 0.0080 0.0070 0.4220
715      715   (0)      8  : 0.5235 0.0030 0.0060 0.0100 0.4575
716      716   (0)      8  : 0.5590 0.0040 0.0113 0.0123 0.4133
717      717   (0)      8  : 0.4990 0.0060 0.0030 0.0070 0.4850
718      718   (0)      8  : 0.5924 0.0130 0.0100 0.0120 0.3726
719      719   (0)      8  : 0.4978 0.0043 0.0270 0.0223 0.4485
720      720   (0)      8  : 0.3980 0.0100 0.0060 0.0100 0.5760
721      721   (0)      8  : 0.4350 0.0030 0.0040 0.0070 0.5510
722      722   (0)      8  : 0.4738 0.0030 0.0040 0.0090 0.5102
723      723   (0)      8  : 0.4445 0.0120 0.0290 0.0470 0.4675
724      724   (0)      8  : 0.6294 0.0030 0.0040 0.0160 0.3476
725      725   (0)      8  : 0.4640 0.0060 0.0040 0.0117 0.5143
726      726   (0)      8  : 0.3043 0.0030 0.0120 0.0060 0.6747
727      727   (0)      8  : 0.5382 0.0133 0.0030 0.0080 0.4375
728      728   (0)      8  : 0.6770 0.0050 0.0040 0.0050 0.3090
729      729   (0)      8  : 0.4174 0.0060 0.0050 0.0270 0.5445
730      730   (0)      8  : 0.4987 0.0240 0.0040 0.0230 0.4503
731      731   (0)      8  : 0.4760 0.0050 0.0050 0.0070 0.5070
732      732   (0)      8  : 0.3857 0.0090 0.0140 0.0423 0.5490
733      733   (0)      8  : 0.5286 0.0047 0.0050 0.0130 0.4487
734      734   (0)      8  : 0.5602 0.0040 0.0190 0.0080 0.4087
735      735   (0)      8  : 0.5960 0.0040 0.0040 0.0090 0.3870
736      736   (0)      8  : 0.4230 0.0180 0.0100 0.0160 0.5330
737      737   (0)      8  : 0.6710 0.0040 0.0080 0.0090 0.3080
738      738   (0)      8  : 0.5761 0.0030 0.0030 0.0080 0.4099
739      739   (0)      8  : 0.5238 0.0040 0.0030 0.0040 0.4652
740      740   (0)      8  : 0.4030 0.0050 0.0090 0.0060 0.5770
741      741   (0)      8  : 0.5163 0.0040 0.0370 0.0080 0.4347
742      742   (0)      8  : 0.3164 0.0030 0.0110 0.0233 0.6462
743      743   (0)      8  : 0.4775 0.0050 0.0170 0.0070 0.4935
744      744   (0)      8  : 0.4063 0.0210 0.0070 0.0417 0.5240
745      745   (0)      8  : 0.5280 0.0050 0.0050 0.0090 0.4530
746      746   (0)      8  : 0.6359 0.0040 0.0070 0.0080 0.3451
747      747   (0)      8  : 0.4938 0.0050 0.0110 0.0130 0.4772
748      748   (0)      8  : 0.7169 0.0100 0.0057 0.0137 0.2537
749      749   (0)      8  : 0.4443 0.0080 0.0200 0.0097 0.5180
750      750   (0)      8  : 0.4445 0.0167 0.0030 0.0160 0.5198
751      751   (0)      8  : 0.4825 0.0387 0.0050 0.0050 0.4688
752      752   (0)      8  : 0.4142 0.0040 0.0090 0.0060 0.5668
753      753   (0)      8  : 0.4820 0.0040 0.0080 0.0070 0.4990
754      754   (0)      8  : 0.4476 0.0310 0.0040 0.0040 0.5133
755      755   (0)      8  : 0.3767 0.0090 0.0100 0.0100 0.5943
756      756   (0)      8  : 0.5035 0.0060 0.0070 0.0070 0.4765
757      757   (0)      8  : 0.6304 0.0030 0.0030 0.0050 0.3586
758      758   (0)      8  : 0.3937 0.0080 0.0060 0.0130 0.5793
759      759   (0)      8  : 0.1819 0.0397 0.0190 0.0253 0.7341
760      760   (0)      8  : 0.5047 0.0047 0.0090 0.0040 0.4777
761      761   (0)      8  : 0.6148 0.0060 0.0040 0.0180 0.3572
762      762   (0)      8  : 0.5843 0.0070 0.0060 0.0080 0.3947
763      763   (0)      8  : 0.4027 0.0030 0.0080 0.0087 0.5776
764      764   (0)      8  : 0.4056 0.0090 0.0070 0.0120 0.5664
765      765   (0)      8  : 0.6404 0.0220 0.0040 0.0090 0.3245
766      766   (0)      8  : 0.5233 0.0070 0.0040 0.0153 0.4503
767      767   (0)      8  : 0.5147 0.0070 0.0083 0.0220 0.4480
768      768   (0)      8  : 0.4483 0.0060 0.0430 0.0110 0.4917
769      769   (0)      8  : 0.5809 0.0060 0.0060 0.0040 0.4031
770      770   (0)      8  : 0.5712 0.0030 0.0060 0.0037 0.4161
771      771   (0)      8  : 0.4167 0.0100 0.0053 0.0363 0.5317
772      772   (0)      8  : 0.5823 0.0030 0.0230 0.0060 0.3857
773      773   (0)      8  : 0.6591 0.0050 0.0040 0.0040 0.3279
774      774   (0)      8  : 0.5936 0.0050 0.0110 0.0070 0.3834
775      775   (0)      8  : 0.5475 0.0030 0.0100 0.0070 0.4326
776      776   (0)      8  : 0.6688 0.0030 0.0030 0.0040 0.3212
777      777   (0)      8  : 0.4997 0.0100 0.0030 0.0067 0.4807
778      778   (0)      8  : 0.6288 0.0050 0.0060 0.0060 0.3542
779      779   (0)      8  : 0.4987 0.0040 0.0040 0.0050 0.4883
780      780   (0)      8  : 0.4300 0.0210 0.0040 0.0150 0.5300
781      781   (0)      8  : 0.3707 0.0103 0.0030 0.0107 0.6053
782      782   (0)      8  : 0.4495 0.0057 0.0060 0.0070 0.5318
783      783   (0)      8  : 0.5450 0.0110 0.0030 0.0150 0.4260
784      784   (0)      8  : 0.4160 0.0050 0.0070 0.0040 0.5680
785      785   (0)      8  : 0.5562 0.0050 0.0040 0.0050 0.4298
786      786   (0)      8  : 0.6000 0.0040 0.0050 0.0060 0.3850
787      787   (0)      8  : 0.2964 0.0120 0.0193 0.0470 0.6252
788      788   (0)      8  : 0.5438 0.0050 0.0273 0.0080 0.4159
789      789   (0)      8  : 0.2592 0.0160 0.0040 0.2005 0.5203
790      790   (0)      8  : 0.3971 0.0380 0.0137 0.0190 0.5322
791      791   (0)      8  : 0.4041 0.0060 0.0273 0.0260 0.5365
792      792   (0)      8  : 0.4350 0.0050 0.0030 0.0090 0.5480
793      793   (0)      8  : 0.4782 0.0050 0.0040 0.0313 0.4815
794      794   (0)      8  : 0.4670 0.0220 0.0823 0.0130 0.4157
795      795   (0)      8  : 0.5272 0.0050 0.0040 0.0067 0.4572
796      796   (0)      8  : 0.5340 0.0070 0.0190 0.0210 0.4190
797      797   (0)      8  : 0.6048 0.0030 0.0067 0.0050 0.3805
798      798   (0)      8  : 0.3353 0.0713 0.0110 0.0230 0.5593
799      799   (0)      8  : 0.4260 0.0050 0.0150 0.0100 0.5440
800      800   (0)      8  : 0.5698 0.0030 0.0060 0.0140 0.4072
801      801   (0)      8  : 0.4281 0.0030 0.0180 0.0080 0.5428
802      802   (0)      8  : 0.5497 0.0050 0.0060 0.0030 0.4363
803      803   (0)      8  : 0.3009 0.0040 0.0033 0.0427 0.6491
804      804   (0)      8  : 0.7190 0.0130 0.0100 0.0080 0.2500
805      805   (0)      8  : 0.4555 0.0090 0.0533 0.0546 0.4275
806      806   (0)      8  : 0.1790 0.0030 0.0070 0.0140 0.7970
807      807   (0)      9  : 0.0140 0.0050 0.0270 0.9400 0.0140
808      808   (0)      9  : 0.1840 0.0050 0.0060 0.7760 0.0290
809      809   (0)     10  : 0.0180 0.0200 0.0170 0.8709 0.0741
810      810   (0)     10  : 0.0070 0.1390 0.0030 0.4727 0.3783
811      811   (0)     10  : 0.0050 0.0077 0.0053 0.9640 0.0180
812      812   (0)     10  : 0.0190 0.2054 0.0040 0.7336 0.0380
813      813   (0)     10  : 0.0050 0.0060 0.0040 0.8782 0.1068
814      814   (0)     10  : 0.0183 0.0407 0.0070 0.8597 0.0743
815      815   (0)     10  : 0.0050 0.0060 0.0040 0.9517 0.0333
816      816   (0)     10  : 0.0137 0.0643 0.0030 0.6790 0.2400
817      817   (0)     10  : 0.0070 0.0593 0.0030 0.5188 0.4119
818      818   (0)     10  : 0.0180 0.0077 0.0080 0.9280 0.0383
819      819   (0)     10  : 0.1597 0.0070 0.0060 0.7127 0.1147
820      820   (0)     10  : 0.0070 0.0080 0.0070 0.7348 0.2432
821      821   (0)     10  : 0.0140 0.1675 0.0070 0.5963 0.2152
822      822   (0)     10  : 0.0300 0.0233 0.0030 0.8240 0.1197
823      823   (0)     10  : 0.0030 0.0470 0.0050 0.8450 0.1000
824      824   (0)     10  : 0.0057 0.0050 0.0030 0.7194 0.2669
825      825   (0)     10  : 0.0090 0.0040 0.0040 0.5365 0.4466
826      826   (0)     10  : 0.0897 0.0110 0.0180 0.8429 0.0383
827      827   (0)     10  : 0.0060 0.0150 0.0117 0.6980 0.2693
828      828   (0)     10  : 0.0060 0.0050 0.0100 0.7332 0.2458
829      829   (0)     10  : 0.0060 0.0040 0.0080 0.8790 0.1030
830      830   (0)     10  : 0.0060 0.0160 0.0110 0.8271 0.1400
831      831   (0)     10  : 0.0310 0.0133 0.0050 0.7521 0.1986
832      832   (0)     10  : 0.0110 0.0150 0.0070 0.7731 0.1939
833      833   (0)     10  : 0.0110 0.0560 0.0040 0.6101 0.3189
834      834   (0)     10  : 0.0050 0.0220 0.0070 0.9560 0.0100
835      835   (0)     10  : 0.0130 0.0120 0.0090 0.8632 0.1027
836      836   (0)     10  : 0.0040 0.0030 0.0030 0.7693 0.2207
837      837   (0)     10  : 0.0526 0.0080 0.0220 0.6980 0.2194
838      838   (0)     10  : 0.0060 0.0110 0.0100 0.8401 0.1329
839      839   (0)     10  : 0.0110 0.0270 0.0100 0.9051 0.0470
840      840   (0)     10  : 0.0117 0.0130 0.0060 0.9523 0.0170
841      841   (0)     10  : 0.0217 0.0090 0.0160 0.8754 0.0779
842      842   (0)     10  : 0.0190 0.0083 0.0170 0.6514 0.3042
843      843   (0)     10  : 0.0060 0.0097 0.0040 0.8430 0.1373
844      844   (0)     10  : 0.0220 0.0640 0.0030 0.7043 0.2067
845      845   (0)     10  : 0.0060 0.0090 0.0070 0.9640 0.0140
846      846   (0)     10  : 0.0080 0.0067 0.0080 0.8046 0.1727
847      847   (0)     10  : 0.0220 0.0090 0.0060 0.8061 0.1569
848      848   (0)     10  : 0.0030 0.1742 0.0050 0.8128 0.0050
849      849   (0)     10  : 0.0090 0.0070 0.0060 0.9297 0.0483
850      850   (0)     10  : 0.0040 0.0060 0.0040 0.8099 0.1761
851      851   (0)     10  : 0.0060 0.0200 0.0030 0.8137 0.1573
852      852   (0)     10  : 0.0040 0.0100 0.0170 0.8306 0.1384
853      853   (0)     10  : 0.0050 0.0040 0.0040 0.9713 0.0157
854      854   (0)     10  : 0.0110 0.0130 0.0050 0.9610 0.0100
855      855   (0)     10  : 0.0030 0.0240 0.0030 0.9014 0.0686
856      856   (0)     10  : 0.0200 0.0170 0.0040 0.6818 0.2772
857      857   (0)     10  : 0.0113 0.1376 0.0060 0.4982 0.3469
858      858   (0)     10  : 0.0050 0.0050 0.0040 0.7915 0.1945
859      859   (0)     10  : 0.0070 0.0060 0.0080 0.9480 0.0310
860      860   (0)     10  : 0.0030 0.0333 0.0083 0.8367 0.1186
861      861   (0)     10  : 0.0090 0.0060 0.0090 0.9720 0.0040
862      862   (0)     10  : 0.0050 0.0060 0.0117 0.7167 0.2607
863      863   (0)     10  : 0.0130 0.0546 0.0563 0.7445 0.1316
864      864   (0)     10  : 0.0183 0.0714 0.0473 0.8093 0.0537
865      865   (0)     10  : 0.0190 0.0340 0.0050 0.5147 0.4273
866      866   (0)     10  : 0.0060 0.0227 0.0040 0.8243 0.1430
867      867   (0)     10  : 0.0070 0.0080 0.0040 0.8277 0.1533
868      868   (0)     10  : 0.0070 0.0310 0.0213 0.9226 0.0180
869      869   (0)     10  : 0.0030 0.0167 0.0030 0.6643 0.3130
870      870   (0)     10  : 0.0110 0.0030 0.0050 0.5475 0.4336
871      871   (0)     10  : 0.0740 0.0070 0.0203 0.6758 0.2228
872      872   (0)     10  : 0.0190 0.0876 0.0130 0.8257 0.0546
873      873   (0)     10  : 0.0100 0.0050 0.0120 0.6542 0.3188
874      874   (0)     10  : 0.0070 0.0090 0.0050 0.9220 0.0570
875      875   (0)     10  : 0.0050 0.0250 0.0050 0.7291 0.2359
876      876   (0)     10  : 0.0160 0.0060 0.0040 0.7800 0.1940
877      877   (0)     10  : 0.0163 0.0763 0.0090 0.8590 0.0393
878      878   (0)     10  : 0.0524 0.0820 0.0160 0.8346 0.0150
879      879   (0)     10  : 0.0180 0.0160 0.0070 0.7095 0.2495
880      880   (0)     10  : 0.0040 0.0170 0.0030 0.8293 0.1467
881      881   (0)     10  : 0.0030 0.0030 0.0140 0.9690 0.0110
882      882   (0)     10  : 0.0080 0.0220 0.0050 0.9200 0.0450
883      883   (0)     10  : 0.0440 0.0607 0.1153 0.3303 0.4497
884      884   (0)     10  : 0.0060 0.0103 0.0060 0.7611 0.2166
885      885   (0)     10  : 0.0270 0.0050 0.0040 0.9500 0.0140
886      886   (0)     10  : 0.0220 0.0413 0.0050 0.7699 0.1617
887      887   (0)     10  : 0.0270 0.0153 0.0090 0.7923 0.1564
888      888   (0)     10  : 0.0050 0.0100 0.0030 0.7962 0.1858
889      889   (0)     10  : 0.0050 0.0050 0.0050 0.9367 0.0483
890      890   (0)     10  : 0.1342 0.0340 0.0107 0.4617 0.3594
891      891   (0)     10  : 0.0533 0.0120 0.0253 0.5475 0.3619
892      892   (0)     10  : 0.0643 0.0480 0.1633 0.6698 0.0546
893      893   (0)     10  : 0.0100 0.0280 0.0237 0.5973 0.3410
894      894   (0)     10  : 0.0140 0.0353 0.0100 0.8059 0.1349
895      895   (0)     10  : 0.0140 0.1495 0.0040 0.4661 0.3664
896      896   (0)     10  : 0.0040 0.0080 0.0090 0.7054 0.2736
897      897   (0)     10  : 0.0140 0.0080 0.0070 0.7541 0.2169
898      898   (0)     10  : 0.0040 0.0060 0.0070 0.8473 0.1357
899      899   (0)     10  : 0.0060 0.0100 0.0040 0.6463 0.3337
900      900   (0)     10  : 0.0030 0.0170 0.0030 0.7373 0.2397
901      901   (0)     10  : 0.0200 0.0067 0.0040 0.6957 0.2737
902      902   (0)     10  : 0.0110 0.0060 0.0130 0.7423 0.2277
903      903   (0)     10  : 0.0243 0.0110 0.0050 0.9417 0.0180
904      904   (0)     10  : 0.0100 0.0060 0.0220 0.6765 0.2855
905      905   (0)     10  : 0.0060 0.0143 0.0060 0.9586 0.0150
906      906   (0)     10  : 0.0070 0.0050 0.0100 0.9730 0.0050
907      907   (0)     10  : 0.1903 0.0060 0.0170 0.7717 0.0150
908      908   (0)     10  : 0.0080 0.0080 0.0040 0.8433 0.1367
909      909   (0)     11  : 0.0050 0.0040 0.0600 0.9184 0.0127
910      910   (0)     11  : 0.0130 0.0050 0.0110 0.7367 0.2343
911      911   (0)     11  : 0.0586 0.0736 0.0700 0.7857 0.0120
912      912   (0)     11  : 0.0120 0.0080 0.0080 0.9133 0.0587
913      913   (0)     11  : 0.0110 0.0070 0.0050 0.5878 0.3892
914      914   (0)     11  : 0.0080 0.0030 0.0050 0.5966 0.3874
915      915   (0)     11  : 0.0080 0.0070 0.0040 0.8567 0.1243
916      916   (0)     11  : 0.0060 0.0030 0.0060 0.4917 0.4933
917      917   (0)     11  : 0.0300 0.0060 0.0373 0.7409 0.1857
918      918   (0)     11  : 0.0230 0.0100 0.0367 0.6793 0.2510
919      919   (0)     11  : 0.0100 0.0090 0.0110 0.7280 0.2420
920      920   (0)     11  : 0.0590 0.0363 0.0140 0.7877 0.1030
921      921   (0)     11  : 0.0110 0.0180 0.0050 0.9620 0.0040
922      922   (0)     11  : 0.0040 0.0030 0.0050 0.6810 0.3070
923      923   (0)     11  : 0.0110 0.0100 0.0080 0.7232 0.2477
924      924   (0)     11  : 0.0050 0.0220 0.0030 0.8173 0.1527
925      925   (0)     11  : 0.0220 0.0053 0.0323 0.5440 0.3963
926      926   (0)     11  : 0.0507 0.0267 0.0103 0.6127 0.2997
927      927   (0)     11  : 0.0120 0.0070 0.0090 0.9437 0.0283
928      928   (0)     11  : 0.0100 0.0030 0.0050 0.5576 0.4244
929      929   (0)     11  : 0.0050 0.0030 0.0063 0.8077 0.1780
930      930   (0)     11  : 0.0150 0.0040 0.0080 0.6870 0.2860
931      931   (0)     11  : 0.0170 0.0030 0.0040 0.7312 0.2448
932      932   (0)     11  : 0.0070 0.0080 0.0230 0.9370 0.0250
933      933   (0)     11  : 0.0060 0.0870 0.0090 0.6483 0.2497
934      934   (0)     11  : 0.0397 0.0227 0.0070 0.6320 0.2987
935      935   (0)     11  : 0.0080 0.0050 0.0110 0.9380 0.0380
936      936   (0)     11  : 0.0100 0.0030 0.0060 0.8777 0.1033
937      937   (0)     11  : 0.0100 0.0040 0.0170 0.9227 0.0463
938      938   (0)     11  : 0.0040 0.0060 0.0107 0.6828 0.2966
939      939   (0)     11  : 0.0080 0.0050 0.0050 0.9557 0.0263
940      940   (0)     11  : 0.0400 0.0090 0.0763 0.7334 0.1413
941      941   (0)     11  : 0.0130 0.0050 0.0080 0.4805 0.4935
942      942   (0)     11  : 0.0060 0.0040 0.0040 0.9630 0.0230
943      943   (0)     11  : 0.0313 0.0160 0.0140 0.7221 0.2166
944      944   (0)     11  : 0.0280 0.0080 0.0250 0.9310 0.0080
945      945   (0)     11  : 0.5963 0.0150 0.0040 0.1563 0.2283
946      946   (0)     11  : 0.0230 0.0160 0.0160 0.8601 0.0849
947      947   (0)     11  : 0.0060 0.0020 0.0090 0.9660 0.0170
948      948   (0)     11  : 0.0110 0.0040 0.0170 0.6520 0.3160
949      949   (0)     11  : 0.0430 0.0173 0.0293 0.6078 0.3026
950      950   (0)     11  : 0.0380 0.0180 0.0140 0.8956 0.0344
951      951   (0)     11  : 0.0050 0.0256 0.0200 0.7795 0.1699
952      952   (0)     11  : 0.0073 0.0030 0.0060 0.8223 0.1614
953      953   (0)     11  : 0.0200 0.0120 0.0070 0.5650 0.3960
954      954   (0)     11  : 0.0060 0.0120 0.0030 0.8007 0.1783
955      955   (0)     11  : 0.0040 0.0040 0.0100 0.6080 0.3740
956      956   (0)     11  : 0.0050 0.0040 0.0624 0.7943 0.1344
957      957   (0)     11  : 0.0140 0.0190 0.0060 0.5567 0.4043
958      958   (0)     11  : 0.0103 0.0380 0.0300 0.8153 0.1064
959      959   (0)     11  : 0.0050 0.0050 0.0664 0.7332 0.1905
960      960   (0)     11  : 0.0543 0.0040 0.0070 0.9190 0.0157
961      961   (0)     11  : 0.0250 0.0050 0.0266 0.6885 0.2548
962      962   (0)     11  : 0.0080 0.0080 0.0220 0.7124 0.2496
963      963   (0)     11  : 0.0110 0.0260 0.0030 0.9560 0.0040
964      964   (0)     11  : 0.0100 0.0050 0.0070 0.8410 0.1370
965      965   (0)     11  : 0.0893 0.0040 0.0040 0.7754 0.1273
966      966   (0)     11  : 0.0260 0.0090 0.0180 0.9229 0.0240
967      967   (0)     11  : 0.0120 0.0060 0.0210 0.9520 0.0090
968      968   (0)     11  : 0.0220 0.0040 0.0510 0.8720 0.0510
969      969   (0)     11  : 0.0310 0.0040 0.0090 0.9224 0.0337
970      970   (0)     11  : 0.0280 0.0030 0.0260 0.5505 0.3925
971      971   (0)     11  : 0.0100 0.0070 0.0130 0.8850 0.0850
972      972   (0)     11  : 0.0477 0.0030 0.0190 0.9037 0.0267
973      973   (0)     11  : 0.0060 0.0120 0.0070 0.7920 0.1830
974      974   (0)     11  : 0.0050 0.0040 0.0090 0.6924 0.2896
975      975   (0)     11  : 0.0093 0.0050 0.0080 0.7230 0.2547
976      976   (0)     11  : 0.0583 0.0090 0.0586 0.7904 0.0836
977      977   (0)     11  : 0.0100 0.0040 0.0110 0.8448 0.1302
978      978   (0)     11  : 0.0060 0.0040 0.0180 0.9630 0.0090
979      979   (0)     11  : 0.0050 0.0110 0.0050 0.7891 0.1899
980      980   (0)     11  : 0.0140 0.0030 0.0080 0.8030 0.1720
981      981   (0)     11  : 0.0153 0.0160 0.0040 0.7616 0.2031
982      982   (0)     11  : 0.0190 0.0020 0.0060 0.9520 0.0210
983      983   (0)     11  : 0.0187 0.0127 0.0090 0.6967 0.2630
984      984   (0)     11  : 0.0070 0.0070 0.0060 0.7965 0.1835
985      985   (0)     11  : 0.0090 0.0090 0.0040 0.5761 0.4019
986      986   (0)     11  : 0.0157 0.0030 0.0343 0.9330 0.0140
987      987   (0)     11  : 0.0093 0.0043 0.0163 0.7806 0.1894
988      988   (0)     11  : 0.0090 0.0050 0.0090 0.6898 0.2872
989      989   (0)     11  : 0.0170 0.0850 0.0050 0.7591 0.1340
990      990   (0)     11  : 0.0100 0.0080 0.0120 0.7162 0.2538
991      991   (0)     11  : 0.0050 0.0030 0.0040 0.7022 0.2858
992      992   (0)     11  : 0.0100 0.0110 0.0120 0.6163 0.3507
993      993   (0)     11  : 0.5202 0.0177 0.0030 0.0493 0.4099
994      994   (0)     11  : 0.0250 0.0040 0.0090 0.7020 0.2600
995      995   (0)     11  : 0.0130 0.0110 0.0650 0.6846 0.2264
996      996   (0)     11  : 0.0090 0.0333 0.0657 0.7596 0.1324
997      997   (0)     11  : 0.0070 0.0040 0.0294 0.9446 0.0150
998      998   (0)     11  : 0.0303 0.0060 0.0110 0.8640 0.0887
999      999   (0)     11  : 0.0120 0.0080 0.0107 0.8184 0.1509
1000     1000   (0)     11  : 0.0403 0.0030 0.0320 0.5380 0.3867
1001     1001   (0)     11  : 0.0083 0.0270 0.0050 0.9200 0.0397
1002     1002   (0)     11  : 0.0070 0.0050 0.0110 0.9174 0.0596
1003     1003   (0)     11  : 0.0247 0.1937 0.0473 0.6973 0.0370
1004     1004   (0)     11  : 0.0080 0.0050 0.0150 0.5487 0.4233
1005     1005   (0)     11  : 0.0210 0.0030 0.0384 0.6011 0.3366
1006     1006   (0)     11  : 0.0130 0.0050 0.0347 0.9043 0.0430
1007     1007   (0)     11  : 0.0910 0.0040 0.0170 0.2728 0.6152
1008     1008   (0)     11  : 0.0200 0.1290 0.0080 0.8196 0.0233
1009     1009   (0)     12  : 0.0110 0.8492 0.0090 0.0060 0.1247
1010     1010   (0)     12  : 0.0060 0.6832 0.0050 0.0070 0.2988
1011     1011   (0)     12  : 0.0030 0.6116 0.0030 0.0070 0.3754
1012     1012   (0)     12  : 0.0040 0.9030 0.0020 0.0030 0.0880
1013     1013   (0)     12  : 0.0020 0.8843 0.0020 0.0030 0.1087
1014     1014   (0)     12  : 0.0050 0.9440 0.0040 0.0040 0.0430
1015     1015   (0)     12  : 0.0040 0.8640 0.0090 0.0100 0.1130
1016     1016   (0)     12  : 0.0050 0.7140 0.0130 0.0130 0.2550
1017     1017   (0)     12  : 0.0030 0.8376 0.0060 0.0030 0.1504
1018     1018   (0)     12  : 0.0170 0.6099 0.0070 0.0080 0.3580
1019     1019   (0)     12  : 0.1064 0.8176 0.0040 0.0070 0.0650
1020     1020   (0)     12  : 0.0030 0.6825 0.0033 0.0040 0.3072
1021     1021   (0)     12  : 0.0050 0.6403 0.0090 0.0090 0.3367
1022     1022   (0)     12  : 0.0130 0.5755 0.0060 0.0040 0.4015
1023     1023   (0)     12  : 0.0020 0.7822 0.0020 0.0030 0.2108
1024     1024   (0)     12  : 0.0060 0.7665 0.0040 0.0120 0.2115
1025     1025   (0)     12  : 0.0040 0.7585 0.0160 0.0063 0.2151
1026     1026   (0)     12  : 0.0040 0.6865 0.0040 0.0030 0.3025
1027     1027   (0)     12  : 0.0100 0.6898 0.1370 0.0290 0.1343
1028     1028   (0)     12  : 0.0030 0.8129 0.0020 0.0060 0.1761
1029     1029   (0)     12  : 0.0040 0.8270 0.0030 0.0140 0.1520
1030     1030   (0)     12  : 0.0040 0.7232 0.0030 0.0030 0.2668
1031     1031   (0)     12  : 0.0030 0.6755 0.0040 0.0030 0.3145
1032     1032   (0)     12  : 0.0287 0.8045 0.0340 0.0213 0.1114
1033     1033   (0)     12  : 0.0030 0.6888 0.0030 0.0040 0.3012
1034     1034   (0)     12  : 0.0090 0.8594 0.0160 0.0130 0.1026
1035     1035   (0)     12  : 0.0040 0.7172 0.0030 0.0050 0.2708
1036     1036   (0)     12  : 0.1043 0.6390 0.0053 0.0220 0.2293
1037     1037   (0)     12  : 0.0030 0.7570 0.0030 0.0050 0.2320
1038     1038   (0)     12  : 0.0030 0.5949 0.0030 0.0040 0.3951
1039     1039   (0)     12  : 0.0100 0.9120 0.0040 0.0223 0.0517
1040     1040   (0)     12  : 0.0040 0.7477 0.0020 0.0030 0.2433
1041     1041   (0)     12  : 0.0060 0.7245 0.0123 0.0090 0.2482
1042     1042   (0)     12  : 0.0250 0.6367 0.0100 0.2027 0.1257
1043     1043   (0)     12  : 0.0040 0.5177 0.0030 0.0040 0.4713
1044     1044   (0)     12  : 0.0050 0.9379 0.0020 0.0030 0.0521
1045     1045   (0)     12  : 0.0050 0.6452 0.0427 0.0110 0.2961
1046     1046   (0)     12  : 0.0050 0.8534 0.0087 0.0060 0.1269
1047     1047   (0)     12  : 0.0123 0.7100 0.0050 0.0090 0.2637
1048     1048   (0)     12  : 0.0060 0.5962 0.0100 0.0080 0.3798
1049     1049   (0)     12  : 0.0030 0.8458 0.0107 0.0070 0.1335
1050     1050   (0)     12  : 0.0040 0.7905 0.0100 0.0110 0.1845
1051     1051   (0)     12  : 0.0030 0.8038 0.0060 0.0080 0.1792
1052     1052   (0)     12  : 0.0033 0.7382 0.0030 0.0043 0.2511
1053     1053   (0)     12  : 0.0040 0.8350 0.0080 0.0060 0.1470
1054     1054   (0)     12  : 0.0080 0.7650 0.0050 0.0050 0.2170
1055     1055   (0)     12  : 0.0050 0.7057 0.0030 0.0170 0.2693
1056     1056   (0)     12  : 0.0040 0.9870 0.0020 0.0030 0.0040
1057     1057   (0)     12  : 0.0367 0.7849 0.0050 0.0654 0.1080
1058     1058   (0)     12  : 0.0113 0.7696 0.0100 0.0200 0.1891
1059     1059   (0)     12  : 0.0040 0.7938 0.0030 0.0040 0.1952
1060     1060   (0)     12  : 0.0040 0.7216 0.0020 0.0040 0.2684
1061     1061   (0)     12  : 0.0070 0.7558 0.0050 0.2075 0.0247
1062     1062   (0)     12  : 0.0030 0.6935 0.0030 0.0057 0.2948
1063     1063   (0)     12  : 0.0060 0.5989 0.0030 0.0040 0.3881
1064     1064   (0)     12  : 0.0040 0.8628 0.0030 0.0237 0.1066
1065     1065   (0)     12  : 0.0120 0.6872 0.0053 0.0080 0.2874
1066     1066   (0)     12  : 0.0030 0.7241 0.0040 0.0030 0.2659
1067     1067   (0)     12  : 0.0080 0.9249 0.0050 0.0110 0.0511
1068     1068   (0)     12  : 0.0030 0.8259 0.0040 0.0030 0.1641
1069     1069   (0)     12  : 0.0060 0.6518 0.0090 0.0050 0.3282
1070     1070   (0)     12  : 0.0030 0.8334 0.0030 0.0087 0.1519
1071     1071   (0)     12  : 0.0040 0.5860 0.0050 0.0100 0.3950
1072     1072   (0)     12  : 0.0067 0.6352 0.0020 0.0050 0.3511
1073     1073   (0)     12  : 0.0040 0.9800 0.0070 0.0050 0.0040
1074     1074   (0)     12  : 0.0080 0.7357 0.0073 0.0040 0.2450
1075     1075   (0)     12  : 0.0050 0.7020 0.0020 0.0150 0.2760
1076     1076   (0)     12  : 0.0080 0.7486 0.0030 0.0050 0.2354
1077     1077   (0)     12  : 0.0273 0.8183 0.0110 0.0070 0.1364
1078     1078   (0)     12  : 0.0030 0.7185 0.0020 0.0040 0.2725
1079     1079   (0)     12  : 0.0690 0.7405 0.0070 0.0250 0.1586
1080     1080   (0)     12  : 0.0613 0.6681 0.0080 0.0100 0.2526
1081     1081   (0)     12  : 0.0030 0.7847 0.0040 0.0020 0.2063
1082     1082   (0)     12  : 0.0060 0.8166 0.0020 0.0130 0.1624
1083     1083   (0)     12  : 0.0250 0.7909 0.0030 0.1541 0.0270
1084     1084   (0)     12  : 0.0930 0.7513 0.0110 0.0100 0.1347
1085     1085   (0)     12  : 0.0090 0.6867 0.0070 0.0040 0.2933
1086     1086   (0)     12  : 0.0110 0.7389 0.0060 0.0090 0.2351
1087     1087   (0)     12  : 0.0050 0.6772 0.0040 0.0400 0.2738
1088     1088   (0)     12  : 0.0070 0.7530 0.0030 0.0040 0.2330
1089     1089   (0)     12  : 0.0050 0.9370 0.0020 0.0110 0.0450
1090     1090   (0)     12  : 0.0040 0.6800 0.0090 0.0050 0.3020
1091     1091   (0)     12  : 0.0030 0.7207 0.0040 0.0030 0.2693
1092     1092   (0)     12  : 0.0050 0.6903 0.0040 0.0080 0.2927
1093     1093   (0)     12  : 0.0050 0.8035 0.0030 0.0080 0.1805
1094     1094   (0)     12  : 0.0040 0.7450 0.0040 0.0050 0.2420
1095     1095   (0)     12  : 0.0020 0.7950 0.0030 0.0060 0.1940
1096     1096   (0)     12  : 0.0040 0.7755 0.0020 0.0063 0.2121
1097     1097   (0)     12  : 0.0030 0.7830 0.0020 0.0030 0.2090
1098     1098   (0)     12  : 0.0030 0.7140 0.0040 0.0060 0.2730
1099     1099   (0)     12  : 0.0070 0.5738 0.0150 0.0100 0.3942
1100     1100   (0)     12  : 0.0117 0.8013 0.0040 0.0173 0.1657
1101     1101   (0)     12  : 0.0090 0.7436 0.0100 0.0060 0.2314
1102     1102   (0)     12  : 0.0040 0.5854 0.0040 0.0100 0.3966
1103     1103   (0)     12  : 0.0110 0.7741 0.0020 0.0050 0.2079
1104     1104   (0)     12  : 0.0050 0.7764 0.0030 0.0040 0.2116
1105     1105   (0)     12  : 0.0120 0.8020 0.0040 0.0100 0.1720
1106     1106   (0)     12  : 0.0043 0.7030 0.0050 0.0050 0.2827
1107     1107   (0)     12  : 0.0030 0.7659 0.0020 0.0050 0.2241
1108     1108   (0)     12  : 0.0090 0.9001 0.0080 0.0210 0.0619
1109     1109   (0)     13  : 0.0070 0.0040 0.7640 0.0050 0.2200
1110     1110   (0)     13  : 0.0140 0.0680 0.6643 0.0150 0.2387
1111     1111   (0)     13  : 0.0037 0.0070 0.6022 0.0040 0.3831
1112     1112   (0)     13  : 0.0150 0.0180 0.8563 0.0130 0.0977
1113     1113   (0)     13  : 0.0260 0.0110 0.9340 0.0130 0.0160
1114     1114   (0)     13  : 0.0040 0.0030 0.7880 0.0030 0.2020
1115     1115   (0)     13  : 0.0050 0.0080 0.8407 0.0050 0.1413
1116     1116   (0)     13  : 0.0120 0.0030 0.7266 0.0087 0.2497
1117     1117   (0)     13  : 0.0130 0.0157 0.9364 0.0070 0.0280
1118     1118   (0)     13  : 0.0070 0.0150 0.6032 0.0060 0.3688
1119     1119   (0)     13  : 0.0040 0.0020 0.7770 0.0413 0.1757
1120     1120   (0)     13  : 0.0070 0.0040 0.7488 0.0100 0.2302
1121     1121   (0)     13  : 0.0047 0.0040 0.6980 0.0060 0.2874
1122     1122   (0)     13  : 0.0050 0.0117 0.8165 0.0180 0.1489
1123     1123   (0)     13  : 0.0030 0.0030 0.6342 0.0070 0.3528
1124     1124   (0)     13  : 0.0050 0.0290 0.7198 0.0120 0.2343
1125     1125   (0)     13  : 0.0090 0.0060 0.7818 0.0060 0.1972
1126     1126   (0)     13  : 0.0030 0.0020 0.7663 0.0030 0.2257
1127     1127   (0)     13  : 0.0173 0.0030 0.7701 0.0090 0.2006
1128     1128   (0)     13  : 0.0080 0.0040 0.7167 0.0040 0.2673
1129     1129   (0)     13  : 0.0050 0.0070 0.8081 0.0230 0.1569
1130     1130   (0)     13  : 0.0057 0.0433 0.8800 0.0080 0.0630
1131     1131   (0)     13  : 0.0143 0.0730 0.6504 0.0123 0.2498
1132     1132   (0)     13  : 0.0150 0.0270 0.6757 0.0253 0.2570
1133     1133   (0)     13  : 0.0110 0.1157 0.8450 0.0050 0.0233
1134     1134   (0)     13  : 0.0070 0.0067 0.6994 0.0050 0.2819
1135     1135   (0)     13  : 0.0170 0.0040 0.9206 0.0060 0.0524
1136     1136   (0)     13  : 0.0150 0.0260 0.8763 0.0210 0.0617
1137     1137   (0)     13  : 0.0113 0.0080 0.7547 0.0040 0.2219
1138     1138   (0)     13  : 0.0250 0.0120 0.8426 0.0090 0.1114
1139     1139   (0)     13  : 0.0290 0.0040 0.8884 0.0370 0.0417
1140     1140   (0)     13  : 0.0070 0.0030 0.7930 0.0030 0.1940
1141     1141   (0)     13  : 0.0070 0.0020 0.7700 0.0050 0.2160
1142     1142   (0)     13  : 0.0070 0.0060 0.7115 0.0080 0.2675
1143     1143   (0)     13  : 0.0060 0.0030 0.7603 0.0030 0.2277
1144     1144   (0)     13  : 0.0050 0.0040 0.7102 0.0040 0.2768
1145     1145   (0)     13  : 0.0217 0.0170 0.6332 0.0100 0.3181
1146     1146   (0)     13  : 0.0060 0.0040 0.8040 0.0040 0.1820
1147     1147   (0)     13  : 0.0047 0.0050 0.6785 0.0040 0.3078
1148     1148   (0)     13  : 0.0083 0.0050 0.6865 0.0050 0.2952
1149     1149   (0)     13  : 0.0050 0.0020 0.6683 0.0030 0.3217
1150     1150   (0)     13  : 0.0350 0.0210 0.7451 0.0470 0.1519
1151     1151   (0)     13  : 0.0040 0.0030 0.7540 0.0030 0.2360
1152     1152   (0)     13  : 0.0090 0.0040 0.7212 0.0070 0.2588
1153     1153   (0)     13  : 0.0050 0.0030 0.6229 0.0060 0.3631
1154     1154   (0)     13  : 0.0050 0.0030 0.8019 0.0073 0.1827
1155     1155   (0)     13  : 0.0050 0.0030 0.7127 0.0140 0.2653
1156     1156   (0)     13  : 0.0110 0.0030 0.7714 0.0080 0.2066
1157     1157   (0)     13  : 0.0060 0.0030 0.8803 0.0080 0.1027
1158     1158   (0)     13  : 0.0057 0.0020 0.8967 0.0060 0.0897
1159     1159   (0)     13  : 0.0090 0.0143 0.6295 0.0100 0.3371
1160     1160   (0)     13  : 0.0040 0.0150 0.6837 0.1190 0.1783
1161     1161   (0)     13  : 0.0280 0.0040 0.6520 0.0180 0.2980
1162     1162   (0)     13  : 0.0200 0.0130 0.6862 0.0510 0.2297
1163     1163   (0)     13  : 0.0040 0.0040 0.9840 0.0030 0.0050
1164     1164   (0)     13  : 0.0030 0.0050 0.8437 0.0130 0.1353
1165     1165   (0)     13  : 0.0410 0.0140 0.6241 0.1170 0.2039
1166     1166   (0)     13  : 0.0030 0.0080 0.7198 0.0070 0.2622
1167     1167   (0)     13  : 0.0060 0.0770 0.6828 0.0090 0.2253
1168     1168   (0)     13  : 0.0030 0.0040 0.7178 0.0083 0.2669
1169     1169   (0)     13  : 0.0050 0.0030 0.7743 0.0090 0.2087
1170     1170   (0)     13  : 0.0090 0.0070 0.7154 0.0253 0.2433
1171     1171   (0)     13  : 0.0060 0.0030 0.7032 0.0884 0.1994
1172     1172   (0)     13  : 0.0060 0.0050 0.8383 0.0070 0.1437
1173     1173   (0)     13  : 0.1044 0.0070 0.8225 0.0270 0.0390
1174     1174   (0)     13  : 0.0050 0.0050 0.6758 0.0230 0.2912
1175     1175   (0)     13  : 0.0197 0.0030 0.7640 0.0330 0.1803
1176     1176   (0)     13  : 0.0310 0.0030 0.7555 0.0040 0.2065
1177     1177   (0)     13  : 0.0087 0.0170 0.7488 0.0060 0.2196
1178     1178   (0)     13  : 0.0047 0.0150 0.8050 0.0130 0.1623
1179     1179   (0)     13  : 0.0083 0.0070 0.7246 0.0060 0.2541
1180     1180   (0)     13  : 0.0120 0.0020 0.8183 0.0070 0.1607
1181     1181   (0)     13  : 0.0070 0.0050 0.8297 0.0040 0.1543
1182     1182   (0)     13  : 0.0100 0.0040 0.8087 0.0300 0.1473
1183     1183   (0)     13  : 0.0160 0.0030 0.7943 0.0260 0.1607
1184     1184   (0)     13  : 0.0050 0.0030 0.5588 0.0083 0.4249
1185     1185   (0)     13  : 0.1113 0.0050 0.6767 0.0660 0.1410
1186     1186   (0)     13  : 0.0080 0.0100 0.6968 0.0067 0.2786
1187     1187   (0)     13  : 0.0040 0.0030 0.8175 0.0040 0.1714
1188     1188   (0)     13  : 0.0050 0.0040 0.6394 0.0050 0.3466
1189     1189   (0)     13  : 0.0030 0.0020 0.8805 0.0030 0.1114
1190     1190   (0)     13  : 0.0063 0.0100 0.7148 0.0100 0.2589
1191     1191   (0)     13  : 0.0050 0.0030 0.8600 0.0210 0.1110
1192     1192   (0)     13  : 0.0040 0.0030 0.6580 0.0040 0.3310
1193     1193   (0)     13  : 0.0070 0.0063 0.7059 0.0637 0.2171
1194     1194   (0)     13  : 0.0170 0.0020 0.7878 0.0344 0.1588
1195     1195   (0)     13  : 0.0050 0.0070 0.7447 0.0470 0.1962
1196     1196   (0)     13  : 0.0050 0.0130 0.7900 0.0120 0.1800
1197     1197   (0)     13  : 0.0070 0.0030 0.8588 0.0040 0.1272
1198     1198   (0)     13  : 0.0110 0.0087 0.9163 0.0090 0.0550
1199     1199   (0)     13  : 0.0060 0.0030 0.8780 0.0030 0.1100
1200     1200   (0)     13  : 0.0040 0.0020 0.9860 0.0030 0.0050
1201     1201   (0)     13  : 0.0060 0.0060 0.6456 0.0050 0.3373
1202     1202   (0)     13  : 0.0030 0.0080 0.8924 0.0616 0.0350
1203     1203   (0)     13  : 0.0050 0.0050 0.8220 0.0050 0.1630
1204     1204   (0)     13  : 0.0070 0.0060 0.7433 0.0070 0.2368
1205     1205   (0)     13  : 0.0030 0.0070 0.6314 0.0043 0.3542
1206     1206   (0)     13  : 0.0060 0.0160 0.7291 0.0230 0.2259
1207     1207   (0)     13  : 0.0090 0.0020 0.6850 0.0030 0.3010
1208     1208   (0)     13  : 0.0060 0.0030 0.8093 0.0030 0.1787
1209     1209   (0)     14  : 0.8807 0.0020 0.0287 0.0070 0.0817
1210     1210   (0)     14  : 0.7178 0.0147 0.0040 0.0080 0.2556
1211     1211   (0)     14  : 0.6790 0.0060 0.0710 0.0250 0.2190
1212     1212   (0)     14  : 0.7627 0.0070 0.0050 0.0100 0.2153
1213     1213   (0)     14  : 0.7474 0.0120 0.0040 0.1456 0.0910
1214     1214   (0)     14  : 0.7472 0.0230 0.0120 0.0057 0.2121
1215     1215   (0)     14  : 0.7602 0.0040 0.0050 0.0100 0.2208
1216     1216   (0)     14  : 0.7117 0.0080 0.0060 0.0110 0.2633
1217     1217   (0)     14  : 0.8413 0.0060 0.0147 0.0113 0.1267
1218     1218   (0)     14  : 0.7773 0.0147 0.0117 0.0150 0.1813
1219     1219   (0)     14  : 0.8974 0.0050 0.0060 0.0080 0.0836
1220     1220   (0)     14  : 0.8637 0.0070 0.0120 0.0230 0.0943
1221     1221   (0)     14  : 0.6128 0.0320 0.0060 0.0523 0.2969
1222     1222   (0)     14  : 0.7440 0.0150 0.0360 0.0160 0.1890
1223     1223   (0)     14  : 0.8020 0.0050 0.0120 0.0190 0.1620
1224     1224   (0)     14  : 0.9510 0.0263 0.0080 0.0060 0.0087
1225     1225   (0)     14  : 0.7530 0.0100 0.0040 0.0130 0.2200
1226     1226   (0)     14  : 0.5238 0.0240 0.0060 0.0050 0.4412
1227     1227   (0)     14  : 0.6603 0.0090 0.0090 0.0060 0.3157
1228     1228   (0)     14  : 0.8628 0.0976 0.0110 0.0190 0.0097
1229     1229   (0)     14  : 0.9520 0.0070 0.0260 0.0090 0.0060
1230     1230   (0)     14  : 0.9181 0.0140 0.0060 0.0280 0.0340
1231     1231   (0)     14  : 0.9223 0.0267 0.0360 0.0040 0.0110
1232     1232   (0)     14  : 0.6230 0.0060 0.0110 0.0090 0.3510
1233     1233   (0)     14  : 0.5160 0.0117 0.0070 0.0143 0.4510
1234     1234   (0)     14  : 0.8883 0.0040 0.0340 0.0187 0.0550
1235     1235   (0)     14  : 0.6432 0.0070 0.0040 0.0050 0.3408
1236     1236   (0)     14  : 0.8807 0.0170 0.0050 0.0080 0.0893
1237     1237   (0)     14  : 0.7033 0.0040 0.0040 0.0040 0.2847
1238     1238   (0)     14  : 0.7318 0.1406 0.0050 0.0060 0.1166
1239     1239   (0)     14  : 0.8000 0.0040 0.0120 0.0080 0.1760
1240     1240   (0)     14  : 0.7392 0.0030 0.0050 0.0060 0.2468
1241     1241   (0)     14  : 0.7032 0.0060 0.0050 0.0050 0.2808
1242     1242   (0)     14  : 0.6062 0.0534 0.0103 0.0383 0.2918
1243     1243   (0)     14  : 0.7913 0.0893 0.0150 0.0120 0.0923
1244     1244   (0)     14  : 0.7467 0.0060 0.0040 0.0060 0.2372
1245     1245   (0)     14  : 0.7623 0.0130 0.1804 0.0260 0.0183
1246     1246   (0)     14  : 0.7945 0.0100 0.0040 0.0100 0.1815
1247     1247   (0)     14  : 0.6068 0.0040 0.0060 0.0060 0.3772
1248     1248   (0)     14  : 0.8169 0.0030 0.0030 0.0030 0.1741
1249     1249   (0)     14  : 0.6317 0.0040 0.0223 0.0080 0.3340
1250     1250   (0)     14  : 0.9577 0.0120 0.0050 0.0043 0.0210
1251     1251   (0)     14  : 0.7898 0.0090 0.0060 0.0190 0.1762
1252     1252   (0)     14  : 0.7099 0.0040 0.0270 0.0090 0.2501
1253     1253   (0)     14  : 0.8007 0.0080 0.0040 0.0070 0.1803
1254     1254   (0)     14  : 0.6189 0.0080 0.0100 0.0263 0.3368
1255     1255   (0)     14  : 0.8543 0.0070 0.0427 0.0310 0.0650
1256     1256   (0)     14  : 0.6657 0.0060 0.0030 0.0040 0.3213
1257     1257   (0)     14  : 0.6843 0.0030 0.1060 0.0040 0.2027
1258     1258   (0)     14  : 0.6454 0.0033 0.0030 0.0070 0.3412
1259     1259   (0)     14  : 0.9453 0.0100 0.0080 0.0127 0.0240
1260     1260   (0)     14  : 0.7732 0.0060 0.0040 0.0060 0.2108
1261     1261   (0)     14  : 0.9720 0.0060 0.0080 0.0060 0.0080
1262     1262   (0)     14  : 0.7984 0.0190 0.0180 0.0140 0.1506
1263     1263   (0)     14  : 0.8297 0.0270 0.0077 0.0230 0.1126
1264     1264   (0)     14  : 0.8550 0.0030 0.0040 0.0090 0.1290
1265     1265   (0)     14  : 0.8300 0.0060 0.0040 0.0140 0.1460
1266     1266   (0)     14  : 0.8997 0.0070 0.0053 0.0050 0.0830
1267     1267   (0)     14  : 0.9170 0.0240 0.0080 0.0080 0.0430
1268     1268   (0)     14  : 0.7115 0.0030 0.0030 0.0073 0.2752
1269     1269   (0)     14  : 0.5359 0.0053 0.0060 0.0060 0.4468
1270     1270   (0)     14  : 0.4940 0.0050 0.0370 0.0040 0.4600
1271     1271   (0)     14  : 0.8780 0.0180 0.0040 0.0140 0.0860
1272     1272   (0)     14  : 0.7830 0.0030 0.0050 0.0380 0.1710
1273     1273   (0)     14  : 0.8163 0.0070 0.0080 0.0227 0.1460
1274     1274   (0)     14  : 0.8810 0.0120 0.0060 0.0143 0.0866
1275     1275   (0)     14  : 0.8560 0.0430 0.0470 0.0080 0.0460
1276     1276   (0)     14  : 0.7995 0.0050 0.0120 0.0120 0.1716
1277     1277   (0)     14  : 0.6368 0.0050 0.0087 0.0070 0.3426
1278     1278   (0)     14  : 0.8354 0.0120 0.0060 0.0470 0.0996
1279     1279   (0)     14  : 0.7905 0.0087 0.0080 0.0140 0.1789
1280     1280   (0)     14  : 0.7093 0.0060 0.0150 0.0060 0.2637
1281     1281   (0)     14  : 0.6600 0.0050 0.0320 0.0070 0.2960
1282     1282   (0)     14  : 0.9047 0.0030 0.0030 0.0140 0.0753
1283     1283   (0)     14  : 0.6930 0.0070 0.0220 0.0070 0.2710
1284     1284   (0)     14  : 0.6940 0.0140 0.0050 0.0303 0.2567
1285     1285   (0)     14  : 0.5546 0.0040 0.0090 0.0110 0.4214
1286     1286   (0)     14  : 0.8482 0.0826 0.0030 0.0353 0.0310
1287     1287   (0)     14  : 0.7680 0.0050 0.0030 0.0060 0.2180
1288     1288   (0)     14  : 0.6868 0.0030 0.0080 0.0090 0.2932
1289     1289   (0)     14  : 0.8123 0.0110 0.0020 0.0060 0.1687
1290     1290   (0)     14  : 0.7550 0.0030 0.0030 0.0050 0.2340
1291     1291   (0)     14  : 0.8159 0.0040 0.0030 0.0080 0.1691
1292     1292   (0)     14  : 0.7477 0.0030 0.0110 0.0090 0.2292
1293     1293   (0)     14  : 0.6317 0.0030 0.0903 0.0050 0.2700
1294     1294   (0)     14  : 0.7008 0.0040 0.0187 0.0190 0.2576
1295     1295   (0)     14  : 0.7497 0.0040 0.0110 0.0060 0.2292
1296     1296   (0)     14  : 0.6391 0.0130 0.0110 0.0130 0.3239
1297     1297   (0)     14  : 0.9087 0.0070 0.0360 0.0060 0.0423
1298     1298   (0)     14  : 0.7424 0.0040 0.0230 0.0207 0.2099
1299     1299   (0)     14  : 0.7960 0.0040 0.0060 0.0180 0.1760
1300     1300   (0)     14  : 0.7882 0.0050 0.0480 0.0120 0.1468
1301     1301   (0)     14  : 0.7598 0.0070 0.0030 0.0140 0.2162
1302     1302   (0)     14  : 0.9757 0.0043 0.0050 0.0070 0.0080
1303     1303   (0)     14  : 0.7883 0.0077 0.0090 0.0090 0.1861
1304     1304   (0)     14  : 0.6499 0.0130 0.3001 0.0160 0.0210
1305     1305   (0)     14  : 0.8716 0.0030 0.0063 0.0040 0.1151
1306     1306   (0)     14  : 0.7909 0.0140 0.0100 0.0163 0.1688
1307     1307   (0)     14  : 0.7454 0.0397 0.0890 0.0640 0.0620
1308     1308   (0)     14  : 0.7190 0.0200 0.0060 0.0060 0.2490
1309     1309  (10)     15  : 0.0090 0.0050 0.0070 0.9740 0.0050
1310     1310   (5)     15  : 0.0120 0.0250 0.0270 0.9310 0.0050
1311     1311   (5)     15  : 0.0110 0.0117 0.0273 0.6317 0.3183
1312     1312   (5)     15  : 0.0050 0.0030 0.0040 0.9850 0.0030
1313     1313  (10)     15  : 0.0440 0.0200 0.0160 0.8420 0.0780
1314     1314   (5)     15  : 0.0344 0.0210 0.0250 0.5213 0.3983
1315     1315  (10)     15  : 0.0820 0.0050 0.0130 0.8710 0.0290
1316     1316   (0)     15  : 0.0140 0.1463 0.0040 0.8257 0.0100
1317     1317   (0)     15  : 0.0160 0.0030 0.0110 0.9570 0.0130
1318     1318   (0)     15  : 0.0060 0.0110 0.0030 0.9760 0.0040
1319     1319   (0)     15  : 0.0030 0.0097 0.0050 0.9773 0.0050
1320     1320   (0)     15  : 0.0140 0.0040 0.0396 0.9184 0.0240
1321     1321   (0)     15  : 0.0090 0.0060 0.0020 0.9740 0.0090
1322     1322   (0)     15  : 0.2057 0.0080 0.0040 0.7109 0.0714
1323     1323   (0)     15  : 0.1461 0.0040 0.0310 0.8075 0.0113
1324     1324   (0)     15  : 0.0880 0.0050 0.0110 0.8710 0.0250
1325     1325   (0)     15  : 0.0060 0.0050 0.0070 0.9140 0.0680
1326     1326   (0)     15  : 0.0180 0.0070 0.0170 0.6032 0.3548
1327     1327   (0)     15  : 0.0090 0.0110 0.0030 0.9710 0.0060
1328     1328   (5)     15  : 0.0050 0.1770 0.0030 0.7950 0.0200
1329     1329   (0)     15  : 0.0430 0.0080 0.0304 0.8846 0.0340
1330     1330   (0)     15  : 0.0140 0.0070 0.0410 0.8711 0.0670
1331     1331   (5)     15  : 0.0040 0.0140 0.0050 0.9650 0.0120
1332     1332   (5)     15  : 0.0060 0.0113 0.0030 0.9687 0.0110
1333     1333   (0)     15  : 0.1100 0.0913 0.0313 0.7290 0.0383
1334     1334   (0)     15  : 0.0110 0.0097 0.0030 0.9144 0.0620
1335     1335   (0)     15  : 0.0150 0.0060 0.0503 0.9187 0.0100
1336     1336   (0)     15  : 0.0060 0.0080 0.0050 0.9770 0.0040
1337     1337   (0)     15  : 0.0090 0.0110 0.0060 0.9710 0.0030
1338     1338   (0)     15  : 0.0223 0.0060 0.0050 0.9607 0.0060
1339     1339   (0)     15  : 0.0050 0.0343 0.0030 0.9547 0.0030
1340     1340   (0)     15  : 0.0050 0.0040 0.0090 0.9730 0.0090
1341     1341   (0)     15  : 0.0180 0.0774 0.0103 0.8573 0.0370
1342     1342   (0)     15  : 0.4512 0.0187 0.0163 0.5098 0.0040
1343     1343   (0)     15  : 0.0143 0.0080 0.0070 0.9506 0.0200
1344     1344   (0)     15  : 0.0130 0.0050 0.0070 0.9416 0.0333
1345     1345   (0)     15  : 0.1554 0.0280 0.0297 0.7009 0.0860
1346     1346   (0)     15  : 0.0060 0.0080 0.0060 0.9750 0.0050
1347     1347   (0)     15  : 0.0394 0.0500 0.0070 0.8636 0.0400
1348     1348   (0)     15  : 0.0347 0.0040 0.0060 0.9434 0.0120
1349     1349   (0)     15  : 0.0130 0.0030 0.0693 0.9077 0.0070
1350     1350   (0)     15  : 0.0233 0.0040 0.0140 0.9526 0.0060
1351     1351   (0)     16  : 0.0150 0.0090 0.0050 0.9480 0.0230
1352     1352   (0)     16  : 0.0100 0.0110 0.0407 0.9344 0.0040
1353     1353   (0)     16  : 0.0080 0.0060 0.0060 0.9710 0.0090
1354     1354   (0)     16  : 0.0080 0.0070 0.0223 0.9523 0.0103
1355     1355   (0)     16  : 0.0350 0.0160 0.0097 0.9183 0.0210
1356     1356   (0)     16  : 0.0130 0.0080 0.0080 0.9560 0.0150
1357     1357   (0)     16  : 0.0090 0.0300 0.0040 0.9450 0.0120
1358     1358   (0)     16  : 0.0090 0.0040 0.1557 0.8173 0.0140
1359     1359   (0)     16  : 0.0060 0.0060 0.0030 0.8597 0.1253
1360     1360   (0)     16  : 0.0040 0.0070 0.0040 0.9810 0.0040
1361     1361   (0)     16  : 0.0080 0.0886 0.0200 0.8584 0.0250
1362     1362   (0)     16  : 0.0090 0.0050 0.0020 0.9760 0.0080
1363     1363   (0)     16  : 0.0100 0.0080 0.0030 0.9760 0.0030
1364     1364   (0)     16  : 0.0190 0.0113 0.0080 0.9057 0.0560
1365     1365   (0)     16  : 0.0040 0.0120 0.0150 0.9650 0.0040
1366     1366   (0)     16  : 0.2577 0.0560 0.0060 0.6703 0.0100
1367     1367   (0)     16  : 0.0197 0.0150 0.0223 0.9200 0.0230
1368     1368   (0)     16  : 0.0216 0.0050 0.0110 0.9354 0.0270
1369     1369   (0)     16  : 0.0040 0.0277 0.0070 0.8254 0.1360
1370     1370   (0)     16  : 0.0040 0.0110 0.0030 0.9680 0.0140
1371     1371   (0)     16  : 0.0487 0.0240 0.0050 0.9173 0.0050
1372     1372   (0)     16  : 0.0100 0.1716 0.0147 0.7697 0.0340
1373     1373   (0)     16  : 0.0050 0.0090 0.0100 0.9580 0.0180
1374     1374   (0)     16  : 0.0170 0.0190 0.0167 0.9344 0.0130
1375     1375   (0)     16  : 0.2341 0.0050 0.0080 0.7399 0.0130
1376     1376   (0)     16  : 0.0107 0.0576 0.0060 0.8811 0.0446
1377     1377   (0)     16  : 0.0040 0.0070 0.0030 0.9820 0.0040
1378     1378   (0)     16  : 0.0060 0.0203 0.0040 0.7626 0.2071
1379     1379   (0)     16  : 0.0070 0.0050 0.0100 0.9700 0.0080
1380     1380   (0)     16  : 0.0150 0.0040 0.0070 0.9720 0.0020
1381     1381   (0)     16  : 0.0080 0.0140 0.0600 0.9100 0.0080
1382     1382   (0)     16  : 0.0060 0.0060 0.0040 0.8253 0.1587
1383     1383   (0)     16  : 0.0090 0.0060 0.0050 0.9750 0.0050
1384     1384   (0)     16  : 0.0103 0.0090 0.0040 0.9706 0.0060
1385     1385   (0)     16  : 0.0060 0.0060 0.0090 0.9760 0.0030
1386     1386   (0)     16  : 0.0140 0.0317 0.0070 0.9180 0.0293
1387     1387   (0)     16  : 0.0150 0.0220 0.0040 0.9503 0.0087
1388     1388   (0)     16  : 0.0190 0.0100 0.0060 0.9560 0.0090
1389     1389   (0)     16  : 0.0063 0.0120 0.0050 0.9716 0.0050
1390     1390   (0)     16  : 0.0353 0.0773 0.0080 0.6872 0.1922
1391     1391   (0)     16  : 0.0040 0.0140 0.0040 0.9740 0.0040
1392     1392   (0)     16  : 0.0123 0.0300 0.0050 0.9366 0.0160
1393     1393   (0)     16  : 0.0280 0.0130 0.0050 0.8587 0.0953
1394     1394   (0)     16  : 0.0090 0.0170 0.0030 0.8718 0.0993
1395     1395   (0)     16  : 0.0030 0.0153 0.0070 0.9416 0.0330
1396     1396   (0)     16  : 0.0080 0.0050 0.0040 0.9760 0.0070
1397     1397   (0)     16  : 0.0070 0.0220 0.0040 0.7241 0.2429
1398     1398   (0)     16  : 0.1825 0.0100 0.0070 0.7815 0.0190
1399     1399   (0)     16  : 0.0050 0.0360 0.0040 0.7022 0.2528
1400     1400   (0)     16  : 0.0060 0.0073 0.0040 0.9723 0.0103
1401     1401   (0)     16  : 0.0080 0.0130 0.0030 0.9620 0.0140
1402     1402   (0)     16  : 0.0050 0.0210 0.0100 0.9237 0.0403
1403     1403   (0)     16  : 0.0254 0.0030 0.0030 0.9156 0.0530
1404     1404   (0)     16  : 0.0030 0.0030 0.0050 0.9700 0.0190
1405     1405   (0)     16  : 0.0160 0.0060 0.0160 0.9550 0.0070
1406     1406   (0)     16  : 0.0110 0.0050 0.0040 0.7097 0.2703
1407     1407   (0)     16  : 0.0083 0.0604 0.0040 0.9103 0.0170
1408     1408   (0)     16  : 0.0120 0.0050 0.0060 0.9093 0.0677
1409     1409   (0)     16  : 0.0040 0.0040 0.0040 0.6150 0.3730
1410     1410   (0)     16  : 0.0050 0.0040 0.0110 0.8274 0.1526
1411     1411   (0)     16  : 0.0080 0.1583 0.0040 0.8257 0.0040
1412     1412   (0)     16  : 0.0160 0.0050 0.0040 0.9690 0.0060
1413     1413   (0)     16  : 0.0040 0.0703 0.0037 0.9180 0.0040
1414     1414   (0)     16  : 0.0040 0.0050 0.0040 0.9760 0.0110
1415     1415   (0)     16  : 0.0050 0.0110 0.0133 0.9626 0.0080
1416     1416   (0)     16  : 0.0060 0.0180 0.0080 0.7337 0.2343
1417     1417   (0)     16  : 0.0080 0.0123 0.0030 0.9647 0.0120
1418     1418   (0)     16  : 0.0090 0.0160 0.0030 0.9614 0.0107
1419     1419   (0)     16  : 0.0040 0.0107 0.0050 0.9073 0.0730
1420     1420   (0)     16  : 0.1225 0.0270 0.0080 0.8145 0.0280
1421     1421   (0)     16  : 0.0050 0.0050 0.0070 0.7355 0.2475
1422     1422   (0)     16  : 0.0060 0.0040 0.0050 0.9714 0.0137
1423     1423   (0)     16  : 0.0030 0.0140 0.0030 0.9550 0.0250
1424     1424   (0)     16  : 0.0606 0.0100 0.0080 0.8834 0.0380
1425     1425   (0)     16  : 0.0070 0.0063 0.0050 0.8834 0.0983
1426     1426   (0)     16  : 0.0294 0.0294 0.0060 0.9142 0.0210
1427     1427   (0)     16  : 0.0050 0.0060 0.0070 0.9770 0.0050
1428     1428   (0)     16  : 0.0170 0.0207 0.0097 0.9477 0.0050
1429     1429   (0)     16  : 0.0060 0.0090 0.0090 0.9530 0.0230
1430     1430   (0)     16  : 0.0150 0.0040 0.0200 0.9530 0.0080
1431     1431   (0)     16  : 0.0070 0.0233 0.0030 0.9617 0.0050
1432     1432   (0)     16  : 0.0060 0.0070 0.0030 0.9810 0.0030
1433     1433   (0)     16  : 0.0060 0.0090 0.0030 0.9790 0.0030
1434     1434   (0)     16  : 0.0150 0.0606 0.0060 0.9064 0.0120
1435     1435   (0)     16  : 0.0050 0.0240 0.0040 0.9630 0.0040
1436     1436   (0)     16  : 0.0070 0.0130 0.0110 0.8973 0.0717
1437     1437   (0)     16  : 0.0053 0.0260 0.0020 0.9627 0.0040
1438     1438   (0)     16  : 0.0150 0.0060 0.0060 0.9670 0.0060
1439     1439   (0)     16  : 0.0060 0.0130 0.0040 0.8889 0.0881
1440     1440   (0)     16  : 0.0100 0.0223 0.0110 0.9100 0.0467
1441     1441   (0)     16  : 0.0070 0.0150 0.0040 0.9700 0.0040
1442     1442   (0)     16  : 0.0040 0.0180 0.0030 0.9320 0.0430
1443     1443   (0)     16  : 0.0050 0.2680 0.0020 0.7160 0.0090
1444     1444   (0)     16  : 0.0596 0.0040 0.0190 0.8657 0.0516
1445     1445   (0)     16  : 0.0050 0.0200 0.0070 0.8741 0.0939
1446     1446   (0)     16  : 0.0090 0.0030 0.0050 0.9770 0.0060
1447     1447   (0)     16  : 0.0060 0.0383 0.0030 0.9056 0.0470
1448     1448   (0)     16  : 0.0090 0.0310 0.0050 0.9300 0.0250
1449     1449   (0)     16  : 0.0050 0.0180 0.0060 0.9340 0.0370
1450     1450   (0)     16  : 0.0100 0.1340 0.0050 0.8420 0.0090
1451     1451   (0)     17  : 0.0300 0.0070 0.1077 0.8463 0.0090
1452     1452   (0)     17  : 0.1174 0.0030 0.0647 0.8079 0.0070
1453     1453   (0)     17  : 0.0207 0.0020 0.0040 0.9563 0.0170
1454     1454   (0)     17  : 0.0080 0.0070 0.0070 0.9690 0.0090
1455     1455   (0)     17  : 0.0073 0.0040 0.0050 0.9707 0.0130
1456     1456   (0)     17  : 0.0243 0.0040 0.0080 0.8411 0.1226
1457     1457   (0)     17  : 0.0040 0.0070 0.0190 0.5137 0.4564
1458     1458   (0)     17  : 0.0157 0.0030 0.0030 0.9253 0.0530
1459     1459   (0)     17  : 0.0050 0.0040 0.0403 0.9417 0.0090
1460     1460   (0)     17  : 0.0110 0.0030 0.0050 0.9693 0.0117
1461     1461   (0)     17  : 0.0334 0.0030 0.0040 0.9556 0.0040
1462     1462   (0)     17  : 0.0886 0.0080 0.0070 0.8874 0.0090
1463     1463   (0)     17  : 0.0070 0.0040 0.0337 0.9523 0.0030
1464     1464   (0)     17  : 0.0070 0.0040 0.0070 0.9450 0.0370
1465     1465   (0)     17  : 0.0380 0.0250 0.0260 0.8857 0.0253
1466     1466   (0)     17  : 0.0684 0.0070 0.0160 0.7405 0.1681
1467     1467   (0)     17  : 0.0100 0.0040 0.0050 0.9780 0.0030
1468     1468   (0)     17  : 0.0100 0.0040 0.0070 0.9469 0.0320
1469     1469   (0)     17  : 0.0040 0.0040 0.0143 0.9703 0.0073
1470     1470   (0)     17  : 0.0763 0.0447 0.0390 0.3787 0.4613
1471     1471   (0)     17  : 0.0070 0.0070 0.0050 0.9710 0.0100
1472     1472   (0)     17  : 0.0287 0.0120 0.0430 0.9114 0.0050
1473     1473   (0)     17  : 0.0050 0.0020 0.0070 0.8903 0.0957
1474     1474   (0)     17  : 0.0270 0.0150 0.0060 0.9450 0.0070
1475     1475   (0)     17  : 0.0050 0.0100 0.0030 0.9760 0.0060
1476     1476   (0)     17  : 0.2350 0.0030 0.0060 0.7260 0.0300
1477     1477   (0)     17  : 0.0030 0.0030 0.0090 0.9780 0.0070
1478     1478   (0)     17  : 0.0060 0.0120 0.0030 0.9223 0.0567
1479     1479   (0)     17  : 0.0080 0.0050 0.0030 0.9306 0.0534
1480     1480   (0)     17  : 0.0656 0.0050 0.0150 0.8714 0.0430
1481     1481   (0)     17  : 0.0040 0.0040 0.0070 0.9810 0.0040
1482     1482   (0)     17  : 0.0190 0.0190 0.0040 0.9160 0.0420
1483     1483   (0)     17  : 0.0050 0.0070 0.0040 0.8333 0.1507
1484     1484   (0)     17  : 0.0120 0.0060 0.0240 0.9183 0.0397
1485     1485   (0)     17  : 0.0100 0.0023 0.0110 0.9737 0.0030
1486     1486   (0)     17  : 0.0050 0.0030 0.0860 0.8630 0.0430
1487     1487   (0)     17  : 0.0093 0.0040 0.0070 0.9320 0.0477
1488     1488   (0)     17  : 0.0590 0.0040 0.0030 0.8310 0.1030
1489     1489   (0)     17  : 0.0110 0.0070 0.0110 0.9420 0.0290
1490     1490   (0)     17  : 0.0190 0.0040 0.0080 0.9247 0.0443
1491     1491   (0)     17  : 0.0030 0.0040 0.0060 0.7349 0.2521
1492     1492   (0)     17  : 0.0090 0.0100 0.0213 0.8920 0.0677
1493     1493   (0)     17  : 0.0070 0.0090 0.0210 0.9141 0.0490
1494     1494   (0)     17  : 0.0273 0.0040 0.0060 0.9436 0.0190
1495     1495   (0)     17  : 0.0130 0.0050 0.0303 0.8990 0.0527
1496     1496   (0)     17  : 0.0060 0.0140 0.0050 0.9680 0.0070
1497     1497   (0)     17  : 0.0120 0.0100 0.0197 0.8873 0.0710
1498     1498   (0)     17  : 0.0120 0.0580 0.0070 0.8933 0.0297
1499     1499   (0)     17  : 0.0240 0.0100 0.0060 0.7082 0.2518
1500     1500   (0)     17  : 0.0103 0.0030 0.0040 0.9787 0.0040
1501     1501   (0)     17  : 0.0080 0.0060 0.0050 0.7592 0.2218
1502     1502   (0)     17  : 0.0150 0.0040 0.0060 0.9720 0.0030
1503     1503   (0)     17  : 0.0330 0.0070 0.0070 0.9440 0.0090
1504     1504   (0)     17  : 0.0140 0.0030 0.0070 0.9560 0.0200
1505     1505   (0)     17  : 0.0260 0.0280 0.0050 0.9351 0.0060
1506     1506   (0)     17  : 0.0080 0.0050 0.0050 0.7370 0.2450
1507     1507   (0)     17  : 0.0090 0.2811 0.0080 0.6667 0.0353
1508     1508   (0)     17  : 0.0140 0.0040 0.0050 0.9720 0.0050
1509     1509   (0)     17  : 0.0107 0.0040 0.0253 0.8387 0.1213
1510     1510   (0)     17  : 0.0060 0.0030 0.0050 0.8110 0.1750
1511     1511   (0)     17  : 0.0080 0.0050 0.0060 0.9700 0.0110
1512     1512   (0)     17  : 0.0130 0.0030 0.0060 0.8411 0.1370
1513     1513   (0)     17  : 0.0150 0.0040 0.0170 0.7476 0.2164
1514     1514   (0)     17  : 0.0170 0.0023 0.0433 0.9073 0.0300
1515     1515   (0)     17  : 0.0100 0.0120 0.0060 0.9260 0.0460
1516     1516   (0)     17  : 0.2608 0.0180 0.0610 0.6422 0.0180
1517     1517   (0)     17  : 0.0140 0.0087 0.0030 0.9683 0.0060
1518     1518   (0)     17  : 0.0057 0.0040 0.0090 0.9773 0.0040
1519     1519   (0)     17  : 0.0070 0.0040 0.0040 0.9730 0.0120
1520     1520   (0)     17  : 0.0133 0.0050 0.1203 0.8310 0.0303
1521     1521   (0)     17  : 0.0150 0.0110 0.0060 0.9440 0.0240
1522     1522   (0)     17  : 0.0090 0.0453 0.0187 0.7971 0.1300
1523     1523   (0)     17  : 0.0060 0.0030 0.0080 0.8522 0.1308
1524     1524   (0)     17  : 0.0060 0.0037 0.0050 0.9803 0.0050
1525     1525   (0)     17  : 0.0090 0.0040 0.0140 0.9610 0.0120
1526     1526   (0)     17  : 0.1932 0.0047 0.0190 0.7648 0.0183
1527     1527   (0)     17  : 0.0160 0.0040 0.0080 0.8969 0.0751
1528     1528   (0)     17  : 0.0080 0.0300 0.0420 0.8914 0.0287
1529     1529   (0)     17  : 0.0100 0.0070 0.0090 0.9230 0.0510
1530     1530   (0)     17  : 0.0347 0.0180 0.0897 0.8526 0.0050
1531     1531   (0)     17  : 0.0700 0.0190 0.0090 0.8790 0.0230
1532     1532   (0)     17  : 0.0337 0.0040 0.0243 0.9260 0.0120
1533     1533   (0)     17  : 0.0337 0.0230 0.0030 0.9123 0.0280
1534     1534   (0)     17  : 0.0030 0.0050 0.0130 0.9323 0.0467
1535     1535   (0)     17  : 0.0053 0.0040 0.0080 0.9787 0.0040
1536     1536   (0)     17  : 0.0060 0.0070 0.0110 0.9650 0.0110
1537     1537   (0)     17  : 0.0220 0.0260 0.0070 0.8708 0.0743
1538     1538   (0)     17  : 0.0170 0.0050 0.0130 0.9450 0.0200
1539     1539   (0)     17  : 0.1513 0.0040 0.0050 0.6603 0.1793
1540     1540   (0)     17  : 0.0090 0.0040 0.0883 0.8937 0.0050
1541     1541   (0)     17  : 0.0270 0.0030 0.1016 0.8614 0.0070
1542     1542   (0)     17  : 0.0120 0.0040 0.0290 0.9270 0.0280
1543     1543   (0)     17  : 0.0100 0.0030 0.0030 0.9117 0.0723
1544     1544   (0)     17  : 0.0090 0.0050 0.0853 0.7455 0.1552
1545     1545   (0)     17  : 0.0080 0.0050 0.0480 0.7337 0.2053
1546     1546   (0)     17  : 0.0090 0.0050 0.0160 0.9301 0.0400
1547     1547   (0)     17  : 0.0210 0.0170 0.0090 0.9431 0.0100
1548     1548   (0)     17  : 0.0080 0.0050 0.3436 0.6261 0.0173
1549     1549   (0)     17  : 0.0050 0.0030 0.0120 0.9057 0.0743
1550     1550   (0)     17  : 0.0217 0.0040 0.0606 0.8554 0.0583
1551     1551   (0)     18  : 0.0030 0.9080 0.0020 0.0040 0.0830
1552     1552   (0)     18  : 0.0030 0.9610 0.0060 0.0080 0.0220
1553     1553   (0)     18  : 0.0020 0.9720 0.0020 0.0040 0.0200
1554     1554   (0)     18  : 0.0050 0.8827 0.0030 0.0040 0.1053
1555     1555   (0)     18  : 0.0030 0.9510 0.0150 0.0070 0.0240
1556     1556   (0)     18  : 0.0030 0.8629 0.0020 0.0040 0.1281
1557     1557   (0)     18  : 0.0040 0.7283 0.0040 0.0040 0.2597
1558     1558   (0)     18  : 0.0040 0.7923 0.0090 0.0120 0.1827
1559     1559   (0)     18  : 0.0030 0.8530 0.0060 0.0090 0.1290
1560     1560   (0)     18  : 0.0040 0.8079 0.0030 0.0050 0.1801
1561     1561   (0)     18  : 0.0070 0.8314 0.0030 0.0110 0.1476
1562     1562   (0)     18  : 0.0100 0.9413 0.0040 0.0070 0.0377
1563     1563   (0)     18  : 0.0040 0.6071 0.0040 0.0160 0.3689
1564     1564   (0)     18  : 0.0160 0.9360 0.0100 0.0160 0.0220
1565     1565   (0)     18  : 0.0033 0.9236 0.0630 0.0040 0.0060
1566     1566   (0)     18  : 0.0020 0.8701 0.0030 0.0030 0.1219
1567     1567   (0)     18  : 0.0050 0.9534 0.0100 0.0050 0.0266
1568     1568   (0)     18  : 0.0040 0.9700 0.0020 0.0040 0.0200
1569     1569   (0)     18  : 0.0030 0.9647 0.0033 0.0040 0.0250
1570     1570   (0)     18  : 0.0030 0.9863 0.0030 0.0030 0.0047
1571     1571   (0)     18  : 0.0170 0.9183 0.0070 0.0060 0.0517
1572     1572   (0)     18  : 0.0030 0.9720 0.0050 0.0060 0.0140
1573     1573   (0)     18  : 0.0110 0.8734 0.0040 0.0177 0.0940
1574     1574   (0)     18  : 0.0070 0.7994 0.0060 0.0070 0.1806
1575     1575   (0)     18  : 0.0040 0.9324 0.0240 0.0037 0.0360
1576     1576   (0)     18  : 0.0120 0.9180 0.0060 0.0110 0.0530
1577     1577   (0)     18  : 0.0210 0.8517 0.0340 0.0177 0.0756
1578     1578   (0)     18  : 0.0130 0.9344 0.0420 0.0067 0.0040
1579     1579   (0)     18  : 0.0030 0.9460 0.0020 0.0030 0.0460
1580     1580   (0)     18  : 0.0133 0.6958 0.0090 0.0120 0.2699
1581     1581   (0)     18  : 0.0033 0.9533 0.0020 0.0040 0.0373
1582     1582   (0)     18  : 0.0080 0.8970 0.0070 0.0070 0.0810
1583     1583   (0)     18  : 0.0100 0.8392 0.0060 0.0070 0.1379
1584     1584   (0)     18  : 0.0040 0.8065 0.0090 0.0070 0.1736
1585     1585   (0)     18  : 0.0496 0.8994 0.0040 0.0370 0.0100
1586     1586   (0)     18  : 0.0523 0.7933 0.0520 0.0533 0.0490
1587     1587   (0)     18  : 0.0080 0.8464 0.0040 0.0277 0.1140
1588     1588   (0)     18  : 0.0150 0.9050 0.0060 0.0330 0.0410
1589     1589   (0)     18  : 0.0020 0.8770 0.0040 0.0040 0.1130
1590     1590   (0)     18  : 0.0050 0.9086 0.0030 0.0107 0.0727
1591     1591   (0)     18  : 0.0030 0.7221 0.0110 0.0030 0.2609
1592     1592   (0)     18  : 0.0050 0.8107 0.0030 0.0090 0.1723
1593     1593   (0)     18  : 0.0030 0.9860 0.0030 0.0040 0.0040
1594     1594   (0)     18  : 0.0050 0.9434 0.0030 0.0040 0.0446
1595     1595   (0)     18  : 0.0030 0.7920 0.0020 0.0030 0.2000
1596     1596   (0)     18  : 0.0080 0.9014 0.0070 0.0070 0.0766
1597     1597   (0)     18  : 0.0100 0.8847 0.0070 0.0120 0.0863
1598     1598   (0)     18  : 0.0040 0.9343 0.0040 0.0050 0.0527
1599     1599   (0)     18  : 0.0030 0.9060 0.0030 0.0060 0.0820
1600     1600   (0)     18  : 0.0060 0.9247 0.0040 0.0213 0.0440
1601     1601   (0)     18  : 0.0100 0.7390 0.0283 0.0100 0.2127
1602     1602   (0)     18  : 0.0030 0.9570 0.0090 0.0050 0.0260
1603     1603   (0)     18  : 0.0060 0.8937 0.0110 0.0190 0.0703
1604     1604   (0)     18  : 0.0040 0.9477 0.0090 0.0070 0.0323
1605     1605   (0)     18  : 0.0030 0.9460 0.0040 0.0160 0.0310
1606     1606   (0)     18  : 0.0060 0.7933 0.0040 0.0080 0.1887
1607     1607   (0)     18  : 0.0070 0.9473 0.0030 0.0097 0.0330
1608     1608   (0)     18  : 0.0050 0.8081 0.0030 0.0040 0.1799
1609     1609   (0)     18  : 0.0070 0.8150 0.0030 0.0357 0.1393
1610     1610   (0)     18  : 0.0040 0.9830 0.0020 0.0060 0.0050
1611     1611   (0)     18  : 0.0030 0.8209 0.0020 0.0040 0.1701
1612     1612   (0)     18  : 0.0030 0.9727 0.0140 0.0047 0.0057
1613     1613   (0)     18  : 0.0470 0.8607 0.0090 0.0537 0.0297
1614     1614   (0)     18  : 0.0050 0.9843 0.0030 0.0047 0.0030
1615     1615   (0)     18  : 0.0030 0.9780 0.0020 0.0030 0.0140
1616     1616   (0)     18  : 0.0030 0.9860 0.0020 0.0030 0.0060
1617     1617   (0)     18  : 0.0030 0.9460 0.0030 0.0030 0.0450
1618     1618   (0)     18  : 0.0040 0.9143 0.0020 0.0077 0.0720
1619     1619   (0)     18  : 0.0023 0.9907 0.0020 0.0030 0.0020
1620     1620   (0)     18  : 0.0050 0.9450 0.0030 0.0160 0.0310
1621     1621   (0)     18  : 0.0337 0.7057 0.0287 0.0180 0.2140
1622     1622   (0)     18  : 0.0080 0.7205 0.0230 0.0190 0.2295
1623     1623   (0)     18  : 0.0140 0.9150 0.0250 0.0130 0.0330
1624     1624   (0)     18  : 0.0247 0.9046 0.0420 0.0053 0.0233
1625     1625   (0)     18  : 0.0040 0.7750 0.0030 0.0040 0.2140
1626     1626   (0)     18  : 0.0030 0.8703 0.0030 0.0040 0.1197
1627     1627   (0)     18  : 0.0030 0.9027 0.0283 0.0100 0.0560
1628     1628   (0)     18  : 0.0030 0.8424 0.0027 0.0100 0.1420
1629     1629   (0)     18  : 0.0050 0.9740 0.0100 0.0060 0.0050
1630     1630   (0)     18  : 0.0137 0.8680 0.0070 0.0143 0.0970
1631     1631   (0)     18  : 0.0030 0.9557 0.0050 0.0080 0.0283
1632     1632   (0)     18  : 0.0050 0.8684 0.0060 0.0120 0.1086
1633     1633   (0)     18  : 0.0070 0.9813 0.0047 0.0040 0.0030
1634     1634   (0)     18  : 0.0110 0.9540 0.0080 0.0140 0.0130
1635     1635   (0)     18  : 0.0020 0.9269 0.0050 0.0050 0.0611
1636     1636   (0)     18  : 0.0030 0.9860 0.0040 0.0040 0.0030
1637     1637   (0)     18  : 0.0050 0.9570 0.0040 0.0100 0.0240
1638     1638   (0)     18  : 0.0030 0.8600 0.0030 0.0030 0.1310
1639     1639   (0)     18  : 0.0070 0.8147 0.0050 0.0080 0.1653
1640     1640   (0)     18  : 0.0050 0.9510 0.0020 0.0290 0.0130
1641     1641   (0)     18  : 0.0060 0.9237 0.0030 0.0040 0.0633
1642     1642   (0)     18  : 0.0153 0.8529 0.0060 0.0073 0.1185
1643     1643   (0)     18  : 0.0030 0.9880 0.0020 0.0040 0.0030
1644     1644   (0)     18  : 0.0030 0.9637 0.0030 0.0120 0.0183
1645     1645   (0)     18  : 0.0070 0.8870 0.0050 0.0030 0.0980
1646     1646   (0)     18  : 0.0040 0.8203 0.0050 0.0080 0.1627
1647     1647   (0)     18  : 0.0030 0.8840 0.0050 0.0140 0.0940
1648     1648   (0)     18  : 0.0340 0.9284 0.0040 0.0157 0.0180
1649     1649   (0)     18  : 0.0040 0.9740 0.0030 0.0060 0.0130
1650     1650   (0)     18  : 0.0030 0.8983 0.0030 0.0113 0.0843
1651     1651   (0)     19  : 0.0030 0.0040 0.7445 0.0117 0.2368
1652     1652   (0)     19  : 0.0230 0.0090 0.8936 0.0067 0.0677
1653     1653   (0)     19  : 0.0120 0.0050 0.8749 0.0240 0.0841
1654     1654   (0)     19  : 0.1196 0.0040 0.8314 0.0243 0.0207
1655     1655   (0)     19  : 0.0254 0.0040 0.9126 0.0170 0.0410
1656     1656   (0)     19  : 0.0040 0.0030 0.9490 0.0040 0.0400
1657     1657   (0)     19  : 0.0370 0.0600 0.8880 0.0070 0.0080
1658     1658   (0)     19  : 0.0060 0.0030 0.8910 0.0080 0.0920
1659     1659   (0)     19  : 0.0070 0.0020 0.9760 0.0030 0.0120
1660     1660   (0)     19  : 0.0140 0.0150 0.8300 0.0190 0.1220
1661     1661   (0)     19  : 0.0060 0.0120 0.9437 0.0290 0.0093
1662     1662   (0)     19  : 0.0170 0.0150 0.9380 0.0200 0.0100
1663     1663   (0)     19  : 0.0040 0.0040 0.8833 0.0030 0.1057
1664     1664   (0)     19  : 0.0040 0.0080 0.9710 0.0100 0.0070
1665     1665   (0)     19  : 0.0040 0.0087 0.8654 0.0247 0.0973
1666     1666   (0)     19  : 0.0230 0.0140 0.8817 0.0520 0.0293
1667     1667   (0)     19  : 0.0080 0.0100 0.8360 0.0080 0.1380
1668     1668   (0)     19  : 0.0060 0.0030 0.8060 0.0090 0.1760
1669     1669   (0)     19  : 0.0060 0.0090 0.9630 0.0063 0.0157
1670     1670   (0)     19  : 0.0130 0.0030 0.9351 0.0040 0.0450
1671     1671   (0)     19  : 0.0420 0.0387 0.8896 0.0127 0.0170
1672     1672   (0)     19  : 0.0254 0.0170 0.7658 0.1081 0.0838
1673     1673   (0)     19  : 0.0117 0.0030 0.9016 0.0100 0.0737
1674     1674   (0)     19  : 0.0050 0.0040 0.9850 0.0030 0.0030
1675     1675   (0)     19  : 0.0093 0.0110 0.8956 0.0170 0.0670
1676     1676   (0)     19  : 0.0050 0.0040 0.9004 0.0070 0.0836
1677     1677   (0)     19  : 0.0183 0.0080 0.8316 0.0100 0.1320
1678     1678   (0)     19  : 0.0690 0.0130 0.9011 0.0060 0.0110
1679     1679   (0)     19  : 0.0080 0.0120 0.8500 0.0060 0.1240
1680     1680   (0)     19  : 0.0030 0.0040 0.9103 0.0040 0.0787
1681     1681   (0)     19  : 0.0320 0.0040 0.9253 0.0090 0.0297
1682     1682   (0)     19  : 0.0110 0.0050 0.9680 0.0080 0.0080
1683     1683   (0)     19  : 0.0040 0.0267 0.8037 0.0110 0.1546
1684     1684   (0)     19  : 0.0050 0.0020 0.8003 0.0037 0.1890
1685     1685   (0)     19  : 0.0020 0.0020 0.9540 0.0040 0.0380
1686     1686   (0)     19  : 0.0040 0.0030 0.8427 0.0060 0.1443
1687     1687   (0)     19  : 0.0040 0.0030 0.9203 0.0070 0.0657
1688     1688   (0)     19  : 0.0040 0.0030 0.9760 0.0030 0.0140
1689     1689   (0)     19  : 0.0260 0.0020 0.9147 0.0220 0.0353
1690     1690   (0)     19  : 0.0050 0.0070 0.9710 0.0030 0.0140
1691     1691   (0)     19  : 0.0317 0.1413 0.7537 0.0120 0.0613
1692     1692   (0)     19  : 0.0080 0.0080 0.8220 0.0110 0.1510
1693     1693   (0)     19  : 0.0080 0.0406 0.7080 0.0070 0.2364
1694     1694   (0)     19  : 0.0040 0.0020 0.9900 0.0020 0.0020
1695     1695   (0)     19  : 0.0060 0.0030 0.9040 0.0160 0.0710
1696     1696   (0)     19  : 0.0200 0.0130 0.8358 0.0250 0.1061
1697     1697   (0)     19  : 0.0100 0.0060 0.8192 0.0280 0.1369
1698     1698   (0)     19  : 0.0037 0.1553 0.7634 0.0340 0.0437
1699     1699   (0)     19  : 0.0040 0.0796 0.8824 0.0200 0.0140
1700     1700   (0)     19  : 0.0093 0.0040 0.8767 0.0050 0.1050
1701     1701   (0)     19  : 0.0070 0.0050 0.9780 0.0050 0.0050
1702     1702   (0)     19  : 0.0060 0.0030 0.8776 0.0070 0.1064
1703     1703   (0)     19  : 0.0060 0.0050 0.8530 0.0070 0.1290
1704     1704   (0)     19  : 0.0110 0.0150 0.8309 0.0180 0.1250
1705     1705   (0)     19  : 0.0093 0.0197 0.8200 0.0560 0.0950
1706     1706   (0)     19  : 0.0077 0.0030 0.8264 0.0180 0.1450
1707     1707   (0)     19  : 0.0050 0.0030 0.8552 0.0260 0.1107
1708     1708   (0)     19  : 0.0080 0.0030 0.8919 0.0090 0.0881
1709     1709   (0)     19  : 0.0050 0.0020 0.9870 0.0030 0.0030
1710     1710   (0)     19  : 0.0140 0.0030 0.6688 0.0070 0.3072
1711     1711   (0)     19  : 0.0030 0.0020 0.8467 0.0043 0.1440
1712     1712   (0)     19  : 0.0190 0.0030 0.8740 0.0060 0.0980
1713     1713   (0)     19  : 0.0030 0.0070 0.9696 0.0113 0.0090
1714     1714   (0)     19  : 0.1080 0.0090 0.7794 0.0170 0.0866
1715     1715   (0)     19  : 0.0073 0.0030 0.9457 0.0100 0.0340
1716     1716   (0)     19  : 0.0040 0.0030 0.9850 0.0030 0.0050
1717     1717   (0)     19  : 0.0030 0.0020 0.9890 0.0030 0.0030
1718     1718   (0)     19  : 0.0230 0.0030 0.9450 0.0040 0.0250
1719     1719   (0)     19  : 0.0040 0.0020 0.8947 0.0030 0.0963
1720     1720   (0)     19  : 0.0137 0.0120 0.9463 0.0210 0.0070
1721     1721   (0)     19  : 0.0190 0.0050 0.8311 0.0120 0.1329
1722     1722   (0)     19  : 0.0210 0.0020 0.9099 0.0250 0.0420
1723     1723   (0)     19  : 0.0070 0.0030 0.9091 0.0060 0.0749
1724     1724   (0)     19  : 0.0130 0.0080 0.9033 0.0193 0.0564
1725     1725   (0)     19  : 0.0060 0.0090 0.8025 0.0607 0.1217
1726     1726   (0)     19  : 0.0150 0.0060 0.8059 0.0100 0.1631
1727     1727   (0)     19  : 0.0100 0.0030 0.9560 0.0050 0.0260
1728     1728   (0)     19  : 0.0170 0.0070 0.9050 0.0077 0.0634
1729     1729   (0)     19  : 0.0100 0.0040 0.9246 0.0060 0.0554
1730     1730   (0)     19  : 0.0237 0.0050 0.8193 0.0360 0.1160
1731     1731   (0)     19  : 0.0170 0.0147 0.8122 0.0206 0.1355
1732     1732   (0)     19  : 0.0040 0.0100 0.8883 0.0120 0.0857
1733     1733   (0)     19  : 0.0690 0.0147 0.8380 0.0443 0.0340
1734     1734   (0)     19  : 0.0040 0.0030 0.9890 0.0020 0.0020
1735     1735   (0)     19  : 0.0020 0.0030 0.9790 0.0030 0.0130
1736     1736   (0)     19  : 0.0090 0.0020 0.9540 0.0190 0.0160
1737     1737   (0)     19  : 0.0050 0.0050 0.8400 0.0383 0.1117
1738     1738   (0)     19  : 0.0080 0.0030 0.9510 0.0140 0.0240
1739     1739   (0)     19  : 0.0050 0.0060 0.8102 0.0030 0.1758
1740     1740   (0)     19  : 0.0070 0.0050 0.9090 0.0260 0.0530
1741     1741   (0)     19  : 0.0050 0.0070 0.8311 0.0193 0.1376
1742     1742   (0)     19  : 0.0040 0.0050 0.8193 0.0060 0.1657
1743     1743   (0)     19  : 0.0130 0.0040 0.9760 0.0040 0.0030
1744     1744   (0)     19  : 0.0333 0.0240 0.8280 0.0547 0.0600
1745     1745   (0)     19  : 0.0080 0.0050 0.9563 0.0053 0.0253
1746     1746   (0)     19  : 0.0050 0.0050 0.9164 0.0060 0.0676
1747     1747   (0)     19  : 0.0040 0.0030 0.9497 0.0343 0.0090
1748     1748   (0)     19  : 0.0030 0.0020 0.9850 0.0040 0.0060
1749     1749   (0)     19  : 0.0323 0.0060 0.8696 0.0530 0.0390
1750     1750   (0)     19  : 0.0040 0.0030 0.9863 0.0037 0.0030
1751     1751   (0)     20  : 0.9797 0.0050 0.0050 0.0073 0.0030
1752     1752   (0)     20  : 0.9727 0.0070 0.0060 0.0113 0.0030
1753     1753   (0)     20  : 0.7522 0.0020 0.0143 0.0100 0.2215
1754     1754   (0)     20  : 0.8900 0.0060 0.0070 0.0080 0.0890
1755     1755   (0)     20  : 0.7940 0.0090 0.0060 0.0130 0.1780
1756     1756   (0)     20  : 0.9079 0.0040 0.0531 0.0200 0.0150
1757     1757   (0)     20  : 0.8570 0.0150 0.0243 0.0410 0.0627
1758     1758   (0)     20  : 0.9670 0.0040 0.0190 0.0070 0.0030
1759     1759   (0)     20  : 0.9550 0.0060 0.0040 0.0050 0.0300
1760     1760   (0)     20  : 0.8503 0.0353 0.0160 0.0253 0.0730
1761     1761   (0)     20  : 0.9673 0.0040 0.0050 0.0110 0.0127
1762     1762   (0)     20  : 0.8733 0.0040 0.0070 0.0060 0.1097
1763     1763   (0)     20  : 0.9300 0.0127 0.0253 0.0260 0.0060
1764     1764   (0)     20  : 0.7378 0.0050 0.2033 0.0100 0.0440
1765     1765   (0)     20  : 0.9670 0.0040 0.0040 0.0090 0.0160
1766     1766   (0)     20  : 0.7660 0.0070 0.0120 0.0303 0.1847
1767     1767   (0)     20  : 0.8881 0.0703 0.0040 0.0220 0.0157
1768     1768   (0)     20  : 0.7596 0.1484 0.0080 0.0400 0.0440
1769     1769   (0)     20  : 0.9503 0.0080 0.0040 0.0050 0.0327
1770     1770   (0)     20  : 0.8960 0.0030 0.0130 0.0080 0.0800
1771     1771   (0)     20  : 0.9800 0.0030 0.0040 0.0070 0.0060
1772     1772   (0)     20  : 0.9697 0.0063 0.0050 0.0110 0.0080
1773     1773   (0)     20  : 0.9240 0.0380 0.0100 0.0230 0.0050
1774     1774   (0)     20  : 0.9499 0.0030 0.0090 0.0120 0.0260
1775     1775   (0)     20  : 0.7564 0.0070 0.0090 0.0050 0.2226
1776     1776   (0)     20  : 0.9860 0.0040 0.0050 0.0030 0.0020
1777     1777   (0)     20  : 0.8387 0.0030 0.0030 0.0050 0.1503
1778     1778   (0)     20  : 0.7260 0.0250 0.0050 0.0050 0.2390
1779     1779   (0)     20  : 0.8760 0.0370 0.0580 0.0150 0.0140
1780     1780   (0)     20  : 0.8230 0.0130 0.0070 0.0100 0.1470
1781     1781   (0)     20  : 0.9020 0.0040 0.0290 0.0460 0.0190
1782     1782   (0)     20  : 0.9610 0.0110 0.0090 0.0130 0.0060
1783     1783   (0)     20  : 0.8914 0.0187 0.0030 0.0110 0.0759
1784     1784   (0)     20  : 0.9527 0.0070 0.0070 0.0283 0.0050
1785     1785   (0)     20  : 0.9267 0.0090 0.0040 0.0150 0.0453
1786     1786   (0)     20  : 0.9227 0.0070 0.0070 0.0450 0.0183
1787     1787   (0)     20  : 0.9780 0.0050 0.0030 0.0090 0.0050
1788     1788   (0)     20  : 0.9614 0.0060 0.0117 0.0050 0.0160
1789     1789   (0)     20  : 0.8813 0.0060 0.0090 0.0080 0.0957
1790     1790   (0)     20  : 0.8687 0.0030 0.1063 0.0070 0.0150
1791     1791   (0)     20  : 0.9590 0.0150 0.0130 0.0090 0.0040
1792     1792   (0)     20  : 0.9123 0.0140 0.0193 0.0140 0.0403
1793     1793   (0)     20  : 0.9870 0.0040 0.0020 0.0040 0.0030
1794     1794   (0)     20  : 0.8311 0.0097 0.0030 0.0110 0.1453
1795     1795   (0)     20  : 0.9149 0.0080 0.0040 0.0090 0.0640
1796     1796   (0)     20  : 0.9004 0.0233 0.0070 0.0127 0.0566
1797     1797   (0)     20  : 0.9580 0.0050 0.0180 0.0130 0.0060
1798     1798   (0)     20  : 0.9593 0.0177 0.0070 0.0110 0.0050
1799     1799   (0)     20  : 0.7647 0.0090 0.0150 0.0393 0.1719
1800     1800   (0)     20  : 0.8460 0.0043 0.0157 0.0170 0.1170
1801     1801   (0)     20  : 0.9481 0.0040 0.0080 0.0100 0.0300
1802     1802   (0)     20  : 0.9357 0.0090 0.0443 0.0080 0.0030
1803     1803   (0)     20  : 0.9270 0.0410 0.0040 0.0040 0.0240
1804     1804   (0)     20  : 0.8299 0.0490 0.0040 0.0560 0.0610
1805     1805   (0)     20  : 0.9520 0.0320 0.0050 0.0080 0.0030
1806     1806   (0)     20  : 0.8434 0.0030 0.0080 0.0683 0.0773
1807     1807   (0)     20  : 0.7640 0.0040 0.0080 0.0140 0.2100
1808     1808   (0)     20  : 0.9710 0.0050 0.0040 0.0070 0.0130
1809     1809   (0)     20  : 0.7793 0.0183 0.0160 0.0570 0.1294
1810     1810   (0)     20  : 0.8313 0.0300 0.0233 0.0203 0.0950
1811     1811   (0)     20  : 0.7241 0.0150 0.0190 0.1258 0.1161
1812     1812   (0)     20  : 0.8187 0.0716 0.0040 0.0506 0.0550
1813     1813   (0)     20  : 0.8311 0.0350 0.0060 0.0080 0.1200
1814     1814   (0)     20  : 0.9713 0.0110 0.0080 0.0057 0.0040
1815     1815   (0)     20  : 0.9706 0.0060 0.0163 0.0040 0.0030
1816     1816   (0)     20  : 0.9644 0.0147 0.0070 0.0070 0.0070
1817     1817   (0)     20  : 0.9800 0.0030 0.0090 0.0050 0.0030
1818     1818   (0)     20  : 0.8736 0.0030 0.0040 0.0040 0.1154
1819     1819   (0)     20  : 0.9617 0.0030 0.0203 0.0090 0.0060
1820     1820   (0)     20  : 0.8163 0.1107 0.0040 0.0410 0.0280
1821     1821   (0)     20  : 0.8716 0.0043 0.0050 0.0050 0.1141
1822     1822   (0)     20  : 0.9777 0.0083 0.0060 0.0050 0.0030
1823     1823   (0)     20  : 0.7833 0.0207 0.0190 0.1417 0.0353
1824     1824   (0)     20  : 0.8743 0.0063 0.0080 0.0250 0.0864
1825     1825   (0)     20  : 0.8487 0.0083 0.0060 0.0090 0.1280
1826     1826   (0)     20  : 0.9267 0.0120 0.0073 0.0057 0.0483
1827     1827   (0)     20  : 0.9860 0.0030 0.0030 0.0040 0.0040
1828     1828   (0)     20  : 0.8423 0.0050 0.0050 0.0060 0.1417
1829     1829   (0)     20  : 0.9216 0.0080 0.0130 0.0160 0.0414
1830     1830   (0)     20  : 0.9790 0.0090 0.0040 0.0040 0.0040
1831     1831   (0)     20  : 0.7817 0.0050 0.0190 0.0070 0.1873
1832     1832   (0)     20  : 0.9350 0.0110 0.0440 0.0040 0.0060
1833     1833   (0)     20  : 0.9680 0.0060 0.0090 0.0070 0.0100
1834     1834   (0)     20  : 0.8943 0.0680 0.0060 0.0120 0.0197
1835     1835   (0)     20  : 0.8663 0.0150 0.0733 0.0057 0.0397
1836     1836   (0)     20  : 0.9810 0.0050 0.0040 0.0070 0.0030
1837     1837   (0)     20  : 0.8530 0.0290 0.0127 0.0280 0.0773
1838     1838   (0)     20  : 0.7287 0.0050 0.0070 0.0280 0.2313
1839     1839   (0)     20  : 0.8114 0.0140 0.0050 0.0190 0.1506
1840     1840   (0)     20  : 0.9437 0.0050 0.0090 0.0163 0.0260
1841     1841   (0)     20  : 0.9800 0.0050 0.0040 0.0040 0.0070
1842     1842   (0)     20  : 0.9383 0.0110 0.0110 0.0153 0.0243
1843     1843   (0)     20  : 0.9470 0.0060 0.0030 0.0130 0.0310
1844     1844   (0)     20  : 0.9020 0.0050 0.0750 0.0080 0.0100
1845     1845   (0)     20  : 0.9790 0.0060 0.0030 0.0050 0.0070
1846     1846   (0)     20  : 0.8474 0.0040 0.0150 0.0067 0.1269
1847     1847   (0)     20  : 0.9633 0.0123 0.0050 0.0050 0.0143
1848     1848   (0)     20  : 0.9187 0.0233 0.0050 0.0090 0.0440
1849     1849   (0)     20  : 0.9574 0.0110 0.0050 0.0080 0.0186
1850     1850   (0)     20  : 0.7630 0.0040 0.0060 0.0030 0.2240
1851     1851  (10)     21  : 0.0150 0.0050 0.0040 0.9730 0.0030
1852     1852   (0)     21  : 0.3055 0.0070 0.0090 0.6714 0.0070
1853     1853   (0)     21  : 0.0040 0.1130 0.0040 0.8620 0.0170
1854     1854   (0)     21  : 0.0080 0.0090 0.0050 0.9740 0.0040
1855     1855   (0)     21  : 0.1207 0.0050 0.0640 0.8053 0.0050
1856     1856   (5)     21  : 0.0730 0.0050 0.0560 0.8621 0.0040
1857     1857   (0)     21  : 0.0110 0.0050 0.0030 0.9780 0.0030
1858     1858   (0)     21  : 0.0050 0.0020 0.0060 0.9830 0.0040
1859     1859   (0)     21  : 0.0100 0.2023 0.0050 0.7807 0.0020
1860     1860   (0)     21  : 0.0190 0.0030 0.0200 0.9291 0.0290
1861     1861   (0)     21  : 0.0203 0.5592 0.0050 0.4125 0.0030
1862     1862   (0)     21  : 0.0090 0.0100 0.0030 0.9740 0.0040
1863     1863   (0)     21  : 0.0110 0.0080 0.0030 0.9760 0.0020
1864     1864   (0)     21  : 0.0110 0.0040 0.0070 0.9740 0.0040
1865     1865   (5)     21  : 0.0030 0.0130 0.0020 0.9783 0.0037
1866     1866   (0)     21  : 0.0080 0.0050 0.0030 0.9790 0.0050
1867     1867   (0)     21  : 0.0060 0.0170 0.0050 0.9640 0.0080
1868     1868   (0)     21  : 0.0060 0.0160 0.0040 0.9710 0.0030
1869     1869   (0)     21  : 0.0826 0.0050 0.0070 0.9014 0.0040
1870     1870   (0)     21  : 0.0040 0.0040 0.0030 0.9870 0.0020
1871     1871   (0)     21  : 0.0100 0.0040 0.0040 0.9790 0.0030
1872     1872   (5)     21  : 0.0050 0.0080 0.0060 0.9770 0.0040
1873     1873   (5)     21  : 0.0107 0.1516 0.0040 0.8288 0.0050
1874     1874   (5)     21  : 0.0060 0.0080 0.0080 0.9730 0.0050
1875     1875   (0)     21  : 0.0100 0.0030 0.0090 0.9720 0.0060
1876     1876   (0)     21  : 0.0060 0.0030 0.0040 0.9840 0.0030
1877     1877   (0)     21  : 0.0233 0.0100 0.0040 0.9597 0.0030
1878     1878   (0)     21  : 0.0040 0.0023 0.0143 0.9743 0.0050
1879     1879   (0)     21  : 0.0223 0.0050 0.0040 0.9657 0.0030
1880     1880   (0)     21  : 0.0070 0.0150 0.0040 0.9657 0.0083
1881     1881   (0)     21  : 0.0050 0.0423 0.0040 0.9416 0.0070
1882     1882   (0)     21  : 0.0050 0.0090 0.0030 0.9790 0.0040
1883     1883   (0)     21  : 0.0210 0.0040 0.0060 0.9653 0.0037
1884     1884   (0)     21  : 0.0030 0.0117 0.0040 0.9774 0.0040
1885     1885   (0)     21  : 0.0997 0.0040 0.0060 0.8853 0.0050
1886     1886   (0)     21  : 0.0060 0.0573 0.0060 0.9257 0.0050
1887     1887   (5)     21  : 0.0340 0.0190 0.0050 0.9360 0.0060
1888     1888   (0)     21  : 0.0110 0.0100 0.0030 0.9660 0.0100
1889     1889   (0)     21  : 0.0117 0.0070 0.0043 0.9740 0.0030
1890     1890   (0)     21  : 0.0050 0.0080 0.0040 0.9780 0.0050
1891     1891   (0)     21  : 0.0120 0.0100 0.0060 0.9670 0.0050
1892     1892   (0)     21  : 0.0030 0.0090 0.0050 0.9780 0.0050
1893     1893   (5)     21  : 0.0090 0.0170 0.0040 0.9660 0.0040
1894     1894   (5)     21  : 0.0197 0.0150 0.0110 0.9474 0.0070
1895     1895   (5)     21  : 0.0117 0.0297 0.0080 0.9457 0.0050
1896     1896   (5)     21  : 0.0080 0.0203 0.0050 0.9606 0.0060
1897     1897   (5)     21  : 0.0050 0.0143 0.0050 0.9677 0.0080
1898     1898   (5)     21  : 0.0077 0.0120 0.0050 0.9613 0.0140
1899     1899   (0)     21  : 0.0040 0.0070 0.0050 0.9810 0.0030
1900     1900   (5)     21  : 0.0150 0.0110 0.0030 0.9680 0.0030
1901     1901   (0)     21  : 0.0497 0.0070 0.0070 0.9323 0.0040
1902     1902   (0)     21  : 0.0120 0.0220 0.0110 0.9500 0.0050
1903     1903   (0)     21  : 0.0160 0.0160 0.0030 0.9620 0.0030
1904     1904   (0)     21  : 0.0080 0.0040 0.0030 0.9820 0.0030
1905     1905   (0)     21  : 0.0160 0.0080 0.0480 0.9230 0.0050
1906     1906   (0)     21  : 0.0090 0.0130 0.0037 0.9704 0.0040
1907     1907   (0)     21  : 0.0050 0.0130 0.0050 0.9740 0.0030
1908     1908   (0)     21  : 0.0040 0.0050 0.0040 0.9830 0.0040
1909     1909   (0)     21  : 0.0050 0.0737 0.0040 0.9143 0.0030
1910     1910   (0)     21  : 0.0090 0.0080 0.0030 0.9760 0.0040
1911     1911   (0)     21  : 0.0243 0.0030 0.0110 0.9567 0.0050
1912     1912   (0)     21  : 0.0050 0.0030 0.9860 0.0030 0.0030
1913     1913   (0)     21  : 0.0050 0.0100 0.0030 0.9800 0.0020
1914     1914   (0)     21  : 0.0090 0.0090 0.0040 0.9760 0.0020
1915     1915   (0)     21  : 0.0070 0.0050 0.0040 0.9810 0.0030
1916     1916   (0)     21  : 0.0330 0.0050 0.0100 0.9470 0.0050
1917     1917   (0)     21  : 0.0060 0.0020 0.0083 0.9807 0.0030
1918     1918   (0)     21  : 0.0460 0.3541 0.0830 0.5118 0.0050
1919     1919   (0)     21  : 0.0340 0.0403 0.0050 0.9157 0.0050
1920     1920   (0)     21  : 0.3196 0.0417 0.0040 0.6298 0.0050
1921     1921   (0)     21  : 0.0090 0.0050 0.0060 0.9770 0.0030
1922     1922   (0)     21  : 0.0070 0.0060 0.0040 0.9800 0.0030
1923     1923   (0)     21  : 0.0050 0.0080 0.0030 0.9790 0.0050
1924     1924   (0)     21  : 0.0200 0.0060 0.0130 0.9563 0.0047
1925     1925   (0)     21  : 0.0100 0.0060 0.0050 0.9760 0.0030
1926     1926   (0)     21  : 0.0080 0.0040 0.0050 0.9810 0.0020
1927     1927   (0)     21  : 0.0080 0.0050 0.0080 0.9760 0.0030
1928     1928   (0)     21  : 0.0147 0.0433 0.0030 0.9347 0.0043
1929     1929   (0)     21  : 0.0040 0.0230 0.0060 0.9616 0.0053
1930     1930   (0)     21  : 0.0173 0.0040 0.0063 0.9683 0.0040
1931     1931   (0)     21  : 0.0040 0.7916 0.0050 0.1974 0.0020
1932     1932   (0)     21  : 0.0433 0.0070 0.0040 0.9417 0.0040
1933     1933   (0)     21  : 0.0390 0.0070 0.0060 0.9440 0.0040
1934     1934   (0)     21  : 0.0373 0.0100 0.0050 0.9437 0.0040
1935     1935   (0)     21  : 0.0120 0.0060 0.0070 0.9730 0.0020
1936     1936   (0)     21  : 0.0120 0.0057 0.0090 0.9674 0.0060
1937     1937   (0)     21  : 0.0100 0.0030 0.0120 0.9720 0.0030
1938     1938   (0)     21  : 0.0100 0.0170 0.0040 0.9660 0.0030
1939     1939   (0)     21  : 0.0050 0.0090 0.0050 0.9780 0.0030
1940     1940   (0)     21  : 0.0040 0.0080 0.0070 0.9780 0.0030
1941     1941   (0)     21  : 0.0230 0.0127 0.0030 0.9583 0.0030
1942     1942   (0)     21  : 0.0080 0.0050 0.0080 0.9720 0.0070
1943     1943  (10)     21  : 0.0087 0.6509 0.0040 0.3324 0.0040
1944     1944   (0)     21  : 0.0080 0.0177 0.0050 0.9653 0.0040
1945     1945   (0)     21  : 0.0320 0.0080 0.0030 0.9530 0.0040
1946     1946   (0)     21  : 0.1244 0.0590 0.0050 0.8066 0.0050
1947     1947   (0)     21  : 0.0090 0.0857 0.0110 0.8883 0.0060
1948     1948   (0)     21  : 0.0383 0.0050 0.0060 0.9447 0.0060
1949     1949   (0)     21  : 0.0090 0.0053 0.0070 0.9757 0.0030
1950     1950   (0)     21  : 0.0050 0.0100 0.0050 0.9770 0.0030
1951     1951   (0)     21  : 0.0040 0.0040 0.0030 0.9870 0.0020
1952     1952   (0)     21  : 0.0070 0.0080 0.0030 0.9800 0.0020
1953     1953   (0)     21  : 0.0060 0.0180 0.0050 0.9660 0.0050
1954     1954   (0)     21  : 0.0080 0.0070 0.0033 0.9797 0.0020
1955     1955   (0)     21  : 0.0070 0.0150 0.0030 0.9720 0.0030
1956     1956   (0)     22  : 0.0050 0.0070 0.0030 0.9630 0.0220
1957     1957  (10)     22  : 0.0050 0.0150 0.0030 0.9700 0.0070
1958     1958  (10)     22  : 0.0250 0.0097 0.0530 0.9073 0.0050
1959     1959   (5)     22  : 0.0090 0.0100 0.0030 0.9750 0.0030
1960     1960   (5)     22  : 0.0040 0.0200 0.0060 0.9670 0.0030
1961     1961   (0)     22  : 0.0060 0.0197 0.0050 0.9670 0.0023
1962     1962   (5)     22  : 0.0050 0.0687 0.0150 0.9073 0.0040
1963     1963   (5)     22  : 0.0070 0.1166 0.0030 0.8684 0.0050
1964     1964   (0)     22  : 0.0030 0.0120 0.0030 0.9800 0.0020
1965     1965   (0)     22  : 0.0040 0.0080 0.0030 0.9830 0.0020
1966     1966   (0)     22  : 0.0040 0.0080 0.0030 0.9830 0.0020
1967     1967   (0)     22  : 0.0040 0.0050 0.0040 0.9850 0.0020
1968     1968   (0)     22  : 0.0050 0.0070 0.0080 0.9770 0.0030
1969     1969   (5)     22  : 0.0110 0.0067 0.0040 0.9763 0.0020
1970     1970   (5)     22  : 0.0060 0.0090 0.0127 0.9514 0.0210
1971     1971  (10)     22  : 0.0050 0.0100 0.0030 0.9770 0.0050
1972     1972   (0)     22  : 0.0040 0.0060 0.0040 0.9830 0.0030
1973     1973   (5)     22  : 0.0060 0.0417 0.0170 0.9284 0.0070
1974     1974   (5)     22  : 0.0080 0.0040 0.0130 0.9710 0.0040
1975     1975   (0)     22  : 0.0053 0.0050 0.0050 0.9827 0.0020
1976     1976   (5)     22  : 0.0070 0.0260 0.0040 0.9600 0.0030
1977     1977   (0)     22  : 0.0280 0.0040 0.0100 0.9440 0.0140
1978     1978   (5)     22  : 0.0057 0.0180 0.0450 0.9293 0.0020
1979     1979   (0)     22  : 0.0030 0.0260 0.0030 0.9650 0.0030
1980     1980   (0)     22  : 0.0050 0.0723 0.0070 0.9087 0.0070
1981     1981   (0)     22  : 0.0040 0.0100 0.0120 0.9670 0.0070
1982     1982   (0)     22  : 0.0060 0.0450 0.0030 0.9430 0.0030
1983     1983   (0)     22  : 0.0200 0.0160 0.0020 0.9590 0.0030
1984     1984   (0)     22  : 0.0210 0.1855 0.0030 0.7855 0.0050
1985     1985   (0)     22  : 0.0050 0.0320 0.0140 0.9340 0.0150
1986     1986   (0)     22  : 0.0060 0.0060 0.0060 0.9770 0.0050
1987     1987   (0)     22  : 0.0227 0.1890 0.0040 0.7753 0.0090
1988     1988   (0)     22  : 0.0270 0.0200 0.0030 0.9470 0.0030
1989     1989   (0)     22  : 0.0050 0.0050 0.0030 0.9820 0.0050
1990     1990   (0)     22  : 0.0150 0.0090 0.0050 0.9610 0.0100
1991     1991   (0)     22  : 0.0040 0.0050 0.0040 0.9840 0.0030
1992     1992   (0)     22  : 0.0050 0.0030 0.0040 0.9810 0.0070
1993     1993   (0)     22  : 0.0050 0.0050 0.0020 0.9850 0.0030
1994     1994   (5)     22  : 0.0050 0.0070 0.0070 0.9770 0.0040
1995     1995   (5)     22  : 0.0080 0.0314 0.0110 0.9456 0.0040
1996     1996   (0)     22  : 0.0040 0.0037 0.0110 0.9773 0.0040
1997     1997  (15)     22  : 0.0120 0.0110 0.0270 0.9380 0.0120
1998     1998  (10)     22  : 0.0040 0.0260 0.0030 0.9640 0.0030
1999     1999  (10)     22  : 0.0060 0.0050 0.0050 0.9810 0.0030
2000     2000  (10)     22  : 0.0220 0.0090 0.0050 0.9590 0.0050
2001     2001   (5)     22  : 0.0180 0.0110 0.0100 0.9570 0.0040
2002     2002   (5)     22  : 0.0090 0.0150 0.0050 0.9680 0.0030
2003     2003   (5)     22  : 0.0110 0.0030 0.0120 0.9700 0.0040
2004     2004   (5)     22  : 0.0050 0.0213 0.0040 0.9667 0.0030
2005     2005   (5)     22  : 0.0090 0.0050 0.0050 0.9780 0.0030
2006     2006   (5)     22  : 0.0080 0.0040 0.0050 0.9800 0.0030
2007     2007  (15)     22  : 0.0090 0.0110 0.0080 0.9640 0.0080
2008     2008   (5)     22  : 0.0047 0.0110 0.0020 0.9713 0.0110
2009     2009   (5)     22  : 0.0040 0.0080 0.0030 0.9820 0.0030
2010     2010  (15)     22  : 0.0070 0.0140 0.0060 0.9690 0.0040
2011     2011   (5)     22  : 0.0140 0.0120 0.0080 0.9390 0.0270
2012     2012   (5)     22  : 0.1418 0.0167 0.0180 0.8055 0.0180
2013     2013   (5)     22  : 0.0067 0.0040 0.0050 0.9813 0.0030
2014     2014   (5)     22  : 0.0050 0.0280 0.0040 0.9600 0.0030
2015     2015  (10)     22  : 0.0040 0.0070 0.0080 0.9760 0.0050
2016     2016   (5)     22  : 0.0040 0.1233 0.0040 0.8657 0.0030
2017     2017   (5)     22  : 0.0050 0.0020 0.0060 0.9830 0.0040
2018     2018  (10)     22  : 0.0060 0.0394 0.0040 0.9476 0.0030
2019     2019  (10)     22  : 0.0140 0.0070 0.0070 0.9680 0.0040
2020     2020  (10)     22  : 0.0090 0.0060 0.0060 0.9650 0.0140
2021     2021  (10)     22  : 0.0220 0.0276 0.0090 0.9164 0.0250
2022     2022   (5)     22  : 0.0140 0.0070 0.0040 0.9720 0.0030
2023     2023  (10)     22  : 0.0507 0.0130 0.1394 0.7929 0.0040
2024     2024   (0)     22  : 0.0080 0.0530 0.0060 0.9310 0.0020
2025     2025   (5)     22  : 0.0050 0.0553 0.0040 0.9317 0.0040
2026     2026   (0)     22  : 0.0040 0.0080 0.0020 0.9830 0.0030
2027     2027   (0)     22  : 0.0030 0.0040 0.0020 0.9890 0.0020
2028     2028   (0)     22  : 0.0050 0.0060 0.0030 0.9820 0.0040
2029     2029   (0)     22  : 0.0070 0.0157 0.0050 0.9573 0.0150
2030     2030   (0)     22  : 0.0060 0.0060 0.0110 0.9750 0.0020
2031     2031   (0)     22  : 0.0050 0.0537 0.0040 0.9253 0.0120
2032     2032   (0)     22  : 0.0080 0.1256 0.0080 0.8544 0.0040
2033     2033  (10)     22  : 0.0050 0.0090 0.0040 0.9760 0.0060
2034     2034  (10)     22  : 0.0073 0.0050 0.0080 0.9576 0.0220
2035     2035   (0)     22  : 0.0050 0.0103 0.0040 0.9690 0.0117
2036     2036   (5)     22  : 0.0190 0.0070 0.0103 0.8960 0.0676
2037     2037   (0)     22  : 0.0150 0.0160 0.0060 0.9590 0.0040
2038     2038   (5)     22  : 0.0100 0.0060 0.0050 0.9700 0.0090
2039     2039   (5)     22  : 0.0070 0.0230 0.0060 0.9610 0.0030
2040     2040   (5)     22  : 0.0070 0.0270 0.0080 0.9540 0.0040
2041     2041  (10)     22  : 0.0060 0.0100 0.0030 0.9780 0.0030
2042     2042   (0)     22  : 0.0040 0.0050 0.0030 0.9850 0.0030
2043     2043   (0)     22  : 0.0060 0.0070 0.0040 0.9800 0.0030
2044     2044   (0)     22  : 0.0060 0.0050 0.0497 0.9100 0.0293
2045     2045   (0)     22  : 0.0040 0.0040 0.0070 0.9820 0.0030
2046     2046   (0)     22  : 0.0073 0.0080 0.0070 0.9717 0.0060
2047     2047   (0)     22  : 0.0047 0.0043 0.0040 0.9840 0.0030
2048     2048   (0)     22  : 0.0506 0.0690 0.0040 0.8734 0.0030
2049     2049   (0)     22  : 0.0090 0.0070 0.0073 0.9736 0.0030
2050     2050   (0)     22  : 0.0040 0.0237 0.0040 0.9654 0.0030
2051     2051   (0)     22  : 0.0080 0.0060 0.0060 0.9760 0.0040
2052     2052   (0)     22  : 0.0060 0.0050 0.0060 0.9790 0.0040
2053     2053   (0)     22  : 0.0100 0.0306 0.0110 0.9384 0.0100
2054     2054   (0)     22  : 0.0267 0.0110 0.0090 0.9466 0.0067
2055     2055   (0)     22  : 0.0240 0.0090 0.0347 0.9263 0.0060
2056     2056   (0)     22  : 0.2343 0.0503 0.0070 0.7043 0.0040
2057     2057   (0)     22  : 0.0070 0.0080 0.0030 0.9740 0.0080
2058     2058   (0)     22  : 0.0070 0.0080 0.0030 0.9790 0.0030
2059     2059   (5)     22  : 0.0120 0.0060 0.0070 0.9710 0.0040
2060     2060   (0)     22  : 0.0207 0.0120 0.0060 0.9583 0.0030
2061     2061   (5)     22  : 0.0067 0.0050 0.0170 0.7280 0.2433
2062     2062   (0)     22  : 0.0350 0.0050 0.0050 0.9520 0.0030
2063     2063   (0)     22  : 0.0040 0.0694 0.0110 0.9096 0.0060
2064     2064   (0)     22  : 0.0050 0.0097 0.0487 0.9317 0.0050
2065     2065   (0)     22  : 0.0050 0.0090 0.0040 0.9790 0.0030
2066     2066   (0)     22  : 0.0057 0.0080 0.0030 0.9803 0.0030
2067     2067   (0)     22  : 0.0210 0.0230 0.0130 0.9400 0.0030
2068     2068   (0)     22  : 0.0050 0.0190 0.0030 0.9700 0.0030
2069     2069   (0)     22  : 0.0030 0.0050 0.0020 0.9870 0.0030
2070     2070   (0)     22  : 0.0050 0.0060 0.0050 0.9810 0.0030
2071     2071   (0)     22  : 0.0030 0.0050 0.0040 0.9850 0.0030
2072     2072   (0)     22  : 0.0220 0.0773 0.0090 0.8818 0.0100
2073     2073   (0)     22  : 0.0050 0.0050 0.0050 0.9820 0.0030
2074     2074   (0)     22  : 0.0070 0.0040 0.0040 0.9780 0.0070
2075     2075   (5)     22  : 0.0053 0.0070 0.0050 0.9797 0.0030
2076     2076   (0)     22  : 0.0030 0.0110 0.0050 0.9770 0.0040
2077     2077   (0)     22  : 0.0150 0.0160 0.0160 0.9480 0.0050
2078     2078   (0)     22  : 0.0040 0.0090 0.0040 0.9760 0.0070
2079     2079  (10)     22  : 0.0097 0.0160 0.0030 0.9683 0.0030
2080     2080   (0)     22  : 0.0060 0.0060 0.0020 0.9830 0.0030
2081     2081   (0)     22  : 0.0040 0.0090 0.0020 0.9820 0.0030
2082     2082   (0)     22  : 0.0030 0.0060 0.0030 0.9830 0.0050
2083     2083  (10)     22  : 0.0050 0.0040 0.0030 0.9860 0.0020
2084     2084   (5)     22  : 0.0150 0.0060 0.0080 0.9680 0.0030
2085     2085   (0)     22  : 0.0140 0.0070 0.0040 0.9710 0.0040
2086     2086   (5)     22  : 0.0040 0.0050 0.0030 0.9840 0.0040
2087     2087   (5)     22  : 0.0180 0.0040 0.0020 0.9740 0.0020
2088     2088  (10)     22  : 0.0140 0.0050 0.0070 0.9700 0.0040
2089     2089   (0)     22  : 0.0070 0.0120 0.0020 0.9760 0.0030
2090     2090   (5)     22  : 0.0210 0.0070 0.0180 0.9470 0.0070
2091     2091  (10)     22  : 0.0060 0.0160 0.0030 0.9720 0.0030
2092     2092   (0)     22  : 0.0183 0.0047 0.0120 0.9600 0.0050
2093     2093   (0)     22  : 0.0240 0.0140 0.0040 0.9420 0.0160
2094     2094   (0)     22  : 0.0957 0.0040 0.0060 0.8913 0.0030
2095     2095   (0)     22  : 0.0110 0.0100 0.0544 0.9206 0.0040
2096     2096   (0)     22  : 0.0190 0.0110 0.0030 0.9640 0.0030
2097     2097   (0)     22  : 0.0133 0.0040 0.0030 0.9736 0.0060
2098     2098   (0)     22  : 0.0040 0.0180 0.0040 0.9710 0.0030
2099     2099   (0)     22  : 0.0060 0.0160 0.0060 0.9690 0.0030
2100     2100   (0)     22  : 0.0050 0.0133 0.0030 0.9767 0.0020
2101     2101   (5)     22  : 0.0120 0.0030 0.0130 0.9660 0.0060
2102     2102   (0)     22  : 0.0040 0.0090 0.0020 0.9830 0.0020
2103     2103   (0)     22  : 0.0090 0.2663 0.0220 0.6987 0.0040
2104     2104   (0)     22  : 0.0040 0.0050 0.0080 0.9800 0.0030
2105     2105   (5)     22  : 0.0130 0.0190 0.0060 0.9550 0.0070
2106     2106   (0)     22  : 0.0080 0.0090 0.0030 0.9760 0.0040
2107     2107   (0)     22  : 0.0437 0.0150 0.0083 0.9260 0.0070
2108     2108   (0)     22  : 0.0160 0.0190 0.0050 0.9570 0.0030
2109     2109   (0)     22  : 0.0080 0.0230 0.0080 0.9580 0.0030
2110     2110   (0)     22  : 0.0030 0.0050 0.0060 0.9830 0.0030
2111     2111   (0)     22  : 0.0140 0.0943 0.0120 0.8738 0.0060
2112     2112   (0)     22  : 0.0250 0.0070 0.0030 0.9570 0.0080
2113     2113   (0)     22  : 0.0030 0.0060 0.0050 0.9830 0.0030
2114     2114   (0)     22  : 0.0100 0.0140 0.0060 0.9670 0.0030
2115     2115   (0)     22  : 0.0080 0.0070 0.0080 0.9710 0.0060
2116     2116   (0)     22  : 0.0050 0.1420 0.0030 0.8469 0.0030
2117     2117   (0)     22  : 0.0123 0.0123 0.0020 0.9713 0.0020
2118     2118   (0)     22  : 0.0040 0.0050 0.0030 0.9850 0.0030
2119     2119   (0)     22  : 0.0060 0.0060 0.0040 0.9810 0.0030
2120     2120   (0)     22  : 0.0040 0.0050 0.0030 0.9857 0.0023
2121     2121   (0)     22  : 0.0113 0.0070 0.0030 0.9757 0.0030
2122     2122   (0)     22  : 0.0100 0.0060 0.0070 0.9740 0.0030
2123     2123   (0)     22  : 0.0090 0.0070 0.0070 0.9680 0.0090
2124     2124   (0)     22  : 0.0050 0.0093 0.0040 0.9767 0.0050
2125     2125   (0)     22  : 0.0040 0.0040 0.0030 0.9860 0.0030
2126     2126  (10)     22  : 0.0190 0.0090 0.0040 0.9610 0.0070
2127     2127   (5)     22  : 0.0147 0.0173 0.1267 0.8383 0.0030
2128     2128  (10)     22  : 0.0090 0.0070 0.0060 0.9740 0.0040
2129     2129   (5)     22  : 0.0140 0.0210 0.0463 0.8886 0.0300
2130     2130  (10)     22  : 0.0070 0.0190 0.0050 0.9650 0.0040
2131     2131  (10)     22  : 0.0190 0.0993 0.0130 0.8647 0.0040
2132     2132   (0)     22  : 0.0070 0.0270 0.0130 0.9470 0.0060
2133     2133   (5)     22  : 0.0183 0.0110 0.0040 0.9587 0.0080
2134     2134   (5)     22  : 0.0130 0.0060 0.0080 0.9530 0.0200
2135     2135  (10)     22  : 0.0143 0.0334 0.0157 0.9286 0.0080
2136     2136   (0)     22  : 0.0100 0.0220 0.0030 0.9620 0.0030
2137     2137   (0)     22  : 0.0050 0.0070 0.0030 0.9810 0.0040
2138     2138   (0)     22  : 0.0060 0.0060 0.0040 0.9800 0.0040
2139     2139   (0)     22  : 0.0040 0.0050 0.0030 0.9840 0.0040
2140     2140   (0)     22  : 0.0107 0.2197 0.0030 0.7437 0.0230
2141     2141   (0)     22  : 0.1320 0.0040 0.0040 0.8071 0.0530
2142     2142   (0)     22  : 0.0100 0.0110 0.0040 0.8910 0.0840
2143     2143   (0)     22  : 0.0130 0.0030 0.0040 0.9770 0.0030
2144     2144   (0)     22  : 0.0317 0.0040 0.0050 0.9570 0.0023
2145     2145   (5)     22  : 0.0100 0.0050 0.0293 0.9457 0.0100
2146     2146   (0)     22  : 0.0440 0.0100 0.1023 0.8347 0.0090
2147     2147   (0)     22  : 0.0030 0.0090 0.0050 0.9810 0.0020
2148     2148  (10)     22  : 0.0070 0.0090 0.0040 0.9750 0.0050
2149     2149   (5)     22  : 0.0030 0.0130 0.0060 0.9740 0.0040
2150     2150   (0)     22  : 0.0040 0.0047 0.0030 0.9863 0.0020
2151     2151   (5)     22  : 0.0110 0.0070 0.0060 0.9700 0.0060
2152     2152   (5)     22  : 0.0180 0.0140 0.0060 0.9580 0.0040
2153     2153   (0)     22  : 0.0180 0.0180 0.0040 0.9570 0.0030
2154     2154   (0)     22  : 0.0030 0.0090 0.0040 0.9670 0.0170
2155     2155   (0)     22  : 0.0090 0.0083 0.0040 0.9757 0.0030
2156     2156   (0)     22  : 0.0247 0.0040 0.0090 0.9573 0.0050
2157     2157   (0)     22  : 0.0057 0.0243 0.0030 0.9643 0.0027
2158     2158   (0)     22  : 0.0100 0.0160 0.0030 0.9620 0.0090
2159     2159   (0)     22  : 0.0070 0.0070 0.0070 0.9760 0.0030
2160     2160   (0)     22  : 0.0120 0.0050 0.0040 0.9770 0.0020
2161     2161   (0)     22  : 0.0077 0.0040 0.0030 0.9833 0.0020
2162     2162   (0)     22  : 0.0110 0.0080 0.0040 0.9740 0.0030
2163     2163   (0)     22  : 0.0040 0.0130 0.0090 0.9680 0.0060
2164     2164   (0)     22  : 0.0293 0.0070 0.0170 0.9437 0.0030
2165     2165   (0)     22  : 0.0110 0.0030 0.0140 0.9690 0.0030
2166     2166   (0)     22  : 0.0090 0.0030 0.0070 0.9780 0.0030
2167     2167   (0)     22  : 0.0040 0.0571 0.0040 0.9309 0.0040
2168     2168   (0)     22  : 0.0113 0.0280 0.0120 0.9426 0.0060
2169     2169   (0)     22  : 0.0040 0.0564 0.0040 0.9316 0.0040
2170     2170   (0)     22  : 0.0140 0.0050 0.0047 0.9733 0.0030
2171     2171   (0)     22  : 0.0080 0.0050 0.0060 0.9780 0.0030
2172     2172   (0)     22  : 0.0210 0.0080 0.0030 0.9657 0.0023
2173     2173   (0)     22  : 0.0170 0.0050 0.0020 0.9740 0.0020
2174     2174   (0)     22  : 0.0040 0.0120 0.0020 0.9790 0.0030
2175     2175   (0)     22  : 0.0040 0.0493 0.0030 0.9416 0.0020
2176     2176   (0)     22  : 0.0050 0.1030 0.0030 0.8740 0.0150
2177     2177   (0)     22  : 0.0050 0.0090 0.0050 0.9643 0.0167
2178     2178   (0)     22  : 0.0090 0.0060 0.0030 0.9790 0.0030
2179     2179   (0)     22  : 0.0070 0.0090 0.0130 0.9650 0.0060
2180     2180   (0)     22  : 0.0030 0.0140 0.0030 0.9773 0.0027
2181     2181   (0)     22  : 0.0070 0.0103 0.0450 0.9346 0.0030
2182     2182   (0)     22  : 0.0060 0.0060 0.0040 0.9810 0.0030
2183     2183   (0)     22  : 0.0063 0.0100 0.0050 0.9747 0.0040
2184     2184   (0)     22  : 0.0060 0.0130 0.0040 0.9700 0.0070
2185     2185   (0)     22  : 0.0043 0.0050 0.0070 0.9807 0.0030
2186     2186   (0)     22  : 0.0100 0.0160 0.0040 0.9650 0.0050
2187     2187   (0)     22  : 0.0080 0.0120 0.0020 0.9750 0.0030
2188     2188   (0)     22  : 0.0100 0.0863 0.0040 0.8917 0.0080
2189     2189   (0)     22  : 0.0030 0.0040 0.0030 0.9870 0.0030
2190     2190   (0)     22  : 0.0040 0.0040 0.0030 0.9850 0.0040
2191     2191   (0)     22  : 0.0060 0.0070 0.0040 0.9800 0.0030
2192     2192   (0)     22  : 0.0070 0.0040 0.0040 0.9820 0.0030
2193     2193   (0)     22  : 0.0080 0.0060 0.0030 0.9800 0.0030
2194     2194   (0)     22  : 0.0070 0.0050 0.0040 0.9810 0.0030
2195     2195   (0)     22  : 0.0060 0.0060 0.0043 0.9807 0.0030
2196     2196   (5)     23  : 0.0060 0.0050 0.0100 0.9700 0.0090
2197     2197   (0)     23  : 0.0203 0.0070 0.0130 0.9557 0.0040
2198     2198   (0)     23  : 0.0050 0.0080 0.0073 0.9757 0.0040
2199     2199   (0)     23  : 0.0083 0.0070 0.0077 0.9730 0.0040
2200     2200   (0)     23  : 0.0050 0.0150 0.0030 0.9730 0.0040
2201     2201   (0)     23  : 0.0080 0.0070 0.0190 0.8977 0.0683
2202     2202   (0)     23  : 0.0430 0.0350 0.0080 0.9020 0.0120
2203     2203   (0)     23  : 0.0260 0.0450 0.0050 0.9150 0.0090
2204     2204   (0)     23  : 0.0270 0.0180 0.0190 0.9329 0.0030
2205     2205   (0)     23  : 0.0040 0.0040 0.0030 0.9860 0.0030
2206     2206   (0)     23  : 0.0060 0.0080 0.0030 0.9760 0.0070
2207     2207   (0)     23  : 0.0280 0.0130 0.0040 0.9490 0.0060
2208     2208   (0)     23  : 0.0070 0.0160 0.0050 0.9680 0.0040
2209     2209   (0)     23  : 0.0057 0.0050 0.0040 0.9823 0.0030
2210     2210   (0)     23  : 0.0070 0.0912 0.0080 0.8898 0.0040
2211     2211   (0)     23  : 0.0060 0.0080 0.0030 0.9810 0.0020
2212     2212   (0)     23  : 0.0070 0.0040 0.0070 0.9790 0.0030
2213     2213   (0)     23  : 0.0100 0.0040 0.0030 0.9770 0.0060
2214     2214   (0)     23  : 0.0123 0.0040 0.0050 0.9747 0.0040
2215     2215   (0)     23  : 0.0420 0.0030 0.0090 0.9390 0.0070
2216     2216   (0)     23  : 0.0060 0.1126 0.0110 0.8624 0.0080
2217     2217   (0)     23  : 0.0090 0.0040 0.0806 0.9014 0.0050
2218     2218   (0)     23  : 0.0217 0.0120 0.0133 0.9490 0.0040
2219     2219   (0)     23  : 0.0123 0.0183 0.0100 0.9553 0.0040
2220     2220   (0)     23  : 0.0070 0.0030 0.0040 0.9770 0.0090
2221     2221   (0)     23  : 0.0130 0.0070 0.0170 0.9590 0.0040
2222     2222   (0)     23  : 0.0130 0.0160 0.0510 0.9169 0.0030
2223     2223   (0)     23  : 0.0190 0.0070 0.0140 0.9530 0.0070
2224     2224   (0)     23  : 0.0060 0.0150 0.0040 0.9690 0.0060
2225     2225   (0)     23  : 0.0070 0.0030 0.0090 0.9750 0.0060
2226     2226   (0)     23  : 0.0093 0.0360 0.0050 0.9104 0.0393
2227     2227  (10)     23  : 0.0093 0.0070 0.0080 0.9716 0.0040
2228     2228   (5)     23  : 0.0060 0.0150 0.0030 0.9720 0.0040
2229     2229   (0)     23  : 0.4329 0.0030 0.0230 0.5338 0.0073
2230     2230   (0)     23  : 0.0167 0.0020 0.0060 0.9673 0.0080
2231     2231   (0)     23  : 0.0167 0.0147 0.0100 0.9507 0.0080
2232     2232   (0)     23  : 0.0350 0.0043 0.0040 0.9506 0.0060
2233     2233   (0)     23  : 0.2098 0.0070 0.0080 0.7529 0.0223
2234     2234   (0)     23  : 0.0177 0.0030 0.0090 0.9674 0.0030
2235     2235   (0)     23  : 0.0140 0.0060 0.0050 0.9630 0.0120
2236     2236   (0)     23  : 0.0200 0.0030 0.0140 0.9560 0.0070
2237     2237   (0)     23  : 0.0060 0.0040 0.0247 0.9623 0.0030
2238     2238   (5)     23  : 0.0780 0.0040 0.0230 0.8890 0.0060
2239     2239   (0)     23  : 0.1775 0.0180 0.0130 0.7835 0.0080
2240     2240   (0)     23  : 0.0130 0.0040 0.0110 0.9700 0.0020
2241     2241   (0)     23  : 0.2323 0.0050 0.0080 0.7497 0.0050
2242     2242   (0)     23  : 0.0180 0.0080 0.0110 0.9520 0.0110
2243     2243   (0)     23  : 0.1800 0.0040 0.0207 0.7923 0.0030
2244     2244   (5)     23  : 0.6516 0.0070 0.0704 0.2671 0.0040
2245     2245   (0)     23  : 0.0070 0.0070 0.1070 0.8710 0.0080
2246     2246   (0)     23  : 0.0090 0.0657 0.0040 0.9173 0.0040
2247     2247   (0)     23  : 0.0090 0.0040 0.0903 0.8937 0.0030
2248     2248   (0)     23  : 0.0120 0.0060 0.0210 0.9550 0.0060
2249     2249   (0)     23  : 0.0050 0.0130 0.0050 0.9740 0.0030
2250     2250   (0)     23  : 0.0080 0.0110 0.0040 0.9740 0.0030
2251     2251   (5)     23  : 0.0120 0.0070 0.0060 0.9700 0.0050
2252     2252   (5)     23  : 0.0120 0.0030 0.1890 0.7900 0.0060
2253     2253   (0)     23  : 0.0047 0.0040 0.0080 0.9803 0.0030
2254     2254   (0)     23  : 0.0450 0.0150 0.0673 0.8688 0.0040
2255     2255   (0)     23  : 0.0786 0.0040 0.0110 0.8984 0.0080
2256     2256   (0)     23  : 0.0060 0.0030 0.0040 0.9840 0.0030
2257     2257   (0)     23  : 0.0100 0.0070 0.0070 0.9720 0.0040
2258     2258   (0)     23  : 0.0240 0.0070 0.0507 0.9013 0.0170
2259     2259   (0)     23  : 0.0077 0.0040 0.0546 0.9277 0.0060
2260     2260   (0)     23  : 0.0610 0.0080 0.0190 0.9100 0.0020
2261     2261   (0)     23  : 0.0213 0.0090 0.0433 0.9233 0.0030
2262     2262   (0)     23  : 0.0030 0.0050 0.0060 0.9830 0.0030
2263     2263   (0)     23  : 0.1053 0.0050 0.0410 0.8417 0.0070
2264     2264   (0)     24  : 0.0040 0.0080 0.0030 0.9813 0.0037
2265     2265   (0)     24  : 0.0050 0.0090 0.0030 0.9790 0.0040
2266     2266   (0)     24  : 0.0040 0.0070 0.0053 0.9780 0.0057
2267     2267   (0)     24  : 0.0090 0.0110 0.0040 0.9700 0.0060
2268     2268   (0)     24  : 0.0100 0.0060 0.0070 0.9730 0.0040
2269     2269   (0)     24  : 0.0060 0.0040 0.0070 0.9810 0.0020
2270     2270   (0)     24  : 0.0050 0.0060 0.0030 0.9830 0.0030
2271     2271   (0)     24  : 0.0080 0.0030 0.1367 0.8423 0.0100
2272     2272   (0)     24  : 0.0120 0.0120 0.0150 0.9490 0.0120
2273     2273   (0)     24  : 0.0223 0.0130 0.0120 0.9476 0.0050
2274     2274   (0)     24  : 0.0050 0.0050 0.0050 0.9820 0.0030
2275     2275   (0)     24  : 0.0563 0.0070 0.0070 0.9227 0.0070
2276     2276   (0)     24  : 0.0030 0.0020 0.0080 0.9830 0.0040
2277     2277   (0)     24  : 0.0187 0.0140 0.0060 0.9584 0.0030
2278     2278   (0)     24  : 0.0050 0.0030 0.0030 0.9830 0.0060
2279     2279   (0)     24  : 0.0040 0.0050 0.0053 0.9827 0.0030
2280     2280   (0)     24  : 0.0110 0.0090 0.0120 0.9640 0.0040
2281     2281   (0)     24  : 0.0080 0.0040 0.0863 0.8967 0.0050
2282     2282   (0)     24  : 0.0030 0.0030 0.0053 0.9857 0.0030
2283     2283   (0)     24  : 0.0140 0.0060 0.0080 0.9690 0.0030
2284     2284   (0)     24  : 0.0390 0.0070 0.0100 0.9400 0.0040
2285     2285   (0)     24  : 0.1053 0.0110 0.0100 0.8678 0.0060
2286     2286   (0)     24  : 0.0230 0.0110 0.0020 0.9610 0.0030
2287     2287   (0)     24  : 0.0350 0.0200 0.0080 0.9340 0.0030
2288     2288   (0)     24  : 0.0440 0.0050 0.0070 0.9410 0.0030
2289     2289   (0)     24  : 0.0060 0.0040 0.0070 0.9730 0.0100
2290     2290   (0)     24  : 0.0170 0.0030 0.0070 0.9690 0.0040
2291     2291   (0)     24  : 0.0050 0.0060 0.0040 0.9750 0.0100
2292     2292   (0)     24  : 0.0100 0.0040 0.0060 0.9590 0.0210
2293     2293   (0)     24  : 0.0143 0.0160 0.0220 0.9407 0.0070
2294     2294   (0)     24  : 0.0180 0.0100 0.0030 0.9630 0.0060
2295     2295   (0)     25  : 0.0340 0.0090 0.0080 0.9420 0.0070
2296     2296   (0)     25  : 0.0183 0.0130 0.0040 0.9547 0.0100
2297     2297   (0)     25  : 0.0040 0.0070 0.0050 0.9800 0.0040
2298     2298   (0)     25  : 0.0040 0.0080 0.0030 0.9820 0.0030
2299     2299   (0)     25  : 0.0080 0.0120 0.0040 0.9730 0.0030
2300     2300   (0)     25  : 0.0097 0.0040 0.0217 0.9557 0.0090
2301     2301   (0)     25  : 0.0140 0.0030 0.0690 0.8986 0.0153
2302     2302   (0)     25  : 0.0090 0.0040 0.0050 0.9770 0.0050
2303     2303   (0)     25  : 0.0807 0.0100 0.0994 0.8036 0.0063
2304     2304   (0)     25  : 0.0080 0.0070 0.0050 0.9770 0.0030
2305     2305   (0)     25  : 0.0070 0.0050 0.0030 0.9810 0.0040
2306     2306   (0)     25  : 0.0070 0.0050 0.0060 0.9790 0.0030
2307     2307   (0)     25  : 0.0050 0.0040 0.0540 0.9330 0.0040
2308     2308   (0)     25  : 0.0313 0.0050 0.0040 0.9547 0.0050
2309     2309   (0)     25  : 0.0080 0.0050 0.0050 0.9760 0.0060
2310     2310   (0)     25  : 0.0070 0.0050 0.0047 0.9763 0.0070
2311     2311   (0)     25  : 0.0080 0.0080 0.0050 0.9740 0.0050
2312     2312   (0)     25  : 0.0040 0.0060 0.0040 0.9810 0.0050
2313     2313   (0)     25  : 0.0063 0.0037 0.0073 0.9793 0.0033
2314     2314   (0)     25  : 0.0060 0.0060 0.0190 0.9650 0.0040
2315     2315   (0)     25  : 0.0157 0.0040 0.0333 0.9410 0.0060
2316     2316   (0)     25  : 0.0040 0.0040 0.0050 0.9810 0.0060
2317     2317   (0)     25  : 0.0040 0.0060 0.0180 0.9481 0.0240
2318     2318   (0)     25  : 0.0080 0.0110 0.0060 0.9680 0.0070
2319     2319   (0)     25  : 0.0200 0.0040 0.0043 0.9666 0.0050
2320     2320   (0)     25  : 0.0060 0.0030 0.0030 0.9790 0.0090
2321     2321   (0)     25  : 0.0100 0.0080 0.0100 0.9680 0.0040
2322     2322   (0)     25  : 0.0080 0.0040 0.0070 0.9760 0.0050
2323     2323   (0)     25  : 0.0257 0.0050 0.0080 0.9583 0.0030
2324     2324   (0)     25  : 0.0160 0.0070 0.0150 0.9580 0.0040
2325     2325   (0)     25  : 0.0247 0.0040 0.1230 0.8273 0.0210
2326     2326   (0)     25  : 0.0160 0.0050 0.0050 0.9710 0.0030
2327     2327   (0)     25  : 0.0150 0.0170 0.0040 0.9590 0.0050
2328     2328   (0)     25  : 0.0040 0.0030 0.0093 0.9777 0.0060
2329     2329   (0)     25  : 0.0090 0.0120 0.0040 0.9720 0.0030
2330     2330   (0)     25  : 0.0394 0.0040 0.0240 0.9276 0.0050
2331     2331   (0)     25  : 0.0060 0.0050 0.0080 0.9650 0.0160
2332     2332   (0)     25  : 0.0050 0.0020 0.0040 0.9860 0.0030
2333     2333   (0)     25  : 0.0110 0.0050 0.0090 0.9710 0.0040
2334     2334   (0)     25  : 0.0040 0.1229 0.0030 0.8661 0.0040
2335     2335   (0)     25  : 0.0220 0.0080 0.0080 0.9580 0.0040
2336     2336   (0)     25  : 0.0070 0.0060 0.0050 0.9790 0.0030
2337     2337   (0)     25  : 0.0090 0.0060 0.0103 0.9686 0.0060
2338     2338   (0)     25  : 0.0060 0.0040 0.0070 0.9780 0.0050
2339     2339   (0)     25  : 0.0370 0.0050 0.0213 0.9277 0.0090
2340     2340   (0)     25  : 0.1130 0.0570 0.0070 0.8170 0.0060
2341     2341   (0)     25  : 0.0060 0.0070 0.0080 0.9730 0.0060
2342     2342   (0)     25  : 0.0100 0.0050 0.0060 0.9750 0.0040
2343     2343   (0)     25  : 0.0040 0.0070 0.0020 0.9840 0.0030
2344     2344   (0)     25  : 0.0113 0.0080 0.0090 0.9697 0.0020
2345     2345   (0)     25  : 0.0050 0.0060 0.0030 0.9810 0.0050
2346     2346   (0)     25  : 0.0100 0.0043 0.0110 0.9707 0.0040
2347     2347   (0)     25  : 0.0240 0.0030 0.0030 0.9670 0.0030
2348     2348   (0)     25  : 0.0100 0.0050 0.0430 0.9080 0.0340
2349     2349   (0)     25  : 0.0050 0.0070 0.0090 0.9740 0.0050
2350     2350   (0)     25  : 0.0040 0.1000 0.0030 0.8900 0.0030
2351     2351   (0)     25  : 0.0080 0.0040 0.0440 0.9350 0.0090
2352     2352   (0)     25  : 0.0160 0.0040 0.0063 0.9697 0.0040
2353     2353   (0)     25  : 0.0050 0.0067 0.0030 0.9793 0.0060
2354     2354   (0)     25  : 0.0200 0.0130 0.0073 0.9537 0.0060
2355     2355   (0)     25  : 0.0367 0.0120 0.0050 0.9433 0.0030
2356     2356   (0)     25  : 0.0090 0.0040 0.0250 0.9590 0.0030
2357     2357   (0)     25  : 0.0030 0.0080 0.0030 0.9830 0.0030
2358     2358   (0)     25  : 0.0060 0.0040 0.0220 0.9610 0.0070
2359     2359   (0)     25  : 0.0040 0.0093 0.0060 0.9760 0.0047
2360     2360   (0)     25  : 0.0060 0.0100 0.0020 0.9780 0.0040
2361     2361   (0)     25  : 0.0514 0.0090 0.0120 0.9233 0.0043
2362     2362   (0)     25  : 0.0050 0.0050 0.0050 0.9810 0.0040
2363     2363   (0)     25  : 0.0527 0.0477 0.0063 0.8883 0.0050
2364     2364   (0)     25  : 0.0063 0.0030 0.0130 0.9746 0.0030
2365     2365   (0)     25  : 0.0083 0.0070 0.1026 0.8630 0.0190
2366     2366   (0)     25  : 0.0137 0.0080 0.0030 0.9703 0.0050
2367     2367   (0)     25  : 0.0090 0.0070 0.0100 0.9670 0.0070
2368     2368   (0)     25  : 0.0160 0.0050 0.0100 0.9650 0.0040
2369     2369   (0)     25  : 0.0070 0.0070 0.0050 0.9780 0.0030
2370     2370   (0)     25  : 0.0250 0.0140 0.0040 0.9540 0.0030
2371     2371   (0)     25  : 0.0250 0.0020 0.0130 0.9570 0.0030
2372     2372   (0)     25  : 0.0140 0.0040 0.0070 0.9720 0.0030
2373     2373   (0)     25  : 0.0130 0.0030 0.0160 0.9630 0.0050
2374     2374   (0)     25  : 0.0147 0.0030 0.0040 0.9723 0.0060
2375     2375   (0)     25  : 0.0190 0.0030 0.0160 0.9590 0.0030
2376     2376   (0)     25  : 0.0210 0.0110 0.0277 0.9373 0.0030
2377     2377   (0)     25  : 0.0586 0.0100 0.0286 0.8917 0.0110
2378     2378   (0)     25  : 0.0060 0.0030 0.0070 0.9750 0.0090
2379     2379   (0)     25  : 0.0060 0.0040 0.0210 0.9660 0.0030
2380     2380   (0)     25  : 0.0110 0.1380 0.0470 0.7831 0.0210
2381     2381   (0)     25  : 0.0167 0.0283 0.0110 0.9410 0.0030
2382     2382   (0)     25  : 0.0180 0.0210 0.0040 0.9530 0.0040
2383     2383   (0)     25  : 0.0160 0.0100 0.0040 0.9670 0.0030
2384     2384   (0)     25  : 0.0187 0.0060 0.0270 0.9434 0.0050
2385     2385   (0)     25  : 0.0080 0.0050 0.0030 0.9803 0.0037
2386     2386   (0)     25  : 0.0220 0.0070 0.0030 0.9560 0.0120
2387     2387   (0)     25  : 0.0530 0.0070 0.1776 0.7594 0.0030
2388     2388   (0)     25  : 0.0150 0.0030 0.0080 0.9710 0.0030
2389     2389   (0)     25  : 0.0070 0.0060 0.0293 0.9537 0.0040
2390     2390   (0)     25  : 0.0150 0.0090 0.0230 0.9446 0.0083
2391     2391   (0)     25  : 0.0230 0.0050 0.0060 0.9623 0.0037
2392     2392   (0)     25  : 0.0070 0.0090 0.0050 0.9740 0.0050
2393     2393   (0)     25  : 0.0080 0.0100 0.0080 0.9710 0.0030
2394     2394   (0)     25  : 0.0110 0.0070 0.0050 0.9720 0.0050
2395     2395   (0)     25  : 0.0223 0.0107 0.0100 0.9443 0.0127
2396     2396   (0)     25  : 0.0330 0.0157 0.0110 0.9313 0.0090
2397     2397   (0)     25  : 0.0200 0.0130 0.0090 0.9510 0.0070
2398     2398   (0)     25  : 0.1501 0.0110 0.0110 0.8239 0.0040
2399     2399   (0)     25  : 0.0050 0.0030 0.0020 0.9870 0.0030
2400     2400   (0)     25  : 0.0103 0.0040 0.0050 0.9746 0.0060
2401     2401   (0)     25  : 0.0057 0.0100 0.0030 0.9753 0.0060
2402     2402   (0)     25  : 0.0350 0.0050 0.0410 0.9150 0.0040
2403     2403   (0)     25  : 0.0060 0.0030 0.0060 0.9730 0.0120
2404     2404   (0)     25  : 0.0751 0.0040 0.0030 0.9149 0.0030
2405     2405   (0)     25  : 0.0270 0.0090 0.0440 0.9149 0.0050
2406     2406   (0)     25  : 0.0200 0.0070 0.0190 0.9510 0.0030
2407     2407   (0)     25  : 0.0110 0.0070 0.0030 0.9750 0.0040
2408     2408   (0)     25  : 0.0133 0.0050 0.0060 0.9707 0.0050
2409     2409   (0)     25  : 0.0213 0.0053 0.0040 0.9343 0.0350
2410     2410   (0)     25  : 0.0080 0.0040 0.0160 0.9673 0.0047
2411     2411   (0)     25  : 0.0270 0.0070 0.0060 0.9580 0.0020
2412     2412   (0)     25  : 0.0170 0.0030 0.0220 0.9451 0.0130
2413     2413   (0)     25  : 0.0334 0.0203 0.0070 0.9353 0.0040
2414     2414   (0)     25  : 0.0120 0.0073 0.0380 0.9387 0.0040
2415     2415   (0)     25  : 0.0040 0.0050 0.0023 0.9867 0.0020
2416     2416   (0)     25  : 0.0160 0.0080 0.0030 0.9700 0.0030
2417     2417   (0)     25  : 0.0040 0.0050 0.0043 0.9827 0.0040
2418     2418   (0)     25  : 0.0100 0.0147 0.0300 0.9404 0.0050
2419     2419   (0)     25  : 0.0070 0.0040 0.0040 0.9780 0.0070
2420     2420   (0)     26  : 0.0040 0.0050 0.0050 0.9820 0.0040
2421     2421   (0)     26  : 0.0080 0.0050 0.0340 0.9450 0.0080
2422     2422   (0)     26  : 0.0150 0.0080 0.0060 0.9650 0.0060
2423     2423   (0)     26  : 0.0487 0.0113 0.0130 0.9230 0.0040
2424     2424   (0)     26  : 0.0060 0.0050 0.0057 0.9803 0.0030
2425     2425   (0)     26  : 0.0060 0.0050 0.0120 0.9730 0.0040
2426     2426   (0)     26  : 0.0050 0.0020 0.0240 0.9590 0.0100
2427     2427   (0)     26  : 0.0120 0.0040 0.0030 0.9543 0.0267
2428     2428   (0)     26  : 0.0150 0.0040 0.0080 0.9567 0.0163
2429     2429   (0)     26  : 0.0744 0.0907 0.0100 0.8159 0.0090
2430     2430   (0)     26  : 0.0060 0.0030 0.0060 0.9810 0.0040
2431     2431   (0)     26  : 0.0971 0.0050 0.0110 0.8829 0.0040
2432     2432   (0)     26  : 0.0080 0.0030 0.0080 0.9780 0.0030
2433     2433   (0)     26  : 0.0040 0.0050 0.0100 0.9770 0.0040
2434     2434   (0)     26  : 0.0080 0.0030 0.0040 0.9780 0.0070
2435     2435  (10)     26  : 0.0080 0.0040 0.0130 0.9700 0.0050
2436     2436   (0)     26  : 0.1227 0.0060 0.0080 0.8573 0.0060
2437     2437   (0)     26  : 0.0060 0.0100 0.0130 0.9600 0.0110
2438     2438   (0)     26  : 0.0050 0.0080 0.0080 0.9750 0.0040
2439     2439   (0)     26  : 0.0170 0.0060 0.2726 0.6994 0.0050
2440     2440   (5)     26  : 0.0050 0.0040 0.0100 0.9750 0.0060
2441     2441   (0)     26  : 0.0060 0.0100 0.0050 0.9750 0.0040
2442     2442   (0)     26  : 0.0060 0.0020 0.0200 0.9680 0.0040
2443     2443   (0)     26  : 0.0060 0.0093 0.0537 0.9127 0.0183
2444     2444   (0)     26  : 0.0060 0.0040 0.0070 0.9690 0.0140
2445     2445   (0)     26  : 0.0087 0.0060 0.0050 0.9773 0.0030
2446     2446   (0)     26  : 0.0659 0.0030 0.0040 0.9211 0.0060
2447     2447   (5)     26  : 0.0060 0.0030 0.0170 0.9710 0.0030
2448     2448   (0)     26  : 0.0050 0.0040 0.0060 0.9780 0.0070
2449     2449   (0)     26  : 0.0040 0.0040 0.0050 0.9820 0.0050
2450     2450   (0)     26  : 0.0090 0.0040 0.0210 0.9600 0.0060
2451     2451   (0)     26  : 0.0433 0.0130 0.0030 0.9356 0.0050
2452     2452   (0)     26  : 0.0327 0.0110 0.0057 0.9456 0.0050
2453     2453   (0)     26  : 0.0280 0.0406 0.0110 0.9174 0.0030
2454     2454   (0)     26  : 0.0100 0.0060 0.0060 0.9750 0.0030
2455     2455   (0)     26  : 0.0060 0.0050 0.0060 0.9810 0.0020
2456     2456   (0)     26  : 0.0060 0.0030 0.0233 0.9647 0.0030
2457     2457   (5)     26  : 0.0110 0.0110 0.0060 0.9670 0.0050
2458     2458   (0)     26  : 0.0477 0.0033 0.0090 0.9360 0.0040
2459     2459   (0)     26  : 0.0090 0.0030 0.0060 0.9780 0.0040
2460     2460   (0)     26  : 0.0120 0.0040 0.0060 0.9760 0.0020
2461     2461   (5)     26  : 0.0050 0.0050 0.0060 0.9704 0.0137
2462     2462   (5)     26  : 0.0120 0.0050 0.0517 0.9283 0.0030
2463     2463  (10)     26  : 0.0160 0.0050 0.0090 0.9640 0.0060
2464     2464   (5)     26  : 0.0350 0.0040 0.0727 0.8833 0.0050
2465     2465   (5)     26  : 0.0100 0.0040 0.0040 0.9790 0.0030
2466     2466   (5)     26  : 0.0080 0.0070 0.0040 0.9760 0.0050
2467     2467   (5)     26  : 0.0080 0.0040 0.1471 0.8359 0.0050
2468     2468   (5)     26  : 0.0267 0.0060 0.0070 0.9553 0.0050
2469     2469  (10)     26  : 0.0060 0.0047 0.0050 0.9803 0.0040
2470     2470   (5)     26  : 0.0240 0.0050 0.0180 0.9436 0.0093
2471     2471   (5)     26  : 0.0090 0.0050 0.0030 0.9780 0.0050
2472     2472   (5)     26  : 0.0257 0.0210 0.0140 0.9353 0.0040
2473     2473   (0)     27  : 0.0050 0.0030 0.0040 0.9850 0.0030
2474     2474   (0)     27  : 0.0240 0.0040 0.0040 0.9630 0.0050
2475     2475   (0)     27  : 0.0050 0.0040 0.0110 0.9770 0.0030
2476     2476   (0)     27  : 0.0070 0.0030 0.0473 0.9287 0.0140
2477     2477   (0)     27  : 0.0060 0.0090 0.0107 0.9704 0.0040
2478     2478   (0)     27  : 0.0070 0.0050 0.0050 0.9800 0.0030
2479     2479   (0)     27  : 0.0437 0.0040 0.0120 0.9363 0.0040
2480     2480   (0)     27  : 0.0267 0.0040 0.0327 0.9326 0.0040
2481     2481   (0)     27  : 0.0050 0.0090 0.0040 0.9740 0.0080
2482     2482   (0)     27  : 0.0070 0.0030 0.0040 0.9810 0.0050
2483     2483   (0)     27  : 0.0130 0.0050 0.0127 0.9654 0.0040
2484     2484   (0)     27  : 0.0733 0.0070 0.0030 0.9117 0.0050
2485     2485   (0)     27  : 0.0050 0.0100 0.0050 0.9760 0.0040
2486     2486   (0)     27  : 0.0530 0.0050 0.0130 0.9230 0.0060
2487     2487   (0)     27  : 0.0100 0.0040 0.0220 0.9530 0.0110
2488     2488   (0)     27  : 0.0040 0.0050 0.0040 0.9820 0.0050
2489     2489   (0)     27  : 0.0040 0.0050 0.0080 0.9770 0.0060
2490     2490   (0)     27  : 0.0080 0.0060 0.0040 0.9700 0.0120
2491     2491   (0)     27  : 0.0073 0.0190 0.0050 0.9667 0.0020
2492     2492   (0)     27  : 0.0090 0.0040 0.0050 0.9770 0.0050
2493     2493   (0)     27  : 0.0150 0.0137 0.0750 0.8894 0.0070
2494     2494   (0)     27  : 0.0040 0.0030 0.0060 0.9820 0.0050
2495     2495   (0)     27  : 0.0050 0.0060 0.0070 0.9790 0.0030
2496     2496   (0)     27  : 0.0090 0.0030 0.0210 0.9600 0.0070
2497     2497   (0)     27  : 0.0060 0.0063 0.0040 0.9787 0.0050
2498     2498   (0)     27  : 0.0190 0.0260 0.0093 0.9417 0.0040
2499     2499   (0)     27  : 0.0110 0.0023 0.0050 0.9787 0.0030
2500     2500   (0)     27  : 0.0300 0.0080 0.0060 0.9510 0.0050
2501     2501   (0)     27  : 0.0273 0.0080 0.0120 0.9447 0.0080
2502     2502   (0)     27  : 0.0050 0.0030 0.0040 0.9840 0.0040
2503     2503   (0)     27  : 0.0090 0.0050 0.0070 0.9760 0.0030
2504     2504   (0)     27  : 0.0110 0.0040 0.0190 0.9630 0.0030
2505     2505   (0)     27  : 0.0070 0.0110 0.1014 0.8765 0.0040
2506     2506   (0)     27  : 0.0140 0.0040 0.0100 0.9680 0.0040
2507     2507   (0)     27  : 0.0143 0.0030 0.0250 0.9526 0.0050
2508     2508   (0)     27  : 0.0110 0.0110 0.0070 0.9650 0.0060
2509     2509   (0)     27  : 0.0050 0.0040 0.0090 0.9780 0.0040
2510     2510   (0)     27  : 0.0090 0.0037 0.0100 0.9743 0.0030
2511     2511   (0)     27  : 0.0090 0.0040 0.0030 0.9810 0.0030
2512     2512   (0)     27  : 0.0110 0.0786 0.0120 0.8884 0.0100
2513     2513   (0)     27  : 0.0050 0.0040 0.0040 0.9820 0.0050
2514     2514   (0)     27  : 0.0060 0.0050 0.0310 0.9520 0.0060
2515     2515   (0)     27  : 0.0770 0.0030 0.0070 0.9073 0.0057
2516     2516   (0)     27  : 0.0110 0.0030 0.0140 0.9570 0.0150
2517     2517   (0)     27  : 0.1110 0.0040 0.0100 0.8700 0.0050
2518     2518   (0)     27  : 0.3379 0.0030 0.0100 0.6461 0.0030
2519     2519   (0)     27  : 0.0060 0.0030 0.0040 0.9837 0.0033
2520     2520   (0)     27  : 0.0480 0.0120 0.0060 0.9300 0.0040
2521     2521   (0)     27  : 0.0050 0.0040 0.0040 0.9790 0.0080
2522     2522   (0)     27  : 0.0070 0.0030 0.0420 0.9450 0.0030
2523     2523   (0)     27  : 0.0080 0.0050 0.0040 0.9640 0.0190
2524     2524   (0)     27  : 0.0100 0.0033 0.0060 0.9787 0.0020
2525     2525   (0)     27  : 0.0110 0.0090 0.0786 0.8974 0.0040
2526     2526   (0)     27  : 0.0070 0.0047 0.0460 0.9393 0.0030
2527     2527   (0)     27  : 0.0180 0.0120 0.0080 0.9570 0.0050
2528     2528   (0)     27  : 0.0050 0.0050 0.0127 0.9723 0.0050
2529     2529   (0)     27  : 0.0130 0.0030 0.0110 0.9610 0.0120
2530     2530   (0)     27  : 0.0310 0.0090 0.0150 0.9370 0.0080
2531     2531   (0)     27  : 0.0730 0.0090 0.0107 0.9014 0.0060
2532     2532   (0)     27  : 0.0303 0.0060 0.0140 0.9457 0.0040
2533     2533   (0)     27  : 0.0170 0.0030 0.0070 0.9690 0.0040
2534     2534   (0)     27  : 0.0030 0.0030 0.0050 0.9820 0.0070
2535     2535   (0)     27  : 0.0100 0.0040 0.0330 0.9480 0.0050
2536     2536   (0)     27  : 0.0060 0.0060 0.0100 0.9690 0.0090
2537     2537   (0)     27  : 0.0060 0.0050 0.0150 0.9690 0.0050
2538     2538   (0)     27  : 0.0050 0.0050 0.0030 0.9840 0.0030
2539     2539   (0)     27  : 0.0140 0.0060 0.0377 0.9384 0.0040
2540     2540   (0)     27  : 0.0080 0.0040 0.0030 0.9820 0.0030
2541     2541   (0)     27  : 0.0140 0.0070 0.0380 0.9370 0.0040
2542     2542   (0)     27  : 0.0040 0.0030 0.0040 0.9850 0.0040
2543     2543   (0)     27  : 0.0030 0.0050 0.0110 0.9517 0.0293
2544     2544   (0)     27  : 0.0230 0.0040 0.0220 0.9430 0.0080
2545     2545   (0)     27  : 0.0050 0.0110 0.0090 0.8784 0.0966
2546     2546   (0)     27  : 0.0130 0.0047 0.0117 0.9647 0.0060
2547     2547   (0)     27  : 0.0080 0.0040 0.0080 0.9760 0.0040
2548     2548   (0)     27  : 0.0060 0.0030 0.0070 0.9780 0.0060
2549     2549   (0)     27  : 0.0050 0.0040 0.0090 0.9780 0.0040
2550     2550   (0)     27  : 0.0137 0.0040 0.0040 0.9733 0.0050
2551     2551   (0)     27  : 0.0090 0.0050 0.0700 0.9020 0.0140
2552     2552   (0)     27  : 0.3373 0.0030 0.0120 0.6427 0.0050
2553     2553   (0)     27  : 0.0899 0.0080 0.0050 0.8911 0.0060
2554     2554   (0)     27  : 0.0050 0.0040 0.0140 0.9730 0.0040
2555     2555   (0)     27  : 0.0293 0.0040 0.0130 0.9476 0.0060
2556     2556   (0)     27  : 0.0100 0.0080 0.0050 0.9733 0.0037
2557     2557   (0)     27  : 0.0250 0.0440 0.0350 0.8384 0.0576
2558     2558   (0)     27  : 0.0310 0.0040 0.0140 0.9470 0.0040
2559     2559   (0)     27  : 0.0177 0.0060 0.0130 0.9603 0.0030
2560     2560   (0)     27  : 0.0910 0.0030 0.0070 0.8950 0.0040
2561     2561   (0)     27  : 0.0070 0.0070 0.0060 0.9763 0.0037
2562     2562   (0)     27  : 0.0073 0.0040 0.1869 0.7967 0.0050
2563     2563   (0)     27  : 0.0110 0.0093 0.0210 0.9486 0.0100
2564     2564   (0)     27  : 0.0060 0.0040 0.0070 0.9790 0.0040
2565     2565   (0)     27  : 0.0070 0.0030 0.0620 0.9200 0.0080
2566     2566   (0)     27  : 0.0200 0.0050 0.0120 0.9491 0.0140
2567     2567   (0)     27  : 0.0100 0.0143 0.0047 0.9670 0.0040
2568     2568   (0)     27  : 0.0050 0.0080 0.0040 0.9800 0.0030
2569     2569   (0)     27  : 0.0060 0.0030 0.0030 0.9840 0.0040
2570     2570   (0)     27  : 0.0230 0.0060 0.0843 0.8827 0.0040
2571     2571   (0)     27  : 0.0170 0.0047 0.0190 0.9473 0.0120
2572     2572   (0)     27  : 0.0047 0.0050 0.0070 0.9753 0.0080
2573     2573   (0)     27  : 0.0337 0.0080 0.0040 0.9503 0.0040
2574     2574   (0)     27  : 0.0120 0.0080 0.0230 0.9520 0.0050
2575     2575   (0)     27  : 0.0120 0.0030 0.0040 0.9780 0.0030
2576     2576   (0)     27  : 0.0130 0.0040 0.0040 0.9760 0.0030
2577     2577   (0)     27  : 0.0333 0.0060 0.0263 0.9303 0.0040
2578     2578   (0)     27  : 0.0187 0.0030 0.0160 0.9583 0.0040
2579     2579   (0)     27  : 0.0627 0.0160 0.0240 0.8863 0.0110
2580     2580   (0)     27  : 0.0150 0.0310 0.0130 0.9300 0.0110
2581     2581   (0)     27  : 0.0090 0.0060 0.0087 0.9713 0.0050
2582     2582   (0)     27  : 0.0190 0.0030 0.0090 0.9640 0.0050
2583     2583   (0)     27  : 0.0080 0.0040 0.0110 0.9720 0.0050
2584     2584   (0)     27  : 0.0040 0.0040 0.0200 0.9660 0.0060
2585     2585   (0)     27  : 0.0060 0.0100 0.0030 0.9780 0.0030
2586     2586   (0)     27  : 0.0050 0.0060 0.0030 0.9790 0.0070
2587     2587   (0)     27  : 0.0120 0.0040 0.0050 0.9720 0.0070
2588     2588   (0)     27  : 0.0093 0.0030 0.0050 0.9793 0.0033
2589     2589   (0)     27  : 0.0150 0.0130 0.0060 0.9607 0.0053
2590     2590   (0)     27  : 0.0250 0.0030 0.0060 0.9610 0.0050
2591     2591   (0)     27  : 0.0070 0.0030 0.1300 0.8544 0.0057
2592     2592   (0)     27  : 0.0130 0.0030 0.0030 0.9790 0.0020
2593     2593   (0)     27  : 0.0040 0.0050 0.0050 0.9820 0.0040
2594     2594   (0)     27  : 0.0100 0.0030 0.0460 0.9380 0.0030
2595     2595   (0)     27  : 0.0060 0.0030 0.0070 0.9803 0.0037
2596     2596   (0)     27  : 0.0050 0.0050 0.0030 0.9820 0.0050
2597     2597   (0)     27  : 0.0110 0.0030 0.0060 0.9540 0.0260
2598     2598   (5)     28  : 0.0070 0.9810 0.0030 0.0050 0.0040
2599     2599   (0)     28  : 0.0060 0.9790 0.0030 0.0080 0.0040
2600     2600   (0)     28  : 0.0030 0.9880 0.0030 0.0040 0.0020
2601     2601   (0)     28  : 0.0120 0.9439 0.0160 0.0190 0.0090
2602     2602   (0)     28  : 0.0030 0.9890 0.0020 0.0030 0.0030
2603     2603   (0)     28  : 0.0020 0.9750 0.0060 0.0140 0.0030
2604     2604   (0)     28  : 0.0040 0.9890 0.0020 0.0030 0.0020
2605     2605   (0)     28  : 0.0020 0.9880 0.0030 0.0040 0.0030
2606     2606   (0)     28  : 0.0040 0.9850 0.0050 0.0030 0.0030
2607     2607   (0)     28  : 0.0030 0.9870 0.0030 0.0040 0.0030
2608     2608   (0)     28  : 0.0020 0.9920 0.0020 0.0020 0.0020
2609     2609   (0)     28  : 0.0030 0.9890 0.0030 0.0030 0.0020
2610     2610   (0)     28  : 0.0130 0.9730 0.0040 0.0050 0.0050
2611     2611   (5)     28  : 0.0030 0.9900 0.0020 0.0030 0.0020
2612     2612   (0)     28  : 0.0040 0.9890 0.0020 0.0030 0.0020
2613     2613   (0)     28  : 0.0030 0.9900 0.0020 0.0030 0.0020
2614     2614   (0)     28  : 0.0030 0.9750 0.0150 0.0040 0.0030
2615     2615   (0)     28  : 0.0030 0.9890 0.0020 0.0030 0.0030
2616     2616   (0)     28  : 0.0030 0.9877 0.0030 0.0033 0.0030
2617     2617   (0)     28  : 0.0030 0.9890 0.0030 0.0030 0.0020
2618     2618   (0)     28  : 0.0030 0.9900 0.0020 0.0030 0.0020
2619     2619   (0)     28  : 0.0040 0.9830 0.0050 0.0040 0.0040
2620     2620   (0)     28  : 0.0020 0.9910 0.0020 0.0030 0.0020
2621     2621   (0)     28  : 0.0020 0.9920 0.0020 0.0020 0.0020
2622     2622   (0)     28  : 0.0020 0.9920 0.0020 0.0020 0.0020
2623     2623   (0)     28  : 0.0030 0.9890 0.0030 0.0030 0.0020
2624     2624   (0)     28  : 0.0030 0.9900 0.0020 0.0030 0.0020
2625     2625   (0)     28  : 0.0020 0.9910 0.0020 0.0030 0.0020
2626     2626   (0)     29  : 0.0030 0.9870 0.0030 0.0040 0.0030
2627     2627   (0)     29  : 0.0030 0.9880 0.0030 0.0040 0.0020
2628     2628   (0)     29  : 0.0030 0.9890 0.0020 0.0030 0.0030
2629     2629   (0)     29  : 0.0040 0.9860 0.0040 0.0030 0.0030
2630     2630   (0)     29  : 0.0040 0.9807 0.0060 0.0060 0.0033
2631     2631   (0)     29  : 0.0020 0.9890 0.0020 0.0050 0.0020
2632     2632   (0)     29  : 0.0050 0.9800 0.0080 0.0050 0.0020
2633     2633   (0)     29  : 0.0060 0.9820 0.0040 0.0050 0.0030
2634     2634   (0)     29  : 0.0040 0.9870 0.0030 0.0040 0.0020
2635     2635   (0)     29  : 0.0020 0.9900 0.0020 0.0030 0.0030
2636     2636   (0)     29  : 0.0020 0.9890 0.0040 0.0020 0.0030
2637     2637   (0)     29  : 0.0030 0.7802 0.2088 0.0050 0.0030
2638     2638   (0)     29  : 0.0030 0.9890 0.0020 0.0030 0.0030
2639     2639   (0)     29  : 0.0030 0.9890 0.0020 0.0030 0.0030
2640     2640   (0)     29  : 0.0020 0.9910 0.0020 0.0030 0.0020
2641     2641   (0)     29  : 0.0030 0.9810 0.0100 0.0030 0.0030
2642     2642   (0)     29  : 0.0030 0.9900 0.0020 0.0030 0.0020
2643     2643   (0)     29  : 0.0030 0.9900 0.0020 0.0030 0.0020
2644     2644   (0)     29  : 0.0060 0.9790 0.0050 0.0070 0.0030
2645     2645   (0)     29  : 0.0070 0.9830 0.0020 0.0060 0.0020
2646     2646   (0)     29  : 0.0040 0.9880 0.0020 0.0040 0.0020
2647     2647   (0)     29  : 0.0030 0.9900 0.0020 0.0030 0.0020
2648     2648   (0)     29  : 0.0040 0.9870 0.0030 0.0030 0.0030
2649     2649   (0)     29  : 0.0020 0.9910 0.0020 0.0030 0.0020
2650     2650   (0)     29  : 0.0030 0.9890 0.0030 0.0030 0.0020
2651     2651   (0)     29  : 0.0040 0.9880 0.0020 0.0030 0.0030
2652     2652   (0)     29  : 0.0027 0.9893 0.0020 0.0030 0.0030
2653     2653   (0)     29  : 0.0040 0.9860 0.0020 0.0050 0.0030
2654     2654   (0)     29  : 0.0030 0.9880 0.0030 0.0030 0.0030
2655     2655   (0)     29  : 0.0057 0.9863 0.0020 0.0030 0.0030
2656     2656   (0)     29  : 0.0030 0.9840 0.0030 0.0040 0.0060
2657     2657   (0)     29  : 0.0030 0.9890 0.0030 0.0030 0.0020
2658     2658   (0)     29  : 0.0020 0.9920 0.0020 0.0020 0.0020
2659     2659   (0)     29  : 0.0030 0.9840 0.0040 0.0040 0.0050
2660     2660   (0)     29  : 0.0020 0.9890 0.0030 0.0030 0.0030
2661     2661   (0)     29  : 0.0050 0.9810 0.0030 0.0060 0.0050
2662     2662   (0)     29  : 0.0043 0.9753 0.0110 0.0043 0.0050
2663     2663   (0)     29  : 0.0030 0.9890 0.0020 0.0030 0.0030
2664     2664   (0)     29  : 0.0070 0.9810 0.0040 0.0060 0.0020
2665     2665   (0)     29  : 0.0030 0.9900 0.0020 0.0030 0.0020
2666     2666   (0)     29  : 0.0040 0.9830 0.0030 0.0060 0.0040
2667     2667   (0)     29  : 0.0020 0.9910 0.0020 0.0030 0.0020
2668     2668   (0)     29  : 0.0040 0.9880 0.0020 0.0030 0.0030
2669     2669   (0)     29  : 0.0030 0.9890 0.0020 0.0030 0.0030
2670     2670   (0)     29  : 0.0060 0.9870 0.0020 0.0030 0.0020
2671     2671   (0)     29  : 0.0030 0.9890 0.0030 0.0030 0.0020
2672     2672   (0)     29  : 0.0030 0.9890 0.0020 0.0030 0.0030
2673     2673   (0)     29  : 0.0020 0.9920 0.0020 0.0020 0.0020
2674     2674   (0)     29  : 0.0030 0.9900 0.0020 0.0030 0.0020
2675     2675   (0)     29  : 0.0070 0.9860 0.0020 0.0030 0.0020
2676     2676   (0)     29  : 0.0030 0.9890 0.0020 0.0030 0.0030
2677     2677   (0)     29  : 0.0030 0.9900 0.0030 0.0020 0.0020
2678     2678   (0)     29  : 0.0030 0.9890 0.0030 0.0030 0.0020
2679     2679   (0)     29  : 0.0100 0.9790 0.0040 0.0040 0.0030
2680     2680   (0)     29  : 0.0030 0.9890 0.0020 0.0040 0.0020
2681     2681   (0)     29  : 0.0020 0.9920 0.0020 0.0020 0.0020
2682     2682   (0)     29  : 0.0060 0.9710 0.0070 0.0110 0.0050
2683     2683   (0)     29  : 0.0030 0.9870 0.0040 0.0040 0.0020
2684     2684   (0)     29  : 0.0020 0.9900 0.0020 0.0030 0.0030
2685     2685   (0)     29  : 0.0020 0.9900 0.0020 0.0030 0.0030
2686     2686   (0)     29  : 0.0080 0.9746 0.0063 0.0080 0.0030
2687     2687   (0)     29  : 0.0060 0.9840 0.0030 0.0050 0.0020
2688     2688   (0)     29  : 0.0030 0.9890 0.0020 0.0040 0.0020
2689     2689   (0)     29  : 0.0020 0.9910 0.0020 0.0030 0.0020
2690     2690   (0)     29  : 0.0030 0.9890 0.0020 0.0040 0.0020
2691     2691   (0)     29  : 0.0120 0.9690 0.0040 0.0090 0.0060
2692     2692   (0)     29  : 0.0030 0.9900 0.0020 0.0030 0.0020
2693     2693   (0)     29  : 0.0030 0.9887 0.0023 0.0040 0.0020
2694     2694   (0)     29  : 0.0030 0.9870 0.0030 0.0040 0.0030
2695     2695   (0)     29  : 0.0030 0.9900 0.0020 0.0030 0.0020
2696     2696   (0)     29  : 0.0070 0.9740 0.0070 0.0080 0.0040
2697     2697   (0)     29  : 0.0230 0.9537 0.0103 0.0070 0.0060
2698     2698   (0)     29  : 0.0030 0.9890 0.0030 0.0030 0.0020
2699     2699   (0)     29  : 0.0040 0.9840 0.0030 0.0050 0.0040
2700     2700   (0)     29  : 0.0030 0.9860 0.0030 0.0050 0.0030
2701     2701   (0)     29  : 0.0030 0.9890 0.0030 0.0030 0.0020
2702     2702   (0)     29  : 0.0040 0.9860 0.0040 0.0030 0.0030
2703     2703   (0)     29  : 0.0030 0.9880 0.0030 0.0030 0.0030
2704     2704   (0)     29  : 0.0040 0.9890 0.0020 0.0030 0.0020
2705     2705   (0)     29  : 0.0050 0.9860 0.0020 0.0040 0.0030
2706     2706   (0)     29  : 0.0030 0.9850 0.0060 0.0030 0.0030
2707     2707   (0)     29  : 0.0020 0.9910 0.0020 0.0030 0.0020
2708     2708   (0)     29  : 0.0040 0.9880 0.0020 0.0040 0.0020
2709     2709   (0)     29  : 0.0050 0.9820 0.0020 0.0070 0.0040
2710     2710   (0)     29  : 0.0030 0.9880 0.0030 0.0030 0.0030
2711     2711   (0)     29  : 0.0030 0.9900 0.0020 0.0030 0.0020
2712     2712   (0)     29  : 0.0070 0.9630 0.0180 0.0080 0.0040
2713     2713   (0)     29  : 0.0030 0.9900 0.0020 0.0030 0.0020
2714     2714   (0)     29  : 0.0030 0.9900 0.0020 0.0030 0.0020
2715     2715   (0)     29  : 0.0020 0.9903 0.0027 0.0030 0.0020
2716     2716   (0)     29  : 0.0030 0.9880 0.0020 0.0040 0.0030
2717     2717   (0)     29  : 0.0020 0.9890 0.0030 0.0030 0.0030
2718     2718   (0)     29  : 0.0020 0.9880 0.0030 0.0030 0.0040
2719     2719   (0)     29  : 0.0040 0.9890 0.0020 0.0030 0.0020
2720     2720   (0)     29  : 0.0030 0.9870 0.0030 0.0040 0.0030
2721     2721   (0)     29  : 0.0040 0.9703 0.0147 0.0050 0.0060
2722     2722   (0)     29  : 0.0030 0.9880 0.0030 0.0030 0.0030
2723     2723   (0)     29  : 0.0030 0.9850 0.0040 0.0050 0.0030
2724     2724   (0)     29  : 0.0040 0.9830 0.0050 0.0040 0.0040
2725     2725   (0)     29  : 0.0060 0.9850 0.0020 0.0050 0.0020
2726     2726   (0)     29  : 0.0040 0.9900 0.0020 0.0020 0.0020
2727     2727   (0)     29  : 0.0057 0.9803 0.0040 0.0060 0.0040
2728     2728   (0)     29  : 0.0030 0.9900 0.0020 0.0030 0.0020
2729     2729   (0)     29  : 0.0030 0.9910 0.0020 0.0020 0.0020
2730     2730   (0)     29  : 0.0087 0.9370 0.0373 0.0120 0.0050
2731     2731   (0)     29  : 0.0060 0.9820 0.0040 0.0050 0.0030
2732     2732   (0)     29  : 0.0030 0.9900 0.0020 0.0030 0.0020
2733     2733   (0)     29  : 0.0020 0.9910 0.0020 0.0030 0.0020
2734     2734   (0)     29  : 0.0030 0.9850 0.0060 0.0040 0.0020
2735     2735   (0)     29  : 0.0030 0.9857 0.0050 0.0030 0.0033
2736     2736   (0)     29  : 0.0020 0.9920 0.0020 0.0020 0.0020
2737     2737   (0)     29  : 0.0030 0.9900 0.0020 0.0030 0.0020
2738     2738   (0)     29  : 0.0040 0.9840 0.0040 0.0050 0.0030
2739     2739   (0)     29  : 0.0200 0.9530 0.0070 0.0120 0.0080
2740     2740   (0)     29  : 0.0020 0.9900 0.0020 0.0030 0.0030
2741     2741   (0)     29  : 0.0030 0.9910 0.0020 0.0020 0.0020
2742     2742   (0)     29  : 0.0170 0.9520 0.0160 0.0120 0.0030
2743     2743   (0)     29  : 0.0030 0.9900 0.0020 0.0030 0.0020
2744     2744   (0)     29  : 0.0030 0.9910 0.0020 0.0020 0.0020
2745     2745   (0)     29  : 0.0030 0.9837 0.0050 0.0060 0.0023
2746     2746   (0)     29  : 0.0030 0.9877 0.0023 0.0040 0.0030
2747     2747   (0)     29  : 0.0070 0.9850 0.0030 0.0030 0.0020
2748     2748   (0)     29  : 0.0030 0.9900 0.0020 0.0030 0.0020
2749     2749   (0)     29  : 0.0037 0.9863 0.0030 0.0030 0.0040
2750     2750   (0)     29  : 0.0030 0.9900 0.0020 0.0030 0.0020
2751     2751   (0)     29  : 0.0030 0.9900 0.0020 0.0020 0.0030
2752     2752   (0)     29  : 0.0020 0.9910 0.0020 0.0030 0.0020
2753     2753   (0)     29  : 0.0030 0.9890 0.0020 0.0030 0.0030
2754     2754   (0)     29  : 0.0020 0.9910 0.0020 0.0030 0.0020
2755     2755   (0)     29  : 0.0020 0.9890 0.0030 0.0030 0.0030
2756     2756   (0)     29  : 0.0023 0.9897 0.0020 0.0030 0.0030
2757     2757   (0)     29  : 0.0020 0.9920 0.0020 0.0020 0.0020
2758     2758   (0)     29  : 0.0020 0.9920 0.0020 0.0020 0.0020
2759     2759   (0)     29  : 0.0030 0.9873 0.0030 0.0047 0.0020
2760     2760   (0)     29  : 0.0080 0.9803 0.0040 0.0047 0.0030
2761     2761   (0)     29  : 0.0030 0.9900 0.0020 0.0030 0.0020
2762     2762   (0)     29  : 0.0030 0.9870 0.0020 0.0040 0.0040
2763     2763   (0)     29  : 0.0030 0.9883 0.0037 0.0030 0.0020
2764     2764   (0)     29  : 0.0030 0.9890 0.0020 0.0030 0.0030
2765     2765   (0)     29  : 0.0020 0.9870 0.0050 0.0030 0.0030
2766     2766   (0)     29  : 0.0050 0.9840 0.0040 0.0040 0.0030
2767     2767   (0)     29  : 0.0100 0.9750 0.0060 0.0050 0.0040
2768     2768   (0)     29  : 0.0077 0.9623 0.0120 0.0130 0.0050
2769     2769   (0)     29  : 0.0040 0.9890 0.0020 0.0030 0.0020
2770     2770   (0)     29  : 0.0033 0.9857 0.0030 0.0050 0.0030
2771     2771   (0)     29  : 0.0020 0.9900 0.0030 0.0030 0.0020
2772     2772   (0)     29  : 0.0030 0.9090 0.0800 0.0030 0.0050
2773     2773   (0)     29  : 0.0030 0.9850 0.0060 0.0040 0.0020
2774     2774   (0)     29  : 0.0030 0.9900 0.0020 0.0030 0.0020
2775     2775   (0)     29  : 0.0030 0.9860 0.0030 0.0040 0.0040
2776     2776   (0)     29  : 0.0030 0.9880 0.0030 0.0030 0.0030
2777     2777   (0)     29  : 0.0030 0.9910 0.0020 0.0020 0.0020
2778     2778   (0)     29  : 0.0020 0.9887 0.0023 0.0030 0.0040
2779     2779   (0)     29  : 0.0050 0.9790 0.0050 0.0080 0.0030
2780     2780   (0)     29  : 0.0020 0.9890 0.0030 0.0030 0.0030
2781     2781   (0)     29  : 0.0030 0.9900 0.0020 0.0030 0.0020
2782     2782   (0)     29  : 0.0050 0.9850 0.0030 0.0040 0.0030
2783     2783   (0)     29  : 0.0100 0.9700 0.0080 0.0090 0.0030
2784     2784   (0)     29  : 0.0050 0.9840 0.0030 0.0040 0.0040
2785     2785   (0)     29  : 0.0030 0.9820 0.0080 0.0040 0.0030
2786     2786   (0)     29  : 0.0030 0.9870 0.0040 0.0030 0.0030
2787     2787   (0)     29  : 0.0030 0.9870 0.0030 0.0040 0.0030
2788     2788   (0)     29  : 0.0030 0.9880 0.0020 0.0030 0.0040
2789     2789   (0)     29  : 0.0030 0.9890 0.0030 0.0030 0.0020
2790     2790   (0)     29  : 0.0050 0.9860 0.0020 0.0050 0.0020
2791     2791   (0)     29  : 0.0030 0.9890 0.0020 0.0040 0.0020
2792     2792   (0)     29  : 0.0030 0.9900 0.0020 0.0030 0.0020
2793     2793   (0)     29  : 0.0030 0.9860 0.0050 0.0030 0.0030
2794     2794   (0)     29  : 0.0080 0.9800 0.0030 0.0060 0.0030
2795     2795   (0)     29  : 0.0027 0.9907 0.0020 0.0027 0.0020
2796     2796   (0)     29  : 0.0020 0.9900 0.0020 0.0030 0.0030
2797     2797   (0)     29  : 0.0020 0.9920 0.0020 0.0020 0.0020
2798     2798   (0)     29  : 0.0030 0.9867 0.0030 0.0030 0.0043
2799     2799   (0)     29  : 0.0050 0.9840 0.0040 0.0040 0.0030
2800     2800   (0)     29  : 0.0020 0.9913 0.0020 0.0020 0.0027
2801     2801   (0)     29  : 0.0110 0.9690 0.0090 0.0060 0.0050
2802     2802   (0)     29  : 0.0030 0.9900 0.0020 0.0030 0.0020
2803     2803   (0)     29  : 0.0090 0.9657 0.0080 0.0093 0.0080
2804     2804   (0)     29  : 0.0020 0.9900 0.0020 0.0030 0.0030
2805     2805   (0)     29  : 0.0030 0.9890 0.0030 0.0030 0.0020
2806     2806   (0)     29  : 0.0030 0.9880 0.0020 0.0040 0.0030
2807     2807   (0)     29  : 0.0030 0.9870 0.0020 0.0050 0.0030
2808     2808   (0)     29  : 0.0030 0.9870 0.0040 0.0030 0.0030
2809     2809   (0)     29  : 0.0040 0.9863 0.0037 0.0030 0.0030
2810     2810   (0)     29  : 0.0020 0.9900 0.0030 0.0030 0.0020
2811     2811   (0)     29  : 0.0030 0.9840 0.0040 0.0040 0.0050
2812     2812   (0)     29  : 0.0040 0.9833 0.0030 0.0067 0.0030
2813     2813   (0)     29  : 0.0030 0.9880 0.0040 0.0030 0.0020
2814     2814   (0)     29  : 0.0030 0.9900 0.0020 0.0030 0.0020
2815     2815   (0)     29  : 0.0160 0.9674 0.0060 0.0077 0.0030
2816     2816   (0)     29  : 0.0020 0.9920 0.0020 0.0020 0.0020
2817     2817   (0)     29  : 0.0060 0.9780 0.0020 0.0090 0.0050
2818     2818   (0)     29  : 0.0030 0.9890 0.0030 0.0030 0.0020
2819     2819   (0)     29  : 0.0040 0.9880 0.0030 0.0030 0.0020
2820     2820   (0)     29  : 0.0060 0.9850 0.0020 0.0040 0.0030
2821     2821   (0)     29  : 0.0020 0.9900 0.0030 0.0030 0.0020
2822     2822   (0)     29  : 0.0020 0.9910 0.0020 0.0030 0.0020
2823     2823   (0)     29  : 0.0050 0.9720 0.0070 0.0090 0.0070
2824     2824   (0)     29  : 0.0040 0.9870 0.0030 0.0030 0.0030
2825     2825   (0)     29  : 0.0020 0.9910 0.0020 0.0030 0.0020
2826     2826   (0)     29  : 0.0220 0.9490 0.0130 0.0110 0.0050
2827     2827   (0)     29  : 0.0020 0.9910 0.0020 0.0030 0.0020
2828     2828   (0)     29  : 0.0030 0.9900 0.0030 0.0020 0.0020
2829     2829   (0)     29  : 0.0030 0.9900 0.0020 0.0030 0.0020
2830     2830   (0)     29  : 0.0020 0.9920 0.0020 0.0020 0.0020
2831     2831   (0)     29  : 0.0040 0.9840 0.0040 0.0050 0.0030
2832     2832   (0)     29  : 0.0020 0.9900 0.0030 0.0030 0.0020
2833     2833   (0)     29  : 0.0030 0.9880 0.0030 0.0030 0.0030
2834     2834   (0)     29  : 0.0080 0.9770 0.0060 0.0060 0.0030
2835     2835   (0)     29  : 0.0050 0.9840 0.0030 0.0060 0.0020
2836     2836   (0)     29  : 0.0060 0.9820 0.0040 0.0060 0.0020
2837     2837   (0)     29  : 0.0040 0.9890 0.0020 0.0030 0.0020
2838     2838   (0)     29  : 0.0020 0.9900 0.0020 0.0040 0.0020
2839     2839   (0)     29  : 0.0030 0.9870 0.0030 0.0040 0.0030
2840     2840   (0)     29  : 0.0020 0.9900 0.0030 0.0030 0.0020
2841     2841   (0)     29  : 0.0030 0.9890 0.0030 0.0030 0.0020
2842     2842   (0)     29  : 0.0030 0.9890 0.0030 0.0030 0.0020
2843     2843   (0)     29  : 0.0040 0.9670 0.0220 0.0040 0.0030
2844     2844   (0)     29  : 0.0023 0.9887 0.0030 0.0030 0.0030
2845     2845   (0)     29  : 0.0030 0.9870 0.0050 0.0030 0.0020
2846     2846   (0)     29  : 0.0040 0.9860 0.0030 0.0040 0.0030
2847     2847   (0)     29  : 0.0030 0.9880 0.0030 0.0030 0.0030
2848     2848   (0)     29  : 0.0030 0.9880 0.0020 0.0040 0.0030
2849     2849   (0)     29  : 0.0030 0.9890 0.0020 0.0030 0.0030
2850     2850   (0)     29  : 0.0030 0.9900 0.0020 0.0030 0.0020
2851     2851   (0)     29  : 0.0040 0.9860 0.0050 0.0030 0.0020
2852     2852   (0)     29  : 0.0020 0.9917 0.0020 0.0023 0.0020
2853     2853   (0)     29  : 0.0060 0.9780 0.0040 0.0090 0.0030
2854     2854   (0)     29  : 0.0030 0.9890 0.0030 0.0030 0.0020
2855     2855   (0)     29  : 0.0030 0.9870 0.0030 0.0040 0.0030
2856     2856   (0)     29  : 0.0020 0.9920 0.0020 0.0020 0.0020
2857     2857   (0)     29  : 0.0030 0.9880 0.0040 0.0030 0.0020
2858     2858   (0)     29  : 0.0030 0.9850 0.0050 0.0030 0.0040
2859     2859   (0)     29  : 0.0040 0.9880 0.0020 0.0030 0.0030
2860     2860   (0)     29  : 0.0050 0.9870 0.0030 0.0030 0.0020
2861     2861   (0)     29  : 0.0050 0.9770 0.0080 0.0060 0.0040
2862     2862   (0)     29  : 0.0030 0.9870 0.0040 0.0040 0.0020
2863     2863   (0)     29  : 0.0030 0.9900 0.0020 0.0030 0.0020
2864     2864   (0)     29  : 0.0040 0.9860 0.0040 0.0040 0.0020
2865     2865   (0)     29  : 0.0040 0.9880 0.0030 0.0030 0.0020
2866     2866   (0)     29  : 0.0040 0.9840 0.0040 0.0050 0.0030
2867     2867   (0)     29  : 0.0020 0.9910 0.0030 0.0020 0.0020
2868     2868   (0)     29  : 0.0030 0.9900 0.0020 0.0030 0.0020
2869     2869   (0)     29  : 0.0080 0.9563 0.0237 0.0050 0.0070
2870     2870   (0)     29  : 0.0030 0.9900 0.0020 0.0030 0.0020
2871     2871   (0)     29  : 0.0020 0.9910 0.0020 0.0030 0.0020
2872     2872   (0)     29  : 0.0050 0.9850 0.0030 0.0040 0.0030
2873     2873   (0)     29  : 0.0030 0.9870 0.0030 0.0040 0.0030
2874     2874   (0)     29  : 0.0050 0.9810 0.0050 0.0040 0.0050
2875     2875   (0)     29  : 0.0060 0.9840 0.0030 0.0040 0.0030
2876     2876   (0)     29  : 0.0030 0.9890 0.0020 0.0040 0.0020
2877     2877   (0)     29  : 0.0020 0.9900 0.0020 0.0030 0.0030
2878     2878   (0)     29  : 0.0030 0.9860 0.0050 0.0030 0.0030
2879     2879   (0)     29  : 0.0040 0.9840 0.0050 0.0040 0.0030
2880     2880   (0)     29  : 0.0030 0.9890 0.0030 0.0030 0.0020
2881     2881   (0)     29  : 0.0030 0.9890 0.0020 0.0030 0.0030
2882     2882   (0)     29  : 0.0030 0.9880 0.0030 0.0040 0.0020
2883     2883   (0)     29  : 0.0020 0.9900 0.0030 0.0030 0.0020
2884     2884   (0)     29  : 0.0030 0.9890 0.0030 0.0030 0.0020
2885     2885   (0)     29  : 0.0030 0.9880 0.0030 0.0030 0.0030
2886     2886   (0)     29  : 0.0030 0.9900 0.0020 0.0030 0.0020
2887     2887   (0)     29  : 0.0030 0.9890 0.0020 0.0040 0.0020
2888     2888   (0)     29  : 0.0020 0.9910 0.0020 0.0030 0.0020
2889     2889   (0)     29  : 0.0030 0.9890 0.0020 0.0030 0.0030
2890     2890   (0)     29  : 0.0040 0.9810 0.0060 0.0060 0.0030
2891     2891   (0)     29  : 0.0020 0.9900 0.0020 0.0040 0.0020
2892     2892   (0)     29  : 0.0020 0.9920 0.0020 0.0020 0.0020
2893     2893   (0)     29  : 0.0030 0.9900 0.0020 0.0030 0.0020
2894     2894   (0)     29  : 0.0030 0.9900 0.0020 0.0030 0.0020
2895     2895   (0)     29  : 0.0030 0.9890 0.0030 0.0030 0.0020
2896     2896   (0)     29  : 0.0030 0.9870 0.0040 0.0030 0.0030
2897     2897   (0)     29  : 0.0020 0.9900 0.0030 0.0030 0.0020
2898     2898   (0)     29  : 0.0030 0.9900 0.0020 0.0020 0.0030
2899     2899   (0)     29  : 0.0060 0.9730 0.0110 0.0060 0.0040
2900     2900   (0)     29  : 0.0040 0.9820 0.0080 0.0030 0.0030
2901     2901   (0)     29  : 0.0030 0.9880 0.0020 0.0040 0.0030
2902     2902   (0)     29  : 0.0060 0.9744 0.0040 0.0050 0.0107
2903     2903   (0)     29  : 0.0050 0.9830 0.0030 0.0050 0.0040
2904     2904   (0)     29  : 0.0030 0.9890 0.0030 0.0030 0.0020
2905     2905   (0)     29  : 0.0030 0.9860 0.0040 0.0040 0.0030
2906     2906   (0)     29  : 0.0030 0.9870 0.0030 0.0040 0.0030
2907     2907   (0)     29  : 0.0030 0.9900 0.0020 0.0030 0.0020
2908     2908   (0)     29  : 0.0020 0.9910 0.0020 0.0030 0.0020
2909     2909   (0)     29  : 0.0030 0.9900 0.0020 0.0030 0.0020
2910     2910   (0)     29  : 0.0040 0.9860 0.0040 0.0030 0.0030
2911     2911   (0)     29  : 0.0030 0.9880 0.0030 0.0030 0.0030
2912     2912   (0)     29  : 0.0030 0.9860 0.0050 0.0030 0.0030
2913     2913   (0)     29  : 0.0030 0.9910 0.0020 0.0020 0.0020
2914     2914   (0)     29  : 0.0020 0.9900 0.0020 0.0030 0.0030
2915     2915   (0)     29  : 0.0030 0.9870 0.0030 0.0040 0.0030
2916     2916   (0)     29  : 0.0030 0.9910 0.0020 0.0020 0.0020
2917     2917   (0)     29  : 0.0030 0.9900 0.0020 0.0030 0.0020
2918     2918   (0)     29  : 0.0050 0.9860 0.0030 0.0030 0.0030
2919     2919   (0)     29  : 0.0030 0.9893 0.0020 0.0037 0.0020
2920     2920   (0)     29  : 0.0030 0.9890 0.0030 0.0030 0.0020
2921     2921   (0)     29  : 0.0040 0.9870 0.0030 0.0030 0.0030
2922     2922   (0)     29  : 0.0030 0.9870 0.0030 0.0040 0.0030
2923     2923   (0)     29  : 0.0030 0.9890 0.0020 0.0030 0.0030
2924     2924   (0)     29  : 0.0030 0.9910 0.0020 0.0020 0.0020
2925     2925   (0)     29  : 0.0030 0.9890 0.0020 0.0030 0.0030
2926     2926   (5)     30  : 0.0030 0.0030 0.9890 0.0030 0.0020
2927     2927   (0)     30  : 0.0040 0.0030 0.9880 0.0030 0.0020
2928     2928   (0)     30  : 0.0110 0.0050 0.9760 0.0050 0.0030
2929     2929   (0)     30  : 0.0030 0.0020 0.9890 0.0030 0.0030
2930     2930   (5)     30  : 0.0714 0.0030 0.9156 0.0060 0.0040
2931     2931   (0)     30  : 0.0030 0.0020 0.9910 0.0020 0.0020
2932     2932   (0)     30  : 0.0030 0.0030 0.9870 0.0030 0.0040
2933     2933   (0)     30  : 0.0063 0.0020 0.9857 0.0030 0.0030
2934     2934   (0)     30  : 0.0050 0.0040 0.9850 0.0030 0.0030
2935     2935   (0)     30  : 0.0030 0.0030 0.9880 0.0020 0.0040
2936     2936   (0)     30  : 0.0030 0.0020 0.9890 0.0030 0.0030
2937     2937   (0)     30  : 0.0030 0.0030 0.9890 0.0030 0.0020
2938     2938   (5)     30  : 0.0040 0.0030 0.9840 0.0050 0.0040
2939     2939   (0)     30  : 0.0030 0.0030 0.9900 0.0020 0.0020
2940     2940   (0)     30  : 0.0040 0.0030 0.9870 0.0030 0.0030
2941     2941   (0)     30  : 0.0030 0.0020 0.9910 0.0020 0.0020
2942     2942   (0)     30  : 0.0040 0.0020 0.9860 0.0050 0.0030
2943     2943   (0)     30  : 0.0053 0.0040 0.9857 0.0030 0.0020
2944     2944   (0)     30  : 0.0050 0.0070 0.9810 0.0040 0.0030
2945     2945   (0)     30  : 0.0160 0.0070 0.9550 0.0180 0.0040
2946     2946   (0)     30  : 0.0050 0.0027 0.9863 0.0030 0.0030
2947     2947   (0)     30  : 0.0030 0.0030 0.9890 0.0030 0.0020
2948     2948   (0)     30  : 0.0100 0.0110 0.9640 0.0120 0.0030
2949     2949   (0)     30  : 0.0150 0.0050 0.9664 0.0057 0.0080
2950     2950   (0)     30  : 0.0030 0.0030 0.9890 0.0030 0.0020
2951     2951   (0)     30  : 0.0150 0.0080 0.9680 0.0060 0.0030
2952     2952   (0)     30  : 0.0040 0.0030 0.9880 0.0030 0.0020
2953     2953   (0)     31  : 0.0030 0.0030 0.9880 0.0030 0.0030
2954     2954   (0)     31  : 0.0020 0.0020 0.9900 0.0030 0.0030
2955     2955   (0)     31  : 0.0040 0.0030 0.9870 0.0030 0.0030
2956     2956   (0)     31  : 0.0040 0.0030 0.9870 0.0030 0.0030
2957     2957   (0)     31  : 0.0080 0.0030 0.9817 0.0033 0.0040
2958     2958   (0)     31  : 0.0030 0.0020 0.9890 0.0030 0.0030
2959     2959   (0)     31  : 0.0050 0.0020 0.9870 0.0030 0.0030
2960     2960   (0)     31  : 0.0020 0.0020 0.9920 0.0020 0.0020
2961     2961   (0)     31  : 0.0090 0.0060 0.9760 0.0060 0.0030
2962     2962   (0)     31  : 0.0050 0.0070 0.9770 0.0050 0.0060
2963     2963   (0)     31  : 0.0090 0.0040 0.9810 0.0040 0.0020
2964     2964   (0)     31  : 0.0070 0.0030 0.9840 0.0040 0.0020
2965     2965   (0)     31  : 0.0040 0.0020 0.9870 0.0030 0.0040
2966     2966   (0)     31  : 0.0030 0.0020 0.9890 0.0030 0.0030
2967     2967   (0)     31  : 0.0050 0.0030 0.9860 0.0030 0.0030
2968     2968   (0)     31  : 0.0027 0.0020 0.9893 0.0020 0.0040
2969     2969   (0)     31  : 0.0040 0.0030 0.9870 0.0030 0.0030
2970     2970   (0)     31  : 0.0040 0.0030 0.9870 0.0030 0.0030
2971     2971   (0)     31  : 0.0030 0.0020 0.9910 0.0020 0.0020
2972     2972   (0)     31  : 0.0070 0.0090 0.9750 0.0060 0.0030
2973     2973   (0)     31  : 0.0040 0.0020 0.9900 0.0020 0.0020
2974     2974   (0)     31  : 0.0037 0.0020 0.9873 0.0030 0.0040
2975     2975   (0)     31  : 0.0030 0.0020 0.9890 0.0030 0.0030
2976     2976   (0)     31  : 0.0160 0.0030 0.9740 0.0050 0.0020
2977     2977   (0)     31  : 0.0050 0.0030 0.9840 0.0050 0.0030
2978     2978   (0)     31  : 0.0030 0.0027 0.9883 0.0030 0.0030
2979     2979   (0)     31  : 0.0240 0.0080 0.9500 0.0140 0.0040
2980     2980   (0)     31  : 0.0030 0.0040 0.9870 0.0030 0.0030
2981     2981   (0)     31  : 0.0030 0.0040 0.9880 0.0030 0.0020
2982     2982   (0)     31  : 0.0073 0.0040 0.9807 0.0050 0.0030
2983     2983   (0)     31  : 0.0050 0.0090 0.9790 0.0040 0.0030
2984     2984   (0)     31  : 0.0040 0.0020 0.9890 0.0020 0.0030
2985     2985   (0)     31  : 0.0030 0.0020 0.9900 0.0020 0.0030
2986     2986   (0)     31  : 0.0040 0.0030 0.9870 0.0030 0.0030
2987     2987   (0)     31  : 0.0050 0.0020 0.9870 0.0030 0.0030
2988     2988   (0)     31  : 0.0030 0.0020 0.9900 0.0030 0.0020
2989     2989   (0)     31  : 0.0040 0.0020 0.9890 0.0020 0.0030
2990     2990   (0)     31  : 0.0030 0.0020 0.9900 0.0030 0.0020
2991     2991   (0)     31  : 0.0150 0.0040 0.9730 0.0050 0.0030
2992     2992   (0)     31  : 0.0040 0.0030 0.9880 0.0030 0.0020
2993     2993   (0)     31  : 0.0030 0.0020 0.9870 0.0040 0.0040
2994     2994   (0)     31  : 0.0040 0.0020 0.9880 0.0030 0.0030
2995     2995   (0)     31  : 0.0060 0.0030 0.9790 0.0080 0.0040
2996     2996   (0)     31  : 0.0040 0.0040 0.9870 0.0030 0.0020
2997     2997   (0)     31  : 0.0040 0.0050 0.9850 0.0030 0.0030
2998     2998   (0)     31  : 0.0030 0.0020 0.9900 0.0020 0.0030
2999     2999   (0)     31  : 0.0030 0.0020 0.9910 0.0020 0.0020
3000     3000   (0)     31  : 0.0030 0.0030 0.9870 0.0040 0.0030
3001     3001   (0)     31  : 0.0050 0.0050 0.9770 0.0070 0.0060
3002     3002   (0)     31  : 0.0040 0.0110 0.9780 0.0050 0.0020
3003     3003   (0)     31  : 0.0030 0.0030 0.9880 0.0030 0.0030
3004     3004   (0)     31  : 0.0050 0.0030 0.9870 0.0030 0.0020
3005     3005   (0)     31  : 0.0040 0.0020 0.9873 0.0037 0.0030
3006     3006   (0)     31  : 0.0030 0.0030 0.9890 0.0030 0.0020
3007     3007   (0)     31  : 0.0040 0.0030 0.9870 0.0030 0.0030
3008     3008   (0)     31  : 0.0050 0.0080 0.9780 0.0050 0.0040
3009     3009   (0)     31  : 0.0050 0.0020 0.9870 0.0040 0.0020
3010     3010   (0)     31  : 0.0040 0.0040 0.9840 0.0050 0.0030
3011     3011   (0)     31  : 0.0060 0.0040 0.9840 0.0030 0.0030
3012     3012   (0)     31  : 0.0040 0.0030 0.9860 0.0040 0.0030
3013     3013   (0)     31  : 0.0030 0.0030 0.9880 0.0030 0.0030
3014     3014   (0)     31  : 0.0030 0.0040 0.9870 0.0030 0.0030
3015     3015   (0)     31  : 0.0040 0.0040 0.9860 0.0030 0.0030
3016     3016   (0)     31  : 0.0050 0.0050 0.9830 0.0040 0.0030
3017     3017   (0)     31  : 0.0040 0.0040 0.9850 0.0040 0.0030
3018     3018   (0)     31  : 0.0030 0.0040 0.9800 0.0030 0.0100
3019     3019   (0)     31  : 0.0040 0.0030 0.9880 0.0030 0.0020
3020     3020   (0)     31  : 0.0030 0.0020 0.9910 0.0020 0.0020
3021     3021   (0)     31  : 0.0103 0.0060 0.9757 0.0060 0.0020
3022     3022   (0)     31  : 0.0050 0.0050 0.9830 0.0040 0.0030
3023     3023   (0)     31  : 0.0060 0.0050 0.9827 0.0033 0.0030
3024     3024   (0)     31  : 0.0040 0.0020 0.9890 0.0030 0.0020
3025     3025   (0)     31  : 0.0030 0.0050 0.9810 0.0050 0.0060
3026     3026   (0)     31  : 0.0030 0.0020 0.9910 0.0020 0.0020
3027     3027   (0)     31  : 0.0030 0.0050 0.9850 0.0040 0.0030
3028     3028   (0)     31  : 0.0030 0.0030 0.9890 0.0030 0.0020
3029     3029   (0)     31  : 0.0050 0.0030 0.9870 0.0030 0.0020
3030     3030   (0)     31  : 0.0050 0.0030 0.9870 0.0030 0.0020
3031     3031   (0)     31  : 0.0040 0.0030 0.9853 0.0040 0.0037
3032     3032   (0)     31  : 0.0070 0.0110 0.9740 0.0050 0.0030
3033     3033   (0)     31  : 0.0020 0.0020 0.9920 0.0020 0.0020
3034     3034   (0)     31  : 0.0080 0.0040 0.9820 0.0040 0.0020
3035     3035   (0)     31  : 0.0030 0.0030 0.9880 0.0030 0.0030
3036     3036   (0)     31  : 0.0040 0.0020 0.9870 0.0030 0.0040
3037     3037   (0)     31  : 0.0060 0.0030 0.9857 0.0030 0.0023
3038     3038   (0)     31  : 0.0040 0.0030 0.9880 0.0030 0.0020
3039     3039   (0)     31  : 0.0050 0.0030 0.9870 0.0030 0.0020
3040     3040   (0)     31  : 0.0030 0.0040 0.9870 0.0030 0.0030
3041     3041   (0)     31  : 0.0060 0.0040 0.9840 0.0030 0.0030
3042     3042   (0)     31  : 0.0053 0.0020 0.9877 0.0030 0.0020
3043     3043   (0)     31  : 0.0040 0.0020 0.9890 0.0030 0.0020
3044     3044   (0)     31  : 0.0030 0.0033 0.9857 0.0030 0.0050
3045     3045   (0)     31  : 0.0050 0.0020 0.9880 0.0030 0.0020
3046     3046   (0)     31  : 0.0040 0.0040 0.9870 0.0030 0.0020
3047     3047   (0)     31  : 0.0030 0.0020 0.9900 0.0030 0.0020
3048     3048   (0)     31  : 0.0040 0.0020 0.9890 0.0030 0.0020
3049     3049   (0)     31  : 0.0050 0.0020 0.9860 0.0030 0.0040
3050     3050   (0)     31  : 0.0030 0.0020 0.9870 0.0030 0.0050
3051     3051   (0)     31  : 0.0030 0.0020 0.9900 0.0030 0.0020
3052     3052   (0)     31  : 0.0030 0.0020 0.9900 0.0020 0.0030
3053     3053   (0)     31  : 0.0070 0.0040 0.9830 0.0040 0.0020
3054     3054   (0)     31  : 0.0040 0.0050 0.9830 0.0050 0.0030
3055     3055   (0)     31  : 0.0030 0.0020 0.9900 0.0020 0.0030
3056     3056   (0)     31  : 0.0050 0.0030 0.9850 0.0040 0.0030
3057     3057   (0)     31  : 0.0080 0.0080 0.9760 0.0050 0.0030
3058     3058   (0)     31  : 0.0027 0.0030 0.9873 0.0030 0.0040
3059     3059   (0)     31  : 0.0040 0.0020 0.9883 0.0027 0.0030
3060     3060   (0)     31  : 0.0060 0.0020 0.9870 0.0030 0.0020
3061     3061   (0)     31  : 0.0030 0.0030 0.9880 0.0030 0.0030
3062     3062   (0)     31  : 0.0040 0.0020 0.9880 0.0030 0.0030
3063     3063   (0)     31  : 0.0030 0.0040 0.9870 0.0030 0.0030
3064     3064   (0)     31  : 0.0040 0.0030 0.9870 0.0030 0.0030
3065     3065   (0)     31  : 0.0030 0.0030 0.9880 0.0030 0.0030
3066     3066   (0)     31  : 0.0047 0.0040 0.9863 0.0030 0.0020
3067     3067   (0)     31  : 0.0020 0.0020 0.9920 0.0020 0.0020
3068     3068   (0)     31  : 0.0030 0.0030 0.9880 0.0030 0.0030
3069     3069   (0)     31  : 0.0030 0.0020 0.9910 0.0020 0.0020
3070     3070   (0)     31  : 0.0040 0.0070 0.9810 0.0040 0.0040
3071     3071   (0)     31  : 0.0050 0.0060 0.9810 0.0040 0.0040
3072     3072   (0)     31  : 0.0060 0.0050 0.9810 0.0050 0.0030
3073     3073   (0)     31  : 0.0050 0.0020 0.9880 0.0030 0.0020
3074     3074   (0)     31  : 0.0040 0.0020 0.9880 0.0030 0.0030
3075     3075   (0)     31  : 0.0040 0.0030 0.9840 0.0040 0.0050
3076     3076   (0)     31  : 0.0030 0.0020 0.9900 0.0020 0.0030
3077     3077   (0)     31  : 0.0030 0.0020 0.9890 0.0030 0.0030
3078     3078   (0)     31  : 0.0040 0.0020 0.9870 0.0040 0.0030
3079     3079   (0)     31  : 0.0040 0.0030 0.9880 0.0020 0.0030
3080     3080   (0)     31  : 0.0063 0.0020 0.9877 0.0020 0.0020
3081     3081   (0)     31  : 0.0030 0.0030 0.9880 0.0030 0.0030
3082     3082   (0)     31  : 0.0040 0.0030 0.9880 0.0030 0.0020
3083     3083   (0)     31  : 0.0020 0.0020 0.9910 0.0020 0.0030
3084     3084   (0)     31  : 0.0037 0.0030 0.9893 0.0020 0.0020
3085     3085   (0)     31  : 0.0040 0.0030 0.9890 0.0020 0.0020
3086     3086   (0)     31  : 0.0030 0.0027 0.9903 0.0020 0.0020
3087     3087   (0)     31  : 0.0070 0.0030 0.9820 0.0050 0.0030
3088     3088   (0)     31  : 0.0060 0.0060 0.9820 0.0040 0.0020
3089     3089   (0)     31  : 0.0030 0.0060 0.9840 0.0040 0.0030
3090     3090   (0)     31  : 0.0083 0.0030 0.9817 0.0040 0.0030
3091     3091   (0)     31  : 0.0040 0.0020 0.9890 0.0030 0.0020
3092     3092   (0)     31  : 0.0030 0.0030 0.9890 0.0020 0.0030
3093     3093   (0)     31  : 0.0130 0.0030 0.9770 0.0040 0.0030
3094     3094   (0)     31  : 0.0070 0.0040 0.9813 0.0057 0.0020
3095     3095   (0)     31  : 0.0080 0.0030 0.9840 0.0030 0.0020
3096     3096   (0)     31  : 0.0060 0.0040 0.9840 0.0040 0.0020
3097     3097   (0)     31  : 0.0050 0.0030 0.9840 0.0050 0.0030
3098     3098   (0)     31  : 0.0030 0.0030 0.9890 0.0030 0.0020
3099     3099   (0)     31  : 0.0030 0.0020 0.9910 0.0020 0.0020
3100     3100   (0)     31  : 0.0020 0.0030 0.9890 0.0030 0.0030
3101     3101   (0)     31  : 0.0040 0.0030 0.9890 0.0020 0.0020
3102     3102   (0)     31  : 0.0040 0.0070 0.9790 0.0050 0.0050
3103     3103   (0)     31  : 0.0040 0.0030 0.9860 0.0030 0.0040
3104     3104   (0)     31  : 0.0040 0.0020 0.9880 0.0030 0.0030
3105     3105   (0)     31  : 0.0020 0.0030 0.9900 0.0020 0.0030
3106     3106   (0)     31  : 0.0040 0.0040 0.9830 0.0060 0.0030
3107     3107   (0)     31  : 0.0040 0.0030 0.9870 0.0030 0.0030
3108     3108   (0)     31  : 0.0020 0.0020 0.9920 0.0020 0.0020
3109     3109   (0)     31  : 0.0110 0.0060 0.9744 0.0060 0.0027
3110     3110   (0)     31  : 0.0050 0.0030 0.9820 0.0070 0.0030
3111     3111   (0)     31  : 0.0050 0.0030 0.9860 0.0040 0.0020
3112     3112   (0)     31  : 0.0030 0.0030 0.9900 0.0020 0.0020
3113     3113   (0)     31  : 0.0030 0.0020 0.9890 0.0030 0.0030
3114     3114   (0)     31  : 0.0180 0.0040 0.9710 0.0040 0.0030
3115     3115   (0)     31  : 0.0030 0.0030 0.9870 0.0030 0.0040
3116     3116   (0)     31  : 0.0050 0.0030 0.9870 0.0030 0.0020
3117     3117   (0)     31  : 0.0050 0.0070 0.9790 0.0050 0.0040
3118     3118   (0)     31  : 0.0030 0.0050 0.9860 0.0030 0.0030
3119     3119   (0)     31  : 0.0040 0.0020 0.9870 0.0030 0.0040
3120     3120   (0)     31  : 0.0030 0.0020 0.9900 0.0030 0.0020
3121     3121   (0)     31  : 0.0030 0.0020 0.9890 0.0030 0.0030
3122     3122   (0)     31  : 0.0150 0.0040 0.9740 0.0040 0.0030
3123     3123   (0)     31  : 0.0050 0.0030 0.9840 0.0040 0.0040
3124     3124   (0)     31  : 0.0030 0.0020 0.9900 0.0020 0.0030
3125     3125   (0)     31  : 0.0050 0.0040 0.9840 0.0030 0.0040
3126     3126   (0)     31  : 0.0020 0.0020 0.9920 0.0020 0.0020
3127     3127   (0)     31  : 0.0190 0.0040 0.9650 0.0050 0.0070
3128     3128   (0)     31  : 0.0040 0.0020 0.9870 0.0040 0.0030
3129     3129   (0)     31  : 0.0030 0.0030 0.9900 0.0020 0.0020
3130     3130   (0)     31  : 0.0050 0.0050 0.9800 0.0070 0.0030
3131     3131   (0)     31  : 0.0040 0.0030 0.9860 0.0040 0.0030
3132     3132   (0)     31  : 0.0060 0.0030 0.9860 0.0030 0.0020
3133     3133   (0)     31  : 0.0060 0.0020 0.9860 0.0030 0.0030
3134     3134   (0)     31  : 0.0050 0.0030 0.9820 0.0060 0.0040
3135     3135   (0)     31  : 0.0030 0.0020 0.9890 0.0030 0.0030
3136     3136   (0)     31  : 0.0050 0.0050 0.9820 0.0050 0.0030
3137     3137   (0)     31  : 0.0030 0.0020 0.9900 0.0030 0.0020
3138     3138   (0)     31  : 0.0050 0.0050 0.9790 0.0060 0.0050
3139     3139   (0)     31  : 0.0050 0.0050 0.9820 0.0050 0.0030
3140     3140   (0)     31  : 0.0040 0.0020 0.9880 0.0030 0.0030
3141     3141   (0)     31  : 0.0030 0.0030 0.9893 0.0020 0.0027
3142     3142   (0)     31  : 0.0030 0.0030 0.9890 0.0030 0.0020
3143     3143   (0)     31  : 0.0020 0.0020 0.9900 0.0030 0.0030
3144     3144   (0)     31  : 0.0070 0.0050 0.9800 0.0050 0.0030
3145     3145   (0)     31  : 0.0050 0.0030 0.9850 0.0040 0.0030
3146     3146   (0)     31  : 0.0030 0.0020 0.9910 0.0020 0.0020
3147     3147   (0)     31  : 0.0050 0.0020 0.9870 0.0030 0.0030
3148     3148   (0)     31  : 0.0060 0.0040 0.9840 0.0040 0.0020
3149     3149   (0)     31  : 0.0050 0.0173 0.9696 0.0040 0.0040
3150     3150   (0)     31  : 0.0070 0.0030 0.9800 0.0050 0.0050
3151     3151   (0)     31  : 0.0050 0.0030 0.9870 0.0030 0.0020
3152     3152   (0)     31  : 0.0037 0.0020 0.9883 0.0030 0.0030
3153     3153   (0)     31  : 0.0040 0.0020 0.9890 0.0030 0.0020
3154     3154   (0)     31  : 0.0030 0.0030 0.9900 0.0020 0.0020
3155     3155   (0)     31  : 0.0050 0.0020 0.9860 0.0040 0.0030
3156     3156   (0)     31  : 0.0070 0.0060 0.9800 0.0040 0.0030
3157     3157   (0)     31  : 0.0040 0.0040 0.9840 0.0040 0.0040
3158     3158   (0)     31  : 0.0110 0.0040 0.9770 0.0040 0.0040
3159     3159   (0)     31  : 0.0110 0.0030 0.9750 0.0070 0.0040
3160     3160   (0)     31  : 0.0023 0.0020 0.9917 0.0020 0.0020
3161     3161   (0)     31  : 0.0040 0.0020 0.9880 0.0030 0.0030
3162     3162   (0)     31  : 0.0040 0.0040 0.9860 0.0030 0.0030
3163     3163   (0)     31  : 0.0050 0.0020 0.9880 0.0030 0.0020
3164     3164   (0)     31  : 0.0030 0.0020 0.9880 0.0030 0.0040
3165     3165   (0)     31  : 0.0030 0.0030 0.9890 0.0030 0.0020
3166     3166   (0)     31  : 0.0030 0.0030 0.9890 0.0030 0.0020
3167     3167   (0)     31  : 0.0040 0.0030 0.9860 0.0040 0.0030
3168     3168   (0)     31  : 0.0030 0.0040 0.9880 0.0030 0.0020
3169     3169   (0)     31  : 0.0050 0.0050 0.9813 0.0050 0.0037
3170     3170   (0)     31  : 0.0040 0.0030 0.9880 0.0020 0.0030
3171     3171   (0)     31  : 0.0040 0.0047 0.9843 0.0040 0.0030
3172     3172   (0)     31  : 0.0070 0.0043 0.9807 0.0050 0.0030
3173     3173   (0)     31  : 0.0040 0.0030 0.9880 0.0030 0.0020
3174     3174   (0)     31  : 0.0040 0.0030 0.9870 0.0030 0.0030
3175     3175   (0)     31  : 0.0050 0.0040 0.9850 0.0030 0.0030
3176     3176   (0)     31  : 0.0030 0.0040 0.9860 0.0030 0.0040
3177     3177   (0)     31  : 0.0060 0.0040 0.9810 0.0050 0.0040
3178     3178   (0)     31  : 0.0070 0.0127 0.9704 0.0070 0.0030
3179     3179   (0)     31  : 0.0077 0.0110 0.9697 0.0080 0.0037
3180     3180   (0)     31  : 0.0100 0.0060 0.9770 0.0040 0.0030
3181     3181   (0)     31  : 0.0070 0.0020 0.9830 0.0050 0.0030
3182     3182   (0)     31  : 0.0040 0.0030 0.9850 0.0040 0.0040
3183     3183   (0)     31  : 0.0040 0.0020 0.9880 0.0030 0.0030
3184     3184   (0)     31  : 0.0030 0.0030 0.9880 0.0030 0.0030
3185     3185   (0)     31  : 0.0040 0.0030 0.9860 0.0040 0.0030
3186     3186   (0)     31  : 0.0053 0.0040 0.9827 0.0050 0.0030
3187     3187   (0)     31  : 0.0030 0.0020 0.9900 0.0020 0.0030
3188     3188   (0)     31  : 0.0040 0.0030 0.9880 0.0030 0.0020
3189     3189   (0)     31  : 0.0087 0.0270 0.9563 0.0050 0.0030
3190     3190   (0)     31  : 0.0030 0.0023 0.9897 0.0020 0.0030
3191     3191   (0)     31  : 0.0030 0.0020 0.9890 0.0030 0.0030
3192     3192   (0)     31  : 0.0177 0.0040 0.9614 0.0110 0.0060
3193     3193   (0)     31  : 0.0103 0.0060 0.9757 0.0050 0.0030
3194     3194   (0)     31  : 0.0093 0.0040 0.9767 0.0060 0.0040
3195     3195   (0)     31  : 0.0020 0.0020 0.9920 0.0020 0.0020
3196     3196   (0)     31  : 0.0030 0.0020 0.9910 0.0020 0.0020
3197     3197   (0)     31  : 0.0050 0.0030 0.9860 0.0030 0.0030
3198     3198   (0)     31  : 0.0060 0.0030 0.9843 0.0040 0.0027
3199     3199   (0)     31  : 0.0080 0.0040 0.9780 0.0060 0.0040
3200     3200   (0)     31  : 0.0060 0.0060 0.9760 0.0080 0.0040
3201     3201   (0)     31  : 0.0140 0.0090 0.9623 0.0090 0.0057
3202     3202   (0)     31  : 0.0030 0.0040 0.9870 0.0030 0.0030
3203     3203   (0)     31  : 0.0030 0.0030 0.9890 0.0030 0.0020
3204     3204   (0)     31  : 0.0050 0.0040 0.9860 0.0030 0.0020
3205     3205   (0)     31  : 0.0030 0.0030 0.9880 0.0030 0.0030
3206     3206   (0)     31  : 0.0030 0.0030 0.9880 0.0030 0.0030
3207     3207   (0)     31  : 0.0060 0.0030 0.9830 0.0040 0.0040
3208     3208   (0)     31  : 0.0070 0.0040 0.9820 0.0040 0.0030
3209     3209   (0)     31  : 0.0040 0.0040 0.9860 0.0030 0.0030
3210     3210   (0)     31  : 0.0060 0.0020 0.9870 0.0030 0.0020
3211     3211   (0)     31  : 0.0050 0.0050 0.9810 0.0060 0.0030
3212     3212   (0)     31  : 0.0080 0.0040 0.9830 0.0030 0.0020
3213     3213   (0)     31  : 0.0080 0.0040 0.9770 0.0060 0.0050
3214     3214   (0)     31  : 0.0030 0.0020 0.9900 0.0020 0.0030
3215     3215   (0)     31  : 0.0020 0.0020 0.9920 0.0020 0.0020
3216     3216   (0)     31  : 0.0060 0.0050 0.9817 0.0043 0.0030
3217     3217   (0)     31  : 0.0030 0.0030 0.9880 0.0030 0.0030
3218     3218   (0)     31  : 0.0030 0.0020 0.9910 0.0020 0.0020
3219     3219   (0)     31  : 0.0040 0.0020 0.9880 0.0030 0.0030
3220     3220   (0)     31  : 0.0030 0.0030 0.9900 0.0020 0.0020
3221     3221   (0)     31  : 0.0030 0.0020 0.9903 0.0027 0.0020
3222     3222   (0)     31  : 0.0030 0.0030 0.9890 0.0030 0.0020
3223     3223   (0)     31  : 0.0030 0.0030 0.9890 0.0020 0.0030
3224     3224   (0)     31  : 0.0040 0.0030 0.9857 0.0043 0.0030
3225     3225   (0)     31  : 0.0100 0.0040 0.9750 0.0070 0.0040
3226     3226   (0)     31  : 0.0050 0.0020 0.9877 0.0030 0.0023
3227     3227   (0)     31  : 0.0117 0.0030 0.9763 0.0060 0.0030
3228     3228   (0)     31  : 0.0050 0.0050 0.9820 0.0040 0.0040
3229     3229   (0)     31  : 0.0030 0.0020 0.9890 0.0030 0.0030
3230     3230   (0)     31  : 0.0030 0.0030 0.9890 0.0030 0.0020
3231     3231   (0)     31  : 0.0030 0.0020 0.9900 0.0030 0.0020
3232     3232   (0)     31  : 0.0090 0.0020 0.9830 0.0030 0.0030
3233     3233   (0)     31  : 0.0050 0.0030 0.9870 0.0030 0.0020
3234     3234   (0)     31  : 0.0080 0.0027 0.9843 0.0030 0.0020
3235     3235   (0)     31  : 0.0050 0.0020 0.9860 0.0040 0.0030
3236     3236   (0)     31  : 0.0040 0.0020 0.9840 0.0060 0.0040
3237     3237   (0)     31  : 0.0060 0.0040 0.9830 0.0040 0.0030
3238     3238   (0)     31  : 0.0040 0.0030 0.9863 0.0037 0.0030
3239     3239   (0)     31  : 0.0060 0.0070 0.9790 0.0050 0.0030
3240     3240   (0)     31  : 0.0030 0.0040 0.9870 0.0030 0.0030
3241     3241   (0)     31  : 0.0040 0.0040 0.9850 0.0030 0.0040
3242     3242   (0)     31  : 0.0050 0.0030 0.9850 0.0030 0.0040
3243     3243   (0)     31  : 0.0030 0.0020 0.9910 0.0020 0.0020
3244     3244   (0)     31  : 0.0060 0.0050 0.9810 0.0050 0.0030
3245     3245   (0)     31  : 0.0050 0.0030 0.9867 0.0033 0.0020
3246     3246   (0)     31  : 0.0030 0.0020 0.9890 0.0030 0.0030
3247     3247   (0)     31  : 0.0050 0.0030 0.9870 0.0030 0.0020
3248     3248   (0)     31  : 0.0030 0.0040 0.9870 0.0030 0.0030
3249     3249   (0)     31  : 0.0040 0.0050 0.9840 0.0040 0.0030
3250     3250   (0)     31  : 0.0030 0.0030 0.9900 0.0020 0.0020
3251     3251   (0)     31  : 0.0030 0.0030 0.9880 0.0030 0.0030
3252     3252   (0)     31  : 0.0030 0.0020 0.9900 0.0020 0.0030
3253     3253   (0)     32  : 0.9870 0.0030 0.0030 0.0050 0.0020
3254     3254   (0)     32  : 0.9716 0.0100 0.0070 0.0080 0.0033
3255     3255   (0)     32  : 0.9650 0.0050 0.0070 0.0180 0.0050
3256     3256   (0)     32  : 0.9617 0.0040 0.0123 0.0180 0.0040
3257     3257   (0)     32  : 0.9763 0.0050 0.0040 0.0097 0.0050
3258     3258   (0)     32  : 0.9474 0.0070 0.0286 0.0130 0.0040
3259     3259   (0)     32  : 0.9666 0.0050 0.0103 0.0120 0.0060
3260     3260   (0)     32  : 0.9850 0.0040 0.0030 0.0060 0.0020
3261     3261   (0)     32  : 0.9870 0.0030 0.0030 0.0050 0.0020
3262     3262   (0)     32  : 0.9664 0.0110 0.0080 0.0117 0.0030
3263     3263   (0)     32  : 0.9870 0.0040 0.0030 0.0040 0.0020
3264     3264   (0)     32  : 0.9863 0.0030 0.0037 0.0050 0.0020
3265     3265   (0)     32  : 0.9870 0.0040 0.0030 0.0040 0.0020
3266     3266   (0)     32  : 0.9687 0.0080 0.0123 0.0080 0.0030
3267     3267   (0)     32  : 0.9820 0.0050 0.0050 0.0050 0.0030
3268     3268   (0)     32  : 0.9763 0.0077 0.0090 0.0040 0.0030
3269     3269   (0)     32  : 0.8583 0.0070 0.0917 0.0360 0.0070
3270     3270   (0)     32  : 0.9820 0.0050 0.0050 0.0040 0.0040
3271     3271   (0)     32  : 0.9423 0.0140 0.0100 0.0287 0.0050
3272     3272   (0)     32  : 0.9704 0.0030 0.0120 0.0117 0.0030
3273     3273   (0)     32  : 0.9840 0.0070 0.0030 0.0030 0.0030
3274     3274   (0)     32  : 0.9780 0.0100 0.0050 0.0040 0.0030
3275     3275   (5)     32  : 0.9810 0.0080 0.0040 0.0050 0.0020
3276     3276   (0)     32  : 0.9820 0.0030 0.0060 0.0050 0.0040
3277     3277   (0)     32  : 0.9746 0.0043 0.0130 0.0040 0.0040
3278     3278   (0)     32  : 0.9777 0.0040 0.0060 0.0090 0.0033
3279     3279   (0)     32  : 0.9750 0.0150 0.0040 0.0040 0.0020
3280     3280   (0)     32  : 0.9750 0.0060 0.0110 0.0050 0.0030
3281     3281   (0)     32  : 0.8873 0.1007 0.0030 0.0060 0.0030
3282     3282   (0)     32  : 0.9900 0.0020 0.0030 0.0030 0.0020
3283     3283   (5)     32  : 0.9870 0.0040 0.0030 0.0040 0.0020
3284     3284   (0)     32  : 0.9650 0.0050 0.0220 0.0050 0.0030
3285     3285   (0)     32  : 0.9710 0.0110 0.0030 0.0100 0.0050
3286     3286   (0)     32  : 0.9870 0.0020 0.0040 0.0040 0.0030
3287     3287   (0)     32  : 0.9710 0.0180 0.0030 0.0050 0.0030
3288     3288   (0)     32  : 0.9533 0.0050 0.0060 0.0300 0.0057
3289     3289   (5)     32  : 0.9657 0.0060 0.0080 0.0153 0.0050
3290     3290   (5)     32  : 0.9683 0.0070 0.0120 0.0070 0.0057
3291     3291   (5)     32  : 0.9740 0.0060 0.0100 0.0050 0.0050
3292     3292   (5)     32  : 0.9830 0.0060 0.0020 0.0050 0.0040
3293     3293   (0)     33  : 0.9670 0.0200 0.0030 0.0070 0.0030
3294     3294   (0)     33  : 0.9790 0.0080 0.0040 0.0060 0.0030
3295     3295   (0)     33  : 0.9417 0.0140 0.0260 0.0060 0.0123
3296     3296   (0)     33  : 0.9793 0.0060 0.0047 0.0050 0.0050
3297     3297   (0)     33  : 0.9666 0.0090 0.0063 0.0150 0.0030
3298     3298   (0)     33  : 0.9496 0.0070 0.0233 0.0140 0.0060
3299     3299   (0)     33  : 0.9823 0.0067 0.0040 0.0040 0.0030
3300     3300   (0)     33  : 0.9850 0.0040 0.0030 0.0050 0.0030
3301     3301   (0)     33  : 0.9800 0.0040 0.0100 0.0030 0.0030
3302     3302   (0)     33  : 0.9850 0.0020 0.0040 0.0050 0.0040
3303     3303   (0)     33  : 0.9833 0.0030 0.0070 0.0030 0.0037
3304     3304   (0)     33  : 0.9730 0.0040 0.0060 0.0140 0.0030
3305     3305   (0)     33  : 0.9797 0.0053 0.0050 0.0070 0.0030
3306     3306   (0)     33  : 0.9780 0.0080 0.0040 0.0070 0.0030
3307     3307   (0)     33  : 0.9480 0.0030 0.0350 0.0110 0.0030
3308     3308   (0)     33  : 0.9870 0.0020 0.0050 0.0040 0.0020
3309     3309   (0)     33  : 0.9760 0.0140 0.0020 0.0060 0.0020
3310     3310   (0)     33  : 0.9830 0.0040 0.0030 0.0080 0.0020
3311     3311   (0)     33  : 0.9677 0.0083 0.0120 0.0070 0.0050
3312     3312   (0)     33  : 0.9620 0.0120 0.0070 0.0120 0.0070
3313     3313   (0)     33  : 0.9670 0.0120 0.0090 0.0080 0.0040
3314     3314   (0)     33  : 0.9860 0.0030 0.0030 0.0050 0.0030
3315     3315   (0)     33  : 0.9800 0.0040 0.0090 0.0050 0.0020
3316     3316   (0)     33  : 0.9850 0.0030 0.0070 0.0030 0.0020
3317     3317   (0)     33  : 0.9773 0.0080 0.0047 0.0070 0.0030
3318     3318   (0)     33  : 0.9833 0.0040 0.0040 0.0057 0.0030
3319     3319   (0)     33  : 0.9673 0.0187 0.0070 0.0050 0.0020
3320     3320   (0)     33  : 0.9780 0.0050 0.0070 0.0070 0.0030
3321     3321   (0)     33  : 0.9313 0.0040 0.0557 0.0060 0.0030
3322     3322   (0)     33  : 0.9223 0.0100 0.0270 0.0327 0.0080
3323     3323   (0)     33  : 0.9346 0.0290 0.0080 0.0110 0.0173
3324     3324   (0)     33  : 0.9830 0.0050 0.0050 0.0040 0.0030
3325     3325   (0)     33  : 0.9041 0.0040 0.0829 0.0050 0.0040
3326     3326   (0)     33  : 0.9900 0.0020 0.0030 0.0030 0.0020
3327     3327   (0)     33  : 0.9770 0.0040 0.0030 0.0080 0.0080
3328     3328   (0)     33  : 0.9870 0.0030 0.0030 0.0040 0.0030
3329     3329   (0)     33  : 0.9840 0.0040 0.0020 0.0070 0.0030
3330     3330   (0)     33  : 0.9497 0.0090 0.0040 0.0333 0.0040
3331     3331   (0)     33  : 0.9770 0.0100 0.0030 0.0070 0.0030
3332     3332   (0)     33  : 0.9680 0.0090 0.0150 0.0050 0.0030
3333     3333   (0)     33  : 0.9800 0.0040 0.0050 0.0080 0.0030
3334     3334   (0)     33  : 0.9830 0.0060 0.0050 0.0030 0.0030
3335     3335   (0)     33  : 0.9790 0.0050 0.0040 0.0080 0.0040
3336     3336   (0)     33  : 0.9710 0.0030 0.0150 0.0070 0.0040
3337     3337   (0)     33  : 0.9767 0.0053 0.0100 0.0040 0.0040
3338     3338   (0)     33  : 0.9830 0.0060 0.0050 0.0030 0.0030
3339     3339   (0)     33  : 0.9620 0.0080 0.0080 0.0160 0.0060
3340     3340   (0)     33  : 0.9797 0.0083 0.0040 0.0050 0.0030
3341     3341   (0)     33  : 0.9873 0.0027 0.0050 0.0030 0.0020
3342     3342   (0)     33  : 0.9687 0.0080 0.0060 0.0133 0.0040
3343     3343   (0)     33  : 0.9790 0.0040 0.0050 0.0070 0.0050
3344     3344   (0)     33  : 0.9860 0.0030 0.0030 0.0050 0.0030
3345     3345   (0)     33  : 0.9860 0.0030 0.0050 0.0040 0.0020
3346     3346   (0)     33  : 0.9690 0.0060 0.0170 0.0060 0.0020
3347     3347   (0)     33  : 0.9850 0.0050 0.0030 0.0040 0.0030
3348     3348   (0)     33  : 0.9820 0.0050 0.0060 0.0040 0.0030
3349     3349   (0)     33  : 0.9550 0.0060 0.0240 0.0100 0.0050
3350     3350   (0)     33  : 0.9710 0.0210 0.0030 0.0030 0.0020
3351     3351   (0)     33  : 0.9710 0.0040 0.0150 0.0060 0.0040
3352     3352   (0)     33  : 0.9770 0.0050 0.0090 0.0040 0.0050
3353     3353   (0)     33  : 0.9270 0.0070 0.0580 0.0050 0.0030
3354     3354   (0)     33  : 0.9750 0.0060 0.0100 0.0060 0.0030
3355     3355   (0)     33  : 0.9680 0.0110 0.0040 0.0140 0.0030
3356     3356   (0)     33  : 0.9830 0.0040 0.0040 0.0060 0.0030
3357     3357   (0)     33  : 0.9850 0.0030 0.0050 0.0040 0.0030
3358     3358   (0)     33  : 0.9677 0.0073 0.0100 0.0110 0.0040
3359     3359   (0)     33  : 0.9840 0.0050 0.0040 0.0050 0.0020
3360     3360   (0)     33  : 0.9770 0.0090 0.0050 0.0050 0.0040
3361     3361   (0)     33  : 0.9474 0.0120 0.0070 0.0217 0.0120
3362     3362   (0)     33  : 0.9840 0.0040 0.0040 0.0050 0.0030
3363     3363   (0)     33  : 0.9640 0.0030 0.0230 0.0070 0.0030
3364     3364   (0)     33  : 0.9780 0.0080 0.0040 0.0060 0.0040
3365     3365   (0)     33  : 0.9830 0.0050 0.0050 0.0050 0.0020
3366     3366   (0)     33  : 0.9830 0.0050 0.0040 0.0040 0.0040
3367     3367   (0)     33  : 0.9670 0.0020 0.0110 0.0110 0.0090
3368     3368   (0)     33  : 0.9840 0.0040 0.0040 0.0050 0.0030
3369     3369   (0)     33  : 0.9870 0.0040 0.0030 0.0030 0.0030
3370     3370   (0)     33  : 0.9813 0.0070 0.0030 0.0067 0.0020
3371     3371   (0)     33  : 0.8757 0.0180 0.0633 0.0380 0.0050
3372     3372   (0)     33  : 0.9720 0.0030 0.0150 0.0060 0.0040
3373     3373   (0)     33  : 0.9850 0.0040 0.0040 0.0040 0.0030
3374     3374   (0)     33  : 0.9810 0.0050 0.0030 0.0070 0.0040
3375     3375   (0)     33  : 0.9840 0.0040 0.0030 0.0060 0.0030
3376     3376   (0)     33  : 0.9720 0.0070 0.0070 0.0060 0.0080
3377     3377   (0)     33  : 0.9880 0.0040 0.0020 0.0040 0.0020
3378     3378   (0)     33  : 0.9880 0.0030 0.0040 0.0030 0.0020
3379     3379   (0)     33  : 0.9276 0.0270 0.0050 0.0333 0.0070
3380     3380   (0)     33  : 0.9860 0.0030 0.0030 0.0060 0.0020
3381     3381   (0)     33  : 0.9840 0.0060 0.0040 0.0040 0.0020
3382     3382   (0)     33  : 0.9870 0.0020 0.0050 0.0040 0.0020
3383     3383   (0)     33  : 0.9793 0.0040 0.0077 0.0060 0.0030
3384     3384   (0)     33  : 0.9810 0.0043 0.0057 0.0050 0.0040
3385     3385   (0)     33  : 0.9790 0.0040 0.0070 0.0070 0.0030
3386     3386   (0)     33  : 0.9397 0.0496 0.0030 0.0047 0.0030
3387     3387   (0)     33  : 0.9713 0.0070 0.0067 0.0100 0.0050
3388     3388   (0)     33  : 0.9770 0.0030 0.0060 0.0100 0.0040
3389     3389   (0)     33  : 0.9810 0.0040 0.0050 0.0070 0.0030
3390     3390   (0)     33  : 0.9790 0.0030 0.0050 0.0080 0.0050
3391     3391   (0)     33  : 0.9837 0.0040 0.0030 0.0063 0.0030
3392     3392   (0)     33  : 0.9800 0.0040 0.0070 0.0060 0.0030
3393     3393   (0)     33  : 0.9770 0.0060 0.0070 0.0060 0.0040
3394     3394   (0)     33  : 0.9800 0.0060 0.0040 0.0070 0.0030
3395     3395   (0)     33  : 0.9830 0.0050 0.0030 0.0060 0.0030
3396     3396   (0)     33  : 0.9820 0.0030 0.0050 0.0060 0.0040
3397     3397   (0)     33  : 0.9860 0.0040 0.0040 0.0040 0.0020
3398     3398   (0)     33  : 0.9830 0.0050 0.0060 0.0030 0.0030
3399     3399   (0)     33  : 0.8957 0.0586 0.0140 0.0257 0.0060
3400     3400   (0)     33  : 0.9740 0.0040 0.0120 0.0050 0.0050
3401     3401   (0)     33  : 0.9823 0.0070 0.0037 0.0050 0.0020
3402     3402   (0)     33  : 0.9837 0.0050 0.0040 0.0033 0.0040
3403     3403   (0)     33  : 0.9790 0.0030 0.0090 0.0060 0.0030
3404     3404   (0)     33  : 0.9547 0.0320 0.0030 0.0073 0.0030
3405     3405   (0)     33  : 0.9560 0.0060 0.0240 0.0090 0.0050
3406     3406   (0)     33  : 0.9840 0.0050 0.0040 0.0040 0.0030
3407     3407   (0)     33  : 0.9770 0.0060 0.0040 0.0050 0.0080
3408     3408   (0)     33  : 0.9680 0.0070 0.0120 0.0090 0.0040
3409     3409   (0)     33  : 0.9740 0.0060 0.0090 0.0070 0.0040
3410     3410   (0)     33  : 0.9860 0.0050 0.0030 0.0040 0.0020
3411     3411   (0)     33  : 0.9830 0.0030 0.0030 0.0080 0.0030
3412     3412   (0)     33  : 0.9730 0.0030 0.0060 0.0140 0.0040
3413     3413   (0)     33  : 0.8680 0.0507 0.0583 0.0200 0.0030
3414     3414   (0)     33  : 0.9503 0.0033 0.0090 0.0333 0.0040
3415     3415   (0)     33  : 0.9860 0.0020 0.0050 0.0040 0.0030
3416     3416   (0)     33  : 0.9850 0.0030 0.0040 0.0060 0.0020
3417     3417   (0)     33  : 0.9800 0.0040 0.0040 0.0070 0.0050
3418     3418   (0)     33  : 0.9750 0.0050 0.0070 0.0100 0.0030
3419     3419   (0)     33  : 0.9840 0.0060 0.0020 0.0060 0.0020
3420     3420   (0)     33  : 0.9830 0.0060 0.0040 0.0040 0.0030
3421     3421   (0)     33  : 0.9820 0.0050 0.0040 0.0050 0.0040
3422     3422   (0)     33  : 0.9800 0.0050 0.0040 0.0080 0.0030
3423     3423   (0)     33  : 0.9820 0.0020 0.0080 0.0050 0.0030
3424     3424   (0)     33  : 0.9710 0.0050 0.0060 0.0090 0.0090
3425     3425   (0)     33  : 0.9803 0.0047 0.0050 0.0070 0.0030
3426     3426   (0)     33  : 0.9860 0.0030 0.0040 0.0040 0.0030
3427     3427   (0)     33  : 0.9800 0.0040 0.0050 0.0080 0.0030
3428     3428   (0)     33  : 0.9626 0.0070 0.0083 0.0200 0.0020
3429     3429   (0)     33  : 0.9770 0.0030 0.0060 0.0060 0.0080
3430     3430   (0)     33  : 0.9620 0.0090 0.0090 0.0150 0.0050
3431     3431   (0)     33  : 0.9770 0.0040 0.0080 0.0060 0.0050
3432     3432   (0)     33  : 0.9820 0.0060 0.0040 0.0050 0.0030
3433     3433   (0)     33  : 0.9700 0.0100 0.0040 0.0120 0.0040
3434     3434   (0)     33  : 0.9850 0.0020 0.0050 0.0040 0.0040
3435     3435   (0)     33  : 0.9733 0.0117 0.0060 0.0060 0.0030
3436     3436   (0)     33  : 0.9536 0.0063 0.0050 0.0300 0.0050
3437     3437   (0)     33  : 0.9820 0.0040 0.0050 0.0060 0.0030
3438     3438   (0)     33  : 0.9680 0.0140 0.0050 0.0070 0.0060
3439     3439   (0)     33  : 0.9860 0.0030 0.0040 0.0040 0.0030
3440     3440   (0)     33  : 0.9867 0.0020 0.0053 0.0040 0.0020
3441     3441   (0)     33  : 0.9820 0.0050 0.0050 0.0040 0.0040
3442     3442   (0)     33  : 0.9756 0.0040 0.0123 0.0050 0.0030
3443     3443   (0)     33  : 0.9510 0.0060 0.0250 0.0140 0.0040
3444     3444   (0)     33  : 0.9750 0.0070 0.0070 0.0070 0.0040
3445     3445   (0)     33  : 0.9790 0.0030 0.0060 0.0080 0.0040
3446     3446   (0)     33  : 0.9840 0.0070 0.0030 0.0030 0.0030
3447     3447   (0)     33  : 0.9753 0.0060 0.0040 0.0107 0.0040
3448     3448   (0)     33  : 0.9820 0.0050 0.0050 0.0050 0.0030
3449     3449   (0)     33  : 0.9850 0.0030 0.0050 0.0040 0.0030
3450     3450   (0)     33  : 0.9850 0.0030 0.0020 0.0070 0.0030
3451     3451   (0)     33  : 0.9830 0.0040 0.0050 0.0050 0.0030
3452     3452   (0)     33  : 0.9830 0.0040 0.0050 0.0040 0.0040
3453     3453   (0)     33  : 0.9387 0.0060 0.0463 0.0060 0.0030
3454     3454   (0)     33  : 0.9750 0.0020 0.0050 0.0140 0.0040
3455     3455   (0)     33  : 0.9763 0.0060 0.0057 0.0090 0.0030
3456     3456   (0)     33  : 0.9767 0.0050 0.0113 0.0050 0.0020
3457     3457   (0)     33  : 0.9737 0.0030 0.0173 0.0030 0.0030
3458     3458   (0)     33  : 0.9860 0.0040 0.0050 0.0030 0.0020
3459     3459   (0)     33  : 0.9690 0.0220 0.0030 0.0040 0.0020
3460     3460   (0)     33  : 0.9797 0.0050 0.0030 0.0093 0.0030
3461     3461   (0)     33  : 0.9890 0.0030 0.0030 0.0030 0.0020
3462     3462   (0)     33  : 0.9690 0.0030 0.0060 0.0180 0.0040
3463     3463   (0)     33  : 0.9537 0.0060 0.0050 0.0303 0.0050
3464     3464   (0)     33  : 0.9650 0.0180 0.0040 0.0080 0.0050
3465     3465   (0)     33  : 0.9820 0.0050 0.0050 0.0050 0.0030
3466     3466   (0)     33  : 0.9286 0.0564 0.0070 0.0050 0.0030
3467     3467   (0)     33  : 0.9740 0.0030 0.0140 0.0040 0.0050
3468     3468   (0)     33  : 0.9820 0.0050 0.0050 0.0060 0.0020
3469     3469   (0)     33  : 0.9850 0.0050 0.0040 0.0040 0.0020
3470     3470   (0)     33  : 0.9590 0.0220 0.0050 0.0110 0.0030
3471     3471   (0)     33  : 0.9287 0.0393 0.0060 0.0230 0.0030
3472     3472   (0)     33  : 0.9850 0.0040 0.0030 0.0050 0.0030
3473     3473   (0)     33  : 0.9760 0.0060 0.0070 0.0070 0.0040
3474     3474   (0)     33  : 0.9860 0.0030 0.0050 0.0030 0.0030
3475     3475   (0)     33  : 0.9860 0.0030 0.0040 0.0050 0.0020
3476     3476   (0)     33  : 0.9740 0.0090 0.0040 0.0100 0.0030
3477     3477   (0)     33  : 0.9857 0.0040 0.0030 0.0047 0.0027
3478     3478   (0)     33  : 0.9780 0.0070 0.0060 0.0060 0.0030
3479     3479   (0)     33  : 0.9700 0.0130 0.0040 0.0080 0.0050
3480     3480   (0)     33  : 0.9910 0.0020 0.0020 0.0030 0.0020
3481     3481   (0)     33  : 0.9820 0.0040 0.0080 0.0030 0.0030
3482     3482   (0)     33  : 0.9706 0.0060 0.0163 0.0040 0.0030
3483     3483   (0)     33  : 0.9700 0.0180 0.0030 0.0070 0.0020
3484     3484   (0)     33  : 0.9603 0.0040 0.0050 0.0277 0.0030
3485     3485   (0)     33  : 0.9696 0.0120 0.0040 0.0113 0.0030
3486     3486   (0)     33  : 0.9820 0.0060 0.0030 0.0050 0.0040
3487     3487   (0)     33  : 0.9840 0.0040 0.0040 0.0050 0.0030
3488     3488   (0)     33  : 0.9810 0.0050 0.0050 0.0060 0.0030
3489     3489   (0)     33  : 0.9840 0.0030 0.0070 0.0030 0.0030
3490     3490   (0)     33  : 0.9770 0.0030 0.0130 0.0040 0.0030
3491     3491   (0)     33  : 0.9880 0.0030 0.0030 0.0040 0.0020
3492     3492   (0)     33  : 0.9810 0.0050 0.0060 0.0060 0.0020
3493     3493   (0)     33  : 0.9820 0.0050 0.0050 0.0050 0.0030
3494     3494   (0)     33  : 0.9650 0.0110 0.0067 0.0123 0.0050
3495     3495   (0)     33  : 0.9737 0.0030 0.0130 0.0043 0.0060
3496     3496   (0)     33  : 0.9690 0.0110 0.0070 0.0070 0.0060
3497     3497   (0)     33  : 0.9710 0.0160 0.0030 0.0070 0.0030
3498     3498   (0)     33  : 0.9860 0.0020 0.0020 0.0070 0.0030
3499     3499   (0)     33  : 0.9750 0.0040 0.0060 0.0100 0.0050
3500     3500   (0)     33  : 0.9733 0.0040 0.0140 0.0047 0.0040
3501     3501   (0)     33  : 0.9840 0.0040 0.0030 0.0050 0.0040
3502     3502   (0)     33  : 0.9830 0.0050 0.0040 0.0060 0.0020
3503     3503   (0)     33  : 0.9770 0.0100 0.0040 0.0060 0.0030
3504     3504   (0)     33  : 0.9740 0.0090 0.0070 0.0070 0.0030
3505     3505   (0)     33  : 0.9753 0.0077 0.0070 0.0060 0.0040
3506     3506   (0)     33  : 0.9690 0.0150 0.0030 0.0110 0.0020
3507     3507   (0)     33  : 0.9403 0.0337 0.0140 0.0070 0.0050
3508     3508   (0)     33  : 0.9227 0.0603 0.0060 0.0080 0.0030
3509     3509   (0)     33  : 0.9780 0.0060 0.0090 0.0040 0.0030
3510     3510   (0)     33  : 0.9690 0.0080 0.0130 0.0060 0.0040
3511     3511   (0)     33  : 0.9840 0.0050 0.0040 0.0040 0.0030
3512     3512   (0)     33  : 0.9800 0.0050 0.0050 0.0050 0.0050
3513     3513   (0)     33  : 0.9900 0.0020 0.0020 0.0040 0.0020
3514     3514   (0)     33  : 0.9790 0.0120 0.0030 0.0040 0.0020
3515     3515   (0)     33  : 0.9710 0.0070 0.0100 0.0060 0.0060
3516     3516   (0)     33  : 0.9730 0.0090 0.0040 0.0120 0.0020
3517     3517   (0)     33  : 0.9670 0.0060 0.0150 0.0090 0.0030
3518     3518   (0)     33  : 0.9800 0.0070 0.0030 0.0060 0.0040
3519     3519   (0)     33  : 0.9880 0.0040 0.0030 0.0030 0.0020
3520     3520   (0)     33  : 0.9810 0.0050 0.0060 0.0050 0.0030
3521     3521   (0)     33  : 0.9783 0.0100 0.0057 0.0030 0.0030
3522     3522   (0)     33  : 0.9573 0.0207 0.0100 0.0070 0.0050
3523     3523   (0)     33  : 0.9726 0.0103 0.0060 0.0070 0.0040
3524     3524   (0)     33  : 0.9690 0.0100 0.0070 0.0100 0.0040
3525     3525   (0)     33  : 0.9790 0.0060 0.0060 0.0060 0.0030
3526     3526   (0)     33  : 0.9833 0.0040 0.0067 0.0030 0.0030
3527     3527   (0)     33  : 0.9810 0.0050 0.0060 0.0050 0.0030
3528     3528   (0)     33  : 0.9790 0.0050 0.0070 0.0040 0.0050
3529     3529   (0)     33  : 0.9820 0.0070 0.0040 0.0040 0.0030
3530     3530   (0)     33  : 0.9800 0.0040 0.0060 0.0070 0.0030
3531     3531   (0)     33  : 0.9860 0.0040 0.0040 0.0040 0.0020
3532     3532   (0)     33  : 0.9787 0.0030 0.0080 0.0063 0.0040
3533     3533   (0)     33  : 0.9780 0.0060 0.0090 0.0050 0.0020
3534     3534   (0)     33  : 0.9850 0.0040 0.0030 0.0040 0.0040
3535     3535   (0)     33  : 0.9673 0.0027 0.0110 0.0140 0.0050
3536     3536   (0)     33  : 0.9830 0.0030 0.0040 0.0070 0.0030
3537     3537   (0)     33  : 0.9730 0.0040 0.0070 0.0080 0.0080
3538     3538   (0)     33  : 0.9730 0.0120 0.0030 0.0080 0.0040
3539     3539   (0)     33  : 0.9610 0.0040 0.0250 0.0070 0.0030
3540     3540   (0)     33  : 0.9780 0.0070 0.0040 0.0060 0.0050
3541     3541   (0)     33  : 0.9730 0.0120 0.0030 0.0090 0.0030
3542     3542   (0)     33  : 0.9393 0.0364 0.0100 0.0103 0.0040
3543     3543   (0)     33  : 0.9777 0.0053 0.0100 0.0040 0.0030
3544     3544   (0)     33  : 0.9787 0.0060 0.0053 0.0060 0.0040
3545     3545   (0)     33  : 0.9363 0.0320 0.0060 0.0167 0.0090
3546     3546   (0)     33  : 0.9820 0.0040 0.0060 0.0050 0.0030
3547     3547   (0)     33  : 0.9457 0.0267 0.0137 0.0100 0.0040
3548     3548   (0)     33  : 0.8964 0.0040 0.0869 0.0080 0.0047
3549     3549   (0)     33  : 0.9274 0.0493 0.0060 0.0137 0.0037
3550     3550   (0)     33  : 0.9880 0.0020 0.0030 0.0040 0.0030
3551     3551   (0)     33  : 0.9770 0.0040 0.0040 0.0070 0.0080
3552     3552   (0)     33  : 0.9730 0.0070 0.0020 0.0150 0.0030
3553     3553   (0)     33  : 0.9750 0.0140 0.0030 0.0050 0.0030
3554     3554   (0)     33  : 0.9813 0.0030 0.0087 0.0040 0.0030
3555     3555   (0)     33  : 0.9720 0.0050 0.0090 0.0100 0.0040
3556     3556   (0)     33  : 0.9800 0.0030 0.0090 0.0050 0.0030
3557     3557   (0)     33  : 0.9890 0.0020 0.0040 0.0030 0.0020
3558     3558   (0)     33  : 0.9750 0.0120 0.0020 0.0070 0.0040
3559     3559   (0)     33  : 0.9650 0.0150 0.0100 0.0070 0.0030
3560     3560   (0)     33  : 0.9810 0.0060 0.0040 0.0060 0.0030
3561     3561   (0)     33  : 0.9830 0.0040 0.0040 0.0060 0.0030
3562     3562   (0)     33  : 0.9887 0.0020 0.0040 0.0033 0.0020
3563     3563   (0)     33  : 0.9630 0.0060 0.0210 0.0070 0.0030
3564     3564   (0)     33  : 0.9807 0.0020 0.0050 0.0087 0.0037
3565     3565   (0)     33  : 0.9660 0.0120 0.0030 0.0160 0.0030
3566     3566   (0)     33  : 0.9690 0.0060 0.0170 0.0050 0.0030
3567     3567   (0)     33  : 0.9700 0.0060 0.0100 0.0090 0.0050
3568     3568   (0)     33  : 0.9833 0.0060 0.0030 0.0040 0.0037
3569     3569   (0)     33  : 0.9810 0.0030 0.0030 0.0100 0.0030
3570     3570   (0)     33  : 0.9810 0.0040 0.0050 0.0060 0.0040
3571     3571   (0)     33  : 0.9780 0.0040 0.0050 0.0080 0.0050
3572     3572   (0)     33  : 0.9840 0.0070 0.0040 0.0030 0.0020
3573     3573   (0)     33  : 0.9850 0.0030 0.0030 0.0050 0.0040
3574     3574   (0)     33  : 0.8427 0.0040 0.1423 0.0060 0.0050
3575     3575   (0)     33  : 0.9770 0.0050 0.0070 0.0070 0.0040
3576     3576   (0)     33  : 0.9850 0.0030 0.0070 0.0030 0.0020
3577     3577   (0)     33  : 0.9780 0.0040 0.0100 0.0050 0.0030
3578     3578   (0)     33  : 0.9597 0.0130 0.0093 0.0100 0.0080
3579     3579   (0)     33  : 0.9760 0.0110 0.0050 0.0050 0.0030
3580     3580   (0)     33  : 0.9850 0.0050 0.0040 0.0040 0.0020
3581     3581   (0)     33  : 0.9810 0.0030 0.0080 0.0060 0.0020
3582     3582   (0)     33  : 0.9840 0.0050 0.0050 0.0040 0.0020
3583     3583   (0)     33  : 0.9830 0.0040 0.0030 0.0070 0.0030
3584     3584   (0)     33  : 0.9757 0.0070 0.0043 0.0100 0.0030
3585     3585   (0)     33  : 0.9770 0.0080 0.0030 0.0090 0.0030
3586     3586   (0)     33  : 0.9720 0.0050 0.0060 0.0130 0.0040
3587     3587   (0)     33  : 0.9810 0.0030 0.0050 0.0090 0.0020
3588     3588   (0)     33  : 0.9377 0.0080 0.0363 0.0110 0.0070
3589     3589   (0)     33  : 0.9850 0.0050 0.0030 0.0050 0.0020
3590     3590   (0)     33  : 0.9880 0.0040 0.0020 0.0040 0.0020
3591     3591   (0)     33  : 0.9870 0.0030 0.0030 0.0050 0.0020
3592     3592   (0)     33  : 0.9406 0.0040 0.0090 0.0433 0.0030
