1        1   (5)      1  : 0.9894 0.0050 0.0036 0.0020
2        2   (5)      1  : 0.9856 0.0022 0.0062 0.0060
3        3   (5)      1  : 0.9930 0.0030 0.0020 0.0020
4        4   (0)      1  : 0.9930 0.0030 0.0020 0.0020
5        5   (0)      1  : 0.9798 0.0052 0.0100 0.0050
6        6   (0)      1  : 0.9918 0.0032 0.0030 0.0020
7        7   (0)      1  : 0.9648 0.0022 0.0280 0.0050
8        8   (5)      1  : 0.9940 0.0020 0.0020 0.0020
9        9   (0)      1  : 0.9946 0.0020 0.0014 0.0020
10       10   (0)      1  : 0.9888 0.0020 0.0052 0.0040
11       11   (0)      1  : 0.9930 0.0020 0.0030 0.0020
12       12   (0)      1  : 0.9898 0.0020 0.0032 0.0050
13       13   (0)      1  : 0.9930 0.0010 0.0020 0.0040
14       14   (0)      1  : 0.9922 0.0036 0.0022 0.0020
15       15   (0)      1  : 0.9940 0.0020 0.0020 0.0020
16       16   (0)      1  : 0.9932 0.0028 0.0020 0.0020
17       17   (0)      1  : 0.9960 0.0010 0.0020 0.0010
18       18   (0)      1  : 0.9906 0.0024 0.0040 0.0030
19       19   (0)      1  : 0.9866 0.0034 0.0020 0.0080
20       20   (0)      1  : 0.9766 0.0046 0.0128 0.0060
21       21   (0)      1  : 0.9950 0.0018 0.0012 0.0020
22       22   (0)      1  : 0.9940 0.0038 0.0012 0.0010
23       23   (0)      1  : 0.9940 0.0032 0.0018 0.0010
24       24   (0)      1  : 0.9854 0.0078 0.0028 0.0040
25       25   (0)      1  : 0.9880 0.0022 0.0042 0.0056
26       26   (0)      1  : 0.9904 0.0028 0.0020 0.0048
27       27   (5)      1  : 0.9808 0.0028 0.0130 0.0034
28       28   (0)      1  : 0.9928 0.0030 0.0032 0.0010
29       29   (0)      1  : 0.9930 0.0030 0.0020 0.0020
30       30   (0)      1  : 0.9688 0.0130 0.0102 0.0080
31       31   (0)      1  : 0.9948 0.0022 0.0020 0.0010
32       32   (0)      1  : 0.9850 0.0022 0.0078 0.0050
33       33   (0)      1  : 0.9940 0.0020 0.0020 0.0020
34       34   (0)      1  : 0.9942 0.0030 0.0018 0.0010
35       35   (0)      1  : 0.9490 0.0122 0.0348 0.0040
36       36   (0)      1  : 0.9890 0.0026 0.0062 0.0022
37       37   (0)      1  : 0.9906 0.0022 0.0040 0.0032
38       38   (0)      1  : 0.9902 0.0020 0.0028 0.0050
39       39   (0)      1  : 0.9690 0.0034 0.0138 0.0138
40       40   (0)      1  : 0.9900 0.0042 0.0028 0.0030
41       41   (0)      1  : 0.9928 0.0022 0.0030 0.0020
42       42   (0)      1  : 0.9960 0.0020 0.0010 0.0010
43       43   (0)      1  : 0.9938 0.0020 0.0022 0.0020
44       44   (0)      1  : 0.9968 0.0010 0.0012 0.0010
45       45   (5)      1  : 0.9908 0.0020 0.0032 0.0040
46       46   (0)      1  : 0.9930 0.0040 0.0020 0.0010
47       47   (0)      1  : 0.9902 0.0048 0.0040 0.0010
48       48   (0)      1  : 0.9892 0.0058 0.0030 0.0020
49       49   (0)      1  : 0.9900 0.0020 0.0020 0.0060
50       50   (0)      1  : 0.9920 0.0030 0.0030 0.0020
51       51   (0)      1  : 0.9920 0.0020 0.0020 0.0040
52       52   (0)      1  : 0.9660 0.0060 0.0060 0.0220
53       53   (0)      1  : 0.9830 0.0092 0.0058 0.0020
54       54   (0)      1  : 0.9936 0.0022 0.0032 0.0010
55       55   (0)      1  : 0.9930 0.0020 0.0030 0.0020
56       56   (0)      1  : 0.9930 0.0030 0.0020 0.0020
57       57  (10)      1  : 0.9920 0.0020 0.0030 0.0030
58       58   (5)      1  : 0.9910 0.0038 0.0032 0.0020
59       59   (0)      1  : 0.9900 0.0040 0.0030 0.0030
60       60   (0)      1  : 0.9950 0.0010 0.0020 0.0020
61       61   (0)      1  : 0.9910 0.0040 0.0030 0.0020
62       62   (0)      1  : 0.9916 0.0020 0.0044 0.0020
63       63   (0)      1  : 0.9906 0.0022 0.0052 0.0020
64       64   (0)      1  : 0.9930 0.0022 0.0028 0.0020
65       65   (0)      1  : 0.9760 0.0012 0.0118 0.0110
66       66   (0)      1  : 0.9918 0.0032 0.0030 0.0020
67       67   (5)      1  : 0.9806 0.0082 0.0032 0.0080
68       68   (0)      1  : 0.9852 0.0088 0.0040 0.0020
69       69   (0)      1  : 0.9948 0.0010 0.0032 0.0010
70       70   (0)      1  : 0.9930 0.0028 0.0022 0.0020
71       71   (5)      1  : 0.9878 0.0044 0.0048 0.0030
72       72   (0)      1  : 0.9920 0.0020 0.0020 0.0040
73       73   (5)      1  : 0.9908 0.0036 0.0036 0.0020
74       74  (10)      1  : 0.9896 0.0040 0.0034 0.0030
75       75  (10)      1  : 0.9860 0.0022 0.0028 0.0090
76       76   (0)      1  : 0.8300 0.1660 0.0020 0.0020
77       77  (10)      1  : 0.9758 0.0192 0.0020 0.0030
78       78   (0)      1  : 0.9640 0.0262 0.0058 0.0040
79       79   (5)      1  : 0.9910 0.0040 0.0030 0.0020
80       80   (0)      1  : 0.9940 0.0020 0.0020 0.0020
81       81   (0)      1  : 0.9940 0.0020 0.0020 0.0020
82       82   (0)      1  : 0.9950 0.0010 0.0020 0.0020
83       83   (0)      1  : 0.9752 0.0196 0.0032 0.0020
84       84   (0)      1  : 0.9920 0.0020 0.0030 0.0030
85       85   (0)      1  : 0.9956 0.0010 0.0020 0.0014
86       86   (5)      1  : 0.9940 0.0020 0.0020 0.0020
87       87   (0)      1  : 0.9940 0.0020 0.0020 0.0020
88       88   (0)      1  : 0.8669 0.1209 0.0082 0.0040
89       89   (0)      1  : 0.9742 0.0066 0.0040 0.0152
90       90   (0)      1  : 0.9836 0.0066 0.0078 0.0020
91       91   (0)      1  : 0.9910 0.0040 0.0030 0.0020
92       92   (0)      1  : 0.9832 0.0032 0.0116 0.0020
93       93   (0)      1  : 0.9940 0.0020 0.0020 0.0020
94       94   (5)      1  : 0.9770 0.0126 0.0030 0.0074
95       95   (0)      1  : 0.9932 0.0028 0.0020 0.0020
96       96   (5)      1  : 0.9950 0.0010 0.0020 0.0020
97       97   (0)      1  : 0.9876 0.0080 0.0034 0.0010
98       98   (0)      1  : 0.9898 0.0024 0.0038 0.0040
99       99   (5)      1  : 0.9938 0.0020 0.0020 0.0022
100      100   (5)      1  : 0.9950 0.0020 0.0020 0.0010
101      101   (0)      2  : 0.9740 0.0056 0.0174 0.0030
102      102   (0)      2  : 0.9880 0.0028 0.0022 0.0070
103      103   (0)      2  : 0.9936 0.0014 0.0030 0.0020
104      104   (0)      2  : 0.9770 0.0136 0.0064 0.0030
105      105   (0)      2  : 0.9940 0.0020 0.0020 0.0020
106      106   (0)      2  : 0.9848 0.0070 0.0062 0.0020
107      107   (0)      2  : 0.9908 0.0022 0.0040 0.0030
108      108   (0)      2  : 0.9948 0.0012 0.0020 0.0020
109      109   (0)      2  : 0.9922 0.0020 0.0038 0.0020
110      110   (0)      2  : 0.9918 0.0024 0.0038 0.0020
111      111   (0)      2  : 0.9908 0.0032 0.0030 0.0030
112      112   (0)      2  : 0.9888 0.0064 0.0028 0.0020
113      113   (0)      2  : 0.9928 0.0032 0.0020 0.0020
114      114   (0)      2  : 0.9912 0.0028 0.0020 0.0040
115      115   (0)      2  : 0.9690 0.0116 0.0174 0.0020
116      116   (0)      2  : 0.9940 0.0022 0.0028 0.0010
117      117   (0)      2  : 0.9940 0.0020 0.0020 0.0020
118      118   (0)      2  : 0.9950 0.0020 0.0020 0.0010
119      119   (0)      2  : 0.9898 0.0020 0.0032 0.0050
120      120   (0)      2  : 0.9916 0.0020 0.0044 0.0020
121      121   (0)      2  : 0.9796 0.0038 0.0086 0.0080
122      122   (0)      2  : 0.9520 0.0410 0.0050 0.0020
123      123   (0)      2  : 0.9942 0.0020 0.0018 0.0020
124      124   (0)      2  : 0.9908 0.0030 0.0032 0.0030
125      125   (0)      2  : 0.9952 0.0018 0.0010 0.0020
126      126   (0)      2  : 0.9854 0.0068 0.0028 0.0050
127      127   (0)      2  : 0.9930 0.0020 0.0030 0.0020
128      128   (0)      2  : 0.9890 0.0028 0.0060 0.0022
129      129   (0)      2  : 0.9866 0.0078 0.0036 0.0020
130      130   (0)      2  : 0.9804 0.0032 0.0050 0.0114
131      131   (0)      2  : 0.9934 0.0038 0.0018 0.0010
132      132   (0)      2  : 0.9930 0.0022 0.0028 0.0020
133      133   (0)      2  : 0.9888 0.0042 0.0050 0.0020
134      134   (0)      2  : 0.9870 0.0034 0.0056 0.0040
135      135   (0)      2  : 0.9890 0.0022 0.0038 0.0050
136      136   (0)      2  : 0.9916 0.0036 0.0038 0.0010
137      137   (0)      2  : 0.9920 0.0020 0.0030 0.0030
138      138   (0)      2  : 0.9914 0.0012 0.0064 0.0010
139      139   (0)      2  : 0.9960 0.0020 0.0010 0.0010
140      140   (0)      2  : 0.9802 0.0110 0.0048 0.0040
141      141   (0)      2  : 0.9928 0.0032 0.0020 0.0020
142      142   (0)      2  : 0.9868 0.0022 0.0050 0.0060
143      143   (0)      2  : 0.9848 0.0050 0.0082 0.0020
144      144   (0)      2  : 0.9930 0.0022 0.0028 0.0020
145      145   (0)      2  : 0.9890 0.0038 0.0032 0.0040
146      146   (0)      2  : 0.9890 0.0024 0.0056 0.0030
147      147   (0)      2  : 0.9922 0.0030 0.0028 0.0020
148      148   (0)      2  : 0.9930 0.0020 0.0030 0.0020
149      149   (0)      2  : 0.9908 0.0030 0.0042 0.0020
150      150   (0)      2  : 0.9940 0.0020 0.0020 0.0020
151      151   (0)      2  : 0.9870 0.0020 0.0040 0.0070
152      152   (0)      2  : 0.9886 0.0022 0.0052 0.0040
153      153   (0)      2  : 0.9952 0.0020 0.0018 0.0010
154      154   (0)      2  : 0.9682 0.0040 0.0036 0.0242
155      155   (0)      2  : 0.9950 0.0020 0.0020 0.0010
156      156   (0)      2  : 0.9920 0.0030 0.0020 0.0030
157      157   (0)      2  : 0.9930 0.0020 0.0020 0.0030
158      158   (0)      2  : 0.9910 0.0030 0.0030 0.0030
159      159   (0)      2  : 0.9770 0.0084 0.0030 0.0116
160      160   (0)      2  : 0.9938 0.0020 0.0032 0.0010
161      161   (0)      2  : 0.9940 0.0020 0.0020 0.0020
162      162   (0)      2  : 0.9940 0.0022 0.0028 0.0010
163      163   (0)      2  : 0.9890 0.0040 0.0030 0.0040
164      164   (0)      2  : 0.9872 0.0050 0.0028 0.0050
165      165   (0)      2  : 0.9768 0.0058 0.0062 0.0112
166      166   (0)      2  : 0.9940 0.0020 0.0020 0.0020
167      167   (0)      2  : 0.9626 0.0234 0.0040 0.0100
168      168   (0)      2  : 0.9878 0.0042 0.0030 0.0050
169      169   (0)      2  : 0.9910 0.0020 0.0020 0.0050
170      170   (0)      2  : 0.9916 0.0054 0.0020 0.0010
171      171   (0)      2  : 0.9886 0.0022 0.0072 0.0020
172      172   (0)      2  : 0.9940 0.0020 0.0020 0.0020
173      173   (0)      2  : 0.9950 0.0020 0.0020 0.0010
174      174   (0)      2  : 0.9910 0.0022 0.0028 0.0040
175      175   (0)      2  : 0.9924 0.0030 0.0036 0.0010
176      176   (0)      2  : 0.9638 0.0312 0.0020 0.0030
177      177   (0)      2  : 0.9940 0.0022 0.0028 0.0010
178      178   (0)      2  : 0.9960 0.0020 0.0010 0.0010
179      179   (0)      2  : 0.9930 0.0020 0.0020 0.0030
180      180   (0)      2  : 0.9396 0.0118 0.0426 0.0060
181      181   (0)      2  : 0.9940 0.0020 0.0020 0.0020
182      182   (0)      2  : 0.9928 0.0020 0.0022 0.0030
183      183   (0)      2  : 0.9912 0.0028 0.0030 0.0030
184      184   (0)      2  : 0.9970 0.0010 0.0010 0.0010
185      185   (0)      2  : 0.9906 0.0022 0.0030 0.0042
186      186   (0)      2  : 0.9808 0.0058 0.0074 0.0060
187      187   (0)      2  : 0.9906 0.0032 0.0032 0.0030
188      188   (0)      2  : 0.9754 0.0082 0.0114 0.0050
189      189   (0)      2  : 0.9938 0.0010 0.0022 0.0030
190      190   (0)      2  : 0.9698 0.0180 0.0062 0.0060
191      191   (0)      2  : 0.9960 0.0010 0.0010 0.0020
192      192   (0)      2  : 0.9730 0.0020 0.0056 0.0194
193      193   (0)      2  : 0.9940 0.0020 0.0020 0.0020
194      194   (0)      2  : 0.9884 0.0066 0.0020 0.0030
195      195   (0)      2  : 0.9892 0.0038 0.0030 0.0040
196      196   (0)      2  : 0.9912 0.0038 0.0030 0.0020
197      197   (0)      2  : 0.9950 0.0010 0.0020 0.0020
198      198   (0)      2  : 0.9920 0.0040 0.0020 0.0020
199      199   (0)      2  : 0.9652 0.0298 0.0030 0.0020
200      200   (0)      2  : 0.9856 0.0052 0.0062 0.0030
201      201   (0)      2  : 0.9952 0.0020 0.0018 0.0010
202      202   (0)      2  : 0.9898 0.0032 0.0040 0.0030
203      203   (0)      2  : 0.9940 0.0020 0.0020 0.0020
204      204   (0)      2  : 0.9940 0.0020 0.0020 0.0020
205      205   (0)      2  : 0.9842 0.0106 0.0032 0.0020
206      206   (0)      2  : 0.9936 0.0024 0.0020 0.0020
207      207   (0)      2  : 0.9868 0.0022 0.0060 0.0050
208      208   (0)      2  : 0.9940 0.0020 0.0020 0.0020
209      209   (0)      2  : 0.9896 0.0020 0.0042 0.0042
210      210   (0)      2  : 0.9928 0.0020 0.0032 0.0020
211      211   (0)      2  : 0.9930 0.0020 0.0020 0.0030
212      212   (0)      2  : 0.9822 0.0078 0.0050 0.0050
213      213   (0)      2  : 0.9154 0.0052 0.0762 0.0032
214      214   (0)      2  : 0.9918 0.0022 0.0040 0.0020
215      215   (0)      2  : 0.9762 0.0170 0.0038 0.0030
216      216   (0)      2  : 0.9940 0.0020 0.0030 0.0010
217      217   (0)      2  : 0.9360 0.0454 0.0156 0.0030
218      218   (0)      2  : 0.9908 0.0022 0.0030 0.0040
219      219   (0)      2  : 0.9908 0.0032 0.0038 0.0022
220      220   (0)      2  : 0.9716 0.0010 0.0032 0.0242
221      221   (0)      2  : 0.9940 0.0020 0.0020 0.0020
222      222   (0)      2  : 0.9900 0.0030 0.0030 0.0040
223      223   (0)      2  : 0.9920 0.0030 0.0020 0.0030
224      224   (0)      2  : 0.9890 0.0040 0.0040 0.0030
225      225   (0)      2  : 0.9900 0.0048 0.0030 0.0022
226      226   (0)      2  : 0.9940 0.0020 0.0020 0.0020
227      227   (0)      2  : 0.9860 0.0032 0.0048 0.0060
228      228   (0)      2  : 0.9806 0.0054 0.0060 0.0080
229      229   (0)      2  : 0.9644 0.0056 0.0270 0.0030
230      230   (0)      2  : 0.9910 0.0020 0.0030 0.0040
231      231   (0)      2  : 0.9870 0.0032 0.0028 0.0070
232      232   (0)      2  : 0.9868 0.0020 0.0022 0.0090
233      233   (0)      2  : 0.9922 0.0038 0.0020 0.0020
234      234   (0)      2  : 0.9930 0.0020 0.0020 0.0030
235      235   (0)      2  : 0.9900 0.0020 0.0020 0.0060
236      236   (0)      2  : 0.9912 0.0048 0.0020 0.0020
237      237   (0)      2  : 0.9950 0.0020 0.0020 0.0010
238      238   (0)      2  : 0.9950 0.0020 0.0020 0.0010
239      239   (0)      2  : 0.9904 0.0030 0.0036 0.0030
240      240   (0)      2  : 0.9850 0.0040 0.0028 0.0082
241      241   (0)      2  : 0.9922 0.0020 0.0028 0.0030
242      242   (0)      2  : 0.9890 0.0050 0.0030 0.0030
243      243   (0)      2  : 0.9918 0.0034 0.0028 0.0020
244      244   (0)      2  : 0.9856 0.0024 0.0028 0.0092
245      245   (0)      2  : 0.9906 0.0046 0.0028 0.0020
246      246   (0)      2  : 0.9942 0.0028 0.0020 0.0010
247      247   (0)      2  : 0.9950 0.0020 0.0020 0.0010
248      248   (0)      2  : 0.9940 0.0020 0.0030 0.0010
249      249   (0)      2  : 0.9890 0.0034 0.0066 0.0010
250      250   (0)      2  : 0.9940 0.0020 0.0020 0.0020
251      251   (0)      2  : 0.9924 0.0046 0.0010 0.0020
252      252   (0)      2  : 0.9950 0.0020 0.0010 0.0020
253      253   (0)      2  : 0.9940 0.0020 0.0020 0.0020
254      254   (0)      2  : 0.9920 0.0020 0.0040 0.0020
255      255   (0)      2  : 0.9938 0.0022 0.0020 0.0020
256      256   (0)      2  : 0.9928 0.0022 0.0020 0.0030
257      257   (0)      2  : 0.9960 0.0010 0.0020 0.0010
258      258   (0)      2  : 0.9950 0.0020 0.0020 0.0010
259      259   (0)      2  : 0.9928 0.0022 0.0020 0.0030
260      260   (0)      2  : 0.9918 0.0022 0.0030 0.0030
261      261   (0)      2  : 0.9922 0.0028 0.0020 0.0030
262      262   (0)      2  : 0.9928 0.0022 0.0030 0.0020
263      263   (0)      2  : 0.9940 0.0020 0.0020 0.0020
264      264   (0)      2  : 0.9932 0.0018 0.0020 0.0030
265      265   (0)      2  : 0.9882 0.0038 0.0030 0.0050
266      266   (0)      2  : 0.9840 0.0038 0.0032 0.0090
267      267   (0)      2  : 0.9920 0.0030 0.0020 0.0030
268      268   (0)      2  : 0.9930 0.0020 0.0020 0.0030
269      269   (0)      2  : 0.9634 0.0242 0.0114 0.0010
270      270   (0)      2  : 0.9510 0.0356 0.0084 0.0050
271      271   (0)      2  : 0.9894 0.0036 0.0040 0.0030
272      272   (0)      2  : 0.9950 0.0020 0.0020 0.0010
273      273   (0)      2  : 0.9848 0.0114 0.0028 0.0010
274      274   (0)      2  : 0.9932 0.0028 0.0020 0.0020
275      275   (0)      2  : 0.9920 0.0030 0.0020 0.0030
276      276   (0)      2  : 0.9826 0.0030 0.0104 0.0040
277      277   (0)      2  : 0.9878 0.0010 0.0022 0.0090
278      278   (0)      2  : 0.9930 0.0030 0.0028 0.0012
279      279   (0)      2  : 0.9898 0.0022 0.0050 0.0030
280      280   (0)      2  : 0.9930 0.0020 0.0022 0.0028
281      281   (0)      2  : 0.9886 0.0074 0.0020 0.0020
282      282   (0)      2  : 0.9702 0.0248 0.0030 0.0020
283      283   (0)      2  : 0.9928 0.0032 0.0020 0.0020
284      284   (0)      2  : 0.9680 0.0070 0.0210 0.0040
285      285   (0)      2  : 0.9694 0.0228 0.0058 0.0020
286      286   (0)      2  : 0.9868 0.0026 0.0066 0.0040
287      287   (0)      2  : 0.9940 0.0020 0.0020 0.0020
288      288   (0)      2  : 0.9950 0.0020 0.0020 0.0010
289      289   (0)      2  : 0.9870 0.0090 0.0030 0.0010
290      290   (0)      2  : 0.9906 0.0020 0.0044 0.0030
291      291   (0)      2  : 0.9900 0.0022 0.0048 0.0030
292      292   (0)      2  : 0.9908 0.0012 0.0020 0.0060
293      293   (0)      2  : 0.9762 0.0092 0.0110 0.0036
294      294   (0)      2  : 0.9924 0.0020 0.0030 0.0026
295      295   (0)      2  : 0.9874 0.0024 0.0052 0.0050
296      296   (0)      2  : 0.9748 0.0034 0.0198 0.0020
297      297   (0)      2  : 0.9940 0.0020 0.0020 0.0020
298      298   (0)      2  : 0.9968 0.0012 0.0010 0.0010
299      299   (0)      2  : 0.9930 0.0020 0.0030 0.0020
300      300   (0)      2  : 0.9960 0.0020 0.0010 0.0010
301      301   (0)      2  : 0.9706 0.0210 0.0056 0.0028
302      302   (0)      2  : 0.9932 0.0030 0.0024 0.0014
303      303   (0)      2  : 0.9920 0.0040 0.0030 0.0010
304      304   (0)      2  : 0.9940 0.0020 0.0020 0.0020
305      305   (0)      2  : 0.9880 0.0030 0.0050 0.0040
306      306   (0)      2  : 0.9922 0.0038 0.0020 0.0020
307      307   (0)      2  : 0.9932 0.0028 0.0020 0.0020
308      308   (0)      2  : 0.9942 0.0028 0.0020 0.0010
309      309   (0)      2  : 0.9914 0.0046 0.0020 0.0020
310      310   (0)      2  : 0.9948 0.0022 0.0010 0.0020
311      311   (0)      2  : 0.9928 0.0030 0.0032 0.0010
312      312   (0)      2  : 0.9940 0.0020 0.0020 0.0020
313      313   (0)      2  : 0.9930 0.0020 0.0020 0.0030
314      314   (0)      2  : 0.9920 0.0032 0.0028 0.0020
315      315   (0)      2  : 0.9942 0.0020 0.0018 0.0020
316      316   (0)      2  : 0.9928 0.0030 0.0020 0.0022
317      317   (0)      2  : 0.9940 0.0020 0.0010 0.0030
318      318   (0)      2  : 0.9960 0.0010 0.0020 0.0010
319      319   (0)      2  : 0.9918 0.0024 0.0038 0.0020
320      320   (0)      2  : 0.9950 0.0020 0.0020 0.0010
321      321   (0)      2  : 0.9928 0.0022 0.0030 0.0020
322      322   (0)      2  : 0.9912 0.0028 0.0020 0.0040
323      323   (0)      2  : 0.9908 0.0022 0.0050 0.0020
324      324   (0)      2  : 0.9940 0.0010 0.0020 0.0030
325      325   (0)      2  : 0.9916 0.0034 0.0030 0.0020
326      326   (0)      2  : 0.9870 0.0020 0.0020 0.0090
327      327   (0)      2  : 0.9556 0.0376 0.0038 0.0030
328      328   (0)      2  : 0.9832 0.0030 0.0038 0.0100
329      329   (0)      2  : 0.9828 0.0044 0.0098 0.0030
330      330   (0)      2  : 0.9790 0.0112 0.0068 0.0030
331      331   (0)      2  : 0.9880 0.0058 0.0032 0.0030
332      332   (0)      2  : 0.9912 0.0038 0.0020 0.0030
333      333   (0)      2  : 0.9940 0.0020 0.0020 0.0020
334      334   (0)      2  : 0.9938 0.0022 0.0020 0.0020
335      335   (0)      2  : 0.9920 0.0012 0.0030 0.0038
336      336   (0)      2  : 0.9818 0.0028 0.0034 0.0120
337      337   (0)      2  : 0.9920 0.0040 0.0030 0.0010
338      338   (0)      2  : 0.9648 0.0032 0.0136 0.0184
339      339   (0)      2  : 0.9902 0.0038 0.0020 0.0040
340      340   (0)      2  : 0.9958 0.0012 0.0020 0.0010
341      341   (0)      2  : 0.9928 0.0032 0.0020 0.0020
342      342   (0)      2  : 0.9950 0.0020 0.0020 0.0010
343      343   (0)      2  : 0.9940 0.0020 0.0020 0.0020
344      344   (0)      2  : 0.9906 0.0054 0.0020 0.0020
345      345   (0)      2  : 0.9908 0.0032 0.0030 0.0030
346      346   (0)      2  : 0.9902 0.0028 0.0030 0.0040
347      347   (0)      2  : 0.9842 0.0070 0.0028 0.0060
348      348   (0)      2  : 0.9950 0.0020 0.0010 0.0020
349      349   (0)      2  : 0.9918 0.0032 0.0030 0.0020
350      350   (0)      2  : 0.9864 0.0066 0.0040 0.0030
351      351   (5)      3  : 0.6474 0.0022 0.3464 0.0040
352      352   (0)      3  : 0.2981 0.0050 0.6831 0.0138
353      353   (0)      3  : 0.5520 0.0196 0.4060 0.0224
354      354   (5)      3  : 0.4368 0.0200 0.5348 0.0084
355      355   (5)      3  : 0.4038 0.0012 0.5799 0.0150
356      356   (0)      3  : 0.3508 0.0084 0.5956 0.0452
357      357   (0)      4  : 0.0118 0.0074 0.9778 0.0030
358      358   (0)      4  : 0.1020 0.0256 0.8696 0.0028
359      359  (10)      5  : 0.0110 0.0036 0.9800 0.0054
360      360   (5)      5  : 0.0032 0.0092 0.9724 0.0152
361      361   (5)      5  : 0.3464 0.0142 0.6336 0.0058
362      362   (5)      5  : 0.0020 0.0022 0.9938 0.0020
363      363  (10)      5  : 0.1690 0.0092 0.8140 0.0078
364      364   (5)      5  : 0.4109 0.0176 0.5629 0.0086
365      365  (10)      5  : 0.0812 0.0126 0.9032 0.0030
366      366   (0)      5  : 0.0046 0.0024 0.9540 0.0390
367      367   (0)      5  : 0.0254 0.0060 0.9666 0.0020
368      368   (0)      5  : 0.0020 0.0020 0.9894 0.0066
369      369   (0)      5  : 0.0036 0.0030 0.9830 0.0104
370      370   (0)      5  : 0.0124 0.0108 0.9748 0.0020
371      371   (0)      5  : 0.0204 0.0020 0.9738 0.0038
372      372   (0)      5  : 0.1448 0.0050 0.8464 0.0038
373      373   (0)      5  : 0.0194 0.0322 0.9464 0.0020
374      374   (0)      5  : 0.0842 0.0098 0.9032 0.0028
375      375   (0)      5  : 0.1761 0.0040 0.8171 0.0028
376      376   (0)      5  : 0.3818 0.0082 0.6062 0.0038
377      377   (0)      5  : 0.0030 0.0014 0.9894 0.0062
378      378   (5)      5  : 0.0170 0.0012 0.8475 0.1343
379      379   (0)      5  : 0.1043 0.0170 0.8731 0.0056
380      380   (0)      5  : 0.1508 0.0190 0.8264 0.0038
381      381   (5)      5  : 0.0818 0.0046 0.8952 0.0184
382      382   (5)      5  : 0.0278 0.0020 0.9594 0.0108
383      383   (0)      5  : 0.0390 0.0346 0.8740 0.0524
384      384   (0)      5  : 0.1283 0.0020 0.8613 0.0084
385      385   (0)      5  : 0.0108 0.0416 0.9438 0.0038
386      386   (0)      5  : 0.0028 0.0032 0.9884 0.0056
387      387   (0)      5  : 0.0020 0.0032 0.9880 0.0068
388      388   (0)      5  : 0.0024 0.0042 0.9888 0.0046
389      389   (0)      5  : 0.0020 0.0012 0.9432 0.0536
390      390   (0)      5  : 0.0156 0.0048 0.9768 0.0028
391      391   (0)      5  : 0.0594 0.0064 0.9128 0.0214
392      392   (0)      5  : 0.0022 0.0830 0.9034 0.0114
393      393   (0)      5  : 0.0522 0.0036 0.9382 0.0060
394      394   (0)      5  : 0.0928 0.0042 0.9000 0.0030
395      395   (0)      5  : 0.1390 0.0164 0.8360 0.0086
396      396   (0)      5  : 0.0030 0.0040 0.9880 0.0050
397      397   (0)      5  : 0.0594 0.0050 0.9230 0.0126
398      398   (0)      5  : 0.0102 0.0032 0.9846 0.0020
399      399   (0)      5  : 0.0100 0.0250 0.9636 0.0014
400      400   (0)      5  : 0.0114 0.0074 0.9792 0.0020
401      401  (10)      6  : 0.0020 0.0024 0.9926 0.0030
402      402   (0)      6  : 0.0032 0.0114 0.9824 0.0030
403      403   (0)      6  : 0.0260 0.0028 0.7816 0.1896
404      404   (0)      6  : 0.0020 0.0032 0.9892 0.0056
405      405   (0)      6  : 0.0030 0.0610 0.9338 0.0022
406      406   (5)      6  : 0.0020 0.0274 0.9686 0.0020
407      407   (0)      6  : 0.0020 0.0022 0.9928 0.0030
408      408   (0)      6  : 0.0030 0.0040 0.9920 0.0010
409      409   (0)      6  : 0.0012 0.0034 0.7871 0.2083
410      410   (0)      6  : 0.0100 0.0080 0.9804 0.0016
411      411   (0)      6  : 0.0020 0.0042 0.4646 0.5292
412      412   (0)      6  : 0.0020 0.0022 0.9882 0.0076
413      413   (0)      6  : 0.0010 0.0022 0.9920 0.0048
414      414   (0)      6  : 0.0028 0.0064 0.9888 0.0020
415      415   (5)      6  : 0.0028 0.0012 0.9824 0.0136
416      416   (0)      6  : 0.0038 0.0022 0.9910 0.0030
417      417   (0)      6  : 0.0052 0.0030 0.9810 0.0108
418      418   (0)      6  : 0.0012 0.0022 0.9846 0.0120
419      419   (0)      6  : 0.0020 0.0054 0.9896 0.0030
420      420   (0)      6  : 0.0010 0.0020 0.9942 0.0028
421      421   (0)      6  : 0.0020 0.0024 0.9936 0.0020
422      422   (5)      6  : 0.0020 0.0030 0.9910 0.0040
423      423   (5)      6  : 0.0038 0.0022 0.8634 0.1306
424      424   (5)      6  : 0.0030 0.0048 0.9856 0.0066
425      425   (0)      6  : 0.0032 0.0036 0.9914 0.0018
426      426   (0)      6  : 0.0010 0.0022 0.9948 0.0020
427      427   (0)      6  : 0.0020 0.0026 0.9880 0.0074
428      428   (0)      6  : 0.0024 0.0058 0.9900 0.0018
429      429   (0)      6  : 0.0020 0.0024 0.9926 0.0030
430      430   (0)      6  : 0.0052 0.0022 0.9838 0.0088
431      431   (0)      6  : 0.0042 0.0022 0.9590 0.0346
432      432   (0)      6  : 0.0020 0.0020 0.9912 0.0048
433      433   (0)      6  : 0.0020 0.0036 0.9916 0.0028
434      434   (0)      6  : 0.0028 0.0020 0.9812 0.0140
435      435   (0)      6  : 0.0022 0.0040 0.9918 0.0020
436      436   (0)      6  : 0.0030 0.0038 0.9224 0.0708
437      437   (5)      6  : 0.0032 0.0032 0.9796 0.0140
438      438   (0)      6  : 0.0104 0.0022 0.9816 0.0058
439      439   (0)      6  : 0.0020 0.0032 0.9894 0.0054
440      440   (0)      6  : 0.0038 0.0020 0.9884 0.0058
441      441   (0)      6  : 0.0030 0.0034 0.9878 0.0058
442      442   (0)      6  : 0.0046 0.0028 0.9836 0.0090
443      443   (5)      6  : 0.0022 0.0024 0.9822 0.0132
444      444   (5)      6  : 0.0042 0.0062 0.9820 0.0076
445      445   (5)      6  : 0.0022 0.0044 0.9714 0.0220
446      446   (5)      6  : 0.0032 0.0032 0.9798 0.0138
447      447   (5)      6  : 0.0058 0.0030 0.9808 0.0104
448      448   (5)      6  : 0.0150 0.0030 0.9750 0.0070
449      449   (0)      6  : 0.0028 0.0028 0.9880 0.0064
450      450   (5)      6  : 0.0020 0.0024 0.9896 0.0060
451      451   (0)      6  : 0.0020 0.0046 0.9886 0.0048
452      452   (0)      6  : 0.0058 0.0068 0.9590 0.0284
453      453   (0)      6  : 0.0020 0.0014 0.9870 0.0096
454      454   (0)      6  : 0.0020 0.0018 0.9934 0.0028
455      455   (0)      6  : 0.0030 0.0272 0.9648 0.0050
456      456   (0)      6  : 0.0020 0.0022 0.9882 0.0076
457      457   (0)      6  : 0.0020 0.0030 0.9828 0.0122
458      458   (0)      6  : 0.0028 0.0030 0.9904 0.0038
459      459   (0)      6  : 0.0020 0.0022 0.9154 0.0804
460      460   (0)      6  : 0.0020 0.0022 0.9894 0.0064
461      461   (0)      6  : 0.0022 0.0042 0.9916 0.0020
462      462   (0)      6  : 0.0012 0.9948 0.0020 0.0020
463      463   (0)      6  : 0.0010 0.0020 0.9892 0.0078
464      464   (0)      6  : 0.0010 0.0024 0.9904 0.0062
465      465   (0)      6  : 0.0020 0.0022 0.9928 0.0030
466      466   (0)      6  : 0.0022 0.0048 0.9910 0.0020
467      467   (0)      6  : 0.0020 0.0058 0.9912 0.0010
468      468   (0)      6  : 0.0040 0.0744 0.5936 0.3281
469      469   (0)      6  : 0.0030 0.0034 0.9642 0.0294
470      470   (0)      6  : 0.0022 0.0054 0.9848 0.0076
471      471   (0)      6  : 0.0014 0.0034 0.9924 0.0028
472      472   (0)      6  : 0.0018 0.0032 0.9920 0.0030
473      473   (0)      6  : 0.0030 0.0020 0.9892 0.0058
474      474   (0)      6  : 0.0028 0.0096 0.9838 0.0038
475      475   (0)      6  : 0.0020 0.0032 0.9910 0.0038
476      476   (0)      6  : 0.0010 0.0032 0.9938 0.0020
477      477   (0)      6  : 0.0020 0.0052 0.9898 0.0030
478      478   (0)      6  : 0.0032 0.0026 0.9528 0.0414
479      479   (0)      6  : 0.0048 0.0038 0.9662 0.0252
480      480   (0)      6  : 0.0026 0.0036 0.9908 0.0030
481      481   (0)      6  : 0.0010 0.0030 0.2210 0.7750
482      482   (0)      6  : 0.0020 0.0038 0.9912 0.0030
483      483   (0)      6  : 0.0020 0.0044 0.9906 0.0030
484      484   (0)      6  : 0.0020 0.0038 0.9900 0.0042
485      485   (0)      6  : 0.0010 0.0036 0.9924 0.0030
486      486   (0)      6  : 0.0022 0.0038 0.9910 0.0030
487      487   (0)      6  : 0.0020 0.0062 0.9902 0.0016
488      488   (0)      6  : 0.0020 0.0022 0.9810 0.0148
489      489   (0)      6  : 0.0020 0.0038 0.9866 0.0076
490      490   (0)      6  : 0.0018 0.0046 0.9880 0.0056
491      491   (0)      6  : 0.0020 0.0014 0.9880 0.0086
492      492   (0)      6  : 0.0032 0.0034 0.9906 0.0028
493      493  (10)      6  : 0.0030 0.0032 0.3314 0.6624
494      494   (0)      6  : 0.0030 0.0032 0.9816 0.0122
495      495   (0)      6  : 0.0020 0.0024 0.9906 0.0050
496      496   (0)      6  : 0.0022 0.0044 0.9552 0.0382
497      497   (0)      6  : 0.0040 0.0080 0.9284 0.0596
498      498   (0)      6  : 0.0024 0.0034 0.9912 0.0030
499      499   (0)      6  : 0.0020 0.0034 0.9916 0.0030
500      500   (0)      6  : 0.0020 0.0030 0.9854 0.0096
501      501   (0)      6  : 0.0010 0.0020 0.9942 0.0028
502      502   (0)      6  : 0.0010 0.0012 0.9930 0.0048
503      503   (0)      6  : 0.0030 0.0030 0.9810 0.0130
504      504   (0)      6  : 0.0010 0.0022 0.9928 0.0040
505      505   (0)      6  : 0.0016 0.0014 0.9882 0.0088
506      506   (0)      7  : 0.0422 0.0020 0.9518 0.0040
507      507  (10)      7  : 0.0050 0.0020 0.9820 0.0110
508      508  (10)      7  : 0.0056 0.0298 0.9596 0.0050
509      509   (5)      7  : 0.0020 0.0022 0.9900 0.0058
510      510   (5)      7  : 0.0020 0.0038 0.9742 0.0200
511      511   (0)      7  : 0.0018 0.0032 0.9776 0.0174
512      512   (5)      7  : 0.0020 0.0090 0.9140 0.0750
513      513   (5)      7  : 0.0022 0.0020 0.8740 0.1218
514      514   (0)      7  : 0.0018 0.0020 0.9784 0.0178
515      515   (0)      7  : 0.0018 0.0020 0.9896 0.0066
516      516   (0)      7  : 0.0018 0.0020 0.9896 0.0066
517      517   (0)      7  : 0.0010 0.0020 0.9932 0.0038
518      518   (0)      7  : 0.0020 0.0056 0.9884 0.0040
519      519   (5)      7  : 0.0018 0.0032 0.9886 0.0064
520      520   (5)      7  : 0.0286 0.0062 0.9584 0.0068
521      521  (10)      7  : 0.0038 0.0020 0.9852 0.0090
522      522   (0)      7  : 0.0020 0.0020 0.9922 0.0038
523      523   (5)      7  : 0.0040 0.0100 0.9396 0.0464
524      524   (5)      7  : 0.0020 0.0070 0.9882 0.0028
525      525   (0)      7  : 0.0010 0.0030 0.9930 0.0030
526      526   (5)      7  : 0.0020 0.0022 0.9746 0.0212
527      527   (0)      7  : 0.0072 0.0082 0.9824 0.0022
528      528   (5)      7  : 0.0010 0.0254 0.9606 0.0130
529      529   (0)      7  : 0.0020 0.0020 0.9554 0.0406
530      530   (0)      7  : 0.0040 0.0048 0.9148 0.0764
531      531   (0)      7  : 0.0058 0.0104 0.9756 0.0082
532      532   (0)      7  : 0.0020 0.0020 0.9038 0.0922
533      533   (0)      7  : 0.0020 0.0014 0.9826 0.0140
534      534   (0)      7  : 0.0032 0.0024 0.7708 0.2236
535      535   (0)      7  : 0.0120 0.0116 0.9514 0.0250
536      536   (0)      7  : 0.0038 0.0040 0.9888 0.0034
537      537   (0)      7  : 0.0046 0.0026 0.8298 0.1630
538      538   (0)      7  : 0.0020 0.0024 0.9842 0.0114
539      539   (0)      7  : 0.0030 0.0020 0.9920 0.0030
540      540   (0)      7  : 0.0052 0.0036 0.9868 0.0044
541      541   (0)      7  : 0.0020 0.0028 0.9922 0.0030
542      542   (0)      7  : 0.0056 0.0030 0.9894 0.0020
543      543   (0)      7  : 0.0020 0.0012 0.9938 0.0030
544      544   (5)      7  : 0.0030 0.0050 0.9862 0.0058
545      545   (5)      7  : 0.0022 0.0060 0.9652 0.0266
546      546   (0)      7  : 0.0038 0.0082 0.9860 0.0020
547      547  (15)      7  : 0.0082 0.0160 0.9696 0.0062
548      548  (10)      7  : 0.0018 0.0020 0.9598 0.0364
549      549  (10)      7  : 0.0020 0.0030 0.9904 0.0046
550      550  (10)      7  : 0.0030 0.0036 0.9884 0.0050
551      551   (5)      7  : 0.0020 0.0062 0.9858 0.0060
552      552   (5)      7  : 0.0020 0.0024 0.9824 0.0132
553      553   (5)      7  : 0.0020 0.0064 0.9896 0.0020
554      554   (5)      7  : 0.0020 0.0020 0.9734 0.0226
555      555   (5)      7  : 0.0020 0.0034 0.9908 0.0038
556      556   (5)      7  : 0.0020 0.0034 0.9918 0.0028
557      557  (15)      7  : 0.0052 0.0054 0.9842 0.0052
558      558   (5)      7  : 0.0230 0.0012 0.9690 0.0068
559      559   (5)      7  : 0.0018 0.0020 0.9906 0.0056
560      560  (15)      7  : 0.0020 0.0032 0.9820 0.0128
561      561   (5)      7  : 0.0204 0.0046 0.9682 0.0068
562      562   (5)      7  : 0.0190 0.0606 0.9122 0.0082
563      563   (5)      7  : 0.0020 0.0040 0.9912 0.0028
564      564   (5)      7  : 0.0020 0.0022 0.9684 0.0274
565      565  (10)      7  : 0.0030 0.0046 0.9884 0.0040
566      566   (5)      7  : 0.0020 0.0020 0.8478 0.1482
567      567   (5)      7  : 0.0028 0.0040 0.9922 0.0010
568      568  (10)      7  : 0.0020 0.0022 0.9602 0.0356
569      569  (10)      7  : 0.0028 0.0036 0.9896 0.0040
570      570  (10)      7  : 0.0512 0.0032 0.9400 0.0056
571      571  (10)      7  : 0.0220 0.0066 0.9504 0.0210
572      572   (5)      7  : 0.0020 0.0024 0.9910 0.0046
573      573  (10)      7  : 0.0030 0.1756 0.8152 0.0062
574      574   (0)      7  : 0.0010 0.0032 0.9562 0.0396
575      575   (5)      7  : 0.0020 0.0024 0.9194 0.0762
576      576   (0)      7  : 0.0018 0.0012 0.9914 0.0056
577      577   (0)      7  : 0.0010 0.0010 0.9960 0.0020
578      578   (0)      7  : 0.0062 0.0020 0.9872 0.0046
579      579   (0)      7  : 0.0196 0.0032 0.9666 0.0106
580      580   (0)      7  : 0.0010 0.0040 0.9908 0.0042
581      581   (0)      7  : 0.0082 0.0022 0.9416 0.0480
582      582   (0)      7  : 0.0030 0.0050 0.7799 0.2121
583      583  (10)      7  : 0.0106 0.0022 0.9808 0.0064
584      584  (10)      7  : 0.0246 0.0058 0.9658 0.0038
585      585   (0)      7  : 0.0120 0.0022 0.9758 0.0100
586      586   (5)      7  : 0.0846 0.0044 0.9070 0.0040
587      587   (0)      7  : 0.0030 0.0046 0.9836 0.0088
588      588   (5)      7  : 0.0078 0.0024 0.9858 0.0040
589      589   (5)      7  : 0.0020 0.0032 0.9778 0.0170
590      590   (5)      7  : 0.0030 0.0068 0.9640 0.0262
591      591  (10)      7  : 0.0018 0.0012 0.9910 0.0060
592      592   (0)      7  : 0.0020 0.0020 0.9922 0.0038
593      593   (0)      7  : 0.0020 0.0022 0.9910 0.0048
594      594   (0)      7  : 0.0336 0.0210 0.9424 0.0030
595      595   (0)      7  : 0.0020 0.0046 0.9906 0.0028
596      596   (0)      7  : 0.0032 0.0042 0.9868 0.0058
597      597   (0)      7  : 0.0020 0.0030 0.9912 0.0038
598      598   (0)      7  : 0.0014 0.0034 0.9286 0.0666
599      599   (0)      7  : 0.0020 0.0042 0.9898 0.0040
600      600   (0)      7  : 0.0020 0.0020 0.9378 0.0582
601      601   (0)      7  : 0.0020 0.0030 0.9912 0.0038
602      602   (0)      7  : 0.0028 0.0040 0.9902 0.0030
603      603   (0)      7  : 0.0080 0.0054 0.9694 0.0172
604      604   (0)      7  : 0.0050 0.0072 0.9818 0.0060
605      605   (0)      7  : 0.0050 0.0194 0.9706 0.0050
606      606   (0)      7  : 0.0020 0.0084 0.9528 0.0368
607      607   (0)      7  : 0.0148 0.0022 0.9774 0.0056
608      608   (0)      7  : 0.0020 0.0014 0.9908 0.0058
609      609   (5)      7  : 0.0020 0.0036 0.9906 0.0038
610      610   (0)      7  : 0.0020 0.0028 0.9860 0.0092
611      611   (5)      7  : 0.2967 0.0124 0.6887 0.0022
612      612   (0)      7  : 0.0020 0.0030 0.9920 0.0030
613      613   (0)      7  : 0.0048 0.0048 0.8826 0.1078
614      614   (0)      7  : 0.0030 0.0172 0.9732 0.0066
615      615   (0)      7  : 0.0020 0.0022 0.9858 0.0100
616      616   (0)      7  : 0.0020 0.0020 0.9894 0.0066
617      617   (0)      7  : 0.0020 0.0074 0.9784 0.0122
618      618   (0)      7  : 0.0020 0.0012 0.9558 0.0410
619      619   (0)      7  : 0.0018 0.0010 0.9934 0.0038
620      620   (0)      7  : 0.0020 0.0030 0.9904 0.0046
621      621   (0)      7  : 0.0020 0.0020 0.9922 0.0038
622      622   (0)      7  : 0.0060 0.0040 0.9268 0.0632
623      623   (0)      7  : 0.0018 0.0038 0.9914 0.0030
624      624   (0)      7  : 0.0054 0.0022 0.9896 0.0028
625      625   (5)      7  : 0.0020 0.0030 0.9886 0.0064
626      626   (0)      7  : 0.0038 0.0028 0.9812 0.0122
627      627   (0)      7  : 0.0030 0.0068 0.9762 0.0140
628      628   (0)      7  : 0.0056 0.0020 0.9850 0.0074
629      629  (10)      7  : 0.0020 0.0022 0.9828 0.0130
630      630   (0)      7  : 0.0020 0.0012 0.9930 0.0038
631      631   (0)      7  : 0.0020 0.0012 0.9910 0.0058
632      632   (0)      7  : 0.0094 0.0020 0.9840 0.0046
633      633  (10)      7  : 0.0010 0.0020 0.9940 0.0030
634      634   (5)      7  : 0.0014 0.0038 0.9918 0.0030
635      635   (0)      7  : 0.0020 0.0024 0.9908 0.0048
636      636   (5)      7  : 0.0028 0.0020 0.9914 0.0038
637      637   (5)      7  : 0.0010 0.0014 0.9950 0.0026
638      638  (10)      7  : 0.0020 0.0046 0.9904 0.0030
639      639   (0)      7  : 0.0020 0.0012 0.9868 0.0100
640      640   (5)      7  : 0.0126 0.0278 0.9556 0.0040
641      641  (10)      7  : 0.0020 0.0020 0.9864 0.0096
642      642   (0)      7  : 0.0022 0.0056 0.9884 0.0038
643      643   (0)      7  : 0.0098 0.0032 0.9788 0.0082
644      644   (0)      7  : 0.0040 0.0218 0.9722 0.0020
645      645   (0)      7  : 0.0050 0.0793 0.9065 0.0092
646      646   (0)      7  : 0.0020 0.0024 0.9864 0.0092
647      647   (0)      7  : 0.0048 0.0022 0.9906 0.0024
648      648   (0)      7  : 0.0018 0.0022 0.9762 0.0198
649      649   (0)      7  : 0.0020 0.0040 0.9838 0.0102
650      650   (0)      7  : 0.0010 0.0012 0.9904 0.0074
651      651   (5)      7  : 0.0056 0.0094 0.9830 0.0020
652      652   (0)      7  : 0.0018 0.0012 0.9888 0.0082
653      653   (0)      7  : 0.0028 0.0254 0.6770 0.2948
654      654   (0)      7  : 0.0024 0.0048 0.9890 0.0038
655      655   (5)      7  : 0.0040 0.0034 0.9830 0.0096
656      656   (0)      7  : 0.0032 0.0012 0.9882 0.0074
657      657   (0)      7  : 0.0042 0.0080 0.9804 0.0074
658      658   (0)      7  : 0.0020 0.0036 0.9806 0.0138
659      659   (0)      7  : 0.0018 0.0042 0.9754 0.0186
660      660   (0)      7  : 0.0020 0.0038 0.9904 0.0038
661      661   (0)      7  : 0.0032 0.0076 0.9370 0.0522
662      662   (0)      7  : 0.0042 0.0016 0.9902 0.0040
663      663   (0)      7  : 0.0020 0.0044 0.9882 0.0054
664      664   (0)      7  : 0.0020 0.0032 0.9870 0.0078
665      665   (0)      7  : 0.0066 0.0050 0.9844 0.0040
666      666   (0)      7  : 0.0020 0.0020 0.8345 0.1615
667      667   (0)      7  : 0.0010 0.0014 0.9880 0.0096
668      668   (0)      7  : 0.0020 0.0020 0.9930 0.0030
669      669   (0)      7  : 0.0010 0.0022 0.9930 0.0038
670      670   (0)      7  : 0.0010 0.0020 0.9940 0.0030
671      671   (0)      7  : 0.0010 0.0022 0.9924 0.0044
672      672   (0)      7  : 0.0020 0.0044 0.9880 0.0056
673      673   (0)      7  : 0.0058 0.0034 0.9860 0.0048
674      674   (0)      7  : 0.0030 0.0022 0.9880 0.0068
675      675   (0)      7  : 0.0018 0.0020 0.9934 0.0028
676      676  (10)      7  : 0.0040 0.0028 0.9880 0.0052
677      677   (5)      7  : 0.0020 0.0740 0.9093 0.0148
678      678  (10)      7  : 0.0028 0.0034 0.9898 0.0040
679      679   (5)      7  : 0.0632 0.0464 0.8703 0.0200
680      680  (10)      7  : 0.0020 0.0024 0.9850 0.0106
681      681  (10)      7  : 0.0028 0.0064 0.9432 0.0476
682      682   (0)      7  : 0.0040 0.0094 0.9554 0.0312
683      683   (5)      7  : 0.0042 0.0026 0.9852 0.0080
684      684   (5)      7  : 0.0262 0.0060 0.9640 0.0038
685      685  (10)      7  : 0.0060 0.0132 0.9624 0.0184
686      686   (0)      7  : 0.0020 0.0022 0.9806 0.0152
687      687   (0)      7  : 0.0030 0.0020 0.9902 0.0048
688      688   (0)      7  : 0.0020 0.0022 0.9918 0.0040
689      689   (0)      7  : 0.0028 0.0012 0.9932 0.0028
690      690   (0)      7  : 0.0276 0.0022 0.7494 0.2208
691      691   (0)      7  : 0.0512 0.0032 0.9444 0.0012
692      692   (0)      7  : 0.1294 0.0024 0.8612 0.0070
693      693   (0)      7  : 0.0020 0.0032 0.9928 0.0020
694      694   (0)      7  : 0.0018 0.0038 0.9916 0.0028
695      695   (5)      7  : 0.0112 0.0112 0.9738 0.0038
696      696   (0)      7  : 0.0072 0.0274 0.9594 0.0060
697      697   (0)      7  : 0.0018 0.0028 0.9854 0.0100
698      698  (10)      7  : 0.0038 0.0022 0.9850 0.0090
699      699   (5)      7  : 0.0036 0.0036 0.9728 0.0200
700      700   (0)      7  : 0.0010 0.0020 0.9940 0.0030
701      701   (5)      7  : 0.0128 0.0048 0.9754 0.0070
702      702   (5)      7  : 0.0028 0.0038 0.9846 0.0088
703      703   (0)      7  : 0.0020 0.0024 0.9810 0.0146
704      704   (0)      7  : 0.0522 0.0046 0.9368 0.0064
705      705   (0)      7  : 0.0020 0.0022 0.9900 0.0058
706      706   (0)      7  : 0.0030 0.0054 0.9896 0.0020
707      707   (0)      7  : 0.0010 0.0020 0.9748 0.0222
708      708   (0)      7  : 0.0138 0.0022 0.9750 0.0090
709      709   (0)      7  : 0.0020 0.0040 0.9892 0.0048
710      710   (0)      7  : 0.0010 0.0024 0.9944 0.0022
711      711   (0)      7  : 0.0010 0.0022 0.9940 0.0028
712      712   (0)      7  : 0.0020 0.0024 0.9900 0.0056
713      713   (0)      7  : 0.0048 0.0054 0.9780 0.0118
714      714   (0)      7  : 0.0020 0.0096 0.9844 0.0040
715      715   (0)      7  : 0.0020 0.0076 0.9884 0.0020
716      716   (0)      7  : 0.0020 0.0044 0.9916 0.0020
717      717   (0)      7  : 0.0030 0.0030 0.9218 0.0722
718      718   (0)      7  : 0.0032 0.0076 0.9650 0.0242
719      719   (0)      7  : 0.0030 0.0030 0.9216 0.0724
720      720   (0)      7  : 0.0020 0.0034 0.9924 0.0022
721      721   (0)      7  : 0.0020 0.0032 0.9920 0.0028
722      722   (0)      7  : 0.0010 0.0024 0.9934 0.0032
723      723   (0)      7  : 0.0010 0.0014 0.9946 0.0030
724      724   (0)      7  : 0.0018 0.0012 0.9766 0.0204
725      725   (0)      7  : 0.0010 0.0020 0.9350 0.0620
726      726   (0)      7  : 0.0130 0.0020 0.9066 0.0784
727      727   (0)      7  : 0.0712 0.0054 0.9116 0.0118
728      728   (0)      7  : 0.0010 0.0022 0.9938 0.0030
729      729   (0)      7  : 0.0046 0.0108 0.9786 0.0060
730      730   (0)      7  : 0.0018 0.0020 0.9792 0.0170
731      731   (0)      7  : 0.0020 0.0262 0.9668 0.0050
732      732   (0)      7  : 0.0020 0.0022 0.9920 0.0038
733      733   (0)      7  : 0.0030 0.0032 0.9854 0.0084
734      734   (0)      7  : 0.0058 0.0022 0.9788 0.0132
735      735   (0)      7  : 0.0018 0.0038 0.9906 0.0038
736      736   (0)      7  : 0.0030 0.0024 0.9858 0.0088
737      737   (0)      7  : 0.0020 0.0012 0.9892 0.0076
738      738   (0)      7  : 0.0042 0.0024 0.9398 0.0536
739      739   (0)      7  : 0.0020 0.0020 0.9932 0.0028
740      740   (0)      7  : 0.0038 0.0020 0.9914 0.0028
741      741   (0)      7  : 0.0028 0.0022 0.9878 0.0072
742      742   (0)      7  : 0.0020 0.0032 0.9920 0.0028
743      743   (0)      7  : 0.0020 0.0022 0.9928 0.0030
744      744   (0)      7  : 0.0020 0.0022 0.9930 0.0028
745      745   (0)      7  : 0.0010 0.0022 0.9930 0.0038
746      746   (5)      8  : 0.0050 0.0068 0.9854 0.0028
747      747   (0)      8  : 0.0028 0.0064 0.9878 0.0030
748      748   (0)      8  : 0.0028 0.0038 0.9878 0.0056
749      749   (0)      8  : 0.0028 0.0032 0.9910 0.0030
750      750   (0)      8  : 0.0020 0.0018 0.9882 0.0080
751      751   (0)      8  : 0.1402 0.0108 0.8438 0.0052
752      752   (0)      8  : 0.0044 0.0048 0.9850 0.0058
753      753   (0)      8  : 0.0122 0.0040 0.9432 0.0406
754      754   (0)      8  : 0.0020 0.0054 0.9882 0.0044
755      755   (0)      8  : 0.0028 0.0020 0.9924 0.0028
756      756   (0)      8  : 0.0048 0.0022 0.9874 0.0056
757      757   (0)      8  : 0.0030 0.0018 0.9888 0.0064
758      758   (0)      8  : 0.0020 0.0032 0.9832 0.0116
759      759   (0)      8  : 0.0028 0.0022 0.9920 0.0030
760      760   (0)      8  : 0.0030 0.0032 0.9238 0.0700
761      761   (0)      8  : 0.0010 0.0020 0.9922 0.0048
762      762   (0)      8  : 0.0018 0.0032 0.9922 0.0028
763      763   (0)      8  : 0.0040 0.0022 0.9918 0.0020
764      764   (0)      8  : 0.0020 0.0024 0.9936 0.0020
765      765   (0)      8  : 0.0058 0.0084 0.9838 0.0020
766      766   (0)      8  : 0.0048 0.0058 0.8730 0.1164
767      767   (0)      8  : 0.0030 0.0406 0.9536 0.0028
768      768   (0)      8  : 0.0020 0.0070 0.9848 0.0062
769      769   (0)      8  : 0.0020 0.0064 0.9826 0.0090
770      770   (0)      8  : 0.0202 0.0022 0.9756 0.0020
771      771   (0)      8  : 0.0024 0.0092 0.9844 0.0040
772      772   (0)      8  : 0.0020 0.0222 0.9660 0.0098
773      773   (0)      8  : 0.0038 0.0084 0.9848 0.0030
774      774   (0)      8  : 0.0038 0.0022 0.9810 0.0130
775      775   (0)      8  : 0.0042 0.0052 0.9886 0.0020
776      776   (0)      8  : 0.0432 0.0024 0.9290 0.0254
777      777  (10)      8  : 0.0020 0.0042 0.9906 0.0032
778      778   (5)      8  : 0.0028 0.0022 0.9744 0.0206
779      779   (0)      8  : 0.0170 0.0986 0.8824 0.0020
780      780   (0)      8  : 0.0040 0.0038 0.9912 0.0010
781      781   (0)      8  : 0.0058 0.0042 0.9816 0.0084
782      782   (0)      8  : 0.0038 0.0034 0.9908 0.0020
783      783   (0)      8  : 0.0152 0.0126 0.9692 0.0030
784      784   (0)      8  : 0.0020 0.0046 0.9914 0.0020
785      785   (0)      8  : 0.0086 0.0024 0.9842 0.0048
786      786   (0)      8  : 0.0044 0.0066 0.9870 0.0020
787      787   (0)      8  : 0.0010 0.0086 0.9880 0.0024
788      788   (5)      8  : 0.0036 0.0366 0.9570 0.0028
789      789   (0)      8  : 0.0058 0.0260 0.9554 0.0128
790      790   (0)      8  : 0.0010 0.0050 0.9910 0.0030
791      791   (0)      8  : 0.0028 0.0410 0.9534 0.0028
792      792   (0)      8  : 0.0066 0.0068 0.9818 0.0048
793      793   (0)      8  : 0.0020 0.0294 0.9666 0.0020
794      794   (5)      8  : 0.0028 0.2168 0.7742 0.0062
795      795   (0)      8  : 0.0074 0.0468 0.9410 0.0048
796      796   (0)      8  : 0.0030 0.0022 0.9448 0.0500
797      797   (0)      8  : 0.0020 0.0302 0.9658 0.0020
798      798   (0)      8  : 0.0030 0.0084 0.9856 0.0030
799      799   (0)      8  : 0.0020 0.0030 0.9846 0.0104
800      800   (0)      8  : 0.0020 0.0022 0.9914 0.0044
801      801   (5)      8  : 0.0030 0.0044 0.9886 0.0040
802      802   (5)      8  : 0.0030 0.0622 0.9328 0.0020
803      803   (0)      8  : 0.0020 0.0048 0.9904 0.0028
804      804   (0)      8  : 0.0028 0.0424 0.9480 0.0068
805      805   (0)      8  : 0.0064 0.0086 0.9830 0.0020
806      806   (0)      8  : 0.0020 0.0022 0.9938 0.0020
807      807   (0)      8  : 0.0030 0.0034 0.9898 0.0038
808      808   (0)      8  : 0.0086 0.0316 0.9542 0.0056
809      809   (0)      8  : 0.0030 0.0258 0.9692 0.0020
810      810   (0)      8  : 0.0010 0.0126 0.9838 0.0026
811      811   (0)      8  : 0.0012 0.0194 0.9750 0.0044
812      812   (0)      8  : 0.0018 0.0038 0.9916 0.0028
813      813   (0)      8  : 0.0034 0.0196 0.9750 0.0020
814      814   (0)      9  : 0.0020 0.0020 0.9896 0.0064
815      815   (0)      9  : 0.0024 0.0020 0.9884 0.0072
816      816   (0)      9  : 0.0038 0.0030 0.9884 0.0048
817      817   (0)      9  : 0.0048 0.0022 0.9886 0.0044
818      818   (0)      9  : 0.0028 0.0032 0.9894 0.0046
819      819   (0)      9  : 0.0010 0.0040 0.9930 0.0020
820      820   (0)      9  : 0.0020 0.0020 0.9912 0.0048
821      821   (0)      9  : 0.0110 0.1112 0.8758 0.0020
822      822   (0)      9  : 0.0056 0.0058 0.9814 0.0072
823      823   (0)      9  : 0.0030 0.0076 0.9832 0.0062
824      824   (0)      9  : 0.0020 0.0030 0.9920 0.0030
825      825   (0)      9  : 0.0040 0.0034 0.9888 0.0038
826      826   (0)      9  : 0.0028 0.0056 0.9898 0.0018
827      827   (0)      9  : 0.0020 0.0026 0.9910 0.0044
828      828   (0)      9  : 0.0082 0.0026 0.9872 0.0020
829      829   (0)      9  : 0.0020 0.0030 0.9922 0.0028
830      830   (0)      9  : 0.0020 0.0058 0.9888 0.0034
831      831   (0)      9  : 0.0030 0.0174 0.9768 0.0028
832      832   (0)      9  : 0.0020 0.0036 0.9924 0.0020
833      833   (0)      9  : 0.0012 0.0034 0.9916 0.0038
834      834   (0)      9  : 0.0020 0.0054 0.9894 0.0032
835      835   (0)      9  : 0.0022 0.0056 0.9872 0.0050
836      836   (0)      9  : 0.0020 0.0014 0.9908 0.0058
837      837   (0)      9  : 0.0020 0.0038 0.9828 0.0114
838      838   (0)      9  : 0.0020 0.0030 0.9922 0.0028
839      839   (0)      9  : 0.0094 0.0032 0.9846 0.0028
840      840   (0)      9  : 0.0020 0.0040 0.9920 0.0020
841      841   (0)      9  : 0.0110 0.0020 0.9806 0.0064
842      842   (0)      9  : 0.0182 0.0024 0.9774 0.0020
843      843   (0)      9  : 0.0048 0.0104 0.9768 0.0080
844      844   (0)      9  : 0.0032 0.0024 0.9886 0.0058
845      845   (0)     10  : 0.0020 0.0020 0.9904 0.0056
846      846   (0)     10  : 0.0030 0.0044 0.9898 0.0028
847      847   (0)     10  : 0.0030 0.0034 0.9896 0.0040
848      848   (0)     10  : 0.0028 0.0166 0.9778 0.0028
849      849   (0)     10  : 0.0032 0.0022 0.9908 0.0038
850      850   (0)     10  : 0.0030 0.0022 0.9910 0.0038
851      851   (0)     10  : 0.0020 0.0024 0.9926 0.0030
852      852   (0)     10  : 0.0030 0.0032 0.9918 0.0020
853      853   (0)     10  : 0.0022 0.0050 0.9898 0.0030
854      854   (0)     10  : 0.0038 0.0088 0.9846 0.0028
855      855   (0)     10  : 0.0032 0.0116 0.9800 0.0052
856      856   (0)     10  : 0.0020 0.0058 0.9816 0.0106
857      857   (0)     10  : 0.0020 0.0164 0.9796 0.0020
858      858   (0)     10  : 0.0020 0.0032 0.9928 0.0020
859      859   (0)     10  : 0.0022 0.0106 0.9834 0.0038
860      860   (0)     10  : 0.0020 0.0036 0.9934 0.0010
861      861   (0)     10  : 0.0010 0.0012 0.9958 0.0020
862      862   (0)     10  : 0.0022 0.0070 0.9882 0.0026
863      863   (0)     10  : 0.0030 0.0184 0.9756 0.0030
864      864   (0)     10  : 0.0028 0.0038 0.9906 0.0028
865      865   (0)     10  : 0.0042 0.0206 0.9722 0.0030
866      866   (0)     10  : 0.0038 0.0198 0.9732 0.0032
867      867   (0)     10  : 0.0032 0.0124 0.9798 0.0046
868      868   (0)     10  : 0.0020 0.0032 0.9928 0.0020
869      869   (0)     10  : 0.0046 0.0038 0.9878 0.0038
870      870   (0)     10  : 0.0020 0.0020 0.9940 0.0020
871      871   (0)     10  : 0.0038 0.0024 0.9894 0.0044
872      872   (0)     10  : 0.0020 0.0032 0.9928 0.0020
873      873   (0)     10  : 0.0020 0.0036 0.9924 0.0020
874      874   (0)     10  : 0.0020 0.0046 0.9900 0.0034
875      875   (0)     10  : 0.0020 0.0024 0.9926 0.0030
876      876   (0)     10  : 0.0020 0.0030 0.9894 0.0056
877      877   (0)     10  : 0.0040 0.0068 0.9858 0.0034
878      878   (0)     10  : 0.0020 0.0042 0.9882 0.0056
879      879   (0)     10  : 0.0058 0.0024 0.9840 0.0078
880      880   (0)     10  : 0.0020 0.0032 0.9928 0.0020
881      881   (0)     10  : 0.0038 0.0038 0.9842 0.0082
882      882   (0)     10  : 0.0020 0.0030 0.9894 0.0056
883      883   (0)     10  : 0.0028 0.0020 0.9932 0.0020
884      884   (0)     10  : 0.0028 0.0030 0.9922 0.0020
885      885   (0)     10  : 0.0020 0.0022 0.9938 0.0020
886      886   (0)     10  : 0.0038 0.0124 0.9798 0.0040
887      887   (0)     10  : 0.0020 0.0022 0.9928 0.0030
888      888   (0)     10  : 0.0020 0.0076 0.9850 0.0054
889      889   (0)     10  : 0.0022 0.0066 0.9892 0.0020
890      890   (0)     10  : 0.0020 0.0050 0.9908 0.0022
891      891   (0)     10  : 0.0068 0.0070 0.9842 0.0020
892      892   (0)     10  : 0.0028 0.0024 0.9914 0.0034
893      893   (0)     10  : 0.0090 0.0116 0.9754 0.0040
894      894   (0)     10  : 0.0020 0.0022 0.9928 0.0030
895      895   (0)     10  : 0.0042 0.0028 0.9880 0.0050
896      896   (0)     10  : 0.0020 0.0030 0.9902 0.0048
897      897   (0)     10  : 0.0020 0.0028 0.9878 0.0074
898      898   (0)     10  : 0.0020 0.0020 0.9940 0.0020
899      899   (0)     10  : 0.0114 0.0022 0.9828 0.0036
900      900   (0)     10  : 0.0020 0.0274 0.9660 0.0046
901      901   (0)     10  : 0.0040 0.0052 0.9850 0.0058
902      902   (0)     10  : 0.0020 0.0030 0.9930 0.0020
903      903   (0)     10  : 0.0074 0.0024 0.9882 0.0020
904      904   (0)     10  : 0.0028 0.0094 0.9830 0.0048
905      905   (0)     10  : 0.0020 0.0056 0.9824 0.0100
906      906   (0)     10  : 0.0068 0.0088 0.9786 0.0058
907      907   (0)     10  : 0.0060 0.0042 0.9870 0.0028
908      908   (0)     10  : 0.0010 0.0012 0.9958 0.0020
909      909   (0)     10  : 0.0030 0.0022 0.9916 0.0032
910      910   (0)     10  : 0.0032 0.0020 0.9928 0.0020
911      911   (0)     10  : 0.0030 0.0086 0.9856 0.0028
912      912   (0)     10  : 0.0018 0.0022 0.9930 0.0030
913      913   (0)     10  : 0.0020 0.0082 0.9850 0.0048
914      914   (0)     10  : 0.0012 0.0026 0.9556 0.0406
915      915   (0)     10  : 0.0040 0.0026 0.9904 0.0030
916      916   (0)     10  : 0.0020 0.0050 0.9778 0.0152
917      917   (0)     10  : 0.0010 0.0024 0.9890 0.0076
918      918   (0)     10  : 0.0126 0.0024 0.9832 0.0018
919      919   (0)     10  : 0.0542 0.0050 0.9162 0.0246
920      920   (0)     10  : 0.0030 0.0030 0.9930 0.0010
921      921   (0)     10  : 0.0022 0.0062 0.9712 0.0204
922      922   (0)     10  : 0.0032 0.0030 0.9830 0.0108
923      923   (0)     10  : 0.0048 0.0020 0.9850 0.0082
924      924   (0)     10  : 0.0020 0.0066 0.9892 0.0022
925      925   (0)     10  : 0.0030 0.0024 0.9898 0.0048
926      926   (0)     10  : 0.0018 0.0028 0.9926 0.0028
927      927   (0)     10  : 0.0048 0.0012 0.9878 0.0062
928      928   (0)     10  : 0.0020 0.0032 0.9928 0.0020
929      929   (0)     10  : 0.0028 0.0028 0.9906 0.0038
930      930   (0)     10  : 0.0022 0.0022 0.9916 0.0040
931      931   (0)     10  : 0.0022 0.0038 0.9878 0.0062
932      932   (0)     10  : 0.0034 0.0096 0.9750 0.0120
933      933   (0)     10  : 0.0020 0.0038 0.9918 0.0024
934      934   (0)     10  : 0.0028 0.0022 0.9906 0.0044
935      935   (0)     10  : 0.0020 0.0034 0.9924 0.0022
936      936   (0)     10  : 0.0030 0.0036 0.9864 0.0070
937      937   (0)     10  : 0.0028 0.0012 0.9926 0.0034
938      938   (0)     10  : 0.0020 0.0012 0.9948 0.0020
939      939   (0)     10  : 0.0080 0.0032 0.9842 0.0046
940      940   (0)     10  : 0.0020 0.0358 0.9582 0.0040
941      941   (0)     10  : 0.0020 0.0024 0.9928 0.0028
942      942   (0)     10  : 0.0022 0.0032 0.9924 0.0022
943      943   (0)     10  : 0.0020 0.0076 0.9774 0.0130
944      944   (0)     10  : 0.0040 0.0042 0.9886 0.0032
945      945   (0)     10  : 0.0114 0.0172 0.9694 0.0020
946      946   (0)     10  : 0.0020 0.0022 0.9856 0.0102
947      947   (0)     10  : 0.0038 0.0020 0.9932 0.0010
948      948   (0)     10  : 0.0010 0.0012 0.9958 0.0020
949      949   (0)     10  : 0.0040 0.0052 0.9888 0.0020
950      950   (0)     10  : 0.0028 0.0038 0.9906 0.0028
951      951   (0)     10  : 0.0030 0.0030 0.9912 0.0028
952      952   (0)     10  : 0.0020 0.0064 0.9892 0.0024
953      953   (0)     10  : 0.0030 0.0030 0.9904 0.0036
954      954   (0)     10  : 0.0020 0.0022 0.9938 0.0020
955      955   (0)     10  : 0.0164 0.0044 0.9628 0.0164
956      956   (0)     10  : 0.0034 0.0366 0.9568 0.0032
957      957   (0)     10  : 0.0030 0.0104 0.9846 0.0020
958      958   (0)     10  : 0.0028 0.0022 0.9912 0.0038
959      959   (0)     10  : 0.0020 0.0020 0.9940 0.0020
960      960   (0)     10  : 0.0020 0.0020 0.9940 0.0020
961      961   (0)     10  : 0.0020 0.0028 0.9924 0.0028
962      962   (0)     10  : 0.0018 0.0020 0.9924 0.0038
963      963   (0)     10  : 0.0020 0.0030 0.9930 0.0020
964      964   (0)     10  : 0.0040 0.0032 0.9908 0.0020
965      965   (0)     10  : 0.0050 0.0024 0.9880 0.0046
966      966   (0)     10  : 0.0022 0.0054 0.9904 0.0020
967      967   (0)     10  : 0.0020 0.0024 0.9936 0.0020
968      968   (0)     10  : 0.0010 0.0032 0.9928 0.0030
969      969   (0)     10  : 0.0112 0.0394 0.9380 0.0114
970      970   (0)     11  : 0.0038 0.0030 0.9894 0.0038
971      971   (0)     11  : 0.0058 0.0220 0.9692 0.0030
972      972   (0)     11  : 0.0050 0.0048 0.9852 0.0050
973      973   (0)     11  : 0.0020 0.0100 0.9834 0.0046
974      974   (0)     11  : 0.0020 0.0030 0.9912 0.0038
975      975   (0)     11  : 0.0046 0.0132 0.9792 0.0030
976      976   (0)     11  : 0.0136 0.0176 0.9678 0.0010
977      977   (0)     11  : 0.0596 0.0022 0.9362 0.0020
978      978   (0)     11  : 0.0240 0.0084 0.9646 0.0030
979      979   (0)     11  : 0.0072 0.0104 0.9596 0.0228
980      980   (0)     11  : 0.0030 0.0048 0.9902 0.0020
981      981   (0)     11  : 0.0030 0.0100 0.9840 0.0030
982      982   (0)     11  : 0.0020 0.0052 0.9908 0.0020
983      983   (0)     11  : 0.0038 0.0054 0.9870 0.0038
984      984   (0)     11  : 0.0056 0.0032 0.9892 0.0020
985      985  (10)     11  : 0.0030 0.0042 0.9890 0.0038
986      986   (0)     11  : 0.0040 0.0078 0.9858 0.0024
987      987   (0)     11  : 0.0342 0.0128 0.9434 0.0096
988      988   (0)     11  : 0.0020 0.0056 0.9842 0.0082
989      989   (0)     11  : 0.0040 0.2152 0.7768 0.0040
990      990   (5)     11  : 0.0078 0.0084 0.9818 0.0020
991      991   (0)     11  : 0.0038 0.0030 0.9846 0.0086
992      992   (0)     11  : 0.0030 0.0110 0.9850 0.0010
993      993   (0)     11  : 0.0262 0.0682 0.8988 0.0068
994      994   (0)     11  : 0.0176 0.0044 0.9742 0.0038
995      995   (0)     11  : 0.0020 0.0032 0.9882 0.0066
996      996   (0)     11  : 0.0040 0.0040 0.9900 0.0020
997      997   (5)     11  : 0.0020 0.0154 0.9806 0.0020
998      998   (0)     11  : 0.0084 0.0038 0.9832 0.0046
999      999   (0)     11  : 0.0040 0.0038 0.9884 0.0038
1000     1000   (0)     11  : 0.0054 0.0146 0.9780 0.0020
1001     1001   (0)     11  : 0.0030 0.0028 0.9876 0.0066
1002     1002   (0)     11  : 0.0040 0.0036 0.9888 0.0036
1003     1003   (0)     11  : 0.0020 0.0046 0.9806 0.0128
1004     1004   (0)     11  : 0.0028 0.0024 0.9918 0.0030
1005     1005   (0)     11  : 0.0012 0.0042 0.9908 0.0038
1006     1006   (0)     11  : 0.0018 0.0122 0.9840 0.0020
1007     1007   (5)     11  : 0.0030 0.0038 0.9854 0.0078
1008     1008   (0)     11  : 0.0020 0.0068 0.9892 0.0020
1009     1009   (0)     11  : 0.0046 0.0044 0.9890 0.0020
1010     1010   (0)     11  : 0.0010 0.0036 0.9926 0.0028
1011     1011   (5)     11  : 0.0342 0.0038 0.9590 0.0030
1012     1012   (5)     11  : 0.0020 0.0286 0.9656 0.0038
1013     1013  (10)     11  : 0.0040 0.0058 0.9872 0.0030
1014     1014   (5)     11  : 0.0030 0.0420 0.9530 0.0020
1015     1015   (5)     11  : 0.0020 0.0022 0.9930 0.0028
1016     1016   (5)     11  : 0.0038 0.0022 0.9892 0.0048
1017     1017   (5)     11  : 0.0040 0.0827 0.9103 0.0030
1018     1018   (5)     11  : 0.0030 0.0044 0.9886 0.0040
1019     1019  (10)     11  : 0.0020 0.0032 0.9918 0.0030
1020     1020   (5)     11  : 0.0078 0.0164 0.9720 0.0038
1021     1021   (5)     11  : 0.0030 0.0022 0.9926 0.0022
1022     1022   (5)     11  : 0.0030 0.0132 0.9730 0.0108
1023     1023   (0)     12  : 0.0038 0.0242 0.9642 0.0078
1024     1024   (0)     12  : 0.0020 0.0026 0.9924 0.0030
1025     1025   (0)     12  : 0.0066 0.0080 0.9826 0.0028
1026     1026   (0)     12  : 0.0020 0.0022 0.9938 0.0020
1027     1027   (0)     12  : 0.0026 0.0032 0.9912 0.0030
1028     1028   (0)     12  : 0.0020 0.0068 0.9724 0.0188
1029     1029   (0)     12  : 0.0244 0.0278 0.9430 0.0048
1030     1030   (0)     12  : 0.0148 0.0068 0.9626 0.0158
1031     1031   (0)     12  : 0.0072 0.0096 0.9812 0.0020
1032     1032   (0)     12  : 0.0010 0.0032 0.9876 0.0082
1033     1033   (0)     12  : 0.0058 0.0058 0.9842 0.0042
1034     1034   (0)     12  : 0.0118 0.0038 0.9772 0.0072
1035     1035   (0)     12  : 0.0030 0.0038 0.9832 0.0100
1036     1036   (0)     12  : 0.0048 0.0154 0.9768 0.0030
1037     1037   (0)     12  : 0.0068 0.0056 0.9846 0.0030
1038     1038   (0)     12  : 0.0148 0.0110 0.9704 0.0038
1039     1039   (0)     12  : 0.0104 0.0036 0.9840 0.0020
1040     1040   (0)     12  : 0.0052 0.0094 0.9824 0.0030
1041     1041   (0)     12  : 0.0020 0.0044 0.9906 0.0030
1042     1042   (0)     12  : 0.0030 0.0116 0.9834 0.0020
1043     1043   (0)     12  : 0.0020 0.0132 0.9826 0.0022
1044     1044   (0)     12  : 0.0198 0.0084 0.9696 0.0022
1045     1045   (0)     12  : 0.0056 0.0028 0.9888 0.0028
1046     1046   (0)     12  : 0.0020 0.0050 0.9892 0.0038
1047     1047   (0)     12  : 0.0126 0.0596 0.9212 0.0066
1048     1048   (0)     12  : 0.0020 0.0022 0.9938 0.0020
1049     1049   (0)     12  : 0.0020 0.0036 0.9924 0.0020
1050     1050   (0)     12  : 0.0020 0.0020 0.9938 0.0022
1051     1051   (0)     12  : 0.0086 0.0024 0.9846 0.0044
1052     1052   (0)     12  : 0.0020 0.0166 0.9774 0.0040
1053     1053   (0)     12  : 0.0048 0.0272 0.9506 0.0174
1054     1054   (0)     12  : 0.0020 0.0050 0.9816 0.0114
1055     1055   (0)     12  : 0.0020 0.0084 0.9886 0.0010
1056     1056   (0)     12  : 0.0216 0.0362 0.9402 0.0020
1057     1057   (0)     12  : 0.0138 0.0056 0.9776 0.0030
1058     1058   (0)     12  : 0.0048 0.0122 0.9800 0.0030
1059     1059   (0)     12  : 0.0306 0.0022 0.9652 0.0020
1060     1060   (0)     12  : 0.0048 0.0038 0.9810 0.0104
1061     1061   (0)     12  : 0.0028 0.0030 0.9902 0.0040
1062     1062   (0)     12  : 0.0040 0.0232 0.9708 0.0020
1063     1063   (0)     12  : 0.0020 0.0024 0.9936 0.0020
1064     1064   (0)     12  : 0.0102 0.0160 0.9610 0.0128
1065     1065   (0)     12  : 0.0092 0.0058 0.9830 0.0020
1066     1066   (0)     12  : 0.0020 0.0080 0.9880 0.0020
1067     1067   (0)     12  : 0.0034 0.0054 0.9892 0.0020
1068     1068   (0)     12  : 0.0508 0.0068 0.9404 0.0020
1069     1069   (0)     12  : 0.0028 0.0020 0.9920 0.0032
1070     1070   (0)     12  : 0.0186 0.0180 0.9614 0.0020
1071     1071   (0)     12  : 0.0032 0.1712 0.8246 0.0010
1072     1072   (0)     12  : 0.0048 0.0032 0.9882 0.0038
1073     1073   (0)     12  : 0.0826 0.0064 0.9090 0.0020
1074     1074   (0)     12  : 0.0030 0.0022 0.9928 0.0020
1075     1075   (0)     12  : 0.0048 0.0178 0.9754 0.0020
1076     1076   (0)     12  : 0.0040 0.0026 0.9904 0.0030
1077     1077   (0)     12  : 0.0020 0.0022 0.9930 0.0028
1078     1078   (0)     12  : 0.0020 0.0282 0.9630 0.0068
1079     1079   (0)     12  : 0.0010 0.0054 0.9870 0.0066
1080     1080   (0)     12  : 0.0030 0.0084 0.9746 0.0140
1081     1081   (0)     12  : 0.0030 0.0130 0.9820 0.0020
1082     1082   (0)     12  : 0.0038 0.0238 0.9652 0.0072
1083     1083   (0)     12  : 0.0024 0.0032 0.9860 0.0084
1084     1084   (0)     12  : 0.0048 0.0460 0.9460 0.0032
1085     1085   (0)     12  : 0.0028 0.0116 0.9818 0.0038
1086     1086   (0)     12  : 0.0010 0.0670 0.9254 0.0066
1087     1087   (0)     12  : 0.0020 0.0080 0.9870 0.0030
1088     1088   (0)     12  : 0.0070 0.0022 0.9880 0.0028
1089     1089   (0)     12  : 0.0084 0.0088 0.9804 0.0024
1090     1090   (0)     12  : 0.0056 0.0120 0.9786 0.0038
1091     1091   (0)     12  : 0.0020 0.0034 0.9926 0.0020
1092     1092   (0)     12  : 0.0048 0.0038 0.9884 0.0030
1093     1093   (0)     12  : 0.0028 0.0104 0.9848 0.0020
1094     1094   (0)     12  : 0.0040 0.0098 0.9842 0.0020
1095     1095   (0)     12  : 0.0270 0.0090 0.9630 0.0010
1096     1096   (0)     12  : 0.0020 0.0018 0.9942 0.0020
1097     1097   (0)     12  : 0.0020 0.0012 0.9930 0.0038
1098     1098   (0)     12  : 0.0028 0.0260 0.9692 0.0020
1099     1099   (0)     12  : 0.0048 0.0098 0.9844 0.0010
1100     1100   (0)     12  : 0.0010 0.0024 0.9946 0.0020
1101     1101   (0)     12  : 0.0196 0.0815 0.8959 0.0030
1102     1102   (0)     12  : 0.0018 0.0030 0.9922 0.0030
1103     1103   (0)     12  : 0.0048 0.0478 0.9396 0.0078
1104     1104   (0)     12  : 0.0020 0.0072 0.9840 0.0068
1105     1105   (0)     12  : 0.0020 0.0080 0.9826 0.0074
1106     1106   (0)     12  : 0.0028 0.0040 0.9912 0.0020
1107     1107   (0)     12  : 0.0064 0.0030 0.9858 0.0048
1108     1108   (0)     12  : 0.0020 0.0058 0.9892 0.0030
1109     1109   (0)     12  : 0.0236 0.0270 0.9444 0.0050
1110     1110   (0)     12  : 0.0020 0.0072 0.9888 0.0020
1111     1111   (0)     12  : 0.0118 0.0204 0.9658 0.0020
1112     1112   (0)     12  : 0.0066 0.0096 0.9828 0.0010
1113     1113   (0)     12  : 0.0024 0.0278 0.9628 0.0070
1114     1114   (0)     12  : 0.0138 0.0048 0.9792 0.0022
1115     1115   (0)     12  : 0.0262 0.0084 0.9626 0.0028
1116     1116   (0)     12  : 0.0030 0.0376 0.9564 0.0030
1117     1117   (0)     12  : 0.0020 0.0402 0.9510 0.0068
1118     1118   (0)     12  : 0.0126 0.0062 0.9774 0.0038
1119     1119   (0)     12  : 0.0020 0.0024 0.9936 0.0020
1120     1120   (0)     12  : 0.0020 0.0020 0.9932 0.0028
1121     1121   (0)     12  : 0.0036 0.0110 0.9808 0.0046
1122     1122   (0)     12  : 0.0022 0.0094 0.9784 0.0100
1123     1123   (0)     12  : 0.0342 0.0144 0.9490 0.0024
1124     1124   (0)     12  : 0.0104 0.0030 0.9814 0.0052
1125     1125   (0)     12  : 0.0020 0.1244 0.8679 0.0058
1126     1126   (0)     12  : 0.0288 0.0266 0.9426 0.0020
1127     1127   (0)     12  : 0.0126 0.0082 0.9738 0.0054
1128     1128   (0)     12  : 0.0020 0.0034 0.9926 0.0020
1129     1129   (0)     12  : 0.0020 0.0044 0.9926 0.0010
1130     1130   (0)     12  : 0.0124 0.0260 0.9586 0.0030
1131     1131   (0)     12  : 0.0076 0.0046 0.9848 0.0030
1132     1132   (0)     12  : 0.0348 0.0024 0.9584 0.0044
1133     1133   (0)     12  : 0.0018 0.0030 0.9904 0.0048
1134     1134   (0)     12  : 0.0030 0.0068 0.9864 0.0038
1135     1135   (0)     12  : 0.0234 0.0134 0.9546 0.0086
1136     1136   (0)     12  : 0.0020 0.0040 0.9818 0.0122
1137     1137   (0)     12  : 0.0020 0.0072 0.9878 0.0030
1138     1138   (0)     12  : 0.0118 0.0056 0.9798 0.0028
1139     1139   (0)     12  : 0.0020 0.0078 0.9860 0.0042
1140     1140   (0)     12  : 0.0010 0.0174 0.9806 0.0010
1141     1141   (0)     12  : 0.0040 0.0092 0.9838 0.0030
1142     1142   (0)     12  : 0.0484 0.0046 0.9450 0.0020
1143     1143   (0)     12  : 0.0048 0.0510 0.9420 0.0022
1144     1144   (0)     12  : 0.0020 0.0210 0.9676 0.0094
1145     1145   (0)     12  : 0.0030 0.0170 0.9780 0.0020
1146     1146   (0)     12  : 0.0040 0.0044 0.9906 0.0010
1147     1147   (0)     12  : 0.0064 0.0020 0.9878 0.0038
1148     1148   (5)     13  : 0.0020 0.0022 0.0030 0.9928
1149     1149   (0)     13  : 0.0030 0.0022 0.0050 0.9898
1150     1150   (0)     13  : 0.0010 0.0020 0.0020 0.9950
1151     1151   (0)     13  : 0.0074 0.0104 0.0160 0.9662
1152     1152   (0)     13  : 0.0020 0.0020 0.0020 0.9940
1153     1153   (0)     13  : 0.0020 0.0028 0.0052 0.9900
1154     1154   (0)     13  : 0.0010 0.0012 0.0020 0.9958
1155     1155   (0)     13  : 0.0020 0.0020 0.0020 0.9940
1156     1156   (0)     13  : 0.0020 0.0030 0.0020 0.9930
1157     1157   (0)     13  : 0.0020 0.0020 0.0020 0.9940
1158     1158   (0)     13  : 0.0010 0.0010 0.0010 0.9970
1159     1159   (0)     13  : 0.0010 0.0012 0.0020 0.9958
1160     1160   (0)     13  : 0.0030 0.0024 0.0030 0.9916
1161     1161   (5)     13  : 0.0010 0.0010 0.0010 0.9970
1162     1162   (0)     13  : 0.0010 0.0012 0.0020 0.9958
1163     1163   (0)     13  : 0.0010 0.0012 0.0020 0.9958
1164     1164   (0)     13  : 0.0020 0.0056 0.0020 0.9904
1165     1165   (0)     13  : 0.0020 0.0010 0.0020 0.9950
1166     1166   (0)     13  : 0.0020 0.0012 0.0020 0.9948
1167     1167   (0)     13  : 0.0010 0.0010 0.0020 0.9960
1168     1168   (0)     13  : 0.0010 0.0010 0.0020 0.9960
1169     1169   (0)     13  : 0.0020 0.0030 0.0020 0.9930
1170     1170   (0)     13  : 0.0010 0.0010 0.0020 0.9960
1171     1171   (0)     13  : 0.0010 0.0010 0.0010 0.9970
1172     1172   (0)     13  : 0.0010 0.0010 0.0010 0.9970
1173     1173   (0)     13  : 0.0010 0.0020 0.0020 0.9950
1174     1174   (0)     13  : 0.0010 0.0012 0.0020 0.9958
1175     1175   (0)     13  : 0.0010 0.0010 0.0012 0.9968
1176     1176   (0)     14  : 0.0020 0.0010 0.0020 0.9950
1177     1177   (0)     14  : 0.0020 0.0012 0.0020 0.9948
1178     1178   (0)     14  : 0.0010 0.0010 0.0012 0.9968
1179     1179   (0)     14  : 0.0010 0.0022 0.0028 0.9940
1180     1180   (0)     14  : 0.0020 0.0012 0.0020 0.9948
1181     1181   (0)     14  : 0.0020 0.0020 0.0020 0.9940
1182     1182   (0)     14  : 0.0020 0.0020 0.0020 0.9940
1183     1183   (0)     14  : 0.0010 0.0020 0.0020 0.9950
1184     1184   (0)     14  : 0.0020 0.0020 0.0020 0.9940
1185     1185   (0)     14  : 0.0010 0.0012 0.0030 0.9948
1186     1186   (0)     14  : 0.0020 0.0070 0.0050 0.9860
1187     1187   (0)     14  : 0.0020 0.0010 0.0020 0.9950
1188     1188   (0)     14  : 0.0010 0.0012 0.0010 0.9968
1189     1189   (0)     14  : 0.0090 0.0096 0.0060 0.9754
1190     1190   (0)     14  : 0.0010 0.0012 0.0020 0.9958
1191     1191   (0)     14  : 0.0010 0.0010 0.0010 0.9970
1192     1192   (0)     14  : 0.0020 0.0020 0.0030 0.9930
1193     1193   (0)     14  : 0.0020 0.0012 0.0020 0.9948
1194     1194   (0)     14  : 0.0040 0.0156 0.0070 0.9734
1195     1195   (0)     14  : 0.0010 0.0020 0.0022 0.9948
1196     1196   (0)     14  : 0.0020 0.0020 0.0020 0.9940
1197     1197   (0)     14  : 0.0020 0.0030 0.0030 0.9920
1198     1198   (0)     14  : 0.0020 0.0020 0.0020 0.9940
1199     1199   (0)     14  : 0.0030 0.0028 0.0020 0.9922
1200     1200   (0)     14  : 0.0020 0.0012 0.0022 0.9946
1201     1201   (0)     14  : 0.0010 0.0012 0.0020 0.9958
1202     1202   (0)     14  : 0.0010 0.0020 0.0028 0.9942
1203     1203   (0)     14  : 0.0010 0.0010 0.0020 0.9960
1204     1204   (0)     14  : 0.0010 0.0010 0.0010 0.9970
1205     1205   (0)     14  : 0.0020 0.0020 0.0020 0.9940
1206     1206   (0)     14  : 0.0010 0.0010 0.0010 0.9970
1207     1207   (0)     14  : 0.0020 0.0020 0.0020 0.9940
1208     1208   (0)     14  : 0.0020 0.0020 0.0018 0.9942
1209     1209   (0)     14  : 0.0020 0.0030 0.0030 0.9920
1210     1210   (0)     14  : 0.0010 0.0022 0.0020 0.9948
1211     1211   (0)     14  : 0.0010 0.0016 0.0020 0.9954
1212     1212   (0)     14  : 0.0020 0.0010 0.0020 0.9950
1213     1213   (0)     14  : 0.0020 0.0012 0.0020 0.9948
1214     1214   (0)     14  : 0.0030 0.0020 0.0032 0.9918
1215     1215   (0)     14  : 0.0010 0.0010 0.0020 0.9960
1216     1216   (0)     14  : 0.0010 0.0022 0.0028 0.9940
1217     1217   (0)     14  : 0.0010 0.0020 0.0020 0.9950
1218     1218   (0)     14  : 0.0020 0.0012 0.0020 0.9948
1219     1219   (0)     14  : 0.0010 0.0010 0.0010 0.9970
1220     1220   (0)     14  : 0.0010 0.0038 0.0020 0.9932
1221     1221   (0)     14  : 0.0020 0.0010 0.0020 0.9950
1222     1222   (0)     14  : 0.0010 0.0010 0.0020 0.9960
1223     1223   (0)     14  : 0.0030 0.0056 0.0030 0.9884
1224     1224   (0)     14  : 0.0010 0.0020 0.0020 0.9950
1225     1225   (0)     14  : 0.0010 0.0012 0.0020 0.9958
1226     1226   (0)     14  : 0.0020 0.0044 0.0046 0.9890
1227     1227   (0)     14  : 0.0020 0.0020 0.0020 0.9940
1228     1228   (0)     14  : 0.0020 0.0012 0.0020 0.9948
1229     1229   (0)     14  : 0.0020 0.0010 0.0020 0.9950
1230     1230   (0)     14  : 0.0010 0.0010 0.0020 0.9960
1231     1231   (0)     14  : 0.0020 0.0020 0.0020 0.9940
1232     1232   (0)     14  : 0.0010 0.0010 0.0020 0.9960
1233     1233   (0)     14  : 0.0020 0.0020 0.0020 0.9940
1234     1234   (0)     14  : 0.0010 0.0010 0.0010 0.9970
1235     1235   (0)     14  : 0.0010 0.0010 0.0020 0.9960
1236     1236   (0)     14  : 0.0030 0.0030 0.0042 0.9898
1237     1237   (0)     14  : 0.0010 0.0010 0.0010 0.9970
1238     1238   (0)     14  : 0.0010 0.0020 0.0020 0.9950
1239     1239   (0)     14  : 0.0020 0.0020 0.0020 0.9940
1240     1240   (0)     14  : 0.0020 0.0030 0.0030 0.9920
1241     1241   (0)     14  : 0.0010 0.0010 0.0012 0.9968
1242     1242   (0)     14  : 0.0010 0.0018 0.0020 0.9952
1243     1243   (0)     14  : 0.0040 0.0030 0.0032 0.9898
1244     1244   (0)     14  : 0.0010 0.0010 0.0010 0.9970
1245     1245   (0)     14  : 0.0020 0.0320 0.0056 0.9604
1246     1246   (0)     14  : 0.0020 0.0022 0.0020 0.9938
1247     1247   (0)     14  : 0.0020 0.0012 0.0020 0.9948
1248     1248   (0)     14  : 0.0040 0.0014 0.0020 0.9926
1249     1249   (0)     14  : 0.0010 0.0010 0.0020 0.9960
1250     1250   (0)     14  : 0.0010 0.0012 0.0020 0.9958
1251     1251   (0)     14  : 0.0010 0.0020 0.0020 0.9950
1252     1252   (0)     14  : 0.0020 0.0020 0.0020 0.9940
1253     1253   (0)     14  : 0.0020 0.0020 0.0020 0.9940
1254     1254   (0)     14  : 0.0020 0.0010 0.0020 0.9950
1255     1255   (0)     14  : 0.0010 0.0020 0.0020 0.9950
1256     1256   (0)     14  : 0.0020 0.0020 0.0066 0.9894
1257     1257   (0)     14  : 0.0010 0.0020 0.0020 0.9950
1258     1258   (0)     14  : 0.0010 0.0010 0.0010 0.9970
1259     1259   (0)     14  : 0.0010 0.0012 0.0010 0.9968
1260     1260   (0)     14  : 0.0020 0.0020 0.0020 0.9940
1261     1261   (0)     14  : 0.0010 0.0010 0.0010 0.9970
1262     1262   (0)     14  : 0.0020 0.0024 0.0046 0.9910
1263     1263   (0)     14  : 0.0030 0.0220 0.0066 0.9684
1264     1264   (0)     14  : 0.0020 0.0012 0.0020 0.9948
1265     1265   (0)     14  : 0.0010 0.0010 0.0012 0.9968
1266     1266   (0)     14  : 0.0010 0.0020 0.0020 0.9950
1267     1267   (0)     14  : 0.0020 0.0030 0.0020 0.9930
1268     1268   (0)     14  : 0.0028 0.0018 0.0028 0.9926
1269     1269   (0)     14  : 0.0010 0.0020 0.0020 0.9950
1270     1270   (0)     14  : 0.0010 0.0010 0.0020 0.9960
1271     1271   (0)     14  : 0.0016 0.0012 0.0020 0.9952
1272     1272   (0)     14  : 0.0010 0.0010 0.0010 0.9970
1273     1273   (0)     14  : 0.0010 0.0018 0.0020 0.9952
1274     1274   (0)     14  : 0.0020 0.0010 0.0020 0.9950
1275     1275   (0)     14  : 0.0010 0.0070 0.0048 0.9872
1276     1276   (0)     14  : 0.0020 0.0020 0.0010 0.9950
1277     1277   (0)     14  : 0.0010 0.0010 0.0020 0.9960
1278     1278   (0)     14  : 0.0010 0.0010 0.0020 0.9960
1279     1279   (0)     14  : 0.0010 0.0020 0.0020 0.9950
1280     1280   (0)     14  : 0.0010 0.0010 0.0010 0.9970
1281     1281   (0)     14  : 0.0010 0.0010 0.0010 0.9970
1282     1282   (0)     14  : 0.0010 0.0022 0.0040 0.9928
1283     1283   (0)     14  : 0.0020 0.0012 0.0020 0.9948
1284     1284   (0)     14  : 0.0020 0.0022 0.0028 0.9930
1285     1285   (0)     14  : 0.0020 0.0012 0.0020 0.9948
1286     1286   (0)     14  : 0.0010 0.0010 0.0020 0.9960
1287     1287   (0)     14  : 0.0010 0.0010 0.0020 0.9960
1288     1288   (0)     14  : 0.0010 0.0012 0.0020 0.9958
1289     1289   (0)     14  : 0.0010 0.0020 0.0020 0.9950
1290     1290   (0)     14  : 0.0020 0.0012 0.0020 0.9948
1291     1291   (0)     14  : 0.0010 0.0020 0.0020 0.9950
1292     1292   (0)     14  : 0.0010 0.0010 0.0020 0.9960
1293     1293   (0)     14  : 0.0010 0.0010 0.0020 0.9960
1294     1294   (0)     14  : 0.0010 0.0020 0.0020 0.9950
1295     1295   (0)     14  : 0.0010 0.0010 0.0014 0.9966
1296     1296   (0)     14  : 0.0010 0.0018 0.0018 0.9954
1297     1297   (0)     14  : 0.0020 0.0020 0.0030 0.9930
1298     1298   (0)     14  : 0.0010 0.0018 0.0012 0.9960
1299     1299   (0)     14  : 0.0010 0.0020 0.0020 0.9950
1300     1300   (0)     14  : 0.0010 0.0010 0.0010 0.9970
1301     1301   (0)     14  : 0.0020 0.0010 0.0020 0.9950
1302     1302   (0)     14  : 0.0020 0.0028 0.0020 0.9932
1303     1303   (0)     14  : 0.0010 0.0012 0.0010 0.9968
1304     1304   (0)     14  : 0.0010 0.0010 0.0020 0.9960
1305     1305   (0)     14  : 0.0010 0.0012 0.0020 0.9958
1306     1306   (0)     14  : 0.0010 0.0020 0.0020 0.9950
1307     1307   (0)     14  : 0.0010 0.0010 0.0020 0.9960
1308     1308   (0)     14  : 0.0020 0.0010 0.0020 0.9950
1309     1309   (0)     14  : 0.0020 0.0058 0.0020 0.9902
1310     1310   (0)     14  : 0.0020 0.0010 0.0012 0.9958
1311     1311   (0)     14  : 0.0020 0.0020 0.0020 0.9940
1312     1312   (0)     14  : 0.0010 0.0010 0.0010 0.9970
1313     1313   (0)     14  : 0.0020 0.0012 0.0022 0.9946
1314     1314   (0)     14  : 0.0014 0.0010 0.0020 0.9956
1315     1315   (0)     14  : 0.0010 0.0012 0.0020 0.9958
1316     1316   (0)     14  : 0.0040 0.0014 0.0030 0.9916
1317     1317   (0)     14  : 0.0010 0.0020 0.0012 0.9958
1318     1318   (0)     14  : 0.0010 0.0010 0.0020 0.9960
1319     1319   (0)     14  : 0.0020 0.0056 0.0036 0.9888
1320     1320   (0)     14  : 0.0020 0.0020 0.0042 0.9918
1321     1321   (0)     14  : 0.0010 0.0020 0.0024 0.9946
1322     1322   (0)     14  : 0.0010 0.0020 0.0020 0.9950
1323     1323   (0)     14  : 0.0010 0.0010 0.0022 0.9958
1324     1324   (0)     14  : 0.0020 0.0018 0.0020 0.9942
1325     1325   (0)     14  : 0.0010 0.0020 0.0010 0.9960
1326     1326   (0)     14  : 0.0030 0.0042 0.0028 0.9900
1327     1327   (0)     14  : 0.0030 0.0022 0.0020 0.9928
1328     1328   (0)     14  : 0.0010 0.0010 0.0020 0.9960
1329     1329   (0)     14  : 0.0030 0.0020 0.0022 0.9928
1330     1330   (0)     14  : 0.0010 0.0010 0.0010 0.9970
1331     1331   (0)     14  : 0.0020 0.0012 0.0022 0.9946
1332     1332   (0)     14  : 0.0020 0.0028 0.0020 0.9932
1333     1333   (0)     14  : 0.0010 0.0010 0.0020 0.9960
1334     1334   (0)     14  : 0.0018 0.0012 0.0016 0.9954
1335     1335   (0)     14  : 0.0010 0.0010 0.0020 0.9960
1336     1336   (0)     14  : 0.0020 0.0012 0.0020 0.9948
1337     1337   (0)     14  : 0.0010 0.0010 0.0018 0.9962
1338     1338   (0)     14  : 0.0010 0.0020 0.0020 0.9950
1339     1339   (0)     14  : 0.0010 0.0010 0.0020 0.9960
1340     1340   (0)     14  : 0.0020 0.0012 0.0030 0.9938
1341     1341   (0)     14  : 0.0030 0.0020 0.0020 0.9930
1342     1342   (0)     14  : 0.0010 0.0010 0.0020 0.9960
1343     1343   (0)     14  : 0.0020 0.0022 0.0020 0.9938
1344     1344   (0)     14  : 0.0010 0.0010 0.0010 0.9970
1345     1345   (0)     14  : 0.0010 0.0030 0.0022 0.9938
1346     1346   (0)     14  : 0.0010 0.0010 0.0012 0.9968
1347     1347   (0)     14  : 0.0010 0.0010 0.0010 0.9970
1348     1348   (0)     14  : 0.0010 0.0020 0.0020 0.9950
1349     1349   (0)     14  : 0.0020 0.0020 0.0010 0.9950
1350     1350   (0)     14  : 0.0010 0.0010 0.0018 0.9962
1351     1351   (0)     14  : 0.0010 0.0020 0.0020 0.9950
1352     1352   (0)     14  : 0.0046 0.0044 0.0052 0.9858
1353     1353   (0)     14  : 0.0020 0.0020 0.0020 0.9940
1354     1354   (0)     14  : 0.0010 0.0010 0.0012 0.9968
1355     1355   (0)     14  : 0.0020 0.0020 0.0020 0.9940
1356     1356   (0)     14  : 0.0040 0.0028 0.0020 0.9912
1357     1357   (0)     14  : 0.0010 0.0010 0.0020 0.9960
1358     1358   (0)     14  : 0.0010 0.0010 0.0010 0.9970
1359     1359   (0)     14  : 0.0010 0.0020 0.0020 0.9950
1360     1360   (0)     14  : 0.0020 0.0022 0.0028 0.9930
1361     1361   (0)     14  : 0.0018 0.0038 0.0020 0.9924
1362     1362   (0)     14  : 0.0022 0.0020 0.0036 0.9922
1363     1363   (0)     14  : 0.0010 0.0010 0.0020 0.9960
1364     1364   (0)     14  : 0.0020 0.0038 0.0012 0.9930
1365     1365   (0)     14  : 0.0010 0.0018 0.0020 0.9952
1366     1366   (0)     14  : 0.0030 0.0028 0.0032 0.9910
1367     1367   (0)     14  : 0.0010 0.0020 0.0010 0.9960
1368     1368   (0)     14  : 0.0020 0.0022 0.0030 0.9928
1369     1369   (0)     14  : 0.0030 0.0092 0.0030 0.9848
1370     1370   (0)     14  : 0.0010 0.0022 0.0030 0.9938
1371     1371   (0)     14  : 0.0010 0.0010 0.0020 0.9960
1372     1372   (0)     14  : 0.0010 0.0020 0.0020 0.9950
1373     1373   (0)     14  : 0.0020 0.0020 0.0020 0.9940
1374     1374   (0)     14  : 0.0020 0.0030 0.0030 0.9920
1375     1375   (0)     14  : 0.0020 0.0064 0.0022 0.9894
1376     1376   (0)     14  : 0.0050 0.0042 0.0048 0.9860
1377     1377   (0)     14  : 0.0010 0.0010 0.0010 0.9970
1378     1378   (0)     14  : 0.0010 0.0020 0.0010 0.9960
1379     1379   (0)     14  : 0.0010 0.0020 0.0020 0.9950
1380     1380   (0)     14  : 0.0010 0.0020 0.0020 0.9950
1381     1381   (0)     14  : 0.0010 0.0012 0.0018 0.9960
1382     1382   (0)     14  : 0.0010 0.0018 0.0010 0.9962
1383     1383   (0)     14  : 0.0010 0.0010 0.0020 0.9960
1384     1384   (0)     14  : 0.0010 0.0012 0.0020 0.9958
1385     1385   (0)     14  : 0.0040 0.0050 0.0020 0.9890
1386     1386   (0)     14  : 0.0010 0.0010 0.0012 0.9968
1387     1387   (0)     14  : 0.0020 0.0020 0.0020 0.9940
1388     1388   (0)     14  : 0.0010 0.0020 0.0020 0.9950
1389     1389   (0)     14  : 0.0020 0.0010 0.0020 0.9950
1390     1390   (0)     14  : 0.0014 0.0020 0.0010 0.9956
1391     1391   (0)     14  : 0.0010 0.0010 0.0020 0.9960
1392     1392   (0)     14  : 0.0020 0.0010 0.0020 0.9950
1393     1393   (0)     14  : 0.0010 0.0010 0.0012 0.9968
1394     1394   (0)     14  : 0.0020 0.0012 0.0020 0.9948
1395     1395   (0)     14  : 0.0020 0.0020 0.0020 0.9940
1396     1396   (0)     14  : 0.0010 0.0010 0.0018 0.9962
1397     1397   (0)     14  : 0.0010 0.0020 0.0020 0.9950
1398     1398   (0)     14  : 0.0010 0.0010 0.0020 0.9960
1399     1399   (0)     14  : 0.0010 0.0020 0.0020 0.9950
1400     1400   (0)     14  : 0.0010 0.0020 0.0020 0.9950
1401     1401   (0)     14  : 0.0010 0.0010 0.0010 0.9970
1402     1402   (0)     14  : 0.0020 0.0020 0.0020 0.9940
1403     1403   (0)     14  : 0.0010 0.0010 0.0010 0.9970
1404     1404   (0)     14  : 0.0010 0.0022 0.0020 0.9948
1405     1405   (0)     14  : 0.0020 0.0010 0.0020 0.9950
1406     1406   (0)     14  : 0.0020 0.0048 0.0020 0.9912
1407     1407   (0)     14  : 0.0020 0.0092 0.0020 0.9868
1408     1408   (0)     14  : 0.0010 0.0012 0.0020 0.9958
1409     1409   (0)     14  : 0.0020 0.0018 0.0020 0.9942
1410     1410   (0)     14  : 0.0010 0.0012 0.0020 0.9958
1411     1411   (0)     14  : 0.0010 0.0010 0.0010 0.9970
1412     1412   (0)     14  : 0.0020 0.0020 0.0020 0.9940
1413     1413   (0)     14  : 0.0010 0.0010 0.0020 0.9960
1414     1414   (0)     14  : 0.0010 0.0010 0.0020 0.9960
1415     1415   (0)     14  : 0.0010 0.0020 0.0020 0.9950
1416     1416   (0)     14  : 0.0020 0.0010 0.0010 0.9960
1417     1417   (0)     14  : 0.0030 0.0028 0.0020 0.9922
1418     1418   (0)     14  : 0.0010 0.0010 0.0012 0.9968
1419     1419   (0)     14  : 0.0020 0.0010 0.0014 0.9956
1420     1420   (0)     14  : 0.0030 0.0020 0.0022 0.9928
1421     1421   (0)     14  : 0.0010 0.0010 0.0012 0.9968
1422     1422   (0)     14  : 0.0010 0.0010 0.0010 0.9970
1423     1423   (0)     14  : 0.0020 0.0058 0.0096 0.9826
1424     1424   (0)     14  : 0.0010 0.0020 0.0020 0.9950
1425     1425   (0)     14  : 0.0020 0.0012 0.0020 0.9948
1426     1426   (0)     14  : 0.0010 0.0020 0.0020 0.9950
1427     1427   (0)     14  : 0.0010 0.0020 0.0010 0.9960
1428     1428   (0)     14  : 0.0010 0.0010 0.0020 0.9960
1429     1429   (0)     14  : 0.0010 0.0010 0.0010 0.9970
1430     1430   (0)     14  : 0.0010 0.0018 0.0010 0.9962
1431     1431   (0)     14  : 0.0010 0.0012 0.0010 0.9968
1432     1432   (0)     14  : 0.0020 0.0012 0.0020 0.9948
1433     1433   (0)     14  : 0.0030 0.0042 0.0030 0.9898
1434     1434   (0)     14  : 0.0010 0.0028 0.0020 0.9942
1435     1435   (0)     14  : 0.0010 0.0010 0.0010 0.9970
1436     1436   (0)     14  : 0.0020 0.0020 0.0020 0.9940
1437     1437   (0)     14  : 0.0020 0.0018 0.0020 0.9942
1438     1438   (0)     14  : 0.0010 0.0010 0.0020 0.9960
1439     1439   (0)     14  : 0.0048 0.0050 0.0048 0.9854
1440     1440   (0)     14  : 0.0020 0.0020 0.0020 0.9940
1441     1441   (0)     14  : 0.0010 0.0010 0.0010 0.9970
1442     1442   (0)     14  : 0.0010 0.0012 0.0020 0.9958
1443     1443   (0)     14  : 0.0020 0.0020 0.0040 0.9920
1444     1444   (0)     14  : 0.0010 0.0018 0.0020 0.9952
1445     1445   (0)     14  : 0.0010 0.0028 0.0010 0.9952
1446     1446   (0)     14  : 0.0020 0.0020 0.0020 0.9940
1447     1447   (0)     14  : 0.0010 0.0010 0.0010 0.9970
1448     1448   (0)     14  : 0.0020 0.0082 0.0074 0.9824
1449     1449   (0)     14  : 0.0020 0.0030 0.0028 0.9922
1450     1450   (0)     14  : 0.0020 0.0012 0.0020 0.9948
1451     1451   (0)     14  : 0.0010 0.0010 0.0020 0.9960
1452     1452   (0)     14  : 0.0010 0.0010 0.0020 0.9960
1453     1453   (0)     14  : 0.0010 0.0010 0.0010 0.9970
1454     1454   (0)     14  : 0.0010 0.0012 0.0020 0.9958
1455     1455   (0)     14  : 0.0020 0.0030 0.0028 0.9922
1456     1456   (0)     14  : 0.0010 0.0010 0.0020 0.9960
1457     1457   (0)     14  : 0.0100 0.0010 0.0020 0.9870
1458     1458   (0)     14  : 0.0020 0.0010 0.0020 0.9950
1459     1459   (0)     14  : 0.0020 0.0020 0.0030 0.9930
1460     1460   (0)     14  : 0.0010 0.0010 0.0020 0.9960
1461     1461   (0)     14  : 0.0020 0.0012 0.0032 0.9936
1462     1462   (0)     14  : 0.0010 0.0010 0.0010 0.9970
1463     1463   (0)     14  : 0.0010 0.0010 0.0020 0.9960
1464     1464   (0)     14  : 0.0020 0.0044 0.0022 0.9914
1465     1465   (0)     14  : 0.0020 0.0022 0.0038 0.9920
1466     1466   (0)     14  : 0.0010 0.0010 0.0010 0.9970
1467     1467   (0)     14  : 0.0020 0.0012 0.0020 0.9948
1468     1468   (0)     14  : 0.0010 0.0012 0.0034 0.9944
1469     1469   (0)     14  : 0.0030 0.0014 0.0090 0.9866
1470     1470   (0)     14  : 0.0010 0.0020 0.0020 0.9950
1471     1471   (0)     14  : 0.0020 0.0012 0.0020 0.9948
1472     1472   (0)     14  : 0.0010 0.0020 0.0030 0.9940
1473     1473   (0)     14  : 0.0010 0.0012 0.0020 0.9958
1474     1474   (0)     14  : 0.0010 0.0010 0.0010 0.9970
1475     1475   (0)     14  : 0.0010 0.0020 0.0020 0.9950
1476     1476   (5)     15  : 0.0012 0.9946 0.0020 0.0022
1477     1477   (0)     15  : 0.0010 0.9950 0.0020 0.0020
1478     1478   (0)     15  : 0.0020 0.9924 0.0028 0.0028
1479     1479   (0)     15  : 0.0012 0.9958 0.0020 0.0010
1480     1480   (5)     15  : 0.0022 0.9912 0.0048 0.0018
1481     1481   (0)     15  : 0.0012 0.9964 0.0012 0.0012
1482     1482   (0)     15  : 0.0034 0.9934 0.0012 0.0020
1483     1483   (0)     15  : 0.0012 0.9956 0.0020 0.0012
1484     1484   (0)     15  : 0.0020 0.9940 0.0020 0.0020
1485     1485   (0)     15  : 0.0022 0.9948 0.0010 0.0020
1486     1486   (0)     15  : 0.0012 0.9958 0.0020 0.0010
1487     1487   (0)     15  : 0.0012 0.9956 0.0020 0.0012
1488     1488   (5)     15  : 0.0024 0.9932 0.0030 0.0014
1489     1489   (0)     15  : 0.0012 0.9958 0.0010 0.0020
1490     1490   (0)     15  : 0.0020 0.9948 0.0020 0.0012
1491     1491   (0)     15  : 0.0010 0.9970 0.0010 0.0010
1492     1492   (0)     15  : 0.0022 0.9930 0.0038 0.0010
1493     1493   (0)     15  : 0.0010 0.9952 0.0018 0.0020
1494     1494   (0)     15  : 0.0020 0.9920 0.0020 0.0040
1495     1495   (0)     15  : 0.0022 0.9838 0.0112 0.0028
1496     1496   (0)     15  : 0.0020 0.9950 0.0020 0.0010
1497     1497   (0)     15  : 0.0010 0.9950 0.0020 0.0020
1498     1498   (0)     15  : 0.0020 0.9886 0.0048 0.0046
1499     1499   (0)     15  : 0.0042 0.9910 0.0028 0.0020
1500     1500   (0)     15  : 0.0012 0.9956 0.0012 0.0020
1501     1501   (0)     15  : 0.0020 0.9900 0.0036 0.0044
1502     1502   (0)     15  : 0.0012 0.9952 0.0020 0.0016
1503     1503   (0)     16  : 0.0012 0.9958 0.0020 0.0010
1504     1504   (0)     16  : 0.0010 0.9960 0.0020 0.0010
1505     1505   (0)     16  : 0.0010 0.9960 0.0020 0.0010
1506     1506   (0)     16  : 0.0010 0.9950 0.0020 0.0020
1507     1507   (0)     16  : 0.0012 0.9964 0.0012 0.0012
1508     1508   (0)     16  : 0.0020 0.9940 0.0020 0.0020
1509     1509   (0)     16  : 0.0020 0.9938 0.0020 0.0022
1510     1510   (0)     16  : 0.0014 0.9956 0.0020 0.0010
1511     1511   (0)     16  : 0.0022 0.9918 0.0028 0.0032
1512     1512   (0)     16  : 0.0032 0.9902 0.0046 0.0020
1513     1513   (0)     16  : 0.0010 0.9942 0.0028 0.0020
1514     1514   (0)     16  : 0.0020 0.9958 0.0010 0.0012
1515     1515   (0)     16  : 0.0012 0.9958 0.0020 0.0010
1516     1516   (0)     16  : 0.0020 0.9940 0.0020 0.0020
1517     1517   (0)     16  : 0.0020 0.9924 0.0020 0.0036
1518     1518   (0)     16  : 0.0010 0.9968 0.0012 0.0010
1519     1519   (0)     16  : 0.0010 0.9960 0.0020 0.0010
1520     1520   (0)     16  : 0.0012 0.9956 0.0020 0.0012
1521     1521   (0)     16  : 0.0012 0.9948 0.0020 0.0020
1522     1522   (0)     16  : 0.0012 0.9948 0.0020 0.0020
1523     1523   (0)     16  : 0.0020 0.9948 0.0020 0.0012
1524     1524   (0)     16  : 0.0020 0.9940 0.0020 0.0020
1525     1525   (0)     16  : 0.0012 0.9958 0.0020 0.0010
1526     1526   (0)     16  : 0.0010 0.9936 0.0028 0.0026
1527     1527   (0)     16  : 0.0030 0.9930 0.0020 0.0020
1528     1528   (0)     16  : 0.0020 0.9930 0.0030 0.0020
1529     1529   (0)     16  : 0.0010 0.9950 0.0020 0.0020
1530     1530   (0)     16  : 0.0022 0.9938 0.0020 0.0020
1531     1531   (0)     16  : 0.0022 0.9930 0.0028 0.0020
1532     1532   (0)     16  : 0.0014 0.9964 0.0012 0.0010
1533     1533   (0)     16  : 0.0022 0.9948 0.0020 0.0010
1534     1534   (0)     16  : 0.0020 0.9940 0.0020 0.0020
1535     1535   (0)     16  : 0.0020 0.9940 0.0020 0.0020
1536     1536   (0)     16  : 0.0020 0.9932 0.0028 0.0020
1537     1537   (0)     16  : 0.0012 0.9942 0.0028 0.0018
1538     1538   (0)     16  : 0.0012 0.9948 0.0020 0.0020
1539     1539   (0)     16  : 0.0020 0.9932 0.0020 0.0028
1540     1540   (0)     16  : 0.0030 0.9940 0.0020 0.0010
1541     1541   (0)     16  : 0.0020 0.9932 0.0020 0.0028
1542     1542   (0)     16  : 0.0028 0.9884 0.0078 0.0010
1543     1543   (0)     16  : 0.0020 0.9940 0.0020 0.0020
1544     1544   (0)     16  : 0.0010 0.9950 0.0020 0.0020
1545     1545   (0)     16  : 0.0020 0.9948 0.0012 0.0020
1546     1546   (0)     16  : 0.0022 0.9930 0.0028 0.0020
1547     1547   (0)     16  : 0.0020 0.9950 0.0020 0.0010
1548     1548   (0)     16  : 0.0026 0.9952 0.0010 0.0012
1549     1549   (0)     16  : 0.0010 0.9960 0.0020 0.0010
1550     1550   (0)     16  : 0.0034 0.9936 0.0020 0.0010
1551     1551   (0)     16  : 0.0020 0.9948 0.0020 0.0012
1552     1552   (0)     16  : 0.0012 0.9940 0.0028 0.0020
1553     1553   (0)     16  : 0.0020 0.9950 0.0020 0.0010
1554     1554   (0)     16  : 0.0012 0.9948 0.0020 0.0020
1555     1555   (0)     16  : 0.0010 0.9950 0.0020 0.0020
1556     1556   (0)     16  : 0.0012 0.9946 0.0020 0.0022
1557     1557   (0)     16  : 0.0022 0.9946 0.0020 0.0012
1558     1558   (0)     16  : 0.0010 0.9942 0.0020 0.0028
1559     1559   (0)     16  : 0.0010 0.9952 0.0020 0.0018
1560     1560   (0)     16  : 0.0026 0.9950 0.0012 0.0012
1561     1561   (0)     16  : 0.0020 0.9850 0.0046 0.0084
1562     1562   (0)     16  : 0.0012 0.9968 0.0010 0.0010
1563     1563   (0)     16  : 0.0032 0.9888 0.0042 0.0038
1564     1564   (0)     16  : 0.0022 0.9938 0.0020 0.0020
1565     1565   (0)     16  : 0.0012 0.9948 0.0030 0.0010
1566     1566   (0)     16  : 0.0044 0.9934 0.0012 0.0010
1567     1567   (0)     16  : 0.0012 0.9948 0.0020 0.0020
1568     1568   (0)     16  : 0.0020 0.9914 0.0046 0.0020
1569     1569   (0)     16  : 0.0012 0.9958 0.0020 0.0010
1570     1570   (0)     16  : 0.0022 0.9938 0.0020 0.0020
1571     1571   (0)     16  : 0.0032 0.9886 0.0030 0.0052
1572     1572   (0)     16  : 0.0010 0.9930 0.0030 0.0030
1573     1573   (0)     16  : 0.0010 0.9952 0.0028 0.0010
1574     1574   (0)     16  : 0.0044 0.9916 0.0020 0.0020
1575     1575   (0)     16  : 0.0022 0.9956 0.0012 0.0010
1576     1576   (0)     16  : 0.0010 0.9924 0.0046 0.0020
1577     1577   (0)     16  : 0.0010 0.9960 0.0020 0.0010
1578     1578   (0)     16  : 0.0010 0.9970 0.0010 0.0010
1579     1579   (0)     16  : 0.0012 0.9922 0.0028 0.0038
1580     1580   (0)     16  : 0.0010 0.9950 0.0020 0.0020
1581     1581   (0)     16  : 0.0010 0.9962 0.0018 0.0010
1582     1582   (0)     16  : 0.0022 0.9948 0.0020 0.0010
1583     1583   (0)     16  : 0.0010 0.9942 0.0028 0.0020
1584     1584   (0)     16  : 0.0010 0.9956 0.0020 0.0014
1585     1585   (0)     16  : 0.0010 0.9950 0.0020 0.0020
1586     1586   (0)     16  : 0.0020 0.9950 0.0020 0.0010
1587     1587   (0)     16  : 0.0012 0.9938 0.0020 0.0030
1588     1588   (0)     16  : 0.0012 0.9946 0.0020 0.0022
1589     1589   (0)     16  : 0.0012 0.9964 0.0012 0.0012
1590     1590   (0)     16  : 0.0010 0.9968 0.0012 0.0010
1591     1591   (0)     16  : 0.0012 0.9958 0.0010 0.0020
1592     1592   (0)     16  : 0.0020 0.9924 0.0028 0.0028
1593     1593   (0)     16  : 0.0030 0.9886 0.0038 0.0046
1594     1594   (0)     16  : 0.0012 0.9964 0.0012 0.0012
1595     1595   (0)     16  : 0.0012 0.9966 0.0012 0.0010
1596     1596   (0)     16  : 0.0020 0.9904 0.0038 0.0038
1597     1597   (0)     16  : 0.0010 0.9960 0.0020 0.0010
1598     1598   (0)     16  : 0.0020 0.9940 0.0020 0.0020
1599     1599   (0)     16  : 0.0040 0.9810 0.0020 0.0130
1600     1600   (0)     16  : 0.0040 0.9900 0.0030 0.0030
1601     1601   (0)     16  : 0.0012 0.9946 0.0020 0.0022
1602     1602   (0)     16  : 0.0010 0.9966 0.0012 0.0012
1603     1603   (0)     16  : 0.0012 0.9948 0.0020 0.0020
1604     1604   (0)     16  : 0.0020 0.9940 0.0020 0.0020
1605     1605   (0)     16  : 0.0012 0.9956 0.0012 0.0020
1606     1606   (0)     16  : 0.0034 0.9908 0.0038 0.0020
1607     1607   (0)     16  : 0.0020 0.9946 0.0020 0.0014
1608     1608   (0)     16  : 0.0012 0.9958 0.0020 0.0010
1609     1609   (0)     16  : 0.0030 0.9930 0.0020 0.0020
1610     1610   (0)     16  : 0.0020 0.9950 0.0020 0.0010
1611     1611   (0)     16  : 0.0020 0.9932 0.0028 0.0020
1612     1612   (0)     16  : 0.0020 0.9848 0.0032 0.0100
1613     1613   (0)     16  : 0.0020 0.9914 0.0046 0.0020
1614     1614   (0)     16  : 0.0020 0.9940 0.0020 0.0020
1615     1615   (0)     16  : 0.0020 0.9944 0.0020 0.0016
1616     1616   (0)     16  : 0.0038 0.9860 0.0038 0.0064
1617     1617   (0)     16  : 0.0020 0.9932 0.0028 0.0020
1618     1618   (0)     16  : 0.0022 0.9928 0.0030 0.0020
1619     1619   (0)     16  : 0.0012 0.9956 0.0012 0.0020
1620     1620   (0)     16  : 0.0020 0.9912 0.0030 0.0038
1621     1621   (0)     16  : 0.0010 0.9934 0.0028 0.0028
1622     1622   (0)     16  : 0.0032 0.9930 0.0020 0.0018
1623     1623   (0)     16  : 0.0020 0.9948 0.0022 0.0010
1624     1624   (0)     16  : 0.0020 0.9932 0.0028 0.0020
1625     1625   (0)     16  : 0.0012 0.9956 0.0020 0.0012
1626     1626   (0)     16  : 0.0010 0.9958 0.0012 0.0020
1627     1627   (0)     16  : 0.0020 0.9926 0.0036 0.0018
1628     1628   (0)     16  : 0.0010 0.9960 0.0020 0.0010
1629     1629   (0)     16  : 0.0020 0.9886 0.0038 0.0056
1630     1630   (0)     16  : 0.0020 0.9950 0.0020 0.0010
1631     1631   (0)     16  : 0.0020 0.9910 0.0020 0.0050
1632     1632   (0)     16  : 0.0010 0.9950 0.0020 0.0020
1633     1633   (0)     16  : 0.0020 0.9960 0.0010 0.0010
1634     1634   (0)     16  : 0.0012 0.9960 0.0018 0.0010
1635     1635   (0)     16  : 0.0020 0.9940 0.0020 0.0020
1636     1636   (0)     16  : 0.0022 0.9956 0.0012 0.0010
1637     1637   (0)     16  : 0.0022 0.9938 0.0020 0.0020
1638     1638   (0)     16  : 0.0012 0.9958 0.0020 0.0010
1639     1639   (0)     16  : 0.0032 0.9928 0.0020 0.0020
1640     1640   (0)     16  : 0.0020 0.9950 0.0020 0.0010
1641     1641   (0)     16  : 0.0022 0.9938 0.0020 0.0020
1642     1642   (0)     16  : 0.0020 0.9932 0.0028 0.0020
1643     1643   (0)     16  : 0.0020 0.9852 0.0072 0.0056
1644     1644   (0)     16  : 0.0020 0.9950 0.0020 0.0010
1645     1645   (0)     16  : 0.0012 0.9930 0.0030 0.0028
1646     1646   (0)     16  : 0.0012 0.9948 0.0020 0.0020
1647     1647   (0)     16  : 0.0020 0.9940 0.0020 0.0020
1648     1648   (0)     16  : 0.0020 0.9870 0.0028 0.0082
1649     1649   (0)     16  : 0.0020 0.9950 0.0020 0.0010
1650     1650   (0)     16  : 0.0022 0.9944 0.0022 0.0012
1651     1651   (0)     16  : 0.0020 0.9948 0.0020 0.0012
1652     1652   (0)     16  : 0.0020 0.9950 0.0020 0.0010
1653     1653   (0)     16  : 0.0018 0.9934 0.0028 0.0020
1654     1654   (0)     16  : 0.0022 0.9936 0.0020 0.0022
1655     1655   (0)     16  : 0.0020 0.9932 0.0028 0.0020
1656     1656   (0)     16  : 0.0020 0.9950 0.0020 0.0010
1657     1657   (0)     16  : 0.0020 0.9930 0.0020 0.0030
1658     1658   (0)     16  : 0.0010 0.9960 0.0020 0.0010
1659     1659   (0)     16  : 0.0012 0.9966 0.0012 0.0010
1660     1660   (0)     16  : 0.0022 0.9912 0.0028 0.0038
1661     1661   (0)     16  : 0.0020 0.9942 0.0028 0.0010
1662     1662   (0)     16  : 0.0028 0.9862 0.0090 0.0020
1663     1663   (0)     16  : 0.0010 0.9968 0.0012 0.0010
1664     1664   (0)     16  : 0.0020 0.9940 0.0020 0.0020
1665     1665   (0)     16  : 0.0020 0.9940 0.0020 0.0020
1666     1666   (0)     16  : 0.0012 0.9964 0.0012 0.0012
1667     1667   (0)     16  : 0.0010 0.9942 0.0028 0.0020
1668     1668   (0)     16  : 0.0022 0.9948 0.0020 0.0010
1669     1669   (0)     16  : 0.0032 0.9938 0.0020 0.0010
1670     1670   (0)     16  : 0.0012 0.9958 0.0020 0.0010
1671     1671   (0)     16  : 0.0012 0.9948 0.0020 0.0020
1672     1672   (0)     16  : 0.0028 0.9782 0.0088 0.0102
1673     1673   (0)     16  : 0.0010 0.9942 0.0028 0.0020
1674     1674   (0)     16  : 0.0010 0.9950 0.0020 0.0020
1675     1675   (0)     16  : 0.0022 0.9930 0.0020 0.0028
1676     1676   (0)     16  : 0.0032 0.9928 0.0020 0.0020
1677     1677   (0)     16  : 0.0012 0.9958 0.0020 0.0010
1678     1678   (0)     16  : 0.0010 0.9960 0.0018 0.0012
1679     1679   (0)     16  : 0.0012 0.9968 0.0010 0.0010
1680     1680   (0)     16  : 0.0012 0.9936 0.0020 0.0032
1681     1681   (0)     16  : 0.0020 0.9950 0.0020 0.0010
1682     1682   (0)     16  : 0.0012 0.9956 0.0012 0.0020
1683     1683   (0)     16  : 0.0012 0.9956 0.0012 0.0020
1684     1684   (0)     16  : 0.0010 0.9956 0.0014 0.0020
1685     1685   (0)     16  : 0.0012 0.9956 0.0012 0.0020
1686     1686   (0)     16  : 0.0012 0.9920 0.0048 0.0020
1687     1687   (0)     16  : 0.0010 0.9954 0.0018 0.0018
1688     1688   (0)     16  : 0.0012 0.9956 0.0020 0.0012
1689     1689   (0)     16  : 0.0020 0.9950 0.0020 0.0010
1690     1690   (0)     16  : 0.0010 0.9950 0.0020 0.0020
1691     1691   (0)     16  : 0.0012 0.9958 0.0020 0.0010
1692     1692   (0)     16  : 0.0024 0.9936 0.0020 0.0020
1693     1693   (0)     16  : 0.0010 0.9960 0.0020 0.0010
1694     1694   (0)     16  : 0.0020 0.9930 0.0020 0.0030
1695     1695   (0)     16  : 0.0018 0.9940 0.0020 0.0022
1696     1696   (0)     16  : 0.0012 0.9948 0.0020 0.0020
1697     1697   (0)     16  : 0.0010 0.9966 0.0012 0.0012
1698     1698   (0)     16  : 0.0030 0.9940 0.0020 0.0010
1699     1699   (0)     16  : 0.0020 0.9930 0.0030 0.0020
1700     1700   (0)     16  : 0.0034 0.9936 0.0020 0.0010
1701     1701   (0)     16  : 0.0020 0.9922 0.0020 0.0038
1702     1702   (0)     16  : 0.0024 0.9956 0.0010 0.0010
1703     1703   (0)     16  : 0.0020 0.9914 0.0038 0.0028
1704     1704   (0)     16  : 0.0010 0.9934 0.0036 0.0020
1705     1705   (0)     16  : 0.0030 0.9896 0.0046 0.0028
1706     1706   (0)     16  : 0.0010 0.9950 0.0020 0.0020
1707     1707   (0)     16  : 0.0032 0.9910 0.0038 0.0020
1708     1708   (0)     16  : 0.0020 0.9940 0.0020 0.0020
1709     1709   (0)     16  : 0.0020 0.9922 0.0030 0.0028
1710     1710   (0)     16  : 0.0020 0.9908 0.0038 0.0034
1711     1711   (0)     16  : 0.0022 0.9928 0.0030 0.0020
1712     1712   (0)     16  : 0.0022 0.9938 0.0020 0.0020
1713     1713   (0)     16  : 0.0020 0.9930 0.0030 0.0020
1714     1714   (0)     16  : 0.0020 0.9948 0.0020 0.0012
1715     1715   (0)     16  : 0.0010 0.9934 0.0028 0.0028
1716     1716   (0)     16  : 0.0010 0.9960 0.0010 0.0020
1717     1717   (0)     16  : 0.0020 0.9948 0.0012 0.0020
1718     1718   (0)     16  : 0.0010 0.9956 0.0020 0.0014
1719     1719   (0)     16  : 0.0022 0.9922 0.0020 0.0036
1720     1720   (0)     16  : 0.0038 0.9932 0.0020 0.0010
1721     1721   (0)     16  : 0.0020 0.9940 0.0020 0.0020
1722     1722   (0)     16  : 0.0012 0.9946 0.0022 0.0020
1723     1723   (0)     16  : 0.0036 0.9932 0.0020 0.0012
1724     1724   (0)     16  : 0.0020 0.9950 0.0020 0.0010
1725     1725   (0)     16  : 0.0010 0.9960 0.0020 0.0010
1726     1726   (0)     16  : 0.0030 0.9930 0.0020 0.0020
1727     1727   (0)     16  : 0.0020 0.9934 0.0028 0.0018
1728     1728   (0)     16  : 0.0022 0.9950 0.0018 0.0010
1729     1729   (0)     16  : 0.0010 0.9932 0.0020 0.0038
1730     1730   (0)     16  : 0.0020 0.9960 0.0010 0.0010
1731     1731   (0)     16  : 0.0010 0.9960 0.0020 0.0010
1732     1732   (0)     16  : 0.0010 0.9966 0.0012 0.0012
1733     1733   (0)     16  : 0.0030 0.9924 0.0026 0.0020
1734     1734   (0)     16  : 0.0010 0.9968 0.0012 0.0010
1735     1735   (0)     16  : 0.0022 0.9940 0.0028 0.0010
1736     1736   (0)     16  : 0.0020 0.9930 0.0020 0.0030
1737     1737   (0)     16  : 0.0012 0.9964 0.0012 0.0012
1738     1738   (0)     16  : 0.0022 0.9948 0.0020 0.0010
1739     1739   (0)     16  : 0.0024 0.9944 0.0012 0.0020
1740     1740   (0)     16  : 0.0012 0.9940 0.0028 0.0020
1741     1741   (0)     16  : 0.0022 0.9920 0.0028 0.0030
1742     1742   (0)     16  : 0.0148 0.9722 0.0050 0.0080
1743     1743   (0)     16  : 0.0010 0.9968 0.0012 0.0010
1744     1744   (0)     16  : 0.0020 0.9894 0.0066 0.0020
1745     1745   (0)     16  : 0.0018 0.9950 0.0022 0.0010
1746     1746   (0)     16  : 0.0012 0.9948 0.0020 0.0020
1747     1747   (0)     16  : 0.0020 0.9950 0.0020 0.0010
1748     1748   (0)     16  : 0.0020 0.9948 0.0020 0.0012
1749     1749   (0)     16  : 0.0010 0.9940 0.0020 0.0030
1750     1750   (0)     16  : 0.0010 0.9942 0.0028 0.0020
1751     1751   (0)     16  : 0.0012 0.9964 0.0012 0.0012
1752     1752   (0)     16  : 0.0010 0.9960 0.0020 0.0010
1753     1753   (0)     16  : 0.0022 0.9926 0.0020 0.0032
1754     1754   (0)     16  : 0.0010 0.9968 0.0012 0.0010
1755     1755   (0)     16  : 0.0022 0.9948 0.0020 0.0010
1756     1756   (0)     16  : 0.0010 0.9952 0.0020 0.0018
1757     1757   (0)     16  : 0.0020 0.9940 0.0020 0.0020
1758     1758   (0)     16  : 0.0012 0.9958 0.0020 0.0010
1759     1759   (0)     16  : 0.0022 0.9958 0.0010 0.0010
1760     1760   (0)     16  : 0.0010 0.9950 0.0020 0.0020
1761     1761   (0)     16  : 0.0012 0.9940 0.0020 0.0028
1762     1762   (0)     16  : 0.0012 0.9950 0.0020 0.0018
1763     1763   (0)     16  : 0.0020 0.9940 0.0020 0.0020
1764     1764   (0)     16  : 0.0022 0.9948 0.0020 0.0010
1765     1765   (0)     16  : 0.0012 0.9958 0.0010 0.0020
1766     1766   (0)     16  : 0.0020 0.9940 0.0020 0.0020
1767     1767   (0)     16  : 0.0012 0.9958 0.0020 0.0010
1768     1768   (0)     16  : 0.0032 0.9924 0.0022 0.0022
1769     1769   (0)     16  : 0.0020 0.9938 0.0022 0.0020
1770     1770   (0)     16  : 0.0022 0.9938 0.0020 0.0020
1771     1771   (0)     16  : 0.0012 0.9968 0.0010 0.0010
1772     1772   (0)     16  : 0.0020 0.9948 0.0020 0.0012
1773     1773   (0)     16  : 0.0012 0.9968 0.0010 0.0010
1774     1774   (0)     16  : 0.0012 0.9948 0.0020 0.0020
1775     1775   (0)     16  : 0.0010 0.9932 0.0030 0.0028
1776     1776   (0)     16  : 0.0020 0.9920 0.0030 0.0030
1777     1777   (0)     16  : 0.0022 0.9936 0.0022 0.0020
1778     1778   (0)     16  : 0.0022 0.9938 0.0020 0.0020
1779     1779   (0)     16  : 0.0020 0.9928 0.0028 0.0024
1780     1780   (0)     16  : 0.0024 0.9924 0.0020 0.0032
1781     1781   (0)     16  : 0.0012 0.9966 0.0012 0.0010
1782     1782   (0)     16  : 0.0012 0.9948 0.0020 0.0020
1783     1783   (0)     16  : 0.0020 0.9932 0.0028 0.0020
1784     1784   (0)     16  : 0.0020 0.9940 0.0020 0.0020
1785     1785   (0)     16  : 0.0020 0.9946 0.0020 0.0014
1786     1786   (0)     16  : 0.0020 0.9960 0.0010 0.0010
1787     1787   (0)     16  : 0.0016 0.9962 0.0010 0.0012
1788     1788   (0)     16  : 0.0020 0.9916 0.0036 0.0028
1789     1789   (0)     16  : 0.0010 0.9970 0.0010 0.0010
1790     1790   (0)     16  : 0.0020 0.9940 0.0020 0.0020
1791     1791   (0)     16  : 0.0012 0.9950 0.0020 0.0018
1792     1792   (0)     16  : 0.0040 0.9910 0.0030 0.0020
1793     1793   (0)     16  : 0.0020 0.9948 0.0022 0.0010
1794     1794   (0)     16  : 0.0020 0.9950 0.0020 0.0010
1795     1795   (0)     16  : 0.0020 0.9940 0.0028 0.0012
1796     1796   (0)     16  : 0.0020 0.9930 0.0020 0.0030
1797     1797   (0)     16  : 0.0020 0.9922 0.0028 0.0030
1798     1798   (0)     16  : 0.0010 0.9942 0.0028 0.0020
1799     1799   (0)     16  : 0.0026 0.9924 0.0020 0.0030
1800     1800   (0)     16  : 0.0012 0.9950 0.0020 0.0018
1801     1801   (0)     16  : 0.0020 0.9892 0.0060 0.0028
1802     1802   (0)     16  : 0.0022 0.9912 0.0028 0.0038
1803     1803   (0)     17  : 0.0020 0.2006 0.7954 0.0020
1804     1804   (0)     17  : 0.0020 0.2006 0.7914 0.0060
1805     1805   (0)     17  : 0.0022 0.1944 0.8004 0.0030
1806     1806   (0)     17  : 0.0022 0.1968 0.7990 0.0020
1807     1807   (0)     17  : 0.0036 0.1932 0.7998 0.0034
1808     1808   (0)     17  : 0.0030 0.2118 0.7728 0.0124
1809     1809   (0)     17  : 0.0040 0.1944 0.7982 0.0034
1810     1810   (0)     17  : 0.0010 0.1942 0.8024 0.0024
1811     1811   (0)     17  : 0.0012 0.1954 0.8008 0.0026
1812     1812   (0)     17  : 0.0010 0.1960 0.7932 0.0098
1813     1813   (0)     17  : 0.0010 0.2012 0.7956 0.0022
1814     1814   (0)     17  : 0.0020 0.2004 0.7956 0.0020
1815     1815   (0)     17  : 0.0020 0.2002 0.7938 0.0040
1816     1816   (0)     17  : 0.0020 0.2030 0.7896 0.0054
1817     1817   (0)     17  : 0.0020 0.2014 0.7938 0.0028
1818     1818   (0)     17  : 0.0018 0.2048 0.7864 0.0070
1819     1819   (0)     17  : 0.0126 0.2886 0.6962 0.0026
1820     1820   (0)     17  : 0.0074 0.2038 0.7834 0.0054
1821     1821   (0)     17  : 0.0042 0.1808 0.7920 0.0230
1822     1822   (0)     17  : 0.0020 0.2036 0.7924 0.0020
1823     1823   (0)     17  : 0.0032 0.2058 0.7762 0.0148
1824     1824   (0)     17  : 0.0034 0.2020 0.7780 0.0166
1825     1825   (5)     17  : 0.0020 0.2002 0.7898 0.0080
1826     1826   (0)     17  : 0.0028 0.2090 0.7862 0.0020
1827     1827   (0)     17  : 0.0054 0.2402 0.7462 0.0082
1828     1828   (0)     17  : 0.0022 0.1974 0.7982 0.0022
1829     1829   (0)     17  : 0.0020 0.2000 0.7710 0.0270
1830     1830   (0)     17  : 0.0032 0.2080 0.7846 0.0042
1831     1831   (0)     17  : 0.0020 0.1828 0.7614 0.0538
1832     1832   (0)     17  : 0.0018 0.2038 0.7934 0.0010
1833     1833   (5)     17  : 0.0020 0.2020 0.7938 0.0022
1834     1834   (0)     17  : 0.0018 0.2298 0.7646 0.0038
1835     1835   (0)     17  : 0.0042 0.1780 0.8076 0.0102
1836     1836   (0)     17  : 0.0020 0.2026 0.7936 0.0018
1837     1837   (0)     17  : 0.0032 0.1902 0.7662 0.0404
1838     1838   (0)     17  : 0.0024 0.1776 0.8176 0.0024
1839     1839   (5)     17  : 0.0044 0.1582 0.8334 0.0040
1840     1840   (5)     17  : 0.0058 0.2158 0.7602 0.0182
1841     1841   (5)     17  : 0.0036 0.2034 0.7888 0.0042
1842     1842   (5)     17  : 0.0058 0.1946 0.7930 0.0066
1843     1843   (0)     18  : 0.0048 0.2020 0.7912 0.0020
1844     1844   (0)     18  : 0.0020 0.2008 0.7936 0.0036
1845     1845   (0)     18  : 0.0020 0.2120 0.7840 0.0020
1846     1846   (0)     18  : 0.0020 0.2010 0.7948 0.0022
1847     1847   (0)     18  : 0.0010 0.1998 0.7884 0.0108
1848     1848   (0)     18  : 0.0028 0.2174 0.7768 0.0030
1849     1849   (0)     18  : 0.0020 0.2006 0.7934 0.0040
1850     1850   (0)     18  : 0.0020 0.2008 0.7932 0.0040
1851     1851   (0)     18  : 0.0012 0.2000 0.7960 0.0028
1852     1852   (0)     18  : 0.0030 0.2022 0.7916 0.0032
1853     1853   (0)     18  : 0.0030 0.1896 0.7990 0.0084
1854     1854   (0)     18  : 0.0072 0.2016 0.7894 0.0018
1855     1855   (0)     18  : 0.0030 0.1982 0.7956 0.0032
1856     1856   (0)     18  : 0.0074 0.2056 0.7740 0.0130
1857     1857   (0)     18  : 0.0022 0.1992 0.7928 0.0058
1858     1858   (0)     18  : 0.0022 0.1688 0.8266 0.0024
1859     1859   (0)     18  : 0.0010 0.2028 0.7934 0.0028
1860     1860   (0)     18  : 0.0038 0.2026 0.7896 0.0040
1861     1861   (0)     18  : 0.0020 0.2006 0.7954 0.0020
1862     1862   (0)     18  : 0.0020 0.1974 0.7956 0.0050
1863     1863   (0)     18  : 0.0034 0.1956 0.7974 0.0036
1864     1864   (0)     18  : 0.0038 0.2014 0.7918 0.0030
1865     1865   (0)     18  : 0.0030 0.2036 0.7854 0.0080
1866     1866   (0)     18  : 0.0020 0.2010 0.7958 0.0012
1867     1867   (0)     18  : 0.0038 0.1972 0.7746 0.0244
1868     1868   (0)     18  : 0.0028 0.3512 0.6440 0.0020
1869     1869   (0)     18  : 0.0028 0.2000 0.7854 0.0118
1870     1870   (0)     18  : 0.0020 0.2018 0.7942 0.0020
1871     1871   (0)     18  : 0.0018 0.2092 0.7820 0.0070
1872     1872   (0)     18  : 0.0070 0.2008 0.7890 0.0032
1873     1873   (0)     18  : 0.0020 0.1996 0.7922 0.0062
1874     1874   (0)     18  : 0.0028 0.2032 0.7888 0.0052
1875     1875   (0)     18  : 0.0010 0.2014 0.7940 0.0036
1876     1876   (0)     18  : 0.0020 0.2140 0.7748 0.0092
1877     1877   (0)     18  : 0.0020 0.2256 0.7680 0.0044
1878     1878   (0)     18  : 0.0046 0.2126 0.7798 0.0030
1879     1879   (0)     18  : 0.0064 0.2014 0.7900 0.0022
1880     1880   (0)     18  : 0.0020 0.1986 0.7960 0.0034
1881     1881   (0)     18  : 0.0020 0.2002 0.7948 0.0030
1882     1882   (0)     18  : 0.0044 0.2014 0.7922 0.0020
1883     1883   (0)     18  : 0.0038 0.2050 0.7790 0.0122
1884     1884   (0)     18  : 0.0036 0.2118 0.7824 0.0022
1885     1885   (0)     18  : 0.0028 0.1996 0.7954 0.0022
1886     1886   (0)     18  : 0.0010 0.2016 0.7952 0.0022
1887     1887   (0)     18  : 0.0020 0.2036 0.7922 0.0022
1888     1888   (0)     18  : 0.0018 0.2044 0.7918 0.0020
1889     1889   (0)     18  : 0.0020 0.1984 0.7920 0.0076
1890     1890   (0)     18  : 0.0028 0.2004 0.7958 0.0010
1891     1891   (0)     18  : 0.0032 0.2008 0.7928 0.0032
1892     1892   (0)     18  : 0.0030 0.1494 0.7814 0.0662
1893     1893   (0)     18  : 0.0034 0.1914 0.8026 0.0026
1894     1894   (0)     18  : 0.0020 0.1396 0.8550 0.0034
1895     1895   (0)     18  : 0.0020 0.1994 0.7894 0.0092
1896     1896   (0)     18  : 0.0020 0.2004 0.7956 0.0020
1897     1897   (0)     18  : 0.0032 0.1962 0.7982 0.0024
1898     1898   (0)     18  : 0.0054 0.2046 0.7798 0.0102
1899     1899   (0)     18  : 0.0020 0.2236 0.7708 0.0036
1900     1900   (0)     18  : 0.0024 0.1962 0.7886 0.0128
1901     1901   (0)     18  : 0.0022 0.2220 0.7738 0.0020
1902     1902   (0)     18  : 0.0018 0.2664 0.7286 0.0032
1903     1903   (0)     18  : 0.0024 0.2030 0.7908 0.0038
1904     1904   (0)     18  : 0.0026 0.2300 0.7558 0.0116
1905     1905   (0)     18  : 0.0046 0.1992 0.7882 0.0080
1906     1906   (0)     18  : 0.0028 0.2050 0.7900 0.0022
1907     1907   (0)     18  : 0.0024 0.1730 0.8212 0.0034
1908     1908   (0)     18  : 0.0030 0.2016 0.7926 0.0028
1909     1909   (0)     18  : 0.0064 0.2202 0.7704 0.0030
1910     1910   (0)     18  : 0.0020 0.1978 0.7918 0.0084
1911     1911   (0)     18  : 0.0012 0.1762 0.8206 0.0020
1912     1912   (0)     18  : 0.0020 0.1942 0.7918 0.0120
1913     1913   (0)     18  : 0.0030 0.2108 0.7796 0.0066
1914     1914   (0)     18  : 0.0020 0.2034 0.7908 0.0038
1915     1915   (0)     18  : 0.0010 0.2830 0.7138 0.0022
1916     1916   (0)     18  : 0.0028 0.2116 0.7828 0.0028
1917     1917   (0)     18  : 0.0020 0.2026 0.7926 0.0028
1918     1918   (0)     18  : 0.0028 0.1990 0.7922 0.0060
1919     1919   (0)     18  : 0.0020 0.2238 0.7720 0.0022
1920     1920   (0)     18  : 0.0020 0.2038 0.7914 0.0028
1921     1921   (0)     18  : 0.0020 0.2050 0.7864 0.0066
1922     1922   (0)     18  : 0.0040 0.1648 0.7984 0.0328
1923     1923   (0)     18  : 0.0018 0.2312 0.7592 0.0078
1924     1924   (0)     18  : 0.0036 0.2000 0.7932 0.0032
1925     1925   (0)     18  : 0.0020 0.1922 0.8024 0.0034
1926     1926   (0)     18  : 0.0012 0.1938 0.7982 0.0068
1927     1927   (0)     18  : 0.0030 0.2120 0.7806 0.0044
1928     1928   (0)     18  : 0.0020 0.2450 0.7488 0.0042
1929     1929   (0)     18  : 0.0028 0.2032 0.7920 0.0020
1930     1930   (0)     18  : 0.0038 0.2020 0.7888 0.0054
1931     1931   (0)     18  : 0.0020 0.1994 0.7952 0.0034
1932     1932   (0)     18  : 0.0044 0.1740 0.6703 0.1513
1933     1933   (0)     18  : 0.0028 0.3478 0.6454 0.0040
1934     1934   (0)     18  : 0.0018 0.2038 0.7914 0.0030
1935     1935   (0)     18  : 0.0020 0.1994 0.7920 0.0066
1936     1936   (0)     18  : 0.0018 0.2244 0.7718 0.0020
1937     1937   (0)     18  : 0.0020 0.1946 0.8014 0.0020
1938     1938   (0)     18  : 0.0018 0.2016 0.7942 0.0024
1939     1939   (0)     18  : 0.0030 0.2024 0.7876 0.0070
1940     1940   (0)     18  : 0.0028 0.2356 0.7584 0.0032
1941     1941   (0)     18  : 0.0020 0.1774 0.8158 0.0048
1942     1942   (0)     18  : 0.0020 0.2052 0.7878 0.0050
1943     1943   (0)     18  : 0.0022 0.1958 0.7832 0.0188
1944     1944   (0)     18  : 0.0040 0.2038 0.7880 0.0042
1945     1945   (0)     18  : 0.0020 0.2004 0.7954 0.0022
1946     1946   (0)     18  : 0.0020 0.1982 0.7970 0.0028
1947     1947   (0)     18  : 0.0028 0.2572 0.7264 0.0136
1948     1948   (0)     18  : 0.0096 0.1736 0.8146 0.0022
1949     1949   (0)     18  : 0.0030 0.1808 0.7574 0.0588
1950     1950   (0)     18  : 0.0028 0.1970 0.7958 0.0044
1951     1951   (0)     18  : 0.0052 0.1934 0.7968 0.0046
1952     1952   (0)     18  : 0.0032 0.2158 0.7794 0.0016
1953     1953   (0)     18  : 0.0020 0.2020 0.7940 0.0020
1954     1954   (0)     18  : 0.0020 0.2022 0.7938 0.0020
1955     1955   (0)     18  : 0.0020 0.2034 0.7912 0.0034
1956     1956   (0)     18  : 0.0020 0.2032 0.7910 0.0038
1957     1957   (0)     18  : 0.0032 0.1852 0.8012 0.0104
1958     1958   (0)     18  : 0.0042 0.1888 0.7906 0.0164
1959     1959   (0)     18  : 0.0020 0.1966 0.7992 0.0022
1960     1960   (0)     18  : 0.0020 0.2070 0.7866 0.0044
1961     1961   (0)     18  : 0.0020 0.2066 0.7880 0.0034
1962     1962   (0)     18  : 0.0030 0.2016 0.7926 0.0028
1963     1963   (0)     18  : 0.0018 0.2060 0.7862 0.0060
1964     1964   (0)     18  : 0.0028 0.2216 0.7710 0.0046
1965     1965   (0)     18  : 0.0064 0.1984 0.7912 0.0040
1966     1966   (0)     18  : 0.0034 0.1620 0.8170 0.0176
1967     1967   (0)     18  : 0.0040 0.1860 0.8062 0.0038
1968     1968   (0)     18  : 0.0018 0.2006 0.7940 0.0036
1969     1969   (0)     18  : 0.0020 0.1570 0.7944 0.0466
1970     1970   (0)     18  : 0.0068 0.2150 0.7702 0.0080
1971     1971   (0)     18  : 0.0046 0.2018 0.7908 0.0028
1972     1972   (0)     18  : 0.0020 0.1576 0.8358 0.0046
1973     1973   (0)     18  : 0.0018 0.5050 0.4894 0.0038
1974     1974   (0)     18  : 0.0020 0.1974 0.7920 0.0086
1975     1975   (0)     18  : 0.0036 0.1714 0.8220 0.0030
1976     1976   (0)     18  : 0.0032 0.1814 0.8104 0.0050
1977     1977   (0)     18  : 0.0030 0.2006 0.7930 0.0034
1978     1978   (0)     18  : 0.0032 0.2148 0.7792 0.0028
1979     1979   (0)     18  : 0.0028 0.1972 0.7954 0.0046
1980     1980   (0)     18  : 0.0030 0.2430 0.7482 0.0058
1981     1981   (0)     18  : 0.0020 0.1790 0.8148 0.0042
1982     1982   (0)     18  : 0.0020 0.2090 0.7738 0.0152
1983     1983   (0)     18  : 0.0020 0.2498 0.7470 0.0012
1984     1984   (0)     18  : 0.0020 0.2070 0.7880 0.0030
1985     1985   (0)     18  : 0.0022 0.1996 0.7958 0.0024
1986     1986   (0)     18  : 0.0020 0.2024 0.7862 0.0094
1987     1987   (0)     18  : 0.0040 0.1992 0.7934 0.0034
1988     1988   (0)     18  : 0.0078 0.1966 0.7754 0.0202
1989     1989   (0)     18  : 0.0070 0.1924 0.7964 0.0042
1990     1990   (0)     18  : 0.0020 0.2172 0.7760 0.0048
1991     1991   (0)     18  : 0.0030 0.1882 0.7906 0.0182
1992     1992   (0)     18  : 0.0030 0.1950 0.7940 0.0080
1993     1993   (0)     18  : 0.0040 0.2062 0.7878 0.0020
1994     1994   (0)     18  : 0.0018 0.2014 0.7938 0.0030
1995     1995   (0)     18  : 0.0038 0.1980 0.7868 0.0114
1996     1996   (0)     18  : 0.0040 0.1986 0.7954 0.0020
1997     1997   (0)     18  : 0.0020 0.2006 0.7954 0.0020
1998     1998   (0)     18  : 0.0020 0.1916 0.7782 0.0282
1999     1999   (0)     18  : 0.0022 0.2088 0.7862 0.0028
2000     2000   (0)     18  : 0.0086 0.1918 0.7224 0.0772
2001     2001   (0)     18  : 0.0018 0.2546 0.7386 0.0050
2002     2002   (0)     18  : 0.0038 0.2606 0.7324 0.0032
2003     2003   (0)     18  : 0.0020 0.1256 0.8012 0.0712
2004     2004   (0)     18  : 0.0032 0.1850 0.8026 0.0092
2005     2005   (0)     18  : 0.0020 0.2034 0.7934 0.0012
2006     2006   (0)     18  : 0.0010 0.1998 0.7972 0.0020
2007     2007   (0)     18  : 0.0020 0.2112 0.7832 0.0036
2008     2008   (0)     18  : 0.0032 0.1674 0.8208 0.0086
2009     2009   (0)     18  : 0.0028 0.2110 0.7784 0.0078
2010     2010   (0)     18  : 0.0028 0.2118 0.7834 0.0020
2011     2011   (0)     18  : 0.0036 0.2506 0.7418 0.0040
2012     2012   (0)     18  : 0.0050 0.2044 0.7832 0.0074
2013     2013   (0)     18  : 0.0020 0.2014 0.7928 0.0038
2014     2014   (0)     18  : 0.0012 0.1848 0.8114 0.0026
2015     2015   (0)     18  : 0.0028 0.2010 0.7940 0.0022
2016     2016   (0)     18  : 0.0020 0.1980 0.7928 0.0072
2017     2017   (0)     18  : 0.0020 0.1928 0.7892 0.0160
2018     2018   (0)     18  : 0.0020 0.2044 0.7916 0.0020
2019     2019   (0)     18  : 0.0020 0.1990 0.7922 0.0068
2020     2020   (0)     18  : 0.0018 0.2040 0.7920 0.0022
2021     2021   (0)     18  : 0.0022 0.2060 0.7896 0.0022
2022     2022   (0)     18  : 0.0020 0.2246 0.7714 0.0020
2023     2023   (0)     18  : 0.0020 0.1978 0.7976 0.0026
2024     2024   (0)     18  : 0.0020 0.2030 0.7920 0.0030
2025     2025   (0)     18  : 0.0030 0.1876 0.7978 0.0116
2026     2026   (0)     18  : 0.0032 0.1962 0.7894 0.0112
2027     2027   (0)     18  : 0.0012 0.1904 0.8058 0.0026
2028     2028   (0)     18  : 0.0058 0.2072 0.7812 0.0058
2029     2029   (0)     18  : 0.0028 0.2200 0.7732 0.0040
2030     2030   (0)     18  : 0.0020 0.1828 0.8094 0.0058
2031     2031   (0)     18  : 0.0020 0.2052 0.7882 0.0046
2032     2032   (0)     18  : 0.0022 0.1776 0.8078 0.0124
2033     2033   (0)     18  : 0.0022 0.2004 0.7910 0.0064
2034     2034   (0)     18  : 0.0020 0.2100 0.7834 0.0046
2035     2035   (0)     18  : 0.0012 0.1930 0.7914 0.0144
2036     2036   (0)     18  : 0.0020 0.2008 0.7922 0.0050
2037     2037   (0)     18  : 0.0010 0.2038 0.7922 0.0030
2038     2038   (0)     18  : 0.0020 0.1986 0.7974 0.0020
2039     2039   (0)     18  : 0.0108 0.2438 0.7428 0.0026
2040     2040   (0)     18  : 0.0012 0.1948 0.7908 0.0132
2041     2041   (0)     18  : 0.0020 0.2056 0.7904 0.0020
2042     2042   (0)     18  : 0.0056 0.2036 0.7856 0.0052
2043     2043   (0)     18  : 0.0056 0.2374 0.7512 0.0058
2044     2044   (0)     18  : 0.0038 0.1768 0.7618 0.0576
2045     2045   (0)     18  : 0.0028 0.2500 0.7442 0.0030
2046     2046   (0)     18  : 0.0020 0.2018 0.7920 0.0042
2047     2047   (0)     18  : 0.0020 0.1876 0.8048 0.0056
2048     2048   (0)     18  : 0.0030 0.2010 0.7906 0.0054
2049     2049   (0)     18  : 0.0042 0.2012 0.7830 0.0116
2050     2050   (0)     18  : 0.0024 0.1978 0.7972 0.0026
2051     2051   (0)     18  : 0.0038 0.2006 0.7894 0.0062
2052     2052   (0)     18  : 0.0020 0.2002 0.7946 0.0032
2053     2053   (0)     18  : 0.0020 0.2244 0.7700 0.0036
2054     2054   (0)     18  : 0.0074 0.2020 0.7858 0.0048
2055     2055   (0)     18  : 0.0010 0.2090 0.7878 0.0022
2056     2056   (0)     18  : 0.0052 0.1958 0.7958 0.0032
2057     2057   (0)     18  : 0.0056 0.2380 0.7526 0.0038
2058     2058   (0)     18  : 0.0028 0.1722 0.8212 0.0038
2059     2059   (0)     18  : 0.0010 0.2242 0.7738 0.0010
2060     2060   (0)     18  : 0.0030 0.2128 0.7812 0.0030
2061     2061   (0)     18  : 0.0030 0.2012 0.7938 0.0020
2062     2062   (0)     18  : 0.0030 0.2006 0.7922 0.0042
2063     2063   (0)     18  : 0.0020 0.2034 0.7928 0.0018
2064     2064   (0)     18  : 0.0012 0.2128 0.7840 0.0020
2065     2065   (0)     18  : 0.0030 0.2012 0.7928 0.0030
2066     2066   (0)     18  : 0.0020 0.2076 0.7844 0.0060
2067     2067   (0)     18  : 0.0038 0.1934 0.7958 0.0070
2068     2068   (0)     18  : 0.0032 0.1928 0.8018 0.0022
2069     2069   (0)     18  : 0.0020 0.2286 0.7632 0.0062
2070     2070   (0)     18  : 0.0020 0.1956 0.7946 0.0078
2071     2071   (0)     18  : 0.0020 0.2038 0.7920 0.0022
2072     2072   (0)     18  : 0.0018 0.2034 0.7928 0.0020
2073     2073   (0)     18  : 0.0020 0.2016 0.7934 0.0030
2074     2074   (0)     18  : 0.0028 0.2012 0.7940 0.0020
2075     2075   (0)     18  : 0.0020 0.2018 0.7942 0.0020
2076     2076   (0)     18  : 0.0020 0.2014 0.7922 0.0044
2077     2077   (0)     18  : 0.0030 0.1962 0.7958 0.0050
2078     2078   (0)     18  : 0.0010 0.2102 0.7856 0.0032
2079     2079   (0)     18  : 0.0034 0.2642 0.7300 0.0024
2080     2080   (0)     18  : 0.0042 0.1920 0.7696 0.0342
2081     2081   (0)     18  : 0.0020 0.2008 0.7950 0.0022
2082     2082   (0)     18  : 0.0022 0.1998 0.7958 0.0022
2083     2083   (0)     18  : 0.0024 0.0676 0.9256 0.0044
2084     2084   (0)     18  : 0.0020 0.2108 0.7850 0.0022
2085     2085   (0)     18  : 0.0020 0.2018 0.7930 0.0032
2086     2086   (0)     18  : 0.0026 0.1944 0.7990 0.0040
2087     2087   (0)     18  : 0.0040 0.1952 0.7952 0.0056
2088     2088   (0)     18  : 0.0038 0.1958 0.7872 0.0132
2089     2089   (0)     18  : 0.0020 0.1992 0.7968 0.0020
2090     2090   (0)     18  : 0.0032 0.1908 0.8026 0.0034
2091     2091   (0)     18  : 0.0034 0.2008 0.7866 0.0092
2092     2092   (0)     18  : 0.0028 0.1996 0.7956 0.0020
2093     2093   (0)     18  : 0.0040 0.1748 0.7706 0.0506
2094     2094   (0)     18  : 0.0026 0.1904 0.7954 0.0116
2095     2095   (0)     18  : 0.0010 0.2004 0.7954 0.0032
2096     2096   (0)     18  : 0.0020 0.2064 0.7894 0.0022
2097     2097   (0)     18  : 0.0020 0.2026 0.7914 0.0040
2098     2098   (0)     18  : 0.0028 0.2040 0.7898 0.0034
2099     2099   (0)     18  : 0.0020 0.1994 0.7974 0.0012
2100     2100   (0)     18  : 0.0012 0.1982 0.7994 0.0012
2101     2101   (0)     18  : 0.0046 0.1990 0.7888 0.0076
2102     2102   (0)     18  : 0.0040 0.2008 0.7920 0.0032
2103     2103   (0)     18  : 0.0020 0.1990 0.7946 0.0044
2104     2104   (0)     18  : 0.0022 0.2016 0.7942 0.0020
2105     2105   (0)     18  : 0.0020 0.2120 0.7802 0.0058
2106     2106   (0)     18  : 0.0022 0.1954 0.7994 0.0030
2107     2107   (0)     18  : 0.0106 0.1986 0.7878 0.0030
2108     2108   (0)     18  : 0.0064 0.1988 0.7924 0.0024
2109     2109   (0)     18  : 0.0022 0.1974 0.7962 0.0042
2110     2110   (0)     18  : 0.0030 0.1990 0.7862 0.0118
2111     2111   (0)     18  : 0.0048 0.2042 0.7878 0.0032
2112     2112   (0)     18  : 0.0020 0.1612 0.8036 0.0332
2113     2113   (0)     18  : 0.0020 0.2136 0.7814 0.0030
2114     2114   (0)     18  : 0.0036 0.2118 0.7730 0.0116
2115     2115   (0)     18  : 0.0020 0.2016 0.7942 0.0022
2116     2116   (0)     18  : 0.0030 0.2006 0.7862 0.0102
2117     2117   (0)     18  : 0.0020 0.2100 0.7860 0.0020
2118     2118   (0)     18  : 0.0022 0.1964 0.7974 0.0040
2119     2119   (0)     18  : 0.0042 0.2010 0.7906 0.0042
2120     2120   (0)     18  : 0.0028 0.2032 0.7918 0.0022
2121     2121   (0)     18  : 0.0026 0.1680 0.8230 0.0064
2122     2122   (0)     18  : 0.0058 0.1954 0.7870 0.0118
2123     2123   (0)     18  : 0.0020 0.2006 0.7870 0.0104
2124     2124   (0)     18  : 0.0018 0.2002 0.7956 0.0024
2125     2125   (0)     18  : 0.0032 0.2020 0.7894 0.0054
2126     2126   (0)     18  : 0.0026 0.1952 0.8000 0.0022
2127     2127   (0)     18  : 0.0020 0.2152 0.7814 0.0014
2128     2128   (0)     18  : 0.0132 0.1738 0.8062 0.0068
2129     2129   (0)     18  : 0.0022 0.1962 0.7982 0.0034
2130     2130   (0)     18  : 0.0010 0.1986 0.7974 0.0030
2131     2131   (0)     18  : 0.0020 0.2036 0.7864 0.0080
2132     2132   (0)     18  : 0.0022 0.1972 0.7984 0.0022
2133     2133   (0)     18  : 0.0044 0.2052 0.7806 0.0098
2134     2134   (0)     18  : 0.0022 0.1988 0.7966 0.0024
2135     2135   (0)     18  : 0.0020 0.1852 0.8100 0.0028
2136     2136   (0)     18  : 0.0040 0.1992 0.7918 0.0050
2137     2137   (0)     18  : 0.0032 0.1888 0.8052 0.0028
2138     2138   (0)     18  : 0.0036 0.2066 0.7836 0.0062
2139     2139   (0)     18  : 0.0028 0.2032 0.7766 0.0174
2140     2140   (0)     18  : 0.0074 0.2092 0.7812 0.0022
2141     2141   (0)     18  : 0.0038 0.2024 0.7888 0.0050
2142     2142   (0)     18  : 0.0034 0.1996 0.7896 0.0074
