   1        1   (5)      1 :  0.9750 0.0088 0.0060 0.0040 0.0062 
   2        2   (5)      1 :  0.9632 0.0048 0.0090 0.0104 0.0126 
   3        3   (5)      1 :  0.9828 0.0048 0.0046 0.0034 0.0044 
   4        4   (0)      1 :  0.9806 0.0068 0.0040 0.0052 0.0034 
   5        5   (0)      1 :  0.8854 0.0142 0.0606 0.0132 0.0266 
   6        6   (0)      1 :  0.9784 0.0064 0.0058 0.0040 0.0054 
   7        7   (0)      1 :  0.9300 0.0030 0.0110 0.0090 0.0470 
   8        8   (5)      1 :  0.9856 0.0044 0.0030 0.0040 0.0030 
   9        9   (0)      1 :  0.9882 0.0034 0.0024 0.0030 0.0030 
  10       10   (0)      1 :  0.9642 0.0034 0.0086 0.0084 0.0154 
  11       11   (0)      1 :  0.9802 0.0030 0.0054 0.0040 0.0074 
  12       12   (0)      1 :  0.9736 0.0038 0.0052 0.0098 0.0076 
  13       13   (0)      1 :  0.9834 0.0028 0.0028 0.0076 0.0034 
  14       14   (0)      1 :  0.9788 0.0082 0.0044 0.0040 0.0046 
  15       15   (0)      1 :  0.9834 0.0034 0.0046 0.0040 0.0046 
  16       16   (0)      1 :  0.9838 0.0064 0.0038 0.0030 0.0030 
  17       17   (0)      1 :  0.9892 0.0020 0.0028 0.0030 0.0030 
  18       18   (0)      1 :  0.9606 0.0048 0.0178 0.0064 0.0104 
  19       19   (0)      1 :  0.9698 0.0054 0.0052 0.0154 0.0042 
  20       20   (0)      1 :  0.9552 0.0070 0.0148 0.0084 0.0146 
  21       21   (0)      1 :  0.9868 0.0030 0.0024 0.0048 0.0030 
  22       22   (0)      1 :  0.9828 0.0084 0.0030 0.0028 0.0030 
  23       23   (0)      1 :  0.9842 0.0060 0.0036 0.0030 0.0032 
  24       24   (0)      1 :  0.9610 0.0196 0.0072 0.0078 0.0044 
  25       25   (0)      1 :  0.9700 0.0040 0.0048 0.0104 0.0108 
  26       26   (0)      1 :  0.9794 0.0044 0.0034 0.0094 0.0034 
  27       27   (5)      1 :  0.9274 0.0044 0.0262 0.0070 0.0350 
  28       28   (0)      1 :  0.9676 0.0100 0.0124 0.0024 0.0076 
  29       29   (0)      1 :  0.9818 0.0074 0.0040 0.0034 0.0034 
  30       30   (0)      1 :  0.9314 0.0206 0.0132 0.0146 0.0202 
  31       31   (0)      1 :  0.9852 0.0040 0.0040 0.0030 0.0038 
  32       32   (0)      1 :  0.9596 0.0040 0.0188 0.0098 0.0078 
  33       33   (0)      1 :  0.9876 0.0030 0.0038 0.0030 0.0026 
  34       34   (0)      1 :  0.9834 0.0064 0.0040 0.0030 0.0032 
  35       35   (0)      1 :  0.8814 0.0054 0.0614 0.0058 0.0460 
  36       36   (0)      1 :  0.9654 0.0040 0.0202 0.0048 0.0056 
  37       37   (0)      1 :  0.9740 0.0040 0.0058 0.0084 0.0078 
  38       38   (0)      1 :  0.9766 0.0030 0.0040 0.0110 0.0054 
  39       39   (0)      1 :  0.9532 0.0050 0.0156 0.0126 0.0136 
  40       40   (0)      1 :  0.9722 0.0084 0.0084 0.0054 0.0056 
  41       41   (0)      1 :  0.9798 0.0048 0.0060 0.0044 0.0050 
  42       42   (0)      1 :  0.9860 0.0040 0.0032 0.0044 0.0024 
  43       43   (0)      1 :  0.9848 0.0040 0.0038 0.0030 0.0044 
  44       44   (0)      1 :  0.9902 0.0020 0.0028 0.0020 0.0030 
  45       45   (5)      1 :  0.9748 0.0040 0.0070 0.0070 0.0072 
  46       46   (0)      1 :  0.9818 0.0084 0.0040 0.0020 0.0038 
  47       47   (0)      1 :  0.9800 0.0068 0.0050 0.0020 0.0062 
  48       48   (0)      1 :  0.9730 0.0104 0.0062 0.0038 0.0066 
  49       49   (0)      1 :  0.9604 0.0030 0.0062 0.0146 0.0158 
  50       50   (0)      1 :  0.9818 0.0054 0.0040 0.0040 0.0048 
  51       51   (0)      1 :  0.9794 0.0034 0.0036 0.0080 0.0056 
  52       52   (0)      1 :  0.9308 0.0108 0.0072 0.0382 0.0130 
  53       53   (0)      1 :  0.9682 0.0148 0.0048 0.0034 0.0088 
  54       54   (0)      1 :  0.9788 0.0070 0.0060 0.0020 0.0062 
  55       55   (0)      1 :  0.9838 0.0040 0.0038 0.0030 0.0054 
  56       56   (0)      1 :  0.9804 0.0068 0.0060 0.0030 0.0038 
  57       57  (10)      1 :  0.9800 0.0040 0.0064 0.0058 0.0038 
  58       58   (5)      1 :  0.9782 0.0070 0.0052 0.0040 0.0056 
  59       59   (0)      1 :  0.9760 0.0092 0.0038 0.0054 0.0056 
  60       60   (0)      1 :  0.9862 0.0028 0.0032 0.0034 0.0044 
  61       61   (0)      1 :  0.9778 0.0068 0.0056 0.0040 0.0058 
  62       62   (0)      1 :  0.9780 0.0034 0.0060 0.0032 0.0094 
  63       63   (0)      1 :  0.9788 0.0030 0.0062 0.0040 0.0080 
  64       64   (0)      1 :  0.9810 0.0044 0.0058 0.0030 0.0058 
  65       65   (0)      1 :  0.9388 0.0030 0.0188 0.0262 0.0132 
  66       66   (0)      1 :  0.9732 0.0074 0.0108 0.0040 0.0046 
  67       67   (5)      1 :  0.9482 0.0214 0.0082 0.0160 0.0062 
  68       68   (0)      1 :  0.9574 0.0182 0.0082 0.0050 0.0112 
  69       69   (0)      1 :  0.9842 0.0024 0.0034 0.0030 0.0070 
  70       70   (0)      1 :  0.9788 0.0064 0.0052 0.0040 0.0056 
  71       71   (5)      1 :  0.9632 0.0084 0.0144 0.0058 0.0082 
  72       72   (0)      1 :  0.9758 0.0030 0.0050 0.0104 0.0058 
  73       73   (5)      1 :  0.9776 0.0044 0.0090 0.0030 0.0060 
  74       74  (10)      1 :  0.9738 0.0056 0.0066 0.0070 0.0070 
  75       75  (10)      1 :  0.9606 0.0040 0.0048 0.0250 0.0056 
  76       76   (0)      1 :  0.7894 0.1978 0.0052 0.0042 0.0034 
  77       77  (10)      1 :  0.9536 0.0330 0.0040 0.0054 0.0040 
  78       78   (0)      1 :  0.9186 0.0498 0.0114 0.0114 0.0088 
  79       79   (5)      1 :  0.9656 0.0094 0.0088 0.0030 0.0132 
  80       80   (0)      1 :  0.9870 0.0040 0.0030 0.0030 0.0030 
  81       81   (0)      1 :  0.9866 0.0040 0.0030 0.0034 0.0030 
  82       82   (0)      1 :  0.9890 0.0020 0.0030 0.0030 0.0030 
  83       83   (0)      1 :  0.9374 0.0450 0.0056 0.0050 0.0070 
  84       84   (0)      1 :  0.9728 0.0030 0.0064 0.0102 0.0076 
  85       85   (0)      1 :  0.9884 0.0020 0.0032 0.0030 0.0034 
  86       86   (5)      1 :  0.9848 0.0034 0.0036 0.0040 0.0042 
  87       87   (0)      1 :  0.9818 0.0050 0.0056 0.0034 0.0042 
  88       88   (0)      1 :  0.8267 0.1383 0.0148 0.0090 0.0112 
  89       89   (0)      1 :  0.9470 0.0114 0.0090 0.0276 0.0050 
  90       90   (0)      1 :  0.9522 0.0104 0.0214 0.0030 0.0130 
  91       91   (0)      1 :  0.9772 0.0078 0.0056 0.0040 0.0054 
  92       92   (0)      1 :  0.9646 0.0050 0.0170 0.0038 0.0096 
  93       93   (0)      1 :  0.9866 0.0044 0.0030 0.0030 0.0030 
  94       94   (5)      1 :  0.9452 0.0238 0.0068 0.0194 0.0048 
  95       95   (0)      1 :  0.9830 0.0060 0.0030 0.0040 0.0040 
  96       96   (5)      1 :  0.9868 0.0024 0.0030 0.0040 0.0038 
  97       97   (0)      1 :  0.9690 0.0152 0.0048 0.0028 0.0082 
  98       98   (0)      1 :  0.9776 0.0040 0.0064 0.0060 0.0060 
  99       99   (5)      1 :  0.9834 0.0030 0.0046 0.0050 0.0040 
 100      100   (5)      1 :  0.9872 0.0034 0.0034 0.0030 0.0030 
 101      101   (0)      2 :  0.9798 0.0084 0.0062 0.0020 0.0036 
 102      102   (0)      2 :  0.9558 0.0290 0.0040 0.0060 0.0052 
 103      103   (0)      2 :  0.9682 0.0234 0.0030 0.0024 0.0030 
 104      104   (0)      2 :  0.9860 0.0030 0.0038 0.0038 0.0034 
 105      105   (0)      2 :  0.9404 0.0068 0.0310 0.0030 0.0188 
 106      106   (0)      2 :  0.9662 0.0040 0.0058 0.0192 0.0048 
 107      107   (0)      2 :  0.9864 0.0042 0.0034 0.0030 0.0030 
 108      108   (0)      2 :  0.9214 0.0474 0.0132 0.0050 0.0130 
 109      109   (0)      2 :  0.9408 0.0088 0.0122 0.0206 0.0176 
 110      110   (0)      2 :  0.9870 0.0030 0.0030 0.0040 0.0030 
 111      111   (0)      2 :  0.9836 0.0030 0.0044 0.0054 0.0036 
 112      112   (0)      2 :  0.9806 0.0050 0.0040 0.0070 0.0034 
 113      113   (0)      2 :  0.9734 0.0050 0.0080 0.0050 0.0086 
 114      114   (0)      2 :  0.9588 0.0080 0.0146 0.0092 0.0094 
 115      115   (0)      2 :  0.9848 0.0042 0.0036 0.0040 0.0034 
 116      116   (0)      2 :  0.9816 0.0080 0.0036 0.0034 0.0034 
 117      117   (0)      2 :  0.9832 0.0060 0.0036 0.0030 0.0042 
 118      118   (0)      2 :  0.9808 0.0058 0.0040 0.0050 0.0044 
 119      119   (0)      2 :  0.9830 0.0020 0.0028 0.0088 0.0034 
 120      120   (0)      2 :  0.9490 0.0030 0.0154 0.0098 0.0228 
 121      121   (0)      2 :  0.9826 0.0030 0.0052 0.0048 0.0044 
 122      122   (0)      2 :  0.9810 0.0044 0.0044 0.0058 0.0044 
 123      123   (0)      2 :  0.9746 0.0108 0.0040 0.0058 0.0048 
 124      124   (0)      2 :  0.9848 0.0050 0.0036 0.0030 0.0036 
 125      125   (0)      2 :  0.9870 0.0024 0.0030 0.0048 0.0028 
 126      126   (0)      2 :  0.9798 0.0050 0.0072 0.0030 0.0050 
 127      127   (0)      2 :  0.8528 0.0070 0.0136 0.1092 0.0174 
 128      128   (0)      2 :  0.9850 0.0030 0.0040 0.0040 0.0040 
 129      129   (0)      2 :  0.9766 0.0040 0.0040 0.0118 0.0036 
 130      130   (0)      2 :  0.9824 0.0040 0.0062 0.0030 0.0044 
 131      131   (0)      2 :  0.9810 0.0030 0.0048 0.0024 0.0088 
 132      132   (0)      2 :  0.9868 0.0034 0.0024 0.0040 0.0034 
 133      133   (0)      2 :  0.9878 0.0030 0.0038 0.0020 0.0034 
 134      134   (0)      2 :  0.8295 0.0088 0.0250 0.0076 0.1291 
 135      135   (0)      2 :  0.9852 0.0030 0.0040 0.0040 0.0038 
 136      136   (0)      2 :  0.9818 0.0044 0.0040 0.0040 0.0058 
 137      137   (0)      2 :  0.9660 0.0208 0.0060 0.0030 0.0042 
 138      138   (0)      2 :  0.9784 0.0030 0.0044 0.0080 0.0062 
 139      139   (0)      2 :  0.9716 0.0030 0.0092 0.0090 0.0072 
 140      140   (0)      2 :  0.8996 0.0044 0.0124 0.0648 0.0188 
 141      141   (0)      2 :  0.9882 0.0020 0.0024 0.0030 0.0044 
 142      142   (0)      2 :  0.9860 0.0034 0.0030 0.0038 0.0038 
 143      143   (0)      2 :  0.9876 0.0040 0.0030 0.0030 0.0024 
 144      144   (0)      2 :  0.9426 0.0062 0.0086 0.0040 0.0386 
 145      145   (0)      2 :  0.9852 0.0050 0.0030 0.0030 0.0038 
 146      146   (0)      2 :  0.9836 0.0050 0.0042 0.0030 0.0042 
 147      147   (0)      2 :  0.9866 0.0054 0.0030 0.0020 0.0030 
 148      148   (0)      2 :  0.9700 0.0050 0.0072 0.0108 0.0070 
 149      149   (0)      2 :  0.9864 0.0034 0.0038 0.0024 0.0040 
 150      150   (0)      2 :  0.9824 0.0050 0.0034 0.0030 0.0062 
 151      151   (0)      2 :  0.9650 0.0030 0.0136 0.0070 0.0114 
 152      152   (0)      2 :  0.9734 0.0134 0.0034 0.0040 0.0058 
 153      153   (0)      2 :  0.9876 0.0030 0.0030 0.0034 0.0030 
 154      154   (0)      2 :  0.9864 0.0044 0.0036 0.0022 0.0034 
 155      155   (0)      2 :  0.9782 0.0030 0.0066 0.0058 0.0064 
 156      156   (0)      2 :  0.9722 0.0142 0.0042 0.0060 0.0034 
 157      157   (0)      2 :  0.9840 0.0040 0.0050 0.0030 0.0040 
 158      158   (0)      2 :  0.9800 0.0074 0.0052 0.0044 0.0030 
 159      159   (0)      2 :  0.9348 0.0044 0.0164 0.0240 0.0204 
 160      160   (0)      2 :  0.9594 0.0030 0.0052 0.0274 0.0050 
 161      161   (0)      2 :  0.9756 0.0060 0.0068 0.0040 0.0076 
 162      162   (0)      2 :  0.9896 0.0020 0.0032 0.0030 0.0022 
 163      163   (0)      2 :  0.9656 0.0182 0.0074 0.0030 0.0058 
 164      164   (0)      2 :  0.9704 0.0104 0.0046 0.0056 0.0090 
 165      165   (0)      2 :  0.9778 0.0074 0.0064 0.0030 0.0054 
 166      166   (0)      2 :  0.9812 0.0050 0.0030 0.0064 0.0044 
 167      167   (0)      2 :  0.9838 0.0040 0.0048 0.0030 0.0044 
 168      168   (0)      2 :  0.9884 0.0030 0.0028 0.0030 0.0028 
 169      169   (0)      2 :  0.9778 0.0084 0.0034 0.0046 0.0058 
 170      170   (0)      2 :  0.9852 0.0034 0.0044 0.0030 0.0040 
 171      171   (0)      2 :  0.9838 0.0050 0.0046 0.0028 0.0038 
 172      172   (0)      2 :  0.9812 0.0044 0.0058 0.0044 0.0042 
 173      173   (0)      2 :  0.9846 0.0054 0.0030 0.0030 0.0040 
 174      174   (0)      2 :  0.9674 0.0030 0.0084 0.0108 0.0104 
 175      175   (0)      2 :  0.9850 0.0064 0.0030 0.0026 0.0030 
 176      176   (0)      2 :  0.9802 0.0090 0.0046 0.0030 0.0032 
 177      177   (0)      2 :  0.9848 0.0034 0.0042 0.0040 0.0036 
 178      178   (0)      2 :  0.9864 0.0030 0.0028 0.0044 0.0034 
 179      179   (0)      2 :  0.9766 0.0114 0.0040 0.0040 0.0040 
 180      180   (0)      2 :  0.9554 0.0064 0.0056 0.0244 0.0082 
 181      181   (0)      2 :  0.9824 0.0030 0.0066 0.0030 0.0050 
 182      182   (0)      2 :  0.9812 0.0048 0.0056 0.0040 0.0044 
 183      183   (0)      2 :  0.9774 0.0040 0.0082 0.0058 0.0046 
 184      184   (0)      2 :  0.9856 0.0050 0.0034 0.0030 0.0030 
 185      185   (0)      2 :  0.9334 0.0222 0.0132 0.0104 0.0208 
 186      186   (0)      2 :  0.9652 0.0050 0.0052 0.0184 0.0062 
 187      187   (0)      2 :  0.9854 0.0040 0.0030 0.0036 0.0040 
 188      188   (0)      2 :  0.9784 0.0050 0.0080 0.0030 0.0056 
 189      189   (0)      2 :  0.9732 0.0050 0.0080 0.0082 0.0056 
 190      190   (0)      2 :  0.9010 0.0808 0.0094 0.0030 0.0058 
 191      191   (0)      2 :  0.9844 0.0040 0.0034 0.0050 0.0032 
 192      192   (0)      2 :  0.9870 0.0040 0.0036 0.0020 0.0034 
 193      193   (0)      2 :  0.9596 0.0034 0.0070 0.0154 0.0146 
 194      194   (0)      2 :  0.9788 0.0030 0.0058 0.0060 0.0064 
 195      195   (0)      2 :  0.9634 0.0038 0.0116 0.0102 0.0110 
 196      196   (0)      2 :  0.9900 0.0024 0.0024 0.0030 0.0022 
 197      197   (0)      2 :  0.9784 0.0064 0.0048 0.0060 0.0044 
 198      198   (0)      2 :  0.9556 0.0030 0.0132 0.0168 0.0114 
 199      199   (0)      2 :  0.9818 0.0052 0.0036 0.0060 0.0034 
 200      200   (0)      2 :  0.9808 0.0040 0.0054 0.0030 0.0068 
 201      201   (0)      2 :  0.9706 0.0104 0.0056 0.0048 0.0086 
 202      202   (0)      2 :  0.9886 0.0030 0.0030 0.0030 0.0024 
 203      203   (0)      2 :  0.9722 0.0054 0.0076 0.0064 0.0084 
 204      204   (0)      2 :  0.9754 0.0128 0.0044 0.0034 0.0040 
 205      205   (0)      2 :  0.9764 0.0066 0.0094 0.0030 0.0046 
 206      206   (0)      2 :  0.9724 0.0040 0.0106 0.0064 0.0066 
 207      207   (0)      2 :  0.9550 0.0058 0.0116 0.0038 0.0238 
 208      208   (0)      2 :  0.9746 0.0082 0.0056 0.0050 0.0066 
 209      209   (0)      2 :  0.9604 0.0164 0.0130 0.0028 0.0074 
 210      210   (0)      2 :  0.9844 0.0040 0.0042 0.0030 0.0044 
 211      211   (0)      2 :  0.9794 0.0034 0.0050 0.0074 0.0048 
 212      212   (0)      2 :  0.9892 0.0040 0.0028 0.0020 0.0020 
 213      213   (0)      2 :  0.9840 0.0040 0.0032 0.0050 0.0038 
 214      214   (0)      2 :  0.9754 0.0128 0.0046 0.0034 0.0038 
 215      215   (0)      2 :  0.9866 0.0030 0.0050 0.0020 0.0034 
 216      216   (0)      2 :  0.9450 0.0348 0.0086 0.0040 0.0076 
 217      217   (0)      2 :  0.9452 0.0276 0.0060 0.0086 0.0126 
 218      218   (0)      2 :  0.9682 0.0050 0.0060 0.0090 0.0118 
 219      219   (0)      2 :  0.9874 0.0030 0.0032 0.0030 0.0034 
 220      220   (0)      2 :  0.9420 0.0416 0.0060 0.0060 0.0044 
 221      221   (0)      2 :  0.9792 0.0040 0.0034 0.0094 0.0040 
 222      222   (0)      2 :  0.9588 0.0078 0.0216 0.0058 0.0060 
 223      223   (0)      2 :  0.9760 0.0034 0.0042 0.0118 0.0046 
 224      224   (0)      2 :  0.9848 0.0040 0.0030 0.0044 0.0038 
 225      225   (0)      2 :  0.9908 0.0020 0.0020 0.0028 0.0024 
 226      226   (0)      2 :  0.9836 0.0074 0.0030 0.0028 0.0032 
 227      227   (0)      2 :  0.9724 0.0040 0.0072 0.0060 0.0104 
 228      228   (0)      2 :  0.9462 0.0074 0.0232 0.0082 0.0150 
 229      229   (0)      2 :  0.9504 0.0082 0.0102 0.0154 0.0158 
 230      230   (0)      2 :  0.9670 0.0038 0.0062 0.0138 0.0092 
 231      231   (0)      2 :  0.8438 0.1408 0.0060 0.0040 0.0054 
 232      232   (0)      2 :  0.9722 0.0088 0.0074 0.0060 0.0056 
 233      233   (0)      2 :  0.9742 0.0086 0.0050 0.0054 0.0068 
 234      234   (0)      2 :  0.9862 0.0050 0.0028 0.0030 0.0030 
 235      235   (0)      2 :  0.9780 0.0060 0.0074 0.0030 0.0056 
 236      236   (0)      2 :  0.9748 0.0136 0.0038 0.0044 0.0034 
 237      237   (0)      2 :  0.9788 0.0122 0.0026 0.0030 0.0034 
 238      238   (0)      2 :  0.9814 0.0044 0.0052 0.0040 0.0050 
 239      239   (0)      2 :  0.9868 0.0020 0.0028 0.0050 0.0034 
 240      240   (0)      2 :  0.9812 0.0040 0.0034 0.0070 0.0044 
 241      241   (0)      2 :  0.9728 0.0040 0.0066 0.0078 0.0088 
 242      242   (0)      2 :  0.9904 0.0020 0.0030 0.0024 0.0022 
 243      243   (0)      2 :  0.9778 0.0064 0.0050 0.0058 0.0050 
 244      244   (0)      2 :  0.9114 0.0418 0.0194 0.0138 0.0136 
 245      245   (0)      2 :  0.9870 0.0026 0.0038 0.0024 0.0042 
 246      246   (0)      2 :  0.9772 0.0062 0.0062 0.0040 0.0064 
 247      247   (0)      2 :  0.9858 0.0028 0.0036 0.0038 0.0040 
 248      248   (0)      2 :  0.9554 0.0030 0.0048 0.0292 0.0076 
 249      249   (0)      2 :  0.9846 0.0050 0.0032 0.0040 0.0032 
 250      250   (0)      2 :  0.9856 0.0040 0.0032 0.0030 0.0042 
 251      251   (0)      2 :  0.9788 0.0040 0.0052 0.0064 0.0056 
 252      252   (0)      2 :  0.9820 0.0034 0.0040 0.0050 0.0056 
 253      253   (0)      2 :  0.9790 0.0054 0.0040 0.0076 0.0040 
 254      254   (0)      2 :  0.9744 0.0092 0.0044 0.0030 0.0090 
 255      255   (0)      2 :  0.9846 0.0030 0.0058 0.0024 0.0042 
 256      256   (0)      2 :  0.9860 0.0044 0.0032 0.0034 0.0030 
 257      257   (0)      2 :  0.9750 0.0034 0.0094 0.0040 0.0082 
 258      258   (0)      2 :  0.9816 0.0060 0.0058 0.0020 0.0046 
 259      259   (0)      2 :  0.9838 0.0050 0.0040 0.0030 0.0042 
 260      260   (0)      2 :  0.9640 0.0118 0.0110 0.0030 0.0102 
 261      261   (0)      2 :  0.9702 0.0066 0.0050 0.0088 0.0094 
 262      262   (0)      2 :  0.9842 0.0034 0.0040 0.0044 0.0040 
 263      263   (0)      2 :  0.9746 0.0036 0.0092 0.0030 0.0096 
 264      264   (0)      2 :  0.9864 0.0030 0.0032 0.0040 0.0034 
 265      265   (0)      2 :  0.9728 0.0044 0.0104 0.0050 0.0074 
 266      266   (0)      2 :  0.9878 0.0020 0.0030 0.0030 0.0042 
 267      267   (0)      2 :  0.8914 0.0104 0.0618 0.0050 0.0314 
 268      268   (0)      2 :  0.9902 0.0020 0.0020 0.0028 0.0030 
 269      269   (0)      2 :  0.9620 0.0050 0.0078 0.0114 0.0138 
 270      270   (0)      2 :  0.9812 0.0030 0.0042 0.0068 0.0048 
 271      271   (0)      2 :  0.9782 0.0050 0.0050 0.0060 0.0058 
 272      272   (0)      2 :  0.9838 0.0044 0.0048 0.0020 0.0050 
 273      273   (0)      2 :  0.9770 0.0094 0.0062 0.0028 0.0046 
 274      274   (0)      2 :  0.9810 0.0094 0.0034 0.0036 0.0026 
 275      275   (0)      2 :  0.9858 0.0034 0.0054 0.0020 0.0034 
 276      276   (0)      2 :  0.9854 0.0024 0.0052 0.0030 0.0040 
 277      277   (0)      2 :  0.9658 0.0044 0.0058 0.0084 0.0156 
 278      278   (0)      2 :  0.9792 0.0074 0.0048 0.0030 0.0056 
 279      279   (0)      2 :  0.9838 0.0030 0.0034 0.0020 0.0078 
 280      280   (0)      2 :  0.9902 0.0030 0.0024 0.0020 0.0024 
 281      281   (0)      2 :  0.9764 0.0040 0.0058 0.0040 0.0098 
 282      282   (0)      2 :  0.9508 0.0304 0.0072 0.0040 0.0076 
 283      283   (0)      2 :  0.9620 0.0030 0.0134 0.0032 0.0184 
 284      284   (0)      2 :  0.9568 0.0034 0.0070 0.0242 0.0086 
 285      285   (0)      2 :  0.9582 0.0038 0.0130 0.0176 0.0074 
 286      286   (0)      2 :  0.9786 0.0038 0.0076 0.0050 0.0050 
 287      287   (0)      2 :  0.8536 0.0970 0.0230 0.0120 0.0144 
 288      288   (0)      2 :  0.9752 0.0030 0.0080 0.0030 0.0108 
 289      289   (0)      2 :  0.9836 0.0070 0.0034 0.0030 0.0030 
 290      290   (0)      2 :  0.9842 0.0024 0.0030 0.0060 0.0044 
 291      291   (0)      2 :  0.9848 0.0050 0.0032 0.0040 0.0030 
 292      292   (0)      2 :  0.9880 0.0030 0.0030 0.0030 0.0030 
 293      293   (0)      2 :  0.9070 0.0736 0.0060 0.0070 0.0064 
 294      294   (0)      2 :  0.9414 0.0042 0.0236 0.0028 0.0280 
 295      295   (0)      2 :  0.9836 0.0074 0.0040 0.0020 0.0030 
 296      296   (0)      2 :  0.9706 0.0054 0.0080 0.0054 0.0106 
 297      297   (0)      2 :  0.9902 0.0024 0.0024 0.0030 0.0020 
 298      298   (0)      2 :  0.9874 0.0030 0.0030 0.0028 0.0038 
 299      299   (0)      2 :  0.9854 0.0040 0.0042 0.0030 0.0034 
 300      300   (0)      2 :  0.9780 0.0050 0.0056 0.0058 0.0056 
 301      301   (5)      3 :  0.6098 0.0040 0.0112 0.0070 0.3680 
 302      302   (0)      3 :  0.2412 0.0080 0.1001 0.0250 0.6256 
 303      303   (0)      3 :  0.4500 0.0150 0.0146 0.0184 0.5020 
 304      304   (5)      3 :  0.3199 0.0042 0.1198 0.0106 0.5455 
 305      305   (5)      3 :  0.3426 0.0020 0.0462 0.0180 0.5912 
 306      306   (0)      3 :  0.1888 0.0102 0.0154 0.0546 0.7310 
 307      307   (0)      4 :  0.6259 0.0042 0.0985 0.0062 0.2652 
 308      308   (0)      4 :  0.4613 0.0036 0.0114 0.0060 0.5177 
 309      309   (0)      4 :  0.5500 0.0128 0.0492 0.0836 0.3044 
 310      310   (0)      4 :  0.4446 0.0332 0.0248 0.0136 0.4838 
 311      311   (0)      4 :  0.5740 0.0136 0.0492 0.0058 0.3574 
 312      312   (0)      4 :  0.5491 0.0050 0.0162 0.0082 0.4215 
 313      313   (0)      4 :  0.3708 0.0034 0.0086 0.0044 0.6128 
 314      314   (0)      4 :  0.3473 0.0118 0.0304 0.0048 0.6058 
 315      315   (0)      4 :  0.4157 0.0072 0.0302 0.0064 0.5405 
 316      316   (0)      4 :  0.2748 0.0052 0.0464 0.0246 0.6490 
 317      317   (0)      4 :  0.3805 0.0318 0.0308 0.0114 0.5456 
 318      318   (0)      4 :  0.4896 0.0058 0.0104 0.0348 0.4594 
 319      319   (0)      4 :  0.8086 0.0116 0.0114 0.0162 0.1522 
 320      320   (0)      4 :  0.3703 0.0128 0.2386 0.1016 0.2767 
 321      321   (0)      4 :  0.4879 0.0024 0.0128 0.0128 0.4841 
 322      322   (0)      4 :  0.3059 0.0734 0.1823 0.0048 0.4336 
 323      323   (0)      4 :  0.5302 0.0044 0.1549 0.0068 0.3037 
 324      324   (0)      4 :  0.7524 0.0104 0.0396 0.0102 0.1874 
 325      325   (0)      4 :  0.4143 0.0180 0.2433 0.1204 0.2040 
 326      326   (0)      4 :  0.4708 0.0158 0.0096 0.0816 0.4222 
 327      327   (0)      4 :  0.6473 0.0046 0.0064 0.0074 0.3343 
 328      328   (0)      4 :  0.3643 0.0144 0.1456 0.0224 0.4533 
 329      329   (0)      4 :  0.3507 0.0064 0.0184 0.0072 0.6173 
 330      330   (0)      4 :  0.4433 0.0104 0.0360 0.0108 0.4995 
 331      331   (0)      4 :  0.5903 0.0040 0.0102 0.0062 0.3893 
 332      332   (0)      4 :  0.4796 0.0030 0.0082 0.0232 0.4860 
 333      333   (0)      4 :  0.5278 0.0270 0.0902 0.0040 0.3510 
 334      334   (0)      4 :  0.5458 0.0030 0.1577 0.0076 0.2860 
 335      335   (0)      4 :  0.4280 0.0162 0.0104 0.0034 0.5420 
 336      336   (0)      4 :  0.4380 0.0124 0.0636 0.0072 0.4788 
 337      337   (0)      4 :  0.4992 0.0078 0.0226 0.0034 0.4670 
 338      338   (0)      4 :  0.1694 0.0068 0.0050 0.0070 0.8118 
 339      339   (0)      4 :  0.3280 0.0030 0.0084 0.0282 0.6324 
 340      340   (0)      4 :  0.2895 0.0100 0.0116 0.0050 0.6839 
 341      341   (0)      4 :  0.4918 0.0144 0.0070 0.0078 0.4790 
 342      342   (0)      4 :  0.3880 0.0068 0.0686 0.0218 0.5148 
 343      343   (0)      4 :  0.6327 0.1658 0.0144 0.0054 0.1816 
 344      344   (0)      4 :  0.4154 0.0040 0.0104 0.0074 0.5628 
 345      345   (0)      4 :  0.3963 0.0156 0.2158 0.0030 0.3693 
 346      346   (0)      4 :  0.4683 0.0342 0.0202 0.0162 0.4611 
 347      347   (0)      4 :  0.5141 0.0092 0.0152 0.0210 0.4406 
 348      348   (0)      4 :  0.5001 0.0090 0.0082 0.0058 0.4769 
 349      349   (0)      4 :  0.6336 0.0452 0.0076 0.0060 0.3076 
 350      350   (0)      4 :  0.6123 0.0060 0.0176 0.0072 0.3569 
 351      351   (0)      4 :  0.5681 0.0046 0.0378 0.0194 0.3701 
 352      352   (0)      4 :  0.6048 0.0086 0.0140 0.0210 0.3516 
 353      353   (0)      4 :  0.4470 0.0150 0.0090 0.0042 0.5248 
 354      354   (0)      4 :  0.5179 0.0090 0.0979 0.0088 0.3664 
 355      355   (0)      4 :  0.4204 0.0184 0.0278 0.0054 0.5280 
 356      356   (0)      4 :  0.5326 0.0062 0.0142 0.0100 0.4370 
 357      357   (0)      4 :  0.3768 0.0048 0.1454 0.0940 0.3790 
 358      358   (0)      4 :  0.5387 0.0062 0.0564 0.0294 0.3693 
 359      359   (0)      4 :  0.5669 0.0348 0.0268 0.0724 0.2991 
 360      360   (0)      4 :  0.4945 0.0066 0.0198 0.1946 0.2845 
 361      361   (0)      4 :  0.3964 0.0080 0.0446 0.0062 0.5449 
 362      362   (0)      4 :  0.4131 0.0024 0.0434 0.0110 0.5301 
 363      363   (0)      4 :  0.5954 0.0058 0.1167 0.0102 0.2718 
 364      364   (0)      4 :  0.2544 0.0140 0.1166 0.0460 0.5691 
 365      365   (0)      4 :  0.5336 0.0128 0.0074 0.0102 0.4360 
 366      366   (0)      4 :  0.5607 0.0054 0.1280 0.0178 0.2881 
 367      367   (0)      4 :  0.4354 0.0066 0.0066 0.0044 0.5470 
 368      368   (0)      4 :  0.5477 0.0198 0.0192 0.0044 0.4089 
 369      369   (0)      4 :  0.5265 0.0080 0.0088 0.0058 0.4509 
 370      370   (0)      4 :  0.4699 0.0030 0.0044 0.0572 0.4655 
 371      371   (0)      4 :  0.4880 0.0030 0.0222 0.0092 0.4776 
 372      372   (0)      4 :  0.5321 0.0030 0.0210 0.0052 0.4387 
 373      373   (0)      4 :  0.5333 0.0048 0.0118 0.0088 0.4413 
 374      374   (0)      4 :  0.3223 0.0064 0.0086 0.0062 0.6565 
 375      375   (0)      4 :  0.3355 0.0384 0.0094 0.0166 0.6002 
 376      376   (0)      4 :  0.5075 0.0058 0.0060 0.0198 0.4609 
 377      377   (0)      4 :  0.5657 0.0948 0.0108 0.0950 0.2338 
 378      378   (0)      4 :  0.5046 0.0034 0.0276 0.1947 0.2697 
 379      379   (0)      4 :  0.4939 0.0096 0.0052 0.0172 0.4741 
 380      380   (0)      4 :  0.4020 0.0050 0.1500 0.0058 0.4372 
 381      381   (0)      4 :  0.5442 0.0124 0.0094 0.0152 0.4188 
 382      382   (0)      4 :  0.3548 0.0146 0.1175 0.0398 0.4733 
 383      383   (0)      4 :  0.5691 0.0184 0.1561 0.0750 0.1814 
 384      384   (0)      4 :  0.5197 0.0140 0.0220 0.0044 0.4399 
 385      385   (0)      4 :  0.3511 0.0066 0.0088 0.0030 0.6305 
 386      386   (0)      4 :  0.4923 0.0046 0.0346 0.0036 0.4649 
 387      387   (0)      4 :  0.4475 0.0108 0.0148 0.0044 0.5225 
 388      388   (0)      4 :  0.5144 0.0098 0.0360 0.0092 0.4306 
 389      389   (0)      4 :  0.4524 0.0064 0.2975 0.0630 0.1808 
 390      390   (0)      4 :  0.5390 0.0204 0.0170 0.0476 0.3760 
 391      391   (0)      4 :  0.4311 0.0040 0.0820 0.0030 0.4799 
 392      392   (0)      4 :  0.4910 0.0048 0.0566 0.0062 0.4414 
 393      393   (0)      4 :  0.5214 0.0030 0.1141 0.0390 0.3225 
 394      394   (0)      4 :  0.5533 0.0076 0.0142 0.0092 0.4157 
 395      395   (0)      4 :  0.4185 0.0044 0.0186 0.0038 0.5547 
 396      396   (0)      4 :  0.3027 0.0096 0.0378 0.0170 0.6329 
 397      397   (0)      4 :  0.4541 0.0058 0.0278 0.0062 0.5061 
 398      398   (0)      4 :  0.3042 0.0058 0.0244 0.0068 0.6587 
 399      399   (0)      4 :  0.5106 0.0030 0.0058 0.0086 0.4720 
 400      400   (0)      4 :  0.4527 0.0024 0.0226 0.0104 0.5119 
 401      401   (0)      4 :  0.5611 0.0160 0.0070 0.0328 0.3831 
 402      402   (0)      4 :  0.6023 0.0058 0.0482 0.0042 0.3395 
 403      403   (0)      4 :  0.4997 0.0348 0.0080 0.0044 0.4531 
 404      404   (0)      4 :  0.4705 0.0036 0.0154 0.0120 0.4985 
 405      405   (0)      4 :  0.4684 0.0046 0.0062 0.0082 0.5126 
 406      406   (0)      4 :  0.3215 0.0432 0.0628 0.0110 0.5616 
 407      407   (0)      5 :  0.5173 0.0144 0.3791 0.0030 0.0862 
 408      408   (0)      5 :  0.4227 0.0030 0.4418 0.0048 0.1277 
 409      409   (0)      5 :  0.4016 0.0072 0.4535 0.0030 0.1347 
 410      410   (0)      5 :  0.5428 0.0052 0.3646 0.0030 0.0844 
 411      411   (0)      5 :  0.4973 0.0066 0.3723 0.0130 0.1108 
 412      412   (0)      5 :  0.4910 0.0040 0.3600 0.0130 0.1320 
 413      413   (0)      5 :  0.5810 0.0040 0.3284 0.0050 0.0816 
 414      414   (0)      5 :  0.4769 0.1256 0.1978 0.0122 0.1874 
 415      415   (0)      5 :  0.5728 0.0040 0.0854 0.3082 0.0296 
 416      416   (0)      5 :  0.4246 0.0222 0.4401 0.0040 0.1091 
 417      417   (0)      5 :  0.5654 0.0268 0.3263 0.0070 0.0745 
 418      418   (0)      5 :  0.5329 0.0452 0.3278 0.0056 0.0885 
 419      419   (0)      5 :  0.4839 0.0036 0.3390 0.0238 0.1497 
 420      420   (0)      5 :  0.4096 0.0062 0.4548 0.0048 0.1246 
 421      421   (0)      5 :  0.5744 0.0614 0.2821 0.0038 0.0783 
 422      422   (0)      5 :  0.4368 0.0068 0.4324 0.0060 0.1180 
 423      423   (0)      5 :  0.4759 0.0392 0.3627 0.0116 0.1106 
 424      424   (0)      5 :  0.4243 0.0194 0.2481 0.0128 0.2954 
 425      425   (0)      5 :  0.2014 0.0550 0.4535 0.0132 0.2770 
 426      426   (0)      5 :  0.3931 0.0098 0.3767 0.0346 0.1858 
 427      427   (0)      5 :  0.4497 0.0040 0.4166 0.0030 0.1267 
 428      428   (0)      5 :  0.6249 0.0058 0.2583 0.0062 0.1048 
 429      429   (0)      5 :  0.2917 0.0072 0.5083 0.0082 0.1846 
 430      430   (0)      5 :  0.4573 0.0148 0.3935 0.0192 0.1152 
 431      431   (0)      5 :  0.1727 0.0050 0.6513 0.0048 0.1662 
 432      432   (0)      5 :  0.4952 0.0212 0.3287 0.0334 0.1215 
 433      433   (0)      5 :  0.5946 0.0030 0.3166 0.0058 0.0800 
 434      434   (0)      5 :  0.3497 0.0332 0.4760 0.0106 0.1306 
 435      435   (0)      5 :  0.4487 0.0052 0.4241 0.0042 0.1178 
 436      436   (0)      5 :  0.5233 0.0030 0.3735 0.0030 0.0972 
 437      437   (0)      5 :  0.4259 0.0070 0.4443 0.0072 0.1156 
 438      438   (0)      5 :  0.5972 0.1277 0.2321 0.0054 0.0376 
 439      439   (0)      5 :  0.3167 0.0054 0.5307 0.0040 0.1432 
 440      440   (0)      5 :  0.4481 0.0324 0.4152 0.0080 0.0963 
 441      441   (0)      5 :  0.6151 0.0096 0.2953 0.0034 0.0767 
 442      442   (0)      5 :  0.1680 0.0096 0.6415 0.0074 0.1735 
 443      443   (0)      5 :  0.5887 0.0082 0.3175 0.0124 0.0732 
 444      444   (0)      5 :  0.5518 0.0050 0.3423 0.0096 0.0913 
 445      445   (0)      5 :  0.8351 0.0070 0.1027 0.0148 0.0404 
 446      446   (0)      5 :  0.3773 0.0044 0.4470 0.0350 0.1363 
 447      447   (0)      5 :  0.4644 0.0234 0.3542 0.0058 0.1522 
 448      448   (0)      5 :  0.0932 0.0070 0.7120 0.0104 0.1774 
 449      449   (0)      5 :  0.5140 0.0434 0.3630 0.0044 0.0752 
 450      450   (0)      5 :  0.5303 0.0054 0.3535 0.0108 0.1000 
 451      451   (0)      5 :  0.3557 0.0026 0.5079 0.0048 0.1290 
 452      452   (0)      5 :  0.4699 0.0292 0.3685 0.0242 0.1082 
 453      453   (0)      5 :  0.6223 0.0040 0.2547 0.0038 0.1152 
 454      454   (0)      5 :  0.3135 0.0040 0.5091 0.0100 0.1634 
 455      455   (0)      5 :  0.5843 0.0060 0.3272 0.0030 0.0795 
 456      456   (0)      5 :  0.4280 0.0358 0.3940 0.0100 0.1322 
 457      457   (0)      5 :  0.5789 0.0224 0.2892 0.0066 0.1028 
 458      458   (0)      5 :  0.3849 0.0706 0.4024 0.0114 0.1307 
 459      459   (0)      5 :  0.3781 0.0074 0.4859 0.0062 0.1224 
 460      460   (0)      5 :  0.3785 0.0054 0.4290 0.0194 0.1678 
 461      461   (0)      5 :  0.6239 0.0050 0.2781 0.0118 0.0812 
 462      462   (0)      5 :  0.5430 0.0054 0.1913 0.0136 0.2467 
 463      463   (0)      5 :  0.4995 0.0200 0.3703 0.0076 0.1026 
 464      464   (0)      5 :  0.2833 0.0128 0.5075 0.0070 0.1894 
 465      465   (0)      5 :  0.4548 0.0060 0.4115 0.0126 0.1151 
 466      466   (0)      5 :  0.6068 0.0044 0.3104 0.0030 0.0754 
 467      467   (0)      5 :  0.5415 0.0378 0.2764 0.0304 0.1139 
 468      468   (0)      5 :  0.5262 0.0132 0.3264 0.0108 0.1234 
 469      469   (0)      5 :  0.4178 0.0034 0.4578 0.0054 0.1156 
 470      470   (0)      5 :  0.3983 0.0046 0.4696 0.0074 0.1201 
 471      471   (0)      5 :  0.4457 0.0088 0.4194 0.0258 0.1003 
 472      472   (0)      5 :  0.5691 0.0076 0.3450 0.0036 0.0747 
 473      473   (0)      5 :  0.3909 0.0188 0.4786 0.0030 0.1087 
 474      474   (0)      5 :  0.4562 0.0046 0.4260 0.0102 0.1030 
 475      475   (0)      5 :  0.5265 0.0058 0.3705 0.0030 0.0942 
 476      476   (0)      5 :  0.4504 0.0106 0.4292 0.0030 0.1068 
 477      477   (0)      5 :  0.4411 0.0122 0.4517 0.0082 0.0868 
 478      478   (0)      5 :  0.3800 0.0036 0.4856 0.0082 0.1226 
 479      479   (0)      5 :  0.6116 0.0100 0.2959 0.0044 0.0782 
 480      480   (0)      5 :  0.2835 0.0042 0.4379 0.0062 0.2682 
 481      481   (0)      5 :  0.5469 0.0074 0.3393 0.0058 0.1006 
 482      482   (0)      5 :  0.3794 0.0616 0.4443 0.0050 0.1097 
 483      483   (0)      5 :  0.3613 0.0104 0.4953 0.0050 0.1280 
 484      484   (0)      5 :  0.4693 0.0080 0.3888 0.0214 0.1125 
 485      485   (0)      5 :  0.4755 0.0148 0.3949 0.0052 0.1096 
 486      486   (0)      5 :  0.4556 0.0084 0.4051 0.0194 0.1115 
 487      487   (0)      5 :  0.4855 0.0056 0.4050 0.0068 0.0971 
 488      488   (0)      5 :  0.4507 0.0062 0.4231 0.0104 0.1096 
 489      489   (0)      5 :  0.3604 0.0062 0.4980 0.0066 0.1288 
 490      490   (0)      5 :  0.4858 0.0168 0.3831 0.0054 0.1089 
 491      491   (0)      5 :  0.5787 0.0072 0.1766 0.0092 0.2283 
 492      492   (0)      5 :  0.5989 0.0040 0.2647 0.0146 0.1178 
 493      493   (0)      5 :  0.4490 0.0106 0.4029 0.0188 0.1187 
 494      494   (0)      5 :  0.5041 0.0538 0.3510 0.0054 0.0857 
 495      495   (0)      5 :  0.5979 0.0208 0.2750 0.0044 0.1019 
 496      496   (0)      5 :  0.3455 0.0068 0.4988 0.0038 0.1452 
 497      497   (0)      5 :  0.6186 0.0296 0.2730 0.0050 0.0738 
 498      498   (0)      5 :  0.5362 0.0128 0.3521 0.0068 0.0921 
 499      499   (0)      5 :  0.5022 0.0050 0.3908 0.0054 0.0966 
 500      500   (0)      5 :  0.6815 0.0062 0.2445 0.0064 0.0614 
 501      501   (0)      5 :  0.5085 0.0102 0.3859 0.0024 0.0930 
 502      502   (0)      5 :  0.4866 0.0056 0.3956 0.0044 0.1078 
 503      503   (0)      5 :  0.4109 0.0072 0.4616 0.0020 0.1182 
 504      504   (0)      5 :  0.4948 0.2884 0.1116 0.0130 0.0922 
 505      505   (0)      5 :  0.4675 0.0196 0.4091 0.0030 0.1008 
 506      506   (0)      5 :  0.5095 0.0072 0.3037 0.0910 0.0885 
 507      507   (0)      6 :  0.4739 0.0038 0.0070 0.5079 0.0074 
 508      508   (0)      6 :  0.5867 0.0200 0.0218 0.3519 0.0196 
 509      509   (0)      6 :  0.3952 0.0044 0.0084 0.5784 0.0136 
 510      510   (0)      6 :  0.5906 0.0060 0.0044 0.3920 0.0070 
 511      511   (0)      6 :  0.4777 0.0044 0.0062 0.5041 0.0076 
 512      512   (0)      6 :  0.5454 0.0050 0.0080 0.4304 0.0112 
 513      513   (0)      6 :  0.5057 0.0030 0.0098 0.4707 0.0108 
 514      514   (0)      6 :  0.5272 0.0030 0.0038 0.4620 0.0040 
 515      515   (0)      6 :  0.5079 0.0022 0.0036 0.4833 0.0030 
 516      516   (0)      6 :  0.4633 0.0040 0.0046 0.5235 0.0046 
 517      517   (0)      6 :  0.6609 0.0050 0.0134 0.3037 0.0170 
 518      518   (0)      6 :  0.5105 0.0084 0.0216 0.4481 0.0114 
 519      519   (0)      6 :  0.4226 0.0044 0.0102 0.5570 0.0058 
 520      520   (0)      6 :  0.6315 0.0114 0.0070 0.3421 0.0080 
 521      521   (0)      6 :  0.4046 0.0282 0.0124 0.5464 0.0084 
 522      522   (0)      6 :  0.4294 0.0146 0.0076 0.5392 0.0092 
 523      523   (0)      6 :  0.3273 0.0060 0.0046 0.6563 0.0058 
 524      524   (0)      6 :  0.5931 0.0132 0.0054 0.3837 0.0046 
 525      525   (0)      6 :  0.6538 0.0480 0.0224 0.2324 0.0434 
 526      526   (0)      6 :  0.5751 0.0024 0.0038 0.4135 0.0052 
 527      527   (0)      6 :  0.4780 0.0098 0.0156 0.4824 0.0142 
 528      528   (0)      6 :  0.5825 0.0144 0.0140 0.3799 0.0092 
 529      529   (0)      6 :  0.1736 0.0302 0.0086 0.7488 0.0388 
 530      530   (0)      6 :  0.5110 0.0050 0.0090 0.4680 0.0070 
 531      531   (0)      6 :  0.4482 0.0504 0.0138 0.4780 0.0096 
 532      532   (0)      6 :  0.5008 0.0084 0.0136 0.4636 0.0136 
 533      533   (0)      6 :  0.5420 0.0134 0.0058 0.4320 0.0068 
 534      534   (0)      6 :  0.5469 0.0074 0.0122 0.4275 0.0060 
 535      535   (0)      6 :  0.4713 0.0044 0.0034 0.5165 0.0044 
 536      536   (0)      6 :  0.4907 0.0202 0.0430 0.3955 0.0506 
 537      537   (0)      6 :  0.5533 0.0050 0.0040 0.4329 0.0048 
 538      538   (0)      6 :  0.5490 0.0064 0.0052 0.4338 0.0056 
 539      539   (0)      6 :  0.3822 0.0030 0.0034 0.6078 0.0036 
 540      540   (0)      6 :  0.3287 0.0030 0.0040 0.6601 0.0042 
 541      541   (0)      6 :  0.4507 0.0048 0.0040 0.5361 0.0044 
 542      542   (0)      6 :  0.5395 0.0038 0.0060 0.4459 0.0048 
 543      543   (0)      6 :  0.3846 0.0084 0.0050 0.5952 0.0068 
 544      544   (0)      6 :  0.3455 0.0054 0.0102 0.6279 0.0110 
 545      545   (0)      6 :  0.6192 0.0074 0.0044 0.3642 0.0048 
 546      546   (0)      6 :  0.3713 0.0030 0.0054 0.6123 0.0080 
 547      547   (0)      6 :  0.4382 0.0044 0.0072 0.5452 0.0050 
 548      548   (0)      6 :  0.2372 0.0308 0.0086 0.7029 0.0204 
 549      549   (0)      6 :  0.5724 0.0124 0.0740 0.3070 0.0342 
 550      550   (0)      6 :  0.4962 0.0034 0.0094 0.4840 0.0070 
 551      551   (0)      6 :  0.4623 0.0032 0.0074 0.5203 0.0068 
 552      552   (0)      6 :  0.4978 0.0030 0.0052 0.4886 0.0054 
 553      553   (0)      6 :  0.5687 0.0052 0.0080 0.4107 0.0074 
 554      554   (0)      6 :  0.4892 0.0084 0.0130 0.4758 0.0136 
 555      555   (0)      6 :  0.6262 0.0038 0.0062 0.3540 0.0098 
 556      556   (0)      6 :  0.5675 0.0030 0.0048 0.4187 0.0060 
 557      557   (0)      6 :  0.4099 0.0036 0.0052 0.5751 0.0062 
 558      558   (0)      6 :  0.5575 0.0044 0.0038 0.4301 0.0042 
 559      559   (0)      6 :  0.4965 0.0040 0.0040 0.4901 0.0054 
 560      560   (0)      6 :  0.5524 0.0066 0.0050 0.4305 0.0054 
 561      561   (0)      6 :  0.5654 0.0058 0.0272 0.3786 0.0230 
 562      562   (0)      6 :  0.3673 0.0332 0.0788 0.4302 0.0904 
 563      563   (0)      6 :  0.6070 0.0030 0.0092 0.3738 0.0070 
 564      564   (0)      6 :  0.3853 0.0064 0.0068 0.5673 0.0342 
 565      565   (0)      6 :  0.5134 0.0628 0.0118 0.4030 0.0090 
 566      566   (0)      6 :  0.5049 0.0030 0.0050 0.4809 0.0062 
 567      567   (0)      6 :  0.4636 0.0044 0.0050 0.5218 0.0052 
 568      568   (0)      6 :  0.4985 0.0030 0.0058 0.4875 0.0052 
 569      569   (0)      6 :  0.4576 0.0040 0.0072 0.5258 0.0054 
 570      570   (0)      6 :  0.4289 0.0060 0.0126 0.5213 0.0312 
 571      571   (0)      6 :  0.3277 0.0488 0.0246 0.5805 0.0184 
 572      572   (0)      6 :  0.5347 0.1648 0.0414 0.2362 0.0228 
 573      573   (0)      6 :  0.5161 0.0028 0.0068 0.4671 0.0072 
 574      574   (0)      6 :  0.3558 0.0040 0.0808 0.5002 0.0592 
 575      575   (0)      6 :  0.6484 0.0030 0.0040 0.3398 0.0048 
 576      576   (0)      6 :  0.4892 0.0044 0.0046 0.4964 0.0054 
 577      577   (0)      6 :  0.4629 0.0118 0.0040 0.5173 0.0040 
 578      578   (0)      6 :  0.5815 0.0112 0.0052 0.3929 0.0092 
 579      579   (0)      6 :  0.4703 0.0088 0.0074 0.5029 0.0106 
 580      580   (0)      6 :  0.4856 0.0038 0.0052 0.5014 0.0040 
 581      581   (0)      6 :  0.4219 0.0064 0.0084 0.5583 0.0050 
 582      582   (0)      6 :  0.5144 0.0024 0.0044 0.4744 0.0044 
 583      583   (0)      6 :  0.5049 0.0030 0.0040 0.4841 0.0040 
 584      584   (0)      6 :  0.5073 0.0064 0.0064 0.4721 0.0078 
 585      585   (0)      6 :  0.5638 0.0080 0.0114 0.4042 0.0126 
 586      586   (0)      6 :  0.4855 0.0054 0.0166 0.4817 0.0108 
 587      587   (0)      6 :  0.5876 0.0040 0.0058 0.3916 0.0110 
 588      588   (0)      6 :  0.4067 0.0048 0.0122 0.5651 0.0112 
 589      589   (0)      6 :  0.4729 0.0070 0.0128 0.4783 0.0290 
 590      590   (0)      6 :  0.4454 0.0134 0.0076 0.5272 0.0064 
 591      591   (0)      6 :  0.4057 0.0030 0.0074 0.5783 0.0056 
 592      592   (0)      6 :  0.4591 0.0040 0.0042 0.5281 0.0046 
 593      593   (0)      6 :  0.4692 0.0070 0.0066 0.5106 0.0066 
 594      594   (0)      6 :  0.4788 0.0040 0.0050 0.5070 0.0052 
 595      595   (0)      6 :  0.3914 0.0254 0.0178 0.5380 0.0274 
 596      596   (0)      6 :  0.4212 0.0126 0.0484 0.5072 0.0106 
 597      597   (0)      6 :  0.4405 0.0306 0.0072 0.5123 0.0094 
 598      598   (0)      6 :  0.7485 0.0064 0.0120 0.2212 0.0120 
 599      599   (0)      6 :  0.4250 0.0170 0.0086 0.5424 0.0070 
 600      600   (0)      6 :  0.4699 0.0068 0.0056 0.5125 0.0052 
 601      601   (0)      6 :  0.3582 0.0040 0.0130 0.6132 0.0116 
 602      602   (0)      6 :  0.4712 0.0074 0.0050 0.5104 0.0060 
 603      603   (0)      6 :  0.4825 0.0030 0.0042 0.5065 0.0038 
 604      604   (0)      6 :  0.5044 0.0038 0.0044 0.4834 0.0040 
 605      605   (0)      6 :  0.3912 0.0046 0.0060 0.5910 0.0072 
 606      606   (0)      6 :  0.5133 0.0030 0.0090 0.4687 0.0060 
 607      607   (0)      7 :  0.4616 0.5162 0.0070 0.0060 0.0092 
 608      608   (0)      7 :  0.5617 0.4195 0.0072 0.0058 0.0058 
 609      609   (0)      7 :  0.4615 0.5211 0.0078 0.0030 0.0066 
 610      610   (0)      7 :  0.4776 0.4954 0.0078 0.0108 0.0084 
 611      611   (0)      7 :  0.5921 0.3911 0.0040 0.0080 0.0048 
 612      612   (0)      7 :  0.5348 0.4518 0.0044 0.0040 0.0050 
 613      613   (0)      7 :  0.5285 0.4575 0.0058 0.0030 0.0052 
 614      614   (0)      7 :  0.4009 0.5863 0.0040 0.0040 0.0048 
 615      615   (0)      7 :  0.4912 0.4946 0.0052 0.0024 0.0066 
 616      616   (0)      7 :  0.3689 0.6174 0.0042 0.0050 0.0044 
 617      617   (0)      7 :  0.5946 0.3872 0.0060 0.0038 0.0084 
 618      618   (0)      7 :  0.4797 0.4427 0.0244 0.0048 0.0484 
 619      619   (0)      7 :  0.5008 0.4898 0.0038 0.0030 0.0026 
 620      620   (0)      7 :  0.5605 0.4089 0.0090 0.0102 0.0114 
 621      621   (0)      7 :  0.4612 0.5222 0.0082 0.0032 0.0052 
 622      622   (0)      7 :  0.4235 0.5529 0.0056 0.0130 0.0050 
 623      623   (0)      7 :  0.5223 0.4639 0.0060 0.0030 0.0048 
 624      624   (0)      7 :  0.4489 0.5295 0.0088 0.0040 0.0088 
 625      625   (0)      7 :  0.5166 0.4630 0.0050 0.0084 0.0070 
 626      626   (0)      7 :  0.3263 0.6465 0.0136 0.0044 0.0092 
 627      627   (0)      7 :  0.4816 0.5096 0.0028 0.0030 0.0030 
 628      628   (0)      7 :  0.5728 0.4032 0.0106 0.0064 0.0070 
 629      629   (0)      7 :  0.5404 0.4506 0.0030 0.0030 0.0030 
 630      630   (0)      7 :  0.3493 0.4741 0.1064 0.0066 0.0636 
 631      631   (0)      7 :  0.4860 0.4726 0.0188 0.0070 0.0156 
 632      632   (0)      7 :  0.4376 0.5502 0.0034 0.0048 0.0040 
 633      633   (0)      7 :  0.5162 0.4706 0.0058 0.0028 0.0046 
 634      634   (0)      7 :  0.5162 0.4556 0.0104 0.0030 0.0148 
 635      635   (0)      7 :  0.4444 0.5194 0.0178 0.0054 0.0130 
 636      636   (0)      7 :  0.5911 0.3919 0.0068 0.0054 0.0048 
 637      637   (0)      7 :  0.3105 0.6763 0.0050 0.0030 0.0052 
 638      638   (0)      7 :  0.5263 0.4549 0.0086 0.0044 0.0058 
 639      639   (0)      7 :  0.4723 0.4957 0.0098 0.0142 0.0080 
 640      640   (0)      7 :  0.5211 0.4127 0.0198 0.0050 0.0414 
 641      641   (0)      7 :  0.3374 0.6492 0.0058 0.0030 0.0046 
 642      642   (0)      7 :  0.4699 0.5097 0.0082 0.0068 0.0054 
 643      643   (0)      7 :  0.4958 0.4790 0.0060 0.0134 0.0058 
 644      644   (0)      7 :  0.3578 0.5956 0.0124 0.0054 0.0288 
 645      645   (0)      7 :  0.4630 0.4824 0.0082 0.0310 0.0154 
 646      646   (0)      7 :  0.4196 0.5690 0.0040 0.0040 0.0034 
 647      647   (0)      7 :  0.4329 0.5479 0.0046 0.0084 0.0062 
 648      648   (0)      7 :  0.5453 0.3917 0.0440 0.0076 0.0114 
 649      649   (0)      7 :  0.6046 0.3413 0.0126 0.0318 0.0098 
 650      650   (0)      7 :  0.5154 0.4586 0.0124 0.0028 0.0108 
 651      651   (0)      7 :  0.4675 0.5227 0.0038 0.0020 0.0040 
 652      652   (0)      7 :  0.4802 0.4980 0.0072 0.0040 0.0106 
 653      653   (0)      7 :  0.5340 0.4480 0.0078 0.0030 0.0072 
 654      654   (0)      7 :  0.5351 0.4507 0.0050 0.0030 0.0062 
 655      655   (0)      7 :  0.5609 0.4094 0.0060 0.0170 0.0066 
 656      656   (0)      7 :  0.5291 0.4443 0.0104 0.0078 0.0084 
 657      657   (0)      7 :  0.5402 0.4452 0.0050 0.0054 0.0042 
 658      658   (0)      7 :  0.4531 0.5163 0.0086 0.0134 0.0086 
 659      659   (0)      7 :  0.4692 0.5218 0.0030 0.0030 0.0030 
 660      660   (0)      7 :  0.5483 0.4397 0.0056 0.0020 0.0044 
 661      661   (0)      7 :  0.4335 0.5231 0.0138 0.0186 0.0110 
 662      662   (0)      7 :  0.5702 0.4026 0.0076 0.0128 0.0068 
 663      663   (0)      7 :  0.5054 0.4450 0.0114 0.0258 0.0124 
 664      664   (0)      7 :  0.6771 0.3133 0.0030 0.0040 0.0026 
 665      665   (0)      7 :  0.5308 0.4120 0.0208 0.0126 0.0238 
 666      666   (0)      7 :  0.4236 0.5448 0.0100 0.0128 0.0088 
 667      667   (0)      7 :  0.5871 0.3979 0.0052 0.0030 0.0068 
 668      668   (0)      7 :  0.4943 0.4877 0.0056 0.0040 0.0084 
 669      669   (0)      7 :  0.5338 0.4516 0.0050 0.0040 0.0056 
 670      670   (0)      7 :  0.6490 0.3314 0.0064 0.0054 0.0078 
 671      671   (0)      7 :  0.4923 0.4903 0.0078 0.0030 0.0066 
 672      672   (0)      7 :  0.2078 0.7754 0.0042 0.0068 0.0058 
 673      673   (0)      7 :  0.4759 0.4953 0.0110 0.0062 0.0116 
 674      674   (0)      7 :  0.2894 0.6918 0.0080 0.0050 0.0058 
 675      675   (0)      7 :  0.3951 0.5813 0.0072 0.0064 0.0100 
 676      676   (0)      7 :  0.3947 0.5923 0.0056 0.0028 0.0046 
 677      677   (0)      7 :  0.5671 0.4051 0.0140 0.0078 0.0060 
 678      678   (0)      7 :  0.5239 0.4055 0.0204 0.0038 0.0464 
 679      679   (0)      7 :  0.4626 0.5252 0.0048 0.0030 0.0044 
 680      680   (0)      7 :  0.5328 0.4308 0.0142 0.0104 0.0118 
 681      681   (0)      7 :  0.3405 0.6435 0.0066 0.0044 0.0050 
 682      682   (0)      7 :  0.3608 0.6240 0.0064 0.0040 0.0048 
 683      683   (0)      7 :  0.5018 0.4024 0.0674 0.0054 0.0230 
 684      684   (0)      7 :  0.4309 0.5577 0.0040 0.0040 0.0034 
 685      685   (0)      7 :  0.4547 0.5281 0.0044 0.0038 0.0090 
 686      686   (0)      7 :  0.6650 0.3006 0.0086 0.0176 0.0082 
 687      687   (0)      7 :  0.6212 0.3582 0.0052 0.0104 0.0050 
 688      688   (0)      7 :  0.5718 0.4070 0.0068 0.0088 0.0056 
 689      689   (0)      7 :  0.4525 0.5385 0.0030 0.0030 0.0030 
 690      690   (0)      7 :  0.5574 0.4070 0.0102 0.0124 0.0130 
 691      691   (0)      7 :  0.5969 0.3807 0.0128 0.0034 0.0062 
 692      692   (0)      7 :  0.5342 0.4484 0.0080 0.0030 0.0064 
 693      693   (0)      7 :  0.3954 0.5902 0.0050 0.0040 0.0054 
 694      694   (0)      7 :  0.3766 0.6080 0.0058 0.0050 0.0046 
 695      695   (0)      7 :  0.4672 0.5072 0.0062 0.0084 0.0110 
 696      696   (0)      7 :  0.4520 0.4980 0.0068 0.0382 0.0050 
 697      697   (0)      7 :  0.4634 0.5050 0.0180 0.0030 0.0106 
 698      698   (0)      7 :  0.4778 0.4786 0.0180 0.0044 0.0212 
 699      699   (0)      7 :  0.5419 0.4417 0.0064 0.0042 0.0058 
 700      700   (0)      7 :  0.4062 0.5286 0.0186 0.0058 0.0408 
 701      701   (0)      7 :  0.5197 0.4561 0.0040 0.0118 0.0084 
 702      702   (0)      7 :  0.5623 0.4261 0.0044 0.0034 0.0038 
 703      703   (0)      7 :  0.5430 0.4174 0.0104 0.0200 0.0092 
 704      704   (0)      7 :  0.3183 0.6617 0.0068 0.0084 0.0048 
 705      705   (0)      7 :  0.5131 0.4445 0.0204 0.0124 0.0096 
 706      706   (0)      7 :  0.6167 0.3711 0.0038 0.0044 0.0040 
 707      707   (0)      8 :  0.4291 0.0046 0.3456 0.0054 0.2153 
 708      708   (0)      8 :  0.4170 0.0034 0.3314 0.0038 0.2444 
 709      709   (0)      8 :  0.4060 0.0122 0.3271 0.0154 0.2393 
 710      710   (0)      8 :  0.5159 0.0104 0.3044 0.0050 0.1643 
 711      711   (0)      8 :  0.3041 0.0090 0.4131 0.0072 0.2666 
 712      712   (0)      8 :  0.4316 0.0116 0.3638 0.0048 0.1882 
 713      713   (0)      8 :  0.3586 0.0356 0.3883 0.0040 0.2135 
 714      714   (0)      8 :  0.3379 0.0298 0.3895 0.0040 0.2387 
 715      715   (0)      8 :  0.3767 0.0182 0.3770 0.0240 0.2041 
 716      716   (0)      8 :  0.6613 0.0284 0.0966 0.0084 0.2053 
 717      717   (0)      8 :  0.6457 0.0052 0.1970 0.0068 0.1453 
 718      718   (0)      8 :  0.2359 0.0124 0.4518 0.0042 0.2957 
 719      719   (0)      8 :  0.4043 0.0062 0.3679 0.0038 0.2178 
 720      720   (0)      8 :  0.4586 0.0432 0.3163 0.0056 0.1763 
 721      721   (0)      8 :  0.3826 0.0042 0.3610 0.0102 0.2420 
 722      722   (0)      8 :  0.5095 0.0644 0.2705 0.0080 0.1476 
 723      723   (0)      8 :  0.4943 0.0640 0.2637 0.0040 0.1740 
 724      724   (0)      8 :  0.5070 0.0052 0.2862 0.0030 0.1986 
 725      725   (0)      8 :  0.1985 0.0068 0.4015 0.0086 0.3845 
 726      726   (0)      8 :  0.4958 0.0128 0.2986 0.0172 0.1756 
 727      727   (0)      8 :  0.3520 0.0086 0.3792 0.0038 0.2565 
 728      728   (0)      8 :  0.4810 0.0656 0.2793 0.0034 0.1707 
 729      729   (0)      8 :  0.4700 0.0084 0.3260 0.0048 0.1908 
 730      730   (0)      8 :  0.4771 0.0064 0.3056 0.0050 0.2059 
 731      731   (0)      8 :  0.4661 0.0074 0.3839 0.0078 0.1348 
 732      732   (0)      8 :  0.0814 0.0034 0.5602 0.0094 0.3456 
 733      733   (0)      8 :  0.2919 0.0066 0.5925 0.0050 0.1040 
 734      734   (0)      8 :  0.2562 0.0048 0.4046 0.0090 0.3254 
 735      735   (0)      8 :  0.3108 0.0052 0.3688 0.0714 0.2438 
 736      736   (0)      8 :  0.4250 0.0506 0.3043 0.0154 0.2047 
 737      737   (0)      8 :  0.5125 0.0174 0.2251 0.0092 0.2358 
 738      738   (0)      8 :  0.5705 0.0362 0.2410 0.0030 0.1493 
 739      739   (0)      8 :  0.4688 0.0074 0.3152 0.0030 0.2056 
 740      740   (0)      8 :  0.4494 0.0038 0.2603 0.0092 0.2773 
 741      741   (0)      8 :  0.2077 0.0118 0.4267 0.0612 0.2927 
 742      742   (0)      8 :  0.5012 0.0200 0.2615 0.0030 0.2143 
 743      743   (0)      8 :  0.4723 0.0048 0.2934 0.0030 0.2265 
 744      744   (0)      8 :  0.5124 0.0070 0.2994 0.0050 0.1762 
 745      745   (0)      8 :  0.5358 0.0040 0.2668 0.0120 0.1814 
 746      746   (0)      8 :  0.5329 0.0278 0.2878 0.0068 0.1447 
 747      747   (0)      8 :  0.3734 0.0120 0.3718 0.0038 0.2390 
 748      748   (0)      8 :  0.4213 0.0048 0.3348 0.0048 0.2343 
 749      749   (0)      8 :  0.3981 0.0130 0.3544 0.0034 0.2311 
 750      750   (0)      8 :  0.4655 0.0148 0.3118 0.0040 0.2039 
 751      751   (0)      8 :  0.5248 0.0058 0.2791 0.0114 0.1789 
 752      752   (0)      8 :  0.4731 0.0852 0.2984 0.0068 0.1365 
 753      753   (0)      8 :  0.4149 0.0118 0.3518 0.0032 0.2183 
 754      754   (0)      8 :  0.3159 0.0076 0.3693 0.0088 0.2984 
 755      755   (0)      8 :  0.4248 0.0054 0.3532 0.0120 0.2046 
 756      756   (0)      8 :  0.5166 0.0266 0.2711 0.0084 0.1773 
 757      757   (0)      8 :  0.4380 0.0428 0.3422 0.0034 0.1736 
 758      758   (0)      8 :  0.5697 0.0066 0.2589 0.0052 0.1596 
 759      759   (0)      8 :  0.3732 0.0068 0.3704 0.0044 0.2452 
 760      760   (0)      8 :  0.4579 0.0084 0.2887 0.0632 0.1818 
 761      761   (0)      8 :  0.2944 0.0054 0.4125 0.0040 0.2837 
 762      762   (0)      8 :  0.3564 0.0058 0.3537 0.0042 0.2799 
 763      763   (0)      8 :  0.3926 0.0094 0.3696 0.0084 0.2201 
 764      764   (0)      8 :  0.4085 0.0040 0.3602 0.0054 0.2219 
 765      765   (0)      8 :  0.4027 0.0092 0.3135 0.0092 0.2654 
 766      766   (0)      8 :  0.4382 0.0074 0.3868 0.0098 0.1578 
 767      767   (0)      8 :  0.6626 0.0076 0.1679 0.0064 0.1555 
 768      768   (0)      8 :  0.4648 0.0092 0.2347 0.1174 0.1739 
 769      769   (0)      8 :  0.5765 0.0316 0.2410 0.0146 0.1363 
 770      770   (0)      8 :  0.5585 0.0456 0.2295 0.0088 0.1576 
 771      771   (0)      8 :  0.3116 0.0052 0.4563 0.0040 0.2229 
 772      772   (0)      8 :  0.5632 0.0072 0.2395 0.0058 0.1843 
 773      773   (0)      8 :  0.5351 0.0054 0.2724 0.0020 0.1851 
 774      774   (0)      8 :  0.3999 0.0070 0.3094 0.0710 0.2127 
 775      775   (0)      8 :  0.4584 0.0849 0.2810 0.0050 0.1708 
 776      776   (0)      8 :  0.1676 0.0086 0.4774 0.0030 0.3434 
 777      777   (0)      8 :  0.6016 0.0072 0.2290 0.0074 0.1547 
 778      778   (0)      8 :  0.6761 0.0076 0.1963 0.0112 0.1089 
 779      779   (0)      8 :  0.3445 0.0062 0.3738 0.0078 0.2677 
 780      780   (0)      8 :  0.5142 0.0676 0.2665 0.0044 0.1473 
 781      781   (0)      8 :  0.4697 0.0164 0.2997 0.0030 0.2112 
 782      782   (0)      8 :  0.3839 0.0092 0.3488 0.0030 0.2551 
 783      783   (0)      8 :  0.4323 0.0216 0.4700 0.0082 0.0678 
 784      784   (0)      8 :  0.3146 0.0048 0.3731 0.0150 0.2925 
 785      785   (0)      8 :  0.1796 0.0030 0.4162 0.0046 0.3966 
 786      786   (0)      8 :  0.4657 0.0062 0.3166 0.0072 0.2043 
 787      787   (0)      8 :  0.3863 0.0076 0.3406 0.0046 0.2608 
 788      788   (0)      8 :  0.3822 0.0064 0.3712 0.0058 0.2344 
 789      789   (0)      8 :  0.3430 0.0044 0.3959 0.0040 0.2527 
 790      790   (0)      8 :  0.6553 0.0122 0.0752 0.2017 0.0556 
 791      791   (0)      8 :  0.5387 0.0052 0.2609 0.0056 0.1896 
 792      792   (0)      8 :  0.4622 0.0070 0.3080 0.0054 0.2174 
 793      793   (0)      8 :  0.5575 0.0819 0.2548 0.0052 0.1007 
 794      794   (0)      8 :  0.5281 0.0098 0.2753 0.0046 0.1822 
 795      795   (0)      8 :  0.4416 0.0108 0.3339 0.0034 0.2103 
 796      796   (0)      8 :  0.4401 0.0028 0.3248 0.0058 0.2265 
 797      797   (0)      8 :  0.5610 0.0404 0.2193 0.0218 0.1575 
 798      798   (0)      8 :  0.5893 0.0542 0.1957 0.0144 0.1465 
 799      799   (0)      8 :  0.4589 0.0078 0.3372 0.0634 0.1327 
 800      800   (0)      8 :  0.2879 0.0088 0.3834 0.0232 0.2967 
 801      801   (0)      8 :  0.5013 0.0078 0.2854 0.0194 0.1861 
 802      802   (0)      8 :  0.4570 0.0508 0.2583 0.0070 0.2269 
 803      803   (0)      8 :  0.5445 0.0094 0.2758 0.0048 0.1655 
 804      804   (0)      8 :  0.5277 0.0078 0.2697 0.0178 0.1770 
 805      805   (0)      8 :  0.5033 0.0048 0.2705 0.0158 0.2056 
 806      806   (0)      8 :  0.4893 0.0096 0.2890 0.0054 0.2067 
 807      807   (0)      9 :  0.0120 0.0232 0.0702 0.0050 0.8896 
 808      808   (0)      9 :  0.0190 0.0062 0.2610 0.0044 0.7094 
 809      809   (0)     10 :  0.1548 0.0040 0.0082 0.0234 0.8096 
 810      810   (0)     10 :  0.0416 0.0044 0.0188 0.0044 0.9309 
 811      811   (0)     10 :  0.0962 0.0732 0.0206 0.0572 0.7527 
 812      812   (0)     10 :  0.0984 0.0064 0.0068 0.0070 0.8814 
 813      813   (0)     10 :  0.0242 0.0104 0.1477 0.0088 0.8089 
 814      814   (0)     10 :  0.0848 0.0218 0.2069 0.0030 0.6834 
 815      815   (0)     10 :  0.1996 0.0054 0.0062 0.0120 0.7768 
 816      816   (0)     10 :  0.2754 0.0106 0.3732 0.0666 0.2741 
 817      817   (0)     10 :  0.1997 0.0082 0.0634 0.0854 0.6433 
 818      818   (0)     10 :  0.4399 0.0098 0.0108 0.0048 0.5347 
 819      819   (0)     10 :  0.3417 0.0152 0.0088 0.0072 0.6271 
 820      820   (0)     10 :  0.1534 0.0030 0.0092 0.0088 0.8256 
 821      821   (0)     10 :  0.2847 0.0102 0.0164 0.0224 0.6663 
 822      822   (0)     10 :  0.3224 0.0136 0.0154 0.0744 0.5743 
 823      823   (0)     10 :  0.0254 0.0034 0.2200 0.0566 0.6946 
 824      824   (0)     10 :  0.0802 0.0048 0.1825 0.1104 0.6222 
 825      825   (0)     10 :  0.0622 0.0140 0.0236 0.0804 0.8198 
 826      826   (0)     10 :  0.1686 0.0034 0.0152 0.0178 0.7950 
 827      827   (0)     10 :  0.2456 0.0242 0.0100 0.0156 0.7045 
 828      828   (0)     10 :  0.1219 0.0052 0.0176 0.0072 0.8481 
 829      829   (0)     10 :  0.2273 0.0440 0.2456 0.0422 0.4409 
 830      830   (0)     10 :  0.2687 0.0174 0.0146 0.0368 0.6625 
 831      831   (0)     10 :  0.0710 0.0272 0.0550 0.0040 0.8429 
 832      832   (0)     10 :  0.0226 0.0052 0.0492 0.0126 0.9104 
 833      833   (0)     10 :  0.0326 0.0320 0.1155 0.0086 0.8113 
 834      834   (0)     10 :  0.0090 0.0472 0.0084 0.0100 0.9255 
 835      835   (0)     10 :  0.0196 0.0030 0.1806 0.0080 0.7888 
 836      836   (0)     10 :  0.3419 0.0038 0.0342 0.0150 0.6051 
 837      837   (0)     10 :  0.0646 0.0034 0.1274 0.0058 0.7988 
 838      838   (0)     10 :  0.0174 0.0030 0.0066 0.0112 0.9618 
 839      839   (0)     10 :  0.4752 0.0050 0.0076 0.0216 0.4906 
 840      840   (0)     10 :  0.2131 0.0158 0.0058 0.0050 0.7604 
 841      841   (0)     10 :  0.2311 0.0046 0.0084 0.0186 0.7373 
 842      842   (0)     10 :  0.0860 0.0534 0.0984 0.0048 0.7575 
 843      843   (0)     10 :  0.2368 0.0350 0.0338 0.0052 0.6891 
 844      844   (0)     10 :  0.1889 0.0128 0.0116 0.0052 0.7815 
 845      845   (0)     10 :  0.0162 0.0308 0.0082 0.0098 0.9350 
 846      846   (0)     10 :  0.1806 0.0036 0.0100 0.0358 0.7700 
 847      847   (0)     10 :  0.0278 0.0134 0.1186 0.0094 0.8308 
 848      848   (0)     10 :  0.2360 0.0068 0.0168 0.0078 0.7326 
 849      849   (0)     10 :  0.3568 0.0048 0.0394 0.0694 0.5296 
 850      850   (0)     10 :  0.2074 0.0974 0.0162 0.0284 0.6506 
 851      851   (0)     10 :  0.0392 0.0046 0.0108 0.0964 0.8490 
 852      852   (0)     10 :  0.2026 0.0092 0.2098 0.0324 0.5460 
 853      853   (0)     10 :  0.0410 0.0398 0.0254 0.0122 0.8816 
 854      854   (0)     10 :  0.4004 0.0162 0.1583 0.0052 0.4198 
 855      855   (0)     10 :  0.2611 0.0090 0.0118 0.0782 0.6399 
 856      856   (0)     10 :  0.1717 0.0108 0.0136 0.0094 0.7945 
 857      857   (0)     10 :  0.0120 0.0096 0.0626 0.0194 0.8964 
 858      858   (0)     10 :  0.0388 0.0034 0.0134 0.0500 0.8944 
 859      859   (0)     10 :  0.1233 0.0048 0.0168 0.0088 0.8463 
 860      860   (0)     10 :  0.2320 0.0098 0.0194 0.0184 0.7203 
 861      861   (0)     10 :  0.1758 0.0050 0.0142 0.0190 0.7860 
 862      862   (0)     10 :  0.0484 0.0034 0.0180 0.0036 0.9266 
 863      863   (0)     10 :  0.2976 0.0070 0.0094 0.0074 0.6786 
 864      864   (0)     10 :  0.2930 0.0354 0.0358 0.0284 0.6075 
 865      865   (0)     10 :  0.2506 0.0034 0.0370 0.0348 0.6742 
 866      866   (0)     10 :  0.6513 0.0030 0.0634 0.0060 0.2763 
 867      867   (0)     10 :  0.2270 0.0126 0.0250 0.0162 0.7193 
 868      868   (0)     10 :  0.0102 0.0026 0.1549 0.0296 0.8027 
 869      869   (0)     10 :  0.0522 0.0364 0.0172 0.0136 0.8806 
 870      870   (0)     10 :  0.0444 0.0056 0.0244 0.0188 0.9068 
 871      871   (0)     10 :  0.4658 0.0100 0.0102 0.0050 0.5090 
 872      872   (0)     10 :  0.1198 0.0128 0.0116 0.0188 0.8370 
 873      873   (0)     10 :  0.0078 0.0090 0.0124 0.0326 0.9382 
 874      874   (0)     10 :  0.0576 0.0052 0.0590 0.0092 0.8689 
 875      875   (0)     10 :  0.1138 0.0030 0.0098 0.0126 0.8608 
 876      876   (0)     10 :  0.2880 0.0056 0.0086 0.0050 0.6928 
 877      877   (0)     10 :  0.2943 0.0030 0.2275 0.0118 0.4634 
 878      878   (0)     10 :  0.3291 0.0030 0.0112 0.0134 0.6433 
 879      879   (0)     10 :  0.0226 0.0166 0.0396 0.0070 0.9142 
 880      880   (0)     10 :  0.2328 0.0068 0.0136 0.0886 0.6581 
 881      881   (0)     10 :  0.2722 0.0118 0.0390 0.0076 0.6694 
 882      882   (0)     10 :  0.2410 0.0056 0.0122 0.0100 0.7312 
 883      883   (0)     10 :  0.1586 0.0044 0.0474 0.0950 0.6946 
 884      884   (0)     10 :  0.3621 0.0034 0.1016 0.0194 0.5135 
 885      885   (0)     10 :  0.2351 0.0040 0.0366 0.0170 0.7073 
 886      886   (0)     10 :  0.0986 0.0274 0.0236 0.0050 0.8454 
 887      887   (0)     10 :  0.3592 0.0050 0.1241 0.0098 0.5019 
 888      888   (0)     10 :  0.0672 0.0078 0.0434 0.0176 0.8639 
 889      889   (0)     10 :  0.0340 0.0104 0.1186 0.1728 0.6642 
 890      890   (0)     10 :  0.3253 0.0062 0.0260 0.0070 0.6355 
 891      891   (0)     10 :  0.1572 0.0048 0.0192 0.0042 0.8146 
 892      892   (0)     10 :  0.1943 0.0070 0.0122 0.0128 0.7737 
 893      893   (0)     10 :  0.1917 0.0020 0.0676 0.0040 0.7346 
 894      894   (0)     10 :  0.2820 0.0050 0.0140 0.0024 0.6966 
 895      895   (0)     10 :  0.3038 0.0030 0.0108 0.0050 0.6774 
 896      896   (0)     10 :  0.2578 0.0102 0.0394 0.0040 0.6886 
 897      897   (0)     10 :  0.0184 0.0282 0.2915 0.1721 0.4898 
 898      898   (0)     10 :  0.2694 0.0070 0.0166 0.0320 0.6751 
 899      899   (0)     10 :  0.1648 0.0062 0.2034 0.0076 0.6180 
 900      900   (0)     10 :  0.0702 0.0178 0.1068 0.0098 0.7954 
 901      901   (0)     10 :  0.0084 0.0086 0.0234 0.0146 0.9450 
 902      902   (0)     10 :  0.2797 0.0074 0.0174 0.0048 0.6907 
 903      903   (0)     10 :  0.3535 0.0048 0.0342 0.0290 0.5785 
 904      904   (0)     10 :  0.1507 0.0182 0.0882 0.0560 0.6869 
 905      905   (0)     10 :  0.3728 0.0040 0.0354 0.0056 0.5822 
 906      906   (0)     10 :  0.3290 0.0050 0.0122 0.0124 0.6414 
 907      907   (0)     10 :  0.0456 0.0092 0.0580 0.0108 0.8764 
 908      908   (0)     10 :  0.0488 0.0068 0.2260 0.0058 0.7127 
 909      909   (0)     11 :  0.0960 0.0158 0.7038 0.0104 0.1740 
 910      910   (0)     11 :  0.0450 0.0092 0.7564 0.0050 0.1844 
 911      911   (0)     11 :  0.1028 0.0096 0.5658 0.0150 0.3068 
 912      912   (0)     11 :  0.2974 0.0160 0.5408 0.0030 0.1428 
 913      913   (0)     11 :  0.0602 0.0080 0.7112 0.0120 0.2086 
 914      914   (0)     11 :  0.4343 0.0030 0.4329 0.0044 0.1254 
 915      915   (0)     11 :  0.0566 0.0312 0.7358 0.0048 0.1716 
 916      916   (0)     11 :  0.0276 0.0144 0.7414 0.0084 0.2082 
 917      917   (0)     11 :  0.0152 0.0036 0.7102 0.0100 0.2610 
 918      918   (0)     11 :  0.0820 0.0152 0.6765 0.0066 0.2196 
 919      919   (0)     11 :  0.0888 0.0314 0.6862 0.0066 0.1870 
 920      920   (0)     11 :  0.1481 0.0130 0.6211 0.0168 0.2010 
 921      921   (0)     11 :  0.3013 0.0030 0.5261 0.0058 0.1638 
 922      922   (0)     11 :  0.1531 0.0262 0.6286 0.0080 0.1840 
 923      923   (0)     11 :  0.1976 0.0888 0.5525 0.0064 0.1548 
 924      924   (0)     11 :  0.1750 0.0068 0.6452 0.0136 0.1594 
 925      925   (0)     11 :  0.1264 0.0072 0.6180 0.0400 0.2084 
 926      926   (0)     11 :  0.2850 0.0172 0.5461 0.0058 0.1459 
 927      927   (0)     11 :  0.1960 0.0040 0.6182 0.0052 0.1766 
 928      928   (0)     11 :  0.0776 0.0264 0.6850 0.0144 0.1966 
 929      929   (0)     11 :  0.2224 0.0038 0.6056 0.0060 0.1622 
 930      930   (0)     11 :  0.0258 0.0210 0.6519 0.0050 0.2963 
 931      931   (0)     11 :  0.1419 0.0038 0.4136 0.0058 0.4349 
 932      932   (0)     11 :  0.0076 0.0032 0.7276 0.0084 0.2532 
 933      933   (0)     11 :  0.1260 0.0050 0.6563 0.0232 0.1895 
 934      934   (0)     11 :  0.0140 0.0184 0.7644 0.0086 0.1946 
 935      935   (0)     11 :  0.3015 0.0036 0.5461 0.0028 0.1460 
 936      936   (0)     11 :  0.2206 0.0044 0.5171 0.0058 0.2522 
 937      937   (0)     11 :  0.0304 0.0072 0.7376 0.0034 0.2214 
 938      938   (0)     11 :  0.0650 0.0040 0.7274 0.0092 0.1944 
 939      939   (0)     11 :  0.2724 0.0630 0.4875 0.0904 0.0867 
 940      940   (0)     11 :  0.2951 0.0676 0.4831 0.0118 0.1424 
 941      941   (0)     11 :  0.0664 0.0036 0.7186 0.0042 0.2072 
 942      942   (0)     11 :  0.3706 0.0082 0.4871 0.0100 0.1241 
 943      943   (0)     11 :  0.3511 0.0156 0.5035 0.0050 0.1248 
 944      944   (0)     11 :  0.1432 0.0086 0.6067 0.0708 0.1708 
 945      945   (0)     11 :  0.4308 0.0146 0.4037 0.0162 0.1347 
 946      946   (0)     11 :  0.5848 0.0228 0.3084 0.0328 0.0512 
 947      947   (0)     11 :  0.0982 0.0030 0.7126 0.0112 0.1750 
 948      948   (0)     11 :  0.4445 0.0040 0.4107 0.0066 0.1342 
 949      949   (0)     11 :  0.3296 0.0250 0.5226 0.0138 0.1090 
 950      950   (0)     11 :  0.1839 0.0262 0.5348 0.0402 0.2148 
 951      951   (0)     11 :  0.0172 0.0542 0.7448 0.0180 0.1658 
 952      952   (0)     11 :  0.0486 0.1158 0.6688 0.0030 0.1638 
 953      953   (0)     11 :  0.0658 0.1479 0.6074 0.0054 0.1736 
 954      954   (0)     11 :  0.2422 0.0040 0.5830 0.0030 0.1678 
 955      955   (0)     11 :  0.3979 0.0060 0.3058 0.0058 0.2846 
 956      956   (0)     11 :  0.1666 0.0064 0.6286 0.0066 0.1918 
 957      957   (0)     11 :  0.2128 0.0040 0.6235 0.0032 0.1565 
 958      958   (0)     11 :  0.3025 0.1796 0.3479 0.0044 0.1656 
 959      959   (0)     11 :  0.0120 0.0078 0.7796 0.0042 0.1964 
 960      960   (0)     11 :  0.1497 0.0048 0.6561 0.0124 0.1770 
 961      961   (0)     11 :  0.1590 0.0126 0.6238 0.0038 0.2007 
 962      962   (0)     11 :  0.0080 0.0030 0.7514 0.0166 0.2210 
 963      963   (0)     11 :  0.2140 0.0108 0.5972 0.0068 0.1712 
 964      964   (0)     11 :  0.1063 0.0134 0.6573 0.0176 0.2054 
 965      965   (0)     11 :  0.2204 0.0042 0.6164 0.0036 0.1554 
 966      966   (0)     11 :  0.1855 0.0088 0.6354 0.0044 0.1658 
 967      967   (0)     11 :  0.0582 0.0992 0.6862 0.0040 0.1525 
 968      968   (0)     11 :  0.0206 0.0250 0.7240 0.0038 0.2266 
 969      969   (0)     11 :  0.1336 0.0062 0.6708 0.0038 0.1856 
 970      970   (0)     11 :  0.1963 0.0348 0.6160 0.0054 0.1475 
 971      971   (0)     11 :  0.0244 0.0068 0.7774 0.0060 0.1854 
 972      972   (0)     11 :  0.2116 0.0078 0.6327 0.0066 0.1413 
 973      973   (0)     11 :  0.3125 0.0244 0.5093 0.0072 0.1466 
 974      974   (0)     11 :  0.4150 0.0066 0.4476 0.0038 0.1270 
 975      975   (0)     11 :  0.0322 0.0046 0.6854 0.0074 0.2704 
 976      976   (0)     11 :  0.0204 0.0100 0.7220 0.0042 0.2434 
 977      977   (0)     11 :  0.2386 0.0030 0.6052 0.0044 0.1488 
 978      978   (0)     11 :  0.0486 0.0252 0.7360 0.0112 0.1790 
 979      979   (0)     11 :  0.0748 0.0070 0.6067 0.1572 0.1544 
 980      980   (0)     11 :  0.1586 0.0068 0.6420 0.0042 0.1884 
 981      981   (0)     11 :  0.0114 0.0074 0.7828 0.0050 0.1934 
 982      982   (0)     11 :  0.2356 0.0096 0.6122 0.0114 0.1312 
 983      983   (0)     11 :  0.0850 0.0124 0.6904 0.0124 0.1998 
 984      984   (0)     11 :  0.4542 0.0082 0.2425 0.0470 0.2481 
 985      985   (0)     11 :  0.0838 0.0036 0.7426 0.0050 0.1650 
 986      986   (0)     11 :  0.3154 0.0112 0.5060 0.0154 0.1520 
 987      987   (0)     11 :  0.0462 0.0058 0.7254 0.0078 0.2148 
 988      988   (0)     11 :  0.6302 0.0094 0.2749 0.0034 0.0821 
 989      989   (0)     11 :  0.1050 0.0064 0.6282 0.0052 0.2552 
 990      990   (0)     11 :  0.2002 0.0188 0.6222 0.0042 0.1547 
 991      991   (0)     11 :  0.0666 0.0060 0.7570 0.0198 0.1507 
 992      992   (0)     11 :  0.1234 0.0064 0.6700 0.0068 0.1934 
 993      993   (0)     11 :  0.1080 0.0048 0.7209 0.0030 0.1633 
 994      994   (0)     11 :  0.0098 0.0042 0.7748 0.0034 0.2078 
 995      995   (0)     11 :  0.1542 0.0084 0.6842 0.0074 0.1458 
 996      996   (0)     11 :  0.0070 0.0080 0.7730 0.0082 0.2038 
 997      997   (0)     11 :  0.0288 0.1791 0.5986 0.0070 0.1864 
 998      998   (0)     11 :  0.0314 0.0056 0.7666 0.0038 0.1926 
 999      999   (0)     11 :  0.3068 0.0040 0.5160 0.0038 0.1694 
1000     1000   (0)     11 :  0.3719 0.0044 0.4679 0.0112 0.1446 
1001     1001   (0)     11 :  0.3253 0.0050 0.5247 0.0094 0.1357 
1002     1002   (0)     11 :  0.0092 0.0078 0.7648 0.0104 0.2078 
1003     1003   (0)     11 :  0.1448 0.0030 0.6418 0.0044 0.2060 
1004     1004   (0)     11 :  0.0086 0.0884 0.6195 0.0226 0.2610 
1005     1005   (0)     11 :  0.2780 0.0050 0.5421 0.0298 0.1451 
1006     1006   (0)     11 :  0.1224 0.0274 0.6401 0.0084 0.2017 
1007     1007   (0)     11 :  0.3712 0.0180 0.4909 0.0034 0.1165 
1008     1008   (0)     11 :  0.2346 0.0036 0.5834 0.0044 0.1740 
1009     1009   (0)     12 :  0.2076 0.0050 0.0208 0.7454 0.0212 
1010     1010   (0)     12 :  0.2194 0.0050 0.0344 0.6848 0.0564 
1011     1011   (0)     12 :  0.2655 0.0054 0.0094 0.7143 0.0054 
1012     1012   (0)     12 :  0.0818 0.0110 0.0196 0.8766 0.0110 
1013     1013   (0)     12 :  0.2463 0.0020 0.0032 0.7431 0.0054 
1014     1014   (0)     12 :  0.1911 0.0030 0.0070 0.7597 0.0392 
1015     1015   (0)     12 :  0.3440 0.0178 0.0148 0.6036 0.0198 
1016     1016   (0)     12 :  0.2080 0.0030 0.0032 0.7820 0.0038 
1017     1017   (0)     12 :  0.1279 0.0630 0.0348 0.7525 0.0218 
1018     1018   (0)     12 :  0.2374 0.0412 0.0194 0.6863 0.0156 
1019     1019   (0)     12 :  0.3133 0.0040 0.0054 0.6741 0.0032 
1020     1020   (0)     12 :  0.2264 0.0034 0.0086 0.7562 0.0054 
1021     1021   (0)     12 :  0.0288 0.1098 0.0260 0.8068 0.0286 
1022     1022   (0)     12 :  0.2110 0.0114 0.0278 0.7315 0.0184 
1023     1023   (0)     12 :  0.3888 0.0034 0.0050 0.5980 0.0048 
1024     1024   (0)     12 :  0.2807 0.0030 0.0030 0.7095 0.0038 
1025     1025   (0)     12 :  0.1537 0.0024 0.0130 0.8115 0.0194 
1026     1026   (0)     12 :  0.1517 0.0050 0.0112 0.8239 0.0082 
1027     1027   (0)     12 :  0.3331 0.0054 0.0042 0.6539 0.0034 
1028     1028   (0)     12 :  0.0984 0.0444 0.0076 0.8422 0.0074 
1029     1029   (0)     12 :  0.1910 0.1484 0.0076 0.6427 0.0104 
1030     1030   (0)     12 :  0.3040 0.0050 0.0058 0.6792 0.0060 
1031     1031   (0)     12 :  0.2909 0.0080 0.0096 0.6831 0.0084 
1032     1032   (0)     12 :  0.2917 0.0044 0.0088 0.6891 0.0060 
1033     1033   (0)     12 :  0.2430 0.0104 0.0138 0.7218 0.0110 
1034     1034   (0)     12 :  0.2180 0.0244 0.0160 0.7185 0.0232 
1035     1035   (0)     12 :  0.3217 0.0050 0.0046 0.6553 0.0134 
1036     1036   (0)     12 :  0.1150 0.0030 0.0086 0.8462 0.0272 
1037     1037   (0)     12 :  0.2438 0.0060 0.0088 0.7275 0.0138 
1038     1038   (0)     12 :  0.2290 0.0054 0.0084 0.7424 0.0148 
1039     1039   (0)     12 :  0.1096 0.0150 0.0294 0.8291 0.0168 
1040     1040   (0)     12 :  0.2481 0.0050 0.0240 0.7143 0.0086 
1041     1041   (0)     12 :  0.2086 0.0050 0.0052 0.7762 0.0050 
1042     1042   (0)     12 :  0.3228 0.0030 0.0040 0.6662 0.0040 
1043     1043   (0)     12 :  0.1268 0.0830 0.0296 0.7343 0.0262 
1044     1044   (0)     12 :  0.0156 0.0060 0.0132 0.9324 0.0328 
1045     1045   (0)     12 :  0.2497 0.0044 0.0162 0.7131 0.0166 
1046     1046   (0)     12 :  0.1921 0.0074 0.1136 0.5394 0.1475 
1047     1047   (0)     12 :  0.3476 0.0284 0.0370 0.5700 0.0170 
1048     1048   (0)     12 :  0.2128 0.0030 0.0044 0.7760 0.0038 
1049     1049   (0)     12 :  0.0906 0.0024 0.0278 0.8628 0.0164 
1050     1050   (0)     12 :  0.3711 0.0050 0.0162 0.5991 0.0086 
1051     1051   (0)     12 :  0.1922 0.0274 0.0350 0.7243 0.0212 
1052     1052   (0)     12 :  0.2408 0.0060 0.0098 0.7317 0.0116 
1053     1053   (0)     12 :  0.3879 0.0036 0.0058 0.5907 0.0120 
1054     1054   (0)     12 :  0.2134 0.0040 0.0060 0.7706 0.0060 
1055     1055   (0)     12 :  0.1692 0.0030 0.0124 0.8054 0.0100 
1056     1056   (0)     12 :  0.0712 0.0582 0.0120 0.8380 0.0206 
1057     1057   (0)     12 :  0.1648 0.0030 0.0042 0.8234 0.0046 
1058     1058   (0)     12 :  0.1396 0.0188 0.0682 0.7572 0.0162 
1059     1059   (0)     12 :  0.3911 0.0054 0.0104 0.5803 0.0128 
1060     1060   (0)     12 :  0.2354 0.0020 0.0032 0.7558 0.0036 
1061     1061   (0)     12 :  0.2855 0.0066 0.0062 0.6941 0.0076 
1062     1062   (0)     12 :  0.3903 0.0108 0.0048 0.5897 0.0044 
1063     1063   (0)     12 :  0.2745 0.0050 0.0086 0.7043 0.0076 
1064     1064   (0)     12 :  0.1904 0.0030 0.0034 0.7988 0.0044 
1065     1065   (0)     12 :  0.0254 0.0042 0.0058 0.9578 0.0068 
1066     1066   (0)     12 :  0.1876 0.0068 0.0076 0.7870 0.0110 
1067     1067   (0)     12 :  0.2196 0.0030 0.0042 0.7656 0.0076 
1068     1068   (0)     12 :  0.2082 0.0030 0.0072 0.7650 0.0166 
1069     1069   (0)     12 :  0.0853 0.0030 0.0558 0.8261 0.0298 
1070     1070   (0)     12 :  0.2606 0.0030 0.0046 0.7276 0.0042 
1071     1071   (0)     12 :  0.1701 0.0034 0.0048 0.8157 0.0060 
1072     1072   (0)     12 :  0.2078 0.0034 0.0040 0.7808 0.0040 
1073     1073   (0)     12 :  0.0124 0.0284 0.0094 0.9318 0.0180 
1074     1074   (0)     12 :  0.0940 0.0168 0.0184 0.8364 0.0344 
1075     1075   (0)     12 :  0.1503 0.0028 0.0056 0.8363 0.0050 
1076     1076   (0)     12 :  0.1890 0.0060 0.0108 0.7736 0.0206 
1077     1077   (0)     12 :  0.0594 0.0020 0.0090 0.9016 0.0280 
1078     1078   (0)     12 :  0.1978 0.0050 0.0064 0.7858 0.0050 
1079     1079   (0)     12 :  0.2259 0.0024 0.0056 0.7607 0.0054 
1080     1080   (0)     12 :  0.3709 0.0298 0.0110 0.5787 0.0096 
1081     1081   (0)     12 :  0.1879 0.0030 0.0088 0.7917 0.0086 
1082     1082   (0)     12 :  0.2583 0.0044 0.0046 0.7269 0.0058 
1083     1083   (0)     12 :  0.3124 0.0044 0.0076 0.6678 0.0078 
1084     1084   (0)     12 :  0.3125 0.0068 0.0446 0.6027 0.0334 
1085     1085   (0)     12 :  0.2482 0.0074 0.0060 0.7282 0.0102 
1086     1086   (0)     12 :  0.1748 0.0098 0.0882 0.6051 0.1222 
1087     1087   (0)     12 :  0.0344 0.0028 0.0114 0.9466 0.0048 
1088     1088   (0)     12 :  0.2383 0.0050 0.0354 0.7074 0.0140 
1089     1089   (0)     12 :  0.1941 0.0060 0.0044 0.7887 0.0068 
1090     1090   (0)     12 :  0.4243 0.0080 0.0110 0.5471 0.0096 
1091     1091   (0)     12 :  0.2866 0.0020 0.0040 0.7040 0.0034 
1092     1092   (0)     12 :  0.2769 0.0040 0.0084 0.7055 0.0052 
1093     1093   (0)     12 :  0.0336 0.0304 0.0354 0.7917 0.1090 
1094     1094   (0)     12 :  0.4025 0.0074 0.0048 0.5811 0.0042 
1095     1095   (0)     12 :  0.2190 0.0070 0.0080 0.7465 0.0194 
1096     1096   (0)     12 :  0.1486 0.0064 0.0132 0.8222 0.0096 
1097     1097   (0)     12 :  0.1566 0.0066 0.0124 0.7882 0.0362 
1098     1098   (0)     12 :  0.2387 0.0050 0.0054 0.7473 0.0036 
1099     1099   (0)     12 :  0.1346 0.0190 0.0298 0.7898 0.0268 
1100     1100   (0)     12 :  0.1084 0.0286 0.0266 0.8172 0.0192 
1101     1101   (0)     12 :  0.1702 0.0164 0.0060 0.8008 0.0066 
1102     1102   (0)     12 :  0.1596 0.0054 0.0064 0.8220 0.0066 
1103     1103   (0)     12 :  0.2300 0.0024 0.0052 0.7582 0.0042 
1104     1104   (0)     12 :  0.2160 0.0020 0.0086 0.7688 0.0046 
1105     1105   (0)     12 :  0.1936 0.0088 0.0064 0.7780 0.0132 
1106     1106   (0)     12 :  0.2347 0.0054 0.0078 0.7439 0.0082 
1107     1107   (0)     12 :  0.2695 0.0162 0.0086 0.6983 0.0074 
1108     1108   (0)     12 :  0.2385 0.0064 0.0236 0.7211 0.0104 
1109     1109   (0)     13 :  0.1529 0.8365 0.0038 0.0034 0.0034 
1110     1110   (0)     13 :  0.1266 0.8456 0.0128 0.0036 0.0114 
1111     1111   (0)     13 :  0.3177 0.6679 0.0048 0.0060 0.0036 
1112     1112   (0)     13 :  0.0828 0.9032 0.0068 0.0024 0.0048 
1113     1113   (0)     13 :  0.3558 0.6226 0.0112 0.0040 0.0064 
1114     1114   (0)     13 :  0.1545 0.8317 0.0056 0.0038 0.0044 
1115     1115   (0)     13 :  0.0404 0.9032 0.0334 0.0030 0.0200 
1116     1116   (0)     13 :  0.1591 0.8129 0.0082 0.0142 0.0056 
1117     1117   (0)     13 :  0.1581 0.8303 0.0046 0.0036 0.0034 
1118     1118   (0)     13 :  0.0780 0.9094 0.0038 0.0034 0.0054 
1119     1119   (0)     13 :  0.2272 0.7312 0.0246 0.0040 0.0130 
1120     1120   (0)     13 :  0.2104 0.7742 0.0046 0.0020 0.0088 
1121     1121   (0)     13 :  0.1866 0.7920 0.0050 0.0088 0.0076 
1122     1122   (0)     13 :  0.2822 0.6517 0.0298 0.0140 0.0222 
1123     1123   (0)     13 :  0.1485 0.7844 0.0356 0.0198 0.0118 
1124     1124   (0)     13 :  0.0980 0.8816 0.0092 0.0060 0.0052 
1125     1125   (0)     13 :  0.1114 0.7694 0.0358 0.0338 0.0496 
1126     1126   (0)     13 :  0.0734 0.9042 0.0126 0.0024 0.0074 
1127     1127   (0)     13 :  0.0924 0.8886 0.0090 0.0054 0.0046 
1128     1128   (0)     13 :  0.1661 0.8125 0.0100 0.0050 0.0064 
1129     1129   (0)     13 :  0.3303 0.6541 0.0070 0.0034 0.0052 
1130     1130   (0)     13 :  0.3268 0.6542 0.0092 0.0030 0.0068 
1131     1131   (0)     13 :  0.1956 0.7648 0.0166 0.0054 0.0176 
1132     1132   (0)     13 :  0.1565 0.8301 0.0058 0.0040 0.0036 
1133     1133   (0)     13 :  0.0994 0.8646 0.0156 0.0094 0.0110 
1134     1134   (0)     13 :  0.2248 0.7600 0.0038 0.0074 0.0040 
1135     1135   (0)     13 :  0.4332 0.5512 0.0066 0.0030 0.0060 
1136     1136   (0)     13 :  0.1666 0.7319 0.0438 0.0034 0.0542 
1137     1137   (0)     13 :  0.0702 0.9148 0.0050 0.0050 0.0050 
1138     1138   (0)     13 :  0.3216 0.6622 0.0086 0.0030 0.0046 
1139     1139   (0)     13 :  0.2094 0.7832 0.0030 0.0020 0.0024 
1140     1140   (0)     13 :  0.3617 0.5916 0.0234 0.0054 0.0178 
1141     1141   (0)     13 :  0.2476 0.7330 0.0060 0.0038 0.0096 
1142     1142   (0)     13 :  0.2819 0.6989 0.0098 0.0026 0.0068 
1143     1143   (0)     13 :  0.2348 0.7469 0.0088 0.0034 0.0062 
1144     1144   (0)     13 :  0.2243 0.7567 0.0076 0.0054 0.0060 
1145     1145   (0)     13 :  0.2840 0.7036 0.0058 0.0030 0.0036 
1146     1146   (0)     13 :  0.0180 0.9454 0.0046 0.0142 0.0178 
1147     1147   (0)     13 :  0.0354 0.9302 0.0186 0.0034 0.0124 
1148     1148   (0)     13 :  0.2462 0.7428 0.0044 0.0020 0.0046 
1149     1149   (0)     13 :  0.2414 0.7375 0.0082 0.0030 0.0098 
1150     1150   (0)     13 :  0.2027 0.7865 0.0038 0.0040 0.0030 
1151     1151   (0)     13 :  0.2602 0.7256 0.0052 0.0038 0.0052 
1152     1152   (0)     13 :  0.2162 0.7481 0.0178 0.0034 0.0144 
1153     1153   (0)     13 :  0.0996 0.8856 0.0058 0.0040 0.0050 
1154     1154   (0)     13 :  0.1058 0.5692 0.2193 0.0096 0.0960 
1155     1155   (0)     13 :  0.1821 0.8060 0.0038 0.0030 0.0050 
1156     1156   (0)     13 :  0.0414 0.9452 0.0040 0.0060 0.0034 
1157     1157   (0)     13 :  0.2157 0.7617 0.0058 0.0050 0.0118 
1158     1158   (0)     13 :  0.1936 0.7804 0.0072 0.0094 0.0094 
1159     1159   (0)     13 :  0.1269 0.8377 0.0146 0.0060 0.0148 
1160     1160   (0)     13 :  0.1813 0.8015 0.0068 0.0048 0.0056 
1161     1161   (0)     13 :  0.3386 0.6474 0.0042 0.0060 0.0038 
1162     1162   (0)     13 :  0.0232 0.9562 0.0088 0.0048 0.0070 
1163     1163   (0)     13 :  0.0992 0.8798 0.0062 0.0050 0.0098 
1164     1164   (0)     13 :  0.2287 0.7595 0.0034 0.0040 0.0044 
1165     1165   (0)     13 :  0.1268 0.8384 0.0050 0.0216 0.0082 
1166     1166   (0)     13 :  0.2924 0.6830 0.0072 0.0090 0.0084 
1167     1167   (0)     13 :  0.0636 0.9226 0.0054 0.0040 0.0044 
1168     1168   (0)     13 :  0.0174 0.9272 0.0048 0.0190 0.0316 
1169     1169   (0)     13 :  0.4079 0.5743 0.0054 0.0060 0.0064 
1170     1170   (0)     13 :  0.2162 0.7740 0.0030 0.0030 0.0038 
1171     1171   (0)     13 :  0.2865 0.7033 0.0030 0.0038 0.0034 
1172     1172   (0)     13 :  0.1272 0.8620 0.0038 0.0020 0.0050 
1173     1173   (0)     13 :  0.3306 0.6536 0.0076 0.0030 0.0052 
1174     1174   (0)     13 :  0.2748 0.7146 0.0042 0.0024 0.0040 
1175     1175   (0)     13 :  0.3155 0.6605 0.0086 0.0054 0.0100 
1176     1176   (0)     13 :  0.1627 0.8203 0.0046 0.0050 0.0074 
1177     1177   (0)     13 :  0.3155 0.6657 0.0072 0.0040 0.0076 
1178     1178   (0)     13 :  0.2751 0.7089 0.0066 0.0040 0.0054 
1179     1179   (0)     13 :  0.0566 0.9066 0.0178 0.0068 0.0122 
1180     1180   (0)     13 :  0.3057 0.6325 0.0352 0.0102 0.0164 
1181     1181   (0)     13 :  0.2627 0.6935 0.0226 0.0050 0.0162 
1182     1182   (0)     13 :  0.0926 0.8814 0.0088 0.0040 0.0132 
1183     1183   (0)     13 :  0.0838 0.9048 0.0046 0.0030 0.0038 
1184     1184   (0)     13 :  0.4321 0.5491 0.0084 0.0030 0.0074 
1185     1185   (0)     13 :  0.1342 0.8288 0.0210 0.0060 0.0100 
1186     1186   (0)     13 :  0.1466 0.7448 0.0102 0.0838 0.0146 
1187     1187   (0)     13 :  0.2882 0.7024 0.0034 0.0030 0.0030 
1188     1188   (0)     13 :  0.1920 0.7984 0.0030 0.0030 0.0036 
1189     1189   (0)     13 :  0.0790 0.9100 0.0052 0.0024 0.0034 
1190     1190   (0)     13 :  0.1688 0.8180 0.0052 0.0030 0.0050 
1191     1191   (0)     13 :  0.2366 0.7432 0.0086 0.0030 0.0086 
1192     1192   (0)     13 :  0.3225 0.6619 0.0056 0.0054 0.0046 
1193     1193   (0)     13 :  0.2205 0.7613 0.0052 0.0040 0.0090 
1194     1194   (0)     13 :  0.1372 0.8534 0.0030 0.0030 0.0034 
1195     1195   (0)     13 :  0.2658 0.7196 0.0052 0.0040 0.0054 
1196     1196   (0)     13 :  0.0386 0.8774 0.0226 0.0328 0.0286 
1197     1197   (0)     13 :  0.0952 0.6625 0.1929 0.0030 0.0464 
1198     1198   (0)     13 :  0.2160 0.7552 0.0096 0.0104 0.0088 
1199     1199   (0)     13 :  0.0212 0.9480 0.0044 0.0114 0.0150 
1200     1200   (0)     13 :  0.2544 0.6978 0.0076 0.0162 0.0240 
1201     1201   (0)     13 :  0.0800 0.8774 0.0062 0.0144 0.0220 
1202     1202   (0)     13 :  0.0420 0.8944 0.0292 0.0082 0.0262 
1203     1203   (0)     13 :  0.1084 0.7234 0.0958 0.0028 0.0696 
1204     1204   (0)     13 :  0.3159 0.6709 0.0050 0.0028 0.0054 
1205     1205   (0)     13 :  0.2506 0.7153 0.0124 0.0044 0.0174 
1206     1206   (0)     13 :  0.2347 0.7539 0.0040 0.0034 0.0040 
1207     1207   (0)     13 :  0.0078 0.9704 0.0130 0.0040 0.0048 
1208     1208   (0)     13 :  0.3009 0.6765 0.0078 0.0030 0.0118 
1209     1209   (0)     14 :  0.2508 0.0048 0.4310 0.0038 0.3096 
1210     1210   (0)     14 :  0.2151 0.0030 0.4602 0.0236 0.2981 
1211     1211   (0)     14 :  0.1278 0.0218 0.4957 0.0354 0.3192 
1212     1212   (0)     14 :  0.2271 0.0214 0.4662 0.0056 0.2797 
1213     1213   (0)     14 :  0.0364 0.0092 0.5718 0.0028 0.3798 
1214     1214   (0)     14 :  0.2092 0.0130 0.4572 0.0034 0.3172 
1215     1215   (0)     14 :  0.1396 0.0064 0.5497 0.0042 0.3001 
1216     1216   (0)     14 :  0.1608 0.0118 0.4956 0.0050 0.3268 
1217     1217   (0)     14 :  0.1380 0.0058 0.4909 0.0050 0.3603 
1218     1218   (0)     14 :  0.1677 0.0100 0.5092 0.0176 0.2955 
1219     1219   (0)     14 :  0.1040 0.0204 0.5050 0.0056 0.3650 
1220     1220   (0)     14 :  0.2020 0.0090 0.4752 0.0200 0.2939 
1221     1221   (0)     14 :  0.0302 0.0048 0.5764 0.0040 0.3846 
1222     1222   (0)     14 :  0.0122 0.0328 0.5862 0.0042 0.3646 
1223     1223   (0)     14 :  0.2113 0.0248 0.4605 0.0038 0.2996 
1224     1224   (0)     14 :  0.5238 0.0076 0.2806 0.0038 0.1842 
1225     1225   (0)     14 :  0.3201 0.0052 0.4003 0.0214 0.2530 
1226     1226   (0)     14 :  0.0864 0.0150 0.5316 0.0046 0.3624 
1227     1227   (0)     14 :  0.3740 0.0192 0.3060 0.0042 0.2966 
1228     1228   (0)     14 :  0.0136 0.0118 0.5698 0.0118 0.3930 
1229     1229   (0)     14 :  0.1468 0.0110 0.4940 0.0138 0.3344 
1230     1230   (0)     14 :  0.1830 0.0134 0.4875 0.0076 0.3085 
1231     1231   (0)     14 :  0.1811 0.0520 0.4608 0.0144 0.2917 
1232     1232   (0)     14 :  0.0814 0.0040 0.5346 0.0160 0.3640 
1233     1233   (0)     14 :  0.2770 0.0038 0.4404 0.0030 0.2758 
1234     1234   (0)     14 :  0.0942 0.0226 0.5418 0.0028 0.3386 
1235     1235   (0)     14 :  0.1084 0.0030 0.4902 0.0050 0.3934 
1236     1236   (0)     14 :  0.0056 0.0086 0.5876 0.0056 0.3926 
1237     1237   (0)     14 :  0.3877 0.0150 0.3582 0.0084 0.2307 
1238     1238   (0)     14 :  0.3250 0.0078 0.4000 0.0066 0.2606 
1239     1239   (0)     14 :  0.3491 0.0098 0.3765 0.0078 0.2567 
1240     1240   (0)     14 :  0.2292 0.0060 0.4803 0.0040 0.2805 
1241     1241   (0)     14 :  0.1047 0.0044 0.4273 0.0126 0.4510 
1242     1242   (0)     14 :  0.2948 0.0042 0.4152 0.0058 0.2800 
1243     1243   (0)     14 :  0.0314 0.0080 0.5674 0.0050 0.3882 
1244     1244   (0)     14 :  0.0114 0.2026 0.4575 0.0066 0.3218 
1245     1245   (0)     14 :  0.1679 0.0120 0.4992 0.0050 0.3158 
1246     1246   (0)     14 :  0.2148 0.0038 0.4522 0.0040 0.3252 
1247     1247   (0)     14 :  0.0480 0.0086 0.5446 0.0078 0.3910 
1248     1248   (0)     14 :  0.0490 0.0030 0.4731 0.0100 0.4648 
1249     1249   (0)     14 :  0.0168 0.0128 0.5820 0.0144 0.3740 
1250     1250   (0)     14 :  0.0766 0.0132 0.5000 0.0570 0.3532 
1251     1251   (0)     14 :  0.2812 0.0116 0.4173 0.0092 0.2807 
1252     1252   (0)     14 :  0.0278 0.0048 0.5255 0.0162 0.4256 
1253     1253   (0)     14 :  0.0040 0.0148 0.5574 0.0334 0.3904 
1254     1254   (0)     14 :  0.1399 0.0094 0.4952 0.0212 0.3344 
1255     1255   (0)     14 :  0.4484 0.0746 0.2887 0.0050 0.1833 
1256     1256   (0)     14 :  0.2834 0.0048 0.4383 0.0072 0.2662 
1257     1257   (0)     14 :  0.1017 0.0066 0.5491 0.0062 0.3364 
1258     1258   (0)     14 :  0.0836 0.0102 0.5594 0.0088 0.3379 
1259     1259   (0)     14 :  0.1244 0.0378 0.5234 0.0078 0.3065 
1260     1260   (0)     14 :  0.1959 0.0082 0.4925 0.0110 0.2925 
1261     1261   (0)     14 :  0.0862 0.0052 0.5072 0.0042 0.3972 
1262     1262   (0)     14 :  0.0614 0.0052 0.5016 0.0116 0.4202 
1263     1263   (0)     14 :  0.1270 0.0966 0.4496 0.0040 0.3228 
1264     1264   (0)     14 :  0.3013 0.0362 0.4234 0.0048 0.2343 
1265     1265   (0)     14 :  0.0726 0.0076 0.5336 0.0054 0.3808 
1266     1266   (0)     14 :  0.0270 0.0146 0.5680 0.0108 0.3796 
1267     1267   (0)     14 :  0.1545 0.0938 0.4530 0.0044 0.2943 
1268     1268   (0)     14 :  0.2441 0.0092 0.4530 0.0176 0.2761 
1269     1269   (0)     14 :  0.0292 0.0088 0.5626 0.0308 0.3686 
1270     1270   (0)     14 :  0.1350 0.1516 0.4339 0.0088 0.2708 
1271     1271   (0)     14 :  0.1208 0.0134 0.5466 0.0062 0.3130 
1272     1272   (0)     14 :  0.4159 0.0042 0.2839 0.0120 0.2840 
1273     1273   (0)     14 :  0.1541 0.0064 0.4816 0.0076 0.3503 
1274     1274   (0)     14 :  0.2437 0.0110 0.4560 0.0020 0.2873 
1275     1275   (0)     14 :  0.3195 0.1164 0.3392 0.0062 0.2187 
1276     1276   (0)     14 :  0.0980 0.1878 0.4127 0.0088 0.2927 
1277     1277   (0)     14 :  0.0868 0.0048 0.5544 0.0068 0.3472 
1278     1278   (0)     14 :  0.3231 0.0124 0.4031 0.0042 0.2572 
1279     1279   (0)     14 :  0.1426 0.2616 0.3927 0.0048 0.1983 
1280     1280   (0)     14 :  0.1586 0.0218 0.4652 0.0094 0.3450 
1281     1281   (0)     14 :  0.2791 0.0072 0.4195 0.0076 0.2865 
1282     1282   (0)     14 :  0.2160 0.0270 0.4451 0.0036 0.3083 
1283     1283   (0)     14 :  0.2268 0.0048 0.4750 0.0098 0.2836 
1284     1284   (0)     14 :  0.0238 0.0344 0.5924 0.0072 0.3422 
1285     1285   (0)     14 :  0.0464 0.0162 0.5538 0.0280 0.3556 
1286     1286   (0)     14 :  0.2853 0.0208 0.4163 0.0062 0.2713 
1287     1287   (0)     14 :  0.0807 0.0128 0.5375 0.0028 0.3662 
1288     1288   (0)     14 :  0.1342 0.0240 0.4752 0.0068 0.3598 
1289     1289   (0)     14 :  0.4210 0.0044 0.3378 0.0044 0.2324 
1290     1290   (0)     14 :  0.0058 0.0076 0.6050 0.0068 0.3748 
1291     1291   (0)     14 :  0.1264 0.0160 0.5096 0.0040 0.3440 
1292     1292   (0)     14 :  0.0148 0.0932 0.5666 0.0020 0.3234 
1293     1293   (0)     14 :  0.1329 0.0054 0.4885 0.0727 0.3005 
1294     1294   (0)     14 :  0.3103 0.0140 0.4112 0.0040 0.2605 
1295     1295   (0)     14 :  0.1194 0.0192 0.5446 0.0030 0.3137 
1296     1296   (0)     14 :  0.3348 0.0066 0.3873 0.0090 0.2623 
1297     1297   (0)     14 :  0.2183 0.0052 0.4636 0.0074 0.3055 
1298     1298   (0)     14 :  0.0500 0.0310 0.5154 0.0050 0.3986 
1299     1299   (0)     14 :  0.0320 0.0078 0.4906 0.0114 0.4582 
1300     1300   (0)     14 :  0.2188 0.0092 0.4582 0.0064 0.3074 
1301     1301   (0)     14 :  0.0518 0.0052 0.5526 0.0136 0.3768 
1302     1302   (0)     14 :  0.1799 0.0086 0.4738 0.0124 0.3252 
1303     1303   (0)     14 :  0.0348 0.0074 0.5646 0.0030 0.3902 
1304     1304   (0)     14 :  0.2352 0.0150 0.4562 0.0048 0.2888 
1305     1305   (0)     14 :  0.3989 0.0140 0.3685 0.0050 0.2136 
1306     1306   (0)     14 :  0.0294 0.0078 0.5730 0.0054 0.3844 
1307     1307   (0)     14 :  0.0810 0.0044 0.5422 0.0044 0.3680 
1308     1308   (0)     14 :  0.1516 0.0052 0.4868 0.0040 0.3524 
1309     1309  (10)     15 :  0.0070 0.0136 0.0330 0.0048 0.9416 
1310     1310   (5)     15 :  0.0054 0.0198 0.0206 0.0258 0.9284 
1311     1311   (5)     15 :  0.2947 0.0482 0.2087 0.0106 0.4379 
1312     1312   (5)     15 :  0.0038 0.0044 0.1796 0.0034 0.8088 
1313     1313  (10)     15 :  0.0926 0.0336 0.0946 0.0150 0.7642 
1314     1314   (5)     15 :  0.3648 0.0570 0.1308 0.0196 0.4279 
1315     1315  (10)     15 :  0.0306 0.0184 0.0394 0.0044 0.9072 
1316     1316   (0)     15 :  0.0070 0.0034 0.0248 0.1180 0.8469 
1317     1317   (0)     15 :  0.0126 0.0138 0.0152 0.0038 0.9546 
1318     1318   (0)     15 :  0.0040 0.0034 0.0126 0.0090 0.9710 
1319     1319   (0)     15 :  0.0144 0.0068 0.1589 0.0196 0.8003 
1320     1320   (0)     15 :  0.0688 0.0304 0.0184 0.0040 0.8784 
1321     1321   (0)     15 :  0.0128 0.0034 0.0160 0.0090 0.9588 
1322     1322   (0)     15 :  0.0850 0.0058 0.0584 0.0064 0.8444 
1323     1323   (0)     15 :  0.0156 0.0654 0.0578 0.0044 0.8567 
1324     1324   (0)     15 :  0.0404 0.0216 0.0762 0.0054 0.8565 
1325     1325   (0)     15 :  0.1015 0.0130 0.1035 0.0048 0.7772 
1326     1326   (0)     15 :  0.3285 0.0268 0.0716 0.0076 0.5654 
1327     1327   (0)     15 :  0.0066 0.0034 0.0136 0.0092 0.9672 
1328     1328   (5)     15 :  0.0122 0.0030 0.0118 0.0835 0.8895 
1329     1329   (0)     15 :  0.0496 0.0554 0.0174 0.0094 0.8682 
1330     1330   (0)     15 :  0.1274 0.0638 0.0252 0.0074 0.7762 
1331     1331   (5)     15 :  0.0478 0.0088 0.3434 0.0174 0.5826 
1332     1332   (5)     15 :  0.0180 0.0034 0.0206 0.0200 0.9380 
1333     1333   (0)     15 :  0.1060 0.0236 0.0532 0.0554 0.7618 
1334     1334   (0)     15 :  0.0674 0.0030 0.1123 0.0126 0.8047 
1335     1335   (0)     15 :  0.0136 0.0712 0.0964 0.0050 0.8138 
1336     1336   (0)     15 :  0.0040 0.0054 0.0086 0.0080 0.9740 
1337     1337   (0)     15 :  0.0030 0.0050 0.0078 0.0094 0.9748 
1338     1338   (0)     15 :  0.0026 0.0040 0.0252 0.0092 0.9590 
1339     1339   (0)     15 :  0.0026 0.0026 0.0070 0.0472 0.9406 
1340     1340   (0)     15 :  0.0112 0.0092 0.0822 0.0046 0.8927 
1341     1341   (0)     15 :  0.0364 0.0090 0.0128 0.0386 0.9032 
1342     1342   (0)     15 :  0.0036 0.0154 0.2821 0.0168 0.6821 
1343     1343   (0)     15 :  0.0222 0.0054 0.0114 0.0092 0.9518 
1344     1344   (0)     15 :  0.0152 0.0058 0.0080 0.0054 0.9656 
1345     1345   (0)     15 :  0.0384 0.0238 0.2674 0.0174 0.6531 
1346     1346   (0)     15 :  0.0046 0.0056 0.0058 0.0072 0.9768 
1347     1347   (0)     15 :  0.0364 0.0068 0.0170 0.0250 0.9148 
1348     1348   (0)     15 :  0.0112 0.0050 0.2118 0.0036 0.7684 
1349     1349   (0)     15 :  0.0090 0.0484 0.0482 0.0024 0.8920 
1350     1350   (0)     15 :  0.0104 0.0226 0.1216 0.0040 0.8414 
1351     1351   (0)     16 :  0.0034 0.0046 0.0613 0.0024 0.9283 
1352     1352   (0)     16 :  0.0106 0.0058 0.0084 0.0322 0.9430 
1353     1353   (0)     16 :  0.0220 0.0052 0.0072 0.0066 0.9590 
1354     1354   (0)     16 :  0.0076 0.0082 0.0100 0.0070 0.9672 
1355     1355   (0)     16 :  0.0654 0.0038 0.0274 0.0090 0.8945 
1356     1356   (0)     16 :  0.0186 0.0044 0.1424 0.0172 0.8174 
1357     1357   (0)     16 :  0.0198 0.0042 0.0074 0.0120 0.9566 
1358     1358   (0)     16 :  0.0968 0.0042 0.0836 0.0584 0.7570 
1359     1359   (0)     16 :  0.0907 0.0096 0.0256 0.0142 0.8599 
1360     1360   (0)     16 :  0.1714 0.0082 0.0176 0.1178 0.6849 
1361     1361   (0)     16 :  0.0072 0.0074 0.0056 0.0176 0.9622 
1362     1362   (0)     16 :  0.0336 0.0132 0.0780 0.0090 0.8661 
1363     1363   (0)     16 :  0.0112 0.0150 0.2030 0.0056 0.7652 
1364     1364   (0)     16 :  0.0314 0.0044 0.0128 0.0064 0.9450 
1365     1365   (0)     16 :  0.0130 0.0742 0.1853 0.0106 0.7168 
1366     1366   (0)     16 :  0.0552 0.0144 0.0270 0.0120 0.8914 
1367     1367   (0)     16 :  0.1902 0.0042 0.0110 0.0050 0.7896 
1368     1368   (0)     16 :  0.0324 0.0070 0.0998 0.0064 0.8544 
1369     1369   (0)     16 :  0.0104 0.0052 0.0126 0.0044 0.9674 
1370     1370   (0)     16 :  0.0136 0.0124 0.0100 0.0144 0.9496 
1371     1371   (0)     16 :  0.1296 0.0020 0.0146 0.0120 0.8418 
1372     1372   (0)     16 :  0.0494 0.0448 0.0428 0.0034 0.8596 
1373     1373   (0)     16 :  0.0042 0.0068 0.0796 0.0122 0.8972 
1374     1374   (0)     16 :  0.2078 0.0030 0.0138 0.0138 0.7616 
1375     1375   (0)     16 :  0.0040 0.0024 0.0166 0.0198 0.9572 
1376     1376   (0)     16 :  0.1164 0.0040 0.0228 0.0076 0.8492 
1377     1377   (0)     16 :  0.0082 0.0160 0.0416 0.0048 0.9294 
1378     1378   (0)     16 :  0.1706 0.0108 0.0104 0.0090 0.7992 
1379     1379   (0)     16 :  0.0030 0.0054 0.0076 0.0134 0.9706 
1380     1380   (0)     16 :  0.0262 0.0556 0.0258 0.0130 0.8793 
1381     1381   (0)     16 :  0.0810 0.0038 0.1970 0.0104 0.7078 
1382     1382   (0)     16 :  0.0116 0.0104 0.0192 0.0088 0.9500 
1383     1383   (0)     16 :  0.0334 0.0030 0.0100 0.1160 0.8376 
1384     1384   (0)     16 :  0.0148 0.0050 0.0268 0.0054 0.9480 
1385     1385   (0)     16 :  0.0102 0.0040 0.1417 0.0080 0.8361 
1386     1386   (0)     16 :  0.0734 0.0138 0.0086 0.0554 0.8488 
1387     1387   (0)     16 :  0.0634 0.0096 0.0330 0.0736 0.8205 
1388     1388   (0)     16 :  0.0814 0.0040 0.1038 0.0046 0.8061 
1389     1389   (0)     16 :  0.0112 0.0052 0.1497 0.1128 0.7211 
1390     1390   (0)     16 :  0.0904 0.0054 0.0100 0.0088 0.8855 
1391     1391   (0)     16 :  0.0164 0.0052 0.0062 0.0510 0.9212 
1392     1392   (0)     16 :  0.0088 0.0044 0.0218 0.0648 0.9002 
1393     1393   (0)     16 :  0.1565 0.0064 0.1257 0.0072 0.7043 
1394     1394   (0)     16 :  0.0128 0.0112 0.0150 0.0830 0.8780 
1395     1395   (0)     16 :  0.0070 0.0060 0.0094 0.0068 0.9708 
1396     1396   (0)     16 :  0.2208 0.0038 0.0324 0.0098 0.7332 
1397     1397   (0)     16 :  0.0204 0.0056 0.0184 0.0038 0.9518 
1398     1398   (0)     16 :  0.0284 0.0082 0.0272 0.0198 0.9164 
1399     1399   (0)     16 :  0.1300 0.0036 0.0250 0.0040 0.8374 
1400     1400   (0)     16 :  0.0040 0.0030 0.2339 0.0246 0.7345 
1401     1401   (0)     16 :  0.0098 0.0166 0.0140 0.0100 0.9496 
1402     1402   (0)     16 :  0.0030 0.0042 0.0108 0.0380 0.9440 
1403     1403   (0)     16 :  0.0208 0.0242 0.0154 0.0050 0.9346 
1404     1404   (0)     16 :  0.0524 0.0084 0.1170 0.0048 0.8174 
1405     1405   (0)     16 :  0.0152 0.0058 0.2050 0.0080 0.7660 
1406     1406   (0)     16 :  0.0054 0.0046 0.0124 0.0090 0.9686 
1407     1407   (0)     16 :  0.0708 0.0030 0.0356 0.0146 0.8761 
1408     1408   (0)     16 :  0.0096 0.0038 0.0122 0.0052 0.9692 
1409     1409   (0)     16 :  0.1192 0.0062 0.0126 0.0082 0.8538 
1410     1410   (0)     16 :  0.0286 0.0050 0.0080 0.0126 0.9458 
1411     1411   (0)     16 :  0.0288 0.0162 0.0292 0.0110 0.9148 
1412     1412   (0)     16 :  0.0054 0.0050 0.0094 0.0550 0.9252 
1413     1413   (0)     16 :  0.0318 0.0068 0.0210 0.0242 0.9162 
1414     1414   (0)     16 :  0.0098 0.0096 0.0366 0.0140 0.9300 
1415     1415   (0)     16 :  0.0684 0.0086 0.0142 0.0030 0.9058 
1416     1416   (0)     16 :  0.0394 0.0024 0.0544 0.0176 0.8862 
1417     1417   (0)     16 :  0.0172 0.0052 0.0092 0.0056 0.9628 
1418     1418   (0)     16 :  0.0072 0.0094 0.1165 0.0172 0.8497 
1419     1419   (0)     16 :  0.0340 0.0072 0.0108 0.0114 0.9366 
1420     1420   (0)     16 :  0.0034 0.0028 0.0082 0.0130 0.9726 
1421     1421   (0)     16 :  0.1608 0.0048 0.0138 0.0344 0.7862 
1422     1422   (0)     16 :  0.1032 0.0038 0.3070 0.0052 0.5808 
1423     1423   (0)     16 :  0.1452 0.0048 0.0112 0.0262 0.8126 
1424     1424   (0)     16 :  0.0346 0.0054 0.0206 0.0078 0.9316 
1425     1425   (0)     16 :  0.0152 0.0480 0.0984 0.0144 0.8240 
1426     1426   (0)     16 :  0.1870 0.0060 0.0366 0.0192 0.7513 
1427     1427   (0)     16 :  0.0056 0.0100 0.0774 0.0044 0.9026 
1428     1428   (0)     16 :  0.0202 0.0040 0.0136 0.0134 0.9488 
1429     1429   (0)     16 :  0.0552 0.0038 0.0330 0.0468 0.8612 
1430     1430   (0)     16 :  0.0778 0.0822 0.0532 0.0142 0.7727 
1431     1431   (0)     16 :  0.0172 0.0072 0.0100 0.0108 0.9548 
1432     1432   (0)     16 :  0.2733 0.0036 0.0146 0.0380 0.6705 
1433     1433   (0)     16 :  0.0512 0.0030 0.0118 0.0214 0.9126 
1434     1434   (0)     16 :  0.1042 0.0038 0.0092 0.0042 0.8787 
1435     1435   (0)     16 :  0.0790 0.0138 0.0590 0.0184 0.8298 
1436     1436   (0)     16 :  0.0034 0.0070 0.0054 0.0112 0.9730 
1437     1437   (0)     16 :  0.0780 0.0032 0.0190 0.0102 0.8896 
1438     1438   (0)     16 :  0.0130 0.0044 0.0526 0.0056 0.9244 
1439     1439   (0)     16 :  0.0040 0.0090 0.0090 0.0112 0.9668 
1440     1440   (0)     16 :  0.0420 0.0112 0.0244 0.0272 0.8952 
1441     1441   (0)     16 :  0.0486 0.0040 0.0494 0.0068 0.8912 
1442     1442   (0)     16 :  0.0436 0.0258 0.0166 0.1513 0.7627 
1443     1443   (0)     16 :  0.0136 0.0154 0.0170 0.0126 0.9414 
1444     1444   (0)     16 :  0.0228 0.0574 0.1290 0.1578 0.6329 
1445     1445   (0)     16 :  0.0038 0.0028 0.0558 0.0224 0.9152 
1446     1446   (0)     16 :  0.0230 0.0146 0.0270 0.0918 0.8436 
1447     1447   (0)     16 :  0.0154 0.0044 0.1394 0.0128 0.8280 
1448     1448   (0)     16 :  0.3091 0.0080 0.0138 0.0886 0.5804 
1449     1449   (0)     16 :  0.0132 0.0134 0.2522 0.0102 0.7110 
1450     1450   (0)     16 :  0.1944 0.0044 0.0264 0.0044 0.7704 
1451     1451   (0)     17 :  0.0310 0.0122 0.7614 0.0040 0.1914 
1452     1452   (0)     17 :  0.0128 0.0044 0.7726 0.0154 0.1948 
1453     1453   (0)     17 :  0.0170 0.0298 0.7600 0.0028 0.1904 
1454     1454   (0)     17 :  0.0030 0.0046 0.7866 0.0034 0.2024 
1455     1455   (0)     17 :  0.1134 0.0054 0.7124 0.0034 0.1654 
1456     1456   (0)     17 :  0.0072 0.0148 0.7632 0.0082 0.2066 
1457     1457   (0)     17 :  0.0274 0.0044 0.7300 0.0298 0.2084 
1458     1458   (0)     17 :  0.1946 0.0036 0.4730 0.0094 0.3194 
1459     1459   (0)     17 :  0.0810 0.0140 0.6859 0.0034 0.2158 
1460     1460   (0)     17 :  0.0078 0.0088 0.7138 0.0628 0.2068 
1461     1461   (0)     17 :  0.0182 0.0084 0.7702 0.0048 0.1984 
1462     1462   (0)     17 :  0.0058 0.0320 0.7578 0.0062 0.1982 
1463     1463   (0)     17 :  0.0038 0.0050 0.7726 0.0052 0.2134 
1464     1464   (0)     17 :  0.0100 0.0096 0.7616 0.0062 0.2126 
1465     1465   (0)     17 :  0.0072 0.0168 0.7740 0.0058 0.1962 
1466     1466   (0)     17 :  0.0682 0.0052 0.6467 0.0076 0.2724 
1467     1467   (0)     17 :  0.0072 0.0052 0.7430 0.0092 0.2354 
1468     1468   (0)     17 :  0.0320 0.0062 0.6720 0.0086 0.2812 
1469     1469   (0)     17 :  0.0642 0.0106 0.6942 0.0352 0.1958 
1470     1470   (0)     17 :  0.1386 0.0040 0.6708 0.0054 0.1812 
1471     1471   (0)     17 :  0.0226 0.3580 0.4058 0.0206 0.1931 
1472     1472   (0)     17 :  0.2138 0.0364 0.6015 0.0038 0.1446 
1473     1473   (0)     17 :  0.0158 0.0044 0.7430 0.0048 0.2320 
1474     1474   (0)     17 :  0.0064 0.0314 0.7502 0.0250 0.1870 
1475     1475   (0)     17 :  0.1400 0.0090 0.6520 0.0038 0.1952 
1476     1476   (0)     17 :  0.0074 0.1112 0.7042 0.0104 0.1668 
1477     1477   (0)     17 :  0.0036 0.0070 0.7832 0.0056 0.2006 
1478     1478   (0)     17 :  0.0074 0.0074 0.7966 0.0042 0.1844 
1479     1479   (0)     17 :  0.0688 0.0066 0.6564 0.0454 0.2228 
1480     1480   (0)     17 :  0.0056 0.0070 0.7832 0.0044 0.1998 
1481     1481   (0)     17 :  0.0654 0.0068 0.6876 0.0442 0.1960 
1482     1482   (0)     17 :  0.0634 0.0040 0.7340 0.0080 0.1906 
1483     1483   (0)     17 :  0.0172 0.0074 0.7494 0.0038 0.2222 
1484     1484   (0)     17 :  0.1454 0.0044 0.6668 0.0094 0.1740 
1485     1485   (0)     17 :  0.0136 0.0410 0.7354 0.0060 0.2040 
1486     1486   (0)     17 :  0.0054 0.0064 0.7794 0.0050 0.2038 
1487     1487   (0)     17 :  0.1192 0.0044 0.6862 0.0088 0.1814 
1488     1488   (0)     17 :  0.0080 0.0034 0.7726 0.0040 0.2120 
1489     1489   (0)     17 :  0.0680 0.0272 0.7232 0.0036 0.1780 
1490     1490   (0)     17 :  0.0082 0.0118 0.7662 0.0110 0.2028 
1491     1491   (0)     17 :  0.0078 0.0144 0.7640 0.0064 0.2074 
1492     1492   (0)     17 :  0.0218 0.0082 0.7704 0.0044 0.1952 
1493     1493   (0)     17 :  0.0324 0.0094 0.7404 0.0058 0.2120 
1494     1494   (0)     17 :  0.0300 0.0040 0.7496 0.0028 0.2136 
1495     1495   (0)     17 :  0.0076 0.0082 0.7732 0.0028 0.2082 
1496     1496   (0)     17 :  0.0206 0.0050 0.7054 0.0464 0.2226 
1497     1497   (0)     17 :  0.0084 0.0052 0.7754 0.0106 0.2004 
1498     1498   (0)     17 :  0.0136 0.0084 0.7492 0.0030 0.2258 
1499     1499   (0)     17 :  0.0062 0.0050 0.7692 0.0058 0.2138 
1500     1500   (0)     17 :  0.0046 0.0686 0.7542 0.0034 0.1692 
1501     1501   (0)     17 :  0.0080 0.0084 0.6933 0.0088 0.2815 
1502     1502   (0)     17 :  0.0152 0.0158 0.7632 0.0034 0.2024 
1503     1503   (0)     17 :  0.0300 0.0046 0.7632 0.0052 0.1970 
1504     1504   (0)     17 :  0.0062 0.0172 0.6934 0.0104 0.2728 
1505     1505   (0)     17 :  0.0572 0.0052 0.7281 0.0126 0.1970 
1506     1506   (0)     17 :  0.0314 0.0224 0.7568 0.0036 0.1858 
1507     1507   (0)     17 :  0.0090 0.0220 0.6468 0.0148 0.3074 
1508     1508   (0)     17 :  0.0980 0.0068 0.6490 0.0578 0.1884 
1509     1509   (0)     17 :  0.1603 0.0080 0.6630 0.0062 0.1626 
1510     1510   (0)     17 :  0.0050 0.0030 0.7776 0.0088 0.2056 
1511     1511   (0)     17 :  0.2271 0.0044 0.5476 0.0070 0.2139 
1512     1512   (0)     17 :  0.2203 0.0268 0.5661 0.0174 0.1694 
1513     1513   (0)     17 :  0.0046 0.0066 0.7786 0.0074 0.2028 
1514     1514   (0)     17 :  0.0068 0.0022 0.7812 0.0022 0.2076 
1515     1515   (0)     17 :  0.0124 0.1112 0.6582 0.0344 0.1838 
1516     1516   (0)     17 :  0.0102 0.0052 0.7718 0.0092 0.2036 
1517     1517   (0)     17 :  0.0506 0.0222 0.7376 0.0048 0.1848 
1518     1518   (0)     17 :  0.0058 0.0148 0.7914 0.0082 0.1798 
1519     1519   (0)     17 :  0.0076 0.0300 0.7618 0.0080 0.1926 
1520     1520   (0)     17 :  0.0064 0.0698 0.7160 0.0214 0.1864 
1521     1521   (0)     17 :  0.0516 0.0238 0.6738 0.0102 0.2406 
1522     1522   (0)     17 :  0.0072 0.0040 0.7710 0.0034 0.2144 
1523     1523   (0)     17 :  0.0044 0.0040 0.7768 0.0054 0.2094 
1524     1524   (0)     17 :  0.0044 0.0242 0.7550 0.0100 0.2064 
1525     1525   (0)     17 :  0.1300 0.0806 0.6038 0.0094 0.1762 
1526     1526   (0)     17 :  0.0356 0.0700 0.6606 0.0082 0.2256 
1527     1527   (0)     17 :  0.0720 0.0092 0.7230 0.0044 0.1914 
1528     1528   (0)     17 :  0.1205 0.0178 0.6867 0.0064 0.1686 
1529     1529   (0)     17 :  0.2305 0.0062 0.5759 0.0234 0.1640 
1530     1530   (0)     17 :  0.0508 0.0106 0.7370 0.0058 0.1958 
1531     1531   (0)     17 :  0.0170 0.0108 0.6664 0.0062 0.2996 
1532     1532   (0)     17 :  0.0242 0.0110 0.7490 0.0082 0.2076 
1533     1533   (0)     17 :  0.0080 0.0052 0.7752 0.0058 0.2058 
1534     1534   (0)     17 :  0.0050 0.0156 0.7466 0.0048 0.2280 
1535     1535   (0)     17 :  0.0398 0.0070 0.7466 0.0148 0.1918 
1536     1536   (0)     17 :  0.1784 0.0204 0.6883 0.0078 0.1052 
1537     1537   (0)     17 :  0.0322 0.0072 0.7221 0.0270 0.2114 
1538     1538   (0)     17 :  0.0042 0.0056 0.7776 0.0068 0.2058 
1539     1539   (0)     17 :  0.0074 0.0088 0.7826 0.0032 0.1980 
1540     1540   (0)     17 :  0.2972 0.0082 0.5606 0.0048 0.1292 
1541     1541   (0)     17 :  0.0030 0.0056 0.7822 0.0040 0.2052 
1542     1542   (0)     17 :  0.0030 0.0030 0.7908 0.0044 0.1988 
1543     1543   (0)     17 :  0.0368 0.0196 0.7296 0.0160 0.1980 
1544     1544   (0)     17 :  0.0282 0.0078 0.6885 0.0054 0.2701 
1545     1545   (0)     17 :  0.1235 0.0098 0.6787 0.0038 0.1842 
1546     1546   (0)     17 :  0.2243 0.0054 0.6153 0.0034 0.1516 
1547     1547   (0)     17 :  0.1718 0.0070 0.5263 0.0142 0.2807 
1548     1548   (0)     17 :  0.0030 0.0030 0.7706 0.0126 0.2108 
1549     1549   (0)     17 :  0.0094 0.0082 0.7818 0.0038 0.1968 
1550     1550   (0)     17 :  0.1096 0.1006 0.5886 0.0296 0.1716 
1551     1551   (0)     18 :  0.0080 0.0020 0.0044 0.9754 0.0102 
1552     1552   (0)     18 :  0.0642 0.0020 0.0068 0.9200 0.0070 
1553     1553   (0)     18 :  0.1697 0.0034 0.0044 0.8193 0.0032 
1554     1554   (0)     18 :  0.2818 0.0070 0.0060 0.6956 0.0096 
1555     1555   (0)     18 :  0.0076 0.0044 0.0814 0.8014 0.1052 
1556     1556   (0)     18 :  0.2604 0.0054 0.0034 0.7268 0.0040 
1557     1557   (0)     18 :  0.1337 0.0070 0.0066 0.8451 0.0076 
1558     1558   (0)     18 :  0.2282 0.0048 0.0132 0.7397 0.0140 
1559     1559   (0)     18 :  0.2149 0.0030 0.0084 0.7657 0.0080 
1560     1560   (0)     18 :  0.1474 0.0020 0.0028 0.8448 0.0030 
1561     1561   (0)     18 :  0.0142 0.0262 0.0074 0.9256 0.0266 
1562     1562   (0)     18 :  0.0050 0.0060 0.0036 0.9818 0.0036 
1563     1563   (0)     18 :  0.0394 0.0058 0.0042 0.9456 0.0050 
1564     1564   (0)     18 :  0.0182 0.0020 0.0834 0.8723 0.0242 
1565     1565   (0)     18 :  0.0030 0.0028 0.0040 0.9868 0.0034 
1566     1566   (0)     18 :  0.1363 0.0024 0.0066 0.8495 0.0052 
1567     1567   (0)     18 :  0.1136 0.0030 0.0100 0.8678 0.0056 
1568     1568   (0)     18 :  0.0136 0.0112 0.0362 0.9204 0.0186 
1569     1569   (0)     18 :  0.2346 0.0096 0.0080 0.7377 0.0102 
1570     1570   (0)     18 :  0.1744 0.0046 0.0056 0.8106 0.0048 
1571     1571   (0)     18 :  0.0174 0.0060 0.0098 0.9616 0.0052 
1572     1572   (0)     18 :  0.0152 0.0040 0.0408 0.9196 0.0204 
1573     1573   (0)     18 :  0.1264 0.0034 0.0058 0.8578 0.0066 
1574     1574   (0)     18 :  0.1036 0.0030 0.0108 0.8670 0.0156 
1575     1575   (0)     18 :  0.1445 0.0020 0.0030 0.8475 0.0030 
1576     1576   (0)     18 :  0.1148 0.0102 0.0180 0.8437 0.0132 
1577     1577   (0)     18 :  0.0256 0.0050 0.0176 0.9276 0.0242 
1578     1578   (0)     18 :  0.0030 0.0030 0.0038 0.9860 0.0042 
1579     1579   (0)     18 :  0.0200 0.0050 0.0212 0.9450 0.0088 
1580     1580   (0)     18 :  0.1554 0.0028 0.0046 0.8326 0.0046 
1581     1581   (0)     18 :  0.0174 0.0030 0.0376 0.9004 0.0416 
1582     1582   (0)     18 :  0.0814 0.0020 0.0030 0.9106 0.0030 
1583     1583   (0)     18 :  0.1060 0.0050 0.0066 0.8770 0.0054 
1584     1584   (0)     18 :  0.0040 0.0020 0.0030 0.9872 0.0038 
1585     1585   (0)     18 :  0.0284 0.0024 0.0030 0.9624 0.0038 
1586     1586   (0)     18 :  0.0893 0.0040 0.0046 0.8971 0.0050 
1587     1587   (0)     18 :  0.1362 0.0040 0.0132 0.8380 0.0086 
1588     1588   (0)     18 :  0.1742 0.0038 0.0074 0.8062 0.0084 
1589     1589   (0)     18 :  0.0300 0.0276 0.0210 0.9000 0.0214 
1590     1590   (0)     18 :  0.0492 0.0030 0.0120 0.9282 0.0076 
1591     1591   (0)     18 :  0.1188 0.0040 0.0088 0.8262 0.0422 
1592     1592   (0)     18 :  0.1482 0.0044 0.0772 0.7287 0.0416 
1593     1593   (0)     18 :  0.1186 0.0040 0.0070 0.8632 0.0072 
1594     1594   (0)     18 :  0.1342 0.0184 0.0252 0.8142 0.0080 
1595     1595   (0)     18 :  0.0048 0.0030 0.0046 0.9824 0.0052 
1596     1596   (0)     18 :  0.0078 0.0078 0.0042 0.9748 0.0054 
1597     1597   (0)     18 :  0.0020 0.0030 0.0030 0.9886 0.0034 
1598     1598   (0)     18 :  0.0034 0.0028 0.0040 0.9850 0.0048 
1599     1599   (0)     18 :  0.0974 0.0040 0.0052 0.8860 0.0074 
1600     1600   (0)     18 :  0.0196 0.0030 0.0178 0.9442 0.0154 
1601     1601   (0)     18 :  0.2294 0.0060 0.0128 0.7418 0.0100 
1602     1602   (0)     18 :  0.0074 0.0134 0.0120 0.9320 0.0352 
1603     1603   (0)     18 :  0.1472 0.0030 0.0060 0.8354 0.0084 
1604     1604   (0)     18 :  0.0664 0.0936 0.1197 0.6833 0.0370 
1605     1605   (0)     18 :  0.0038 0.0084 0.0154 0.9554 0.0170 
1606     1606   (0)     18 :  0.0078 0.0168 0.0068 0.9624 0.0062 
1607     1607   (0)     18 :  0.0304 0.0030 0.0406 0.8954 0.0306 
1608     1608   (0)     18 :  0.0218 0.0020 0.0036 0.9692 0.0034 
1609     1609   (0)     18 :  0.0478 0.0076 0.0122 0.9254 0.0070 
1610     1610   (0)     18 :  0.2594 0.0030 0.0030 0.7306 0.0040 
1611     1611   (0)     18 :  0.0350 0.0054 0.0172 0.9022 0.0402 
1612     1612   (0)     18 :  0.0040 0.0044 0.0052 0.9824 0.0040 
1613     1613   (0)     18 :  0.0196 0.0322 0.0224 0.8534 0.0724 
1614     1614   (0)     18 :  0.0160 0.0030 0.0034 0.9728 0.0048 
1615     1615   (0)     18 :  0.1034 0.0092 0.0052 0.8764 0.0058 
1616     1616   (0)     18 :  0.1406 0.0020 0.0034 0.8496 0.0044 
1617     1617   (0)     18 :  0.1253 0.0030 0.0056 0.8431 0.0230 
1618     1618   (0)     18 :  0.3561 0.0064 0.0070 0.6242 0.0062 
1619     1619   (0)     18 :  0.1100 0.0040 0.0066 0.8422 0.0372 
1620     1620   (0)     18 :  0.2005 0.0020 0.0038 0.7879 0.0058 
1621     1621   (0)     18 :  0.0020 0.0040 0.0040 0.9856 0.0044 
1622     1622   (0)     18 :  0.2864 0.0020 0.0040 0.7032 0.0044 
1623     1623   (0)     18 :  0.0212 0.0144 0.0208 0.9204 0.0232 
1624     1624   (0)     18 :  0.0928 0.0054 0.0090 0.8878 0.0050 
1625     1625   (0)     18 :  0.0302 0.0030 0.0040 0.9588 0.0040 
1626     1626   (0)     18 :  0.0258 0.0126 0.0100 0.9286 0.0230 
1627     1627   (0)     18 :  0.1274 0.0074 0.0208 0.8358 0.0086 
1628     1628   (0)     18 :  0.0830 0.0050 0.0048 0.9040 0.0032 
1629     1629   (0)     18 :  0.0048 0.0030 0.0040 0.9838 0.0044 
1630     1630   (0)     18 :  0.0982 0.0034 0.1113 0.7057 0.0814 
1631     1631   (0)     18 :  0.1964 0.0044 0.0066 0.7876 0.0050 
1632     1632   (0)     18 :  0.0808 0.0088 0.0088 0.8894 0.0122 
1633     1633   (0)     18 :  0.0342 0.0028 0.0024 0.9554 0.0052 
1634     1634   (0)     18 :  0.0752 0.0026 0.0038 0.9130 0.0054 
1635     1635   (0)     18 :  0.0690 0.0020 0.0074 0.9086 0.0130 
1636     1636   (0)     18 :  0.0628 0.0440 0.0186 0.8543 0.0204 
1637     1637   (0)     18 :  0.0986 0.0340 0.0420 0.8070 0.0184 
1638     1638   (0)     18 :  0.0762 0.0030 0.0060 0.8930 0.0218 
1639     1639   (0)     18 :  0.0112 0.0030 0.0030 0.9790 0.0038 
1640     1640   (0)     18 :  0.2174 0.0690 0.0198 0.6785 0.0154 
1641     1641   (0)     18 :  0.0322 0.0040 0.0218 0.9258 0.0162 
1642     1642   (0)     18 :  0.0030 0.0028 0.0024 0.9890 0.0028 
1643     1643   (0)     18 :  0.0174 0.0038 0.0062 0.9658 0.0068 
1644     1644   (0)     18 :  0.0446 0.0250 0.0378 0.8620 0.0306 
1645     1645   (0)     18 :  0.0266 0.0040 0.0496 0.8836 0.0362 
1646     1646   (0)     18 :  0.1822 0.0030 0.0038 0.8056 0.0054 
1647     1647   (0)     18 :  0.0294 0.0034 0.0544 0.8740 0.0388 
1648     1648   (0)     18 :  0.2619 0.0056 0.0078 0.7163 0.0084 
1649     1649   (0)     18 :  0.0040 0.0060 0.0040 0.9808 0.0052 
1650     1650   (0)     18 :  0.1961 0.0020 0.0184 0.7737 0.0098 
1651     1651   (0)     19 :  0.0690 0.8668 0.0204 0.0058 0.0380 
1652     1652   (0)     19 :  0.0254 0.9620 0.0058 0.0030 0.0038 
1653     1653   (0)     19 :  0.0050 0.9772 0.0106 0.0020 0.0052 
1654     1654   (0)     19 :  0.0130 0.8700 0.0126 0.0788 0.0256 
1655     1655   (0)     19 :  0.1127 0.8197 0.0386 0.0080 0.0210 
1656     1656   (0)     19 :  0.1490 0.8292 0.0072 0.0094 0.0052 
1657     1657   (0)     19 :  0.2076 0.7786 0.0052 0.0040 0.0046 
1658     1658   (0)     19 :  0.0034 0.9858 0.0054 0.0020 0.0034 
1659     1659   (0)     19 :  0.1749 0.8103 0.0056 0.0038 0.0054 
1660     1660   (0)     19 :  0.0780 0.9080 0.0058 0.0024 0.0058 
1661     1661   (0)     19 :  0.0108 0.9742 0.0064 0.0038 0.0048 
1662     1662   (0)     19 :  0.1354 0.8520 0.0042 0.0038 0.0046 
1663     1663   (0)     19 :  0.2240 0.7658 0.0038 0.0030 0.0034 
1664     1664   (0)     19 :  0.0064 0.9852 0.0030 0.0030 0.0024 
1665     1665   (0)     19 :  0.1767 0.7975 0.0102 0.0060 0.0096 
1666     1666   (0)     19 :  0.0556 0.8682 0.0344 0.0064 0.0354 
1667     1667   (0)     19 :  0.0048 0.9878 0.0030 0.0020 0.0024 
1668     1668   (0)     19 :  0.0024 0.9904 0.0028 0.0020 0.0024 
1669     1669   (0)     19 :  0.0310 0.9576 0.0050 0.0020 0.0044 
1670     1670   (0)     19 :  0.1668 0.8172 0.0058 0.0030 0.0072 
1671     1671   (0)     19 :  0.0092 0.9698 0.0082 0.0054 0.0074 
1672     1672   (0)     19 :  0.0460 0.8928 0.0370 0.0082 0.0160 
1673     1673   (0)     19 :  0.0086 0.9464 0.0104 0.0180 0.0166 
1674     1674   (0)     19 :  0.0358 0.9462 0.0054 0.0020 0.0106 
1675     1675   (0)     19 :  0.0612 0.9166 0.0074 0.0062 0.0086 
1676     1676   (0)     19 :  0.1722 0.8152 0.0038 0.0024 0.0064 
1677     1677   (0)     19 :  0.1962 0.7890 0.0046 0.0038 0.0064 
1678     1678   (0)     19 :  0.0040 0.9790 0.0042 0.0084 0.0044 
1679     1679   (0)     19 :  0.0252 0.9308 0.0282 0.0030 0.0128 
1680     1680   (0)     19 :  0.0038 0.9790 0.0070 0.0030 0.0072 
1681     1681   (0)     19 :  0.2058 0.7754 0.0062 0.0046 0.0080 
1682     1682   (0)     19 :  0.3335 0.6559 0.0042 0.0030 0.0034 
1683     1683   (0)     19 :  0.1855 0.7982 0.0084 0.0020 0.0058 
1684     1684   (0)     19 :  0.0060 0.9728 0.0074 0.0032 0.0106 
1685     1685   (0)     19 :  0.0216 0.9440 0.0154 0.0068 0.0122 
1686     1686   (0)     19 :  0.1546 0.8310 0.0062 0.0030 0.0052 
1687     1687   (0)     19 :  0.0110 0.9322 0.0296 0.0124 0.0148 
1688     1688   (0)     19 :  0.0150 0.9428 0.0044 0.0110 0.0268 
1689     1689   (0)     19 :  0.0352 0.9572 0.0030 0.0020 0.0026 
1690     1690   (0)     19 :  0.0494 0.8486 0.0092 0.0440 0.0488 
1691     1691   (0)     19 :  0.0718 0.9124 0.0066 0.0050 0.0042 
1692     1692   (0)     19 :  0.0104 0.9560 0.0170 0.0100 0.0066 
1693     1693   (0)     19 :  0.0384 0.9400 0.0090 0.0024 0.0102 
1694     1694   (0)     19 :  0.0262 0.8988 0.0084 0.0574 0.0092 
1695     1695   (0)     19 :  0.0038 0.9856 0.0042 0.0030 0.0034 
1696     1696   (0)     19 :  0.0104 0.9722 0.0092 0.0028 0.0054 
1697     1697   (0)     19 :  0.0044 0.9650 0.0106 0.0114 0.0086 
1698     1698   (0)     19 :  0.0226 0.8866 0.0426 0.0222 0.0260 
1699     1699   (0)     19 :  0.0424 0.9256 0.0208 0.0030 0.0082 
1700     1700   (0)     19 :  0.1028 0.8808 0.0058 0.0036 0.0070 
1701     1701   (0)     19 :  0.0030 0.9894 0.0030 0.0020 0.0026 
1702     1702   (0)     19 :  0.0654 0.8290 0.0422 0.0030 0.0604 
1703     1703   (0)     19 :  0.0156 0.8552 0.0536 0.0192 0.0564 
1704     1704   (0)     19 :  0.1993 0.7907 0.0040 0.0030 0.0030 
1705     1705   (0)     19 :  0.0228 0.9342 0.0132 0.0140 0.0158 
1706     1706   (0)     19 :  0.0400 0.8790 0.0268 0.0030 0.0512 
1707     1707   (0)     19 :  0.0428 0.9434 0.0034 0.0040 0.0064 
1708     1708   (0)     19 :  0.1349 0.8525 0.0050 0.0030 0.0046 
1709     1709   (0)     19 :  0.0492 0.9058 0.0160 0.0168 0.0122 
1710     1710   (0)     19 :  0.0040 0.9814 0.0080 0.0020 0.0046 
1711     1711   (0)     19 :  0.0034 0.9876 0.0030 0.0030 0.0030 
1712     1712   (0)     19 :  0.0100 0.9674 0.0120 0.0040 0.0066 
1713     1713   (0)     19 :  0.0392 0.8966 0.0504 0.0036 0.0102 
1714     1714   (0)     19 :  0.0176 0.9710 0.0046 0.0030 0.0038 
1715     1715   (0)     19 :  0.0456 0.9418 0.0054 0.0020 0.0052 
1716     1716   (0)     19 :  0.2108 0.7774 0.0046 0.0034 0.0038 
1717     1717   (0)     19 :  0.2274 0.7538 0.0062 0.0040 0.0086 
1718     1718   (0)     19 :  0.0048 0.9812 0.0042 0.0040 0.0058 
1719     1719   (0)     19 :  0.0030 0.9896 0.0030 0.0020 0.0024 
1720     1720   (0)     19 :  0.0302 0.9564 0.0038 0.0054 0.0042 
1721     1721   (0)     19 :  0.0092 0.9726 0.0118 0.0020 0.0044 
1722     1722   (0)     19 :  0.0120 0.9806 0.0030 0.0020 0.0024 
1723     1723   (0)     19 :  0.1964 0.7794 0.0092 0.0046 0.0104 
1724     1724   (0)     19 :  0.0064 0.9378 0.0246 0.0088 0.0224 
1725     1725   (0)     19 :  0.1672 0.8204 0.0060 0.0024 0.0040 
1726     1726   (0)     19 :  0.0118 0.9566 0.0156 0.0030 0.0130 
1727     1727   (0)     19 :  0.0084 0.9542 0.0086 0.0184 0.0104 
1728     1728   (0)     19 :  0.1900 0.7994 0.0036 0.0040 0.0030 
1729     1729   (0)     19 :  0.0182 0.9324 0.0034 0.0328 0.0132 
1730     1730   (0)     19 :  0.0124 0.8926 0.0292 0.0128 0.0530 
1731     1731   (0)     19 :  0.1565 0.7981 0.0234 0.0120 0.0100 
1732     1732   (0)     19 :  0.0172 0.9366 0.0142 0.0158 0.0162 
1733     1733   (0)     19 :  0.0088 0.9686 0.0050 0.0084 0.0092 
1734     1734   (0)     19 :  0.0348 0.9145 0.0234 0.0062 0.0212 
1735     1735   (0)     19 :  0.0880 0.8996 0.0062 0.0020 0.0042 
1736     1736   (0)     19 :  0.1074 0.8680 0.0104 0.0042 0.0100 
1737     1737   (0)     19 :  0.0050 0.9860 0.0040 0.0020 0.0030 
1738     1738   (0)     19 :  0.1154 0.8376 0.0124 0.0188 0.0158 
1739     1739   (0)     19 :  0.0030 0.9890 0.0034 0.0020 0.0026 
1740     1740   (0)     19 :  0.0066 0.8726 0.0870 0.0058 0.0280 
1741     1741   (0)     19 :  0.0030 0.9856 0.0040 0.0040 0.0034 
1742     1742   (0)     19 :  0.0840 0.7624 0.0842 0.0214 0.0480 
1743     1743   (0)     19 :  0.0262 0.9608 0.0052 0.0034 0.0044 
1744     1744   (0)     19 :  0.0372 0.9504 0.0040 0.0034 0.0050 
1745     1745   (0)     19 :  0.0054 0.9844 0.0040 0.0022 0.0040 
1746     1746   (0)     19 :  0.0166 0.9704 0.0064 0.0024 0.0042 
1747     1747   (0)     19 :  0.0028 0.9908 0.0024 0.0020 0.0020 
1748     1748   (0)     19 :  0.0064 0.9302 0.0088 0.0414 0.0132 
1749     1749   (0)     19 :  0.0034 0.9896 0.0030 0.0020 0.0020 
1750     1750   (0)     19 :  0.0420 0.9312 0.0118 0.0030 0.0120 
1751     1751   (0)     20 :  0.0572 0.0176 0.5448 0.0030 0.3774 
1752     1752   (0)     20 :  0.0398 0.0222 0.5572 0.0030 0.3778 
1753     1753   (0)     20 :  0.0040 0.1380 0.5414 0.0052 0.3114 
1754     1754   (0)     20 :  0.0040 0.0032 0.5916 0.0030 0.3982 
1755     1755   (0)     20 :  0.0656 0.0186 0.4868 0.0028 0.4262 
1756     1756   (0)     20 :  0.0586 0.0078 0.5642 0.0204 0.3490 
1757     1757   (0)     20 :  0.2160 0.0102 0.4706 0.0064 0.2968 
1758     1758   (0)     20 :  0.1026 0.0844 0.4934 0.0046 0.3149 
1759     1759   (0)     20 :  0.0094 0.0222 0.5702 0.0164 0.3818 
1760     1760   (0)     20 :  0.0482 0.0128 0.5478 0.0090 0.3822 
1761     1761   (0)     20 :  0.1138 0.0038 0.5024 0.0034 0.3766 
1762     1762   (0)     20 :  0.0372 0.0052 0.4726 0.0426 0.4424 
1763     1763   (0)     20 :  0.0038 0.0194 0.5848 0.0074 0.3846 
1764     1764   (0)     20 :  0.1102 0.0078 0.5327 0.0048 0.3445 
1765     1765   (0)     20 :  0.0090 0.0044 0.5772 0.0136 0.3958 
1766     1766   (0)     20 :  0.0144 0.0086 0.5890 0.0024 0.3856 
1767     1767   (0)     20 :  0.0058 0.0126 0.5824 0.0190 0.3802 
1768     1768   (0)     20 :  0.0098 0.0062 0.5510 0.0176 0.4154 
1769     1769   (0)     20 :  0.0108 0.0038 0.5876 0.0240 0.3738 
1770     1770   (0)     20 :  0.1124 0.0576 0.5049 0.0068 0.3183 
1771     1771   (0)     20 :  0.0286 0.0170 0.5360 0.0044 0.4140 
1772     1772   (0)     20 :  0.0356 0.0150 0.5772 0.0038 0.3684 
1773     1773   (0)     20 :  0.0052 0.0100 0.5876 0.0112 0.3860 
1774     1774   (0)     20 :  0.0754 0.0602 0.5282 0.0038 0.3324 
1775     1775   (0)     20 :  0.0764 0.0040 0.5362 0.0030 0.3804 
1776     1776   (0)     20 :  0.1708 0.0174 0.4775 0.0064 0.3278 
1777     1777   (0)     20 :  0.0058 0.0324 0.5578 0.0058 0.3982 
1778     1778   (0)     20 :  0.1242 0.0044 0.5312 0.0044 0.3358 
1779     1779   (0)     20 :  0.0196 0.0114 0.5686 0.0104 0.3900 
1780     1780   (0)     20 :  0.0106 0.0160 0.5670 0.0134 0.3930 
1781     1781   (0)     20 :  0.0416 0.0064 0.5620 0.0054 0.3846 
1782     1782   (0)     20 :  0.0402 0.1004 0.6082 0.0130 0.2382 
1783     1783   (0)     20 :  0.0266 0.0148 0.5698 0.0024 0.3864 
1784     1784   (0)     20 :  0.1608 0.0078 0.5016 0.0086 0.3212 
1785     1785   (0)     20 :  0.0040 0.0172 0.5824 0.0046 0.3918 
1786     1786   (0)     20 :  0.0034 0.0062 0.5950 0.0150 0.3804 
1787     1787   (0)     20 :  0.0112 0.0058 0.5754 0.0150 0.3926 
1788     1788   (0)     20 :  0.0136 0.0048 0.5850 0.0054 0.3912 
1789     1789   (0)     20 :  0.1730 0.0052 0.5046 0.0082 0.3090 
1790     1790   (0)     20 :  0.0824 0.0066 0.5852 0.0054 0.3204 
1791     1791   (0)     20 :  0.0688 0.0092 0.5446 0.0202 0.3571 
1792     1792   (0)     20 :  0.0066 0.0138 0.5896 0.0052 0.3848 
1793     1793   (0)     20 :  0.0066 0.0256 0.5664 0.0532 0.3482 
1794     1794   (0)     20 :  0.0282 0.0050 0.5664 0.0050 0.3954 
1795     1795   (0)     20 :  0.1427 0.0034 0.5174 0.0050 0.3314 
1796     1796   (0)     20 :  0.0250 0.0100 0.5676 0.0060 0.3914 
1797     1797   (0)     20 :  0.0058 0.0058 0.5904 0.0078 0.3902 
1798     1798   (0)     20 :  0.0376 0.0122 0.5576 0.0494 0.3433 
1799     1799   (0)     20 :  0.0302 0.0134 0.5738 0.0132 0.3694 
1800     1800   (0)     20 :  0.0254 0.1234 0.4840 0.0048 0.3624 
1801     1801   (0)     20 :  0.0030 0.0072 0.5902 0.0036 0.3960 
1802     1802   (0)     20 :  0.0054 0.0102 0.5854 0.0060 0.3930 
1803     1803   (0)     20 :  0.0068 0.0376 0.5768 0.0078 0.3710 
1804     1804   (0)     20 :  0.0094 0.0088 0.5898 0.0070 0.3850 
1805     1805   (0)     20 :  0.0130 0.0092 0.5712 0.0224 0.3842 
1806     1806   (0)     20 :  0.0174 0.0056 0.5762 0.0084 0.3924 
1807     1807   (0)     20 :  0.0296 0.0168 0.5712 0.0058 0.3766 
1808     1808   (0)     20 :  0.0092 0.0052 0.5840 0.0082 0.3934 
1809     1809   (0)     20 :  0.1476 0.0064 0.5108 0.0042 0.3310 
1810     1810   (0)     20 :  0.0592 0.1106 0.4612 0.0400 0.3290 
1811     1811   (0)     20 :  0.1778 0.0086 0.5050 0.0118 0.2968 
1812     1812   (0)     20 :  0.0496 0.0056 0.5700 0.0062 0.3686 
1813     1813   (0)     20 :  0.0214 0.0126 0.5958 0.0060 0.3642 
1814     1814   (0)     20 :  0.0440 0.0120 0.6030 0.0072 0.3338 
1815     1815   (0)     20 :  0.1353 0.0480 0.5388 0.0024 0.2755 
1816     1816   (0)     20 :  0.0198 0.0240 0.5892 0.0060 0.3610 
1817     1817   (0)     20 :  0.0478 0.0046 0.5756 0.0036 0.3684 
1818     1818   (0)     20 :  0.1318 0.0100 0.5234 0.0086 0.3262 
1819     1819   (0)     20 :  0.1143 0.0052 0.5328 0.0076 0.3402 
1820     1820   (0)     20 :  0.0288 0.0672 0.5730 0.0128 0.3181 
1821     1821   (0)     20 :  0.0128 0.0062 0.5910 0.0066 0.3834 
1822     1822   (0)     20 :  0.1032 0.0312 0.4882 0.0112 0.3661 
1823     1823   (0)     20 :  0.1311 0.0122 0.4957 0.0044 0.3566 
1824     1824   (0)     20 :  0.0604 0.0052 0.5394 0.0092 0.3858 
1825     1825   (0)     20 :  0.0078 0.0266 0.5824 0.0044 0.3788 
1826     1826   (0)     20 :  0.0040 0.0076 0.5880 0.0078 0.3926 
1827     1827   (0)     20 :  0.0906 0.0116 0.5354 0.0044 0.3581 
1828     1828   (0)     20 :  0.1199 0.0036 0.4871 0.0050 0.3844 
1829     1829   (0)     20 :  0.0052 0.1257 0.5492 0.0088 0.3110 
1830     1830   (0)     20 :  0.0066 0.1854 0.4534 0.0048 0.3499 
1831     1831   (0)     20 :  0.0266 0.0128 0.5724 0.0100 0.3782 
1832     1832   (0)     20 :  0.0676 0.0126 0.5344 0.0350 0.3504 
1833     1833   (0)     20 :  0.0054 0.0042 0.5908 0.0158 0.3838 
1834     1834   (0)     20 :  0.0104 0.0128 0.5708 0.0050 0.4010 
1835     1835   (0)     20 :  0.1285 0.0106 0.5248 0.0074 0.3286 
1836     1836   (0)     20 :  0.0038 0.0086 0.5864 0.0114 0.3898 
1837     1837   (0)     20 :  0.0084 0.0064 0.5788 0.0068 0.3996 
1838     1838   (0)     20 :  0.0854 0.0156 0.5424 0.0030 0.3536 
1839     1839   (0)     20 :  0.0280 0.0052 0.5874 0.0034 0.3760 
1840     1840   (0)     20 :  0.0118 0.0104 0.5862 0.0084 0.3832 
1841     1841   (0)     20 :  0.0054 0.1082 0.5514 0.0060 0.3290 
1842     1842   (0)     20 :  0.0028 0.0046 0.5884 0.0090 0.3952 
1843     1843   (0)     20 :  0.0068 0.0042 0.5934 0.0030 0.3926 
1844     1844   (0)     20 :  0.0088 0.2108 0.4836 0.0030 0.2938 
1845     1845   (0)     20 :  0.0104 0.0160 0.5788 0.0112 0.3836 
1846     1846   (0)     20 :  0.0098 0.0154 0.5746 0.0158 0.3844 
1847     1847   (0)     20 :  0.0152 0.0102 0.5716 0.0120 0.3910 
1848     1848   (0)     20 :  0.0162 0.0034 0.5698 0.0272 0.3834 
1849     1849   (0)     20 :  0.0116 0.0068 0.4902 0.0796 0.4118 
1850     1850   (0)     20 :  0.0340 0.0048 0.5730 0.0168 0.3714 
1851     1851  (10)     21 :  0.0034 0.0040 0.0210 0.0046 0.9670 
1852     1852   (0)     21 :  0.0050 0.0164 0.1586 0.0054 0.8147 
1853     1853   (0)     21 :  0.0154 0.0046 0.0054 0.0678 0.9069 
1854     1854   (0)     21 :  0.0040 0.0050 0.0080 0.0076 0.9754 
1855     1855   (0)     21 :  0.0054 0.0736 0.1216 0.0046 0.7947 
1856     1856   (5)     21 :  0.0040 0.0564 0.2805 0.0046 0.6545 
1857     1857   (0)     21 :  0.0034 0.0030 0.0210 0.0044 0.9682 
1858     1858   (0)     21 :  0.0046 0.0052 0.0084 0.0020 0.9798 
1859     1859   (0)     21 :  0.0028 0.0060 0.0102 0.1868 0.7942 
1860     1860   (0)     21 :  0.0258 0.0302 0.1521 0.0030 0.7889 
1861     1861   (0)     21 :  0.0030 0.0048 0.0102 0.5066 0.4754 
1862     1862   (0)     21 :  0.0036 0.0030 0.0066 0.0088 0.9780 
1863     1863   (0)     21 :  0.0024 0.0030 0.0648 0.0182 0.9116 
1864     1864   (0)     21 :  0.0056 0.0114 0.0132 0.0036 0.9662 
1865     1865   (5)     21 :  0.0040 0.0024 0.0146 0.0232 0.9558 
1866     1866   (0)     21 :  0.0066 0.0038 0.0374 0.0062 0.9460 
1867     1867   (0)     21 :  0.0072 0.0064 0.0076 0.0134 0.9654 
1868     1868   (0)     21 :  0.0030 0.0036 0.0072 0.0114 0.9748 
1869     1869   (0)     21 :  0.0040 0.0062 0.0266 0.0054 0.9578 
1870     1870   (0)     21 :  0.0024 0.0030 0.0048 0.0038 0.9860 
1871     1871   (0)     21 :  0.0030 0.0042 0.0102 0.0040 0.9786 
1872     1872   (5)     21 :  0.0046 0.0066 0.0136 0.0118 0.9634 
1873     1873   (5)     21 :  0.0050 0.0036 0.0124 0.1028 0.8762 
1874     1874   (5)     21 :  0.0062 0.0288 0.0748 0.0114 0.8788 
1875     1875   (0)     21 :  0.0060 0.0090 0.0114 0.0026 0.9710 
1876     1876   (0)     21 :  0.0030 0.0040 0.1216 0.0034 0.8680 
1877     1877   (0)     21 :  0.0034 0.0042 0.0258 0.0144 0.9522 
1878     1878   (0)     21 :  0.0054 0.0166 0.0056 0.0026 0.9698 
1879     1879   (0)     21 :  0.0030 0.0036 0.0104 0.0054 0.9776 
1880     1880   (0)     21 :  0.0066 0.0044 0.0058 0.0106 0.9726 
1881     1881   (0)     21 :  0.0066 0.0050 0.0070 0.0476 0.9338 
1882     1882   (0)     21 :  0.0034 0.0030 0.0230 0.0264 0.9442 
1883     1883   (0)     21 :  0.0036 0.0054 0.0100 0.0044 0.9766 
1884     1884   (0)     21 :  0.0046 0.0102 0.1073 0.0210 0.8569 
1885     1885   (0)     21 :  0.0046 0.0094 0.1030 0.0040 0.8790 
1886     1886   (0)     21 :  0.0046 0.0060 0.0048 0.0336 0.9510 
1887     1887   (5)     21 :  0.0052 0.0058 0.0198 0.0136 0.9556 
1888     1888   (0)     21 :  0.0076 0.0030 0.0094 0.0088 0.9712 
1889     1889   (0)     21 :  0.0034 0.0046 0.0130 0.0076 0.9714 
1890     1890   (0)     21 :  0.0058 0.0040 0.0082 0.0086 0.9734 
1891     1891   (0)     21 :  0.0050 0.0056 0.0152 0.0104 0.9638 
1892     1892   (0)     21 :  0.0062 0.0056 0.0098 0.0120 0.9664 
1893     1893   (5)     21 :  0.0036 0.0036 0.0058 0.0104 0.9766 
1894     1894   (5)     21 :  0.0050 0.0096 0.0088 0.0086 0.9680 
1895     1895   (5)     21 :  0.0032 0.0070 0.0082 0.0216 0.9600 
1896     1896   (5)     21 :  0.0046 0.0046 0.0068 0.0176 0.9664 
1897     1897   (5)     21 :  0.0080 0.0050 0.0090 0.0158 0.9622 
1898     1898   (5)     21 :  0.0104 0.0046 0.0076 0.0104 0.9670 
1899     1899   (0)     21 :  0.0056 0.0158 0.0788 0.0094 0.8904 
1900     1900   (5)     21 :  0.0030 0.0032 0.0084 0.0098 0.9756 
1901     1901   (0)     21 :  0.0040 0.0076 0.6605 0.0110 0.3169 
1902     1902   (0)     21 :  0.0088 0.0406 0.0988 0.0626 0.7891 
1903     1903   (0)     21 :  0.0030 0.0030 0.0250 0.0334 0.9356 
1904     1904   (0)     21 :  0.0026 0.0030 0.0076 0.0040 0.9828 
1905     1905   (0)     21 :  0.0042 0.0302 0.0230 0.0068 0.9358 
1906     1906   (0)     21 :  0.0036 0.0040 0.0579 0.0104 0.9241 
1907     1907   (0)     21 :  0.0034 0.0046 0.0128 0.0126 0.9666 
1908     1908   (0)     21 :  0.0050 0.0064 0.0686 0.0058 0.9142 
1909     1909   (0)     21 :  0.0030 0.0044 0.0426 0.0842 0.8658 
1910     1910   (0)     21 :  0.0056 0.0030 0.0504 0.0082 0.9328 
1911     1911   (0)     21 :  0.0036 0.0150 0.2034 0.0034 0.7746 
1912     1912   (0)     21 :  0.0030 0.9868 0.0038 0.0030 0.0034 
1913     1913   (0)     21 :  0.0020 0.0038 0.0094 0.0084 0.9764 
1914     1914   (0)     21 :  0.0028 0.0040 0.0122 0.0068 0.9742 
1915     1915   (0)     21 :  0.0042 0.0034 0.0532 0.0066 0.9326 
1916     1916   (0)     21 :  0.0042 0.0310 0.0746 0.0046 0.8856 
1917     1917   (0)     21 :  0.0030 0.0078 0.0094 0.0024 0.9774 
1918     1918   (0)     21 :  0.0050 0.0716 0.0150 0.1947 0.7138 
1919     1919   (0)     21 :  0.0050 0.0070 0.0278 0.0274 0.9328 
1920     1920   (0)     21 :  0.0038 0.0040 0.1028 0.0202 0.8692 
1921     1921   (0)     21 :  0.0026 0.0052 0.0068 0.0042 0.9812 
1922     1922   (0)     21 :  0.0026 0.0040 0.0058 0.0048 0.9828 
1923     1923   (0)     21 :  0.0060 0.0042 0.0110 0.0074 0.9714 
1924     1924   (0)     21 :  0.0058 0.0142 0.0186 0.0052 0.9562 
1925     1925   (0)     21 :  0.0038 0.0054 0.0156 0.0064 0.9688 
1926     1926   (0)     21 :  0.0024 0.0054 0.0532 0.0052 0.9338 
1927     1927   (0)     21 :  0.0034 0.0078 0.0226 0.0042 0.9620 
1928     1928   (0)     21 :  0.0050 0.0036 0.0092 0.0454 0.9368 
1929     1929   (0)     21 :  0.0068 0.0090 0.0102 0.0434 0.9306 
1930     1930   (0)     21 :  0.0050 0.0060 0.1174 0.0054 0.8662 
1931     1931   (0)     21 :  0.0022 0.0048 0.0034 0.7666 0.2230 
1932     1932   (0)     21 :  0.0040 0.0042 0.0166 0.0052 0.9700 
1933     1933   (0)     21 :  0.0040 0.0058 0.0160 0.0056 0.9686 
1934     1934   (0)     21 :  0.0040 0.0048 0.0124 0.0082 0.9706 
1935     1935   (0)     21 :  0.0022 0.0058 0.0088 0.0046 0.9786 
1936     1936   (0)     21 :  0.0042 0.0090 0.0086 0.0044 0.9738 
1937     1937   (0)     21 :  0.0030 0.0096 0.0070 0.0026 0.9778 
1938     1938   (0)     21 :  0.0034 0.0034 0.0380 0.0176 0.9376 
1939     1939   (0)     21 :  0.0034 0.0058 0.0950 0.0122 0.8837 
1940     1940   (0)     21 :  0.0024 0.0078 0.0068 0.0078 0.9752 
1941     1941   (0)     21 :  0.0034 0.0030 0.0290 0.0110 0.9536 
1942     1942   (0)     21 :  0.0052 0.0084 0.0068 0.0042 0.9754 
1943     1943  (10)     21 :  0.0044 0.0048 0.0114 0.6498 0.3296 
1944     1944   (0)     21 :  0.0036 0.0050 0.0060 0.0102 0.9752 
1945     1945   (0)     21 :  0.0036 0.0030 0.0112 0.0058 0.9764 
1946     1946   (0)     21 :  0.0046 0.0072 0.0552 0.0558 0.8772 
1947     1947   (0)     21 :  0.0060 0.0092 0.0068 0.0474 0.9306 
1948     1948   (0)     21 :  0.0064 0.0080 0.0498 0.0050 0.9308 
1949     1949   (0)     21 :  0.0030 0.0070 0.0072 0.0050 0.9778 
1950     1950   (0)     21 :  0.0042 0.0166 0.0718 0.0212 0.8862 
1951     1951   (0)     21 :  0.0024 0.0030 0.0048 0.0036 0.9862 
1952     1952   (0)     21 :  0.0020 0.0026 0.0070 0.0068 0.9816 
1953     1953   (0)     21 :  0.0046 0.0054 0.0114 0.0186 0.9600 
1954     1954   (0)     21 :  0.0024 0.0036 0.0060 0.0058 0.9822 
1955     1955   (0)     21 :  0.0026 0.0026 0.0064 0.0110 0.9774 
1956     1956   (0)     22 :  0.0246 0.0030 0.0268 0.0084 0.9372 
1957     1957  (10)     22 :  0.0082 0.0034 0.0142 0.0206 0.9536 
1958     1958  (10)     22 :  0.0064 0.0336 0.0222 0.0104 0.9274 
1959     1959   (5)     22 :  0.0026 0.0030 0.0066 0.0088 0.9790 
1960     1960   (5)     22 :  0.0034 0.0056 0.0072 0.0288 0.9550 
1961     1961   (0)     22 :  0.0024 0.0062 0.0088 0.0144 0.9682 
1962     1962   (5)     22 :  0.0032 0.0116 0.0042 0.0314 0.9496 
1963     1963   (5)     22 :  0.0040 0.0030 0.0082 0.1002 0.8846 
1964     1964   (0)     22 :  0.0024 0.0030 0.0042 0.0112 0.9792 
1965     1965   (0)     22 :  0.0028 0.0034 0.0136 0.0094 0.9708 
1966     1966   (0)     22 :  0.0028 0.0034 0.0136 0.0092 0.9710 
1967     1967   (0)     22 :  0.0026 0.0076 0.0731 0.0058 0.9109 
1968     1968   (0)     22 :  0.0034 0.0092 0.0082 0.0062 0.9730 
1969     1969   (5)     22 :  0.0024 0.0036 0.0152 0.0088 0.9700 
1970     1970   (5)     22 :  0.0168 0.0108 0.0074 0.0074 0.9576 
1971     1971  (10)     22 :  0.0062 0.0038 0.1711 0.0158 0.8031 
1972     1972   (0)     22 :  0.0034 0.0046 0.0406 0.0078 0.9436 
1973     1973   (5)     22 :  0.0100 0.0180 0.0671 0.0458 0.8591 
1974     1974   (5)     22 :  0.0040 0.0102 0.0092 0.0040 0.9726 
1975     1975   (0)     22 :  0.0024 0.0072 0.0118 0.0048 0.9738 
1976     1976   (5)     22 :  0.0030 0.0038 0.0998 0.0290 0.8644 
1977     1977   (0)     22 :  0.0078 0.0126 0.0098 0.0038 0.9660 
1978     1978   (5)     22 :  0.0020 0.0086 0.0042 0.0142 0.9710 
1979     1979   (0)     22 :  0.0034 0.0034 0.0064 0.0376 0.9492 
1980     1980   (0)     22 :  0.0052 0.0066 0.0044 0.0378 0.9460 
1981     1981   (0)     22 :  0.0092 0.0182 0.0076 0.0090 0.9560 
1982     1982   (0)     22 :  0.0034 0.0032 0.0124 0.0420 0.9390 
1983     1983   (0)     22 :  0.0030 0.0028 0.0188 0.0162 0.9592 
1984     1984   (0)     22 :  0.0050 0.0034 0.0100 0.1038 0.8778 
1985     1985   (0)     22 :  0.0114 0.0114 0.0050 0.0234 0.9488 
1986     1986   (0)     22 :  0.0066 0.0070 0.0054 0.0056 0.9754 
1987     1987   (0)     22 :  0.0078 0.0036 0.0224 0.0984 0.8678 
1988     1988   (0)     22 :  0.0030 0.0030 0.0096 0.0116 0.9728 
1989     1989   (0)     22 :  0.0058 0.0046 0.0120 0.0052 0.9724 
1990     1990   (0)     22 :  0.0070 0.0054 0.0102 0.0062 0.9712 
1991     1991   (0)     22 :  0.0026 0.0036 0.0162 0.0058 0.9718 
1992     1992   (0)     22 :  0.0080 0.0044 0.0122 0.0038 0.9716 
1993     1993   (0)     22 :  0.0030 0.0028 0.0072 0.0048 0.9822 
1994     1994   (5)     22 :  0.0044 0.0076 0.0312 0.0086 0.9482 
1995     1995   (5)     22 :  0.0040 0.0088 0.0070 0.0204 0.9598 
1996     1996   (0)     22 :  0.0044 0.0100 0.0070 0.0034 0.9752 
1997     1997  (15)     22 :  0.0082 0.0140 0.0144 0.0082 0.9552 
1998     1998  (10)     22 :  0.0024 0.0034 0.0050 0.0270 0.9622 
1999     1999  (10)     22 :  0.0034 0.0050 0.0186 0.0066 0.9664 
2000     2000  (10)     22 :  0.0042 0.0054 0.0226 0.0086 0.9592 
2001     2001   (5)     22 :  0.0040 0.0104 0.0194 0.0090 0.9572 
2002     2002   (5)     22 :  0.0030 0.0042 0.0834 0.0158 0.8936 
2003     2003   (5)     22 :  0.0034 0.0080 0.0108 0.0034 0.9744 
2004     2004   (5)     22 :  0.0034 0.0048 0.0100 0.0160 0.9658 
2005     2005   (5)     22 :  0.0034 0.0098 0.0222 0.0074 0.9572 
2006     2006   (5)     22 :  0.0038 0.0054 0.0374 0.0056 0.9478 
2007     2007  (15)     22 :  0.0090 0.0086 0.1124 0.0110 0.8590 
2008     2008   (5)     22 :  0.0118 0.0024 0.0158 0.0104 0.9596 
2009     2009   (5)     22 :  0.0030 0.0034 0.0982 0.0100 0.8855 
2010     2010  (15)     22 :  0.0048 0.0058 0.0494 0.0218 0.9182 
2011     2011   (5)     22 :  0.0248 0.0074 0.0256 0.0120 0.9302 
2012     2012   (5)     22 :  0.0104 0.0316 0.0412 0.0162 0.9006 
2013     2013   (5)     22 :  0.0040 0.0062 0.0672 0.0056 0.9170 
2014     2014   (5)     22 :  0.0030 0.0038 0.0084 0.0216 0.9632 
2015     2015  (10)     22 :  0.0050 0.0072 0.0128 0.0066 0.9684 
2016     2016   (5)     22 :  0.0034 0.0038 0.0342 0.1396 0.8190 
2017     2017   (5)     22 :  0.0040 0.0064 0.0098 0.0028 0.9770 
2018     2018  (10)     22 :  0.0034 0.0044 0.1687 0.0740 0.7495 
2019     2019  (10)     22 :  0.0044 0.0060 0.0106 0.0052 0.9738 
2020     2020  (10)     22 :  0.0192 0.0052 0.0234 0.0086 0.9436 
2021     2021  (10)     22 :  0.0170 0.0084 0.0248 0.0196 0.9302 
2022     2022   (5)     22 :  0.0030 0.0040 0.0212 0.0108 0.9610 
2023     2023  (10)     22 :  0.0044 0.1594 0.0192 0.0120 0.8050 
2024     2024   (0)     22 :  0.0020 0.0052 0.0056 0.0330 0.9542 
2025     2025   (5)     22 :  0.0036 0.0044 0.0044 0.0294 0.9582 
2026     2026   (0)     22 :  0.0026 0.0024 0.0434 0.0084 0.9432 
2027     2027   (0)     22 :  0.0024 0.0024 0.0046 0.0034 0.9872 
2028     2028   (0)     22 :  0.0048 0.0034 0.0178 0.0070 0.9670 
2029     2029   (0)     22 :  0.0102 0.0046 0.0054 0.0112 0.9686 
2030     2030   (0)     22 :  0.0028 0.0152 0.0370 0.0058 0.9392 
2031     2031   (0)     22 :  0.0090 0.0032 0.0060 0.0312 0.9506 
2032     2032   (0)     22 :  0.0044 0.0078 0.0378 0.1271 0.8229 
2033     2033  (10)     22 :  0.0058 0.0040 0.0068 0.0100 0.9734 
2034     2034  (10)     22 :  0.0542 0.0158 0.4481 0.0070 0.4749 
2035     2035   (0)     22 :  0.0152 0.0040 0.0462 0.0130 0.9216 
2036     2036   (5)     22 :  0.0554 0.0108 0.2207 0.0064 0.7067 
2037     2037   (0)     22 :  0.0044 0.0076 0.0594 0.0158 0.9128 
2038     2038   (5)     22 :  0.0172 0.0054 0.0738 0.0074 0.8962 
2039     2039   (5)     22 :  0.0030 0.0078 0.0156 0.0174 0.9562 
2040     2040   (5)     22 :  0.0044 0.0086 0.0092 0.0240 0.9538 
2041     2041  (10)     22 :  0.0026 0.0028 0.0288 0.0098 0.9560 
2042     2042   (0)     22 :  0.0036 0.0034 0.0284 0.0044 0.9602 
2043     2043   (0)     22 :  0.0032 0.0036 0.0108 0.0070 0.9754 
2044     2044   (0)     22 :  0.0472 0.0370 0.3370 0.0062 0.5726 
2045     2045   (0)     22 :  0.0034 0.0076 0.0096 0.0040 0.9754 
2046     2046   (0)     22 :  0.0050 0.0084 0.1217 0.0086 0.8563 
2047     2047   (0)     22 :  0.0034 0.0044 0.0116 0.0056 0.9750 
2048     2048   (0)     22 :  0.0030 0.0036 0.0230 0.0530 0.9174 
2049     2049   (0)     22 :  0.0042 0.0070 0.0200 0.0104 0.9584 
2050     2050   (0)     22 :  0.0036 0.0038 0.1637 0.0636 0.7653 
2051     2051   (0)     22 :  0.0038 0.0052 0.0224 0.0068 0.9618 
2052     2052   (0)     22 :  0.0048 0.0082 0.0268 0.0050 0.9552 
2053     2053   (0)     22 :  0.0238 0.0112 0.2074 0.0626 0.6950 
2054     2054   (0)     22 :  0.0078 0.0100 0.3707 0.0130 0.5985 
2055     2055   (0)     22 :  0.0114 0.0328 0.3757 0.0122 0.5679 
2056     2056   (0)     22 :  0.0030 0.0066 0.1136 0.0286 0.8481 
2057     2057   (0)     22 :  0.0102 0.0030 0.0180 0.0146 0.9542 
2058     2058   (0)     22 :  0.0030 0.0030 0.0070 0.0084 0.9786 
2059     2059   (5)     22 :  0.0050 0.0070 0.0174 0.0074 0.9632 
2060     2060   (0)     22 :  0.0038 0.0060 0.0733 0.0222 0.8947 
2061     2061   (5)     22 :  0.2769 0.0324 0.2508 0.0066 0.4333 
2062     2062   (0)     22 :  0.0030 0.0050 0.0202 0.0050 0.9668 
2063     2063   (0)     22 :  0.0104 0.0300 0.0652 0.1658 0.7286 
2064     2064   (0)     22 :  0.0050 0.0420 0.0476 0.0108 0.8946 
2065     2065   (0)     22 :  0.0046 0.0104 0.0909 0.0138 0.8803 
2066     2066   (0)     22 :  0.0030 0.0034 0.0126 0.0096 0.9714 
2067     2067   (0)     22 :  0.0030 0.0088 0.0078 0.0130 0.9674 
2068     2068   (0)     22 :  0.0054 0.0030 0.0180 0.0516 0.9220 
2069     2069   (0)     22 :  0.0030 0.0020 0.0932 0.0066 0.8953 
2070     2070   (0)     22 :  0.0048 0.0060 0.0178 0.0072 0.9642 
2071     2071   (0)     22 :  0.0034 0.0044 0.0066 0.0054 0.9802 
2072     2072   (0)     22 :  0.0098 0.0078 0.3636 0.0944 0.5244 
2073     2073   (0)     22 :  0.0026 0.0058 0.0098 0.0056 0.9762 
2074     2074   (0)     22 :  0.0096 0.0040 0.0322 0.0052 0.9490 
2075     2075   (5)     22 :  0.0038 0.0072 0.2078 0.0084 0.7728 
2076     2076   (0)     22 :  0.0080 0.0058 0.0336 0.0186 0.9340 
2077     2077   (0)     22 :  0.0046 0.0146 0.0450 0.0176 0.9183 
2078     2078   (0)     22 :  0.0076 0.0040 0.0062 0.0088 0.9734 
2079     2079  (10)     22 :  0.0034 0.0030 0.0822 0.0220 0.8894 
2080     2080   (0)     22 :  0.0034 0.0020 0.0072 0.0058 0.9816 
2081     2081   (0)     22 :  0.0030 0.0020 0.0060 0.0074 0.9816 
2082     2082   (0)     22 :  0.0074 0.0034 0.0876 0.0112 0.8903 
2083     2083  (10)     22 :  0.0032 0.0062 0.0254 0.0076 0.9576 
2084     2084   (5)     22 :  0.0034 0.0076 0.1976 0.0058 0.7856 
2085     2085   (0)     22 :  0.0040 0.0042 0.0124 0.0078 0.9716 
2086     2086   (5)     22 :  0.0044 0.0038 0.0088 0.0062 0.9768 
2087     2087   (5)     22 :  0.0024 0.0020 0.0074 0.0040 0.9842 
2088     2088  (10)     22 :  0.0044 0.0070 0.0174 0.0058 0.9654 
2089     2089   (0)     22 :  0.0030 0.0028 0.0068 0.0116 0.9758 
2090     2090   (5)     22 :  0.0094 0.0272 0.0112 0.0062 0.9460 
2091     2091  (10)     22 :  0.0034 0.0034 0.0268 0.0152 0.9512 
2092     2092   (0)     22 :  0.0070 0.0104 0.0198 0.0062 0.9566 
2093     2093   (0)     22 :  0.0122 0.0040 0.0206 0.0108 0.9524 
2094     2094   (0)     22 :  0.0040 0.0108 0.0500 0.0048 0.9304 
2095     2095   (0)     22 :  0.0056 0.0754 0.0134 0.0164 0.8892 
2096     2096   (0)     22 :  0.0030 0.0030 0.0088 0.0100 0.9752 
2097     2097   (0)     22 :  0.0066 0.0030 0.0084 0.0040 0.9780 
2098     2098   (0)     22 :  0.0030 0.0044 0.0052 0.0156 0.9718 
2099     2099   (0)     22 :  0.0030 0.0058 0.0054 0.0134 0.9724 
2100     2100   (0)     22 :  0.0024 0.0030 0.0068 0.0132 0.9746 
2101     2101   (5)     22 :  0.0082 0.0144 0.0214 0.0042 0.9518 
2102     2102   (0)     22 :  0.0024 0.0024 0.0088 0.0080 0.9784 
2103     2103   (0)     22 :  0.0040 0.0166 0.0064 0.1635 0.8095 
2104     2104   (0)     22 :  0.0036 0.0078 0.0076 0.0050 0.9760 
2105     2105   (5)     22 :  0.0066 0.0050 0.0288 0.0216 0.9380 
2106     2106   (0)     22 :  0.0052 0.0030 0.0148 0.0102 0.9668 
2107     2107   (0)     22 :  0.0084 0.0100 0.0646 0.0156 0.9014 
2108     2108   (0)     22 :  0.0030 0.0050 0.0076 0.0126 0.9718 
2109     2109   (0)     22 :  0.0030 0.0074 0.0586 0.0202 0.9108 
2110     2110   (0)     22 :  0.0034 0.0074 0.0074 0.0054 0.9764 
2111     2111   (0)     22 :  0.0048 0.0084 0.0078 0.0390 0.9400 
2112     2112   (0)     22 :  0.0074 0.0026 0.0162 0.0056 0.9682 
2113     2113   (0)     22 :  0.0038 0.0058 0.0062 0.0068 0.9774 
2114     2114   (0)     22 :  0.0034 0.0052 0.0076 0.0114 0.9724 
2115     2115   (0)     22 :  0.0112 0.0086 0.0136 0.0070 0.9596 
2116     2116   (0)     22 :  0.0030 0.0034 0.1760 0.1819 0.6357 
2117     2117   (0)     22 :  0.0024 0.0020 0.0066 0.0096 0.9794 
2118     2118   (0)     22 :  0.0038 0.0042 0.0294 0.0052 0.9574 
2119     2119   (0)     22 :  0.0026 0.0040 0.0068 0.0052 0.9814 
2120     2120   (0)     22 :  0.0024 0.0030 0.0150 0.0062 0.9734 
2121     2121   (0)     22 :  0.0030 0.0030 0.0072 0.0062 0.9806 
2122     2122   (0)     22 :  0.0034 0.0072 0.0086 0.0064 0.9744 
2123     2123   (0)     22 :  0.0076 0.0064 0.0092 0.0068 0.9700 
2124     2124   (0)     22 :  0.0044 0.0040 0.0062 0.0072 0.9782 
2125     2125   (0)     22 :  0.0034 0.0034 0.0056 0.0040 0.9836 
2126     2126  (10)     22 :  0.0066 0.0040 0.0254 0.0086 0.9554 
2127     2127   (5)     22 :  0.0030 0.1362 0.0346 0.0226 0.8036 
2128     2128  (10)     22 :  0.0048 0.0056 0.0168 0.0064 0.9664 
2129     2129   (5)     22 :  0.0712 0.0322 0.0372 0.0284 0.8310 
2130     2130  (10)     22 :  0.0034 0.0042 0.0094 0.0132 0.9698 
2131     2131  (10)     22 :  0.0040 0.0106 0.0106 0.0486 0.9262 
2132     2132   (0)     22 :  0.0060 0.0156 0.0066 0.0182 0.9536 
2133     2133   (5)     22 :  0.0058 0.0046 0.0108 0.0110 0.9678 
2134     2134   (5)     22 :  0.0228 0.0108 0.0228 0.0066 0.9370 
2135     2135  (10)     22 :  0.0058 0.0160 0.0076 0.0206 0.9500 
2136     2136   (0)     22 :  0.0034 0.0030 0.0100 0.0176 0.9660 
2137     2137   (0)     22 :  0.0044 0.0034 0.0082 0.0066 0.9774 
2138     2138   (0)     22 :  0.0036 0.0032 0.0058 0.0052 0.9822 
2139     2139   (0)     22 :  0.0048 0.0030 0.0084 0.0052 0.9786 
2140     2140   (0)     22 :  0.0200 0.0030 0.0216 0.1665 0.7889 
2141     2141   (0)     22 :  0.0240 0.0040 0.1879 0.0030 0.7811 
2142     2142   (0)     22 :  0.0748 0.0036 0.0078 0.0080 0.9058 
2143     2143   (0)     22 :  0.0030 0.0046 0.0114 0.0030 0.9780 
2144     2144   (0)     22 :  0.0024 0.0060 0.0174 0.0044 0.9698 
2145     2145   (5)     22 :  0.0134 0.0266 0.4626 0.0070 0.4904 
2146     2146   (0)     22 :  0.0106 0.0756 0.3760 0.0124 0.5254 
2147     2147   (0)     22 :  0.0032 0.0088 0.3015 0.0228 0.6637 
2148     2148  (10)     22 :  0.0074 0.0056 0.3079 0.0158 0.6633 
2149     2149   (5)     22 :  0.0058 0.0062 0.0552 0.0412 0.8916 
2150     2150   (0)     22 :  0.0024 0.0044 0.0294 0.0054 0.9584 
2151     2151   (5)     22 :  0.0076 0.0056 0.7578 0.0098 0.2192 
2152     2152   (5)     22 :  0.0050 0.0056 0.0148 0.0132 0.9614 
2153     2153   (0)     22 :  0.0036 0.0036 0.0118 0.0150 0.9660 
2154     2154   (0)     22 :  0.0478 0.0068 0.0256 0.0116 0.9082 
2155     2155   (0)     22 :  0.0040 0.0044 0.0092 0.0078 0.9746 
2156     2156   (0)     22 :  0.0076 0.0118 0.2374 0.0048 0.7384 
2157     2157   (0)     22 :  0.0028 0.0034 0.1517 0.0384 0.8037 
2158     2158   (0)     22 :  0.0090 0.0034 0.0318 0.0142 0.9416 
2159     2159   (0)     22 :  0.0026 0.0054 0.0074 0.0072 0.9774 
2160     2160   (0)     22 :  0.0024 0.0036 0.0066 0.0038 0.9836 
2161     2161   (0)     22 :  0.0024 0.0032 0.0178 0.0054 0.9712 
2162     2162   (0)     22 :  0.0030 0.0036 0.0084 0.0070 0.9780 
2163     2163   (0)     22 :  0.0084 0.0094 0.0056 0.0110 0.9656 
2164     2164   (0)     22 :  0.0030 0.0124 0.0126 0.0056 0.9664 
2165     2165   (0)     22 :  0.0030 0.0126 0.0134 0.0034 0.9676 
2166     2166   (0)     22 :  0.0034 0.0072 0.0108 0.0030 0.9756 
2167     2167   (0)     22 :  0.0040 0.0046 0.0050 0.0326 0.9538 
2168     2168   (0)     22 :  0.0056 0.0118 0.0070 0.0136 0.9620 
2169     2169   (0)     22 :  0.0040 0.0046 0.0050 0.0326 0.9538 
2170     2170   (0)     22 :  0.0030 0.0042 0.0064 0.0042 0.9822 
2171     2171   (0)     22 :  0.0030 0.0048 0.0046 0.0042 0.9834 
2172     2172   (0)     22 :  0.0020 0.0030 0.0092 0.0056 0.9802 
2173     2173   (0)     22 :  0.0020 0.0020 0.0082 0.0042 0.9836 
2174     2174   (0)     22 :  0.0034 0.0028 0.0806 0.0799 0.8333 
2175     2175   (0)     22 :  0.0024 0.0030 0.0816 0.0496 0.8634 
2176     2176   (0)     22 :  0.0096 0.0038 0.0058 0.0448 0.9360 
2177     2177   (0)     22 :  0.0362 0.0078 0.0446 0.0212 0.8902 
2178     2178   (0)     22 :  0.0030 0.0034 0.0070 0.0060 0.9806 
2179     2179   (0)     22 :  0.0130 0.0296 0.0398 0.0106 0.9070 
2180     2180   (0)     22 :  0.0030 0.0034 0.0388 0.0280 0.9268 
2181     2181   (0)     22 :  0.0030 0.0088 0.0112 0.0088 0.9682 
2182     2182   (0)     22 :  0.0030 0.0040 0.0266 0.0070 0.9594 
2183     2183   (0)     22 :  0.0054 0.0050 0.1273 0.0104 0.8519 
2184     2184   (0)     22 :  0.0102 0.0038 0.1085 0.0280 0.8495 
2185     2185   (0)     22 :  0.0034 0.0074 0.0296 0.0054 0.9542 
2186     2186   (0)     22 :  0.0050 0.0040 0.0120 0.0136 0.9654 
2187     2187   (0)     22 :  0.0030 0.0020 0.0050 0.0078 0.9822 
2188     2188   (0)     22 :  0.0070 0.0044 0.0112 0.0646 0.9129 
2189     2189   (0)     22 :  0.0034 0.0034 0.0072 0.0040 0.9820 
2190     2190   (0)     22 :  0.0056 0.0034 0.0556 0.0072 0.9282 
2191     2191   (0)     22 :  0.0042 0.0038 0.0738 0.0108 0.9073 
2192     2192   (0)     22 :  0.0036 0.0050 0.0126 0.0048 0.9740 
2193     2193   (0)     22 :  0.0036 0.0030 0.0098 0.0052 0.9784 
2194     2194   (0)     22 :  0.0030 0.0040 0.0999 0.0058 0.8873 
2195     2195   (0)     22 :  0.0026 0.0040 0.0074 0.0052 0.9808 
2196     2196   (5)     23 :  0.0218 0.0250 0.2492 0.0064 0.6976 
2197     2197   (0)     23 :  0.0038 0.0142 0.3903 0.0082 0.5835 
2198     2198   (0)     23 :  0.0072 0.0122 0.5251 0.0302 0.4254 
2199     2199   (0)     23 :  0.0076 0.0068 0.6207 0.0112 0.3537 
2200     2200   (0)     23 :  0.0048 0.0058 0.1994 0.0196 0.7704 
2201     2201   (0)     23 :  0.1470 0.0522 0.2448 0.0088 0.5472 
2202     2202   (0)     23 :  0.0068 0.0088 0.2914 0.0134 0.6796 
2203     2203   (0)     23 :  0.0148 0.0104 0.0638 0.0602 0.8508 
2204     2204   (0)     23 :  0.0034 0.0210 0.4480 0.0184 0.5092 
2205     2205   (0)     23 :  0.0040 0.0034 0.0054 0.0044 0.9828 
2206     2206   (0)     23 :  0.0134 0.0054 0.2648 0.0098 0.7066 
2207     2207   (0)     23 :  0.0048 0.0032 0.2665 0.0126 0.7129 
2208     2208   (0)     23 :  0.0042 0.0050 0.0294 0.0178 0.9436 
2209     2209   (0)     23 :  0.0044 0.0056 0.4915 0.0074 0.4911 
2210     2210   (0)     23 :  0.0048 0.0086 0.4367 0.1118 0.4382 
2211     2211   (0)     23 :  0.0024 0.0030 0.0060 0.0062 0.9824 
2212     2212   (0)     23 :  0.0038 0.0076 0.4023 0.0048 0.5815 
2213     2213   (0)     23 :  0.0140 0.0034 0.3764 0.0038 0.6024 
2214     2214   (0)     23 :  0.0040 0.0054 0.0214 0.0036 0.9656 
2215     2215   (0)     23 :  0.0114 0.0106 0.0990 0.0034 0.8756 
2216     2216   (0)     23 :  0.0102 0.0106 0.0096 0.1312 0.8384 
2217     2217   (0)     23 :  0.0052 0.1622 0.0368 0.0048 0.7910 
2218     2218   (0)     23 :  0.0056 0.0146 0.5850 0.0258 0.3690 
2219     2219   (0)     23 :  0.0064 0.0110 0.6135 0.0444 0.3247 
2220     2220   (0)     23 :  0.0156 0.0042 0.0402 0.0034 0.9366 
2221     2221   (0)     23 :  0.0052 0.0414 0.1136 0.0096 0.8302 
2222     2222   (0)     23 :  0.0044 0.0812 0.3018 0.0286 0.5841 
2223     2223   (0)     23 :  0.0064 0.0084 0.7728 0.0064 0.2060 
2224     2224   (0)     23 :  0.0098 0.0038 0.4188 0.0312 0.5364 
2225     2225   (0)     23 :  0.0088 0.0112 0.2122 0.0034 0.7644 
2226     2226   (0)     23 :  0.0380 0.0050 0.1593 0.0340 0.7637 
2227     2227  (10)     23 :  0.0060 0.0064 0.0120 0.0062 0.9694 
2228     2228   (5)     23 :  0.0068 0.0038 0.4251 0.0274 0.5369 
2229     2229   (0)     23 :  0.0084 0.0184 0.7337 0.0034 0.2362 
2230     2230   (0)     23 :  0.0064 0.0050 0.6905 0.0028 0.2953 
2231     2231   (0)     23 :  0.0182 0.0070 0.6689 0.0194 0.2865 
2232     2232   (0)     23 :  0.0070 0.0040 0.6785 0.0056 0.3049 
2233     2233   (0)     23 :  0.0238 0.0062 0.6080 0.0072 0.3548 
2234     2234   (0)     23 :  0.0030 0.0088 0.6667 0.0034 0.3182 
2235     2235   (0)     23 :  0.0204 0.0044 0.5728 0.0096 0.3928 
2236     2236   (0)     23 :  0.0098 0.0106 0.4354 0.0038 0.5405 
2237     2237   (0)     23 :  0.0024 0.0164 0.6554 0.0048 0.3210 
2238     2238   (5)     23 :  0.0068 0.0310 0.3575 0.0066 0.5981 
2239     2239   (0)     23 :  0.0102 0.0078 0.7352 0.0316 0.2152 
2240     2240   (0)     23 :  0.0026 0.0152 0.5286 0.0056 0.4480 
2241     2241   (0)     23 :  0.0040 0.0080 0.4800 0.0054 0.5026 
2242     2242   (0)     23 :  0.0118 0.0146 0.1175 0.0088 0.8473 
2243     2243   (0)     23 :  0.0034 0.0106 0.7378 0.0040 0.2442 
2244     2244   (5)     23 :  0.0040 0.1052 0.4584 0.0098 0.4225 
2245     2245   (0)     23 :  0.0112 0.0910 0.5308 0.0102 0.3568 
2246     2246   (0)     23 :  0.0040 0.0040 0.7390 0.0564 0.1966 
2247     2247   (0)     23 :  0.0034 0.0464 0.6752 0.0044 0.2706 
2248     2248   (0)     23 :  0.0066 0.0172 0.7092 0.0102 0.2568 
2249     2249   (0)     23 :  0.0034 0.0054 0.0266 0.0152 0.9495 
2250     2250   (0)     23 :  0.0038 0.0044 0.3738 0.0268 0.5912 
2251     2251   (5)     23 :  0.0076 0.0072 0.1693 0.0112 0.8047 
2252     2252   (5)     23 :  0.0062 0.1206 0.6473 0.0042 0.2217 
2253     2253   (0)     23 :  0.0042 0.0064 0.7189 0.0044 0.2661 
2254     2254   (0)     23 :  0.0040 0.0358 0.7334 0.0156 0.2112 
2255     2255   (0)     23 :  0.0072 0.0096 0.7136 0.0042 0.2654 
2256     2256   (0)     23 :  0.0030 0.0044 0.7160 0.0056 0.2710 
2257     2257   (0)     23 :  0.0068 0.0170 0.0588 0.0148 0.9026 
2258     2258   (0)     23 :  0.0274 0.0336 0.4979 0.0120 0.4291 
2259     2259   (0)     23 :  0.0084 0.0406 0.2706 0.0042 0.6762 
2260     2260   (0)     23 :  0.0020 0.0166 0.3567 0.0054 0.6193 
2261     2261   (0)     23 :  0.0038 0.0544 0.5425 0.0152 0.3841 
2262     2262   (0)     23 :  0.0038 0.0152 0.4239 0.0056 0.5515 
2263     2263   (0)     23 :  0.0052 0.0428 0.2292 0.0044 0.7184 
2264     2264   (0)     24 :  0.0044 0.0034 0.6102 0.0128 0.3692 
2265     2265   (0)     24 :  0.0044 0.0030 0.7174 0.0132 0.2620 
2266     2266   (0)     24 :  0.0070 0.0078 0.4738 0.0090 0.5024 
2267     2267   (0)     24 :  0.0092 0.0044 0.7252 0.0122 0.2490 
2268     2268   (0)     24 :  0.0042 0.0052 0.7586 0.0072 0.2248 
2269     2269   (0)     24 :  0.0020 0.0062 0.7514 0.0048 0.2356 
2270     2270   (0)     24 :  0.0030 0.0030 0.7201 0.0098 0.2641 
2271     2271   (0)     24 :  0.0108 0.1208 0.6597 0.0040 0.2048 
2272     2272   (0)     24 :  0.0138 0.0148 0.6802 0.0150 0.2762 
2273     2273   (0)     24 :  0.0046 0.0080 0.6906 0.0154 0.2814 
2274     2274   (0)     24 :  0.0034 0.0050 0.7588 0.0066 0.2262 
2275     2275   (0)     24 :  0.0062 0.0040 0.7812 0.0098 0.1988 
2276     2276   (0)     24 :  0.0052 0.0100 0.7157 0.0032 0.2659 
2277     2277   (0)     24 :  0.0038 0.0056 0.6590 0.0236 0.3080 
2278     2278   (0)     24 :  0.0070 0.0036 0.7772 0.0042 0.2080 
2279     2279   (0)     24 :  0.0030 0.0052 0.7428 0.0062 0.2428 
2280     2280   (0)     24 :  0.0030 0.0070 0.7848 0.0064 0.1988 
2281     2281   (0)     24 :  0.0066 0.0460 0.6191 0.0068 0.3215 
2282     2282   (0)     24 :  0.0034 0.0054 0.7580 0.0048 0.2284 
2283     2283   (0)     24 :  0.0030 0.0052 0.7844 0.0068 0.2006 
2284     2284   (0)     24 :  0.0038 0.0100 0.7229 0.0118 0.2515 
2285     2285   (0)     24 :  0.0048 0.0062 0.7932 0.0148 0.1810 
2286     2286   (0)     24 :  0.0030 0.0020 0.7666 0.0252 0.2032 
2287     2287   (0)     24 :  0.0030 0.0056 0.7494 0.0452 0.1968 
2288     2288   (0)     24 :  0.0030 0.0048 0.7894 0.0058 0.1970 
2289     2289   (0)     24 :  0.0086 0.0082 0.7706 0.0040 0.2086 
2290     2290   (0)     24 :  0.0038 0.0054 0.7750 0.0030 0.2128 
2291     2291   (0)     24 :  0.0082 0.0056 0.7666 0.0076 0.2120 
2292     2292   (0)     24 :  0.0218 0.0044 0.7734 0.0044 0.1960 
2293     2293   (0)     24 :  0.0060 0.0144 0.7492 0.0322 0.1982 
2294     2294   (0)     24 :  0.0066 0.0030 0.7612 0.0160 0.2132 
2295     2295   (0)     25 :  0.0084 0.0040 0.7794 0.0064 0.2018 
2296     2296   (0)     25 :  0.0040 0.0200 0.6097 0.0082 0.3581 
2297     2297   (0)     25 :  0.0036 0.0058 0.7700 0.0186 0.2020 
2298     2298   (0)     25 :  0.0034 0.0034 0.6186 0.0066 0.3680 
2299     2299   (0)     25 :  0.0034 0.0030 0.6784 0.0190 0.2962 
2300     2300   (0)     25 :  0.0030 0.0034 0.7318 0.0094 0.2524 
2301     2301   (0)     25 :  0.0106 0.0064 0.5490 0.0392 0.3948 
2302     2302   (0)     25 :  0.0036 0.0036 0.6936 0.1044 0.1948 
2303     2303   (0)     25 :  0.0030 0.0042 0.6341 0.0134 0.3453 
2304     2304   (0)     25 :  0.0040 0.0098 0.7748 0.0066 0.2048 
2305     2305   (0)     25 :  0.0054 0.0096 0.7788 0.0034 0.2028 
2306     2306   (0)     25 :  0.0056 0.0132 0.7808 0.0056 0.1948 
2307     2307   (0)     25 :  0.0080 0.0244 0.6795 0.0086 0.2795 
2308     2308   (0)     25 :  0.0040 0.0030 0.7788 0.0054 0.2088 
2309     2309   (0)     25 :  0.0066 0.0040 0.7436 0.0062 0.2396 
2310     2310   (0)     25 :  0.0034 0.0030 0.7266 0.0560 0.2110 
2311     2311   (0)     25 :  0.0048 0.0046 0.7846 0.0034 0.2026 
2312     2312   (0)     25 :  0.0044 0.0262 0.6304 0.0072 0.3318 
2313     2313   (0)     25 :  0.0034 0.0102 0.7364 0.0288 0.2212 
2314     2314   (0)     25 :  0.0072 0.0074 0.7634 0.0048 0.2172 
2315     2315   (0)     25 :  0.0046 0.0058 0.7796 0.0030 0.2070 
2316     2316   (0)     25 :  0.0056 0.0074 0.7584 0.0072 0.2214 
2317     2317   (0)     25 :  0.0092 0.0134 0.7756 0.0038 0.1980 
2318     2318   (0)     25 :  0.0058 0.0064 0.7494 0.0050 0.2334 
2319     2319   (0)     25 :  0.0058 0.0322 0.7450 0.0066 0.2104 
2320     2320   (0)     25 :  0.0044 0.0068 0.7428 0.0050 0.2410 
2321     2321   (0)     25 :  0.0042 0.0040 0.7296 0.0140 0.2482 
2322     2322   (0)     25 :  0.0086 0.0098 0.6324 0.0094 0.3398 
2323     2323   (0)     25 :  0.0050 0.0130 0.6574 0.0080 0.3166 
2324     2324   (0)     25 :  0.0106 0.0044 0.6414 0.0038 0.3398 
2325     2325   (0)     25 :  0.0048 0.0100 0.6717 0.0062 0.3072 
2326     2326   (0)     25 :  0.0044 0.0040 0.5269 0.0054 0.4593 
2327     2327   (0)     25 :  0.0024 0.0158 0.7802 0.0056 0.1960 
2328     2328   (0)     25 :  0.0036 0.0030 0.7892 0.0038 0.2004 
2329     2329   (0)     25 :  0.0054 0.0034 0.6827 0.0122 0.2963 
2330     2330   (0)     25 :  0.0166 0.0086 0.6876 0.0074 0.2798 
2331     2331   (0)     25 :  0.0054 0.0080 0.6754 0.0136 0.2976 
2332     2332   (0)     25 :  0.0020 0.0042 0.7838 0.0080 0.2020 
2333     2333   (0)     25 :  0.0030 0.0030 0.7642 0.0254 0.2044 
2334     2334   (0)     25 :  0.0042 0.0030 0.7774 0.0112 0.2042 
2335     2335   (0)     25 :  0.0054 0.0036 0.7862 0.0030 0.2018 
2336     2336   (0)     25 :  0.0050 0.1305 0.4036 0.0122 0.4487 
2337     2337   (0)     25 :  0.0058 0.0072 0.8108 0.0132 0.1630 
2338     2338   (0)     25 :  0.0034 0.0036 0.7560 0.0274 0.2096 
2339     2339   (0)     25 :  0.0030 0.0100 0.7772 0.0040 0.2058 
2340     2340   (0)     25 :  0.0030 0.0040 0.7738 0.0152 0.2040 
2341     2341   (0)     25 :  0.0044 0.0034 0.7072 0.0108 0.2742 
2342     2342   (0)     25 :  0.0176 0.0166 0.7460 0.0034 0.2164 
2343     2343   (0)     25 :  0.0044 0.0072 0.7512 0.0020 0.2352 
2344     2344   (0)     25 :  0.0060 0.0048 0.7808 0.0058 0.2026 
2345     2345   (0)     25 :  0.0052 0.0168 0.7598 0.0274 0.1908 
2346     2346   (0)     25 :  0.0048 0.0024 0.7196 0.0090 0.2642 
2347     2347   (0)     25 :  0.0044 0.0020 0.7778 0.0056 0.2102 
2348     2348   (0)     25 :  0.0070 0.0640 0.7272 0.0052 0.1966 
2349     2349   (0)     25 :  0.0060 0.0308 0.7407 0.0326 0.1899 
2350     2350   (0)     25 :  0.0030 0.0046 0.7676 0.0052 0.2196 
2351     2351   (0)     25 :  0.0040 0.0040 0.6194 0.0080 0.3646 
2352     2352   (0)     25 :  0.0048 0.0074 0.6161 0.0062 0.3655 
2353     2353   (0)     25 :  0.0042 0.0068 0.7227 0.0100 0.2563 
2354     2354   (0)     25 :  0.0056 0.0138 0.7822 0.0060 0.1924 
2355     2355   (0)     25 :  0.0180 0.0152 0.7690 0.0056 0.1922 
2356     2356   (0)     25 :  0.0058 0.0066 0.7678 0.0080 0.2118 
2357     2357   (0)     25 :  0.0044 0.0048 0.6984 0.0580 0.2344 
2358     2358   (0)     25 :  0.0024 0.0056 0.7592 0.0030 0.2298 
2359     2359   (0)     25 :  0.0028 0.0040 0.6493 0.0270 0.3169 
2360     2360   (0)     25 :  0.0042 0.0164 0.7816 0.0080 0.1898 
2361     2361   (0)     25 :  0.0092 0.0080 0.7866 0.0034 0.1928 
2362     2362   (0)     25 :  0.0028 0.0042 0.7716 0.0094 0.2120 
2363     2363   (0)     25 :  0.0030 0.0166 0.7536 0.0038 0.2230 
2364     2364   (0)     25 :  0.0066 0.0052 0.6331 0.0158 0.3393 
2365     2365   (0)     25 :  0.0030 0.0044 0.7662 0.0182 0.2082 
2366     2366   (0)     25 :  0.0070 0.0046 0.7804 0.0062 0.2018 
2367     2367   (0)     25 :  0.0076 0.0150 0.7748 0.0052 0.1974 
2368     2368   (0)     25 :  0.0038 0.0058 0.7770 0.0090 0.2044 
2369     2369   (0)     25 :  0.0026 0.0040 0.8020 0.0076 0.1838 
2370     2370   (0)     25 :  0.0042 0.0044 0.7746 0.0070 0.2098 
2371     2371   (0)     25 :  0.0056 0.0042 0.7190 0.0056 0.2656 
2372     2372   (0)     25 :  0.0070 0.0146 0.5106 0.0120 0.4558 
2373     2373   (0)     25 :  0.0020 0.0030 0.7896 0.0030 0.2024 
2374     2374   (0)     25 :  0.0056 0.0120 0.4529 0.0598 0.4697 
2375     2375   (0)     25 :  0.0128 0.0448 0.7189 0.0162 0.2074 
2376     2376   (0)     25 :  0.0030 0.0042 0.7718 0.0186 0.2024 
2377     2377   (0)     25 :  0.0072 0.0062 0.6614 0.0118 0.3134 
2378     2378   (0)     25 :  0.0042 0.0044 0.6362 0.0052 0.3500 
2379     2379   (0)     25 :  0.0080 0.0062 0.7840 0.0040 0.1978 
2380     2380   (0)     25 :  0.0030 0.0080 0.7588 0.0046 0.2256 
2381     2381   (0)     25 :  0.0030 0.0030 0.7170 0.0080 0.2690 
2382     2382   (0)     25 :  0.0032 0.0082 0.7830 0.0050 0.2006 
2383     2383   (0)     25 :  0.0060 0.0060 0.7704 0.0166 0.2010 
2384     2384   (0)     25 :  0.0078 0.0048 0.7276 0.0184 0.2414 
2385     2385   (0)     25 :  0.0086 0.0058 0.7558 0.0164 0.2134 
2386     2386   (0)     25 :  0.0040 0.0154 0.7804 0.0040 0.1962 
2387     2387   (0)     25 :  0.0040 0.0048 0.7560 0.0156 0.2196 
2388     2388   (0)     25 :  0.0106 0.0150 0.7688 0.0086 0.1970 
2389     2389   (0)     25 :  0.0050 0.0174 0.7642 0.0044 0.2090 
2390     2390   (0)     25 :  0.0044 0.0098 0.7578 0.0034 0.2246 
2391     2391   (0)     25 :  0.0042 0.0040 0.7866 0.0054 0.1998 
2392     2392   (0)     25 :  0.0054 0.0060 0.7492 0.0038 0.2356 
2393     2393   (0)     25 :  0.0068 0.0078 0.7415 0.0082 0.2356 
2394     2394   (0)     25 :  0.0058 0.0034 0.7220 0.0056 0.2632 
2395     2395   (0)     25 :  0.0064 0.0072 0.7688 0.0034 0.2142 
2396     2396   (0)     25 :  0.0042 0.0048 0.6942 0.0072 0.2896 
2397     2397   (0)     25 :  0.0106 0.0050 0.7067 0.0298 0.2480 
2398     2398   (0)     25 :  0.0096 0.0024 0.5955 0.1196 0.2728 
2399     2399   (0)     25 :  0.0046 0.0048 0.7648 0.0134 0.2124 
2400     2400   (0)     25 :  0.0036 0.0030 0.7728 0.0080 0.2126 
2401     2401   (0)     25 :  0.0028 0.0038 0.8066 0.0040 0.1828 
2402     2402   (0)     25 :  0.0042 0.0028 0.7132 0.0112 0.2686 
2403     2403   (0)     25 :  0.0044 0.0262 0.7716 0.0044 0.1934 
2404     2404   (0)     25 :  0.0066 0.0288 0.7248 0.0450 0.1948 
2405     2405   (0)     25 :  0.0054 0.0126 0.6246 0.0134 0.3440 
2406     2406   (0)     25 :  0.0078 0.0108 0.7324 0.0362 0.2128 
2407     2407   (0)     25 :  0.0060 0.0060 0.7404 0.0066 0.2410 
2408     2408   (0)     25 :  0.0030 0.0048 0.7848 0.0030 0.2044 
2409     2409   (0)     25 :  0.0086 0.0042 0.7826 0.0044 0.2002 
2410     2410   (0)     25 :  0.0162 0.0072 0.7556 0.0082 0.2128 
2411     2411   (0)     25 :  0.0054 0.0068 0.7412 0.0188 0.2278 
2412     2412   (0)     25 :  0.0038 0.0056 0.6111 0.0218 0.3577 
2413     2413   (0)     25 :  0.0038 0.0030 0.7808 0.0072 0.2052 
2414     2414   (0)     25 :  0.0066 0.0086 0.5545 0.1256 0.3047 
2415     2415   (0)     25 :  0.0030 0.0094 0.7748 0.0034 0.2094 
2416     2416   (0)     25 :  0.0044 0.0034 0.5332 0.2750 0.1840 
2417     2417   (0)     25 :  0.0030 0.0064 0.7728 0.0184 0.1994 
2418     2418   (0)     25 :  0.0022 0.0030 0.7886 0.0048 0.2014 
2419     2419   (0)     25 :  0.0036 0.0138 0.6205 0.0054 0.3567 
2420     2420   (0)     26 :  0.0046 0.0048 0.7748 0.0066 0.2092 
2421     2421   (0)     26 :  0.0080 0.0220 0.7686 0.0058 0.1956 
2422     2422   (0)     26 :  0.0056 0.0054 0.7738 0.0116 0.2036 
2423     2423   (0)     26 :  0.0040 0.0122 0.7590 0.0106 0.2142 
2424     2424   (0)     26 :  0.0030 0.0038 0.7864 0.0056 0.2012 
2425     2425   (0)     26 :  0.0044 0.0134 0.7648 0.0056 0.2118 
2426     2426   (0)     26 :  0.0098 0.0166 0.7752 0.0026 0.1958 
2427     2427   (0)     26 :  0.0262 0.0030 0.7706 0.0040 0.1962 
2428     2428   (0)     26 :  0.0178 0.0074 0.7716 0.0050 0.1982 
2429     2429   (0)     26 :  0.0060 0.0072 0.7710 0.0390 0.1768 
2430     2430   (0)     26 :  0.0036 0.0050 0.7884 0.0034 0.1996 
2431     2431   (0)     26 :  0.0032 0.0070 0.8066 0.0046 0.1786 
2432     2432   (0)     26 :  0.0034 0.0070 0.7724 0.0032 0.2140 
2433     2433   (0)     26 :  0.0046 0.0112 0.7668 0.0052 0.2122 
2434     2434   (0)     26 :  0.0060 0.0044 0.7506 0.0038 0.2352 
2435     2435  (10)     26 :  0.0046 0.0070 0.7832 0.0048 0.2004 
2436     2436   (0)     26 :  0.0048 0.0068 0.7940 0.0060 0.1884 
2437     2437   (0)     26 :  0.0352 0.0188 0.6533 0.0180 0.2746 
2438     2438   (0)     26 :  0.0036 0.0096 0.7275 0.0144 0.2450 
2439     2439   (0)     26 :  0.0058 0.1487 0.6930 0.0068 0.1457 
2440     2440   (5)     26 :  0.0048 0.0074 0.7832 0.0044 0.2002 
2441     2441   (0)     26 :  0.0040 0.0044 0.7672 0.0130 0.2114 
2442     2442   (0)     26 :  0.0036 0.0146 0.7768 0.0026 0.2024 
2443     2443   (0)     26 :  0.0304 0.0574 0.7025 0.0128 0.1968 
2444     2444   (0)     26 :  0.0106 0.0056 0.7832 0.0044 0.1962 
2445     2445   (0)     26 :  0.0030 0.0042 0.7812 0.0072 0.2044 
2446     2446   (0)     26 :  0.0048 0.0040 0.8016 0.0030 0.1866 
2447     2447   (5)     26 :  0.0026 0.0168 0.7784 0.0034 0.1988 
2448     2448   (0)     26 :  0.0070 0.0094 0.7536 0.0066 0.2234 
2449     2449   (0)     26 :  0.0054 0.0062 0.7602 0.0056 0.2226 
2450     2450   (0)     26 :  0.0048 0.0132 0.7686 0.0048 0.2086 
2451     2451   (0)     26 :  0.0054 0.0030 0.6966 0.0136 0.2814 
2452     2452   (0)     26 :  0.0058 0.0048 0.7774 0.0094 0.2026 
2453     2453   (0)     26 :  0.0034 0.0094 0.7095 0.0420 0.2358 
2454     2454   (0)     26 :  0.0040 0.0058 0.6998 0.0076 0.2828 
2455     2455   (0)     26 :  0.0024 0.0048 0.7776 0.0076 0.2076 
2456     2456   (0)     26 :  0.0030 0.0226 0.7724 0.0030 0.1990 
2457     2457   (5)     26 :  0.0046 0.0050 0.7680 0.0178 0.2046 
2458     2458   (0)     26 :  0.0040 0.0070 0.7900 0.0040 0.1950 
2459     2459   (0)     26 :  0.0044 0.0062 0.7834 0.0030 0.2030 
2460     2460   (0)     26 :  0.0020 0.0044 0.7878 0.0044 0.2014 
2461     2461   (5)     26 :  0.0084 0.0056 0.7802 0.0044 0.2014 
2462     2462   (5)     26 :  0.0034 0.0250 0.7720 0.0064 0.1932 
2463     2463  (10)     26 :  0.0056 0.0060 0.7820 0.0062 0.2002 
2464     2464   (5)     26 :  0.0042 0.0296 0.7810 0.0040 0.1812 
2465     2465   (5)     26 :  0.0030 0.0036 0.7900 0.0036 0.1998 
2466     2466   (5)     26 :  0.0048 0.0040 0.7832 0.0062 0.2018 
2467     2467   (5)     26 :  0.0058 0.0970 0.6676 0.0044 0.2252 
2468     2468   (5)     26 :  0.0042 0.0050 0.7842 0.0080 0.1986 
2469     2469  (10)     26 :  0.0052 0.0096 0.6315 0.0054 0.3483 
2470     2470   (5)     26 :  0.0086 0.0190 0.7390 0.0086 0.2248 
2471     2471   (5)     26 :  0.0042 0.0030 0.7870 0.0048 0.2010 
2472     2472   (5)     26 :  0.0048 0.0106 0.7110 0.0152 0.2584 
2473     2473   (0)     27 :  0.0060 0.0062 0.7826 0.0038 0.2014 
2474     2474   (0)     27 :  0.0030 0.0066 0.8064 0.0036 0.1804 
2475     2475   (0)     27 :  0.0044 0.0154 0.7770 0.0064 0.1968 
2476     2476   (0)     27 :  0.0046 0.0034 0.7826 0.0036 0.2058 
2477     2477   (0)     27 :  0.0422 0.0352 0.7240 0.0116 0.1870 
2478     2478   (0)     27 :  0.0048 0.0180 0.7682 0.0038 0.2052 
2479     2479   (0)     27 :  0.0046 0.0104 0.7810 0.0074 0.1966 
2480     2480   (0)     27 :  0.0070 0.0962 0.7202 0.0066 0.1700 
2481     2481   (0)     27 :  0.0060 0.0044 0.7882 0.0136 0.1878 
2482     2482   (0)     27 :  0.0030 0.0096 0.7850 0.0034 0.1990 
2483     2483   (0)     27 :  0.0190 0.0350 0.7446 0.0038 0.1976 
2484     2484   (0)     27 :  0.0152 0.0116 0.7680 0.0078 0.1974 
2485     2485   (0)     27 :  0.0046 0.0050 0.7806 0.0058 0.2040 
2486     2486   (0)     27 :  0.0212 0.0244 0.7452 0.0116 0.1976 
2487     2487   (0)     27 :  0.0040 0.0032 0.7544 0.0148 0.2236 
2488     2488   (0)     27 :  0.0036 0.0048 0.7776 0.0044 0.2096 
2489     2489   (0)     27 :  0.0032 0.0030 0.7886 0.0040 0.2012 
2490     2490   (0)     27 :  0.0038 0.0466 0.7580 0.0040 0.1876 
2491     2491   (0)     27 :  0.0084 0.0082 0.7760 0.0034 0.2040 
2492     2492   (0)     27 :  0.0038 0.0044 0.7818 0.0032 0.2068 
2493     2493   (0)     27 :  0.0036 0.0080 0.7784 0.0034 0.2066 
2494     2494   (0)     27 :  0.0030 0.0030 0.6759 0.0030 0.3151 
2495     2495   (0)     27 :  0.0076 0.0138 0.7698 0.0104 0.1984 
2496     2496   (0)     27 :  0.0030 0.0044 0.7854 0.0056 0.2016 
2497     2497   (0)     27 :  0.0038 0.0082 0.8156 0.0194 0.1530 
2498     2498   (0)     27 :  0.0058 0.0192 0.7590 0.0088 0.2072 
2499     2499   (0)     27 :  0.0044 0.0050 0.7868 0.0134 0.1904 
2500     2500   (0)     27 :  0.0036 0.0038 0.7818 0.0034 0.2074 
2501     2501   (0)     27 :  0.0034 0.0346 0.7544 0.0084 0.1992 
2502     2502   (0)     27 :  0.0048 0.0034 0.7864 0.0034 0.2020 
2503     2503   (0)     27 :  0.0038 0.0040 0.7944 0.0116 0.1862 
2504     2504   (0)     27 :  0.0052 0.0138 0.7508 0.0058 0.2244 
2505     2505   (0)     27 :  0.0040 0.0068 0.7862 0.0030 0.2000 
2506     2506   (0)     27 :  0.0070 0.0648 0.7420 0.0068 0.1794 
2507     2507   (0)     27 :  0.0052 0.0056 0.7854 0.0054 0.1984 
2508     2508   (0)     27 :  0.0044 0.0152 0.7510 0.0070 0.2224 
2509     2509   (0)     27 :  0.0070 0.0052 0.7472 0.0386 0.2020 
2510     2510   (0)     27 :  0.0142 0.0056 0.7480 0.0168 0.2154 
2511     2511   (0)     27 :  0.0030 0.0046 0.7762 0.0110 0.2052 
2512     2512   (0)     27 :  0.0042 0.0378 0.6921 0.0208 0.2450 
2513     2513   (0)     27 :  0.0054 0.0132 0.7756 0.0048 0.2010 
2514     2514   (0)     27 :  0.0028 0.0032 0.7864 0.0034 0.2042 
2515     2515   (0)     27 :  0.0024 0.0074 0.7814 0.0048 0.2040 
2516     2516   (0)     27 :  0.0036 0.0040 0.7874 0.0046 0.2004 
2517     2517   (0)     27 :  0.0030 0.0040 0.7800 0.0068 0.2062 
2518     2518   (0)     27 :  0.0030 0.0090 0.7750 0.0030 0.2100 
2519     2519   (0)     27 :  0.0034 0.2977 0.5501 0.0048 0.1440 
2520     2520   (0)     27 :  0.0030 0.0422 0.7616 0.0034 0.1898 
2521     2521   (0)     27 :  0.0032 0.0126 0.7782 0.0070 0.1990 
2522     2522   (0)     27 :  0.0052 0.0058 0.7842 0.0082 0.1966 
2523     2523   (0)     27 :  0.0040 0.0042 0.7730 0.0054 0.2134 
2524     2524   (0)     27 :  0.0070 0.0058 0.7806 0.0060 0.2006 
2525     2525   (0)     27 :  0.0036 0.0118 0.7788 0.0058 0.2000 
2526     2526   (0)     27 :  0.0030 0.0036 0.7864 0.0042 0.2028 
2527     2527   (0)     27 :  0.0036 0.0032 0.7234 0.0054 0.2644 
2528     2528   (0)     27 :  0.0034 0.0190 0.7620 0.0124 0.2032 
2529     2529   (0)     27 :  0.0030 0.0070 0.7726 0.0058 0.2116 
2530     2530   (0)     27 :  0.0036 0.0084 0.7844 0.0036 0.2000 
2531     2531   (0)     27 :  0.0058 0.0100 0.7722 0.0064 0.2056 
2532     2532   (0)     27 :  0.0072 0.0070 0.7956 0.0036 0.1866 
2533     2533   (0)     27 :  0.0030 0.0050 0.7692 0.0126 0.2102 
2534     2534   (0)     27 :  0.0042 0.0106 0.7846 0.0030 0.1976 
2535     2535   (0)     27 :  0.0032 0.0040 0.8050 0.0044 0.1834 
2536     2536   (0)     27 :  0.0046 0.0090 0.7734 0.0108 0.2022 
2537     2537   (0)     27 :  0.0048 0.0034 0.7736 0.0042 0.2140 
2538     2538   (0)     27 :  0.0044 0.0462 0.7590 0.0096 0.1808 
2539     2539   (0)     27 :  0.0064 0.0084 0.7582 0.0258 0.2012 
2540     2540   (0)     27 :  0.0034 0.0054 0.7796 0.0080 0.2036 
2541     2541   (0)     27 :  0.0034 0.0062 0.7878 0.0036 0.1990 
2542     2542   (0)     27 :  0.0066 0.0042 0.7854 0.0036 0.2002 
2543     2543   (0)     27 :  0.0030 0.0056 0.7848 0.0038 0.2028 
2544     2544   (0)     27 :  0.0048 0.0236 0.7696 0.0062 0.1958 
2545     2545   (0)     27 :  0.0044 0.0082 0.7862 0.0044 0.1968 
2546     2546   (0)     27 :  0.0094 0.0202 0.7722 0.0058 0.1924 
2547     2547   (0)     27 :  0.0084 0.0040 0.7782 0.0044 0.2050 
2548     2548   (0)     27 :  0.0066 0.0060 0.7746 0.0056 0.2072 
2549     2549   (0)     27 :  0.0090 0.0050 0.7552 0.0142 0.2166 
2550     2550   (0)     27 :  0.0030 0.0148 0.7694 0.0076 0.2052 
2551     2551   (0)     27 :  0.0052 0.0086 0.7710 0.0066 0.2086 
2552     2552   (0)     27 :  0.0058 0.0042 0.7742 0.0086 0.2072 
2553     2553   (0)     27 :  0.0030 0.0096 0.7728 0.0098 0.2048 
2554     2554   (0)     27 :  0.0030 0.0034 0.7616 0.0126 0.2194 
2555     2555   (0)     27 :  0.0050 0.0102 0.7706 0.0092 0.2050 
2556     2556   (0)     27 :  0.0030 0.0208 0.7682 0.0066 0.2014 
2557     2557   (0)     27 :  0.0058 0.0068 0.7328 0.0180 0.2366 
2558     2558   (0)     27 :  0.0040 0.0040 0.5842 0.0062 0.4016 
2559     2559   (0)     27 :  0.0050 0.0042 0.7676 0.0092 0.2140 
2560     2560   (0)     27 :  0.0030 0.0998 0.7196 0.0050 0.1726 
2561     2561   (0)     27 :  0.0038 0.0094 0.7456 0.0030 0.2382 
2562     2562   (0)     27 :  0.0034 0.0044 0.7269 0.0034 0.2619 
2563     2563   (0)     27 :  0.0054 0.0034 0.7742 0.0034 0.2136 
2564     2564   (0)     27 :  0.0030 0.0060 0.7622 0.0050 0.2238 
2565     2565   (0)     27 :  0.0036 0.0076 0.7812 0.0042 0.2034 
2566     2566   (0)     27 :  0.0034 0.0030 0.7888 0.0030 0.2018 
2567     2567   (0)     27 :  0.0030 0.0056 0.7738 0.0076 0.2100 
2568     2568   (0)     27 :  0.0058 0.0110 0.7706 0.0060 0.2066 
2569     2569   (0)     27 :  0.0104 0.0064 0.7802 0.0044 0.1986 
2570     2570   (0)     27 :  0.0030 0.0156 0.7836 0.0044 0.1934 
2571     2571   (0)     27 :  0.0050 0.0032 0.7084 0.0236 0.2598 
2572     2572   (0)     27 :  0.0046 0.0060 0.7858 0.0038 0.1998 
2573     2573   (0)     27 :  0.0036 0.0068 0.7688 0.0156 0.2052 
2574     2574   (0)     27 :  0.0058 0.0042 0.7808 0.0048 0.2044 
2575     2575   (0)     27 :  0.0050 0.0042 0.7884 0.0040 0.1984 
2576     2576   (0)     27 :  0.0070 0.0056 0.6976 0.0100 0.2798 
2577     2577   (0)     27 :  0.0166 0.0068 0.7722 0.0082 0.1962 
2578     2578   (0)     27 :  0.0030 0.0030 0.7802 0.0052 0.2086 
2579     2579   (0)     27 :  0.0042 0.0050 0.7784 0.0100 0.2024 
2580     2580   (0)     27 :  0.0048 0.0054 0.7664 0.0038 0.2196 
2581     2581   (0)     27 :  0.0048 0.0074 0.7526 0.0034 0.2318 
2582     2582   (0)     27 :  0.0050 0.0152 0.7800 0.0030 0.1968 
2583     2583   (0)     27 :  0.0048 0.0036 0.7870 0.0034 0.2012 
2584     2584   (0)     27 :  0.0044 0.0110 0.7808 0.0058 0.1980 
2585     2585   (0)     27 :  0.0030 0.0078 0.7770 0.0092 0.2030 
2586     2586   (0)     27 :  0.0122 0.0346 0.7564 0.0048 0.1920 
2587     2587   (0)     27 :  0.0030 0.0024 0.7854 0.0080 0.2012 
2588     2588   (0)     27 :  0.0062 0.0098 0.7796 0.0044 0.2000 
2589     2589   (0)     27 :  0.0034 0.0068 0.7848 0.0036 0.2014 
2590     2590   (0)     27 :  0.0052 0.0032 0.7834 0.0040 0.2042 
2591     2591   (0)     27 :  0.0080 0.0382 0.7458 0.0054 0.2026 
2592     2592   (0)     27 :  0.0036 0.0030 0.7840 0.0044 0.2050 
2593     2593   (0)     27 :  0.0040 0.0068 0.7844 0.0030 0.2018 
2594     2594   (0)     27 :  0.0032 0.0092 0.7846 0.0044 0.1986 
2595     2595   (0)     27 :  0.0060 0.0034 0.7582 0.0146 0.2178 
2596     2596   (0)     27 :  0.0030 0.0170 0.7562 0.0290 0.1948 
2597     2597   (0)     27 :  0.0240 0.0046 0.7558 0.0064 0.2092 
2598     2598   (5)     28 :  0.0040 0.0034 0.0058 0.9806 0.0062 
2599     2599   (0)     28 :  0.0044 0.0040 0.0072 0.9756 0.0088 
2600     2600   (0)     28 :  0.0024 0.0038 0.0040 0.9858 0.0040 
2601     2601   (0)     28 :  0.0094 0.0184 0.0138 0.9434 0.0150 
2602     2602   (0)     28 :  0.0030 0.0030 0.0028 0.9866 0.0046 
2603     2603   (0)     28 :  0.0030 0.0060 0.0096 0.9738 0.0076 
2604     2604   (0)     28 :  0.0020 0.0024 0.0032 0.9884 0.0040 
2605     2605   (0)     28 :  0.0040 0.0034 0.0034 0.9854 0.0038 
2606     2606   (0)     28 :  0.0030 0.0050 0.0040 0.9842 0.0038 
2607     2607   (0)     28 :  0.0030 0.0030 0.0034 0.9866 0.0040 
2608     2608   (0)     28 :  0.0020 0.0020 0.0026 0.9904 0.0030 
2609     2609   (0)     28 :  0.0028 0.0030 0.0030 0.9874 0.0038 
2610     2610   (0)     28 :  0.0048 0.0048 0.0070 0.9756 0.0078 
2611     2611   (5)     28 :  0.0020 0.0020 0.0026 0.9904 0.0030 
2612     2612   (0)     28 :  0.0030 0.0028 0.0040 0.9858 0.0044 
2613     2613   (0)     28 :  0.0020 0.0020 0.0030 0.9896 0.0034 
2614     2614   (0)     28 :  0.0030 0.0122 0.0032 0.9772 0.0044 
2615     2615   (0)     28 :  0.0030 0.0020 0.0030 0.9890 0.0030 
2616     2616   (0)     28 :  0.0034 0.0030 0.0034 0.9872 0.0030 
2617     2617   (0)     28 :  0.0024 0.0028 0.0034 0.9884 0.0030 
2618     2618   (0)     28 :  0.0020 0.0024 0.0034 0.9892 0.0030 
2619     2619   (0)     28 :  0.0034 0.0048 0.0042 0.9836 0.0040 
2620     2620   (0)     28 :  0.0024 0.0026 0.0032 0.9888 0.0030 
2621     2621   (0)     28 :  0.0020 0.0020 0.0020 0.9920 0.0020 
2622     2622   (0)     28 :  0.0020 0.0020 0.0020 0.9920 0.0020 
2623     2623   (0)     28 :  0.0020 0.0030 0.0024 0.9896 0.0030 
2624     2624   (0)     28 :  0.0020 0.0024 0.0030 0.9896 0.0030 
2625     2625   (0)     28 :  0.0024 0.0020 0.0024 0.9902 0.0030 
2626     2626   (0)     29 :  0.0024 0.0040 0.0034 0.9872 0.0030 
2627     2627   (0)     29 :  0.0050 0.0132 0.0072 0.9672 0.0074 
2628     2628   (0)     29 :  0.0020 0.0024 0.0030 0.9892 0.0034 
2629     2629   (0)     29 :  0.0040 0.0114 0.0082 0.9678 0.0086 
2630     2630   (0)     29 :  0.0030 0.0030 0.0040 0.9866 0.0034 
2631     2631   (0)     29 :  0.0040 0.0030 0.0040 0.9850 0.0040 
2632     2632   (0)     29 :  0.0030 0.0020 0.0026 0.9894 0.0030 
2633     2633   (0)     29 :  0.0030 0.0020 0.0020 0.9904 0.0026 
2634     2634   (0)     29 :  0.0050 0.0034 0.0036 0.9848 0.0032 
2635     2635   (0)     29 :  0.0040 0.0030 0.0074 0.9778 0.0078 
2636     2636   (0)     29 :  0.0020 0.0024 0.0020 0.9908 0.0028 
2637     2637   (0)     29 :  0.0050 0.0030 0.0046 0.9828 0.0046 
2638     2638   (0)     29 :  0.0030 0.0030 0.0030 0.9872 0.0038 
2639     2639   (0)     29 :  0.0030 0.0030 0.0050 0.9832 0.0058 
2640     2640   (0)     29 :  0.0020 0.0022 0.0028 0.9902 0.0028 
2641     2641   (0)     29 :  0.0040 0.0052 0.0046 0.9820 0.0042 
2642     2642   (0)     29 :  0.0030 0.0020 0.0026 0.9896 0.0028 
2643     2643   (0)     29 :  0.0028 0.0034 0.0034 0.9854 0.0050 
2644     2644   (0)     29 :  0.0030 0.0040 0.0034 0.9856 0.0040 
2645     2645   (0)     29 :  0.0038 0.0024 0.0024 0.9880 0.0034 
2646     2646   (0)     29 :  0.0030 0.0020 0.0020 0.9906 0.0024 
2647     2647   (0)     29 :  0.0030 0.0064 0.0034 0.9836 0.0036 
2648     2648   (0)     29 :  0.0020 0.0030 0.0030 0.9882 0.0038 
2649     2649   (0)     29 :  0.0030 0.0020 0.0030 0.9886 0.0034 
2650     2650   (0)     29 :  0.0030 0.0024 0.0034 0.9882 0.0030 
2651     2651   (0)     29 :  0.0030 0.0030 0.0030 0.9880 0.0030 
2652     2652   (0)     29 :  0.0024 0.0094 0.0034 0.9818 0.0030 
2653     2653   (0)     29 :  0.0026 0.0020 0.0044 0.9856 0.0054 
2654     2654   (0)     29 :  0.0020 0.0024 0.0034 0.9882 0.0040 
2655     2655   (0)     29 :  0.0020 0.0020 0.0024 0.9906 0.0030 
2656     2656   (0)     29 :  0.0020 0.0020 0.0032 0.9894 0.0034 
2657     2657   (0)     29 :  0.0020 0.0030 0.0030 0.9890 0.0030 
2658     2658   (0)     29 :  0.0034 0.0030 0.0040 0.9862 0.0034 
2659     2659   (0)     29 :  0.0032 0.0024 0.0030 0.9880 0.0034 
2660     2660   (0)     29 :  0.0024 0.0020 0.0036 0.9878 0.0042 
2661     2661   (0)     29 :  0.0020 0.0030 0.0044 0.9868 0.0038 
2662     2662   (0)     29 :  0.0030 0.0020 0.0028 0.9892 0.0030 
2663     2663   (0)     29 :  0.0028 0.0020 0.0042 0.9870 0.0040 
2664     2664   (0)     29 :  0.0024 0.0024 0.0030 0.9888 0.0034 
2665     2665   (0)     29 :  0.0020 0.0030 0.0034 0.9886 0.0030 
2666     2666   (0)     29 :  0.0024 0.0028 0.0024 0.9890 0.0034 
2667     2667   (0)     29 :  0.0020 0.0024 0.0032 0.9888 0.0036 
2668     2668   (0)     29 :  0.0030 0.0024 0.0030 0.9878 0.0038 
2669     2669   (0)     29 :  0.0024 0.0024 0.0040 0.9858 0.0054 
2670     2670   (0)     29 :  0.0024 0.0024 0.0034 0.9884 0.0034 
2671     2671   (0)     29 :  0.0020 0.0020 0.0030 0.9900 0.0030 
2672     2672   (0)     29 :  0.0038 0.0044 0.0036 0.9844 0.0038 
2673     2673   (0)     29 :  0.0030 0.0034 0.0030 0.9876 0.0030 
2674     2674   (0)     29 :  0.0040 0.0048 0.0036 0.9836 0.0040 
2675     2675   (0)     29 :  0.0022 0.0044 0.0030 0.9874 0.0030 
2676     2676   (0)     29 :  0.0024 0.0020 0.0048 0.9870 0.0038 
2677     2677   (0)     29 :  0.0024 0.0020 0.0078 0.9842 0.0036 
2678     2678   (0)     29 :  0.0028 0.0024 0.0032 0.9886 0.0030 
2679     2679   (0)     29 :  0.0024 0.0024 0.0030 0.9882 0.0040 
2680     2680   (0)     29 :  0.0028 0.0020 0.0024 0.9898 0.0030 
2681     2681   (0)     29 :  0.0040 0.0020 0.0054 0.9844 0.0042 
2682     2682   (0)     29 :  0.0030 0.0034 0.0032 0.9874 0.0030 
2683     2683   (0)     29 :  0.0050 0.0092 0.0124 0.9624 0.0110 
2684     2684   (0)     29 :  0.0020 0.0020 0.0020 0.9916 0.0024 
2685     2685   (0)     29 :  0.0020 0.0020 0.0034 0.9896 0.0030 
2686     2686   (0)     29 :  0.0028 0.0020 0.0040 0.9848 0.0064 
2687     2687   (0)     29 :  0.0060 0.0222 0.0064 0.9572 0.0082 
2688     2688   (0)     29 :  0.0034 0.0024 0.0046 0.9852 0.0044 
2689     2689   (0)     29 :  0.0028 0.0020 0.0030 0.9892 0.0030 
2690     2690   (0)     29 :  0.0030 0.0024 0.0030 0.9886 0.0030 
2691     2691   (0)     29 :  0.0050 0.0044 0.0048 0.9802 0.0056 
2692     2692   (0)     29 :  0.0030 0.0030 0.0030 0.9866 0.0044 
2693     2693   (0)     29 :  0.0022 0.0028 0.0042 0.9856 0.0052 
2694     2694   (0)     29 :  0.0020 0.0128 0.0038 0.9754 0.0060 
2695     2695   (0)     29 :  0.0020 0.0030 0.0030 0.9890 0.0030 
2696     2696   (0)     29 :  0.0030 0.0028 0.0034 0.9874 0.0034 
2697     2697   (0)     29 :  0.0034 0.0180 0.0070 0.9632 0.0084 
2698     2698   (0)     29 :  0.0038 0.0030 0.0036 0.9848 0.0048 
2699     2699   (0)     29 :  0.0030 0.0026 0.0042 0.9842 0.0060 
2700     2700   (0)     29 :  0.0038 0.0034 0.0062 0.9800 0.0066 
2701     2701   (0)     29 :  0.0064 0.0040 0.0056 0.9790 0.0050 
2702     2702   (0)     29 :  0.0020 0.0020 0.0038 0.9886 0.0036 
2703     2703   (0)     29 :  0.0020 0.0030 0.0022 0.9900 0.0028 
2704     2704   (0)     29 :  0.0020 0.0020 0.0024 0.9906 0.0030 
2705     2705   (0)     29 :  0.0020 0.0020 0.0040 0.9888 0.0032 
2706     2706   (0)     29 :  0.0044 0.0040 0.0046 0.9778 0.0092 
2707     2707   (0)     29 :  0.0030 0.0038 0.0030 0.9862 0.0040 
2708     2708   (0)     29 :  0.0020 0.0030 0.0030 0.9890 0.0030 
2709     2709   (0)     29 :  0.0030 0.0020 0.0030 0.9882 0.0038 
2710     2710   (0)     29 :  0.0030 0.0020 0.0042 0.9868 0.0040 
2711     2711   (0)     29 :  0.0050 0.0030 0.0058 0.9814 0.0048 
2712     2712   (0)     29 :  0.0044 0.0054 0.0046 0.9798 0.0058 
2713     2713   (0)     29 :  0.0028 0.0020 0.0030 0.9884 0.0038 
2714     2714   (0)     29 :  0.0028 0.0020 0.0030 0.9884 0.0038 
2715     2715   (0)     29 :  0.0020 0.0020 0.0024 0.9908 0.0028 
2716     2716   (0)     29 :  0.0034 0.0054 0.0058 0.9788 0.0066 
2717     2717   (0)     29 :  0.0024 0.0030 0.0032 0.9880 0.0034 
2718     2718   (0)     29 :  0.0020 0.0030 0.0030 0.9886 0.0034 
2719     2719   (0)     29 :  0.0024 0.0020 0.0030 0.9902 0.0024 
2720     2720   (0)     29 :  0.0060 0.0094 0.0098 0.9674 0.0074 
2721     2721   (0)     29 :  0.0030 0.0038 0.0032 0.9866 0.0034 
2722     2722   (0)     29 :  0.0020 0.0020 0.0028 0.9902 0.0030 
2723     2723   (0)     29 :  0.0020 0.0020 0.0028 0.9904 0.0028 
2724     2724   (0)     29 :  0.0030 0.0020 0.0030 0.9890 0.0030 
2725     2725   (0)     29 :  0.0030 0.0024 0.0040 0.9868 0.0038 
2726     2726   (0)     29 :  0.0038 0.0030 0.0040 0.9844 0.0048 
2727     2727   (0)     29 :  0.0028 0.0030 0.0034 0.9868 0.0040 
2728     2728   (0)     29 :  0.0030 0.0024 0.0030 0.9886 0.0030 
2729     2729   (0)     29 :  0.0034 0.0038 0.0030 0.9860 0.0038 
2730     2730   (0)     29 :  0.0022 0.0030 0.0034 0.9884 0.0030 
2731     2731   (0)     29 :  0.0030 0.0020 0.0042 0.9868 0.0040 
2732     2732   (0)     29 :  0.0064 0.0056 0.0046 0.9798 0.0036 
2733     2733   (0)     29 :  0.0020 0.0020 0.0042 0.9886 0.0032 
2734     2734   (0)     29 :  0.0020 0.0020 0.0032 0.9892 0.0036 
2735     2735   (0)     29 :  0.0030 0.0040 0.0036 0.9856 0.0038 
2736     2736   (0)     29 :  0.0030 0.0030 0.0046 0.9830 0.0064 
2737     2737   (0)     29 :  0.0020 0.0020 0.0022 0.9914 0.0024 
2738     2738   (0)     29 :  0.0030 0.0024 0.0032 0.9884 0.0030 
2739     2739   (0)     29 :  0.0034 0.0020 0.0050 0.9844 0.0052 
2740     2740   (0)     29 :  0.0030 0.0024 0.0024 0.9892 0.0030 
2741     2741   (0)     29 :  0.0030 0.0030 0.0034 0.9876 0.0030 
2742     2742   (0)     29 :  0.0030 0.0084 0.0122 0.9652 0.0112 
2743     2743   (0)     29 :  0.0030 0.0020 0.0044 0.9866 0.0040 
2744     2744   (0)     29 :  0.0028 0.0030 0.0040 0.9870 0.0032 
2745     2745   (0)     29 :  0.0020 0.0020 0.0030 0.9900 0.0030 
2746     2746   (0)     29 :  0.0030 0.0030 0.0030 0.9886 0.0024 
2747     2747   (0)     29 :  0.0024 0.0030 0.0024 0.9892 0.0030 
2748     2748   (0)     29 :  0.0024 0.0038 0.0036 0.9868 0.0034 
2749     2749   (0)     29 :  0.0040 0.0030 0.0034 0.9860 0.0036 
2750     2750   (0)     29 :  0.0030 0.0024 0.0040 0.9860 0.0046 
2751     2751   (0)     29 :  0.0030 0.0020 0.0024 0.9896 0.0030 
2752     2752   (0)     29 :  0.0020 0.0034 0.0032 0.9876 0.0038 
2753     2753   (0)     29 :  0.0034 0.0070 0.0034 0.9832 0.0030 
2754     2754   (0)     29 :  0.0030 0.0034 0.0032 0.9858 0.0046 
2755     2755   (0)     29 :  0.0024 0.0124 0.0034 0.9788 0.0030 
2756     2756   (0)     29 :  0.0030 0.0028 0.0064 0.9834 0.0044 
2757     2757   (0)     29 :  0.0050 0.0030 0.0038 0.9842 0.0040 
2758     2758   (0)     29 :  0.0028 0.0024 0.0030 0.9874 0.0044 
2759     2759   (0)     29 :  0.0028 0.0024 0.0038 0.9878 0.0032 
2760     2760   (0)     29 :  0.0020 0.0026 0.0032 0.9888 0.0034 
2761     2761   (0)     29 :  0.0020 0.0020 0.0040 0.9882 0.0038 
2762     2762   (0)     29 :  0.0028 0.0020 0.0028 0.9894 0.0030 
2763     2763   (0)     29 :  0.0084 0.0064 0.0062 0.9744 0.0046 
2764     2764   (0)     29 :  0.0020 0.0020 0.0030 0.9896 0.0034 
2765     2765   (0)     29 :  0.0034 0.0030 0.0034 0.9870 0.0032 
2766     2766   (0)     29 :  0.0040 0.0064 0.0042 0.9822 0.0032 
2767     2767   (0)     29 :  0.0030 0.0030 0.0032 0.9874 0.0034 
2768     2768   (0)     29 :  0.0058 0.0054 0.0062 0.9780 0.0046 
2769     2769   (0)     29 :  0.0024 0.0032 0.0030 0.9878 0.0036 
2770     2770   (0)     29 :  0.0020 0.0020 0.0020 0.9916 0.0024 
2771     2771   (0)     29 :  0.0020 0.0030 0.0028 0.9892 0.0030 
2772     2772   (0)     29 :  0.0020 0.0020 0.0030 0.9900 0.0030 
2773     2773   (0)     29 :  0.0020 0.0020 0.0030 0.9900 0.0030 
2774     2774   (0)     29 :  0.0024 0.0030 0.0042 0.9868 0.0036 
2775     2775   (0)     29 :  0.0030 0.0030 0.0034 0.9876 0.0030 
2776     2776   (0)     29 :  0.0020 0.0020 0.0024 0.9908 0.0028 
2777     2777   (0)     29 :  0.0026 0.0022 0.0028 0.9894 0.0030 
2778     2778   (0)     29 :  0.0030 0.0030 0.0030 0.9880 0.0030 
2779     2779   (0)     29 :  0.0020 0.0030 0.0024 0.9898 0.0028 
2780     2780   (0)     29 :  0.0040 0.0154 0.0054 0.9710 0.0042 
2781     2781   (0)     29 :  0.0030 0.0020 0.0048 0.9868 0.0034 
2782     2782   (0)     29 :  0.0020 0.0028 0.0028 0.9894 0.0030 
2783     2783   (0)     29 :  0.0030 0.0050 0.0040 0.9836 0.0044 
2784     2784   (0)     29 :  0.0030 0.0024 0.0058 0.9848 0.0040 
2785     2785   (0)     29 :  0.0030 0.0032 0.0038 0.9866 0.0034 
2786     2786   (0)     29 :  0.0020 0.0020 0.0030 0.9900 0.0030 
2787     2787   (0)     29 :  0.0020 0.0020 0.0030 0.9892 0.0038 
2788     2788   (0)     29 :  0.0030 0.0094 0.0080 0.9744 0.0052 
2789     2789   (0)     29 :  0.0034 0.0054 0.0048 0.9824 0.0040 
2790     2790   (0)     29 :  0.0034 0.0040 0.0052 0.9842 0.0032 
2791     2791   (0)     29 :  0.0020 0.0020 0.0028 0.9902 0.0030 
2792     2792   (0)     29 :  0.0034 0.0092 0.0102 0.9664 0.0108 
2793     2793   (0)     29 :  0.0028 0.0020 0.0030 0.9894 0.0028 
2794     2794   (0)     29 :  0.0020 0.0020 0.0020 0.9912 0.0028 
2795     2795   (0)     29 :  0.0024 0.0038 0.0030 0.9872 0.0036 
2796     2796   (0)     29 :  0.0044 0.0020 0.0034 0.9872 0.0030 
2797     2797   (0)     29 :  0.0020 0.0020 0.0024 0.9908 0.0028 
2798     2798   (0)     29 :  0.0020 0.0030 0.0030 0.9888 0.0032 
2799     2799   (0)     29 :  0.0056 0.0020 0.0028 0.9862 0.0034 
2800     2800   (0)     29 :  0.0044 0.0030 0.0044 0.9836 0.0046 
2801     2801   (0)     29 :  0.0034 0.0060 0.0052 0.9806 0.0048 
2802     2802   (0)     29 :  0.0030 0.0030 0.0034 0.9866 0.0040 
2803     2803   (0)     29 :  0.0030 0.0028 0.0046 0.9854 0.0042 
2804     2804   (0)     29 :  0.0020 0.0030 0.0038 0.9882 0.0030 
2805     2805   (0)     29 :  0.0044 0.0038 0.0032 0.9834 0.0052 
2806     2806   (0)     29 :  0.0030 0.0148 0.0054 0.9718 0.0050 
2807     2807   (0)     29 :  0.0030 0.0056 0.0046 0.9818 0.0050 
2808     2808   (0)     29 :  0.0020 0.0028 0.0034 0.9878 0.0040 
2809     2809   (0)     29 :  0.0038 0.0034 0.0040 0.9848 0.0040 
2810     2810   (0)     29 :  0.0024 0.0040 0.0022 0.9884 0.0030 
2811     2811   (0)     29 :  0.0030 0.0036 0.0034 0.9870 0.0030 
2812     2812   (0)     29 :  0.0020 0.0020 0.0024 0.9906 0.0030 
2813     2813   (0)     29 :  0.0030 0.0030 0.0034 0.9876 0.0030 
2814     2814   (0)     29 :  0.0030 0.0030 0.0056 0.9832 0.0052 
2815     2815   (0)     29 :  0.0030 0.0020 0.0034 0.9886 0.0030 
2816     2816   (0)     29 :  0.0020 0.0020 0.0020 0.9916 0.0024 
2817     2817   (0)     29 :  0.0020 0.0048 0.0032 0.9852 0.0048 
2818     2818   (0)     29 :  0.0040 0.0034 0.0056 0.9820 0.0050 
2819     2819   (0)     29 :  0.0020 0.0022 0.0024 0.9914 0.0020 
2820     2820   (0)     29 :  0.0030 0.0024 0.0024 0.9892 0.0030 
2821     2821   (0)     29 :  0.0020 0.0024 0.0030 0.9896 0.0030 
2822     2822   (0)     29 :  0.0048 0.0040 0.0044 0.9802 0.0066 
2823     2823   (0)     29 :  0.0024 0.0024 0.0028 0.9894 0.0030 
2824     2824   (0)     29 :  0.0030 0.0124 0.0034 0.9782 0.0030 
2825     2825   (0)     29 :  0.0028 0.0024 0.0024 0.9896 0.0028 
2826     2826   (0)     29 :  0.0030 0.0020 0.0030 0.9886 0.0034 
2827     2827   (0)     29 :  0.0040 0.0060 0.0070 0.9766 0.0064 
2828     2828   (0)     29 :  0.0030 0.0078 0.0038 0.9814 0.0040 
2829     2829   (0)     29 :  0.0030 0.0054 0.0034 0.9844 0.0038 
2830     2830   (0)     29 :  0.0030 0.0026 0.0032 0.9874 0.0038 
2831     2831   (0)     29 :  0.0034 0.0068 0.0050 0.9802 0.0046 
2832     2832   (0)     29 :  0.0026 0.0020 0.0032 0.9890 0.0032 
2833     2833   (0)     29 :  0.0020 0.0030 0.0034 0.9882 0.0034 
2834     2834   (0)     29 :  0.0024 0.0028 0.0040 0.9860 0.0048 
2835     2835   (0)     29 :  0.0028 0.0038 0.0028 0.9862 0.0044 
2836     2836   (0)     29 :  0.0030 0.0028 0.0032 0.9876 0.0034 
2837     2837   (0)     29 :  0.0020 0.0020 0.0020 0.9912 0.0028 
2838     2838   (0)     29 :  0.0030 0.0030 0.0040 0.9842 0.0058 
2839     2839   (0)     29 :  0.0030 0.0020 0.0030 0.9876 0.0044 
2840     2840   (0)     29 :  0.0028 0.0022 0.0030 0.9890 0.0030 
2841     2841   (0)     29 :  0.0020 0.0020 0.0030 0.9900 0.0030 
2842     2842   (0)     29 :  0.0024 0.0030 0.0030 0.9886 0.0030 
2843     2843   (0)     29 :  0.0038 0.0074 0.0028 0.9826 0.0034 
2844     2844   (0)     29 :  0.0040 0.0030 0.0040 0.9850 0.0040 
2845     2845   (0)     29 :  0.0024 0.0020 0.0034 0.9892 0.0030 
2846     2846   (0)     29 :  0.0020 0.0024 0.0028 0.9898 0.0030 
2847     2847   (0)     29 :  0.0020 0.0040 0.0026 0.9886 0.0028 
2848     2848   (0)     29 :  0.0024 0.0030 0.0028 0.9876 0.0042 
2849     2849   (0)     29 :  0.0020 0.0020 0.0030 0.9900 0.0030 
2850     2850   (0)     29 :  0.0030 0.0030 0.0038 0.9854 0.0048 
2851     2851   (0)     29 :  0.0024 0.0030 0.0026 0.9892 0.0028 
2852     2852   (0)     29 :  0.0040 0.0024 0.0036 0.9866 0.0034 
2853     2853   (0)     29 :  0.0024 0.0030 0.0024 0.9892 0.0030 
2854     2854   (0)     29 :  0.0024 0.0020 0.0024 0.9902 0.0030 
2855     2855   (0)     29 :  0.0030 0.0072 0.0068 0.9764 0.0066 
2856     2856   (0)     29 :  0.0020 0.0020 0.0026 0.9904 0.0030 
2857     2857   (0)     29 :  0.0020 0.0024 0.0030 0.9888 0.0038 
2858     2858   (0)     29 :  0.0028 0.0020 0.0030 0.9892 0.0030 
2859     2859   (0)     29 :  0.0034 0.0030 0.0030 0.9876 0.0030 
2860     2860   (0)     29 :  0.0064 0.0070 0.0140 0.9576 0.0150 
2861     2861   (0)     29 :  0.0028 0.0030 0.0030 0.9880 0.0032 
2862     2862   (0)     29 :  0.0030 0.0020 0.0030 0.9882 0.0038 
2863     2863   (0)     29 :  0.0020 0.0024 0.0020 0.9908 0.0028 
2864     2864   (0)     29 :  0.0020 0.0020 0.0032 0.9890 0.0038 
2865     2865   (0)     29 :  0.0030 0.0064 0.0070 0.9772 0.0064 
2866     2866   (0)     29 :  0.0030 0.0064 0.0034 0.9826 0.0046 
2867     2867   (0)     29 :  0.0028 0.0040 0.0036 0.9862 0.0034 
2868     2868   (0)     29 :  0.0020 0.0030 0.0028 0.9880 0.0042 
2869     2869   (0)     29 :  0.0020 0.0030 0.0036 0.9872 0.0042 
2870     2870   (0)     29 :  0.0044 0.0070 0.0046 0.9808 0.0032 
2871     2871   (0)     29 :  0.0030 0.0040 0.0042 0.9838 0.0050 
2872     2872   (0)     29 :  0.0020 0.0020 0.0020 0.9910 0.0030 
2873     2873   (0)     29 :  0.0020 0.0024 0.0028 0.9898 0.0030 
2874     2874   (0)     29 :  0.0020 0.0020 0.0030 0.9900 0.0030 
2875     2875   (0)     29 :  0.0020 0.0020 0.0024 0.9906 0.0030 
2876     2876   (0)     29 :  0.0040 0.0030 0.0040 0.9854 0.0036 
2877     2877   (0)     29 :  0.0030 0.0038 0.0030 0.9864 0.0038 
2878     2878   (0)     29 :  0.0030 0.0020 0.0028 0.9882 0.0040 
2879     2879   (0)     29 :  0.0030 0.0028 0.0038 0.9860 0.0044 
2880     2880   (0)     29 :  0.0024 0.0020 0.0026 0.9900 0.0030 
2881     2881   (0)     29 :  0.0032 0.0280 0.0150 0.9392 0.0146 
2882     2882   (0)     29 :  0.0020 0.0030 0.0024 0.9896 0.0030 
2883     2883   (0)     29 :  0.0054 0.0060 0.0046 0.9798 0.0042 
2884     2884   (0)     29 :  0.0020 0.0020 0.0024 0.9902 0.0034 
2885     2885   (0)     29 :  0.0028 0.0030 0.0034 0.9860 0.0048 
2886     2886   (0)     29 :  0.0054 0.0058 0.0162 0.9586 0.0140 
2887     2887   (0)     29 :  0.0030 0.0064 0.0064 0.9774 0.0068 
2888     2888   (0)     29 :  0.0020 0.0020 0.0024 0.9906 0.0030 
2889     2889   (0)     29 :  0.0030 0.0020 0.0030 0.9886 0.0034 
2890     2890   (0)     29 :  0.0032 0.0034 0.0030 0.9870 0.0034 
2891     2891   (0)     29 :  0.0030 0.0020 0.0030 0.9890 0.0030 
2892     2892   (0)     29 :  0.0034 0.0040 0.0034 0.9852 0.0040 
2893     2893   (0)     29 :  0.0030 0.0020 0.0022 0.9900 0.0028 
2894     2894   (0)     29 :  0.0048 0.0186 0.0304 0.9182 0.0280 
2895     2895   (0)     29 :  0.0020 0.0030 0.0024 0.9896 0.0030 
2896     2896   (0)     29 :  0.0030 0.0020 0.0030 0.9878 0.0042 
2897     2897   (0)     29 :  0.0030 0.0034 0.0034 0.9864 0.0038 
2898     2898   (0)     29 :  0.0020 0.0020 0.0024 0.9906 0.0030 
2899     2899   (0)     29 :  0.0020 0.0020 0.0020 0.9910 0.0030 
2900     2900   (0)     29 :  0.0024 0.0020 0.0032 0.9886 0.0038 
2901     2901   (0)     29 :  0.0048 0.0122 0.0116 0.9636 0.0078 
2902     2902   (0)     29 :  0.0024 0.0020 0.0030 0.9896 0.0030 
2903     2903   (0)     29 :  0.0020 0.0020 0.0020 0.9916 0.0024 
2904     2904   (0)     29 :  0.0020 0.0024 0.0020 0.9908 0.0028 
2905     2905   (0)     29 :  0.0020 0.0050 0.0036 0.9864 0.0030 
2906     2906   (0)     29 :  0.0030 0.0020 0.0034 0.9876 0.0040 
2907     2907   (0)     29 :  0.0058 0.0052 0.0124 0.9648 0.0118 
2908     2908   (0)     29 :  0.0030 0.0034 0.0034 0.9872 0.0030 
2909     2909   (0)     29 :  0.0020 0.0024 0.0030 0.9892 0.0034 
2910     2910   (0)     29 :  0.0030 0.0034 0.0042 0.9854 0.0040 
2911     2911   (0)     29 :  0.0036 0.0044 0.0062 0.9810 0.0048 
2912     2912   (0)     29 :  0.0036 0.0066 0.0092 0.9756 0.0050 
2913     2913   (0)     29 :  0.0030 0.0030 0.0050 0.9834 0.0056 
2914     2914   (0)     29 :  0.0020 0.0026 0.0038 0.9876 0.0040 
2915     2915   (0)     29 :  0.0020 0.0020 0.0020 0.9912 0.0028 
2916     2916   (0)     29 :  0.0060 0.0030 0.0036 0.9842 0.0032 
2917     2917   (0)     29 :  0.0028 0.0020 0.0030 0.9898 0.0024 
2918     2918   (0)     29 :  0.0078 0.0174 0.0054 0.9656 0.0038 
2919     2919   (0)     29 :  0.0030 0.0044 0.0040 0.9856 0.0030 
2920     2920   (0)     29 :  0.0028 0.0020 0.0036 0.9882 0.0034 
2921     2921   (0)     29 :  0.0030 0.0040 0.0034 0.9860 0.0036 
2922     2922   (0)     29 :  0.0034 0.0020 0.0038 0.9856 0.0052 
2923     2923   (0)     29 :  0.0030 0.0054 0.0038 0.9836 0.0042 
2924     2924   (0)     29 :  0.0030 0.0098 0.0034 0.9796 0.0042 
2925     2925   (0)     29 :  0.0034 0.0054 0.0060 0.9768 0.0084 
2926     2926   (5)     30 :  0.0024 0.9886 0.0030 0.0034 0.0026 
2927     2927   (0)     30 :  0.0020 0.9872 0.0040 0.0038 0.0030 
2928     2928   (0)     30 :  0.0030 0.9798 0.0064 0.0050 0.0058 
2929     2929   (0)     30 :  0.0030 0.9890 0.0030 0.0020 0.0030 
2930     2930   (5)     30 :  0.0044 0.9694 0.0154 0.0030 0.0078 
2931     2931   (0)     30 :  0.0024 0.9906 0.0026 0.0020 0.0024 
2932     2932   (0)     30 :  0.0044 0.9866 0.0030 0.0030 0.0030 
2933     2933   (0)     30 :  0.0030 0.9872 0.0038 0.0024 0.0036 
2934     2934   (0)     30 :  0.0030 0.9870 0.0032 0.0034 0.0034 
2935     2935   (0)     30 :  0.0040 0.9872 0.0030 0.0034 0.0024 
2936     2936   (0)     30 :  0.0030 0.9890 0.0030 0.0020 0.0030 
2937     2937   (0)     30 :  0.0020 0.9890 0.0034 0.0030 0.0026 
2938     2938   (5)     30 :  0.0040 0.9828 0.0052 0.0030 0.0050 
2939     2939   (0)     30 :  0.0024 0.9896 0.0026 0.0030 0.0024 
2940     2940   (0)     30 :  0.0030 0.9880 0.0030 0.0028 0.0032 
2941     2941   (0)     30 :  0.0020 0.9920 0.0020 0.0020 0.0020 
2942     2942   (0)     30 :  0.0030 0.9820 0.0072 0.0020 0.0058 
2943     2943   (0)     30 :  0.0020 0.9872 0.0040 0.0040 0.0028 
2944     2944   (0)     30 :  0.0032 0.9796 0.0046 0.0074 0.0052 
2945     2945   (0)     30 :  0.0038 0.9560 0.0216 0.0064 0.0122 
2946     2946   (0)     30 :  0.0030 0.9884 0.0032 0.0020 0.0034 
2947     2947   (0)     30 :  0.0020 0.9890 0.0030 0.0030 0.0030 
2948     2948   (0)     30 :  0.0034 0.9650 0.0100 0.0112 0.0104 
2949     2949   (0)     30 :  0.0068 0.9762 0.0070 0.0046 0.0054 
2950     2950   (0)     30 :  0.0024 0.9886 0.0030 0.0030 0.0030 
2951     2951   (0)     30 :  0.0030 0.9700 0.0094 0.0108 0.0068 
2952     2952   (0)     30 :  0.0026 0.9878 0.0032 0.0030 0.0034 
2953     2953   (0)     31 :  0.0034 0.9876 0.0032 0.0024 0.0034 
2954     2954   (0)     31 :  0.0030 0.9870 0.0032 0.0034 0.0034 
2955     2955   (0)     31 :  0.0038 0.9848 0.0040 0.0040 0.0034 
2956     2956   (0)     31 :  0.0030 0.9866 0.0040 0.0030 0.0034 
2957     2957   (0)     31 :  0.0040 0.9728 0.0060 0.0118 0.0054 
2958     2958   (0)     31 :  0.0030 0.9852 0.0040 0.0040 0.0038 
2959     2959   (0)     31 :  0.0030 0.9876 0.0034 0.0030 0.0030 
2960     2960   (0)     31 :  0.0030 0.9892 0.0026 0.0028 0.0024 
2961     2961   (0)     31 :  0.0020 0.9914 0.0022 0.0020 0.0024 
2962     2962   (0)     31 :  0.0080 0.9778 0.0046 0.0040 0.0056 
2963     2963   (0)     31 :  0.0030 0.9896 0.0030 0.0020 0.0024 
2964     2964   (0)     31 :  0.0040 0.9824 0.0048 0.0044 0.0044 
2965     2965   (0)     31 :  0.0028 0.9808 0.0078 0.0040 0.0046 
2966     2966   (0)     31 :  0.0024 0.9886 0.0032 0.0024 0.0034 
2967     2967   (0)     31 :  0.0040 0.9876 0.0030 0.0030 0.0024 
2968     2968   (0)     31 :  0.0030 0.9868 0.0050 0.0020 0.0032 
2969     2969   (0)     31 :  0.0030 0.9880 0.0030 0.0030 0.0030 
2970     2970   (0)     31 :  0.0020 0.9902 0.0030 0.0024 0.0024 
2971     2971   (0)     31 :  0.0030 0.9880 0.0030 0.0030 0.0030 
2972     2972   (0)     31 :  0.0024 0.9886 0.0040 0.0020 0.0030 
2973     2973   (0)     31 :  0.0028 0.9862 0.0046 0.0030 0.0034 
2974     2974   (0)     31 :  0.0030 0.9876 0.0032 0.0028 0.0034 
2975     2975   (0)     31 :  0.0030 0.9878 0.0032 0.0030 0.0030 
2976     2976   (0)     31 :  0.0028 0.9882 0.0030 0.0030 0.0030 
2977     2977   (0)     31 :  0.0040 0.9860 0.0030 0.0040 0.0030 
2978     2978   (0)     31 :  0.0034 0.9774 0.0088 0.0030 0.0074 
2979     2979   (0)     31 :  0.0030 0.9866 0.0044 0.0030 0.0030 
2980     2980   (0)     31 :  0.0030 0.9840 0.0042 0.0046 0.0042 
2981     2981   (0)     31 :  0.0024 0.9874 0.0032 0.0036 0.0034 
2982     2982   (0)     31 :  0.0078 0.9752 0.0066 0.0074 0.0030 
2983     2983   (0)     31 :  0.0074 0.9758 0.0042 0.0078 0.0048 
2984     2984   (0)     31 :  0.0030 0.9862 0.0050 0.0020 0.0038 
2985     2985   (0)     31 :  0.0042 0.9708 0.0072 0.0088 0.0090 
2986     2986   (0)     31 :  0.0024 0.9870 0.0042 0.0030 0.0034 
2987     2987   (0)     31 :  0.0030 0.9780 0.0084 0.0034 0.0072 
2988     2988   (0)     31 :  0.0040 0.9822 0.0048 0.0040 0.0050 
2989     2989   (0)     31 :  0.0044 0.9566 0.0102 0.0202 0.0086 
2990     2990   (0)     31 :  0.0028 0.9844 0.0042 0.0044 0.0042 
2991     2991   (0)     31 :  0.0020 0.9802 0.0068 0.0060 0.0050 
2992     2992   (0)     31 :  0.0030 0.9856 0.0042 0.0038 0.0034 
2993     2993   (0)     31 :  0.0030 0.9888 0.0032 0.0024 0.0026 
2994     2994   (0)     31 :  0.0030 0.9860 0.0040 0.0030 0.0040 
2995     2995   (0)     31 :  0.0040 0.9866 0.0030 0.0034 0.0030 
2996     2996   (0)     31 :  0.0030 0.9832 0.0060 0.0034 0.0044 
2997     2997   (0)     31 :  0.0030 0.9890 0.0030 0.0020 0.0030 
2998     2998   (0)     31 :  0.0020 0.9880 0.0036 0.0030 0.0034 
2999     2999   (0)     31 :  0.0040 0.9864 0.0042 0.0020 0.0034 
3000     3000   (0)     31 :  0.0030 0.9866 0.0042 0.0028 0.0034 
3001     3001   (0)     31 :  0.0030 0.9856 0.0042 0.0034 0.0038 
3002     3002   (0)     31 :  0.0030 0.9872 0.0040 0.0024 0.0034 
3003     3003   (0)     31 :  0.0034 0.9884 0.0032 0.0020 0.0030 
3004     3004   (0)     31 :  0.0030 0.9848 0.0048 0.0036 0.0038 
3005     3005   (0)     31 :  0.0020 0.9856 0.0044 0.0030 0.0050 
3006     3006   (0)     31 :  0.0020 0.9890 0.0030 0.0030 0.0030 
3007     3007   (0)     31 :  0.0040 0.9862 0.0040 0.0024 0.0034 
3008     3008   (0)     31 :  0.0030 0.9850 0.0048 0.0030 0.0042 
3009     3009   (0)     31 :  0.0024 0.9900 0.0032 0.0020 0.0024 
3010     3010   (0)     31 :  0.0040 0.9806 0.0056 0.0060 0.0038 
3011     3011   (0)     31 :  0.0030 0.9826 0.0038 0.0062 0.0044 
3012     3012   (0)     31 :  0.0044 0.9870 0.0036 0.0024 0.0026 
3013     3013   (0)     31 :  0.0020 0.9892 0.0038 0.0020 0.0030 
3014     3014   (0)     31 :  0.0020 0.9886 0.0040 0.0020 0.0034 
3015     3015   (0)     31 :  0.0040 0.9826 0.0060 0.0034 0.0040 
3016     3016   (0)     31 :  0.0024 0.9854 0.0042 0.0040 0.0040 
3017     3017   (0)     31 :  0.0040 0.9810 0.0062 0.0038 0.0050 
3018     3018   (0)     31 :  0.0042 0.9884 0.0030 0.0020 0.0024 
3019     3019   (0)     31 :  0.0020 0.9908 0.0022 0.0030 0.0020 
3020     3020   (0)     31 :  0.0048 0.9842 0.0042 0.0034 0.0034 
3021     3021   (0)     31 :  0.0028 0.9824 0.0036 0.0078 0.0034 
3022     3022   (0)     31 :  0.0054 0.9798 0.0052 0.0030 0.0066 
3023     3023   (0)     31 :  0.0030 0.9878 0.0028 0.0034 0.0030 
3024     3024   (0)     31 :  0.0048 0.9744 0.0106 0.0040 0.0062 
3025     3025   (0)     31 :  0.0038 0.9804 0.0050 0.0054 0.0054 
3026     3026   (0)     31 :  0.0020 0.9914 0.0026 0.0020 0.0020 
3027     3027   (0)     31 :  0.0030 0.9850 0.0038 0.0040 0.0042 
3028     3028   (0)     31 :  0.0040 0.9834 0.0040 0.0050 0.0036 
3029     3029   (0)     31 :  0.0020 0.9888 0.0028 0.0040 0.0024 
3030     3030   (0)     31 :  0.0030 0.9896 0.0030 0.0020 0.0024 
3031     3031   (0)     31 :  0.0020 0.9894 0.0030 0.0030 0.0026 
3032     3032   (0)     31 :  0.0024 0.9794 0.0050 0.0088 0.0044 
3033     3033   (0)     31 :  0.0030 0.9778 0.0040 0.0114 0.0038 
3034     3034   (0)     31 :  0.0020 0.9880 0.0036 0.0030 0.0034 
3035     3035   (0)     31 :  0.0040 0.9742 0.0102 0.0040 0.0076 
3036     3036   (0)     31 :  0.0030 0.9766 0.0094 0.0040 0.0070 
3037     3037   (0)     31 :  0.0030 0.9620 0.0112 0.0162 0.0076 
3038     3038   (0)     31 :  0.0020 0.9852 0.0040 0.0054 0.0034 
3039     3039   (0)     31 :  0.0020 0.9904 0.0032 0.0020 0.0024 
3040     3040   (0)     31 :  0.0022 0.9888 0.0032 0.0024 0.0034 
3041     3041   (0)     31 :  0.0050 0.9834 0.0032 0.0050 0.0034 
3042     3042   (0)     31 :  0.0034 0.9846 0.0040 0.0040 0.0040 
3043     3043   (0)     31 :  0.0020 0.9906 0.0030 0.0020 0.0024 
3044     3044   (0)     31 :  0.0030 0.9836 0.0038 0.0062 0.0034 
3045     3045   (0)     31 :  0.0048 0.9804 0.0068 0.0040 0.0040 
3046     3046   (0)     31 :  0.0028 0.9830 0.0050 0.0048 0.0044 
3047     3047   (0)     31 :  0.0028 0.9872 0.0036 0.0030 0.0034 
3048     3048   (0)     31 :  0.0024 0.9862 0.0040 0.0034 0.0040 
3049     3049   (0)     31 :  0.0024 0.9886 0.0036 0.0024 0.0030 
3050     3050   (0)     31 :  0.0024 0.9878 0.0040 0.0028 0.0030 
3051     3051   (0)     31 :  0.0024 0.9872 0.0044 0.0020 0.0040 
3052     3052   (0)     31 :  0.0072 0.9804 0.0046 0.0034 0.0044 
3053     3053   (0)     31 :  0.0040 0.9846 0.0040 0.0040 0.0034 
3054     3054   (0)     31 :  0.0040 0.9826 0.0044 0.0040 0.0050 
3055     3055   (0)     31 :  0.0030 0.9880 0.0030 0.0030 0.0030 
3056     3056   (0)     31 :  0.0028 0.9904 0.0024 0.0020 0.0024 
3057     3057   (0)     31 :  0.0030 0.9854 0.0034 0.0038 0.0044 
3058     3058   (0)     31 :  0.0028 0.9870 0.0038 0.0030 0.0034 
3059     3059   (0)     31 :  0.0030 0.9824 0.0062 0.0034 0.0050 
3060     3060   (0)     31 :  0.0020 0.9880 0.0036 0.0030 0.0034 
3061     3061   (0)     31 :  0.0026 0.9814 0.0068 0.0030 0.0062 
3062     3062   (0)     31 :  0.0040 0.9780 0.0086 0.0044 0.0050 
3063     3063   (0)     31 :  0.0028 0.9872 0.0036 0.0030 0.0034 
3064     3064   (0)     31 :  0.0030 0.9826 0.0052 0.0048 0.0044 
3065     3065   (0)     31 :  0.0024 0.9874 0.0038 0.0030 0.0034 
3066     3066   (0)     31 :  0.0030 0.9856 0.0044 0.0034 0.0036 
3067     3067   (0)     31 :  0.0036 0.9812 0.0056 0.0048 0.0048 
3068     3068   (0)     31 :  0.0024 0.9874 0.0034 0.0030 0.0038 
3069     3069   (0)     31 :  0.0030 0.9800 0.0076 0.0040 0.0054 
3070     3070   (0)     31 :  0.0038 0.9848 0.0042 0.0038 0.0034 
3071     3071   (0)     31 :  0.0050 0.9850 0.0040 0.0030 0.0030 
3072     3072   (0)     31 :  0.0040 0.9844 0.0048 0.0030 0.0038 
3073     3073   (0)     31 :  0.0030 0.9846 0.0044 0.0040 0.0040 
3074     3074   (0)     31 :  0.0030 0.9838 0.0050 0.0040 0.0042 
3075     3075   (0)     31 :  0.0030 0.9784 0.0070 0.0040 0.0076 
3076     3076   (0)     31 :  0.0020 0.9906 0.0030 0.0020 0.0024 
3077     3077   (0)     31 :  0.0050 0.9766 0.0050 0.0084 0.0050 
3078     3078   (0)     31 :  0.0046 0.9864 0.0036 0.0030 0.0024 
3079     3079   (0)     31 :  0.0020 0.9890 0.0036 0.0020 0.0034 
3080     3080   (0)     31 :  0.0030 0.9830 0.0060 0.0040 0.0040 
3081     3081   (0)     31 :  0.0030 0.9832 0.0060 0.0030 0.0048 
3082     3082   (0)     31 :  0.0030 0.9880 0.0030 0.0030 0.0030 
3083     3083   (0)     31 :  0.0040 0.9836 0.0044 0.0030 0.0050 
3084     3084   (0)     31 :  0.0030 0.9844 0.0052 0.0034 0.0040 
3085     3085   (0)     31 :  0.0030 0.9896 0.0030 0.0020 0.0024 
3086     3086   (0)     31 :  0.0048 0.9812 0.0032 0.0070 0.0038 
3087     3087   (0)     31 :  0.0028 0.9864 0.0050 0.0024 0.0034 
3088     3088   (0)     31 :  0.0020 0.9900 0.0030 0.0020 0.0030 
3089     3089   (0)     31 :  0.0030 0.9870 0.0028 0.0040 0.0032 
3090     3090   (0)     31 :  0.0030 0.9822 0.0040 0.0064 0.0044 
3091     3091   (0)     31 :  0.0024 0.9902 0.0026 0.0020 0.0028 
3092     3092   (0)     31 :  0.0024 0.9838 0.0040 0.0060 0.0038 
3093     3093   (0)     31 :  0.0026 0.9888 0.0030 0.0030 0.0026 
3094     3094   (0)     31 :  0.0024 0.9848 0.0042 0.0050 0.0036 
3095     3095   (0)     31 :  0.0028 0.9852 0.0042 0.0034 0.0044 
3096     3096   (0)     31 :  0.0020 0.9878 0.0038 0.0030 0.0034 
3097     3097   (0)     31 :  0.0028 0.9862 0.0036 0.0040 0.0034 
3098     3098   (0)     31 :  0.0030 0.9884 0.0036 0.0020 0.0030 
3099     3099   (0)     31 :  0.0030 0.9896 0.0028 0.0020 0.0026 
3100     3100   (0)     31 :  0.0022 0.9868 0.0040 0.0030 0.0040 
3101     3101   (0)     31 :  0.0040 0.9822 0.0052 0.0050 0.0036 
3102     3102   (0)     31 :  0.0030 0.9880 0.0042 0.0020 0.0028 
3103     3103   (0)     31 :  0.0020 0.9906 0.0020 0.0030 0.0024 
3104     3104   (0)     31 :  0.0030 0.9832 0.0050 0.0040 0.0048 
3105     3105   (0)     31 :  0.0030 0.9884 0.0032 0.0024 0.0030 
3106     3106   (0)     31 :  0.0030 0.9884 0.0032 0.0020 0.0034 
3107     3107   (0)     31 :  0.0050 0.9850 0.0030 0.0040 0.0030 
3108     3108   (0)     31 :  0.0030 0.9868 0.0038 0.0028 0.0036 
3109     3109   (0)     31 :  0.0030 0.9874 0.0032 0.0030 0.0034 
3110     3110   (0)     31 :  0.0040 0.9874 0.0038 0.0020 0.0028 
3111     3111   (0)     31 :  0.0030 0.9832 0.0042 0.0054 0.0042 
3112     3112   (0)     31 :  0.0020 0.9848 0.0064 0.0020 0.0048 
3113     3113   (0)     31 :  0.0030 0.9832 0.0056 0.0038 0.0044 
3114     3114   (0)     31 :  0.0024 0.9900 0.0032 0.0020 0.0024 
3115     3115   (0)     31 :  0.0028 0.9882 0.0036 0.0020 0.0034 
3116     3116   (0)     31 :  0.0020 0.9898 0.0036 0.0020 0.0026 
3117     3117   (0)     31 :  0.0030 0.9882 0.0030 0.0028 0.0030 
3118     3118   (0)     31 :  0.0020 0.9908 0.0028 0.0020 0.0024 
3119     3119   (0)     31 :  0.0034 0.9834 0.0050 0.0044 0.0038 
3120     3120   (0)     31 :  0.0020 0.9882 0.0040 0.0024 0.0034 
3121     3121   (0)     31 :  0.0028 0.9872 0.0036 0.0030 0.0034 
3122     3122   (0)     31 :  0.0020 0.9878 0.0038 0.0030 0.0034 
3123     3123   (0)     31 :  0.0034 0.9886 0.0030 0.0024 0.0026 
3124     3124   (0)     31 :  0.0020 0.9906 0.0030 0.0020 0.0024 
3125     3125   (0)     31 :  0.0020 0.9900 0.0030 0.0026 0.0024 
3126     3126   (0)     31 :  0.0020 0.9890 0.0040 0.0020 0.0030 
3127     3127   (0)     31 :  0.0030 0.9856 0.0038 0.0040 0.0036 
3128     3128   (0)     31 :  0.0030 0.9888 0.0032 0.0020 0.0030 
3129     3129   (0)     31 :  0.0028 0.9898 0.0030 0.0020 0.0024 
3130     3130   (0)     31 :  0.0030 0.9856 0.0044 0.0030 0.0040 
3131     3131   (0)     31 :  0.0030 0.9892 0.0030 0.0020 0.0028 
3132     3132   (0)     31 :  0.0030 0.9814 0.0054 0.0050 0.0052 
3133     3133   (0)     31 :  0.0020 0.9900 0.0030 0.0020 0.0030 
3134     3134   (0)     31 :  0.0034 0.9810 0.0058 0.0050 0.0048 
3135     3135   (0)     31 :  0.0038 0.9882 0.0030 0.0020 0.0030 
3136     3136   (0)     31 :  0.0054 0.9812 0.0056 0.0048 0.0030 
3137     3137   (0)     31 :  0.0030 0.9880 0.0030 0.0030 0.0030 
3138     3138   (0)     31 :  0.0030 0.9682 0.0052 0.0182 0.0054 
3139     3139   (0)     31 :  0.0040 0.9708 0.0094 0.0094 0.0064 
3140     3140   (0)     31 :  0.0034 0.9856 0.0040 0.0030 0.0040 
3141     3141   (0)     31 :  0.0024 0.9882 0.0030 0.0034 0.0030 
3142     3142   (0)     31 :  0.0024 0.9902 0.0030 0.0020 0.0024 
3143     3143   (0)     31 :  0.0030 0.9868 0.0038 0.0030 0.0034 
3144     3144   (0)     31 :  0.0024 0.9906 0.0028 0.0020 0.0022 
3145     3145   (0)     31 :  0.0030 0.9850 0.0046 0.0030 0.0044 
3146     3146   (0)     31 :  0.0030 0.9884 0.0032 0.0028 0.0026 
3147     3147   (0)     31 :  0.0030 0.9864 0.0040 0.0024 0.0042 
3148     3148   (0)     31 :  0.0030 0.9818 0.0068 0.0030 0.0054 
3149     3149   (0)     31 :  0.0026 0.9880 0.0036 0.0030 0.0028 
3150     3150   (0)     31 :  0.0024 0.9870 0.0042 0.0030 0.0034 
3151     3151   (0)     31 :  0.0064 0.9712 0.0118 0.0040 0.0066 
3152     3152   (0)     31 :  0.0034 0.9842 0.0050 0.0020 0.0054 
3153     3153   (0)     31 :  0.0030 0.9880 0.0030 0.0030 0.0030 
3154     3154   (0)     31 :  0.0026 0.9886 0.0030 0.0028 0.0030 
3155     3155   (0)     31 :  0.0044 0.9818 0.0050 0.0040 0.0048 
3156     3156   (0)     31 :  0.0030 0.9886 0.0030 0.0030 0.0024 
3157     3157   (0)     31 :  0.0032 0.9854 0.0042 0.0040 0.0032 
3158     3158   (0)     31 :  0.0024 0.9878 0.0036 0.0028 0.0034 
3159     3159   (0)     31 :  0.0040 0.9772 0.0082 0.0030 0.0076 
3160     3160   (0)     31 :  0.0034 0.9866 0.0046 0.0020 0.0034 
3161     3161   (0)     31 :  0.0030 0.9846 0.0050 0.0030 0.0044 
3162     3162   (0)     31 :  0.0038 0.9848 0.0036 0.0044 0.0034 
3163     3163   (0)     31 :  0.0034 0.9830 0.0050 0.0050 0.0036 
3164     3164   (0)     31 :  0.0040 0.9804 0.0042 0.0070 0.0044 
3165     3165   (0)     31 :  0.0030 0.9880 0.0036 0.0020 0.0034 
3166     3166   (0)     31 :  0.0020 0.9844 0.0052 0.0040 0.0044 
3167     3167   (0)     31 :  0.0020 0.9892 0.0028 0.0030 0.0030 
3168     3168   (0)     31 :  0.0044 0.9764 0.0080 0.0040 0.0072 
3169     3169   (0)     31 :  0.0030 0.9820 0.0050 0.0044 0.0056 
3170     3170   (0)     31 :  0.0030 0.9864 0.0036 0.0040 0.0030 
3171     3171   (0)     31 :  0.0030 0.9876 0.0034 0.0030 0.0030 
3172     3172   (0)     31 :  0.0048 0.9802 0.0062 0.0040 0.0048 
3173     3173   (0)     31 :  0.0024 0.9886 0.0036 0.0020 0.0034 
3174     3174   (0)     31 :  0.0040 0.9806 0.0032 0.0084 0.0038 
3175     3175   (0)     31 :  0.0020 0.9884 0.0032 0.0030 0.0034 
3176     3176   (0)     31 :  0.0030 0.9890 0.0030 0.0020 0.0030 
3177     3177   (0)     31 :  0.0034 0.9816 0.0058 0.0044 0.0048 
3178     3178   (0)     31 :  0.0030 0.9866 0.0040 0.0030 0.0034 
3179     3179   (0)     31 :  0.0030 0.9894 0.0030 0.0020 0.0026 
3180     3180   (0)     31 :  0.0028 0.9850 0.0058 0.0024 0.0040 
3181     3181   (0)     31 :  0.0030 0.9882 0.0030 0.0034 0.0024 
3182     3182   (0)     31 :  0.0030 0.9854 0.0042 0.0030 0.0044 
3183     3183   (0)     31 :  0.0024 0.9876 0.0038 0.0030 0.0032 
3184     3184   (0)     31 :  0.0024 0.9848 0.0040 0.0030 0.0058 
3185     3185   (0)     31 :  0.0028 0.9828 0.0056 0.0040 0.0048 
3186     3186   (0)     31 :  0.0030 0.9876 0.0040 0.0020 0.0034 
3187     3187   (0)     31 :  0.0024 0.9810 0.0064 0.0044 0.0058 
3188     3188   (0)     31 :  0.0040 0.9636 0.0070 0.0202 0.0052 
3189     3189   (0)     31 :  0.0030 0.9798 0.0050 0.0060 0.0062 
3190     3190   (0)     31 :  0.0028 0.9896 0.0030 0.0020 0.0026 
3191     3191   (0)     31 :  0.0044 0.9806 0.0056 0.0048 0.0046 
3192     3192   (0)     31 :  0.0040 0.9622 0.0130 0.0110 0.0098 
3193     3193   (0)     31 :  0.0030 0.9850 0.0054 0.0020 0.0046 
3194     3194   (0)     31 :  0.0030 0.9876 0.0030 0.0034 0.0030 
3195     3195   (0)     31 :  0.0034 0.9882 0.0030 0.0030 0.0024 
3196     3196   (0)     31 :  0.0030 0.9778 0.0076 0.0034 0.0082 
3197     3197   (0)     31 :  0.0028 0.9896 0.0030 0.0020 0.0026 
3198     3198   (0)     31 :  0.0030 0.9746 0.0114 0.0040 0.0070 
3199     3199   (0)     31 :  0.0030 0.9882 0.0024 0.0034 0.0030 
3200     3200   (0)     31 :  0.0034 0.9858 0.0040 0.0034 0.0034 
3201     3201   (0)     31 :  0.0024 0.9900 0.0028 0.0020 0.0028 
3202     3202   (0)     31 :  0.0030 0.9848 0.0032 0.0050 0.0040 
3203     3203   (0)     31 :  0.0040 0.9838 0.0044 0.0034 0.0044 
3204     3204   (0)     31 :  0.0020 0.9900 0.0030 0.0024 0.0026 
3205     3205   (0)     31 :  0.0030 0.9842 0.0032 0.0046 0.0050 
3206     3206   (0)     31 :  0.0024 0.9882 0.0030 0.0034 0.0030 
3207     3207   (0)     31 :  0.0054 0.9260 0.0104 0.0510 0.0072 
3208     3208   (0)     31 :  0.0020 0.9908 0.0028 0.0020 0.0024 
3209     3209   (0)     31 :  0.0030 0.9754 0.0052 0.0116 0.0048 
3210     3210   (0)     31 :  0.0030 0.9860 0.0046 0.0030 0.0034 
3211     3211   (0)     31 :  0.0020 0.9882 0.0038 0.0030 0.0030 
3212     3212   (0)     31 :  0.0030 0.9844 0.0042 0.0040 0.0044 
3213     3213   (0)     31 :  0.0036 0.9860 0.0040 0.0030 0.0034 
3214     3214   (0)     31 :  0.0030 0.9846 0.0038 0.0052 0.0034 
3215     3215   (0)     31 :  0.0020 0.9854 0.0048 0.0040 0.0038 
3216     3216   (0)     31 :  0.0020 0.9876 0.0034 0.0040 0.0030 
3217     3217   (0)     31 :  0.0030 0.9868 0.0038 0.0030 0.0034 
3218     3218   (0)     31 :  0.0020 0.9896 0.0030 0.0030 0.0024 
3219     3219   (0)     31 :  0.0030 0.9752 0.0062 0.0084 0.0072 
3220     3220   (0)     31 :  0.0040 0.9698 0.0114 0.0054 0.0094 
3221     3221   (0)     31 :  0.0020 0.9896 0.0030 0.0030 0.0024 
3222     3222   (0)     31 :  0.0028 0.9892 0.0030 0.0020 0.0030 
3223     3223   (0)     31 :  0.0050 0.9846 0.0040 0.0030 0.0034 
3224     3224   (0)     31 :  0.0022 0.9836 0.0062 0.0034 0.0046 
3225     3225   (0)     31 :  0.0024 0.9846 0.0040 0.0050 0.0040 
3226     3226   (0)     31 :  0.0020 0.9842 0.0060 0.0030 0.0048 
3227     3227   (0)     31 :  0.0034 0.9708 0.0080 0.0116 0.0062 
3228     3228   (0)     31 :  0.0030 0.9898 0.0030 0.0022 0.0020 
3229     3229   (0)     31 :  0.0030 0.9854 0.0050 0.0030 0.0036 
3230     3230   (0)     31 :  0.0030 0.9876 0.0036 0.0030 0.0028 
3231     3231   (0)     31 :  0.0040 0.9864 0.0032 0.0030 0.0034 
3232     3232   (0)     31 :  0.0044 0.9872 0.0030 0.0030 0.0024 
3233     3233   (0)     31 :  0.0034 0.9798 0.0044 0.0084 0.0040 
3234     3234   (0)     31 :  0.0034 0.9844 0.0060 0.0020 0.0042 
3235     3235   (0)     31 :  0.0020 0.9886 0.0038 0.0020 0.0036 
3236     3236   (0)     31 :  0.0030 0.9872 0.0038 0.0026 0.0034 
3237     3237   (0)     31 :  0.0030 0.9738 0.0108 0.0034 0.0090 
3238     3238   (0)     31 :  0.0024 0.9824 0.0052 0.0050 0.0050 
3239     3239   (0)     31 :  0.0028 0.9822 0.0066 0.0032 0.0052 
3240     3240   (0)     31 :  0.0028 0.9840 0.0044 0.0044 0.0044 
3241     3241   (0)     31 :  0.0030 0.9864 0.0036 0.0040 0.0030 
3242     3242   (0)     31 :  0.0030 0.9862 0.0032 0.0042 0.0034 
3243     3243   (0)     31 :  0.0030 0.9868 0.0040 0.0020 0.0042 
3244     3244   (0)     31 :  0.0030 0.9880 0.0030 0.0030 0.0030 
3245     3245   (0)     31 :  0.0030 0.9850 0.0032 0.0064 0.0024 
3246     3246   (0)     31 :  0.0030 0.9896 0.0026 0.0020 0.0028 
3247     3247   (0)     31 :  0.0024 0.9898 0.0034 0.0020 0.0024 
3248     3248   (0)     31 :  0.0020 0.9870 0.0038 0.0038 0.0034 
3249     3249   (0)     31 :  0.0030 0.9888 0.0030 0.0028 0.0024 
3250     3250   (0)     31 :  0.0038 0.9844 0.0042 0.0036 0.0040 
3251     3251   (0)     31 :  0.0030 0.9834 0.0058 0.0030 0.0048 
3252     3252   (0)     31 :  0.0030 0.9838 0.0058 0.0030 0.0044 
3253     3253   (0)     32 :  0.0024 0.0046 0.5964 0.0030 0.3936 
3254     3254   (0)     32 :  0.0040 0.0118 0.5924 0.0082 0.3836 
3255     3255   (0)     32 :  0.0044 0.0076 0.5918 0.0044 0.3918 
3256     3256   (0)     32 :  0.0046 0.0178 0.5934 0.0036 0.3806 
3257     3257   (0)     32 :  0.0050 0.0056 0.5894 0.0054 0.3946 
3258     3258   (0)     32 :  0.0040 0.0340 0.5762 0.0112 0.3746 
3259     3259   (0)     32 :  0.0058 0.0158 0.5842 0.0070 0.3872 
3260     3260   (0)     32 :  0.0024 0.0034 0.5966 0.0034 0.3942 
3261     3261   (0)     32 :  0.0024 0.0038 0.5974 0.0034 0.3930 
3262     3262   (0)     32 :  0.0024 0.0074 0.5870 0.0144 0.3888 
3263     3263   (0)     32 :  0.0024 0.0056 0.5900 0.0044 0.3976 
3264     3264   (0)     32 :  0.0028 0.0064 0.5928 0.0030 0.3950 
3265     3265   (0)     32 :  0.0028 0.0038 0.5922 0.0048 0.3964 
3266     3266   (0)     32 :  0.0034 0.0178 0.5870 0.0086 0.3832 
3267     3267   (0)     32 :  0.0038 0.0074 0.5922 0.0040 0.3926 
3268     3268   (0)     32 :  0.0030 0.0160 0.5862 0.0102 0.3846 
3269     3269   (0)     32 :  0.0080 0.1158 0.5256 0.0052 0.3454 
3270     3270   (0)     32 :  0.0076 0.0094 0.5864 0.0062 0.3904 
3271     3271   (0)     32 :  0.0058 0.0108 0.5638 0.0212 0.3984 
3272     3272   (0)     32 :  0.0028 0.0130 0.5828 0.0030 0.3984 
3273     3273   (0)     32 :  0.0036 0.0080 0.5858 0.0136 0.3890 
3274     3274   (0)     32 :  0.0040 0.0100 0.5766 0.0188 0.3906 
3275     3275   (5)     32 :  0.0028 0.0080 0.5858 0.0108 0.3926 
3276     3276   (0)     32 :  0.0042 0.0102 0.5918 0.0030 0.3908 
3277     3277   (0)     32 :  0.0052 0.0294 0.5834 0.0074 0.3746 
3278     3278   (0)     32 :  0.0038 0.0060 0.5868 0.0040 0.3994 
3279     3279   (0)     32 :  0.0028 0.0072 0.5762 0.0276 0.3862 
3280     3280   (0)     32 :  0.0048 0.0162 0.5828 0.0060 0.3902 
3281     3281   (0)     32 :  0.0030 0.0042 0.5650 0.0424 0.3854 
3282     3282   (0)     32 :  0.0028 0.0074 0.5934 0.0028 0.3936 
3283     3283   (5)     32 :  0.0028 0.0054 0.5924 0.0038 0.3956 
3284     3284   (0)     32 :  0.0030 0.0282 0.5790 0.0058 0.3840 
3285     3285   (0)     32 :  0.0054 0.0050 0.5888 0.0100 0.3908 
3286     3286   (0)     32 :  0.0030 0.0052 0.5926 0.0028 0.3964 
3287     3287   (0)     32 :  0.0038 0.0060 0.5732 0.0352 0.3818 
3288     3288   (0)     32 :  0.0046 0.0070 0.5998 0.0042 0.3844 
3289     3289   (5)     32 :  0.0052 0.0118 0.5868 0.0070 0.3892 
3290     3290   (5)     32 :  0.0066 0.0272 0.5900 0.0130 0.3632 
3291     3291   (5)     32 :  0.0052 0.0112 0.5872 0.0076 0.3888 
3292     3292   (5)     32 :  0.0056 0.0032 0.5894 0.0070 0.3948 
3293     3293   (0)     33 :  0.0044 0.0138 0.5866 0.0054 0.3898 
3294     3294   (0)     33 :  0.0038 0.0098 0.5826 0.0112 0.3926 
3295     3295   (0)     33 :  0.0038 0.0038 0.5724 0.0330 0.3870 
3296     3296   (0)     33 :  0.0042 0.0030 0.5882 0.0080 0.3966 
3297     3297   (0)     33 :  0.0050 0.0052 0.5896 0.0064 0.3938 
3298     3298   (0)     33 :  0.0028 0.0046 0.6024 0.0046 0.3856 
3299     3299   (0)     33 :  0.0052 0.0072 0.5890 0.0074 0.3912 
3300     3300   (0)     33 :  0.0086 0.0058 0.5624 0.0578 0.3654 
3301     3301   (0)     33 :  0.0034 0.0208 0.6040 0.0222 0.3496 
3302     3302   (0)     33 :  0.0028 0.0090 0.5854 0.0044 0.3984 
3303     3303   (0)     33 :  0.0028 0.0204 0.5840 0.0066 0.3862 
3304     3304   (0)     33 :  0.0048 0.0058 0.5986 0.0056 0.3852 
3305     3305   (0)     33 :  0.0034 0.0046 0.5842 0.0112 0.3966 
3306     3306   (0)     33 :  0.0048 0.0126 0.5906 0.0036 0.3884 
3307     3307   (0)     33 :  0.0028 0.0082 0.5902 0.0056 0.3932 
3308     3308   (0)     33 :  0.0028 0.0074 0.5912 0.0072 0.3914 
3309     3309   (0)     33 :  0.0082 0.0056 0.5666 0.0446 0.3750 
3310     3310   (0)     33 :  0.0028 0.0064 0.5886 0.0112 0.3910 
3311     3311   (0)     33 :  0.0028 0.0060 0.5904 0.0082 0.3926 
3312     3312   (0)     33 :  0.0038 0.0074 0.6124 0.0050 0.3714 
3313     3313   (0)     33 :  0.0024 0.0036 0.5948 0.0116 0.3876 
3314     3314   (0)     33 :  0.0034 0.0338 0.5860 0.0054 0.3714 
3315     3315   (0)     33 :  0.0060 0.0028 0.5936 0.0034 0.3942 
3316     3316   (0)     33 :  0.0030 0.0098 0.5882 0.0106 0.3884 
3317     3317   (0)     33 :  0.0032 0.0314 0.5948 0.0032 0.3674 
3318     3318   (0)     33 :  0.0078 0.0102 0.5854 0.0056 0.3910 
3319     3319   (0)     33 :  0.0038 0.0028 0.5944 0.0020 0.3970 
3320     3320   (0)     33 :  0.0048 0.0034 0.5904 0.0062 0.3952 
3321     3321   (0)     33 :  0.0034 0.0274 0.5850 0.0062 0.3780 
3322     3322   (0)     33 :  0.0052 0.0108 0.5864 0.0054 0.3922 
3323     3323   (0)     33 :  0.0036 0.0088 0.5946 0.0058 0.3872 
3324     3324   (0)     33 :  0.0030 0.0066 0.5900 0.0056 0.3948 
3325     3325   (0)     33 :  0.0036 0.0038 0.5924 0.0044 0.3958 
3326     3326   (0)     33 :  0.0030 0.0038 0.5950 0.0030 0.3952 
3327     3327   (0)     33 :  0.0038 0.0090 0.5864 0.0072 0.3936 
3328     3328   (0)     33 :  0.0030 0.0094 0.5912 0.0034 0.3930 
3329     3329   (0)     33 :  0.0030 0.0046 0.5758 0.0074 0.4092 
3330     3330   (0)     33 :  0.0026 0.0024 0.5954 0.0030 0.3966 
3331     3331   (0)     33 :  0.0044 0.0070 0.5872 0.0082 0.3932 
3332     3332   (0)     33 :  0.0040 0.0258 0.5858 0.0104 0.3740 
3333     3333   (0)     33 :  0.0038 0.0308 0.5818 0.0030 0.3806 
3334     3334   (0)     33 :  0.0030 0.0054 0.5874 0.0070 0.3972 
3335     3335   (0)     33 :  0.0038 0.0080 0.5892 0.0062 0.3928 
3336     3336   (0)     33 :  0.0028 0.0060 0.5884 0.0056 0.3972 
3337     3337   (0)     33 :  0.0030 0.0106 0.5864 0.0034 0.3966 
3338     3338   (0)     33 :  0.0192 0.0070 0.5844 0.0178 0.3716 
3339     3339   (0)     33 :  0.0060 0.0070 0.5856 0.0092 0.3922 
3340     3340   (0)     33 :  0.0044 0.0060 0.5942 0.0044 0.3910 
3341     3341   (0)     33 :  0.0030 0.0050 0.5926 0.0074 0.3920 
3342     3342   (0)     33 :  0.0056 0.0074 0.5870 0.0052 0.3948 
3343     3343   (0)     33 :  0.0056 0.0224 0.5614 0.0124 0.3982 
3344     3344   (0)     33 :  0.0030 0.0534 0.5776 0.0030 0.3630 
3345     3345   (0)     33 :  0.0024 0.0078 0.5880 0.0068 0.3950 
3346     3346   (0)     33 :  0.0042 0.0232 0.5880 0.0028 0.3818 
3347     3347   (0)     33 :  0.0066 0.0162 0.5846 0.0038 0.3888 
3348     3348   (0)     33 :  0.0038 0.0060 0.5904 0.0094 0.3904 
3349     3349   (0)     33 :  0.0052 0.0082 0.5926 0.0050 0.3890 
3350     3350   (0)     33 :  0.0040 0.0108 0.5874 0.0030 0.3948 
3351     3351   (0)     33 :  0.0038 0.0030 0.5854 0.0044 0.4034 
3352     3352   (0)     33 :  0.0050 0.0038 0.5926 0.0072 0.3914 
3353     3353   (0)     33 :  0.0030 0.0192 0.5942 0.0028 0.3808 
3354     3354   (0)     33 :  0.0020 0.0040 0.5926 0.0064 0.3950 
3355     3355   (0)     33 :  0.0028 0.0060 0.5878 0.0046 0.3988 
3356     3356   (0)     33 :  0.0056 0.0082 0.5892 0.0088 0.3882 
3357     3357   (0)     33 :  0.0042 0.0150 0.5666 0.0064 0.4078 
3358     3358   (0)     33 :  0.0024 0.0038 0.5942 0.0040 0.3956 
3359     3359   (0)     33 :  0.0028 0.0282 0.5810 0.0040 0.3840 
3360     3360   (0)     33 :  0.0052 0.0110 0.5870 0.0060 0.3908 
3361     3361   (0)     33 :  0.0052 0.0128 0.5624 0.0316 0.3880 
3362     3362   (0)     33 :  0.0038 0.0058 0.5866 0.0082 0.3956 
3363     3363   (0)     33 :  0.0028 0.0104 0.5902 0.0038 0.3928 
3364     3364   (0)     33 :  0.0048 0.0086 0.5880 0.0040 0.3946 
3365     3365   (0)     33 :  0.0028 0.0054 0.5922 0.0040 0.3956 
3366     3366   (0)     33 :  0.0034 0.0062 0.5920 0.0030 0.3954 
3367     3367   (0)     33 :  0.0044 0.0510 0.5752 0.0052 0.3642 
3368     3368   (0)     33 :  0.0020 0.0090 0.5940 0.0030 0.3920 
3369     3369   (0)     33 :  0.0048 0.0338 0.5922 0.0038 0.3654 
3370     3370   (0)     33 :  0.0050 0.0618 0.5826 0.0084 0.3421 
3371     3371   (0)     33 :  0.0028 0.0076 0.5912 0.0030 0.3954 
3372     3372   (0)     33 :  0.0044 0.0176 0.5800 0.0144 0.3836 
3373     3373   (0)     33 :  0.0034 0.0082 0.5922 0.0042 0.3920 
3374     3374   (0)     33 :  0.0036 0.0198 0.5880 0.0042 0.3844 
3375     3375   (0)     33 :  0.0054 0.0146 0.5674 0.0264 0.3862 
3376     3376   (0)     33 :  0.0038 0.0098 0.5870 0.0068 0.3926 
3377     3377   (0)     33 :  0.0042 0.0046 0.5924 0.0044 0.3944 
3378     3378   (0)     33 :  0.0064 0.0094 0.5880 0.0078 0.3884 
3379     3379   (0)     33 :  0.0040 0.0056 0.5914 0.0054 0.3936 
3380     3380   (0)     33 :  0.0052 0.0094 0.5916 0.0034 0.3904 
3381     3381   (0)     33 :  0.0044 0.0056 0.5552 0.0818 0.3530 
3382     3382   (0)     33 :  0.0028 0.0058 0.5918 0.0060 0.3936 
3383     3383   (0)     33 :  0.0066 0.0046 0.5552 0.0742 0.3594 
3384     3384   (0)     33 :  0.0038 0.0190 0.5850 0.0052 0.3870 
3385     3385   (0)     33 :  0.0056 0.0042 0.5914 0.0044 0.3944 
3386     3386   (0)     33 :  0.0024 0.0052 0.5932 0.0038 0.3954 
3387     3387   (0)     33 :  0.0032 0.0116 0.5926 0.0044 0.3882 
3388     3388   (0)     33 :  0.0032 0.0064 0.5910 0.0064 0.3930 
3389     3389   (0)     33 :  0.0024 0.0726 0.5924 0.0076 0.3250 
3390     3390   (0)     33 :  0.0034 0.0070 0.5938 0.0134 0.3824 
3391     3391   (0)     33 :  0.0054 0.0072 0.5758 0.0278 0.3838 
3392     3392   (0)     33 :  0.0034 0.0150 0.5964 0.0068 0.3784 
3393     3393   (0)     33 :  0.0056 0.0470 0.5654 0.0042 0.3778 
3394     3394   (0)     33 :  0.0034 0.0078 0.5806 0.0150 0.3932 
3395     3395   (0)     33 :  0.0038 0.0056 0.5920 0.0038 0.3948 
3396     3396   (0)     33 :  0.0048 0.0086 0.5904 0.0076 0.3886 
3397     3397   (0)     33 :  0.0058 0.0190 0.5808 0.0140 0.3804 
3398     3398   (0)     33 :  0.0042 0.0156 0.5858 0.0108 0.3836 
3399     3399   (0)     33 :  0.0038 0.0072 0.5892 0.0044 0.3954 
3400     3400   (0)     33 :  0.0028 0.0076 0.5900 0.0094 0.3902 
3401     3401   (0)     33 :  0.0034 0.0048 0.5916 0.0042 0.3960 
3402     3402   (0)     33 :  0.0028 0.0110 0.5898 0.0036 0.3928 
3403     3403   (0)     33 :  0.0058 0.0076 0.5864 0.0072 0.3930 
3404     3404   (0)     33 :  0.0034 0.0150 0.5894 0.0132 0.3790 
3405     3405   (0)     33 :  0.0034 0.0082 0.5914 0.0032 0.3938 
3406     3406   (0)     33 :  0.0044 0.0066 0.5758 0.0052 0.4080 
3407     3407   (0)     33 :  0.0038 0.0080 0.5888 0.0080 0.3914 
3408     3408   (0)     33 :  0.0044 0.0034 0.5920 0.0064 0.3938 
3409     3409   (0)     33 :  0.0028 0.0090 0.5866 0.0058 0.3958 
3410     3410   (0)     33 :  0.0040 0.0156 0.5662 0.0122 0.4020 
3411     3411   (0)     33 :  0.0026 0.0234 0.6044 0.0046 0.3650 
3412     3412   (0)     33 :  0.0042 0.0148 0.5922 0.0046 0.3842 
3413     3413   (0)     33 :  0.0042 0.0048 0.5914 0.0040 0.3956 
3414     3414   (0)     33 :  0.0044 0.0072 0.5852 0.0054 0.3978 
3415     3415   (0)     33 :  0.0052 0.0036 0.5746 0.0158 0.4008 
3416     3416   (0)     33 :  0.0028 0.0042 0.5942 0.0030 0.3958 
3417     3417   (0)     33 :  0.0028 0.0042 0.5936 0.0038 0.3956 
3418     3418   (0)     33 :  0.0096 0.0086 0.5840 0.0156 0.3822 
3419     3419   (0)     33 :  0.0028 0.0060 0.5888 0.0030 0.3994 
3420     3420   (0)     33 :  0.0034 0.0450 0.5806 0.0024 0.3686 
3421     3421   (0)     33 :  0.0020 0.0062 0.5902 0.0036 0.3980 
3422     3422   (0)     33 :  0.0020 0.0038 0.5798 0.0158 0.3986 
3423     3423   (0)     33 :  0.0024 0.0032 0.5942 0.0048 0.3954 
3424     3424   (0)     33 :  0.0028 0.0076 0.5830 0.0190 0.3876 
3425     3425   (0)     33 :  0.0028 0.0028 0.5914 0.0058 0.3972 
3426     3426   (0)     33 :  0.0028 0.0080 0.5904 0.0062 0.3926 
3427     3427   (0)     33 :  0.0024 0.0046 0.5936 0.0062 0.3932 
3428     3428   (0)     33 :  0.0038 0.0520 0.5476 0.0108 0.3858 
3429     3429   (0)     33 :  0.0028 0.0034 0.5940 0.0030 0.3968 
3430     3430   (0)     33 :  0.0028 0.0046 0.5932 0.0048 0.3946 
3431     3431   (0)     33 :  0.0030 0.0052 0.5872 0.0070 0.3976 
3432     3432   (0)     33 :  0.0060 0.0174 0.5814 0.0070 0.3882 
3433     3433   (0)     33 :  0.0028 0.0076 0.5784 0.0082 0.4030 
3434     3434   (0)     33 :  0.0024 0.0038 0.5926 0.0048 0.3964 
3435     3435   (0)     33 :  0.0024 0.0048 0.5806 0.0226 0.3896 
3436     3436   (0)     33 :  0.0054 0.0086 0.5838 0.0130 0.3892 
3437     3437   (0)     33 :  0.0062 0.0450 0.5860 0.0040 0.3588 
3438     3438   (0)     33 :  0.0062 0.0070 0.5876 0.0056 0.3936 
3439     3439   (0)     33 :  0.0020 0.0056 0.5834 0.0182 0.3908 
3440     3440   (0)     33 :  0.0056 0.0058 0.5856 0.0132 0.3898 
3441     3441   (0)     33 :  0.0032 0.0042 0.5888 0.0108 0.3930 
3442     3442   (0)     33 :  0.0030 0.0074 0.5912 0.0038 0.3946 
3443     3443   (0)     33 :  0.0038 0.0044 0.5810 0.0192 0.3916 
3444     3444   (0)     33 :  0.0038 0.0104 0.5880 0.0062 0.3916 
3445     3445   (0)     33 :  0.0056 0.0070 0.5892 0.0088 0.3894 
3446     3446   (0)     33 :  0.0034 0.0064 0.5884 0.0076 0.3942 
3447     3447   (0)     33 :  0.0038 0.0086 0.5924 0.0040 0.3912 
3448     3448   (0)     33 :  0.0034 0.0184 0.5884 0.0052 0.3846 
3449     3449   (0)     33 :  0.0042 0.0148 0.5886 0.0070 0.3854 
3450     3450   (0)     33 :  0.0048 0.0052 0.5898 0.0114 0.3888 
3451     3451   (0)     33 :  0.0028 0.0152 0.5864 0.0062 0.3894 
3452     3452   (0)     33 :  0.0034 0.0090 0.5950 0.0030 0.3896 
3453     3453   (0)     33 :  0.0054 0.0118 0.5822 0.0214 0.3792 
3454     3454   (0)     33 :  0.0032 0.0046 0.5870 0.0118 0.3934 
3455     3455   (0)     33 :  0.0024 0.0078 0.5936 0.0030 0.3932 
3456     3456   (0)     33 :  0.0036 0.0044 0.5904 0.0166 0.3850 
3457     3457   (0)     33 :  0.0038 0.0256 0.5826 0.0044 0.3836 
3458     3458   (0)     33 :  0.0044 0.0048 0.5972 0.0044 0.3892 
3459     3459   (0)     33 :  0.0028 0.0050 0.5942 0.0038 0.3942 
3460     3460   (0)     33 :  0.0030 0.0120 0.5900 0.0042 0.3908 
3461     3461   (0)     33 :  0.0034 0.0092 0.5894 0.0030 0.3950 
3462     3462   (0)     33 :  0.0054 0.0052 0.5978 0.0024 0.3892 
3463     3463   (0)     33 :  0.0058 0.0280 0.5122 0.1194 0.3346 
3464     3464   (0)     33 :  0.0028 0.0124 0.5884 0.0036 0.3928 
3465     3465   (0)     33 :  0.0030 0.0114 0.5860 0.0084 0.3912 
3466     3466   (0)     33 :  0.0038 0.0214 0.5760 0.0050 0.3938 
3467     3467   (0)     33 :  0.0070 0.0066 0.5892 0.0062 0.3910 
3468     3468   (0)     33 :  0.0028 0.0212 0.5878 0.0030 0.3852 
3469     3469   (0)     33 :  0.0030 0.0118 0.5924 0.0040 0.3888 
3470     3470   (0)     33 :  0.0030 0.0052 0.5910 0.0102 0.3906 
3471     3471   (0)     33 :  0.0080 0.0316 0.5726 0.0198 0.3680 
3472     3472   (0)     33 :  0.0034 0.0112 0.5668 0.0316 0.3870 
3473     3473   (0)     33 :  0.0034 0.0056 0.5936 0.0028 0.3946 
3474     3474   (0)     33 :  0.0106 0.0264 0.5856 0.0038 0.3736 
3475     3475   (0)     33 :  0.0030 0.0036 0.5868 0.0100 0.3966 
3476     3476   (0)     33 :  0.0030 0.0114 0.5734 0.0256 0.3866 
3477     3477   (0)     33 :  0.0034 0.0056 0.5682 0.0384 0.3844 
3478     3478   (0)     33 :  0.0058 0.0548 0.5816 0.0068 0.3511 
3479     3479   (0)     33 :  0.0038 0.0076 0.5872 0.0102 0.3912 
3480     3480   (0)     33 :  0.0042 0.0076 0.5920 0.0050 0.3912 
3481     3481   (0)     33 :  0.0042 0.0064 0.5916 0.0040 0.3938 
3482     3482   (0)     33 :  0.0024 0.0028 0.5964 0.0036 0.3948 
3483     3483   (0)     33 :  0.0034 0.0110 0.5832 0.0074 0.3950 
3484     3484   (0)     33 :  0.0100 0.0090 0.5722 0.0118 0.3970 
3485     3485   (0)     33 :  0.0034 0.0038 0.5960 0.0030 0.3938 
3486     3486   (0)     33 :  0.0052 0.0076 0.5920 0.0036 0.3916 
3487     3487   (0)     33 :  0.0020 0.0126 0.5856 0.0040 0.3958 
3488     3488   (0)     33 :  0.0034 0.1704 0.5268 0.0054 0.2941 
3489     3489   (0)     33 :  0.0028 0.0072 0.5882 0.0148 0.3870 
3490     3490   (0)     33 :  0.0028 0.0064 0.5920 0.0040 0.3948 
3491     3491   (0)     33 :  0.0038 0.0086 0.5812 0.0096 0.3968 
3492     3492   (0)     33 :  0.0042 0.0430 0.5702 0.0058 0.3768 
3493     3493   (0)     33 :  0.0028 0.0234 0.5904 0.0030 0.3804 
3494     3494   (0)     33 :  0.0042 0.0038 0.5926 0.0034 0.3960 
3495     3495   (0)     33 :  0.0034 0.0036 0.5930 0.0064 0.3936 
3496     3496   (0)     33 :  0.0040 0.0216 0.5768 0.0074 0.3902 
3497     3497   (0)     33 :  0.0026 0.0228 0.5810 0.0062 0.3874 
3498     3498   (0)     33 :  0.0058 0.0058 0.5854 0.0090 0.3940 
3499     3499   (0)     33 :  0.0030 0.0242 0.5814 0.0056 0.3858 
3500     3500   (0)     33 :  0.0036 0.0152 0.5898 0.0040 0.3874 
3501     3501   (0)     33 :  0.0040 0.0038 0.5920 0.0030 0.3972 
3502     3502   (0)     33 :  0.0038 0.0204 0.5872 0.0074 0.3812 
3503     3503   (0)     33 :  0.0038 0.0114 0.5894 0.0038 0.3916 
3504     3504   (0)     33 :  0.0044 0.0042 0.5892 0.0068 0.3954 
3505     3505   (0)     33 :  0.0040 0.0038 0.5878 0.0044 0.4000 
3506     3506   (0)     33 :  0.0034 0.0196 0.5786 0.0142 0.3842 
3507     3507   (0)     33 :  0.0038 0.0064 0.5878 0.0070 0.3950 
3508     3508   (0)     33 :  0.0042 0.0066 0.5928 0.0028 0.3936 
3509     3509   (0)     33 :  0.0056 0.0044 0.5886 0.0070 0.3944 
3510     3510   (0)     33 :  0.0032 0.0198 0.5902 0.0038 0.3830 
3511     3511   (0)     33 :  0.0030 0.0048 0.5822 0.0176 0.3924 
3512     3512   (0)     33 :  0.0038 0.0058 0.5838 0.0282 0.3784 
3513     3513   (0)     33 :  0.0060 0.1534 0.4800 0.0120 0.3486 
3514     3514   (0)     33 :  0.0030 0.0046 0.5816 0.0192 0.3916 
3515     3515   (0)     33 :  0.0130 0.0068 0.5802 0.0052 0.3948 
3516     3516   (0)     33 :  0.0030 0.0104 0.5870 0.0090 0.3906 
3517     3517   (0)     33 :  0.0030 0.0064 0.5910 0.0030 0.3966 
3518     3518   (0)     33 :  0.0038 0.0332 0.5846 0.0092 0.3692 
3519     3519   (0)     33 :  0.0038 0.0078 0.5892 0.0052 0.3940 
3520     3520   (0)     33 :  0.0046 0.0034 0.5848 0.0178 0.3894 
3521     3521   (0)     33 :  0.0028 0.0216 0.5868 0.0050 0.3838 
3522     3522   (0)     33 :  0.0034 0.0042 0.5906 0.0054 0.3964 
3523     3523   (0)     33 :  0.0064 0.0072 0.5872 0.0062 0.3930 
3524     3524   (0)     33 :  0.0038 0.0160 0.5826 0.0112 0.3864 
3525     3525   (0)     33 :  0.0030 0.0038 0.5834 0.0042 0.4056 
3526     3526   (0)     33 :  0.0042 0.0088 0.5918 0.0044 0.3908 
3527     3527   (0)     33 :  0.0046 0.0098 0.5950 0.0088 0.3818 
3528     3528   (0)     33 :  0.0028 0.0060 0.5892 0.0088 0.3932 
3529     3529   (0)     33 :  0.0020 0.0120 0.5914 0.0028 0.3918 
3530     3530   (0)     33 :  0.0046 0.0076 0.5886 0.0136 0.3856 
3531     3531   (0)     33 :  0.0048 0.0066 0.5824 0.0070 0.3992 
3532     3532   (0)     33 :  0.0066 0.0082 0.5876 0.0048 0.3928 
3533     3533   (0)     33 :  0.0024 0.0552 0.6196 0.0046 0.3181 
3534     3534   (0)     33 :  0.0038 0.0534 0.5740 0.0078 0.3610 
3535     3535   (0)     33 :  0.0020 0.0080 0.5926 0.0038 0.3936 
3536     3536   (0)     33 :  0.0048 0.1259 0.5634 0.0044 0.3015 
3537     3537   (0)     33 :  0.0030 0.0038 0.5910 0.0042 0.3980 
3538     3538   (0)     33 :  0.0020 0.0092 0.5938 0.0036 0.3914 
3539     3539   (0)     33 :  0.0060 0.0092 0.5948 0.0034 0.3866 
3540     3540   (0)     33 :  0.0032 0.0062 0.5960 0.0048 0.3898 
3541     3541   (0)     33 :  0.0056 0.0038 0.5904 0.0070 0.3932 
3542     3542   (0)     33 :  0.0050 0.0166 0.5828 0.0142 0.3814 
3543     3543   (0)     33 :  0.0048 0.0220 0.5880 0.0046 0.3806 
3544     3544   (0)     33 :  0.0030 0.0040 0.5924 0.0064 0.3942 
3545     3545   (0)     33 :  0.0038 0.0060 0.5918 0.0048 0.3936 
3546     3546   (0)     33 :  0.0028 0.0050 0.5878 0.0146 0.3898 
3547     3547   (0)     33 :  0.0040 0.0072 0.5916 0.0040 0.3932 
3548     3548   (0)     33 :  0.0052 0.0172 0.5886 0.0054 0.3836 
3549     3549   (0)     33 :  0.0034 0.0068 0.5934 0.0032 0.3932 
3550     3550   (0)     33 :  0.0046 0.0042 0.5824 0.0232 0.3856 
3551     3551   (0)     33 :  0.0020 0.0326 0.5748 0.0114 0.3792 
3552     3552   (0)     33 :  0.0052 0.0444 0.5666 0.0076 0.3762 
3553     3553   (0)     33 :  0.0034 0.0340 0.5900 0.0060 0.3666 
3554     3554   (0)     33 :  0.0048 0.0086 0.5872 0.0062 0.3932 
3555     3555   (0)     33 :  0.0056 0.0102 0.5848 0.0092 0.3902 
3556     3556   (0)     33 :  0.0044 0.0084 0.5798 0.0050 0.4024 
3557     3557   (0)     33 :  0.0034 0.0034 0.5942 0.0088 0.3902 
3558     3558   (0)     33 :  0.0038 0.0184 0.5870 0.0038 0.3870 
3559     3559   (0)     33 :  0.0036 0.0102 0.5914 0.0064 0.3884 
3560     3560   (0)     33 :  0.0058 0.0040 0.5706 0.0148 0.4048 
3561     3561   (0)     33 :  0.0028 0.0044 0.5902 0.0048 0.3978 
3562     3562   (0)     33 :  0.0038 0.0148 0.5890 0.0056 0.3868 
3563     3563   (0)     33 :  0.0028 0.0068 0.5924 0.0030 0.3950 
3564     3564   (0)     33 :  0.0030 0.0084 0.5810 0.0182 0.3894 
3565     3565   (0)     33 :  0.0030 0.0040 0.5912 0.0030 0.3988 
3566     3566   (0)     33 :  0.0048 0.0034 0.5938 0.0134 0.3846 
3567     3567   (0)     33 :  0.0030 0.0278 0.5748 0.0048 0.3896 
3568     3568   (0)     33 :  0.0028 0.0028 0.5920 0.0064 0.3960 
3569     3569   (0)     33 :  0.0038 0.0050 0.5878 0.0124 0.3910 
3570     3570   (0)     33 :  0.0034 0.0518 0.5814 0.0036 0.3598 
3571     3571   (0)     33 :  0.0048 0.0070 0.5892 0.0040 0.3950 
3572     3572   (0)     33 :  0.0042 0.0054 0.5926 0.0028 0.3950 
3573     3573   (0)     33 :  0.0044 0.0048 0.5902 0.0110 0.3896 
3574     3574   (0)     33 :  0.0048 0.0046 0.5932 0.0050 0.3924 
3575     3575   (0)     33 :  0.0032 0.0058 0.5922 0.0044 0.3944 
3576     3576   (0)     33 :  0.0058 0.0146 0.5876 0.0034 0.3886 
3577     3577   (0)     33 :  0.0032 0.0104 0.5858 0.0132 0.3874 
3578     3578   (0)     33 :  0.0040 0.0638 0.5710 0.0066 0.3546 
3579     3579   (0)     33 :  0.0024 0.0070 0.5928 0.0034 0.3944 
3580     3580   (0)     33 :  0.0030 0.0658 0.5358 0.0156 0.3798 
3581     3581   (0)     33 :  0.0162 0.0148 0.5746 0.0084 0.3860 
3582     3582   (0)     33 :  0.0052 0.0066 0.5904 0.0058 0.3920 
3583     3583   (0)     33 :  0.0034 0.0092 0.5924 0.0042 0.3908 
3584     3584   (0)     33 :  0.0038 0.0210 0.5874 0.0038 0.3840 
3585     3585   (0)     33 :  0.0090 0.0078 0.5860 0.0060 0.3912 
3586     3586   (0)     33 :  0.0024 0.0130 0.5928 0.0038 0.3880 
3587     3587   (0)     33 :  0.0040 0.0082 0.6036 0.0086 0.3756 
3588     3588   (0)     33 :  0.0042 0.0050 0.5830 0.0218 0.3860 
3589     3589   (0)     33 :  0.0038 0.0200 0.5636 0.0368 0.3758 
3590     3590   (0)     33 :  0.0030 0.0048 0.5848 0.0040 0.4034 
3591     3591   (0)     33 :  0.0038 0.0060 0.5920 0.0030 0.3952 
3592     3592   (0)     33 :  0.0066 0.0312 0.5736 0.0034 0.3852 
