1 1 (5) 1 : 0.990 0.010
2 2 (5) 1 : 0.972 0.028
3 3 (5) 1 : 0.992 0.008
4 4 (0) 1 : 0.989 0.011
5 5 (0) 1 : 0.963 0.037
6 6 (0) 1 : 0.991 0.009
7 7 (0) 1 : 0.973 0.027
8 8 (5) 1 : 0.991 0.009
9 9 (0) 1 : 0.992 0.008
10 10 (0) 1 : 0.980 0.020
11 11 (0) 1 : 0.989 0.011
12 12 (0) 1 : 0.982 0.018
13 13 (0) 1 : 0.984 0.016
14 14 (0) 1 : 0.990 0.010
15 15 (0) 1 : 0.992 0.008
16 16 (0) 1 : 0.993 0.007
17 17 (0) 1 : 0.994 0.006
18 18 (0) 1 : 0.983 0.017
19 19 (0) 1 : 0.972 0.028
20 20 (0) 1 : 0.974 0.026
21 21 (0) 1 : 0.989 0.011
22 22 (0) 1 : 0.994 0.006
23 23 (0) 1 : 0.993 0.007
24 24 (0) 1 : 0.981 0.019
25 25 (0) 1 : 0.972 0.028
26 26 (0) 1 : 0.982 0.018
27 27 (5) 1 : 0.986 0.014
28 28 (0) 1 : 0.994 0.006
29 29 (0) 1 : 0.992 0.008
30 30 (0) 1 : 0.982 0.018
31 31 (0) 1 : 0.993 0.007
32 32 (0) 1 : 0.982 0.018
33 33 (0) 1 : 0.993 0.007
34 34 (0) 1 : 0.993 0.007
35 35 (0) 1 : 0.984 0.016
36 36 (0) 1 : 0.987 0.013
37 37 (0) 1 : 0.981 0.019
38 38 (0) 1 : 0.980 0.020
39 39 (0) 1 : 0.975 0.025
40 40 (0) 1 : 0.987 0.013
41 41 (0) 1 : 0.990 0.010
42 42 (0) 1 : 0.994 0.006
43 43 (0) 1 : 0.992 0.008
44 44 (0) 1 : 0.995 0.005
45 45 (5) 1 : 0.983 0.017
46 46 (0) 1 : 0.995 0.005
47 47 (0) 1 : 0.994 0.006
48 48 (0) 1 : 0.990 0.010
49 49 (0) 1 : 0.977 0.023
50 50 (0) 1 : 0.991 0.009
51 51 (0) 1 : 0.980 0.020
52 52 (0) 1 : 0.929 0.071
53 53 (0) 1 : 0.991 0.009
54 54 (0) 1 : 0.994 0.006
55 55 (0) 1 : 0.992 0.008
56 56 (0) 1 : 0.992 0.008
57 57 (10) 1 : 0.986 0.014
58 58 (5) 1 : 0.989 0.011
59 59 (0) 1 : 0.988 0.012
60 60 (0) 1 : 0.993 0.007
61 61 (0) 1 : 0.991 0.009
62 62 (0) 1 : 0.992 0.008
63 63 (0) 1 : 0.991 0.009
64 64 (0) 1 : 0.993 0.007
65 65 (0) 1 : 0.948 0.052
66 66 (0) 1 : 0.992 0.008
67 67 (5) 1 : 0.973 0.027
68 68 (0) 1 : 0.990 0.010
69 69 (0) 1 : 0.993 0.007
70 70 (0) 1 : 0.991 0.009
71 71 (5) 1 : 0.987 0.013
72 72 (0) 1 : 0.971 0.029
73 73 (5) 1 : 0.993 0.007
74 74 (10) 1 : 0.983 0.017
75 75 (10) 1 : 0.964 0.036
76 76 (0) 1 : 0.990 0.010
77 77 (10) 1 : 0.988 0.012
78 78 (0) 1 : 0.983 0.017
79 79 (5) 1 : 0.992 0.008
80 80 (0) 1 : 0.993 0.007
81 81 (0) 1 : 0.992 0.008
82 82 (0) 1 : 0.992 0.008
83 83 (0) 1 : 0.990 0.010
84 84 (0) 1 : 0.983 0.017
85 85 (0) 1 : 0.993 0.007
86 86 (5) 1 : 0.990 0.010
87 87 (0) 1 : 0.992 0.008
88 88 (0) 1 : 0.978 0.022
89 89 (0) 1 : 0.954 0.046
90 90 (0) 1 : 0.992 0.008
91 91 (0) 1 : 0.989 0.011
92 92 (0) 1 : 0.991 0.009
93 93 (0) 1 : 0.993 0.007
94 94 (5) 1 : 0.972 0.028
95 95 (0) 1 : 0.988 0.012
96 96 (5) 1 : 0.991 0.009
97 97 (0) 1 : 0.994 0.006
98 98 (0) 1 : 0.985 0.015
99 99 (5) 1 : 0.988 0.012
100 100 (5) 1 : 0.993 0.007
101 101 (0) 2 : 0.983 0.017
102 102 (0) 2 : 0.988 0.012
103 103 (0) 2 : 0.990 0.010
104 104 (0) 2 : 0.995 0.005
105 105 (0) 2 : 0.986 0.014
106 106 (0) 2 : 0.987 0.013
107 107 (0) 2 : 0.994 0.006
108 108 (0) 2 : 0.989 0.011
109 109 (0) 2 : 0.990 0.010
110 110 (0) 2 : 0.978 0.022
111 111 (0) 2 : 0.990 0.010
112 112 (0) 2 : 0.962 0.038
113 113 (0) 2 : 0.963 0.037
114 114 (0) 2 : 0.993 0.007
115 115 (0) 2 : 0.987 0.013
116 116 (0) 2 : 0.993 0.007
117 117 (0) 2 : 0.975 0.025
118 118 (0) 2 : 0.992 0.008
119 119 (0) 2 : 0.958 0.042
120 120 (0) 2 : 0.993 0.007
121 121 (0) 2 : 0.990 0.010
122 122 (0) 2 : 0.987 0.013
123 123 (0) 2 : 0.993 0.007
124 124 (0) 2 : 0.973 0.027
125 125 (0) 2 : 0.983 0.017
126 126 (0) 2 : 0.992 0.008
127 127 (0) 2 : 0.989 0.011
128 128 (0) 2 : 0.990 0.010
129 129 (0) 2 : 0.981 0.019
130 130 (0) 2 : 0.988 0.012
131 131 (0) 2 : 0.972 0.028
132 132 (0) 2 : 0.988 0.012
133 133 (0) 2 : 0.982 0.018
134 134 (0) 2 : 0.974 0.026
135 135 (0) 2 : 0.992 0.008
136 136 (0) 2 : 0.964 0.036
137 137 (0) 2 : 0.990 0.010
138 138 (0) 2 : 0.994 0.006
139 139 (0) 2 : 0.970 0.030
140 140 (0) 2 : 0.994 0.006
141 141 (0) 2 : 0.971 0.029
142 142 (0) 2 : 0.988 0.012
143 143 (0) 2 : 0.990 0.010
144 144 (0) 2 : 0.971 0.029
145 145 (0) 2 : 0.990 0.010
146 146 (0) 2 : 0.992 0.008
147 147 (0) 2 : 0.991 0.009
148 148 (0) 2 : 0.987 0.013
149 149 (0) 2 : 0.994 0.006
150 150 (0) 2 : 0.994 0.006
151 151 (0) 2 : 0.987 0.013
152 152 (0) 2 : 0.990 0.010
153 153 (0) 2 : 0.992 0.008
154 154 (0) 2 : 0.992 0.008
155 155 (0) 2 : 0.986 0.014
156 156 (0) 2 : 0.993 0.007
157 157 (0) 2 : 0.990 0.010
158 158 (0) 2 : 0.995 0.005
159 159 (0) 2 : 0.992 0.008
160 160 (0) 2 : 0.988 0.012
161 161 (0) 2 : 0.981 0.019
162 162 (0) 2 : 0.988 0.012
163 163 (0) 2 : 0.931 0.069
164 164 (0) 2 : 0.973 0.027
165 165 (0) 2 : 0.992 0.008
166 166 (0) 2 : 0.992 0.008
167 167 (0) 2 : 0.994 0.006
168 168 (0) 2 : 0.984 0.016
169 169 (0) 2 : 0.993 0.007
170 170 (0) 2 : 0.992 0.008
171 171 (0) 2 : 0.991 0.009
172 172 (0) 2 : 0.990 0.010
173 173 (0) 2 : 0.992 0.008
174 174 (0) 2 : 0.986 0.014
175 175 (0) 2 : 0.986 0.014
176 176 (0) 2 : 0.984 0.016
177 177 (0) 2 : 0.978 0.022
178 178 (0) 2 : 0.977 0.023
179 179 (0) 2 : 0.986 0.014
180 180 (0) 2 : 0.992 0.008
181 181 (0) 2 : 0.990 0.010
182 182 (0) 2 : 0.992 0.008
183 183 (0) 2 : 0.984 0.016
184 184 (0) 2 : 0.983 0.017
185 185 (0) 2 : 0.991 0.009
186 186 (0) 2 : 0.985 0.015
187 187 (0) 2 : 0.992 0.008
188 188 (0) 2 : 0.991 0.009
189 189 (0) 2 : 0.991 0.009
190 190 (0) 2 : 0.994 0.006
191 191 (0) 2 : 0.987 0.013
192 192 (0) 2 : 0.977 0.023
193 193 (0) 2 : 0.993 0.007
194 194 (0) 2 : 0.966 0.034
195 195 (0) 2 : 0.993 0.007
196 196 (0) 2 : 0.983 0.017
197 197 (0) 2 : 0.989 0.011
198 198 (0) 2 : 0.991 0.009
199 199 (0) 2 : 0.987 0.013
200 200 (0) 2 : 0.986 0.014
201 201 (0) 2 : 0.992 0.008
202 202 (0) 2 : 0.987 0.013
203 203 (0) 2 : 0.986 0.014
204 204 (0) 2 : 0.993 0.007
205 205 (0) 2 : 0.979 0.021
206 206 (0) 2 : 0.963 0.037
207 207 (0) 2 : 0.992 0.008
208 208 (0) 2 : 0.992 0.008
209 209 (0) 2 : 0.985 0.015
210 210 (0) 2 : 0.989 0.011
211 211 (0) 2 : 0.992 0.008
212 212 (0) 2 : 0.992 0.008
213 213 (0) 2 : 0.994 0.006
214 214 (0) 2 : 0.993 0.007
215 215 (0) 2 : 0.968 0.032
216 216 (0) 2 : 0.985 0.015
217 217 (0) 2 : 0.993 0.007
218 218 (0) 2 : 0.978 0.022
219 219 (0) 2 : 0.974 0.026
220 220 (0) 2 : 0.975 0.025
221 221 (0) 2 : 0.989 0.011
222 222 (0) 2 : 0.996 0.004
223 223 (0) 2 : 0.987 0.013
224 224 (0) 2 : 0.994 0.006
225 225 (0) 2 : 0.994 0.006
226 226 (0) 2 : 0.986 0.014
227 227 (0) 2 : 0.993 0.007
228 228 (0) 2 : 0.993 0.007
229 229 (0) 2 : 0.988 0.012
230 230 (0) 2 : 0.992 0.008
231 231 (0) 2 : 0.995 0.005
232 232 (0) 2 : 0.987 0.013
233 233 (0) 2 : 0.988 0.012
234 234 (0) 2 : 0.991 0.009
235 235 (0) 2 : 0.990 0.010
236 236 (0) 2 : 0.994 0.006
237 237 (0) 2 : 0.976 0.024
238 238 (0) 2 : 0.993 0.007
239 239 (0) 2 : 0.990 0.010
240 240 (0) 2 : 0.973 0.027
241 241 (0) 2 : 0.993 0.007
242 242 (0) 2 : 0.991 0.009
243 243 (0) 2 : 0.994 0.006
244 244 (0) 2 : 0.991 0.009
245 245 (0) 2 : 0.991 0.009
246 246 (0) 2 : 0.979 0.021
247 247 (0) 2 : 0.971 0.029
248 248 (0) 2 : 0.995 0.005
249 249 (0) 2 : 0.993 0.007
250 250 (0) 2 : 0.988 0.012
251 251 (0) 2 : 0.993 0.007
252 252 (0) 2 : 0.989 0.011
253 253 (0) 2 : 0.992 0.008
254 254 (0) 2 : 0.992 0.008
255 255 (0) 2 : 0.987 0.013
256 256 (0) 2 : 0.991 0.009
257 257 (0) 2 : 0.988 0.012
258 258 (0) 2 : 0.985 0.015
259 259 (0) 2 : 0.990 0.010
260 260 (0) 2 : 0.993 0.007
261 261 (0) 2 : 0.989 0.011
262 262 (0) 2 : 0.991 0.009
263 263 (0) 2 : 0.993 0.007
264 264 (0) 2 : 0.993 0.007
265 265 (0) 2 : 0.986 0.014
266 266 (0) 2 : 0.991 0.009
267 267 (0) 2 : 0.988 0.012
268 268 (0) 2 : 0.979 0.021
269 269 (0) 2 : 0.991 0.009
270 270 (0) 2 : 0.986 0.014
271 271 (0) 2 : 0.995 0.005
272 272 (0) 2 : 0.992 0.008
273 273 (0) 2 : 0.983 0.017
274 274 (0) 2 : 0.994 0.006
275 275 (0) 2 : 0.990 0.010
276 276 (0) 2 : 0.984 0.016
277 277 (0) 2 : 0.993 0.007
278 278 (0) 2 : 0.985 0.015
279 279 (0) 2 : 0.994 0.006
280 280 (0) 2 : 0.992 0.008
281 281 (0) 2 : 0.980 0.020
282 282 (0) 2 : 0.989 0.011
283 283 (0) 2 : 0.994 0.006
284 284 (0) 2 : 0.988 0.012
285 285 (0) 2 : 0.987 0.013
286 286 (0) 2 : 0.988 0.012
287 287 (0) 2 : 0.990 0.010
288 288 (0) 2 : 0.970 0.030
289 289 (0) 2 : 0.993 0.007
290 290 (0) 2 : 0.989 0.011
291 291 (0) 2 : 0.988 0.012
292 292 (0) 2 : 0.987 0.013
293 293 (0) 2 : 0.972 0.028
294 294 (0) 2 : 0.978 0.022
295 295 (0) 2 : 0.990 0.010
296 296 (0) 2 : 0.992 0.008
297 297 (0) 2 : 0.979 0.021
298 298 (0) 2 : 0.994 0.006
299 299 (0) 2 : 0.988 0.012
300 300 (0) 2 : 0.955 0.045
301 301 (0) 2 : 0.989 0.011
302 302 (0) 2 : 0.994 0.006
303 303 (0) 2 : 0.992 0.008
304 304 (0) 2 : 0.986 0.014
305 305 (0) 2 : 0.993 0.007
306 306 (0) 2 : 0.992 0.008
307 307 (0) 2 : 0.990 0.010
308 308 (0) 2 : 0.987 0.013
309 309 (0) 2 : 0.992 0.008
310 310 (0) 2 : 0.994 0.006
311 311 (0) 2 : 0.962 0.038
312 312 (0) 2 : 0.990 0.010
313 313 (0) 2 : 0.990 0.010
314 314 (0) 2 : 0.993 0.007
315 315 (0) 2 : 0.974 0.026
316 316 (0) 2 : 0.978 0.022
317 317 (0) 2 : 0.994 0.006
318 318 (0) 2 : 0.994 0.006
319 319 (0) 2 : 0.992 0.008
320 320 (0) 2 : 0.993 0.007
321 321 (0) 2 : 0.988 0.012
322 322 (0) 2 : 0.984 0.016
323 323 (0) 2 : 0.988 0.012
324 324 (0) 2 : 0.992 0.008
325 325 (0) 2 : 0.991 0.009
326 326 (0) 2 : 0.995 0.005
327 327 (0) 2 : 0.992 0.008
328 328 (0) 2 : 0.990 0.010
329 329 (0) 2 : 0.969 0.031
330 330 (0) 2 : 0.987 0.013
331 331 (0) 2 : 0.992 0.008
332 332 (0) 2 : 0.992 0.008
333 333 (0) 2 : 0.981 0.019
334 334 (0) 2 : 0.992 0.008
335 335 (0) 2 : 0.993 0.007
336 336 (0) 2 : 0.994 0.006
337 337 (0) 2 : 0.986 0.014
338 338 (0) 2 : 0.989 0.011
339 339 (0) 2 : 0.985 0.015
340 340 (0) 2 : 0.993 0.007
341 341 (0) 2 : 0.989 0.011
342 342 (0) 2 : 0.994 0.006
343 343 (0) 2 : 0.986 0.014
344 344 (0) 2 : 0.980 0.020
345 345 (0) 2 : 0.994 0.006
346 346 (0) 2 : 0.993 0.007
347 347 (0) 2 : 0.994 0.006
348 348 (0) 2 : 0.992 0.008
349 349 (0) 2 : 0.967 0.033
350 350 (0) 2 : 0.990 0.010
351 351 (0) 2 : 0.990 0.010
352 352 (0) 2 : 0.994 0.006
353 353 (0) 2 : 0.991 0.009
354 354 (0) 2 : 0.993 0.007
355 355 (0) 2 : 0.986 0.014
356 356 (0) 2 : 0.986 0.014
357 357 (0) 2 : 0.994 0.006
358 358 (0) 2 : 0.992 0.008
359 359 (0) 2 : 0.991 0.009
360 360 (0) 2 : 0.988 0.012
361 361 (0) 2 : 0.980 0.020
362 362 (0) 2 : 0.972 0.028
363 363 (0) 2 : 0.993 0.007
364 364 (0) 2 : 0.973 0.027
365 365 (0) 2 : 0.986 0.014
366 366 (0) 2 : 0.994 0.006
367 367 (0) 2 : 0.989 0.011
368 368 (0) 2 : 0.992 0.008
369 369 (0) 2 : 0.986 0.014
370 370 (0) 2 : 0.996 0.004
371 371 (0) 2 : 0.986 0.014
372 372 (0) 2 : 0.994 0.006
373 373 (0) 2 : 0.993 0.007
374 374 (0) 2 : 0.986 0.014
375 375 (0) 2 : 0.993 0.007
376 376 (0) 2 : 0.990 0.010
377 377 (0) 2 : 0.990 0.010
378 378 (0) 2 : 0.988 0.012
379 379 (0) 2 : 0.969 0.031
380 380 (0) 2 : 0.983 0.017
381 381 (0) 2 : 0.980 0.020
382 382 (0) 2 : 0.978 0.022
383 383 (0) 2 : 0.935 0.065
384 384 (0) 2 : 0.989 0.011
385 385 (0) 2 : 0.962 0.038
386 386 (0) 2 : 0.994 0.006
387 387 (0) 2 : 0.991 0.009
388 388 (0) 2 : 0.983 0.017
389 389 (0) 2 : 0.976 0.024
390 390 (0) 2 : 0.992 0.008
391 391 (0) 2 : 0.987 0.013
392 392 (0) 2 : 0.987 0.013
393 393 (0) 2 : 0.990 0.010
394 394 (0) 2 : 0.983 0.017
395 395 (0) 2 : 0.805 0.195
396 396 (0) 2 : 0.990 0.010
397 397 (0) 2 : 0.989 0.011
398 398 (0) 2 : 0.961 0.039
399 399 (0) 2 : 0.990 0.010
400 400 (0) 2 : 0.990 0.010
401 401 (0) 2 : 0.991 0.009
402 402 (0) 2 : 0.995 0.005
403 403 (0) 2 : 0.993 0.007
404 404 (0) 2 : 0.994 0.006
405 405 (0) 2 : 0.992 0.008
406 406 (0) 2 : 0.952 0.048
407 407 (0) 2 : 0.994 0.006
408 408 (0) 2 : 0.992 0.008
409 409 (0) 2 : 0.988 0.012
410 410 (0) 2 : 0.961 0.039
411 411 (0) 2 : 0.991 0.009
412 412 (0) 2 : 0.989 0.011
413 413 (0) 2 : 0.987 0.013
414 414 (0) 2 : 0.989 0.011
415 415 (0) 2 : 0.993 0.007
416 416 (0) 2 : 0.976 0.024
417 417 (0) 2 : 0.990 0.010
418 418 (0) 2 : 0.989 0.011
419 419 (0) 2 : 0.987 0.013
420 420 (0) 2 : 0.994 0.006
421 421 (0) 2 : 0.983 0.017
422 422 (0) 2 : 0.987 0.013
423 423 (0) 2 : 0.994 0.006
424 424 (0) 2 : 0.992 0.008
425 425 (0) 2 : 0.951 0.049
426 426 (0) 2 : 0.980 0.020
427 427 (0) 2 : 0.990 0.010
428 428 (0) 2 : 0.982 0.018
429 429 (0) 2 : 0.980 0.020
430 430 (0) 2 : 0.994 0.006
431 431 (0) 2 : 0.992 0.008
432 432 (0) 2 : 0.993 0.007
433 433 (0) 2 : 0.988 0.012
434 434 (0) 2 : 0.974 0.026
435 435 (0) 2 : 0.986 0.014
436 436 (0) 2 : 0.990 0.010
437 437 (0) 2 : 0.994 0.006
438 438 (0) 2 : 0.992 0.008
439 439 (0) 2 : 0.991 0.009
440 440 (0) 2 : 0.994 0.006
441 441 (0) 2 : 0.995 0.005
442 442 (0) 2 : 0.987 0.013
443 443 (0) 2 : 0.990 0.010
444 444 (0) 2 : 0.923 0.077
445 445 (0) 2 : 0.992 0.008
446 446 (0) 2 : 0.992 0.008
447 447 (0) 2 : 0.994 0.006
448 448 (0) 2 : 0.990 0.010
449 449 (0) 2 : 0.995 0.005
450 450 (0) 2 : 0.990 0.010
451 451 (0) 2 : 0.975 0.025
452 452 (0) 2 : 0.957 0.043
453 453 (0) 2 : 0.993 0.007
454 454 (0) 2 : 0.994 0.006
455 455 (0) 2 : 0.987 0.013
456 456 (0) 2 : 0.992 0.008
457 457 (0) 2 : 0.994 0.006
458 458 (0) 2 : 0.991 0.009
459 459 (0) 2 : 0.982 0.018
460 460 (0) 2 : 0.986 0.014
461 461 (0) 2 : 0.993 0.007
462 462 (0) 2 : 0.984 0.016
463 463 (0) 2 : 0.992 0.008
464 464 (0) 2 : 0.991 0.009
465 465 (0) 2 : 0.987 0.013
466 466 (0) 2 : 0.990 0.010
467 467 (0) 2 : 0.984 0.016
468 468 (0) 2 : 0.991 0.009
469 469 (0) 2 : 0.991 0.009
470 470 (0) 2 : 0.989 0.011
471 471 (0) 2 : 0.991 0.009
472 472 (0) 2 : 0.986 0.014
473 473 (0) 2 : 0.993 0.007
474 474 (0) 2 : 0.982 0.018
475 475 (0) 2 : 0.991 0.009
476 476 (0) 2 : 0.983 0.017
477 477 (0) 2 : 0.983 0.017
478 478 (0) 2 : 0.990 0.010
479 479 (0) 2 : 0.991 0.009
480 480 (0) 2 : 0.993 0.007
481 481 (0) 2 : 0.988 0.012
482 482 (0) 2 : 0.968 0.032
483 483 (0) 2 : 0.991 0.009
484 484 (0) 2 : 0.992 0.008
485 485 (0) 2 : 0.991 0.009
486 486 (0) 2 : 0.993 0.007
487 487 (0) 2 : 0.989 0.011
488 488 (0) 2 : 0.976 0.024
489 489 (0) 2 : 0.995 0.005
490 490 (0) 2 : 0.994 0.006
491 491 (0) 2 : 0.985 0.015
492 492 (0) 2 : 0.938 0.062
493 493 (0) 2 : 0.987 0.013
494 494 (0) 2 : 0.993 0.007
495 495 (0) 2 : 0.992 0.008
496 496 (0) 2 : 0.986 0.014
497 497 (0) 2 : 0.979 0.021
498 498 (0) 2 : 0.992 0.008
499 499 (0) 2 : 0.989 0.011
500 500 (0) 2 : 0.995 0.005
501 501 (0) 3 : 0.888 0.112
502 502 (0) 3 : 0.994 0.006
503 503 (0) 3 : 0.853 0.147
504 504 (0) 3 : 0.851 0.149
505 505 (0) 3 : 0.801 0.199
506 506 (0) 3 : 0.909 0.091
507 507 (0) 3 : 0.943 0.057
508 508 (0) 3 : 0.889 0.111
509 509 (0) 3 : 0.873 0.127
510 510 (0) 3 : 0.887 0.113
511 511 (0) 3 : 0.874 0.126
512 512 (0) 3 : 0.817 0.183
513 513 (0) 3 : 0.879 0.121
514 514 (0) 3 : 0.800 0.200
515 515 (0) 3 : 0.950 0.050
516 516 (0) 3 : 0.988 0.012
517 517 (0) 3 : 0.986 0.014
518 518 (0) 3 : 0.986 0.014
519 519 (0) 3 : 0.929 0.071
520 520 (0) 3 : 0.977 0.023
521 521 (0) 3 : 0.858 0.142
522 522 (0) 3 : 0.947 0.053
523 523 (0) 3 : 0.921 0.079
524 524 (0) 3 : 0.939 0.061
525 525 (0) 3 : 0.786 0.214
526 526 (0) 3 : 0.955 0.045
527 527 (0) 3 : 0.870 0.130
528 528 (0) 3 : 0.911 0.089
529 529 (0) 3 : 0.923 0.077
530 530 (0) 3 : 0.923 0.077
531 531 (0) 3 : 0.968 0.032
532 532 (0) 3 : 0.978 0.022
533 533 (0) 3 : 0.735 0.265
534 534 (0) 3 : 0.967 0.033
535 535 (0) 3 : 0.895 0.105
536 536 (0) 3 : 0.938 0.062
537 537 (0) 3 : 0.982 0.018
538 538 (0) 3 : 0.750 0.250
539 539 (0) 3 : 0.957 0.043
540 540 (0) 3 : 0.909 0.091
541 541 (0) 3 : 0.982 0.018
542 542 (0) 3 : 0.895 0.105
543 543 (0) 3 : 0.947 0.053
544 544 (0) 3 : 0.889 0.111
545 545 (0) 3 : 0.878 0.122
546 546 (0) 3 : 0.733 0.267
547 547 (0) 3 : 0.989 0.011
548 548 (0) 3 : 0.789 0.211
549 549 (0) 3 : 0.802 0.198
550 550 (0) 3 : 0.938 0.062
551 551 (0) 3 : 0.983 0.017
552 552 (0) 3 : 0.969 0.031
553 553 (0) 3 : 0.749 0.251
554 554 (0) 3 : 0.949 0.051
555 555 (0) 3 : 0.844 0.156
556 556 (0) 3 : 0.978 0.022
557 557 (0) 3 : 0.977 0.023
558 558 (0) 3 : 0.924 0.076
559 559 (0) 3 : 0.982 0.018
560 560 (0) 3 : 0.913 0.087
561 561 (0) 3 : 0.992 0.008
562 562 (0) 3 : 0.904 0.096
563 563 (0) 3 : 0.743 0.257
564 564 (0) 3 : 0.871 0.129
565 565 (0) 3 : 0.975 0.025
566 566 (0) 3 : 0.928 0.072
567 567 (0) 3 : 0.993 0.007
568 568 (0) 3 : 0.940 0.060
569 569 (0) 3 : 0.864 0.136
570 570 (0) 3 : 0.990 0.010
571 571 (0) 3 : 0.867 0.133
572 572 (0) 3 : 0.913 0.087
573 573 (0) 3 : 0.745 0.255
574 574 (0) 3 : 0.844 0.156
575 575 (0) 3 : 0.938 0.062
576 576 (0) 3 : 0.937 0.063
577 577 (0) 3 : 0.848 0.152
578 578 (0) 3 : 0.872 0.128
579 579 (0) 3 : 0.960 0.040
580 580 (0) 3 : 0.929 0.071
581 581 (0) 3 : 0.927 0.073
582 582 (0) 3 : 0.797 0.203
583 583 (0) 3 : 0.904 0.096
584 584 (0) 3 : 0.934 0.066
585 585 (0) 3 : 0.668 0.332
586 586 (0) 3 : 0.988 0.012
587 587 (0) 3 : 0.875 0.125
588 588 (0) 3 : 0.906 0.094
589 589 (0) 3 : 0.784 0.216
590 590 (0) 3 : 0.993 0.007
591 591 (0) 3 : 0.953 0.047
592 592 (0) 3 : 0.924 0.076
593 593 (0) 3 : 0.951 0.049
594 594 (0) 3 : 0.982 0.018
595 595 (0) 3 : 0.982 0.018
596 596 (0) 3 : 0.897 0.103
597 597 (0) 3 : 0.776 0.224
598 598 (0) 3 : 0.919 0.081
599 599 (0) 3 : 0.875 0.125
600 600 (0) 3 : 0.588 0.412
601 601 (0) 4 : 0.754 0.246
602 602 (0) 4 : 0.683 0.317
603 603 (0) 4 : 0.721 0.279
604 604 (0) 4 : 0.772 0.228
605 605 (0) 4 : 0.709 0.291
606 606 (0) 4 : 0.782 0.218
607 607 (0) 4 : 0.684 0.316
608 608 (0) 4 : 0.867 0.133
609 609 (0) 4 : 0.717 0.283
610 610 (0) 4 : 0.762 0.238
611 611 (0) 4 : 0.644 0.356
612 612 (0) 4 : 0.878 0.122
613 613 (0) 4 : 0.852 0.148
614 614 (0) 4 : 0.775 0.225
615 615 (0) 4 : 0.852 0.148
616 616 (0) 4 : 0.935 0.065
617 617 (0) 4 : 0.756 0.244
618 618 (0) 4 : 0.849 0.151
619 619 (0) 4 : 0.819 0.181
620 620 (0) 4 : 0.618 0.382
621 621 (0) 4 : 0.882 0.118
622 622 (0) 4 : 0.723 0.277
623 623 (0) 4 : 0.797 0.203
624 624 (0) 4 : 0.877 0.123
625 625 (0) 4 : 0.854 0.146
626 626 (0) 4 : 0.762 0.238
627 627 (0) 4 : 0.765 0.235
628 628 (0) 4 : 0.886 0.114
629 629 (0) 4 : 0.960 0.040
630 630 (0) 4 : 0.793 0.207
631 631 (0) 4 : 0.881 0.119
632 632 (0) 4 : 0.821 0.179
633 633 (0) 4 : 0.666 0.334
634 634 (0) 4 : 0.732 0.268
635 635 (0) 4 : 0.755 0.245
636 636 (0) 4 : 0.621 0.379
637 637 (0) 4 : 0.723 0.277
638 638 (0) 4 : 0.969 0.031
639 639 (0) 4 : 0.752 0.248
640 640 (0) 4 : 0.837 0.163
641 641 (0) 4 : 0.775 0.225
642 642 (0) 4 : 0.927 0.073
643 643 (0) 4 : 0.685 0.315
644 644 (0) 4 : 0.903 0.097
645 645 (0) 4 : 0.684 0.316
646 646 (0) 4 : 0.909 0.091
647 647 (0) 4 : 0.851 0.149
648 648 (0) 4 : 0.768 0.232
649 649 (0) 4 : 0.973 0.027
650 650 (0) 4 : 0.804 0.196
651 651 (0) 4 : 0.818 0.182
652 652 (0) 4 : 0.744 0.256
653 653 (0) 4 : 0.838 0.162
654 654 (0) 4 : 0.680 0.320
655 655 (0) 4 : 0.923 0.077
656 656 (0) 4 : 0.850 0.150
657 657 (0) 4 : 0.681 0.319
658 658 (0) 4 : 0.743 0.257
659 659 (0) 4 : 0.676 0.324
660 660 (0) 4 : 0.827 0.173
661 661 (0) 4 : 0.903 0.097
662 662 (0) 4 : 0.733 0.267
663 663 (0) 4 : 0.672 0.328
664 664 (0) 4 : 0.850 0.150
665 665 (0) 4 : 0.843 0.157
666 666 (0) 4 : 0.985 0.015
667 667 (0) 4 : 0.765 0.235
668 668 (0) 4 : 0.761 0.239
669 669 (0) 4 : 0.989 0.011
670 670 (0) 4 : 0.780 0.220
671 671 (0) 4 : 0.812 0.188
672 672 (0) 4 : 0.691 0.309
673 673 (0) 4 : 0.790 0.210
674 674 (0) 4 : 0.842 0.158
675 675 (0) 4 : 0.661 0.339
676 676 (0) 4 : 0.657 0.343
677 677 (0) 4 : 0.959 0.041
678 678 (0) 4 : 0.822 0.178
679 679 (0) 4 : 0.909 0.091
680 680 (0) 4 : 0.856 0.144
681 681 (0) 4 : 0.870 0.130
682 682 (0) 4 : 0.707 0.293
683 683 (0) 4 : 0.933 0.067
684 684 (0) 4 : 0.763 0.237
685 685 (0) 4 : 0.587 0.413
686 686 (0) 4 : 0.703 0.297
687 687 (0) 4 : 0.529 0.471
688 688 (0) 4 : 0.810 0.190
689 689 (0) 4 : 0.809 0.191
690 690 (0) 4 : 0.678 0.322
691 691 (0) 4 : 0.922 0.078
692 692 (0) 4 : 0.756 0.244
693 693 (0) 4 : 0.680 0.320
694 694 (0) 4 : 0.819 0.181
695 695 (0) 4 : 0.687 0.313
696 696 (0) 4 : 0.804 0.196
697 697 (0) 4 : 0.931 0.069
698 698 (0) 4 : 0.714 0.286
699 699 (0) 4 : 0.745 0.255
700 700 (0) 4 : 0.590 0.410
701 701 (0) 5 : 0.582 0.418
702 702 (0) 5 : 0.368 0.632
703 703 (0) 5 : 0.495 0.505
704 704 (0) 5 : 0.425 0.575
705 705 (0) 5 : 0.518 0.482
706 706 (0) 5 : 0.532 0.468
707 707 (0) 5 : 0.418 0.582
708 708 (0) 5 : 0.417 0.583
709 709 (0) 5 : 0.469 0.531
710 710 (0) 5 : 0.619 0.381
711 711 (0) 5 : 0.521 0.479
712 712 (0) 5 : 0.562 0.438
713 713 (0) 5 : 0.450 0.550
714 714 (0) 5 : 0.365 0.635
715 715 (0) 5 : 0.550 0.450
716 716 (0) 5 : 0.450 0.550
717 717 (0) 5 : 0.521 0.479
718 718 (0) 5 : 0.459 0.541
719 719 (0) 5 : 0.487 0.513
720 720 (0) 5 : 0.487 0.513
721 721 (0) 5 : 0.624 0.376
722 722 (0) 5 : 0.484 0.516
723 723 (0) 5 : 0.507 0.493
724 724 (0) 5 : 0.531 0.469
725 725 (0) 5 : 0.439 0.561
726 726 (0) 5 : 0.724 0.276
727 727 (0) 5 : 0.451 0.549
728 728 (0) 5 : 0.639 0.361
729 729 (0) 5 : 0.630 0.370
730 730 (0) 5 : 0.588 0.412
731 731 (0) 5 : 0.610 0.390
732 732 (0) 5 : 0.419 0.581
733 733 (0) 5 : 0.535 0.465
734 734 (0) 5 : 0.333 0.667
735 735 (0) 5 : 0.568 0.432
736 736 (0) 5 : 0.548 0.452
737 737 (0) 5 : 0.468 0.532
738 738 (0) 5 : 0.448 0.552
739 739 (0) 5 : 0.467 0.533
740 740 (0) 5 : 0.613 0.387
741 741 (0) 5 : 0.442 0.558
742 742 (0) 5 : 0.396 0.604
743 743 (0) 5 : 0.520 0.480
744 744 (0) 5 : 0.480 0.520
745 745 (0) 5 : 0.610 0.390
746 746 (0) 5 : 0.486 0.514
747 747 (0) 5 : 0.407 0.593
748 748 (0) 5 : 0.560 0.440
749 749 (0) 5 : 0.642 0.358
750 750 (0) 5 : 0.515 0.485
751 751 (0) 5 : 0.447 0.553
752 752 (0) 5 : 0.423 0.577
753 753 (0) 5 : 0.313 0.687
754 754 (0) 5 : 0.529 0.471
755 755 (0) 5 : 0.499 0.501
756 756 (0) 5 : 0.598 0.402
757 757 (0) 5 : 0.384 0.616
758 758 (0) 5 : 0.509 0.491
759 759 (0) 5 : 0.611 0.389
760 760 (0) 5 : 0.627 0.373
761 761 (0) 5 : 0.582 0.418
762 762 (0) 5 : 0.565 0.435
763 763 (0) 5 : 0.515 0.485
764 764 (0) 5 : 0.515 0.485
765 765 (0) 5 : 0.515 0.485
766 766 (0) 5 : 0.484 0.516
767 767 (0) 5 : 0.501 0.499
768 768 (0) 5 : 0.422 0.578
769 769 (0) 5 : 0.643 0.357
770 770 (0) 5 : 0.331 0.669
771 771 (0) 5 : 0.635 0.365
772 772 (0) 5 : 0.479 0.521
773 773 (0) 5 : 0.575 0.425
774 774 (0) 5 : 0.756 0.244
775 775 (0) 5 : 0.497 0.503
776 776 (0) 5 : 0.583 0.417
777 777 (0) 5 : 0.432 0.568
778 778 (0) 5 : 0.627 0.373
779 779 (0) 5 : 0.521 0.479
780 780 (0) 5 : 0.629 0.371
781 781 (0) 5 : 0.448 0.552
782 782 (0) 5 : 0.525 0.475
783 783 (0) 5 : 0.571 0.429
784 784 (0) 5 : 0.527 0.473
785 785 (0) 5 : 0.479 0.521
786 786 (0) 5 : 0.492 0.508
787 787 (0) 5 : 0.484 0.516
788 788 (0) 5 : 0.617 0.383
789 789 (0) 5 : 0.530 0.470
790 790 (0) 5 : 0.448 0.552
791 791 (0) 5 : 0.456 0.544
792 792 (0) 5 : 0.570 0.430
793 793 (0) 5 : 0.491 0.509
794 794 (0) 5 : 0.454 0.546
795 795 (0) 5 : 0.402 0.598
796 796 (0) 5 : 0.563 0.437
797 797 (0) 5 : 0.465 0.535
798 798 (0) 5 : 0.434 0.566
799 799 (0) 5 : 0.275 0.725
800 800 (0) 5 : 0.431 0.569
801 801 (0) 6 : 0.203 0.797
802 802 (0) 6 : 0.281 0.719
803 803 (0) 6 : 0.271 0.729
804 804 (0) 6 : 0.381 0.619
805 805 (0) 6 : 0.296 0.704
806 806 (0) 6 : 0.263 0.737
807 807 (0) 6 : 0.191 0.809
808 808 (0) 6 : 0.114 0.886
809 809 (0) 6 : 0.198 0.802
810 810 (0) 6 : 0.112 0.888
811 811 (0) 6 : 0.288 0.712
812 812 (0) 6 : 0.253 0.747
813 813 (0) 6 : 0.269 0.731
814 814 (0) 6 : 0.202 0.798
815 815 (0) 6 : 0.382 0.618
816 816 (0) 6 : 0.334 0.666
817 817 (0) 6 : 0.349 0.651
818 818 (0) 6 : 0.363 0.637
819 819 (0) 6 : 0.150 0.850
820 820 (0) 6 : 0.193 0.807
821 821 (0) 6 : 0.192 0.808
822 822 (0) 6 : 0.191 0.809
823 823 (0) 6 : 0.208 0.792
824 824 (0) 6 : 0.222 0.778
825 825 (0) 6 : 0.315 0.685
826 826 (0) 6 : 0.218 0.782
827 827 (0) 6 : 0.121 0.879
828 828 (0) 6 : 0.180 0.820
829 829 (0) 6 : 0.199 0.801
830 830 (0) 6 : 0.251 0.749
831 831 (0) 6 : 0.156 0.844
832 832 (0) 6 : 0.329 0.671
833 833 (0) 6 : 0.320 0.680
834 834 (0) 6 : 0.361 0.639
835 835 (0) 6 : 0.303 0.697
836 836 (0) 6 : 0.115 0.885
837 837 (0) 6 : 0.352 0.648
838 838 (0) 6 : 0.091 0.909
839 839 (0) 6 : 0.345 0.655
840 840 (0) 6 : 0.102 0.898
841 841 (0) 6 : 0.114 0.886
842 842 (0) 6 : 0.263 0.737
843 843 (0) 6 : 0.334 0.666
844 844 (0) 6 : 0.327 0.673
845 845 (0) 6 : 0.072 0.928
846 846 (0) 6 : 0.337 0.663
847 847 (0) 6 : 0.234 0.766
848 848 (0) 6 : 0.301 0.699
849 849 (0) 6 : 0.346 0.654
850 850 (0) 6 : 0.198 0.802
851 851 (0) 6 : 0.300 0.700
852 852 (0) 6 : 0.314 0.686
853 853 (0) 6 : 0.410 0.590
854 854 (0) 6 : 0.011 0.989
855 855 (0) 6 : 0.266 0.734
856 856 (0) 6 : 0.213 0.787
857 857 (0) 6 : 0.376 0.624
858 858 (0) 6 : 0.398 0.602
859 859 (0) 6 : 0.172 0.828
860 860 (0) 6 : 0.171 0.829
861 861 (0) 6 : 0.145 0.855
862 862 (0) 6 : 0.197 0.803
863 863 (0) 6 : 0.230 0.770
864 864 (0) 6 : 0.167 0.833
865 865 (0) 6 : 0.208 0.792
866 866 (0) 6 : 0.288 0.712
867 867 (0) 6 : 0.319 0.681
868 868 (0) 6 : 0.086 0.914
869 869 (0) 6 : 0.350 0.650
870 870 (0) 6 : 0.167 0.833
871 871 (0) 6 : 0.280 0.720
872 872 (0) 6 : 0.381 0.619
873 873 (0) 6 : 0.228 0.772
874 874 (0) 6 : 0.209 0.791
875 875 (0) 6 : 0.077 0.923
876 876 (0) 6 : 0.218 0.782
877 877 (0) 6 : 0.227 0.773
878 878 (0) 6 : 0.168 0.832
879 879 (0) 6 : 0.279 0.721
880 880 (0) 6 : 0.293 0.707
881 881 (0) 6 : 0.217 0.783
882 882 (0) 6 : 0.256 0.744
883 883 (0) 6 : 0.259 0.741
884 884 (0) 6 : 0.244 0.756
885 885 (0) 6 : 0.418 0.582
886 886 (0) 6 : 0.351 0.649
887 887 (0) 6 : 0.227 0.773
888 888 (0) 6 : 0.271 0.729
889 889 (0) 6 : 0.231 0.769
890 890 (0) 6 : 0.420 0.580
891 891 (0) 6 : 0.307 0.693
892 892 (0) 6 : 0.284 0.716
893 893 (0) 6 : 0.332 0.668
894 894 (0) 6 : 0.043 0.957
895 895 (0) 6 : 0.377 0.623
896 896 (0) 6 : 0.212 0.788
897 897 (0) 6 : 0.282 0.718
898 898 (0) 6 : 0.145 0.855
899 899 (0) 6 : 0.355 0.645
900 900 (0) 6 : 0.199 0.801
901 901 (0) 7 : 0.030 0.970
902 902 (0) 7 : 0.164 0.836
903 903 (0) 7 : 0.013 0.987
904 904 (0) 7 : 0.216 0.784
905 905 (0) 7 : 0.140 0.860
906 906 (0) 7 : 0.065 0.935
907 907 (0) 7 : 0.062 0.938
908 908 (0) 7 : 0.138 0.862
909 909 (0) 7 : 0.143 0.857
910 910 (0) 7 : 0.021 0.979
911 911 (0) 7 : 0.172 0.828
912 912 (0) 7 : 0.124 0.876
913 913 (0) 7 : 0.149 0.851
914 914 (0) 7 : 0.122 0.878
915 915 (0) 7 : 0.125 0.875
916 916 (0) 7 : 0.097 0.903
917 917 (0) 7 : 0.228 0.772
918 918 (0) 7 : 0.136 0.864
919 919 (0) 7 : 0.186 0.814
920 920 (0) 7 : 0.282 0.718
921 921 (0) 7 : 0.135 0.865
922 922 (0) 7 : 0.151 0.849
923 923 (0) 7 : 0.075 0.925
924 924 (0) 7 : 0.166 0.834
925 925 (0) 7 : 0.017 0.983
926 926 (0) 7 : 0.131 0.869
927 927 (0) 7 : 0.190 0.810
928 928 (0) 7 : 0.228 0.772
929 929 (0) 7 : 0.214 0.786
930 930 (0) 7 : 0.117 0.883
931 931 (0) 7 : 0.130 0.870
932 932 (0) 7 : 0.014 0.986
933 933 (0) 7 : 0.104 0.896
934 934 (0) 7 : 0.045 0.955
935 935 (0) 7 : 0.106 0.894
936 936 (0) 7 : 0.124 0.876
937 937 (0) 7 : 0.016 0.984
938 938 (0) 7 : 0.161 0.839
939 939 (0) 7 : 0.007 0.993
940 940 (0) 7 : 0.102 0.898
941 941 (0) 7 : 0.090 0.910
942 942 (0) 7 : 0.156 0.844
943 943 (0) 7 : 0.088 0.912
944 944 (0) 7 : 0.118 0.882
945 945 (0) 7 : 0.060 0.940
946 946 (0) 7 : 0.105 0.895
947 947 (0) 7 : 0.195 0.805
948 948 (0) 7 : 0.143 0.857
949 949 (0) 7 : 0.033 0.967
950 950 (0) 7 : 0.054 0.946
951 951 (0) 7 : 0.015 0.985
952 952 (0) 7 : 0.114 0.886
953 953 (0) 7 : 0.136 0.864
954 954 (0) 7 : 0.182 0.818
955 955 (0) 7 : 0.181 0.819
956 956 (0) 7 : 0.038 0.962
957 957 (0) 7 : 0.151 0.849
958 958 (0) 7 : 0.268 0.732
959 959 (0) 7 : 0.054 0.946
960 960 (0) 7 : 0.009 0.991
961 961 (0) 7 : 0.176 0.824
962 962 (0) 7 : 0.168 0.832
963 963 (0) 7 : 0.186 0.814
964 964 (0) 7 : 0.153 0.847
965 965 (0) 7 : 0.006 0.994
966 966 (0) 7 : 0.008 0.992
967 967 (0) 7 : 0.235 0.765
968 968 (0) 7 : 0.060 0.940
969 969 (0) 7 : 0.009 0.991
970 970 (0) 7 : 0.200 0.800
971 971 (0) 7 : 0.047 0.953
972 972 (0) 7 : 0.177 0.823
973 973 (0) 7 : 0.008 0.992
974 974 (0) 7 : 0.174 0.826
975 975 (0) 7 : 0.049 0.951
976 976 (0) 7 : 0.044 0.956
977 977 (0) 7 : 0.196 0.804
978 978 (0) 7 : 0.292 0.708
979 979 (0) 7 : 0.127 0.873
980 980 (0) 7 : 0.087 0.913
981 981 (0) 7 : 0.252 0.748
982 982 (0) 7 : 0.037 0.963
983 983 (0) 7 : 0.128 0.872
984 984 (0) 7 : 0.124 0.876
985 985 (0) 7 : 0.133 0.867
986 986 (0) 7 : 0.052 0.948
987 987 (0) 7 : 0.105 0.895
988 988 (0) 7 : 0.067 0.933
989 989 (0) 7 : 0.068 0.932
990 990 (0) 7 : 0.007 0.993
991 991 (0) 7 : 0.008 0.992
992 992 (0) 7 : 0.008 0.992
993 993 (0) 7 : 0.187 0.813
994 994 (0) 7 : 0.269 0.731
995 995 (0) 7 : 0.092 0.908
996 996 (0) 7 : 0.071 0.929
997 997 (0) 7 : 0.087 0.913
998 998 (0) 7 : 0.191 0.809
999 999 (0) 7 : 0.222 0.778
1000 1000 (0) 7 : 0.164 0.836
1001 1001 (5) 8 : 0.012 0.988
1002 1002 (0) 8 : 0.014 0.986
1003 1003 (0) 8 : 0.006 0.994
1004 1004 (0) 8 : 0.018 0.982
1005 1005 (0) 8 : 0.007 0.993
1006 1006 (0) 8 : 0.009 0.991
1007 1007 (0) 8 : 0.005 0.995
1008 1008 (0) 8 : 0.009 0.991
1009 1009 (0) 8 : 0.008 0.992
1010 1010 (0) 8 : 0.008 0.992
1011 1011 (0) 8 : 0.005 0.995
1012 1012 (0) 8 : 0.007 0.993
1013 1013 (0) 8 : 0.012 0.988
1014 1014 (5) 8 : 0.005 0.995
1015 1015 (0) 8 : 0.007 0.993
1016 1016 (0) 8 : 0.006 0.994
1017 1017 (0) 8 : 0.008 0.992
1018 1018 (0) 8 : 0.008 0.992
1019 1019 (0) 8 : 0.011 0.989
1020 1020 (0) 8 : 0.006 0.994
1021 1021 (0) 8 : 0.005 0.995
1022 1022 (0) 8 : 0.009 0.991
1023 1023 (0) 8 : 0.006 0.994
1024 1024 (0) 8 : 0.005 0.995
1025 1025 (0) 8 : 0.005 0.995
1026 1026 (0) 8 : 0.006 0.994
1027 1027 (0) 8 : 0.006 0.994
1028 1028 (0) 8 : 0.006 0.994
1029 1029 (0) 9 : 0.015 0.985
1030 1030 (0) 9 : 0.009 0.991
1031 1031 (0) 9 : 0.006 0.994
1032 1032 (0) 9 : 0.007 0.993
1033 1033 (0) 9 : 0.005 0.995
1034 1034 (0) 9 : 0.007 0.993
1035 1035 (0) 9 : 0.007 0.993
1036 1036 (0) 9 : 0.011 0.989
1037 1037 (0) 9 : 0.017 0.983
1038 1038 (0) 9 : 0.007 0.993
1039 1039 (0) 9 : 0.010 0.990
1040 1040 (0) 9 : 0.008 0.992
1041 1041 (0) 9 : 0.005 0.995
1042 1042 (0) 9 : 0.006 0.994
1043 1043 (0) 9 : 0.006 0.994
1044 1044 (0) 9 : 0.007 0.993
1045 1045 (0) 9 : 0.006 0.994
1046 1046 (0) 9 : 0.009 0.991
1047 1047 (0) 9 : 0.007 0.993
1048 1048 (0) 9 : 0.006 0.994
1049 1049 (0) 9 : 0.007 0.993
1050 1050 (0) 9 : 0.009 0.991
1051 1051 (0) 9 : 0.006 0.994
1052 1052 (0) 9 : 0.011 0.989
1053 1053 (0) 9 : 0.006 0.994
1054 1054 (0) 9 : 0.006 0.994
1055 1055 (0) 9 : 0.006 0.994
1056 1056 (0) 9 : 0.006 0.994
1057 1057 (0) 9 : 0.005 0.995
1058 1058 (0) 9 : 0.006 0.994
1059 1059 (0) 9 : 0.006 0.994
1060 1060 (0) 9 : 0.006 0.994
1061 1061 (0) 9 : 0.006 0.994
1062 1062 (0) 9 : 0.005 0.995
1063 1063 (0) 9 : 0.008 0.992
1064 1064 (0) 9 : 0.017 0.983
1065 1065 (0) 9 : 0.008 0.992
1066 1066 (0) 9 : 0.008 0.992
1067 1067 (0) 9 : 0.008 0.992
1068 1068 (0) 9 : 0.006 0.994
1069 1069 (0) 9 : 0.007 0.993
1070 1070 (0) 9 : 0.009 0.991
1071 1071 (0) 9 : 0.007 0.993
1072 1072 (0) 9 : 0.005 0.995
1073 1073 (0) 9 : 0.008 0.992
1074 1074 (0) 9 : 0.006 0.994
1075 1075 (0) 9 : 0.010 0.990
1076 1076 (0) 9 : 0.006 0.994
1077 1077 (0) 9 : 0.005 0.995
1078 1078 (0) 9 : 0.006 0.994
1079 1079 (0) 9 : 0.005 0.995
1080 1080 (0) 9 : 0.010 0.990
1081 1081 (0) 9 : 0.006 0.994
1082 1082 (0) 9 : 0.008 0.992
1083 1083 (0) 9 : 0.006 0.994
1084 1084 (0) 9 : 0.009 0.991
1085 1085 (0) 9 : 0.007 0.993
1086 1086 (0) 9 : 0.008 0.992
1087 1087 (0) 9 : 0.014 0.986
1088 1088 (0) 9 : 0.006 0.994
1089 1089 (0) 9 : 0.007 0.993
1090 1090 (0) 9 : 0.005 0.995
1091 1091 (0) 9 : 0.008 0.992
1092 1092 (0) 9 : 0.008 0.992
1093 1093 (0) 9 : 0.006 0.994
1094 1094 (0) 9 : 0.007 0.993
1095 1095 (0) 9 : 0.009 0.991
1096 1096 (0) 9 : 0.010 0.990
1097 1097 (0) 9 : 0.009 0.991
1098 1098 (0) 9 : 0.005 0.995
1099 1099 (0) 9 : 0.005 0.995
1100 1100 (0) 9 : 0.008 0.992
1101 1101 (0) 9 : 0.005 0.995
1102 1102 (0) 9 : 0.006 0.994
1103 1103 (0) 9 : 0.006 0.994
1104 1104 (0) 9 : 0.008 0.992
1105 1105 (0) 9 : 0.007 0.993
1106 1106 (0) 9 : 0.006 0.994
1107 1107 (0) 9 : 0.007 0.993
1108 1108 (0) 9 : 0.010 0.990
1109 1109 (0) 9 : 0.005 0.995
1110 1110 (0) 9 : 0.010 0.990
1111 1111 (0) 9 : 0.006 0.994
1112 1112 (0) 9 : 0.005 0.995
1113 1113 (0) 9 : 0.006 0.994
1114 1114 (0) 9 : 0.005 0.995
1115 1115 (0) 9 : 0.006 0.994
1116 1116 (0) 9 : 0.005 0.995
1117 1117 (0) 9 : 0.010 0.990
1118 1118 (0) 9 : 0.006 0.994
1119 1119 (0) 9 : 0.011 0.989
1120 1120 (0) 9 : 0.008 0.992
1121 1121 (0) 9 : 0.007 0.993
1122 1122 (0) 9 : 0.005 0.995
1123 1123 (0) 9 : 0.009 0.991
1124 1124 (0) 9 : 0.006 0.994
1125 1125 (0) 9 : 0.008 0.992
1126 1126 (0) 9 : 0.008 0.992
1127 1127 (0) 9 : 0.006 0.994
1128 1128 (0) 9 : 0.005 0.995
1129 1129 (0) 9 : 0.009 0.991
1130 1130 (0) 9 : 0.006 0.994
1131 1131 (0) 9 : 0.007 0.993
1132 1132 (0) 9 : 0.009 0.991
1133 1133 (0) 9 : 0.005 0.995
1134 1134 (0) 9 : 0.007 0.993
1135 1135 (0) 9 : 0.008 0.992
1136 1136 (0) 9 : 0.007 0.993
1137 1137 (0) 9 : 0.005 0.995
1138 1138 (0) 9 : 0.007 0.993
1139 1139 (0) 9 : 0.008 0.992
1140 1140 (0) 9 : 0.005 0.995
1141 1141 (0) 9 : 0.008 0.992
1142 1142 (0) 9 : 0.012 0.988
1143 1143 (0) 9 : 0.008 0.992
1144 1144 (0) 9 : 0.007 0.993
1145 1145 (0) 9 : 0.013 0.987
1146 1146 (0) 9 : 0.005 0.995
1147 1147 (0) 9 : 0.007 0.993
1148 1148 (0) 9 : 0.006 0.994
1149 1149 (0) 9 : 0.006 0.994
1150 1150 (0) 9 : 0.006 0.994
1151 1151 (0) 9 : 0.007 0.993
1152 1152 (0) 9 : 0.010 0.990
1153 1153 (0) 9 : 0.006 0.994
1154 1154 (0) 9 : 0.008 0.992
1155 1155 (0) 9 : 0.006 0.994
1156 1156 (0) 9 : 0.009 0.991
1157 1157 (0) 9 : 0.007 0.993
1158 1158 (0) 9 : 0.009 0.991
1159 1159 (0) 9 : 0.006 0.994
1160 1160 (0) 9 : 0.016 0.984
1161 1161 (0) 9 : 0.005 0.995
1162 1162 (0) 9 : 0.005 0.995
1163 1163 (0) 9 : 0.005 0.995
1164 1164 (0) 9 : 0.006 0.994
1165 1165 (0) 9 : 0.007 0.993
1166 1166 (0) 9 : 0.006 0.994
1167 1167 (0) 9 : 0.006 0.994
1168 1168 (0) 9 : 0.008 0.992
1169 1169 (0) 9 : 0.005 0.995
1170 1170 (0) 9 : 0.014 0.986
1171 1171 (0) 9 : 0.010 0.990
1172 1172 (0) 9 : 0.006 0.994
1173 1173 (0) 9 : 0.007 0.993
1174 1174 (0) 9 : 0.006 0.994
1175 1175 (0) 9 : 0.005 0.995
1176 1176 (0) 9 : 0.007 0.993
1177 1177 (0) 9 : 0.007 0.993
1178 1178 (0) 9 : 0.005 0.995
1179 1179 (0) 9 : 0.009 0.991
1180 1180 (0) 9 : 0.011 0.989
1181 1181 (0) 9 : 0.005 0.995
1182 1182 (0) 9 : 0.007 0.993
1183 1183 (0) 9 : 0.009 0.991
1184 1184 (0) 9 : 0.008 0.992
1185 1185 (0) 9 : 0.005 0.995
1186 1186 (0) 9 : 0.008 0.992
1187 1187 (0) 9 : 0.007 0.993
1188 1188 (0) 9 : 0.007 0.993
1189 1189 (0) 9 : 0.014 0.986
1190 1190 (0) 9 : 0.009 0.991
1191 1191 (0) 9 : 0.006 0.994
1192 1192 (0) 9 : 0.006 0.994
1193 1193 (0) 9 : 0.006 0.994
1194 1194 (0) 9 : 0.005 0.995
1195 1195 (0) 9 : 0.005 0.995
1196 1196 (0) 9 : 0.007 0.993
1197 1197 (0) 9 : 0.006 0.994
1198 1198 (0) 9 : 0.009 0.991
1199 1199 (0) 9 : 0.011 0.989
1200 1200 (0) 9 : 0.007 0.993
1201 1201 (0) 9 : 0.005 0.995
1202 1202 (0) 9 : 0.008 0.992
1203 1203 (0) 9 : 0.013 0.987
1204 1204 (0) 9 : 0.005 0.995
1205 1205 (0) 9 : 0.011 0.989
1206 1206 (0) 9 : 0.010 0.990
1207 1207 (0) 9 : 0.011 0.989
1208 1208 (0) 9 : 0.008 0.992
1209 1209 (0) 9 : 0.007 0.993
1210 1210 (0) 9 : 0.007 0.993
1211 1211 (0) 9 : 0.005 0.995
1212 1212 (0) 9 : 0.009 0.991
1213 1213 (0) 9 : 0.007 0.993
1214 1214 (0) 9 : 0.006 0.994
1215 1215 (0) 9 : 0.018 0.982
1216 1216 (0) 9 : 0.007 0.993
1217 1217 (0) 9 : 0.007 0.993
1218 1218 (0) 9 : 0.007 0.993
1219 1219 (0) 9 : 0.005 0.995
1220 1220 (0) 9 : 0.007 0.993
1221 1221 (0) 9 : 0.008 0.992
1222 1222 (0) 9 : 0.006 0.994
1223 1223 (0) 9 : 0.013 0.987
1224 1224 (0) 9 : 0.005 0.995
1225 1225 (0) 9 : 0.006 0.994
1226 1226 (0) 9 : 0.014 0.986
1227 1227 (0) 9 : 0.006 0.994
1228 1228 (0) 9 : 0.007 0.993
1229 1229 (0) 9 : 0.012 0.988
1230 1230 (0) 9 : 0.006 0.994
1231 1231 (0) 9 : 0.005 0.995
1232 1232 (0) 9 : 0.006 0.994
1233 1233 (0) 9 : 0.009 0.991
1234 1234 (0) 9 : 0.007 0.993
1235 1235 (0) 9 : 0.009 0.991
1236 1236 (0) 9 : 0.005 0.995
1237 1237 (0) 9 : 0.007 0.993
1238 1238 (0) 9 : 0.006 0.994
1239 1239 (0) 9 : 0.011 0.989
1240 1240 (0) 9 : 0.005 0.995
1241 1241 (0) 9 : 0.007 0.993
1242 1242 (0) 9 : 0.007 0.993
1243 1243 (0) 9 : 0.006 0.994
1244 1244 (0) 9 : 0.005 0.995
1245 1245 (0) 9 : 0.008 0.992
1246 1246 (0) 9 : 0.009 0.991
1247 1247 (0) 9 : 0.009 0.991
1248 1248 (0) 9 : 0.006 0.994
1249 1249 (0) 9 : 0.006 0.994
1250 1250 (0) 9 : 0.005 0.995
1251 1251 (0) 9 : 0.006 0.994
1252 1252 (0) 9 : 0.006 0.994
1253 1253 (0) 9 : 0.010 0.990
1254 1254 (0) 9 : 0.008 0.992
1255 1255 (0) 9 : 0.005 0.995
1256 1256 (0) 9 : 0.006 0.994
1257 1257 (0) 9 : 0.008 0.992
1258 1258 (0) 9 : 0.009 0.991
1259 1259 (0) 9 : 0.005 0.995
1260 1260 (0) 9 : 0.006 0.994
1261 1261 (0) 9 : 0.006 0.994
1262 1262 (0) 9 : 0.008 0.992
1263 1263 (0) 9 : 0.009 0.991
1264 1264 (0) 9 : 0.008 0.992
1265 1265 (0) 9 : 0.011 0.989
1266 1266 (0) 9 : 0.009 0.991
1267 1267 (0) 9 : 0.006 0.994
1268 1268 (0) 9 : 0.006 0.994
1269 1269 (0) 9 : 0.006 0.994
1270 1270 (0) 9 : 0.005 0.995
1271 1271 (0) 9 : 0.005 0.995
1272 1272 (0) 9 : 0.007 0.993
1273 1273 (0) 9 : 0.009 0.991
1274 1274 (0) 9 : 0.006 0.994
1275 1275 (0) 9 : 0.006 0.994
1276 1276 (0) 9 : 0.008 0.992
1277 1277 (0) 9 : 0.006 0.994
1278 1278 (0) 9 : 0.006 0.994
1279 1279 (0) 9 : 0.005 0.995
1280 1280 (0) 9 : 0.006 0.994
1281 1281 (0) 9 : 0.011 0.989
1282 1282 (0) 9 : 0.010 0.990
1283 1283 (0) 9 : 0.026 0.974
1284 1284 (0) 9 : 0.006 0.994
1285 1285 (0) 9 : 0.005 0.995
1286 1286 (0) 9 : 0.007 0.993
1287 1287 (0) 9 : 0.006 0.994
1288 1288 (0) 9 : 0.005 0.995
1289 1289 (0) 9 : 0.008 0.992
1290 1290 (0) 9 : 0.010 0.990
1291 1291 (0) 9 : 0.007 0.993
1292 1292 (0) 9 : 0.006 0.994
1293 1293 (0) 9 : 0.004 0.996
1294 1294 (0) 9 : 0.012 0.988
1295 1295 (0) 9 : 0.006 0.994
1296 1296 (0) 9 : 0.006 0.994
1297 1297 (0) 9 : 0.012 0.988
1298 1298 (0) 9 : 0.006 0.994
1299 1299 (0) 9 : 0.009 0.991
1300 1300 (0) 9 : 0.005 0.995
1301 1301 (0) 9 : 0.006 0.994
1302 1302 (0) 9 : 0.007 0.993
1303 1303 (0) 9 : 0.006 0.994
1304 1304 (0) 9 : 0.008 0.992
1305 1305 (0) 9 : 0.005 0.995
1306 1306 (0) 9 : 0.008 0.992
1307 1307 (0) 9 : 0.012 0.988
1308 1308 (0) 9 : 0.005 0.995
1309 1309 (0) 9 : 0.009 0.991
1310 1310 (0) 9 : 0.006 0.994
1311 1311 (0) 9 : 0.007 0.993
1312 1312 (0) 9 : 0.009 0.991
1313 1313 (0) 9 : 0.007 0.993
1314 1314 (0) 9 : 0.006 0.994
1315 1315 (0) 9 : 0.008 0.992
1316 1316 (0) 9 : 0.006 0.994
1317 1317 (0) 9 : 0.005 0.995
1318 1318 (0) 9 : 0.010 0.990
1319 1319 (0) 9 : 0.014 0.986
1320 1320 (0) 9 : 0.009 0.991
1321 1321 (0) 9 : 0.009 0.991
1322 1322 (0) 9 : 0.008 0.992
1323 1323 (0) 9 : 0.006 0.994
1324 1324 (0) 9 : 0.007 0.993
1325 1325 (0) 9 : 0.006 0.994
1326 1326 (0) 9 : 0.005 0.995
1327 1327 (0) 9 : 0.008 0.992
1328 1328 (0) 9 : 0.009 0.991
1329 1329 (0) 9 : 0.007 0.993
1330 1330 (0) 9 : 0.011 0.989
1331 1331 (0) 9 : 0.007 0.993
1332 1332 (0) 9 : 0.006 0.994
1333 1333 (0) 9 : 0.006 0.994
1334 1334 (0) 9 : 0.005 0.995
1335 1335 (0) 9 : 0.013 0.987
1336 1336 (0) 9 : 0.009 0.991
1337 1337 (0) 9 : 0.005 0.995
1338 1338 (0) 9 : 0.006 0.994
1339 1339 (0) 9 : 0.007 0.993
1340 1340 (0) 9 : 0.010 0.990
1341 1341 (0) 9 : 0.005 0.995
1342 1342 (0) 9 : 0.005 0.995
1343 1343 (0) 9 : 0.008 0.992
1344 1344 (0) 9 : 0.009 0.991
1345 1345 (0) 9 : 0.007 0.993
1346 1346 (0) 9 : 0.012 0.988
1347 1347 (0) 9 : 0.005 0.995
1348 1348 (0) 9 : 0.008 0.992
1349 1349 (0) 9 : 0.007 0.993
1350 1350 (0) 9 : 0.009 0.991
1351 1351 (0) 9 : 0.005 0.995
1352 1352 (0) 9 : 0.005 0.995
1353 1353 (0) 9 : 0.007 0.993
1354 1354 (0) 9 : 0.006 0.994
1355 1355 (0) 9 : 0.016 0.984
1356 1356 (0) 9 : 0.005 0.995
1357 1357 (0) 9 : 0.008 0.992
1358 1358 (0) 9 : 0.006 0.994
1359 1359 (0) 9 : 0.008 0.992
1360 1360 (0) 9 : 0.009 0.991
1361 1361 (0) 9 : 0.007 0.993
1362 1362 (0) 9 : 0.005 0.995
1363 1363 (0) 9 : 0.008 0.992
1364 1364 (0) 9 : 0.005 0.995
1365 1365 (0) 9 : 0.004 0.996
1366 1366 (0) 9 : 0.012 0.988
1367 1367 (0) 9 : 0.005 0.995
1368 1368 (0) 9 : 0.016 0.984
1369 1369 (0) 9 : 0.010 0.990
1370 1370 (0) 9 : 0.005 0.995
1371 1371 (0) 9 : 0.007 0.993
1372 1372 (0) 9 : 0.006 0.994
1373 1373 (0) 9 : 0.008 0.992
1374 1374 (0) 9 : 0.008 0.992
1375 1375 (0) 9 : 0.010 0.990
1376 1376 (0) 9 : 0.006 0.994
1377 1377 (0) 9 : 0.009 0.991
1378 1378 (0) 9 : 0.009 0.991
1379 1379 (0) 9 : 0.009 0.991
1380 1380 (0) 9 : 0.011 0.989
1381 1381 (0) 9 : 0.006 0.994
1382 1382 (0) 9 : 0.005 0.995
1383 1383 (0) 9 : 0.005 0.995
1384 1384 (0) 9 : 0.009 0.991
1385 1385 (0) 9 : 0.015 0.985
1386 1386 (0) 9 : 0.005 0.995
1387 1387 (0) 9 : 0.010 0.990
1388 1388 (0) 9 : 0.005 0.995
1389 1389 (0) 9 : 0.006 0.994
1390 1390 (0) 9 : 0.006 0.994
1391 1391 (0) 9 : 0.006 0.994
1392 1392 (0) 9 : 0.005 0.995
1393 1393 (0) 9 : 0.009 0.991
1394 1394 (0) 9 : 0.007 0.993
1395 1395 (0) 9 : 0.007 0.993
1396 1396 (0) 9 : 0.009 0.991
1397 1397 (0) 9 : 0.008 0.992
1398 1398 (0) 9 : 0.006 0.994
1399 1399 (0) 9 : 0.007 0.993
1400 1400 (0) 9 : 0.005 0.995
1401 1401 (0) 9 : 0.006 0.994
1402 1402 (0) 9 : 0.007 0.993
1403 1403 (0) 9 : 0.006 0.994
1404 1404 (0) 9 : 0.012 0.988
1405 1405 (0) 9 : 0.005 0.995
1406 1406 (0) 9 : 0.006 0.994
1407 1407 (0) 9 : 0.008 0.992
1408 1408 (0) 9 : 0.012 0.988
1409 1409 (0) 9 : 0.006 0.994
1410 1410 (0) 9 : 0.008 0.992
1411 1411 (0) 9 : 0.006 0.994
1412 1412 (0) 9 : 0.005 0.995
1413 1413 (0) 9 : 0.010 0.990
1414 1414 (0) 9 : 0.008 0.992
1415 1415 (0) 9 : 0.007 0.993
1416 1416 (0) 9 : 0.009 0.991
1417 1417 (0) 9 : 0.005 0.995
1418 1418 (0) 9 : 0.008 0.992
1419 1419 (0) 9 : 0.005 0.995
1420 1420 (0) 9 : 0.006 0.994
1421 1421 (0) 9 : 0.008 0.992
1422 1422 (0) 9 : 0.006 0.994
1423 1423 (0) 9 : 0.011 0.989
1424 1424 (0) 9 : 0.008 0.992
1425 1425 (0) 9 : 0.006 0.994
1426 1426 (0) 9 : 0.006 0.994
1427 1427 (0) 9 : 0.005 0.995
1428 1428 (0) 9 : 0.008 0.992
1429 1429 (0) 9 : 0.008 0.992
1430 1430 (0) 9 : 0.006 0.994
1431 1431 (0) 9 : 0.010 0.990
1432 1432 (0) 9 : 0.005 0.995
1433 1433 (0) 9 : 0.005 0.995
1434 1434 (0) 9 : 0.006 0.994
1435 1435 (0) 9 : 0.006 0.994
1436 1436 (0) 9 : 0.007 0.993
1437 1437 (0) 9 : 0.007 0.993
1438 1438 (0) 9 : 0.008 0.992
1439 1439 (0) 9 : 0.010 0.990
1440 1440 (0) 9 : 0.006 0.994
1441 1441 (0) 9 : 0.014 0.986
1442 1442 (0) 9 : 0.010 0.990
1443 1443 (0) 9 : 0.006 0.994
1444 1444 (0) 9 : 0.005 0.995
1445 1445 (0) 9 : 0.006 0.994
1446 1446 (0) 9 : 0.006 0.994
1447 1447 (0) 9 : 0.008 0.992
1448 1448 (0) 9 : 0.006 0.994
1449 1449 (0) 9 : 0.011 0.989
1450 1450 (0) 9 : 0.007 0.993
1451 1451 (0) 9 : 0.007 0.993
1452 1452 (0) 9 : 0.006 0.994
1453 1453 (0) 9 : 0.006 0.994
1454 1454 (0) 9 : 0.005 0.995
1455 1455 (0) 9 : 0.008 0.992
1456 1456 (0) 9 : 0.010 0.990
1457 1457 (0) 9 : 0.007 0.993
1458 1458 (0) 9 : 0.005 0.995
1459 1459 (0) 9 : 0.006 0.994
1460 1460 (0) 9 : 0.009 0.991
1461 1461 (0) 9 : 0.008 0.992
1462 1462 (0) 9 : 0.007 0.993
1463 1463 (0) 9 : 0.008 0.992
1464 1464 (0) 9 : 0.006 0.994
1465 1465 (0) 9 : 0.010 0.990
1466 1466 (0) 9 : 0.008 0.992
1467 1467 (0) 9 : 0.006 0.994
1468 1468 (0) 9 : 0.009 0.991
1469 1469 (0) 9 : 0.006 0.994
1470 1470 (0) 9 : 0.006 0.994
1471 1471 (0) 9 : 0.008 0.992
1472 1472 (0) 9 : 0.008 0.992
1473 1473 (0) 9 : 0.007 0.993
1474 1474 (0) 9 : 0.028 0.972
1475 1475 (0) 9 : 0.005 0.995
1476 1476 (0) 9 : 0.010 0.990
1477 1477 (0) 9 : 0.008 0.992
1478 1478 (0) 9 : 0.006 0.994
1479 1479 (0) 9 : 0.006 0.994
1480 1480 (0) 9 : 0.005 0.995
1481 1481 (0) 9 : 0.006 0.994
1482 1482 (0) 9 : 0.007 0.993
1483 1483 (0) 9 : 0.007 0.993
1484 1484 (0) 9 : 0.006 0.994
1485 1485 (0) 9 : 0.007 0.993
1486 1486 (0) 9 : 0.007 0.993
1487 1487 (0) 9 : 0.006 0.994
1488 1488 (0) 9 : 0.013 0.987
1489 1489 (0) 9 : 0.006 0.994
1490 1490 (0) 9 : 0.006 0.994
1491 1491 (0) 9 : 0.006 0.994
1492 1492 (0) 9 : 0.005 0.995
1493 1493 (0) 9 : 0.006 0.994
1494 1494 (0) 9 : 0.007 0.993
1495 1495 (0) 9 : 0.007 0.993
1496 1496 (0) 9 : 0.009 0.991
1497 1497 (0) 9 : 0.017 0.983
1498 1498 (0) 9 : 0.006 0.994
1499 1499 (0) 9 : 0.017 0.983
1500 1500 (0) 9 : 0.007 0.993
1 1 (5) 1 : 0.990 0.010
2 2 (5) 1 : 0.972 0.028
3 3 (5) 1 : 0.992 0.008
4 4 (0) 1 : 0.989 0.011
5 5 (0) 1 : 0.963 0.037
6 6 (0) 1 : 0.991 0.009
7 7 (0) 1 : 0.973 0.027
8 8 (5) 1 : 0.991 0.009
9 9 (0) 1 : 0.992 0.008
10 10 (0) 1 : 0.980 0.020
11 11 (0) 1 : 0.989 0.011
12 12 (0) 1 : 0.982 0.018
13 13 (0) 1 : 0.984 0.016
14 14 (0) 1 : 0.990 0.010
15 15 (0) 1 : 0.992 0.008
16 16 (0) 1 : 0.993 0.007
17 17 (0) 1 : 0.993 0.007
18 18 (0) 1 : 0.983 0.017
19 19 (0) 1 : 0.972 0.028
20 20 (0) 1 : 0.974 0.026
21 21 (0) 1 : 0.990 0.010
22 22 (0) 1 : 0.994 0.006
23 23 (0) 1 : 0.993 0.007
24 24 (0) 1 : 0.981 0.019
25 25 (0) 1 : 0.972 0.028
26 26 (0) 1 : 0.982 0.018
27 27 (5) 1 : 0.986 0.014
28 28 (0) 1 : 0.994 0.006
29 29 (0) 1 : 0.992 0.008
30 30 (0) 1 : 0.982 0.018
31 31 (0) 1 : 0.993 0.007
32 32 (0) 1 : 0.982 0.018
33 33 (0) 1 : 0.993 0.007
34 34 (0) 1 : 0.993 0.007
35 35 (0) 1 : 0.984 0.016
36 36 (0) 1 : 0.987 0.013
37 37 (0) 1 : 0.981 0.019
38 38 (0) 1 : 0.980 0.020
39 39 (0) 1 : 0.975 0.025
40 40 (0) 1 : 0.987 0.013
41 41 (0) 1 : 0.991 0.009
42 42 (0) 1 : 0.994 0.006
43 43 (0) 1 : 0.993 0.007
44 44 (0) 1 : 0.995 0.005
45 45 (5) 1 : 0.982 0.018
46 46 (0) 1 : 0.995 0.005
47 47 (0) 1 : 0.994 0.006
48 48 (0) 1 : 0.990 0.010
49 49 (0) 1 : 0.977 0.023
50 50 (0) 1 : 0.991 0.009
51 51 (0) 1 : 0.981 0.019
52 52 (0) 1 : 0.930 0.070
53 53 (0) 1 : 0.991 0.009
54 54 (0) 1 : 0.994 0.006
55 55 (0) 1 : 0.992 0.008
56 56 (0) 1 : 0.992 0.008
57 57 (10) 1 : 0.986 0.014
58 58 (5) 1 : 0.989 0.011
59 59 (0) 1 : 0.988 0.012
60 60 (0) 1 : 0.993 0.007
61 61 (0) 1 : 0.991 0.009
62 62 (0) 1 : 0.992 0.008
63 63 (0) 1 : 0.991 0.009
64 64 (0) 1 : 0.993 0.007
65 65 (0) 1 : 0.948 0.052
66 66 (0) 1 : 0.992 0.008
67 67 (5) 1 : 0.973 0.027
68 68 (0) 1 : 0.990 0.010
69 69 (0) 1 : 0.994 0.006
70 70 (0) 1 : 0.991 0.009
71 71 (5) 1 : 0.987 0.013
72 72 (0) 1 : 0.971 0.029
73 73 (5) 1 : 0.993 0.007
74 74 (10) 1 : 0.983 0.017
75 75 (10) 1 : 0.964 0.036
76 76 (0) 1 : 0.990 0.010
77 77 (10) 1 : 0.988 0.012
78 78 (0) 1 : 0.983 0.017
79 79 (5) 1 : 0.992 0.008
80 80 (0) 1 : 0.993 0.007
81 81 (0) 1 : 0.992 0.008
82 82 (0) 1 : 0.992 0.008
83 83 (0) 1 : 0.990 0.010
84 84 (0) 1 : 0.983 0.017
85 85 (0) 1 : 0.993 0.007
86 86 (5) 1 : 0.990 0.010
87 87 (0) 1 : 0.992 0.008
88 88 (0) 1 : 0.979 0.021
89 89 (0) 1 : 0.954 0.046
90 90 (0) 1 : 0.992 0.008
91 91 (0) 1 : 0.989 0.011
92 92 (0) 1 : 0.991 0.009
93 93 (0) 1 : 0.993 0.007
94 94 (5) 1 : 0.972 0.028
95 95 (0) 1 : 0.988 0.012
96 96 (5) 1 : 0.991 0.009
97 97 (0) 1 : 0.994 0.006
98 98 (0) 1 : 0.985 0.015
99 99 (5) 1 : 0.988 0.012
100 100 (5) 1 : 0.993 0.007
101 101 (0) 2 : 0.983 0.017
102 102 (0) 2 : 0.988 0.012
103 103 (0) 2 : 0.990 0.010
104 104 (0) 2 : 0.995 0.005
105 105 (0) 2 : 0.986 0.014
106 106 (0) 2 : 0.987 0.013
107 107 (0) 2 : 0.994 0.006
108 108 (0) 2 : 0.989 0.011
109 109 (0) 2 : 0.990 0.010
110 110 (0) 2 : 0.978 0.022
111 111 (0) 2 : 0.990 0.010
112 112 (0) 2 : 0.962 0.038
113 113 (0) 2 : 0.963 0.037
114 114 (0) 2 : 0.993 0.007
115 115 (0) 2 : 0.987 0.013
116 116 (0) 2 : 0.993 0.007
117 117 (0) 2 : 0.975 0.025
118 118 (0) 2 : 0.992 0.008
119 119 (0) 2 : 0.958 0.042
120 120 (0) 2 : 0.993 0.007
121 121 (0) 2 : 0.990 0.010
122 122 (0) 2 : 0.987 0.013
123 123 (0) 2 : 0.993 0.007
124 124 (0) 2 : 0.973 0.027
125 125 (0) 2 : 0.983 0.017
126 126 (0) 2 : 0.992 0.008
127 127 (0) 2 : 0.989 0.011
128 128 (0) 2 : 0.990 0.010
129 129 (0) 2 : 0.981 0.019
130 130 (0) 2 : 0.988 0.012
131 131 (0) 2 : 0.972 0.028
132 132 (0) 2 : 0.988 0.012
133 133 (0) 2 : 0.982 0.018
134 134 (0) 2 : 0.974 0.026
135 135 (0) 2 : 0.992 0.008
136 136 (0) 2 : 0.964 0.036
137 137 (0) 2 : 0.990 0.010
138 138 (0) 2 : 0.994 0.006
139 139 (0) 2 : 0.970 0.030
140 140 (0) 2 : 0.994 0.006
141 141 (0) 2 : 0.971 0.029
142 142 (0) 2 : 0.988 0.012
143 143 (0) 2 : 0.989 0.011
144 144 (0) 2 : 0.971 0.029
145 145 (0) 2 : 0.990 0.010
146 146 (0) 2 : 0.992 0.008
147 147 (0) 2 : 0.991 0.009
148 148 (0) 2 : 0.987 0.013
149 149 (0) 2 : 0.994 0.006
150 150 (0) 2 : 0.994 0.006
151 151 (0) 2 : 0.987 0.013
152 152 (0) 2 : 0.990 0.010
153 153 (0) 2 : 0.992 0.008
154 154 (0) 2 : 0.992 0.008
155 155 (0) 2 : 0.986 0.014
156 156 (0) 2 : 0.993 0.007
157 157 (0) 2 : 0.990 0.010
158 158 (0) 2 : 0.995 0.005
159 159 (0) 2 : 0.992 0.008
160 160 (0) 2 : 0.988 0.012
161 161 (0) 2 : 0.980 0.020
162 162 (0) 2 : 0.988 0.012
163 163 (0) 2 : 0.931 0.069
164 164 (0) 2 : 0.973 0.027
165 165 (0) 2 : 0.992 0.008
166 166 (0) 2 : 0.992 0.008
167 167 (0) 2 : 0.994 0.006
168 168 (0) 2 : 0.984 0.016
169 169 (0) 2 : 0.993 0.007
170 170 (0) 2 : 0.992 0.008
171 171 (0) 2 : 0.991 0.009
172 172 (0) 2 : 0.990 0.010
173 173 (0) 2 : 0.992 0.008
174 174 (0) 2 : 0.986 0.014
175 175 (0) 2 : 0.986 0.014
176 176 (0) 2 : 0.984 0.016
177 177 (0) 2 : 0.978 0.022
178 178 (0) 2 : 0.977 0.023
179 179 (0) 2 : 0.986 0.014
180 180 (0) 2 : 0.992 0.008
181 181 (0) 2 : 0.990 0.010
182 182 (0) 2 : 0.992 0.008
183 183 (0) 2 : 0.984 0.016
184 184 (0) 2 : 0.983 0.017
185 185 (0) 2 : 0.991 0.009
186 186 (0) 2 : 0.985 0.015
187 187 (0) 2 : 0.992 0.008
188 188 (0) 2 : 0.991 0.009
189 189 (0) 2 : 0.991 0.009
190 190 (0) 2 : 0.994 0.006
191 191 (0) 2 : 0.987 0.013
192 192 (0) 2 : 0.977 0.023
193 193 (0) 2 : 0.993 0.007
194 194 (0) 2 : 0.966 0.034
195 195 (0) 2 : 0.993 0.007
196 196 (0) 2 : 0.983 0.017
197 197 (0) 2 : 0.989 0.011
198 198 (0) 2 : 0.991 0.009
199 199 (0) 2 : 0.987 0.013
200 200 (0) 2 : 0.986 0.014
201 201 (0) 2 : 0.992 0.008
202 202 (0) 2 : 0.987 0.013
203 203 (0) 2 : 0.986 0.014
204 204 (0) 2 : 0.993 0.007
205 205 (0) 2 : 0.979 0.021
206 206 (0) 2 : 0.963 0.037
207 207 (0) 2 : 0.992 0.008
208 208 (0) 2 : 0.992 0.008
209 209 (0) 2 : 0.985 0.015
210 210 (0) 2 : 0.989 0.011
211 211 (0) 2 : 0.992 0.008
212 212 (0) 2 : 0.992 0.008
213 213 (0) 2 : 0.994 0.006
214 214 (0) 2 : 0.993 0.007
215 215 (0) 2 : 0.968 0.032
216 216 (0) 2 : 0.985 0.015
217 217 (0) 2 : 0.993 0.007
218 218 (0) 2 : 0.978 0.022
219 219 (0) 2 : 0.974 0.026
220 220 (0) 2 : 0.974 0.026
221 221 (0) 2 : 0.989 0.011
222 222 (0) 2 : 0.995 0.005
223 223 (0) 2 : 0.987 0.013
224 224 (0) 2 : 0.994 0.006
225 225 (0) 2 : 0.994 0.006
226 226 (0) 2 : 0.986 0.014
227 227 (0) 2 : 0.993 0.007
228 228 (0) 2 : 0.993 0.007
229 229 (0) 2 : 0.988 0.012
230 230 (0) 2 : 0.992 0.008
231 231 (0) 2 : 0.995 0.005
232 232 (0) 2 : 0.987 0.013
233 233 (0) 2 : 0.988 0.012
234 234 (0) 2 : 0.991 0.009
235 235 (0) 2 : 0.990 0.010
236 236 (0) 2 : 0.994 0.006
237 237 (0) 2 : 0.976 0.024
238 238 (0) 2 : 0.993 0.007
239 239 (0) 2 : 0.990 0.010
240 240 (0) 2 : 0.973 0.027
241 241 (0) 2 : 0.993 0.007
242 242 (0) 2 : 0.991 0.009
243 243 (0) 2 : 0.994 0.006
244 244 (0) 2 : 0.991 0.009
245 245 (0) 2 : 0.991 0.009
246 246 (0) 2 : 0.979 0.021
247 247 (0) 2 : 0.971 0.029
248 248 (0) 2 : 0.995 0.005
249 249 (0) 2 : 0.993 0.007
250 250 (0) 2 : 0.988 0.012
251 251 (0) 2 : 0.993 0.007
252 252 (0) 2 : 0.989 0.011
253 253 (0) 2 : 0.993 0.007
254 254 (0) 2 : 0.992 0.008
255 255 (0) 2 : 0.987 0.013
256 256 (0) 2 : 0.991 0.009
257 257 (0) 2 : 0.988 0.012
258 258 (0) 2 : 0.985 0.015
259 259 (0) 2 : 0.990 0.010
260 260 (0) 2 : 0.993 0.007
261 261 (0) 2 : 0.989 0.011
262 262 (0) 2 : 0.991 0.009
263 263 (0) 2 : 0.993 0.007
264 264 (0) 2 : 0.993 0.007
265 265 (0) 2 : 0.986 0.014
266 266 (0) 2 : 0.991 0.009
267 267 (0) 2 : 0.988 0.012
268 268 (0) 2 : 0.979 0.021
269 269 (0) 2 : 0.991 0.009
270 270 (0) 2 : 0.986 0.014
271 271 (0) 2 : 0.995 0.005
272 272 (0) 2 : 0.992 0.008
273 273 (0) 2 : 0.983 0.017
274 274 (0) 2 : 0.993 0.007
275 275 (0) 2 : 0.990 0.010
276 276 (0) 2 : 0.984 0.016
277 277 (0) 2 : 0.993 0.007
278 278 (0) 2 : 0.985 0.015
279 279 (0) 2 : 0.994 0.006
280 280 (0) 2 : 0.992 0.008
281 281 (0) 2 : 0.980 0.020
282 282 (0) 2 : 0.989 0.011
283 283 (0) 2 : 0.994 0.006
284 284 (0) 2 : 0.988 0.012
285 285 (0) 2 : 0.987 0.013
286 286 (0) 2 : 0.988 0.012
287 287 (0) 2 : 0.990 0.010
288 288 (0) 2 : 0.969 0.031
289 289 (0) 2 : 0.993 0.007
290 290 (0) 2 : 0.989 0.011
291 291 (0) 2 : 0.988 0.012
292 292 (0) 2 : 0.987 0.013
293 293 (0) 2 : 0.972 0.028
294 294 (0) 2 : 0.978 0.022
295 295 (0) 2 : 0.990 0.010
296 296 (0) 2 : 0.992 0.008
297 297 (0) 2 : 0.979 0.021
298 298 (0) 2 : 0.994 0.006
299 299 (0) 2 : 0.988 0.012
300 300 (0) 2 : 0.955 0.045
301 301 (0) 2 : 0.989 0.011
302 302 (0) 2 : 0.994 0.006
303 303 (0) 2 : 0.992 0.008
304 304 (0) 2 : 0.986 0.014
305 305 (0) 2 : 0.993 0.007
306 306 (0) 2 : 0.992 0.008
307 307 (0) 2 : 0.990 0.010
308 308 (0) 2 : 0.987 0.013
309 309 (0) 2 : 0.992 0.008
310 310 (0) 2 : 0.994 0.006
311 311 (0) 2 : 0.962 0.038
312 312 (0) 2 : 0.990 0.010
313 313 (0) 2 : 0.990 0.010
314 314 (0) 2 : 0.993 0.007
315 315 (0) 2 : 0.974 0.026
316 316 (0) 2 : 0.978 0.022
317 317 (0) 2 : 0.993 0.007
318 318 (0) 2 : 0.994 0.006
319 319 (0) 2 : 0.992 0.008
320 320 (0) 2 : 0.993 0.007
321 321 (0) 2 : 0.988 0.012
322 322 (0) 2 : 0.984 0.016
323 323 (0) 2 : 0.988 0.012
324 324 (0) 2 : 0.992 0.008
325 325 (0) 2 : 0.991 0.009
326 326 (0) 2 : 0.995 0.005
327 327 (0) 2 : 0.992 0.008
328 328 (0) 2 : 0.990 0.010
329 329 (0) 2 : 0.969 0.031
330 330 (0) 2 : 0.987 0.013
331 331 (0) 2 : 0.992 0.008
332 332 (0) 2 : 0.992 0.008
333 333 (0) 2 : 0.981 0.019
334 334 (0) 2 : 0.992 0.008
335 335 (0) 2 : 0.993 0.007
336 336 (0) 2 : 0.994 0.006
337 337 (0) 2 : 0.986 0.014
338 338 (0) 2 : 0.989 0.011
339 339 (0) 2 : 0.984 0.016
340 340 (0) 2 : 0.992 0.008
341 341 (0) 2 : 0.989 0.011
342 342 (0) 2 : 0.994 0.006
343 343 (0) 2 : 0.986 0.014
344 344 (0) 2 : 0.980 0.020
345 345 (0) 2 : 0.994 0.006
346 346 (0) 2 : 0.993 0.007
347 347 (0) 2 : 0.994 0.006
348 348 (0) 2 : 0.992 0.008
349 349 (0) 2 : 0.966 0.034
350 350 (0) 2 : 0.990 0.010
351 351 (0) 2 : 0.990 0.010
352 352 (0) 2 : 0.994 0.006
353 353 (0) 2 : 0.991 0.009
354 354 (0) 2 : 0.993 0.007
355 355 (0) 2 : 0.986 0.014
356 356 (0) 2 : 0.986 0.014
357 357 (0) 2 : 0.994 0.006
358 358 (0) 2 : 0.992 0.008
359 359 (0) 2 : 0.991 0.009
360 360 (0) 2 : 0.988 0.012
361 361 (0) 2 : 0.980 0.020
362 362 (0) 2 : 0.972 0.028
363 363 (0) 2 : 0.993 0.007
364 364 (0) 2 : 0.973 0.027
365 365 (0) 2 : 0.986 0.014
366 366 (0) 2 : 0.994 0.006
367 367 (0) 2 : 0.988 0.012
368 368 (0) 2 : 0.992 0.008
369 369 (0) 2 : 0.986 0.014
370 370 (0) 2 : 0.996 0.004
371 371 (0) 2 : 0.986 0.014
372 372 (0) 2 : 0.994 0.006
373 373 (0) 2 : 0.993 0.007
374 374 (0) 2 : 0.986 0.014
375 375 (0) 2 : 0.993 0.007
376 376 (0) 2 : 0.990 0.010
377 377 (0) 2 : 0.990 0.010
378 378 (0) 2 : 0.989 0.011
379 379 (0) 2 : 0.969 0.031
380 380 (0) 2 : 0.983 0.017
381 381 (0) 2 : 0.980 0.020
382 382 (0) 2 : 0.978 0.022
383 383 (0) 2 : 0.935 0.065
384 384 (0) 2 : 0.989 0.011
385 385 (0) 2 : 0.961 0.039
386 386 (0) 2 : 0.994 0.006
387 387 (0) 2 : 0.991 0.009
388 388 (0) 2 : 0.983 0.017
389 389 (0) 2 : 0.975 0.025
390 390 (0) 2 : 0.992 0.008
391 391 (0) 2 : 0.987 0.013
392 392 (0) 2 : 0.987 0.013
393 393 (0) 2 : 0.990 0.010
394 394 (0) 2 : 0.983 0.017
395 395 (0) 2 : 0.806 0.194
396 396 (0) 2 : 0.990 0.010
397 397 (0) 2 : 0.989 0.011
398 398 (0) 2 : 0.961 0.039
399 399 (0) 2 : 0.990 0.010
400 400 (0) 2 : 0.990 0.010
401 401 (0) 2 : 0.991 0.009
402 402 (0) 2 : 0.995 0.005
403 403 (0) 2 : 0.993 0.007
404 404 (0) 2 : 0.994 0.006
405 405 (0) 2 : 0.992 0.008
406 406 (0) 2 : 0.952 0.048
407 407 (0) 2 : 0.994 0.006
408 408 (0) 2 : 0.992 0.008
409 409 (0) 2 : 0.988 0.012
410 410 (0) 2 : 0.961 0.039
411 411 (0) 2 : 0.991 0.009
412 412 (0) 2 : 0.989 0.011
413 413 (0) 2 : 0.987 0.013
414 414 (0) 2 : 0.989 0.011
415 415 (0) 2 : 0.993 0.007
416 416 (0) 2 : 0.976 0.024
417 417 (0) 2 : 0.990 0.010
418 418 (0) 2 : 0.989 0.011
419 419 (0) 2 : 0.987 0.013
420 420 (0) 2 : 0.994 0.006
421 421 (0) 2 : 0.983 0.017
422 422 (0) 2 : 0.987 0.013
423 423 (0) 2 : 0.994 0.006
424 424 (0) 2 : 0.992 0.008
425 425 (0) 2 : 0.951 0.049
426 426 (0) 2 : 0.980 0.020
427 427 (0) 2 : 0.990 0.010
428 428 (0) 2 : 0.982 0.018
429 429 (0) 2 : 0.980 0.020
430 430 (0) 2 : 0.994 0.006
431 431 (0) 2 : 0.992 0.008
432 432 (0) 2 : 0.993 0.007
433 433 (0) 2 : 0.988 0.012
434 434 (0) 2 : 0.974 0.026
435 435 (0) 2 : 0.986 0.014
436 436 (0) 2 : 0.990 0.010
437 437 (0) 2 : 0.994 0.006
438 438 (0) 2 : 0.992 0.008
439 439 (0) 2 : 0.991 0.009
440 440 (0) 2 : 0.994 0.006
441 441 (0) 2 : 0.995 0.005
442 442 (0) 2 : 0.987 0.013
443 443 (0) 2 : 0.990 0.010
444 444 (0) 2 : 0.923 0.077
445 445 (0) 2 : 0.992 0.008
446 446 (0) 2 : 0.992 0.008
447 447 (0) 2 : 0.994 0.006
448 448 (0) 2 : 0.990 0.010
449 449 (0) 2 : 0.995 0.005
450 450 (0) 2 : 0.990 0.010
451 451 (0) 2 : 0.975 0.025
452 452 (0) 2 : 0.957 0.043
453 453 (0) 2 : 0.993 0.007
454 454 (0) 2 : 0.994 0.006
455 455 (0) 2 : 0.987 0.013
456 456 (0) 2 : 0.992 0.008
457 457 (0) 2 : 0.994 0.006
458 458 (0) 2 : 0.991 0.009
459 459 (0) 2 : 0.982 0.018
460 460 (0) 2 : 0.987 0.013
461 461 (0) 2 : 0.993 0.007
462 462 (0) 2 : 0.984 0.016
463 463 (0) 2 : 0.992 0.008
464 464 (0) 2 : 0.991 0.009
465 465 (0) 2 : 0.987 0.013
466 466 (0) 2 : 0.990 0.010
467 467 (0) 2 : 0.984 0.016
468 468 (0) 2 : 0.991 0.009
469 469 (0) 2 : 0.991 0.009
470 470 (0) 2 : 0.989 0.011
471 471 (0) 2 : 0.991 0.009
472 472 (0) 2 : 0.986 0.014
473 473 (0) 2 : 0.993 0.007
474 474 (0) 2 : 0.982 0.018
475 475 (0) 2 : 0.991 0.009
476 476 (0) 2 : 0.983 0.017
477 477 (0) 2 : 0.983 0.017
478 478 (0) 2 : 0.990 0.010
479 479 (0) 2 : 0.991 0.009
480 480 (0) 2 : 0.993 0.007
481 481 (0) 2 : 0.988 0.012
482 482 (0) 2 : 0.969 0.031
483 483 (0) 2 : 0.991 0.009
484 484 (0) 2 : 0.992 0.008
485 485 (0) 2 : 0.991 0.009
486 486 (0) 2 : 0.993 0.007
487 487 (0) 2 : 0.989 0.011
488 488 (0) 2 : 0.976 0.024
489 489 (0) 2 : 0.995 0.005
490 490 (0) 2 : 0.994 0.006
491 491 (0) 2 : 0.985 0.015
492 492 (0) 2 : 0.938 0.062
493 493 (0) 2 : 0.987 0.013
494 494 (0) 2 : 0.993 0.007
495 495 (0) 2 : 0.992 0.008
496 496 (0) 2 : 0.986 0.014
497 497 (0) 2 : 0.979 0.021
498 498 (0) 2 : 0.992 0.008
499 499 (0) 2 : 0.989 0.011
500 500 (0) 2 : 0.995 0.005
501 501 (0) 3 : 0.888 0.112
502 502 (0) 3 : 0.994 0.006
503 503 (0) 3 : 0.853 0.147
504 504 (0) 3 : 0.851 0.149
505 505 (0) 3 : 0.801 0.199
506 506 (0) 3 : 0.909 0.091
507 507 (0) 3 : 0.943 0.057
508 508 (0) 3 : 0.889 0.111
509 509 (0) 3 : 0.873 0.127
510 510 (0) 3 : 0.887 0.113
511 511 (0) 3 : 0.874 0.126
512 512 (0) 3 : 0.817 0.183
513 513 (0) 3 : 0.879 0.121
514 514 (0) 3 : 0.801 0.199
515 515 (0) 3 : 0.951 0.049
516 516 (0) 3 : 0.988 0.012
517 517 (0) 3 : 0.986 0.014
518 518 (0) 3 : 0.986 0.014
519 519 (0) 3 : 0.929 0.071
520 520 (0) 3 : 0.977 0.023
521 521 (0) 3 : 0.858 0.142
522 522 (0) 3 : 0.947 0.053
523 523 (0) 3 : 0.921 0.079
524 524 (0) 3 : 0.939 0.061
525 525 (0) 3 : 0.787 0.213
526 526 (0) 3 : 0.955 0.045
527 527 (0) 3 : 0.870 0.130
528 528 (0) 3 : 0.912 0.088
529 529 (0) 3 : 0.923 0.077
530 530 (0) 3 : 0.923 0.077
531 531 (0) 3 : 0.968 0.032
532 532 (0) 3 : 0.978 0.022
533 533 (0) 3 : 0.735 0.265
534 534 (0) 3 : 0.967 0.033
535 535 (0) 3 : 0.895 0.105
536 536 (0) 3 : 0.938 0.062
537 537 (0) 3 : 0.982 0.018
538 538 (0) 3 : 0.750 0.250
539 539 (0) 3 : 0.957 0.043
540 540 (0) 3 : 0.909 0.091
541 541 (0) 3 : 0.982 0.018
542 542 (0) 3 : 0.895 0.105
543 543 (0) 3 : 0.947 0.053
544 544 (0) 3 : 0.889 0.111
545 545 (0) 3 : 0.878 0.122
546 546 (0) 3 : 0.733 0.267
547 547 (0) 3 : 0.990 0.010
548 548 (0) 3 : 0.789 0.211
549 549 (0) 3 : 0.803 0.197
550 550 (0) 3 : 0.938 0.062
551 551 (0) 3 : 0.983 0.017
552 552 (0) 3 : 0.969 0.031
553 553 (0) 3 : 0.749 0.251
554 554 (0) 3 : 0.948 0.052
555 555 (0) 3 : 0.844 0.156
556 556 (0) 3 : 0.978 0.022
557 557 (0) 3 : 0.977 0.023
558 558 (0) 3 : 0.924 0.076
559 559 (0) 3 : 0.982 0.018
560 560 (0) 3 : 0.913 0.087
561 561 (0) 3 : 0.992 0.008
562 562 (0) 3 : 0.904 0.096
563 563 (0) 3 : 0.743 0.257
564 564 (0) 3 : 0.871 0.129
565 565 (0) 3 : 0.975 0.025
566 566 (0) 3 : 0.928 0.072
567 567 (0) 3 : 0.993 0.007
568 568 (0) 3 : 0.940 0.060
569 569 (0) 3 : 0.864 0.136
570 570 (0) 3 : 0.990 0.010
571 571 (0) 3 : 0.867 0.133
572 572 (0) 3 : 0.913 0.087
573 573 (0) 3 : 0.745 0.255
574 574 (0) 3 : 0.844 0.156
575 575 (0) 3 : 0.938 0.062
576 576 (0) 3 : 0.937 0.063
577 577 (0) 3 : 0.848 0.152
578 578 (0) 3 : 0.872 0.128
579 579 (0) 3 : 0.961 0.039
580 580 (0) 3 : 0.929 0.071
581 581 (0) 3 : 0.927 0.073
582 582 (0) 3 : 0.797 0.203
583 583 (0) 3 : 0.905 0.095
584 584 (0) 3 : 0.934 0.066
585 585 (0) 3 : 0.668 0.332
586 586 (0) 3 : 0.988 0.012
587 587 (0) 3 : 0.875 0.125
588 588 (0) 3 : 0.906 0.094
589 589 (0) 3 : 0.785 0.215
590 590 (0) 3 : 0.993 0.007
591 591 (0) 3 : 0.953 0.047
592 592 (0) 3 : 0.924 0.076
593 593 (0) 3 : 0.951 0.049
594 594 (0) 3 : 0.982 0.018
595 595 (0) 3 : 0.982 0.018
596 596 (0) 3 : 0.897 0.103
597 597 (0) 3 : 0.776 0.224
598 598 (0) 3 : 0.919 0.081
599 599 (0) 3 : 0.875 0.125
600 600 (0) 3 : 0.588 0.412
601 601 (0) 4 : 0.754 0.246
602 602 (0) 4 : 0.683 0.317
603 603 (0) 4 : 0.721 0.279
604 604 (0) 4 : 0.771 0.229
605 605 (0) 4 : 0.709 0.291
606 606 (0) 4 : 0.782 0.218
607 607 (0) 4 : 0.684 0.316
608 608 (0) 4 : 0.867 0.133
609 609 (0) 4 : 0.717 0.283
610 610 (0) 4 : 0.762 0.238
611 611 (0) 4 : 0.644 0.356
612 612 (0) 4 : 0.878 0.122
613 613 (0) 4 : 0.852 0.148
614 614 (0) 4 : 0.775 0.225
615 615 (0) 4 : 0.852 0.148
616 616 (0) 4 : 0.935 0.065
617 617 (0) 4 : 0.756 0.244
618 618 (0) 4 : 0.849 0.151
619 619 (0) 4 : 0.819 0.181
620 620 (0) 4 : 0.618 0.382
621 621 (0) 4 : 0.882 0.118
622 622 (0) 4 : 0.724 0.276
623 623 (0) 4 : 0.797 0.203
624 624 (0) 4 : 0.877 0.123
625 625 (0) 4 : 0.854 0.146
626 626 (0) 4 : 0.762 0.238
627 627 (0) 4 : 0.765 0.235
628 628 (0) 4 : 0.886 0.114
629 629 (0) 4 : 0.960 0.040
630 630 (0) 4 : 0.794 0.206
631 631 (0) 4 : 0.881 0.119
632 632 (0) 4 : 0.821 0.179
633 633 (0) 4 : 0.666 0.334
634 634 (0) 4 : 0.732 0.268
635 635 (0) 4 : 0.756 0.244
636 636 (0) 4 : 0.621 0.379
637 637 (0) 4 : 0.722 0.278
638 638 (0) 4 : 0.969 0.031
639 639 (0) 4 : 0.752 0.248
640 640 (0) 4 : 0.837 0.163
641 641 (0) 4 : 0.775 0.225
642 642 (0) 4 : 0.927 0.073
643 643 (0) 4 : 0.685 0.315
644 644 (0) 4 : 0.902 0.098
645 645 (0) 4 : 0.684 0.316
646 646 (0) 4 : 0.908 0.092
647 647 (0) 4 : 0.851 0.149
648 648 (0) 4 : 0.768 0.232
649 649 (0) 4 : 0.973 0.027
650 650 (0) 4 : 0.804 0.196
651 651 (0) 4 : 0.818 0.182
652 652 (0) 4 : 0.744 0.256
653 653 (0) 4 : 0.838 0.162
654 654 (0) 4 : 0.680 0.320
655 655 (0) 4 : 0.923 0.077
656 656 (0) 4 : 0.850 0.150
657 657 (0) 4 : 0.682 0.318
658 658 (0) 4 : 0.742 0.258
659 659 (0) 4 : 0.676 0.324
660 660 (0) 4 : 0.827 0.173
661 661 (0) 4 : 0.903 0.097
662 662 (0) 4 : 0.733 0.267
663 663 (0) 4 : 0.672 0.328
664 664 (0) 4 : 0.850 0.150
665 665 (0) 4 : 0.843 0.157
666 666 (0) 4 : 0.986 0.014
667 667 (0) 4 : 0.765 0.235
668 668 (0) 4 : 0.761 0.239
669 669 (0) 4 : 0.989 0.011
670 670 (0) 4 : 0.780 0.220
671 671 (0) 4 : 0.812 0.188
672 672 (0) 4 : 0.691 0.309
673 673 (0) 4 : 0.790 0.210
674 674 (0) 4 : 0.841 0.159
675 675 (0) 4 : 0.662 0.338
676 676 (0) 4 : 0.657 0.343
677 677 (0) 4 : 0.959 0.041
678 678 (0) 4 : 0.822 0.178
679 679 (0) 4 : 0.909 0.091
680 680 (0) 4 : 0.856 0.144
681 681 (0) 4 : 0.870 0.130
682 682 (0) 4 : 0.707 0.293
683 683 (0) 4 : 0.933 0.067
684 684 (0) 4 : 0.764 0.236
685 685 (0) 4 : 0.587 0.413
686 686 (0) 4 : 0.704 0.296
687 687 (0) 4 : 0.529 0.471
688 688 (0) 4 : 0.810 0.190
689 689 (0) 4 : 0.809 0.191
690 690 (0) 4 : 0.678 0.322
691 691 (0) 4 : 0.922 0.078
692 692 (0) 4 : 0.756 0.244
693 693 (0) 4 : 0.680 0.320
694 694 (0) 4 : 0.819 0.181
695 695 (0) 4 : 0.687 0.313
696 696 (0) 4 : 0.804 0.196
697 697 (0) 4 : 0.932 0.068
698 698 (0) 4 : 0.714 0.286
699 699 (0) 4 : 0.745 0.255
700 700 (0) 4 : 0.590 0.410
701 701 (0) 5 : 0.582 0.418
702 702 (0) 5 : 0.368 0.632
703 703 (0) 5 : 0.495 0.505
704 704 (0) 5 : 0.425 0.575
705 705 (0) 5 : 0.518 0.482
706 706 (0) 5 : 0.532 0.468
707 707 (0) 5 : 0.418 0.582
708 708 (0) 5 : 0.417 0.583
709 709 (0) 5 : 0.469 0.531
710 710 (0) 5 : 0.619 0.381
711 711 (0) 5 : 0.521 0.479
712 712 (0) 5 : 0.562 0.438
713 713 (0) 5 : 0.450 0.550
714 714 (0) 5 : 0.365 0.635
715 715 (0) 5 : 0.550 0.450
716 716 (0) 5 : 0.450 0.550
717 717 (0) 5 : 0.521 0.479
718 718 (0) 5 : 0.459 0.541
719 719 (0) 5 : 0.487 0.513
720 720 (0) 5 : 0.487 0.513
721 721 (0) 5 : 0.624 0.376
722 722 (0) 5 : 0.484 0.516
723 723 (0) 5 : 0.507 0.493
724 724 (0) 5 : 0.531 0.469
725 725 (0) 5 : 0.439 0.561
726 726 (0) 5 : 0.725 0.275
727 727 (0) 5 : 0.451 0.549
728 728 (0) 5 : 0.639 0.361
729 729 (0) 5 : 0.630 0.370
730 730 (0) 5 : 0.588 0.412
731 731 (0) 5 : 0.609 0.391
732 732 (0) 5 : 0.419 0.581
733 733 (0) 5 : 0.535 0.465
734 734 (0) 5 : 0.334 0.666
735 735 (0) 5 : 0.568 0.432
736 736 (0) 5 : 0.548 0.452
737 737 (0) 5 : 0.468 0.532
738 738 (0) 5 : 0.448 0.552
739 739 (0) 5 : 0.467 0.533
740 740 (0) 5 : 0.613 0.387
741 741 (0) 5 : 0.442 0.558
742 742 (0) 5 : 0.397 0.603
743 743 (0) 5 : 0.520 0.480
744 744 (0) 5 : 0.480 0.520
745 745 (0) 5 : 0.610 0.390
746 746 (0) 5 : 0.486 0.514
747 747 (0) 5 : 0.407 0.593
748 748 (0) 5 : 0.559 0.441
749 749 (0) 5 : 0.642 0.358
750 750 (0) 5 : 0.515 0.485
751 751 (0) 5 : 0.447 0.553
752 752 (0) 5 : 0.423 0.577
753 753 (0) 5 : 0.313 0.687
754 754 (0) 5 : 0.529 0.471
755 755 (0) 5 : 0.499 0.501
756 756 (0) 5 : 0.598 0.402
757 757 (0) 5 : 0.384 0.616
758 758 (0) 5 : 0.509 0.491
759 759 (0) 5 : 0.611 0.389
760 760 (0) 5 : 0.627 0.373
761 761 (0) 5 : 0.583 0.417
762 762 (0) 5 : 0.565 0.435
763 763 (0) 5 : 0.515 0.485
764 764 (0) 5 : 0.515 0.485
765 765 (0) 5 : 0.515 0.485
766 766 (0) 5 : 0.484 0.516
767 767 (0) 5 : 0.501 0.499
768 768 (0) 5 : 0.422 0.578
769 769 (0) 5 : 0.643 0.357
770 770 (0) 5 : 0.331 0.669
771 771 (0) 5 : 0.635 0.365
772 772 (0) 5 : 0.479 0.521
773 773 (0) 5 : 0.576 0.424
774 774 (0) 5 : 0.756 0.244
775 775 (0) 5 : 0.497 0.503
776 776 (0) 5 : 0.583 0.417
777 777 (0) 5 : 0.432 0.568
778 778 (0) 5 : 0.627 0.373
779 779 (0) 5 : 0.521 0.479
780 780 (0) 5 : 0.629 0.371
781 781 (0) 5 : 0.448 0.552
782 782 (0) 5 : 0.524 0.476
783 783 (0) 5 : 0.571 0.429
784 784 (0) 5 : 0.527 0.473
785 785 (0) 5 : 0.479 0.521
786 786 (0) 5 : 0.492 0.508
787 787 (0) 5 : 0.484 0.516
788 788 (0) 5 : 0.617 0.383
789 789 (0) 5 : 0.530 0.470
790 790 (0) 5 : 0.448 0.552
791 791 (0) 5 : 0.456 0.544
792 792 (0) 5 : 0.570 0.430
793 793 (0) 5 : 0.491 0.509
794 794 (0) 5 : 0.454 0.546
795 795 (0) 5 : 0.402 0.598
796 796 (0) 5 : 0.563 0.437
797 797 (0) 5 : 0.465 0.535
798 798 (0) 5 : 0.434 0.566
799 799 (0) 5 : 0.275 0.725
800 800 (0) 5 : 0.431 0.569
801 801 (0) 6 : 0.203 0.797
802 802 (0) 6 : 0.281 0.719
803 803 (0) 6 : 0.271 0.729
804 804 (0) 6 : 0.381 0.619
805 805 (0) 6 : 0.296 0.704
806 806 (0) 6 : 0.262 0.738
807 807 (0) 6 : 0.191 0.809
808 808 (0) 6 : 0.114 0.886
809 809 (0) 6 : 0.198 0.802
810 810 (0) 6 : 0.112 0.888
811 811 (0) 6 : 0.288 0.712
812 812 (0) 6 : 0.253 0.747
813 813 (0) 6 : 0.270 0.730
814 814 (0) 6 : 0.202 0.798
815 815 (0) 6 : 0.382 0.618
816 816 (0) 6 : 0.334 0.666
817 817 (0) 6 : 0.349 0.651
818 818 (0) 6 : 0.363 0.637
819 819 (0) 6 : 0.150 0.850
820 820 (0) 6 : 0.192 0.808
821 821 (0) 6 : 0.193 0.807
822 822 (0) 6 : 0.191 0.809
823 823 (0) 6 : 0.208 0.792
824 824 (0) 6 : 0.222 0.778
825 825 (0) 6 : 0.315 0.685
826 826 (0) 6 : 0.218 0.782
827 827 (0) 6 : 0.120 0.880
828 828 (0) 6 : 0.180 0.820
829 829 (0) 6 : 0.199 0.801
830 830 (0) 6 : 0.251 0.749
831 831 (0) 6 : 0.155 0.845
832 832 (0) 6 : 0.330 0.670
833 833 (0) 6 : 0.320 0.680
834 834 (0) 6 : 0.361 0.639
835 835 (0) 6 : 0.303 0.697
836 836 (0) 6 : 0.115 0.885
837 837 (0) 6 : 0.352 0.648
838 838 (0) 6 : 0.091 0.909
839 839 (0) 6 : 0.346 0.654
840 840 (0) 6 : 0.102 0.898
841 841 (0) 6 : 0.114 0.886
842 842 (0) 6 : 0.263 0.737
843 843 (0) 6 : 0.334 0.666
844 844 (0) 6 : 0.327 0.673
845 845 (0) 6 : 0.072 0.928
846 846 (0) 6 : 0.337 0.663
847 847 (0) 6 : 0.234 0.766
848 848 (0) 6 : 0.301 0.699
849 849 (0) 6 : 0.345 0.655
850 850 (0) 6 : 0.198 0.802
851 851 (0) 6 : 0.300 0.700
852 852 (0) 6 : 0.314 0.686
853 853 (0) 6 : 0.410 0.590
854 854 (0) 6 : 0.011 0.989
855 855 (0) 6 : 0.266 0.734
856 856 (0) 6 : 0.212 0.788
857 857 (0) 6 : 0.376 0.624
858 858 (0) 6 : 0.398 0.602
859 859 (0) 6 : 0.172 0.828
860 860 (0) 6 : 0.171 0.829
861 861 (0) 6 : 0.145 0.855
862 862 (0) 6 : 0.197 0.803
863 863 (0) 6 : 0.230 0.770
864 864 (0) 6 : 0.167 0.833
865 865 (0) 6 : 0.208 0.792
866 866 (0) 6 : 0.288 0.712
867 867 (0) 6 : 0.319 0.681
868 868 (0) 6 : 0.086 0.914
869 869 (0) 6 : 0.350 0.650
870 870 (0) 6 : 0.167 0.833
871 871 (0) 6 : 0.279 0.721
872 872 (0) 6 : 0.380 0.620
873 873 (0) 6 : 0.229 0.771
874 874 (0) 6 : 0.209 0.791
875 875 (0) 6 : 0.077 0.923
876 876 (0) 6 : 0.218 0.782
877 877 (0) 6 : 0.227 0.773
878 878 (0) 6 : 0.168 0.832
879 879 (0) 6 : 0.279 0.721
880 880 (0) 6 : 0.293 0.707
881 881 (0) 6 : 0.217 0.783
882 882 (0) 6 : 0.256 0.744
883 883 (0) 6 : 0.259 0.741
884 884 (0) 6 : 0.244 0.756
885 885 (0) 6 : 0.418 0.582
886 886 (0) 6 : 0.351 0.649
887 887 (0) 6 : 0.227 0.773
888 888 (0) 6 : 0.271 0.729
889 889 (0) 6 : 0.232 0.768
890 890 (0) 6 : 0.420 0.580
891 891 (0) 6 : 0.307 0.693
892 892 (0) 6 : 0.285 0.715
893 893 (0) 6 : 0.332 0.668
894 894 (0) 6 : 0.043 0.957
895 895 (0) 6 : 0.377 0.623
896 896 (0) 6 : 0.212 0.788
897 897 (0) 6 : 0.282 0.718
898 898 (0) 6 : 0.145 0.855
899 899 (0) 6 : 0.355 0.645
900 900 (0) 6 : 0.199 0.801
901 901 (0) 7 : 0.030 0.970
902 902 (0) 7 : 0.164 0.836
903 903 (0) 7 : 0.013 0.987
904 904 (0) 7 : 0.216 0.784
905 905 (0) 7 : 0.140 0.860
906 906 (0) 7 : 0.065 0.935
907 907 (0) 7 : 0.061 0.939
908 908 (0) 7 : 0.138 0.862
909 909 (0) 7 : 0.143 0.857
910 910 (0) 7 : 0.021 0.979
911 911 (0) 7 : 0.172 0.828
912 912 (0) 7 : 0.124 0.876
913 913 (0) 7 : 0.149 0.851
914 914 (0) 7 : 0.122 0.878
915 915 (0) 7 : 0.125 0.875
916 916 (0) 7 : 0.097 0.903
917 917 (0) 7 : 0.228 0.772
918 918 (0) 7 : 0.136 0.864
919 919 (0) 7 : 0.186 0.814
920 920 (0) 7 : 0.282 0.718
921 921 (0) 7 : 0.135 0.865
922 922 (0) 7 : 0.151 0.849
923 923 (0) 7 : 0.076 0.924
924 924 (0) 7 : 0.166 0.834
925 925 (0) 7 : 0.017 0.983
926 926 (0) 7 : 0.131 0.869
927 927 (0) 7 : 0.189 0.811
928 928 (0) 7 : 0.228 0.772
929 929 (0) 7 : 0.214 0.786
930 930 (0) 7 : 0.118 0.882
931 931 (0) 7 : 0.130 0.870
932 932 (0) 7 : 0.014 0.986
933 933 (0) 7 : 0.104 0.896
934 934 (0) 7 : 0.045 0.955
935 935 (0) 7 : 0.105 0.895
936 936 (0) 7 : 0.124 0.876
937 937 (0) 7 : 0.016 0.984
938 938 (0) 7 : 0.161 0.839
939 939 (0) 7 : 0.007 0.993
940 940 (0) 7 : 0.102 0.898
941 941 (0) 7 : 0.090 0.910
942 942 (0) 7 : 0.156 0.844
943 943 (0) 7 : 0.088 0.912
944 944 (0) 7 : 0.118 0.882
945 945 (0) 7 : 0.060 0.940
946 946 (0) 7 : 0.105 0.895
947 947 (0) 7 : 0.195 0.805
948 948 (0) 7 : 0.143 0.857
949 949 (0) 7 : 0.033 0.967
950 950 (0) 7 : 0.054 0.946
951 951 (0) 7 : 0.015 0.985
952 952 (0) 7 : 0.114 0.886
953 953 (0) 7 : 0.136 0.864
954 954 (0) 7 : 0.182 0.818
955 955 (0) 7 : 0.181 0.819
956 956 (0) 7 : 0.038 0.962
957 957 (0) 7 : 0.152 0.848
958 958 (0) 7 : 0.268 0.732
959 959 (0) 7 : 0.054 0.946
960 960 (0) 7 : 0.009 0.991
961 961 (0) 7 : 0.176 0.824
962 962 (0) 7 : 0.168 0.832
963 963 (0) 7 : 0.186 0.814
964 964 (0) 7 : 0.152 0.848
965 965 (0) 7 : 0.006 0.994
966 966 (0) 7 : 0.008 0.992
967 967 (0) 7 : 0.235 0.765
968 968 (0) 7 : 0.060 0.940
969 969 (0) 7 : 0.009 0.991
970 970 (0) 7 : 0.200 0.800
971 971 (0) 7 : 0.047 0.953
972 972 (0) 7 : 0.177 0.823
973 973 (0) 7 : 0.008 0.992
974 974 (0) 7 : 0.174 0.826
975 975 (0) 7 : 0.049 0.951
976 976 (0) 7 : 0.044 0.956
977 977 (0) 7 : 0.197 0.803
978 978 (0) 7 : 0.292 0.708
979 979 (0) 7 : 0.127 0.873
980 980 (0) 7 : 0.087 0.913
981 981 (0) 7 : 0.252 0.748
982 982 (0) 7 : 0.037 0.963
983 983 (0) 7 : 0.128 0.872
984 984 (0) 7 : 0.125 0.875
985 985 (0) 7 : 0.133 0.867
986 986 (0) 7 : 0.052 0.948
987 987 (0) 7 : 0.105 0.895
988 988 (0) 7 : 0.067 0.933
989 989 (0) 7 : 0.068 0.932
990 990 (0) 7 : 0.007 0.993
991 991 (0) 7 : 0.008 0.992
992 992 (0) 7 : 0.008 0.992
993 993 (0) 7 : 0.187 0.813
994 994 (0) 7 : 0.269 0.731
995 995 (0) 7 : 0.091 0.909
996 996 (0) 7 : 0.071 0.929
997 997 (0) 7 : 0.087 0.913
998 998 (0) 7 : 0.191 0.809
999 999 (0) 7 : 0.222 0.778
1000 1000 (0) 7 : 0.164 0.836
1001 1001 (5) 8 : 0.012 0.988
1002 1002 (0) 8 : 0.014 0.986
1003 1003 (0) 8 : 0.006 0.994
1004 1004 (0) 8 : 0.018 0.982
1005 1005 (0) 8 : 0.007 0.993
1006 1006 (0) 8 : 0.009 0.991
1007 1007 (0) 8 : 0.005 0.995
1008 1008 (0) 8 : 0.009 0.991
1009 1009 (0) 8 : 0.008 0.992
1010 1010 (0) 8 : 0.008 0.992
1011 1011 (0) 8 : 0.005 0.995
1012 1012 (0) 8 : 0.007 0.993
1013 1013 (0) 8 : 0.012 0.988
1014 1014 (5) 8 : 0.005 0.995
1015 1015 (0) 8 : 0.007 0.993
1016 1016 (0) 8 : 0.006 0.994
1017 1017 (0) 8 : 0.008 0.992
1018 1018 (0) 8 : 0.008 0.992
1019 1019 (0) 8 : 0.011 0.989
1020 1020 (0) 8 : 0.006 0.994
1021 1021 (0) 8 : 0.005 0.995
1022 1022 (0) 8 : 0.009 0.991
1023 1023 (0) 8 : 0.006 0.994
1024 1024 (0) 8 : 0.005 0.995
1025 1025 (0) 8 : 0.005 0.995
1026 1026 (0) 8 : 0.006 0.994
1027 1027 (0) 8 : 0.006 0.994
1028 1028 (0) 8 : 0.006 0.994
1029 1029 (0) 9 : 0.015 0.985
1030 1030 (0) 9 : 0.009 0.991
1031 1031 (0) 9 : 0.006 0.994
1032 1032 (0) 9 : 0.007 0.993
1033 1033 (0) 9 : 0.005 0.995
1034 1034 (0) 9 : 0.007 0.993
1035 1035 (0) 9 : 0.007 0.993
1036 1036 (0) 9 : 0.011 0.989
1037 1037 (0) 9 : 0.017 0.983
1038 1038 (0) 9 : 0.007 0.993
1039 1039 (0) 9 : 0.010 0.990
1040 1040 (0) 9 : 0.008 0.992
1041 1041 (0) 9 : 0.005 0.995
1042 1042 (0) 9 : 0.006 0.994
1043 1043 (0) 9 : 0.006 0.994
1044 1044 (0) 9 : 0.007 0.993
1045 1045 (0) 9 : 0.006 0.994
1046 1046 (0) 9 : 0.009 0.991
1047 1047 (0) 9 : 0.007 0.993
1048 1048 (0) 9 : 0.006 0.994
1049 1049 (0) 9 : 0.007 0.993
1050 1050 (0) 9 : 0.009 0.991
1051 1051 (0) 9 : 0.006 0.994
1052 1052 (0) 9 : 0.011 0.989
1053 1053 (0) 9 : 0.006 0.994
1054 1054 (0) 9 : 0.006 0.994
1055 1055 (0) 9 : 0.006 0.994
1056 1056 (0) 9 : 0.006 0.994
1057 1057 (0) 9 : 0.005 0.995
1058 1058 (0) 9 : 0.006 0.994
1059 1059 (0) 9 : 0.006 0.994
1060 1060 (0) 9 : 0.006 0.994
1061 1061 (0) 9 : 0.006 0.994
1062 1062 (0) 9 : 0.005 0.995
1063 1063 (0) 9 : 0.008 0.992
1064 1064 (0) 9 : 0.017 0.983
1065 1065 (0) 9 : 0.008 0.992
1066 1066 (0) 9 : 0.008 0.992
1067 1067 (0) 9 : 0.008 0.992
1068 1068 (0) 9 : 0.006 0.994
1069 1069 (0) 9 : 0.007 0.993
1070 1070 (0) 9 : 0.009 0.991
1071 1071 (0) 9 : 0.007 0.993
1072 1072 (0) 9 : 0.005 0.995
1073 1073 (0) 9 : 0.008 0.992
1074 1074 (0) 9 : 0.006 0.994
1075 1075 (0) 9 : 0.010 0.990
1076 1076 (0) 9 : 0.006 0.994
1077 1077 (0) 9 : 0.005 0.995
1078 1078 (0) 9 : 0.006 0.994
1079 1079 (0) 9 : 0.005 0.995
1080 1080 (0) 9 : 0.011 0.989
1081 1081 (0) 9 : 0.006 0.994
1082 1082 (0) 9 : 0.008 0.992
1083 1083 (0) 9 : 0.006 0.994
1084 1084 (0) 9 : 0.009 0.991
1085 1085 (0) 9 : 0.007 0.993
1086 1086 (0) 9 : 0.008 0.992
1087 1087 (0) 9 : 0.014 0.986
1088 1088 (0) 9 : 0.006 0.994
1089 1089 (0) 9 : 0.006 0.994
1090 1090 (0) 9 : 0.005 0.995
1091 1091 (0) 9 : 0.008 0.992
1092 1092 (0) 9 : 0.008 0.992
1093 1093 (0) 9 : 0.006 0.994
1094 1094 (0) 9 : 0.007 0.993
1095 1095 (0) 9 : 0.009 0.991
1096 1096 (0) 9 : 0.010 0.990
1097 1097 (0) 9 : 0.009 0.991
1098 1098 (0) 9 : 0.005 0.995
1099 1099 (0) 9 : 0.005 0.995
1100 1100 (0) 9 : 0.008 0.992
1101 1101 (0) 9 : 0.005 0.995
1102 1102 (0) 9 : 0.006 0.994
1103 1103 (0) 9 : 0.006 0.994
1104 1104 (0) 9 : 0.008 0.992
1105 1105 (0) 9 : 0.007 0.993
1106 1106 (0) 9 : 0.006 0.994
1107 1107 (0) 9 : 0.006 0.994
1108 1108 (0) 9 : 0.010 0.990
1109 1109 (0) 9 : 0.005 0.995
1110 1110 (0) 9 : 0.010 0.990
1111 1111 (0) 9 : 0.007 0.993
1112 1112 (0) 9 : 0.005 0.995
1113 1113 (0) 9 : 0.006 0.994
1114 1114 (0) 9 : 0.005 0.995
1115 1115 (0) 9 : 0.006 0.994
1116 1116 (0) 9 : 0.005 0.995
1117 1117 (0) 9 : 0.010 0.990
1118 1118 (0) 9 : 0.006 0.994
1119 1119 (0) 9 : 0.011 0.989
1120 1120 (0) 9 : 0.008 0.992
1121 1121 (0) 9 : 0.007 0.993
1122 1122 (0) 9 : 0.005 0.995
1123 1123 (0) 9 : 0.009 0.991
1124 1124 (0) 9 : 0.006 0.994
1125 1125 (0) 9 : 0.008 0.992
1126 1126 (0) 9 : 0.008 0.992
1127 1127 (0) 9 : 0.006 0.994
1128 1128 (0) 9 : 0.005 0.995
1129 1129 (0) 9 : 0.009 0.991
1130 1130 (0) 9 : 0.006 0.994
1131 1131 (0) 9 : 0.007 0.993
1132 1132 (0) 9 : 0.009 0.991
1133 1133 (0) 9 : 0.005 0.995
1134 1134 (0) 9 : 0.007 0.993
1135 1135 (0) 9 : 0.008 0.992
1136 1136 (0) 9 : 0.008 0.992
1137 1137 (0) 9 : 0.005 0.995
1138 1138 (0) 9 : 0.007 0.993
1139 1139 (0) 9 : 0.009 0.991
1140 1140 (0) 9 : 0.005 0.995
1141 1141 (0) 9 : 0.008 0.992
1142 1142 (0) 9 : 0.012 0.988
1143 1143 (0) 9 : 0.008 0.992
1144 1144 (0) 9 : 0.007 0.993
1145 1145 (0) 9 : 0.013 0.987
1146 1146 (0) 9 : 0.005 0.995
1147 1147 (0) 9 : 0.007 0.993
1148 1148 (0) 9 : 0.006 0.994
1149 1149 (0) 9 : 0.006 0.994
1150 1150 (0) 9 : 0.006 0.994
1151 1151 (0) 9 : 0.007 0.993
1152 1152 (0) 9 : 0.010 0.990
1153 1153 (0) 9 : 0.006 0.994
1154 1154 (0) 9 : 0.008 0.992
1155 1155 (0) 9 : 0.006 0.994
1156 1156 (0) 9 : 0.009 0.991
1157 1157 (0) 9 : 0.007 0.993
1158 1158 (0) 9 : 0.009 0.991
1159 1159 (0) 9 : 0.006 0.994
1160 1160 (0) 9 : 0.016 0.984
1161 1161 (0) 9 : 0.005 0.995
1162 1162 (0) 9 : 0.005 0.995
1163 1163 (0) 9 : 0.005 0.995
1164 1164 (0) 9 : 0.006 0.994
1165 1165 (0) 9 : 0.007 0.993
1166 1166 (0) 9 : 0.006 0.994
1167 1167 (0) 9 : 0.006 0.994
1168 1168 (0) 9 : 0.008 0.992
1169 1169 (0) 9 : 0.005 0.995
1170 1170 (0) 9 : 0.014 0.986
1171 1171 (0) 9 : 0.010 0.990
1172 1172 (0) 9 : 0.006 0.994
1173 1173 (0) 9 : 0.007 0.993
1174 1174 (0) 9 : 0.006 0.994
1175 1175 (0) 9 : 0.005 0.995
1176 1176 (0) 9 : 0.007 0.993
1177 1177 (0) 9 : 0.007 0.993
1178 1178 (0) 9 : 0.005 0.995
1179 1179 (0) 9 : 0.009 0.991
1180 1180 (0) 9 : 0.011 0.989
1181 1181 (0) 9 : 0.005 0.995
1182 1182 (0) 9 : 0.007 0.993
1183 1183 (0) 9 : 0.009 0.991
1184 1184 (0) 9 : 0.008 0.992
1185 1185 (0) 9 : 0.005 0.995
1186 1186 (0) 9 : 0.008 0.992
1187 1187 (0) 9 : 0.007 0.993
1188 1188 (0) 9 : 0.007 0.993
1189 1189 (0) 9 : 0.013 0.987
1190 1190 (0) 9 : 0.009 0.991
1191 1191 (0) 9 : 0.006 0.994
1192 1192 (0) 9 : 0.006 0.994
1193 1193 (0) 9 : 0.006 0.994
1194 1194 (0) 9 : 0.005 0.995
1195 1195 (0) 9 : 0.005 0.995
1196 1196 (0) 9 : 0.007 0.993
1197 1197 (0) 9 : 0.006 0.994
1198 1198 (0) 9 : 0.009 0.991
1199 1199 (0) 9 : 0.011 0.989
1200 1200 (0) 9 : 0.007 0.993
1201 1201 (0) 9 : 0.005 0.995
1202 1202 (0) 9 : 0.008 0.992
1203 1203 (0) 9 : 0.013 0.987
1204 1204 (0) 9 : 0.005 0.995
1205 1205 (0) 9 : 0.011 0.989
1206 1206 (0) 9 : 0.010 0.990
1207 1207 (0) 9 : 0.011 0.989
1208 1208 (0) 9 : 0.008 0.992
1209 1209 (0) 9 : 0.007 0.993
1210 1210 (0) 9 : 0.007 0.993
1211 1211 (0) 9 : 0.005 0.995
1212 1212 (0) 9 : 0.009 0.991
1213 1213 (0) 9 : 0.007 0.993
1214 1214 (0) 9 : 0.006 0.994
1215 1215 (0) 9 : 0.018 0.982
1216 1216 (0) 9 : 0.007 0.993
1217 1217 (0) 9 : 0.007 0.993
1218 1218 (0) 9 : 0.007 0.993
1219 1219 (0) 9 : 0.005 0.995
1220 1220 (0) 9 : 0.007 0.993
1221 1221 (0) 9 : 0.008 0.992
1222 1222 (0) 9 : 0.006 0.994
1223 1223 (0) 9 : 0.013 0.987
1224 1224 (0) 9 : 0.005 0.995
1225 1225 (0) 9 : 0.006 0.994
1226 1226 (0) 9 : 0.014 0.986
1227 1227 (0) 9 : 0.006 0.994
1228 1228 (0) 9 : 0.007 0.993
1229 1229 (0) 9 : 0.012 0.988
1230 1230 (0) 9 : 0.006 0.994
1231 1231 (0) 9 : 0.005 0.995
1232 1232 (0) 9 : 0.006 0.994
1233 1233 (0) 9 : 0.009 0.991
1234 1234 (0) 9 : 0.007 0.993
1235 1235 (0) 9 : 0.009 0.991
1236 1236 (0) 9 : 0.005 0.995
1237 1237 (0) 9 : 0.007 0.993
1238 1238 (0) 9 : 0.006 0.994
1239 1239 (0) 9 : 0.011 0.989
1240 1240 (0) 9 : 0.005 0.995
1241 1241 (0) 9 : 0.007 0.993
1242 1242 (0) 9 : 0.007 0.993
1243 1243 (0) 9 : 0.006 0.994
1244 1244 (0) 9 : 0.005 0.995
1245 1245 (0) 9 : 0.008 0.992
1246 1246 (0) 9 : 0.009 0.991
1247 1247 (0) 9 : 0.009 0.991
1248 1248 (0) 9 : 0.006 0.994
1249 1249 (0) 9 : 0.006 0.994
1250 1250 (0) 9 : 0.005 0.995
1251 1251 (0) 9 : 0.006 0.994
1252 1252 (0) 9 : 0.006 0.994
1253 1253 (0) 9 : 0.010 0.990
1254 1254 (0) 9 : 0.008 0.992
1255 1255 (0) 9 : 0.005 0.995
1256 1256 (0) 9 : 0.006 0.994
1257 1257 (0) 9 : 0.008 0.992
1258 1258 (0) 9 : 0.009 0.991
1259 1259 (0) 9 : 0.005 0.995
1260 1260 (0) 9 : 0.006 0.994
1261 1261 (0) 9 : 0.006 0.994
1262 1262 (0) 9 : 0.008 0.992
1263 1263 (0) 9 : 0.009 0.991
1264 1264 (0) 9 : 0.008 0.992
1265 1265 (0) 9 : 0.011 0.989
1266 1266 (0) 9 : 0.009 0.991
1267 1267 (0) 9 : 0.006 0.994
1268 1268 (0) 9 : 0.006 0.994
1269 1269 (0) 9 : 0.006 0.994
1270 1270 (0) 9 : 0.005 0.995
1271 1271 (0) 9 : 0.005 0.995
1272 1272 (0) 9 : 0.007 0.993
1273 1273 (0) 9 : 0.009 0.991
1274 1274 (0) 9 : 0.006 0.994
1275 1275 (0) 9 : 0.006 0.994
1276 1276 (0) 9 : 0.008 0.992
1277 1277 (0) 9 : 0.006 0.994
1278 1278 (0) 9 : 0.006 0.994
1279 1279 (0) 9 : 0.005 0.995
1280 1280 (0) 9 : 0.006 0.994
1281 1281 (0) 9 : 0.011 0.989
1282 1282 (0) 9 : 0.010 0.990
1283 1283 (0) 9 : 0.026 0.974
1284 1284 (0) 9 : 0.006 0.994
1285 1285 (0) 9 : 0.005 0.995
1286 1286 (0) 9 : 0.007 0.993
1287 1287 (0) 9 : 0.006 0.994
1288 1288 (0) 9 : 0.005 0.995
1289 1289 (0) 9 : 0.008 0.992
1290 1290 (0) 9 : 0.010 0.990
1291 1291 (0) 9 : 0.007 0.993
1292 1292 (0) 9 : 0.006 0.994
1293 1293 (0) 9 : 0.004 0.996
1294 1294 (0) 9 : 0.012 0.988
1295 1295 (0) 9 : 0.006 0.994
1296 1296 (0) 9 : 0.006 0.994
1297 1297 (0) 9 : 0.012 0.988
1298 1298 (0) 9 : 0.006 0.994
1299 1299 (0) 9 : 0.009 0.991
1300 1300 (0) 9 : 0.005 0.995
1301 1301 (0) 9 : 0.006 0.994
1302 1302 (0) 9 : 0.007 0.993
1303 1303 (0) 9 : 0.006 0.994
1304 1304 (0) 9 : 0.008 0.992
1305 1305 (0) 9 : 0.005 0.995
1306 1306 (0) 9 : 0.008 0.992
1307 1307 (0) 9 : 0.012 0.988
1308 1308 (0) 9 : 0.005 0.995
1309 1309 (0) 9 : 0.009 0.991
1310 1310 (0) 9 : 0.006 0.994
1311 1311 (0) 9 : 0.007 0.993
1312 1312 (0) 9 : 0.009 0.991
1313 1313 (0) 9 : 0.007 0.993
1314 1314 (0) 9 : 0.006 0.994
1315 1315 (0) 9 : 0.008 0.992
1316 1316 (0) 9 : 0.006 0.994
1317 1317 (0) 9 : 0.005 0.995
1318 1318 (0) 9 : 0.010 0.990
1319 1319 (0) 9 : 0.014 0.986
1320 1320 (0) 9 : 0.009 0.991
1321 1321 (0) 9 : 0.009 0.991
1322 1322 (0) 9 : 0.008 0.992
1323 1323 (0) 9 : 0.006 0.994
1324 1324 (0) 9 : 0.007 0.993
1325 1325 (0) 9 : 0.006 0.994
1326 1326 (0) 9 : 0.005 0.995
1327 1327 (0) 9 : 0.008 0.992
1328 1328 (0) 9 : 0.009 0.991
1329 1329 (0) 9 : 0.007 0.993
1330 1330 (0) 9 : 0.011 0.989
1331 1331 (0) 9 : 0.007 0.993
1332 1332 (0) 9 : 0.006 0.994
1333 1333 (0) 9 : 0.006 0.994
1334 1334 (0) 9 : 0.005 0.995
1335 1335 (0) 9 : 0.013 0.987
1336 1336 (0) 9 : 0.009 0.991
1337 1337 (0) 9 : 0.005 0.995
1338 1338 (0) 9 : 0.006 0.994
1339 1339 (0) 9 : 0.007 0.993
1340 1340 (0) 9 : 0.010 0.990
1341 1341 (0) 9 : 0.005 0.995
1342 1342 (0) 9 : 0.005 0.995
1343 1343 (0) 9 : 0.008 0.992
1344 1344 (0) 9 : 0.009 0.991
1345 1345 (0) 9 : 0.007 0.993
1346 1346 (0) 9 : 0.012 0.988
1347 1347 (0) 9 : 0.005 0.995
1348 1348 (0) 9 : 0.008 0.992
1349 1349 (0) 9 : 0.007 0.993
1350 1350 (0) 9 : 0.009 0.991
1351 1351 (0) 9 : 0.005 0.995
1352 1352 (0) 9 : 0.005 0.995
1353 1353 (0) 9 : 0.007 0.993
1354 1354 (0) 9 : 0.006 0.994
1355 1355 (0) 9 : 0.016 0.984
1356 1356 (0) 9 : 0.005 0.995
1357 1357 (0) 9 : 0.008 0.992
1358 1358 (0) 9 : 0.006 0.994
1359 1359 (0) 9 : 0.008 0.992
1360 1360 (0) 9 : 0.009 0.991
1361 1361 (0) 9 : 0.007 0.993
1362 1362 (0) 9 : 0.005 0.995
1363 1363 (0) 9 : 0.008 0.992
1364 1364 (0) 9 : 0.005 0.995
1365 1365 (0) 9 : 0.004 0.996
1366 1366 (0) 9 : 0.012 0.988
1367 1367 (0) 9 : 0.005 0.995
1368 1368 (0) 9 : 0.016 0.984
1369 1369 (0) 9 : 0.010 0.990
1370 1370 (0) 9 : 0.005 0.995
1371 1371 (0) 9 : 0.007 0.993
1372 1372 (0) 9 : 0.006 0.994
1373 1373 (0) 9 : 0.008 0.992
1374 1374 (0) 9 : 0.008 0.992
1375 1375 (0) 9 : 0.010 0.990
1376 1376 (0) 9 : 0.006 0.994
1377 1377 (0) 9 : 0.009 0.991
1378 1378 (0) 9 : 0.009 0.991
1379 1379 (0) 9 : 0.009 0.991
1380 1380 (0) 9 : 0.011 0.989
1381 1381 (0) 9 : 0.006 0.994
1382 1382 (0) 9 : 0.005 0.995
1383 1383 (0) 9 : 0.005 0.995
1384 1384 (0) 9 : 0.009 0.991
1385 1385 (0) 9 : 0.015 0.985
1386 1386 (0) 9 : 0.005 0.995
1387 1387 (0) 9 : 0.010 0.990
1388 1388 (0) 9 : 0.005 0.995
1389 1389 (0) 9 : 0.006 0.994
1390 1390 (0) 9 : 0.006 0.994
1391 1391 (0) 9 : 0.006 0.994
1392 1392 (0) 9 : 0.005 0.995
1393 1393 (0) 9 : 0.009 0.991
1394 1394 (0) 9 : 0.007 0.993
1395 1395 (0) 9 : 0.007 0.993
1396 1396 (0) 9 : 0.009 0.991
1397 1397 (0) 9 : 0.008 0.992
1398 1398 (0) 9 : 0.006 0.994
1399 1399 (0) 9 : 0.007 0.993
1400 1400 (0) 9 : 0.005 0.995
1401 1401 (0) 9 : 0.006 0.994
1402 1402 (0) 9 : 0.007 0.993
1403 1403 (0) 9 : 0.006 0.994
1404 1404 (0) 9 : 0.012 0.988
1405 1405 (0) 9 : 0.005 0.995
1406 1406 (0) 9 : 0.006 0.994
1407 1407 (0) 9 : 0.008 0.992
1408 1408 (0) 9 : 0.012 0.988
1409 1409 (0) 9 : 0.006 0.994
1410 1410 (0) 9 : 0.008 0.992
1411 1411 (0) 9 : 0.006 0.994
1412 1412 (0) 9 : 0.005 0.995
1413 1413 (0) 9 : 0.010 0.990
1414 1414 (0) 9 : 0.008 0.992
1415 1415 (0) 9 : 0.007 0.993
1416 1416 (0) 9 : 0.009 0.991
1417 1417 (0) 9 : 0.005 0.995
1418 1418 (0) 9 : 0.008 0.992
1419 1419 (0) 9 : 0.005 0.995
1420 1420 (0) 9 : 0.006 0.994
1421 1421 (0) 9 : 0.008 0.992
1422 1422 (0) 9 : 0.006 0.994
1423 1423 (0) 9 : 0.011 0.989
1424 1424 (0) 9 : 0.008 0.992
1425 1425 (0) 9 : 0.006 0.994
1426 1426 (0) 9 : 0.006 0.994
1427 1427 (0) 9 : 0.005 0.995
1428 1428 (0) 9 : 0.008 0.992
1429 1429 (0) 9 : 0.008 0.992
1430 1430 (0) 9 : 0.006 0.994
1431 1431 (0) 9 : 0.010 0.990
1432 1432 (0) 9 : 0.005 0.995
1433 1433 (0) 9 : 0.005 0.995
1434 1434 (0) 9 : 0.006 0.994
1435 1435 (0) 9 : 0.006 0.994
1436 1436 (0) 9 : 0.007 0.993
1437 1437 (0) 9 : 0.007 0.993
1438 1438 (0) 9 : 0.008 0.992
1439 1439 (0) 9 : 0.010 0.990
1440 1440 (0) 9 : 0.006 0.994
1441 1441 (0) 9 : 0.014 0.986
1442 1442 (0) 9 : 0.010 0.990
1443 1443 (0) 9 : 0.006 0.994
1444 1444 (0) 9 : 0.005 0.995
1445 1445 (0) 9 : 0.006 0.994
1446 1446 (0) 9 : 0.006 0.994
1447 1447 (0) 9 : 0.008 0.992
1448 1448 (0) 9 : 0.006 0.994
1449 1449 (0) 9 : 0.011 0.989
1450 1450 (0) 9 : 0.007 0.993
1451 1451 (0) 9 : 0.007 0.993
1452 1452 (0) 9 : 0.006 0.994
1453 1453 (0) 9 : 0.006 0.994
1454 1454 (0) 9 : 0.005 0.995
1455 1455 (0) 9 : 0.008 0.992
1456 1456 (0) 9 : 0.010 0.990
1457 1457 (0) 9 : 0.007 0.993
1458 1458 (0) 9 : 0.005 0.995
1459 1459 (0) 9 : 0.006 0.994
1460 1460 (0) 9 : 0.009 0.991
1461 1461 (0) 9 : 0.008 0.992
1462 1462 (0) 9 : 0.007 0.993
1463 1463 (0) 9 : 0.008 0.992
1464 1464 (0) 9 : 0.006 0.994
1465 1465 (0) 9 : 0.010 0.990
1466 1466 (0) 9 : 0.008 0.992
1467 1467 (0) 9 : 0.006 0.994
1468 1468 (0) 9 : 0.009 0.991
1469 1469 (0) 9 : 0.006 0.994
1470 1470 (0) 9 : 0.006 0.994
1471 1471 (0) 9 : 0.008 0.992
1472 1472 (0) 9 : 0.008 0.992
1473 1473 (0) 9 : 0.007 0.993
1474 1474 (0) 9 : 0.028 0.972
1475 1475 (0) 9 : 0.005 0.995
1476 1476 (0) 9 : 0.010 0.990
1477 1477 (0) 9 : 0.008 0.992
1478 1478 (0) 9 : 0.006 0.994
1479 1479 (0) 9 : 0.006 0.994
1480 1480 (0) 9 : 0.005 0.995
1481 1481 (0) 9 : 0.006 0.994
1482 1482 (0) 9 : 0.007 0.993
1483 1483 (0) 9 : 0.007 0.993
1484 1484 (0) 9 : 0.006 0.994
1485 1485 (0) 9 : 0.007 0.993
1486 1486 (0) 9 : 0.007 0.993
1487 1487 (0) 9 : 0.006 0.994
1488 1488 (0) 9 : 0.012 0.988
1489 1489 (0) 9 : 0.006 0.994
1490 1490 (0) 9 : 0.006 0.994
1491 1491 (0) 9 : 0.006 0.994
1492 1492 (0) 9 : 0.005 0.995
1493 1493 (0) 9 : 0.006 0.994
1494 1494 (0) 9 : 0.007 0.993
1495 1495 (0) 9 : 0.007 0.993
1496 1496 (0) 9 : 0.009 0.991
1497 1497 (0) 9 : 0.017 0.983
1498 1498 (0) 9 : 0.006 0.994
1499 1499 (0) 9 : 0.017 0.983
1500 1500 (0) 9 : 0.007 0.993
1 1 (5) 1 : 0.010 0.990
2 2 (5) 1 : 0.029 0.971
3 3 (5) 1 : 0.007 0.993
4 4 (0) 1 : 0.011 0.989
5 5 (0) 1 : 0.037 0.963
6 6 (0) 1 : 0.009 0.991
7 7 (0) 1 : 0.027 0.973
8 8 (5) 1 : 0.009 0.991
9 9 (0) 1 : 0.008 0.992
10 10 (0) 1 : 0.020 0.980
11 11 (0) 1 : 0.011 0.989
12 12 (0) 1 : 0.018 0.982
13 13 (0) 1 : 0.016 0.984
14 14 (0) 1 : 0.010 0.990
15 15 (0) 1 : 0.008 0.992
16 16 (0) 1 : 0.007 0.993
17 17 (0) 1 : 0.007 0.993
18 18 (0) 1 : 0.017 0.983
19 19 (0) 1 : 0.028 0.972
20 20 (0) 1 : 0.026 0.974
21 21 (0) 1 : 0.011 0.989
22 22 (0) 1 : 0.006 0.994
23 23 (0) 1 : 0.007 0.993
24 24 (0) 1 : 0.019 0.981
25 25 (0) 1 : 0.029 0.971
26 26 (0) 1 : 0.018 0.982
27 27 (5) 1 : 0.014 0.986
28 28 (0) 1 : 0.006 0.994
29 29 (0) 1 : 0.008 0.992
30 30 (0) 1 : 0.018 0.982
31 31 (0) 1 : 0.007 0.993
32 32 (0) 1 : 0.018 0.982
33 33 (0) 1 : 0.007 0.993
34 34 (0) 1 : 0.007 0.993
35 35 (0) 1 : 0.016 0.984
36 36 (0) 1 : 0.013 0.987
37 37 (0) 1 : 0.019 0.981
38 38 (0) 1 : 0.020 0.980
39 39 (0) 1 : 0.025 0.975
40 40 (0) 1 : 0.013 0.987
41 41 (0) 1 : 0.009 0.991
42 42 (0) 1 : 0.006 0.994
43 43 (0) 1 : 0.007 0.993
44 44 (0) 1 : 0.005 0.995
45 45 (5) 1 : 0.017 0.983
46 46 (0) 1 : 0.005 0.995
47 47 (0) 1 : 0.006 0.994
48 48 (0) 1 : 0.010 0.990
49 49 (0) 1 : 0.023 0.977
50 50 (0) 1 : 0.009 0.991
51 51 (0) 1 : 0.020 0.980
52 52 (0) 1 : 0.071 0.929
53 53 (0) 1 : 0.009 0.991
54 54 (0) 1 : 0.006 0.994
55 55 (0) 1 : 0.008 0.992
56 56 (0) 1 : 0.008 0.992
57 57 (10) 1 : 0.014 0.986
58 58 (5) 1 : 0.011 0.989
59 59 (0) 1 : 0.012 0.988
60 60 (0) 1 : 0.007 0.993
61 61 (0) 1 : 0.009 0.991
62 62 (0) 1 : 0.008 0.992
63 63 (0) 1 : 0.009 0.991
64 64 (0) 1 : 0.007 0.993
65 65 (0) 1 : 0.053 0.947
66 66 (0) 1 : 0.008 0.992
67 67 (5) 1 : 0.027 0.973
68 68 (0) 1 : 0.010 0.990
69 69 (0) 1 : 0.006 0.994
70 70 (0) 1 : 0.009 0.991
71 71 (5) 1 : 0.013 0.987
72 72 (0) 1 : 0.029 0.971
73 73 (5) 1 : 0.007 0.993
74 74 (10) 1 : 0.018 0.982
75 75 (10) 1 : 0.036 0.964
76 76 (0) 1 : 0.010 0.990
77 77 (10) 1 : 0.012 0.988
78 78 (0) 1 : 0.017 0.983
79 79 (5) 1 : 0.008 0.992
80 80 (0) 1 : 0.007 0.993
81 81 (0) 1 : 0.008 0.992
82 82 (0) 1 : 0.008 0.992
83 83 (0) 1 : 0.010 0.990
84 84 (0) 1 : 0.017 0.983
85 85 (0) 1 : 0.007 0.993
86 86 (5) 1 : 0.010 0.990
87 87 (0) 1 : 0.008 0.992
88 88 (0) 1 : 0.021 0.979
89 89 (0) 1 : 0.046 0.954
90 90 (0) 1 : 0.008 0.992
91 91 (0) 1 : 0.011 0.989
92 92 (0) 1 : 0.009 0.991
93 93 (0) 1 : 0.007 0.993
94 94 (5) 1 : 0.028 0.972
95 95 (0) 1 : 0.012 0.988
96 96 (5) 1 : 0.009 0.991
97 97 (0) 1 : 0.006 0.994
98 98 (0) 1 : 0.015 0.985
99 99 (5) 1 : 0.012 0.988
100 100 (5) 1 : 0.007 0.993
101 101 (0) 2 : 0.017 0.983
102 102 (0) 2 : 0.012 0.988
103 103 (0) 2 : 0.010 0.990
104 104 (0) 2 : 0.005 0.995
105 105 (0) 2 : 0.014 0.986
106 106 (0) 2 : 0.013 0.987
107 107 (0) 2 : 0.006 0.994
108 108 (0) 2 : 0.011 0.989
109 109 (0) 2 : 0.010 0.990
110 110 (0) 2 : 0.022 0.978
111 111 (0) 2 : 0.010 0.990
112 112 (0) 2 : 0.038 0.962
113 113 (0) 2 : 0.037 0.963
114 114 (0) 2 : 0.007 0.993
115 115 (0) 2 : 0.013 0.987
116 116 (0) 2 : 0.007 0.993
117 117 (0) 2 : 0.025 0.975
118 118 (0) 2 : 0.008 0.992
119 119 (0) 2 : 0.042 0.958
120 120 (0) 2 : 0.007 0.993
121 121 (0) 2 : 0.010 0.990
122 122 (0) 2 : 0.013 0.987
123 123 (0) 2 : 0.007 0.993
124 124 (0) 2 : 0.027 0.973
125 125 (0) 2 : 0.017 0.983
126 126 (0) 2 : 0.008 0.992
127 127 (0) 2 : 0.011 0.989
128 128 (0) 2 : 0.010 0.990
129 129 (0) 2 : 0.019 0.981
130 130 (0) 2 : 0.012 0.988
131 131 (0) 2 : 0.028 0.972
132 132 (0) 2 : 0.012 0.988
133 133 (0) 2 : 0.018 0.982
134 134 (0) 2 : 0.026 0.974
135 135 (0) 2 : 0.008 0.992
136 136 (0) 2 : 0.036 0.964
137 137 (0) 2 : 0.010 0.990
138 138 (0) 2 : 0.006 0.994
139 139 (0) 2 : 0.030 0.970
140 140 (0) 2 : 0.006 0.994
141 141 (0) 2 : 0.029 0.971
142 142 (0) 2 : 0.012 0.988
143 143 (0) 2 : 0.010 0.990
144 144 (0) 2 : 0.029 0.971
145 145 (0) 2 : 0.010 0.990
146 146 (0) 2 : 0.008 0.992
147 147 (0) 2 : 0.009 0.991
148 148 (0) 2 : 0.013 0.987
149 149 (0) 2 : 0.006 0.994
150 150 (0) 2 : 0.006 0.994
151 151 (0) 2 : 0.013 0.987
152 152 (0) 2 : 0.010 0.990
153 153 (0) 2 : 0.008 0.992
154 154 (0) 2 : 0.008 0.992
155 155 (0) 2 : 0.014 0.986
156 156 (0) 2 : 0.007 0.993
157 157 (0) 2 : 0.010 0.990
158 158 (0) 2 : 0.005 0.995
159 159 (0) 2 : 0.008 0.992
160 160 (0) 2 : 0.012 0.988
161 161 (0) 2 : 0.020 0.980
162 162 (0) 2 : 0.012 0.988
163 163 (0) 2 : 0.069 0.931
164 164 (0) 2 : 0.027 0.973
165 165 (0) 2 : 0.008 0.992
166 166 (0) 2 : 0.008 0.992
167 167 (0) 2 : 0.006 0.994
168 168 (0) 2 : 0.016 0.984
169 169 (0) 2 : 0.007 0.993
170 170 (0) 2 : 0.008 0.992
171 171 (0) 2 : 0.009 0.991
172 172 (0) 2 : 0.010 0.990
173 173 (0) 2 : 0.008 0.992
174 174 (0) 2 : 0.013 0.987
175 175 (0) 2 : 0.014 0.986
176 176 (0) 2 : 0.016 0.984
177 177 (0) 2 : 0.022 0.978
178 178 (0) 2 : 0.023 0.977
179 179 (0) 2 : 0.014 0.986
180 180 (0) 2 : 0.008 0.992
181 181 (0) 2 : 0.010 0.990
182 182 (0) 2 : 0.008 0.992
183 183 (0) 2 : 0.016 0.984
184 184 (0) 2 : 0.017 0.983
185 185 (0) 2 : 0.009 0.991
186 186 (0) 2 : 0.015 0.985
187 187 (0) 2 : 0.008 0.992
188 188 (0) 2 : 0.009 0.991
189 189 (0) 2 : 0.009 0.991
190 190 (0) 2 : 0.006 0.994
191 191 (0) 2 : 0.013 0.987
192 192 (0) 2 : 0.023 0.977
193 193 (0) 2 : 0.007 0.993
194 194 (0) 2 : 0.034 0.966
195 195 (0) 2 : 0.007 0.993
196 196 (0) 2 : 0.017 0.983
197 197 (0) 2 : 0.011 0.989
198 198 (0) 2 : 0.009 0.991
199 199 (0) 2 : 0.013 0.987
200 200 (0) 2 : 0.014 0.986
201 201 (0) 2 : 0.008 0.992
202 202 (0) 2 : 0.013 0.987
203 203 (0) 2 : 0.014 0.986
204 204 (0) 2 : 0.007 0.993
205 205 (0) 2 : 0.021 0.979
206 206 (0) 2 : 0.037 0.963
207 207 (0) 2 : 0.008 0.992
208 208 (0) 2 : 0.008 0.992
209 209 (0) 2 : 0.015 0.985
210 210 (0) 2 : 0.011 0.989
211 211 (0) 2 : 0.008 0.992
212 212 (0) 2 : 0.008 0.992
213 213 (0) 2 : 0.006 0.994
214 214 (0) 2 : 0.007 0.993
215 215 (0) 2 : 0.032 0.968
216 216 (0) 2 : 0.015 0.985
217 217 (0) 2 : 0.007 0.993
218 218 (0) 2 : 0.022 0.978
219 219 (0) 2 : 0.026 0.974
220 220 (0) 2 : 0.026 0.974
221 221 (0) 2 : 0.011 0.989
222 222 (0) 2 : 0.004 0.996
223 223 (0) 2 : 0.013 0.987
224 224 (0) 2 : 0.006 0.994
225 225 (0) 2 : 0.006 0.994
226 226 (0) 2 : 0.014 0.986
227 227 (0) 2 : 0.007 0.993
228 228 (0) 2 : 0.007 0.993
229 229 (0) 2 : 0.012 0.988
230 230 (0) 2 : 0.008 0.992
231 231 (0) 2 : 0.005 0.995
232 232 (0) 2 : 0.013 0.987
233 233 (0) 2 : 0.012 0.988
234 234 (0) 2 : 0.009 0.991
235 235 (0) 2 : 0.010 0.990
236 236 (0) 2 : 0.006 0.994
237 237 (0) 2 : 0.024 0.976
238 238 (0) 2 : 0.007 0.993
239 239 (0) 2 : 0.010 0.990
240 240 (0) 2 : 0.027 0.973
241 241 (0) 2 : 0.007 0.993
242 242 (0) 2 : 0.009 0.991
243 243 (0) 2 : 0.006 0.994
244 244 (0) 2 : 0.009 0.991
245 245 (0) 2 : 0.009 0.991
246 246 (0) 2 : 0.021 0.979
247 247 (0) 2 : 0.029 0.971
248 248 (0) 2 : 0.005 0.995
249 249 (0) 2 : 0.007 0.993
250 250 (0) 2 : 0.012 0.988
251 251 (0) 2 : 0.007 0.993
252 252 (0) 2 : 0.011 0.989
253 253 (0) 2 : 0.007 0.993
254 254 (0) 2 : 0.008 0.992
255 255 (0) 2 : 0.013 0.987
256 256 (0) 2 : 0.009 0.991
257 257 (0) 2 : 0.012 0.988
258 258 (0) 2 : 0.015 0.985
259 259 (0) 2 : 0.010 0.990
260 260 (0) 2 : 0.007 0.993
261 261 (0) 2 : 0.011 0.989
262 262 (0) 2 : 0.009 0.991
263 263 (0) 2 : 0.007 0.993
264 264 (0) 2 : 0.007 0.993
265 265 (0) 2 : 0.014 0.986
266 266 (0) 2 : 0.009 0.991
267 267 (0) 2 : 0.012 0.988
268 268 (0) 2 : 0.021 0.979
269 269 (0) 2 : 0.009 0.991
270 270 (0) 2 : 0.014 0.986
271 271 (0) 2 : 0.005 0.995
272 272 (0) 2 : 0.008 0.992
273 273 (0) 2 : 0.017 0.983
274 274 (0) 2 : 0.007 0.993
275 275 (0) 2 : 0.010 0.990
276 276 (0) 2 : 0.016 0.984
277 277 (0) 2 : 0.007 0.993
278 278 (0) 2 : 0.015 0.985
279 279 (0) 2 : 0.006 0.994
280 280 (0) 2 : 0.008 0.992
281 281 (0) 2 : 0.020 0.980
282 282 (0) 2 : 0.011 0.989
283 283 (0) 2 : 0.006 0.994
284 284 (0) 2 : 0.012 0.988
285 285 (0) 2 : 0.013 0.987
286 286 (0) 2 : 0.012 0.988
287 287 (0) 2 : 0.010 0.990
288 288 (0) 2 : 0.030 0.970
289 289 (0) 2 : 0.007 0.993
290 290 (0) 2 : 0.011 0.989
291 291 (0) 2 : 0.012 0.988
292 292 (0) 2 : 0.013 0.987
293 293 (0) 2 : 0.028 0.972
294 294 (0) 2 : 0.022 0.978
295 295 (0) 2 : 0.010 0.990
296 296 (0) 2 : 0.008 0.992
297 297 (0) 2 : 0.021 0.979
298 298 (0) 2 : 0.006 0.994
299 299 (0) 2 : 0.012 0.988
300 300 (0) 2 : 0.045 0.955
301 301 (0) 2 : 0.011 0.989
302 302 (0) 2 : 0.006 0.994
303 303 (0) 2 : 0.008 0.992
304 304 (0) 2 : 0.014 0.986
305 305 (0) 2 : 0.007 0.993
306 306 (0) 2 : 0.008 0.992
307 307 (0) 2 : 0.010 0.990
308 308 (0) 2 : 0.013 0.987
309 309 (0) 2 : 0.008 0.992
310 310 (0) 2 : 0.006 0.994
311 311 (0) 2 : 0.038 0.962
312 312 (0) 2 : 0.010 0.990
313 313 (0) 2 : 0.010 0.990
314 314 (0) 2 : 0.007 0.993
315 315 (0) 2 : 0.026 0.974
316 316 (0) 2 : 0.022 0.978
317 317 (0) 2 : 0.006 0.994
318 318 (0) 2 : 0.006 0.994
319 319 (0) 2 : 0.008 0.992
320 320 (0) 2 : 0.007 0.993
321 321 (0) 2 : 0.012 0.988
322 322 (0) 2 : 0.016 0.984
323 323 (0) 2 : 0.012 0.988
324 324 (0) 2 : 0.008 0.992
325 325 (0) 2 : 0.009 0.991
326 326 (0) 2 : 0.005 0.995
327 327 (0) 2 : 0.008 0.992
328 328 (0) 2 : 0.010 0.990
329 329 (0) 2 : 0.031 0.969
330 330 (0) 2 : 0.013 0.987
331 331 (0) 2 : 0.008 0.992
332 332 (0) 2 : 0.008 0.992
333 333 (0) 2 : 0.018 0.982
334 334 (0) 2 : 0.008 0.992
335 335 (0) 2 : 0.007 0.993
336 336 (0) 2 : 0.006 0.994
337 337 (0) 2 : 0.014 0.986
338 338 (0) 2 : 0.011 0.989
339 339 (0) 2 : 0.015 0.985
340 340 (0) 2 : 0.008 0.992
341 341 (0) 2 : 0.011 0.989
342 342 (0) 2 : 0.006 0.994
343 343 (0) 2 : 0.014 0.986
344 344 (0) 2 : 0.020 0.980
345 345 (0) 2 : 0.006 0.994
346 346 (0) 2 : 0.007 0.993
347 347 (0) 2 : 0.006 0.994
348 348 (0) 2 : 0.008 0.992
349 349 (0) 2 : 0.033 0.967
350 350 (0) 2 : 0.010 0.990
351 351 (0) 2 : 0.010 0.990
352 352 (0) 2 : 0.006 0.994
353 353 (0) 2 : 0.009 0.991
354 354 (0) 2 : 0.007 0.993
355 355 (0) 2 : 0.014 0.986
356 356 (0) 2 : 0.014 0.986
357 357 (0) 2 : 0.006 0.994
358 358 (0) 2 : 0.008 0.992
359 359 (0) 2 : 0.009 0.991
360 360 (0) 2 : 0.012 0.988
361 361 (0) 2 : 0.020 0.980
362 362 (0) 2 : 0.028 0.972
363 363 (0) 2 : 0.007 0.993
364 364 (0) 2 : 0.027 0.973
365 365 (0) 2 : 0.014 0.986
366 366 (0) 2 : 0.006 0.994
367 367 (0) 2 : 0.012 0.988
368 368 (0) 2 : 0.008 0.992
369 369 (0) 2 : 0.014 0.986
370 370 (0) 2 : 0.004 0.996
371 371 (0) 2 : 0.014 0.986
372 372 (0) 2 : 0.006 0.994
373 373 (0) 2 : 0.007 0.993
374 374 (0) 2 : 0.014 0.986
375 375 (0) 2 : 0.007 0.993
376 376 (0) 2 : 0.010 0.990
377 377 (0) 2 : 0.010 0.990
378 378 (0) 2 : 0.011 0.989
379 379 (0) 2 : 0.031 0.969
380 380 (0) 2 : 0.017 0.983
381 381 (0) 2 : 0.020 0.980
382 382 (0) 2 : 0.022 0.978
383 383 (0) 2 : 0.065 0.935
384 384 (0) 2 : 0.011 0.989
385 385 (0) 2 : 0.039 0.961
386 386 (0) 2 : 0.006 0.994
387 387 (0) 2 : 0.009 0.991
388 388 (0) 2 : 0.017 0.983
389 389 (0) 2 : 0.025 0.975
390 390 (0) 2 : 0.008 0.992
391 391 (0) 2 : 0.013 0.987
392 392 (0) 2 : 0.013 0.987
393 393 (0) 2 : 0.010 0.990
394 394 (0) 2 : 0.017 0.983
395 395 (0) 2 : 0.195 0.805
396 396 (0) 2 : 0.010 0.990
397 397 (0) 2 : 0.011 0.989
398 398 (0) 2 : 0.039 0.961
399 399 (0) 2 : 0.010 0.990
400 400 (0) 2 : 0.010 0.990
401 401 (0) 2 : 0.009 0.991
402 402 (0) 2 : 0.005 0.995
403 403 (0) 2 : 0.007 0.993
404 404 (0) 2 : 0.006 0.994
405 405 (0) 2 : 0.008 0.992
406 406 (0) 2 : 0.048 0.952
407 407 (0) 2 : 0.006 0.994
408 408 (0) 2 : 0.008 0.992
409 409 (0) 2 : 0.012 0.988
410 410 (0) 2 : 0.039 0.961
411 411 (0) 2 : 0.009 0.991
412 412 (0) 2 : 0.011 0.989
413 413 (0) 2 : 0.013 0.987
414 414 (0) 2 : 0.011 0.989
415 415 (0) 2 : 0.007 0.993
416 416 (0) 2 : 0.024 0.976
417 417 (0) 2 : 0.010 0.990
418 418 (0) 2 : 0.011 0.989
419 419 (0) 2 : 0.013 0.987
420 420 (0) 2 : 0.006 0.994
421 421 (0) 2 : 0.017 0.983
422 422 (0) 2 : 0.013 0.987
423 423 (0) 2 : 0.006 0.994
424 424 (0) 2 : 0.008 0.992
425 425 (0) 2 : 0.049 0.951
426 426 (0) 2 : 0.020 0.980
427 427 (0) 2 : 0.010 0.990
428 428 (0) 2 : 0.018 0.982
429 429 (0) 2 : 0.020 0.980
430 430 (0) 2 : 0.006 0.994
431 431 (0) 2 : 0.008 0.992
432 432 (0) 2 : 0.007 0.993
433 433 (0) 2 : 0.011 0.989
434 434 (0) 2 : 0.026 0.974
435 435 (0) 2 : 0.014 0.986
436 436 (0) 2 : 0.010 0.990
437 437 (0) 2 : 0.006 0.994
438 438 (0) 2 : 0.008 0.992
439 439 (0) 2 : 0.009 0.991
440 440 (0) 2 : 0.006 0.994
441 441 (0) 2 : 0.005 0.995
442 442 (0) 2 : 0.013 0.987
443 443 (0) 2 : 0.010 0.990
444 444 (0) 2 : 0.078 0.922
445 445 (0) 2 : 0.008 0.992
446 446 (0) 2 : 0.008 0.992
447 447 (0) 2 : 0.006 0.994
448 448 (0) 2 : 0.010 0.990
449 449 (0) 2 : 0.005 0.995
450 450 (0) 2 : 0.010 0.990
451 451 (0) 2 : 0.025 0.975
452 452 (0) 2 : 0.043 0.957
453 453 (0) 2 : 0.007 0.993
454 454 (0) 2 : 0.006 0.994
455 455 (0) 2 : 0.014 0.986
456 456 (0) 2 : 0.008 0.992
457 457 (0) 2 : 0.006 0.994
458 458 (0) 2 : 0.009 0.991
459 459 (0) 2 : 0.018 0.982
460 460 (0) 2 : 0.013 0.987
461 461 (0) 2 : 0.007 0.993
462 462 (0) 2 : 0.016 0.984
463 463 (0) 2 : 0.008 0.992
464 464 (0) 2 : 0.009 0.991
465 465 (0) 2 : 0.013 0.987
466 466 (0) 2 : 0.010 0.990
467 467 (0) 2 : 0.016 0.984
468 468 (0) 2 : 0.009 0.991
469 469 (0) 2 : 0.009 0.991
470 470 (0) 2 : 0.011 0.989
471 471 (0) 2 : 0.009 0.991
472 472 (0) 2 : 0.014 0.986
473 473 (0) 2 : 0.007 0.993
474 474 (0) 2 : 0.018 0.982
475 475 (0) 2 : 0.009 0.991
476 476 (0) 2 : 0.017 0.983
477 477 (0) 2 : 0.017 0.983
478 478 (0) 2 : 0.010 0.990
479 479 (0) 2 : 0.009 0.991
480 480 (0) 2 : 0.007 0.993
481 481 (0) 2 : 0.013 0.987
482 482 (0) 2 : 0.031 0.969
483 483 (0) 2 : 0.009 0.991
484 484 (0) 2 : 0.008 0.992
485 485 (0) 2 : 0.009 0.991
486 486 (0) 2 : 0.007 0.993
487 487 (0) 2 : 0.011 0.989
488 488 (0) 2 : 0.024 0.976
489 489 (0) 2 : 0.005 0.995
490 490 (0) 2 : 0.006 0.994
491 491 (0) 2 : 0.015 0.985
492 492 (0) 2 : 0.061 0.939
493 493 (0) 2 : 0.013 0.987
494 494 (0) 2 : 0.007 0.993
495 495 (0) 2 : 0.008 0.992
496 496 (0) 2 : 0.014 0.986
497 497 (0) 2 : 0.021 0.979
498 498 (0) 2 : 0.008 0.992
499 499 (0) 2 : 0.011 0.989
500 500 (0) 2 : 0.005 0.995
501 501 (0) 3 : 0.112 0.888
502 502 (0) 3 : 0.006 0.994
503 503 (0) 3 : 0.147 0.853
504 504 (0) 3 : 0.149 0.851
505 505 (0) 3 : 0.199 0.801
506 506 (0) 3 : 0.091 0.909
507 507 (0) 3 : 0.057 0.943
508 508 (0) 3 : 0.111 0.889
509 509 (0) 3 : 0.127 0.873
510 510 (0) 3 : 0.112 0.888
511 511 (0) 3 : 0.126 0.874
512 512 (0) 3 : 0.183 0.817
513 513 (0) 3 : 0.121 0.879
514 514 (0) 3 : 0.199 0.801
515 515 (0) 3 : 0.049 0.951
516 516 (0) 3 : 0.012 0.988
517 517 (0) 3 : 0.014 0.986
518 518 (0) 3 : 0.014 0.986
519 519 (0) 3 : 0.070 0.930
520 520 (0) 3 : 0.023 0.977
521 521 (0) 3 : 0.142 0.858
522 522 (0) 3 : 0.053 0.947
523 523 (0) 3 : 0.079 0.921
524 524 (0) 3 : 0.061 0.939
525 525 (0) 3 : 0.213 0.787
526 526 (0) 3 : 0.044 0.956
527 527 (0) 3 : 0.130 0.870
528 528 (0) 3 : 0.089 0.911
529 529 (0) 3 : 0.077 0.923
530 530 (0) 3 : 0.077 0.923
531 531 (0) 3 : 0.032 0.968
532 532 (0) 3 : 0.022 0.978
533 533 (0) 3 : 0.265 0.735
534 534 (0) 3 : 0.033 0.967
535 535 (0) 3 : 0.105 0.895
536 536 (0) 3 : 0.061 0.939
537 537 (0) 3 : 0.018 0.982
538 538 (0) 3 : 0.250 0.750
539 539 (0) 3 : 0.043 0.957
540 540 (0) 3 : 0.090 0.910
541 541 (0) 3 : 0.018 0.982
542 542 (0) 3 : 0.105 0.895
543 543 (0) 3 : 0.053 0.947
544 544 (0) 3 : 0.111 0.889
545 545 (0) 3 : 0.122 0.878
546 546 (0) 3 : 0.267 0.733
547 547 (0) 3 : 0.010 0.990
548 548 (0) 3 : 0.211 0.789
549 549 (0) 3 : 0.197 0.803
550 550 (0) 3 : 0.062 0.938
551 551 (0) 3 : 0.017 0.983
552 552 (0) 3 : 0.031 0.969
553 553 (0) 3 : 0.250 0.750
554 554 (0) 3 : 0.051 0.949
555 555 (0) 3 : 0.156 0.844
556 556 (0) 3 : 0.022 0.978
557 557 (0) 3 : 0.023 0.977
558 558 (0) 3 : 0.075 0.925
559 559 (0) 3 : 0.018 0.982
560 560 (0) 3 : 0.087 0.913
561 561 (0) 3 : 0.008 0.992
562 562 (0) 3 : 0.096 0.904
563 563 (0) 3 : 0.257 0.743
564 564 (0) 3 : 0.129 0.871
565 565 (0) 3 : 0.025 0.975
566 566 (0) 3 : 0.073 0.927
567 567 (0) 3 : 0.007 0.993
568 568 (0) 3 : 0.060 0.940
569 569 (0) 3 : 0.136 0.864
570 570 (0) 3 : 0.010 0.990
571 571 (0) 3 : 0.133 0.867
572 572 (0) 3 : 0.087 0.913
573 573 (0) 3 : 0.255 0.745
574 574 (0) 3 : 0.156 0.844
575 575 (0) 3 : 0.062 0.938
576 576 (0) 3 : 0.063 0.937
577 577 (0) 3 : 0.152 0.848
578 578 (0) 3 : 0.128 0.872
579 579 (0) 3 : 0.039 0.961
580 580 (0) 3 : 0.071 0.929
581 581 (0) 3 : 0.073 0.927
582 582 (0) 3 : 0.203 0.797
583 583 (0) 3 : 0.095 0.905
584 584 (0) 3 : 0.066 0.934
585 585 (0) 3 : 0.332 0.668
586 586 (0) 3 : 0.012 0.988
587 587 (0) 3 : 0.125 0.875
588 588 (0) 3 : 0.094 0.906
589 589 (0) 3 : 0.215 0.785
590 590 (0) 3 : 0.007 0.993
591 591 (0) 3 : 0.047 0.953
592 592 (0) 3 : 0.076 0.924
593 593 (0) 3 : 0.049 0.951
594 594 (0) 3 : 0.018 0.982
595 595 (0) 3 : 0.018 0.982
596 596 (0) 3 : 0.103 0.897
597 597 (0) 3 : 0.225 0.775
598 598 (0) 3 : 0.081 0.919
599 599 (0) 3 : 0.125 0.875
600 600 (0) 3 : 0.411 0.589
601 601 (0) 4 : 0.246 0.754
602 602 (0) 4 : 0.317 0.683
603 603 (0) 4 : 0.279 0.721
604 604 (0) 4 : 0.228 0.772
605 605 (0) 4 : 0.291 0.709
606 606 (0) 4 : 0.218 0.782
607 607 (0) 4 : 0.316 0.684
608 608 (0) 4 : 0.133 0.867
609 609 (0) 4 : 0.283 0.717
610 610 (0) 4 : 0.238 0.762
611 611 (0) 4 : 0.356 0.644
612 612 (0) 4 : 0.122 0.878
613 613 (0) 4 : 0.148 0.852
614 614 (0) 4 : 0.224 0.776
615 615 (0) 4 : 0.148 0.852
616 616 (0) 4 : 0.065 0.935
617 617 (0) 4 : 0.245 0.755
618 618 (0) 4 : 0.151 0.849
619 619 (0) 4 : 0.180 0.820
620 620 (0) 4 : 0.382 0.618
621 621 (0) 4 : 0.118 0.882
622 622 (0) 4 : 0.276 0.724
623 623 (0) 4 : 0.203 0.797
624 624 (0) 4 : 0.123 0.877
625 625 (0) 4 : 0.145 0.855
626 626 (0) 4 : 0.238 0.762
627 627 (0) 4 : 0.235 0.765
628 628 (0) 4 : 0.114 0.886
629 629 (0) 4 : 0.040 0.960
630 630 (0) 4 : 0.207 0.793
631 631 (0) 4 : 0.119 0.881
632 632 (0) 4 : 0.179 0.821
633 633 (0) 4 : 0.334 0.666
634 634 (0) 4 : 0.268 0.732
635 635 (0) 4 : 0.244 0.756
636 636 (0) 4 : 0.379 0.621
637 637 (0) 4 : 0.277 0.723
638 638 (0) 4 : 0.031 0.969
639 639 (0) 4 : 0.248 0.752
640 640 (0) 4 : 0.163 0.837
641 641 (0) 4 : 0.225 0.775
642 642 (0) 4 : 0.073 0.927
643 643 (0) 4 : 0.315 0.685
644 644 (0) 4 : 0.097 0.903
645 645 (0) 4 : 0.316 0.684
646 646 (0) 4 : 0.091 0.909
647 647 (0) 4 : 0.149 0.851
648 648 (0) 4 : 0.232 0.768
649 649 (0) 4 : 0.027 0.973
650 650 (0) 4 : 0.196 0.804
651 651 (0) 4 : 0.182 0.818
652 652 (0) 4 : 0.256 0.744
653 653 (0) 4 : 0.162 0.838
654 654 (0) 4 : 0.320 0.680
655 655 (0) 4 : 0.077 0.923
656 656 (0) 4 : 0.150 0.850
657 657 (0) 4 : 0.318 0.682
658 658 (0) 4 : 0.257 0.743
659 659 (0) 4 : 0.324 0.676
660 660 (0) 4 : 0.173 0.827
661 661 (0) 4 : 0.097 0.903
662 662 (0) 4 : 0.267 0.733
663 663 (0) 4 : 0.328 0.672
664 664 (0) 4 : 0.150 0.850
665 665 (0) 4 : 0.157 0.843
666 666 (0) 4 : 0.015 0.985
667 667 (0) 4 : 0.235 0.765
668 668 (0) 4 : 0.239 0.761
669 669 (0) 4 : 0.011 0.989
670 670 (0) 4 : 0.220 0.780
671 671 (0) 4 : 0.189 0.811
672 672 (0) 4 : 0.309 0.691
673 673 (0) 4 : 0.210 0.790
674 674 (0) 4 : 0.158 0.842
675 675 (0) 4 : 0.338 0.662
676 676 (0) 4 : 0.343 0.657
677 677 (0) 4 : 0.041 0.959
678 678 (0) 4 : 0.178 0.822
679 679 (0) 4 : 0.091 0.909
680 680 (0) 4 : 0.145 0.855
681 681 (0) 4 : 0.130 0.870
682 682 (0) 4 : 0.293 0.707
683 683 (0) 4 : 0.067 0.933
684 684 (0) 4 : 0.237 0.763
685 685 (0) 4 : 0.413 0.587
686 686 (0) 4 : 0.297 0.703
687 687 (0) 4 : 0.471 0.529
688 688 (0) 4 : 0.191 0.809
689 689 (0) 4 : 0.191 0.809
690 690 (0) 4 : 0.322 0.678
691 691 (0) 4 : 0.078 0.922
692 692 (0) 4 : 0.244 0.756
693 693 (0) 4 : 0.320 0.680
694 694 (0) 4 : 0.180 0.820
695 695 (0) 4 : 0.313 0.687
696 696 (0) 4 : 0.196 0.804
697 697 (0) 4 : 0.069 0.931
698 698 (0) 4 : 0.286 0.714
699 699 (0) 4 : 0.255 0.745
700 700 (0) 4 : 0.410 0.590
701 701 (0) 5 : 0.418 0.582
702 702 (0) 5 : 0.632 0.368
703 703 (0) 5 : 0.505 0.495
704 704 (0) 5 : 0.575 0.425
705 705 (0) 5 : 0.482 0.518
706 706 (0) 5 : 0.468 0.532
707 707 (0) 5 : 0.583 0.417
708 708 (0) 5 : 0.583 0.417
709 709 (0) 5 : 0.532 0.468
710 710 (0) 5 : 0.381 0.619
711 711 (0) 5 : 0.480 0.520
712 712 (0) 5 : 0.438 0.562
713 713 (0) 5 : 0.550 0.450
714 714 (0) 5 : 0.635 0.365
715 715 (0) 5 : 0.450 0.550
716 716 (0) 5 : 0.550 0.450
717 717 (0) 5 : 0.479 0.521
718 718 (0) 5 : 0.541 0.459
719 719 (0) 5 : 0.513 0.487
720 720 (0) 5 : 0.513 0.487
721 721 (0) 5 : 0.376 0.624
722 722 (0) 5 : 0.516 0.484
723 723 (0) 5 : 0.493 0.507
724 724 (0) 5 : 0.469 0.531
725 725 (0) 5 : 0.561 0.439
726 726 (0) 5 : 0.275 0.725
727 727 (0) 5 : 0.549 0.451
728 728 (0) 5 : 0.361 0.639
729 729 (0) 5 : 0.370 0.630
730 730 (0) 5 : 0.412 0.588
731 731 (0) 5 : 0.390 0.610
732 732 (0) 5 : 0.581 0.419
733 733 (0) 5 : 0.465 0.535
734 734 (0) 5 : 0.667 0.333
735 735 (0) 5 : 0.431 0.569
736 736 (0) 5 : 0.452 0.548
737 737 (0) 5 : 0.532 0.468
738 738 (0) 5 : 0.553 0.447
739 739 (0) 5 : 0.533 0.467
740 740 (0) 5 : 0.387 0.613
741 741 (0) 5 : 0.558 0.442
742 742 (0) 5 : 0.603 0.397
743 743 (0) 5 : 0.480 0.520
744 744 (0) 5 : 0.520 0.480
745 745 (0) 5 : 0.390 0.610
746 746 (0) 5 : 0.514 0.486
747 747 (0) 5 : 0.593 0.407
748 748 (0) 5 : 0.441 0.559
749 749 (0) 5 : 0.358 0.642
750 750 (0) 5 : 0.485 0.515
751 751 (0) 5 : 0.553 0.447
752 752 (0) 5 : 0.577 0.423
753 753 (0) 5 : 0.687 0.313
754 754 (0) 5 : 0.471 0.529
755 755 (0) 5 : 0.501 0.499
756 756 (0) 5 : 0.402 0.598
757 757 (0) 5 : 0.616 0.384
758 758 (0) 5 : 0.491 0.509
759 759 (0) 5 : 0.389 0.611
760 760 (0) 5 : 0.373 0.627
761 761 (0) 5 : 0.417 0.583
762 762 (0) 5 : 0.435 0.565
763 763 (0) 5 : 0.485 0.515
764 764 (0) 5 : 0.485 0.515
765 765 (0) 5 : 0.485 0.515
766 766 (0) 5 : 0.516 0.484
767 767 (0) 5 : 0.499 0.501
768 768 (0) 5 : 0.578 0.422
769 769 (0) 5 : 0.357 0.643
770 770 (0) 5 : 0.669 0.331
771 771 (0) 5 : 0.365 0.635
772 772 (0) 5 : 0.521 0.479
773 773 (0) 5 : 0.425 0.575
774 774 (0) 5 : 0.244 0.756
775 775 (0) 5 : 0.503 0.497
776 776 (0) 5 : 0.417 0.583
777 777 (0) 5 : 0.568 0.432
778 778 (0) 5 : 0.373 0.627
779 779 (0) 5 : 0.479 0.521
780 780 (0) 5 : 0.372 0.628
781 781 (0) 5 : 0.552 0.448
782 782 (0) 5 : 0.476 0.524
783 783 (0) 5 : 0.429 0.571
784 784 (0) 5 : 0.473 0.527
785 785 (0) 5 : 0.521 0.479
786 786 (0) 5 : 0.508 0.492
787 787 (0) 5 : 0.516 0.484
788 788 (0) 5 : 0.383 0.617
789 789 (0) 5 : 0.470 0.530
790 790 (0) 5 : 0.552 0.448
791 791 (0) 5 : 0.544 0.456
792 792 (0) 5 : 0.430 0.570
793 793 (0) 5 : 0.509 0.491
794 794 (0) 5 : 0.546 0.454
795 795 (0) 5 : 0.598 0.402
796 796 (0) 5 : 0.437 0.563
797 797 (0) 5 : 0.535 0.465
798 798 (0) 5 : 0.566 0.434
799 799 (0) 5 : 0.725 0.275
800 800 (0) 5 : 0.569 0.431
801 801 (0) 6 : 0.797 0.203
802 802 (0) 6 : 0.719 0.281
803 803 (0) 6 : 0.729 0.271
804 804 (0) 6 : 0.619 0.381
805 805 (0) 6 : 0.704 0.296
806 806 (0) 6 : 0.737 0.263
807 807 (0) 6 : 0.809 0.191
808 808 (0) 6 : 0.886 0.114
809 809 (0) 6 : 0.802 0.198
810 810 (0) 6 : 0.888 0.112
811 811 (0) 6 : 0.712 0.288
812 812 (0) 6 : 0.747 0.253
813 813 (0) 6 : 0.731 0.269
814 814 (0) 6 : 0.798 0.202
815 815 (0) 6 : 0.618 0.382
816 816 (0) 6 : 0.666 0.334
817 817 (0) 6 : 0.652 0.348
818 818 (0) 6 : 0.637 0.363
819 819 (0) 6 : 0.850 0.150
820 820 (0) 6 : 0.807 0.193
821 821 (0) 6 : 0.807 0.193
822 822 (0) 6 : 0.809 0.191
823 823 (0) 6 : 0.792 0.208
824 824 (0) 6 : 0.777 0.223
825 825 (0) 6 : 0.685 0.315
826 826 (0) 6 : 0.782 0.218
827 827 (0) 6 : 0.880 0.120
828 828 (0) 6 : 0.820 0.180
829 829 (0) 6 : 0.801 0.199
830 830 (0) 6 : 0.749 0.251
831 831 (0) 6 : 0.844 0.156
832 832 (0) 6 : 0.671 0.329
833 833 (0) 6 : 0.680 0.320
834 834 (0) 6 : 0.639 0.361
835 835 (0) 6 : 0.697 0.303
836 836 (0) 6 : 0.885 0.115
837 837 (0) 6 : 0.648 0.352
838 838 (0) 6 : 0.909 0.091
839 839 (0) 6 : 0.655 0.345
840 840 (0) 6 : 0.898 0.102
841 841 (0) 6 : 0.886 0.114
842 842 (0) 6 : 0.736 0.264
843 843 (0) 6 : 0.666 0.334
844 844 (0) 6 : 0.672 0.328
845 845 (0) 6 : 0.928 0.072
846 846 (0) 6 : 0.663 0.337
847 847 (0) 6 : 0.766 0.234
848 848 (0) 6 : 0.699 0.301
849 849 (0) 6 : 0.655 0.345
850 850 (0) 6 : 0.802 0.198
851 851 (0) 6 : 0.700 0.300
852 852 (0) 6 : 0.686 0.314
853 853 (0) 6 : 0.590 0.410
854 854 (0) 6 : 0.989 0.011
855 855 (0) 6 : 0.734 0.266
856 856 (0) 6 : 0.788 0.212
857 857 (0) 6 : 0.623 0.377
858 858 (0) 6 : 0.602 0.398
859 859 (0) 6 : 0.828 0.172
860 860 (0) 6 : 0.829 0.171
861 861 (0) 6 : 0.855 0.145
862 862 (0) 6 : 0.803 0.197
863 863 (0) 6 : 0.770 0.230
864 864 (0) 6 : 0.833 0.167
865 865 (0) 6 : 0.792 0.208
866 866 (0) 6 : 0.712 0.288
867 867 (0) 6 : 0.681 0.319
868 868 (0) 6 : 0.914 0.086
869 869 (0) 6 : 0.650 0.350
870 870 (0) 6 : 0.833 0.167
871 871 (0) 6 : 0.721 0.279
872 872 (0) 6 : 0.619 0.381
873 873 (0) 6 : 0.771 0.229
874 874 (0) 6 : 0.791 0.209
875 875 (0) 6 : 0.923 0.077
876 876 (0) 6 : 0.782 0.218
877 877 (0) 6 : 0.773 0.227
878 878 (0) 6 : 0.832 0.168
879 879 (0) 6 : 0.721 0.279
880 880 (0) 6 : 0.707 0.293
881 881 (0) 6 : 0.782 0.218
882 882 (0) 6 : 0.744 0.256
883 883 (0) 6 : 0.741 0.259
884 884 (0) 6 : 0.756 0.244
885 885 (0) 6 : 0.582 0.418
886 886 (0) 6 : 0.649 0.351
887 887 (0) 6 : 0.772 0.228
888 888 (0) 6 : 0.729 0.271
889 889 (0) 6 : 0.768 0.232
890 890 (0) 6 : 0.579 0.421
891 891 (0) 6 : 0.693 0.307
892 892 (0) 6 : 0.716 0.284
893 893 (0) 6 : 0.668 0.332
894 894 (0) 6 : 0.958 0.042
895 895 (0) 6 : 0.623 0.377
896 896 (0) 6 : 0.788 0.212
897 897 (0) 6 : 0.718 0.282
898 898 (0) 6 : 0.855 0.145
899 899 (0) 6 : 0.645 0.355
900 900 (0) 6 : 0.801 0.199
901 901 (0) 7 : 0.970 0.030
902 902 (0) 7 : 0.836 0.164
903 903 (0) 7 : 0.987 0.013
904 904 (0) 7 : 0.784 0.216
905 905 (0) 7 : 0.860 0.140
906 906 (0) 7 : 0.935 0.065
907 907 (0) 7 : 0.938 0.062
908 908 (0) 7 : 0.862 0.138
909 909 (0) 7 : 0.857 0.143
910 910 (0) 7 : 0.979 0.021
911 911 (0) 7 : 0.828 0.172
912 912 (0) 7 : 0.876 0.124
913 913 (0) 7 : 0.851 0.149
914 914 (0) 7 : 0.878 0.122
915 915 (0) 7 : 0.875 0.125
916 916 (0) 7 : 0.903 0.097
917 917 (0) 7 : 0.772 0.228
918 918 (0) 7 : 0.864 0.136
919 919 (0) 7 : 0.814 0.186
920 920 (0) 7 : 0.717 0.283
921 921 (0) 7 : 0.865 0.135
922 922 (0) 7 : 0.849 0.151
923 923 (0) 7 : 0.925 0.075
924 924 (0) 7 : 0.834 0.166
925 925 (0) 7 : 0.983 0.017
926 926 (0) 7 : 0.869 0.131
927 927 (0) 7 : 0.810 0.190
928 928 (0) 7 : 0.772 0.228
929 929 (0) 7 : 0.786 0.214
930 930 (0) 7 : 0.882 0.118
931 931 (0) 7 : 0.870 0.130
932 932 (0) 7 : 0.986 0.014
933 933 (0) 7 : 0.896 0.104
934 934 (0) 7 : 0.955 0.045
935 935 (0) 7 : 0.894 0.106
936 936 (0) 7 : 0.876 0.124
937 937 (0) 7 : 0.984 0.016
938 938 (0) 7 : 0.839 0.161
939 939 (0) 7 : 0.993 0.007
940 940 (0) 7 : 0.898 0.102
941 941 (0) 7 : 0.910 0.090
942 942 (0) 7 : 0.844 0.156
943 943 (0) 7 : 0.912 0.088
944 944 (0) 7 : 0.882 0.118
945 945 (0) 7 : 0.940 0.060
946 946 (0) 7 : 0.895 0.105
947 947 (0) 7 : 0.805 0.195
948 948 (0) 7 : 0.857 0.143
949 949 (0) 7 : 0.968 0.032
950 950 (0) 7 : 0.946 0.054
951 951 (0) 7 : 0.985 0.015
952 952 (0) 7 : 0.886 0.114
953 953 (0) 7 : 0.864 0.136
954 954 (0) 7 : 0.818 0.182
955 955 (0) 7 : 0.819 0.181
956 956 (0) 7 : 0.962 0.038
957 957 (0) 7 : 0.848 0.152
958 958 (0) 7 : 0.732 0.268
959 959 (0) 7 : 0.946 0.054
960 960 (0) 7 : 0.991 0.009
961 961 (0) 7 : 0.824 0.176
962 962 (0) 7 : 0.832 0.168
963 963 (0) 7 : 0.814 0.186
964 964 (0) 7 : 0.848 0.152
965 965 (0) 7 : 0.994 0.006
966 966 (0) 7 : 0.992 0.008
967 967 (0) 7 : 0.765 0.235
968 968 (0) 7 : 0.940 0.060
969 969 (0) 7 : 0.991 0.009
970 970 (0) 7 : 0.800 0.200
971 971 (0) 7 : 0.953 0.047
972 972 (0) 7 : 0.823 0.177
973 973 (0) 7 : 0.992 0.008
974 974 (0) 7 : 0.825 0.175
975 975 (0) 7 : 0.951 0.049
976 976 (0) 7 : 0.956 0.044
977 977 (0) 7 : 0.803 0.197
978 978 (0) 7 : 0.708 0.292
979 979 (0) 7 : 0.873 0.127
980 980 (0) 7 : 0.913 0.087
981 981 (0) 7 : 0.748 0.252
982 982 (0) 7 : 0.963 0.037
983 983 (0) 7 : 0.872 0.128
984 984 (0) 7 : 0.875 0.125
985 985 (0) 7 : 0.867 0.133
986 986 (0) 7 : 0.948 0.052
987 987 (0) 7 : 0.895 0.105
988 988 (0) 7 : 0.933 0.067
989 989 (0) 7 : 0.932 0.068
990 990 (0) 7 : 0.993 0.007
991 991 (0) 7 : 0.992 0.008
992 992 (0) 7 : 0.992 0.008
993 993 (0) 7 : 0.813 0.187
994 994 (0) 7 : 0.731 0.269
995 995 (0) 7 : 0.908 0.092
996 996 (0) 7 : 0.929 0.071
997 997 (0) 7 : 0.913 0.087
998 998 (0) 7 : 0.809 0.191
999 999 (0) 7 : 0.778 0.222
1000 1000 (0) 7 : 0.836 0.164
1001 1001 (5) 8 : 0.988 0.012
1002 1002 (0) 8 : 0.986 0.014
1003 1003 (0) 8 : 0.994 0.006
1004 1004 (0) 8 : 0.982 0.018
1005 1005 (0) 8 : 0.993 0.007
1006 1006 (0) 8 : 0.991 0.009
1007 1007 (0) 8 : 0.995 0.005
1008 1008 (0) 8 : 0.991 0.009
1009 1009 (0) 8 : 0.992 0.008
1010 1010 (0) 8 : 0.992 0.008
1011 1011 (0) 8 : 0.995 0.005
1012 1012 (0) 8 : 0.993 0.007
1013 1013 (0) 8 : 0.988 0.012
1014 1014 (5) 8 : 0.995 0.005
1015 1015 (0) 8 : 0.993 0.007
1016 1016 (0) 8 : 0.994 0.006
1017 1017 (0) 8 : 0.992 0.008
1018 1018 (0) 8 : 0.992 0.008
1019 1019 (0) 8 : 0.989 0.011
1020 1020 (0) 8 : 0.994 0.006
1021 1021 (0) 8 : 0.995 0.005
1022 1022 (0) 8 : 0.991 0.009
1023 1023 (0) 8 : 0.994 0.006
1024 1024 (0) 8 : 0.995 0.005
1025 1025 (0) 8 : 0.995 0.005
1026 1026 (0) 8 : 0.994 0.006
1027 1027 (0) 8 : 0.994 0.006
1028 1028 (0) 8 : 0.994 0.006
1029 1029 (0) 9 : 0.985 0.015
1030 1030 (0) 9 : 0.991 0.009
1031 1031 (0) 9 : 0.994 0.006
1032 1032 (0) 9 : 0.993 0.007
1033 1033 (0) 9 : 0.995 0.005
1034 1034 (0) 9 : 0.993 0.007
1035 1035 (0) 9 : 0.993 0.007
1036 1036 (0) 9 : 0.989 0.011
1037 1037 (0) 9 : 0.983 0.017
1038 1038 (0) 9 : 0.993 0.007
1039 1039 (0) 9 : 0.990 0.010
1040 1040 (0) 9 : 0.992 0.008
1041 1041 (0) 9 : 0.995 0.005
1042 1042 (0) 9 : 0.994 0.006
1043 1043 (0) 9 : 0.994 0.006
1044 1044 (0) 9 : 0.993 0.007
1045 1045 (0) 9 : 0.994 0.006
1046 1046 (0) 9 : 0.991 0.009
1047 1047 (0) 9 : 0.993 0.007
1048 1048 (0) 9 : 0.994 0.006
1049 1049 (0) 9 : 0.993 0.007
1050 1050 (0) 9 : 0.991 0.009
1051 1051 (0) 9 : 0.994 0.006
1052 1052 (0) 9 : 0.989 0.011
1053 1053 (0) 9 : 0.994 0.006
1054 1054 (0) 9 : 0.994 0.006
1055 1055 (0) 9 : 0.994 0.006
1056 1056 (0) 9 : 0.994 0.006
1057 1057 (0) 9 : 0.995 0.005
1058 1058 (0) 9 : 0.994 0.006
1059 1059 (0) 9 : 0.994 0.006
1060 1060 (0) 9 : 0.994 0.006
1061 1061 (0) 9 : 0.994 0.006
1062 1062 (0) 9 : 0.995 0.005
1063 1063 (0) 9 : 0.992 0.008
1064 1064 (0) 9 : 0.983 0.017
1065 1065 (0) 9 : 0.992 0.008
1066 1066 (0) 9 : 0.992 0.008
1067 1067 (0) 9 : 0.992 0.008
1068 1068 (0) 9 : 0.994 0.006
1069 1069 (0) 9 : 0.993 0.007
1070 1070 (0) 9 : 0.991 0.009
1071 1071 (0) 9 : 0.993 0.007
1072 1072 (0) 9 : 0.995 0.005
1073 1073 (0) 9 : 0.992 0.008
1074 1074 (0) 9 : 0.994 0.006
1075 1075 (0) 9 : 0.990 0.010
1076 1076 (0) 9 : 0.994 0.006
1077 1077 (0) 9 : 0.995 0.005
1078 1078 (0) 9 : 0.994 0.006
1079 1079 (0) 9 : 0.995 0.005
1080 1080 (0) 9 : 0.990 0.010
1081 1081 (0) 9 : 0.994 0.006
1082 1082 (0) 9 : 0.992 0.008
1083 1083 (0) 9 : 0.994 0.006
1084 1084 (0) 9 : 0.991 0.009
1085 1085 (0) 9 : 0.993 0.007
1086 1086 (0) 9 : 0.992 0.008
1087 1087 (0) 9 : 0.986 0.014
1088 1088 (0) 9 : 0.994 0.006
1089 1089 (0) 9 : 0.993 0.007
1090 1090 (0) 9 : 0.995 0.005
1091 1091 (0) 9 : 0.992 0.008
1092 1092 (0) 9 : 0.992 0.008
1093 1093 (0) 9 : 0.994 0.006
1094 1094 (0) 9 : 0.993 0.007
1095 1095 (0) 9 : 0.991 0.009
1096 1096 (0) 9 : 0.990 0.010
1097 1097 (0) 9 : 0.991 0.009
1098 1098 (0) 9 : 0.995 0.005
1099 1099 (0) 9 : 0.995 0.005
1100 1100 (0) 9 : 0.992 0.008
1101 1101 (0) 9 : 0.995 0.005
1102 1102 (0) 9 : 0.994 0.006
1103 1103 (0) 9 : 0.994 0.006
1104 1104 (0) 9 : 0.991 0.009
1105 1105 (0) 9 : 0.993 0.007
1106 1106 (0) 9 : 0.994 0.006
1107 1107 (0) 9 : 0.993 0.007
1108 1108 (0) 9 : 0.990 0.010
1109 1109 (0) 9 : 0.995 0.005
1110 1110 (0) 9 : 0.990 0.010
1111 1111 (0) 9 : 0.994 0.006
1112 1112 (0) 9 : 0.995 0.005
1113 1113 (0) 9 : 0.994 0.006
1114 1114 (0) 9 : 0.995 0.005
1115 1115 (0) 9 : 0.994 0.006
1116 1116 (0) 9 : 0.995 0.005
1117 1117 (0) 9 : 0.990 0.010
1118 1118 (0) 9 : 0.994 0.006
1119 1119 (0) 9 : 0.989 0.011
1120 1120 (0) 9 : 0.992 0.008
1121 1121 (0) 9 : 0.993 0.007
1122 1122 (0) 9 : 0.995 0.005
1123 1123 (0) 9 : 0.991 0.009
1124 1124 (0) 9 : 0.994 0.006
1125 1125 (0) 9 : 0.992 0.008
1126 1126 (0) 9 : 0.992 0.008
1127 1127 (0) 9 : 0.994 0.006
1128 1128 (0) 9 : 0.995 0.005
1129 1129 (0) 9 : 0.991 0.009
1130 1130 (0) 9 : 0.994 0.006
1131 1131 (0) 9 : 0.993 0.007
1132 1132 (0) 9 : 0.991 0.009
1133 1133 (0) 9 : 0.995 0.005
1134 1134 (0) 9 : 0.993 0.007
1135 1135 (0) 9 : 0.992 0.008
1136 1136 (0) 9 : 0.992 0.008
1137 1137 (0) 9 : 0.995 0.005
1138 1138 (0) 9 : 0.993 0.007
1139 1139 (0) 9 : 0.991 0.009
1140 1140 (0) 9 : 0.995 0.005
1141 1141 (0) 9 : 0.992 0.008
1142 1142 (0) 9 : 0.988 0.012
1143 1143 (0) 9 : 0.992 0.008
1144 1144 (0) 9 : 0.993 0.007
1145 1145 (0) 9 : 0.987 0.013
1146 1146 (0) 9 : 0.995 0.005
1147 1147 (0) 9 : 0.993 0.007
1148 1148 (0) 9 : 0.994 0.006
1149 1149 (0) 9 : 0.994 0.006
1150 1150 (0) 9 : 0.994 0.006
1151 1151 (0) 9 : 0.993 0.007
1152 1152 (0) 9 : 0.990 0.010
1153 1153 (0) 9 : 0.994 0.006
1154 1154 (0) 9 : 0.992 0.008
1155 1155 (0) 9 : 0.994 0.006
1156 1156 (0) 9 : 0.991 0.009
1157 1157 (0) 9 : 0.993 0.007
1158 1158 (0) 9 : 0.991 0.009
1159 1159 (0) 9 : 0.994 0.006
1160 1160 (0) 9 : 0.984 0.016
1161 1161 (0) 9 : 0.995 0.005
1162 1162 (0) 9 : 0.995 0.005
1163 1163 (0) 9 : 0.995 0.005
1164 1164 (0) 9 : 0.994 0.006
1165 1165 (0) 9 : 0.993 0.007
1166 1166 (0) 9 : 0.994 0.006
1167 1167 (0) 9 : 0.994 0.006
1168 1168 (0) 9 : 0.992 0.008
1169 1169 (0) 9 : 0.995 0.005
1170 1170 (0) 9 : 0.986 0.014
1171 1171 (0) 9 : 0.990 0.010
1172 1172 (0) 9 : 0.994 0.006
1173 1173 (0) 9 : 0.993 0.007
1174 1174 (0) 9 : 0.994 0.006
1175 1175 (0) 9 : 0.995 0.005
1176 1176 (0) 9 : 0.993 0.007
1177 1177 (0) 9 : 0.993 0.007
1178 1178 (0) 9 : 0.995 0.005
1179 1179 (0) 9 : 0.991 0.009
1180 1180 (0) 9 : 0.989 0.011
1181 1181 (0) 9 : 0.995 0.005
1182 1182 (0) 9 : 0.993 0.007
1183 1183 (0) 9 : 0.991 0.009
1184 1184 (0) 9 : 0.992 0.008
1185 1185 (0) 9 : 0.995 0.005
1186 1186 (0) 9 : 0.992 0.008
1187 1187 (0) 9 : 0.993 0.007
1188 1188 (0) 9 : 0.993 0.007
1189 1189 (0) 9 : 0.986 0.014
1190 1190 (0) 9 : 0.991 0.009
1191 1191 (0) 9 : 0.994 0.006
1192 1192 (0) 9 : 0.994 0.006
1193 1193 (0) 9 : 0.994 0.006
1194 1194 (0) 9 : 0.995 0.005
1195 1195 (0) 9 : 0.995 0.005
1196 1196 (0) 9 : 0.993 0.007
1197 1197 (0) 9 : 0.994 0.006
1198 1198 (0) 9 : 0.991 0.009
1199 1199 (0) 9 : 0.989 0.011
1200 1200 (0) 9 : 0.993 0.007
1201 1201 (0) 9 : 0.995 0.005
1202 1202 (0) 9 : 0.992 0.008
1203 1203 (0) 9 : 0.987 0.013
1204 1204 (0) 9 : 0.995 0.005
1205 1205 (0) 9 : 0.989 0.011
1206 1206 (0) 9 : 0.990 0.010
1207 1207 (0) 9 : 0.989 0.011
1208 1208 (0) 9 : 0.992 0.008
1209 1209 (0) 9 : 0.993 0.007
1210 1210 (0) 9 : 0.993 0.007
1211 1211 (0) 9 : 0.995 0.005
1212 1212 (0) 9 : 0.991 0.009
1213 1213 (0) 9 : 0.993 0.007
1214 1214 (0) 9 : 0.994 0.006
1215 1215 (0) 9 : 0.982 0.018
1216 1216 (0) 9 : 0.993 0.007
1217 1217 (0) 9 : 0.993 0.007
1218 1218 (0) 9 : 0.993 0.007
1219 1219 (0) 9 : 0.995 0.005
1220 1220 (0) 9 : 0.993 0.007
1221 1221 (0) 9 : 0.992 0.008
1222 1222 (0) 9 : 0.994 0.006
1223 1223 (0) 9 : 0.987 0.013
1224 1224 (0) 9 : 0.995 0.005
1225 1225 (0) 9 : 0.994 0.006
1226 1226 (0) 9 : 0.986 0.014
1227 1227 (0) 9 : 0.994 0.006
1228 1228 (0) 9 : 0.993 0.007
1229 1229 (0) 9 : 0.988 0.012
1230 1230 (0) 9 : 0.994 0.006
1231 1231 (0) 9 : 0.995 0.005
1232 1232 (0) 9 : 0.994 0.006
1233 1233 (0) 9 : 0.991 0.009
1234 1234 (0) 9 : 0.993 0.007
1235 1235 (0) 9 : 0.990 0.010
1236 1236 (0) 9 : 0.995 0.005
1237 1237 (0) 9 : 0.993 0.007
1238 1238 (0) 9 : 0.994 0.006
1239 1239 (0) 9 : 0.989 0.011
1240 1240 (0) 9 : 0.995 0.005
1241 1241 (0) 9 : 0.993 0.007
1242 1242 (0) 9 : 0.993 0.007
1243 1243 (0) 9 : 0.994 0.006
1244 1244 (0) 9 : 0.995 0.005
1245 1245 (0) 9 : 0.992 0.008
1246 1246 (0) 9 : 0.991 0.009
1247 1247 (0) 9 : 0.991 0.009
1248 1248 (0) 9 : 0.994 0.006
1249 1249 (0) 9 : 0.994 0.006
1250 1250 (0) 9 : 0.995 0.005
1251 1251 (0) 9 : 0.994 0.006
1252 1252 (0) 9 : 0.994 0.006
1253 1253 (0) 9 : 0.990 0.010
1254 1254 (0) 9 : 0.992 0.008
1255 1255 (0) 9 : 0.995 0.005
1256 1256 (0) 9 : 0.994 0.006
1257 1257 (0) 9 : 0.992 0.008
1258 1258 (0) 9 : 0.991 0.009
1259 1259 (0) 9 : 0.995 0.005
1260 1260 (0) 9 : 0.994 0.006
1261 1261 (0) 9 : 0.994 0.006
1262 1262 (0) 9 : 0.992 0.008
1263 1263 (0) 9 : 0.991 0.009
1264 1264 (0) 9 : 0.992 0.008
1265 1265 (0) 9 : 0.989 0.011
1266 1266 (0) 9 : 0.991 0.009
1267 1267 (0) 9 : 0.994 0.006
1268 1268 (0) 9 : 0.994 0.006
1269 1269 (0) 9 : 0.994 0.006
1270 1270 (0) 9 : 0.995 0.005
1271 1271 (0) 9 : 0.995 0.005
1272 1272 (0) 9 : 0.993 0.007
1273 1273 (0) 9 : 0.991 0.009
1274 1274 (0) 9 : 0.994 0.006
1275 1275 (0) 9 : 0.994 0.006
1276 1276 (0) 9 : 0.992 0.008
1277 1277 (0) 9 : 0.994 0.006
1278 1278 (0) 9 : 0.994 0.006
1279 1279 (0) 9 : 0.995 0.005
1280 1280 (0) 9 : 0.994 0.006
1281 1281 (0) 9 : 0.989 0.011
1282 1282 (0) 9 : 0.990 0.010
1283 1283 (0) 9 : 0.974 0.026
1284 1284 (0) 9 : 0.994 0.006
1285 1285 (0) 9 : 0.995 0.005
1286 1286 (0) 9 : 0.993 0.007
1287 1287 (0) 9 : 0.994 0.006
1288 1288 (0) 9 : 0.995 0.005
1289 1289 (0) 9 : 0.992 0.008
1290 1290 (0) 9 : 0.990 0.010
1291 1291 (0) 9 : 0.993 0.007
1292 1292 (0) 9 : 0.994 0.006
1293 1293 (0) 9 : 0.996 0.004
1294 1294 (0) 9 : 0.988 0.012
1295 1295 (0) 9 : 0.994 0.006
1296 1296 (0) 9 : 0.994 0.006
1297 1297 (0) 9 : 0.988 0.012
1298 1298 (0) 9 : 0.994 0.006
1299 1299 (0) 9 : 0.991 0.009
1300 1300 (0) 9 : 0.995 0.005
1301 1301 (0) 9 : 0.994 0.006
1302 1302 (0) 9 : 0.993 0.007
1303 1303 (0) 9 : 0.994 0.006
1304 1304 (0) 9 : 0.992 0.008
1305 1305 (0) 9 : 0.995 0.005
1306 1306 (0) 9 : 0.992 0.008
1307 1307 (0) 9 : 0.988 0.012
1308 1308 (0) 9 : 0.994 0.006
1309 1309 (0) 9 : 0.991 0.009
1310 1310 (0) 9 : 0.994 0.006
1311 1311 (0) 9 : 0.993 0.007
1312 1312 (0) 9 : 0.991 0.009
1313 1313 (0) 9 : 0.993 0.007
1314 1314 (0) 9 : 0.994 0.006
1315 1315 (0) 9 : 0.992 0.008
1316 1316 (0) 9 : 0.994 0.006
1317 1317 (0) 9 : 0.995 0.005
1318 1318 (0) 9 : 0.990 0.010
1319 1319 (0) 9 : 0.986 0.014
1320 1320 (0) 9 : 0.991 0.009
1321 1321 (0) 9 : 0.991 0.009
1322 1322 (0) 9 : 0.992 0.008
1323 1323 (0) 9 : 0.994 0.006
1324 1324 (0) 9 : 0.993 0.007
1325 1325 (0) 9 : 0.994 0.006
1326 1326 (0) 9 : 0.995 0.005
1327 1327 (0) 9 : 0.992 0.008
1328 1328 (0) 9 : 0.991 0.009
1329 1329 (0) 9 : 0.993 0.007
1330 1330 (0) 9 : 0.989 0.011
1331 1331 (0) 9 : 0.993 0.007
1332 1332 (0) 9 : 0.994 0.006
1333 1333 (0) 9 : 0.994 0.006
1334 1334 (0) 9 : 0.995 0.005
1335 1335 (0) 9 : 0.987 0.013
1336 1336 (0) 9 : 0.991 0.009
1337 1337 (0) 9 : 0.995 0.005
1338 1338 (0) 9 : 0.994 0.006
1339 1339 (0) 9 : 0.993 0.007
1340 1340 (0) 9 : 0.990 0.010
1341 1341 (0) 9 : 0.995 0.005
1342 1342 (0) 9 : 0.995 0.005
1343 1343 (0) 9 : 0.992 0.008
1344 1344 (0) 9 : 0.991 0.009
1345 1345 (0) 9 : 0.993 0.007
1346 1346 (0) 9 : 0.988 0.012
1347 1347 (0) 9 : 0.995 0.005
1348 1348 (0) 9 : 0.992 0.008
1349 1349 (0) 9 : 0.993 0.007
1350 1350 (0) 9 : 0.991 0.009
1351 1351 (0) 9 : 0.995 0.005
1352 1352 (0) 9 : 0.995 0.005
1353 1353 (0) 9 : 0.993 0.007
1354 1354 (0) 9 : 0.994 0.006
1355 1355 (0) 9 : 0.984 0.016
1356 1356 (0) 9 : 0.995 0.005
1357 1357 (0) 9 : 0.992 0.008
1358 1358 (0) 9 : 0.994 0.006
1359 1359 (0) 9 : 0.992 0.008
1360 1360 (0) 9 : 0.991 0.009
1361 1361 (0) 9 : 0.993 0.007
1362 1362 (0) 9 : 0.995 0.005
1363 1363 (0) 9 : 0.992 0.008
1364 1364 (0) 9 : 0.995 0.005
1365 1365 (0) 9 : 0.996 0.004
1366 1366 (0) 9 : 0.988 0.012
1367 1367 (0) 9 : 0.995 0.005
1368 1368 (0) 9 : 0.983 0.017
1369 1369 (0) 9 : 0.990 0.010
1370 1370 (0) 9 : 0.995 0.005
1371 1371 (0) 9 : 0.993 0.007
1372 1372 (0) 9 : 0.994 0.006
1373 1373 (0) 9 : 0.992 0.008
1374 1374 (0) 9 : 0.992 0.008
1375 1375 (0) 9 : 0.990 0.010
1376 1376 (0) 9 : 0.994 0.006
1377 1377 (0) 9 : 0.991 0.009
1378 1378 (0) 9 : 0.991 0.009
1379 1379 (0) 9 : 0.991 0.009
1380 1380 (0) 9 : 0.989 0.011
1381 1381 (0) 9 : 0.994 0.006
1382 1382 (0) 9 : 0.995 0.005
1383 1383 (0) 9 : 0.995 0.005
1384 1384 (0) 9 : 0.991 0.009
1385 1385 (0) 9 : 0.985 0.015
1386 1386 (0) 9 : 0.995 0.005
1387 1387 (0) 9 : 0.990 0.010
1388 1388 (0) 9 : 0.995 0.005
1389 1389 (0) 9 : 0.994 0.006
1390 1390 (0) 9 : 0.994 0.006
1391 1391 (0) 9 : 0.994 0.006
1392 1392 (0) 9 : 0.995 0.005
1393 1393 (0) 9 : 0.991 0.009
1394 1394 (0) 9 : 0.993 0.007
1395 1395 (0) 9 : 0.993 0.007
1396 1396 (0) 9 : 0.991 0.009
1397 1397 (0) 9 : 0.992 0.008
1398 1398 (0) 9 : 0.994 0.006
1399 1399 (0) 9 : 0.993 0.007
1400 1400 (0) 9 : 0.995 0.005
1401 1401 (0) 9 : 0.994 0.006
1402 1402 (0) 9 : 0.993 0.007
1403 1403 (0) 9 : 0.994 0.006
1404 1404 (0) 9 : 0.988 0.012
1405 1405 (0) 9 : 0.995 0.005
1406 1406 (0) 9 : 0.994 0.006
1407 1407 (0) 9 : 0.992 0.008
1408 1408 (0) 9 : 0.988 0.012
1409 1409 (0) 9 : 0.994 0.006
1410 1410 (0) 9 : 0.992 0.008
1411 1411 (0) 9 : 0.994 0.006
1412 1412 (0) 9 : 0.995 0.005
1413 1413 (0) 9 : 0.990 0.010
1414 1414 (0) 9 : 0.992 0.008
1415 1415 (0) 9 : 0.993 0.007
1416 1416 (0) 9 : 0.991 0.009
1417 1417 (0) 9 : 0.995 0.005
1418 1418 (0) 9 : 0.992 0.008
1419 1419 (0) 9 : 0.995 0.005
1420 1420 (0) 9 : 0.994 0.006
1421 1421 (0) 9 : 0.992 0.008
1422 1422 (0) 9 : 0.994 0.006
1423 1423 (0) 9 : 0.989 0.011
1424 1424 (0) 9 : 0.992 0.008
1425 1425 (0) 9 : 0.994 0.006
1426 1426 (0) 9 : 0.994 0.006
1427 1427 (0) 9 : 0.995 0.005
1428 1428 (0) 9 : 0.992 0.008
1429 1429 (0) 9 : 0.992 0.008
1430 1430 (0) 9 : 0.994 0.006
1431 1431 (0) 9 : 0.990 0.010
1432 1432 (0) 9 : 0.995 0.005
1433 1433 (0) 9 : 0.995 0.005
1434 1434 (0) 9 : 0.994 0.006
1435 1435 (0) 9 : 0.994 0.006
1436 1436 (0) 9 : 0.993 0.007
1437 1437 (0) 9 : 0.993 0.007
1438 1438 (0) 9 : 0.992 0.008
1439 1439 (0) 9 : 0.990 0.010
1440 1440 (0) 9 : 0.994 0.006
1441 1441 (0) 9 : 0.986 0.014
1442 1442 (0) 9 : 0.990 0.010
1443 1443 (0) 9 : 0.994 0.006
1444 1444 (0) 9 : 0.995 0.005
1445 1445 (0) 9 : 0.994 0.006
1446 1446 (0) 9 : 0.994 0.006
1447 1447 (0) 9 : 0.992 0.008
1448 1448 (0) 9 : 0.994 0.006
1449 1449 (0) 9 : 0.989 0.011
1450 1450 (0) 9 : 0.993 0.007
1451 1451 (0) 9 : 0.993 0.007
1452 1452 (0) 9 : 0.994 0.006
1453 1453 (0) 9 : 0.994 0.006
1454 1454 (0) 9 : 0.995 0.005
1455 1455 (0) 9 : 0.992 0.008
1456 1456 (0) 9 : 0.990 0.010
1457 1457 (0) 9 : 0.993 0.007
1458 1458 (0) 9 : 0.995 0.005
1459 1459 (0) 9 : 0.994 0.006
1460 1460 (0) 9 : 0.991 0.009
1461 1461 (0) 9 : 0.992 0.008
1462 1462 (0) 9 : 0.993 0.007
1463 1463 (0) 9 : 0.992 0.008
1464 1464 (0) 9 : 0.994 0.006
1465 1465 (0) 9 : 0.990 0.010
1466 1466 (0) 9 : 0.992 0.008
1467 1467 (0) 9 : 0.994 0.006
1468 1468 (0) 9 : 0.991 0.009
1469 1469 (0) 9 : 0.994 0.006
1470 1470 (0) 9 : 0.994 0.006
1471 1471 (0) 9 : 0.992 0.008
1472 1472 (0) 9 : 0.992 0.008
1473 1473 (0) 9 : 0.993 0.007
1474 1474 (0) 9 : 0.972 0.028
1475 1475 (0) 9 : 0.995 0.005
1476 1476 (0) 9 : 0.990 0.010
1477 1477 (0) 9 : 0.992 0.008
1478 1478 (0) 9 : 0.994 0.006
1479 1479 (0) 9 : 0.994 0.006
1480 1480 (0) 9 : 0.995 0.005
1481 1481 (0) 9 : 0.994 0.006
1482 1482 (0) 9 : 0.993 0.007
1483 1483 (0) 9 : 0.993 0.007
1484 1484 (0) 9 : 0.994 0.006
1485 1485 (0) 9 : 0.993 0.007
1486 1486 (0) 9 : 0.993 0.007
1487 1487 (0) 9 : 0.994 0.006
1488 1488 (0) 9 : 0.988 0.012
1489 1489 (0) 9 : 0.994 0.006
1490 1490 (0) 9 : 0.994 0.006
1491 1491 (0) 9 : 0.994 0.006
1492 1492 (0) 9 : 0.995 0.005
1493 1493 (0) 9 : 0.994 0.006
1494 1494 (0) 9 : 0.993 0.007
1495 1495 (0) 9 : 0.993 0.007
1496 1496 (0) 9 : 0.991 0.009
1497 1497 (0) 9 : 0.983 0.017
1498 1498 (0) 9 : 0.994 0.006
1499 1499 (0) 9 : 0.983 0.017
1500 1500 (0) 9 : 0.993 0.007
1 1 (5) 1 : 0.990 0.010
2 2 (5) 1 : 0.972 0.028
3 3 (5) 1 : 0.993 0.007
4 4 (0) 1 : 0.989 0.011
5 5 (0) 1 : 0.963 0.037
6 6 (0) 1 : 0.991 0.009
7 7 (0) 1 : 0.973 0.027
8 8 (5) 1 : 0.991 0.009
9 9 (0) 1 : 0.992 0.008
10 10 (0) 1 : 0.980 0.020
11 11 (0) 1 : 0.989 0.011
12 12 (0) 1 : 0.982 0.018
13 13 (0) 1 : 0.984 0.016
14 14 (0) 1 : 0.990 0.010
15 15 (0) 1 : 0.992 0.008
16 16 (0) 1 : 0.993 0.007
17 17 (0) 1 : 0.994 0.006
18 18 (0) 1 : 0.983 0.017
19 19 (0) 1 : 0.972 0.028
20 20 (0) 1 : 0.974 0.026
21 21 (0) 1 : 0.990 0.010
22 22 (0) 1 : 0.994 0.006
23 23 (0) 1 : 0.993 0.007
24 24 (0) 1 : 0.981 0.019
25 25 (0) 1 : 0.972 0.028
26 26 (0) 1 : 0.982 0.018
27 27 (5) 1 : 0.986 0.014
28 28 (0) 1 : 0.994 0.006
29 29 (0) 1 : 0.992 0.008
30 30 (0) 1 : 0.982 0.018
31 31 (0) 1 : 0.993 0.007
32 32 (0) 1 : 0.982 0.018
33 33 (0) 1 : 0.993 0.007
34 34 (0) 1 : 0.993 0.007
35 35 (0) 1 : 0.984 0.016
36 36 (0) 1 : 0.987 0.013
37 37 (0) 1 : 0.981 0.019
38 38 (0) 1 : 0.981 0.019
39 39 (0) 1 : 0.975 0.025
40 40 (0) 1 : 0.987 0.013
41 41 (0) 1 : 0.991 0.009
42 42 (0) 1 : 0.994 0.006
43 43 (0) 1 : 0.993 0.007
44 44 (0) 1 : 0.995 0.005
45 45 (5) 1 : 0.983 0.017
46 46 (0) 1 : 0.995 0.005
47 47 (0) 1 : 0.994 0.006
48 48 (0) 1 : 0.990 0.010
49 49 (0) 1 : 0.977 0.023
50 50 (0) 1 : 0.991 0.009
51 51 (0) 1 : 0.980 0.020
52 52 (0) 1 : 0.929 0.071
53 53 (0) 1 : 0.991 0.009
54 54 (0) 1 : 0.994 0.006
55 55 (0) 1 : 0.992 0.008
56 56 (0) 1 : 0.992 0.008
57 57 (10) 1 : 0.986 0.014
58 58 (5) 1 : 0.989 0.011
59 59 (0) 1 : 0.988 0.012
60 60 (0) 1 : 0.993 0.007
61 61 (0) 1 : 0.991 0.009
62 62 (0) 1 : 0.992 0.008
63 63 (0) 1 : 0.991 0.009
64 64 (0) 1 : 0.993 0.007
65 65 (0) 1 : 0.947 0.053
66 66 (0) 1 : 0.992 0.008
67 67 (5) 1 : 0.973 0.027
68 68 (0) 1 : 0.990 0.010
69 69 (0) 1 : 0.994 0.006
70 70 (0) 1 : 0.991 0.009
71 71 (5) 1 : 0.987 0.013
72 72 (0) 1 : 0.971 0.029
73 73 (5) 1 : 0.993 0.007
74 74 (10) 1 : 0.983 0.017
75 75 (10) 1 : 0.964 0.036
76 76 (0) 1 : 0.990 0.010
77 77 (10) 1 : 0.988 0.012
78 78 (0) 1 : 0.983 0.017
79 79 (5) 1 : 0.992 0.008
80 80 (0) 1 : 0.993 0.007
81 81 (0) 1 : 0.992 0.008
82 82 (0) 1 : 0.992 0.008
83 83 (0) 1 : 0.990 0.010
84 84 (0) 1 : 0.983 0.017
85 85 (0) 1 : 0.993 0.007
86 86 (5) 1 : 0.990 0.010
87 87 (0) 1 : 0.992 0.008
88 88 (0) 1 : 0.978 0.022
89 89 (0) 1 : 0.954 0.046
90 90 (0) 1 : 0.992 0.008
91 91 (0) 1 : 0.989 0.011
92 92 (0) 1 : 0.991 0.009
93 93 (0) 1 : 0.993 0.007
94 94 (5) 1 : 0.972 0.028
95 95 (0) 1 : 0.988 0.012
96 96 (5) 1 : 0.991 0.009
97 97 (0) 1 : 0.994 0.006
98 98 (0) 1 : 0.985 0.015
99 99 (5) 1 : 0.988 0.012
100 100 (5) 1 : 0.993 0.007
101 101 (0) 2 : 0.983 0.017
102 102 (0) 2 : 0.988 0.012
103 103 (0) 2 : 0.990 0.010
104 104 (0) 2 : 0.995 0.005
105 105 (0) 2 : 0.986 0.014
106 106 (0) 2 : 0.987 0.013
107 107 (0) 2 : 0.994 0.006
108 108 (0) 2 : 0.989 0.011
109 109 (0) 2 : 0.990 0.010
110 110 (0) 2 : 0.978 0.022
111 111 (0) 2 : 0.990 0.010
112 112 (0) 2 : 0.962 0.038
113 113 (0) 2 : 0.963 0.037
114 114 (0) 2 : 0.993 0.007
115 115 (0) 2 : 0.987 0.013
116 116 (0) 2 : 0.993 0.007
117 117 (0) 2 : 0.975 0.025
118 118 (0) 2 : 0.992 0.008
119 119 (0) 2 : 0.958 0.042
120 120 (0) 2 : 0.993 0.007
121 121 (0) 2 : 0.990 0.010
122 122 (0) 2 : 0.987 0.013
123 123 (0) 2 : 0.993 0.007
124 124 (0) 2 : 0.973 0.027
125 125 (0) 2 : 0.983 0.017
126 126 (0) 2 : 0.992 0.008
127 127 (0) 2 : 0.989 0.011
128 128 (0) 2 : 0.990 0.010
129 129 (0) 2 : 0.981 0.019
130 130 (0) 2 : 0.988 0.012
131 131 (0) 2 : 0.972 0.028
132 132 (0) 2 : 0.988 0.012
133 133 (0) 2 : 0.982 0.018
134 134 (0) 2 : 0.974 0.026
135 135 (0) 2 : 0.992 0.008
136 136 (0) 2 : 0.964 0.036
137 137 (0) 2 : 0.990 0.010
138 138 (0) 2 : 0.994 0.006
139 139 (0) 2 : 0.970 0.030
140 140 (0) 2 : 0.994 0.006
141 141 (0) 2 : 0.971 0.029
142 142 (0) 2 : 0.988 0.012
143 143 (0) 2 : 0.989 0.011
144 144 (0) 2 : 0.971 0.029
145 145 (0) 2 : 0.990 0.010
146 146 (0) 2 : 0.992 0.008
147 147 (0) 2 : 0.991 0.009
148 148 (0) 2 : 0.987 0.013
149 149 (0) 2 : 0.994 0.006
150 150 (0) 2 : 0.994 0.006
151 151 (0) 2 : 0.987 0.013
152 152 (0) 2 : 0.990 0.010
153 153 (0) 2 : 0.992 0.008
154 154 (0) 2 : 0.992 0.008
155 155 (0) 2 : 0.986 0.014
156 156 (0) 2 : 0.993 0.007
157 157 (0) 2 : 0.990 0.010
158 158 (0) 2 : 0.995 0.005
159 159 (0) 2 : 0.992 0.008
160 160 (0) 2 : 0.988 0.012
161 161 (0) 2 : 0.980 0.020
162 162 (0) 2 : 0.988 0.012
163 163 (0) 2 : 0.931 0.069
164 164 (0) 2 : 0.973 0.027
165 165 (0) 2 : 0.992 0.008
166 166 (0) 2 : 0.992 0.008
167 167 (0) 2 : 0.994 0.006
168 168 (0) 2 : 0.984 0.016
169 169 (0) 2 : 0.993 0.007
170 170 (0) 2 : 0.992 0.008
171 171 (0) 2 : 0.991 0.009
172 172 (0) 2 : 0.990 0.010
173 173 (0) 2 : 0.992 0.008
174 174 (0) 2 : 0.987 0.013
175 175 (0) 2 : 0.986 0.014
176 176 (0) 2 : 0.984 0.016
177 177 (0) 2 : 0.978 0.022
178 178 (0) 2 : 0.977 0.023
179 179 (0) 2 : 0.986 0.014
180 180 (0) 2 : 0.992 0.008
181 181 (0) 2 : 0.990 0.010
182 182 (0) 2 : 0.992 0.008
183 183 (0) 2 : 0.984 0.016
184 184 (0) 2 : 0.983 0.017
185 185 (0) 2 : 0.991 0.009
186 186 (0) 2 : 0.985 0.015
187 187 (0) 2 : 0.992 0.008
188 188 (0) 2 : 0.991 0.009
189 189 (0) 2 : 0.991 0.009
190 190 (0) 2 : 0.994 0.006
191 191 (0) 2 : 0.987 0.013
192 192 (0) 2 : 0.977 0.023
193 193 (0) 2 : 0.993 0.007
194 194 (0) 2 : 0.966 0.034
195 195 (0) 2 : 0.993 0.007
196 196 (0) 2 : 0.983 0.017
197 197 (0) 2 : 0.989 0.011
198 198 (0) 2 : 0.991 0.009
199 199 (0) 2 : 0.987 0.013
200 200 (0) 2 : 0.986 0.014
201 201 (0) 2 : 0.992 0.008
202 202 (0) 2 : 0.987 0.013
203 203 (0) 2 : 0.986 0.014
204 204 (0) 2 : 0.993 0.007
205 205 (0) 2 : 0.979 0.021
206 206 (0) 2 : 0.963 0.037
207 207 (0) 2 : 0.992 0.008
208 208 (0) 2 : 0.992 0.008
209 209 (0) 2 : 0.985 0.015
210 210 (0) 2 : 0.989 0.011
211 211 (0) 2 : 0.992 0.008
212 212 (0) 2 : 0.992 0.008
213 213 (0) 2 : 0.994 0.006
214 214 (0) 2 : 0.993 0.007
215 215 (0) 2 : 0.968 0.032
216 216 (0) 2 : 0.985 0.015
217 217 (0) 2 : 0.993 0.007
218 218 (0) 2 : 0.978 0.022
219 219 (0) 2 : 0.974 0.026
220 220 (0) 2 : 0.974 0.026
221 221 (0) 2 : 0.989 0.011
222 222 (0) 2 : 0.995 0.005
223 223 (0) 2 : 0.987 0.013
224 224 (0) 2 : 0.994 0.006
225 225 (0) 2 : 0.994 0.006
226 226 (0) 2 : 0.986 0.014
227 227 (0) 2 : 0.993 0.007
228 228 (0) 2 : 0.993 0.007
229 229 (0) 2 : 0.988 0.012
230 230 (0) 2 : 0.992 0.008
231 231 (0) 2 : 0.995 0.005
232 232 (0) 2 : 0.987 0.013
233 233 (0) 2 : 0.988 0.012
234 234 (0) 2 : 0.991 0.009
235 235 (0) 2 : 0.990 0.010
236 236 (0) 2 : 0.994 0.006
237 237 (0) 2 : 0.976 0.024
238 238 (0) 2 : 0.993 0.007
239 239 (0) 2 : 0.990 0.010
240 240 (0) 2 : 0.972 0.028
241 241 (0) 2 : 0.993 0.007
242 242 (0) 2 : 0.991 0.009
243 243 (0) 2 : 0.994 0.006
244 244 (0) 2 : 0.991 0.009
245 245 (0) 2 : 0.991 0.009
246 246 (0) 2 : 0.979 0.021
247 247 (0) 2 : 0.971 0.029
248 248 (0) 2 : 0.995 0.005
249 249 (0) 2 : 0.993 0.007
250 250 (0) 2 : 0.988 0.012
251 251 (0) 2 : 0.993 0.007
252 252 (0) 2 : 0.989 0.011
253 253 (0) 2 : 0.993 0.007
254 254 (0) 2 : 0.992 0.008
255 255 (0) 2 : 0.987 0.013
256 256 (0) 2 : 0.991 0.009
257 257 (0) 2 : 0.988 0.012
258 258 (0) 2 : 0.985 0.015
259 259 (0) 2 : 0.990 0.010
260 260 (0) 2 : 0.993 0.007
261 261 (0) 2 : 0.989 0.011
262 262 (0) 2 : 0.991 0.009
263 263 (0) 2 : 0.993 0.007
264 264 (0) 2 : 0.993 0.007
265 265 (0) 2 : 0.986 0.014
266 266 (0) 2 : 0.991 0.009
267 267 (0) 2 : 0.988 0.012
268 268 (0) 2 : 0.979 0.021
269 269 (0) 2 : 0.991 0.009
270 270 (0) 2 : 0.986 0.014
271 271 (0) 2 : 0.995 0.005
272 272 (0) 2 : 0.992 0.008
273 273 (0) 2 : 0.983 0.017
274 274 (0) 2 : 0.994 0.006
275 275 (0) 2 : 0.990 0.010
276 276 (0) 2 : 0.984 0.016
277 277 (0) 2 : 0.993 0.007
278 278 (0) 2 : 0.985 0.015
279 279 (0) 2 : 0.994 0.006
280 280 (0) 2 : 0.992 0.008
281 281 (0) 2 : 0.980 0.020
282 282 (0) 2 : 0.989 0.011
283 283 (0) 2 : 0.994 0.006
284 284 (0) 2 : 0.988 0.012
285 285 (0) 2 : 0.987 0.013
286 286 (0) 2 : 0.988 0.012
287 287 (0) 2 : 0.990 0.010
288 288 (0) 2 : 0.970 0.030
289 289 (0) 2 : 0.993 0.007
290 290 (0) 2 : 0.989 0.011
291 291 (0) 2 : 0.988 0.012
292 292 (0) 2 : 0.987 0.013
293 293 (0) 2 : 0.972 0.028
294 294 (0) 2 : 0.978 0.022
295 295 (0) 2 : 0.990 0.010
296 296 (0) 2 : 0.992 0.008
297 297 (0) 2 : 0.979 0.021
298 298 (0) 2 : 0.994 0.006
299 299 (0) 2 : 0.988 0.012
300 300 (0) 2 : 0.955 0.045
301 301 (0) 2 : 0.989 0.011
302 302 (0) 2 : 0.994 0.006
303 303 (0) 2 : 0.992 0.008
304 304 (0) 2 : 0.986 0.014
305 305 (0) 2 : 0.993 0.007
306 306 (0) 2 : 0.992 0.008
307 307 (0) 2 : 0.990 0.010
308 308 (0) 2 : 0.987 0.013
309 309 (0) 2 : 0.992 0.008
310 310 (0) 2 : 0.994 0.006
311 311 (0) 2 : 0.962 0.038
312 312 (0) 2 : 0.990 0.010
313 313 (0) 2 : 0.990 0.010
314 314 (0) 2 : 0.993 0.007
315 315 (0) 2 : 0.974 0.026
316 316 (0) 2 : 0.978 0.022
317 317 (0) 2 : 0.994 0.006
318 318 (0) 2 : 0.994 0.006
319 319 (0) 2 : 0.992 0.008
320 320 (0) 2 : 0.993 0.007
321 321 (0) 2 : 0.988 0.012
322 322 (0) 2 : 0.984 0.016
323 323 (0) 2 : 0.988 0.012
324 324 (0) 2 : 0.992 0.008
325 325 (0) 2 : 0.991 0.009
326 326 (0) 2 : 0.995 0.005
327 327 (0) 2 : 0.992 0.008
328 328 (0) 2 : 0.990 0.010
329 329 (0) 2 : 0.969 0.031
330 330 (0) 2 : 0.987 0.013
331 331 (0) 2 : 0.992 0.008
332 332 (0) 2 : 0.992 0.008
333 333 (0) 2 : 0.982 0.018
334 334 (0) 2 : 0.992 0.008
335 335 (0) 2 : 0.993 0.007
336 336 (0) 2 : 0.994 0.006
337 337 (0) 2 : 0.986 0.014
338 338 (0) 2 : 0.989 0.011
339 339 (0) 2 : 0.985 0.015
340 340 (0) 2 : 0.992 0.008
341 341 (0) 2 : 0.989 0.011
342 342 (0) 2 : 0.994 0.006
343 343 (0) 2 : 0.986 0.014
344 344 (0) 2 : 0.980 0.020
345 345 (0) 2 : 0.994 0.006
346 346 (0) 2 : 0.993 0.007
347 347 (0) 2 : 0.994 0.006
348 348 (0) 2 : 0.992 0.008
349 349 (0) 2 : 0.967 0.033
350 350 (0) 2 : 0.990 0.010
351 351 (0) 2 : 0.990 0.010
352 352 (0) 2 : 0.994 0.006
353 353 (0) 2 : 0.991 0.009
354 354 (0) 2 : 0.993 0.007
355 355 (0) 2 : 0.986 0.014
356 356 (0) 2 : 0.986 0.014
357 357 (0) 2 : 0.994 0.006
358 358 (0) 2 : 0.992 0.008
359 359 (0) 2 : 0.991 0.009
360 360 (0) 2 : 0.988 0.012
361 361 (0) 2 : 0.980 0.020
362 362 (0) 2 : 0.972 0.028
363 363 (0) 2 : 0.993 0.007
364 364 (0) 2 : 0.973 0.027
365 365 (0) 2 : 0.986 0.014
366 366 (0) 2 : 0.994 0.006
367 367 (0) 2 : 0.988 0.012
368 368 (0) 2 : 0.992 0.008
369 369 (0) 2 : 0.986 0.014
370 370 (0) 2 : 0.996 0.004
371 371 (0) 2 : 0.986 0.014
372 372 (0) 2 : 0.994 0.006
373 373 (0) 2 : 0.993 0.007
374 374 (0) 2 : 0.986 0.014
375 375 (0) 2 : 0.993 0.007
376 376 (0) 2 : 0.990 0.010
377 377 (0) 2 : 0.990 0.010
378 378 (0) 2 : 0.989 0.011
379 379 (0) 2 : 0.969 0.031
380 380 (0) 2 : 0.983 0.017
381 381 (0) 2 : 0.980 0.020
382 382 (0) 2 : 0.978 0.022
383 383 (0) 2 : 0.935 0.065
384 384 (0) 2 : 0.989 0.011
385 385 (0) 2 : 0.962 0.038
386 386 (0) 2 : 0.994 0.006
387 387 (0) 2 : 0.991 0.009
388 388 (0) 2 : 0.983 0.017
389 389 (0) 2 : 0.976 0.024
390 390 (0) 2 : 0.992 0.008
391 391 (0) 2 : 0.987 0.013
392 392 (0) 2 : 0.988 0.012
393 393 (0) 2 : 0.990 0.010
394 394 (0) 2 : 0.983 0.017
395 395 (0) 2 : 0.806 0.194
396 396 (0) 2 : 0.990 0.010
397 397 (0) 2 : 0.989 0.011
398 398 (0) 2 : 0.960 0.040
399 399 (0) 2 : 0.990 0.010
400 400 (0) 2 : 0.990 0.010
401 401 (0) 2 : 0.991 0.009
402 402 (0) 2 : 0.995 0.005
403 403 (0) 2 : 0.993 0.007
404 404 (0) 2 : 0.995 0.005
405 405 (0) 2 : 0.992 0.008
406 406 (0) 2 : 0.952 0.048
407 407 (0) 2 : 0.994 0.006
408 408 (0) 2 : 0.992 0.008
409 409 (0) 2 : 0.988 0.012
410 410 (0) 2 : 0.961 0.039
411 411 (0) 2 : 0.991 0.009
412 412 (0) 2 : 0.989 0.011
413 413 (0) 2 : 0.987 0.013
414 414 (0) 2 : 0.989 0.011
415 415 (0) 2 : 0.993 0.007
416 416 (0) 2 : 0.976 0.024
417 417 (0) 2 : 0.990 0.010
418 418 (0) 2 : 0.989 0.011
419 419 (0) 2 : 0.987 0.013
420 420 (0) 2 : 0.994 0.006
421 421 (0) 2 : 0.983 0.017
422 422 (0) 2 : 0.987 0.013
423 423 (0) 2 : 0.994 0.006
424 424 (0) 2 : 0.992 0.008
425 425 (0) 2 : 0.951 0.049
426 426 (0) 2 : 0.980 0.020
427 427 (0) 2 : 0.990 0.010
428 428 (0) 2 : 0.982 0.018
429 429 (0) 2 : 0.980 0.020
430 430 (0) 2 : 0.994 0.006
431 431 (0) 2 : 0.992 0.008
432 432 (0) 2 : 0.993 0.007
433 433 (0) 2 : 0.988 0.012
434 434 (0) 2 : 0.974 0.026
435 435 (0) 2 : 0.986 0.014
436 436 (0) 2 : 0.990 0.010
437 437 (0) 2 : 0.994 0.006
438 438 (0) 2 : 0.992 0.008
439 439 (0) 2 : 0.991 0.009
440 440 (0) 2 : 0.994 0.006
441 441 (0) 2 : 0.995 0.005
442 442 (0) 2 : 0.987 0.013
443 443 (0) 2 : 0.990 0.010
444 444 (0) 2 : 0.923 0.077
445 445 (0) 2 : 0.992 0.008
446 446 (0) 2 : 0.992 0.008
447 447 (0) 2 : 0.994 0.006
448 448 (0) 2 : 0.990 0.010
449 449 (0) 2 : 0.995 0.005
450 450 (0) 2 : 0.990 0.010
451 451 (0) 2 : 0.975 0.025
452 452 (0) 2 : 0.957 0.043
453 453 (0) 2 : 0.993 0.007
454 454 (0) 2 : 0.994 0.006
455 455 (0) 2 : 0.987 0.013
456 456 (0) 2 : 0.992 0.008
457 457 (0) 2 : 0.994 0.006
458 458 (0) 2 : 0.991 0.009
459 459 (0) 2 : 0.982 0.018
460 460 (0) 2 : 0.987 0.013
461 461 (0) 2 : 0.993 0.007
462 462 (0) 2 : 0.985 0.015
463 463 (0) 2 : 0.992 0.008
464 464 (0) 2 : 0.991 0.009
465 465 (0) 2 : 0.987 0.013
466 466 (0) 2 : 0.990 0.010
467 467 (0) 2 : 0.984 0.016
468 468 (0) 2 : 0.991 0.009
469 469 (0) 2 : 0.991 0.009
470 470 (0) 2 : 0.989 0.011
471 471 (0) 2 : 0.992 0.008
472 472 (0) 2 : 0.986 0.014
473 473 (0) 2 : 0.993 0.007
474 474 (0) 2 : 0.982 0.018
475 475 (0) 2 : 0.991 0.009
476 476 (0) 2 : 0.983 0.017
477 477 (0) 2 : 0.983 0.017
478 478 (0) 2 : 0.990 0.010
479 479 (0) 2 : 0.991 0.009
480 480 (0) 2 : 0.993 0.007
481 481 (0) 2 : 0.988 0.012
482 482 (0) 2 : 0.969 0.031
483 483 (0) 2 : 0.991 0.009
484 484 (0) 2 : 0.992 0.008
485 485 (0) 2 : 0.991 0.009
486 486 (0) 2 : 0.993 0.007
487 487 (0) 2 : 0.989 0.011
488 488 (0) 2 : 0.976 0.024
489 489 (0) 2 : 0.995 0.005
490 490 (0) 2 : 0.994 0.006
491 491 (0) 2 : 0.985 0.015
492 492 (0) 2 : 0.939 0.061
493 493 (0) 2 : 0.987 0.013
494 494 (0) 2 : 0.993 0.007
495 495 (0) 2 : 0.992 0.008
496 496 (0) 2 : 0.986 0.014
497 497 (0) 2 : 0.979 0.021
498 498 (0) 2 : 0.992 0.008
499 499 (0) 2 : 0.989 0.011
500 500 (0) 2 : 0.995 0.005
501 501 (0) 3 : 0.889 0.111
502 502 (0) 3 : 0.994 0.006
503 503 (0) 3 : 0.853 0.147
504 504 (0) 3 : 0.851 0.149
505 505 (0) 3 : 0.801 0.199
506 506 (0) 3 : 0.909 0.091
507 507 (0) 3 : 0.943 0.057
508 508 (0) 3 : 0.889 0.111
509 509 (0) 3 : 0.873 0.127
510 510 (0) 3 : 0.887 0.113
511 511 (0) 3 : 0.874 0.126
512 512 (0) 3 : 0.817 0.183
513 513 (0) 3 : 0.879 0.121
514 514 (0) 3 : 0.801 0.199
515 515 (0) 3 : 0.950 0.050
516 516 (0) 3 : 0.988 0.012
517 517 (0) 3 : 0.986 0.014
518 518 (0) 3 : 0.986 0.014
519 519 (0) 3 : 0.930 0.070
520 520 (0) 3 : 0.977 0.023
521 521 (0) 3 : 0.858 0.142
522 522 (0) 3 : 0.947 0.053
523 523 (0) 3 : 0.921 0.079
524 524 (0) 3 : 0.939 0.061
525 525 (0) 3 : 0.786 0.214
526 526 (0) 3 : 0.955 0.045
527 527 (0) 3 : 0.870 0.130
528 528 (0) 3 : 0.912 0.088
529 529 (0) 3 : 0.923 0.077
530 530 (0) 3 : 0.922 0.078
531 531 (0) 3 : 0.968 0.032
532 532 (0) 3 : 0.978 0.022
533 533 (0) 3 : 0.735 0.265
534 534 (0) 3 : 0.967 0.033
535 535 (0) 3 : 0.895 0.105
536 536 (0) 3 : 0.938 0.062
537 537 (0) 3 : 0.982 0.018
538 538 (0) 3 : 0.750 0.250
539 539 (0) 3 : 0.957 0.043
540 540 (0) 3 : 0.910 0.090
541 541 (0) 3 : 0.983 0.017
542 542 (0) 3 : 0.895 0.105
543 543 (0) 3 : 0.947 0.053
544 544 (0) 3 : 0.889 0.111
545 545 (0) 3 : 0.878 0.122
546 546 (0) 3 : 0.733 0.267
547 547 (0) 3 : 0.990 0.010
548 548 (0) 3 : 0.788 0.212
549 549 (0) 3 : 0.803 0.197
550 550 (0) 3 : 0.938 0.062
551 551 (0) 3 : 0.983 0.017
552 552 (0) 3 : 0.969 0.031
553 553 (0) 3 : 0.749 0.251
554 554 (0) 3 : 0.949 0.051
555 555 (0) 3 : 0.844 0.156
556 556 (0) 3 : 0.978 0.022
557 557 (0) 3 : 0.977 0.023
558 558 (0) 3 : 0.925 0.075
559 559 (0) 3 : 0.982 0.018
560 560 (0) 3 : 0.913 0.087
561 561 (0) 3 : 0.992 0.008
562 562 (0) 3 : 0.904 0.096
563 563 (0) 3 : 0.743 0.257
564 564 (0) 3 : 0.872 0.128
565 565 (0) 3 : 0.975 0.025
566 566 (0) 3 : 0.928 0.072
567 567 (0) 3 : 0.993 0.007
568 568 (0) 3 : 0.940 0.060
569 569 (0) 3 : 0.863 0.137
570 570 (0) 3 : 0.990 0.010
571 571 (0) 3 : 0.867 0.133
572 572 (0) 3 : 0.913 0.087
573 573 (0) 3 : 0.745 0.255
574 574 (0) 3 : 0.844 0.156
575 575 (0) 3 : 0.938 0.062
576 576 (0) 3 : 0.936 0.064
577 577 (0) 3 : 0.848 0.152
578 578 (0) 3 : 0.873 0.127
579 579 (0) 3 : 0.960 0.040
580 580 (0) 3 : 0.929 0.071
581 581 (0) 3 : 0.927 0.073
582 582 (0) 3 : 0.797 0.203
583 583 (0) 3 : 0.905 0.095
584 584 (0) 3 : 0.935 0.065
585 585 (0) 3 : 0.668 0.332
586 586 (0) 3 : 0.988 0.012
587 587 (0) 3 : 0.875 0.125
588 588 (0) 3 : 0.906 0.094
589 589 (0) 3 : 0.785 0.215
590 590 (0) 3 : 0.993 0.007
591 591 (0) 3 : 0.952 0.048
592 592 (0) 3 : 0.924 0.076
593 593 (0) 3 : 0.951 0.049
594 594 (0) 3 : 0.982 0.018
595 595 (0) 3 : 0.982 0.018
596 596 (0) 3 : 0.897 0.103
597 597 (0) 3 : 0.775 0.225
598 598 (0) 3 : 0.919 0.081
599 599 (0) 3 : 0.875 0.125
600 600 (0) 3 : 0.589 0.411
601 601 (0) 4 : 0.754 0.246
602 602 (0) 4 : 0.683 0.317
603 603 (0) 4 : 0.721 0.279
604 604 (0) 4 : 0.771 0.229
605 605 (0) 4 : 0.709 0.291
606 606 (0) 4 : 0.782 0.218
607 607 (0) 4 : 0.684 0.316
608 608 (0) 4 : 0.867 0.133
609 609 (0) 4 : 0.717 0.283
610 610 (0) 4 : 0.762 0.238
611 611 (0) 4 : 0.644 0.356
612 612 (0) 4 : 0.878 0.122
613 613 (0) 4 : 0.853 0.147
614 614 (0) 4 : 0.775 0.225
615 615 (0) 4 : 0.853 0.147
616 616 (0) 4 : 0.935 0.065
617 617 (0) 4 : 0.756 0.244
618 618 (0) 4 : 0.848 0.152
619 619 (0) 4 : 0.820 0.180
620 620 (0) 4 : 0.618 0.382
621 621 (0) 4 : 0.882 0.118
622 622 (0) 4 : 0.724 0.276
623 623 (0) 4 : 0.797 0.203
624 624 (0) 4 : 0.877 0.123
625 625 (0) 4 : 0.855 0.145
626 626 (0) 4 : 0.762 0.238
627 627 (0) 4 : 0.765 0.235
628 628 (0) 4 : 0.886 0.114
629 629 (0) 4 : 0.960 0.040
630 630 (0) 4 : 0.794 0.206
631 631 (0) 4 : 0.881 0.119
632 632 (0) 4 : 0.821 0.179
633 633 (0) 4 : 0.666 0.334
634 634 (0) 4 : 0.732 0.268
635 635 (0) 4 : 0.756 0.244
636 636 (0) 4 : 0.621 0.379
637 637 (0) 4 : 0.723 0.277
638 638 (0) 4 : 0.969 0.031
639 639 (0) 4 : 0.752 0.248
640 640 (0) 4 : 0.838 0.162
641 641 (0) 4 : 0.775 0.225
642 642 (0) 4 : 0.927 0.073
643 643 (0) 4 : 0.685 0.315
644 644 (0) 4 : 0.903 0.097
645 645 (0) 4 : 0.684 0.316
646 646 (0) 4 : 0.909 0.091
647 647 (0) 4 : 0.851 0.149
648 648 (0) 4 : 0.768 0.232
649 649 (0) 4 : 0.973 0.027
650 650 (0) 4 : 0.804 0.196
651 651 (0) 4 : 0.818 0.182
652 652 (0) 4 : 0.744 0.256
653 653 (0) 4 : 0.838 0.162
654 654 (0) 4 : 0.680 0.320
655 655 (0) 4 : 0.923 0.077
656 656 (0) 4 : 0.850 0.150
657 657 (0) 4 : 0.682 0.318
658 658 (0) 4 : 0.743 0.257
659 659 (0) 4 : 0.676 0.324
660 660 (0) 4 : 0.827 0.173
661 661 (0) 4 : 0.903 0.097
662 662 (0) 4 : 0.733 0.267
663 663 (0) 4 : 0.672 0.328
664 664 (0) 4 : 0.850 0.150
665 665 (0) 4 : 0.843 0.157
666 666 (0) 4 : 0.986 0.014
667 667 (0) 4 : 0.765 0.235
668 668 (0) 4 : 0.761 0.239
669 669 (0) 4 : 0.989 0.011
670 670 (0) 4 : 0.780 0.220
671 671 (0) 4 : 0.812 0.188
672 672 (0) 4 : 0.691 0.309
673 673 (0) 4 : 0.790 0.210
674 674 (0) 4 : 0.842 0.158
675 675 (0) 4 : 0.662 0.338
676 676 (0) 4 : 0.657 0.343
677 677 (0) 4 : 0.959 0.041
678 678 (0) 4 : 0.821 0.179
679 679 (0) 4 : 0.908 0.092
680 680 (0) 4 : 0.856 0.144
681 681 (0) 4 : 0.870 0.130
682 682 (0) 4 : 0.707 0.293
683 683 (0) 4 : 0.933 0.067
684 684 (0) 4 : 0.764 0.236
685 685 (0) 4 : 0.587 0.413
686 686 (0) 4 : 0.704 0.296
687 687 (0) 4 : 0.529 0.471
688 688 (0) 4 : 0.810 0.190
689 689 (0) 4 : 0.809 0.191
690 690 (0) 4 : 0.678 0.322
691 691 (0) 4 : 0.922 0.078
692 692 (0) 4 : 0.756 0.244
693 693 (0) 4 : 0.680 0.320
694 694 (0) 4 : 0.820 0.180
695 695 (0) 4 : 0.687 0.313
696 696 (0) 4 : 0.804 0.196
697 697 (0) 4 : 0.931 0.069
698 698 (0) 4 : 0.714 0.286
699 699 (0) 4 : 0.745 0.255
700 700 (0) 4 : 0.590 0.410
701 701 (0) 5 : 0.582 0.418
702 702 (0) 5 : 0.368 0.632
703 703 (0) 5 : 0.495 0.505
704 704 (0) 5 : 0.425 0.575
705 705 (0) 5 : 0.518 0.482
706 706 (0) 5 : 0.532 0.468
707 707 (0) 5 : 0.418 0.582
708 708 (0) 5 : 0.417 0.583
709 709 (0) 5 : 0.469 0.531
710 710 (0) 5 : 0.619 0.381
711 711 (0) 5 : 0.521 0.479
712 712 (0) 5 : 0.562 0.438
713 713 (0) 5 : 0.450 0.550
714 714 (0) 5 : 0.365 0.635
715 715 (0) 5 : 0.550 0.450
716 716 (0) 5 : 0.450 0.550
717 717 (0) 5 : 0.521 0.479
718 718 (0) 5 : 0.459 0.541
719 719 (0) 5 : 0.487 0.513
720 720 (0) 5 : 0.487 0.513
721 721 (0) 5 : 0.624 0.376
722 722 (0) 5 : 0.484 0.516
723 723 (0) 5 : 0.507 0.493
724 724 (0) 5 : 0.531 0.469
725 725 (0) 5 : 0.439 0.561
726 726 (0) 5 : 0.724 0.276
727 727 (0) 5 : 0.451 0.549
728 728 (0) 5 : 0.639 0.361
729 729 (0) 5 : 0.630 0.370
730 730 (0) 5 : 0.588 0.412
731 731 (0) 5 : 0.610 0.390
732 732 (0) 5 : 0.419 0.581
733 733 (0) 5 : 0.535 0.465
734 734 (0) 5 : 0.333 0.667
735 735 (0) 5 : 0.568 0.432
736 736 (0) 5 : 0.548 0.452
737 737 (0) 5 : 0.468 0.532
738 738 (0) 5 : 0.448 0.552
739 739 (0) 5 : 0.467 0.533
740 740 (0) 5 : 0.613 0.387
741 741 (0) 5 : 0.442 0.558
742 742 (0) 5 : 0.397 0.603
743 743 (0) 5 : 0.520 0.480
744 744 (0) 5 : 0.480 0.520
745 745 (0) 5 : 0.610 0.390
746 746 (0) 5 : 0.486 0.514
747 747 (0) 5 : 0.407 0.593
748 748 (0) 5 : 0.559 0.441
749 749 (0) 5 : 0.642 0.358
750 750 (0) 5 : 0.515 0.485
751 751 (0) 5 : 0.447 0.553
752 752 (0) 5 : 0.423 0.577
753 753 (0) 5 : 0.313 0.687
754 754 (0) 5 : 0.529 0.471
755 755 (0) 5 : 0.499 0.501
756 756 (0) 5 : 0.598 0.402
757 757 (0) 5 : 0.384 0.616
758 758 (0) 5 : 0.509 0.491
759 759 (0) 5 : 0.611 0.389
760 760 (0) 5 : 0.627 0.373
761 761 (0) 5 : 0.583 0.417
762 762 (0) 5 : 0.565 0.435
763 763 (0) 5 : 0.515 0.485
764 764 (0) 5 : 0.515 0.485
765 765 (0) 5 : 0.515 0.485
766 766 (0) 5 : 0.484 0.516
767 767 (0) 5 : 0.501 0.499
768 768 (0) 5 : 0.422 0.578
769 769 (0) 5 : 0.643 0.357
770 770 (0) 5 : 0.331 0.669
771 771 (0) 5 : 0.635 0.365
772 772 (0) 5 : 0.479 0.521
773 773 (0) 5 : 0.576 0.424
774 774 (0) 5 : 0.756 0.244
775 775 (0) 5 : 0.497 0.503
776 776 (0) 5 : 0.583 0.417
777 777 (0) 5 : 0.432 0.568
778 778 (0) 5 : 0.627 0.373
779 779 (0) 5 : 0.521 0.479
780 780 (0) 5 : 0.629 0.371
781 781 (0) 5 : 0.448 0.552
782 782 (0) 5 : 0.524 0.476
783 783 (0) 5 : 0.571 0.429
784 784 (0) 5 : 0.526 0.474
785 785 (0) 5 : 0.479 0.521
786 786 (0) 5 : 0.492 0.508
787 787 (0) 5 : 0.484 0.516
788 788 (0) 5 : 0.617 0.383
789 789 (0) 5 : 0.530 0.470
790 790 (0) 5 : 0.448 0.552
791 791 (0) 5 : 0.456 0.544
792 792 (0) 5 : 0.570 0.430
793 793 (0) 5 : 0.491 0.509
794 794 (0) 5 : 0.453 0.547
795 795 (0) 5 : 0.402 0.598
796 796 (0) 5 : 0.563 0.437
797 797 (0) 5 : 0.465 0.535
798 798 (0) 5 : 0.434 0.566
799 799 (0) 5 : 0.275 0.725
800 800 (0) 5 : 0.431 0.569
801 801 (0) 6 : 0.203 0.797
802 802 (0) 6 : 0.281 0.719
803 803 (0) 6 : 0.271 0.729
804 804 (0) 6 : 0.381 0.619
805 805 (0) 6 : 0.295 0.705
806 806 (0) 6 : 0.263 0.737
807 807 (0) 6 : 0.191 0.809
808 808 (0) 6 : 0.114 0.886
809 809 (0) 6 : 0.198 0.802
810 810 (0) 6 : 0.112 0.888
811 811 (0) 6 : 0.288 0.712
812 812 (0) 6 : 0.253 0.747
813 813 (0) 6 : 0.269 0.731
814 814 (0) 6 : 0.202 0.798
815 815 (0) 6 : 0.383 0.617
816 816 (0) 6 : 0.334 0.666
817 817 (0) 6 : 0.349 0.651
818 818 (0) 6 : 0.363 0.637
819 819 (0) 6 : 0.150 0.850
820 820 (0) 6 : 0.193 0.807
821 821 (0) 6 : 0.193 0.807
822 822 (0) 6 : 0.191 0.809
823 823 (0) 6 : 0.208 0.792
824 824 (0) 6 : 0.222 0.778
825 825 (0) 6 : 0.316 0.684
826 826 (0) 6 : 0.218 0.782
827 827 (0) 6 : 0.120 0.880
828 828 (0) 6 : 0.179 0.821
829 829 (0) 6 : 0.199 0.801
830 830 (0) 6 : 0.251 0.749
831 831 (0) 6 : 0.156 0.844
832 832 (0) 6 : 0.329 0.671
833 833 (0) 6 : 0.320 0.680
834 834 (0) 6 : 0.361 0.639
835 835 (0) 6 : 0.303 0.697
836 836 (0) 6 : 0.115 0.885
837 837 (0) 6 : 0.352 0.648
838 838 (0) 6 : 0.091 0.909
839 839 (0) 6 : 0.346 0.654
840 840 (0) 6 : 0.102 0.898
841 841 (0) 6 : 0.114 0.886
842 842 (0) 6 : 0.263 0.737
843 843 (0) 6 : 0.334 0.666
844 844 (0) 6 : 0.327 0.673
845 845 (0) 6 : 0.072 0.928
846 846 (0) 6 : 0.337 0.663
847 847 (0) 6 : 0.233 0.767
848 848 (0) 6 : 0.301 0.699
849 849 (0) 6 : 0.346 0.654
850 850 (0) 6 : 0.198 0.802
851 851 (0) 6 : 0.300 0.700
852 852 (0) 6 : 0.314 0.686
853 853 (0) 6 : 0.410 0.590
854 854 (0) 6 : 0.011 0.989
855 855 (0) 6 : 0.266 0.734
856 856 (0) 6 : 0.212 0.788
857 857 (0) 6 : 0.376 0.624
858 858 (0) 6 : 0.398 0.602
859 859 (0) 6 : 0.172 0.828
860 860 (0) 6 : 0.171 0.829
861 861 (0) 6 : 0.145 0.855
862 862 (0) 6 : 0.197 0.803
863 863 (0) 6 : 0.230 0.770
864 864 (0) 6 : 0.167 0.833
865 865 (0) 6 : 0.208 0.792
866 866 (0) 6 : 0.288 0.712
867 867 (0) 6 : 0.319 0.681
868 868 (0) 6 : 0.086 0.914
869 869 (0) 6 : 0.350 0.650
870 870 (0) 6 : 0.167 0.833
871 871 (0) 6 : 0.279 0.721
872 872 (0) 6 : 0.381 0.619
873 873 (0) 6 : 0.228 0.772
874 874 (0) 6 : 0.208 0.792
875 875 (0) 6 : 0.077 0.923
876 876 (0) 6 : 0.218 0.782
877 877 (0) 6 : 0.227 0.773
878 878 (0) 6 : 0.168 0.832
879 879 (0) 6 : 0.279 0.721
880 880 (0) 6 : 0.293 0.707
881 881 (0) 6 : 0.217 0.783
882 882 (0) 6 : 0.256 0.744
883 883 (0) 6 : 0.259 0.741
884 884 (0) 6 : 0.244 0.756
885 885 (0) 6 : 0.418 0.582
886 886 (0) 6 : 0.351 0.649
887 887 (0) 6 : 0.227 0.773
888 888 (0) 6 : 0.271 0.729
889 889 (0) 6 : 0.232 0.768
890 890 (0) 6 : 0.421 0.579
891 891 (0) 6 : 0.307 0.693
892 892 (0) 6 : 0.284 0.716
893 893 (0) 6 : 0.332 0.668
894 894 (0) 6 : 0.043 0.957
895 895 (0) 6 : 0.378 0.622
896 896 (0) 6 : 0.212 0.788
897 897 (0) 6 : 0.281 0.719
898 898 (0) 6 : 0.145 0.855
899 899 (0) 6 : 0.355 0.645
900 900 (0) 6 : 0.199 0.801
901 901 (0) 7 : 0.030 0.970
902 902 (0) 7 : 0.164 0.836
903 903 (0) 7 : 0.013 0.987
904 904 (0) 7 : 0.216 0.784
905 905 (0) 7 : 0.140 0.860
906 906 (0) 7 : 0.065 0.935
907 907 (0) 7 : 0.061 0.939
908 908 (0) 7 : 0.138 0.862
909 909 (0) 7 : 0.143 0.857
910 910 (0) 7 : 0.021 0.979
911 911 (0) 7 : 0.172 0.828
912 912 (0) 7 : 0.124 0.876
913 913 (0) 7 : 0.149 0.851
914 914 (0) 7 : 0.122 0.878
915 915 (0) 7 : 0.125 0.875
916 916 (0) 7 : 0.097 0.903
917 917 (0) 7 : 0.228 0.772
918 918 (0) 7 : 0.136 0.864
919 919 (0) 7 : 0.186 0.814
920 920 (0) 7 : 0.282 0.718
921 921 (0) 7 : 0.135 0.865
922 922 (0) 7 : 0.151 0.849
923 923 (0) 7 : 0.075 0.925
924 924 (0) 7 : 0.166 0.834
925 925 (0) 7 : 0.017 0.983
926 926 (0) 7 : 0.131 0.869
927 927 (0) 7 : 0.190 0.810
928 928 (0) 7 : 0.228 0.772
929 929 (0) 7 : 0.214 0.786
930 930 (0) 7 : 0.117 0.883
931 931 (0) 7 : 0.130 0.870
932 932 (0) 7 : 0.014 0.986
933 933 (0) 7 : 0.104 0.896
934 934 (0) 7 : 0.045 0.955
935 935 (0) 7 : 0.105 0.895
936 936 (0) 7 : 0.124 0.876
937 937 (0) 7 : 0.016 0.984
938 938 (0) 7 : 0.161 0.839
939 939 (0) 7 : 0.007 0.993
940 940 (0) 7 : 0.102 0.898
941 941 (0) 7 : 0.090 0.910
942 942 (0) 7 : 0.156 0.844
943 943 (0) 7 : 0.088 0.912
944 944 (0) 7 : 0.118 0.882
945 945 (0) 7 : 0.060 0.940
946 946 (0) 7 : 0.105 0.895
947 947 (0) 7 : 0.195 0.805
948 948 (0) 7 : 0.143 0.857
949 949 (0) 7 : 0.032 0.968
950 950 (0) 7 : 0.054 0.946
951 951 (0) 7 : 0.015 0.985
952 952 (0) 7 : 0.114 0.886
953 953 (0) 7 : 0.136 0.864
954 954 (0) 7 : 0.182 0.818
955 955 (0) 7 : 0.181 0.819
956 956 (0) 7 : 0.038 0.962
957 957 (0) 7 : 0.151 0.849
958 958 (0) 7 : 0.268 0.732
959 959 (0) 7 : 0.054 0.946
960 960 (0) 7 : 0.009 0.991
961 961 (0) 7 : 0.176 0.824
962 962 (0) 7 : 0.168 0.832
963 963 (0) 7 : 0.186 0.814
964 964 (0) 7 : 0.153 0.847
965 965 (0) 7 : 0.006 0.994
966 966 (0) 7 : 0.008 0.992
967 967 (0) 7 : 0.235 0.765
968 968 (0) 7 : 0.060 0.940
969 969 (0) 7 : 0.009 0.991
970 970 (0) 7 : 0.200 0.800
971 971 (0) 7 : 0.047 0.953
972 972 (0) 7 : 0.177 0.823
973 973 (0) 7 : 0.008 0.992
974 974 (0) 7 : 0.174 0.826
975 975 (0) 7 : 0.049 0.951
976 976 (0) 7 : 0.044 0.956
977 977 (0) 7 : 0.196 0.804
978 978 (0) 7 : 0.292 0.708
979 979 (0) 7 : 0.127 0.873
980 980 (0) 7 : 0.087 0.913
981 981 (0) 7 : 0.252 0.748
982 982 (0) 7 : 0.037 0.963
983 983 (0) 7 : 0.128 0.872
984 984 (0) 7 : 0.124 0.876
985 985 (0) 7 : 0.133 0.867
986 986 (0) 7 : 0.051 0.949
987 987 (0) 7 : 0.105 0.895
988 988 (0) 7 : 0.067 0.933
989 989 (0) 7 : 0.068 0.932
990 990 (0) 7 : 0.007 0.993
991 991 (0) 7 : 0.008 0.992
992 992 (0) 7 : 0.008 0.992
993 993 (0) 7 : 0.187 0.813
994 994 (0) 7 : 0.269 0.731
995 995 (0) 7 : 0.091 0.909
996 996 (0) 7 : 0.071 0.929
997 997 (0) 7 : 0.087 0.913
998 998 (0) 7 : 0.191 0.809
999 999 (0) 7 : 0.222 0.778
1000 1000 (0) 7 : 0.164 0.836
1001 1001 (5) 8 : 0.012 0.988
1002 1002 (0) 8 : 0.014 0.986
1003 1003 (0) 8 : 0.006 0.994
1004 1004 (0) 8 : 0.018 0.982
1005 1005 (0) 8 : 0.007 0.993
1006 1006 (0) 8 : 0.009 0.991
1007 1007 (0) 8 : 0.005 0.995
1008 1008 (0) 8 : 0.008 0.992
1009 1009 (0) 8 : 0.008 0.992
1010 1010 (0) 8 : 0.008 0.992
1011 1011 (0) 8 : 0.005 0.995
1012 1012 (0) 8 : 0.007 0.993
1013 1013 (0) 8 : 0.012 0.988
1014 1014 (5) 8 : 0.005 0.995
1015 1015 (0) 8 : 0.007 0.993
1016 1016 (0) 8 : 0.006 0.994
1017 1017 (0) 8 : 0.008 0.992
1018 1018 (0) 8 : 0.008 0.992
1019 1019 (0) 8 : 0.011 0.989
1020 1020 (0) 8 : 0.006 0.994
1021 1021 (0) 8 : 0.005 0.995
1022 1022 (0) 8 : 0.009 0.991
1023 1023 (0) 8 : 0.006 0.994
1024 1024 (0) 8 : 0.005 0.995
1025 1025 (0) 8 : 0.005 0.995
1026 1026 (0) 8 : 0.006 0.994
1027 1027 (0) 8 : 0.006 0.994
1028 1028 (0) 8 : 0.006 0.994
1029 1029 (0) 9 : 0.015 0.985
1030 1030 (0) 9 : 0.009 0.991
1031 1031 (0) 9 : 0.006 0.994
1032 1032 (0) 9 : 0.007 0.993
1033 1033 (0) 9 : 0.005 0.995
1034 1034 (0) 9 : 0.007 0.993
1035 1035 (0) 9 : 0.007 0.993
1036 1036 (0) 9 : 0.011 0.989
1037 1037 (0) 9 : 0.017 0.983
1038 1038 (0) 9 : 0.007 0.993
1039 1039 (0) 9 : 0.010 0.990
1040 1040 (0) 9 : 0.008 0.992
1041 1041 (0) 9 : 0.005 0.995
1042 1042 (0) 9 : 0.005 0.995
1043 1043 (0) 9 : 0.006 0.994
1044 1044 (0) 9 : 0.007 0.993
1045 1045 (0) 9 : 0.006 0.994
1046 1046 (0) 9 : 0.009 0.991
1047 1047 (0) 9 : 0.007 0.993
1048 1048 (0) 9 : 0.006 0.994
1049 1049 (0) 9 : 0.007 0.993
1050 1050 (0) 9 : 0.009 0.991
1051 1051 (0) 9 : 0.006 0.994
1052 1052 (0) 9 : 0.011 0.989
1053 1053 (0) 9 : 0.006 0.994
1054 1054 (0) 9 : 0.006 0.994
1055 1055 (0) 9 : 0.006 0.994
1056 1056 (0) 9 : 0.006 0.994
1057 1057 (0) 9 : 0.005 0.995
1058 1058 (0) 9 : 0.006 0.994
1059 1059 (0) 9 : 0.006 0.994
1060 1060 (0) 9 : 0.006 0.994
1061 1061 (0) 9 : 0.006 0.994
1062 1062 (0) 9 : 0.005 0.995
1063 1063 (0) 9 : 0.008 0.992
1064 1064 (0) 9 : 0.017 0.983
1065 1065 (0) 9 : 0.008 0.992
1066 1066 (0) 9 : 0.008 0.992
1067 1067 (0) 9 : 0.008 0.992
1068 1068 (0) 9 : 0.006 0.994
1069 1069 (0) 9 : 0.007 0.993
1070 1070 (0) 9 : 0.009 0.991
1071 1071 (0) 9 : 0.007 0.993
1072 1072 (0) 9 : 0.005 0.995
1073 1073 (0) 9 : 0.008 0.992
1074 1074 (0) 9 : 0.006 0.994
1075 1075 (0) 9 : 0.010 0.990
1076 1076 (0) 9 : 0.006 0.994
1077 1077 (0) 9 : 0.005 0.995
1078 1078 (0) 9 : 0.006 0.994
1079 1079 (0) 9 : 0.005 0.995
1080 1080 (0) 9 : 0.010 0.990
1081 1081 (0) 9 : 0.006 0.994
1082 1082 (0) 9 : 0.008 0.992
1083 1083 (0) 9 : 0.006 0.994
1084 1084 (0) 9 : 0.009 0.991
1085 1085 (0) 9 : 0.007 0.993
1086 1086 (0) 9 : 0.008 0.992
1087 1087 (0) 9 : 0.014 0.986
1088 1088 (0) 9 : 0.006 0.994
1089 1089 (0) 9 : 0.007 0.993
1090 1090 (0) 9 : 0.005 0.995
1091 1091 (0) 9 : 0.008 0.992
1092 1092 (0) 9 : 0.008 0.992
1093 1093 (0) 9 : 0.007 0.993
1094 1094 (0) 9 : 0.007 0.993
1095 1095 (0) 9 : 0.009 0.991
1096 1096 (0) 9 : 0.010 0.990
1097 1097 (0) 9 : 0.009 0.991
1098 1098 (0) 9 : 0.005 0.995
1099 1099 (0) 9 : 0.005 0.995
1100 1100 (0) 9 : 0.008 0.992
1101 1101 (0) 9 : 0.005 0.995
1102 1102 (0) 9 : 0.006 0.994
1103 1103 (0) 9 : 0.006 0.994
1104 1104 (0) 9 : 0.008 0.992
1105 1105 (0) 9 : 0.007 0.993
1106 1106 (0) 9 : 0.006 0.994
1107 1107 (0) 9 : 0.007 0.993
1108 1108 (0) 9 : 0.010 0.990
1109 1109 (0) 9 : 0.005 0.995
1110 1110 (0) 9 : 0.010 0.990
1111 1111 (0) 9 : 0.006 0.994
1112 1112 (0) 9 : 0.005 0.995
1113 1113 (0) 9 : 0.006 0.994
1114 1114 (0) 9 : 0.005 0.995
1115 1115 (0) 9 : 0.006 0.994
1116 1116 (0) 9 : 0.005 0.995
1117 1117 (0) 9 : 0.010 0.990
1118 1118 (0) 9 : 0.006 0.994
1119 1119 (0) 9 : 0.011 0.989
1120 1120 (0) 9 : 0.008 0.992
1121 1121 (0) 9 : 0.007 0.993
1122 1122 (0) 9 : 0.005 0.995
1123 1123 (0) 9 : 0.009 0.991
1124 1124 (0) 9 : 0.006 0.994
1125 1125 (0) 9 : 0.008 0.992
1126 1126 (0) 9 : 0.008 0.992
1127 1127 (0) 9 : 0.006 0.994
1128 1128 (0) 9 : 0.005 0.995
1129 1129 (0) 9 : 0.009 0.991
1130 1130 (0) 9 : 0.006 0.994
1131 1131 (0) 9 : 0.007 0.993
1132 1132 (0) 9 : 0.009 0.991
1133 1133 (0) 9 : 0.005 0.995
1134 1134 (0) 9 : 0.007 0.993
1135 1135 (0) 9 : 0.008 0.992
1136 1136 (0) 9 : 0.007 0.993
1137 1137 (0) 9 : 0.005 0.995
1138 1138 (0) 9 : 0.007 0.993
1139 1139 (0) 9 : 0.009 0.991
1140 1140 (0) 9 : 0.005 0.995
1141 1141 (0) 9 : 0.008 0.992
1142 1142 (0) 9 : 0.012 0.988
1143 1143 (0) 9 : 0.008 0.992
1144 1144 (0) 9 : 0.007 0.993
1145 1145 (0) 9 : 0.013 0.987
1146 1146 (0) 9 : 0.005 0.995
1147 1147 (0) 9 : 0.007 0.993
1148 1148 (0) 9 : 0.006 0.994
1149 1149 (0) 9 : 0.006 0.994
1150 1150 (0) 9 : 0.006 0.994
1151 1151 (0) 9 : 0.007 0.993
1152 1152 (0) 9 : 0.010 0.990
1153 1153 (0) 9 : 0.006 0.994
1154 1154 (0) 9 : 0.008 0.992
1155 1155 (0) 9 : 0.006 0.994
1156 1156 (0) 9 : 0.009 0.991
1157 1157 (0) 9 : 0.007 0.993
1158 1158 (0) 9 : 0.009 0.991
1159 1159 (0) 9 : 0.006 0.994
1160 1160 (0) 9 : 0.016 0.984
1161 1161 (0) 9 : 0.005 0.995
1162 1162 (0) 9 : 0.005 0.995
1163 1163 (0) 9 : 0.005 0.995
1164 1164 (0) 9 : 0.006 0.994
1165 1165 (0) 9 : 0.007 0.993
1166 1166 (0) 9 : 0.006 0.994
1167 1167 (0) 9 : 0.006 0.994
1168 1168 (0) 9 : 0.008 0.992
1169 1169 (0) 9 : 0.005 0.995
1170 1170 (0) 9 : 0.014 0.986
1171 1171 (0) 9 : 0.010 0.990
1172 1172 (0) 9 : 0.006 0.994
1173 1173 (0) 9 : 0.007 0.993
1174 1174 (0) 9 : 0.006 0.994
1175 1175 (0) 9 : 0.005 0.995
1176 1176 (0) 9 : 0.007 0.993
1177 1177 (0) 9 : 0.007 0.993
1178 1178 (0) 9 : 0.005 0.995
1179 1179 (0) 9 : 0.009 0.991
1180 1180 (0) 9 : 0.011 0.989
1181 1181 (0) 9 : 0.005 0.995
1182 1182 (0) 9 : 0.007 0.993
1183 1183 (0) 9 : 0.009 0.991
1184 1184 (0) 9 : 0.008 0.992
1185 1185 (0) 9 : 0.005 0.995
1186 1186 (0) 9 : 0.008 0.992
1187 1187 (0) 9 : 0.007 0.993
1188 1188 (0) 9 : 0.007 0.993
1189 1189 (0) 9 : 0.014 0.986
1190 1190 (0) 9 : 0.009 0.991
1191 1191 (0) 9 : 0.006 0.994
1192 1192 (0) 9 : 0.006 0.994
1193 1193 (0) 9 : 0.006 0.994
1194 1194 (0) 9 : 0.005 0.995
1195 1195 (0) 9 : 0.004 0.996
1196 1196 (0) 9 : 0.007 0.993
1197 1197 (0) 9 : 0.006 0.994
1198 1198 (0) 9 : 0.009 0.991
1199 1199 (0) 9 : 0.011 0.989
1200 1200 (0) 9 : 0.007 0.993
1201 1201 (0) 9 : 0.005 0.995
1202 1202 (0) 9 : 0.008 0.992
1203 1203 (0) 9 : 0.013 0.987
1204 1204 (0) 9 : 0.005 0.995
1205 1205 (0) 9 : 0.011 0.989
1206 1206 (0) 9 : 0.010 0.990
1207 1207 (0) 9 : 0.011 0.989
1208 1208 (0) 9 : 0.008 0.992
1209 1209 (0) 9 : 0.007 0.993
1210 1210 (0) 9 : 0.007 0.993
1211 1211 (0) 9 : 0.005 0.995
1212 1212 (0) 9 : 0.009 0.991
1213 1213 (0) 9 : 0.007 0.993
1214 1214 (0) 9 : 0.006 0.994
1215 1215 (0) 9 : 0.018 0.982
1216 1216 (0) 9 : 0.007 0.993
1217 1217 (0) 9 : 0.006 0.994
1218 1218 (0) 9 : 0.007 0.993
1219 1219 (0) 9 : 0.005 0.995
1220 1220 (0) 9 : 0.007 0.993
1221 1221 (0) 9 : 0.008 0.992
1222 1222 (0) 9 : 0.006 0.994
1223 1223 (0) 9 : 0.013 0.987
1224 1224 (0) 9 : 0.005 0.995
1225 1225 (0) 9 : 0.006 0.994
1226 1226 (0) 9 : 0.014 0.986
1227 1227 (0) 9 : 0.006 0.994
1228 1228 (0) 9 : 0.007 0.993
1229 1229 (0) 9 : 0.012 0.988
1230 1230 (0) 9 : 0.006 0.994
1231 1231 (0) 9 : 0.005 0.995
1232 1232 (0) 9 : 0.006 0.994
1233 1233 (0) 9 : 0.009 0.991
1234 1234 (0) 9 : 0.007 0.993
1235 1235 (0) 9 : 0.009 0.991
1236 1236 (0) 9 : 0.005 0.995
1237 1237 (0) 9 : 0.007 0.993
1238 1238 (0) 9 : 0.006 0.994
1239 1239 (0) 9 : 0.011 0.989
1240 1240 (0) 9 : 0.005 0.995
1241 1241 (0) 9 : 0.007 0.993
1242 1242 (0) 9 : 0.007 0.993
1243 1243 (0) 9 : 0.006 0.994
1244 1244 (0) 9 : 0.005 0.995
1245 1245 (0) 9 : 0.008 0.992
1246 1246 (0) 9 : 0.009 0.991
1247 1247 (0) 9 : 0.009 0.991
1248 1248 (0) 9 : 0.006 0.994
1249 1249 (0) 9 : 0.006 0.994
1250 1250 (0) 9 : 0.005 0.995
1251 1251 (0) 9 : 0.006 0.994
1252 1252 (0) 9 : 0.006 0.994
1253 1253 (0) 9 : 0.010 0.990
1254 1254 (0) 9 : 0.008 0.992
1255 1255 (0) 9 : 0.005 0.995
1256 1256 (0) 9 : 0.006 0.994
1257 1257 (0) 9 : 0.008 0.992
1258 1258 (0) 9 : 0.009 0.991
1259 1259 (0) 9 : 0.005 0.995
1260 1260 (0) 9 : 0.006 0.994
1261 1261 (0) 9 : 0.006 0.994
1262 1262 (0) 9 : 0.008 0.992
1263 1263 (0) 9 : 0.009 0.991
1264 1264 (0) 9 : 0.008 0.992
1265 1265 (0) 9 : 0.011 0.989
1266 1266 (0) 9 : 0.009 0.991
1267 1267 (0) 9 : 0.006 0.994
1268 1268 (0) 9 : 0.006 0.994
1269 1269 (0) 9 : 0.006 0.994
1270 1270 (0) 9 : 0.005 0.995
1271 1271 (0) 9 : 0.005 0.995
1272 1272 (0) 9 : 0.007 0.993
1273 1273 (0) 9 : 0.009 0.991
1274 1274 (0) 9 : 0.006 0.994
1275 1275 (0) 9 : 0.006 0.994
1276 1276 (0) 9 : 0.007 0.993
1277 1277 (0) 9 : 0.006 0.994
1278 1278 (0) 9 : 0.006 0.994
1279 1279 (0) 9 : 0.005 0.995
1280 1280 (0) 9 : 0.006 0.994
1281 1281 (0) 9 : 0.011 0.989
1282 1282 (0) 9 : 0.010 0.990
1283 1283 (0) 9 : 0.026 0.974
1284 1284 (0) 9 : 0.006 0.994
1285 1285 (0) 9 : 0.005 0.995
1286 1286 (0) 9 : 0.007 0.993
1287 1287 (0) 9 : 0.006 0.994
1288 1288 (0) 9 : 0.005 0.995
1289 1289 (0) 9 : 0.008 0.992
1290 1290 (0) 9 : 0.010 0.990
1291 1291 (0) 9 : 0.007 0.993
1292 1292 (0) 9 : 0.006 0.994
1293 1293 (0) 9 : 0.004 0.996
1294 1294 (0) 9 : 0.012 0.988
1295 1295 (0) 9 : 0.006 0.994
1296 1296 (0) 9 : 0.006 0.994
1297 1297 (0) 9 : 0.012 0.988
1298 1298 (0) 9 : 0.006 0.994
1299 1299 (0) 9 : 0.009 0.991
1300 1300 (0) 9 : 0.005 0.995
1301 1301 (0) 9 : 0.006 0.994
1302 1302 (0) 9 : 0.008 0.992
1303 1303 (0) 9 : 0.006 0.994
1304 1304 (0) 9 : 0.008 0.992
1305 1305 (0) 9 : 0.005 0.995
1306 1306 (0) 9 : 0.008 0.992
1307 1307 (0) 9 : 0.012 0.988
1308 1308 (0) 9 : 0.006 0.994
1309 1309 (0) 9 : 0.009 0.991
1310 1310 (0) 9 : 0.006 0.994
1311 1311 (0) 9 : 0.007 0.993
1312 1312 (0) 9 : 0.009 0.991
1313 1313 (0) 9 : 0.007 0.993
1314 1314 (0) 9 : 0.006 0.994
1315 1315 (0) 9 : 0.008 0.992
1316 1316 (0) 9 : 0.006 0.994
1317 1317 (0) 9 : 0.005 0.995
1318 1318 (0) 9 : 0.010 0.990
1319 1319 (0) 9 : 0.014 0.986
1320 1320 (0) 9 : 0.009 0.991
1321 1321 (0) 9 : 0.009 0.991
1322 1322 (0) 9 : 0.008 0.992
1323 1323 (0) 9 : 0.006 0.994
1324 1324 (0) 9 : 0.007 0.993
1325 1325 (0) 9 : 0.006 0.994
1326 1326 (0) 9 : 0.004 0.996
1327 1327 (0) 9 : 0.008 0.992
1328 1328 (0) 9 : 0.009 0.991
1329 1329 (0) 9 : 0.007 0.993
1330 1330 (0) 9 : 0.011 0.989
1331 1331 (0) 9 : 0.007 0.993
1332 1332 (0) 9 : 0.006 0.994
1333 1333 (0) 9 : 0.006 0.994
1334 1334 (0) 9 : 0.005 0.995
1335 1335 (0) 9 : 0.013 0.987
1336 1336 (0) 9 : 0.009 0.991
1337 1337 (0) 9 : 0.005 0.995
1338 1338 (0) 9 : 0.006 0.994
1339 1339 (0) 9 : 0.007 0.993
1340 1340 (0) 9 : 0.010 0.990
1341 1341 (0) 9 : 0.005 0.995
1342 1342 (0) 9 : 0.005 0.995
1343 1343 (0) 9 : 0.008 0.992
1344 1344 (0) 9 : 0.008 0.992
1345 1345 (0) 9 : 0.007 0.993
1346 1346 (0) 9 : 0.012 0.988
1347 1347 (0) 9 : 0.005 0.995
1348 1348 (0) 9 : 0.008 0.992
1349 1349 (0) 9 : 0.007 0.993
1350 1350 (0) 9 : 0.009 0.991
1351 1351 (0) 9 : 0.005 0.995
1352 1352 (0) 9 : 0.005 0.995
1353 1353 (0) 9 : 0.007 0.993
1354 1354 (0) 9 : 0.006 0.994
1355 1355 (0) 9 : 0.016 0.984
1356 1356 (0) 9 : 0.005 0.995
1357 1357 (0) 9 : 0.008 0.992
1358 1358 (0) 9 : 0.006 0.994
1359 1359 (0) 9 : 0.008 0.992
1360 1360 (0) 9 : 0.009 0.991
1361 1361 (0) 9 : 0.007 0.993
1362 1362 (0) 9 : 0.005 0.995
1363 1363 (0) 9 : 0.008 0.992
1364 1364 (0) 9 : 0.005 0.995
1365 1365 (0) 9 : 0.004 0.996
1366 1366 (0) 9 : 0.012 0.988
1367 1367 (0) 9 : 0.005 0.995
1368 1368 (0) 9 : 0.016 0.984
1369 1369 (0) 9 : 0.010 0.990
1370 1370 (0) 9 : 0.005 0.995
1371 1371 (0) 9 : 0.007 0.993
1372 1372 (0) 9 : 0.006 0.994
1373 1373 (0) 9 : 0.008 0.992
1374 1374 (0) 9 : 0.008 0.992
1375 1375 (0) 9 : 0.010 0.990
1376 1376 (0) 9 : 0.006 0.994
1377 1377 (0) 9 : 0.009 0.991
1378 1378 (0) 9 : 0.009 0.991
1379 1379 (0) 9 : 0.009 0.991
1380 1380 (0) 9 : 0.011 0.989
1381 1381 (0) 9 : 0.006 0.994
1382 1382 (0) 9 : 0.005 0.995
1383 1383 (0) 9 : 0.005 0.995
1384 1384 (0) 9 : 0.009 0.991
1385 1385 (0) 9 : 0.015 0.985
1386 1386 (0) 9 : 0.005 0.995
1387 1387 (0) 9 : 0.010 0.990
1388 1388 (0) 9 : 0.005 0.995
1389 1389 (0) 9 : 0.006 0.994
1390 1390 (0) 9 : 0.006 0.994
1391 1391 (0) 9 : 0.006 0.994
1392 1392 (0) 9 : 0.005 0.995
1393 1393 (0) 9 : 0.009 0.991
1394 1394 (0) 9 : 0.007 0.993
1395 1395 (0) 9 : 0.007 0.993
1396 1396 (0) 9 : 0.009 0.991
1397 1397 (0) 9 : 0.008 0.992
1398 1398 (0) 9 : 0.006 0.994
1399 1399 (0) 9 : 0.007 0.993
1400 1400 (0) 9 : 0.005 0.995
1401 1401 (0) 9 : 0.006 0.994
1402 1402 (0) 9 : 0.007 0.993
1403 1403 (0) 9 : 0.006 0.994
1404 1404 (0) 9 : 0.012 0.988
1405 1405 (0) 9 : 0.005 0.995
1406 1406 (0) 9 : 0.006 0.994
1407 1407 (0) 9 : 0.008 0.992
1408 1408 (0) 9 : 0.012 0.988
1409 1409 (0) 9 : 0.006 0.994
1410 1410 (0) 9 : 0.008 0.992
1411 1411 (0) 9 : 0.006 0.994
1412 1412 (0) 9 : 0.005 0.995
1413 1413 (0) 9 : 0.010 0.990
1414 1414 (0) 9 : 0.008 0.992
1415 1415 (0) 9 : 0.007 0.993
1416 1416 (0) 9 : 0.009 0.991
1417 1417 (0) 9 : 0.005 0.995
1418 1418 (0) 9 : 0.008 0.992
1419 1419 (0) 9 : 0.005 0.995
1420 1420 (0) 9 : 0.006 0.994
1421 1421 (0) 9 : 0.008 0.992
1422 1422 (0) 9 : 0.006 0.994
1423 1423 (0) 9 : 0.011 0.989
1424 1424 (0) 9 : 0.008 0.992
1425 1425 (0) 9 : 0.006 0.994
1426 1426 (0) 9 : 0.006 0.994
1427 1427 (0) 9 : 0.005 0.995
1428 1428 (0) 9 : 0.008 0.992
1429 1429 (0) 9 : 0.008 0.992
1430 1430 (0) 9 : 0.006 0.994
1431 1431 (0) 9 : 0.010 0.990
1432 1432 (0) 9 : 0.005 0.995
1433 1433 (0) 9 : 0.005 0.995
1434 1434 (0) 9 : 0.006 0.994
1435 1435 (0) 9 : 0.006 0.994
1436 1436 (0) 9 : 0.007 0.993
1437 1437 (0) 9 : 0.007 0.993
1438 1438 (0) 9 : 0.008 0.992
1439 1439 (0) 9 : 0.010 0.990
1440 1440 (0) 9 : 0.006 0.994
1441 1441 (0) 9 : 0.014 0.986
1442 1442 (0) 9 : 0.010 0.990
1443 1443 (0) 9 : 0.006 0.994
1444 1444 (0) 9 : 0.005 0.995
1445 1445 (0) 9 : 0.006 0.994
1446 1446 (0) 9 : 0.006 0.994
1447 1447 (0) 9 : 0.008 0.992
1448 1448 (0) 9 : 0.006 0.994
1449 1449 (0) 9 : 0.011 0.989
1450 1450 (0) 9 : 0.007 0.993
1451 1451 (0) 9 : 0.007 0.993
1452 1452 (0) 9 : 0.006 0.994
1453 1453 (0) 9 : 0.006 0.994
1454 1454 (0) 9 : 0.005 0.995
1455 1455 (0) 9 : 0.008 0.992
1456 1456 (0) 9 : 0.010 0.990
1457 1457 (0) 9 : 0.007 0.993
1458 1458 (0) 9 : 0.005 0.995
1459 1459 (0) 9 : 0.006 0.994
1460 1460 (0) 9 : 0.009 0.991
1461 1461 (0) 9 : 0.008 0.992
1462 1462 (0) 9 : 0.007 0.993
1463 1463 (0) 9 : 0.008 0.992
1464 1464 (0) 9 : 0.006 0.994
1465 1465 (0) 9 : 0.010 0.990
1466 1466 (0) 9 : 0.008 0.992
1467 1467 (0) 9 : 0.006 0.994
1468 1468 (0) 9 : 0.009 0.991
1469 1469 (0) 9 : 0.006 0.994
1470 1470 (0) 9 : 0.006 0.994
1471 1471 (0) 9 : 0.008 0.992
1472 1472 (0) 9 : 0.008 0.992
1473 1473 (0) 9 : 0.007 0.993
1474 1474 (0) 9 : 0.028 0.972
1475 1475 (0) 9 : 0.005 0.995
1476 1476 (0) 9 : 0.010 0.990
1477 1477 (0) 9 : 0.008 0.992
1478 1478 (0) 9 : 0.006 0.994
1479 1479 (0) 9 : 0.006 0.994
1480 1480 (0) 9 : 0.005 0.995
1481 1481 (0) 9 : 0.006 0.994
1482 1482 (0) 9 : 0.007 0.993
1483 1483 (0) 9 : 0.007 0.993
1484 1484 (0) 9 : 0.006 0.994
1485 1485 (0) 9 : 0.007 0.993
1486 1486 (0) 9 : 0.007 0.993
1487 1487 (0) 9 : 0.006 0.994
1488 1488 (0) 9 : 0.012 0.988
1489 1489 (0) 9 : 0.006 0.994
1490 1490 (0) 9 : 0.006 0.994
1491 1491 (0) 9 : 0.006 0.994
1492 1492 (0) 9 : 0.005 0.995
1493 1493 (0) 9 : 0.006 0.994
1494 1494 (0) 9 : 0.007 0.993
1495 1495 (0) 9 : 0.007 0.993
1496 1496 (0) 9 : 0.009 0.991
1497 1497 (0) 9 : 0.017 0.983
1498 1498 (0) 9 : 0.006 0.994
1499 1499 (0) 9 : 0.017 0.983
1500 1500 (0) 9 : 0.007 0.993
1 1 (5) 1 : 0.990 0.010
2 2 (5) 1 : 0.972 0.028
3 3 (5) 1 : 0.992 0.008
4 4 (0) 1 : 0.989 0.011
5 5 (0) 1 : 0.963 0.037
6 6 (0) 1 : 0.991 0.009
7 7 (0) 1 : 0.973 0.027
8 8 (5) 1 : 0.991 0.009
9 9 (0) 1 : 0.992 0.008
10 10 (0) 1 : 0.980 0.020
11 11 (0) 1 : 0.989 0.011
12 12 (0) 1 : 0.982 0.018
13 13 (0) 1 : 0.984 0.016
14 14 (0) 1 : 0.990 0.010
15 15 (0) 1 : 0.992 0.008
16 16 (0) 1 : 0.993 0.007
17 17 (0) 1 : 0.993 0.007
18 18 (0) 1 : 0.983 0.017
19 19 (0) 1 : 0.972 0.028
20 20 (0) 1 : 0.974 0.026
21 21 (0) 1 : 0.989 0.011
22 22 (0) 1 : 0.994 0.006
23 23 (0) 1 : 0.993 0.007
24 24 (0) 1 : 0.981 0.019
25 25 (0) 1 : 0.972 0.028
26 26 (0) 1 : 0.983 0.017
27 27 (5) 1 : 0.986 0.014
28 28 (0) 1 : 0.994 0.006
29 29 (0) 1 : 0.992 0.008
30 30 (0) 1 : 0.982 0.018
31 31 (0) 1 : 0.993 0.007
32 32 (0) 1 : 0.982 0.018
33 33 (0) 1 : 0.993 0.007
34 34 (0) 1 : 0.993 0.007
35 35 (0) 1 : 0.984 0.016
36 36 (0) 1 : 0.987 0.013
37 37 (0) 1 : 0.981 0.019
38 38 (0) 1 : 0.980 0.020
39 39 (0) 1 : 0.975 0.025
40 40 (0) 1 : 0.987 0.013
41 41 (0) 1 : 0.991 0.009
42 42 (0) 1 : 0.994 0.006
43 43 (0) 1 : 0.992 0.008
44 44 (0) 1 : 0.995 0.005
45 45 (5) 1 : 0.982 0.018
46 46 (0) 1 : 0.995 0.005
47 47 (0) 1 : 0.994 0.006
48 48 (0) 1 : 0.990 0.010
49 49 (0) 1 : 0.977 0.023
50 50 (0) 1 : 0.991 0.009
51 51 (0) 1 : 0.981 0.019
52 52 (0) 1 : 0.930 0.070
53 53 (0) 1 : 0.991 0.009
54 54 (0) 1 : 0.994 0.006
55 55 (0) 1 : 0.992 0.008
56 56 (0) 1 : 0.992 0.008
57 57 (10) 1 : 0.986 0.014
58 58 (5) 1 : 0.989 0.011
59 59 (0) 1 : 0.988 0.012
60 60 (0) 1 : 0.993 0.007
61 61 (0) 1 : 0.991 0.009
62 62 (0) 1 : 0.992 0.008
63 63 (0) 1 : 0.991 0.009
64 64 (0) 1 : 0.993 0.007
65 65 (0) 1 : 0.947 0.053
66 66 (0) 1 : 0.992 0.008
67 67 (5) 1 : 0.973 0.027
68 68 (0) 1 : 0.990 0.010
69 69 (0) 1 : 0.994 0.006
70 70 (0) 1 : 0.991 0.009
71 71 (5) 1 : 0.987 0.013
72 72 (0) 1 : 0.971 0.029
73 73 (5) 1 : 0.993 0.007
74 74 (10) 1 : 0.982 0.018
75 75 (10) 1 : 0.964 0.036
76 76 (0) 1 : 0.990 0.010
77 77 (10) 1 : 0.988 0.012
78 78 (0) 1 : 0.983 0.017
79 79 (5) 1 : 0.992 0.008
80 80 (0) 1 : 0.993 0.007
81 81 (0) 1 : 0.992 0.008
82 82 (0) 1 : 0.992 0.008
83 83 (0) 1 : 0.990 0.010
84 84 (0) 1 : 0.983 0.017
85 85 (0) 1 : 0.993 0.007
86 86 (5) 1 : 0.990 0.010
87 87 (0) 1 : 0.992 0.008
88 88 (0) 1 : 0.979 0.021
89 89 (0) 1 : 0.954 0.046
90 90 (0) 1 : 0.992 0.008
91 91 (0) 1 : 0.989 0.011
92 92 (0) 1 : 0.991 0.009
93 93 (0) 1 : 0.993 0.007
94 94 (5) 1 : 0.972 0.028
95 95 (0) 1 : 0.988 0.012
96 96 (5) 1 : 0.991 0.009
97 97 (0) 1 : 0.994 0.006
98 98 (0) 1 : 0.985 0.015
99 99 (5) 1 : 0.988 0.012
100 100 (5) 1 : 0.993 0.007
101 101 (0) 2 : 0.983 0.017
102 102 (0) 2 : 0.988 0.012
103 103 (0) 2 : 0.990 0.010
104 104 (0) 2 : 0.995 0.005
105 105 (0) 2 : 0.986 0.014
106 106 (0) 2 : 0.987 0.013
107 107 (0) 2 : 0.994 0.006
108 108 (0) 2 : 0.989 0.011
109 109 (0) 2 : 0.990 0.010
110 110 (0) 2 : 0.978 0.022
111 111 (0) 2 : 0.990 0.010
112 112 (0) 2 : 0.963 0.037
113 113 (0) 2 : 0.963 0.037
114 114 (0) 2 : 0.993 0.007
115 115 (0) 2 : 0.987 0.013
116 116 (0) 2 : 0.993 0.007
117 117 (0) 2 : 0.975 0.025
118 118 (0) 2 : 0.992 0.008
119 119 (0) 2 : 0.958 0.042
120 120 (0) 2 : 0.993 0.007
121 121 (0) 2 : 0.990 0.010
122 122 (0) 2 : 0.987 0.013
123 123 (0) 2 : 0.993 0.007
124 124 (0) 2 : 0.973 0.027
125 125 (0) 2 : 0.983 0.017
126 126 (0) 2 : 0.992 0.008
127 127 (0) 2 : 0.989 0.011
128 128 (0) 2 : 0.990 0.010
129 129 (0) 2 : 0.981 0.019
130 130 (0) 2 : 0.988 0.012
131 131 (0) 2 : 0.972 0.028
132 132 (0) 2 : 0.988 0.012
133 133 (0) 2 : 0.982 0.018
134 134 (0) 2 : 0.974 0.026
135 135 (0) 2 : 0.992 0.008
136 136 (0) 2 : 0.964 0.036
137 137 (0) 2 : 0.991 0.009
138 138 (0) 2 : 0.994 0.006
139 139 (0) 2 : 0.970 0.030
140 140 (0) 2 : 0.994 0.006
141 141 (0) 2 : 0.971 0.029
142 142 (0) 2 : 0.988 0.012
143 143 (0) 2 : 0.989 0.011
144 144 (0) 2 : 0.971 0.029
145 145 (0) 2 : 0.990 0.010
146 146 (0) 2 : 0.992 0.008
147 147 (0) 2 : 0.991 0.009
148 148 (0) 2 : 0.987 0.013
149 149 (0) 2 : 0.994 0.006
150 150 (0) 2 : 0.994 0.006
151 151 (0) 2 : 0.987 0.013
152 152 (0) 2 : 0.990 0.010
153 153 (0) 2 : 0.992 0.008
154 154 (0) 2 : 0.992 0.008
155 155 (0) 2 : 0.986 0.014
156 156 (0) 2 : 0.993 0.007
157 157 (0) 2 : 0.990 0.010
158 158 (0) 2 : 0.995 0.005
159 159 (0) 2 : 0.992 0.008
160 160 (0) 2 : 0.988 0.012
161 161 (0) 2 : 0.980 0.020
162 162 (0) 2 : 0.988 0.012
163 163 (0) 2 : 0.931 0.069
164 164 (0) 2 : 0.973 0.027
165 165 (0) 2 : 0.992 0.008
166 166 (0) 2 : 0.992 0.008
167 167 (0) 2 : 0.994 0.006
168 168 (0) 2 : 0.984 0.016
169 169 (0) 2 : 0.993 0.007
170 170 (0) 2 : 0.992 0.008
171 171 (0) 2 : 0.991 0.009
172 172 (0) 2 : 0.990 0.010
173 173 (0) 2 : 0.992 0.008
174 174 (0) 2 : 0.986 0.014
175 175 (0) 2 : 0.986 0.014
176 176 (0) 2 : 0.984 0.016
177 177 (0) 2 : 0.978 0.022
178 178 (0) 2 : 0.977 0.023
179 179 (0) 2 : 0.986 0.014
180 180 (0) 2 : 0.992 0.008
181 181 (0) 2 : 0.990 0.010
182 182 (0) 2 : 0.992 0.008
183 183 (0) 2 : 0.984 0.016
184 184 (0) 2 : 0.983 0.017
185 185 (0) 2 : 0.991 0.009
186 186 (0) 2 : 0.985 0.015
187 187 (0) 2 : 0.992 0.008
188 188 (0) 2 : 0.991 0.009
189 189 (0) 2 : 0.991 0.009
190 190 (0) 2 : 0.994 0.006
191 191 (0) 2 : 0.987 0.013
192 192 (0) 2 : 0.977 0.023
193 193 (0) 2 : 0.993 0.007
194 194 (0) 2 : 0.966 0.034
195 195 (0) 2 : 0.993 0.007
196 196 (0) 2 : 0.983 0.017
197 197 (0) 2 : 0.988 0.012
198 198 (0) 2 : 0.991 0.009
199 199 (0) 2 : 0.987 0.013
200 200 (0) 2 : 0.986 0.014
201 201 (0) 2 : 0.992 0.008
202 202 (0) 2 : 0.987 0.013
203 203 (0) 2 : 0.986 0.014
204 204 (0) 2 : 0.993 0.007
205 205 (0) 2 : 0.979 0.021
206 206 (0) 2 : 0.963 0.037
207 207 (0) 2 : 0.992 0.008
208 208 (0) 2 : 0.992 0.008
209 209 (0) 2 : 0.985 0.015
210 210 (0) 2 : 0.989 0.011
211 211 (0) 2 : 0.992 0.008
212 212 (0) 2 : 0.992 0.008
213 213 (0) 2 : 0.994 0.006
214 214 (0) 2 : 0.993 0.007
215 215 (0) 2 : 0.968 0.032
216 216 (0) 2 : 0.985 0.015
217 217 (0) 2 : 0.993 0.007
218 218 (0) 2 : 0.978 0.022
219 219 (0) 2 : 0.974 0.026
220 220 (0) 2 : 0.974 0.026
221 221 (0) 2 : 0.989 0.011
222 222 (0) 2 : 0.995 0.005
223 223 (0) 2 : 0.987 0.013
224 224 (0) 2 : 0.994 0.006
225 225 (0) 2 : 0.994 0.006
226 226 (0) 2 : 0.986 0.014
227 227 (0) 2 : 0.993 0.007
228 228 (0) 2 : 0.993 0.007
229 229 (0) 2 : 0.988 0.012
230 230 (0) 2 : 0.992 0.008
231 231 (0) 2 : 0.995 0.005
232 232 (0) 2 : 0.987 0.013
233 233 (0) 2 : 0.988 0.012
234 234 (0) 2 : 0.991 0.009
235 235 (0) 2 : 0.990 0.010
236 236 (0) 2 : 0.994 0.006
237 237 (0) 2 : 0.976 0.024
238 238 (0) 2 : 0.993 0.007
239 239 (0) 2 : 0.990 0.010
240 240 (0) 2 : 0.972 0.028
241 241 (0) 2 : 0.993 0.007
242 242 (0) 2 : 0.991 0.009
243 243 (0) 2 : 0.994 0.006
244 244 (0) 2 : 0.991 0.009
245 245 (0) 2 : 0.991 0.009
246 246 (0) 2 : 0.979 0.021
247 247 (0) 2 : 0.971 0.029
248 248 (0) 2 : 0.995 0.005
249 249 (0) 2 : 0.993 0.007
250 250 (0) 2 : 0.988 0.012
251 251 (0) 2 : 0.993 0.007
252 252 (0) 2 : 0.989 0.011
253 253 (0) 2 : 0.993 0.007
254 254 (0) 2 : 0.992 0.008
255 255 (0) 2 : 0.987 0.013
256 256 (0) 2 : 0.991 0.009
257 257 (0) 2 : 0.988 0.012
258 258 (0) 2 : 0.985 0.015
259 259 (0) 2 : 0.990 0.010
260 260 (0) 2 : 0.993 0.007
261 261 (0) 2 : 0.989 0.011
262 262 (0) 2 : 0.991 0.009
263 263 (0) 2 : 0.993 0.007
264 264 (0) 2 : 0.993 0.007
265 265 (0) 2 : 0.986 0.014
266 266 (0) 2 : 0.991 0.009
267 267 (0) 2 : 0.988 0.012
268 268 (0) 2 : 0.979 0.021
269 269 (0) 2 : 0.991 0.009
270 270 (0) 2 : 0.986 0.014
271 271 (0) 2 : 0.995 0.005
272 272 (0) 2 : 0.992 0.008
273 273 (0) 2 : 0.983 0.017
274 274 (0) 2 : 0.994 0.006
275 275 (0) 2 : 0.990 0.010
276 276 (0) 2 : 0.984 0.016
277 277 (0) 2 : 0.993 0.007
278 278 (0) 2 : 0.985 0.015
279 279 (0) 2 : 0.994 0.006
280 280 (0) 2 : 0.992 0.008
281 281 (0) 2 : 0.980 0.020
282 282 (0) 2 : 0.989 0.011
283 283 (0) 2 : 0.994 0.006
284 284 (0) 2 : 0.988 0.012
285 285 (0) 2 : 0.988 0.012
286 286 (0) 2 : 0.988 0.012
287 287 (0) 2 : 0.990 0.010
288 288 (0) 2 : 0.970 0.030
289 289 (0) 2 : 0.993 0.007
290 290 (0) 2 : 0.989 0.011
291 291 (0) 2 : 0.988 0.012
292 292 (0) 2 : 0.987 0.013
293 293 (0) 2 : 0.972 0.028
294 294 (0) 2 : 0.978 0.022
295 295 (0) 2 : 0.990 0.010
296 296 (0) 2 : 0.992 0.008
297 297 (0) 2 : 0.979 0.021
298 298 (0) 2 : 0.994 0.006
299 299 (0) 2 : 0.988 0.012
300 300 (0) 2 : 0.955 0.045
301 301 (0) 2 : 0.989 0.011
302 302 (0) 2 : 0.993 0.007
303 303 (0) 2 : 0.992 0.008
304 304 (0) 2 : 0.986 0.014
305 305 (0) 2 : 0.993 0.007
306 306 (0) 2 : 0.992 0.008
307 307 (0) 2 : 0.990 0.010
308 308 (0) 2 : 0.987 0.013
309 309 (0) 2 : 0.992 0.008
310 310 (0) 2 : 0.994 0.006
311 311 (0) 2 : 0.962 0.038
312 312 (0) 2 : 0.990 0.010
313 313 (0) 2 : 0.990 0.010
314 314 (0) 2 : 0.993 0.007
315 315 (0) 2 : 0.974 0.026
316 316 (0) 2 : 0.978 0.022
317 317 (0) 2 : 0.994 0.006
318 318 (0) 2 : 0.994 0.006
319 319 (0) 2 : 0.992 0.008
320 320 (0) 2 : 0.993 0.007
321 321 (0) 2 : 0.988 0.012
322 322 (0) 2 : 0.984 0.016
323 323 (0) 2 : 0.988 0.012
324 324 (0) 2 : 0.992 0.008
325 325 (0) 2 : 0.991 0.009
326 326 (0) 2 : 0.995 0.005
327 327 (0) 2 : 0.992 0.008
328 328 (0) 2 : 0.990 0.010
329 329 (0) 2 : 0.969 0.031
330 330 (0) 2 : 0.987 0.013
331 331 (0) 2 : 0.992 0.008
332 332 (0) 2 : 0.992 0.008
333 333 (0) 2 : 0.981 0.019
334 334 (0) 2 : 0.992 0.008
335 335 (0) 2 : 0.993 0.007
336 336 (0) 2 : 0.994 0.006
337 337 (0) 2 : 0.986 0.014
338 338 (0) 2 : 0.989 0.011
339 339 (0) 2 : 0.985 0.015
340 340 (0) 2 : 0.993 0.007
341 341 (0) 2 : 0.989 0.011
342 342 (0) 2 : 0.994 0.006
343 343 (0) 2 : 0.986 0.014
344 344 (0) 2 : 0.980 0.020
345 345 (0) 2 : 0.994 0.006
346 346 (0) 2 : 0.993 0.007
347 347 (0) 2 : 0.994 0.006
348 348 (0) 2 : 0.992 0.008
349 349 (0) 2 : 0.967 0.033
350 350 (0) 2 : 0.990 0.010
351 351 (0) 2 : 0.990 0.010
352 352 (0) 2 : 0.994 0.006
353 353 (0) 2 : 0.991 0.009
354 354 (0) 2 : 0.993 0.007
355 355 (0) 2 : 0.986 0.014
356 356 (0) 2 : 0.986 0.014
357 357 (0) 2 : 0.994 0.006
358 358 (0) 2 : 0.992 0.008
359 359 (0) 2 : 0.991 0.009
360 360 (0) 2 : 0.988 0.012
361 361 (0) 2 : 0.980 0.020
362 362 (0) 2 : 0.972 0.028
363 363 (0) 2 : 0.993 0.007
364 364 (0) 2 : 0.973 0.027
365 365 (0) 2 : 0.986 0.014
366 366 (0) 2 : 0.994 0.006
367 367 (0) 2 : 0.989 0.011
368 368 (0) 2 : 0.992 0.008
369 369 (0) 2 : 0.986 0.014
370 370 (0) 2 : 0.996 0.004
371 371 (0) 2 : 0.986 0.014
372 372 (0) 2 : 0.994 0.006
373 373 (0) 2 : 0.993 0.007
374 374 (0) 2 : 0.986 0.014
375 375 (0) 2 : 0.993 0.007
376 376 (0) 2 : 0.990 0.010
377 377 (0) 2 : 0.990 0.010
378 378 (0) 2 : 0.989 0.011
379 379 (0) 2 : 0.969 0.031
380 380 (0) 2 : 0.983 0.017
381 381 (0) 2 : 0.980 0.020
382 382 (0) 2 : 0.978 0.022
383 383 (0) 2 : 0.935 0.065
384 384 (0) 2 : 0.989 0.011
385 385 (0) 2 : 0.962 0.038
386 386 (0) 2 : 0.994 0.006
387 387 (0) 2 : 0.991 0.009
388 388 (0) 2 : 0.983 0.017
389 389 (0) 2 : 0.975 0.025
390 390 (0) 2 : 0.992 0.008
391 391 (0) 2 : 0.987 0.013
392 392 (0) 2 : 0.987 0.013
393 393 (0) 2 : 0.990 0.010
394 394 (0) 2 : 0.983 0.017
395 395 (0) 2 : 0.805 0.195
396 396 (0) 2 : 0.990 0.010
397 397 (0) 2 : 0.989 0.011
398 398 (0) 2 : 0.961 0.039
399 399 (0) 2 : 0.990 0.010
400 400 (0) 2 : 0.990 0.010
401 401 (0) 2 : 0.991 0.009
402 402 (0) 2 : 0.995 0.005
403 403 (0) 2 : 0.993 0.007
404 404 (0) 2 : 0.994 0.006
405 405 (0) 2 : 0.992 0.008
406 406 (0) 2 : 0.952 0.048
407 407 (0) 2 : 0.994 0.006
408 408 (0) 2 : 0.992 0.008
409 409 (0) 2 : 0.988 0.012
410 410 (0) 2 : 0.961 0.039
411 411 (0) 2 : 0.991 0.009
412 412 (0) 2 : 0.989 0.011
413 413 (0) 2 : 0.987 0.013
414 414 (0) 2 : 0.989 0.011
415 415 (0) 2 : 0.993 0.007
416 416 (0) 2 : 0.976 0.024
417 417 (0) 2 : 0.990 0.010
418 418 (0) 2 : 0.989 0.011
419 419 (0) 2 : 0.987 0.013
420 420 (0) 2 : 0.994 0.006
421 421 (0) 2 : 0.983 0.017
422 422 (0) 2 : 0.987 0.013
423 423 (0) 2 : 0.994 0.006
424 424 (0) 2 : 0.992 0.008
425 425 (0) 2 : 0.951 0.049
426 426 (0) 2 : 0.980 0.020
427 427 (0) 2 : 0.990 0.010
428 428 (0) 2 : 0.982 0.018
429 429 (0) 2 : 0.980 0.020
430 430 (0) 2 : 0.994 0.006
431 431 (0) 2 : 0.992 0.008
432 432 (0) 2 : 0.993 0.007
433 433 (0) 2 : 0.989 0.011
434 434 (0) 2 : 0.974 0.026
435 435 (0) 2 : 0.986 0.014
436 436 (0) 2 : 0.990 0.010
437 437 (0) 2 : 0.994 0.006
438 438 (0) 2 : 0.992 0.008
439 439 (0) 2 : 0.991 0.009
440 440 (0) 2 : 0.994 0.006
441 441 (0) 2 : 0.995 0.005
442 442 (0) 2 : 0.987 0.013
443 443 (0) 2 : 0.990 0.010
444 444 (0) 2 : 0.923 0.077
445 445 (0) 2 : 0.992 0.008
446 446 (0) 2 : 0.992 0.008
447 447 (0) 2 : 0.994 0.006
448 448 (0) 2 : 0.990 0.010
449 449 (0) 2 : 0.995 0.005
450 450 (0) 2 : 0.990 0.010
451 451 (0) 2 : 0.975 0.025
452 452 (0) 2 : 0.957 0.043
453 453 (0) 2 : 0.993 0.007
454 454 (0) 2 : 0.994 0.006
455 455 (0) 2 : 0.987 0.013
456 456 (0) 2 : 0.992 0.008
457 457 (0) 2 : 0.994 0.006
458 458 (0) 2 : 0.991 0.009
459 459 (0) 2 : 0.982 0.018
460 460 (0) 2 : 0.986 0.014
461 461 (0) 2 : 0.993 0.007
462 462 (0) 2 : 0.985 0.015
463 463 (0) 2 : 0.992 0.008
464 464 (0) 2 : 0.991 0.009
465 465 (0) 2 : 0.987 0.013
466 466 (0) 2 : 0.990 0.010
467 467 (0) 2 : 0.984 0.016
468 468 (0) 2 : 0.991 0.009
469 469 (0) 2 : 0.991 0.009
470 470 (0) 2 : 0.989 0.011
471 471 (0) 2 : 0.992 0.008
472 472 (0) 2 : 0.986 0.014
473 473 (0) 2 : 0.993 0.007
474 474 (0) 2 : 0.982 0.018
475 475 (0) 2 : 0.991 0.009
476 476 (0) 2 : 0.983 0.017
477 477 (0) 2 : 0.983 0.017
478 478 (0) 2 : 0.990 0.010
479 479 (0) 2 : 0.991 0.009
480 480 (0) 2 : 0.993 0.007
481 481 (0) 2 : 0.988 0.012
482 482 (0) 2 : 0.969 0.031
483 483 (0) 2 : 0.991 0.009
484 484 (0) 2 : 0.992 0.008
485 485 (0) 2 : 0.991 0.009
486 486 (0) 2 : 0.993 0.007
487 487 (0) 2 : 0.989 0.011
488 488 (0) 2 : 0.976 0.024
489 489 (0) 2 : 0.995 0.005
490 490 (0) 2 : 0.994 0.006
491 491 (0) 2 : 0.985 0.015
492 492 (0) 2 : 0.939 0.061
493 493 (0) 2 : 0.987 0.013
494 494 (0) 2 : 0.993 0.007
495 495 (0) 2 : 0.992 0.008
496 496 (0) 2 : 0.986 0.014
497 497 (0) 2 : 0.979 0.021
498 498 (0) 2 : 0.992 0.008
499 499 (0) 2 : 0.989 0.011
500 500 (0) 2 : 0.995 0.005
501 501 (0) 3 : 0.888 0.112
502 502 (0) 3 : 0.994 0.006
503 503 (0) 3 : 0.853 0.147
504 504 (0) 3 : 0.851 0.149
505 505 (0) 3 : 0.801 0.199
506 506 (0) 3 : 0.909 0.091
507 507 (0) 3 : 0.943 0.057
508 508 (0) 3 : 0.889 0.111
509 509 (0) 3 : 0.873 0.127
510 510 (0) 3 : 0.887 0.113
511 511 (0) 3 : 0.874 0.126
512 512 (0) 3 : 0.817 0.183
513 513 (0) 3 : 0.879 0.121
514 514 (0) 3 : 0.801 0.199
515 515 (0) 3 : 0.951 0.049
516 516 (0) 3 : 0.988 0.012
517 517 (0) 3 : 0.986 0.014
518 518 (0) 3 : 0.986 0.014
519 519 (0) 3 : 0.929 0.071
520 520 (0) 3 : 0.977 0.023
521 521 (0) 3 : 0.858 0.142
522 522 (0) 3 : 0.947 0.053
523 523 (0) 3 : 0.921 0.079
524 524 (0) 3 : 0.939 0.061
525 525 (0) 3 : 0.786 0.214
526 526 (0) 3 : 0.955 0.045
527 527 (0) 3 : 0.870 0.130
528 528 (0) 3 : 0.912 0.088
529 529 (0) 3 : 0.923 0.077
530 530 (0) 3 : 0.923 0.077
531 531 (0) 3 : 0.968 0.032
532 532 (0) 3 : 0.978 0.022
533 533 (0) 3 : 0.735 0.265
534 534 (0) 3 : 0.968 0.032
535 535 (0) 3 : 0.895 0.105
536 536 (0) 3 : 0.938 0.062
537 537 (0) 3 : 0.982 0.018
538 538 (0) 3 : 0.750 0.250
539 539 (0) 3 : 0.957 0.043
540 540 (0) 3 : 0.909 0.091
541 541 (0) 3 : 0.983 0.017
542 542 (0) 3 : 0.895 0.105
543 543 (0) 3 : 0.947 0.053
544 544 (0) 3 : 0.890 0.110
545 545 (0) 3 : 0.878 0.122
546 546 (0) 3 : 0.733 0.267
547 547 (0) 3 : 0.990 0.010
548 548 (0) 3 : 0.789 0.211
549 549 (0) 3 : 0.803 0.197
550 550 (0) 3 : 0.938 0.062
551 551 (0) 3 : 0.983 0.017
552 552 (0) 3 : 0.969 0.031
553 553 (0) 3 : 0.749 0.251
554 554 (0) 3 : 0.949 0.051
555 555 (0) 3 : 0.844 0.156
556 556 (0) 3 : 0.978 0.022
557 557 (0) 3 : 0.977 0.023
558 558 (0) 3 : 0.925 0.075
559 559 (0) 3 : 0.982 0.018
560 560 (0) 3 : 0.914 0.086
561 561 (0) 3 : 0.992 0.008
562 562 (0) 3 : 0.904 0.096
563 563 (0) 3 : 0.743 0.257
564 564 (0) 3 : 0.872 0.128
565 565 (0) 3 : 0.975 0.025
566 566 (0) 3 : 0.927 0.073
567 567 (0) 3 : 0.993 0.007
568 568 (0) 3 : 0.940 0.060
569 569 (0) 3 : 0.864 0.136
570 570 (0) 3 : 0.990 0.010
571 571 (0) 3 : 0.867 0.133
572 572 (0) 3 : 0.914 0.086
573 573 (0) 3 : 0.745 0.255
574 574 (0) 3 : 0.844 0.156
575 575 (0) 3 : 0.938 0.062
576 576 (0) 3 : 0.937 0.063
577 577 (0) 3 : 0.848 0.152
578 578 (0) 3 : 0.872 0.128
579 579 (0) 3 : 0.961 0.039
580 580 (0) 3 : 0.930 0.070
581 581 (0) 3 : 0.927 0.073
582 582 (0) 3 : 0.797 0.203
583 583 (0) 3 : 0.905 0.095
584 584 (0) 3 : 0.935 0.065
585 585 (0) 3 : 0.668 0.332
586 586 (0) 3 : 0.988 0.012
587 587 (0) 3 : 0.875 0.125
588 588 (0) 3 : 0.906 0.094
589 589 (0) 3 : 0.785 0.215
590 590 (0) 3 : 0.993 0.007
591 591 (0) 3 : 0.953 0.047
592 592 (0) 3 : 0.924 0.076
593 593 (0) 3 : 0.951 0.049
594 594 (0) 3 : 0.982 0.018
595 595 (0) 3 : 0.982 0.018
596 596 (0) 3 : 0.897 0.103
597 597 (0) 3 : 0.776 0.224
598 598 (0) 3 : 0.919 0.081
599 599 (0) 3 : 0.875 0.125
600 600 (0) 3 : 0.589 0.411
601 601 (0) 4 : 0.754 0.246
602 602 (0) 4 : 0.683 0.317
603 603 (0) 4 : 0.721 0.279
604 604 (0) 4 : 0.771 0.229
605 605 (0) 4 : 0.709 0.291
606 606 (0) 4 : 0.782 0.218
607 607 (0) 4 : 0.684 0.316
608 608 (0) 4 : 0.867 0.133
609 609 (0) 4 : 0.717 0.283
610 610 (0) 4 : 0.762 0.238
611 611 (0) 4 : 0.644 0.356
612 612 (0) 4 : 0.878 0.122
613 613 (0) 4 : 0.853 0.147
614 614 (0) 4 : 0.776 0.224
615 615 (0) 4 : 0.852 0.148
616 616 (0) 4 : 0.935 0.065
617 617 (0) 4 : 0.756 0.244
618 618 (0) 4 : 0.849 0.151
619 619 (0) 4 : 0.819 0.181
620 620 (0) 4 : 0.618 0.382
621 621 (0) 4 : 0.882 0.118
622 622 (0) 4 : 0.723 0.277
623 623 (0) 4 : 0.797 0.203
624 624 (0) 4 : 0.877 0.123
625 625 (0) 4 : 0.855 0.145
626 626 (0) 4 : 0.762 0.238
627 627 (0) 4 : 0.765 0.235
628 628 (0) 4 : 0.886 0.114
629 629 (0) 4 : 0.960 0.040
630 630 (0) 4 : 0.794 0.206
631 631 (0) 4 : 0.881 0.119
632 632 (0) 4 : 0.821 0.179
633 633 (0) 4 : 0.666 0.334
634 634 (0) 4 : 0.732 0.268
635 635 (0) 4 : 0.755 0.245
636 636 (0) 4 : 0.621 0.379
637 637 (0) 4 : 0.723 0.277
638 638 (0) 4 : 0.969 0.031
639 639 (0) 4 : 0.752 0.248
640 640 (0) 4 : 0.838 0.162
641 641 (0) 4 : 0.775 0.225
642 642 (0) 4 : 0.927 0.073
643 643 (0) 4 : 0.685 0.315
644 644 (0) 4 : 0.902 0.098
645 645 (0) 4 : 0.684 0.316
646 646 (0) 4 : 0.909 0.091
647 647 (0) 4 : 0.851 0.149
648 648 (0) 4 : 0.768 0.232
649 649 (0) 4 : 0.973 0.027
650 650 (0) 4 : 0.804 0.196
651 651 (0) 4 : 0.818 0.182
652 652 (0) 4 : 0.745 0.255
653 653 (0) 4 : 0.838 0.162
654 654 (0) 4 : 0.680 0.320
655 655 (0) 4 : 0.923 0.077
656 656 (0) 4 : 0.850 0.150
657 657 (0) 4 : 0.682 0.318
658 658 (0) 4 : 0.743 0.257
659 659 (0) 4 : 0.676 0.324
660 660 (0) 4 : 0.827 0.173
661 661 (0) 4 : 0.903 0.097
662 662 (0) 4 : 0.733 0.267
663 663 (0) 4 : 0.672 0.328
664 664 (0) 4 : 0.851 0.149
665 665 (0) 4 : 0.843 0.157
666 666 (0) 4 : 0.985 0.015
667 667 (0) 4 : 0.765 0.235
668 668 (0) 4 : 0.761 0.239
669 669 (0) 4 : 0.989 0.011
670 670 (0) 4 : 0.780 0.220
671 671 (0) 4 : 0.812 0.188
672 672 (0) 4 : 0.691 0.309
673 673 (0) 4 : 0.790 0.210
674 674 (0) 4 : 0.842 0.158
675 675 (0) 4 : 0.662 0.338
676 676 (0) 4 : 0.657 0.343
677 677 (0) 4 : 0.959 0.041
678 678 (0) 4 : 0.822 0.178
679 679 (0) 4 : 0.908 0.092
680 680 (0) 4 : 0.855 0.145
681 681 (0) 4 : 0.870 0.130
682 682 (0) 4 : 0.707 0.293
683 683 (0) 4 : 0.933 0.067
684 684 (0) 4 : 0.764 0.236
685 685 (0) 4 : 0.587 0.413
686 686 (0) 4 : 0.704 0.296
687 687 (0) 4 : 0.529 0.471
688 688 (0) 4 : 0.809 0.191
689 689 (0) 4 : 0.809 0.191
690 690 (0) 4 : 0.678 0.322
691 691 (0) 4 : 0.922 0.078
692 692 (0) 4 : 0.756 0.244
693 693 (0) 4 : 0.680 0.320
694 694 (0) 4 : 0.820 0.180
695 695 (0) 4 : 0.687 0.313
696 696 (0) 4 : 0.804 0.196
697 697 (0) 4 : 0.932 0.068
698 698 (0) 4 : 0.714 0.286
699 699 (0) 4 : 0.746 0.254
700 700 (0) 4 : 0.590 0.410
701 701 (0) 5 : 0.582 0.418
702 702 (0) 5 : 0.368 0.632
703 703 (0) 5 : 0.495 0.505
704 704 (0) 5 : 0.425 0.575
705 705 (0) 5 : 0.518 0.482
706 706 (0) 5 : 0.532 0.468
707 707 (0) 5 : 0.417 0.583
708 708 (0) 5 : 0.417 0.583
709 709 (0) 5 : 0.468 0.532
710 710 (0) 5 : 0.619 0.381
711 711 (0) 5 : 0.520 0.480
712 712 (0) 5 : 0.562 0.438
713 713 (0) 5 : 0.450 0.550
714 714 (0) 5 : 0.365 0.635
715 715 (0) 5 : 0.550 0.450
716 716 (0) 5 : 0.450 0.550
717 717 (0) 5 : 0.521 0.479
718 718 (0) 5 : 0.459 0.541
719 719 (0) 5 : 0.487 0.513
720 720 (0) 5 : 0.487 0.513
721 721 (0) 5 : 0.624 0.376
722 722 (0) 5 : 0.484 0.516
723 723 (0) 5 : 0.507 0.493
724 724 (0) 5 : 0.531 0.469
725 725 (0) 5 : 0.439 0.561
726 726 (0) 5 : 0.725 0.275
727 727 (0) 5 : 0.451 0.549
728 728 (0) 5 : 0.639 0.361
729 729 (0) 5 : 0.630 0.370
730 730 (0) 5 : 0.588 0.412
731 731 (0) 5 : 0.610 0.390
732 732 (0) 5 : 0.418 0.582
733 733 (0) 5 : 0.535 0.465
734 734 (0) 5 : 0.333 0.667
735 735 (0) 5 : 0.568 0.432
736 736 (0) 5 : 0.548 0.452
737 737 (0) 5 : 0.468 0.532
738 738 (0) 5 : 0.448 0.552
739 739 (0) 5 : 0.467 0.533
740 740 (0) 5 : 0.613 0.387
741 741 (0) 5 : 0.442 0.558
742 742 (0) 5 : 0.397 0.603
743 743 (0) 5 : 0.520 0.480
744 744 (0) 5 : 0.481 0.519
745 745 (0) 5 : 0.610 0.390
746 746 (0) 5 : 0.486 0.514
747 747 (0) 5 : 0.407 0.593
748 748 (0) 5 : 0.559 0.441
749 749 (0) 5 : 0.642 0.358
750 750 (0) 5 : 0.515 0.485
751 751 (0) 5 : 0.447 0.553
752 752 (0) 5 : 0.423 0.577
753 753 (0) 5 : 0.312 0.688
754 754 (0) 5 : 0.530 0.470
755 755 (0) 5 : 0.499 0.501
756 756 (0) 5 : 0.598 0.402
757 757 (0) 5 : 0.384 0.616
758 758 (0) 5 : 0.509 0.491
759 759 (0) 5 : 0.611 0.389
760 760 (0) 5 : 0.627 0.373
761 761 (0) 5 : 0.583 0.417
762 762 (0) 5 : 0.565 0.435
763 763 (0) 5 : 0.515 0.485
764 764 (0) 5 : 0.515 0.485
765 765 (0) 5 : 0.515 0.485
766 766 (0) 5 : 0.484 0.516
767 767 (0) 5 : 0.501 0.499
768 768 (0) 5 : 0.422 0.578
769 769 (0) 5 : 0.643 0.357
770 770 (0) 5 : 0.332 0.668
771 771 (0) 5 : 0.635 0.365
772 772 (0) 5 : 0.479 0.521
773 773 (0) 5 : 0.576 0.424
774 774 (0) 5 : 0.756 0.244
775 775 (0) 5 : 0.497 0.503
776 776 (0) 5 : 0.584 0.416
777 777 (0) 5 : 0.432 0.568
778 778 (0) 5 : 0.627 0.373
779 779 (0) 5 : 0.521 0.479
780 780 (0) 5 : 0.629 0.371
781 781 (0) 5 : 0.448 0.552
782 782 (0) 5 : 0.524 0.476
783 783 (0) 5 : 0.572 0.428
784 784 (0) 5 : 0.527 0.473
785 785 (0) 5 : 0.479 0.521
786 786 (0) 5 : 0.492 0.508
787 787 (0) 5 : 0.485 0.515
788 788 (0) 5 : 0.616 0.384
789 789 (0) 5 : 0.530 0.470
790 790 (0) 5 : 0.448 0.552
791 791 (0) 5 : 0.456 0.544
792 792 (0) 5 : 0.570 0.430
793 793 (0) 5 : 0.491 0.509
794 794 (0) 5 : 0.454 0.546
795 795 (0) 5 : 0.402 0.598
796 796 (0) 5 : 0.564 0.436
797 797 (0) 5 : 0.465 0.535
798 798 (0) 5 : 0.434 0.566
799 799 (0) 5 : 0.275 0.725
800 800 (0) 5 : 0.431 0.569
801 801 (0) 6 : 0.203 0.797
802 802 (0) 6 : 0.281 0.719
803 803 (0) 6 : 0.271 0.729
804 804 (0) 6 : 0.382 0.618
805 805 (0) 6 : 0.295 0.705
806 806 (0) 6 : 0.262 0.738
807 807 (0) 6 : 0.191 0.809
808 808 (0) 6 : 0.114 0.886
809 809 (0) 6 : 0.198 0.802
810 810 (0) 6 : 0.112 0.888
811 811 (0) 6 : 0.288 0.712
812 812 (0) 6 : 0.253 0.747
813 813 (0) 6 : 0.269 0.731
814 814 (0) 6 : 0.202 0.798
815 815 (0) 6 : 0.383 0.617
816 816 (0) 6 : 0.334 0.666
817 817 (0) 6 : 0.349 0.651
818 818 (0) 6 : 0.363 0.637
819 819 (0) 6 : 0.150 0.850
820 820 (0) 6 : 0.193 0.807
821 821 (0) 6 : 0.192 0.808
822 822 (0) 6 : 0.191 0.809
823 823 (0) 6 : 0.208 0.792
824 824 (0) 6 : 0.223 0.777
825 825 (0) 6 : 0.315 0.685
826 826 (0) 6 : 0.218 0.782
827 827 (0) 6 : 0.120 0.880
828 828 (0) 6 : 0.180 0.820
829 829 (0) 6 : 0.199 0.801
830 830 (0) 6 : 0.251 0.749
831 831 (0) 6 : 0.155 0.845
832 832 (0) 6 : 0.330 0.670
833 833 (0) 6 : 0.320 0.680
834 834 (0) 6 : 0.361 0.639
835 835 (0) 6 : 0.303 0.697
836 836 (0) 6 : 0.115 0.885
837 837 (0) 6 : 0.352 0.648
838 838 (0) 6 : 0.091 0.909
839 839 (0) 6 : 0.345 0.655
840 840 (0) 6 : 0.102 0.898
841 841 (0) 6 : 0.114 0.886
842 842 (0) 6 : 0.264 0.736
843 843 (0) 6 : 0.334 0.666
844 844 (0) 6 : 0.327 0.673
845 845 (0) 6 : 0.072 0.928
846 846 (0) 6 : 0.337 0.663
847 847 (0) 6 : 0.234 0.766
848 848 (0) 6 : 0.300 0.700
849 849 (0) 6 : 0.346 0.654
850 850 (0) 6 : 0.198 0.802
851 851 (0) 6 : 0.300 0.700
852 852 (0) 6 : 0.314 0.686
853 853 (0) 6 : 0.410 0.590
854 854 (0) 6 : 0.011 0.989
855 855 (0) 6 : 0.266 0.734
856 856 (0) 6 : 0.213 0.787
857 857 (0) 6 : 0.376 0.624
858 858 (0) 6 : 0.399 0.601
859 859 (0) 6 : 0.172 0.828
860 860 (0) 6 : 0.172 0.828
861 861 (0) 6 : 0.145 0.855
862 862 (0) 6 : 0.197 0.803
863 863 (0) 6 : 0.230 0.770
864 864 (0) 6 : 0.167 0.833
865 865 (0) 6 : 0.208 0.792
866 866 (0) 6 : 0.288 0.712
867 867 (0) 6 : 0.319 0.681
868 868 (0) 6 : 0.086 0.914
869 869 (0) 6 : 0.350 0.650
870 870 (0) 6 : 0.167 0.833
871 871 (0) 6 : 0.279 0.721
872 872 (0) 6 : 0.381 0.619
873 873 (0) 6 : 0.229 0.771
874 874 (0) 6 : 0.209 0.791
875 875 (0) 6 : 0.077 0.923
876 876 (0) 6 : 0.218 0.782
877 877 (0) 6 : 0.227 0.773
878 878 (0) 6 : 0.168 0.832
879 879 (0) 6 : 0.279 0.721
880 880 (0) 6 : 0.293 0.707
881 881 (0) 6 : 0.217 0.783
882 882 (0) 6 : 0.256 0.744
883 883 (0) 6 : 0.259 0.741
884 884 (0) 6 : 0.244 0.756
885 885 (0) 6 : 0.418 0.582
886 886 (0) 6 : 0.351 0.649
887 887 (0) 6 : 0.227 0.773
888 888 (0) 6 : 0.271 0.729
889 889 (0) 6 : 0.231 0.769
890 890 (0) 6 : 0.421 0.579
891 891 (0) 6 : 0.307 0.693
892 892 (0) 6 : 0.284 0.716
893 893 (0) 6 : 0.332 0.668
894 894 (0) 6 : 0.043 0.957
895 895 (0) 6 : 0.378 0.622
896 896 (0) 6 : 0.212 0.788
897 897 (0) 6 : 0.282 0.718
898 898 (0) 6 : 0.145 0.855
899 899 (0) 6 : 0.355 0.645
900 900 (0) 6 : 0.199 0.801
901 901 (0) 7 : 0.030 0.970
902 902 (0) 7 : 0.164 0.836
903 903 (0) 7 : 0.013 0.987
904 904 (0) 7 : 0.216 0.784
905 905 (0) 7 : 0.140 0.860
906 906 (0) 7 : 0.065 0.935
907 907 (0) 7 : 0.061 0.939
908 908 (0) 7 : 0.138 0.862
909 909 (0) 7 : 0.143 0.857
910 910 (0) 7 : 0.021 0.979
911 911 (0) 7 : 0.172 0.828
912 912 (0) 7 : 0.124 0.876
913 913 (0) 7 : 0.149 0.851
914 914 (0) 7 : 0.122 0.878
915 915 (0) 7 : 0.125 0.875
916 916 (0) 7 : 0.097 0.903
917 917 (0) 7 : 0.228 0.772
918 918 (0) 7 : 0.136 0.864
919 919 (0) 7 : 0.186 0.814
920 920 (0) 7 : 0.282 0.718
921 921 (0) 7 : 0.135 0.865
922 922 (0) 7 : 0.151 0.849
923 923 (0) 7 : 0.075 0.925
924 924 (0) 7 : 0.166 0.834
925 925 (0) 7 : 0.016 0.984
926 926 (0) 7 : 0.131 0.869
927 927 (0) 7 : 0.190 0.810
928 928 (0) 7 : 0.228 0.772
929 929 (0) 7 : 0.214 0.786
930 930 (0) 7 : 0.117 0.883
931 931 (0) 7 : 0.130 0.870
932 932 (0) 7 : 0.014 0.986
933 933 (0) 7 : 0.104 0.896
934 934 (0) 7 : 0.045 0.955
935 935 (0) 7 : 0.106 0.894
936 936 (0) 7 : 0.124 0.876
937 937 (0) 7 : 0.016 0.984
938 938 (0) 7 : 0.161 0.839
939 939 (0) 7 : 0.007 0.993
940 940 (0) 7 : 0.102 0.898
941 941 (0) 7 : 0.090 0.910
942 942 (0) 7 : 0.156 0.844
943 943 (0) 7 : 0.088 0.912
944 944 (0) 7 : 0.118 0.882
945 945 (0) 7 : 0.060 0.940
946 946 (0) 7 : 0.105 0.895
947 947 (0) 7 : 0.195 0.805
948 948 (0) 7 : 0.143 0.857
949 949 (0) 7 : 0.032 0.968
950 950 (0) 7 : 0.054 0.946
951 951 (0) 7 : 0.015 0.985
952 952 (0) 7 : 0.114 0.886
953 953 (0) 7 : 0.136 0.864
954 954 (0) 7 : 0.182 0.818
955 955 (0) 7 : 0.181 0.819
956 956 (0) 7 : 0.038 0.962
957 957 (0) 7 : 0.151 0.849
958 958 (0) 7 : 0.268 0.732
959 959 (0) 7 : 0.054 0.946
960 960 (0) 7 : 0.009 0.991
961 961 (0) 7 : 0.176 0.824
962 962 (0) 7 : 0.168 0.832
963 963 (0) 7 : 0.186 0.814
964 964 (0) 7 : 0.152 0.848
965 965 (0) 7 : 0.006 0.994
966 966 (0) 7 : 0.008 0.992
967 967 (0) 7 : 0.235 0.765
968 968 (0) 7 : 0.060 0.940
969 969 (0) 7 : 0.009 0.991
970 970 (0) 7 : 0.200 0.800
971 971 (0) 7 : 0.047 0.953
972 972 (0) 7 : 0.177 0.823
973 973 (0) 7 : 0.008 0.992
974 974 (0) 7 : 0.174 0.826
975 975 (0) 7 : 0.049 0.951
976 976 (0) 7 : 0.044 0.956
977 977 (0) 7 : 0.196 0.804
978 978 (0) 7 : 0.292 0.708
979 979 (0) 7 : 0.126 0.874
980 980 (0) 7 : 0.087 0.913
981 981 (0) 7 : 0.252 0.748
982 982 (0) 7 : 0.037 0.963
983 983 (0) 7 : 0.128 0.872
984 984 (0) 7 : 0.125 0.875
985 985 (0) 7 : 0.133 0.867
986 986 (0) 7 : 0.052 0.948
987 987 (0) 7 : 0.105 0.895
988 988 (0) 7 : 0.067 0.933
989 989 (0) 7 : 0.068 0.932
990 990 (0) 7 : 0.007 0.993
991 991 (0) 7 : 0.008 0.992
992 992 (0) 7 : 0.008 0.992
993 993 (0) 7 : 0.187 0.813
994 994 (0) 7 : 0.269 0.731
995 995 (0) 7 : 0.091 0.909
996 996 (0) 7 : 0.071 0.929
997 997 (0) 7 : 0.087 0.913
998 998 (0) 7 : 0.191 0.809
999 999 (0) 7 : 0.222 0.778
1000 1000 (0) 7 : 0.164 0.836
1001 1001 (5) 8 : 0.012 0.988
1002 1002 (0) 8 : 0.014 0.986
1003 1003 (0) 8 : 0.006 0.994
1004 1004 (0) 8 : 0.018 0.982
1005 1005 (0) 8 : 0.007 0.993
1006 1006 (0) 8 : 0.009 0.991
1007 1007 (0) 8 : 0.005 0.995
1008 1008 (0) 8 : 0.009 0.991
1009 1009 (0) 8 : 0.008 0.992
1010 1010 (0) 8 : 0.008 0.992
1011 1011 (0) 8 : 0.005 0.995
1012 1012 (0) 8 : 0.007 0.993
1013 1013 (0) 8 : 0.012 0.988
1014 1014 (5) 8 : 0.005 0.995
1015 1015 (0) 8 : 0.007 0.993
1016 1016 (0) 8 : 0.006 0.994
1017 1017 (0) 8 : 0.008 0.992
1018 1018 (0) 8 : 0.008 0.992
1019 1019 (0) 8 : 0.011 0.989
1020 1020 (0) 8 : 0.006 0.994
1021 1021 (0) 8 : 0.005 0.995
1022 1022 (0) 8 : 0.009 0.991
1023 1023 (0) 8 : 0.006 0.994
1024 1024 (0) 8 : 0.005 0.995
1025 1025 (0) 8 : 0.005 0.995
1026 1026 (0) 8 : 0.006 0.994
1027 1027 (0) 8 : 0.006 0.994
1028 1028 (0) 8 : 0.006 0.994
1029 1029 (0) 9 : 0.015 0.985
1030 1030 (0) 9 : 0.009 0.991
1031 1031 (0) 9 : 0.006 0.994
1032 1032 (0) 9 : 0.007 0.993
1033 1033 (0) 9 : 0.005 0.995
1034 1034 (0) 9 : 0.007 0.993
1035 1035 (0) 9 : 0.007 0.993
1036 1036 (0) 9 : 0.011 0.989
1037 1037 (0) 9 : 0.017 0.983
1038 1038 (0) 9 : 0.007 0.993
1039 1039 (0) 9 : 0.010 0.990
1040 1040 (0) 9 : 0.008 0.992
1041 1041 (0) 9 : 0.005 0.995
1042 1042 (0) 9 : 0.005 0.995
1043 1043 (0) 9 : 0.006 0.994
1044 1044 (0) 9 : 0.007 0.993
1045 1045 (0) 9 : 0.006 0.994
1046 1046 (0) 9 : 0.009 0.991
1047 1047 (0) 9 : 0.007 0.993
1048 1048 (0) 9 : 0.006 0.994
1049 1049 (0) 9 : 0.007 0.993
1050 1050 (0) 9 : 0.009 0.991
1051 1051 (0) 9 : 0.006 0.994
1052 1052 (0) 9 : 0.011 0.989
1053 1053 (0) 9 : 0.006 0.994
1054 1054 (0) 9 : 0.006 0.994
1055 1055 (0) 9 : 0.006 0.994
1056 1056 (0) 9 : 0.006 0.994
1057 1057 (0) 9 : 0.005 0.995
1058 1058 (0) 9 : 0.006 0.994
1059 1059 (0) 9 : 0.006 0.994
1060 1060 (0) 9 : 0.006 0.994
1061 1061 (0) 9 : 0.006 0.994
1062 1062 (0) 9 : 0.005 0.995
1063 1063 (0) 9 : 0.008 0.992
1064 1064 (0) 9 : 0.017 0.983
1065 1065 (0) 9 : 0.008 0.992
1066 1066 (0) 9 : 0.008 0.992
1067 1067 (0) 9 : 0.008 0.992
1068 1068 (0) 9 : 0.006 0.994
1069 1069 (0) 9 : 0.007 0.993
1070 1070 (0) 9 : 0.009 0.991
1071 1071 (0) 9 : 0.007 0.993
1072 1072 (0) 9 : 0.005 0.995
1073 1073 (0) 9 : 0.008 0.992
1074 1074 (0) 9 : 0.006 0.994
1075 1075 (0) 9 : 0.010 0.990
1076 1076 (0) 9 : 0.006 0.994
1077 1077 (0) 9 : 0.005 0.995
1078 1078 (0) 9 : 0.006 0.994
1079 1079 (0) 9 : 0.005 0.995
1080 1080 (0) 9 : 0.010 0.990
1081 1081 (0) 9 : 0.006 0.994
1082 1082 (0) 9 : 0.008 0.992
1083 1083 (0) 9 : 0.006 0.994
1084 1084 (0) 9 : 0.009 0.991
1085 1085 (0) 9 : 0.007 0.993
1086 1086 (0) 9 : 0.008 0.992
1087 1087 (0) 9 : 0.014 0.986
1088 1088 (0) 9 : 0.006 0.994
1089 1089 (0) 9 : 0.006 0.994
1090 1090 (0) 9 : 0.005 0.995
1091 1091 (0) 9 : 0.008 0.992
1092 1092 (0) 9 : 0.008 0.992
1093 1093 (0) 9 : 0.006 0.994
1094 1094 (0) 9 : 0.007 0.993
1095 1095 (0) 9 : 0.009 0.991
1096 1096 (0) 9 : 0.010 0.990
1097 1097 (0) 9 : 0.009 0.991
1098 1098 (0) 9 : 0.005 0.995
1099 1099 (0) 9 : 0.005 0.995
1100 1100 (0) 9 : 0.008 0.992
1101 1101 (0) 9 : 0.005 0.995
1102 1102 (0) 9 : 0.006 0.994
1103 1103 (0) 9 : 0.006 0.994
1104 1104 (0) 9 : 0.008 0.992
1105 1105 (0) 9 : 0.007 0.993
1106 1106 (0) 9 : 0.006 0.994
1107 1107 (0) 9 : 0.007 0.993
1108 1108 (0) 9 : 0.010 0.990
1109 1109 (0) 9 : 0.005 0.995
1110 1110 (0) 9 : 0.010 0.990
1111 1111 (0) 9 : 0.006 0.994
1112 1112 (0) 9 : 0.005 0.995
1113 1113 (0) 9 : 0.006 0.994
1114 1114 (0) 9 : 0.005 0.995
1115 1115 (0) 9 : 0.006 0.994
1116 1116 (0) 9 : 0.005 0.995
1117 1117 (0) 9 : 0.010 0.990
1118 1118 (0) 9 : 0.006 0.994
1119 1119 (0) 9 : 0.011 0.989
1120 1120 (0) 9 : 0.008 0.992
1121 1121 (0) 9 : 0.007 0.993
1122 1122 (0) 9 : 0.005 0.995
1123 1123 (0) 9 : 0.009 0.991
1124 1124 (0) 9 : 0.006 0.994
1125 1125 (0) 9 : 0.008 0.992
1126 1126 (0) 9 : 0.008 0.992
1127 1127 (0) 9 : 0.006 0.994
1128 1128 (0) 9 : 0.005 0.995
1129 1129 (0) 9 : 0.009 0.991
1130 1130 (0) 9 : 0.006 0.994
1131 1131 (0) 9 : 0.007 0.993
1132 1132 (0) 9 : 0.009 0.991
1133 1133 (0) 9 : 0.005 0.995
1134 1134 (0) 9 : 0.007 0.993
1135 1135 (0) 9 : 0.008 0.992
1136 1136 (0) 9 : 0.008 0.992
1137 1137 (0) 9 : 0.005 0.995
1138 1138 (0) 9 : 0.007 0.993
1139 1139 (0) 9 : 0.009 0.991
1140 1140 (0) 9 : 0.005 0.995
1141 1141 (0) 9 : 0.008 0.992
1142 1142 (0) 9 : 0.012 0.988
1143 1143 (0) 9 : 0.008 0.992
1144 1144 (0) 9 : 0.007 0.993
1145 1145 (0) 9 : 0.013 0.987
1146 1146 (0) 9 : 0.005 0.995
1147 1147 (0) 9 : 0.007 0.993
1148 1148 (0) 9 : 0.006 0.994
1149 1149 (0) 9 : 0.006 0.994
1150 1150 (0) 9 : 0.006 0.994
1151 1151 (0) 9 : 0.007 0.993
1152 1152 (0) 9 : 0.010 0.990
1153 1153 (0) 9 : 0.006 0.994
1154 1154 (0) 9 : 0.008 0.992
1155 1155 (0) 9 : 0.006 0.994
1156 1156 (0) 9 : 0.009 0.991
1157 1157 (0) 9 : 0.007 0.993
1158 1158 (0) 9 : 0.009 0.991
1159 1159 (0) 9 : 0.006 0.994
1160 1160 (0) 9 : 0.016 0.984
1161 1161 (0) 9 : 0.005 0.995
1162 1162 (0) 9 : 0.005 0.995
1163 1163 (0) 9 : 0.005 0.995
1164 1164 (0) 9 : 0.006 0.994
1165 1165 (0) 9 : 0.007 0.993
1166 1166 (0) 9 : 0.006 0.994
1167 1167 (0) 9 : 0.006 0.994
1168 1168 (0) 9 : 0.008 0.992
1169 1169 (0) 9 : 0.005 0.995
1170 1170 (0) 9 : 0.014 0.986
1171 1171 (0) 9 : 0.010 0.990
1172 1172 (0) 9 : 0.006 0.994
1173 1173 (0) 9 : 0.007 0.993
1174 1174 (0) 9 : 0.006 0.994
1175 1175 (0) 9 : 0.005 0.995
1176 1176 (0) 9 : 0.007 0.993
1177 1177 (0) 9 : 0.007 0.993
1178 1178 (0) 9 : 0.005 0.995
1179 1179 (0) 9 : 0.009 0.991
1180 1180 (0) 9 : 0.011 0.989
1181 1181 (0) 9 : 0.005 0.995
1182 1182 (0) 9 : 0.007 0.993
1183 1183 (0) 9 : 0.009 0.991
1184 1184 (0) 9 : 0.008 0.992
1185 1185 (0) 9 : 0.005 0.995
1186 1186 (0) 9 : 0.008 0.992
1187 1187 (0) 9 : 0.007 0.993
1188 1188 (0) 9 : 0.007 0.993
1189 1189 (0) 9 : 0.013 0.987
1190 1190 (0) 9 : 0.009 0.991
1191 1191 (0) 9 : 0.006 0.994
1192 1192 (0) 9 : 0.006 0.994
1193 1193 (0) 9 : 0.006 0.994
1194 1194 (0) 9 : 0.005 0.995
1195 1195 (0) 9 : 0.004 0.996
1196 1196 (0) 9 : 0.007 0.993
1197 1197 (0) 9 : 0.006 0.994
1198 1198 (0) 9 : 0.009 0.991
1199 1199 (0) 9 : 0.011 0.989
1200 1200 (0) 9 : 0.007 0.993
1201 1201 (0) 9 : 0.005 0.995
1202 1202 (0) 9 : 0.008 0.992
1203 1203 (0) 9 : 0.013 0.987
1204 1204 (0) 9 : 0.005 0.995
1205 1205 (0) 9 : 0.011 0.989
1206 1206 (0) 9 : 0.010 0.990
1207 1207 (0) 9 : 0.011 0.989
1208 1208 (0) 9 : 0.008 0.992
1209 1209 (0) 9 : 0.007 0.993
1210 1210 (0) 9 : 0.007 0.993
1211 1211 (0) 9 : 0.005 0.995
1212 1212 (0) 9 : 0.009 0.991
1213 1213 (0) 9 : 0.007 0.993
1214 1214 (0) 9 : 0.006 0.994
1215 1215 (0) 9 : 0.018 0.982
1216 1216 (0) 9 : 0.007 0.993
1217 1217 (0) 9 : 0.006 0.994
1218 1218 (0) 9 : 0.007 0.993
1219 1219 (0) 9 : 0.005 0.995
1220 1220 (0) 9 : 0.007 0.993
1221 1221 (0) 9 : 0.008 0.992
1222 1222 (0) 9 : 0.006 0.994
1223 1223 (0) 9 : 0.013 0.987
1224 1224 (0) 9 : 0.005 0.995
1225 1225 (0) 9 : 0.006 0.994
1226 1226 (0) 9 : 0.014 0.986
1227 1227 (0) 9 : 0.006 0.994
1228 1228 (0) 9 : 0.007 0.993
1229 1229 (0) 9 : 0.012 0.988
1230 1230 (0) 9 : 0.006 0.994
1231 1231 (0) 9 : 0.005 0.995
1232 1232 (0) 9 : 0.006 0.994
1233 1233 (0) 9 : 0.009 0.991
1234 1234 (0) 9 : 0.007 0.993
1235 1235 (0) 9 : 0.009 0.991
1236 1236 (0) 9 : 0.005 0.995
1237 1237 (0) 9 : 0.007 0.993
1238 1238 (0) 9 : 0.006 0.994
1239 1239 (0) 9 : 0.011 0.989
1240 1240 (0) 9 : 0.005 0.995
1241 1241 (0) 9 : 0.007 0.993
1242 1242 (0) 9 : 0.007 0.993
1243 1243 (0) 9 : 0.006 0.994
1244 1244 (0) 9 : 0.005 0.995
1245 1245 (0) 9 : 0.008 0.992
1246 1246 (0) 9 : 0.009 0.991
1247 1247 (0) 9 : 0.009 0.991
1248 1248 (0) 9 : 0.006 0.994
1249 1249 (0) 9 : 0.006 0.994
1250 1250 (0) 9 : 0.005 0.995
1251 1251 (0) 9 : 0.006 0.994
1252 1252 (0) 9 : 0.006 0.994
1253 1253 (0) 9 : 0.010 0.990
1254 1254 (0) 9 : 0.008 0.992
1255 1255 (0) 9 : 0.005 0.995
1256 1256 (0) 9 : 0.006 0.994
1257 1257 (0) 9 : 0.008 0.992
1258 1258 (0) 9 : 0.009 0.991
1259 1259 (0) 9 : 0.005 0.995
1260 1260 (0) 9 : 0.006 0.994
1261 1261 (0) 9 : 0.006 0.994
1262 1262 (0) 9 : 0.008 0.992
1263 1263 (0) 9 : 0.009 0.991
1264 1264 (0) 9 : 0.008 0.992
1265 1265 (0) 9 : 0.011 0.989
1266 1266 (0) 9 : 0.009 0.991
1267 1267 (0) 9 : 0.006 0.994
1268 1268 (0) 9 : 0.006 0.994
1269 1269 (0) 9 : 0.006 0.994
1270 1270 (0) 9 : 0.005 0.995
1271 1271 (0) 9 : 0.005 0.995
1272 1272 (0) 9 : 0.007 0.993
1273 1273 (0) 9 : 0.009 0.991
1274 1274 (0) 9 : 0.006 0.994
1275 1275 (0) 9 : 0.006 0.994
1276 1276 (0) 9 : 0.008 0.992
1277 1277 (0) 9 : 0.006 0.994
1278 1278 (0) 9 : 0.006 0.994
1279 1279 (0) 9 : 0.005 0.995
1280 1280 (0) 9 : 0.006 0.994
1281 1281 (0) 9 : 0.011 0.989
1282 1282 (0) 9 : 0.010 0.990
1283 1283 (0) 9 : 0.026 0.974
1284 1284 (0) 9 : 0.006 0.994
1285 1285 (0) 9 : 0.005 0.995
1286 1286 (0) 9 : 0.007 0.993
1287 1287 (0) 9 : 0.006 0.994
1288 1288 (0) 9 : 0.005 0.995
1289 1289 (0) 9 : 0.008 0.992
1290 1290 (0) 9 : 0.010 0.990
1291 1291 (0) 9 : 0.007 0.993
1292 1292 (0) 9 : 0.006 0.994
1293 1293 (0) 9 : 0.004 0.996
1294 1294 (0) 9 : 0.012 0.988
1295 1295 (0) 9 : 0.006 0.994
1296 1296 (0) 9 : 0.006 0.994
1297 1297 (0) 9 : 0.012 0.988
1298 1298 (0) 9 : 0.006 0.994
1299 1299 (0) 9 : 0.009 0.991
1300 1300 (0) 9 : 0.005 0.995
1301 1301 (0) 9 : 0.006 0.994
1302 1302 (0) 9 : 0.007 0.993
1303 1303 (0) 9 : 0.006 0.994
1304 1304 (0) 9 : 0.008 0.992
1305 1305 (0) 9 : 0.005 0.995
1306 1306 (0) 9 : 0.008 0.992
1307 1307 (0) 9 : 0.012 0.988
1308 1308 (0) 9 : 0.005 0.995
1309 1309 (0) 9 : 0.009 0.991
1310 1310 (0) 9 : 0.006 0.994
1311 1311 (0) 9 : 0.007 0.993
1312 1312 (0) 9 : 0.009 0.991
1313 1313 (0) 9 : 0.007 0.993
1314 1314 (0) 9 : 0.006 0.994
1315 1315 (0) 9 : 0.008 0.992
1316 1316 (0) 9 : 0.006 0.994
1317 1317 (0) 9 : 0.005 0.995
1318 1318 (0) 9 : 0.010 0.990
1319 1319 (0) 9 : 0.014 0.986
1320 1320 (0) 9 : 0.009 0.991
1321 1321 (0) 9 : 0.009 0.991
1322 1322 (0) 9 : 0.008 0.992
1323 1323 (0) 9 : 0.006 0.994
1324 1324 (0) 9 : 0.007 0.993
1325 1325 (0) 9 : 0.006 0.994
1326 1326 (0) 9 : 0.005 0.995
1327 1327 (0) 9 : 0.008 0.992
1328 1328 (0) 9 : 0.009 0.991
1329 1329 (0) 9 : 0.007 0.993
1330 1330 (0) 9 : 0.011 0.989
1331 1331 (0) 9 : 0.007 0.993
1332 1332 (0) 9 : 0.006 0.994
1333 1333 (0) 9 : 0.006 0.994
1334 1334 (0) 9 : 0.005 0.995
1335 1335 (0) 9 : 0.013 0.987
1336 1336 (0) 9 : 0.009 0.991
1337 1337 (0) 9 : 0.005 0.995
1338 1338 (0) 9 : 0.006 0.994
1339 1339 (0) 9 : 0.007 0.993
1340 1340 (0) 9 : 0.010 0.990
1341 1341 (0) 9 : 0.005 0.995
1342 1342 (0) 9 : 0.005 0.995
1343 1343 (0) 9 : 0.008 0.992
1344 1344 (0) 9 : 0.009 0.991
1345 1345 (0) 9 : 0.007 0.993
1346 1346 (0) 9 : 0.012 0.988
1347 1347 (0) 9 : 0.005 0.995
1348 1348 (0) 9 : 0.008 0.992
1349 1349 (0) 9 : 0.007 0.993
1350 1350 (0) 9 : 0.009 0.991
1351 1351 (0) 9 : 0.005 0.995
1352 1352 (0) 9 : 0.005 0.995
1353 1353 (0) 9 : 0.007 0.993
1354 1354 (0) 9 : 0.006 0.994
1355 1355 (0) 9 : 0.016 0.984
1356 1356 (0) 9 : 0.005 0.995
1357 1357 (0) 9 : 0.008 0.992
1358 1358 (0) 9 : 0.006 0.994
1359 1359 (0) 9 : 0.008 0.992
1360 1360 (0) 9 : 0.009 0.991
1361 1361 (0) 9 : 0.007 0.993
1362 1362 (0) 9 : 0.005 0.995
1363 1363 (0) 9 : 0.008 0.992
1364 1364 (0) 9 : 0.005 0.995
1365 1365 (0) 9 : 0.004 0.996
1366 1366 (0) 9 : 0.012 0.988
1367 1367 (0) 9 : 0.005 0.995
1368 1368 (0) 9 : 0.016 0.984
1369 1369 (0) 9 : 0.010 0.990
1370 1370 (0) 9 : 0.005 0.995
1371 1371 (0) 9 : 0.007 0.993
1372 1372 (0) 9 : 0.006 0.994
1373 1373 (0) 9 : 0.008 0.992
1374 1374 (0) 9 : 0.008 0.992
1375 1375 (0) 9 : 0.010 0.990
1376 1376 (0) 9 : 0.006 0.994
1377 1377 (0) 9 : 0.009 0.991
1378 1378 (0) 9 : 0.009 0.991
1379 1379 (0) 9 : 0.009 0.991
1380 1380 (0) 9 : 0.011 0.989
1381 1381 (0) 9 : 0.006 0.994
1382 1382 (0) 9 : 0.005 0.995
1383 1383 (0) 9 : 0.005 0.995
1384 1384 (0) 9 : 0.009 0.991
1385 1385 (0) 9 : 0.016 0.984
1386 1386 (0) 9 : 0.005 0.995
1387 1387 (0) 9 : 0.010 0.990
1388 1388 (0) 9 : 0.005 0.995
1389 1389 (0) 9 : 0.006 0.994
1390 1390 (0) 9 : 0.006 0.994
1391 1391 (0) 9 : 0.006 0.994
1392 1392 (0) 9 : 0.005 0.995
1393 1393 (0) 9 : 0.009 0.991
1394 1394 (0) 9 : 0.007 0.993
1395 1395 (0) 9 : 0.007 0.993
1396 1396 (0) 9 : 0.009 0.991
1397 1397 (0) 9 : 0.008 0.992
1398 1398 (0) 9 : 0.006 0.994
1399 1399 (0) 9 : 0.007 0.993
1400 1400 (0) 9 : 0.005 0.995
1401 1401 (0) 9 : 0.006 0.994
1402 1402 (0) 9 : 0.007 0.993
1403 1403 (0) 9 : 0.006 0.994
1404 1404 (0) 9 : 0.012 0.988
1405 1405 (0) 9 : 0.005 0.995
1406 1406 (0) 9 : 0.006 0.994
1407 1407 (0) 9 : 0.008 0.992
1408 1408 (0) 9 : 0.012 0.988
1409 1409 (0) 9 : 0.006 0.994
1410 1410 (0) 9 : 0.008 0.992
1411 1411 (0) 9 : 0.006 0.994
1412 1412 (0) 9 : 0.005 0.995
1413 1413 (0) 9 : 0.010 0.990
1414 1414 (0) 9 : 0.008 0.992
1415 1415 (0) 9 : 0.007 0.993
1416 1416 (0) 9 : 0.009 0.991
1417 1417 (0) 9 : 0.005 0.995
1418 1418 (0) 9 : 0.008 0.992
1419 1419 (0) 9 : 0.005 0.995
1420 1420 (0) 9 : 0.006 0.994
1421 1421 (0) 9 : 0.008 0.992
1422 1422 (0) 9 : 0.006 0.994
1423 1423 (0) 9 : 0.011 0.989
1424 1424 (0) 9 : 0.008 0.992
1425 1425 (0) 9 : 0.006 0.994
1426 1426 (0) 9 : 0.006 0.994
1427 1427 (0) 9 : 0.005 0.995
1428 1428 (0) 9 : 0.008 0.992
1429 1429 (0) 9 : 0.008 0.992
1430 1430 (0) 9 : 0.006 0.994
1431 1431 (0) 9 : 0.010 0.990
1432 1432 (0) 9 : 0.005 0.995
1433 1433 (0) 9 : 0.005 0.995
1434 1434 (0) 9 : 0.006 0.994
1435 1435 (0) 9 : 0.006 0.994
1436 1436 (0) 9 : 0.007 0.993
1437 1437 (0) 9 : 0.006 0.994
1438 1438 (0) 9 : 0.008 0.992
1439 1439 (0) 9 : 0.010 0.990
1440 1440 (0) 9 : 0.006 0.994
1441 1441 (0) 9 : 0.014 0.986
1442 1442 (0) 9 : 0.010 0.990
1443 1443 (0) 9 : 0.006 0.994
1444 1444 (0) 9 : 0.005 0.995
1445 1445 (0) 9 : 0.006 0.994
1446 1446 (0) 9 : 0.006 0.994
1447 1447 (0) 9 : 0.008 0.992
1448 1448 (0) 9 : 0.006 0.994
1449 1449 (0) 9 : 0.011 0.989
1450 1450 (0) 9 : 0.007 0.993
1451 1451 (0) 9 : 0.007 0.993
1452 1452 (0) 9 : 0.006 0.994
1453 1453 (0) 9 : 0.006 0.994
1454 1454 (0) 9 : 0.005 0.995
1455 1455 (0) 9 : 0.008 0.992
1456 1456 (0) 9 : 0.010 0.990
1457 1457 (0) 9 : 0.007 0.993
1458 1458 (0) 9 : 0.005 0.995
1459 1459 (0) 9 : 0.006 0.994
1460 1460 (0) 9 : 0.009 0.991
1461 1461 (0) 9 : 0.008 0.992
1462 1462 (0) 9 : 0.007 0.993
1463 1463 (0) 9 : 0.008 0.992
1464 1464 (0) 9 : 0.006 0.994
1465 1465 (0) 9 : 0.010 0.990
1466 1466 (0) 9 : 0.007 0.993
1467 1467 (0) 9 : 0.006 0.994
1468 1468 (0) 9 : 0.009 0.991
1469 1469 (0) 9 : 0.006 0.994
1470 1470 (0) 9 : 0.006 0.994
1471 1471 (0) 9 : 0.008 0.992
1472 1472 (0) 9 : 0.008 0.992
1473 1473 (0) 9 : 0.007 0.993
1474 1474 (0) 9 : 0.028 0.972
1475 1475 (0) 9 : 0.005 0.995
1476 1476 (0) 9 : 0.010 0.990
1477 1477 (0) 9 : 0.008 0.992
1478 1478 (0) 9 : 0.006 0.994
1479 1479 (0) 9 : 0.006 0.994
1480 1480 (0) 9 : 0.005 0.995
1481 1481 (0) 9 : 0.006 0.994
1482 1482 (0) 9 : 0.007 0.993
1483 1483 (0) 9 : 0.007 0.993
1484 1484 (0) 9 : 0.006 0.994
1485 1485 (0) 9 : 0.007 0.993
1486 1486 (0) 9 : 0.007 0.993
1487 1487 (0) 9 : 0.006 0.994
1488 1488 (0) 9 : 0.013 0.987
1489 1489 (0) 9 : 0.006 0.994
1490 1490 (0) 9 : 0.006 0.994
1491 1491 (0) 9 : 0.006 0.994
1492 1492 (0) 9 : 0.005 0.995
1493 1493 (0) 9 : 0.006 0.994
1494 1494 (0) 9 : 0.007 0.993
1495 1495 (0) 9 : 0.007 0.993
1496 1496 (0) 9 : 0.009 0.991
1497 1497 (0) 9 : 0.017 0.983
1498 1498 (0) 9 : 0.006 0.994
1499 1499 (0) 9 : 0.017 0.983
1500 1500 (0) 9 : 0.007 0.993
