       M1EL5  1 0.0044 0.0075 0.9748 0.0062 0.0042 0.0029 
       W26T6  1 0.0076 0.0046 0.9609 0.0067 0.0106 0.0096 
       W26XX  1 0.0038 0.0037 0.9824 0.0046 0.0031 0.0025 
       M013P  1 0.0031 0.0047 0.9834 0.0032 0.0022 0.0035 
       M1ELA  1 0.0505 0.0167 0.8714 0.0434 0.0096 0.0084 
       M2C73  1 0.0040 0.0045 0.9791 0.0051 0.0039 0.0035 
       W23P4  1 0.0093 0.0021 0.8991 0.0064 0.0761 0.0069 
       W247C  1 0.0026 0.0035 0.9858 0.0025 0.0026 0.0030 
       W24K1  1 0.0018 0.0025 0.9884 0.0022 0.0026 0.0025 
       W24ME  1 0.0060 0.0030 0.9636 0.0043 0.0167 0.0064 
       W2514  1 0.0051 0.0023 0.9770 0.0043 0.0077 0.0035 
       W26MA  1 0.0054 0.0032 0.9708 0.0037 0.0077 0.0092 
       W26MM  1 0.0022 0.0022 0.9857 0.0020 0.0028 0.0051 
       W26MU  1 0.0043 0.0069 0.9795 0.0021 0.0042 0.0030 
       W26P0  1 0.0049 0.0031 0.9830 0.0025 0.0038 0.0027 
       W26P3  1 0.0033 0.0043 0.9857 0.0023 0.0021 0.0023 
       W26T5  1 0.0024 0.0018 0.9887 0.0021 0.0027 0.0022 
       W26TE  1 0.0088 0.0033 0.9666 0.0116 0.0056 0.0041 
       W26TF  1 0.0023 0.0051 0.9646 0.0118 0.0024 0.0138 
       W26U8  1 0.0162 0.0051 0.9474 0.0089 0.0147 0.0077 
       W26UJ  1 0.0024 0.0024 0.9869 0.0018 0.0025 0.0040 
       W26UK  1 0.0025 0.0079 0.9826 0.0031 0.0020 0.0019 
       W26UT  1 0.0021 0.0060 0.9784 0.0083 0.0022 0.0029 
       W26XT  1 0.0040 0.0106 0.9691 0.0075 0.0026 0.0062 
      CC06H2  1 0.0044 0.0032 0.9666 0.0039 0.0134 0.0086 
      CC06H4  1 0.0029 0.0036 0.9818 0.0026 0.0026 0.0065 
      CC06H5  1 0.0143 0.0034 0.9408 0.0125 0.0235 0.0055 
      CC06H6  1 0.0067 0.0047 0.9776 0.0047 0.0044 0.0019 
      CC06HE  1 0.0032 0.0054 0.9827 0.0035 0.0025 0.0027 
      CC06HF  1 0.0035 0.0123 0.9421 0.0217 0.0128 0.0076 
      CC06HH  1 0.0029 0.0037 0.9820 0.0064 0.0027 0.0023 
      CC06HJ  1 0.0544 0.0038 0.9245 0.0051 0.0061 0.0060 
      CC06HL  1 0.0030 0.0023 0.9870 0.0033 0.0020 0.0025 
      CC06HP  1 0.0021 0.0081 0.9771 0.0083 0.0023 0.0021 
      CC06HT  1 0.0086 0.0038 0.9096 0.0658 0.0078 0.0044 
      CC06HU  1 0.0429 0.0036 0.9388 0.0071 0.0034 0.0043 
      CC06HY  1 0.0048 0.0032 0.9740 0.0046 0.0067 0.0067 
      CC06J0  1 0.0026 0.0024 0.9805 0.0032 0.0047 0.0066 
      CC06J1  1 0.0151 0.0044 0.9543 0.0057 0.0107 0.0099 
      CC06J2  1 0.0044 0.0068 0.9714 0.0097 0.0034 0.0043 
     CT.0YCY  1 0.0039 0.0029 0.9821 0.0038 0.0039 0.0035 
     CT.0YEC  1 0.0022 0.0032 0.9868 0.0033 0.0020 0.0024 
     CT.0YEF  1 0.0033 0.0033 0.9837 0.0030 0.0043 0.0024 
     CT.0YEU  1 0.0024 0.0019 0.9895 0.0020 0.0024 0.0018 
     CT.0YF2  1 0.0060 0.0031 0.9769 0.0030 0.0056 0.0055 
     CT.0YF8  1 0.0026 0.0061 0.9824 0.0047 0.0026 0.0016 
     CT.0YFA  1 0.0038 0.0054 0.9790 0.0043 0.0058 0.0018 
     CT.0YFE  1 0.0041 0.0080 0.9734 0.0063 0.0055 0.0028 
     CT.0YFP  1 0.0026 0.0022 0.9821 0.0023 0.0044 0.0065 
     CT.0YFU  1 0.0032 0.0047 0.9817 0.0033 0.0043 0.0029 
     CT.0YK7  1 0.0027 0.0024 0.9803 0.0034 0.0049 0.0062 
     CX.10PT  1 0.0047 0.0073 0.9478 0.0072 0.0127 0.0203 
      DAM021  1 0.0031 0.0146 0.9653 0.0087 0.0052 0.0031 
      DAM034  1 0.0042 0.0041 0.9820 0.0030 0.0047 0.0019 
      DAM07X  1 0.0037 0.0034 0.9821 0.0033 0.0050 0.0026 
     EF.15J6  1 0.0042 0.0046 0.9827 0.0030 0.0030 0.0026 
      HRV010  1 0.0085 0.0032 0.9780 0.0029 0.0028 0.0047 
      HRV02J  1 0.0056 0.0058 0.9754 0.0036 0.0061 0.0035 
      HRV078  1 0.0028 0.0073 0.9761 0.0045 0.0049 0.0044 
      HRV0FH  1 0.0026 0.0022 0.9875 0.0021 0.0033 0.0024 
      HRV0H5  1 0.0037 0.0055 0.9773 0.0058 0.0045 0.0033 
      HRV0JF  1 0.0038 0.0033 0.9786 0.0036 0.0078 0.0029 
      HRV0JJ  1 0.0104 0.0029 0.9649 0.0056 0.0130 0.0032 
      HRV0JM  1 0.0033 0.0035 0.9811 0.0056 0.0040 0.0024 
      HRV0K6  1 0.0242 0.0022 0.9357 0.0056 0.0109 0.0214 
      HRV0K7  1 0.0083 0.0051 0.9707 0.0105 0.0028 0.0027 
      HRV0KP  1 0.0087 0.0181 0.9510 0.0041 0.0046 0.0134 
      HRV1AX  1 0.0051 0.0159 0.9599 0.0058 0.0094 0.0040 
      HRV1C4  1 0.0029 0.0019 0.9837 0.0027 0.0067 0.0021 
      HRV1CH  1 0.0063 0.0051 0.9784 0.0025 0.0046 0.0032 
      HRV1FA  1 0.0110 0.0054 0.9632 0.0112 0.0056 0.0036 
      HRV1FK  1 0.0033 0.0024 0.9787 0.0041 0.0047 0.0068 
      HRV1H8  1 0.0038 0.0040 0.9712 0.0150 0.0036 0.0024 
      HRV1HT  1 0.0054 0.0054 0.9737 0.0043 0.0059 0.0051 
      HRV1XU  1 0.0024 0.0032 0.9701 0.0066 0.0038 0.0139 
      HRV4TF  1 0.0040 0.1600 0.8252 0.0051 0.0024 0.0033 
      HRV6F0  1 0.0030 0.0309 0.9551 0.0034 0.0035 0.0041 
      HRVE6L  1 0.0102 0.0419 0.9115 0.0213 0.0077 0.0073 
       M27HM  1 0.0053 0.0066 0.9702 0.0075 0.0081 0.0023 
       M27HP  1 0.0027 0.0035 0.9866 0.0023 0.0026 0.0024 
       M2AK4  1 0.0023 0.0031 0.9868 0.0023 0.0027 0.0028 
       M2ALA  1 0.0022 0.0020 0.9880 0.0024 0.0026 0.0028 
       M2C56  1 0.0048 0.0257 0.9580 0.0030 0.0053 0.0031 
       M2CUX  1 0.0044 0.0024 0.9780 0.0042 0.0059 0.0051 
       M2E24  1 0.0030 0.0018 0.9874 0.0026 0.0029 0.0023 
       M2EA7  1 0.0025 0.0026 0.9849 0.0035 0.0032 0.0033 
       M2EH6  1 0.0038 0.0030 0.9849 0.0025 0.0033 0.0025 
       M2EKC  1 0.0083 0.1224 0.8462 0.0118 0.0050 0.0063 
      MSV083  1 0.0123 0.0068 0.9556 0.0040 0.0033 0.0180 
      MSV084  1 0.0088 0.0084 0.9705 0.0043 0.0052 0.0027 
      MSV0LJ  1 0.0033 0.0056 0.9793 0.0043 0.0042 0.0034 
      MSV1H5  1 0.0190 0.0043 0.9592 0.0060 0.0086 0.0029 
      MSV1KM  1 0.0024 0.0031 0.9868 0.0026 0.0027 0.0024 
      MSV23F  1 0.0038 0.0150 0.9610 0.0078 0.0030 0.0095 
      MSV2L8  1 0.0023 0.0050 0.9832 0.0027 0.0033 0.0035 
      MSV2P7  1 0.0022 0.0019 0.9871 0.0026 0.0032 0.0031 
      MSV2TJ  1 0.0053 0.0125 0.9718 0.0021 0.0064 0.0019 
      MSV2XM  1 0.0046 0.0032 0.9752 0.0083 0.0042 0.0045 
      MSV327  1 0.0042 0.0026 0.9809 0.0027 0.0037 0.0059 
      MSV33L  1 0.0029 0.0027 0.9876 0.0022 0.0024 0.0022 
        h001  2 0.0317 0.0124 0.7961 0.0940 0.0606 0.0053 
        h002  2 0.0046 0.0131 0.9695 0.0048 0.0039 0.0040 
        h003  2 0.0037 0.0065 0.9758 0.0044 0.0032 0.0064 
        h004  2 0.0084 0.0025 0.9697 0.0058 0.0088 0.0048 
        h005  2 0.0039 0.0048 0.9788 0.0044 0.0062 0.0019 
        h006  2 0.0049 0.0082 0.9787 0.0032 0.0028 0.0021 
        h007  2 0.0036 0.0026 0.9849 0.0027 0.0035 0.0026 
        h008  2 0.0035 0.0126 0.9729 0.0044 0.0034 0.0033 
        h009  2 0.0047 0.0040 0.9856 0.0019 0.0019 0.0019 
        h010  2 0.0049 0.0034 0.9839 0.0022 0.0036 0.0020 
        h011  2 0.0050 0.0165 0.9493 0.0179 0.0051 0.0063 
        h012  2 0.0030 0.0047 0.9819 0.0048 0.0038 0.0019 
        h013  2 0.0042 0.0145 0.9569 0.0145 0.0043 0.0056 
        h014  2 0.0043 0.0060 0.9750 0.0035 0.0051 0.0060 
        h015  2 0.0024 0.0030 0.9823 0.0032 0.0040 0.0051 
        h016  2 0.0100 0.0033 0.9675 0.0040 0.0095 0.0057 
        h017  2 0.0026 0.0048 0.9865 0.0021 0.0024 0.0016 
        h018  2 0.0033 0.0026 0.9863 0.0026 0.0030 0.0022 
        h019  2 0.0040 0.0063 0.9810 0.0041 0.0028 0.0018 
        h020  2 0.0023 0.0030 0.9869 0.0031 0.0019 0.0029 
        h021  2 0.0115 0.0056 0.9292 0.0289 0.0199 0.0047 
        h022  2 0.0027 0.0061 0.9819 0.0037 0.0028 0.0029 
        h023  2 0.0045 0.0355 0.9296 0.0091 0.0087 0.0126 
        h024  2 0.0040 0.0030 0.9691 0.0042 0.0043 0.0154 
        h025  2 0.0027 0.0059 0.9809 0.0029 0.0045 0.0031 
        h026  2 0.0059 0.0029 0.9766 0.0039 0.0048 0.0058 
        h027  2 0.0169 0.0024 0.9296 0.0223 0.0259 0.0028 
        h028  2 0.0181 0.0035 0.9453 0.0062 0.0174 0.0095 
        h029  2 0.0022 0.0015 0.9867 0.0041 0.0024 0.0031 
        h030  2 0.0029 0.0031 0.9816 0.0021 0.0060 0.0044 
        h031  2 0.0134 0.0468 0.8807 0.0043 0.0260 0.0288 
        h032  2 0.0027 0.0064 0.9821 0.0029 0.0030 0.0029 
        h033  2 0.0041 0.0028 0.9783 0.0055 0.0071 0.0022 
        h034  2 0.0052 0.0034 0.9797 0.0034 0.0053 0.0030 
        h035  2 0.0025 0.0022 0.9872 0.0026 0.0031 0.0024 
        h036  2 0.0030 0.0030 0.9849 0.0030 0.0040 0.0021 
        h037  2 0.0050 0.0081 0.9732 0.0050 0.0043 0.0044 
        h038  2 0.0046 0.0133 0.9713 0.0030 0.0031 0.0047 
        h039  2 0.0068 0.0045 0.9806 0.0030 0.0025 0.0026 
        h040  2 0.0035 0.0039 0.9717 0.0030 0.0109 0.0070 
        h041  2 0.0027 0.0100 0.9716 0.0033 0.0094 0.0029 
        h042  2 0.0052 0.0031 0.9803 0.0036 0.0034 0.0045 
        h043  2 0.0022 0.0030 0.9872 0.0020 0.0031 0.0025 
        h044  2 0.0023 0.0026 0.9852 0.0023 0.0028 0.0048 
        h045  2 0.0053 0.0050 0.9707 0.0126 0.0033 0.0031 
        h046  2 0.0035 0.0033 0.9753 0.0067 0.0059 0.0055 
        h047  2 0.0027 0.0038 0.9820 0.0065 0.0032 0.0018 
        h048  2 0.0023 0.0027 0.9868 0.0030 0.0023 0.0028 
        h049  2 0.0063 0.0043 0.9749 0.0043 0.0045 0.0057 
        h050  2 0.0068 0.0078 0.9702 0.0044 0.0080 0.0027 
        h051  2 0.0029 0.0022 0.9886 0.0021 0.0024 0.0019 
        h052  2 0.0043 0.0074 0.9779 0.0034 0.0046 0.0025 
        h053  2 0.0058 0.0109 0.9426 0.0032 0.0111 0.0264 
        h054  2 0.0091 0.0113 0.9607 0.0078 0.0084 0.0028 
        h055  2 0.0048 0.0068 0.9545 0.0037 0.0090 0.0213 
        h056  2 0.0022 0.0023 0.9890 0.0020 0.0020 0.0024 
        h057  2 0.0046 0.0030 0.9869 0.0021 0.0016 0.0017 
        h058  2 0.0027 0.0094 0.9732 0.0055 0.0038 0.0054 
        h059  2 0.0031 0.0048 0.9821 0.0041 0.0032 0.0026 
        h060  2 0.0041 0.0042 0.9821 0.0039 0.0035 0.0023 
        h061  2 0.0022 0.0047 0.9710 0.0065 0.0043 0.0114 
        h062  2 0.0040 0.0062 0.9753 0.0087 0.0033 0.0025 
        h063  2 0.0043 0.0029 0.9813 0.0058 0.0027 0.0030 
        h064  2 0.0042 0.0054 0.9792 0.0042 0.0042 0.0027 
        h065  2 0.0023 0.0023 0.9891 0.0019 0.0025 0.0019 
        h066  2 0.0058 0.0026 0.9827 0.0024 0.0031 0.0034 
        h067  2 0.0084 0.0177 0.9537 0.0097 0.0069 0.0035 
        h068  2 0.0031 0.0067 0.9725 0.0047 0.0043 0.0088 
        h069  2 0.0028 0.0024 0.9869 0.0022 0.0034 0.0022 
        h070  2 0.0043 0.0056 0.9742 0.0026 0.0031 0.0101 
        h071  2 0.0028 0.0044 0.9805 0.0041 0.0026 0.0055 
        h072  2 0.0026 0.0019 0.9830 0.0022 0.0029 0.0074 
        h073  2 0.0079 0.0054 0.9716 0.0064 0.0049 0.0038 
        h074  2 0.0049 0.0041 0.9668 0.0043 0.0145 0.0053 
        h075  2 0.0021 0.0028 0.9855 0.0027 0.0023 0.0046 
        h076  2 0.0034 0.0071 0.9786 0.0056 0.0031 0.0023 
        h077  2 0.0034 0.0048 0.9748 0.0056 0.0061 0.0053 
        h078  2 0.0027 0.0020 0.9886 0.0024 0.0023 0.0020 
        h079  2 0.0029 0.0026 0.9845 0.0050 0.0032 0.0018 
        h080  2 0.0033 0.0033 0.9845 0.0029 0.0038 0.0023 
        h081  2 0.0034 0.0070 0.9742 0.0050 0.0044 0.0061 
        h082  2 0.0113 0.0125 0.9317 0.0146 0.0127 0.0172 
        h083  2 0.0053 0.0023 0.9521 0.0325 0.0032 0.0046 
        h084  2 0.0043 0.0028 0.9835 0.0031 0.0038 0.0025 
        h085  2 0.0034 0.0026 0.9826 0.0037 0.0044 0.0033 
        h086  2 0.0111 0.0105 0.9598 0.0101 0.0039 0.0047 
        h087  2 0.0025 0.0025 0.9860 0.0047 0.0024 0.0019 
        h088  2 0.0040 0.0027 0.9769 0.0065 0.0061 0.0038 
        h089  2 0.0130 0.0034 0.9623 0.0072 0.0064 0.0078 
        h090  2 0.0032 0.0053 0.9838 0.0028 0.0025 0.0025 
        h091  2 0.0120 0.0020 0.9517 0.0143 0.0127 0.0073 
        h092  2 0.0028 0.0019 0.9876 0.0024 0.0030 0.0022 
        h093  2 0.0037 0.0031 0.9718 0.0026 0.0081 0.0106 
        h094  2 0.0026 0.0029 0.9838 0.0024 0.0032 0.0051 
        h095  2 0.0020 0.0019 0.9879 0.0018 0.0032 0.0033 
        h096  2 0.0042 0.0035 0.9809 0.0044 0.0043 0.0027 
        h097  2 0.0254 0.0063 0.9420 0.0093 0.0113 0.0057 
        h098  2 0.0031 0.0033 0.9815 0.0027 0.0029 0.0066 
        h099  2 0.0071 0.0056 0.9779 0.0030 0.0033 0.0031 
        h100  2 0.0029 0.0036 0.9798 0.0053 0.0042 0.0042 
        h101  2 0.0190 0.0042 0.9314 0.0200 0.0164 0.0091 
        h102  2 0.0053 0.0046 0.9782 0.0033 0.0040 0.0046 
        h103  2 0.0044 0.0040 0.9810 0.0041 0.0028 0.0036 
        h104  2 0.0054 0.0066 0.9692 0.0065 0.0090 0.0033 
        h105  2 0.0023 0.0042 0.9868 0.0029 0.0020 0.0017 
        h106  2 0.0038 0.0030 0.9826 0.0066 0.0023 0.0017 
        h107  2 0.0026 0.0028 0.9853 0.0040 0.0029 0.0024 
        h108  2 0.0025 0.0029 0.9855 0.0038 0.0021 0.0031 
        h109  2 0.0025 0.0049 0.9859 0.0025 0.0018 0.0024 
        h110  2 0.0209 0.0036 0.8748 0.0097 0.0559 0.0351 
        h111  2 0.0052 0.0028 0.9760 0.0031 0.0054 0.0075 
        h112  2 0.0021 0.0021 0.9887 0.0023 0.0022 0.0025 
        h113  2 0.0047 0.0034 0.9779 0.0058 0.0043 0.0039 
        h114  2 0.0027 0.0020 0.9871 0.0023 0.0030 0.0029 
        h115  2 0.0172 0.0071 0.9306 0.0233 0.0163 0.0054 
        h116  2 0.0043 0.0056 0.9783 0.0056 0.0033 0.0031 
        h117  2 0.0038 0.0049 0.9820 0.0042 0.0030 0.0022 
        h118  2 0.0033 0.0029 0.9742 0.0038 0.0056 0.0101 
        h119  2 0.0024 0.0017 0.9837 0.0022 0.0043 0.0057 
        h120  2 0.0045 0.0042 0.9785 0.0078 0.0023 0.0026 
        h121  2 0.0056 0.0061 0.9722 0.0082 0.0052 0.0028 
        h122  2 0.0027 0.0056 0.9821 0.0027 0.0042 0.0026 
        h123  2 0.0092 0.0047 0.8433 0.1149 0.0227 0.0052 
        h124  2 0.0039 0.0057 0.9792 0.0042 0.0033 0.0036 
        h125  2 0.0024 0.0037 0.9860 0.0027 0.0025 0.0028 
        h126  2 0.0037 0.0068 0.9822 0.0024 0.0025 0.0024 
        h127  2 0.0025 0.0054 0.9840 0.0024 0.0026 0.0031 
        h128  2 0.0048 0.0026 0.9818 0.0036 0.0031 0.0041 
        h129  2 0.0026 0.0020 0.9895 0.0024 0.0020 0.0015 
        h130  2 0.0022 0.0020 0.9894 0.0023 0.0023 0.0019 
        h131  2 0.0065 0.0076 0.9660 0.0064 0.0068 0.0067 
        h132  2 0.0165 0.0133 0.9326 0.0121 0.0202 0.0053 
        h133  2 0.0069 0.0055 0.9769 0.0045 0.0028 0.0034 
        h134  2 0.0027 0.0162 0.9645 0.0052 0.0047 0.0068 
        h135  2 0.0048 0.0229 0.9109 0.0053 0.0074 0.0487 
        h136  2 0.0029 0.0098 0.9792 0.0030 0.0032 0.0019 
        h137  2 0.0080 0.0035 0.9722 0.0082 0.0051 0.0030 
        h138  2 0.0068 0.0302 0.9385 0.0077 0.0070 0.0098 
        h139  2 0.0029 0.0023 0.9868 0.0031 0.0029 0.0020 
        h140  2 0.0031 0.0034 0.9852 0.0022 0.0037 0.0024 
        h141  2 0.0030 0.0032 0.9853 0.0028 0.0028 0.0029 
        h142  2 0.0122 0.0168 0.9485 0.0102 0.0102 0.0022 
        h143  2 0.0032 0.0022 0.9784 0.0043 0.0079 0.0039 
        h144  2 0.0022 0.0045 0.9865 0.0026 0.0019 0.0023 
        h145  2 0.0050 0.0029 0.9794 0.0046 0.0037 0.0044 
        h146  2 0.0053 0.0054 0.9743 0.0036 0.0040 0.0075 
        h147  2 0.0029 0.0039 0.9829 0.0022 0.0033 0.0047 
        h148  2 0.0080 0.0050 0.9501 0.0228 0.0102 0.0038 
        h149  2 0.0031 0.0079 0.9744 0.0044 0.0027 0.0075 
        h150  2 0.0031 0.0043 0.9695 0.0135 0.0026 0.0071 
        h151  2 0.0032 0.0020 0.9801 0.0024 0.0076 0.0047 
        h152  2 0.0050 0.0042 0.9726 0.0045 0.0071 0.0066 
        h153  2 0.0135 0.0029 0.9017 0.0269 0.0470 0.0079 
        h154  2 0.0031 0.0039 0.9845 0.0018 0.0030 0.0035 
        h155  2 0.0028 0.0025 0.9865 0.0020 0.0019 0.0044 
        h156  2 0.0042 0.0024 0.9844 0.0026 0.0036 0.0027 
        h157  2 0.0030 0.0025 0.9759 0.0032 0.0036 0.0117 
        h158  2 0.0148 0.0045 0.9312 0.0144 0.0216 0.0135 
        h159  2 0.0031 0.0026 0.9825 0.0046 0.0039 0.0033 
        h160  2 0.0084 0.0027 0.9710 0.0111 0.0035 0.0033 
        h161  2 0.0093 0.0023 0.9721 0.0061 0.0082 0.0021 
        h162  2 0.0024 0.0026 0.9883 0.0024 0.0020 0.0022 
        h163  2 0.0048 0.0042 0.9824 0.0034 0.0029 0.0024 
        h164  2 0.0037 0.0035 0.9806 0.0035 0.0051 0.0036 
        h165  2 0.0036 0.0025 0.9645 0.0043 0.0208 0.0044 
        h166  2 0.0033 0.0035 0.9804 0.0038 0.0054 0.0036 
        h167  2 0.0037 0.1288 0.8570 0.0029 0.0051 0.0024 
        h168  2 0.0069 0.0026 0.9739 0.0042 0.0030 0.0093 
        h169  2 0.0026 0.0039 0.9848 0.0022 0.0035 0.0031 
        h170  2 0.0096 0.0051 0.9740 0.0033 0.0038 0.0043 
        h171  2 0.0081 0.0753 0.8889 0.0049 0.0100 0.0128 
        h172  2 0.0045 0.0043 0.9788 0.0038 0.0057 0.0029 
        h173  2 0.0038 0.0031 0.9812 0.0026 0.0053 0.0040 
        h174  2 0.0054 0.0035 0.9651 0.0048 0.0052 0.0161 
        h175  2 0.0025 0.0033 0.9831 0.0027 0.0026 0.0058 
        h176  2 0.0141 0.0025 0.9627 0.0038 0.0131 0.0039 
        h177  2 0.0033 0.0025 0.9841 0.0032 0.0044 0.0024 
        h178  2 0.0051 0.0058 0.9791 0.0053 0.0027 0.0019 
        h179  2 0.0032 0.0033 0.9855 0.0035 0.0023 0.0022 
        h180  2 0.0031 0.0036 0.9817 0.0044 0.0046 0.0026 
        h181  2 0.0075 0.0034 0.9195 0.0410 0.0188 0.0099 
        h182  2 0.0030 0.0027 0.9545 0.0035 0.0049 0.0314 
        h183  2 0.0022 0.0019 0.9875 0.0042 0.0024 0.0018 
        h184  2 0.0273 0.0125 0.8878 0.0232 0.0367 0.0124 
        h185  2 0.0078 0.0058 0.9496 0.0131 0.0203 0.0033 
        h186  2 0.0056 0.0027 0.9732 0.0109 0.0056 0.0020 
        h187  2 0.0101 0.0072 0.9522 0.0132 0.0151 0.0021 
        h188  2 0.0076 0.0169 0.9598 0.0048 0.0056 0.0053 
        h189  2 0.0043 0.0059 0.9770 0.0055 0.0028 0.0046 
        h190  2 0.0037 0.0053 0.9833 0.0027 0.0028 0.0022 
        h191  2 0.0033 0.0044 0.9766 0.0034 0.0054 0.0069 
        h192  2 0.0029 0.0130 0.9718 0.0047 0.0039 0.0036 
        h193  2 0.0048 0.0023 0.9811 0.0064 0.0032 0.0021 
        h194  2 0.0033 0.0053 0.9810 0.0042 0.0042 0.0020 
        h195  2 0.0040 0.0055 0.9774 0.0058 0.0040 0.0032 
        h196  2 0.0054 0.0092 0.9623 0.0122 0.0056 0.0053 
        h197  2 0.0024 0.0022 0.9867 0.0019 0.0025 0.0042 
        h198  2 0.0032 0.0041 0.9851 0.0030 0.0023 0.0023 
        h199  2 0.0066 0.0168 0.9556 0.0064 0.0093 0.0052 
        h200  2 0.0040 0.0029 0.9680 0.0023 0.0155 0.0074 
      MSV1TX  3 0.0063 0.0030 0.5651 0.0048 0.4158 0.0049 
      MSV025  3 0.0714 0.0072 0.2644 0.0208 0.6072 0.0290 
      MSV02C  3 0.0045 0.0147 0.4326 0.0122 0.5270 0.0090 
      MSV02E  3 0.0155 0.0037 0.3326 0.1585 0.4817 0.0079 
      MSV0TF  3 0.0298 0.0017 0.3289 0.0073 0.6206 0.0118 
       M2EL8  3 0.0072 0.0081 0.2022 0.0126 0.7427 0.0272 
      h00115  4 0.0123 0.0150 0.7240 0.0133 0.2279 0.0076 
      h00215  4 0.0847 0.0029 0.4454 0.0213 0.4339 0.0117 
      h00315  4 0.0037 0.0029 0.3642 0.0044 0.6206 0.0042 
      h00415  4 0.0203 0.0047 0.6130 0.0077 0.3474 0.0070 
      h00515  4 0.0191 0.0082 0.5845 0.0073 0.3771 0.0038 
      h00615  4 0.0105 0.0075 0.2775 0.0197 0.6617 0.0230 
      h00715  4 0.0028 0.0024 0.4261 0.0031 0.5597 0.0058 
      h00815  4 0.0110 0.0068 0.4435 0.0519 0.4824 0.0044 
      h00915  4 0.0532 0.0054 0.7185 0.0157 0.1065 0.1007 
      h01015  4 0.0142 0.0031 0.5318 0.0076 0.4372 0.0060 
      h01115  4 0.0050 0.0042 0.3206 0.0026 0.6642 0.0033 
      h01215  4 0.0174 0.0034 0.6311 0.0091 0.3340 0.0050 
      h01315  4 0.0169 0.0021 0.3617 0.0039 0.5958 0.0196 
      h01415  4 0.0139 0.0069 0.4725 0.0057 0.4965 0.0045 
      h01515  4 0.0063 0.0048 0.2967 0.0118 0.6754 0.0051 
      h01615  4 0.0157 0.0269 0.5206 0.0029 0.4298 0.0042 
      h01715  4 0.0044 0.0033 0.5266 0.0053 0.4534 0.0069 
      h01815  4 0.0053 0.0208 0.4942 0.0075 0.4504 0.0218 
      h01915  4 0.0037 0.0127 0.6088 0.0039 0.3669 0.0039 
      h02015  4 0.0110 0.0039 0.5545 0.0063 0.4172 0.0071 
      h02115  4 0.0135 0.0091 0.2670 0.0058 0.7001 0.0044 
      h02215  4 0.0425 0.0183 0.3934 0.0194 0.5189 0.0074 
      h02315  4 0.0051 0.0026 0.5228 0.0126 0.4525 0.0044 
      h02415  4 0.0063 0.0172 0.3894 0.0058 0.5768 0.0045 
      h02515  4 0.0041 0.0052 0.3451 0.0031 0.6382 0.0043 
      h02615  4 0.0035 0.0022 0.2481 0.0166 0.4457 0.2839 
      h02715  4 0.0052 0.0028 0.3743 0.0040 0.6075 0.0062 
      h02815  4 0.0082 0.0123 0.5796 0.0058 0.3829 0.0112 
      h02915  4 0.0160 0.0019 0.6271 0.0046 0.3230 0.0274 
      h03015  4 0.0037 0.0022 0.5049 0.0033 0.4829 0.0031 
      h03115  4 0.0043 0.0045 0.4918 0.0038 0.4848 0.0107 
      h03215  4 0.0210 0.0052 0.2718 0.0055 0.6880 0.0085 
      h03315  4 0.0057 0.0051 0.3860 0.0135 0.5865 0.0032 
      h03415  4 0.0082 0.0050 0.5245 0.0175 0.4037 0.0411 
      h03515  4 0.0131 0.0024 0.5116 0.0084 0.4571 0.0075 
      h03615  4 0.1096 0.0028 0.1905 0.0378 0.5429 0.1164 
      h03715  4 0.0134 0.0041 0.4437 0.0738 0.4531 0.0119 
      h03815  4 0.0091 0.0065 0.4984 0.0145 0.4664 0.0051 
      h03915  4 0.0089 0.0137 0.3107 0.0068 0.6538 0.0062 
      h04015  4 0.0162 0.0064 0.3066 0.0148 0.6460 0.0101 
      h04115  4 0.0081 0.0037 0.4459 0.0033 0.5307 0.0082 
      h04215  4 0.0048 0.0278 0.4584 0.0035 0.4982 0.0074 
      h04315  4 0.3686 0.0089 0.4497 0.0049 0.1511 0.0169 
      h04415  4 0.0124 0.0185 0.3645 0.0056 0.5881 0.0110 
      h04515  4 0.0072 0.0024 0.4633 0.0057 0.5179 0.0035 
      h04615  4 0.0086 0.0038 0.3599 0.0073 0.6175 0.0029 
      h04715  4 0.0087 0.0037 0.5359 0.0064 0.4419 0.0034 
      h04815  4 0.0081 0.0039 0.5462 0.0033 0.4328 0.0057 
      h04915  4 0.0079 0.0036 0.4490 0.0041 0.5310 0.0044 
      h05015  4 0.0081 0.0059 0.5885 0.0034 0.3866 0.0075 
      h05115  4 0.0039 0.0057 0.1326 0.0103 0.8404 0.0071 
      h05215  4 0.0046 0.0084 0.3504 0.0097 0.5794 0.0475 
      h05315  4 0.0386 0.0062 0.5383 0.0275 0.3820 0.0074 
      h05415  4 0.0031 0.0024 0.4578 0.0058 0.4626 0.0683 
      h05515  4 0.0069 0.0037 0.5362 0.0287 0.4101 0.0143 
      h05615  4 0.0056 0.0087 0.3966 0.0050 0.5811 0.0031 
      h05715  4 0.0047 0.0068 0.4630 0.0189 0.5035 0.0031 
      h05815  4 0.0058 0.0020 0.4367 0.0035 0.5467 0.0054 
      h05915  4 0.0084 0.0034 0.4821 0.0031 0.4978 0.0052 
      h06015  4 0.0180 0.0138 0.4880 0.0059 0.4634 0.0109 
      h06115  4 0.0141 0.0088 0.3797 0.0035 0.5909 0.0030 
      h06215  4 0.0060 0.0053 0.4719 0.0022 0.5057 0.0089 
      h06315  4 0.0034 0.0039 0.2722 0.0036 0.7144 0.0024 
      h06415  4 0.0494 0.0131 0.6328 0.0453 0.2464 0.0129 
      h06515  4 0.0055 0.0398 0.4720 0.0107 0.4626 0.0094 
      h06615  4 0.0185 0.0045 0.4364 0.0070 0.5211 0.0126 
      h06715  4 0.1089 0.0066 0.4509 0.0062 0.4216 0.0059 
      h06815  4 0.0093 0.0049 0.7037 0.0033 0.2760 0.0028 
      h06915  4 0.0070 0.0026 0.4151 0.0046 0.5602 0.0104 
      h07015  4 0.0197 0.0026 0.4906 0.0047 0.4733 0.0091 
      h07115  4 0.0309 0.0099 0.4573 0.0615 0.4342 0.0062 
      h07215  4 0.0085 0.0078 0.4172 0.0073 0.5493 0.0098 
      h07315  4 0.0089 0.0100 0.4258 0.0205 0.5312 0.0037 
      h07415  4 0.0057 0.0032 0.4021 0.0030 0.5810 0.0051 
      h07515  4 0.0078 0.0021 0.4283 0.0054 0.5502 0.0061 
      h07615  4 0.0252 0.0062 0.4021 0.0300 0.5320 0.0044 
      h07715  4 0.0302 0.0182 0.0229 0.0067 0.9155 0.0064 
      h07815  4 0.0148 0.0224 0.3234 0.0207 0.5972 0.0214 
      h07915  4 0.0045 0.2228 0.0831 0.0044 0.6798 0.0053 
      h08015  4 0.0148 0.0060 0.6574 0.0072 0.2911 0.0235 
      h08115  4 0.0107 0.0045 0.5036 0.0044 0.4685 0.0083 
      h08215  4 0.0239 0.0180 0.2729 0.0056 0.6741 0.0056 
      h08315  4 0.0035 0.0043 0.4419 0.0039 0.5416 0.0049 
      h08415  4 0.0353 0.0100 0.5851 0.0207 0.3392 0.0096 
      h08515  4 0.0036 0.0022 0.5353 0.0044 0.4493 0.0053 
      h08615  4 0.0152 0.0083 0.3468 0.0044 0.6218 0.0035 
      h08715  4 0.0042 0.0038 0.4296 0.0057 0.5533 0.0034 
      h08815  4 0.0052 0.0040 0.4999 0.0037 0.4773 0.0099 
      h08915  4 0.0079 0.0030 0.4381 0.0158 0.5231 0.0122 
      h09015  4 0.0306 0.0075 0.3708 0.0063 0.5519 0.0329 
      h09115  4 0.0717 0.0025 0.3581 0.0242 0.4794 0.0642 
      h09215  4 0.0122 0.0485 0.4222 0.0059 0.5083 0.0029 
      h09315  4 0.0051 0.0046 0.3840 0.0054 0.5986 0.0023 
      h09415  4 0.0289 0.0041 0.4483 0.0075 0.4929 0.0184 
      h09515  4 0.0100 0.0052 0.4555 0.0128 0.5106 0.0059 
      h09615  4 0.1511 0.0194 0.5318 0.1189 0.1662 0.0126 
      h09715  4 0.0065 0.0076 0.4630 0.0100 0.5044 0.0085 
      h09815  4 0.0082 0.0238 0.4696 0.0055 0.4896 0.0033 
      h09915  4 0.0136 0.0080 0.3671 0.0037 0.6031 0.0044 
      h10015  4 0.0665 0.0034 0.4283 0.0051 0.4469 0.0500 
      h00131  5 0.5328 0.0029 0.4226 0.0061 0.0288 0.0067 
      h00231  5 0.4819 0.0179 0.4854 0.0042 0.0055 0.0051 
      h00331  5 0.5732 0.0021 0.4168 0.0033 0.0029 0.0017 
      h00431  5 0.5982 0.0057 0.3736 0.0089 0.0051 0.0086 
      h00531  5 0.3862 0.0054 0.5723 0.0188 0.0069 0.0104 
      h00631  5 0.5931 0.0156 0.3443 0.0116 0.0316 0.0039 
      h00731  5 0.4832 0.0321 0.4561 0.0088 0.0137 0.0061 
      h00831  5 0.5392 0.0064 0.4226 0.0036 0.0187 0.0095 
      h00931  5 0.4392 0.0051 0.5235 0.0025 0.0101 0.0197 
      h01031  5 0.3974 0.0137 0.5683 0.0124 0.0041 0.0041 
      h01131  5 0.6195 0.0160 0.2970 0.0491 0.0055 0.0130 
      h01231  5 0.5293 0.0143 0.4278 0.0123 0.0112 0.0050 
      h01331  5 0.4821 0.0148 0.4717 0.0221 0.0061 0.0032 
      h01431  5 0.5517 0.0312 0.3994 0.0045 0.0086 0.0045 
      h01531  5 0.3163 0.0056 0.5240 0.0160 0.1348 0.0034 
      h01631  5 0.3617 0.0035 0.6078 0.0092 0.0118 0.0060 
      h01731  5 0.4768 0.0032 0.4823 0.0059 0.0241 0.0076 
      h01831  5 0.5351 0.0032 0.4228 0.0109 0.0092 0.0188 
      h01931  5 0.5007 0.0025 0.4794 0.0026 0.0108 0.0039 
      h02031  5 0.4328 0.0026 0.5454 0.0047 0.0077 0.0068 
      h02131  5 0.5764 0.0083 0.3943 0.0087 0.0083 0.0041 
      h02231  5 0.3089 0.0210 0.4965 0.1527 0.0096 0.0113 
      h02331  5 0.4862 0.0085 0.4558 0.0151 0.0280 0.0064 
      h02431  5 0.4482 0.0043 0.5193 0.0049 0.0050 0.0183 
      h02531  5 0.3613 0.0029 0.5782 0.0299 0.0160 0.0117 
      h02631  5 0.4243 0.0033 0.5353 0.0047 0.0290 0.0034 
      h02731  5 0.3771 0.0401 0.5616 0.0088 0.0079 0.0045 
      h02831  5 0.4585 0.0042 0.4985 0.0043 0.0272 0.0073 
      h02931  5 0.3930 0.0063 0.5749 0.0050 0.0126 0.0083 
      h03031  5 0.4583 0.0435 0.4426 0.0352 0.0062 0.0143 
      h03131  5 0.5209 0.0040 0.4604 0.0060 0.0036 0.0052 
      h03231  5 0.4968 0.0084 0.4663 0.0127 0.0109 0.0049 
      h03331  5 0.5110 0.0100 0.4216 0.0088 0.0444 0.0041 
      h03431  5 0.5670 0.0158 0.3976 0.0063 0.0080 0.0054 
      h03531  5 0.2659 0.0132 0.5761 0.0477 0.0873 0.0097 
      h03631  5 0.5434 0.0046 0.3948 0.0072 0.0095 0.0406 
      h03731  5 0.2412 0.0046 0.5791 0.0069 0.1636 0.0047 
      h03831  5 0.4322 0.0048 0.5484 0.0033 0.0086 0.0027 
      h03931  5 0.5006 0.0101 0.4639 0.0131 0.0093 0.0030 
      h04031  5 0.5557 0.0082 0.4183 0.0081 0.0035 0.0062 
      h04131  5 0.4384 0.0022 0.5430 0.0063 0.0052 0.0048 
      h04231  5 0.4788 0.0322 0.4260 0.0452 0.0120 0.0059 
      h04331  5 0.6300 0.0062 0.3377 0.0045 0.0113 0.0103 
      h04431  5 0.5282 0.0036 0.4426 0.0082 0.0098 0.0076 
      h04531  5 0.6707 0.0103 0.2738 0.0098 0.0316 0.0038 
      h04631  5 0.4530 0.0088 0.5192 0.0043 0.0058 0.0089 
      h04731  5 0.4065 0.0066 0.5377 0.0066 0.0400 0.0027 
      h04831  5 0.4965 0.0324 0.4618 0.0044 0.0030 0.0020 
      h04931  5 0.3168 0.0052 0.5982 0.0179 0.0055 0.0565 
      h05031  5 0.4789 0.0075 0.4834 0.0033 0.0178 0.0090 
      h05131  5 0.2618 0.0046 0.5499 0.0150 0.1492 0.0194 
      h05231  5 0.5103 0.0145 0.4619 0.0042 0.0049 0.0042 
      h05331  5 0.3153 0.0043 0.6136 0.0108 0.0316 0.0244 
      h05431  5 0.5928 0.0133 0.3635 0.0239 0.0042 0.0024 
      h05531  5 0.5471 0.0071 0.4328 0.0053 0.0031 0.0045 
      h05631  5 0.6211 0.0027 0.3385 0.0045 0.0127 0.0205 
      h05731  5 0.5661 0.0044 0.4029 0.0042 0.0181 0.0044 
      h05831  5 0.4452 0.0073 0.5208 0.0064 0.0125 0.0078 
      h05931  5 0.5274 0.0127 0.4218 0.0122 0.0207 0.0052 
      h06031  5 0.7500 0.0036 0.2194 0.0049 0.0077 0.0144 
      h06131  5 0.3494 0.0035 0.6320 0.0051 0.0040 0.0060 
      h06231  5 0.5990 0.0177 0.3661 0.0074 0.0047 0.0053 
      h06331  5 0.7311 0.0105 0.1383 0.0744 0.0061 0.0395 
      h06431  5 0.3365 0.0024 0.6334 0.0090 0.0071 0.0114 
      h06531  5 0.6763 0.0062 0.2904 0.0152 0.0075 0.0045 
      h06631  5 0.5398 0.0043 0.4049 0.0384 0.0094 0.0032 
      h06731  5 0.4972 0.0129 0.4652 0.0054 0.0116 0.0077 
      h06831  5 0.6556 0.0036 0.3130 0.0068 0.0157 0.0054 
      h06931  5 0.5480 0.0124 0.4202 0.0050 0.0112 0.0032 
      h07031  5 0.6397 0.0163 0.3249 0.0077 0.0077 0.0037 
      h07131  5 0.3607 0.0028 0.6164 0.0051 0.0063 0.0087 
      h07231  5 0.6865 0.0043 0.2716 0.0133 0.0186 0.0058 
      h07331  5 0.2698 0.0113 0.5160 0.0323 0.1422 0.0283 
      h07431  5 0.5195 0.0270 0.4234 0.0106 0.0071 0.0124 
      h07531  5 0.2934 0.0052 0.6714 0.0067 0.0139 0.0094 
      h07631  5 0.5248 0.0032 0.4597 0.0033 0.0043 0.0047 
      h07731  5 0.4880 0.0022 0.4939 0.0034 0.0042 0.0082 
      h07831  5 0.3564 0.0053 0.6258 0.0046 0.0037 0.0041 
      h07931  5 0.7067 0.0073 0.2611 0.0066 0.0055 0.0129 
      h08031  5 0.5690 0.0481 0.3662 0.0068 0.0059 0.0040 
      h08131  5 0.3807 0.0061 0.4535 0.0054 0.0258 0.1285 
      h08231  5 0.6431 0.0038 0.3369 0.0069 0.0048 0.0045 
      h08331  5 0.1114 0.0106 0.6662 0.1731 0.0066 0.0321 
      h08431  5 0.5134 0.0031 0.4703 0.0056 0.0034 0.0042 
      h08531  5 0.3057 0.1311 0.4797 0.0067 0.0324 0.0444 
      h08631  5 0.4814 0.0040 0.4308 0.0196 0.0604 0.0037 
      h08731  5 0.4028 0.0187 0.5153 0.0272 0.0194 0.0165 
      h08831  5 0.5649 0.0038 0.4204 0.0044 0.0045 0.0019 
      h08931  5 0.8190 0.0040 0.1108 0.0397 0.0176 0.0090 
      h09031  5 0.5370 0.0259 0.4138 0.0045 0.0115 0.0074 
      h09131  5 0.5263 0.0080 0.4379 0.0059 0.0145 0.0075 
      h09231  5 0.3041 0.0080 0.6652 0.0115 0.0054 0.0058 
      h09331  5 0.2521 0.0055 0.7153 0.0076 0.0142 0.0054 
      h09431  5 0.4367 0.0037 0.5269 0.0069 0.0212 0.0045 
      h09531  5 0.4281 0.0369 0.4657 0.0364 0.0262 0.0068 
      h09631  5 0.5125 0.0033 0.4683 0.0095 0.0042 0.0022 
      h09731  5 0.3228 0.0029 0.6048 0.0206 0.0456 0.0033 
      h09831  5 0.1855 0.0069 0.6269 0.0540 0.1228 0.0039 
      h09931  5 0.5330 0.0121 0.3943 0.0163 0.0102 0.0341 
      h10031  5 0.6029 0.0059 0.3765 0.0058 0.0072 0.0017 
       h0016  6 0.0126 0.0076 0.4442 0.0215 0.0195 0.4945 
       h0026  6 0.0171 0.0159 0.3210 0.0056 0.0067 0.6336 
       h0036  6 0.0039 0.0040 0.5325 0.0034 0.0034 0.4528 
       h0046  6 0.0081 0.0425 0.4833 0.0078 0.0068 0.4514 
       h0056  6 0.0138 0.0032 0.4941 0.0134 0.0244 0.4511 
       h0066  6 0.0181 0.0065 0.6420 0.0090 0.0141 0.3103 
       h0076  6 0.0051 0.0088 0.4682 0.0051 0.0032 0.5096 
       h0086  6 0.0045 0.0037 0.4569 0.0058 0.0041 0.5250 
       h0096  6 0.0029 0.0058 0.5233 0.0072 0.0040 0.4567 
       h0106  6 0.0024 0.0027 0.4164 0.0025 0.0037 0.5724 
       h0116  6 0.0098 0.0059 0.3853 0.0056 0.0142 0.5793 
       h0126  6 0.0047 0.0027 0.4448 0.0042 0.0027 0.5409 
       h0136  6 0.0022 0.0023 0.5740 0.0037 0.0051 0.4127 
       h0146  6 0.0350 0.0058 0.2772 0.0099 0.0298 0.6422 
       h0156  6 0.0032 0.0026 0.5524 0.0034 0.0040 0.4344 
       h0166  6 0.0049 0.0138 0.4076 0.0047 0.0122 0.5568 
       h0176  6 0.0124 0.0662 0.5277 0.0092 0.0176 0.3670 
       h0186  6 0.0268 0.0029 0.3740 0.0045 0.0050 0.5868 
       h0196  6 0.0123 0.0019 0.4697 0.0056 0.0039 0.5067 
       h0206  6 0.0075 0.0042 0.5151 0.0049 0.0041 0.4643 
       h0216  6 0.0096 0.0092 0.5154 0.0047 0.0451 0.4161 
       h0226  6 0.0030 0.0158 0.4714 0.0025 0.0025 0.5048 
       h0236  6 0.0029 0.0023 0.4998 0.0030 0.0035 0.4885 
       h0246  6 0.0052 0.0067 0.5039 0.0039 0.0075 0.4727 
       h0256  6 0.0078 0.0036 0.4837 0.0106 0.0045 0.4898 
       h0266  6 0.0029 0.0036 0.6288 0.0033 0.0044 0.3570 
       h0276  6 0.0031 0.0030 0.5208 0.0034 0.0044 0.4654 
       h0286  6 0.1140 0.0116 0.2378 0.0396 0.2106 0.3864 
       h0296  6 0.0053 0.0055 0.5033 0.0056 0.0037 0.4766 
       h0306  6 0.0027 0.0031 0.4810 0.0102 0.0040 0.4989 
       h0316  6 0.0029 0.0025 0.5011 0.0070 0.0065 0.4801 
       h0326  6 0.0072 0.0051 0.5111 0.0055 0.0031 0.4679 
       h0336  6 0.0106 0.0027 0.3773 0.0032 0.0070 0.5992 
       h0346  6 0.0035 0.0042 0.4089 0.0030 0.0050 0.5754 
       h0356  6 0.0034 0.0079 0.4780 0.0046 0.0107 0.4954 
       h0366  6 0.0068 0.0072 0.3832 0.0087 0.0067 0.5873 
       h0376  6 0.0034 0.0162 0.5598 0.0024 0.0035 0.4147 
       h0386  6 0.0074 0.0038 0.4035 0.0257 0.0160 0.5436 
       h0396  6 0.0055 0.0046 0.5595 0.0082 0.0044 0.4177 
       h0406  6 0.0060 0.0022 0.4866 0.0113 0.0043 0.4895 
       h0416  6 0.0041 0.0038 0.3127 0.0039 0.0063 0.6691 
       h0426  6 0.0230 0.0094 0.5141 0.0583 0.0112 0.3841 
       h0436  6 0.0030 0.0037 0.5831 0.0023 0.0034 0.4046 
       h0446  6 0.0104 0.0024 0.5212 0.0040 0.0100 0.4520 
       h0456  6 0.0392 0.0046 0.4689 0.0120 0.0074 0.4680 
       h0466  6 0.0044 0.0037 0.5265 0.0081 0.0066 0.4507 
       h0476  6 0.0072 0.0031 0.4157 0.0096 0.0054 0.5590 
       h0486  6 0.0032 0.0034 0.5500 0.0047 0.0041 0.4347 
       h0496  6 0.0049 0.0037 0.6083 0.0038 0.0029 0.3762 
       h0506  6 0.0038 0.0058 0.3517 0.0031 0.0560 0.5796 
       h0516  6 0.0062 0.0743 0.4596 0.0042 0.0043 0.4514 
       h0526  6 0.0205 0.0169 0.5488 0.0103 0.0035 0.3999 
       h0536  6 0.0030 0.0023 0.3543 0.0041 0.0057 0.6305 
       h0546  6 0.0072 0.0036 0.4707 0.0050 0.0081 0.5053 
       h0556  6 0.0042 0.0060 0.4282 0.0064 0.0037 0.5515 
       h0566  6 0.0175 0.0059 0.4266 0.0029 0.0032 0.5439 
       h0576  6 0.0055 0.0047 0.4921 0.0048 0.0042 0.4886 
       h0586  6 0.0030 0.0057 0.5274 0.0029 0.0032 0.4578 
       h0596  6 0.0185 0.0043 0.4860 0.0102 0.0283 0.4526 
       h0606  6 0.0036 0.0039 0.3700 0.0200 0.0075 0.5949 
       h0616  6 0.0584 0.0095 0.3385 0.0073 0.0176 0.5687 
       h0626  6 0.0045 0.0033 0.5062 0.0103 0.0043 0.4713 
       h0636  6 0.0077 0.0034 0.4161 0.0025 0.0598 0.5105 
       h0646  6 0.0042 0.0051 0.5365 0.0050 0.0027 0.4467 
       h0656  6 0.0037 0.0023 0.4312 0.0037 0.0046 0.5544 
       h0666  6 0.0033 0.0038 0.5341 0.0033 0.0031 0.4524 
       h0676  6 0.0036 0.0040 0.5031 0.0035 0.0048 0.4811 
       h0686  6 0.0184 0.0060 0.3435 0.0106 0.0075 0.6140 
       h0696  6 0.0084 0.0088 0.5196 0.0054 0.0054 0.4525 
       h0706  6 0.0037 0.0035 0.5250 0.0031 0.0044 0.4603 
       h0716  6 0.0031 0.0056 0.5483 0.0027 0.0050 0.4353 
       h0726  6 0.0065 0.0022 0.4796 0.0043 0.0040 0.5035 
       h0736  6 0.0048 0.0030 0.5563 0.0034 0.0083 0.4241 
       h0746  6 0.0155 0.0097 0.6048 0.0167 0.0159 0.3373 
       h0756  6 0.0050 0.0020 0.4956 0.0057 0.0046 0.4871 
       h0766  6 0.0110 0.0150 0.5187 0.0084 0.0041 0.4429 
       h0776  6 0.0062 0.0065 0.4151 0.0038 0.0044 0.5640 
       h0786  6 0.0028 0.0022 0.3367 0.0027 0.0022 0.6533 
       h0796  6 0.0086 0.0071 0.5554 0.0041 0.0034 0.4214 
       h0806  6 0.0024 0.0028 0.5798 0.0025 0.0024 0.4102 
       h0816  6 0.0032 0.0091 0.5418 0.0091 0.0065 0.4303 
       h0826  6 0.0157 0.0050 0.3668 0.0072 0.0037 0.6015 
       h0836  6 0.0177 0.0108 0.4650 0.0054 0.0155 0.4857 
       h0846  6 0.0044 0.0149 0.4341 0.0034 0.0125 0.5308 
       h0856  6 0.0040 0.0032 0.5222 0.0029 0.0036 0.4641 
       h0866  6 0.0088 0.0246 0.5742 0.0139 0.0213 0.3572 
       h0876  6 0.0143 0.0063 0.4134 0.0055 0.0050 0.5555 
       h0886  6 0.0027 0.0031 0.4819 0.0043 0.0056 0.5023 
       h0896  6 0.0045 0.0043 0.4774 0.0023 0.0050 0.5065 
       h0906  6 0.0053 0.0033 0.4165 0.0182 0.0059 0.5508 
       h0916  6 0.0042 0.0029 0.4847 0.0022 0.0096 0.4964 
       h0926  6 0.0037 0.0021 0.4726 0.0027 0.0035 0.5153 
       h0936  6 0.0079 0.0037 0.4750 0.0110 0.0104 0.4919 
       h0946  6 0.0026 0.0023 0.4754 0.0093 0.0030 0.5075 
       h0956  6 0.0170 0.0063 0.2367 0.0054 0.0030 0.7316 
       h0966  6 0.0037 0.0025 0.3928 0.0025 0.0024 0.5961 
       h0976  6 0.0091 0.0101 0.5040 0.0104 0.0072 0.4591 
       h0986  6 0.0047 0.0024 0.4020 0.0055 0.0104 0.5749 
       h0996  6 0.0033 0.0102 0.4611 0.0040 0.0057 0.5157 
       h1006  6 0.0047 0.0022 0.6116 0.0029 0.0041 0.3746 
       h0019  7 0.0140 0.4483 0.5179 0.0048 0.0038 0.0111 
       h0029  7 0.0025 0.4872 0.5003 0.0029 0.0040 0.0031 
       h0039  7 0.0076 0.5557 0.4026 0.0058 0.0068 0.0216 
       h0049  7 0.0042 0.4507 0.5356 0.0038 0.0027 0.0029 
       h0059  7 0.0031 0.5988 0.3869 0.0056 0.0027 0.0028 
       h0069  7 0.0272 0.3766 0.5591 0.0214 0.0107 0.0051 
       h0079  7 0.0042 0.4236 0.5570 0.0031 0.0078 0.0043 
       h0089  7 0.0052 0.4562 0.5269 0.0050 0.0035 0.0032 
       h0099  7 0.0043 0.5296 0.4501 0.0030 0.0099 0.0032 
       h0109  7 0.0105 0.5825 0.3924 0.0068 0.0036 0.0042 
       h0119  7 0.0501 0.5325 0.3824 0.0042 0.0237 0.0071 
       h0129  7 0.0057 0.6290 0.3481 0.0085 0.0037 0.0050 
       h0139  7 0.0119 0.5510 0.3598 0.0071 0.0363 0.0338 
       h0149  7 0.0059 0.3995 0.5285 0.0520 0.0078 0.0062 
       h0159  7 0.0096 0.3951 0.5473 0.0220 0.0097 0.0162 
       h0169  7 0.0026 0.5130 0.4735 0.0045 0.0031 0.0033 
       h0179  7 0.0027 0.5446 0.4406 0.0035 0.0049 0.0037 
       h0189  7 0.0069 0.3437 0.3900 0.2456 0.0099 0.0040 
       h0199  7 0.0029 0.4272 0.5615 0.0030 0.0026 0.0029 
       h0209  7 0.0052 0.6028 0.3785 0.0076 0.0030 0.0029 
       h0219  7 0.0475 0.5017 0.4380 0.0062 0.0037 0.0030 
       h0229  7 0.0040 0.5784 0.4091 0.0028 0.0034 0.0022 
       h0239  7 0.0044 0.5232 0.4583 0.0054 0.0039 0.0048 
       h0249  7 0.0074 0.5883 0.3898 0.0054 0.0039 0.0052 
       h0259  7 0.0047 0.4908 0.4604 0.0164 0.0133 0.0143 
       h0269  7 0.1635 0.7274 0.0627 0.0307 0.0125 0.0032 
       h0279  7 0.0272 0.4128 0.4718 0.0096 0.0652 0.0133 
       h0289  7 0.0024 0.5333 0.4571 0.0021 0.0035 0.0017 
       h0299  7 0.0084 0.4956 0.4687 0.0094 0.0059 0.0120 
       h0309  7 0.0036 0.4343 0.5482 0.0078 0.0032 0.0029 
       h0319  7 0.0057 0.4713 0.5088 0.0045 0.0055 0.0042 
       h0329  7 0.0095 0.5386 0.4358 0.0071 0.0030 0.0060 
       h0339  7 0.0042 0.5446 0.4432 0.0030 0.0024 0.0027 
       h0349  7 0.0051 0.6104 0.3559 0.0085 0.0115 0.0086 
       h0359  7 0.0039 0.4694 0.5144 0.0049 0.0040 0.0035 
       h0369  7 0.0039 0.3734 0.6085 0.0041 0.0025 0.0075 
       h0379  7 0.0035 0.5221 0.4620 0.0052 0.0046 0.0026 
       h0389  7 0.0030 0.5288 0.4604 0.0029 0.0025 0.0025 
       h0399  7 0.0151 0.5119 0.4392 0.0117 0.0119 0.0101 
       h0409  7 0.0068 0.4619 0.5187 0.0036 0.0050 0.0041 
       h0419  7 0.0052 0.3883 0.5600 0.0142 0.0118 0.0204 
       h0429  7 0.0059 0.4353 0.5251 0.0094 0.0172 0.0072 
       h0439  7 0.0043 0.4946 0.4895 0.0037 0.0041 0.0037 
       h0449  7 0.0028 0.5228 0.4677 0.0028 0.0021 0.0019 
       h0459  7 0.0050 0.6613 0.3246 0.0028 0.0032 0.0030 
       h0469  7 0.0063 0.6052 0.3740 0.0040 0.0060 0.0045 
       h0479  7 0.0024 0.2736 0.7117 0.0026 0.0032 0.0065 
       h0489  7 0.0093 0.5773 0.3916 0.0062 0.0129 0.0028 
       h0499  7 0.0044 0.5168 0.4241 0.0468 0.0039 0.0039 
       h0509  7 0.0042 0.4532 0.5267 0.0062 0.0053 0.0044 
       h0519  7 0.0044 0.5135 0.4549 0.0044 0.0085 0.0143 
       h0529  7 0.0026 0.5436 0.4457 0.0023 0.0029 0.0030 
       h0539  7 0.0197 0.4715 0.4834 0.0045 0.0160 0.0048 
       h0549  7 0.0121 0.5082 0.4205 0.0052 0.0367 0.0172 
       h0559  7 0.0106 0.5079 0.4260 0.0246 0.0244 0.0065 
       h0569  7 0.0053 0.3869 0.5802 0.0038 0.0029 0.0209 
       h0579  7 0.0048 0.4757 0.5075 0.0044 0.0034 0.0041 
       h0589  7 0.0041 0.4787 0.5077 0.0033 0.0033 0.0028 
       h0599  7 0.0030 0.5528 0.4362 0.0027 0.0027 0.0027 
       h0609  7 0.0108 0.7019 0.1851 0.0357 0.0577 0.0089 
       h0619  7 0.0032 0.6930 0.2956 0.0038 0.0022 0.0022 
       h0629  7 0.0026 0.6563 0.3349 0.0026 0.0018 0.0018 
       h0639  7 0.0086 0.4008 0.5748 0.0067 0.0057 0.0034 
       h0649  7 0.0061 0.4329 0.5456 0.0066 0.0058 0.0029 
       h0659  7 0.0060 0.4216 0.5364 0.0047 0.0088 0.0225 
       h0669  7 0.0054 0.5457 0.4286 0.0033 0.0057 0.0112 
       h0679  7 0.0096 0.3466 0.6243 0.0058 0.0106 0.0031 
       h0689  7 0.0045 0.5396 0.4427 0.0058 0.0031 0.0043 
       h0699  7 0.0040 0.5418 0.4355 0.0071 0.0064 0.0053 
       h0709  7 0.0045 0.6409 0.3424 0.0040 0.0049 0.0032 
       h0719  7 0.0066 0.6040 0.3777 0.0050 0.0032 0.0034 
       h0729  7 0.0036 0.5261 0.4401 0.0144 0.0100 0.0057 
       h0739  7 0.0031 0.4418 0.5413 0.0071 0.0036 0.0030 
       h0749  7 0.0093 0.5585 0.4161 0.0037 0.0087 0.0036 
       h0759  7 0.0026 0.5375 0.4532 0.0027 0.0019 0.0020 
       h0769  7 0.0033 0.5302 0.4565 0.0035 0.0048 0.0017 
       h0779  7 0.0021 0.4014 0.5892 0.0027 0.0025 0.0021 
       h0789  7 0.0031 0.5831 0.4020 0.0069 0.0025 0.0024 
       h0799  7 0.0106 0.4695 0.4410 0.0542 0.0151 0.0096 
       h0809  7 0.0141 0.5482 0.4057 0.0041 0.0106 0.0173 
       h0819  7 0.0036 0.4255 0.5610 0.0032 0.0039 0.0027 
       h0829  7 0.0038 0.4408 0.5473 0.0036 0.0022 0.0024 
       h0839  7 0.0077 0.6361 0.3482 0.0037 0.0022 0.0021 
       h0849  7 0.0081 0.6105 0.3535 0.0031 0.0207 0.0041 
       h0859  7 0.0048 0.5409 0.4408 0.0051 0.0059 0.0024 
       h0869  7 0.0052 0.4391 0.5470 0.0028 0.0039 0.0020 
       h0879  7 0.0033 0.4227 0.5617 0.0026 0.0053 0.0043 
       h0889  7 0.0059 0.4511 0.5142 0.0110 0.0145 0.0034 
       h0899  7 0.0038 0.2828 0.7012 0.0060 0.0038 0.0025 
       h0909  7 0.0043 0.5920 0.3881 0.0031 0.0084 0.0040 
       h0919  7 0.0039 0.5123 0.4759 0.0031 0.0025 0.0022 
       h0929  7 0.0054 0.4818 0.4996 0.0034 0.0054 0.0044 
       h0939  7 0.0042 0.3829 0.5842 0.0069 0.0038 0.0180 
       h0949  7 0.0033 0.4725 0.5117 0.0048 0.0045 0.0031 
       h0959  7 0.0053 0.4414 0.5440 0.0036 0.0034 0.0022 
       h0969  7 0.0032 0.6227 0.3563 0.0051 0.0067 0.0060 
       h0979  7 0.0069 0.4997 0.4844 0.0045 0.0026 0.0020 
       h0989  7 0.0351 0.5045 0.4430 0.0080 0.0069 0.0025 
       h0999  7 0.0072 0.4770 0.4970 0.0038 0.0106 0.0043 
       h1009  7 0.0031 0.4722 0.5161 0.0033 0.0027 0.0026 
      h00112  8 0.0140 0.0049 0.3889 0.5842 0.0050 0.0029 
      h00212  8 0.0094 0.0076 0.3076 0.6085 0.0585 0.0083 
      h00312  8 0.0138 0.0316 0.6302 0.2235 0.0971 0.0038 
      h00412  8 0.0122 0.0108 0.3214 0.6355 0.0176 0.0026 
      h00512  8 0.0728 0.0517 0.5334 0.2676 0.0463 0.0281 
      h00612  8 0.0045 0.0975 0.4265 0.4592 0.0052 0.0071 
      h00712  8 0.0130 0.0048 0.4378 0.5236 0.0186 0.0023 
      h00812  8 0.0040 0.0023 0.3542 0.6300 0.0058 0.0037 
      h00912  8 0.0064 0.0059 0.5413 0.4394 0.0045 0.0026 
      h01012  8 0.0133 0.0034 0.3207 0.5094 0.1111 0.0422 
      h01112  8 0.0062 0.0068 0.4722 0.4979 0.0122 0.0048 
      h01212  8 0.0059 0.0079 0.4872 0.4885 0.0071 0.0036 
      h01312  8 0.0047 0.0028 0.4827 0.4987 0.0051 0.0060 
      h01412  8 0.1382 0.0034 0.6217 0.1431 0.0882 0.0054 
      h01512  8 0.0201 0.0033 0.6137 0.3254 0.0135 0.0240 
      h01612  8 0.0044 0.0052 0.3960 0.5871 0.0042 0.0031 
      h01712  8 0.0051 0.0056 0.4825 0.5009 0.0032 0.0026 
      h01812  8 0.0033 0.0032 0.4517 0.5328 0.0045 0.0044 
      h01912  8 0.0065 0.0115 0.4595 0.4837 0.0061 0.0327 
      h02012  8 0.0124 0.0047 0.3191 0.5844 0.0719 0.0075 
      h02112  8 0.0174 0.0106 0.3631 0.5885 0.0133 0.0071 
      h02212  8 0.0088 0.0037 0.2819 0.6787 0.0148 0.0121 
      h02312  8 0.0067 0.0076 0.4632 0.5061 0.0107 0.0057 
      h02412  8 0.0059 0.0054 0.5445 0.4359 0.0062 0.0021 
      h02512  8 0.0127 0.0213 0.4930 0.4562 0.0105 0.0062 
      h02612  8 0.0064 0.0056 0.4981 0.4830 0.0043 0.0026 
      h02712  8 0.0079 0.0034 0.5876 0.3928 0.0044 0.0039 
      h02812  8 0.0096 0.0029 0.3845 0.5890 0.0071 0.0068 
      h02912  8 0.0071 0.0072 0.5974 0.3400 0.0416 0.0067 
      h03012  8 0.0054 0.0039 0.4830 0.5008 0.0032 0.0037 
      h03112  8 0.0156 0.0037 0.5112 0.4393 0.0213 0.0089 
      h03212  8 0.0051 0.0034 0.4170 0.5576 0.0117 0.0052 
      h03312  8 0.0312 0.0047 0.5905 0.3435 0.0219 0.0082 
      h03412  8 0.0136 0.0084 0.4921 0.4758 0.0050 0.0051 
      h03512  8 0.0253 0.0052 0.3645 0.5906 0.0093 0.0051 
      h03612  8 0.0073 0.0047 0.4677 0.5106 0.0063 0.0034 
      h03712  8 0.0049 0.0038 0.4906 0.4850 0.0106 0.0050 
      h03812  8 0.0063 0.0091 0.4248 0.5511 0.0050 0.0035 
      h03912  8 0.0099 0.0036 0.4640 0.5170 0.0034 0.0021 
      h04012  8 0.0048 0.0270 0.5186 0.4414 0.0041 0.0041 
      h04112  8 0.0060 0.0072 0.4867 0.4862 0.0034 0.0105 
      h04212  8 0.0048 0.0041 0.4862 0.4913 0.0104 0.0031 
      h04312  8 0.0064 0.0042 0.3197 0.6208 0.0446 0.0043 
      h04412  8 0.0815 0.0029 0.6706 0.1849 0.0414 0.0187 
      h04512  8 0.0062 0.0158 0.2573 0.7110 0.0042 0.0056 
      h04612  8 0.0108 0.0138 0.5603 0.3808 0.0282 0.0061 
      h04712  8 0.0050 0.0040 0.5290 0.4541 0.0049 0.0029 
      h04812  8 0.0039 0.0030 0.5287 0.4560 0.0044 0.0040 
      h04912  8 0.0045 0.0025 0.4622 0.5230 0.0055 0.0023 
      h05012  8 0.0110 0.2106 0.5939 0.1597 0.0137 0.0111 
      h05112  8 0.0083 0.0208 0.4295 0.4910 0.0281 0.0222 
      h05212  8 0.0106 0.0118 0.4107 0.5444 0.0183 0.0043 
      h05312  8 0.0108 0.0117 0.6236 0.3116 0.0066 0.0357 
      h05412  8 0.0058 0.0055 0.4765 0.5028 0.0061 0.0033 
      h05512  8 0.0028 0.0032 0.2944 0.6910 0.0045 0.0041 
      h05612  8 0.0066 0.0073 0.5619 0.4092 0.0039 0.0112 
      h05712  8 0.0110 0.0225 0.6319 0.2610 0.0065 0.0671 
      h05812  8 0.0114 0.1981 0.3926 0.3916 0.0032 0.0031 
      h05912  8 0.0112 0.0029 0.3522 0.6008 0.0255 0.0075 
      h06012  8 0.0105 0.0038 0.4717 0.4988 0.0038 0.0114 
      h06112  8 0.0122 0.0023 0.5163 0.4511 0.0075 0.0106 
      h06212  8 0.0050 0.0054 0.4193 0.5606 0.0041 0.0057 
      h06312  8 0.0111 0.0274 0.4094 0.5413 0.0042 0.0066 
      h06412  8 0.0086 0.0123 0.4112 0.5564 0.0052 0.0062 
      h06512  8 0.0073 0.0080 0.4950 0.4805 0.0035 0.0057 
      h06612  8 0.0047 0.0160 0.4522 0.5138 0.0051 0.0082 
      h06712  8 0.0051 0.0041 0.4908 0.4924 0.0038 0.0038 
      h06812  8 0.0180 0.0041 0.5563 0.3707 0.0466 0.0043 
      h06912  8 0.0077 0.0073 0.3252 0.6335 0.0217 0.0046 
      h07012  8 0.0051 0.0039 0.4556 0.5242 0.0062 0.0049 
      h07112  8 0.0314 0.0122 0.1813 0.6848 0.0321 0.0582 
      h07212  8 0.0074 0.0030 0.4883 0.4904 0.0074 0.0034 
      h07312  8 0.0088 0.0044 0.4229 0.5514 0.0079 0.0047 
      h07412  8 0.0036 0.0032 0.4732 0.5069 0.0042 0.0088 
      h07512  8 0.0036 0.0034 0.4735 0.5077 0.0060 0.0058 
      h07612  8 0.0101 0.0200 0.5495 0.4076 0.0080 0.0048 
      h07712  8 0.0140 0.0046 0.4550 0.5090 0.0104 0.0070 
      h07812  8 0.0041 0.0031 0.5060 0.4774 0.0064 0.0031 
      h07912  8 0.0068 0.0148 0.4602 0.5097 0.0045 0.0039 
      h08012  8 0.0086 0.0046 0.5069 0.4727 0.0038 0.0034 
      h08112  8 0.0035 0.0046 0.4900 0.4966 0.0030 0.0024 
      h08212  8 0.0134 0.0311 0.4511 0.4920 0.0059 0.0066 
      h08312  8 0.0082 0.0042 0.3161 0.4321 0.1108 0.1287 
      h08412  8 0.0487 0.1674 0.4450 0.2985 0.0342 0.0062 
      h08512  8 0.0062 0.0061 0.5472 0.4344 0.0028 0.0034 
      h08612  8 0.0043 0.0045 0.4450 0.5387 0.0047 0.0028 
      h08712  8 0.0067 0.0043 0.4529 0.5257 0.0054 0.0052 
      h08812  8 0.0084 0.0029 0.1958 0.7836 0.0059 0.0034 
      h08912  8 0.0076 0.0072 0.4047 0.4864 0.0891 0.0050 
      h09012  8 0.0065 0.0054 0.4178 0.5303 0.0364 0.0036 
      h09112  8 0.0183 0.0056 0.5570 0.3923 0.0080 0.0189 
      h09212  8 0.0038 0.0048 0.4843 0.4994 0.0044 0.0033 
      h09312  8 0.0032 0.0032 0.4861 0.5005 0.0041 0.0029 
      h09412  8 0.0072 0.0063 0.3948 0.5766 0.0125 0.0026 
      h09512  8 0.0047 0.0056 0.5079 0.4603 0.0055 0.0159 
      h09612  8 0.0341 0.0064 0.3244 0.6185 0.0074 0.0092 
      h09712  8 0.0210 0.0032 0.4967 0.4292 0.0062 0.0437 
      h09812  8 0.0048 0.0051 0.3490 0.6336 0.0050 0.0026 
      h09912  8 0.0040 0.0782 0.4084 0.4980 0.0075 0.0039 
      h10012  8 0.0097 0.0046 0.4970 0.4585 0.0186 0.0116 
      MSV21T  9 0.0178 0.0376 0.0088 0.0134 0.9194 0.0030 
       M2E71  9 0.0849 0.0059 0.0470 0.1696 0.6883 0.0043 
      h00116 10 0.0073 0.0981 0.1507 0.0035 0.7362 0.0043 
      h00216 10 0.0155 0.0024 0.1006 0.0935 0.7835 0.0044 
      h00316 10 0.0967 0.0044 0.3057 0.0255 0.5609 0.0068 
      h00416 10 0.0055 0.0037 0.3424 0.0040 0.6360 0.0084 
      h00516 10 0.0041 0.0085 0.1408 0.0080 0.8337 0.0048 
      h00616 10 0.0226 0.0114 0.0172 0.0103 0.9238 0.0148 
      h00716 10 0.0062 0.0032 0.1221 0.0058 0.8590 0.0036 
      h00816 10 0.0046 0.0029 0.0057 0.0065 0.9766 0.0037 
      h00916 10 0.0144 0.0023 0.1001 0.0080 0.8453 0.0299 
      h01016 10 0.0576 0.0031 0.0181 0.0038 0.9065 0.0109 
      h01116 10 0.0058 0.0052 0.3007 0.0035 0.6791 0.0057 
      h01216 10 0.0042 0.0038 0.1064 0.0029 0.8769 0.0058 
      h01316 10 0.0081 0.0030 0.0226 0.0109 0.9536 0.0018 
      h01416 10 0.0388 0.0082 0.0466 0.0256 0.8727 0.0081 
      h01516 10 0.0051 0.0041 0.1024 0.0205 0.8623 0.0056 
      h01616 10 0.0034 0.0018 0.0388 0.0025 0.9494 0.0041 
      h01716 10 0.0674 0.0057 0.0559 0.0563 0.8105 0.0042 
      h01816 10 0.0222 0.0026 0.0208 0.0053 0.9467 0.0024 
      h01916 10 0.0089 0.0052 0.3517 0.0037 0.6248 0.0056 
      h02016 10 0.0222 0.0165 0.1598 0.0230 0.7465 0.0319 
      h02116 10 0.0085 0.0113 0.1763 0.0063 0.7913 0.0063 
      h02216 10 0.0383 0.2292 0.0337 0.0122 0.6789 0.0078 
      h02316 10 0.0059 0.0037 0.1792 0.0054 0.7938 0.0119 
      h02416 10 0.0259 0.0029 0.1474 0.0066 0.7943 0.0227 
      h02516 10 0.0106 0.0179 0.5171 0.0146 0.4336 0.0061 
      h02616 10 0.0251 0.0105 0.1128 0.0068 0.8407 0.0041 
      h02716 10 0.0060 0.0048 0.0183 0.0070 0.9609 0.0032 
      h02816 10 0.0407 0.0153 0.2301 0.0244 0.6789 0.0105 
      h02916 10 0.0040 0.0059 0.0621 0.0041 0.9120 0.0119 
      h03016 10 0.0077 0.0043 0.3504 0.0141 0.6190 0.0044 
      h03116 10 0.0057 0.0034 0.2147 0.0277 0.7403 0.0082 
      h03216 10 0.0058 0.0073 0.0638 0.0184 0.8943 0.0104 
      h03316 10 0.0036 0.0023 0.1862 0.0055 0.7956 0.0069 
      h03416 10 0.0095 0.0117 0.1107 0.0028 0.8590 0.0063 
      h03516 10 0.0271 0.0109 0.0935 0.0162 0.8476 0.0048 
      h03616 10 0.0040 0.0038 0.1814 0.0118 0.7729 0.0261 
      h03716 10 0.0171 0.0042 0.4630 0.0332 0.4782 0.0044 
      h03816 10 0.2103 0.0024 0.2634 0.0103 0.5072 0.0064 
      h03916 10 0.0092 0.0043 0.3554 0.0032 0.6193 0.0086 
      h04016 10 0.0116 0.0329 0.1098 0.0111 0.8276 0.0070 
      h04116 10 0.0074 0.0158 0.2153 0.0198 0.7383 0.0035 
      h04216 10 0.1638 0.0127 0.0339 0.0237 0.7598 0.0062 
      h04316 10 0.0069 0.0036 0.0035 0.0045 0.9732 0.0084 
      h04416 10 0.0105 0.0069 0.0237 0.0075 0.9465 0.0049 
      h04516 10 0.0059 0.0071 0.1476 0.0039 0.8312 0.0043 
      h04616 10 0.0063 0.0040 0.2115 0.0052 0.7701 0.0029 
      h04716 10 0.0518 0.0682 0.0391 0.0462 0.7801 0.0146 
      h04816 10 0.0093 0.0143 0.1211 0.0078 0.8391 0.0084 
      h04916 10 0.0167 0.0036 0.0351 0.0035 0.9325 0.0085 
      h05016 10 0.0637 0.0219 0.1511 0.0333 0.7163 0.0138 
      h05116 10 0.0074 0.0029 0.2196 0.0106 0.7541 0.0054 
      h05216 10 0.0034 0.0111 0.1155 0.0028 0.8635 0.0037 
      h05316 10 0.0161 0.0037 0.0717 0.0264 0.8783 0.0039 
      h05416 10 0.0085 0.0026 0.0702 0.0041 0.9082 0.0065 
      h05516 10 0.0053 0.0045 0.0291 0.0064 0.9222 0.0326 
      h05616 10 0.0158 0.0106 0.3674 0.0093 0.5875 0.0094 
      h05716 10 0.0225 0.0048 0.2131 0.0083 0.7463 0.0049 
      h05816 10 0.0082 0.0023 0.2164 0.0026 0.7672 0.0033 
      h05916 10 0.0052 0.0076 0.2488 0.0051 0.7130 0.0202 
      h06016 10 0.0077 0.0033 0.3158 0.0040 0.6562 0.0130 
      h06116 10 0.0110 0.0056 0.2051 0.0152 0.7535 0.0095 
      h06216 10 0.0091 0.0054 0.0094 0.0034 0.9691 0.0036 
      h06316 10 0.0501 0.0117 0.1891 0.0286 0.7164 0.0042 
      h06416 10 0.0390 0.0023 0.3933 0.0036 0.5329 0.0289 
      h06516 10 0.0049 0.0047 0.0174 0.0041 0.9634 0.0056 
      h06616 10 0.0227 0.0081 0.3475 0.0039 0.6112 0.0067 
      h06716 10 0.0044 0.0024 0.1395 0.0026 0.8476 0.0034 
      h06816 10 0.0056 0.0047 0.3022 0.0063 0.6683 0.0128 
      h06916 10 0.0292 0.0111 0.2322 0.0112 0.7076 0.0087 
      h07016 10 0.0095 0.0272 0.4079 0.0080 0.5351 0.0124 
      h07116 10 0.0074 0.0703 0.0213 0.0235 0.8679 0.0096 
      h07216 10 0.0049 0.0046 0.2418 0.0042 0.7420 0.0024 
      h07316 10 0.0142 0.0025 0.2572 0.0100 0.7034 0.0125 
      h07416 10 0.0298 0.0028 0.2163 0.0043 0.7428 0.0041 
      h07516 10 0.0042 0.0033 0.3577 0.0024 0.6278 0.0045 
      h07616 10 0.0125 0.0036 0.2233 0.0106 0.7464 0.0037 
      h07716 10 0.0883 0.0153 0.2679 0.0123 0.6090 0.0072 
      h07816 10 0.0126 0.0023 0.0042 0.0049 0.9420 0.0339 
      h07916 10 0.0307 0.0044 0.1773 0.0064 0.7716 0.0095 
      h08016 10 0.0071 0.0025 0.2401 0.0076 0.7393 0.0033 
      h08116 10 0.4863 0.0047 0.0035 0.0036 0.4968 0.0051 
      h08216 10 0.0221 0.0031 0.2910 0.0039 0.6760 0.0040 
      h08316 10 0.0529 0.0172 0.1687 0.0031 0.7480 0.0101 
      h08416 10 0.0245 0.0055 0.2611 0.0307 0.6752 0.0029 
      h08516 10 0.0147 0.0023 0.2116 0.0030 0.7524 0.0159 
      h08616 10 0.0201 0.0017 0.0254 0.0063 0.9409 0.0056 
      h08716 10 0.0040 0.0037 0.2488 0.0073 0.7317 0.0046 
      h08816 10 0.0107 0.0062 0.0458 0.0049 0.9268 0.0056 
      h08916 10 0.0211 0.0024 0.0574 0.0101 0.8879 0.0212 
      h09016 10 0.0568 0.0031 0.1869 0.0053 0.7427 0.0052 
      h09116 10 0.0440 0.0038 0.0935 0.0033 0.8502 0.0052 
      h09216 10 0.0060 0.0031 0.0061 0.0132 0.8328 0.1388 
      h09316 10 0.0138 0.0052 0.1725 0.0048 0.7853 0.0183 
      h09416 10 0.0559 0.0085 0.2287 0.0106 0.6906 0.0058 
      h09516 10 0.0797 0.0045 0.1485 0.0119 0.7495 0.0059 
      h09616 10 0.0219 0.0034 0.2793 0.0086 0.6831 0.0037 
      h09716 10 0.0055 0.0184 0.4332 0.0035 0.5277 0.0117 
      h09816 10 0.0046 0.0092 0.2310 0.0051 0.7472 0.0028 
      h09916 10 0.0142 0.0048 0.0910 0.0111 0.8708 0.0081 
      h10016 10 0.0068 0.0047 0.2884 0.0029 0.6878 0.0093 
      h00141 11 0.6876 0.0081 0.2462 0.0180 0.0072 0.0329 
      h00241 11 0.6586 0.0148 0.1162 0.0124 0.1882 0.0099 
      h00341 11 0.6660 0.0036 0.3105 0.0072 0.0092 0.0034 
      h00441 11 0.7953 0.0026 0.0955 0.0054 0.0189 0.0823 
      h00541 11 0.7113 0.0057 0.2670 0.0039 0.0094 0.0027 
      h00641 11 0.9066 0.0181 0.0067 0.0074 0.0081 0.0531 
      h00741 11 0.6443 0.0141 0.0896 0.2260 0.0191 0.0070 
      h00841 11 0.6757 0.0041 0.3003 0.0051 0.0062 0.0087 
      h00941 11 0.9762 0.0027 0.0053 0.0080 0.0056 0.0021 
      h01041 11 0.6966 0.0103 0.2630 0.0201 0.0057 0.0043 
      h01141 11 0.5874 0.0072 0.2875 0.0133 0.0676 0.0369 
      h01241 11 0.7739 0.0034 0.1458 0.0196 0.0518 0.0055 
      h01341 11 0.8360 0.0030 0.0980 0.0070 0.0489 0.0071 
      h01441 11 0.9325 0.0036 0.0296 0.0072 0.0036 0.0235 
      h01541 11 0.7942 0.0083 0.0085 0.0112 0.1267 0.0511 
      h01641 11 0.6843 0.0054 0.2692 0.0040 0.0258 0.0113 
      h01741 11 0.8611 0.0056 0.1190 0.0064 0.0040 0.0039 
      h01841 11 0.7618 0.0182 0.1603 0.0062 0.0496 0.0039 
      h01941 11 0.6264 0.0172 0.3003 0.0466 0.0056 0.0038 
      h02041 11 0.9235 0.0047 0.0364 0.0060 0.0132 0.0162 
      h02141 11 0.5896 0.0691 0.2766 0.0457 0.0141 0.0049 
      h02241 11 0.9043 0.0051 0.0069 0.0134 0.0498 0.0204 
      h02341 11 0.6478 0.0065 0.3335 0.0060 0.0038 0.0023 
      h02441 11 0.4896 0.0172 0.4836 0.0031 0.0026 0.0039 
      h02541 11 0.7062 0.0084 0.0455 0.0146 0.1816 0.0437 
      h02641 11 0.6190 0.0034 0.3469 0.0146 0.0118 0.0044 
      h02741 11 0.6533 0.0155 0.2900 0.0058 0.0286 0.0068 
      h02841 11 0.9327 0.0173 0.0259 0.0086 0.0103 0.0052 
      h02941 11 0.9564 0.0079 0.0168 0.0122 0.0036 0.0031 
      h03041 11 0.9006 0.0042 0.0788 0.0046 0.0047 0.0071 
      h03141 11 0.9088 0.0152 0.0621 0.0065 0.0037 0.0037 
      h03241 11 0.7110 0.0049 0.2636 0.0062 0.0091 0.0052 
      h03341 11 0.9312 0.0034 0.0117 0.0078 0.0078 0.0381 
      h03441 11 0.9730 0.0030 0.0101 0.0065 0.0039 0.0036 
      h03541 11 0.9212 0.0114 0.0476 0.0089 0.0081 0.0026 
      h03641 11 0.9036 0.0040 0.0739 0.0064 0.0057 0.0065 
      h03741 11 0.6766 0.0170 0.2845 0.0033 0.0160 0.0026 
      h03841 11 0.7277 0.0429 0.0655 0.0190 0.0661 0.0788 
      h03941 11 0.7950 0.0083 0.1848 0.0047 0.0052 0.0021 
      h04041 11 0.8209 0.0031 0.1493 0.0074 0.0132 0.0062 
      h04141 11 0.9326 0.0140 0.0339 0.0091 0.0066 0.0037 
      h04241 11 0.9224 0.0133 0.0475 0.0080 0.0051 0.0037 
      h04341 11 0.7804 0.0117 0.1738 0.0222 0.0061 0.0058 
      h04441 11 0.7972 0.0437 0.1197 0.0318 0.0045 0.0031 
      h04541 11 0.8292 0.0067 0.1280 0.0192 0.0126 0.0043 
      h04641 11 0.8368 0.0080 0.1353 0.0130 0.0043 0.0026 
      h04741 11 0.8958 0.0031 0.0710 0.0081 0.0140 0.0081 
      h04841 11 0.7400 0.1084 0.0901 0.0070 0.0513 0.0034 
      h04941 11 0.8647 0.0593 0.0620 0.0059 0.0035 0.0046 
      h05041 11 0.7920 0.0036 0.1900 0.0029 0.0078 0.0036 
      h05141 11 0.8873 0.0052 0.0520 0.0082 0.0439 0.0033 
      h05241 11 0.9693 0.0041 0.0092 0.0041 0.0070 0.0063 
      h05341 11 0.8672 0.0038 0.1010 0.0059 0.0187 0.0035 
      h05441 11 0.8518 0.0031 0.1272 0.0029 0.0116 0.0033 
      h05541 11 0.9326 0.0133 0.0126 0.0320 0.0054 0.0041 
      h05641 11 0.7360 0.0715 0.1451 0.0261 0.0186 0.0027 
      h05741 11 0.9160 0.0035 0.0487 0.0054 0.0218 0.0046 
      h05841 11 0.6918 0.0048 0.2552 0.0108 0.0207 0.0167 
      h05941 11 0.9384 0.0085 0.0236 0.0207 0.0045 0.0042 
      h06041 11 0.7738 0.0157 0.1667 0.0077 0.0190 0.0172 
      h06141 11 0.6929 0.0250 0.2635 0.0101 0.0043 0.0043 
      h06241 11 0.6312 0.0131 0.3414 0.0048 0.0044 0.0051 
      h06341 11 0.9491 0.0037 0.0054 0.0155 0.0184 0.0079 
      h06441 11 0.7378 0.0076 0.2235 0.0196 0.0068 0.0047 
      h06541 11 0.9058 0.0210 0.0489 0.0159 0.0051 0.0033 
      h06641 11 0.7045 0.0301 0.1097 0.0209 0.0826 0.0521 
      h06741 11 0.9790 0.0035 0.0035 0.0069 0.0044 0.0028 
      h06841 11 0.7318 0.0056 0.2440 0.0078 0.0078 0.0030 
      h06941 11 0.7793 0.0029 0.1826 0.0137 0.0104 0.0111 
      h07041 11 0.8728 0.0128 0.0730 0.0295 0.0079 0.0041 
      h07141 11 0.5591 0.0036 0.4254 0.0023 0.0059 0.0037 
      h07241 11 0.6738 0.0067 0.3023 0.0036 0.0070 0.0066 
      h07341 11 0.5690 0.0275 0.1990 0.0262 0.0596 0.1188 
      h07441 11 0.8307 0.0073 0.1412 0.0117 0.0039 0.0052 
      h07541 11 0.7079 0.0228 0.2488 0.0041 0.0113 0.0051 
      h07641 11 0.7893 0.0070 0.1764 0.0172 0.0058 0.0043 
      h07741 11 0.9593 0.0042 0.0081 0.0107 0.0125 0.0053 
      h07841 11 0.9612 0.0022 0.0240 0.0040 0.0058 0.0029 
      h07941 11 0.9303 0.0156 0.0125 0.0119 0.0077 0.0220 
      h08041 11 0.9253 0.0059 0.0559 0.0031 0.0050 0.0048 
      h08141 11 0.9127 0.0097 0.0572 0.0116 0.0059 0.0030 
      h08241 11 0.7197 0.2032 0.0390 0.0070 0.0252 0.0059 
      h08341 11 0.6600 0.0132 0.2950 0.0112 0.0171 0.0035 
      h08441 11 0.8520 0.0053 0.1212 0.0072 0.0045 0.0098 
      h08541 11 0.7296 0.0039 0.2543 0.0031 0.0058 0.0033 
      h08641 11 0.7021 0.0028 0.2483 0.0261 0.0075 0.0132 
      h08741 11 0.6843 0.0042 0.2653 0.0124 0.0238 0.0100 
      h08841 11 0.7706 0.0050 0.1839 0.0089 0.0280 0.0036 
      h08941 11 0.9250 0.0267 0.0062 0.0250 0.0124 0.0048 
      h09041 11 0.8166 0.0030 0.1553 0.0080 0.0046 0.0124 
      h09141 11 0.6863 0.0064 0.2927 0.0061 0.0050 0.0036 
      h09241 11 0.7426 0.0047 0.2417 0.0042 0.0040 0.0028 
      h09341 11 0.8042 0.0036 0.1720 0.0055 0.0084 0.0063 
      h09441 11 0.9610 0.0088 0.0078 0.0042 0.0087 0.0096 
      h09541 11 0.5944 0.0068 0.3809 0.0040 0.0079 0.0060 
      h09641 11 0.8103 0.0501 0.1179 0.0057 0.0132 0.0028 
      h09741 11 0.7180 0.0029 0.2086 0.0047 0.0577 0.0081 
      h09841 11 0.8707 0.0174 0.0983 0.0062 0.0040 0.0034 
      h09941 11 0.8250 0.0020 0.1429 0.0056 0.0079 0.0166 
      h10041 11 0.8907 0.0023 0.0253 0.0067 0.0397 0.0353 
       h0017 12 0.0045 0.0053 0.3457 0.0168 0.0115 0.6164 
       h0027 12 0.0107 0.0065 0.2668 0.0051 0.0032 0.7078 
       h0037 12 0.0072 0.0080 0.0333 0.0101 0.0053 0.9361 
       h0047 12 0.0104 0.0066 0.3555 0.0046 0.0078 0.6151 
       h0057 12 0.0224 0.0046 0.1895 0.1173 0.0105 0.6558 
       h0067 12 0.0040 0.0047 0.0053 0.0037 0.0063 0.9760 
       h0077 12 0.0053 0.0058 0.3675 0.0040 0.0057 0.6118 
       h0087 12 0.0213 0.0046 0.0370 0.0184 0.0277 0.8909 
       h0097 12 0.0030 0.0042 0.2380 0.0040 0.0031 0.7476 
       h0107 12 0.0053 0.0070 0.2414 0.0127 0.0065 0.7272 
       h0117 12 0.0037 0.0112 0.3926 0.0054 0.0052 0.5818 
       h0127 12 0.0027 0.0022 0.2858 0.0026 0.0040 0.7027 
       h0137 12 0.0031 0.0025 0.0304 0.0060 0.0039 0.9540 
       h0147 12 0.0050 0.0182 0.1108 0.0037 0.0113 0.8510 
       h0157 12 0.0298 0.0327 0.1063 0.0313 0.1012 0.6987 
       h0167 12 0.0039 0.0024 0.4119 0.0026 0.0028 0.5764 
       h0177 12 0.0082 0.0022 0.2421 0.0034 0.0030 0.7412 
       h0187 12 0.0025 0.0040 0.2991 0.0026 0.0025 0.6893 
       h0197 12 0.0070 0.0035 0.3038 0.0031 0.0040 0.6786 
       h0207 12 0.0030 0.0053 0.0054 0.0025 0.0030 0.9809 
       h0217 12 0.0167 0.0064 0.1537 0.0073 0.0113 0.8046 
       h0227 12 0.0036 0.0023 0.2690 0.0035 0.0034 0.7182 
       h0237 12 0.0028 0.0018 0.1253 0.0037 0.0026 0.8638 
       h0247 12 0.0029 0.0035 0.3107 0.0031 0.0044 0.6755 
       h0257 12 0.0026 0.0020 0.0040 0.0022 0.0028 0.9863 
       h0267 12 0.0033 0.0037 0.3521 0.0027 0.0022 0.6360 
       h0277 12 0.0043 0.0054 0.1653 0.0043 0.0084 0.8123 
       h0287 12 0.0031 0.0020 0.1194 0.0032 0.0026 0.8698 
       h0297 12 0.0033 0.0026 0.0063 0.0025 0.0031 0.9822 
       h0307 12 0.0653 0.0043 0.1130 0.0023 0.0028 0.8122 
       h0317 12 0.0044 0.0027 0.3504 0.0090 0.0093 0.6242 
       h0327 12 0.0032 0.0038 0.1046 0.0057 0.0108 0.8718 
       h0337 12 0.0089 0.0073 0.2445 0.0026 0.0065 0.7302 
       h0347 12 0.0072 0.0016 0.2793 0.0077 0.0031 0.7010 
       h0357 12 0.0054 0.0020 0.2474 0.0049 0.0032 0.7371 
       h0367 12 0.0052 0.0027 0.0478 0.0722 0.0058 0.8663 
       h0377 12 0.0096 0.0037 0.2410 0.0128 0.0033 0.7296 
       h0387 12 0.0481 0.0019 0.0632 0.0059 0.0258 0.8551 
       h0397 12 0.0022 0.0023 0.3223 0.0021 0.0042 0.6669 
       h0407 12 0.0127 0.0057 0.1661 0.0186 0.0049 0.7921 
       h0417 12 0.0049 0.0030 0.3180 0.0027 0.0034 0.6680 
       h0427 12 0.0066 0.0019 0.1906 0.0055 0.0821 0.7133 
       h0437 12 0.0030 0.0032 0.2685 0.0043 0.0034 0.7177 
       h0447 12 0.0038 0.0024 0.1903 0.0033 0.0028 0.7974 
       h0457 12 0.0067 0.0040 0.2580 0.0090 0.0059 0.7164 
       h0467 12 0.0052 0.0086 0.2091 0.0062 0.0055 0.7654 
       h0477 12 0.0110 0.0205 0.1189 0.0177 0.0035 0.8285 
       h0487 12 0.0034 0.0016 0.1936 0.0023 0.0143 0.7848 
       h0497 12 0.0053 0.0030 0.3236 0.0070 0.0055 0.6556 
       h0507 12 0.0212 0.0035 0.0123 0.1419 0.0345 0.7865 
       h0517 12 0.0212 0.0020 0.1488 0.0027 0.0211 0.8041 
       h0527 12 0.0080 0.0100 0.0524 0.0204 0.0065 0.9028 
       h0537 12 0.0132 0.0032 0.3082 0.0061 0.0071 0.6622 
       h0547 12 0.0304 0.0129 0.1535 0.0048 0.0066 0.7918 
       h0557 12 0.0052 0.0038 0.2811 0.0026 0.0025 0.7047 
       h0567 12 0.0042 0.0034 0.2844 0.0035 0.0100 0.6946 
       h0577 12 0.0111 0.0130 0.3310 0.0246 0.0036 0.6168 
       h0587 12 0.0039 0.0053 0.2081 0.0031 0.0029 0.7767 
       h0597 12 0.0042 0.0189 0.2045 0.0045 0.0049 0.7630 
       h0607 12 0.0174 0.0024 0.1626 0.0130 0.0098 0.7948 
       h0617 12 0.0064 0.0040 0.3278 0.0333 0.0133 0.6152 
       h0627 12 0.0810 0.0036 0.1848 0.0109 0.0131 0.7066 
       h0637 12 0.0066 0.0032 0.1533 0.0055 0.0116 0.8197 
       h0647 12 0.0024 0.0016 0.2987 0.0033 0.0024 0.6917 
       h0657 12 0.0037 0.0039 0.1160 0.0043 0.0064 0.8658 
       h0667 12 0.0137 0.0047 0.3123 0.0086 0.0102 0.6505 
       h0677 12 0.0045 0.0025 0.3028 0.0029 0.0108 0.6764 
       h0687 12 0.0026 0.0024 0.2242 0.0112 0.0031 0.7565 
       h0697 12 0.0167 0.0029 0.0464 0.0032 0.0042 0.9265 
       h0707 12 0.0055 0.0022 0.3491 0.0039 0.0036 0.6356 
       h0717 12 0.0031 0.0488 0.0407 0.0061 0.0043 0.8970 
       h0727 12 0.0036 0.0028 0.2255 0.0030 0.0033 0.7618 
       h0737 12 0.0039 0.0132 0.3589 0.0070 0.0024 0.6147 
       h0747 12 0.0049 0.0034 0.2652 0.0024 0.0041 0.7200 
       h0757 12 0.0027 0.0030 0.2731 0.0024 0.0054 0.7134 
       h0767 12 0.0092 0.0047 0.1700 0.0460 0.0049 0.7652 
       h0777 12 0.0022 0.0021 0.2827 0.0021 0.0033 0.7076 
       h0787 12 0.0044 0.0061 0.2897 0.0060 0.0036 0.6902 
       h0797 12 0.0031 0.0028 0.0670 0.0023 0.0029 0.9218 
       h0807 12 0.0035 0.0053 0.2987 0.0056 0.0057 0.6813 
       h0817 12 0.0051 0.0101 0.0054 0.0037 0.0031 0.9726 
       h0827 12 0.0027 0.0021 0.1733 0.0028 0.0078 0.8114 
       h0837 12 0.0066 0.0040 0.1580 0.0143 0.0594 0.7577 
       h0847 12 0.0039 0.0040 0.2524 0.0029 0.0043 0.7325 
       h0857 12 0.0034 0.0025 0.1365 0.0028 0.0071 0.8478 
       h0867 12 0.0079 0.0078 0.0450 0.0063 0.0048 0.9282 
       h0877 12 0.0031 0.0035 0.3053 0.0049 0.0026 0.6805 
       h0887 12 0.0067 0.0045 0.3592 0.0063 0.0040 0.6193 
       h0897 12 0.0043 0.0068 0.2731 0.0037 0.0024 0.7096 
       h0907 12 0.0674 0.0027 0.1584 0.0061 0.0056 0.7597 
       h0917 12 0.0053 0.0836 0.2307 0.0061 0.0050 0.6692 
       h0927 12 0.0086 0.0026 0.1647 0.0119 0.0071 0.8050 
       h0937 12 0.0094 0.0020 0.0282 0.0182 0.0713 0.8709 
       h0947 12 0.0026 0.0020 0.2528 0.0022 0.0028 0.7376 
       h0957 12 0.0045 0.0121 0.3264 0.0057 0.0068 0.6445 
       h0967 12 0.0113 0.0468 0.0852 0.0164 0.0258 0.8145 
       h0977 12 0.0023 0.0034 0.1349 0.0022 0.0024 0.8548 
       h0987 12 0.0166 0.0066 0.2472 0.0038 0.0050 0.7208 
       h0997 12 0.0060 0.0017 0.2074 0.0032 0.0044 0.7773 
       h1007 12 0.0027 0.0021 0.1220 0.0022 0.0025 0.8685 
      h00110 13 0.0051 0.7895 0.1744 0.0037 0.0232 0.0042 
      h00210 13 0.0079 0.7309 0.2453 0.0094 0.0035 0.0029 
      h00310 13 0.0095 0.5991 0.3828 0.0032 0.0028 0.0026 
      h00410 13 0.0117 0.9285 0.0115 0.0326 0.0117 0.0041 
      h00510 13 0.0299 0.7138 0.2424 0.0063 0.0048 0.0028 
      h00610 13 0.0039 0.8800 0.0966 0.0038 0.0024 0.0134 
      h00710 13 0.0061 0.9163 0.0669 0.0038 0.0049 0.0020 
      h00810 13 0.0204 0.8565 0.1077 0.0023 0.0030 0.0102 
      h00910 13 0.0362 0.7115 0.2150 0.0175 0.0174 0.0024 
      h01010 13 0.0099 0.7158 0.2376 0.0027 0.0319 0.0021 
      h01110 13 0.0058 0.5639 0.4096 0.0062 0.0100 0.0045 
      h01210 13 0.0100 0.7055 0.2601 0.0094 0.0086 0.0064 
      h01310 13 0.0027 0.7357 0.2533 0.0026 0.0028 0.0029 
      h01410 13 0.0036 0.5375 0.4505 0.0026 0.0023 0.0034 
      h01510 13 0.0059 0.6450 0.3240 0.0037 0.0080 0.0134 
      h01610 13 0.0050 0.6950 0.2898 0.0035 0.0038 0.0029 
      h01710 13 0.0243 0.8769 0.0552 0.0040 0.0103 0.0293 
      h01810 13 0.0035 0.7787 0.2081 0.0044 0.0026 0.0027 
      h01910 13 0.0041 0.7423 0.2323 0.0038 0.0089 0.0086 
      h02010 13 0.0065 0.5149 0.4607 0.0075 0.0054 0.0051 
      h02110 13 0.0030 0.6883 0.2950 0.0048 0.0071 0.0019 
      h02210 13 0.0081 0.8099 0.1440 0.0102 0.0188 0.0089 
      h02310 13 0.0073 0.8760 0.0959 0.0052 0.0058 0.0098 
      h02410 13 0.0085 0.8088 0.1357 0.0215 0.0162 0.0092 
      h02510 13 0.0021 0.9468 0.0110 0.0365 0.0020 0.0017 
      h02610 13 0.0027 0.7436 0.2460 0.0028 0.0023 0.0027 
      h02710 13 0.0125 0.7064 0.2566 0.0031 0.0095 0.0120 
      h02810 13 0.0050 0.6780 0.3013 0.0056 0.0073 0.0028 
      h02910 13 0.0083 0.7149 0.2579 0.0033 0.0135 0.0021 
      h03010 13 0.0038 0.6567 0.3292 0.0031 0.0039 0.0033 
      h03110 13 0.0081 0.7805 0.2004 0.0035 0.0047 0.0028 
      h03210 13 0.0230 0.9361 0.0095 0.0054 0.0163 0.0095 
      h03310 13 0.0112 0.8685 0.0385 0.0062 0.0673 0.0083 
      h03410 13 0.0028 0.7715 0.2172 0.0028 0.0029 0.0028 
      h03510 13 0.0040 0.6781 0.3055 0.0028 0.0030 0.0067 
      h03610 13 0.0022 0.8306 0.1613 0.0023 0.0019 0.0017 
      h03710 13 0.0044 0.7403 0.2462 0.0026 0.0036 0.0030 
      h03810 13 0.0044 0.9444 0.0413 0.0037 0.0043 0.0020 
      h03910 13 0.0370 0.7515 0.1638 0.0056 0.0184 0.0237 
      h04010 13 0.0049 0.6648 0.3183 0.0059 0.0033 0.0029 
      h04110 13 0.0058 0.7576 0.2195 0.0072 0.0047 0.0053 
      h04210 13 0.0129 0.8300 0.1373 0.0131 0.0035 0.0032 
      h04310 13 0.0146 0.6766 0.3000 0.0022 0.0039 0.0027 
      h04410 13 0.0048 0.7067 0.2711 0.0034 0.0113 0.0028 
      h04510 13 0.0046 0.7810 0.1588 0.0187 0.0247 0.0121 
      h04610 13 0.0052 0.6241 0.3579 0.0043 0.0049 0.0036 
      h04710 13 0.0070 0.6416 0.3395 0.0041 0.0048 0.0030 
      h04810 13 0.0025 0.7397 0.2505 0.0033 0.0021 0.0019 
      h04910 13 0.0039 0.7555 0.2177 0.0131 0.0059 0.0039 
      h05010 13 0.0214 0.7069 0.2587 0.0037 0.0056 0.0037 
      h05110 13 0.0066 0.7632 0.2160 0.0033 0.0081 0.0028 
      h05210 13 0.0029 0.9374 0.0190 0.0038 0.0230 0.0139 
      h05310 13 0.0255 0.9361 0.0194 0.0093 0.0024 0.0073 
      h05410 13 0.0039 0.7174 0.2484 0.0225 0.0040 0.0038 
      h05510 13 0.0027 0.5706 0.4187 0.0030 0.0026 0.0024 
      h05610 13 0.0026 0.7806 0.2096 0.0023 0.0021 0.0029 
      h05710 13 0.0096 0.6180 0.0589 0.0043 0.2978 0.0114 
      h05810 13 0.0028 0.7865 0.2009 0.0041 0.0035 0.0022 
      h05910 13 0.0054 0.6957 0.1406 0.0041 0.1016 0.0525 
      h06010 13 0.0027 0.6452 0.3429 0.0047 0.0023 0.0023 
      h06110 13 0.0067 0.8042 0.1775 0.0039 0.0031 0.0046 
      h06210 13 0.0075 0.6581 0.3099 0.0085 0.0119 0.0040 
      h06310 13 0.0274 0.7242 0.2340 0.0048 0.0035 0.0061 
      h06410 13 0.0039 0.7438 0.2348 0.0034 0.0037 0.0104 
      h06510 13 0.0327 0.8948 0.0618 0.0030 0.0059 0.0019 
      h06610 13 0.0072 0.7408 0.2335 0.0045 0.0105 0.0035 
      h06710 13 0.0056 0.7424 0.2359 0.0060 0.0044 0.0056 
      h06810 13 0.0273 0.7311 0.1781 0.0396 0.0207 0.0032 
      h06910 13 0.0019 0.7692 0.2212 0.0021 0.0027 0.0028 
      h07010 13 0.0030 0.6443 0.3423 0.0037 0.0036 0.0031 
      h07110 13 0.0167 0.8938 0.0704 0.0085 0.0045 0.0060 
      h07210 13 0.0168 0.8880 0.0753 0.0115 0.0047 0.0038 
      h07310 13 0.0036 0.9129 0.0307 0.0217 0.0092 0.0220 
      h07410 13 0.0024 0.9736 0.0176 0.0032 0.0017 0.0015 
      h07510 13 0.0026 0.8285 0.1588 0.0039 0.0019 0.0043 
      h07610 13 0.0036 0.5672 0.4153 0.0060 0.0044 0.0035 
      h07710 13 0.1469 0.5657 0.1388 0.0104 0.1151 0.0230 
      h07810 13 0.0050 0.9763 0.0084 0.0047 0.0026 0.0030 
      h07910 13 0.0138 0.9279 0.0280 0.0118 0.0102 0.0083 
      h08010 13 0.0043 0.7247 0.2625 0.0035 0.0025 0.0025 
      h08110 13 0.0033 0.9548 0.0200 0.0066 0.0042 0.0112 
      h08210 13 0.0025 0.7705 0.2199 0.0027 0.0025 0.0019 
      h08310 13 0.0314 0.9170 0.0084 0.0074 0.0220 0.0138 
      h08410 13 0.0033 0.7417 0.2483 0.0022 0.0030 0.0015 
      h08510 13 0.0041 0.7374 0.2406 0.0027 0.0040 0.0111 
      h08610 13 0.0061 0.6877 0.2855 0.0068 0.0050 0.0090 
      h08710 13 0.0047 0.6879 0.2765 0.0044 0.0233 0.0032 
      h08810 13 0.0321 0.8547 0.0718 0.0175 0.0188 0.0051 
      h08910 13 0.0051 0.7532 0.2264 0.0036 0.0063 0.0055 
      h09010 13 0.0087 0.8971 0.0327 0.0055 0.0538 0.0021 
      h09110 13 0.0314 0.8498 0.1052 0.0064 0.0047 0.0025 
      h09210 13 0.0210 0.9044 0.0104 0.0115 0.0459 0.0068 
      h09310 13 0.0028 0.7209 0.2677 0.0047 0.0022 0.0018 
      h09410 13 0.0063 0.5868 0.3701 0.0270 0.0045 0.0053 
      h09510 13 0.0115 0.7178 0.2248 0.0058 0.0327 0.0074 
      h09610 13 0.0034 0.7638 0.2193 0.0080 0.0024 0.0031 
      h09710 13 0.0027 0.7347 0.2537 0.0038 0.0035 0.0017 
      h09810 13 0.0263 0.9163 0.0123 0.0037 0.0339 0.0075 
      h09910 13 0.0397 0.7867 0.0521 0.0265 0.0725 0.0226 
      h10010 13 0.0033 0.7322 0.2309 0.0291 0.0025 0.0021 
      h00113 14 0.0116 0.0029 0.1887 0.7254 0.0056 0.0659 
      h00213 14 0.0173 0.0144 0.3597 0.5820 0.0128 0.0138 
      h00313 14 0.0052 0.0080 0.0976 0.8445 0.0351 0.0096 
      h00413 14 0.0038 0.0037 0.1904 0.7867 0.0080 0.0073 
      h00513 14 0.0444 0.0034 0.0478 0.8952 0.0044 0.0047 
      h00613 14 0.0097 0.0188 0.2158 0.7301 0.0169 0.0087 
      h00713 14 0.0055 0.0068 0.0445 0.6984 0.1597 0.0852 
      h00813 14 0.0198 0.0030 0.0190 0.9397 0.0133 0.0052 
      h00913 14 0.0094 0.0043 0.3029 0.6756 0.0046 0.0032 
      h01013 14 0.0097 0.0032 0.3681 0.6077 0.0065 0.0046 
      h01113 14 0.0051 0.0081 0.4017 0.5788 0.0031 0.0032 
      h01213 14 0.0043 0.0022 0.2141 0.7740 0.0028 0.0028 
      h01313 14 0.0050 0.0091 0.2992 0.6697 0.0092 0.0078 
      h01413 14 0.0112 0.0041 0.0347 0.9354 0.0115 0.0030 
      h01513 14 0.0198 0.0045 0.0115 0.9397 0.0086 0.0159 
      h01613 14 0.0039 0.0023 0.3337 0.6499 0.0064 0.0037 
      h01713 14 0.0306 0.0305 0.2710 0.6522 0.0118 0.0038 
      h01813 14 0.0063 0.0079 0.2162 0.7533 0.0105 0.0059 
      h01913 14 0.0036 0.0042 0.2202 0.7570 0.0110 0.0041 
      h02013 14 0.0025 0.0074 0.0106 0.9714 0.0040 0.0040 
      h02113 14 0.0105 0.0164 0.0139 0.8669 0.0701 0.0222 
      h02213 14 0.0056 0.0028 0.1826 0.7948 0.0031 0.0112 
      h02313 14 0.0562 0.0056 0.0932 0.8287 0.0083 0.0080 
      h02413 14 0.0088 0.0136 0.1713 0.7866 0.0162 0.0036 
      h02513 14 0.0037 0.0065 0.1544 0.8305 0.0028 0.0021 
      h02613 14 0.0087 0.0146 0.4270 0.5394 0.0054 0.0048 
      h02713 14 0.0090 0.0037 0.0250 0.9477 0.0051 0.0094 
      h02813 14 0.0032 0.0036 0.1879 0.7944 0.0064 0.0044 
      h02913 14 0.0136 0.0552 0.0667 0.8534 0.0086 0.0024 
      h03013 14 0.0081 0.0034 0.2680 0.7113 0.0052 0.0041 
      h03113 14 0.0213 0.0032 0.1629 0.7969 0.0100 0.0056 
      h03213 14 0.0404 0.0057 0.0371 0.8218 0.0923 0.0026 
      h03313 14 0.0080 0.0052 0.3974 0.5799 0.0059 0.0035 
      h03413 14 0.0063 0.0046 0.2465 0.7338 0.0043 0.0044 
      h03513 14 0.0049 0.0143 0.3729 0.5968 0.0033 0.0078 
      h03613 14 0.0047 0.0047 0.1735 0.8109 0.0038 0.0022 
      h03713 14 0.0171 0.0222 0.1883 0.7066 0.0387 0.0270 
      h03813 14 0.1190 0.0053 0.0645 0.7905 0.0034 0.0173 
      h03913 14 0.0067 0.0038 0.0383 0.9422 0.0064 0.0027 
      h04013 14 0.0193 0.0343 0.0091 0.9203 0.0121 0.0050 
      h04113 14 0.0038 0.0065 0.1871 0.7940 0.0044 0.0041 
      h04213 14 0.0036 0.0025 0.2279 0.7490 0.0106 0.0064 
      h04313 14 0.0033 0.0035 0.2415 0.7431 0.0031 0.0054 
      h04413 14 0.0180 0.0078 0.0977 0.8638 0.0057 0.0070 
      h04513 14 0.0110 0.0054 0.0378 0.9152 0.0248 0.0057 
      h04613 14 0.0085 0.0334 0.1094 0.8352 0.0055 0.0080 
      h04713 14 0.0123 0.0114 0.3030 0.6581 0.0080 0.0073 
      h04813 14 0.0048 0.0197 0.1686 0.7970 0.0069 0.0029 
      h04913 14 0.0094 0.0119 0.1632 0.7991 0.0132 0.0032 
      h05013 14 0.0138 0.0144 0.0175 0.9433 0.0058 0.0052 
      h05113 14 0.0047 0.0079 0.1268 0.8437 0.0152 0.0018 
      h05213 14 0.0110 0.3592 0.0140 0.5520 0.0585 0.0054 
      h05313 14 0.0065 0.0197 0.2727 0.6836 0.0071 0.0103 
      h05413 14 0.0050 0.0169 0.2299 0.7384 0.0073 0.0026 
      h05513 14 0.0035 0.0027 0.0352 0.9317 0.0134 0.0134 
      h05613 14 0.0935 0.0029 0.0794 0.8133 0.0062 0.0048 
      h05713 14 0.0081 0.0185 0.0883 0.8789 0.0033 0.0029 
      h05813 14 0.0090 0.0056 0.0995 0.8734 0.0077 0.0048 
      h05913 14 0.0077 0.0037 0.1152 0.8633 0.0061 0.0040 
      h06013 14 0.0067 0.0063 0.0766 0.5902 0.3133 0.0070 
      h06113 14 0.0136 0.0231 0.2587 0.6946 0.0057 0.0042 
      h06213 14 0.0027 0.0019 0.0493 0.9381 0.0044 0.0036 
      h06313 14 0.0042 0.0036 0.2276 0.7534 0.0066 0.0046 
      h06413 14 0.0065 0.0058 0.1431 0.8385 0.0029 0.0032 
      h06513 14 0.0202 0.0028 0.0407 0.8619 0.0680 0.0063 
      h06613 14 0.0236 0.0056 0.1311 0.8291 0.0066 0.0041 
      h06713 14 0.0302 0.0052 0.2875 0.5970 0.0525 0.0276 
      h06813 14 0.0050 0.0122 0.0601 0.8709 0.0483 0.0036 
      h06913 14 0.0185 0.0082 0.1325 0.8140 0.0220 0.0049 
      h07013 14 0.0044 0.0130 0.3393 0.6350 0.0032 0.0051 
      h07113 14 0.0420 0.0099 0.0630 0.8660 0.0147 0.0043 
      h07213 14 0.0131 0.0020 0.3218 0.6223 0.0202 0.0207 
      h07313 14 0.0081 0.0098 0.1120 0.8518 0.0086 0.0097 
      h07413 14 0.0164 0.0055 0.2874 0.6614 0.0184 0.0110 
      h07513 14 0.0291 0.0377 0.2481 0.6710 0.0048 0.0093 
      h07613 14 0.0117 0.0050 0.1372 0.7024 0.1362 0.0075 
      h07713 14 0.0035 0.0232 0.0056 0.9597 0.0044 0.0036 
      h07813 14 0.0033 0.0027 0.2386 0.7286 0.0047 0.0220 
      h07913 14 0.0054 0.0104 0.3094 0.6661 0.0058 0.0029 
      h08013 14 0.0041 0.0041 0.2110 0.7693 0.0045 0.0070 
      h08113 14 0.0046 0.0041 0.0041 0.9798 0.0037 0.0036 
      h08213 14 0.0064 0.0084 0.3038 0.6320 0.0470 0.0025 
      h08313 14 0.0418 0.0043 0.0384 0.9053 0.0053 0.0050 
      h08413 14 0.0076 0.0031 0.2909 0.6910 0.0035 0.0038 
      h08513 14 0.0047 0.0072 0.1725 0.8087 0.0037 0.0032 
      h08613 14 0.0138 0.0045 0.1720 0.8016 0.0045 0.0036 
      h08713 14 0.0027 0.0034 0.0200 0.9687 0.0028 0.0025 
      h08813 14 0.0027 0.0022 0.3696 0.6159 0.0041 0.0054 
      h08913 14 0.0188 0.0046 0.0536 0.8766 0.0438 0.0027 
      h09013 14 0.1021 0.0147 0.0256 0.7080 0.1441 0.0055 
      h09113 14 0.0152 0.0070 0.0757 0.7641 0.0600 0.0781 
      h09213 14 0.0040 0.0170 0.2146 0.7591 0.0031 0.0022 
      h09313 14 0.0055 0.0101 0.1934 0.7820 0.0041 0.0049 
      h09413 14 0.0083 0.0032 0.3122 0.6480 0.0061 0.0222 
      h09513 14 0.0063 0.0035 0.1474 0.8237 0.0132 0.0060 
      h09613 14 0.0077 0.0056 0.0417 0.9240 0.0071 0.0140 
      h09713 14 0.0196 0.0044 0.1341 0.8269 0.0106 0.0044 
      h09813 14 0.0280 0.0892 0.0379 0.8313 0.0098 0.0037 
      h09913 14 0.0472 0.0031 0.0299 0.8944 0.0182 0.0072 
      h10013 14 0.0114 0.0042 0.0203 0.9022 0.0353 0.0267 
       W23CA 15 0.0406 0.0215 0.0060 0.0342 0.8932 0.0046 
     AP.085Y 15 0.0109 0.0195 0.0048 0.0081 0.9438 0.0130 
     CH.0LLY 15 0.3019 0.0575 0.3160 0.0104 0.3019 0.0123 
       M0LEC 15 0.0244 0.0033 0.0025 0.0036 0.9639 0.0024 
       M2C3H 15 0.0955 0.0604 0.0482 0.0333 0.7428 0.0197 
       M2CHL 15 0.1720 0.0896 0.3634 0.0416 0.3084 0.0250 
       W26P7 15 0.0095 0.0213 0.0151 0.0303 0.9200 0.0037 
     AP.07M5 15 0.0118 0.0029 0.0069 0.0092 0.8512 0.1181 
     AP.080U 15 0.0065 0.0167 0.0101 0.0110 0.9529 0.0027 
     AP.082A 15 0.0052 0.0027 0.0029 0.0043 0.9793 0.0057 
     AP.0843 15 0.0207 0.0074 0.0063 0.0031 0.9568 0.0056 
     AP.0844 15 0.0064 0.0433 0.0262 0.0112 0.9101 0.0026 
     AP.084X 15 0.0062 0.0031 0.0048 0.0052 0.9757 0.0051 
     AP.086Y 15 0.0076 0.0066 0.0291 0.0700 0.8814 0.0053 
     AP.0870 15 0.0093 0.1022 0.0080 0.0851 0.7920 0.0034 
     AP.0878 15 0.0365 0.0408 0.0250 0.0810 0.8115 0.0052 
     AP.087F 15 0.0396 0.0277 0.0470 0.0078 0.8730 0.0049 
     AP.087Y 15 0.0427 0.0423 0.3160 0.0139 0.5779 0.0072 
     AP.088P 15 0.0068 0.0032 0.0056 0.0082 0.9692 0.0070 
     AP.08AK 15 0.0047 0.0021 0.0086 0.0035 0.9574 0.0236 
     CH.0LLM 15 0.0037 0.1032 0.0127 0.0149 0.8600 0.0055 
     CH.0LLU 15 0.0163 0.1509 0.0558 0.0081 0.7633 0.0056 
     CH.0LM0 15 0.6075 0.0091 0.0083 0.0031 0.3587 0.0134 
     CH.0LM3 15 0.0084 0.0024 0.0066 0.0042 0.9703 0.0081 
       W26MY 15 0.0083 0.0151 0.1184 0.0339 0.7845 0.0398 
       W26P6 15 0.0115 0.0024 0.0370 0.0065 0.9367 0.0059 
      HRV07U 15 0.0837 0.0640 0.0089 0.0141 0.8258 0.0035 
      HRV1CT 15 0.0056 0.0053 0.0034 0.0052 0.9756 0.0049 
      HRV1CU 15 0.0040 0.0041 0.0022 0.0056 0.9785 0.0055 
      HRV1E6 15 0.0056 0.0030 0.0032 0.0076 0.9737 0.0069 
      HRV081 15 0.0037 0.0019 0.0018 0.0029 0.9798 0.0099 
      HRV1E3 15 0.0155 0.0058 0.0057 0.0041 0.9658 0.0030 
      MSV21E 15 0.0055 0.0073 0.0220 0.0143 0.8847 0.0663 
      MSV216 15 0.0184 0.0123 0.0029 0.3898 0.5596 0.0171 
       M0TYK 15 0.0057 0.0047 0.0096 0.0100 0.9652 0.0048 
      MSV2AA 15 0.0040 0.0053 0.0232 0.0059 0.9563 0.0055 
     CK.0PET 15 0.0839 0.0312 0.1011 0.0552 0.6855 0.0432 
       M2E8C 15 0.0041 0.0038 0.0032 0.0039 0.9804 0.0046 
      MSV23X 15 0.0042 0.0052 0.0253 0.0272 0.8980 0.0400 
      MSV32A 15 0.0770 0.0050 0.0120 0.0221 0.8809 0.0030 
     AP.0838 15 0.0085 0.0664 0.0038 0.0083 0.9111 0.0019 
     AP.088F 15 0.0990 0.0368 0.0079 0.0278 0.8249 0.0035 
      h00121 16 0.0214 0.0058 0.0286 0.0036 0.9356 0.0050 
      h00221 16 0.2731 0.0065 0.0089 0.0073 0.6991 0.0050 
      h00321 16 0.0362 0.0056 0.1331 0.0160 0.8025 0.0067 
      h00421 16 0.0200 0.0049 0.2540 0.0061 0.6852 0.0298 
      h00521 16 0.0044 0.0042 0.0024 0.0106 0.9733 0.0051 
      h00621 16 0.0050 0.0042 0.0047 0.0039 0.9785 0.0037 
      h00721 16 0.0049 0.0026 0.0041 0.0028 0.9804 0.0052 
      h00821 16 0.0149 0.0058 0.0022 0.0082 0.9663 0.0026 
      h00921 16 0.0099 0.0058 0.0020 0.0068 0.9713 0.0042 
      h01021 16 0.1041 0.0080 0.0084 0.0074 0.8271 0.0450 
      h01121 16 0.0087 0.0100 0.0053 0.0288 0.9443 0.0030 
      h01221 16 0.0120 0.0059 0.0037 0.0076 0.9600 0.0107 
      h01321 16 0.0134 0.0051 0.0077 0.0378 0.9279 0.0081 
      h01421 16 0.0107 0.0077 0.0280 0.0216 0.9269 0.0051 
      h01521 16 0.0053 0.0066 0.3259 0.0347 0.6223 0.0051 
      h01621 16 0.0161 0.0098 0.0082 0.0090 0.9476 0.0093 
      h01721 16 0.0464 0.0071 0.0077 0.1337 0.8005 0.0045 
      h01821 16 0.0500 0.0149 0.0573 0.0211 0.8528 0.0039 
      h01921 16 0.0084 0.0032 0.0929 0.0082 0.8829 0.0045 
      h02021 16 0.0036 0.0051 0.0076 0.0033 0.9769 0.0035 
      h02121 16 0.0042 0.0023 0.0125 0.0046 0.9723 0.0041 
      h02221 16 0.0245 0.0050 0.1613 0.0186 0.7865 0.0041 
      h02321 16 0.0134 0.0062 0.1384 0.0052 0.8328 0.0040 
      h02421 16 0.0056 0.0036 0.1496 0.0044 0.8338 0.0030 
      h02521 16 0.0919 0.0088 0.1148 0.0062 0.7634 0.0149 
      h02621 16 0.0380 0.0093 0.0120 0.1041 0.8310 0.0056 
      h02721 16 0.0031 0.0026 0.0026 0.0024 0.9867 0.0026 
      h02821 16 0.0116 0.0084 0.1510 0.0042 0.8118 0.0130 
      h02921 16 0.0047 0.0039 0.0154 0.0055 0.9562 0.0143 
      h03021 16 0.0055 0.0057 0.0347 0.0032 0.9447 0.0061 
      h03121 16 0.0061 0.0028 0.0031 0.0026 0.9814 0.0039 
      h03221 16 0.2296 0.0029 0.0071 0.0055 0.7520 0.0029 
      h03321 16 0.0043 0.0043 0.0063 0.0025 0.9789 0.0037 
      h03421 16 0.0071 0.0029 0.0035 0.0191 0.9629 0.0046 
      h03521 16 0.2590 0.0034 0.0752 0.0083 0.6434 0.0108 
      h03621 16 0.0071 0.0034 0.0079 0.0060 0.9661 0.0095 
      h03721 16 0.0048 0.0123 0.1468 0.1206 0.7130 0.0025 
      h03821 16 0.0078 0.0073 0.0028 0.0097 0.9684 0.0040 
      h03921 16 0.3859 0.0383 0.0267 0.0035 0.5371 0.0086 
      h04021 16 0.0034 0.0016 0.0022 0.0031 0.9874 0.0023 
      h04121 16 0.0029 0.0049 0.0578 0.0025 0.9278 0.0041 
      h04221 16 0.0059 0.0135 0.0068 0.0057 0.9534 0.0147 
      h04321 16 0.0035 0.0058 0.0376 0.0036 0.9444 0.0051 
      h04421 16 0.0130 0.0061 0.0441 0.0091 0.9106 0.0171 
      h04521 16 0.0106 0.0037 0.2358 0.0080 0.7294 0.0126 
      h04621 16 0.0143 0.0063 0.0142 0.0916 0.8645 0.0090 
      h04721 16 0.0066 0.0103 0.0317 0.0187 0.9185 0.0142 
      h04821 16 0.0348 0.0081 0.0237 0.0319 0.8976 0.0040 
      h04921 16 0.0043 0.0028 0.0045 0.0036 0.9792 0.0056 
      h05021 16 0.0102 0.0114 0.0033 0.0141 0.9582 0.0028 
      h05121 16 0.0278 0.0074 0.0130 0.0041 0.9409 0.0068 
      h05221 16 0.0076 0.0027 0.1395 0.0214 0.8198 0.0090 
      h05321 16 0.0044 0.0021 0.0750 0.0033 0.9116 0.0036 
      h05421 16 0.0147 0.0051 0.0096 0.0079 0.9577 0.0049 
      h05521 16 0.0104 0.0094 0.0364 0.0186 0.9182 0.0070 
      h05621 16 0.0074 0.0066 0.0115 0.0073 0.9605 0.0068 
      h05721 16 0.0054 0.0049 0.0021 0.0036 0.9799 0.0041 
      h05821 16 0.0054 0.0021 0.0210 0.0057 0.9625 0.0032 
      h05921 16 0.0232 0.0052 0.0034 0.0203 0.9451 0.0028 
      h06021 16 0.0067 0.0043 0.0083 0.0035 0.9703 0.0068 
      h06121 16 0.0048 0.0041 0.0065 0.0044 0.9748 0.0055 
      h06221 16 0.0036 0.0026 0.0018 0.0059 0.9830 0.0030 
      h06321 16 0.0028 0.0021 0.1129 0.0034 0.8762 0.0025 
      h06421 16 0.0252 0.0081 0.1707 0.0135 0.7790 0.0035 
      h06521 16 0.0095 0.0026 0.0848 0.0055 0.8917 0.0058 
      h06621 16 0.0065 0.0027 0.0021 0.0045 0.9806 0.0036 
      h06721 16 0.0084 0.0134 0.0306 0.0168 0.9259 0.0049 
      h06821 16 0.1142 0.0020 0.0702 0.0133 0.7949 0.0053 
      h06921 16 0.0105 0.0028 0.0096 0.0090 0.9632 0.0048 
      h07021 16 0.1512 0.0091 0.0132 0.0183 0.8047 0.0034 
      h07121 16 0.0068 0.0043 0.1301 0.0035 0.7918 0.0634 
      h07221 16 0.0055 0.0066 0.0677 0.0461 0.8673 0.0069 
      h07321 16 0.0134 0.0044 0.0658 0.0075 0.9053 0.0036 
      h07421 16 0.1617 0.0203 0.0233 0.1758 0.6077 0.0111 
      h07521 16 0.0616 0.0033 0.0032 0.0026 0.9172 0.0121 
      h07621 16 0.0959 0.0078 0.0634 0.0061 0.8241 0.0026 
      h07721 16 0.0034 0.0142 0.0042 0.0103 0.9655 0.0023 
      h07821 16 0.0075 0.0087 0.1454 0.0064 0.8278 0.0044 
      h07921 16 0.0170 0.0107 0.1128 0.0915 0.7521 0.0160 
      h08021 16 0.0354 0.0107 0.2043 0.0056 0.7402 0.0038 
      h08121 16 0.0060 0.0051 0.0064 0.0045 0.9750 0.0031 
      h08221 16 0.0117 0.0031 0.0176 0.0065 0.9583 0.0028 
      h08321 16 0.0309 0.0102 0.0044 0.0982 0.8515 0.0049 
      h08421 16 0.0042 0.0062 0.1446 0.0057 0.8347 0.0045 
      h08521 16 0.0071 0.0147 0.1633 0.0060 0.8039 0.0049 
      h08621 16 0.0047 0.0059 0.1674 0.0056 0.8108 0.0056 
      h08721 16 0.0182 0.0081 0.0517 0.0062 0.9115 0.0044 
      h08821 16 0.0266 0.0033 0.0125 0.0077 0.9415 0.0083 
      h08921 16 0.0033 0.0021 0.0035 0.0022 0.9839 0.0050 
      h09021 16 0.0658 0.0060 0.0928 0.0031 0.8238 0.0085 
      h09121 16 0.0076 0.0046 0.0280 0.0028 0.9522 0.0047 
      h09221 16 0.0568 0.0050 0.0171 0.0028 0.6004 0.3180 
      h09321 16 0.0061 0.0040 0.1714 0.0058 0.8032 0.0094 
      h09421 16 0.0233 0.0673 0.0422 0.0067 0.8430 0.0174 
      h09521 16 0.0105 0.0071 0.0075 0.0049 0.9558 0.0143 
      h09621 16 0.0881 0.0067 0.0092 0.0474 0.8440 0.0046 
      h09721 16 0.0043 0.0028 0.0071 0.0045 0.9723 0.0090 
      h09821 16 0.0239 0.0203 0.2182 0.0037 0.7225 0.0114 
      h09921 16 0.0122 0.0049 0.0787 0.0059 0.8939 0.0044 
      h10021 16 0.0042 0.0025 0.0031 0.0129 0.9729 0.0043 
      h00151 17 0.9062 0.0046 0.0142 0.0042 0.0526 0.0182 
      h00251 17 0.9331 0.0337 0.0103 0.0151 0.0033 0.0045 
      h00351 17 0.9407 0.0019 0.0416 0.0054 0.0087 0.0018 
      h00451 17 0.9851 0.0038 0.0026 0.0033 0.0027 0.0026 
      h00551 17 0.9782 0.0079 0.0046 0.0034 0.0038 0.0021 
      h00651 17 0.9835 0.0033 0.0023 0.0038 0.0048 0.0024 
      h00751 17 0.9544 0.0062 0.0027 0.0147 0.0070 0.0150 
      h00851 17 0.9555 0.0188 0.0045 0.0103 0.0072 0.0037 
      h00951 17 0.9846 0.0029 0.0030 0.0034 0.0035 0.0027 
      h01051 17 0.9076 0.0032 0.0775 0.0046 0.0040 0.0031 
      h01151 17 0.9170 0.0080 0.0542 0.0049 0.0124 0.0035 
      h01251 17 0.9631 0.0103 0.0126 0.0044 0.0071 0.0025 
      h01351 17 0.8791 0.0232 0.0439 0.0366 0.0133 0.0038 
      h01451 17 0.8174 0.0052 0.1637 0.0033 0.0046 0.0059 
      h01551 17 0.9373 0.0096 0.0145 0.0165 0.0099 0.0122 
      h01651 17 0.8039 0.0616 0.0992 0.0276 0.0049 0.0028 
      h01751 17 0.9408 0.0115 0.0282 0.0056 0.0091 0.0047 
      h01851 17 0.7856 0.0043 0.1589 0.0302 0.0070 0.0139 
      h01951 17 0.9734 0.0037 0.0062 0.0052 0.0071 0.0045 
      h02051 17 0.9092 0.0078 0.0457 0.0234 0.0082 0.0057 
      h02151 17 0.9620 0.0026 0.0102 0.0058 0.0172 0.0022 
      h02251 17 0.9864 0.0023 0.0023 0.0040 0.0029 0.0022 
      h02351 17 0.9569 0.0031 0.0288 0.0033 0.0041 0.0037 
      h02451 17 0.8222 0.0326 0.1195 0.0085 0.0060 0.0112 
      h02551 17 0.7642 0.0459 0.1590 0.0136 0.0036 0.0137 
      h02651 17 0.9806 0.0032 0.0025 0.0030 0.0055 0.0051 
      h02751 17 0.8938 0.0037 0.0867 0.0032 0.0096 0.0030 
      h02851 17 0.9775 0.0046 0.0034 0.0068 0.0035 0.0042 
      h02951 17 0.9753 0.0035 0.0077 0.0042 0.0062 0.0031 
      h03051 17 0.9389 0.0091 0.0351 0.0044 0.0088 0.0036 
      h03151 17 0.9759 0.0027 0.0076 0.0074 0.0039 0.0025 
      h03251 17 0.9299 0.0040 0.0085 0.0219 0.0228 0.0129 
      h03351 17 0.9276 0.0093 0.0368 0.0086 0.0121 0.0057 
      h03451 17 0.9391 0.0101 0.0343 0.0038 0.0069 0.0058 
      h03551 17 0.8881 0.0086 0.0193 0.0051 0.0651 0.0137 
      h03651 17 0.9628 0.0058 0.0170 0.0038 0.0074 0.0032 
      h03751 17 0.9530 0.0066 0.0030 0.0078 0.0266 0.0030 
      h03851 17 0.8445 0.0059 0.1208 0.0088 0.0122 0.0078 
      h03951 17 0.9647 0.0064 0.0085 0.0053 0.0089 0.0062 
      h04051 17 0.9498 0.0048 0.0071 0.0224 0.0119 0.0040 
      h04151 17 0.8894 0.0031 0.0024 0.0098 0.0821 0.0131 
      h04251 17 0.9824 0.0048 0.0040 0.0029 0.0040 0.0020 
      h04351 17 0.9778 0.0027 0.0020 0.0061 0.0078 0.0036 
      h04451 17 0.9454 0.0037 0.0366 0.0062 0.0056 0.0025 
      h04551 17 0.9347 0.0024 0.0214 0.0092 0.0096 0.0227 
      h04651 17 0.9208 0.0515 0.0069 0.0108 0.0065 0.0036 
      h04751 17 0.9059 0.0043 0.0713 0.0059 0.0068 0.0059 
      h04851 17 0.9377 0.0035 0.0185 0.0110 0.0266 0.0027 
      h04951 17 0.8270 0.0038 0.1363 0.0144 0.0139 0.0046 
      h05051 17 0.5744 0.4014 0.0076 0.0040 0.0083 0.0043 
      h05151 17 0.7881 0.0069 0.1839 0.0123 0.0052 0.0036 
      h05251 17 0.9749 0.0062 0.0066 0.0057 0.0036 0.0029 
      h05351 17 0.8892 0.0044 0.0316 0.0063 0.0041 0.0644 
      h05451 17 0.9602 0.0034 0.0033 0.0127 0.0092 0.0112 
      h05551 17 0.9224 0.0279 0.0182 0.0055 0.0171 0.0090 
      h05651 17 0.8173 0.0053 0.0221 0.0154 0.1362 0.0037 
      h05751 17 0.8349 0.0397 0.1031 0.0056 0.0133 0.0034 
      h05851 17 0.9224 0.0046 0.0294 0.0061 0.0307 0.0068 
      h05951 17 0.9198 0.0027 0.0616 0.0043 0.0078 0.0038 
      h06051 17 0.9240 0.0036 0.0432 0.0031 0.0232 0.0029 
      h06151 17 0.9793 0.0051 0.0059 0.0042 0.0028 0.0028 
      h06251 17 0.9743 0.0033 0.0031 0.0069 0.0060 0.0063 
      h06351 17 0.9705 0.0144 0.0036 0.0053 0.0028 0.0035 
      h06451 17 0.8229 0.0223 0.0134 0.1241 0.0122 0.0050 
      h06551 17 0.9638 0.0023 0.0109 0.0048 0.0124 0.0058 
      h06651 17 0.9497 0.0106 0.0235 0.0048 0.0072 0.0043 
      h06751 17 0.9312 0.0060 0.0345 0.0095 0.0102 0.0086 
      h06851 17 0.9630 0.0149 0.0103 0.0048 0.0040 0.0029 
      h06951 17 0.9536 0.0031 0.0023 0.0065 0.0220 0.0125 
      h07051 17 0.9664 0.0048 0.0045 0.0049 0.0144 0.0050 
      h07151 17 0.9692 0.0080 0.0030 0.0095 0.0057 0.0045 
      h07251 17 0.9581 0.0034 0.0145 0.0062 0.0118 0.0060 
      h07351 17 0.8707 0.0972 0.0138 0.0031 0.0113 0.0038 
      h07451 17 0.9623 0.0040 0.0062 0.0069 0.0112 0.0094 
      h07551 17 0.9415 0.0072 0.0250 0.0138 0.0076 0.0049 
      h07651 17 0.8385 0.0340 0.0083 0.0976 0.0154 0.0061 
      h07751 17 0.9514 0.0175 0.0076 0.0091 0.0091 0.0052 
      h07851 17 0.9767 0.0044 0.0100 0.0031 0.0029 0.0030 
      h07951 17 0.8887 0.0075 0.0594 0.0149 0.0034 0.0261 
      h08051 17 0.8524 0.0076 0.0697 0.0539 0.0063 0.0101 
      h08151 17 0.8887 0.0596 0.0320 0.0067 0.0073 0.0057 
      h08251 17 0.7483 0.0024 0.0658 0.1505 0.0135 0.0195 
      h08351 17 0.9564 0.0155 0.0051 0.0132 0.0069 0.0029 
      h08451 17 0.9693 0.0038 0.0143 0.0039 0.0054 0.0033 
      h08551 17 0.9730 0.0061 0.0062 0.0035 0.0064 0.0049 
      h08651 17 0.8565 0.0046 0.0045 0.0344 0.0913 0.0087 
      h08751 17 0.7941 0.0038 0.0055 0.0156 0.1731 0.0078 
      h08851 17 0.9708 0.0050 0.0043 0.0103 0.0050 0.0045 
      h08951 17 0.9803 0.0024 0.0039 0.0044 0.0062 0.0028 
      h09051 17 0.7316 0.0206 0.2303 0.0062 0.0056 0.0057 
      h09151 17 0.9488 0.0063 0.0239 0.0039 0.0052 0.0119 
      h09251 17 0.9773 0.0026 0.0021 0.0127 0.0031 0.0023 
      h09351 17 0.9167 0.0040 0.0546 0.0100 0.0102 0.0044 
      h09451 17 0.9664 0.0137 0.0042 0.0071 0.0034 0.0052 
      h09551 17 0.8746 0.0064 0.0807 0.0043 0.0265 0.0074 
      h09651 17 0.9466 0.0054 0.0321 0.0030 0.0095 0.0034 
      h09751 17 0.9587 0.0026 0.0265 0.0045 0.0051 0.0025 
      h09851 17 0.9611 0.0048 0.0178 0.0079 0.0051 0.0033 
      h09951 17 0.9695 0.0056 0.0096 0.0039 0.0056 0.0058 
      h10051 17 0.8397 0.0028 0.0118 0.0045 0.0625 0.0787 
       h0018 18 0.0038 0.0027 0.0021 0.0044 0.0028 0.9843 
       h0028 18 0.0072 0.0036 0.1034 0.0202 0.0121 0.8535 
       h0038 18 0.0023 0.0019 0.0019 0.0022 0.0023 0.9893 
       h0048 18 0.0046 0.0017 0.0024 0.0022 0.0026 0.9864 
       h0058 18 0.0031 0.0022 0.0032 0.0031 0.0033 0.9852 
       h0068 18 0.0026 0.0022 0.0093 0.0028 0.0023 0.9808 
       h0078 18 0.0180 0.0036 0.1602 0.0178 0.0151 0.7855 
       h0088 18 0.0023 0.0129 0.0104 0.0286 0.0048 0.9409 
       h0098 18 0.0024 0.0018 0.0026 0.0045 0.0025 0.9861 
       h0108 18 0.0046 0.0035 0.2041 0.0062 0.0038 0.7777 
       h0118 18 0.0052 0.0019 0.0290 0.0036 0.0078 0.9525 
       h0128 18 0.0051 0.0049 0.1581 0.0020 0.0075 0.8224 
       h0138 18 0.0057 0.0337 0.0070 0.1174 0.0087 0.8276 
       h0148 18 0.0068 0.0031 0.0256 0.0079 0.0170 0.9396 
       h0158 18 0.0051 0.0032 0.0035 0.0023 0.0039 0.9820 
       h0168 18 0.0024 0.0016 0.0603 0.0019 0.0026 0.9311 
       h0178 18 0.0029 0.0264 0.0541 0.0025 0.0127 0.9014 
       h0188 18 0.0269 0.0399 0.0120 0.0068 0.0050 0.9094 
       h0198 18 0.0071 0.0040 0.0211 0.0178 0.0033 0.9467 
       h0208 18 0.0048 0.0016 0.0025 0.0021 0.0029 0.9860 
       h0218 18 0.0032 0.0022 0.0064 0.0051 0.0080 0.9752 
       h0228 18 0.0037 0.0028 0.2090 0.0034 0.0055 0.7756 
       h0238 18 0.0408 0.0023 0.0101 0.0064 0.0263 0.9140 
       h0248 18 0.0052 0.0084 0.0028 0.0403 0.0054 0.9379 
       h0258 18 0.0056 0.0157 0.0039 0.0024 0.0039 0.9685 
       h0268 18 0.0050 0.0039 0.0792 0.0066 0.0086 0.8967 
       h0278 18 0.0083 0.0109 0.0188 0.0277 0.0082 0.9261 
       h0288 18 0.0470 0.0025 0.0210 0.0341 0.0082 0.8872 
       h0298 18 0.0029 0.0034 0.0028 0.0020 0.0031 0.9858 
       h0308 18 0.0043 0.0039 0.1282 0.0291 0.0175 0.8170 
       h0318 18 0.0032 0.0021 0.0031 0.0038 0.0044 0.9834 
       h0328 18 0.0039 0.0017 0.0050 0.0026 0.0034 0.9834 
       h0338 18 0.0132 0.0125 0.1269 0.0141 0.0140 0.8193 
       h0348 18 0.0060 0.0024 0.1172 0.0023 0.0032 0.8690 
       h0358 18 0.0071 0.0096 0.1184 0.0086 0.0053 0.8511 
       h0368 18 0.0029 0.0029 0.0721 0.0021 0.0054 0.9146 
       h0378 18 0.0044 0.0270 0.0442 0.0201 0.0039 0.9005 
       h0388 18 0.0031 0.0056 0.1736 0.0028 0.0031 0.8118 
       h0398 18 0.0029 0.0067 0.0278 0.0034 0.0029 0.9564 
       h0408 18 0.0021 0.0014 0.0020 0.0020 0.0029 0.9896 
       h0418 18 0.0041 0.0028 0.0024 0.0030 0.0031 0.9847 
       h0428 18 0.0104 0.0091 0.1910 0.0047 0.0111 0.7737 
       h0438 18 0.0023 0.0018 0.1304 0.0030 0.0045 0.8580 
       h0448 18 0.0224 0.0020 0.0558 0.0044 0.0071 0.9083 
       h0458 18 0.0034 0.0044 0.1711 0.0025 0.0041 0.8146 
       h0468 18 0.0025 0.0032 0.0664 0.0025 0.0065 0.9190 
       h0478 18 0.0041 0.0029 0.2152 0.0040 0.0100 0.7638 
       h0488 18 0.0024 0.0014 0.0082 0.0024 0.0019 0.9837 
       h0498 18 0.0034 0.0021 0.2976 0.0047 0.0025 0.6898 
       h0508 18 0.0026 0.0039 0.0061 0.0033 0.0074 0.9766 
       h0518 18 0.0049 0.0029 0.1425 0.0050 0.0048 0.8398 
       h0528 18 0.0145 0.0020 0.0481 0.0041 0.0249 0.9063 
       h0538 18 0.0031 0.0017 0.1197 0.0045 0.0050 0.8660 
       h0548 18 0.0068 0.0037 0.1964 0.0035 0.0058 0.7838 
       h0558 18 0.0076 0.0033 0.2082 0.0121 0.0036 0.7651 
       h0568 18 0.0059 0.0039 0.1626 0.0065 0.0034 0.8178 
       h0578 18 0.0048 0.0033 0.2285 0.0028 0.0035 0.7571 
       h0588 18 0.0032 0.0028 0.2020 0.0021 0.0040 0.7858 
       h0598 18 0.0025 0.0028 0.0048 0.0026 0.0036 0.9837 
       h0608 18 0.0030 0.0033 0.0037 0.0029 0.0041 0.9830 
       h0618 18 0.0031 0.0030 0.0853 0.0027 0.0031 0.9029 
       h0628 18 0.0020 0.0015 0.0021 0.0024 0.0023 0.9897 
       h0638 18 0.0028 0.0092 0.0034 0.0077 0.0058 0.9712 
       h0648 18 0.0091 0.0040 0.1426 0.0068 0.0050 0.8326 
       h0658 18 0.0067 0.0066 0.1680 0.0060 0.0049 0.8077 
       h0668 18 0.0033 0.0176 0.0619 0.0123 0.0033 0.9017 
       h0678 18 0.0090 0.0014 0.0050 0.0024 0.0332 0.9490 
       h0688 18 0.0065 0.0093 0.1183 0.0230 0.0045 0.8384 
       h0698 18 0.0025 0.0093 0.2112 0.0069 0.0041 0.7659 
       h0708 18 0.0051 0.0018 0.1225 0.0088 0.0030 0.8589 
       h0718 18 0.0040 0.0017 0.1123 0.0092 0.0027 0.8701 
       h0728 18 0.0068 0.0060 0.0212 0.0484 0.0232 0.8944 
       h0738 18 0.0035 0.0021 0.0115 0.0029 0.0033 0.9766 
       h0748 18 0.0024 0.0086 0.0114 0.0022 0.0035 0.9719 
       h0758 18 0.0043 0.0017 0.1218 0.0047 0.0102 0.8572 
       h0768 18 0.0072 0.0021 0.2472 0.0029 0.0026 0.7381 
       h0778 18 0.0174 0.0089 0.1198 0.0036 0.0047 0.8456 
       h0788 18 0.0030 0.0036 0.0815 0.0025 0.0135 0.8959 
       h0798 18 0.0032 0.0021 0.2076 0.0029 0.0040 0.7801 
       h0808 18 0.0023 0.0035 0.0028 0.0022 0.0023 0.9869 
       h0818 18 0.0044 0.0077 0.1409 0.0030 0.0312 0.8128 
       h0828 18 0.0026 0.0037 0.1119 0.0078 0.0036 0.8704 
       h0838 18 0.0056 0.0047 0.0865 0.0058 0.0093 0.8881 
       h0848 18 0.0254 0.0033 0.1025 0.0036 0.0065 0.8587 
       h0858 18 0.0021 0.0018 0.0051 0.0019 0.0026 0.9864 
       h0868 18 0.0049 0.0039 0.1639 0.0056 0.0128 0.8089 
       h0878 18 0.0228 0.0019 0.0258 0.0169 0.0035 0.9291 
       h0888 18 0.0027 0.0018 0.1006 0.0031 0.0031 0.8888 
       h0898 18 0.0208 0.0028 0.0045 0.0058 0.0241 0.9420 
       h0908 18 0.0048 0.0135 0.1394 0.0249 0.0037 0.8138 
       h0918 18 0.0122 0.0027 0.0045 0.0033 0.0030 0.9743 
       h0928 18 0.0057 0.0027 0.0211 0.0066 0.0080 0.9558 
       h0938 18 0.0155 0.0145 0.0077 0.0105 0.0052 0.9466 
       h0948 18 0.0151 0.0069 0.1629 0.0169 0.0153 0.7828 
       h0958 18 0.0036 0.0039 0.0037 0.0028 0.0074 0.9785 
       h0968 18 0.0058 0.0042 0.1128 0.0069 0.0029 0.8674 
       h0978 18 0.0214 0.0061 0.0474 0.0372 0.0141 0.8738 
       h0988 18 0.0249 0.0034 0.0135 0.0045 0.0097 0.9440 
       h0998 18 0.0059 0.0027 0.0270 0.0027 0.0058 0.9559 
       h1008 18 0.0028 0.0024 0.0025 0.0048 0.0024 0.9851 
      h00111 19 0.0034 0.8587 0.1163 0.0084 0.0043 0.0089 
      h00211 19 0.0037 0.8925 0.0164 0.0024 0.0794 0.0057 
      h00311 19 0.0047 0.8982 0.0727 0.0061 0.0046 0.0137 
      h00411 19 0.0557 0.8185 0.1073 0.0047 0.0098 0.0040 
      h00511 19 0.0059 0.8633 0.1230 0.0028 0.0026 0.0024 
      h00611 19 0.0030 0.9564 0.0312 0.0043 0.0027 0.0025 
      h00711 19 0.0040 0.7995 0.1875 0.0033 0.0031 0.0025 
      h00811 19 0.0032 0.9596 0.0284 0.0023 0.0031 0.0033 
      h00911 19 0.0021 0.9865 0.0032 0.0038 0.0021 0.0023 
      h01011 19 0.0042 0.9602 0.0270 0.0022 0.0025 0.0040 
      h01111 19 0.0143 0.9177 0.0117 0.0107 0.0130 0.0326 
      h01211 19 0.0045 0.9815 0.0031 0.0047 0.0037 0.0026 
      h01311 19 0.0064 0.9211 0.0625 0.0051 0.0024 0.0024 
      h01411 19 0.0391 0.9347 0.0124 0.0062 0.0040 0.0036 
      h01511 19 0.0033 0.9480 0.0297 0.0026 0.0103 0.0062 
      h01611 19 0.0023 0.7878 0.1937 0.0032 0.0042 0.0088 
      h01711 19 0.0028 0.9224 0.0520 0.0134 0.0023 0.0072 
      h01811 19 0.0123 0.8961 0.0792 0.0072 0.0031 0.0020 
      h01911 19 0.0127 0.8939 0.0413 0.0190 0.0206 0.0125 
      h02011 19 0.0031 0.9815 0.0033 0.0069 0.0026 0.0026 
      h02111 19 0.0081 0.9523 0.0290 0.0048 0.0035 0.0023 
      h02211 19 0.0300 0.9257 0.0063 0.0299 0.0029 0.0051 
      h02311 19 0.0029 0.7075 0.2782 0.0044 0.0024 0.0046 
      h02411 19 0.0023 0.7753 0.2077 0.0021 0.0100 0.0026 
      h02511 19 0.0050 0.7197 0.2358 0.0275 0.0053 0.0067 
      h02611 19 0.0302 0.8937 0.0649 0.0052 0.0034 0.0025 
      h02711 19 0.0072 0.9592 0.0058 0.0189 0.0062 0.0027 
      h02811 19 0.0106 0.8783 0.0513 0.0265 0.0289 0.0045 
      h02911 19 0.0151 0.9225 0.0160 0.0360 0.0075 0.0028 
      h03011 19 0.0318 0.8642 0.0105 0.0354 0.0561 0.0021 
      h03111 19 0.0063 0.8584 0.1276 0.0027 0.0028 0.0022 
      h03211 19 0.0113 0.8527 0.0245 0.0726 0.0310 0.0080 
      h03311 19 0.0038 0.7644 0.2102 0.0050 0.0125 0.0041 
      h03411 19 0.0041 0.9820 0.0024 0.0037 0.0034 0.0044 
      h03511 19 0.0029 0.7955 0.1933 0.0028 0.0022 0.0034 
      h03611 19 0.0027 0.8850 0.0992 0.0064 0.0024 0.0043 
      h03711 19 0.0071 0.8924 0.0698 0.0039 0.0250 0.0019 
      h03811 19 0.0021 0.9812 0.0100 0.0027 0.0017 0.0023 
      h03911 19 0.0037 0.8918 0.0977 0.0028 0.0018 0.0023 
      h04011 19 0.0056 0.8941 0.0259 0.0426 0.0191 0.0127 
      h04111 19 0.0034 0.7236 0.2623 0.0039 0.0033 0.0036 
      h04211 19 0.0048 0.9371 0.0135 0.0201 0.0071 0.0174 
      h04311 19 0.0047 0.9432 0.0331 0.0080 0.0085 0.0025 
      h04411 19 0.0373 0.7497 0.0950 0.0035 0.0091 0.1054 
      h04511 19 0.0108 0.9150 0.0291 0.0036 0.0138 0.0276 
      h04611 19 0.0097 0.8677 0.0587 0.0037 0.0565 0.0038 
      h04711 19 0.0023 0.9873 0.0019 0.0042 0.0020 0.0023 
      h04811 19 0.0034 0.9847 0.0039 0.0031 0.0020 0.0029 
      h04911 19 0.0031 0.8305 0.1517 0.0073 0.0045 0.0029 
      h05011 19 0.0031 0.8954 0.0922 0.0030 0.0023 0.0039 
      h05111 19 0.0030 0.7446 0.2405 0.0047 0.0048 0.0023 
      h05211 19 0.0086 0.9385 0.0201 0.0129 0.0077 0.0122 
      h05311 19 0.0041 0.9001 0.0801 0.0033 0.0037 0.0088 
      h05411 19 0.0084 0.9424 0.0265 0.0050 0.0102 0.0075 
      h05511 19 0.0033 0.9863 0.0021 0.0038 0.0025 0.0020 
      h05611 19 0.0092 0.9156 0.0531 0.0100 0.0083 0.0038 
      h05711 19 0.0146 0.8035 0.0464 0.1260 0.0075 0.0020 
      h05811 19 0.0025 0.8741 0.1163 0.0031 0.0020 0.0020 
      h05911 19 0.0040 0.9739 0.0075 0.0064 0.0032 0.0049 
      h06011 19 0.0194 0.9456 0.0136 0.0060 0.0043 0.0111 
      h06111 19 0.0029 0.9319 0.0510 0.0054 0.0036 0.0052 
      h06211 19 0.0029 0.9704 0.0190 0.0039 0.0020 0.0019 
      h06311 19 0.0043 0.7575 0.2296 0.0024 0.0034 0.0028 
      h06411 19 0.0083 0.9400 0.0126 0.0034 0.0309 0.0048 
      h06511 19 0.0034 0.9766 0.0089 0.0024 0.0037 0.0049 
      h06611 19 0.0060 0.7329 0.2446 0.0038 0.0099 0.0029 
      h06711 19 0.0096 0.9373 0.0201 0.0217 0.0090 0.0023 
      h06811 19 0.0063 0.9190 0.0536 0.0035 0.0131 0.0045 
      h06911 19 0.0248 0.9304 0.0153 0.0198 0.0052 0.0045 
      h07011 19 0.0068 0.9281 0.0293 0.0168 0.0152 0.0038 
      h07111 19 0.0031 0.9708 0.0035 0.0070 0.0037 0.0118 
      h07211 19 0.0028 0.9832 0.0025 0.0049 0.0026 0.0040 
      h07311 19 0.0037 0.9639 0.0256 0.0028 0.0022 0.0017 
      h07411 19 0.0049 0.8494 0.1364 0.0021 0.0042 0.0030 
      h07511 19 0.0025 0.9682 0.0218 0.0032 0.0019 0.0023 
      h07611 19 0.0037 0.8394 0.1274 0.0157 0.0086 0.0052 
      h07711 19 0.0020 0.9803 0.0109 0.0035 0.0018 0.0014 
      h07811 19 0.0029 0.9760 0.0139 0.0026 0.0025 0.0021 
      h07911 19 0.0091 0.9355 0.0160 0.0118 0.0221 0.0055 
      h08011 19 0.0020 0.8506 0.1399 0.0035 0.0017 0.0023 
      h08111 19 0.0029 0.9171 0.0526 0.0103 0.0111 0.0060 
      h08211 19 0.0090 0.9135 0.0571 0.0051 0.0135 0.0018 
      h08311 19 0.0052 0.7499 0.2289 0.0052 0.0053 0.0055 
      h08411 19 0.0118 0.9010 0.0572 0.0029 0.0146 0.0125 
      h08511 19 0.0032 0.9875 0.0026 0.0022 0.0020 0.0026 
      h08611 19 0.0220 0.9191 0.0149 0.0138 0.0260 0.0042 
      h08711 19 0.0049 0.9685 0.0167 0.0033 0.0035 0.0032 
      h08811 19 0.0144 0.8846 0.0472 0.0036 0.0103 0.0399 
      h08911 19 0.0061 0.8710 0.0952 0.0106 0.0083 0.0089 
      h09011 19 0.0118 0.8112 0.1475 0.0140 0.0049 0.0106 
      h09111 19 0.0033 0.8912 0.0873 0.0075 0.0089 0.0019 
      h09211 19 0.0058 0.8477 0.1163 0.0151 0.0102 0.0048 
      h09311 19 0.0034 0.9673 0.0145 0.0083 0.0045 0.0019 
      h09411 19 0.0021 0.9659 0.0232 0.0024 0.0041 0.0022 
      h09511 19 0.0087 0.9171 0.0474 0.0052 0.0056 0.0160 
      h09611 19 0.0033 0.9837 0.0029 0.0038 0.0031 0.0032 
      h09711 19 0.0104 0.9325 0.0333 0.0140 0.0050 0.0048 
      h09811 19 0.0031 0.9853 0.0038 0.0039 0.0024 0.0016 
      h09911 19 0.0025 0.9848 0.0057 0.0027 0.0024 0.0018 
      h10011 19 0.0020 0.9882 0.0022 0.0029 0.0021 0.0026 
      h00114 20 0.0068 0.0056 0.2191 0.7548 0.0086 0.0051 
      h00214 20 0.0049 0.0148 0.0026 0.9654 0.0078 0.0046 
      h00314 20 0.0070 0.0020 0.0999 0.8798 0.0049 0.0065 
      h00414 20 0.0126 0.0050 0.0192 0.9273 0.0278 0.0082 
      h00514 20 0.0068 0.0041 0.0137 0.8603 0.0063 0.1088 
      h00614 20 0.0045 0.0053 0.0048 0.9751 0.0042 0.0061 
      h00714 20 0.0062 0.0043 0.0049 0.9758 0.0035 0.0053 
      h00814 20 0.0094 0.0072 0.0124 0.9597 0.0054 0.0059 
      h00914 20 0.0046 0.0039 0.1094 0.7827 0.0891 0.0102 
      h01014 20 0.0179 0.0094 0.0894 0.8770 0.0037 0.0028 
      h01114 20 0.0029 0.0088 0.0351 0.9411 0.0042 0.0078 
      h01214 20 0.0039 0.0037 0.0182 0.9681 0.0030 0.0033 
      h01314 20 0.0089 0.0051 0.0483 0.8852 0.0481 0.0043 
      h01414 20 0.0032 0.0044 0.1853 0.7845 0.0194 0.0032 
      h01514 20 0.0079 0.0064 0.0112 0.9607 0.0101 0.0036 
      h01614 20 0.0043 0.0038 0.0038 0.9806 0.0043 0.0032 
      h01714 20 0.0045 0.0028 0.0041 0.9809 0.0034 0.0043 
      h01814 20 0.0027 0.0019 0.0024 0.9857 0.0038 0.0036 
      h01914 20 0.0027 0.0024 0.0030 0.9866 0.0032 0.0020 
      h02014 20 0.0187 0.0084 0.0559 0.9097 0.0045 0.0028 
      h02114 20 0.0052 0.0333 0.0097 0.9408 0.0082 0.0028 
      h02214 20 0.0038 0.0033 0.0025 0.9744 0.0085 0.0075 
      h02314 20 0.0327 0.0088 0.0080 0.8930 0.0521 0.0055 
      h02414 20 0.0060 0.0056 0.2095 0.7590 0.0061 0.0138 
      h02514 20 0.0070 0.0179 0.0230 0.9454 0.0027 0.0040 
      h02614 20 0.0056 0.0147 0.0121 0.9037 0.0364 0.0275 
      h02714 20 0.0046 0.0036 0.2603 0.7143 0.0089 0.0084 
      h02814 20 0.0094 0.0033 0.1468 0.8301 0.0064 0.0040 
      h02914 20 0.0221 0.0350 0.0327 0.8732 0.0045 0.0325 
      h03014 20 0.0244 0.0044 0.1466 0.8025 0.0158 0.0064 
      h03114 20 0.0172 0.0074 0.0626 0.8915 0.0172 0.0040 
      h03214 20 0.0043 0.0037 0.0108 0.9725 0.0036 0.0052 
      h03314 20 0.0062 0.0218 0.0818 0.8365 0.0070 0.0467 
      h03414 20 0.0028 0.0044 0.1512 0.8330 0.0030 0.0055 
      h03514 20 0.0080 0.0274 0.0111 0.9462 0.0045 0.0028 
      h03614 20 0.0224 0.0054 0.0531 0.9080 0.0082 0.0030 
      h03714 20 0.0198 0.0031 0.0058 0.9572 0.0056 0.0084 
      h03814 20 0.0122 0.0144 0.2641 0.6682 0.0101 0.0310 
      h03914 20 0.0085 0.0123 0.0170 0.9424 0.0150 0.0048 
      h04014 20 0.0209 0.0114 0.0089 0.9435 0.0081 0.0072 
      h04114 20 0.0134 0.0272 0.0054 0.9461 0.0045 0.0035 
      h04214 20 0.0089 0.0133 0.0371 0.9337 0.0034 0.0035 
      h04314 20 0.0302 0.0102 0.0337 0.9130 0.0056 0.0073 
      h04414 20 0.0574 0.1047 0.1565 0.6722 0.0058 0.0034 
      h04514 20 0.0183 0.0108 0.0058 0.9553 0.0060 0.0038 
      h04614 20 0.0073 0.0561 0.2557 0.6716 0.0064 0.0029 
      h04714 20 0.0069 0.0044 0.0456 0.9110 0.0136 0.0186 
      h04814 20 0.0060 0.0042 0.0113 0.8628 0.0180 0.0976 
      h04914 20 0.0043 0.0063 0.0038 0.9773 0.0052 0.0032 
      h05014 20 0.0097 0.0173 0.0071 0.9581 0.0046 0.0032 
      h05114 20 0.0048 0.0031 0.0268 0.9159 0.0043 0.0451 
      h05214 20 0.0031 0.0022 0.0973 0.8904 0.0034 0.0035 
      h05314 20 0.0085 0.0104 0.0119 0.9627 0.0027 0.0038 
      h05414 20 0.0039 0.0038 0.0091 0.9671 0.0062 0.0099 
      h05514 20 0.0068 0.0031 0.0488 0.9329 0.0038 0.0046 
      h05614 20 0.0051 0.0084 0.0022 0.9753 0.0036 0.0054 
      h05714 20 0.0061 0.0046 0.0146 0.9650 0.0038 0.0060 
      h05814 20 0.0060 0.0073 0.0222 0.9481 0.0029 0.0134 
      h05914 20 0.0029 0.0025 0.0026 0.9869 0.0023 0.0028 
      h06014 20 0.0047 0.0033 0.0403 0.9256 0.0104 0.0157 
      h06114 20 0.0043 0.0025 0.0044 0.9730 0.0067 0.0091 
      h06214 20 0.0109 0.0229 0.1537 0.7943 0.0143 0.0039 
      h06314 20 0.0499 0.0038 0.0124 0.9263 0.0052 0.0023 
      h06414 20 0.0064 0.0032 0.0544 0.7480 0.1498 0.0382 
      h06514 20 0.0041 0.0072 0.0891 0.8937 0.0038 0.0022 
      h06614 20 0.0084 0.0331 0.0932 0.8582 0.0045 0.0026 
      h06714 20 0.0052 0.0032 0.1068 0.8493 0.0165 0.0190 
      h06814 20 0.0220 0.0101 0.0397 0.8957 0.0230 0.0095 
      h06914 20 0.0078 0.0072 0.0063 0.9723 0.0036 0.0029 
      h07014 20 0.0106 0.0033 0.0132 0.9626 0.0081 0.0021 
      h07114 20 0.0425 0.0038 0.0167 0.8715 0.0567 0.0088 
      h07214 20 0.0055 0.0101 0.0204 0.9562 0.0027 0.0051 
      h07314 20 0.0058 0.0028 0.2686 0.7112 0.0080 0.0036 
      h07414 20 0.0105 0.0048 0.0063 0.9205 0.0493 0.0085 
      h07514 20 0.0075 0.0041 0.0320 0.9361 0.0167 0.0036 
      h07614 20 0.0102 0.0103 0.0939 0.8655 0.0090 0.0111 
      h07714 20 0.0078 0.0037 0.0303 0.9125 0.0283 0.0174 
      h07814 20 0.0200 0.0483 0.1975 0.7100 0.0171 0.0071 
      h07914 20 0.0103 0.0033 0.0072 0.8926 0.0185 0.0680 
      h08014 20 0.0040 0.0029 0.0024 0.9831 0.0027 0.0048 
      h08114 20 0.0193 0.0444 0.0386 0.8873 0.0080 0.0024 
      h08214 20 0.0089 0.0100 0.0454 0.9295 0.0032 0.0030 
      h08314 20 0.0117 0.0064 0.0405 0.9258 0.0112 0.0044 
      h08414 20 0.0186 0.0048 0.0064 0.9420 0.0121 0.0161 
      h08514 20 0.0056 0.0020 0.0026 0.9469 0.0175 0.0254 
      h08614 20 0.0086 0.0068 0.0172 0.9424 0.0067 0.0183 
      h08714 20 0.0060 0.0293 0.0044 0.9540 0.0032 0.0031 
      h08814 20 0.0029 0.0035 0.0033 0.9802 0.0042 0.0059 
      h08914 20 0.0161 0.0034 0.0590 0.9159 0.0032 0.0024 
      h09014 20 0.0076 0.0049 0.0059 0.9746 0.0030 0.0040 
      h09114 20 0.0062 0.0165 0.1124 0.8165 0.0276 0.0208 
      h09214 20 0.0039 0.0056 0.0094 0.9661 0.0073 0.0077 
      h09314 20 0.0160 0.0043 0.0176 0.9460 0.0120 0.0041 
      h09414 20 0.0045 0.0128 0.0041 0.9734 0.0026 0.0026 
      h09514 20 0.0054 0.0084 0.0464 0.9338 0.0041 0.0019 
      h09614 20 0.0157 0.0251 0.0386 0.8128 0.1040 0.0038 
      h09714 20 0.0053 0.0093 0.0205 0.9554 0.0047 0.0049 
      h09814 20 0.0323 0.0331 0.1837 0.7419 0.0061 0.0029 
      h09914 20 0.0031 0.0041 0.0030 0.9790 0.0030 0.0078 
      h10014 20 0.0211 0.0064 0.0218 0.9414 0.0061 0.0030 
      DAM2HL 21 0.0119 0.0029 0.0025 0.0111 0.9685 0.0032 
       M2ALK 21 0.0048 0.0131 0.0036 0.3173 0.6577 0.0035 
       M2E2J 21 0.0034 0.0033 0.0231 0.0030 0.9297 0.0374 
       M2E73 21 0.0047 0.0036 0.0029 0.0054 0.9792 0.0042 
       M2E74 21 0.0170 0.1037 0.0045 0.0898 0.7816 0.0033 
       M2EUJ 21 0.1330 0.1427 0.0030 0.0560 0.6614 0.0039 
      DAM1XK 21 0.0157 0.0027 0.0028 0.0093 0.9661 0.0033 
       M2057 21 0.0077 0.0043 0.0038 0.0051 0.9772 0.0018 
       M2271 21 0.0074 0.0061 0.0024 0.0108 0.8860 0.0873 
       M27YK 21 0.0528 0.0408 0.0283 0.0260 0.8500 0.0021 
       M2A1H 21 0.0041 0.0033 0.0024 0.0186 0.4988 0.4727 
       M2E0P 21 0.0036 0.0025 0.0026 0.0053 0.9813 0.0047 
       M2E75 21 0.0325 0.0021 0.0020 0.0056 0.9493 0.0085 
       M2E76 21 0.0095 0.0099 0.0038 0.0105 0.9636 0.0028 
      MSV0T5 21 0.0060 0.0020 0.0024 0.0026 0.9808 0.0063 
      MSV241 21 0.0148 0.0031 0.0047 0.0065 0.9672 0.0037 
      MSV2A0 21 0.0061 0.0054 0.0052 0.0049 0.9689 0.0096 
      MSV2A1 21 0.0042 0.0030 0.0022 0.0044 0.9808 0.0054 
      MSV2A8 21 0.0076 0.0049 0.0032 0.0518 0.9284 0.0041 
      DAM1P5 21 0.0024 0.0021 0.0017 0.0025 0.9890 0.0023 
       M1084 21 0.0082 0.0034 0.0026 0.0085 0.9744 0.0029 
      MSV2M4 21 0.0079 0.0056 0.0034 0.0049 0.9717 0.0064 
      MSV2T6 21 0.0065 0.0029 0.0035 0.0069 0.9395 0.0407 
       M1UM1 21 0.0534 0.0376 0.0055 0.0056 0.8926 0.0054 
       M2ECL 21 0.0060 0.0086 0.0060 0.0092 0.9682 0.0020 
       M2EJ0 21 0.0370 0.0031 0.0022 0.0051 0.9501 0.0025 
      MSV20J 21 0.0121 0.0032 0.0025 0.0152 0.9583 0.0087 
      MSV2TK 21 0.0041 0.0188 0.0054 0.0044 0.9653 0.0020 
      MSV2TX 21 0.0035 0.0025 0.0023 0.0068 0.9818 0.0031 
      MSV310 21 0.0037 0.0033 0.0042 0.0044 0.9789 0.0054 
      MSV33F 21 0.0053 0.0043 0.0047 0.0038 0.9658 0.0161 
      DAM35L 21 0.0078 0.0024 0.0023 0.0034 0.9704 0.0137 
       M2E4C 21 0.0042 0.0038 0.0027 0.0105 0.9758 0.0030 
       M2E4H 21 0.0346 0.0150 0.0030 0.0023 0.9394 0.0057 
       M2E65 21 0.0220 0.0106 0.0041 0.1757 0.7842 0.0035 
       M2EEJ 21 0.0029 0.0040 0.0032 0.0033 0.9766 0.0099 
       M2EEP 21 0.0138 0.0051 0.0043 0.0247 0.9430 0.0090 
      MSV1TU 21 0.0040 0.0026 0.0041 0.0063 0.9767 0.0062 
      MSV20M 21 0.0091 0.0032 0.0025 0.0098 0.9700 0.0054 
      MSV223 21 0.0050 0.0028 0.0035 0.0039 0.9803 0.0045 
      MSV22E 21 0.0070 0.0040 0.0036 0.0072 0.9727 0.0055 
      MSV23J 21 0.0042 0.0036 0.0031 0.0023 0.9829 0.0040 
      MSV2K6 21 0.0028 0.0025 0.0024 0.0043 0.9829 0.0050 
      DAM23U 21 0.0043 0.0088 0.0037 0.0093 0.9680 0.0059 
       M2E8A 21 0.0050 0.0061 0.0027 0.0074 0.9702 0.0087 
      MSV2L2 21 0.0048 0.0033 0.0036 0.0062 0.9717 0.0104 
       M1YMH 21 0.0042 0.0034 0.0047 0.0035 0.9772 0.0071 
       M2A84 21 0.0043 0.0035 0.0052 0.0046 0.9752 0.0073 
      MSV23M 21 0.1070 0.0077 0.0032 0.0053 0.8731 0.0037 
     AP.085T 21 0.0039 0.0025 0.0021 0.0067 0.9787 0.0062 
     AP.086J 21 0.7444 0.0068 0.0029 0.1578 0.0801 0.0079 
     AP.08C2 21 0.0694 0.0882 0.0157 0.0491 0.7380 0.0397 
     AP.08CF 21 0.0145 0.0026 0.0023 0.0084 0.9584 0.0137 
     AP.08CX 21 0.0048 0.0028 0.0020 0.0051 0.9826 0.0028 
     AP.08CY 21 0.0107 0.0276 0.0037 0.0110 0.9418 0.0051 
      DAM0JX 21 0.0097 0.0026 0.0024 0.0046 0.9745 0.0061 
      DAM0P4 21 0.0053 0.0034 0.0024 0.0034 0.9789 0.0065 
      DAM0UK 21 0.0188 0.0063 0.0040 0.0040 0.9633 0.0035 
       M2030 21 0.0130 0.0046 0.0024 0.0066 0.9469 0.0265 
      MSV24M 21 0.0088 0.0028 0.0031 0.0057 0.9755 0.0042 
       M20AM 21 0.1057 0.0538 0.0033 0.0259 0.8088 0.0026 
       M21YP 21 0.0030 0.9852 0.0024 0.0042 0.0028 0.0024 
       M2205 21 0.0076 0.0032 0.0017 0.0047 0.9773 0.0055 
       M2206 21 0.0067 0.0032 0.0021 0.0088 0.9752 0.0039 
      MSV267 21 0.0161 0.0027 0.0027 0.0074 0.9666 0.0045 
       M2757 21 0.0440 0.0436 0.0037 0.0325 0.8727 0.0035 
       M27TH 21 0.0089 0.0064 0.0026 0.0064 0.9738 0.0020 
      MSV2JA 21 0.0048 0.0690 0.0039 0.0163 0.8292 0.0768 
      MSV2KU 21 0.0114 0.0080 0.0036 0.0440 0.9096 0.0233 
      MSV2MF 21 0.0047 0.0037 0.0032 0.1689 0.8100 0.0096 
      MSV2TA 21 0.0032 0.0040 0.0021 0.0047 0.9832 0.0029 
      MSV2TE 21 0.0030 0.0028 0.0019 0.0039 0.9854 0.0030 
      MSV2TU 21 0.0115 0.0037 0.0047 0.0066 0.9689 0.0045 
      MSV2UT 21 0.0061 0.0117 0.0039 0.0145 0.9603 0.0036 
      MSV306 21 0.0123 0.0046 0.0031 0.0088 0.9671 0.0041 
      MSV311 21 0.0286 0.0047 0.0020 0.0059 0.9559 0.0030 
      MSV31M 21 0.0180 0.0064 0.0030 0.0082 0.9610 0.0034 
      MSV325 21 0.0037 0.0025 0.0030 0.0066 0.9738 0.0105 
      MSV32H 21 0.0070 0.0083 0.0044 0.0042 0.9651 0.0111 
     CX.112U 21 0.0921 0.0056 0.0039 0.0271 0.8668 0.0045 
      DAM2PC 21 0.0022 0.0028 0.0019 0.0032 0.2232 0.7666 
       M2E48 21 0.0049 0.0032 0.0030 0.0179 0.9673 0.0037 
       M2E7K 21 0.0045 0.0043 0.0031 0.0166 0.9674 0.0041 
       M2E80 21 0.0039 0.0036 0.0032 0.0119 0.9717 0.0056 
       M2EAM 21 0.0035 0.0056 0.0018 0.0077 0.9782 0.0032 
       M2EFF 21 0.0041 0.0083 0.0042 0.0134 0.9664 0.0037 
       M2EFY 21 0.0044 0.0097 0.0028 0.0081 0.9728 0.0022 
       M2EHM 21 0.0293 0.0028 0.0027 0.0095 0.9458 0.0099 
       M2EK0 21 0.0145 0.0039 0.0025 0.0043 0.9693 0.0055 
       M2EK1 21 0.0047 0.0063 0.0020 0.0032 0.9796 0.0042 
      MSV22F 21 0.0183 0.0024 0.0027 0.0169 0.9511 0.0085 
      MSV273 21 0.0042 0.0076 0.0052 0.0069 0.9729 0.0032 
      MSV0TL 21 0.0086 0.0036 0.0032 0.0081 0.3472 0.6294 
      MSV0TT 21 0.0038 0.0042 0.0030 0.0058 0.9767 0.0065 
      MSV12H 21 0.0032 0.0021 0.0023 0.0122 0.9762 0.0038 
      MSV1TH 21 0.0066 0.0076 0.0036 0.1175 0.8407 0.0241 
      MSV275 21 0.0045 0.0064 0.0047 0.0078 0.9479 0.0287 
      MSV286 21 0.0187 0.0086 0.0067 0.0976 0.8646 0.0039 
      MSV2H4 21 0.0041 0.0066 0.0022 0.0050 0.9790 0.0031 
      MSV2K8 21 0.0424 0.0247 0.0030 0.0043 0.9189 0.0067 
      MSV2PM 21 0.0025 0.0021 0.0017 0.0025 0.9890 0.0023 
      MSV2X3 21 0.0034 0.0019 0.0016 0.0035 0.9858 0.0038 
      MSV2X4 21 0.0085 0.0039 0.0037 0.0053 0.9702 0.0084 
      MSV30U 21 0.0029 0.0024 0.0017 0.0036 0.9857 0.0035 
     CX.111C 21 0.0033 0.0018 0.0019 0.0037 0.9834 0.0058 
     AP.07M2 22 0.0173 0.0034 0.0183 0.0083 0.9444 0.0083 
      HRV05C 22 0.0054 0.0025 0.0049 0.0031 0.9743 0.0099 
      HRV077 22 0.0112 0.0307 0.0041 0.0207 0.9252 0.0081 
      HRV0A0 22 0.0041 0.0027 0.0020 0.0043 0.9821 0.0047 
      HRV0MC 22 0.0046 0.0038 0.0029 0.0030 0.9725 0.0132 
      HRV00P 22 0.0065 0.0063 0.0020 0.0051 0.9725 0.0077 
      HRV01J 22 0.0030 0.0072 0.0027 0.0042 0.9723 0.0106 
      HRV026 22 0.0048 0.0023 0.0031 0.0047 0.9633 0.0217 
      HRV02C 22 0.0028 0.0023 0.0019 0.0025 0.9865 0.0041 
      HRV031 22 0.0054 0.0025 0.0021 0.0032 0.9818 0.0050 
      HRV033 22 0.0054 0.0025 0.0021 0.0033 0.9817 0.0050 
      HRV05L 22 0.1253 0.0054 0.0020 0.0051 0.8584 0.0037 
      HRV06A 22 0.0056 0.0073 0.0024 0.0040 0.9765 0.0043 
      HRV07P 22 0.0060 0.0025 0.0021 0.0046 0.9803 0.0045 
      HRV0HC 22 0.0045 0.0097 0.0077 0.0040 0.9696 0.0044 
      HRV0HU 22 0.0197 0.0029 0.0038 0.0043 0.9636 0.0058 
      HRV0K1 22 0.0149 0.0053 0.0023 0.0038 0.9682 0.0054 
      HRV0M6 22 0.0352 0.0145 0.0074 0.0049 0.9175 0.0204 
      HRV0M7 22 0.0062 0.0088 0.0029 0.0064 0.9729 0.0028 
      HRV0MK 22 0.0085 0.0085 0.0019 0.0042 0.9738 0.0033 
      HRV1C7 22 0.0221 0.0034 0.0025 0.0061 0.9537 0.0122 
      HRV1EA 22 0.0049 0.0148 0.0056 0.0169 0.9541 0.0036 
       M147K 22 0.0025 0.0044 0.0017 0.0030 0.9827 0.0057 
      HRV008 22 0.0042 0.0022 0.0023 0.0025 0.9761 0.0127 
      HRV015 22 0.0031 0.0035 0.0034 0.0033 0.9709 0.0158 
      HRV01F 22 0.0054 0.0118 0.0061 0.0031 0.9676 0.0060 
      HRV01L 22 0.0073 0.0026 0.0022 0.0041 0.9707 0.0130 
      HRV01M 22 0.0154 0.0028 0.0028 0.0190 0.9493 0.0108 
      HRV020 22 0.0037 0.0026 0.0037 0.0088 0.9526 0.0287 
      HRV022 22 0.0031 0.0063 0.0066 0.0034 0.9704 0.0102 
      HRV02A 22 0.0044 0.0065 0.0052 0.0049 0.9746 0.0045 
      HRV02K 22 0.0076 0.0026 0.0056 0.0158 0.9314 0.0369 
      HRV04C 22 0.0025 0.0021 0.0022 0.0068 0.9802 0.0062 
      HRV05H 22 0.0086 0.0048 0.0042 0.0042 0.9746 0.0037 
      HRV076 22 0.0054 0.0042 0.0054 0.0106 0.9701 0.0043 
      HRV07H 22 0.0045 0.0028 0.0018 0.0032 0.9841 0.0036 
      HRV07X 22 0.0078 0.0036 0.0057 0.0042 0.9764 0.0023 
      HRV080 22 0.0040 0.0022 0.0022 0.0034 0.9853 0.0029 
      HRV086 22 0.0102 0.0056 0.0032 0.0041 0.9705 0.0064 
      HRV0H3 22 0.0045 0.0061 0.0030 0.0061 0.9705 0.0098 
      HRV0J3 22 0.0054 0.0081 0.0032 0.0043 0.9765 0.0025 
      HRV0JX 22 0.0075 0.0101 0.0056 0.0072 0.9638 0.0058 
      HRV0ML 22 0.0038 0.0027 0.0020 0.0030 0.9797 0.0088 
      HRV1E8 22 0.0105 0.0042 0.0026 0.0070 0.9718 0.0039 
      HRV007 22 0.0187 0.0045 0.0037 0.0232 0.9440 0.0060 
      HRV005 22 0.0112 0.0113 0.0035 0.0231 0.9447 0.0062 
      HRV05U 22 0.0183 0.0031 0.0022 0.0056 0.9630 0.0078 
      HRV01U 22 0.0046 0.0062 0.0026 0.0058 0.9783 0.0024 
     AP.07M1 22 0.0095 0.0049 0.0024 0.0052 0.9693 0.0086 
     AP.07ME 22 0.0103 0.0067 0.0029 0.0148 0.9606 0.0048 
     AP.0817 22 0.0094 0.0040 0.0028 0.0063 0.9746 0.0030 
     AP.0863 22 0.0404 0.0062 0.0106 0.0104 0.9213 0.0112 
     AP.087T 22 0.0128 0.0020 0.0058 0.0034 0.9711 0.0050 
     AP.088T 22 0.0111 0.0025 0.0019 0.0028 0.9776 0.0040 
     CH.0LM1 22 0.0122 0.0041 0.0029 0.0041 0.9688 0.0080 
       M05X5 22 0.0182 0.0077 0.0128 0.0188 0.9336 0.0089 
       M06JH 22 0.0202 0.0180 0.0232 0.1998 0.7249 0.0140 
       M0A6K 22 0.0228 0.0062 0.0030 0.0071 0.9556 0.0053 
       M0ETF 22 0.0055 0.0032 0.0023 0.0038 0.9730 0.0122 
       M0LUP 22 0.0056 0.0049 0.0034 0.0033 0.9781 0.0047 
       M16F1 22 0.0075 0.0032 0.0027 0.0035 0.9368 0.0462 
       M182M 22 0.0117 0.0054 0.0034 0.0063 0.9712 0.0021 
       M1CFL 22 0.0130 0.0042 0.0026 0.0072 0.9545 0.0186 
       M2AXY 22 0.0037 0.0042 0.0029 0.0054 0.9804 0.0033 
       M2AY2 22 0.0132 0.0044 0.0079 0.0080 0.9622 0.0043 
       M2CHP 22 0.0120 0.0073 0.0166 0.0158 0.9368 0.0115 
       W26LK 22 0.0120 0.0034 0.0023 0.0129 0.9615 0.0079 
       W26ME 22 0.0075 0.1325 0.0047 0.0256 0.8209 0.0087 
     AM.07FM 22 0.0032 0.0038 0.0017 0.0043 0.9731 0.0140 
     AM.07FP 22 0.0028 0.0029 0.0025 0.0032 0.9773 0.0111 
     AP.07M4 22 0.0082 0.0020 0.0019 0.0034 0.9806 0.0038 
     AP.07M7 22 0.0026 0.0017 0.0017 0.0020 0.9898 0.0022 
     AP.07M8 22 0.0072 0.0026 0.0028 0.0039 0.9794 0.0041 
     AP.07MA 22 0.0032 0.0030 0.0050 0.0037 0.9800 0.0051 
     AP.07MC 22 0.0169 0.0236 0.0023 0.0082 0.9461 0.0030 
     AP.07P8 22 0.0037 0.0022 0.0061 0.0031 0.9750 0.0100 
     AP.07U8 22 0.0106 0.0039 0.0033 0.0046 0.9502 0.0276 
     AP.081F 22 0.0035 0.0030 0.0029 0.0034 0.9828 0.0044 
     AP.081H 22 0.9191 0.0108 0.0139 0.0099 0.0406 0.0056 
     AP.0820 22 0.0427 0.0033 0.0256 0.0040 0.9181 0.0063 
     AP.0841 22 0.2573 0.0140 0.0266 0.0143 0.6817 0.0061 
     AP.0858 22 0.0334 0.0086 0.0041 0.0124 0.9303 0.0112 
     AP.085U 22 0.0183 0.0046 0.0130 0.0060 0.9524 0.0058 
     AP.085X 22 0.0076 0.0092 0.0022 0.0039 0.9699 0.0073 
     AP.0861 22 0.0047 0.0059 0.0033 0.0047 0.9714 0.0099 
     AP.0864 22 0.0070 0.0021 0.0020 0.0038 0.9798 0.0053 
     AP.086X 22 0.0065 0.0025 0.0023 0.0030 0.9830 0.0026 
     AP.0872 22 0.0062 0.0032 0.0024 0.0049 0.9786 0.0046 
     AP.0875 22 0.7341 0.0730 0.0220 0.0071 0.1593 0.0045 
     AP.087A 22 0.0052 0.0051 0.0024 0.0029 0.9816 0.0027 
     AP.087C 22 0.0386 0.0097 0.0041 0.0063 0.9348 0.0065 
     AP.087E 22 0.0044 0.0031 0.0021 0.0029 0.9841 0.0034 
     AP.087H 22 0.0046 0.0033 0.0022 0.0281 0.9419 0.0200 
     AP.087K 22 0.0162 0.0059 0.0039 0.0089 0.9564 0.0087 
     AP.087L 22 0.0137 0.0034 0.0025 0.0030 0.9585 0.0190 
     AP.087M 22 0.0083 0.0050 0.0033 0.0066 0.9732 0.0035 
     AP.087P 22 0.0109 0.0072 0.0033 0.0047 0.9708 0.0031 
     AP.087U 22 0.3049 0.0113 0.0116 0.0136 0.6094 0.0492 
     AP.087X 22 0.3897 0.0110 0.0070 0.0369 0.5465 0.0089 
     AP.0881 22 0.3462 0.0237 0.0056 0.0288 0.5880 0.0077 
     AP.0882 22 0.0083 0.0049 0.0027 0.1623 0.8068 0.0150 
     AP.0883 22 0.0223 0.0037 0.0112 0.0120 0.9366 0.0142 
     AP.0884 22 0.0035 0.0023 0.0020 0.0040 0.9838 0.0044 
     AP.0885 22 0.0066 0.0043 0.0041 0.0058 0.9745 0.0046 
     AP.0887 22 0.0188 0.0057 0.0029 0.0151 0.9504 0.0072 
     AP.0888 22 0.5839 0.0574 0.2038 0.0091 0.1390 0.0068 
     AP.088A 22 0.0065 0.0044 0.0026 0.0214 0.9618 0.0033 
     AP.088C 22 0.1554 0.0312 0.0097 0.0058 0.6391 0.1588 
     AP.088J 22 0.0094 0.0427 0.0040 0.0040 0.9345 0.0053 
     AP.088K 22 0.1046 0.0107 0.0044 0.0156 0.8575 0.0073 
     AP.088L 22 0.0064 0.0028 0.0022 0.0044 0.9795 0.0047 
     AP.088U 22 0.0027 0.0050 0.0022 0.0068 0.9770 0.0063 
     AP.088X 22 0.0197 0.0021 0.0055 0.0321 0.9291 0.0116 
     AP.08A0 22 0.0089 0.0018 0.0021 0.0026 0.9818 0.0028 
     AP.08A1 22 0.0087 0.0049 0.0031 0.0042 0.9753 0.0038 
     AP.08A3 22 0.0038 0.0031 0.0021 0.0023 0.9852 0.0033 
     AP.08A4 22 0.4310 0.0074 0.0072 0.0178 0.4354 0.1013 
     AP.08A5 22 0.0057 0.0041 0.0020 0.0036 0.9809 0.0037 
     AP.08A6 22 0.0080 0.0033 0.0048 0.0050 0.9761 0.0027 
     AP.08A8 22 0.0214 0.0039 0.0026 0.0035 0.9634 0.0052 
     AP.08AC 22 0.0104 0.0038 0.0060 0.0027 0.9689 0.0083 
     AP.08AH 22 0.0247 0.0207 0.0037 0.0104 0.9325 0.0079 
     AP.08AJ 22 0.0042 0.0035 0.0045 0.0033 0.9808 0.0037 
     AP.08AM 22 0.0158 0.0025 0.0028 0.0043 0.9670 0.0077 
     AP.08AT 22 0.0041 0.0019 0.0024 0.0036 0.9846 0.0034 
     AP.08AX 22 0.0034 0.0017 0.0021 0.0028 0.9859 0.0041 
     CH.0LLP 22 0.0120 0.0023 0.0031 0.0025 0.9748 0.0053 
     CH.0LM2 22 0.0111 0.0043 0.0027 0.0088 0.9685 0.0046 
     CH.0LM4 22 0.1406 0.0072 0.0022 0.0119 0.8333 0.0048 
     CH.0LM5 22 0.0062 0.0036 0.0028 0.0079 0.9737 0.0059 
       M0102 22 0.0054 0.0030 0.0028 0.0034 0.9814 0.0040 
       M023A 22 0.0028 0.0016 0.0018 0.0057 0.9853 0.0028 
       M03MM 22 0.0133 0.0067 0.0035 0.0108 0.9619 0.0039 
       M04PF 22 0.0040 0.0021 0.0022 0.0044 0.9814 0.0059 
       M04XH 22 0.0048 0.0160 0.0059 0.0096 0.9597 0.0040 
       M04XM 22 0.0105 0.0029 0.0025 0.0048 0.9701 0.0092 
       M0557 22 0.0043 0.0117 0.0045 0.0116 0.9647 0.0031 
       M055C 22 0.0100 0.0040 0.0167 0.0160 0.9452 0.0082 
       M05JC 22 0.0103 0.0070 0.0036 0.1380 0.8375 0.0037 
       M05PH 22 0.0208 0.0605 0.0051 0.0327 0.8721 0.0087 
       M05X6 22 0.0033 0.0022 0.0021 0.0082 0.9786 0.0056 
       M07TC 22 0.0038 0.0022 0.0038 0.0062 0.9812 0.0028 
       M0A66 22 0.0028 0.0036 0.0021 0.0032 0.9832 0.0052 
       M0EYT 22 0.0030 0.0039 0.0022 0.0038 0.9805 0.0066 
       M0FF2 22 0.0042 0.0021 0.0019 0.0040 0.9804 0.0074 
       M0HJ6 22 0.0128 0.0128 0.0045 0.0108 0.9561 0.0030 
      HRV0JL 22 0.0049 0.0021 0.0018 0.0032 0.9839 0.0041 
      HRV0JP 22 0.0032 0.0084 0.0026 0.0044 0.9471 0.0344 
      HRV0KA 22 0.0050 0.0068 0.0025 0.0037 0.9791 0.0030 
      HRV0LJ 22 0.0099 0.0045 0.0054 0.0088 0.9587 0.0127 
      HRV0LM 22 0.0051 0.0025 0.0027 0.0053 0.9796 0.0049 
      HRV0LP 22 0.0200 0.0082 0.0070 0.0317 0.9241 0.0089 
       M0HJ8 22 0.0037 0.0045 0.0024 0.0080 0.9753 0.0062 
       M0HM3 22 0.0195 0.0070 0.0025 0.0091 0.9488 0.0132 
       M0J1X 22 0.0041 0.0055 0.0025 0.0026 0.9817 0.0035 
       M0L32 22 0.0034 0.0054 0.0033 0.0070 0.9650 0.0159 
       M0L8F 22 0.0057 0.0022 0.0066 0.0117 0.9704 0.0034 
       M0LUH 22 0.0039 0.0035 0.0024 0.0023 0.9841 0.0037 
       M0XPJ 22 0.0048 0.0049 0.0026 0.0064 0.9714 0.0100 
       M0XTE 22 0.0084 0.0076 0.0048 0.0076 0.9670 0.0046 
       M157H 22 0.0234 0.0035 0.0024 0.0065 0.8910 0.0732 
       M16YU 22 0.0029 0.0017 0.0018 0.0053 0.9836 0.0048 
       M1751 22 0.0111 0.0030 0.0029 0.0045 0.9750 0.0035 
       M1C2H 22 0.0039 0.0035 0.0020 0.0043 0.9830 0.0033 
       M1E60 22 0.0049 0.0022 0.0019 0.0030 0.9842 0.0039 
       M1EKX 22 0.0034 0.0022 0.0020 0.0053 0.9834 0.0038 
       M1EKY 22 0.0043 0.0045 0.0023 0.0047 0.9804 0.0038 
       M1EL3 22 0.0040 0.0050 0.0044 0.0048 0.9778 0.0040 
       M1ELC 22 0.0046 0.0032 0.0032 0.0039 0.9806 0.0046 
       M1ELE 22 0.0034 0.0025 0.0021 0.0028 0.9868 0.0024 
       M2AY0 22 0.0116 0.0028 0.0041 0.0108 0.9649 0.0059 
       M2AY4 22 0.0242 0.1834 0.0024 0.0154 0.7615 0.0131 
       M2AY5 22 0.0064 0.0045 0.0031 0.0042 0.9771 0.0047 
       M2AY8 22 0.0179 0.0342 0.0509 0.0097 0.8716 0.0157 
       M2C3A 22 0.0041 0.0034 0.0025 0.0040 0.9791 0.0069 
       M2C3F 22 0.0042 0.0089 0.0026 0.0078 0.9453 0.0312 
      HRV0ME 22 0.0046 0.0107 0.0042 0.0063 0.9654 0.0088 
       M2CHJ 22 0.0049 0.0040 0.0048 0.0103 0.9686 0.0074 
       M2CHM 22 0.0165 0.0133 0.0155 0.0226 0.9272 0.0049 
       M2CHY 22 0.0032 0.0094 0.0037 0.0052 0.9700 0.0086 
       W23E8 22 0.0045 0.0026 0.0022 0.0053 0.9764 0.0088 
       W23EM 22 0.0050 0.0026 0.0033 0.0038 0.9812 0.0041 
       W23EX 22 0.0035 0.0026 0.0027 0.0038 0.9839 0.0035 
       W23F0 22 0.0053 0.0023 0.0031 0.0035 0.9826 0.0033 
       W26L5 22 0.0056 0.0029 0.0107 0.0077 0.9136 0.0596 
       W26LM 22 0.1570 0.0032 0.0104 0.1168 0.7104 0.0022 
       W26MJ 22 0.0048 0.0028 0.0206 0.0045 0.9627 0.0047 
       W26ML 22 0.0078 0.0035 0.0024 0.0097 0.9741 0.0025 
       W26MT 22 0.0049 0.0039 0.0021 0.0110 0.9757 0.0025 
       W26PE 22 0.5199 0.0224 0.0073 0.0093 0.4366 0.0045 
       W26PJ 22 0.4278 0.1034 0.0106 0.0542 0.3928 0.0111 
       W26PT 22 0.1178 0.0170 0.0022 0.0030 0.8542 0.0060 
       W26PX 22 0.1803 0.0038 0.0065 0.0056 0.7939 0.0100 
       W26T0 22 0.0079 0.0054 0.0032 0.0025 0.9729 0.0081 
       W26TC 22 0.0073 0.0039 0.0018 0.0030 0.9806 0.0034 
       W26TJ 22 0.9598 0.0037 0.0048 0.0076 0.0184 0.0058 
       W26UE 22 0.0071 0.0045 0.0042 0.0080 0.9652 0.0111 
       W26UF 22 0.0056 0.0028 0.0027 0.0070 0.9701 0.0117 
       W26UL 22 0.0062 0.0047 0.0076 0.0024 0.9738 0.0052 
       W26X2 22 0.0062 0.0049 0.0033 0.0087 0.9718 0.0051 
       W2716 22 0.3642 0.0122 0.0069 0.0329 0.5802 0.0037 
      HRV1C6 22 0.0299 0.0024 0.0020 0.0047 0.9452 0.0157 
      HRV1CX 22 0.0100 0.0030 0.0045 0.0074 0.9680 0.0072 
      HRV1E2 22 0.0038 0.0041 0.0020 0.0042 0.9819 0.0039 
      HRV1E4 22 0.0027 0.0028 0.0017 0.0056 0.9846 0.0025 
      HRV1E5 22 0.0052 0.0027 0.0018 0.0060 0.9815 0.0029 
      HRV1EC 22 0.0046 0.0037 0.0026 0.0074 0.9776 0.0040 
      HRV1EK 22 0.0043 0.0101 0.0068 0.0035 0.9674 0.0079 
      HRV001 22 0.0039 0.0108 0.0024 0.0162 0.9622 0.0045 
      HRV00H 22 0.0102 0.0152 0.0028 0.0136 0.9557 0.0025 
      HRV00K 22 0.0070 0.0066 0.0026 0.0101 0.9711 0.0025 
      HRV01X 22 0.0034 0.0028 0.0027 0.0037 0.9735 0.0140 
      HRV025 22 0.0036 0.0079 0.0041 0.0076 0.9703 0.0064 
      HRV028 22 0.0033 0.0028 0.0027 0.0037 0.9734 0.0141 
      HRV041 22 0.0029 0.0029 0.0023 0.0057 0.9831 0.0030 
      HRV04F 22 0.0026 0.0036 0.0022 0.0042 0.9845 0.0029 
      HRV04L 22 0.0030 0.0022 0.0020 0.0087 0.9803 0.0039 
      HRV055 22 0.0030 0.0018 0.0019 0.0069 0.9836 0.0028 
      HRV05J 22 0.0690 0.0024 0.0023 0.0039 0.8617 0.0607 
      HRV07J 22 0.0166 0.0026 0.0020 0.0043 0.9592 0.0153 
      HRV07K 22 0.0029 0.0030 0.0067 0.0033 0.9685 0.0156 
      HRV07L 22 0.0086 0.0050 0.0111 0.0033 0.9663 0.0057 
      HRV07M 22 0.0037 0.0025 0.0021 0.0046 0.9832 0.0039 
      HRV0HM 22 0.0351 0.0327 0.0103 0.0084 0.9043 0.0092 
      HRV0J2 22 0.0064 0.0029 0.0021 0.0022 0.9805 0.0059 
      HRV0K3 22 0.0071 0.0059 0.0023 0.0058 0.9731 0.0058 
      HRV0KE 22 0.0170 0.0033 0.0022 0.0062 0.9669 0.0043 
      HRV0KF 22 0.0134 0.0042 0.0038 0.0046 0.9688 0.0052 
      HRV0KU 22 0.0131 0.0040 0.0055 0.0065 0.9635 0.0074 
      HRV0L6 22 0.0078 0.0047 0.0021 0.0031 0.9788 0.0034 
      HRV0M2 22 0.0061 0.0038 0.0042 0.0077 0.9704 0.0078 
      HRV0MF 22 0.0029 0.0020 0.0023 0.0053 0.9827 0.0048 
      HRV0MJ 22 0.0125 0.0043 0.0090 0.0206 0.8566 0.0971 
      HRV1AT 22 0.0047 0.0028 0.0026 0.0028 0.9845 0.0027 
      HRV1C1 22 0.0047 0.0024 0.0022 0.0027 0.9843 0.0036 
      HRV1CL 22 0.0479 0.0030 0.0031 0.0125 0.9281 0.0054 
      HRV1E1 22 0.0069 0.0043 0.0030 0.0056 0.9769 0.0033 
      HRV1E7 22 0.0052 0.0023 0.0024 0.0065 0.9799 0.0038 
      HRV1EE 22 0.0563 0.0030 0.0021 0.0058 0.9289 0.0039 
      HRV1ET 22 0.0043 0.0035 0.0020 0.0044 0.9826 0.0032 
         148 23 0.1624 0.0210 0.0181 0.0096 0.7844 0.0045 
         149 23 0.3936 0.0152 0.0031 0.0289 0.5532 0.0059 
         213 23 0.6524 0.0054 0.0056 0.0041 0.3181 0.0145 
         215 23 0.9057 0.0030 0.0047 0.0044 0.0700 0.0122 
         218 23 0.1756 0.0045 0.0031 0.0056 0.8015 0.0097 
         219 23 0.3787 0.0323 0.1227 0.0116 0.4473 0.0074 
         222 23 0.2319 0.0067 0.0090 0.0510 0.6751 0.0262 
         224 23 0.0480 0.0128 0.0162 0.0329 0.8731 0.0171 
         225 23 0.5905 0.0146 0.0032 0.0198 0.3560 0.0159 
         229 23 0.0029 0.0023 0.0023 0.0027 0.9875 0.0023 
         231 23 0.1571 0.0072 0.0059 0.0046 0.8193 0.0059 
      HRV1CP 23 0.2375 0.0033 0.0043 0.0206 0.7231 0.0113 
         239 23 0.0076 0.0038 0.0033 0.0050 0.9731 0.0072 
         240 23 0.6836 0.0042 0.0035 0.0096 0.2934 0.0057 
         243 23 0.5295 0.0073 0.0037 0.0110 0.3417 0.1068 
         248 23 0.0031 0.0022 0.0016 0.0035 0.9858 0.0038 
         250 23 0.4846 0.0063 0.0023 0.0062 0.4969 0.0037 
         251 23 0.3186 0.0031 0.0113 0.0188 0.6452 0.0031 
         256 23 0.0156 0.0047 0.0030 0.0154 0.9587 0.0026 
         260 23 0.0319 0.0116 0.0087 0.1542 0.7910 0.0025 
         261 23 0.0067 0.0090 0.0074 0.0048 0.8757 0.0964 
         263 23 0.0202 0.1971 0.0043 0.0070 0.7677 0.0036 
         284 23 0.7084 0.0195 0.0047 0.0266 0.2044 0.0363 
         285 23 0.8058 0.0068 0.0063 0.0133 0.0980 0.0697 
         286 23 0.0068 0.0029 0.0051 0.0048 0.9778 0.0026 
         289 23 0.1887 0.0472 0.0051 0.0273 0.7246 0.0070 
         291 23 0.3640 0.0820 0.0033 0.0105 0.5229 0.0173 
         292 23 0.9632 0.0060 0.0048 0.0128 0.0076 0.0056 
         293 23 0.4617 0.0031 0.0062 0.0053 0.5041 0.0196 
      BF0001 23 0.1617 0.0106 0.0101 0.0085 0.8062 0.0030 
      BF0002 23 0.1097 0.0051 0.0248 0.0058 0.8451 0.0094 
       M2AY6 23 0.0048 0.0048 0.0028 0.0058 0.9774 0.0045 
     Slov472 23 0.3923 0.0029 0.0040 0.0064 0.5789 0.0154 
      BF0026 23 0.6566 0.0138 0.0180 0.2995 0.0096 0.0025 
      BF0028 23 0.9029 0.0042 0.0054 0.0266 0.0589 0.0020 
     CK.0PP5 23 0.9030 0.0050 0.0098 0.0240 0.0376 0.0206 
     CK.0PP8 23 0.8453 0.0036 0.0057 0.0753 0.0647 0.0054 
     CK.0PPC 23 0.6961 0.0054 0.0082 0.2669 0.0167 0.0067 
     Slov166 23 0.8976 0.0048 0.0026 0.0231 0.0692 0.0027 
     Slov189 23 0.8412 0.0038 0.0168 0.0164 0.1126 0.0093 
     Slov196 23 0.5571 0.0105 0.0086 0.0232 0.3974 0.0033 
     Slov204 23 0.9456 0.0269 0.0020 0.0051 0.0166 0.0038 
      Slov24 23 0.4384 0.0245 0.0050 0.0738 0.4534 0.0049 
      Slov26 23 0.7939 0.0059 0.0079 0.1559 0.0076 0.0289 
      Slov33 23 0.5532 0.0157 0.0020 0.0218 0.4025 0.0047 
     Slov447 23 0.4088 0.0064 0.0041 0.2512 0.3250 0.0045 
     Slov449 23 0.1121 0.0217 0.0223 0.0227 0.8155 0.0057 
     Slov492 23 0.7546 0.0076 0.0027 0.2030 0.0291 0.0029 
      Slov56 23 0.0246 0.1330 0.0033 0.6734 0.1592 0.0066 
       Slov7 23 0.8316 0.0523 0.0082 0.0067 0.0916 0.0096 
      Slov70 23 0.9515 0.0033 0.0026 0.0055 0.0059 0.0312 
      Slov75 23 0.9293 0.0544 0.0027 0.0047 0.0060 0.0029 
      Slov78 23 0.9136 0.0188 0.0056 0.0136 0.0393 0.0092 
      Slov85 23 0.0096 0.0041 0.0024 0.0039 0.9731 0.0069 
      BF0003 23 0.4046 0.0038 0.0028 0.0102 0.5632 0.0154 
      BF0004 23 0.0287 0.0064 0.0053 0.0145 0.9374 0.0078 
      BF0005 23 0.7936 0.1459 0.0053 0.0227 0.0286 0.0039 
      BF0006 23 0.9390 0.0037 0.0034 0.0045 0.0460 0.0033 
      BF0007 23 0.9002 0.0217 0.0028 0.0494 0.0186 0.0073 
      BF0008 23 0.8110 0.0137 0.0125 0.1111 0.0486 0.0031 
      BF000A 23 0.9294 0.0038 0.0025 0.0089 0.0511 0.0043 
      BF000C 23 0.1695 0.0218 0.0068 0.0219 0.7705 0.0094 
      BF000E 23 0.5753 0.0386 0.0448 0.0403 0.2903 0.0107 
      BF000F 23 0.1474 0.0619 0.0092 0.0081 0.7705 0.0029 
      BF000H 23 0.4333 0.0179 0.0019 0.0299 0.5113 0.0058 
      BF000J 23 0.6107 0.0416 0.0034 0.0296 0.2968 0.0180 
      BF000K 23 0.7871 0.0061 0.0029 0.0051 0.1942 0.0046 
      BF000L 23 0.0733 0.0673 0.0048 0.1372 0.7141 0.0033 
      BF000M 24 0.9490 0.0020 0.0031 0.0040 0.0354 0.0065 
      BF000P 24 0.9644 0.0023 0.0030 0.0054 0.0196 0.0052 
      BF000T 24 0.9372 0.0031 0.0055 0.0038 0.0419 0.0085 
      BF000U 24 0.9620 0.0029 0.0047 0.0063 0.0155 0.0086 
      BF000X 24 0.9749 0.0040 0.0027 0.0060 0.0092 0.0034 
      BF0010 24 0.9786 0.0037 0.0017 0.0043 0.0091 0.0026 
      BF0011 24 0.9715 0.0020 0.0025 0.0037 0.0142 0.0061 
      BF0012 24 0.9059 0.0608 0.0063 0.0069 0.0166 0.0035 
      BF0013 24 0.8324 0.0207 0.0344 0.0424 0.0575 0.0126 
      BF0014 24 0.9071 0.0051 0.0035 0.0109 0.0615 0.0120 
      BF0015 24 0.9732 0.0034 0.0026 0.0046 0.0108 0.0054 
      BF0016 24 0.9525 0.0033 0.0055 0.0216 0.0112 0.0059 
      BF0017 24 0.9513 0.0069 0.0040 0.0031 0.0323 0.0024 
      BF0018 24 0.7896 0.0070 0.0036 0.0178 0.1433 0.0386 
      BF001A 24 0.9823 0.0026 0.0033 0.0036 0.0052 0.0029 
      BF001C 24 0.9631 0.0043 0.0025 0.0047 0.0204 0.0050 
      BF001E 24 0.9814 0.0044 0.0024 0.0044 0.0033 0.0042 
      BF001F 24 0.8674 0.0382 0.0087 0.0063 0.0707 0.0087 
      BF001H 24 0.9788 0.0036 0.0026 0.0026 0.0091 0.0032 
      BF001J 24 0.9767 0.0042 0.0020 0.0064 0.0049 0.0057 
      BF001K 24 0.9042 0.0100 0.0046 0.0285 0.0422 0.0105 
      BF001L 24 0.9251 0.0058 0.0037 0.0441 0.0052 0.0161 
      BF001M 24 0.9377 0.0019 0.0027 0.0279 0.0077 0.0221 
      BF001P 24 0.9181 0.0044 0.0024 0.0193 0.0072 0.0486 
      BF001T 24 0.9540 0.0041 0.0024 0.0284 0.0067 0.0044 
      BF001U 24 0.9695 0.0083 0.0039 0.0052 0.0104 0.0027 
      BF001X 24 0.9556 0.0051 0.0028 0.0159 0.0182 0.0023 
      BF0020 24 0.9719 0.0049 0.0041 0.0047 0.0107 0.0037 
      BF0022 24 0.9690 0.0041 0.0144 0.0058 0.0030 0.0036 
      BF0023 24 0.9563 0.0068 0.0048 0.0066 0.0069 0.0186 
      BF0025 24 0.9566 0.0026 0.0056 0.0151 0.0125 0.0077 
       h0014 25 0.9360 0.0027 0.0041 0.0057 0.0143 0.0371 
       h0024 25 0.9685 0.0025 0.0023 0.0123 0.0109 0.0035 
       h0034 25 0.9617 0.0034 0.0022 0.0049 0.0077 0.0201 
       h0044 25 0.8716 0.0973 0.0037 0.0164 0.0069 0.0041 
       h0054 25 0.9775 0.0028 0.0026 0.0066 0.0038 0.0067 
       h0064 25 0.9534 0.0030 0.0034 0.0134 0.0169 0.0100 
       h0074 25 0.9699 0.0032 0.0024 0.0026 0.0170 0.0049 
       h0084 25 0.9717 0.0047 0.0030 0.0096 0.0054 0.0057 
       h0094 25 0.9839 0.0030 0.0026 0.0043 0.0036 0.0025 
       h0104 25 0.9808 0.0040 0.0030 0.0041 0.0031 0.0050 
       h0114 25 0.9848 0.0021 0.0019 0.0041 0.0042 0.0029 
       h0124 25 0.9705 0.0023 0.0033 0.0085 0.0096 0.0058 
       h0134 25 0.9692 0.0047 0.0027 0.0050 0.0154 0.0031 
       h0144 25 0.9225 0.0054 0.0039 0.0159 0.0446 0.0075 
       h0154 25 0.9396 0.0032 0.0034 0.0119 0.0341 0.0077 
       h0164 25 0.9592 0.0025 0.0032 0.0056 0.0231 0.0064 
       h0174 25 0.9861 0.0026 0.0024 0.0029 0.0032 0.0029 
       h0184 25 0.9623 0.0045 0.0043 0.0031 0.0160 0.0098 
       h0194 25 0.9569 0.0115 0.0041 0.0066 0.0161 0.0047 
       h0204 25 0.9628 0.0039 0.0021 0.0028 0.0255 0.0029 
       h0214 25 0.9567 0.0033 0.0050 0.0212 0.0062 0.0077 
       h0224 25 0.9680 0.0103 0.0030 0.0110 0.0054 0.0024 
       h0234 25 0.9545 0.0035 0.0031 0.0110 0.0237 0.0042 
       h0244 25 0.8902 0.0058 0.0026 0.0871 0.0088 0.0056 
       h0254 25 0.9758 0.0038 0.0023 0.0074 0.0052 0.0055 
       h0264 25 0.9812 0.0021 0.0019 0.0037 0.0087 0.0025 
       h0274 25 0.8429 0.0020 0.0033 0.0039 0.0184 0.1295 
       h0284 25 0.9623 0.0037 0.0024 0.0068 0.0203 0.0045 
       h0294 25 0.9745 0.0036 0.0025 0.0026 0.0124 0.0045 
       h0304 25 0.9677 0.0063 0.0033 0.0072 0.0104 0.0050 
       h0314 25 0.9617 0.0034 0.0034 0.0056 0.0142 0.0116 
       h0324 25 0.9748 0.0027 0.0024 0.0064 0.0081 0.0056 
       h0334 25 0.9821 0.0038 0.0022 0.0033 0.0057 0.0028 
       h0344 25 0.9681 0.0094 0.0023 0.0079 0.0068 0.0055 
       h0354 25 0.9316 0.0032 0.0022 0.0100 0.0500 0.0029 
       h0364 25 0.9256 0.0030 0.0027 0.0062 0.0280 0.0345 
       h0374 25 0.9645 0.0022 0.0019 0.0051 0.0195 0.0067 
       h0384 25 0.9470 0.0055 0.0032 0.0051 0.0048 0.0345 
       h0394 25 0.9777 0.0041 0.0026 0.0062 0.0058 0.0035 
       h0404 25 0.9721 0.0035 0.0027 0.0071 0.0084 0.0062 
       h0414 25 0.9774 0.0039 0.0026 0.0057 0.0063 0.0041 
       h0424 25 0.9638 0.0047 0.0083 0.0050 0.0106 0.0077 
       h0434 25 0.9849 0.0039 0.0031 0.0023 0.0035 0.0024 
       h0444 25 0.9825 0.0028 0.0030 0.0023 0.0037 0.0056 
       h0454 25 0.8566 0.0050 0.0025 0.0525 0.0795 0.0039 
       h0464 25 0.9524 0.0035 0.0024 0.0075 0.0309 0.0034 
       h0474 25 0.9449 0.0034 0.0032 0.0063 0.0289 0.0133 
       h0484 25 0.9342 0.0033 0.0025 0.0033 0.0472 0.0095 
       h0494 25 0.9761 0.0030 0.0047 0.0059 0.0054 0.0049 
       h0504 25 0.9472 0.0059 0.0088 0.0096 0.0250 0.0035 
       h0514 25 0.9662 0.0031 0.0026 0.0066 0.0114 0.0101 
       h0524 25 0.9831 0.0020 0.0024 0.0028 0.0063 0.0034 
       h0534 25 0.9464 0.0264 0.0021 0.0112 0.0050 0.0089 
       h0544 25 0.9706 0.0019 0.0023 0.0089 0.0074 0.0090 
       h0554 25 0.9722 0.0106 0.0049 0.0037 0.0045 0.0041 
       h0564 25 0.8740 0.0032 0.0039 0.0130 0.0685 0.0373 
       h0574 25 0.9568 0.0032 0.0033 0.0249 0.0072 0.0045 
       h0584 25 0.9690 0.0066 0.0030 0.0072 0.0097 0.0045 
       h0594 25 0.9388 0.0042 0.0032 0.0047 0.0460 0.0031 
       h0604 25 0.9611 0.0024 0.0037 0.0040 0.0201 0.0087 
       h0614 25 0.9667 0.0039 0.0036 0.0069 0.0133 0.0056 
       h0624 25 0.9543 0.0062 0.0031 0.0114 0.0223 0.0028 
       h0634 25 0.9798 0.0046 0.0024 0.0030 0.0068 0.0035 
       h0644 25 0.9524 0.0062 0.0036 0.0079 0.0249 0.0050 
       h0654 25 0.8465 0.0045 0.0024 0.0032 0.1381 0.0053 
       h0664 25 0.9144 0.0035 0.0033 0.0166 0.0549 0.0074 
       h0674 25 0.9842 0.0025 0.0022 0.0031 0.0056 0.0024 
       h0684 25 0.9790 0.0041 0.0020 0.0038 0.0043 0.0068 
       h0694 25 0.9787 0.0049 0.0026 0.0030 0.0067 0.0041 
       h0704 25 0.9741 0.0032 0.0031 0.0034 0.0104 0.0058 
       h0714 25 0.9723 0.0027 0.0035 0.0089 0.0087 0.0039 
       h0724 25 0.9012 0.0029 0.0076 0.0040 0.0570 0.0273 
       h0734 25 0.8789 0.1013 0.0027 0.0045 0.0065 0.0063 
       h0744 25 0.9660 0.0043 0.0040 0.0087 0.0141 0.0029 
       h0754 25 0.8544 0.0056 0.0071 0.0067 0.1212 0.0049 
       h0764 25 0.9378 0.0072 0.0025 0.0071 0.0366 0.0089 
       h0774 25 0.8209 0.0367 0.0024 0.1288 0.0074 0.0039 
       h0784 25 0.9531 0.0025 0.0031 0.0074 0.0304 0.0035 
       h0794 25 0.9792 0.0022 0.0036 0.0038 0.0053 0.0059 
       h0804 25 0.9780 0.0018 0.0020 0.0062 0.0062 0.0056 
       h0814 25 0.9734 0.0021 0.0028 0.0030 0.0140 0.0047 
       h0824 25 0.9788 0.0058 0.0023 0.0046 0.0054 0.0031 
       h0834 25 0.9806 0.0038 0.0026 0.0034 0.0046 0.0050 
       h0844 25 0.9151 0.0088 0.0070 0.0526 0.0106 0.0059 
       h0854 25 0.9706 0.0054 0.0030 0.0086 0.0088 0.0036 
       h0864 25 0.9802 0.0046 0.0024 0.0058 0.0036 0.0033 
       h0874 25 0.9747 0.0023 0.0038 0.0065 0.0075 0.0052 
       h0884 25 0.9483 0.0107 0.0075 0.0108 0.0108 0.0119 
       h0894 25 0.9628 0.0022 0.0024 0.0080 0.0197 0.0049 
       h0904 25 0.9706 0.0056 0.0032 0.0035 0.0121 0.0049 
       h0914 25 0.9511 0.0031 0.0025 0.0069 0.0313 0.0051 
       h0924 25 0.9742 0.0032 0.0028 0.0041 0.0114 0.0042 
       h0934 25 0.9851 0.0024 0.0022 0.0023 0.0044 0.0035 
       h0944 25 0.8660 0.0094 0.0033 0.0042 0.1060 0.0110 
       h0954 25 0.9583 0.0031 0.0021 0.0136 0.0135 0.0094 
       h0964 25 0.9305 0.0034 0.0020 0.0059 0.0524 0.0059 
       h0974 25 0.9522 0.0055 0.0025 0.0100 0.0233 0.0064 
       h0984 25 0.9690 0.0033 0.0058 0.0042 0.0094 0.0081 
       h0994 25 0.9384 0.0056 0.0051 0.0091 0.0127 0.0291 
       h1004 25 0.9571 0.0110 0.0041 0.0122 0.0043 0.0113 
       h1014 25 0.9651 0.0130 0.0021 0.0099 0.0061 0.0037 
       h1024 25 0.9749 0.0051 0.0028 0.0058 0.0068 0.0046 
       h1034 25 0.9779 0.0030 0.0028 0.0046 0.0058 0.0059 
       h1044 25 0.9513 0.0064 0.0037 0.0036 0.0308 0.0043 
       h1054 25 0.9165 0.0081 0.0024 0.0485 0.0147 0.0099 
       h1064 25 0.7536 0.0062 0.0214 0.0077 0.1993 0.0118 
       h1074 25 0.9721 0.0030 0.0024 0.0056 0.0111 0.0059 
       h1084 25 0.9720 0.0039 0.0020 0.0047 0.0085 0.0090 
       h1094 25 0.9802 0.0042 0.0038 0.0050 0.0037 0.0031 
       h1104 25 0.9673 0.0048 0.0038 0.0073 0.0109 0.0059 
       h1114 25 0.8062 0.0035 0.0025 0.0029 0.1778 0.0073 
       h1124 25 0.9299 0.0191 0.0082 0.0213 0.0120 0.0095 
       h1134 25 0.9647 0.0091 0.0027 0.0120 0.0043 0.0073 
       h1144 25 0.9453 0.0075 0.0020 0.0251 0.0117 0.0084 
       h1154 25 0.8984 0.0073 0.0057 0.0065 0.0787 0.0034 
       h1164 25 0.9404 0.0081 0.0026 0.0036 0.0402 0.0051 
       h1174 25 0.9685 0.0047 0.0036 0.0092 0.0084 0.0056 
       h1184 25 0.9424 0.0019 0.0043 0.0381 0.0105 0.0028 
       h1194 25 0.9508 0.0036 0.0038 0.0261 0.0126 0.0030 
       h1204 25 0.9422 0.0076 0.0043 0.0058 0.0091 0.0311 
       h1214 25 0.9779 0.0032 0.0032 0.0042 0.0044 0.0069 
       h1224 25 0.9660 0.0044 0.0040 0.0107 0.0105 0.0043 
       h1234 25 0.9630 0.0043 0.0033 0.0037 0.0214 0.0043 
       h1244 25 0.9742 0.0027 0.0034 0.0084 0.0045 0.0067 
       h1254 25 0.9689 0.0154 0.0028 0.0043 0.0050 0.0035 
     CX.10JP 26 0.9820 0.0032 0.0025 0.0035 0.0052 0.0036 
     CX.10JX 26 0.9693 0.0104 0.0049 0.0054 0.0054 0.0046 
     CX.10K0 26 0.9709 0.0036 0.0034 0.0083 0.0060 0.0080 
     CX.10K5 26 0.9551 0.0058 0.0023 0.0153 0.0128 0.0086 
     CX.10K6 26 0.9840 0.0028 0.0020 0.0039 0.0036 0.0036 
     CX.10K7 26 0.9773 0.0057 0.0033 0.0042 0.0059 0.0036 
     CX.10KA 26 0.9746 0.0090 0.0059 0.0037 0.0047 0.0020 
     CX.10KC 26 0.9769 0.0022 0.0057 0.0086 0.0043 0.0023 
     CX.10KH 26 0.9725 0.0041 0.0070 0.0075 0.0049 0.0039 
     CX.10KL 26 0.9101 0.0043 0.0047 0.0249 0.0039 0.0522 
     CX.10KM 26 0.9863 0.0031 0.0023 0.0032 0.0029 0.0022 
     CX.10KT 26 0.9574 0.0051 0.0024 0.0278 0.0036 0.0036 
     CX.10KU 26 0.9764 0.0050 0.0024 0.0050 0.0083 0.0029 
     CX.10KX 26 0.9792 0.0056 0.0026 0.0027 0.0057 0.0042 
     CX.10L0 26 0.9514 0.0032 0.0036 0.0059 0.0328 0.0031 
     CX.10L6 26 0.9793 0.0053 0.0026 0.0047 0.0046 0.0033 
     CX.10L7 26 0.9599 0.0040 0.0032 0.0217 0.0065 0.0047 
     CX.10L8 26 0.9296 0.0116 0.0144 0.0068 0.0253 0.0123 
     CX.10LA 26 0.9730 0.0060 0.0025 0.0038 0.0081 0.0067 
     CX.10LE 26 0.8816 0.0901 0.0049 0.0115 0.0058 0.0061 
     CX.10LH 26 0.9811 0.0048 0.0028 0.0036 0.0041 0.0036 
     CX.10LK 26 0.9810 0.0027 0.0025 0.0032 0.0047 0.0058 
     CX.10LL 26 0.9793 0.0074 0.0023 0.0039 0.0051 0.0019 
     CX.10LP 26 0.9584 0.0167 0.0066 0.0037 0.0078 0.0069 
     CX.10LT 26 0.9816 0.0035 0.0051 0.0036 0.0036 0.0026 
     CX.10LU 26 0.9779 0.0031 0.0024 0.0053 0.0064 0.0050 
     CX.10M1 26 0.9539 0.0031 0.0027 0.0339 0.0040 0.0023 
     CX.10M2 26 0.9831 0.0059 0.0018 0.0034 0.0035 0.0022 
     CX.10M3 26 0.9731 0.0062 0.0029 0.0042 0.0107 0.0028 
     CX.10M5 26 0.9781 0.0036 0.0028 0.0035 0.0080 0.0039 
     CX.10M6 26 0.9445 0.0230 0.0032 0.0096 0.0117 0.0080 
     CX.10M7 26 0.9277 0.0026 0.0056 0.0193 0.0368 0.0080 
     CX.10M8 26 0.9701 0.0032 0.0031 0.0119 0.0061 0.0056 
     CX.10P3 26 0.9379 0.0071 0.0025 0.0123 0.0199 0.0203 
     CX.10P7 26 0.9695 0.0046 0.0025 0.0050 0.0139 0.0045 
     CX.10PC 26 0.9774 0.0034 0.0019 0.0043 0.0079 0.0052 
     CX.10PE 26 0.9767 0.0101 0.0019 0.0042 0.0049 0.0022 
     CX.10PU 26 0.9668 0.0039 0.0043 0.0063 0.0091 0.0096 
     CX.10PX 26 0.9705 0.0044 0.0026 0.0144 0.0054 0.0027 
     CX.10T0 26 0.9654 0.0078 0.0026 0.0159 0.0057 0.0025 
     CX.10T2 26 0.9801 0.0031 0.0018 0.0070 0.0048 0.0032 
     CX.10JT 26 0.9750 0.0035 0.0085 0.0037 0.0058 0.0037 
     CX.10JY 26 0.9665 0.0147 0.0024 0.0063 0.0044 0.0056 
     CX.10K4 26 0.9774 0.0036 0.0035 0.0072 0.0043 0.0041 
     CX.10KE 26 0.9685 0.0161 0.0027 0.0068 0.0032 0.0026 
     CX.10KY 26 0.9854 0.0024 0.0020 0.0047 0.0032 0.0023 
     CX.10L2 26 0.9797 0.0027 0.0033 0.0052 0.0047 0.0043 
     CX.10L3 26 0.8733 0.0959 0.0039 0.0077 0.0161 0.0031 
     CX.10LF 26 0.9717 0.0035 0.0037 0.0099 0.0059 0.0052 
     CX.10LM 26 0.9103 0.0065 0.0039 0.0147 0.0607 0.0040 
     CX.10LY 26 0.9075 0.0114 0.0058 0.0272 0.0392 0.0089 
     CX.10M0 26 0.9833 0.0021 0.0028 0.0045 0.0040 0.0033 
     CX.10MA 26 0.9342 0.0054 0.0028 0.0083 0.0400 0.0092 
       h0015 27 0.9524 0.0039 0.0037 0.0255 0.0107 0.0038 
       h0025 27 0.9837 0.0032 0.0023 0.0035 0.0039 0.0034 
       h0035 27 0.9830 0.0029 0.0023 0.0041 0.0053 0.0024 
       h0045 27 0.9862 0.0036 0.0027 0.0028 0.0026 0.0021 
       h0055 27 0.9557 0.0047 0.0033 0.0152 0.0127 0.0084 
       h0065 27 0.9251 0.0098 0.0056 0.0159 0.0072 0.0365 
       h0075 27 0.9737 0.0051 0.0036 0.0094 0.0054 0.0028 
       h0085 27 0.9841 0.0023 0.0022 0.0041 0.0047 0.0026 
       h0095 27 0.9798 0.0027 0.0020 0.0045 0.0046 0.0064 
       h0105 27 0.9341 0.0051 0.0170 0.0350 0.0067 0.0021 
       h0115 27 0.9840 0.0019 0.0024 0.0037 0.0031 0.0049 
       h0125 27 0.9779 0.0083 0.0023 0.0051 0.0027 0.0036 
       h0135 27 0.9131 0.0184 0.0034 0.0502 0.0107 0.0043 
       h0145 27 0.9816 0.0038 0.0021 0.0040 0.0049 0.0036 
       h0155 27 0.9723 0.0055 0.0041 0.0031 0.0081 0.0069 
       h0165 27 0.9704 0.0105 0.0030 0.0042 0.0047 0.0072 
       h0175 27 0.9768 0.0039 0.0028 0.0059 0.0050 0.0055 
       h0185 27 0.9774 0.0079 0.0032 0.0040 0.0040 0.0035 
       h0195 27 0.9531 0.0063 0.0021 0.0324 0.0034 0.0026 
       h0205 27 0.9767 0.0025 0.0026 0.0069 0.0080 0.0033 
       h0215 27 0.9767 0.0027 0.0022 0.0085 0.0075 0.0023 
       h0225 27 0.9769 0.0051 0.0023 0.0049 0.0071 0.0037 
       h0235 27 0.9824 0.0028 0.0028 0.0042 0.0053 0.0025 
       h0245 27 0.9719 0.0063 0.0026 0.0062 0.0068 0.0062 
       h0255 27 0.9844 0.0051 0.0017 0.0028 0.0034 0.0026 
       h0265 27 0.9829 0.0029 0.0040 0.0025 0.0050 0.0028 
       h0275 27 0.9861 0.0025 0.0019 0.0038 0.0031 0.0026 
       h0285 27 0.9534 0.0102 0.0057 0.0155 0.0069 0.0083 
       h0295 27 0.9525 0.0067 0.0034 0.0167 0.0156 0.0051 
       h0305 27 0.9715 0.0065 0.0030 0.0077 0.0035 0.0077 
       h0315 27 0.9352 0.0474 0.0041 0.0046 0.0063 0.0023 
       h0325 27 0.9730 0.0043 0.0090 0.0070 0.0033 0.0034 
       h0335 27 0.9667 0.0083 0.0027 0.0082 0.0073 0.0068 
       h0345 27 0.9438 0.0178 0.0047 0.0131 0.0162 0.0045 
       h0355 27 0.9566 0.0154 0.0022 0.0099 0.0072 0.0087 
       h0365 27 0.9533 0.0051 0.0054 0.0097 0.0241 0.0024 
       h0375 27 0.9543 0.0020 0.0020 0.0183 0.0190 0.0044 
       h0385 27 0.9356 0.0398 0.0087 0.0060 0.0073 0.0026 
       h0395 27 0.9770 0.0026 0.0022 0.0109 0.0043 0.0030 
       h0405 27 0.9657 0.0031 0.0085 0.0046 0.0140 0.0041 
       h0415 27 0.9744 0.0105 0.0037 0.0052 0.0033 0.0030 
       h0425 27 0.9815 0.0029 0.0044 0.0029 0.0049 0.0035 
       h0435 27 0.9773 0.0051 0.0023 0.0063 0.0048 0.0042 
       h0445 27 0.9698 0.0076 0.0034 0.0066 0.0066 0.0060 
       h0455 27 0.9790 0.0037 0.0023 0.0039 0.0040 0.0071 
       h0465 27 0.9793 0.0028 0.0045 0.0048 0.0057 0.0029 
       h0475 27 0.9583 0.0044 0.0027 0.0275 0.0028 0.0044 
       h0485 27 0.9322 0.0201 0.0031 0.0056 0.0322 0.0068 
       h0495 27 0.9671 0.0023 0.0026 0.0067 0.0172 0.0040 
       h0505 27 0.9776 0.0065 0.0029 0.0058 0.0038 0.0034 
       h0515 27 0.9730 0.0038 0.0024 0.0092 0.0084 0.0033 
       h0525 27 0.9626 0.0068 0.0037 0.0121 0.0070 0.0078 
       h0535 27 0.9772 0.0026 0.0024 0.0099 0.0054 0.0024 
       h0545 27 0.9786 0.0034 0.0057 0.0039 0.0053 0.0031 
       h0555 27 0.9701 0.0076 0.0026 0.0090 0.0051 0.0056 
       h0565 27 0.9798 0.0074 0.0024 0.0031 0.0033 0.0040 
       h0575 27 0.9156 0.0195 0.0031 0.0440 0.0152 0.0027 
       h0585 27 0.9636 0.0040 0.0036 0.0067 0.0180 0.0040 
       h0595 27 0.9658 0.0081 0.0074 0.0103 0.0061 0.0024 
       h0605 27 0.9553 0.0038 0.0030 0.0278 0.0054 0.0046 
       h0615 27 0.9361 0.0024 0.0038 0.0120 0.0047 0.0410 
       h0625 27 0.9726 0.0108 0.0044 0.0047 0.0042 0.0033 
       h0635 27 0.9738 0.0054 0.0038 0.0072 0.0069 0.0029 
       h0645 27 0.9834 0.0023 0.0024 0.0038 0.0054 0.0027 
       h0655 27 0.9831 0.0026 0.0029 0.0034 0.0041 0.0040 
       h0665 27 0.9816 0.0036 0.0044 0.0047 0.0037 0.0020 
       h0675 27 0.9802 0.0034 0.0030 0.0038 0.0052 0.0044 
       h0685 27 0.9756 0.0035 0.0029 0.0066 0.0050 0.0064 
       h0695 27 0.9647 0.0062 0.0045 0.0071 0.0056 0.0119 
       h0705 27 0.9753 0.0104 0.0028 0.0065 0.0025 0.0025 
       h0715 27 0.9689 0.0025 0.0028 0.0079 0.0140 0.0040 
       h0725 27 0.9531 0.0035 0.0039 0.0079 0.0137 0.0179 
       h0735 27 0.9760 0.0041 0.0029 0.0098 0.0034 0.0039 
       h0745 27 0.9740 0.0110 0.0027 0.0049 0.0043 0.0031 
       h0755 27 0.9696 0.0030 0.0030 0.0121 0.0069 0.0053 
       h0765 27 0.9780 0.0043 0.0038 0.0066 0.0035 0.0037 
       h0775 27 0.9835 0.0021 0.0025 0.0041 0.0041 0.0037 
       h0785 27 0.9558 0.0075 0.0034 0.0132 0.0159 0.0042 
       h0795 27 0.9773 0.0033 0.0021 0.0115 0.0026 0.0032 
       h0805 27 0.9828 0.0057 0.0023 0.0037 0.0038 0.0017 
       h0815 27 0.9724 0.0061 0.0028 0.0052 0.0087 0.0049 
       h0825 27 0.9834 0.0023 0.0023 0.0049 0.0040 0.0031 
       h0835 27 0.9721 0.0029 0.0026 0.0084 0.0111 0.0028 
       h0845 27 0.9788 0.0031 0.0021 0.0076 0.0065 0.0019 
       h0855 27 0.9762 0.0070 0.0018 0.0064 0.0056 0.0030 
       h0865 27 0.9764 0.0032 0.0029 0.0085 0.0071 0.0018 
       h0875 27 0.9817 0.0046 0.0025 0.0056 0.0028 0.0028 
       h0885 27 0.9797 0.0081 0.0034 0.0027 0.0037 0.0024 
       h0895 27 0.9714 0.0033 0.0029 0.0060 0.0112 0.0052 
       h0905 27 0.9505 0.0040 0.0035 0.0342 0.0037 0.0042 
       h0915 27 0.9775 0.0091 0.0042 0.0028 0.0034 0.0030 
       h0925 27 0.9800 0.0028 0.0024 0.0064 0.0055 0.0029 
       h0935 27 0.9777 0.0039 0.0028 0.0046 0.0074 0.0036 
       h0945 27 0.9707 0.0113 0.0030 0.0073 0.0039 0.0038 
       h0955 27 0.9720 0.0062 0.0038 0.0099 0.0049 0.0033 
       h0965 27 0.9798 0.0040 0.0043 0.0028 0.0059 0.0031 
       h0975 27 0.9677 0.0073 0.0023 0.0129 0.0058 0.0041 
       h0985 27 0.9684 0.0064 0.0039 0.0115 0.0072 0.0027 
       h0995 27 0.9805 0.0041 0.0027 0.0035 0.0046 0.0047 
       h1005 27 0.9687 0.0027 0.0030 0.0053 0.0129 0.0075 
       h1015 27 0.9822 0.0033 0.0041 0.0036 0.0043 0.0024 
       h1025 27 0.9717 0.0135 0.0024 0.0042 0.0038 0.0044 
       h1035 27 0.9826 0.0025 0.0023 0.0038 0.0063 0.0025 
       h1045 27 0.9199 0.0475 0.0141 0.0095 0.0042 0.0048 
       h1055 27 0.9709 0.0029 0.0027 0.0041 0.0134 0.0060 
       h1065 27 0.9762 0.0037 0.0027 0.0053 0.0079 0.0042 
       h1075 27 0.9345 0.0148 0.0051 0.0331 0.0094 0.0030 
       h1085 27 0.9744 0.0114 0.0021 0.0056 0.0035 0.0031 
       h1095 27 0.9376 0.0159 0.0039 0.0338 0.0041 0.0047 
       h1105 27 0.9760 0.0044 0.0040 0.0055 0.0060 0.0041 
       h1115 27 0.8530 0.1072 0.0060 0.0215 0.0063 0.0059 
       h1125 27 0.9749 0.0051 0.0027 0.0057 0.0043 0.0072 
       h1135 27 0.9733 0.0047 0.0024 0.0085 0.0048 0.0062 
       h1145 27 0.9653 0.0144 0.0036 0.0066 0.0048 0.0053 
       h1155 27 0.9820 0.0058 0.0016 0.0034 0.0045 0.0027 
       h1165 27 0.9765 0.0058 0.0022 0.0062 0.0065 0.0028 
       h1175 27 0.9747 0.0144 0.0027 0.0029 0.0026 0.0028 
       h1185 27 0.9595 0.0075 0.0047 0.0094 0.0087 0.0103 
       h1195 27 0.9682 0.0044 0.0021 0.0073 0.0115 0.0065 
       h1205 27 0.9399 0.0079 0.0024 0.0334 0.0088 0.0076 
       h1215 27 0.9244 0.0514 0.0033 0.0126 0.0056 0.0027 
       h1225 27 0.9801 0.0042 0.0027 0.0052 0.0049 0.0029 
       h1235 27 0.9841 0.0034 0.0025 0.0039 0.0040 0.0021 
       h1245 27 0.9831 0.0044 0.0020 0.0033 0.0036 0.0036 
       h1255 27 0.9567 0.0050 0.0018 0.0284 0.0051 0.0030 
     CK.0PLA 28 0.0037 0.0026 0.0034 0.0053 0.0043 0.9807 
     CK.0PLC 28 0.0056 0.0029 0.0053 0.0075 0.0098 0.9688 
     CK.0PLE 28 0.0035 0.0032 0.0022 0.0032 0.0032 0.9847 
     CK.0PLF 28 0.0138 0.0099 0.0062 0.0100 0.0146 0.9455 
     CK.0PLH 28 0.0018 0.0019 0.0022 0.0027 0.0034 0.9880 
     CK.0PLJ 28 0.0130 0.0047 0.0027 0.0020 0.0055 0.9721 
     CK.0PLK 28 0.0021 0.0020 0.0017 0.0034 0.0031 0.9877 
     CK.0PLL 28 0.0029 0.0025 0.0028 0.0022 0.0034 0.9861 
     CK.0PLM 28 0.0032 0.0038 0.0026 0.0033 0.0029 0.9843 
     CK.0PLP 28 0.0029 0.0022 0.0024 0.0026 0.0038 0.9860 
     CK.0PLT 28 0.0021 0.0017 0.0016 0.0020 0.0021 0.9904 
     CK.0PLU 28 0.0024 0.0023 0.0021 0.0027 0.0030 0.9875 
     CK.0PLX 28 0.0030 0.0028 0.0037 0.0086 0.0040 0.9779 
     CK.0PLY 28 0.0020 0.0018 0.0016 0.0021 0.0024 0.9900 
     CK.0PM0 28 0.0031 0.0021 0.0021 0.0038 0.0030 0.9859 
     CK.0PM1 28 0.0021 0.0018 0.0018 0.0028 0.0025 0.9890 
     CK.0PM2 28 0.0023 0.0062 0.0023 0.0022 0.0036 0.9834 
     CK.0PM3 28 0.0025 0.0018 0.0026 0.0026 0.0026 0.9879 
     CK.0PM4 28 0.0039 0.0024 0.0030 0.0026 0.0026 0.9855 
     CK.0PM7 28 0.0030 0.0022 0.0021 0.0024 0.0026 0.9877 
     CK.0PM8 28 0.0026 0.0020 0.0017 0.0024 0.0022 0.9892 
     CK.0PMA 28 0.0035 0.0043 0.0031 0.0032 0.0029 0.9830 
       M2C06 28 0.0028 0.0019 0.0020 0.0020 0.0025 0.9889 
       M2C07 28 0.0018 0.0016 0.0015 0.0019 0.0019 0.9912 
       M2C08 28 0.0016 0.0015 0.0015 0.0016 0.0019 0.9917 
       M2C0A 28 0.0023 0.0029 0.0021 0.0021 0.0026 0.9879 
       M2C0C 28 0.0027 0.0021 0.0019 0.0026 0.0025 0.9882 
       M2C0E 28 0.0020 0.0017 0.0020 0.0021 0.0025 0.9896 
       h0012 29 0.0025 0.0059 0.0028 0.0018 0.0027 0.9843 
       h0022 29 0.0024 0.0021 0.0019 0.0022 0.0023 0.9891 
       h0032 29 0.0027 0.0019 0.0023 0.0028 0.0035 0.9868 
       h0042 29 0.0020 0.0028 0.0027 0.0036 0.0025 0.9865 
       h0052 29 0.0087 0.0079 0.0044 0.0078 0.0067 0.9646 
       h0062 29 0.0024 0.0018 0.0015 0.0021 0.0026 0.9896 
       h0072 29 0.0030 0.0030 0.0020 0.0034 0.0036 0.9850 
       h0082 29 0.0032 0.0074 0.0022 0.0022 0.0039 0.9810 
       h0092 29 0.0023 0.0016 0.0017 0.0023 0.0028 0.9891 
       h0102 29 0.0037 0.0045 0.0024 0.0042 0.0053 0.9798 
       h0112 29 0.0035 0.0042 0.0027 0.0031 0.0031 0.9835 
       h0122 29 0.0024 0.0021 0.0021 0.0024 0.0021 0.9888 
       h0132 29 0.0019 0.0016 0.0019 0.0022 0.0020 0.9905 
       h0142 29 0.0023 0.0018 0.0023 0.0024 0.0023 0.9889 
       h0152 29 0.0024 0.0024 0.0022 0.0017 0.0033 0.9879 
       h0162 29 0.0022 0.0017 0.0024 0.0023 0.0021 0.9894 
       h0172 29 0.0048 0.0032 0.0020 0.0035 0.0039 0.9826 
       h0182 29 0.0024 0.0019 0.0025 0.0028 0.0024 0.9881 
       h0192 29 0.0028 0.0030 0.0022 0.0036 0.0025 0.9860 
       h0202 29 0.0017 0.0016 0.0018 0.0020 0.0020 0.9909 
       h0212 29 0.0026 0.0016 0.0019 0.0024 0.0038 0.9877 
       h0222 29 0.0028 0.0018 0.0031 0.0026 0.0047 0.9850 
       h0232 29 0.0028 0.0059 0.0027 0.0047 0.0029 0.9810 
       h0242 29 0.0022 0.0037 0.0015 0.0023 0.0043 0.9859 
       h0252 29 0.0025 0.0031 0.0020 0.0019 0.0029 0.9877 
       h0262 29 0.0019 0.0019 0.0018 0.0018 0.0023 0.9903 
       h0272 29 0.0023 0.0017 0.0018 0.0025 0.0027 0.9890 
       h0282 29 0.0032 0.0030 0.0033 0.0038 0.0026 0.9842 
       h0292 29 0.0027 0.0023 0.0023 0.0027 0.0024 0.9875 
       h0302 29 0.0058 0.0019 0.0039 0.0020 0.0039 0.9825 
       h0312 29 0.0023 0.0023 0.0017 0.0019 0.0023 0.9895 
       h0322 29 0.0029 0.0022 0.0021 0.0023 0.0032 0.9873 
       h0332 29 0.0031 0.0024 0.0031 0.0019 0.0031 0.9863 
       h0342 29 0.0018 0.0015 0.0019 0.0018 0.0023 0.9906 
       h0352 29 0.0067 0.0026 0.0026 0.0023 0.0052 0.9807 
       h0362 29 0.0023 0.0018 0.0018 0.0044 0.0028 0.9869 
       h0372 29 0.0023 0.0023 0.0021 0.0018 0.0036 0.9879 
       h0382 29 0.0028 0.0015 0.0024 0.0017 0.0030 0.9886 
       h0392 29 0.0020 0.0022 0.0022 0.0022 0.0023 0.9892 
       h0402 29 0.0020 0.0016 0.0015 0.0021 0.0031 0.9897 
       h0412 29 0.0018 0.0017 0.0019 0.0016 0.0025 0.9904 
       h0422 29 0.0024 0.0020 0.0024 0.0037 0.0032 0.9864 
       h0432 29 0.0035 0.0027 0.0034 0.0028 0.0036 0.9840 
       h0442 29 0.0107 0.0091 0.0040 0.0110 0.0149 0.9503 
       h0452 29 0.0028 0.0034 0.0024 0.0028 0.0026 0.9861 
       h0462 29 0.0023 0.0020 0.0021 0.0025 0.0023 0.9887 
       h0472 29 0.0019 0.0019 0.0021 0.0020 0.0023 0.9898 
       h0482 29 0.0025 0.0025 0.0018 0.0048 0.0026 0.9858 
       h0492 29 0.0031 0.0040 0.0032 0.0023 0.0044 0.9829 
       h0502 29 0.0024 0.0024 0.0015 0.0020 0.0028 0.9888 
       h0512 29 0.0021 0.0018 0.0020 0.0021 0.0023 0.9897 
       h0522 29 0.0021 0.0019 0.0018 0.0026 0.0027 0.9889 
       h0532 29 0.0028 0.0017 0.0023 0.0023 0.0030 0.9878 
       h0542 29 0.0025 0.0024 0.0020 0.0025 0.0026 0.9880 
       h0552 29 0.0042 0.0034 0.0024 0.0041 0.0041 0.9818 
       h0562 29 0.0049 0.0064 0.0037 0.0054 0.0037 0.9758 
       h0572 29 0.0022 0.0018 0.0017 0.0023 0.0029 0.9890 
       h0582 29 0.0023 0.0018 0.0021 0.0022 0.0033 0.9884 
       h0592 29 0.0155 0.0096 0.0042 0.0100 0.0087 0.9519 
       h0602 29 0.0029 0.0028 0.0018 0.0028 0.0028 0.9869 
       h0612 29 0.0032 0.0029 0.0015 0.0021 0.0034 0.9869 
       h0622 29 0.0026 0.0018 0.0018 0.0027 0.0034 0.9877 
       h0632 29 0.0023 0.0042 0.0018 0.0018 0.0025 0.9875 
       h0642 29 0.0019 0.0018 0.0015 0.0022 0.0023 0.9903 
       h0652 29 0.0020 0.0017 0.0017 0.0029 0.0023 0.9895 
       h0662 29 0.0032 0.0018 0.0019 0.0025 0.0028 0.9877 
       h0672 29 0.0033 0.0023 0.0021 0.0040 0.0031 0.9852 
       h0682 29 0.0029 0.0024 0.0023 0.0038 0.0036 0.9851 
       h0692 29 0.0024 0.0016 0.0023 0.0022 0.0029 0.9885 
       h0702 29 0.0071 0.0133 0.0052 0.0059 0.0063 0.9621 
       h0712 29 0.0021 0.0018 0.0017 0.0027 0.0026 0.9892 
       h0722 29 0.0045 0.0028 0.0047 0.0037 0.0036 0.9807 
       h0732 29 0.0025 0.0016 0.0022 0.0027 0.0041 0.9869 
       h0742 29 0.0028 0.0019 0.0017 0.0023 0.0020 0.9893 
       h0752 29 0.0024 0.0037 0.0017 0.0021 0.0025 0.9875 
       h0762 29 0.0103 0.0067 0.0027 0.0227 0.0068 0.9508 
       h0772 29 0.0050 0.0033 0.0076 0.0052 0.0094 0.9695 
       h0782 29 0.0021 0.0025 0.0017 0.0024 0.0022 0.9891 
       h0792 29 0.0034 0.0032 0.0024 0.0031 0.0033 0.9847 
       h0802 29 0.0041 0.0036 0.0032 0.0042 0.0035 0.9815 
       h0812 29 0.0037 0.0019 0.0017 0.0024 0.0026 0.9877 
       h0822 29 0.0044 0.0074 0.0032 0.0025 0.0060 0.9765 
       h0832 29 0.0048 0.0049 0.0031 0.0037 0.0041 0.9794 
       h0842 29 0.0031 0.0026 0.0027 0.0024 0.0027 0.9865 
       h0852 29 0.0025 0.0024 0.0024 0.0023 0.0030 0.9875 
       h0862 29 0.0040 0.0022 0.0023 0.0023 0.0032 0.9860 
       h0872 29 0.0025 0.0020 0.0024 0.0031 0.0035 0.9865 
       h0882 29 0.0086 0.0055 0.0071 0.0095 0.0111 0.9582 
       h0892 29 0.0054 0.0118 0.0052 0.0063 0.0067 0.9646 
       h0902 29 0.0023 0.0019 0.0026 0.0023 0.0026 0.9884 
       h0912 29 0.0025 0.0018 0.0025 0.0027 0.0031 0.9874 
       h0922 29 0.0029 0.0021 0.0023 0.0021 0.0025 0.9880 
       h0932 29 0.0069 0.0056 0.0024 0.0087 0.0048 0.9716 
       h0942 29 0.0021 0.0023 0.0016 0.0026 0.0020 0.9894 
       h0952 29 0.0022 0.0015 0.0014 0.0020 0.0027 0.9901 
       h0962 29 0.0029 0.0019 0.0023 0.0021 0.0029 0.9880 
       h0972 29 0.0020 0.0023 0.0020 0.0025 0.0028 0.9884 
       h0982 29 0.0030 0.0019 0.0017 0.0019 0.0020 0.9894 
       h0992 29 0.0025 0.0018 0.0020 0.0020 0.0025 0.9891 
       h1002 29 0.0050 0.0092 0.0042 0.0040 0.0050 0.9725 
       h1012 29 0.0032 0.0044 0.0019 0.0027 0.0038 0.9840 
       h1022 29 0.0071 0.0065 0.0023 0.0021 0.0028 0.9792 
       h1032 29 0.0023 0.0028 0.0026 0.0027 0.0023 0.9873 
       h1042 29 0.0016 0.0018 0.0016 0.0021 0.0023 0.9905 
       h1052 29 0.0023 0.0022 0.0022 0.0021 0.0024 0.9889 
       h1062 29 0.0034 0.0022 0.0026 0.0021 0.0032 0.9864 
       h1072 29 0.0020 0.0015 0.0015 0.0020 0.0026 0.9904 
       h1082 29 0.0025 0.0018 0.0020 0.0019 0.0031 0.9887 
       h1092 29 0.0028 0.0017 0.0020 0.0026 0.0030 0.9880 
       h1102 29 0.0027 0.0023 0.0015 0.0020 0.0029 0.9885 
       h1112 29 0.0022 0.0018 0.0017 0.0025 0.0032 0.9886 
       h1122 29 0.0029 0.0024 0.0018 0.0035 0.0032 0.9862 
       h1132 29 0.0058 0.0026 0.0027 0.0024 0.0039 0.9825 
       h1142 29 0.0023 0.0031 0.0024 0.0035 0.0030 0.9859 
       h1152 29 0.0075 0.0046 0.0034 0.0065 0.0034 0.9746 
       h1162 29 0.0039 0.0024 0.0030 0.0027 0.0043 0.9838 
       h1172 29 0.0019 0.0021 0.0017 0.0021 0.0025 0.9897 
       h1182 29 0.0029 0.0028 0.0018 0.0030 0.0028 0.9867 
       h1192 29 0.0030 0.0036 0.0033 0.0036 0.0034 0.9830 
       h1202 29 0.0035 0.0040 0.0045 0.0062 0.0036 0.9782 
       h1212 29 0.0026 0.0024 0.0026 0.0025 0.0022 0.9876 
       h1222 29 0.0023 0.0021 0.0020 0.0027 0.0039 0.9870 
       h1232 29 0.0059 0.0047 0.0021 0.0061 0.0073 0.9740 
       h1242 29 0.0033 0.0019 0.0020 0.0031 0.0045 0.9851 
       h1252 29 0.0029 0.0043 0.0019 0.0024 0.0032 0.9853 
       h1262 29 0.0022 0.0016 0.0030 0.0046 0.0028 0.9858 
       h1272 29 0.0021 0.0019 0.0025 0.0021 0.0022 0.9892 
       h1282 29 0.0019 0.0017 0.0018 0.0022 0.0023 0.9901 
       h1292 29 0.0025 0.0020 0.0034 0.0018 0.0031 0.9872 
       h1302 29 0.0020 0.0014 0.0017 0.0019 0.0024 0.9906 
       h1312 29 0.0022 0.0020 0.0020 0.0027 0.0029 0.9882 
       h1322 29 0.0019 0.0023 0.0022 0.0021 0.0020 0.9895 
       h1332 29 0.0022 0.0018 0.0015 0.0022 0.0025 0.9898 
       h1342 29 0.0025 0.0021 0.0024 0.0033 0.0031 0.9867 
       h1352 29 0.0021 0.0026 0.0023 0.0024 0.0025 0.9881 
       h1362 29 0.0032 0.0023 0.0019 0.0021 0.0031 0.9874 
       h1372 29 0.0022 0.0023 0.0023 0.0034 0.0022 0.9876 
       h1382 29 0.0035 0.0020 0.0020 0.0018 0.0028 0.9880 
       h1392 29 0.0027 0.0027 0.0046 0.0029 0.0028 0.9844 
       h1402 29 0.0030 0.0020 0.0021 0.0024 0.0027 0.9878 
       h1412 29 0.0040 0.0042 0.0029 0.0048 0.0039 0.9803 
       h1422 29 0.0021 0.0017 0.0025 0.0019 0.0024 0.9894 
       h1432 29 0.0019 0.0017 0.0016 0.0026 0.0026 0.9897 
       h1442 29 0.0028 0.0018 0.0031 0.0025 0.0040 0.9858 
       h1452 29 0.0030 0.0018 0.0027 0.0025 0.0047 0.9853 
       h1462 29 0.0020 0.0022 0.0018 0.0018 0.0020 0.9902 
       h1472 29 0.0041 0.0022 0.0024 0.0024 0.0036 0.9851 
       h1482 29 0.0031 0.0022 0.0023 0.0032 0.0034 0.9858 
       h1492 29 0.0021 0.0040 0.0018 0.0018 0.0027 0.9876 
       h1502 29 0.0023 0.0035 0.0019 0.0034 0.0033 0.9856 
       h1512 29 0.0031 0.0025 0.0023 0.0020 0.0032 0.9869 
       h1522 29 0.0033 0.0027 0.0025 0.0025 0.0037 0.9854 
       h1532 29 0.0031 0.0014 0.0020 0.0024 0.0024 0.9887 
       h1542 29 0.0027 0.0022 0.0022 0.0022 0.0027 0.9880 
       h1552 29 0.0063 0.0182 0.0028 0.0042 0.0044 0.9641 
       h1562 29 0.0022 0.0024 0.0020 0.0021 0.0022 0.9891 
       h1572 29 0.0046 0.0028 0.0024 0.0026 0.0062 0.9815 
       h1582 29 0.0023 0.0023 0.0021 0.0020 0.0028 0.9885 
       h1592 29 0.0031 0.0020 0.0021 0.0023 0.0025 0.9881 
       h1602 29 0.0046 0.0247 0.0022 0.0035 0.0051 0.9599 
       h1612 29 0.0019 0.0022 0.0021 0.0025 0.0027 0.9885 
       h1622 29 0.0024 0.0015 0.0021 0.0024 0.0030 0.9886 
       h1632 29 0.0023 0.0036 0.0018 0.0023 0.0024 0.9877 
       h1642 29 0.0041 0.0030 0.0020 0.0037 0.0035 0.9837 
       h1652 29 0.0026 0.0030 0.0034 0.0023 0.0032 0.9856 
       h1662 29 0.0019 0.0016 0.0021 0.0021 0.0023 0.9900 
       h1672 29 0.0031 0.0022 0.0029 0.0024 0.0033 0.9861 
       h1682 29 0.0028 0.0018 0.0020 0.0023 0.0026 0.9885 
       h1692 29 0.0022 0.0017 0.0019 0.0047 0.0037 0.9858 
       h1702 29 0.0019 0.0022 0.0020 0.0020 0.0025 0.9894 
       h1712 29 0.0022 0.0019 0.0019 0.0026 0.0026 0.9888 
       h1722 29 0.0019 0.0017 0.0016 0.0016 0.0025 0.9908 
       h1732 29 0.0018 0.0021 0.0019 0.0033 0.0023 0.9886 
       h1742 29 0.0026 0.0024 0.0030 0.0024 0.0034 0.9863 
       h1752 29 0.0022 0.0019 0.0019 0.0019 0.0029 0.9893 
       h1762 29 0.0342 0.0095 0.0028 0.0069 0.0098 0.9367 
       h1772 29 0.0020 0.0017 0.0018 0.0019 0.0024 0.9903 
       h1782 29 0.0024 0.0025 0.0021 0.0058 0.0031 0.9840 
       h1792 29 0.0028 0.0030 0.0022 0.0055 0.0037 0.9829 
       h1802 29 0.0020 0.0019 0.0020 0.0018 0.0020 0.9902 
       h1812 29 0.0022 0.0019 0.0023 0.0022 0.0027 0.9887 
       h1822 29 0.0023 0.0017 0.0023 0.0021 0.0025 0.9891 
       h1832 29 0.0026 0.0017 0.0018 0.0023 0.0030 0.9886 
       h1842 29 0.0025 0.0028 0.0024 0.0028 0.0021 0.9874 
       h1852 29 0.0079 0.0037 0.0033 0.0033 0.0046 0.9772 
       h1862 29 0.0028 0.0033 0.0020 0.0032 0.0051 0.9836 
       h1872 29 0.0026 0.0018 0.0022 0.0021 0.0025 0.9886 
       h1882 29 0.0042 0.0034 0.0023 0.0022 0.0033 0.9846 
       h1892 29 0.0025 0.0046 0.0023 0.0021 0.0038 0.9847 
       h1902 29 0.0026 0.0033 0.0022 0.0056 0.0072 0.9791 
       h1912 29 0.0019 0.0015 0.0017 0.0021 0.0023 0.9905 
       h1922 29 0.0029 0.0016 0.0026 0.0019 0.0025 0.9886 
       h1932 29 0.0070 0.0081 0.0061 0.0155 0.0107 0.9526 
       h1942 29 0.0025 0.0033 0.0030 0.0035 0.0023 0.9855 
       h1952 29 0.0044 0.0022 0.0030 0.0034 0.0042 0.9828 
       h1962 29 0.0026 0.0023 0.0024 0.0035 0.0031 0.9861 
       h1972 29 0.0021 0.0021 0.0018 0.0021 0.0025 0.9895 
       h1982 29 0.0061 0.0051 0.0036 0.0022 0.0034 0.9796 
       h1992 29 0.0021 0.0028 0.0027 0.0017 0.0023 0.9884 
       h2002 29 0.0026 0.0039 0.0020 0.0036 0.0032 0.9847 
       h2011 29 0.0026 0.0021 0.0020 0.0024 0.0028 0.9880 
       h2021 29 0.0024 0.0045 0.0038 0.0088 0.0026 0.9778 
       h2031 29 0.0031 0.0028 0.0025 0.0034 0.0043 0.9839 
       h2041 29 0.0021 0.0016 0.0016 0.0028 0.0023 0.9895 
       h2051 29 0.0022 0.0021 0.0020 0.0021 0.0024 0.9893 
       h2061 29 0.0018 0.0021 0.0019 0.0018 0.0022 0.9902 
       h2071 29 0.0036 0.0017 0.0023 0.0020 0.0027 0.9875 
       h2081 29 0.0024 0.0016 0.0021 0.0023 0.0022 0.9895 
       h2091 29 0.0035 0.0036 0.0038 0.0027 0.0021 0.9842 
       h2101 29 0.0024 0.0018 0.0017 0.0024 0.0022 0.9895 
       h2111 29 0.0047 0.0091 0.0037 0.0029 0.0043 0.9753 
       h2121 29 0.0029 0.0020 0.0025 0.0024 0.0027 0.9875 
       h2131 29 0.0034 0.0032 0.0034 0.0068 0.0055 0.9777 
       h2141 29 0.0037 0.0017 0.0023 0.0028 0.0039 0.9857 
       h2151 29 0.0033 0.0028 0.0031 0.0071 0.0037 0.9801 
       h2161 29 0.0021 0.0017 0.0016 0.0018 0.0025 0.9902 
       h2171 29 0.0025 0.0033 0.0020 0.0024 0.0035 0.9862 
       h2181 29 0.0020 0.0017 0.0016 0.0017 0.0026 0.9903 
       h2191 29 0.0018 0.0024 0.0024 0.0026 0.0023 0.9885 
       h2201 29 0.0028 0.0022 0.0022 0.0027 0.0027 0.9873 
       h2211 29 0.0022 0.0040 0.0026 0.0048 0.0037 0.9827 
       h2221 29 0.0030 0.0028 0.0019 0.0034 0.0067 0.9823 
       h2231 29 0.0029 0.0021 0.0021 0.0023 0.0022 0.9884 
       h2241 29 0.0025 0.0017 0.0020 0.0023 0.0023 0.9893 
       h2251 29 0.0035 0.0057 0.0048 0.0042 0.0064 0.9754 
       h2261 29 0.0024 0.0045 0.0019 0.0033 0.0023 0.9856 
       h2271 29 0.0029 0.0031 0.0029 0.0021 0.0025 0.9865 
       h2281 29 0.0020 0.0019 0.0022 0.0020 0.0023 0.9898 
       h2291 29 0.0033 0.0019 0.0021 0.0048 0.0052 0.9828 
       h2301 29 0.0031 0.0021 0.0050 0.0024 0.0034 0.9840 
       h2311 29 0.0031 0.0059 0.0021 0.0053 0.0041 0.9795 
       h2321 29 0.0020 0.0017 0.0020 0.0018 0.0034 0.9890 
       h2331 29 0.0046 0.0053 0.0060 0.0027 0.0032 0.9781 
       h2341 29 0.0025 0.0026 0.0022 0.0027 0.0035 0.9864 
       h2351 29 0.0044 0.0033 0.0030 0.0030 0.0036 0.9828 
       h2361 29 0.0018 0.0015 0.0023 0.0022 0.0020 0.9902 
       h2371 29 0.0026 0.0021 0.0016 0.0024 0.0024 0.9888 
       h2381 29 0.0024 0.0021 0.0020 0.0031 0.0044 0.9860 
       h2391 29 0.0024 0.0018 0.0019 0.0029 0.0030 0.9881 
       h2401 29 0.0026 0.0018 0.0019 0.0022 0.0039 0.9876 
       h2411 29 0.0057 0.0016 0.0033 0.0051 0.0085 0.9758 
       h2421 29 0.0033 0.0022 0.0024 0.0042 0.0042 0.9836 
       h2431 29 0.0023 0.0021 0.0017 0.0022 0.0025 0.9891 
       h2441 29 0.0087 0.0219 0.0072 0.0366 0.0090 0.9165 
       h2451 29 0.0020 0.0022 0.0028 0.0026 0.0025 0.9878 
       h2461 29 0.0024 0.0017 0.0032 0.0027 0.0026 0.9875 
       h2471 29 0.0021 0.0019 0.0024 0.0018 0.0027 0.9892 
       h2481 29 0.0029 0.0054 0.0020 0.0083 0.0034 0.9782 
       h2491 29 0.0061 0.0058 0.0024 0.0054 0.0047 0.9756 
       h2501 29 0.0023 0.0025 0.0022 0.0031 0.0029 0.9870 
       h2511 29 0.0021 0.0017 0.0014 0.0023 0.0025 0.9900 
       h2521 29 0.0030 0.0016 0.0018 0.0027 0.0029 0.9880 
       h2531 29 0.0023 0.0016 0.0018 0.0024 0.0026 0.9894 
       h2541 29 0.0031 0.0017 0.0025 0.0025 0.0025 0.9876 
       h2551 29 0.0019 0.0016 0.0024 0.0025 0.0023 0.9893 
       h2561 29 0.0113 0.0046 0.0024 0.0047 0.0040 0.9730 
       h2571 29 0.0019 0.0017 0.0017 0.0025 0.0030 0.9892 
       h2581 29 0.0033 0.0041 0.0026 0.0022 0.0022 0.9855 
       h2591 29 0.0022 0.0017 0.0016 0.0036 0.0030 0.9879 
       h2601 29 0.0023 0.0020 0.0033 0.0034 0.0029 0.9861 
       h2611 29 0.0021 0.0017 0.0029 0.0028 0.0025 0.9880 
       h2621 29 0.0030 0.0016 0.0026 0.0019 0.0030 0.9879 
       h2631 29 0.0034 0.0029 0.0020 0.0054 0.0036 0.9827 
       h2641 29 0.0018 0.0023 0.0016 0.0019 0.0032 0.9892 
       h2651 29 0.0049 0.0053 0.0050 0.0126 0.0088 0.9634 
       h2661 29 0.0019 0.0019 0.0019 0.0030 0.0028 0.9884 
       h2671 29 0.0040 0.0027 0.0027 0.0036 0.0031 0.9840 
       h2681 29 0.0021 0.0014 0.0017 0.0026 0.0023 0.9899 
       h2691 29 0.0025 0.0024 0.0018 0.0035 0.0036 0.9862 
       h2701 29 0.0018 0.0016 0.0023 0.0026 0.0023 0.9894 
       h2711 29 0.0020 0.0020 0.0019 0.0022 0.0028 0.9891 
       h2721 29 0.0025 0.0019 0.0018 0.0027 0.0026 0.9884 
       h2731 29 0.0037 0.0020 0.0022 0.0047 0.0040 0.9834 
       h2741 29 0.0029 0.0027 0.0035 0.0055 0.0049 0.9805 
       h2751 29 0.0024 0.0021 0.0016 0.0027 0.0030 0.9881 
       h2761 29 0.0037 0.0034 0.0018 0.0024 0.0018 0.9869 
       h2771 29 0.0017 0.0018 0.0017 0.0022 0.0024 0.9903 
       h2781 29 0.0046 0.0047 0.0026 0.0024 0.0034 0.9824 
       h2791 29 0.0057 0.0082 0.0024 0.0027 0.0033 0.9778 
       h2801 29 0.0029 0.0033 0.0020 0.0037 0.0033 0.9848 
       h2811 29 0.0029 0.0024 0.0020 0.0028 0.0029 0.9870 
       h2821 29 0.0030 0.0033 0.0024 0.0044 0.0030 0.9839 
       h2831 29 0.0084 0.0027 0.0030 0.0053 0.0044 0.9761 
       h2841 29 0.0030 0.0030 0.0026 0.0028 0.0034 0.9852 
       h2851 29 0.0033 0.0034 0.0020 0.0026 0.0023 0.9864 
       h2861 29 0.0026 0.0028 0.0022 0.0018 0.0020 0.9886 
       h2871 29 0.0018 0.0014 0.0023 0.0021 0.0035 0.9890 
       h2881 29 0.0023 0.0021 0.0020 0.0025 0.0031 0.9880 
       h2891 29 0.0039 0.0031 0.0027 0.0026 0.0041 0.9837 
       h2901 29 0.0024 0.0033 0.0028 0.0051 0.0037 0.9827 
       h2911 29 0.0021 0.0016 0.0018 0.0021 0.0023 0.9900 
       h2921 29 0.0026 0.0021 0.0017 0.0023 0.0027 0.9886 
       h2931 29 0.0022 0.0018 0.0020 0.0029 0.0031 0.9880 
       h2941 29 0.0019 0.0016 0.0025 0.0020 0.0028 0.9892 
       h2951 29 0.0019 0.0017 0.0016 0.0017 0.0022 0.9909 
       h2961 29 0.0020 0.0024 0.0028 0.0022 0.0023 0.9883 
       h2971 29 0.0025 0.0016 0.0015 0.0019 0.0030 0.9894 
       h2981 29 0.0025 0.0022 0.0027 0.0024 0.0027 0.9874 
       h2991 29 0.0027 0.0026 0.0028 0.0034 0.0039 0.9846 
       h3001 29 0.0040 0.0017 0.0030 0.0037 0.0044 0.9832 
     EF.15EU 30 0.0026 0.9883 0.0020 0.0022 0.0020 0.0028 
     EF.15EE 30 0.0023 0.9894 0.0018 0.0025 0.0018 0.0021 
     EF.15EF 30 0.0044 0.9750 0.0025 0.0090 0.0044 0.0047 
     EF.15EH 30 0.0027 0.9890 0.0023 0.0023 0.0022 0.0016 
     EF.15EJ 30 0.0054 0.9396 0.0035 0.0444 0.0043 0.0027 
     EF.15EK 30 0.0018 0.9898 0.0021 0.0024 0.0020 0.0019 
     EF.15EL 30 0.0022 0.9873 0.0036 0.0021 0.0023 0.0025 
     EF.15EM 30 0.0027 0.9849 0.0023 0.0050 0.0030 0.0021 
     EF.15EP 30 0.0024 0.9843 0.0029 0.0045 0.0026 0.0034 
     EF.15ET 30 0.0020 0.9871 0.0034 0.0028 0.0019 0.0027 
     EF.15EX 30 0.0026 0.9891 0.0022 0.0023 0.0021 0.0017 
     EF.15F0 30 0.0031 0.9882 0.0019 0.0027 0.0020 0.0021 
     EF.15F1 30 0.0050 0.9803 0.0035 0.0043 0.0046 0.0024 
     EF.15F2 30 0.0018 0.9890 0.0021 0.0026 0.0019 0.0025 
     EF.15F3 30 0.0031 0.9854 0.0028 0.0037 0.0027 0.0023 
     EF.15F4 30 0.0019 0.9910 0.0016 0.0021 0.0016 0.0018 
     EF.15F5 30 0.0065 0.9805 0.0027 0.0037 0.0046 0.0020 
     EF.15F6 30 0.0025 0.9854 0.0019 0.0051 0.0020 0.0032 
     EF.15FC 30 0.0030 0.9801 0.0027 0.0044 0.0042 0.0056 
     EF.15FE 30 0.0252 0.9446 0.0028 0.0136 0.0086 0.0051 
     EF.15FF 30 0.0023 0.9865 0.0024 0.0042 0.0024 0.0021 
     EF.15FH 30 0.0026 0.9887 0.0017 0.0023 0.0023 0.0024 
     EF.15FJ 30 0.0093 0.9621 0.0028 0.0087 0.0081 0.0091 
     EF.15FK 30 0.0046 0.9709 0.0061 0.0107 0.0037 0.0040 
     EF.15FL 30 0.0021 0.9895 0.0019 0.0022 0.0021 0.0023 
     EF.15FM 30 0.0043 0.9733 0.0026 0.0100 0.0038 0.0060 
     EF.15FP 30 0.0025 0.9876 0.0021 0.0034 0.0022 0.0023 
       h0011 31 0.0024 0.9853 0.0028 0.0045 0.0027 0.0024 
       h0021 31 0.0044 0.9837 0.0033 0.0035 0.0023 0.0029 
       h0031 31 0.0034 0.9855 0.0025 0.0035 0.0029 0.0022 
       h0041 31 0.0024 0.9899 0.0016 0.0022 0.0018 0.0021 
       h0051 31 0.0033 0.9796 0.0028 0.0079 0.0035 0.0029 
       h0061 31 0.0037 0.9867 0.0020 0.0029 0.0022 0.0025 
       h0071 31 0.0032 0.9853 0.0030 0.0027 0.0025 0.0033 
       h0081 31 0.0023 0.9861 0.0031 0.0030 0.0024 0.0031 
       h0091 31 0.0027 0.9825 0.0031 0.0051 0.0031 0.0035 
       h0101 31 0.0034 0.9840 0.0032 0.0042 0.0025 0.0026 
       h0111 31 0.0031 0.9872 0.0019 0.0029 0.0022 0.0027 
       h0121 31 0.0035 0.9840 0.0035 0.0049 0.0021 0.0020 
       h0131 31 0.0028 0.9836 0.0054 0.0034 0.0027 0.0021 
       h0141 31 0.0157 0.9562 0.0056 0.0084 0.0093 0.0047 
       h0151 31 0.0047 0.9806 0.0038 0.0059 0.0030 0.0021 
       h0161 31 0.0058 0.9809 0.0031 0.0029 0.0028 0.0045 
       h0171 31 0.0031 0.9860 0.0026 0.0029 0.0025 0.0030 
       h0181 31 0.0018 0.9892 0.0032 0.0022 0.0016 0.0021 
       h0191 31 0.0037 0.9785 0.0024 0.0087 0.0047 0.0020 
       h0201 31 0.0036 0.9764 0.0030 0.0048 0.0073 0.0049 
       h0211 31 0.0022 0.9901 0.0018 0.0022 0.0019 0.0018 
       h0221 31 0.0043 0.9842 0.0025 0.0043 0.0022 0.0025 
       h0231 31 0.0037 0.9837 0.0025 0.0050 0.0026 0.0025 
       h0241 31 0.0032 0.9842 0.0023 0.0039 0.0038 0.0027 
       h0251 31 0.0031 0.9852 0.0040 0.0022 0.0024 0.0031 
       h0261 31 0.0023 0.9838 0.0036 0.0039 0.0031 0.0032 
       h0271 31 0.0020 0.9897 0.0019 0.0022 0.0021 0.0021 
       h0281 31 0.0024 0.9875 0.0021 0.0034 0.0023 0.0022 
       h0291 31 0.0043 0.9805 0.0029 0.0034 0.0029 0.0059 
       h0301 31 0.0031 0.9852 0.0030 0.0036 0.0024 0.0026 
       h0311 31 0.0033 0.9863 0.0026 0.0026 0.0030 0.0023 
       h0321 31 0.0023 0.9858 0.0027 0.0047 0.0023 0.0022 
       h0331 31 0.0020 0.9904 0.0024 0.0017 0.0018 0.0016 
       h0341 31 0.0019 0.9879 0.0015 0.0035 0.0028 0.0024 
       h0351 31 0.0051 0.9768 0.0046 0.0061 0.0038 0.0036 
       h0361 31 0.0029 0.9871 0.0021 0.0030 0.0021 0.0027 
       h0371 31 0.0021 0.9895 0.0027 0.0021 0.0019 0.0016 
       h0381 31 0.0024 0.9882 0.0023 0.0025 0.0022 0.0024 
       h0391 31 0.0026 0.9857 0.0042 0.0029 0.0022 0.0024 
       h0401 31 0.0027 0.9883 0.0018 0.0027 0.0026 0.0018 
       h0411 31 0.0059 0.9786 0.0033 0.0051 0.0047 0.0025 
       h0421 31 0.0031 0.9840 0.0022 0.0038 0.0029 0.0040 
       h0431 31 0.0023 0.9886 0.0022 0.0030 0.0020 0.0019 
       h0441 31 0.0047 0.9800 0.0019 0.0045 0.0042 0.0046 
       h0451 31 0.0037 0.9784 0.0037 0.0057 0.0035 0.0050 
       h0461 31 0.0041 0.9800 0.0026 0.0053 0.0043 0.0037 
       h0471 31 0.0028 0.9844 0.0018 0.0058 0.0027 0.0025 
       h0481 31 0.0057 0.9818 0.0025 0.0040 0.0034 0.0027 
       h0491 31 0.0022 0.9869 0.0025 0.0044 0.0021 0.0019 
       h0501 31 0.0041 0.9826 0.0042 0.0045 0.0025 0.0022 
       h0511 31 0.0021 0.9896 0.0020 0.0026 0.0019 0.0018 
       h0521 31 0.0038 0.9774 0.0021 0.0099 0.0040 0.0028 
       h0531 31 0.0022 0.9892 0.0023 0.0027 0.0018 0.0017 
       h0541 31 0.0034 0.9793 0.0028 0.0047 0.0042 0.0055 
       h0551 31 0.0024 0.9889 0.0019 0.0031 0.0022 0.0016 
       h0561 31 0.0025 0.9875 0.0029 0.0025 0.0024 0.0022 
       h0571 31 0.0024 0.9882 0.0020 0.0022 0.0027 0.0025 
       h0581 31 0.0021 0.9901 0.0026 0.0019 0.0015 0.0018 
       h0591 31 0.0047 0.9837 0.0023 0.0034 0.0029 0.0030 
       h0601 31 0.0020 0.9899 0.0019 0.0027 0.0018 0.0016 
       h0611 31 0.0030 0.9875 0.0020 0.0028 0.0018 0.0029 
       h0621 31 0.0034 0.9841 0.0032 0.0042 0.0022 0.0030 
       h0631 31 0.0024 0.9879 0.0024 0.0026 0.0023 0.0023 
       h0641 31 0.0028 0.9875 0.0027 0.0030 0.0023 0.0017 
       h0651 31 0.0029 0.9834 0.0025 0.0044 0.0028 0.0040 
       h0661 31 0.0029 0.9852 0.0035 0.0024 0.0026 0.0034 
       h0671 31 0.0025 0.9877 0.0028 0.0026 0.0021 0.0024 
       h0681 31 0.0036 0.9857 0.0030 0.0027 0.0029 0.0022 
       h0691 31 0.0039 0.9812 0.0025 0.0038 0.0030 0.0055 
       h0701 31 0.0019 0.9892 0.0025 0.0024 0.0019 0.0021 
       h0711 31 0.0062 0.9819 0.0018 0.0032 0.0052 0.0017 
       h0721 31 0.0024 0.9896 0.0017 0.0023 0.0019 0.0020 
       h0731 31 0.0031 0.9724 0.0022 0.0151 0.0032 0.0040 
       h0741 31 0.0025 0.9811 0.0022 0.0046 0.0041 0.0055 
       h0751 31 0.0026 0.9865 0.0023 0.0037 0.0028 0.0022 
       h0761 31 0.0039 0.9774 0.0037 0.0061 0.0042 0.0046 
       h0771 31 0.0029 0.9845 0.0020 0.0032 0.0031 0.0043 
       h0781 31 0.0472 0.9214 0.0019 0.0115 0.0121 0.0060 
       h0791 31 0.0058 0.9747 0.0024 0.0085 0.0049 0.0037 
       h0801 31 0.0028 0.9826 0.0032 0.0056 0.0034 0.0025 
       h0811 31 0.0045 0.9800 0.0045 0.0044 0.0037 0.0030 
       h0821 31 0.0038 0.9810 0.0029 0.0044 0.0056 0.0023 
       h0831 31 0.0044 0.9776 0.0022 0.0090 0.0025 0.0043 
       h0841 31 0.0084 0.9424 0.0028 0.0194 0.0212 0.0058 
       h0851 31 0.0024 0.9883 0.0019 0.0030 0.0022 0.0022 
       h0861 31 0.0064 0.9817 0.0030 0.0030 0.0037 0.0022 
       h0871 31 0.0022 0.9895 0.0019 0.0028 0.0019 0.0017 
       h0881 31 0.0046 0.9832 0.0025 0.0035 0.0024 0.0038 
       h0891 31 0.0024 0.9877 0.0024 0.0034 0.0018 0.0022 
       h0901 31 0.0019 0.9910 0.0022 0.0017 0.0017 0.0015 
       h0911 31 0.0037 0.9858 0.0023 0.0036 0.0027 0.0020 
       h0921 31 0.0050 0.9793 0.0028 0.0058 0.0042 0.0030 
       h0931 31 0.0027 0.9863 0.0025 0.0040 0.0022 0.0023 
       h0941 31 0.0023 0.9887 0.0019 0.0026 0.0027 0.0019 
       h0951 31 0.0034 0.9795 0.0024 0.0090 0.0036 0.0022 
       h0961 31 0.0023 0.9869 0.0019 0.0040 0.0024 0.0024 
       h0971 31 0.0024 0.9827 0.0024 0.0082 0.0021 0.0021 
       h0981 31 0.0028 0.9871 0.0031 0.0023 0.0021 0.0026 
       h0991 31 0.0026 0.9890 0.0016 0.0027 0.0020 0.0022 
       h1001 31 0.0026 0.9824 0.0029 0.0037 0.0037 0.0047 
       h1011 31 0.0028 0.9863 0.0020 0.0040 0.0026 0.0024 
       h1021 31 0.0024 0.9856 0.0018 0.0051 0.0019 0.0032 
       h1031 31 0.0031 0.9850 0.0039 0.0040 0.0021 0.0020 
       h1041 31 0.0050 0.9804 0.0049 0.0034 0.0035 0.0029 
       h1051 31 0.0039 0.9800 0.0044 0.0052 0.0035 0.0030 
       h1061 31 0.0028 0.9841 0.0020 0.0032 0.0025 0.0054 
       h1071 31 0.0038 0.9856 0.0030 0.0029 0.0029 0.0018 
       h1081 31 0.0027 0.9879 0.0022 0.0029 0.0025 0.0019 
       h1091 31 0.0032 0.9784 0.0037 0.0042 0.0036 0.0069 
       h1101 31 0.0031 0.9827 0.0030 0.0045 0.0028 0.0039 
       h1111 31 0.0038 0.9856 0.0020 0.0030 0.0030 0.0026 
       h1121 31 0.0022 0.9893 0.0021 0.0022 0.0024 0.0018 
       h1131 31 0.0019 0.9911 0.0016 0.0020 0.0015 0.0018 
       h1141 31 0.0026 0.9892 0.0018 0.0024 0.0022 0.0017 
       h1151 31 0.0023 0.9902 0.0016 0.0023 0.0020 0.0016 
       h1161 31 0.0033 0.9838 0.0032 0.0049 0.0024 0.0026 
       h1171 31 0.0021 0.9890 0.0022 0.0020 0.0020 0.0027 
       h1181 31 0.0035 0.9868 0.0021 0.0033 0.0025 0.0017 
       h1191 31 0.0025 0.9850 0.0027 0.0041 0.0033 0.0024 
       h1201 31 0.0031 0.9856 0.0019 0.0042 0.0031 0.0019 
       h1211 31 0.0047 0.9789 0.0024 0.0078 0.0033 0.0029 
       h1221 31 0.0043 0.9662 0.0029 0.0129 0.0092 0.0046 
       h1231 31 0.0029 0.9834 0.0031 0.0041 0.0027 0.0039 
       h1241 31 0.0048 0.9736 0.0029 0.0083 0.0043 0.0062 
       h1251 31 0.0035 0.9769 0.0028 0.0059 0.0040 0.0069 
       h1261 31 0.0020 0.9903 0.0019 0.0020 0.0020 0.0017 
       h1271 31 0.0019 0.9890 0.0027 0.0026 0.0019 0.0018 
       h1281 31 0.0048 0.9858 0.0017 0.0026 0.0028 0.0023 
       h1291 31 0.0036 0.9827 0.0025 0.0038 0.0037 0.0036 
       h1301 31 0.0027 0.9858 0.0021 0.0036 0.0025 0.0032 
       h1311 31 0.0028 0.9878 0.0022 0.0030 0.0018 0.0024 
       h1321 31 0.0041 0.9818 0.0036 0.0042 0.0037 0.0028 
       h1331 31 0.0027 0.9878 0.0020 0.0030 0.0023 0.0021 
       h1341 31 0.0055 0.9573 0.0025 0.0232 0.0077 0.0039 
       h1351 31 0.0026 0.9863 0.0022 0.0032 0.0031 0.0026 
       h1361 31 0.0024 0.9886 0.0019 0.0036 0.0017 0.0018 
       h1371 31 0.0023 0.9870 0.0022 0.0034 0.0025 0.0026 
       h1381 31 0.0030 0.9840 0.0030 0.0037 0.0035 0.0029 
       h1391 31 0.0063 0.9772 0.0029 0.0059 0.0050 0.0026 
       h1401 31 0.0030 0.9748 0.0037 0.0065 0.0053 0.0067 
       h1411 31 0.0039 0.9846 0.0024 0.0032 0.0029 0.0030 
       h1421 31 0.0042 0.9744 0.0045 0.0100 0.0035 0.0034 
       h1431 31 0.0029 0.9844 0.0024 0.0055 0.0022 0.0026 
       h1441 31 0.0032 0.9882 0.0018 0.0027 0.0025 0.0016 
       h1451 31 0.0024 0.9877 0.0019 0.0027 0.0025 0.0028 
       h1461 31 0.0031 0.9785 0.0036 0.0048 0.0049 0.0051 
       h1471 31 0.0029 0.9867 0.0027 0.0038 0.0021 0.0018 
       h1481 31 0.0026 0.9857 0.0027 0.0051 0.0021 0.0017 
       h1491 31 0.0033 0.9861 0.0030 0.0032 0.0026 0.0019 
       h1501 31 0.0042 0.9837 0.0035 0.0034 0.0030 0.0022 
       h1511 31 0.0034 0.9778 0.0028 0.0096 0.0035 0.0029 
       h1521 31 0.0029 0.9879 0.0025 0.0023 0.0024 0.0020 
       h1531 31 0.0039 0.9860 0.0032 0.0025 0.0027 0.0017 
       h1541 31 0.0078 0.9721 0.0028 0.0075 0.0041 0.0057 
       h1551 31 0.0022 0.9879 0.0024 0.0029 0.0024 0.0022 
       h1561 31 0.0028 0.9853 0.0024 0.0036 0.0025 0.0034 
       h1571 31 0.0036 0.9762 0.0022 0.0058 0.0063 0.0058 
       h1581 31 0.0045 0.9770 0.0021 0.0058 0.0055 0.0052 
       h1591 31 0.0024 0.9847 0.0027 0.0036 0.0028 0.0038 
       h1601 31 0.0020 0.9889 0.0017 0.0034 0.0017 0.0022 
       h1611 31 0.0064 0.9792 0.0032 0.0048 0.0043 0.0021 
       h1621 31 0.0034 0.9704 0.0032 0.0124 0.0040 0.0065 
       h1631 31 0.0033 0.9838 0.0030 0.0038 0.0020 0.0041 
       h1641 31 0.0034 0.9785 0.0046 0.0057 0.0043 0.0035 
       h1651 31 0.0057 0.9594 0.0036 0.0164 0.0106 0.0043 
       h1661 31 0.0034 0.9846 0.0017 0.0048 0.0031 0.0023 
       h1671 31 0.0024 0.9789 0.0021 0.0041 0.0033 0.0091 
       h1681 31 0.0019 0.9899 0.0018 0.0025 0.0020 0.0019 
       h1691 31 0.0026 0.9877 0.0019 0.0025 0.0024 0.0028 
       h1701 31 0.0025 0.9870 0.0024 0.0027 0.0024 0.0030 
       h1711 31 0.0029 0.9871 0.0024 0.0032 0.0021 0.0023 
       h1721 31 0.0020 0.9893 0.0020 0.0030 0.0021 0.0017 
       h1731 31 0.0025 0.9865 0.0025 0.0034 0.0022 0.0028 
       h1741 31 0.0023 0.9878 0.0027 0.0032 0.0020 0.0020 
       h1751 31 0.0025 0.9876 0.0031 0.0031 0.0019 0.0019 
       h1761 31 0.0022 0.9879 0.0017 0.0032 0.0025 0.0024 
       h1771 31 0.0036 0.9822 0.0021 0.0077 0.0026 0.0018 
       h1781 31 0.0018 0.9882 0.0019 0.0025 0.0018 0.0038 
       h1791 31 0.0020 0.9850 0.0020 0.0072 0.0023 0.0016 
       h1801 31 0.0027 0.9869 0.0022 0.0031 0.0028 0.0023 
       h1811 31 0.0029 0.9869 0.0030 0.0030 0.0019 0.0024 
       h1821 31 0.0023 0.9899 0.0016 0.0026 0.0019 0.0018 
       h1831 31 0.0036 0.9816 0.0034 0.0048 0.0040 0.0026 
       h1841 31 0.0027 0.9842 0.0021 0.0047 0.0034 0.0029 
       h1851 31 0.0035 0.9795 0.0018 0.0103 0.0026 0.0023 
       h1861 31 0.0030 0.9813 0.0024 0.0044 0.0027 0.0062 
       h1871 31 0.0024 0.9876 0.0020 0.0033 0.0024 0.0022 
       h1881 31 0.0026 0.9858 0.0019 0.0030 0.0032 0.0036 
       h1891 31 0.0042 0.9751 0.0031 0.0037 0.0092 0.0046 
       h1901 31 0.0024 0.9859 0.0046 0.0033 0.0020 0.0019 
       h1911 31 0.0031 0.9843 0.0024 0.0046 0.0026 0.0031 
       h1921 31 0.0020 0.9907 0.0019 0.0019 0.0017 0.0017 
       h1931 31 0.0028 0.9875 0.0022 0.0031 0.0026 0.0018 
       h1941 31 0.0032 0.9790 0.0034 0.0068 0.0029 0.0048 
       h1951 31 0.0029 0.9876 0.0021 0.0025 0.0028 0.0021 
       h1961 31 0.0027 0.9878 0.0019 0.0026 0.0025 0.0025 
       h1971 31 0.0033 0.9875 0.0020 0.0030 0.0025 0.0018 
       h1981 31 0.0040 0.9819 0.0025 0.0051 0.0042 0.0023 
       h1991 31 0.0025 0.9892 0.0017 0.0025 0.0022 0.0019 
       h2001 31 0.0056 0.9719 0.0056 0.0082 0.0047 0.0040 
        h201 31 0.0024 0.9883 0.0018 0.0026 0.0026 0.0024 
        h202 31 0.0021 0.9868 0.0020 0.0029 0.0026 0.0035 
        h203 31 0.0051 0.9762 0.0039 0.0061 0.0045 0.0042 
        h204 31 0.0038 0.9869 0.0021 0.0025 0.0028 0.0020 
        h205 31 0.0028 0.9866 0.0035 0.0024 0.0025 0.0022 
        h206 31 0.0027 0.9851 0.0024 0.0040 0.0028 0.0030 
        h207 31 0.0036 0.9817 0.0024 0.0050 0.0034 0.0039 
        h208 31 0.0018 0.9880 0.0020 0.0036 0.0016 0.0030 
        h209 31 0.0020 0.9903 0.0019 0.0021 0.0019 0.0018 
        h210 31 0.0023 0.9883 0.0024 0.0029 0.0023 0.0018 
        h211 31 0.0031 0.9839 0.0028 0.0057 0.0026 0.0020 
        h212 31 0.0031 0.9865 0.0024 0.0033 0.0027 0.0020 
        h213 31 0.0029 0.9855 0.0026 0.0033 0.0027 0.0030 
        h214 31 0.0023 0.9874 0.0026 0.0032 0.0024 0.0021 
        h215 31 0.0032 0.9807 0.0023 0.0049 0.0029 0.0059 
        h216 31 0.0031 0.9830 0.0022 0.0052 0.0029 0.0036 
        h217 31 0.0022 0.9889 0.0025 0.0026 0.0021 0.0018 
        h218 31 0.0027 0.9870 0.0026 0.0029 0.0028 0.0020 
        h219 31 0.0039 0.9863 0.0020 0.0036 0.0024 0.0019 
        h220 31 0.0021 0.9897 0.0021 0.0025 0.0019 0.0017 
        h221 31 0.0035 0.9766 0.0031 0.0056 0.0029 0.0084 
        h222 31 0.0049 0.9066 0.0020 0.0781 0.0046 0.0039 
        h223 31 0.0068 0.9729 0.0016 0.0080 0.0077 0.0028 
        h224 31 0.0033 0.9847 0.0045 0.0029 0.0025 0.0021 
        h225 31 0.0063 0.9759 0.0021 0.0051 0.0077 0.0029 
        h226 31 0.0035 0.9818 0.0028 0.0043 0.0034 0.0041 
        h227 31 0.0032 0.9869 0.0020 0.0031 0.0021 0.0027 
        h228 31 0.0022 0.9878 0.0017 0.0046 0.0019 0.0018 
        h229 31 0.0022 0.9846 0.0023 0.0045 0.0022 0.0043 
        h230 31 0.0046 0.9839 0.0027 0.0033 0.0032 0.0023 
        h231 31 0.0034 0.9864 0.0023 0.0036 0.0025 0.0018 
        h232 31 0.0023 0.9863 0.0017 0.0051 0.0025 0.0022 
        h233 31 0.0212 0.9372 0.0076 0.0136 0.0150 0.0055 
        h234 31 0.0124 0.9553 0.0036 0.0156 0.0072 0.0060 
        h235 31 0.0033 0.9866 0.0023 0.0025 0.0029 0.0024 
        h236 31 0.0031 0.9861 0.0029 0.0032 0.0022 0.0024 
        h237 31 0.0017 0.9910 0.0017 0.0023 0.0016 0.0017 
        h238 31 0.0020 0.9901 0.0016 0.0022 0.0017 0.0022 
        h239 31 0.0031 0.9842 0.0026 0.0033 0.0024 0.0044 
        h240 31 0.0034 0.9795 0.0033 0.0060 0.0037 0.0041 
        h241 31 0.0043 0.9851 0.0019 0.0031 0.0026 0.0031 
        h242 31 0.0037 0.9868 0.0018 0.0033 0.0028 0.0016 
        h243 31 0.0029 0.9860 0.0021 0.0030 0.0028 0.0032 
        h244 31 0.0026 0.9874 0.0022 0.0037 0.0023 0.0018 
        h245 31 0.0031 0.9850 0.0034 0.0033 0.0025 0.0026 
        h246 31 0.0028 0.9851 0.0034 0.0031 0.0028 0.0028 
        h247 31 0.0024 0.9879 0.0021 0.0034 0.0021 0.0021 
        h248 31 0.0036 0.9842 0.0031 0.0033 0.0032 0.0026 
        h249 31 0.0041 0.9697 0.0044 0.0097 0.0041 0.0080 
        h250 31 0.0028 0.9772 0.0036 0.0037 0.0048 0.0078 
        h251 31 0.0037 0.9849 0.0024 0.0034 0.0025 0.0032 
        h252 31 0.0033 0.9854 0.0030 0.0030 0.0025 0.0028 
        h253 31 0.0023 0.9898 0.0019 0.0027 0.0016 0.0016 
        h254 31 0.0022 0.9877 0.0026 0.0028 0.0022 0.0025 
        h255 31 0.0024 0.9885 0.0024 0.0029 0.0022 0.0017 
        h256 31 0.0017 0.9916 0.0017 0.0019 0.0015 0.0015 
        h257 31 0.0023 0.9894 0.0018 0.0023 0.0019 0.0022 
        h258 31 0.0036 0.9815 0.0026 0.0043 0.0027 0.0053 
        h259 31 0.0028 0.9855 0.0021 0.0043 0.0025 0.0027 
        h260 31 0.0039 0.9748 0.0052 0.0108 0.0030 0.0023 
        h261 31 0.0020 0.9896 0.0020 0.0025 0.0017 0.0023 
        h262 31 0.0036 0.9820 0.0024 0.0060 0.0034 0.0028 
        h263 31 0.0039 0.9826 0.0033 0.0053 0.0023 0.0025 
        h264 31 0.0038 0.9784 0.0028 0.0063 0.0052 0.0035 
        h265 31 0.0086 0.9447 0.0049 0.0194 0.0082 0.0142 
        h266 31 0.0025 0.9869 0.0021 0.0036 0.0023 0.0026 
        h267 31 0.0058 0.9738 0.0019 0.0073 0.0036 0.0078 
        h268 31 0.0021 0.9873 0.0031 0.0038 0.0018 0.0019 
        h269 31 0.0030 0.9826 0.0022 0.0033 0.0023 0.0065 
        h270 31 0.0028 0.9858 0.0039 0.0031 0.0021 0.0023 
        h271 31 0.0030 0.9794 0.0036 0.0047 0.0046 0.0046 
        h272 31 0.0021 0.9912 0.0017 0.0018 0.0017 0.0016 
        h273 31 0.0034 0.9808 0.0019 0.0073 0.0035 0.0031 
        h274 31 0.0019 0.9909 0.0020 0.0019 0.0016 0.0017 
        h275 31 0.0022 0.9885 0.0021 0.0028 0.0020 0.0024 
        h276 31 0.0026 0.9846 0.0043 0.0040 0.0020 0.0026 
        h277 31 0.0036 0.9791 0.0027 0.0055 0.0034 0.0057 
        h278 31 0.0018 0.9864 0.0028 0.0037 0.0026 0.0027 
        h279 31 0.0025 0.9899 0.0021 0.0019 0.0019 0.0017 
        h280 31 0.0091 0.9694 0.0049 0.0068 0.0032 0.0066 
        h281 31 0.0030 0.9870 0.0021 0.0032 0.0023 0.0025 
        h282 31 0.0025 0.9880 0.0027 0.0028 0.0021 0.0018 
        h283 31 0.0031 0.9890 0.0018 0.0021 0.0020 0.0021 
        h284 31 0.0024 0.9873 0.0022 0.0043 0.0022 0.0016 
        h285 31 0.0026 0.9809 0.0062 0.0048 0.0028 0.0026 
        h286 31 0.0022 0.9889 0.0017 0.0025 0.0023 0.0024 
        h287 31 0.0037 0.9816 0.0029 0.0039 0.0042 0.0036 
        h288 31 0.0031 0.9873 0.0018 0.0033 0.0026 0.0019 
        h289 31 0.0027 0.9879 0.0020 0.0039 0.0019 0.0015 
        h290 31 0.0027 0.9869 0.0017 0.0028 0.0029 0.0030 
        h291 31 0.0102 0.9654 0.0021 0.0115 0.0064 0.0044 
        h292 31 0.0020 0.9893 0.0023 0.0021 0.0023 0.0019 
        h293 31 0.0027 0.9863 0.0032 0.0031 0.0022 0.0025 
        h294 31 0.0026 0.9833 0.0029 0.0065 0.0027 0.0020 
        h295 31 0.0021 0.9870 0.0025 0.0031 0.0017 0.0035 
        h296 31 0.0022 0.9887 0.0020 0.0031 0.0020 0.0020 
        h297 31 0.0018 0.9916 0.0018 0.0017 0.0016 0.0016 
        h298 31 0.0023 0.9880 0.0019 0.0028 0.0024 0.0027 
        h299 31 0.0030 0.9842 0.0026 0.0054 0.0022 0.0026 
        h300 31 0.0025 0.9887 0.0018 0.0026 0.0022 0.0021 
      CC00K0 32 0.0052 0.0030 0.0020 0.9844 0.0031 0.0024 
      CC01AY 32 0.0073 0.0052 0.0030 0.9724 0.0038 0.0084 
      CC01EE 32 0.0117 0.0049 0.0034 0.9678 0.0080 0.0042 
      CC03KH 32 0.0171 0.0108 0.0036 0.9585 0.0070 0.0030 
      CC04FK 32 0.0080 0.0037 0.0043 0.9724 0.0079 0.0038 
      CC04H8 32 0.0110 0.0252 0.0033 0.9456 0.0087 0.0063 
      CC05EL 32 0.0104 0.0101 0.0050 0.9613 0.0082 0.0049 
      CC05EM 32 0.0051 0.0023 0.0019 0.9840 0.0037 0.0029 
      CC05EX 32 0.0050 0.0023 0.0018 0.9851 0.0031 0.0027 
      CC05H2 32 0.0122 0.0073 0.0022 0.9609 0.0085 0.0089 
      CC05HP 32 0.0027 0.0029 0.0018 0.9849 0.0045 0.0032 
      CC05X0 32 0.0038 0.0031 0.0020 0.9848 0.0041 0.0021 
      CC05X7 32 0.0030 0.0022 0.0021 0.9857 0.0034 0.0036 
      CC0637 32 0.0078 0.0118 0.0025 0.9651 0.0060 0.0067 
      CC0640 32 0.0040 0.0037 0.0025 0.9823 0.0035 0.0040 
      FCC01M 32 0.0041 0.0084 0.0022 0.9754 0.0034 0.0065 
      FCC2JC 32 0.0490 0.0723 0.0064 0.8415 0.0237 0.0072 
      CC00JM 32 0.0030 0.0042 0.0043 0.9798 0.0034 0.0053 
      CC00T6 32 0.0091 0.0082 0.0043 0.9372 0.0268 0.0144 
      CC00T7 32 0.0046 0.0095 0.0021 0.9701 0.0110 0.0028 
      CC00TC 32 0.0025 0.0029 0.0022 0.9847 0.0026 0.0052 
      CC01CJ 32 0.0027 0.0047 0.0029 0.9775 0.0047 0.0074 
      CC01CY 32 0.0033 0.0033 0.0021 0.9801 0.0046 0.0066 
      CC01EC 32 0.0037 0.0044 0.0027 0.9838 0.0032 0.0022 
      CC01EH 32 0.0034 0.0104 0.0033 0.9761 0.0030 0.0039 
      CC01F2 32 0.0057 0.0053 0.0029 0.9706 0.0122 0.0034 
      CC01FL 32 0.0034 0.0042 0.0020 0.9761 0.0041 0.0102 
      CC025E 32 0.0042 0.0123 0.0032 0.9703 0.0043 0.0059 
      CC03E3 32 0.0057 0.0029 0.0028 0.9610 0.0052 0.0225 
      CC04AU 32 0.0026 0.0029 0.0017 0.9883 0.0026 0.0018 
      CC04EK 32 0.0033 0.0029 0.0020 0.9853 0.0036 0.0030 
      CC05FX 32 0.0040 0.0169 0.0023 0.9686 0.0041 0.0042 
      CC05H7 32 0.0073 0.0026 0.0043 0.9691 0.0071 0.0096 
      CC05M5 32 0.0031 0.0035 0.0021 0.9859 0.0033 0.0021 
      CC05YK 32 0.0053 0.0028 0.0030 0.9692 0.0042 0.0155 
      CC0630 32 0.0445 0.0053 0.0041 0.9302 0.0122 0.0038 
      CC066E 32 0.0113 0.0065 0.0037 0.9650 0.0085 0.0050 
      CC01ET 32 0.0117 0.0107 0.0045 0.9620 0.0040 0.0071 
      CC01F1 32 0.0059 0.0087 0.0040 0.9715 0.0045 0.0054 
      CC063M 32 0.0034 0.0021 0.0037 0.9797 0.0043 0.0067 
       h0013 33 0.0030 0.0056 0.0021 0.9792 0.0033 0.0067 
       h0023 33 0.0143 0.0310 0.0095 0.9359 0.0068 0.0024 
       h0033 33 0.0157 0.0087 0.0040 0.9571 0.0077 0.0067 
       h0043 33 0.0061 0.0033 0.0026 0.9724 0.0101 0.0055 
       h0053 33 0.0035 0.0031 0.0037 0.9808 0.0037 0.0052 
       h0063 33 0.0081 0.0042 0.0035 0.9448 0.0043 0.0351 
       h0073 33 0.0031 0.0036 0.0048 0.9752 0.0045 0.0089 
       h0083 33 0.0076 0.0058 0.0049 0.9721 0.0036 0.0061 
       h0093 33 0.0068 0.0175 0.0022 0.9593 0.0072 0.0070 
       h0103 33 0.0069 0.0054 0.0034 0.9740 0.0055 0.0048 
       h0113 33 0.0041 0.0284 0.0038 0.9575 0.0042 0.0021 
       h0123 33 0.0047 0.0039 0.0019 0.9823 0.0046 0.0026 
       h0133 33 0.0045 0.0024 0.0032 0.9785 0.0085 0.0028 
       h0143 33 0.0065 0.0092 0.0023 0.9657 0.0072 0.0091 
       h0153 33 0.0080 0.0052 0.0037 0.9622 0.0114 0.0095 
       h0163 33 0.0221 0.0521 0.0074 0.8851 0.0287 0.0046 
       h0173 33 0.0051 0.0025 0.0016 0.9833 0.0039 0.0036 
       h0183 33 0.0042 0.0029 0.0020 0.9796 0.0040 0.0072 
       h0193 33 0.0046 0.0060 0.0022 0.9803 0.0039 0.0030 
       h0203 33 0.0028 0.0035 0.0035 0.9849 0.0029 0.0024 
       h0213 33 0.0056 0.0106 0.0028 0.9754 0.0030 0.0026 
       h0223 33 0.0063 0.0045 0.0021 0.9781 0.0049 0.0041 
       h0233 33 0.0038 0.0261 0.0023 0.9625 0.0029 0.0024 
       h0243 33 0.0033 0.0037 0.0047 0.9756 0.0054 0.0072 
       h0253 33 0.0048 0.0040 0.0022 0.9808 0.0061 0.0021 
       h0263 33 0.0081 0.0037 0.0021 0.9642 0.0061 0.0158 
       h0273 33 0.0031 0.0022 0.0021 0.9879 0.0024 0.0023 
       h0283 33 0.0058 0.0033 0.0032 0.9790 0.0049 0.0039 
       h0293 33 0.0037 0.0022 0.0026 0.9776 0.0106 0.0033 
       h0303 33 0.0038 0.0036 0.0032 0.9783 0.0074 0.0037 
       h0313 33 0.0081 0.0047 0.0019 0.9772 0.0038 0.0043 
       h0323 33 0.0073 0.0030 0.0031 0.9759 0.0047 0.0061 
       h0333 33 0.0047 0.0053 0.0021 0.9806 0.0024 0.0048 
       h0343 33 0.0037 0.0100 0.0016 0.9777 0.0032 0.0038 
       h0353 33 0.0053 0.0942 0.0022 0.8894 0.0028 0.0061 
       h0363 33 0.0055 0.0023 0.0025 0.9811 0.0047 0.0039 
       h0373 33 0.0042 0.0108 0.0025 0.9723 0.0050 0.0053 
       h0383 33 0.0046 0.0453 0.0067 0.9339 0.0054 0.0042 
       h0393 33 0.0077 0.0030 0.0020 0.9805 0.0042 0.0026 
       h0403 33 0.0035 0.0025 0.0018 0.9850 0.0039 0.0033 
       h0413 33 0.0090 0.0262 0.0056 0.9428 0.0094 0.0070 
       h0423 33 0.0035 0.0032 0.0023 0.9834 0.0047 0.0030 
       h0433 33 0.0180 0.0075 0.0028 0.9459 0.0092 0.0165 
       h0443 33 0.0119 0.0046 0.0075 0.9517 0.0106 0.0137 
       h0453 33 0.0029 0.0033 0.0021 0.9857 0.0031 0.0029 
       h0463 33 0.0037 0.0048 0.0031 0.9811 0.0029 0.0043 
       h0473 33 0.0216 0.0069 0.0018 0.9598 0.0058 0.0041 
       h0483 33 0.0045 0.0056 0.0019 0.9791 0.0043 0.0045 
       h0493 33 0.0051 0.0032 0.0020 0.9813 0.0052 0.0032 
       h0503 33 0.0048 0.0023 0.0038 0.9597 0.0200 0.0095 
       h0513 33 0.0145 0.0044 0.0026 0.9671 0.0053 0.0061 
       h0523 33 0.0046 0.0050 0.0028 0.9509 0.0053 0.0314 
       h0533 33 0.0046 0.0086 0.0026 0.9756 0.0061 0.0025 
       h0543 33 0.0037 0.0056 0.0020 0.9841 0.0024 0.0022 
       h0553 33 0.0050 0.0018 0.0022 0.9787 0.0089 0.0034 
       h0563 33 0.0090 0.0245 0.0037 0.9396 0.0068 0.0164 
       h0573 33 0.0150 0.0092 0.0054 0.9627 0.0047 0.0030 
       h0583 33 0.0159 0.0069 0.0030 0.9671 0.0037 0.0035 
       h0593 33 0.0036 0.0034 0.0022 0.9789 0.0074 0.0045 
       h0603 33 0.0045 0.0096 0.0025 0.9759 0.0042 0.0033 
       h0613 33 0.0123 0.0035 0.0042 0.9457 0.0290 0.0053 
       h0623 33 0.0117 0.0024 0.0035 0.9572 0.0084 0.0167 
       h0633 33 0.0037 0.0118 0.0035 0.9760 0.0028 0.0022 
       h0643 33 0.0083 0.0052 0.0030 0.9722 0.0067 0.0045 
       h0653 33 0.0057 0.0027 0.0018 0.9800 0.0075 0.0024 
       h0663 33 0.0051 0.0053 0.0030 0.9811 0.0027 0.0028 
       h0673 33 0.0026 0.0029 0.0025 0.9793 0.0095 0.0032 
       h0683 33 0.0031 0.0022 0.0026 0.9736 0.0066 0.0119 
       h0693 33 0.0094 0.0060 0.0047 0.9692 0.0052 0.0055 
       h0703 33 0.0083 0.0038 0.0021 0.9783 0.0040 0.0035 
       h0713 33 0.0056 0.0043 0.0037 0.9749 0.0069 0.0046 
       h0723 33 0.0046 0.0082 0.0024 0.9793 0.0028 0.0026 
       h0733 33 0.0039 0.0047 0.0020 0.9537 0.0052 0.0305 
       h0743 33 0.0065 0.0115 0.0027 0.9684 0.0067 0.0042 
       h0753 33 0.0072 0.0033 0.0029 0.9788 0.0044 0.0034 
       h0763 33 0.0035 0.0026 0.0027 0.9829 0.0047 0.0035 
       h0773 33 0.0073 0.0255 0.0080 0.9512 0.0035 0.0046 
       h0783 33 0.0025 0.0036 0.0020 0.9723 0.0035 0.0161 
       h0793 33 0.0055 0.0087 0.0120 0.9551 0.0129 0.0059 
       h0803 33 0.0105 0.0044 0.0035 0.9710 0.0042 0.0063 
       h0813 33 0.0056 0.0036 0.0021 0.9803 0.0047 0.0037 
       h0823 33 0.0068 0.0275 0.0054 0.9502 0.0042 0.0060 
       h0833 33 0.0061 0.0047 0.0030 0.9750 0.0065 0.0047 
       h0843 33 0.0099 0.0100 0.0038 0.9656 0.0061 0.0046 
       h0853 33 0.0079 0.0123 0.0055 0.9639 0.0069 0.0034 
       h0863 33 0.0048 0.0095 0.0023 0.9721 0.0083 0.0031 
       h0873 33 0.0033 0.0029 0.0022 0.9809 0.0059 0.0049 
       h0883 33 0.0027 0.0038 0.0033 0.9845 0.0038 0.0019 
       h0893 33 0.0070 0.0023 0.0024 0.9773 0.0046 0.0065 
       h0903 33 0.0063 0.0024 0.0038 0.9767 0.0050 0.0059 
       h0913 33 0.0109 0.0026 0.0036 0.9335 0.0254 0.0241 
       h0923 33 0.0028 0.0044 0.0016 0.9867 0.0022 0.0023 
       h0933 33 0.0062 0.0046 0.0023 0.9787 0.0033 0.0049 
       h0943 33 0.0033 0.0026 0.0021 0.9842 0.0039 0.0039 
       h0953 33 0.0368 0.0075 0.0084 0.9333 0.0075 0.0065 
       h0963 33 0.0035 0.0030 0.0024 0.9840 0.0032 0.0040 
       h0973 33 0.0065 0.0207 0.0020 0.9544 0.0064 0.0099 
       h0983 33 0.0093 0.0039 0.0025 0.9658 0.0132 0.0053 
       h0993 33 0.0070 0.0154 0.0031 0.9658 0.0040 0.0048 
       h1003 33 0.0047 0.0021 0.0022 0.9827 0.0062 0.0020 
       h1013 33 0.0030 0.0027 0.0023 0.9825 0.0064 0.0033 
       h1023 33 0.0040 0.0040 0.0024 0.9715 0.0052 0.0128 
       h1033 33 0.0035 0.0124 0.0023 0.9755 0.0032 0.0030 
       h1043 33 0.0034 0.0066 0.0022 0.9820 0.0035 0.0023 
       h1053 33 0.0049 0.0145 0.0029 0.9690 0.0027 0.0061 
       h1063 33 0.0035 0.0023 0.0017 0.9862 0.0036 0.0028 
       h1073 33 0.0101 0.0229 0.0050 0.9546 0.0038 0.0036 
       h1083 33 0.0097 0.0037 0.0021 0.9788 0.0031 0.0025 
       h1093 33 0.0062 0.0053 0.0025 0.9744 0.0090 0.0027 
       h1103 33 0.0050 0.0027 0.0022 0.9814 0.0040 0.0046 
       h1113 33 0.0030 0.0053 0.0021 0.9841 0.0035 0.0020 
       h1123 33 0.0045 0.0061 0.0053 0.9681 0.0039 0.0120 
       h1133 33 0.0128 0.0222 0.0053 0.9215 0.0112 0.0270 
       h1143 33 0.0041 0.0030 0.0019 0.9837 0.0040 0.0032 
       h1153 33 0.0038 0.0060 0.0032 0.9706 0.0110 0.0054 
       h1163 33 0.0063 0.0047 0.0025 0.9754 0.0045 0.0065 
       h1173 33 0.0035 0.0024 0.0022 0.9704 0.0089 0.0125 
       h1183 33 0.0032 0.0035 0.0023 0.9850 0.0031 0.0028 
       h1193 33 0.0142 0.0071 0.0044 0.9583 0.0084 0.0076 
       h1203 33 0.0040 0.0040 0.0028 0.9844 0.0026 0.0021 
       h1213 33 0.0046 0.0038 0.0023 0.9803 0.0070 0.0020 
       h1223 33 0.0036 0.0039 0.0025 0.9826 0.0040 0.0034 
       h1233 33 0.0085 0.0068 0.0033 0.9695 0.0052 0.0067 
       h1243 33 0.0056 0.0053 0.0031 0.9788 0.0048 0.0025 
       h1253 33 0.0207 0.0032 0.0025 0.9594 0.0104 0.0038 
       h1263 33 0.0135 0.0038 0.0038 0.9438 0.0121 0.0230 
       h1273 33 0.0084 0.0021 0.0017 0.9717 0.0099 0.0062 
       h1283 33 0.0091 0.0057 0.0034 0.9737 0.0047 0.0034 
       h1293 33 0.0042 0.0036 0.0020 0.9825 0.0036 0.0041 
       h1303 33 0.0054 0.0037 0.0019 0.9753 0.0037 0.0101 
       h1313 33 0.0077 0.0034 0.0022 0.9719 0.0075 0.0073 
       h1323 33 0.0039 0.0079 0.0017 0.9800 0.0045 0.0021 
       h1333 33 0.0050 0.0036 0.0022 0.9826 0.0040 0.0025 
       h1343 33 0.0091 0.0030 0.0021 0.9756 0.0063 0.0040 
       h1353 33 0.0176 0.0055 0.0026 0.9577 0.0128 0.0037 
       h1363 33 0.0034 0.0023 0.0023 0.9856 0.0033 0.0030 
       h1373 33 0.0043 0.0039 0.0034 0.9809 0.0045 0.0031 
       h1383 33 0.0117 0.0055 0.0020 0.9577 0.0152 0.0078 
       h1393 33 0.0082 0.0070 0.0036 0.9692 0.0045 0.0075 
       h1403 33 0.0042 0.0048 0.0020 0.9678 0.0135 0.0078 
       h1413 33 0.0041 0.0032 0.0023 0.9829 0.0048 0.0028 
       h1423 33 0.0028 0.0024 0.0036 0.9857 0.0026 0.0029 
       h1433 33 0.0027 0.0031 0.0020 0.9842 0.0026 0.0054 
       h1443 33 0.0032 0.0060 0.0021 0.9807 0.0032 0.0048 
       h1453 33 0.0039 0.0052 0.0020 0.9804 0.0050 0.0034 
       h1463 33 0.0069 0.0030 0.0021 0.9767 0.0070 0.0043 
       h1473 33 0.0043 0.0036 0.0019 0.9848 0.0034 0.0020 
       h1483 33 0.0034 0.0025 0.0023 0.9866 0.0032 0.0019 
       h1493 33 0.0064 0.0022 0.0052 0.9435 0.0109 0.0318 
       h1503 33 0.0034 0.0036 0.0032 0.9821 0.0032 0.0045 
       h1513 33 0.0066 0.0064 0.0031 0.9703 0.0095 0.0042 
       h1523 33 0.0038 0.0113 0.0025 0.9745 0.0028 0.0051 
       h1533 33 0.0033 0.0240 0.0020 0.9629 0.0041 0.0038 
       h1543 33 0.0026 0.0022 0.0015 0.9885 0.0032 0.0020 
       h1553 33 0.0060 0.0045 0.0054 0.9762 0.0050 0.0028 
       h1563 33 0.0073 0.0077 0.0034 0.9726 0.0063 0.0026 
       h1573 33 0.0042 0.0035 0.0027 0.9726 0.0053 0.0117 
       h1583 33 0.0047 0.0085 0.0045 0.9687 0.0088 0.0049 
       h1593 33 0.0070 0.0039 0.0027 0.9801 0.0029 0.0034 
       h1603 33 0.0049 0.0082 0.0029 0.9586 0.0068 0.0185 
       h1613 33 0.0043 0.0059 0.0061 0.9678 0.0044 0.0115 
       h1623 33 0.0102 0.0029 0.0055 0.9723 0.0052 0.0039 
       h1633 33 0.0032 0.0049 0.0025 0.9806 0.0053 0.0035 
       h1643 33 0.0094 0.0135 0.0028 0.9405 0.0098 0.0240 
       h1653 33 0.0033 0.0058 0.0025 0.9783 0.0043 0.0057 
       h1663 33 0.0037 0.0025 0.0021 0.9822 0.0034 0.0061 
       h1673 33 0.0047 0.0025 0.0024 0.9695 0.0111 0.0099 
       h1683 33 0.0036 0.0021 0.0022 0.9820 0.0037 0.0063 
       h1693 33 0.0072 0.0032 0.0030 0.9719 0.0062 0.0085 
       h1703 33 0.0049 0.0071 0.0028 0.9616 0.0151 0.0085 
       h1713 33 0.0037 0.0048 0.0031 0.9629 0.0045 0.0211 
       h1723 33 0.0027 0.0025 0.0019 0.9878 0.0021 0.0029 
       h1733 33 0.0041 0.0021 0.0030 0.9833 0.0028 0.0047 
       h1743 33 0.0063 0.0030 0.0037 0.9545 0.0223 0.0102 
       h1753 33 0.0040 0.0028 0.0027 0.9678 0.0155 0.0072 
       h1763 33 0.0048 0.0028 0.0019 0.9844 0.0031 0.0029 
       h1773 33 0.0069 0.0060 0.0026 0.9662 0.0131 0.0051 
       h1783 33 0.0208 0.0028 0.0026 0.9622 0.0071 0.0044 
       h1793 33 0.0064 0.0038 0.0019 0.9791 0.0036 0.0052 
       h1803 33 0.0050 0.0072 0.0046 0.9733 0.0040 0.0059 
       h1813 33 0.0046 0.0035 0.0052 0.9804 0.0025 0.0037 
       h1823 33 0.0098 0.0291 0.0082 0.9428 0.0033 0.0069 
       h1833 33 0.0026 0.0071 0.0024 0.9830 0.0030 0.0019 
       h1843 33 0.0041 0.0083 0.0036 0.9751 0.0037 0.0053 
       h1853 33 0.0039 0.0038 0.0022 0.9835 0.0027 0.0038 
       h1863 33 0.0036 0.0028 0.0021 0.9805 0.0036 0.0074 
       h1873 33 0.0039 0.0032 0.0024 0.9774 0.0048 0.0083 
       h1883 33 0.0030 0.0023 0.0022 0.9864 0.0037 0.0023 
       h1893 33 0.0049 0.0078 0.0061 0.9746 0.0028 0.0038 
       h1903 33 0.0030 0.0037 0.0043 0.9820 0.0038 0.0032 
       h1913 33 0.0046 0.0117 0.0024 0.9643 0.0054 0.0116 
       h1923 33 0.0040 0.0031 0.0031 0.9849 0.0027 0.0022 
       h1933 33 0.0046 0.0048 0.0030 0.9756 0.0067 0.0053 
       h1943 33 0.0053 0.0059 0.0034 0.9746 0.0059 0.0048 
       h1953 33 0.0520 0.0039 0.0030 0.9148 0.0124 0.0139 
       h1963 33 0.0052 0.0043 0.0023 0.9737 0.0042 0.0102 
       h1973 33 0.0054 0.0025 0.0018 0.9711 0.0130 0.0062 
       h1983 33 0.0150 0.0059 0.0038 0.9661 0.0057 0.0035 
       h1993 33 0.0052 0.0061 0.0027 0.9788 0.0034 0.0038 
       h2003 33 0.0040 0.0027 0.0049 0.9817 0.0045 0.0022 
       h2012 33 0.0043 0.0082 0.0027 0.9778 0.0033 0.0035 
       h2022 33 0.0074 0.0153 0.0063 0.9628 0.0037 0.0044 
       h2032 33 0.0035 0.0023 0.0015 0.9863 0.0033 0.0031 
       h2042 33 0.0077 0.0073 0.0029 0.9716 0.0030 0.0075 
       h2052 33 0.0055 0.0033 0.0024 0.9692 0.0054 0.0142 
       h2062 33 0.0056 0.0049 0.0030 0.9768 0.0056 0.0041 
       h2072 33 0.0176 0.0101 0.0042 0.9540 0.0047 0.0094 
       h2082 33 0.0027 0.0041 0.0018 0.9859 0.0033 0.0022 
       h2092 33 0.0041 0.0045 0.0026 0.9827 0.0026 0.0035 
       h2102 33 0.0034 0.0136 0.0025 0.9734 0.0043 0.0028 
       h2112 33 0.0098 0.0037 0.0026 0.9472 0.0075 0.0292 
       h2122 33 0.0064 0.0028 0.0026 0.9763 0.0058 0.0061 
       h2132 33 0.0040 0.0037 0.0028 0.9795 0.0062 0.0039 
       h2142 33 0.0044 0.0027 0.0021 0.9745 0.0070 0.0093 
       h2152 33 0.0070 0.0079 0.0032 0.9664 0.0063 0.0091 
       h2162 33 0.0064 0.0057 0.0020 0.9792 0.0043 0.0024 
       h2172 33 0.0032 0.0022 0.0024 0.9817 0.0047 0.0058 
       h2182 33 0.0029 0.0028 0.0030 0.9840 0.0025 0.0048 
       h2192 33 0.0086 0.0652 0.0032 0.9099 0.0042 0.0089 
       h2202 33 0.0071 0.0032 0.0070 0.9518 0.0055 0.0254 
       h2212 33 0.0049 0.0044 0.0041 0.9712 0.0118 0.0037 
       h2222 33 0.0080 0.0118 0.0043 0.9671 0.0065 0.0024 
       h2232 33 0.0086 0.0062 0.0027 0.9740 0.0048 0.0037 
       h2242 33 0.0098 0.0046 0.0040 0.9552 0.0103 0.0161 
       h2252 33 0.0059 0.0029 0.0024 0.9782 0.0060 0.0047 
       h2262 33 0.0035 0.0040 0.0036 0.9822 0.0041 0.0026 
       h2272 33 0.0049 0.0052 0.0023 0.9590 0.0209 0.0076 
       h2282 33 0.0035 0.0041 0.0029 0.9817 0.0046 0.0032 
       h2292 33 0.0037 0.0033 0.0036 0.6568 0.0106 0.3220 
       h2302 33 0.0035 0.0035 0.0022 0.9692 0.0031 0.0186 
       h2312 33 0.0046 0.0050 0.0020 0.9826 0.0034 0.0024 
       h2322 33 0.0131 0.0080 0.0045 0.9675 0.0024 0.0045 
       h2332 33 0.1093 0.0071 0.0031 0.8714 0.0054 0.0037 
       h2342 33 0.0041 0.0029 0.0052 0.9816 0.0029 0.0033 
       h2352 33 0.0049 0.0177 0.0045 0.9641 0.0042 0.0046 
       h2362 33 0.0070 0.0021 0.0023 0.9810 0.0051 0.0025 
       h2372 33 0.0051 0.0049 0.0026 0.9671 0.0068 0.0135 
       h2382 33 0.0055 0.0032 0.0024 0.9719 0.0111 0.0059 
       h2392 33 0.0035 0.0094 0.0032 0.9782 0.0028 0.0028 
       h2402 33 0.0028 0.0047 0.0020 0.9851 0.0030 0.0023 
       h2412 33 0.0035 0.0039 0.0025 0.9845 0.0033 0.0024 
       h2422 33 0.0042 0.0040 0.0025 0.9778 0.0072 0.0043 
       h2432 33 0.0072 0.0026 0.0025 0.9742 0.0070 0.0064 
       h2442 33 0.0108 0.0076 0.0024 0.9485 0.0182 0.0125 
       h2452 33 0.0103 0.0029 0.0023 0.9675 0.0048 0.0123 
       h2462 33 0.0029 0.0037 0.0021 0.9803 0.0033 0.0077 
       h2472 33 0.0062 0.0058 0.0021 0.9750 0.0074 0.0034 
       h2482 33 0.0038 0.0053 0.0021 0.9837 0.0029 0.0023 
       h2492 33 0.0055 0.0029 0.0025 0.9793 0.0060 0.0037 
       h2502 33 0.0039 0.0032 0.0023 0.9768 0.0060 0.0078 
       h2512 33 0.0033 0.0059 0.0024 0.9793 0.0030 0.0061 
       h2522 33 0.0032 0.0026 0.0025 0.9858 0.0036 0.0023 
       h2532 33 0.0058 0.0160 0.0063 0.9497 0.0184 0.0038 
       h2542 33 0.0060 0.0131 0.0023 0.9725 0.0030 0.0030 
       h2552 33 0.0070 0.0028 0.0058 0.9567 0.0171 0.0108 
       h2562 33 0.0057 0.0040 0.0026 0.9683 0.0149 0.0045 
       h2572 33 0.0026 0.0035 0.0034 0.9839 0.0027 0.0039 
       h2582 33 0.0039 0.0067 0.0021 0.9764 0.0062 0.0046 
       h2592 33 0.0025 0.0027 0.0023 0.9844 0.0038 0.0043 
       h2602 33 0.0024 0.0021 0.0023 0.9886 0.0023 0.0024 
       h2612 33 0.0029 0.0022 0.0028 0.9843 0.0026 0.0051 
       h2622 33 0.0125 0.0026 0.0051 0.9634 0.0130 0.0034 
       h2632 33 0.0044 0.0092 0.0028 0.9746 0.0056 0.0034 
       h2642 33 0.0029 0.0045 0.0027 0.9824 0.0034 0.0040 
       h2652 33 0.0117 0.0064 0.0039 0.9621 0.0092 0.0067 
       h2662 33 0.0032 0.0033 0.0036 0.9824 0.0036 0.0039 
       h2672 33 0.0087 0.0035 0.0023 0.9764 0.0037 0.0054 
       h2682 33 0.0044 0.0034 0.0027 0.9805 0.0061 0.0028 
       h2692 33 0.0189 0.0052 0.0057 0.9515 0.0042 0.0145 
       h2702 33 0.0240 0.0168 0.0037 0.9387 0.0076 0.0092 
       h2712 33 0.0021 0.0025 0.0025 0.9884 0.0027 0.0018 
       h2722 33 0.0031 0.0028 0.0022 0.9813 0.0059 0.0049 
       h2732 33 0.0026 0.0021 0.0023 0.9840 0.0045 0.0046 
       h2742 33 0.0111 0.0024 0.0025 0.9731 0.0050 0.0058 
       h2752 33 0.0043 0.0056 0.0027 0.9679 0.0121 0.0075 
       h2762 33 0.0060 0.0050 0.0040 0.9775 0.0040 0.0037 
       h2772 33 0.0036 0.0704 0.0018 0.9164 0.0047 0.0032 
       h2782 33 0.0266 0.0563 0.0061 0.9018 0.0063 0.0028 
       h2792 33 0.0045 0.0099 0.0030 0.9742 0.0046 0.0037 
       h2802 33 0.0091 0.0035 0.0044 0.9746 0.0038 0.0046 
       h2812 33 0.0082 0.0111 0.0039 0.9611 0.0069 0.0087 
       h2822 33 0.0050 0.0034 0.0027 0.9794 0.0059 0.0035 
       h2832 33 0.0050 0.0033 0.0024 0.9708 0.0099 0.0086 
       h2842 33 0.0037 0.0035 0.0023 0.9829 0.0042 0.0033 
       h2852 33 0.0031 0.0029 0.0019 0.9837 0.0037 0.0047 
       h2862 33 0.0050 0.0035 0.0020 0.9662 0.0054 0.0179 
       h2872 33 0.0092 0.0040 0.0030 0.9667 0.0075 0.0096 
       h2882 33 0.0032 0.0105 0.0021 0.9783 0.0030 0.0029 
       h2892 33 0.0034 0.0151 0.0039 0.9670 0.0034 0.0072 
       h2902 33 0.0106 0.0045 0.0028 0.9584 0.0183 0.0053 
       h2912 33 0.0088 0.0074 0.0032 0.9605 0.0049 0.0153 
       h2922 33 0.0093 0.0072 0.0022 0.9592 0.0117 0.0105 
       h2932 33 0.0078 0.0073 0.0045 0.9640 0.0086 0.0077 
       h2942 33 0.0218 0.0103 0.0088 0.9357 0.0109 0.0124 
       h2952 33 0.0068 0.0030 0.0023 0.9776 0.0063 0.0040 
       h2962 33 0.0071 0.0046 0.0025 0.9716 0.0099 0.0043 
       h2972 33 0.0047 0.0052 0.0032 0.9787 0.0052 0.0029 
       h2982 33 0.0080 0.0041 0.0032 0.9646 0.0064 0.0138 
       h2992 33 0.0033 0.0049 0.0020 0.9838 0.0033 0.0027 
       h3002 33 0.0048 0.0212 0.0050 0.9471 0.0099 0.0120 
