   1        1   (5)      1 :  0.0020 0.0030 0.0040 0.9870 0.0040 
   2        2   (5)      1 :  0.0080 0.0082 0.0030 0.9756 0.0052 
   3        3   (5)      1 :  0.0020 0.0020 0.0030 0.9900 0.0030 
   4        4   (0)      1 :  0.0030 0.0018 0.0030 0.9902 0.0020 
   5        5   (0)      1 :  0.0070 0.0112 0.0050 0.9500 0.0268 
   6        6   (0)      1 :  0.0022 0.0030 0.0030 0.9884 0.0034 
   7        7   (0)      1 :  0.0058 0.0268 0.0020 0.9592 0.0062 
   8        8   (5)      1 :  0.0020 0.0020 0.0030 0.9910 0.0020 
   9        9   (0)      1 :  0.0020 0.0012 0.0020 0.9938 0.0010 
  10       10   (0)      1 :  0.0040 0.0098 0.0020 0.9816 0.0026 
  11       11   (0)      1 :  0.0020 0.0032 0.0012 0.9906 0.0030 
  12       12   (0)      1 :  0.0052 0.0042 0.0020 0.9856 0.0030 
  13       13   (0)      1 :  0.0040 0.0020 0.0010 0.9918 0.0012 
  14       14   (0)      1 :  0.0020 0.0030 0.0042 0.9896 0.0012 
  15       15   (0)      1 :  0.0020 0.0030 0.0020 0.9910 0.0020 
  16       16   (0)      1 :  0.0020 0.0018 0.0030 0.9912 0.0020 
  17       17   (0)      1 :  0.0010 0.0020 0.0010 0.9950 0.0010 
  18       18   (0)      1 :  0.0040 0.0050 0.0020 0.9784 0.0106 
  19       19   (0)      1 :  0.0070 0.0020 0.0030 0.9834 0.0046 
  20       20   (0)      1 :  0.0060 0.0098 0.0030 0.9742 0.0070 
  21       21   (0)      1 :  0.0022 0.0020 0.0020 0.9928 0.0010 
  22       22   (0)      1 :  0.0010 0.0010 0.0040 0.9920 0.0020 
  23       23   (0)      1 :  0.0010 0.0012 0.0030 0.9920 0.0028 
  24       24   (0)      1 :  0.0032 0.0020 0.0080 0.9812 0.0056 
  25       25   (0)      1 :  0.0070 0.0070 0.0022 0.9808 0.0030 
  26       26   (0)      1 :  0.0050 0.0020 0.0030 0.9880 0.0020 
  27       27   (5)      1 :  0.0030 0.0110 0.0020 0.9786 0.0054 
  28       28   (0)      1 :  0.0010 0.0046 0.0040 0.9866 0.0038 
  29       29   (0)      1 :  0.0020 0.0020 0.0030 0.9910 0.0020 
  30       30   (0)      1 :  0.0082 0.0058 0.0134 0.9540 0.0186 
  31       31   (0)      1 :  0.0018 0.0020 0.0020 0.9896 0.0046 
  32       32   (0)      1 :  0.0040 0.0088 0.0030 0.9796 0.0046 
  33       33   (0)      1 :  0.0020 0.0018 0.0020 0.9912 0.0030 
  34       34   (0)      1 :  0.0010 0.0010 0.0030 0.9930 0.0020 
  35       35   (0)      1 :  0.0032 0.0090 0.0030 0.9062 0.0786 
  36       36   (0)      1 :  0.0026 0.0044 0.0030 0.9850 0.0050 
  37       37   (0)      1 :  0.0040 0.0042 0.0020 0.9864 0.0034 
  38       38   (0)      1 :  0.0050 0.0030 0.0018 0.9882 0.0020 
  39       39   (0)      1 :  0.0080 0.0106 0.0030 0.9736 0.0048 
  40       40   (0)      1 :  0.0030 0.0028 0.0040 0.9836 0.0066 
  41       41   (0)      1 :  0.0020 0.0028 0.0020 0.9902 0.0030 
  42       42   (0)      1 :  0.0010 0.0010 0.0020 0.9942 0.0018 
  43       43   (0)      1 :  0.0020 0.0020 0.0020 0.9920 0.0020 
  44       44   (0)      1 :  0.0010 0.0010 0.0010 0.9960 0.0010 
  45       45   (5)      1 :  0.0040 0.0040 0.0020 0.9878 0.0022 
  46       46   (0)      1 :  0.0010 0.0018 0.0030 0.9914 0.0028 
  47       47   (0)      1 :  0.0010 0.0030 0.0032 0.9908 0.0020 
  48       48   (0)      1 :  0.0020 0.0030 0.0050 0.9862 0.0038 
  49       49   (0)      1 :  0.0052 0.0032 0.0010 0.9886 0.0020 
  50       50   (0)      1 :  0.0020 0.0022 0.0030 0.9908 0.0020 
  51       51   (0)      1 :  0.0040 0.0022 0.0020 0.9890 0.0028 
  52       52   (0)      1 :  0.0198 0.0056 0.0050 0.9648 0.0048 
  53       53   (0)      1 :  0.0020 0.0032 0.0096 0.9822 0.0030 
  54       54   (0)      1 :  0.0010 0.0030 0.0028 0.9910 0.0022 
  55       55   (0)      1 :  0.0020 0.0032 0.0020 0.9908 0.0020 
  56       56   (0)      1 :  0.0020 0.0020 0.0030 0.9908 0.0022 
  57       57  (10)      1 :  0.0030 0.0028 0.0020 0.9900 0.0022 
  58       58   (5)      1 :  0.0020 0.0030 0.0040 0.9888 0.0022 
  59       59   (0)      1 :  0.0030 0.0022 0.0040 0.9880 0.0028 
  60       60   (0)      1 :  0.0020 0.0020 0.0010 0.9938 0.0012 
  61       61   (0)      1 :  0.0020 0.0030 0.0040 0.9880 0.0030 
  62       62   (0)      1 :  0.0020 0.0062 0.0020 0.9876 0.0022 
  63       63   (0)      1 :  0.0020 0.0052 0.0020 0.9876 0.0032 
  64       64   (0)      1 :  0.0020 0.0022 0.0020 0.9900 0.0038 
  65       65   (0)      1 :  0.0120 0.0110 0.0010 0.9710 0.0050 
  66       66   (0)      1 :  0.0020 0.0028 0.0030 0.9872 0.0050 
  67       67   (5)      1 :  0.0080 0.0038 0.0100 0.9750 0.0032 
  68       68   (0)      1 :  0.0030 0.0054 0.0100 0.9776 0.0040 
  69       69   (0)      1 :  0.0010 0.0034 0.0010 0.9926 0.0020 
  70       70   (0)      1 :  0.0020 0.0030 0.0040 0.9890 0.0020 
  71       71   (5)      1 :  0.0030 0.0038 0.0040 0.9822 0.0070 
  72       72   (0)      1 :  0.0060 0.0030 0.0018 0.9862 0.0030 
  73       73   (5)      1 :  0.0020 0.0020 0.0022 0.9854 0.0084 
  74       74  (10)      1 :  0.0040 0.0050 0.0040 0.9838 0.0032 
  75       75  (10)      1 :  0.0102 0.0022 0.0020 0.9818 0.0038 
  76       76   (0)      1 :  0.0020 0.0020 0.0964 0.8958 0.0038 
  77       77  (10)      1 :  0.0020 0.0020 0.0158 0.9782 0.0020 
  78       78   (0)      1 :  0.0060 0.0048 0.0208 0.9580 0.0104 
  79       79   (5)      1 :  0.0020 0.0040 0.0040 0.9870 0.0030 
  80       80   (0)      1 :  0.0020 0.0020 0.0020 0.9928 0.0012 
  81       81   (0)      1 :  0.0020 0.0020 0.0020 0.9922 0.0018 
  82       82   (0)      1 :  0.0020 0.0020 0.0010 0.9930 0.0020 
  83       83   (0)      1 :  0.0030 0.0050 0.0448 0.9450 0.0022 
  84       84   (0)      1 :  0.0050 0.0040 0.0020 0.9860 0.0030 
  85       85   (0)      1 :  0.0014 0.0020 0.0010 0.9936 0.0020 
  86       86   (5)      1 :  0.0020 0.0020 0.0020 0.9920 0.0020 
  87       87   (0)      1 :  0.0020 0.0028 0.0020 0.9912 0.0020 
  88       88   (0)      1 :  0.0050 0.0074 0.1130 0.8651 0.0096 
  89       89   (0)      1 :  0.0192 0.0036 0.0060 0.9678 0.0034 
  90       90   (0)      1 :  0.0020 0.0038 0.0060 0.9850 0.0032 
  91       91   (0)      1 :  0.0020 0.0022 0.0030 0.9898 0.0030 
  92       92   (0)      1 :  0.0020 0.0066 0.0030 0.9838 0.0046 
  93       93   (0)      1 :  0.0020 0.0020 0.0020 0.9920 0.0020 
  94       94   (5)      1 :  0.0080 0.0020 0.0106 0.9738 0.0056 
  95       95   (0)      1 :  0.0030 0.0020 0.0030 0.9900 0.0020 
  96       96   (5)      1 :  0.0020 0.0020 0.0010 0.9930 0.0020 
  97       97   (0)      1 :  0.0010 0.0052 0.0122 0.9804 0.0012 
  98       98   (0)      1 :  0.0030 0.0030 0.0020 0.9870 0.0050 
  99       99   (5)      1 :  0.0030 0.0020 0.0020 0.9910 0.0020 
 100      100   (5)      1 :  0.0012 0.0020 0.0020 0.9936 0.0012 
 101      101   (0)      2 :  0.0060 0.0058 0.0020 0.9782 0.0080 
 102      102   (0)      2 :  0.0020 0.0020 0.0010 0.9930 0.0020 
 103      103   (0)      2 :  0.0020 0.0052 0.0020 0.9850 0.0058 
 104      104   (0)      2 :  0.0010 0.0018 0.0020 0.9932 0.0020 
 105      105   (0)      2 :  0.0030 0.0030 0.0196 0.9646 0.0098 
 106      106   (0)      2 :  0.0020 0.0030 0.0020 0.9900 0.0030 
 107      107   (0)      2 :  0.0020 0.0038 0.0040 0.9844 0.0058 
 108      108   (0)      2 :  0.0030 0.0060 0.0262 0.9628 0.0020 
 109      109   (0)      2 :  0.0120 0.0020 0.0034 0.9806 0.0020 
 110      110   (0)      2 :  0.0040 0.0032 0.0044 0.9854 0.0030 
 111      111   (0)      2 :  0.0050 0.0040 0.0070 0.9810 0.0030 
 112      112   (0)      2 :  0.0010 0.0020 0.0020 0.9922 0.0028 
 113      113   (0)      2 :  0.0030 0.0020 0.0030 0.9900 0.0020 
 114      114   (0)      2 :  0.0040 0.0038 0.0020 0.9860 0.0042 
 115      115   (0)      2 :  0.0010 0.0020 0.0032 0.9896 0.0042 
 116      116   (0)      2 :  0.0050 0.0030 0.0054 0.9836 0.0030 
 117      117   (0)      2 :  0.0040 0.0020 0.0020 0.9900 0.0020 
 118      118   (0)      2 :  0.0020 0.0030 0.0020 0.9910 0.0020 
 119      119   (0)      2 :  0.0040 0.0032 0.0020 0.9870 0.0038 
 120      120   (0)      2 :  0.0020 0.0020 0.0040 0.9900 0.0020 
 121      121   (0)      2 :  0.0010 0.0048 0.0070 0.9818 0.0054 
 122      122   (0)      2 :  0.0086 0.0044 0.0022 0.9826 0.0022 
 123      123   (0)      2 :  0.0020 0.0012 0.0020 0.9930 0.0018 
 124      124   (0)      2 :  0.0020 0.0030 0.0060 0.9852 0.0038 
 125      125   (0)      2 :  0.0020 0.0080 0.0020 0.9840 0.0040 
 126      126   (0)      2 :  0.0020 0.0018 0.0020 0.9922 0.0020 
 127      127   (0)      2 :  0.0010 0.0018 0.0020 0.9922 0.0030 
 128      128   (0)      2 :  0.0030 0.0102 0.0030 0.9800 0.0038 
 129      129   (0)      2 :  0.0220 0.0012 0.0020 0.9738 0.0010 
 130      130   (0)      2 :  0.0060 0.0030 0.0020 0.9860 0.0030 
 131      131   (0)      2 :  0.0030 0.0062 0.0030 0.9848 0.0030 
 132      132   (0)      2 :  0.0010 0.0010 0.0010 0.9960 0.0010 
 133      133   (0)      2 :  0.0020 0.0020 0.0060 0.9878 0.0022 
 134      134   (0)      2 :  0.0030 0.0020 0.0010 0.9930 0.0010 
 135      135   (0)      2 :  0.0040 0.0020 0.0010 0.9918 0.0012 
 136      136   (0)      2 :  0.0020 0.0032 0.0030 0.9888 0.0030 
 137      137   (0)      2 :  0.0030 0.0032 0.0120 0.9796 0.0022 
 138      138   (0)      2 :  0.0020 0.0010 0.0030 0.9920 0.0020 
 139      139   (0)      2 :  0.0020 0.0030 0.0020 0.9910 0.0020 
 140      140   (0)      2 :  0.0030 0.0020 0.0020 0.9910 0.0020 
 141      141   (0)      2 :  0.0020 0.0020 0.0020 0.9928 0.0012 
 142      142   (0)      2 :  0.0020 0.0032 0.0020 0.9908 0.0020 
 143      143   (0)      2 :  0.0010 0.0010 0.0020 0.9950 0.0010 
 144      144   (0)      2 :  0.0020 0.0022 0.0030 0.9908 0.0020 
 145      145   (0)      2 :  0.0020 0.0064 0.0062 0.9834 0.0020 
 146      146   (0)      2 :  0.0020 0.0030 0.0020 0.9910 0.0020 
 147      147   (0)      2 :  0.0018 0.0020 0.0074 0.9868 0.0020 
 148      148   (0)      2 :  0.0022 0.0030 0.0020 0.9890 0.0038 
 149      149   (0)      2 :  0.0010 0.0010 0.0030 0.9940 0.0010 
 150      150   (0)      2 :  0.0020 0.0022 0.0030 0.9882 0.0046 
 151      151   (0)      2 :  0.0012 0.0028 0.0268 0.9666 0.0026 
 152      152   (0)      2 :  0.0032 0.0020 0.0030 0.9898 0.0020 
 153      153   (0)      2 :  0.0020 0.0038 0.0022 0.9886 0.0034 
 154      154   (0)      2 :  0.0020 0.0022 0.0020 0.9918 0.0020 
 155      155   (0)      2 :  0.0020 0.0030 0.0010 0.9918 0.0022 
 156      156   (0)      2 :  0.0020 0.0098 0.0472 0.9374 0.0036 
 157      157   (0)      2 :  0.0020 0.0030 0.0020 0.9900 0.0030 
 158      158   (0)      2 :  0.0194 0.0038 0.0020 0.9706 0.0042 
 159      159   (0)      2 :  0.0174 0.0074 0.0062 0.9570 0.0120 
 160      160   (0)      2 :  0.0040 0.0020 0.0010 0.9920 0.0010 
 161      161   (0)      2 :  0.0080 0.0302 0.0020 0.9316 0.0282 
 162      162   (0)      2 :  0.0020 0.0020 0.0020 0.9920 0.0020 
 163      163   (0)      2 :  0.0098 0.0054 0.0060 0.9588 0.0200 
 164      164   (0)      2 :  0.0070 0.0042 0.0020 0.9846 0.0022 
 165      165   (0)      2 :  0.0040 0.0044 0.0040 0.9838 0.0038 
 166      166   (0)      2 :  0.0050 0.0054 0.0040 0.9816 0.0040 
 167      167   (0)      2 :  0.0030 0.0030 0.0030 0.9890 0.0020 
 168      168   (0)      2 :  0.0010 0.0020 0.0010 0.9950 0.0010 
 169      169   (0)      2 :  0.0030 0.0020 0.0040 0.9890 0.0020 
 170      170   (0)      2 :  0.0130 0.0030 0.0030 0.9780 0.0030 
 171      171   (0)      2 :  0.0020 0.0042 0.0080 0.9706 0.0152 
 172      172   (0)      2 :  0.0018 0.0028 0.0020 0.9920 0.0014 
 173      173   (0)      2 :  0.0020 0.0020 0.0020 0.9920 0.0020 
 174      174   (0)      2 :  0.0030 0.0380 0.0192 0.9366 0.0032 
 175      175   (0)      2 :  0.0010 0.0010 0.0020 0.9942 0.0018 
 176      176   (0)      2 :  0.0010 0.0020 0.0020 0.9930 0.0020 
 177      177   (0)      2 :  0.0020 0.0020 0.0026 0.9920 0.0014 
 178      178   (0)      2 :  0.0020 0.0020 0.0090 0.9850 0.0020 
 179      179   (0)      2 :  0.0040 0.0020 0.0440 0.9479 0.0020 
 180      180   (0)      2 :  0.0040 0.0020 0.0010 0.9918 0.0012 
 181      181   (0)      2 :  0.0020 0.0030 0.0030 0.9872 0.0048 
 182      182   (0)      2 :  0.0060 0.0036 0.0030 0.9692 0.0182 
 183      183   (0)      2 :  0.0020 0.0020 0.0020 0.9920 0.0020 
 184      184   (0)      2 :  0.0030 0.0030 0.0020 0.9890 0.0030 
 185      185   (0)      2 :  0.0020 0.0020 0.0040 0.9900 0.0020 
 186      186   (0)      2 :  0.0030 0.0020 0.0020 0.9910 0.0020 
 187      187   (0)      2 :  0.0020 0.0020 0.0020 0.9920 0.0020 
 188      188   (0)      2 :  0.0020 0.0064 0.0020 0.9858 0.0038 
 189      189   (0)      2 :  0.0030 0.0020 0.0050 0.9880 0.0020 
 190      190   (0)      2 :  0.0020 0.0068 0.0030 0.9838 0.0044 
 191      191   (0)      2 :  0.0020 0.0020 0.0010 0.9930 0.0020 
 192      192   (0)      2 :  0.0030 0.0032 0.0040 0.9870 0.0028 
 193      193   (0)      2 :  0.0020 0.0032 0.0030 0.9898 0.0020 
 194      194   (0)      2 :  0.0070 0.0040 0.0040 0.9812 0.0038 
 195      195   (0)      2 :  0.0050 0.0028 0.0050 0.9850 0.0022 
 196      196   (0)      2 :  0.0010 0.0020 0.0020 0.9940 0.0010 
 197      197   (0)      2 :  0.0020 0.0038 0.0040 0.9870 0.0032 
 198      198   (0)      2 :  0.0010 0.0028 0.0020 0.9910 0.0032 
 199      199   (0)      2 :  0.0020 0.0022 0.0042 0.9878 0.0038 
 200      200   (0)      2 :  0.0010 0.0010 0.0010 0.9958 0.0012 
 201      201   (0)      2 :  0.0060 0.0042 0.0030 0.9836 0.0032 
 202      202   (0)      2 :  0.0020 0.0182 0.0030 0.9208 0.0560 
 203      203   (0)      2 :  0.0010 0.0020 0.0020 0.9930 0.0020 
 204      204   (0)      2 :  0.0040 0.0020 0.0026 0.9792 0.0122 
 205      205   (0)      2 :  0.0010 0.0010 0.0020 0.9940 0.0020 
 206      206   (0)      2 :  0.0022 0.0020 0.0040 0.9898 0.0020 
 207      207   (0)      2 :  0.0010 0.0020 0.0020 0.9930 0.0020 
 208      208   (0)      2 :  0.0010 0.0010 0.0010 0.9960 0.0010 
 209      209   (0)      2 :  0.0040 0.0030 0.0020 0.9870 0.0040 
 210      210   (0)      2 :  0.0030 0.0074 0.0040 0.9792 0.0064 
 211      211   (0)      2 :  0.0052 0.0056 0.0030 0.9832 0.0030 
 212      212   (0)      2 :  0.0020 0.0032 0.0030 0.9898 0.0020 
 213      213   (0)      2 :  0.0020 0.0020 0.0010 0.9922 0.0028 
 214      214   (0)      2 :  0.0020 0.0022 0.0020 0.9908 0.0030 
 215      215   (0)      2 :  0.0020 0.0038 0.0230 0.9628 0.0084 
 216      216   (0)      2 :  0.0030 0.0032 0.0262 0.9630 0.0046 
 217      217   (0)      2 :  0.0020 0.0040 0.0030 0.9878 0.0032 
 218      218   (0)      2 :  0.0426 0.0032 0.0030 0.9482 0.0030 
 219      219   (0)      2 :  0.0010 0.0010 0.0050 0.9918 0.0012 
 220      220   (0)      2 :  0.0014 0.0038 0.0398 0.9518 0.0032 
 221      221   (0)      2 :  0.0010 0.0046 0.0020 0.9910 0.0014 
 222      222   (0)      2 :  0.0020 0.0020 0.0020 0.9928 0.0012 
 223      223   (0)      2 :  0.0040 0.0020 0.0020 0.9908 0.0012 
 224      224   (0)      2 :  0.0020 0.0020 0.0060 0.9818 0.0082 
 225      225   (0)      2 :  0.0030 0.0028 0.0030 0.9882 0.0030 
 226      226   (0)      2 :  0.0040 0.0022 0.0010 0.9916 0.0012 
 227      227   (0)      2 :  0.0020 0.0020 0.0012 0.9932 0.0016 
 228      228   (0)      2 :  0.0348 0.0524 0.0030 0.8661 0.0436 
 229      229   (0)      2 :  0.0180 0.0042 0.0070 0.9660 0.0048 
 230      230   (0)      2 :  0.0010 0.0042 0.0022 0.9906 0.0020 
 231      231   (0)      2 :  0.0010 0.0020 0.0020 0.9912 0.0038 
 232      232   (0)      2 :  0.0020 0.0020 0.0070 0.9860 0.0030 
 233      233   (0)      2 :  0.0020 0.0020 0.0060 0.9856 0.0044 
 234      234   (0)      2 :  0.0050 0.0012 0.0010 0.9918 0.0010 
 235      235   (0)      2 :  0.0030 0.0022 0.0032 0.9886 0.0030 
 236      236   (0)      2 :  0.0030 0.0020 0.0020 0.9894 0.0036 
 237      237   (0)      2 :  0.0020 0.0046 0.0430 0.9400 0.0104 
 238      238   (0)      2 :  0.0020 0.0020 0.0020 0.9920 0.0020 
 239      239   (0)      2 :  0.0010 0.0010 0.0030 0.9930 0.0020 
 240      240   (0)      2 :  0.0020 0.0032 0.0056 0.9856 0.0036 
 241      241   (0)      2 :  0.0022 0.0028 0.0010 0.9920 0.0020 
 242      242   (0)      2 :  0.0030 0.0030 0.0030 0.9854 0.0056 
 243      243   (0)      2 :  0.0020 0.0022 0.0010 0.9928 0.0020 
 244      244   (0)      2 :  0.0032 0.0010 0.0016 0.9932 0.0010 
 245      245   (0)      2 :  0.0010 0.0010 0.0040 0.9920 0.0020 
 246      246   (0)      2 :  0.0020 0.0028 0.0020 0.9912 0.0020 
 247      247   (0)      2 :  0.0020 0.0020 0.0020 0.9920 0.0020 
 248      248   (0)      2 :  0.0030 0.0022 0.0010 0.9910 0.0028 
 249      249   (0)      2 :  0.0010 0.0020 0.0040 0.9858 0.0072 
 250      250   (0)      2 :  0.0110 0.0050 0.0050 0.9760 0.0030 
 251      251   (0)      2 :  0.0012 0.0020 0.0030 0.9892 0.0046 
 252      252   (0)      2 :  0.0282 0.0038 0.0230 0.9375 0.0076 
 253      253   (0)      2 :  0.0040 0.0056 0.0038 0.9830 0.0036 
 254      254   (0)      2 :  0.0020 0.0030 0.0060 0.9850 0.0040 
 255      255   (0)      2 :  0.0020 0.0010 0.0020 0.9930 0.0020 
 256      256   (0)      2 :  0.0020 0.0030 0.0050 0.9870 0.0030 
 257      257   (0)      2 :  0.0010 0.0020 0.0030 0.9920 0.0020 
 258      258   (0)      2 :  0.0030 0.0052 0.0030 0.9856 0.0032 
 259      259   (0)      2 :  0.0012 0.0020 0.0030 0.9918 0.0020 
 260      260   (0)      2 :  0.0150 0.0022 0.0050 0.9740 0.0038 
 261      261   (0)      2 :  0.0020 0.0020 0.0010 0.9930 0.0020 
 262      262   (0)      2 :  0.0020 0.0020 0.0030 0.9910 0.0020 
 263      263   (0)      2 :  0.0020 0.0066 0.0030 0.9850 0.0034 
 264      264   (0)      2 :  0.0030 0.0050 0.0172 0.9698 0.0050 
 265      265   (0)      2 :  0.0020 0.0040 0.0070 0.9838 0.0032 
 266      266   (0)      2 :  0.0020 0.0020 0.0030 0.9910 0.0020 
 267      267   (0)      2 :  0.0050 0.0084 0.0042 0.9734 0.0090 
 268      268   (0)      2 :  0.0030 0.0020 0.0024 0.9906 0.0020 
 269      269   (0)      2 :  0.0050 0.0092 0.0242 0.9528 0.0088 
 270      270   (0)      2 :  0.0030 0.0110 0.0170 0.9636 0.0054 
 271      271   (0)      2 :  0.0010 0.0020 0.0010 0.9948 0.0012 
 272      272   (0)      2 :  0.0010 0.0010 0.0010 0.9960 0.0010 
 273      273   (0)      2 :  0.0060 0.0030 0.0030 0.9830 0.0050 
 274      274   (0)      2 :  0.0040 0.0028 0.0010 0.9890 0.0032 
 275      275   (0)      2 :  0.0010 0.0048 0.0020 0.9888 0.0034 
 276      276   (0)      2 :  0.0010 0.0010 0.0010 0.9960 0.0010 
 277      277   (0)      2 :  0.0020 0.0020 0.0010 0.9940 0.0010 
 278      278   (0)      2 :  0.0010 0.0010 0.0020 0.9950 0.0010 
 279      279   (0)      2 :  0.0020 0.0030 0.0020 0.9910 0.0020 
 280      280   (0)      2 :  0.0030 0.0030 0.0030 0.9880 0.0030 
 281      281   (0)      2 :  0.0080 0.0116 0.0030 0.9720 0.0054 
 282      282   (0)      2 :  0.0012 0.0020 0.0020 0.9938 0.0010 
 283      283   (0)      2 :  0.0442 0.0060 0.0020 0.9418 0.0060 
 284      284   (0)      2 :  0.0020 0.0032 0.0040 0.9888 0.0020 
 285      285   (0)      2 :  0.0010 0.0020 0.0030 0.9920 0.0020 
 286      286   (0)      2 :  0.0010 0.0020 0.0050 0.9900 0.0020 
 287      287   (0)      2 :  0.0020 0.0020 0.0020 0.9920 0.0020 
 288      288   (0)      2 :  0.0040 0.0066 0.0050 0.9780 0.0064 
 289      289   (0)      2 :  0.0020 0.0030 0.0020 0.9908 0.0022 
 290      290   (0)      2 :  0.0030 0.0038 0.0100 0.9758 0.0074 
 291      291   (0)      2 :  0.0020 0.0032 0.0030 0.9836 0.0082 
 292      292   (0)      2 :  0.0060 0.0034 0.0060 0.9740 0.0106 
 293      293   (0)      2 :  0.0010 0.0042 0.0020 0.9712 0.0216 
 294      294   (0)      2 :  0.0080 0.0020 0.0060 0.9662 0.0178 
 295      295   (0)      2 :  0.0020 0.0032 0.0030 0.9896 0.0022 
 296      296   (0)      2 :  0.0012 0.0020 0.0020 0.9928 0.0020 
 297      297   (0)      2 :  0.0030 0.0020 0.0010 0.9920 0.0020 
 298      298   (0)      2 :  0.0060 0.0048 0.0030 0.9828 0.0034 
 299      299   (0)      2 :  0.0032 0.0040 0.0100 0.9762 0.0066 
 300      300   (0)      2 :  0.0020 0.0022 0.0010 0.9938 0.0010 
 301      301   (0)      2 :  0.0066 0.0558 0.0066 0.9238 0.0072 
 302      302   (0)      2 :  0.0020 0.0020 0.0020 0.9930 0.0010 
 303      303   (0)      2 :  0.0042 0.0170 0.0164 0.9522 0.0102 
 304      304   (0)      2 :  0.0030 0.0020 0.0030 0.9900 0.0020 
 305      305   (0)      2 :  0.0020 0.0030 0.0192 0.9718 0.0040 
 306      306   (0)      2 :  0.0020 0.0036 0.0060 0.9814 0.0070 
 307      307   (0)      2 :  0.0040 0.0078 0.0040 0.9788 0.0054 
 308      308   (0)      2 :  0.0242 0.0090 0.0030 0.9576 0.0062 
 309      309   (0)      2 :  0.0072 0.0022 0.0020 0.9830 0.0056 
 310      310   (0)      2 :  0.0010 0.0018 0.0030 0.9918 0.0024 
 311      311   (0)      2 :  0.0030 0.0030 0.0020 0.9900 0.0020 
 312      312   (0)      2 :  0.0040 0.0064 0.0040 0.9820 0.0036 
 313      313   (0)      2 :  0.0010 0.0020 0.0030 0.9920 0.0020 
 314      314   (0)      2 :  0.0040 0.0034 0.0040 0.9856 0.0030 
 315      315   (0)      2 :  0.0050 0.0022 0.0020 0.9828 0.0080 
 316      316   (0)      2 :  0.0032 0.0088 0.0042 0.9026 0.0812 
 317      317   (0)      2 :  0.0020 0.0028 0.0030 0.9852 0.0070 
 318      318   (0)      2 :  0.0110 0.0080 0.0020 0.9746 0.0044 
 319      319   (0)      2 :  0.0030 0.0010 0.0032 0.9908 0.0020 
 320      320   (0)      2 :  0.0010 0.0020 0.0020 0.9930 0.0020 
 321      321   (0)      2 :  0.0020 0.0032 0.0050 0.9832 0.0066 
 322      322   (0)      2 :  0.0020 0.0020 0.0050 0.9898 0.0012 
 323      323   (0)      2 :  0.0020 0.0030 0.0030 0.9900 0.0020 
 324      324   (0)      2 :  0.0020 0.0014 0.0014 0.9942 0.0010 
 325      325   (0)      2 :  0.0092 0.0174 0.0106 0.9550 0.0078 
 326      326   (0)      2 :  0.0010 0.0030 0.0082 0.9856 0.0022 
 327      327   (0)      2 :  0.0010 0.0030 0.0020 0.9920 0.0020 
 328      328   (0)      2 :  0.0010 0.0020 0.0020 0.9930 0.0020 
 329      329   (0)      2 :  0.0030 0.0028 0.0020 0.9900 0.0022 
 330      330   (0)      2 :  0.0050 0.0098 0.0040 0.9752 0.0060 
 331      331   (0)      2 :  0.0312 0.0070 0.0040 0.9534 0.0044 
 332      332   (0)      2 :  0.0060 0.0020 0.0020 0.9850 0.0050 
 333      333   (0)      2 :  0.0020 0.0020 0.0040 0.9900 0.0020 
 334      334   (0)      2 :  0.0010 0.0020 0.0010 0.9940 0.0020 
 335      335   (0)      2 :  0.0020 0.0020 0.0032 0.9888 0.0040 
 336      336   (0)      2 :  0.0010 0.0028 0.0022 0.9920 0.0020 
 337      337   (0)      2 :  0.0030 0.0028 0.0050 0.9870 0.0022 
 338      338   (0)      2 :  0.0020 0.0032 0.0020 0.9908 0.0020 
 339      339   (0)      2 :  0.0032 0.0020 0.0030 0.9898 0.0020 
 340      340   (0)      2 :  0.0072 0.0146 0.0070 0.9546 0.0166 
 341      341   (0)      2 :  0.0050 0.0070 0.0040 0.9762 0.0078 
 342      342   (0)      2 :  0.0020 0.0036 0.0060 0.9852 0.0032 
 343      343   (0)      2 :  0.0020 0.0030 0.0020 0.9882 0.0048 
 344      344   (0)      2 :  0.0010 0.0020 0.0010 0.9948 0.0012 
 345      345   (0)      2 :  0.0020 0.0020 0.0010 0.9940 0.0010 
 346      346   (0)      2 :  0.0040 0.0024 0.0020 0.9886 0.0030 
 347      347   (0)      2 :  0.0010 0.0020 0.0030 0.9928 0.0012 
 348      348   (0)      2 :  0.0010 0.0010 0.0020 0.9940 0.0020 
 349      349   (0)      2 :  0.0020 0.0020 0.0020 0.9920 0.0020 
 350      350   (0)      2 :  0.0020 0.0108 0.0080 0.9698 0.0094 
 351      351   (5)      3 :  0.0038 0.3777 0.0020 0.6131 0.0034 
 352      352   (0)      3 :  0.0118 0.6565 0.0056 0.3099 0.0162 
 353      353   (0)      3 :  0.0172 0.4005 0.0134 0.5459 0.0230 
 354      354   (5)      3 :  0.0074 0.3857 0.0022 0.4330 0.1717 
 355      355   (5)      3 :  0.0082 0.5836 0.0010 0.4008 0.0064 
 356      356   (0)      3 :  0.0290 0.6175 0.0092 0.3331 0.0112 
 357      357   (0)      4 :  0.0028 0.9534 0.0194 0.0152 0.0092 
 358      358   (0)      4 :  0.0020 0.7447 0.0040 0.0796 0.1697 
 359      359  (10)      5 :  0.0028 0.9822 0.0048 0.0038 0.0064 
 360      360   (5)      5 :  0.0116 0.9522 0.0256 0.0032 0.0074 
 361      361   (5)      5 :  0.0042 0.6747 0.0174 0.2951 0.0086 
 362      362   (5)      5 :  0.0020 0.9898 0.0028 0.0020 0.0034 
 363      363  (10)      5 :  0.0066 0.8838 0.0120 0.0812 0.0164 
 364      364   (5)      5 :  0.0070 0.5524 0.0210 0.3952 0.0244 
 365      365  (10)      5 :  0.0020 0.9149 0.0096 0.0332 0.0402 
 366      366   (0)      5 :  0.0706 0.9078 0.0020 0.0094 0.0102 
 367      367   (0)      5 :  0.0020 0.9658 0.0102 0.0138 0.0082 
 368      368   (0)      5 :  0.0046 0.9884 0.0020 0.0020 0.0030 
 369      369   (0)      5 :  0.0044 0.9806 0.0038 0.0072 0.0040 
 370      370   (0)      5 :  0.0020 0.9258 0.0292 0.0348 0.0082 
 371      371   (0)      5 :  0.0030 0.9850 0.0012 0.0070 0.0038 
 372      372   (0)      5 :  0.0030 0.8435 0.0030 0.0788 0.0718 
 373      373   (0)      5 :  0.0026 0.9116 0.0224 0.0090 0.0544 
 374      374   (0)      5 :  0.0030 0.9114 0.0100 0.0348 0.0408 
 375      375   (0)      5 :  0.0020 0.9129 0.0052 0.0763 0.0036 
 376      376   (0)      5 :  0.0030 0.6265 0.0114 0.3499 0.0092 
 377      377   (0)      5 :  0.0048 0.9840 0.0020 0.0032 0.0060 
 378      378   (5)      5 :  0.1205 0.8487 0.0014 0.0256 0.0038 
 379      379   (0)      5 :  0.0038 0.9142 0.0270 0.0356 0.0194 
 380      380   (0)      5 :  0.0030 0.8468 0.0470 0.0976 0.0056 
 381      381   (5)      5 :  0.0074 0.9408 0.0042 0.0452 0.0024 
 382      382   (5)      5 :  0.0050 0.9742 0.0020 0.0156 0.0032 
 383      383   (0)      5 :  0.0756 0.7417 0.0250 0.0816 0.0760 
 384      384   (0)      5 :  0.0056 0.8722 0.0020 0.1168 0.0034 
 385      385   (0)      5 :  0.0028 0.9216 0.0528 0.0092 0.0136 
 386      386   (0)      5 :  0.0038 0.9880 0.0030 0.0020 0.0032 
 387      387   (0)      5 :  0.0046 0.9850 0.0038 0.0020 0.0046 
 388      388   (0)      5 :  0.0030 0.9840 0.0028 0.0036 0.0066 
 389      389   (0)      5 :  0.0132 0.9822 0.0010 0.0014 0.0022 
 390      390   (0)      5 :  0.0020 0.9772 0.0058 0.0118 0.0032 
 391      391   (0)      5 :  0.0286 0.9034 0.0060 0.0520 0.0100 
 392      392   (0)      5 :  0.0088 0.5368 0.0126 0.0022 0.4396 
 393      393   (0)      5 :  0.0038 0.9540 0.0038 0.0306 0.0078 
 394      394   (0)      5 :  0.0028 0.9191 0.0038 0.0690 0.0054 
 395      395   (0)      5 :  0.0134 0.7398 0.0222 0.1660 0.0586 
 396      396   (0)      5 :  0.0046 0.9864 0.0030 0.0030 0.0030 
 397      397   (0)      5 :  0.0184 0.9011 0.0046 0.0550 0.0210 
 398      398   (0)      5 :  0.0022 0.9398 0.0038 0.0162 0.0380 
 399      399   (0)      5 :  0.0010 0.9390 0.0502 0.0036 0.0062 
 400      400   (0)      5 :  0.0020 0.9680 0.0082 0.0056 0.0162 
 401      401  (10)      6 :  0.0022 0.9840 0.0020 0.0020 0.0098 
 402      402   (0)      6 :  0.0028 0.7650 0.0100 0.0038 0.2184 
 403      403   (0)      6 :  0.0942 0.8744 0.0024 0.0270 0.0020 
 404      404   (0)      6 :  0.0038 0.9864 0.0030 0.0020 0.0048 
 405      405   (0)      6 :  0.0020 0.8750 0.0500 0.0032 0.0698 
 406      406   (5)      6 :  0.0028 0.8716 0.0476 0.0020 0.0760 
 407      407   (0)      6 :  0.0020 0.9864 0.0020 0.0020 0.0076 
 408      408   (0)      6 :  0.0010 0.9896 0.0038 0.0022 0.0034 
 409      409   (0)      6 :  0.1307 0.8597 0.0032 0.0010 0.0054 
 410      410   (0)      6 :  0.0010 0.9426 0.0186 0.0248 0.0130 
 411      411   (0)      6 :  0.5369 0.4473 0.0028 0.0020 0.0110 
 412      412   (0)      6 :  0.0054 0.9860 0.0020 0.0020 0.0046 
 413      413   (0)      6 :  0.0032 0.9856 0.0018 0.0010 0.0084 
 414      414   (0)      6 :  0.0020 0.9844 0.0048 0.0022 0.0066 
 415      415   (5)      6 :  0.0064 0.9886 0.0010 0.0020 0.0020 
 416      416   (0)      6 :  0.0030 0.9870 0.0020 0.0030 0.0050 
 417      417   (0)      6 :  0.0098 0.9784 0.0030 0.0048 0.0040 
 418      418   (0)      6 :  0.0072 0.9858 0.0020 0.0020 0.0030 
 419      419   (0)      6 :  0.0030 0.9476 0.0038 0.0020 0.0436 
 420      420   (0)      6 :  0.0018 0.9934 0.0018 0.0010 0.0020 
 421      421   (0)      6 :  0.0020 0.9878 0.0028 0.0020 0.0054 
 422      422   (5)      6 :  0.0042 0.9874 0.0030 0.0020 0.0034 
 423      423   (5)      6 :  0.0918 0.8972 0.0020 0.0030 0.0060 
 424      424   (5)      6 :  0.0040 0.9834 0.0054 0.0032 0.0040 
 425      425   (0)      6 :  0.0010 0.9834 0.0060 0.0040 0.0056 
 426      426   (0)      6 :  0.0020 0.9890 0.0020 0.0012 0.0058 
 427      427   (0)      6 :  0.0060 0.9792 0.0020 0.0020 0.0108 
 428      428   (0)      6 :  0.0010 0.9840 0.0096 0.0032 0.0022 
 429      429   (0)      6 :  0.0028 0.9834 0.0020 0.0020 0.0098 
 430      430   (0)      6 :  0.0072 0.9806 0.0020 0.0064 0.0038 
 431      431   (0)      6 :  0.0208 0.9702 0.0022 0.0038 0.0030 
 432      432   (0)      6 :  0.0040 0.9890 0.0020 0.0020 0.0030 
 433      433   (0)      6 :  0.0020 0.9828 0.0028 0.0020 0.0104 
 434      434   (0)      6 :  0.0048 0.9894 0.0024 0.0020 0.0014 
 435      435   (0)      6 :  0.0020 0.9256 0.0048 0.0030 0.0646 
 436      436   (0)      6 :  0.0246 0.9668 0.0030 0.0028 0.0028 
 437      437   (5)      6 :  0.0106 0.9640 0.0032 0.0040 0.0182 
 438      438   (0)      6 :  0.0052 0.9810 0.0020 0.0064 0.0054 
 439      439   (0)      6 :  0.0038 0.9862 0.0020 0.0020 0.0060 
 440      440   (0)      6 :  0.0038 0.9890 0.0020 0.0030 0.0022 
 441      441   (0)      6 :  0.0056 0.9814 0.0038 0.0028 0.0064 
 442      442   (0)      6 :  0.0040 0.9884 0.0028 0.0028 0.0020 
 443      443   (5)      6 :  0.0088 0.9828 0.0020 0.0020 0.0044 
 444      444   (5)      6 :  0.0072 0.9704 0.0052 0.0046 0.0126 
 445      445   (5)      6 :  0.0150 0.9724 0.0040 0.0028 0.0058 
 446      446   (5)      6 :  0.0110 0.9784 0.0028 0.0038 0.0040 
 447      447   (5)      6 :  0.0066 0.9842 0.0024 0.0038 0.0030 
 448      448   (5)      6 :  0.0064 0.9782 0.0028 0.0088 0.0038 
 449      449   (0)      6 :  0.0028 0.9842 0.0032 0.0024 0.0074 
 450      450   (5)      6 :  0.0056 0.9814 0.0020 0.0018 0.0092 
 451      451   (0)      6 :  0.0044 0.7734 0.0036 0.0020 0.2166 
 452      452   (0)      6 :  0.0190 0.9126 0.0122 0.0112 0.0450 
 453      453   (0)      6 :  0.0056 0.9810 0.0020 0.0020 0.0094 
 454      454   (0)      6 :  0.0020 0.9896 0.0020 0.0018 0.0046 
 455      455   (0)      6 :  0.0048 0.9596 0.0242 0.0030 0.0084 
 456      456   (0)      6 :  0.0060 0.9852 0.0020 0.0020 0.0048 
 457      457   (0)      6 :  0.0064 0.9858 0.0028 0.0020 0.0030 
 458      458   (0)      6 :  0.0030 0.9890 0.0032 0.0022 0.0026 
 459      459   (0)      6 :  0.0442 0.9476 0.0030 0.0016 0.0036 
 460      460   (0)      6 :  0.0038 0.9872 0.0020 0.0020 0.0050 
 461      461   (0)      6 :  0.0020 0.9530 0.0104 0.0020 0.0326 
 462      462   (0)      6 :  0.0020 0.0020 0.9912 0.0020 0.0028 
 463      463   (0)      6 :  0.0048 0.9892 0.0020 0.0010 0.0030 
 464      464   (0)      6 :  0.0038 0.9878 0.0022 0.0010 0.0052 
 465      465   (0)      6 :  0.0026 0.9884 0.0020 0.0020 0.0050 
 466      466   (0)      6 :  0.0022 0.9592 0.0082 0.0028 0.0276 
 467      467   (0)      6 :  0.0010 0.9886 0.0048 0.0020 0.0036 
 468      468   (0)      6 :  0.2225 0.6927 0.0612 0.0040 0.0196 
 469      469   (0)      6 :  0.0228 0.9516 0.0036 0.0028 0.0192 
 470      470   (0)      6 :  0.0104 0.7983 0.0020 0.0028 0.1865 
 471      471   (0)      6 :  0.0028 0.9864 0.0038 0.0018 0.0052 
 472      472   (0)      6 :  0.0028 0.9892 0.0028 0.0010 0.0042 
 473      473   (0)      6 :  0.0046 0.9870 0.0020 0.0030 0.0034 
 474      474   (0)      6 :  0.0028 0.9766 0.0076 0.0022 0.0108 
 475      475   (0)      6 :  0.0030 0.9870 0.0022 0.0020 0.0058 
 476      476   (0)      6 :  0.0020 0.9854 0.0030 0.0010 0.0086 
 477      477   (0)      6 :  0.0028 0.9840 0.0048 0.0020 0.0064 
 478      478   (0)      6 :  0.0192 0.9692 0.0020 0.0028 0.0068 
 479      479   (0)      6 :  0.0102 0.9796 0.0042 0.0038 0.0022 
 480      480   (0)      6 :  0.0030 0.9766 0.0030 0.0020 0.0154 
 481      481   (0)      6 :  0.7909 0.2029 0.0028 0.0010 0.0024 
 482      482   (0)      6 :  0.0028 0.9694 0.0028 0.0020 0.0230 
 483      483   (0)      6 :  0.0028 0.9718 0.0038 0.0020 0.0196 
 484      484   (0)      6 :  0.0046 0.9748 0.0030 0.0020 0.0156 
 485      485   (0)      6 :  0.0028 0.9854 0.0038 0.0010 0.0070 
 486      486   (0)      6 :  0.0028 0.9820 0.0058 0.0030 0.0064 
 487      487   (0)      6 :  0.0018 0.9828 0.0078 0.0020 0.0056 
 488      488   (0)      6 :  0.0094 0.9804 0.0020 0.0020 0.0062 
 489      489   (0)      6 :  0.0048 0.9874 0.0030 0.0020 0.0028 
 490      490   (0)      6 :  0.0038 0.9892 0.0038 0.0010 0.0022 
 491      491   (0)      6 :  0.0066 0.9764 0.0020 0.0020 0.0130 
 492      492   (0)      6 :  0.0024 0.9852 0.0048 0.0038 0.0038 
 493      493  (10)      6 :  0.6421 0.3485 0.0028 0.0022 0.0044 
 494      494   (0)      6 :  0.0082 0.9830 0.0030 0.0020 0.0038 
 495      495   (0)      6 :  0.0044 0.9748 0.0018 0.0020 0.0170 
 496      496   (0)      6 :  0.0302 0.8898 0.0044 0.0028 0.0728 
 497      497   (0)      6 :  0.0592 0.9264 0.0058 0.0038 0.0048 
 498      498   (0)      6 :  0.0030 0.9614 0.0042 0.0038 0.0276 
 499      499   (0)      6 :  0.0028 0.9862 0.0042 0.0018 0.0050 
 500      500   (0)      6 :  0.0056 0.9852 0.0036 0.0020 0.0036 
 501      501   (0)      6 :  0.0018 0.9934 0.0018 0.0010 0.0020 
 502      502   (0)      6 :  0.0036 0.9900 0.0018 0.0010 0.0036 
 503      503   (0)      6 :  0.0084 0.9824 0.0030 0.0030 0.0032 
 504      504   (0)      6 :  0.0028 0.9898 0.0020 0.0010 0.0044 
 505      505   (0)      6 :  0.0070 0.9848 0.0018 0.0018 0.0046 
 506      506   (0)      7 :  0.0048 0.9502 0.0022 0.0384 0.0044 
 507      507  (10)      7 :  0.0088 0.9810 0.0020 0.0052 0.0030 
 508      508  (10)      7 :  0.0060 0.9226 0.0502 0.0038 0.0174 
 509      509   (5)      7 :  0.0038 0.9874 0.0020 0.0018 0.0050 
 510      510   (5)      7 :  0.0096 0.9836 0.0028 0.0020 0.0020 
 511      511   (0)      7 :  0.0100 0.9816 0.0034 0.0010 0.0040 
 512      512   (5)      7 :  0.0350 0.9528 0.0074 0.0020 0.0028 
 513      513   (5)      7 :  0.0605 0.9307 0.0020 0.0028 0.0040 
 514      514   (0)      7 :  0.0054 0.9898 0.0018 0.0010 0.0020 
 515      515   (0)      7 :  0.0044 0.9904 0.0020 0.0010 0.0022 
 516      516   (0)      7 :  0.0046 0.9902 0.0020 0.0010 0.0022 
 517      517   (0)      7 :  0.0028 0.9798 0.0026 0.0010 0.0138 
 518      518   (0)      7 :  0.0038 0.9860 0.0052 0.0020 0.0030 
 519      519   (5)      7 :  0.0030 0.9890 0.0020 0.0010 0.0050 
 520      520   (5)      7 :  0.0054 0.9686 0.0070 0.0160 0.0030 
 521      521  (10)      7 :  0.0056 0.9858 0.0020 0.0030 0.0036 
 522      522   (0)      7 :  0.0032 0.9898 0.0024 0.0020 0.0026 
 523      523   (5)      7 :  0.0244 0.9544 0.0092 0.0048 0.0072 
 524      524   (5)      7 :  0.0020 0.9846 0.0068 0.0020 0.0046 
 525      525   (0)      7 :  0.0024 0.9894 0.0038 0.0010 0.0034 
 526      526   (5)      7 :  0.0146 0.9764 0.0020 0.0020 0.0050 
 527      527   (0)      7 :  0.0020 0.9724 0.0064 0.0110 0.0082 
 528      528   (5)      7 :  0.0080 0.9694 0.0186 0.0010 0.0030 
 529      529   (0)      7 :  0.0104 0.9848 0.0010 0.0018 0.0020 
 530      530   (0)      7 :  0.0478 0.9420 0.0038 0.0036 0.0028 
 531      531   (0)      7 :  0.0048 0.9820 0.0068 0.0042 0.0022 
 532      532   (0)      7 :  0.0212 0.9722 0.0020 0.0020 0.0026 
 533      533   (0)      7 :  0.0070 0.9742 0.0012 0.0020 0.0156 
 534      534   (0)      7 :  0.1242 0.8634 0.0020 0.0030 0.0074 
 535      535   (0)      7 :  0.0176 0.9638 0.0066 0.0092 0.0028 
 536      536   (0)      7 :  0.0030 0.9874 0.0034 0.0032 0.0030 
 537      537   (0)      7 :  0.1110 0.8696 0.0020 0.0066 0.0108 
 538      538   (0)      7 :  0.0104 0.9684 0.0020 0.0020 0.0172 
 539      539   (0)      7 :  0.0020 0.9894 0.0022 0.0030 0.0034 
 540      540   (0)      7 :  0.0046 0.9774 0.0030 0.0066 0.0084 
 541      541   (0)      7 :  0.0020 0.9928 0.0020 0.0010 0.0022 
 542      542   (0)      7 :  0.0020 0.9888 0.0020 0.0048 0.0024 
 543      543   (0)      7 :  0.0020 0.9920 0.0010 0.0020 0.0030 
 544      544   (5)      7 :  0.0042 0.9866 0.0040 0.0020 0.0032 
 545      545   (5)      7 :  0.0170 0.9714 0.0056 0.0020 0.0040 
 546      546   (0)      7 :  0.0020 0.9860 0.0068 0.0022 0.0030 
 547      547  (15)      7 :  0.0066 0.9636 0.0150 0.0072 0.0076 
 548      548  (10)      7 :  0.0106 0.9844 0.0020 0.0010 0.0020 
 549      549  (10)      7 :  0.0028 0.9898 0.0020 0.0020 0.0034 
 550      550  (10)      7 :  0.0048 0.9760 0.0030 0.0030 0.0132 
 551      551   (5)      7 :  0.0056 0.9736 0.0070 0.0020 0.0118 
 552      552   (5)      7 :  0.0074 0.9814 0.0028 0.0018 0.0066 
 553      553   (5)      7 :  0.0020 0.9830 0.0066 0.0020 0.0064 
 554      554   (5)      7 :  0.0098 0.9828 0.0022 0.0020 0.0032 
 555      555   (5)      7 :  0.0038 0.9792 0.0050 0.0020 0.0100 
 556      556   (5)      7 :  0.0020 0.9876 0.0030 0.0020 0.0054 
 557      557  (15)      7 :  0.0082 0.9682 0.0052 0.0078 0.0106 
 558      558   (5)      7 :  0.0046 0.9776 0.0010 0.0136 0.0032 
 559      559   (5)      7 :  0.0038 0.9904 0.0020 0.0016 0.0022 
 560      560  (15)      7 :  0.0066 0.9838 0.0030 0.0020 0.0046 
 561      561   (5)      7 :  0.0062 0.9588 0.0042 0.0220 0.0088 
 562      562   (5)      7 :  0.0078 0.7743 0.0180 0.0336 0.1663 
 563      563   (5)      7 :  0.0022 0.9882 0.0032 0.0020 0.0044 
 564      564   (5)      7 :  0.0146 0.9792 0.0020 0.0012 0.0030 
 565      565  (10)      7 :  0.0038 0.9868 0.0044 0.0028 0.0022 
 566      566   (5)      7 :  0.0828 0.9110 0.0020 0.0020 0.0022 
 567      567   (5)      7 :  0.0010 0.9894 0.0040 0.0020 0.0036 
 568      568  (10)      7 :  0.0224 0.9688 0.0030 0.0020 0.0038 
 569      569  (10)      7 :  0.0036 0.9830 0.0040 0.0028 0.0066 
 570      570  (10)      7 :  0.0030 0.9660 0.0030 0.0226 0.0054 
 571      571  (10)      7 :  0.0458 0.8696 0.0052 0.0466 0.0328 
 572      572   (5)      7 :  0.0036 0.9850 0.0026 0.0018 0.0070 
 573      573  (10)      7 :  0.0066 0.8046 0.1550 0.0030 0.0308 
 574      574   (0)      7 :  0.0210 0.9696 0.0038 0.0010 0.0046 
 575      575   (5)      7 :  0.0274 0.9658 0.0020 0.0020 0.0028 
 576      576   (0)      7 :  0.0038 0.9904 0.0010 0.0018 0.0030 
 577      577   (0)      7 :  0.0018 0.9942 0.0010 0.0010 0.0020 
 578      578   (0)      7 :  0.0030 0.9892 0.0020 0.0028 0.0030 
 579      579   (0)      7 :  0.0072 0.9710 0.0028 0.0154 0.0036 
 580      580   (0)      7 :  0.0028 0.9842 0.0074 0.0012 0.0044 
 581      581   (0)      7 :  0.0376 0.9464 0.0020 0.0112 0.0028 
 582      582   (0)      7 :  0.0680 0.9208 0.0038 0.0030 0.0044 
 583      583  (10)      7 :  0.0038 0.9878 0.0020 0.0036 0.0028 
 584      584  (10)      7 :  0.0032 0.8124 0.0058 0.0310 0.1475 
 585      585   (0)      7 :  0.0048 0.9790 0.0020 0.0100 0.0042 
 586      586   (5)      7 :  0.0040 0.8448 0.0062 0.0981 0.0470 
 587      587   (0)      7 :  0.0068 0.9764 0.0046 0.0030 0.0092 
 588      588   (5)      7 :  0.0044 0.9770 0.0030 0.0074 0.0082 
 589      589   (5)      7 :  0.0116 0.9776 0.0046 0.0020 0.0042 
 590      590   (5)      7 :  0.0118 0.9760 0.0056 0.0028 0.0038 
 591      591  (10)      7 :  0.0056 0.9884 0.0010 0.0018 0.0032 
 592      592   (0)      7 :  0.0028 0.9912 0.0020 0.0018 0.0022 
 593      593   (0)      7 :  0.0038 0.9890 0.0020 0.0020 0.0032 
 594      594   (0)      7 :  0.0032 0.9069 0.0246 0.0448 0.0206 
 595      595   (0)      7 :  0.0020 0.9898 0.0040 0.0020 0.0022 
 596      596   (0)      7 :  0.0048 0.9826 0.0046 0.0030 0.0050 
 597      597   (0)      7 :  0.0028 0.9906 0.0020 0.0018 0.0028 
 598      598   (0)      7 :  0.0364 0.9116 0.0020 0.0018 0.0482 
 599      599   (0)      7 :  0.0052 0.9808 0.0040 0.0024 0.0076 
 600      600   (0)      7 :  0.0136 0.9800 0.0020 0.0020 0.0024 
 601      601   (0)      7 :  0.0028 0.9866 0.0040 0.0022 0.0044 
 602      602   (0)      7 :  0.0028 0.9876 0.0044 0.0020 0.0032 
 603      603   (0)      7 :  0.0272 0.8990 0.0070 0.0106 0.0562 
 604      604   (0)      7 :  0.0062 0.8499 0.0092 0.0052 0.1295 
 605      605   (0)      7 :  0.0052 0.8368 0.0182 0.0056 0.1342 
 606      606   (0)      7 :  0.0300 0.8532 0.0032 0.0020 0.1116 
 607      607   (0)      7 :  0.0058 0.9720 0.0022 0.0130 0.0070 
 608      608   (0)      7 :  0.0038 0.9878 0.0020 0.0018 0.0046 
 609      609   (5)      7 :  0.0034 0.9834 0.0038 0.0024 0.0070 
 610      610   (0)      7 :  0.0066 0.9768 0.0032 0.0020 0.0114 
 611      611   (5)      7 :  0.0030 0.6723 0.0154 0.2999 0.0094 
 612      612   (0)      7 :  0.0028 0.9784 0.0022 0.0020 0.0146 
 613      613   (0)      7 :  0.0664 0.8908 0.0092 0.0082 0.0254 
 614      614   (0)      7 :  0.0046 0.9706 0.0188 0.0030 0.0030 
 615      615   (0)      7 :  0.0054 0.9748 0.0038 0.0026 0.0134 
 616      616   (0)      7 :  0.0038 0.9890 0.0020 0.0020 0.0032 
 617      617   (0)      7 :  0.0106 0.9682 0.0072 0.0020 0.0120 
 618      618   (0)      7 :  0.0110 0.9726 0.0012 0.0034 0.0118 
 619      619   (0)      7 :  0.0020 0.9930 0.0010 0.0018 0.0022 
 620      620   (0)      7 :  0.0030 0.9886 0.0030 0.0020 0.0034 
 621      621   (0)      7 :  0.0028 0.9914 0.0020 0.0018 0.0020 
 622      622   (0)      7 :  0.0592 0.8103 0.0040 0.0074 0.1191 
 623      623   (0)      7 :  0.0030 0.9900 0.0030 0.0010 0.0030 
 624      624   (0)      7 :  0.0020 0.9860 0.0022 0.0048 0.0050 
 625      625   (5)      7 :  0.0032 0.9880 0.0030 0.0020 0.0038 
 626      626   (0)      7 :  0.0068 0.9850 0.0030 0.0028 0.0024 
 627      627   (0)      7 :  0.0084 0.9680 0.0102 0.0030 0.0104 
 628      628   (0)      7 :  0.0036 0.9878 0.0020 0.0046 0.0020 
 629      629  (10)      7 :  0.0086 0.9814 0.0020 0.0020 0.0060 
 630      630   (0)      7 :  0.0028 0.9912 0.0010 0.0020 0.0030 
 631      631   (0)      7 :  0.0046 0.9912 0.0010 0.0012 0.0020 
 632      632   (0)      7 :  0.0030 0.9892 0.0020 0.0036 0.0022 
 633      633  (10)      7 :  0.0038 0.9850 0.0034 0.0014 0.0064 
 634      634   (5)      7 :  0.0028 0.9786 0.0056 0.0018 0.0112 
 635      635   (0)      7 :  0.0038 0.9834 0.0022 0.0028 0.0078 
 636      636   (5)      7 :  0.0030 0.9908 0.0020 0.0020 0.0022 
 637      637   (5)      7 :  0.0020 0.9850 0.0010 0.0010 0.0110 
 638      638  (10)      7 :  0.0028 0.9826 0.0040 0.0020 0.0086 
 639      639   (0)      7 :  0.0048 0.9884 0.0010 0.0020 0.0038 
 640      640   (5)      7 :  0.0030 0.9566 0.0230 0.0072 0.0102 
 641      641  (10)      7 :  0.0084 0.9838 0.0020 0.0020 0.0038 
 642      642   (0)      7 :  0.0028 0.9736 0.0100 0.0030 0.0106 
 643      643   (0)      7 :  0.0140 0.9368 0.0022 0.0198 0.0272 
 644      644   (0)      7 :  0.0020 0.9198 0.0080 0.0028 0.0674 
 645      645   (0)      7 :  0.0060 0.9086 0.0730 0.0036 0.0088 
 646      646   (0)      7 :  0.0046 0.9822 0.0018 0.0018 0.0096 
 647      647   (0)      7 :  0.0020 0.9862 0.0020 0.0042 0.0056 
 648      648   (0)      7 :  0.0088 0.9840 0.0030 0.0014 0.0028 
 649      649   (0)      7 :  0.0072 0.9836 0.0038 0.0018 0.0036 
 650      650   (0)      7 :  0.0066 0.9884 0.0010 0.0010 0.0030 
 651      651   (5)      7 :  0.0020 0.9778 0.0080 0.0048 0.0074 
 652      652   (0)      7 :  0.0046 0.9912 0.0010 0.0010 0.0022 
 653      653   (0)      7 :  0.1854 0.7882 0.0182 0.0028 0.0054 
 654      654   (0)      7 :  0.0028 0.9872 0.0050 0.0020 0.0030 
 655      655   (5)      7 :  0.0126 0.9732 0.0030 0.0040 0.0072 
 656      656   (0)      7 :  0.0046 0.9872 0.0012 0.0030 0.0040 
 657      657   (0)      7 :  0.0090 0.9468 0.0042 0.0050 0.0350 
 658      658   (0)      7 :  0.0088 0.9784 0.0030 0.0020 0.0078 
 659      659   (0)      7 :  0.0112 0.9776 0.0042 0.0012 0.0058 
 660      660   (0)      7 :  0.0028 0.9892 0.0040 0.0020 0.0020 
 661      661   (0)      7 :  0.0468 0.9366 0.0064 0.0038 0.0064 
 662      662   (0)      7 :  0.0032 0.9760 0.0018 0.0048 0.0142 
 663      663   (0)      7 :  0.0028 0.9904 0.0028 0.0020 0.0020 
 664      664   (0)      7 :  0.0068 0.9834 0.0030 0.0020 0.0048 
 665      665   (0)      7 :  0.0038 0.9820 0.0042 0.0054 0.0046 
 666      666   (0)      7 :  0.0881 0.9047 0.0020 0.0012 0.0040 
 667      667   (0)      7 :  0.0062 0.9848 0.0010 0.0010 0.0070 
 668      668   (0)      7 :  0.0020 0.9916 0.0020 0.0020 0.0024 
 669      669   (0)      7 :  0.0028 0.9898 0.0028 0.0010 0.0036 
 670      670   (0)      7 :  0.0028 0.9922 0.0020 0.0010 0.0020 
 671      671   (0)      7 :  0.0038 0.9860 0.0020 0.0016 0.0066 
 672      672   (0)      7 :  0.0030 0.9858 0.0040 0.0018 0.0054 
 673      673   (0)      7 :  0.0038 0.9836 0.0030 0.0056 0.0040 
 674      674   (0)      7 :  0.0046 0.9884 0.0020 0.0020 0.0030 
 675      675   (0)      7 :  0.0020 0.9930 0.0020 0.0010 0.0020 
 676      676  (10)      7 :  0.0048 0.9786 0.0020 0.0046 0.0100 
 677      677   (5)      7 :  0.0104 0.8523 0.1233 0.0020 0.0120 
 678      678  (10)      7 :  0.0038 0.9838 0.0040 0.0028 0.0056 
 679      679   (5)      7 :  0.0172 0.8840 0.0298 0.0580 0.0110 
 680      680  (10)      7 :  0.0110 0.9804 0.0028 0.0020 0.0038 
 681      681  (10)      7 :  0.0512 0.9222 0.0118 0.0020 0.0128 
 682      682   (0)      7 :  0.0144 0.9710 0.0076 0.0030 0.0040 
 683      683   (5)      7 :  0.0048 0.9772 0.0028 0.0038 0.0114 
 684      684   (5)      7 :  0.0066 0.9340 0.0052 0.0386 0.0156 
 685      685  (10)      7 :  0.0168 0.9594 0.0122 0.0046 0.0070 
 686      686   (0)      7 :  0.0108 0.9804 0.0020 0.0020 0.0048 
 687      687   (0)      7 :  0.0038 0.9884 0.0020 0.0028 0.0030 
 688      688   (0)      7 :  0.0028 0.9894 0.0020 0.0020 0.0038 
 689      689   (0)      7 :  0.0020 0.9928 0.0010 0.0020 0.0022 
 690      690   (0)      7 :  0.2152 0.7473 0.0020 0.0278 0.0078 
 691      691   (0)      7 :  0.0018 0.8342 0.0020 0.0530 0.1090 
 692      692   (0)      7 :  0.0058 0.8928 0.0020 0.0948 0.0046 
 693      693   (0)      7 :  0.0020 0.9870 0.0020 0.0020 0.0070 
 694      694   (0)      7 :  0.0020 0.9816 0.0030 0.0010 0.0124 
 695      695   (5)      7 :  0.0034 0.8368 0.0136 0.0104 0.1358 
 696      696   (0)      7 :  0.0070 0.7620 0.0460 0.0080 0.1770 
 697      697   (0)      7 :  0.0046 0.9882 0.0036 0.0010 0.0026 
 698      698  (10)      7 :  0.0080 0.9646 0.0022 0.0044 0.0208 
 699      699   (5)      7 :  0.0066 0.9864 0.0030 0.0020 0.0020 
 700      700   (0)      7 :  0.0020 0.9928 0.0020 0.0010 0.0022 
 701      701   (5)      7 :  0.0056 0.7872 0.0032 0.0056 0.1984 
 702      702   (5)      7 :  0.0078 0.9756 0.0038 0.0028 0.0100 
 703      703   (0)      7 :  0.0076 0.9788 0.0020 0.0020 0.0096 
 704      704   (0)      7 :  0.0040 0.9764 0.0020 0.0154 0.0022 
 705      705   (0)      7 :  0.0038 0.9866 0.0022 0.0022 0.0052 
 706      706   (0)      7 :  0.0022 0.8850 0.0052 0.0038 0.1038 
 707      707   (0)      7 :  0.0130 0.9794 0.0020 0.0010 0.0046 
 708      708   (0)      7 :  0.0076 0.9786 0.0020 0.0056 0.0062 
 709      709   (0)      7 :  0.0030 0.9876 0.0038 0.0018 0.0038 
 710      710   (0)      7 :  0.0028 0.9872 0.0020 0.0010 0.0070 
 711      711   (0)      7 :  0.0020 0.9902 0.0020 0.0010 0.0048 
 712      712   (0)      7 :  0.0038 0.9856 0.0030 0.0020 0.0056 
 713      713   (0)      7 :  0.0066 0.9822 0.0048 0.0042 0.0022 
 714      714   (0)      7 :  0.0038 0.9636 0.0128 0.0020 0.0178 
 715      715   (0)      7 :  0.0020 0.9798 0.0090 0.0020 0.0072 
 716      716   (0)      7 :  0.0020 0.9854 0.0048 0.0020 0.0058 
 717      717   (0)      7 :  0.0346 0.9576 0.0028 0.0022 0.0028 
 718      718   (0)      7 :  0.0138 0.9712 0.0062 0.0032 0.0056 
 719      719   (0)      7 :  0.0346 0.9576 0.0028 0.0022 0.0028 
 720      720   (0)      7 :  0.0028 0.9854 0.0028 0.0020 0.0070 
 721      721   (0)      7 :  0.0028 0.9878 0.0038 0.0020 0.0036 
 722      722   (0)      7 :  0.0038 0.9828 0.0020 0.0010 0.0104 
 723      723   (0)      7 :  0.0026 0.9860 0.0010 0.0010 0.0094 
 724      724   (0)      7 :  0.0162 0.9734 0.0012 0.0012 0.0080 
 725      725   (0)      7 :  0.0252 0.9688 0.0020 0.0010 0.0030 
 726      726   (0)      7 :  0.1124 0.8635 0.0020 0.0182 0.0038 
 727      727   (0)      7 :  0.0046 0.9602 0.0046 0.0274 0.0032 
 728      728   (0)      7 :  0.0030 0.9878 0.0020 0.0018 0.0054 
 729      729   (0)      7 :  0.0048 0.9716 0.0130 0.0044 0.0062 
 730      730   (0)      7 :  0.0064 0.9894 0.0020 0.0010 0.0012 
 731      731   (0)      7 :  0.0056 0.9706 0.0176 0.0020 0.0042 
 732      732   (0)      7 :  0.0030 0.9896 0.0020 0.0012 0.0042 
 733      733   (0)      7 :  0.0056 0.9832 0.0040 0.0030 0.0042 
 734      734   (0)      7 :  0.0092 0.9798 0.0020 0.0052 0.0038 
 735      735   (0)      7 :  0.0028 0.9892 0.0040 0.0010 0.0030 
 736      736   (0)      7 :  0.0082 0.9800 0.0022 0.0030 0.0066 
 737      737   (0)      7 :  0.0060 0.9874 0.0010 0.0020 0.0036 
 738      738   (0)      7 :  0.0698 0.9134 0.0030 0.0060 0.0078 
 739      739   (0)      7 :  0.0020 0.9920 0.0020 0.0020 0.0020 
 740      740   (0)      7 :  0.0020 0.9916 0.0020 0.0024 0.0020 
 741      741   (0)      7 :  0.0030 0.9884 0.0020 0.0020 0.0046 
 742      742   (0)      7 :  0.0020 0.9898 0.0022 0.0020 0.0040 
 743      743   (0)      7 :  0.0030 0.9880 0.0020 0.0020 0.0050 
 744      744   (0)      7 :  0.0030 0.9860 0.0028 0.0018 0.0064 
 745      745   (0)      7 :  0.0028 0.9896 0.0028 0.0010 0.0038 
 746      746   (5)      8 :  0.0022 0.9758 0.0078 0.0074 0.0068 
 747      747   (0)      8 :  0.0034 0.8577 0.0062 0.0022 0.1305 
 748      748   (0)      8 :  0.0044 0.8950 0.0046 0.0022 0.0938 
 749      749   (0)      8 :  0.0038 0.8350 0.0030 0.0052 0.1530 
 750      750   (0)      8 :  0.0066 0.9778 0.0026 0.0020 0.0110 
 751      751   (0)      8 :  0.0066 0.8297 0.0140 0.1063 0.0434 
 752      752   (0)      8 :  0.0152 0.8922 0.0042 0.0068 0.0816 
 753      753   (0)      8 :  0.0322 0.9286 0.0052 0.0130 0.0210 
 754      754   (0)      8 :  0.0074 0.8664 0.0078 0.0020 0.1164 
 755      755   (0)      8 :  0.0020 0.9920 0.0020 0.0020 0.0020 
 756      756   (0)      8 :  0.0040 0.9836 0.0022 0.0050 0.0052 
 757      757   (0)      8 :  0.0068 0.9172 0.0020 0.0030 0.0710 
 758      758   (0)      8 :  0.0092 0.9810 0.0030 0.0020 0.0048 
 759      759   (0)      8 :  0.0032 0.8807 0.0030 0.0026 0.1105 
 760      760   (0)      8 :  0.0686 0.8258 0.0042 0.0032 0.0982 
 761      761   (0)      8 :  0.0038 0.9902 0.0020 0.0010 0.0030 
 762      762   (0)      8 :  0.0022 0.9145 0.0042 0.0012 0.0779 
 763      763   (0)      8 :  0.0020 0.9296 0.0020 0.0108 0.0556 
 764      764   (0)      8 :  0.0020 0.9856 0.0030 0.0020 0.0074 
 765      765   (0)      8 :  0.0020 0.9338 0.0058 0.0056 0.0528 
 766      766   (0)      8 :  0.0843 0.9017 0.0058 0.0050 0.0032 
 767      767   (0)      8 :  0.0022 0.9344 0.0542 0.0030 0.0062 
 768      768   (0)      8 :  0.0108 0.8142 0.0082 0.0028 0.1640 
 769      769   (0)      8 :  0.0160 0.8150 0.0060 0.0028 0.1602 
 770      770   (0)      8 :  0.0020 0.9708 0.0020 0.0210 0.0042 
 771      771   (0)      8 :  0.0046 0.9462 0.0206 0.0028 0.0258 
 772      772   (0)      8 :  0.0092 0.8891 0.0466 0.0020 0.0530 
 773      773   (0)      8 :  0.0030 0.7836 0.0074 0.0050 0.2010 
 774      774   (0)      8 :  0.0090 0.9266 0.0020 0.0038 0.0586 
 775      775   (0)      8 :  0.0020 0.9664 0.0058 0.0066 0.0192 
 776      776   (0)      8 :  0.0310 0.9050 0.0030 0.0536 0.0074 
 777      777  (10)      8 :  0.0038 0.9848 0.0046 0.0022 0.0046 
 778      778   (5)      8 :  0.0126 0.9249 0.0020 0.0030 0.0575 
 779      779   (0)      8 :  0.0020 0.4790 0.0148 0.0060 0.4982 
 780      780   (0)      8 :  0.0010 0.8108 0.0030 0.0056 0.1796 
 781      781   (0)      8 :  0.0076 0.7856 0.0038 0.0048 0.1982 
 782      782   (0)      8 :  0.0022 0.7804 0.0018 0.0046 0.2110 
 783      783   (0)      8 :  0.0032 0.6460 0.0038 0.0134 0.3336 
 784      784   (0)      8 :  0.0020 0.7978 0.0038 0.0020 0.1944 
 785      785   (0)      8 :  0.0050 0.8052 0.0020 0.0116 0.1762 
 786      786   (0)      8 :  0.0020 0.8530 0.0084 0.0056 0.1310 
 787      787   (0)      8 :  0.0022 0.8098 0.0090 0.0010 0.1780 
 788      788   (5)      8 :  0.0024 0.8622 0.0146 0.0032 0.1176 
 789      789   (0)      8 :  0.0128 0.6104 0.0046 0.0072 0.3650 
 790      790   (0)      8 :  0.0022 0.8310 0.0070 0.0010 0.1588 
 791      791   (0)      8 :  0.0030 0.6476 0.0050 0.0028 0.3416 
 792      792   (0)      8 :  0.0072 0.8997 0.0062 0.0180 0.0689 
 793      793   (0)      8 :  0.0020 0.6522 0.0082 0.0024 0.3352 
 794      794   (5)      8 :  0.0042 0.2065 0.0781 0.0020 0.7092 
 795      795   (0)      8 :  0.0044 0.8016 0.0624 0.0094 0.1222 
 796      796   (0)      8 :  0.0432 0.7610 0.0020 0.0020 0.1918 
 797      797   (0)      8 :  0.0022 0.7784 0.0308 0.0020 0.1866 
 798      798   (0)      8 :  0.0032 0.7858 0.0106 0.0040 0.1964 
 799      799   (0)      8 :  0.0056 0.9862 0.0030 0.0020 0.0032 
 800      800   (0)      8 :  0.0124 0.9454 0.0020 0.0020 0.0382 
 801      801   (5)      8 :  0.0042 0.9714 0.0042 0.0060 0.0142 
 802      802   (5)      8 :  0.0020 0.6634 0.1284 0.0036 0.2026 
 803      803   (0)      8 :  0.0022 0.8158 0.0046 0.0022 0.1752 
 804      804   (0)      8 :  0.0064 0.7616 0.0276 0.0022 0.2022 
 805      805   (0)      8 :  0.0020 0.7574 0.0054 0.0046 0.2306 
 806      806   (0)      8 :  0.0022 0.8012 0.0020 0.0020 0.1926 
 807      807   (0)      8 :  0.0032 0.9722 0.0062 0.0028 0.0156 
 808      808   (0)      8 :  0.0074 0.7926 0.0186 0.0206 0.1608 
 809      809   (0)      8 :  0.0020 0.9362 0.0282 0.0080 0.0256 
 810      810   (0)      8 :  0.0036 0.8559 0.0118 0.0010 0.1277 
 811      811   (0)      8 :  0.0064 0.8216 0.0240 0.0018 0.1463 
 812      812   (0)      8 :  0.0020 0.9327 0.0046 0.0016 0.0591 
 813      813   (0)      8 :  0.0028 0.7875 0.0364 0.0048 0.1685 
 814      814   (0)      9 :  0.0040 0.8266 0.0012 0.0020 0.1662 
 815      815   (0)      9 :  0.0048 0.8002 0.0012 0.0020 0.1918 
 816      816   (0)      9 :  0.0044 0.9502 0.0036 0.0036 0.0382 
 817      817   (0)      9 :  0.0060 0.7928 0.0020 0.0042 0.1950 
 818      818   (0)      9 :  0.0032 0.7942 0.0030 0.0022 0.1974 
 819      819   (0)      9 :  0.0020 0.7998 0.0038 0.0010 0.1934 
 820      820   (0)      9 :  0.0036 0.8006 0.0020 0.0020 0.1918 
 821      821   (0)      9 :  0.0020 0.7047 0.1100 0.0084 0.1748 
 822      822   (0)      9 :  0.0084 0.7804 0.0082 0.0082 0.1948 
 823      823   (0)      9 :  0.0068 0.7984 0.0058 0.0030 0.1860 
 824      824   (0)      9 :  0.0030 0.7942 0.0028 0.0020 0.1980 
 825      825   (0)      9 :  0.0034 0.7728 0.0028 0.0038 0.2172 
 826      826   (0)      9 :  0.0012 0.8070 0.0052 0.0024 0.1842 
 827      827   (0)      9 :  0.0092 0.8118 0.0028 0.0024 0.1738 
 828      828   (0)      9 :  0.0022 0.7940 0.0020 0.0044 0.1974 
 829      829   (0)      9 :  0.0030 0.7986 0.0030 0.0020 0.1934 
 830      830   (0)      9 :  0.0046 0.7832 0.0072 0.0020 0.2030 
 831      831   (0)      9 :  0.0030 0.7940 0.0480 0.0040 0.1510 
 832      832   (0)      9 :  0.0022 0.7970 0.0034 0.0020 0.1954 
 833      833   (0)      9 :  0.0032 0.7898 0.0036 0.0010 0.2024 
 834      834   (0)      9 :  0.0042 0.7832 0.0048 0.0020 0.2058 
 835      835   (0)      9 :  0.0052 0.7488 0.0044 0.0028 0.2388 
 836      836   (0)      9 :  0.0058 0.7846 0.0010 0.0020 0.2066 
 837      837   (0)      9 :  0.0124 0.7714 0.0036 0.0018 0.2108 
 838      838   (0)      9 :  0.0024 0.7790 0.0028 0.0020 0.2138 
 839      839   (0)      9 :  0.0020 0.7908 0.0032 0.0058 0.1982 
 840      840   (0)      9 :  0.0020 0.7874 0.0040 0.0022 0.2044 
 841      841   (0)      9 :  0.0042 0.7904 0.0022 0.0060 0.1972 
 842      842   (0)      9 :  0.0020 0.7780 0.0028 0.0182 0.1990 
 843      843   (0)      9 :  0.0094 0.7786 0.0108 0.0040 0.1972 
 844      844   (0)      9 :  0.0056 0.7836 0.0020 0.0038 0.2050 
 845      845   (0)     10 :  0.0022 0.8084 0.0156 0.0060 0.1678 
 846      846   (0)     10 :  0.0036 0.7884 0.0032 0.0030 0.2018 
 847      847   (0)     10 :  0.0100 0.7762 0.0028 0.0038 0.2072 
 848      848   (0)     10 :  0.0082 0.7962 0.0010 0.0022 0.1924 
 849      849   (0)     10 :  0.0022 0.7906 0.0060 0.0020 0.1992 
 850      850   (0)     10 :  0.0116 0.7896 0.0022 0.0020 0.1946 
 851      851   (0)     10 :  0.0022 0.7862 0.0030 0.0028 0.2058 
 852      852   (0)     10 :  0.0262 0.8098 0.0022 0.0020 0.1598 
 853      853   (0)     10 :  0.0040 0.7974 0.0020 0.0040 0.1926 
 854      854   (0)     10 :  0.0024 0.7918 0.0020 0.0028 0.2010 
 855      855   (0)     10 :  0.0052 0.8396 0.0012 0.0020 0.1520 
 856      856   (0)     10 :  0.0062 0.7904 0.0068 0.0012 0.1954 
 857      857   (0)     10 :  0.0028 0.7756 0.0064 0.0100 0.2052 
 858      858   (0)     10 :  0.0168 0.7712 0.0020 0.0042 0.2058 
 859      859   (0)     10 :  0.0056 0.7924 0.0020 0.0024 0.1976 
 860      860   (0)     10 :  0.0080 0.7928 0.0040 0.0020 0.1932 
 861      861   (0)     10 :  0.0100 0.7798 0.0030 0.0066 0.2006 
 862      862   (0)     10 :  0.0012 0.7946 0.0020 0.0018 0.2004 
 863      863   (0)     10 :  0.0044 0.7892 0.0020 0.0060 0.1984 
 864      864   (0)     10 :  0.0030 0.7974 0.0020 0.0030 0.1946 
 865      865   (0)     10 :  0.0034 0.8338 0.0020 0.0020 0.1588 
 866      866   (0)     10 :  0.0028 0.7732 0.0028 0.0082 0.2130 
 867      867   (0)     10 :  0.0026 0.8274 0.0020 0.0020 0.1660 
 868      868   (0)     10 :  0.0034 0.7724 0.0174 0.0038 0.2030 
 869      869   (0)     10 :  0.0020 0.7952 0.0020 0.0020 0.1988 
 870      870   (0)     10 :  0.0018 0.7926 0.0038 0.0020 0.1998 
 871      871   (0)     10 :  0.0012 0.7924 0.0046 0.0058 0.1960 
 872      872   (0)     10 :  0.0236 0.8106 0.0020 0.0020 0.1618 
 873      873   (0)     10 :  0.0072 0.7924 0.0054 0.0046 0.1904 
 874      874   (0)     10 :  0.0312 0.7568 0.0026 0.0302 0.1792 
 875      875   (0)     10 :  0.0020 0.7720 0.0036 0.0020 0.2204 
 876      876   (0)     10 :  0.0040 0.8420 0.0032 0.0022 0.1486 
 877      877   (0)     10 :  0.0020 0.7938 0.0028 0.0022 0.1992 
 878      878   (0)     10 :  0.0034 0.7960 0.0020 0.0020 0.1966 
 879      879   (0)     10 :  0.0012 0.7898 0.0020 0.0062 0.2008 
 880      880   (0)     10 :  0.0022 0.7960 0.0030 0.0020 0.1968 
 881      881   (0)     10 :  0.0046 0.7764 0.0020 0.0020 0.2150 
 882      882   (0)     10 :  0.0036 0.7946 0.0020 0.0030 0.1968 
 883      883   (0)     10 :  0.0038 0.8276 0.0052 0.0042 0.1592 
 884      884   (0)     10 :  0.0038 0.7756 0.0028 0.0018 0.2160 
 885      885   (0)     10 :  0.0022 0.7992 0.0054 0.0012 0.1920 
 886      886   (0)     10 :  0.0034 0.8266 0.0022 0.0020 0.1658 
 887      887   (0)     10 :  0.0030 0.7806 0.0070 0.0082 0.2012 
 888      888   (0)     10 :  0.0040 0.7964 0.0038 0.0022 0.1936 
 889      889   (0)     10 :  0.0032 0.7924 0.0030 0.0020 0.1994 
 890      890   (0)     10 :  0.0022 0.7942 0.0040 0.0020 0.1976 
 891      891   (0)     10 :  0.0024 0.8461 0.0012 0.0012 0.1491 
 892      892   (0)     10 :  0.0032 0.8591 0.0020 0.0012 0.1345 
 893      893   (0)     10 :  0.0060 0.8448 0.0020 0.0076 0.1396 
 894      894   (0)     10 :  0.0260 0.7774 0.0048 0.0028 0.1890 
 895      895   (0)     10 :  0.0020 0.7846 0.0038 0.0020 0.2076 
 896      896   (0)     10 :  0.0048 0.7912 0.0020 0.0022 0.1998 
 897      897   (0)     10 :  0.0020 0.7908 0.0024 0.0044 0.2004 
 898      898   (0)     10 :  0.0022 0.7960 0.0020 0.0024 0.1974 
 899      899   (0)     10 :  0.0012 0.7920 0.0018 0.0022 0.2028 
 900      900   (0)     10 :  0.0040 0.7886 0.0036 0.0012 0.2026 
 901      901   (0)     10 :  0.0054 0.7886 0.0028 0.0030 0.2002 
 902      902   (0)     10 :  0.0122 0.7638 0.0114 0.0020 0.2106 
 903      903   (0)     10 :  0.0010 0.7874 0.0086 0.0020 0.2010 
 904      904   (0)     10 :  0.0058 0.7686 0.0130 0.0072 0.2054 
 905      905   (0)     10 :  0.0012 0.7912 0.0038 0.0062 0.1976 
 906      906   (0)     10 :  0.0024 0.7992 0.0038 0.0030 0.1916 
 907      907   (0)     10 :  0.0130 0.7216 0.0158 0.0038 0.2458 
 908      908   (0)     10 :  0.0124 0.8152 0.0038 0.0026 0.1660 
 909      909   (0)     10 :  0.0056 0.7820 0.0054 0.0058 0.2012 
 910      910   (0)     10 :  0.0046 0.7912 0.0038 0.0020 0.1984 
 911      911   (0)     10 :  0.0040 0.7538 0.0218 0.0062 0.2142 
 912      912   (0)     10 :  0.0046 0.7856 0.0036 0.0020 0.2042 
 913      913   (0)     10 :  0.0044 0.7822 0.0092 0.0020 0.2022 
 914      914   (0)     10 :  0.0044 0.7936 0.0020 0.0020 0.1980 
 915      915   (0)     10 :  0.0030 0.9364 0.0126 0.0178 0.0302 
 916      916   (0)     10 :  0.0084 0.7872 0.0020 0.0010 0.2014 
 917      917   (0)     10 :  0.0062 0.7934 0.0020 0.0076 0.1908 
 918      918   (0)     10 :  0.0024 0.7940 0.0030 0.0020 0.1986 
 919      919   (0)     10 :  0.0038 0.7904 0.0030 0.0030 0.1998 
 920      920   (0)     10 :  0.0094 0.8284 0.0042 0.0022 0.1558 
 921      921   (0)     10 :  0.0022 0.7974 0.0020 0.0022 0.1962 
 922      922   (0)     10 :  0.0028 0.8046 0.0022 0.0108 0.1796 
 923      923   (0)     10 :  0.0020 0.7900 0.0030 0.0080 0.1970 
 924      924   (0)     10 :  0.0044 0.8573 0.0040 0.0020 0.1323 
 925      925   (0)     10 :  0.0012 0.7896 0.0108 0.0022 0.1962 
 926      926   (0)     10 :  0.0020 0.7930 0.0018 0.0028 0.2004 
 927      927   (0)     10 :  0.0046 0.7372 0.0028 0.0020 0.2534 
 928      928   (0)     10 :  0.0022 0.7942 0.0010 0.0020 0.2006 
 929      929   (0)     10 :  0.0044 0.7804 0.0168 0.0020 0.1964 
 930      930   (0)     10 :  0.0042 0.7886 0.0070 0.0020 0.1982 
 931      931   (0)     10 :  0.0022 0.7936 0.0020 0.0020 0.2002 
 932      932   (0)     10 :  0.0020 0.7870 0.0040 0.0046 0.2024 
 933      933   (0)     10 :  0.0024 0.7926 0.0022 0.0020 0.2008 
 934      934   (0)     10 :  0.0036 0.7924 0.0028 0.0020 0.1992 
 935      935   (0)     10 :  0.0022 0.7904 0.0046 0.0020 0.2008 
 936      936   (0)     10 :  0.0036 0.7926 0.0020 0.0028 0.1990 
 937      937   (0)     10 :  0.0020 0.7932 0.0020 0.0020 0.2008 
 938      938   (0)     10 :  0.0284 0.7862 0.0052 0.0020 0.1782 
 939      939   (0)     10 :  0.0036 0.7894 0.0048 0.0052 0.1970 
 940      940   (0)     10 :  0.0192 0.7742 0.0050 0.0066 0.1950 
 941      941   (0)     10 :  0.0022 0.7946 0.0020 0.0010 0.2002 
 942      942   (0)     10 :  0.0022 0.8182 0.0118 0.0030 0.1648 
 943      943   (0)     10 :  0.0142 0.7846 0.0018 0.0022 0.1972 
 944      944   (0)     10 :  0.0022 0.7826 0.0070 0.0028 0.2054 
 945      945   (0)     10 :  0.0044 0.7866 0.0060 0.0020 0.2010 
 946      946   (0)     10 :  0.0024 0.7884 0.0098 0.0030 0.1964 
 947      947   (0)     10 :  0.0022 0.7920 0.0020 0.0032 0.2006 
 948      948   (0)     10 :  0.0056 0.8008 0.0024 0.0058 0.1854 
 949      949   (0)     10 :  0.0032 0.7938 0.0020 0.0032 0.1978 
 950      950   (0)     10 :  0.0070 0.7954 0.0042 0.0086 0.1848 
 951      951   (0)     10 :  0.0036 0.7784 0.0120 0.0056 0.2004 
 952      952   (0)     10 :  0.0032 0.7962 0.0020 0.0020 0.1966 
 953      953   (0)     10 :  0.0020 0.8846 0.0020 0.0012 0.1102 
 954      954   (0)     10 :  0.0042 0.7864 0.0028 0.0056 0.2010 
 955      955   (0)     10 :  0.0204 0.7652 0.0056 0.0076 0.2012 
 956      956   (0)     10 :  0.0046 0.8132 0.0030 0.0026 0.1766 
 957      957   (0)     10 :  0.0024 0.7936 0.0048 0.0020 0.1972 
 958      958   (0)     10 :  0.0040 0.8406 0.0022 0.0042 0.1490 
 959      959   (0)     10 :  0.0022 0.7856 0.0100 0.0020 0.2002 
 960      960   (0)     10 :  0.0020 0.7770 0.0046 0.0036 0.2128 
 961      961   (0)     10 :  0.0022 0.8098 0.0030 0.0022 0.1828 
 962      962   (0)     10 :  0.0034 0.8232 0.0020 0.0072 0.1642 
 963      963   (0)     10 :  0.0026 0.8216 0.0020 0.0334 0.1404 
 964      964   (0)     10 :  0.0012 0.7948 0.0020 0.0020 0.2000 
 965      965   (0)     10 :  0.0034 0.7874 0.0038 0.0030 0.2024 
 966      966   (0)     10 :  0.0022 0.7854 0.0094 0.0058 0.1972 
 967      967   (0)     10 :  0.0024 0.7504 0.0498 0.0020 0.1954 
 968      968   (0)     10 :  0.0052 0.7774 0.0078 0.0020 0.2076 
 969      969   (0)     10 :  0.0030 0.7388 0.0530 0.0030 0.2022 
 970      970   (0)     11 :  0.0032 0.7942 0.0022 0.0022 0.1982 
 971      971   (0)     11 :  0.0030 0.7716 0.0224 0.0052 0.1978 
 972      972   (0)     11 :  0.0054 0.7820 0.0038 0.0030 0.2058 
 973      973   (0)     11 :  0.0048 0.7722 0.0084 0.0020 0.2126 
 974      974   (0)     11 :  0.0032 0.7918 0.0028 0.0020 0.2002 
 975      975   (0)     11 :  0.0032 0.7888 0.0092 0.0034 0.1954 
 976      976   (0)     11 :  0.0010 0.7752 0.0164 0.0116 0.1958 
 977      977   (0)     11 :  0.0022 0.7608 0.0020 0.0412 0.1938 
 978      978   (0)     11 :  0.0032 0.7514 0.0066 0.0304 0.2084 
 979      979   (0)     11 :  0.0410 0.6836 0.0048 0.0062 0.2644 
 980      980   (0)     11 :  0.0012 0.7910 0.0038 0.0028 0.2012 
 981      981   (0)     11 :  0.0028 0.7325 0.0060 0.0028 0.2560 
 982      982   (0)     11 :  0.0020 0.7930 0.0048 0.0020 0.1982 
 983      983   (0)     11 :  0.0032 0.7918 0.0064 0.0030 0.1956 
 984      984   (0)     11 :  0.0020 0.8006 0.0030 0.0050 0.1894 
 985      985  (10)     11 :  0.0024 0.7840 0.0070 0.0030 0.2036 
 986      986   (0)     11 :  0.0036 0.7198 0.0046 0.0038 0.2682 
 987      987   (0)     11 :  0.0074 0.7878 0.0136 0.0382 0.1530 
 988      988   (0)     11 :  0.0062 0.7952 0.0066 0.0020 0.1900 
 989      989   (0)     11 :  0.0040 0.5813 0.2197 0.0032 0.1918 
 990      990   (5)     11 :  0.0020 0.7882 0.0058 0.0040 0.2000 
 991      991   (0)     11 :  0.0062 0.7908 0.0028 0.0022 0.1980 
 992      992   (0)     11 :  0.0010 0.7884 0.0104 0.0020 0.1982 
 993      993   (0)     11 :  0.0072 0.7588 0.0380 0.0208 0.1752 
 994      994   (0)     11 :  0.0022 0.7732 0.0040 0.0204 0.2002 
 995      995   (0)     11 :  0.0042 0.7900 0.0028 0.0020 0.2010 
 996      996   (0)     11 :  0.0020 0.7477 0.0028 0.0038 0.2438 
 997      997   (5)     11 :  0.0020 0.7840 0.0140 0.0020 0.1980 
 998      998   (0)     11 :  0.0046 0.7918 0.0040 0.0064 0.1932 
 999      999   (0)     11 :  0.0034 0.7944 0.0032 0.0032 0.1958 
1000     1000   (0)     11 :  0.0020 0.7840 0.0102 0.0030 0.2008 
1001     1001   (0)     11 :  0.0090 0.7760 0.0020 0.0032 0.2098 
1002     1002   (0)     11 :  0.0046 0.7778 0.0036 0.0036 0.2104 
1003     1003   (0)     11 :  0.0170 0.7842 0.0056 0.0020 0.1912 
1004     1004   (0)     11 :  0.0032 0.8044 0.0030 0.0020 0.1874 
1005     1005   (0)     11 :  0.0032 0.7928 0.0032 0.0010 0.1998 
1006     1006   (0)     11 :  0.0012 0.7874 0.0122 0.0010 0.1982 
1007     1007   (5)     11 :  0.0084 0.7836 0.0038 0.0038 0.2004 
1008     1008   (0)     11 :  0.0020 0.7518 0.0058 0.0032 0.2372 
1009     1009   (0)     11 :  0.0020 0.7886 0.0038 0.0038 0.2018 
1010     1010   (0)     11 :  0.0020 0.7872 0.0028 0.0010 0.2070 
1011     1011   (5)     11 :  0.0022 0.7754 0.0040 0.0298 0.1886 
1012     1012   (5)     11 :  0.0034 0.7570 0.0292 0.0020 0.2084 
1013     1013  (10)     11 :  0.0032 0.7810 0.0054 0.0038 0.2066 
1014     1014   (5)     11 :  0.0020 0.7028 0.0506 0.0028 0.2418 
1015     1015   (5)     11 :  0.0020 0.7892 0.0020 0.0020 0.2048 
1016     1016   (5)     11 :  0.0032 0.7912 0.0020 0.0022 0.2014 
1017     1017   (5)     11 :  0.0030 0.6884 0.1202 0.0036 0.1848 
1018     1018   (5)     11 :  0.0040 0.7508 0.0036 0.0028 0.2388 
1019     1019  (10)     11 :  0.0032 0.8136 0.0030 0.0022 0.1780 
1020     1020   (5)     11 :  0.0038 0.7768 0.0124 0.0062 0.2008 
1021     1021   (5)     11 :  0.0028 0.7904 0.0020 0.0028 0.2020 
1022     1022   (5)     11 :  0.0110 0.7794 0.0070 0.0026 0.2000 
1023     1023   (0)     12 :  0.0030 0.7864 0.0056 0.0050 0.2000 
1024     1024   (0)     12 :  0.0012 0.7910 0.0060 0.0032 0.1986 
1025     1025   (0)     12 :  0.0150 0.7912 0.0040 0.0048 0.1850 
1026     1026   (0)     12 :  0.0060 0.7866 0.0076 0.0020 0.1978 
1027     1027   (0)     12 :  0.0028 0.7820 0.0116 0.0020 0.2016 
1028     1028   (0)     12 :  0.0022 0.7808 0.0146 0.0056 0.1968 
1029     1029   (0)     12 :  0.0032 0.7718 0.0326 0.0022 0.1902 
1030     1030   (0)     12 :  0.0030 0.7710 0.0178 0.0020 0.2062 
1031     1031   (0)     12 :  0.0026 0.7726 0.0114 0.0150 0.1984 
1032     1032   (0)     12 :  0.0086 0.7280 0.0682 0.0038 0.1914 
1033     1033   (0)     12 :  0.0054 0.7472 0.0262 0.0038 0.2174 
1034     1034   (0)     12 :  0.0044 0.7910 0.0010 0.0028 0.2008 
1035     1035   (0)     12 :  0.0104 0.7806 0.0028 0.0030 0.2032 
1036     1036   (0)     12 :  0.0040 0.7544 0.0340 0.0030 0.2046 
1037     1037   (0)     12 :  0.0020 0.7920 0.0028 0.0032 0.2000 
1038     1038   (0)     12 :  0.0030 0.7784 0.0230 0.0042 0.1914 
1039     1039   (0)     12 :  0.0032 0.7922 0.0030 0.0034 0.1982 
1040     1040   (0)     12 :  0.0022 0.8000 0.0020 0.0102 0.1856 
1041     1041   (0)     12 :  0.0042 0.7866 0.0028 0.0020 0.2044 
1042     1042   (0)     12 :  0.0074 0.7806 0.0028 0.0030 0.2062 
1043     1043   (0)     12 :  0.0068 0.7898 0.0088 0.0032 0.1914 
1044     1044   (0)     12 :  0.0032 0.7890 0.0038 0.0030 0.2010 
1045     1045   (0)     12 :  0.0072 0.7662 0.0036 0.0020 0.2210 
1046     1046   (0)     12 :  0.0040 0.7860 0.0020 0.0036 0.2044 
1047     1047   (0)     12 :  0.0020 0.7884 0.0066 0.0020 0.2010 
1048     1048   (0)     12 :  0.0020 0.7782 0.0160 0.0050 0.1988 
1049     1049   (0)     12 :  0.0040 0.7800 0.0142 0.0030 0.1988 
1050     1050   (0)     12 :  0.0030 0.7768 0.0166 0.0046 0.1990 
1051     1051   (0)     12 :  0.0068 0.7856 0.0028 0.0020 0.2028 
1052     1052   (0)     12 :  0.0022 0.7680 0.0094 0.0010 0.2194 
1053     1053   (0)     12 :  0.0030 0.7906 0.0038 0.0020 0.2006 
1054     1054   (0)     12 :  0.0054 0.7744 0.0086 0.0212 0.1904 
1055     1055   (0)     12 :  0.0022 0.7290 0.0626 0.0040 0.2022 
1056     1056   (0)     12 :  0.0024 0.8008 0.0038 0.0020 0.1910 
1057     1057   (0)     12 :  0.0022 0.7954 0.0012 0.0032 0.1980 
1058     1058   (0)     12 :  0.0026 0.7834 0.0084 0.0038 0.2018 
1059     1059   (0)     12 :  0.0028 0.7482 0.0036 0.0054 0.2400 
1060     1060   (0)     12 :  0.0022 0.7784 0.0046 0.0064 0.2084 
1061     1061   (0)     12 :  0.0046 0.7826 0.0164 0.0066 0.1898 
1062     1062   (0)     12 :  0.0020 0.7478 0.0130 0.0020 0.2352 
1063     1063   (0)     12 :  0.0022 0.7902 0.0048 0.0020 0.2008 
1064     1064   (0)     12 :  0.0080 0.7784 0.0056 0.0072 0.2008 
1065     1065   (0)     12 :  0.0020 0.7840 0.0030 0.0040 0.2070 
1066     1066   (0)     12 :  0.0020 0.7760 0.0122 0.0084 0.2014 
1067     1067   (0)     12 :  0.0046 0.7518 0.0038 0.0020 0.2378 
1068     1068   (0)     12 :  0.0084 0.7894 0.0030 0.0022 0.1970 
1069     1069   (0)     12 :  0.0044 0.7834 0.0108 0.0042 0.1972 
1070     1070   (0)     12 :  0.0020 0.7926 0.0010 0.0058 0.1986 
1071     1071   (0)     12 :  0.0090 0.7532 0.0216 0.0038 0.2124 
1072     1072   (0)     12 :  0.0012 0.7824 0.0072 0.0048 0.2044 
1073     1073   (0)     12 :  0.0024 0.7928 0.0010 0.0020 0.2018 
1074     1074   (0)     12 :  0.0022 0.7243 0.0739 0.0020 0.1976 
1075     1075   (0)     12 :  0.0056 0.7812 0.0032 0.0028 0.2072 
1076     1076   (0)     12 :  0.0102 0.7774 0.0028 0.0052 0.2044 
1077     1077   (0)     12 :  0.0010 0.7898 0.0058 0.0020 0.2014 
1078     1078   (0)     12 :  0.0040 0.7830 0.0074 0.0040 0.2016 
1079     1079   (0)     12 :  0.0024 0.7860 0.0414 0.0034 0.1668 
1080     1080   (0)     12 :  0.0022 0.7814 0.0072 0.0020 0.2072 
1081     1081   (0)     12 :  0.0046 0.7924 0.0038 0.0022 0.1970 
1082     1082   (0)     12 :  0.0020 0.7598 0.0220 0.0092 0.2070 
1083     1083   (0)     12 :  0.0056 0.7828 0.0090 0.0030 0.1996 
1084     1084   (0)     12 :  0.0112 0.7272 0.0030 0.0278 0.2308 
1085     1085   (0)     12 :  0.0130 0.7330 0.0306 0.0300 0.1934 
1086     1086   (0)     12 :  0.0066 0.7236 0.0064 0.0062 0.2572 
1087     1087   (0)     12 :  0.0020 0.7852 0.0030 0.0020 0.2078 
1088     1088   (0)     12 :  0.0012 0.7908 0.0040 0.0030 0.2010 
1089     1089   (0)     12 :  0.0024 0.7924 0.0030 0.0050 0.1972 
1090     1090   (0)     12 :  0.0022 0.7518 0.0326 0.0032 0.2102 
1091     1091   (0)     12 :  0.0020 0.7906 0.0040 0.0020 0.2014 
1092     1092   (0)     12 :  0.0022 0.7878 0.0030 0.0020 0.2050 
1093     1093   (0)     12 :  0.0024 0.7772 0.0254 0.0034 0.1916 
1094     1094   (0)     12 :  0.0030 0.7914 0.0020 0.0020 0.2016 
1095     1095   (0)     12 :  0.0092 0.7046 0.0104 0.0018 0.2740 
1096     1096   (0)     12 :  0.0020 0.7880 0.0046 0.0028 0.2026 
1097     1097   (0)     12 :  0.0036 0.7730 0.0124 0.0028 0.2082 
1098     1098   (0)     12 :  0.0040 0.7638 0.0070 0.0066 0.2186 
1099     1099   (0)     12 :  0.0018 0.7258 0.0130 0.0038 0.2556 
1100     1100   (0)     12 :  0.0114 0.7714 0.0142 0.0020 0.2010 
1101     1101   (0)     12 :  0.0030 0.8004 0.0020 0.0012 0.1934 
1102     1102   (0)     12 :  0.0080 0.7882 0.0022 0.0020 0.1996 
1103     1103   (0)     12 :  0.0030 0.7942 0.0030 0.0146 0.1852 
1104     1104   (0)     12 :  0.0058 0.7768 0.0116 0.0056 0.2002 
1105     1105   (0)     12 :  0.0020 0.7566 0.0064 0.0052 0.2298 
1106     1106   (0)     12 :  0.0028 0.7942 0.0032 0.0020 0.1978 
1107     1107   (0)     12 :  0.0028 0.7650 0.0068 0.0174 0.2080 
1108     1108   (0)     12 :  0.0040 0.7572 0.0046 0.0020 0.2322 
1109     1109   (0)     12 :  0.0020 0.8434 0.0046 0.0020 0.1480 
1110     1110   (0)     12 :  0.0038 0.7740 0.0194 0.0048 0.1980 
1111     1111   (0)     12 :  0.0032 0.8140 0.0038 0.0032 0.1758 
1112     1112   (0)     12 :  0.0038 0.7918 0.0040 0.0030 0.1974 
1113     1113   (0)     12 :  0.0296 0.7514 0.0112 0.0080 0.1998 
1114     1114   (0)     12 :  0.0046 0.7896 0.0054 0.0032 0.1972 
1115     1115   (0)     12 :  0.0030 0.7766 0.0090 0.0204 0.1910 
1116     1116   (0)     12 :  0.0036 0.6167 0.0232 0.0048 0.3517 
1117     1117   (0)     12 :  0.0030 0.7866 0.0030 0.0050 0.2024 
1118     1118   (0)     12 :  0.0040 0.7888 0.0028 0.0028 0.2016 
1119     1119   (0)     12 :  0.0012 0.7962 0.0032 0.0012 0.1982 
1120     1120   (0)     12 :  0.0028 0.7792 0.0038 0.0028 0.2114 
1121     1121   (0)     12 :  0.0038 0.7874 0.0080 0.0020 0.1988 
1122     1122   (0)     12 :  0.0092 0.7588 0.0030 0.0020 0.2270 
1123     1123   (0)     12 :  0.0068 0.7904 0.0028 0.0030 0.1970 
1124     1124   (0)     12 :  0.0022 0.7890 0.0028 0.0038 0.2022 
1125     1125   (0)     12 :  0.0678 0.7146 0.0020 0.0244 0.1912 
1126     1126   (0)     12 :  0.0012 0.7940 0.0024 0.0020 0.2004 
1127     1127   (0)     12 :  0.0050 0.7746 0.0110 0.0058 0.2036 
1128     1128   (0)     12 :  0.0030 0.7862 0.0030 0.0022 0.2056 
1129     1129   (0)     12 :  0.0020 0.7998 0.0030 0.0020 0.1932 
1130     1130   (0)     12 :  0.0020 0.7874 0.0088 0.0020 0.1998 
1131     1131   (0)     12 :  0.0072 0.7466 0.0318 0.0030 0.2114 
1132     1132   (0)     12 :  0.0020 0.7492 0.0192 0.0124 0.2172 
1133     1133   (0)     12 :  0.0020 0.7800 0.0122 0.0036 0.2022 
1134     1134   (0)     12 :  0.0072 0.7868 0.0020 0.0020 0.2020 
1135     1135   (0)     12 :  0.0034 0.7858 0.0040 0.0030 0.2038 
1136     1136   (0)     12 :  0.0036 0.7760 0.0050 0.0018 0.2136 
1137     1137   (0)     12 :  0.0028 0.6059 0.1721 0.0020 0.2172 
1138     1138   (0)     12 :  0.0020 0.7700 0.0038 0.0102 0.2140 
1139     1139   (0)     12 :  0.0028 0.7260 0.0406 0.0060 0.2246 
1140     1140   (0)     12 :  0.0020 0.7848 0.0028 0.0036 0.2068 
1141     1141   (0)     12 :  0.0054 0.7544 0.0452 0.0020 0.1930 
1142     1142   (0)     12 :  0.0026 0.7944 0.0018 0.0020 0.1992 
1143     1143   (0)     12 :  0.0038 0.6733 0.0905 0.0018 0.2306 
1144     1144   (0)     12 :  0.0020 0.7588 0.0344 0.0134 0.1914 
1145     1145   (0)     12 :  0.0022 0.7982 0.0024 0.0076 0.1896 
1146     1146   (0)     12 :  0.0028 0.7820 0.0048 0.0078 0.2026 
1147     1147   (0)     12 :  0.0030 0.7922 0.0036 0.0020 0.1992 
1148     1148   (5)     13 :  0.9890 0.0030 0.0020 0.0020 0.0040 
1149     1149   (0)     13 :  0.9860 0.0050 0.0020 0.0030 0.0040 
1150     1150   (0)     13 :  0.9930 0.0020 0.0020 0.0010 0.0020 
1151     1151   (0)     13 :  0.9472 0.0192 0.0150 0.0080 0.0106 
1152     1152   (0)     13 :  0.9938 0.0020 0.0010 0.0012 0.0020 
1153     1153   (0)     13 :  0.9854 0.0080 0.0030 0.0020 0.0016 
1154     1154   (0)     13 :  0.9940 0.0020 0.0010 0.0010 0.0020 
1155     1155   (0)     13 :  0.9928 0.0020 0.0020 0.0020 0.0012 
1156     1156   (0)     13 :  0.9910 0.0020 0.0030 0.0020 0.0020 
1157     1157   (0)     13 :  0.9930 0.0020 0.0010 0.0020 0.0020 
1158     1158   (0)     13 :  0.9960 0.0010 0.0010 0.0010 0.0010 
1159     1159   (0)     13 :  0.9938 0.0020 0.0012 0.0010 0.0020 
1160     1160   (0)     13 :  0.9892 0.0022 0.0020 0.0020 0.0046 
1161     1161   (5)     13 :  0.9958 0.0012 0.0010 0.0010 0.0010 
1162     1162   (0)     13 :  0.9930 0.0020 0.0010 0.0020 0.0020 
1163     1163   (0)     13 :  0.9948 0.0012 0.0010 0.0010 0.0020 
1164     1164   (0)     13 :  0.9914 0.0022 0.0040 0.0012 0.0012 
1165     1165   (0)     13 :  0.9930 0.0020 0.0010 0.0020 0.0020 
1166     1166   (0)     13 :  0.9920 0.0020 0.0020 0.0020 0.0020 
1167     1167   (0)     13 :  0.9940 0.0020 0.0010 0.0010 0.0020 
1168     1168   (0)     13 :  0.9942 0.0018 0.0010 0.0010 0.0020 
1169     1169   (0)     13 :  0.9920 0.0020 0.0020 0.0020 0.0020 
1170     1170   (0)     13 :  0.9948 0.0020 0.0010 0.0010 0.0012 
1171     1171   (0)     13 :  0.9960 0.0010 0.0010 0.0010 0.0010 
1172     1172   (0)     13 :  0.9960 0.0010 0.0010 0.0010 0.0010 
1173     1173   (0)     13 :  0.9940 0.0020 0.0020 0.0010 0.0010 
1174     1174   (0)     13 :  0.9940 0.0020 0.0010 0.0010 0.0020 
1175     1175   (0)     13 :  0.9958 0.0012 0.0010 0.0010 0.0010 
1176     1176   (0)     14 :  0.9956 0.0014 0.0010 0.0010 0.0010 
1177     1177   (0)     14 :  0.9920 0.0020 0.0030 0.0010 0.0020 
1178     1178   (0)     14 :  0.9830 0.0048 0.0040 0.0050 0.0032 
1179     1179   (0)     14 :  0.9946 0.0014 0.0010 0.0010 0.0020 
1180     1180   (0)     14 :  0.9950 0.0020 0.0010 0.0010 0.0010 
1181     1181   (0)     14 :  0.9912 0.0020 0.0030 0.0010 0.0028 
1182     1182   (0)     14 :  0.9938 0.0022 0.0010 0.0010 0.0020 
1183     1183   (0)     14 :  0.9922 0.0020 0.0020 0.0010 0.0028 
1184     1184   (0)     14 :  0.9960 0.0010 0.0010 0.0010 0.0010 
1185     1185   (0)     14 :  0.9910 0.0020 0.0020 0.0020 0.0030 
1186     1186   (0)     14 :  0.9922 0.0020 0.0010 0.0010 0.0038 
1187     1187   (0)     14 :  0.9916 0.0020 0.0014 0.0030 0.0020 
1188     1188   (0)     14 :  0.9948 0.0012 0.0010 0.0020 0.0010 
1189     1189   (0)     14 :  0.9934 0.0020 0.0014 0.0012 0.0020 
1190     1190   (0)     14 :  0.9928 0.0010 0.0032 0.0020 0.0010 
1191     1191   (0)     14 :  0.9928 0.0020 0.0020 0.0012 0.0020 
1192     1192   (0)     14 :  0.9920 0.0020 0.0020 0.0012 0.0028 
1193     1193   (0)     14 :  0.9928 0.0030 0.0010 0.0010 0.0022 
1194     1194   (0)     14 :  0.9932 0.0020 0.0010 0.0010 0.0028 
1195     1195   (0)     14 :  0.9950 0.0010 0.0010 0.0020 0.0010 
1196     1196   (0)     14 :  0.9942 0.0020 0.0010 0.0012 0.0016 
1197     1197   (0)     14 :  0.9958 0.0012 0.0010 0.0010 0.0010 
1198     1198   (0)     14 :  0.9940 0.0020 0.0010 0.0010 0.0020 
1199     1199   (0)     14 :  0.9930 0.0020 0.0020 0.0010 0.0020 
1200     1200   (0)     14 :  0.9946 0.0020 0.0010 0.0012 0.0012 
1201     1201   (0)     14 :  0.9858 0.0022 0.0040 0.0060 0.0020 
1202     1202   (0)     14 :  0.9776 0.0040 0.0068 0.0030 0.0086 
1203     1203   (0)     14 :  0.9920 0.0020 0.0030 0.0010 0.0020 
1204     1204   (0)     14 :  0.9930 0.0020 0.0010 0.0020 0.0020 
1205     1205   (0)     14 :  0.9938 0.0020 0.0010 0.0020 0.0012 
1206     1206   (0)     14 :  0.9940 0.0020 0.0010 0.0010 0.0020 
1207     1207   (0)     14 :  0.9916 0.0022 0.0030 0.0020 0.0012 
1208     1208   (0)     14 :  0.9948 0.0012 0.0020 0.0010 0.0010 
1209     1209   (0)     14 :  0.9908 0.0020 0.0040 0.0020 0.0012 
1210     1210   (0)     14 :  0.9960 0.0010 0.0010 0.0010 0.0010 
1211     1211   (0)     14 :  0.9940 0.0020 0.0010 0.0010 0.0020 
1212     1212   (0)     14 :  0.9886 0.0020 0.0024 0.0040 0.0030 
1213     1213   (0)     14 :  0.9932 0.0012 0.0020 0.0010 0.0026 
1214     1214   (0)     14 :  0.9882 0.0028 0.0030 0.0020 0.0040 
1215     1215   (0)     14 :  0.9884 0.0030 0.0028 0.0020 0.0038 
1216     1216   (0)     14 :  0.9948 0.0020 0.0010 0.0010 0.0012 
1217     1217   (0)     14 :  0.9960 0.0010 0.0010 0.0010 0.0010 
1218     1218   (0)     14 :  0.9866 0.0028 0.0036 0.0050 0.0020 
1219     1219   (0)     14 :  0.9938 0.0022 0.0010 0.0010 0.0020 
1220     1220   (0)     14 :  0.9960 0.0010 0.0010 0.0010 0.0010 
1221     1221   (0)     14 :  0.9946 0.0020 0.0010 0.0010 0.0014 
1222     1222   (0)     14 :  0.9930 0.0020 0.0020 0.0010 0.0020 
1223     1223   (0)     14 :  0.9904 0.0036 0.0012 0.0024 0.0024 
1224     1224   (0)     14 :  0.9728 0.0038 0.0090 0.0112 0.0032 
1225     1225   (0)     14 :  0.9948 0.0020 0.0010 0.0010 0.0012 
1226     1226   (0)     14 :  0.9920 0.0030 0.0020 0.0010 0.0020 
1227     1227   (0)     14 :  0.9950 0.0020 0.0010 0.0010 0.0010 
1228     1228   (0)     14 :  0.9878 0.0020 0.0030 0.0026 0.0046 
1229     1229   (0)     14 :  0.9920 0.0020 0.0020 0.0020 0.0020 
1230     1230   (0)     14 :  0.9960 0.0010 0.0010 0.0010 0.0010 
1231     1231   (0)     14 :  0.9940 0.0020 0.0010 0.0020 0.0010 
1232     1232   (0)     14 :  0.9920 0.0020 0.0020 0.0020 0.0020 
1233     1233   (0)     14 :  0.9958 0.0012 0.0010 0.0010 0.0010 
1234     1234   (0)     14 :  0.9868 0.0030 0.0030 0.0040 0.0032 
1235     1235   (0)     14 :  0.9948 0.0020 0.0010 0.0010 0.0012 
1236     1236   (0)     14 :  0.9850 0.0030 0.0020 0.0080 0.0020 
1237     1237   (0)     14 :  0.9910 0.0020 0.0050 0.0010 0.0010 
1238     1238   (0)     14 :  0.9706 0.0100 0.0050 0.0030 0.0114 
1239     1239   (0)     14 :  0.9940 0.0020 0.0010 0.0010 0.0020 
1240     1240   (0)     14 :  0.9950 0.0020 0.0010 0.0010 0.0010 
1241     1241   (0)     14 :  0.9892 0.0030 0.0020 0.0020 0.0038 
1242     1242   (0)     14 :  0.9940 0.0020 0.0010 0.0010 0.0020 
1243     1243   (0)     14 :  0.9948 0.0020 0.0010 0.0010 0.0012 
1244     1244   (0)     14 :  0.9910 0.0020 0.0030 0.0020 0.0020 
1245     1245   (0)     14 :  0.9960 0.0010 0.0010 0.0010 0.0010 
1246     1246   (0)     14 :  0.9900 0.0020 0.0050 0.0010 0.0020 
1247     1247   (0)     14 :  0.9932 0.0018 0.0010 0.0020 0.0020 
1248     1248   (0)     14 :  0.9940 0.0020 0.0010 0.0010 0.0020 
1249     1249   (0)     14 :  0.9936 0.0022 0.0020 0.0010 0.0012 
1250     1250   (0)     14 :  0.9960 0.0010 0.0010 0.0010 0.0010 
1251     1251   (0)     14 :  0.9960 0.0010 0.0010 0.0010 0.0010 
1252     1252   (0)     14 :  0.9940 0.0018 0.0020 0.0010 0.0012 
1253     1253   (0)     14 :  0.9908 0.0020 0.0026 0.0026 0.0020 
1254     1254   (0)     14 :  0.9958 0.0012 0.0010 0.0010 0.0010 
1255     1255   (0)     14 :  0.9950 0.0020 0.0010 0.0010 0.0010 
1256     1256   (0)     14 :  0.9960 0.0010 0.0010 0.0010 0.0010 
1257     1257   (0)     14 :  0.9948 0.0020 0.0010 0.0010 0.0012 
1258     1258   (0)     14 :  0.9944 0.0016 0.0010 0.0010 0.0020 
1259     1259   (0)     14 :  0.9950 0.0020 0.0010 0.0010 0.0010 
1260     1260   (0)     14 :  0.9920 0.0020 0.0020 0.0020 0.0020 
1261     1261   (0)     14 :  0.9940 0.0020 0.0010 0.0010 0.0020 
1262     1262   (0)     14 :  0.9938 0.0022 0.0010 0.0010 0.0020 
1263     1263   (0)     14 :  0.9938 0.0020 0.0010 0.0020 0.0012 
1264     1264   (0)     14 :  0.9922 0.0028 0.0010 0.0018 0.0022 
1265     1265   (0)     14 :  0.9930 0.0020 0.0010 0.0020 0.0020 
1266     1266   (0)     14 :  0.9918 0.0032 0.0020 0.0010 0.0020 
1267     1267   (0)     14 :  0.9930 0.0020 0.0020 0.0010 0.0020 
1268     1268   (0)     14 :  0.9850 0.0030 0.0020 0.0010 0.0090 
1269     1269   (0)     14 :  0.9938 0.0020 0.0010 0.0012 0.0020 
1270     1270   (0)     14 :  0.9812 0.0040 0.0068 0.0020 0.0060 
1271     1271   (0)     14 :  0.9950 0.0020 0.0010 0.0010 0.0010 
1272     1272   (0)     14 :  0.9918 0.0022 0.0010 0.0030 0.0020 
1273     1273   (0)     14 :  0.9594 0.0058 0.0132 0.0040 0.0176 
1274     1274   (0)     14 :  0.9902 0.0020 0.0020 0.0020 0.0038 
1275     1275   (0)     14 :  0.9940 0.0010 0.0030 0.0010 0.0010 
1276     1276   (0)     14 :  0.9940 0.0020 0.0010 0.0010 0.0020 
1277     1277   (0)     14 :  0.9920 0.0020 0.0020 0.0020 0.0020 
1278     1278   (0)     14 :  0.9908 0.0028 0.0020 0.0020 0.0024 
1279     1279   (0)     14 :  0.9930 0.0020 0.0020 0.0010 0.0020 
1280     1280   (0)     14 :  0.9920 0.0020 0.0020 0.0020 0.0020 
1281     1281   (0)     14 :  0.9950 0.0020 0.0010 0.0010 0.0010 
1282     1282   (0)     14 :  0.9940 0.0020 0.0010 0.0010 0.0020 
1283     1283   (0)     14 :  0.9950 0.0020 0.0010 0.0010 0.0010 
1284     1284   (0)     14 :  0.9930 0.0020 0.0020 0.0010 0.0020 
1285     1285   (0)     14 :  0.9926 0.0020 0.0020 0.0014 0.0020 
1286     1286   (0)     14 :  0.9938 0.0022 0.0010 0.0010 0.0020 
1287     1287   (0)     14 :  0.9940 0.0020 0.0010 0.0010 0.0020 
1288     1288   (0)     14 :  0.9940 0.0020 0.0010 0.0010 0.0020 
1289     1289   (0)     14 :  0.9938 0.0020 0.0020 0.0010 0.0012 
1290     1290   (0)     14 :  0.9870 0.0032 0.0042 0.0010 0.0046 
1291     1291   (0)     14 :  0.9910 0.0028 0.0020 0.0020 0.0022 
1292     1292   (0)     14 :  0.9710 0.0050 0.0020 0.0030 0.0190 
1293     1293   (0)     14 :  0.9940 0.0020 0.0010 0.0010 0.0020 
1294     1294   (0)     14 :  0.9920 0.0020 0.0010 0.0030 0.0020 
1295     1295   (0)     14 :  0.9950 0.0012 0.0010 0.0010 0.0018 
1296     1296   (0)     14 :  0.9912 0.0020 0.0030 0.0018 0.0020 
1297     1297   (0)     14 :  0.9938 0.0020 0.0020 0.0010 0.0012 
1298     1298   (0)     14 :  0.9910 0.0030 0.0020 0.0020 0.0020 
1299     1299   (0)     14 :  0.9940 0.0020 0.0010 0.0010 0.0020 
1300     1300   (0)     14 :  0.9940 0.0020 0.0010 0.0010 0.0020 
1301     1301   (0)     14 :  0.9950 0.0020 0.0010 0.0010 0.0010 
1302     1302   (0)     14 :  0.9940 0.0020 0.0010 0.0010 0.0020 
1303     1303   (0)     14 :  0.9920 0.0020 0.0020 0.0020 0.0020 
1304     1304   (0)     14 :  0.9930 0.0020 0.0010 0.0020 0.0020 
1305     1305   (0)     14 :  0.9910 0.0020 0.0030 0.0020 0.0020 
1306     1306   (0)     14 :  0.9930 0.0020 0.0020 0.0010 0.0020 
1307     1307   (0)     14 :  0.9910 0.0030 0.0020 0.0018 0.0022 
1308     1308   (0)     14 :  0.9950 0.0020 0.0010 0.0010 0.0010 
1309     1309   (0)     14 :  0.9940 0.0020 0.0010 0.0010 0.0020 
1310     1310   (0)     14 :  0.9950 0.0020 0.0010 0.0010 0.0010 
1311     1311   (0)     14 :  0.9910 0.0030 0.0020 0.0020 0.0020 
1312     1312   (0)     14 :  0.9838 0.0042 0.0040 0.0020 0.0060 
1313     1313   (0)     14 :  0.9928 0.0020 0.0030 0.0010 0.0012 
1314     1314   (0)     14 :  0.9930 0.0020 0.0020 0.0010 0.0020 
1315     1315   (0)     14 :  0.9950 0.0020 0.0010 0.0010 0.0010 
1316     1316   (0)     14 :  0.9940 0.0020 0.0020 0.0010 0.0010 
1317     1317   (0)     14 :  0.9940 0.0020 0.0010 0.0020 0.0010 
1318     1318   (0)     14 :  0.9950 0.0020 0.0010 0.0010 0.0010 
1319     1319   (0)     14 :  0.9826 0.0064 0.0040 0.0020 0.0050 
1320     1320   (0)     14 :  0.9900 0.0030 0.0020 0.0030 0.0020 
1321     1321   (0)     14 :  0.9920 0.0020 0.0020 0.0020 0.0020 
1322     1322   (0)     14 :  0.9706 0.0100 0.0050 0.0020 0.0124 
1323     1323   (0)     14 :  0.9948 0.0012 0.0010 0.0010 0.0020 
1324     1324   (0)     14 :  0.9940 0.0020 0.0010 0.0020 0.0010 
1325     1325   (0)     14 :  0.9948 0.0020 0.0010 0.0010 0.0012 
1326     1326   (0)     14 :  0.9950 0.0018 0.0010 0.0010 0.0012 
1327     1327   (0)     14 :  0.9910 0.0020 0.0030 0.0020 0.0020 
1328     1328   (0)     14 :  0.9920 0.0020 0.0020 0.0020 0.0020 
1329     1329   (0)     14 :  0.9948 0.0012 0.0020 0.0010 0.0010 
1330     1330   (0)     14 :  0.9938 0.0022 0.0010 0.0020 0.0010 
1331     1331   (0)     14 :  0.9948 0.0020 0.0010 0.0010 0.0012 
1332     1332   (0)     14 :  0.9888 0.0038 0.0030 0.0020 0.0024 
1333     1333   (0)     14 :  0.9948 0.0020 0.0010 0.0010 0.0012 
1334     1334   (0)     14 :  0.9900 0.0020 0.0040 0.0020 0.0020 
1335     1335   (0)     14 :  0.9920 0.0020 0.0020 0.0010 0.0030 
1336     1336   (0)     14 :  0.9936 0.0020 0.0020 0.0012 0.0012 
1337     1337   (0)     14 :  0.9938 0.0012 0.0020 0.0010 0.0020 
1338     1338   (0)     14 :  0.9840 0.0030 0.0050 0.0050 0.0030 
1339     1339   (0)     14 :  0.9848 0.0052 0.0040 0.0020 0.0040 
1340     1340   (0)     14 :  0.9940 0.0012 0.0020 0.0010 0.0018 
1341     1341   (0)     14 :  0.9958 0.0012 0.0010 0.0010 0.0010 
1342     1342   (0)     14 :  0.9824 0.0040 0.0050 0.0020 0.0066 
1343     1343   (0)     14 :  0.9924 0.0020 0.0010 0.0010 0.0036 
1344     1344   (0)     14 :  0.9874 0.0030 0.0020 0.0020 0.0056 
1345     1345   (0)     14 :  0.9930 0.0020 0.0010 0.0020 0.0020 
1346     1346   (0)     14 :  0.9930 0.0020 0.0020 0.0010 0.0020 
1347     1347   (0)     14 :  0.9900 0.0022 0.0020 0.0020 0.0038 
1348     1348   (0)     14 :  0.9960 0.0010 0.0010 0.0010 0.0010 
1349     1349   (0)     14 :  0.9928 0.0032 0.0010 0.0010 0.0020 
1350     1350   (0)     14 :  0.9950 0.0020 0.0010 0.0010 0.0010 
1351     1351   (0)     14 :  0.9930 0.0020 0.0010 0.0020 0.0020 
1352     1352   (0)     14 :  0.9946 0.0022 0.0010 0.0010 0.0012 
1353     1353   (0)     14 :  0.9928 0.0020 0.0020 0.0020 0.0012 
1354     1354   (0)     14 :  0.9940 0.0020 0.0020 0.0010 0.0010 
1355     1355   (0)     14 :  0.9908 0.0030 0.0020 0.0020 0.0022 
1356     1356   (0)     14 :  0.9928 0.0022 0.0020 0.0010 0.0020 
1357     1357   (0)     14 :  0.9920 0.0020 0.0030 0.0010 0.0020 
1358     1358   (0)     14 :  0.9930 0.0022 0.0010 0.0018 0.0020 
1359     1359   (0)     14 :  0.9910 0.0020 0.0040 0.0010 0.0020 
1360     1360   (0)     14 :  0.9950 0.0020 0.0010 0.0010 0.0010 
1361     1361   (0)     14 :  0.9960 0.0010 0.0010 0.0010 0.0010 
1362     1362   (0)     14 :  0.9926 0.0020 0.0014 0.0020 0.0020 
1363     1363   (0)     14 :  0.9930 0.0020 0.0010 0.0020 0.0020 
1364     1364   (0)     14 :  0.9940 0.0020 0.0010 0.0010 0.0020 
1365     1365   (0)     14 :  0.9928 0.0020 0.0012 0.0020 0.0020 
1366     1366   (0)     14 :  0.9948 0.0020 0.0010 0.0010 0.0012 
1367     1367   (0)     14 :  0.9960 0.0010 0.0010 0.0010 0.0010 
1368     1368   (0)     14 :  0.9852 0.0030 0.0040 0.0030 0.0048 
1369     1369   (0)     14 :  0.9922 0.0020 0.0020 0.0010 0.0028 
1370     1370   (0)     14 :  0.9940 0.0020 0.0010 0.0010 0.0020 
1371     1371   (0)     14 :  0.9950 0.0020 0.0010 0.0010 0.0010 
1372     1372   (0)     14 :  0.9950 0.0020 0.0010 0.0010 0.0010 
1373     1373   (0)     14 :  0.9958 0.0012 0.0010 0.0010 0.0010 
1374     1374   (0)     14 :  0.9940 0.0010 0.0010 0.0020 0.0020 
1375     1375   (0)     14 :  0.9636 0.0060 0.0172 0.0026 0.0106 
1376     1376   (0)     14 :  0.9930 0.0020 0.0010 0.0020 0.0020 
1377     1377   (0)     14 :  0.9930 0.0020 0.0010 0.0020 0.0020 
1378     1378   (0)     14 :  0.9910 0.0020 0.0020 0.0020 0.0030 
1379     1379   (0)     14 :  0.9932 0.0010 0.0020 0.0020 0.0018 
1380     1380   (0)     14 :  0.9950 0.0020 0.0010 0.0010 0.0010 
1381     1381   (0)     14 :  0.9930 0.0020 0.0020 0.0010 0.0020 
1382     1382   (0)     14 :  0.9920 0.0020 0.0020 0.0020 0.0020 
1383     1383   (0)     14 :  0.9916 0.0020 0.0020 0.0030 0.0014 
1384     1384   (0)     14 :  0.9958 0.0012 0.0010 0.0010 0.0010 
1385     1385   (0)     14 :  0.9908 0.0022 0.0020 0.0020 0.0030 
1386     1386   (0)     14 :  0.9918 0.0032 0.0010 0.0020 0.0020 
1387     1387   (0)     14 :  0.9930 0.0020 0.0020 0.0010 0.0020 
1388     1388   (0)     14 :  0.9920 0.0020 0.0020 0.0020 0.0020 
1389     1389   (0)     14 :  0.9938 0.0020 0.0020 0.0010 0.0012 
1390     1390   (0)     14 :  0.9630 0.0166 0.0100 0.0040 0.0064 
1391     1391   (0)     14 :  0.9958 0.0012 0.0010 0.0010 0.0010 
1392     1392   (0)     14 :  0.9910 0.0030 0.0020 0.0010 0.0030 
1393     1393   (0)     14 :  0.9940 0.0020 0.0010 0.0010 0.0020 
1394     1394   (0)     14 :  0.9940 0.0020 0.0010 0.0018 0.0012 
1395     1395   (0)     14 :  0.9930 0.0020 0.0020 0.0010 0.0020 
1396     1396   (0)     14 :  0.9932 0.0020 0.0010 0.0010 0.0028 
1397     1397   (0)     14 :  0.9938 0.0020 0.0010 0.0012 0.0020 
1398     1398   (0)     14 :  0.9584 0.0098 0.0060 0.0140 0.0118 
1399     1399   (0)     14 :  0.9900 0.0020 0.0020 0.0040 0.0020 
1400     1400   (0)     14 :  0.9920 0.0020 0.0020 0.0020 0.0020 
1401     1401   (0)     14 :  0.9920 0.0020 0.0020 0.0020 0.0020 
1402     1402   (0)     14 :  0.9898 0.0022 0.0050 0.0010 0.0020 
1403     1403   (0)     14 :  0.9910 0.0030 0.0020 0.0010 0.0030 
1404     1404   (0)     14 :  0.9938 0.0020 0.0020 0.0010 0.0012 
1405     1405   (0)     14 :  0.9930 0.0020 0.0020 0.0010 0.0020 
1406     1406   (0)     14 :  0.9930 0.0020 0.0010 0.0020 0.0020 
1407     1407   (0)     14 :  0.9920 0.0020 0.0030 0.0010 0.0020 
1408     1408   (0)     14 :  0.9930 0.0020 0.0010 0.0020 0.0020 
1409     1409   (0)     14 :  0.9906 0.0020 0.0016 0.0020 0.0038 
1410     1410   (0)     14 :  0.9948 0.0010 0.0020 0.0010 0.0012 
1411     1411   (0)     14 :  0.9890 0.0020 0.0050 0.0020 0.0020 
1412     1412   (0)     14 :  0.9960 0.0010 0.0010 0.0010 0.0010 
1413     1413   (0)     14 :  0.9938 0.0022 0.0010 0.0010 0.0020 
1414     1414   (0)     14 :  0.9938 0.0020 0.0020 0.0010 0.0012 
1415     1415   (0)     14 :  0.9950 0.0020 0.0010 0.0010 0.0010 
1416     1416   (0)     14 :  0.9926 0.0020 0.0020 0.0014 0.0020 
1417     1417   (0)     14 :  0.9662 0.0096 0.0060 0.0040 0.0142 
1418     1418   (0)     14 :  0.9930 0.0020 0.0020 0.0010 0.0020 
1419     1419   (0)     14 :  0.9852 0.0020 0.0070 0.0020 0.0038 
1420     1420   (0)     14 :  0.9938 0.0020 0.0012 0.0020 0.0010 
1421     1421   (0)     14 :  0.9960 0.0010 0.0010 0.0010 0.0010 
1422     1422   (0)     14 :  0.9948 0.0020 0.0010 0.0010 0.0012 
1423     1423   (0)     14 :  0.9918 0.0022 0.0030 0.0010 0.0020 
1424     1424   (0)     14 :  0.9940 0.0020 0.0010 0.0010 0.0020 
1425     1425   (0)     14 :  0.9950 0.0020 0.0010 0.0010 0.0010 
1426     1426   (0)     14 :  0.9940 0.0020 0.0020 0.0010 0.0010 
1427     1427   (0)     14 :  0.9950 0.0010 0.0010 0.0010 0.0020 
1428     1428   (0)     14 :  0.9948 0.0020 0.0010 0.0012 0.0010 
1429     1429   (0)     14 :  0.9958 0.0012 0.0010 0.0010 0.0010 
1430     1430   (0)     14 :  0.9940 0.0020 0.0010 0.0010 0.0020 
1431     1431   (0)     14 :  0.9886 0.0028 0.0034 0.0020 0.0032 
1432     1432   (0)     14 :  0.9930 0.0028 0.0020 0.0010 0.0012 
1433     1433   (0)     14 :  0.9950 0.0020 0.0010 0.0010 0.0010 
1434     1434   (0)     14 :  0.9918 0.0024 0.0010 0.0020 0.0028 
1435     1435   (0)     14 :  0.9924 0.0020 0.0020 0.0020 0.0016 
1436     1436   (0)     14 :  0.9930 0.0010 0.0020 0.0020 0.0020 
1437     1437   (0)     14 :  0.9920 0.0020 0.0020 0.0020 0.0020 
1438     1438   (0)     14 :  0.9960 0.0010 0.0010 0.0010 0.0010 
1439     1439   (0)     14 :  0.9874 0.0020 0.0030 0.0020 0.0056 
1440     1440   (0)     14 :  0.9942 0.0018 0.0020 0.0010 0.0010 
1441     1441   (0)     14 :  0.9920 0.0020 0.0020 0.0020 0.0020 
1442     1442   (0)     14 :  0.9880 0.0030 0.0050 0.0020 0.0020 
1443     1443   (0)     14 :  0.9900 0.0020 0.0040 0.0020 0.0020 
1444     1444   (0)     14 :  0.9920 0.0020 0.0020 0.0020 0.0020 
1445     1445   (0)     14 :  0.9920 0.0020 0.0020 0.0020 0.0020 
1446     1446   (0)     14 :  0.9910 0.0020 0.0030 0.0020 0.0020 
1447     1447   (0)     14 :  0.9930 0.0020 0.0020 0.0010 0.0020 
1448     1448   (0)     14 :  0.9910 0.0020 0.0010 0.0030 0.0030 
1449     1449   (0)     14 :  0.9942 0.0020 0.0010 0.0010 0.0018 
1450     1450   (0)     14 :  0.9920 0.0028 0.0010 0.0020 0.0022 
1451     1451   (0)     14 :  0.9930 0.0020 0.0020 0.0020 0.0010 
1452     1452   (0)     14 :  0.9916 0.0030 0.0020 0.0010 0.0024 
1453     1453   (0)     14 :  0.9940 0.0020 0.0010 0.0010 0.0020 
1454     1454   (0)     14 :  0.9938 0.0020 0.0010 0.0020 0.0012 
1455     1455   (0)     14 :  0.9872 0.0030 0.0030 0.0020 0.0048 
1456     1456   (0)     14 :  0.9900 0.0020 0.0020 0.0030 0.0030 
1457     1457   (0)     14 :  0.9918 0.0020 0.0030 0.0020 0.0012 
1458     1458   (0)     14 :  0.9930 0.0030 0.0010 0.0010 0.0020 
1459     1459   (0)     14 :  0.9958 0.0012 0.0010 0.0010 0.0010 
1460     1460   (0)     14 :  0.9940 0.0020 0.0010 0.0010 0.0020 
1461     1461   (0)     14 :  0.9946 0.0020 0.0012 0.0010 0.0012 
1462     1462   (0)     14 :  0.9920 0.0020 0.0020 0.0020 0.0020 
1463     1463   (0)     14 :  0.9948 0.0012 0.0010 0.0010 0.0020 
1464     1464   (0)     14 :  0.9770 0.0042 0.0136 0.0030 0.0022 
1465     1465   (0)     14 :  0.9908 0.0030 0.0020 0.0020 0.0022 
1466     1466   (0)     14 :  0.9930 0.0020 0.0020 0.0010 0.0020 
1467     1467   (0)     14 :  0.9934 0.0020 0.0016 0.0010 0.0020 
1468     1468   (0)     14 :  0.9936 0.0020 0.0010 0.0020 0.0014 
1469     1469   (0)     14 :  0.9910 0.0032 0.0010 0.0020 0.0028 
1470     1470   (0)     14 :  0.9928 0.0020 0.0030 0.0010 0.0012 
1471     1471   (0)     14 :  0.9938 0.0020 0.0010 0.0020 0.0012 
1472     1472   (0)     14 :  0.9952 0.0010 0.0010 0.0010 0.0018 
1473     1473   (0)     14 :  0.9960 0.0010 0.0010 0.0010 0.0010 
1474     1474   (0)     14 :  0.9886 0.0034 0.0030 0.0020 0.0030 
1475     1475   (0)     14 :  0.9928 0.0020 0.0010 0.0030 0.0012 
1476     1476   (5)     15 :  0.0020 0.0016 0.9934 0.0010 0.0020 
1477     1477   (0)     15 :  0.0012 0.0010 0.9948 0.0010 0.0020 
1478     1478   (0)     15 :  0.0030 0.0030 0.9864 0.0020 0.0056 
1479     1479   (0)     15 :  0.0010 0.0018 0.9946 0.0014 0.0012 
1480     1480   (5)     15 :  0.0020 0.0030 0.9614 0.0020 0.0316 
1481     1481   (0)     15 :  0.0010 0.0010 0.9952 0.0010 0.0018 
1482     1482   (0)     15 :  0.0020 0.0012 0.9938 0.0020 0.0010 
1483     1483   (0)     15 :  0.0010 0.0020 0.9922 0.0016 0.0032 
1484     1484   (0)     15 :  0.0020 0.0020 0.9912 0.0020 0.0028 
1485     1485   (0)     15 :  0.0020 0.0010 0.9930 0.0020 0.0020 
1486     1486   (0)     15 :  0.0010 0.0010 0.9956 0.0012 0.0012 
1487     1487   (0)     15 :  0.0010 0.0018 0.9942 0.0010 0.0020 
1488     1488   (5)     15 :  0.0020 0.0030 0.9908 0.0020 0.0022 
1489     1489   (0)     15 :  0.0020 0.0010 0.9942 0.0010 0.0018 
1490     1490   (0)     15 :  0.0020 0.0020 0.9920 0.0020 0.0020 
1491     1491   (0)     15 :  0.0010 0.0010 0.9960 0.0010 0.0010 
1492     1492   (0)     15 :  0.0010 0.0030 0.9918 0.0020 0.0022 
1493     1493   (0)     15 :  0.0020 0.0010 0.9922 0.0010 0.0038 
1494     1494   (0)     15 :  0.0040 0.0022 0.9890 0.0020 0.0028 
1495     1495   (0)     15 :  0.0040 0.0084 0.9758 0.0020 0.0098 
1496     1496   (0)     15 :  0.0010 0.0018 0.9928 0.0020 0.0024 
1497     1497   (0)     15 :  0.0020 0.0020 0.9930 0.0010 0.0020 
1498     1498   (0)     15 :  0.0060 0.0050 0.9820 0.0020 0.0050 
1499     1499   (0)     15 :  0.0030 0.0028 0.9808 0.0060 0.0074 
1500     1500   (0)     15 :  0.0010 0.0010 0.9960 0.0010 0.0010 
1501     1501   (0)     15 :  0.0092 0.0048 0.9718 0.0020 0.0122 
1502     1502   (0)     15 :  0.0020 0.0018 0.9932 0.0010 0.0020 
1503     1503   (0)     16 :  0.0020 0.0020 0.9910 0.0030 0.0020 
1504     1504   (0)     16 :  0.0020 0.0010 0.9930 0.0020 0.0020 
1505     1505   (0)     16 :  0.0010 0.0020 0.9940 0.0010 0.0020 
1506     1506   (0)     16 :  0.0020 0.0020 0.9930 0.0010 0.0020 
1507     1507   (0)     16 :  0.0020 0.0020 0.9930 0.0010 0.0020 
1508     1508   (0)     16 :  0.0010 0.0020 0.9922 0.0010 0.0038 
1509     1509   (0)     16 :  0.0010 0.0018 0.9924 0.0020 0.0028 
1510     1510   (0)     16 :  0.0030 0.0030 0.9854 0.0030 0.0056 
1511     1511   (0)     16 :  0.0010 0.0010 0.9950 0.0010 0.0020 
1512     1512   (0)     16 :  0.0020 0.0018 0.9932 0.0010 0.0020 
1513     1513   (0)     16 :  0.0020 0.0020 0.9922 0.0018 0.0020 
1514     1514   (0)     16 :  0.0010 0.0020 0.9940 0.0010 0.0020 
1515     1515   (0)     16 :  0.0012 0.0020 0.9928 0.0020 0.0020 
1516     1516   (0)     16 :  0.0010 0.0010 0.9940 0.0020 0.0020 
1517     1517   (0)     16 :  0.0100 0.0026 0.9806 0.0020 0.0048 
1518     1518   (0)     16 :  0.0020 0.0020 0.9922 0.0010 0.0028 
1519     1519   (0)     16 :  0.0020 0.0058 0.9870 0.0020 0.0032 
1520     1520   (0)     16 :  0.0010 0.0020 0.9904 0.0010 0.0056 
1521     1521   (0)     16 :  0.0010 0.0010 0.9960 0.0010 0.0010 
1522     1522   (0)     16 :  0.0010 0.0020 0.9920 0.0010 0.0040 
1523     1523   (0)     16 :  0.0010 0.0010 0.9942 0.0010 0.0028 
1524     1524   (0)     16 :  0.0010 0.0010 0.9952 0.0010 0.0018 
1525     1525   (0)     16 :  0.0020 0.0020 0.9930 0.0010 0.0020 
1526     1526   (0)     16 :  0.0010 0.0018 0.9914 0.0030 0.0028 
1527     1527   (0)     16 :  0.0012 0.0030 0.9880 0.0010 0.0068 
1528     1528   (0)     16 :  0.0030 0.0020 0.9906 0.0020 0.0024 
1529     1529   (0)     16 :  0.0010 0.0018 0.9906 0.0020 0.0046 
1530     1530   (0)     16 :  0.0010 0.0010 0.9950 0.0010 0.0020 
1531     1531   (0)     16 :  0.0012 0.0020 0.9926 0.0020 0.0022 
1532     1532   (0)     16 :  0.0010 0.0020 0.9922 0.0010 0.0038 
1533     1533   (0)     16 :  0.0010 0.0020 0.9914 0.0020 0.0036 
1534     1534   (0)     16 :  0.0010 0.0020 0.9912 0.0020 0.0038 
1535     1535   (0)     16 :  0.0042 0.0020 0.9872 0.0020 0.0046 
1536     1536   (0)     16 :  0.0020 0.0012 0.9920 0.0020 0.0028 
1537     1537   (0)     16 :  0.0010 0.0018 0.9942 0.0010 0.0020 
1538     1538   (0)     16 :  0.0010 0.0010 0.9958 0.0010 0.0012 
1539     1539   (0)     16 :  0.0020 0.0038 0.9866 0.0020 0.0056 
1540     1540   (0)     16 :  0.0020 0.0020 0.9928 0.0010 0.0022 
1541     1541   (0)     16 :  0.0010 0.0010 0.9942 0.0020 0.0018 
1542     1542   (0)     16 :  0.0010 0.0010 0.9940 0.0020 0.0020 
1543     1543   (0)     16 :  0.0020 0.0020 0.9918 0.0020 0.0022 
1544     1544   (0)     16 :  0.0020 0.0020 0.9930 0.0010 0.0020 
1545     1545   (0)     16 :  0.0020 0.0020 0.9928 0.0012 0.0020 
1546     1546   (0)     16 :  0.0020 0.0030 0.9918 0.0010 0.0022 
1547     1547   (0)     16 :  0.0030 0.0020 0.9900 0.0020 0.0030 
1548     1548   (0)     16 :  0.0010 0.0010 0.9950 0.0010 0.0020 
1549     1549   (0)     16 :  0.0020 0.0020 0.9930 0.0010 0.0020 
1550     1550   (0)     16 :  0.0010 0.0018 0.9932 0.0020 0.0020 
1551     1551   (0)     16 :  0.0056 0.0020 0.9874 0.0020 0.0030 
1552     1552   (0)     16 :  0.0020 0.0020 0.9902 0.0020 0.0038 
1553     1553   (0)     16 :  0.0020 0.0010 0.9940 0.0010 0.0020 
1554     1554   (0)     16 :  0.0020 0.0020 0.9930 0.0010 0.0020 
1555     1555   (0)     16 :  0.0020 0.0020 0.9892 0.0030 0.0038 
1556     1556   (0)     16 :  0.0010 0.0010 0.9950 0.0010 0.0020 
1557     1557   (0)     16 :  0.0030 0.0020 0.9890 0.0020 0.0040 
1558     1558   (0)     16 :  0.0020 0.0020 0.9920 0.0010 0.0030 
1559     1559   (0)     16 :  0.0020 0.0020 0.9926 0.0012 0.0022 
1560     1560   (0)     16 :  0.0010 0.0020 0.9924 0.0020 0.0026 
1561     1561   (0)     16 :  0.0010 0.0010 0.9960 0.0010 0.0010 
1562     1562   (0)     16 :  0.0050 0.0030 0.9840 0.0060 0.0020 
1563     1563   (0)     16 :  0.0010 0.0010 0.9960 0.0010 0.0010 
1564     1564   (0)     16 :  0.0050 0.0020 0.9890 0.0020 0.0020 
1565     1565   (0)     16 :  0.0020 0.0028 0.9898 0.0030 0.0024 
1566     1566   (0)     16 :  0.0050 0.0020 0.9880 0.0020 0.0030 
1567     1567   (0)     16 :  0.0010 0.0010 0.9956 0.0010 0.0014 
1568     1568   (0)     16 :  0.0140 0.0030 0.9778 0.0010 0.0042 
1569     1569   (0)     16 :  0.0010 0.0010 0.9952 0.0016 0.0012 
1570     1570   (0)     16 :  0.0040 0.0020 0.9890 0.0020 0.0030 
1571     1571   (0)     16 :  0.0010 0.0010 0.9950 0.0010 0.0020 
1572     1572   (0)     16 :  0.0010 0.0020 0.9940 0.0010 0.0020 
1573     1573   (0)     16 :  0.0018 0.0020 0.9922 0.0020 0.0020 
1574     1574   (0)     16 :  0.0010 0.0010 0.9950 0.0010 0.0020 
1575     1575   (0)     16 :  0.0014 0.0020 0.9926 0.0010 0.0030 
1576     1576   (0)     16 :  0.0020 0.0012 0.9948 0.0010 0.0010 
1577     1577   (0)     16 :  0.0010 0.0018 0.9942 0.0010 0.0020 
1578     1578   (0)     16 :  0.0020 0.0020 0.9912 0.0010 0.0038 
1579     1579   (0)     16 :  0.0060 0.0022 0.9874 0.0020 0.0024 
1580     1580   (0)     16 :  0.0010 0.0010 0.9940 0.0020 0.0020 
1581     1581   (0)     16 :  0.0012 0.0010 0.9940 0.0020 0.0018 
1582     1582   (0)     16 :  0.0020 0.0020 0.9884 0.0020 0.0056 
1583     1583   (0)     16 :  0.0012 0.0020 0.9928 0.0020 0.0020 
1584     1584   (0)     16 :  0.0020 0.0010 0.9940 0.0010 0.0020 
1585     1585   (0)     16 :  0.0010 0.0020 0.9922 0.0020 0.0028 
1586     1586   (0)     16 :  0.0020 0.0020 0.9920 0.0020 0.0020 
1587     1587   (0)     16 :  0.0020 0.0062 0.9726 0.0020 0.0172 
1588     1588   (0)     16 :  0.0010 0.0010 0.9940 0.0020 0.0020 
1589     1589   (0)     16 :  0.0228 0.0040 0.9634 0.0040 0.0058 
1590     1590   (0)     16 :  0.0030 0.0030 0.9896 0.0022 0.0022 
1591     1591   (0)     16 :  0.0020 0.0010 0.9940 0.0020 0.0010 
1592     1592   (0)     16 :  0.0010 0.0010 0.9950 0.0010 0.0020 
1593     1593   (0)     16 :  0.0030 0.0020 0.9902 0.0020 0.0028 
1594     1594   (0)     16 :  0.0020 0.0020 0.9908 0.0024 0.0028 
1595     1595   (0)     16 :  0.0010 0.0020 0.9920 0.0020 0.0030 
1596     1596   (0)     16 :  0.0030 0.0020 0.9872 0.0040 0.0038 
1597     1597   (0)     16 :  0.0020 0.0010 0.9930 0.0020 0.0020 
1598     1598   (0)     16 :  0.0030 0.0020 0.9910 0.0020 0.0020 
1599     1599   (0)     16 :  0.0020 0.0020 0.9930 0.0010 0.0020 
1600     1600   (0)     16 :  0.0020 0.0010 0.9950 0.0010 0.0010 
1601     1601   (0)     16 :  0.0012 0.0010 0.9948 0.0020 0.0010 
1602     1602   (0)     16 :  0.0010 0.0018 0.9932 0.0020 0.0020 
1603     1603   (0)     16 :  0.0010 0.0020 0.9932 0.0010 0.0028 
1604     1604   (0)     16 :  0.0020 0.0010 0.9950 0.0010 0.0010 
1605     1605   (0)     16 :  0.0040 0.0022 0.9888 0.0020 0.0030 
1606     1606   (0)     16 :  0.0010 0.0030 0.9908 0.0020 0.0032 
1607     1607   (0)     16 :  0.0010 0.0010 0.9950 0.0010 0.0020 
1608     1608   (0)     16 :  0.0020 0.0020 0.9920 0.0020 0.0020 
1609     1609   (0)     16 :  0.0010 0.0010 0.9952 0.0010 0.0018 
1610     1610   (0)     16 :  0.0010 0.0020 0.9930 0.0010 0.0030 
1611     1611   (0)     16 :  0.0010 0.0010 0.9952 0.0010 0.0018 
1612     1612   (0)     16 :  0.0010 0.0020 0.9930 0.0020 0.0020 
1613     1613   (0)     16 :  0.0010 0.0010 0.9960 0.0010 0.0010 
1614     1614   (0)     16 :  0.0020 0.0020 0.9900 0.0030 0.0030 
1615     1615   (0)     16 :  0.0010 0.0010 0.9950 0.0010 0.0020 
1616     1616   (0)     16 :  0.0020 0.0068 0.9828 0.0030 0.0054 
1617     1617   (0)     16 :  0.0010 0.0010 0.9950 0.0020 0.0010 
1618     1618   (0)     16 :  0.0010 0.0020 0.9940 0.0010 0.0020 
1619     1619   (0)     16 :  0.0010 0.0020 0.9934 0.0012 0.0024 
1620     1620   (0)     16 :  0.0020 0.0020 0.9910 0.0030 0.0020 
1621     1621   (0)     16 :  0.0010 0.0020 0.9922 0.0010 0.0038 
1622     1622   (0)     16 :  0.0070 0.0030 0.9858 0.0012 0.0030 
1623     1623   (0)     16 :  0.0010 0.0010 0.9954 0.0016 0.0010 
1624     1624   (0)     16 :  0.0052 0.0048 0.9800 0.0020 0.0080 
1625     1625   (0)     16 :  0.0010 0.0020 0.9922 0.0020 0.0028 
1626     1626   (0)     16 :  0.0030 0.0020 0.9900 0.0030 0.0020 
1627     1627   (0)     16 :  0.0010 0.0010 0.9940 0.0020 0.0020 
1628     1628   (0)     16 :  0.0010 0.0010 0.9950 0.0020 0.0010 
1629     1629   (0)     16 :  0.0010 0.0030 0.9920 0.0010 0.0030 
1630     1630   (0)     16 :  0.0020 0.0010 0.9930 0.0020 0.0020 
1631     1631   (0)     16 :  0.0020 0.0010 0.9940 0.0010 0.0020 
1632     1632   (0)     16 :  0.0050 0.0030 0.9870 0.0020 0.0030 
1633     1633   (0)     16 :  0.0010 0.0010 0.9940 0.0020 0.0020 
1634     1634   (0)     16 :  0.0010 0.0020 0.9858 0.0020 0.0092 
1635     1635   (0)     16 :  0.0020 0.0020 0.9910 0.0030 0.0020 
1636     1636   (0)     16 :  0.0018 0.0020 0.9932 0.0010 0.0020 
1637     1637   (0)     16 :  0.0020 0.0018 0.9922 0.0020 0.0020 
1638     1638   (0)     16 :  0.0020 0.0020 0.9904 0.0010 0.0046 
1639     1639   (0)     16 :  0.0020 0.0020 0.9930 0.0010 0.0020 
1640     1640   (0)     16 :  0.0010 0.0012 0.9948 0.0010 0.0020 
1641     1641   (0)     16 :  0.0030 0.0020 0.9910 0.0010 0.0030 
1642     1642   (0)     16 :  0.0010 0.0010 0.9946 0.0014 0.0020 
1643     1643   (0)     16 :  0.0024 0.0028 0.9888 0.0030 0.0030 
1644     1644   (0)     16 :  0.0010 0.0010 0.9960 0.0010 0.0010 
1645     1645   (0)     16 :  0.0080 0.0030 0.9840 0.0020 0.0030 
1646     1646   (0)     16 :  0.0010 0.0020 0.9920 0.0020 0.0030 
1647     1647   (0)     16 :  0.0030 0.0030 0.9854 0.0030 0.0056 
1648     1648   (0)     16 :  0.0010 0.0010 0.9960 0.0010 0.0010 
1649     1649   (0)     16 :  0.0010 0.0020 0.9922 0.0010 0.0038 
1650     1650   (0)     16 :  0.0020 0.0020 0.9920 0.0020 0.0020 
1651     1651   (0)     16 :  0.0020 0.0020 0.9910 0.0020 0.0030 
1652     1652   (0)     16 :  0.0010 0.0020 0.9928 0.0020 0.0022 
1653     1653   (0)     16 :  0.0010 0.0020 0.9930 0.0020 0.0020 
1654     1654   (0)     16 :  0.0010 0.0020 0.9930 0.0010 0.0030 
1655     1655   (0)     16 :  0.0010 0.0020 0.9940 0.0010 0.0020 
1656     1656   (0)     16 :  0.0020 0.0020 0.9892 0.0030 0.0038 
1657     1657   (0)     16 :  0.0020 0.0020 0.9922 0.0010 0.0028 
1658     1658   (0)     16 :  0.0080 0.0038 0.9800 0.0040 0.0042 
1659     1659   (0)     16 :  0.0056 0.0048 0.9814 0.0050 0.0032 
1660     1660   (0)     16 :  0.0040 0.0030 0.9828 0.0030 0.0072 
1661     1661   (0)     16 :  0.0018 0.0020 0.9932 0.0010 0.0020 
1662     1662   (0)     16 :  0.0014 0.0020 0.9916 0.0020 0.0030 
1663     1663   (0)     16 :  0.0010 0.0010 0.9950 0.0010 0.0020 
1664     1664   (0)     16 :  0.0030 0.0020 0.9910 0.0020 0.0020 
1665     1665   (0)     16 :  0.0020 0.0038 0.9890 0.0020 0.0032 
1666     1666   (0)     16 :  0.0020 0.0020 0.9918 0.0012 0.0030 
1667     1667   (0)     16 :  0.0010 0.0020 0.9940 0.0010 0.0020 
1668     1668   (0)     16 :  0.0010 0.0010 0.9952 0.0010 0.0018 
1669     1669   (0)     16 :  0.0030 0.0020 0.9910 0.0010 0.0030 
1670     1670   (0)     16 :  0.0030 0.0028 0.9864 0.0020 0.0058 
1671     1671   (0)     16 :  0.0010 0.0020 0.9904 0.0020 0.0046 
1672     1672   (0)     16 :  0.0020 0.0018 0.9932 0.0010 0.0020 
1673     1673   (0)     16 :  0.0020 0.0020 0.9920 0.0020 0.0020 
1674     1674   (0)     16 :  0.0020 0.0010 0.9940 0.0010 0.0020 
1675     1675   (0)     16 :  0.0010 0.0020 0.9930 0.0020 0.0020 
1676     1676   (0)     16 :  0.0080 0.0042 0.9810 0.0020 0.0048 
1677     1677   (0)     16 :  0.0010 0.0020 0.9940 0.0010 0.0020 
1678     1678   (0)     16 :  0.0020 0.0020 0.9930 0.0010 0.0020 
1679     1679   (0)     16 :  0.0020 0.0020 0.9920 0.0020 0.0020 
1680     1680   (0)     16 :  0.0010 0.0010 0.9950 0.0010 0.0020 
1681     1681   (0)     16 :  0.0020 0.0010 0.9940 0.0010 0.0020 
1682     1682   (0)     16 :  0.0020 0.0020 0.9912 0.0020 0.0028 
1683     1683   (0)     16 :  0.0020 0.0020 0.9920 0.0020 0.0020 
1684     1684   (0)     16 :  0.0030 0.0020 0.9900 0.0030 0.0020 
1685     1685   (0)     16 :  0.0020 0.0018 0.9904 0.0020 0.0038 
1686     1686   (0)     16 :  0.0020 0.0020 0.9912 0.0020 0.0028 
1687     1687   (0)     16 :  0.0030 0.0020 0.9920 0.0010 0.0020 
1688     1688   (0)     16 :  0.0010 0.0010 0.9960 0.0010 0.0010 
1689     1689   (0)     16 :  0.0030 0.0030 0.9874 0.0020 0.0046 
1690     1690   (0)     16 :  0.0020 0.0020 0.9930 0.0010 0.0020 
1691     1691   (0)     16 :  0.0012 0.0038 0.9878 0.0040 0.0032 
1692     1692   (0)     16 :  0.0020 0.0030 0.9862 0.0010 0.0078 
1693     1693   (0)     16 :  0.0020 0.0020 0.9902 0.0020 0.0038 
1694     1694   (0)     16 :  0.0010 0.0010 0.9958 0.0010 0.0012 
1695     1695   (0)     16 :  0.0010 0.0012 0.9958 0.0010 0.0010 
1696     1696   (0)     16 :  0.0020 0.0028 0.9912 0.0010 0.0030 
1697     1697   (0)     16 :  0.0020 0.0020 0.9924 0.0016 0.0020 
1698     1698   (0)     16 :  0.0010 0.0020 0.9940 0.0010 0.0020 
1699     1699   (0)     16 :  0.0010 0.0020 0.9922 0.0020 0.0028 
1700     1700   (0)     16 :  0.0020 0.0020 0.9902 0.0020 0.0038 
1701     1701   (0)     16 :  0.0010 0.0010 0.9940 0.0020 0.0020 
1702     1702   (0)     16 :  0.0010 0.0010 0.9950 0.0010 0.0020 
1703     1703   (0)     16 :  0.0010 0.0020 0.9938 0.0020 0.0012 
1704     1704   (0)     16 :  0.0010 0.0020 0.9940 0.0010 0.0020 
1705     1705   (0)     16 :  0.0010 0.0028 0.9922 0.0020 0.0020 
1706     1706   (0)     16 :  0.0010 0.0018 0.9932 0.0020 0.0020 
1707     1707   (0)     16 :  0.0010 0.0010 0.9950 0.0010 0.0020 
1708     1708   (0)     16 :  0.0020 0.0020 0.9912 0.0020 0.0028 
1709     1709   (0)     16 :  0.0020 0.0020 0.9912 0.0020 0.0028 
1710     1710   (0)     16 :  0.0030 0.0030 0.9892 0.0010 0.0038 
1711     1711   (0)     16 :  0.0020 0.0010 0.9922 0.0020 0.0028 
1712     1712   (0)     16 :  0.0010 0.0010 0.9952 0.0018 0.0010 
1713     1713   (0)     16 :  0.0010 0.0030 0.9920 0.0020 0.0020 
1714     1714   (0)     16 :  0.0010 0.0010 0.9950 0.0010 0.0020 
1715     1715   (0)     16 :  0.0020 0.0020 0.9930 0.0010 0.0020 
1716     1716   (0)     16 :  0.0010 0.0020 0.9930 0.0020 0.0020 
1717     1717   (0)     16 :  0.0070 0.0022 0.9850 0.0020 0.0038 
1718     1718   (0)     16 :  0.0020 0.0020 0.9892 0.0030 0.0038 
1719     1719   (0)     16 :  0.0010 0.0018 0.9924 0.0020 0.0028 
1720     1720   (0)     16 :  0.0010 0.0020 0.9940 0.0010 0.0020 
1721     1721   (0)     16 :  0.0020 0.0020 0.9920 0.0010 0.0030 
1722     1722   (0)     16 :  0.0020 0.0010 0.9940 0.0010 0.0020 
1723     1723   (0)     16 :  0.0020 0.0020 0.9904 0.0010 0.0046 
1724     1724   (0)     16 :  0.0070 0.0028 0.9832 0.0030 0.0040 
1725     1725   (0)     16 :  0.0010 0.0020 0.9940 0.0010 0.0020 
1726     1726   (0)     16 :  0.0020 0.0028 0.9882 0.0020 0.0050 
1727     1727   (0)     16 :  0.0010 0.0010 0.9950 0.0010 0.0020 
1728     1728   (0)     16 :  0.0010 0.0010 0.9950 0.0020 0.0010 
1729     1729   (0)     16 :  0.0020 0.0020 0.9888 0.0010 0.0062 
1730     1730   (0)     16 :  0.0020 0.0030 0.9858 0.0020 0.0072 
1731     1731   (0)     16 :  0.0020 0.0020 0.9930 0.0010 0.0020 
1732     1732   (0)     16 :  0.0010 0.0020 0.9914 0.0010 0.0046 
1733     1733   (0)     16 :  0.0010 0.0030 0.9892 0.0020 0.0048 
1734     1734   (0)     16 :  0.0010 0.0010 0.9950 0.0020 0.0010 
1735     1735   (0)     16 :  0.0010 0.0020 0.9930 0.0020 0.0020 
1736     1736   (0)     16 :  0.0020 0.0020 0.9910 0.0020 0.0030 
1737     1737   (0)     16 :  0.0010 0.0020 0.9940 0.0010 0.0020 
1738     1738   (0)     16 :  0.0120 0.0042 0.9760 0.0020 0.0058 
1739     1739   (0)     16 :  0.0010 0.0010 0.9960 0.0010 0.0010 
1740     1740   (0)     16 :  0.0020 0.0020 0.9902 0.0020 0.0038 
1741     1741   (0)     16 :  0.0010 0.0020 0.9920 0.0020 0.0030 
1742     1742   (0)     16 :  0.0010 0.0020 0.9938 0.0010 0.0022 
1743     1743   (0)     16 :  0.0030 0.0022 0.9908 0.0010 0.0030 
1744     1744   (0)     16 :  0.0020 0.0018 0.9922 0.0010 0.0030 
1745     1745   (0)     16 :  0.0020 0.0020 0.9910 0.0020 0.0030 
1746     1746   (0)     16 :  0.0010 0.0010 0.9960 0.0010 0.0010 
1747     1747   (0)     16 :  0.0020 0.0030 0.9866 0.0020 0.0064 
1748     1748   (0)     16 :  0.0020 0.0020 0.9930 0.0010 0.0020 
1749     1749   (0)     16 :  0.0030 0.0020 0.9850 0.0020 0.0080 
1750     1750   (0)     16 :  0.0010 0.0020 0.9930 0.0020 0.0020 
1751     1751   (0)     16 :  0.0010 0.0012 0.9938 0.0020 0.0020 
1752     1752   (0)     16 :  0.0010 0.0020 0.9930 0.0020 0.0020 
1753     1753   (0)     16 :  0.0010 0.0010 0.9940 0.0020 0.0020 
1754     1754   (0)     16 :  0.0020 0.0010 0.9942 0.0010 0.0018 
1755     1755   (0)     16 :  0.0010 0.0010 0.9960 0.0010 0.0010 
1756     1756   (0)     16 :  0.0010 0.0010 0.9950 0.0010 0.0020 
1757     1757   (0)     16 :  0.0010 0.0010 0.9960 0.0010 0.0010 
1758     1758   (0)     16 :  0.0030 0.0020 0.9908 0.0020 0.0022 
1759     1759   (0)     16 :  0.0090 0.0030 0.9786 0.0030 0.0064 
1760     1760   (0)     16 :  0.0020 0.0018 0.9932 0.0010 0.0020 
1761     1761   (0)     16 :  0.0030 0.0020 0.9902 0.0020 0.0028 
1762     1762   (0)     16 :  0.0020 0.0020 0.9922 0.0010 0.0028 
1763     1763   (0)     16 :  0.0010 0.0020 0.9940 0.0010 0.0020 
1764     1764   (0)     16 :  0.0020 0.0028 0.9920 0.0010 0.0022 
1765     1765   (0)     16 :  0.0012 0.0020 0.9938 0.0010 0.0020 
1766     1766   (0)     16 :  0.0020 0.0020 0.9930 0.0010 0.0020 
1767     1767   (0)     16 :  0.0030 0.0030 0.9890 0.0020 0.0030 
1768     1768   (0)     16 :  0.0020 0.0020 0.9930 0.0010 0.0020 
1769     1769   (0)     16 :  0.0020 0.0028 0.9914 0.0018 0.0020 
1770     1770   (0)     16 :  0.0020 0.0020 0.9912 0.0020 0.0028 
1771     1771   (0)     16 :  0.0010 0.0010 0.9950 0.0010 0.0020 
1772     1772   (0)     16 :  0.0020 0.0018 0.9932 0.0010 0.0020 
1773     1773   (0)     16 :  0.0040 0.0072 0.9812 0.0014 0.0062 
1774     1774   (0)     16 :  0.0020 0.0018 0.9932 0.0010 0.0020 
1775     1775   (0)     16 :  0.0020 0.0020 0.9902 0.0030 0.0028 
1776     1776   (0)     16 :  0.0030 0.0020 0.9910 0.0020 0.0020 
1777     1777   (0)     16 :  0.0020 0.0020 0.9910 0.0030 0.0020 
1778     1778   (0)     16 :  0.0030 0.0020 0.9910 0.0020 0.0020 
1779     1779   (0)     16 :  0.0018 0.0012 0.9922 0.0020 0.0028 
1780     1780   (0)     16 :  0.0030 0.0030 0.9890 0.0020 0.0030 
1781     1781   (0)     16 :  0.0030 0.0020 0.9910 0.0020 0.0020 
1782     1782   (0)     16 :  0.0020 0.0030 0.9836 0.0020 0.0094 
1783     1783   (0)     16 :  0.0010 0.0010 0.9950 0.0010 0.0020 
1784     1784   (0)     16 :  0.0030 0.0028 0.9890 0.0020 0.0032 
1785     1785   (0)     16 :  0.0020 0.0020 0.9910 0.0020 0.0030 
1786     1786   (0)     16 :  0.0020 0.0020 0.9930 0.0010 0.0020 
1787     1787   (0)     16 :  0.0040 0.0030 0.9844 0.0020 0.0066 
1788     1788   (0)     16 :  0.0020 0.0012 0.9928 0.0020 0.0020 
1789     1789   (0)     16 :  0.0020 0.0020 0.9920 0.0020 0.0020 
1790     1790   (0)     16 :  0.0020 0.0010 0.9930 0.0012 0.0028 
1791     1791   (0)     16 :  0.0010 0.0020 0.9940 0.0010 0.0020 
1792     1792   (0)     16 :  0.0010 0.0010 0.9960 0.0010 0.0010 
1793     1793   (0)     16 :  0.0010 0.0012 0.9938 0.0020 0.0020 
1794     1794   (0)     16 :  0.0080 0.0028 0.9770 0.0030 0.0092 
1795     1795   (0)     16 :  0.0010 0.0022 0.9928 0.0020 0.0020 
1796     1796   (0)     16 :  0.0020 0.0018 0.9922 0.0020 0.0020 
1797     1797   (0)     16 :  0.0020 0.0010 0.9928 0.0030 0.0012 
1798     1798   (0)     16 :  0.0020 0.0020 0.9920 0.0020 0.0020 
1799     1799   (0)     16 :  0.0020 0.0012 0.9928 0.0020 0.0020 
1800     1800   (0)     16 :  0.0020 0.0020 0.9912 0.0020 0.0028 
1801     1801   (0)     16 :  0.0020 0.0010 0.9940 0.0010 0.0020 
1802     1802   (0)     16 :  0.0010 0.0024 0.9926 0.0020 0.0020 
1803     1803   (0)     17 :  0.0018 0.0028 0.0020 0.0010 0.9924 
1804     1804   (0)     17 :  0.0054 0.0038 0.0034 0.0020 0.9854 
1805     1805   (0)     17 :  0.0030 0.0072 0.0038 0.0024 0.9836 
1806     1806   (0)     17 :  0.0020 0.0086 0.0098 0.0028 0.9768 
1807     1807   (0)     17 :  0.0020 0.0054 0.0022 0.0030 0.9874 
1808     1808   (0)     17 :  0.0046 0.0060 0.0204 0.0020 0.9670 
1809     1809   (0)     17 :  0.0030 0.0090 0.0086 0.0040 0.9754 
1810     1810   (0)     17 :  0.0020 0.0028 0.0020 0.0010 0.9922 
1811     1811   (0)     17 :  0.0020 0.0028 0.0012 0.0010 0.9930 
1812     1812   (0)     17 :  0.0064 0.0058 0.0040 0.0010 0.9828 
1813     1813   (0)     17 :  0.0022 0.0024 0.0022 0.0010 0.9922 
1814     1814   (0)     17 :  0.0012 0.0028 0.0022 0.0012 0.9926 
1815     1815   (0)     17 :  0.0022 0.0022 0.0018 0.0012 0.9926 
1816     1816   (0)     17 :  0.0050 0.0056 0.0096 0.0020 0.9778 
1817     1817   (0)     17 :  0.0020 0.0022 0.0032 0.0020 0.9906 
1818     1818   (0)     17 :  0.0062 0.0030 0.0076 0.0020 0.9812 
1819     1819   (0)     17 :  0.0054 0.0292 0.0594 0.0050 0.9010 
1820     1820   (0)     17 :  0.0032 0.0024 0.0034 0.0034 0.9876 
1821     1821   (0)     17 :  0.0096 0.0154 0.0060 0.0032 0.9658 
1822     1822   (0)     17 :  0.0020 0.0066 0.0080 0.0012 0.9822 
1823     1823   (0)     17 :  0.0052 0.0020 0.0026 0.0014 0.9888 
1824     1824   (0)     17 :  0.0074 0.0026 0.0024 0.0022 0.9854 
1825     1825   (5)     17 :  0.0046 0.0032 0.0024 0.0012 0.9886 
1826     1826   (0)     17 :  0.0012 0.0020 0.0032 0.0020 0.9916 
1827     1827   (0)     17 :  0.0026 0.0020 0.0078 0.0022 0.9854 
1828     1828   (0)     17 :  0.0020 0.0070 0.0030 0.0020 0.9860 
1829     1829   (0)     17 :  0.0096 0.0022 0.0024 0.0012 0.9846 
1830     1830   (0)     17 :  0.0032 0.0028 0.0066 0.0022 0.9852 
1831     1831   (0)     17 :  0.0202 0.0038 0.0020 0.0020 0.9720 
1832     1832   (0)     17 :  0.0010 0.0020 0.0022 0.0012 0.9936 
1833     1833   (5)     17 :  0.0020 0.0022 0.0022 0.0012 0.9924 
1834     1834   (0)     17 :  0.0032 0.0030 0.0184 0.0020 0.9734 
1835     1835   (0)     17 :  0.0074 0.0056 0.0020 0.0038 0.9812 
1836     1836   (0)     17 :  0.0010 0.0022 0.0030 0.0012 0.9926 
1837     1837   (0)     17 :  0.0130 0.0030 0.0022 0.0022 0.9796 
1838     1838   (0)     17 :  0.0028 0.0100 0.0038 0.0028 0.9806 
1839     1839   (5)     17 :  0.0040 0.0120 0.0058 0.0038 0.9744 
1840     1840   (5)     17 :  0.0048 0.0038 0.0068 0.0032 0.9814 
1841     1841   (5)     17 :  0.0040 0.0048 0.0108 0.0046 0.9758 
1842     1842   (5)     17 :  0.0034 0.0022 0.0012 0.0022 0.9910 
1843     1843   (0)     18 :  0.0032 0.0058 0.0022 0.0022 0.9866 
1844     1844   (0)     18 :  0.0020 0.0036 0.0026 0.0010 0.9908 
1845     1845   (0)     18 :  0.0022 0.0022 0.0034 0.0022 0.9900 
1846     1846   (0)     18 :  0.0068 0.0034 0.0026 0.0020 0.9852 
1847     1847   (0)     18 :  0.0032 0.0028 0.0022 0.0022 0.9896 
1848     1848   (0)     18 :  0.0020 0.0032 0.0010 0.0010 0.9928 
1849     1849   (0)     18 :  0.0204 0.0042 0.0298 0.0048 0.9408 
1850     1850   (0)     18 :  0.0038 0.0032 0.0034 0.0020 0.9876 
1851     1851   (0)     18 :  0.0070 0.0022 0.0234 0.0010 0.9664 
1852     1852   (0)     18 :  0.0032 0.0050 0.0034 0.0022 0.9862 
1853     1853   (0)     18 :  0.0012 0.0020 0.0062 0.0022 0.9884 
1854     1854   (0)     18 :  0.0020 0.0028 0.0032 0.0020 0.9900 
1855     1855   (0)     18 :  0.0034 0.0028 0.0034 0.0010 0.9894 
1856     1856   (0)     18 :  0.0060 0.0054 0.0020 0.0030 0.9836 
1857     1857   (0)     18 :  0.0040 0.0098 0.0020 0.0012 0.9830 
1858     1858   (0)     18 :  0.0014 0.0038 0.0024 0.0048 0.9876 
1859     1859   (0)     18 :  0.0020 0.0032 0.0032 0.0020 0.9896 
1860     1860   (0)     18 :  0.0050 0.0052 0.0030 0.0020 0.9848 
1861     1861   (0)     18 :  0.0020 0.0020 0.0024 0.0012 0.9924 
1862     1862   (0)     18 :  0.0034 0.0022 0.0024 0.0020 0.9900 
1863     1863   (0)     18 :  0.0030 0.0044 0.0038 0.0020 0.9868 
1864     1864   (0)     18 :  0.0034 0.0032 0.0020 0.0020 0.9894 
1865     1865   (0)     18 :  0.0020 0.0040 0.0024 0.0020 0.9896 
1866     1866   (0)     18 :  0.0030 0.0030 0.0038 0.0020 0.9882 
1867     1867   (0)     18 :  0.0020 0.0054 0.0176 0.0020 0.9730 
1868     1868   (0)     18 :  0.0010 0.0022 0.0012 0.0012 0.9944 
1869     1869   (0)     18 :  0.0022 0.0022 0.0034 0.0020 0.9902 
1870     1870   (0)     18 :  0.0040 0.0020 0.0022 0.0012 0.9906 
1871     1871   (0)     18 :  0.0030 0.0072 0.0020 0.0018 0.9860 
1872     1872   (0)     18 :  0.0038 0.0022 0.0050 0.0036 0.9854 
1873     1873   (0)     18 :  0.0154 0.0020 0.0020 0.0028 0.9778 
1874     1874   (0)     18 :  0.0020 0.0044 0.0022 0.0012 0.9902 
1875     1875   (0)     18 :  0.0030 0.0036 0.0020 0.0030 0.9884 
1876     1876   (0)     18 :  0.0022 0.0038 0.0056 0.0012 0.9872 
1877     1877   (0)     18 :  0.0020 0.0028 0.0012 0.0022 0.9918 
1878     1878   (0)     18 :  0.0020 0.0068 0.0022 0.0028 0.9862 
1879     1879   (0)     18 :  0.0020 0.0038 0.0046 0.0030 0.9866 
1880     1880   (0)     18 :  0.0048 0.0034 0.0020 0.0022 0.9876 
1881     1881   (0)     18 :  0.0022 0.0034 0.0022 0.0020 0.9902 
1882     1882   (0)     18 :  0.0022 0.0024 0.0018 0.0010 0.9926 
1883     1883   (0)     18 :  0.0020 0.0104 0.0020 0.0020 0.9836 
1884     1884   (0)     18 :  0.0046 0.0056 0.0012 0.0022 0.9864 
1885     1885   (0)     18 :  0.0020 0.0028 0.0042 0.0012 0.9898 
1886     1886   (0)     18 :  0.0220 0.0032 0.0022 0.0020 0.9706 
1887     1887   (0)     18 :  0.0022 0.0040 0.0036 0.0020 0.9882 
1888     1888   (0)     18 :  0.0032 0.0028 0.0042 0.0038 0.9860 
1889     1889   (0)     18 :  0.0020 0.0032 0.0022 0.0020 0.9906 
1890     1890   (0)     18 :  0.0046 0.0020 0.0010 0.0020 0.9904 
1891     1891   (0)     18 :  0.0022 0.0030 0.0048 0.0032 0.9868 
1892     1892   (0)     18 :  0.0072 0.0040 0.0118 0.0036 0.9734 
1893     1893   (0)     18 :  0.0030 0.0116 0.0044 0.0020 0.9790 
1894     1894   (0)     18 :  0.0020 0.0036 0.0104 0.0012 0.9828 
1895     1895   (0)     18 :  0.0028 0.0466 0.0120 0.0040 0.9346 
1896     1896   (0)     18 :  0.0052 0.0056 0.0070 0.0158 0.9664 
1897     1897   (0)     18 :  0.0034 0.0032 0.0010 0.0010 0.9914 
1898     1898   (0)     18 :  0.0064 0.0084 0.0040 0.0020 0.9792 
1899     1899   (0)     18 :  0.0020 0.0020 0.0062 0.0012 0.9886 
1900     1900   (0)     18 :  0.0020 0.0024 0.0030 0.0012 0.9914 
1901     1901   (0)     18 :  0.0284 0.0054 0.0072 0.0040 0.9550 
1902     1902   (0)     18 :  0.0048 0.0058 0.0028 0.0026 0.9840 
1903     1903   (0)     18 :  0.0020 0.0020 0.0022 0.0020 0.9918 
1904     1904   (0)     18 :  0.0020 0.0032 0.0020 0.0020 0.9908 
1905     1905   (0)     18 :  0.0020 0.0044 0.0174 0.0010 0.9752 
1906     1906   (0)     18 :  0.0020 0.0028 0.0042 0.0032 0.9878 
1907     1907   (0)     18 :  0.0020 0.0034 0.0020 0.0010 0.9916 
1908     1908   (0)     18 :  0.0038 0.0020 0.0034 0.0010 0.9898 
1909     1909   (0)     18 :  0.0010 0.0028 0.0042 0.0010 0.9910 
1910     1910   (0)     18 :  0.0020 0.0030 0.0022 0.0028 0.9900 
1911     1911   (0)     18 :  0.0040 0.0036 0.0030 0.0030 0.9864 
1912     1912   (0)     18 :  0.0048 0.0150 0.0020 0.0030 0.9752 
1913     1913   (0)     18 :  0.0010 0.0022 0.0024 0.0020 0.9924 
1914     1914   (0)     18 :  0.0022 0.0020 0.0024 0.0012 0.9922 
1915     1915   (0)     18 :  0.0310 0.0030 0.0144 0.0020 0.9496 
1916     1916   (0)     18 :  0.0046 0.0028 0.0146 0.0028 0.9752 
1917     1917   (0)     18 :  0.0040 0.0032 0.0020 0.0020 0.9888 
1918     1918   (0)     18 :  0.0012 0.0012 0.0022 0.0010 0.9944 
1919     1919   (0)     18 :  0.0032 0.0040 0.0036 0.0012 0.9880 
1920     1920   (0)     18 :  0.0044 0.0062 0.0152 0.0048 0.9694 
1921     1921   (0)     18 :  0.0050 0.0028 0.0056 0.0020 0.9846 
1922     1922   (0)     18 :  0.0062 0.0080 0.0136 0.0036 0.9686 
1923     1923   (0)     18 :  0.0024 0.0020 0.0024 0.0012 0.9920 
1924     1924   (0)     18 :  0.0022 0.0020 0.0022 0.0016 0.9920 
1925     1925   (0)     18 :  0.0062 0.0074 0.0038 0.0028 0.9798 
1926     1926   (0)     18 :  0.0020 0.0020 0.0054 0.0030 0.9876 
1927     1927   (0)     18 :  0.0034 0.0058 0.0020 0.0032 0.9856 
1928     1928   (0)     18 :  0.0020 0.0028 0.0032 0.0028 0.9892 
1929     1929   (0)     18 :  0.0078 0.0066 0.0020 0.0022 0.9814 
1930     1930   (0)     18 :  0.0030 0.0064 0.0020 0.0030 0.9856 
1931     1931   (0)     18 :  0.0038 0.0020 0.0060 0.0024 0.9858 
1932     1932   (0)     18 :  0.0010 0.0030 0.0020 0.0022 0.9918 
1933     1933   (0)     18 :  0.0044 0.0028 0.0022 0.0026 0.9880 
1934     1934   (0)     18 :  0.0020 0.0028 0.0052 0.0012 0.9888 
1935     1935   (0)     18 :  0.0030 0.0226 0.0040 0.0018 0.9686 
1936     1936   (0)     18 :  0.0014 0.0030 0.0034 0.0012 0.9910 
1937     1937   (0)     18 :  0.0024 0.0040 0.0022 0.0010 0.9904 
1938     1938   (0)     18 :  0.0032 0.0030 0.0020 0.0022 0.9896 
1939     1939   (0)     18 :  0.0048 0.0032 0.0104 0.0020 0.9796 
1940     1940   (0)     18 :  0.0058 0.0028 0.0034 0.0010 0.9870 
1941     1941   (0)     18 :  0.0070 0.0056 0.0040 0.0054 0.9780 
1942     1942   (0)     18 :  0.0020 0.0036 0.0066 0.0022 0.9856 
1943     1943   (0)     18 :  0.0022 0.0012 0.0048 0.0012 0.9906 
1944     1944   (0)     18 :  0.0284 0.0040 0.0042 0.0032 0.9602 
1945     1945   (0)     18 :  0.0062 0.0048 0.0066 0.0040 0.9784 
1946     1946   (0)     18 :  0.0010 0.0030 0.0020 0.0010 0.9930 
1947     1947   (0)     18 :  0.0014 0.0042 0.0178 0.0020 0.9746 
1948     1948   (0)     18 :  0.0012 0.0022 0.0020 0.0020 0.9926 
1949     1949   (0)     18 :  0.0010 0.0020 0.0034 0.0032 0.9904 
1950     1950   (0)     18 :  0.0010 0.0030 0.0020 0.0020 0.9920 
1951     1951   (0)     18 :  0.0022 0.0020 0.0022 0.0012 0.9924 
1952     1952   (0)     18 :  0.0030 0.0060 0.0040 0.0010 0.9860 
1953     1953   (0)     18 :  0.0054 0.0030 0.0308 0.0022 0.9586 
1954     1954   (0)     18 :  0.0022 0.0046 0.0072 0.0020 0.9840 
1955     1955   (0)     18 :  0.0104 0.0046 0.0034 0.0020 0.9796 
1956     1956   (0)     18 :  0.0038 0.0092 0.0020 0.0020 0.9830 
1957     1957   (0)     18 :  0.0064 0.0020 0.0024 0.0012 0.9880 
1958     1958   (0)     18 :  0.0010 0.0048 0.0030 0.0020 0.9892 
1959     1959   (0)     18 :  0.0022 0.0022 0.0020 0.0010 0.9926 
1960     1960   (0)     18 :  0.0050 0.0062 0.0050 0.0020 0.9818 
1961     1961   (0)     18 :  0.0050 0.0090 0.0060 0.0022 0.9778 
1962     1962   (0)     18 :  0.0022 0.0022 0.0054 0.0012 0.9890 
1963     1963   (0)     18 :  0.0162 0.0160 0.0032 0.0020 0.9626 
1964     1964   (0)     18 :  0.0012 0.0040 0.0028 0.0022 0.9898 
1965     1965   (0)     18 :  0.0068 0.0020 0.0046 0.0046 0.9820 
1966     1966   (0)     18 :  0.0020 0.0020 0.0060 0.0020 0.9880 
1967     1967   (0)     18 :  0.0100 0.0098 0.0030 0.0022 0.9750 
1968     1968   (0)     18 :  0.0044 0.0052 0.0038 0.0028 0.9838 
1969     1969   (0)     18 :  0.0036 0.0258 0.0086 0.0088 0.9532 
1970     1970   (0)     18 :  0.0022 0.0048 0.0020 0.0024 0.9886 
1971     1971   (0)     18 :  0.0020 0.0036 0.0048 0.0028 0.9868 
1972     1972   (0)     18 :  0.0030 0.0082 0.0046 0.0038 0.9804 
1973     1973   (0)     18 :  0.0020 0.0028 0.0010 0.0020 0.9922 
1974     1974   (0)     18 :  0.0040 0.0104 0.0056 0.0122 0.9678 
1975     1975   (0)     18 :  0.0034 0.0030 0.0040 0.0010 0.9886 
1976     1976   (0)     18 :  0.0046 0.0038 0.0032 0.0014 0.9870 
1977     1977   (0)     18 :  0.0062 0.0022 0.0022 0.0010 0.9884 
1978     1978   (0)     18 :  0.0020 0.0020 0.0044 0.0022 0.9894 
1979     1979   (0)     18 :  0.0020 0.0022 0.0206 0.0024 0.9728 
1980     1980   (0)     18 :  0.0020 0.0030 0.0058 0.0022 0.9870 
1981     1981   (0)     18 :  0.0308 0.0058 0.0022 0.0044 0.9568 
1982     1982   (0)     18 :  0.0030 0.0060 0.0038 0.0020 0.9852 
1983     1983   (0)     18 :  0.0022 0.0032 0.0054 0.0010 0.9882 
1984     1984   (0)     18 :  0.0100 0.0034 0.0012 0.0020 0.9834 
1985     1985   (0)     18 :  0.0040 0.0040 0.0104 0.0032 0.9784 
1986     1986   (0)     18 :  0.0022 0.0036 0.0046 0.0010 0.9886 
1987     1987   (0)     18 :  0.0044 0.0048 0.0048 0.0020 0.9840 
1988     1988   (0)     18 :  0.0030 0.0032 0.0052 0.0020 0.9866 
1989     1989   (0)     18 :  0.0022 0.0022 0.0012 0.0010 0.9934 
1990     1990   (0)     18 :  0.0072 0.0030 0.0020 0.0022 0.9856 
1991     1991   (0)     18 :  0.0020 0.0030 0.0106 0.0020 0.9824 
1992     1992   (0)     18 :  0.0044 0.0040 0.0022 0.0022 0.9872 
1993     1993   (0)     18 :  0.0012 0.0020 0.0050 0.0020 0.9898 
1994     1994   (0)     18 :  0.0094 0.0042 0.0032 0.0014 0.9818 
1995     1995   (0)     18 :  0.0038 0.0028 0.0030 0.0020 0.9884 
1996     1996   (0)     18 :  0.0042 0.0114 0.0028 0.0020 0.9796 
1997     1997   (0)     18 :  0.0088 0.0022 0.0044 0.0022 0.9824 
1998     1998   (0)     18 :  0.0034 0.0032 0.0022 0.0020 0.9892 
1999     1999   (0)     18 :  0.0098 0.0030 0.0020 0.0012 0.9840 
2000     2000   (0)     18 :  0.0022 0.0020 0.0022 0.0012 0.9924 
2001     2001   (0)     18 :  0.0062 0.0022 0.0024 0.0016 0.9876 
2002     2002   (0)     18 :  0.0030 0.0042 0.0020 0.0022 0.9886 
2003     2003   (0)     18 :  0.0020 0.0030 0.0034 0.0020 0.9896 
2004     2004   (0)     18 :  0.0134 0.0022 0.0032 0.0034 0.9778 
2005     2005   (0)     18 :  0.0040 0.0038 0.0094 0.0020 0.9808 
2006     2006   (0)     18 :  0.0020 0.0030 0.0020 0.0020 0.9910 
2007     2007   (0)     18 :  0.0062 0.0022 0.0020 0.0012 0.9884 
2008     2008   (0)     18 :  0.0022 0.0028 0.0028 0.0024 0.9898 
2009     2009   (0)     18 :  0.0018 0.0040 0.0054 0.0020 0.9868 
2010     2010   (0)     18 :  0.0068 0.0140 0.0030 0.0042 0.9720 
2011     2011   (0)     18 :  0.0020 0.0028 0.0046 0.0014 0.9892 
2012     2012   (0)     18 :  0.0058 0.0116 0.0022 0.0020 0.9784 
2013     2013   (0)     18 :  0.0078 0.0040 0.0074 0.0044 0.9764 
2014     2014   (0)     18 :  0.0020 0.0028 0.0052 0.0020 0.9880 
2015     2015   (0)     18 :  0.0022 0.0020 0.0024 0.0016 0.9918 
2016     2016   (0)     18 :  0.0022 0.0022 0.0024 0.0022 0.9910 
2017     2017   (0)     18 :  0.0020 0.0038 0.0022 0.0012 0.9908 
2018     2018   (0)     18 :  0.0022 0.0038 0.0022 0.0034 0.9884 
2019     2019   (0)     18 :  0.0018 0.0052 0.0030 0.0020 0.9880 
2020     2020   (0)     18 :  0.0026 0.0046 0.0020 0.0020 0.9888 
2021     2021   (0)     18 :  0.0020 0.0020 0.0022 0.0014 0.9924 
2022     2022   (0)     18 :  0.0020 0.0026 0.0022 0.0010 0.9922 
2023     2023   (0)     18 :  0.0020 0.0026 0.0040 0.0020 0.9894 
2024     2024   (0)     18 :  0.0020 0.0022 0.0058 0.0064 0.9836 
2025     2025   (0)     18 :  0.0020 0.0032 0.0022 0.0010 0.9916 
2026     2026   (0)     18 :  0.0769 0.0056 0.0080 0.0028 0.9067 
2027     2027   (0)     18 :  0.0020 0.0028 0.0020 0.0020 0.9912 
2028     2028   (0)     18 :  0.0022 0.0022 0.0010 0.0020 0.9926 
2029     2029   (0)     18 :  0.0022 0.0020 0.0054 0.0020 0.9884 
2030     2030   (0)     18 :  0.0030 0.0048 0.0064 0.0018 0.9840 
2031     2031   (0)     18 :  0.0204 0.0060 0.0056 0.0048 0.9632 
2032     2032   (0)     18 :  0.0020 0.0038 0.0084 0.0030 0.9828 
2033     2033   (0)     18 :  0.0088 0.0046 0.0068 0.0020 0.9778 
2034     2034   (0)     18 :  0.0038 0.0062 0.0140 0.0020 0.9740 
2035     2035   (0)     18 :  0.0044 0.0020 0.0020 0.0012 0.9904 
2036     2036   (0)     18 :  0.0162 0.0038 0.0034 0.0020 0.9746 
2037     2037   (0)     18 :  0.0078 0.0080 0.0052 0.0036 0.9754 
2038     2038   (0)     18 :  0.0146 0.0082 0.0044 0.0024 0.9704 
2039     2039   (0)     18 :  0.0048 0.0032 0.0040 0.0020 0.9860 
2040     2040   (0)     18 :  0.0042 0.0026 0.0072 0.0024 0.9836 
2041     2041   (0)     18 :  0.0020 0.0028 0.0172 0.0020 0.9760 
2042     2042   (0)     18 :  0.0020 0.0032 0.0502 0.0018 0.9428 
2043     2043   (0)     18 :  0.0066 0.0028 0.0022 0.0024 0.9860 
2044     2044   (0)     18 :  0.0010 0.0054 0.0034 0.0020 0.9882 
2045     2045   (0)     18 :  0.0020 0.0028 0.0028 0.0020 0.9904 
2046     2046   (0)     18 :  0.0026 0.0026 0.0022 0.0022 0.9904 
2047     2047   (0)     18 :  0.0022 0.0082 0.0010 0.0040 0.9846 
2048     2048   (0)     18 :  0.0020 0.0032 0.0022 0.0022 0.9904 
2049     2049   (0)     18 :  0.0020 0.0020 0.0034 0.0012 0.9914 
2050     2050   (0)     18 :  0.0102 0.0046 0.0030 0.0020 0.9802 
2051     2051   (0)     18 :  0.0036 0.0028 0.0046 0.0012 0.9878 
2052     2052   (0)     18 :  0.0024 0.0022 0.0012 0.0014 0.9928 
2053     2053   (0)     18 :  0.0024 0.0022 0.0060 0.0022 0.9872 
2054     2054   (0)     18 :  0.0028 0.0068 0.0030 0.0030 0.9844 
2055     2055   (0)     18 :  0.0016 0.0022 0.0028 0.0020 0.9914 
2056     2056   (0)     18 :  0.0072 0.0100 0.0020 0.0026 0.9782 
2057     2057   (0)     18 :  0.0048 0.0102 0.0020 0.0020 0.9810 
2058     2058   (0)     18 :  0.0020 0.0050 0.0022 0.0020 0.9888 
2059     2059   (0)     18 :  0.0020 0.0028 0.0030 0.0010 0.9912 
2060     2060   (0)     18 :  0.0020 0.0030 0.0020 0.0028 0.9902 
2061     2061   (0)     18 :  0.0048 0.0022 0.0032 0.0020 0.9878 
2062     2062   (0)     18 :  0.0020 0.0130 0.0020 0.0020 0.9810 
2063     2063   (0)     18 :  0.0032 0.0020 0.0022 0.0022 0.9904 
2064     2064   (0)     18 :  0.0080 0.0046 0.0020 0.0024 0.9830 
2065     2065   (0)     18 :  0.0038 0.0242 0.0010 0.0020 0.9690 
2066     2066   (0)     18 :  0.0020 0.0036 0.0038 0.0018 0.9888 
2067     2067   (0)     18 :  0.0040 0.0042 0.0052 0.0020 0.9846 
2068     2068   (0)     18 :  0.0030 0.0060 0.0040 0.0020 0.9850 
2069     2069   (0)     18 :  0.0020 0.0036 0.0020 0.0020 0.9904 
2070     2070   (0)     18 :  0.0030 0.0052 0.0062 0.0020 0.9836 
2071     2071   (0)     18 :  0.0020 0.0018 0.0042 0.0020 0.9900 
2072     2072   (0)     18 :  0.0046 0.0064 0.0032 0.0010 0.9848 
2073     2073   (0)     18 :  0.0020 0.0024 0.0108 0.0020 0.9828 
2074     2074   (0)     18 :  0.1246 0.0032 0.0092 0.0020 0.8610 
2075     2075   (0)     18 :  0.0020 0.0028 0.0022 0.0020 0.9910 
2076     2076   (0)     18 :  0.0036 0.0020 0.0022 0.0022 0.9900 
2077     2077   (0)     18 :  0.0020 0.0022 0.0022 0.0020 0.9916 
2078     2078   (0)     18 :  0.0026 0.0028 0.0030 0.0028 0.9888 
2079     2079   (0)     18 :  0.0056 0.0038 0.0030 0.0020 0.9856 
2080     2080   (0)     18 :  0.0038 0.0086 0.0366 0.0028 0.9482 
2081     2081   (0)     18 :  0.0020 0.0042 0.0042 0.0010 0.9886 
2082     2082   (0)     18 :  0.0040 0.0028 0.0034 0.0010 0.9888 
2083     2083   (0)     18 :  0.0048 0.0048 0.0022 0.0030 0.9852 
2084     2084   (0)     18 :  0.0040 0.0028 0.0108 0.0010 0.9814 
2085     2085   (0)     18 :  0.0080 0.0040 0.0140 0.0020 0.9720 
2086     2086   (0)     18 :  0.0024 0.0020 0.0012 0.0022 0.9922 
2087     2087   (0)     18 :  0.0046 0.0020 0.0032 0.0020 0.9882 
2088     2088   (0)     18 :  0.0010 0.0020 0.0022 0.0012 0.9936 
2089     2089   (0)     18 :  0.0010 0.0030 0.0062 0.0020 0.9878 
2090     2090   (0)     18 :  0.0076 0.0034 0.0100 0.0020 0.9770 
2091     2091   (0)     18 :  0.0020 0.0028 0.0016 0.0010 0.9926 
2092     2092   (0)     18 :  0.0168 0.0122 0.0040 0.0020 0.9650 
2093     2093   (0)     18 :  0.0030 0.0048 0.0038 0.0010 0.9874 
2094     2094   (0)     18 :  0.0020 0.0020 0.0026 0.0012 0.9922 
2095     2095   (0)     18 :  0.0046 0.0042 0.0436 0.0020 0.9457 
2096     2096   (0)     18 :  0.0056 0.0050 0.0040 0.0046 0.9808 
2097     2097   (0)     18 :  0.0020 0.0022 0.0070 0.0010 0.9878 
2098     2098   (0)     18 :  0.0020 0.0024 0.0012 0.0012 0.9932 
2099     2099   (0)     18 :  0.0032 0.0032 0.0020 0.0012 0.9904 
2100     2100   (0)     18 :  0.0020 0.0022 0.0026 0.0022 0.9910 
2101     2101   (0)     18 :  0.0040 0.0038 0.0042 0.0020 0.9860 
2102     2102   (0)     18 :  0.0020 0.0040 0.0032 0.0020 0.9888 
2103     2103   (0)     18 :  0.0034 0.0032 0.0022 0.0012 0.9900 
2104     2104   (0)     18 :  0.0070 0.0058 0.0030 0.0020 0.9822 
2105     2105   (0)     18 :  0.0022 0.0038 0.0020 0.0010 0.9910 
2106     2106   (0)     18 :  0.0068 0.0022 0.0022 0.0012 0.9876 
2107     2107   (0)     18 :  0.0012 0.0020 0.0024 0.0020 0.9924 
2108     2108   (0)     18 :  0.0018 0.0084 0.0010 0.0010 0.9878 
2109     2109   (0)     18 :  0.0022 0.0032 0.0104 0.0010 0.9832 
2110     2110   (0)     18 :  0.0094 0.0042 0.0032 0.0020 0.9812 
2111     2111   (0)     18 :  0.0096 0.0168 0.0040 0.0020 0.9676 
2112     2112   (0)     18 :  0.0022 0.0036 0.0022 0.0020 0.9900 
2113     2113   (0)     18 :  0.0030 0.0030 0.0022 0.0010 0.9908 
2114     2114   (0)     18 :  0.0020 0.0030 0.0020 0.0020 0.9910 
2115     2115   (0)     18 :  0.0020 0.0034 0.0020 0.0010 0.9916 
2116     2116   (0)     18 :  0.0072 0.0066 0.0020 0.0020 0.9822 
2117     2117   (0)     18 :  0.0030 0.0056 0.0020 0.0028 0.9866 
2118     2118   (0)     18 :  0.0052 0.0040 0.0052 0.0020 0.9836 
2119     2119   (0)     18 :  0.0042 0.0040 0.0020 0.0010 0.9888 
2120     2120   (0)     18 :  0.0024 0.0032 0.0022 0.0022 0.9900 
2121     2121   (0)     18 :  0.0032 0.0028 0.0020 0.0012 0.9908 
2122     2122   (0)     18 :  0.0028 0.0116 0.0038 0.0020 0.9798 
2123     2123   (0)     18 :  0.0030 0.0028 0.0020 0.0010 0.9912 
2124     2124   (0)     18 :  0.0020 0.0030 0.0092 0.0020 0.9838 
2125     2125   (0)     18 :  0.0022 0.0020 0.0022 0.0024 0.9912 
2126     2126   (0)     18 :  0.0028 0.0048 0.0074 0.0020 0.9830 
2127     2127   (0)     18 :  0.0052 0.0036 0.0064 0.0022 0.9826 
2128     2128   (0)     18 :  0.0020 0.0026 0.0050 0.0022 0.9882 
2129     2129   (0)     18 :  0.0072 0.0094 0.0030 0.0020 0.9784 
2130     2130   (0)     18 :  0.0178 0.0044 0.0324 0.0026 0.9428 
2131     2131   (0)     18 :  0.0020 0.0028 0.0012 0.0010 0.9930 
2132     2132   (0)     18 :  0.0050 0.0048 0.0056 0.0020 0.9826 
2133     2133   (0)     18 :  0.0238 0.0042 0.0020 0.0020 0.9680 
2134     2134   (0)     18 :  0.0032 0.0038 0.0034 0.0022 0.9874 
2135     2135   (0)     18 :  0.0044 0.0040 0.0112 0.0020 0.9784 
2136     2136   (0)     18 :  0.0022 0.0022 0.0012 0.0022 0.9922 
2137     2137   (0)     18 :  0.0020 0.0024 0.0022 0.0032 0.9902 
2138     2138   (0)     18 :  0.0910 0.0038 0.0030 0.0036 0.8986 
2139     2139   (0)     18 :  0.0056 0.0030 0.0020 0.0020 0.9874 
2140     2140   (0)     18 :  0.0328 0.0076 0.0108 0.0012 0.9476 
2141     2141   (0)     18 :  0.0114 0.0020 0.0020 0.0012 0.9834 
2142     2142   (0)     18 :  0.0020 0.0038 0.0032 0.0040 0.9870 
