1        1   (5)      1  : 0.0200 0.5135 0.0130 0.4535
2        2   (5)      1  : 0.0095 0.4130 0.1190 0.4585
3        3   (5)      1  : 0.0170 0.5085 0.0155 0.4590
4        4   (0)      1  : 0.0065 0.5110 0.0050 0.4775
5        5   (0)      1  : 0.1449 0.4281 0.0655 0.3615
6        6   (0)      1  : 0.0160 0.4960 0.0090 0.4790
7        7   (0)      1  : 0.0085 0.3611 0.1939 0.4365
8        8   (5)      1  : 0.0040 0.4985 0.0055 0.4920
9        9   (0)      1  : 0.0035 0.4960 0.0045 0.4960
10       10   (0)      1  : 0.0130 0.3520 0.2025 0.4325
11       11   (0)      1  : 0.0070 0.4750 0.0305 0.4875
12       12   (0)      1  : 0.0160 0.4660 0.0280 0.4900
13       13   (0)      1  : 0.0025 0.4665 0.0075 0.5235
14       14   (0)      1  : 0.0030 0.5245 0.0180 0.4545
15       15   (0)      1  : 0.0090 0.4830 0.0750 0.4330
16       16   (0)      1  : 0.0045 0.5225 0.0060 0.4670
17       17   (0)      1  : 0.0040 0.4940 0.0065 0.4955
18       18   (0)      1  : 0.0345 0.4620 0.0285 0.4750
19       19   (0)      1  : 0.0075 0.4895 0.0030 0.5000
20       20   (0)      1  : 0.0325 0.4100 0.1105 0.4471
21       21   (0)      1  : 0.0025 0.4845 0.0045 0.5085
22       22   (0)      1  : 0.0055 0.5780 0.0040 0.4125
23       23   (0)      1  : 0.0090 0.5085 0.0045 0.4780
24       24   (0)      1  : 0.0075 0.5185 0.0045 0.4695
25       25   (0)      1  : 0.0045 0.4715 0.0285 0.4955
26       26   (0)      1  : 0.0035 0.4955 0.0045 0.4965
27       27   (5)      1  : 0.0839 0.4140 0.0955 0.4066
28       28   (0)      1  : 0.0120 0.5140 0.0600 0.4140
29       29   (0)      1  : 0.0070 0.5240 0.0065 0.4625
30       30   (0)      1  : 0.0780 0.4985 0.0120 0.4115
31       31   (0)      1  : 0.0230 0.4955 0.0050 0.4765
32       32   (0)      1  : 0.0100 0.4735 0.0445 0.4720
33       33   (0)      1  : 0.0160 0.4865 0.0055 0.4920
34       34   (0)      1  : 0.0100 0.5105 0.0040 0.4755
35       35   (0)      1  : 0.0860 0.4504 0.0140 0.4495
36       36   (0)      1  : 0.0050 0.4890 0.0230 0.4830
37       37   (0)      1  : 0.0055 0.4835 0.0130 0.4980
38       38   (0)      1  : 0.0035 0.4700 0.0100 0.5165
39       39   (0)      1  : 0.0055 0.4905 0.0145 0.4895
40       40   (0)      1  : 0.0180 0.4980 0.0045 0.4795
41       41   (0)      1  : 0.0100 0.4970 0.0160 0.4770
42       42   (0)      1  : 0.0035 0.5285 0.0040 0.4640
43       43   (0)      1  : 0.0095 0.5000 0.0235 0.4670
44       44   (0)      1  : 0.0045 0.4960 0.0085 0.4910
45       45   (5)      1  : 0.0055 0.4785 0.0420 0.4740
46       46   (0)      1  : 0.0190 0.5540 0.0050 0.4220
47       47   (0)      1  : 0.0190 0.5340 0.0440 0.4030
48       48   (0)      1  : 0.0110 0.5535 0.0080 0.4275
49       49   (0)      1  : 0.0045 0.4565 0.0240 0.5150
50       50   (0)      1  : 0.0100 0.5060 0.0105 0.4735
51       51   (0)      1  : 0.0050 0.4865 0.0055 0.5030
52       52   (0)      1  : 0.0175 0.4655 0.0210 0.4960
53       53   (0)      1  : 0.0330 0.5215 0.0215 0.4240
54       54   (0)      1  : 0.0090 0.5060 0.0960 0.3890
55       55   (0)      1  : 0.0080 0.4965 0.0120 0.4835
56       56   (0)      1  : 0.0085 0.5035 0.0090 0.4790
57       57  (10)      1  : 0.0050 0.4825 0.0135 0.4990
58       58   (5)      1  : 0.0050 0.4945 0.0215 0.4790
59       59   (0)      1  : 0.0065 0.5070 0.0110 0.4755
60       60   (0)      1  : 0.0035 0.4870 0.0205 0.4890
61       61   (0)      1  : 0.0065 0.4975 0.0090 0.4870
62       62   (0)      1  : 0.0085 0.4494 0.1216 0.4205
63       63   (0)      1  : 0.0075 0.4905 0.0155 0.4865
64       64   (0)      1  : 0.0105 0.4940 0.0115 0.4840
65       65   (0)      1  : 0.0235 0.2655 0.2145 0.4965
66       66   (0)      1  : 0.1060 0.4745 0.0445 0.3750
67       67   (5)      1  : 0.0055 0.4951 0.0145 0.4849
68       68   (0)      1  : 0.0095 0.5825 0.0345 0.3735
69       69   (0)      1  : 0.0095 0.4540 0.0610 0.4755
70       70   (0)      1  : 0.0035 0.4965 0.0195 0.4805
71       71   (5)      1  : 0.0440 0.4885 0.0305 0.4371
72       72   (0)      1  : 0.0055 0.4685 0.0125 0.5135
73       73   (5)      1  : 0.1075 0.4750 0.0100 0.4075
74       74  (10)      1  : 0.0070 0.4875 0.0185 0.4870
75       75  (10)      1  : 0.0280 0.4261 0.0055 0.5404
76       76   (0)      1  : 0.0030 0.7357 0.0030 0.2583
77       77  (10)      1  : 0.0035 0.5984 0.0040 0.3941
78       78   (0)      1  : 0.0120 0.6210 0.0065 0.3605
79       79   (5)      1  : 0.0160 0.5115 0.0185 0.4540
80       80   (0)      1  : 0.0040 0.5035 0.0050 0.4875
81       81   (0)      1  : 0.0025 0.4975 0.0040 0.4960
82       82   (0)      1  : 0.0030 0.4940 0.0050 0.4980
83       83   (0)      1  : 0.0075 0.5270 0.0065 0.4590
84       84   (0)      1  : 0.0075 0.4555 0.0280 0.5090
85       85   (0)      1  : 0.0100 0.4870 0.0140 0.4890
86       86   (5)      1  : 0.0055 0.4945 0.0055 0.4945
87       87   (0)      1  : 0.0060 0.4970 0.0210 0.4760
88       88   (0)      1  : 0.0200 0.5526 0.0100 0.4173
89       89   (0)      1  : 0.0040 0.4645 0.0230 0.5085
90       90   (0)      1  : 0.0055 0.5270 0.0645 0.4030
91       91   (0)      1  : 0.0090 0.5030 0.0070 0.4810
92       92   (0)      1  : 0.0130 0.4750 0.0740 0.4380
93       93   (0)      1  : 0.0030 0.5010 0.0035 0.4925
94       94   (5)      1  : 0.0140 0.5300 0.0060 0.4500
95       95   (0)      1  : 0.0045 0.5160 0.0045 0.4750
96       96   (5)      1  : 0.0050 0.4915 0.0085 0.4950
97       97   (0)      1  : 0.0025 0.5455 0.0530 0.3990
98       98   (0)      1  : 0.0400 0.4660 0.0130 0.4810
99       99   (5)      1  : 0.0055 0.4875 0.0075 0.4995
100      100   (5)      1  : 0.0040 0.5010 0.0060 0.4890
101      101   (0)      2  : 0.0045 0.5030 0.0055 0.4870
102      102   (0)      2  : 0.0070 0.5630 0.0040 0.4260
103      103   (0)      2  : 0.0030 0.4985 0.0055 0.4930
104      104   (0)      2  : 0.0135 0.5000 0.0260 0.4605
105      105   (0)      2  : 0.0070 0.5760 0.0050 0.4120
106      106   (0)      2  : 0.0385 0.4626 0.0505 0.4485
107      107   (0)      2  : 0.0030 0.5120 0.0035 0.4815
108      108   (0)      2  : 0.0375 0.5445 0.0305 0.3875
109      109   (0)      2  : 0.0030 0.5344 0.0045 0.4581
110      110   (0)      2  : 0.0240 0.5505 0.0420 0.3835
111      111   (0)      2  : 0.0135 0.4250 0.0105 0.5510
112      112   (0)      2  : 0.0040 0.5130 0.0080 0.4750
113      113   (0)      2  : 0.0020 0.4820 0.0035 0.5125
114      114   (0)      2  : 0.0060 0.4905 0.0185 0.4850
115      115   (0)      2  : 0.0045 0.4970 0.0060 0.4925
116      116   (0)      2  : 0.0135 0.4700 0.0275 0.4890
117      117   (0)      2  : 0.0080 0.5140 0.0135 0.4645
118      118   (0)      2  : 0.0045 0.4510 0.0535 0.4910
119      119   (0)      2  : 0.0080 0.5045 0.0040 0.4835
120      120   (0)      2  : 0.0250 0.5610 0.1210 0.2930
121      121   (0)      2  : 0.0040 0.5545 0.0125 0.4290
122      122   (0)      2  : 0.0070 0.5265 0.0140 0.4525
123      123   (0)      2  : 0.0030 0.4965 0.0040 0.4965
124      124   (0)      2  : 0.0095 0.4985 0.0040 0.4880
125      125   (0)      2  : 0.0140 0.3805 0.1975 0.4080
126      126   (0)      2  : 0.0135 0.4825 0.0045 0.4995
127      127   (0)      2  : 0.0060 0.4840 0.0450 0.4650
128      128   (0)      2  : 0.0235 0.3911 0.2164 0.3690
129      129   (0)      2  : 0.0090 0.4401 0.0809 0.4700
130      130   (0)      2  : 0.0095 0.5140 0.0065 0.4700
131      131   (0)      2  : 0.0095 0.4860 0.0500 0.4545
132      132   (0)      2  : 0.0030 0.4995 0.0035 0.4940
133      133   (0)      2  : 0.0045 0.4800 0.0140 0.5015
134      134   (0)      2  : 0.0410 0.4605 0.0700 0.4285
135      135   (0)      2  : 0.0110 0.5280 0.0075 0.4535
136      136   (0)      2  : 0.0080 0.4955 0.0120 0.4845
137      137   (0)      2  : 0.0265 0.4795 0.0310 0.4630
138      138   (0)      2  : 0.0075 0.4890 0.0195 0.4840
139      139   (0)      2  : 0.0030 0.5190 0.0210 0.4570
140      140   (0)      2  : 0.0035 0.4675 0.0365 0.4925
141      141   (0)      2  : 0.0060 0.4865 0.0125 0.4950
142      142   (0)      2  : 0.0040 0.4955 0.0120 0.4885
143      143   (0)      2  : 0.0070 0.4985 0.0105 0.4840
144      144   (0)      2  : 0.0510 0.4284 0.2051 0.3155
145      145   (0)      2  : 0.0080 0.4860 0.0325 0.4735
146      146   (0)      2  : 0.0125 0.5250 0.0060 0.4565
147      147   (0)      2  : 0.0055 0.5125 0.0150 0.4670
148      148   (0)      2  : 0.0110 0.5755 0.0265 0.3870
149      149   (0)      2  : 0.0080 0.5586 0.0035 0.4299
150      150   (0)      2  : 0.0045 0.5055 0.0050 0.4850
151      151   (0)      2  : 0.0085 0.5020 0.0165 0.4730
152      152   (0)      2  : 0.0040 0.4990 0.0065 0.4905
153      153   (0)      2  : 0.0030 0.4945 0.0120 0.4905
154      154   (0)      2  : 0.0055 0.4960 0.0055 0.4930
155      155   (0)      2  : 0.0190 0.5160 0.0075 0.4575
156      156   (0)      2  : 0.0120 0.4620 0.0055 0.5205
157      157   (0)      2  : 0.0090 0.5125 0.0085 0.4700
158      158   (0)      2  : 0.0275 0.4470 0.0400 0.4855
159      159   (0)      2  : 0.0090 0.4970 0.0055 0.4885
160      160   (0)      2  : 0.0065 0.4870 0.0060 0.5005
161      161   (0)      2  : 0.0115 0.5005 0.0115 0.4765
162      162   (0)      2  : 0.0035 0.5010 0.0115 0.4840
163      163   (0)      2  : 0.0130 0.5030 0.0055 0.4785
164      164   (0)      2  : 0.0330 0.4680 0.0390 0.4600
165      165   (0)      2  : 0.0105 0.4755 0.0405 0.4735
166      166   (0)      2  : 0.0025 0.4935 0.0045 0.4995
167      167   (0)      2  : 0.0050 0.5020 0.0040 0.4890
168      168   (0)      2  : 0.0050 0.4965 0.0040 0.4945
169      169   (0)      2  : 0.0065 0.5130 0.0040 0.4765
170      170   (0)      2  : 0.0040 0.4940 0.0050 0.4970
171      171   (0)      2  : 0.0075 0.4955 0.0080 0.4890
172      172   (0)      2  : 0.0040 0.4985 0.0040 0.4935
173      173   (0)      2  : 0.0075 0.4980 0.1075 0.3870
174      174   (0)      2  : 0.1335 0.4470 0.0205 0.3990
175      175   (0)      2  : 0.0365 0.4965 0.0200 0.4469
176      176   (0)      2  : 0.0075 0.4960 0.0275 0.4690
177      177   (0)      2  : 0.0055 0.4615 0.1230 0.4100
178      178   (0)      2  : 0.0030 0.4945 0.0050 0.4975
179      179   (0)      2  : 0.0035 0.4830 0.0340 0.4795
180      180   (0)      2  : 0.0065 0.4975 0.0050 0.4910
181      181   (0)      2  : 0.0245 0.4780 0.0110 0.4865
182      182   (0)      2  : 0.0035 0.5010 0.0055 0.4900
183      183   (0)      2  : 0.0265 0.5300 0.0095 0.4340
184      184   (0)      2  : 0.0270 0.5080 0.0070 0.4580
185      185   (0)      2  : 0.0095 0.5000 0.0045 0.4860
186      186   (0)      2  : 0.0495 0.4755 0.0045 0.4705
187      187   (0)      2  : 0.0075 0.4865 0.0135 0.4925
188      188   (0)      2  : 0.0040 0.5430 0.0050 0.4480
189      189   (0)      2  : 0.0035 0.4990 0.0040 0.4935
190      190   (0)      2  : 0.0030 0.4965 0.0090 0.4915
191      191   (0)      2  : 0.0250 0.4695 0.0145 0.4910
192      192   (0)      2  : 0.0235 0.4249 0.0735 0.4781
193      193   (0)      2  : 0.0080 0.4945 0.0610 0.4366
194      194   (0)      2  : 0.0375 0.4454 0.0645 0.4525
195      195   (0)      2  : 0.0030 0.4890 0.0130 0.4950
196      196   (0)      2  : 0.0080 0.4695 0.0774 0.4451
197      197   (0)      2  : 0.0085 0.5120 0.0680 0.4115
198      198   (0)      2  : 0.0070 0.5310 0.0160 0.4461
199      199   (0)      2  : 0.0050 0.3680 0.1695 0.4575
200      200   (0)      2  : 0.0030 0.4780 0.0040 0.5150
201      201   (0)      2  : 0.0055 0.5180 0.0090 0.4675
202      202   (0)      2  : 0.0140 0.6640 0.0085 0.3135
203      203   (0)      2  : 0.0240 0.4820 0.0080 0.4860
204      204   (0)      2  : 0.0415 0.4705 0.0420 0.4460
205      205   (0)      2  : 0.0055 0.4985 0.0155 0.4805
206      206   (0)      2  : 0.0155 0.4990 0.0195 0.4660
207      207   (0)      2  : 0.0105 0.4685 0.0255 0.4955
208      208   (0)      2  : 0.0095 0.6071 0.0175 0.3659
209      209   (0)      2  : 0.0045 0.5735 0.0045 0.4175
210      210   (0)      2  : 0.0030 0.4850 0.0050 0.5070
211      211   (0)      2  : 0.0375 0.5085 0.0120 0.4420
212      212   (0)      2  : 0.0050 0.4975 0.0035 0.4940
213      213   (0)      2  : 0.0050 0.5544 0.0070 0.4336
214      214   (0)      2  : 0.0210 0.4760 0.0585 0.4446
215      215   (0)      2  : 0.0225 0.4785 0.0505 0.4486
216      216   (0)      2  : 0.0035 0.4880 0.0145 0.4940
217      217   (0)      2  : 0.0030 0.4326 0.0080 0.5564
218      218   (0)      2  : 0.0075 0.4265 0.0500 0.5160
219      219   (0)      2  : 0.0115 0.5855 0.0130 0.3900
220      220   (0)      2  : 0.0080 0.5085 0.0050 0.4785
221      221   (0)      2  : 0.0025 0.5050 0.0040 0.4885
222      222   (0)      2  : 0.0235 0.4765 0.0125 0.4875
223      223   (0)      2  : 0.0095 0.4825 0.0130 0.4950
224      224   (0)      2  : 0.0205 0.5680 0.0410 0.3705
225      225   (0)      2  : 0.0040 0.4590 0.0150 0.5220
226      226   (0)      2  : 0.0065 0.4805 0.0270 0.4860
227      227   (0)      2  : 0.0090 0.4384 0.0145 0.5380
228      228   (0)      2  : 0.0040 0.4720 0.0055 0.5185
229      229   (0)      2  : 0.0045 0.5205 0.0075 0.4675
230      230   (0)      2  : 0.0045 0.5360 0.0165 0.4431
231      231   (0)      2  : 0.0210 0.6615 0.0035 0.3140
232      232   (0)      2  : 0.0050 0.4385 0.0085 0.5480
233      233   (0)      2  : 0.0035 0.5320 0.0060 0.4585
234      234   (0)      2  : 0.0250 0.4865 0.0065 0.4820
235      235   (0)      2  : 0.0045 0.4905 0.0145 0.4905
236      236   (0)      2  : 0.0035 0.4940 0.0080 0.4945
237      237   (0)      2  : 0.0105 0.5145 0.0120 0.4630
238      238   (0)      2  : 0.0030 0.4950 0.0175 0.4845
239      239   (0)      2  : 0.0085 0.4935 0.0090 0.4890
240      240   (0)      2  : 0.0070 0.4970 0.0050 0.4910
241      241   (0)      2  : 0.0050 0.4905 0.0085 0.4960
242      242   (0)      2  : 0.0050 0.5040 0.0050 0.4860
243      243   (0)      2  : 0.0030 0.4720 0.0300 0.4950
244      244   (0)      2  : 0.0075 0.5165 0.0070 0.4690
245      245   (0)      2  : 0.0415 0.4685 0.0305 0.4596
246      246   (0)      2  : 0.0035 0.4900 0.0050 0.5015
247      247   (0)      2  : 0.0065 0.5010 0.0085 0.4840
248      248   (0)      2  : 0.0195 0.4880 0.0255 0.4670
249      249   (0)      2  : 0.0245 0.5715 0.0155 0.3885
250      250   (0)      2  : 0.0025 0.5090 0.0050 0.4835
251      251   (0)      2  : 0.0080 0.5035 0.0045 0.4840
252      252   (0)      2  : 0.0025 0.4930 0.0025 0.5020
253      253   (0)      2  : 0.0135 0.5080 0.0145 0.4640
254      254   (0)      2  : 0.1576 0.4244 0.0990 0.3190
255      255   (0)      2  : 0.0065 0.4605 0.0355 0.4975
256      256   (0)      2  : 0.0030 0.4970 0.0040 0.4960
257      257   (0)      2  : 0.0360 0.3960 0.2179 0.3502
258      258   (0)      2  : 0.0255 0.4100 0.0355 0.5290
259      259   (0)      2  : 0.0030 0.4970 0.0045 0.4955
260      260   (0)      2  : 0.0055 0.5255 0.0145 0.4545
261      261   (0)      2  : 0.0055 0.4860 0.0220 0.4865
262      262   (0)      2  : 0.0100 0.5509 0.0080 0.4311
263      263   (0)      2  : 0.0070 0.4360 0.0645 0.4925
264      264   (0)      2  : 0.0060 0.5609 0.0290 0.4041
265      265   (0)      2  : 0.0070 0.5015 0.0050 0.4865
266      266   (0)      2  : 0.0050 0.4850 0.0185 0.4915
267      267   (0)      2  : 0.0315 0.6235 0.0190 0.3260
268      268   (0)      2  : 0.0065 0.5095 0.0225 0.4615
269      269   (0)      2  : 0.0100 0.4930 0.0045 0.4925
270      270   (0)      2  : 0.0245 0.4780 0.0265 0.4710
271      271   (0)      2  : 0.0070 0.5065 0.0060 0.4805
272      272   (0)      2  : 0.0310 0.4805 0.0245 0.4640
273      273   (0)      2  : 0.0979 0.4485 0.0899 0.3636
274      274   (0)      2  : 0.0065 0.5200 0.0065 0.4670
275      275   (0)      2  : 0.0085 0.5000 0.0045 0.4870
276      276   (0)      2  : 0.0025 0.4945 0.0030 0.5000
277      277   (0)      2  : 0.0040 0.5050 0.0060 0.4850
278      278   (0)      2  : 0.0060 0.4990 0.0145 0.4805
279      279   (0)      2  : 0.0035 0.4315 0.0085 0.5565
280      280   (0)      2  : 0.0020 0.4970 0.0045 0.4965
281      281   (0)      2  : 0.1400 0.5045 0.0090 0.3465
282      282   (0)      2  : 0.0075 0.4885 0.0095 0.4945
283      283   (0)      2  : 0.0050 0.4800 0.0790 0.4360
284      284   (0)      2  : 0.0055 0.4085 0.0105 0.5755
285      285   (0)      2  : 0.0090 0.4370 0.0690 0.4850
286      286   (0)      2  : 0.0040 0.4910 0.0270 0.4780
287      287   (0)      2  : 0.0125 0.4945 0.0080 0.4850
288      288   (0)      2  : 0.0025 0.4985 0.0030 0.4960
289      289   (0)      2  : 0.0465 0.3689 0.1721 0.4125
290      290   (0)      2  : 0.0190 0.5250 0.0045 0.4515
291      291   (0)      2  : 0.0035 0.5656 0.0090 0.4219
292      292   (0)      2  : 0.0080 0.4730 0.0100 0.5090
293      293   (0)      2  : 0.0430 0.4785 0.0140 0.4645
294      294   (0)      2  : 0.0030 0.5430 0.0265 0.4275
295      295   (0)      2  : 0.0190 0.5485 0.0220 0.4105
296      296   (0)      2  : 0.0260 0.4830 0.0305 0.4605
297      297   (0)      2  : 0.0025 0.4935 0.0130 0.4910
298      298   (0)      2  : 0.0215 0.5035 0.0100 0.4650
299      299   (0)      2  : 0.0045 0.5539 0.0055 0.4361
300      300   (0)      2  : 0.0075 0.5955 0.0035 0.3935
301      301   (5)      3  : 0.0050 0.1973 0.5607 0.2370
302      302   (0)      3  : 0.0365 0.0380 0.7620 0.1635
303      303   (0)      3  : 0.0400 0.1898 0.4752 0.2950
304      304   (5)      3  : 0.2059 0.0325 0.5352 0.2265
305      305   (5)      3  : 0.0135 0.0150 0.7290 0.2425
306      306   (0)      3  : 0.0225 0.0355 0.7125 0.2295
307      307   (0)      4  : 0.0055 0.2088 0.5170 0.2687
308      308   (0)      4  : 0.0045 0.1495 0.7790 0.0670
309      309   (0)      4  : 0.0120 0.0420 0.8395 0.1065
310      310   (0)      4  : 0.0065 0.2582 0.4098 0.3255
311      311   (0)      4  : 0.0070 0.1110 0.6780 0.2040
312      312   (0)      4  : 0.0110 0.0820 0.7427 0.1643
313      313   (0)      4  : 0.0300 0.0880 0.7850 0.0970
314      314   (0)      4  : 0.0155 0.0140 0.7919 0.1786
315      315   (0)      4  : 0.0110 0.1075 0.7686 0.1129
316      316   (0)      4  : 0.0040 0.0965 0.7695 0.1300
317      317   (0)      4  : 0.0125 0.2597 0.4110 0.3167
318      318   (0)      4  : 0.0055 0.2052 0.5028 0.2865
319      319   (0)      4  : 0.0035 0.2630 0.5038 0.2297
320      320   (0)      4  : 0.0725 0.2515 0.4137 0.2622
321      321   (0)      4  : 0.0060 0.2015 0.6263 0.1661
322      322   (0)      4  : 0.0030 0.0670 0.7375 0.1925
323      323   (0)      4  : 0.0075 0.2395 0.4570 0.2960
324      324   (0)      4  : 0.0675 0.0845 0.5845 0.2635
325      325   (0)      4  : 0.0140 0.1960 0.3344 0.4556
326      326   (0)      4  : 0.0475 0.0345 0.8820 0.0360
327      327   (0)      4  : 0.0030 0.0730 0.8080 0.1160
328      328   (0)      4  : 0.0035 0.0090 0.9710 0.0165
329      329   (0)      4  : 0.0930 0.1735 0.4145 0.3190
330      330   (0)      4  : 0.0075 0.1525 0.6735 0.1665
331      331   (0)      4  : 0.0385 0.3095 0.5055 0.1465
332      332   (0)      4  : 0.0090 0.2178 0.5242 0.2490
333      333   (0)      4  : 0.0055 0.3200 0.3635 0.3110
334      334   (0)      4  : 0.0100 0.1860 0.6575 0.1465
335      335   (0)      4  : 0.0065 0.0390 0.9115 0.0430
336      336   (0)      4  : 0.0085 0.1111 0.8124 0.0680
337      337   (0)      4  : 0.0165 0.0240 0.8845 0.0750
338      338   (0)      4  : 0.0265 0.0830 0.7915 0.0990
339      339   (0)      4  : 0.0105 0.0310 0.8714 0.0871
340      340   (0)      4  : 0.0060 0.2315 0.5243 0.2382
341      341   (0)      4  : 0.0050 0.1216 0.7420 0.1314
342      342   (0)      4  : 0.0060 0.2192 0.5563 0.2185
343      343   (0)      4  : 0.0055 0.0155 0.9675 0.0115
344      344   (0)      4  : 0.0050 0.0110 0.9375 0.0465
345      345   (0)      4  : 0.0060 0.0385 0.9365 0.0190
346      346   (0)      4  : 0.0180 0.1085 0.7055 0.1680
347      347   (0)      4  : 0.0040 0.2705 0.5260 0.1995
348      348   (0)      4  : 0.0355 0.0190 0.6835 0.2620
349      349   (0)      4  : 0.0150 0.2525 0.5342 0.1983
350      350   (0)      4  : 0.0375 0.1613 0.6507 0.1505
351      351   (0)      4  : 0.0030 0.2385 0.5060 0.2525
352      352   (0)      4  : 0.0540 0.1510 0.6772 0.1179
353      353   (0)      4  : 0.0115 0.0455 0.8831 0.0600
354      354   (0)      4  : 0.0080 0.1376 0.7477 0.1066
355      355   (0)      4  : 0.0115 0.0590 0.6340 0.2955
356      356   (0)      4  : 0.0065 0.1310 0.6985 0.1640
357      357   (0)      4  : 0.0350 0.0795 0.6637 0.2218
358      358   (0)      4  : 0.1595 0.0580 0.7420 0.0405
359      359   (0)      4  : 0.0040 0.2177 0.5293 0.2490
360      360   (0)      4  : 0.0520 0.1865 0.6935 0.0680
361      361   (0)      4  : 0.0065 0.1862 0.7207 0.0866
362      362   (0)      4  : 0.0100 0.1598 0.6292 0.2010
363      363   (0)      4  : 0.0190 0.1892 0.7013 0.0905
364      364   (0)      4  : 0.0135 0.0435 0.8475 0.0955
365      365   (0)      4  : 0.0615 0.0880 0.7830 0.0675
366      366   (0)      4  : 0.0040 0.0605 0.7910 0.1445
367      367   (0)      4  : 0.0040 0.0460 0.9280 0.0220
368      368   (0)      4  : 0.0140 0.1430 0.5945 0.2485
369      369   (0)      4  : 0.0075 0.2055 0.6020 0.1850
370      370   (0)      4  : 0.0040 0.2015 0.5503 0.2442
371      371   (0)      4  : 0.0075 0.1908 0.6399 0.1618
372      372   (0)      4  : 0.1010 0.0980 0.7015 0.0995
373      373   (0)      4  : 0.0090 0.2013 0.5237 0.2660
374      374   (0)      4  : 0.0055 0.0300 0.9405 0.0240
375      375   (0)      4  : 0.0070 0.0755 0.7255 0.1920
376      376   (0)      4  : 0.0220 0.0770 0.6730 0.2280
377      377   (0)      4  : 0.0145 0.0100 0.9370 0.0385
378      378   (0)      4  : 0.0125 0.3473 0.4652 0.1750
379      379   (0)      4  : 0.0460 0.0844 0.7731 0.0965
380      380   (0)      4  : 0.0065 0.0245 0.8375 0.1315
381      381   (0)      4  : 0.0065 0.0785 0.8475 0.0675
382      382   (0)      4  : 0.0135 0.2435 0.4635 0.2795
383      383   (0)      4  : 0.0245 0.0570 0.4635 0.4550
384      384   (0)      4  : 0.0280 0.2365 0.4983 0.2373
385      385   (0)      4  : 0.0105 0.0934 0.6606 0.2355
386      386   (0)      4  : 0.0035 0.1555 0.7531 0.0879
387      387   (0)      4  : 0.0060 0.2665 0.4275 0.3000
388      388   (0)      4  : 0.0060 0.0880 0.8455 0.0605
389      389   (0)      4  : 0.0030 0.0659 0.8306 0.1005
390      390   (0)      4  : 0.0050 0.1020 0.7745 0.1185
391      391   (0)      4  : 0.0040 0.2465 0.5515 0.1980
392      392   (0)      4  : 0.0030 0.1440 0.4915 0.3615
393      393   (0)      4  : 0.0080 0.1340 0.7310 0.1270
394      394   (0)      4  : 0.0070 0.2268 0.4322 0.3340
395      395   (0)      4  : 0.0055 0.2843 0.5814 0.1289
396      396   (0)      4  : 0.0045 0.3335 0.0775 0.5845
397      397   (0)      4  : 0.0040 0.1970 0.5515 0.2475
398      398   (0)      4  : 0.0065 0.2255 0.4145 0.3535
399      399   (0)      4  : 0.0040 0.2075 0.5755 0.2130
400      400   (0)      4  : 0.0155 0.0720 0.6850 0.2275
401      401   (0)      4  : 0.0110 0.1185 0.8266 0.0440
402      402   (0)      4  : 0.0060 0.2680 0.6165 0.1095
403      403   (0)      4  : 0.0055 0.2435 0.5550 0.1960
404      404   (0)      4  : 0.0385 0.3175 0.2840 0.3600
405      405   (0)      4  : 0.0070 0.1905 0.6920 0.1105
406      406   (0)      4  : 0.0385 0.0824 0.8531 0.0260
407      407   (0)      5  : 0.5483 0.1770 0.0265 0.2483
408      408   (0)      5  : 0.0475 0.1842 0.5243 0.2440
409      409   (0)      5  : 0.0115 0.0920 0.8410 0.0555
410      410   (0)      5  : 0.0450 0.1863 0.7093 0.0594
411      411   (0)      5  : 0.0190 0.2222 0.5713 0.1875
412      412   (0)      5  : 0.0055 0.0440 0.9001 0.0505
413      413   (0)      5  : 0.0185 0.2037 0.4738 0.3040
414      414   (0)      5  : 0.0330 0.1785 0.7155 0.0730
415      415   (0)      5  : 0.0045 0.0585 0.8140 0.1230
416      416   (0)      5  : 0.0130 0.2740 0.4080 0.3050
417      417   (0)      5  : 0.0215 0.2595 0.7020 0.0170
418      418   (0)      5  : 0.3141 0.3458 0.1385 0.2015
419      419   (0)      5  : 0.2040 0.2475 0.4940 0.0545
420      420   (0)      5  : 0.0610 0.3555 0.2680 0.3155
421      421   (0)      5  : 0.0440 0.2500 0.5100 0.1960
422      422   (0)      5  : 0.0560 0.1782 0.7303 0.0355
423      423   (0)      5  : 0.0035 0.1867 0.5236 0.2862
424      424   (0)      5  : 0.0180 0.2460 0.5235 0.2125
425      425   (0)      5  : 0.0165 0.1610 0.5437 0.2788
426      426   (0)      5  : 0.0245 0.1340 0.6118 0.2297
427      427   (0)      5  : 0.0075 0.0110 0.9570 0.0245
428      428   (0)      5  : 0.0055 0.1370 0.6515 0.2060
429      429   (0)      5  : 0.0065 0.2372 0.4359 0.3203
430      430   (0)      5  : 0.0080 0.1998 0.6082 0.1840
431      431   (0)      5  : 0.0065 0.0445 0.8960 0.0530
432      432   (0)      5  : 0.0040 0.2348 0.4702 0.2910
433      433   (0)      5  : 0.0100 0.2533 0.5678 0.1690
434      434   (0)      5  : 0.0040 0.2903 0.6288 0.0769
435      435   (0)      5  : 0.0115 0.4335 0.2905 0.2645
436      436   (0)      5  : 0.0040 0.3813 0.4802 0.1345
437      437   (0)      5  : 0.0125 0.1915 0.6579 0.1381
438      438   (0)      5  : 0.0095 0.3894 0.5896 0.0115
439      439   (0)      5  : 0.0085 0.3448 0.2037 0.4430
440      440   (0)      5  : 0.0085 0.3146 0.5934 0.0836
441      441   (0)      5  : 0.0235 0.1446 0.7813 0.0505
442      442   (0)      5  : 0.0055 0.1660 0.7950 0.0335
443      443   (0)      5  : 0.0045 0.2558 0.5317 0.2080
444      444   (0)      5  : 0.0165 0.2480 0.6966 0.0390
445      445   (0)      5  : 0.0040 0.1350 0.7180 0.1430
446      446   (0)      5  : 0.0075 0.2960 0.4290 0.2675
447      447   (0)      5  : 0.0125 0.3140 0.2585 0.4150
448      448   (0)      5  : 0.0075 0.3192 0.4038 0.2695
449      449   (0)      5  : 0.0060 0.3135 0.4810 0.1995
450      450   (0)      5  : 0.0305 0.3645 0.1679 0.4371
451      451   (0)      5  : 0.0300 0.2070 0.5420 0.2210
452      452   (0)      5  : 0.0140 0.3240 0.3935 0.2685
453      453   (0)      5  : 0.0075 0.0425 0.9280 0.0220
454      454   (0)      5  : 0.0175 0.3485 0.5240 0.1100
455      455   (0)      5  : 0.0090 0.1920 0.7345 0.0645
456      456   (0)      5  : 0.0320 0.2298 0.4222 0.3160
457      457   (0)      5  : 0.1741 0.2352 0.4267 0.1640
458      458   (0)      5  : 0.0285 0.1260 0.6807 0.1648
459      459   (0)      5  : 0.0115 0.2282 0.6408 0.1195
460      460   (0)      5  : 0.0110 0.2190 0.7410 0.0290
461      461   (0)      5  : 0.0455 0.1788 0.5012 0.2745
462      462   (0)      5  : 0.0060 0.0240 0.8661 0.1039
463      463   (0)      5  : 0.0160 0.2538 0.4833 0.2470
464      464   (0)      5  : 0.0040 0.2585 0.5320 0.2055
465      465   (0)      5  : 0.0040 0.1673 0.7063 0.1224
466      466   (0)      5  : 0.0065 0.2585 0.4755 0.2595
467      467   (0)      5  : 0.0050 0.2140 0.5345 0.2465
468      468   (0)      5  : 0.0085 0.3360 0.3630 0.2925
469      469   (0)      5  : 0.0190 0.4585 0.3710 0.1515
470      470   (0)      5  : 0.0075 0.2530 0.5148 0.2247
471      471   (0)      5  : 0.0235 0.0135 0.8831 0.0799
472      472   (0)      5  : 0.0335 0.1812 0.6148 0.1705
473      473   (0)      5  : 0.0075 0.2240 0.4355 0.3330
474      474   (0)      5  : 0.0080 0.2650 0.5390 0.1880
475      475   (0)      5  : 0.0065 0.2350 0.4990 0.2595
476      476   (0)      5  : 0.0100 0.2455 0.4310 0.3135
477      477   (0)      5  : 0.0110 0.2968 0.4275 0.2647
478      478   (0)      5  : 0.0045 0.2407 0.5530 0.2018
479      479   (0)      5  : 0.0065 0.2655 0.5348 0.1932
480      480   (0)      5  : 0.0515 0.2505 0.6620 0.0360
481      481   (0)      5  : 0.0065 0.2498 0.4968 0.2470
482      482   (0)      5  : 0.0045 0.4187 0.4223 0.1545
483      483   (0)      5  : 0.0080 0.3425 0.4520 0.1975
484      484   (0)      5  : 0.0050 0.1925 0.6447 0.1578
485      485   (0)      5  : 0.0909 0.2168 0.5225 0.1698
486      486   (0)      5  : 0.0190 0.2418 0.5135 0.2258
487      487   (0)      5  : 0.0055 0.2400 0.4977 0.2568
488      488   (0)      5  : 0.0495 0.1330 0.7075 0.1100
489      489   (0)      5  : 0.0095 0.4191 0.3182 0.2533
490      490   (0)      5  : 0.0035 0.2365 0.6700 0.0900
491      491   (0)      5  : 0.0040 0.1858 0.5782 0.2320
492      492   (0)      5  : 0.1645 0.0400 0.6810 0.1145
493      493   (0)      5  : 0.0060 0.3731 0.5949 0.0260
494      494   (0)      5  : 0.0210 0.3335 0.3550 0.2905
495      495   (0)      5  : 0.0060 0.2460 0.5562 0.1918
496      496   (0)      5  : 0.0115 0.3787 0.3783 0.2315
497      497   (0)      5  : 0.0050 0.0800 0.9040 0.0110
498      498   (0)      5  : 0.0170 0.2407 0.6743 0.0680
499      499   (0)      5  : 0.0070 0.2563 0.6246 0.1121
500      500   (0)      5  : 0.0045 0.1425 0.8095 0.0435
501      501   (0)      5  : 0.0070 0.1415 0.7900 0.0615
502      502   (0)      5  : 0.1044 0.2290 0.5197 0.1469
503      503   (0)      5  : 0.0495 0.3193 0.1516 0.4795
504      504   (0)      5  : 0.0565 0.2815 0.4405 0.2215
505      505   (0)      5  : 0.0310 0.4075 0.2665 0.2950
506      506   (0)      5  : 0.0030 0.1643 0.7472 0.0855
507      507   (0)      6  : 0.0055 0.1710 0.0135 0.8100
508      508   (0)      6  : 0.0100 0.2237 0.0080 0.7583
509      509   (0)      6  : 0.0040 0.1908 0.0115 0.7937
510      510   (0)      6  : 0.0085 0.2110 0.0135 0.7670
511      511   (0)      6  : 0.0030 0.2335 0.0040 0.7595
512      512   (0)      6  : 0.0080 0.2760 0.0055 0.7105
513      513   (0)      6  : 0.0210 0.1494 0.0095 0.8202
514      514   (0)      6  : 0.0280 0.3000 0.0435 0.6285
515      515   (0)      6  : 0.0035 0.1161 0.0080 0.8724
516      516   (0)      6  : 0.0115 0.1379 0.1194 0.7312
517      517   (0)      6  : 0.0045 0.2285 0.0035 0.7635
518      518   (0)      6  : 0.0035 0.1700 0.0045 0.8220
519      519   (0)      6  : 0.0030 0.2243 0.0050 0.7677
520      520   (0)      6  : 0.0175 0.1645 0.0185 0.7995
521      521   (0)      6  : 0.0045 0.2035 0.0035 0.7885
522      522   (0)      6  : 0.0235 0.2120 0.0450 0.7195
523      523   (0)      6  : 0.0035 0.2505 0.0035 0.7425
524      524   (0)      6  : 0.0030 0.2285 0.0040 0.7645
525      525   (0)      6  : 0.0035 0.2415 0.0085 0.7465
526      526   (0)      6  : 0.0030 0.2395 0.0045 0.7530
527      527   (0)      6  : 0.0060 0.2060 0.0160 0.7720
528      528   (0)      6  : 0.0075 0.1050 0.0135 0.8740
529      529   (0)      6  : 0.0090 0.1630 0.0155 0.8125
530      530   (0)      6  : 0.0030 0.2545 0.0040 0.7385
531      531   (0)      6  : 0.0065 0.2600 0.0040 0.7295
532      532   (0)      6  : 0.0040 0.2505 0.0060 0.7395
533      533   (0)      6  : 0.0100 0.1527 0.0691 0.7683
534      534   (0)      6  : 0.0080 0.2210 0.0110 0.7600
535      535   (0)      6  : 0.0085 0.2317 0.0045 0.7553
536      536   (0)      6  : 0.0085 0.2085 0.0065 0.7765
537      537   (0)      6  : 0.0040 0.2555 0.0050 0.7355
538      538   (0)      6  : 0.0035 0.1051 0.0050 0.8864
539      539   (0)      6  : 0.0030 0.0585 0.0200 0.9185
540      540   (0)      6  : 0.0055 0.2895 0.0060 0.6990
541      541   (0)      6  : 0.0915 0.0220 0.2480 0.6385
542      542   (0)      6  : 0.0085 0.3070 0.0080 0.6765
543      543   (0)      6  : 0.0070 0.0940 0.0315 0.8675
544      544   (0)      6  : 0.0030 0.2335 0.0035 0.7600
545      545   (0)      6  : 0.0045 0.1575 0.0115 0.8265
546      546   (0)      6  : 0.0035 0.1910 0.0040 0.8015
547      547   (0)      6  : 0.0090 0.2255 0.0070 0.7585
548      548   (0)      6  : 0.0075 0.2780 0.0130 0.7015
549      549   (0)      6  : 0.0100 0.1823 0.0395 0.7682
550      550   (0)      6  : 0.0210 0.2535 0.0115 0.7140
551      551   (0)      6  : 0.0045 0.1835 0.0055 0.8065
552      552   (0)      6  : 0.0090 0.2303 0.0075 0.7532
553      553   (0)      6  : 0.0110 0.1805 0.0055 0.8030
554      554   (0)      6  : 0.0050 0.1815 0.0075 0.8060
555      555   (0)      6  : 0.0035 0.1720 0.0075 0.8170
556      556   (0)      6  : 0.0070 0.2025 0.0050 0.7855
557      557   (0)      6  : 0.0055 0.2670 0.0440 0.6835
558      558   (0)      6  : 0.0025 0.1698 0.0110 0.8167
559      559   (0)      6  : 0.0030 0.1840 0.0075 0.8055
560      560   (0)      6  : 0.0095 0.1823 0.0190 0.7892
561      561   (0)      6  : 0.0135 0.2110 0.0380 0.7375
562      562   (0)      6  : 0.0100 0.2833 0.1025 0.6042
563      563   (0)      6  : 0.0055 0.2725 0.0090 0.7130
564      564   (0)      6  : 0.0245 0.0570 0.0110 0.9075
565      565   (0)      6  : 0.0055 0.1815 0.0095 0.8035
566      566   (0)      6  : 0.0225 0.1540 0.0285 0.7950
567      567   (0)      6  : 0.0285 0.0225 0.2681 0.6809
568      568   (0)      6  : 0.0060 0.2430 0.0050 0.7460
569      569   (0)      6  : 0.0405 0.2328 0.0155 0.7112
570      570   (0)      6  : 0.0030 0.1465 0.0070 0.8435
571      571   (0)      6  : 0.0025 0.1840 0.0030 0.8105
572      572   (0)      6  : 0.0125 0.2098 0.0220 0.7557
573      573   (0)      6  : 0.0080 0.1705 0.0095 0.8120
574      574   (0)      6  : 0.0175 0.0640 0.0220 0.8965
575      575   (0)      6  : 0.0090 0.0240 0.1730 0.7940
576      576   (0)      6  : 0.0045 0.1645 0.0065 0.8245
577      577   (0)      6  : 0.0115 0.1755 0.0060 0.8070
578      578   (0)      6  : 0.0025 0.1215 0.0325 0.8435
579      579   (0)      6  : 0.0035 0.1970 0.0060 0.7935
580      580   (0)      6  : 0.0035 0.1314 0.0055 0.8596
581      581   (0)      6  : 0.0120 0.2678 0.0120 0.7082
582      582   (0)      6  : 0.0025 0.1835 0.0030 0.8110
583      583   (0)      6  : 0.0055 0.2267 0.0175 0.7503
584      584   (0)      6  : 0.0035 0.3280 0.0065 0.6620
585      585   (0)      6  : 0.0030 0.2355 0.0115 0.7500
586      586   (0)      6  : 0.0105 0.2055 0.0050 0.7790
587      587   (0)      6  : 0.0175 0.2495 0.0260 0.7070
588      588   (0)      6  : 0.0075 0.1615 0.0385 0.7925
589      589   (0)      6  : 0.0080 0.2562 0.0065 0.7293
590      590   (0)      6  : 0.0090 0.1520 0.0370 0.8020
591      591   (0)      6  : 0.0040 0.2565 0.0045 0.7350
592      592   (0)      6  : 0.0025 0.1835 0.0050 0.8090
593      593   (0)      6  : 0.0240 0.1335 0.0450 0.7975
594      594   (0)      6  : 0.0045 0.0690 0.0280 0.8985
595      595   (0)      6  : 0.0065 0.1920 0.0175 0.7840
596      596   (0)      6  : 0.0100 0.1802 0.0115 0.7983
597      597   (0)      6  : 0.0030 0.1887 0.0040 0.8043
598      598   (0)      6  : 0.0035 0.1630 0.0075 0.8260
599      599   (0)      6  : 0.0020 0.1285 0.0200 0.8495
600      600   (0)      6  : 0.0035 0.1562 0.0035 0.8368
601      601   (0)      6  : 0.0040 0.1987 0.0100 0.7873
602      602   (0)      6  : 0.0350 0.0570 0.0090 0.8990
603      603   (0)      6  : 0.0035 0.2280 0.0030 0.7655
604      604   (0)      6  : 0.0055 0.2605 0.0085 0.7255
605      605   (0)      6  : 0.0235 0.0894 0.0575 0.8296
606      606   (0)      6  : 0.0065 0.1670 0.0060 0.8205
607      607   (0)      7  : 0.0060 0.7452 0.0100 0.2387
608      608   (0)      7  : 0.0040 0.7970 0.0045 0.1945
609      609   (0)      7  : 0.2031 0.6244 0.0170 0.1555
610      610   (0)      7  : 0.0310 0.5204 0.4322 0.0165
611      611   (0)      7  : 0.0065 0.8910 0.0080 0.0945
612      612   (0)      7  : 0.0520 0.7655 0.0180 0.1645
613      613   (0)      7  : 0.0105 0.8115 0.0100 0.1680
614      614   (0)      7  : 0.0070 0.8855 0.0400 0.0675
615      615   (0)      7  : 0.0160 0.8165 0.0085 0.1590
616      616   (0)      7  : 0.1090 0.8055 0.0050 0.0805
617      617   (0)      7  : 0.0140 0.7508 0.0095 0.2257
618      618   (0)      7  : 0.0135 0.8909 0.0060 0.0896
619      619   (0)      7  : 0.0030 0.7395 0.0045 0.2530
620      620   (0)      7  : 0.0080 0.8541 0.0080 0.1299
621      621   (0)      7  : 0.0050 0.8025 0.0870 0.1055
622      622   (0)      7  : 0.0075 0.7105 0.0080 0.2740
623      623   (0)      7  : 0.1430 0.8005 0.0130 0.0435
624      624   (0)      7  : 0.0035 0.7585 0.0040 0.2340
625      625   (0)      7  : 0.1416 0.7017 0.0075 0.1491
626      626   (0)      7  : 0.0050 0.7795 0.0045 0.2110
627      627   (0)      7  : 0.0050 0.7310 0.0095 0.2545
628      628   (0)      7  : 0.0150 0.7935 0.0060 0.1855
629      629   (0)      7  : 0.0425 0.9055 0.0045 0.0475
630      630   (0)      7  : 0.0210 0.6998 0.0235 0.2557
631      631   (0)      7  : 0.0050 0.7855 0.0035 0.2060
632      632   (0)      7  : 0.0035 0.8215 0.0050 0.1700
633      633   (0)      7  : 0.0035 0.7617 0.0045 0.2303
634      634   (0)      7  : 0.0070 0.8153 0.0060 0.1717
635      635   (0)      7  : 0.0040 0.7985 0.0105 0.1870
636      636   (0)      7  : 0.0065 0.8705 0.0160 0.1070
637      637   (0)      7  : 0.0035 0.8313 0.0080 0.1572
638      638   (0)      7  : 0.0140 0.8215 0.0330 0.1315
639      639   (0)      7  : 0.0050 0.7735 0.0080 0.2135
640      640   (0)      7  : 0.0045 0.8165 0.0050 0.1740
641      641   (0)      7  : 0.0060 0.7932 0.0080 0.1928
642      642   (0)      7  : 0.0105 0.7950 0.0070 0.1875
643      643   (0)      7  : 0.0050 0.8816 0.0070 0.1064
644      644   (0)      7  : 0.0035 0.7045 0.0085 0.2835
645      645   (0)      7  : 0.0095 0.8810 0.0150 0.0945
646      646   (0)      7  : 0.0045 0.7995 0.0065 0.1895
647      647   (0)      7  : 0.0035 0.7797 0.0055 0.2113
648      648   (0)      7  : 0.0090 0.7692 0.0060 0.2158
649      649   (0)      7  : 0.0095 0.7610 0.0070 0.2225
650      650   (0)      7  : 0.0060 0.7083 0.0045 0.2812
651      651   (0)      7  : 0.0095 0.8285 0.0090 0.1530
652      652   (0)      7  : 0.0045 0.8660 0.0125 0.1170
653      653   (0)      7  : 0.0260 0.8482 0.0420 0.0839
654      654   (0)      7  : 0.0060 0.8403 0.0055 0.1481
655      655   (0)      7  : 0.0090 0.8035 0.1230 0.0645
656      656   (0)      7  : 0.0130 0.9325 0.0040 0.0505
657      657   (0)      7  : 0.0030 0.7600 0.0045 0.2325
658      658   (0)      7  : 0.0050 0.7625 0.0415 0.1910
659      659   (0)      7  : 0.0035 0.7910 0.0035 0.2020
660      660   (0)      7  : 0.1040 0.6830 0.0405 0.1725
661      661   (0)      7  : 0.0030 0.8160 0.0035 0.1775
662      662   (0)      7  : 0.0035 0.9350 0.0045 0.0570
663      663   (0)      7  : 0.0070 0.7875 0.0070 0.1985
664      664   (0)      7  : 0.0110 0.8065 0.0035 0.1790
665      665   (0)      7  : 0.0035 0.8646 0.0515 0.0804
666      666   (0)      7  : 0.0210 0.7287 0.0250 0.2252
667      667   (0)      7  : 0.0440 0.7995 0.0175 0.1390
668      668   (0)      7  : 0.0060 0.7850 0.0070 0.2020
669      669   (0)      7  : 0.0425 0.7430 0.0315 0.1830
670      670   (0)      7  : 0.0065 0.8534 0.0060 0.1341
671      671   (0)      7  : 0.0110 0.8015 0.0070 0.1805
672      672   (0)      7  : 0.0140 0.7295 0.0085 0.2480
673      673   (0)      7  : 0.0050 0.8641 0.0075 0.1234
674      674   (0)      7  : 0.0885 0.6760 0.0410 0.1945
675      675   (0)      7  : 0.0220 0.6940 0.2660 0.0180
676      676   (0)      7  : 0.0030 0.8195 0.0095 0.1680
677      677   (0)      7  : 0.0080 0.8130 0.0055 0.1735
678      678   (0)      7  : 0.0135 0.8413 0.0330 0.1121
679      679   (0)      7  : 0.0065 0.7335 0.0055 0.2545
680      680   (0)      7  : 0.0085 0.7910 0.0410 0.1595
681      681   (0)      7  : 0.0405 0.8162 0.0335 0.1099
682      682   (0)      7  : 0.0065 0.8223 0.0055 0.1657
683      683   (0)      7  : 0.0105 0.8809 0.0130 0.0956
684      684   (0)      7  : 0.0050 0.6240 0.0405 0.3305
685      685   (0)      7  : 0.0030 0.7645 0.0065 0.2260
686      686   (0)      7  : 0.0050 0.8097 0.0040 0.1813
687      687   (0)      7  : 0.0040 0.8550 0.0090 0.1320
688      688   (0)      7  : 0.0060 0.7795 0.0200 0.1945
689      689   (0)      7  : 0.0040 0.7987 0.0040 0.1933
690      690   (0)      7  : 0.0450 0.8060 0.0165 0.1325
691      691   (0)      7  : 0.0070 0.8380 0.0175 0.1375
692      692   (0)      7  : 0.0035 0.7740 0.0055 0.2170
693      693   (0)      7  : 0.0025 0.8534 0.0025 0.1416
694      694   (0)      7  : 0.0115 0.7860 0.0285 0.1740
695      695   (0)      7  : 0.0055 0.7897 0.0055 0.1993
696      696   (0)      7  : 0.0295 0.8030 0.0075 0.1600
697      697   (0)      7  : 0.0090 0.9255 0.0100 0.0555
698      698   (0)      7  : 0.0345 0.6905 0.0245 0.2505
699      699   (0)      7  : 0.0200 0.8275 0.0330 0.1195
700      700   (0)      7  : 0.0070 0.7960 0.1430 0.0540
701      701   (0)      7  : 0.0080 0.7280 0.0060 0.2580
702      702   (0)      7  : 0.0430 0.7555 0.1520 0.0495
703      703   (0)      7  : 0.0030 0.8550 0.0055 0.1365
704      704   (0)      7  : 0.0055 0.8035 0.0450 0.1460
705      705   (0)      7  : 0.0030 0.8220 0.0055 0.1695
706      706   (0)      7  : 0.0055 0.8240 0.0365 0.1340
707      707   (0)      8  : 0.5385 0.2457 0.0085 0.2072
708      708   (0)      8  : 0.7377 0.1588 0.0055 0.0980
709      709   (0)      8  : 0.3720 0.3195 0.0040 0.3045
710      710   (0)      8  : 0.5813 0.2207 0.0150 0.1830
711      711   (0)      8  : 0.5940 0.2065 0.0125 0.1870
712      712   (0)      8  : 0.4600 0.3080 0.0080 0.2240
713      713   (0)      8  : 0.4930 0.2705 0.0060 0.2305
714      714   (0)      8  : 0.5198 0.2585 0.0085 0.2132
715      715   (0)      8  : 0.3860 0.3285 0.0060 0.2795
716      716   (0)      8  : 0.4041 0.2827 0.0095 0.3037
717      717   (0)      8  : 0.4597 0.3230 0.0050 0.2123
718      718   (0)      8  : 0.3762 0.3303 0.0145 0.2790
719      719   (0)      8  : 0.6381 0.2505 0.0220 0.0894
720      720   (0)      8  : 0.4913 0.2777 0.0170 0.2140
721      721   (0)      8  : 0.5425 0.2235 0.0075 0.2265
722      722   (0)      8  : 0.6180 0.2170 0.0190 0.1460
723      723   (0)      8  : 0.6675 0.1580 0.0060 0.1685
724      724   (0)      8  : 0.3748 0.3100 0.0860 0.2293
725      725   (0)      8  : 0.4935 0.2410 0.0095 0.2560
726      726   (0)      8  : 0.7310 0.1325 0.0505 0.0860
727      727   (0)      8  : 0.5478 0.1822 0.0040 0.2660
728      728   (0)      8  : 0.6481 0.2200 0.0115 0.1204
729      729   (0)      8  : 0.4343 0.3050 0.0145 0.2462
730      730   (0)      8  : 0.3950 0.5485 0.0060 0.0505
731      731   (0)      8  : 0.4923 0.2395 0.0095 0.2587
732      732   (0)      8  : 0.5485 0.2302 0.0065 0.2147
733      733   (0)      8  : 0.5068 0.3877 0.0315 0.0740
734      734   (0)      8  : 0.6610 0.2845 0.0125 0.0420
735      735   (0)      8  : 0.5085 0.2665 0.0335 0.1915
736      736   (0)      8  : 0.5015 0.2555 0.0070 0.2360
737      737   (0)      8  : 0.6440 0.1900 0.0085 0.1575
738      738   (0)      8  : 0.3340 0.3080 0.0305 0.3275
739      739   (0)      8  : 0.5241 0.2693 0.0360 0.1707
740      740   (0)      8  : 0.4958 0.2870 0.0240 0.1932
741      741   (0)      8  : 0.4138 0.2927 0.0595 0.2340
742      742   (0)      8  : 0.7045 0.1710 0.0120 0.1125
743      743   (0)      8  : 0.5702 0.2010 0.0085 0.2203
744      744   (0)      8  : 0.6350 0.0990 0.0395 0.2265
745      745   (0)      8  : 0.5417 0.2282 0.1886 0.0415
746      746   (0)      8  : 0.2749 0.3347 0.1489 0.2415
747      747   (0)      8  : 0.5387 0.1364 0.0095 0.3155
748      748   (0)      8  : 0.6265 0.1980 0.0095 0.1660
749      749   (0)      8  : 0.5395 0.1815 0.0400 0.2390
750      750   (0)      8  : 0.4490 0.1550 0.1190 0.2770
751      751   (0)      8  : 0.5975 0.2915 0.0140 0.0970
752      752   (0)      8  : 0.4998 0.2612 0.0085 0.2305
753      753   (0)      8  : 0.7115 0.0460 0.1615 0.0809
754      754   (0)      8  : 0.7270 0.1020 0.1515 0.0195
755      755   (0)      8  : 0.5690 0.1735 0.1265 0.1310
756      756   (0)      8  : 0.6275 0.2105 0.0045 0.1575
757      757   (0)      8  : 0.6865 0.1515 0.1365 0.0255
758      758   (0)      8  : 0.7062 0.1913 0.0715 0.0310
759      759   (0)      8  : 0.5062 0.2167 0.0155 0.2615
760      760   (0)      8  : 0.4202 0.2337 0.0160 0.3300
761      761   (0)      8  : 0.9026 0.0849 0.0030 0.0095
762      762   (0)      8  : 0.6210 0.2130 0.0230 0.1430
763      763   (0)      8  : 0.1679 0.4620 0.0500 0.3202
764      764   (0)      8  : 0.5155 0.2455 0.0045 0.2345
765      765   (0)      8  : 0.7725 0.0955 0.0890 0.0430
766      766   (0)      8  : 0.6335 0.1727 0.0110 0.1828
767      767   (0)      8  : 0.3780 0.3073 0.0305 0.2842
768      768   (0)      8  : 0.5195 0.2600 0.0055 0.2150
769      769   (0)      8  : 0.2661 0.4299 0.0320 0.2720
770      770   (0)      8  : 0.7394 0.1325 0.0235 0.1046
771      771   (0)      8  : 0.3628 0.3327 0.0110 0.2935
772      772   (0)      8  : 0.7699 0.1186 0.0065 0.1050
773      773   (0)      8  : 0.6580 0.2370 0.0060 0.0990
774      774   (0)      8  : 0.3857 0.3163 0.0120 0.2860
775      775   (0)      8  : 0.7219 0.0495 0.0736 0.1550
776      776   (0)      8  : 0.5182 0.2277 0.0575 0.1965
777      777   (0)      8  : 0.5175 0.2738 0.0115 0.1972
778      778   (0)      8  : 0.5345 0.2375 0.0070 0.2210
779      779   (0)      8  : 0.5337 0.2632 0.0110 0.1920
780      780   (0)      8  : 0.3758 0.3235 0.0090 0.2917
781      781   (0)      8  : 0.6395 0.1735 0.0135 0.1735
782      782   (0)      8  : 0.5077 0.2255 0.0155 0.2513
783      783   (0)      8  : 0.7146 0.1715 0.0160 0.0979
784      784   (0)      8  : 0.5055 0.2505 0.0170 0.2270
785      785   (0)      8  : 0.5410 0.2095 0.0095 0.2400
786      786   (0)      8  : 0.6425 0.1230 0.0345 0.2000
787      787   (0)      8  : 0.6665 0.1630 0.0085 0.1620
788      788   (0)      8  : 0.4417 0.2813 0.0170 0.2600
789      789   (0)      8  : 0.5355 0.2352 0.0040 0.2252
790      790   (0)      8  : 0.6687 0.1420 0.0190 0.1703
791      791   (0)      8  : 0.5695 0.2465 0.0045 0.1795
792      792   (0)      8  : 0.5335 0.2345 0.0105 0.2215
793      793   (0)      8  : 0.4394 0.0851 0.4474 0.0280
794      794   (0)      8  : 0.6057 0.2323 0.0370 0.1250
795      795   (0)      8  : 0.4442 0.2342 0.0465 0.2750
796      796   (0)      8  : 0.5300 0.2718 0.0616 0.1366
797      797   (0)      8  : 0.4680 0.2415 0.0110 0.2795
798      798   (0)      8  : 0.6018 0.1922 0.0350 0.1710
799      799   (0)      8  : 0.4565 0.2347 0.0275 0.2812
800      800   (0)      8  : 0.8321 0.0770 0.0075 0.0834
801      801   (0)      8  : 0.5302 0.1518 0.0674 0.2505
802      802   (0)      8  : 0.4243 0.2315 0.0085 0.3357
803      803   (0)      8  : 0.3523 0.2955 0.0370 0.3152
804      804   (0)      8  : 0.7735 0.1415 0.0150 0.0700
805      805   (0)      8  : 0.5225 0.2710 0.0045 0.2020
806      806   (0)      8  : 0.4425 0.2765 0.0305 0.2505
807      807   (0)      9  : 0.0105 0.0235 0.9590 0.0070
808      808   (0)      9  : 0.1904 0.0075 0.7971 0.0050
809      809   (0)     10  : 0.0095 0.0120 0.8665 0.1120
810      810   (0)     10  : 0.0070 0.0075 0.9795 0.0060
811      811   (0)     10  : 0.0095 0.2439 0.7226 0.0240
812      812   (0)     10  : 0.0080 0.0065 0.9795 0.0060
813      813   (0)     10  : 0.0060 0.0195 0.8125 0.1620
814      814   (0)     10  : 0.0335 0.0135 0.9235 0.0295
815      815   (0)     10  : 0.0075 0.0335 0.7870 0.1720
816      816   (0)     10  : 0.0135 0.0110 0.9390 0.0365
817      817   (0)     10  : 0.0300 0.0770 0.6790 0.2140
818      818   (0)     10  : 0.0030 0.0180 0.9640 0.0150
819      819   (0)     10  : 0.0120 0.0115 0.9550 0.0215
820      820   (0)     10  : 0.0050 0.0075 0.9535 0.0340
821      821   (0)     10  : 0.0065 0.0075 0.9785 0.0075
822      822   (0)     10  : 0.0030 0.0110 0.9410 0.0450
823      823   (0)     10  : 0.0050 0.0045 0.9820 0.0085
824      824   (0)     10  : 0.0145 0.0280 0.9495 0.0080
825      825   (0)     10  : 0.0080 0.0145 0.9735 0.0040
826      826   (0)     10  : 0.0050 0.0330 0.9555 0.0065
827      827   (0)     10  : 0.0030 0.0535 0.9325 0.0110
828      828   (0)     10  : 0.0030 0.0115 0.9770 0.0085
829      829   (0)     10  : 0.0040 0.0380 0.6960 0.2620
830      830   (0)     10  : 0.0065 0.0100 0.9085 0.0750
831      831   (0)     10  : 0.0060 0.0055 0.9825 0.0060
832      832   (0)     10  : 0.0070 0.0070 0.9760 0.0100
833      833   (0)     10  : 0.0030 0.0050 0.9680 0.0240
834      834   (0)     10  : 0.0040 0.0245 0.9410 0.0305
835      835   (0)     10  : 0.0200 0.0035 0.9294 0.0470
836      836   (0)     10  : 0.0320 0.0080 0.9475 0.0125
837      837   (0)     10  : 0.0085 0.1520 0.8289 0.0105
838      838   (0)     10  : 0.0080 0.1993 0.5132 0.2795
839      839   (0)     10  : 0.0070 0.0055 0.9605 0.0270
840      840   (0)     10  : 0.0095 0.0090 0.9670 0.0145
841      841   (0)     10  : 0.0050 0.0055 0.8910 0.0985
842      842   (0)     10  : 0.0050 0.0260 0.9330 0.0360
843      843   (0)     10  : 0.0090 0.0105 0.9570 0.0235
844      844   (0)     10  : 0.0040 0.0025 0.9900 0.0035
845      845   (0)     10  : 0.0040 0.1685 0.6850 0.1425
846      846   (0)     10  : 0.0505 0.0395 0.8865 0.0235
847      847   (0)     10  : 0.0080 0.0075 0.9745 0.0100
848      848   (0)     10  : 0.0030 0.0055 0.9845 0.0070
849      849   (0)     10  : 0.0050 0.0100 0.9810 0.0040
850      850   (0)     10  : 0.0040 0.0300 0.9410 0.0250
851      851   (0)     10  : 0.0030 0.0170 0.9295 0.0505
852      852   (0)     10  : 0.0070 0.0135 0.9600 0.0195
853      853   (0)     10  : 0.0050 0.0125 0.9715 0.0110
854      854   (0)     10  : 0.0030 0.0050 0.9855 0.0065
855      855   (0)     10  : 0.0100 0.0065 0.9740 0.0095
856      856   (0)     10  : 0.0040 0.0165 0.9695 0.0100
857      857   (0)     10  : 0.0050 0.0325 0.9436 0.0190
858      858   (0)     10  : 0.0070 0.0035 0.9780 0.0115
859      859   (0)     10  : 0.0085 0.0130 0.7834 0.1951
860      860   (0)     10  : 0.0050 0.0115 0.9345 0.0490
861      861   (0)     10  : 0.0085 0.0425 0.9324 0.0165
862      862   (0)     10  : 0.0070 0.0065 0.9790 0.0075
863      863   (0)     10  : 0.0085 0.0555 0.7876 0.1484
864      864   (0)     10  : 0.1335 0.0035 0.8570 0.0060
865      865   (0)     10  : 0.0050 0.0045 0.9850 0.0055
866      866   (0)     10  : 0.0030 0.0105 0.9555 0.0310
867      867   (0)     10  : 0.0100 0.1660 0.7425 0.0815
868      868   (0)     10  : 0.0100 0.0160 0.9640 0.0100
869      869   (0)     10  : 0.0065 0.1145 0.8630 0.0160
870      870   (0)     10  : 0.0940 0.0325 0.8639 0.0095
871      871   (0)     10  : 0.0125 0.0110 0.9700 0.0065
872      872   (0)     10  : 0.0070 0.0355 0.9430 0.0145
873      873   (0)     10  : 0.0035 0.0175 0.9575 0.0215
874      874   (0)     10  : 0.0050 0.0295 0.9245 0.0410
875      875   (0)     10  : 0.0055 0.0140 0.9575 0.0230
876      876   (0)     10  : 0.0125 0.0180 0.9070 0.0625
877      877   (0)     10  : 0.0075 0.1045 0.8585 0.0295
878      878   (0)     10  : 0.0185 0.0170 0.8689 0.0955
879      879   (0)     10  : 0.0205 0.0330 0.8407 0.1059
880      880   (0)     10  : 0.0030 0.0035 0.9775 0.0160
881      881   (0)     10  : 0.0030 0.0085 0.9825 0.0060
882      882   (0)     10  : 0.0615 0.0110 0.9175 0.0100
883      883   (0)     10  : 0.0065 0.0120 0.9190 0.0625
884      884   (0)     10  : 0.0215 0.0150 0.9295 0.0340
885      885   (0)     10  : 0.0130 0.0100 0.9600 0.0170
886      886   (0)     10  : 0.0065 0.0710 0.7956 0.1269
887      887   (0)     10  : 0.2345 0.0085 0.6715 0.0855
888      888   (0)     10  : 0.0055 0.0060 0.9745 0.0140
889      889   (0)     10  : 0.0080 0.0095 0.9476 0.0350
890      890   (0)     10  : 0.0090 0.0285 0.9525 0.0100
891      891   (0)     10  : 0.0210 0.0065 0.9085 0.0640
892      892   (0)     10  : 0.0110 0.0025 0.9820 0.0045
893      893   (0)     10  : 0.0655 0.0065 0.9195 0.0085
894      894   (0)     10  : 0.0040 0.0040 0.9795 0.0125
895      895   (0)     10  : 0.0060 0.0520 0.6535 0.2885
896      896   (0)     10  : 0.0300 0.0395 0.8880 0.0425
897      897   (0)     10  : 0.0255 0.0075 0.9635 0.0035
898      898   (0)     10  : 0.0345 0.0385 0.9051 0.0220
899      899   (0)     10  : 0.0070 0.0285 0.8635 0.1010
900      900   (0)     10  : 0.0040 0.0160 0.9730 0.0070
901      901   (0)     10  : 0.0050 0.0075 0.9765 0.0110
902      902   (0)     10  : 0.0030 0.0045 0.9575 0.0350
903      903   (0)     10  : 0.0050 0.0085 0.9745 0.0120
904      904   (0)     10  : 0.0110 0.0205 0.9555 0.0130
905      905   (0)     10  : 0.0095 0.0500 0.9115 0.0290
906      906   (0)     10  : 0.0925 0.0315 0.7485 0.1275
907      907   (0)     10  : 0.0050 0.0155 0.9705 0.0090
908      908   (0)     10  : 0.0095 0.0290 0.9135 0.0480
909      909   (0)     11  : 0.0180 0.1155 0.7451 0.1214
910      910   (0)     11  : 0.0130 0.0080 0.9730 0.0060
911      911   (0)     11  : 0.0050 0.0080 0.9785 0.0085
912      912   (0)     11  : 0.0310 0.0245 0.9390 0.0055
913      913   (0)     11  : 0.0250 0.3845 0.5820 0.0085
914      914   (0)     11  : 0.0050 0.0210 0.9495 0.0245
915      915   (0)     11  : 0.0335 0.0085 0.9515 0.0065
916      916   (0)     11  : 0.0604 0.1778 0.7318 0.0300
917      917   (0)     11  : 0.0185 0.1280 0.8475 0.0060
918      918   (0)     11  : 0.0320 0.0110 0.9385 0.0185
919      919   (0)     11  : 0.0095 0.2714 0.7146 0.0045
920      920   (0)     11  : 0.0100 0.0600 0.9220 0.0080
921      921   (0)     11  : 0.1966 0.0200 0.7639 0.0195
922      922   (0)     11  : 0.0365 0.1271 0.7949 0.0415
923      923   (0)     11  : 0.0115 0.1765 0.7669 0.0450
924      924   (0)     11  : 0.0140 0.0285 0.9150 0.0425
925      925   (0)     11  : 0.0115 0.0180 0.9555 0.0150
926      926   (0)     11  : 0.0045 0.0656 0.9019 0.0280
927      927   (0)     11  : 0.0055 0.0874 0.8981 0.0090
928      928   (0)     11  : 0.0145 0.1865 0.7406 0.0584
929      929   (0)     11  : 0.0050 0.0470 0.9440 0.0040
930      930   (0)     11  : 0.0085 0.0155 0.9625 0.0135
931      931   (0)     11  : 0.0070 0.0320 0.9540 0.0070
932      932   (0)     11  : 0.0085 0.1718 0.8032 0.0165
933      933   (0)     11  : 0.0050 0.1160 0.8150 0.0640
934      934   (0)     11  : 0.0115 0.3806 0.5228 0.0851
935      935   (0)     11  : 0.0075 0.0190 0.9450 0.0285
936      936   (0)     11  : 0.0140 0.0055 0.9745 0.0060
937      937   (0)     11  : 0.0090 0.0600 0.9135 0.0175
938      938   (0)     11  : 0.0410 0.0330 0.9205 0.0055
939      939   (0)     11  : 0.0350 0.1920 0.6095 0.1635
940      940   (0)     11  : 0.0220 0.0250 0.8639 0.0891
941      941   (0)     11  : 0.0170 0.1186 0.8539 0.0105
942      942   (0)     11  : 0.0085 0.0535 0.9275 0.0105
943      943   (0)     11  : 0.0070 0.0115 0.9740 0.0075
944      944   (0)     11  : 0.0075 0.1171 0.8679 0.0075
945      945   (0)     11  : 0.0225 0.0270 0.9395 0.0110
946      946   (0)     11  : 0.0050 0.0075 0.9800 0.0075
947      947   (0)     11  : 0.3185 0.2788 0.1939 0.2088
948      948   (0)     11  : 0.0165 0.1780 0.3825 0.4230
949      949   (0)     11  : 0.0410 0.0340 0.8775 0.0475
950      950   (0)     11  : 0.0065 0.1130 0.8675 0.0130
951      951   (0)     11  : 0.0325 0.0095 0.9545 0.0035
952      952   (0)     11  : 0.0415 0.0190 0.9285 0.0110
953      953   (0)     11  : 0.0030 0.0025 0.9895 0.0050
954      954   (0)     11  : 0.0395 0.2070 0.6831 0.0704
955      955   (0)     11  : 0.0125 0.0805 0.8595 0.0475
956      956   (0)     11  : 0.2265 0.0060 0.7635 0.0040
957      957   (0)     11  : 0.1280 0.0275 0.7845 0.0600
958      958   (0)     11  : 0.0050 0.1265 0.7660 0.1025
959      959   (0)     11  : 0.0380 0.0270 0.9225 0.0125
960      960   (0)     11  : 0.0210 0.0080 0.9670 0.0040
961      961   (0)     11  : 0.0415 0.0355 0.9180 0.0050
962      962   (0)     11  : 0.0030 0.0090 0.9830 0.0050
963      963   (0)     11  : 0.0105 0.0609 0.9166 0.0120
964      964   (0)     11  : 0.0100 0.0545 0.8795 0.0560
965      965   (0)     11  : 0.0200 0.0115 0.9545 0.0140
966      966   (0)     11  : 0.0060 0.0095 0.9790 0.0055
967      967   (0)     11  : 0.0075 0.2195 0.5048 0.2682
968      968   (0)     11  : 0.0105 0.1615 0.7945 0.0335
969      969   (0)     11  : 0.0100 0.0425 0.9346 0.0130
970      970   (0)     11  : 0.0155 0.0625 0.9105 0.0115
971      971   (0)     11  : 0.0075 0.0290 0.9510 0.0125
972      972   (0)     11  : 0.0240 0.0105 0.7600 0.2055
973      973   (0)     11  : 0.0115 0.0060 0.9700 0.0125
974      974   (0)     11  : 0.0529 0.0764 0.8501 0.0205
975      975   (0)     11  : 0.0165 0.1405 0.7660 0.0770
976      976   (0)     11  : 0.0055 0.0706 0.9119 0.0120
977      977   (0)     11  : 0.0060 0.0345 0.9550 0.0045
978      978   (0)     11  : 0.0170 0.1245 0.8370 0.0215
979      979   (0)     11  : 0.0065 0.0105 0.9780 0.0050
980      980   (0)     11  : 0.0065 0.0920 0.8550 0.0465
981      981   (0)     11  : 0.0664 0.3417 0.3322 0.2597
982      982   (0)     11  : 0.0120 0.1295 0.6615 0.1970
983      983   (0)     11  : 0.0070 0.1625 0.8240 0.0065
984      984   (0)     11  : 0.0215 0.0045 0.9655 0.0085
985      985   (0)     11  : 0.0105 0.0415 0.9285 0.0195
986      986   (0)     11  : 0.0070 0.2425 0.5718 0.1787
987      987   (0)     11  : 0.0090 0.0095 0.9665 0.0150
988      988   (0)     11  : 0.0085 0.1200 0.8515 0.0200
989      989   (0)     11  : 0.0250 0.0190 0.9500 0.0060
990      990   (0)     11  : 0.0140 0.0115 0.9620 0.0125
991      991   (0)     11  : 0.0055 0.0515 0.9355 0.0075
992      992   (0)     11  : 0.0190 0.0805 0.8900 0.0105
993      993   (0)     11  : 0.0095 0.0899 0.8906 0.0100
994      994   (0)     11  : 0.0045 0.1330 0.8310 0.0315
995      995   (0)     11  : 0.0055 0.2574 0.6590 0.0780
996      996   (0)     11  : 0.0070 0.0120 0.9370 0.0440
997      997   (0)     11  : 0.0115 0.0080 0.9765 0.0040
998      998   (0)     11  : 0.0330 0.2088 0.7293 0.0290
999      999   (0)     11  : 0.0095 0.0879 0.8756 0.0270
1000     1000   (0)     11  : 0.0120 0.0855 0.8820 0.0205
1001     1001   (0)     11  : 0.0030 0.0240 0.9645 0.0085
1002     1002   (0)     11  : 0.0225 0.4390 0.5055 0.0330
1003     1003   (0)     11  : 0.0080 0.0510 0.8871 0.0540
1004     1004   (0)     11  : 0.0080 0.1174 0.8032 0.0714
1005     1005   (0)     11  : 0.0125 0.0175 0.9600 0.0100
1006     1006   (0)     11  : 0.0120 0.0065 0.9770 0.0045
1007     1007   (0)     11  : 0.0110 0.0145 0.9605 0.0140
1008     1008   (0)     11  : 0.0045 0.2218 0.6907 0.0830
1009     1009   (0)     12  : 0.0070 0.0786 0.0300 0.8844
1010     1010   (0)     12  : 0.0040 0.0055 0.0045 0.9860
1011     1011   (0)     12  : 0.0050 0.0715 0.0250 0.8985
1012     1012   (0)     12  : 0.0075 0.0090 0.0045 0.9790
1013     1013   (0)     12  : 0.0120 0.0095 0.0105 0.9680
1014     1014   (0)     12  : 0.0185 0.0405 0.0140 0.9270
1015     1015   (0)     12  : 0.0060 0.0430 0.0120 0.9390
1016     1016   (0)     12  : 0.0055 0.0270 0.0115 0.9560
1017     1017   (0)     12  : 0.0245 0.0480 0.0390 0.8884
1018     1018   (0)     12  : 0.0120 0.0165 0.0280 0.9436
1019     1019   (0)     12  : 0.0030 0.0045 0.0035 0.9890
1020     1020   (0)     12  : 0.0180 0.0220 0.0115 0.9485
1021     1021   (0)     12  : 0.0135 0.1109 0.0160 0.8596
1022     1022   (0)     12  : 0.0060 0.1370 0.0150 0.8420
1023     1023   (0)     12  : 0.0050 0.1255 0.0040 0.8655
1024     1024   (0)     12  : 0.0385 0.0480 0.0115 0.9020
1025     1025   (0)     12  : 0.0075 0.0130 0.0135 0.9660
1026     1026   (0)     12  : 0.0055 0.0705 0.0060 0.9180
1027     1027   (0)     12  : 0.0030 0.1181 0.0055 0.8734
1028     1028   (0)     12  : 0.0040 0.0255 0.0050 0.9655
1029     1029   (0)     12  : 0.0145 0.0065 0.0090 0.9700
1030     1030   (0)     12  : 0.0155 0.0225 0.0040 0.9580
1031     1031   (0)     12  : 0.0090 0.0040 0.0250 0.9620
1032     1032   (0)     12  : 0.0060 0.0150 0.0100 0.9690
1033     1033   (0)     12  : 0.0045 0.1675 0.0060 0.8220
1034     1034   (0)     12  : 0.0030 0.0155 0.0025 0.9790
1035     1035   (0)     12  : 0.0060 0.0050 0.0080 0.9810
1036     1036   (0)     12  : 0.0155 0.0125 0.0475 0.9245
1037     1037   (0)     12  : 0.0075 0.0480 0.0095 0.9350
1038     1038   (0)     12  : 0.0050 0.1558 0.0235 0.8157
1039     1039   (0)     12  : 0.0025 0.0260 0.0040 0.9675
1040     1040   (0)     12  : 0.0100 0.0320 0.0265 0.9314
1041     1041   (0)     12  : 0.0060 0.0885 0.0275 0.8780
1042     1042   (0)     12  : 0.0045 0.0756 0.0165 0.9034
1043     1043   (0)     12  : 0.0120 0.0355 0.0220 0.9306
1044     1044   (0)     12  : 0.0140 0.0150 0.0440 0.9270
1045     1045   (0)     12  : 0.0030 0.0060 0.0030 0.9880
1046     1046   (0)     12  : 0.0030 0.0100 0.0055 0.9815
1047     1047   (0)     12  : 0.0020 0.0385 0.0050 0.9545
1048     1048   (0)     12  : 0.0040 0.0040 0.0065 0.9855
1049     1049   (0)     12  : 0.0085 0.0065 0.0055 0.9795
1050     1050   (0)     12  : 0.0035 0.0045 0.0040 0.9880
1051     1051   (0)     12  : 0.0704 0.0070 0.0180 0.9046
1052     1052   (0)     12  : 0.0020 0.0510 0.0095 0.9375
1053     1053   (0)     12  : 0.0060 0.0040 0.0110 0.9790
1054     1054   (0)     12  : 0.0050 0.1225 0.0090 0.8635
1055     1055   (0)     12  : 0.0030 0.0165 0.0025 0.9780
1056     1056   (0)     12  : 0.0030 0.1441 0.0050 0.8479
1057     1057   (0)     12  : 0.0155 0.0816 0.0375 0.8654
1058     1058   (0)     12  : 0.0040 0.0120 0.0200 0.9640
1059     1059   (0)     12  : 0.0120 0.0190 0.0125 0.9565
1060     1060   (0)     12  : 0.0165 0.0135 0.0840 0.8860
1061     1061   (0)     12  : 0.0035 0.0295 0.0100 0.9570
1062     1062   (0)     12  : 0.0045 0.0125 0.0065 0.9765
1063     1063   (0)     12  : 0.0035 0.0225 0.0045 0.9695
1064     1064   (0)     12  : 0.0035 0.0030 0.0035 0.9900
1065     1065   (0)     12  : 0.0025 0.0235 0.0070 0.9670
1066     1066   (0)     12  : 0.0060 0.1125 0.0065 0.8750
1067     1067   (0)     12  : 0.0065 0.1550 0.0085 0.8300
1068     1068   (0)     12  : 0.0315 0.0790 0.0115 0.8780
1069     1069   (0)     12  : 0.0080 0.0235 0.0135 0.9550
1070     1070   (0)     12  : 0.0070 0.0901 0.0145 0.8884
1071     1071   (0)     12  : 0.0065 0.0060 0.0060 0.9815
1072     1072   (0)     12  : 0.0050 0.0040 0.0060 0.9850
1073     1073   (0)     12  : 0.0050 0.1070 0.0130 0.8750
1074     1074   (0)     12  : 0.0035 0.0250 0.0065 0.9650
1075     1075   (0)     12  : 0.0155 0.0055 0.0200 0.9590
1076     1076   (0)     12  : 0.0210 0.0305 0.0220 0.9265
1077     1077   (0)     12  : 0.0070 0.1386 0.0165 0.8378
1078     1078   (0)     12  : 0.0045 0.0160 0.0095 0.9700
1079     1079   (0)     12  : 0.0050 0.0030 0.0030 0.9890
1080     1080   (0)     12  : 0.0035 0.1000 0.0095 0.8870
1081     1081   (0)     12  : 0.0175 0.0635 0.0255 0.8935
1082     1082   (0)     12  : 0.0065 0.1304 0.0075 0.8556
1083     1083   (0)     12  : 0.0610 0.0660 0.1015 0.7715
1084     1084   (0)     12  : 0.0070 0.0275 0.0090 0.9565
1085     1085   (0)     12  : 0.0085 0.0055 0.0080 0.9780
1086     1086   (0)     12  : 0.0080 0.1265 0.0030 0.8625
1087     1087   (0)     12  : 0.0045 0.0065 0.0035 0.9855
1088     1088   (0)     12  : 0.0060 0.0864 0.0070 0.9006
1089     1089   (0)     12  : 0.0040 0.0820 0.0100 0.9040
1090     1090   (0)     12  : 0.0075 0.1131 0.0075 0.8719
1091     1091   (0)     12  : 0.0030 0.1697 0.0060 0.8213
1092     1092   (0)     12  : 0.0030 0.0540 0.0050 0.9380
1093     1093   (0)     12  : 0.0025 0.0170 0.0025 0.9780
1094     1094   (0)     12  : 0.0420 0.0685 0.0165 0.8730
1095     1095   (0)     12  : 0.0080 0.0961 0.0200 0.8759
1096     1096   (0)     12  : 0.0210 0.0551 0.0115 0.9124
1097     1097   (0)     12  : 0.0040 0.1410 0.0085 0.8465
1098     1098   (0)     12  : 0.0055 0.0270 0.0115 0.9560
1099     1099   (0)     12  : 0.0045 0.0135 0.0035 0.9785
1100     1100   (0)     12  : 0.0030 0.0605 0.0035 0.9330
1101     1101   (0)     12  : 0.0250 0.0656 0.0170 0.8924
1102     1102   (0)     12  : 0.0070 0.0035 0.0050 0.9845
1103     1103   (0)     12  : 0.0541 0.0175 0.0050 0.9234
1104     1104   (0)     12  : 0.0090 0.0110 0.0330 0.9470
1105     1105   (0)     12  : 0.0060 0.1035 0.0045 0.8860
1106     1106   (0)     12  : 0.0035 0.0045 0.0105 0.9815
1107     1107   (0)     12  : 0.0200 0.0045 0.0075 0.9680
1108     1108   (0)     12  : 0.0040 0.0994 0.0085 0.8881
1109     1109   (0)     13  : 0.0030 0.9905 0.0030 0.0035
1110     1110   (0)     13  : 0.0160 0.9475 0.0225 0.0140
1111     1111   (0)     13  : 0.0110 0.9221 0.0180 0.0490
1112     1112   (0)     13  : 0.0025 0.9680 0.0030 0.0265
1113     1113   (0)     13  : 0.0145 0.9530 0.0105 0.0220
1114     1114   (0)     13  : 0.0035 0.9860 0.0045 0.0060
1115     1115   (0)     13  : 0.2180 0.7535 0.0175 0.0110
1116     1116   (0)     13  : 0.0060 0.9800 0.0040 0.0100
1117     1117   (0)     13  : 0.0085 0.9291 0.0215 0.0410
1118     1118   (0)     13  : 0.0045 0.9735 0.0035 0.0185
1119     1119   (0)     13  : 0.0055 0.9580 0.0255 0.0110
1120     1120   (0)     13  : 0.0065 0.7630 0.0095 0.2210
1121     1121   (0)     13  : 0.0045 0.9600 0.0140 0.0215
1122     1122   (0)     13  : 0.0040 0.9580 0.0245 0.0135
1123     1123   (0)     13  : 0.0080 0.9845 0.0045 0.0030
1124     1124   (0)     13  : 0.0180 0.9425 0.0085 0.0310
1125     1125   (0)     13  : 0.0115 0.9215 0.0230 0.0440
1126     1126   (0)     13  : 0.0130 0.9750 0.0070 0.0050
1127     1127   (0)     13  : 0.0160 0.8810 0.0105 0.0925
1128     1128   (0)     13  : 0.0030 0.9860 0.0045 0.0065
1129     1129   (0)     13  : 0.0070 0.9205 0.0040 0.0685
1130     1130   (0)     13  : 0.0070 0.8520 0.0065 0.1345
1131     1131   (0)     13  : 0.0055 0.9865 0.0035 0.0045
1132     1132   (0)     13  : 0.0060 0.9175 0.0050 0.0715
1133     1133   (0)     13  : 0.0065 0.8835 0.0085 0.1015
1134     1134   (0)     13  : 0.0515 0.9310 0.0105 0.0070
1135     1135   (0)     13  : 0.0105 0.9785 0.0055 0.0055
1136     1136   (0)     13  : 0.0300 0.9350 0.0155 0.0195
1137     1137   (0)     13  : 0.0020 0.9830 0.0030 0.0120
1138     1138   (0)     13  : 0.0045 0.8985 0.0180 0.0790
1139     1139   (0)     13  : 0.0085 0.9365 0.0055 0.0495
1140     1140   (0)     13  : 0.0060 0.9255 0.0130 0.0555
1141     1141   (0)     13  : 0.0085 0.9725 0.0150 0.0040
1142     1142   (0)     13  : 0.0040 0.9785 0.0040 0.0135
1143     1143   (0)     13  : 0.0110 0.9470 0.0045 0.0375
1144     1144   (0)     13  : 0.0115 0.9530 0.0040 0.0315
1145     1145   (0)     13  : 0.0045 0.9720 0.0105 0.0130
1146     1146   (0)     13  : 0.0040 0.9895 0.0030 0.0035
1147     1147   (0)     13  : 0.0145 0.9439 0.0070 0.0345
1148     1148   (0)     13  : 0.0105 0.9590 0.0105 0.0200
1149     1149   (0)     13  : 0.0065 0.8915 0.0025 0.0995
1150     1150   (0)     13  : 0.0425 0.8850 0.0540 0.0185
1151     1151   (0)     13  : 0.0170 0.8370 0.0160 0.1300
1152     1152   (0)     13  : 0.0035 0.8751 0.0055 0.1159
1153     1153   (0)     13  : 0.0045 0.9116 0.0115 0.0724
1154     1154   (0)     13  : 0.0325 0.9445 0.0105 0.0125
1155     1155   (0)     13  : 0.0150 0.9264 0.0120 0.0465
1156     1156   (0)     13  : 0.0105 0.9790 0.0055 0.0050
1157     1157   (0)     13  : 0.0195 0.9605 0.0065 0.0135
1158     1158   (0)     13  : 0.0050 0.9885 0.0040 0.0025
1159     1159   (0)     13  : 0.0045 0.9820 0.0045 0.0090
1160     1160   (0)     13  : 0.0045 0.9224 0.0090 0.0641
1161     1161   (0)     13  : 0.1091 0.8469 0.0315 0.0125
1162     1162   (0)     13  : 0.0110 0.8905 0.0060 0.0925
1163     1163   (0)     13  : 0.0470 0.8365 0.0675 0.0490
1164     1164   (0)     13  : 0.0135 0.9141 0.0170 0.0554
1165     1165   (0)     13  : 0.0100 0.9790 0.0045 0.0065
1166     1166   (0)     13  : 0.0666 0.9089 0.0150 0.0095
1167     1167   (0)     13  : 0.0025 0.9160 0.0105 0.0710
1168     1168   (0)     13  : 0.0075 0.8595 0.0190 0.1140
1169     1169   (0)     13  : 0.0030 0.8535 0.0030 0.1405
1170     1170   (0)     13  : 0.0140 0.9050 0.0115 0.0695
1171     1171   (0)     13  : 0.0030 0.9905 0.0020 0.0045
1172     1172   (0)     13  : 0.0030 0.9255 0.0085 0.0630
1173     1173   (0)     13  : 0.0035 0.9865 0.0040 0.0060
1174     1174   (0)     13  : 0.0035 0.9920 0.0020 0.0025
1175     1175   (0)     13  : 0.0280 0.8800 0.0070 0.0850
1176     1176   (0)     13  : 0.1521 0.7903 0.0140 0.0435
1177     1177   (0)     13  : 0.0030 0.8630 0.0045 0.1295
1178     1178   (0)     13  : 0.0075 0.9420 0.0060 0.0445
1179     1179   (0)     13  : 0.0055 0.9375 0.0105 0.0465
1180     1180   (0)     13  : 0.1440 0.8060 0.0250 0.0250
1181     1181   (0)     13  : 0.0055 0.9685 0.0045 0.0215
1182     1182   (0)     13  : 0.0075 0.9815 0.0045 0.0065
1183     1183   (0)     13  : 0.0025 0.9055 0.0050 0.0870
1184     1184   (0)     13  : 0.0065 0.9770 0.0120 0.0045
1185     1185   (0)     13  : 0.0170 0.9394 0.0145 0.0290
1186     1186   (0)     13  : 0.0070 0.9545 0.0350 0.0035
1187     1187   (0)     13  : 0.0035 0.9525 0.0200 0.0240
1188     1188   (0)     13  : 0.0085 0.8674 0.0085 0.1156
1189     1189   (0)     13  : 0.0035 0.9760 0.0155 0.0050
1190     1190   (0)     13  : 0.0065 0.8640 0.1220 0.0075
1191     1191   (0)     13  : 0.0060 0.9760 0.0040 0.0140
1192     1192   (0)     13  : 0.0065 0.8065 0.0540 0.1330
1193     1193   (0)     13  : 0.0070 0.9840 0.0035 0.0055
1194     1194   (0)     13  : 0.0040 0.9575 0.0165 0.0220
1195     1195   (0)     13  : 0.0060 0.8690 0.0065 0.1185
1196     1196   (0)     13  : 0.0095 0.9670 0.0110 0.0125
1197     1197   (0)     13  : 0.0025 0.9345 0.0045 0.0585
1198     1198   (0)     13  : 0.0095 0.9775 0.0030 0.0100
1199     1199   (0)     13  : 0.0105 0.9685 0.0050 0.0160
1200     1200   (0)     13  : 0.0105 0.9755 0.0075 0.0065
1201     1201   (0)     13  : 0.0370 0.8860 0.0280 0.0490
1202     1202   (0)     13  : 0.0110 0.9011 0.0410 0.0470
1203     1203   (0)     13  : 0.0581 0.8919 0.0105 0.0395
1204     1204   (0)     13  : 0.0210 0.9630 0.0125 0.0035
1205     1205   (0)     13  : 0.0095 0.9640 0.0040 0.0225
1206     1206   (0)     13  : 0.0060 0.9260 0.0090 0.0590
1207     1207   (0)     13  : 0.0325 0.8785 0.0530 0.0360
1208     1208   (0)     13  : 0.0040 0.9760 0.0035 0.0165
1209     1209   (0)     14  : 0.9755 0.0140 0.0050 0.0055
1210     1210   (0)     14  : 0.7414 0.1320 0.0140 0.1126
1211     1211   (0)     14  : 0.9600 0.0125 0.0050 0.0225
1212     1212   (0)     14  : 0.9530 0.0215 0.0085 0.0170
1213     1213   (0)     14  : 0.9840 0.0075 0.0050 0.0035
1214     1214   (0)     14  : 0.6470 0.1982 0.0205 0.1344
1215     1215   (0)     14  : 0.8070 0.0310 0.1455 0.0165
1216     1216   (0)     14  : 0.6550 0.1620 0.0810 0.1020
1217     1217   (0)     14  : 0.9755 0.0060 0.0075 0.0110
1218     1218   (0)     14  : 0.9805 0.0105 0.0050 0.0040
1219     1219   (0)     14  : 0.9775 0.0035 0.0065 0.0125
1220     1220   (0)     14  : 0.9600 0.0195 0.0050 0.0155
1221     1221   (0)     14  : 0.8130 0.0315 0.1240 0.0315
1222     1222   (0)     14  : 0.8495 0.0180 0.0385 0.0940
1223     1223   (0)     14  : 0.8256 0.0210 0.0080 0.1454
1224     1224   (0)     14  : 0.8706 0.1069 0.0115 0.0110
1225     1225   (0)     14  : 0.9790 0.0110 0.0050 0.0050
1226     1226   (0)     14  : 0.9105 0.0420 0.0285 0.0190
1227     1227   (0)     14  : 0.9720 0.0185 0.0050 0.0045
1228     1228   (0)     14  : 0.7278 0.2447 0.0085 0.0190
1229     1229   (0)     14  : 0.9675 0.0190 0.0050 0.0085
1230     1230   (0)     14  : 0.9090 0.0415 0.0085 0.0410
1231     1231   (0)     14  : 0.9745 0.0120 0.0050 0.0085
1232     1232   (0)     14  : 0.9350 0.0480 0.0090 0.0080
1233     1233   (0)     14  : 0.6392 0.1934 0.1355 0.0320
1234     1234   (0)     14  : 0.7585 0.1985 0.0245 0.0185
1235     1235   (0)     14  : 0.9750 0.0070 0.0050 0.0130
1236     1236   (0)     14  : 0.8915 0.0270 0.0750 0.0065
1237     1237   (0)     14  : 0.8125 0.0575 0.0100 0.1200
1238     1238   (0)     14  : 0.6877 0.1978 0.0140 0.1005
1239     1239   (0)     14  : 0.9720 0.0200 0.0040 0.0040
1240     1240   (0)     14  : 0.8234 0.1205 0.0115 0.0445
1241     1241   (0)     14  : 0.9630 0.0235 0.0040 0.0095
1242     1242   (0)     14  : 0.7680 0.1140 0.0160 0.1020
1243     1243   (0)     14  : 0.8855 0.0605 0.0175 0.0365
1244     1244   (0)     14  : 0.7711 0.0950 0.0210 0.1129
1245     1245   (0)     14  : 0.9345 0.0135 0.0165 0.0355
1246     1246   (0)     14  : 0.9170 0.0505 0.0195 0.0130
1247     1247   (0)     14  : 0.9230 0.0130 0.0225 0.0415
1248     1248   (0)     14  : 0.7191 0.2180 0.0225 0.0405
1249     1249   (0)     14  : 0.7405 0.0845 0.0145 0.1605
1250     1250   (0)     14  : 0.9290 0.0250 0.0205 0.0255
1251     1251   (0)     14  : 0.8050 0.0300 0.0270 0.1380
1252     1252   (0)     14  : 0.9770 0.0140 0.0040 0.0050
1253     1253   (0)     14  : 0.6027 0.0235 0.3678 0.0060
1254     1254   (0)     14  : 0.7454 0.0480 0.0620 0.1446
1255     1255   (0)     14  : 0.9770 0.0095 0.0050 0.0085
1256     1256   (0)     14  : 0.6682 0.2238 0.0215 0.0865
1257     1257   (0)     14  : 0.8020 0.1020 0.0075 0.0885
1258     1258   (0)     14  : 0.8509 0.0515 0.0115 0.0860
1259     1259   (0)     14  : 0.4353 0.0065 0.5447 0.0135
1260     1260   (0)     14  : 0.5920 0.0355 0.0350 0.3375
1261     1261   (0)     14  : 0.8590 0.0385 0.0220 0.0805
1262     1262   (0)     14  : 0.7030 0.1653 0.0065 0.1251
1263     1263   (0)     14  : 0.9870 0.0040 0.0050 0.0040
1264     1264   (0)     14  : 0.7915 0.0270 0.0070 0.1745
1265     1265   (0)     14  : 0.6385 0.1295 0.0715 0.1605
1266     1266   (0)     14  : 0.8700 0.0735 0.0140 0.0425
1267     1267   (0)     14  : 0.8485 0.0280 0.0220 0.1015
1268     1268   (0)     14  : 0.7430 0.1230 0.0100 0.1240
1269     1269   (0)     14  : 0.7276 0.1145 0.0060 0.1519
1270     1270   (0)     14  : 0.6327 0.2365 0.0070 0.1239
1271     1271   (0)     14  : 0.8655 0.0260 0.0875 0.0210
1272     1272   (0)     14  : 0.8354 0.1120 0.0090 0.0435
1273     1273   (0)     14  : 0.7780 0.0265 0.0195 0.1760
1274     1274   (0)     14  : 0.8264 0.0660 0.0130 0.0946
1275     1275   (0)     14  : 0.9385 0.0420 0.0070 0.0125
1276     1276   (0)     14  : 0.9665 0.0210 0.0085 0.0040
1277     1277   (0)     14  : 0.8730 0.1075 0.0090 0.0105
1278     1278   (0)     14  : 0.7701 0.1259 0.0035 0.1005
1279     1279   (0)     14  : 0.8646 0.1094 0.0075 0.0185
1280     1280   (0)     14  : 0.8389 0.0856 0.0360 0.0395
1281     1281   (0)     14  : 0.9615 0.0140 0.0165 0.0080
1282     1282   (0)     14  : 0.9115 0.0360 0.0140 0.0385
1283     1283   (0)     14  : 0.8675 0.0170 0.0145 0.1010
1284     1284   (0)     14  : 0.8540 0.0829 0.0110 0.0520
1285     1285   (0)     14  : 0.7700 0.1460 0.0065 0.0775
1286     1286   (0)     14  : 0.8153 0.0185 0.0065 0.1597
1287     1287   (0)     14  : 0.7655 0.0175 0.1040 0.1130
1288     1288   (0)     14  : 0.9900 0.0035 0.0040 0.0025
1289     1289   (0)     14  : 0.9605 0.0100 0.0090 0.0205
1290     1290   (0)     14  : 0.9685 0.0100 0.0145 0.0070
1291     1291   (0)     14  : 0.9505 0.0335 0.0030 0.0130
1292     1292   (0)     14  : 0.5460 0.2100 0.1055 0.1385
1293     1293   (0)     14  : 0.7440 0.1805 0.0050 0.0705
1294     1294   (0)     14  : 0.6685 0.1920 0.0175 0.1220
1295     1295   (0)     14  : 0.7255 0.1370 0.0030 0.1345
1296     1296   (0)     14  : 0.5695 0.2265 0.0590 0.1450
1297     1297   (0)     14  : 0.8025 0.0435 0.0680 0.0860
1298     1298   (0)     14  : 0.8415 0.0095 0.0995 0.0495
1299     1299   (0)     14  : 0.7675 0.1070 0.0270 0.0985
1300     1300   (0)     14  : 0.7949 0.1331 0.0055 0.0665
1301     1301   (0)     14  : 0.7600 0.2015 0.0070 0.0315
1302     1302   (0)     14  : 0.9285 0.0500 0.0070 0.0145
1303     1303   (0)     14  : 0.9690 0.0195 0.0040 0.0075
1304     1304   (0)     14  : 0.6722 0.2838 0.0095 0.0345
1305     1305   (0)     14  : 0.7910 0.1435 0.0270 0.0385
1306     1306   (0)     14  : 0.8430 0.0665 0.0310 0.0595
1307     1307   (0)     14  : 0.9500 0.0365 0.0100 0.0035
1308     1308   (0)     14  : 0.8300 0.1365 0.0050 0.0285
1309     1309  (10)     15  : 0.0100 0.0055 0.9815 0.0030
1310     1310   (5)     15  : 0.0105 0.0165 0.9595 0.0135
1311     1311   (5)     15  : 0.0065 0.1365 0.8240 0.0330
1312     1312   (5)     15  : 0.0040 0.0035 0.9895 0.0030
1313     1313  (10)     15  : 0.0300 0.0265 0.9275 0.0160
1314     1314   (5)     15  : 0.0140 0.2237 0.6768 0.0855
1315     1315  (10)     15  : 0.0700 0.0160 0.9095 0.0045
1316     1316   (0)     15  : 0.0115 0.0035 0.9165 0.0685
1317     1317   (0)     15  : 0.0130 0.0120 0.9710 0.0040
1318     1318   (0)     15  : 0.0040 0.0030 0.9855 0.0075
1319     1319   (0)     15  : 0.0030 0.0050 0.9845 0.0075
1320     1320   (0)     15  : 0.0125 0.0370 0.9460 0.0045
1321     1321   (0)     15  : 0.0070 0.0025 0.9845 0.0060
1322     1322   (0)     15  : 0.1530 0.0060 0.8330 0.0080
1323     1323   (0)     15  : 0.0805 0.0240 0.8910 0.0045
1324     1324   (0)     15  : 0.0615 0.0155 0.9160 0.0070
1325     1325   (0)     15  : 0.0050 0.0100 0.9800 0.0050
1326     1326   (0)     15  : 0.0105 0.1426 0.8089 0.0380
1327     1327   (0)     15  : 0.0070 0.0030 0.9815 0.0085
1328     1328   (5)     15  : 0.0045 0.0030 0.9064 0.0860
1329     1329   (0)     15  : 0.0285 0.0425 0.9200 0.0090
1330     1330   (0)     15  : 0.0100 0.0790 0.9015 0.0095
1331     1331   (5)     15  : 0.0030 0.0200 0.9300 0.0470
1332     1332   (5)     15  : 0.0050 0.0035 0.9815 0.0100
1333     1333   (0)     15  : 0.1060 0.0505 0.7170 0.1265
1334     1334   (0)     15  : 0.0060 0.0040 0.9795 0.0105
1335     1335   (0)     15  : 0.0115 0.0400 0.9435 0.0050
1336     1336   (0)     15  : 0.0050 0.0045 0.9840 0.0065
1337     1337   (0)     15  : 0.0070 0.0045 0.9805 0.0080
1338     1338   (0)     15  : 0.0055 0.0045 0.9850 0.0050
1339     1339   (0)     15  : 0.0040 0.0020 0.9670 0.0270
1340     1340   (0)     15  : 0.0040 0.0085 0.9840 0.0035
1341     1341   (0)     15  : 0.0170 0.0145 0.9200 0.0485
1342     1342   (0)     15  : 0.4780 0.0115 0.4995 0.0110
1343     1343   (0)     15  : 0.0140 0.0100 0.9670 0.0090
1344     1344   (0)     15  : 0.0105 0.0100 0.9705 0.0090
1345     1345   (0)     15  : 0.1649 0.0650 0.7141 0.0560
1346     1346   (0)     15  : 0.0040 0.0050 0.9850 0.0060
1347     1347   (0)     15  : 0.0375 0.0110 0.9185 0.0330
1348     1348   (0)     15  : 0.0275 0.0060 0.9610 0.0055
1349     1349   (0)     15  : 0.0125 0.0635 0.9215 0.0025
1350     1350   (0)     15  : 0.0155 0.0115 0.9690 0.0040
1351     1351   (0)     16  : 0.1304 0.0140 0.8492 0.0065
1352     1352   (0)     16  : 0.0080 0.0020 0.9865 0.0035
1353     1353   (0)     16  : 0.0030 0.0050 0.9865 0.0055
1354     1354   (0)     16  : 0.0370 0.0100 0.8346 0.1184
1355     1355   (0)     16  : 0.0150 0.0050 0.9760 0.0040
1356     1356   (0)     16  : 0.0050 0.0040 0.9880 0.0030
1357     1357   (0)     16  : 0.0210 0.0060 0.9670 0.0060
1358     1358   (0)     16  : 0.0100 0.0180 0.9685 0.0035
1359     1359   (0)     16  : 0.0030 0.0055 0.9790 0.0125
1360     1360   (0)     16  : 0.0030 0.0080 0.9780 0.0110
1361     1361   (0)     16  : 0.0040 0.0030 0.9890 0.0040
1362     1362   (0)     16  : 0.0190 0.0075 0.9670 0.0065
1363     1363   (0)     16  : 0.0060 0.0050 0.9810 0.0080
1364     1364   (0)     16  : 0.0100 0.0080 0.9785 0.0035
1365     1365   (0)     16  : 0.0040 0.0030 0.9885 0.0045
1366     1366   (0)     16  : 0.0045 0.0045 0.9775 0.0135
1367     1367   (0)     16  : 0.0065 0.0045 0.9280 0.0610
1368     1368   (0)     16  : 0.0180 0.0045 0.9695 0.0080
1369     1369   (0)     16  : 0.0040 0.0050 0.9810 0.0100
1370     1370   (0)     16  : 0.0175 0.0260 0.8825 0.0740
1371     1371   (0)     16  : 0.0070 0.0080 0.9310 0.0540
1372     1372   (0)     16  : 0.0030 0.0075 0.9805 0.0090
1373     1373   (0)     16  : 0.0210 0.0150 0.9580 0.0060
1374     1374   (0)     16  : 0.0200 0.0110 0.9625 0.0065
1375     1375   (0)     16  : 0.0040 0.0030 0.9625 0.0305
1376     1376   (0)     16  : 0.0090 0.0065 0.9750 0.0095
1377     1377   (0)     16  : 0.0120 0.0050 0.9330 0.0500
1378     1378   (0)     16  : 0.0070 0.0115 0.9715 0.0100
1379     1379   (0)     16  : 0.0035 0.0045 0.9795 0.0125
1380     1380   (0)     16  : 0.0315 0.0040 0.8546 0.1100
1381     1381   (0)     16  : 0.0070 0.0579 0.8781 0.0570
1382     1382   (0)     16  : 0.0560 0.0060 0.9295 0.0085
1383     1383   (0)     16  : 0.0220 0.0070 0.9650 0.0060
1384     1384   (0)     16  : 0.0070 0.0055 0.9830 0.0045
1385     1385   (0)     16  : 0.0120 0.0985 0.8755 0.0140
1386     1386   (0)     16  : 0.0130 0.0160 0.8905 0.0805
1387     1387   (0)     16  : 0.0040 0.0215 0.8355 0.1390
1388     1388   (0)     16  : 0.0045 0.0050 0.6925 0.2980
1389     1389   (0)     16  : 0.0070 0.0055 0.9780 0.0095
1390     1390   (0)     16  : 0.0130 0.0095 0.9410 0.0365
1391     1391   (0)     16  : 0.0110 0.0060 0.9690 0.0140
1392     1392   (0)     16  : 0.0070 0.0050 0.9830 0.0050
1393     1393   (0)     16  : 0.0070 0.0160 0.9555 0.0215
1394     1394   (0)     16  : 0.0170 0.0105 0.9255 0.0470
1395     1395   (0)     16  : 0.0070 0.0030 0.9825 0.0075
1396     1396   (0)     16  : 0.0090 0.1990 0.6080 0.1840
1397     1397   (0)     16  : 0.0035 0.0050 0.9865 0.0050
1398     1398   (0)     16  : 0.0230 0.0075 0.9650 0.0045
1399     1399   (0)     16  : 0.0130 0.0645 0.7630 0.1595
1400     1400   (0)     16  : 0.0075 0.0060 0.9795 0.0070
1401     1401   (0)     16  : 0.0145 0.0060 0.9345 0.0450
1402     1402   (0)     16  : 0.0050 0.0230 0.9580 0.0140
1403     1403   (0)     16  : 0.0310 0.0090 0.8875 0.0725
1404     1404   (0)     16  : 0.0115 0.0729 0.7976 0.1180
1405     1405   (0)     16  : 0.0105 0.0070 0.9675 0.0150
1406     1406   (0)     16  : 0.0270 0.0095 0.9595 0.0040
1407     1407   (0)     16  : 0.0040 0.0075 0.9810 0.0075
1408     1408   (0)     16  : 0.0105 0.0145 0.9445 0.0305
1409     1409   (0)     16  : 0.0050 0.0045 0.9850 0.0055
1410     1410   (0)     16  : 0.0305 0.0055 0.9575 0.0065
1411     1411   (0)     16  : 0.0040 0.0095 0.9715 0.0150
1412     1412   (0)     16  : 0.0120 0.0035 0.9800 0.0045
1413     1413   (0)     16  : 0.0160 0.0280 0.9290 0.0270
1414     1414   (0)     16  : 0.0050 0.0030 0.9875 0.0045
1415     1415   (0)     16  : 0.0040 0.0045 0.9855 0.0060
1416     1416   (0)     16  : 0.0100 0.0065 0.9550 0.0285
1417     1417   (0)     16  : 0.0145 0.0320 0.9235 0.0300
1418     1418   (0)     16  : 0.0035 0.0025 0.9815 0.0125
1419     1419   (0)     16  : 0.0430 0.0210 0.9265 0.0095
1420     1420   (0)     16  : 0.0040 0.0120 0.9775 0.0065
1421     1421   (0)     16  : 0.0200 0.0550 0.9195 0.0055
1422     1422   (0)     16  : 0.0050 0.0050 0.9840 0.0060
1423     1423   (0)     16  : 0.0030 0.0050 0.9830 0.0090
1424     1424   (0)     16  : 0.0090 0.1502 0.7708 0.0701
1425     1425   (0)     16  : 0.0085 0.0050 0.9610 0.0255
1426     1426   (0)     16  : 0.0030 0.0065 0.9865 0.0040
1427     1427   (0)     16  : 0.0525 0.0040 0.9375 0.0060
1428     1428   (0)     16  : 0.0030 0.0070 0.9850 0.0050
1429     1429   (0)     16  : 0.0175 0.0030 0.9765 0.0030
1430     1430   (0)     16  : 0.0060 0.0035 0.9620 0.0285
1431     1431   (0)     16  : 0.0110 0.0055 0.9325 0.0510
1432     1432   (0)     16  : 0.1564 0.0095 0.7986 0.0355
1433     1433   (0)     16  : 0.0115 0.0045 0.9790 0.0050
1434     1434   (0)     16  : 0.0030 0.0065 0.9575 0.0330
1435     1435   (0)     16  : 0.0070 0.0075 0.9605 0.0250
1436     1436   (0)     16  : 0.0045 0.0030 0.9545 0.0380
1437     1437   (0)     16  : 0.0060 0.0425 0.9090 0.0425
1438     1438   (0)     16  : 0.0145 0.0055 0.9285 0.0515
1439     1439   (0)     16  : 0.0080 0.0035 0.9810 0.0075
1440     1440   (0)     16  : 0.0070 0.0125 0.9725 0.0080
1441     1441   (0)     16  : 0.0020 0.0020 0.9935 0.0025
1442     1442   (0)     16  : 0.0130 0.0305 0.9505 0.0060
1443     1443   (0)     16  : 0.0050 0.0065 0.9820 0.0065
1444     1444   (0)     16  : 0.0030 0.0195 0.9620 0.0155
1445     1445   (0)     16  : 0.0285 0.2078 0.7217 0.0420
1446     1446   (0)     16  : 0.0070 0.0035 0.9615 0.0280
1447     1447   (0)     16  : 0.0040 0.0035 0.9850 0.0075
1448     1448   (0)     16  : 0.0320 0.0305 0.9315 0.0060
1449     1449   (0)     16  : 0.0235 0.0050 0.9520 0.0195
1450     1450   (0)     16  : 0.0060 0.0200 0.9690 0.0050
1451     1451   (0)     17  : 0.0050 0.0135 0.9760 0.0055
1452     1452   (0)     17  : 0.0090 0.0105 0.9775 0.0030
1453     1453   (0)     17  : 0.0070 0.0055 0.9845 0.0030
1454     1454   (0)     17  : 0.0145 0.0290 0.9125 0.0440
1455     1455   (0)     17  : 0.0255 0.0045 0.9655 0.0045
1456     1456   (0)     17  : 0.0125 0.0195 0.9600 0.0080
1457     1457   (0)     17  : 0.0085 0.0120 0.9720 0.0075
1458     1458   (0)     17  : 0.0055 0.0395 0.9510 0.0040
1459     1459   (0)     17  : 0.0720 0.0105 0.9135 0.0040
1460     1460   (0)     17  : 0.0480 0.0065 0.9175 0.0280
1461     1461   (0)     17  : 0.0050 0.0045 0.9740 0.0165
1462     1462   (0)     17  : 0.0050 0.0030 0.9900 0.0020
1463     1463   (0)     17  : 0.0095 0.0130 0.9400 0.0375
1464     1464   (0)     17  : 0.1881 0.0305 0.7784 0.0030
1465     1465   (0)     17  : 0.0185 0.0650 0.9020 0.0145
1466     1466   (0)     17  : 0.0070 0.0100 0.9755 0.0075
1467     1467   (0)     17  : 0.0310 0.0050 0.9590 0.0050
1468     1468   (0)     17  : 0.0065 0.0055 0.9825 0.0055
1469     1469   (0)     17  : 0.0065 0.0095 0.9505 0.0335
1470     1470   (0)     17  : 0.0115 0.0790 0.9030 0.0065
1471     1471   (0)     17  : 0.0165 0.0255 0.9520 0.0060
1472     1472   (0)     17  : 0.0295 0.0310 0.9275 0.0120
1473     1473   (0)     17  : 0.0180 0.1280 0.7405 0.1135
1474     1474   (0)     17  : 0.0030 0.0050 0.9850 0.0070
1475     1475   (0)     17  : 0.0100 0.0065 0.9750 0.0085
1476     1476   (0)     17  : 0.0100 0.0060 0.9810 0.0030
1477     1477   (0)     17  : 0.0115 0.0130 0.9710 0.0045
1478     1478   (0)     17  : 0.0175 0.1210 0.8545 0.0070
1479     1479   (0)     17  : 0.0240 0.0085 0.9585 0.0090
1480     1480   (0)     17  : 0.0115 0.0035 0.9805 0.0045
1481     1481   (0)     17  : 0.0070 0.0050 0.9845 0.0035
1482     1482   (0)     17  : 0.0070 0.1160 0.8720 0.0050
1483     1483   (0)     17  : 0.0140 0.0305 0.9515 0.0040
1484     1484   (0)     17  : 0.0185 0.0060 0.9695 0.0060
1485     1485   (0)     17  : 0.0080 0.0080 0.9710 0.0130
1486     1486   (0)     17  : 0.0270 0.0125 0.9550 0.0055
1487     1487   (0)     17  : 0.0070 0.0080 0.9815 0.0035
1488     1488   (0)     17  : 0.0150 0.0070 0.9515 0.0265
1489     1489   (0)     17  : 0.0225 0.0075 0.9655 0.0045
1490     1490   (0)     17  : 0.0050 0.0140 0.9720 0.0090
1491     1491   (0)     17  : 0.0030 0.0060 0.9865 0.0045
1492     1492   (0)     17  : 0.0145 0.0200 0.9605 0.0050
1493     1493   (0)     17  : 0.0145 0.0090 0.9725 0.0040
1494     1494   (0)     17  : 0.0125 0.0115 0.9720 0.0040
1495     1495   (0)     17  : 0.0060 0.0265 0.9595 0.0080
1496     1496   (0)     17  : 0.0110 0.0350 0.9430 0.0110
1497     1497   (0)     17  : 0.0050 0.0225 0.9585 0.0140
1498     1498   (0)     17  : 0.0070 0.0195 0.9630 0.0105
1499     1499   (0)     17  : 0.0220 0.0285 0.9440 0.0055
1500     1500   (0)     17  : 0.0095 0.0025 0.9850 0.0030
1501     1501   (0)     17  : 0.0050 0.0185 0.9710 0.0055
1502     1502   (0)     17  : 0.0090 0.0165 0.9720 0.0025
1503     1503   (0)     17  : 0.0040 0.0050 0.9880 0.0030
1504     1504   (0)     17  : 0.0050 0.0095 0.9815 0.0040
1505     1505   (0)     17  : 0.0375 0.0906 0.8458 0.0260
1506     1506   (0)     17  : 0.0275 0.1785 0.7565 0.0375
1507     1507   (0)     17  : 0.0050 0.0070 0.9810 0.0070
1508     1508   (0)     17  : 0.0060 0.0100 0.9805 0.0035
1509     1509   (0)     17  : 0.0125 0.1276 0.8498 0.0100
1510     1510   (0)     17  : 0.0045 0.1055 0.8855 0.0045
1511     1511   (0)     17  : 0.0055 0.0100 0.9790 0.0055
1512     1512   (0)     17  : 0.0160 0.0670 0.9105 0.0065
1513     1513   (0)     17  : 0.0065 0.0055 0.9830 0.0050
1514     1514   (0)     17  : 0.0165 0.0080 0.9730 0.0025
1515     1515   (0)     17  : 0.1160 0.0710 0.7970 0.0160
1516     1516   (0)     17  : 0.0155 0.0055 0.9715 0.0075
1517     1517   (0)     17  : 0.0355 0.0210 0.9375 0.0060
1518     1518   (0)     17  : 0.0225 0.0105 0.9635 0.0035
1519     1519   (0)     17  : 0.0070 0.0130 0.9670 0.0130
1520     1520   (0)     17  : 0.0100 0.0060 0.9770 0.0070
1521     1521   (0)     17  : 0.0050 0.0065 0.9815 0.0070
1522     1522   (0)     17  : 0.0060 0.0170 0.9715 0.0055
1523     1523   (0)     17  : 0.0100 0.0335 0.9005 0.0560
1524     1524   (0)     17  : 0.1975 0.0075 0.7900 0.0050
1525     1525   (0)     17  : 0.0070 0.0774 0.8611 0.0545
1526     1526   (0)     17  : 0.0440 0.0105 0.9394 0.0060
1527     1527   (0)     17  : 0.0100 0.0320 0.9550 0.0030
1528     1528   (0)     17  : 0.0170 0.0440 0.8984 0.0405
1529     1529   (0)     17  : 0.0175 0.0705 0.9065 0.0055
1530     1530   (0)     17  : 0.0110 0.0100 0.9725 0.0065
1531     1531   (0)     17  : 0.0565 0.0190 0.9075 0.0170
1532     1532   (0)     17  : 0.0325 0.0355 0.9295 0.0025
1533     1533   (0)     17  : 0.0255 0.1435 0.8220 0.0090
1534     1534   (0)     17  : 0.0040 0.0030 0.9900 0.0030
1535     1535   (0)     17  : 0.0075 0.1350 0.8500 0.0075
1536     1536   (0)     17  : 0.0065 0.0140 0.9755 0.0040
1537     1537   (0)     17  : 0.0550 0.0115 0.9285 0.0050
1538     1538   (0)     17  : 0.0110 0.0100 0.9720 0.0070
1539     1539   (0)     17  : 0.0230 0.0125 0.9540 0.0105
1540     1540   (0)     17  : 0.0200 0.0045 0.9720 0.0035
1541     1541   (0)     17  : 0.0050 0.0375 0.9460 0.0115
1542     1542   (0)     17  : 0.0070 0.0035 0.9870 0.0025
1543     1543   (0)     17  : 0.0085 0.0045 0.9770 0.0100
1544     1544   (0)     17  : 0.0070 0.0325 0.9540 0.0065
1545     1545   (0)     17  : 0.0100 0.0190 0.9595 0.0115
1546     1546   (0)     17  : 0.1025 0.0240 0.8641 0.0095
1547     1547   (0)     17  : 0.0170 0.0095 0.9695 0.0040
1548     1548   (0)     17  : 0.0195 0.0190 0.9545 0.0070
1549     1549   (0)     17  : 0.0120 0.0065 0.9775 0.0040
1550     1550   (0)     17  : 0.0045 0.0075 0.9835 0.0045
1551     1551   (0)     18  : 0.0135 0.0135 0.0290 0.9440
1552     1552   (0)     18  : 0.0040 0.0035 0.0045 0.9880
1553     1553   (0)     18  : 0.0065 0.0115 0.0175 0.9645
1554     1554   (0)     18  : 0.0035 0.0065 0.0050 0.9850
1555     1555   (0)     18  : 0.0040 0.0045 0.0040 0.9875
1556     1556   (0)     18  : 0.0040 0.0065 0.0065 0.9830
1557     1557   (0)     18  : 0.0075 0.0045 0.0050 0.9830
1558     1558   (0)     18  : 0.0025 0.0025 0.0030 0.9920
1559     1559   (0)     18  : 0.0150 0.0075 0.0070 0.9705
1560     1560   (0)     18  : 0.0030 0.0080 0.0065 0.9825
1561     1561   (0)     18  : 0.0090 0.0075 0.0100 0.9735
1562     1562   (0)     18  : 0.0020 0.0055 0.0040 0.9885
1563     1563   (0)     18  : 0.0030 0.0020 0.0035 0.9915
1564     1564   (0)     18  : 0.0030 0.0045 0.0030 0.9895
1565     1565   (0)     18  : 0.0025 0.0060 0.0035 0.9880
1566     1566   (0)     18  : 0.0020 0.0035 0.0040 0.9905
1567     1567   (0)     18  : 0.0115 0.0030 0.0050 0.9805
1568     1568   (0)     18  : 0.0030 0.0025 0.0025 0.9920
1569     1569   (0)     18  : 0.0055 0.0050 0.0050 0.9845
1570     1570   (0)     18  : 0.0030 0.0040 0.0045 0.9885
1571     1571   (0)     18  : 0.0035 0.0105 0.0060 0.9800
1572     1572   (0)     18  : 0.0215 0.0180 0.0100 0.9505
1573     1573   (0)     18  : 0.0155 0.0325 0.0080 0.9440
1574     1574   (0)     18  : 0.0020 0.0040 0.0045 0.9895
1575     1575   (0)     18  : 0.0025 0.0020 0.0035 0.9920
1576     1576   (0)     18  : 0.0030 0.0030 0.0090 0.9850
1577     1577   (0)     18  : 0.0070 0.0895 0.0140 0.8895
1578     1578   (0)     18  : 0.0020 0.0020 0.0040 0.9920
1579     1579   (0)     18  : 0.0030 0.0070 0.0390 0.9510
1580     1580   (0)     18  : 0.0030 0.0090 0.0135 0.9745
1581     1581   (0)     18  : 0.0040 0.0025 0.0030 0.9905
1582     1582   (0)     18  : 0.0025 0.0020 0.0025 0.9930
1583     1583   (0)     18  : 0.0020 0.0095 0.0035 0.9850
1584     1584   (0)     18  : 0.0045 0.0520 0.0045 0.9390
1585     1585   (0)     18  : 0.0035 0.0040 0.0035 0.9890
1586     1586   (0)     18  : 0.0020 0.0020 0.0025 0.9935
1587     1587   (0)     18  : 0.0025 0.0020 0.0025 0.9930
1588     1588   (0)     18  : 0.0090 0.0120 0.0090 0.9700
1589     1589   (0)     18  : 0.0070 0.0030 0.0045 0.9855
1590     1590   (0)     18  : 0.0050 0.0035 0.0045 0.9870
1591     1591   (0)     18  : 0.0085 0.0500 0.0090 0.9325
1592     1592   (0)     18  : 0.0260 0.0245 0.0445 0.9049
1593     1593   (0)     18  : 0.0020 0.0025 0.0025 0.9930
1594     1594   (0)     18  : 0.0045 0.0025 0.0065 0.9865
1595     1595   (0)     18  : 0.0045 0.0130 0.0050 0.9775
1596     1596   (0)     18  : 0.0030 0.0270 0.0170 0.9530
1597     1597   (0)     18  : 0.0025 0.0060 0.0040 0.9875
1598     1598   (0)     18  : 0.0030 0.0060 0.0055 0.9855
1599     1599   (0)     18  : 0.0025 0.0020 0.0055 0.9900
1600     1600   (0)     18  : 0.0025 0.0025 0.0100 0.9850
1601     1601   (0)     18  : 0.0075 0.0575 0.0035 0.9315
1602     1602   (0)     18  : 0.0060 0.0090 0.0085 0.9765
1603     1603   (0)     18  : 0.0070 0.0050 0.0090 0.9790
1604     1604   (0)     18  : 0.0035 0.0030 0.0035 0.9900
1605     1605   (0)     18  : 0.0030 0.0130 0.0055 0.9785
1606     1606   (0)     18  : 0.0040 0.0045 0.0065 0.9850
1607     1607   (0)     18  : 0.0035 0.0035 0.0060 0.9870
1608     1608   (0)     18  : 0.0020 0.0030 0.0040 0.9910
1609     1609   (0)     18  : 0.0055 0.0275 0.0070 0.9600
1610     1610   (0)     18  : 0.0095 0.0105 0.0070 0.9730
1611     1611   (0)     18  : 0.0060 0.0030 0.0035 0.9875
1612     1612   (0)     18  : 0.0040 0.0055 0.0040 0.9865
1613     1613   (0)     18  : 0.0040 0.0025 0.0045 0.9890
1614     1614   (0)     18  : 0.0040 0.0055 0.0020 0.9885
1615     1615   (0)     18  : 0.0020 0.0030 0.0045 0.9905
1616     1616   (0)     18  : 0.0150 0.0185 0.0180 0.9485
1617     1617   (0)     18  : 0.0115 0.0590 0.0110 0.9185
1618     1618   (0)     18  : 0.0020 0.0030 0.0030 0.9920
1619     1619   (0)     18  : 0.0020 0.0040 0.0025 0.9915
1620     1620   (0)     18  : 0.0025 0.0160 0.0105 0.9710
1621     1621   (0)     18  : 0.0075 0.0130 0.0045 0.9750
1622     1622   (0)     18  : 0.0035 0.0045 0.0035 0.9885
1623     1623   (0)     18  : 0.0160 0.0090 0.0050 0.9700
1624     1624   (0)     18  : 0.0025 0.0025 0.0035 0.9915
1625     1625   (0)     18  : 0.0045 0.0025 0.0045 0.9885
1626     1626   (0)     18  : 0.0120 0.1430 0.0100 0.8350
1627     1627   (0)     18  : 0.0045 0.0285 0.0085 0.9585
1628     1628   (0)     18  : 0.0130 0.0125 0.0260 0.9485
1629     1629   (0)     18  : 0.0065 0.0210 0.0110 0.9615
1630     1630   (0)     18  : 0.0045 0.0030 0.0045 0.9880
1631     1631   (0)     18  : 0.0045 0.0060 0.0075 0.9820
1632     1632   (0)     18  : 0.0040 0.0210 0.0055 0.9695
1633     1633   (0)     18  : 0.0030 0.0030 0.0025 0.9915
1634     1634   (0)     18  : 0.0105 0.0060 0.0150 0.9685
1635     1635   (0)     18  : 0.0035 0.0035 0.0085 0.9845
1636     1636   (0)     18  : 0.0260 0.0155 0.0095 0.9490
1637     1637   (0)     18  : 0.0020 0.0025 0.0025 0.9930
1638     1638   (0)     18  : 0.0020 0.0030 0.0025 0.9925
1639     1639   (0)     18  : 0.0030 0.0080 0.0040 0.9850
1640     1640   (0)     18  : 0.0035 0.0145 0.0270 0.9550
1641     1641   (0)     18  : 0.0035 0.0025 0.0030 0.9910
1642     1642   (0)     18  : 0.0040 0.0150 0.0035 0.9775
1643     1643   (0)     18  : 0.0045 0.0300 0.0070 0.9585
1644     1644   (0)     18  : 0.0060 0.0180 0.0085 0.9675
1645     1645   (0)     18  : 0.0080 0.0030 0.0055 0.9835
1646     1646   (0)     18  : 0.0035 0.0080 0.0075 0.9810
1647     1647   (0)     18  : 0.0105 0.0195 0.0205 0.9495
1648     1648   (0)     18  : 0.0135 0.0035 0.0040 0.9790
1649     1649   (0)     18  : 0.0025 0.0025 0.0035 0.9915
1650     1650   (0)     18  : 0.0045 0.0090 0.0050 0.9815
1651     1651   (0)     19  : 0.0095 0.9810 0.0045 0.0050
1652     1652   (0)     19  : 0.0180 0.9645 0.0065 0.0110
1653     1653   (0)     19  : 0.0065 0.9775 0.0085 0.0075
1654     1654   (0)     19  : 0.0075 0.9725 0.0065 0.0135
1655     1655   (0)     19  : 0.0065 0.9860 0.0045 0.0030
1656     1656   (0)     19  : 0.0225 0.9575 0.0090 0.0110
1657     1657   (0)     19  : 0.0230 0.9255 0.0325 0.0190
1658     1658   (0)     19  : 0.0055 0.9760 0.0030 0.0155
1659     1659   (0)     19  : 0.0125 0.9795 0.0030 0.0050
1660     1660   (0)     19  : 0.0105 0.8685 0.0360 0.0850
1661     1661   (0)     19  : 0.0040 0.9890 0.0030 0.0040
1662     1662   (0)     19  : 0.0050 0.9895 0.0030 0.0025
1663     1663   (0)     19  : 0.0065 0.9845 0.0050 0.0040
1664     1664   (0)     19  : 0.0060 0.9550 0.0215 0.0175
1665     1665   (0)     19  : 0.0475 0.9055 0.0225 0.0245
1666     1666   (0)     19  : 0.0040 0.9785 0.0060 0.0115
1667     1667   (0)     19  : 0.0060 0.8970 0.0085 0.0885
1668     1668   (0)     19  : 0.0105 0.9720 0.0070 0.0105
1669     1669   (0)     19  : 0.0090 0.9815 0.0035 0.0060
1670     1670   (0)     19  : 0.0030 0.9910 0.0030 0.0030
1671     1671   (0)     19  : 0.0115 0.9545 0.0195 0.0145
1672     1672   (0)     19  : 0.0105 0.9620 0.0070 0.0205
1673     1673   (0)     19  : 0.0025 0.9915 0.0025 0.0035
1674     1674   (0)     19  : 0.0050 0.9795 0.0095 0.0060
1675     1675   (0)     19  : 0.0150 0.9645 0.0090 0.0115
1676     1676   (0)     19  : 0.0095 0.9820 0.0040 0.0045
1677     1677   (0)     19  : 0.0035 0.9915 0.0020 0.0030
1678     1678   (0)     19  : 0.0050 0.9895 0.0035 0.0020
1679     1679   (0)     19  : 0.0045 0.9325 0.0120 0.0510
1680     1680   (0)     19  : 0.0055 0.9855 0.0055 0.0035
1681     1681   (0)     19  : 0.0065 0.9835 0.0045 0.0055
1682     1682   (0)     19  : 0.0095 0.9795 0.0060 0.0050
1683     1683   (0)     19  : 0.0045 0.9480 0.0280 0.0195
1684     1684   (0)     19  : 0.1840 0.7474 0.0080 0.0605
1685     1685   (0)     19  : 0.0045 0.9880 0.0055 0.0020
1686     1686   (0)     19  : 0.0030 0.9905 0.0035 0.0030
1687     1687   (0)     19  : 0.0045 0.9845 0.0060 0.0050
1688     1688   (0)     19  : 0.0125 0.9455 0.0210 0.0210
1689     1689   (0)     19  : 0.0110 0.9465 0.0210 0.0215
1690     1690   (0)     19  : 0.0770 0.8990 0.0070 0.0170
1691     1691   (0)     19  : 0.0140 0.9780 0.0035 0.0045
1692     1692   (0)     19  : 0.0055 0.9790 0.0105 0.0050
1693     1693   (0)     19  : 0.0035 0.9785 0.0105 0.0075
1694     1694   (0)     19  : 0.0085 0.9431 0.0315 0.0170
1695     1695   (0)     19  : 0.0135 0.9650 0.0115 0.0100
1696     1696   (0)     19  : 0.0040 0.9745 0.0090 0.0125
1697     1697   (0)     19  : 0.0050 0.9850 0.0045 0.0055
1698     1698   (0)     19  : 0.0030 0.9530 0.0060 0.0380
1699     1699   (0)     19  : 0.0035 0.9875 0.0040 0.0050
1700     1700   (0)     19  : 0.0030 0.9870 0.0060 0.0040
1701     1701   (0)     19  : 0.0030 0.9890 0.0020 0.0060
1702     1702   (0)     19  : 0.0070 0.9830 0.0040 0.0060
1703     1703   (0)     19  : 0.0020 0.9935 0.0020 0.0025
1704     1704   (0)     19  : 0.0035 0.9895 0.0035 0.0035
1705     1705   (0)     19  : 0.0310 0.9560 0.0075 0.0055
1706     1706   (0)     19  : 0.0030 0.9875 0.0030 0.0065
1707     1707   (0)     19  : 0.0025 0.9925 0.0020 0.0030
1708     1708   (0)     19  : 0.0090 0.9810 0.0035 0.0065
1709     1709   (0)     19  : 0.0040 0.9890 0.0030 0.0040
1710     1710   (0)     19  : 0.0100 0.9785 0.0060 0.0055
1711     1711   (0)     19  : 0.0065 0.9845 0.0035 0.0055
1712     1712   (0)     19  : 0.0355 0.9470 0.0080 0.0095
1713     1713   (0)     19  : 0.0055 0.9850 0.0050 0.0045
1714     1714   (0)     19  : 0.0075 0.9815 0.0075 0.0035
1715     1715   (0)     19  : 0.0060 0.9785 0.0025 0.0130
1716     1716   (0)     19  : 0.0055 0.9900 0.0025 0.0020
1717     1717   (0)     19  : 0.0040 0.9875 0.0035 0.0050
1718     1718   (0)     19  : 0.0140 0.9780 0.0045 0.0035
1719     1719   (0)     19  : 0.0045 0.9890 0.0030 0.0035
1720     1720   (0)     19  : 0.0060 0.9645 0.0040 0.0255
1721     1721   (0)     19  : 0.0045 0.9630 0.0230 0.0095
1722     1722   (0)     19  : 0.0030 0.9905 0.0035 0.0030
1723     1723   (0)     19  : 0.0030 0.9905 0.0030 0.0035
1724     1724   (0)     19  : 0.0075 0.9795 0.0030 0.0100
1725     1725   (0)     19  : 0.0035 0.9895 0.0030 0.0040
1726     1726   (0)     19  : 0.0030 0.9735 0.0100 0.0135
1727     1727   (0)     19  : 0.0145 0.9755 0.0060 0.0040
1728     1728   (0)     19  : 0.0040 0.9710 0.0065 0.0185
1729     1729   (0)     19  : 0.0050 0.9875 0.0045 0.0030
1730     1730   (0)     19  : 0.0025 0.9925 0.0025 0.0025
1731     1731   (0)     19  : 0.0280 0.9270 0.0170 0.0280
1732     1732   (0)     19  : 0.0050 0.9460 0.0035 0.0455
1733     1733   (0)     19  : 0.0040 0.9885 0.0040 0.0035
1734     1734   (0)     19  : 0.0155 0.9695 0.0060 0.0090
1735     1735   (0)     19  : 0.0060 0.9820 0.0050 0.0070
1736     1736   (0)     19  : 0.0065 0.9770 0.0060 0.0105
1737     1737   (0)     19  : 0.0185 0.9660 0.0090 0.0065
1738     1738   (0)     19  : 0.0065 0.9860 0.0040 0.0035
1739     1739   (0)     19  : 0.0045 0.9725 0.0070 0.0160
1740     1740   (0)     19  : 0.0110 0.9795 0.0045 0.0050
1741     1741   (0)     19  : 0.0035 0.9780 0.0075 0.0110
1742     1742   (0)     19  : 0.0300 0.9645 0.0030 0.0025
1743     1743   (0)     19  : 0.0040 0.9855 0.0075 0.0030
1744     1744   (0)     19  : 0.0070 0.9745 0.0050 0.0135
1745     1745   (0)     19  : 0.0070 0.9720 0.0085 0.0125
1746     1746   (0)     19  : 0.0175 0.9360 0.0065 0.0400
1747     1747   (0)     19  : 0.0095 0.9795 0.0050 0.0060
1748     1748   (0)     19  : 0.0080 0.9315 0.0105 0.0500
1749     1749   (0)     19  : 0.0085 0.9750 0.0060 0.0105
1750     1750   (0)     19  : 0.0125 0.9745 0.0045 0.0085
1751     1751   (0)     20  : 0.9350 0.0255 0.0280 0.0115
1752     1752   (0)     20  : 0.9765 0.0060 0.0085 0.0090
1753     1753   (0)     20  : 0.9420 0.0270 0.0110 0.0200
1754     1754   (0)     20  : 0.8775 0.0610 0.0515 0.0100
1755     1755   (0)     20  : 0.9510 0.0310 0.0110 0.0070
1756     1756   (0)     20  : 0.8088 0.0450 0.0651 0.0811
1757     1757   (0)     20  : 0.8834 0.0120 0.0655 0.0390
1758     1758   (0)     20  : 0.9305 0.0045 0.0430 0.0220
1759     1759   (0)     20  : 0.8699 0.1016 0.0075 0.0210
1760     1760   (0)     20  : 0.9585 0.0045 0.0125 0.0245
1761     1761   (0)     20  : 0.9325 0.0170 0.0440 0.0065
1762     1762   (0)     20  : 0.9725 0.0100 0.0110 0.0065
1763     1763   (0)     20  : 0.9830 0.0045 0.0100 0.0025
1764     1764   (0)     20  : 0.9885 0.0030 0.0030 0.0055
1765     1765   (0)     20  : 0.9875 0.0050 0.0040 0.0035
1766     1766   (0)     20  : 0.9495 0.0315 0.0110 0.0080
1767     1767   (0)     20  : 0.9750 0.0080 0.0040 0.0130
1768     1768   (0)     20  : 0.9625 0.0085 0.0140 0.0150
1769     1769   (0)     20  : 0.9865 0.0045 0.0050 0.0040
1770     1770   (0)     20  : 0.9900 0.0040 0.0040 0.0020
1771     1771   (0)     20  : 0.9405 0.0340 0.0050 0.0205
1772     1772   (0)     20  : 0.9775 0.0110 0.0030 0.0085
1773     1773   (0)     20  : 0.9775 0.0110 0.0040 0.0075
1774     1774   (0)     20  : 0.7814 0.1286 0.0215 0.0685
1775     1775   (0)     20  : 0.8395 0.0070 0.1050 0.0485
1776     1776   (0)     20  : 0.8565 0.0245 0.1135 0.0055
1777     1777   (0)     20  : 0.9214 0.0655 0.0060 0.0070
1778     1778   (0)     20  : 0.9610 0.0220 0.0110 0.0060
1779     1779   (0)     20  : 0.9845 0.0035 0.0060 0.0060
1780     1780   (0)     20  : 0.9915 0.0025 0.0040 0.0020
1781     1781   (0)     20  : 0.9605 0.0250 0.0055 0.0090
1782     1782   (0)     20  : 0.9735 0.0115 0.0070 0.0080
1783     1783   (0)     20  : 0.7562 0.1044 0.0200 0.1194
1784     1784   (0)     20  : 0.9635 0.0240 0.0065 0.0060
1785     1785   (0)     20  : 0.9795 0.0075 0.0095 0.0035
1786     1786   (0)     20  : 0.9770 0.0065 0.0100 0.0065
1787     1787   (0)     20  : 0.9905 0.0025 0.0040 0.0030
1788     1788   (0)     20  : 0.9445 0.0095 0.0415 0.0045
1789     1789   (0)     20  : 0.9580 0.0035 0.0350 0.0035
1790     1790   (0)     20  : 0.9795 0.0130 0.0040 0.0035
1791     1791   (0)     20  : 0.8925 0.0865 0.0065 0.0145
1792     1792   (0)     20  : 0.9615 0.0050 0.0040 0.0295
1793     1793   (0)     20  : 0.9785 0.0085 0.0085 0.0045
1794     1794   (0)     20  : 0.9565 0.0210 0.0115 0.0110
1795     1795   (0)     20  : 0.9835 0.0070 0.0050 0.0045
1796     1796   (0)     20  : 0.9835 0.0065 0.0040 0.0060
1797     1797   (0)     20  : 0.9655 0.0095 0.0040 0.0210
1798     1798   (0)     20  : 0.9044 0.0120 0.0055 0.0780
1799     1799   (0)     20  : 0.9850 0.0035 0.0040 0.0075
1800     1800   (0)     20  : 0.9685 0.0030 0.0190 0.0095
1801     1801   (0)     20  : 0.9860 0.0060 0.0050 0.0030
1802     1802   (0)     20  : 0.9835 0.0060 0.0040 0.0065
1803     1803   (0)     20  : 0.9735 0.0110 0.0090 0.0065
1804     1804   (0)     20  : 0.9845 0.0055 0.0060 0.0040
1805     1805   (0)     20  : 0.9815 0.0065 0.0080 0.0040
1806     1806   (0)     20  : 0.9885 0.0035 0.0060 0.0020
1807     1807   (0)     20  : 0.9635 0.0060 0.0050 0.0255
1808     1808   (0)     20  : 0.9650 0.0170 0.0110 0.0070
1809     1809   (0)     20  : 0.9910 0.0035 0.0030 0.0025
1810     1810   (0)     20  : 0.9820 0.0070 0.0070 0.0040
1811     1811   (0)     20  : 0.8971 0.0150 0.0190 0.0690
1812     1812   (0)     20  : 0.9715 0.0055 0.0100 0.0130
1813     1813   (0)     20  : 0.9675 0.0115 0.0120 0.0090
1814     1814   (0)     20  : 0.8050 0.1045 0.0120 0.0785
1815     1815   (0)     20  : 0.9410 0.0340 0.0155 0.0095
1816     1816   (0)     20  : 0.9645 0.0255 0.0050 0.0050
1817     1817   (0)     20  : 0.8995 0.0180 0.0280 0.0545
1818     1818   (0)     20  : 0.9905 0.0030 0.0040 0.0025
1819     1819   (0)     20  : 0.9270 0.0340 0.0045 0.0345
1820     1820   (0)     20  : 0.8596 0.0735 0.0310 0.0360
1821     1821   (0)     20  : 0.8274 0.0225 0.1296 0.0205
1822     1822   (0)     20  : 0.9365 0.0140 0.0355 0.0140
1823     1823   (0)     20  : 0.9765 0.0105 0.0060 0.0070
1824     1824   (0)     20  : 0.9470 0.0250 0.0165 0.0115
1825     1825   (0)     20  : 0.9570 0.0310 0.0070 0.0050
1826     1826   (0)     20  : 0.9620 0.0300 0.0040 0.0040
1827     1827   (0)     20  : 0.9875 0.0035 0.0040 0.0050
1828     1828   (0)     20  : 0.9865 0.0030 0.0060 0.0045
1829     1829   (0)     20  : 0.9580 0.0140 0.0040 0.0240
1830     1830   (0)     20  : 0.9840 0.0030 0.0090 0.0040
1831     1831   (0)     20  : 0.8750 0.0100 0.1045 0.0105
1832     1832   (0)     20  : 0.9880 0.0030 0.0040 0.0050
1833     1833   (0)     20  : 0.9550 0.0215 0.0160 0.0075
1834     1834   (0)     20  : 0.9885 0.0035 0.0050 0.0030
1835     1835   (0)     20  : 0.9710 0.0145 0.0100 0.0045
1836     1836   (0)     20  : 0.9600 0.0115 0.0155 0.0130
1837     1837   (0)     20  : 0.9860 0.0045 0.0055 0.0040
1838     1838   (0)     20  : 0.9096 0.0750 0.0110 0.0045
1839     1839   (0)     20  : 0.9900 0.0040 0.0030 0.0030
1840     1840   (0)     20  : 0.9725 0.0080 0.0085 0.0110
1841     1841   (0)     20  : 0.9815 0.0040 0.0050 0.0095
1842     1842   (0)     20  : 0.9775 0.0065 0.0095 0.0065
1843     1843   (0)     20  : 0.9895 0.0035 0.0035 0.0035
1844     1844   (0)     20  : 0.9840 0.0030 0.0080 0.0050
1845     1845   (0)     20  : 0.9195 0.0425 0.0065 0.0315
1846     1846   (0)     20  : 0.9195 0.0665 0.0075 0.0065
1847     1847   (0)     20  : 0.9670 0.0150 0.0090 0.0090
1848     1848   (0)     20  : 0.9860 0.0050 0.0050 0.0040
1849     1849   (0)     20  : 0.9650 0.0095 0.0120 0.0135
1850     1850   (0)     20  : 0.9790 0.0040 0.0085 0.0085
1851     1851  (10)     21  : 0.0165 0.0030 0.9770 0.0035
1852     1852   (0)     21  : 0.2601 0.0070 0.7269 0.0060
1853     1853   (0)     21  : 0.0030 0.0040 0.9675 0.0255
1854     1854   (0)     21  : 0.0070 0.0040 0.9820 0.0070
1855     1855   (0)     21  : 0.1131 0.0320 0.8509 0.0040
1856     1856   (5)     21  : 0.0480 0.0310 0.9175 0.0035
1857     1857   (0)     21  : 0.0100 0.0030 0.9835 0.0035
1858     1858   (0)     21  : 0.0050 0.0045 0.9885 0.0020
1859     1859   (0)     21  : 0.0105 0.0040 0.8560 0.1295
1860     1860   (0)     21  : 0.0140 0.0230 0.9595 0.0035
1861     1861   (0)     21  : 0.0190 0.0040 0.4658 0.5112
1862     1862   (0)     21  : 0.0070 0.0030 0.9825 0.0075
1863     1863   (0)     21  : 0.0090 0.0020 0.9835 0.0055
1864     1864   (0)     21  : 0.0100 0.0050 0.9820 0.0030
1865     1865   (5)     21  : 0.0030 0.0020 0.9840 0.0110
1866     1866   (0)     21  : 0.0060 0.0030 0.9870 0.0040
1867     1867   (0)     21  : 0.0050 0.0045 0.9800 0.0105
1868     1868   (0)     21  : 0.0050 0.0030 0.9805 0.0115
1869     1869   (0)     21  : 0.0715 0.0055 0.9190 0.0040
1870     1870   (0)     21  : 0.0030 0.0025 0.9910 0.0035
1871     1871   (0)     21  : 0.0090 0.0035 0.9845 0.0030
1872     1872   (5)     21  : 0.0050 0.0040 0.9855 0.0055
1873     1873   (5)     21  : 0.0080 0.0030 0.8949 0.0941
1874     1874   (5)     21  : 0.0050 0.0065 0.9820 0.0065
1875     1875   (0)     21  : 0.0080 0.0065 0.9830 0.0025
1876     1876   (0)     21  : 0.0050 0.0030 0.9890 0.0030
1877     1877   (0)     21  : 0.0195 0.0030 0.9710 0.0065
1878     1878   (0)     21  : 0.0030 0.0085 0.9860 0.0025
1879     1879   (0)     21  : 0.0185 0.0030 0.9740 0.0045
1880     1880   (0)     21  : 0.0060 0.0035 0.9800 0.0105
1881     1881   (0)     21  : 0.0040 0.0035 0.9685 0.0240
1882     1882   (0)     21  : 0.0040 0.0030 0.9865 0.0065
1883     1883   (0)     21  : 0.0200 0.0045 0.9715 0.0040
1884     1884   (0)     21  : 0.0020 0.0030 0.9860 0.0090
1885     1885   (0)     21  : 0.0835 0.0050 0.9075 0.0040
1886     1886   (0)     21  : 0.0040 0.0050 0.9485 0.0425
1887     1887   (5)     21  : 0.0245 0.0040 0.9595 0.0120
1888     1888   (0)     21  : 0.0100 0.0035 0.9765 0.0100
1889     1889   (0)     21  : 0.0100 0.0035 0.9815 0.0050
1890     1890   (0)     21  : 0.0040 0.0030 0.9865 0.0065
1891     1891   (0)     21  : 0.0095 0.0055 0.9775 0.0075
1892     1892   (0)     21  : 0.0030 0.0040 0.9855 0.0075
1893     1893   (5)     21  : 0.0070 0.0030 0.9780 0.0120
1894     1894   (5)     21  : 0.0165 0.0075 0.9670 0.0090
1895     1895   (5)     21  : 0.0095 0.0055 0.9665 0.0185
1896     1896   (5)     21  : 0.0070 0.0040 0.9760 0.0130
1897     1897   (5)     21  : 0.0040 0.0045 0.9795 0.0120
1898     1898   (5)     21  : 0.0070 0.0055 0.9740 0.0135
1899     1899   (0)     21  : 0.0030 0.0040 0.9875 0.0055
1900     1900   (5)     21  : 0.0140 0.0030 0.9760 0.0070
1901     1901   (0)     21  : 0.0285 0.0055 0.9600 0.0060
1902     1902   (0)     21  : 0.0085 0.0080 0.9660 0.0175
1903     1903   (0)     21  : 0.0175 0.0030 0.9695 0.0100
1904     1904   (0)     21  : 0.0060 0.0020 0.9890 0.0030
1905     1905   (0)     21  : 0.0125 0.0255 0.9555 0.0065
1906     1906   (0)     21  : 0.0070 0.0030 0.9820 0.0080
1907     1907   (0)     21  : 0.0040 0.0035 0.9840 0.0085
1908     1908   (0)     21  : 0.0030 0.0040 0.9885 0.0045
1909     1909   (0)     21  : 0.0050 0.0035 0.9430 0.0485
1910     1910   (0)     21  : 0.0070 0.0030 0.9840 0.0060
1911     1911   (0)     21  : 0.0170 0.0075 0.9725 0.0030
1912     1912   (0)     21  : 0.0060 0.9880 0.0035 0.0025
1913     1913   (0)     21  : 0.0040 0.0025 0.9870 0.0065
1914     1914   (0)     21  : 0.0080 0.0035 0.9820 0.0065
1915     1915   (0)     21  : 0.0070 0.0030 0.9860 0.0040
1916     1916   (0)     21  : 0.0260 0.0070 0.9625 0.0045
1917     1917   (0)     21  : 0.0060 0.0060 0.9860 0.0020
1918     1918   (0)     21  : 0.0680 0.0745 0.6052 0.2523
1919     1919   (0)     21  : 0.0380 0.0050 0.9255 0.0315
1920     1920   (0)     21  : 0.2725 0.0040 0.6825 0.0410
1921     1921   (0)     21  : 0.0070 0.0045 0.9850 0.0035
1922     1922   (0)     21  : 0.0070 0.0035 0.9850 0.0045
1923     1923   (0)     21  : 0.0040 0.0030 0.9865 0.0065
1924     1924   (0)     21  : 0.0175 0.0080 0.9690 0.0055
1925     1925   (0)     21  : 0.0080 0.0035 0.9835 0.0050
1926     1926   (0)     21  : 0.0070 0.0035 0.9865 0.0030
1927     1927   (0)     21  : 0.0075 0.0065 0.9820 0.0040
1928     1928   (0)     21  : 0.0155 0.0030 0.9530 0.0285
1929     1929   (0)     21  : 0.0040 0.0050 0.9760 0.0150
1930     1930   (0)     21  : 0.0170 0.0055 0.9735 0.0040
1931     1931   (0)     21  : 0.0040 0.0040 0.2000 0.7920
1932     1932   (0)     21  : 0.0305 0.0040 0.9610 0.0045
1933     1933   (0)     21  : 0.0300 0.0045 0.9600 0.0055
1934     1934   (0)     21  : 0.0300 0.0040 0.9585 0.0075
1935     1935   (0)     21  : 0.0125 0.0045 0.9790 0.0040
1936     1936   (0)     21  : 0.0095 0.0060 0.9800 0.0045
1937     1937   (0)     21  : 0.0100 0.0085 0.9795 0.0020
1938     1938   (0)     21  : 0.0080 0.0030 0.9785 0.0105
1939     1939   (0)     21  : 0.0040 0.0045 0.9840 0.0075
1940     1940   (0)     21  : 0.0040 0.0055 0.9845 0.0060
1941     1941   (0)     21  : 0.0180 0.0020 0.9705 0.0095
1942     1942   (0)     21  : 0.0060 0.0060 0.9835 0.0045
1943     1943  (10)     21  : 0.0090 0.0035 0.3515 0.6360
1944     1944   (0)     21  : 0.0060 0.0040 0.9775 0.0125
1945     1945   (0)     21  : 0.0275 0.0025 0.9650 0.0050
1946     1946   (0)     21  : 0.1080 0.0040 0.8424 0.0455
1947     1947   (0)     21  : 0.0075 0.0090 0.9320 0.0515
1948     1948   (0)     21  : 0.0355 0.0050 0.9550 0.0045
1949     1949   (0)     21  : 0.0070 0.0050 0.9835 0.0045
1950     1950   (0)     21  : 0.0050 0.0045 0.9825 0.0080
1951     1951   (0)     21  : 0.0030 0.0025 0.9910 0.0035
1952     1952   (0)     21  : 0.0060 0.0020 0.9865 0.0055
1953     1953   (0)     21  : 0.0050 0.0040 0.9775 0.0135
1954     1954   (0)     21  : 0.0070 0.0025 0.9855 0.0050
1955     1955   (0)     21  : 0.0060 0.0020 0.9845 0.0075
1956     1956   (0)     22  : 0.0045 0.0040 0.9845 0.0070
1957     1957  (10)     22  : 0.0040 0.0035 0.9820 0.0105
1958     1958  (10)     22  : 0.0275 0.0420 0.9215 0.0090
1959     1959   (5)     22  : 0.0090 0.0030 0.9815 0.0065
1960     1960   (5)     22  : 0.0040 0.0045 0.9790 0.0125
1961     1961   (0)     22  : 0.0060 0.0035 0.9770 0.0135
1962     1962   (5)     22  : 0.0040 0.0095 0.9345 0.0520
1963     1963   (5)     22  : 0.0060 0.0030 0.9240 0.0670
1964     1964   (0)     22  : 0.0030 0.0020 0.9860 0.0090
1965     1965   (0)     22  : 0.0040 0.0025 0.9875 0.0060
1966     1966   (0)     22  : 0.0040 0.0025 0.9875 0.0060
1967     1967   (0)     22  : 0.0030 0.0025 0.9910 0.0035
1968     1968   (0)     22  : 0.0050 0.0065 0.9830 0.0055
1969     1969   (5)     22  : 0.0085 0.0030 0.9835 0.0050
1970     1970   (5)     22  : 0.0050 0.0145 0.9695 0.0110
1971     1971  (10)     22  : 0.0050 0.0035 0.9825 0.0090
1972     1972   (0)     22  : 0.0040 0.0030 0.9885 0.0045
1973     1973   (5)     22  : 0.0050 0.0095 0.9530 0.0325
1974     1974   (5)     22  : 0.0075 0.0090 0.9795 0.0040
1975     1975   (0)     22  : 0.0050 0.0035 0.9880 0.0035
1976     1976   (5)     22  : 0.0070 0.0030 0.9695 0.0205
1977     1977   (0)     22  : 0.0070 0.0100 0.9795 0.0035
1978     1978   (5)     22  : 0.0050 0.0070 0.9775 0.0105
1979     1979   (0)     22  : 0.0030 0.0020 0.9750 0.0200
1980     1980   (0)     22  : 0.0040 0.0055 0.9480 0.0425
1981     1981   (0)     22  : 0.0030 0.0075 0.9810 0.0085
1982     1982   (0)     22  : 0.0040 0.0030 0.9615 0.0315
1983     1983   (0)     22  : 0.0190 0.0020 0.9695 0.0095
1984     1984   (0)     22  : 0.0140 0.0030 0.8480 0.1350
1985     1985   (0)     22  : 0.0040 0.0125 0.9535 0.0300
1986     1986   (0)     22  : 0.0050 0.0050 0.9850 0.0050
1987     1987   (0)     22  : 0.0135 0.0035 0.8456 0.1374
1988     1988   (0)     22  : 0.0245 0.0030 0.9595 0.0130
1989     1989   (0)     22  : 0.0040 0.0030 0.9885 0.0045
1990     1990   (0)     22  : 0.0100 0.0050 0.9790 0.0060
1991     1991   (0)     22  : 0.0040 0.0030 0.9890 0.0040
1992     1992   (0)     22  : 0.0040 0.0040 0.9895 0.0025
1993     1993   (0)     22  : 0.0050 0.0020 0.9890 0.0040
1994     1994   (5)     22  : 0.0040 0.0055 0.9840 0.0065
1995     1995   (5)     22  : 0.0060 0.0070 0.9660 0.0210
1996     1996   (0)     22  : 0.0040 0.0080 0.9845 0.0035
1997     1997  (15)     22  : 0.0080 0.0160 0.9685 0.0075
1998     1998  (10)     22  : 0.0030 0.0025 0.9765 0.0180
1999     1999  (10)     22  : 0.0060 0.0045 0.9845 0.0050
2000     2000  (10)     22  : 0.0140 0.0040 0.9755 0.0065
2001     2001   (5)     22  : 0.0215 0.0080 0.9620 0.0085
2002     2002   (5)     22  : 0.0070 0.0035 0.9815 0.0080
2003     2003   (5)     22  : 0.0090 0.0075 0.9805 0.0030
2004     2004   (5)     22  : 0.0040 0.0035 0.9790 0.0135
2005     2005   (5)     22  : 0.0085 0.0035 0.9835 0.0045
2006     2006   (5)     22  : 0.0090 0.0045 0.9830 0.0035
2007     2007  (15)     22  : 0.0080 0.0065 0.9775 0.0080
2008     2008   (5)     22  : 0.0040 0.0025 0.9850 0.0085
2009     2009   (5)     22  : 0.0035 0.0025 0.9890 0.0050
2010     2010  (15)     22  : 0.0080 0.0045 0.9775 0.0100
2011     2011   (5)     22  : 0.0090 0.0085 0.9710 0.0115
2012     2012   (5)     22  : 0.0855 0.0135 0.8880 0.0130
2013     2013   (5)     22  : 0.0060 0.0045 0.9860 0.0035
2014     2014   (5)     22  : 0.0040 0.0030 0.9740 0.0190
2015     2015  (10)     22  : 0.0040 0.0060 0.9845 0.0055
2016     2016   (5)     22  : 0.0040 0.0030 0.9246 0.0684
2017     2017   (5)     22  : 0.0050 0.0045 0.9885 0.0020
2018     2018  (10)     22  : 0.0060 0.0035 0.9640 0.0265
2019     2019  (10)     22  : 0.0120 0.0055 0.9770 0.0055
2020     2020  (10)     22  : 0.0090 0.0070 0.9760 0.0080
2021     2021  (10)     22  : 0.0240 0.0135 0.9355 0.0270
2022     2022   (5)     22  : 0.0115 0.0030 0.9805 0.0050
2023     2023  (10)     22  : 0.0510 0.0680 0.8720 0.0090
2024     2024   (0)     22  : 0.0070 0.0040 0.9600 0.0290
2025     2025   (5)     22  : 0.0040 0.0035 0.9565 0.0360
2026     2026   (0)     22  : 0.0040 0.0020 0.9885 0.0055
2027     2027   (0)     22  : 0.0020 0.0020 0.9935 0.0025
2028     2028   (0)     22  : 0.0050 0.0030 0.9875 0.0045
2029     2029   (0)     22  : 0.0060 0.0070 0.9650 0.0220
2030     2030   (0)     22  : 0.0050 0.0055 0.9855 0.0040
2031     2031   (0)     22  : 0.0050 0.0035 0.9655 0.0260
2032     2032   (0)     22  : 0.0060 0.0055 0.9405 0.0480
2033     2033  (10)     22  : 0.0050 0.0040 0.9835 0.0075
2034     2034  (10)     22  : 0.0075 0.0105 0.9745 0.0075
2035     2035   (0)     22  : 0.0050 0.0040 0.9765 0.0145
2036     2036   (5)     22  : 0.0080 0.0145 0.9640 0.0135
2037     2037   (0)     22  : 0.0125 0.0055 0.9700 0.0120
2038     2038   (5)     22  : 0.0070 0.0045 0.9840 0.0045
2039     2039   (5)     22  : 0.0060 0.0045 0.9750 0.0145
2040     2040   (5)     22  : 0.0060 0.0070 0.9615 0.0255
2041     2041  (10)     22  : 0.0055 0.0020 0.9850 0.0075
2042     2042   (0)     22  : 0.0030 0.0030 0.9905 0.0035
2043     2043   (0)     22  : 0.0050 0.0035 0.9855 0.0060
2044     2044   (0)     22  : 0.0050 0.0305 0.9590 0.0055
2045     2045   (0)     22  : 0.0030 0.0050 0.9885 0.0035
2046     2046   (0)     22  : 0.0050 0.0055 0.9835 0.0060
2047     2047   (0)     22  : 0.0040 0.0030 0.9890 0.0040
2048     2048   (0)     22  : 0.0600 0.0030 0.8901 0.0470
2049     2049   (0)     22  : 0.0080 0.0050 0.9825 0.0045
2050     2050   (0)     22  : 0.0030 0.0030 0.9785 0.0155
2051     2051   (0)     22  : 0.0070 0.0045 0.9840 0.0045
2052     2052   (0)     22  : 0.0060 0.0055 0.9845 0.0040
2053     2053   (0)     22  : 0.0110 0.0115 0.9555 0.0220
2054     2054   (0)     22  : 0.0230 0.0095 0.9570 0.0105
2055     2055   (0)     22  : 0.0345 0.0220 0.9350 0.0085
2056     2056   (0)     22  : 0.2131 0.0045 0.7524 0.0300
2057     2057   (0)     22  : 0.0070 0.0035 0.9835 0.0060
2058     2058   (0)     22  : 0.0070 0.0030 0.9830 0.0070
2059     2059   (5)     22  : 0.0090 0.0050 0.9815 0.0045
2060     2060   (0)     22  : 0.0185 0.0045 0.9680 0.0090
2061     2061   (5)     22  : 0.0070 0.0480 0.9315 0.0135
2062     2062   (0)     22  : 0.0235 0.0035 0.9695 0.0035
2063     2063   (0)     22  : 0.0040 0.0075 0.9315 0.0570
2064     2064   (0)     22  : 0.0040 0.0205 0.9700 0.0055
2065     2065   (0)     22  : 0.0050 0.0030 0.9855 0.0065
2066     2066   (0)     22  : 0.0040 0.0030 0.9865 0.0065
2067     2067   (0)     22  : 0.0225 0.0085 0.9575 0.0115
2068     2068   (0)     22  : 0.0050 0.0020 0.9765 0.0165
2069     2069   (0)     22  : 0.0030 0.0020 0.9915 0.0035
2070     2070   (0)     22  : 0.0040 0.0040 0.9875 0.0045
2071     2071   (0)     22  : 0.0030 0.0030 0.9900 0.0040
2072     2072   (0)     22  : 0.0130 0.0070 0.9300 0.0500
2073     2073   (0)     22  : 0.0040 0.0040 0.9885 0.0035
2074     2074   (0)     22  : 0.0080 0.0035 0.9840 0.0045
2075     2075   (5)     22  : 0.0040 0.0040 0.9870 0.0050
2076     2076   (0)     22  : 0.0030 0.0040 0.9845 0.0085
2077     2077   (0)     22  : 0.0100 0.0115 0.9690 0.0095
2078     2078   (0)     22  : 0.0040 0.0035 0.9830 0.0095
2079     2079  (10)     22  : 0.0080 0.0030 0.9770 0.0120
2080     2080   (0)     22  : 0.0055 0.0020 0.9880 0.0045
2081     2081   (0)     22  : 0.0040 0.0020 0.9870 0.0070
2082     2082   (0)     22  : 0.0030 0.0030 0.9880 0.0060
2083     2083  (10)     22  : 0.0050 0.0025 0.9890 0.0035
2084     2084   (5)     22  : 0.0115 0.0055 0.9795 0.0035
2085     2085   (0)     22  : 0.0110 0.0040 0.9785 0.0065
2086     2086   (5)     22  : 0.0030 0.0030 0.9895 0.0045
2087     2087   (5)     22  : 0.0150 0.0020 0.9795 0.0035
2088     2088  (10)     22  : 0.0140 0.0055 0.9765 0.0040
2089     2089   (0)     22  : 0.0050 0.0020 0.9845 0.0085
2090     2090   (5)     22  : 0.0170 0.0130 0.9635 0.0065
2091     2091  (10)     22  : 0.0050 0.0030 0.9830 0.0090
2092     2092   (0)     22  : 0.0165 0.0085 0.9710 0.0040
2093     2093   (0)     22  : 0.0185 0.0050 0.9665 0.0100
2094     2094   (0)     22  : 0.0995 0.0045 0.8930 0.0030
2095     2095   (0)     22  : 0.0125 0.0300 0.9500 0.0075
2096     2096   (0)     22  : 0.0175 0.0030 0.9710 0.0085
2097     2097   (0)     22  : 0.0100 0.0035 0.9820 0.0045
2098     2098   (0)     22  : 0.0050 0.0035 0.9770 0.0145
2099     2099   (0)     22  : 0.0055 0.0050 0.9785 0.0110
2100     2100   (0)     22  : 0.0050 0.0020 0.9845 0.0085
2101     2101   (5)     22  : 0.0110 0.0110 0.9750 0.0030
2102     2102   (0)     22  : 0.0030 0.0020 0.9880 0.0070
2103     2103   (0)     22  : 0.0100 0.0155 0.7750 0.1995
2104     2104   (0)     22  : 0.0040 0.0060 0.9855 0.0045
2105     2105   (5)     22  : 0.0100 0.0045 0.9740 0.0115
2106     2106   (0)     22  : 0.0060 0.0020 0.9845 0.0075
2107     2107   (0)     22  : 0.0390 0.0060 0.9464 0.0085
2108     2108   (0)     22  : 0.0140 0.0045 0.9680 0.0135
2109     2109   (0)     22  : 0.0070 0.0050 0.9755 0.0125
2110     2110   (0)     22  : 0.0030 0.0045 0.9885 0.0040
2111     2111   (0)     22  : 0.0110 0.0090 0.9320 0.0480
2112     2112   (0)     22  : 0.0160 0.0025 0.9760 0.0055
2113     2113   (0)     22  : 0.0020 0.0045 0.9880 0.0055
2114     2114   (0)     22  : 0.0080 0.0045 0.9790 0.0085
2115     2115   (0)     22  : 0.0070 0.0085 0.9780 0.0065
2116     2116   (0)     22  : 0.0050 0.0030 0.9095 0.0825
2117     2117   (0)     22  : 0.0120 0.0020 0.9780 0.0080
2118     2118   (0)     22  : 0.0040 0.0020 0.9905 0.0035
2119     2119   (0)     22  : 0.0050 0.0035 0.9870 0.0045
2120     2120   (0)     22  : 0.0040 0.0025 0.9900 0.0035
2121     2121   (0)     22  : 0.0100 0.0025 0.9825 0.0050
2122     2122   (0)     22  : 0.0080 0.0060 0.9810 0.0050
2123     2123   (0)     22  : 0.0060 0.0060 0.9825 0.0055
2124     2124   (0)     22  : 0.0040 0.0030 0.9860 0.0070
2125     2125   (0)     22  : 0.0040 0.0025 0.9900 0.0035
2126     2126  (10)     22  : 0.0145 0.0040 0.9745 0.0070
2127     2127   (5)     22  : 0.0165 0.0600 0.9150 0.0085
2128     2128  (10)     22  : 0.0100 0.0055 0.9780 0.0065
2129     2129   (5)     22  : 0.0120 0.0555 0.9065 0.0260
2130     2130  (10)     22  : 0.0070 0.0040 0.9755 0.0135
2131     2131  (10)     22  : 0.0250 0.0135 0.8886 0.0729
2132     2132   (0)     22  : 0.0060 0.0080 0.9630 0.0230
2133     2133   (5)     22  : 0.0155 0.0040 0.9690 0.0115
2134     2134   (5)     22  : 0.0115 0.0100 0.9705 0.0080
2135     2135  (10)     22  : 0.0110 0.0110 0.9530 0.0250
2136     2136   (0)     22  : 0.0080 0.0030 0.9775 0.0115
2137     2137   (0)     22  : 0.0040 0.0030 0.9875 0.0055
2138     2138   (0)     22  : 0.0050 0.0030 0.9875 0.0045
2139     2139   (0)     22  : 0.0040 0.0020 0.9900 0.0040
2140     2140   (0)     22  : 0.0105 0.0045 0.7951 0.1899
2141     2141   (0)     22  : 0.0305 0.0045 0.9625 0.0025
2142     2142   (0)     22  : 0.0070 0.0060 0.9765 0.0105
2143     2143   (0)     22  : 0.0120 0.0035 0.9815 0.0030
2144     2144   (0)     22  : 0.0225 0.0035 0.9710 0.0030
2145     2145   (5)     22  : 0.0080 0.0235 0.9625 0.0060
2146     2146   (0)     22  : 0.0395 0.0715 0.8776 0.0115
2147     2147   (0)     22  : 0.0030 0.0035 0.9870 0.0065
2148     2148  (10)     22  : 0.0050 0.0035 0.9845 0.0070
2149     2149   (5)     22  : 0.0030 0.0045 0.9825 0.0100
2150     2150   (0)     22  : 0.0030 0.0025 0.9910 0.0035
2151     2151   (5)     22  : 0.0150 0.0060 0.9725 0.0065
2152     2152   (5)     22  : 0.0145 0.0060 0.9680 0.0115
2153     2153   (0)     22  : 0.0165 0.0040 0.9675 0.0120
2154     2154   (0)     22  : 0.0030 0.0055 0.9800 0.0115
2155     2155   (0)     22  : 0.0075 0.0030 0.9830 0.0065
2156     2156   (0)     22  : 0.0220 0.0080 0.9660 0.0040
2157     2157   (0)     22  : 0.0060 0.0025 0.9750 0.0165
2158     2158   (0)     22  : 0.0100 0.0040 0.9710 0.0150
2159     2159   (0)     22  : 0.0060 0.0050 0.9840 0.0050
2160     2160   (0)     22  : 0.0150 0.0030 0.9780 0.0040
2161     2161   (0)     22  : 0.0070 0.0030 0.9865 0.0035
2162     2162   (0)     22  : 0.0090 0.0035 0.9810 0.0065
2163     2163   (0)     22  : 0.0030 0.0065 0.9790 0.0115
2164     2164   (0)     22  : 0.0315 0.0115 0.9520 0.0050
2165     2165   (0)     22  : 0.0110 0.0090 0.9770 0.0030
2166     2166   (0)     22  : 0.0090 0.0050 0.9830 0.0030
2167     2167   (0)     22  : 0.0040 0.0040 0.9555 0.0365
2168     2168   (0)     22  : 0.0080 0.0070 0.9675 0.0175
2169     2169   (0)     22  : 0.0040 0.0040 0.9550 0.0370
2170     2170   (0)     22  : 0.0105 0.0035 0.9820 0.0040
2171     2171   (0)     22  : 0.0060 0.0045 0.9860 0.0035
2172     2172   (0)     22  : 0.0185 0.0025 0.9740 0.0050
2173     2173   (0)     22  : 0.0160 0.0020 0.9785 0.0035
2174     2174   (0)     22  : 0.0040 0.0020 0.9850 0.0090
2175     2175   (0)     22  : 0.0040 0.0025 0.9590 0.0345
2176     2176   (0)     22  : 0.0050 0.0040 0.9450 0.0460
2177     2177   (0)     22  : 0.0050 0.0060 0.9760 0.0130
2178     2178   (0)     22  : 0.0080 0.0030 0.9845 0.0045
2179     2179   (0)     22  : 0.0060 0.0085 0.9770 0.0085
2180     2180   (0)     22  : 0.0020 0.0025 0.9860 0.0095
2181     2181   (0)     22  : 0.0070 0.0080 0.9780 0.0070
2182     2182   (0)     22  : 0.0050 0.0030 0.9875 0.0045
2183     2183   (0)     22  : 0.0060 0.0045 0.9820 0.0075
2184     2184   (0)     22  : 0.0050 0.0035 0.9810 0.0105
2185     2185   (0)     22  : 0.0040 0.0050 0.9875 0.0035
2186     2186   (0)     22  : 0.0090 0.0035 0.9780 0.0095
2187     2187   (0)     22  : 0.0060 0.0020 0.9835 0.0085
2188     2188   (0)     22  : 0.0080 0.0040 0.9545 0.0335
2189     2189   (0)     22  : 0.0030 0.0030 0.9905 0.0035
2190     2190   (0)     22  : 0.0030 0.0030 0.9900 0.0040
2191     2191   (0)     22  : 0.0060 0.0030 0.9855 0.0055
2192     2192   (0)     22  : 0.0060 0.0030 0.9875 0.0035
2193     2193   (0)     22  : 0.0075 0.0030 0.9850 0.0045
2194     2194   (0)     22  : 0.0060 0.0030 0.9875 0.0035
2195     2195   (0)     22  : 0.0050 0.0035 0.9870 0.0045
2196     2196   (5)     23  : 0.0045 0.0085 0.9825 0.0045
2197     2197   (0)     23  : 0.0225 0.0080 0.9650 0.0045
2198     2198   (0)     23  : 0.0040 0.0060 0.9840 0.0060
2199     2199   (0)     23  : 0.0070 0.0050 0.9835 0.0045
2200     2200   (0)     23  : 0.0040 0.0030 0.9815 0.0115
2201     2201   (0)     23  : 0.0060 0.0315 0.9515 0.0110
2202     2202   (0)     23  : 0.0180 0.0065 0.9595 0.0160
2203     2203   (0)     23  : 0.0225 0.0060 0.9285 0.0430
2204     2204   (0)     23  : 0.0220 0.0095 0.9600 0.0085
2205     2205   (0)     23  : 0.0040 0.0030 0.9890 0.0040
2206     2206   (0)     23  : 0.0050 0.0035 0.9855 0.0060
2207     2207   (0)     23  : 0.0195 0.0040 0.9655 0.0110
2208     2208   (0)     23  : 0.0080 0.0040 0.9790 0.0090
2209     2209   (0)     23  : 0.0050 0.0040 0.9870 0.0040
2210     2210   (0)     23  : 0.0060 0.0065 0.9160 0.0715
2211     2211   (0)     23  : 0.0050 0.0025 0.9870 0.0055
2212     2212   (0)     23  : 0.0060 0.0045 0.9865 0.0030
2213     2213   (0)     23  : 0.0080 0.0035 0.9850 0.0035
2214     2214   (0)     23  : 0.0110 0.0040 0.9820 0.0030
2215     2215   (0)     23  : 0.0400 0.0080 0.9490 0.0030
2216     2216   (0)     23  : 0.0040 0.0080 0.8809 0.1071
2217     2217   (0)     23  : 0.0075 0.0430 0.9455 0.0040
2218     2218   (0)     23  : 0.0215 0.0110 0.9595 0.0080
2219     2219   (0)     23  : 0.0120 0.0085 0.9675 0.0120
2220     2220   (0)     23  : 0.0065 0.0035 0.9870 0.0030
2221     2221   (0)     23  : 0.0155 0.0120 0.9670 0.0055
2222     2222   (0)     23  : 0.0125 0.0335 0.9420 0.0120
2223     2223   (0)     23  : 0.0165 0.0115 0.9660 0.0060
2224     2224   (0)     23  : 0.0050 0.0035 0.9760 0.0155
2225     2225   (0)     23  : 0.0070 0.0075 0.9825 0.0030
2226     2226   (0)     23  : 0.0080 0.0055 0.9630 0.0235
2227     2227  (10)     23  : 0.0085 0.0060 0.9790 0.0065
2228     2228   (5)     23  : 0.0050 0.0030 0.9810 0.0110
2229     2229   (0)     23  : 0.3636 0.0430 0.5839 0.0095
2230     2230   (0)     23  : 0.0135 0.0045 0.9795 0.0025
2231     2231   (0)     23  : 0.0215 0.0085 0.9550 0.0150
2232     2232   (0)     23  : 0.0360 0.0035 0.9560 0.0045
2233     2233   (0)     23  : 0.2230 0.0095 0.7595 0.0080
2234     2234   (0)     23  : 0.0155 0.0060 0.9765 0.0020
2235     2235   (0)     23  : 0.0110 0.0050 0.9760 0.0080
2236     2236   (0)     23  : 0.0200 0.0140 0.9625 0.0035
2237     2237   (0)     23  : 0.0050 0.0090 0.9830 0.0030
2238     2238   (5)     23  : 0.0660 0.0170 0.9135 0.0035
2239     2239   (0)     23  : 0.1614 0.0090 0.8171 0.0125
2240     2240   (0)     23  : 0.0145 0.0065 0.9755 0.0035
2241     2241   (0)     23  : 0.2440 0.0065 0.7455 0.0040
2242     2242   (0)     23  : 0.0145 0.0105 0.9685 0.0065
2243     2243   (0)     23  : 0.2689 0.0095 0.7186 0.0030
2244     2244   (5)     23  : 0.6931 0.0340 0.2684 0.0045
2245     2245   (0)     23  : 0.0060 0.0770 0.9105 0.0065
2246     2246   (0)     23  : 0.0080 0.0030 0.9445 0.0445
2247     2247   (0)     23  : 0.0080 0.0350 0.9540 0.0030
2248     2248   (0)     23  : 0.0110 0.0160 0.9675 0.0055
2249     2249   (0)     23  : 0.0050 0.0040 0.9820 0.0090
2250     2250   (0)     23  : 0.0070 0.0035 0.9820 0.0075
2251     2251   (5)     23  : 0.0110 0.0055 0.9765 0.0070
2252     2252   (5)     23  : 0.0175 0.1640 0.8155 0.0030
2253     2253   (0)     23  : 0.0040 0.0045 0.9880 0.0035
2254     2254   (0)     23  : 0.0375 0.0270 0.9280 0.0075
2255     2255   (0)     23  : 0.0475 0.0070 0.9420 0.0035
2256     2256   (0)     23  : 0.0050 0.0035 0.9885 0.0030
2257     2257   (0)     23  : 0.0090 0.0055 0.9800 0.0055
2258     2258   (0)     23  : 0.0215 0.0265 0.9455 0.0065
2259     2259   (0)     23  : 0.0070 0.0210 0.9685 0.0035
2260     2260   (0)     23  : 0.0270 0.0090 0.9600 0.0040
2261     2261   (0)     23  : 0.0190 0.0245 0.9510 0.0055
2262     2262   (0)     23  : 0.0030 0.0045 0.9890 0.0035
2263     2263   (0)     23  : 0.1165 0.0280 0.8510 0.0045
2264     2264   (0)     24  : 0.0040 0.0025 0.9875 0.0060
2265     2265   (0)     24  : 0.0040 0.0025 0.9875 0.0060
2266     2266   (0)     24  : 0.0040 0.0050 0.9850 0.0060
2267     2267   (0)     24  : 0.0085 0.0045 0.9755 0.0115
2268     2268   (0)     24  : 0.0070 0.0045 0.9840 0.0045
2269     2269   (0)     24  : 0.0050 0.0045 0.9880 0.0025
2270     2270   (0)     24  : 0.0050 0.0030 0.9870 0.0050
2271     2271   (0)     24  : 0.0095 0.1051 0.8819 0.0035
2272     2272   (0)     24  : 0.0100 0.0105 0.9685 0.0110
2273     2273   (0)     24  : 0.0140 0.0075 0.9670 0.0115
2274     2274   (0)     24  : 0.0040 0.0045 0.9875 0.0040
2275     2275   (0)     24  : 0.0530 0.0055 0.9355 0.0060
2276     2276   (0)     24  : 0.0030 0.0060 0.9890 0.0020
2277     2277   (0)     24  : 0.0135 0.0045 0.9740 0.0080
2278     2278   (0)     24  : 0.0050 0.0045 0.9870 0.0035
2279     2279   (0)     24  : 0.0040 0.0040 0.9885 0.0035
2280     2280   (0)     24  : 0.0130 0.0080 0.9720 0.0070
2281     2281   (0)     24  : 0.0075 0.0575 0.9315 0.0035
2282     2282   (0)     24  : 0.0030 0.0035 0.9905 0.0030
2283     2283   (0)     24  : 0.0115 0.0050 0.9790 0.0045
2284     2284   (0)     24  : 0.0310 0.0065 0.9580 0.0045
2285     2285   (0)     24  : 0.0885 0.0075 0.8956 0.0085
2286     2286   (0)     24  : 0.0225 0.0020 0.9675 0.0080
2287     2287   (0)     24  : 0.0330 0.0050 0.9480 0.0140
2288     2288   (0)     24  : 0.0395 0.0045 0.9525 0.0035
2289     2289   (0)     24  : 0.0060 0.0065 0.9835 0.0040
2290     2290   (0)     24  : 0.0165 0.0055 0.9755 0.0025
2291     2291   (0)     24  : 0.0050 0.0045 0.9840 0.0065
2292     2292   (0)     24  : 0.0070 0.0070 0.9815 0.0045
2293     2293   (0)     24  : 0.0125 0.0180 0.9575 0.0120
2294     2294   (0)     24  : 0.0175 0.0035 0.9685 0.0105
2295     2295   (0)     25  : 0.0080 0.0070 0.9810 0.0040
2296     2296   (0)     25  : 0.0200 0.0070 0.9685 0.0045
2297     2297   (0)     25  : 0.0040 0.0045 0.9885 0.0030
2298     2298   (0)     25  : 0.0050 0.0030 0.9850 0.0070
2299     2299   (0)     25  : 0.0040 0.0045 0.9840 0.0075
2300     2300   (0)     25  : 0.0080 0.0070 0.9785 0.0065
2301     2301   (0)     25  : 0.0255 0.0070 0.9635 0.0040
2302     2302   (0)     25  : 0.0090 0.0030 0.9850 0.0030
2303     2303   (0)     25  : 0.0310 0.0035 0.9620 0.0035
2304     2304   (0)     25  : 0.0050 0.0030 0.9885 0.0035
2305     2305   (0)     25  : 0.0100 0.0070 0.9785 0.0045
2306     2306   (0)     25  : 0.0120 0.0045 0.9715 0.0120
2307     2307   (0)     25  : 0.0260 0.0135 0.9575 0.0030
2308     2308   (0)     25  : 0.0020 0.0030 0.9910 0.0040
2309     2309   (0)     25  : 0.0055 0.0040 0.9820 0.0085
2310     2310   (0)     25  : 0.0455 0.0035 0.9475 0.0035
2311     2311   (0)     25  : 0.0050 0.0035 0.9875 0.0040
2312     2312   (0)     25  : 0.0045 0.0030 0.9895 0.0030
2313     2313   (0)     25  : 0.0320 0.1035 0.8551 0.0095
2314     2314   (0)     25  : 0.0060 0.0050 0.9850 0.0040
2315     2315   (0)     25  : 0.0150 0.0020 0.9800 0.0030
2316     2316   (0)     25  : 0.1305 0.0030 0.8635 0.0030
2317     2317   (0)     25  : 0.1040 0.0055 0.8780 0.0125
2318     2318   (0)     25  : 0.0110 0.0030 0.9800 0.0060
2319     2319   (0)     25  : 0.0190 0.0040 0.9725 0.0045
2320     2320   (0)     25  : 0.0105 0.0080 0.9785 0.0030
2321     2321   (0)     25  : 0.0115 0.0235 0.9590 0.0060
2322     2322   (0)     25  : 0.0165 0.0040 0.9465 0.0330
2323     2323   (0)     25  : 0.0040 0.0055 0.9835 0.0070
2324     2324   (0)     25  : 0.0190 0.0030 0.9735 0.0045
2325     2325   (0)     25  : 0.0060 0.0110 0.9715 0.0115
2326     2326   (0)     25  : 0.0040 0.0055 0.9860 0.0045
2327     2327   (0)     25  : 0.0235 0.0065 0.9630 0.0070
2328     2328   (0)     25  : 0.0250 0.0065 0.9590 0.0095
2329     2329   (0)     25  : 0.0030 0.0030 0.9910 0.0030
2330     2330   (0)     25  : 0.0185 0.0080 0.9615 0.0120
2331     2331   (0)     25  : 0.0070 0.0050 0.9810 0.0070
2332     2332   (0)     25  : 0.0070 0.0055 0.9825 0.0050
2333     2333   (0)     25  : 0.0040 0.0040 0.9860 0.0060
2334     2334   (0)     25  : 0.0060 0.0110 0.9755 0.0075
2335     2335   (0)     25  : 0.0040 0.0050 0.9885 0.0025
2336     2336   (0)     25  : 0.0040 0.0035 0.9825 0.0100
2337     2337   (0)     25  : 0.0150 0.0115 0.9710 0.0025
2338     2338   (0)     25  : 0.0060 0.0030 0.9880 0.0030
2339     2339   (0)     25  : 0.0150 0.0150 0.9620 0.0080
2340     2340   (0)     25  : 0.0030 0.0055 0.9845 0.0070
2341     2341   (0)     25  : 0.0320 0.0085 0.9550 0.0045
2342     2342   (0)     25  : 0.0145 0.0355 0.9420 0.0080
2343     2343   (0)     25  : 0.0090 0.0095 0.9745 0.0070
2344     2344   (0)     25  : 0.0060 0.0040 0.9865 0.0035
2345     2345   (0)     25  : 0.0060 0.0035 0.9870 0.0035
2346     2346   (0)     25  : 0.0050 0.0030 0.9890 0.0030
2347     2347   (0)     25  : 0.0030 0.0035 0.9910 0.0025
2348     2348   (0)     25  : 0.0230 0.0055 0.9300 0.0415
2349     2349   (0)     25  : 0.0080 0.0025 0.9825 0.0070
2350     2350   (0)     25  : 0.0070 0.0025 0.9785 0.0120
2351     2351   (0)     25  : 0.0050 0.0060 0.9835 0.0055
2352     2352   (0)     25  : 0.0335 0.0060 0.9450 0.0155
2353     2353   (0)     25  : 0.0065 0.0050 0.9845 0.0040
2354     2354   (0)     25  : 0.0070 0.0060 0.9825 0.0045
2355     2355   (0)     25  : 0.0040 0.0225 0.9705 0.0030
2356     2356   (0)     25  : 0.0210 0.0040 0.9695 0.0055
2357     2357   (0)     25  : 0.0040 0.0050 0.9865 0.0045
2358     2358   (0)     25  : 0.0120 0.0020 0.9700 0.0160
2359     2359   (0)     25  : 0.0245 0.0050 0.9675 0.0030
2360     2360   (0)     25  : 0.0190 0.0040 0.9665 0.0105
2361     2361   (0)     25  : 0.0735 0.0050 0.9170 0.0045
2362     2362   (0)     25  : 0.0075 0.0035 0.9860 0.0030
2363     2363   (0)     25  : 0.0135 0.0455 0.9346 0.0065
2364     2364   (0)     25  : 0.0040 0.0020 0.9910 0.0030
2365     2365   (0)     25  : 0.0060 0.0030 0.9875 0.0035
2366     2366   (0)     25  : 0.0030 0.0050 0.9870 0.0050
2367     2367   (0)     25  : 0.0095 0.0085 0.9760 0.0060
2368     2368   (0)     25  : 0.0100 0.0075 0.9780 0.0045
2369     2369   (0)     25  : 0.0135 0.0085 0.9665 0.0115
2370     2370   (0)     25  : 0.0070 0.0055 0.9830 0.0045
2371     2371   (0)     25  : 0.0050 0.0030 0.9855 0.0065
2372     2372   (0)     25  : 0.0030 0.0030 0.9920 0.0020
2373     2373   (0)     25  : 0.0120 0.0100 0.9750 0.0030
2374     2374   (0)     25  : 0.0070 0.0045 0.9860 0.0025
2375     2375   (0)     25  : 0.0090 0.0055 0.9820 0.0035
2376     2376   (0)     25  : 0.0320 0.0040 0.9595 0.0045
2377     2377   (0)     25  : 0.0095 0.0075 0.9755 0.0075
2378     2378   (0)     25  : 0.0130 0.0090 0.9630 0.0150
2379     2379   (0)     25  : 0.0285 0.0050 0.9565 0.0100
2380     2380   (0)     25  : 0.0070 0.0065 0.9830 0.0035
2381     2381   (0)     25  : 0.0560 0.0065 0.9300 0.0075
2382     2382   (0)     25  : 0.0030 0.0040 0.9865 0.0065
2383     2383   (0)     25  : 0.0180 0.0145 0.9630 0.0045
2384     2384   (0)     25  : 0.0225 0.0220 0.9475 0.0080
2385     2385   (0)     25  : 0.0070 0.0035 0.9840 0.0055
2386     2386   (0)     25  : 0.0030 0.0035 0.9905 0.0030
2387     2387   (0)     25  : 0.0060 0.0020 0.9865 0.0055
2388     2388   (0)     25  : 0.0050 0.0075 0.9840 0.0035
2389     2389   (0)     25  : 0.0095 0.0085 0.9400 0.0420
2390     2390   (0)     25  : 0.0040 0.0020 0.9910 0.0030
2391     2391   (0)     25  : 0.0100 0.0045 0.9765 0.0090
2392     2392   (0)     25  : 0.0185 0.0050 0.9715 0.0050
2393     2393   (0)     25  : 0.0390 0.0105 0.9449 0.0055
2394     2394   (0)     25  : 0.0060 0.0040 0.9860 0.0040
2395     2395   (0)     25  : 0.0155 0.0080 0.9730 0.0035
2396     2396   (0)     25  : 0.0425 0.0095 0.9435 0.0045
2397     2397   (0)     25  : 0.0971 0.0035 0.8884 0.0110
2398     2398   (0)     25  : 0.0060 0.0170 0.9725 0.0045
2399     2399   (0)     25  : 0.0165 0.0030 0.9775 0.0030
2400     2400   (0)     25  : 0.0050 0.0030 0.9855 0.0065
2401     2401   (0)     25  : 0.0105 0.0045 0.9770 0.0080
2402     2402   (0)     25  : 0.0040 0.0055 0.9855 0.0050
2403     2403   (0)     25  : 0.0090 0.0025 0.9715 0.0170
2404     2404   (0)     25  : 0.0030 0.0030 0.9910 0.0030
2405     2405   (0)     25  : 0.0375 0.0055 0.9480 0.0090
2406     2406   (0)     25  : 0.0435 0.0045 0.9385 0.0135
2407     2407   (0)     25  : 0.0060 0.0060 0.9750 0.0130
2408     2408   (0)     25  : 0.0040 0.0040 0.9890 0.0030
2409     2409   (0)     25  : 0.0050 0.0030 0.9900 0.0020
2410     2410   (0)     25  : 0.0070 0.0065 0.9835 0.0030
2411     2411   (0)     25  : 0.0050 0.0025 0.9895 0.0030
2412     2412   (0)     25  : 0.0040 0.0095 0.9790 0.0075
2413     2413   (0)     25  : 0.0040 0.0035 0.9875 0.0050
2414     2414   (0)     25  : 0.0195 0.0130 0.9590 0.0085
2415     2415   (0)     25  : 0.0125 0.0040 0.9795 0.0040
2416     2416   (0)     25  : 0.0050 0.0030 0.9890 0.0030
2417     2417   (0)     25  : 0.0040 0.0035 0.9505 0.0420
2418     2418   (0)     25  : 0.1130 0.0085 0.8665 0.0120
2419     2419   (0)     25  : 0.0070 0.0250 0.9625 0.0055
2420     2420   (0)     26  : 0.0040 0.0040 0.9880 0.0040
2421     2421   (0)     26  : 0.0060 0.0210 0.9685 0.0045
2422     2422   (0)     26  : 0.0155 0.0070 0.9700 0.0075
2423     2423   (0)     26  : 0.0205 0.0075 0.9670 0.0050
2424     2424   (0)     26  : 0.0060 0.0045 0.9855 0.0040
2425     2425   (0)     26  : 0.0070 0.0120 0.9755 0.0055
2426     2426   (0)     26  : 0.0040 0.0200 0.9735 0.0025
2427     2427   (0)     26  : 0.0105 0.0045 0.9805 0.0045
2428     2428   (0)     26  : 0.0205 0.0095 0.9645 0.0055
2429     2429   (0)     26  : 0.0836 0.0065 0.8699 0.0400
2430     2430   (0)     26  : 0.0050 0.0050 0.9875 0.0025
2431     2431   (0)     26  : 0.1306 0.0085 0.8569 0.0040
2432     2432   (0)     26  : 0.0070 0.0055 0.9845 0.0030
2433     2433   (0)     26  : 0.0040 0.0065 0.9850 0.0045
2434     2434   (0)     26  : 0.0070 0.0040 0.9865 0.0025
2435     2435  (10)     26  : 0.0085 0.0110 0.9765 0.0040
2436     2436   (0)     26  : 0.0780 0.0075 0.9080 0.0065
2437     2437   (0)     26  : 0.0065 0.0185 0.9605 0.0145
2438     2438   (0)     26  : 0.0050 0.0060 0.9835 0.0055
2439     2439   (0)     26  : 0.0200 0.1824 0.7911 0.0065
2440     2440   (5)     26  : 0.0050 0.0070 0.9835 0.0045
2441     2441   (0)     26  : 0.0050 0.0040 0.9825 0.0085
2442     2442   (0)     26  : 0.0050 0.0125 0.9800 0.0025
2443     2443   (0)     26  : 0.0060 0.0545 0.9255 0.0140
2444     2444   (0)     26  : 0.0070 0.0075 0.9805 0.0050
2445     2445   (0)     26  : 0.0070 0.0040 0.9845 0.0045
2446     2446   (0)     26  : 0.0635 0.0040 0.9300 0.0025
2447     2447   (5)     26  : 0.0050 0.0120 0.9810 0.0020
2448     2448   (0)     26  : 0.0050 0.0050 0.9865 0.0035
2449     2449   (0)     26  : 0.0040 0.0045 0.9875 0.0040
2450     2450   (0)     26  : 0.0085 0.0115 0.9760 0.0040
2451     2451   (0)     26  : 0.0240 0.0025 0.9630 0.0105
2452     2452   (0)     26  : 0.0115 0.0040 0.9795 0.0050
2453     2453   (0)     26  : 0.0260 0.0070 0.9500 0.0170
2454     2454   (0)     26  : 0.0075 0.0045 0.9840 0.0040
2455     2455   (0)     26  : 0.0070 0.0045 0.9840 0.0045
2456     2456   (0)     26  : 0.0050 0.0145 0.9785 0.0020
2457     2457   (5)     26  : 0.0110 0.0050 0.9750 0.0090
2458     2458   (0)     26  : 0.0620 0.0060 0.9290 0.0030
2459     2459   (0)     26  : 0.0100 0.0060 0.9810 0.0030
2460     2460   (0)     26  : 0.0145 0.0040 0.9785 0.0030
2461     2461   (5)     26  : 0.0040 0.0055 0.9865 0.0040
2462     2462   (5)     26  : 0.0200 0.0265 0.9495 0.0040
2463     2463  (10)     26  : 0.0140 0.0065 0.9750 0.0045
2464     2464   (5)     26  : 0.0465 0.0425 0.9075 0.0035
2465     2465   (5)     26  : 0.0100 0.0030 0.9840 0.0030
2466     2466   (5)     26  : 0.0070 0.0030 0.9850 0.0050
2467     2467   (5)     26  : 0.0120 0.1265 0.8580 0.0035
2468     2468   (5)     26  : 0.0270 0.0055 0.9625 0.0050
2469     2469  (10)     26  : 0.0050 0.0040 0.9870 0.0040
2470     2470   (5)     26  : 0.0160 0.0140 0.9650 0.0050
2471     2471   (5)     26  : 0.0075 0.0030 0.9845 0.0050
2472     2472   (5)     26  : 0.0250 0.0080 0.9525 0.0145
2473     2473   (0)     27  : 0.0045 0.0055 0.9870 0.0030
2474     2474   (0)     27  : 0.0080 0.0040 0.9860 0.0020
2475     2475   (0)     27  : 0.0145 0.0060 0.9730 0.0065
2476     2476   (0)     27  : 0.0110 0.0040 0.9785 0.0065
2477     2477   (0)     27  : 0.0030 0.0045 0.9900 0.0025
2478     2478   (0)     27  : 0.0135 0.0040 0.9780 0.0045
2479     2479   (0)     27  : 0.0095 0.0050 0.9825 0.0030
2480     2480   (0)     27  : 0.0040 0.0325 0.9575 0.0060
2481     2481   (0)     27  : 0.0100 0.0180 0.9670 0.0050
2482     2482   (0)     27  : 0.1354 0.0330 0.8261 0.0055
2483     2483   (0)     27  : 0.0070 0.0655 0.9215 0.0060
2484     2484   (0)     27  : 0.0070 0.0140 0.9765 0.0025
2485     2485   (0)     27  : 0.0475 0.0095 0.9400 0.0030
2486     2486   (0)     27  : 0.0275 0.0065 0.9620 0.0040
2487     2487   (0)     27  : 0.0040 0.0110 0.9820 0.0030
2488     2488   (0)     27  : 0.0040 0.0120 0.9800 0.0040
2489     2489   (0)     27  : 0.0040 0.0045 0.9870 0.0045
2490     2490   (0)     27  : 0.0235 0.0600 0.9120 0.0045
2491     2491   (0)     27  : 0.0050 0.0135 0.9770 0.0045
2492     2492   (0)     27  : 0.0390 0.0070 0.9470 0.0070
2493     2493   (0)     27  : 0.0140 0.0030 0.9760 0.0070
2494     2494   (0)     27  : 0.0050 0.0040 0.9855 0.0055
2495     2495   (0)     27  : 0.0090 0.0030 0.9850 0.0030
2496     2496   (0)     27  : 0.0050 0.0055 0.9840 0.0055
2497     2497   (0)     27  : 0.0155 0.0355 0.9400 0.0090
2498     2498   (0)     27  : 0.0050 0.0030 0.9890 0.0030
2499     2499   (0)     27  : 0.0105 0.0110 0.9615 0.0170
2500     2500   (0)     27  : 0.0220 0.0070 0.9650 0.0060
2501     2501   (0)     27  : 0.0070 0.0285 0.9600 0.0045
2502     2502   (0)     27  : 0.0050 0.0060 0.9845 0.0045
2503     2503   (0)     27  : 0.0070 0.0090 0.9805 0.0035
2504     2504   (0)     27  : 0.0190 0.0085 0.9680 0.0045
2505     2505   (0)     27  : 0.0185 0.0894 0.8846 0.0075
2506     2506   (0)     27  : 0.0220 0.0205 0.9430 0.0145
2507     2507   (0)     27  : 0.0160 0.0035 0.9755 0.0050
2508     2508   (0)     27  : 0.0060 0.0170 0.9710 0.0060
2509     2509   (0)     27  : 0.0040 0.0040 0.9835 0.0085
2510     2510   (0)     27  : 0.0030 0.0110 0.9830 0.0030
2511     2511   (0)     27  : 0.0070 0.0050 0.9680 0.0200
2512     2512   (0)     27  : 0.0085 0.0160 0.9725 0.0030
2513     2513   (0)     27  : 0.0245 0.0050 0.9650 0.0055
2514     2514   (0)     27  : 0.0560 0.0040 0.9375 0.0025
2515     2515   (0)     27  : 0.0040 0.0020 0.9920 0.0020
2516     2516   (0)     27  : 0.0070 0.0100 0.9785 0.0045
2517     2517   (0)     27  : 0.0190 0.0120 0.9655 0.0035
2518     2518   (0)     27  : 0.0070 0.0045 0.9645 0.0240
2519     2519   (0)     27  : 0.0125 0.0165 0.9680 0.0030
2520     2520   (0)     27  : 0.0250 0.0075 0.9630 0.0045
2521     2521   (0)     27  : 0.0040 0.0085 0.9795 0.0080
2522     2522   (0)     27  : 0.0050 0.0180 0.9715 0.0055
2523     2523   (0)     27  : 0.0040 0.0025 0.9905 0.0030
2524     2524   (0)     27  : 0.0220 0.0055 0.9700 0.0025
2525     2525   (0)     27  : 0.0050 0.0050 0.9755 0.0145
2526     2526   (0)     27  : 0.0145 0.0170 0.9640 0.0045
2527     2527   (0)     27  : 0.0075 0.0165 0.9715 0.0045
2528     2528   (0)     27  : 0.0050 0.0315 0.9610 0.0025
2529     2529   (0)     27  : 0.0070 0.0030 0.9875 0.0025
2530     2530   (0)     27  : 0.0095 0.0070 0.9750 0.0085
2531     2531   (0)     27  : 0.0070 0.0045 0.9835 0.0050
2532     2532   (0)     27  : 0.0080 0.0300 0.9455 0.0165
2533     2533   (0)     27  : 0.0555 0.0270 0.9130 0.0045
2534     2534   (0)     27  : 0.0070 0.0060 0.9835 0.0035
2535     2535   (0)     27  : 0.0080 0.0085 0.9800 0.0035
2536     2536   (0)     27  : 0.0050 0.0080 0.9825 0.0045
2537     2537   (0)     27  : 0.0050 0.0030 0.9890 0.0030
2538     2538   (0)     27  : 0.0430 0.0060 0.9480 0.0030
2539     2539   (0)     27  : 0.0170 0.0130 0.9620 0.0080
2540     2540   (0)     27  : 0.0160 0.0040 0.9765 0.0035
2541     2541   (0)     27  : 0.0050 0.0045 0.9850 0.0055
2542     2542   (0)     27  : 0.0070 0.0075 0.9780 0.0075
2543     2543   (0)     27  : 0.0265 0.0095 0.9615 0.0025
2544     2544   (0)     27  : 0.0060 0.0150 0.9760 0.0030
2545     2545   (0)     27  : 0.0980 0.0030 0.8955 0.0035
2546     2546   (0)     27  : 0.0070 0.0025 0.9850 0.0055
2547     2547   (0)     27  : 0.0050 0.0030 0.9870 0.0050
2548     2548   (0)     27  : 0.0060 0.0050 0.9855 0.0035
2549     2549   (0)     27  : 0.1155 0.0065 0.8715 0.0065
2550     2550   (0)     27  : 0.0390 0.0145 0.9430 0.0035
2551     2551   (0)     27  : 0.0100 0.0030 0.9840 0.0030
2552     2552   (0)     27  : 0.0030 0.0030 0.9910 0.0030
2553     2553   (0)     27  : 0.0030 0.0030 0.9910 0.0030
2554     2554   (0)     27  : 0.0050 0.0020 0.9905 0.0025
2555     2555   (0)     27  : 0.0090 0.0040 0.9815 0.0055
2556     2556   (0)     27  : 0.0080 0.0140 0.9650 0.0130
2557     2557   (0)     27  : 0.0210 0.0090 0.9655 0.0045
2558     2558   (0)     27  : 0.0060 0.0045 0.9865 0.0030
2559     2559   (0)     27  : 0.0040 0.0055 0.9860 0.0045
2560     2560   (0)     27  : 0.0160 0.0075 0.9705 0.0060
2561     2561   (0)     27  : 0.0110 0.0075 0.9780 0.0035
2562     2562   (0)     27  : 0.0080 0.0040 0.9825 0.0055
2563     2563   (0)     27  : 0.0330 0.0035 0.9465 0.0170
2564     2564   (0)     27  : 0.0090 0.0100 0.9775 0.0035
2565     2565   (0)     27  : 0.0250 0.0050 0.9520 0.0180
2566     2566   (0)     27  : 0.0215 0.0050 0.9705 0.0030
2567     2567   (0)     27  : 0.1260 0.0325 0.8380 0.0035
2568     2568   (0)     27  : 0.0320 0.0060 0.9590 0.0030
2569     2569   (0)     27  : 0.0090 0.0145 0.9725 0.0040
2570     2570   (0)     27  : 0.0155 0.0075 0.9740 0.0030
2571     2571   (0)     27  : 0.0060 0.0065 0.9855 0.0020
2572     2572   (0)     27  : 0.0190 0.0080 0.9640 0.0090
2573     2573   (0)     27  : 0.0050 0.0030 0.9885 0.0035
2574     2574   (0)     27  : 0.0100 0.0600 0.9206 0.0095
2575     2575   (0)     27  : 0.0070 0.0025 0.9830 0.0075
2576     2576   (0)     27  : 0.0060 0.0080 0.9815 0.0045
2577     2577   (0)     27  : 0.0315 0.0080 0.9475 0.0130
2578     2578   (0)     27  : 0.0250 0.0115 0.9590 0.0045
2579     2579   (0)     27  : 0.0050 0.0035 0.9845 0.0070
2580     2580   (0)     27  : 0.0195 0.0050 0.9735 0.0020
2581     2581   (0)     27  : 0.0230 0.0185 0.9545 0.0040
2582     2582   (0)     27  : 0.0445 0.0110 0.9395 0.0050
2583     2583   (0)     27  : 0.0115 0.0075 0.9685 0.0125
2584     2584   (0)     27  : 0.0550 0.0220 0.9185 0.0045
2585     2585   (0)     27  : 0.0120 0.0080 0.9750 0.0050
2586     2586   (0)     27  : 0.0050 0.0100 0.9655 0.0195
2587     2587   (0)     27  : 0.0050 0.0030 0.9890 0.0030
2588     2588   (0)     27  : 0.0060 0.0035 0.9875 0.0030
2589     2589   (0)     27  : 0.0080 0.0290 0.9595 0.0035
2590     2590   (0)     27  : 0.0105 0.0050 0.9775 0.0070
2591     2591   (0)     27  : 0.0130 0.0030 0.9805 0.0035
2592     2592   (0)     27  : 0.0070 0.0135 0.9765 0.0030
2593     2593   (0)     27  : 0.0375 0.0160 0.9425 0.0040
2594     2594   (0)     27  : 0.0090 0.0075 0.9705 0.0130
2595     2595   (0)     27  : 0.0260 0.0120 0.9520 0.0100
2596     2596   (0)     27  : 0.0155 0.0060 0.9740 0.0045
2597     2597   (0)     27  : 0.0135 0.0050 0.9785 0.0030
2598     2598   (5)     28  : 0.0075 0.0030 0.0050 0.9845
2599     2599   (0)     28  : 0.0070 0.0040 0.0090 0.9800
2600     2600   (0)     28  : 0.0040 0.0035 0.0045 0.9880
2601     2601   (0)     28  : 0.0065 0.0060 0.0110 0.9765
2602     2602   (0)     28  : 0.0030 0.0020 0.0035 0.9915
2603     2603   (0)     28  : 0.0020 0.0045 0.0140 0.9795
2604     2604   (0)     28  : 0.0055 0.0020 0.0035 0.9890
2605     2605   (0)     28  : 0.0025 0.0025 0.0040 0.9910
2606     2606   (0)     28  : 0.0055 0.0050 0.0035 0.9860
2607     2607   (0)     28  : 0.0030 0.0025 0.0040 0.9905
2608     2608   (0)     28  : 0.0025 0.0020 0.0025 0.9930
2609     2609   (0)     28  : 0.0035 0.0025 0.0030 0.9910
2610     2610   (0)     28  : 0.0070 0.0025 0.0035 0.9870
2611     2611   (5)     28  : 0.0030 0.0020 0.0025 0.9925
2612     2612   (0)     28  : 0.0060 0.0020 0.0050 0.9870
2613     2613   (0)     28  : 0.0050 0.0020 0.0030 0.9900
2614     2614   (0)     28  : 0.0025 0.0075 0.0040 0.9860
2615     2615   (0)     28  : 0.0040 0.0020 0.0035 0.9905
2616     2616   (0)     28  : 0.0025 0.0020 0.0030 0.9925
2617     2617   (0)     28  : 0.0040 0.0025 0.0035 0.9900
2618     2618   (0)     28  : 0.0030 0.0020 0.0030 0.9920
2619     2619   (0)     28  : 0.0030 0.0035 0.0035 0.9900
2620     2620   (0)     28  : 0.0020 0.0020 0.0030 0.9930
2621     2621   (0)     28  : 0.0025 0.0020 0.0020 0.9935
2622     2622   (0)     28  : 0.0020 0.0020 0.0020 0.9940
2623     2623   (0)     28  : 0.0020 0.0025 0.0025 0.9930
2624     2624   (0)     28  : 0.0040 0.0025 0.0040 0.9895
2625     2625   (0)     28  : 0.0025 0.0020 0.0025 0.9930
2626     2626   (0)     29  : 0.0025 0.0025 0.0060 0.9890
2627     2627   (0)     29  : 0.0040 0.0020 0.0040 0.9900
2628     2628   (0)     29  : 0.0085 0.0050 0.0065 0.9800
2629     2629   (0)     29  : 0.0045 0.0030 0.0060 0.9865
2630     2630   (0)     29  : 0.0045 0.0025 0.0030 0.9900
2631     2631   (0)     29  : 0.0045 0.0025 0.0040 0.9890
2632     2632   (0)     29  : 0.0040 0.0035 0.0050 0.9875
2633     2633   (0)     29  : 0.0025 0.0020 0.0035 0.9920
2634     2634   (0)     29  : 0.0035 0.0035 0.0040 0.9890
2635     2635   (0)     29  : 0.0035 0.0020 0.0040 0.9905
2636     2636   (0)     29  : 0.0020 0.0020 0.0030 0.9930
2637     2637   (0)     29  : 0.0025 0.0020 0.0030 0.9925
2638     2638   (0)     29  : 0.0025 0.0020 0.0035 0.9920
2639     2639   (0)     29  : 0.0035 0.0020 0.0035 0.9910
2640     2640   (0)     29  : 0.0035 0.0020 0.0060 0.9885
2641     2641   (0)     29  : 0.0035 0.0025 0.0040 0.9900
2642     2642   (0)     29  : 0.0025 0.0020 0.0020 0.9935
2643     2643   (0)     29  : 0.0045 0.0020 0.0055 0.9880
2644     2644   (0)     29  : 0.0025 0.0020 0.0040 0.9915
2645     2645   (0)     29  : 0.0035 0.0020 0.0035 0.9910
2646     2646   (0)     29  : 0.0255 0.0055 0.0050 0.9640
2647     2647   (0)     29  : 0.0030 0.0045 0.0065 0.9860
2648     2648   (0)     29  : 0.0040 0.0020 0.0035 0.9905
2649     2649   (0)     29  : 0.0055 0.0035 0.0040 0.9870
2650     2650   (0)     29  : 0.0030 0.0020 0.0035 0.9915
2651     2651   (0)     29  : 0.0055 0.0040 0.0060 0.9845
2652     2652   (0)     29  : 0.0065 0.0020 0.0030 0.9885
2653     2653   (0)     29  : 0.0025 0.0020 0.0035 0.9920
2654     2654   (0)     29  : 0.0020 0.0025 0.0030 0.9925
2655     2655   (0)     29  : 0.0030 0.0020 0.0040 0.9910
2656     2656   (0)     29  : 0.0030 0.0020 0.0035 0.9915
2657     2657   (0)     29  : 0.0040 0.0020 0.0035 0.9905
2658     2658   (0)     29  : 0.0045 0.0030 0.0035 0.9890
2659     2659   (0)     29  : 0.0025 0.0020 0.0025 0.9930
2660     2660   (0)     29  : 0.0025 0.0020 0.0030 0.9925
2661     2661   (0)     29  : 0.0080 0.0115 0.0055 0.9750
2662     2662   (0)     29  : 0.0050 0.0055 0.0040 0.9855
2663     2663   (0)     29  : 0.0055 0.0060 0.0040 0.9845
2664     2664   (0)     29  : 0.0035 0.0020 0.0050 0.9895
2665     2665   (0)     29  : 0.0025 0.0020 0.0025 0.9930
2666     2666   (0)     29  : 0.0055 0.0050 0.0035 0.9860
2667     2667   (0)     29  : 0.0040 0.0020 0.0040 0.9900
2668     2668   (0)     29  : 0.0025 0.0075 0.0035 0.9865
2669     2669   (0)     29  : 0.0030 0.0030 0.0060 0.9880
2670     2670   (0)     29  : 0.0020 0.0020 0.0030 0.9930
2671     2671   (0)     29  : 0.0030 0.0025 0.0035 0.9910
2672     2672   (0)     29  : 0.0025 0.0050 0.0045 0.9880
2673     2673   (0)     29  : 0.0030 0.0060 0.0045 0.9865
2674     2674   (0)     29  : 0.0020 0.0020 0.0025 0.9935
2675     2675   (0)     29  : 0.0035 0.0030 0.0035 0.9900
2676     2676   (0)     29  : 0.0025 0.0025 0.0030 0.9920
2677     2677   (0)     29  : 0.0035 0.0030 0.0035 0.9900
2678     2678   (0)     29  : 0.0035 0.0020 0.0045 0.9900
2679     2679   (0)     29  : 0.0020 0.0020 0.0025 0.9935
2680     2680   (0)     29  : 0.0035 0.0020 0.0025 0.9920
2681     2681   (0)     29  : 0.0040 0.0035 0.0030 0.9895
2682     2682   (0)     29  : 0.0025 0.0025 0.0035 0.9915
2683     2683   (0)     29  : 0.0045 0.0085 0.0050 0.9820
2684     2684   (0)     29  : 0.0035 0.0025 0.0035 0.9905
2685     2685   (0)     29  : 0.0290 0.0035 0.0060 0.9615
2686     2686   (0)     29  : 0.0025 0.0020 0.0030 0.9925
2687     2687   (0)     29  : 0.0025 0.0025 0.0035 0.9915
2688     2688   (0)     29  : 0.0085 0.0025 0.0330 0.9560
2689     2689   (0)     29  : 0.0040 0.0025 0.0025 0.9910
2690     2690   (0)     29  : 0.0025 0.0020 0.0030 0.9925
2691     2691   (0)     29  : 0.0060 0.0025 0.0025 0.9890
2692     2692   (0)     29  : 0.0045 0.0030 0.0070 0.9855
2693     2693   (0)     29  : 0.0050 0.0020 0.0035 0.9895
2694     2694   (0)     29  : 0.0035 0.0020 0.0025 0.9920
2695     2695   (0)     29  : 0.0035 0.0025 0.0025 0.9915
2696     2696   (0)     29  : 0.0025 0.0020 0.0030 0.9925
2697     2697   (0)     29  : 0.0030 0.0020 0.0035 0.9915
2698     2698   (0)     29  : 0.0025 0.0020 0.0035 0.9920
2699     2699   (0)     29  : 0.0025 0.0020 0.0035 0.9920
2700     2700   (0)     29  : 0.0045 0.0030 0.0050 0.9875
2701     2701   (0)     29  : 0.0025 0.0020 0.0045 0.9910
2702     2702   (0)     29  : 0.0025 0.0020 0.0030 0.9925
2703     2703   (0)     29  : 0.0045 0.0030 0.0040 0.9885
2704     2704   (0)     29  : 0.0035 0.0040 0.0050 0.9875
2705     2705   (0)     29  : 0.0020 0.0020 0.0025 0.9935
2706     2706   (0)     29  : 0.0025 0.0020 0.0035 0.9920
2707     2707   (0)     29  : 0.0035 0.0025 0.0040 0.9900
2708     2708   (0)     29  : 0.0025 0.0020 0.0025 0.9930
2709     2709   (0)     29  : 0.0030 0.0025 0.0035 0.9910
2710     2710   (0)     29  : 0.0080 0.0050 0.0040 0.9830
2711     2711   (0)     29  : 0.0035 0.0045 0.0025 0.9895
2712     2712   (0)     29  : 0.0030 0.0025 0.0040 0.9905
2713     2713   (0)     29  : 0.0035 0.0025 0.0040 0.9900
2714     2714   (0)     29  : 0.0055 0.0030 0.0030 0.9885
2715     2715   (0)     29  : 0.0025 0.0020 0.0025 0.9930
2716     2716   (0)     29  : 0.0035 0.0030 0.0020 0.9915
2717     2717   (0)     29  : 0.0035 0.0020 0.0040 0.9905
2718     2718   (0)     29  : 0.0025 0.0020 0.0025 0.9930
2719     2719   (0)     29  : 0.0035 0.0020 0.0025 0.9920
2720     2720   (0)     29  : 0.0060 0.0025 0.0065 0.9850
2721     2721   (0)     29  : 0.0025 0.0020 0.0025 0.9930
2722     2722   (0)     29  : 0.0030 0.0020 0.0035 0.9915
2723     2723   (0)     29  : 0.0025 0.0020 0.0025 0.9930
2724     2724   (0)     29  : 0.0025 0.0020 0.0025 0.9930
2725     2725   (0)     29  : 0.0025 0.0020 0.0030 0.9925
2726     2726   (0)     29  : 0.0040 0.0020 0.0030 0.9910
2727     2727   (0)     29  : 0.0035 0.0025 0.0030 0.9910
2728     2728   (0)     29  : 0.0020 0.0020 0.0035 0.9925
2729     2729   (0)     29  : 0.0020 0.0020 0.0030 0.9930
2730     2730   (0)     29  : 0.0025 0.0020 0.0025 0.9930
2731     2731   (0)     29  : 0.0025 0.0030 0.0025 0.9920
2732     2732   (0)     29  : 0.0040 0.0020 0.0025 0.9915
2733     2733   (0)     29  : 0.0050 0.0035 0.0050 0.9865
2734     2734   (0)     29  : 0.0020 0.0020 0.0040 0.9920
2735     2735   (0)     29  : 0.0030 0.0030 0.0035 0.9905
2736     2736   (0)     29  : 0.0055 0.0035 0.0040 0.9870
2737     2737   (0)     29  : 0.0050 0.0030 0.0045 0.9875
2738     2738   (0)     29  : 0.0160 0.0035 0.0075 0.9730
2739     2739   (0)     29  : 0.0145 0.0085 0.0045 0.9725
2740     2740   (0)     29  : 0.0025 0.0020 0.0040 0.9915
2741     2741   (0)     29  : 0.0050 0.0030 0.0035 0.9885
2742     2742   (0)     29  : 0.0025 0.0030 0.0035 0.9910
2743     2743   (0)     29  : 0.0045 0.0025 0.0065 0.9865
2744     2744   (0)     29  : 0.0040 0.0020 0.0025 0.9915
2745     2745   (0)     29  : 0.0030 0.0020 0.0040 0.9910
2746     2746   (0)     29  : 0.0025 0.0020 0.0025 0.9930
2747     2747   (0)     29  : 0.0025 0.0020 0.0040 0.9915
2748     2748   (0)     29  : 0.0025 0.0020 0.0030 0.9925
2749     2749   (0)     29  : 0.0060 0.0030 0.0050 0.9860
2750     2750   (0)     29  : 0.0035 0.0020 0.0040 0.9905
2751     2751   (0)     29  : 0.0020 0.0020 0.0030 0.9930
2752     2752   (0)     29  : 0.0020 0.0020 0.0025 0.9935
2753     2753   (0)     29  : 0.0030 0.0025 0.0030 0.9915
2754     2754   (0)     29  : 0.0025 0.0020 0.0030 0.9925
2755     2755   (0)     29  : 0.0020 0.0020 0.0020 0.9940
2756     2756   (0)     29  : 0.0035 0.0035 0.0060 0.9870
2757     2757   (0)     29  : 0.0020 0.0020 0.0030 0.9930
2758     2758   (0)     29  : 0.0025 0.0020 0.0035 0.9920
2759     2759   (0)     29  : 0.0065 0.0030 0.0030 0.9875
2760     2760   (0)     29  : 0.0020 0.0020 0.0035 0.9925
2761     2761   (0)     29  : 0.0025 0.0020 0.0040 0.9915
2762     2762   (0)     29  : 0.0045 0.0025 0.0060 0.9870
2763     2763   (0)     29  : 0.0040 0.0025 0.0025 0.9910
2764     2764   (0)     29  : 0.0025 0.0020 0.0035 0.9920
2765     2765   (0)     29  : 0.0030 0.0030 0.0055 0.9885
2766     2766   (0)     29  : 0.0075 0.0035 0.0070 0.9820
2767     2767   (0)     29  : 0.0050 0.0030 0.0040 0.9880
2768     2768   (0)     29  : 0.0025 0.0020 0.0030 0.9925
2769     2769   (0)     29  : 0.0035 0.0025 0.0040 0.9900
2770     2770   (0)     29  : 0.0020 0.0025 0.0035 0.9920
2771     2771   (0)     29  : 0.0035 0.0020 0.0025 0.9920
2772     2772   (0)     29  : 0.0020 0.0020 0.0030 0.9930
2773     2773   (0)     29  : 0.0025 0.0020 0.0025 0.9930
2774     2774   (0)     29  : 0.0060 0.0120 0.0200 0.9620
2775     2775   (0)     29  : 0.0035 0.0035 0.0030 0.9900
2776     2776   (0)     29  : 0.0070 0.0065 0.0040 0.9825
2777     2777   (0)     29  : 0.0035 0.0030 0.0035 0.9900
2778     2778   (0)     29  : 0.0020 0.0020 0.0025 0.9935
2779     2779   (0)     29  : 0.0025 0.0020 0.0040 0.9915
2780     2780   (0)     29  : 0.0030 0.0030 0.0040 0.9900
2781     2781   (0)     29  : 0.0185 0.0030 0.0050 0.9735
2782     2782   (0)     29  : 0.0060 0.0020 0.0050 0.9870
2783     2783   (0)     29  : 0.0050 0.0035 0.0025 0.9890
2784     2784   (0)     29  : 0.0030 0.0050 0.0040 0.9880
2785     2785   (0)     29  : 0.0020 0.0020 0.0035 0.9925
2786     2786   (0)     29  : 0.0035 0.0025 0.0030 0.9910
2787     2787   (0)     29  : 0.0025 0.0020 0.0030 0.9925
2788     2788   (0)     29  : 0.0030 0.0030 0.0035 0.9905
2789     2789   (0)     29  : 0.0025 0.0020 0.0035 0.9920
2790     2790   (0)     29  : 0.0025 0.0025 0.0025 0.9925
2791     2791   (0)     29  : 0.0020 0.0020 0.0025 0.9935
2792     2792   (0)     29  : 0.0025 0.0020 0.0025 0.9930
2793     2793   (0)     29  : 0.0025 0.0020 0.0040 0.9915
2794     2794   (0)     29  : 0.0025 0.0020 0.0025 0.9930
2795     2795   (0)     29  : 0.0045 0.0030 0.0045 0.9880
2796     2796   (0)     29  : 0.0020 0.0020 0.0025 0.9935
2797     2797   (0)     29  : 0.0035 0.0025 0.0025 0.9915
2798     2798   (0)     29  : 0.0025 0.0025 0.0040 0.9910
2799     2799   (0)     29  : 0.0025 0.0020 0.0065 0.9890
2800     2800   (0)     29  : 0.0025 0.0020 0.0030 0.9925
2801     2801   (0)     29  : 0.0025 0.0020 0.0035 0.9920
2802     2802   (0)     29  : 0.0055 0.0095 0.0050 0.9800
2803     2803   (0)     29  : 0.0020 0.0020 0.0025 0.9935
2804     2804   (0)     29  : 0.0270 0.0155 0.0095 0.9480
2805     2805   (0)     29  : 0.0025 0.0020 0.0025 0.9930
2806     2806   (0)     29  : 0.0040 0.0030 0.0045 0.9885
2807     2807   (0)     29  : 0.0035 0.0020 0.0040 0.9905
2808     2808   (0)     29  : 0.0025 0.0020 0.0035 0.9920
2809     2809   (0)     29  : 0.0035 0.0025 0.0045 0.9895
2810     2810   (0)     29  : 0.0030 0.0055 0.0045 0.9870
2811     2811   (0)     29  : 0.0025 0.0020 0.0040 0.9915
2812     2812   (0)     29  : 0.0050 0.0020 0.0035 0.9895
2813     2813   (0)     29  : 0.0030 0.0030 0.0045 0.9895
2814     2814   (0)     29  : 0.0040 0.0055 0.0050 0.9855
2815     2815   (0)     29  : 0.0025 0.0080 0.0035 0.9860
2816     2816   (0)     29  : 0.0050 0.0020 0.0040 0.9890
2817     2817   (0)     29  : 0.0025 0.0025 0.0040 0.9910
2818     2818   (0)     29  : 0.0045 0.0025 0.0035 0.9895
2819     2819   (0)     29  : 0.0025 0.0020 0.0040 0.9915
2820     2820   (0)     29  : 0.0025 0.0020 0.0025 0.9930
2821     2821   (0)     29  : 0.0035 0.0020 0.0035 0.9910
2822     2822   (0)     29  : 0.0035 0.0025 0.0035 0.9905
2823     2823   (0)     29  : 0.0045 0.0030 0.0040 0.9885
2824     2824   (0)     29  : 0.0030 0.0030 0.0035 0.9905
2825     2825   (0)     29  : 0.0020 0.0020 0.0020 0.9940
2826     2826   (0)     29  : 0.0190 0.0025 0.0070 0.9715
2827     2827   (0)     29  : 0.0035 0.0020 0.0045 0.9900
2828     2828   (0)     29  : 0.0025 0.0025 0.0025 0.9925
2829     2829   (0)     29  : 0.0025 0.0020 0.0025 0.9930
2830     2830   (0)     29  : 0.0035 0.0045 0.0035 0.9885
2831     2831   (0)     29  : 0.0020 0.0025 0.0050 0.9905
2832     2832   (0)     29  : 0.0040 0.0020 0.0055 0.9885
2833     2833   (0)     29  : 0.0035 0.0030 0.0045 0.9890
2834     2834   (0)     29  : 0.0035 0.0020 0.0080 0.9865
2835     2835   (0)     29  : 0.0050 0.0020 0.0030 0.9900
2836     2836   (0)     29  : 0.0020 0.0020 0.0025 0.9935
2837     2837   (0)     29  : 0.0025 0.0025 0.0030 0.9920
2838     2838   (0)     29  : 0.0085 0.0035 0.0035 0.9845
2839     2839   (0)     29  : 0.0025 0.0020 0.0035 0.9920
2840     2840   (0)     29  : 0.0020 0.0020 0.0025 0.9935
2841     2841   (0)     29  : 0.0025 0.0025 0.0035 0.9915
2842     2842   (0)     29  : 0.0075 0.0120 0.0090 0.9715
2843     2843   (0)     29  : 0.0035 0.0040 0.0055 0.9870
2844     2844   (0)     29  : 0.0035 0.0020 0.0025 0.9920
2845     2845   (0)     29  : 0.0030 0.0020 0.0030 0.9920
2846     2846   (0)     29  : 0.0060 0.0040 0.0050 0.9850
2847     2847   (0)     29  : 0.0025 0.0020 0.0045 0.9910
2848     2848   (0)     29  : 0.0045 0.0040 0.0035 0.9880
2849     2849   (0)     29  : 0.0055 0.0025 0.0050 0.9870
2850     2850   (0)     29  : 0.0035 0.0020 0.0055 0.9890
2851     2851   (0)     29  : 0.0020 0.0020 0.0030 0.9930
2852     2852   (0)     29  : 0.0025 0.0035 0.0050 0.9890
2853     2853   (0)     29  : 0.0020 0.0020 0.0025 0.9935
2854     2854   (0)     29  : 0.0035 0.0020 0.0040 0.9905
2855     2855   (0)     29  : 0.0025 0.0020 0.0025 0.9930
2856     2856   (0)     29  : 0.0050 0.0030 0.0045 0.9875
2857     2857   (0)     29  : 0.0035 0.0025 0.0035 0.9905
2858     2858   (0)     29  : 0.0040 0.0020 0.0025 0.9915
2859     2859   (0)     29  : 0.0070 0.0035 0.0040 0.9855
2860     2860   (0)     29  : 0.0030 0.0020 0.0045 0.9905
2861     2861   (0)     29  : 0.0025 0.0020 0.0025 0.9930
2862     2862   (0)     29  : 0.0035 0.0020 0.0035 0.9910
2863     2863   (0)     29  : 0.0025 0.0045 0.0035 0.9895
2864     2864   (0)     29  : 0.0030 0.0035 0.0045 0.9890
2865     2865   (0)     29  : 0.0020 0.0030 0.0025 0.9925
2866     2866   (0)     29  : 0.0030 0.0020 0.0025 0.9925
2867     2867   (0)     29  : 0.0075 0.0020 0.0035 0.9870
2868     2868   (0)     29  : 0.0020 0.0020 0.0030 0.9930
2869     2869   (0)     29  : 0.0020 0.0030 0.0030 0.9920
2870     2870   (0)     29  : 0.0035 0.0025 0.0025 0.9915
2871     2871   (0)     29  : 0.0040 0.0045 0.0045 0.9870
2872     2872   (0)     29  : 0.0025 0.0020 0.0045 0.9910
2873     2873   (0)     29  : 0.0030 0.0025 0.0045 0.9900
2874     2874   (0)     29  : 0.0065 0.0075 0.0070 0.9790
2875     2875   (0)     29  : 0.0040 0.0020 0.0040 0.9900
2876     2876   (0)     29  : 0.0025 0.0025 0.0040 0.9910
2877     2877   (0)     29  : 0.0025 0.0020 0.0025 0.9930
2878     2878   (0)     29  : 0.0020 0.0025 0.0030 0.9925
2879     2879   (0)     29  : 0.0030 0.0025 0.0045 0.9900
2880     2880   (0)     29  : 0.0035 0.0030 0.0035 0.9900
2881     2881   (0)     29  : 0.0035 0.0020 0.0035 0.9910
2882     2882   (0)     29  : 0.0065 0.0030 0.0075 0.9830
2883     2883   (0)     29  : 0.0020 0.0025 0.0030 0.9925
2884     2884   (0)     29  : 0.0035 0.0020 0.0045 0.9900
2885     2885   (0)     29  : 0.0040 0.0020 0.0040 0.9900
2886     2886   (0)     29  : 0.0020 0.0020 0.0025 0.9935
2887     2887   (0)     29  : 0.0030 0.0020 0.0045 0.9905
2888     2888   (0)     29  : 0.0025 0.0020 0.0045 0.9910
2889     2889   (0)     29  : 0.0045 0.0030 0.0030 0.9895
2890     2890   (0)     29  : 0.0030 0.0030 0.0030 0.9910
2891     2891   (0)     29  : 0.0025 0.0020 0.0030 0.9925
2892     2892   (0)     29  : 0.0020 0.0020 0.0035 0.9925
2893     2893   (0)     29  : 0.0020 0.0025 0.0035 0.9920
2894     2894   (0)     29  : 0.0020 0.0095 0.0030 0.9855
2895     2895   (0)     29  : 0.0025 0.0020 0.0030 0.9925
2896     2896   (0)     29  : 0.0020 0.0020 0.0020 0.9940
2897     2897   (0)     29  : 0.0030 0.0030 0.0035 0.9905
2898     2898   (0)     29  : 0.0045 0.0020 0.0030 0.9905
2899     2899   (0)     29  : 0.0030 0.0020 0.0040 0.9910
2900     2900   (0)     29  : 0.0035 0.0020 0.0035 0.9910
2901     2901   (0)     29  : 0.0025 0.0030 0.0035 0.9910
2902     2902   (0)     29  : 0.0030 0.0030 0.0040 0.9900
2903     2903   (0)     29  : 0.0050 0.0035 0.0035 0.9880
2904     2904   (0)     29  : 0.0035 0.0020 0.0025 0.9920
2905     2905   (0)     29  : 0.0035 0.0020 0.0040 0.9905
2906     2906   (0)     29  : 0.0035 0.0020 0.0060 0.9885
2907     2907   (0)     29  : 0.0025 0.0020 0.0025 0.9930
2908     2908   (0)     29  : 0.0040 0.0030 0.0040 0.9890
2909     2909   (0)     29  : 0.0025 0.0020 0.0020 0.9935
2910     2910   (0)     29  : 0.0020 0.0020 0.0040 0.9920
2911     2911   (0)     29  : 0.0060 0.0050 0.0050 0.9840
2912     2912   (0)     29  : 0.0020 0.0020 0.0025 0.9935
2913     2913   (0)     29  : 0.0030 0.0020 0.0025 0.9925
2914     2914   (0)     29  : 0.0170 0.0065 0.0085 0.9680
2915     2915   (0)     29  : 0.0075 0.0065 0.0050 0.9810
2916     2916   (0)     29  : 0.0030 0.0020 0.0050 0.9900
2917     2917   (0)     29  : 0.0065 0.0020 0.0040 0.9875
2918     2918   (0)     29  : 0.0025 0.0020 0.0035 0.9920
2919     2919   (0)     29  : 0.0035 0.0045 0.0045 0.9875
2920     2920   (0)     29  : 0.0050 0.0055 0.0060 0.9835
2921     2921   (0)     29  : 0.0060 0.0020 0.0040 0.9880
2922     2922   (0)     29  : 0.0080 0.0050 0.0050 0.9820
2923     2923   (0)     29  : 0.0025 0.0020 0.0035 0.9920
2924     2924   (0)     29  : 0.0020 0.0020 0.0025 0.9935
2925     2925   (0)     29  : 0.0030 0.0030 0.0040 0.9900
2926     2926   (5)     30  : 0.0025 0.9915 0.0025 0.0035
2927     2927   (0)     30  : 0.0040 0.9900 0.0035 0.0025
2928     2928   (0)     30  : 0.0140 0.9755 0.0060 0.0045
2929     2929   (0)     30  : 0.0025 0.9930 0.0025 0.0020
2930     2930   (5)     30  : 0.1399 0.8521 0.0050 0.0030
2931     2931   (0)     30  : 0.0035 0.9925 0.0020 0.0020
2932     2932   (0)     30  : 0.0020 0.9935 0.0020 0.0025
2933     2933   (0)     30  : 0.0095 0.9845 0.0035 0.0025
2934     2934   (0)     30  : 0.0055 0.9890 0.0025 0.0030
2935     2935   (0)     30  : 0.0030 0.9925 0.0020 0.0025
2936     2936   (0)     30  : 0.0025 0.9930 0.0025 0.0020
2937     2937   (0)     30  : 0.0035 0.9915 0.0025 0.0025
2938     2938   (5)     30  : 0.0050 0.9880 0.0045 0.0025
2939     2939   (0)     30  : 0.0030 0.9925 0.0020 0.0025
2940     2940   (0)     30  : 0.0035 0.9915 0.0030 0.0020
2941     2941   (0)     30  : 0.0025 0.9935 0.0020 0.0020
2942     2942   (0)     30  : 0.0050 0.9865 0.0065 0.0020
2943     2943   (0)     30  : 0.0070 0.9880 0.0025 0.0025
2944     2944   (0)     30  : 0.0065 0.9840 0.0045 0.0050
2945     2945   (0)     30  : 0.0425 0.9261 0.0255 0.0060
2946     2946   (0)     30  : 0.0050 0.9905 0.0025 0.0020
2947     2947   (0)     30  : 0.0030 0.9915 0.0030 0.0025
2948     2948   (0)     30  : 0.0160 0.9660 0.0105 0.0075
2949     2949   (0)     30  : 0.0155 0.9760 0.0040 0.0045
2950     2950   (0)     30  : 0.0025 0.9925 0.0025 0.0025
2951     2951   (0)     30  : 0.0275 0.9610 0.0060 0.0055
2952     2952   (0)     30  : 0.0065 0.9885 0.0025 0.0025
2953     2953   (0)     31  : 0.0065 0.9860 0.0035 0.0040
2954     2954   (0)     31  : 0.0075 0.9815 0.0075 0.0035
2955     2955   (0)     31  : 0.0035 0.9920 0.0025 0.0020
2956     2956   (0)     31  : 0.0035 0.9915 0.0030 0.0020
2957     2957   (0)     31  : 0.0105 0.9820 0.0055 0.0020
2958     2958   (0)     31  : 0.0035 0.9915 0.0030 0.0020
2959     2959   (0)     31  : 0.0025 0.9935 0.0020 0.0020
2960     2960   (0)     31  : 0.0025 0.9915 0.0030 0.0030
2961     2961   (0)     31  : 0.0050 0.9910 0.0020 0.0020
2962     2962   (0)     31  : 0.0040 0.9920 0.0020 0.0020
2963     2963   (0)     31  : 0.0035 0.9920 0.0025 0.0020
2964     2964   (0)     31  : 0.0995 0.8930 0.0040 0.0035
2965     2965   (0)     31  : 0.0025 0.9935 0.0020 0.0020
2966     2966   (0)     31  : 0.0065 0.9875 0.0025 0.0035
2967     2967   (0)     31  : 0.0040 0.9900 0.0035 0.0025
2968     2968   (0)     31  : 0.0140 0.9745 0.0075 0.0040
2969     2969   (0)     31  : 0.0040 0.9895 0.0025 0.0040
2970     2970   (0)     31  : 0.0125 0.9810 0.0035 0.0030
2971     2971   (0)     31  : 0.0040 0.9890 0.0035 0.0035
2972     2972   (0)     31  : 0.0090 0.9860 0.0025 0.0025
2973     2973   (0)     31  : 0.0050 0.9880 0.0035 0.0035
2974     2974   (0)     31  : 0.0025 0.9925 0.0025 0.0025
2975     2975   (0)     31  : 0.0035 0.9915 0.0030 0.0020
2976     2976   (0)     31  : 0.0025 0.9935 0.0020 0.0020
2977     2977   (0)     31  : 0.0060 0.9840 0.0065 0.0035
2978     2978   (0)     31  : 0.0045 0.9910 0.0025 0.0020
2979     2979   (0)     31  : 0.0035 0.9925 0.0020 0.0020
2980     2980   (0)     31  : 0.0050 0.9875 0.0040 0.0035
2981     2981   (0)     31  : 0.0105 0.9820 0.0035 0.0040
2982     2982   (0)     31  : 0.0030 0.9925 0.0020 0.0025
2983     2983   (0)     31  : 0.0045 0.9785 0.0055 0.0115
2984     2984   (0)     31  : 0.0280 0.9650 0.0035 0.0035
2985     2985   (0)     31  : 0.0035 0.9905 0.0040 0.0020
2986     2986   (0)     31  : 0.0060 0.9840 0.0040 0.0060
2987     2987   (0)     31  : 0.0040 0.9900 0.0030 0.0030
2988     2988   (0)     31  : 0.0080 0.9875 0.0025 0.0020
2989     2989   (0)     31  : 0.0030 0.9915 0.0030 0.0025
2990     2990   (0)     31  : 0.0065 0.9870 0.0045 0.0020
2991     2991   (0)     31  : 0.0055 0.9880 0.0035 0.0030
2992     2992   (0)     31  : 0.0125 0.9770 0.0060 0.0045
2993     2993   (0)     31  : 0.0025 0.9900 0.0025 0.0050
2994     2994   (0)     31  : 0.0060 0.9895 0.0020 0.0025
2995     2995   (0)     31  : 0.0040 0.9880 0.0045 0.0035
2996     2996   (0)     31  : 0.0040 0.9890 0.0035 0.0035
2997     2997   (0)     31  : 0.0100 0.9855 0.0025 0.0020
2998     2998   (0)     31  : 0.0095 0.9685 0.0180 0.0040
2999     2999   (0)     31  : 0.0025 0.9940 0.0020 0.0015
3000     3000   (0)     31  : 0.0035 0.9895 0.0035 0.0035
3001     3001   (0)     31  : 0.0065 0.9815 0.0065 0.0055
3002     3002   (0)     31  : 0.0025 0.9930 0.0025 0.0020
3003     3003   (0)     31  : 0.0035 0.9915 0.0025 0.0025
3004     3004   (0)     31  : 0.0130 0.9790 0.0050 0.0030
3005     3005   (0)     31  : 0.0030 0.9900 0.0035 0.0035
3006     3006   (0)     31  : 0.0085 0.9825 0.0045 0.0045
3007     3007   (0)     31  : 0.0055 0.9895 0.0030 0.0020
3008     3008   (0)     31  : 0.0055 0.9865 0.0035 0.0045
3009     3009   (0)     31  : 0.0040 0.9905 0.0030 0.0025
3010     3010   (0)     31  : 0.0380 0.9410 0.0105 0.0105
3011     3011   (0)     31  : 0.0125 0.9830 0.0025 0.0020
3012     3012   (0)     31  : 0.0050 0.9870 0.0045 0.0035
3013     3013   (0)     31  : 0.0040 0.9895 0.0035 0.0030
3014     3014   (0)     31  : 0.0105 0.9835 0.0035 0.0025
3015     3015   (0)     31  : 0.0150 0.9720 0.0060 0.0070
3016     3016   (0)     31  : 0.0025 0.9935 0.0020 0.0020
3017     3017   (0)     31  : 0.0100 0.9825 0.0045 0.0030
3018     3018   (0)     31  : 0.0025 0.9910 0.0040 0.0025
3019     3019   (0)     31  : 0.0060 0.9850 0.0050 0.0040
3020     3020   (0)     31  : 0.0025 0.9930 0.0025 0.0020
3021     3021   (0)     31  : 0.0035 0.9915 0.0025 0.0025
3022     3022   (0)     31  : 0.0055 0.9840 0.0040 0.0065
3023     3023   (0)     31  : 0.0210 0.9715 0.0045 0.0030
3024     3024   (0)     31  : 0.0040 0.9895 0.0025 0.0040
3025     3025   (0)     31  : 0.0040 0.9910 0.0020 0.0030
3026     3026   (0)     31  : 0.0030 0.9925 0.0025 0.0020
3027     3027   (0)     31  : 0.0045 0.9905 0.0030 0.0020
3028     3028   (0)     31  : 0.0035 0.9920 0.0025 0.0020
3029     3029   (0)     31  : 0.0050 0.9870 0.0045 0.0035
3030     3030   (0)     31  : 0.0085 0.9870 0.0025 0.0020
3031     3031   (0)     31  : 0.0035 0.9915 0.0025 0.0025
3032     3032   (0)     31  : 0.0035 0.9925 0.0020 0.0020
3033     3033   (0)     31  : 0.0045 0.9910 0.0025 0.0020
3034     3034   (0)     31  : 0.0050 0.9910 0.0020 0.0020
3035     3035   (0)     31  : 0.0360 0.9490 0.0075 0.0075
3036     3036   (0)     31  : 0.0080 0.9815 0.0070 0.0035
3037     3037   (0)     31  : 0.0025 0.9925 0.0025 0.0025
3038     3038   (0)     31  : 0.0040 0.9905 0.0025 0.0030
3039     3039   (0)     31  : 0.0085 0.9825 0.0045 0.0045
3040     3040   (0)     31  : 0.0060 0.9890 0.0025 0.0025
3041     3041   (0)     31  : 0.0060 0.9860 0.0035 0.0045
3042     3042   (0)     31  : 0.0080 0.9850 0.0050 0.0020
3043     3043   (0)     31  : 0.0070 0.9870 0.0030 0.0030
3044     3044   (0)     31  : 0.0060 0.9845 0.0050 0.0045
3045     3045   (0)     31  : 0.0030 0.9930 0.0020 0.0020
3046     3046   (0)     31  : 0.0090 0.9855 0.0035 0.0020
3047     3047   (0)     31  : 0.0030 0.9920 0.0025 0.0025
3048     3048   (0)     31  : 0.0035 0.9925 0.0020 0.0020
3049     3049   (0)     31  : 0.0040 0.9915 0.0020 0.0025
3050     3050   (0)     31  : 0.0050 0.9910 0.0020 0.0020
3051     3051   (0)     31  : 0.0040 0.9920 0.0020 0.0020
3052     3052   (0)     31  : 0.0055 0.9870 0.0050 0.0025
3053     3053   (0)     31  : 0.0025 0.9930 0.0020 0.0025
3054     3054   (0)     31  : 0.0285 0.9535 0.0080 0.0100
3055     3055   (0)     31  : 0.0030 0.9920 0.0025 0.0025
3056     3056   (0)     31  : 0.0045 0.9890 0.0035 0.0030
3057     3057   (0)     31  : 0.0065 0.9880 0.0030 0.0025
3058     3058   (0)     31  : 0.0025 0.9915 0.0035 0.0025
3059     3059   (0)     31  : 0.0020 0.9940 0.0020 0.0020
3060     3060   (0)     31  : 0.0080 0.9865 0.0035 0.0020
3061     3061   (0)     31  : 0.0040 0.9900 0.0030 0.0030
3062     3062   (0)     31  : 0.0045 0.9905 0.0030 0.0020
3063     3063   (0)     31  : 0.0045 0.9875 0.0050 0.0030
3064     3064   (0)     31  : 0.0025 0.9930 0.0025 0.0020
3065     3065   (0)     31  : 0.0035 0.9920 0.0025 0.0020
3066     3066   (0)     31  : 0.0060 0.9875 0.0035 0.0030
3067     3067   (0)     31  : 0.0060 0.9835 0.0050 0.0055
3068     3068   (0)     31  : 0.0120 0.9790 0.0050 0.0040
3069     3069   (0)     31  : 0.0040 0.9915 0.0025 0.0020
3070     3070   (0)     31  : 0.0035 0.9910 0.0030 0.0025
3071     3071   (0)     31  : 0.0020 0.9945 0.0020 0.0015
3072     3072   (0)     31  : 0.0085 0.9830 0.0045 0.0040
3073     3073   (0)     31  : 0.0025 0.9915 0.0025 0.0035
3074     3074   (0)     31  : 0.0060 0.9830 0.0055 0.0055
3075     3075   (0)     31  : 0.0035 0.9910 0.0035 0.0020
3076     3076   (0)     31  : 0.0030 0.9925 0.0025 0.0020
3077     3077   (0)     31  : 0.0060 0.9890 0.0030 0.0020
3078     3078   (0)     31  : 0.0025 0.9930 0.0025 0.0020
3079     3079   (0)     31  : 0.0030 0.9920 0.0030 0.0020
3080     3080   (0)     31  : 0.0991 0.8924 0.0045 0.0040
3081     3081   (0)     31  : 0.0280 0.9650 0.0045 0.0025
3082     3082   (0)     31  : 0.0035 0.9905 0.0025 0.0035
3083     3083   (0)     31  : 0.0100 0.9815 0.0035 0.0050
3084     3084   (0)     31  : 0.0025 0.9935 0.0020 0.0020
3085     3085   (0)     31  : 0.0025 0.9935 0.0020 0.0020
3086     3086   (0)     31  : 0.0220 0.9665 0.0075 0.0040
3087     3087   (0)     31  : 0.0025 0.9930 0.0025 0.0020
3088     3088   (0)     31  : 0.0040 0.9915 0.0025 0.0020
3089     3089   (0)     31  : 0.0025 0.9930 0.0025 0.0020
3090     3090   (0)     31  : 0.0035 0.9910 0.0025 0.0030
3091     3091   (0)     31  : 0.0045 0.9850 0.0040 0.0065
3092     3092   (0)     31  : 0.0040 0.9875 0.0030 0.0055
3093     3093   (0)     31  : 0.0050 0.9885 0.0035 0.0030
3094     3094   (0)     31  : 0.0070 0.9875 0.0030 0.0025
3095     3095   (0)     31  : 0.0040 0.9915 0.0025 0.0020
3096     3096   (0)     31  : 0.0035 0.9905 0.0025 0.0035
3097     3097   (0)     31  : 0.0040 0.9880 0.0045 0.0035
3098     3098   (0)     31  : 0.0065 0.9890 0.0025 0.0020
3099     3099   (0)     31  : 0.0030 0.9925 0.0030 0.0015
3100     3100   (0)     31  : 0.0030 0.9915 0.0035 0.0020
3101     3101   (0)     31  : 0.0060 0.9875 0.0035 0.0030
3102     3102   (0)     31  : 0.0415 0.9330 0.0095 0.0160
3103     3103   (0)     31  : 0.0035 0.9920 0.0025 0.0020
3104     3104   (0)     31  : 0.0035 0.9915 0.0025 0.0025
3105     3105   (0)     31  : 0.0020 0.9925 0.0025 0.0030
3106     3106   (0)     31  : 0.0060 0.9890 0.0020 0.0030
3107     3107   (0)     31  : 0.0060 0.9865 0.0035 0.0040
3108     3108   (0)     31  : 0.0065 0.9810 0.0070 0.0055
3109     3109   (0)     31  : 0.0045 0.9880 0.0050 0.0025
3110     3110   (0)     31  : 0.0030 0.9920 0.0030 0.0020
3111     3111   (0)     31  : 0.0130 0.9810 0.0030 0.0030
3112     3112   (0)     31  : 0.0040 0.9915 0.0025 0.0020
3113     3113   (0)     31  : 0.0085 0.9815 0.0065 0.0035
3114     3114   (0)     31  : 0.0040 0.9860 0.0060 0.0040
3115     3115   (0)     31  : 0.0030 0.9925 0.0025 0.0020
3116     3116   (0)     31  : 0.0035 0.9905 0.0035 0.0025
3117     3117   (0)     31  : 0.0080 0.9765 0.0050 0.0105
3118     3118   (0)     31  : 0.0040 0.9910 0.0025 0.0025
3119     3119   (0)     31  : 0.0040 0.9890 0.0030 0.0040
3120     3120   (0)     31  : 0.0105 0.9810 0.0045 0.0040
3121     3121   (0)     31  : 0.0040 0.9890 0.0035 0.0035
3122     3122   (0)     31  : 0.0025 0.9935 0.0020 0.0020
3123     3123   (0)     31  : 0.0035 0.9915 0.0025 0.0025
3124     3124   (0)     31  : 0.0025 0.9925 0.0025 0.0025
3125     3125   (0)     31  : 0.0025 0.9930 0.0025 0.0020
3126     3126   (0)     31  : 0.0035 0.9920 0.0020 0.0025
3127     3127   (0)     31  : 0.0045 0.9915 0.0020 0.0020
3128     3128   (0)     31  : 0.0035 0.9910 0.0025 0.0030
3129     3129   (0)     31  : 0.0040 0.9920 0.0020 0.0020
3130     3130   (0)     31  : 0.0085 0.9850 0.0040 0.0025
3131     3131   (0)     31  : 0.0365 0.9535 0.0060 0.0040
3132     3132   (0)     31  : 0.0045 0.9915 0.0020 0.0020
3133     3133   (0)     31  : 0.0040 0.9895 0.0035 0.0030
3134     3134   (0)     31  : 0.0025 0.9930 0.0025 0.0020
3135     3135   (0)     31  : 0.0030 0.9905 0.0045 0.0020
3136     3136   (0)     31  : 0.0055 0.9885 0.0030 0.0030
3137     3137   (0)     31  : 0.0035 0.9905 0.0025 0.0035
3138     3138   (0)     31  : 0.0025 0.9930 0.0025 0.0020
3139     3139   (0)     31  : 0.0035 0.9920 0.0020 0.0025
3140     3140   (0)     31  : 0.0050 0.9855 0.0035 0.0060
3141     3141   (0)     31  : 0.0310 0.9605 0.0050 0.0035
3142     3142   (0)     31  : 0.0035 0.9890 0.0045 0.0030
3143     3143   (0)     31  : 0.0035 0.9910 0.0030 0.0025
3144     3144   (0)     31  : 0.0085 0.9830 0.0060 0.0025
3145     3145   (0)     31  : 0.0130 0.9790 0.0040 0.0040
3146     3146   (0)     31  : 0.0075 0.9870 0.0035 0.0020
3147     3147   (0)     31  : 0.0060 0.9850 0.0040 0.0050
3148     3148   (0)     31  : 0.0045 0.9890 0.0025 0.0040
3149     3149   (0)     31  : 0.0030 0.9875 0.0040 0.0055
3150     3150   (0)     31  : 0.0025 0.9935 0.0020 0.0020
3151     3151   (0)     31  : 0.0080 0.9845 0.0040 0.0035
3152     3152   (0)     31  : 0.0105 0.9825 0.0040 0.0030
3153     3153   (0)     31  : 0.0460 0.9465 0.0045 0.0030
3154     3154   (0)     31  : 0.0055 0.9840 0.0045 0.0060
3155     3155   (0)     31  : 0.0040 0.9870 0.0035 0.0055
3156     3156   (0)     31  : 0.0070 0.9870 0.0035 0.0025
3157     3157   (0)     31  : 0.0030 0.9895 0.0030 0.0045
3158     3158   (0)     31  : 0.0025 0.9935 0.0020 0.0020
3159     3159   (0)     31  : 0.0025 0.9935 0.0020 0.0020
3160     3160   (0)     31  : 0.0145 0.9785 0.0035 0.0035
3161     3161   (0)     31  : 0.0050 0.9880 0.0035 0.0035
3162     3162   (0)     31  : 0.0040 0.9880 0.0040 0.0040
3163     3163   (0)     31  : 0.0055 0.9875 0.0030 0.0040
3164     3164   (0)     31  : 0.0045 0.9910 0.0025 0.0020
3165     3165   (0)     31  : 0.0035 0.9915 0.0025 0.0025
3166     3166   (0)     31  : 0.0060 0.9880 0.0035 0.0025
3167     3167   (0)     31  : 0.0090 0.9795 0.0040 0.0075
3168     3168   (0)     31  : 0.0030 0.9905 0.0030 0.0035
3169     3169   (0)     31  : 0.0035 0.9910 0.0030 0.0025
3170     3170   (0)     31  : 0.0055 0.9895 0.0030 0.0020
3171     3171   (0)     31  : 0.0155 0.9760 0.0035 0.0050
3172     3172   (0)     31  : 0.0035 0.9910 0.0025 0.0030
3173     3173   (0)     31  : 0.0125 0.9810 0.0035 0.0030
3174     3174   (0)     31  : 0.0060 0.9890 0.0030 0.0020
3175     3175   (0)     31  : 0.0085 0.9845 0.0035 0.0035
3176     3176   (0)     31  : 0.0035 0.9900 0.0040 0.0025
3177     3177   (0)     31  : 0.0035 0.9925 0.0020 0.0020
3178     3178   (0)     31  : 0.0035 0.9915 0.0020 0.0030
3179     3179   (0)     31  : 0.0030 0.9915 0.0030 0.0025
3180     3180   (0)     31  : 0.0080 0.9855 0.0035 0.0030
3181     3181   (0)     31  : 0.0030 0.9910 0.0040 0.0020
3182     3182   (0)     31  : 0.0035 0.9900 0.0035 0.0030
3183     3183   (0)     31  : 0.0060 0.9875 0.0040 0.0025
3184     3184   (0)     31  : 0.0040 0.9885 0.0040 0.0035
3185     3185   (0)     31  : 0.0050 0.9905 0.0025 0.0020
3186     3186   (0)     31  : 0.0025 0.9935 0.0020 0.0020
3187     3187   (0)     31  : 0.0080 0.9835 0.0065 0.0020
3188     3188   (0)     31  : 0.0035 0.9920 0.0025 0.0020
3189     3189   (0)     31  : 0.0035 0.9870 0.0040 0.0055
3190     3190   (0)     31  : 0.0025 0.9935 0.0020 0.0020
3191     3191   (0)     31  : 0.0045 0.9900 0.0035 0.0020
3192     3192   (0)     31  : 0.0045 0.9905 0.0025 0.0025
3193     3193   (0)     31  : 0.0040 0.9910 0.0030 0.0020
3194     3194   (0)     31  : 0.0055 0.9890 0.0035 0.0020
3195     3195   (0)     31  : 0.0045 0.9895 0.0040 0.0020
3196     3196   (0)     31  : 0.0140 0.9810 0.0025 0.0025
3197     3197   (0)     31  : 0.0240 0.9685 0.0040 0.0035
3198     3198   (0)     31  : 0.0220 0.9715 0.0040 0.0025
3199     3199   (0)     31  : 0.0025 0.9935 0.0020 0.0020
3200     3200   (0)     31  : 0.0050 0.9850 0.0035 0.0065
3201     3201   (0)     31  : 0.0045 0.9905 0.0025 0.0025
3202     3202   (0)     31  : 0.0055 0.9845 0.0060 0.0040
3203     3203   (0)     31  : 0.0030 0.9920 0.0030 0.0020
3204     3204   (0)     31  : 0.0035 0.9895 0.0045 0.0025
3205     3205   (0)     31  : 0.0030 0.9925 0.0025 0.0020
3206     3206   (0)     31  : 0.0140 0.9770 0.0040 0.0050
3207     3207   (0)     31  : 0.0035 0.9905 0.0025 0.0035
3208     3208   (0)     31  : 0.0305 0.9640 0.0035 0.0020
3209     3209   (0)     31  : 0.0120 0.9840 0.0020 0.0020
3210     3210   (0)     31  : 0.0045 0.9895 0.0030 0.0030
3211     3211   (0)     31  : 0.0035 0.9895 0.0030 0.0040
3212     3212   (0)     31  : 0.0105 0.9730 0.0095 0.0070
3213     3213   (0)     31  : 0.0070 0.9855 0.0040 0.0035
3214     3214   (0)     31  : 0.0025 0.9935 0.0020 0.0020
3215     3215   (0)     31  : 0.0050 0.9890 0.0035 0.0025
3216     3216   (0)     31  : 0.0050 0.9880 0.0035 0.0035
3217     3217   (0)     31  : 0.0040 0.9915 0.0025 0.0020
3218     3218   (0)     31  : 0.0155 0.9790 0.0030 0.0025
3219     3219   (0)     31  : 0.0055 0.9875 0.0030 0.0040
3220     3220   (0)     31  : 0.0025 0.9925 0.0030 0.0020
3221     3221   (0)     31  : 0.0055 0.9865 0.0035 0.0045
3222     3222   (0)     31  : 0.0030 0.9925 0.0025 0.0020
3223     3223   (0)     31  : 0.0120 0.9830 0.0030 0.0020
3224     3224   (0)     31  : 0.0060 0.9880 0.0040 0.0020
3225     3225   (0)     31  : 0.0030 0.9925 0.0025 0.0020
3226     3226   (0)     31  : 0.0035 0.9915 0.0025 0.0025
3227     3227   (0)     31  : 0.0160 0.9635 0.0130 0.0075
3228     3228   (0)     31  : 0.0050 0.9855 0.0035 0.0060
3229     3229   (0)     31  : 0.0090 0.9855 0.0035 0.0020
3230     3230   (0)     31  : 0.0045 0.9900 0.0035 0.0020
3231     3231   (0)     31  : 0.0135 0.9810 0.0035 0.0020
3232     3232   (0)     31  : 0.0075 0.9830 0.0040 0.0055
3233     3233   (0)     31  : 0.0035 0.9905 0.0025 0.0035
3234     3234   (0)     31  : 0.0035 0.9925 0.0020 0.0020
3235     3235   (0)     31  : 0.0030 0.9930 0.0020 0.0020
3236     3236   (0)     31  : 0.0030 0.9925 0.0025 0.0020
3237     3237   (0)     31  : 0.0080 0.9855 0.0035 0.0030
3238     3238   (0)     31  : 0.0050 0.9890 0.0025 0.0035
3239     3239   (0)     31  : 0.0025 0.9925 0.0025 0.0025
3240     3240   (0)     31  : 0.0025 0.9930 0.0025 0.0020
3241     3241   (0)     31  : 0.0035 0.9915 0.0030 0.0020
3242     3242   (0)     31  : 0.0020 0.9940 0.0020 0.0020
3243     3243   (0)     31  : 0.0115 0.9835 0.0030 0.0020
3244     3244   (0)     31  : 0.0090 0.9820 0.0035 0.0055
3245     3245   (0)     31  : 0.0190 0.9725 0.0060 0.0025
3246     3246   (0)     31  : 0.0035 0.9915 0.0025 0.0025
3247     3247   (0)     31  : 0.0025 0.9930 0.0025 0.0020
3248     3248   (0)     31  : 0.0090 0.9855 0.0035 0.0020
3249     3249   (0)     31  : 0.0045 0.9905 0.0025 0.0025
3250     3250   (0)     31  : 0.0040 0.9910 0.0025 0.0025
3251     3251   (0)     31  : 0.0070 0.9885 0.0025 0.0020
3252     3252   (0)     31  : 0.0085 0.9835 0.0035 0.0045
3253     3253   (0)     32  : 0.9915 0.0025 0.0040 0.0020
3254     3254   (0)     32  : 0.9845 0.0045 0.0050 0.0060
3255     3255   (0)     32  : 0.9780 0.0055 0.0125 0.0040
3256     3256   (0)     32  : 0.9750 0.0080 0.0140 0.0030
3257     3257   (0)     32  : 0.9840 0.0035 0.0080 0.0045
3258     3258   (0)     32  : 0.9700 0.0155 0.0100 0.0045
3259     3259   (0)     32  : 0.9755 0.0090 0.0110 0.0045
3260     3260   (0)     32  : 0.9915 0.0020 0.0040 0.0025
3261     3261   (0)     32  : 0.9915 0.0020 0.0040 0.0025
3262     3262   (0)     32  : 0.9785 0.0050 0.0105 0.0060
3263     3263   (0)     32  : 0.9920 0.0025 0.0030 0.0025
3264     3264   (0)     32  : 0.9905 0.0030 0.0045 0.0020
3265     3265   (0)     32  : 0.9920 0.0020 0.0030 0.0030
3266     3266   (0)     32  : 0.9800 0.0085 0.0070 0.0045
3267     3267   (0)     32  : 0.9900 0.0030 0.0040 0.0030
3268     3268   (0)     32  : 0.9840 0.0070 0.0040 0.0050
3269     3269   (0)     32  : 0.9010 0.0565 0.0355 0.0070
3270     3270   (0)     32  : 0.9890 0.0040 0.0030 0.0040
3271     3271   (0)     32  : 0.9655 0.0075 0.0185 0.0085
3272     3272   (0)     32  : 0.9840 0.0060 0.0070 0.0030
3273     3273   (0)     32  : 0.9890 0.0030 0.0030 0.0050
3274     3274   (0)     32  : 0.9850 0.0040 0.0040 0.0070
3275     3275   (5)     32  : 0.9880 0.0030 0.0040 0.0050
3276     3276   (0)     32  : 0.9895 0.0045 0.0040 0.0020
3277     3277   (0)     32  : 0.9845 0.0085 0.0030 0.0040
3278     3278   (0)     32  : 0.9835 0.0045 0.0090 0.0030
3279     3279   (0)     32  : 0.9860 0.0035 0.0030 0.0075
3280     3280   (0)     32  : 0.9855 0.0060 0.0040 0.0045
3281     3281   (0)     32  : 0.9800 0.0030 0.0050 0.0120
3282     3282   (0)     32  : 0.9925 0.0025 0.0030 0.0020
3283     3283   (5)     32  : 0.9910 0.0025 0.0035 0.0030
3284     3284   (0)     32  : 0.9790 0.0125 0.0040 0.0045
3285     3285   (0)     32  : 0.9810 0.0030 0.0080 0.0080
3286     3286   (0)     32  : 0.9915 0.0035 0.0030 0.0020
3287     3287   (0)     32  : 0.9815 0.0030 0.0040 0.0115
3288     3288   (0)     32  : 0.9620 0.0055 0.0280 0.0045
3289     3289   (5)     32  : 0.9725 0.0070 0.0150 0.0055
3290     3290   (5)     32  : 0.9745 0.0095 0.0100 0.0060
3291     3291   (5)     32  : 0.9815 0.0080 0.0055 0.0050
3292     3292   (5)     32  : 0.9890 0.0020 0.0040 0.0050
3293     3293   (0)     33  : 0.9845 0.0040 0.0085 0.0030
3294     3294   (0)     33  : 0.9850 0.0070 0.0050 0.0030
3295     3295   (0)     33  : 0.9900 0.0020 0.0030 0.0050
3296     3296   (0)     33  : 0.9845 0.0030 0.0040 0.0085
3297     3297   (0)     33  : 0.9885 0.0040 0.0040 0.0035
3298     3298   (0)     33  : 0.9905 0.0025 0.0040 0.0030
3299     3299   (0)     33  : 0.9885 0.0035 0.0030 0.0050
3300     3300   (0)     33  : 0.9830 0.0090 0.0060 0.0020
3301     3301   (0)     33  : 0.9910 0.0020 0.0040 0.0030
3302     3302   (0)     33  : 0.9700 0.0165 0.0090 0.0045
3303     3303   (0)     33  : 0.9895 0.0030 0.0030 0.0045
3304     3304   (0)     33  : 0.9900 0.0030 0.0040 0.0030
3305     3305   (0)     33  : 0.9930 0.0020 0.0030 0.0020
3306     3306   (0)     33  : 0.9785 0.0115 0.0070 0.0030
3307     3307   (0)     33  : 0.9870 0.0040 0.0050 0.0040
3308     3308   (0)     33  : 0.9815 0.0040 0.0080 0.0065
3309     3309   (0)     33  : 0.9785 0.0030 0.0115 0.0070
3310     3310   (0)     33  : 0.9525 0.0100 0.0290 0.0085
3311     3311   (0)     33  : 0.9885 0.0030 0.0060 0.0025
3312     3312   (0)     33  : 0.9835 0.0050 0.0080 0.0035
3313     3313   (0)     33  : 0.9900 0.0030 0.0040 0.0030
3314     3314   (0)     33  : 0.9555 0.0130 0.0055 0.0260
3315     3315   (0)     33  : 0.9890 0.0030 0.0060 0.0020
3316     3316   (0)     33  : 0.9875 0.0045 0.0050 0.0030
3317     3317   (0)     33  : 0.9660 0.0255 0.0040 0.0045
3318     3318   (0)     33  : 0.9760 0.0105 0.0050 0.0085
3319     3319   (0)     33  : 0.9885 0.0045 0.0040 0.0030
3320     3320   (0)     33  : 0.9845 0.0030 0.0070 0.0055
3321     3321   (0)     33  : 0.9880 0.0040 0.0040 0.0040
3322     3322   (0)     33  : 0.9895 0.0040 0.0040 0.0025
3323     3323   (0)     33  : 0.9875 0.0050 0.0055 0.0020
3324     3324   (0)     33  : 0.9860 0.0040 0.0040 0.0060
3325     3325   (0)     33  : 0.9820 0.0035 0.0050 0.0095
3326     3326   (0)     33  : 0.9705 0.0190 0.0050 0.0055
3327     3327   (0)     33  : 0.9885 0.0060 0.0030 0.0025
3328     3328   (0)     33  : 0.9865 0.0035 0.0050 0.0050
3329     3329   (0)     33  : 0.9915 0.0035 0.0030 0.0020
3330     3330   (0)     33  : 0.9770 0.0045 0.0110 0.0075
3331     3331   (0)     33  : 0.9800 0.0040 0.0065 0.0095
3332     3332   (0)     33  : 0.9755 0.0055 0.0100 0.0090
3333     3333   (0)     33  : 0.9860 0.0040 0.0050 0.0050
3334     3334   (0)     33  : 0.9895 0.0045 0.0030 0.0030
3335     3335   (0)     33  : 0.9915 0.0025 0.0030 0.0030
3336     3336   (0)     33  : 0.9875 0.0030 0.0050 0.0045
3337     3337   (0)     33  : 0.9895 0.0035 0.0040 0.0030
3338     3338   (0)     33  : 0.9800 0.0080 0.0070 0.0050
3339     3339   (0)     33  : 0.9855 0.0030 0.0065 0.0050
3340     3340   (0)     33  : 0.9275 0.0425 0.0145 0.0155
3341     3341   (0)     33  : 0.9800 0.0050 0.0090 0.0060
3342     3342   (0)     33  : 0.9905 0.0030 0.0040 0.0025
3343     3343   (0)     33  : 0.9530 0.0370 0.0070 0.0030
3344     3344   (0)     33  : 0.9825 0.0105 0.0040 0.0030
3345     3345   (0)     33  : 0.9835 0.0105 0.0030 0.0030
3346     3346   (0)     33  : 0.9830 0.0050 0.0060 0.0060
3347     3347   (0)     33  : 0.9885 0.0030 0.0050 0.0035
3348     3348   (0)     33  : 0.9830 0.0080 0.0060 0.0030
3349     3349   (0)     33  : 0.9825 0.0040 0.0055 0.0080
3350     3350   (0)     33  : 0.9815 0.0055 0.0090 0.0040
3351     3351   (0)     33  : 0.9885 0.0045 0.0040 0.0030
3352     3352   (0)     33  : 0.9840 0.0070 0.0040 0.0050
3353     3353   (0)     33  : 0.9770 0.0035 0.0085 0.0110
3354     3354   (0)     33  : 0.9865 0.0030 0.0050 0.0055
3355     3355   (0)     33  : 0.9905 0.0020 0.0050 0.0025
3356     3356   (0)     33  : 0.9905 0.0035 0.0040 0.0020
3357     3357   (0)     33  : 0.9855 0.0090 0.0030 0.0025
3358     3358   (0)     33  : 0.9855 0.0050 0.0050 0.0045
3359     3359   (0)     33  : 0.9920 0.0020 0.0030 0.0030
3360     3360   (0)     33  : 0.9870 0.0040 0.0060 0.0030
3361     3361   (0)     33  : 0.9860 0.0040 0.0060 0.0040
3362     3362   (0)     33  : 0.9845 0.0070 0.0040 0.0045
3363     3363   (0)     33  : 0.9855 0.0020 0.0070 0.0055
3364     3364   (0)     33  : 0.9915 0.0030 0.0035 0.0020
3365     3365   (0)     33  : 0.9860 0.0045 0.0030 0.0065
3366     3366   (0)     33  : 0.9760 0.0030 0.0165 0.0045
3367     3367   (0)     33  : 0.9865 0.0045 0.0050 0.0040
3368     3368   (0)     33  : 0.9440 0.0435 0.0080 0.0045
3369     3369   (0)     33  : 0.9900 0.0030 0.0050 0.0020
3370     3370   (0)     33  : 0.9735 0.0155 0.0050 0.0060
3371     3371   (0)     33  : 0.9805 0.0060 0.0050 0.0085
3372     3372   (0)     33  : 0.9885 0.0035 0.0050 0.0030
3373     3373   (0)     33  : 0.9920 0.0025 0.0030 0.0025
3374     3374   (0)     33  : 0.9870 0.0055 0.0040 0.0035
3375     3375   (0)     33  : 0.9850 0.0040 0.0050 0.0060
3376     3376   (0)     33  : 0.9875 0.0030 0.0050 0.0045
3377     3377   (0)     33  : 0.9885 0.0025 0.0055 0.0035
3378     3378   (0)     33  : 0.9890 0.0035 0.0045 0.0030
3379     3379   (0)     33  : 0.9910 0.0020 0.0025 0.0045
3380     3380   (0)     33  : 0.9675 0.0190 0.0080 0.0055
3381     3381   (0)     33  : 0.9875 0.0035 0.0050 0.0040
3382     3382   (0)     33  : 0.9880 0.0035 0.0050 0.0035
3383     3383   (0)     33  : 0.9895 0.0045 0.0030 0.0030
3384     3384   (0)     33  : 0.9825 0.0040 0.0090 0.0045
3385     3385   (0)     33  : 0.9885 0.0035 0.0030 0.0050
3386     3386   (0)     33  : 0.9755 0.0020 0.0170 0.0055
3387     3387   (0)     33  : 0.9850 0.0060 0.0055 0.0035
3388     3388   (0)     33  : 0.9900 0.0025 0.0040 0.0035
3389     3389   (0)     33  : 0.9920 0.0035 0.0020 0.0025
3390     3390   (0)     33  : 0.9905 0.0020 0.0040 0.0035
3391     3391   (0)     33  : 0.9850 0.0040 0.0050 0.0060
3392     3392   (0)     33  : 0.9855 0.0030 0.0070 0.0045
3393     3393   (0)     33  : 0.9170 0.0060 0.0690 0.0080
3394     3394   (0)     33  : 0.9860 0.0065 0.0040 0.0035
3395     3395   (0)     33  : 0.9930 0.0020 0.0025 0.0025
3396     3396   (0)     33  : 0.9505 0.0415 0.0045 0.0035
3397     3397   (0)     33  : 0.9840 0.0045 0.0060 0.0055
3398     3398   (0)     33  : 0.9610 0.0040 0.0230 0.0120
3399     3399   (0)     33  : 0.9760 0.0060 0.0100 0.0080
3400     3400   (0)     33  : 0.9920 0.0025 0.0030 0.0025
3401     3401   (0)     33  : 0.9880 0.0035 0.0040 0.0045
3402     3402   (0)     33  : 0.9860 0.0060 0.0040 0.0040
3403     3403   (0)     33  : 0.9910 0.0030 0.0030 0.0030
3404     3404   (0)     33  : 0.9925 0.0020 0.0035 0.0020
3405     3405   (0)     33  : 0.9885 0.0045 0.0040 0.0030
3406     3406   (0)     33  : 0.9910 0.0030 0.0030 0.0030
3407     3407   (0)     33  : 0.9835 0.0080 0.0040 0.0045
3408     3408   (0)     33  : 0.9870 0.0035 0.0050 0.0045
3409     3409   (0)     33  : 0.9860 0.0040 0.0060 0.0040
3410     3410   (0)     33  : 0.9890 0.0035 0.0040 0.0035
3411     3411   (0)     33  : 0.9880 0.0055 0.0030 0.0035
3412     3412   (0)     33  : 0.9855 0.0080 0.0040 0.0025
3413     3413   (0)     33  : 0.9840 0.0030 0.0080 0.0050
3414     3414   (0)     33  : 0.9910 0.0020 0.0040 0.0030
3415     3415   (0)     33  : 0.9830 0.0090 0.0040 0.0040
3416     3416   (0)     33  : 0.9120 0.0370 0.0120 0.0390
3417     3417   (0)     33  : 0.9845 0.0065 0.0060 0.0030
3418     3418   (0)     33  : 0.9915 0.0030 0.0020 0.0035
3419     3419   (0)     33  : 0.9925 0.0020 0.0030 0.0025
3420     3420   (0)     33  : 0.9710 0.0205 0.0050 0.0035
3421     3421   (0)     33  : 0.9815 0.0060 0.0085 0.0040
3422     3422   (0)     33  : 0.9930 0.0020 0.0030 0.0020
3423     3423   (0)     33  : 0.9800 0.0050 0.0080 0.0070
3424     3424   (0)     33  : 0.9825 0.0060 0.0060 0.0055
3425     3425   (0)     33  : 0.9500 0.0070 0.0080 0.0350
3426     3426   (0)     33  : 0.9855 0.0030 0.0080 0.0035
3427     3427   (0)     33  : 0.9810 0.0050 0.0090 0.0050
3428     3428   (0)     33  : 0.9705 0.0055 0.0135 0.0105
3429     3429   (0)     33  : 0.9865 0.0050 0.0050 0.0035
3430     3430   (0)     33  : 0.9875 0.0025 0.0030 0.0070
3431     3431   (0)     33  : 0.9770 0.0060 0.0065 0.0105
3432     3432   (0)     33  : 0.9760 0.0070 0.0085 0.0085
3433     3433   (0)     33  : 0.9565 0.0090 0.0170 0.0175
3434     3434   (0)     33  : 0.9910 0.0020 0.0040 0.0030
3435     3435   (0)     33  : 0.9915 0.0020 0.0030 0.0035
3436     3436   (0)     33  : 0.9890 0.0025 0.0055 0.0030
3437     3437   (0)     33  : 0.9840 0.0075 0.0050 0.0035
3438     3438   (0)     33  : 0.9835 0.0035 0.0085 0.0045
3439     3439   (0)     33  : 0.9430 0.0050 0.0340 0.0180
3440     3440   (0)     33  : 0.9905 0.0020 0.0040 0.0035
3441     3441   (0)     33  : 0.9810 0.0090 0.0060 0.0040
3442     3442   (0)     33  : 0.9890 0.0040 0.0040 0.0030
3443     3443   (0)     33  : 0.9795 0.0135 0.0050 0.0020
3444     3444   (0)     33  : 0.9555 0.0320 0.0085 0.0040
3445     3445   (0)     33  : 0.9835 0.0045 0.0080 0.0040
3446     3446   (0)     33  : 0.9805 0.0050 0.0070 0.0075
3447     3447   (0)     33  : 0.9885 0.0030 0.0040 0.0045
3448     3448   (0)     33  : 0.9810 0.0085 0.0040 0.0065
3449     3449   (0)     33  : 0.9855 0.0045 0.0060 0.0040
3450     3450   (0)     33  : 0.9890 0.0030 0.0050 0.0030
3451     3451   (0)     33  : 0.9850 0.0060 0.0040 0.0050
3452     3452   (0)     33  : 0.9750 0.0045 0.0050 0.0155
3453     3453   (0)     33  : 0.9850 0.0035 0.0040 0.0075
3454     3454   (0)     33  : 0.9835 0.0055 0.0050 0.0060
3455     3455   (0)     33  : 0.9545 0.0325 0.0100 0.0030
3456     3456   (0)     33  : 0.9785 0.0065 0.0060 0.0090
3457     3457   (0)     33  : 0.9590 0.0045 0.0250 0.0115
3458     3458   (0)     33  : 0.9850 0.0030 0.0070 0.0050
3459     3459   (0)     33  : 0.9865 0.0040 0.0050 0.0045
3460     3460   (0)     33  : 0.9690 0.0190 0.0060 0.0060
3461     3461   (0)     33  : 0.9900 0.0040 0.0040 0.0020
3462     3462   (0)     33  : 0.9820 0.0080 0.0075 0.0025
3463     3463   (0)     33  : 0.9825 0.0070 0.0040 0.0065
3464     3464   (0)     33  : 0.9905 0.0030 0.0040 0.0025
3465     3465   (0)     33  : 0.9795 0.0060 0.0080 0.0065
3466     3466   (0)     33  : 0.9880 0.0045 0.0040 0.0035
3467     3467   (0)     33  : 0.9880 0.0020 0.0050 0.0050
3468     3468   (0)     33  : 0.9805 0.0085 0.0070 0.0040
3469     3469   (0)     33  : 0.9865 0.0035 0.0040 0.0060
3470     3470   (0)     33  : 0.9885 0.0045 0.0040 0.0030
3471     3471   (0)     33  : 0.9860 0.0035 0.0040 0.0065
3472     3472   (0)     33  : 0.9785 0.0090 0.0100 0.0025
3473     3473   (0)     33  : 0.9475 0.0035 0.0330 0.0160
3474     3474   (0)     33  : 0.9930 0.0020 0.0030 0.0020
3475     3475   (0)     33  : 0.9905 0.0035 0.0030 0.0030
3476     3476   (0)     33  : 0.8345 0.0330 0.1030 0.0295
3477     3477   (0)     33  : 0.9840 0.0050 0.0070 0.0040
3478     3478   (0)     33  : 0.9915 0.0025 0.0030 0.0030
3479     3479   (0)     33  : 0.9830 0.0075 0.0060 0.0035
3480     3480   (0)     33  : 0.9835 0.0040 0.0095 0.0030
3481     3481   (0)     33  : 0.9765 0.0030 0.0170 0.0035
3482     3482   (0)     33  : 0.9855 0.0035 0.0065 0.0045
3483     3483   (0)     33  : 0.9905 0.0020 0.0040 0.0035
3484     3484   (0)     33  : 0.9820 0.0035 0.0050 0.0095
3485     3485   (0)     33  : 0.9740 0.0030 0.0085 0.0145
3486     3486   (0)     33  : 0.8435 0.1475 0.0060 0.0030
3487     3487   (0)     33  : 0.9860 0.0055 0.0045 0.0040
3488     3488   (0)     33  : 0.9740 0.0045 0.0095 0.0120
3489     3489   (0)     33  : 0.9780 0.0150 0.0040 0.0030
3490     3490   (0)     33  : 0.9925 0.0025 0.0030 0.0020
3491     3491   (0)     33  : 0.9815 0.0050 0.0100 0.0035
3492     3492   (0)     33  : 0.9855 0.0065 0.0055 0.0025
3493     3493   (0)     33  : 0.9885 0.0050 0.0030 0.0035
3494     3494   (0)     33  : 0.9810 0.0140 0.0030 0.0020
3495     3495   (0)     33  : 0.9900 0.0030 0.0040 0.0030
3496     3496   (0)     33  : 0.9905 0.0020 0.0040 0.0035
3497     3497   (0)     33  : 0.9660 0.0085 0.0195 0.0060
3498     3498   (0)     33  : 0.9880 0.0030 0.0045 0.0045
3499     3499   (0)     33  : 0.9885 0.0045 0.0040 0.0030
3500     3500   (0)     33  : 0.9850 0.0045 0.0070 0.0035
3501     3501   (0)     33  : 0.9895 0.0035 0.0040 0.0030
3502     3502   (0)     33  : 0.9865 0.0040 0.0030 0.0065
3503     3503   (0)     33  : 0.9840 0.0065 0.0050 0.0045
3504     3504   (0)     33  : 0.9800 0.0030 0.0095 0.0075
3505     3505   (0)     33  : 0.9685 0.0225 0.0060 0.0030
3506     3506   (0)     33  : 0.9885 0.0035 0.0050 0.0030
3507     3507   (0)     33  : 0.9820 0.0055 0.0045 0.0080
3508     3508   (0)     33  : 0.9900 0.0030 0.0040 0.0030
3509     3509   (0)     33  : 0.9905 0.0035 0.0040 0.0020
3510     3510   (0)     33  : 0.9890 0.0035 0.0040 0.0035
3511     3511   (0)     33  : 0.9910 0.0025 0.0040 0.0025
3512     3512   (0)     33  : 0.9875 0.0035 0.0060 0.0030
3513     3513   (0)     33  : 0.9875 0.0050 0.0050 0.0025
3514     3514   (0)     33  : 0.9810 0.0035 0.0080 0.0075
3515     3515   (0)     33  : 0.9845 0.0035 0.0050 0.0070
3516     3516   (0)     33  : 0.9835 0.0040 0.0050 0.0075
3517     3517   (0)     33  : 0.9850 0.0045 0.0050 0.0055
3518     3518   (0)     33  : 0.9910 0.0025 0.0040 0.0025
3519     3519   (0)     33  : 0.9850 0.0055 0.0050 0.0045
3520     3520   (0)     33  : 0.9745 0.0130 0.0050 0.0075
3521     3521   (0)     33  : 0.9875 0.0030 0.0050 0.0045
3522     3522   (0)     33  : 0.9650 0.0040 0.0200 0.0110
3523     3523   (0)     33  : 0.9880 0.0035 0.0040 0.0045
3524     3524   (0)     33  : 0.9895 0.0025 0.0060 0.0020
3525     3525   (0)     33  : 0.9890 0.0045 0.0030 0.0035
3526     3526   (0)     33  : 0.9840 0.0040 0.0040 0.0080
3527     3527   (0)     33  : 0.9855 0.0040 0.0070 0.0035
3528     3528   (0)     33  : 0.9850 0.0075 0.0045 0.0030
3529     3529   (0)     33  : 0.9870 0.0040 0.0050 0.0040
3530     3530   (0)     33  : 0.9820 0.0030 0.0070 0.0080
3531     3531   (0)     33  : 0.9835 0.0050 0.0080 0.0035
3532     3532   (0)     33  : 0.9910 0.0030 0.0040 0.0020
3533     3533   (0)     33  : 0.9890 0.0040 0.0040 0.0030
3534     3534   (0)     33  : 0.9880 0.0050 0.0040 0.0030
3535     3535   (0)     33  : 0.9865 0.0050 0.0060 0.0025
3536     3536   (0)     33  : 0.9905 0.0020 0.0040 0.0035
3537     3537   (0)     33  : 0.9790 0.0035 0.0090 0.0085
3538     3538   (0)     33  : 0.9895 0.0035 0.0040 0.0030
3539     3539   (0)     33  : 0.9900 0.0020 0.0040 0.0040
3540     3540   (0)     33  : 0.9900 0.0030 0.0050 0.0020
3541     3541   (0)     33  : 0.9875 0.0040 0.0050 0.0035
3542     3542   (0)     33  : 0.9905 0.0030 0.0030 0.0035
3543     3543   (0)     33  : 0.9905 0.0020 0.0040 0.0035
3544     3544   (0)     33  : 0.9915 0.0025 0.0040 0.0020
3545     3545   (0)     33  : 0.9880 0.0045 0.0040 0.0035
3546     3546   (0)     33  : 0.9925 0.0025 0.0030 0.0020
3547     3547   (0)     33  : 0.9840 0.0030 0.0090 0.0040
3548     3548   (0)     33  : 0.9920 0.0025 0.0030 0.0025
3549     3549   (0)     33  : 0.9885 0.0030 0.0040 0.0045
3550     3550   (0)     33  : 0.9845 0.0055 0.0060 0.0040
3551     3551   (0)     33  : 0.9655 0.0235 0.0080 0.0030
3552     3552   (0)     33  : 0.9890 0.0055 0.0030 0.0025
3553     3553   (0)     33  : 0.9885 0.0030 0.0055 0.0030
3554     3554   (0)     33  : 0.9775 0.0150 0.0040 0.0035
3555     3555   (0)     33  : 0.9740 0.0035 0.0070 0.0155
3556     3556   (0)     33  : 0.9620 0.0030 0.0215 0.0135
3557     3557   (0)     33  : 0.9880 0.0030 0.0070 0.0020
3558     3558   (0)     33  : 0.9830 0.0035 0.0090 0.0045
3559     3559   (0)     33  : 0.9785 0.0025 0.0095 0.0095
3560     3560   (0)     33  : 0.9875 0.0035 0.0040 0.0050
3561     3561   (0)     33  : 0.9775 0.0085 0.0095 0.0045
3562     3562   (0)     33  : 0.9915 0.0020 0.0030 0.0035
3563     3563   (0)     33  : 0.9825 0.0075 0.0055 0.0045
3564     3564   (0)     33  : 0.9875 0.0050 0.0040 0.0035
3565     3565   (0)     33  : 0.9865 0.0050 0.0040 0.0045
3566     3566   (0)     33  : 0.9715 0.0195 0.0050 0.0040
3567     3567   (0)     33  : 0.9865 0.0040 0.0060 0.0035
3568     3568   (0)     33  : 0.9850 0.0070 0.0030 0.0050
3569     3569   (0)     33  : 0.9865 0.0045 0.0050 0.0040
3570     3570   (0)     33  : 0.9760 0.0045 0.0050 0.0145
3571     3571   (0)     33  : 0.9785 0.0085 0.0090 0.0040
3572     3572   (0)     33  : 0.9840 0.0040 0.0090 0.0030
3573     3573   (0)     33  : 0.9750 0.0125 0.0090 0.0035
3574     3574   (0)     33  : 0.9840 0.0035 0.0090 0.0035
3575     3575   (0)     33  : 0.9850 0.0025 0.0070 0.0055
3576     3576   (0)     33  : 0.9865 0.0030 0.0060 0.0045
3577     3577   (0)     33  : 0.9870 0.0030 0.0040 0.0060
3578     3578   (0)     33  : 0.9900 0.0040 0.0030 0.0030
3579     3579   (0)     33  : 0.9790 0.0150 0.0035 0.0025
3580     3580   (0)     33  : 0.9775 0.0035 0.0075 0.0115
3581     3581   (0)     33  : 0.9790 0.0020 0.0075 0.0115
3582     3582   (0)     33  : 0.9825 0.0045 0.0085 0.0045
3583     3583   (0)     33  : 0.9915 0.0020 0.0030 0.0035
3584     3584   (0)     33  : 0.9820 0.0120 0.0040 0.0020
3585     3585   (0)     33  : 0.9905 0.0025 0.0035 0.0035
3586     3586   (0)     33  : 0.9885 0.0045 0.0040 0.0030
3587     3587   (0)     33  : 0.9755 0.0170 0.0040 0.0035
3588     3588   (0)     33  : 0.9900 0.0025 0.0040 0.0035
3589     3589   (0)     33  : 0.9815 0.0100 0.0050 0.0035
3590     3590   (0)     33  : 0.9845 0.0030 0.0085 0.0040
3591     3591   (0)     33  : 0.9915 0.0035 0.0030 0.0020
3592     3592   (0)     33  : 0.9875 0.0030 0.0060 0.0035
