1 1 (5) 1 : 0.011 0.004 0.007 0.973 0.005
2 2 (5) 1 : 0.005 0.011 0.009 0.961 0.014
3 3 (5) 1 : 0.005 0.003 0.005 0.984 0.004
4 4 (0) 1 : 0.006 0.004 0.004 0.983 0.003
5 5 (0) 1 : 0.008 0.014 0.094 0.871 0.013
6 6 (0) 1 : 0.006 0.004 0.005 0.980 0.005
7 7 (0) 1 : 0.003 0.008 0.008 0.915 0.065
8 8 (5) 1 : 0.005 0.004 0.003 0.985 0.003
9 9 (0) 1 : 0.004 0.003 0.003 0.987 0.003
10 10 (0) 1 : 0.003 0.007 0.007 0.966 0.017
11 11 (0) 1 : 0.003 0.004 0.005 0.982 0.007
12 12 (0) 1 : 0.004 0.010 0.005 0.974 0.008
13 13 (0) 1 : 0.003 0.007 0.003 0.975 0.012
14 14 (0) 1 : 0.011 0.004 0.004 0.975 0.006
15 15 (0) 1 : 0.004 0.003 0.004 0.984 0.005
16 16 (0) 1 : 0.008 0.003 0.004 0.983 0.003
17 17 (0) 1 : 0.002 0.003 0.003 0.989 0.003
18 18 (0) 1 : 0.004 0.007 0.013 0.970 0.007
19 19 (0) 1 : 0.006 0.016 0.005 0.969 0.003
20 20 (0) 1 : 0.007 0.008 0.022 0.941 0.023
21 21 (0) 1 : 0.003 0.004 0.002 0.987 0.003
22 22 (0) 1 : 0.009 0.002 0.003 0.983 0.003
23 23 (0) 1 : 0.006 0.003 0.004 0.985 0.003
24 24 (0) 1 : 0.016 0.007 0.007 0.967 0.003
25 25 (0) 1 : 0.004 0.010 0.005 0.965 0.016
26 26 (0) 1 : 0.005 0.007 0.003 0.981 0.004
27 27 (5) 1 : 0.004 0.007 0.024 0.931 0.034
28 28 (0) 1 : 0.008 0.002 0.009 0.974 0.007
29 29 (0) 1 : 0.008 0.003 0.005 0.980 0.003
30 30 (0) 1 : 0.019 0.012 0.011 0.945 0.014
31 31 (0) 1 : 0.004 0.003 0.006 0.984 0.004
32 32 (0) 1 : 0.004 0.006 0.010 0.974 0.006
33 33 (0) 1 : 0.003 0.003 0.004 0.987 0.003
34 34 (0) 1 : 0.006 0.003 0.004 0.985 0.003
35 35 (0) 1 : 0.006 0.006 0.085 0.889 0.013
36 36 (0) 1 : 0.005 0.006 0.029 0.955 0.005
37 37 (0) 1 : 0.004 0.009 0.006 0.972 0.009
38 38 (0) 1 : 0.003 0.011 0.004 0.977 0.005
39 39 (0) 1 : 0.004 0.010 0.009 0.966 0.011
40 40 (0) 1 : 0.008 0.005 0.008 0.975 0.004
41 41 (0) 1 : 0.004 0.004 0.005 0.983 0.004
42 42 (0) 1 : 0.004 0.003 0.003 0.988 0.002
43 43 (0) 1 : 0.004 0.003 0.004 0.985 0.004
44 44 (0) 1 : 0.002 0.002 0.003 0.990 0.003
45 45 (5) 1 : 0.005 0.007 0.006 0.974 0.008
46 46 (0) 1 : 0.007 0.002 0.004 0.984 0.003
47 47 (0) 1 : 0.006 0.002 0.004 0.982 0.006
48 48 (0) 1 : 0.010 0.004 0.006 0.975 0.005
49 49 (0) 1 : 0.003 0.008 0.003 0.980 0.006
50 50 (0) 1 : 0.005 0.004 0.004 0.983 0.005
51 51 (0) 1 : 0.004 0.007 0.004 0.980 0.006
52 52 (0) 1 : 0.011 0.037 0.008 0.931 0.014
53 53 (0) 1 : 0.017 0.004 0.006 0.967 0.007
54 54 (0) 1 : 0.005 0.002 0.005 0.982 0.006
55 55 (0) 1 : 0.004 0.003 0.004 0.982 0.007
56 56 (0) 1 : 0.005 0.003 0.004 0.984 0.003
57 57 (10) 1 : 0.004 0.006 0.006 0.981 0.003
58 58 (5) 1 : 0.007 0.004 0.005 0.978 0.006
59 59 (0) 1 : 0.008 0.005 0.004 0.977 0.005
60 60 (0) 1 : 0.003 0.003 0.003 0.986 0.005
61 61 (0) 1 : 0.007 0.004 0.006 0.977 0.006
62 62 (0) 1 : 0.004 0.004 0.006 0.975 0.011
63 63 (0) 1 : 0.003 0.004 0.006 0.978 0.008
64 64 (0) 1 : 0.004 0.003 0.006 0.982 0.005
65 65 (0) 1 : 0.003 0.018 0.018 0.945 0.016
66 66 (0) 1 : 0.007 0.003 0.008 0.978 0.003
67 67 (5) 1 : 0.021 0.016 0.006 0.951 0.006
68 68 (0) 1 : 0.022 0.005 0.007 0.953 0.013
69 69 (0) 1 : 0.002 0.002 0.003 0.982 0.010
70 70 (0) 1 : 0.006 0.004 0.004 0.978 0.007
71 71 (5) 1 : 0.007 0.005 0.012 0.969 0.007
72 72 (0) 1 : 0.003 0.011 0.004 0.976 0.006
73 73 (5) 1 : 0.005 0.003 0.010 0.977 0.004
74 74 (10) 1 : 0.006 0.007 0.006 0.974 0.007
75 75 (10) 1 : 0.004 0.017 0.005 0.968 0.005
76 76 (0) 1 : 0.155 0.004 0.005 0.833 0.003
77 77 (10) 1 : 0.044 0.005 0.004 0.943 0.004
78 78 (0) 1 : 0.058 0.007 0.011 0.918 0.006
79 79 (5) 1 : 0.010 0.003 0.010 0.963 0.014
80 80 (0) 1 : 0.004 0.003 0.003 0.986 0.003
81 81 (0) 1 : 0.004 0.004 0.003 0.986 0.003
82 82 (0) 1 : 0.002 0.003 0.003 0.989 0.003
83 83 (0) 1 : 0.060 0.004 0.005 0.924 0.008
84 84 (0) 1 : 0.003 0.007 0.005 0.975 0.009
85 85 (0) 1 : 0.002 0.003 0.003 0.988 0.003
86 86 (5) 1 : 0.003 0.004 0.004 0.985 0.004
87 87 (0) 1 : 0.004 0.003 0.004 0.985 0.004
88 88 (0) 1 : 0.129 0.011 0.016 0.837 0.007
89 89 (0) 1 : 0.010 0.022 0.008 0.956 0.004
90 90 (0) 1 : 0.010 0.003 0.006 0.976 0.005
91 91 (0) 1 : 0.007 0.004 0.005 0.978 0.006
92 92 (0) 1 : 0.005 0.004 0.011 0.971 0.009
93 93 (0) 1 : 0.004 0.003 0.003 0.987 0.003
94 94 (5) 1 : 0.026 0.011 0.007 0.948 0.008
95 95 (0) 1 : 0.006 0.005 0.004 0.980 0.005
96 96 (5) 1 : 0.002 0.004 0.003 0.987 0.004
97 97 (0) 1 : 0.016 0.002 0.004 0.954 0.024
98 98 (0) 1 : 0.004 0.006 0.007 0.978 0.005
99 99 (5) 1 : 0.003 0.005 0.004 0.984 0.004
100 100 (5) 1 : 0.004 0.003 0.003 0.988 0.003
101 101 (0) 2 : 0.003 0.004 0.014 0.958 0.021
102 102 (0) 2 : 0.003 0.004 0.003 0.987 0.003
103 103 (0) 2 : 0.006 0.008 0.006 0.963 0.017
104 104 (0) 2 : 0.002 0.020 0.004 0.970 0.004
105 105 (0) 2 : 0.003 0.002 0.002 0.991 0.002
106 106 (0) 2 : 0.003 0.004 0.002 0.989 0.003
107 107 (0) 2 : 0.007 0.004 0.010 0.970 0.010
108 108 (0) 2 : 0.003 0.003 0.005 0.981 0.008
109 109 (0) 2 : 0.004 0.003 0.005 0.984 0.003
110 110 (0) 2 : 0.015 0.007 0.006 0.967 0.004
111 111 (0) 2 : 0.003 0.002 0.004 0.987 0.004
112 112 (0) 2 : 0.005 0.004 0.005 0.982 0.004
113 113 (0) 2 : 0.003 0.004 0.004 0.986 0.003
114 114 (0) 2 : 0.003 0.002 0.002 0.991 0.002
115 115 (0) 2 : 0.014 0.003 0.009 0.964 0.009
116 116 (0) 2 : 0.004 0.003 0.003 0.984 0.006
117 117 (0) 2 : 0.038 0.004 0.004 0.951 0.003
118 118 (0) 2 : 0.003 0.002 0.003 0.989 0.003
119 119 (0) 2 : 0.005 0.002 0.010 0.980 0.004
120 120 (0) 2 : 0.003 0.004 0.003 0.988 0.003
121 121 (0) 2 : 0.004 0.007 0.005 0.976 0.008
122 122 (0) 2 : 0.006 0.004 0.003 0.983 0.004
123 123 (0) 2 : 0.010 0.041 0.011 0.909 0.030
124 124 (0) 2 : 0.003 0.005 0.003 0.986 0.003
125 125 (0) 2 : 0.003 0.005 0.009 0.975 0.008
126 126 (0) 2 : 0.004 0.003 0.003 0.986 0.003
127 127 (0) 2 : 0.004 0.005 0.005 0.982 0.004
128 128 (0) 2 : 0.011 0.008 0.070 0.905 0.006
129 129 (0) 2 : 0.010 0.004 0.003 0.979 0.004
130 130 (0) 2 : 0.004 0.007 0.004 0.978 0.006
131 131 (0) 2 : 0.003 0.003 0.005 0.985 0.004
132 132 (0) 2 : 0.029 0.010 0.015 0.922 0.023
133 133 (0) 2 : 0.007 0.014 0.011 0.955 0.013
134 134 (0) 2 : 0.009 0.004 0.004 0.973 0.010
135 135 (0) 2 : 0.003 0.005 0.003 0.985 0.004
136 136 (0) 2 : 0.007 0.006 0.008 0.976 0.004
137 137 (0) 2 : 0.004 0.005 0.014 0.969 0.007
138 138 (0) 2 : 0.007 0.004 0.008 0.976 0.005
139 139 (0) 2 : 0.004 0.007 0.012 0.970 0.007
140 140 (0) 2 : 0.005 0.003 0.003 0.986 0.003
141 141 (0) 2 : 0.016 0.005 0.005 0.967 0.008
142 142 (0) 2 : 0.010 0.009 0.024 0.952 0.005
143 143 (0) 2 : 0.004 0.003 0.004 0.988 0.002
144 144 (0) 2 : 0.006 0.002 0.004 0.985 0.003
145 145 (0) 2 : 0.004 0.005 0.005 0.983 0.004
146 146 (0) 2 : 0.007 0.008 0.008 0.960 0.017
147 147 (0) 2 : 0.003 0.002 0.004 0.989 0.002
148 148 (0) 2 : 0.006 0.024 0.007 0.950 0.014
149 149 (0) 2 : 0.005 0.002 0.009 0.980 0.003
150 150 (0) 2 : 0.012 0.004 0.007 0.974 0.004
151 151 (0) 2 : 0.005 0.008 0.006 0.973 0.008
152 152 (0) 2 : 0.014 0.016 0.005 0.960 0.005
153 153 (0) 2 : 0.005 0.008 0.010 0.964 0.012
154 154 (0) 2 : 0.004 0.003 0.005 0.985 0.003
155 155 (0) 2 : 0.007 0.199 0.009 0.765 0.020
156 156 (0) 2 : 0.008 0.005 0.005 0.975 0.007
157 157 (0) 2 : 0.005 0.004 0.004 0.980 0.008
158 158 (0) 2 : 0.002 0.005 0.003 0.987 0.003
159 159 (0) 2 : 0.005 0.005 0.003 0.984 0.003
160 160 (0) 2 : 0.004 0.012 0.022 0.927 0.035
161 161 (0) 2 : 0.003 0.008 0.003 0.981 0.005
162 162 (0) 2 : 0.005 0.002 0.004 0.987 0.002
163 163 (0) 2 : 0.013 0.003 0.004 0.977 0.003
164 164 (0) 2 : 0.005 0.019 0.027 0.924 0.025
165 165 (0) 2 : 0.002 0.003 0.003 0.988 0.004
166 166 (0) 2 : 0.005 0.004 0.007 0.975 0.009
167 167 (0) 2 : 0.004 0.004 0.004 0.985 0.003
168 168 (0) 2 : 0.003 0.003 0.004 0.987 0.004
169 169 (0) 2 : 0.003 0.010 0.003 0.981 0.003
170 170 (0) 2 : 0.008 0.005 0.004 0.981 0.003
171 171 (0) 2 : 0.003 0.003 0.003 0.988 0.003
172 172 (0) 2 : 0.002 0.004 0.003 0.987 0.004
173 173 (0) 2 : 0.004 0.004 0.004 0.981 0.006
174 174 (0) 2 : 0.003 0.003 0.003 0.986 0.005
175 175 (0) 2 : 0.003 0.014 0.004 0.972 0.007
176 176 (0) 2 : 0.013 0.004 0.004 0.977 0.003
177 177 (0) 2 : 0.003 0.004 0.004 0.984 0.004
178 178 (0) 2 : 0.003 0.005 0.003 0.986 0.004
179 179 (0) 2 : 0.006 0.004 0.008 0.977 0.006
180 180 (0) 2 : 0.004 0.006 0.005 0.981 0.004
181 181 (0) 2 : 0.006 0.004 0.003 0.984 0.003
182 182 (0) 2 : 0.005 0.015 0.018 0.941 0.021
183 183 (0) 2 : 0.002 0.003 0.003 0.990 0.003
184 184 (0) 2 : 0.004 0.004 0.007 0.982 0.004
185 185 (0) 2 : 0.004 0.003 0.006 0.983 0.004
186 186 (0) 2 : 0.007 0.009 0.006 0.962 0.016
187 187 (0) 2 : 0.004 0.003 0.005 0.983 0.005
188 188 (0) 2 : 0.007 0.003 0.003 0.982 0.004
189 189 (0) 2 : 0.003 0.002 0.004 0.986 0.004
190 190 (0) 2 : 0.003 0.005 0.003 0.983 0.006
191 191 (0) 2 : 0.002 0.003 0.003 0.989 0.003
192 192 (0) 2 : 0.012 0.007 0.010 0.966 0.005
193 193 (0) 2 : 0.003 0.002 0.003 0.990 0.003
194 194 (0) 2 : 0.004 0.003 0.003 0.987 0.003
195 195 (0) 2 : 0.003 0.003 0.007 0.982 0.005
196 196 (0) 2 : 0.004 0.003 0.003 0.986 0.003
197 197 (0) 2 : 0.002 0.003 0.002 0.990 0.003
198 198 (0) 2 : 0.003 0.003 0.003 0.987 0.004
199 199 (0) 2 : 0.004 0.003 0.005 0.985 0.004
200 200 (0) 2 : 0.013 0.008 0.004 0.963 0.012
201 201 (0) 2 : 0.035 0.003 0.006 0.953 0.003
202 202 (0) 2 : 0.006 0.005 0.007 0.976 0.007
203 203 (0) 2 : 0.006 0.006 0.019 0.946 0.022
204 204 (0) 2 : 0.002 0.002 0.003 0.990 0.002
205 205 (0) 2 : 0.003 0.007 0.005 0.974 0.010
206 206 (0) 2 : 0.004 0.003 0.003 0.985 0.005
207 207 (0) 2 : 0.011 0.006 0.006 0.969 0.007
208 208 (0) 2 : 0.003 0.011 0.005 0.974 0.007
209 209 (0) 2 : 0.003 0.004 0.004 0.986 0.003
210 210 (0) 2 : 0.013 0.005 0.005 0.971 0.006
211 211 (0) 2 : 0.009 0.003 0.047 0.926 0.015
212 212 (0) 2 : 0.004 0.004 0.003 0.985 0.004
213 213 (0) 2 : 0.004 0.007 0.005 0.978 0.007
214 214 (0) 2 : 0.015 0.004 0.008 0.968 0.006
215 215 (0) 2 : 0.009 0.006 0.008 0.964 0.013
216 216 (0) 2 : 0.005 0.006 0.013 0.971 0.006
217 217 (0) 2 : 0.004 0.002 0.005 0.986 0.003
218 218 (0) 2 : 0.005 0.008 0.003 0.980 0.004
219 219 (0) 2 : 0.003 0.003 0.003 0.986 0.004
220 220 (0) 2 : 0.005 0.003 0.015 0.973 0.005
221 221 (0) 2 : 0.003 0.004 0.003 0.987 0.003
222 222 (0) 2 : 0.005 0.004 0.006 0.980 0.005
223 223 (0) 2 : 0.012 0.005 0.004 0.975 0.005
224 224 (0) 2 : 0.006 0.005 0.007 0.977 0.005
225 225 (0) 2 : 0.002 0.003 0.003 0.987 0.004
226 226 (0) 2 : 0.005 0.004 0.006 0.978 0.007
227 227 (0) 2 : 0.021 0.007 0.007 0.958 0.008
228 228 (0) 2 : 0.005 0.004 0.010 0.972 0.009
229 229 (0) 2 : 0.003 0.006 0.004 0.983 0.004
230 230 (0) 2 : 0.003 0.003 0.002 0.989 0.003
231 231 (0) 2 : 0.049 0.008 0.018 0.919 0.005
232 232 (0) 2 : 0.005 0.003 0.005 0.984 0.003
233 233 (0) 2 : 0.006 0.003 0.004 0.984 0.003
234 234 (0) 2 : 0.020 0.168 0.034 0.770 0.008
235 235 (0) 2 : 0.010 0.005 0.006 0.972 0.008
236 236 (0) 2 : 0.044 0.038 0.012 0.889 0.017
237 237 (0) 2 : 0.012 0.003 0.006 0.974 0.005
238 238 (0) 2 : 0.004 0.004 0.005 0.982 0.004
239 239 (0) 2 : 0.057 0.003 0.010 0.927 0.004
240 240 (0) 2 : 0.007 0.004 0.005 0.980 0.004
241 241 (0) 2 : 0.005 0.023 0.020 0.921 0.032
242 242 (0) 2 : 0.009 0.007 0.011 0.946 0.027
243 243 (0) 2 : 0.003 0.003 0.003 0.988 0.003
244 244 (0) 2 : 0.004 0.003 0.008 0.978 0.006
245 245 (0) 2 : 0.009 0.006 0.158 0.733 0.093
246 246 (0) 2 : 0.021 0.003 0.009 0.963 0.005
247 247 (0) 2 : 0.005 0.004 0.006 0.982 0.003
248 248 (0) 2 : 0.007 0.055 0.039 0.868 0.031
249 249 (0) 2 : 0.004 0.024 0.004 0.963 0.005
250 250 (0) 2 : 0.062 0.007 0.004 0.920 0.007
251 251 (0) 2 : 0.007 0.006 0.009 0.973 0.004
252 252 (0) 2 : 0.014 0.005 0.008 0.949 0.023
253 253 (0) 2 : 0.002 0.003 0.003 0.987 0.005
254 254 (0) 2 : 0.004 0.003 0.003 0.987 0.003
255 255 (0) 2 : 0.005 0.007 0.004 0.976 0.008
256 256 (0) 2 : 0.005 0.007 0.003 0.981 0.004
257 257 (0) 2 : 0.015 0.003 0.008 0.969 0.005
258 258 (0) 2 : 0.005 0.003 0.005 0.982 0.005
259 259 (0) 2 : 0.011 0.005 0.005 0.973 0.005
260 260 (0) 2 : 0.004 0.017 0.023 0.920 0.035
261 261 (0) 2 : 0.005 0.007 0.008 0.960 0.020
262 262 (0) 2 : 0.004 0.013 0.014 0.964 0.006
263 263 (0) 2 : 0.004 0.004 0.006 0.981 0.006
264 264 (0) 2 : 0.008 0.063 0.019 0.852 0.058
265 265 (0) 2 : 0.011 0.030 0.008 0.940 0.011
266 266 (0) 2 : 0.003 0.007 0.003 0.984 0.003
267 267 (0) 2 : 0.003 0.005 0.005 0.979 0.008
268 268 (0) 2 : 0.003 0.003 0.003 0.989 0.003
269 269 (0) 2 : 0.013 0.002 0.011 0.967 0.007
270 270 (0) 2 : 0.009 0.006 0.005 0.977 0.004
271 271 (0) 2 : 0.004 0.003 0.006 0.981 0.005
272 272 (0) 2 : 0.004 0.003 0.010 0.952 0.032
273 273 (0) 2 : 0.004 0.005 0.007 0.980 0.005
274 274 (0) 2 : 0.006 0.007 0.005 0.979 0.003
275 275 (0) 2 : 0.002 0.003 0.004 0.986 0.004
276 276 (0) 2 : 0.005 0.003 0.005 0.981 0.006
277 277 (0) 2 : 0.024 0.005 0.004 0.960 0.006
278 278 (0) 2 : 0.022 0.006 0.006 0.958 0.008
279 279 (0) 2 : 0.004 0.015 0.008 0.947 0.026
280 280 (0) 2 : 0.005 0.002 0.006 0.976 0.010
281 281 (0) 2 : 0.009 0.002 0.004 0.981 0.003
282 282 (0) 2 : 0.004 0.003 0.003 0.987 0.003
283 283 (0) 2 : 0.004 0.004 0.004 0.983 0.006
284 284 (0) 2 : 0.002 0.005 0.003 0.986 0.004
285 285 (0) 2 : 0.009 0.006 0.007 0.973 0.004
286 286 (0) 2 : 0.010 0.003 0.005 0.978 0.004
287 287 (0) 2 : 0.003 0.003 0.003 0.988 0.004
288 288 (0) 2 : 0.031 0.017 0.010 0.935 0.006
289 289 (0) 2 : 0.027 0.025 0.014 0.927 0.007
290 290 (0) 2 : 0.003 0.004 0.003 0.987 0.003
291 291 (0) 2 : 0.010 0.005 0.008 0.968 0.009
292 292 (0) 2 : 0.011 0.006 0.012 0.966 0.005
293 293 (0) 2 : 0.005 0.007 0.007 0.976 0.005
294 294 (0) 2 : 0.022 0.017 0.011 0.937 0.013
295 295 (0) 2 : 0.015 0.005 0.007 0.968 0.006
296 296 (0) 2 : 0.007 0.004 0.002 0.984 0.003
297 297 (0) 2 : 0.012 0.005 0.021 0.844 0.117
298 298 (0) 2 : 0.006 0.005 0.006 0.976 0.007
299 299 (0) 2 : 0.007 0.008 0.016 0.965 0.005
300 300 (0) 2 : 0.009 0.003 0.004 0.980 0.004
301 301 (5) 3 : 0.004 0.006 0.006 0.572 0.412
302 302 (0) 3 : 0.007 0.021 0.052 0.281 0.639
303 303 (0) 3 : 0.019 0.011 0.009 0.437 0.524
304 304 (5) 3 : 0.005 0.008 0.155 0.330 0.502
305 305 (5) 3 : 0.002 0.010 0.017 0.339 0.632
306 306 (0) 3 : 0.011 0.033 0.017 0.244 0.696
307 307 (0) 4 : 0.009 0.026 0.012 0.440 0.512
308 308 (0) 4 : 0.038 0.012 0.006 0.473 0.471
309 309 (0) 4 : 0.015 0.048 0.019 0.473 0.446
310 310 (0) 4 : 0.006 0.004 0.024 0.411 0.555
311 311 (0) 4 : 0.013 0.019 0.020 0.453 0.494
312 312 (0) 4 : 0.006 0.014 0.009 0.374 0.597
313 313 (0) 4 : 0.009 0.009 0.005 0.488 0.489
314 314 (0) 4 : 0.015 0.003 0.006 0.464 0.511
315 315 (0) 4 : 0.010 0.030 0.006 0.394 0.560
316 316 (0) 4 : 0.005 0.003 0.005 0.513 0.473
317 317 (0) 4 : 0.009 0.009 0.012 0.382 0.588
318 318 (0) 4 : 0.003 0.006 0.008 0.386 0.596
319 319 (0) 4 : 0.005 0.013 0.007 0.477 0.499
320 320 (0) 4 : 0.003 0.008 0.009 0.441 0.539
321 321 (0) 4 : 0.011 0.046 0.011 0.488 0.444
322 322 (0) 4 : 0.008 0.006 0.034 0.523 0.429
323 323 (0) 4 : 0.015 0.014 0.015 0.347 0.609
324 324 (0) 4 : 0.009 0.007 0.009 0.365 0.610
325 325 (0) 4 : 0.004 0.007 0.006 0.697 0.287
326 326 (0) 4 : 0.004 0.078 0.031 0.615 0.272
327 327 (0) 4 : 0.022 0.004 0.008 0.445 0.520
328 328 (0) 4 : 0.008 0.011 0.021 0.430 0.530
329 329 (0) 4 : 0.005 0.013 0.006 0.425 0.551
330 330 (0) 4 : 0.008 0.005 0.007 0.388 0.592
331 331 (0) 4 : 0.027 0.015 0.025 0.588 0.345
332 332 (0) 4 : 0.003 0.028 0.048 0.515 0.405
333 333 (0) 4 : 0.010 0.005 0.009 0.330 0.647
334 334 (0) 4 : 0.013 0.006 0.023 0.585 0.373
335 335 (0) 4 : 0.004 0.021 0.023 0.490 0.462
336 336 (0) 4 : 0.024 0.004 0.008 0.431 0.532
337 337 (0) 4 : 0.010 0.009 0.007 0.539 0.435
338 338 (0) 4 : 0.012 0.005 0.027 0.578 0.378
339 339 (0) 4 : 0.012 0.005 0.008 0.390 0.585
340 340 (0) 4 : 0.005 0.007 0.009 0.408 0.571
341 341 (0) 4 : 0.008 0.013 0.025 0.618 0.336
342 342 (0) 4 : 0.007 0.007 0.007 0.369 0.610
343 343 (0) 4 : 0.005 0.006 0.008 0.332 0.649
344 344 (0) 4 : 0.007 0.012 0.012 0.433 0.536
345 345 (0) 4 : 0.004 0.004 0.007 0.503 0.482
346 346 (0) 4 : 0.020 0.010 0.045 0.407 0.518
347 347 (0) 4 : 0.004 0.003 0.011 0.225 0.757
348 348 (0) 4 : 0.005 0.003 0.008 0.289 0.695
349 349 (0) 4 : 0.007 0.187 0.008 0.251 0.547
350 350 (0) 4 : 0.004 0.007 0.009 0.537 0.443
351 351 (0) 4 : 0.004 0.006 0.007 0.440 0.544
352 352 (0) 4 : 0.003 0.009 0.006 0.466 0.516
353 353 (0) 4 : 0.005 0.003 0.011 0.487 0.494
354 354 (0) 4 : 0.004 0.012 0.007 0.492 0.485
355 355 (0) 4 : 0.015 0.005 0.029 0.437 0.514
356 356 (0) 4 : 0.004 0.006 0.012 0.518 0.460
357 357 (0) 4 : 0.004 0.029 0.023 0.393 0.551
358 358 (0) 4 : 0.003 0.005 0.006 0.541 0.444
359 359 (0) 4 : 0.010 0.005 0.011 0.388 0.586
360 360 (0) 4 : 0.004 0.004 0.007 0.479 0.506
361 361 (0) 4 : 0.003 0.065 0.094 0.382 0.457
362 362 (0) 4 : 0.004 0.008 0.006 0.514 0.469
363 363 (0) 4 : 0.012 0.004 0.003 0.438 0.542
364 364 (0) 4 : 0.011 0.014 0.006 0.418 0.551
365 365 (0) 4 : 0.004 0.017 0.004 0.455 0.519
366 366 (0) 4 : 0.007 0.017 0.065 0.558 0.352
367 367 (0) 4 : 0.061 0.009 0.023 0.514 0.393
368 368 (0) 4 : 0.004 0.005 0.004 0.543 0.444
369 369 (0) 4 : 0.020 0.009 0.019 0.616 0.336
370 370 (0) 4 : 0.010 0.027 0.014 0.444 0.505
371 371 (0) 4 : 0.010 0.013 0.011 0.584 0.383
372 372 (0) 4 : 0.006 0.037 0.046 0.347 0.564
373 373 (0) 4 : 0.023 0.006 0.016 0.238 0.717
374 374 (0) 4 : 0.004 0.036 0.149 0.495 0.317
375 375 (0) 4 : 0.012 0.045 0.005 0.415 0.522
376 376 (0) 4 : 0.012 0.034 0.040 0.574 0.340
377 377 (0) 4 : 0.216 0.013 0.234 0.446 0.090
378 378 (0) 4 : 0.004 0.021 0.104 0.243 0.628
379 379 (0) 4 : 0.009 0.005 0.009 0.499 0.478
380 380 (0) 4 : 0.003 0.003 0.006 0.455 0.533
381 381 (0) 4 : 0.004 0.023 0.058 0.357 0.559
382 382 (0) 4 : 0.004 0.003 0.005 0.540 0.448
383 383 (0) 4 : 0.004 0.010 0.034 0.569 0.382
384 384 (0) 4 : 0.004 0.014 0.627 0.339 0.015
385 385 (0) 4 : 0.016 0.017 0.013 0.603 0.350
386 386 (0) 4 : 0.010 0.006 0.048 0.357 0.580
387 387 (0) 4 : 0.005 0.157 0.013 0.338 0.487
388 388 (0) 4 : 0.007 0.004 0.008 0.529 0.452
389 389 (0) 4 : 0.004 0.003 0.006 0.540 0.447
390 390 (0) 4 : 0.020 0.004 0.024 0.361 0.592
391 391 (0) 4 : 0.012 0.131 0.083 0.412 0.362
392 392 (0) 4 : 0.074 0.017 0.006 0.432 0.471
393 393 (0) 4 : 0.004 0.076 0.021 0.593 0.306
394 394 (0) 4 : 0.004 0.011 0.009 0.360 0.616
395 395 (0) 4 : 0.003 0.049 0.008 0.424 0.516
396 396 (0) 4 : 0.006 0.005 0.009 0.401 0.579
397 397 (0) 4 : 0.010 0.019 0.008 0.514 0.449
398 398 (0) 4 : 0.006 0.005 0.005 0.527 0.457
399 399 (0) 4 : 0.009 0.083 0.007 0.403 0.498
400 400 (0) 4 : 0.004 0.005 0.007 0.666 0.319
401 401 (0) 4 : 0.005 0.005 0.007 0.588 0.396
402 402 (0) 4 : 0.004 0.005 0.016 0.322 0.652
403 403 (0) 4 : 0.004 0.004 0.009 0.622 0.361
404 404 (0) 4 : 0.009 0.014 0.084 0.653 0.240
405 405 (0) 4 : 0.024 0.009 0.051 0.348 0.568
406 406 (0) 4 : 0.006 0.008 0.008 0.305 0.672
407 407 (0) 5 : 0.035 0.006 0.510 0.410 0.040
408 408 (0) 5 : 0.008 0.009 0.480 0.495 0.008
409 409 (0) 5 : 0.012 0.016 0.418 0.454 0.100
410 410 (0) 5 : 0.004 0.007 0.466 0.501 0.021
411 411 (0) 5 : 0.003 0.005 0.679 0.275 0.038
412 412 (0) 5 : 0.009 0.023 0.510 0.442 0.016
413 413 (0) 5 : 0.096 0.008 0.399 0.482 0.016
414 414 (0) 5 : 0.039 0.004 0.383 0.560 0.013
415 415 (0) 5 : 0.003 0.020 0.481 0.490 0.007
416 416 (0) 5 : 0.011 0.006 0.487 0.490 0.006
417 417 (0) 5 : 0.006 0.004 0.275 0.667 0.047
418 418 (0) 5 : 0.006 0.059 0.440 0.475 0.020
419 419 (0) 5 : 0.004 0.004 0.321 0.618 0.054
420 420 (0) 5 : 0.007 0.005 0.578 0.400 0.010
421 421 (0) 5 : 0.006 0.007 0.570 0.365 0.052
422 422 (0) 5 : 0.011 0.023 0.426 0.528 0.011
423 423 (0) 5 : 0.003 0.004 0.583 0.395 0.014
424 424 (0) 5 : 0.009 0.008 0.500 0.431 0.052
425 425 (0) 5 : 0.016 0.006 0.495 0.438 0.046
426 426 (0) 5 : 0.008 0.010 0.574 0.402 0.005
427 427 (0) 5 : 0.006 0.004 0.634 0.349 0.007
428 428 (0) 5 : 0.061 0.006 0.463 0.148 0.322
429 429 (0) 5 : 0.005 0.009 0.376 0.602 0.008
430 430 (0) 5 : 0.077 0.006 0.360 0.511 0.047
431 431 (0) 5 : 0.007 0.011 0.523 0.450 0.009
432 432 (0) 5 : 0.005 0.005 0.399 0.539 0.051
433 433 (0) 5 : 0.003 0.015 0.600 0.374 0.009
434 434 (0) 5 : 0.008 0.058 0.060 0.708 0.165
435 435 (0) 5 : 0.022 0.003 0.401 0.563 0.011
436 436 (0) 5 : 0.010 0.006 0.370 0.511 0.103
437 437 (0) 5 : 0.013 0.020 0.497 0.459 0.012
438 438 (0) 5 : 0.010 0.008 0.505 0.470 0.006
439 439 (0) 5 : 0.006 0.060 0.344 0.518 0.071
440 440 (0) 5 : 0.005 0.095 0.206 0.672 0.021
441 441 (0) 5 : 0.006 0.006 0.336 0.498 0.154
442 442 (0) 5 : 0.007 0.020 0.386 0.529 0.058
443 443 (0) 5 : 0.012 0.004 0.545 0.427 0.012
444 444 (0) 5 : 0.008 0.009 0.435 0.504 0.045
445 445 (0) 5 : 0.004 0.005 0.538 0.441 0.012
446 446 (0) 5 : 0.046 0.008 0.522 0.399 0.024
447 447 (0) 5 : 0.004 0.005 0.578 0.353 0.060
448 448 (0) 5 : 0.024 0.096 0.263 0.576 0.040
449 449 (0) 5 : 0.007 0.004 0.409 0.504 0.076
450 450 (0) 5 : 0.009 0.019 0.406 0.556 0.009
451 451 (0) 5 : 0.004 0.003 0.452 0.534 0.007
452 452 (0) 5 : 0.005 0.004 0.515 0.470 0.005
453 453 (0) 5 : 0.008 0.004 0.356 0.621 0.012
454 454 (0) 5 : 0.014 0.006 0.393 0.550 0.036
455 455 (0) 5 : 0.005 0.003 0.638 0.347 0.007
456 456 (0) 5 : 0.003 0.008 0.495 0.468 0.026
457 457 (0) 5 : 0.014 0.010 0.483 0.478 0.014
458 458 (0) 5 : 0.035 0.006 0.302 0.537 0.121
459 459 (0) 5 : 0.007 0.011 0.219 0.754 0.008
460 460 (0) 5 : 0.007 0.010 0.418 0.534 0.032
461 461 (0) 5 : 0.004 0.120 0.564 0.301 0.011
462 462 (0) 5 : 0.014 0.010 0.529 0.437 0.010
463 463 (0) 5 : 0.004 0.007 0.366 0.597 0.026
464 464 (0) 5 : 0.008 0.003 0.501 0.480 0.007
465 465 (0) 5 : 0.005 0.004 0.612 0.369 0.010
466 466 (0) 5 : 0.006 0.006 0.197 0.595 0.195
467 467 (0) 5 : 0.023 0.002 0.538 0.432 0.005
468 468 (0) 5 : 0.004 0.007 0.407 0.576 0.006
469 469 (0) 5 : 0.019 0.003 0.400 0.497 0.081
470 470 (0) 5 : 0.010 0.003 0.265 0.705 0.017
471 471 (0) 5 : 0.030 0.005 0.609 0.344 0.012
472 472 (0) 5 : 0.008 0.005 0.008 0.460 0.520
473 473 (0) 5 : 0.008 0.005 0.461 0.520 0.007
474 474 (0) 5 : 0.011 0.005 0.551 0.423 0.009
475 475 (0) 5 : 0.014 0.032 0.247 0.647 0.060
476 476 (0) 5 : 0.004 0.005 0.526 0.368 0.097
477 477 (0) 5 : 0.011 0.003 0.365 0.614 0.007
478 478 (0) 5 : 0.003 0.003 0.609 0.379 0.006
479 479 (0) 5 : 0.023 0.010 0.205 0.564 0.199
480 480 (0) 5 : 0.006 0.011 0.527 0.388 0.068
481 481 (0) 5 : 0.003 0.020 0.377 0.569 0.030
482 482 (0) 5 : 0.005 0.004 0.573 0.411 0.007
483 483 (0) 5 : 0.004 0.003 0.707 0.277 0.009
484 484 (0) 5 : 0.006 0.003 0.583 0.398 0.011
485 485 (0) 5 : 0.009 0.004 0.472 0.508 0.007
486 486 (0) 5 : 0.005 0.015 0.574 0.390 0.016
487 487 (0) 5 : 0.004 0.011 0.425 0.554 0.006
488 488 (0) 5 : 0.003 0.032 0.694 0.225 0.045
489 489 (0) 5 : 0.008 0.005 0.413 0.569 0.006
490 490 (0) 5 : 0.003 0.005 0.741 0.243 0.008
491 491 (0) 5 : 0.005 0.007 0.492 0.475 0.021
492 492 (0) 5 : 0.004 0.009 0.233 0.556 0.198
493 493 (0) 5 : 0.008 0.013 0.481 0.483 0.015
494 494 (0) 5 : 0.014 0.007 0.384 0.581 0.014
495 495 (0) 5 : 0.007 0.003 0.383 0.578 0.029
496 496 (0) 5 : 0.009 0.013 0.539 0.419 0.021
497 497 (0) 5 : 0.008 0.004 0.333 0.649 0.006
498 498 (0) 5 : 0.004 0.004 0.519 0.463 0.011
499 499 (0) 5 : 0.005 0.007 0.395 0.581 0.012
500 500 (0) 5 : 0.005 0.002 0.399 0.585 0.008
501 501 (0) 5 : 0.007 0.021 0.531 0.381 0.060
502 502 (0) 5 : 0.005 0.007 0.556 0.405 0.027
503 503 (0) 5 : 0.004 0.011 0.254 0.585 0.147
504 504 (0) 5 : 0.006 0.010 0.366 0.615 0.004
505 505 (0) 5 : 0.005 0.034 0.410 0.538 0.014
506 506 (0) 5 : 0.013 0.004 0.417 0.559 0.008
507 507 (0) 6 : 0.009 0.492 0.009 0.483 0.007
508 508 (0) 6 : 0.009 0.386 0.030 0.495 0.080
509 509 (0) 6 : 0.005 0.520 0.041 0.424 0.010
510 510 (0) 6 : 0.004 0.434 0.005 0.551 0.006
511 511 (0) 6 : 0.092 0.582 0.003 0.309 0.013
512 512 (0) 6 : 0.004 0.408 0.008 0.571 0.009
513 513 (0) 6 : 0.011 0.464 0.015 0.498 0.011
514 514 (0) 6 : 0.005 0.529 0.009 0.450 0.007
515 515 (0) 6 : 0.006 0.390 0.007 0.591 0.007
516 516 (0) 6 : 0.004 0.476 0.004 0.508 0.008
517 517 (0) 6 : 0.004 0.571 0.006 0.414 0.004
518 518 (0) 6 : 0.004 0.470 0.008 0.513 0.006
519 519 (0) 6 : 0.003 0.547 0.007 0.438 0.005
520 520 (0) 6 : 0.007 0.414 0.017 0.554 0.008
521 521 (0) 6 : 0.024 0.453 0.032 0.453 0.039
522 522 (0) 6 : 0.004 0.598 0.018 0.372 0.008
523 523 (0) 6 : 0.035 0.347 0.010 0.523 0.086
524 524 (0) 6 : 0.004 0.312 0.005 0.675 0.004
525 525 (0) 6 : 0.005 0.558 0.006 0.424 0.006
526 526 (0) 6 : 0.005 0.520 0.014 0.455 0.007
527 527 (0) 6 : 0.007 0.460 0.012 0.501 0.020
528 528 (0) 6 : 0.004 0.576 0.004 0.411 0.005
529 529 (0) 6 : 0.004 0.461 0.012 0.508 0.016
530 530 (0) 6 : 0.006 0.323 0.010 0.653 0.008
531 531 (0) 6 : 0.004 0.542 0.009 0.436 0.008
532 532 (0) 6 : 0.003 0.591 0.004 0.399 0.003
533 533 (0) 6 : 0.038 0.403 0.022 0.530 0.006
534 534 (0) 6 : 0.002 0.608 0.005 0.377 0.007
535 535 (0) 6 : 0.008 0.582 0.006 0.399 0.005
536 536 (0) 6 : 0.003 0.490 0.008 0.496 0.003
537 537 (0) 6 : 0.006 0.577 0.006 0.406 0.005
538 538 (0) 6 : 0.004 0.416 0.028 0.547 0.006
539 539 (0) 6 : 0.005 0.481 0.010 0.492 0.011
540 540 (0) 6 : 0.003 0.528 0.005 0.458 0.006
541 541 (0) 6 : 0.003 0.531 0.008 0.440 0.018
542 542 (0) 6 : 0.003 0.482 0.010 0.499 0.006
543 543 (0) 6 : 0.006 0.409 0.005 0.575 0.006
544 544 (0) 6 : 0.005 0.436 0.009 0.544 0.006
545 545 (0) 6 : 0.007 0.547 0.019 0.415 0.012
546 546 (0) 6 : 0.004 0.306 0.004 0.682 0.004
547 547 (0) 6 : 0.015 0.578 0.021 0.379 0.007
548 548 (0) 6 : 0.004 0.483 0.003 0.506 0.004
549 549 (0) 6 : 0.002 0.518 0.003 0.468 0.008
550 550 (0) 6 : 0.003 0.406 0.003 0.583 0.004
551 551 (0) 6 : 0.010 0.576 0.013 0.398 0.003
552 552 (0) 6 : 0.003 0.456 0.004 0.530 0.007
553 553 (0) 6 : 0.004 0.450 0.004 0.538 0.004
554 554 (0) 6 : 0.034 0.510 0.003 0.443 0.010
555 555 (0) 6 : 0.003 0.521 0.003 0.468 0.005
556 556 (0) 6 : 0.057 0.444 0.026 0.452 0.022
557 557 (0) 6 : 0.003 0.434 0.004 0.550 0.009
558 558 (0) 6 : 0.012 0.491 0.015 0.446 0.036
559 559 (0) 6 : 0.010 0.426 0.040 0.502 0.022
560 560 (0) 6 : 0.013 0.604 0.075 0.201 0.107
561 561 (0) 6 : 0.007 0.512 0.003 0.473 0.005
562 562 (0) 6 : 0.003 0.506 0.005 0.472 0.014
563 563 (0) 6 : 0.016 0.507 0.006 0.462 0.009
564 564 (0) 6 : 0.007 0.471 0.007 0.472 0.043
565 565 (0) 6 : 0.003 0.455 0.008 0.522 0.012
566 566 (0) 6 : 0.004 0.402 0.029 0.493 0.072
567 567 (0) 6 : 0.003 0.578 0.004 0.412 0.004
568 568 (0) 6 : 0.004 0.379 0.003 0.613 0.002
569 569 (0) 6 : 0.006 0.590 0.009 0.379 0.017
570 570 (0) 6 : 0.003 0.444 0.004 0.538 0.011
571 571 (0) 6 : 0.008 0.396 0.006 0.582 0.008
572 572 (0) 6 : 0.008 0.571 0.005 0.401 0.015
573 573 (0) 6 : 0.003 0.454 0.006 0.519 0.018
574 574 (0) 6 : 0.006 0.610 0.019 0.356 0.009
575 575 (0) 6 : 0.004 0.535 0.013 0.438 0.010
576 576 (0) 6 : 0.004 0.596 0.004 0.393 0.003
577 577 (0) 6 : 0.018 0.426 0.006 0.544 0.006
578 578 (0) 6 : 0.005 0.500 0.007 0.468 0.021
579 579 (0) 6 : 0.004 0.488 0.005 0.497 0.006
580 580 (0) 6 : 0.007 0.460 0.005 0.521 0.007
581 581 (0) 6 : 0.007 0.413 0.005 0.570 0.006
582 582 (0) 6 : 0.017 0.414 0.060 0.498 0.011
583 583 (0) 6 : 0.028 0.486 0.007 0.473 0.006
584 584 (0) 6 : 0.016 0.307 0.011 0.640 0.027
585 585 (0) 6 : 0.004 0.442 0.008 0.522 0.025
586 586 (0) 6 : 0.007 0.439 0.007 0.524 0.022
587 587 (0) 6 : 0.004 0.432 0.004 0.554 0.006
588 588 (0) 6 : 0.004 0.364 0.012 0.611 0.009
589 589 (0) 6 : 0.013 0.435 0.004 0.542 0.006
590 590 (0) 6 : 0.004 0.508 0.029 0.430 0.029
591 591 (0) 6 : 0.007 0.450 0.017 0.512 0.013
592 592 (0) 6 : 0.004 0.595 0.005 0.386 0.010
593 593 (0) 6 : 0.008 0.391 0.007 0.587 0.007
594 594 (0) 6 : 0.008 0.310 0.054 0.605 0.023
595 595 (0) 6 : 0.013 0.388 0.010 0.580 0.010
596 596 (0) 6 : 0.021 0.691 0.005 0.264 0.019
597 597 (0) 6 : 0.014 0.498 0.005 0.476 0.007
598 598 (0) 6 : 0.002 0.663 0.004 0.326 0.005
599 599 (0) 6 : 0.003 0.532 0.005 0.450 0.011
600 600 (0) 6 : 0.005 0.538 0.004 0.445 0.007
601 601 (0) 6 : 0.011 0.401 0.019 0.562 0.008
602 602 (0) 6 : 0.044 0.439 0.028 0.471 0.018
603 603 (0) 6 : 0.003 0.469 0.009 0.514 0.005
604 604 (0) 6 : 0.004 0.580 0.008 0.402 0.006
605 605 (0) 6 : 0.002 0.580 0.007 0.404 0.006
606 606 (0) 6 : 0.004 0.424 0.004 0.563 0.004
607 607 (0) 7 : 0.548 0.034 0.043 0.358 0.016
608 608 (0) 7 : 0.733 0.005 0.007 0.250 0.006
609 609 (0) 7 : 0.533 0.020 0.037 0.392 0.018
610 610 (0) 7 : 0.566 0.003 0.005 0.421 0.005
611 611 (0) 7 : 0.466 0.007 0.023 0.488 0.015
612 612 (0) 7 : 0.583 0.005 0.004 0.404 0.003
613 613 (0) 7 : 0.489 0.014 0.007 0.485 0.005
614 614 (0) 7 : 0.556 0.003 0.005 0.429 0.007
615 615 (0) 7 : 0.466 0.005 0.010 0.512 0.007
616 616 (0) 7 : 0.575 0.018 0.006 0.397 0.004
617 617 (0) 7 : 0.454 0.004 0.005 0.534 0.004
618 618 (0) 7 : 0.402 0.004 0.003 0.584 0.007
619 619 (0) 7 : 0.695 0.005 0.009 0.271 0.021
620 620 (0) 7 : 0.466 0.005 0.006 0.518 0.005
621 621 (0) 7 : 0.597 0.011 0.005 0.376 0.011
622 622 (0) 7 : 0.435 0.003 0.012 0.546 0.004
623 623 (0) 7 : 0.525 0.006 0.004 0.461 0.004
624 624 (0) 7 : 0.550 0.003 0.004 0.438 0.005
625 625 (0) 7 : 0.511 0.004 0.008 0.472 0.005
626 626 (0) 7 : 0.488 0.024 0.023 0.453 0.011
627 627 (0) 7 : 0.568 0.009 0.005 0.403 0.016
628 628 (0) 7 : 0.450 0.004 0.004 0.537 0.006
629 629 (0) 7 : 0.597 0.004 0.003 0.391 0.005
630 630 (0) 7 : 0.400 0.012 0.004 0.579 0.005
631 631 (0) 7 : 0.502 0.003 0.013 0.472 0.009
632 632 (0) 7 : 0.413 0.005 0.009 0.570 0.004
633 633 (0) 7 : 0.281 0.003 0.007 0.704 0.005
634 634 (0) 7 : 0.454 0.006 0.015 0.520 0.005
635 635 (0) 7 : 0.543 0.007 0.005 0.441 0.004
636 636 (0) 7 : 0.534 0.005 0.006 0.442 0.013
637 637 (0) 7 : 0.552 0.003 0.004 0.437 0.003
638 638 (0) 7 : 0.495 0.004 0.005 0.493 0.003
639 639 (0) 7 : 0.481 0.007 0.006 0.501 0.004
640 640 (0) 7 : 0.518 0.004 0.004 0.468 0.006
641 641 (0) 7 : 0.680 0.007 0.006 0.302 0.005
642 642 (0) 7 : 0.470 0.002 0.004 0.520 0.003
643 643 (0) 7 : 0.475 0.005 0.009 0.507 0.005
644 644 (0) 7 : 0.523 0.006 0.011 0.451 0.007
645 645 (0) 7 : 0.506 0.004 0.006 0.479 0.005
646 646 (0) 7 : 0.504 0.002 0.009 0.480 0.004
647 647 (0) 7 : 0.472 0.008 0.009 0.500 0.011
648 648 (0) 7 : 0.448 0.010 0.037 0.496 0.009
649 649 (0) 7 : 0.505 0.013 0.011 0.464 0.007
650 650 (0) 7 : 0.435 0.004 0.007 0.547 0.006
651 651 (0) 7 : 0.530 0.005 0.006 0.449 0.010
652 652 (0) 7 : 0.366 0.004 0.004 0.623 0.004
653 653 (0) 7 : 0.498 0.002 0.003 0.493 0.003
654 654 (0) 7 : 0.602 0.003 0.004 0.388 0.003
655 655 (0) 7 : 0.429 0.011 0.006 0.548 0.006
656 656 (0) 7 : 0.534 0.013 0.005 0.444 0.005
657 657 (0) 7 : 0.360 0.005 0.008 0.622 0.005
658 658 (0) 7 : 0.417 0.006 0.008 0.562 0.007
659 659 (0) 7 : 0.386 0.007 0.006 0.595 0.005
660 660 (0) 7 : 0.587 0.019 0.010 0.375 0.009
661 661 (0) 7 : 0.467 0.020 0.011 0.486 0.016
662 662 (0) 7 : 0.405 0.004 0.005 0.581 0.005
663 663 (0) 7 : 0.566 0.006 0.007 0.412 0.008
664 664 (0) 7 : 0.604 0.005 0.006 0.370 0.015
665 665 (0) 7 : 0.403 0.010 0.062 0.492 0.033
666 666 (0) 7 : 0.490 0.005 0.005 0.496 0.004
667 667 (0) 7 : 0.538 0.008 0.005 0.445 0.004
668 668 (0) 7 : 0.568 0.039 0.139 0.201 0.053
669 669 (0) 7 : 0.495 0.003 0.005 0.488 0.008
670 670 (0) 7 : 0.380 0.003 0.003 0.612 0.003
671 671 (0) 7 : 0.553 0.004 0.003 0.432 0.008
672 672 (0) 7 : 0.439 0.004 0.009 0.515 0.033
673 673 (0) 7 : 0.586 0.003 0.004 0.403 0.003
674 674 (0) 7 : 0.521 0.005 0.006 0.464 0.004
675 675 (0) 7 : 0.560 0.008 0.003 0.426 0.003
676 676 (0) 7 : 0.385 0.002 0.008 0.600 0.004
677 677 (0) 7 : 0.467 0.004 0.017 0.508 0.005
678 678 (0) 7 : 0.614 0.004 0.039 0.329 0.014
679 679 (0) 7 : 0.585 0.035 0.014 0.362 0.004
680 680 (0) 7 : 0.535 0.006 0.025 0.425 0.009
681 681 (0) 7 : 0.451 0.003 0.027 0.464 0.055
682 682 (0) 7 : 0.523 0.004 0.007 0.460 0.005
683 683 (0) 7 : 0.480 0.004 0.004 0.509 0.003
684 684 (0) 7 : 0.401 0.008 0.007 0.581 0.004
685 685 (0) 7 : 0.699 0.003 0.003 0.292 0.003
686 686 (0) 7 : 0.548 0.007 0.005 0.431 0.008
687 687 (0) 7 : 0.547 0.004 0.005 0.439 0.005
688 688 (0) 7 : 0.476 0.003 0.003 0.514 0.003
689 689 (0) 7 : 0.373 0.023 0.033 0.553 0.018
690 690 (0) 7 : 0.617 0.005 0.025 0.344 0.008
691 691 (0) 7 : 0.449 0.002 0.004 0.541 0.003
692 692 (0) 7 : 0.587 0.003 0.036 0.369 0.005
693 693 (0) 7 : 0.516 0.009 0.011 0.455 0.009
694 694 (0) 7 : 0.528 0.004 0.017 0.447 0.004
695 695 (0) 7 : 0.497 0.004 0.005 0.489 0.005
696 696 (0) 7 : 0.463 0.003 0.004 0.527 0.003
697 697 (0) 7 : 0.437 0.003 0.008 0.546 0.006
698 698 (0) 7 : 0.604 0.006 0.004 0.382 0.004
699 699 (0) 7 : 0.627 0.004 0.006 0.358 0.005
700 700 (0) 7 : 0.399 0.007 0.011 0.580 0.003
701 701 (0) 7 : 0.503 0.003 0.004 0.488 0.003
702 702 (0) 7 : 0.571 0.003 0.003 0.416 0.007
703 703 (0) 7 : 0.429 0.004 0.007 0.554 0.006
704 704 (0) 7 : 0.535 0.007 0.006 0.443 0.009
705 705 (0) 7 : 0.545 0.007 0.004 0.405 0.038
706 706 (0) 7 : 0.532 0.004 0.005 0.452 0.007
707 707 (0) 8 : 0.011 0.051 0.632 0.285 0.021
708 708 (0) 8 : 0.038 0.004 0.807 0.138 0.012
709 709 (0) 8 : 0.003 0.013 0.345 0.633 0.006
710 710 (0) 8 : 0.010 0.009 0.569 0.406 0.006
711 711 (0) 8 : 0.007 0.030 0.458 0.495 0.011
712 712 (0) 8 : 0.008 0.005 0.672 0.309 0.006
713 713 (0) 8 : 0.007 0.010 0.638 0.338 0.007
714 714 (0) 8 : 0.004 0.007 0.540 0.442 0.006
715 715 (0) 8 : 0.012 0.006 0.292 0.680 0.011
716 716 (0) 8 : 0.030 0.013 0.416 0.529 0.011
717 717 (0) 8 : 0.028 0.005 0.613 0.343 0.011
718 718 (0) 8 : 0.006 0.008 0.564 0.415 0.007
719 719 (0) 8 : 0.004 0.029 0.544 0.410 0.014
720 720 (0) 8 : 0.006 0.003 0.476 0.511 0.004
721 721 (0) 8 : 0.006 0.005 0.685 0.299 0.005
722 722 (0) 8 : 0.007 0.007 0.541 0.437 0.008
723 723 (0) 8 : 0.007 0.004 0.592 0.384 0.013
724 724 (0) 8 : 0.012 0.005 0.664 0.307 0.012
725 725 (0) 8 : 0.009 0.013 0.432 0.536 0.010
726 726 (0) 8 : 0.010 0.005 0.521 0.457 0.007
727 727 (0) 8 : 0.004 0.003 0.524 0.463 0.006
728 728 (0) 8 : 0.009 0.005 0.630 0.307 0.049
729 729 (0) 8 : 0.005 0.005 0.509 0.475 0.005
730 730 (0) 8 : 0.010 0.003 0.343 0.628 0.015
731 731 (0) 8 : 0.003 0.005 0.597 0.391 0.004
732 732 (0) 8 : 0.004 0.011 0.545 0.427 0.012
733 733 (0) 8 : 0.006 0.014 0.527 0.449 0.004
734 734 (0) 8 : 0.004 0.009 0.324 0.657 0.006
735 735 (0) 8 : 0.013 0.010 0.713 0.254 0.010
736 736 (0) 8 : 0.021 0.012 0.628 0.315 0.022
737 737 (0) 8 : 0.059 0.005 0.507 0.399 0.031
738 738 (0) 8 : 0.021 0.007 0.476 0.484 0.011
739 739 (0) 8 : 0.009 0.002 0.465 0.517 0.007
740 740 (0) 8 : 0.006 0.005 0.545 0.434 0.011
741 741 (0) 8 : 0.011 0.006 0.671 0.308 0.004
742 742 (0) 8 : 0.009 0.004 0.708 0.271 0.008
743 743 (0) 8 : 0.086 0.009 0.435 0.444 0.026
744 744 (0) 8 : 0.016 0.011 0.557 0.409 0.008
745 745 (0) 8 : 0.015 0.034 0.473 0.469 0.008
746 746 (0) 8 : 0.008 0.004 0.539 0.440 0.008
747 747 (0) 8 : 0.005 0.013 0.515 0.432 0.035
748 748 (0) 8 : 0.005 0.035 0.555 0.349 0.056
749 749 (0) 8 : 0.086 0.036 0.217 0.615 0.046
750 750 (0) 8 : 0.015 0.005 0.569 0.403 0.009
751 751 (0) 8 : 0.126 0.018 0.263 0.505 0.087
752 752 (0) 8 : 0.005 0.006 0.505 0.432 0.052
753 753 (0) 8 : 0.009 0.003 0.423 0.562 0.004
754 754 (0) 8 : 0.005 0.012 0.696 0.267 0.021
755 755 (0) 8 : 0.019 0.002 0.522 0.453 0.003
756 756 (0) 8 : 0.012 0.010 0.573 0.398 0.006
757 757 (0) 8 : 0.012 0.004 0.567 0.413 0.004
758 758 (0) 8 : 0.016 0.011 0.617 0.307 0.048
759 759 (0) 8 : 0.009 0.011 0.212 0.555 0.212
760 760 (0) 8 : 0.011 0.011 0.355 0.600 0.022
761 761 (0) 8 : 0.011 0.003 0.525 0.451 0.010
762 762 (0) 8 : 0.007 0.029 0.390 0.553 0.020
763 763 (0) 8 : 0.018 0.019 0.518 0.438 0.007
764 764 (0) 8 : 0.020 0.015 0.573 0.380 0.012
765 765 (0) 8 : 0.061 0.005 0.399 0.526 0.009
766 766 (0) 8 : 0.003 0.004 0.398 0.588 0.007
767 767 (0) 8 : 0.005 0.006 0.581 0.400 0.007
768 768 (0) 8 : 0.006 0.182 0.362 0.433 0.018
769 769 (0) 8 : 0.004 0.005 0.503 0.482 0.006
770 770 (0) 8 : 0.009 0.006 0.751 0.221 0.014
771 771 (0) 8 : 0.005 0.012 0.504 0.473 0.005
772 772 (0) 8 : 0.019 0.003 0.418 0.545 0.014
773 773 (0) 8 : 0.024 0.003 0.627 0.342 0.003
774 774 (0) 8 : 0.009 0.007 0.694 0.259 0.032
775 775 (0) 8 : 0.003 0.009 0.597 0.386 0.004
776 776 (0) 8 : 0.005 0.007 0.608 0.375 0.006
777 777 (0) 8 : 0.006 0.006 0.480 0.482 0.026
778 778 (0) 8 : 0.032 0.009 0.408 0.546 0.005
779 779 (0) 8 : 0.029 0.012 0.535 0.413 0.011
780 780 (0) 8 : 0.006 0.087 0.558 0.295 0.054
781 781 (0) 8 : 0.004 0.009 0.536 0.441 0.011
782 782 (0) 8 : 0.054 0.003 0.521 0.419 0.004
783 783 (0) 8 : 0.006 0.007 0.469 0.508 0.010
784 784 (0) 8 : 0.008 0.004 0.409 0.573 0.006
785 785 (0) 8 : 0.006 0.026 0.347 0.612 0.009
786 786 (0) 8 : 0.005 0.009 0.354 0.625 0.007
787 787 (0) 8 : 0.012 0.020 0.592 0.356 0.019
788 788 (0) 8 : 0.004 0.108 0.400 0.479 0.009
789 789 (0) 8 : 0.004 0.106 0.296 0.563 0.031
790 790 (0) 8 : 0.009 0.021 0.464 0.489 0.017
791 791 (0) 8 : 0.005 0.008 0.653 0.323 0.010
792 792 (0) 8 : 0.004 0.006 0.708 0.258 0.024
793 793 (0) 8 : 0.008 0.004 0.432 0.551 0.005
794 794 (0) 8 : 0.008 0.007 0.462 0.476 0.047
795 795 (0) 8 : 0.014 0.012 0.291 0.677 0.006
796 796 (0) 8 : 0.004 0.005 0.490 0.492 0.008
797 797 (0) 8 : 0.005 0.005 0.333 0.628 0.030
798 798 (0) 8 : 0.005 0.178 0.312 0.481 0.025
799 799 (0) 8 : 0.006 0.004 0.518 0.467 0.005
800 800 (0) 8 : 0.003 0.019 0.335 0.636 0.007
801 801 (0) 8 : 0.004 0.004 0.716 0.262 0.015
802 802 (0) 8 : 0.048 0.005 0.619 0.297 0.031
803 803 (0) 8 : 0.016 0.066 0.446 0.456 0.016
804 804 (0) 8 : 0.018 0.007 0.585 0.378 0.013
805 805 (0) 8 : 0.004 0.003 0.415 0.570 0.009
806 806 (0) 8 : 0.052 0.004 0.578 0.357 0.008
807 807 (0) 9 : 0.040 0.004 0.090 0.013 0.854
808 808 (0) 9 : 0.006 0.004 0.416 0.020 0.554
809 809 (0) 10 : 0.015 0.004 0.012 0.173 0.797
810 810 (0) 10 : 0.005 0.005 0.006 0.144 0.839
811 811 (0) 10 : 0.011 0.100 0.018 0.071 0.799
812 812 (0) 10 : 0.005 0.008 0.006 0.049 0.932
813 813 (0) 10 : 0.003 0.008 0.088 0.013 0.888
814 814 (0) 10 : 0.008 0.006 0.018 0.187 0.781
815 815 (0) 10 : 0.013 0.027 0.015 0.311 0.633
816 816 (0) 10 : 0.008 0.007 0.004 0.056 0.925
817 817 (0) 10 : 0.005 0.003 0.005 0.031 0.958
818 818 (0) 10 : 0.012 0.017 0.027 0.069 0.875
819 819 (0) 10 : 0.008 0.022 0.005 0.068 0.897
820 820 (0) 10 : 0.021 0.006 0.008 0.055 0.910
821 821 (0) 10 : 0.004 0.038 0.029 0.298 0.631
822 822 (0) 10 : 0.005 0.144 0.015 0.026 0.811
823 823 (0) 10 : 0.005 0.017 0.020 0.357 0.601
824 824 (0) 10 : 0.018 0.006 0.013 0.030 0.933
825 825 (0) 10 : 0.005 0.006 0.009 0.204 0.777
826 826 (0) 10 : 0.004 0.005 0.003 0.320 0.668
827 827 (0) 10 : 0.007 0.003 0.012 0.281 0.697
828 828 (0) 10 : 0.012 0.029 0.052 0.042 0.865
829 829 (0) 10 : 0.008 0.004 0.016 0.288 0.684
830 830 (0) 10 : 0.023 0.006 0.013 0.203 0.755
831 831 (0) 10 : 0.009 0.005 0.009 0.294 0.683
832 832 (0) 10 : 0.028 0.044 0.027 0.098 0.803
833 833 (0) 10 : 0.010 0.013 0.008 0.206 0.762
834 834 (0) 10 : 0.007 0.014 0.018 0.118 0.843
835 835 (0) 10 : 0.006 0.012 0.023 0.202 0.757
836 836 (0) 10 : 0.026 0.016 0.012 0.128 0.819
837 837 (0) 10 : 0.005 0.006 0.063 0.043 0.882
838 838 (0) 10 : 0.004 0.005 0.014 0.067 0.909
839 839 (0) 10 : 0.005 0.009 0.010 0.149 0.827
840 840 (0) 10 : 0.016 0.008 0.179 0.222 0.575
841 841 (0) 10 : 0.010 0.004 0.016 0.022 0.948
842 842 (0) 10 : 0.007 0.020 0.031 0.177 0.766
843 843 (0) 10 : 0.003 0.007 0.005 0.390 0.595
844 844 (0) 10 : 0.014 0.013 0.008 0.160 0.806
845 845 (0) 10 : 0.004 0.006 0.012 0.104 0.873
846 846 (0) 10 : 0.005 0.009 0.012 0.075 0.899
847 847 (0) 10 : 0.003 0.004 0.004 0.230 0.759
848 848 (0) 10 : 0.005 0.006 0.011 0.330 0.648
849 849 (0) 10 : 0.018 0.009 0.014 0.122 0.836
850 850 (0) 10 : 0.006 0.007 0.021 0.427 0.539
851 851 (0) 10 : 0.004 0.003 0.006 0.187 0.799
852 852 (0) 10 : 0.214 0.004 0.010 0.034 0.737
853 853 (0) 10 : 0.036 0.123 0.029 0.258 0.554
854 854 (0) 10 : 0.021 0.005 0.005 0.012 0.957
855 855 (0) 10 : 0.003 0.009 0.015 0.222 0.751
856 856 (0) 10 : 0.004 0.013 0.004 0.287 0.692
857 857 (0) 10 : 0.005 0.005 0.009 0.150 0.831
858 858 (0) 10 : 0.004 0.006 0.011 0.303 0.675
859 859 (0) 10 : 0.004 0.193 0.012 0.124 0.667
860 860 (0) 10 : 0.004 0.007 0.007 0.048 0.935
861 861 (0) 10 : 0.007 0.050 0.009 0.123 0.811
862 862 (0) 10 : 0.005 0.003 0.013 0.112 0.867
863 863 (0) 10 : 0.003 0.003 0.005 0.167 0.822
864 864 (0) 10 : 0.340 0.004 0.037 0.110 0.509
865 865 (0) 10 : 0.018 0.008 0.012 0.175 0.788
866 866 (0) 10 : 0.003 0.053 0.006 0.058 0.881
867 867 (0) 10 : 0.004 0.022 0.278 0.072 0.624
868 868 (0) 10 : 0.008 0.009 0.023 0.216 0.743
869 869 (0) 10 : 0.004 0.036 0.032 0.107 0.821
870 870 (0) 10 : 0.004 0.007 0.005 0.166 0.818
871 871 (0) 10 : 0.003 0.005 0.005 0.106 0.882
872 872 (0) 10 : 0.005 0.004 0.010 0.242 0.738
873 873 (0) 10 : 0.005 0.007 0.384 0.067 0.536
874 874 (0) 10 : 0.011 0.057 0.053 0.011 0.868
875 875 (0) 10 : 0.003 0.007 0.046 0.183 0.760
876 876 (0) 10 : 0.006 0.006 0.006 0.058 0.924
877 877 (0) 10 : 0.003 0.010 0.035 0.343 0.609
878 878 (0) 10 : 0.003 0.004 0.004 0.223 0.765
879 879 (0) 10 : 0.030 0.009 0.032 0.062 0.867
880 880 (0) 10 : 0.002 0.086 0.006 0.108 0.798
881 881 (0) 10 : 0.012 0.013 0.019 0.175 0.781
882 882 (0) 10 : 0.004 0.008 0.005 0.396 0.586
883 883 (0) 10 : 0.013 0.006 0.017 0.075 0.889
884 884 (0) 10 : 0.012 0.006 0.012 0.206 0.764
885 885 (0) 10 : 0.008 0.020 0.005 0.244 0.723
886 886 (0) 10 : 0.006 0.004 0.007 0.198 0.784
887 887 (0) 10 : 0.006 0.006 0.006 0.099 0.882
888 888 (0) 10 : 0.031 0.005 0.006 0.008 0.951
889 889 (0) 10 : 0.003 0.009 0.006 0.107 0.875
890 890 (0) 10 : 0.005 0.007 0.004 0.236 0.748
891 891 (0) 10 : 0.008 0.033 0.010 0.048 0.900
892 892 (0) 10 : 0.006 0.025 0.013 0.428 0.528
893 893 (0) 10 : 0.019 0.005 0.028 0.283 0.666
894 894 (0) 10 : 0.005 0.005 0.010 0.085 0.895
895 895 (0) 10 : 0.006 0.019 0.007 0.114 0.854
896 896 (0) 10 : 0.019 0.006 0.086 0.022 0.867
897 897 (0) 10 : 0.016 0.017 0.018 0.108 0.841
898 898 (0) 10 : 0.003 0.009 0.004 0.254 0.730
899 899 (0) 10 : 0.003 0.022 0.014 0.219 0.742
900 900 (0) 10 : 0.004 0.010 0.006 0.117 0.864
901 901 (0) 10 : 0.009 0.004 0.013 0.033 0.941
902 902 (0) 10 : 0.007 0.003 0.013 0.307 0.671
903 903 (0) 10 : 0.006 0.005 0.007 0.215 0.766
904 904 (0) 10 : 0.007 0.005 0.014 0.383 0.590
905 905 (0) 10 : 0.011 0.012 0.013 0.318 0.646
906 906 (0) 10 : 0.004 0.003 0.009 0.243 0.741
907 907 (0) 10 : 0.003 0.011 0.010 0.016 0.960
908 908 (0) 10 : 0.007 0.007 0.010 0.030 0.946
909 909 (0) 11 : 0.004 0.005 0.911 0.072 0.007
910 910 (0) 11 : 0.013 0.003 0.731 0.242 0.011
911 911 (0) 11 : 0.004 0.023 0.710 0.227 0.036
912 912 (0) 11 : 0.043 0.058 0.744 0.011 0.144
913 913 (0) 11 : 0.005 0.006 0.778 0.183 0.028
914 914 (0) 11 : 0.006 0.010 0.773 0.202 0.009
915 915 (0) 11 : 0.005 0.007 0.964 0.013 0.011
916 916 (0) 11 : 0.012 0.012 0.849 0.109 0.017
917 917 (0) 11 : 0.006 0.010 0.694 0.285 0.006
918 918 (0) 11 : 0.006 0.003 0.961 0.007 0.022
919 919 (0) 11 : 0.007 0.037 0.837 0.070 0.049
920 920 (0) 11 : 0.004 0.012 0.776 0.087 0.120
921 921 (0) 11 : 0.012 0.003 0.674 0.293 0.017
922 922 (0) 11 : 0.004 0.009 0.616 0.361 0.010
923 923 (0) 11 : 0.002 0.004 0.438 0.517 0.039
924 924 (0) 11 : 0.010 0.005 0.663 0.310 0.011
925 925 (0) 11 : 0.005 0.014 0.788 0.152 0.041
926 926 (0) 11 : 0.008 0.113 0.616 0.035 0.228
927 927 (0) 11 : 0.013 0.002 0.770 0.210 0.006
928 928 (0) 11 : 0.004 0.010 0.672 0.150 0.164
929 929 (0) 11 : 0.003 0.005 0.647 0.287 0.057
930 930 (0) 11 : 0.004 0.023 0.922 0.017 0.034
931 931 (0) 11 : 0.007 0.010 0.758 0.203 0.022
932 932 (0) 11 : 0.012 0.004 0.779 0.042 0.163
933 933 (0) 11 : 0.006 0.011 0.657 0.317 0.008
934 934 (0) 11 : 0.003 0.008 0.897 0.063 0.029
935 935 (0) 11 : 0.012 0.032 0.590 0.070 0.296
936 936 (0) 11 : 0.008 0.007 0.858 0.105 0.022
937 937 (0) 11 : 0.118 0.016 0.706 0.120 0.040
938 938 (0) 11 : 0.013 0.009 0.790 0.174 0.015
939 939 (0) 11 : 0.006 0.003 0.799 0.157 0.034
940 940 (0) 11 : 0.007 0.006 0.666 0.313 0.008
941 941 (0) 11 : 0.004 0.015 0.872 0.080 0.028
942 942 (0) 11 : 0.007 0.009 0.693 0.282 0.009
943 943 (0) 11 : 0.026 0.023 0.502 0.425 0.024
944 944 (0) 11 : 0.004 0.006 0.640 0.324 0.025
945 945 (0) 11 : 0.005 0.007 0.695 0.269 0.024
946 946 (0) 11 : 0.006 0.015 0.858 0.110 0.011
947 947 (0) 11 : 0.007 0.011 0.810 0.167 0.005
948 948 (0) 11 : 0.003 0.034 0.469 0.481 0.013
949 949 (0) 11 : 0.040 0.101 0.722 0.105 0.033
950 950 (0) 11 : 0.005 0.025 0.856 0.074 0.040
951 951 (0) 11 : 0.008 0.027 0.645 0.213 0.107
952 952 (0) 11 : 0.004 0.114 0.789 0.008 0.086
953 953 (0) 11 : 0.053 0.009 0.813 0.048 0.076
954 954 (0) 11 : 0.006 0.037 0.842 0.077 0.038
955 955 (0) 11 : 0.007 0.059 0.830 0.096 0.008
956 956 (0) 11 : 0.017 0.014 0.467 0.474 0.027
957 957 (0) 11 : 0.005 0.006 0.709 0.252 0.028
958 958 (0) 11 : 0.138 0.021 0.450 0.376 0.015
959 959 (0) 11 : 0.006 0.005 0.678 0.306 0.005
960 960 (0) 11 : 0.010 0.031 0.695 0.252 0.012
961 961 (0) 11 : 0.005 0.029 0.901 0.058 0.008
962 962 (0) 11 : 0.008 0.003 0.852 0.129 0.007
963 963 (0) 11 : 0.006 0.005 0.563 0.180 0.246
964 964 (0) 11 : 0.013 0.003 0.567 0.411 0.006
965 965 (0) 11 : 0.043 0.011 0.854 0.083 0.008
966 966 (0) 11 : 0.004 0.023 0.822 0.131 0.020
967 967 (0) 11 : 0.008 0.014 0.749 0.007 0.223
968 968 (0) 11 : 0.003 0.005 0.040 0.184 0.768
969 969 (0) 11 : 0.071 0.007 0.784 0.115 0.023
970 970 (0) 11 : 0.004 0.006 0.554 0.397 0.040
971 971 (0) 11 : 0.003 0.009 0.812 0.167 0.009
972 972 (0) 11 : 0.038 0.015 0.195 0.311 0.440
973 973 (0) 11 : 0.005 0.009 0.888 0.051 0.047
974 974 (0) 11 : 0.004 0.003 0.778 0.208 0.006
975 975 (0) 11 : 0.009 0.004 0.791 0.186 0.010
976 976 (0) 11 : 0.010 0.005 0.853 0.121 0.012
977 977 (0) 11 : 0.005 0.004 0.788 0.197 0.006
978 978 (0) 11 : 0.006 0.017 0.843 0.010 0.124
979 979 (0) 11 : 0.019 0.057 0.251 0.014 0.660
980 980 (0) 11 : 0.004 0.003 0.968 0.019 0.006
981 981 (0) 11 : 0.003 0.003 0.612 0.295 0.087
982 982 (0) 11 : 0.006 0.007 0.913 0.056 0.019
983 983 (0) 11 : 0.011 0.004 0.839 0.125 0.021
984 984 (0) 11 : 0.024 0.008 0.609 0.306 0.052
985 985 (0) 11 : 0.010 0.043 0.846 0.044 0.057
986 986 (0) 11 : 0.035 0.004 0.543 0.183 0.235
987 987 (0) 11 : 0.004 0.010 0.420 0.357 0.210
988 988 (0) 11 : 0.006 0.006 0.777 0.205 0.005
989 989 (0) 11 : 0.004 0.004 0.817 0.144 0.031
990 990 (0) 11 : 0.007 0.005 0.769 0.060 0.159
991 991 (0) 11 : 0.016 0.004 0.910 0.061 0.008
992 992 (0) 11 : 0.013 0.004 0.965 0.011 0.007
993 993 (0) 11 : 0.004 0.009 0.947 0.035 0.005
994 994 (0) 11 : 0.003 0.006 0.621 0.357 0.013
995 995 (0) 11 : 0.016 0.010 0.954 0.009 0.012
996 996 (0) 11 : 0.005 0.029 0.568 0.389 0.009
997 997 (0) 11 : 0.007 0.004 0.701 0.282 0.006
998 998 (0) 11 : 0.009 0.005 0.849 0.126 0.012
999 999 (0) 11 : 0.021 0.013 0.826 0.112 0.028
1000 1000 (0) 11 : 0.010 0.038 0.664 0.263 0.024
1001 1001 (0) 11 : 0.005 0.003 0.647 0.326 0.018
1002 1002 (0) 11 : 0.017 0.004 0.824 0.145 0.009
1003 1003 (0) 11 : 0.003 0.004 0.955 0.026 0.012
1004 1004 (0) 11 : 0.231 0.025 0.421 0.306 0.016
1005 1005 (0) 11 : 0.004 0.004 0.813 0.171 0.007
1006 1006 (0) 11 : 0.009 0.003 0.661 0.313 0.013
1007 1007 (0) 11 : 0.009 0.008 0.769 0.016 0.197
1008 1008 (0) 11 : 0.005 0.004 0.805 0.169 0.018
1009 1009 (0) 12 : 0.007 0.741 0.003 0.246 0.003
1010 1010 (0) 12 : 0.008 0.893 0.012 0.048 0.038
1011 1011 (0) 12 : 0.006 0.802 0.037 0.147 0.007
1012 1012 (0) 12 : 0.003 0.611 0.007 0.364 0.015
1013 1013 (0) 12 : 0.166 0.780 0.021 0.009 0.025
1014 1014 (0) 12 : 0.116 0.700 0.010 0.168 0.006
1015 1015 (0) 12 : 0.003 0.777 0.004 0.213 0.003
1016 1016 (0) 12 : 0.003 0.842 0.013 0.124 0.018
1017 1017 (0) 12 : 0.023 0.814 0.005 0.154 0.004
1018 1018 (0) 12 : 0.020 0.756 0.022 0.187 0.015
1019 1019 (0) 12 : 0.005 0.833 0.030 0.057 0.074
1020 1020 (0) 12 : 0.031 0.770 0.009 0.176 0.014
1021 1021 (0) 12 : 0.006 0.844 0.018 0.118 0.014
1022 1022 (0) 12 : 0.004 0.819 0.004 0.169 0.004
1023 1023 (0) 12 : 0.005 0.691 0.004 0.284 0.015
1024 1024 (0) 12 : 0.004 0.684 0.006 0.299 0.006
1025 1025 (0) 12 : 0.005 0.865 0.031 0.086 0.012
1026 1026 (0) 12 : 0.002 0.804 0.005 0.182 0.007
1027 1027 (0) 12 : 0.059 0.766 0.014 0.154 0.008
1028 1028 (0) 12 : 0.004 0.824 0.003 0.157 0.013
1029 1029 (0) 12 : 0.004 0.803 0.006 0.181 0.006
1030 1030 (0) 12 : 0.003 0.839 0.007 0.143 0.008
1031 1031 (0) 12 : 0.002 0.785 0.005 0.204 0.004
1032 1032 (0) 12 : 0.006 0.819 0.015 0.111 0.048
1033 1033 (0) 12 : 0.030 0.788 0.014 0.162 0.006
1034 1034 (0) 12 : 0.003 0.844 0.004 0.143 0.006
1035 1035 (0) 12 : 0.005 0.790 0.004 0.196 0.006
1036 1036 (0) 12 : 0.004 0.935 0.005 0.039 0.017
1037 1037 (0) 12 : 0.006 0.710 0.003 0.273 0.007
1038 1038 (0) 12 : 0.002 0.753 0.004 0.237 0.004
1039 1039 (0) 12 : 0.010 0.898 0.067 0.022 0.003
1040 1040 (0) 12 : 0.017 0.869 0.014 0.089 0.010
1041 1041 (0) 12 : 0.002 0.859 0.007 0.125 0.007
1042 1042 (0) 12 : 0.005 0.923 0.006 0.054 0.012
1043 1043 (0) 12 : 0.004 0.771 0.009 0.208 0.008
1044 1044 (0) 12 : 0.003 0.835 0.004 0.155 0.003
1045 1045 (0) 12 : 0.100 0.811 0.013 0.044 0.032
1046 1046 (0) 12 : 0.002 0.721 0.008 0.113 0.156
1047 1047 (0) 12 : 0.006 0.726 0.011 0.237 0.021
1048 1048 (0) 12 : 0.005 0.789 0.010 0.189 0.008
1049 1049 (0) 12 : 0.019 0.661 0.008 0.299 0.013
1050 1050 (0) 12 : 0.006 0.705 0.007 0.279 0.004
1051 1051 (0) 12 : 0.019 0.796 0.014 0.160 0.011
1052 1052 (0) 12 : 0.003 0.719 0.005 0.263 0.011
1053 1053 (0) 12 : 0.072 0.750 0.083 0.048 0.048
1054 1054 (0) 12 : 0.007 0.823 0.011 0.150 0.009
1055 1055 (0) 12 : 0.003 0.773 0.005 0.214 0.005
1056 1056 (0) 12 : 0.004 0.824 0.008 0.149 0.016
1057 1057 (0) 12 : 0.002 0.812 0.003 0.179 0.003
1058 1058 (0) 12 : 0.004 0.664 0.009 0.308 0.015
1059 1059 (0) 12 : 0.005 0.730 0.005 0.253 0.007
1060 1060 (0) 12 : 0.004 0.792 0.010 0.189 0.005
1061 1061 (0) 12 : 0.010 0.784 0.006 0.194 0.005
1062 1062 (0) 12 : 0.004 0.782 0.004 0.200 0.010
1063 1063 (0) 12 : 0.009 0.721 0.010 0.238 0.022
1064 1064 (0) 12 : 0.005 0.776 0.004 0.209 0.006
1065 1065 (0) 12 : 0.010 0.770 0.007 0.205 0.008
1066 1066 (0) 12 : 0.005 0.743 0.006 0.234 0.011
1067 1067 (0) 12 : 0.007 0.792 0.007 0.185 0.008
1068 1068 (0) 12 : 0.003 0.747 0.004 0.236 0.009
1069 1069 (0) 12 : 0.007 0.733 0.005 0.248 0.007
1070 1070 (0) 12 : 0.007 0.816 0.004 0.170 0.004
1071 1071 (0) 12 : 0.002 0.685 0.003 0.307 0.003
1072 1072 (0) 12 : 0.003 0.828 0.016 0.147 0.005
1073 1073 (0) 12 : 0.003 0.711 0.004 0.280 0.003
1074 1074 (0) 12 : 0.028 0.738 0.028 0.185 0.022
1075 1075 (0) 12 : 0.020 0.961 0.006 0.008 0.005
1076 1076 (0) 12 : 0.021 0.621 0.008 0.342 0.009
1077 1077 (0) 12 : 0.006 0.653 0.029 0.305 0.007
1078 1078 (0) 12 : 0.004 0.730 0.009 0.252 0.004
1079 1079 (0) 12 : 0.002 0.682 0.004 0.304 0.007
1080 1080 (0) 12 : 0.005 0.850 0.011 0.129 0.005
1081 1081 (0) 12 : 0.003 0.784 0.005 0.199 0.010
1082 1082 (0) 12 : 0.002 0.849 0.004 0.136 0.009
1083 1083 (0) 12 : 0.004 0.634 0.028 0.326 0.008
1084 1084 (0) 12 : 0.041 0.771 0.058 0.116 0.015
1085 1085 (0) 12 : 0.016 0.715 0.095 0.163 0.012
1086 1086 (0) 12 : 0.005 0.820 0.007 0.159 0.010
1087 1087 (0) 12 : 0.005 0.627 0.018 0.345 0.004
1088 1088 (0) 12 : 0.003 0.703 0.003 0.286 0.005
1089 1089 (0) 12 : 0.003 0.718 0.004 0.267 0.009
1090 1090 (0) 12 : 0.005 0.712 0.007 0.263 0.013
1091 1091 (0) 12 : 0.005 0.723 0.008 0.259 0.006
1092 1092 (0) 12 : 0.006 0.570 0.005 0.401 0.017
1093 1093 (0) 12 : 0.004 0.746 0.004 0.242 0.004
1094 1094 (0) 12 : 0.025 0.719 0.006 0.237 0.011
1095 1095 (0) 12 : 0.013 0.778 0.008 0.191 0.010
1096 1096 (0) 12 : 0.026 0.627 0.014 0.317 0.015
1097 1097 (0) 12 : 0.003 0.693 0.007 0.289 0.008
1098 1098 (0) 12 : 0.012 0.747 0.015 0.216 0.010
1099 1099 (0) 12 : 0.031 0.568 0.005 0.391 0.005
1100 1100 (0) 12 : 0.004 0.769 0.007 0.216 0.004
1101 1101 (0) 12 : 0.003 0.592 0.006 0.395 0.004
1102 1102 (0) 12 : 0.027 0.824 0.015 0.121 0.012
1103 1103 (0) 12 : 0.005 0.858 0.031 0.102 0.004
1104 1104 (0) 12 : 0.004 0.794 0.013 0.184 0.005
1105 1105 (0) 12 : 0.008 0.873 0.019 0.038 0.062
1106 1106 (0) 12 : 0.005 0.655 0.004 0.321 0.015
1107 1107 (0) 12 : 0.006 0.899 0.003 0.072 0.019
1108 1108 (0) 12 : 0.004 0.687 0.007 0.295 0.007
1109 1109 (0) 13 : 0.914 0.009 0.004 0.069 0.004
1110 1110 (0) 13 : 0.731 0.025 0.011 0.225 0.009
1111 1111 (0) 13 : 0.873 0.029 0.006 0.090 0.003
1112 1112 (0) 13 : 0.819 0.002 0.004 0.170 0.004
1113 1113 (0) 13 : 0.758 0.006 0.012 0.216 0.008
1114 1114 (0) 13 : 0.675 0.003 0.003 0.316 0.003
1115 1115 (0) 13 : 0.698 0.005 0.006 0.288 0.003
1116 1116 (0) 13 : 0.817 0.004 0.006 0.165 0.008
1117 1117 (0) 13 : 0.607 0.004 0.006 0.374 0.008
1118 1118 (0) 13 : 0.826 0.034 0.008 0.124 0.008
1119 1119 (0) 13 : 0.787 0.005 0.007 0.197 0.003
1120 1120 (0) 13 : 0.754 0.002 0.007 0.230 0.006
1121 1121 (0) 13 : 0.755 0.003 0.007 0.227 0.007
1122 1122 (0) 13 : 0.708 0.005 0.007 0.273 0.007
1123 1123 (0) 13 : 0.706 0.004 0.006 0.272 0.012
1124 1124 (0) 13 : 0.641 0.003 0.005 0.347 0.004
1125 1125 (0) 13 : 0.759 0.006 0.006 0.222 0.007
1126 1126 (0) 13 : 0.698 0.006 0.007 0.283 0.006
1127 1127 (0) 13 : 0.936 0.004 0.008 0.043 0.010
1128 1128 (0) 13 : 0.670 0.005 0.007 0.309 0.008
1129 1129 (0) 13 : 0.659 0.004 0.009 0.290 0.038
1130 1130 (0) 13 : 0.652 0.004 0.005 0.334 0.004
1131 1131 (0) 13 : 0.730 0.003 0.005 0.255 0.006
1132 1132 (0) 13 : 0.727 0.006 0.006 0.252 0.008
1133 1133 (0) 13 : 0.794 0.005 0.006 0.188 0.008
1134 1134 (0) 13 : 0.724 0.005 0.007 0.258 0.005
1135 1135 (0) 13 : 0.891 0.002 0.007 0.093 0.006
1136 1136 (0) 13 : 0.687 0.003 0.005 0.302 0.003
1137 1137 (0) 13 : 0.604 0.018 0.017 0.356 0.004
1138 1138 (0) 13 : 0.734 0.003 0.007 0.251 0.004
1139 1139 (0) 13 : 0.802 0.004 0.005 0.183 0.006
1140 1140 (0) 13 : 0.724 0.004 0.005 0.262 0.005
1141 1141 (0) 13 : 0.873 0.003 0.006 0.102 0.017
1142 1142 (0) 13 : 0.894 0.003 0.005 0.083 0.016
1143 1143 (0) 13 : 0.780 0.003 0.004 0.211 0.003
1144 1144 (0) 13 : 0.816 0.003 0.003 0.175 0.003
1145 1145 (0) 13 : 0.713 0.004 0.009 0.266 0.008
1146 1146 (0) 13 : 0.878 0.002 0.015 0.101 0.003
1147 1147 (0) 13 : 0.793 0.002 0.003 0.199 0.003
1148 1148 (0) 13 : 0.666 0.005 0.007 0.306 0.017
1149 1149 (0) 13 : 0.679 0.010 0.007 0.298 0.006
1150 1150 (0) 13 : 0.813 0.005 0.010 0.164 0.008
1151 1151 (0) 13 : 0.770 0.003 0.004 0.218 0.005
1152 1152 (0) 13 : 0.716 0.003 0.004 0.271 0.006
1153 1153 (0) 13 : 0.749 0.002 0.003 0.243 0.003
1154 1154 (0) 13 : 0.755 0.002 0.003 0.236 0.003
1155 1155 (0) 13 : 0.796 0.015 0.030 0.135 0.024
1156 1156 (0) 13 : 0.773 0.033 0.011 0.163 0.019
1157 1157 (0) 13 : 0.850 0.002 0.003 0.139 0.005
1158 1158 (0) 13 : 0.894 0.003 0.004 0.089 0.010
1159 1159 (0) 13 : 0.788 0.004 0.023 0.171 0.013
1160 1160 (0) 13 : 0.529 0.011 0.023 0.401 0.036
1161 1161 (0) 13 : 0.831 0.006 0.053 0.096 0.015
1162 1162 (0) 13 : 0.659 0.008 0.004 0.325 0.004
1163 1163 (0) 13 : 0.786 0.007 0.022 0.041 0.146
1164 1164 (0) 13 : 0.435 0.007 0.006 0.545 0.007
1165 1165 (0) 13 : 0.646 0.008 0.010 0.331 0.006
1166 1166 (0) 13 : 0.649 0.005 0.004 0.336 0.006
1167 1167 (0) 13 : 0.595 0.004 0.005 0.393 0.003
1168 1168 (0) 13 : 0.622 0.005 0.006 0.363 0.004
1169 1169 (0) 13 : 0.668 0.016 0.005 0.307 0.005
1170 1170 (0) 13 : 0.871 0.002 0.014 0.096 0.016
1171 1171 (0) 13 : 0.744 0.003 0.005 0.244 0.004
1172 1172 (0) 13 : 0.842 0.003 0.010 0.136 0.009
1173 1173 (0) 13 : 0.718 0.005 0.004 0.270 0.003
1174 1174 (0) 13 : 0.956 0.007 0.008 0.024 0.004
1175 1175 (0) 13 : 0.595 0.016 0.015 0.331 0.043
1176 1176 (0) 13 : 0.531 0.003 0.004 0.459 0.003
1177 1177 (0) 13 : 0.687 0.002 0.004 0.305 0.003
1178 1178 (0) 13 : 0.753 0.007 0.012 0.214 0.014
1179 1179 (0) 13 : 0.831 0.004 0.008 0.152 0.005
1180 1180 (0) 13 : 0.646 0.003 0.006 0.341 0.003
1181 1181 (0) 13 : 0.798 0.005 0.024 0.145 0.029
1182 1182 (0) 13 : 0.781 0.002 0.004 0.209 0.004
1183 1183 (0) 13 : 0.679 0.003 0.004 0.310 0.003
1184 1184 (0) 13 : 0.806 0.005 0.006 0.174 0.009
1185 1185 (0) 13 : 0.665 0.015 0.009 0.293 0.018
1186 1186 (0) 13 : 0.550 0.003 0.007 0.436 0.004
1187 1187 (0) 13 : 0.778 0.002 0.003 0.214 0.003
1188 1188 (0) 13 : 0.746 0.003 0.010 0.237 0.003
1189 1189 (0) 13 : 0.900 0.034 0.027 0.027 0.012
1190 1190 (0) 13 : 0.909 0.005 0.010 0.062 0.014
1191 1191 (0) 13 : 0.727 0.002 0.004 0.263 0.003
1192 1192 (0) 13 : 0.741 0.007 0.007 0.240 0.006
1193 1193 (0) 13 : 0.772 0.002 0.005 0.219 0.003
1194 1194 (0) 13 : 0.838 0.006 0.056 0.095 0.005
1195 1195 (0) 13 : 0.841 0.003 0.003 0.145 0.007
1196 1196 (0) 13 : 0.878 0.016 0.013 0.063 0.030
1197 1197 (0) 13 : 0.877 0.005 0.009 0.104 0.005
1198 1198 (0) 13 : 0.676 0.011 0.013 0.294 0.006
1199 1199 (0) 13 : 0.665 0.004 0.004 0.325 0.003
1200 1200 (0) 13 : 0.840 0.002 0.004 0.145 0.008
1201 1201 (0) 13 : 0.725 0.007 0.007 0.252 0.009
1202 1202 (0) 13 : 0.782 0.006 0.005 0.196 0.011
1203 1203 (0) 13 : 0.718 0.002 0.011 0.263 0.005
1204 1204 (0) 13 : 0.708 0.007 0.004 0.270 0.012
1205 1205 (0) 13 : 0.779 0.003 0.005 0.208 0.005
1206 1206 (0) 13 : 0.656 0.004 0.006 0.329 0.006
1207 1207 (0) 13 : 0.718 0.003 0.009 0.263 0.006
1208 1208 (0) 13 : 0.656 0.007 0.008 0.320 0.009
1209 1209 (0) 14 : 0.005 0.010 0.632 0.348 0.005
1210 1210 (0) 14 : 0.008 0.009 0.890 0.086 0.007
1211 1211 (0) 14 : 0.006 0.012 0.628 0.348 0.005
1212 1212 (0) 14 : 0.004 0.103 0.838 0.023 0.032
1213 1213 (0) 14 : 0.014 0.013 0.961 0.007 0.005
1214 1214 (0) 14 : 0.004 0.008 0.755 0.228 0.005
1215 1215 (0) 14 : 0.004 0.065 0.851 0.075 0.005
1216 1216 (0) 14 : 0.005 0.003 0.979 0.010 0.003
1217 1217 (0) 14 : 0.006 0.022 0.911 0.033 0.027
1218 1218 (0) 14 : 0.008 0.007 0.970 0.011 0.004
1219 1219 (0) 14 : 0.008 0.004 0.929 0.055 0.004
1220 1220 (0) 14 : 0.008 0.008 0.906 0.071 0.006
1221 1221 (0) 14 : 0.015 0.006 0.680 0.287 0.012
1222 1222 (0) 14 : 0.014 0.004 0.940 0.036 0.005
1223 1223 (0) 14 : 0.244 0.009 0.728 0.015 0.004
1224 1224 (0) 14 : 0.006 0.016 0.593 0.358 0.027
1225 1225 (0) 14 : 0.005 0.023 0.884 0.076 0.012
1226 1226 (0) 14 : 0.004 0.021 0.617 0.355 0.004
1227 1227 (0) 14 : 0.011 0.018 0.773 0.193 0.005
1228 1228 (0) 14 : 0.009 0.011 0.959 0.013 0.008
1229 1229 (0) 14 : 0.015 0.003 0.940 0.038 0.005
1230 1230 (0) 14 : 0.045 0.014 0.600 0.327 0.013
1231 1231 (0) 14 : 0.005 0.003 0.984 0.004 0.003
1232 1232 (0) 14 : 0.010 0.005 0.837 0.140 0.009
1233 1233 (0) 14 : 0.003 0.005 0.968 0.013 0.010
1234 1234 (0) 14 : 0.006 0.008 0.716 0.262 0.009
1235 1235 (0) 14 : 0.014 0.005 0.659 0.294 0.029
1236 1236 (0) 14 : 0.008 0.011 0.948 0.014 0.018
1237 1237 (0) 14 : 0.006 0.006 0.941 0.029 0.017
1238 1238 (0) 14 : 0.010 0.005 0.695 0.284 0.006
1239 1239 (0) 14 : 0.008 0.004 0.973 0.011 0.004
1240 1240 (0) 14 : 0.008 0.006 0.729 0.249 0.007
1241 1241 (0) 14 : 0.012 0.008 0.964 0.005 0.012
1242 1242 (0) 14 : 0.011 0.028 0.883 0.030 0.048
1243 1243 (0) 14 : 0.042 0.014 0.640 0.298 0.005
1244 1244 (0) 14 : 0.007 0.003 0.797 0.186 0.006
1245 1245 (0) 14 : 0.004 0.007 0.949 0.028 0.012
1246 1246 (0) 14 : 0.006 0.005 0.640 0.333 0.016
1247 1247 (0) 14 : 0.011 0.003 0.825 0.157 0.005
1248 1248 (0) 14 : 0.006 0.011 0.731 0.247 0.005
1249 1249 (0) 14 : 0.006 0.008 0.797 0.179 0.009
1250 1250 (0) 14 : 0.003 0.004 0.799 0.187 0.007
1251 1251 (0) 14 : 0.012 0.006 0.444 0.529 0.009
1252 1252 (0) 14 : 0.006 0.008 0.685 0.295 0.006
1253 1253 (0) 14 : 0.007 0.012 0.951 0.022 0.008
1254 1254 (0) 14 : 0.004 0.007 0.950 0.033 0.006
1255 1255 (0) 14 : 0.005 0.005 0.833 0.136 0.021
1256 1256 (0) 14 : 0.016 0.004 0.918 0.056 0.005
1257 1257 (0) 14 : 0.015 0.006 0.936 0.037 0.005
1258 1258 (0) 14 : 0.009 0.008 0.803 0.174 0.006
1259 1259 (0) 14 : 0.005 0.004 0.977 0.009 0.005
1260 1260 (0) 14 : 0.013 0.229 0.609 0.142 0.007
1261 1261 (0) 14 : 0.078 0.056 0.527 0.289 0.050
1262 1262 (0) 14 : 0.014 0.020 0.560 0.382 0.024
1263 1263 (0) 14 : 0.003 0.008 0.950 0.028 0.010
1264 1264 (0) 14 : 0.035 0.011 0.925 0.025 0.005
1265 1265 (0) 14 : 0.006 0.002 0.970 0.017 0.005
1266 1266 (0) 14 : 0.004 0.007 0.656 0.327 0.006
1267 1267 (0) 14 : 0.004 0.005 0.934 0.052 0.004
1268 1268 (0) 14 : 0.006 0.006 0.892 0.081 0.015
1269 1269 (0) 14 : 0.015 0.004 0.943 0.034 0.004
1270 1270 (0) 14 : 0.004 0.007 0.605 0.374 0.010
1271 1271 (0) 14 : 0.013 0.007 0.870 0.102 0.008
1272 1272 (0) 14 : 0.005 0.017 0.754 0.192 0.031
1273 1273 (0) 14 : 0.008 0.010 0.859 0.110 0.013
1274 1274 (0) 14 : 0.037 0.005 0.688 0.263 0.007
1275 1275 (0) 14 : 0.005 0.010 0.696 0.281 0.009
1276 1276 (0) 14 : 0.007 0.010 0.766 0.206 0.011
1277 1277 (0) 14 : 0.010 0.010 0.663 0.313 0.005
1278 1278 (0) 14 : 0.011 0.026 0.929 0.028 0.006
1279 1279 (0) 14 : 0.006 0.003 0.823 0.161 0.008
1280 1280 (0) 14 : 0.006 0.008 0.966 0.013 0.006
1281 1281 (0) 14 : 0.005 0.006 0.783 0.202 0.004
1282 1282 (0) 14 : 0.028 0.003 0.848 0.113 0.007
1283 1283 (0) 14 : 0.011 0.007 0.584 0.389 0.009
1284 1284 (0) 14 : 0.036 0.008 0.909 0.042 0.005
1285 1285 (0) 14 : 0.008 0.004 0.611 0.372 0.005
1286 1286 (0) 14 : 0.034 0.038 0.726 0.196 0.007
1287 1287 (0) 14 : 0.006 0.007 0.975 0.006 0.007
1288 1288 (0) 14 : 0.005 0.009 0.703 0.274 0.009
1289 1289 (0) 14 : 0.011 0.014 0.887 0.070 0.018
1290 1290 (0) 14 : 0.004 0.003 0.755 0.235 0.003
1291 1291 (0) 14 : 0.021 0.004 0.522 0.441 0.012
1292 1292 (0) 14 : 0.004 0.009 0.954 0.029 0.004
1293 1293 (0) 14 : 0.026 0.011 0.848 0.111 0.004
1294 1294 (0) 14 : 0.004 0.011 0.804 0.165 0.017
1295 1295 (0) 14 : 0.028 0.017 0.864 0.031 0.060
1296 1296 (0) 14 : 0.010 0.004 0.868 0.110 0.007
1297 1297 (0) 14 : 0.011 0.012 0.829 0.145 0.004
1298 1298 (0) 14 : 0.008 0.004 0.933 0.048 0.006
1299 1299 (0) 14 : 0.006 0.003 0.706 0.280 0.005
1300 1300 (0) 14 : 0.008 0.003 0.812 0.166 0.010
1301 1301 (0) 14 : 0.004 0.005 0.733 0.236 0.022
1302 1302 (0) 14 : 0.032 0.013 0.686 0.260 0.010
1303 1303 (0) 14 : 0.053 0.027 0.901 0.011 0.008
1304 1304 (0) 14 : 0.072 0.005 0.793 0.125 0.004
1305 1305 (0) 14 : 0.005 0.003 0.857 0.121 0.013
1306 1306 (0) 14 : 0.034 0.005 0.700 0.254 0.008
1307 1307 (0) 14 : 0.101 0.005 0.878 0.011 0.005
1308 1308 (0) 14 : 0.005 0.011 0.788 0.178 0.018
1309 1309 (10) 15 : 0.027 0.005 0.059 0.006 0.902
1310 1310 (5) 15 : 0.032 0.011 0.012 0.006 0.939
1311 1311 (5) 15 : 0.064 0.012 0.093 0.268 0.563
1312 1312 (5) 15 : 0.004 0.003 0.017 0.003 0.973
1313 1313 (10) 15 : 0.066 0.016 0.105 0.052 0.761
1314 1314 (5) 15 : 0.057 0.025 0.192 0.372 0.354
1315 1315 (10) 15 : 0.023 0.004 0.027 0.012 0.934
1316 1316 (0) 15 : 0.004 0.099 0.017 0.008 0.872
1317 1317 (0) 15 : 0.027 0.003 0.014 0.014 0.943
1318 1318 (0) 15 : 0.003 0.007 0.005 0.003 0.982
1319 1319 (0) 15 : 0.007 0.006 0.014 0.017 0.957
1320 1320 (0) 15 : 0.046 0.003 0.021 0.082 0.848
1321 1321 (0) 15 : 0.003 0.005 0.006 0.006 0.980
1322 1322 (0) 15 : 0.007 0.006 0.064 0.033 0.891
1323 1323 (0) 15 : 0.098 0.004 0.079 0.011 0.808
1324 1324 (0) 15 : 0.046 0.006 0.130 0.027 0.791
1325 1325 (0) 15 : 0.034 0.005 0.021 0.048 0.892
1326 1326 (0) 15 : 0.041 0.008 0.041 0.306 0.604
1327 1327 (0) 15 : 0.004 0.008 0.008 0.006 0.974
1328 1328 (5) 15 : 0.003 0.036 0.005 0.014 0.942
1329 1329 (0) 15 : 0.108 0.005 0.011 0.017 0.859
1330 1330 (0) 15 : 0.118 0.006 0.017 0.109 0.750
1331 1331 (5) 15 : 0.014 0.017 0.007 0.041 0.921
1332 1332 (5) 15 : 0.003 0.009 0.007 0.008 0.973
1333 1333 (0) 15 : 0.027 0.048 0.038 0.097 0.789
1334 1334 (0) 15 : 0.003 0.007 0.008 0.029 0.954
1335 1335 (0) 15 : 0.097 0.004 0.058 0.012 0.829
1336 1336 (0) 15 : 0.007 0.006 0.006 0.004 0.976
1337 1337 (0) 15 : 0.006 0.007 0.006 0.003 0.978
1338 1338 (0) 15 : 0.004 0.005 0.010 0.005 0.975
1339 1339 (0) 15 : 0.002 0.012 0.004 0.002 0.979
1340 1340 (0) 15 : 0.008 0.003 0.008 0.006 0.975
1341 1341 (0) 15 : 0.008 0.047 0.012 0.027 0.907
1342 1342 (0) 15 : 0.021 0.020 0.421 0.005 0.532
1343 1343 (0) 15 : 0.006 0.005 0.010 0.011 0.968
1344 1344 (0) 15 : 0.005 0.005 0.007 0.021 0.962
1345 1345 (0) 15 : 0.020 0.016 0.416 0.054 0.493
1346 1346 (0) 15 : 0.005 0.006 0.005 0.004 0.981
1347 1347 (0) 15 : 0.006 0.032 0.017 0.030 0.915
1348 1348 (0) 15 : 0.005 0.004 0.330 0.013 0.648
1349 1349 (0) 15 : 0.061 0.002 0.014 0.004 0.918
1350 1350 (0) 15 : 0.041 0.004 0.115 0.011 0.830
1351 1351 (0) 16 : 0.013 0.004 0.007 0.137 0.839
1352 1352 (0) 16 : 0.004 0.005 0.003 0.004 0.984
1353 1353 (0) 16 : 0.005 0.015 0.006 0.003 0.971
1354 1354 (0) 16 : 0.003 0.007 0.530 0.008 0.453
1355 1355 (0) 16 : 0.004 0.005 0.007 0.075 0.908
1356 1356 (0) 16 : 0.006 0.004 0.007 0.071 0.911
1357 1357 (0) 16 : 0.007 0.004 0.076 0.010 0.902
1358 1358 (0) 16 : 0.010 0.009 0.020 0.046 0.915
1359 1359 (0) 16 : 0.006 0.004 0.005 0.019 0.967
1360 1360 (0) 16 : 0.003 0.005 0.064 0.003 0.925
1361 1361 (0) 16 : 0.018 0.010 0.079 0.248 0.644
1362 1362 (0) 16 : 0.005 0.005 0.007 0.003 0.980
1363 1363 (0) 16 : 0.010 0.005 0.007 0.003 0.976
1364 1364 (0) 16 : 0.012 0.004 0.014 0.037 0.934
1365 1365 (0) 16 : 0.007 0.042 0.008 0.011 0.933
1366 1366 (0) 16 : 0.004 0.032 0.008 0.018 0.937
1367 1367 (0) 16 : 0.013 0.010 0.018 0.013 0.946
1368 1368 (0) 16 : 0.002 0.004 0.007 0.024 0.962
1369 1369 (0) 16 : 0.004 0.007 0.005 0.005 0.979
1370 1370 (0) 16 : 0.003 0.004 0.006 0.037 0.951
1371 1371 (0) 16 : 0.011 0.006 0.012 0.141 0.830
1372 1372 (0) 16 : 0.004 0.010 0.007 0.039 0.940
1373 1373 (0) 16 : 0.011 0.161 0.005 0.011 0.813
1374 1374 (0) 16 : 0.009 0.006 0.019 0.012 0.954
1375 1375 (0) 16 : 0.004 0.004 0.011 0.039 0.942
1376 1376 (0) 16 : 0.018 0.014 0.029 0.010 0.929
1377 1377 (0) 16 : 0.008 0.021 0.010 0.012 0.949
1378 1378 (0) 16 : 0.007 0.011 0.029 0.038 0.916
1379 1379 (0) 16 : 0.003 0.005 0.018 0.027 0.948
1380 1380 (0) 16 : 0.003 0.006 0.007 0.004 0.980
1381 1381 (0) 16 : 0.004 0.005 0.008 0.013 0.970
1382 1382 (0) 16 : 0.007 0.004 0.012 0.111 0.865
1383 1383 (0) 16 : 0.004 0.006 0.014 0.063 0.913
1384 1384 (0) 16 : 0.006 0.007 0.023 0.008 0.956
1385 1385 (0) 16 : 0.021 0.014 0.014 0.062 0.889
1386 1386 (0) 16 : 0.042 0.012 0.086 0.025 0.835
1387 1387 (0) 16 : 0.004 0.010 0.008 0.019 0.959
1388 1388 (0) 16 : 0.003 0.007 0.034 0.022 0.934
1389 1389 (0) 16 : 0.008 0.101 0.037 0.015 0.839
1390 1390 (0) 16 : 0.028 0.010 0.015 0.032 0.916
1391 1391 (0) 16 : 0.003 0.006 0.004 0.003 0.983
1392 1392 (0) 16 : 0.003 0.006 0.041 0.004 0.946
1393 1393 (0) 16 : 0.004 0.010 0.004 0.089 0.893
1394 1394 (0) 16 : 0.007 0.005 0.004 0.004 0.980
1395 1395 (0) 16 : 0.004 0.008 0.005 0.013 0.970
1396 1396 (0) 16 : 0.003 0.059 0.016 0.029 0.893
1397 1397 (0) 16 : 0.012 0.012 0.014 0.010 0.952
1398 1398 (0) 16 : 0.004 0.005 0.006 0.017 0.968
1399 1399 (0) 16 : 0.006 0.005 0.006 0.236 0.748
1400 1400 (0) 16 : 0.004 0.040 0.010 0.009 0.936
1401 1401 (0) 16 : 0.005 0.007 0.007 0.006 0.976
1402 1402 (0) 16 : 0.007 0.008 0.006 0.237 0.742
1403 1403 (0) 16 : 0.003 0.005 0.011 0.124 0.857
1404 1404 (0) 16 : 0.007 0.132 0.021 0.094 0.746
1405 1405 (0) 16 : 0.005 0.005 0.013 0.208 0.770
1406 1406 (0) 16 : 0.016 0.012 0.017 0.066 0.888
1407 1407 (0) 16 : 0.014 0.013 0.063 0.049 0.862
1408 1408 (0) 16 : 0.007 0.003 0.008 0.289 0.692
1409 1409 (0) 16 : 0.003 0.008 0.005 0.015 0.968
1410 1410 (0) 16 : 0.008 0.017 0.011 0.063 0.901
1411 1411 (0) 16 : 0.008 0.004 0.014 0.009 0.965
1412 1412 (0) 16 : 0.013 0.003 0.051 0.013 0.920
1413 1413 (0) 16 : 0.006 0.020 0.007 0.008 0.959
1414 1414 (0) 16 : 0.005 0.048 0.014 0.333 0.600
1415 1415 (0) 16 : 0.006 0.004 0.008 0.011 0.972
1416 1416 (0) 16 : 0.036 0.011 0.287 0.012 0.654
1417 1417 (0) 16 : 0.008 0.012 0.005 0.004 0.971
1418 1418 (0) 16 : 0.005 0.005 0.020 0.213 0.757
1419 1419 (0) 16 : 0.044 0.006 0.025 0.006 0.919
1420 1420 (0) 16 : 0.006 0.005 0.015 0.009 0.965
1421 1421 (0) 16 : 0.008 0.005 0.008 0.007 0.972
1422 1422 (0) 16 : 0.009 0.016 0.011 0.007 0.957
1423 1423 (0) 16 : 0.009 0.005 0.009 0.033 0.944
1424 1424 (0) 16 : 0.005 0.012 0.006 0.006 0.972
1425 1425 (0) 16 : 0.017 0.004 0.027 0.015 0.937
1426 1426 (0) 16 : 0.004 0.118 0.010 0.043 0.825
1427 1427 (0) 16 : 0.008 0.007 0.007 0.008 0.969
1428 1428 (0) 16 : 0.004 0.005 0.013 0.127 0.851
1429 1429 (0) 16 : 0.021 0.008 0.084 0.012 0.875
1430 1430 (0) 16 : 0.023 0.016 0.009 0.274 0.678
1431 1431 (0) 16 : 0.014 0.005 0.017 0.013 0.950
1432 1432 (0) 16 : 0.003 0.015 0.008 0.008 0.966
1433 1433 (0) 16 : 0.015 0.005 0.026 0.234 0.720
1434 1434 (0) 16 : 0.005 0.004 0.010 0.003 0.979
1435 1435 (0) 16 : 0.003 0.003 0.011 0.019 0.964
1436 1436 (0) 16 : 0.003 0.003 0.017 0.010 0.968
1437 1437 (0) 16 : 0.004 0.006 0.007 0.015 0.968
1438 1438 (0) 16 : 0.005 0.005 0.007 0.006 0.977
1439 1439 (0) 16 : 0.004 0.023 0.116 0.028 0.829
1440 1440 (0) 16 : 0.010 0.003 0.006 0.005 0.977
1441 1441 (0) 16 : 0.005 0.007 0.009 0.075 0.904
1442 1442 (0) 16 : 0.007 0.064 0.006 0.007 0.916
1443 1443 (0) 16 : 0.006 0.013 0.044 0.122 0.814
1444 1444 (0) 16 : 0.013 0.006 0.011 0.039 0.931
1445 1445 (0) 16 : 0.005 0.009 0.012 0.006 0.968
1446 1446 (0) 16 : 0.005 0.024 0.008 0.079 0.884
1447 1447 (0) 16 : 0.012 0.006 0.008 0.006 0.968
1448 1448 (0) 16 : 0.007 0.012 0.004 0.012 0.965
1449 1449 (0) 16 : 0.004 0.054 0.019 0.031 0.893
1450 1450 (0) 16 : 0.005 0.004 0.009 0.005 0.977
1451 1451 (0) 17 : 0.004 0.007 0.961 0.016 0.011
1452 1452 (0) 17 : 0.007 0.031 0.843 0.108 0.010
1453 1453 (0) 17 : 0.006 0.005 0.959 0.022 0.008
1454 1454 (0) 17 : 0.009 0.007 0.800 0.030 0.154
1455 1455 (0) 17 : 0.016 0.008 0.896 0.006 0.074
1456 1456 (0) 17 : 0.021 0.004 0.956 0.007 0.013
1457 1457 (0) 17 : 0.005 0.005 0.965 0.004 0.021
1458 1458 (0) 17 : 0.005 0.009 0.859 0.011 0.117
1459 1459 (0) 17 : 0.008 0.060 0.701 0.008 0.224
1460 1460 (0) 17 : 0.017 0.034 0.869 0.063 0.016
1461 1461 (0) 17 : 0.006 0.006 0.900 0.075 0.013
1462 1462 (0) 17 : 0.129 0.027 0.654 0.178 0.011
1463 1463 (0) 17 : 0.010 0.005 0.895 0.068 0.022
1464 1464 (0) 17 : 0.006 0.006 0.957 0.004 0.027
1465 1465 (0) 17 : 0.003 0.038 0.822 0.019 0.118
1466 1466 (0) 17 : 0.018 0.008 0.957 0.012 0.005
1467 1467 (0) 17 : 0.089 0.005 0.860 0.022 0.024
1468 1468 (0) 17 : 0.005 0.004 0.969 0.018 0.004
1469 1469 (0) 17 : 0.014 0.004 0.868 0.109 0.004
1470 1470 (0) 17 : 0.005 0.010 0.919 0.052 0.014
1471 1471 (0) 17 : 0.006 0.018 0.879 0.063 0.034
1472 1472 (0) 17 : 0.005 0.011 0.971 0.005 0.008
1473 1473 (0) 17 : 0.025 0.003 0.960 0.008 0.004
1474 1474 (0) 17 : 0.031 0.014 0.942 0.009 0.004
1475 1475 (0) 17 : 0.032 0.008 0.809 0.030 0.121
1476 1476 (0) 17 : 0.004 0.003 0.963 0.019 0.010
1477 1477 (0) 17 : 0.046 0.011 0.830 0.095 0.017
1478 1478 (0) 17 : 0.005 0.008 0.942 0.006 0.038
1479 1479 (0) 17 : 0.008 0.005 0.978 0.003 0.006
1480 1480 (0) 17 : 0.127 0.007 0.387 0.450 0.030
1481 1481 (0) 17 : 0.006 0.005 0.891 0.089 0.009
1482 1482 (0) 17 : 0.009 0.006 0.723 0.236 0.026
1483 1483 (0) 17 : 0.007 0.014 0.603 0.034 0.342
1484 1484 (0) 17 : 0.004 0.004 0.778 0.208 0.006
1485 1485 (0) 17 : 0.004 0.010 0.976 0.004 0.006
1486 1486 (0) 17 : 0.044 0.015 0.713 0.199 0.028
1487 1487 (0) 17 : 0.019 0.013 0.777 0.171 0.021
1488 1488 (0) 17 : 0.014 0.004 0.705 0.268 0.009
1489 1489 (0) 17 : 0.019 0.012 0.624 0.274 0.071
1490 1490 (0) 17 : 0.005 0.006 0.960 0.024 0.006
1491 1491 (0) 17 : 0.042 0.003 0.872 0.060 0.023
1492 1492 (0) 17 : 0.004 0.011 0.958 0.020 0.007
1493 1493 (0) 17 : 0.013 0.011 0.631 0.331 0.014
1494 1494 (0) 17 : 0.010 0.009 0.833 0.054 0.095
1495 1495 (0) 17 : 0.004 0.003 0.983 0.006 0.004
1496 1496 (0) 17 : 0.016 0.004 0.847 0.079 0.054
1497 1497 (0) 17 : 0.024 0.013 0.942 0.007 0.014
1498 1498 (0) 17 : 0.006 0.014 0.852 0.061 0.066
1499 1499 (0) 17 : 0.063 0.008 0.685 0.055 0.189
1500 1500 (0) 17 : 0.062 0.024 0.868 0.009 0.036
1501 1501 (0) 17 : 0.006 0.004 0.885 0.092 0.013
1502 1502 (0) 17 : 0.007 0.005 0.681 0.278 0.029
1503 1503 (0) 17 : 0.008 0.009 0.913 0.060 0.010
1504 1504 (0) 17 : 0.043 0.005 0.890 0.019 0.043
1505 1505 (0) 17 : 0.003 0.010 0.949 0.019 0.019
1506 1506 (0) 17 : 0.004 0.011 0.968 0.006 0.010
1507 1507 (0) 17 : 0.027 0.005 0.784 0.007 0.176
1508 1508 (0) 17 : 0.007 0.006 0.927 0.054 0.006
1509 1509 (0) 17 : 0.004 0.004 0.929 0.048 0.016
1510 1510 (0) 17 : 0.009 0.008 0.729 0.201 0.054
1511 1511 (0) 17 : 0.003 0.005 0.863 0.120 0.009
1512 1512 (0) 17 : 0.031 0.010 0.932 0.008 0.018
1513 1513 (0) 17 : 0.002 0.005 0.975 0.004 0.013
1514 1514 (0) 17 : 0.003 0.004 0.532 0.005 0.455
1515 1515 (0) 17 : 0.058 0.005 0.909 0.024 0.005
1516 1516 (0) 17 : 0.004 0.008 0.718 0.185 0.085
1517 1517 (0) 17 : 0.004 0.008 0.880 0.095 0.013
1518 1518 (0) 17 : 0.006 0.014 0.928 0.048 0.004
1519 1519 (0) 17 : 0.005 0.019 0.893 0.037 0.046
1520 1520 (0) 17 : 0.005 0.005 0.969 0.014 0.007
1521 1521 (0) 17 : 0.052 0.009 0.825 0.014 0.100
1522 1522 (0) 17 : 0.013 0.003 0.357 0.003 0.623
1523 1523 (0) 17 : 0.014 0.013 0.947 0.014 0.012
1524 1524 (0) 17 : 0.068 0.041 0.450 0.010 0.431
1525 1525 (0) 17 : 0.006 0.003 0.944 0.028 0.019
1526 1526 (0) 17 : 0.004 0.008 0.830 0.140 0.019
1527 1527 (0) 17 : 0.011 0.008 0.933 0.029 0.019
1528 1528 (0) 17 : 0.027 0.007 0.780 0.086 0.100
1529 1529 (0) 17 : 0.017 0.008 0.870 0.050 0.055
1530 1530 (0) 17 : 0.005 0.024 0.855 0.006 0.110
1531 1531 (0) 17 : 0.007 0.016 0.845 0.008 0.124
1532 1532 (0) 17 : 0.006 0.003 0.958 0.019 0.014
1533 1533 (0) 17 : 0.006 0.004 0.962 0.023 0.006
1534 1534 (0) 17 : 0.004 0.005 0.935 0.049 0.007
1535 1535 (0) 17 : 0.013 0.005 0.966 0.004 0.011
1536 1536 (0) 17 : 0.005 0.005 0.981 0.005 0.004
1537 1537 (0) 17 : 0.036 0.045 0.849 0.027 0.042
1538 1538 (0) 17 : 0.005 0.099 0.721 0.062 0.113
1539 1539 (0) 17 : 0.006 0.007 0.914 0.017 0.057
1540 1540 (0) 17 : 0.025 0.009 0.898 0.059 0.010
1541 1541 (0) 17 : 0.006 0.012 0.927 0.021 0.034
1542 1542 (0) 17 : 0.015 0.004 0.959 0.014 0.007
1543 1543 (0) 17 : 0.027 0.008 0.930 0.008 0.027
1544 1544 (0) 17 : 0.015 0.006 0.875 0.078 0.027
1545 1545 (0) 17 : 0.008 0.003 0.832 0.145 0.012
1546 1546 (0) 17 : 0.010 0.006 0.958 0.015 0.011
1547 1547 (0) 17 : 0.011 0.057 0.716 0.189 0.026
1548 1548 (0) 17 : 0.005 0.011 0.949 0.007 0.028
1549 1549 (0) 17 : 0.029 0.012 0.950 0.006 0.003
1550 1550 (0) 17 : 0.006 0.005 0.974 0.007 0.008
1551 1551 (0) 18 : 0.003 0.777 0.003 0.212 0.004
1552 1552 (0) 18 : 0.004 0.946 0.006 0.037 0.007
1553 1553 (0) 18 : 0.003 0.832 0.005 0.155 0.006
1554 1554 (0) 18 : 0.011 0.820 0.007 0.153 0.009
1555 1555 (0) 18 : 0.042 0.660 0.020 0.273 0.006
1556 1556 (0) 18 : 0.004 0.730 0.006 0.254 0.006
1557 1557 (0) 18 : 0.008 0.918 0.005 0.064 0.006
1558 1558 (0) 18 : 0.004 0.797 0.003 0.190 0.007
1559 1559 (0) 18 : 0.010 0.790 0.034 0.145 0.021
1560 1560 (0) 18 : 0.026 0.894 0.023 0.034 0.023
1561 1561 (0) 18 : 0.157 0.814 0.019 0.005 0.005
1562 1562 (0) 18 : 0.013 0.649 0.008 0.308 0.023
1563 1563 (0) 18 : 0.002 0.985 0.004 0.005 0.004
1564 1564 (0) 18 : 0.003 0.955 0.018 0.016 0.009
1565 1565 (0) 18 : 0.006 0.885 0.020 0.082 0.007
1566 1566 (0) 18 : 0.005 0.907 0.014 0.037 0.036
1567 1567 (0) 18 : 0.008 0.865 0.011 0.025 0.091
1568 1568 (0) 18 : 0.009 0.902 0.008 0.078 0.004
1569 1569 (0) 18 : 0.004 0.962 0.004 0.025 0.004
1570 1570 (0) 18 : 0.002 0.934 0.008 0.049 0.007
1571 1571 (0) 18 : 0.002 0.987 0.004 0.003 0.004
1572 1572 (0) 18 : 0.003 0.909 0.004 0.063 0.021
1573 1573 (0) 18 : 0.003 0.974 0.004 0.015 0.005
1574 1574 (0) 18 : 0.003 0.903 0.019 0.070 0.005
1575 1575 (0) 18 : 0.006 0.924 0.005 0.059 0.005
1576 1576 (0) 18 : 0.006 0.892 0.012 0.062 0.028
1577 1577 (0) 18 : 0.005 0.985 0.003 0.004 0.003
1578 1578 (0) 18 : 0.004 0.867 0.011 0.094 0.023
1579 1579 (0) 18 : 0.011 0.939 0.022 0.011 0.018
1580 1580 (0) 18 : 0.003 0.969 0.004 0.020 0.004
1581 1581 (0) 18 : 0.013 0.901 0.014 0.060 0.012
1582 1582 (0) 18 : 0.021 0.894 0.047 0.007 0.031
1583 1583 (0) 18 : 0.003 0.946 0.004 0.044 0.003
1584 1584 (0) 18 : 0.022 0.886 0.016 0.072 0.005
1585 1585 (0) 18 : 0.005 0.909 0.008 0.062 0.015
1586 1586 (0) 18 : 0.048 0.819 0.008 0.117 0.008
1587 1587 (0) 18 : 0.009 0.891 0.016 0.018 0.066
1588 1588 (0) 18 : 0.004 0.984 0.003 0.006 0.004
1589 1589 (0) 18 : 0.006 0.835 0.005 0.152 0.003
1590 1590 (0) 18 : 0.004 0.966 0.004 0.023 0.004
1591 1591 (0) 18 : 0.031 0.897 0.047 0.008 0.016
1592 1592 (0) 18 : 0.014 0.820 0.008 0.152 0.006
1593 1593 (0) 18 : 0.005 0.904 0.023 0.055 0.012
1594 1594 (0) 18 : 0.002 0.929 0.010 0.030 0.029
1595 1595 (0) 18 : 0.007 0.862 0.008 0.114 0.010
1596 1596 (0) 18 : 0.007 0.845 0.009 0.012 0.128
1597 1597 (0) 18 : 0.004 0.975 0.008 0.007 0.005
1598 1598 (0) 18 : 0.007 0.885 0.005 0.098 0.005
1599 1599 (0) 18 : 0.002 0.874 0.005 0.114 0.004
1600 1600 (0) 18 : 0.160 0.740 0.008 0.086 0.007
1601 1601 (0) 18 : 0.003 0.980 0.003 0.008 0.006
1602 1602 (0) 18 : 0.003 0.879 0.034 0.072 0.012
1603 1603 (0) 18 : 0.036 0.934 0.011 0.015 0.003
1604 1604 (0) 18 : 0.018 0.885 0.007 0.080 0.010
1605 1605 (0) 18 : 0.003 0.985 0.004 0.005 0.003
1606 1606 (0) 18 : 0.004 0.941 0.004 0.047 0.003
1607 1607 (0) 18 : 0.002 0.927 0.022 0.034 0.015
1608 1608 (0) 18 : 0.004 0.981 0.002 0.007 0.005
1609 1609 (0) 18 : 0.003 0.825 0.008 0.114 0.049
1610 1610 (0) 18 : 0.002 0.860 0.006 0.127 0.005
1611 1611 (0) 18 : 0.002 0.913 0.005 0.062 0.019
1612 1612 (0) 18 : 0.003 0.777 0.010 0.147 0.063
1613 1613 (0) 18 : 0.006 0.883 0.011 0.086 0.014
1614 1614 (0) 18 : 0.006 0.799 0.007 0.176 0.011
1615 1615 (0) 18 : 0.059 0.803 0.011 0.122 0.004
1616 1616 (0) 18 : 0.006 0.647 0.007 0.322 0.018
1617 1617 (0) 18 : 0.004 0.738 0.007 0.245 0.006
1618 1618 (0) 18 : 0.032 0.799 0.040 0.084 0.045
1619 1619 (0) 18 : 0.003 0.872 0.006 0.093 0.025
1620 1620 (0) 18 : 0.004 0.957 0.003 0.033 0.004
1621 1621 (0) 18 : 0.007 0.919 0.015 0.015 0.045
1622 1622 (0) 18 : 0.004 0.956 0.010 0.018 0.013
1623 1623 (0) 18 : 0.003 0.966 0.003 0.022 0.006
1624 1624 (0) 18 : 0.005 0.852 0.005 0.131 0.007
1625 1625 (0) 18 : 0.004 0.923 0.022 0.023 0.027
1626 1626 (0) 18 : 0.004 0.969 0.004 0.018 0.005
1627 1627 (0) 18 : 0.009 0.972 0.008 0.005 0.006
1628 1628 (0) 18 : 0.002 0.886 0.003 0.104 0.004
1629 1629 (0) 18 : 0.003 0.944 0.015 0.030 0.009
1630 1630 (0) 18 : 0.002 0.883 0.091 0.020 0.004
1631 1631 (0) 18 : 0.006 0.911 0.005 0.072 0.006
1632 1632 (0) 18 : 0.003 0.959 0.004 0.030 0.004
1633 1633 (0) 18 : 0.010 0.938 0.018 0.015 0.020
1634 1634 (0) 18 : 0.004 0.908 0.026 0.046 0.017
1635 1635 (0) 18 : 0.002 0.955 0.014 0.013 0.017
1636 1636 (0) 18 : 0.090 0.857 0.003 0.046 0.005
1637 1637 (0) 18 : 0.004 0.869 0.004 0.120 0.003
1638 1638 (0) 18 : 0.009 0.888 0.005 0.094 0.004
1639 1639 (0) 18 : 0.009 0.812 0.008 0.154 0.017
1640 1640 (0) 18 : 0.003 0.831 0.042 0.121 0.003
1641 1641 (0) 18 : 0.006 0.981 0.004 0.003 0.005
1642 1642 (0) 18 : 0.002 0.945 0.007 0.020 0.026
1643 1643 (0) 18 : 0.003 0.897 0.008 0.087 0.005
1644 1644 (0) 18 : 0.002 0.853 0.005 0.138 0.003
1645 1645 (0) 18 : 0.008 0.967 0.009 0.006 0.010
1646 1646 (0) 18 : 0.028 0.903 0.035 0.019 0.015
1647 1647 (0) 18 : 0.002 0.959 0.003 0.020 0.015
1648 1648 (0) 18 : 0.031 0.827 0.007 0.126 0.010
1649 1649 (0) 18 : 0.026 0.917 0.023 0.006 0.029
1650 1650 (0) 18 : 0.038 0.834 0.026 0.013 0.090
1651 1651 (0) 19 : 0.982 0.003 0.003 0.008 0.004
1652 1652 (0) 19 : 0.986 0.002 0.004 0.004 0.003
1653 1653 (0) 19 : 0.986 0.003 0.003 0.003 0.005
1654 1654 (0) 19 : 0.797 0.008 0.006 0.181 0.008
1655 1655 (0) 19 : 0.828 0.009 0.004 0.151 0.008
1656 1656 (0) 19 : 0.956 0.005 0.007 0.026 0.006
1657 1657 (0) 19 : 0.827 0.009 0.031 0.076 0.057
1658 1658 (0) 19 : 0.957 0.010 0.010 0.014 0.009
1659 1659 (0) 19 : 0.960 0.008 0.006 0.009 0.017
1660 1660 (0) 19 : 0.939 0.006 0.032 0.011 0.012
1661 1661 (0) 19 : 0.759 0.033 0.008 0.090 0.110
1662 1662 (0) 19 : 0.758 0.034 0.017 0.175 0.016
1663 1663 (0) 19 : 0.875 0.004 0.004 0.106 0.010
1664 1664 (0) 19 : 0.982 0.003 0.004 0.007 0.004
1665 1665 (0) 19 : 0.911 0.003 0.005 0.075 0.006
1666 1666 (0) 19 : 0.805 0.007 0.020 0.164 0.004
1667 1667 (0) 19 : 0.856 0.004 0.008 0.082 0.050
1668 1668 (0) 19 : 0.913 0.008 0.006 0.070 0.003
1669 1669 (0) 19 : 0.917 0.003 0.007 0.062 0.010
1670 1670 (0) 19 : 0.947 0.004 0.005 0.039 0.005
1671 1671 (0) 19 : 0.835 0.005 0.012 0.142 0.007
1672 1672 (0) 19 : 0.846 0.008 0.015 0.116 0.014
1673 1673 (0) 19 : 0.873 0.033 0.008 0.080 0.005
1674 1674 (0) 19 : 0.675 0.008 0.006 0.308 0.004
1675 1675 (0) 19 : 0.982 0.005 0.004 0.005 0.004
1676 1676 (0) 19 : 0.815 0.003 0.010 0.167 0.005
1677 1677 (0) 19 : 0.757 0.003 0.003 0.235 0.002
1678 1678 (0) 19 : 0.894 0.027 0.010 0.056 0.013
1679 1679 (0) 19 : 0.961 0.006 0.006 0.023 0.004
1680 1680 (0) 19 : 0.858 0.006 0.025 0.086 0.025
1681 1681 (0) 19 : 0.951 0.008 0.007 0.025 0.008
1682 1682 (0) 19 : 0.766 0.023 0.018 0.187 0.005
1683 1683 (0) 19 : 0.968 0.003 0.005 0.021 0.003
1684 1684 (0) 19 : 0.981 0.003 0.010 0.002 0.004
1685 1685 (0) 19 : 0.712 0.005 0.009 0.265 0.008
1686 1686 (0) 19 : 0.938 0.006 0.018 0.019 0.018
1687 1687 (0) 19 : 0.840 0.005 0.011 0.132 0.012
1688 1688 (0) 19 : 0.978 0.002 0.009 0.006 0.005
1689 1689 (0) 19 : 0.880 0.003 0.004 0.110 0.003
1690 1690 (0) 19 : 0.848 0.003 0.008 0.131 0.010
1691 1691 (0) 19 : 0.818 0.005 0.006 0.165 0.007
1692 1692 (0) 19 : 0.943 0.003 0.006 0.044 0.004
1693 1693 (0) 19 : 0.937 0.004 0.011 0.037 0.011
1694 1694 (0) 19 : 0.976 0.007 0.004 0.009 0.005
1695 1695 (0) 19 : 0.831 0.004 0.003 0.159 0.003
1696 1696 (0) 19 : 0.843 0.005 0.014 0.131 0.007
1697 1697 (0) 19 : 0.904 0.003 0.010 0.073 0.011
1698 1698 (0) 19 : 0.923 0.003 0.008 0.062 0.004
1699 1699 (0) 19 : 0.932 0.003 0.021 0.018 0.026
1700 1700 (0) 19 : 0.626 0.005 0.005 0.360 0.004
1701 1701 (0) 19 : 0.887 0.012 0.004 0.084 0.014
1702 1702 (0) 19 : 0.895 0.004 0.019 0.076 0.006
1703 1703 (0) 19 : 0.912 0.004 0.009 0.055 0.021
1704 1704 (0) 19 : 0.941 0.003 0.004 0.049 0.003
1705 1705 (0) 19 : 0.958 0.003 0.007 0.018 0.013
1706 1706 (0) 19 : 0.827 0.004 0.008 0.155 0.006
1707 1707 (0) 19 : 0.799 0.002 0.003 0.194 0.003
1708 1708 (0) 19 : 0.880 0.002 0.005 0.109 0.003
1709 1709 (0) 19 : 0.955 0.003 0.007 0.031 0.003
1710 1710 (0) 19 : 0.976 0.008 0.006 0.006 0.003
1711 1711 (0) 19 : 0.853 0.004 0.006 0.127 0.009
1712 1712 (0) 19 : 0.775 0.153 0.009 0.057 0.006
1713 1713 (0) 19 : 0.831 0.003 0.006 0.157 0.003
1714 1714 (0) 19 : 0.953 0.002 0.003 0.039 0.003
1715 1715 (0) 19 : 0.948 0.007 0.006 0.035 0.005
1716 1716 (0) 19 : 0.827 0.003 0.005 0.147 0.018
1717 1717 (0) 19 : 0.814 0.003 0.006 0.174 0.003
1718 1718 (0) 19 : 0.901 0.014 0.007 0.050 0.028
1719 1719 (0) 19 : 0.990 0.002 0.003 0.003 0.003
1720 1720 (0) 19 : 0.975 0.007 0.005 0.010 0.003
1721 1721 (0) 19 : 0.987 0.002 0.003 0.004 0.003
1722 1722 (0) 19 : 0.989 0.002 0.003 0.003 0.002
1723 1723 (0) 19 : 0.778 0.004 0.009 0.204 0.005
1724 1724 (0) 19 : 0.974 0.003 0.004 0.014 0.005
1725 1725 (0) 19 : 0.850 0.006 0.021 0.119 0.003
1726 1726 (0) 19 : 0.794 0.004 0.005 0.182 0.015
1727 1727 (0) 19 : 0.852 0.007 0.011 0.118 0.011
1728 1728 (0) 19 : 0.826 0.003 0.005 0.161 0.006
1729 1729 (0) 19 : 0.915 0.022 0.023 0.013 0.027
1730 1730 (0) 19 : 0.919 0.005 0.009 0.058 0.009
1731 1731 (0) 19 : 0.763 0.007 0.009 0.213 0.007
1732 1732 (0) 19 : 0.787 0.003 0.006 0.200 0.003
1733 1733 (0) 19 : 0.931 0.002 0.005 0.059 0.002
1734 1734 (0) 19 : 0.755 0.004 0.005 0.224 0.012
1735 1735 (0) 19 : 0.799 0.012 0.004 0.175 0.009
1736 1736 (0) 19 : 0.871 0.004 0.020 0.100 0.005
1737 1737 (0) 19 : 0.897 0.003 0.009 0.061 0.030
1738 1738 (0) 19 : 0.933 0.020 0.003 0.041 0.003
1739 1739 (0) 19 : 0.949 0.003 0.006 0.027 0.014
1740 1740 (0) 19 : 0.987 0.002 0.004 0.004 0.003
1741 1741 (0) 19 : 0.809 0.003 0.014 0.164 0.010
1742 1742 (0) 19 : 0.779 0.009 0.031 0.174 0.007
1743 1743 (0) 19 : 0.948 0.003 0.003 0.043 0.003
1744 1744 (0) 19 : 0.794 0.002 0.007 0.193 0.004
1745 1745 (0) 19 : 0.866 0.003 0.016 0.108 0.006
1746 1746 (0) 19 : 0.812 0.007 0.004 0.056 0.122
1747 1747 (0) 19 : 0.962 0.007 0.007 0.015 0.009
1748 1748 (0) 19 : 0.751 0.006 0.005 0.234 0.004
1749 1749 (0) 19 : 0.875 0.010 0.005 0.025 0.085
1750 1750 (0) 19 : 0.957 0.003 0.007 0.023 0.011
1751 1751 (0) 20 : 0.005 0.006 0.831 0.141 0.017
1752 1752 (0) 20 : 0.009 0.003 0.978 0.005 0.005
1753 1753 (0) 20 : 0.007 0.029 0.662 0.287 0.014
1754 1754 (0) 20 : 0.029 0.015 0.917 0.035 0.004
1755 1755 (0) 20 : 0.004 0.003 0.986 0.003 0.004
1756 1756 (0) 20 : 0.013 0.005 0.963 0.012 0.007
1757 1757 (0) 20 : 0.012 0.005 0.968 0.004 0.010
1758 1758 (0) 20 : 0.007 0.030 0.886 0.069 0.007
1759 1759 (0) 20 : 0.003 0.015 0.792 0.185 0.006
1760 1760 (0) 20 : 0.008 0.025 0.930 0.018 0.019
1761 1761 (0) 20 : 0.010 0.007 0.958 0.019 0.006
1762 1762 (0) 20 : 0.019 0.007 0.952 0.015 0.007
1763 1763 (0) 20 : 0.008 0.007 0.968 0.007 0.010
1764 1764 (0) 20 : 0.008 0.005 0.970 0.012 0.005
1765 1765 (0) 20 : 0.006 0.004 0.982 0.004 0.004
1766 1766 (0) 20 : 0.007 0.019 0.931 0.036 0.007
1767 1767 (0) 20 : 0.014 0.023 0.905 0.028 0.030
1768 1768 (0) 20 : 0.006 0.018 0.963 0.003 0.010
1769 1769 (0) 20 : 0.006 0.021 0.941 0.014 0.018
1770 1770 (0) 20 : 0.008 0.018 0.826 0.142 0.006
1771 1771 (0) 20 : 0.005 0.004 0.952 0.032 0.008
1772 1772 (0) 20 : 0.003 0.012 0.956 0.015 0.014
1773 1773 (0) 20 : 0.008 0.008 0.973 0.006 0.004
1774 1774 (0) 20 : 0.019 0.004 0.955 0.013 0.009
1775 1775 (0) 20 : 0.045 0.004 0.932 0.015 0.005
1776 1776 (0) 20 : 0.042 0.010 0.775 0.167 0.007
1777 1777 (0) 20 : 0.003 0.004 0.985 0.004 0.004
1778 1778 (0) 20 : 0.012 0.012 0.944 0.019 0.012
1779 1779 (0) 20 : 0.005 0.004 0.980 0.005 0.006
1780 1780 (0) 20 : 0.014 0.020 0.948 0.009 0.008
1781 1781 (0) 20 : 0.035 0.003 0.940 0.017 0.005
1782 1782 (0) 20 : 0.004 0.034 0.872 0.055 0.034
1783 1783 (0) 20 : 0.009 0.005 0.974 0.006 0.005
1784 1784 (0) 20 : 0.018 0.006 0.894 0.072 0.010
1785 1785 (0) 20 : 0.266 0.003 0.682 0.042 0.007
1786 1786 (0) 20 : 0.020 0.032 0.919 0.017 0.013
1787 1787 (0) 20 : 0.004 0.003 0.978 0.008 0.005
1788 1788 (0) 20 : 0.017 0.031 0.887 0.008 0.057
1789 1789 (0) 20 : 0.007 0.010 0.963 0.007 0.013
1790 1790 (0) 20 : 0.006 0.051 0.934 0.004 0.006
1791 1791 (0) 20 : 0.005 0.020 0.961 0.008 0.007
1792 1792 (0) 20 : 0.006 0.003 0.976 0.005 0.010
1793 1793 (0) 20 : 0.006 0.004 0.978 0.007 0.006
1794 1794 (0) 20 : 0.007 0.004 0.978 0.005 0.006
1795 1795 (0) 20 : 0.013 0.003 0.960 0.011 0.014
1796 1796 (0) 20 : 0.012 0.005 0.632 0.346 0.005
1797 1797 (0) 20 : 0.018 0.020 0.808 0.086 0.068
1798 1798 (0) 20 : 0.023 0.006 0.769 0.195 0.008
1799 1799 (0) 20 : 0.007 0.010 0.802 0.163 0.019
1800 1800 (0) 20 : 0.004 0.011 0.974 0.004 0.007
1801 1801 (0) 20 : 0.008 0.006 0.975 0.007 0.005
1802 1802 (0) 20 : 0.012 0.003 0.960 0.020 0.006
1803 1803 (0) 20 : 0.013 0.006 0.958 0.017 0.005
1804 1804 (0) 20 : 0.003 0.008 0.954 0.016 0.019
1805 1805 (0) 20 : 0.006 0.006 0.977 0.006 0.006
1806 1806 (0) 20 : 0.010 0.008 0.951 0.020 0.011
1807 1807 (0) 20 : 0.008 0.016 0.963 0.004 0.009
1808 1808 (0) 20 : 0.031 0.006 0.943 0.015 0.005
1809 1809 (0) 20 : 0.030 0.004 0.798 0.154 0.014
1810 1810 (0) 20 : 0.004 0.043 0.941 0.005 0.007
1811 1811 (0) 20 : 0.005 0.018 0.939 0.025 0.013
1812 1812 (0) 20 : 0.009 0.006 0.949 0.027 0.009
1813 1813 (0) 20 : 0.013 0.004 0.946 0.031 0.005
1814 1814 (0) 20 : 0.016 0.017 0.952 0.010 0.005
1815 1815 (0) 20 : 0.006 0.016 0.928 0.046 0.005
1816 1816 (0) 20 : 0.039 0.005 0.919 0.013 0.024
1817 1817 (0) 20 : 0.005 0.004 0.915 0.073 0.003
1818 1818 (0) 20 : 0.020 0.006 0.962 0.007 0.006
1819 1819 (0) 20 : 0.006 0.007 0.976 0.006 0.005
1820 1820 (0) 20 : 0.033 0.011 0.848 0.098 0.010
1821 1821 (0) 20 : 0.008 0.005 0.970 0.011 0.006
1822 1822 (0) 20 : 0.036 0.009 0.897 0.047 0.010
1823 1823 (0) 20 : 0.004 0.003 0.985 0.005 0.003
1824 1824 (0) 20 : 0.007 0.009 0.869 0.108 0.007
1825 1825 (0) 20 : 0.009 0.008 0.787 0.014 0.182
1826 1826 (0) 20 : 0.044 0.003 0.941 0.006 0.005
1827 1827 (0) 20 : 0.007 0.003 0.966 0.017 0.007
1828 1828 (0) 20 : 0.081 0.008 0.797 0.105 0.009
1829 1829 (0) 20 : 0.006 0.008 0.957 0.024 0.005
1830 1830 (0) 20 : 0.005 0.008 0.979 0.003 0.006
1831 1831 (0) 20 : 0.008 0.005 0.835 0.145 0.008
1832 1832 (0) 20 : 0.003 0.007 0.976 0.007 0.008
1833 1833 (0) 20 : 0.012 0.012 0.965 0.006 0.004
1834 1834 (0) 20 : 0.005 0.139 0.628 0.223 0.005
1835 1835 (0) 20 : 0.011 0.003 0.960 0.017 0.008
1836 1836 (0) 20 : 0.004 0.006 0.959 0.008 0.023
1837 1837 (0) 20 : 0.004 0.005 0.904 0.083 0.004
1838 1838 (0) 20 : 0.006 0.004 0.944 0.027 0.019
1839 1839 (0) 20 : 0.006 0.008 0.915 0.066 0.006
1840 1840 (0) 20 : 0.009 0.008 0.973 0.006 0.004
1841 1841 (0) 20 : 0.027 0.007 0.953 0.005 0.008
1842 1842 (0) 20 : 0.004 0.005 0.885 0.101 0.006
1843 1843 (0) 20 : 0.012 0.013 0.952 0.006 0.018
1844 1844 (0) 20 : 0.011 0.004 0.897 0.026 0.062
1845 1845 (0) 20 : 0.013 0.005 0.964 0.011 0.007
1846 1846 (0) 20 : 0.005 0.005 0.969 0.013 0.008
1847 1847 (0) 20 : 0.009 0.004 0.968 0.013 0.007
1848 1848 (0) 20 : 0.010 0.009 0.926 0.046 0.009
1849 1849 (0) 20 : 0.016 0.013 0.913 0.051 0.007
1850 1850 (0) 20 : 0.005 0.005 0.970 0.007 0.014
1851 1851 (10) 21 : 0.004 0.004 0.024 0.003 0.966
1852 1852 (0) 21 : 0.036 0.004 0.217 0.006 0.737
1853 1853 (0) 21 : 0.004 0.017 0.004 0.013 0.962
1854 1854 (0) 21 : 0.004 0.005 0.005 0.003 0.982
1855 1855 (0) 21 : 0.097 0.004 0.192 0.005 0.701
1856 1856 (5) 21 : 0.074 0.004 0.398 0.004 0.520
1857 1857 (0) 21 : 0.003 0.004 0.018 0.003 0.972
1858 1858 (0) 21 : 0.005 0.002 0.007 0.004 0.981
1859 1859 (0) 21 : 0.007 0.128 0.010 0.003 0.852
1860 1860 (0) 21 : 0.058 0.003 0.065 0.030 0.844
1861 1861 (0) 21 : 0.005 0.492 0.014 0.003 0.487
1862 1862 (0) 21 : 0.003 0.006 0.005 0.003 0.983
1863 1863 (0) 21 : 0.003 0.010 0.039 0.003 0.945
1864 1864 (0) 21 : 0.010 0.003 0.017 0.004 0.965
1865 1865 (5) 21 : 0.002 0.009 0.004 0.003 0.981
1866 1866 (0) 21 : 0.004 0.004 0.010 0.005 0.976
1867 1867 (0) 21 : 0.007 0.011 0.008 0.007 0.966
1868 1868 (0) 21 : 0.004 0.006 0.005 0.003 0.982
1869 1869 (0) 21 : 0.007 0.004 0.029 0.004 0.956
1870 1870 (0) 21 : 0.003 0.003 0.003 0.002 0.990
1871 1871 (0) 21 : 0.004 0.003 0.010 0.003 0.979
1872 1872 (5) 21 : 0.008 0.008 0.009 0.005 0.971
1873 1873 (5) 21 : 0.004 0.062 0.008 0.004 0.922
1874 1874 (5) 21 : 0.022 0.006 0.015 0.006 0.951
1875 1875 (0) 21 : 0.013 0.002 0.015 0.008 0.961
1876 1876 (0) 21 : 0.004 0.003 0.018 0.003 0.972
1877 1877 (0) 21 : 0.004 0.012 0.029 0.003 0.952
1878 1878 (0) 21 : 0.030 0.003 0.006 0.008 0.954
1879 1879 (0) 21 : 0.004 0.004 0.008 0.003 0.982
1880 1880 (0) 21 : 0.005 0.007 0.006 0.007 0.975
1881 1881 (0) 21 : 0.006 0.019 0.006 0.006 0.962
1882 1882 (0) 21 : 0.003 0.013 0.005 0.003 0.976
1883 1883 (0) 21 : 0.005 0.004 0.010 0.003 0.978
1884 1884 (0) 21 : 0.008 0.006 0.006 0.003 0.976
1885 1885 (0) 21 : 0.016 0.004 0.226 0.005 0.748
1886 1886 (0) 21 : 0.005 0.014 0.004 0.004 0.973
1887 1887 (5) 21 : 0.006 0.010 0.049 0.005 0.929
1888 1888 (0) 21 : 0.003 0.007 0.007 0.006 0.978
1889 1889 (0) 21 : 0.004 0.007 0.016 0.003 0.970
1890 1890 (0) 21 : 0.003 0.005 0.005 0.004 0.982
1891 1891 (0) 21 : 0.005 0.006 0.009 0.004 0.976
1892 1892 (0) 21 : 0.004 0.005 0.004 0.004 0.984
1893 1893 (5) 21 : 0.003 0.007 0.005 0.003 0.982
1894 1894 (5) 21 : 0.012 0.008 0.009 0.005 0.966
1895 1895 (5) 21 : 0.009 0.013 0.011 0.004 0.965
1896 1896 (5) 21 : 0.004 0.012 0.008 0.005 0.971
1897 1897 (5) 21 : 0.004 0.010 0.005 0.006 0.976
1898 1898 (5) 21 : 0.004 0.008 0.005 0.007 0.976
1899 1899 (0) 21 : 0.008 0.005 0.060 0.007 0.920
1900 1900 (5) 21 : 0.003 0.008 0.007 0.003 0.979
1901 1901 (0) 21 : 0.005 0.018 0.915 0.004 0.058
1902 1902 (0) 21 : 0.081 0.041 0.137 0.011 0.730
1903 1903 (0) 21 : 0.003 0.012 0.018 0.003 0.965
1904 1904 (0) 21 : 0.003 0.003 0.005 0.002 0.986
1905 1905 (0) 21 : 0.038 0.007 0.015 0.004 0.936
1906 1906 (0) 21 : 0.004 0.008 0.009 0.003 0.976
1907 1907 (0) 21 : 0.004 0.008 0.005 0.003 0.980
1908 1908 (0) 21 : 0.009 0.004 0.011 0.005 0.972
1909 1909 (0) 21 : 0.006 0.040 0.012 0.003 0.939
1910 1910 (0) 21 : 0.004 0.005 0.010 0.004 0.978
1911 1911 (0) 21 : 0.024 0.003 0.277 0.004 0.693
1912 1912 (0) 21 : 0.986 0.003 0.004 0.003 0.003
1913 1913 (0) 21 : 0.004 0.007 0.006 0.002 0.982
1914 1914 (0) 21 : 0.004 0.005 0.011 0.003 0.977
1915 1915 (0) 21 : 0.003 0.006 0.019 0.003 0.969
1916 1916 (0) 21 : 0.036 0.004 0.115 0.005 0.840
1917 1917 (0) 21 : 0.008 0.002 0.008 0.003 0.978
1918 1918 (0) 21 : 0.088 0.145 0.020 0.005 0.741
1919 1919 (0) 21 : 0.011 0.036 0.052 0.005 0.896
1920 1920 (0) 21 : 0.006 0.008 0.098 0.004 0.883
1921 1921 (0) 21 : 0.005 0.003 0.005 0.003 0.984
1922 1922 (0) 21 : 0.004 0.004 0.004 0.002 0.986
1923 1923 (0) 21 : 0.005 0.006 0.015 0.005 0.968
1924 1924 (0) 21 : 0.013 0.004 0.018 0.005 0.960
1925 1925 (0) 21 : 0.005 0.005 0.013 0.004 0.973
1926 1926 (0) 21 : 0.006 0.004 0.040 0.003 0.947
1927 1927 (0) 21 : 0.008 0.004 0.015 0.003 0.970
1928 1928 (0) 21 : 0.003 0.015 0.008 0.004 0.971
1929 1929 (0) 21 : 0.011 0.012 0.007 0.006 0.964
1930 1930 (0) 21 : 0.006 0.005 0.107 0.004 0.877
1931 1931 (0) 21 : 0.004 0.771 0.004 0.002 0.219
1932 1932 (0) 21 : 0.005 0.005 0.011 0.004 0.976
1933 1933 (0) 21 : 0.006 0.005 0.011 0.004 0.974
1934 1934 (0) 21 : 0.005 0.007 0.009 0.004 0.976
1935 1935 (0) 21 : 0.008 0.005 0.007 0.002 0.978
1936 1936 (0) 21 : 0.014 0.005 0.014 0.007 0.960
1937 1937 (0) 21 : 0.013 0.003 0.008 0.003 0.974
1938 1938 (0) 21 : 0.003 0.014 0.024 0.003 0.956
1939 1939 (0) 21 : 0.005 0.008 0.008 0.003 0.976
1940 1940 (0) 21 : 0.008 0.006 0.005 0.002 0.979
1941 1941 (0) 21 : 0.003 0.010 0.031 0.003 0.952
1942 1942 (0) 21 : 0.013 0.004 0.009 0.009 0.965
1943 1943 (10) 21 : 0.004 0.625 0.014 0.004 0.353
1944 1944 (0) 21 : 0.005 0.008 0.005 0.003 0.979
1945 1945 (0) 21 : 0.003 0.005 0.009 0.003 0.980
1946 1946 (0) 21 : 0.014 0.038 0.087 0.006 0.855
1947 1947 (0) 21 : 0.009 0.042 0.007 0.005 0.937
1948 1948 (0) 21 : 0.013 0.005 0.115 0.009 0.858
1949 1949 (0) 21 : 0.008 0.004 0.006 0.003 0.979
1950 1950 (0) 21 : 0.015 0.010 0.014 0.004 0.957
1951 1951 (0) 21 : 0.003 0.003 0.003 0.002 0.990
1952 1952 (0) 21 : 0.002 0.005 0.004 0.002 0.986
1953 1953 (0) 21 : 0.005 0.011 0.007 0.004 0.973
1954 1954 (0) 21 : 0.003 0.004 0.004 0.002 0.986
1955 1955 (0) 21 : 0.002 0.007 0.005 0.002 0.984
1956 1956 (0) 22 : 0.004 0.007 0.010 0.013 0.967
1957 1957 (10) 22 : 0.003 0.015 0.005 0.007 0.969
1958 1958 (10) 22 : 0.046 0.010 0.019 0.005 0.920
1959 1959 (5) 22 : 0.003 0.005 0.005 0.003 0.984
1960 1960 (5) 22 : 0.004 0.012 0.004 0.003 0.976
1961 1961 (0) 22 : 0.008 0.010 0.007 0.002 0.973
1962 1962 (5) 22 : 0.009 0.018 0.004 0.003 0.966
1963 1963 (5) 22 : 0.003 0.024 0.006 0.004 0.963
1964 1964 (0) 22 : 0.003 0.005 0.003 0.002 0.987
1965 1965 (0) 22 : 0.003 0.006 0.005 0.002 0.984
1966 1966 (0) 22 : 0.003 0.006 0.005 0.002 0.984
1967 1967 (0) 22 : 0.011 0.004 0.051 0.003 0.931
1968 1968 (0) 22 : 0.010 0.005 0.006 0.003 0.976
1969 1969 (5) 22 : 0.003 0.005 0.007 0.002 0.982
1970 1970 (5) 22 : 0.011 0.005 0.005 0.010 0.968
1971 1971 (10) 22 : 0.004 0.006 0.010 0.005 0.975
1972 1972 (0) 22 : 0.006 0.006 0.007 0.003 0.979
1973 1973 (5) 22 : 0.017 0.038 0.028 0.010 0.906
1974 1974 (5) 22 : 0.011 0.003 0.008 0.004 0.974
1975 1975 (0) 22 : 0.010 0.004 0.007 0.002 0.977
1976 1976 (5) 22 : 0.004 0.013 0.014 0.003 0.966
1977 1977 (0) 22 : 0.019 0.003 0.017 0.013 0.948
1978 1978 (5) 22 : 0.007 0.007 0.003 0.002 0.981
1979 1979 (0) 22 : 0.003 0.014 0.004 0.003 0.977
1980 1980 (0) 22 : 0.005 0.026 0.004 0.004 0.962
1981 1981 (0) 22 : 0.013 0.007 0.005 0.006 0.969
1982 1982 (0) 22 : 0.003 0.018 0.011 0.003 0.965
1983 1983 (0) 22 : 0.003 0.015 0.024 0.003 0.954
1984 1984 (0) 22 : 0.003 0.038 0.010 0.005 0.944
1985 1985 (0) 22 : 0.009 0.018 0.004 0.008 0.961
1986 1986 (0) 22 : 0.007 0.005 0.005 0.006 0.977
1987 1987 (0) 22 : 0.004 0.077 0.030 0.008 0.881
1988 1988 (0) 22 : 0.003 0.008 0.005 0.003 0.981
1989 1989 (0) 22 : 0.005 0.004 0.007 0.005 0.978
1990 1990 (0) 22 : 0.006 0.006 0.011 0.007 0.970
1991 1991 (0) 22 : 0.004 0.004 0.004 0.002 0.985
1992 1992 (0) 22 : 0.004 0.003 0.006 0.006 0.982
1993 1993 (0) 22 : 0.003 0.004 0.005 0.003 0.986
1994 1994 (5) 22 : 0.006 0.007 0.007 0.004 0.976
1995 1995 (5) 22 : 0.008 0.016 0.006 0.004 0.966
1996 1996 (0) 22 : 0.010 0.003 0.006 0.004 0.978
1997 1997 (15) 22 : 0.012 0.007 0.009 0.006 0.966
1998 1998 (10) 22 : 0.003 0.011 0.004 0.002 0.980
1999 1999 (10) 22 : 0.005 0.005 0.008 0.003 0.979
2000 2000 (10) 22 : 0.005 0.007 0.024 0.005 0.960
2001 2001 (5) 22 : 0.015 0.008 0.022 0.004 0.951
2002 2002 (5) 22 : 0.004 0.008 0.013 0.003 0.972
2003 2003 (5) 22 : 0.009 0.003 0.007 0.003 0.979
2004 2004 (5) 22 : 0.006 0.009 0.007 0.003 0.975
2005 2005 (5) 22 : 0.018 0.013 0.045 0.005 0.919
2006 2006 (5) 22 : 0.005 0.003 0.009 0.003 0.980
2007 2007 (15) 22 : 0.007 0.010 0.022 0.009 0.953
2008 2008 (5) 22 : 0.002 0.006 0.006 0.006 0.979
2009 2009 (5) 22 : 0.003 0.005 0.006 0.002 0.984
2010 2010 (15) 22 : 0.006 0.009 0.012 0.004 0.970
2011 2011 (5) 22 : 0.010 0.014 0.041 0.017 0.918
2012 2012 (5) 22 : 0.016 0.013 0.196 0.022 0.752
2013 2013 (5) 22 : 0.006 0.005 0.011 0.004 0.975
2014 2014 (5) 22 : 0.004 0.015 0.005 0.003 0.973
2015 2015 (10) 22 : 0.006 0.006 0.006 0.004 0.978
2016 2016 (5) 22 : 0.004 0.061 0.006 0.003 0.926
2017 2017 (5) 22 : 0.007 0.003 0.009 0.004 0.978
2018 2018 (10) 22 : 0.006 0.031 0.014 0.004 0.946
2019 2019 (10) 22 : 0.006 0.004 0.009 0.004 0.977
2020 2020 (10) 22 : 0.005 0.005 0.011 0.008 0.972
2021 2021 (10) 22 : 0.010 0.016 0.023 0.023 0.928
2022 2022 (5) 22 : 0.004 0.007 0.017 0.003 0.969
2023 2023 (10) 22 : 0.131 0.010 0.021 0.004 0.833
2024 2024 (0) 22 : 0.005 0.017 0.005 0.002 0.971
2025 2025 (5) 22 : 0.004 0.015 0.004 0.003 0.974
2026 2026 (0) 22 : 0.002 0.005 0.006 0.002 0.985
2027 2027 (0) 22 : 0.002 0.003 0.003 0.002 0.990
2028 2028 (0) 22 : 0.003 0.005 0.005 0.003 0.983
2029 2029 (0) 22 : 0.004 0.006 0.004 0.008 0.978
2030 2030 (0) 22 : 0.031 0.004 0.017 0.003 0.946
2031 2031 (0) 22 : 0.003 0.016 0.004 0.007 0.970
2032 2032 (0) 22 : 0.006 0.048 0.010 0.005 0.931
2033 2033 (10) 22 : 0.004 0.005 0.004 0.004 0.983
2034 2034 (10) 22 : 0.014 0.008 0.650 0.056 0.272
2035 2035 (0) 22 : 0.004 0.006 0.009 0.012 0.969
2036 2036 (5) 22 : 0.014 0.015 0.224 0.057 0.690
2037 2037 (0) 22 : 0.010 0.013 0.027 0.004 0.946
2038 2038 (5) 22 : 0.006 0.007 0.020 0.016 0.951
2039 2039 (5) 22 : 0.012 0.010 0.008 0.003 0.967
2040 2040 (5) 22 : 0.007 0.013 0.005 0.004 0.971
2041 2041 (10) 22 : 0.003 0.007 0.006 0.002 0.983
2042 2042 (0) 22 : 0.003 0.003 0.005 0.003 0.986
2043 2043 (0) 22 : 0.004 0.005 0.006 0.003 0.982
2044 2044 (0) 22 : 0.043 0.006 0.052 0.039 0.862
2045 2045 (0) 22 : 0.006 0.003 0.004 0.003 0.983
2046 2046 (0) 22 : 0.011 0.007 0.014 0.005 0.963
2047 2047 (0) 22 : 0.004 0.004 0.005 0.003 0.985
2048 2048 (0) 22 : 0.004 0.029 0.020 0.003 0.944
2049 2049 (0) 22 : 0.007 0.014 0.021 0.005 0.953
2050 2050 (0) 22 : 0.004 0.020 0.006 0.003 0.967
2051 2051 (0) 22 : 0.007 0.004 0.011 0.004 0.974
2052 2052 (0) 22 : 0.009 0.004 0.008 0.004 0.976
2053 2053 (0) 22 : 0.015 0.033 0.129 0.016 0.807
2054 2054 (0) 22 : 0.012 0.012 0.478 0.008 0.491
2055 2055 (0) 22 : 0.034 0.009 0.467 0.009 0.481
2056 2056 (0) 22 : 0.007 0.019 0.114 0.003 0.856
2057 2057 (0) 22 : 0.004 0.009 0.012 0.007 0.968
2058 2058 (0) 22 : 0.003 0.006 0.004 0.003 0.984
2059 2059 (5) 22 : 0.007 0.007 0.010 0.005 0.971
2060 2060 (0) 22 : 0.009 0.012 0.041 0.004 0.934
2061 2061 (5) 22 : 0.016 0.005 0.026 0.287 0.666
2062 2062 (0) 22 : 0.005 0.004 0.022 0.003 0.966
2063 2063 (0) 22 : 0.048 0.188 0.077 0.027 0.660
2064 2064 (0) 22 : 0.019 0.006 0.006 0.005 0.964
2065 2065 (0) 22 : 0.019 0.010 0.067 0.006 0.897
2066 2066 (0) 22 : 0.003 0.006 0.006 0.003 0.982
2067 2067 (0) 22 : 0.007 0.009 0.005 0.003 0.977
2068 2068 (0) 22 : 0.003 0.016 0.047 0.010 0.924
2069 2069 (0) 22 : 0.002 0.003 0.005 0.002 0.987
2070 2070 (0) 22 : 0.006 0.004 0.007 0.004 0.979
2071 2071 (0) 22 : 0.004 0.004 0.003 0.003 0.987
2072 2072 (0) 22 : 0.008 0.158 0.488 0.010 0.336
2073 2073 (0) 22 : 0.005 0.004 0.005 0.002 0.983
2074 2074 (0) 22 : 0.004 0.003 0.006 0.005 0.982
2075 2075 (5) 22 : 0.005 0.006 0.010 0.003 0.976
2076 2076 (0) 22 : 0.005 0.012 0.007 0.007 0.969
2077 2077 (0) 22 : 0.023 0.008 0.018 0.004 0.947
2078 2078 (0) 22 : 0.004 0.004 0.004 0.005 0.982
2079 2079 (10) 22 : 0.003 0.008 0.011 0.003 0.975
2080 2080 (0) 22 : 0.002 0.004 0.005 0.003 0.986
2081 2081 (0) 22 : 0.002 0.005 0.004 0.003 0.987
2082 2082 (0) 22 : 0.003 0.007 0.004 0.003 0.983
2083 2083 (10) 22 : 0.012 0.013 0.028 0.005 0.942
2084 2084 (5) 22 : 0.008 0.005 0.076 0.003 0.908
2085 2085 (0) 22 : 0.004 0.006 0.008 0.003 0.978
2086 2086 (5) 22 : 0.003 0.004 0.004 0.003 0.985
2087 2087 (5) 22 : 0.002 0.004 0.005 0.002 0.987
2088 2088 (10) 22 : 0.008 0.004 0.015 0.004 0.969
2089 2089 (0) 22 : 0.003 0.007 0.005 0.003 0.982
2090 2090 (5) 22 : 0.016 0.005 0.010 0.006 0.963
2091 2091 (10) 22 : 0.004 0.011 0.009 0.003 0.974
2092 2092 (0) 22 : 0.018 0.003 0.019 0.008 0.952
2093 2093 (0) 22 : 0.004 0.009 0.015 0.015 0.956
2094 2094 (0) 22 : 0.006 0.004 0.088 0.003 0.899
2095 2095 (0) 22 : 0.042 0.008 0.026 0.004 0.920
2096 2096 (0) 22 : 0.003 0.007 0.008 0.003 0.981
2097 2097 (0) 22 : 0.003 0.004 0.006 0.005 0.982
2098 2098 (0) 22 : 0.005 0.008 0.004 0.002 0.982
2099 2099 (0) 22 : 0.005 0.008 0.004 0.003 0.980
2100 2100 (0) 22 : 0.003 0.009 0.005 0.002 0.981
2101 2101 (5) 22 : 0.019 0.004 0.027 0.006 0.944
2102 2102 (0) 22 : 0.003 0.005 0.004 0.002 0.986
2103 2103 (0) 22 : 0.013 0.058 0.005 0.003 0.921
2104 2104 (0) 22 : 0.009 0.003 0.005 0.003 0.980
2105 2105 (5) 22 : 0.005 0.015 0.011 0.006 0.962
2106 2106 (0) 22 : 0.003 0.006 0.007 0.004 0.981
2107 2107 (0) 22 : 0.010 0.011 0.054 0.007 0.917
2108 2108 (0) 22 : 0.005 0.006 0.006 0.003 0.980
2109 2109 (0) 22 : 0.008 0.013 0.016 0.003 0.961
2110 2110 (0) 22 : 0.006 0.004 0.003 0.003 0.983
2111 2111 (0) 22 : 0.008 0.028 0.006 0.005 0.953
2112 2112 (0) 22 : 0.003 0.004 0.010 0.007 0.976
2113 2113 (0) 22 : 0.004 0.004 0.003 0.003 0.986
2114 2114 (0) 22 : 0.006 0.010 0.007 0.003 0.974
2115 2115 (0) 22 : 0.009 0.005 0.009 0.007 0.970
2116 2116 (0) 22 : 0.004 0.104 0.016 0.003 0.872
2117 2117 (0) 22 : 0.002 0.006 0.005 0.002 0.984
2118 2118 (0) 22 : 0.004 0.004 0.006 0.003 0.983
2119 2119 (0) 22 : 0.004 0.004 0.005 0.002 0.984
2120 2120 (0) 22 : 0.003 0.004 0.004 0.002 0.987
2121 2121 (0) 22 : 0.003 0.005 0.005 0.002 0.985
2122 2122 (0) 22 : 0.006 0.004 0.006 0.003 0.981
2123 2123 (0) 22 : 0.007 0.006 0.006 0.006 0.975
2124 2124 (0) 22 : 0.004 0.005 0.005 0.004 0.982
2125 2125 (0) 22 : 0.003 0.003 0.004 0.003 0.988
2126 2126 (10) 22 : 0.004 0.009 0.020 0.006 0.961
2127 2127 (5) 22 : 0.188 0.014 0.022 0.003 0.773
2128 2128 (10) 22 : 0.006 0.006 0.006 0.004 0.978
2129 2129 (5) 22 : 0.046 0.023 0.022 0.065 0.844
2130 2130 (10) 22 : 0.005 0.011 0.006 0.003 0.976
2131 2131 (10) 22 : 0.018 0.051 0.011 0.004 0.916
2132 2132 (0) 22 : 0.013 0.014 0.008 0.005 0.960
2133 2133 (5) 22 : 0.006 0.009 0.013 0.007 0.965
2134 2134 (5) 22 : 0.017 0.006 0.032 0.021 0.924
2135 2135 (10) 22 : 0.013 0.016 0.006 0.005 0.961
2136 2136 (0) 22 : 0.003 0.010 0.006 0.003 0.977
2137 2137 (0) 22 : 0.003 0.005 0.005 0.004 0.983
2138 2138 (0) 22 : 0.003 0.004 0.005 0.003 0.985
2139 2139 (0) 22 : 0.003 0.004 0.005 0.004 0.985
2140 2140 (0) 22 : 0.004 0.097 0.010 0.020 0.870
2141 2141 (0) 22 : 0.004 0.003 0.369 0.009 0.615
2142 2142 (0) 22 : 0.004 0.006 0.006 0.040 0.943
2143 2143 (0) 22 : 0.005 0.003 0.012 0.003 0.978
2144 2144 (0) 22 : 0.005 0.003 0.012 0.002 0.978
2145 2145 (5) 22 : 0.030 0.008 0.488 0.015 0.459
2146 2146 (0) 22 : 0.056 0.014 0.565 0.010 0.354
2147 2147 (0) 22 : 0.013 0.007 0.008 0.003 0.969
2148 2148 (10) 22 : 0.005 0.018 0.080 0.011 0.886
2149 2149 (5) 22 : 0.006 0.010 0.004 0.004 0.976
2150 2150 (0) 22 : 0.004 0.004 0.005 0.002 0.985
2151 2151 (5) 22 : 0.006 0.013 0.925 0.011 0.045
2152 2152 (5) 22 : 0.005 0.011 0.009 0.004 0.971
2153 2153 (0) 22 : 0.003 0.010 0.007 0.003 0.977
2154 2154 (0) 22 : 0.005 0.006 0.004 0.015 0.969
2155 2155 (0) 22 : 0.006 0.006 0.010 0.004 0.973
2156 2156 (0) 22 : 0.015 0.005 0.433 0.009 0.539
2157 2157 (0) 22 : 0.003 0.018 0.017 0.003 0.960
2158 2158 (0) 22 : 0.004 0.010 0.011 0.007 0.969
2159 2159 (0) 22 : 0.006 0.005 0.005 0.003 0.981
2160 2160 (0) 22 : 0.004 0.004 0.006 0.002 0.984
2161 2161 (0) 22 : 0.004 0.004 0.008 0.002 0.982
2162 2162 (0) 22 : 0.005 0.005 0.008 0.003 0.978
2163 2163 (0) 22 : 0.010 0.009 0.004 0.007 0.970
2164 2164 (0) 22 : 0.016 0.006 0.010 0.003 0.965
2165 2165 (0) 22 : 0.020 0.003 0.013 0.003 0.960
2166 2166 (0) 22 : 0.010 0.003 0.011 0.003 0.973
2167 2167 (0) 22 : 0.004 0.023 0.005 0.003 0.965
2168 2168 (0) 22 : 0.010 0.010 0.008 0.005 0.968
2169 2169 (0) 22 : 0.004 0.023 0.005 0.003 0.965
2170 2170 (0) 22 : 0.004 0.004 0.005 0.003 0.984
2171 2171 (0) 22 : 0.005 0.004 0.004 0.003 0.985
2172 2172 (0) 22 : 0.003 0.005 0.007 0.003 0.982
2173 2173 (0) 22 : 0.002 0.004 0.006 0.002 0.986
2174 2174 (0) 22 : 0.003 0.056 0.039 0.003 0.899
2175 2175 (0) 22 : 0.003 0.017 0.009 0.002 0.968
2176 2176 (0) 22 : 0.004 0.031 0.004 0.009 0.952
2177 2177 (0) 22 : 0.004 0.006 0.007 0.008 0.975
2178 2178 (0) 22 : 0.003 0.005 0.005 0.002 0.985
2179 2179 (0) 22 : 0.032 0.010 0.020 0.010 0.928
2180 2180 (0) 22 : 0.003 0.009 0.004 0.003 0.981
2181 2181 (0) 22 : 0.009 0.007 0.008 0.003 0.973
2182 2182 (0) 22 : 0.004 0.006 0.015 0.003 0.972
2183 2183 (0) 22 : 0.005 0.006 0.008 0.004 0.977
2184 2184 (0) 22 : 0.004 0.009 0.010 0.008 0.969
2185 2185 (0) 22 : 0.006 0.004 0.006 0.003 0.982
2186 2186 (0) 22 : 0.005 0.008 0.010 0.005 0.972
2187 2187 (0) 22 : 0.002 0.006 0.004 0.003 0.984
2188 2188 (0) 22 : 0.005 0.069 0.013 0.007 0.905
2189 2189 (0) 22 : 0.003 0.003 0.004 0.003 0.987
2190 2190 (0) 22 : 0.003 0.004 0.004 0.003 0.985
2191 2191 (0) 22 : 0.004 0.006 0.023 0.003 0.963
2192 2192 (0) 22 : 0.005 0.004 0.007 0.003 0.981
2193 2193 (0) 22 : 0.003 0.005 0.008 0.003 0.981
2194 2194 (0) 22 : 0.004 0.005 0.026 0.003 0.963
2195 2195 (0) 22 : 0.004 0.004 0.006 0.002 0.984
2196 2196 (5) 23 : 0.026 0.005 0.032 0.025 0.912
2197 2197 (0) 23 : 0.014 0.007 0.502 0.004 0.473
2198 2198 (0) 23 : 0.014 0.013 0.483 0.005 0.486
2199 2199 (0) 23 : 0.006 0.012 0.724 0.007 0.251
2200 2200 (0) 23 : 0.009 0.010 0.075 0.004 0.902
2201 2201 (0) 23 : 0.066 0.009 0.238 0.124 0.563
2202 2202 (0) 23 : 0.008 0.014 0.300 0.008 0.669
2203 2203 (0) 23 : 0.019 0.032 0.085 0.018 0.846
2204 2204 (0) 23 : 0.017 0.010 0.528 0.003 0.442
2205 2205 (0) 23 : 0.003 0.003 0.003 0.003 0.988
2206 2206 (0) 23 : 0.007 0.007 0.021 0.006 0.959
2207 2207 (0) 23 : 0.004 0.013 0.310 0.004 0.669
2208 2208 (0) 23 : 0.005 0.009 0.007 0.004 0.975
2209 2209 (0) 23 : 0.005 0.006 0.526 0.005 0.458
2210 2210 (0) 23 : 0.008 0.094 0.506 0.005 0.387
2211 2211 (0) 23 : 0.003 0.005 0.004 0.002 0.985
2212 2212 (0) 23 : 0.013 0.005 0.308 0.004 0.670
2213 2213 (0) 23 : 0.004 0.004 0.128 0.019 0.845
2214 2214 (0) 23 : 0.007 0.003 0.021 0.004 0.965
2215 2215 (0) 23 : 0.012 0.003 0.217 0.009 0.759
2216 2216 (0) 23 : 0.009 0.094 0.007 0.008 0.882
2217 2217 (0) 23 : 0.170 0.004 0.024 0.005 0.796
2218 2218 (0) 23 : 0.010 0.033 0.729 0.007 0.221
2219 2219 (0) 23 : 0.011 0.065 0.682 0.007 0.235
2220 2220 (0) 23 : 0.004 0.003 0.008 0.006 0.979
2221 2221 (0) 23 : 0.076 0.010 0.120 0.006 0.789
2222 2222 (0) 23 : 0.163 0.017 0.157 0.004 0.659
2223 2223 (0) 23 : 0.009 0.008 0.948 0.008 0.028
2224 2224 (0) 23 : 0.004 0.021 0.165 0.007 0.803
2225 2225 (0) 23 : 0.014 0.003 0.079 0.014 0.889
2226 2226 (0) 23 : 0.007 0.017 0.037 0.029 0.910
2227 2227 (10) 23 : 0.005 0.005 0.008 0.004 0.978
2228 2228 (5) 23 : 0.004 0.026 0.248 0.011 0.711
2229 2229 (0) 23 : 0.014 0.003 0.918 0.016 0.049
2230 2230 (0) 23 : 0.005 0.003 0.786 0.008 0.198
2231 2231 (0) 23 : 0.006 0.024 0.857 0.010 0.103
2232 2232 (0) 23 : 0.003 0.006 0.781 0.005 0.205
2233 2233 (0) 23 : 0.006 0.009 0.912 0.014 0.060
2234 2234 (0) 23 : 0.009 0.004 0.764 0.003 0.220
2235 2235 (0) 23 : 0.004 0.023 0.687 0.019 0.266
2236 2236 (0) 23 : 0.014 0.004 0.445 0.008 0.529
2237 2237 (0) 23 : 0.041 0.006 0.787 0.003 0.163
2238 2238 (5) 23 : 0.037 0.007 0.367 0.007 0.583
2239 2239 (0) 23 : 0.006 0.025 0.956 0.006 0.008
2240 2240 (0) 23 : 0.010 0.005 0.602 0.003 0.379
2241 2241 (0) 23 : 0.007 0.005 0.657 0.004 0.326
2242 2242 (0) 23 : 0.025 0.006 0.070 0.019 0.880
2243 2243 (0) 23 : 0.008 0.004 0.942 0.004 0.042
2244 2244 (5) 23 : 0.067 0.009 0.791 0.004 0.129
2245 2245 (0) 23 : 0.107 0.010 0.553 0.013 0.317
2246 2246 (0) 23 : 0.004 0.079 0.898 0.004 0.015
2247 2247 (0) 23 : 0.077 0.005 0.806 0.003 0.109
2248 2248 (0) 23 : 0.014 0.009 0.823 0.006 0.147
2249 2249 (0) 23 : 0.005 0.007 0.006 0.003 0.979
2250 2250 (0) 23 : 0.004 0.032 0.192 0.003 0.769
2251 2251 (5) 23 : 0.007 0.008 0.044 0.013 0.928
2252 2252 (5) 23 : 0.113 0.004 0.820 0.005 0.058
2253 2253 (0) 23 : 0.009 0.005 0.683 0.005 0.297
2254 2254 (0) 23 : 0.036 0.022 0.914 0.004 0.025
2255 2255 (0) 23 : 0.008 0.005 0.804 0.011 0.171
2256 2256 (0) 23 : 0.004 0.005 0.840 0.003 0.148
2257 2257 (0) 23 : 0.031 0.010 0.104 0.008 0.846
2258 2258 (0) 23 : 0.033 0.008 0.259 0.037 0.663
2259 2259 (0) 23 : 0.045 0.004 0.056 0.015 0.880
2260 2260 (0) 23 : 0.013 0.005 0.482 0.002 0.499
2261 2261 (0) 23 : 0.034 0.018 0.714 0.004 0.230
2262 2262 (0) 23 : 0.013 0.006 0.339 0.004 0.638
2263 2263 (0) 23 : 0.062 0.004 0.344 0.006 0.584
2264 2264 (0) 24 : 0.004 0.015 0.585 0.005 0.392
2265 2265 (0) 24 : 0.003 0.016 0.864 0.005 0.112
2266 2266 (0) 24 : 0.017 0.011 0.263 0.009 0.699
2267 2267 (0) 24 : 0.005 0.010 0.883 0.008 0.095
2268 2268 (0) 24 : 0.006 0.008 0.902 0.005 0.080
2269 2269 (0) 24 : 0.007 0.005 0.910 0.002 0.076
2270 2270 (0) 24 : 0.003 0.011 0.850 0.003 0.133
2271 2271 (0) 24 : 0.141 0.004 0.756 0.014 0.085
2272 2272 (0) 24 : 0.008 0.014 0.868 0.008 0.101
2273 2273 (0) 24 : 0.009 0.012 0.753 0.005 0.220
2274 2274 (0) 24 : 0.005 0.006 0.936 0.004 0.050
2275 2275 (0) 24 : 0.003 0.014 0.875 0.013 0.094
2276 2276 (0) 24 : 0.012 0.004 0.817 0.007 0.161
2277 2277 (0) 24 : 0.004 0.023 0.777 0.004 0.191
2278 2278 (0) 24 : 0.004 0.005 0.951 0.009 0.031
2279 2279 (0) 24 : 0.005 0.006 0.895 0.003 0.091
2280 2280 (0) 24 : 0.006 0.005 0.977 0.003 0.009
2281 2281 (0) 24 : 0.050 0.010 0.722 0.008 0.209
2282 2282 (0) 24 : 0.007 0.006 0.918 0.004 0.064
2283 2283 (0) 24 : 0.004 0.009 0.974 0.003 0.010
2284 2284 (0) 24 : 0.007 0.009 0.904 0.004 0.076
2285 2285 (0) 24 : 0.004 0.019 0.966 0.004 0.007
2286 2286 (0) 24 : 0.002 0.041 0.942 0.003 0.012
2287 2287 (0) 24 : 0.004 0.097 0.884 0.003 0.013
2288 2288 (0) 24 : 0.004 0.008 0.973 0.003 0.011
2289 2289 (0) 24 : 0.007 0.005 0.956 0.008 0.023
2290 2290 (0) 24 : 0.005 0.003 0.964 0.004 0.024
2291 2291 (0) 24 : 0.005 0.008 0.949 0.009 0.028
2292 2292 (0) 24 : 0.003 0.004 0.972 0.016 0.005
2293 2293 (0) 24 : 0.011 0.031 0.933 0.006 0.019
2294 2294 (0) 24 : 0.003 0.020 0.933 0.006 0.037
2295 2295 (0) 25 : 0.003 0.004 0.969 0.004 0.020
2296 2296 (0) 25 : 0.003 0.022 0.942 0.003 0.031
2297 2297 (0) 25 : 0.013 0.015 0.933 0.011 0.026
2298 2298 (0) 25 : 0.006 0.015 0.954 0.004 0.021
2299 2299 (0) 25 : 0.020 0.006 0.955 0.008 0.010
2300 2300 (0) 25 : 0.005 0.023 0.951 0.004 0.017
2301 2301 (0) 25 : 0.004 0.007 0.826 0.007 0.157
2302 2302 (0) 25 : 0.024 0.008 0.947 0.004 0.017
2303 2303 (0) 25 : 0.010 0.007 0.963 0.006 0.013
2304 2304 (0) 25 : 0.005 0.010 0.945 0.014 0.025
2305 2305 (0) 25 : 0.004 0.006 0.971 0.004 0.015
2306 2306 (0) 25 : 0.002 0.007 0.848 0.003 0.139
2307 2307 (0) 25 : 0.003 0.011 0.926 0.004 0.055
2308 2308 (0) 25 : 0.003 0.006 0.826 0.007 0.159
2309 2309 (0) 25 : 0.009 0.006 0.768 0.003 0.215
2310 2310 (0) 25 : 0.005 0.007 0.654 0.003 0.331
2311 2311 (0) 25 : 0.002 0.011 0.913 0.003 0.071
2312 2312 (0) 25 : 0.003 0.006 0.979 0.005 0.007
2313 2313 (0) 25 : 0.003 0.021 0.688 0.007 0.280
2314 2314 (0) 25 : 0.006 0.131 0.807 0.010 0.046
2315 2315 (0) 25 : 0.004 0.007 0.966 0.004 0.018
2316 2316 (0) 25 : 0.003 0.005 0.047 0.005 0.940
2317 2317 (0) 25 : 0.003 0.015 0.943 0.004 0.035
2318 2318 (0) 25 : 0.006 0.007 0.965 0.004 0.018
2319 2319 (0) 25 : 0.006 0.004 0.957 0.003 0.030
2320 2320 (0) 25 : 0.010 0.035 0.935 0.004 0.016
2321 2321 (0) 25 : 0.006 0.006 0.818 0.003 0.167
2322 2322 (0) 25 : 0.003 0.010 0.845 0.003 0.139
2323 2323 (0) 25 : 0.007 0.022 0.953 0.003 0.016
2324 2324 (0) 25 : 0.006 0.015 0.734 0.004 0.241
2325 2325 (0) 25 : 0.004 0.011 0.961 0.003 0.022
2326 2326 (0) 25 : 0.024 0.010 0.929 0.004 0.034
2327 2327 (0) 25 : 0.004 0.164 0.758 0.003 0.071
2328 2328 (0) 25 : 0.016 0.013 0.905 0.006 0.060
2329 2329 (0) 25 : 0.010 0.016 0.460 0.003 0.510
2330 2330 (0) 25 : 0.003 0.005 0.959 0.004 0.029
2331 2331 (0) 25 : 0.010 0.011 0.942 0.003 0.033
2332 2332 (0) 25 : 0.012 0.007 0.914 0.006 0.060
2333 2333 (0) 25 : 0.006 0.013 0.891 0.004 0.086
2334 2334 (0) 25 : 0.010 0.014 0.513 0.021 0.443
2335 2335 (0) 25 : 0.006 0.007 0.952 0.006 0.029
2336 2336 (0) 25 : 0.017 0.006 0.922 0.005 0.051
2337 2337 (0) 25 : 0.003 0.035 0.850 0.006 0.105
2338 2338 (0) 25 : 0.022 0.025 0.919 0.006 0.028
2339 2339 (0) 25 : 0.004 0.090 0.789 0.016 0.101
2340 2340 (0) 25 : 0.004 0.005 0.963 0.007 0.021
2341 2341 (0) 25 : 0.012 0.008 0.963 0.004 0.013
2342 2342 (0) 25 : 0.004 0.008 0.971 0.003 0.013
2343 2343 (0) 25 : 0.009 0.011 0.962 0.004 0.014
2344 2344 (0) 25 : 0.007 0.005 0.976 0.007 0.006
2345 2345 (0) 25 : 0.050 0.005 0.857 0.014 0.074
2346 2346 (0) 25 : 0.008 0.009 0.913 0.009 0.061
2347 2347 (0) 25 : 0.005 0.019 0.883 0.003 0.090
2348 2348 (0) 25 : 0.004 0.004 0.970 0.006 0.016
2349 2349 (0) 25 : 0.005 0.009 0.972 0.003 0.010
2350 2350 (0) 25 : 0.005 0.005 0.971 0.003 0.016
2351 2351 (0) 25 : 0.010 0.010 0.762 0.004 0.214
2352 2352 (0) 25 : 0.005 0.009 0.962 0.003 0.021
2353 2353 (0) 25 : 0.019 0.009 0.960 0.005 0.007
2354 2354 (0) 25 : 0.011 0.004 0.877 0.004 0.103
2355 2355 (0) 25 : 0.022 0.005 0.956 0.004 0.013
2356 2356 (0) 25 : 0.004 0.022 0.940 0.005 0.028
2357 2357 (0) 25 : 0.007 0.009 0.922 0.004 0.058
2358 2358 (0) 25 : 0.024 0.035 0.638 0.003 0.300
2359 2359 (0) 25 : 0.008 0.007 0.971 0.005 0.009
2360 2360 (0) 25 : 0.017 0.007 0.952 0.005 0.019
2361 2361 (0) 25 : 0.005 0.007 0.763 0.016 0.208
2362 2362 (0) 25 : 0.004 0.007 0.974 0.006 0.009
2363 2363 (0) 25 : 0.004 0.006 0.967 0.002 0.020
2364 2364 (0) 25 : 0.005 0.006 0.981 0.004 0.004
2365 2365 (0) 25 : 0.003 0.011 0.911 0.005 0.070
2366 2366 (0) 25 : 0.004 0.008 0.844 0.005 0.139
2367 2367 (0) 25 : 0.004 0.007 0.967 0.006 0.017
2368 2368 (0) 25 : 0.019 0.005 0.962 0.003 0.010
2369 2369 (0) 25 : 0.004 0.004 0.950 0.003 0.039
2370 2370 (0) 25 : 0.004 0.013 0.851 0.004 0.128
2371 2371 (0) 25 : 0.003 0.064 0.509 0.003 0.420
2372 2372 (0) 25 : 0.004 0.004 0.966 0.004 0.022
2373 2373 (0) 25 : 0.004 0.006 0.903 0.016 0.071
2374 2374 (0) 25 : 0.005 0.006 0.959 0.004 0.027
2375 2375 (0) 25 : 0.008 0.014 0.961 0.003 0.014
2376 2376 (0) 25 : 0.004 0.005 0.977 0.006 0.007
2377 2377 (0) 25 : 0.005 0.008 0.967 0.005 0.016
2378 2378 (0) 25 : 0.005 0.008 0.836 0.008 0.142
2379 2379 (0) 25 : 0.004 0.011 0.786 0.010 0.190
2380 2380 (0) 25 : 0.008 0.006 0.960 0.007 0.020
2381 2381 (0) 25 : 0.007 0.107 0.834 0.012 0.040
2382 2382 (0) 25 : 0.003 0.006 0.937 0.003 0.051
2383 2383 (0) 25 : 0.003 0.003 0.777 0.003 0.213
2384 2384 (0) 25 : 0.009 0.132 0.742 0.015 0.103
2385 2385 (0) 25 : 0.004 0.006 0.615 0.004 0.372
2386 2386 (0) 25 : 0.014 0.005 0.637 0.005 0.339
2387 2387 (0) 25 : 0.013 0.005 0.966 0.006 0.010
2388 2388 (0) 25 : 0.023 0.012 0.903 0.004 0.059
2389 2389 (0) 25 : 0.004 0.007 0.973 0.004 0.012
2390 2390 (0) 25 : 0.003 0.007 0.923 0.003 0.063
2391 2391 (0) 25 : 0.004 0.036 0.843 0.066 0.051
2392 2392 (0) 25 : 0.059 0.023 0.822 0.004 0.092
2393 2393 (0) 25 : 0.003 0.014 0.908 0.005 0.071
2394 2394 (0) 25 : 0.004 0.052 0.898 0.005 0.040
2395 2395 (0) 25 : 0.003 0.008 0.969 0.004 0.016
2396 2396 (0) 25 : 0.013 0.015 0.903 0.005 0.064
2397 2397 (0) 25 : 0.005 0.004 0.978 0.004 0.010
2398 2398 (0) 25 : 0.014 0.009 0.952 0.006 0.019
2399 2399 (0) 25 : 0.142 0.006 0.382 0.004 0.466
2400 2400 (0) 25 : 0.005 0.011 0.433 0.005 0.545
2401 2401 (0) 25 : 0.009 0.024 0.933 0.005 0.030
2402 2402 (0) 25 : 0.002 0.008 0.759 0.002 0.228
2403 2403 (0) 25 : 0.015 0.033 0.868 0.006 0.077
2404 2404 (0) 25 : 0.003 0.035 0.944 0.004 0.014
2405 2405 (0) 25 : 0.016 0.011 0.956 0.009 0.008
2406 2406 (0) 25 : 0.003 0.014 0.959 0.004 0.020
2407 2407 (0) 25 : 0.017 0.005 0.962 0.003 0.013
2408 2408 (0) 25 : 0.037 0.005 0.934 0.005 0.019
2409 2409 (0) 25 : 0.012 0.005 0.973 0.005 0.006
2410 2410 (0) 25 : 0.003 0.004 0.951 0.003 0.038
2411 2411 (0) 25 : 0.006 0.003 0.839 0.010 0.142
2412 2412 (0) 25 : 0.004 0.018 0.897 0.003 0.078
2413 2413 (0) 25 : 0.017 0.006 0.952 0.011 0.014
2414 2414 (0) 25 : 0.023 0.006 0.959 0.006 0.006
2415 2415 (0) 25 : 0.007 0.016 0.962 0.004 0.011
2416 2416 (0) 25 : 0.005 0.006 0.966 0.006 0.017
2417 2417 (0) 25 : 0.010 0.017 0.932 0.004 0.037
2418 2418 (0) 25 : 0.056 0.010 0.879 0.006 0.048
2419 2419 (0) 25 : 0.009 0.013 0.952 0.004 0.023
2420 2420 (0) 26 : 0.006 0.007 0.966 0.005 0.016
2421 2421 (0) 26 : 0.021 0.006 0.957 0.008 0.008
2422 2422 (0) 26 : 0.005 0.016 0.955 0.006 0.017
2423 2423 (0) 26 : 0.010 0.009 0.931 0.003 0.047
2424 2424 (0) 26 : 0.004 0.006 0.981 0.003 0.007
2425 2425 (0) 26 : 0.026 0.006 0.930 0.007 0.030
2426 2426 (0) 26 : 0.014 0.003 0.963 0.013 0.007
2427 2427 (0) 26 : 0.003 0.004 0.955 0.030 0.008
2428 2428 (0) 26 : 0.007 0.006 0.957 0.011 0.019
2429 2429 (0) 26 : 0.008 0.022 0.959 0.006 0.006
2430 2430 (0) 26 : 0.005 0.004 0.981 0.004 0.006
2431 2431 (0) 26 : 0.004 0.004 0.984 0.004 0.004
2432 2432 (0) 26 : 0.006 0.004 0.932 0.004 0.054
2433 2433 (0) 26 : 0.011 0.007 0.936 0.005 0.041
2434 2434 (0) 26 : 0.004 0.004 0.885 0.008 0.098
2435 2435 (10) 26 : 0.006 0.005 0.972 0.005 0.011
2436 2436 (0) 26 : 0.005 0.006 0.976 0.004 0.009
2437 2437 (0) 26 : 0.022 0.035 0.723 0.052 0.168
2438 2438 (0) 26 : 0.010 0.018 0.853 0.004 0.114
2439 2439 (0) 26 : 0.082 0.010 0.893 0.006 0.009
2440 2440 (5) 26 : 0.010 0.004 0.969 0.008 0.009
2441 2441 (0) 26 : 0.005 0.020 0.934 0.005 0.036
2442 2442 (0) 26 : 0.016 0.003 0.961 0.004 0.017
2443 2443 (0) 26 : 0.089 0.009 0.843 0.031 0.027
2444 2444 (0) 26 : 0.005 0.006 0.972 0.009 0.009
2445 2445 (0) 26 : 0.004 0.009 0.970 0.004 0.014
2446 2446 (0) 26 : 0.004 0.003 0.984 0.005 0.005
2447 2447 (5) 26 : 0.019 0.004 0.966 0.003 0.008
2448 2448 (0) 26 : 0.012 0.007 0.920 0.008 0.052
2449 2449 (0) 26 : 0.006 0.008 0.935 0.006 0.045
2450 2450 (0) 26 : 0.015 0.004 0.952 0.007 0.022
2451 2451 (0) 26 : 0.004 0.015 0.839 0.009 0.133
2452 2452 (0) 26 : 0.003 0.005 0.969 0.004 0.018
2453 2453 (0) 26 : 0.006 0.071 0.833 0.004 0.085
2454 2454 (0) 26 : 0.005 0.010 0.809 0.004 0.172
2455 2455 (0) 26 : 0.006 0.009 0.957 0.003 0.025
2456 2456 (0) 26 : 0.024 0.003 0.961 0.003 0.009
2457 2457 (5) 26 : 0.006 0.023 0.947 0.006 0.018
2458 2458 (0) 26 : 0.006 0.004 0.973 0.004 0.013
2459 2459 (0) 26 : 0.005 0.004 0.953 0.007 0.032
2460 2460 (0) 26 : 0.004 0.004 0.981 0.002 0.008
2461 2461 (5) 26 : 0.006 0.006 0.968 0.008 0.012
2462 2462 (5) 26 : 0.026 0.010 0.954 0.003 0.008
2463 2463 (10) 26 : 0.006 0.007 0.973 0.005 0.009
2464 2464 (5) 26 : 0.018 0.004 0.969 0.004 0.005
2465 2465 (5) 26 : 0.003 0.004 0.985 0.003 0.004
2466 2466 (5) 26 : 0.004 0.008 0.976 0.005 0.007
2467 2467 (5) 26 : 0.065 0.005 0.746 0.008 0.177
2468 2468 (5) 26 : 0.004 0.009 0.974 0.004 0.009
2469 2469 (10) 26 : 0.005 0.006 0.719 0.004 0.266
2470 2470 (5) 26 : 0.019 0.011 0.929 0.008 0.033
2471 2471 (5) 26 : 0.003 0.004 0.980 0.004 0.009
2472 2472 (5) 26 : 0.012 0.012 0.801 0.005 0.170
2473 2473 (0) 27 : 0.007 0.033 0.939 0.007 0.015
2474 2474 (0) 27 : 0.003 0.004 0.984 0.003 0.007
2475 2475 (0) 27 : 0.004 0.004 0.980 0.005 0.006
2476 2476 (0) 27 : 0.007 0.004 0.981 0.004 0.005
2477 2477 (0) 27 : 0.007 0.018 0.925 0.024 0.026
2478 2478 (0) 27 : 0.004 0.004 0.979 0.003 0.009
2479 2479 (0) 27 : 0.037 0.004 0.941 0.005 0.013
2480 2480 (0) 27 : 0.007 0.031 0.904 0.005 0.053
2481 2481 (0) 27 : 0.014 0.003 0.968 0.005 0.009
2482 2482 (0) 27 : 0.004 0.003 0.982 0.003 0.008
2483 2483 (0) 27 : 0.094 0.008 0.875 0.010 0.013
2484 2484 (0) 27 : 0.004 0.006 0.972 0.004 0.014
2485 2485 (0) 27 : 0.005 0.004 0.979 0.003 0.009
2486 2486 (0) 27 : 0.006 0.007 0.969 0.005 0.014
2487 2487 (0) 27 : 0.115 0.005 0.753 0.034 0.093
2488 2488 (0) 27 : 0.009 0.007 0.967 0.008 0.010
2489 2489 (0) 27 : 0.004 0.004 0.973 0.007 0.012
2490 2490 (0) 27 : 0.005 0.009 0.973 0.003 0.010
2491 2491 (0) 27 : 0.008 0.009 0.951 0.023 0.009
2492 2492 (0) 27 : 0.009 0.005 0.975 0.004 0.007
2493 2493 (0) 27 : 0.006 0.015 0.954 0.007 0.018
2494 2494 (0) 27 : 0.028 0.006 0.935 0.013 0.017
2495 2495 (0) 27 : 0.015 0.005 0.945 0.008 0.027
2496 2496 (0) 27 : 0.007 0.005 0.968 0.008 0.013
2497 2497 (0) 27 : 0.008 0.008 0.939 0.008 0.038
2498 2498 (0) 27 : 0.004 0.002 0.980 0.006 0.007
2499 2499 (0) 27 : 0.006 0.004 0.980 0.003 0.007
2500 2500 (0) 27 : 0.004 0.003 0.983 0.004 0.005
2501 2501 (0) 27 : 0.008 0.013 0.965 0.005 0.008
2502 2502 (0) 27 : 0.005 0.012 0.924 0.003 0.057
2503 2503 (0) 27 : 0.004 0.004 0.967 0.004 0.021
2504 2504 (0) 27 : 0.004 0.004 0.981 0.003 0.009
2505 2505 (0) 27 : 0.003 0.010 0.735 0.003 0.249
2506 2506 (0) 27 : 0.004 0.004 0.984 0.003 0.005
2507 2507 (0) 27 : 0.012 0.010 0.956 0.003 0.020
2508 2508 (0) 27 : 0.004 0.005 0.930 0.006 0.055
2509 2509 (0) 27 : 0.004 0.030 0.954 0.003 0.009
2510 2510 (0) 27 : 0.011 0.007 0.966 0.005 0.011
2511 2511 (0) 27 : 0.007 0.004 0.900 0.009 0.079
2512 2512 (0) 27 : 0.005 0.005 0.979 0.005 0.007
2513 2513 (0) 27 : 0.030 0.007 0.924 0.031 0.008
2514 2514 (0) 27 : 0.035 0.007 0.902 0.047 0.009
2515 2515 (0) 27 : 0.007 0.008 0.965 0.011 0.009
2516 2516 (0) 27 : 0.005 0.004 0.893 0.037 0.062
2517 2517 (0) 27 : 0.007 0.004 0.973 0.009 0.007
2518 2518 (0) 27 : 0.010 0.005 0.950 0.003 0.032
2519 2519 (0) 27 : 0.018 0.023 0.934 0.005 0.021
2520 2520 (0) 27 : 0.007 0.003 0.871 0.005 0.114
2521 2521 (0) 27 : 0.004 0.007 0.978 0.005 0.006
2522 2522 (0) 27 : 0.003 0.005 0.958 0.004 0.030
2523 2523 (0) 27 : 0.004 0.003 0.985 0.003 0.004
2524 2524 (0) 27 : 0.051 0.016 0.585 0.315 0.033
2525 2525 (0) 27 : 0.007 0.006 0.977 0.006 0.004
2526 2526 (0) 27 : 0.059 0.007 0.919 0.009 0.006
2527 2527 (0) 27 : 0.009 0.005 0.972 0.005 0.008
2528 2528 (0) 27 : 0.008 0.006 0.978 0.003 0.005
2529 2529 (0) 27 : 0.003 0.005 0.979 0.007 0.006
2530 2530 (0) 27 : 0.004 0.005 0.704 0.072 0.215
2531 2531 (0) 27 : 0.004 0.003 0.986 0.003 0.005
2532 2532 (0) 27 : 0.003 0.005 0.978 0.004 0.010
2533 2533 (0) 27 : 0.037 0.003 0.950 0.004 0.007
2534 2534 (0) 27 : 0.003 0.009 0.970 0.004 0.014
2535 2535 (0) 27 : 0.009 0.006 0.971 0.003 0.011
2536 2536 (0) 27 : 0.006 0.006 0.978 0.005 0.005
2537 2537 (0) 27 : 0.090 0.005 0.887 0.005 0.013
2538 2538 (0) 27 : 0.011 0.005 0.960 0.006 0.018
2539 2539 (0) 27 : 0.006 0.008 0.973 0.006 0.007
2540 2540 (0) 27 : 0.009 0.005 0.918 0.011 0.058
2541 2541 (0) 27 : 0.007 0.004 0.968 0.016 0.004
2542 2542 (0) 27 : 0.004 0.005 0.978 0.008 0.005
2543 2543 (0) 27 : 0.060 0.004 0.926 0.003 0.006
2544 2544 (0) 27 : 0.073 0.022 0.896 0.003 0.007
2545 2545 (0) 27 : 0.014 0.005 0.962 0.004 0.015
2546 2546 (0) 27 : 0.009 0.016 0.943 0.004 0.028
2547 2547 (0) 27 : 0.006 0.004 0.970 0.004 0.016
2548 2548 (0) 27 : 0.009 0.005 0.877 0.007 0.102
2549 2549 (0) 27 : 0.003 0.007 0.973 0.003 0.014
2550 2550 (0) 27 : 0.022 0.005 0.955 0.010 0.008
2551 2551 (0) 27 : 0.009 0.005 0.965 0.004 0.017
2552 2552 (0) 27 : 0.004 0.007 0.963 0.005 0.021
2553 2553 (0) 27 : 0.014 0.006 0.958 0.008 0.015
2554 2554 (0) 27 : 0.006 0.024 0.933 0.006 0.032
2555 2555 (0) 27 : 0.013 0.005 0.873 0.004 0.105
2556 2556 (0) 27 : 0.003 0.005 0.983 0.004 0.005
2557 2557 (0) 27 : 0.010 0.006 0.967 0.007 0.009
2558 2558 (0) 27 : 0.030 0.004 0.937 0.004 0.025
2559 2559 (0) 27 : 0.007 0.004 0.979 0.004 0.005
2560 2560 (0) 27 : 0.005 0.009 0.971 0.004 0.011
2561 2561 (0) 27 : 0.008 0.033 0.944 0.004 0.011
2562 2562 (0) 27 : 0.004 0.003 0.981 0.004 0.007
2563 2563 (0) 27 : 0.003 0.016 0.959 0.003 0.020
2564 2564 (0) 27 : 0.008 0.008 0.901 0.003 0.080
2565 2565 (0) 27 : 0.006 0.004 0.977 0.004 0.009
2566 2566 (0) 27 : 0.007 0.004 0.974 0.005 0.011
2567 2567 (0) 27 : 0.038 0.005 0.941 0.009 0.008
2568 2568 (0) 27 : 0.018 0.005 0.968 0.004 0.006
2569 2569 (0) 27 : 0.019 0.004 0.961 0.004 0.012
2570 2570 (0) 27 : 0.005 0.006 0.979 0.003 0.007
2571 2571 (0) 27 : 0.016 0.004 0.971 0.004 0.005
2572 2572 (0) 27 : 0.009 0.013 0.534 0.003 0.441
2573 2573 (0) 27 : 0.008 0.003 0.979 0.005 0.005
2574 2574 (0) 27 : 0.005 0.007 0.899 0.008 0.081
2575 2575 (0) 27 : 0.007 0.007 0.973 0.005 0.008
2576 2576 (0) 27 : 0.045 0.006 0.936 0.005 0.008
2577 2577 (0) 27 : 0.009 0.022 0.840 0.003 0.126
2578 2578 (0) 27 : 0.228 0.003 0.751 0.005 0.013
2579 2579 (0) 27 : 0.005 0.004 0.945 0.005 0.041
2580 2580 (0) 27 : 0.004 0.019 0.945 0.004 0.027
2581 2581 (0) 27 : 0.010 0.019 0.870 0.012 0.090
2582 2582 (0) 27 : 0.004 0.004 0.855 0.004 0.133
2583 2583 (0) 27 : 0.004 0.003 0.985 0.004 0.004
2584 2584 (0) 27 : 0.019 0.004 0.948 0.005 0.025
2585 2585 (0) 27 : 0.006 0.003 0.977 0.005 0.008
2586 2586 (0) 27 : 0.004 0.006 0.790 0.004 0.196
2587 2587 (0) 27 : 0.025 0.004 0.951 0.005 0.015
2588 2588 (0) 27 : 0.004 0.007 0.977 0.004 0.009
2589 2589 (0) 27 : 0.006 0.003 0.977 0.004 0.009
2590 2590 (0) 27 : 0.004 0.006 0.961 0.003 0.026
2591 2591 (0) 27 : 0.022 0.008 0.946 0.007 0.017
2592 2592 (0) 27 : 0.012 0.004 0.953 0.011 0.020
2593 2593 (0) 27 : 0.024 0.051 0.889 0.009 0.027
2594 2594 (0) 27 : 0.004 0.004 0.979 0.006 0.007
2595 2595 (0) 27 : 0.004 0.004 0.978 0.007 0.007
2596 2596 (0) 27 : 0.003 0.012 0.967 0.003 0.015
2597 2597 (0) 27 : 0.010 0.005 0.963 0.003 0.019
2598 2598 (5) 28 : 0.003 0.980 0.006 0.004 0.006
2599 2599 (0) 28 : 0.003 0.979 0.006 0.005 0.007
2600 2600 (0) 28 : 0.004 0.986 0.004 0.003 0.004
2601 2601 (0) 28 : 0.015 0.937 0.015 0.009 0.023
2602 2602 (0) 28 : 0.003 0.987 0.003 0.003 0.004
2603 2603 (0) 28 : 0.007 0.976 0.005 0.003 0.009
2604 2604 (0) 28 : 0.003 0.988 0.003 0.002 0.004
2605 2605 (0) 28 : 0.003 0.985 0.003 0.004 0.004
2606 2606 (0) 28 : 0.006 0.983 0.005 0.003 0.004
2607 2607 (0) 28 : 0.003 0.987 0.003 0.003 0.004
2608 2608 (0) 28 : 0.002 0.991 0.003 0.002 0.003
2609 2609 (0) 28 : 0.003 0.987 0.003 0.003 0.004
2610 2610 (0) 28 : 0.004 0.979 0.006 0.004 0.006
2611 2611 (5) 28 : 0.002 0.990 0.003 0.002 0.003
2612 2612 (0) 28 : 0.003 0.986 0.004 0.003 0.004
2613 2613 (0) 28 : 0.002 0.989 0.003 0.002 0.003
2614 2614 (0) 28 : 0.010 0.979 0.003 0.003 0.005
2615 2615 (0) 28 : 0.002 0.989 0.003 0.003 0.003
2616 2616 (0) 28 : 0.003 0.985 0.004 0.004 0.004
2617 2617 (0) 28 : 0.003 0.988 0.003 0.003 0.003
2618 2618 (0) 28 : 0.002 0.990 0.003 0.002 0.003
2619 2619 (0) 28 : 0.006 0.982 0.004 0.004 0.004
2620 2620 (0) 28 : 0.002 0.989 0.003 0.002 0.003
2621 2621 (0) 28 : 0.002 0.992 0.002 0.002 0.002
2622 2622 (0) 28 : 0.002 0.992 0.002 0.002 0.002
2623 2623 (0) 28 : 0.003 0.988 0.003 0.002 0.003
2624 2624 (0) 28 : 0.003 0.989 0.003 0.002 0.003
2625 2625 (0) 28 : 0.002 0.990 0.002 0.002 0.003
2626 2626 (0) 29 : 0.003 0.987 0.004 0.003 0.003
2627 2627 (0) 29 : 0.005 0.984 0.004 0.003 0.005
2628 2628 (0) 29 : 0.012 0.961 0.015 0.004 0.009
2629 2629 (0) 29 : 0.002 0.990 0.002 0.002 0.002
2630 2630 (0) 29 : 0.002 0.987 0.003 0.003 0.004
2631 2631 (0) 29 : 0.003 0.987 0.002 0.003 0.005
2632 2632 (0) 29 : 0.003 0.989 0.002 0.003 0.003
2633 2633 (0) 29 : 0.002 0.990 0.002 0.002 0.003
2634 2634 (0) 29 : 0.003 0.986 0.004 0.003 0.004
2635 2635 (0) 29 : 0.013 0.959 0.016 0.004 0.007
2636 2636 (0) 29 : 0.002 0.989 0.002 0.003 0.003
2637 2637 (0) 29 : 0.002 0.991 0.002 0.002 0.003
2638 2638 (0) 29 : 0.002 0.991 0.002 0.002 0.003
2639 2639 (0) 29 : 0.003 0.984 0.005 0.003 0.005
2640 2640 (0) 29 : 0.002 0.990 0.003 0.002 0.003
2641 2641 (0) 29 : 0.007 0.976 0.006 0.006 0.005
2642 2642 (0) 29 : 0.002 0.990 0.003 0.002 0.003
2643 2643 (0) 29 : 0.003 0.988 0.003 0.003 0.003
2644 2644 (0) 29 : 0.003 0.988 0.003 0.003 0.003
2645 2645 (0) 29 : 0.002 0.989 0.003 0.002 0.004
2646 2646 (0) 29 : 0.002 0.991 0.002 0.002 0.003
2647 2647 (0) 29 : 0.003 0.987 0.003 0.003 0.004
2648 2648 (0) 29 : 0.004 0.985 0.004 0.003 0.005
2649 2649 (0) 29 : 0.003 0.988 0.003 0.003 0.003
2650 2650 (0) 29 : 0.002 0.987 0.003 0.002 0.005
2651 2651 (0) 29 : 0.003 0.986 0.003 0.002 0.006
2652 2652 (0) 29 : 0.005 0.984 0.003 0.004 0.004
2653 2653 (0) 29 : 0.003 0.983 0.006 0.003 0.005
2654 2654 (0) 29 : 0.002 0.988 0.003 0.003 0.003
2655 2655 (0) 29 : 0.003 0.984 0.003 0.003 0.007
2656 2656 (0) 29 : 0.005 0.987 0.003 0.002 0.003
2657 2657 (0) 29 : 0.004 0.986 0.003 0.003 0.003
2658 2658 (0) 29 : 0.003 0.988 0.003 0.003 0.003
2659 2659 (0) 29 : 0.002 0.988 0.004 0.003 0.003
2660 2660 (0) 29 : 0.002 0.989 0.003 0.003 0.003
2661 2661 (0) 29 : 0.002 0.989 0.003 0.002 0.004
2662 2662 (0) 29 : 0.003 0.982 0.006 0.002 0.006
2663 2663 (0) 29 : 0.003 0.984 0.004 0.005 0.004
2664 2664 (0) 29 : 0.004 0.984 0.004 0.004 0.005
2665 2665 (0) 29 : 0.010 0.977 0.005 0.004 0.003
2666 2666 (0) 29 : 0.004 0.984 0.004 0.003 0.005
2667 2667 (0) 29 : 0.002 0.985 0.003 0.003 0.006
2668 2668 (0) 29 : 0.005 0.982 0.005 0.003 0.005
2669 2669 (0) 29 : 0.004 0.981 0.004 0.005 0.006
2670 2670 (0) 29 : 0.003 0.988 0.002 0.002 0.004
2671 2671 (0) 29 : 0.003 0.986 0.004 0.003 0.005
2672 2672 (0) 29 : 0.003 0.987 0.004 0.002 0.004
2673 2673 (0) 29 : 0.006 0.976 0.007 0.005 0.006
2674 2674 (0) 29 : 0.002 0.990 0.003 0.003 0.003
2675 2675 (0) 29 : 0.002 0.989 0.003 0.002 0.004
2676 2676 (0) 29 : 0.003 0.988 0.003 0.003 0.003
2677 2677 (0) 29 : 0.004 0.983 0.005 0.003 0.004
2678 2678 (0) 29 : 0.003 0.987 0.003 0.003 0.004
2679 2679 (0) 29 : 0.003 0.988 0.003 0.003 0.004
2680 2680 (0) 29 : 0.002 0.990 0.003 0.002 0.003
2681 2681 (0) 29 : 0.003 0.989 0.003 0.003 0.003
2682 2682 (0) 29 : 0.003 0.989 0.003 0.003 0.003
2683 2683 (0) 29 : 0.004 0.986 0.003 0.003 0.003
2684 2684 (0) 29 : 0.002 0.989 0.003 0.002 0.003
2685 2685 (0) 29 : 0.003 0.988 0.004 0.003 0.003
2686 2686 (0) 29 : 0.007 0.964 0.011 0.005 0.012
2687 2687 (0) 29 : 0.003 0.987 0.002 0.005 0.003
2688 2688 (0) 29 : 0.002 0.989 0.003 0.003 0.004
2689 2689 (0) 29 : 0.002 0.988 0.004 0.004 0.003
2690 2690 (0) 29 : 0.013 0.951 0.019 0.005 0.012
2691 2691 (0) 29 : 0.003 0.988 0.003 0.003 0.004
2692 2692 (0) 29 : 0.004 0.987 0.003 0.003 0.003
2693 2693 (0) 29 : 0.003 0.988 0.003 0.002 0.005
2694 2694 (0) 29 : 0.003 0.988 0.003 0.003 0.003
2695 2695 (0) 29 : 0.003 0.987 0.004 0.002 0.004
2696 2696 (0) 29 : 0.007 0.984 0.002 0.002 0.005
2697 2697 (0) 29 : 0.002 0.989 0.003 0.002 0.004
2698 2698 (0) 29 : 0.002 0.988 0.003 0.004 0.003
2699 2699 (0) 29 : 0.002 0.989 0.003 0.003 0.003
2700 2700 (0) 29 : 0.002 0.990 0.003 0.003 0.003
2701 2701 (0) 29 : 0.002 0.988 0.003 0.002 0.004
2702 2702 (0) 29 : 0.002 0.989 0.003 0.003 0.003
2703 2703 (0) 29 : 0.008 0.980 0.003 0.004 0.005
2704 2704 (0) 29 : 0.007 0.977 0.007 0.004 0.005
2705 2705 (0) 29 : 0.003 0.983 0.005 0.005 0.005
2706 2706 (0) 29 : 0.002 0.989 0.003 0.002 0.004
2707 2707 (0) 29 : 0.004 0.986 0.004 0.003 0.003
2708 2708 (0) 29 : 0.004 0.987 0.003 0.002 0.004
2709 2709 (0) 29 : 0.005 0.987 0.003 0.003 0.003
2710 2710 (0) 29 : 0.002 0.991 0.002 0.002 0.003
2711 2711 (0) 29 : 0.002 0.988 0.003 0.003 0.003
2712 2712 (0) 29 : 0.019 0.958 0.010 0.006 0.007
2713 2713 (0) 29 : 0.002 0.990 0.002 0.002 0.003
2714 2714 (0) 29 : 0.010 0.961 0.008 0.005 0.016
2715 2715 (0) 29 : 0.002 0.988 0.003 0.003 0.004
2716 2716 (0) 29 : 0.003 0.988 0.003 0.003 0.004
2717 2717 (0) 29 : 0.003 0.988 0.003 0.003 0.003
2718 2718 (0) 29 : 0.002 0.987 0.004 0.003 0.004
2719 2719 (0) 29 : 0.003 0.986 0.003 0.003 0.005
2720 2720 (0) 29 : 0.002 0.990 0.003 0.002 0.003
2721 2721 (0) 29 : 0.002 0.989 0.003 0.002 0.004
2722 2722 (0) 29 : 0.003 0.986 0.003 0.002 0.006
2723 2723 (0) 29 : 0.005 0.987 0.003 0.002 0.003
2724 2724 (0) 29 : 0.002 0.988 0.003 0.003 0.004
2725 2725 (0) 29 : 0.002 0.990 0.003 0.003 0.003
2726 2726 (0) 29 : 0.002 0.990 0.002 0.002 0.003
2727 2727 (0) 29 : 0.004 0.983 0.005 0.004 0.004
2728 2728 (0) 29 : 0.004 0.986 0.003 0.002 0.005
2729 2729 (0) 29 : 0.005 0.985 0.004 0.003 0.003
2730 2730 (0) 29 : 0.002 0.988 0.004 0.003 0.004
2731 2731 (0) 29 : 0.008 0.981 0.005 0.003 0.004
2732 2732 (0) 29 : 0.002 0.989 0.003 0.003 0.003
2733 2733 (0) 29 : 0.003 0.988 0.003 0.003 0.003
2734 2734 (0) 29 : 0.002 0.988 0.003 0.003 0.004
2735 2735 (0) 29 : 0.003 0.988 0.003 0.002 0.004
2736 2736 (0) 29 : 0.003 0.978 0.007 0.007 0.005
2737 2737 (0) 29 : 0.003 0.987 0.003 0.003 0.004
2738 2738 (0) 29 : 0.003 0.987 0.004 0.003 0.003
2739 2739 (0) 29 : 0.002 0.987 0.003 0.003 0.004
2740 2740 (0) 29 : 0.002 0.991 0.003 0.002 0.003
2741 2741 (0) 29 : 0.003 0.987 0.004 0.002 0.004
2742 2742 (0) 29 : 0.007 0.974 0.008 0.003 0.008
2743 2743 (0) 29 : 0.002 0.990 0.002 0.002 0.004
2744 2744 (0) 29 : 0.014 0.956 0.018 0.003 0.009
2745 2745 (0) 29 : 0.002 0.991 0.002 0.002 0.003
2746 2746 (0) 29 : 0.002 0.989 0.003 0.002 0.003
2747 2747 (0) 29 : 0.005 0.982 0.005 0.003 0.005
2748 2748 (0) 29 : 0.003 0.989 0.002 0.003 0.003
2749 2749 (0) 29 : 0.003 0.989 0.003 0.002 0.003
2750 2750 (0) 29 : 0.002 0.990 0.002 0.003 0.003
2751 2751 (0) 29 : 0.004 0.987 0.003 0.003 0.003
2752 2752 (0) 29 : 0.002 0.988 0.004 0.002 0.004
2753 2753 (0) 29 : 0.004 0.986 0.004 0.002 0.004
2754 2754 (0) 29 : 0.004 0.981 0.005 0.003 0.007
2755 2755 (0) 29 : 0.002 0.988 0.002 0.002 0.005
2756 2756 (0) 29 : 0.002 0.988 0.003 0.002 0.004
2757 2757 (0) 29 : 0.002 0.987 0.003 0.003 0.004
2758 2758 (0) 29 : 0.003 0.990 0.002 0.002 0.003
2759 2759 (0) 29 : 0.002 0.988 0.003 0.003 0.004
2760 2760 (0) 29 : 0.002 0.990 0.003 0.003 0.003
2761 2761 (0) 29 : 0.003 0.983 0.004 0.003 0.007
2762 2762 (0) 29 : 0.011 0.947 0.024 0.004 0.013
2763 2763 (0) 29 : 0.002 0.982 0.005 0.002 0.009
2764 2764 (0) 29 : 0.005 0.988 0.002 0.002 0.002
2765 2765 (0) 29 : 0.003 0.986 0.004 0.004 0.003
2766 2766 (0) 29 : 0.006 0.975 0.008 0.005 0.005
2767 2767 (0) 29 : 0.003 0.987 0.004 0.002 0.004
2768 2768 (0) 29 : 0.002 0.990 0.003 0.002 0.003
2769 2769 (0) 29 : 0.002 0.989 0.003 0.003 0.004
2770 2770 (0) 29 : 0.003 0.988 0.003 0.003 0.003
2771 2771 (0) 29 : 0.003 0.989 0.003 0.002 0.003
2772 2772 (0) 29 : 0.006 0.980 0.005 0.003 0.005
2773 2773 (0) 29 : 0.003 0.986 0.004 0.003 0.005
2774 2774 (0) 29 : 0.007 0.980 0.003 0.004 0.005
2775 2775 (0) 29 : 0.002 0.990 0.003 0.002 0.002
2776 2776 (0) 29 : 0.002 0.987 0.003 0.003 0.005
2777 2777 (0) 29 : 0.003 0.987 0.004 0.002 0.004
2778 2778 (0) 29 : 0.002 0.989 0.003 0.003 0.003
2779 2779 (0) 29 : 0.002 0.990 0.003 0.002 0.003
2780 2780 (0) 29 : 0.005 0.975 0.009 0.004 0.007
2781 2781 (0) 29 : 0.003 0.980 0.004 0.006 0.006
2782 2782 (0) 29 : 0.007 0.982 0.005 0.003 0.004
2783 2783 (0) 29 : 0.003 0.988 0.003 0.003 0.003
2784 2784 (0) 29 : 0.003 0.987 0.003 0.002 0.004
2785 2785 (0) 29 : 0.002 0.990 0.002 0.002 0.003
2786 2786 (0) 29 : 0.002 0.989 0.003 0.003 0.003
2787 2787 (0) 29 : 0.005 0.986 0.003 0.003 0.003
2788 2788 (0) 29 : 0.002 0.990 0.002 0.002 0.003
2789 2789 (0) 29 : 0.002 0.990 0.003 0.002 0.003
2790 2790 (0) 29 : 0.006 0.981 0.005 0.005 0.005
2791 2791 (0) 29 : 0.002 0.991 0.002 0.002 0.003
2792 2792 (0) 29 : 0.002 0.991 0.002 0.002 0.003
2793 2793 (0) 29 : 0.003 0.987 0.004 0.003 0.003
2794 2794 (0) 29 : 0.007 0.983 0.003 0.003 0.004
2795 2795 (0) 29 : 0.002 0.987 0.004 0.004 0.003
2796 2796 (0) 29 : 0.002 0.991 0.002 0.002 0.002
2797 2797 (0) 29 : 0.002 0.990 0.003 0.002 0.004
2798 2798 (0) 29 : 0.002 0.991 0.002 0.002 0.003
2799 2799 (0) 29 : 0.003 0.985 0.004 0.003 0.004
2800 2800 (0) 29 : 0.003 0.989 0.003 0.003 0.003
2801 2801 (0) 29 : 0.002 0.989 0.003 0.003 0.003
2802 2802 (0) 29 : 0.005 0.984 0.004 0.003 0.004
2803 2803 (0) 29 : 0.003 0.987 0.003 0.003 0.004
2804 2804 (0) 29 : 0.002 0.989 0.003 0.003 0.004
2805 2805 (0) 29 : 0.002 0.991 0.002 0.002 0.003
2806 2806 (0) 29 : 0.004 0.982 0.006 0.004 0.005
2807 2807 (0) 29 : 0.002 0.986 0.005 0.002 0.004
2808 2808 (0) 29 : 0.003 0.988 0.003 0.002 0.003
2809 2809 (0) 29 : 0.003 0.985 0.005 0.003 0.004
2810 2810 (0) 29 : 0.003 0.981 0.005 0.005 0.006
2811 2811 (0) 29 : 0.006 0.982 0.005 0.003 0.005
2812 2812 (0) 29 : 0.003 0.991 0.002 0.002 0.003
2813 2813 (0) 29 : 0.002 0.991 0.002 0.002 0.003
2814 2814 (0) 29 : 0.008 0.983 0.003 0.003 0.003
2815 2815 (0) 29 : 0.002 0.990 0.003 0.002 0.003
2816 2816 (0) 29 : 0.002 0.991 0.002 0.002 0.003
2817 2817 (0) 29 : 0.004 0.987 0.003 0.002 0.004
2818 2818 (0) 29 : 0.002 0.981 0.006 0.004 0.006
2819 2819 (0) 29 : 0.002 0.984 0.005 0.003 0.006
2820 2820 (0) 29 : 0.004 0.983 0.005 0.003 0.005
2821 2821 (0) 29 : 0.004 0.987 0.003 0.003 0.004
2822 2822 (0) 29 : 0.004 0.987 0.003 0.002 0.003
2823 2823 (0) 29 : 0.003 0.988 0.004 0.002 0.003
2824 2824 (0) 29 : 0.002 0.990 0.003 0.002 0.003
2825 2825 (0) 29 : 0.008 0.976 0.006 0.003 0.006
2826 2826 (0) 29 : 0.006 0.982 0.003 0.004 0.005
2827 2827 (0) 29 : 0.003 0.988 0.003 0.003 0.004
2828 2828 (0) 29 : 0.002 0.989 0.003 0.002 0.003
2829 2829 (0) 29 : 0.002 0.989 0.003 0.002 0.003
2830 2830 (0) 29 : 0.003 0.980 0.005 0.005 0.006
2831 2831 (0) 29 : 0.003 0.983 0.003 0.006 0.004
2832 2832 (0) 29 : 0.002 0.990 0.003 0.002 0.003
2833 2833 (0) 29 : 0.003 0.986 0.004 0.004 0.005
2834 2834 (0) 29 : 0.005 0.987 0.003 0.002 0.003
2835 2835 (0) 29 : 0.003 0.988 0.004 0.002 0.003
2836 2836 (0) 29 : 0.002 0.990 0.003 0.002 0.003
2837 2837 (0) 29 : 0.003 0.986 0.004 0.003 0.004
2838 2838 (0) 29 : 0.006 0.981 0.005 0.005 0.004
2839 2839 (0) 29 : 0.002 0.990 0.003 0.002 0.003
2840 2840 (0) 29 : 0.002 0.989 0.003 0.002 0.003
2841 2841 (0) 29 : 0.041 0.936 0.007 0.009 0.006
2842 2842 (0) 29 : 0.003 0.988 0.003 0.002 0.003
2843 2843 (0) 29 : 0.002 0.989 0.003 0.002 0.003
2844 2844 (0) 29 : 0.002 0.990 0.003 0.003 0.003
2845 2845 (0) 29 : 0.007 0.973 0.007 0.007 0.006
2846 2846 (0) 29 : 0.005 0.986 0.003 0.003 0.003
2847 2847 (0) 29 : 0.002 0.990 0.003 0.002 0.004
2848 2848 (0) 29 : 0.003 0.984 0.005 0.002 0.005
2849 2849 (0) 29 : 0.002 0.989 0.003 0.002 0.004
2850 2850 (0) 29 : 0.005 0.985 0.003 0.003 0.003
2851 2851 (0) 29 : 0.005 0.986 0.003 0.002 0.005
2852 2852 (0) 29 : 0.004 0.984 0.004 0.004 0.005
2853 2853 (0) 29 : 0.003 0.987 0.003 0.002 0.005
2854 2854 (0) 29 : 0.003 0.984 0.004 0.004 0.005
2855 2855 (0) 29 : 0.002 0.989 0.003 0.002 0.003
2856 2856 (0) 29 : 0.004 0.985 0.004 0.002 0.004
2857 2857 (0) 29 : 0.003 0.986 0.003 0.002 0.006
2858 2858 (0) 29 : 0.002 0.990 0.002 0.002 0.003
2859 2859 (0) 29 : 0.004 0.986 0.003 0.002 0.004
2860 2860 (0) 29 : 0.005 0.983 0.004 0.003 0.004
2861 2861 (0) 29 : 0.003 0.987 0.003 0.002 0.004
2862 2862 (0) 29 : 0.003 0.988 0.003 0.003 0.003
2863 2863 (0) 29 : 0.002 0.989 0.003 0.003 0.002
2864 2864 (0) 29 : 0.004 0.983 0.005 0.002 0.005
2865 2865 (0) 29 : 0.002 0.989 0.003 0.002 0.003
2866 2866 (0) 29 : 0.003 0.987 0.003 0.004 0.004
2867 2867 (0) 29 : 0.003 0.989 0.003 0.002 0.004
2868 2868 (0) 29 : 0.004 0.987 0.003 0.002 0.004
2869 2869 (0) 29 : 0.003 0.988 0.003 0.003 0.003
2870 2870 (0) 29 : 0.002 0.989 0.003 0.002 0.004
2871 2871 (0) 29 : 0.005 0.986 0.003 0.002 0.004
2872 2872 (0) 29 : 0.002 0.991 0.002 0.002 0.003
2873 2873 (0) 29 : 0.002 0.989 0.003 0.003 0.003
2874 2874 (0) 29 : 0.002 0.989 0.003 0.003 0.003
2875 2875 (0) 29 : 0.006 0.976 0.008 0.003 0.007
2876 2876 (0) 29 : 0.004 0.985 0.004 0.002 0.005
2877 2877 (0) 29 : 0.002 0.989 0.003 0.003 0.003
2878 2878 (0) 29 : 0.003 0.986 0.004 0.002 0.004
2879 2879 (0) 29 : 0.004 0.983 0.006 0.003 0.005
2880 2880 (0) 29 : 0.002 0.989 0.003 0.002 0.004
2881 2881 (0) 29 : 0.003 0.988 0.003 0.003 0.004
2882 2882 (0) 29 : 0.002 0.988 0.003 0.003 0.004
2883 2883 (0) 29 : 0.003 0.988 0.004 0.002 0.003
2884 2884 (0) 29 : 0.003 0.984 0.006 0.003 0.005
2885 2885 (0) 29 : 0.002 0.991 0.002 0.002 0.003
2886 2886 (0) 29 : 0.002 0.989 0.004 0.003 0.003
2887 2887 (0) 29 : 0.003 0.988 0.003 0.002 0.004
2888 2888 (0) 29 : 0.006 0.980 0.007 0.004 0.003
2889 2889 (0) 29 : 0.002 0.991 0.002 0.002 0.003
2890 2890 (0) 29 : 0.002 0.990 0.003 0.002 0.003
2891 2891 (0) 29 : 0.003 0.984 0.005 0.004 0.005
2892 2892 (0) 29 : 0.005 0.982 0.005 0.004 0.003
2893 2893 (0) 29 : 0.004 0.986 0.003 0.003 0.004
2894 2894 (0) 29 : 0.002 0.987 0.004 0.003 0.004
2895 2895 (0) 29 : 0.004 0.986 0.003 0.003 0.003
2896 2896 (0) 29 : 0.002 0.989 0.002 0.003 0.004
2897 2897 (0) 29 : 0.003 0.983 0.005 0.005 0.004
2898 2898 (0) 29 : 0.002 0.990 0.003 0.002 0.003
2899 2899 (0) 29 : 0.002 0.989 0.003 0.003 0.003
2900 2900 (0) 29 : 0.002 0.989 0.003 0.002 0.003
2901 2901 (0) 29 : 0.003 0.990 0.003 0.002 0.002
2902 2902 (0) 29 : 0.003 0.986 0.004 0.003 0.004
2903 2903 (0) 29 : 0.002 0.989 0.003 0.002 0.003
2904 2904 (0) 29 : 0.003 0.988 0.003 0.002 0.004
2905 2905 (0) 29 : 0.002 0.991 0.002 0.002 0.003
2906 2906 (0) 29 : 0.002 0.990 0.003 0.002 0.003
2907 2907 (0) 29 : 0.002 0.991 0.002 0.002 0.002
2908 2908 (0) 29 : 0.002 0.990 0.003 0.002 0.003
2909 2909 (0) 29 : 0.002 0.990 0.003 0.002 0.002
2910 2910 (0) 29 : 0.006 0.981 0.004 0.003 0.006
2911 2911 (0) 29 : 0.006 0.984 0.004 0.003 0.004
2912 2912 (0) 29 : 0.027 0.953 0.010 0.005 0.005
2913 2913 (0) 29 : 0.002 0.987 0.004 0.003 0.004
2914 2914 (0) 29 : 0.005 0.971 0.009 0.003 0.011
2915 2915 (0) 29 : 0.003 0.985 0.004 0.004 0.004
2916 2916 (0) 29 : 0.002 0.988 0.003 0.002 0.004
2917 2917 (0) 29 : 0.002 0.987 0.004 0.003 0.005
2918 2918 (0) 29 : 0.002 0.990 0.003 0.002 0.003
2919 2919 (0) 29 : 0.002 0.983 0.004 0.004 0.007
2920 2920 (0) 29 : 0.003 0.986 0.004 0.004 0.004
2921 2921 (0) 29 : 0.002 0.989 0.003 0.002 0.004
2922 2922 (0) 29 : 0.011 0.956 0.011 0.010 0.012
2923 2923 (0) 29 : 0.002 0.990 0.003 0.002 0.003
2924 2924 (0) 29 : 0.005 0.981 0.005 0.004 0.004
2925 2925 (0) 29 : 0.003 0.988 0.003 0.002 0.004
2926 2926 (5) 30 : 0.989 0.003 0.003 0.002 0.003
2927 2927 (0) 30 : 0.989 0.003 0.003 0.002 0.003
2928 2928 (0) 30 : 0.981 0.005 0.007 0.003 0.005
2929 2929 (0) 30 : 0.989 0.002 0.003 0.003 0.003
2930 2930 (5) 30 : 0.969 0.003 0.019 0.004 0.005
2931 2931 (0) 30 : 0.990 0.002 0.003 0.002 0.002
2932 2932 (0) 30 : 0.988 0.003 0.003 0.004 0.003
2933 2933 (0) 30 : 0.987 0.003 0.004 0.003 0.003
2934 2934 (0) 30 : 0.987 0.004 0.004 0.003 0.003
2935 2935 (0) 30 : 0.988 0.003 0.003 0.004 0.002
2936 2936 (0) 30 : 0.990 0.002 0.003 0.003 0.003
2937 2937 (0) 30 : 0.988 0.003 0.004 0.002 0.003
2938 2938 (5) 30 : 0.984 0.003 0.005 0.004 0.005
2939 2939 (0) 30 : 0.989 0.003 0.003 0.002 0.002
2940 2940 (0) 30 : 0.988 0.003 0.004 0.003 0.003
2941 2941 (0) 30 : 0.991 0.002 0.002 0.002 0.002
2942 2942 (0) 30 : 0.985 0.002 0.005 0.003 0.005
2943 2943 (0) 30 : 0.987 0.004 0.005 0.002 0.002
2944 2944 (0) 30 : 0.982 0.006 0.004 0.003 0.005
2945 2945 (0) 30 : 0.963 0.006 0.019 0.004 0.008
2946 2946 (0) 30 : 0.988 0.002 0.004 0.003 0.003
2947 2947 (0) 30 : 0.989 0.003 0.003 0.002 0.003
2948 2948 (0) 30 : 0.970 0.009 0.009 0.003 0.008
2949 2949 (0) 30 : 0.972 0.005 0.008 0.011 0.004
2950 2950 (0) 30 : 0.990 0.003 0.003 0.002 0.003
2951 2951 (0) 30 : 0.972 0.010 0.009 0.003 0.005
2952 2952 (0) 30 : 0.989 0.003 0.004 0.002 0.003
2953 2953 (0) 31 : 0.986 0.005 0.003 0.003 0.003
2954 2954 (0) 31 : 0.989 0.002 0.003 0.003 0.003
2955 2955 (0) 31 : 0.985 0.003 0.005 0.003 0.003
2956 2956 (0) 31 : 0.982 0.003 0.007 0.003 0.005
2957 2957 (0) 31 : 0.982 0.005 0.005 0.003 0.004
2958 2958 (0) 31 : 0.985 0.003 0.003 0.005 0.003
2959 2959 (0) 31 : 0.980 0.003 0.007 0.004 0.006
2960 2960 (0) 31 : 0.989 0.004 0.003 0.003 0.002
2961 2961 (0) 31 : 0.978 0.008 0.008 0.003 0.003
2962 2962 (0) 31 : 0.973 0.013 0.005 0.003 0.006
2963 2963 (0) 31 : 0.991 0.002 0.002 0.002 0.002
2964 2964 (0) 31 : 0.979 0.009 0.005 0.004 0.004
2965 2965 (0) 31 : 0.983 0.004 0.005 0.005 0.004
2966 2966 (0) 31 : 0.980 0.007 0.005 0.003 0.005
2967 2967 (0) 31 : 0.987 0.003 0.004 0.003 0.003
2968 2968 (0) 31 : 0.989 0.003 0.003 0.003 0.002
2969 2969 (0) 31 : 0.984 0.004 0.004 0.004 0.004
2970 2970 (0) 31 : 0.983 0.002 0.007 0.004 0.003
2971 2971 (0) 31 : 0.982 0.005 0.004 0.006 0.003
2972 2972 (0) 31 : 0.988 0.003 0.003 0.003 0.003
2973 2973 (0) 31 : 0.969 0.006 0.014 0.003 0.008
2974 2974 (0) 31 : 0.988 0.003 0.003 0.004 0.003
2975 2975 (0) 31 : 0.989 0.003 0.003 0.003 0.002
2976 2976 (0) 31 : 0.985 0.002 0.005 0.004 0.004
2977 2977 (0) 31 : 0.988 0.004 0.003 0.003 0.003
2978 2978 (0) 31 : 0.983 0.006 0.005 0.003 0.004
2979 2979 (0) 31 : 0.974 0.007 0.010 0.004 0.004
2980 2980 (0) 31 : 0.989 0.002 0.003 0.004 0.002
2981 2981 (0) 31 : 0.990 0.002 0.002 0.003 0.002
2982 2982 (0) 31 : 0.982 0.004 0.006 0.005 0.004
2983 2983 (0) 31 : 0.980 0.003 0.007 0.004 0.006
2984 2984 (0) 31 : 0.986 0.004 0.005 0.003 0.003
2985 2985 (0) 31 : 0.982 0.005 0.005 0.004 0.005
2986 2986 (0) 31 : 0.987 0.002 0.005 0.003 0.003
2987 2987 (0) 31 : 0.985 0.003 0.005 0.003 0.004
2988 2988 (0) 31 : 0.984 0.007 0.003 0.003 0.002
2989 2989 (0) 31 : 0.988 0.004 0.003 0.003 0.003
2990 2990 (0) 31 : 0.983 0.007 0.004 0.004 0.003
2991 2991 (0) 31 : 0.985 0.003 0.005 0.003 0.004
2992 2992 (0) 31 : 0.988 0.003 0.003 0.003 0.002
2993 2993 (0) 31 : 0.981 0.006 0.006 0.003 0.004
2994 2994 (0) 31 : 0.986 0.004 0.004 0.003 0.004
2995 2995 (0) 31 : 0.980 0.008 0.004 0.004 0.004
2996 2996 (0) 31 : 0.987 0.003 0.003 0.003 0.004
2997 2997 (0) 31 : 0.979 0.004 0.007 0.003 0.007
2998 2998 (0) 31 : 0.984 0.003 0.006 0.004 0.003
2999 2999 (0) 31 : 0.988 0.004 0.003 0.003 0.002
3000 3000 (0) 31 : 0.986 0.003 0.004 0.003 0.004
3001 3001 (0) 31 : 0.986 0.002 0.005 0.003 0.004
3002 3002 (0) 31 : 0.990 0.003 0.003 0.002 0.003
3003 3003 (0) 31 : 0.981 0.007 0.005 0.003 0.004
3004 3004 (0) 31 : 0.987 0.002 0.005 0.003 0.004
3005 3005 (0) 31 : 0.989 0.003 0.003 0.003 0.003
3006 3006 (0) 31 : 0.984 0.003 0.006 0.003 0.005
3007 3007 (0) 31 : 0.990 0.003 0.003 0.002 0.002
3008 3008 (0) 31 : 0.971 0.013 0.008 0.003 0.006
3009 3009 (0) 31 : 0.988 0.003 0.004 0.003 0.003
3010 3010 (0) 31 : 0.988 0.003 0.003 0.003 0.003
3011 3011 (0) 31 : 0.984 0.003 0.004 0.004 0.004
3012 3012 (0) 31 : 0.986 0.002 0.004 0.005 0.003
3013 3013 (0) 31 : 0.986 0.002 0.004 0.003 0.004
3014 3014 (0) 31 : 0.985 0.004 0.005 0.003 0.003
3015 3015 (0) 31 : 0.989 0.002 0.003 0.002 0.003
3016 3016 (0) 31 : 0.987 0.003 0.003 0.003 0.003
3017 3017 (0) 31 : 0.986 0.004 0.003 0.003 0.004
3018 3018 (0) 31 : 0.979 0.007 0.006 0.004 0.004
3019 3019 (0) 31 : 0.985 0.004 0.005 0.004 0.003
3020 3020 (0) 31 : 0.988 0.003 0.003 0.004 0.002
3021 3021 (0) 31 : 0.990 0.002 0.003 0.003 0.002
3022 3022 (0) 31 : 0.990 0.002 0.004 0.002 0.003
3023 3023 (0) 31 : 0.990 0.003 0.003 0.002 0.003
3024 3024 (0) 31 : 0.978 0.005 0.007 0.006 0.004
3025 3025 (0) 31 : 0.990 0.003 0.003 0.002 0.002
3026 3026 (0) 31 : 0.988 0.002 0.004 0.002 0.003
3027 3027 (0) 31 : 0.989 0.003 0.003 0.002 0.003
3028 3028 (0) 31 : 0.982 0.005 0.005 0.003 0.004
3029 3029 (0) 31 : 0.989 0.003 0.003 0.003 0.002
3030 3030 (0) 31 : 0.988 0.003 0.003 0.003 0.003
3031 3031 (0) 31 : 0.990 0.002 0.003 0.002 0.003
3032 3032 (0) 31 : 0.988 0.004 0.003 0.002 0.002
3033 3033 (0) 31 : 0.988 0.002 0.004 0.003 0.003
3034 3034 (0) 31 : 0.984 0.003 0.006 0.004 0.004
3035 3035 (0) 31 : 0.987 0.003 0.004 0.003 0.003
3036 3036 (0) 31 : 0.980 0.006 0.005 0.004 0.005
3037 3037 (0) 31 : 0.990 0.003 0.003 0.002 0.002
3038 3038 (0) 31 : 0.980 0.003 0.007 0.005 0.005
3039 3039 (0) 31 : 0.988 0.002 0.003 0.002 0.004
3040 3040 (0) 31 : 0.990 0.002 0.003 0.003 0.002
3041 3041 (0) 31 : 0.992 0.002 0.002 0.002 0.002
3042 3042 (0) 31 : 0.985 0.004 0.005 0.003 0.003
3043 3043 (0) 31 : 0.987 0.003 0.004 0.003 0.004
3044 3044 (0) 31 : 0.980 0.005 0.005 0.006 0.004
3045 3045 (0) 31 : 0.987 0.003 0.004 0.003 0.003
3046 3046 (0) 31 : 0.978 0.005 0.008 0.005 0.004
3047 3047 (0) 31 : 0.986 0.003 0.005 0.003 0.003
3048 3048 (0) 31 : 0.989 0.002 0.003 0.003 0.003
3049 3049 (0) 31 : 0.990 0.002 0.003 0.002 0.003
3050 3050 (0) 31 : 0.986 0.003 0.004 0.003 0.004
3051 3051 (0) 31 : 0.983 0.003 0.007 0.002 0.004
3052 3052 (0) 31 : 0.987 0.004 0.003 0.003 0.003
3053 3053 (0) 31 : 0.989 0.003 0.003 0.002 0.003
3054 3054 (0) 31 : 0.986 0.004 0.004 0.003 0.004
3055 3055 (0) 31 : 0.982 0.003 0.006 0.004 0.005
3056 3056 (0) 31 : 0.984 0.004 0.005 0.003 0.004
3057 3057 (0) 31 : 0.989 0.003 0.003 0.002 0.003
3058 3058 (0) 31 : 0.990 0.002 0.003 0.002 0.002
3059 3059 (0) 31 : 0.977 0.007 0.006 0.004 0.005
3060 3060 (0) 31 : 0.988 0.003 0.003 0.003 0.002
3061 3061 (0) 31 : 0.978 0.004 0.009 0.004 0.006
3062 3062 (0) 31 : 0.989 0.003 0.004 0.003 0.003
3063 3063 (0) 31 : 0.990 0.002 0.003 0.002 0.002
3064 3064 (0) 31 : 0.987 0.002 0.003 0.005 0.002
3065 3065 (0) 31 : 0.989 0.002 0.004 0.002 0.003
3066 3066 (0) 31 : 0.988 0.003 0.003 0.003 0.003
3067 3067 (0) 31 : 0.988 0.003 0.004 0.003 0.002
3068 3068 (0) 31 : 0.988 0.004 0.003 0.002 0.002
3069 3069 (0) 31 : 0.985 0.004 0.004 0.003 0.003
3070 3070 (0) 31 : 0.979 0.007 0.006 0.003 0.004
3071 3071 (0) 31 : 0.986 0.003 0.005 0.003 0.003
3072 3072 (0) 31 : 0.974 0.009 0.006 0.007 0.004
3073 3073 (0) 31 : 0.987 0.003 0.004 0.003 0.003
3074 3074 (0) 31 : 0.989 0.003 0.003 0.002 0.003
3075 3075 (0) 31 : 0.983 0.004 0.006 0.003 0.004
3076 3076 (0) 31 : 0.987 0.003 0.004 0.004 0.003
3077 3077 (0) 31 : 0.980 0.004 0.009 0.003 0.005
3078 3078 (0) 31 : 0.990 0.002 0.003 0.003 0.002
3079 3079 (0) 31 : 0.980 0.006 0.005 0.005 0.004
3080 3080 (0) 31 : 0.980 0.007 0.005 0.004 0.003
3081 3081 (0) 31 : 0.985 0.004 0.004 0.003 0.004
3082 3082 (0) 31 : 0.990 0.002 0.003 0.003 0.002
3083 3083 (0) 31 : 0.988 0.003 0.004 0.002 0.003
3084 3084 (0) 31 : 0.986 0.004 0.004 0.003 0.003
3085 3085 (0) 31 : 0.987 0.003 0.004 0.003 0.002
3086 3086 (0) 31 : 0.984 0.005 0.005 0.003 0.003
3087 3087 (0) 31 : 0.990 0.002 0.003 0.003 0.002
3088 3088 (0) 31 : 0.983 0.003 0.006 0.004 0.004
3089 3089 (0) 31 : 0.983 0.007 0.005 0.003 0.003
3090 3090 (0) 31 : 0.987 0.003 0.004 0.003 0.003
3091 3091 (0) 31 : 0.986 0.003 0.003 0.004 0.003
3092 3092 (0) 31 : 0.986 0.004 0.005 0.003 0.003
3093 3093 (0) 31 : 0.981 0.003 0.006 0.003 0.006
3094 3094 (0) 31 : 0.987 0.003 0.003 0.003 0.003
3095 3095 (0) 31 : 0.988 0.004 0.003 0.002 0.003
3096 3096 (0) 31 : 0.980 0.004 0.007 0.005 0.004
3097 3097 (0) 31 : 0.986 0.004 0.005 0.003 0.002
3098 3098 (0) 31 : 0.984 0.004 0.004 0.004 0.004
3099 3099 (0) 31 : 0.982 0.005 0.006 0.003 0.004
3100 3100 (0) 31 : 0.978 0.006 0.008 0.004 0.004
3101 3101 (0) 31 : 0.987 0.004 0.003 0.003 0.003
3102 3102 (0) 31 : 0.983 0.005 0.006 0.002 0.004
3103 3103 (0) 31 : 0.985 0.003 0.005 0.003 0.003
3104 3104 (0) 31 : 0.988 0.003 0.004 0.002 0.003
3105 3105 (0) 31 : 0.983 0.003 0.006 0.004 0.004
3106 3106 (0) 31 : 0.987 0.003 0.003 0.003 0.003
3107 3107 (0) 31 : 0.985 0.004 0.005 0.002 0.004
3108 3108 (0) 31 : 0.987 0.003 0.005 0.002 0.002
3109 3109 (0) 31 : 0.989 0.002 0.003 0.003 0.003
3110 3110 (0) 31 : 0.989 0.003 0.003 0.002 0.003
3111 3111 (0) 31 : 0.969 0.011 0.008 0.005 0.007
3112 3112 (0) 31 : 0.978 0.006 0.006 0.004 0.006
3113 3113 (0) 31 : 0.981 0.004 0.007 0.003 0.005
3114 3114 (0) 31 : 0.986 0.003 0.005 0.003 0.003
3115 3115 (0) 31 : 0.982 0.004 0.005 0.003 0.005
3116 3116 (0) 31 : 0.988 0.003 0.004 0.003 0.003
3117 3117 (0) 31 : 0.987 0.004 0.003 0.002 0.003
3118 3118 (0) 31 : 0.971 0.013 0.005 0.006 0.006
3119 3119 (0) 31 : 0.985 0.003 0.006 0.003 0.003
3120 3120 (0) 31 : 0.990 0.002 0.002 0.003 0.002
3121 3121 (0) 31 : 0.989 0.002 0.003 0.003 0.003
3122 3122 (0) 31 : 0.986 0.003 0.005 0.002 0.004
3123 3123 (0) 31 : 0.987 0.003 0.005 0.002 0.003
3124 3124 (0) 31 : 0.987 0.003 0.004 0.002 0.003
3125 3125 (0) 31 : 0.990 0.003 0.003 0.002 0.002
3126 3126 (0) 31 : 0.988 0.003 0.003 0.003 0.003
3127 3127 (0) 31 : 0.983 0.003 0.007 0.003 0.004
3128 3128 (0) 31 : 0.977 0.002 0.009 0.008 0.004
3129 3129 (0) 31 : 0.990 0.002 0.003 0.003 0.002
3130 3130 (0) 31 : 0.988 0.003 0.003 0.002 0.003
3131 3131 (0) 31 : 0.982 0.004 0.006 0.003 0.004
3132 3132 (0) 31 : 0.979 0.004 0.009 0.004 0.005
3133 3133 (0) 31 : 0.988 0.003 0.003 0.003 0.003
3134 3134 (0) 31 : 0.983 0.004 0.005 0.003 0.005
3135 3135 (0) 31 : 0.987 0.003 0.004 0.003 0.003
3136 3136 (0) 31 : 0.984 0.005 0.004 0.003 0.004
3137 3137 (0) 31 : 0.980 0.005 0.007 0.004 0.004
3138 3138 (0) 31 : 0.969 0.007 0.012 0.007 0.006
3139 3139 (0) 31 : 0.988 0.003 0.003 0.002 0.003
3140 3140 (0) 31 : 0.987 0.003 0.004 0.003 0.004
3141 3141 (0) 31 : 0.987 0.003 0.004 0.003 0.003
3142 3142 (0) 31 : 0.986 0.004 0.004 0.004 0.003
3143 3143 (0) 31 : 0.987 0.003 0.005 0.003 0.003
3144 3144 (0) 31 : 0.986 0.003 0.005 0.003 0.003
3145 3145 (0) 31 : 0.988 0.003 0.004 0.002 0.003
3146 3146 (0) 31 : 0.989 0.003 0.003 0.003 0.002
3147 3147 (0) 31 : 0.990 0.003 0.003 0.002 0.003
3148 3148 (0) 31 : 0.986 0.005 0.003 0.003 0.004
3149 3149 (0) 31 : 0.988 0.003 0.004 0.002 0.002
3150 3150 (0) 31 : 0.987 0.003 0.005 0.003 0.003
3151 3151 (0) 31 : 0.985 0.003 0.004 0.003 0.004
3152 3152 (0) 31 : 0.981 0.004 0.006 0.006 0.003
3153 3153 (0) 31 : 0.981 0.006 0.006 0.003 0.003
3154 3154 (0) 31 : 0.986 0.003 0.004 0.003 0.003
3155 3155 (0) 31 : 0.983 0.004 0.005 0.004 0.004
3156 3156 (0) 31 : 0.987 0.004 0.004 0.003 0.003
3157 3157 (0) 31 : 0.978 0.005 0.008 0.003 0.005
3158 3158 (0) 31 : 0.989 0.003 0.003 0.002 0.003
3159 3159 (0) 31 : 0.975 0.008 0.007 0.003 0.006
3160 3160 (0) 31 : 0.988 0.003 0.003 0.003 0.003
3161 3161 (0) 31 : 0.977 0.005 0.008 0.002 0.008
3162 3162 (0) 31 : 0.987 0.003 0.004 0.002 0.003
3163 3163 (0) 31 : 0.989 0.003 0.003 0.002 0.003
3164 3164 (0) 31 : 0.988 0.003 0.004 0.003 0.003
3165 3165 (0) 31 : 0.983 0.004 0.005 0.004 0.003
3166 3166 (0) 31 : 0.985 0.005 0.004 0.004 0.003
3167 3167 (0) 31 : 0.978 0.008 0.007 0.003 0.004
3168 3168 (0) 31 : 0.987 0.003 0.003 0.004 0.003
3169 3169 (0) 31 : 0.990 0.002 0.003 0.003 0.002
3170 3170 (0) 31 : 0.990 0.003 0.003 0.002 0.002
3171 3171 (0) 31 : 0.988 0.003 0.004 0.003 0.003
3172 3172 (0) 31 : 0.985 0.003 0.005 0.003 0.004
3173 3173 (0) 31 : 0.990 0.002 0.003 0.002 0.002
3174 3174 (0) 31 : 0.990 0.002 0.003 0.002 0.002
3175 3175 (0) 31 : 0.987 0.003 0.004 0.003 0.003
3176 3176 (0) 31 : 0.987 0.003 0.004 0.003 0.002
3177 3177 (0) 31 : 0.989 0.003 0.003 0.003 0.002
3178 3178 (0) 31 : 0.990 0.002 0.003 0.002 0.002
3179 3179 (0) 31 : 0.990 0.002 0.003 0.002 0.002
3180 3180 (0) 31 : 0.983 0.004 0.006 0.003 0.004
3181 3181 (0) 31 : 0.989 0.002 0.003 0.003 0.003
3182 3182 (0) 31 : 0.980 0.003 0.007 0.004 0.006
3183 3183 (0) 31 : 0.987 0.003 0.005 0.002 0.003
3184 3184 (0) 31 : 0.979 0.008 0.006 0.003 0.003
3185 3185 (0) 31 : 0.985 0.004 0.004 0.002 0.004
3186 3186 (0) 31 : 0.988 0.003 0.004 0.003 0.003
3187 3187 (0) 31 : 0.986 0.004 0.005 0.003 0.003
3188 3188 (0) 31 : 0.988 0.003 0.003 0.004 0.002
3189 3189 (0) 31 : 0.989 0.002 0.004 0.003 0.003
3190 3190 (0) 31 : 0.988 0.004 0.003 0.003 0.002
3191 3191 (0) 31 : 0.981 0.005 0.007 0.004 0.004
3192 3192 (0) 31 : 0.988 0.003 0.004 0.003 0.003
3193 3193 (0) 31 : 0.971 0.004 0.012 0.004 0.009
3194 3194 (0) 31 : 0.988 0.002 0.003 0.004 0.003
3195 3195 (0) 31 : 0.989 0.002 0.004 0.002 0.003
3196 3196 (0) 31 : 0.986 0.004 0.004 0.004 0.003
3197 3197 (0) 31 : 0.986 0.003 0.004 0.003 0.004
3198 3198 (0) 31 : 0.986 0.003 0.004 0.004 0.003
3199 3199 (0) 31 : 0.989 0.002 0.003 0.003 0.003
3200 3200 (0) 31 : 0.989 0.003 0.003 0.002 0.003
3201 3201 (0) 31 : 0.991 0.002 0.003 0.002 0.002
3202 3202 (0) 31 : 0.983 0.004 0.005 0.004 0.004
3203 3203 (0) 31 : 0.982 0.005 0.006 0.003 0.004
3204 3204 (0) 31 : 0.974 0.007 0.004 0.011 0.004
3205 3205 (0) 31 : 0.985 0.004 0.004 0.005 0.003
3206 3206 (0) 31 : 0.987 0.002 0.004 0.004 0.003
3207 3207 (0) 31 : 0.986 0.004 0.004 0.003 0.004
3208 3208 (0) 31 : 0.986 0.004 0.004 0.003 0.003
3209 3209 (0) 31 : 0.986 0.004 0.004 0.004 0.003
3210 3210 (0) 31 : 0.987 0.003 0.004 0.002 0.004
3211 3211 (0) 31 : 0.986 0.004 0.004 0.003 0.003
3212 3212 (0) 31 : 0.980 0.004 0.009 0.003 0.004
3213 3213 (0) 31 : 0.973 0.003 0.011 0.002 0.009
3214 3214 (0) 31 : 0.988 0.002 0.004 0.003 0.002
3215 3215 (0) 31 : 0.974 0.003 0.011 0.005 0.008
3216 3216 (0) 31 : 0.989 0.003 0.003 0.003 0.002
3217 3217 (0) 31 : 0.989 0.003 0.003 0.003 0.002
3218 3218 (0) 31 : 0.977 0.008 0.006 0.005 0.004
3219 3219 (0) 31 : 0.976 0.007 0.009 0.004 0.004
3220 3220 (0) 31 : 0.988 0.003 0.004 0.002 0.003
3221 3221 (0) 31 : 0.987 0.003 0.004 0.002 0.004
3222 3222 (0) 31 : 0.988 0.002 0.003 0.004 0.003
3223 3223 (0) 31 : 0.990 0.003 0.003 0.002 0.002
3224 3224 (0) 31 : 0.986 0.003 0.004 0.004 0.004
3225 3225 (0) 31 : 0.975 0.005 0.010 0.006 0.004
3226 3226 (0) 31 : 0.980 0.003 0.010 0.003 0.004
3227 3227 (0) 31 : 0.981 0.005 0.007 0.004 0.004
3228 3228 (0) 31 : 0.987 0.003 0.004 0.002 0.003
3229 3229 (0) 31 : 0.991 0.002 0.002 0.002 0.002
3230 3230 (0) 31 : 0.985 0.005 0.004 0.003 0.003
3231 3231 (0) 31 : 0.988 0.002 0.004 0.002 0.003
3232 3232 (0) 31 : 0.972 0.002 0.013 0.005 0.008
3233 3233 (0) 31 : 0.988 0.003 0.003 0.004 0.002
3234 3234 (0) 31 : 0.978 0.010 0.005 0.003 0.003
3235 3235 (0) 31 : 0.988 0.002 0.004 0.003 0.003
3236 3236 (0) 31 : 0.985 0.005 0.004 0.003 0.003
3237 3237 (0) 31 : 0.976 0.003 0.011 0.003 0.007
3238 3238 (0) 31 : 0.986 0.003 0.005 0.003 0.004
3239 3239 (0) 31 : 0.986 0.003 0.005 0.002 0.004
3240 3240 (0) 31 : 0.959 0.017 0.010 0.005 0.009
3241 3241 (0) 31 : 0.989 0.002 0.003 0.003 0.002
3242 3242 (0) 31 : 0.986 0.004 0.005 0.003 0.003
3243 3243 (0) 31 : 0.990 0.003 0.003 0.002 0.003
3244 3244 (0) 31 : 0.989 0.002 0.004 0.003 0.003
3245 3245 (0) 31 : 0.987 0.003 0.004 0.003 0.003
3246 3246 (0) 31 : 0.991 0.002 0.002 0.002 0.002
3247 3247 (0) 31 : 0.984 0.004 0.005 0.003 0.004
3248 3248 (0) 31 : 0.984 0.002 0.005 0.005 0.004
3249 3249 (0) 31 : 0.986 0.004 0.003 0.003 0.003
3250 3250 (0) 31 : 0.989 0.003 0.003 0.003 0.002
3251 3251 (0) 31 : 0.983 0.003 0.007 0.003 0.003
3252 3252 (0) 31 : 0.988 0.003 0.003 0.003 0.003
3253 3253 (0) 32 : 0.004 0.003 0.987 0.003 0.004
3254 3254 (0) 32 : 0.010 0.007 0.975 0.003 0.005
3255 3255 (0) 32 : 0.006 0.005 0.976 0.004 0.008
3256 3256 (0) 32 : 0.011 0.003 0.977 0.004 0.005
3257 3257 (0) 32 : 0.005 0.004 0.975 0.006 0.009
3258 3258 (0) 32 : 0.026 0.014 0.944 0.004 0.012
3259 3259 (0) 32 : 0.014 0.005 0.969 0.005 0.007
3260 3260 (0) 32 : 0.003 0.004 0.986 0.002 0.004
3261 3261 (0) 32 : 0.004 0.003 0.986 0.002 0.004
3262 3262 (0) 32 : 0.008 0.014 0.967 0.002 0.009
3263 3263 (0) 32 : 0.006 0.005 0.980 0.003 0.007
3264 3264 (0) 32 : 0.005 0.003 0.985 0.003 0.004
3265 3265 (0) 32 : 0.004 0.006 0.983 0.003 0.005
3266 3266 (0) 32 : 0.013 0.009 0.967 0.003 0.008
3267 3267 (0) 32 : 0.006 0.004 0.980 0.004 0.005
3268 3268 (0) 32 : 0.010 0.013 0.970 0.003 0.005
3269 3269 (0) 32 : 0.127 0.005 0.850 0.007 0.011
3270 3270 (0) 32 : 0.008 0.008 0.969 0.009 0.006
3271 3271 (0) 32 : 0.011 0.027 0.931 0.006 0.025
3272 3272 (0) 32 : 0.014 0.003 0.965 0.003 0.014
3273 3273 (0) 32 : 0.008 0.016 0.968 0.004 0.004
3274 3274 (0) 32 : 0.010 0.032 0.930 0.010 0.018
3275 3275 (5) 32 : 0.007 0.014 0.968 0.003 0.007
3276 3276 (0) 32 : 0.008 0.003 0.981 0.004 0.004
3277 3277 (0) 32 : 0.023 0.009 0.958 0.006 0.004
3278 3278 (0) 32 : 0.006 0.004 0.973 0.004 0.012
3279 3279 (0) 32 : 0.007 0.033 0.950 0.003 0.006
3280 3280 (0) 32 : 0.014 0.006 0.970 0.005 0.005
3281 3281 (0) 32 : 0.004 0.112 0.876 0.003 0.005
3282 3282 (0) 32 : 0.006 0.003 0.985 0.003 0.004
3283 3283 (5) 32 : 0.005 0.004 0.983 0.003 0.005
3284 3284 (0) 32 : 0.028 0.008 0.956 0.003 0.006
3285 3285 (0) 32 : 0.004 0.011 0.972 0.005 0.008
3286 3286 (0) 32 : 0.006 0.003 0.984 0.003 0.005
3287 3287 (0) 32 : 0.005 0.034 0.952 0.004 0.005
3288 3288 (0) 32 : 0.006 0.004 0.975 0.004 0.012
3289 3289 (5) 32 : 0.008 0.006 0.969 0.005 0.010
3290 3290 (5) 32 : 0.019 0.014 0.956 0.006 0.005
3291 3291 (5) 32 : 0.009 0.007 0.973 0.005 0.006
3292 3292 (5) 32 : 0.003 0.008 0.978 0.006 0.005
3293 3293 (0) 33 : 0.005 0.004 0.965 0.009 0.017
3294 3294 (0) 33 : 0.007 0.003 0.984 0.002 0.004
3295 3295 (0) 33 : 0.008 0.004 0.980 0.003 0.005
3296 3296 (0) 33 : 0.007 0.006 0.980 0.003 0.004
3297 3297 (0) 33 : 0.006 0.004 0.983 0.002 0.005
3298 3298 (0) 33 : 0.004 0.015 0.971 0.003 0.007
3299 3299 (0) 33 : 0.052 0.006 0.932 0.004 0.006
3300 3300 (0) 33 : 0.008 0.005 0.976 0.006 0.005
3301 3301 (0) 33 : 0.003 0.005 0.984 0.003 0.005
3302 3302 (0) 33 : 0.030 0.017 0.944 0.004 0.005
3303 3303 (0) 33 : 0.005 0.004 0.977 0.003 0.011
3304 3304 (0) 33 : 0.005 0.005 0.975 0.003 0.011
3305 3305 (0) 33 : 0.007 0.004 0.978 0.006 0.006
3306 3306 (0) 33 : 0.016 0.005 0.970 0.005 0.004
3307 3307 (0) 33 : 0.005 0.017 0.966 0.004 0.008
3308 3308 (0) 33 : 0.005 0.002 0.984 0.004 0.003
3309 3309 (0) 33 : 0.007 0.010 0.974 0.003 0.006
3310 3310 (0) 33 : 0.006 0.004 0.982 0.004 0.005
3311 3311 (0) 33 : 0.011 0.004 0.973 0.004 0.007
3312 3312 (0) 33 : 0.017 0.008 0.968 0.004 0.004
3313 3313 (0) 33 : 0.066 0.008 0.915 0.004 0.007
3314 3314 (0) 33 : 0.004 0.025 0.959 0.004 0.009
3315 3315 (0) 33 : 0.010 0.008 0.962 0.005 0.015
3316 3316 (0) 33 : 0.004 0.004 0.950 0.009 0.032
3317 3317 (0) 33 : 0.007 0.008 0.979 0.002 0.004
3318 3318 (0) 33 : 0.062 0.005 0.917 0.006 0.010
3319 3319 (0) 33 : 0.014 0.004 0.974 0.004 0.005
3320 3320 (0) 33 : 0.012 0.030 0.951 0.003 0.004
3321 3321 (0) 33 : 0.010 0.029 0.942 0.004 0.015
3322 3322 (0) 33 : 0.012 0.008 0.970 0.005 0.006
3323 3323 (0) 33 : 0.037 0.003 0.952 0.003 0.004
3324 3324 (0) 33 : 0.005 0.013 0.975 0.003 0.004
3325 3325 (0) 33 : 0.005 0.006 0.983 0.004 0.003
3326 3326 (0) 33 : 0.014 0.004 0.972 0.003 0.007
3327 3327 (0) 33 : 0.013 0.008 0.964 0.005 0.010
3328 3328 (0) 33 : 0.005 0.003 0.982 0.003 0.006
3329 3329 (0) 33 : 0.022 0.003 0.966 0.004 0.005
3330 3330 (0) 33 : 0.009 0.002 0.983 0.003 0.003
3331 3331 (0) 33 : 0.006 0.005 0.980 0.003 0.006
3332 3332 (0) 33 : 0.004 0.004 0.981 0.003 0.007
3333 3333 (0) 33 : 0.005 0.005 0.980 0.004 0.006
3334 3334 (0) 33 : 0.006 0.004 0.984 0.003 0.004
3335 3335 (0) 33 : 0.016 0.029 0.948 0.003 0.004
3336 3336 (0) 33 : 0.028 0.003 0.960 0.003 0.006
3337 3337 (0) 33 : 0.011 0.008 0.967 0.006 0.007
3338 3338 (0) 33 : 0.006 0.005 0.980 0.003 0.006
3339 3339 (0) 33 : 0.004 0.043 0.939 0.005 0.009
3340 3340 (0) 33 : 0.060 0.005 0.923 0.003 0.009
3341 3341 (0) 33 : 0.011 0.007 0.974 0.004 0.004
3342 3342 (0) 33 : 0.009 0.007 0.977 0.003 0.005
3343 3343 (0) 33 : 0.003 0.004 0.983 0.005 0.004
3344 3344 (0) 33 : 0.009 0.004 0.975 0.004 0.008
3345 3345 (0) 33 : 0.006 0.009 0.975 0.005 0.006
3346 3346 (0) 33 : 0.007 0.007 0.975 0.005 0.006
3347 3347 (0) 33 : 0.003 0.003 0.984 0.003 0.007
3348 3348 (0) 33 : 0.011 0.013 0.967 0.005 0.004
3349 3349 (0) 33 : 0.023 0.004 0.965 0.004 0.004
3350 3350 (0) 33 : 0.019 0.004 0.969 0.004 0.004
3351 3351 (0) 33 : 0.019 0.010 0.962 0.005 0.004
3352 3352 (0) 33 : 0.004 0.004 0.966 0.008 0.018
3353 3353 (0) 33 : 0.006 0.019 0.961 0.004 0.010
3354 3354 (0) 33 : 0.004 0.004 0.983 0.004 0.005
3355 3355 (0) 33 : 0.005 0.008 0.973 0.007 0.008
3356 3356 (0) 33 : 0.029 0.003 0.957 0.003 0.007
3357 3357 (0) 33 : 0.003 0.056 0.918 0.004 0.019
3358 3358 (0) 33 : 0.004 0.003 0.983 0.004 0.006
3359 3359 (0) 33 : 0.005 0.005 0.977 0.006 0.007
3360 3360 (0) 33 : 0.016 0.006 0.963 0.005 0.011
3361 3361 (0) 33 : 0.008 0.014 0.964 0.007 0.007
3362 3362 (0) 33 : 0.006 0.008 0.962 0.013 0.010
3363 3363 (0) 33 : 0.045 0.005 0.941 0.003 0.006
3364 3364 (0) 33 : 0.006 0.005 0.979 0.005 0.005
3365 3365 (0) 33 : 0.011 0.004 0.975 0.005 0.005
3366 3366 (0) 33 : 0.003 0.003 0.985 0.003 0.006
3367 3367 (0) 33 : 0.016 0.015 0.949 0.006 0.015
3368 3368 (0) 33 : 0.010 0.006 0.970 0.004 0.009
3369 3369 (0) 33 : 0.009 0.028 0.952 0.005 0.007
3370 3370 (0) 33 : 0.039 0.012 0.912 0.031 0.006
3371 3371 (0) 33 : 0.007 0.007 0.979 0.003 0.005
3372 3372 (0) 33 : 0.004 0.005 0.981 0.003 0.006
3373 3373 (0) 33 : 0.009 0.005 0.976 0.003 0.008
3374 3374 (0) 33 : 0.011 0.042 0.935 0.003 0.009
3375 3375 (0) 33 : 0.019 0.007 0.967 0.004 0.004
3376 3376 (0) 33 : 0.003 0.008 0.966 0.009 0.014
3377 3377 (0) 33 : 0.008 0.013 0.972 0.003 0.004
3378 3378 (0) 33 : 0.086 0.007 0.897 0.005 0.006
3379 3379 (0) 33 : 0.011 0.004 0.972 0.004 0.009
3380 3380 (0) 33 : 0.004 0.106 0.877 0.006 0.007
3381 3381 (0) 33 : 0.005 0.009 0.964 0.002 0.020
3382 3382 (0) 33 : 0.009 0.003 0.981 0.004 0.003
3383 3383 (0) 33 : 0.024 0.004 0.965 0.004 0.003
3384 3384 (0) 33 : 0.091 0.006 0.888 0.004 0.012
3385 3385 (0) 33 : 0.014 0.008 0.965 0.008 0.005
3386 3386 (0) 33 : 0.019 0.007 0.910 0.003 0.061
3387 3387 (0) 33 : 0.006 0.005 0.980 0.003 0.006
3388 3388 (0) 33 : 0.028 0.003 0.961 0.002 0.005
3389 3389 (0) 33 : 0.007 0.005 0.978 0.004 0.007
3390 3390 (0) 33 : 0.005 0.005 0.981 0.004 0.005
3391 3391 (0) 33 : 0.005 0.007 0.979 0.005 0.004
3392 3392 (0) 33 : 0.007 0.003 0.982 0.002 0.006
3393 3393 (0) 33 : 0.013 0.007 0.966 0.010 0.004
3394 3394 (0) 33 : 0.034 0.006 0.949 0.005 0.005
3395 3395 (0) 33 : 0.004 0.009 0.977 0.003 0.006
3396 3396 (0) 33 : 0.005 0.007 0.973 0.004 0.011
3397 3397 (0) 33 : 0.006 0.004 0.983 0.003 0.004
3398 3398 (0) 33 : 0.005 0.004 0.978 0.003 0.010
3399 3399 (0) 33 : 0.006 0.010 0.975 0.003 0.006
3400 3400 (0) 33 : 0.004 0.010 0.974 0.005 0.008
3401 3401 (0) 33 : 0.004 0.007 0.977 0.006 0.005
3402 3402 (0) 33 : 0.005 0.015 0.972 0.004 0.004
3403 3403 (0) 33 : 0.003 0.006 0.983 0.004 0.004
3404 3404 (0) 33 : 0.011 0.005 0.977 0.004 0.004
3405 3405 (0) 33 : 0.005 0.005 0.976 0.003 0.010
3406 3406 (0) 33 : 0.015 0.004 0.974 0.004 0.003
3407 3407 (0) 33 : 0.006 0.015 0.966 0.003 0.009
3408 3408 (0) 33 : 0.015 0.004 0.975 0.003 0.003
3409 3409 (0) 33 : 0.003 0.004 0.983 0.004 0.006
3410 3410 (0) 33 : 0.004 0.013 0.975 0.003 0.006
3411 3411 (0) 33 : 0.047 0.010 0.915 0.014 0.014
3412 3412 (0) 33 : 0.049 0.008 0.935 0.003 0.005
3413 3413 (0) 33 : 0.008 0.006 0.973 0.007 0.007
3414 3414 (0) 33 : 0.009 0.108 0.873 0.003 0.007
3415 3415 (0) 33 : 0.003 0.005 0.984 0.003 0.005
3416 3416 (0) 33 : 0.012 0.004 0.974 0.006 0.005
3417 3417 (0) 33 : 0.003 0.008 0.982 0.002 0.005
3418 3418 (0) 33 : 0.006 0.022 0.959 0.005 0.010
3419 3419 (0) 33 : 0.015 0.004 0.970 0.005 0.006
3420 3420 (0) 33 : 0.005 0.005 0.981 0.004 0.006
3421 3421 (0) 33 : 0.004 0.014 0.972 0.003 0.007
3422 3422 (0) 33 : 0.004 0.004 0.983 0.003 0.006
3423 3423 (0) 33 : 0.005 0.004 0.984 0.002 0.005
3424 3424 (0) 33 : 0.007 0.005 0.981 0.003 0.004
3425 3425 (0) 33 : 0.014 0.005 0.962 0.008 0.012
3426 3426 (0) 33 : 0.006 0.007 0.973 0.006 0.008
3427 3427 (0) 33 : 0.004 0.029 0.957 0.004 0.005
3428 3428 (0) 33 : 0.010 0.016 0.961 0.004 0.009
3429 3429 (0) 33 : 0.004 0.014 0.971 0.004 0.008
3430 3430 (0) 33 : 0.074 0.003 0.911 0.007 0.004
3431 3431 (0) 33 : 0.006 0.005 0.976 0.003 0.011
3432 3432 (0) 33 : 0.003 0.006 0.977 0.004 0.009
3433 3433 (0) 33 : 0.016 0.002 0.975 0.002 0.004
3434 3434 (0) 33 : 0.005 0.008 0.978 0.003 0.005
3435 3435 (0) 33 : 0.009 0.004 0.979 0.004 0.004
3436 3436 (0) 33 : 0.006 0.005 0.979 0.004 0.006
3437 3437 (0) 33 : 0.046 0.008 0.937 0.004 0.005
3438 3438 (0) 33 : 0.006 0.006 0.974 0.006 0.008
3439 3439 (0) 33 : 0.005 0.004 0.984 0.003 0.004
3440 3440 (0) 33 : 0.042 0.008 0.936 0.004 0.010
3441 3441 (0) 33 : 0.008 0.009 0.976 0.002 0.005
3442 3442 (0) 33 : 0.018 0.004 0.966 0.004 0.009
3443 3443 (0) 33 : 0.006 0.025 0.947 0.003 0.019
3444 3444 (0) 33 : 0.006 0.009 0.967 0.006 0.012
3445 3445 (0) 33 : 0.004 0.004 0.987 0.002 0.004
3446 3446 (0) 33 : 0.006 0.012 0.968 0.005 0.010
3447 3447 (0) 33 : 0.009 0.008 0.976 0.003 0.004
3448 3448 (0) 33 : 0.012 0.004 0.974 0.003 0.007
3449 3449 (0) 33 : 0.004 0.010 0.973 0.003 0.010
3450 3450 (0) 33 : 0.021 0.005 0.965 0.005 0.004
3451 3451 (0) 33 : 0.022 0.011 0.958 0.004 0.005
3452 3452 (0) 33 : 0.019 0.005 0.964 0.005 0.007
3453 3453 (0) 33 : 0.014 0.005 0.965 0.005 0.011
3454 3454 (0) 33 : 0.009 0.006 0.962 0.014 0.010
3455 3455 (0) 33 : 0.005 0.004 0.983 0.003 0.005
3456 3456 (0) 33 : 0.010 0.007 0.975 0.004 0.004
3457 3457 (0) 33 : 0.183 0.023 0.784 0.005 0.005
3458 3458 (0) 33 : 0.003 0.005 0.981 0.003 0.007
3459 3459 (0) 33 : 0.005 0.019 0.967 0.004 0.005
3460 3460 (0) 33 : 0.006 0.006 0.976 0.003 0.008
3461 3461 (0) 33 : 0.004 0.003 0.964 0.005 0.024
3462 3462 (0) 33 : 0.003 0.020 0.968 0.003 0.006
3463 3463 (0) 33 : 0.007 0.007 0.976 0.004 0.007
3464 3464 (0) 33 : 0.034 0.024 0.931 0.003 0.007
3465 3465 (0) 33 : 0.004 0.005 0.966 0.003 0.021
3466 3466 (0) 33 : 0.018 0.015 0.947 0.004 0.015
3467 3467 (0) 33 : 0.012 0.009 0.965 0.004 0.011
3468 3468 (0) 33 : 0.010 0.022 0.958 0.004 0.006
3469 3469 (0) 33 : 0.004 0.007 0.979 0.005 0.005
3470 3470 (0) 33 : 0.005 0.011 0.973 0.006 0.005
3471 3471 (0) 33 : 0.065 0.005 0.920 0.003 0.007
3472 3472 (0) 33 : 0.007 0.011 0.972 0.005 0.005
3473 3473 (0) 33 : 0.007 0.019 0.965 0.003 0.006
3474 3474 (0) 33 : 0.004 0.037 0.949 0.004 0.006
3475 3475 (0) 33 : 0.005 0.003 0.984 0.004 0.004
3476 3476 (0) 33 : 0.003 0.004 0.983 0.002 0.007
3477 3477 (0) 33 : 0.011 0.006 0.976 0.003 0.004
3478 3478 (0) 33 : 0.004 0.004 0.984 0.003 0.005
3479 3479 (0) 33 : 0.019 0.005 0.969 0.003 0.005
3480 3480 (0) 33 : 0.046 0.003 0.941 0.003 0.007
3481 3481 (0) 33 : 0.011 0.017 0.913 0.003 0.056
3482 3482 (0) 33 : 0.008 0.049 0.933 0.004 0.005
3483 3483 (0) 33 : 0.012 0.012 0.968 0.004 0.004
3484 3484 (0) 33 : 0.014 0.004 0.973 0.003 0.006
3485 3485 (0) 33 : 0.005 0.055 0.932 0.004 0.004
3486 3486 (0) 33 : 0.004 0.005 0.984 0.003 0.004
3487 3487 (0) 33 : 0.012 0.010 0.965 0.004 0.009
3488 3488 (0) 33 : 0.003 0.005 0.983 0.002 0.006
3489 3489 (0) 33 : 0.002 0.005 0.984 0.002 0.007
3490 3490 (0) 33 : 0.006 0.004 0.979 0.002 0.009
3491 3491 (0) 33 : 0.022 0.013 0.951 0.005 0.009
3492 3492 (0) 33 : 0.008 0.012 0.966 0.004 0.010
3493 3493 (0) 33 : 0.003 0.003 0.987 0.003 0.004
3494 3494 (0) 33 : 0.006 0.012 0.976 0.003 0.003
3495 3495 (0) 33 : 0.004 0.006 0.983 0.003 0.004
3496 3496 (0) 33 : 0.006 0.004 0.979 0.004 0.007
3497 3497 (0) 33 : 0.010 0.004 0.979 0.003 0.004
3498 3498 (0) 33 : 0.009 0.005 0.978 0.003 0.006
3499 3499 (0) 33 : 0.029 0.003 0.957 0.004 0.007
3500 3500 (0) 33 : 0.004 0.029 0.950 0.003 0.013
3501 3501 (0) 33 : 0.006 0.004 0.983 0.003 0.005
3502 3502 (0) 33 : 0.016 0.005 0.972 0.003 0.004
3503 3503 (0) 33 : 0.006 0.012 0.976 0.002 0.004
3504 3504 (0) 33 : 0.031 0.010 0.949 0.004 0.006
3505 3505 (0) 33 : 0.006 0.019 0.965 0.004 0.006
3506 3506 (0) 33 : 0.008 0.005 0.979 0.003 0.004
3507 3507 (0) 33 : 0.006 0.005 0.978 0.006 0.006
3508 3508 (0) 33 : 0.007 0.015 0.962 0.006 0.010
3509 3509 (0) 33 : 0.007 0.006 0.972 0.003 0.011
3510 3510 (0) 33 : 0.007 0.007 0.979 0.003 0.004
3511 3511 (0) 33 : 0.005 0.003 0.983 0.005 0.004
3512 3512 (0) 33 : 0.022 0.008 0.958 0.006 0.006
3513 3513 (0) 33 : 0.009 0.009 0.975 0.003 0.004
3514 3514 (0) 33 : 0.006 0.004 0.981 0.003 0.006
3515 3515 (0) 33 : 0.011 0.016 0.965 0.003 0.005
3516 3516 (0) 33 : 0.007 0.006 0.978 0.004 0.005
3517 3517 (0) 33 : 0.018 0.004 0.967 0.004 0.007
3518 3518 (0) 33 : 0.004 0.011 0.976 0.003 0.005
3519 3519 (0) 33 : 0.140 0.004 0.844 0.006 0.006
3520 3520 (0) 33 : 0.009 0.015 0.970 0.003 0.003
3521 3521 (0) 33 : 0.007 0.005 0.982 0.003 0.003
3522 3522 (0) 33 : 0.021 0.006 0.951 0.004 0.018
3523 3523 (0) 33 : 0.008 0.019 0.960 0.006 0.007
3524 3524 (0) 33 : 0.010 0.007 0.973 0.003 0.007
3525 3525 (0) 33 : 0.003 0.004 0.985 0.002 0.006
3526 3526 (0) 33 : 0.049 0.004 0.940 0.003 0.003
3527 3527 (0) 33 : 0.005 0.009 0.977 0.004 0.005
3528 3528 (0) 33 : 0.006 0.003 0.985 0.003 0.003
3529 3529 (0) 33 : 0.010 0.004 0.978 0.003 0.006
3530 3530 (0) 33 : 0.009 0.004 0.973 0.003 0.010
3531 3531 (0) 33 : 0.012 0.005 0.971 0.004 0.007
3532 3532 (0) 33 : 0.014 0.005 0.973 0.003 0.005
3533 3533 (0) 33 : 0.005 0.003 0.984 0.003 0.005
3534 3534 (0) 33 : 0.008 0.009 0.971 0.004 0.009
3535 3535 (0) 33 : 0.005 0.003 0.985 0.002 0.004
3536 3536 (0) 33 : 0.005 0.003 0.986 0.003 0.003
3537 3537 (0) 33 : 0.006 0.005 0.980 0.003 0.007
3538 3538 (0) 33 : 0.004 0.005 0.982 0.003 0.006
3539 3539 (0) 33 : 0.005 0.003 0.982 0.003 0.007
3540 3540 (0) 33 : 0.008 0.005 0.979 0.003 0.004
3541 3541 (0) 33 : 0.006 0.004 0.980 0.003 0.007
3542 3542 (0) 33 : 0.017 0.005 0.969 0.004 0.004
3543 3543 (0) 33 : 0.003 0.005 0.985 0.002 0.005
3544 3544 (0) 33 : 0.014 0.008 0.968 0.002 0.007
3545 3545 (0) 33 : 0.007 0.006 0.978 0.006 0.004
3546 3546 (0) 33 : 0.008 0.004 0.974 0.004 0.010
3547 3547 (0) 33 : 0.012 0.006 0.973 0.004 0.006
3548 3548 (0) 33 : 0.024 0.028 0.902 0.006 0.041
3549 3549 (0) 33 : 0.015 0.007 0.957 0.010 0.010
3550 3550 (0) 33 : 0.013 0.062 0.903 0.005 0.017
3551 3551 (0) 33 : 0.096 0.008 0.881 0.007 0.007
3552 3552 (0) 33 : 0.014 0.005 0.973 0.003 0.005
3553 3553 (0) 33 : 0.004 0.006 0.983 0.002 0.005
3554 3554 (0) 33 : 0.012 0.003 0.974 0.004 0.007
3555 3555 (0) 33 : 0.041 0.004 0.945 0.003 0.007
3556 3556 (0) 33 : 0.007 0.005 0.982 0.002 0.004
3557 3557 (0) 33 : 0.010 0.009 0.971 0.004 0.007
3558 3558 (0) 33 : 0.007 0.004 0.980 0.005 0.003
3559 3559 (0) 33 : 0.003 0.005 0.960 0.018 0.014
3560 3560 (0) 33 : 0.003 0.020 0.966 0.003 0.008
3561 3561 (0) 33 : 0.004 0.003 0.986 0.003 0.004
3562 3562 (0) 33 : 0.023 0.004 0.965 0.003 0.005
3563 3563 (0) 33 : 0.010 0.005 0.970 0.003 0.012
3564 3564 (0) 33 : 0.007 0.010 0.977 0.003 0.004
3565 3565 (0) 33 : 0.010 0.042 0.931 0.009 0.008
3566 3566 (0) 33 : 0.004 0.003 0.981 0.004 0.008
3567 3567 (0) 33 : 0.030 0.013 0.949 0.003 0.005
3568 3568 (0) 33 : 0.007 0.007 0.974 0.003 0.008
3569 3569 (0) 33 : 0.010 0.004 0.972 0.003 0.010
3570 3570 (0) 33 : 0.005 0.007 0.982 0.002 0.004
3571 3571 (0) 33 : 0.008 0.011 0.973 0.003 0.005
3572 3572 (0) 33 : 0.003 0.004 0.983 0.004 0.005
3573 3573 (0) 33 : 0.007 0.010 0.974 0.004 0.007
3574 3574 (0) 33 : 0.014 0.003 0.972 0.005 0.006
3575 3575 (0) 33 : 0.006 0.004 0.983 0.003 0.004
3576 3576 (0) 33 : 0.005 0.013 0.970 0.003 0.009
3577 3577 (0) 33 : 0.012 0.003 0.978 0.004 0.003
3578 3578 (0) 33 : 0.008 0.004 0.979 0.003 0.004
3579 3579 (0) 33 : 0.010 0.017 0.962 0.004 0.007
3580 3580 (0) 33 : 0.005 0.004 0.983 0.004 0.004
3581 3581 (0) 33 : 0.005 0.020 0.966 0.002 0.007
3582 3582 (0) 33 : 0.011 0.018 0.959 0.005 0.008
3583 3583 (0) 33 : 0.006 0.006 0.967 0.004 0.017
3584 3584 (0) 33 : 0.006 0.006 0.977 0.004 0.008
3585 3585 (0) 33 : 0.025 0.004 0.962 0.005 0.004
3586 3586 (0) 33 : 0.009 0.005 0.975 0.006 0.006
3587 3587 (0) 33 : 0.004 0.003 0.985 0.004 0.004
3588 3588 (0) 33 : 0.004 0.003 0.983 0.003 0.006
3589 3589 (0) 33 : 0.004 0.006 0.982 0.003 0.005
3590 3590 (0) 33 : 0.012 0.004 0.976 0.002 0.006
3591 3591 (0) 33 : 0.004 0.006 0.980 0.005 0.006
3592 3592 (0) 33 : 0.008 0.011 0.970 0.003 0.008
1 1 (5) 1 : 0.011 0.973 0.007 0.004 0.006
2 2 (5) 1 : 0.005 0.961 0.009 0.011 0.014
3 3 (5) 1 : 0.004 0.984 0.005 0.003 0.004
4 4 (0) 1 : 0.006 0.983 0.004 0.004 0.003
5 5 (0) 1 : 0.008 0.871 0.093 0.014 0.013
6 6 (0) 1 : 0.006 0.980 0.006 0.004 0.005
7 7 (0) 1 : 0.003 0.915 0.008 0.008 0.066
8 8 (5) 1 : 0.005 0.985 0.003 0.004 0.003
9 9 (0) 1 : 0.004 0.987 0.003 0.003 0.003
10 10 (0) 1 : 0.003 0.966 0.007 0.007 0.017
11 11 (0) 1 : 0.003 0.982 0.005 0.004 0.007
12 12 (0) 1 : 0.004 0.974 0.005 0.010 0.008
13 13 (0) 1 : 0.003 0.975 0.003 0.007 0.012
14 14 (0) 1 : 0.011 0.975 0.004 0.004 0.006
15 15 (0) 1 : 0.004 0.984 0.004 0.003 0.005
16 16 (0) 1 : 0.008 0.983 0.004 0.003 0.003
17 17 (0) 1 : 0.002 0.989 0.003 0.003 0.003
18 18 (0) 1 : 0.004 0.970 0.013 0.007 0.006
19 19 (0) 1 : 0.006 0.969 0.005 0.016 0.003
20 20 (0) 1 : 0.007 0.940 0.022 0.008 0.023
21 21 (0) 1 : 0.003 0.987 0.002 0.004 0.003
22 22 (0) 1 : 0.009 0.983 0.003 0.002 0.003
23 23 (0) 1 : 0.006 0.985 0.004 0.003 0.003
24 24 (0) 1 : 0.016 0.967 0.007 0.007 0.003
25 25 (0) 1 : 0.004 0.965 0.005 0.010 0.016
26 26 (0) 1 : 0.005 0.981 0.004 0.007 0.004
27 27 (5) 1 : 0.004 0.931 0.024 0.007 0.034
28 28 (0) 1 : 0.008 0.974 0.009 0.002 0.007
29 29 (0) 1 : 0.008 0.980 0.005 0.003 0.003
30 30 (0) 1 : 0.019 0.945 0.011 0.012 0.014
31 31 (0) 1 : 0.004 0.984 0.006 0.003 0.004
32 32 (0) 1 : 0.004 0.975 0.010 0.006 0.006
33 33 (0) 1 : 0.003 0.987 0.004 0.003 0.003
34 34 (0) 1 : 0.006 0.985 0.004 0.003 0.003
35 35 (0) 1 : 0.006 0.889 0.086 0.006 0.013
36 36 (0) 1 : 0.005 0.955 0.029 0.006 0.005
37 37 (0) 1 : 0.004 0.972 0.006 0.009 0.009
38 38 (0) 1 : 0.003 0.977 0.004 0.011 0.005
39 39 (0) 1 : 0.004 0.966 0.009 0.010 0.011
40 40 (0) 1 : 0.008 0.975 0.008 0.005 0.004
41 41 (0) 1 : 0.004 0.983 0.005 0.004 0.004
42 42 (0) 1 : 0.004 0.988 0.003 0.003 0.002
43 43 (0) 1 : 0.004 0.985 0.004 0.003 0.004
44 44 (0) 1 : 0.002 0.990 0.003 0.002 0.003
45 45 (5) 1 : 0.005 0.974 0.006 0.007 0.009
46 46 (0) 1 : 0.007 0.984 0.004 0.002 0.003
47 47 (0) 1 : 0.006 0.982 0.004 0.002 0.006
48 48 (0) 1 : 0.010 0.975 0.006 0.003 0.005
49 49 (0) 1 : 0.003 0.980 0.003 0.008 0.006
50 50 (0) 1 : 0.005 0.983 0.004 0.004 0.005
51 51 (0) 1 : 0.004 0.980 0.004 0.007 0.006
52 52 (0) 1 : 0.011 0.930 0.008 0.037 0.014
53 53 (0) 1 : 0.017 0.967 0.006 0.004 0.007
54 54 (0) 1 : 0.005 0.982 0.005 0.002 0.006
55 55 (0) 1 : 0.004 0.982 0.004 0.003 0.007
56 56 (0) 1 : 0.005 0.984 0.004 0.003 0.004
57 57 (10) 1 : 0.004 0.981 0.006 0.006 0.003
58 58 (5) 1 : 0.007 0.978 0.005 0.004 0.006
59 59 (0) 1 : 0.008 0.977 0.004 0.005 0.005
60 60 (0) 1 : 0.003 0.986 0.003 0.003 0.005
61 61 (0) 1 : 0.007 0.977 0.006 0.004 0.006
62 62 (0) 1 : 0.004 0.975 0.006 0.004 0.011
63 63 (0) 1 : 0.003 0.978 0.006 0.004 0.008
64 64 (0) 1 : 0.004 0.982 0.006 0.003 0.005
65 65 (0) 1 : 0.003 0.945 0.018 0.018 0.016
66 66 (0) 1 : 0.007 0.978 0.008 0.003 0.003
67 67 (5) 1 : 0.021 0.951 0.007 0.016 0.006
68 68 (0) 1 : 0.021 0.954 0.007 0.005 0.013
69 69 (0) 1 : 0.002 0.982 0.003 0.002 0.010
70 70 (0) 1 : 0.006 0.978 0.004 0.004 0.007
71 71 (5) 1 : 0.007 0.969 0.012 0.005 0.007
72 72 (0) 1 : 0.003 0.976 0.004 0.011 0.006
73 73 (5) 1 : 0.005 0.977 0.010 0.003 0.004
74 74 (10) 1 : 0.006 0.974 0.006 0.007 0.007
75 75 (10) 1 : 0.004 0.968 0.005 0.018 0.005
76 76 (0) 1 : 0.155 0.833 0.005 0.004 0.003
77 77 (10) 1 : 0.043 0.943 0.004 0.005 0.004
78 78 (0) 1 : 0.057 0.918 0.011 0.007 0.006
79 79 (5) 1 : 0.009 0.963 0.010 0.003 0.014
80 80 (0) 1 : 0.004 0.986 0.003 0.003 0.003
81 81 (0) 1 : 0.004 0.986 0.003 0.004 0.003
82 82 (0) 1 : 0.002 0.989 0.003 0.003 0.003
83 83 (0) 1 : 0.060 0.924 0.005 0.004 0.008
84 84 (0) 1 : 0.003 0.975 0.006 0.007 0.009
85 85 (0) 1 : 0.002 0.988 0.003 0.003 0.003
86 86 (5) 1 : 0.003 0.985 0.004 0.004 0.004
87 87 (0) 1 : 0.004 0.985 0.004 0.003 0.004
88 88 (0) 1 : 0.129 0.837 0.016 0.011 0.007
89 89 (0) 1 : 0.010 0.956 0.008 0.022 0.004
90 90 (0) 1 : 0.009 0.976 0.006 0.003 0.005
91 91 (0) 1 : 0.007 0.978 0.005 0.004 0.006
92 92 (0) 1 : 0.005 0.971 0.011 0.004 0.009
93 93 (0) 1 : 0.004 0.987 0.003 0.003 0.003
94 94 (5) 1 : 0.026 0.947 0.007 0.011 0.008
95 95 (0) 1 : 0.006 0.980 0.004 0.005 0.005
96 96 (5) 1 : 0.002 0.987 0.003 0.004 0.004
97 97 (0) 1 : 0.016 0.954 0.004 0.002 0.024
98 98 (0) 1 : 0.004 0.977 0.007 0.006 0.006
99 99 (5) 1 : 0.003 0.984 0.004 0.005 0.004
100 100 (5) 1 : 0.004 0.988 0.003 0.003 0.003
101 101 (0) 2 : 0.003 0.958 0.014 0.004 0.020
102 102 (0) 2 : 0.003 0.987 0.003 0.004 0.003
103 103 (0) 2 : 0.006 0.962 0.006 0.008 0.017
104 104 (0) 2 : 0.002 0.970 0.004 0.020 0.004
105 105 (0) 2 : 0.003 0.991 0.002 0.002 0.002
106 106 (0) 2 : 0.003 0.989 0.002 0.004 0.003
107 107 (0) 2 : 0.007 0.970 0.010 0.004 0.010
108 108 (0) 2 : 0.003 0.981 0.005 0.003 0.008
109 109 (0) 2 : 0.004 0.984 0.005 0.003 0.003
110 110 (0) 2 : 0.015 0.967 0.006 0.007 0.004
111 111 (0) 2 : 0.003 0.987 0.004 0.002 0.004
112 112 (0) 2 : 0.005 0.982 0.005 0.004 0.004
113 113 (0) 2 : 0.003 0.986 0.004 0.004 0.003
114 114 (0) 2 : 0.003 0.991 0.002 0.002 0.002
115 115 (0) 2 : 0.014 0.964 0.009 0.003 0.009
116 116 (0) 2 : 0.004 0.984 0.003 0.003 0.006
117 117 (0) 2 : 0.038 0.951 0.004 0.004 0.003
118 118 (0) 2 : 0.003 0.989 0.003 0.002 0.003
119 119 (0) 2 : 0.005 0.980 0.010 0.002 0.004
120 120 (0) 2 : 0.003 0.987 0.003 0.004 0.003
121 121 (0) 2 : 0.004 0.975 0.006 0.007 0.008
122 122 (0) 2 : 0.006 0.983 0.003 0.004 0.004
123 123 (0) 2 : 0.009 0.909 0.011 0.041 0.030
124 124 (0) 2 : 0.003 0.986 0.003 0.005 0.003
125 125 (0) 2 : 0.003 0.975 0.009 0.005 0.008
126 126 (0) 2 : 0.004 0.986 0.003 0.003 0.003
127 127 (0) 2 : 0.004 0.982 0.005 0.005 0.004
128 128 (0) 2 : 0.011 0.905 0.071 0.008 0.006
129 129 (0) 2 : 0.010 0.979 0.003 0.004 0.004
130 130 (0) 2 : 0.004 0.979 0.004 0.007 0.006
131 131 (0) 2 : 0.003 0.985 0.005 0.003 0.004
132 132 (0) 2 : 0.029 0.923 0.015 0.010 0.023
133 133 (0) 2 : 0.007 0.955 0.011 0.014 0.013
134 134 (0) 2 : 0.009 0.973 0.004 0.004 0.010
135 135 (0) 2 : 0.003 0.985 0.003 0.005 0.004
136 136 (0) 2 : 0.007 0.976 0.008 0.006 0.004
137 137 (0) 2 : 0.005 0.969 0.014 0.006 0.007
138 138 (0) 2 : 0.007 0.976 0.008 0.004 0.005
139 139 (0) 2 : 0.004 0.970 0.013 0.007 0.007
140 140 (0) 2 : 0.005 0.986 0.003 0.003 0.003
141 141 (0) 2 : 0.016 0.967 0.005 0.005 0.008
142 142 (0) 2 : 0.010 0.952 0.024 0.009 0.005
143 143 (0) 2 : 0.004 0.988 0.004 0.003 0.002
144 144 (0) 2 : 0.006 0.985 0.004 0.002 0.003
145 145 (0) 2 : 0.004 0.982 0.005 0.005 0.004
146 146 (0) 2 : 0.007 0.960 0.008 0.008 0.017
147 147 (0) 2 : 0.003 0.989 0.004 0.002 0.002
148 148 (0) 2 : 0.006 0.950 0.007 0.024 0.013
149 149 (0) 2 : 0.005 0.980 0.009 0.002 0.003
150 150 (0) 2 : 0.011 0.974 0.007 0.004 0.004
151 151 (0) 2 : 0.005 0.973 0.006 0.008 0.008
152 152 (0) 2 : 0.014 0.960 0.005 0.016 0.005
153 153 (0) 2 : 0.005 0.964 0.010 0.008 0.012
154 154 (0) 2 : 0.004 0.985 0.005 0.003 0.003
155 155 (0) 2 : 0.007 0.766 0.009 0.198 0.019
156 156 (0) 2 : 0.008 0.975 0.005 0.005 0.007
157 157 (0) 2 : 0.005 0.980 0.004 0.004 0.008
158 158 (0) 2 : 0.002 0.987 0.003 0.005 0.003
159 159 (0) 2 : 0.005 0.984 0.003 0.005 0.003
160 160 (0) 2 : 0.004 0.927 0.022 0.012 0.035
161 161 (0) 2 : 0.003 0.981 0.003 0.008 0.005
162 162 (0) 2 : 0.005 0.987 0.004 0.002 0.002
163 163 (0) 2 : 0.014 0.977 0.004 0.003 0.003
164 164 (0) 2 : 0.005 0.924 0.027 0.019 0.025
165 165 (0) 2 : 0.002 0.988 0.003 0.003 0.004
166 166 (0) 2 : 0.005 0.975 0.007 0.004 0.009
167 167 (0) 2 : 0.004 0.985 0.004 0.004 0.003
168 168 (0) 2 : 0.003 0.987 0.004 0.003 0.004
169 169 (0) 2 : 0.003 0.981 0.003 0.010 0.003
170 170 (0) 2 : 0.008 0.981 0.004 0.005 0.003
171 171 (0) 2 : 0.003 0.988 0.003 0.003 0.003
172 172 (0) 2 : 0.002 0.987 0.003 0.004 0.004
173 173 (0) 2 : 0.005 0.981 0.004 0.004 0.006
174 174 (0) 2 : 0.003 0.986 0.003 0.003 0.005
175 175 (0) 2 : 0.003 0.972 0.004 0.014 0.007
176 176 (0) 2 : 0.012 0.977 0.004 0.004 0.003
177 177 (0) 2 : 0.003 0.984 0.004 0.004 0.004
178 178 (0) 2 : 0.003 0.986 0.003 0.005 0.004
179 179 (0) 2 : 0.006 0.977 0.008 0.004 0.006
180 180 (0) 2 : 0.004 0.981 0.005 0.006 0.004
181 181 (0) 2 : 0.006 0.984 0.003 0.004 0.003
182 182 (0) 2 : 0.005 0.941 0.019 0.015 0.021
183 183 (0) 2 : 0.002 0.990 0.002 0.003 0.003
184 184 (0) 2 : 0.004 0.982 0.007 0.004 0.004
185 185 (0) 2 : 0.004 0.983 0.006 0.003 0.004
186 186 (0) 2 : 0.007 0.962 0.006 0.009 0.016
187 187 (0) 2 : 0.004 0.983 0.005 0.003 0.005
188 188 (0) 2 : 0.007 0.982 0.003 0.003 0.004
189 189 (0) 2 : 0.003 0.986 0.004 0.002 0.004
190 190 (0) 2 : 0.003 0.983 0.003 0.005 0.006
191 191 (0) 2 : 0.002 0.989 0.003 0.003 0.003
192 192 (0) 2 : 0.012 0.966 0.010 0.007 0.004
193 193 (0) 2 : 0.003 0.990 0.003 0.002 0.003
194 194 (0) 2 : 0.004 0.987 0.003 0.003 0.003
195 195 (0) 2 : 0.003 0.982 0.007 0.003 0.005
196 196 (0) 2 : 0.004 0.986 0.003 0.003 0.003
197 197 (0) 2 : 0.003 0.990 0.002 0.003 0.003
198 198 (0) 2 : 0.003 0.987 0.003 0.003 0.004
199 199 (0) 2 : 0.004 0.985 0.005 0.003 0.004
200 200 (0) 2 : 0.013 0.963 0.004 0.008 0.012
201 201 (0) 2 : 0.035 0.953 0.006 0.003 0.003
202 202 (0) 2 : 0.005 0.976 0.007 0.005 0.007
203 203 (0) 2 : 0.006 0.945 0.019 0.006 0.023
204 204 (0) 2 : 0.002 0.990 0.003 0.002 0.002
205 205 (0) 2 : 0.003 0.974 0.005 0.006 0.010
206 206 (0) 2 : 0.004 0.985 0.003 0.003 0.005
207 207 (0) 2 : 0.011 0.969 0.006 0.006 0.007
208 208 (0) 2 : 0.003 0.974 0.005 0.011 0.007
209 209 (0) 2 : 0.003 0.986 0.004 0.004 0.003
210 210 (0) 2 : 0.012 0.971 0.005 0.005 0.006
211 211 (0) 2 : 0.009 0.926 0.047 0.003 0.015
212 212 (0) 2 : 0.004 0.985 0.003 0.004 0.004
213 213 (0) 2 : 0.004 0.978 0.005 0.007 0.007
214 214 (0) 2 : 0.015 0.968 0.008 0.004 0.006
215 215 (0) 2 : 0.009 0.964 0.008 0.006 0.013
216 216 (0) 2 : 0.005 0.971 0.013 0.006 0.006
217 217 (0) 2 : 0.004 0.986 0.005 0.002 0.003
218 218 (0) 2 : 0.005 0.980 0.003 0.008 0.004
219 219 (0) 2 : 0.003 0.986 0.003 0.003 0.004
220 220 (0) 2 : 0.005 0.973 0.015 0.003 0.005
221 221 (0) 2 : 0.003 0.987 0.003 0.004 0.003
222 222 (0) 2 : 0.005 0.980 0.006 0.004 0.005
223 223 (0) 2 : 0.012 0.975 0.004 0.004 0.005
224 224 (0) 2 : 0.006 0.977 0.006 0.005 0.005
225 225 (0) 2 : 0.002 0.987 0.003 0.003 0.004
226 226 (0) 2 : 0.005 0.978 0.006 0.004 0.007
227 227 (0) 2 : 0.021 0.958 0.007 0.007 0.008
228 228 (0) 2 : 0.005 0.971 0.010 0.004 0.009
229 229 (0) 2 : 0.003 0.983 0.004 0.006 0.004
230 230 (0) 2 : 0.003 0.989 0.002 0.003 0.003
231 231 (0) 2 : 0.050 0.919 0.018 0.008 0.005
232 232 (0) 2 : 0.005 0.984 0.005 0.003 0.003
233 233 (0) 2 : 0.006 0.984 0.004 0.003 0.003
234 234 (0) 2 : 0.020 0.770 0.034 0.168 0.008
235 235 (0) 2 : 0.010 0.972 0.006 0.005 0.008
236 236 (0) 2 : 0.044 0.889 0.012 0.038 0.017
237 237 (0) 2 : 0.012 0.973 0.006 0.003 0.005
238 238 (0) 2 : 0.004 0.982 0.005 0.004 0.004
239 239 (0) 2 : 0.056 0.927 0.010 0.003 0.004
240 240 (0) 2 : 0.007 0.980 0.005 0.004 0.004
241 241 (0) 2 : 0.005 0.921 0.020 0.023 0.032
242 242 (0) 2 : 0.009 0.946 0.011 0.007 0.027
243 243 (0) 2 : 0.003 0.988 0.003 0.003 0.003
244 244 (0) 2 : 0.004 0.978 0.008 0.004 0.006
245 245 (0) 2 : 0.009 0.733 0.158 0.006 0.094
246 246 (0) 2 : 0.020 0.963 0.009 0.003 0.005
247 247 (0) 2 : 0.005 0.982 0.006 0.004 0.003
248 248 (0) 2 : 0.007 0.868 0.039 0.055 0.031
249 249 (0) 2 : 0.004 0.963 0.004 0.024 0.005
250 250 (0) 2 : 0.062 0.921 0.004 0.007 0.006
251 251 (0) 2 : 0.007 0.973 0.009 0.006 0.004
252 252 (0) 2 : 0.014 0.949 0.008 0.005 0.023
253 253 (0) 2 : 0.002 0.987 0.003 0.003 0.005
254 254 (0) 2 : 0.004 0.987 0.003 0.003 0.003
255 255 (0) 2 : 0.005 0.976 0.004 0.007 0.008
256 256 (0) 2 : 0.005 0.981 0.003 0.007 0.004
257 257 (0) 2 : 0.015 0.969 0.008 0.003 0.005
258 258 (0) 2 : 0.005 0.982 0.005 0.003 0.005
259 259 (0) 2 : 0.011 0.973 0.005 0.005 0.005
260 260 (0) 2 : 0.004 0.920 0.024 0.017 0.035
261 261 (0) 2 : 0.005 0.960 0.009 0.007 0.020
262 262 (0) 2 : 0.004 0.964 0.014 0.013 0.006
263 263 (0) 2 : 0.004 0.981 0.006 0.004 0.006
264 264 (0) 2 : 0.008 0.852 0.019 0.063 0.058
265 265 (0) 2 : 0.011 0.940 0.008 0.030 0.011
266 266 (0) 2 : 0.003 0.984 0.003 0.006 0.003
267 267 (0) 2 : 0.003 0.979 0.005 0.005 0.008
268 268 (0) 2 : 0.003 0.988 0.003 0.003 0.003
269 269 (0) 2 : 0.013 0.967 0.011 0.002 0.007
270 270 (0) 2 : 0.009 0.977 0.005 0.006 0.004
271 271 (0) 2 : 0.004 0.981 0.006 0.003 0.005
272 272 (0) 2 : 0.004 0.952 0.009 0.003 0.031
273 273 (0) 2 : 0.004 0.980 0.008 0.005 0.005
274 274 (0) 2 : 0.006 0.979 0.005 0.007 0.003
275 275 (0) 2 : 0.002 0.986 0.004 0.003 0.004
276 276 (0) 2 : 0.005 0.981 0.005 0.003 0.006
277 277 (0) 2 : 0.024 0.961 0.004 0.005 0.006
278 278 (0) 2 : 0.022 0.958 0.006 0.006 0.008
279 279 (0) 2 : 0.004 0.947 0.008 0.014 0.026
280 280 (0) 2 : 0.005 0.976 0.006 0.002 0.010
281 281 (0) 2 : 0.009 0.981 0.004 0.002 0.003
282 282 (0) 2 : 0.004 0.987 0.003 0.003 0.003
283 283 (0) 2 : 0.004 0.983 0.004 0.004 0.006
284 284 (0) 2 : 0.002 0.986 0.003 0.005 0.004
285 285 (0) 2 : 0.009 0.973 0.007 0.006 0.004
286 286 (0) 2 : 0.010 0.978 0.005 0.003 0.004
287 287 (0) 2 : 0.003 0.988 0.003 0.003 0.004
288 288 (0) 2 : 0.031 0.935 0.010 0.017 0.006
289 289 (0) 2 : 0.027 0.927 0.014 0.025 0.007
290 290 (0) 2 : 0.003 0.987 0.003 0.004 0.003
291 291 (0) 2 : 0.010 0.968 0.008 0.005 0.009
292 292 (0) 2 : 0.011 0.966 0.012 0.006 0.005
293 293 (0) 2 : 0.005 0.976 0.007 0.007 0.005
294 294 (0) 2 : 0.022 0.937 0.011 0.017 0.013
295 295 (0) 2 : 0.015 0.968 0.007 0.005 0.005
296 296 (0) 2 : 0.007 0.984 0.002 0.004 0.003
297 297 (0) 2 : 0.013 0.844 0.021 0.005 0.118
298 298 (0) 2 : 0.006 0.976 0.006 0.005 0.007
299 299 (0) 2 : 0.007 0.965 0.016 0.008 0.005
300 300 (0) 2 : 0.009 0.980 0.004 0.003 0.004
301 301 (5) 3 : 0.004 0.571 0.006 0.006 0.413
302 302 (0) 3 : 0.007 0.281 0.051 0.022 0.640
303 303 (0) 3 : 0.018 0.436 0.010 0.011 0.525
304 304 (5) 3 : 0.005 0.330 0.155 0.008 0.502
305 305 (5) 3 : 0.002 0.339 0.017 0.010 0.632
306 306 (0) 3 : 0.011 0.243 0.017 0.033 0.696
307 307 (0) 4 : 0.009 0.441 0.013 0.026 0.511
308 308 (0) 4 : 0.038 0.473 0.006 0.011 0.472
309 309 (0) 4 : 0.015 0.473 0.019 0.047 0.447
310 310 (0) 4 : 0.006 0.411 0.024 0.004 0.555
311 311 (0) 4 : 0.013 0.454 0.019 0.019 0.495
312 312 (0) 4 : 0.006 0.374 0.009 0.014 0.597
313 313 (0) 4 : 0.009 0.488 0.005 0.009 0.488
314 314 (0) 4 : 0.015 0.465 0.006 0.003 0.511
315 315 (0) 4 : 0.009 0.394 0.006 0.030 0.560
316 316 (0) 4 : 0.005 0.513 0.005 0.003 0.473
317 317 (0) 4 : 0.009 0.382 0.011 0.009 0.589
318 318 (0) 4 : 0.003 0.386 0.008 0.006 0.596
319 319 (0) 4 : 0.005 0.477 0.007 0.013 0.499
320 320 (0) 4 : 0.003 0.441 0.009 0.008 0.539
321 321 (0) 4 : 0.011 0.489 0.012 0.045 0.444
322 322 (0) 4 : 0.007 0.523 0.034 0.006 0.429
323 323 (0) 4 : 0.015 0.348 0.014 0.014 0.609
324 324 (0) 4 : 0.009 0.366 0.009 0.007 0.609
325 325 (0) 4 : 0.003 0.697 0.005 0.007 0.287
326 326 (0) 4 : 0.004 0.615 0.031 0.079 0.271
327 327 (0) 4 : 0.023 0.445 0.008 0.004 0.519
328 328 (0) 4 : 0.008 0.430 0.022 0.011 0.530
329 329 (0) 4 : 0.005 0.425 0.006 0.013 0.551
330 330 (0) 4 : 0.008 0.388 0.007 0.005 0.592
331 331 (0) 4 : 0.027 0.589 0.026 0.014 0.344
332 332 (0) 4 : 0.003 0.516 0.050 0.028 0.402
333 333 (0) 4 : 0.010 0.330 0.009 0.005 0.646
334 334 (0) 4 : 0.013 0.586 0.023 0.006 0.373
335 335 (0) 4 : 0.004 0.489 0.024 0.021 0.462
336 336 (0) 4 : 0.024 0.431 0.008 0.004 0.533
337 337 (0) 4 : 0.010 0.539 0.007 0.009 0.434
338 338 (0) 4 : 0.012 0.577 0.027 0.005 0.378
339 339 (0) 4 : 0.012 0.390 0.008 0.005 0.585
340 340 (0) 4 : 0.005 0.408 0.009 0.007 0.571
341 341 (0) 4 : 0.008 0.618 0.026 0.013 0.335
342 342 (0) 4 : 0.007 0.370 0.007 0.007 0.609
343 343 (0) 4 : 0.005 0.332 0.008 0.006 0.649
344 344 (0) 4 : 0.007 0.433 0.012 0.011 0.536
345 345 (0) 4 : 0.004 0.503 0.007 0.004 0.482
346 346 (0) 4 : 0.020 0.407 0.045 0.010 0.518
347 347 (0) 4 : 0.004 0.225 0.012 0.003 0.757
348 348 (0) 4 : 0.005 0.290 0.008 0.003 0.694
349 349 (0) 4 : 0.007 0.251 0.008 0.186 0.547
350 350 (0) 4 : 0.004 0.537 0.009 0.007 0.443
351 351 (0) 4 : 0.003 0.441 0.007 0.006 0.543
352 352 (0) 4 : 0.003 0.466 0.006 0.009 0.516
353 353 (0) 4 : 0.005 0.486 0.011 0.003 0.494
354 354 (0) 4 : 0.004 0.492 0.007 0.012 0.485
355 355 (0) 4 : 0.015 0.437 0.028 0.005 0.515
356 356 (0) 4 : 0.004 0.517 0.012 0.006 0.461
357 357 (0) 4 : 0.004 0.393 0.024 0.029 0.550
358 358 (0) 4 : 0.003 0.541 0.006 0.005 0.444
359 359 (0) 4 : 0.010 0.388 0.011 0.005 0.586
360 360 (0) 4 : 0.004 0.479 0.007 0.004 0.506
361 361 (0) 4 : 0.003 0.382 0.093 0.064 0.458
362 362 (0) 4 : 0.004 0.514 0.006 0.008 0.468
363 363 (0) 4 : 0.012 0.438 0.003 0.004 0.542
364 364 (0) 4 : 0.011 0.418 0.006 0.014 0.550
365 365 (0) 4 : 0.004 0.456 0.004 0.017 0.519
366 366 (0) 4 : 0.007 0.558 0.064 0.017 0.354
367 367 (0) 4 : 0.060 0.515 0.023 0.009 0.393
368 368 (0) 4 : 0.004 0.544 0.004 0.005 0.444
369 369 (0) 4 : 0.020 0.616 0.019 0.009 0.336
370 370 (0) 4 : 0.009 0.444 0.014 0.027 0.506
371 371 (0) 4 : 0.010 0.584 0.011 0.013 0.382
372 372 (0) 4 : 0.006 0.347 0.046 0.037 0.564
373 373 (0) 4 : 0.023 0.239 0.016 0.006 0.716
374 374 (0) 4 : 0.004 0.496 0.151 0.036 0.314
375 375 (0) 4 : 0.012 0.416 0.005 0.044 0.522
376 376 (0) 4 : 0.011 0.575 0.042 0.034 0.338
377 377 (0) 4 : 0.215 0.446 0.236 0.013 0.090
378 378 (0) 4 : 0.004 0.242 0.104 0.021 0.628
379 379 (0) 4 : 0.009 0.499 0.009 0.005 0.477
380 380 (0) 4 : 0.003 0.455 0.006 0.003 0.533
381 381 (0) 4 : 0.004 0.357 0.058 0.022 0.559
382 382 (0) 4 : 0.004 0.540 0.005 0.003 0.448
383 383 (0) 4 : 0.004 0.569 0.034 0.010 0.382
384 384 (0) 4 : 0.004 0.340 0.627 0.014 0.015
385 385 (0) 4 : 0.016 0.603 0.013 0.017 0.350
386 386 (0) 4 : 0.010 0.356 0.048 0.006 0.580
387 387 (0) 4 : 0.005 0.337 0.013 0.158 0.487
388 388 (0) 4 : 0.007 0.529 0.008 0.004 0.452
389 389 (0) 4 : 0.004 0.540 0.006 0.003 0.447
390 390 (0) 4 : 0.020 0.362 0.024 0.003 0.591
391 391 (0) 4 : 0.012 0.414 0.088 0.129 0.358
392 392 (0) 4 : 0.072 0.433 0.006 0.017 0.472
393 393 (0) 4 : 0.004 0.594 0.021 0.076 0.305
394 394 (0) 4 : 0.004 0.361 0.008 0.011 0.616
395 395 (0) 4 : 0.003 0.424 0.008 0.049 0.515
396 396 (0) 4 : 0.006 0.401 0.009 0.005 0.579
397 397 (0) 4 : 0.009 0.514 0.008 0.019 0.449
398 398 (0) 4 : 0.006 0.527 0.005 0.005 0.457
399 399 (0) 4 : 0.009 0.404 0.007 0.081 0.499
400 400 (0) 4 : 0.004 0.666 0.007 0.005 0.319
401 401 (0) 4 : 0.005 0.588 0.007 0.005 0.395
402 402 (0) 4 : 0.004 0.322 0.016 0.005 0.652
403 403 (0) 4 : 0.004 0.622 0.009 0.004 0.360
404 404 (0) 4 : 0.009 0.654 0.083 0.014 0.241
405 405 (0) 4 : 0.024 0.349 0.050 0.009 0.568
406 406 (0) 4 : 0.006 0.305 0.009 0.008 0.672
407 407 (0) 5 : 0.035 0.410 0.509 0.006 0.041
408 408 (0) 5 : 0.008 0.496 0.480 0.009 0.008
409 409 (0) 5 : 0.012 0.454 0.419 0.016 0.099
410 410 (0) 5 : 0.004 0.501 0.467 0.007 0.021
411 411 (0) 5 : 0.003 0.275 0.679 0.005 0.038
412 412 (0) 5 : 0.008 0.442 0.512 0.023 0.015
413 413 (0) 5 : 0.095 0.482 0.400 0.008 0.016
414 414 (0) 5 : 0.039 0.561 0.384 0.004 0.013
415 415 (0) 5 : 0.003 0.489 0.481 0.020 0.007
416 416 (0) 5 : 0.011 0.490 0.486 0.006 0.006
417 417 (0) 5 : 0.007 0.667 0.276 0.004 0.046
418 418 (0) 5 : 0.006 0.474 0.440 0.061 0.020
419 419 (0) 5 : 0.004 0.617 0.321 0.004 0.054
420 420 (0) 5 : 0.007 0.400 0.578 0.005 0.010
421 421 (0) 5 : 0.007 0.365 0.571 0.007 0.052
422 422 (0) 5 : 0.011 0.528 0.426 0.024 0.011
423 423 (0) 5 : 0.003 0.395 0.584 0.004 0.014
424 424 (0) 5 : 0.009 0.431 0.500 0.008 0.052
425 425 (0) 5 : 0.016 0.437 0.495 0.006 0.046
426 426 (0) 5 : 0.008 0.402 0.575 0.010 0.005
427 427 (0) 5 : 0.006 0.349 0.634 0.004 0.007
428 428 (0) 5 : 0.059 0.149 0.464 0.006 0.322
429 429 (0) 5 : 0.005 0.602 0.376 0.009 0.008
430 430 (0) 5 : 0.076 0.510 0.363 0.006 0.045
431 431 (0) 5 : 0.007 0.451 0.523 0.011 0.009
432 432 (0) 5 : 0.005 0.539 0.399 0.005 0.052
433 433 (0) 5 : 0.003 0.373 0.600 0.015 0.008
434 434 (0) 5 : 0.008 0.708 0.059 0.059 0.166
435 435 (0) 5 : 0.022 0.563 0.401 0.003 0.011
436 436 (0) 5 : 0.010 0.511 0.370 0.006 0.103
437 437 (0) 5 : 0.013 0.459 0.497 0.019 0.012
438 438 (0) 5 : 0.010 0.470 0.505 0.008 0.006
439 439 (0) 5 : 0.006 0.518 0.346 0.061 0.069
440 440 (0) 5 : 0.005 0.672 0.207 0.095 0.022
441 441 (0) 5 : 0.006 0.498 0.337 0.006 0.153
442 442 (0) 5 : 0.007 0.528 0.387 0.020 0.057
443 443 (0) 5 : 0.012 0.427 0.545 0.004 0.012
444 444 (0) 5 : 0.008 0.503 0.436 0.009 0.044
445 445 (0) 5 : 0.004 0.442 0.538 0.005 0.012
446 446 (0) 5 : 0.046 0.400 0.522 0.008 0.024
447 447 (0) 5 : 0.004 0.351 0.578 0.005 0.061
448 448 (0) 5 : 0.024 0.576 0.261 0.098 0.041
449 449 (0) 5 : 0.007 0.505 0.410 0.004 0.074
450 450 (0) 5 : 0.009 0.556 0.407 0.019 0.009
451 451 (0) 5 : 0.004 0.534 0.452 0.003 0.007
452 452 (0) 5 : 0.005 0.470 0.515 0.004 0.005
453 453 (0) 5 : 0.007 0.621 0.356 0.004 0.012
454 454 (0) 5 : 0.014 0.550 0.394 0.006 0.036
455 455 (0) 5 : 0.005 0.346 0.639 0.003 0.007
456 456 (0) 5 : 0.003 0.468 0.496 0.008 0.026
457 457 (0) 5 : 0.014 0.477 0.484 0.010 0.014
458 458 (0) 5 : 0.034 0.537 0.300 0.006 0.123
459 459 (0) 5 : 0.007 0.755 0.219 0.011 0.009
460 460 (0) 5 : 0.007 0.535 0.417 0.010 0.033
461 461 (0) 5 : 0.004 0.299 0.565 0.122 0.011
462 462 (0) 5 : 0.014 0.436 0.530 0.010 0.010
463 463 (0) 5 : 0.004 0.597 0.367 0.007 0.026
464 464 (0) 5 : 0.008 0.480 0.501 0.003 0.007
465 465 (0) 5 : 0.005 0.369 0.612 0.004 0.010
466 466 (0) 5 : 0.006 0.595 0.199 0.006 0.193
467 467 (0) 5 : 0.023 0.432 0.538 0.002 0.005
468 468 (0) 5 : 0.004 0.576 0.407 0.007 0.006
469 469 (0) 5 : 0.019 0.497 0.400 0.003 0.081
470 470 (0) 5 : 0.010 0.705 0.266 0.003 0.016
471 471 (0) 5 : 0.030 0.343 0.609 0.006 0.012
472 472 (0) 5 : 0.008 0.460 0.008 0.004 0.520
473 473 (0) 5 : 0.008 0.519 0.462 0.005 0.007
474 474 (0) 5 : 0.011 0.424 0.551 0.005 0.009
475 475 (0) 5 : 0.014 0.646 0.249 0.032 0.059
476 476 (0) 5 : 0.004 0.368 0.526 0.005 0.097
477 477 (0) 5 : 0.011 0.614 0.365 0.003 0.007
478 478 (0) 5 : 0.003 0.379 0.609 0.003 0.006
479 479 (0) 5 : 0.023 0.564 0.203 0.010 0.201
480 480 (0) 5 : 0.006 0.388 0.527 0.011 0.068
481 481 (0) 5 : 0.003 0.569 0.378 0.020 0.029
482 482 (0) 5 : 0.005 0.411 0.573 0.004 0.007
483 483 (0) 5 : 0.004 0.277 0.707 0.003 0.009
484 484 (0) 5 : 0.006 0.398 0.583 0.003 0.010
485 485 (0) 5 : 0.009 0.508 0.472 0.004 0.007
486 486 (0) 5 : 0.005 0.390 0.573 0.015 0.016
487 487 (0) 5 : 0.004 0.554 0.425 0.011 0.006
488 488 (0) 5 : 0.003 0.226 0.692 0.033 0.046
489 489 (0) 5 : 0.008 0.569 0.413 0.005 0.006
490 490 (0) 5 : 0.003 0.243 0.741 0.005 0.008
491 491 (0) 5 : 0.005 0.475 0.493 0.007 0.021
492 492 (0) 5 : 0.004 0.556 0.235 0.010 0.195
493 493 (0) 5 : 0.008 0.483 0.481 0.013 0.015
494 494 (0) 5 : 0.014 0.580 0.385 0.007 0.014
495 495 (0) 5 : 0.007 0.578 0.384 0.003 0.028
496 496 (0) 5 : 0.009 0.418 0.540 0.013 0.020
497 497 (0) 5 : 0.008 0.649 0.333 0.004 0.006
498 498 (0) 5 : 0.004 0.463 0.519 0.004 0.011
499 499 (0) 5 : 0.005 0.580 0.396 0.007 0.012
500 500 (0) 5 : 0.005 0.585 0.399 0.002 0.008
501 501 (0) 5 : 0.007 0.382 0.532 0.021 0.058
502 502 (0) 5 : 0.005 0.405 0.556 0.007 0.027
503 503 (0) 5 : 0.004 0.584 0.254 0.011 0.146
504 504 (0) 5 : 0.006 0.614 0.365 0.010 0.004
505 505 (0) 5 : 0.005 0.538 0.409 0.034 0.013
506 506 (0) 5 : 0.013 0.559 0.416 0.004 0.008
507 507 (0) 6 : 0.009 0.483 0.009 0.492 0.007
508 508 (0) 6 : 0.009 0.495 0.030 0.386 0.080
509 509 (0) 6 : 0.005 0.424 0.041 0.521 0.009
510 510 (0) 6 : 0.004 0.551 0.005 0.435 0.006
511 511 (0) 6 : 0.092 0.309 0.003 0.583 0.013
512 512 (0) 6 : 0.004 0.570 0.008 0.408 0.009
513 513 (0) 6 : 0.011 0.498 0.015 0.464 0.011
514 514 (0) 6 : 0.005 0.450 0.009 0.529 0.007
515 515 (0) 6 : 0.006 0.591 0.007 0.390 0.007
516 516 (0) 6 : 0.004 0.508 0.004 0.477 0.008
517 517 (0) 6 : 0.004 0.414 0.006 0.572 0.004
518 518 (0) 6 : 0.004 0.513 0.008 0.470 0.006
519 519 (0) 6 : 0.003 0.438 0.007 0.547 0.005
520 520 (0) 6 : 0.007 0.554 0.017 0.413 0.008
521 521 (0) 6 : 0.023 0.453 0.032 0.453 0.039
522 522 (0) 6 : 0.005 0.371 0.019 0.598 0.008
523 523 (0) 6 : 0.034 0.523 0.010 0.346 0.087
524 524 (0) 6 : 0.004 0.675 0.005 0.312 0.004
525 525 (0) 6 : 0.005 0.424 0.006 0.558 0.006
526 526 (0) 6 : 0.005 0.454 0.014 0.520 0.007
527 527 (0) 6 : 0.007 0.501 0.012 0.459 0.020
528 528 (0) 6 : 0.004 0.411 0.004 0.576 0.005
529 529 (0) 6 : 0.004 0.507 0.012 0.461 0.016
530 530 (0) 6 : 0.006 0.653 0.010 0.323 0.008
531 531 (0) 6 : 0.004 0.436 0.009 0.543 0.009
532 532 (0) 6 : 0.003 0.398 0.003 0.592 0.003
533 533 (0) 6 : 0.038 0.530 0.022 0.403 0.007
534 534 (0) 6 : 0.002 0.377 0.005 0.608 0.007
535 535 (0) 6 : 0.008 0.399 0.006 0.582 0.005
536 536 (0) 6 : 0.003 0.496 0.008 0.490 0.003
537 537 (0) 6 : 0.006 0.406 0.006 0.577 0.005
538 538 (0) 6 : 0.004 0.548 0.028 0.416 0.006
539 539 (0) 6 : 0.005 0.492 0.010 0.481 0.011
540 540 (0) 6 : 0.003 0.458 0.005 0.528 0.006
541 541 (0) 6 : 0.003 0.440 0.008 0.531 0.019
542 542 (0) 6 : 0.003 0.498 0.010 0.482 0.006
543 543 (0) 6 : 0.006 0.575 0.005 0.409 0.006
544 544 (0) 6 : 0.005 0.544 0.009 0.436 0.006
545 545 (0) 6 : 0.007 0.415 0.019 0.548 0.012
546 546 (0) 6 : 0.004 0.682 0.004 0.306 0.004
547 547 (0) 6 : 0.015 0.379 0.021 0.578 0.007
548 548 (0) 6 : 0.004 0.506 0.003 0.483 0.004
549 549 (0) 6 : 0.002 0.468 0.003 0.518 0.008
550 550 (0) 6 : 0.003 0.583 0.003 0.406 0.004
551 551 (0) 6 : 0.010 0.398 0.013 0.576 0.003
552 552 (0) 6 : 0.003 0.530 0.004 0.456 0.007
553 553 (0) 6 : 0.004 0.537 0.004 0.450 0.004
554 554 (0) 6 : 0.034 0.442 0.003 0.511 0.010
555 555 (0) 6 : 0.003 0.468 0.003 0.521 0.005
556 556 (0) 6 : 0.057 0.451 0.027 0.444 0.022
557 557 (0) 6 : 0.003 0.550 0.004 0.434 0.009
558 558 (0) 6 : 0.012 0.445 0.016 0.491 0.036
559 559 (0) 6 : 0.010 0.502 0.040 0.426 0.022
560 560 (0) 6 : 0.013 0.201 0.074 0.604 0.107
561 561 (0) 6 : 0.007 0.473 0.003 0.512 0.005
562 562 (0) 6 : 0.003 0.472 0.005 0.505 0.014
563 563 (0) 6 : 0.016 0.462 0.006 0.507 0.009
564 564 (0) 6 : 0.007 0.472 0.007 0.471 0.043
565 565 (0) 6 : 0.003 0.522 0.008 0.455 0.012
566 566 (0) 6 : 0.004 0.492 0.029 0.402 0.072
567 567 (0) 6 : 0.003 0.412 0.004 0.578 0.003
568 568 (0) 6 : 0.003 0.613 0.003 0.379 0.002
569 569 (0) 6 : 0.006 0.379 0.009 0.590 0.017
570 570 (0) 6 : 0.003 0.538 0.004 0.444 0.011
571 571 (0) 6 : 0.008 0.581 0.006 0.396 0.008
572 572 (0) 6 : 0.008 0.401 0.005 0.571 0.015
573 573 (0) 6 : 0.003 0.519 0.006 0.454 0.018
574 574 (0) 6 : 0.006 0.356 0.019 0.609 0.009
575 575 (0) 6 : 0.004 0.438 0.013 0.536 0.010
576 576 (0) 6 : 0.004 0.393 0.004 0.596 0.003
577 577 (0) 6 : 0.018 0.544 0.007 0.426 0.006
578 578 (0) 6 : 0.005 0.467 0.007 0.500 0.021
579 579 (0) 6 : 0.004 0.497 0.005 0.488 0.006
580 580 (0) 6 : 0.007 0.521 0.005 0.460 0.007
581 581 (0) 6 : 0.007 0.570 0.005 0.413 0.006
582 582 (0) 6 : 0.017 0.497 0.061 0.414 0.011
583 583 (0) 6 : 0.028 0.472 0.007 0.487 0.006
584 584 (0) 6 : 0.016 0.640 0.011 0.306 0.028
585 585 (0) 6 : 0.004 0.522 0.008 0.442 0.025
586 586 (0) 6 : 0.007 0.524 0.007 0.439 0.022
587 587 (0) 6 : 0.004 0.553 0.004 0.433 0.006
588 588 (0) 6 : 0.004 0.611 0.012 0.364 0.009
589 589 (0) 6 : 0.013 0.542 0.004 0.435 0.006
590 590 (0) 6 : 0.004 0.430 0.029 0.508 0.029
591 591 (0) 6 : 0.007 0.513 0.017 0.450 0.013
592 592 (0) 6 : 0.004 0.386 0.005 0.595 0.010
593 593 (0) 6 : 0.008 0.587 0.007 0.391 0.007
594 594 (0) 6 : 0.008 0.605 0.053 0.311 0.023
595 595 (0) 6 : 0.013 0.579 0.010 0.388 0.010
596 596 (0) 6 : 0.021 0.264 0.005 0.691 0.019
597 597 (0) 6 : 0.014 0.476 0.005 0.499 0.006
598 598 (0) 6 : 0.002 0.326 0.004 0.663 0.005
599 599 (0) 6 : 0.003 0.450 0.005 0.531 0.011
600 600 (0) 6 : 0.005 0.445 0.004 0.538 0.007
601 601 (0) 6 : 0.011 0.561 0.019 0.401 0.008
602 602 (0) 6 : 0.044 0.471 0.029 0.438 0.018
603 603 (0) 6 : 0.003 0.514 0.009 0.469 0.005
604 604 (0) 6 : 0.004 0.402 0.008 0.580 0.006
605 605 (0) 6 : 0.002 0.404 0.007 0.580 0.006
606 606 (0) 6 : 0.004 0.563 0.004 0.424 0.004
607 607 (0) 7 : 0.548 0.357 0.044 0.034 0.017
608 608 (0) 7 : 0.732 0.250 0.007 0.005 0.006
609 609 (0) 7 : 0.533 0.392 0.038 0.020 0.018
610 610 (0) 7 : 0.566 0.421 0.005 0.003 0.005
611 611 (0) 7 : 0.466 0.488 0.023 0.007 0.016
612 612 (0) 7 : 0.583 0.404 0.004 0.005 0.003
613 613 (0) 7 : 0.489 0.485 0.007 0.014 0.005
614 614 (0) 7 : 0.556 0.429 0.005 0.003 0.007
615 615 (0) 7 : 0.466 0.512 0.010 0.005 0.007
616 616 (0) 7 : 0.575 0.397 0.006 0.018 0.004
617 617 (0) 7 : 0.453 0.534 0.004 0.004 0.004
618 618 (0) 7 : 0.402 0.584 0.003 0.004 0.007
619 619 (0) 7 : 0.695 0.270 0.009 0.005 0.022
620 620 (0) 7 : 0.466 0.518 0.007 0.005 0.005
621 621 (0) 7 : 0.597 0.376 0.005 0.011 0.011
622 622 (0) 7 : 0.435 0.546 0.012 0.003 0.004
623 623 (0) 7 : 0.525 0.461 0.004 0.006 0.004
624 624 (0) 7 : 0.550 0.438 0.004 0.003 0.005
625 625 (0) 7 : 0.511 0.472 0.008 0.004 0.005
626 626 (0) 7 : 0.488 0.453 0.024 0.024 0.012
627 627 (0) 7 : 0.567 0.403 0.005 0.009 0.016
628 628 (0) 7 : 0.450 0.537 0.004 0.004 0.006
629 629 (0) 7 : 0.598 0.391 0.003 0.004 0.005
630 630 (0) 7 : 0.399 0.579 0.004 0.012 0.005
631 631 (0) 7 : 0.502 0.472 0.013 0.003 0.009
632 632 (0) 7 : 0.413 0.570 0.009 0.005 0.004
633 633 (0) 7 : 0.280 0.705 0.008 0.003 0.005
634 634 (0) 7 : 0.454 0.520 0.015 0.006 0.005
635 635 (0) 7 : 0.543 0.441 0.005 0.007 0.004
636 636 (0) 7 : 0.534 0.442 0.006 0.005 0.012
637 637 (0) 7 : 0.553 0.437 0.004 0.003 0.003
638 638 (0) 7 : 0.495 0.493 0.005 0.004 0.003
639 639 (0) 7 : 0.481 0.501 0.007 0.007 0.004
640 640 (0) 7 : 0.518 0.468 0.004 0.004 0.006
641 641 (0) 7 : 0.681 0.302 0.006 0.007 0.005
642 642 (0) 7 : 0.470 0.521 0.004 0.002 0.003
643 643 (0) 7 : 0.475 0.507 0.008 0.005 0.005
644 644 (0) 7 : 0.523 0.451 0.012 0.006 0.007
645 645 (0) 7 : 0.506 0.479 0.006 0.004 0.005
646 646 (0) 7 : 0.504 0.480 0.009 0.002 0.005
647 647 (0) 7 : 0.472 0.499 0.009 0.008 0.011
648 648 (0) 7 : 0.448 0.496 0.037 0.010 0.009
649 649 (0) 7 : 0.505 0.464 0.011 0.013 0.007
650 650 (0) 7 : 0.435 0.547 0.007 0.004 0.006
651 651 (0) 7 : 0.530 0.449 0.006 0.005 0.010
652 652 (0) 7 : 0.366 0.623 0.004 0.004 0.004
653 653 (0) 7 : 0.498 0.493 0.003 0.002 0.003
654 654 (0) 7 : 0.602 0.388 0.004 0.003 0.003
655 655 (0) 7 : 0.429 0.548 0.006 0.011 0.006
656 656 (0) 7 : 0.534 0.444 0.005 0.013 0.005
657 657 (0) 7 : 0.360 0.622 0.008 0.005 0.005
658 658 (0) 7 : 0.417 0.562 0.008 0.006 0.007
659 659 (0) 7 : 0.386 0.595 0.006 0.007 0.005
660 660 (0) 7 : 0.587 0.374 0.011 0.019 0.009
661 661 (0) 7 : 0.465 0.487 0.011 0.021 0.016
662 662 (0) 7 : 0.405 0.581 0.005 0.004 0.005
663 663 (0) 7 : 0.566 0.412 0.007 0.006 0.008
664 664 (0) 7 : 0.604 0.370 0.006 0.005 0.015
665 665 (0) 7 : 0.403 0.492 0.062 0.010 0.033
666 666 (0) 7 : 0.490 0.496 0.005 0.006 0.004
667 667 (0) 7 : 0.538 0.445 0.005 0.008 0.004
668 668 (0) 7 : 0.567 0.201 0.140 0.039 0.053
669 669 (0) 7 : 0.496 0.488 0.005 0.003 0.008
670 670 (0) 7 : 0.380 0.612 0.003 0.003 0.003
671 671 (0) 7 : 0.553 0.432 0.003 0.004 0.008
672 672 (0) 7 : 0.439 0.515 0.009 0.004 0.033
673 673 (0) 7 : 0.586 0.403 0.004 0.003 0.003
674 674 (0) 7 : 0.521 0.465 0.006 0.005 0.004
675 675 (0) 7 : 0.559 0.426 0.003 0.008 0.003
676 676 (0) 7 : 0.385 0.600 0.008 0.002 0.004
677 677 (0) 7 : 0.468 0.507 0.017 0.004 0.005
678 678 (0) 7 : 0.614 0.329 0.039 0.004 0.014
679 679 (0) 7 : 0.585 0.362 0.014 0.035 0.004
680 680 (0) 7 : 0.535 0.425 0.025 0.006 0.009
681 681 (0) 7 : 0.451 0.464 0.027 0.003 0.055
682 682 (0) 7 : 0.523 0.461 0.007 0.004 0.005
683 683 (0) 7 : 0.480 0.509 0.004 0.004 0.003
684 684 (0) 7 : 0.400 0.581 0.007 0.008 0.004
685 685 (0) 7 : 0.699 0.292 0.003 0.003 0.003
686 686 (0) 7 : 0.547 0.432 0.005 0.007 0.009
687 687 (0) 7 : 0.548 0.438 0.006 0.004 0.005
688 688 (0) 7 : 0.476 0.514 0.003 0.003 0.003
689 689 (0) 7 : 0.373 0.553 0.034 0.023 0.018
690 690 (0) 7 : 0.617 0.344 0.025 0.005 0.008
691 691 (0) 7 : 0.449 0.541 0.004 0.002 0.003
692 692 (0) 7 : 0.587 0.369 0.036 0.003 0.005
693 693 (0) 7 : 0.516 0.455 0.011 0.009 0.009
694 694 (0) 7 : 0.528 0.447 0.018 0.004 0.004
695 695 (0) 7 : 0.497 0.489 0.005 0.004 0.005
696 696 (0) 7 : 0.463 0.527 0.004 0.003 0.003
697 697 (0) 7 : 0.438 0.545 0.008 0.003 0.006
698 698 (0) 7 : 0.604 0.381 0.005 0.006 0.004
699 699 (0) 7 : 0.628 0.358 0.006 0.004 0.005
700 700 (0) 7 : 0.399 0.580 0.011 0.007 0.003
701 701 (0) 7 : 0.502 0.488 0.004 0.003 0.003
702 702 (0) 7 : 0.571 0.416 0.003 0.003 0.007
703 703 (0) 7 : 0.429 0.554 0.007 0.004 0.006
704 704 (0) 7 : 0.535 0.443 0.006 0.007 0.009
705 705 (0) 7 : 0.545 0.405 0.004 0.007 0.039
706 706 (0) 7 : 0.532 0.452 0.005 0.004 0.007
707 707 (0) 8 : 0.011 0.285 0.632 0.051 0.021
708 708 (0) 8 : 0.037 0.139 0.808 0.004 0.012
709 709 (0) 8 : 0.003 0.633 0.345 0.013 0.006
710 710 (0) 8 : 0.010 0.405 0.570 0.009 0.005
711 711 (0) 8 : 0.007 0.495 0.457 0.030 0.011
712 712 (0) 8 : 0.008 0.309 0.672 0.005 0.006
713 713 (0) 8 : 0.007 0.338 0.638 0.011 0.007
714 714 (0) 8 : 0.004 0.442 0.541 0.007 0.006
715 715 (0) 8 : 0.012 0.678 0.294 0.006 0.011
716 716 (0) 8 : 0.030 0.529 0.417 0.013 0.011
717 717 (0) 8 : 0.028 0.343 0.613 0.005 0.011
718 718 (0) 8 : 0.006 0.415 0.564 0.008 0.007
719 719 (0) 8 : 0.004 0.410 0.544 0.029 0.014
720 720 (0) 8 : 0.006 0.511 0.476 0.003 0.004
721 721 (0) 8 : 0.006 0.299 0.685 0.005 0.005
722 722 (0) 8 : 0.007 0.437 0.541 0.007 0.008
723 723 (0) 8 : 0.007 0.384 0.592 0.004 0.013
724 724 (0) 8 : 0.012 0.306 0.665 0.005 0.012
725 725 (0) 8 : 0.009 0.536 0.432 0.014 0.009
726 726 (0) 8 : 0.010 0.457 0.521 0.005 0.007
727 727 (0) 8 : 0.004 0.464 0.524 0.003 0.006
728 728 (0) 8 : 0.009 0.308 0.629 0.006 0.050
729 729 (0) 8 : 0.005 0.475 0.510 0.005 0.005
730 730 (0) 8 : 0.010 0.628 0.343 0.003 0.015
731 731 (0) 8 : 0.003 0.391 0.597 0.005 0.004
732 732 (0) 8 : 0.004 0.427 0.546 0.011 0.012
733 733 (0) 8 : 0.006 0.448 0.527 0.014 0.004
734 734 (0) 8 : 0.004 0.658 0.323 0.009 0.006
735 735 (0) 8 : 0.013 0.254 0.713 0.010 0.010
736 736 (0) 8 : 0.021 0.315 0.629 0.013 0.022
737 737 (0) 8 : 0.058 0.399 0.507 0.005 0.031
738 738 (0) 8 : 0.021 0.484 0.477 0.007 0.011
739 739 (0) 8 : 0.009 0.517 0.465 0.002 0.007
740 740 (0) 8 : 0.006 0.434 0.545 0.005 0.011
741 741 (0) 8 : 0.011 0.308 0.671 0.006 0.004
742 742 (0) 8 : 0.009 0.272 0.707 0.004 0.008
743 743 (0) 8 : 0.085 0.443 0.436 0.009 0.026
744 744 (0) 8 : 0.015 0.408 0.558 0.011 0.008
745 745 (0) 8 : 0.016 0.468 0.473 0.035 0.008
746 746 (0) 8 : 0.008 0.440 0.540 0.004 0.008
747 747 (0) 8 : 0.005 0.432 0.515 0.013 0.035
748 748 (0) 8 : 0.005 0.350 0.555 0.034 0.055
749 749 (0) 8 : 0.085 0.615 0.218 0.036 0.046
750 750 (0) 8 : 0.015 0.402 0.570 0.005 0.009
751 751 (0) 8 : 0.126 0.505 0.265 0.019 0.086
752 752 (0) 8 : 0.005 0.433 0.504 0.006 0.052
753 753 (0) 8 : 0.009 0.562 0.423 0.003 0.004
754 754 (0) 8 : 0.005 0.267 0.696 0.012 0.021
755 755 (0) 8 : 0.019 0.453 0.522 0.002 0.003
756 756 (0) 8 : 0.012 0.398 0.573 0.011 0.006
757 757 (0) 8 : 0.012 0.413 0.568 0.004 0.004
758 758 (0) 8 : 0.017 0.307 0.618 0.011 0.047
759 759 (0) 8 : 0.009 0.555 0.212 0.012 0.213
760 760 (0) 8 : 0.011 0.600 0.356 0.012 0.022
761 761 (0) 8 : 0.011 0.451 0.525 0.003 0.010
762 762 (0) 8 : 0.007 0.553 0.391 0.029 0.020
763 763 (0) 8 : 0.018 0.437 0.519 0.019 0.007
764 764 (0) 8 : 0.020 0.379 0.574 0.015 0.012
765 765 (0) 8 : 0.060 0.526 0.400 0.005 0.008
766 766 (0) 8 : 0.004 0.588 0.398 0.004 0.007
767 767 (0) 8 : 0.005 0.399 0.582 0.006 0.007
768 768 (0) 8 : 0.006 0.432 0.359 0.185 0.018
769 769 (0) 8 : 0.004 0.481 0.503 0.005 0.006
770 770 (0) 8 : 0.009 0.220 0.752 0.006 0.013
771 771 (0) 8 : 0.005 0.473 0.504 0.013 0.005
772 772 (0) 8 : 0.019 0.546 0.418 0.003 0.014
773 773 (0) 8 : 0.024 0.342 0.628 0.003 0.003
774 774 (0) 8 : 0.009 0.259 0.694 0.007 0.031
775 775 (0) 8 : 0.003 0.386 0.597 0.009 0.004
776 776 (0) 8 : 0.005 0.374 0.608 0.007 0.006
777 777 (0) 8 : 0.006 0.481 0.480 0.006 0.026
778 778 (0) 8 : 0.031 0.546 0.409 0.009 0.005
779 779 (0) 8 : 0.029 0.413 0.535 0.012 0.011
780 780 (0) 8 : 0.006 0.293 0.558 0.088 0.054
781 781 (0) 8 : 0.004 0.440 0.536 0.009 0.011
782 782 (0) 8 : 0.053 0.419 0.521 0.003 0.004
783 783 (0) 8 : 0.006 0.508 0.469 0.007 0.010
784 784 (0) 8 : 0.008 0.573 0.408 0.004 0.006
785 785 (0) 8 : 0.006 0.612 0.347 0.026 0.009
786 786 (0) 8 : 0.005 0.625 0.354 0.009 0.007
787 787 (0) 8 : 0.012 0.356 0.592 0.020 0.019
788 788 (0) 8 : 0.004 0.479 0.400 0.109 0.008
789 789 (0) 8 : 0.004 0.562 0.297 0.107 0.030
790 790 (0) 8 : 0.009 0.488 0.464 0.021 0.017
791 791 (0) 8 : 0.005 0.323 0.654 0.008 0.010
792 792 (0) 8 : 0.004 0.257 0.708 0.006 0.024
793 793 (0) 8 : 0.008 0.551 0.432 0.004 0.005
794 794 (0) 8 : 0.008 0.476 0.464 0.007 0.046
795 795 (0) 8 : 0.014 0.677 0.291 0.012 0.006
796 796 (0) 8 : 0.004 0.492 0.490 0.005 0.008
797 797 (0) 8 : 0.005 0.628 0.333 0.005 0.030
798 798 (0) 8 : 0.005 0.480 0.312 0.179 0.024
799 799 (0) 8 : 0.007 0.466 0.519 0.004 0.005
800 800 (0) 8 : 0.003 0.636 0.335 0.020 0.007
801 801 (0) 8 : 0.004 0.263 0.714 0.004 0.015
802 802 (0) 8 : 0.048 0.297 0.619 0.005 0.032
803 803 (0) 8 : 0.016 0.456 0.446 0.067 0.016
804 804 (0) 8 : 0.018 0.377 0.585 0.007 0.013
805 805 (0) 8 : 0.004 0.570 0.415 0.003 0.009
806 806 (0) 8 : 0.051 0.357 0.580 0.004 0.008
807 807 (0) 9 : 0.040 0.013 0.090 0.004 0.854
808 808 (0) 9 : 0.006 0.020 0.416 0.004 0.555
809 809 (0) 10 : 0.015 0.173 0.012 0.003 0.797
810 810 (0) 10 : 0.005 0.145 0.006 0.005 0.838
811 811 (0) 10 : 0.011 0.072 0.018 0.100 0.799
812 812 (0) 10 : 0.005 0.049 0.006 0.008 0.932
813 813 (0) 10 : 0.003 0.013 0.089 0.008 0.888
814 814 (0) 10 : 0.008 0.188 0.018 0.006 0.780
815 815 (0) 10 : 0.013 0.312 0.015 0.027 0.633
816 816 (0) 10 : 0.008 0.057 0.004 0.007 0.924
817 817 (0) 10 : 0.005 0.030 0.005 0.003 0.958
818 818 (0) 10 : 0.011 0.068 0.026 0.017 0.877
819 819 (0) 10 : 0.008 0.069 0.005 0.022 0.896
820 820 (0) 10 : 0.021 0.055 0.008 0.006 0.910
821 821 (0) 10 : 0.004 0.299 0.029 0.038 0.631
822 822 (0) 10 : 0.005 0.025 0.015 0.143 0.812
823 823 (0) 10 : 0.005 0.357 0.021 0.016 0.600
824 824 (0) 10 : 0.017 0.030 0.013 0.006 0.933
825 825 (0) 10 : 0.005 0.204 0.009 0.006 0.776
826 826 (0) 10 : 0.004 0.320 0.003 0.005 0.668
827 827 (0) 10 : 0.007 0.282 0.012 0.003 0.696
828 828 (0) 10 : 0.012 0.041 0.052 0.029 0.866
829 829 (0) 10 : 0.008 0.288 0.016 0.004 0.683
830 830 (0) 10 : 0.023 0.203 0.013 0.006 0.755
831 831 (0) 10 : 0.009 0.295 0.009 0.005 0.682
832 832 (0) 10 : 0.028 0.097 0.027 0.044 0.804
833 833 (0) 10 : 0.010 0.207 0.008 0.013 0.762
834 834 (0) 10 : 0.007 0.120 0.018 0.014 0.842
835 835 (0) 10 : 0.006 0.204 0.023 0.012 0.756
836 836 (0) 10 : 0.026 0.130 0.012 0.015 0.817
837 837 (0) 10 : 0.005 0.044 0.064 0.006 0.881
838 838 (0) 10 : 0.004 0.068 0.014 0.005 0.909
839 839 (0) 10 : 0.004 0.149 0.010 0.009 0.827
840 840 (0) 10 : 0.016 0.223 0.178 0.008 0.576
841 841 (0) 10 : 0.010 0.022 0.016 0.004 0.947
842 842 (0) 10 : 0.007 0.178 0.030 0.019 0.765
843 843 (0) 10 : 0.003 0.390 0.005 0.006 0.595
844 844 (0) 10 : 0.014 0.160 0.008 0.013 0.805
845 845 (0) 10 : 0.004 0.106 0.012 0.006 0.871
846 846 (0) 10 : 0.005 0.076 0.012 0.009 0.899
847 847 (0) 10 : 0.003 0.230 0.004 0.004 0.759
848 848 (0) 10 : 0.005 0.331 0.011 0.006 0.647
849 849 (0) 10 : 0.018 0.123 0.014 0.009 0.836
850 850 (0) 10 : 0.006 0.427 0.021 0.007 0.539
851 851 (0) 10 : 0.004 0.188 0.006 0.003 0.799
852 852 (0) 10 : 0.214 0.034 0.010 0.004 0.738
853 853 (0) 10 : 0.035 0.259 0.029 0.123 0.554
854 854 (0) 10 : 0.021 0.012 0.005 0.005 0.957
855 855 (0) 10 : 0.003 0.223 0.015 0.009 0.750
856 856 (0) 10 : 0.004 0.287 0.004 0.013 0.692
857 857 (0) 10 : 0.005 0.150 0.009 0.005 0.830
858 858 (0) 10 : 0.004 0.303 0.011 0.006 0.675
859 859 (0) 10 : 0.004 0.125 0.012 0.190 0.669
860 860 (0) 10 : 0.004 0.048 0.007 0.007 0.934
861 861 (0) 10 : 0.007 0.124 0.009 0.049 0.811
862 862 (0) 10 : 0.005 0.114 0.012 0.003 0.866
863 863 (0) 10 : 0.003 0.168 0.005 0.003 0.821
864 864 (0) 10 : 0.340 0.112 0.037 0.004 0.507
865 865 (0) 10 : 0.018 0.176 0.012 0.008 0.787
866 866 (0) 10 : 0.003 0.058 0.006 0.053 0.881
867 867 (0) 10 : 0.004 0.072 0.279 0.022 0.624
868 868 (0) 10 : 0.008 0.217 0.024 0.009 0.742
869 869 (0) 10 : 0.004 0.108 0.032 0.036 0.820
870 870 (0) 10 : 0.004 0.166 0.005 0.007 0.818
871 871 (0) 10 : 0.003 0.106 0.005 0.005 0.882
872 872 (0) 10 : 0.005 0.244 0.010 0.004 0.737
873 873 (0) 10 : 0.005 0.068 0.383 0.007 0.537
874 874 (0) 10 : 0.011 0.011 0.053 0.057 0.868
875 875 (0) 10 : 0.003 0.184 0.046 0.007 0.760
876 876 (0) 10 : 0.006 0.060 0.006 0.006 0.923
877 877 (0) 10 : 0.003 0.344 0.035 0.010 0.609
878 878 (0) 10 : 0.003 0.223 0.004 0.004 0.765
879 879 (0) 10 : 0.030 0.063 0.032 0.009 0.866
880 880 (0) 10 : 0.002 0.109 0.006 0.085 0.798
881 881 (0) 10 : 0.011 0.175 0.019 0.013 0.781
882 882 (0) 10 : 0.004 0.397 0.005 0.008 0.586
883 883 (0) 10 : 0.013 0.075 0.017 0.006 0.889
884 884 (0) 10 : 0.011 0.208 0.012 0.006 0.763
885 885 (0) 10 : 0.008 0.245 0.005 0.020 0.723
886 886 (0) 10 : 0.006 0.200 0.007 0.004 0.783
887 887 (0) 10 : 0.006 0.100 0.006 0.006 0.881
888 888 (0) 10 : 0.030 0.008 0.006 0.005 0.951
889 889 (0) 10 : 0.003 0.108 0.006 0.009 0.875
890 890 (0) 10 : 0.005 0.237 0.005 0.007 0.747
891 891 (0) 10 : 0.009 0.049 0.011 0.032 0.900
892 892 (0) 10 : 0.006 0.429 0.013 0.025 0.528
893 893 (0) 10 : 0.018 0.283 0.028 0.005 0.666
894 894 (0) 10 : 0.005 0.087 0.010 0.005 0.893
895 895 (0) 10 : 0.006 0.115 0.007 0.019 0.853
896 896 (0) 10 : 0.019 0.021 0.087 0.006 0.867
897 897 (0) 10 : 0.016 0.109 0.018 0.017 0.840
898 898 (0) 10 : 0.003 0.255 0.004 0.009 0.730
899 899 (0) 10 : 0.003 0.220 0.014 0.022 0.741
900 900 (0) 10 : 0.004 0.117 0.006 0.010 0.864
901 901 (0) 10 : 0.009 0.033 0.013 0.004 0.941
902 902 (0) 10 : 0.006 0.307 0.013 0.003 0.671
903 903 (0) 10 : 0.006 0.216 0.007 0.005 0.765
904 904 (0) 10 : 0.008 0.384 0.014 0.005 0.589
905 905 (0) 10 : 0.011 0.318 0.013 0.012 0.646
906 906 (0) 10 : 0.004 0.243 0.009 0.003 0.741
907 907 (0) 10 : 0.003 0.016 0.010 0.011 0.960
908 908 (0) 10 : 0.007 0.030 0.010 0.007 0.946
909 909 (0) 11 : 0.004 0.073 0.911 0.005 0.007
910 910 (0) 11 : 0.013 0.242 0.731 0.003 0.012
911 911 (0) 11 : 0.004 0.228 0.710 0.023 0.035
912 912 (0) 11 : 0.044 0.011 0.744 0.058 0.144
913 913 (0) 11 : 0.005 0.182 0.780 0.006 0.028
914 914 (0) 11 : 0.006 0.202 0.773 0.010 0.009
915 915 (0) 11 : 0.005 0.013 0.964 0.007 0.011
916 916 (0) 11 : 0.012 0.108 0.850 0.012 0.017
917 917 (0) 11 : 0.006 0.285 0.694 0.010 0.006
918 918 (0) 11 : 0.006 0.007 0.961 0.003 0.023
919 919 (0) 11 : 0.007 0.070 0.837 0.036 0.050
920 920 (0) 11 : 0.004 0.088 0.775 0.012 0.120
921 921 (0) 11 : 0.012 0.293 0.674 0.003 0.017
922 922 (0) 11 : 0.004 0.360 0.616 0.010 0.010
923 923 (0) 11 : 0.002 0.516 0.439 0.004 0.038
924 924 (0) 11 : 0.011 0.310 0.664 0.005 0.011
925 925 (0) 11 : 0.005 0.152 0.788 0.014 0.041
926 926 (0) 11 : 0.008 0.035 0.615 0.114 0.228
927 927 (0) 11 : 0.013 0.208 0.771 0.002 0.006
928 928 (0) 11 : 0.004 0.149 0.672 0.010 0.166
929 929 (0) 11 : 0.003 0.287 0.648 0.005 0.057
930 930 (0) 11 : 0.004 0.017 0.921 0.024 0.034
931 931 (0) 11 : 0.007 0.203 0.758 0.010 0.022
932 932 (0) 11 : 0.012 0.042 0.776 0.004 0.165
933 933 (0) 11 : 0.006 0.317 0.658 0.011 0.008
934 934 (0) 11 : 0.003 0.062 0.897 0.008 0.029
935 935 (0) 11 : 0.012 0.069 0.590 0.032 0.297
936 936 (0) 11 : 0.008 0.105 0.858 0.007 0.022
937 937 (0) 11 : 0.118 0.119 0.707 0.016 0.040
938 938 (0) 11 : 0.013 0.173 0.791 0.009 0.015
939 939 (0) 11 : 0.006 0.157 0.800 0.003 0.033
940 940 (0) 11 : 0.007 0.312 0.667 0.006 0.008
941 941 (0) 11 : 0.004 0.081 0.872 0.015 0.027
942 942 (0) 11 : 0.007 0.282 0.692 0.009 0.009
943 943 (0) 11 : 0.026 0.425 0.502 0.022 0.024
944 944 (0) 11 : 0.004 0.324 0.641 0.006 0.025
945 945 (0) 11 : 0.005 0.268 0.696 0.007 0.024
946 946 (0) 11 : 0.006 0.110 0.858 0.015 0.011
947 947 (0) 11 : 0.007 0.167 0.810 0.011 0.005
948 948 (0) 11 : 0.003 0.481 0.469 0.035 0.012
949 949 (0) 11 : 0.039 0.105 0.722 0.102 0.032
950 950 (0) 11 : 0.005 0.072 0.857 0.025 0.040
951 951 (0) 11 : 0.008 0.213 0.644 0.027 0.108
952 952 (0) 11 : 0.004 0.008 0.788 0.113 0.087
953 953 (0) 11 : 0.054 0.047 0.814 0.009 0.076
954 954 (0) 11 : 0.006 0.077 0.841 0.037 0.039
955 955 (0) 11 : 0.007 0.095 0.831 0.059 0.008
956 956 (0) 11 : 0.018 0.475 0.466 0.014 0.028
957 957 (0) 11 : 0.005 0.252 0.710 0.006 0.028
958 958 (0) 11 : 0.136 0.376 0.451 0.022 0.015
959 959 (0) 11 : 0.006 0.306 0.679 0.005 0.005
960 960 (0) 11 : 0.010 0.251 0.695 0.031 0.012
961 961 (0) 11 : 0.005 0.057 0.901 0.029 0.008
962 962 (0) 11 : 0.008 0.128 0.854 0.003 0.007
963 963 (0) 11 : 0.006 0.180 0.563 0.005 0.246
964 964 (0) 11 : 0.013 0.411 0.568 0.002 0.006
965 965 (0) 11 : 0.044 0.083 0.854 0.011 0.008
966 966 (0) 11 : 0.004 0.131 0.822 0.023 0.020
967 967 (0) 11 : 0.008 0.007 0.747 0.014 0.224
968 968 (0) 11 : 0.003 0.184 0.039 0.005 0.768
969 969 (0) 11 : 0.071 0.115 0.784 0.007 0.023
970 970 (0) 11 : 0.004 0.398 0.553 0.005 0.040
971 971 (0) 11 : 0.003 0.167 0.812 0.009 0.009
972 972 (0) 11 : 0.038 0.312 0.198 0.015 0.436
973 973 (0) 11 : 0.005 0.051 0.888 0.009 0.046
974 974 (0) 11 : 0.005 0.209 0.778 0.003 0.006
975 975 (0) 11 : 0.009 0.187 0.791 0.004 0.010
976 976 (0) 11 : 0.010 0.121 0.853 0.005 0.012
977 977 (0) 11 : 0.005 0.196 0.789 0.004 0.006
978 978 (0) 11 : 0.006 0.010 0.843 0.018 0.123
979 979 (0) 11 : 0.018 0.014 0.254 0.058 0.657
980 980 (0) 11 : 0.004 0.019 0.968 0.003 0.006
981 981 (0) 11 : 0.003 0.295 0.611 0.003 0.088
982 982 (0) 11 : 0.006 0.056 0.913 0.007 0.018
983 983 (0) 11 : 0.011 0.124 0.839 0.004 0.021
984 984 (0) 11 : 0.024 0.307 0.609 0.008 0.052
985 985 (0) 11 : 0.009 0.043 0.845 0.044 0.058
986 986 (0) 11 : 0.035 0.182 0.546 0.004 0.233
987 987 (0) 11 : 0.004 0.356 0.417 0.010 0.213
988 988 (0) 11 : 0.006 0.204 0.778 0.006 0.005
989 989 (0) 11 : 0.004 0.144 0.817 0.004 0.031
990 990 (0) 11 : 0.007 0.060 0.769 0.005 0.159
991 991 (0) 11 : 0.017 0.061 0.911 0.004 0.008
992 992 (0) 11 : 0.013 0.011 0.965 0.004 0.007
993 993 (0) 11 : 0.005 0.035 0.946 0.009 0.005
994 994 (0) 11 : 0.003 0.357 0.621 0.006 0.012
995 995 (0) 11 : 0.016 0.009 0.953 0.010 0.012
996 996 (0) 11 : 0.005 0.389 0.568 0.030 0.009
997 997 (0) 11 : 0.007 0.283 0.701 0.004 0.006
998 998 (0) 11 : 0.009 0.126 0.849 0.005 0.011
999 999 (0) 11 : 0.021 0.112 0.825 0.013 0.028
1000 1000 (0) 11 : 0.010 0.263 0.663 0.039 0.024
1001 1001 (0) 11 : 0.005 0.326 0.648 0.003 0.018
1002 1002 (0) 11 : 0.017 0.145 0.825 0.004 0.009
1003 1003 (0) 11 : 0.003 0.025 0.956 0.004 0.012
1004 1004 (0) 11 : 0.231 0.306 0.421 0.026 0.016
1005 1005 (0) 11 : 0.004 0.171 0.814 0.004 0.007
1006 1006 (0) 11 : 0.009 0.312 0.662 0.003 0.013
1007 1007 (0) 11 : 0.010 0.016 0.766 0.008 0.200
1008 1008 (0) 11 : 0.005 0.168 0.805 0.004 0.018
1009 1009 (0) 12 : 0.007 0.247 0.003 0.740 0.003
1010 1010 (0) 12 : 0.008 0.048 0.012 0.893 0.039
1011 1011 (0) 12 : 0.006 0.146 0.039 0.802 0.007
1012 1012 (0) 12 : 0.003 0.365 0.007 0.610 0.015
1013 1013 (0) 12 : 0.166 0.009 0.021 0.780 0.025
1014 1014 (0) 12 : 0.116 0.168 0.010 0.699 0.006
1015 1015 (0) 12 : 0.003 0.213 0.004 0.777 0.003
1016 1016 (0) 12 : 0.003 0.123 0.013 0.843 0.018
1017 1017 (0) 12 : 0.024 0.153 0.005 0.814 0.004
1018 1018 (0) 12 : 0.020 0.187 0.022 0.757 0.015
1019 1019 (0) 12 : 0.005 0.057 0.031 0.834 0.074
1020 1020 (0) 12 : 0.032 0.176 0.009 0.770 0.013
1021 1021 (0) 12 : 0.006 0.118 0.018 0.844 0.014
1022 1022 (0) 12 : 0.004 0.169 0.004 0.820 0.004
1023 1023 (0) 12 : 0.006 0.284 0.004 0.692 0.014
1024 1024 (0) 12 : 0.004 0.299 0.006 0.684 0.006
1025 1025 (0) 12 : 0.005 0.086 0.031 0.865 0.012
1026 1026 (0) 12 : 0.002 0.182 0.005 0.804 0.007
1027 1027 (0) 12 : 0.060 0.153 0.013 0.766 0.008
1028 1028 (0) 12 : 0.004 0.156 0.003 0.824 0.013
1029 1029 (0) 12 : 0.004 0.181 0.006 0.803 0.006
1030 1030 (0) 12 : 0.003 0.143 0.007 0.839 0.008
1031 1031 (0) 12 : 0.002 0.204 0.005 0.785 0.004
1032 1032 (0) 12 : 0.006 0.112 0.015 0.818 0.048
1033 1033 (0) 12 : 0.031 0.161 0.014 0.789 0.006
1034 1034 (0) 12 : 0.003 0.143 0.004 0.844 0.006
1035 1035 (0) 12 : 0.005 0.196 0.004 0.790 0.006
1036 1036 (0) 12 : 0.004 0.039 0.005 0.935 0.017
1037 1037 (0) 12 : 0.006 0.273 0.003 0.710 0.007
1038 1038 (0) 12 : 0.002 0.237 0.004 0.752 0.004
1039 1039 (0) 12 : 0.010 0.022 0.067 0.898 0.003
1040 1040 (0) 12 : 0.017 0.090 0.014 0.869 0.010
1041 1041 (0) 12 : 0.002 0.125 0.007 0.859 0.007
1042 1042 (0) 12 : 0.005 0.054 0.006 0.923 0.012
1043 1043 (0) 12 : 0.004 0.207 0.010 0.771 0.008
1044 1044 (0) 12 : 0.003 0.155 0.004 0.835 0.003
1045 1045 (0) 12 : 0.101 0.044 0.013 0.810 0.031
1046 1046 (0) 12 : 0.002 0.112 0.008 0.721 0.156
1047 1047 (0) 12 : 0.006 0.236 0.012 0.726 0.021
1048 1048 (0) 12 : 0.005 0.189 0.009 0.790 0.008
1049 1049 (0) 12 : 0.019 0.298 0.008 0.662 0.013
1050 1050 (0) 12 : 0.006 0.279 0.006 0.705 0.004
1051 1051 (0) 12 : 0.019 0.160 0.014 0.796 0.011
1052 1052 (0) 12 : 0.003 0.263 0.004 0.719 0.011
1053 1053 (0) 12 : 0.072 0.047 0.083 0.750 0.049
1054 1054 (0) 12 : 0.007 0.150 0.011 0.823 0.009
1055 1055 (0) 12 : 0.003 0.213 0.005 0.773 0.005
1056 1056 (0) 12 : 0.004 0.149 0.008 0.823 0.016
1057 1057 (0) 12 : 0.002 0.179 0.003 0.812 0.003
1058 1058 (0) 12 : 0.004 0.308 0.009 0.664 0.015
1059 1059 (0) 12 : 0.005 0.253 0.005 0.730 0.007
1060 1060 (0) 12 : 0.004 0.189 0.011 0.792 0.005
1061 1061 (0) 12 : 0.010 0.195 0.006 0.784 0.005
1062 1062 (0) 12 : 0.004 0.200 0.004 0.782 0.010
1063 1063 (0) 12 : 0.009 0.238 0.010 0.721 0.021
1064 1064 (0) 12 : 0.005 0.208 0.004 0.776 0.006
1065 1065 (0) 12 : 0.010 0.204 0.007 0.770 0.008
1066 1066 (0) 12 : 0.006 0.233 0.006 0.743 0.011
1067 1067 (0) 12 : 0.007 0.185 0.007 0.792 0.009
1068 1068 (0) 12 : 0.003 0.236 0.004 0.747 0.009
1069 1069 (0) 12 : 0.007 0.248 0.005 0.733 0.007
1070 1070 (0) 12 : 0.007 0.169 0.004 0.816 0.004
1071 1071 (0) 12 : 0.002 0.307 0.003 0.685 0.003
1072 1072 (0) 12 : 0.003 0.147 0.016 0.828 0.005
1073 1073 (0) 12 : 0.003 0.280 0.004 0.711 0.003
1074 1074 (0) 12 : 0.028 0.185 0.027 0.738 0.022
1075 1075 (0) 12 : 0.020 0.008 0.006 0.961 0.005
1076 1076 (0) 12 : 0.021 0.342 0.008 0.620 0.009
1077 1077 (0) 12 : 0.006 0.306 0.028 0.653 0.007
1078 1078 (0) 12 : 0.004 0.252 0.009 0.730 0.004
1079 1079 (0) 12 : 0.002 0.304 0.004 0.682 0.007
1080 1080 (0) 12 : 0.005 0.129 0.010 0.850 0.005
1081 1081 (0) 12 : 0.003 0.199 0.005 0.783 0.010
1082 1082 (0) 12 : 0.002 0.135 0.004 0.849 0.009
1083 1083 (0) 12 : 0.004 0.325 0.028 0.634 0.008
1084 1084 (0) 12 : 0.040 0.117 0.058 0.770 0.015
1085 1085 (0) 12 : 0.016 0.163 0.094 0.715 0.012
1086 1086 (0) 12 : 0.005 0.158 0.007 0.820 0.011
1087 1087 (0) 12 : 0.005 0.345 0.018 0.627 0.004
1088 1088 (0) 12 : 0.003 0.286 0.004 0.703 0.005
1089 1089 (0) 12 : 0.003 0.267 0.004 0.718 0.009
1090 1090 (0) 12 : 0.005 0.263 0.008 0.712 0.012
1091 1091 (0) 12 : 0.005 0.259 0.008 0.723 0.006
1092 1092 (0) 12 : 0.006 0.401 0.005 0.570 0.017
1093 1093 (0) 12 : 0.004 0.241 0.004 0.746 0.004
1094 1094 (0) 12 : 0.025 0.237 0.006 0.720 0.011
1095 1095 (0) 12 : 0.013 0.192 0.008 0.778 0.010
1096 1096 (0) 12 : 0.027 0.317 0.014 0.627 0.015
1097 1097 (0) 12 : 0.003 0.289 0.007 0.693 0.008
1098 1098 (0) 12 : 0.012 0.216 0.015 0.747 0.010
1099 1099 (0) 12 : 0.031 0.390 0.005 0.569 0.004
1100 1100 (0) 12 : 0.004 0.216 0.007 0.769 0.004
1101 1101 (0) 12 : 0.003 0.395 0.006 0.592 0.004
1102 1102 (0) 12 : 0.027 0.121 0.015 0.825 0.012
1103 1103 (0) 12 : 0.005 0.102 0.031 0.858 0.004
1104 1104 (0) 12 : 0.004 0.184 0.013 0.794 0.005
1105 1105 (0) 12 : 0.007 0.038 0.019 0.873 0.062
1106 1106 (0) 12 : 0.005 0.321 0.004 0.655 0.016
1107 1107 (0) 12 : 0.006 0.072 0.003 0.899 0.020
1108 1108 (0) 12 : 0.004 0.294 0.007 0.688 0.007
1109 1109 (0) 13 : 0.914 0.069 0.004 0.009 0.004
1110 1110 (0) 13 : 0.731 0.225 0.011 0.024 0.009
1111 1111 (0) 13 : 0.873 0.089 0.006 0.029 0.003
1112 1112 (0) 13 : 0.819 0.170 0.004 0.002 0.004
1113 1113 (0) 13 : 0.758 0.216 0.012 0.006 0.008
1114 1114 (0) 13 : 0.675 0.316 0.003 0.003 0.003
1115 1115 (0) 13 : 0.699 0.287 0.006 0.005 0.003
1116 1116 (0) 13 : 0.817 0.165 0.005 0.004 0.008
1117 1117 (0) 13 : 0.607 0.374 0.006 0.004 0.008
1118 1118 (0) 13 : 0.826 0.125 0.008 0.034 0.008
1119 1119 (0) 13 : 0.787 0.197 0.008 0.005 0.004
1120 1120 (0) 13 : 0.753 0.230 0.007 0.002 0.006
1121 1121 (0) 13 : 0.756 0.227 0.007 0.003 0.007
1122 1122 (0) 13 : 0.709 0.273 0.007 0.005 0.007
1123 1123 (0) 13 : 0.707 0.272 0.006 0.004 0.012
1124 1124 (0) 13 : 0.641 0.347 0.005 0.003 0.004
1125 1125 (0) 13 : 0.759 0.221 0.006 0.006 0.007
1126 1126 (0) 13 : 0.698 0.283 0.008 0.006 0.006
1127 1127 (0) 13 : 0.935 0.043 0.008 0.004 0.010
1128 1128 (0) 13 : 0.670 0.309 0.007 0.005 0.008
1129 1129 (0) 13 : 0.660 0.288 0.009 0.004 0.039
1130 1130 (0) 13 : 0.652 0.334 0.005 0.004 0.004
1131 1131 (0) 13 : 0.730 0.255 0.005 0.003 0.006
1132 1132 (0) 13 : 0.727 0.252 0.006 0.006 0.008
1133 1133 (0) 13 : 0.794 0.188 0.006 0.005 0.008
1134 1134 (0) 13 : 0.724 0.258 0.008 0.005 0.005
1135 1135 (0) 13 : 0.891 0.094 0.007 0.002 0.006
1136 1136 (0) 13 : 0.687 0.302 0.005 0.003 0.003
1137 1137 (0) 13 : 0.604 0.356 0.018 0.017 0.004
1138 1138 (0) 13 : 0.735 0.250 0.007 0.003 0.004
1139 1139 (0) 13 : 0.802 0.184 0.005 0.004 0.006
1140 1140 (0) 13 : 0.725 0.262 0.005 0.004 0.005
1141 1141 (0) 13 : 0.872 0.102 0.006 0.003 0.017
1142 1142 (0) 13 : 0.893 0.083 0.005 0.003 0.017
1143 1143 (0) 13 : 0.780 0.211 0.004 0.003 0.003
1144 1144 (0) 13 : 0.816 0.175 0.003 0.003 0.003
1145 1145 (0) 13 : 0.714 0.265 0.009 0.004 0.007
1146 1146 (0) 13 : 0.878 0.102 0.015 0.002 0.003
1147 1147 (0) 13 : 0.793 0.199 0.003 0.002 0.003
1148 1148 (0) 13 : 0.666 0.306 0.007 0.005 0.017
1149 1149 (0) 13 : 0.679 0.297 0.007 0.010 0.007
1150 1150 (0) 13 : 0.814 0.164 0.010 0.005 0.008
1151 1151 (0) 13 : 0.770 0.217 0.004 0.003 0.005
1152 1152 (0) 13 : 0.716 0.271 0.004 0.003 0.006
1153 1153 (0) 13 : 0.750 0.242 0.003 0.002 0.003
1154 1154 (0) 13 : 0.756 0.236 0.003 0.002 0.003
1155 1155 (0) 13 : 0.796 0.135 0.029 0.015 0.024
1156 1156 (0) 13 : 0.773 0.163 0.011 0.033 0.019
1157 1157 (0) 13 : 0.849 0.140 0.003 0.002 0.005
1158 1158 (0) 13 : 0.894 0.089 0.004 0.003 0.010
1159 1159 (0) 13 : 0.789 0.171 0.024 0.004 0.013
1160 1160 (0) 13 : 0.529 0.402 0.023 0.011 0.036
1161 1161 (0) 13 : 0.831 0.095 0.053 0.006 0.015
1162 1162 (0) 13 : 0.659 0.325 0.004 0.008 0.004
1163 1163 (0) 13 : 0.785 0.040 0.021 0.007 0.146
1164 1164 (0) 13 : 0.435 0.545 0.006 0.007 0.007
1165 1165 (0) 13 : 0.646 0.331 0.010 0.007 0.006
1166 1166 (0) 13 : 0.650 0.336 0.004 0.005 0.006
1167 1167 (0) 13 : 0.595 0.394 0.005 0.004 0.003
1168 1168 (0) 13 : 0.622 0.363 0.006 0.005 0.004
1169 1169 (0) 13 : 0.668 0.306 0.005 0.016 0.005
1170 1170 (0) 13 : 0.872 0.095 0.014 0.002 0.016
1171 1171 (0) 13 : 0.744 0.244 0.006 0.003 0.004
1172 1172 (0) 13 : 0.842 0.136 0.010 0.003 0.009
1173 1173 (0) 13 : 0.718 0.270 0.004 0.005 0.003
1174 1174 (0) 13 : 0.956 0.024 0.008 0.007 0.004
1175 1175 (0) 13 : 0.595 0.331 0.015 0.016 0.044
1176 1176 (0) 13 : 0.531 0.459 0.004 0.003 0.003
1177 1177 (0) 13 : 0.687 0.305 0.004 0.002 0.003
1178 1178 (0) 13 : 0.753 0.214 0.012 0.007 0.014
1179 1179 (0) 13 : 0.831 0.152 0.008 0.004 0.005
1180 1180 (0) 13 : 0.645 0.341 0.006 0.003 0.003
1181 1181 (0) 13 : 0.798 0.144 0.024 0.005 0.029
1182 1182 (0) 13 : 0.781 0.208 0.004 0.002 0.004
1183 1183 (0) 13 : 0.679 0.310 0.004 0.003 0.003
1184 1184 (0) 13 : 0.806 0.174 0.006 0.005 0.009
1185 1185 (0) 13 : 0.665 0.293 0.008 0.015 0.018
1186 1186 (0) 13 : 0.551 0.436 0.007 0.003 0.004
1187 1187 (0) 13 : 0.778 0.214 0.003 0.002 0.003
1188 1188 (0) 13 : 0.746 0.237 0.010 0.003 0.003
1189 1189 (0) 13 : 0.900 0.027 0.028 0.034 0.012
1190 1190 (0) 13 : 0.909 0.063 0.010 0.005 0.014
1191 1191 (0) 13 : 0.727 0.263 0.004 0.002 0.003
1192 1192 (0) 13 : 0.741 0.239 0.007 0.007 0.006
1193 1193 (0) 13 : 0.772 0.219 0.005 0.002 0.003
1194 1194 (0) 13 : 0.838 0.094 0.057 0.006 0.005
1195 1195 (0) 13 : 0.841 0.146 0.003 0.003 0.007
1196 1196 (0) 13 : 0.878 0.064 0.013 0.016 0.030
1197 1197 (0) 13 : 0.877 0.104 0.009 0.005 0.005
1198 1198 (0) 13 : 0.676 0.294 0.013 0.011 0.006
1199 1199 (0) 13 : 0.665 0.325 0.004 0.004 0.003
1200 1200 (0) 13 : 0.840 0.145 0.004 0.002 0.009
1201 1201 (0) 13 : 0.725 0.252 0.007 0.007 0.009
1202 1202 (0) 13 : 0.783 0.195 0.005 0.006 0.011
1203 1203 (0) 13 : 0.717 0.264 0.011 0.002 0.005
1204 1204 (0) 13 : 0.707 0.270 0.004 0.007 0.012
1205 1205 (0) 13 : 0.779 0.208 0.005 0.003 0.005
1206 1206 (0) 13 : 0.656 0.329 0.006 0.004 0.006
1207 1207 (0) 13 : 0.717 0.264 0.010 0.003 0.006
1208 1208 (0) 13 : 0.655 0.320 0.008 0.007 0.009
1209 1209 (0) 14 : 0.005 0.348 0.632 0.010 0.005
1210 1210 (0) 14 : 0.008 0.086 0.891 0.009 0.007
1211 1211 (0) 14 : 0.006 0.348 0.628 0.012 0.005
1212 1212 (0) 14 : 0.004 0.023 0.838 0.102 0.032
1213 1213 (0) 14 : 0.014 0.007 0.961 0.013 0.005
1214 1214 (0) 14 : 0.004 0.228 0.755 0.008 0.005
1215 1215 (0) 14 : 0.004 0.074 0.851 0.065 0.005
1216 1216 (0) 14 : 0.005 0.010 0.979 0.003 0.003
1217 1217 (0) 14 : 0.006 0.032 0.911 0.022 0.028
1218 1218 (0) 14 : 0.008 0.011 0.970 0.007 0.004
1219 1219 (0) 14 : 0.007 0.054 0.930 0.004 0.004
1220 1220 (0) 14 : 0.008 0.071 0.906 0.008 0.006
1221 1221 (0) 14 : 0.015 0.287 0.680 0.007 0.011
1222 1222 (0) 14 : 0.014 0.036 0.940 0.005 0.005
1223 1223 (0) 14 : 0.243 0.015 0.729 0.009 0.004
1224 1224 (0) 14 : 0.006 0.358 0.592 0.016 0.027
1225 1225 (0) 14 : 0.005 0.075 0.885 0.023 0.012
1226 1226 (0) 14 : 0.004 0.355 0.617 0.021 0.004
1227 1227 (0) 14 : 0.011 0.193 0.773 0.018 0.005
1228 1228 (0) 14 : 0.009 0.013 0.959 0.011 0.008
1229 1229 (0) 14 : 0.015 0.038 0.940 0.003 0.005
1230 1230 (0) 14 : 0.046 0.327 0.600 0.014 0.013
1231 1231 (0) 14 : 0.005 0.004 0.984 0.003 0.003
1232 1232 (0) 14 : 0.010 0.139 0.837 0.005 0.009
1233 1233 (0) 14 : 0.003 0.013 0.968 0.006 0.010
1234 1234 (0) 14 : 0.006 0.261 0.716 0.008 0.009
1235 1235 (0) 14 : 0.014 0.295 0.658 0.005 0.029
1236 1236 (0) 14 : 0.008 0.014 0.948 0.011 0.018
1237 1237 (0) 14 : 0.006 0.029 0.941 0.006 0.017
1238 1238 (0) 14 : 0.010 0.284 0.695 0.005 0.006
1239 1239 (0) 14 : 0.008 0.011 0.973 0.004 0.004
1240 1240 (0) 14 : 0.008 0.249 0.729 0.006 0.007
1241 1241 (0) 14 : 0.012 0.005 0.964 0.008 0.012
1242 1242 (0) 14 : 0.011 0.030 0.883 0.029 0.048
1243 1243 (0) 14 : 0.042 0.298 0.641 0.015 0.005
1244 1244 (0) 14 : 0.007 0.186 0.798 0.003 0.006
1245 1245 (0) 14 : 0.004 0.028 0.949 0.007 0.012
1246 1246 (0) 14 : 0.006 0.333 0.640 0.005 0.016
1247 1247 (0) 14 : 0.011 0.156 0.825 0.003 0.005
1248 1248 (0) 14 : 0.006 0.247 0.731 0.011 0.005
1249 1249 (0) 14 : 0.006 0.179 0.797 0.008 0.009
1250 1250 (0) 14 : 0.003 0.186 0.800 0.004 0.007
1251 1251 (0) 14 : 0.012 0.528 0.444 0.006 0.009
1252 1252 (0) 14 : 0.006 0.295 0.686 0.008 0.005
1253 1253 (0) 14 : 0.007 0.022 0.951 0.012 0.008
1254 1254 (0) 14 : 0.004 0.033 0.950 0.007 0.006
1255 1255 (0) 14 : 0.005 0.137 0.832 0.005 0.021
1256 1256 (0) 14 : 0.016 0.056 0.918 0.004 0.005
1257 1257 (0) 14 : 0.016 0.037 0.937 0.006 0.005
1258 1258 (0) 14 : 0.009 0.174 0.803 0.008 0.006
1259 1259 (0) 14 : 0.005 0.009 0.977 0.004 0.005
1260 1260 (0) 14 : 0.013 0.141 0.609 0.230 0.007
1261 1261 (0) 14 : 0.078 0.289 0.527 0.056 0.050
1262 1262 (0) 14 : 0.014 0.382 0.560 0.020 0.024
1263 1263 (0) 14 : 0.003 0.028 0.950 0.008 0.010
1264 1264 (0) 14 : 0.034 0.025 0.925 0.011 0.005
1265 1265 (0) 14 : 0.006 0.017 0.970 0.002 0.005
1266 1266 (0) 14 : 0.004 0.327 0.656 0.007 0.006
1267 1267 (0) 14 : 0.004 0.052 0.934 0.006 0.004
1268 1268 (0) 14 : 0.006 0.080 0.893 0.006 0.015
1269 1269 (0) 14 : 0.015 0.034 0.943 0.004 0.004
1270 1270 (0) 14 : 0.004 0.374 0.605 0.007 0.010
1271 1271 (0) 14 : 0.014 0.102 0.870 0.007 0.008
1272 1272 (0) 14 : 0.005 0.192 0.754 0.018 0.032
1273 1273 (0) 14 : 0.008 0.109 0.859 0.010 0.013
1274 1274 (0) 14 : 0.037 0.262 0.688 0.005 0.007
1275 1275 (0) 14 : 0.005 0.281 0.696 0.010 0.009
1276 1276 (0) 14 : 0.007 0.205 0.767 0.010 0.011
1277 1277 (0) 14 : 0.011 0.312 0.663 0.010 0.005
1278 1278 (0) 14 : 0.010 0.028 0.929 0.027 0.006
1279 1279 (0) 14 : 0.006 0.161 0.823 0.003 0.008
1280 1280 (0) 14 : 0.006 0.013 0.966 0.008 0.006
1281 1281 (0) 14 : 0.005 0.202 0.783 0.006 0.004
1282 1282 (0) 14 : 0.028 0.113 0.848 0.003 0.007
1283 1283 (0) 14 : 0.011 0.389 0.584 0.007 0.009
1284 1284 (0) 14 : 0.036 0.042 0.909 0.008 0.005
1285 1285 (0) 14 : 0.008 0.372 0.612 0.004 0.005
1286 1286 (0) 14 : 0.033 0.196 0.726 0.038 0.007
1287 1287 (0) 14 : 0.006 0.006 0.975 0.007 0.006
1288 1288 (0) 14 : 0.005 0.274 0.703 0.009 0.009
1289 1289 (0) 14 : 0.011 0.070 0.886 0.014 0.018
1290 1290 (0) 14 : 0.004 0.234 0.756 0.003 0.003
1291 1291 (0) 14 : 0.021 0.441 0.522 0.004 0.011
1292 1292 (0) 14 : 0.004 0.029 0.954 0.009 0.004
1293 1293 (0) 14 : 0.026 0.111 0.848 0.011 0.004
1294 1294 (0) 14 : 0.004 0.165 0.803 0.011 0.017
1295 1295 (0) 14 : 0.028 0.030 0.864 0.018 0.060
1296 1296 (0) 14 : 0.010 0.110 0.869 0.004 0.007
1297 1297 (0) 14 : 0.011 0.144 0.829 0.012 0.004
1298 1298 (0) 14 : 0.008 0.048 0.934 0.004 0.007
1299 1299 (0) 14 : 0.006 0.280 0.706 0.003 0.005
1300 1300 (0) 14 : 0.009 0.166 0.812 0.003 0.010
1301 1301 (0) 14 : 0.004 0.235 0.734 0.005 0.022
1302 1302 (0) 14 : 0.032 0.259 0.686 0.013 0.010
1303 1303 (0) 14 : 0.052 0.011 0.902 0.027 0.008
1304 1304 (0) 14 : 0.073 0.124 0.794 0.005 0.005
1305 1305 (0) 14 : 0.005 0.121 0.858 0.003 0.013
1306 1306 (0) 14 : 0.034 0.252 0.701 0.005 0.008
1307 1307 (0) 14 : 0.102 0.011 0.877 0.005 0.005
1308 1308 (0) 14 : 0.005 0.178 0.788 0.011 0.018
1309 1309 (10) 15 : 0.027 0.006 0.058 0.005 0.903
1310 1310 (5) 15 : 0.032 0.006 0.012 0.011 0.938
1311 1311 (5) 15 : 0.064 0.269 0.093 0.013 0.562
1312 1312 (5) 15 : 0.004 0.003 0.017 0.003 0.973
1313 1313 (10) 15 : 0.065 0.052 0.106 0.016 0.761
1314 1314 (5) 15 : 0.057 0.373 0.191 0.024 0.355
1315 1315 (10) 15 : 0.023 0.012 0.027 0.004 0.934
1316 1316 (0) 15 : 0.004 0.008 0.017 0.098 0.873
1317 1317 (0) 15 : 0.027 0.014 0.014 0.003 0.942
1318 1318 (0) 15 : 0.003 0.003 0.005 0.007 0.982
1319 1319 (0) 15 : 0.007 0.017 0.014 0.006 0.957
1320 1320 (0) 15 : 0.045 0.084 0.021 0.003 0.847
1321 1321 (0) 15 : 0.003 0.006 0.006 0.005 0.980
1322 1322 (0) 15 : 0.007 0.033 0.064 0.006 0.890
1323 1323 (0) 15 : 0.097 0.011 0.081 0.004 0.807
1324 1324 (0) 15 : 0.047 0.027 0.129 0.006 0.791
1325 1325 (0) 15 : 0.034 0.049 0.021 0.005 0.891
1326 1326 (0) 15 : 0.040 0.306 0.041 0.008 0.605
1327 1327 (0) 15 : 0.004 0.006 0.008 0.008 0.974
1328 1328 (5) 15 : 0.003 0.014 0.005 0.035 0.943
1329 1329 (0) 15 : 0.107 0.017 0.011 0.006 0.860
1330 1330 (0) 15 : 0.117 0.111 0.017 0.005 0.749
1331 1331 (5) 15 : 0.014 0.042 0.007 0.017 0.921
1332 1332 (5) 15 : 0.003 0.008 0.007 0.009 0.973
1333 1333 (0) 15 : 0.027 0.098 0.038 0.048 0.789
1334 1334 (0) 15 : 0.003 0.029 0.008 0.007 0.954
1335 1335 (0) 15 : 0.097 0.012 0.058 0.004 0.829
1336 1336 (0) 15 : 0.007 0.004 0.006 0.006 0.976
1337 1337 (0) 15 : 0.006 0.003 0.006 0.007 0.978
1338 1338 (0) 15 : 0.004 0.005 0.010 0.005 0.975
1339 1339 (0) 15 : 0.002 0.002 0.004 0.012 0.979
1340 1340 (0) 15 : 0.008 0.006 0.009 0.003 0.974
1341 1341 (0) 15 : 0.008 0.027 0.012 0.046 0.907
1342 1342 (0) 15 : 0.021 0.005 0.421 0.020 0.533
1343 1343 (0) 15 : 0.006 0.011 0.009 0.005 0.969
1344 1344 (0) 15 : 0.005 0.022 0.007 0.005 0.961
1345 1345 (0) 15 : 0.021 0.055 0.414 0.016 0.494
1346 1346 (0) 15 : 0.005 0.004 0.005 0.006 0.981
1347 1347 (0) 15 : 0.006 0.029 0.017 0.032 0.916
1348 1348 (0) 15 : 0.005 0.013 0.330 0.004 0.648
1349 1349 (0) 15 : 0.061 0.004 0.014 0.002 0.918
1350 1350 (0) 15 : 0.040 0.011 0.116 0.004 0.830
1351 1351 (0) 16 : 0.013 0.136 0.007 0.004 0.839
1352 1352 (0) 16 : 0.004 0.004 0.003 0.005 0.984
1353 1353 (0) 16 : 0.005 0.003 0.006 0.015 0.971
1354 1354 (0) 16 : 0.003 0.008 0.529 0.007 0.453
1355 1355 (0) 16 : 0.004 0.076 0.007 0.005 0.907
1356 1356 (0) 16 : 0.006 0.071 0.007 0.004 0.912
1357 1357 (0) 16 : 0.007 0.010 0.076 0.004 0.902
1358 1358 (0) 16 : 0.010 0.046 0.019 0.010 0.915
1359 1359 (0) 16 : 0.006 0.019 0.005 0.005 0.966
1360 1360 (0) 16 : 0.003 0.003 0.064 0.005 0.925
1361 1361 (0) 16 : 0.018 0.250 0.080 0.010 0.643
1362 1362 (0) 16 : 0.005 0.003 0.007 0.005 0.980
1363 1363 (0) 16 : 0.010 0.003 0.007 0.005 0.976
1364 1364 (0) 16 : 0.012 0.037 0.014 0.004 0.934
1365 1365 (0) 16 : 0.007 0.011 0.008 0.042 0.933
1366 1366 (0) 16 : 0.004 0.019 0.008 0.032 0.936
1367 1367 (0) 16 : 0.013 0.014 0.018 0.010 0.946
1368 1368 (0) 16 : 0.002 0.025 0.007 0.004 0.962
1369 1369 (0) 16 : 0.004 0.005 0.005 0.007 0.979
1370 1370 (0) 16 : 0.003 0.037 0.006 0.004 0.950
1371 1371 (0) 16 : 0.011 0.141 0.012 0.006 0.829
1372 1372 (0) 16 : 0.004 0.040 0.007 0.010 0.939
1373 1373 (0) 16 : 0.011 0.011 0.005 0.161 0.812
1374 1374 (0) 16 : 0.009 0.012 0.019 0.006 0.954
1375 1375 (0) 16 : 0.004 0.039 0.011 0.004 0.941
1376 1376 (0) 16 : 0.017 0.010 0.030 0.014 0.929
1377 1377 (0) 16 : 0.008 0.012 0.010 0.021 0.949
1378 1378 (0) 16 : 0.007 0.038 0.029 0.011 0.916
1379 1379 (0) 16 : 0.003 0.027 0.017 0.005 0.948
1380 1380 (0) 16 : 0.003 0.004 0.007 0.006 0.980
1381 1381 (0) 16 : 0.004 0.014 0.008 0.005 0.969
1382 1382 (0) 16 : 0.007 0.111 0.012 0.004 0.865
1383 1383 (0) 16 : 0.004 0.064 0.013 0.006 0.912
1384 1384 (0) 16 : 0.006 0.008 0.023 0.007 0.956
1385 1385 (0) 16 : 0.021 0.063 0.014 0.014 0.889
1386 1386 (0) 16 : 0.042 0.025 0.086 0.012 0.835
1387 1387 (0) 16 : 0.004 0.020 0.008 0.010 0.959
1388 1388 (0) 16 : 0.003 0.023 0.033 0.007 0.934
1389 1389 (0) 16 : 0.008 0.015 0.037 0.101 0.839
1390 1390 (0) 16 : 0.028 0.032 0.015 0.010 0.915
1391 1391 (0) 16 : 0.003 0.003 0.004 0.006 0.983
1392 1392 (0) 16 : 0.003 0.004 0.041 0.006 0.946
1393 1393 (0) 16 : 0.004 0.089 0.004 0.010 0.893
1394 1394 (0) 16 : 0.007 0.004 0.004 0.005 0.979
1395 1395 (0) 16 : 0.004 0.013 0.005 0.008 0.970
1396 1396 (0) 16 : 0.003 0.029 0.016 0.059 0.893
1397 1397 (0) 16 : 0.012 0.010 0.014 0.012 0.952
1398 1398 (0) 16 : 0.004 0.017 0.006 0.005 0.967
1399 1399 (0) 16 : 0.006 0.236 0.006 0.005 0.747
1400 1400 (0) 16 : 0.004 0.009 0.010 0.039 0.937
1401 1401 (0) 16 : 0.005 0.006 0.007 0.007 0.976
1402 1402 (0) 16 : 0.007 0.237 0.006 0.008 0.742
1403 1403 (0) 16 : 0.003 0.125 0.011 0.005 0.856
1404 1404 (0) 16 : 0.007 0.095 0.022 0.131 0.746
1405 1405 (0) 16 : 0.005 0.208 0.012 0.005 0.769
1406 1406 (0) 16 : 0.016 0.067 0.017 0.012 0.887
1407 1407 (0) 16 : 0.014 0.050 0.062 0.013 0.862
1408 1408 (0) 16 : 0.007 0.290 0.008 0.003 0.692
1409 1409 (0) 16 : 0.003 0.015 0.005 0.008 0.968
1410 1410 (0) 16 : 0.008 0.064 0.011 0.017 0.899
1411 1411 (0) 16 : 0.007 0.009 0.014 0.004 0.965
1412 1412 (0) 16 : 0.013 0.013 0.052 0.003 0.919
1413 1413 (0) 16 : 0.006 0.008 0.007 0.019 0.960
1414 1414 (0) 16 : 0.005 0.334 0.014 0.048 0.599
1415 1415 (0) 16 : 0.006 0.011 0.008 0.004 0.972
1416 1416 (0) 16 : 0.036 0.012 0.289 0.011 0.652
1417 1417 (0) 16 : 0.008 0.004 0.005 0.012 0.971
1418 1418 (0) 16 : 0.005 0.214 0.020 0.005 0.757
1419 1419 (0) 16 : 0.045 0.006 0.025 0.006 0.919
1420 1420 (0) 16 : 0.006 0.009 0.015 0.005 0.965
1421 1421 (0) 16 : 0.008 0.007 0.008 0.005 0.972
1422 1422 (0) 16 : 0.009 0.008 0.011 0.016 0.957
1423 1423 (0) 16 : 0.009 0.033 0.009 0.005 0.944
1424 1424 (0) 16 : 0.005 0.006 0.006 0.013 0.971
1425 1425 (0) 16 : 0.017 0.015 0.027 0.004 0.937
1426 1426 (0) 16 : 0.004 0.044 0.010 0.117 0.825
1427 1427 (0) 16 : 0.009 0.008 0.007 0.007 0.969
1428 1428 (0) 16 : 0.004 0.129 0.013 0.005 0.849
1429 1429 (0) 16 : 0.021 0.012 0.086 0.008 0.874
1430 1430 (0) 16 : 0.023 0.275 0.009 0.015 0.677
1431 1431 (0) 16 : 0.015 0.013 0.017 0.005 0.949
1432 1432 (0) 16 : 0.003 0.008 0.008 0.015 0.966
1433 1433 (0) 16 : 0.015 0.234 0.026 0.005 0.720
1434 1434 (0) 16 : 0.005 0.003 0.010 0.004 0.979
1435 1435 (0) 16 : 0.003 0.019 0.011 0.003 0.963
1436 1436 (0) 16 : 0.003 0.010 0.017 0.003 0.968
1437 1437 (0) 16 : 0.004 0.015 0.007 0.006 0.968
1438 1438 (0) 16 : 0.005 0.006 0.007 0.005 0.977
1439 1439 (0) 16 : 0.004 0.028 0.117 0.023 0.828
1440 1440 (0) 16 : 0.010 0.005 0.006 0.003 0.977
1441 1441 (0) 16 : 0.005 0.075 0.009 0.007 0.903
1442 1442 (0) 16 : 0.008 0.007 0.006 0.064 0.916
1443 1443 (0) 16 : 0.006 0.123 0.044 0.013 0.814
1444 1444 (0) 16 : 0.014 0.040 0.011 0.006 0.930
1445 1445 (0) 16 : 0.005 0.006 0.011 0.009 0.968
1446 1446 (0) 16 : 0.005 0.079 0.008 0.024 0.885
1447 1447 (0) 16 : 0.012 0.006 0.008 0.006 0.968
1448 1448 (0) 16 : 0.007 0.013 0.004 0.012 0.965
1449 1449 (0) 16 : 0.004 0.031 0.019 0.053 0.894
1450 1450 (0) 16 : 0.005 0.005 0.009 0.004 0.977
1451 1451 (0) 17 : 0.004 0.017 0.961 0.007 0.012
1452 1452 (0) 17 : 0.007 0.108 0.843 0.031 0.010
1453 1453 (0) 17 : 0.006 0.023 0.959 0.005 0.008
1454 1454 (0) 17 : 0.009 0.030 0.802 0.007 0.152
1455 1455 (0) 17 : 0.016 0.006 0.896 0.008 0.075
1456 1456 (0) 17 : 0.021 0.007 0.956 0.004 0.013
1457 1457 (0) 17 : 0.005 0.004 0.965 0.005 0.021
1458 1458 (0) 17 : 0.005 0.011 0.858 0.009 0.118
1459 1459 (0) 17 : 0.008 0.008 0.701 0.061 0.222
1460 1460 (0) 17 : 0.017 0.063 0.869 0.035 0.016
1461 1461 (0) 17 : 0.006 0.074 0.900 0.007 0.013
1462 1462 (0) 17 : 0.128 0.177 0.656 0.027 0.011
1463 1463 (0) 17 : 0.010 0.069 0.895 0.005 0.022
1464 1464 (0) 17 : 0.006 0.004 0.956 0.006 0.028
1465 1465 (0) 17 : 0.003 0.019 0.823 0.038 0.118
1466 1466 (0) 17 : 0.018 0.012 0.958 0.008 0.005
1467 1467 (0) 17 : 0.091 0.022 0.859 0.005 0.023
1468 1468 (0) 17 : 0.005 0.018 0.969 0.004 0.004
1469 1469 (0) 17 : 0.014 0.109 0.868 0.004 0.004
1470 1470 (0) 17 : 0.005 0.053 0.918 0.010 0.014
1471 1471 (0) 17 : 0.006 0.062 0.879 0.018 0.034
1472 1472 (0) 17 : 0.005 0.005 0.971 0.011 0.008
1473 1473 (0) 17 : 0.025 0.008 0.960 0.003 0.004
1474 1474 (0) 17 : 0.032 0.009 0.941 0.014 0.004
1475 1475 (0) 17 : 0.033 0.030 0.809 0.008 0.121
1476 1476 (0) 17 : 0.004 0.019 0.963 0.003 0.010
1477 1477 (0) 17 : 0.047 0.095 0.830 0.011 0.017
1478 1478 (0) 17 : 0.005 0.006 0.943 0.008 0.038
1479 1479 (0) 17 : 0.008 0.003 0.978 0.005 0.006
1480 1480 (0) 17 : 0.127 0.450 0.387 0.007 0.030
1481 1481 (0) 17 : 0.006 0.088 0.891 0.005 0.009
1482 1482 (0) 17 : 0.009 0.236 0.724 0.006 0.025
1483 1483 (0) 17 : 0.007 0.034 0.603 0.014 0.343
1484 1484 (0) 17 : 0.004 0.206 0.780 0.004 0.006
1485 1485 (0) 17 : 0.004 0.004 0.976 0.010 0.006
1486 1486 (0) 17 : 0.045 0.199 0.713 0.015 0.028
1487 1487 (0) 17 : 0.019 0.172 0.777 0.013 0.020
1488 1488 (0) 17 : 0.014 0.267 0.705 0.004 0.009
1489 1489 (0) 17 : 0.019 0.273 0.624 0.012 0.072
1490 1490 (0) 17 : 0.005 0.024 0.960 0.005 0.005
1491 1491 (0) 17 : 0.042 0.060 0.872 0.003 0.023
1492 1492 (0) 17 : 0.004 0.020 0.958 0.011 0.007
1493 1493 (0) 17 : 0.013 0.330 0.631 0.011 0.014
1494 1494 (0) 17 : 0.010 0.054 0.833 0.009 0.095
1495 1495 (0) 17 : 0.004 0.006 0.983 0.003 0.004
1496 1496 (0) 17 : 0.016 0.079 0.847 0.004 0.054
1497 1497 (0) 17 : 0.024 0.007 0.942 0.013 0.014
1498 1498 (0) 17 : 0.006 0.062 0.852 0.015 0.065
1499 1499 (0) 17 : 0.064 0.055 0.684 0.008 0.189
1500 1500 (0) 17 : 0.062 0.009 0.868 0.024 0.036
1501 1501 (0) 17 : 0.006 0.092 0.885 0.004 0.014
1502 1502 (0) 17 : 0.007 0.277 0.682 0.005 0.029
1503 1503 (0) 17 : 0.008 0.059 0.913 0.010 0.010
1504 1504 (0) 17 : 0.043 0.019 0.890 0.005 0.043
1505 1505 (0) 17 : 0.003 0.019 0.949 0.010 0.019
1506 1506 (0) 17 : 0.004 0.006 0.968 0.011 0.010
1507 1507 (0) 17 : 0.027 0.007 0.784 0.005 0.176
1508 1508 (0) 17 : 0.007 0.053 0.927 0.006 0.006
1509 1509 (0) 17 : 0.004 0.047 0.929 0.004 0.016
1510 1510 (0) 17 : 0.009 0.201 0.729 0.008 0.054
1511 1511 (0) 17 : 0.003 0.120 0.863 0.005 0.009
1512 1512 (0) 17 : 0.031 0.008 0.932 0.011 0.019
1513 1513 (0) 17 : 0.002 0.004 0.975 0.005 0.013
1514 1514 (0) 17 : 0.003 0.005 0.529 0.004 0.458
1515 1515 (0) 17 : 0.058 0.023 0.909 0.005 0.005
1516 1516 (0) 17 : 0.003 0.185 0.718 0.008 0.084
1517 1517 (0) 17 : 0.004 0.095 0.881 0.008 0.013
1518 1518 (0) 17 : 0.006 0.048 0.928 0.014 0.004
1519 1519 (0) 17 : 0.005 0.037 0.893 0.019 0.046
1520 1520 (0) 17 : 0.005 0.014 0.969 0.005 0.007
1521 1521 (0) 17 : 0.052 0.014 0.826 0.010 0.098
1522 1522 (0) 17 : 0.013 0.003 0.357 0.003 0.623
1523 1523 (0) 17 : 0.014 0.014 0.947 0.014 0.012
1524 1524 (0) 17 : 0.069 0.010 0.449 0.041 0.431
1525 1525 (0) 17 : 0.006 0.028 0.944 0.003 0.019
1526 1526 (0) 17 : 0.004 0.140 0.830 0.008 0.019
1527 1527 (0) 17 : 0.011 0.029 0.934 0.008 0.019
1528 1528 (0) 17 : 0.027 0.085 0.780 0.007 0.101
1529 1529 (0) 17 : 0.017 0.049 0.870 0.008 0.056
1530 1530 (0) 17 : 0.005 0.006 0.855 0.024 0.110
1531 1531 (0) 17 : 0.007 0.008 0.846 0.016 0.122
1532 1532 (0) 17 : 0.006 0.019 0.958 0.003 0.014
1533 1533 (0) 17 : 0.006 0.022 0.962 0.004 0.006
1534 1534 (0) 17 : 0.004 0.049 0.935 0.005 0.007
1535 1535 (0) 17 : 0.013 0.004 0.966 0.005 0.011
1536 1536 (0) 17 : 0.005 0.005 0.981 0.005 0.004
1537 1537 (0) 17 : 0.037 0.028 0.848 0.045 0.042
1538 1538 (0) 17 : 0.005 0.062 0.722 0.099 0.113
1539 1539 (0) 17 : 0.006 0.017 0.915 0.007 0.056
1540 1540 (0) 17 : 0.025 0.059 0.898 0.009 0.010
1541 1541 (0) 17 : 0.006 0.020 0.928 0.012 0.034
1542 1542 (0) 17 : 0.015 0.014 0.959 0.004 0.007
1543 1543 (0) 17 : 0.026 0.008 0.930 0.008 0.027
1544 1544 (0) 17 : 0.015 0.077 0.876 0.006 0.026
1545 1545 (0) 17 : 0.008 0.145 0.833 0.003 0.012
1546 1546 (0) 17 : 0.010 0.015 0.958 0.006 0.011
1547 1547 (0) 17 : 0.011 0.188 0.717 0.058 0.027
1548 1548 (0) 17 : 0.005 0.007 0.949 0.011 0.028
1549 1549 (0) 17 : 0.030 0.006 0.949 0.012 0.003
1550 1550 (0) 17 : 0.006 0.007 0.974 0.005 0.008
1551 1551 (0) 18 : 0.003 0.213 0.003 0.777 0.004
1552 1552 (0) 18 : 0.004 0.037 0.006 0.946 0.006
1553 1553 (0) 18 : 0.003 0.155 0.004 0.833 0.005
1554 1554 (0) 18 : 0.012 0.153 0.007 0.820 0.009
1555 1555 (0) 18 : 0.042 0.272 0.020 0.660 0.006
1556 1556 (0) 18 : 0.004 0.254 0.006 0.730 0.006
1557 1557 (0) 18 : 0.008 0.064 0.005 0.918 0.006
1558 1558 (0) 18 : 0.004 0.190 0.003 0.797 0.007
1559 1559 (0) 18 : 0.010 0.145 0.034 0.790 0.021
1560 1560 (0) 18 : 0.025 0.035 0.022 0.894 0.023
1561 1561 (0) 18 : 0.157 0.005 0.019 0.814 0.005
1562 1562 (0) 18 : 0.012 0.309 0.007 0.649 0.022
1563 1563 (0) 18 : 0.002 0.005 0.004 0.985 0.004
1564 1564 (0) 18 : 0.003 0.016 0.018 0.955 0.009
1565 1565 (0) 18 : 0.006 0.082 0.020 0.885 0.007
1566 1566 (0) 18 : 0.005 0.037 0.014 0.907 0.037
1567 1567 (0) 18 : 0.008 0.025 0.011 0.865 0.091
1568 1568 (0) 18 : 0.009 0.078 0.008 0.902 0.004
1569 1569 (0) 18 : 0.004 0.025 0.005 0.962 0.004
1570 1570 (0) 18 : 0.002 0.049 0.008 0.934 0.007
1571 1571 (0) 18 : 0.002 0.003 0.004 0.987 0.004
1572 1572 (0) 18 : 0.003 0.064 0.004 0.908 0.020
1573 1573 (0) 18 : 0.003 0.015 0.004 0.973 0.005
1574 1574 (0) 18 : 0.003 0.071 0.018 0.903 0.005
1575 1575 (0) 18 : 0.006 0.060 0.005 0.924 0.005
1576 1576 (0) 18 : 0.006 0.063 0.012 0.892 0.028
1577 1577 (0) 18 : 0.005 0.004 0.003 0.985 0.003
1578 1578 (0) 18 : 0.004 0.095 0.011 0.867 0.023
1579 1579 (0) 18 : 0.011 0.011 0.022 0.938 0.018
1580 1580 (0) 18 : 0.003 0.021 0.004 0.969 0.004
1581 1581 (0) 18 : 0.013 0.060 0.014 0.901 0.012
1582 1582 (0) 18 : 0.021 0.007 0.048 0.893 0.031
1583 1583 (0) 18 : 0.003 0.045 0.004 0.946 0.003
1584 1584 (0) 18 : 0.023 0.072 0.015 0.886 0.005
1585 1585 (0) 18 : 0.005 0.062 0.008 0.909 0.016
1586 1586 (0) 18 : 0.049 0.116 0.008 0.820 0.008
1587 1587 (0) 18 : 0.009 0.018 0.016 0.891 0.066
1588 1588 (0) 18 : 0.004 0.006 0.003 0.983 0.004
1589 1589 (0) 18 : 0.006 0.152 0.005 0.834 0.003
1590 1590 (0) 18 : 0.004 0.023 0.004 0.966 0.004
1591 1591 (0) 18 : 0.031 0.008 0.047 0.897 0.016
1592 1592 (0) 18 : 0.014 0.152 0.008 0.820 0.006
1593 1593 (0) 18 : 0.005 0.055 0.023 0.904 0.013
1594 1594 (0) 18 : 0.002 0.030 0.010 0.929 0.029
1595 1595 (0) 18 : 0.006 0.114 0.008 0.862 0.010
1596 1596 (0) 18 : 0.007 0.012 0.009 0.845 0.128
1597 1597 (0) 18 : 0.004 0.007 0.008 0.976 0.005
1598 1598 (0) 18 : 0.007 0.098 0.005 0.885 0.005
1599 1599 (0) 18 : 0.002 0.114 0.005 0.874 0.004
1600 1600 (0) 18 : 0.161 0.085 0.008 0.740 0.006
1601 1601 (0) 18 : 0.003 0.008 0.003 0.979 0.006
1602 1602 (0) 18 : 0.003 0.072 0.033 0.879 0.012
1603 1603 (0) 18 : 0.036 0.015 0.011 0.934 0.003
1604 1604 (0) 18 : 0.018 0.080 0.007 0.886 0.010
1605 1605 (0) 18 : 0.003 0.005 0.004 0.985 0.003
1606 1606 (0) 18 : 0.004 0.048 0.004 0.941 0.003
1607 1607 (0) 18 : 0.002 0.034 0.022 0.927 0.015
1608 1608 (0) 18 : 0.004 0.007 0.002 0.981 0.005
1609 1609 (0) 18 : 0.003 0.114 0.008 0.825 0.049
1610 1610 (0) 18 : 0.002 0.127 0.006 0.860 0.005
1611 1611 (0) 18 : 0.002 0.061 0.005 0.913 0.019
1612 1612 (0) 18 : 0.003 0.146 0.010 0.777 0.064
1613 1613 (0) 18 : 0.006 0.086 0.011 0.883 0.013
1614 1614 (0) 18 : 0.006 0.176 0.007 0.799 0.011
1615 1615 (0) 18 : 0.060 0.121 0.011 0.803 0.004
1616 1616 (0) 18 : 0.006 0.322 0.007 0.647 0.018
1617 1617 (0) 18 : 0.004 0.245 0.007 0.738 0.006
1618 1618 (0) 18 : 0.033 0.084 0.039 0.799 0.045
1619 1619 (0) 18 : 0.003 0.093 0.006 0.872 0.025
1620 1620 (0) 18 : 0.004 0.032 0.003 0.957 0.004
1621 1621 (0) 18 : 0.006 0.015 0.014 0.919 0.045
1622 1622 (0) 18 : 0.004 0.018 0.010 0.956 0.013
1623 1623 (0) 18 : 0.002 0.022 0.003 0.966 0.006
1624 1624 (0) 18 : 0.005 0.131 0.006 0.852 0.007
1625 1625 (0) 18 : 0.004 0.023 0.022 0.923 0.028
1626 1626 (0) 18 : 0.004 0.018 0.004 0.969 0.005
1627 1627 (0) 18 : 0.009 0.005 0.008 0.972 0.006
1628 1628 (0) 18 : 0.002 0.104 0.003 0.886 0.004
1629 1629 (0) 18 : 0.003 0.029 0.015 0.944 0.009
1630 1630 (0) 18 : 0.002 0.019 0.091 0.883 0.004
1631 1631 (0) 18 : 0.006 0.072 0.005 0.911 0.006
1632 1632 (0) 18 : 0.003 0.030 0.004 0.959 0.004
1633 1633 (0) 18 : 0.010 0.015 0.018 0.938 0.020
1634 1634 (0) 18 : 0.004 0.045 0.026 0.908 0.017
1635 1635 (0) 18 : 0.002 0.013 0.014 0.955 0.017
1636 1636 (0) 18 : 0.089 0.046 0.003 0.857 0.005
1637 1637 (0) 18 : 0.004 0.120 0.004 0.870 0.003
1638 1638 (0) 18 : 0.009 0.093 0.005 0.889 0.004
1639 1639 (0) 18 : 0.009 0.154 0.008 0.812 0.017
1640 1640 (0) 18 : 0.003 0.120 0.043 0.831 0.003
1641 1641 (0) 18 : 0.006 0.003 0.004 0.981 0.005
1642 1642 (0) 18 : 0.002 0.020 0.007 0.944 0.026
1643 1643 (0) 18 : 0.003 0.087 0.008 0.897 0.005
1644 1644 (0) 18 : 0.002 0.137 0.005 0.853 0.003
1645 1645 (0) 18 : 0.008 0.006 0.009 0.967 0.011
1646 1646 (0) 18 : 0.028 0.019 0.034 0.903 0.015
1647 1647 (0) 18 : 0.002 0.021 0.003 0.959 0.015
1648 1648 (0) 18 : 0.031 0.125 0.007 0.827 0.010
1649 1649 (0) 18 : 0.026 0.006 0.022 0.917 0.029
1650 1650 (0) 18 : 0.038 0.013 0.026 0.834 0.090
1651 1651 (0) 19 : 0.982 0.008 0.003 0.003 0.005
1652 1652 (0) 19 : 0.986 0.004 0.004 0.002 0.003
1653 1653 (0) 19 : 0.985 0.003 0.003 0.003 0.005
1654 1654 (0) 19 : 0.798 0.181 0.006 0.008 0.008
1655 1655 (0) 19 : 0.828 0.151 0.004 0.009 0.008
1656 1656 (0) 19 : 0.956 0.026 0.006 0.005 0.006
1657 1657 (0) 19 : 0.827 0.077 0.030 0.009 0.057
1658 1658 (0) 19 : 0.956 0.014 0.010 0.010 0.009
1659 1659 (0) 19 : 0.960 0.009 0.006 0.008 0.017
1660 1660 (0) 19 : 0.939 0.011 0.032 0.006 0.011
1661 1661 (0) 19 : 0.759 0.091 0.008 0.033 0.110
1662 1662 (0) 19 : 0.758 0.176 0.017 0.034 0.016
1663 1663 (0) 19 : 0.875 0.106 0.004 0.004 0.010
1664 1664 (0) 19 : 0.982 0.007 0.004 0.003 0.004
1665 1665 (0) 19 : 0.911 0.075 0.005 0.003 0.006
1666 1666 (0) 19 : 0.805 0.163 0.020 0.007 0.005
1667 1667 (0) 19 : 0.856 0.082 0.008 0.003 0.050
1668 1668 (0) 19 : 0.913 0.069 0.006 0.008 0.003
1669 1669 (0) 19 : 0.917 0.062 0.007 0.003 0.010
1670 1670 (0) 19 : 0.947 0.039 0.005 0.004 0.005
1671 1671 (0) 19 : 0.835 0.141 0.012 0.005 0.007
1672 1672 (0) 19 : 0.846 0.116 0.016 0.008 0.014
1673 1673 (0) 19 : 0.873 0.081 0.008 0.033 0.005
1674 1674 (0) 19 : 0.675 0.307 0.006 0.008 0.004
1675 1675 (0) 19 : 0.981 0.005 0.004 0.005 0.004
1676 1676 (0) 19 : 0.815 0.167 0.010 0.003 0.005
1677 1677 (0) 19 : 0.757 0.235 0.003 0.003 0.002
1678 1678 (0) 19 : 0.894 0.056 0.010 0.027 0.013
1679 1679 (0) 19 : 0.961 0.023 0.006 0.006 0.005
1680 1680 (0) 19 : 0.858 0.086 0.025 0.006 0.025
1681 1681 (0) 19 : 0.950 0.026 0.007 0.009 0.008
1682 1682 (0) 19 : 0.766 0.187 0.019 0.022 0.005
1683 1683 (0) 19 : 0.968 0.021 0.005 0.003 0.003
1684 1684 (0) 19 : 0.981 0.002 0.010 0.003 0.004
1685 1685 (0) 19 : 0.713 0.265 0.009 0.005 0.008
1686 1686 (0) 19 : 0.938 0.019 0.019 0.006 0.018
1687 1687 (0) 19 : 0.840 0.132 0.011 0.005 0.012
1688 1688 (0) 19 : 0.978 0.006 0.009 0.002 0.005
1689 1689 (0) 19 : 0.880 0.110 0.004 0.003 0.003
1690 1690 (0) 19 : 0.848 0.131 0.008 0.003 0.010
1691 1691 (0) 19 : 0.818 0.164 0.006 0.005 0.007
1692 1692 (0) 19 : 0.943 0.044 0.006 0.003 0.004
1693 1693 (0) 19 : 0.936 0.037 0.011 0.004 0.011
1694 1694 (0) 19 : 0.976 0.009 0.004 0.007 0.005
1695 1695 (0) 19 : 0.831 0.159 0.003 0.004 0.003
1696 1696 (0) 19 : 0.843 0.130 0.014 0.005 0.007
1697 1697 (0) 19 : 0.903 0.073 0.010 0.003 0.010
1698 1698 (0) 19 : 0.923 0.062 0.008 0.003 0.004
1699 1699 (0) 19 : 0.932 0.019 0.020 0.003 0.026
1700 1700 (0) 19 : 0.626 0.359 0.005 0.006 0.004
1701 1701 (0) 19 : 0.887 0.085 0.004 0.011 0.014
1702 1702 (0) 19 : 0.894 0.077 0.019 0.004 0.006
1703 1703 (0) 19 : 0.911 0.055 0.009 0.004 0.021
1704 1704 (0) 19 : 0.941 0.049 0.004 0.003 0.003
1705 1705 (0) 19 : 0.958 0.018 0.007 0.003 0.014
1706 1706 (0) 19 : 0.828 0.155 0.008 0.004 0.006
1707 1707 (0) 19 : 0.799 0.193 0.003 0.002 0.003
1708 1708 (0) 19 : 0.879 0.110 0.005 0.002 0.004
1709 1709 (0) 19 : 0.955 0.031 0.007 0.003 0.003
1710 1710 (0) 19 : 0.977 0.006 0.006 0.008 0.003
1711 1711 (0) 19 : 0.854 0.127 0.006 0.004 0.009
1712 1712 (0) 19 : 0.775 0.055 0.009 0.154 0.006
1713 1713 (0) 19 : 0.831 0.157 0.006 0.003 0.003
1714 1714 (0) 19 : 0.953 0.039 0.003 0.002 0.003
1715 1715 (0) 19 : 0.948 0.034 0.006 0.007 0.005
1716 1716 (0) 19 : 0.827 0.147 0.005 0.003 0.018
1717 1717 (0) 19 : 0.814 0.174 0.006 0.003 0.003
1718 1718 (0) 19 : 0.901 0.051 0.007 0.014 0.028
1719 1719 (0) 19 : 0.990 0.003 0.003 0.002 0.003
1720 1720 (0) 19 : 0.975 0.010 0.005 0.007 0.003
1721 1721 (0) 19 : 0.987 0.004 0.003 0.002 0.003
1722 1722 (0) 19 : 0.989 0.003 0.003 0.002 0.002
1723 1723 (0) 19 : 0.779 0.204 0.009 0.004 0.005
1724 1724 (0) 19 : 0.974 0.014 0.004 0.003 0.005
1725 1725 (0) 19 : 0.851 0.119 0.021 0.006 0.003
1726 1726 (0) 19 : 0.794 0.182 0.005 0.004 0.015
1727 1727 (0) 19 : 0.852 0.119 0.011 0.007 0.011
1728 1728 (0) 19 : 0.826 0.160 0.005 0.003 0.006
1729 1729 (0) 19 : 0.915 0.013 0.023 0.022 0.027
1730 1730 (0) 19 : 0.918 0.059 0.009 0.005 0.009
1731 1731 (0) 19 : 0.764 0.213 0.009 0.007 0.007
1732 1732 (0) 19 : 0.788 0.200 0.006 0.003 0.003
1733 1733 (0) 19 : 0.930 0.060 0.005 0.002 0.002
1734 1734 (0) 19 : 0.755 0.224 0.005 0.004 0.012
1735 1735 (0) 19 : 0.799 0.175 0.004 0.013 0.009
1736 1736 (0) 19 : 0.871 0.100 0.020 0.004 0.005
1737 1737 (0) 19 : 0.897 0.061 0.009 0.003 0.030
1738 1738 (0) 19 : 0.933 0.041 0.003 0.019 0.003
1739 1739 (0) 19 : 0.949 0.028 0.006 0.003 0.014
1740 1740 (0) 19 : 0.987 0.004 0.004 0.002 0.003
1741 1741 (0) 19 : 0.809 0.164 0.013 0.003 0.010
1742 1742 (0) 19 : 0.780 0.174 0.031 0.009 0.007
1743 1743 (0) 19 : 0.948 0.043 0.003 0.003 0.003
1744 1744 (0) 19 : 0.794 0.193 0.007 0.002 0.004
1745 1745 (0) 19 : 0.866 0.108 0.016 0.003 0.006
1746 1746 (0) 19 : 0.812 0.055 0.004 0.007 0.123
1747 1747 (0) 19 : 0.962 0.015 0.007 0.007 0.009
1748 1748 (0) 19 : 0.751 0.234 0.005 0.006 0.004
1749 1749 (0) 19 : 0.875 0.025 0.005 0.010 0.085
1750 1750 (0) 19 : 0.956 0.023 0.007 0.003 0.011
1751 1751 (0) 20 : 0.005 0.140 0.831 0.007 0.017
1752 1752 (0) 20 : 0.009 0.005 0.978 0.003 0.005
1753 1753 (0) 20 : 0.007 0.287 0.663 0.029 0.014
1754 1754 (0) 20 : 0.029 0.035 0.917 0.015 0.004
1755 1755 (0) 20 : 0.004 0.003 0.986 0.003 0.004
1756 1756 (0) 20 : 0.013 0.012 0.963 0.005 0.007
1757 1757 (0) 20 : 0.013 0.004 0.968 0.005 0.010
1758 1758 (0) 20 : 0.007 0.069 0.887 0.030 0.007
1759 1759 (0) 20 : 0.003 0.184 0.793 0.015 0.006
1760 1760 (0) 20 : 0.008 0.018 0.931 0.025 0.018
1761 1761 (0) 20 : 0.010 0.019 0.958 0.007 0.006
1762 1762 (0) 20 : 0.019 0.015 0.951 0.007 0.007
1763 1763 (0) 20 : 0.008 0.007 0.968 0.007 0.010
1764 1764 (0) 20 : 0.008 0.012 0.970 0.005 0.005
1765 1765 (0) 20 : 0.005 0.004 0.982 0.004 0.004
1766 1766 (0) 20 : 0.007 0.036 0.931 0.020 0.007
1767 1767 (0) 20 : 0.014 0.027 0.905 0.023 0.031
1768 1768 (0) 20 : 0.006 0.003 0.962 0.018 0.010
1769 1769 (0) 20 : 0.006 0.014 0.941 0.021 0.018
1770 1770 (0) 20 : 0.008 0.142 0.826 0.018 0.006
1771 1771 (0) 20 : 0.005 0.032 0.952 0.004 0.008
1772 1772 (0) 20 : 0.003 0.015 0.956 0.012 0.013
1773 1773 (0) 20 : 0.008 0.006 0.973 0.008 0.004
1774 1774 (0) 20 : 0.019 0.013 0.954 0.004 0.010
1775 1775 (0) 20 : 0.045 0.015 0.932 0.004 0.005
1776 1776 (0) 20 : 0.042 0.167 0.775 0.010 0.007
1777 1777 (0) 20 : 0.003 0.004 0.985 0.004 0.004
1778 1778 (0) 20 : 0.012 0.019 0.944 0.013 0.012
1779 1779 (0) 20 : 0.005 0.005 0.980 0.004 0.006
1780 1780 (0) 20 : 0.014 0.009 0.948 0.020 0.008
1781 1781 (0) 20 : 0.035 0.017 0.939 0.003 0.005
1782 1782 (0) 20 : 0.004 0.055 0.873 0.034 0.034
1783 1783 (0) 20 : 0.009 0.006 0.975 0.006 0.005
1784 1784 (0) 20 : 0.018 0.072 0.894 0.006 0.010
1785 1785 (0) 20 : 0.268 0.042 0.681 0.003 0.007
1786 1786 (0) 20 : 0.020 0.017 0.919 0.032 0.013
1787 1787 (0) 20 : 0.004 0.008 0.979 0.003 0.005
1788 1788 (0) 20 : 0.017 0.008 0.887 0.032 0.057
1789 1789 (0) 20 : 0.007 0.007 0.963 0.010 0.013
1790 1790 (0) 20 : 0.006 0.004 0.933 0.052 0.006
1791 1791 (0) 20 : 0.005 0.008 0.961 0.020 0.007
1792 1792 (0) 20 : 0.006 0.005 0.976 0.003 0.010
1793 1793 (0) 20 : 0.006 0.007 0.977 0.004 0.006
1794 1794 (0) 20 : 0.007 0.005 0.978 0.004 0.007
1795 1795 (0) 20 : 0.013 0.010 0.960 0.003 0.013
1796 1796 (0) 20 : 0.012 0.346 0.633 0.005 0.005
1797 1797 (0) 20 : 0.017 0.086 0.808 0.020 0.069
1798 1798 (0) 20 : 0.023 0.195 0.769 0.006 0.008
1799 1799 (0) 20 : 0.007 0.163 0.802 0.010 0.019
1800 1800 (0) 20 : 0.004 0.004 0.974 0.011 0.007
1801 1801 (0) 20 : 0.008 0.006 0.975 0.006 0.005
1802 1802 (0) 20 : 0.012 0.020 0.960 0.003 0.006
1803 1803 (0) 20 : 0.013 0.017 0.958 0.007 0.005
1804 1804 (0) 20 : 0.003 0.016 0.955 0.008 0.018
1805 1805 (0) 20 : 0.006 0.006 0.977 0.006 0.006
1806 1806 (0) 20 : 0.010 0.020 0.951 0.008 0.012
1807 1807 (0) 20 : 0.008 0.004 0.963 0.016 0.009
1808 1808 (0) 20 : 0.031 0.015 0.943 0.006 0.006
1809 1809 (0) 20 : 0.031 0.154 0.798 0.004 0.013
1810 1810 (0) 20 : 0.004 0.005 0.941 0.043 0.007
1811 1811 (0) 20 : 0.005 0.025 0.939 0.018 0.013
1812 1812 (0) 20 : 0.009 0.028 0.949 0.006 0.009
1813 1813 (0) 20 : 0.013 0.031 0.947 0.004 0.005
1814 1814 (0) 20 : 0.016 0.010 0.952 0.016 0.005
1815 1815 (0) 20 : 0.006 0.046 0.928 0.016 0.005
1816 1816 (0) 20 : 0.039 0.013 0.919 0.006 0.024
1817 1817 (0) 20 : 0.005 0.073 0.916 0.004 0.003
1818 1818 (0) 20 : 0.020 0.007 0.962 0.006 0.006
1819 1819 (0) 20 : 0.006 0.006 0.976 0.007 0.005
1820 1820 (0) 20 : 0.033 0.099 0.848 0.010 0.009
1821 1821 (0) 20 : 0.008 0.011 0.970 0.005 0.006
1822 1822 (0) 20 : 0.036 0.047 0.898 0.009 0.010
1823 1823 (0) 20 : 0.004 0.005 0.985 0.003 0.003
1824 1824 (0) 20 : 0.007 0.107 0.870 0.009 0.007
1825 1825 (0) 20 : 0.009 0.014 0.786 0.008 0.182
1826 1826 (0) 20 : 0.044 0.006 0.941 0.003 0.005
1827 1827 (0) 20 : 0.007 0.017 0.966 0.003 0.007
1828 1828 (0) 20 : 0.080 0.104 0.800 0.008 0.009
1829 1829 (0) 20 : 0.006 0.024 0.957 0.008 0.005
1830 1830 (0) 20 : 0.005 0.003 0.979 0.008 0.006
1831 1831 (0) 20 : 0.008 0.145 0.835 0.005 0.008
1832 1832 (0) 20 : 0.003 0.007 0.975 0.007 0.008
1833 1833 (0) 20 : 0.012 0.006 0.965 0.012 0.004
1834 1834 (0) 20 : 0.005 0.224 0.628 0.139 0.005
1835 1835 (0) 20 : 0.011 0.017 0.960 0.003 0.009
1836 1836 (0) 20 : 0.004 0.008 0.959 0.006 0.023
1837 1837 (0) 20 : 0.004 0.082 0.904 0.005 0.004
1838 1838 (0) 20 : 0.006 0.027 0.944 0.004 0.019
1839 1839 (0) 20 : 0.006 0.065 0.916 0.008 0.006
1840 1840 (0) 20 : 0.009 0.006 0.973 0.008 0.004
1841 1841 (0) 20 : 0.027 0.005 0.953 0.008 0.008
1842 1842 (0) 20 : 0.004 0.101 0.885 0.005 0.006
1843 1843 (0) 20 : 0.012 0.005 0.952 0.013 0.018
1844 1844 (0) 20 : 0.011 0.026 0.897 0.004 0.062
1845 1845 (0) 20 : 0.013 0.011 0.964 0.005 0.007
1846 1846 (0) 20 : 0.005 0.013 0.970 0.005 0.008
1847 1847 (0) 20 : 0.009 0.013 0.968 0.004 0.007
1848 1848 (0) 20 : 0.010 0.046 0.926 0.009 0.009
1849 1849 (0) 20 : 0.016 0.052 0.912 0.013 0.006
1850 1850 (0) 20 : 0.005 0.007 0.970 0.005 0.014
1851 1851 (10) 21 : 0.004 0.003 0.024 0.004 0.966
1852 1852 (0) 21 : 0.036 0.006 0.216 0.004 0.737
1853 1853 (0) 21 : 0.004 0.013 0.004 0.017 0.962
1854 1854 (0) 21 : 0.004 0.003 0.005 0.005 0.982
1855 1855 (0) 21 : 0.097 0.005 0.196 0.004 0.698
1856 1856 (5) 21 : 0.075 0.004 0.396 0.004 0.521
1857 1857 (0) 21 : 0.003 0.003 0.018 0.004 0.971
1858 1858 (0) 21 : 0.005 0.004 0.007 0.002 0.981
1859 1859 (0) 21 : 0.007 0.003 0.010 0.127 0.853
1860 1860 (0) 21 : 0.059 0.031 0.066 0.003 0.842
1861 1861 (0) 21 : 0.005 0.003 0.014 0.492 0.487
1862 1862 (0) 21 : 0.003 0.003 0.005 0.006 0.983
1863 1863 (0) 21 : 0.003 0.003 0.039 0.010 0.945
1864 1864 (0) 21 : 0.010 0.004 0.017 0.003 0.965
1865 1865 (5) 21 : 0.002 0.003 0.004 0.009 0.981
1866 1866 (0) 21 : 0.004 0.005 0.010 0.004 0.976
1867 1867 (0) 21 : 0.007 0.007 0.008 0.011 0.966
1868 1868 (0) 21 : 0.004 0.003 0.005 0.006 0.982
1869 1869 (0) 21 : 0.007 0.004 0.029 0.004 0.956
1870 1870 (0) 21 : 0.003 0.002 0.003 0.003 0.990
1871 1871 (0) 21 : 0.004 0.003 0.010 0.003 0.979
1872 1872 (5) 21 : 0.008 0.005 0.009 0.008 0.971
1873 1873 (5) 21 : 0.004 0.004 0.008 0.062 0.922
1874 1874 (5) 21 : 0.022 0.006 0.015 0.006 0.951
1875 1875 (0) 21 : 0.013 0.008 0.015 0.002 0.961
1876 1876 (0) 21 : 0.004 0.003 0.018 0.003 0.972
1877 1877 (0) 21 : 0.004 0.003 0.029 0.012 0.952
1878 1878 (0) 21 : 0.030 0.008 0.006 0.003 0.953
1879 1879 (0) 21 : 0.004 0.003 0.008 0.004 0.982
1880 1880 (0) 21 : 0.005 0.007 0.006 0.007 0.975
1881 1881 (0) 21 : 0.006 0.006 0.006 0.019 0.962
1882 1882 (0) 21 : 0.003 0.003 0.005 0.013 0.976
1883 1883 (0) 21 : 0.005 0.003 0.010 0.004 0.978
1884 1884 (0) 21 : 0.008 0.003 0.006 0.006 0.976
1885 1885 (0) 21 : 0.016 0.005 0.227 0.004 0.748
1886 1886 (0) 21 : 0.005 0.004 0.004 0.014 0.973
1887 1887 (5) 21 : 0.006 0.005 0.050 0.010 0.929
1888 1888 (0) 21 : 0.003 0.006 0.007 0.007 0.978
1889 1889 (0) 21 : 0.004 0.003 0.016 0.007 0.970
1890 1890 (0) 21 : 0.003 0.004 0.005 0.005 0.982
1891 1891 (0) 21 : 0.005 0.004 0.009 0.006 0.976
1892 1892 (0) 21 : 0.004 0.004 0.004 0.005 0.984
1893 1893 (5) 21 : 0.003 0.003 0.005 0.007 0.982
1894 1894 (5) 21 : 0.012 0.005 0.009 0.008 0.966
1895 1895 (5) 21 : 0.008 0.004 0.011 0.013 0.965
1896 1896 (5) 21 : 0.004 0.005 0.008 0.012 0.972
1897 1897 (5) 21 : 0.004 0.006 0.005 0.010 0.976
1898 1898 (5) 21 : 0.004 0.007 0.005 0.008 0.976
1899 1899 (0) 21 : 0.008 0.007 0.059 0.005 0.921
1900 1900 (5) 21 : 0.003 0.003 0.007 0.008 0.979
1901 1901 (0) 21 : 0.005 0.004 0.916 0.018 0.057
1902 1902 (0) 21 : 0.082 0.011 0.136 0.040 0.731
1903 1903 (0) 21 : 0.003 0.003 0.018 0.011 0.965
1904 1904 (0) 21 : 0.003 0.002 0.005 0.003 0.986
1905 1905 (0) 21 : 0.038 0.004 0.015 0.007 0.936
1906 1906 (0) 21 : 0.003 0.003 0.009 0.008 0.977
1907 1907 (0) 21 : 0.004 0.003 0.005 0.008 0.980
1908 1908 (0) 21 : 0.009 0.005 0.011 0.004 0.972
1909 1909 (0) 21 : 0.006 0.003 0.012 0.040 0.940
1910 1910 (0) 21 : 0.004 0.004 0.010 0.005 0.978
1911 1911 (0) 21 : 0.024 0.004 0.275 0.003 0.694
1912 1912 (0) 21 : 0.986 0.003 0.004 0.003 0.003
1913 1913 (0) 21 : 0.004 0.002 0.006 0.006 0.982
1914 1914 (0) 21 : 0.004 0.003 0.011 0.005 0.977
1915 1915 (0) 21 : 0.003 0.003 0.019 0.006 0.968
1916 1916 (0) 21 : 0.036 0.005 0.116 0.004 0.839
1917 1917 (0) 21 : 0.008 0.003 0.008 0.002 0.979
1918 1918 (0) 21 : 0.088 0.005 0.021 0.145 0.742
1919 1919 (0) 21 : 0.011 0.005 0.052 0.035 0.896
1920 1920 (0) 21 : 0.006 0.004 0.099 0.008 0.882
1921 1921 (0) 21 : 0.005 0.003 0.005 0.003 0.984
1922 1922 (0) 21 : 0.004 0.002 0.004 0.004 0.986
1923 1923 (0) 21 : 0.005 0.005 0.015 0.006 0.968
1924 1924 (0) 21 : 0.013 0.005 0.018 0.004 0.960
1925 1925 (0) 21 : 0.005 0.004 0.014 0.005 0.972
1926 1926 (0) 21 : 0.006 0.003 0.040 0.004 0.947
1927 1927 (0) 21 : 0.008 0.003 0.015 0.004 0.970
1928 1928 (0) 21 : 0.003 0.004 0.008 0.015 0.971
1929 1929 (0) 21 : 0.011 0.006 0.007 0.012 0.964
1930 1930 (0) 21 : 0.006 0.004 0.109 0.005 0.875
1931 1931 (0) 21 : 0.004 0.002 0.004 0.771 0.219
1932 1932 (0) 21 : 0.005 0.004 0.011 0.005 0.976
1933 1933 (0) 21 : 0.006 0.004 0.011 0.005 0.974
1934 1934 (0) 21 : 0.005 0.004 0.009 0.007 0.975
1935 1935 (0) 21 : 0.008 0.002 0.007 0.005 0.978
1936 1936 (0) 21 : 0.014 0.007 0.014 0.004 0.960
1937 1937 (0) 21 : 0.013 0.003 0.008 0.003 0.974
1938 1938 (0) 21 : 0.003 0.003 0.024 0.014 0.956
1939 1939 (0) 21 : 0.005 0.003 0.008 0.008 0.976
1940 1940 (0) 21 : 0.008 0.002 0.005 0.006 0.979
1941 1941 (0) 21 : 0.003 0.003 0.032 0.010 0.952
1942 1942 (0) 21 : 0.014 0.009 0.009 0.004 0.964
1943 1943 (10) 21 : 0.004 0.004 0.014 0.624 0.353
1944 1944 (0) 21 : 0.005 0.003 0.005 0.007 0.979
1945 1945 (0) 21 : 0.003 0.003 0.009 0.005 0.980
1946 1946 (0) 21 : 0.015 0.006 0.087 0.038 0.854
1947 1947 (0) 21 : 0.009 0.005 0.007 0.041 0.938
1948 1948 (0) 21 : 0.013 0.009 0.115 0.005 0.858
1949 1949 (0) 21 : 0.009 0.003 0.006 0.004 0.979
1950 1950 (0) 21 : 0.016 0.004 0.014 0.010 0.957
1951 1951 (0) 21 : 0.003 0.002 0.003 0.003 0.990
1952 1952 (0) 21 : 0.002 0.002 0.005 0.005 0.986
1953 1953 (0) 21 : 0.005 0.004 0.007 0.011 0.973
1954 1954 (0) 21 : 0.003 0.002 0.004 0.004 0.986
1955 1955 (0) 21 : 0.002 0.002 0.005 0.007 0.984
1956 1956 (0) 22 : 0.004 0.013 0.010 0.007 0.967
1957 1957 (10) 22 : 0.003 0.007 0.005 0.015 0.969
1958 1958 (10) 22 : 0.046 0.005 0.019 0.010 0.920
1959 1959 (5) 22 : 0.003 0.003 0.005 0.005 0.984
1960 1960 (5) 22 : 0.004 0.003 0.004 0.012 0.976
1961 1961 (0) 22 : 0.008 0.002 0.007 0.010 0.973
1962 1962 (5) 22 : 0.009 0.003 0.004 0.018 0.966
1963 1963 (5) 22 : 0.003 0.004 0.006 0.024 0.963
1964 1964 (0) 22 : 0.003 0.002 0.003 0.005 0.987
1965 1965 (0) 22 : 0.003 0.002 0.005 0.006 0.984
1966 1966 (0) 22 : 0.003 0.002 0.005 0.006 0.984
1967 1967 (0) 22 : 0.011 0.003 0.052 0.004 0.930
1968 1968 (0) 22 : 0.010 0.003 0.006 0.005 0.976
1969 1969 (5) 22 : 0.003 0.002 0.007 0.005 0.982
1970 1970 (5) 22 : 0.011 0.011 0.005 0.005 0.968
1971 1971 (10) 22 : 0.004 0.005 0.010 0.006 0.975
1972 1972 (0) 22 : 0.006 0.003 0.007 0.006 0.979
1973 1973 (5) 22 : 0.017 0.010 0.028 0.038 0.907
1974 1974 (5) 22 : 0.011 0.004 0.008 0.003 0.974
1975 1975 (0) 22 : 0.010 0.002 0.007 0.004 0.977
1976 1976 (5) 22 : 0.004 0.003 0.014 0.013 0.966
1977 1977 (0) 22 : 0.019 0.012 0.017 0.003 0.948
1978 1978 (5) 22 : 0.007 0.002 0.003 0.007 0.981
1979 1979 (0) 22 : 0.003 0.003 0.004 0.014 0.976
1980 1980 (0) 22 : 0.005 0.004 0.004 0.025 0.962
1981 1981 (0) 22 : 0.012 0.006 0.005 0.007 0.969
1982 1982 (0) 22 : 0.003 0.003 0.011 0.018 0.965
1983 1983 (0) 22 : 0.003 0.003 0.024 0.015 0.954
1984 1984 (0) 22 : 0.003 0.005 0.010 0.037 0.945
1985 1985 (0) 22 : 0.009 0.008 0.004 0.018 0.961
1986 1986 (0) 22 : 0.007 0.006 0.006 0.005 0.976
1987 1987 (0) 22 : 0.004 0.008 0.030 0.077 0.882
1988 1988 (0) 22 : 0.003 0.003 0.005 0.008 0.981
1989 1989 (0) 22 : 0.005 0.005 0.007 0.004 0.978
1990 1990 (0) 22 : 0.006 0.007 0.011 0.006 0.970
1991 1991 (0) 22 : 0.004 0.002 0.004 0.004 0.985
1992 1992 (0) 22 : 0.004 0.006 0.006 0.003 0.982
1993 1993 (0) 22 : 0.003 0.003 0.005 0.004 0.986
1994 1994 (5) 22 : 0.006 0.004 0.007 0.007 0.976
1995 1995 (5) 22 : 0.008 0.004 0.006 0.016 0.966
1996 1996 (0) 22 : 0.010 0.004 0.006 0.003 0.978
1997 1997 (15) 22 : 0.013 0.006 0.009 0.007 0.966
1998 1998 (10) 22 : 0.003 0.002 0.004 0.011 0.980
1999 1999 (10) 22 : 0.005 0.003 0.008 0.005 0.979
2000 2000 (10) 22 : 0.005 0.005 0.024 0.006 0.959
2001 2001 (5) 22 : 0.015 0.004 0.022 0.008 0.951
2002 2002 (5) 22 : 0.004 0.003 0.013 0.008 0.972
2003 2003 (5) 22 : 0.009 0.003 0.007 0.003 0.979
2004 2004 (5) 22 : 0.006 0.003 0.007 0.009 0.975
2005 2005 (5) 22 : 0.018 0.005 0.044 0.013 0.920
2006 2006 (5) 22 : 0.005 0.003 0.009 0.003 0.980
2007 2007 (15) 22 : 0.007 0.009 0.021 0.010 0.953
2008 2008 (5) 22 : 0.002 0.006 0.006 0.006 0.979
2009 2009 (5) 22 : 0.003 0.002 0.006 0.005 0.984
2010 2010 (15) 22 : 0.006 0.004 0.012 0.009 0.970
2011 2011 (5) 22 : 0.010 0.017 0.041 0.014 0.918
2012 2012 (5) 22 : 0.016 0.022 0.195 0.013 0.754
2013 2013 (5) 22 : 0.006 0.004 0.011 0.005 0.975
2014 2014 (5) 22 : 0.004 0.003 0.005 0.015 0.974
2015 2015 (10) 22 : 0.006 0.004 0.006 0.006 0.978
2016 2016 (5) 22 : 0.004 0.003 0.006 0.061 0.926
2017 2017 (5) 22 : 0.007 0.004 0.009 0.003 0.978
2018 2018 (10) 22 : 0.006 0.004 0.013 0.031 0.946
2019 2019 (10) 22 : 0.006 0.004 0.009 0.004 0.977
2020 2020 (10) 22 : 0.005 0.008 0.010 0.005 0.972
2021 2021 (10) 22 : 0.010 0.023 0.023 0.016 0.929
2022 2022 (5) 22 : 0.004 0.003 0.017 0.007 0.969
2023 2023 (10) 22 : 0.132 0.004 0.022 0.010 0.833
2024 2024 (0) 22 : 0.005 0.002 0.005 0.018 0.970
2025 2025 (5) 22 : 0.004 0.003 0.004 0.015 0.974
2026 2026 (0) 22 : 0.002 0.002 0.006 0.005 0.985
2027 2027 (0) 22 : 0.002 0.002 0.003 0.003 0.990
2028 2028 (0) 22 : 0.003 0.003 0.006 0.005 0.983
2029 2029 (0) 22 : 0.004 0.007 0.004 0.006 0.978
2030 2030 (0) 22 : 0.031 0.003 0.017 0.004 0.946
2031 2031 (0) 22 : 0.003 0.007 0.004 0.016 0.970
2032 2032 (0) 22 : 0.006 0.005 0.010 0.048 0.932
2033 2033 (10) 22 : 0.004 0.004 0.004 0.005 0.983
2034 2034 (10) 22 : 0.014 0.057 0.654 0.008 0.267
2035 2035 (0) 22 : 0.004 0.012 0.009 0.006 0.969
2036 2036 (5) 22 : 0.015 0.057 0.224 0.015 0.690
2037 2037 (0) 22 : 0.010 0.004 0.027 0.013 0.947
2038 2038 (5) 22 : 0.006 0.016 0.020 0.007 0.951
2039 2039 (5) 22 : 0.012 0.003 0.008 0.010 0.968
2040 2040 (5) 22 : 0.007 0.004 0.006 0.013 0.971
2041 2041 (10) 22 : 0.003 0.002 0.006 0.007 0.983
2042 2042 (0) 22 : 0.003 0.003 0.005 0.003 0.986
2043 2043 (0) 22 : 0.004 0.003 0.006 0.005 0.982
2044 2044 (0) 22 : 0.043 0.039 0.051 0.006 0.861
2045 2045 (0) 22 : 0.006 0.003 0.004 0.003 0.983
2046 2046 (0) 22 : 0.011 0.005 0.014 0.007 0.963
2047 2047 (0) 22 : 0.004 0.003 0.005 0.004 0.985
2048 2048 (0) 22 : 0.004 0.003 0.020 0.028 0.945
2049 2049 (0) 22 : 0.007 0.005 0.021 0.014 0.953
2050 2050 (0) 22 : 0.004 0.003 0.006 0.020 0.967
2051 2051 (0) 22 : 0.007 0.004 0.011 0.004 0.974
2052 2052 (0) 22 : 0.009 0.004 0.008 0.004 0.976
2053 2053 (0) 22 : 0.015 0.016 0.128 0.033 0.808
2054 2054 (0) 22 : 0.012 0.008 0.478 0.012 0.491
2055 2055 (0) 22 : 0.034 0.009 0.468 0.009 0.480
2056 2056 (0) 22 : 0.007 0.003 0.116 0.019 0.854
2057 2057 (0) 22 : 0.004 0.007 0.012 0.009 0.968
2058 2058 (0) 22 : 0.003 0.003 0.004 0.006 0.984
2059 2059 (5) 22 : 0.007 0.005 0.010 0.007 0.971
2060 2060 (0) 22 : 0.009 0.004 0.041 0.012 0.934
2061 2061 (5) 22 : 0.015 0.288 0.026 0.005 0.666
2062 2062 (0) 22 : 0.005 0.003 0.022 0.004 0.966
2063 2063 (0) 22 : 0.049 0.027 0.078 0.188 0.659
2064 2064 (0) 22 : 0.019 0.005 0.006 0.006 0.964
2065 2065 (0) 22 : 0.019 0.007 0.068 0.010 0.896
2066 2066 (0) 22 : 0.003 0.003 0.006 0.006 0.982
2067 2067 (0) 22 : 0.007 0.003 0.005 0.009 0.976
2068 2068 (0) 22 : 0.003 0.010 0.047 0.016 0.924
2069 2069 (0) 22 : 0.002 0.002 0.005 0.003 0.987
2070 2070 (0) 22 : 0.006 0.004 0.007 0.004 0.979
2071 2071 (0) 22 : 0.004 0.003 0.003 0.004 0.986
2072 2072 (0) 22 : 0.008 0.010 0.489 0.155 0.337
2073 2073 (0) 22 : 0.005 0.002 0.005 0.004 0.983
2074 2074 (0) 22 : 0.004 0.005 0.006 0.003 0.982
2075 2075 (5) 22 : 0.005 0.003 0.010 0.006 0.976
2076 2076 (0) 22 : 0.005 0.007 0.007 0.012 0.969
2077 2077 (0) 22 : 0.023 0.004 0.018 0.008 0.947
2078 2078 (0) 22 : 0.004 0.005 0.004 0.005 0.982
2079 2079 (10) 22 : 0.003 0.003 0.011 0.008 0.975
2080 2080 (0) 22 : 0.002 0.003 0.005 0.004 0.986
2081 2081 (0) 22 : 0.002 0.003 0.004 0.005 0.987
2082 2082 (0) 22 : 0.003 0.003 0.005 0.007 0.983
2083 2083 (10) 22 : 0.012 0.005 0.028 0.013 0.942
2084 2084 (5) 22 : 0.008 0.003 0.076 0.005 0.908
2085 2085 (0) 22 : 0.004 0.003 0.008 0.006 0.978
2086 2086 (5) 22 : 0.003 0.003 0.004 0.004 0.985
2087 2087 (5) 22 : 0.002 0.002 0.005 0.004 0.987
2088 2088 (10) 22 : 0.008 0.004 0.015 0.004 0.969
2089 2089 (0) 22 : 0.003 0.003 0.005 0.007 0.982
2090 2090 (5) 22 : 0.017 0.006 0.010 0.005 0.963
2091 2091 (10) 22 : 0.004 0.003 0.009 0.011 0.974
2092 2092 (0) 22 : 0.018 0.008 0.018 0.004 0.952
2093 2093 (0) 22 : 0.004 0.015 0.015 0.009 0.957
2094 2094 (0) 22 : 0.006 0.003 0.088 0.004 0.899
2095 2095 (0) 22 : 0.042 0.004 0.026 0.008 0.920
2096 2096 (0) 22 : 0.003 0.003 0.008 0.006 0.981
2097 2097 (0) 22 : 0.003 0.005 0.006 0.004 0.982
2098 2098 (0) 22 : 0.005 0.002 0.004 0.008 0.982
2099 2099 (0) 22 : 0.005 0.003 0.004 0.008 0.980
2100 2100 (0) 22 : 0.003 0.002 0.005 0.009 0.981
2101 2101 (5) 22 : 0.019 0.006 0.027 0.004 0.943
2102 2102 (0) 22 : 0.003 0.002 0.004 0.005 0.986
2103 2103 (0) 22 : 0.013 0.003 0.005 0.057 0.921
2104 2104 (0) 22 : 0.009 0.003 0.005 0.003 0.980
2105 2105 (5) 22 : 0.005 0.006 0.012 0.015 0.962
2106 2106 (0) 22 : 0.003 0.004 0.007 0.006 0.981
2107 2107 (0) 22 : 0.010 0.007 0.055 0.011 0.917
2108 2108 (0) 22 : 0.005 0.003 0.006 0.006 0.980
2109 2109 (0) 22 : 0.008 0.003 0.016 0.013 0.961
2110 2110 (0) 22 : 0.006 0.003 0.004 0.004 0.983
2111 2111 (0) 22 : 0.008 0.005 0.006 0.028 0.953
2112 2112 (0) 22 : 0.003 0.007 0.010 0.004 0.976
2113 2113 (0) 22 : 0.004 0.003 0.003 0.004 0.986
2114 2114 (0) 22 : 0.006 0.003 0.007 0.010 0.974
2115 2115 (0) 22 : 0.009 0.007 0.009 0.005 0.970
2116 2116 (0) 22 : 0.004 0.003 0.016 0.104 0.873
2117 2117 (0) 22 : 0.002 0.002 0.005 0.006 0.984
2118 2118 (0) 22 : 0.004 0.003 0.007 0.004 0.982
2119 2119 (0) 22 : 0.004 0.002 0.005 0.004 0.984
2120 2120 (0) 22 : 0.003 0.002 0.004 0.004 0.987
2121 2121 (0) 22 : 0.003 0.002 0.005 0.005 0.985
2122 2122 (0) 22 : 0.006 0.003 0.006 0.004 0.981
2123 2123 (0) 22 : 0.007 0.006 0.006 0.006 0.976
2124 2124 (0) 22 : 0.004 0.004 0.005 0.005 0.982
2125 2125 (0) 22 : 0.003 0.003 0.004 0.003 0.988
2126 2126 (10) 22 : 0.004 0.006 0.020 0.010 0.961
2127 2127 (5) 22 : 0.188 0.003 0.022 0.014 0.774
2128 2128 (10) 22 : 0.006 0.004 0.006 0.006 0.978
2129 2129 (5) 22 : 0.046 0.065 0.023 0.023 0.845
2130 2130 (10) 22 : 0.005 0.003 0.006 0.011 0.976
2131 2131 (10) 22 : 0.018 0.004 0.011 0.050 0.917
2132 2132 (0) 22 : 0.013 0.005 0.008 0.014 0.961
2133 2133 (5) 22 : 0.006 0.007 0.013 0.009 0.965
2134 2134 (5) 22 : 0.017 0.022 0.032 0.006 0.924
2135 2135 (10) 22 : 0.013 0.005 0.006 0.016 0.961
2136 2136 (0) 22 : 0.003 0.003 0.006 0.010 0.977
2137 2137 (0) 22 : 0.003 0.004 0.005 0.005 0.983
2138 2138 (0) 22 : 0.003 0.003 0.005 0.004 0.985
2139 2139 (0) 22 : 0.003 0.004 0.005 0.004 0.985
2140 2140 (0) 22 : 0.004 0.019 0.010 0.096 0.871
2141 2141 (0) 22 : 0.004 0.009 0.369 0.003 0.615
2142 2142 (0) 22 : 0.004 0.041 0.006 0.006 0.942
2143 2143 (0) 22 : 0.005 0.003 0.011 0.003 0.978
2144 2144 (0) 22 : 0.005 0.002 0.012 0.003 0.977
2145 2145 (5) 22 : 0.030 0.015 0.490 0.008 0.458
2146 2146 (0) 22 : 0.056 0.010 0.568 0.015 0.352
2147 2147 (0) 22 : 0.013 0.003 0.008 0.007 0.969
2148 2148 (10) 22 : 0.005 0.011 0.080 0.018 0.886
2149 2149 (5) 22 : 0.006 0.004 0.004 0.010 0.976
2150 2150 (0) 22 : 0.004 0.002 0.005 0.004 0.985
2151 2151 (5) 22 : 0.006 0.011 0.926 0.013 0.043
2152 2152 (5) 22 : 0.005 0.004 0.009 0.011 0.971
2153 2153 (0) 22 : 0.003 0.003 0.007 0.010 0.977
2154 2154 (0) 22 : 0.005 0.015 0.004 0.006 0.969
2155 2155 (0) 22 : 0.006 0.004 0.010 0.006 0.973
2156 2156 (0) 22 : 0.015 0.009 0.432 0.005 0.539
2157 2157 (0) 22 : 0.003 0.003 0.017 0.018 0.960
2158 2158 (0) 22 : 0.004 0.007 0.011 0.010 0.968
2159 2159 (0) 22 : 0.006 0.003 0.005 0.005 0.981
2160 2160 (0) 22 : 0.004 0.002 0.006 0.003 0.984
2161 2161 (0) 22 : 0.004 0.002 0.008 0.004 0.982
2162 2162 (0) 22 : 0.005 0.004 0.008 0.005 0.978
2163 2163 (0) 22 : 0.010 0.007 0.004 0.009 0.970
2164 2164 (0) 22 : 0.016 0.003 0.010 0.006 0.965
2165 2165 (0) 22 : 0.020 0.003 0.014 0.003 0.960
2166 2166 (0) 22 : 0.010 0.003 0.011 0.003 0.973
2167 2167 (0) 22 : 0.004 0.003 0.005 0.023 0.966
2168 2168 (0) 22 : 0.010 0.005 0.008 0.010 0.967
2169 2169 (0) 22 : 0.004 0.003 0.005 0.023 0.965
2170 2170 (0) 22 : 0.004 0.003 0.005 0.004 0.984
2171 2171 (0) 22 : 0.005 0.003 0.004 0.004 0.985
2172 2172 (0) 22 : 0.003 0.003 0.007 0.005 0.982
2173 2173 (0) 22 : 0.002 0.002 0.006 0.004 0.986
2174 2174 (0) 22 : 0.003 0.003 0.040 0.055 0.899
2175 2175 (0) 22 : 0.003 0.002 0.009 0.017 0.968
2176 2176 (0) 22 : 0.004 0.009 0.004 0.031 0.952
2177 2177 (0) 22 : 0.004 0.008 0.007 0.006 0.975
2178 2178 (0) 22 : 0.003 0.002 0.005 0.005 0.985
2179 2179 (0) 22 : 0.032 0.010 0.020 0.010 0.929
2180 2180 (0) 22 : 0.003 0.003 0.004 0.009 0.982
2181 2181 (0) 22 : 0.009 0.003 0.009 0.007 0.972
2182 2182 (0) 22 : 0.004 0.003 0.016 0.006 0.972
2183 2183 (0) 22 : 0.005 0.004 0.008 0.006 0.977
2184 2184 (0) 22 : 0.004 0.008 0.010 0.009 0.970
2185 2185 (0) 22 : 0.006 0.003 0.006 0.004 0.982
2186 2186 (0) 22 : 0.005 0.005 0.010 0.008 0.972
2187 2187 (0) 22 : 0.002 0.003 0.004 0.006 0.984
2188 2188 (0) 22 : 0.005 0.007 0.013 0.069 0.906
2189 2189 (0) 22 : 0.003 0.003 0.004 0.003 0.987
2190 2190 (0) 22 : 0.003 0.003 0.004 0.004 0.985
2191 2191 (0) 22 : 0.004 0.003 0.023 0.006 0.963
2192 2192 (0) 22 : 0.005 0.003 0.007 0.004 0.981
2193 2193 (0) 22 : 0.003 0.003 0.008 0.005 0.981
2194 2194 (0) 22 : 0.004 0.003 0.026 0.005 0.963
2195 2195 (0) 22 : 0.004 0.002 0.006 0.004 0.984
2196 2196 (5) 23 : 0.025 0.025 0.031 0.005 0.913
2197 2197 (0) 23 : 0.014 0.004 0.502 0.007 0.473
2198 2198 (0) 23 : 0.014 0.005 0.483 0.013 0.486
2199 2199 (0) 23 : 0.006 0.007 0.725 0.012 0.250
2200 2200 (0) 23 : 0.009 0.004 0.076 0.010 0.901
2201 2201 (0) 23 : 0.066 0.124 0.238 0.009 0.562
2202 2202 (0) 23 : 0.008 0.009 0.298 0.014 0.672
2203 2203 (0) 23 : 0.019 0.018 0.086 0.032 0.845
2204 2204 (0) 23 : 0.017 0.003 0.527 0.010 0.442
2205 2205 (0) 23 : 0.003 0.003 0.003 0.003 0.988
2206 2206 (0) 23 : 0.007 0.006 0.021 0.007 0.960
2207 2207 (0) 23 : 0.004 0.004 0.310 0.013 0.669
2208 2208 (0) 23 : 0.005 0.004 0.007 0.009 0.975
2209 2209 (0) 23 : 0.005 0.004 0.526 0.006 0.458
2210 2210 (0) 23 : 0.008 0.005 0.505 0.094 0.388
2211 2211 (0) 23 : 0.003 0.002 0.004 0.005 0.986
2212 2212 (0) 23 : 0.013 0.004 0.310 0.005 0.668
2213 2213 (0) 23 : 0.005 0.019 0.129 0.004 0.844
2214 2214 (0) 23 : 0.007 0.004 0.021 0.003 0.965
2215 2215 (0) 23 : 0.012 0.009 0.218 0.003 0.759
2216 2216 (0) 23 : 0.009 0.008 0.007 0.094 0.882
2217 2217 (0) 23 : 0.169 0.005 0.024 0.004 0.797
2218 2218 (0) 23 : 0.010 0.007 0.729 0.033 0.221
2219 2219 (0) 23 : 0.011 0.007 0.680 0.064 0.238
2220 2220 (0) 23 : 0.004 0.006 0.008 0.003 0.979
2221 2221 (0) 23 : 0.077 0.006 0.119 0.009 0.788
2222 2222 (0) 23 : 0.163 0.004 0.157 0.016 0.660
2223 2223 (0) 23 : 0.009 0.008 0.948 0.008 0.028
2224 2224 (0) 23 : 0.004 0.007 0.165 0.021 0.802
2225 2225 (0) 23 : 0.014 0.014 0.080 0.003 0.888
2226 2226 (0) 23 : 0.007 0.029 0.037 0.017 0.910
2227 2227 (10) 23 : 0.005 0.004 0.008 0.005 0.978
2228 2228 (5) 23 : 0.004 0.011 0.247 0.026 0.712
2229 2229 (0) 23 : 0.013 0.017 0.919 0.003 0.048
2230 2230 (0) 23 : 0.005 0.008 0.784 0.003 0.200
2231 2231 (0) 23 : 0.006 0.010 0.857 0.024 0.103
2232 2232 (0) 23 : 0.003 0.005 0.782 0.006 0.204
2233 2233 (0) 23 : 0.006 0.013 0.912 0.009 0.059
2234 2234 (0) 23 : 0.009 0.003 0.764 0.004 0.220
2235 2235 (0) 23 : 0.004 0.019 0.688 0.023 0.265
2236 2236 (0) 23 : 0.014 0.008 0.445 0.004 0.529
2237 2237 (0) 23 : 0.041 0.003 0.790 0.006 0.161
2238 2238 (5) 23 : 0.037 0.007 0.367 0.007 0.582
2239 2239 (0) 23 : 0.006 0.006 0.956 0.025 0.008
2240 2240 (0) 23 : 0.010 0.003 0.606 0.005 0.376
2241 2241 (0) 23 : 0.008 0.004 0.657 0.005 0.326
2242 2242 (0) 23 : 0.025 0.019 0.072 0.006 0.878
2243 2243 (0) 23 : 0.008 0.004 0.942 0.004 0.042
2244 2244 (5) 23 : 0.067 0.004 0.791 0.009 0.129
2245 2245 (0) 23 : 0.107 0.013 0.554 0.010 0.315
2246 2246 (0) 23 : 0.004 0.004 0.897 0.079 0.015
2247 2247 (0) 23 : 0.077 0.003 0.807 0.005 0.108
2248 2248 (0) 23 : 0.014 0.006 0.824 0.009 0.146
2249 2249 (0) 23 : 0.005 0.003 0.006 0.007 0.979
2250 2250 (0) 23 : 0.004 0.003 0.192 0.032 0.768
2251 2251 (5) 23 : 0.007 0.013 0.045 0.008 0.927
2252 2252 (5) 23 : 0.112 0.005 0.821 0.004 0.058
2253 2253 (0) 23 : 0.009 0.005 0.684 0.005 0.297
2254 2254 (0) 23 : 0.036 0.004 0.914 0.022 0.025
2255 2255 (0) 23 : 0.008 0.011 0.805 0.005 0.170
2256 2256 (0) 23 : 0.004 0.003 0.840 0.005 0.148
2257 2257 (0) 23 : 0.031 0.008 0.105 0.010 0.846
2258 2258 (0) 23 : 0.033 0.038 0.256 0.008 0.665
2259 2259 (0) 23 : 0.045 0.015 0.056 0.004 0.880
2260 2260 (0) 23 : 0.013 0.002 0.482 0.005 0.498
2261 2261 (0) 23 : 0.034 0.004 0.714 0.018 0.229
2262 2262 (0) 23 : 0.013 0.004 0.338 0.006 0.639
2263 2263 (0) 23 : 0.062 0.006 0.344 0.004 0.584
2264 2264 (0) 24 : 0.004 0.005 0.583 0.015 0.394
2265 2265 (0) 24 : 0.003 0.005 0.862 0.016 0.114
2266 2266 (0) 24 : 0.017 0.009 0.264 0.011 0.699
2267 2267 (0) 24 : 0.005 0.008 0.883 0.010 0.094
2268 2268 (0) 24 : 0.006 0.005 0.902 0.008 0.080
2269 2269 (0) 24 : 0.007 0.002 0.912 0.005 0.075
2270 2270 (0) 24 : 0.003 0.003 0.849 0.011 0.133
2271 2271 (0) 24 : 0.141 0.014 0.756 0.004 0.086
2272 2272 (0) 24 : 0.008 0.008 0.868 0.015 0.102
2273 2273 (0) 24 : 0.009 0.005 0.753 0.012 0.221
2274 2274 (0) 24 : 0.005 0.004 0.935 0.006 0.050
2275 2275 (0) 24 : 0.003 0.013 0.875 0.014 0.094
2276 2276 (0) 24 : 0.012 0.007 0.817 0.004 0.160
2277 2277 (0) 24 : 0.004 0.004 0.776 0.023 0.193
2278 2278 (0) 24 : 0.004 0.009 0.951 0.005 0.031
2279 2279 (0) 24 : 0.005 0.003 0.894 0.006 0.091
2280 2280 (0) 24 : 0.006 0.003 0.977 0.005 0.009
2281 2281 (0) 24 : 0.050 0.008 0.722 0.010 0.209
2282 2282 (0) 24 : 0.007 0.004 0.918 0.006 0.063
2283 2283 (0) 24 : 0.004 0.003 0.973 0.009 0.010
2284 2284 (0) 24 : 0.007 0.004 0.904 0.009 0.076
2285 2285 (0) 24 : 0.004 0.004 0.966 0.019 0.007
2286 2286 (0) 24 : 0.002 0.003 0.942 0.041 0.012
2287 2287 (0) 24 : 0.004 0.003 0.883 0.098 0.013
2288 2288 (0) 24 : 0.004 0.003 0.973 0.008 0.011
2289 2289 (0) 24 : 0.007 0.008 0.957 0.005 0.023
2290 2290 (0) 24 : 0.004 0.004 0.964 0.003 0.024
2291 2291 (0) 24 : 0.005 0.009 0.949 0.009 0.028
2292 2292 (0) 24 : 0.003 0.016 0.972 0.004 0.005
2293 2293 (0) 24 : 0.011 0.006 0.934 0.031 0.019
2294 2294 (0) 24 : 0.003 0.006 0.934 0.020 0.036
2295 2295 (0) 25 : 0.003 0.004 0.969 0.004 0.020
2296 2296 (0) 25 : 0.003 0.002 0.942 0.022 0.031
2297 2297 (0) 25 : 0.013 0.011 0.933 0.015 0.027
2298 2298 (0) 25 : 0.006 0.004 0.954 0.015 0.021
2299 2299 (0) 25 : 0.020 0.008 0.956 0.006 0.010
2300 2300 (0) 25 : 0.005 0.004 0.952 0.023 0.017
2301 2301 (0) 25 : 0.004 0.007 0.826 0.007 0.157
2302 2302 (0) 25 : 0.024 0.004 0.947 0.008 0.017
2303 2303 (0) 25 : 0.010 0.006 0.964 0.007 0.013
2304 2304 (0) 25 : 0.005 0.014 0.945 0.010 0.025
2305 2305 (0) 25 : 0.004 0.004 0.971 0.006 0.015
2306 2306 (0) 25 : 0.002 0.003 0.848 0.007 0.140
2307 2307 (0) 25 : 0.003 0.004 0.926 0.011 0.055
2308 2308 (0) 25 : 0.003 0.007 0.827 0.006 0.158
2309 2309 (0) 25 : 0.009 0.003 0.767 0.006 0.216
2310 2310 (0) 25 : 0.005 0.003 0.655 0.007 0.330
2311 2311 (0) 25 : 0.002 0.003 0.913 0.011 0.070
2312 2312 (0) 25 : 0.003 0.005 0.979 0.006 0.007
2313 2313 (0) 25 : 0.003 0.007 0.688 0.021 0.281
2314 2314 (0) 25 : 0.006 0.011 0.808 0.130 0.045
2315 2315 (0) 25 : 0.004 0.004 0.966 0.007 0.018
2316 2316 (0) 25 : 0.003 0.005 0.047 0.005 0.939
2317 2317 (0) 25 : 0.003 0.004 0.943 0.015 0.035
2318 2318 (0) 25 : 0.006 0.004 0.965 0.007 0.018
2319 2319 (0) 25 : 0.006 0.003 0.957 0.004 0.030
2320 2320 (0) 25 : 0.010 0.004 0.935 0.035 0.016
2321 2321 (0) 25 : 0.006 0.003 0.818 0.006 0.167
2322 2322 (0) 25 : 0.003 0.003 0.845 0.010 0.139
2323 2323 (0) 25 : 0.006 0.003 0.952 0.022 0.016
2324 2324 (0) 25 : 0.006 0.004 0.733 0.015 0.243
2325 2325 (0) 25 : 0.004 0.003 0.961 0.010 0.022
2326 2326 (0) 25 : 0.023 0.004 0.930 0.010 0.033
2327 2327 (0) 25 : 0.004 0.003 0.759 0.164 0.071
2328 2328 (0) 25 : 0.017 0.006 0.904 0.013 0.061
2329 2329 (0) 25 : 0.010 0.003 0.462 0.016 0.508
2330 2330 (0) 25 : 0.003 0.004 0.960 0.005 0.028
2331 2331 (0) 25 : 0.010 0.003 0.943 0.011 0.033
2332 2332 (0) 25 : 0.012 0.006 0.914 0.008 0.060
2333 2333 (0) 25 : 0.006 0.004 0.891 0.013 0.086
2334 2334 (0) 25 : 0.009 0.021 0.514 0.014 0.442
2335 2335 (0) 25 : 0.006 0.006 0.952 0.007 0.029
2336 2336 (0) 25 : 0.017 0.004 0.922 0.006 0.051
2337 2337 (0) 25 : 0.003 0.006 0.852 0.035 0.103
2338 2338 (0) 25 : 0.022 0.006 0.918 0.025 0.029
2339 2339 (0) 25 : 0.004 0.016 0.788 0.090 0.101
2340 2340 (0) 25 : 0.004 0.007 0.963 0.005 0.021
2341 2341 (0) 25 : 0.012 0.004 0.963 0.008 0.013
2342 2342 (0) 25 : 0.004 0.003 0.971 0.008 0.013
2343 2343 (0) 25 : 0.009 0.004 0.963 0.011 0.013
2344 2344 (0) 25 : 0.007 0.007 0.976 0.005 0.006
2345 2345 (0) 25 : 0.050 0.014 0.857 0.005 0.074
2346 2346 (0) 25 : 0.008 0.009 0.912 0.009 0.062
2347 2347 (0) 25 : 0.005 0.003 0.882 0.019 0.090
2348 2348 (0) 25 : 0.004 0.006 0.970 0.004 0.015
2349 2349 (0) 25 : 0.005 0.003 0.972 0.009 0.010
2350 2350 (0) 25 : 0.005 0.003 0.971 0.005 0.016
2351 2351 (0) 25 : 0.010 0.004 0.760 0.010 0.215
2352 2352 (0) 25 : 0.005 0.003 0.962 0.009 0.021
2353 2353 (0) 25 : 0.019 0.005 0.960 0.009 0.007
2354 2354 (0) 25 : 0.011 0.004 0.877 0.004 0.103
2355 2355 (0) 25 : 0.022 0.004 0.956 0.005 0.013
2356 2356 (0) 25 : 0.004 0.005 0.940 0.022 0.028
2357 2357 (0) 25 : 0.007 0.004 0.921 0.009 0.059
2358 2358 (0) 25 : 0.024 0.003 0.638 0.035 0.300
2359 2359 (0) 25 : 0.008 0.005 0.971 0.007 0.009
2360 2360 (0) 25 : 0.017 0.005 0.952 0.007 0.019
2361 2361 (0) 25 : 0.005 0.016 0.763 0.007 0.209
2362 2362 (0) 25 : 0.004 0.006 0.974 0.007 0.009
2363 2363 (0) 25 : 0.004 0.002 0.967 0.006 0.020
2364 2364 (0) 25 : 0.005 0.004 0.981 0.006 0.004
2365 2365 (0) 25 : 0.003 0.005 0.912 0.011 0.069
2366 2366 (0) 25 : 0.004 0.005 0.844 0.008 0.139
2367 2367 (0) 25 : 0.004 0.006 0.967 0.007 0.017
2368 2368 (0) 25 : 0.019 0.003 0.962 0.005 0.010
2369 2369 (0) 25 : 0.004 0.003 0.950 0.004 0.039
2370 2370 (0) 25 : 0.004 0.004 0.852 0.013 0.128
2371 2371 (0) 25 : 0.003 0.003 0.510 0.065 0.419
2372 2372 (0) 25 : 0.004 0.004 0.966 0.004 0.022
2373 2373 (0) 25 : 0.004 0.016 0.903 0.007 0.071
2374 2374 (0) 25 : 0.005 0.004 0.959 0.006 0.027
2375 2375 (0) 25 : 0.008 0.003 0.961 0.014 0.014
2376 2376 (0) 25 : 0.004 0.006 0.977 0.005 0.007
2377 2377 (0) 25 : 0.005 0.005 0.966 0.008 0.016
2378 2378 (0) 25 : 0.005 0.008 0.836 0.009 0.142
2379 2379 (0) 25 : 0.004 0.010 0.786 0.011 0.190
2380 2380 (0) 25 : 0.008 0.007 0.959 0.006 0.020
2381 2381 (0) 25 : 0.007 0.012 0.835 0.106 0.040
2382 2382 (0) 25 : 0.003 0.003 0.937 0.006 0.051
2383 2383 (0) 25 : 0.003 0.003 0.776 0.003 0.214
2384 2384 (0) 25 : 0.009 0.015 0.741 0.132 0.102
2385 2385 (0) 25 : 0.004 0.003 0.615 0.006 0.371
2386 2386 (0) 25 : 0.014 0.005 0.638 0.005 0.339
2387 2387 (0) 25 : 0.013 0.006 0.965 0.005 0.010
2388 2388 (0) 25 : 0.023 0.004 0.903 0.012 0.058
2389 2389 (0) 25 : 0.004 0.004 0.973 0.007 0.013
2390 2390 (0) 25 : 0.003 0.003 0.924 0.008 0.062
2391 2391 (0) 25 : 0.004 0.066 0.843 0.036 0.051
2392 2392 (0) 25 : 0.059 0.004 0.821 0.024 0.092
2393 2393 (0) 25 : 0.003 0.005 0.907 0.014 0.071
2394 2394 (0) 25 : 0.005 0.005 0.898 0.053 0.040
2395 2395 (0) 25 : 0.003 0.004 0.969 0.008 0.016
2396 2396 (0) 25 : 0.013 0.005 0.903 0.015 0.063
2397 2397 (0) 25 : 0.005 0.004 0.978 0.004 0.010
2398 2398 (0) 25 : 0.014 0.006 0.951 0.009 0.019
2399 2399 (0) 25 : 0.142 0.004 0.382 0.006 0.466
2400 2400 (0) 25 : 0.005 0.005 0.436 0.012 0.543
2401 2401 (0) 25 : 0.009 0.005 0.933 0.024 0.030
2402 2402 (0) 25 : 0.002 0.002 0.758 0.008 0.229
2403 2403 (0) 25 : 0.016 0.006 0.869 0.033 0.076
2404 2404 (0) 25 : 0.003 0.004 0.944 0.035 0.014
2405 2405 (0) 25 : 0.017 0.009 0.956 0.011 0.008
2406 2406 (0) 25 : 0.003 0.004 0.960 0.014 0.019
2407 2407 (0) 25 : 0.017 0.003 0.962 0.005 0.013
2408 2408 (0) 25 : 0.037 0.005 0.934 0.005 0.019
2409 2409 (0) 25 : 0.011 0.005 0.973 0.005 0.006
2410 2410 (0) 25 : 0.003 0.003 0.951 0.004 0.038
2411 2411 (0) 25 : 0.006 0.010 0.838 0.003 0.142
2412 2412 (0) 25 : 0.004 0.003 0.896 0.018 0.079
2413 2413 (0) 25 : 0.017 0.011 0.952 0.006 0.014
2414 2414 (0) 25 : 0.022 0.006 0.959 0.006 0.006
2415 2415 (0) 25 : 0.007 0.004 0.962 0.016 0.011
2416 2416 (0) 25 : 0.005 0.006 0.965 0.006 0.018
2417 2417 (0) 25 : 0.010 0.004 0.932 0.017 0.037
2418 2418 (0) 25 : 0.056 0.006 0.880 0.010 0.048
2419 2419 (0) 25 : 0.009 0.004 0.951 0.013 0.023
2420 2420 (0) 26 : 0.006 0.005 0.966 0.007 0.016
2421 2421 (0) 26 : 0.022 0.008 0.957 0.006 0.008
2422 2422 (0) 26 : 0.005 0.006 0.955 0.016 0.018
2423 2423 (0) 26 : 0.010 0.003 0.931 0.009 0.047
2424 2424 (0) 26 : 0.004 0.003 0.981 0.006 0.007
2425 2425 (0) 26 : 0.026 0.007 0.930 0.007 0.031
2426 2426 (0) 26 : 0.014 0.013 0.964 0.003 0.007
2427 2427 (0) 26 : 0.003 0.030 0.955 0.004 0.008
2428 2428 (0) 26 : 0.007 0.011 0.957 0.006 0.019
2429 2429 (0) 26 : 0.008 0.006 0.959 0.022 0.005
2430 2430 (0) 26 : 0.005 0.004 0.981 0.004 0.006
2431 2431 (0) 26 : 0.004 0.003 0.984 0.004 0.004
2432 2432 (0) 26 : 0.006 0.004 0.931 0.004 0.055
2433 2433 (0) 26 : 0.011 0.005 0.936 0.008 0.041
2434 2434 (0) 26 : 0.004 0.008 0.886 0.004 0.098
2435 2435 (10) 26 : 0.006 0.005 0.972 0.006 0.011
2436 2436 (0) 26 : 0.005 0.004 0.976 0.006 0.009
2437 2437 (0) 26 : 0.022 0.052 0.725 0.035 0.167
2438 2438 (0) 26 : 0.010 0.004 0.853 0.018 0.114
2439 2439 (0) 26 : 0.081 0.006 0.894 0.010 0.009
2440 2440 (5) 26 : 0.010 0.008 0.969 0.004 0.009
2441 2441 (0) 26 : 0.005 0.005 0.935 0.020 0.035
2442 2442 (0) 26 : 0.016 0.004 0.960 0.003 0.017
2443 2443 (0) 26 : 0.089 0.031 0.843 0.010 0.027
2444 2444 (0) 26 : 0.005 0.009 0.972 0.006 0.009
2445 2445 (0) 26 : 0.004 0.004 0.969 0.009 0.014
2446 2446 (0) 26 : 0.004 0.005 0.984 0.003 0.005
2447 2447 (5) 26 : 0.019 0.003 0.966 0.004 0.008
2448 2448 (0) 26 : 0.012 0.008 0.921 0.007 0.052
2449 2449 (0) 26 : 0.006 0.006 0.935 0.008 0.045
2450 2450 (0) 26 : 0.015 0.007 0.952 0.004 0.022
2451 2451 (0) 26 : 0.004 0.009 0.838 0.015 0.134
2452 2452 (0) 26 : 0.003 0.004 0.969 0.005 0.018
2453 2453 (0) 26 : 0.006 0.004 0.833 0.071 0.086
2454 2454 (0) 26 : 0.005 0.004 0.809 0.010 0.172
2455 2455 (0) 26 : 0.006 0.003 0.957 0.009 0.024
2456 2456 (0) 26 : 0.024 0.003 0.961 0.003 0.009
2457 2457 (5) 26 : 0.006 0.006 0.948 0.022 0.018
2458 2458 (0) 26 : 0.006 0.004 0.973 0.004 0.013
2459 2459 (0) 26 : 0.005 0.007 0.952 0.004 0.033
2460 2460 (0) 26 : 0.004 0.002 0.981 0.005 0.008
2461 2461 (5) 26 : 0.006 0.008 0.968 0.006 0.012
2462 2462 (5) 26 : 0.026 0.003 0.953 0.010 0.007
2463 2463 (10) 26 : 0.006 0.005 0.973 0.007 0.009
2464 2464 (5) 26 : 0.018 0.004 0.969 0.004 0.005
2465 2465 (5) 26 : 0.003 0.003 0.985 0.004 0.004
2466 2466 (5) 26 : 0.004 0.005 0.976 0.008 0.008
2467 2467 (5) 26 : 0.065 0.008 0.747 0.005 0.176
2468 2468 (5) 26 : 0.004 0.004 0.974 0.009 0.009
2469 2469 (10) 26 : 0.005 0.004 0.719 0.006 0.266
2470 2470 (5) 26 : 0.020 0.008 0.928 0.012 0.033
2471 2471 (5) 26 : 0.003 0.004 0.980 0.004 0.009
2472 2472 (5) 26 : 0.012 0.005 0.801 0.012 0.170
2473 2473 (0) 27 : 0.007 0.007 0.939 0.033 0.015
2474 2474 (0) 27 : 0.003 0.003 0.984 0.004 0.007
2475 2475 (0) 27 : 0.004 0.005 0.980 0.005 0.006
2476 2476 (0) 27 : 0.007 0.004 0.981 0.004 0.005
2477 2477 (0) 27 : 0.007 0.024 0.924 0.018 0.026
2478 2478 (0) 27 : 0.004 0.003 0.979 0.004 0.009
2479 2479 (0) 27 : 0.038 0.005 0.940 0.004 0.013
2480 2480 (0) 27 : 0.007 0.005 0.904 0.031 0.053
2481 2481 (0) 27 : 0.014 0.005 0.968 0.003 0.009
2482 2482 (0) 27 : 0.004 0.003 0.982 0.003 0.008
2483 2483 (0) 27 : 0.093 0.010 0.875 0.008 0.013
2484 2484 (0) 27 : 0.004 0.004 0.973 0.006 0.014
2485 2485 (0) 27 : 0.005 0.003 0.979 0.004 0.009
2486 2486 (0) 27 : 0.006 0.005 0.969 0.007 0.014
2487 2487 (0) 27 : 0.113 0.034 0.754 0.005 0.093
2488 2488 (0) 27 : 0.009 0.008 0.967 0.007 0.009
2489 2489 (0) 27 : 0.004 0.007 0.973 0.004 0.012
2490 2490 (0) 27 : 0.005 0.003 0.973 0.009 0.010
2491 2491 (0) 27 : 0.008 0.023 0.951 0.009 0.009
2492 2492 (0) 27 : 0.009 0.004 0.975 0.005 0.007
2493 2493 (0) 27 : 0.006 0.007 0.953 0.015 0.019
2494 2494 (0) 27 : 0.029 0.013 0.934 0.006 0.018
2495 2495 (0) 27 : 0.015 0.008 0.944 0.005 0.026
2496 2496 (0) 27 : 0.007 0.008 0.968 0.005 0.013
2497 2497 (0) 27 : 0.008 0.008 0.938 0.008 0.038
2498 2498 (0) 27 : 0.004 0.006 0.980 0.002 0.008
2499 2499 (0) 27 : 0.006 0.003 0.980 0.004 0.007
2500 2500 (0) 27 : 0.004 0.004 0.983 0.003 0.005
2501 2501 (0) 27 : 0.008 0.006 0.965 0.013 0.008
2502 2502 (0) 27 : 0.005 0.003 0.925 0.012 0.056
2503 2503 (0) 27 : 0.004 0.004 0.966 0.004 0.021
2504 2504 (0) 27 : 0.003 0.003 0.981 0.004 0.009
2505 2505 (0) 27 : 0.003 0.003 0.734 0.010 0.250
2506 2506 (0) 27 : 0.004 0.003 0.984 0.004 0.005
2507 2507 (0) 27 : 0.012 0.003 0.956 0.010 0.020
2508 2508 (0) 27 : 0.004 0.006 0.930 0.005 0.055
2509 2509 (0) 27 : 0.004 0.003 0.954 0.030 0.009
2510 2510 (0) 27 : 0.011 0.005 0.966 0.007 0.011
2511 2511 (0) 27 : 0.007 0.009 0.901 0.005 0.078
2512 2512 (0) 27 : 0.005 0.005 0.979 0.005 0.007
2513 2513 (0) 27 : 0.030 0.031 0.923 0.007 0.008
2514 2514 (0) 27 : 0.035 0.047 0.902 0.006 0.009
2515 2515 (0) 27 : 0.007 0.011 0.966 0.008 0.009
2516 2516 (0) 27 : 0.005 0.036 0.893 0.004 0.061
2517 2517 (0) 27 : 0.007 0.009 0.973 0.003 0.007
2518 2518 (0) 27 : 0.010 0.003 0.950 0.005 0.033
2519 2519 (0) 27 : 0.018 0.005 0.934 0.023 0.021
2520 2520 (0) 27 : 0.007 0.005 0.871 0.003 0.113
2521 2521 (0) 27 : 0.004 0.005 0.978 0.007 0.006
2522 2522 (0) 27 : 0.003 0.004 0.958 0.005 0.030
2523 2523 (0) 27 : 0.004 0.003 0.985 0.003 0.004
2524 2524 (0) 27 : 0.052 0.314 0.585 0.016 0.034
2525 2525 (0) 27 : 0.007 0.005 0.977 0.006 0.004
2526 2526 (0) 27 : 0.059 0.009 0.919 0.007 0.006
2527 2527 (0) 27 : 0.010 0.005 0.972 0.005 0.008
2528 2528 (0) 27 : 0.008 0.003 0.978 0.006 0.005
2529 2529 (0) 27 : 0.003 0.006 0.979 0.005 0.006
2530 2530 (0) 27 : 0.004 0.072 0.704 0.005 0.214
2531 2531 (0) 27 : 0.004 0.003 0.986 0.003 0.005
2532 2532 (0) 27 : 0.003 0.004 0.978 0.005 0.010
2533 2533 (0) 27 : 0.037 0.004 0.950 0.003 0.007
2534 2534 (0) 27 : 0.003 0.004 0.970 0.009 0.014
2535 2535 (0) 27 : 0.009 0.003 0.971 0.006 0.011
2536 2536 (0) 27 : 0.006 0.005 0.978 0.006 0.005
2537 2537 (0) 27 : 0.090 0.005 0.888 0.005 0.013
2538 2538 (0) 27 : 0.011 0.006 0.960 0.005 0.019
2539 2539 (0) 27 : 0.006 0.006 0.973 0.008 0.007
2540 2540 (0) 27 : 0.009 0.011 0.917 0.005 0.058
2541 2541 (0) 27 : 0.007 0.016 0.968 0.004 0.004
2542 2542 (0) 27 : 0.004 0.008 0.978 0.005 0.005
2543 2543 (0) 27 : 0.061 0.003 0.925 0.004 0.006
2544 2544 (0) 27 : 0.072 0.003 0.897 0.022 0.007
2545 2545 (0) 27 : 0.014 0.004 0.962 0.005 0.015
2546 2546 (0) 27 : 0.009 0.004 0.943 0.016 0.028
2547 2547 (0) 27 : 0.006 0.004 0.970 0.004 0.016
2548 2548 (0) 27 : 0.009 0.007 0.877 0.005 0.102
2549 2549 (0) 27 : 0.003 0.003 0.972 0.007 0.015
2550 2550 (0) 27 : 0.022 0.010 0.955 0.005 0.008
2551 2551 (0) 27 : 0.009 0.004 0.965 0.005 0.017
2552 2552 (0) 27 : 0.004 0.005 0.963 0.007 0.021
2553 2553 (0) 27 : 0.014 0.008 0.958 0.006 0.015
2554 2554 (0) 27 : 0.006 0.006 0.932 0.025 0.031
2555 2555 (0) 27 : 0.013 0.004 0.873 0.005 0.104
2556 2556 (0) 27 : 0.003 0.004 0.983 0.005 0.005
2557 2557 (0) 27 : 0.010 0.008 0.967 0.007 0.009
2558 2558 (0) 27 : 0.030 0.004 0.937 0.003 0.025
2559 2559 (0) 27 : 0.007 0.004 0.979 0.004 0.005
2560 2560 (0) 27 : 0.005 0.004 0.971 0.009 0.011
2561 2561 (0) 27 : 0.008 0.004 0.944 0.033 0.011
2562 2562 (0) 27 : 0.004 0.004 0.981 0.003 0.007
2563 2563 (0) 27 : 0.003 0.003 0.959 0.016 0.020
2564 2564 (0) 27 : 0.008 0.004 0.900 0.008 0.080
2565 2565 (0) 27 : 0.006 0.004 0.977 0.004 0.009
2566 2566 (0) 27 : 0.007 0.005 0.974 0.004 0.011
2567 2567 (0) 27 : 0.038 0.009 0.941 0.005 0.008
2568 2568 (0) 27 : 0.018 0.003 0.968 0.005 0.006
2569 2569 (0) 27 : 0.019 0.004 0.961 0.004 0.012
2570 2570 (0) 27 : 0.005 0.003 0.979 0.006 0.007
2571 2571 (0) 27 : 0.016 0.004 0.971 0.004 0.005
2572 2572 (0) 27 : 0.009 0.003 0.533 0.013 0.442
2573 2573 (0) 27 : 0.008 0.005 0.979 0.003 0.005
2574 2574 (0) 27 : 0.005 0.008 0.898 0.007 0.082
2575 2575 (0) 27 : 0.007 0.005 0.973 0.007 0.008
2576 2576 (0) 27 : 0.045 0.005 0.936 0.006 0.008
2577 2577 (0) 27 : 0.009 0.003 0.839 0.022 0.127
2578 2578 (0) 27 : 0.228 0.005 0.750 0.003 0.013
2579 2579 (0) 27 : 0.005 0.005 0.945 0.004 0.041
2580 2580 (0) 27 : 0.004 0.004 0.945 0.019 0.028
2581 2581 (0) 27 : 0.010 0.012 0.871 0.019 0.088
2582 2582 (0) 27 : 0.004 0.004 0.856 0.004 0.132
2583 2583 (0) 27 : 0.004 0.005 0.985 0.003 0.003
2584 2584 (0) 27 : 0.019 0.005 0.947 0.004 0.025
2585 2585 (0) 27 : 0.006 0.005 0.978 0.003 0.008
2586 2586 (0) 27 : 0.004 0.004 0.793 0.006 0.193
2587 2587 (0) 27 : 0.025 0.005 0.951 0.004 0.014
2588 2588 (0) 27 : 0.004 0.004 0.977 0.007 0.009
2589 2589 (0) 27 : 0.006 0.004 0.977 0.003 0.009
2590 2590 (0) 27 : 0.004 0.003 0.960 0.006 0.027
2591 2591 (0) 27 : 0.022 0.007 0.946 0.008 0.017
2592 2592 (0) 27 : 0.012 0.011 0.952 0.004 0.020
2593 2593 (0) 27 : 0.024 0.009 0.889 0.051 0.028
2594 2594 (0) 27 : 0.004 0.006 0.979 0.004 0.007
2595 2595 (0) 27 : 0.004 0.007 0.978 0.004 0.007
2596 2596 (0) 27 : 0.003 0.003 0.967 0.012 0.015
2597 2597 (0) 27 : 0.010 0.003 0.963 0.005 0.019
2598 2598 (5) 28 : 0.003 0.004 0.006 0.981 0.006
2599 2599 (0) 28 : 0.003 0.005 0.006 0.979 0.007
2600 2600 (0) 28 : 0.004 0.003 0.004 0.986 0.004
2601 2601 (0) 28 : 0.015 0.009 0.015 0.937 0.023
2602 2602 (0) 28 : 0.003 0.003 0.003 0.987 0.004
2603 2603 (0) 28 : 0.007 0.003 0.005 0.976 0.009
2604 2604 (0) 28 : 0.003 0.002 0.003 0.988 0.004
2605 2605 (0) 28 : 0.003 0.004 0.003 0.985 0.004
2606 2606 (0) 28 : 0.006 0.003 0.005 0.983 0.004
2607 2607 (0) 28 : 0.003 0.003 0.003 0.987 0.004
2608 2608 (0) 28 : 0.002 0.002 0.003 0.991 0.003
2609 2609 (0) 28 : 0.003 0.003 0.003 0.988 0.004
2610 2610 (0) 28 : 0.004 0.004 0.006 0.979 0.006
2611 2611 (5) 28 : 0.002 0.002 0.003 0.990 0.003
2612 2612 (0) 28 : 0.003 0.003 0.004 0.986 0.004
2613 2613 (0) 28 : 0.002 0.002 0.003 0.989 0.003
2614 2614 (0) 28 : 0.010 0.003 0.003 0.979 0.005
2615 2615 (0) 28 : 0.002 0.003 0.003 0.989 0.003
2616 2616 (0) 28 : 0.003 0.004 0.004 0.985 0.004
2617 2617 (0) 28 : 0.003 0.003 0.003 0.988 0.003
2618 2618 (0) 28 : 0.002 0.002 0.003 0.990 0.003
2619 2619 (0) 28 : 0.006 0.004 0.004 0.982 0.004
2620 2620 (0) 28 : 0.002 0.002 0.003 0.989 0.003
2621 2621 (0) 28 : 0.002 0.002 0.002 0.992 0.002
2622 2622 (0) 28 : 0.002 0.002 0.002 0.992 0.002
2623 2623 (0) 28 : 0.003 0.002 0.003 0.988 0.003
2624 2624 (0) 28 : 0.003 0.002 0.003 0.989 0.003
2625 2625 (0) 28 : 0.002 0.002 0.002 0.990 0.003
2626 2626 (0) 29 : 0.003 0.003 0.004 0.987 0.003
2627 2627 (0) 29 : 0.005 0.003 0.004 0.984 0.005
2628 2628 (0) 29 : 0.012 0.004 0.015 0.961 0.009
2629 2629 (0) 29 : 0.002 0.002 0.002 0.990 0.003
2630 2630 (0) 29 : 0.002 0.003 0.003 0.987 0.004
2631 2631 (0) 29 : 0.003 0.003 0.002 0.987 0.005
2632 2632 (0) 29 : 0.003 0.003 0.002 0.989 0.003
2633 2633 (0) 29 : 0.002 0.002 0.002 0.990 0.003
2634 2634 (0) 29 : 0.003 0.003 0.004 0.986 0.004
2635 2635 (0) 29 : 0.013 0.004 0.016 0.959 0.007
2636 2636 (0) 29 : 0.002 0.003 0.002 0.989 0.003
2637 2637 (0) 29 : 0.002 0.002 0.002 0.991 0.003
2638 2638 (0) 29 : 0.002 0.002 0.002 0.991 0.003
2639 2639 (0) 29 : 0.003 0.003 0.005 0.984 0.005
2640 2640 (0) 29 : 0.002 0.002 0.003 0.990 0.003
2641 2641 (0) 29 : 0.007 0.006 0.006 0.977 0.005
2642 2642 (0) 29 : 0.002 0.002 0.003 0.990 0.003
2643 2643 (0) 29 : 0.003 0.003 0.003 0.988 0.003
2644 2644 (0) 29 : 0.003 0.003 0.003 0.988 0.003
2645 2645 (0) 29 : 0.002 0.002 0.003 0.989 0.004
2646 2646 (0) 29 : 0.002 0.002 0.002 0.991 0.003
2647 2647 (0) 29 : 0.003 0.003 0.003 0.987 0.004
2648 2648 (0) 29 : 0.004 0.003 0.004 0.985 0.005
2649 2649 (0) 29 : 0.003 0.003 0.003 0.988 0.003
2650 2650 (0) 29 : 0.002 0.002 0.003 0.987 0.005
2651 2651 (0) 29 : 0.003 0.002 0.003 0.986 0.006
2652 2652 (0) 29 : 0.005 0.004 0.003 0.983 0.004
2653 2653 (0) 29 : 0.003 0.003 0.006 0.983 0.005
2654 2654 (0) 29 : 0.002 0.003 0.003 0.988 0.003
2655 2655 (0) 29 : 0.003 0.003 0.003 0.984 0.007
2656 2656 (0) 29 : 0.005 0.002 0.003 0.987 0.003
2657 2657 (0) 29 : 0.004 0.003 0.003 0.986 0.003
2658 2658 (0) 29 : 0.003 0.003 0.003 0.988 0.003
2659 2659 (0) 29 : 0.002 0.003 0.004 0.988 0.003
2660 2660 (0) 29 : 0.002 0.003 0.003 0.989 0.003
2661 2661 (0) 29 : 0.002 0.002 0.003 0.989 0.004
2662 2662 (0) 29 : 0.003 0.002 0.007 0.982 0.006
2663 2663 (0) 29 : 0.003 0.005 0.004 0.984 0.004
2664 2664 (0) 29 : 0.004 0.004 0.004 0.984 0.005
2665 2665 (0) 29 : 0.010 0.004 0.005 0.978 0.003
2666 2666 (0) 29 : 0.004 0.003 0.004 0.984 0.005
2667 2667 (0) 29 : 0.002 0.003 0.003 0.985 0.006
2668 2668 (0) 29 : 0.005 0.003 0.005 0.982 0.005
2669 2669 (0) 29 : 0.004 0.005 0.004 0.981 0.006
2670 2670 (0) 29 : 0.003 0.002 0.002 0.988 0.004
2671 2671 (0) 29 : 0.003 0.003 0.004 0.986 0.005
2672 2672 (0) 29 : 0.003 0.002 0.004 0.987 0.004
2673 2673 (0) 29 : 0.006 0.005 0.007 0.976 0.006
2674 2674 (0) 29 : 0.002 0.003 0.003 0.990 0.003
2675 2675 (0) 29 : 0.002 0.002 0.003 0.989 0.004
2676 2676 (0) 29 : 0.003 0.003 0.003 0.988 0.003
2677 2677 (0) 29 : 0.004 0.003 0.005 0.983 0.004
2678 2678 (0) 29 : 0.003 0.003 0.003 0.987 0.004
2679 2679 (0) 29 : 0.002 0.003 0.003 0.988 0.004
2680 2680 (0) 29 : 0.002 0.002 0.003 0.990 0.003
2681 2681 (0) 29 : 0.003 0.003 0.003 0.989 0.003
2682 2682 (0) 29 : 0.003 0.003 0.003 0.989 0.003
2683 2683 (0) 29 : 0.005 0.003 0.003 0.986 0.003
2684 2684 (0) 29 : 0.002 0.002 0.003 0.989 0.003
2685 2685 (0) 29 : 0.003 0.003 0.004 0.988 0.003
2686 2686 (0) 29 : 0.007 0.005 0.011 0.965 0.012
2687 2687 (0) 29 : 0.003 0.005 0.002 0.987 0.003
2688 2688 (0) 29 : 0.002 0.003 0.003 0.989 0.004
2689 2689 (0) 29 : 0.002 0.004 0.004 0.988 0.003
2690 2690 (0) 29 : 0.013 0.005 0.019 0.952 0.012
2691 2691 (0) 29 : 0.003 0.003 0.003 0.988 0.004
2692 2692 (0) 29 : 0.004 0.003 0.003 0.987 0.003
2693 2693 (0) 29 : 0.003 0.002 0.003 0.988 0.005
2694 2694 (0) 29 : 0.003 0.003 0.003 0.988 0.003
2695 2695 (0) 29 : 0.003 0.002 0.004 0.987 0.004
2696 2696 (0) 29 : 0.007 0.002 0.002 0.984 0.005
2697 2697 (0) 29 : 0.002 0.002 0.003 0.989 0.004
2698 2698 (0) 29 : 0.002 0.004 0.003 0.988 0.003
2699 2699 (0) 29 : 0.002 0.003 0.003 0.989 0.003
2700 2700 (0) 29 : 0.002 0.003 0.003 0.990 0.003
2701 2701 (0) 29 : 0.002 0.003 0.003 0.988 0.004
2702 2702 (0) 29 : 0.002 0.003 0.003 0.989 0.003
2703 2703 (0) 29 : 0.008 0.004 0.003 0.979 0.005
2704 2704 (0) 29 : 0.007 0.004 0.007 0.977 0.005
2705 2705 (0) 29 : 0.003 0.005 0.005 0.983 0.005
2706 2706 (0) 29 : 0.002 0.002 0.003 0.989 0.004
2707 2707 (0) 29 : 0.004 0.003 0.004 0.986 0.003
2708 2708 (0) 29 : 0.003 0.002 0.003 0.987 0.004
2709 2709 (0) 29 : 0.005 0.003 0.003 0.987 0.003
2710 2710 (0) 29 : 0.002 0.002 0.002 0.991 0.003
2711 2711 (0) 29 : 0.002 0.003 0.003 0.988 0.003
2712 2712 (0) 29 : 0.019 0.006 0.010 0.958 0.007
2713 2713 (0) 29 : 0.002 0.002 0.002 0.990 0.003
2714 2714 (0) 29 : 0.010 0.005 0.008 0.961 0.015
2715 2715 (0) 29 : 0.002 0.003 0.003 0.988 0.004
2716 2716 (0) 29 : 0.003 0.003 0.003 0.988 0.004
2717 2717 (0) 29 : 0.003 0.003 0.003 0.988 0.003
2718 2718 (0) 29 : 0.002 0.003 0.004 0.987 0.004
2719 2719 (0) 29 : 0.003 0.003 0.003 0.986 0.005
2720 2720 (0) 29 : 0.002 0.002 0.003 0.990 0.003
2721 2721 (0) 29 : 0.002 0.002 0.003 0.989 0.004
2722 2722 (0) 29 : 0.003 0.002 0.003 0.986 0.006
2723 2723 (0) 29 : 0.005 0.002 0.003 0.987 0.003
2724 2724 (0) 29 : 0.002 0.003 0.003 0.988 0.004
2725 2725 (0) 29 : 0.002 0.003 0.003 0.990 0.003
2726 2726 (0) 29 : 0.002 0.002 0.002 0.990 0.003
2727 2727 (0) 29 : 0.004 0.004 0.005 0.983 0.004
2728 2728 (0) 29 : 0.004 0.002 0.003 0.986 0.005
2729 2729 (0) 29 : 0.005 0.003 0.004 0.985 0.003
2730 2730 (0) 29 : 0.002 0.003 0.004 0.988 0.004
2731 2731 (0) 29 : 0.008 0.003 0.005 0.981 0.004
2732 2732 (0) 29 : 0.002 0.003 0.003 0.989 0.003
2733 2733 (0) 29 : 0.003 0.003 0.003 0.988 0.003
2734 2734 (0) 29 : 0.002 0.003 0.003 0.988 0.004
2735 2735 (0) 29 : 0.003 0.002 0.003 0.988 0.004
2736 2736 (0) 29 : 0.003 0.007 0.007 0.978 0.005
2737 2737 (0) 29 : 0.003 0.003 0.003 0.988 0.004
2738 2738 (0) 29 : 0.003 0.003 0.004 0.987 0.003
2739 2739 (0) 29 : 0.002 0.003 0.003 0.987 0.004
2740 2740 (0) 29 : 0.002 0.002 0.003 0.990 0.003
2741 2741 (0) 29 : 0.003 0.002 0.004 0.987 0.004
2742 2742 (0) 29 : 0.007 0.003 0.007 0.974 0.008
2743 2743 (0) 29 : 0.002 0.002 0.002 0.990 0.004
2744 2744 (0) 29 : 0.013 0.003 0.018 0.956 0.009
2745 2745 (0) 29 : 0.002 0.002 0.002 0.991 0.003
2746 2746 (0) 29 : 0.002 0.002 0.003 0.989 0.003
2747 2747 (0) 29 : 0.005 0.003 0.005 0.982 0.005
2748 2748 (0) 29 : 0.003 0.003 0.002 0.989 0.003
2749 2749 (0) 29 : 0.003 0.002 0.003 0.989 0.003
2750 2750 (0) 29 : 0.002 0.003 0.002 0.990 0.003
2751 2751 (0) 29 : 0.004 0.003 0.003 0.987 0.003
2752 2752 (0) 29 : 0.002 0.003 0.004 0.988 0.004
2753 2753 (0) 29 : 0.004 0.002 0.004 0.986 0.004
2754 2754 (0) 29 : 0.004 0.003 0.005 0.981 0.007
2755 2755 (0) 29 : 0.002 0.002 0.002 0.988 0.005
2756 2756 (0) 29 : 0.002 0.002 0.003 0.988 0.004
2757 2757 (0) 29 : 0.002 0.003 0.003 0.987 0.004
2758 2758 (0) 29 : 0.003 0.002 0.002 0.990 0.003
2759 2759 (0) 29 : 0.002 0.003 0.003 0.988 0.004
2760 2760 (0) 29 : 0.002 0.003 0.003 0.990 0.003
2761 2761 (0) 29 : 0.003 0.003 0.004 0.983 0.007
2762 2762 (0) 29 : 0.011 0.004 0.024 0.947 0.013
2763 2763 (0) 29 : 0.002 0.002 0.005 0.982 0.009
2764 2764 (0) 29 : 0.005 0.002 0.002 0.988 0.002
2765 2765 (0) 29 : 0.003 0.004 0.004 0.986 0.003
2766 2766 (0) 29 : 0.007 0.006 0.008 0.975 0.005
2767 2767 (0) 29 : 0.003 0.002 0.004 0.987 0.004
2768 2768 (0) 29 : 0.002 0.002 0.003 0.990 0.003
2769 2769 (0) 29 : 0.002 0.003 0.003 0.988 0.004
2770 2770 (0) 29 : 0.003 0.003 0.003 0.988 0.003
2771 2771 (0) 29 : 0.003 0.002 0.003 0.989 0.003
2772 2772 (0) 29 : 0.006 0.003 0.005 0.980 0.005
2773 2773 (0) 29 : 0.003 0.003 0.004 0.986 0.005
2774 2774 (0) 29 : 0.007 0.004 0.003 0.980 0.005
2775 2775 (0) 29 : 0.002 0.002 0.003 0.990 0.002
2776 2776 (0) 29 : 0.002 0.003 0.003 0.987 0.005
2777 2777 (0) 29 : 0.003 0.002 0.004 0.987 0.004
2778 2778 (0) 29 : 0.002 0.003 0.003 0.990 0.003
2779 2779 (0) 29 : 0.002 0.002 0.002 0.990 0.003
2780 2780 (0) 29 : 0.005 0.004 0.009 0.975 0.006
2781 2781 (0) 29 : 0.003 0.006 0.004 0.980 0.006
2782 2782 (0) 29 : 0.007 0.003 0.004 0.982 0.004
2783 2783 (0) 29 : 0.003 0.003 0.003 0.988 0.003
2784 2784 (0) 29 : 0.003 0.002 0.003 0.987 0.004
2785 2785 (0) 29 : 0.002 0.002 0.002 0.990 0.003
2786 2786 (0) 29 : 0.002 0.003 0.003 0.989 0.003
2787 2787 (0) 29 : 0.005 0.003 0.003 0.986 0.003
2788 2788 (0) 29 : 0.002 0.002 0.002 0.990 0.003
2789 2789 (0) 29 : 0.002 0.002 0.003 0.990 0.003
2790 2790 (0) 29 : 0.006 0.004 0.005 0.981 0.005
2791 2791 (0) 29 : 0.002 0.002 0.002 0.991 0.003
2792 2792 (0) 29 : 0.002 0.002 0.002 0.991 0.003
2793 2793 (0) 29 : 0.003 0.003 0.004 0.987 0.003
2794 2794 (0) 29 : 0.007 0.003 0.003 0.983 0.004
2795 2795 (0) 29 : 0.002 0.004 0.004 0.987 0.003
2796 2796 (0) 29 : 0.002 0.002 0.002 0.991 0.002
2797 2797 (0) 29 : 0.002 0.002 0.003 0.990 0.004
2798 2798 (0) 29 : 0.002 0.002 0.002 0.991 0.003
2799 2799 (0) 29 : 0.003 0.003 0.004 0.985 0.004
2800 2800 (0) 29 : 0.003 0.003 0.003 0.989 0.003
2801 2801 (0) 29 : 0.002 0.003 0.003 0.989 0.003
2802 2802 (0) 29 : 0.005 0.003 0.004 0.984 0.004
2803 2803 (0) 29 : 0.003 0.003 0.003 0.987 0.004
2804 2804 (0) 29 : 0.002 0.003 0.003 0.989 0.004
2805 2805 (0) 29 : 0.002 0.002 0.002 0.991 0.003
2806 2806 (0) 29 : 0.004 0.004 0.006 0.982 0.005
2807 2807 (0) 29 : 0.003 0.002 0.005 0.986 0.004
2808 2808 (0) 29 : 0.003 0.002 0.003 0.988 0.003
2809 2809 (0) 29 : 0.003 0.003 0.005 0.985 0.004
2810 2810 (0) 29 : 0.003 0.005 0.005 0.981 0.006
2811 2811 (0) 29 : 0.005 0.003 0.005 0.982 0.005
2812 2812 (0) 29 : 0.003 0.002 0.002 0.991 0.003
2813 2813 (0) 29 : 0.002 0.002 0.002 0.991 0.003
2814 2814 (0) 29 : 0.008 0.003 0.003 0.983 0.003
2815 2815 (0) 29 : 0.002 0.002 0.003 0.990 0.003
2816 2816 (0) 29 : 0.002 0.002 0.002 0.991 0.003
2817 2817 (0) 29 : 0.004 0.002 0.003 0.987 0.004
2818 2818 (0) 29 : 0.002 0.004 0.006 0.981 0.006
2819 2819 (0) 29 : 0.002 0.004 0.005 0.984 0.006
2820 2820 (0) 29 : 0.004 0.003 0.005 0.983 0.005
2821 2821 (0) 29 : 0.004 0.003 0.003 0.987 0.004
2822 2822 (0) 29 : 0.004 0.002 0.003 0.987 0.003
2823 2823 (0) 29 : 0.003 0.002 0.004 0.988 0.003
2824 2824 (0) 29 : 0.002 0.002 0.003 0.990 0.003
2825 2825 (0) 29 : 0.008 0.003 0.006 0.976 0.007
2826 2826 (0) 29 : 0.006 0.004 0.003 0.982 0.005
2827 2827 (0) 29 : 0.003 0.003 0.003 0.988 0.004
2828 2828 (0) 29 : 0.002 0.002 0.003 0.989 0.003
2829 2829 (0) 29 : 0.002 0.002 0.003 0.989 0.003
2830 2830 (0) 29 : 0.003 0.005 0.005 0.980 0.006
2831 2831 (0) 29 : 0.003 0.006 0.003 0.983 0.004
2832 2832 (0) 29 : 0.002 0.002 0.003 0.990 0.003
2833 2833 (0) 29 : 0.003 0.003 0.004 0.986 0.005
2834 2834 (0) 29 : 0.005 0.002 0.003 0.987 0.003
2835 2835 (0) 29 : 0.003 0.002 0.004 0.988 0.003
2836 2836 (0) 29 : 0.002 0.002 0.003 0.990 0.003
2837 2837 (0) 29 : 0.003 0.003 0.004 0.986 0.004
2838 2838 (0) 29 : 0.006 0.005 0.005 0.981 0.004
2839 2839 (0) 29 : 0.002 0.002 0.003 0.990 0.003
2840 2840 (0) 29 : 0.002 0.002 0.002 0.989 0.004
2841 2841 (0) 29 : 0.041 0.009 0.007 0.936 0.006
2842 2842 (0) 29 : 0.003 0.002 0.003 0.988 0.003
2843 2843 (0) 29 : 0.002 0.002 0.003 0.989 0.003
2844 2844 (0) 29 : 0.002 0.003 0.003 0.990 0.003
2845 2845 (0) 29 : 0.007 0.007 0.007 0.973 0.006
2846 2846 (0) 29 : 0.005 0.003 0.003 0.986 0.003
2847 2847 (0) 29 : 0.002 0.002 0.003 0.990 0.004
2848 2848 (0) 29 : 0.003 0.002 0.005 0.984 0.005
2849 2849 (0) 29 : 0.002 0.002 0.003 0.989 0.004
2850 2850 (0) 29 : 0.005 0.003 0.003 0.985 0.003
2851 2851 (0) 29 : 0.005 0.002 0.003 0.986 0.005
2852 2852 (0) 29 : 0.003 0.004 0.004 0.984 0.005
2853 2853 (0) 29 : 0.003 0.002 0.003 0.987 0.004
2854 2854 (0) 29 : 0.003 0.004 0.004 0.984 0.005
2855 2855 (0) 29 : 0.002 0.002 0.003 0.989 0.003
2856 2856 (0) 29 : 0.004 0.002 0.004 0.985 0.004
2857 2857 (0) 29 : 0.003 0.002 0.003 0.985 0.006
2858 2858 (0) 29 : 0.002 0.002 0.002 0.990 0.003
2859 2859 (0) 29 : 0.004 0.002 0.003 0.987 0.004
2860 2860 (0) 29 : 0.005 0.003 0.004 0.983 0.004
2861 2861 (0) 29 : 0.003 0.002 0.003 0.987 0.004
2862 2862 (0) 29 : 0.003 0.004 0.003 0.988 0.003
2863 2863 (0) 29 : 0.002 0.003 0.003 0.989 0.002
2864 2864 (0) 29 : 0.004 0.002 0.005 0.983 0.005
2865 2865 (0) 29 : 0.002 0.002 0.003 0.989 0.003
2866 2866 (0) 29 : 0.003 0.004 0.003 0.987 0.004
2867 2867 (0) 29 : 0.003 0.002 0.003 0.988 0.004
2868 2868 (0) 29 : 0.004 0.002 0.003 0.987 0.004
2869 2869 (0) 29 : 0.003 0.003 0.003 0.988 0.003
2870 2870 (0) 29 : 0.002 0.002 0.003 0.989 0.004
2871 2871 (0) 29 : 0.005 0.002 0.003 0.986 0.004
2872 2872 (0) 29 : 0.002 0.002 0.002 0.991 0.003
2873 2873 (0) 29 : 0.002 0.003 0.003 0.989 0.003
2874 2874 (0) 29 : 0.002 0.003 0.003 0.989 0.003
2875 2875 (0) 29 : 0.006 0.003 0.008 0.976 0.007
2876 2876 (0) 29 : 0.004 0.002 0.004 0.985 0.005
2877 2877 (0) 29 : 0.002 0.003 0.003 0.989 0.003
2878 2878 (0) 29 : 0.003 0.002 0.004 0.986 0.004
2879 2879 (0) 29 : 0.004 0.003 0.006 0.983 0.005
2880 2880 (0) 29 : 0.002 0.002 0.003 0.989 0.004
2881 2881 (0) 29 : 0.003 0.003 0.003 0.988 0.004
2882 2882 (0) 29 : 0.002 0.003 0.003 0.988 0.004
2883 2883 (0) 29 : 0.003 0.002 0.004 0.988 0.003
2884 2884 (0) 29 : 0.003 0.003 0.006 0.984 0.005
2885 2885 (0) 29 : 0.002 0.002 0.002 0.991 0.003
2886 2886 (0) 29 : 0.002 0.003 0.004 0.989 0.003
2887 2887 (0) 29 : 0.003 0.002 0.003 0.988 0.004
2888 2888 (0) 29 : 0.006 0.004 0.007 0.980 0.003
2889 2889 (0) 29 : 0.002 0.002 0.002 0.991 0.003
2890 2890 (0) 29 : 0.002 0.002 0.003 0.990 0.003
2891 2891 (0) 29 : 0.003 0.004 0.005 0.984 0.005
2892 2892 (0) 29 : 0.005 0.004 0.005 0.982 0.003
2893 2893 (0) 29 : 0.004 0.003 0.003 0.986 0.004
2894 2894 (0) 29 : 0.002 0.003 0.004 0.987 0.004
2895 2895 (0) 29 : 0.004 0.003 0.003 0.986 0.003
2896 2896 (0) 29 : 0.002 0.003 0.002 0.989 0.004
2897 2897 (0) 29 : 0.003 0.005 0.005 0.983 0.004
2898 2898 (0) 29 : 0.002 0.002 0.003 0.990 0.003
2899 2899 (0) 29 : 0.002 0.003 0.003 0.989 0.003
2900 2900 (0) 29 : 0.002 0.002 0.003 0.989 0.003
2901 2901 (0) 29 : 0.003 0.002 0.003 0.990 0.002
2902 2902 (0) 29 : 0.003 0.003 0.004 0.986 0.005
2903 2903 (0) 29 : 0.002 0.002 0.003 0.989 0.003
2904 2904 (0) 29 : 0.003 0.002 0.003 0.988 0.004
2905 2905 (0) 29 : 0.002 0.002 0.002 0.991 0.003
2906 2906 (0) 29 : 0.002 0.002 0.003 0.990 0.003
2907 2907 (0) 29 : 0.002 0.002 0.002 0.991 0.002
2908 2908 (0) 29 : 0.002 0.002 0.003 0.990 0.003
2909 2909 (0) 29 : 0.002 0.002 0.003 0.990 0.002
2910 2910 (0) 29 : 0.006 0.003 0.004 0.981 0.006
2911 2911 (0) 29 : 0.006 0.003 0.004 0.984 0.004
2912 2912 (0) 29 : 0.027 0.005 0.010 0.953 0.005
2913 2913 (0) 29 : 0.002 0.003 0.004 0.987 0.004
2914 2914 (0) 29 : 0.005 0.003 0.009 0.971 0.011
2915 2915 (0) 29 : 0.003 0.004 0.004 0.985 0.004
2916 2916 (0) 29 : 0.002 0.002 0.003 0.988 0.004
2917 2917 (0) 29 : 0.002 0.003 0.004 0.987 0.005
2918 2918 (0) 29 : 0.002 0.002 0.003 0.990 0.003
2919 2919 (0) 29 : 0.002 0.004 0.004 0.983 0.007
2920 2920 (0) 29 : 0.003 0.004 0.004 0.986 0.004
2921 2921 (0) 29 : 0.002 0.002 0.003 0.989 0.004
2922 2922 (0) 29 : 0.011 0.010 0.011 0.956 0.012
2923 2923 (0) 29 : 0.002 0.002 0.003 0.990 0.003
2924 2924 (0) 29 : 0.005 0.004 0.005 0.981 0.004
2925 2925 (0) 29 : 0.003 0.002 0.003 0.988 0.004
2926 2926 (5) 30 : 0.989 0.002 0.003 0.003 0.002
2927 2927 (0) 30 : 0.989 0.002 0.003 0.003 0.003
2928 2928 (0) 30 : 0.981 0.003 0.007 0.005 0.005
2929 2929 (0) 30 : 0.990 0.003 0.003 0.002 0.003
2930 2930 (5) 30 : 0.969 0.004 0.019 0.003 0.005
2931 2931 (0) 30 : 0.990 0.002 0.003 0.002 0.002
2932 2932 (0) 30 : 0.988 0.004 0.003 0.003 0.003
2933 2933 (0) 30 : 0.987 0.003 0.004 0.003 0.003
2934 2934 (0) 30 : 0.987 0.003 0.004 0.004 0.003
2935 2935 (0) 30 : 0.988 0.004 0.003 0.003 0.002
2936 2936 (0) 30 : 0.990 0.003 0.003 0.002 0.003
2937 2937 (0) 30 : 0.988 0.002 0.004 0.003 0.003
2938 2938 (5) 30 : 0.984 0.004 0.005 0.003 0.004
2939 2939 (0) 30 : 0.989 0.003 0.003 0.003 0.002
2940 2940 (0) 30 : 0.988 0.003 0.004 0.003 0.003
2941 2941 (0) 30 : 0.991 0.002 0.002 0.002 0.002
2942 2942 (0) 30 : 0.985 0.003 0.005 0.002 0.005
2943 2943 (0) 30 : 0.987 0.002 0.005 0.003 0.002
2944 2944 (0) 30 : 0.982 0.003 0.004 0.006 0.005
2945 2945 (0) 30 : 0.962 0.004 0.019 0.006 0.008
2946 2946 (0) 30 : 0.988 0.003 0.004 0.002 0.003
2947 2947 (0) 30 : 0.989 0.002 0.003 0.003 0.003
2948 2948 (0) 30 : 0.970 0.003 0.009 0.009 0.008
2949 2949 (0) 30 : 0.972 0.011 0.008 0.005 0.004
2950 2950 (0) 30 : 0.990 0.002 0.003 0.003 0.003
2951 2951 (0) 30 : 0.972 0.003 0.009 0.010 0.005
2952 2952 (0) 30 : 0.989 0.002 0.004 0.003 0.003
2953 2953 (0) 31 : 0.986 0.003 0.003 0.005 0.003
2954 2954 (0) 31 : 0.989 0.003 0.003 0.002 0.003
2955 2955 (0) 31 : 0.985 0.003 0.005 0.003 0.003
2956 2956 (0) 31 : 0.982 0.003 0.007 0.003 0.005
2957 2957 (0) 31 : 0.982 0.003 0.005 0.005 0.004
2958 2958 (0) 31 : 0.985 0.005 0.003 0.003 0.003
2959 2959 (0) 31 : 0.980 0.004 0.007 0.003 0.005
2960 2960 (0) 31 : 0.989 0.003 0.003 0.003 0.002
2961 2961 (0) 31 : 0.978 0.003 0.008 0.008 0.003
2962 2962 (0) 31 : 0.973 0.003 0.005 0.013 0.006
2963 2963 (0) 31 : 0.991 0.002 0.002 0.002 0.002
2964 2964 (0) 31 : 0.979 0.004 0.005 0.009 0.004
2965 2965 (0) 31 : 0.983 0.005 0.005 0.004 0.004
2966 2966 (0) 31 : 0.980 0.003 0.005 0.007 0.005
2967 2967 (0) 31 : 0.987 0.003 0.004 0.003 0.003
2968 2968 (0) 31 : 0.989 0.003 0.003 0.003 0.002
2969 2969 (0) 31 : 0.984 0.004 0.004 0.004 0.004
2970 2970 (0) 31 : 0.983 0.004 0.007 0.002 0.003
2971 2971 (0) 31 : 0.982 0.006 0.004 0.005 0.003
2972 2972 (0) 31 : 0.988 0.003 0.003 0.003 0.003
2973 2973 (0) 31 : 0.969 0.003 0.014 0.006 0.008
2974 2974 (0) 31 : 0.988 0.004 0.003 0.003 0.003
2975 2975 (0) 31 : 0.989 0.003 0.003 0.003 0.002
2976 2976 (0) 31 : 0.985 0.004 0.005 0.002 0.004
2977 2977 (0) 31 : 0.988 0.003 0.003 0.004 0.003
2978 2978 (0) 31 : 0.983 0.003 0.005 0.006 0.004
2979 2979 (0) 31 : 0.974 0.004 0.010 0.007 0.004
2980 2980 (0) 31 : 0.989 0.004 0.003 0.002 0.002
2981 2981 (0) 31 : 0.990 0.003 0.002 0.002 0.002
2982 2982 (0) 31 : 0.982 0.005 0.006 0.004 0.004
2983 2983 (0) 31 : 0.980 0.004 0.007 0.003 0.006
2984 2984 (0) 31 : 0.986 0.003 0.005 0.004 0.003
2985 2985 (0) 31 : 0.982 0.004 0.005 0.005 0.005
2986 2986 (0) 31 : 0.987 0.003 0.005 0.002 0.003
2987 2987 (0) 31 : 0.985 0.003 0.006 0.003 0.004
2988 2988 (0) 31 : 0.984 0.003 0.003 0.007 0.002
2989 2989 (0) 31 : 0.988 0.003 0.003 0.004 0.003
2990 2990 (0) 31 : 0.983 0.004 0.004 0.007 0.003
2991 2991 (0) 31 : 0.985 0.003 0.005 0.003 0.004
2992 2992 (0) 31 : 0.988 0.003 0.003 0.003 0.002
2993 2993 (0) 31 : 0.981 0.003 0.006 0.006 0.004
2994 2994 (0) 31 : 0.986 0.003 0.004 0.004 0.004
2995 2995 (0) 31 : 0.980 0.004 0.004 0.008 0.004
2996 2996 (0) 31 : 0.987 0.003 0.003 0.003 0.004
2997 2997 (0) 31 : 0.979 0.003 0.007 0.004 0.007
2998 2998 (0) 31 : 0.984 0.004 0.006 0.003 0.003
2999 2999 (0) 31 : 0.988 0.003 0.003 0.004 0.002
3000 3000 (0) 31 : 0.986 0.003 0.004 0.003 0.004
3001 3001 (0) 31 : 0.986 0.003 0.005 0.002 0.004
3002 3002 (0) 31 : 0.990 0.002 0.003 0.003 0.003
3003 3003 (0) 31 : 0.981 0.003 0.005 0.007 0.004
3004 3004 (0) 31 : 0.986 0.003 0.005 0.002 0.004
3005 3005 (0) 31 : 0.989 0.003 0.003 0.003 0.003
3006 3006 (0) 31 : 0.984 0.003 0.006 0.003 0.005
3007 3007 (0) 31 : 0.990 0.002 0.003 0.003 0.002
3008 3008 (0) 31 : 0.971 0.003 0.008 0.013 0.006
3009 3009 (0) 31 : 0.988 0.003 0.004 0.003 0.003
3010 3010 (0) 31 : 0.988 0.003 0.003 0.003 0.003
3011 3011 (0) 31 : 0.984 0.004 0.004 0.003 0.004
3012 3012 (0) 31 : 0.986 0.005 0.004 0.002 0.003
3013 3013 (0) 31 : 0.986 0.003 0.004 0.002 0.004
3014 3014 (0) 31 : 0.985 0.003 0.005 0.004 0.003
3015 3015 (0) 31 : 0.989 0.002 0.003 0.002 0.003
3016 3016 (0) 31 : 0.987 0.003 0.003 0.003 0.003
3017 3017 (0) 31 : 0.987 0.003 0.003 0.004 0.004
3018 3018 (0) 31 : 0.979 0.004 0.006 0.007 0.004
3019 3019 (0) 31 : 0.985 0.004 0.005 0.003 0.003
3020 3020 (0) 31 : 0.988 0.004 0.003 0.002 0.002
3021 3021 (0) 31 : 0.990 0.003 0.003 0.002 0.002
3022 3022 (0) 31 : 0.990 0.002 0.003 0.002 0.003
3023 3023 (0) 31 : 0.990 0.002 0.003 0.002 0.003
3024 3024 (0) 31 : 0.978 0.006 0.007 0.005 0.004
3025 3025 (0) 31 : 0.990 0.002 0.003 0.003 0.002
3026 3026 (0) 31 : 0.988 0.002 0.004 0.002 0.003
3027 3027 (0) 31 : 0.989 0.002 0.003 0.003 0.003
3028 3028 (0) 31 : 0.982 0.003 0.005 0.005 0.004
3029 3029 (0) 31 : 0.989 0.003 0.003 0.003 0.002
3030 3030 (0) 31 : 0.988 0.003 0.003 0.003 0.003
3031 3031 (0) 31 : 0.990 0.002 0.003 0.002 0.003
3032 3032 (0) 31 : 0.988 0.002 0.003 0.004 0.002
3033 3033 (0) 31 : 0.988 0.003 0.004 0.002 0.003
3034 3034 (0) 31 : 0.984 0.004 0.006 0.003 0.004
3035 3035 (0) 31 : 0.987 0.003 0.004 0.003 0.003
3036 3036 (0) 31 : 0.980 0.004 0.005 0.006 0.005
3037 3037 (0) 31 : 0.990 0.002 0.003 0.003 0.002
3038 3038 (0) 31 : 0.980 0.005 0.007 0.003 0.005
3039 3039 (0) 31 : 0.988 0.002 0.003 0.002 0.004
3040 3040 (0) 31 : 0.990 0.003 0.003 0.002 0.002
3041 3041 (0) 31 : 0.992 0.002 0.002 0.002 0.002
3042 3042 (0) 31 : 0.985 0.003 0.005 0.004 0.003
3043 3043 (0) 31 : 0.987 0.003 0.004 0.003 0.004
3044 3044 (0) 31 : 0.980 0.006 0.005 0.005 0.004
3045 3045 (0) 31 : 0.987 0.003 0.004 0.003 0.003
3046 3046 (0) 31 : 0.978 0.005 0.008 0.005 0.004
3047 3047 (0) 31 : 0.986 0.003 0.005 0.003 0.003
3048 3048 (0) 31 : 0.989 0.003 0.003 0.002 0.003
3049 3049 (0) 31 : 0.990 0.003 0.003 0.002 0.003
3050 3050 (0) 31 : 0.986 0.003 0.004 0.003 0.004
3051 3051 (0) 31 : 0.983 0.002 0.007 0.003 0.004
3052 3052 (0) 31 : 0.987 0.003 0.003 0.004 0.003
3053 3053 (0) 31 : 0.989 0.002 0.003 0.003 0.003
3054 3054 (0) 31 : 0.986 0.003 0.003 0.004 0.004
3055 3055 (0) 31 : 0.982 0.004 0.006 0.003 0.005
3056 3056 (0) 31 : 0.984 0.003 0.005 0.004 0.004
3057 3057 (0) 31 : 0.989 0.002 0.003 0.003 0.003
3058 3058 (0) 31 : 0.990 0.002 0.003 0.002 0.003
3059 3059 (0) 31 : 0.977 0.004 0.007 0.007 0.005
3060 3060 (0) 31 : 0.988 0.003 0.004 0.003 0.002
3061 3061 (0) 31 : 0.978 0.004 0.009 0.004 0.006
3062 3062 (0) 31 : 0.989 0.003 0.004 0.003 0.003
3063 3063 (0) 31 : 0.990 0.002 0.003 0.002 0.002
3064 3064 (0) 31 : 0.987 0.005 0.003 0.002 0.002
3065 3065 (0) 31 : 0.989 0.002 0.004 0.002 0.003
3066 3066 (0) 31 : 0.988 0.003 0.003 0.003 0.003
3067 3067 (0) 31 : 0.988 0.003 0.004 0.003 0.003
3068 3068 (0) 31 : 0.988 0.002 0.003 0.004 0.002
3069 3069 (0) 31 : 0.985 0.003 0.004 0.004 0.003
3070 3070 (0) 31 : 0.979 0.003 0.006 0.007 0.004
3071 3071 (0) 31 : 0.986 0.003 0.005 0.003 0.003
3072 3072 (0) 31 : 0.973 0.008 0.006 0.009 0.004
3073 3073 (0) 31 : 0.987 0.003 0.004 0.003 0.003
3074 3074 (0) 31 : 0.989 0.002 0.003 0.003 0.003
3075 3075 (0) 31 : 0.983 0.003 0.006 0.004 0.004
3076 3076 (0) 31 : 0.987 0.004 0.004 0.003 0.003
3077 3077 (0) 31 : 0.980 0.003 0.009 0.004 0.005
3078 3078 (0) 31 : 0.990 0.003 0.003 0.002 0.002
3079 3079 (0) 31 : 0.980 0.005 0.005 0.006 0.004
3080 3080 (0) 31 : 0.980 0.004 0.005 0.007 0.003
3081 3081 (0) 31 : 0.985 0.003 0.004 0.004 0.004
3082 3082 (0) 31 : 0.990 0.003 0.003 0.002 0.002
3083 3083 (0) 31 : 0.988 0.002 0.004 0.003 0.003
3084 3084 (0) 31 : 0.986 0.003 0.004 0.004 0.003
3085 3085 (0) 31 : 0.987 0.003 0.004 0.003 0.002
3086 3086 (0) 31 : 0.984 0.003 0.005 0.005 0.003
3087 3087 (0) 31 : 0.989 0.003 0.003 0.002 0.002
3088 3088 (0) 31 : 0.983 0.004 0.006 0.003 0.004
3089 3089 (0) 31 : 0.983 0.003 0.005 0.007 0.003
3090 3090 (0) 31 : 0.987 0.003 0.004 0.003 0.003
3091 3091 (0) 31 : 0.986 0.004 0.003 0.003 0.003
3092 3092 (0) 31 : 0.986 0.003 0.004 0.004 0.003
3093 3093 (0) 31 : 0.982 0.003 0.006 0.003 0.006
3094 3094 (0) 31 : 0.987 0.003 0.003 0.003 0.003
3095 3095 (0) 31 : 0.988 0.002 0.003 0.004 0.003
3096 3096 (0) 31 : 0.980 0.005 0.007 0.004 0.004
3097 3097 (0) 31 : 0.986 0.003 0.005 0.004 0.002
3098 3098 (0) 31 : 0.984 0.004 0.004 0.004 0.004
3099 3099 (0) 31 : 0.982 0.003 0.006 0.005 0.004
3100 3100 (0) 31 : 0.978 0.004 0.008 0.006 0.004
3101 3101 (0) 31 : 0.987 0.003 0.003 0.004 0.003
3102 3102 (0) 31 : 0.983 0.002 0.006 0.005 0.004
3103 3103 (0) 31 : 0.985 0.003 0.005 0.003 0.003
3104 3104 (0) 31 : 0.988 0.002 0.004 0.003 0.003
3105 3105 (0) 31 : 0.983 0.004 0.006 0.003 0.004
3106 3106 (0) 31 : 0.987 0.003 0.003 0.003 0.003
3107 3107 (0) 31 : 0.985 0.002 0.005 0.004 0.004
3108 3108 (0) 31 : 0.987 0.002 0.005 0.003 0.002
3109 3109 (0) 31 : 0.989 0.003 0.003 0.002 0.003
3110 3110 (0) 31 : 0.989 0.002 0.003 0.003 0.003
3111 3111 (0) 31 : 0.970 0.005 0.008 0.011 0.007
3112 3112 (0) 31 : 0.978 0.004 0.006 0.006 0.006
3113 3113 (0) 31 : 0.981 0.003 0.007 0.004 0.005
3114 3114 (0) 31 : 0.986 0.003 0.005 0.003 0.003
3115 3115 (0) 31 : 0.982 0.003 0.005 0.004 0.006
3116 3116 (0) 31 : 0.988 0.003 0.004 0.003 0.003
3117 3117 (0) 31 : 0.987 0.002 0.003 0.004 0.003
3118 3118 (0) 31 : 0.971 0.006 0.005 0.013 0.006
3119 3119 (0) 31 : 0.985 0.003 0.006 0.003 0.003
3120 3120 (0) 31 : 0.990 0.003 0.002 0.002 0.002
3121 3121 (0) 31 : 0.989 0.003 0.003 0.002 0.003
3122 3122 (0) 31 : 0.986 0.002 0.005 0.003 0.004
3123 3123 (0) 31 : 0.987 0.002 0.005 0.003 0.003
3124 3124 (0) 31 : 0.987 0.002 0.005 0.003 0.003
3125 3125 (0) 31 : 0.990 0.002 0.003 0.003 0.002
3126 3126 (0) 31 : 0.988 0.003 0.003 0.003 0.003
3127 3127 (0) 31 : 0.983 0.003 0.007 0.003 0.004
3128 3128 (0) 31 : 0.977 0.008 0.009 0.002 0.004
3129 3129 (0) 31 : 0.990 0.003 0.003 0.002 0.002
3130 3130 (0) 31 : 0.988 0.002 0.003 0.003 0.003
3131 3131 (0) 31 : 0.982 0.003 0.006 0.004 0.004
3132 3132 (0) 31 : 0.978 0.004 0.009 0.004 0.005
3133 3133 (0) 31 : 0.988 0.003 0.003 0.003 0.003
3134 3134 (0) 31 : 0.983 0.003 0.005 0.004 0.005
3135 3135 (0) 31 : 0.987 0.003 0.004 0.003 0.003
3136 3136 (0) 31 : 0.984 0.003 0.004 0.005 0.004
3137 3137 (0) 31 : 0.980 0.004 0.007 0.005 0.004
3138 3138 (0) 31 : 0.969 0.007 0.012 0.007 0.006
3139 3139 (0) 31 : 0.988 0.002 0.003 0.003 0.003
3140 3140 (0) 31 : 0.986 0.003 0.004 0.003 0.004
3141 3141 (0) 31 : 0.987 0.003 0.004 0.003 0.003
3142 3142 (0) 31 : 0.986 0.004 0.004 0.004 0.003
3143 3143 (0) 31 : 0.987 0.003 0.005 0.003 0.003
3144 3144 (0) 31 : 0.986 0.003 0.005 0.003 0.003
3145 3145 (0) 31 : 0.988 0.002 0.004 0.003 0.003
3146 3146 (0) 31 : 0.989 0.003 0.003 0.003 0.002
3147 3147 (0) 31 : 0.990 0.002 0.003 0.003 0.003
3148 3148 (0) 31 : 0.986 0.003 0.003 0.004 0.004
3149 3149 (0) 31 : 0.988 0.002 0.004 0.003 0.002
3150 3150 (0) 31 : 0.987 0.003 0.005 0.002 0.003
3151 3151 (0) 31 : 0.985 0.003 0.004 0.003 0.004
3152 3152 (0) 31 : 0.981 0.006 0.006 0.004 0.003
3153 3153 (0) 31 : 0.981 0.003 0.006 0.006 0.003
3154 3154 (0) 31 : 0.986 0.003 0.004 0.003 0.003
3155 3155 (0) 31 : 0.983 0.004 0.005 0.004 0.004
3156 3156 (0) 31 : 0.987 0.003 0.004 0.004 0.003
3157 3157 (0) 31 : 0.978 0.003 0.008 0.005 0.005
3158 3158 (0) 31 : 0.989 0.002 0.003 0.003 0.003
3159 3159 (0) 31 : 0.975 0.003 0.007 0.008 0.006
3160 3160 (0) 31 : 0.988 0.002 0.003 0.003 0.003
3161 3161 (0) 31 : 0.977 0.002 0.007 0.005 0.008
3162 3162 (0) 31 : 0.987 0.002 0.004 0.003 0.003
3163 3163 (0) 31 : 0.989 0.002 0.003 0.003 0.003
3164 3164 (0) 31 : 0.988 0.003 0.004 0.003 0.003
3165 3165 (0) 31 : 0.983 0.004 0.006 0.004 0.003
3166 3166 (0) 31 : 0.985 0.004 0.004 0.005 0.003
3167 3167 (0) 31 : 0.978 0.003 0.007 0.008 0.004
3168 3168 (0) 31 : 0.987 0.004 0.003 0.003 0.003
3169 3169 (0) 31 : 0.990 0.003 0.003 0.002 0.002
3170 3170 (0) 31 : 0.990 0.002 0.003 0.003 0.002
3171 3171 (0) 31 : 0.988 0.003 0.004 0.002 0.003
3172 3172 (0) 31 : 0.985 0.003 0.005 0.003 0.004
3173 3173 (0) 31 : 0.990 0.002 0.003 0.002 0.002
3174 3174 (0) 31 : 0.990 0.002 0.003 0.002 0.002
3175 3175 (0) 31 : 0.987 0.003 0.004 0.003 0.003
3176 3176 (0) 31 : 0.987 0.003 0.005 0.003 0.002
3177 3177 (0) 31 : 0.989 0.003 0.003 0.003 0.002
3178 3178 (0) 31 : 0.990 0.002 0.003 0.002 0.002
3179 3179 (0) 31 : 0.990 0.002 0.003 0.002 0.002
3180 3180 (0) 31 : 0.983 0.003 0.006 0.004 0.004
3181 3181 (0) 31 : 0.989 0.003 0.003 0.002 0.003
3182 3182 (0) 31 : 0.980 0.004 0.007 0.003 0.006
3183 3183 (0) 31 : 0.987 0.002 0.005 0.003 0.003
3184 3184 (0) 31 : 0.979 0.003 0.006 0.008 0.003
3185 3185 (0) 31 : 0.985 0.002 0.004 0.004 0.004
3186 3186 (0) 31 : 0.988 0.003 0.004 0.003 0.003
3187 3187 (0) 31 : 0.986 0.003 0.005 0.004 0.003
3188 3188 (0) 31 : 0.988 0.004 0.003 0.003 0.002
3189 3189 (0) 31 : 0.989 0.003 0.003 0.002 0.003
3190 3190 (0) 31 : 0.988 0.003 0.003 0.004 0.002
3191 3191 (0) 31 : 0.980 0.004 0.007 0.005 0.004
3192 3192 (0) 31 : 0.988 0.003 0.004 0.003 0.003
3193 3193 (0) 31 : 0.971 0.004 0.012 0.004 0.009
3194 3194 (0) 31 : 0.988 0.004 0.003 0.002 0.003
3195 3195 (0) 31 : 0.989 0.002 0.004 0.002 0.003
3196 3196 (0) 31 : 0.986 0.004 0.004 0.004 0.004
3197 3197 (0) 31 : 0.986 0.003 0.004 0.003 0.004
3198 3198 (0) 31 : 0.986 0.004 0.004 0.003 0.003
3199 3199 (0) 31 : 0.989 0.003 0.003 0.002 0.003
3200 3200 (0) 31 : 0.989 0.002 0.003 0.003 0.003
3201 3201 (0) 31 : 0.991 0.002 0.003 0.002 0.002
3202 3202 (0) 31 : 0.983 0.004 0.005 0.004 0.004
3203 3203 (0) 31 : 0.982 0.003 0.006 0.005 0.004
3204 3204 (0) 31 : 0.974 0.011 0.004 0.007 0.004
3205 3205 (0) 31 : 0.985 0.005 0.004 0.004 0.003
3206 3206 (0) 31 : 0.987 0.004 0.004 0.002 0.003
3207 3207 (0) 31 : 0.986 0.003 0.004 0.004 0.004
3208 3208 (0) 31 : 0.987 0.003 0.004 0.004 0.003
3209 3209 (0) 31 : 0.986 0.004 0.004 0.004 0.003
3210 3210 (0) 31 : 0.987 0.002 0.004 0.003 0.003
3211 3211 (0) 31 : 0.987 0.003 0.004 0.004 0.003
3212 3212 (0) 31 : 0.980 0.003 0.009 0.004 0.004
3213 3213 (0) 31 : 0.974 0.003 0.011 0.003 0.009
3214 3214 (0) 31 : 0.988 0.003 0.004 0.002 0.002
3215 3215 (0) 31 : 0.973 0.005 0.011 0.003 0.008
3216 3216 (0) 31 : 0.989 0.003 0.003 0.003 0.002
3217 3217 (0) 31 : 0.989 0.003 0.003 0.003 0.002
3218 3218 (0) 31 : 0.977 0.005 0.006 0.008 0.004
3219 3219 (0) 31 : 0.976 0.004 0.009 0.007 0.004
3220 3220 (0) 31 : 0.988 0.002 0.004 0.003 0.003
3221 3221 (0) 31 : 0.987 0.002 0.004 0.003 0.004
3222 3222 (0) 31 : 0.988 0.004 0.003 0.002 0.003
3223 3223 (0) 31 : 0.990 0.002 0.003 0.003 0.002
3224 3224 (0) 31 : 0.986 0.004 0.004 0.003 0.004
3225 3225 (0) 31 : 0.975 0.006 0.010 0.005 0.004
3226 3226 (0) 31 : 0.980 0.003 0.010 0.003 0.004
3227 3227 (0) 31 : 0.981 0.004 0.007 0.005 0.004
3228 3228 (0) 31 : 0.987 0.002 0.004 0.003 0.003
3229 3229 (0) 31 : 0.991 0.002 0.002 0.002 0.002
3230 3230 (0) 31 : 0.985 0.003 0.004 0.005 0.003
3231 3231 (0) 31 : 0.988 0.002 0.004 0.002 0.003
3232 3232 (0) 31 : 0.972 0.005 0.013 0.002 0.008
3233 3233 (0) 31 : 0.988 0.004 0.003 0.003 0.002
3234 3234 (0) 31 : 0.978 0.003 0.005 0.010 0.003
3235 3235 (0) 31 : 0.988 0.003 0.004 0.002 0.003
3236 3236 (0) 31 : 0.985 0.003 0.004 0.005 0.003
3237 3237 (0) 31 : 0.976 0.003 0.011 0.003 0.007
3238 3238 (0) 31 : 0.986 0.003 0.005 0.003 0.004
3239 3239 (0) 31 : 0.986 0.002 0.005 0.003 0.004
3240 3240 (0) 31 : 0.959 0.005 0.010 0.017 0.009
3241 3241 (0) 31 : 0.989 0.003 0.003 0.002 0.002
3242 3242 (0) 31 : 0.986 0.003 0.005 0.004 0.003
3243 3243 (0) 31 : 0.990 0.002 0.003 0.003 0.003
3244 3244 (0) 31 : 0.989 0.003 0.004 0.002 0.003
3245 3245 (0) 31 : 0.987 0.003 0.004 0.003 0.003
3246 3246 (0) 31 : 0.991 0.002 0.002 0.002 0.002
3247 3247 (0) 31 : 0.984 0.003 0.005 0.004 0.004
3248 3248 (0) 31 : 0.984 0.005 0.005 0.002 0.004
3249 3249 (0) 31 : 0.986 0.003 0.003 0.004 0.003
3250 3250 (0) 31 : 0.989 0.003 0.003 0.003 0.002
3251 3251 (0) 31 : 0.983 0.003 0.008 0.003 0.003
3252 3252 (0) 31 : 0.988 0.003 0.003 0.003 0.003
3253 3253 (0) 32 : 0.004 0.003 0.987 0.003 0.004
3254 3254 (0) 32 : 0.010 0.003 0.975 0.007 0.005
3255 3255 (0) 32 : 0.006 0.004 0.976 0.005 0.008
3256 3256 (0) 32 : 0.011 0.004 0.977 0.003 0.005
3257 3257 (0) 32 : 0.006 0.006 0.975 0.004 0.009
3258 3258 (0) 32 : 0.026 0.004 0.944 0.014 0.012
3259 3259 (0) 32 : 0.014 0.004 0.969 0.005 0.007
3260 3260 (0) 32 : 0.004 0.002 0.986 0.004 0.004
3261 3261 (0) 32 : 0.004 0.002 0.986 0.003 0.004
3262 3262 (0) 32 : 0.008 0.002 0.967 0.014 0.009
3263 3263 (0) 32 : 0.006 0.003 0.980 0.005 0.007
3264 3264 (0) 32 : 0.005 0.003 0.985 0.003 0.004
3265 3265 (0) 32 : 0.004 0.003 0.983 0.006 0.005
3266 3266 (0) 32 : 0.013 0.003 0.967 0.009 0.008
3267 3267 (0) 32 : 0.006 0.004 0.980 0.004 0.005
3268 3268 (0) 32 : 0.010 0.003 0.970 0.013 0.005
3269 3269 (0) 32 : 0.127 0.007 0.850 0.005 0.011
3270 3270 (0) 32 : 0.008 0.009 0.969 0.008 0.006
3271 3271 (0) 32 : 0.011 0.006 0.931 0.027 0.024
3272 3272 (0) 32 : 0.014 0.003 0.966 0.003 0.014
3273 3273 (0) 32 : 0.008 0.004 0.968 0.016 0.004
3274 3274 (0) 32 : 0.010 0.010 0.930 0.031 0.018
3275 3275 (5) 32 : 0.007 0.003 0.968 0.014 0.007
3276 3276 (0) 32 : 0.008 0.004 0.981 0.003 0.004
3277 3277 (0) 32 : 0.023 0.006 0.958 0.009 0.004
3278 3278 (0) 32 : 0.006 0.004 0.973 0.004 0.012
3279 3279 (0) 32 : 0.007 0.003 0.950 0.034 0.006
3280 3280 (0) 32 : 0.014 0.005 0.970 0.006 0.005
3281 3281 (0) 32 : 0.004 0.003 0.876 0.112 0.005
3282 3282 (0) 32 : 0.005 0.003 0.985 0.003 0.004
3283 3283 (5) 32 : 0.005 0.003 0.983 0.004 0.005
3284 3284 (0) 32 : 0.028 0.003 0.955 0.008 0.006
3285 3285 (0) 32 : 0.004 0.005 0.972 0.011 0.008
3286 3286 (0) 32 : 0.006 0.003 0.984 0.003 0.005
3287 3287 (0) 32 : 0.005 0.004 0.952 0.033 0.005
3288 3288 (0) 32 : 0.006 0.004 0.975 0.004 0.012
3289 3289 (5) 32 : 0.009 0.005 0.969 0.007 0.010
3290 3290 (5) 32 : 0.019 0.006 0.955 0.014 0.006
3291 3291 (5) 32 : 0.009 0.005 0.973 0.007 0.006
3292 3292 (5) 32 : 0.003 0.006 0.978 0.008 0.005
3293 3293 (0) 33 : 0.006 0.009 0.965 0.004 0.017
3294 3294 (0) 33 : 0.007 0.002 0.984 0.003 0.004
3295 3295 (0) 33 : 0.008 0.003 0.980 0.004 0.005
3296 3296 (0) 33 : 0.007 0.003 0.980 0.006 0.004
3297 3297 (0) 33 : 0.005 0.002 0.983 0.004 0.005
3298 3298 (0) 33 : 0.004 0.003 0.971 0.015 0.007
3299 3299 (0) 33 : 0.052 0.004 0.932 0.006 0.006
3300 3300 (0) 33 : 0.008 0.006 0.976 0.005 0.006
3301 3301 (0) 33 : 0.003 0.003 0.984 0.005 0.005
3302 3302 (0) 33 : 0.030 0.004 0.944 0.017 0.005
3303 3303 (0) 33 : 0.005 0.003 0.977 0.004 0.011
3304 3304 (0) 33 : 0.005 0.003 0.975 0.005 0.011
3305 3305 (0) 33 : 0.007 0.006 0.977 0.004 0.006
3306 3306 (0) 33 : 0.016 0.005 0.970 0.005 0.004
3307 3307 (0) 33 : 0.005 0.004 0.966 0.017 0.008
3308 3308 (0) 33 : 0.005 0.004 0.984 0.003 0.003
3309 3309 (0) 33 : 0.007 0.003 0.974 0.010 0.006
3310 3310 (0) 33 : 0.006 0.004 0.982 0.004 0.005
3311 3311 (0) 33 : 0.011 0.004 0.973 0.004 0.007
3312 3312 (0) 33 : 0.017 0.004 0.968 0.007 0.004
3313 3313 (0) 33 : 0.066 0.004 0.914 0.008 0.007
3314 3314 (0) 33 : 0.004 0.004 0.958 0.025 0.009
3315 3315 (0) 33 : 0.010 0.005 0.962 0.008 0.015
3316 3316 (0) 33 : 0.004 0.009 0.950 0.004 0.032
3317 3317 (0) 33 : 0.007 0.002 0.979 0.008 0.004
3318 3318 (0) 33 : 0.063 0.006 0.917 0.005 0.010
3319 3319 (0) 33 : 0.014 0.004 0.974 0.004 0.005
3320 3320 (0) 33 : 0.012 0.003 0.951 0.030 0.004
3321 3321 (0) 33 : 0.010 0.004 0.942 0.030 0.015
3322 3322 (0) 33 : 0.012 0.005 0.969 0.008 0.006
3323 3323 (0) 33 : 0.037 0.003 0.952 0.003 0.004
3324 3324 (0) 33 : 0.005 0.003 0.975 0.013 0.004
3325 3325 (0) 33 : 0.005 0.004 0.983 0.006 0.003
3326 3326 (0) 33 : 0.014 0.003 0.971 0.004 0.007
3327 3327 (0) 33 : 0.013 0.005 0.964 0.008 0.010
3328 3328 (0) 33 : 0.005 0.003 0.982 0.003 0.006
3329 3329 (0) 33 : 0.022 0.004 0.966 0.003 0.005
3330 3330 (0) 33 : 0.009 0.003 0.983 0.002 0.003
3331 3331 (0) 33 : 0.006 0.003 0.980 0.006 0.006
3332 3332 (0) 33 : 0.004 0.003 0.981 0.004 0.007
3333 3333 (0) 33 : 0.005 0.004 0.979 0.005 0.006
3334 3334 (0) 33 : 0.006 0.003 0.984 0.004 0.004
3335 3335 (0) 33 : 0.016 0.003 0.948 0.029 0.004
3336 3336 (0) 33 : 0.028 0.003 0.959 0.003 0.006
3337 3337 (0) 33 : 0.011 0.006 0.968 0.008 0.007
3338 3338 (0) 33 : 0.006 0.003 0.980 0.005 0.006
3339 3339 (0) 33 : 0.004 0.005 0.939 0.043 0.009
3340 3340 (0) 33 : 0.060 0.003 0.923 0.005 0.010
3341 3341 (0) 33 : 0.012 0.004 0.974 0.007 0.004
3342 3342 (0) 33 : 0.009 0.003 0.976 0.007 0.004
3343 3343 (0) 33 : 0.003 0.005 0.983 0.004 0.004
3344 3344 (0) 33 : 0.009 0.004 0.975 0.004 0.008
3345 3345 (0) 33 : 0.006 0.005 0.975 0.009 0.006
3346 3346 (0) 33 : 0.007 0.005 0.975 0.007 0.006
3347 3347 (0) 33 : 0.003 0.003 0.984 0.003 0.007
3348 3348 (0) 33 : 0.011 0.005 0.967 0.014 0.004
3349 3349 (0) 33 : 0.023 0.004 0.965 0.004 0.004
3350 3350 (0) 33 : 0.019 0.004 0.969 0.004 0.004
3351 3351 (0) 33 : 0.019 0.005 0.962 0.010 0.004
3352 3352 (0) 33 : 0.004 0.008 0.966 0.004 0.018
3353 3353 (0) 33 : 0.006 0.004 0.961 0.019 0.009
3354 3354 (0) 33 : 0.004 0.004 0.983 0.004 0.005
3355 3355 (0) 33 : 0.005 0.007 0.973 0.008 0.008
3356 3356 (0) 33 : 0.029 0.003 0.957 0.003 0.007
3357 3357 (0) 33 : 0.003 0.004 0.917 0.057 0.019
3358 3358 (0) 33 : 0.004 0.004 0.983 0.003 0.006
3359 3359 (0) 33 : 0.005 0.006 0.977 0.005 0.007
3360 3360 (0) 33 : 0.015 0.005 0.963 0.006 0.011
3361 3361 (0) 33 : 0.008 0.007 0.964 0.014 0.007
3362 3362 (0) 33 : 0.006 0.013 0.962 0.009 0.010
3363 3363 (0) 33 : 0.045 0.003 0.941 0.005 0.006
3364 3364 (0) 33 : 0.006 0.005 0.979 0.005 0.005
3365 3365 (0) 33 : 0.011 0.005 0.975 0.004 0.005
3366 3366 (0) 33 : 0.003 0.003 0.985 0.003 0.006
3367 3367 (0) 33 : 0.016 0.006 0.949 0.015 0.015
3368 3368 (0) 33 : 0.010 0.004 0.970 0.006 0.009
3369 3369 (0) 33 : 0.009 0.005 0.951 0.028 0.007
3370 3370 (0) 33 : 0.039 0.031 0.911 0.012 0.006
3371 3371 (0) 33 : 0.007 0.003 0.979 0.007 0.005
3372 3372 (0) 33 : 0.004 0.003 0.981 0.005 0.006
3373 3373 (0) 33 : 0.009 0.003 0.976 0.005 0.008
3374 3374 (0) 33 : 0.011 0.003 0.935 0.041 0.009
3375 3375 (0) 33 : 0.019 0.004 0.966 0.007 0.004
3376 3376 (0) 33 : 0.003 0.009 0.966 0.008 0.014
3377 3377 (0) 33 : 0.008 0.003 0.972 0.013 0.004
3378 3378 (0) 33 : 0.085 0.005 0.897 0.007 0.006
3379 3379 (0) 33 : 0.011 0.004 0.972 0.004 0.009
3380 3380 (0) 33 : 0.004 0.006 0.877 0.107 0.007
3381 3381 (0) 33 : 0.005 0.002 0.963 0.009 0.020
3382 3382 (0) 33 : 0.009 0.004 0.980 0.003 0.003
3383 3383 (0) 33 : 0.024 0.004 0.966 0.004 0.003
3384 3384 (0) 33 : 0.091 0.004 0.888 0.006 0.012
3385 3385 (0) 33 : 0.014 0.008 0.966 0.008 0.005
3386 3386 (0) 33 : 0.020 0.003 0.910 0.007 0.061
3387 3387 (0) 33 : 0.006 0.003 0.980 0.005 0.006
3388 3388 (0) 33 : 0.028 0.002 0.962 0.003 0.005
3389 3389 (0) 33 : 0.006 0.004 0.978 0.005 0.007
3390 3390 (0) 33 : 0.005 0.004 0.981 0.005 0.005
3391 3391 (0) 33 : 0.005 0.005 0.979 0.007 0.004
3392 3392 (0) 33 : 0.007 0.002 0.982 0.003 0.006
3393 3393 (0) 33 : 0.013 0.010 0.966 0.006 0.004
3394 3394 (0) 33 : 0.034 0.005 0.949 0.006 0.005
3395 3395 (0) 33 : 0.004 0.003 0.977 0.009 0.006
3396 3396 (0) 33 : 0.005 0.004 0.973 0.007 0.011
3397 3397 (0) 33 : 0.006 0.003 0.983 0.004 0.004
3398 3398 (0) 33 : 0.005 0.003 0.978 0.004 0.010
3399 3399 (0) 33 : 0.006 0.003 0.975 0.010 0.006
3400 3400 (0) 33 : 0.004 0.005 0.974 0.010 0.008
3401 3401 (0) 33 : 0.004 0.006 0.977 0.007 0.005
3402 3402 (0) 33 : 0.005 0.004 0.972 0.015 0.004
3403 3403 (0) 33 : 0.003 0.004 0.983 0.006 0.004
3404 3404 (0) 33 : 0.011 0.004 0.977 0.005 0.004
3405 3405 (0) 33 : 0.005 0.003 0.976 0.005 0.010
3406 3406 (0) 33 : 0.015 0.004 0.974 0.004 0.003
3407 3407 (0) 33 : 0.006 0.003 0.966 0.015 0.009
3408 3408 (0) 33 : 0.015 0.003 0.975 0.004 0.003
3409 3409 (0) 33 : 0.003 0.004 0.983 0.004 0.006
3410 3410 (0) 33 : 0.004 0.003 0.975 0.013 0.006
3411 3411 (0) 33 : 0.047 0.014 0.914 0.010 0.014
3412 3412 (0) 33 : 0.050 0.003 0.934 0.008 0.005
3413 3413 (0) 33 : 0.008 0.007 0.973 0.006 0.007
3414 3414 (0) 33 : 0.008 0.003 0.872 0.109 0.007
3415 3415 (0) 33 : 0.003 0.003 0.984 0.005 0.005
3416 3416 (0) 33 : 0.012 0.006 0.974 0.004 0.005
3417 3417 (0) 33 : 0.003 0.002 0.981 0.008 0.005
3418 3418 (0) 33 : 0.006 0.005 0.958 0.022 0.010
3419 3419 (0) 33 : 0.015 0.005 0.970 0.004 0.006
3420 3420 (0) 33 : 0.005 0.004 0.981 0.005 0.006
3421 3421 (0) 33 : 0.004 0.003 0.972 0.014 0.007
3422 3422 (0) 33 : 0.005 0.003 0.983 0.004 0.006
3423 3423 (0) 33 : 0.005 0.002 0.984 0.004 0.005
3424 3424 (0) 33 : 0.007 0.003 0.981 0.005 0.004
3425 3425 (0) 33 : 0.014 0.008 0.962 0.005 0.012
3426 3426 (0) 33 : 0.005 0.006 0.974 0.007 0.008
3427 3427 (0) 33 : 0.004 0.004 0.957 0.030 0.005
3428 3428 (0) 33 : 0.010 0.004 0.961 0.017 0.009
3429 3429 (0) 33 : 0.004 0.004 0.971 0.014 0.008
3430 3430 (0) 33 : 0.073 0.007 0.913 0.003 0.004
3431 3431 (0) 33 : 0.006 0.003 0.976 0.005 0.011
3432 3432 (0) 33 : 0.003 0.004 0.977 0.006 0.009
3433 3433 (0) 33 : 0.016 0.002 0.975 0.002 0.004
3434 3434 (0) 33 : 0.005 0.003 0.978 0.009 0.005
3435 3435 (0) 33 : 0.009 0.004 0.979 0.004 0.004
3436 3436 (0) 33 : 0.006 0.004 0.979 0.005 0.006
3437 3437 (0) 33 : 0.047 0.004 0.937 0.008 0.005
3438 3438 (0) 33 : 0.006 0.006 0.974 0.006 0.008
3439 3439 (0) 33 : 0.006 0.003 0.984 0.004 0.004
3440 3440 (0) 33 : 0.042 0.004 0.936 0.008 0.010
3441 3441 (0) 33 : 0.008 0.002 0.976 0.009 0.005
3442 3442 (0) 33 : 0.018 0.004 0.966 0.004 0.009
3443 3443 (0) 33 : 0.006 0.003 0.947 0.025 0.019
3444 3444 (0) 33 : 0.007 0.006 0.966 0.009 0.012
3445 3445 (0) 33 : 0.004 0.002 0.986 0.004 0.004
3446 3446 (0) 33 : 0.006 0.005 0.968 0.012 0.010
3447 3447 (0) 33 : 0.008 0.003 0.976 0.008 0.004
3448 3448 (0) 33 : 0.012 0.003 0.975 0.004 0.007
3449 3449 (0) 33 : 0.004 0.003 0.973 0.010 0.009
3450 3450 (0) 33 : 0.021 0.005 0.965 0.005 0.004
3451 3451 (0) 33 : 0.021 0.004 0.958 0.011 0.005
3452 3452 (0) 33 : 0.019 0.005 0.964 0.005 0.007
3453 3453 (0) 33 : 0.014 0.005 0.965 0.006 0.011
3454 3454 (0) 33 : 0.009 0.014 0.962 0.006 0.010
3455 3455 (0) 33 : 0.005 0.003 0.983 0.004 0.005
3456 3456 (0) 33 : 0.010 0.004 0.975 0.007 0.004
3457 3457 (0) 33 : 0.185 0.005 0.781 0.023 0.005
3458 3458 (0) 33 : 0.003 0.003 0.981 0.005 0.007
3459 3459 (0) 33 : 0.005 0.004 0.967 0.019 0.005
3460 3460 (0) 33 : 0.006 0.003 0.976 0.006 0.008
3461 3461 (0) 33 : 0.004 0.005 0.964 0.003 0.024
3462 3462 (0) 33 : 0.003 0.003 0.968 0.020 0.006
3463 3463 (0) 33 : 0.007 0.004 0.975 0.007 0.007
3464 3464 (0) 33 : 0.035 0.003 0.931 0.025 0.007
3465 3465 (0) 33 : 0.004 0.003 0.966 0.005 0.021
3466 3466 (0) 33 : 0.019 0.004 0.946 0.016 0.016
3467 3467 (0) 33 : 0.012 0.004 0.964 0.009 0.011
3468 3468 (0) 33 : 0.010 0.004 0.958 0.022 0.006
3469 3469 (0) 33 : 0.004 0.005 0.979 0.007 0.005
3470 3470 (0) 33 : 0.005 0.006 0.973 0.012 0.005
3471 3471 (0) 33 : 0.066 0.003 0.920 0.005 0.006
3472 3472 (0) 33 : 0.007 0.005 0.972 0.011 0.005
3473 3473 (0) 33 : 0.007 0.003 0.965 0.019 0.006
3474 3474 (0) 33 : 0.004 0.004 0.949 0.037 0.006
3475 3475 (0) 33 : 0.005 0.004 0.984 0.003 0.004
3476 3476 (0) 33 : 0.003 0.002 0.983 0.004 0.007
3477 3477 (0) 33 : 0.010 0.003 0.976 0.006 0.004
3478 3478 (0) 33 : 0.004 0.003 0.984 0.004 0.005
3479 3479 (0) 33 : 0.019 0.003 0.969 0.005 0.004
3480 3480 (0) 33 : 0.045 0.003 0.942 0.004 0.007
3481 3481 (0) 33 : 0.011 0.003 0.913 0.017 0.055
3482 3482 (0) 33 : 0.008 0.004 0.933 0.049 0.005
3483 3483 (0) 33 : 0.011 0.004 0.968 0.012 0.004
3484 3484 (0) 33 : 0.014 0.003 0.973 0.004 0.006
3485 3485 (0) 33 : 0.005 0.004 0.932 0.056 0.004
3486 3486 (0) 33 : 0.004 0.003 0.984 0.005 0.004
3487 3487 (0) 33 : 0.012 0.004 0.965 0.010 0.009
3488 3488 (0) 33 : 0.003 0.002 0.983 0.005 0.006
3489 3489 (0) 33 : 0.002 0.002 0.984 0.005 0.007
3490 3490 (0) 33 : 0.006 0.002 0.979 0.004 0.009
3491 3491 (0) 33 : 0.021 0.005 0.951 0.013 0.009
3492 3492 (0) 33 : 0.008 0.004 0.966 0.012 0.010
3493 3493 (0) 33 : 0.003 0.003 0.987 0.003 0.004
3494 3494 (0) 33 : 0.006 0.003 0.976 0.012 0.003
3495 3495 (0) 33 : 0.004 0.003 0.983 0.006 0.004
3496 3496 (0) 33 : 0.006 0.004 0.979 0.004 0.007
3497 3497 (0) 33 : 0.010 0.003 0.979 0.004 0.004
3498 3498 (0) 33 : 0.009 0.003 0.978 0.005 0.006
3499 3499 (0) 33 : 0.029 0.004 0.957 0.003 0.007
3500 3500 (0) 33 : 0.004 0.003 0.951 0.029 0.013
3501 3501 (0) 33 : 0.006 0.003 0.983 0.004 0.005
3502 3502 (0) 33 : 0.016 0.003 0.972 0.005 0.004
3503 3503 (0) 33 : 0.006 0.002 0.976 0.012 0.004
3504 3504 (0) 33 : 0.031 0.004 0.950 0.010 0.006
3505 3505 (0) 33 : 0.007 0.004 0.964 0.019 0.006
3506 3506 (0) 33 : 0.008 0.003 0.979 0.005 0.004
3507 3507 (0) 33 : 0.006 0.006 0.978 0.005 0.006
3508 3508 (0) 33 : 0.007 0.006 0.962 0.015 0.010
3509 3509 (0) 33 : 0.007 0.003 0.972 0.006 0.011
3510 3510 (0) 33 : 0.007 0.003 0.979 0.007 0.004
3511 3511 (0) 33 : 0.005 0.005 0.984 0.003 0.004
3512 3512 (0) 33 : 0.022 0.006 0.958 0.008 0.006
3513 3513 (0) 33 : 0.009 0.003 0.975 0.009 0.004
3514 3514 (0) 33 : 0.006 0.003 0.981 0.004 0.006
3515 3515 (0) 33 : 0.011 0.003 0.965 0.017 0.005
3516 3516 (0) 33 : 0.007 0.004 0.978 0.006 0.005
3517 3517 (0) 33 : 0.019 0.004 0.966 0.004 0.007
3518 3518 (0) 33 : 0.004 0.003 0.976 0.012 0.005
3519 3519 (0) 33 : 0.141 0.006 0.844 0.004 0.006
3520 3520 (0) 33 : 0.009 0.003 0.970 0.014 0.003
3521 3521 (0) 33 : 0.007 0.003 0.982 0.005 0.003
3522 3522 (0) 33 : 0.021 0.004 0.951 0.006 0.018
3523 3523 (0) 33 : 0.008 0.006 0.960 0.019 0.007
3524 3524 (0) 33 : 0.010 0.003 0.973 0.007 0.007
3525 3525 (0) 33 : 0.003 0.002 0.985 0.004 0.006
3526 3526 (0) 33 : 0.049 0.003 0.941 0.004 0.004
3527 3527 (0) 33 : 0.005 0.004 0.977 0.009 0.005
3528 3528 (0) 33 : 0.006 0.003 0.985 0.003 0.003
3529 3529 (0) 33 : 0.010 0.003 0.978 0.004 0.006
3530 3530 (0) 33 : 0.009 0.003 0.972 0.004 0.011
3531 3531 (0) 33 : 0.012 0.004 0.971 0.005 0.007
3532 3532 (0) 33 : 0.014 0.003 0.973 0.005 0.005
3533 3533 (0) 33 : 0.005 0.003 0.984 0.003 0.005
3534 3534 (0) 33 : 0.008 0.004 0.971 0.009 0.009
3535 3535 (0) 33 : 0.005 0.002 0.985 0.003 0.004
3536 3536 (0) 33 : 0.005 0.003 0.986 0.003 0.003
3537 3537 (0) 33 : 0.005 0.003 0.980 0.005 0.006
3538 3538 (0) 33 : 0.004 0.004 0.982 0.005 0.006
3539 3539 (0) 33 : 0.005 0.003 0.982 0.003 0.007
3540 3540 (0) 33 : 0.008 0.003 0.979 0.005 0.005
3541 3541 (0) 33 : 0.006 0.003 0.980 0.004 0.007
3542 3542 (0) 33 : 0.017 0.004 0.969 0.006 0.004
3543 3543 (0) 33 : 0.003 0.002 0.985 0.005 0.005
3544 3544 (0) 33 : 0.014 0.002 0.968 0.008 0.007
3545 3545 (0) 33 : 0.007 0.006 0.978 0.006 0.004
3546 3546 (0) 33 : 0.008 0.004 0.974 0.004 0.010
3547 3547 (0) 33 : 0.012 0.004 0.973 0.006 0.006
3548 3548 (0) 33 : 0.023 0.006 0.901 0.028 0.041
3549 3549 (0) 33 : 0.015 0.010 0.957 0.007 0.010
3550 3550 (0) 33 : 0.013 0.005 0.903 0.062 0.016
3551 3551 (0) 33 : 0.097 0.007 0.881 0.009 0.007
3552 3552 (0) 33 : 0.013 0.003 0.973 0.005 0.005
3553 3553 (0) 33 : 0.004 0.002 0.983 0.006 0.005
3554 3554 (0) 33 : 0.012 0.004 0.974 0.003 0.007
3555 3555 (0) 33 : 0.041 0.003 0.945 0.004 0.007
3556 3556 (0) 33 : 0.007 0.002 0.982 0.005 0.004
3557 3557 (0) 33 : 0.010 0.004 0.970 0.009 0.007
3558 3558 (0) 33 : 0.007 0.005 0.980 0.004 0.003
3559 3559 (0) 33 : 0.003 0.018 0.960 0.005 0.014
3560 3560 (0) 33 : 0.003 0.003 0.966 0.020 0.008
3561 3561 (0) 33 : 0.004 0.003 0.986 0.003 0.004
3562 3562 (0) 33 : 0.023 0.003 0.964 0.005 0.005
3563 3563 (0) 33 : 0.010 0.003 0.970 0.005 0.012
3564 3564 (0) 33 : 0.007 0.003 0.977 0.010 0.004
3565 3565 (0) 33 : 0.010 0.009 0.930 0.043 0.008
3566 3566 (0) 33 : 0.004 0.004 0.981 0.003 0.008
3567 3567 (0) 33 : 0.030 0.003 0.949 0.013 0.005
3568 3568 (0) 33 : 0.007 0.003 0.974 0.007 0.008
3569 3569 (0) 33 : 0.010 0.003 0.972 0.004 0.010
3570 3570 (0) 33 : 0.005 0.002 0.982 0.007 0.004
3571 3571 (0) 33 : 0.008 0.003 0.973 0.011 0.005
3572 3572 (0) 33 : 0.003 0.004 0.983 0.004 0.005
3573 3573 (0) 33 : 0.007 0.004 0.973 0.010 0.007
3574 3574 (0) 33 : 0.014 0.005 0.972 0.003 0.006
3575 3575 (0) 33 : 0.005 0.003 0.983 0.004 0.004
3576 3576 (0) 33 : 0.005 0.003 0.970 0.013 0.009
3577 3577 (0) 33 : 0.012 0.004 0.978 0.003 0.003
3578 3578 (0) 33 : 0.008 0.003 0.979 0.004 0.004
3579 3579 (0) 33 : 0.010 0.004 0.962 0.017 0.007
3580 3580 (0) 33 : 0.005 0.004 0.983 0.005 0.004
3581 3581 (0) 33 : 0.005 0.002 0.967 0.020 0.007
3582 3582 (0) 33 : 0.011 0.005 0.959 0.018 0.008
3583 3583 (0) 33 : 0.006 0.004 0.967 0.006 0.017
3584 3584 (0) 33 : 0.006 0.004 0.977 0.006 0.008
3585 3585 (0) 33 : 0.025 0.005 0.962 0.004 0.004
3586 3586 (0) 33 : 0.009 0.006 0.975 0.005 0.006
3587 3587 (0) 33 : 0.004 0.004 0.985 0.003 0.004
3588 3588 (0) 33 : 0.004 0.003 0.983 0.003 0.006
3589 3589 (0) 33 : 0.004 0.003 0.982 0.006 0.005
3590 3590 (0) 33 : 0.012 0.002 0.976 0.004 0.006
3591 3591 (0) 33 : 0.004 0.005 0.980 0.006 0.006
3592 3592 (0) 33 : 0.008 0.003 0.970 0.011 0.008
