Cl147 Cl233 Cl264 Cl274 Cl285 Cl291 Cl308 Cl330 Cl344 Cl366 Cl375 Cl408 Cl507 Cl527 Cl380 Lup02 Lup13 Lup20 Lup21 Lup23 
M1EL5 1 45 45 63 85 65 65 61 61 75 75 641 72 72 72 52 601 56 60 80 80 491 53 62 74 70 94 62 622 671 672 56 60 57 61 -9 -9 41 41 59 63
W26T6 1 69 73 73 79 651 651 57 65 71 71 682 801 64 68 -9 -9 56 56 80 80 491 612 50 58 70 74 461 82 672 751 52 52 61 61 56 601 41 57 63 63
W26XX 1 45 73 71 77 651 691 61 57 631 67 681 76 103 103 52 40 56 60 92 92 53 53 62 62 54 82 661 70 71 79 56 52 61 61 -9 -9 57 57 59 59
M013P 1 73 77 63 75 651 651 61 65 63 79 76 722 72 72 52 72 56 60 76 76 53 57 66 66 94 90 661 581 71 79 56 56 61 61 56 56 41 53 63 63
M1ELA 1 73 73 73 67 691 57 61 61 71 79 601 80 64 64 52 56 48 76 80 76 53 53 66 70 70 90 701 701 672 672 56 56 57 57 56 60 41 57 63 63
M2C73 1 73 77 63 71 691 691 61 57 71 792 801 80 80 80 481 61 60 64 92 88 53 57 50 66 90 86 581 501 671 75 56 60 61 65 56 601 57 37 63 67
W23P4 1 56 65 55 55 691 61 61 61 792 792 72 682 76 76 61 80 72 72 76 84 491 53 62 54 70 82 62 66 79 711 60 48 61 65 56 68 41 57 63 63
W247C 1 45 41 63 63 691 731 61 53 75 63 76 76 1151 1151 52 681 56 56 80 80 57 45 62 58 74 86 66 66 -9 -9 56 56 61 61 56 56 41 41 63 63
W24K1 1 41 52 71 71 811 811 61 53 71 67 681 681 72 123 56 61 60 72 72 72 57 57 54 54 82 86 581 741 79 79 60 60 57 57 56 56 41 41 63 63
W24ME 1 69 69 63 59 731 611 69 69 71 79 72 761 115 115 52 64 56 64 80 76 612 61 62 62 86 701 58 58 671 79 56 56 57 57 64 72 57 57 63 63
W2514 1 45 52 63 55 611 611 65 69 71 71 76 722 76 83 52 52 56 72 80 72 53 53 54 54 86 78 541 541 75 75 56 48 57 57 56 60 41 45 63 63
W26MA 1 65 52 59 81 691 69 61 65 79 79 681 681 68 68 52 57 56 56 80 72 57 57 62 62 74 86 62 70 672 67 56 48 57 53 56 56 57 45 63 63
W26MM 1 45 41 63 73 651 651 61 61 75 75 72 722 103 1231 601 601 60 60 80 88 57 57 58 66 62 741 58 74 671 79 56 561 57 61 56 56 41 41 63 63
W26MU 1 69 73 63 71 65 811 61 61 671 671 682 601 72 76 601 56 56 64 80 84 612 61 62 54 741 66 62 58 711 791 56 56 61 61 64 681 41 53 63 63
W26P0 1 69 73 63 63 691 77 61 61 75 831 722 761 72 72 52 75 56 761 92 72 57 651 66 70 74 78 62 741 79 591 56 56 61 61 56 56 41 57 59 63
W26P3 1 41 48 67 83 651 651 61 61 67 63 76 762 1192 131 40 57 56 64 88 88 61 651 70 54 74 661 661 621 671 79 56 48 65 53 56 641 57 45 63 63
W26T5 1 45 41 79 75 69 49 61 57 75 79 722 722 1191 1191 52 601 56 641 80 76 53 53 62 62 741 741 62 701 75 711 56 56 57 57 56 56 57 57 63 63
W26TE 1 41 41 73 81 691 691 53 69 75 79 722 721 64 64 52 52 60 64 76 76 53 53 62 66 82 58 701 78 672 67 60 60 57 65 56 60 45 45 59 63
W26TF 1 41 81 67 93 651 691 61 57 67 792 801 76 72 72 52 601 60 68 80 76 61 61 58 58 94 98 70 781 711 552 52 48 61 53 56 601 41 41 63 67
W26U8 1 69 69 67 67 65 811 61 61 71 63 641 681 68 68 52 481 56 60 76 72 57 57 66 54 70 70 62 66 79 711 56 60 61 61 64 64 41 57 63 63
W26UJ 1 73 49 101 69 651 651 61 61 71 671 801 681 72 752 40 64 60 72 80 84 57 69 62 50 74 82 661 66 79 75 60 48 61 61 56 601 41 41 63 63
W26UK 1 77 41 71 77 651 45 61 61 631 631 722 84 143 143 52 40 56 56 88 84 61 571 62 66 82 82 701 66 71 79 52 52 61 61 601 601 41 53 59 59
W26UT 1 77 81 81 81 69 49 61 61 63 752 681 721 79 79 52 64 641 641 80 84 491 491 70 78 74 90 62 66 672 672 52 52 61 53 56 56 57 45 63 63
W26XT 1 45 52 67 93 651 731 57 53 67 67 641 80 119 119 64 64 56 56 76 84 61 65 62 74 82 741 701 621 671 75 60 52 61 65 60 60 57 531 63 63
CC06H2 1 77 49 55 83 651 651 61 61 75 75 681 84 68 68 56 61 56 60 76 84 53 45 62 58 70 62 661 66 672 79 56 60 61 61 56 56 57 57 63 63
CC06H4 1 77 49 63 85 691 491 61 65 71 71 76 76 68 1431 601 56 56 60 80 72 53 57 58 70 54 741 581 541 71 75 60 48 57 53 56 601 57 45 63 63
CC06H5 1 45 65 63 71 691 69 65 69 63 752 84 64 72 1112 52 40 56 64 84 84 53 61 62 79 66 781 621 462 671 711 56 60 65 53 -9 -9 41 53 63 63
CC06H6 1 41 60 67 51 65 69 61 61 75 671 681 722 1193 1591 40 72 56 68 76 72 45 69 62 66 82 58 701 66 671 671 56 56 61 65 56 601 41 37 63 63
CC06HE 1 45 73 63 67 65 651 61 69 71 631 681 722 72 1112 52 56 56 601 80 76 57 61 66 54 82 741 581 66 671 552 56 56 65 53 56 72 57 53 63 63
CC06HF 1 73 52 85 81 691 691 61 57 67 67 641 72 1232 139 601 40 60 64 76 72 491 61 66 75 82 86 661 66 711 792 56 56 65 65 56 68 41 611 59 63
CC06HH 1 45 41 63 75 65 69 61 73 71 71 76 722 68 1231 681 71 56 60 84 72 53 37 66 70 70 78 661 581 79 552 48 48 61 53 56 56 57 45 59 59
CC06HJ 1 73 52 63 71 691 571 61 61 63 55 72 762 1111 1111 64 28 56 64 80 80 491 61 62 66 82 82 661 67 792 593 56 56 61 61 56 64 41 57 59 63
CC06HL 1 73 77 85 100 691 69 65 73 71 752 681 722 1431 127 681 71 60 60 76 84 53 57 58 58 82 78 62 70 79 59 56 60 61 65 56 56 57 57 59 63
CC06HP 1 77 60 63 71 731 611 61 53 752 1401 801 84 139 1391 52 52 56 60 80 84 45 571 62 66 70 86 66 621 79 79 60 48 65 53 56 56 41 53 63 63
CC06HT 1 73 41 85 92 731 731 61 57 67 59 72 762 1431 1112 56 65 60 52 80 64 53 57 62 58 82 82 62 621 75 75 56 48 61 53 56 64 41 53 63 63
CC06HU 1 73 48 85 71 691 771 65 53 63 752 722 68 1431 121 56 681 60 60 80 84 53 57 62 58 82 78 62 58 593 59 56 56 61 61 56 601 57 57 59 63
CC06HY 1 73 60 73 1121 651 731 61 61 67 63 76 84 68 68 601 61 56 76 92 84 491 57 62 74 62 58 62 67 75 552 56 56 61 61 601 68 41 57 59 63
CC06J0 1 73 41 75 83 691 691 61 57 67 712 72 722 76 1313 52 601 60 68 76 84 61 69 54 54 62 741 461 66 671 79 60 48 53 53 601 641 53 45 63 63
CC06J1 1 45 41 1001 89 731 771 61 61 79 831 641 682 79 1113 40 441 60 64 80 88 53 612 62 66 62 66 541 54 671 711 56 48 57 61 56 641 45 45 59 63
CC06J2 1 77 41 63 81 65 731 57 65 75 712 76 722 80 1431 72 56 60 64 80 76 57 61 62 66 82 66 70 741 671 711 52 48 61 53 56 60 41 41 59 63
CT.0YCY 1 45 45 63 51 89 89 61 65 71 71 681 722 68 87 52 481 56 56 72 72 53 57 54 54 82 86 701 58 71 75 56 56 57 57 56 56 41 45 63 63
CT.0YEC 1 73 41 81 711 651 652 61 57 71 631 801 76 1391 1031 52 56 56 56 88 88 53 61 66 66 82 82 70 701 75 75 56 52 61 61 601 60 57 45 63 63
CT.0YEF 1 52 52 63 59 65 89 61 69 71 63 681 681 76 76 52 52 56 60 72 72 53 53 58 54 86 78 661 621 751 751 56 56 57 57 56 56 41 41 63 63
CT.0YEU 1 45 52 67 83 651 771 61 65 71 67 681 722 103 76 40 56 56 681 80 80 53 651 62 54 78 781 62 58 75 711 56 56 57 65 56 56 41 57 63 63
CT.0YF2 1 45 41 85 67 53 73 61 61 71 67 681 681 72 123 61 64 56 60 88 88 53 65 62 58 66 66 62 501 671 79 56 60 57 61 -9 -9 41 41 63 63
CT.0YF8 1 73 52 79 77 811 80 61 53 792 792 681 681 87 87 52 52 56 56 88 72 491 571 62 75 66 141 661 58 79 711 60 52 57 57 56 56 41 57 63 63
CT.0YFA 1 52 84 59 83 69 771 65 69 792 833 72 762 68 87 52 40 56 72 72 72 491 53 62 75 78 66 70 58 751 79 56 60 61 61 56 56 57 57 63 63
CT.0YFE 1 73 52 77 55 69 80 61 53 792 1322 72 681 87 87 52 52 56 56 88 72 53 571 62 75 66 141 661 70 79 79 56 60 57 61 56 56 57 57 63 63
CT.0YFP 1 77 52 63 79 77 77 65 65 75 752 72 681 87 87 52 52 56 72 72 72 53 57 62 54 74 66 58 58 79 631 60 60 57 53 56 56 57 53 63 63
CT.0YFU 1 56 52 63 79 69 69 61 61 712 136 72 681 87 87 52 52 56 60 72 72 57 57 54 75 82 141 661 58 79 711 56 56 57 57 56 56 41 57 63 63
CT.0YK7 1 56 56 55 116 651 651 57 65 67 671 76 762 83 83 52 64 60 72 80 72 53 61 54 54 54 86 581 462 751 75 56 60 57 65 56 56 57 45 63 63
CX.10PT 1 69 56 71 71 651 73 61 49 75 67 681 681 72 72 52 56 60 64 80 76 57 61 58 66 86 98 70 66 672 672 56 56 57 57 56 60 41 53 63 63
DAM021 1 89 89 85 85 651 651 61 57 63 831 80 80 1391 155 56 481 60 64 80 80 491 53 62 58 62 66 501 541 833 833 48 48 65 65 56 56 41 57 59 63
DAM034 1 77 52 63 51 691 89 57 69 631 136 681 722 79 79 52 52 56 56 72 72 53 612 62 62 82 66 58 58 672 79 56 52 57 61 56 68 41 53 63 63
DAM07X 1 73 41 71 83 69 771 61 57 75 79 681 722 68 1193 52 40 56 64 80 92 57 45 62 74 741 741 621 67 711 712 56 52 57 61 56 56 57 57 59 59
EF.15J6 1 69 73 81 51 651 69 65 73 71 71 722 762 1112 1312 601 36 56 72 80 88 53 651 58 66 82 701 661 541 79 711 56 48 57 61 56 60 41 45 59 59
HRV010 1 73 48 71 80 65 65 61 65 752 752 681 762 68 1272 601 601 -9 -9 -9 -9 57 57 62 66 90 62 621 621 672 711 56 48 61 61 56 64 41 57 59 63
HRV02J 1 56 41 71 71 65 691 57 73 63 63 84 843 1431 151 601 56 -9 -9 80 80 53 57 62 62 78 66 66 58 79 79 56 56 61 61 56 60 53 45 59 63
HRV078 1 73 73 75 59 65 611 61 57 75 752 801 80 76 76 52 36 60 60 80 84 57 61 62 66 90 62 661 58 75 552 56 56 53 53 56 601 41 41 63 63
HRV0FH 1 45 77 63 43 69 53 61 73 75 71 641 72 155 1351 601 61 56 68 72 72 53 57 66 54 82 82 661 501 75 711 48 48 57 53 56 56 41 41 63 63
HRV0H5 1 73 73 63 84 69 771 61 65 63 164 762 721 76 131 52 481 56 72 80 80 57 45 62 58 86 66 661 701 671 711 56 56 61 53 56 60 37 45 63 63
HRV0JF 1 69 69 79 59 49 531 57 69 79 79 722 762 115 115 441 79 60 64 80 80 53 571 62 66 82 62 62 70 672 672 56 48 61 61 56 56 41 41 63 63
HRV0JJ 1 41 52 77 88 611 69 61 65 63 792 76 84 115 115 481 28 64 72 80 80 53 57 70 78 82 62 661 58 711 552 56 48 57 61 56 64 41 41 63 63
HRV0JM 1 73 56 63 85 65 651 65 69 71 831 76 721 1112 1351 56 36 64 72 80 88 53 65 54 54 70 102 66 541 671 79 52 561 61 53 601 60 41 57 63 63
HRV0K6 1 69 77 67 67 65 651 61 61 71 79 641 681 68 1112 52 64 56 56 76 76 61 61 50 54 70 70 62 66 79 59 56 56 61 65 56 64 41 57 63 63
HRV0K7 1 56 41 67 104 65 73 61 49 71 831 641 722 80 80 56 56 56 60 80 88 57 61 62 66 78 66 661 541 591 591 60 52 61 61 56 60 57 491 63 63
HRV0KP 1 77 65 75 75 651 731 61 61 71 67 80 80 72 752 52 52 56 56 76 76 491 651 62 62 62 66 62 621 -9 -9 56 56 61 65 56 60 45 45 63 63
HRV1AX 1 45 73 63 71 69 69 61 57 671 671 681 80 135 1432 481 441 56 68 76 84 53 53 74 70 62 58 58 541 672 71 56 60 61 65 56 56 57 45 59 63
HRV1C4 1 45 77 71 81 651 651 57 49 833 872 72 721 68 123 681 65 56 56 76 84 53 45 66 54 54 82 701 741 79 552 56 48 57 61 68 68 45 45 63 63
HRV1CH 1 69 52 63 100 49 571 61 61 631 1282 682 681 76 1152 601 56 64 64 72 72 57 691 66 66 86 62 741 621 79 712 56 60 61 61 56 60 41 45 59 63
HRV1FA 1 45 77 67 97 691 73 57 49 71 67 641 641 76 76 601 36 -9 -9 76 76 53 53 66 66 54 82 661 661 671 711 48 48 61 61 56 60 53 45 59 63
HRV1FK 1 69 41 73 55 691 731 61 73 75 75 722 762 64 64 601 56 56 60 76 76 53 53 62 74 86 98 70 701 672 672 60 60 61 53 56 56 41 57 63 63
HRV1H8 1 45 73 81 89 651 731 61 65 79 833 76 76 68 123 56 481 56 56 80 80 53 57 74 54 70 70 501 541 671 672 56 60 61 53 -9 -9 41 45 59 63
HRV1HT 1 41 49 73 71 69 69 61 57 63 831 72 721 64 68 56 441 56 60 76 76 53 57 70 54 74 86 741 621 -9 -9 -9 -9 61 65 56 56 41 45 59 63
HRV1XU 1 73 73 63 71 77 49 57 49 752 833 682 681 72 72 65 73 -9 -9 88 84 61 61 66 54 62 62 661 621 -9 -9 56 60 53 53 56 56 41 53 63 63
HRV4TF 1 45 69 79 59 731 49 65 53 67 59 801 762 72 72 52 64 56 601 76 76 57 61 66 66 90 781 66 621 75 63 60 60 61 61 56 56 41 57 59 63
HRV6F0 1 45 69 79 75 691 731 61 61 75 67 641 722 72 119 601 64 -9 -9 80 80 61 571 66 70 66 661 661 701 -9 -9 56 56 61 53 56 601 41 45 59 59
HRVE6L 1 52 49 77 67 651 49 57 57 752 148 76 80 72 72 601 28 56 60 76 76 57 61 62 66 74 661 58 621 71 71 52 52 57 53 56 601 41 57 63 63
M27HM 1 73 41 81 88 731 49 61 65 67 712 681 64 72 1271 52 52 56 641 76 76 57 571 74 74 90 90 62 78 79 79 52 48 61 61 -9 -9 41 53 63 63
M27HP 1 45 49 67 81 651 69 61 69 71 67 681 681 72 131 52 61 56 60 80 80 53 57 62 66 94 78 62 541 75 711 56 48 57 57 56 56 41 41 59 63
M2AK4 1 41 41 79 75 69 693 61 61 71 67 641 641 1311 1472 56 36 60 64 80 80 491 57 70 54 82 78 701 501 79 552 56 56 65 53 56 601 57 57 59 63
M2ALA 1 56 41 63 71 771 93 61 61 136 144 682 681 76 76 52 64 60 721 92 72 57 45 54 54 82 82 70 621 751 593 56 48 57 53 56 60 41 57 63 63
M2C56 1 77 77 81 104 651 691 65 53 671 671 72 72 131 137 56 602 60 68 80 76 65 65 62 62 74 86 50 50 671 711 56 56 61 61 56 56 41 41 63 63
M2CUX 1 69 77 63 88 49 73 57 65 631 831 681 76 87 88 52 52 56 60 80 76 491 531 66 54 82 66 661 581 671 751 56 56 57 61 56 601 41 41 59 63
M2E24 1 52 49 100 89 651 771 65 49 63 671 681 681 68 76 52 441 56 72 80 88 57 61 66 66 82 82 661 58 79 67 56 56 57 57 56 56 57 57 63 63
M2EA7 1 77 56 63 75 49 771 61 65 79 752 801 722 79 79 52 40 56 64 84 72 491 53 74 58 94 62 62 581 -9 -9 56 56 65 53 56 60 57 45 63 63
M2EH6 1 45 77 71 51 69 85 61 65 75 71 72 722 76 76 52 61 56 72 84 72 57 61 58 82 82 82 701 66 671 75 56 56 57 61 56 56 41 41 63 63
M2EKC 1 73 41 67 59 691 691 65 53 79 119 762 721 64 60 64 75 64 68 80 76 69 571 62 70 78 106 70 50 671 63 48 48 53 53 56 64 41 41 59 63
MSV083 1 45 48 63 81 69 771 61 53 79 59 72 762 712 712 52 56 60 60 76 76 491 57 62 50 90 66 58 621 71 711 60 48 57 61 56 56 53 45 63 63
MSV084 1 45 61 71 69 65 85 61 69 75 59 76 721 76 1112 601 56 56 601 80 84 491 57 62 62 82 66 66 66 79 79 56 60 61 53 56 60 45 45 59 63
MSV0LJ 1 41 41 63 81 65 731 61 69 752 1402 722 721 72 80 601 481 56 56 80 76 53 57 74 70 94 66 661 541 79 79 56 52 61 53 56 56 53 53 63 63
MSV1H5 1 69 60 67 81 61 611 61 57 63 831 641 80 115 1152 40 72 56 60 76 76 57 61 62 62 82 82 70 621 672 711 56 56 61 65 60 64 41 45 63 63
MSV1KM 1 45 41 71 81 651 691 57 57 631 671 801 76 143 1391 40 56 56 56 92 84 53 57 62 66 82 82 70 701 75 711 56 48 61 61 601 60 53 53 63 63
MSV23F 1 73 77 85 71 65 691 61 57 67 63 721 881 72 72 52 601 56 60 80 88 491 61 62 62 54 90 701 621 71 71 -9 -9 61 53 56 601 41 53 59 63
MSV2L8 1 45 45 81 81 731 771 65 69 712 712 681 722 72 64 52 56 56 56 80 80 491 57 62 70 74 62 62 66 79 79 52 52 61 65 56 56 53 53 63 63
MSV2P7 1 69 52 75 67 651 611 61 65 67 79 681 681 1151 1271 52 40 -9 -9 92 72 491 57 66 54 74 74 661 621 71 79 56 56 57 61 56 56 41 57 63 63
MSV2TJ 1 45 56 73 89 651 53 61 61 75 75 682 76 83 1071 56 61 56 56 80 88 61 65 62 66 54 78 58 50 79 75 60 48 57 61 56 56 57 57 59 59
MSV2XM 1 45 45 63 71 65 49 57 49 71 67 681 76 76 79 601 601 60 601 88 88 53 53 66 70 70 62 62 661 79 711 60 48 61 61 60 64 57 53 59 63
MSV327 1 69 52 63 63 811 89 61 61 71 792 681 76 80 80 52 52 56 72 80 76 57 69 62 54 82 78 541 63 -9 -9 56 56 57 57 56 56 41 53 59 67
MSV33L 1 73 49 85 67 691 73 61 61 75 712 681 84 1112 1112 40 56 56 60 76 84 57 61 62 62 66 98 70 66 671 711 60 48 61 65 -9 -9 57 57 63 67
h0015 2 56 65 77 81 691 771 61 69 71 752 76 762 64 103 52 61 56 68 80 72 612 57 70 70 74 78 661 661 671 672 56 48 65 53 56 56 53 53 59 63
h0025 2 45 45 71 81 691 45 61 57 71 67 681 76 64 68 601 36 60 721 80 84 53 571 62 66 82 62 70 701 671 75 56 60 61 53 56 681 57 57 59 63
h0035 2 41 52 75 83 65 49 61 61 752 59 682 762 72 68 601 681 56 56 88 88 491 53 66 70 62 62 581 621 75 591 56 52 57 53 56 56 41 41 63 63
h0045 2 73 77 63 85 691 69 61 57 71 71 722 762 143 1591 52 64 72 72 80 80 491 53 62 70 74 66 661 58 79 552 48 48 57 53 56 64 57 57 63 63
h0055 2 45 73 77 51 651 651 57 69 75 79 641 801 87 88 52 601 56 56 88 72 491 57 62 58 82 86 661 581 672 593 56 60 61 61 56 60 41 57 63 63
h0065 2 45 60 63 59 731 611 61 53 75 63 722 881 752 79 52 481 72 72 80 76 53 53 58 79 82 86 62 70 711 833 56 56 57 53 601 601 41 45 63 63
h0075 2 77 56 79 77 691 731 61 69 71 752 72 84 72 752 56 36 60 721 76 72 53 691 70 54 94 78 62 621 672 79 52 48 65 53 56 56 41 57 63 63
h0085 2 45 56 63 83 691 77 61 57 71 71 682 76 76 1351 52 681 56 56 80 76 53 57 62 54 70 62 661 541 671 672 60 52 61 53 601 64 41 57 63 63
h0095 2 73 52 73 67 651 771 57 69 71 63 72 722 72 87 56 481 56 641 76 72 57 61 74 54 62 106 581 621 711 711 56 56 53 53 56 56 57 45 63 63
h0105 2 77 48 63 71 65 61 61 53 671 671 722 761 752 1071 52 75 56 60 80 76 53 53 66 54 54 82 66 541 67 552 56 48 57 61 56 64 41 53 59 63
h0115 2 45 77 67 116 69 93 57 65 63 792 76 722 72 76 40 72 60 72 88 84 53 651 58 66 82 98 58 621 552 833 56 48 61 61 56 56 41 41 59 63
h0125 2 69 52 71 75 65 65 57 65 75 67 72 762 115 1391 52 64 64 72 88 64 53 57 66 75 74 78 66 58 79 711 60 561 57 61 56 56 45 45 63 63
h0135 2 73 77 79 67 69 53 61 57 63 833 681 722 72 1431 61 64 60 60 80 88 61 61 62 66 82 741 70 70 79 75 56 48 61 65 56 56 53 45 59 63
h0145 2 45 77 71 59 77 45 61 69 63 79 722 84 1112 155 681 441 72 641 76 88 53 53 66 78 70 86 741 58 79 791 56 48 57 61 56 56 57 57 59 63
h0155 2 73 73 75 51 69 80 61 49 71 67 641 722 79 88 52 52 60 72 76 76 53 651 62 54 90 66 58 58 71 67 60 52 57 61 56 601 57 57 63 63
h0165 2 45 45 63 43 65 691 61 57 71 671 80 84 80 1113 52 28 56 64 76 72 491 531 58 66 82 86 701 78 75 59 56 48 57 61 56 60 41 41 63 63
h0175 2 73 61 71 71 651 691 61 53 71 63 76 76 119 1272 601 64 56 60 76 84 53 57 62 54 82 78 62 501 672 75 56 52 61 65 56 56 41 57 59 59
h0185 2 45 45 79 67 691 77 57 65 75 63 641 801 72 76 601 40 56 60 72 72 491 491 62 58 70 82 741 541 591 63 56 48 57 57 56 56 53 45 63 63
h0195 2 69 73 67 59 651 89 61 61 71 71 641 84 76 131 481 64 56 56 92 72 491 61 62 66 54 82 66 50 672 67 56 52 61 61 56 56 41 45 63 63
h0205 2 52 49 79 77 651 69 61 57 71 136 681 681 72 1472 56 61 60 72 80 80 53 57 62 62 86 741 621 67 672 63 56 60 61 53 56 56 57 53 63 63
h0215 2 45 49 71 59 651 73 61 57 75 75 72 681 68 1152 61 57 56 56 80 76 491 57 62 58 86 78 66 58 672 79 56 48 57 61 56 56 41 45 63 63
h0225 2 69 77 81 93 49 73 61 57 63 79 641 722 72 1231 52 481 56 60 80 84 53 61 66 66 70 58 661 66 79 712 56 56 61 61 56 64 41 57 59 63
h0235 2 69 60 71 67 611 611 65 73 75 67 80 762 76 83 601 481 56 60 76 88 61 651 66 66 54 62 66 462 75 792 52 48 65 65 56 64 57 53 63 63
h0245 2 77 52 71 101 65 691 61 49 75 136 681 76 72 76 52 56 56 601 76 72 53 53 66 54 86 66 661 50 672 79 60 60 61 53 601 601 41 41 59 63
h0255 2 52 48 63 55 651 691 61 65 71 63 76 80 76 1272 57 73 56 681 80 88 57 61 62 54 74 74 701 462 79 63 60 48 57 61 56 64 41 41 59 63
h0265 2 77 81 85 67 651 811 57 73 79 752 72 722 72 1351 52 481 60 72 80 80 53 53 66 66 82 82 661 621 711 712 56 60 57 65 601 64 41 41 63 63
h0275 2 77 52 63 88 691 771 73 49 75 752 681 84 80 123 52 52 56 64 76 72 57 61 62 70 94 78 70 66 79 711 60 60 61 53 56 56 41 41 63 63
h0285 2 45 41 71 75 651 651 61 69 63 63 72 682 72 1431 52 56 56 60 80 72 53 61 62 75 74 82 66 621 672 71 60 48 61 61 56 56 41 45 63 63
h0295 2 52 48 63 71 69 571 61 49 67 79 801 722 79 1152 601 61 56 68 80 84 491 651 62 66 90 781 581 621 79 711 56 60 61 61 56 56 41 41 63 63
h0305 2 69 52 71 75 651 69 69 73 67 63 80 84 68 155 72 64 60 641 76 88 491 61 62 66 70 94 701 621 671 75 56 56 57 65 56 60 53 45 59 63
h0315 2 77 52 79 81 65 69 69 69 75 752 76 722 72 143 52 64 56 56 88 72 61 61 66 66 86 86 70 581 672 552 56 48 57 53 56 601 41 53 63 63
h0325 2 45 52 75 100 651 651 61 57 67 67 681 76 123 1191 56 56 56 64 80 80 571 65 66 70 66 66 62 581 672 552 60 52 57 53 56 56 41 41 63 63
h0335 2 73 41 63 81 651 73 61 57 712 136 681 762 64 131 52 65 56 56 80 84 491 491 62 62 94 82 541 74 79 67 56 56 57 61 56 56 57 45 63 63
h0345 2 73 77 71 97 65 691 61 61 71 631 681 681 64 87 52 65 56 60 92 76 491 57 62 78 78 62 581 58 672 71 56 52 65 53 56 56 45 45 59 63
h0355 2 69 77 73 67 69 49 65 53 71 712 72 76 72 1391 52 40 56 56 76 72 53 53 62 66 82 90 661 66 671 75 60 60 61 61 56 68 41 57 59 67
h0365 2 45 73 67 55 69 49 61 57 75 71 76 80 72 72 52 56 56 721 76 88 57 571 62 66 70 86 701 541 672 79 60 48 61 53 56 68 41 41 63 63
h0375 2 45 65 63 83 61 73 61 53 67 67 801 76 1431 87 601 481 60 601 80 72 57 57 62 58 70 82 621 50 71 79 60 60 57 61 56 64 41 57 59 63
h0385 2 69 73 63 85 65 811 61 69 71 79 722 722 1151 79 52 52 56 72 80 80 57 57 66 54 78 781 661 661 79 79 56 48 61 53 56 56 57 53 63 67
h0395 2 73 73 75 88 65 611 61 73 75 71 682 681 76 83 72 681 56 68 80 84 57 61 66 70 741 661 701 58 671 71 56 56 61 61 56 56 41 531 59 59
h0405 2 41 41 85 67 651 771 61 53 752 752 722 80 1111 1391 52 52 56 72 88 72 53 61 58 66 70 82 82 541 672 71 56 60 61 61 56 56 41 53 63 63
h0415 2 69 41 63 71 651 771 61 57 55 833 722 721 752 1112 52 56 56 56 76 84 53 61 62 58 82 86 70 58 79 75 56 56 61 65 56 64 41 53 59 63
h0425 2 73 49 63 83 49 73 61 57 71 63 72 681 64 76 52 64 60 64 80 76 53 57 62 62 70 741 701 58 75 711 56 52 65 53 56 56 57 45 63 63
h0435 2 45 41 67 55 611 771 61 61 75 79 762 721 68 1112 52 481 56 76 80 76 491 61 70 54 82 62 62 58 671 79 56 48 61 53 56 56 53 45 63 63
h0445 2 45 52 71 75 611 73 61 57 75 75 801 762 72 68 40 56 60 72 80 88 53 45 62 66 66 781 62 541 672 712 56 52 65 53 56 601 41 57 59 63
h0455 2 69 73 77 81 651 691 61 53 831 712 641 72 68 87 52 56 56 56 76 72 53 53 62 58 82 78 58 621 79 711 56 60 61 61 56 68 57 57 59 63
h0465 2 41 52 75 67 651 611 65 53 71 63 72 84 72 64 52 52 56 60 84 72 53 571 62 62 74 54 661 66 672 791 56 48 57 61 56 64 41 57 59 59
h0475 2 77 60 71 55 65 651 61 57 631 79 682 801 72 79 56 71 56 56 80 88 53 612 62 58 86 62 62 58 79 711 56 48 57 65 56 56 57 53 63 63
h0485 2 41 41 73 81 651 53 61 53 67 79 72 681 68 1193 52 79 56 60 80 84 651 65 74 54 701 741 581 66 79 59 56 56 61 53 56 56 57 45 63 63
h0495 2 77 49 75 1121 691 77 61 69 71 792 682 84 131 135 40 56 56 60 88 72 57 571 62 66 82 78 661 741 671 791 56 60 65 53 56 601 57 53 63 63
h0505 2 45 73 85 81 69 771 61 61 67 59 641 681 72 79 52 441 56 601 80 88 53 61 62 70 82 66 661 58 672 67 56 56 53 53 56 60 57 45 63 63
h0515 2 45 73 63 101 69 491 57 53 831 712 682 76 64 76 56 64 56 72 80 84 53 45 66 54 94 90 70 67 671 79 56 60 61 61 56 601 41 37 63 63
h0525 2 73 77 73 89 691 691 65 53 75 752 72 72 76 119 56 36 56 60 92 88 53 57 62 62 62 781 621 78 79 59 56 60 57 65 56 56 41 57 63 63
h0535 2 52 89 67 51 651 691 61 65 75 1401 72 722 72 87 52 36 56 56 84 84 57 45 74 74 78 66 66 67 75 711 56 60 57 61 56 601 41 57 63 63
h0545 2 69 73 63 79 731 571 61 65 63 792 681 76 76 1472 52 601 56 60 80 76 53 53 54 79 70 82 62 58 671 75 56 48 57 61 56 56 41 57 59 63
h0555 2 45 81 67 59 691 691 65 69 75 752 72 682 72 1432 52 56 60 60 80 72 491 57 58 75 82 78 62 82 71 79 56 56 61 61 56 56 41 45 63 63
h0565 2 45 45 73 75 691 691 61 57 75 63 72 801 79 1311 56 73 56 60 80 72 57 61 66 66 86 141 62 661 711 792 60 48 53 53 601 64 41 491 63 63
h0575 2 45 89 63 73 65 77 61 57 75 144 641 682 68 1391 52 601 60 60 80 72 45 61 62 66 82 66 66 66 671 672 56 56 57 61 56 601 41 57 63 63
h0585 2 45 52 63 85 65 811 61 69 671 671 80 762 1112 87 52 52 56 60 80 80 53 57 54 54 74 74 501 66 671 79 56 60 57 61 56 68 41 45 59 63
h0595 2 45 77 63 71 651 771 61 53 75 63 641 682 83 79 52 56 60 64 80 76 57 651 62 54 82 82 501 58 79 591 56 56 57 61 56 64 41 45 59 63
h0605 2 69 49 71 67 69 49 61 65 75 71 72 801 64 1431 601 57 56 60 80 80 61 571 74 54 74 66 541 621 79 79 60 52 61 61 56 56 53 53 63 63
h0615 2 45 60 75 67 651 73 61 61 631 67 641 76 80 712 52 52 56 60 80 76 491 53 50 66 82 82 661 541 71 712 56 52 61 65 56 56 41 41 59 63
h0625 2 45 45 71 67 651 69 61 53 792 671 76 80 68 115 52 601 56 64 80 76 57 57 54 75 94 86 541 67 79 591 56 48 57 61 56 56 41 57 63 63
h0635 2 77 77 71 81 69 771 61 65 75 67 681 681 87 1071 601 601 64 72 80 76 53 69 62 66 82 82 66 66 711 552 56 48 57 53 56 56 41 53 63 63
h0645 2 56 48 67 88 691 77 61 65 79 752 641 722 72 1191 52 64 64 72 76 76 57 65 54 78 82 86 661 661 751 631 56 56 57 53 56 56 57 57 59 63
h0655 2 73 77 73 67 651 49 57 65 63 671 601 80 76 119 61 64 56 56 84 84 57 651 50 70 90 86 581 58 79 711 56 48 61 61 56 56 41 41 59 63
h0665 2 73 73 63 63 651 651 61 69 71 63 681 722 68 76 52 601 64 601 80 84 53 57 62 62 701 62 70 621 71 711 56 56 61 65 56 56 57 53 63 63
h0675 2 77 49 75 81 691 691 61 61 75 55 72 721 72 115 56 481 60 64 72 72 491 65 62 66 74 58 62 461 672 79 56 52 57 61 60 68 41 57 63 67
h0685 2 45 52 63 63 651 69 57 73 79 831 682 80 72 1472 52 481 64 601 76 76 53 61 66 66 82 86 581 66 75 591 56 48 61 61 60 68 41 57 59 63
h0695 2 73 49 63 81 651 691 61 61 71 63 641 80 76 60 481 65 60 641 92 76 53 53 62 58 78 66 70 66 672 75 56 52 57 61 56 64 41 45 59 63
h0705 2 73 56 73 71 731 89 61 65 63 712 681 68 72 1351 52 56 56 56 80 84 53 53 62 58 661 106 70 58 671 672 56 56 57 61 56 56 57 53 59 59
h0715 2 56 52 75 67 651 811 57 57 75 75 681 68 76 76 52 40 60 72 80 76 53 612 66 66 94 82 66 58 75 711 56 56 61 61 56 641 45 45 59 63
h0725 2 52 89 71 67 651 611 61 61 71 79 681 762 83 1313 56 64 56 56 80 76 57 61 62 66 62 66 62 62 79 79 56 56 61 65 56 56 41 41 59 63
h0735 2 45 52 71 81 65 491 61 61 631 67 72 761 76 1391 481 75 56 56 80 80 491 61 58 70 74 66 62 66 67 593 60 48 61 61 56 56 41 53 59 63
h0745 2 45 73 63 1001 691 811 65 49 79 792 72 722 76 76 61 61 60 60 72 72 61 65 62 58 62 66 70 741 711 792 56 60 65 53 56 56 41 45 63 63
h0755 2 41 52 116 104 731 811 61 73 63 712 641 881 72 115 40 441 56 60 80 92 53 53 66 54 86 78 70 66 671 552 60 52 57 61 56 601 41 53 59 63
h0765 2 45 69 79 71 65 651 61 57 75 631 682 762 72 68 52 61 60 64 80 80 53 61 58 70 74 86 66 621 672 79 56 48 57 61 56 56 57 45 59 63
h0775 2 45 45 63 73 65 69 61 61 63 59 72 681 1112 88 52 56 60 76 80 80 491 57 58 54 94 82 70 66 751 711 52 52 61 53 56 56 41 45 63 63
h0785 2 69 60 63 71 69 49 73 49 75 71 682 64 131 139 52 79 56 64 80 72 53 61 62 66 78 781 62 58 671 711 60 60 65 65 56 56 41 57 59 59
h0795 2 73 49 63 71 691 691 61 49 71 67 681 80 1431 1272 52 601 56 60 92 76 612 57 66 66 82 62 701 66 671 711 56 60 61 53 56 601 41 611 59 63
h0805 2 52 48 85 51 651 49 57 57 71 671 682 681 68 76 52 681 56 60 88 72 53 57 66 70 62 66 661 701 79 75 48 48 61 53 68 64 57 57 63 63
h0815 2 69 49 79 79 651 731 65 53 67 712 72 722 131 1271 52 601 60 72 80 76 57 61 62 70 70 86 541 621 71 79 56 48 57 61 56 601 41 57 59 63
h0825 2 45 69 63 93 691 731 57 57 71 631 762 84 72 76 40 71 56 56 80 72 53 57 66 54 70 82 661 66 71 711 60 48 61 53 56 72 41 45 63 63
h0835 2 77 52 63 83 691 69 57 65 75 631 80 762 64 1431 56 681 56 64 92 72 53 69 62 54 62 66 62 581 75 711 56 56 61 65 56 56 41 57 63 63
h0845 2 73 73 81 81 811 811 61 53 71 63 682 681 83 712 601 56 56 56 76 72 53 69 62 62 78 62 661 661 672 79 56 56 61 53 60 68 41 41 59 63
h0855 2 69 73 71 67 651 49 61 69 67 712 681 76 87 1271 52 601 56 56 92 84 53 57 66 54 70 78 62 58 671 711 56 60 57 61 56 601 53 45 63 63
h0865 2 52 84 79 67 65 731 61 53 71 752 801 681 64 115 52 40 56 601 80 84 491 53 62 62 70 74 66 462 75 711 56 56 57 65 56 64 41 57 59 63
h0875 2 73 56 63 79 69 49 61 61 75 831 682 681 123 79 40 64 60 64 80 76 57 61 62 66 58 98 50 50 751 792 56 60 57 61 56 64 41 41 59 63
h0885 2 45 77 59 81 691 53 61 61 671 831 76 762 76 79 52 36 56 72 84 72 61 571 66 54 90 98 70 621 79 79 60 52 57 57 56 56 41 57 63 63
h0895 2 69 77 71 67 691 611 61 61 67 67 681 681 1231 137 52 40 60 68 80 84 57 57 58 54 78 66 501 66 79 79 48 48 57 53 56 60 53 45 59 63
h0905 2 45 41 55 81 731 69 65 53 671 59 84 64 72 1431 52 64 56 56 80 76 53 57 66 66 94 82 661 66 79 63 60 52 61 61 56 56 57 45 59 63
h0915 2 73 73 63 67 691 731 65 73 71 631 641 801 76 115 52 56 60 68 80 80 57 61 74 50 82 106 58 621 71 711 56 56 61 53 56 56 41 45 63 63
h0925 2 45 52 73 75 651 651 61 57 67 79 72 76 68 1112 52 72 56 56 80 84 53 57 62 66 82 86 58 621 79 79 56 56 57 65 56 56 41 41 63 63
h0935 2 77 48 71 711 69 69 61 57 752 833 641 722 72 68 601 64 64 68 72 72 57 45 66 66 94 781 661 741 671 671 60 48 57 65 56 60 57 45 63 63
h0945 2 73 41 67 51 651 731 57 65 67 79 72 84 123 1431 56 28 56 56 80 76 491 612 62 66 78 66 62 70 79 79 56 60 61 61 56 60 41 53 63 63
h0955 2 45 45 55 81 651 73 61 65 71 671 681 681 72 1152 72 64 56 60 76 72 53 651 66 54 90 62 62 741 71 79 56 48 61 65 56 60 41 45 63 63
h0965 2 45 73 63 55 69 49 61 61 67 67 76 722 80 76 52 57 60 64 80 84 491 57 74 70 62 66 62 541 71 711 56 52 61 65 56 56 57 45 63 63
h0975 2 73 52 63 67 69 77 65 65 75 75 681 762 76 76 52 61 56 76 80 72 57 61 62 54 90 62 66 66 671 593 56 48 57 61 56 68 41 57 63 63
h0985 2 41 52 63 63 651 69 61 53 75 59 681 681 68 68 40 28 60 60 76 88 53 571 62 62 74 90 661 541 672 833 56 48 61 65 56 601 41 45 63 63
h0995 2 45 45 71 55 49 49 61 61 67 79 76 84 64 68 52 56 56 64 88 72 57 57 62 66 82 741 461 58 79 79 56 56 57 61 56 56 41 611 59 63
h1005 2 56 52 73 59 691 69 61 61 67 63 72 681 115 1031 52 52 56 56 80 72 491 491 62 78 62 781 62 621 711 552 56 48 57 53 56 72 41 41 59 63
h101 2 73 77 71 69 691 611 61 61 79 792 681 76 143 87 56 64 56 56 92 76 61 571 62 62 74 86 62 67 79 59 56 56 57 61 56 601 41 45 63 63
h102 2 45 73 77 67 651 651 61 65 671 712 722 721 1391 1311 481 681 56 64 80 88 57 61 62 54 82 58 62 58 79 79 56 56 61 65 56 64 41 41 63 63
h103 2 69 69 71 83 691 45 61 57 71 752 682 681 68 1311 52 681 56 68 80 76 57 691 62 58 82 741 581 58 671 75 56 56 61 61 601 64 41 491 63 63
h104 2 45 41 71 89 691 571 61 69 63 792 681 76 72 143 52 28 60 68 80 80 53 45 62 74 70 82 501 741 79 711 56 52 57 61 56 68 57 45 63 63
h105 2 77 41 63 85 651 691 61 61 752 833 681 76 1152 1271 52 40 56 60 80 80 57 61 62 62 62 62 701 741 671 79 56 60 61 61 56 601 41 53 63 63
h106 2 77 41 73 81 65 811 61 53 75 712 72 681 72 123 56 64 56 72 88 88 53 57 62 54 70 74 70 701 71 75 56 48 61 65 56 64 53 611 63 63
h107 2 45 69 75 83 651 73 61 73 67 872 721 84 72 131 52 601 64 72 80 76 61 61 62 54 82 66 70 501 79 63 52 561 57 53 56 56 41 53 63 63
h108 2 41 41 63 85 651 89 61 65 71 144 641 681 64 76 52 75 56 60 92 72 61 65 74 54 94 62 661 581 711 711 56 48 61 61 56 601 41 57 63 63
h109 2 77 77 63 67 811 85 61 61 63 79 722 761 80 87 56 64 56 56 80 84 53 45 54 54 78 66 501 741 671 751 56 56 57 61 56 56 41 45 63 63
h110 2 69 77 63 71 731 771 61 61 63 63 72 76 1431 87 56 65 56 60 84 72 53 57 66 70 701 78 62 70 711 552 56 48 65 65 56 56 45 45 63 63
h111 2 52 49 81 81 651 771 61 53 71 752 681 76 72 87 52 481 60 72 76 72 612 651 58 66 78 78 62 58 79 711 56 60 57 61 56 60 41 491 63 63
h112 2 73 56 63 55 651 49 57 69 752 55 681 76 68 1191 52 40 56 56 80 80 57 61 62 70 94 82 70 621 671 593 60 48 61 53 56 64 41 57 63 63
h113 2 73 41 79 71 651 651 49 49 75 79 641 722 68 76 601 441 60 641 80 80 61 61 62 58 82 66 701 621 672 79 56 56 57 53 56 56 41 57 63 63
h114 2 45 41 71 83 651 691 57 65 75 79 681 76 1151 79 481 681 56 56 80 72 53 69 62 62 82 66 661 661 671 79 56 56 61 61 56 601 41 45 63 63
h115 2 69 73 63 55 691 69 61 53 63 59 681 721 68 115 52 52 56 72 76 88 57 57 62 58 82 82 661 621 79 79 60 52 57 53 56 64 41 53 63 63
h116 2 45 69 63 104 691 691 61 61 71 79 722 64 1151 135 56 481 56 60 92 76 53 57 62 58 66 66 62 58 75 711 56 48 61 61 56 56 41 57 59 59
h117 2 73 41 77 84 691 49 57 65 752 59 762 84 76 76 52 56 60 601 80 88 53 571 62 66 82 62 58 58 711 591 56 60 57 61 56 56 57 45 63 63
h118 2 69 77 71 97 65 651 61 53 671 59 801 801 1431 1431 40 64 60 72 80 72 53 61 66 54 82 86 66 541 672 751 60 60 57 65 56 56 57 57 59 67
h119 2 69 49 75 75 69 69 61 61 67 79 76 722 1151 1191 52 52 56 76 80 88 53 61 74 54 66 102 701 54 672 59 56 56 57 53 56 60 41 57 63 63
h120 2 45 69 85 77 65 69 61 61 67 59 72 76 76 83 601 601 56 64 88 72 53 53 62 58 74 82 581 621 751 71 56 60 61 53 56 68 41 53 63 63
h121 2 45 73 63 75 691 73 61 61 71 792 641 722 72 1472 28 36 56 56 76 72 53 57 58 66 86 78 66 58 671 79 60 48 61 53 56 601 41 45 59 59
h122 2 73 77 73 55 651 80 65 53 75 671 76 76 72 76 52 52 60 64 80 76 491 571 66 70 82 141 661 66 751 79 60 60 61 53 56 56 41 45 63 63
h123 2 69 69 85 67 651 73 61 73 67 671 641 76 72 80 52 56 60 601 72 72 61 571 62 66 70 62 581 621 671 79 56 52 61 65 56 56 41 57 63 67
h124 2 69 73 63 93 691 731 57 69 71 631 641 722 72 1271 52 601 60 64 80 72 651 691 66 75 701 62 661 621 75 67 56 56 61 61 56 56 53 45 63 63
h125 2 73 41 55 59 651 651 61 61 63 63 76 762 72 76 56 61 56 64 80 76 45 691 62 54 70 86 581 501 671 75 52 48 57 53 56 601 41 45 59 63
h126 2 45 77 63 85 65 651 61 69 67 63 76 80 1231 1192 601 57 56 60 76 72 491 53 62 50 74 66 70 581 671 79 56 56 61 61 56 601 37 45 59 63
h127 2 77 56 75 55 691 53 57 69 79 831 72 76 76 1071 61 36 56 60 80 76 491 53 62 66 82 58 70 581 79 63 56 52 57 61 56 64 57 57 63 63
h128 2 45 73 63 55 691 731 65 65 67 712 72 681 76 87 601 75 64 72 80 80 53 57 62 66 70 86 58 541 671 672 56 48 57 65 56 60 41 45 59 63
h129 2 73 77 73 59 651 691 61 57 67 671 801 843 72 131 52 36 56 601 80 84 53 61 58 54 82 82 661 541 71 79 56 48 53 53 56 56 41 53 63 63
h130 2 77 52 79 75 691 693 61 53 71 671 641 72 115 143 40 56 60 60 80 76 53 53 62 66 74 741 62 661 71 75 56 60 57 57 56 56 53 45 63 63
h131 2 69 77 67 83 65 651 61 53 67 63 76 76 72 64 52 56 56 60 92 84 57 61 66 66 82 661 701 50 71 75 56 52 61 53 56 56 41 57 63 63
h132 2 69 73 73 67 65 69 61 57 75 67 80 762 76 76 601 40 56 56 80 84 53 57 58 70 70 82 62 50 79 79 56 48 61 61 56 68 41 57 59 63
h133 2 69 73 79 71 49 73 61 61 792 831 641 72 72 76 52 601 56 64 80 72 53 57 66 54 62 741 62 501 79 67 56 56 57 65 56 64 41 45 63 63
h134 2 45 41 67 59 651 77 65 65 671 148 76 722 72 64 52 52 56 56 80 92 53 57 66 66 82 66 62 741 671 75 56 60 65 53 56 56 41 57 63 63
h135 2 73 56 71 55 691 80 57 57 63 872 72 801 72 76 52 65 56 721 80 76 53 61 62 66 82 78 621 67 79 75 56 56 61 53 56 60 57 57 59 63
h136 2 45 41 63 81 691 80 57 65 71 79 801 681 80 83 52 56 56 60 80 80 491 53 66 70 90 62 62 58 671 672 56 56 57 53 56 56 57 57 63 63
h137 2 73 84 83 83 651 811 61 73 75 75 641 80 1431 139 52 73 56 56 80 88 53 612 58 54 78 66 661 621 79 75 56 60 61 65 56 56 41 41 59 63
h138 2 52 81 79 75 651 49 61 69 63 59 682 76 1112 1432 52 52 64 601 76 88 61 65 62 58 82 66 62 621 672 672 56 56 57 57 56 681 41 57 59 63
h139 2 73 73 63 59 49 49 61 57 79 79 722 84 79 1271 61 681 56 56 80 88 612 61 62 66 70 54 62 66 79 75 56 56 57 65 601 60 41 41 59 63
h140 2 41 52 59 101 651 691 61 57 79 752 72 76 68 68 52 40 64 64 76 84 53 57 62 74 70 54 70 74 79 79 56 60 61 65 56 60 57 45 63 63
h141 2 56 52 59 51 651 691 65 53 75 752 762 84 72 76 52 601 56 76 80 84 53 53 66 54 66 661 661 541 671 79 56 60 61 61 601 60 41 45 63 63
h142 2 56 48 67 81 69 77 61 61 71 144 681 76 76 76 52 79 56 48 76 88 53 53 62 58 62 741 66 621 79 79 56 60 57 61 56 68 41 57 63 63
h143 2 45 41 79 88 691 691 61 61 79 792 681 84 72 115 61 64 60 68 76 84 491 61 62 78 82 98 70 67 79 79 56 52 57 57 60 60 57 57 63 63
h144 2 77 52 85 71 65 651 61 61 79 792 72 721 76 1112 52 28 56 601 88 88 53 57 58 75 70 90 701 701 672 79 56 48 61 61 56 56 41 45 63 63
h145 2 77 56 85 100 651 651 61 61 75 79 761 762 1112 712 52 52 56 64 80 84 53 61 62 66 82 78 58 74 671 79 56 52 61 65 56 60 41 57 63 63
h146 2 69 77 71 89 69 771 65 65 71 71 682 682 72 87 52 71 56 761 80 76 57 45 62 58 94 82 661 66 751 75 56 56 57 61 60 641 41 41 63 63
h147 2 77 52 75 104 651 691 61 57 75 792 681 84 752 1272 52 65 56 60 88 72 53 53 70 54 86 701 62 66 711 552 56 48 61 61 56 601 41 57 59 59
h148 2 73 60 73 81 651 651 61 57 75 79 681 762 72 68 52 64 60 761 80 76 53 57 66 70 54 781 62 661 79 591 56 48 61 53 56 72 41 57 59 63
h149 2 45 73 77 88 65 651 57 65 67 712 641 641 72 79 52 57 641 68 84 72 57 61 62 50 90 86 661 501 671 79 56 56 57 61 56 60 41 57 59 59
h150 2 73 48 63 89 651 69 61 57 75 71 72 72 72 103 601 40 56 56 76 76 57 571 54 54 54 82 62 621 71 552 56 52 61 61 601 64 57 37 63 63
h151 2 45 41 63 81 77 89 61 57 63 712 641 722 72 68 80 441 60 60 76 72 57 691 62 66 78 66 661 66 671 792 56 56 53 53 56 601 57 53 63 63
h152 2 45 69 59 81 691 89 61 61 792 136 722 762 103 76 52 52 56 72 80 92 53 53 62 54 70 70 581 621 671 79 56 48 65 65 56 56 41 41 63 63
h153 2 45 49 71 75 611 73 61 53 75 71 681 681 76 1191 681 64 60 60 92 76 53 57 62 66 82 741 62 621 671 67 56 48 53 53 601 68 45 45 63 63
h154 2 45 52 63 63 651 49 61 57 75 71 761 762 68 68 52 64 60 681 80 92 571 65 54 75 74 86 661 66 711 591 56 52 57 61 56 56 45 45 63 63
h155 2 77 77 79 75 65 69 61 61 63 792 681 681 68 1112 52 64 56 60 80 84 57 61 66 66 78 98 701 621 79 67 56 56 61 61 601 72 57 45 63 63
h156 2 45 45 85 81 69 53 61 69 63 831 72 76 72 64 52 441 60 72 76 72 53 57 62 66 90 98 62 661 672 71 56 56 57 53 60 68 57 53 63 63
h157 2 69 56 71 89 651 651 61 65 75 71 762 84 72 1031 52 441 60 72 92 84 45 651 62 62 62 141 501 58 751 71 56 48 61 65 56 601 41 57 63 63
h158 2 69 69 85 55 731 69 61 53 63 79 76 76 72 115 56 56 56 60 76 76 61 61 62 66 82 90 541 541 79 593 56 56 61 61 56 60 41 45 63 63
h159 2 69 41 77 67 77 53 61 61 75 831 76 84 115 139 56 65 72 68 76 88 61 571 62 62 62 62 58 621 79 711 60 52 57 53 56 56 41 57 59 63
h160 2 73 52 73 93 651 811 57 57 71 59 76 80 68 1311 52 56 56 68 88 84 53 65 62 62 86 106 661 541 79 711 56 48 61 65 56 56 41 41 63 67
h161 2 69 69 71 81 731 77 61 65 71 164 76 721 72 712 52 64 56 56 76 72 53 57 62 54 82 90 581 58 79 75 56 56 57 57 56 68 53 45 59 63
h162 2 45 41 73 59 731 491 61 61 71 1322 681 76 72 1193 52 40 56 56 76 76 53 57 70 75 82 82 541 541 75 711 56 56 57 53 56 641 41 45 63 63
h163 2 45 45 81 43 65 611 61 53 71 136 80 762 76 1111 52 56 56 60 88 72 57 651 62 62 66 66 661 621 79 75 60 60 61 53 56 60 41 41 63 63
h164 2 45 73 85 55 691 731 61 65 71 63 722 80 143 87 52 481 56 68 80 80 53 571 62 62 90 62 661 541 711 712 56 60 65 53 56 601 41 41 63 63
h165 2 69 65 63 67 811 69 61 61 71 631 641 76 68 76 52 56 60 64 80 80 491 53 58 58 62 741 62 621 671 711 52 52 61 61 56 56 41 41 59 63
h166 2 56 41 63 71 811 69 61 61 79 792 722 762 72 80 601 72 56 64 76 84 57 57 62 66 54 90 70 67 672 79 56 48 61 53 56 56 41 41 63 67
h167 2 45 52 79 80 611 49 61 61 631 136 76 843 1391 87 52 52 56 56 80 92 53 53 74 79 70 62 581 66 672 75 56 56 57 61 56 56 41 45 63 63
h168 2 77 65 67 81 651 69 61 61 71 71 681 76 80 1112 681 36 60 60 80 84 53 651 62 79 70 78 661 58 79 67 56 52 61 61 56 56 57 45 63 63
h169 2 73 41 71 67 65 771 61 73 75 712 682 722 64 712 481 28 56 60 80 88 491 61 62 54 82 78 661 58 671 79 56 52 57 53 56 56 57 45 59 63
h170 2 45 69 67 83 691 69 61 57 71 671 681 722 72 115 56 56 56 56 80 92 57 61 62 58 90 86 661 70 711 711 56 60 57 65 601 601 53 45 63 63
h171 2 45 56 63 83 65 57 57 69 71 79 72 84 64 131 52 481 56 60 84 72 57 57 66 54 82 78 66 621 671 79 56 56 65 53 56 641 41 57 59 63
h172 2 73 77 73 55 69 693 61 57 71 671 76 722 103 115 52 64 56 72 80 80 491 53 62 66 62 66 461 541 672 75 52 48 61 61 60 60 41 45 63 63
h173 2 56 56 85 93 731 731 65 73 71 79 801 761 123 87 601 80 60 72 80 76 53 53 62 62 82 82 701 50 79 79 52 52 61 61 56 64 41 41 59 63
h174 2 77 52 63 59 691 69 57 53 67 792 681 721 1112 155 40 36 56 56 76 84 57 61 62 66 74 86 62 58 711 67 56 52 57 61 56 56 41 57 63 63
h175 2 45 41 67 81 65 69 61 73 71 55 641 681 72 1351 52 52 60 60 76 84 61 61 66 54 86 62 661 581 75 711 56 52 61 61 56 641 41 57 63 63
h176 2 45 49 79 59 691 77 61 65 71 63 641 721 68 79 601 61 56 72 92 72 53 57 62 62 82 66 62 621 671 552 56 52 57 57 56 56 57 57 63 63
h177 2 45 41 71 59 65 651 57 69 63 831 76 76 64 79 52 72 60 68 92 84 53 57 62 66 54 86 661 581 671 711 60 48 57 61 56 56 41 53 63 63
h178 2 73 77 75 81 691 691 57 69 71 67 762 762 76 76 40 64 56 56 76 72 53 53 54 78 86 741 70 78 672 711 56 60 61 61 56 60 41 57 59 63
h179 2 73 77 75 59 651 651 61 65 79 136 681 80 1431 139 481 75 56 60 80 84 57 571 74 50 82 62 82 541 75 552 52 48 57 57 56 56 37 45 59 59
h180 2 69 41 59 81 731 69 61 61 71 792 76 722 64 76 64 64 56 56 80 76 53 57 62 66 74 741 701 63 75 552 56 48 53 53 56 60 57 57 59 63
h181 2 73 60 63 85 65 651 61 57 63 712 76 722 143 1152 52 52 56 56 80 80 53 57 62 62 74 741 741 462 79 75 60 60 57 53 56 56 41 45 63 63
h182 2 45 52 63 73 651 611 57 73 71 63 682 76 79 1193 40 65 60 68 92 84 491 491 62 66 78 98 70 621 79 593 60 60 57 57 56 56 57 45 59 63
h183 2 45 73 63 88 651 571 57 49 79 671 76 80 68 80 72 441 56 60 84 72 53 61 62 66 94 86 82 66 672 591 56 60 57 61 56 56 41 41 63 63
h184 2 73 84 73 81 611 69 61 65 67 833 641 76 1191 121 56 441 56 60 80 80 57 571 62 74 70 78 661 701 71 712 56 52 57 65 56 56 41 45 63 63
h185 2 77 41 79 75 691 69 61 61 75 671 681 722 87 60 52 56 56 64 80 80 61 61 62 62 86 58 661 66 672 552 56 56 57 57 56 56 41 57 59 63
h186 2 45 52 85 69 691 531 61 65 71 79 681 80 72 1111 52 52 56 64 88 84 57 61 62 74 62 66 461 541 671 711 56 48 57 61 56 56 41 57 59 63
h187 2 45 73 71 104 651 811 65 69 71 59 681 76 72 76 52 52 60 60 88 84 57 61 66 54 66 58 741 462 79 711 56 56 61 61 601 64 41 45 63 63
h188 2 77 77 71 81 65 771 57 73 67 1282 722 80 72 79 52 56 56 56 92 88 491 65 66 79 90 66 62 621 75 59 56 56 61 61 56 56 41 57 63 63
h189 2 45 45 67 55 65 811 61 61 67 833 681 722 76 79 601 56 60 60 92 72 491 53 66 66 701 58 70 66 672 71 56 60 61 61 56 56 41 45 63 63
h190 2 45 73 79 71 691 69 57 49 752 59 681 681 115 1271 52 64 56 64 80 88 53 69 62 75 70 58 62 621 671 79 52 561 57 65 56 56 57 45 63 63
h191 2 73 48 71 51 651 53 57 53 75 67 641 72 1431 1112 601 40 56 72 84 72 491 53 66 54 54 741 62 62 711 63 56 52 61 53 56 60 57 45 63 63
h192 2 73 52 79 67 73 85 61 61 71 79 76 76 68 60 56 61 56 68 76 76 53 57 74 66 62 62 70 501 79 631 56 60 57 53 56 56 53 45 59 63
h193 2 45 73 63 67 811 89 61 61 75 671 681 76 72 1431 601 65 56 56 76 76 57 61 62 66 82 82 62 581 75 591 56 56 61 65 56 56 41 41 63 63
h194 2 45 45 63 75 69 771 61 61 71 831 76 722 80 83 40 40 60 68 80 80 53 57 54 54 74 74 62 621 711 552 56 56 57 61 56 56 57 45 63 63
h195 2 65 41 59 88 691 89 61 65 67 752 681 722 76 76 601 56 56 56 84 72 491 57 58 66 82 62 661 50 671 672 60 60 61 61 56 60 41 41 63 63
h196 2 60 89 75 104 65 69 61 57 71 67 72 681 68 76 52 601 60 60 76 88 61 61 62 62 70 82 661 541 79 711 60 52 65 53 56 56 57 57 63 63
h197 2 69 56 85 71 691 731 61 69 67 67 641 722 72 76 72 56 56 721 76 76 57 65 66 70 741 66 66 621 79 552 56 48 61 65 56 60 57 45 63 63
h198 2 49 89 79 55 811 69 61 57 631 67 681 722 72 1112 52 56 56 64 88 84 491 53 62 54 66 66 661 66 672 79 56 48 61 61 56 56 41 57 63 63
h199 2 69 77 55 116 651 731 61 61 75 75 72 72 64 76 52 56 60 60 80 88 53 57 62 66 82 66 70 581 671 711 52 48 61 53 601 60 41 57 63 63
h200 2 45 41 55 55 651 731 61 57 63 59 682 681 72 123 601 65 56 56 80 76 53 57 62 58 741 98 581 621 751 711 56 60 57 53 56 60 57 45 59 63
h201 2 56 65 79 75 65 65 57 73 631 631 641 72 115 1111 601 36 56 72 80 76 53 53 62 62 94 86 581 741 71 79 60 48 57 53 56 60 41 45 63 63
h202 2 45 41 63 51 771 652 61 61 671 831 682 762 72 137 56 56 60 64 76 72 53 45 66 54 86 62 66 621 672 672 56 56 57 61 56 681 57 53 63 63
h203 2 69 41 71 71 731 611 57 73 75 71 801 681 83 137 52 601 60 52 80 80 53 69 62 58 82 781 661 541 671 75 56 52 57 57 56 60 57 45 63 63
h204 2 69 73 63 81 651 691 57 65 752 59 681 681 1431 1112 601 61 56 60 76 72 57 65 70 54 74 701 661 741 75 552 48 48 61 61 56 64 57 491 63 63
h205 2 56 41 71 81 611 49 61 65 75 631 681 68 76 79 80 64 64 68 92 72 53 53 58 66 94 78 581 66 671 75 60 48 57 61 56 56 41 41 59 59
h206 2 45 77 63 79 651 811 61 53 671 831 682 84 80 76 52 601 72 72 76 88 491 53 62 66 74 86 66 66 671 79 56 56 61 53 56 56 41 53 59 67
h207 2 73 49 79 116 651 49 61 61 79 712 681 722 68 87 52 601 64 64 76 76 491 571 62 54 54 82 70 621 75 711 60 48 57 61 56 56 41 41 59 63
h208 2 69 73 63 67 651 49 61 53 75 71 682 761 115 1431 601 481 56 60 76 76 57 45 50 66 82 66 701 66 79 593 56 56 57 53 60 60 41 57 59 59
h209 2 73 56 71 71 49 89 61 65 792 671 722 80 1151 155 52 481 56 60 80 72 53 69 62 66 82 66 58 621 751 79 56 48 61 61 56 56 41 41 63 63
h210 2 73 52 67 67 651 69 61 61 79 792 641 72 131 119 56 481 60 641 80 76 53 57 62 62 82 82 62 501 671 751 56 56 61 53 60 68 41 57 63 63
h211 2 69 52 77 77 651 651 61 61 75 67 801 84 79 1351 601 681 60 601 84 84 61 571 58 54 90 741 62 66 75 711 56 60 61 61 56 56 41 57 63 63
h212 2 45 52 63 77 611 49 61 65 831 752 681 681 68 76 52 601 60 64 76 76 53 61 62 54 66 102 581 66 71 71 56 52 61 53 56 56 41 57 63 63
h213 2 69 41 83 88 691 69 61 65 671 831 681 722 115 1431 52 52 60 60 80 84 53 57 62 66 62 66 701 741 79 79 56 48 61 53 601 60 57 45 63 67
h214 2 69 65 73 104 65 65 61 69 71 671 722 762 68 76 52 601 60 64 80 80 491 53 58 54 70 66 661 66 67 63 56 56 61 53 56 56 37 45 59 63
h215 2 45 41 63 71 65 69 53 73 67 79 72 76 68 76 52 52 56 56 76 84 57 57 66 54 82 66 70 78 672 711 48 48 57 53 56 56 41 53 59 59
h216 2 73 41 67 80 65 49 61 61 79 671 641 801 68 1112 52 40 60 60 84 72 491 571 58 66 66 66 62 58 671 593 60 60 61 65 56 601 53 45 63 63
h217 2 69 41 69 51 651 691 53 53 75 63 801 721 64 76 52 56 56 56 76 72 57 69 58 66 82 66 62 66 79 79 56 56 61 61 56 72 41 41 63 63
h218 2 45 73 63 63 651 53 65 53 75 752 76 80 68 80 52 36 56 601 80 76 491 57 62 54 78 66 661 621 79 711 56 60 61 65 601 64 41 53 59 59
h219 2 77 61 73 51 651 531 61 53 75 71 681 722 64 83 56 61 56 60 84 72 491 491 50 58 82 86 66 541 671 79 56 48 57 61 56 56 57 57 63 63
h220 2 73 56 77 116 691 811 61 57 63 79 801 681 80 119 52 28 60 72 88 84 491 57 66 54 70 82 461 621 79 711 56 48 57 65 56 56 41 41 63 63
h221 2 45 77 77 81 731 611 61 69 71 752 681 84 103 131 52 601 56 60 72 72 491 65 62 66 90 62 62 621 75 711 56 56 57 61 56 641 53 45 59 63
h222 2 65 41 63 85 65 89 61 57 71 833 681 722 72 72 57 36 56 641 80 92 53 651 62 70 54 90 701 66 671 79 56 56 61 61 56 64 57 53 63 63
h223 2 52 81 85 93 691 69 61 61 71 831 641 843 72 1431 681 71 56 60 76 72 53 57 62 70 78 781 62 58 79 79 60 48 57 57 56 64 41 57 63 63
h224 2 73 77 63 55 651 691 61 73 67 59 76 722 76 1112 52 28 60 761 80 88 53 61 58 58 54 82 82 661 79 711 56 56 61 53 56 56 57 53 63 63
h225 2 73 77 63 79 89 531 61 57 631 671 76 84 72 1431 601 40 56 60 80 80 53 531 74 66 74 741 741 621 671 711 56 56 61 61 56 56 41 45 63 63
h226 2 45 77 63 67 811 69 57 69 71 752 681 762 72 79 52 52 56 56 80 76 53 61 62 58 82 62 62 541 79 75 48 48 65 53 56 64 41 57 63 63
h227 2 73 56 85 83 651 771 61 53 71 67 72 681 68 712 601 64 60 60 80 76 57 45 62 58 70 78 661 541 671 671 56 56 61 61 56 601 41 41 59 63
h228 2 45 56 63 63 651 691 57 57 67 59 72 80 80 76 52 601 56 64 80 84 53 37 62 58 66 661 661 58 75 75 60 52 61 53 56 56 57 45 63 63
h229 2 73 41 67 104 651 691 57 69 79 792 72 80 68 131 52 64 56 60 80 72 491 691 62 54 82 781 701 66 672 79 60 48 61 61 56 60 41 57 59 63
h230 2 73 73 71 69 651 73 57 49 71 833 72 68 72 1112 52 72 56 60 80 84 61 65 66 75 82 82 501 78 79 593 56 56 61 61 56 56 57 57 59 63
h231 2 45 69 71 67 651 611 61 61 71 71 722 762 87 87 601 64 56 60 80 72 61 691 62 74 82 86 62 701 79 75 52 48 61 53 56 64 41 41 63 63
h232 2 73 52 75 1121 691 49 65 53 792 671 681 722 68 87 52 56 56 72 76 88 53 61 66 54 94 66 501 58 671 833 56 48 61 61 56 56 41 57 63 63
h233 2 52 84 85 89 811 53 61 65 75 752 681 722 1231 752 40 56 56 72 72 72 53 57 58 66 78 62 581 54 751 79 56 60 57 53 56 60 41 41 63 63
h234 2 73 52 63 63 69 771 61 57 71 79 72 64 76 123 52 56 56 56 80 76 57 45 66 66 82 701 62 66 711 552 56 60 57 61 56 601 57 45 59 59
h235 2 45 77 71 83 69 69 61 53 71 833 641 801 72 131 52 52 56 56 76 76 491 491 70 54 66 66 62 501 75 75 56 56 61 61 56 68 41 57 63 63
h236 2 45 52 73 79 65 691 61 57 75 792 72 601 72 76 52 64 56 64 80 80 57 57 62 58 70 701 66 621 671 711 56 60 53 53 56 60 41 41 63 63
h237 2 73 41 79 80 651 69 61 69 75 79 682 681 80 1112 52 56 56 56 76 88 612 57 62 54 86 62 66 58 79 79 56 60 57 57 56 56 41 53 59 59
h238 2 45 41 63 67 651 691 61 57 71 63 681 721 72 79 40 56 56 60 80 72 53 61 74 70 66 661 70 66 671 75 56 56 61 61 56 72 57 53 63 63
h239 2 73 48 81 81 691 731 61 61 63 792 641 682 72 80 64 75 64 64 80 76 491 65 66 54 82 66 66 741 672 591 56 56 61 61 56 56 41 41 59 63
h240 2 45 73 75 81 651 731 61 65 71 79 722 762 72 1271 481 65 60 60 80 84 491 53 58 66 70 741 661 621 671 711 56 60 61 61 56 56 41 45 59 63
h241 2 73 81 71 75 65 65 61 57 75 79 76 762 103 1232 52 56 76 601 80 76 53 57 66 54 70 86 661 621 71 79 56 56 57 65 56 56 41 45 59 63
h242 2 77 41 63 63 65 731 61 61 71 671 641 682 80 123 52 28 56 641 92 76 53 57 62 54 70 70 62 78 71 75 56 48 57 61 68 64 57 57 63 63
h243 2 45 56 67 81 811 73 65 53 67 671 682 681 72 87 52 65 56 56 80 84 491 57 70 54 86 78 661 781 75 631 56 48 61 53 56 56 41 57 63 63
h244 2 69 52 71 67 651 691 61 61 71 67 641 722 80 1151 56 481 56 64 92 76 61 651 62 66 90 66 70 581 671 711 60 48 57 61 60 60 41 41 59 63
h245 2 45 45 63 79 65 85 57 69 831 752 681 721 76 131 52 61 56 60 76 72 53 57 62 54 78 62 621 462 71 711 60 60 57 57 56 56 41 57 59 63
h246 2 73 52 63 67 731 69 61 61 71 63 641 721 115 1152 601 64 64 601 80 84 53 531 70 54 70 82 66 50 671 67 56 60 57 61 56 56 41 57 63 63
h247 2 45 73 63 79 611 69 65 73 71 831 681 722 1152 1271 52 64 56 56 80 76 53 53 62 66 82 78 62 70 751 71 56 60 61 61 56 641 41 41 63 63
h248 2 73 89 75 75 651 651 57 69 71 671 682 881 115 1112 52 75 56 601 76 72 491 57 62 58 82 106 541 54 671 711 60 48 61 61 56 56 57 45 63 63
h249 2 69 60 79 59 651 611 57 49 75 136 682 681 72 1351 52 481 56 72 80 80 491 691 66 54 78 741 661 66 671 672 56 60 61 53 60 681 57 45 63 63
h250 2 73 77 75 100 77 73 61 65 75 63 681 76 1151 1431 601 601 56 56 88 72 491 65 62 58 70 661 62 70 75 711 56 48 61 53 56 56 41 41 59 63
h251 2 45 56 77 67 65 77 61 61 71 71 641 641 80 1111 52 481 56 56 76 84 53 571 66 54 90 741 70 701 751 79 52 48 57 61 56 601 41 57 63 63
h252 2 45 41 67 84 691 77 61 69 631 148 72 681 1193 1111 52 601 56 60 76 76 53 61 74 70 54 58 70 541 672 79 56 56 57 53 56 60 41 45 63 63
h253 2 45 81 85 88 651 89 61 65 63 831 72 682 131 1112 40 56 56 60 76 76 57 61 62 58 82 741 70 741 75 631 56 56 57 57 601 641 57 45 67 67
h254 2 69 77 73 77 611 73 61 61 67 671 72 72 72 1313 681 57 60 64 80 76 53 57 62 82 82 86 62 58 71 79 56 60 57 61 56 56 57 45 63 63
h255 2 45 48 85 88 77 49 61 61 75 831 76 721 1112 87 52 52 60 60 76 88 612 57 62 70 86 66 581 67 552 552 56 52 61 65 56 56 41 41 59 59
h256 2 45 69 79 71 691 691 61 61 67 63 681 681 68 1151 52 72 56 60 72 72 61 69 70 79 74 82 66 58 671 711 60 60 57 53 56 641 57 53 63 63
h257 2 69 77 63 81 69 69 61 61 631 752 682 762 76 87 52 61 56 68 76 84 53 61 62 74 70 74 70 66 79 79 56 60 61 53 56 56 41 41 59 63
h258 2 45 48 67 55 611 80 61 53 71 79 76 762 72 76 52 481 56 72 76 88 57 57 58 58 86 661 781 50 671 711 56 52 57 65 56 60 41 45 59 63
h259 2 69 73 63 81 651 651 61 65 79 79 681 76 76 1112 601 61 56 60 88 72 612 571 58 54 86 58 70 66 672 75 56 56 61 53 56 56 41 57 63 63
h260 2 77 41 63 67 65 69 53 69 67 792 641 722 1431 1232 52 52 56 64 80 80 491 53 66 54 70 82 701 621 79 75 52 48 57 61 56 601 41 41 59 63
h261 2 45 52 63 71 65 49 61 61 75 1282 72 76 103 60 52 601 56 60 80 84 491 53 62 66 54 98 661 621 671 552 56 52 57 53 601 64 53 45 59 63
h262 2 77 52 85 71 651 85 61 61 752 59 72 762 68 1391 56 61 56 56 76 76 53 53 66 70 74 82 66 621 671 75 56 56 57 65 56 60 41 41 63 63
h263 2 56 41 71 67 691 771 61 61 75 752 681 80 72 131 56 61 56 56 76 72 53 53 66 66 90 141 58 541 671 593 52 52 61 65 56 56 53 45 63 63
h264 2 77 41 71 67 651 691 65 49 671 1322 681 681 76 1192 52 56 48 72 84 72 57 531 62 62 62 66 62 621 79 712 56 56 57 61 56 60 41 41 63 63
h265 2 73 73 85 89 691 69 61 57 752 712 641 682 1112 1112 56 56 60 76 80 76 57 69 62 54 82 98 701 50 672 591 48 48 61 61 56 56 57 491 63 63
h266 2 45 41 85 81 61 731 61 53 63 59 681 80 68 143 52 56 56 601 80 76 57 61 62 62 78 62 62 67 671 671 56 60 61 53 56 60 57 57 63 63
h267 2 56 56 73 81 49 571 65 65 75 631 681 76 1193 1111 52 52 56 72 80 76 491 53 66 54 82 66 701 78 672 79 56 52 61 53 56 60 57 53 63 63
h268 2 73 41 63 79 691 80 61 65 71 71 76 762 1112 1391 52 681 56 60 88 72 57 651 62 70 82 66 62 701 672 79 56 48 61 53 56 64 41 41 63 63
h269 2 77 60 63 89 49 771 53 69 71 67 801 76 127 1472 601 56 60 64 88 84 53 571 70 54 82 90 66 621 672 75 60 60 61 65 56 56 41 53 63 63
h270 2 69 73 63 1001 65 651 61 65 67 1401 72 722 115 1431 52 28 56 641 80 92 57 45 66 70 661 781 70 701 79 711 56 48 57 53 56 56 41 53 63 63
h271 2 56 49 85 71 691 89 61 57 63 671 76 762 76 1271 56 56 56 76 92 84 53 57 62 66 70 58 70 621 672 711 56 56 57 61 56 56 41 57 59 63
h272 2 56 41 71 80 651 691 61 61 67 792 681 76 72 68 601 56 60 64 84 84 491 53 66 54 741 58 661 621 75 711 52 48 57 61 56 601 41 53 63 63
h273 2 73 48 71 81 771 73 61 61 67 792 681 80 68 79 52 481 60 60 80 80 53 45 62 66 70 661 66 78 671 711 56 56 61 53 56 56 41 57 63 67
h274 2 73 41 73 75 65 651 61 57 67 79 722 722 1272 151 56 28 60 64 88 72 57 65 66 66 70 58 581 58 671 63 60 60 61 61 56 56 45 45 63 63
h275 2 69 41 77 67 731 77 61 65 631 67 641 801 131 1391 52 52 64 72 80 80 61 61 62 58 82 741 701 66 79 75 48 48 61 65 56 56 41 57 63 63
h276 2 69 73 67 83 651 73 53 49 75 79 72 762 64 87 56 36 56 64 80 72 53 57 62 58 82 62 62 78 79 75 56 52 61 61 56 56 57 57 63 63
h277 2 45 52 85 71 651 811 61 61 63 752 722 722 80 76 52 52 60 68 80 84 61 69 62 62 74 82 501 78 671 71 56 60 61 61 56 601 41 41 59 59
h278 2 73 77 63 75 65 651 57 53 792 872 681 76 151 1152 52 52 72 601 80 76 57 531 62 58 66 661 70 621 671 552 48 48 57 61 56 601 41 57 63 63
h279 2 77 41 63 83 651 69 61 69 71 79 722 721 1151 1112 56 36 56 64 76 72 53 612 62 66 86 78 661 501 672 791 56 48 53 53 56 60 41 45 63 63
h280 2 73 41 83 83 691 77 61 57 75 75 681 722 72 87 52 40 56 56 84 72 57 57 62 66 90 701 661 50 671 79 48 48 61 53 601 64 41 57 59 63
h281 2 69 73 79 67 77 771 57 53 71 63 76 601 72 1312 52 52 56 64 80 80 57 61 58 58 70 86 501 50 71 79 56 60 61 61 56 56 41 53 63 67
h282 2 73 73 67 93 65 691 61 73 71 144 801 681 72 72 56 61 56 60 80 76 53 57 66 66 78 661 50 50 672 75 60 48 61 61 56 601 41 53 59 63
h283 2 45 52 63 71 69 49 69 73 71 631 72 682 68 123 52 602 56 60 72 72 53 61 62 70 82 66 66 621 671 711 56 48 57 61 56 56 41 41 59 63
h284 2 69 81 63 67 77 49 61 65 79 671 76 722 68 115 40 36 60 60 80 80 53 61 58 54 54 90 661 66 671 79 56 60 57 65 601 60 57 45 63 63
h285 2 77 41 63 71 731 731 61 49 63 712 72 762 72 1431 52 64 56 56 80 88 65 65 54 54 74 62 62 58 711 711 52 52 57 61 56 56 41 57 59 63
h286 2 45 73 63 73 651 69 61 61 79 164 681 722 72 1232 681 36 641 52 88 84 57 57 74 58 70 62 661 74 71 79 60 52 57 61 56 60 41 41 59 63
h287 2 69 73 63 79 651 611 61 61 63 63 76 722 72 72 601 481 56 72 76 72 53 53 62 66 74 62 62 66 672 79 56 60 61 53 601 601 53 53 63 63
h288 2 73 60 63 75 771 89 61 57 71 67 641 801 72 87 52 56 56 72 80 92 491 57 70 70 74 78 661 70 672 71 52 48 57 57 60 60 41 57 63 63
h289 2 41 41 67 67 69 53 61 65 75 67 72 682 76 1391 681 28 60 60 80 72 53 61 62 66 74 82 62 66 671 711 60 48 57 61 56 601 57 45 63 63
h290 2 45 52 85 67 651 731 65 53 75 631 76 722 72 72 52 52 56 72 80 80 53 61 62 74 74 66 70 581 711 711 56 52 61 65 60 68 41 531 63 63
h291 2 73 65 63 63 731 811 61 61 63 59 682 76 72 76 52 601 64 64 76 76 491 57 54 54 82 62 58 621 671 79 56 60 61 61 56 601 41 53 59 63
h292 2 73 56 67 80 65 691 61 57 63 79 72 722 80 1151 52 71 56 60 72 72 57 61 62 75 82 86 66 621 671 711 56 60 61 53 56 56 53 45 63 63
h293 2 69 56 63 67 69 49 61 57 75 671 681 722 72 68 52 56 56 60 84 72 57 61 62 66 70 94 70 621 79 711 56 60 61 61 60 72 57 57 59 63
h294 2 77 41 63 85 77 49 61 65 67 63 72 722 76 88 56 65 56 60 92 84 53 57 58 66 74 58 661 58 672 75 56 60 57 65 56 601 41 57 63 63
h295 2 45 73 63 79 651 691 61 69 75 833 681 64 115 87 52 601 56 72 80 76 491 53 66 70 54 66 701 541 67 59 48 48 61 61 56 60 41 41 63 63
h296 2 69 41 63 80 691 69 61 65 67 63 801 681 1193 1313 52 52 68 601 76 88 57 61 62 62 66 66 661 67 671 833 56 56 57 61 56 56 57 57 63 63
h297 2 73 52 81 100 65 691 65 65 75 71 76 76 79 79 52 28 60 64 80 84 53 57 62 62 90 86 62 661 751 552 56 56 57 61 601 681 41 41 63 63
h298 2 45 73 81 81 691 80 53 69 79 55 72 762 72 135 52 40 56 72 80 88 53 57 66 70 82 90 581 66 672 751 56 60 61 53 56 56 57 45 59 63
h299 2 45 41 63 85 811 771 61 65 59 119 84 881 68 83 52 52 64 68 80 72 53 571 74 66 70 82 66 58 671 711 56 48 57 65 56 56 41 57 59 63
h300 2 60 60 71 83 651 77 61 65 75 63 76 80 68 76 72 64 56 64 76 76 491 651 62 58 86 78 66 621 711 552 60 60 61 53 56 56 41 53 63 63
h301 2 45 41 81 51 65 691 61 57 75 792 641 881 68 1272 52 40 60 68 80 80 53 53 62 66 741 98 661 66 672 75 60 60 57 53 56 64 41 57 59 63
h302 2 45 69 63 71 65 691 61 69 75 631 76 722 76 76 72 61 56 601 80 88 491 57 62 70 78 62 62 581 75 67 56 56 57 61 56 601 41 41 63 63
h303 2 77 56 100 711 69 53 61 57 79 79 72 64 119 155 52 61 60 68 80 76 491 61 62 66 82 82 62 66 79 711 56 48 61 53 56 56 41 53 63 63
h304 2 73 41 71 71 65 771 61 57 67 1322 681 721 103 1071 56 75 56 68 92 72 57 691 62 70 90 58 701 58 79 75 56 56 57 53 56 60 41 57 63 63
h305 2 41 41 63 73 651 691 61 61 75 71 681 76 72 88 52 601 56 60 88 72 61 61 62 62 82 62 701 66 75 552 56 60 57 57 56 56 41 45 63 63
h306 2 77 41 73 88 651 731 61 53 75 79 72 80 68 131 52 602 56 56 80 80 53 61 62 74 86 741 541 50 792 59 56 60 61 65 601 60 41 57 63 63
h307 2 45 45 67 55 651 77 53 49 79 712 76 80 72 1431 52 601 60 64 76 76 53 61 62 62 86 62 661 701 672 833 56 60 57 61 56 60 57 53 63 63
h308 2 65 52 81 89 651 691 61 65 75 712 641 76 76 1391 61 57 56 60 76 72 53 612 62 66 74 90 66 541 751 591 48 48 61 61 56 56 41 57 59 63
h309 2 52 60 63 79 651 77 61 57 71 71 721 84 72 1113 52 56 56 60 80 80 53 57 62 66 82 66 501 66 79 833 48 48 61 61 56 56 53 53 59 63
h310 2 69 52 63 81 65 651 61 69 75 712 84 84 72 1431 52 601 60 72 88 84 53 61 66 66 86 62 62 62 671 552 56 60 61 53 56 56 41 41 63 63
h311 2 84 61 79 77 65 69 69 69 67 63 681 76 68 1431 52 36 64 68 80 76 53 651 62 62 86 78 62 501 552 792 48 48 61 53 601 60 57 57 59 63
h312 2 45 52 85 85 49 85 61 61 67 831 76 76 752 79 52 56 60 64 92 88 491 53 62 79 82 82 661 66 671 79 56 56 57 61 56 60 57 53 59 63
h313 2 45 73 63 101 69 89 65 53 75 67 681 681 72 115 681 681 56 56 76 88 53 53 62 58 82 90 701 58 79 75 56 60 57 61 56 56 41 57 63 63
h314 2 73 77 55 104 65 731 61 57 75 71 762 721 79 1391 56 441 60 60 76 88 57 65 66 54 86 66 661 541 671 833 48 48 57 57 56 60 57 53 59 63
h315 2 41 41 79 71 731 731 61 61 792 148 72 801 72 1152 601 56 56 601 80 88 53 61 62 66 70 70 70 70 79 712 56 60 61 61 56 601 41 45 63 63
h316 2 73 77 71 69 691 49 65 73 831 712 681 681 1112 1193 601 601 60 68 92 84 491 57 66 66 90 78 701 621 672 591 56 52 57 53 56 64 41 57 63 63
h317 2 56 60 77 75 53 73 61 61 75 71 641 681 64 1112 52 64 56 64 80 80 57 57 62 62 82 82 58 54 75 75 56 48 57 57 56 56 41 41 63 63
h318 2 45 56 63 67 69 73 61 61 67 79 682 681 123 87 40 56 60 60 80 92 57 57 62 58 82 78 66 58 672 79 56 56 61 53 601 68 41 45 63 63
h319 2 77 49 83 51 691 49 61 61 71 67 681 681 72 115 52 601 56 76 84 84 53 61 66 54 82 86 621 621 671 711 56 56 57 61 56 56 41 53 63 63
h320 2 73 56 81 83 651 491 61 49 79 671 72 721 76 752 57 28 64 64 80 88 53 61 74 75 94 82 58 621 672 79 56 60 61 65 56 60 41 53 63 67
h321 2 69 52 63 85 651 811 61 53 631 831 722 84 103 1112 601 56 64 64 80 76 53 651 58 66 78 62 661 621 671 671 56 48 61 61 56 56 41 45 59 63
h322 2 45 41 75 67 691 811 61 61 75 75 72 762 64 139 52 28 60 60 84 72 45 69 62 54 78 62 541 621 79 63 48 48 61 65 56 60 57 45 59 59
h323 2 73 52 79 59 651 57 61 49 71 752 681 762 76 151 52 481 56 56 92 84 57 61 70 54 74 62 62 66 671 671 60 48 57 61 56 601 41 57 63 63
h324 2 41 41 55 89 651 691 61 61 75 71 681 681 72 137 52 52 56 56 88 84 491 53 62 70 66 66 66 462 751 79 56 60 61 65 56 601 41 41 63 63
h325 2 77 41 63 77 61 49 61 61 67 831 681 722 123 1312 56 65 56 72 76 88 491 45 70 70 86 78 62 741 591 552 56 56 65 65 56 56 41 57 59 63
h326 2 69 41 81 81 651 691 61 65 71 67 722 881 72 68 52 40 56 56 72 72 491 491 66 54 86 661 58 621 79 79 60 48 61 61 56 60 57 37 63 63
h327 2 73 56 71 67 691 691 61 61 67 712 72 681 68 79 52 64 56 60 80 76 491 69 62 66 82 62 661 66 672 591 60 52 61 61 56 56 41 57 63 63
h328 2 45 73 71 71 691 53 61 57 63 63 722 721 80 1591 52 40 64 601 88 72 53 61 66 54 70 66 58 58 79 79 56 56 57 61 56 601 53 45 59 59
h329 2 77 56 63 63 691 69 65 65 71 792 641 84 68 155 56 57 56 64 88 72 53 57 66 70 90 78 70 66 71 79 56 60 61 53 601 60 45 45 63 63
h330 2 77 60 71 77 691 49 61 61 71 752 801 80 72 1271 52 481 56 601 80 80 53 53 62 66 78 102 501 58 671 711 56 56 57 61 56 56 57 45 63 63
h331 2 45 77 77 67 69 571 61 61 71 79 72 80 68 1313 56 36 56 68 84 72 57 571 66 66 54 62 70 58 671 79 60 48 61 65 56 60 57 53 59 63
h332 2 56 49 55 83 65 691 61 73 67 752 801 721 1151 1311 52 56 56 56 80 92 57 651 66 75 82 78 66 541 671 79 56 56 61 61 56 60 41 57 63 63
h333 2 73 73 77 80 811 771 57 65 71 79 681 76 115 1432 52 52 64 761 76 84 491 53 66 54 62 741 701 701 79 79 56 60 61 53 56 56 57 57 63 63
h334 2 41 52 63 1001 651 73 61 57 75 67 681 80 76 712 481 681 56 72 76 72 53 61 74 58 86 102 701 541 671 711 56 56 61 53 56 60 57 57 63 63
h335 2 69 56 75 81 65 691 57 53 67 671 681 681 72 76 52 40 56 56 80 76 53 57 74 54 62 66 701 58 672 672 56 60 61 61 56 56 57 45 63 63
h336 2 45 89 75 81 65 49 61 57 67 59 801 681 103 1232 681 64 56 60 76 88 57 65 62 62 82 58 621 67 672 552 52 48 57 53 56 56 41 57 63 63
h337 2 73 65 79 81 65 651 61 53 71 67 682 681 79 1312 40 56 64 68 80 88 53 53 62 66 82 82 62 621 672 75 56 60 57 61 56 601 41 45 63 67
h338 2 45 60 71 89 45 85 61 61 71 63 72 722 79 1271 52 61 60 64 80 88 53 57 50 54 82 66 62 66 79 711 56 56 57 53 56 601 41 53 63 63
h339 2 52 49 63 73 65 65 61 61 67 752 681 722 123 1112 52 681 56 56 76 72 53 61 62 66 54 141 66 621 71 71 60 48 61 65 56 56 53 45 59 67
h340 2 73 77 63 81 65 611 65 69 75 71 801 681 1191 88 601 72 56 56 76 76 57 61 58 54 62 66 581 741 671 671 56 52 57 65 56 641 41 57 59 63
h341 2 45 89 67 55 811 771 61 57 75 792 72 722 76 1152 601 56 56 56 80 76 612 57 58 58 82 62 661 66 79 79 56 48 57 53 56 60 41 41 63 63
h342 2 69 56 75 67 771 85 61 57 67 79 76 721 64 1071 40 681 56 56 76 72 53 57 54 54 70 701 62 50 751 75 60 52 57 61 60 60 41 57 63 63
h343 2 73 89 71 67 49 571 61 53 75 63 72 722 76 1151 40 36 56 72 80 80 491 491 66 54 86 78 66 66 671 672 56 60 61 53 56 601 41 57 59 63
h344 2 45 52 71 89 65 69 61 57 631 63 72 762 103 76 52 52 56 72 76 88 491 53 66 66 94 741 70 70 671 79 48 48 57 61 56 56 53 45 63 63
h345 2 45 60 63 63 651 491 61 53 79 671 681 76 1431 1232 52 601 56 60 80 80 491 61 66 66 82 78 62 67 671 59 56 60 61 61 56 60 41 53 63 63
h346 2 56 52 75 51 731 771 65 73 71 67 681 761 115 1591 71 441 60 72 88 72 53 61 62 62 94 74 62 74 672 79 56 56 57 53 56 60 41 57 63 67
h347 2 73 77 100 43 691 731 61 65 67 59 722 762 64 64 681 64 60 681 80 72 491 61 62 66 90 62 701 621 79 79 60 48 57 61 56 60 41 53 63 63
h348 2 77 48 63 85 691 691 61 57 71 79 641 801 68 119 52 65 60 60 92 76 53 61 62 62 86 66 66 621 79 552 56 60 61 61 60 64 41 53 63 63
h349 2 77 49 85 77 69 49 61 49 67 671 72 721 72 80 52 52 56 68 76 88 53 612 58 54 70 78 70 701 79 711 56 52 65 65 56 56 57 57 63 63
h350 2 52 52 71 77 65 49 61 61 671 831 681 722 103 79 40 56 56 56 80 84 491 57 62 66 82 86 661 621 671 75 60 52 61 61 56 56 41 41 63 63
h351 2 45 77 71 75 691 691 61 61 71 63 641 84 143 87 52 56 56 64 80 72 57 57 62 74 94 82 62 741 711 593 56 52 61 61 56 64 57 53 59 63
h352 2 69 41 81 83 61 731 61 57 67 63 681 76 1272 88 40 481 60 52 76 72 61 651 62 66 82 62 661 701 79 75 60 52 57 53 56 56 41 53 59 63
h353 2 77 49 71 59 61 771 61 65 136 1402 722 721 68 115 601 681 56 56 80 76 491 53 62 62 94 66 501 541 79 79 60 52 61 61 56 56 41 45 63 63
h354 2 77 52 85 67 65 691 61 65 75 71 76 721 72 80 52 601 56 60 76 72 45 61 54 54 74 90 70 50 671 79 56 60 57 53 56 60 41 45 59 63
h355 2 45 77 85 59 691 811 61 49 71 67 801 681 72 68 52 56 56 56 76 72 491 612 62 58 70 66 541 621 711 593 56 56 61 65 56 56 57 53 63 63
h356 2 69 41 85 75 651 611 61 57 631 831 762 721 72 1391 52 56 76 64 76 76 53 61 62 54 94 90 661 621 672 711 56 56 61 65 56 64 41 57 59 63
h357 2 45 45 75 67 691 771 61 57 71 671 681 681 115 88 61 64 56 60 72 72 53 57 62 58 82 90 501 541 671 79 56 48 57 57 56 601 53 45 63 63
h358 2 77 41 85 71 731 77 61 53 71 67 681 721 115 1313 72 56 56 60 80 84 53 53 62 78 78 781 62 70 75 712 60 48 57 57 601 60 57 45 63 63
h359 2 69 41 67 1121 651 691 57 49 631 792 72 80 1391 87 52 601 56 72 80 76 53 57 58 54 74 90 70 701 75 711 56 48 57 53 56 56 53 53 59 63
h360 2 77 41 71 83 691 811 61 61 671 164 76 722 68 87 72 56 64 64 80 80 491 571 62 66 54 54 62 621 671 75 56 56 61 65 56 60 41 53 63 63
h361 2 69 52 55 100 651 69 61 65 831 752 681 722 115 119 40 40 68 68 80 80 53 571 62 54 90 62 661 541 672 672 56 60 61 61 56 60 41 45 63 63
h362 2 69 60 63 75 89 53 57 57 71 1282 641 76 1231 155 481 28 56 60 84 72 57 691 66 54 62 66 661 661 71 79 56 48 61 61 56 56 57 45 59 63
h363 2 45 41 71 89 691 49 61 61 79 792 722 80 1112 1591 40 56 56 76 80 72 491 57 62 62 82 78 661 66 671 71 56 60 61 65 601 68 57 57 63 63
h364 2 41 89 85 79 651 811 61 57 79 144 76 762 115 79 52 64 56 68 80 80 491 53 62 74 741 58 62 622 751 833 56 60 57 61 56 601 41 41 63 63
h365 2 41 49 71 59 651 73 57 69 71 144 801 681 72 83 441 602 56 64 80 76 53 57 78 75 741 66 70 66 671 711 56 52 61 53 56 601 41 57 63 63
h366 2 69 41 75 92 691 611 61 69 71 671 601 80 72 115 56 56 56 60 76 84 53 57 66 70 82 66 501 501 672 79 60 52 61 61 56 56 41 57 59 63
h367 2 73 52 85 88 651 691 65 65 71 1401 681 722 76 1391 52 56 56 56 76 84 491 45 62 70 70 82 581 701 71 59 56 52 61 53 60 64 57 45 63 63
h368 2 65 81 77 83 651 531 61 69 71 63 681 681 103 1112 40 681 56 56 76 72 612 61 74 58 82 90 66 54 671 712 56 56 57 61 56 56 57 57 59 63
h369 2 77 41 77 75 651 731 65 65 671 671 641 721 79 1112 52 71 60 64 76 72 53 571 58 66 54 82 461 621 711 711 56 56 61 61 56 56 41 37 63 63
h370 2 45 89 63 55 651 53 61 61 71 63 681 76 72 1152 52 481 56 68 76 76 57 57 62 50 82 66 661 661 79 711 52 48 57 65 68 64 41 57 59 63
h371 2 45 45 71 81 691 731 61 65 71 67 641 722 72 1431 601 601 56 60 72 72 491 53 54 54 82 62 581 50 79 75 56 56 65 65 56 56 41 41 63 63
h372 2 73 77 71 83 651 69 61 61 75 79 801 721 103 752 56 28 56 56 76 88 53 57 62 54 82 86 701 58 672 631 60 52 53 53 601 60 41 45 59 63
h373 2 73 41 85 71 691 69 61 49 71 752 682 64 72 1432 52 681 56 64 80 76 491 491 62 74 90 781 66 58 79 711 52 561 65 53 56 56 41 41 63 63
h374 2 45 81 85 81 65 80 61 65 75 67 801 681 72 1151 61 441 56 60 76 76 491 612 62 66 74 66 581 66 672 751 56 60 65 65 601 60 41 53 63 63
h375 2 73 48 59 89 69 69 61 57 75 67 72 681 68 76 56 65 56 60 80 72 57 45 66 54 54 62 62 66 671 711 56 60 65 53 56 56 41 41 63 63
h376 2 52 52 85 75 691 731 57 57 71 71 76 722 72 1192 52 72 56 72 80 92 57 61 74 66 86 141 701 541 672 79 52 48 57 61 56 56 41 53 63 63
h377 2 69 69 63 73 69 49 61 61 71 752 641 722 83 1391 52 57 56 72 76 72 491 61 62 66 70 66 62 58 71 711 56 56 57 61 56 56 41 57 63 63
h378 2 77 77 63 67 691 93 61 65 59 59 722 762 103 131 52 64 60 64 80 76 53 651 62 58 82 58 701 66 75 711 56 56 57 53 56 60 57 57 59 63
h379 2 56 52 63 55 731 69 61 65 67 752 682 681 72 119 52 52 72 68 80 84 57 65 74 50 62 66 661 621 71 75 60 48 57 61 56 64 41 41 63 63
h380 2 45 56 71 59 691 771 57 65 67 63 682 681 123 1431 52 601 60 60 80 84 57 65 66 54 82 741 62 70 79 712 56 48 57 65 60 60 41 45 59 63
h381 2 45 77 71 67 651 69 53 69 75 67 76 722 1431 87 52 40 56 72 84 72 53 57 62 75 74 86 70 70 71 593 56 561 61 65 56 56 41 57 63 63
h382 2 73 41 63 79 651 691 61 61 71 631 76 762 115 79 40 481 56 60 80 72 491 61 62 66 82 66 62 701 591 593 52 52 61 53 56 60 41 45 63 63
h383 2 73 77 63 71 651 49 61 69 67 79 641 682 64 80 56 441 56 56 80 76 57 57 62 66 86 66 661 66 79 75 56 52 57 61 56 641 41 45 59 63
h384 2 69 41 67 55 69 77 61 61 79 752 681 76 76 1232 65 73 56 56 88 72 45 651 54 82 82 82 581 66 672 79 52 52 57 61 56 56 57 45 63 63
h385 2 45 73 71 67 651 89 61 61 75 831 76 76 64 1031 601 481 56 56 72 72 491 53 66 66 62 66 501 741 79 711 60 60 61 53 56 68 53 53 63 63
h386 2 69 73 63 81 69 77 61 49 79 148 72 681 1111 1351 481 61 60 72 80 76 53 61 66 54 70 98 58 58 71 79 56 48 65 53 601 64 41 57 59 63
h387 2 45 56 63 81 691 69 57 65 71 671 76 722 76 115 40 681 56 56 80 80 491 45 62 58 82 78 661 701 751 75 60 48 57 61 60 60 57 57 59 63
h388 2 45 41 63 71 651 691 61 65 75 71 801 721 72 64 61 61 56 64 84 72 53 61 58 54 90 701 62 661 671 79 56 56 61 61 56 60 41 57 59 63
h389 2 45 49 63 67 69 49 61 65 631 67 722 84 79 127 61 64 56 72 76 88 61 37 62 54 74 66 70 58 711 552 56 48 61 65 56 64 37 611 59 59
h390 2 77 41 73 67 651 731 61 65 71 67 72 681 72 1112 52 71 60 68 80 80 53 53 62 62 82 82 661 70 672 751 56 60 57 57 56 56 41 45 63 63
h391 2 69 41 63 75 651 651 61 69 71 71 681 76 72 131 40 481 56 60 80 88 69 571 66 75 74 54 661 741 671 671 56 56 61 65 56 60 41 57 63 63
h392 2 41 52 63 88 691 45 61 61 631 792 76 721 72 1312 52 441 60 64 80 76 61 531 66 66 70 62 62 58 75 67 56 56 57 57 60 60 57 57 63 63
h393 2 73 65 63 81 651 691 61 61 792 671 722 721 72 72 601 64 56 64 76 84 57 57 74 54 82 66 62 621 672 593 56 48 57 61 56 56 41 57 63 63
h394 2 45 49 71 51 65 61 61 61 67 792 681 681 103 135 52 601 56 76 76 64 53 57 58 54 82 66 661 70 671 79 56 56 61 53 601 72 57 45 63 63
h395 2 45 41 71 55 651 771 61 61 71 67 681 722 115 1191 52 52 56 64 76 88 61 651 62 54 54 741 62 70 672 711 56 60 57 61 601 60 41 41 59 63
h396 2 45 52 75 69 691 571 61 57 79 712 641 722 115 155 52 56 56 64 80 72 57 65 70 54 82 62 62 621 671 71 60 60 53 53 56 72 41 45 63 63
h397 2 73 52 63 79 611 771 61 61 631 67 681 681 87 87 52 601 56 56 80 84 53 57 66 54 70 74 58 67 71 79 56 56 61 53 56 60 41 57 59 63
h398 2 41 81 79 67 691 73 61 61 75 712 681 76 64 1152 52 65 56 601 80 88 53 53 62 58 82 78 621 621 672 672 56 48 57 65 601 60 53 53 63 63
h399 2 73 77 71 81 691 611 61 57 71 752 72 76 72 143 52 56 64 72 80 72 491 491 74 75 90 86 70 66 671 552 56 52 61 61 56 68 53 45 59 63
h400 2 45 77 92 89 65 89 61 61 75 63 681 722 1313 155 52 601 56 60 76 76 57 651 70 54 82 62 58 58 552 712 60 60 57 53 56 60 41 41 63 63
h001 3 45 52 63 85 771 73 61 57 631 67 76 761 68 137 601 68 60 60 88 84 45 61 58 54 90 86 701 621 79 711 56 52 57 57 56 56 41 41 63 55
h002 3 77 41 85 77 691 771 61 65 63 752 72 681 64 1431 52 64 56 60 76 72 53 571 66 54 82 82 62 661 672 79 56 56 57 61 56 56 41 53 63 63
h003 3 73 52 71 59 691 49 65 69 712 833 801 76 1391 1391 52 601 60 64 88 88 53 53 62 50 70 86 621 621 751 75 56 60 61 65 56 56 41 61 63 63
h004 3 73 52 83 88 691 49 57 57 79 136 762 84 1231 87 52 52 60 68 92 76 53 49 62 66 82 741 701 66 711 551 56 52 61 65 56 56 57 45 59 63
h005 3 69 49 85 75 65 691 61 61 631 752 681 681 72 1112 52 65 56 601 76 76 57 571 50 58 82 90 66 58 79 711 56 60 57 61 56 56 45 49 63 63
h006 3 69 52 63 78 65 77 61 49 75 712 722 80 72 72 52 64 60 64 80 72 45 61 66 54 70 62 62 541 75 75 60 48 57 61 56 56 57 57 63 63
h007 3 56 49 71 88 65 731 61 61 67 671 762 841 64 79 52 40 64 641 80 80 491 57 62 66 82 62 70 66 751 79 56 561 57 65 56 60 41 41 59 63
h008 3 45 69 63 93 611 49 61 61 831 59 801 681 1151 1152 52 602 56 72 76 84 53 61 62 74 82 90 62 582 672 71 56 56 57 61 56 601 41 53 63 63
h009 3 69 56 63 51 57 61 61 69 67 63 682 80 83 119 52 52 56 60 80 88 53 45 58 66 94 62 50 582 79 711 60 64 57 57 56 601 41 41 63 63
h010 3 73 41 79 78 49 771 61 65 71 59 681 681 72 127 52 64 56 68 88 72 53 61 70 54 74 62 62 661 791 792 56 48 53 53 56 56 41 57 59 63
h011 3 45 69 63 75 811 69 61 65 63 831 681 722 68 143 52 40 56 64 80 80 57 531 74 54 78 62 541 582 672 71 56 52 57 57 56 56 41 45 63 63
h012 3 77 49 63 75 651 651 57 57 71 71 762 84 752 1431 52 64 60 52 76 84 53 57 50 66 82 86 62 621 672 552 60 52 65 53 68 64 45 45 63 55
h013 3 45 56 67 59 651 811 61 65 67 752 80 762 103 87 601 65 56 60 92 72 491 61 74 50 70 78 661 582 671 711 60 60 57 61 56 60 57 57 63 63
h014 3 73 77 73 100 691 73 61 61 75 75 72 681 72 68 601 481 56 72 80 84 45 61 58 78 82 82 66 54 671 672 56 56 57 61 56 56 41 57 63 55
h015 3 69 73 63 59 65 611 61 57 67 63 721 84 131 1313 56 61 60 64 76 76 612 57 54 54 94 66 62 621 71 79 56 52 57 61 601 641 41 57 63 63
h016 3 77 52 63 71 65 65 61 57 71 79 76 721 131 87 52 40 56 64 80 76 53 65 66 70 62 781 58 58 672 79 60 48 57 61 56 56 41 57 63 63
h017 3 69 41 63 67 69 69 61 53 67 671 72 801 64 131 56 64 60 72 80 88 53 57 62 54 90 781 58 621 71 593 60 60 61 61 56 56 57 45 63 63
h018 3 69 41 63 1001 651 77 61 61 831 752 72 68 1151 1193 52 52 64 72 80 80 53 57 58 58 86 62 62 741 671 59 56 56 61 53 56 601 41 61 59 63
h019 3 73 49 63 75 65 731 61 73 71 67 641 76 72 1391 481 36 56 64 80 72 53 57 50 66 90 66 66 741 671 672 56 60 61 61 56 56 57 49 63 67
h020 3 69 41 89 78 65 651 61 69 75 631 722 722 103 139 52 56 56 48 80 84 61 651 58 54 66 141 58 78 75 75 52 48 61 61 56 56 57 57 63 55
h021 3 56 41 63 67 691 771 61 57 71 63 681 76 1232 1391 56 481 56 60 80 76 53 61 62 50 82 62 661 66 71 711 60 52 61 65 56 68 57 53 59 67
h022 3 41 41 67 78 771 73 61 53 75 752 681 76 68 76 52 52 60 60 80 92 53 61 62 54 82 82 58 54 671 79 60 48 61 61 56 64 53 37 63 63
h023 3 45 45 63 88 731 491 53 53 71 67 72 682 68 80 52 40 56 56 76 76 57 65 62 54 82 66 66 582 79 593 60 60 57 61 56 56 41 53 63 63
h024 3 45 41 63 55 651 571 61 69 71 71 722 721 119 1313 52 481 60 68 76 72 57 61 62 66 82 90 70 66 71 711 48 48 57 61 56 60 41 45 63 63
h025 3 45 41 63 81 771 73 61 49 67 67 682 722 64 119 601 681 60 60 88 72 53 69 70 70 82 66 66 621 71 79 56 56 57 53 56 681 57 53 59 63
h026 3 73 48 75 81 77 80 57 57 71 71 681 84 123 1113 601 56 56 56 88 84 57 65 62 66 66 66 581 54 672 79 56 56 61 61 56 601 41 45 63 63
h027 3 45 52 73 55 651 731 61 57 671 136 72 76 64 68 61 64 56 56 84 72 53 571 58 66 82 141 62 54 79 551 60 52 57 61 56 60 41 53 63 55
h028 3 73 65 63 67 691 49 61 65 63 712 681 721 68 80 36 641 56 56 76 84 57 65 62 50 82 62 58 582 671 751 60 52 61 53 56 56 53 45 63 55
h029 3 45 52 63 55 65 651 61 69 75 75 722 80 64 1112 52 641 56 56 80 72 53 57 74 66 62 98 58 67 672 79 56 52 57 61 56 64 41 57 63 55
h030 3 65 49 73 75 65 771 61 53 67 671 641 72 103 1112 56 64 56 60 72 72 53 61 62 66 78 141 62 661 671 79 56 52 61 53 56 56 41 61 63 63
h031 3 45 41 85 70 65 691 61 69 71 712 76 762 72 80 56 64 60 64 76 84 57 57 74 54 62 66 661 541 671 751 56 60 57 61 56 60 41 57 63 63
h032 3 45 65 73 93 691 69 57 65 71 831 681 762 64 68 28 641 60 60 76 88 57 57 66 66 82 66 66 66 711 711 60 48 61 61 60 60 41 57 63 63
h033 3 56 41 85 83 691 69 61 65 71 71 801 681 1112 1111 52 601 56 64 80 72 53 61 50 58 82 66 70 541 672 711 56 60 57 53 56 601 57 57 59 63
h034 3 45 73 79 74 65 69 61 57 71 1402 681 841 68 1112 52 36 56 56 80 84 491 53 62 62 82 62 701 501 71 75 56 52 61 61 56 56 53 45 63 63
h035 3 41 41 63 71 651 651 61 57 67 55 722 601 1112 87 601 64 56 60 80 72 57 61 66 70 62 501 58 621 751 551 56 60 57 61 60 64 41 53 63 63
h036 3 69 77 79 71 611 771 57 65 75 671 681 721 72 1312 56 64 60 64 88 72 53 612 62 70 741 501 661 661 751 79 56 56 57 57 56 601 57 57 63 63
h037 3 45 65 67 70 691 811 61 61 75 71 682 762 83 1271 52 56 56 60 92 88 612 571 70 54 70 701 66 541 672 672 56 52 57 57 60 641 57 61 63 63
h038 3 73 73 67 101 65 691 61 61 67 712 681 722 115 1313 52 40 56 56 80 76 53 57 62 66 90 62 661 581 751 593 56 60 57 61 56 56 53 53 59 63
h039 3 45 65 63 83 65 49 61 57 67 792 681 76 80 1112 52 40 56 68 80 84 491 61 66 70 70 78 661 58 75 711 60 48 61 53 56 56 41 41 59 63
h040 3 65 52 80 80 65 651 61 73 71 71 72 681 68 76 52 72 56 641 80 76 45 61 74 66 94 86 62 661 75 551 56 56 61 61 56 60 41 53 63 63
h041 3 45 73 63 59 69 89 61 61 67 63 681 721 76 115 52 56 641 601 80 88 57 57 62 66 70 86 501 541 671 792 48 561 61 61 56 60 57 53 63 63
h042 3 69 77 63 85 69 771 61 57 71 67 641 681 68 712 601 56 60 60 80 76 612 57 62 54 82 62 66 582 711 67 56 561 57 53 56 56 45 45 59 63
h043 3 65 41 63 85 69 69 57 57 71 67 762 84 68 1112 52 64 56 68 76 88 53 57 62 50 82 62 581 741 672 75 56 56 61 61 56 601 57 57 59 63
h044 3 69 52 71 75 69 771 65 69 671 712 681 841 72 72 52 68 56 601 84 72 57 61 62 62 70 701 661 701 671 75 56 56 57 53 56 72 41 611 59 63
h045 3 45 56 75 67 651 69 65 65 71 872 72 722 68 119 52 481 64 72 76 88 491 53 62 58 78 66 62 58 59 59 52 48 57 61 56 56 57 57 63 63
h046 3 45 73 79 81 651 771 61 65 75 75 681 681 72 1272 52 80 56 56 76 76 571 531 62 62 82 141 58 541 671 712 56 48 57 53 56 60 57 45 59 63
h047 3 73 56 63 67 651 691 61 73 79 752 72 721 68 79 601 56 60 60 80 76 53 69 74 54 86 741 58 58 79 711 56 64 61 53 56 60 41 53 59 63
h048 3 60 84 63 67 731 73 61 61 75 75 681 722 68 76 52 52 56 60 80 88 53 57 58 58 86 62 62 54 671 552 56 60 61 53 56 56 57 57 63 63
h049 3 49 49 63 71 771 85 61 57 75 67 682 76 64 143 481 64 64 52 80 76 61 61 62 70 74 90 661 661 671 75 60 52 57 61 56 64 41 49 63 63
h050 3 45 69 67 55 651 73 61 61 75 75 72 72 79 1311 64 64 56 72 80 76 491 491 70 70 54 741 701 66 672 711 56 60 53 53 56 641 53 45 59 63
h051 3 45 69 67 81 65 771 61 65 71 752 72 681 72 752 601 64 56 60 76 88 57 571 62 62 82 62 621 621 671 751 56 56 57 61 56 601 41 41 59 63
h052 3 73 73 71 55 651 571 61 65 67 752 72 801 76 83 52 71 64 68 80 76 53 61 66 66 86 501 62 661 75 711 56 56 57 61 56 601 41 57 63 63
h053 3 56 61 63 70 65 81 61 61 71 671 72 681 72 64 601 61 56 60 80 76 57 45 66 54 70 66 621 582 671 67 56 48 61 61 60 641 41 57 63 63
h054 3 69 77 67 67 65 651 61 57 71 631 762 84 72 83 64 64 56 60 80 72 53 57 62 58 82 58 58 541 75 75 56 60 61 65 56 56 41 37 59 63
h055 3 77 56 63 79 69 53 53 73 631 671 76 76 1112 1591 52 681 56 52 76 76 57 65 74 70 70 58 741 621 671 59 56 48 57 65 60 64 57 57 63 63
h056 3 56 52 55 55 691 691 61 69 67 833 76 722 64 87 52 52 56 64 76 76 491 57 62 58 82 62 501 58 71 71 56 52 61 53 56 56 57 45 63 63
h057 3 69 41 55 81 771 85 61 57 63 792 641 841 68 1313 52 602 56 60 80 80 491 57 50 82 82 66 701 67 75 711 56 60 57 57 56 64 41 53 63 63
h058 3 56 56 89 104 77 93 61 61 75 63 722 722 64 155 56 68 56 64 80 72 61 61 66 66 78 78 62 62 671 59 56 60 61 53 56 68 57 53 59 63
h059 3 69 73 77 55 65 89 61 65 75 75 76 721 83 1111 64 64 60 64 80 72 57 57 62 66 70 66 66 50 79 79 56 48 57 61 56 60 41 53 59 63
h060 3 77 41 71 75 77 771 57 57 75 55 72 80 1112 1391 64 79 56 60 76 84 491 53 62 70 74 741 66 78 552 59 56 56 57 61 60 64 57 53 59 63
h061 3 45 84 63 75 65 651 61 61 631 79 801 721 64 143 601 481 56 761 76 72 61 65 62 70 82 62 501 582 672 711 48 48 61 53 56 56 37 45 63 67
h062 3 73 41 71 70 651 69 61 61 71 831 76 722 76 76 52 52 56 68 76 76 57 65 66 66 86 58 701 582 75 711 56 60 61 65 60 60 41 53 63 55
h063 3 69 73 71 67 651 771 57 65 75 63 80 721 64 64 56 56 64 64 84 72 491 57 70 54 62 62 541 621 672 711 56 60 61 61 56 60 57 45 63 55
h064 3 56 41 81 70 691 77 61 61 71 164 801 722 68 80 52 52 56 60 80 72 491 57 50 54 78 62 70 581 79 79 56 64 57 61 56 601 41 57 59 59
h065 3 77 52 85 83 65 731 61 65 67 671 641 722 68 1431 56 56 56 64 76 84 491 57 62 66 82 90 62 58 71 711 52 52 61 61 56 601 41 41 63 67
h066 3 56 61 71 70 61 811 61 65 67 136 641 801 68 123 52 52 64 601 80 76 69 571 62 70 70 66 62 581 79 711 56 48 65 53 56 641 57 53 63 63
h067 3 45 84 75 89 651 731 57 65 71 164 641 722 68 155 52 52 60 64 76 88 57 45 58 66 62 62 62 54 751 79 60 52 61 61 56 56 45 611 63 55
h068 3 73 65 85 74 651 731 61 65 75 79 72 84 72 87 601 40 48 72 80 76 53 53 62 70 70 98 701 582 71 593 56 48 57 61 56 601 41 41 59 63
h069 3 41 60 83 89 65 731 65 69 71 63 72 72 64 1272 52 601 56 56 80 72 53 57 50 66 78 741 62 66 671 672 60 52 61 65 56 72 53 45 63 63
h070 3 45 41 85 73 65 651 61 65 67 752 681 681 64 131 52 601 56 601 76 88 57 69 74 70 70 501 62 541 671 79 56 56 61 61 56 56 41 45 59 63
h071 3 69 81 77 711 811 69 61 65 71 79 681 80 68 115 52 601 56 60 80 76 53 57 62 54 74 62 701 462 751 79 56 52 57 61 56 68 41 57 59 63
h072 3 56 52 59 70 69 69 57 65 75 833 681 722 143 1312 601 56 64 641 80 72 491 651 66 70 82 66 661 541 671 79 48 48 57 61 56 56 57 53 63 63
h073 3 65 41 63 71 65 81 61 61 67 59 681 68 752 87 61 64 60 60 80 80 53 61 62 54 74 62 62 701 672 59 56 48 57 61 56 60 57 45 59 55
h074 3 73 65 63 71 65 771 65 65 67 752 762 762 72 76 481 75 60 60 76 76 53 57 66 54 78 98 661 58 671 751 56 56 57 57 56 601 41 57 63 63
h075 3 41 52 71 59 691 69 61 65 75 67 76 76 119 1031 52 601 56 60 76 84 53 53 62 70 70 82 62 70 79 75 60 60 65 65 56 56 57 57 59 55
h076 3 41 60 63 63 69 73 57 69 75 67 641 721 72 87 52 56 56 64 76 88 491 53 66 54 74 62 701 54 711 59 56 52 57 53 56 641 45 49 59 63
h077 3 77 52 80 88 691 61 61 65 831 833 76 722 68 76 52 481 56 60 80 84 61 65 62 58 74 62 62 63 75 67 56 56 57 61 601 64 41 53 59 55
h078 3 41 60 63 85 651 693 61 69 71 752 76 762 76 76 52 52 56 64 80 88 57 57 58 78 66 66 701 53 71 711 56 56 61 65 56 60 41 41 59 63
h079 3 45 56 71 80 691 691 65 69 75 71 722 80 1112 1271 52 56 56 64 76 72 57 61 74 66 82 90 62 54 672 751 56 60 57 61 56 56 41 45 59 63
h080 3 73 60 63 71 651 811 61 57 792 831 641 681 64 1591 56 641 56 68 80 76 612 61 50 54 62 62 62 62 79 593 48 64 61 53 56 64 41 57 59 63
h081 3 73 49 79 81 77 812 61 57 75 63 80 80 68 76 52 64 60 60 92 76 53 61 74 58 70 78 581 582 751 79 56 52 61 65 56 56 41 41 63 63
h082 3 69 49 79 81 69 771 57 65 71 63 721 68 72 68 52 52 60 60 80 72 53 57 62 62 62 66 661 50 75 63 56 56 53 53 56 56 57 45 59 63
h083 3 45 41 85 67 65 771 61 65 71 671 681 722 72 64 52 52 56 60 80 88 53 45 62 66 74 661 541 54 671 79 60 48 61 65 56 641 41 37 59 63
h084 3 45 77 75 83 65 731 61 53 67 671 76 841 115 88 72 56 56 60 80 72 491 53 62 50 70 90 701 501 71 71 60 48 57 57 56 60 57 45 63 63
h085 3 65 49 63 79 65 69 57 69 75 55 681 762 64 68 52 52 56 641 80 88 491 61 70 54 82 62 62 501 79 75 56 48 57 61 56 601 41 61 59 63
h086 3 45 41 63 67 651 691 61 49 75 792 681 722 64 79 52 56 56 64 76 72 65 65 66 66 82 90 501 541 79 79 56 60 57 65 60 64 57 53 63 63
h087 3 69 65 71 67 651 691 61 61 75 71 72 68 68 115 64 28 56 60 84 84 53 57 58 58 62 741 501 50 751 75 56 60 57 61 56 64 57 45 59 63
h088 3 45 41 81 80 651 77 61 57 75 671 72 722 76 76 52 601 56 56 76 88 53 57 74 54 70 62 581 501 672 711 60 52 57 53 56 64 41 41 59 63
h089 3 45 41 63 55 771 73 61 57 831 752 76 76 68 87 56 56 64 68 92 76 57 57 50 66 94 62 661 541 75 552 60 48 53 53 56 601 53 611 59 63
h090 3 73 48 63 55 691 77 61 65 75 792 76 721 68 1271 52 52 56 56 80 88 57 57 54 54 82 62 70 501 79 79 56 56 57 53 56 56 41 45 63 63
h091 3 77 52 63 55 691 81 61 65 752 752 801 681 103 79 601 56 60 60 80 72 57 61 58 66 74 58 70 501 671 79 56 52 57 57 56 60 57 57 63 63
h092 3 69 52 63 81 651 69 61 61 671 752 682 722 83 752 52 641 56 56 80 76 53 57 74 58 66 66 661 58 751 79 60 48 61 61 60 64 53 531 59 63
h093 3 69 65 67 74 731 611 61 57 67 671 76 722 72 87 601 40 60 64 80 76 53 61 74 54 70 741 701 501 671 552 56 64 57 61 56 68 41 57 63 63
h094 3 69 77 63 80 65 731 61 65 631 67 801 722 68 79 64 441 56 641 80 88 571 571 62 62 82 98 62 58 79 711 56 561 57 65 56 56 41 57 63 55
h095 3 69 49 63 67 651 69 61 53 67 752 681 76 72 72 40 64 56 56 76 72 53 53 62 66 74 78 70 66 71 79 56 64 61 65 56 60 41 57 63 63
h096 3 45 69 63 84 651 811 61 65 75 671 801 681 64 1591 52 601 60 64 80 76 61 61 62 66 70 62 62 501 75 792 56 56 61 53 60 641 45 61 63 63
h097 3 45 77 85 85 651 69 61 61 75 63 681 64 752 1112 52 64 56 64 88 84 53 53 50 58 74 58 70 58 672 672 48 48 61 53 56 60 41 41 59 63
h098 3 69 41 73 100 69 53 61 61 752 164 76 80 68 68 52 481 60 72 92 76 61 61 62 74 74 62 701 53 71 79 56 60 57 65 56 60 41 45 63 63
h099 3 45 77 75 67 65 69 61 69 75 712 80 762 64 76 56 64 56 60 76 72 491 571 58 70 70 781 70 66 711 552 56 56 57 61 56 56 41 57 63 63
h100 3 41 41 81 88 651 611 65 65 67 67 76 843 1112 1272 52 681 56 60 80 76 53 57 58 54 86 501 701 582 75 792 56 56 57 53 56 56 37 49 63 63
h0011 4 73 77 79 71 65 651 61 61 75 67 72 681 68 119 601 40 60 68 80 80 61 49 62 62 70 90 621 54 79 75 60 48 61 61 56 64 57 57 63 55
h0021 4 69 49 63 74 651 69 61 65 75 671 681 76 68 1151 61 68 64 64 76 72 61 571 58 66 90 661 70 741 71 593 56 60 57 61 56 56 45 45 63 63
h0031 4 45 60 71 83 651 691 61 49 63 79 76 722 64 79 56 481 56 60 80 80 61 571 62 58 82 66 661 621 75 67 56 48 57 53 56 56 57 61 63 63
h0041 4 77 41 79 89 651 611 61 61 75 1402 681 722 68 68 52 64 56 68 80 92 53 61 58 66 70 70 701 58 71 59 56 56 57 57 56 56 41 53 63 55
h0051 4 69 65 79 89 691 61 61 73 671 164 722 84 64 1271 52 40 60 641 76 72 53 651 62 66 54 62 62 582 671 711 56 56 57 53 56 56 53 45 59 63
h0061 4 69 77 63 71 731 81 57 57 75 71 681 762 64 1431 40 64 60 72 80 76 57 57 50 66 86 741 62 66 79 79 56 60 57 65 601 60 41 57 63 55
h0071 4 77 41 85 104 65 651 61 53 63 136 681 76 64 76 52 56 60 64 76 76 53 61 50 66 90 501 66 582 672 79 56 56 57 57 56 60 41 49 59 63
h0081 4 73 65 63 75 65 651 53 73 75 75 762 841 68 115 601 601 56 64 80 76 491 491 70 54 82 741 58 582 751 75 56 56 57 61 56 60 53 53 63 55
h0091 4 69 41 63 55 45 771 61 65 67 63 72 762 68 76 52 481 64 601 80 80 57 65 58 66 70 82 501 582 79 79 56 56 57 61 56 601 41 57 59 59
h0101 4 45 56 75 80 69 69 61 69 75 67 72 681 64 1313 481 61 56 60 80 84 491 612 62 66 82 62 70 66 79 711 56 60 61 61 56 56 53 45 63 63
h0111 4 77 56 67 74 651 61 61 65 75 75 72 682 68 1272 56 64 64 72 76 88 57 57 74 70 62 62 70 70 751 552 56 52 57 53 60 60 45 45 63 55
h0121 4 73 52 67 67 691 69 61 53 63 671 681 80 76 752 56 481 56 64 80 72 61 61 62 62 78 66 661 46 79 552 56 52 57 57 56 68 41 53 63 63
h0131 4 69 89 81 70 771 771 61 57 71 63 72 681 72 72 52 56 60 60 80 72 57 57 62 74 94 62 62 541 71 551 56 60 57 53 56 56 57 61 63 63
h0141 4 69 56 63 74 65 651 61 69 831 752 76 762 68 83 601 601 56 72 76 88 57 57 74 70 94 62 621 54 711 552 60 48 57 61 56 60 57 53 63 55
h0151 4 77 65 63 55 65 811 61 65 67 712 681 80 1191 1272 64 602 60 641 80 84 53 53 62 74 90 90 66 66 71 75 56 56 57 65 56 60 41 53 63 63
h0161 4 45 41 63 74 651 69 61 65 75 71 76 80 72 64 56 56 60 68 80 84 491 53 62 66 82 106 70 621 671 71 56 64 57 53 56 56 41 41 59 63
h0171 4 73 41 71 80 65 691 61 57 75 831 76 722 68 127 52 52 60 72 76 88 45 571 74 66 82 781 58 582 671 79 56 64 57 65 56 601 57 61 63 55
h0181 4 73 52 63 67 651 73 61 57 71 752 72 841 64 79 40 64 56 56 76 76 53 49 50 66 90 62 58 54 71 79 56 52 61 53 56 601 41 57 63 55
h0191 4 77 65 63 67 731 73 61 61 71 831 681 841 64 1391 56 602 56 68 76 72 57 65 50 54 78 501 661 661 672 833 56 64 61 61 56 60 41 57 59 63
h0201 4 45 65 71 55 65 69 61 57 67 752 72 682 72 1431 601 602 60 64 80 80 57 57 62 58 74 66 701 50 71 75 56 60 61 53 601 60 41 45 63 63
h0211 4 69 41 63 71 691 731 57 65 71 712 76 841 68 1071 52 52 60 60 88 88 53 65 62 54 78 741 62 661 711 551 56 64 61 53 56 56 57 57 59 63
h0221 4 69 49 85 81 65 73 61 61 63 872 72 841 64 115 481 481 60 60 80 84 491 53 58 54 82 62 62 621 79 711 56 48 61 61 56 60 45 611 63 63
h0231 4 73 40 71 55 77 73 61 53 75 671 801 721 68 1031 52 601 56 64 80 76 53 53 58 58 54 58 62 54 79 551 56 56 61 53 56 56 57 45 63 63
h0241 4 69 73 63 81 731 811 57 73 75 67 681 722 64 87 52 641 56 56 80 72 53 61 74 70 62 58 62 54 792 59 56 60 61 65 56 60 57 57 63 63
h0251 4 45 73 85 55 69 771 61 61 75 71 72 761 68 131 56 64 72 68 80 80 53 69 58 58 74 62 661 54 71 79 60 60 57 53 56 60 57 45 59 55
h0261 4 69 41 67 55 691 77 61 69 71 67 641 681 64 1111 681 641 56 64 80 84 57 57 66 66 78 58 70 541 751 79 56 56 61 65 56 56 45 49 63 55
h0271 4 45 65 63 104 65 73 61 65 63 712 682 762 72 64 601 601 56 56 80 80 53 571 74 50 66 141 62 54 79 792 52 52 61 53 60 64 41 49 63 63
h0281 4 45 73 71 75 69 69 57 73 71 136 762 721 64 68 52 481 56 48 92 76 53 61 58 58 62 62 62 66 71 63 52 48 57 61 56 72 41 45 63 55
h0291 4 65 41 63 55 69 771 61 69 75 71 801 722 72 83 52 57 56 60 92 84 53 612 62 58 78 66 501 58 79 711 52 48 57 61 56 601 57 57 63 55
h0301 4 65 52 71 78 571 771 57 57 67 67 681 80 64 80 52 61 60 60 80 76 53 651 66 66 66 501 78 54 79 75 56 60 61 53 60 64 57 57 59 63
h0311 4 65 60 75 78 651 731 61 65 71 67 76 76 76 123 72 64 56 56 76 76 57 61 62 58 82 98 70 58 79 79 60 48 57 61 56 56 53 611 63 63
h0321 4 73 65 73 88 65 69 57 53 71 71 722 722 72 1112 481 71 56 60 76 76 53 57 50 54 70 58 66 66 671 71 52 52 57 53 56 56 41 57 59 55
h0331 4 52 52 63 73 651 691 61 61 75 1402 721 68 72 1151 72 56 56 601 76 84 57 57 70 70 82 501 661 54 751 71 48 64 61 61 56 56 41 45 59 63
h0341 4 45 45 85 67 571 771 57 65 75 671 801 762 72 1312 52 40 56 56 76 76 53 57 74 58 82 66 501 58 79 711 52 52 61 53 64 64 41 57 63 63
h0351 4 77 48 63 79 651 77 61 57 75 71 681 721 76 83 52 64 60 60 80 88 61 61 62 54 62 741 58 54 59 59 56 60 61 53 56 56 57 53 63 63
h0361 4 77 41 67 74 691 69 61 65 75 79 801 64 72 103 601 64 56 64 76 72 57 61 54 54 82 141 661 66 672 79 56 56 57 53 56 60 53 45 59 63
h0371 4 69 65 85 78 611 611 61 61 71 67 72 72 68 68 64 64 56 56 76 84 53 57 50 54 70 70 62 66 79 552 56 60 57 57 56 60 41 45 59 63
h0381 4 69 69 79 83 65 61 61 61 75 671 681 76 143 1113 52 601 64 641 80 72 57 571 58 66 62 62 66 582 672 79 52 52 61 65 56 60 53 45 63 63
h0391 4 45 41 63 67 65 69 61 57 67 67 801 681 64 60 64 71 56 64 80 76 57 37 62 70 701 501 621 50 71 75 56 56 57 53 56 56 41 45 63 63
h0401 4 49 84 63 59 811 73 61 57 67 63 722 721 64 119 64 68 56 60 80 72 69 49 70 54 82 62 66 67 671 79 56 60 57 61 56 56 57 57 63 63
h0411 4 77 41 88 74 65 691 61 65 67 67 72 681 64 76 481 64 60 60 76 88 61 61 62 50 86 501 701 66 671 712 56 52 57 65 601 64 57 611 59 63
h0421 4 73 73 85 89 69 77 61 65 59 712 641 64 1151 115 52 481 56 64 92 84 53 53 58 70 78 62 661 70 671 71 60 60 57 53 56 60 57 57 63 63
h0431 4 69 41 55 70 65 611 61 61 71 67 681 76 68 1472 52 56 60 641 80 76 61 571 58 70 82 78 58 541 71 79 56 60 61 61 56 56 41 57 63 63
h0441 4 73 40 63 74 65 691 65 73 75 71 722 762 80 752 52 64 76 68 76 84 53 531 58 54 62 62 58 541 671 71 56 48 57 61 56 56 41 57 59 55
h0451 4 45 65 71 55 77 49 61 57 631 55 601 841 72 115 52 52 56 64 76 76 491 61 62 66 82 90 461 58 71 79 56 56 57 61 56 64 57 57 59 55
h0461 4 77 56 71 78 69 49 65 49 75 164 72 722 115 1112 52 64 56 64 80 80 57 65 66 70 82 78 501 54 79 75 56 64 53 53 56 56 41 61 63 55
h0471 4 69 52 63 71 69 85 61 65 67 752 681 681 68 83 52 52 56 72 88 84 491 57 62 58 86 62 62 54 79 791 56 48 57 61 56 60 41 57 59 63
h0481 4 45 45 71 104 69 77 57 69 71 55 681 722 72 64 52 40 56 60 92 84 57 57 62 66 78 62 661 50 71 552 56 60 53 53 60 681 41 61 63 55
h0491 4 45 65 63 55 651 49 61 65 71 119 72 80 72 752 56 64 56 64 80 80 53 57 58 66 82 102 621 54 672 79 56 64 61 53 56 60 41 45 63 55
h0501 4 73 52 63 59 65 85 61 57 75 71 722 601 64 60 52 64 56 72 80 76 491 57 66 54 62 66 661 701 71 711 56 52 57 65 56 56 41 61 63 63
h0511 4 77 52 59 78 651 731 61 57 67 831 76 76 72 127 40 61 60 60 76 72 57 57 62 50 62 58 66 54 79 79 56 56 57 53 56 56 41 45 59 63
h0521 4 73 41 63 67 731 731 65 69 75 59 84 841 64 80 52 56 56 60 76 72 57 61 62 50 70 70 66 582 751 75 60 48 57 65 56 56 41 49 59 55
h0531 4 69 56 81 104 65 651 57 53 67 136 681 681 72 115 40 64 56 76 92 72 53 612 66 66 82 62 701 582 71 71 56 48 65 53 56 56 41 57 63 63
h0541 4 73 65 55 88 651 77 57 65 79 55 76 762 1151 139 64 68 56 60 88 72 53 61 62 66 62 781 66 58 71 79 56 56 57 57 56 60 41 41 63 55
h0551 4 45 77 71 70 651 77 57 65 71 752 76 841 1112 1193 52 601 60 60 76 88 53 57 50 66 86 622 62 54 671 79 56 52 61 65 56 56 41 45 63 55
h0561 4 73 73 63 81 651 69 61 61 67 752 641 681 64 1391 52 601 64 72 76 88 61 61 62 62 70 501 581 54 751 75 56 56 57 57 56 56 41 611 63 55
h0571 4 65 52 63 74 731 69 61 57 67 712 681 722 64 68 601 56 56 64 80 76 57 61 62 62 62 66 62 582 79 79 56 48 57 57 60 64 41 57 63 63
h0581 4 69 48 85 75 69 652 61 57 75 67 76 841 72 76 72 64 56 64 76 76 61 65 62 58 54 82 581 582 751 551 56 52 61 61 56 60 41 57 63 63
h0591 4 69 41 63 59 691 77 61 61 71 831 681 722 64 143 52 56 56 76 76 88 612 69 58 66 70 86 661 50 75 711 56 48 57 53 56 601 57 57 59 63
h0601 4 73 77 67 74 611 69 61 57 75 792 72 722 68 115 601 601 60 60 76 88 57 45 62 74 78 62 58 541 671 79 56 64 57 53 56 60 41 41 63 55
h0611 4 73 65 55 116 651 73 61 61 67 67 721 84 68 76 52 52 60 64 80 76 57 57 50 54 62 781 62 741 71 75 48 48 57 57 56 60 57 57 63 63
h0621 4 69 77 63 51 69 69 61 53 67 831 72 722 72 68 52 64 56 64 80 80 53 53 50 66 78 741 701 50 671 79 48 64 61 53 56 56 41 41 59 55
h0631 4 73 41 73 55 731 73 61 65 71 671 72 722 115 139 52 64 60 60 76 88 53 57 50 70 78 66 462 54 71 711 56 48 61 53 56 60 41 611 63 63
h0641 4 69 41 63 59 77 49 65 53 63 59 801 681 64 68 52 64 56 72 80 72 53 57 50 58 82 86 661 621 671 75 56 56 57 57 56 60 45 61 63 55
h0651 4 45 49 69 51 69 771 61 57 67 752 76 80 1272 1271 52 56 56 60 80 92 53 651 62 50 78 78 501 541 671 79 56 56 61 65 56 56 41 611 59 59
h0661 4 73 65 63 71 691 771 61 57 71 752 722 68 64 79 64 641 60 72 80 76 57 61 62 70 70 501 62 661 672 79 56 60 57 65 60 64 41 41 63 63
h0671 4 45 65 55 101 651 77 61 61 75 67 681 881 72 64 52 601 56 64 76 76 57 61 62 66 82 62 58 582 671 672 52 48 57 53 56 60 57 37 63 63
h0681 4 45 65 63 89 651 611 61 61 71 79 76 84 64 1311 72 64 60 641 76 88 53 53 62 50 78 622 62 582 712 551 56 56 57 53 56 64 57 53 63 67
h0691 4 73 77 59 78 651 651 61 65 71 631 72 722 72 1071 61 64 60 64 80 72 53 57 62 58 74 62 581 54 671 79 56 60 61 53 56 56 41 57 63 63
h0701 4 73 41 88 97 77 49 61 61 75 71 76 721 119 1391 52 52 56 60 80 76 61 65 58 66 70 501 58 58 71 79 56 56 61 53 56 56 57 49 63 55
h0711 4 73 48 67 83 65 651 61 57 67 833 681 681 64 83 56 641 64 68 80 88 53 57 74 58 62 62 66 541 71 79 56 64 61 65 56 60 57 45 63 63
h0721 4 73 77 63 78 65 73 57 65 71 831 72 76 68 1391 52 52 56 64 80 76 45 61 58 78 86 78 661 54 71 79 56 56 57 53 56 64 57 53 63 63
h0731 4 45 65 63 67 65 651 61 65 71 63 76 68 72 131 52 52 56 60 80 84 53 61 66 70 70 106 621 582 672 75 52 48 57 61 56 60 41 41 63 63
h0741 4 45 52 71 70 65 691 61 57 75 792 762 68 64 115 56 56 60 60 80 72 53 57 62 50 62 62 62 62 672 71 56 56 57 65 601 60 41 57 63 63
h0751 4 69 73 55 1001 65 69 57 73 631 67 681 681 72 1112 52 56 56 60 80 84 57 61 62 70 78 501 701 54 672 551 56 64 57 53 56 60 41 53 59 63
h0761 4 56 41 63 75 65 691 61 57 67 67 80 84 131 1193 52 601 56 60 80 72 491 57 62 54 86 62 581 501 751 79 56 60 57 61 601 64 41 53 59 63
h0771 4 41 52 71 83 69 73 61 61 67 752 72 80 68 131 56 681 56 56 80 84 57 57 50 54 62 141 581 66 672 79 48 48 57 61 56 641 57 57 63 63
h0781 4 77 77 85 71 691 69 61 65 71 831 76 722 64 80 52 64 60 64 80 80 491 57 62 66 66 141 70 54 79 551 56 52 57 65 56 601 57 57 59 63
h0791 4 77 41 63 74 65 65 61 49 67 63 681 762 68 68 40 481 56 52 76 76 53 57 62 66 82 62 66 58 79 75 56 64 57 53 56 641 57 49 59 55
h0801 4 73 65 63 71 651 691 61 57 75 752 681 722 1231 1431 481 641 56 64 80 80 57 69 58 54 62 66 701 582 671 792 56 52 57 65 56 60 41 45 59 59
h0811 4 65 48 73 70 731 731 61 65 67 712 72 722 64 143 601 64 60 64 80 76 491 53 62 58 62 741 781 582 671 71 56 561 61 65 56 56 57 53 59 63
h0821 4 69 41 85 55 651 731 61 65 71 67 682 76 64 752 52 481 60 72 88 88 57 61 66 75 741 501 501 66 672 79 56 60 57 61 56 64 53 45 59 63
h0831 4 69 56 71 100 69 77 69 69 67 67 801 68 68 1391 52 52 60 761 76 72 45 61 66 66 86 58 62 70 671 71 56 56 61 53 56 60 53 49 59 63
h0841 4 73 73 67 78 65 61 57 65 75 712 681 722 103 131 52 601 56 64 80 72 53 61 62 54 94 62 661 54 79 75 56 60 61 61 56 60 45 49 63 55
h0851 4 45 49 63 63 651 73 57 57 67 59 72 72 72 1431 481 441 56 64 76 84 53 53 74 50 86 62 62 54 79 833 56 56 61 53 60 60 41 53 59 59
h0861 4 45 73 63 79 651 53 61 69 75 71 72 722 64 1271 481 64 60 60 76 72 57 61 66 54 94 66 62 541 751 71 48 48 61 65 56 56 41 57 63 63
h0871 4 45 65 63 74 691 49 61 57 75 71 681 76 68 80 64 28 60 64 80 76 57 45 66 75 54 62 62 58 751 59 56 48 57 53 56 56 57 53 63 63
h0881 4 77 65 63 81 611 89 61 61 71 671 681 722 68 87 52 36 60 60 80 72 57 69 58 58 82 66 661 582 672 71 56 56 57 53 56 56 41 53 63 63
h0891 4 69 69 63 79 651 651 61 69 67 671 72 76 123 1431 52 68 56 60 80 92 53 61 66 54 54 62 701 58 79 79 56 56 61 61 60 60 53 61 63 55
h0901 4 45 73 77 59 65 812 61 61 792 136 681 601 72 64 52 52 56 56 76 72 491 53 58 70 86 86 58 621 671 79 60 60 57 65 56 56 41 53 63 55
h0911 4 45 41 63 63 731 69 61 57 71 71 801 722 68 1112 56 64 56 60 72 72 491 61 50 58 82 90 74 54 79 712 56 48 65 53 56 601 45 49 59 55
h0921 4 69 41 67 55 651 69 57 65 75 752 762 762 64 1112 52 52 60 76 80 88 57 57 58 54 82 90 621 582 671 79 56 52 53 53 56 56 53 53 63 63
h0931 4 69 69 63 80 61 77 61 65 67 67 72 88 1112 1391 601 601 56 60 76 84 57 61 62 74 86 62 58 67 751 79 56 64 57 61 56 64 57 53 63 63
h0941 4 69 73 59 100 65 85 61 65 71 67 72 721 68 127 56 36 60 64 92 76 491 57 74 50 78 62 62 582 79 711 60 48 57 61 56 60 53 45 67 55
h0951 4 73 52 63 71 65 651 61 61 63 63 682 682 72 1312 52 61 56 60 80 84 491 53 66 70 94 62 67 53 672 71 56 48 57 61 56 60 53 45 63 55
h0961 4 69 41 71 55 651 731 61 73 67 79 722 722 64 68 52 601 60 64 80 76 57 61 62 62 62 66 50 582 751 593 56 64 61 53 56 56 41 57 59 63
h0971 4 45 69 85 55 65 69 61 61 67 67 76 762 64 119 481 481 56 56 80 84 53 612 66 66 66 66 701 54 79 79 56 60 57 53 56 64 53 53 59 63
h0981 4 45 73 63 97 65 53 61 65 63 792 682 722 64 68 601 68 56 64 76 76 57 57 50 58 90 501 701 66 79 79 56 56 53 53 56 641 57 53 63 63
h0991 4 45 41 63 81 65 85 61 61 59 144 681 76 64 83 56 56 68 52 92 72 57 61 50 66 82 62 661 621 79 75 56 48 57 53 56 64 41 57 63 63
h1001 4 56 41 85 74 65 811 61 57 63 671 681 76 68 68 36 641 60 68 80 84 53 57 58 58 78 741 70 701 672 79 60 52 61 53 56 641 41 57 63 63
h0012 5 69 49 63 63 691 652 61 73 71 67 76 84 64 68 52 52 60 64 76 76 57 45 50 58 74 501 661 582 79 552 52 64 57 53 56 56 57 53 63 63
h0022 5 69 73 63 88 731 77 53 69 67 752 681 68 64 1112 601 40 56 76 80 80 491 61 50 54 82 62 621 582 593 551 56 48 57 61 56 60 41 53 63 63
h0032 5 65 41 75 74 811 73 57 69 71 55 681 841 72 64 52 64 56 60 76 76 612 61 50 54 78 62 541 54 672 79 56 56 57 57 56 60 41 53 63 63
h0042 5 69 56 75 55 65 81 61 57 71 67 681 841 68 68 64 602 56 60 76 84 57 61 62 58 82 501 621 623 79 79 60 64 57 61 56 56 41 57 63 55
h0052 5 69 41 71 74 65 77 61 57 67 831 76 841 72 68 40 64 60 76 80 76 57 57 62 50 86 66 701 54 79 79 56 56 57 65 56 56 53 53 63 63
h0062 5 69 41 83 74 731 73 61 61 75 63 72 682 64 68 56 64 64 64 80 76 491 57 62 50 90 62 58 50 79 79 56 56 57 61 56 60 41 611 59 63
h0072 5 73 65 63 74 65 73 57 57 71 831 72 84 64 64 52 64 60 72 92 76 53 57 58 70 82 62 621 54 75 551 56 56 57 61 56 60 53 53 59 63
h0082 5 73 41 55 93 691 73 61 49 71 55 72 76 68 1112 481 68 72 68 80 84 57 61 58 66 70 54 541 582 79 79 56 48 57 61 56 60 57 57 63 55
h0092 5 45 77 63 73 731 69 61 61 671 55 80 721 64 127 601 64 72 68 76 88 57 61 50 54 54 90 701 54 71 79 56 48 61 53 56 56 57 49 59 63
h0102 5 73 77 63 55 611 73 61 61 71 55 722 762 68 127 64 64 64 64 76 76 491 53 58 54 62 58 62 54 79 711 56 60 57 61 56 60 57 49 63 55
h0112 5 65 41 63 81 691 69 61 61 75 67 721 841 72 68 52 601 56 60 76 84 53 57 62 50 62 622 66 582 672 71 56 56 57 61 56 60 53 45 63 63
h0122 5 45 73 79 55 731 73 57 57 71 67 722 68 68 68 52 601 60 64 76 88 491 57 62 50 94 58 62 623 79 79 56 60 57 57 56 60 57 61 63 63
h0132 5 65 52 67 55 69 77 61 61 67 792 681 68 68 1431 52 64 56 60 80 80 61 61 58 78 62 62 66 582 71 79 56 60 57 57 56 60 57 611 63 63
h0142 5 69 73 43 70 73 693 61 53 67 67 84 841 72 64 52 56 60 68 80 72 57 61 50 70 58 501 66 582 672 71 56 64 61 53 56 60 41 49 63 63
h0152 5 73 65 63 55 69 73 61 61 67 59 72 721 72 64 601 641 76 64 76 76 53 57 50 54 62 622 701 54 672 71 56 56 57 61 56 60 41 53 63 55
h0162 5 65 48 85 55 53 73 61 57 67 63 681 76 64 1112 52 56 60 60 80 76 57 57 58 66 62 141 541 582 671 71 56 48 57 61 56 56 45 611 63 63
h0172 5 73 77 79 55 77 49 57 65 67 67 72 721 72 64 52 40 60 64 80 76 57 61 58 70 78 622 58 54 71 712 56 64 57 61 56 60 41 53 63 55
h0182 5 45 65 63 83 611 81 61 57 67 59 76 841 68 1391 52 40 56 60 80 72 57 57 62 58 94 62 581 54 71 79 56 56 61 53 60 60 41 611 59 55
h0192 5 69 65 55 81 65 651 61 65 67 59 80 841 64 1151 52 64 60 64 76 84 53 57 62 58 62 66 70 582 79 551 52 64 57 61 56 60 41 49 59 55
h0202 5 65 81 63 55 691 69 61 61 71 67 681 841 64 68 601 28 60 72 76 76 61 65 62 50 74 86 621 582 71 79 56 60 53 53 56 60 57 49 63 55
h0212 5 45 65 63 55 69 73 61 61 71 55 76 76 64 87 52 52 60 60 80 72 61 61 50 58 94 501 78 582 71 711 56 48 57 57 56 60 57 53 63 55
h0222 5 45 69 77 55 69 69 57 57 67 792 681 68 68 1151 52 68 56 68 80 84 53 57 50 66 82 62 661 54 71 711 52 64 61 53 56 56 45 49 59 55
h0232 5 45 48 81 74 691 77 61 49 67 671 801 76 72 68 52 68 64 72 76 76 612 49 62 58 62 98 70 582 75 551 56 64 57 61 60 60 57 611 59 63
h0242 5 73 41 63 71 65 73 61 49 831 55 682 841 68 87 61 64 60 64 80 72 53 57 74 58 62 58 66 54 79 75 56 56 57 57 56 60 53 611 63 63
h0252 5 69 73 85 55 691 69 61 61 75 75 72 601 64 64 601 481 60 64 80 88 53 61 62 58 86 62 701 46 71 552 56 56 57 61 56 60 41 53 63 63
h0262 5 77 40 71 55 65 651 61 57 71 631 681 841 64 115 52 441 60 68 80 88 57 61 58 70 86 66 541 54 79 551 48 561 57 61 56 60 57 611 59 55
h0272 5 69 52 63 55 69 69 61 61 75 71 72 681 72 68 52 481 64 64 76 76 57 61 50 75 70 501 58 53 672 71 60 64 57 53 56 60 41 611 63 55
h0282 5 45 65 81 70 61 77 61 65 67 712 722 841 72 68 64 64 60 72 76 76 53 57 62 50 78 62 58 54 71 79 56 56 57 65 56 60 41 41 63 55
h0292 5 65 41 63 55 691 77 61 65 75 63 72 721 64 64 64 68 56 60 80 76 53 57 50 75 82 62 741 54 672 71 56 60 57 53 56 601 41 53 63 63
h0302 5 77 65 63 63 69 45 61 53 71 752 722 68 68 1231 40 64 64 64 92 76 57 61 50 66 62 781 661 50 79 551 56 52 57 53 56 60 57 53 63 55
h0312 5 69 52 73 55 651 77 61 65 75 67 762 881 72 64 52 64 56 64 76 76 53 57 50 54 78 62 661 582 79 75 56 64 53 53 56 60 41 57 63 55
h0322 5 69 41 55 51 65 651 61 61 71 67 601 841 68 1111 52 441 64 72 80 76 53 57 62 50 70 82 58 582 79 551 56 52 57 61 56 60 57 49 63 55
h0332 5 45 65 55 104 691 652 61 57 71 71 72 80 64 1472 64 64 60 64 76 72 57 61 62 50 82 62 58 54 75 551 56 48 57 61 56 60 45 611 63 55
h0342 5 69 41 55 100 651 81 61 57 67 63 72 722 72 68 61 68 56 76 80 76 57 57 62 54 62 66 58 54 71 551 56 56 57 61 56 56 53 45 59 63
h0352 5 69 73 63 70 65 73 61 69 71 67 72 64 68 1391 52 64 56 60 76 76 45 61 62 50 74 62 661 54 71 71 56 52 53 53 56 60 57 49 59 63
h0362 5 65 49 63 78 65 69 61 57 71 752 681 88 64 1431 52 52 60 72 76 84 57 61 58 70 70 62 67 54 71 711 56 48 57 65 56 56 41 53 63 63
h0372 5 73 48 63 74 65 571 61 65 67 671 801 68 64 76 52 681 56 60 80 88 61 49 62 70 90 66 66 582 672 71 56 60 61 53 56 60 41 41 63 55
h0382 5 73 65 51 70 691 81 61 69 67 67 72 72 64 131 64 64 56 64 80 84 57 651 58 66 82 622 62 54 71 79 56 56 57 61 56 64 53 45 63 55
h0392 5 45 81 85 55 69 73 57 53 75 55 72 681 68 131 52 56 56 60 80 84 57 57 58 66 86 62 70 54 59 551 56 48 57 53 56 60 57 53 59 63
h0402 5 45 65 55 92 651 73 61 57 79 55 722 68 64 79 52 40 60 64 80 76 57 571 62 58 78 66 66 54 79 551 56 56 57 65 56 56 41 53 63 55
h0412 5 45 69 63 74 69 771 61 61 67 752 682 841 68 76 56 64 60 64 76 76 61 61 58 66 82 62 70 582 79 75 56 48 57 53 601 60 57 53 63 63
h0422 5 45 69 85 55 651 81 61 65 67 831 762 68 68 103 601 641 56 60 76 72 53 531 62 50 70 62 661 54 71 79 56 64 57 61 56 56 57 53 63 55
h0432 5 69 69 63 97 691 73 57 65 75 67 72 681 64 135 40 64 60 60 76 76 53 57 58 66 62 58 70 582 671 79 56 64 65 53 601 64 41 41 63 63
h0442 5 73 65 55 81 65 731 61 53 71 67 80 68 68 1232 52 641 60 64 80 92 61 61 62 58 82 622 54 50 79 711 60 48 57 61 601 60 41 53 63 63
h0452 5 45 65 79 55 65 65 61 61 67 792 722 68 72 68 52 64 60 72 80 80 57 61 58 54 78 622 541 50 672 71 56 48 61 53 60 64 41 611 63 55
h0462 5 69 73 79 78 691 81 61 61 67 136 72 721 68 76 40 64 60 60 80 76 61 61 62 58 661 501 461 54 79 711 56 56 57 53 56 60 53 53 63 55
h0472 5 77 40 63 79 651 691 61 61 75 831 72 762 68 1312 481 64 56 60 80 76 61 61 50 66 78 62 58 50 71 79 60 64 57 61 56 60 53 45 63 55
h0482 5 77 65 93 74 69 77 61 61 71 59 76 762 72 1271 601 56 56 60 80 80 57 65 62 58 78 622 66 46 79 79 56 52 57 65 601 64 57 53 63 55
h0492 5 65 49 63 55 69 69 57 57 63 55 76 68 72 1112 64 64 60 64 76 72 57 571 50 75 62 66 701 54 71 711 56 64 65 53 56 64 41 57 63 55
h0502 5 65 41 63 63 651 73 61 57 67 792 80 841 64 64 52 68 60 76 92 76 491 65 58 66 70 622 62 54 79 79 56 60 57 57 56 60 41 41 63 67
h0512 5 69 81 55 59 65 77 57 57 671 59 682 762 72 68 601 481 64 68 76 72 491 57 50 54 90 62 501 54 672 551 56 64 57 53 56 60 57 53 63 55
h0522 5 45 69 75 55 691 81 61 57 67 792 76 68 68 87 40 64 76 64 80 88 53 57 58 70 70 141 581 54 71 711 56 60 57 53 56 60 41 53 63 55
h0532 5 69 65 67 55 65 69 61 57 75 671 681 68 64 68 481 64 60 60 80 76 53 57 62 58 62 66 621 50 71 79 56 56 61 53 601 60 53 53 63 55
h0542 5 41 52 73 74 651 77 61 57 75 79 72 762 72 68 52 64 60 76 76 84 53 57 50 54 82 62 661 54 672 79 56 64 61 53 601 60 41 611 63 63
h0552 5 77 48 63 63 65 691 61 57 75 67 641 841 64 64 56 68 56 76 80 80 57 61 62 58 90 62 62 582 79 75 56 52 57 57 60 64 41 53 63 55
h0562 5 77 41 55 81 65 651 61 61 75 63 801 841 68 1031 64 28 60 64 76 84 57 57 50 66 66 66 661 582 79 551 56 56 57 57 56 60 41 53 59 55
h0572 5 69 41 63 89 65 691 57 65 75 67 762 68 68 1391 52 56 72 68 80 76 57 571 74 50 82 62 621 582 79 551 56 56 57 65 56 60 41 53 63 63
h0582 5 45 65 77 55 69 771 61 61 71 67 681 80 68 1151 481 75 60 60 80 76 57 61 50 70 78 66 58 54 71 63 56 56 57 61 56 56 41 611 63 63
h0592 5 73 65 63 70 65 691 61 65 67 67 641 72 68 83 40 64 56 60 80 76 57 57 50 58 741 58 54 50 79 79 56 52 57 57 601 60 41 53 63 63
h0602 5 69 41 63 100 651 77 61 53 71 67 681 68 68 80 75 68 56 64 92 76 612 61 58 54 62 661 78 582 71 79 52 64 57 53 60 60 41 61 63 55
h0612 5 69 65 55 1001 651 69 65 53 631 55 72 841 64 1431 64 68 56 60 76 88 53 61 62 62 82 66 58 54 71 79 52 64 53 53 601 60 57 61 63 63
h0622 5 56 81 51 70 691 73 61 57 75 67 72 681 64 68 601 64 56 60 80 80 57 65 58 58 78 501 62 54 672 79 56 60 57 53 56 56 53 53 63 63
h0632 5 45 69 75 55 65 771 61 57 67 67 722 841 68 131 52 40 76 64 76 76 57 49 62 50 62 66 661 582 71 593 56 52 57 53 56 60 41 61 63 63
h0642 5 77 48 55 51 651 571 61 61 75 67 682 841 68 87 481 602 60 60 80 92 57 61 62 50 78 501 621 582 671 79 56 52 57 61 56 56 41 53 59 55
h0652 5 69 65 67 55 731 77 61 61 67 63 682 76 68 119 52 601 56 60 76 76 491 61 74 50 94 66 541 54 79 75 56 56 57 53 56 60 41 53 63 63
h0662 5 65 48 63 81 77 45 61 57 71 792 72 681 64 1272 56 64 56 76 80 76 53 61 62 75 141 622 58 582 79 551 56 64 57 53 56 60 41 61 63 55
h0672 5 77 49 63 74 731 812 61 73 75 1401 72 72 68 80 52 72 56 72 76 84 53 57 62 62 62 622 70 54 751 79 56 56 61 53 60 64 41 57 63 55
h0682 5 69 77 63 55 691 69 57 65 67 671 76 722 64 76 52 601 56 60 80 80 53 57 58 70 82 62 58 54 71 59 60 52 57 53 601 60 57 49 59 55
h0692 5 69 41 67 55 77 53 61 53 67 792 72 68 68 76 52 601 56 76 80 80 53 61 50 70 82 62 661 54 672 71 56 60 57 53 56 56 41 41 63 63
h0702 5 69 73 79 74 811 73 61 57 63 55 681 841 68 87 52 64 56 64 76 76 53 61 62 58 82 62 62 582 71 79 56 56 57 57 601 64 41 53 63 55
h0712 5 77 65 63 75 651 77 61 65 631 55 681 841 64 64 64 64 56 68 92 76 57 57 58 54 86 62 66 582 79 79 56 64 57 57 56 64 57 61 63 55
h0722 5 56 65 63 55 65 89 61 61 75 63 72 76 64 68 52 601 56 68 76 76 491 57 62 50 62 62 661 54 59 551 56 56 57 61 56 60 41 53 63 55
h0732 5 45 65 63 59 69 73 61 57 67 59 681 841 68 143 52 52 56 64 92 76 491 61 58 54 66 781 62 54 672 71 56 56 53 53 56 56 41 53 59 63
h0742 5 41 40 63 71 65 69 57 57 67 671 76 841 64 76 481 481 60 68 80 80 53 57 50 54 54 66 58 582 751 79 52 48 61 53 56 64 53 45 63 63
h0752 5 73 65 63 63 65 69 61 57 71 67 72 722 64 76 52 601 64 64 80 76 61 571 58 54 54 62 66 582 71 75 56 48 57 61 56 60 41 41 63 63
h0762 5 56 65 63 81 65 69 61 69 67 67 722 841 64 87 52 64 60 64 80 76 491 57 50 54 90 62 541 54 71 711 52 64 61 53 56 64 41 53 59 55
h0772 5 65 52 63 55 61 77 61 61 67 1401 641 76 68 83 61 64 56 60 76 88 69 49 62 58 74 62 66 582 71 711 56 56 61 53 56 60 53 53 63 55
h0782 5 77 65 67 55 691 77 61 69 71 67 76 68 64 76 40 68 60 64 80 80 612 61 62 50 62 58 581 50 79 79 56 56 57 65 601 60 57 53 63 55
h0792 5 69 52 85 55 651 81 57 49 75 55 681 68 68 155 72 641 56 64 76 76 57 61 58 66 62 62 58 582 79 593 48 64 57 53 56 56 53 49 63 63
h0802 5 77 65 63 67 77 73 61 57 71 67 682 76 68 1431 52 52 56 60 80 76 57 61 62 50 54 622 66 582 79 79 56 56 61 61 60 64 57 53 63 63
h0812 5 77 65 55 51 77 89 61 57 67 752 721 68 68 79 601 481 56 60 76 76 57 61 58 70 70 62 70 582 671 71 56 64 57 61 56 60 37 49 63 55
h0822 5 77 65 71 74 651 77 61 57 75 71 722 68 64 76 56 83 56 64 80 80 57 45 58 66 62 66 621 54 79 551 56 48 57 61 601 60 41 57 63 63
h0832 5 69 65 63 70 65 731 57 53 75 67 72 681 68 87 52 64 56 68 80 76 53 49 74 58 62 62 58 582 672 71 48 64 57 53 56 56 53 53 63 63
h0842 5 73 41 55 70 65 651 57 57 75 631 76 76 68 76 79 641 56 64 80 80 61 61 58 66 54 62 62 54 79 79 56 64 57 65 56 64 41 53 63 63
h0852 5 73 65 71 55 811 73 61 57 67 671 72 76 64 1151 52 481 56 64 80 76 57 57 58 66 62 62 62 582 751 551 60 64 61 53 56 60 41 611 59 63
h0862 5 56 40 71 74 65 771 61 69 67 164 681 68 64 1113 52 64 64 64 80 76 57 531 58 66 62 102 501 54 751 79 56 56 57 57 56 64 41 49 59 55
h0872 5 69 73 55 81 65 69 61 61 71 712 72 681 64 1151 52 52 56 64 80 72 57 61 62 50 82 62 67 582 71 75 56 64 61 53 56 60 57 53 63 63
h0882 5 45 65 73 74 731 77 61 57 75 831 681 76 68 76 52 64 56 64 76 76 53 61 50 58 82 622 54 50 71 71 56 56 57 61 56 60 57 53 63 63
h0892 5 73 73 63 70 65 73 61 57 63 63 72 681 68 76 481 64 60 68 80 76 57 57 62 66 74 78 661 582 671 71 56 56 65 53 56 60 41 53 59 63
h0902 5 45 73 85 74 77 771 61 57 75 75 641 76 64 68 52 64 60 68 80 72 571 49 50 70 62 66 54 582 79 67 56 56 57 61 56 56 53 45 63 63
h0912 5 65 41 85 55 691 69 65 65 75 67 72 72 64 80 52 52 64 68 80 84 53 57 58 79 74 62 701 582 671 71 48 64 65 53 56 60 57 611 59 55
h0922 5 65 48 104 78 651 77 61 53 67 67 681 841 68 68 52 36 60 60 80 76 491 61 62 50 741 622 461 54 79 551 56 60 61 61 56 56 57 61 59 55
h0932 5 73 77 79 55 77 771 57 65 75 71 681 68 68 1391 64 64 60 60 80 80 57 61 62 50 62 58 62 582 79 75 60 64 65 53 56 60 41 57 59 63
h0942 5 65 52 55 55 69 69 61 57 71 67 76 722 64 76 61 64 64 64 76 88 57 45 62 50 106 622 70 54 79 79 56 64 57 53 56 64 41 53 67 55
h0952 5 41 41 63 71 811 73 61 65 71 67 722 88 68 79 601 641 60 60 80 76 57 651 62 50 70 62 62 54 671 71 56 64 57 61 56 60 41 41 63 55
h0962 5 84 40 67 74 691 77 61 57 63 55 682 841 64 64 40 68 64 601 80 76 61 61 58 54 78 62 701 54 79 75 48 64 61 53 56 60 45 49 63 63
h0972 5 69 77 71 55 65 611 61 53 75 71 72 76 72 68 52 52 60 68 80 84 53 61 58 66 70 62 501 582 71 79 56 64 61 53 56 60 41 53 63 63
h0982 5 45 77 59 70 651 69 61 61 631 59 76 76 64 68 52 68 56 64 80 88 57 61 62 58 82 62 581 582 79 75 56 56 57 57 56 641 57 53 59 55
h0992 5 65 49 63 78 65 651 61 73 63 671 76 762 64 68 56 64 56 64 76 72 53 57 50 66 62 622 70 54 671 79 56 56 57 61 56 56 57 49 63 63
h1002 5 73 65 80 78 651 73 61 65 67 752 681 841 68 115 601 56 60 64 80 80 57 61 58 70 82 501 661 582 71 75 56 56 57 65 56 641 57 53 59 63
h0013 6 56 65 63 67 651 69 61 65 67 67 72 72 68 80 64 64 56 64 80 76 57 57 62 50 66 622 582 582 71 551 56 64 57 53 60 60 53 61 63 55
h0023 6 73 65 63 74 65 89 57 57 71 67 76 841 64 1391 61 64 64 72 80 72 53 57 50 58 62 66 582 53 672 71 56 64 57 57 60 64 53 53 63 63
h0033 6 73 81 63 74 65 73 61 57 67 63 72 762 64 64 481 64 60 72 76 76 57 57 62 58 62 622 582 582 79 551 56 56 57 57 60 60 53 53 59 63
h0043 6 69 69 55 55 651 77 61 61 75 671 721 68 64 64 64 68 56 64 76 72 57 57 50 50 62 622 541 582 71 593 56 52 57 53 601 60 53 45 63 55
h0053 6 69 65 63 75 65 73 61 61 67 55 68 88 68 68 601 64 64 64 80 80 57 61 70 54 62 66 701 582 71 71 56 52 57 53 56 60 53 53 63 55
h0063 6 77 65 74 74 691 69 57 57 75 67 72 68 68 1112 52 68 60 64 80 76 57 571 58 70 82 66 66 54 71 71 56 64 57 57 56 56 53 53 59 55
h0073 6 65 40 63 55 651 81 61 61 67 59 72 76 68 1112 52 64 64 64 76 88 53 61 58 70 54 501 501 53 79 79 60 64 57 61 56 60 41 49 63 63
h0083 6 69 41 63 55 65 69 61 61 71 63 76 88 64 64 52 601 56 60 80 76 57 61 50 58 62 622 67 50 71 551 56 64 57 53 60 60 53 53 63 55
h0093 6 73 65 63 55 69 69 61 61 67 67 68 68 64 68 52 481 56 76 80 76 57 61 58 58 66 501 541 623 71 79 64 64 57 53 56 56 41 53 59 55
h0103 6 65 65 63 74 65 731 61 53 71 752 72 722 64 64 481 64 56 76 80 80 57 61 50 58 70 82 54 582 79 79 56 64 57 53 56 64 53 53 63 55
h0113 6 69 73 55 51 691 73 61 57 71 67 681 68 64 143 52 68 56 60 80 80 53 61 50 54 62 501 54 582 71 79 56 56 61 53 56 60 53 45 63 55
h0123 6 69 65 63 55 73 73 57 57 75 67 72 681 68 1431 64 64 56 60 80 80 61 49 50 58 82 501 54 54 71 551 56 60 57 53 601 60 53 611 63 63
h0133 6 52 40 63 55 77 73 61 53 67 63 72 76 64 68 52 601 60 64 80 76 45 61 62 62 62 62 54 54 672 79 56 56 57 61 60 60 41 53 59 55
h0143 6 69 73 85 55 65 73 61 61 71 671 762 841 68 135 52 52 60 76 80 76 57 61 58 66 62 66 581 54 71 79 64 64 61 53 56 56 53 53 63 63
h0153 6 69 65 55 55 77 77 57 65 631 67 841 88 64 64 601 602 56 68 76 76 61 61 62 58 78 622 66 582 79 79 56 56 61 61 56 64 41 53 55 55
h0163 6 69 65 51 78 77 73 61 61 67 67 68 68 64 64 64 64 64 64 80 76 57 61 62 58 62 62 621 582 71 75 56 64 57 53 60 60 53 53 55 55
h0173 6 73 65 63 74 65 73 57 53 71 67 682 841 68 80 481 64 60 64 80 76 53 61 62 54 74 62 54 582 71 71 56 52 57 57 60 60 53 611 63 55
h0183 6 45 65 93 74 69 77 61 57 67 67 72 76 68 68 56 64 60 64 80 76 57 61 74 58 90 62 54 54 71 79 60 64 57 61 60 60 53 53 63 63
h0193 6 77 65 85 55 73 73 57 65 71 67 681 841 68 68 52 52 60 68 80 80 57 531 50 58 622 501 582 582 79 551 48 64 61 53 60 64 57 49 63 55
h0203 6 65 41 63 74 811 77 61 57 67 67 72 68 64 76 64 79 56 76 92 76 61 49 62 78 82 501 582 46 71 551 56 56 57 57 56 56 41 49 63 55
h0213 6 69 81 59 74 77 652 61 61 75 67 722 841 68 68 52 52 64 64 80 80 61 49 62 58 62 62 661 54 672 551 56 64 57 53 56 56 53 53 63 55
h0223 6 69 73 85 74 65 73 61 57 71 67 762 841 64 68 64 64 64 64 76 76 57 57 62 50 78 62 50 582 79 551 56 48 57 57 56 60 53 611 63 55
h0233 6 77 65 63 63 65 73 61 53 75 67 72 841 64 64 52 641 60 60 80 84 57 61 50 75 62 622 70 582 71 79 56 56 57 53 60 64 53 611 63 55
h0243 6 69 65 55 70 65 77 57 69 71 67 72 76 72 64 52 64 64 64 80 80 57 57 58 70 74 66 70 582 711 551 56 48 57 61 56 56 53 53 59 63
h0253 6 69 65 73 55 731 77 61 57 67 59 68 841 68 68 52 601 60 76 76 88 57 61 50 66 70 62 54 54 71 71 48 64 57 61 60 64 53 53 55 55
h0263 6 77 40 63 55 77 73 61 61 67 55 762 68 64 68 52 64 60 64 80 80 57 61 58 58 62 501 621 50 71 71 56 56 53 53 56 60 41 53 59 63
h0273 6 69 65 63 63 65 77 61 69 71 59 76 68 68 87 52 601 60 64 76 76 53 61 50 58 90 62 54 582 71 79 56 56 57 53 56 60 53 45 63 63
h0283 6 48 81 55 70 69 77 61 61 75 75 72 72 68 1312 64 68 56 64 76 76 57 61 50 50 62 501 741 582 71 551 56 64 57 53 60 60 45 49 63 63
h0293 6 69 65 55 70 65 693 57 57 67 712 681 76 64 68 52 52 64 68 80 76 57 57 50 66 54 82 701 46 79 711 56 48 57 53 56 56 61 49 63 55
h0303 6 45 69 75 55 65 73 61 57 75 67 721 841 72 68 83 68 60 60 80 76 57 57 50 58 66 66 541 46 672 71 56 64 57 53 56 60 57 611 63 67
h0313 6 69 77 55 55 65 77 61 57 67 67 682 762 64 76 64 68 60 64 80 76 57 61 58 58 62 622 621 54 79 79 56 56 57 57 60 60 41 53 63 55
h0323 6 65 41 63 104 77 77 61 61 75 71 68 841 64 64 601 64 76 76 76 76 612 57 50 66 78 501 54 582 71 711 56 56 65 53 56 56 57 53 63 63
h0333 6 73 65 63 55 69 73 61 57 67 55 681 68 64 68 481 64 64 64 76 76 61 571 50 54 66 622 54 54 79 551 56 56 57 53 56 60 611 61 63 55
h0343 6 65 48 63 81 69 69 57 57 71 71 722 68 68 1431 52 601 56 64 76 76 53 57 50 50 62 622 582 582 71 79 56 64 57 57 60 60 41 53 63 55
h0353 6 65 52 55 74 65 651 57 65 71 792 681 762 68 68 52 64 64 64 76 76 57 61 50 58 62 58 58 54 672 551 56 56 57 53 56 60 53 53 63 55
h0363 6 65 65 71 55 571 81 61 61 75 67 72 72 68 68 64 64 64 64 80 80 61 69 58 66 70 622 582 582 672 79 56 56 61 53 56 64 611 611 55 55
h0373 6 65 41 74 74 65 77 61 57 67 55 72 722 64 68 52 64 68 68 76 76 491 531 50 50 661 501 54 582 71 71 60 48 57 53 56 60 41 61 63 55
h0383 6 69 73 55 55 651 73 57 57 67 67 76 762 68 76 481 64 64 68 80 76 57 61 58 58 62 62 58 582 71 79 56 64 53 53 60 60 41 53 63 55
h0393 6 73 65 55 55 77 652 61 61 71 712 72 76 64 68 56 64 56 64 76 76 491 49 62 58 62 622 54 54 71 71 56 56 61 53 56 56 57 53 63 55
h0403 6 69 48 63 55 651 77 61 61 67 67 841 841 72 68 64 68 60 64 80 92 57 57 62 50 62 62 541 54 71 79 56 56 53 53 601 60 41 49 63 55
h0413 6 69 69 74 74 65 69 61 53 67 59 841 841 64 68 52 601 56 68 80 76 57 57 62 79 94 501 66 582 79 551 56 48 61 53 60 60 53 49 63 63
h0423 6 45 65 63 74 69 77 61 57 67 67 76 68 68 68 52 64 76 72 80 76 57 57 58 58 78 62 70 54 79 79 56 48 53 53 60 60 53 49 55 55
h0433 6 69 65 55 55 77 73 61 57 67 67 80 80 64 1112 481 64 76 64 80 80 57 49 50 58 78 62 58 53 71 79 56 56 57 53 56 60 53 611 59 63
h0443 6 65 65 79 74 69 69 61 57 55 59 68 841 72 60 64 64 56 60 80 76 57 57 50 58 741 622 62 582 71 79 56 64 57 57 56 601 41 53 63 55
h0453 6 77 77 63 55 65 69 61 61 75 75 76 84 64 64 52 64 64 64 76 72 61 61 50 58 62 62 62 582 79 79 64 64 61 53 56 64 57 53 63 63
h0463 6 77 65 74 74 77 73 57 57 71 792 72 841 64 64 56 64 60 64 76 76 57 49 62 54 74 622 66 582 71 551 56 48 57 61 56 56 41 53 63 55
h0473 6 77 65 55 81 651 81 61 57 71 67 881 841 68 1112 64 641 60 64 76 76 61 61 62 58 70 501 582 582 551 551 56 56 57 53 601 60 41 53 63 55
h0483 6 45 77 55 74 651 77 53 49 67 55 72 841 64 68 481 64 60 76 80 76 491 61 50 58 62 501 661 582 71 79 56 64 61 53 56 60 41 41 63 63
h0493 6 65 65 63 55 65 81 61 61 67 164 76 68 64 68 52 68 64 68 80 76 57 57 50 54 62 62 701 582 71 79 56 56 57 53 56 60 53 49 63 55
h0503 6 45 41 55 83 651 69 57 65 67 59 76 841 68 131 64 64 60 64 80 92 61 61 62 58 66 66 501 54 71 79 60 48 57 53 56 60 41 49 63 63
h0513 6 73 65 63 74 65 652 57 57 75 71 841 841 68 131 481 64 60 60 76 84 57 57 58 54 78 622 67 54 672 71 56 64 57 57 56 60 53 61 63 63
h0523 6 69 73 79 78 731 77 61 61 71 55 68 841 64 1431 52 61 60 76 76 76 491 61 58 58 82 62 67 46 79 711 56 64 57 65 56 60 41 611 55 55
h0533 6 73 65 67 55 69 652 61 61 67 55 76 80 64 135 52 64 64 64 76 72 53 61 50 66 62 66 58 54 71 79 56 56 57 53 56 56 53 611 63 63
h0543 6 81 81 55 70 65 65 57 57 831 59 722 841 64 127 601 64 60 60 76 76 57 61 62 66 70 82 62 582 71 551 56 52 57 61 60 64 611 49 63 55
h0553 6 73 65 55 55 69 812 61 61 75 67 76 762 72 64 681 64 60 68 76 76 57 57 50 58 622 622 62 54 551 551 56 56 57 57 56 60 41 53 63 55
h0563 6 45 69 63 74 651 69 61 57 71 67 762 841 68 1391 64 68 60 72 76 76 61 61 58 58 62 62 54 50 71 71 56 48 57 57 56 60 41 611 55 55
h0573 6 65 41 55 81 69 73 61 57 75 71 76 762 64 1112 61 64 56 68 76 84 57 61 50 66 86 622 62 46 79 551 56 56 61 53 56 60 53 53 63 63
h0583 6 69 41 55 78 651 77 61 61 67 67 681 68 64 68 52 56 76 72 80 80 491 57 58 58 62 62 582 582 671 672 56 56 57 57 56 60 53 611 63 63
h0593 6 65 49 55 74 651 77 57 57 67 67 681 841 72 68 52 64 56 64 80 76 57 65 62 50 66 622 54 582 71 551 56 64 57 61 56 601 45 49 63 63
h0603 6 69 65 79 70 65 73 61 57 671 55 681 68 68 1151 52 52 60 64 80 76 53 531 50 58 62 58 54 50 79 79 56 64 53 53 56 60 53 53 63 55
h0613 6 65 40 73 55 651 652 57 57 67 712 72 80 68 68 52 601 64 72 80 80 57 61 50 50 62 62 54 623 671 71 56 64 57 61 60 60 53 53 59 55
h0623 6 73 81 63 55 77 81 61 61 75 67 721 841 68 127 52 64 56 60 80 76 491 61 62 50 622 622 58 54 751 71 56 561 57 53 56 64 53 53 63 55
h0633 6 65 48 63 79 65 69 57 65 75 71 72 68 64 68 52 68 56 64 80 80 53 61 62 58 78 66 70 54 751 551 56 64 57 61 56 64 53 53 63 55
h0643 6 69 65 63 74 65 77 61 57 71 67 681 68 64 1431 52 601 60 64 80 80 53 531 62 50 54 501 54 582 71 551 56 64 53 53 60 60 41 53 59 55
h0653 6 77 65 63 55 65 81 57 53 75 71 721 841 68 87 601 64 64 68 80 76 57 61 58 58 82 66 501 54 71 79 56 56 57 65 64 641 41 57 63 63
h0663 6 45 77 75 55 731 73 61 57 631 55 72 762 64 64 601 601 60 72 80 84 57 531 50 54 82 62 54 582 71 79 56 56 57 57 56 64 41 49 59 63
h0673 6 69 77 71 70 65 69 61 65 71 67 72 721 72 68 52 481 60 72 76 76 61 49 50 54 74 66 54 50 551 551 56 64 53 53 56 64 41 57 55 55
h0683 6 56 65 71 55 53 73 61 53 67 752 681 68 68 76 601 64 60 68 80 76 45 61 50 75 54 82 54 582 71 551 56 56 61 53 60 60 53 53 63 63
h0693 6 56 65 55 74 65 77 61 61 75 63 72 681 64 68 601 481 76 64 76 76 612 61 62 50 62 501 661 54 71 551 56 64 57 53 56 64 41 53 55 55
h0703 6 65 81 55 74 69 77 61 57 67 67 76 80 72 68 40 64 60 68 80 76 57 45 62 58 78 62 54 54 79 79 56 64 57 57 56 60 53 53 63 55
h0713 6 45 65 55 74 77 73 61 61 75 55 72 681 64 68 52 64 60 64 80 72 491 61 50 50 54 66 582 582 593 551 52 64 57 53 60 60 41 53 63 55
h0723 6 77 48 55 51 65 65 61 61 71 671 80 68 64 64 52 68 56 64 76 88 61 61 50 58 78 622 661 54 71 551 56 64 57 61 56 64 53 611 63 55
h0733 6 69 65 55 55 65 651 61 57 71 67 76 68 68 68 52 64 56 68 80 76 57 61 50 58 62 622 581 582 71 79 56 56 57 61 60 60 41 45 63 55
h0743 6 73 48 73 55 65 731 61 61 67 67 72 762 64 68 64 64 56 60 80 80 53 531 62 58 62 62 621 54 672 79 56 56 57 61 56 56 41 611 63 55
h0753 6 69 73 55 55 69 73 61 61 67 55 72 841 68 68 52 64 60 60 80 76 57 61 58 66 62 62 621 46 71 551 56 48 57 61 60 64 53 53 63 55
h0763 6 69 65 97 74 77 81 57 53 671 59 72 681 64 1391 64 64 56 60 80 76 491 57 62 50 94 622 661 54 71 79 56 64 53 53 56 56 53 45 63 55
h0773 6 69 65 55 70 69 73 57 53 75 59 76 68 64 68 481 64 60 68 80 80 57 49 58 58 62 141 54 582 672 71 56 56 57 57 56 56 611 61 63 55
h0783 6 45 69 63 55 651 77 61 57 71 67 721 841 64 68 601 64 56 76 80 76 57 57 50 50 62 141 54 582 671 79 56 48 57 57 60 60 41 53 59 59
h0793 6 69 81 63 55 77 45 61 57 71 67 76 88 64 68 52 601 60 60 80 76 61 61 50 66 62 141 661 54 71 551 56 64 65 53 56 64 41 53 55 55
h0803 6 73 41 63 55 691 77 61 57 67 67 72 841 64 68 52 64 60 60 80 92 57 61 62 50 62 501 58 582 71 71 52 64 61 53 56 64 53 49 59 63
h0813 6 65 65 63 55 65 69 61 53 71 67 641 72 64 1312 481 61 76 72 80 84 57 57 58 58 62 66 54 623 79 79 56 56 57 65 56 64 53 53 63 63
h0823 6 69 73 55 55 73 73 61 65 75 71 681 841 68 68 52 481 64 72 80 80 491 57 62 50 78 62 54 54 79 79 56 48 57 61 56 60 53 53 55 55
h0833 6 81 81 55 78 69 77 61 65 67 63 72 681 64 68 40 64 56 60 80 88 61 61 62 58 82 622 621 54 551 551 56 56 57 61 56 64 53 53 63 63
h0843 6 65 49 63 55 61 73 57 57 71 67 72 72 68 79 601 64 60 64 80 76 61 49 50 70 62 622 54 582 79 79 56 60 57 53 60 64 41 53 63 63
h0853 6 69 65 77 55 65 691 61 57 71 67 72 681 68 68 64 64 60 64 80 80 57 57 58 58 62 62 62 582 79 59 60 64 57 53 56 56 45 49 63 55
h0863 6 69 73 55 88 73 73 61 57 67 831 801 841 68 68 52 68 76 68 80 80 491 53 62 58 54 622 582 46 79 79 56 48 61 53 56 60 53 611 63 63
h0873 6 45 65 55 74 65 65 61 57 71 59 722 841 68 131 64 64 60 60 80 76 61 531 58 54 62 622 582 46 79 711 56 64 57 61 56 60 53 611 63 63
h0883 6 65 52 55 70 651 77 61 65 75 67 68 841 64 76 52 40 60 68 76 76 491 57 50 70 94 622 50 582 71 79 56 56 57 61 56 56 41 45 55 55
h0893 6 69 77 71 78 771 73 61 57 75 67 681 68 127 60 52 52 60 72 80 76 491 57 58 66 62 66 62 54 672 71 56 48 57 61 56 56 53 53 63 63
h0903 6 69 48 63 74 731 81 57 69 67 67 76 841 68 1472 64 64 60 68 80 76 491 61 62 54 62 66 582 53 672 551 48 64 57 61 56 56 57 49 63 63
h0913 6 69 73 55 74 65 73 61 61 71 67 72 841 64 68 601 64 56 64 80 80 57 531 58 58 62 62 621 54 71 71 56 60 53 53 60 60 53 53 63 63
h0923 6 41 41 63 55 65 69 57 69 75 71 722 68 64 76 52 83 60 64 80 80 61 651 58 70 141 501 54 582 79 79 56 56 57 53 56 60 53 49 63 63
h0933 6 69 49 63 74 77 73 61 61 71 792 682 68 68 68 52 64 60 64 80 76 53 61 50 58 54 622 70 54 71 551 64 64 57 65 60 60 41 53 55 55
h0943 6 65 65 63 71 65 69 57 57 71 71 721 68 64 68 64 64 56 68 80 76 53 57 50 50 62 62 58 54 71 79 56 64 57 57 56 56 41 53 63 63
h0953 6 77 65 55 81 651 73 61 65 71 55 801 68 72 64 601 481 60 64 80 76 57 57 50 70 62 62 582 53 671 71 60 52 53 53 60 64 611 611 63 55
h0963 6 73 65 75 55 65 77 61 57 63 831 681 841 64 68 68 68 64 68 80 72 491 57 50 58 78 501 541 53 71 551 56 56 57 61 60 60 57 49 63 55
h0973 6 65 65 63 55 65 691 61 57 67 59 76 841 64 68 56 64 60 60 76 84 57 57 50 58 78 62 54 582 71 79 60 64 57 61 56 60 41 53 59 55
h0983 6 69 65 74 74 65 691 61 57 71 671 72 68 72 1231 40 64 60 64 80 76 57 49 50 50 70 62 54 582 672 75 56 60 57 57 60 64 53 611 63 63
h0993 6 45 48 55 74 65 691 61 57 75 67 72 682 72 68 64 68 56 64 92 76 61 61 58 58 70 501 50 50 672 79 56 48 61 53 60 60 57 49 63 63
h1003 6 45 65 88 70 69 73 57 57 75 67 72 681 64 68 52 481 60 60 76 76 57 57 62 50 70 622 582 623 71 551 56 56 57 57 60 60 57 53 63 63
h0014 7 45 41 55 55 69 652 61 57 71 63 72 841 64 64 52 64 68 68 76 76 57 61 54 54 62 62 50 53 672 71 56 64 57 57 56 56 53 61 63 63
h0024 7 65 65 63 70 73 73 61 61 67 671 68 841 72 68 601 64 60 64 80 76 61 61 50 58 66 66 701 54 71 551 56 64 53 53 56 60 57 611 63 55
h0034 7 73 41 55 51 73 693 61 61 71 67 681 841 64 68 52 68 60 72 80 80 57 57 50 58 62 66 582 46 71 79 56 64 57 57 56 60 41 53 55 55
h0044 7 69 81 77 55 65 812 61 53 67 67 722 68 64 68 68 68 64 68 80 76 57 61 50 50 74 62 582 582 71 551 52 48 65 53 56 64 53 49 63 63
h0054 7 45 41 79 55 651 81 61 61 67 67 801 841 64 64 64 68 64 68 80 76 57 61 62 58 74 62 54 50 79 79 64 64 57 53 60 60 41 53 63 55
h0064 7 65 81 74 74 77 81 61 57 71 55 72 841 68 1431 56 64 60 64 80 76 612 57 50 58 66 66 501 54 71 79 52 48 57 57 60 60 41 53 63 55
h0074 7 77 65 79 74 652 73 61 57 67 63 72 722 64 64 64 64 60 76 80 76 57 61 50 58 66 501 54 54 551 551 56 64 53 53 56 60 53 49 63 55
h0084 7 69 65 63 63 73 73 61 61 75 71 68 841 64 64 56 64 56 64 80 76 53 57 58 66 62 622 582 582 71 79 48 64 53 53 56 64 41 41 63 55
h0094 7 65 65 55 55 65 77 61 61 71 67 76 841 64 64 52 64 64 64 76 76 57 61 62 50 82 62 582 582 672 79 56 52 61 53 56 60 41 53 55 55
h0104 7 69 69 55 55 65 65 61 61 67 792 72 72 64 68 481 64 64 64 80 80 57 61 62 58 62 62 582 582 71 551 56 64 57 57 60 64 53 53 63 55
h0114 7 41 81 55 70 65 81 61 61 67 67 72 76 64 68 40 56 60 64 80 76 57 61 58 54 62 622 54 50 71 551 48 64 57 53 60 60 53 53 63 63
h0124 7 73 65 79 70 65 73 61 57 71 67 72 68 64 64 64 64 60 64 76 76 57 61 58 58 141 501 70 54 71 79 56 52 57 53 56 60 53 53 63 55
h0134 7 56 65 55 55 69 73 61 57 67 59 682 841 64 1112 52 64 64 68 80 72 57 57 58 79 62 501 701 53 672 71 56 48 61 53 56 60 53 49 55 55
h0144 7 73 65 55 74 77 73 61 57 71 71 76 841 68 68 601 64 60 64 80 76 57 61 50 58 62 66 54 582 71 71 48 64 57 53 56 64 41 53 55 55
h0154 7 65 65 71 55 652 73 61 53 67 67 72 76 64 68 52 64 60 60 80 80 61 61 50 50 66 622 67 623 71 551 56 64 57 61 56 56 611 61 63 63
h0164 7 45 65 63 55 65 73 57 57 71 67 681 841 64 1391 52 64 60 60 80 80 57 61 50 50 82 62 54 623 79 551 56 60 57 53 60 64 53 611 59 63
h0174 7 69 81 55 74 77 77 61 69 67 67 76 841 68 68 601 641 64 72 80 80 57 61 58 58 62 622 50 46 79 551 60 64 57 57 56 64 57 611 63 63
h0184 7 65 41 63 70 65 77 61 61 67 59 72 68 64 64 64 64 64 68 80 80 57 61 50 50 62 622 54 582 79 79 56 64 57 57 60 64 53 61 63 63
h0194 7 69 65 63 55 77 73 61 53 71 67 76 76 64 68 601 601 60 64 80 80 57 61 58 58 62 501 50 53 79 551 64 64 57 57 60 64 57 53 59 55
h0204 7 45 65 63 78 65 77 53 69 67 67 72 681 1431 60 52 52 60 64 80 80 57 61 50 58 141 622 582 582 71 79 56 52 57 61 60 60 611 49 63 55
h0214 7 69 65 63 74 69 73 57 69 67 67 641 80 64 76 64 64 64 64 80 76 57 57 58 58 94 62 50 582 71 79 64 64 57 53 60 64 45 611 63 63
h0224 7 69 65 55 55 77 81 61 57 71 67 68 68 68 68 64 641 64 64 80 72 57 57 58 70 62 66 54 46 79 551 56 48 57 57 56 60 41 611 63 63
h0234 7 41 40 55 55 77 73 57 57 75 71 68 88 64 64 52 601 60 64 76 76 53 61 58 58 622 501 54 53 672 79 56 56 57 53 56 64 53 53 63 63
h0244 7 65 81 63 55 651 73 61 57 67 67 682 841 64 1431 52 64 60 64 80 76 57 61 50 66 62 622 54 582 71 71 56 56 57 53 56 64 41 49 63 55
h0254 7 65 65 55 70 77 73 61 57 75 671 721 841 72 127 52 601 76 64 80 76 61 61 50 50 74 622 54 582 79 79 56 56 53 53 56 60 53 49 63 63
h0264 7 65 40 55 55 651 73 61 65 71 67 841 88 64 68 52 64 64 68 80 80 57 531 58 58 622 501 582 582 672 71 52 64 57 57 56 60 53 53 63 55
h0274 7 69 65 63 74 77 81 57 65 67 671 76 68 64 64 52 64 76 64 76 76 57 57 50 58 622 622 582 582 79 551 56 48 57 53 56 60 53 61 59 55
h0284 7 65 65 55 74 69 73 61 57 71 67 801 762 64 76 64 68 64 64 80 76 61 61 50 58 62 622 582 46 671 79 56 56 57 53 56 60 41 53 63 55
h0294 7 69 69 74 70 65 81 61 61 67 67 72 80 64 64 52 601 64 68 76 76 61 61 58 54 66 66 54 54 71 79 48 64 57 61 60 60 611 61 55 55
h0304 7 77 65 55 51 65 77 61 61 71 71 76 841 64 64 64 64 56 64 76 76 57 61 58 70 62 62 67 582 79 79 64 64 57 53 56 60 41 53 63 63
h0314 7 73 65 63 63 65 81 61 57 71 59 72 762 64 68 56 64 56 64 76 76 57 531 58 58 62 501 582 582 71 71 56 60 57 57 56 60 53 49 63 63
h0324 7 73 65 55 55 65 73 61 57 67 671 72 68 68 87 52 52 76 64 80 76 57 61 58 70 62 58 54 582 79 711 56 56 57 53 60 60 53 49 55 55
h0334 7 69 65 63 71 691 652 57 65 67 67 68 88 68 68 52 64 60 72 80 80 57 57 50 50 62 66 582 582 71 551 56 56 57 61 56 60 53 49 63 55
h0344 7 69 69 63 55 65 65 57 57 71 59 68 841 64 68 52 481 76 68 80 76 57 57 62 50 622 622 54 582 79 551 56 48 57 53 60 60 41 53 63 55
h0354 7 65 40 55 78 77 73 61 53 71 67 72 681 64 131 601 64 76 64 80 80 57 61 58 70 62 62 50 582 71 79 56 64 57 57 60 60 41 53 63 63
h0364 7 65 48 63 71 81 81 61 57 75 67 72 76 68 68 601 64 60 76 76 72 57 57 62 58 70 62 70 582 79 593 48 64 57 53 56 56 41 53 63 55
h0374 7 65 41 63 55 65 651 61 57 67 67 80 762 68 60 52 64 60 64 80 76 57 61 62 58 62 62 54 582 79 551 56 56 57 61 56 56 41 49 63 55
h0384 7 65 65 55 55 731 69 61 57 71 67 762 841 64 68 601 64 64 64 92 76 61 531 58 66 62 622 54 54 71 79 56 56 57 53 56 60 53 53 55 55
h0394 7 69 65 55 74 65 77 61 61 792 55 68 88 68 68 52 64 64 64 80 76 612 61 50 58 62 62 62 46 71 551 48 64 53 53 56 60 41 53 63 63
h0404 7 73 48 74 70 69 77 61 57 75 67 76 841 64 64 52 601 60 60 80 80 491 57 50 50 62 62 54 582 672 71 64 64 57 53 56 64 41 53 63 63
h0414 7 69 77 63 81 69 77 61 57 75 75 72 72 64 68 52 681 60 68 76 76 61 61 50 70 62 622 54 54 79 551 60 64 57 57 60 60 53 53 63 55
h0424 7 69 73 55 74 65 73 61 53 67 67 72 841 68 68 481 641 64 64 76 76 61 61 50 58 62 501 661 582 551 551 64 64 57 61 56 56 53 53 63 55
h0434 7 69 65 55 55 77 77 57 57 67 55 68 841 64 68 52 601 60 76 80 80 57 61 50 50 62 66 54 582 71 551 48 48 57 53 60 60 53 611 63 55
h0444 7 65 41 63 74 77 73 61 61 67 67 72 841 64 64 64 68 64 64 80 76 57 61 50 58 62 62 54 50 79 79 56 64 57 53 60 60 41 53 59 63
h0454 7 73 65 63 63 69 652 57 57 75 67 72 841 68 68 52 52 60 76 80 76 57 57 50 50 62 62 54 50 79 711 56 64 57 53 60 64 57 53 63 55
h0464 7 45 48 63 70 73 81 61 57 67 55 72 68 72 64 52 52 60 60 76 76 491 61 62 50 62 62 54 53 71 79 56 56 57 53 56 56 41 49 63 55
h0474 7 69 69 73 74 65 73 61 57 792 59 68 88 68 1472 52 64 60 60 80 76 57 531 58 70 62 501 582 582 71 551 64 64 57 61 56 64 53 53 63 55
h0484 7 73 48 63 74 73 73 61 53 67 67 841 88 68 76 601 68 76 68 76 76 612 57 58 58 70 62 582 53 551 551 56 64 57 61 60 64 53 611 63 55
h0494 7 73 65 63 55 73 73 61 53 71 59 80 841 68 68 64 64 60 60 76 76 57 61 62 50 62 62 582 582 71 71 56 64 57 53 56 64 41 53 63 63
h0504 7 73 73 55 70 652 81 61 61 71 67 681 76 64 68 52 64 60 64 80 80 57 57 50 58 70 62 70 54 672 551 60 64 53 53 60 60 611 61 59 55
h0514 7 73 65 51 70 77 73 61 57 75 71 762 841 64 68 52 64 64 68 80 80 57 61 62 58 62 62 582 582 71 551 56 56 57 53 60 60 53 611 55 55
h0524 7 45 65 63 70 73 73 61 61 67 55 68 68 64 68 52 64 60 72 80 76 57 61 50 58 70 62 50 53 71 71 56 56 57 53 56 60 41 49 63 55
h0534 7 65 81 63 67 69 73 61 53 71 67 682 80 68 68 64 64 64 72 80 80 491 531 58 58 622 622 582 582 71 551 56 48 57 57 56 60 53 53 63 63
h0544 7 69 65 63 55 65 73 61 65 71 71 72 681 64 1391 52 64 56 60 92 76 57 531 62 58 54 66 58 582 672 79 56 56 57 57 60 60 53 61 55 55
h0554 7 73 73 63 74 811 77 57 57 75 67 72 76 68 1112 52 68 76 68 76 76 61 49 62 58 62 622 62 582 71 79 56 56 57 57 60 64 53 53 63 63
h0564 7 69 65 55 55 65 77 61 61 67 67 722 68 68 60 64 68 60 72 76 76 57 61 58 58 54 62 582 53 71 79 56 48 57 57 60 60 53 53 63 55
h0574 7 65 40 75 55 65 65 61 57 631 59 72 88 68 68 52 64 60 64 80 76 57 61 58 58 62 62 54 582 79 551 56 56 57 53 56 60 41 49 63 55
h0584 7 65 65 63 55 651 731 61 61 75 67 72 68 64 68 64 64 60 60 76 76 491 61 50 50 62 66 54 54 71 71 56 56 57 61 60 60 53 53 63 67
h0594 7 69 69 55 93 65 77 57 57 71 67 72 68 64 64 52 64 56 64 92 76 61 61 50 50 62 741 582 623 551 551 56 64 57 53 60 60 611 61 63 63
h0604 7 65 65 55 55 77 73 61 57 67 164 68 88 64 68 64 68 64 72 80 76 57 531 62 58 78 62 54 50 71 71 56 64 57 53 56 60 53 611 63 55
h0614 7 65 41 55 55 65 731 61 61 67 63 76 68 64 68 64 83 60 60 80 72 57 61 50 50 82 66 66 54 672 551 64 64 53 53 56 60 41 53 55 55
h0624 7 45 77 55 74 65 651 61 57 671 55 722 841 64 64 52 68 56 60 80 80 491 57 50 58 62 622 54 54 71 79 56 56 57 53 60 64 57 611 63 55
h0634 7 65 65 63 63 77 77 61 61 75 63 72 762 64 68 52 64 60 64 80 76 57 49 50 66 54 622 54 582 71 79 56 64 57 61 56 60 41 611 63 55
h0644 7 77 65 63 55 73 81 57 57 67 671 72 76 68 68 52 64 60 64 80 80 57 61 58 58 62 622 54 582 79 79 56 56 57 53 56 60 53 611 63 55
h0654 7 65 65 55 55 651 73 61 61 71 71 762 68 72 68 52 68 64 64 76 72 57 61 50 58 66 58 661 46 79 551 48 64 57 53 60 64 41 53 63 63
h0664 7 65 52 63 63 77 77 57 57 67 67 72 762 64 1112 52 52 60 64 80 76 57 531 58 58 62 66 67 582 71 71 56 56 57 57 56 56 53 61 59 55
h0674 7 65 65 55 70 69 73 61 57 67 55 68 841 68 68 601 64 76 64 76 76 61 61 58 66 78 62 582 46 672 71 56 64 57 57 60 60 53 49 55 55
h0684 7 69 65 67 55 77 77 61 57 71 55 762 841 64 64 64 68 60 64 80 80 57 49 58 58 62 66 54 53 71 79 56 64 57 57 60 60 41 53 63 55
h0694 7 45 65 63 55 65 65 61 53 71 67 68 841 64 68 52 64 60 68 80 76 61 61 50 58 62 501 54 582 79 79 56 60 57 53 60 60 61 49 55 55
h0704 7 65 52 63 104 65 77 61 61 71 71 76 76 64 68 52 601 56 60 80 76 61 61 62 62 141 622 70 54 672 71 56 64 61 53 56 64 53 611 55 55
h0714 7 73 65 63 55 77 81 61 61 75 67 72 72 68 68 64 64 60 64 80 76 57 61 50 58 62 62 54 582 71 79 48 48 57 53 56 56 53 49 63 55
h0724 7 69 73 63 59 77 77 61 61 71 67 76 721 64 68 64 64 64 68 80 80 491 531 62 58 62 62 621 582 79 593 56 52 57 57 60 64 53 53 55 55
h0734 7 69 41 79 55 65 73 61 61 67 67 681 68 64 68 52 68 64 64 80 76 61 61 58 58 70 62 54 46 71 551 56 64 61 53 56 64 53 53 59 63
h0744 7 65 65 55 74 691 81 61 61 71 71 681 68 64 68 64 64 60 64 80 80 57 61 58 58 54 62 50 582 71 71 56 56 57 61 56 60 53 611 55 55
h0754 7 69 81 74 74 651 69 57 57 75 67 72 68 64 68 56 64 56 68 80 76 57 57 50 58 74 62 54 54 71 79 52 64 57 57 56 60 41 49 63 63
h0764 7 69 73 55 74 65 65 61 57 71 67 841 88 68 68 64 64 60 76 76 76 61 61 58 58 62 622 582 46 79 79 56 64 57 57 60 60 611 49 63 55
h0774 7 73 77 55 81 65 81 57 53 71 712 68 68 64 68 52 601 60 64 80 76 57 49 50 50 622 622 54 623 79 79 56 52 57 53 60 64 53 49 63 55
h0784 7 65 65 55 55 77 73 61 57 67 67 68 88 68 127 52 64 60 76 80 80 57 49 62 50 62 66 582 582 672 79 56 52 57 57 56 60 53 45 63 63
h0794 7 65 65 63 55 69 73 61 57 75 67 762 841 64 68 52 52 76 64 80 76 57 61 50 58 62 62 54 582 71 79 56 48 57 57 60 60 41 53 55 55
h0804 7 73 48 55 51 69 73 61 61 71 67 68 841 68 68 64 64 60 64 80 80 57 57 50 58 90 62 70 582 71 79 56 64 57 57 56 56 53 61 63 55
h0814 7 69 73 77 74 77 77 57 57 71 67 76 68 64 68 52 641 60 60 80 80 61 49 50 58 62 66 54 50 671 71 64 64 61 53 60 60 41 611 63 63
h0824 7 45 81 55 55 65 69 57 57 67 671 72 72 64 68 64 64 60 76 80 76 61 61 50 58 62 62 501 54 79 711 56 48 61 61 56 56 41 53 63 63
h0834 7 73 65 55 81 65 77 61 61 67 67 72 68 64 68 52 64 76 64 76 76 57 61 50 58 66 501 58 54 71 79 48 64 53 53 56 56 53 53 63 55
h0844 7 69 69 81 74 77 73 61 57 71 55 681 841 64 64 64 641 64 64 80 80 61 531 58 70 62 501 54 582 551 551 56 56 57 57 60 60 41 53 55 55
h0854 7 69 41 63 63 69 69 61 57 67 63 72 72 64 68 601 64 60 68 80 76 57 61 58 58 62 62 70 582 79 551 56 64 57 57 56 64 53 49 63 55
h0864 7 45 65 55 55 69 69 61 57 67 164 72 841 72 64 601 601 60 64 80 76 61 531 50 54 70 622 661 53 71 551 56 64 57 53 601 64 53 49 63 55
h0874 7 65 81 55 74 571 652 61 61 75 67 762 68 64 68 52 601 56 60 80 76 491 57 58 70 62 501 54 582 79 551 56 64 57 53 56 60 53 53 59 63
h0884 7 45 65 63 81 65 69 53 53 71 67 72 841 64 68 64 68 60 60 80 80 57 61 50 50 70 62 661 54 71 71 48 64 57 57 56 60 61 49 67 55
h0894 7 65 65 74 78 691 69 61 57 71 67 76 68 68 68 481 64 64 68 80 76 57 61 58 58 74 54 66 54 79 551 60 64 57 57 56 64 53 611 63 63
h0904 7 69 65 55 55 73 81 57 57 71 67 72 68 64 68 64 641 60 68 92 76 57 61 50 58 82 501 54 582 671 71 56 56 57 53 64 64 57 53 63 63
h0914 7 69 77 55 74 69 73 61 61 75 71 76 762 68 68 52 64 56 60 80 76 57 57 58 54 54 66 62 582 71 551 56 64 57 53 60 64 53 53 55 55
h0924 7 69 73 63 63 77 77 61 69 67 55 68 841 64 68 601 64 60 68 80 76 57 61 50 58 62 66 541 582 79 79 52 64 57 53 56 60 53 45 63 55
h0934 7 65 65 63 63 65 69 61 61 75 67 681 841 64 64 52 64 60 60 80 76 57 57 50 58 82 62 582 46 79 551 56 64 57 57 56 64 53 53 59 55
h0944 7 73 41 63 55 77 73 61 57 71 67 72 68 72 1112 64 64 56 60 76 76 57 57 50 58 62 62 54 582 71 79 56 52 57 57 56 60 41 53 55 55
h0954 7 73 65 63 55 651 77 61 57 67 55 72 68 64 68 52 64 64 68 80 76 491 61 62 58 62 622 66 50 79 551 56 56 53 53 56 60 53 49 63 55
h0964 7 69 77 55 74 69 73 61 57 67 792 76 68 64 68 56 68 60 64 80 92 57 61 50 58 62 62 541 54 79 551 56 48 57 57 56 56 41 611 55 55
h0974 7 73 65 63 78 73 73 61 57 67 67 72 68 68 68 64 64 60 64 80 76 57 57 62 58 54 62 582 582 672 79 56 56 57 57 56 60 41 49 63 55
h0984 7 69 65 55 55 69 652 57 69 71 67 72 841 72 68 52 481 60 72 80 76 57 61 50 58 62 66 582 46 71 551 56 60 53 53 56 60 53 53 63 63
h0994 7 65 65 81 74 69 77 61 61 71 67 76 68 64 68 52 601 56 60 80 80 57 61 58 70 62 66 70 46 71 79 56 64 57 57 56 56 53 611 63 63
h1004 7 45 81 63 55 69 69 61 65 75 59 68 68 72 64 56 681 60 64 80 84 61 61 62 58 70 66 621 53 71 551 56 48 57 57 60 64 53 49 63 55
CK.0PLA 8 69 77 55 74 65 77 57 53 67 67 72 68 64 68 52 481 64 68 76 76 57 57 50 54 62 62 582 582 -9 -9 56 56 57 61 56 60 53 61 63 63
CK.0PLC 8 69 77 55 55 69 69 61 61 67 59 68 841 68 60 52 601 64 68 80 76 61 61 62 50 62 62 54 46 672 71 56 56 57 57 56 60 41 41 55 55
CK.0PLE 8 73 65 55 55 65 65 61 57 67 59 72 72 64 68 52 52 64 68 76 76 57 61 50 58 54 62 54 54 79 551 56 56 57 53 56 60 53 611 63 55
CK.0PLF 8 69 40 55 55 73 73 61 57 67 67 68 841 64 68 40 56 64 64 76 76 57 57 50 58 62 62 54 53 79 79 56 64 57 53 56 60 57 53 59 55
CK.0PLH 8 69 65 55 55 65 73 57 57 67 67 762 841 68 68 52 641 64 64 76 76 491 61 50 58 62 62 54 53 79 79 56 64 57 57 56 56 53 611 63 63
CK.0PLJ 8 65 48 63 63 65 69 61 61 75 55 72 72 68 68 52 64 64 68 76 76 57 61 50 50 62 66 50 582 71 79 56 64 57 61 60 64 41 53 55 55
CK.0PLK 8 69 65 55 55 69 77 61 57 67 67 76 76 64 68 481 64 60 64 80 76 57 61 50 58 62 62 582 582 551 551 56 64 57 53 56 60 41 53 55 55
CK.0PLL 8 65 41 55 74 65 69 61 57 75 63 841 841 64 68 52 601 76 64 80 76 61 61 50 50 66 622 46 623 71 79 56 60 57 57 56 56 53 53 55 55
CK.0PLM 8 73 65 55 55 65 73 61 53 67 55 76 76 68 68 64 64 64 72 76 76 57 65 58 58 66 622 54 50 71 71 56 64 53 53 60 60 611 49 63 63
CK.0PLP 8 65 41 63 78 69 77 61 57 67 55 841 841 64 68 52 601 76 64 80 76 61 61 50 58 62 58 46 623 71 79 56 60 57 57 56 56 53 53 55 55
CK.0PLT 8 65 81 55 74 65 69 61 57 71 67 68 841 64 68 64 64 60 60 80 80 57 57 50 58 62 622 54 582 71 551 56 64 57 57 56 64 53 49 63 55
CK.0PLU 8 73 65 63 55 65 69 61 57 71 67 72 76 64 68 64 641 64 64 80 76 57 61 62 50 62 622 582 582 71 79 56 64 57 53 60 60 53 611 63 55
CK.0PLX 8 69 81 55 78 73 73 57 57 67 67 762 841 64 68 601 64 60 60 80 76 61 531 50 58 70 501 54 54 71 79 52 48 57 57 56 56 53 53 63 63
CK.0PLY 8 69 65 63 74 77 77 61 57 71 71 76 68 64 68 64 64 60 64 80 80 57 531 58 58 62 501 582 582 -9 -9 64 64 57 53 60 60 53 49 63 55
CK.0PM0 8 69 65 63 55 65 65 61 57 71 67 72 68 64 68 601 481 60 60 80 80 531 49 50 58 74 62 54 582 551 551 56 64 57 53 60 64 41 611 63 55
CK.0PM1 8 77 81 55 55 69 73 57 57 75 67 76 68 64 68 64 83 60 64 80 80 57 57 58 58 62 501 54 54 71 551 56 64 57 57 56 60 53 49 63 63
CK.0PM2 8 69 65 63 55 69 77 61 57 71 71 76 80 64 64 52 68 64 68 80 76 57 57 58 58 62 622 54 50 79 79 56 56 57 53 56 60 49 49 63 63
CK.0PM3 8 69 40 55 55 651 77 57 57 55 59 72 762 68 68 64 64 60 64 80 76 57 61 50 50 62 501 54 582 71 551 56 48 57 53 56 60 41 49 55 55
CK.0PM4 8 69 65 63 74 81 812 57 65 71 67 841 88 64 68 64 64 76 76 80 76 57 57 58 54 54 62 582 582 71 71 56 64 61 53 60 60 41 611 55 55
CK.0PM7 8 65 65 63 63 65 77 61 61 71 67 68 68 68 68 52 64 64 64 76 76 61 61 58 58 62 66 582 46 551 551 48 64 57 53 60 64 53 611 63 63
CK.0PM8 8 65 65 74 74 77 77 61 57 71 63 68 841 64 64 601 64 76 64 80 80 61 49 58 58 62 622 54 54 71 79 56 56 53 53 60 60 41 53 55 55
CK.0PMA 8 65 65 63 74 65 65 61 57 75 71 72 68 72 64 601 64 64 64 80 76 57 57 62 50 62 622 54 54 71 71 60 64 57 53 60 64 53 49 63 63
M2C06 8 65 65 55 70 77 81 61 53 75 67 72 76 64 68 64 68 60 76 80 80 61 49 50 50 66 622 54 582 71 71 64 64 57 61 60 64 53 49 63 63
M2C07 8 65 65 74 70 77 73 61 53 67 67 76 841 64 68 64 64 60 60 80 76 57 61 58 58 62 622 54 582 71 79 56 64 57 53 56 60 53 49 55 55
M2C08 8 65 65 78 70 73 81 61 57 67 67 841 841 64 68 52 68 60 60 80 80 57 61 50 58 62 622 54 582 71 79 56 64 57 53 60 64 53 61 63 55
M2C0A 8 65 65 70 70 77 73 61 61 75 67 72 72 72 68 52 68 60 60 80 80 61 61 50 58 622 622 54 582 71 79 56 64 57 53 60 64 53 53 63 55
M2C0C 8 77 65 63 63 65 652 61 57 67 67 68 68 64 68 52 52 60 60 80 76 57 57 50 58 62 501 54 582 79 79 56 56 53 53 60 60 61 61 55 55
M2C0E 8 69 73 55 70 73 81 61 57 71 67 72 72 64 68 64 68 68 68 76 76 57 57 50 58 62 62 582 582 71 79 56 56 57 53 56 60 53 53 63 63
h00111 9 69 48 55 55 65 69 61 57 67 59 72 68 68 68 52 601 60 64 76 76 57 49 58 58 62 62 54 53 672 71 56 64 57 57 56 60 61 49 63 63
h00211 9 69 77 55 55 65 65 61 61 75 71 72 72 64 64 64 68 60 64 80 76 61 49 58 58 62 62 54 582 71 551 60 64 57 53 56 56 41 53 55 55
h00311 9 77 77 55 74 69 77 61 57 71 67 72 841 68 68 64 68 76 68 80 76 57 61 50 54 622 622 54 46 71 79 56 60 57 57 60 60 53 611 55 55
h00411 9 69 69 74 74 65 69 61 57 67 59 72 72 72 68 52 64 60 76 80 76 57 531 58 54 622 501 54 582 71 551 52 64 57 57 56 60 53 49 55 55
h00511 9 73 77 63 55 65 81 57 57 67 67 72 68 64 68 52 52 60 68 76 76 57 57 50 58 62 622 54 582 71 79 56 64 57 53 56 60 53 53 55 55
h00611 9 69 48 63 70 65 69 57 57 67 67 76 76 64 64 52 64 60 60 80 80 57 49 50 58 66 622 54 582 71 551 56 56 57 57 60 60 53 611 63 63
h00711 9 69 77 55 74 65 812 61 57 67 63 76 68 64 68 52 64 60 60 76 76 61 49 50 50 62 58 582 582 71 79 56 48 57 53 60 64 611 61 63 55
h00811 9 69 65 55 55 65 69 61 57 75 67 72 762 64 68 52 68 64 64 80 76 61 49 50 50 622 622 54 582 71 71 56 56 57 57 60 60 61 49 63 63
h00911 9 69 73 55 74 69 81 57 65 71 71 76 76 64 68 52 64 60 64 76 76 57 57 58 58 62 62 54 54 71 79 56 64 57 57 60 60 53 49 63 55
h01011 9 69 65 63 55 65 65 57 57 71 67 72 80 68 68 601 64 60 60 80 80 57 61 58 58 62 62 54 582 79 79 56 64 53 53 60 60 53 53 55 55
h01111 9 65 81 74 74 65 77 61 57 71 67 72 68 64 68 64 64 60 64 80 76 57 61 50 50 62 501 54 53 79 79 56 56 57 57 60 60 53 611 63 63
h01211 9 65 81 63 55 65 77 61 57 67 67 841 841 64 68 64 83 60 64 80 76 57 61 50 58 58 622 582 582 71 79 64 64 57 53 56 64 57 611 63 55
h01311 9 77 40 63 55 652 73 61 61 67 55 762 68 64 64 481 64 68 68 80 80 57 61 50 50 622 622 582 46 71 79 56 64 57 53 60 60 53 49 63 55
h01411 9 69 65 63 55 73 73 61 57 71 67 72 76 64 68 64 68 60 64 80 76 61 49 50 50 62 62 582 582 71 79 56 64 57 53 60 60 53 53 63 55
h01511 9 65 81 55 74 65 69 61 61 71 71 68 68 64 68 52 64 64 68 76 76 57 531 50 50 70 66 582 582 71 551 56 64 53 53 56 56 61 49 55 55
h01611 9 65 65 55 55 77 77 61 57 67 67 72 841 64 68 64 68 60 60 80 76 57 61 58 58 62 62 582 582 71 551 64 64 57 57 56 60 53 611 63 63
h01711 9 69 69 55 55 77 73 57 57 67 67 72 72 68 68 52 481 64 64 80 76 57 57 50 58 62 62 54 54 672 71 48 64 57 57 60 60 41 49 55 55
h01811 9 73 77 55 55 65 69 53 53 67 67 68 841 68 68 601 64 60 60 80 76 61 61 50 58 62 62 54 54 551 551 56 56 57 57 60 64 53 49 55 55
h01911 9 65 65 63 70 69 77 57 57 67 63 72 68 68 68 52 601 60 68 80 76 61 61 62 58 62 62 582 582 79 551 56 56 57 57 60 60 53 611 63 55
h02011 9 65 81 74 70 65 65 61 57 67 55 68 68 64 68 481 64 60 60 80 80 61 61 50 58 62 66 582 46 71 79 56 56 57 53 60 60 41 611 63 55
h02111 9 40 40 74 70 65 77 61 61 71 55 68 841 72 64 601 64 60 76 80 76 57 61 50 50 62 62 54 54 71 71 52 64 57 61 60 64 53 49 63 63
h02211 9 73 65 55 55 65 65 61 57 67 67 68 841 64 64 52 52 60 64 80 76 57 61 50 58 62 62 582 623 79 551 56 64 57 61 56 60 53 611 63 63
h02311 9 69 77 55 55 65 73 61 57 71 67 76 841 68 68 64 64 76 68 80 76 61 61 50 58 74 501 54 582 71 551 56 52 57 53 56 60 41 53 63 55
h02411 9 69 81 55 55 65 77 57 57 67 59 72 68 64 68 481 481 68 68 80 76 61 61 50 50 62 62 54 46 71 79 56 56 57 57 60 60 61 49 63 63
h02511 9 65 65 55 55 77 77 61 57 71 67 72 841 64 68 56 64 64 64 80 76 57 61 50 58 62 66 54 582 71 79 56 64 57 57 56 60 53 53 63 55
h02611 9 77 65 55 74 65 65 61 57 75 55 72 68 68 68 601 40 60 64 76 76 57 57 58 54 62 501 54 53 71 79 56 64 57 53 56 60 53 49 55 55
h02711 9 69 65 55 55 73 812 57 57 67 67 76 76 64 68 52 64 60 64 76 76 57 61 58 58 66 622 582 582 71 71 56 56 57 61 56 60 41 61 63 55
h02811 9 65 81 63 55 65 65 61 57 71 67 72 841 64 68 64 68 64 64 76 76 61 61 50 58 622 622 582 53 79 79 64 64 61 53 56 64 53 49 55 55
h02911 9 69 81 55 74 65 73 57 53 71 71 76 76 64 64 52 64 64 64 76 76 57 61 62 50 62 62 582 582 71 79 56 64 57 57 56 60 53 49 63 63
h03011 9 73 65 63 55 65 65 61 57 71 67 72 68 64 68 52 64 60 76 80 80 61 61 50 50 62 62 50 582 71 79 64 64 57 53 60 60 53 53 55 55
h03111 9 65 40 63 55 65 77 61 57 67 59 72 68 68 68 52 68 60 64 80 80 57 61 50 58 62 62 54 50 71 71 56 56 57 61 56 60 53 49 63 55
h03211 9 65 65 55 70 73 81 57 57 67 67 76 68 64 68 52 56 60 64 80 76 61 531 50 58 62 62 582 53 71 79 56 56 57 53 56 60 53 49 55 55
h03311 9 69 81 55 55 65 77 61 61 63 59 72 762 68 68 52 68 60 64 80 80 61 61 50 58 62 622 582 582 71 79 64 64 53 53 56 64 53 611 63 63
h03411 9 65 81 55 55 77 73 61 57 71 59 72 72 64 68 64 64 64 68 80 80 57 61 50 50 62 622 54 50 79 551 56 64 53 53 56 60 611 49 55 55
h03511 9 65 41 55 55 65 65 61 53 67 67 68 68 64 64 601 601 60 64 80 76 57 61 58 58 74 62 582 582 71 551 56 64 61 53 60 60 53 611 63 55
h03611 9 65 81 55 74 65 77 53 53 71 67 76 68 64 68 52 64 60 64 80 76 57 57 50 50 62 62 54 46 71 79 56 64 57 53 56 60 41 53 63 55
h03711 9 77 65 55 70 77 77 61 57 67 63 72 68 64 68 52 52 60 60 76 76 57 61 58 58 62 622 582 582 71 79 56 56 57 61 56 60 41 49 63 55
h03811 9 65 65 55 70 69 77 61 53 67 59 72 76 64 68 52 601 60 60 80 80 57 61 50 58 62 622 54 582 71 551 56 48 57 57 60 64 53 49 63 55
h03911 9 73 81 63 55 65 73 61 61 67 67 76 68 64 68 52 83 60 64 80 80 57 57 50 58 62 62 54 582 672 71 56 56 57 61 60 60 53 611 63 63
h04011 9 69 77 70 70 77 77 57 57 67 55 72 72 68 68 52 64 60 76 80 80 57 49 50 58 62 66 582 582 71 79 56 56 53 53 56 60 53 61 63 55
h04111 9 69 65 63 55 77 77 57 57 67 67 72 841 68 68 52 64 60 76 80 76 57 57 50 50 54 62 50 582 71 71 56 64 61 53 60 60 41 53 63 55
h04211 9 69 65 63 70 65 69 61 57 67 55 762 68 64 64 601 641 60 60 76 76 57 61 50 58 74 62 54 54 71 551 60 48 57 53 60 64 53 611 63 55
h04311 9 65 40 63 63 65 65 57 53 67 67 68 68 64 68 64 68 60 68 80 76 57 531 58 58 62 62 54 582 71 71 56 56 57 53 56 64 53 49 63 63
h04411 9 77 65 63 63 73 73 61 61 71 71 72 76 64 68 52 64 64 64 80 76 57 531 50 58 66 501 54 46 79 551 56 64 57 53 56 64 53 53 63 55
h04511 9 69 65 63 55 73 81 57 53 71 67 841 841 68 68 52 641 60 64 80 76 57 61 50 50 62 62 54 46 79 79 64 64 57 57 56 64 53 49 63 63
h04611 9 65 65 55 78 65 77 61 53 71 67 76 68 72 64 481 64 60 68 80 80 57 61 50 58 54 622 50 582 71 79 48 64 57 57 56 60 53 49 63 55
h04711 9 73 40 55 74 65 73 61 57 67 67 72 76 64 64 64 64 60 64 80 76 57 61 50 58 62 501 54 53 71 551 64 64 57 57 56 56 53 49 63 63
h04811 9 69 65 63 70 77 77 61 57 67 63 72 68 64 68 52 52 64 68 80 76 61 531 58 58 622 622 582 582 71 79 56 56 57 57 56 56 611 49 63 63
h04911 9 77 65 63 70 65 73 57 57 75 67 76 68 64 68 52 641 60 64 80 80 491 57 58 58 62 622 582 582 71 79 56 64 57 57 60 60 53 611 63 55
h05011 9 65 65 63 63 69 73 57 57 71 67 68 841 64 68 52 64 64 64 76 76 57 61 50 58 74 62 582 582 71 71 56 64 57 61 60 64 53 611 55 55
h05111 9 65 40 63 55 69 77 61 61 67 67 68 841 68 68 64 64 64 64 80 76 61 49 58 58 62 66 54 54 71 71 56 56 57 53 60 64 53 49 55 55
h05211 9 65 41 63 55 652 81 61 61 67 59 72 72 64 68 52 40 60 64 76 76 57 57 50 50 62 66 582 582 71 79 56 64 57 53 56 64 611 611 63 63
h05311 9 69 77 55 55 65 81 57 53 67 67 76 841 72 64 601 40 60 72 80 76 57 61 50 58 62 622 54 582 71 79 56 56 57 57 56 56 41 57 63 63
h05411 9 69 65 63 63 73 73 61 57 75 67 76 762 64 60 64 83 76 64 80 76 57 531 50 58 54 66 582 582 71 551 56 64 57 53 56 60 53 611 63 55
h05511 9 73 40 55 55 69 77 57 53 67 67 68 841 64 64 64 64 60 60 80 76 61 61 50 58 54 501 582 582 71 79 56 56 57 53 60 60 53 49 63 55
h05611 9 69 65 55 55 69 77 57 57 67 63 76 841 68 68 64 641 60 60 80 80 49 49 50 58 62 62 582 582 71 71 56 52 57 61 60 64 611 611 63 63
h05711 9 69 65 63 70 73 812 61 61 55 55 72 76 68 68 56 64 60 64 80 76 57 531 58 58 62 62 54 582 71 71 56 64 53 53 56 60 53 611 63 55
h05811 9 65 65 63 55 77 73 61 57 67 67 76 68 68 68 481 64 60 60 76 76 61 49 50 58 62 62 54 54 79 79 56 64 57 57 56 60 611 61 63 63
h05911 9 69 65 55 55 81 81 61 61 75 55 72 68 64 68 64 64 64 64 80 76 57 57 58 58 62 501 54 50 79 79 56 64 57 53 56 60 53 611 63 55
h06011 9 65 65 55 70 65 73 61 57 67 63 72 841 64 68 601 481 60 76 76 76 61 61 50 58 62 62 582 46 79 79 56 56 57 53 56 64 41 49 63 63
h06111 9 77 65 55 74 65 73 61 57 67 67 762 762 64 68 64 68 60 64 76 76 531 49 58 58 62 622 54 582 79 551 64 64 57 53 56 64 41 49 55 55
h06211 9 65 41 55 74 69 69 57 57 67 55 72 841 68 68 52 64 60 64 80 76 491 57 50 58 62 62 50 582 79 551 56 64 53 53 60 64 41 41 63 55
h06311 9 48 81 78 70 77 73 61 57 71 55 841 841 64 68 64 68 76 68 80 80 61 531 50 58 54 501 54 53 71 71 64 64 57 57 56 64 53 53 63 63
h06411 9 65 65 55 74 65 69 61 61 67 67 72 68 64 68 56 64 60 64 76 76 57 61 50 58 66 501 54 582 79 551 56 56 57 57 60 60 611 611 55 55
h06511 9 69 73 63 55 69 77 57 53 71 67 76 68 64 68 64 68 60 68 76 76 57 49 50 54 62 66 54 623 71 551 64 64 57 53 60 60 53 611 63 63
h06611 9 69 65 63 55 69 73 61 57 71 71 72 68 68 68 52 64 60 76 80 80 57 49 50 58 62 622 54 582 79 551 56 64 57 61 60 60 53 611 63 55
h06711 9 41 40 63 55 77 81 61 61 71 67 72 72 64 64 52 64 64 64 76 76 57 61 50 58 54 622 54 54 71 551 64 64 57 53 60 60 41 41 63 55
h06811 9 73 41 63 55 73 73 61 57 71 55 72 841 64 68 52 64 60 64 80 76 61 61 58 58 62 62 54 582 71 71 56 64 57 57 56 56 41 49 63 55
h06911 9 65 40 63 70 65 81 57 57 71 55 72 841 64 64 64 64 60 68 80 76 57 61 50 58 62 62 54 54 71 79 56 64 57 57 56 56 53 61 63 55
h07011 9 77 65 55 55 77 81 57 57 67 67 841 841 64 68 52 68 60 64 80 76 57 61 50 58 62 66 54 582 71 79 56 56 61 53 60 64 41 611 55 55
h07111 9 65 81 55 78 69 73 57 57 67 67 72 841 64 64 52 64 68 68 80 80 57 57 50 50 501 501 54 582 71 79 56 56 57 53 56 60 53 49 55 55
h07211 9 65 65 55 55 77 81 57 57 67 67 762 68 64 68 52 64 76 64 80 76 57 61 50 54 62 622 582 582 71 79 64 64 57 57 60 60 53 49 55 55
h07311 9 65 65 55 74 69 77 61 57 67 55 76 76 64 64 52 64 60 64 80 76 57 61 50 50 70 62 582 582 71 551 60 64 61 53 56 60 41 49 63 55
h07411 9 69 77 63 63 65 69 61 57 71 67 72 68 68 68 52 64 76 64 80 76 57 61 58 58 54 62 582 46 71 551 56 64 53 53 56 56 53 61 55 55
h07511 9 65 65 55 70 65 69 61 57 75 71 68 841 64 68 52 641 64 64 76 76 57 531 50 50 62 66 54 46 71 79 56 64 57 53 60 60 53 49 55 55
h07611 9 69 69 55 55 77 81 57 57 71 55 72 76 68 68 601 64 60 64 80 76 57 61 58 58 62 501 54 582 79 551 56 64 57 57 56 56 53 61 63 63
h07711 9 65 81 63 63 69 73 57 53 71 67 762 68 64 68 40 64 76 64 80 76 491 61 58 58 70 62 54 582 79 551 48 64 57 53 60 60 49 49 63 55
h07811 9 65 65 55 55 65 651 61 61 75 67 72 841 64 64 52 64 60 76 80 80 61 61 50 58 54 622 582 582 551 551 56 64 53 53 56 56 53 53 55 55
h07911 9 69 65 63 55 69 77 61 61 71 67 68 841 68 68 64 83 64 64 80 80 57 61 62 50 62 622 54 54 79 551 56 60 57 53 60 60 53 53 63 63
h08011 9 69 77 63 55 77 73 61 61 67 67 841 88 64 68 64 64 72 68 80 80 61 531 50 58 62 62 582 46 79 551 56 56 57 57 56 60 53 53 63 63
h08111 9 65 65 55 74 69 77 61 57 67 55 72 76 72 68 481 64 60 68 80 76 491 57 50 58 62 622 582 53 71 79 56 56 57 53 56 60 53 53 55 55
h08211 9 65 40 55 78 65 69 61 57 71 67 72 841 64 68 64 64 64 64 80 76 57 57 50 58 54 501 54 54 79 551 52 64 57 53 60 60 53 49 63 55
h08311 9 69 73 55 55 77 77 57 57 71 63 76 88 64 68 481 64 64 68 80 76 57 57 58 58 62 62 582 582 71 551 56 56 57 53 56 60 41 61 55 55
h08411 9 73 65 55 55 65 69 61 57 75 63 72 68 68 68 52 64 76 64 80 76 57 57 50 58 66 622 54 582 71 551 56 64 57 53 56 64 41 53 63 63
h08511 9 69 73 63 55 65 81 57 53 71 67 72 76 68 68 481 64 60 64 80 76 57 49 58 58 62 66 50 582 71 79 56 56 57 61 60 60 53 53 55 55
h08611 9 77 77 55 78 73 81 57 57 71 67 72 841 64 64 52 40 60 64 80 76 61 65 50 50 62 66 54 54 79 551 48 64 57 57 60 60 53 49 63 63
h08711 9 69 41 63 55 65 77 61 57 75 71 68 68 64 64 641 641 64 64 80 76 57 61 50 50 622 501 54 50 71 71 64 64 57 53 60 64 53 49 63 55
h08811 9 69 73 63 55 65 65 57 57 75 55 762 841 64 68 64 64 60 76 80 80 57 57 58 54 54 622 54 54 71 71 56 56 57 53 60 64 53 61 63 55
h08911 9 69 65 63 78 69 69 57 65 75 67 72 841 64 68 601 64 60 64 80 80 57 57 50 58 62 62 582 46 71 551 56 56 57 57 60 60 49 49 63 55
h09011 9 65 65 55 70 65 77 61 61 67 67 76 841 72 68 64 68 60 68 76 76 57 61 62 58 501 501 54 582 71 79 52 64 57 57 56 60 61 49 63 55
h09111 9 73 81 63 74 77 73 61 57 75 67 68 88 64 68 601 601 60 64 80 76 491 57 50 58 62 58 582 582 79 551 56 64 53 53 60 64 41 53 63 55
h09211 9 73 65 55 55 652 73 57 53 67 67 76 841 68 68 52 56 60 64 76 76 61 61 50 58 54 66 46 623 71 79 56 56 53 53 60 64 57 53 63 55
h09311 9 65 65 55 55 69 77 57 57 71 67 68 68 68 68 64 64 76 68 80 76 57 61 50 50 62 622 54 54 71 79 56 56 57 53 60 60 49 49 63 55
h09411 9 65 65 63 55 65 73 61 57 75 67 762 68 64 64 52 64 64 68 76 76 61 61 58 58 62 501 54 46 79 79 56 64 57 53 56 60 611 49 55 55
h09511 9 65 81 63 55 65 69 61 57 67 59 72 80 64 68 52 64 76 68 80 76 61 61 50 58 501 501 54 50 71 79 64 64 57 53 56 60 49 49 63 55
h09611 9 69 65 55 74 77 77 61 57 75 67 72 68 64 68 64 68 60 64 80 76 61 531 58 58 62 501 54 53 79 551 64 64 57 57 56 56 53 53 55 55
h09711 9 81 40 55 78 77 81 61 61 71 67 76 68 68 68 481 641 60 64 80 76 57 57 62 58 62 66 54 54 71 79 56 64 57 57 56 60 53 53 55 55
h09811 9 65 65 63 55 652 73 57 57 71 67 76 841 64 64 64 64 60 64 80 80 57 57 50 58 62 62 582 582 71 71 64 64 53 53 56 64 53 611 55 55
h09911 9 73 65 55 70 77 73 61 57 67 55 76 841 64 68 52 52 68 68 76 76 61 61 58 58 62 62 54 54 71 71 56 56 57 53 56 56 61 49 63 63
h10011 9 65 65 55 55 65 77 61 57 75 71 76 841 68 60 52 481 64 64 80 76 61 61 50 58 62 58 54 582 71 79 56 64 57 53 56 56 41 53 63 63
h1011 9 65 41 63 70 65 65 57 57 75 67 76 76 64 64 52 52 60 64 80 76 57 57 62 58 62 66 54 582 71 79 56 64 57 53 60 64 53 53 63 55
h1021 9 77 65 78 78 65 73 61 57 67 67 76 841 64 68 64 64 60 68 76 76 61 531 50 58 62 62 54 623 71 71 64 64 61 61 56 60 53 611 63 63
h1031 9 65 41 55 78 65 81 61 57 71 67 72 68 64 68 52 40 64 64 80 80 61 61 50 58 62 58 54 582 71 551 48 64 57 57 60 64 53 611 59 63
h1041 9 73 65 63 63 77 812 61 57 71 67 762 841 72 68 481 64 60 60 80 80 57 61 50 58 62 62 582 46 71 71 56 56 61 61 60 60 53 53 63 55
h1051 9 69 65 55 70 73 73 57 57 67 55 72 76 68 68 52 64 64 68 80 80 57 61 50 58 66 622 54 53 79 551 56 64 53 53 56 56 53 53 59 55
h1061 9 73 65 63 55 65 77 61 57 71 55 68 68 64 68 64 64 64 64 80 76 57 61 58 58 62 622 54 582 79 551 56 64 57 57 56 60 53 611 63 55
h1071 9 65 65 55 70 65 73 61 53 71 67 72 762 68 68 64 64 60 72 76 76 61 531 58 58 62 66 54 54 71 551 64 64 53 53 56 60 53 611 63 55
h1081 9 73 65 55 70 65 69 61 57 71 67 72 68 68 68 64 641 60 64 76 76 57 57 50 58 62 62 54 582 71 79 56 56 57 53 56 64 53 61 63 55
h1091 9 65 65 55 55 73 73 53 53 71 63 76 841 64 64 52 64 60 60 76 76 61 531 62 58 62 501 46 623 71 79 64 64 57 53 56 60 41 53 63 55
h1101 9 69 81 63 70 65 81 61 65 67 59 72 762 64 60 64 83 60 68 80 76 57 531 58 58 62 622 582 582 79 79 48 64 57 53 56 64 53 49 63 63
h1111 9 77 65 55 55 73 81 61 53 71 55 68 841 68 60 641 68 60 64 80 76 57 49 50 58 62 622 54 50 71 79 56 64 57 57 56 60 53 611 63 55
h1121 9 69 65 55 55 69 652 61 57 67 67 68 68 72 64 481 64 60 64 80 76 57 61 50 50 62 501 54 54 71 551 56 56 57 57 56 60 53 611 63 55
h1131 9 65 48 55 55 69 77 57 57 67 67 72 68 64 64 52 601 72 72 80 76 57 61 50 58 62 501 54 54 71 551 56 56 57 57 56 56 61 49 55 55
h1141 9 73 65 74 70 65 65 61 61 71 55 72 72 64 68 64 641 64 68 80 76 57 57 50 58 62 62 54 582 71 551 56 60 57 53 60 64 41 53 63 55
h1151 9 69 69 55 70 77 77 57 57 71 55 72 68 64 64 64 68 76 64 80 76 57 57 58 58 622 501 54 53 71 71 56 56 61 53 60 60 53 49 63 55
h1161 9 65 65 55 55 65 77 61 57 67 67 72 68 64 68 601 64 60 68 80 76 61 61 58 58 58 622 54 54 71 71 48 64 57 53 60 64 53 61 63 55
h1171 9 69 40 63 74 65 65 57 57 67 55 68 841 72 64 52 64 64 64 76 76 57 531 50 50 74 622 54 50 79 551 56 48 57 57 56 60 41 53 55 55
h1181 9 69 77 63 74 65 73 57 53 67 67 72 68 64 68 52 64 60 64 80 76 57 57 62 50 62 622 54 582 672 71 56 52 57 53 56 56 53 53 63 63
h1191 9 65 65 63 55 65 77 57 57 67 67 72 68 68 68 52 64 60 68 80 80 57 57 50 58 62 62 54 623 79 551 56 56 57 57 60 60 41 611 63 55
h1201 9 69 73 55 78 65 77 57 57 67 67 80 68 68 68 601 64 60 64 76 76 57 57 62 58 62 62 54 582 71 551 56 56 57 53 56 60 61 49 55 55
h1211 9 65 40 63 70 77 77 57 57 71 67 72 762 64 64 52 481 60 68 80 80 61 61 50 58 62 622 54 54 71 551 56 56 57 57 56 56 53 53 63 55
h1221 9 69 65 63 70 65 77 61 57 71 67 68 841 64 68 481 641 60 60 80 76 57 57 58 58 62 62 54 582 79 79 56 64 57 57 60 60 53 53 63 55
h1231 9 65 65 55 70 65 81 61 57 67 67 76 841 68 68 52 68 64 64 80 80 61 531 50 50 62 62 582 582 71 71 56 48 53 53 60 60 41 53 59 55
h1241 9 65 65 55 70 65 77 61 57 67 55 72 841 64 68 52 64 60 76 76 76 57 61 50 58 62 501 54 582 71 79 56 64 57 53 56 60 53 611 63 63
h1251 9 77 48 63 74 65 65 61 57 67 67 72 68 64 68 481 64 64 64 80 76 57 57 50 50 70 62 54 582 79 79 56 48 57 61 56 64 41 53 55 55
h1261 9 65 65 63 74 65 73 61 57 67 55 68 88 64 68 601 68 64 64 80 76 57 49 50 50 62 622 54 50 79 79 56 64 57 53 56 64 53 61 55 55
h1271 9 69 65 63 55 73 81 53 53 67 67 76 88 64 64 56 64 60 64 80 76 57 61 58 58 62 622 50 582 71 79 56 64 57 57 56 64 53 53 55 55
h1281 9 77 65 55 55 65 77 61 61 75 67 76 68 68 68 481 64 76 68 80 80 57 57 50 58 62 622 582 53 71 79 56 64 57 57 60 64 53 49 55 55
h1291 9 73 65 63 70 77 81 57 57 67 67 72 841 64 68 52 68 64 68 80 80 57 65 58 58 54 66 582 623 71 551 64 64 57 53 56 60 41 53 63 55
h1301 9 73 65 55 74 65 73 61 57 67 55 76 841 64 68 52 64 60 68 76 76 57 49 58 58 622 622 54 53 71 551 56 56 57 57 60 64 53 49 55 55
h1311 9 65 65 74 74 77 73 57 57 71 71 72 762 68 68 52 601 64 68 80 76 61 531 50 50 74 622 582 46 71 71 56 56 57 61 60 60 53 53 55 55
h1321 9 65 40 55 74 65 77 61 53 67 55 68 841 68 68 64 68 64 64 80 76 57 61 58 58 62 66 54 582 79 79 60 64 57 57 56 60 53 53 63 63
h1331 9 81 81 55 70 77 77 61 57 75 75 68 841 64 68 601 64 60 68 80 80 57 61 58 58 62 66 582 582 71 551 56 56 61 53 60 60 53 49 55 55
h1341 9 69 73 63 55 69 69 61 57 71 55 76 68 64 68 481 64 60 68 80 76 61 49 50 58 62 622 54 54 551 551 56 56 57 53 60 64 41 53 63 63
h1351 9 69 65 55 74 77 77 61 61 75 71 68 68 64 68 52 64 64 64 80 80 57 61 50 58 62 501 582 582 71 71 56 64 57 57 60 60 53 61 63 55
h1361 9 65 48 78 70 77 73 57 57 67 55 72 68 64 64 52 601 76 64 80 76 57 57 50 58 62 62 54 582 79 551 56 64 57 53 60 60 61 49 63 55
h1371 9 69 65 55 74 65 651 57 57 67 67 72 841 68 68 481 64 60 68 80 76 57 61 50 58 62 62 582 582 71 551 56 60 57 53 56 60 53 53 63 63
h1381 9 69 77 55 55 65 69 57 57 75 67 76 841 64 64 601 64 68 68 80 76 57 57 58 58 62 62 54 54 79 79 64 64 57 53 56 64 53 49 63 55
h1391 9 69 77 55 70 65 73 57 53 67 67 76 76 68 68 64 68 60 60 80 76 61 531 50 58 54 62 54 582 79 79 56 64 57 61 56 60 41 41 55 55
h1401 9 73 65 55 55 69 77 61 61 67 55 76 841 68 68 601 64 60 64 80 80 57 57 50 58 62 622 582 53 71 71 56 64 57 53 56 60 41 61 55 55
h1411 9 69 69 63 55 69 69 57 53 67 67 76 68 64 64 40 68 64 64 80 80 57 61 50 58 62 62 54 582 79 551 56 56 57 53 60 60 53 49 55 55
h1421 9 65 48 55 70 69 73 61 61 67 63 72 76 64 68 52 641 60 64 80 76 61 61 58 58 62 62 582 582 79 551 48 64 57 57 60 60 53 611 63 55
h1431 9 69 77 55 55 77 81 57 57 71 67 68 841 68 60 481 64 60 64 76 76 57 61 50 58 62 62 54 582 71 79 60 64 57 53 56 60 41 53 63 55
h1441 9 69 48 63 55 65 81 61 61 71 67 762 841 64 68 52 64 60 64 80 80 57 49 58 58 62 62 54 54 71 71 64 64 57 61 60 60 53 53 63 55
h1451 9 65 65 63 70 69 77 61 57 67 67 68 68 64 64 52 68 60 60 80 80 57 61 50 50 62 622 54 582 79 551 56 64 57 57 60 64 53 49 63 63
h1461 9 69 65 63 55 77 77 61 53 67 67 72 76 64 68 52 64 76 64 76 76 57 61 50 58 54 622 582 582 79 551 48 64 57 57 60 60 53 53 63 63
h1471 9 69 65 55 55 65 77 61 61 75 67 72 80 68 60 52 64 60 64 80 76 61 49 50 58 62 62 54 582 79 79 56 48 57 61 56 64 41 49 63 55
h1481 9 69 69 63 55 81 81 57 53 75 71 762 841 64 64 64 64 60 68 80 80 57 61 50 58 62 62 54 582 79 551 64 64 57 53 56 60 53 61 59 63
h1491 9 77 65 55 70 77 73 61 57 75 71 76 841 72 64 64 641 60 68 76 76 57 61 58 58 62 62 54 623 79 79 64 64 57 53 56 60 41 49 63 55
h1501 9 65 65 55 55 65 73 61 57 71 55 72 76 68 68 56 64 64 68 80 80 57 57 50 50 62 622 582 582 71 551 56 64 57 57 64 64 53 61 63 63
h1511 9 65 81 55 78 69 77 57 57 67 67 72 68 72 68 52 64 60 64 76 76 61 61 62 58 62 622 54 582 71 79 56 60 57 53 60 64 53 49 63 55
h1521 9 73 65 74 70 65 77 61 53 71 55 762 841 64 64 64 64 64 68 80 76 57 49 50 58 66 622 582 582 79 551 60 64 53 53 64 64 53 53 55 55
h1531 9 65 41 55 55 65 651 57 53 67 59 72 841 64 68 64 64 60 64 80 80 61 61 50 58 62 62 54 54 79 551 56 64 57 61 56 60 41 53 63 63
h1541 9 65 40 74 74 73 73 57 57 67 63 76 841 64 68 52 52 64 64 80 76 57 61 50 50 62 501 582 582 71 71 56 56 61 53 56 60 53 611 55 55
h1551 9 65 41 55 74 69 77 57 57 67 67 68 841 64 68 601 68 60 68 80 76 57 65 58 58 62 622 54 582 71 551 56 56 57 53 56 60 53 49 63 55
h1561 9 65 65 55 70 77 73 61 57 67 67 68 841 72 68 52 68 76 64 80 80 57 61 50 58 62 501 54 54 79 551 56 64 57 53 60 60 611 49 55 55
h1571 9 69 81 55 74 65 65 57 57 71 59 72 841 64 68 601 68 64 64 76 76 57 61 62 54 62 622 54 54 71 71 60 64 57 57 60 64 41 53 63 55
h1581 9 73 65 55 55 69 77 61 61 71 67 76 76 72 64 56 64 60 60 80 76 57 49 58 58 62 622 582 53 71 79 56 64 61 53 56 56 53 611 63 55
h1591 9 69 65 63 55 65 77 61 57 71 71 76 841 64 64 64 64 64 64 80 80 57 61 62 58 62 62 54 582 71 79 56 64 57 57 60 64 53 49 55 55
h1601 9 65 65 63 55 65 69 61 61 71 71 841 841 64 68 64 83 64 64 80 76 57 61 50 58 54 62 54 582 71 79 56 60 57 53 56 56 41 53 63 55
h1611 9 65 65 55 55 65 77 57 57 71 67 762 841 64 68 64 64 60 64 80 80 57 61 50 58 62 62 54 50 71 71 56 48 57 53 56 64 41 53 63 63
h1621 9 65 65 63 74 73 81 53 53 67 67 76 841 64 68 52 64 60 68 80 76 57 57 50 58 62 501 54 54 672 71 56 64 57 53 56 60 41 611 63 55
h1631 9 69 65 63 55 65 77 61 57 67 55 68 841 60 60 601 68 60 60 80 80 491 61 50 54 62 66 582 582 79 551 64 64 57 57 56 60 41 53 63 63
h1641 9 69 65 55 74 69 73 61 53 75 67 72 80 64 68 52 64 68 68 80 76 491 57 50 50 62 501 50 50 79 79 56 56 57 61 56 60 41 53 63 55
h1651 9 65 65 55 55 65 65 61 53 67 67 76 762 72 64 64 641 60 60 80 80 491 491 50 50 62 62 582 53 79 551 56 64 57 53 60 60 53 53 55 55
h1661 9 69 73 55 78 65 77 57 57 75 59 72 68 64 68 601 64 60 60 76 76 57 49 50 58 62 62 582 582 71 71 56 56 53 53 56 60 53 611 55 55
h1671 9 65 81 74 70 77 73 61 53 67 67 72 841 68 68 52 601 64 68 80 76 57 57 50 54 62 62 582 46 71 551 56 64 57 53 56 60 53 611 55 55
h1681 9 69 65 55 74 77 77 61 61 75 63 72 76 64 68 52 52 60 68 80 76 57 531 50 50 62 622 582 623 71 71 56 64 61 53 60 64 53 61 63 55
h1691 9 69 69 63 63 77 77 61 57 71 67 72 76 64 64 52 64 76 64 80 76 57 61 62 58 62 62 54 53 71 71 56 48 61 53 56 60 53 611 63 63
h1701 9 65 48 63 55 69 652 61 57 67 67 68 841 64 68 601 68 76 64 76 76 61 61 50 58 62 62 54 582 71 71 56 64 57 53 60 60 611 49 59 55
h1711 9 73 65 55 74 77 81 65 53 75 75 68 841 64 68 52 64 76 64 80 80 57 531 50 50 62 501 53 623 71 551 56 64 57 57 60 64 53 49 63 55
h1721 9 69 48 55 55 73 81 57 57 75 71 72 76 64 64 52 64 64 64 80 76 491 49 58 58 62 66 54 582 71 79 56 64 57 57 56 60 611 49 63 63
h1731 9 73 65 63 74 65 69 61 57 67 55 68 841 64 68 52 64 64 64 76 76 57 61 50 58 70 62 582 46 71 79 56 56 57 53 60 64 53 611 63 55
h1741 9 41 40 63 63 65 77 61 57 75 67 68 841 64 68 52 64 76 64 80 76 57 49 58 58 62 62 54 582 71 79 64 64 57 57 56 60 53 53 63 55
h1751 9 65 65 74 74 65 81 61 57 71 67 762 68 72 64 601 68 76 68 76 76 57 65 50 58 62 66 582 582 71 71 56 60 57 57 56 60 41 61 63 55
h1761 9 65 81 63 55 77 812 61 53 75 67 68 841 68 68 52 83 60 64 80 76 57 61 50 50 62 62 54 582 71 79 56 64 61 53 60 64 53 61 55 55
h1771 9 69 73 63 55 69 812 61 57 67 55 68 841 68 68 52 481 64 68 80 76 61 61 50 58 62 622 54 582 71 551 56 56 57 57 60 60 53 53 63 63
h1781 9 69 65 63 74 77 77 61 57 75 75 72 68 64 64 64 64 60 68 76 76 61 49 58 58 54 62 54 54 79 551 60 64 57 53 56 56 611 611 63 63
h1791 9 69 65 55 70 77 81 57 57 75 67 72 841 64 68 601 641 64 64 80 76 57 57 58 58 62 62 582 582 79 79 56 56 57 57 56 60 53 611 55 55
h1801 9 69 65 63 74 65 81 61 53 75 71 68 68 68 60 481 641 64 68 80 80 61 49 58 58 622 501 582 623 71 551 56 56 57 57 60 60 611 49 55 55
h1811 9 65 40 63 78 65 65 61 57 67 59 76 68 64 68 601 64 76 64 80 80 61 531 50 58 622 501 50 582 71 79 64 64 57 53 60 60 61 61 63 55
h1821 9 69 65 55 74 69 77 61 53 71 67 68 841 64 68 52 52 64 68 80 80 61 61 50 54 54 62 582 582 71 551 48 48 57 57 60 60 53 53 59 63
h1831 9 69 73 63 55 77 73 57 57 67 67 72 841 64 68 64 68 76 64 80 80 57 61 50 50 62 622 54 46 71 551 48 64 53 53 60 60 41 49 55 55
h1841 9 65 81 63 74 65 77 61 53 75 55 68 841 64 64 52 64 60 64 80 80 57 61 58 58 622 501 54 582 71 71 56 56 57 53 60 60 53 611 63 63
h1851 9 69 69 63 74 77 81 61 57 67 67 72 841 64 64 52 52 60 76 80 76 61 61 58 58 54 62 54 623 79 551 64 64 57 57 56 56 53 53 55 55
h1861 9 69 40 63 55 651 81 61 57 71 67 68 68 64 60 601 64 60 76 80 76 57 49 50 58 62 501 54 582 71 551 60 64 57 53 56 64 41 53 63 55
h1871 9 65 40 63 63 69 77 61 57 75 67 72 68 64 68 52 64 64 64 80 76 57 61 58 58 66 622 54 54 79 79 56 64 57 53 56 56 49 49 55 55
h1881 9 69 65 63 55 73 73 57 57 71 67 72 76 72 68 64 64 76 68 80 76 57 531 58 58 62 501 582 582 71 79 56 56 57 53 56 64 53 53 63 55
h1891 9 73 48 63 55 65 69 57 57 75 75 80 68 64 68 52 64 64 68 80 76 57 61 50 58 66 501 582 53 71 79 56 56 57 57 56 64 53 49 63 55
h1901 9 65 65 55 78 77 652 61 53 67 67 72 68 64 68 52 56 64 64 76 76 491 57 62 50 62 62 54 46 71 79 56 60 61 53 56 60 53 49 63 55
h1911 9 65 65 55 78 65 651 61 61 71 67 762 841 68 68 52 601 76 64 80 80 57 531 50 54 54 66 582 623 79 551 56 56 57 57 56 64 53 53 63 55
h1921 9 65 41 63 74 73 812 61 57 71 67 841 88 64 68 52 64 76 64 80 80 57 49 50 50 62 622 582 582 79 79 56 56 53 53 56 60 53 53 55 55
h1931 9 69 73 55 55 77 77 61 61 67 59 76 841 64 68 601 64 64 64 76 76 57 57 62 58 62 62 54 582 551 551 56 56 57 57 56 60 61 49 63 63
h1941 9 65 65 74 70 77 73 57 57 71 67 762 841 64 64 64 641 76 64 76 76 57 531 62 62 62 62 54 582 71 71 64 64 57 53 60 64 61 49 59 63
h1951 9 77 65 55 70 65 73 61 57 71 67 72 841 64 68 40 64 60 68 80 76 57 61 50 58 66 622 50 582 71 71 56 60 53 53 56 60 53 53 63 55
h1961 9 69 69 55 78 65 65 61 61 71 67 72 841 64 68 64 64 64 72 80 76 57 57 50 50 62 66 582 582 71 79 48 64 61 53 60 60 53 53 55 55
h1971 9 73 65 78 70 69 77 57 57 67 67 68 68 72 64 52 64 64 68 80 80 61 531 50 58 62 62 54 54 71 551 56 64 57 53 56 60 53 49 63 55
h1981 9 65 65 63 70 77 77 61 57 75 67 76 76 68 68 64 64 76 64 76 76 57 61 50 58 74 62 582 582 79 79 56 48 57 53 60 64 53 49 63 55
h1991 9 65 65 63 70 65 69 57 53 71 67 68 841 64 68 52 64 76 76 80 76 57 61 62 50 62 501 54 50 71 71 56 64 53 53 60 60 41 53 63 55
h2001 9 69 81 55 55 77 73 57 53 67 67 72 72 68 68 64 64 60 76 76 76 57 57 62 50 62 62 54 46 79 79 64 64 53 53 56 60 53 49 55 55
h2011 9 69 65 55 74 77 77 61 61 75 63 72 76 64 68 52 601 64 64 80 76 57 57 58 58 54 62 54 582 79 79 64 64 57 61 56 56 41 41 63 55
h2021 9 69 65 63 55 65 73 57 57 67 67 72 76 64 68 481 481 60 68 80 80 57 61 50 50 62 62 54 46 79 551 64 64 57 61 60 60 53 49 63 55
h2031 9 65 65 55 74 77 73 61 57 75 67 76 76 64 68 52 601 76 64 76 76 57 57 58 58 54 501 54 54 71 79 56 64 61 53 60 64 41 611 63 55
h2041 9 65 41 63 63 65 69 61 57 71 67 76 68 64 68 601 64 60 60 80 76 57 61 50 58 62 62 54 54 71 79 56 56 53 53 60 60 41 53 55 55
h2051 9 77 65 55 70 69 69 61 57 67 67 68 841 64 68 64 64 60 64 80 80 57 57 50 50 62 62 54 582 551 551 56 64 57 53 60 60 53 49 63 55
h2061 9 69 41 55 78 65 81 61 57 71 71 68 841 72 68 52 68 60 60 80 76 57 61 50 58 62 501 54 582 71 551 56 64 53 53 60 64 49 49 63 63
h2071 9 65 65 55 70 65 65 61 61 75 63 72 72 64 68 56 64 60 64 80 80 57 57 58 58 62 62 54 46 71 79 56 56 53 53 60 60 611 49 63 55
h2081 9 65 65 63 74 65 73 61 53 71 67 72 68 64 64 601 68 60 60 80 76 61 61 50 50 62 622 582 582 79 79 56 64 57 53 60 64 53 49 63 55
h2091 9 69 65 55 55 65 65 61 61 75 71 80 68 64 64 601 64 60 76 80 76 57 61 50 50 74 622 54 54 79 551 56 64 57 57 60 60 49 49 63 55
h2101 9 65 65 55 70 73 73 57 57 75 63 68 68 72 68 52 64 60 64 80 76 57 57 50 58 62 622 54 54 71 71 56 56 57 57 60 64 53 611 63 55
h2111 9 69 77 55 70 77 77 57 57 67 59 68 841 64 68 52 64 60 76 80 80 57 61 50 58 58 622 54 46 71 71 56 64 57 61 60 60 53 53 63 55
h2121 9 69 41 55 55 77 73 57 57 71 67 72 76 64 68 481 68 76 64 80 76 57 57 50 50 62 62 582 46 71 551 56 64 61 53 56 56 53 611 55 55
h2131 9 65 41 55 55 65 77 57 57 71 71 72 68 64 64 64 64 60 64 80 76 491 61 58 58 62 501 54 54 672 79 56 64 57 53 56 60 53 53 63 63
h2141 9 69 65 55 55 69 77 57 53 67 67 72 841 64 68 52 64 76 64 80 76 57 57 50 58 62 62 582 623 71 71 60 64 57 57 60 64 53 53 63 55
h2151 9 65 65 55 55 77 73 57 57 67 59 76 841 68 68 64 64 60 64 76 76 57 61 50 50 66 58 582 582 71 551 56 56 61 53 56 60 53 49 63 63
h2161 9 65 65 74 70 69 77 61 57 67 59 76 841 68 68 64 64 60 76 80 80 61 61 50 58 74 501 54 582 71 551 56 56 57 53 56 60 611 49 63 63
h2171 9 69 73 63 55 651 77 57 57 71 67 72 72 68 68 64 64 60 68 80 80 57 57 50 50 62 622 54 54 71 551 56 56 57 53 60 60 53 53 63 55
h2181 9 73 77 55 74 65 77 61 61 67 67 72 841 64 64 40 481 60 64 80 76 61 61 50 58 62 62 582 623 71 79 56 64 57 57 56 60 53 49 63 55
h2191 9 65 48 63 55 65 69 61 61 71 67 72 68 64 68 52 64 60 64 76 76 57 57 58 58 62 62 582 582 71 551 56 64 57 53 56 60 53 49 63 55
h2201 9 65 65 63 70 65 73 57 57 71 71 76 841 64 68 52 52 60 64 80 76 57 49 50 50 62 62 54 50 71 71 56 60 57 61 56 56 53 61 63 55
h2211 9 65 48 55 55 73 73 61 57 71 67 76 841 64 64 52 52 64 64 76 76 61 61 50 50 54 622 582 53 71 79 56 56 53 53 56 56 53 611 63 63
h2221 9 65 65 55 55 65 65 57 53 71 67 72 68 64 64 52 64 60 76 80 76 57 57 58 58 62 62 54 53 71 551 60 60 57 53 60 64 41 53 55 55
h2231 9 65 65 74 70 69 652 57 53 71 67 72 72 64 68 52 601 64 68 76 76 61 65 58 58 62 66 54 582 79 79 64 64 57 53 56 64 53 49 55 55
h2241 9 65 48 55 78 651 69 57 57 71 67 762 841 64 68 64 641 64 64 76 76 57 61 50 58 622 501 582 582 79 551 64 64 53 53 60 60 61 49 63 55
h2251 9 69 65 63 70 65 73 57 65 71 67 72 841 64 68 641 68 64 64 80 80 57 57 62 58 62 622 582 53 71 79 60 48 57 53 56 56 61 61 63 55
h2261 9 69 65 63 74 65 69 61 57 75 67 72 68 68 68 64 641 60 60 80 76 57 57 50 58 74 622 582 46 551 551 56 64 57 53 56 60 57 49 63 55
h2271 9 77 65 55 74 65 69 61 61 71 63 72 72 64 68 68 68 60 68 80 76 61 49 62 50 62 622 54 54 79 79 56 64 57 53 56 64 53 49 63 55
h2281 9 65 65 63 55 65 73 57 53 67 67 841 841 64 68 601 40 64 64 80 76 57 61 62 58 62 66 582 53 71 71 56 56 53 53 60 60 53 611 63 55
h2291 9 65 65 63 63 65 77 61 57 71 67 76 841 64 68 481 64 60 64 76 76 57 65 50 58 62 501 582 46 71 551 56 64 57 61 56 60 53 611 63 63
h2301 9 69 77 55 55 65 73 61 57 71 67 76 841 68 68 52 68 64 64 80 80 57 61 50 58 62 622 582 623 551 551 56 60 57 61 56 60 53 611 63 55
h2311 9 65 65 63 70 69 81 61 61 75 71 72 72 68 68 52 601 60 60 80 76 61 61 58 54 62 62 582 46 71 79 56 64 57 53 60 60 53 611 63 55
h2321 9 69 77 63 70 69 77 61 57 75 67 72 76 64 68 52 64 60 64 80 76 57 61 50 58 62 622 54 54 71 71 56 64 57 57 60 60 41 57 63 63
h2331 9 65 41 63 74 77 77 57 57 67 59 72 841 68 68 64 64 60 60 76 76 57 61 50 58 58 622 582 46 79 79 52 48 57 53 56 56 53 53 63 63
h2341 9 69 65 55 74 65 73 61 53 67 67 76 68 64 68 52 64 76 64 80 80 61 61 62 50 62 622 54 582 71 71 64 64 53 53 60 60 53 49 63 55
h2351 9 65 65 55 55 69 77 57 57 71 67 72 76 64 68 64 64 60 76 80 80 57 61 58 58 54 62 54 54 71 551 60 64 57 53 56 60 53 49 63 63
h2361 9 69 73 63 55 65 652 61 57 71 67 68 841 68 68 601 64 64 68 80 76 49 49 50 50 62 58 582 582 71 551 56 64 57 53 56 56 53 53 55 55
h2371 9 65 65 55 78 65 81 61 53 71 67 72 72 64 68 40 68 60 64 80 76 61 531 58 58 62 622 54 54 71 551 56 48 57 53 56 60 61 49 63 63
h2381 9 65 40 74 74 69 73 57 57 67 59 76 841 64 68 52 64 60 76 80 76 61 531 50 58 62 66 54 582 71 79 56 56 57 53 60 64 53 53 63 55
h2391 9 65 41 55 78 65 73 61 57 71 67 72 841 68 68 601 64 60 64 80 76 57 49 50 58 62 62 54 582 79 79 64 64 57 57 60 60 41 49 55 55
h2401 9 69 69 55 55 65 77 61 61 67 67 68 841 68 68 56 64 68 68 80 76 57 61 50 58 70 62 54 582 79 551 56 64 57 53 60 64 53 49 63 63
h2411 9 65 65 74 74 69 73 57 57 75 75 72 72 64 68 601 64 64 64 76 76 61 531 58 54 70 62 582 582 71 551 60 64 57 57 56 60 41 41 59 55
h2421 9 77 65 63 63 69 77 61 61 71 71 76 841 64 68 64 68 64 72 80 76 57 57 50 58 62 501 54 582 71 79 56 56 57 53 60 60 53 611 63 63
h2431 9 77 81 55 70 77 81 61 57 67 67 76 841 64 68 40 64 60 60 80 76 61 49 50 58 62 62 54 50 71 71 56 56 57 57 56 60 53 53 63 55
h2441 9 69 77 55 70 77 73 61 53 71 67 76 68 64 68 481 64 64 68 80 80 57 61 50 58 62 66 50 46 71 79 56 64 53 53 56 56 41 53 63 63
h2451 9 65 65 55 78 69 73 61 53 75 67 72 88 64 68 601 64 60 64 80 76 57 61 50 58 62 66 54 582 71 551 56 56 61 53 60 60 53 53 55 55
h2461 9 69 65 55 70 69 73 61 57 67 67 68 841 68 68 52 68 60 64 76 76 61 61 58 58 62 62 582 582 672 551 56 56 57 57 56 60 53 611 63 63
h2471 9 65 65 55 74 73 73 61 53 71 67 72 68 64 64 52 64 60 68 80 76 57 57 62 58 62 501 582 53 71 79 56 64 57 53 56 56 53 61 55 55
h2481 9 65 65 63 63 77 73 61 61 71 67 72 76 64 64 601 64 64 68 80 76 57 61 62 50 62 58 54 50 79 79 56 64 57 61 60 60 53 53 63 55
h2491 9 69 40 63 55 65 73 61 57 71 55 841 841 68 68 64 68 76 64 76 76 57 61 50 58 62 622 54 54 79 551 56 64 53 53 60 64 611 49 63 55
h2501 9 65 65 55 70 69 77 61 61 75 55 76 841 64 64 64 64 64 68 80 76 57 65 50 58 62 62 582 46 71 551 56 64 57 57 56 60 53 53 55 55
h2511 9 65 65 55 74 65 73 61 57 67 55 72 76 68 68 601 64 60 64 80 80 57 49 50 50 62 62 54 582 79 79 64 64 57 61 56 60 53 611 63 55
h2521 9 77 65 63 74 77 77 57 57 75 71 72 841 64 68 52 64 76 64 76 76 57 49 58 58 74 62 54 582 71 79 56 64 61 53 56 60 53 61 55 55
h2531 9 69 69 63 55 73 73 61 57 67 67 76 68 68 68 601 64 60 64 80 76 57 61 58 58 66 501 54 582 551 551 56 56 57 53 56 60 41 49 63 55
h2541 9 65 65 63 63 69 73 57 57 75 67 72 68 64 68 64 641 64 68 80 76 57 61 50 58 62 62 54 54 71 71 56 56 53 53 56 60 41 611 59 55
h2551 9 65 65 74 74 65 77 57 57 67 59 76 841 68 68 64 64 68 68 76 76 57 61 50 58 62 62 54 54 71 71 56 56 57 53 60 60 53 611 63 55
h2561 9 65 65 63 55 81 81 61 61 71 67 72 72 64 68 52 68 64 68 76 76 57 61 50 54 62 622 582 582 71 551 64 64 57 61 56 60 41 611 63 55
h2571 9 65 81 74 74 65 69 57 57 67 59 72 80 64 68 481 64 60 68 80 76 57 61 50 58 62 622 54 582 71 79 56 56 57 57 60 60 611 61 63 63
h2581 9 65 65 55 55 65 73 61 65 71 63 68 841 64 68 52 52 60 64 80 76 491 61 50 58 54 66 54 54 71 551 56 64 57 57 60 64 53 53 59 63
h2591 9 69 40 63 74 69 77 61 61 75 67 72 841 64 68 64 64 76 64 80 80 65 49 58 58 62 66 54 582 79 79 56 56 57 53 60 64 41 53 63 63
h2601 9 69 65 63 55 73 81 61 61 67 59 72 72 64 64 64 64 60 60 80 76 57 61 50 58 622 501 54 54 79 79 56 64 57 57 60 64 53 49 63 63
h2611 9 65 81 55 55 69 77 61 53 71 63 68 841 64 64 52 68 60 60 80 80 57 49 50 50 62 66 46 623 71 79 56 56 57 53 56 64 53 53 63 63
h2621 9 77 65 74 70 65 65 57 57 75 71 76 841 68 68 64 64 60 64 76 76 57 61 50 50 62 501 582 623 79 551 56 64 57 53 56 60 41 53 55 55
h2631 9 77 65 63 74 65 65 61 57 67 59 841 841 68 68 52 68 60 64 80 76 61 49 62 58 66 501 54 582 71 79 48 64 57 53 56 60 53 611 55 55
h2641 9 65 65 55 70 73 81 57 53 67 67 72 841 64 64 52 52 60 76 76 76 57 61 50 50 62 62 54 54 71 79 56 64 57 53 56 60 49 49 63 55
h2651 9 65 65 63 74 73 81 61 53 67 67 72 68 68 68 52 64 60 60 80 80 57 531 62 50 62 622 582 582 71 71 60 64 57 53 56 60 53 49 63 63
h2661 9 65 65 55 74 69 77 61 57 75 67 72 68 64 64 64 83 60 60 80 76 531 49 62 50 62 62 54 582 79 551 64 64 57 53 56 56 53 61 63 63
h2671 9 65 65 63 55 73 73 61 57 75 67 76 68 64 68 64 83 64 64 80 76 57 57 50 58 62 622 54 623 71 71 56 56 57 53 56 60 53 49 63 63
h2681 9 69 69 55 70 65 812 61 61 71 55 72 841 68 60 64 68 64 64 76 76 57 57 50 58 62 58 54 54 79 551 56 56 57 53 60 60 41 611 63 55
h2691 9 69 40 55 55 65 65 57 57 75 55 72 72 64 68 52 601 60 64 80 76 61 49 58 58 62 62 582 582 79 551 56 56 57 53 56 60 49 49 63 63
h2701 9 69 65 55 70 77 73 61 57 67 55 72 841 64 68 64 64 60 76 76 76 57 61 58 54 74 62 582 582 79 551 64 64 57 61 56 60 41 611 63 55
h2711 9 65 65 63 55 65 73 57 57 67 55 72 841 68 68 40 64 76 64 80 76 491 61 58 58 74 54 582 582 79 551 56 64 57 53 56 60 41 53 63 55
h2721 9 69 65 55 55 77 73 61 53 67 55 80 762 64 68 52 68 64 64 80 80 57 61 50 58 62 62 54 582 71 71 56 56 53 53 56 60 53 53 59 63
h2731 9 73 65 63 55 77 77 57 53 67 67 72 68 64 68 64 64 76 64 80 80 57 61 50 58 62 66 582 46 71 79 60 64 57 57 56 56 41 49 55 55
h2741 9 65 65 63 55 69 73 61 57 71 67 72 72 64 68 64 641 76 64 80 76 57 61 58 58 62 62 54 54 71 71 52 48 57 53 60 60 53 53 63 55
h2751 9 65 65 55 74 65 77 61 57 71 67 72 76 64 64 64 64 60 68 76 76 57 61 58 58 66 622 54 54 71 79 56 64 57 61 56 60 611 61 55 55
h2761 9 65 65 74 70 65 73 61 57 67 67 72 841 64 68 64 641 60 72 76 76 57 61 58 58 62 66 582 582 71 551 56 64 57 53 60 64 53 611 63 55
h2771 9 69 65 63 55 77 73 61 65 67 67 841 841 68 68 52 52 64 68 76 76 57 61 50 58 62 62 54 582 79 79 56 56 57 53 60 64 53 53 63 55
h2781 9 81 40 63 55 65 69 61 53 75 71 68 841 68 68 601 64 60 68 80 80 57 61 62 58 62 62 582 582 79 79 56 56 57 53 56 60 41 49 55 55
h2791 9 65 40 63 74 69 69 61 53 75 67 76 68 68 68 52 64 60 76 80 80 61 61 58 58 62 62 582 582 79 79 64 64 57 57 64 64 53 611 55 55
h2801 9 69 41 63 55 69 77 61 57 67 67 72 76 68 68 52 64 60 64 80 76 57 57 50 58 66 622 582 46 79 551 56 56 57 53 56 60 611 49 63 55
h2811 9 65 40 55 55 69 73 61 61 75 71 72 841 64 68 52 64 64 64 80 76 491 61 50 58 62 622 46 53 71 79 56 56 61 53 60 60 41 53 63 63
h2821 9 65 65 74 70 69 652 57 57 71 67 76 68 64 68 52 64 60 64 80 80 491 61 58 58 62 62 582 582 79 551 56 56 57 57 60 60 41 49 55 55
h2831 9 65 40 63 63 69 73 57 57 75 55 72 76 68 68 601 64 64 64 80 76 61 61 62 50 62 66 582 582 79 79 64 64 57 57 60 60 41 53 55 55
h2841 9 65 65 63 78 65 65 57 57 67 67 841 841 64 68 52 641 60 76 80 76 57 531 50 58 622 501 582 582 672 79 64 64 57 57 56 60 53 611 63 55
h2851 9 69 69 63 74 77 73 61 57 71 67 72 72 64 68 52 64 64 64 76 76 57 57 50 58 62 62 54 54 71 79 56 56 57 53 56 60 53 611 63 55
h2861 9 65 65 63 63 69 77 61 61 71 67 76 76 64 68 52 64 60 64 76 76 57 61 58 58 62 62 54 46 71 79 56 56 57 53 56 64 41 53 63 63
h2871 9 65 65 63 55 77 812 61 57 71 59 72 841 68 68 52 52 64 68 80 80 61 531 50 58 62 622 54 54 79 79 56 64 57 53 60 64 57 53 63 55
h2881 9 65 65 55 78 65 77 57 65 75 67 76 841 68 68 56 64 68 68 80 76 57 61 50 58 622 501 54 582 71 79 56 56 57 53 56 60 611 61 55 55
h2891 9 65 40 70 70 77 77 57 57 67 67 72 68 64 64 52 641 60 64 80 76 57 61 50 50 66 622 54 53 79 551 56 56 57 57 56 60 53 49 63 55
h2901 9 69 65 55 55 65 77 57 57 71 55 841 841 72 68 64 68 64 64 80 76 57 65 50 58 66 66 54 582 672 71 52 52 53 53 56 56 41 41 55 55
h2911 9 69 77 55 78 65 69 57 57 67 67 68 68 68 60 52 64 64 64 80 76 57 49 58 54 62 622 54 46 71 551 56 56 57 53 56 60 53 53 63 55
h2921 9 69 65 55 55 65 81 61 53 71 67 72 76 64 64 52 52 64 64 76 76 57 61 58 58 62 62 54 582 71 551 56 64 57 61 60 60 41 53 63 63
h2931 9 69 81 63 70 69 77 57 65 71 67 72 72 64 64 601 68 60 68 80 76 57 57 58 54 62 622 54 582 71 551 56 56 53 53 56 64 53 53 63 55
h2941 9 69 65 55 55 65 69 61 57 67 67 72 841 64 68 64 83 60 60 76 76 61 531 58 58 70 66 54 582 71 551 56 56 57 53 60 60 41 53 63 63
h2951 9 69 65 55 74 73 73 61 57 67 67 68 68 64 68 52 52 60 64 80 80 57 531 50 58 62 66 54 54 71 79 56 64 57 61 60 64 53 53 55 55
h2961 9 65 48 63 70 73 73 57 57 67 59 68 841 64 68 52 52 64 64 80 80 57 57 50 58 62 501 54 46 71 551 64 64 57 53 56 60 53 49 55 55
h2971 9 65 65 63 55 69 73 61 57 67 67 76 841 64 68 601 64 60 76 80 76 57 61 58 58 62 622 54 582 71 551 60 64 57 61 60 60 53 53 63 55
h2981 9 73 65 74 70 65 69 57 57 55 55 76 841 64 68 601 64 60 60 80 76 491 61 50 50 622 622 54 582 71 71 56 56 57 53 60 60 53 49 63 55
h2991 9 65 65 70 70 77 77 61 57 75 71 72 68 68 60 52 481 64 64 76 76 57 61 50 58 62 622 54 582 71 71 56 60 57 53 56 56 41 41 55 55
h3001 9 65 41 63 55 69 77 61 57 71 67 72 76 64 64 52 64 64 68 76 76 61 49 50 50 62 622 54 582 71 71 56 56 61 53 56 60 53 53 55 55
h3011 9 69 69 55 74 77 81 57 53 67 63 72 76 64 64 52 83 60 76 80 80 57 61 50 58 62 66 54 54 71 71 56 64 57 57 60 60 53 611 63 63
h3021 9 69 65 63 63 69 77 61 65 67 67 72 68 68 68 64 68 64 64 80 80 57 61 58 58 58 622 54 50 71 79 56 64 57 57 60 64 53 53 63 63
h3031 9 77 65 55 74 65 81 61 61 71 63 76 68 64 68 52 641 60 68 76 76 57 57 50 58 501 501 582 46 71 79 48 48 57 57 56 56 53 49 55 55
h3041 9 77 65 55 55 65 69 57 57 71 67 72 841 64 68 52 52 64 68 80 80 57 61 58 58 62 622 54 582 71 551 56 48 57 57 60 60 53 53 63 63
h3051 9 69 65 63 74 69 77 61 61 75 67 841 841 64 68 64 64 64 72 80 76 57 57 58 58 62 62 54 54 71 79 60 64 61 53 60 64 53 53 63 63
h3061 9 65 65 55 74 77 73 61 65 67 67 72 80 64 64 52 52 60 68 80 76 57 61 50 58 58 622 54 50 71 71 56 48 57 61 56 60 53 53 63 55
h3071 9 73 65 63 55 73 73 57 57 75 67 72 841 64 64 52 601 64 68 80 76 57 61 58 58 62 622 582 582 71 79 56 64 53 53 60 60 53 611 63 63
h3081 9 77 65 74 70 69 77 57 57 55 59 841 841 68 68 64 64 64 68 80 76 61 531 50 58 62 62 54 54 79 551 56 64 57 57 56 60 53 49 63 63
h3091 9 65 40 55 55 69 81 61 57 71 67 72 841 64 68 64 64 60 76 80 76 57 57 50 58 62 501 54 582 71 79 64 64 57 53 60 60 611 49 55 55
h3101 9 69 81 55 78 65 77 61 57 67 55 76 841 68 68 64 64 60 68 76 76 61 61 58 58 622 501 54 54 71 71 64 64 57 53 56 60 53 53 63 55
h3111 9 65 81 55 74 65 73 61 57 67 67 68 841 64 68 52 64 60 64 76 76 57 61 62 58 70 622 582 53 71 551 56 56 57 53 56 60 53 49 55 55
h3121 9 77 65 74 70 77 77 61 61 67 67 72 841 64 64 601 64 60 76 80 80 57 61 50 58 62 622 54 54 71 79 56 60 57 53 56 60 611 61 63 55
h3131 9 65 65 63 74 65 77 61 61 67 67 76 841 68 68 64 68 64 68 80 76 57 57 62 58 54 58 54 582 79 551 56 64 57 53 60 60 53 49 63 63
h3141 9 65 65 55 74 65 652 61 61 71 67 68 68 68 68 64 64 60 64 80 76 57 61 58 58 66 66 54 623 71 79 56 56 57 53 56 60 53 611 63 55
h3151 9 69 65 63 55 69 77 57 57 75 67 72 68 64 64 52 64 60 64 76 76 57 65 50 58 62 62 54 582 71 71 56 56 57 57 56 60 41 53 55 55
h3161 9 69 65 55 55 65 69 57 57 71 67 76 68 64 68 64 68 60 76 76 76 57 49 58 58 62 501 54 582 71 551 64 64 57 57 60 60 53 611 63 55
h3171 9 41 40 55 74 69 77 61 61 71 71 841 841 68 68 601 601 64 68 80 76 61 61 50 50 501 501 582 46 79 79 56 64 57 57 60 60 53 53 55 55
h3181 9 65 65 74 74 69 812 57 57 67 67 72 72 64 68 52 52 64 64 76 76 57 61 50 58 62 62 582 582 79 79 56 56 57 57 56 60 41 61 63 55
h3191 9 65 65 55 55 65 73 57 57 75 67 72 841 68 68 52 64 60 76 80 76 61 49 58 58 62 622 54 54 71 79 56 56 57 57 60 60 41 49 63 63
h3201 9 65 40 55 70 65 77 61 57 67 63 76 841 64 68 52 64 60 64 76 76 57 61 62 50 62 66 54 46 71 71 56 56 57 53 56 60 53 49 63 55
h3211 9 65 41 63 74 65 73 57 53 63 59 841 841 64 68 52 64 60 60 80 80 57 61 50 58 62 622 54 54 79 79 56 64 57 53 56 64 611 49 63 55
h3221 9 69 48 55 55 77 77 61 57 75 75 72 841 72 72 52 52 64 72 80 76 57 61 50 58 62 622 54 582 79 551 56 64 57 57 64 64 53 49 63 55
h3231 9 77 65 63 55 69 73 61 57 67 59 76 841 72 68 52 64 64 68 80 76 61 49 62 58 622 501 54 623 71 71 56 64 57 53 60 64 53 49 55 55
h3241 9 69 69 63 55 65 69 61 61 67 67 841 841 64 68 481 64 60 68 80 80 61 61 50 58 62 62 54 54 71 79 56 64 53 53 56 56 53 53 63 55
h3251 9 69 65 63 63 65 73 57 57 67 67 841 841 64 64 64 64 60 68 80 80 61 61 62 50 62 66 50 53 79 79 56 56 57 53 60 60 41 53 63 63
h3261 9 65 65 63 63 65 69 57 57 67 67 76 841 64 64 64 64 60 68 80 76 57 61 58 58 74 62 54 582 71 551 56 60 53 53 56 60 53 49 63 63
h3271 9 69 65 55 70 69 77 61 57 67 63 72 841 64 68 56 641 60 64 80 76 57 57 50 50 62 622 54 54 71 71 64 64 57 53 60 60 41 41 55 55
h3281 9 77 65 78 70 77 73 61 57 71 67 80 88 64 68 64 64 64 68 76 76 57 57 50 58 62 62 54 582 71 71 60 48 53 53 60 60 41 611 63 55
h3291 9 73 65 55 55 65 77 57 65 67 55 76 68 64 68 64 64 60 60 76 76 57 57 58 54 62 62 54 582 71 71 56 60 53 53 60 64 53 61 63 63
h3301 9 65 40 55 70 65 81 61 57 71 63 72 72 68 68 64 64 64 68 80 76 57 61 58 58 62 501 54 50 71 551 56 56 61 53 60 60 41 41 63 55
h3311 9 77 65 55 55 65 81 61 53 71 67 76 841 68 68 601 481 76 68 80 80 57 49 50 58 62 622 50 582 79 551 56 56 57 53 56 56 41 53 63 63
h3321 9 73 65 55 70 65 81 61 57 67 67 68 68 64 68 52 64 64 68 76 76 57 57 50 58 62 62 54 54 672 79 60 60 57 53 56 60 53 53 55 55
h3331 9 65 65 55 70 65 73 61 57 71 67 76 841 68 68 52 64 60 64 80 76 57 531 50 50 54 622 582 623 79 551 64 64 57 61 56 60 53 49 55 55
h3341 9 69 65 55 74 65 77 61 61 75 67 72 841 68 68 52 52 60 68 76 76 57 61 50 58 74 62 54 54 71 551 56 64 57 53 60 60 611 49 63 63
h3351 9 69 69 55 70 77 73 61 57 71 67 76 841 64 60 601 481 60 64 80 76 57 57 50 50 62 62 54 50 79 79 56 60 53 53 56 64 611 49 55 55
h3361 9 77 40 55 55 73 81 61 61 67 67 72 68 64 68 68 68 76 68 76 76 57 57 50 50 54 622 582 53 71 551 56 48 57 57 64 64 41 49 63 55
h3371 9 65 65 63 55 77 73 61 57 71 67 762 68 64 68 52 68 60 64 76 76 57 61 58 58 62 62 54 582 79 79 56 56 57 57 60 64 41 49 63 63
h3381 9 65 41 63 55 77 77 61 57 71 71 76 841 68 68 40 64 60 64 80 80 57 57 50 50 62 66 54 50 79 551 56 64 57 57 60 64 53 53 63 55
h3391 9 69 77 63 70 69 81 57 57 71 55 76 68 68 68 601 64 76 72 80 76 61 61 58 58 62 501 54 582 71 79 64 64 53 53 56 64 53 49 55 55
h3401 9 65 40 63 55 77 73 57 53 59 59 72 76 64 68 64 64 64 64 80 80 57 57 50 54 62 622 54 582 71 551 56 64 57 53 60 60 41 41 63 63
h3411 9 77 48 55 55 69 69 61 61 71 71 72 841 68 68 52 64 64 68 80 76 49 49 50 58 62 622 582 582 71 71 56 64 57 53 56 60 49 49 63 55
h3421 9 65 40 55 55 65 81 61 57 71 63 72 841 68 68 52 64 60 64 80 76 57 61 58 58 622 622 54 582 79 79 56 64 57 53 60 60 41 611 63 55
h3431 9 77 65 55 55 65 81 57 57 75 67 76 68 64 68 52 68 60 64 80 76 57 61 58 58 62 622 54 582 71 71 56 64 57 53 60 64 53 53 63 63
h3441 9 65 65 70 70 69 69 61 61 67 67 72 68 72 68 64 68 60 64 80 76 57 61 50 58 62 622 582 46 79 79 64 64 57 53 56 60 53 49 63 55
h3451 9 69 73 55 55 65 73 61 61 75 71 76 80 72 64 52 64 60 64 80 76 57 57 58 58 622 501 582 53 71 79 56 64 57 57 60 60 53 49 63 55
h3461 9 69 40 63 63 65 73 57 53 75 67 841 841 64 64 601 601 76 64 80 76 57 531 50 58 62 62 54 582 79 551 56 48 57 53 60 60 61 49 55 55
h3471 9 65 65 63 55 77 81 61 57 67 67 72 72 72 64 601 64 60 76 80 80 57 61 50 58 62 622 54 582 71 79 56 56 57 61 60 60 53 61 55 55
h3481 9 69 65 55 74 77 81 61 57 71 71 72 68 64 64 52 481 60 64 80 80 61 49 62 58 622 622 582 623 71 79 56 56 57 57 60 64 41 53 63 55
h3491 9 73 40 63 74 77 73 61 57 67 67 76 68 68 68 601 641 68 68 80 76 57 531 50 58 62 62 54 623 71 551 56 52 57 53 56 64 53 611 63 63
h3501 9 77 65 55 70 69 73 57 53 67 59 72 841 64 68 601 641 60 68 80 80 57 57 58 58 62 501 54 582 71 71 56 64 57 61 56 56 41 53 63 63
h3511 9 73 77 55 70 69 77 61 61 67 67 762 68 72 68 481 64 76 64 80 76 61 61 58 58 62 622 54 46 71 79 56 64 57 53 60 64 53 61 63 55
h3521 9 65 48 63 55 65 65 61 57 75 75 68 68 64 68 52 64 64 64 80 76 61 61 50 58 62 62 54 50 71 79 56 64 57 57 56 60 49 49 63 63
h3531 9 65 65 63 55 65 73 61 57 71 55 72 841 68 68 52 601 60 76 80 80 57 57 50 58 62 622 582 582 71 79 56 64 61 53 56 60 53 49 63 55
h3541 9 77 65 63 55 65 73 61 57 71 67 72 762 68 68 64 641 64 64 80 76 57 57 50 58 62 622 54 54 71 71 56 48 57 53 60 60 53 53 63 55
h3551 9 40 40 55 70 65 65 61 57 67 67 76 76 68 68 64 64 60 68 76 76 61 61 50 50 62 622 582 582 71 79 60 64 57 53 60 60 53 53 63 55
h3561 9 73 65 55 55 69 77 61 57 67 67 72 841 64 68 601 64 64 68 76 76 57 57 50 58 62 622 54 582 79 79 56 60 57 57 56 60 61 49 63 55
h3571 9 73 65 55 78 65 73 61 57 67 67 72 76 64 68 601 68 60 64 80 80 57 57 50 50 74 62 54 582 71 79 56 64 57 53 56 60 611 61 55 55
h3581 9 65 81 55 74 65 69 61 57 67 67 72 80 68 68 64 64 60 64 76 76 57 531 62 50 62 622 582 582 71 71 56 64 57 53 60 60 53 611 63 55
h3591 9 69 65 63 55 65 81 61 61 75 55 72 841 64 68 64 68 60 68 80 76 57 61 50 58 74 622 582 582 71 79 64 64 57 57 56 64 41 49 63 55
h3601 9 69 69 55 74 69 77 61 57 75 59 762 68 64 64 52 601 60 76 80 76 57 57 50 50 62 622 54 582 71 79 56 60 53 53 60 60 53 611 63 63
h3611 9 65 40 55 74 69 69 61 57 67 55 76 841 64 64 601 56 64 68 80 76 61 531 50 50 62 622 582 582 71 79 56 64 61 61 56 56 53 49 63 55
h3621 9 73 65 63 55 65 77 61 61 67 67 68 841 68 68 481 64 60 64 76 76 57 61 50 58 62 622 54 623 71 79 56 56 57 57 56 60 611 49 63 55
h3631 9 41 81 63 74 69 81 61 57 71 59 68 68 64 68 481 64 60 64 80 80 57 49 50 58 62 622 54 54 71 79 56 56 57 53 60 64 41 53 63 55
h3641 9 77 65 55 74 77 77 61 61 75 67 72 76 64 68 64 64 60 64 80 76 57 57 58 54 70 62 54 50 71 551 56 48 57 53 56 60 41 49 55 55
h3651 9 65 65 55 70 65 77 61 57 75 71 76 68 64 68 52 641 64 64 80 80 57 61 50 58 62 66 54 54 672 79 56 64 57 53 56 60 53 611 63 55
h3661 9 69 65 55 74 73 73 61 57 67 59 76 68 64 68 64 83 60 68 76 76 57 61 58 58 74 622 54 53 71 79 56 64 57 61 56 56 53 49 55 55
h3671 9 65 65 63 70 65 81 57 53 71 71 72 76 64 68 52 64 64 64 76 76 57 49 50 58 622 501 582 582 79 79 56 60 53 53 56 60 53 49 55 55
h3681 9 73 65 63 74 69 81 61 53 67 67 76 841 64 68 52 481 60 76 80 76 57 57 58 58 62 622 54 582 71 71 56 56 57 61 60 60 53 61 55 55
h3691 9 77 41 63 70 69 652 61 57 75 67 68 68 64 68 481 64 60 60 76 76 57 61 58 54 62 622 582 53 71 551 56 64 57 53 56 56 53 611 55 55
h3701 9 48 81 55 70 77 73 61 57 67 63 68 841 64 68 52 481 60 60 76 76 57 61 50 58 62 501 54 46 71 79 56 64 57 57 60 64 611 49 63 63
h3711 9 73 65 55 70 65 77 61 53 67 63 76 68 64 68 64 641 64 68 80 76 57 57 58 58 62 622 54 50 71 551 56 48 57 57 56 64 41 41 55 55
h3721 9 69 69 55 55 65 652 61 57 71 55 72 841 64 68 52 481 60 64 80 80 57 61 50 58 62 62 54 582 71 551 56 56 53 53 56 60 53 61 63 55
h3731 9 65 65 63 78 651 81 61 57 55 59 72 72 68 60 601 68 64 68 80 76 57 61 58 58 74 501 54 54 71 71 56 60 57 53 56 60 53 53 63 55
h3741 9 65 65 55 55 65 81 61 61 71 71 76 76 64 68 64 64 60 76 80 76 61 61 50 58 62 622 582 582 551 551 56 56 57 53 60 64 41 53 63 63
h3751 9 77 65 55 78 65 77 61 61 71 67 72 762 64 64 52 601 76 64 80 80 57 531 58 54 74 54 582 46 71 79 56 56 53 53 60 60 41 49 63 63
h3761 9 69 69 55 74 651 652 61 65 67 63 76 76 68 68 481 64 76 68 80 76 57 57 58 58 70 62 54 54 79 79 56 56 57 53 56 60 41 53 63 55
h3771 9 69 81 55 55 65 812 57 57 67 55 76 68 68 68 601 40 60 68 76 76 61 61 50 58 62 622 54 46 71 79 52 64 57 53 56 64 41 53 55 55
h3781 9 69 65 55 74 65 77 61 57 71 67 72 762 64 64 601 641 60 76 80 76 61 61 58 54 62 62 582 582 79 551 60 64 57 61 56 60 53 49 63 55
h3791 9 65 65 63 55 65 77 61 65 75 55 72 76 64 64 52 64 68 68 80 76 57 61 50 50 62 501 54 54 79 79 56 64 57 57 56 60 53 61 55 55
h3801 9 77 65 55 78 77 81 61 53 75 71 68 68 72 68 52 601 60 64 80 76 57 61 50 58 62 622 582 582 71 79 56 60 57 57 56 56 53 611 55 55
h3811 9 69 81 63 55 652 73 61 57 71 71 68 841 64 68 481 64 64 64 80 76 57 61 50 58 66 622 582 582 71 71 56 52 57 57 60 60 611 49 63 55
h3821 9 73 40 63 70 65 73 61 61 75 67 841 88 72 64 64 64 60 68 80 76 57 61 50 50 62 622 54 46 79 79 56 56 57 53 56 56 53 611 63 55
h3831 9 65 81 55 55 65 77 61 57 67 67 68 841 68 68 52 481 64 64 80 76 57 65 50 58 62 622 582 53 79 79 56 64 57 57 56 60 41 53 63 55
h3841 9 69 77 78 70 77 652 57 57 71 59 72 72 64 68 52 64 64 64 80 80 61 61 50 58 62 501 54 582 79 551 56 64 57 61 60 64 53 49 63 55
h3851 9 69 73 78 70 65 65 61 57 71 67 76 68 64 60 601 64 60 64 80 80 57 57 50 50 70 66 582 582 71 71 48 64 57 57 56 56 53 49 63 55
h3861 9 65 65 55 74 651 77 61 61 71 67 72 76 68 68 641 68 60 60 80 76 61 61 50 50 62 66 54 582 79 551 56 64 57 53 56 60 53 53 63 55
h3871 9 65 65 74 74 69 77 61 57 75 67 76 68 68 68 52 64 64 64 76 76 57 61 50 58 622 622 582 623 71 71 56 56 57 53 56 60 53 49 63 55
h3881 9 69 65 74 70 65 73 61 61 71 67 68 841 64 68 52 52 60 68 80 80 57 57 58 54 622 622 54 54 71 71 56 56 57 61 56 60 41 53 55 55
h3891 9 69 65 55 78 65 73 57 57 67 59 72 68 64 68 64 64 60 68 76 76 61 65 58 58 62 62 54 582 79 79 56 64 57 53 56 60 53 611 55 55
h3901 9 65 65 55 55 73 73 61 61 63 55 80 841 64 68 52 64 60 68 80 76 57 61 62 58 622 501 582 582 71 79 56 64 57 57 60 60 61 49 63 63
h3911 9 65 65 55 55 65 73 57 57 75 75 72 841 72 68 52 64 76 64 76 76 61 531 50 58 62 622 54 54 71 71 56 48 53 53 56 60 41 53 55 55
h3921 9 69 65 63 55 65 65 57 57 71 67 72 68 64 64 64 64 60 76 80 76 57 61 50 58 62 501 582 46 71 551 56 64 57 57 56 60 611 49 63 63
h3931 9 65 65 63 63 69 73 61 57 71 67 841 841 64 68 601 64 60 64 76 76 61 61 50 58 62 66 54 623 71 79 64 64 57 53 56 64 53 611 59 63
h3941 9 77 65 63 63 77 73 61 57 67 67 841 841 64 68 601 481 60 64 80 76 57 57 50 50 54 62 54 582 71 79 56 56 57 61 60 60 53 53 63 55
h3951 9 65 65 55 70 65 73 61 57 75 55 68 68 64 68 52 68 60 60 80 76 57 49 58 58 62 66 54 54 79 79 64 64 57 57 56 64 41 53 55 55
h3961 9 65 65 63 55 65 73 61 61 67 67 72 76 64 68 52 64 60 76 80 76 491 57 50 58 62 622 54 582 79 79 56 60 57 53 56 56 53 53 63 55
h3971 9 77 65 63 55 69 73 57 57 71 67 76 841 68 68 64 64 64 64 76 76 57 61 62 58 62 62 582 582 551 551 56 56 57 61 60 64 53 53 63 63
h3981 9 69 65 55 55 65 81 57 57 71 67 72 76 68 68 64 641 60 64 80 76 57 57 50 50 54 62 582 582 71 79 64 64 53 53 64 64 53 53 63 55
h3991 9 73 65 55 78 65 77 61 61 75 63 72 68 68 68 64 64 64 64 80 80 57 57 50 54 70 622 50 582 79 79 56 64 57 57 60 64 53 53 63 55
h4001 9 65 81 63 55 77 81 61 57 67 67 76 841 64 68 64 64 60 60 80 76 57 57 58 58 66 501 582 582 79 551 56 64 57 57 56 56 41 611 63 55
h401 9 65 41 55 55 69 73 61 61 75 67 72 68 68 68 64 64 60 64 80 76 57 61 50 58 62 62 54 54 71 71 64 64 57 61 60 60 53 49 63 55
h402 9 65 65 55 74 77 77 61 57 67 67 76 68 64 68 64 68 60 64 80 76 57 49 58 58 62 501 582 46 71 71 64 64 57 53 60 60 53 49 63 55
h403 9 77 65 55 74 65 65 61 57 67 59 72 72 64 68 52 64 60 64 80 76 491 57 50 58 622 622 582 582 71 79 56 64 57 57 56 64 53 53 63 63
h404 9 65 40 55 74 77 73 61 57 67 63 72 72 64 68 40 68 64 64 80 76 57 61 50 50 62 622 54 582 672 79 52 48 57 53 60 60 611 61 55 55
h405 9 69 69 55 70 65 73 61 57 71 67 76 841 68 68 52 68 64 64 80 80 61 61 58 58 62 501 54 582 79 551 56 64 57 53 56 60 53 49 63 55
h406 9 69 65 55 55 65 73 61 57 55 59 76 68 68 68 481 64 60 76 80 76 531 531 62 58 62 66 54 582 71 71 56 56 53 53 60 64 61 61 63 55
h407 9 65 65 63 55 65 65 57 57 75 67 72 841 72 68 52 52 60 64 80 80 57 61 50 58 62 501 54 54 71 79 56 56 57 57 56 60 53 49 63 55
h408 9 69 81 55 70 65 81 61 61 67 63 72 76 64 64 52 64 64 64 80 76 57 57 50 54 62 62 54 54 79 79 56 56 57 53 56 60 53 49 63 55
h409 9 65 40 78 70 77 77 61 57 71 67 76 76 64 68 481 68 60 64 76 76 61 65 58 58 62 501 54 582 71 79 48 64 61 53 56 64 53 61 63 63
h410 9 65 65 78 70 65 77 61 61 75 71 841 841 64 68 56 64 60 60 80 76 57 57 58 58 74 62 54 582 71 79 56 64 61 53 56 60 53 49 55 55
h411 9 65 65 55 70 65 65 61 53 71 67 72 841 64 68 641 83 64 64 80 80 57 65 50 54 62 62 54 623 79 551 56 64 57 57 56 56 41 53 63 55
h412 9 69 48 78 70 77 73 61 57 67 67 72 76 68 68 52 64 76 68 80 80 57 531 50 58 622 622 54 582 71 79 56 64 57 57 60 64 53 61 55 55
h413 9 77 65 63 70 651 77 57 53 71 71 72 72 64 68 601 64 64 68 80 76 57 61 50 58 58 622 54 50 71 79 56 56 57 53 60 60 53 53 63 55
h414 9 65 48 55 70 77 652 61 53 67 67 76 841 64 68 601 64 64 68 80 80 61 61 50 50 58 622 54 54 79 79 56 64 57 57 60 64 57 53 63 55
h415 9 73 65 55 70 65 652 61 57 71 55 72 76 64 68 64 64 64 68 80 76 61 61 50 58 62 622 54 582 71 71 56 56 57 57 56 64 53 49 63 55
h416 9 77 81 55 55 65 77 61 57 71 67 72 76 64 64 52 64 60 64 80 80 57 57 50 58 62 622 54 582 71 79 56 64 53 53 60 60 41 53 63 63
h417 9 65 65 63 70 65 65 61 61 75 67 76 841 64 64 64 641 60 64 76 76 61 61 50 58 62 622 54 582 71 79 64 64 57 57 60 64 53 49 63 55
h418 9 69 40 63 70 65 65 61 57 67 55 72 841 68 68 52 64 60 60 76 76 57 61 58 58 62 622 54 582 71 79 56 52 53 53 56 60 53 611 55 55
h419 9 77 65 55 55 77 81 61 57 71 63 72 841 64 64 52 52 60 68 80 76 57 57 50 50 62 62 54 50 71 79 56 56 57 53 56 60 53 611 63 55
h420 9 69 65 63 70 77 81 57 57 59 59 762 68 64 68 64 83 60 60 80 76 61 61 58 58 62 62 54 623 79 79 56 56 57 53 60 60 53 61 63 55
h421 9 77 65 63 55 65 65 61 57 71 63 762 841 64 68 52 481 76 64 76 76 57 61 62 50 622 622 54 50 71 79 56 56 57 57 56 60 611 611 63 55
h422 9 73 65 74 74 69 73 57 53 67 67 72 76 64 64 64 68 76 68 80 76 57 57 50 58 62 622 582 582 71 551 56 64 57 57 56 56 53 53 63 55
h423 9 77 65 55 74 69 69 61 57 67 55 76 841 64 68 64 641 76 68 80 76 57 57 50 58 62 66 54 582 672 551 56 64 57 57 56 56 53 61 63 55
h424 9 73 65 74 78 65 69 61 53 67 67 76 68 68 68 64 64 60 64 80 80 57 61 50 58 622 501 54 54 71 79 48 64 57 57 56 64 41 611 63 55
h425 9 65 65 63 78 65 77 57 65 75 55 72 72 64 68 52 64 76 64 76 76 491 61 62 58 54 501 54 582 71 79 64 64 57 61 60 60 49 49 63 63
h426 9 65 48 55 55 65 73 61 57 71 67 76 68 64 68 52 64 72 68 80 76 61 61 50 58 62 66 54 54 71 551 56 56 57 53 56 60 53 61 59 55
h427 9 65 81 74 70 73 73 61 57 75 67 72 68 68 68 64 64 60 64 80 76 57 57 62 50 54 62 54 582 79 79 48 64 57 61 60 64 53 53 63 55
h428 9 69 65 55 55 65 81 61 57 67 59 841 841 68 68 64 68 76 64 80 76 61 531 62 50 62 622 582 46 79 551 56 64 57 61 56 56 53 53 63 55
h429 9 73 65 55 55 65 73 57 57 71 67 72 80 72 68 52 601 68 68 80 80 57 65 50 58 62 622 54 582 71 71 56 64 57 61 60 64 41 53 63 55
h430 9 65 81 70 70 65 73 61 61 67 55 72 841 64 68 52 64 76 64 76 76 61 61 50 58 62 622 54 53 71 71 48 64 57 57 60 60 41 53 63 63
h431 9 69 65 55 70 69 812 61 57 67 67 68 68 64 68 52 64 60 64 80 80 57 49 50 58 62 62 54 582 71 79 56 64 53 53 56 56 53 53 63 55
h432 9 77 65 63 55 65 77 57 53 71 71 72 68 64 68 52 601 60 64 80 76 57 531 58 58 622 501 54 50 672 79 56 64 57 53 60 64 41 41 55 55
h433 9 73 73 55 74 77 77 61 57 71 67 76 76 68 68 64 64 64 68 80 76 57 61 62 50 62 622 582 53 71 71 56 64 57 57 56 60 41 61 63 55
h434 9 65 65 63 55 69 77 57 65 67 67 68 68 68 68 56 68 60 64 76 76 61 65 58 58 66 501 54 54 71 71 56 64 57 53 56 60 41 53 55 55
h435 9 69 65 63 63 65 73 57 53 67 55 72 88 64 68 56 68 64 68 80 76 57 61 50 58 70 62 582 53 79 79 56 60 53 53 56 56 53 53 63 63
h436 9 69 77 74 70 65 81 61 61 75 55 72 68 64 68 64 83 64 68 80 76 57 57 58 54 62 622 582 582 71 79 56 56 57 57 60 60 49 49 63 63
h437 9 69 41 55 74 65 65 61 57 75 67 72 76 68 68 601 68 64 64 80 76 61 49 58 58 62 501 54 54 71 551 56 64 57 53 60 64 611 611 63 63
h438 9 69 69 63 55 69 77 61 57 67 55 72 841 64 68 52 52 60 64 76 76 61 49 50 58 62 622 54 53 71 551 56 56 57 53 56 64 53 53 63 63
h439 9 69 65 74 74 65 65 61 57 67 55 76 68 72 68 601 64 60 60 80 76 57 61 50 50 70 622 582 582 672 71 56 56 53 53 56 60 41 53 63 55
h440 9 69 41 55 74 77 81 61 61 75 71 72 68 68 68 52 64 64 72 80 76 61 49 50 50 62 58 54 54 71 79 56 64 57 57 60 64 49 49 63 55
h441 9 65 65 63 63 65 81 61 57 67 67 80 68 68 68 64 83 76 72 76 76 57 61 50 50 622 622 582 582 71 79 56 56 57 53 60 60 49 49 63 55
h442 9 69 69 63 55 65 65 61 57 71 67 76 762 64 68 601 83 64 68 76 76 57 57 50 58 62 62 582 582 71 79 60 64 53 53 56 56 41 41 55 55
h443 9 69 65 55 78 65 73 61 57 55 55 72 68 64 60 64 68 60 60 76 76 61 531 50 58 62 62 54 50 71 551 56 56 53 53 56 56 53 53 63 63
h444 9 69 77 63 55 65 77 61 57 71 71 76 841 64 64 601 64 64 64 80 76 57 531 50 50 62 501 54 582 71 79 48 64 53 53 60 60 41 53 63 55
h445 9 69 73 55 74 65 81 61 65 67 67 72 68 68 68 52 64 64 64 76 76 65 531 50 58 622 622 54 54 71 71 56 64 57 53 60 64 53 53 63 55
h446 9 69 65 55 55 77 77 61 57 67 67 76 841 68 68 52 601 60 64 80 76 57 49 58 54 62 62 54 54 71 551 56 56 57 53 56 60 53 49 55 55
h447 9 69 65 55 78 65 77 61 57 67 59 72 76 68 68 64 64 64 64 80 76 61 49 50 58 62 62 50 53 71 79 56 64 57 61 56 60 53 53 63 63
h448 9 65 40 74 74 77 73 61 61 71 59 841 841 68 68 64 64 60 60 76 76 57 61 58 58 62 622 582 46 79 79 56 64 57 53 60 60 53 53 63 55
h449 9 65 65 55 78 73 73 61 57 71 67 76 68 68 68 52 64 60 64 76 76 57 57 50 58 54 62 582 582 71 551 56 60 57 61 60 64 53 49 63 55
h450 9 69 65 74 70 77 77 61 57 71 67 72 68 64 68 52 64 64 64 76 76 491 57 50 50 62 66 582 53 551 551 56 56 57 53 60 64 41 61 63 55
h451 9 69 65 74 74 65 69 61 57 67 67 72 76 64 68 601 64 64 68 80 76 57 61 50 50 62 62 54 582 79 79 64 64 57 57 56 60 57 611 63 55
h452 9 65 65 63 78 77 73 61 61 75 67 72 76 64 68 64 68 72 68 80 76 57 57 62 58 62 622 54 582 79 551 60 64 57 57 60 60 57 53 55 55
h453 9 69 65 55 70 73 81 57 53 75 67 68 68 68 60 601 481 64 64 76 76 57 57 50 58 62 62 582 46 79 551 56 64 57 53 60 60 53 49 63 55
h454 9 65 65 63 55 69 652 61 57 67 67 841 841 64 68 52 601 60 60 80 76 57 49 50 58 62 66 54 54 79 551 56 48 57 53 56 56 49 49 63 55
h455 9 69 65 63 63 65 77 61 57 67 67 76 841 64 64 52 52 60 60 80 76 57 61 62 58 622 622 54 582 71 79 56 64 57 57 60 60 41 53 63 55
h456 9 65 65 55 70 77 73 61 57 67 67 76 841 64 68 52 601 60 68 80 76 57 49 62 58 66 66 54 54 71 79 56 64 57 53 56 60 53 611 63 55
h457 9 69 65 63 55 73 81 61 61 67 55 68 841 68 68 52 68 68 68 80 80 57 57 50 50 62 622 582 582 79 79 56 64 57 57 60 60 611 49 63 55
h458 9 69 65 55 55 69 73 61 57 67 63 68 841 64 68 52 64 64 64 80 76 57 61 58 58 622 622 54 50 71 71 56 64 57 57 60 64 41 53 63 63
h459 9 73 48 63 74 65 69 61 57 67 67 72 841 64 64 64 641 60 76 80 80 61 61 62 58 62 66 582 582 71 71 56 52 57 57 56 60 49 49 63 63
h460 9 73 77 55 78 65 77 61 57 67 67 76 68 64 68 52 64 76 64 76 76 57 61 50 58 62 622 54 46 79 79 56 64 53 53 64 64 41 41 63 55
h461 9 69 65 63 55 77 77 61 61 71 67 76 841 64 64 64 64 60 64 80 76 57 61 50 58 622 501 54 46 71 79 56 64 57 53 56 60 53 49 63 63
h462 9 69 65 55 70 77 81 57 57 67 67 68 68 64 68 52 52 64 64 76 76 61 61 58 58 74 62 50 582 71 79 56 64 57 53 60 60 41 53 63 55
h463 9 73 65 55 70 65 69 61 57 67 59 68 88 64 68 64 83 64 68 80 76 57 61 50 58 622 501 54 54 71 71 56 64 53 53 60 64 53 53 63 55
h464 9 69 65 63 55 65 73 57 57 67 63 762 841 64 68 52 64 64 64 76 76 57 61 62 58 62 501 54 582 71 79 56 64 57 57 56 60 41 61 63 63
h465 9 65 41 55 55 77 73 61 57 67 63 68 841 72 68 52 40 60 60 80 76 57 61 50 50 62 622 54 623 71 71 60 48 57 57 60 64 53 53 63 55
h466 9 73 65 63 78 69 652 61 53 71 67 76 841 64 68 64 64 60 64 80 76 57 57 58 54 74 62 54 582 71 71 56 64 57 57 60 64 53 611 63 55
h467 9 77 40 63 78 77 77 57 53 71 59 76 80 64 68 40 64 60 68 80 76 57 61 50 58 66 501 582 53 79 79 56 56 57 57 56 64 41 53 63 55
h468 9 65 65 55 78 65 77 61 57 67 67 68 841 68 68 52 64 60 64 76 76 61 49 58 54 62 622 54 582 551 551 56 56 57 53 60 60 53 53 63 63
h469 9 69 65 55 55 69 73 61 61 75 67 76 76 72 64 52 68 60 60 80 76 57 61 50 50 62 66 582 582 71 551 60 64 57 61 56 60 41 61 63 63
h470 9 69 69 55 70 73 81 57 57 67 67 68 841 68 68 601 601 60 64 80 76 57 61 50 58 54 62 582 582 71 79 56 48 57 53 60 64 53 61 63 63
h471 9 65 65 55 55 65 77 57 57 71 67 68 841 64 68 64 641 60 60 80 76 491 57 58 58 622 622 54 54 79 551 64 64 61 53 60 64 53 49 63 63
h472 9 65 65 55 74 69 77 61 61 75 67 68 841 64 64 52 64 60 64 80 76 57 61 50 58 62 66 582 582 71 551 56 64 53 53 56 64 53 611 63 55
