   1        1   (5)      1 :  0.9834 0.0074 0.0046 0.0046 
   2        2   (5)      1 :  0.9804 0.0030 0.0084 0.0082 
   3        3   (5)      1 :  0.9896 0.0038 0.0036 0.0030 
   4        4   (0)      1 :  0.9918 0.0040 0.0020 0.0022 
   5        5   (0)      1 :  0.9584 0.0058 0.0168 0.0190 
   6        6   (0)      1 :  0.9900 0.0040 0.0030 0.0030 
   7        7   (0)      1 :  0.9718 0.0020 0.0204 0.0058 
   8        8   (5)      1 :  0.9928 0.0032 0.0020 0.0020 
   9        9   (0)      1 :  0.9944 0.0022 0.0014 0.0020 
  10       10   (0)      1 :  0.9880 0.0022 0.0058 0.0040 
  11       11   (0)      1 :  0.9926 0.0020 0.0034 0.0020 
  12       12   (0)      1 :  0.9882 0.0022 0.0040 0.0056 
  13       13   (0)      1 :  0.9936 0.0010 0.0020 0.0034 
  14       14   (0)      1 :  0.9880 0.0074 0.0026 0.0020 
  15       15   (0)      1 :  0.9916 0.0026 0.0036 0.0022 
  16       16   (0)      1 :  0.9846 0.0120 0.0020 0.0014 
  17       17   (0)      1 :  0.9958 0.0010 0.0020 0.0012 
  18       18   (0)      1 :  0.9804 0.0030 0.0106 0.0060 
  19       19   (0)      1 :  0.9876 0.0030 0.0020 0.0074 
  20       20   (0)      1 :  0.9766 0.0038 0.0126 0.0070 
  21       21   (0)      1 :  0.9946 0.0024 0.0012 0.0018 
  22       22   (0)      1 :  0.9858 0.0102 0.0022 0.0018 
  23       23   (0)      1 :  0.9922 0.0036 0.0022 0.0020 
  24       24   (0)      1 :  0.9846 0.0094 0.0028 0.0032 
  25       25   (0)      1 :  0.9884 0.0022 0.0040 0.0054 
  26       26   (0)      1 :  0.9904 0.0032 0.0020 0.0044 
  27       27   (5)      1 :  0.9790 0.0028 0.0106 0.0076 
  28       28   (0)      1 :  0.9780 0.0066 0.0122 0.0032 
  29       29   (0)      1 :  0.9912 0.0042 0.0022 0.0024 
  30       30   (0)      1 :  0.9816 0.0068 0.0062 0.0054 
  31       31   (0)      1 :  0.9914 0.0024 0.0030 0.0032 
  32       32   (0)      1 :  0.9844 0.0030 0.0078 0.0048 
  33       33   (0)      1 :  0.9934 0.0020 0.0020 0.0026 
  34       34   (0)      1 :  0.9892 0.0062 0.0020 0.0026 
  35       35   (0)      1 :  0.9766 0.0030 0.0096 0.0108 
  36       36   (0)      1 :  0.9756 0.0052 0.0130 0.0062 
  37       37   (0)      1 :  0.9868 0.0024 0.0052 0.0056 
  38       38   (0)      1 :  0.9922 0.0020 0.0022 0.0036 
  39       39   (0)      1 :  0.9844 0.0024 0.0072 0.0060 
  40       40   (0)      1 :  0.9884 0.0044 0.0030 0.0042 
  41       41   (0)      1 :  0.9916 0.0024 0.0034 0.0026 
  42       42   (0)      1 :  0.9948 0.0028 0.0012 0.0012 
  43       43   (0)      1 :  0.9924 0.0024 0.0030 0.0022 
  44       44   (0)      1 :  0.9962 0.0012 0.0014 0.0012 
  45       45   (5)      1 :  0.9890 0.0030 0.0042 0.0038 
  46       46   (0)      1 :  0.9866 0.0082 0.0022 0.0030 
  47       47   (0)      1 :  0.9858 0.0070 0.0048 0.0024 
  48       48   (0)      1 :  0.9838 0.0098 0.0034 0.0030 
  49       49   (0)      1 :  0.9912 0.0020 0.0024 0.0044 
  50       50   (0)      1 :  0.9914 0.0036 0.0024 0.0026 
  51       51   (0)      1 :  0.9922 0.0022 0.0020 0.0036 
  52       52   (0)      1 :  0.9690 0.0064 0.0056 0.0190 
  53       53   (0)      1 :  0.9814 0.0108 0.0032 0.0046 
  54       54   (0)      1 :  0.9870 0.0048 0.0062 0.0020 
  55       55   (0)      1 :  0.9920 0.0022 0.0034 0.0024 
  56       56   (0)      1 :  0.9914 0.0038 0.0024 0.0024 
  57       57  (10)      1 :  0.9928 0.0022 0.0022 0.0028 
  58       58   (5)      1 :  0.9898 0.0044 0.0036 0.0022 
  59       59   (0)      1 :  0.9912 0.0038 0.0022 0.0028 
  60       60   (0)      1 :  0.9946 0.0012 0.0022 0.0020 
  61       61   (0)      1 :  0.9904 0.0038 0.0034 0.0024 
  62       62   (0)      1 :  0.9904 0.0024 0.0050 0.0022 
  63       63   (0)      1 :  0.9906 0.0020 0.0048 0.0026 
  64       64   (0)      1 :  0.9914 0.0022 0.0034 0.0030 
  65       65   (0)      1 :  0.9748 0.0016 0.0114 0.0122 
  66       66   (0)      1 :  0.9864 0.0048 0.0038 0.0050 
  67       67   (5)      1 :  0.9760 0.0132 0.0038 0.0070 
  68       68   (0)      1 :  0.9684 0.0194 0.0092 0.0030 
  69       69   (0)      1 :  0.9940 0.0010 0.0038 0.0012 
  70       70   (0)      1 :  0.9916 0.0040 0.0024 0.0020 
  71       71   (5)      1 :  0.9836 0.0050 0.0068 0.0046 
  72       72   (0)      1 :  0.9892 0.0020 0.0028 0.0060 
  73       73   (5)      1 :  0.9826 0.0034 0.0040 0.0100 
  74       74  (10)      1 :  0.9884 0.0034 0.0044 0.0038 
  75       75  (10)      1 :  0.9876 0.0022 0.0020 0.0082 
  76       76   (0)      1 :  0.8040 0.1912 0.0028 0.0020 
  77       77  (10)      1 :  0.9335 0.0625 0.0020 0.0020 
  78       78   (0)      1 :  0.9144 0.0750 0.0050 0.0056 
  79       79   (5)      1 :  0.9882 0.0048 0.0038 0.0032 
  80       80   (0)      1 :  0.9934 0.0026 0.0020 0.0020 
  81       81   (0)      1 :  0.9940 0.0020 0.0020 0.0020 
  82       82   (0)      1 :  0.9950 0.0010 0.0020 0.0020 
  83       83   (0)      1 :  0.9462 0.0480 0.0038 0.0020 
  84       84   (0)      1 :  0.9868 0.0022 0.0046 0.0064 
  85       85   (0)      1 :  0.9946 0.0012 0.0022 0.0020 
  86       86   (5)      1 :  0.9940 0.0020 0.0020 0.0020 
  87       87   (0)      1 :  0.9922 0.0026 0.0030 0.0022 
  88       88   (0)      1 :  0.8360 0.1490 0.0086 0.0064 
  89       89   (0)      1 :  0.9780 0.0060 0.0036 0.0124 
  90       90   (0)      1 :  0.9828 0.0074 0.0076 0.0022 
  91       91   (0)      1 :  0.9900 0.0042 0.0032 0.0026 
  92       92   (0)      1 :  0.9840 0.0034 0.0098 0.0028 
  93       93   (0)      1 :  0.9938 0.0022 0.0020 0.0020 
  94       94   (5)      1 :  0.9732 0.0154 0.0032 0.0082 
  95       95   (0)      1 :  0.9912 0.0038 0.0020 0.0030 
  96       96   (5)      1 :  0.9946 0.0012 0.0022 0.0020 
  97       97   (0)      1 :  0.9716 0.0212 0.0052 0.0020 
  98       98   (0)      1 :  0.9908 0.0020 0.0036 0.0036 
  99       99   (5)      1 :  0.9932 0.0020 0.0022 0.0026 
 100      100   (5)      1 :  0.9944 0.0022 0.0022 0.0012 
 101      101   (0)      2 :  0.9900 0.0038 0.0032 0.0030 
 102      102   (0)      2 :  0.9928 0.0026 0.0024 0.0022 
 103      103   (0)      2 :  0.9938 0.0020 0.0022 0.0020 
 104      104   (0)      2 :  0.9676 0.0048 0.0138 0.0138 
 105      105   (0)      2 :  0.9862 0.0052 0.0038 0.0048 
 106      106   (0)      2 :  0.9836 0.0022 0.0086 0.0056 
 107      107   (0)      2 :  0.9916 0.0052 0.0020 0.0012 
 108      108   (0)      2 :  0.9836 0.0084 0.0046 0.0034 
 109      109   (0)      2 :  0.9720 0.0034 0.0180 0.0066 
 110      110   (0)      2 :  0.9916 0.0040 0.0024 0.0020 
 111      111   (0)      2 :  0.9864 0.0052 0.0042 0.0042 
 112      112   (0)      2 :  0.9932 0.0020 0.0020 0.0028 
 113      113   (0)      2 :  0.9928 0.0024 0.0020 0.0028 
 114      114   (0)      2 :  0.9876 0.0020 0.0048 0.0056 
 115      115   (0)      2 :  0.9884 0.0074 0.0020 0.0022 
 116      116   (0)      2 :  0.9896 0.0056 0.0022 0.0026 
 117      117   (0)      2 :  0.9886 0.0024 0.0064 0.0026 
 118      118   (0)      2 :  0.9886 0.0012 0.0038 0.0064 
 119      119   (0)      2 :  0.9922 0.0012 0.0054 0.0012 
 120      120   (0)      2 :  0.9920 0.0024 0.0032 0.0024 
 121      121   (0)      2 :  0.9916 0.0036 0.0022 0.0026 
 122      122   (0)      2 :  0.9920 0.0022 0.0034 0.0024 
 123      123   (0)      2 :  0.9636 0.0178 0.0100 0.0086 
 124      124   (0)      2 :  0.9896 0.0032 0.0040 0.0032 
 125      125   (0)      2 :  0.9928 0.0030 0.0020 0.0022 
 126      126   (0)      2 :  0.9902 0.0026 0.0040 0.0032 
 127      127   (0)      2 :  0.9892 0.0020 0.0056 0.0032 
 128      128   (0)      2 :  0.9880 0.0062 0.0034 0.0024 
 129      129   (0)      2 :  0.9942 0.0024 0.0022 0.0012 
 130      130   (0)      2 :  0.9220 0.0658 0.0064 0.0058 
 131      131   (0)      2 :  0.9918 0.0040 0.0022 0.0020 
 132      132   (0)      2 :  0.9644 0.0020 0.0214 0.0122 
 133      133   (0)      2 :  0.9896 0.0064 0.0026 0.0014 
 134      134   (0)      2 :  0.9928 0.0012 0.0034 0.0026 
 135      135   (0)      2 :  0.9902 0.0040 0.0036 0.0022 
 136      136   (0)      2 :  0.9852 0.0054 0.0040 0.0054 
 137      137   (0)      2 :  0.9924 0.0022 0.0032 0.0022 
 138      138   (0)      2 :  0.9934 0.0022 0.0024 0.0020 
 139      139   (0)      2 :  0.9898 0.0066 0.0022 0.0014 
 140      140   (0)      2 :  0.9818 0.0120 0.0022 0.0040 
 141      141   (0)      2 :  0.9904 0.0026 0.0030 0.0040 
 142      142   (0)      2 :  0.9868 0.0020 0.0028 0.0084 
 143      143   (0)      2 :  0.9938 0.0020 0.0020 0.0022 
 144      144   (0)      2 :  0.9902 0.0020 0.0020 0.0058 
 145      145   (0)      2 :  0.9800 0.0054 0.0044 0.0102 
 146      146   (0)      2 :  0.9916 0.0034 0.0022 0.0028 
 147      147   (0)      2 :  0.9934 0.0022 0.0022 0.0022 
 148      148   (0)      2 :  0.9878 0.0032 0.0028 0.0062 
 149      149   (0)      2 :  0.9888 0.0026 0.0038 0.0048 
 150      150   (0)      2 :  0.9882 0.0022 0.0068 0.0028 
 151      151   (0)      2 :  0.9928 0.0030 0.0020 0.0022 
 152      152   (0)      2 :  0.9892 0.0020 0.0036 0.0052 
 153      153   (0)      2 :  0.9938 0.0020 0.0022 0.0020 
 154      154   (0)      2 :  0.9910 0.0024 0.0034 0.0032 
 155      155   (0)      2 :  0.9920 0.0034 0.0024 0.0022 
 156      156   (0)      2 :  0.9934 0.0022 0.0022 0.0022 
 157      157   (0)      2 :  0.9914 0.0034 0.0022 0.0030 
 158      158   (0)      2 :  0.9896 0.0020 0.0046 0.0038 
 159      159   (0)      2 :  0.9908 0.0048 0.0022 0.0022 
 160      160   (0)      2 :  0.9910 0.0022 0.0020 0.0048 
 161      161   (0)      2 :  0.9936 0.0022 0.0020 0.0022 
 162      162   (0)      2 :  0.9910 0.0020 0.0042 0.0028 
 163      163   (0)      2 :  0.9932 0.0026 0.0022 0.0020 
 164      164   (0)      2 :  0.9814 0.0022 0.0118 0.0046 
 165      165   (0)      2 :  0.8622 0.0242 0.1114 0.0022 
 166      166   (0)      2 :  0.9894 0.0040 0.0036 0.0030 
 167      167   (0)      2 :  0.9900 0.0024 0.0030 0.0046 
 168      168   (0)      2 :  0.9868 0.0062 0.0040 0.0030 
 169      169   (0)      2 :  0.9920 0.0022 0.0022 0.0036 
 170      170   (0)      2 :  0.9928 0.0022 0.0022 0.0028 
 171      171   (0)      2 :  0.9924 0.0020 0.0020 0.0036 
 172      172   (0)      2 :  0.9936 0.0020 0.0020 0.0024 
 173      173   (0)      2 :  0.9894 0.0020 0.0028 0.0058 
 174      174   (0)      2 :  0.9866 0.0040 0.0050 0.0044 
 175      175   (0)      2 :  0.9958 0.0012 0.0012 0.0018 
 176      176   (0)      2 :  0.9886 0.0044 0.0030 0.0040 
 177      177   (0)      2 :  0.9854 0.0090 0.0032 0.0024 
 178      178   (0)      2 :  0.9770 0.0190 0.0020 0.0020 
 179      179   (0)      2 :  0.9916 0.0022 0.0034 0.0028 
 180      180   (0)      2 :  0.9282 0.0094 0.0150 0.0474 
 181      181   (0)      2 :  0.9576 0.0354 0.0044 0.0026 
 182      182   (0)      2 :  0.9930 0.0022 0.0020 0.0028 
 183      183   (0)      2 :  0.9576 0.0062 0.0150 0.0212 
 184      184   (0)      2 :  0.9926 0.0020 0.0026 0.0028 
 185      185   (0)      2 :  0.9766 0.0038 0.0052 0.0144 
 186      186   (0)      2 :  0.9864 0.0030 0.0054 0.0052 
 187      187   (0)      2 :  0.9918 0.0022 0.0022 0.0038 
 188      188   (0)      2 :  0.9934 0.0020 0.0020 0.0026 
 189      189   (0)      2 :  0.9906 0.0020 0.0030 0.0044 
 190      190   (0)      2 :  0.9308 0.0584 0.0080 0.0028 
 191      191   (0)      2 :  0.9938 0.0022 0.0020 0.0020 
 192      192   (0)      2 :  0.9754 0.0022 0.0164 0.0060 
 193      193   (0)      2 :  0.9612 0.0306 0.0050 0.0032 
 194      194   (0)      2 :  0.9910 0.0040 0.0026 0.0024 
 195      195   (0)      2 :  0.9932 0.0022 0.0026 0.0020 
 196      196   (0)      2 :  0.9872 0.0030 0.0040 0.0058 
 197      197   (0)      2 :  0.9914 0.0042 0.0024 0.0020 
 198      198   (0)      2 :  0.9832 0.0022 0.0044 0.0102 
 199      199   (0)      2 :  0.9832 0.0064 0.0030 0.0074 
 200      200   (0)      2 :  0.9936 0.0024 0.0012 0.0028 
 201      201   (0)      2 :  0.9942 0.0016 0.0020 0.0022 
 202      202   (0)      2 :  0.9902 0.0022 0.0020 0.0056 
 203      203   (0)      2 :  0.9866 0.0014 0.0108 0.0012 
 204      204   (0)      2 :  0.9892 0.0044 0.0030 0.0034 
 205      205   (0)      2 :  0.9822 0.0024 0.0108 0.0046 
 206      206   (0)      2 :  0.9848 0.0084 0.0042 0.0026 
 207      207   (0)      2 :  0.9930 0.0020 0.0022 0.0028 
 208      208   (0)      2 :  0.9746 0.0056 0.0154 0.0044 
 209      209   (0)      2 :  0.9930 0.0012 0.0022 0.0036 
 210      210   (0)      2 :  0.9894 0.0028 0.0032 0.0046 
 211      211   (0)      2 :  0.9912 0.0042 0.0022 0.0024 
 212      212   (0)      2 :  0.9950 0.0022 0.0014 0.0014 
 213      213   (0)      2 :  0.9890 0.0058 0.0020 0.0032 
 214      214   (0)      2 :  0.9788 0.0060 0.0112 0.0040 
 215      215   (0)      2 :  0.9948 0.0022 0.0012 0.0018 
 216      216   (0)      2 :  0.9692 0.0038 0.0104 0.0166 
 217      217   (0)      2 :  0.9910 0.0014 0.0036 0.0040 
 218      218   (0)      2 :  0.9169 0.0780 0.0030 0.0022 
 219      219   (0)      2 :  0.9822 0.0052 0.0076 0.0050 
 220      220   (0)      2 :  0.9920 0.0042 0.0022 0.0016 
 221      221   (0)      2 :  0.9668 0.0282 0.0030 0.0020 
 222      222   (0)      2 :  0.9088 0.0848 0.0038 0.0026 
 223      223   (0)      2 :  0.9948 0.0026 0.0012 0.0014 
 224      224   (0)      2 :  0.9866 0.0084 0.0036 0.0014 
 225      225   (0)      2 :  0.9962 0.0012 0.0014 0.0012 
 226      226   (0)      2 :  0.9798 0.0044 0.0120 0.0038 
 227      227   (0)      2 :  0.9924 0.0020 0.0020 0.0036 
 228      228   (0)      2 :  0.9670 0.0118 0.0110 0.0102 
 229      229   (0)      2 :  0.9940 0.0020 0.0020 0.0020 
 230      230   (0)      2 :  0.9884 0.0034 0.0058 0.0024 
 231      231   (0)      2 :  0.9936 0.0022 0.0020 0.0022 
 232      232   (0)      2 :  0.9898 0.0030 0.0032 0.0040 
 233      233   (0)      2 :  0.9882 0.0012 0.0032 0.0074 
 234      234   (0)      2 :  0.9494 0.0118 0.0264 0.0124 
 235      235   (0)      2 :  0.9966 0.0012 0.0010 0.0012 
 236      236   (0)      2 :  0.9914 0.0024 0.0022 0.0040 
 237      237   (0)      2 :  0.9786 0.0022 0.0104 0.0088 
 238      238   (0)      2 :  0.9946 0.0022 0.0020 0.0012 
 239      239   (0)      2 :  0.9850 0.0068 0.0052 0.0030 
 240      240   (0)      2 :  0.9856 0.0066 0.0022 0.0056 
 241      241   (0)      2 :  0.9928 0.0022 0.0020 0.0030 
 242      242   (0)      2 :  0.9756 0.0100 0.0066 0.0078 
 243      243   (0)      2 :  0.9862 0.0022 0.0056 0.0060 
 244      244   (0)      2 :  0.9808 0.0148 0.0022 0.0022 
 245      245   (0)      2 :  0.9870 0.0036 0.0066 0.0028 
 246      246   (0)      2 :  0.9748 0.0122 0.0060 0.0070 
 247      247   (0)      2 :  0.9906 0.0020 0.0020 0.0054 
 248      248   (0)      2 :  0.9906 0.0022 0.0042 0.0030 
 249      249   (0)      2 :  0.9932 0.0024 0.0022 0.0022 
 250      250   (0)      2 :  0.9924 0.0020 0.0020 0.0036 
 251      251   (0)      2 :  0.9900 0.0020 0.0028 0.0052 
 252      252   (0)      2 :  0.9772 0.0054 0.0080 0.0094 
 253      253   (0)      2 :  0.9820 0.0052 0.0030 0.0098 
 254      254   (0)      2 :  0.9884 0.0060 0.0032 0.0024 
 255      255   (0)      2 :  0.9926 0.0024 0.0020 0.0030 
 256      256   (0)      2 :  0.9910 0.0022 0.0030 0.0038 
 257      257   (0)      2 :  0.9942 0.0018 0.0020 0.0020 
 258      258   (0)      2 :  0.9880 0.0026 0.0030 0.0064 
 259      259   (0)      2 :  0.9934 0.0020 0.0018 0.0028 
 260      260   (0)      2 :  0.9446 0.0062 0.0386 0.0106 
 261      261   (0)      2 :  0.9940 0.0012 0.0022 0.0026 
 262      262   (0)      2 :  0.9926 0.0024 0.0022 0.0028 
 263      263   (0)      2 :  0.9900 0.0028 0.0020 0.0052 
 264      264   (0)      2 :  0.9706 0.0038 0.0036 0.0220 
 265      265   (0)      2 :  0.9900 0.0018 0.0030 0.0052 
 266      266   (0)      2 :  0.9946 0.0010 0.0024 0.0020 
 267      267   (0)      2 :  0.9942 0.0024 0.0020 0.0014 
 268      268   (0)      2 :  0.9726 0.0028 0.0068 0.0178 
 269      269   (0)      2 :  0.9892 0.0036 0.0036 0.0036 
 270      270   (0)      2 :  0.9814 0.0126 0.0030 0.0030 
 271      271   (0)      2 :  0.9908 0.0022 0.0032 0.0038 
 272      272   (0)      2 :  0.9920 0.0036 0.0024 0.0020 
 273      273   (0)      2 :  0.9896 0.0030 0.0042 0.0032 
 274      274   (0)      2 :  0.9934 0.0024 0.0020 0.0022 
 275      275   (0)      2 :  0.9914 0.0024 0.0032 0.0030 
 276      276   (0)      2 :  0.9898 0.0054 0.0020 0.0028 
 277      277   (0)      2 :  0.9902 0.0020 0.0042 0.0036 
 278      278   (0)      2 :  0.9930 0.0020 0.0020 0.0030 
 279      279   (0)      2 :  0.9858 0.0074 0.0038 0.0030 
 280      280   (0)      2 :  0.9912 0.0024 0.0034 0.0030 
 281      281   (0)      2 :  0.9706 0.0090 0.0070 0.0134 
 282      282   (0)      2 :  0.9882 0.0072 0.0024 0.0022 
 283      283   (0)      2 :  0.9936 0.0020 0.0024 0.0020 
 284      284   (0)      2 :  0.9900 0.0020 0.0020 0.0060 
 285      285   (0)      2 :  0.9898 0.0028 0.0032 0.0042 
 286      286   (0)      2 :  0.9848 0.0080 0.0038 0.0034 
 287      287   (0)      2 :  0.9952 0.0020 0.0010 0.0018 
 288      288   (0)      2 :  0.9832 0.0042 0.0076 0.0050 
 289      289   (0)      2 :  0.9924 0.0034 0.0020 0.0022 
 290      290   (0)      2 :  0.9894 0.0050 0.0022 0.0034 
 291      291   (0)      2 :  0.9868 0.0022 0.0052 0.0058 
 292      292   (0)      2 :  0.9934 0.0022 0.0020 0.0024 
 293      293   (0)      2 :  0.9720 0.0036 0.0084 0.0160 
 294      294   (0)      2 :  0.9842 0.0094 0.0030 0.0034 
 295      295   (0)      2 :  0.9956 0.0012 0.0012 0.0020 
 296      296   (0)      2 :  0.9928 0.0024 0.0020 0.0028 
 297      297   (0)      2 :  0.9898 0.0020 0.0042 0.0040 
 298      298   (0)      2 :  0.9766 0.0036 0.0144 0.0054 
 299      299   (0)      2 :  0.9896 0.0044 0.0020 0.0040 
 300      300   (0)      2 :  0.9938 0.0026 0.0022 0.0014 
 301      301   (0)      2 :  0.9880 0.0026 0.0042 0.0052 
 302      302   (0)      2 :  0.9940 0.0020 0.0020 0.0020 
 303      303   (0)      2 :  0.9916 0.0024 0.0032 0.0028 
 304      304   (0)      2 :  0.9886 0.0076 0.0024 0.0014 
 305      305   (0)      2 :  0.9936 0.0022 0.0022 0.0020 
 306      306   (0)      2 :  0.9898 0.0066 0.0022 0.0014 
 307      307   (0)      2 :  0.9932 0.0022 0.0018 0.0028 
 308      308   (0)      2 :  0.9964 0.0012 0.0012 0.0012 
 309      309   (0)      2 :  0.9946 0.0012 0.0024 0.0018 
 310      310   (0)      2 :  0.9932 0.0024 0.0022 0.0022 
 311      311   (0)      2 :  0.9932 0.0026 0.0022 0.0020 
 312      312   (0)      2 :  0.9920 0.0032 0.0020 0.0028 
 313      313   (0)      2 :  0.9790 0.0040 0.0108 0.0062 
 314      314   (0)      2 :  0.9852 0.0058 0.0044 0.0046 
 315      315   (0)      2 :  0.9866 0.0032 0.0068 0.0034 
 316      316   (0)      2 :  0.9908 0.0028 0.0034 0.0030 
 317      317   (0)      2 :  0.9920 0.0038 0.0022 0.0020 
 318      318   (0)      2 :  0.9924 0.0036 0.0020 0.0020 
 319      319   (0)      2 :  0.9916 0.0040 0.0022 0.0022 
 320      320   (0)      2 :  0.9950 0.0012 0.0022 0.0016 
 321      321   (0)      2 :  0.9910 0.0022 0.0032 0.0036 
 322      322   (0)      2 :  0.9896 0.0040 0.0032 0.0032 
 323      323   (0)      2 :  0.9916 0.0020 0.0032 0.0032 
 324      324   (0)      2 :  0.9932 0.0010 0.0038 0.0020 
 325      325   (0)      2 :  0.9902 0.0038 0.0030 0.0030 
 326      326   (0)      2 :  0.9710 0.0208 0.0022 0.0060 
 327      327   (0)      2 :  0.9890 0.0044 0.0028 0.0038 
 328      328   (0)      2 :  0.9932 0.0022 0.0026 0.0020 
 329      329   (0)      2 :  0.9900 0.0024 0.0052 0.0024 
 330      330   (0)      2 :  0.9938 0.0024 0.0024 0.0014 
 331      331   (0)      2 :  0.9746 0.0098 0.0074 0.0082 
 332      332   (0)      2 :  0.9904 0.0022 0.0052 0.0022 
 333      333   (0)      2 :  0.9932 0.0020 0.0022 0.0026 
 334      334   (0)      2 :  0.9924 0.0032 0.0022 0.0022 
 335      335   (0)      2 :  0.9900 0.0062 0.0020 0.0018 
 336      336   (0)      2 :  0.9928 0.0022 0.0020 0.0030 
 337      337   (0)      2 :  0.9782 0.0054 0.0122 0.0042 
 338      338   (0)      2 :  0.9920 0.0030 0.0020 0.0030 
 339      339   (0)      2 :  0.9906 0.0044 0.0022 0.0028 
 340      340   (0)      2 :  0.9936 0.0018 0.0020 0.0026 
 341      341   (0)      2 :  0.9948 0.0012 0.0020 0.0020 
 342      342   (0)      2 :  0.9916 0.0032 0.0028 0.0024 
 343      343   (0)      2 :  0.9832 0.0030 0.0062 0.0076 
 344      344   (0)      2 :  0.9586 0.0060 0.0036 0.0318 
 345      345   (0)      2 :  0.9888 0.0030 0.0038 0.0044 
 346      346   (0)      2 :  0.9950 0.0010 0.0020 0.0020 
 347      347   (0)      2 :  0.9914 0.0036 0.0024 0.0026 
 348      348   (0)      2 :  0.8970 0.0990 0.0020 0.0020 
 349      349   (0)      2 :  0.9908 0.0020 0.0034 0.0038 
 350      350   (0)      2 :  0.9924 0.0026 0.0022 0.0028 
 351      351   (5)      3 :  0.6471 0.0022 0.3469 0.0038 
 352      352   (0)      3 :  0.3224 0.0044 0.6624 0.0108 
 353      353   (0)      3 :  0.5914 0.0166 0.3486 0.0434 
 354      354   (5)      3 :  0.4622 0.0022 0.4946 0.0410 
 355      355   (5)      3 :  0.4489 0.0010 0.5399 0.0102 
 356      356   (0)      3 :  0.3920 0.0074 0.5646 0.0360 
 357      357   (0)      4 :  0.0154 0.0078 0.9720 0.0048 
 358      358   (0)      4 :  0.1054 0.0032 0.8580 0.0334 
 359      359  (10)      5 :  0.0102 0.0040 0.9806 0.0052 
 360      360   (5)      5 :  0.0036 0.0122 0.9708 0.0134 
 361      361   (5)      5 :  0.3428 0.0160 0.6364 0.0048 
 362      362   (5)      5 :  0.0020 0.0020 0.9938 0.0022 
 363      363  (10)      5 :  0.1584 0.0078 0.8255 0.0084 
 364      364   (5)      5 :  0.4298 0.0228 0.5382 0.0092 
 365      365  (10)      5 :  0.0754 0.0082 0.9046 0.0118 
 366      366   (0)      5 :  0.0166 0.0020 0.9450 0.0364 
 367      367   (0)      5 :  0.0188 0.0072 0.9706 0.0034 
 368      368   (0)      5 :  0.0024 0.0020 0.9886 0.0070 
 369      369   (0)      5 :  0.0058 0.0030 0.9808 0.0104 
 370      370   (0)      5 :  0.0134 0.0136 0.9688 0.0042 
 371      371   (0)      5 :  0.0190 0.0020 0.9750 0.0040 
 372      372   (0)      5 :  0.1313 0.0022 0.8532 0.0134 
 373      373   (0)      5 :  0.0162 0.0164 0.9514 0.0160 
 374      374   (0)      5 :  0.0716 0.0058 0.9118 0.0108 
 375      375   (0)      5 :  0.1590 0.0034 0.8346 0.0030 
 376      376   (0)      5 :  0.3801 0.0098 0.6053 0.0048 
 377      377   (0)      5 :  0.0032 0.0012 0.9892 0.0064 
 378      378   (5)      5 :  0.0448 0.0020 0.8155 0.1377 
 379      379   (0)      5 :  0.0998 0.0142 0.8770 0.0090 
 380      380   (0)      5 :  0.1384 0.0280 0.8292 0.0044 
 381      381   (5)      5 :  0.0648 0.0048 0.9204 0.0100 
 382      382   (5)      5 :  0.0332 0.0020 0.9560 0.0088 
 383      383   (0)      5 :  0.0818 0.0190 0.8474 0.0518 
 384      384   (0)      5 :  0.1411 0.0020 0.8495 0.0074 
 385      385   (0)      5 :  0.0092 0.0466 0.9402 0.0040 
 386      386   (0)      5 :  0.0032 0.0040 0.9874 0.0054 
 387      387   (0)      5 :  0.0022 0.0032 0.9872 0.0074 
 388      388   (0)      5 :  0.0024 0.0038 0.9882 0.0056 
 389      389   (0)      5 :  0.0024 0.0010 0.9428 0.0538 
 390      390   (0)      5 :  0.0176 0.0054 0.9740 0.0030 
 391      391   (0)      5 :  0.0804 0.0060 0.8994 0.0142 
 392      392   (0)      5 :  0.0036 0.0082 0.8896 0.0986 
 393      393   (0)      5 :  0.0624 0.0032 0.9282 0.0062 
 394      394   (0)      5 :  0.1020 0.0040 0.8904 0.0036 
 395      395   (0)      5 :  0.1727 0.0130 0.8021 0.0122 
 396      396   (0)      5 :  0.0032 0.0040 0.9882 0.0046 
 397      397   (0)      5 :  0.0836 0.0040 0.9010 0.0114 
 398      398   (0)      5 :  0.0156 0.0024 0.9770 0.0050 
 399      399   (0)      5 :  0.0078 0.0188 0.9698 0.0036 
 400      400   (0)      5 :  0.0102 0.0062 0.9796 0.0040 
 401      401  (10)      6 :  0.0020 0.0020 0.9922 0.0038 
 402      402   (0)      6 :  0.0034 0.0038 0.9480 0.0448 
 403      403   (0)      6 :  0.0412 0.0028 0.7725 0.1834 
 404      404   (0)      6 :  0.0022 0.0030 0.9884 0.0064 
 405      405   (0)      6 :  0.0030 0.0364 0.9422 0.0184 
 406      406   (5)      6 :  0.0020 0.0176 0.9696 0.0108 
 407      407   (0)      6 :  0.0020 0.0020 0.9924 0.0036 
 408      408   (0)      6 :  0.0028 0.0040 0.9918 0.0014 
 409      409   (0)      6 :  0.0032 0.0030 0.8210 0.1728 
 410      410   (0)      6 :  0.0096 0.0086 0.9782 0.0036 
 411      411   (0)      6 :  0.0882 0.0030 0.4721 0.4367 
 412      412   (0)      6 :  0.0024 0.0020 0.9882 0.0074 
 413      413   (0)      6 :  0.0012 0.0020 0.9906 0.0062 
 414      414   (0)      6 :  0.0028 0.0058 0.9882 0.0032 
 415      415   (5)      6 :  0.0034 0.0010 0.9824 0.0132 
 416      416   (0)      6 :  0.0030 0.0020 0.9916 0.0034 
 417      417   (0)      6 :  0.0054 0.0030 0.9828 0.0088 
 418      418   (0)      6 :  0.0014 0.0020 0.9840 0.0126 
 419      419   (0)      6 :  0.0022 0.0032 0.9828 0.0118 
 420      420   (0)      6 :  0.0012 0.0020 0.9940 0.0028 
 421      421   (0)      6 :  0.0020 0.0022 0.9930 0.0028 
 422      422   (5)      6 :  0.0022 0.0030 0.9902 0.0046 
 423      423   (5)      6 :  0.0088 0.0020 0.8828 0.1064 
 424      424   (5)      6 :  0.0032 0.0048 0.9858 0.0062 
 425      425   (0)      6 :  0.0030 0.0040 0.9902 0.0028 
 426      426   (0)      6 :  0.0020 0.0020 0.9938 0.0022 
 427      427   (0)      6 :  0.0022 0.0020 0.9878 0.0080 
 428      428   (0)      6 :  0.0028 0.0066 0.9886 0.0020 
 429      429   (0)      6 :  0.0020 0.0020 0.9906 0.0054 
 430      430   (0)      6 :  0.0056 0.0020 0.9842 0.0082 
 431      431   (0)      6 :  0.0054 0.0020 0.9562 0.0364 
 432      432   (0)      6 :  0.0022 0.0020 0.9912 0.0046 
 433      433   (0)      6 :  0.0020 0.0030 0.9906 0.0044 
 434      434   (0)      6 :  0.0032 0.0020 0.9816 0.0132 
 435      435   (0)      6 :  0.0022 0.0024 0.9810 0.0144 
 436      436   (0)      6 :  0.0048 0.0038 0.9272 0.0642 
 437      437   (5)      6 :  0.0038 0.0030 0.9772 0.0160 
 438      438   (0)      6 :  0.0116 0.0020 0.9812 0.0052 
 439      439   (0)      6 :  0.0020 0.0030 0.9898 0.0052 
 440      440   (0)      6 :  0.0040 0.0020 0.9884 0.0056 
 441      441   (0)      6 :  0.0032 0.0034 0.9874 0.0060 
 442      442   (0)      6 :  0.0048 0.0032 0.9836 0.0084 
 443      443   (5)      6 :  0.0026 0.0020 0.9822 0.0132 
 444      444   (5)      6 :  0.0046 0.0052 0.9822 0.0080 
 445      445   (5)      6 :  0.0030 0.0040 0.9724 0.0206 
 446      446   (5)      6 :  0.0038 0.0030 0.9812 0.0120 
 447      447   (5)      6 :  0.0064 0.0030 0.9812 0.0094 
 448      448   (5)      6 :  0.0172 0.0030 0.9734 0.0064 
 449      449   (0)      6 :  0.0030 0.0030 0.9888 0.0052 
 450      450   (5)      6 :  0.0022 0.0020 0.9878 0.0080 
 451      451   (0)      6 :  0.0022 0.0034 0.9846 0.0098 
 452      452   (0)      6 :  0.0074 0.0050 0.9596 0.0280 
 453      453   (0)      6 :  0.0022 0.0012 0.9856 0.0110 
 454      454   (0)      6 :  0.0016 0.0020 0.9930 0.0034 
 455      455   (0)      6 :  0.0032 0.0264 0.9646 0.0058 
 456      456   (0)      6 :  0.0024 0.0020 0.9890 0.0066 
 457      457   (0)      6 :  0.0024 0.0030 0.9842 0.0104 
 458      458   (0)      6 :  0.0028 0.0030 0.9906 0.0036 
 459      459   (0)      6 :  0.0030 0.0020 0.9240 0.0710 
 460      460   (0)      6 :  0.0030 0.0020 0.9886 0.0064 
 461      461   (0)      6 :  0.0030 0.0036 0.9892 0.0042 
 462      462   (0)      6 :  0.0020 0.9938 0.0020 0.0022 
 463      463   (0)      6 :  0.0012 0.0020 0.9898 0.0070 
 464      464   (0)      6 :  0.0012 0.0022 0.9902 0.0064 
 465      465   (0)      6 :  0.0020 0.0020 0.9928 0.0032 
 466      466   (0)      6 :  0.0024 0.0044 0.9862 0.0070 
 467      467   (0)      6 :  0.0020 0.0060 0.9904 0.0016 
 468      468   (0)      6 :  0.0272 0.0606 0.6239 0.2883 
 469      469   (0)      6 :  0.0042 0.0022 0.9702 0.0234 
 470      470   (0)      6 :  0.0040 0.0022 0.9438 0.0500 
 471      471   (0)      6 :  0.0012 0.0032 0.9920 0.0036 
 472      472   (0)      6 :  0.0020 0.0030 0.9910 0.0040 
 473      473   (0)      6 :  0.0032 0.0020 0.9894 0.0054 
 474      474   (0)      6 :  0.0030 0.0096 0.9818 0.0056 
 475      475   (0)      6 :  0.0022 0.0030 0.9904 0.0044 
 476      476   (0)      6 :  0.0012 0.0030 0.9932 0.0026 
 477      477   (0)      6 :  0.0020 0.0050 0.9896 0.0034 
 478      478   (0)      6 :  0.0040 0.0020 0.9556 0.0384 
 479      479   (0)      6 :  0.0050 0.0040 0.9688 0.0222 
 480      480   (0)      6 :  0.0030 0.0032 0.9902 0.0036 
 481      481   (0)      6 :  0.1550 0.0032 0.2119 0.6299 
 482      482   (0)      6 :  0.0022 0.0024 0.9878 0.0076 
 483      483   (0)      6 :  0.0022 0.0032 0.9864 0.0082 
 484      484   (0)      6 :  0.0024 0.0030 0.9860 0.0086 
 485      485   (0)      6 :  0.0012 0.0032 0.9916 0.0040 
 486      486   (0)      6 :  0.0032 0.0034 0.9896 0.0038 
 487      487   (0)      6 :  0.0020 0.0062 0.9892 0.0026 
 488      488   (0)      6 :  0.0024 0.0020 0.9834 0.0122 
 489      489   (0)      6 :  0.0022 0.0030 0.9870 0.0078 
 490      490   (0)      6 :  0.0020 0.0040 0.9888 0.0052 
 491      491   (0)      6 :  0.0024 0.0012 0.9862 0.0102 
 492      492   (0)      6 :  0.0040 0.0034 0.9894 0.0032 
 493      493  (10)      6 :  0.1140 0.0030 0.3584 0.5246 
 494      494   (0)      6 :  0.0026 0.0030 0.9842 0.0102 
 495      495   (0)      6 :  0.0022 0.0020 0.9876 0.0082 
 496      496   (0)      6 :  0.0060 0.0024 0.9422 0.0494 
 497      497   (0)      6 :  0.0080 0.0076 0.9408 0.0436 
 498      498   (0)      6 :  0.0032 0.0024 0.9874 0.0070 
 499      499   (0)      6 :  0.0020 0.0032 0.9904 0.0044 
 500      500   (0)      6 :  0.0032 0.0030 0.9852 0.0086 
 501      501   (0)      6 :  0.0012 0.0020 0.9940 0.0028 
 502      502   (0)      6 :  0.0012 0.0012 0.9926 0.0050 
 503      503   (0)      6 :  0.0036 0.0030 0.9816 0.0118 
 504      504   (0)      6 :  0.0012 0.0020 0.9918 0.0050 
 505      505   (0)      6 :  0.0022 0.0012 0.9884 0.0082 
 506      506   (0)      7 :  0.0504 0.0020 0.9438 0.0038 
 507      507  (10)      7 :  0.0064 0.0020 0.9830 0.0086 
 508      508  (10)      7 :  0.0060 0.0330 0.9540 0.0070 
 509      509   (5)      7 :  0.0022 0.0020 0.9890 0.0068 
 510      510   (5)      7 :  0.0032 0.0046 0.9774 0.0148 
 511      511   (0)      7 :  0.0014 0.0030 0.9812 0.0144 
 512      512   (5)      7 :  0.0038 0.0094 0.9220 0.0648 
 513      513   (5)      7 :  0.0042 0.0020 0.8716 0.1222 
 514      514   (0)      7 :  0.0022 0.0020 0.9802 0.0156 
 515      515   (0)      7 :  0.0020 0.0020 0.9900 0.0060 
 516      516   (0)      7 :  0.0020 0.0020 0.9898 0.0062 
 517      517   (0)      7 :  0.0012 0.0020 0.9932 0.0036 
 518      518   (0)      7 :  0.0022 0.0050 0.9890 0.0038 
 519      519   (5)      7 :  0.0020 0.0028 0.9898 0.0054 
 520      520   (5)      7 :  0.0274 0.0070 0.9598 0.0058 
 521      521  (10)      7 :  0.0042 0.0020 0.9860 0.0078 
 522      522   (0)      7 :  0.0020 0.0020 0.9924 0.0036 
 523      523   (5)      7 :  0.0062 0.0114 0.9442 0.0382 
 524      524   (5)      7 :  0.0030 0.0076 0.9862 0.0032 
 525      525   (0)      7 :  0.0012 0.0026 0.9932 0.0030 
 526      526   (5)      7 :  0.0024 0.0020 0.9764 0.0192 
 527      527   (0)      7 :  0.0050 0.0060 0.9852 0.0038 
 528      528   (5)      7 :  0.0014 0.0192 0.9678 0.0116 
 529      529   (0)      7 :  0.0034 0.0020 0.9560 0.0386 
 530      530   (0)      7 :  0.0072 0.0048 0.9270 0.0610 
 531      531   (0)      7 :  0.0058 0.0112 0.9766 0.0064 
 532      532   (0)      7 :  0.0028 0.0020 0.9224 0.0728 
 533      533   (0)      7 :  0.0022 0.0010 0.9834 0.0134 
 534      534   (0)      7 :  0.0102 0.0020 0.8144 0.1734 
 535      535   (0)      7 :  0.0118 0.0106 0.9580 0.0196 
 536      536   (0)      7 :  0.0032 0.0038 0.9892 0.0038 
 537      537   (0)      7 :  0.0178 0.0020 0.8540 0.1262 
 538      538   (0)      7 :  0.0026 0.0020 0.9802 0.0152 
 539      539   (0)      7 :  0.0038 0.0020 0.9912 0.0030 
 540      540   (0)      7 :  0.0054 0.0030 0.9858 0.0058 
 541      541   (0)      7 :  0.0020 0.0028 0.9924 0.0028 
 542      542   (0)      7 :  0.0044 0.0028 0.9908 0.0020 
 543      543   (0)      7 :  0.0020 0.0010 0.9932 0.0038 
 544      544   (5)      7 :  0.0032 0.0058 0.9864 0.0046 
 545      545   (5)      7 :  0.0032 0.0062 0.9704 0.0202 
 546      546   (0)      7 :  0.0036 0.0096 0.9846 0.0022 
 547      547  (15)      7 :  0.0080 0.0186 0.9682 0.0052 
 548      548  (10)      7 :  0.0024 0.0020 0.9610 0.0346 
 549      549  (10)      7 :  0.0020 0.0030 0.9910 0.0040 
 550      550  (10)      7 :  0.0032 0.0030 0.9874 0.0064 
 551      551   (5)      7 :  0.0024 0.0054 0.9850 0.0072 
 552      552   (5)      7 :  0.0024 0.0022 0.9822 0.0132 
 553      553   (5)      7 :  0.0020 0.0062 0.9890 0.0028 
 554      554   (5)      7 :  0.0024 0.0020 0.9762 0.0194 
 555      555   (5)      7 :  0.0020 0.0024 0.9910 0.0046 
 556      556   (5)      7 :  0.0020 0.0030 0.9918 0.0032 
 557      557  (15)      7 :  0.0054 0.0050 0.9846 0.0050 
 558      558   (5)      7 :  0.0276 0.0010 0.9652 0.0062 
 559      559   (5)      7 :  0.0020 0.0020 0.9900 0.0060 
 560      560  (15)      7 :  0.0032 0.0030 0.9818 0.0120 
 561      561   (5)      7 :  0.0178 0.0042 0.9718 0.0062 
 562      562   (5)      7 :  0.0198 0.0148 0.9154 0.0500 
 563      563   (5)      7 :  0.0020 0.0030 0.9926 0.0024 
 564      564   (5)      7 :  0.0024 0.0020 0.9738 0.0218 
 565      565  (10)      7 :  0.0030 0.0048 0.9886 0.0036 
 566      566   (5)      7 :  0.0040 0.0020 0.8576 0.1364 
 567      567   (5)      7 :  0.0020 0.0040 0.9926 0.0014 
 568      568  (10)      7 :  0.0028 0.0020 0.9610 0.0342 
 569      569  (10)      7 :  0.0030 0.0032 0.9894 0.0044 
 570      570  (10)      7 :  0.0542 0.0030 0.9378 0.0050 
 571      571  (10)      7 :  0.0328 0.0050 0.9454 0.0168 
 572      572   (5)      7 :  0.0020 0.0020 0.9906 0.0054 
 573      573  (10)      7 :  0.0044 0.1239 0.8605 0.0112 
 574      574   (0)      7 :  0.0016 0.0030 0.9560 0.0394 
 575      575   (5)      7 :  0.0034 0.0024 0.9228 0.0714 
 576      576   (0)      7 :  0.0020 0.0010 0.9916 0.0054 
 577      577   (0)      7 :  0.0012 0.0010 0.9956 0.0022 
 578      578   (0)      7 :  0.0054 0.0020 0.9888 0.0038 
 579      579   (0)      7 :  0.0228 0.0040 0.9634 0.0098 
 580      580   (0)      7 :  0.0012 0.0044 0.9898 0.0046 
 581      581   (0)      7 :  0.0174 0.0020 0.9112 0.0694 
 582      582   (0)      7 :  0.0046 0.0048 0.8502 0.1404 
 583      583  (10)      7 :  0.0084 0.0020 0.9834 0.0062 
 584      584  (10)      7 :  0.0274 0.0050 0.9642 0.0034 
 585      585   (0)      7 :  0.0092 0.0020 0.9802 0.0086 
 586      586   (5)      7 :  0.0833 0.0046 0.9075 0.0046 
 587      587   (0)      7 :  0.0034 0.0042 0.9842 0.0082 
 588      588   (5)      7 :  0.0066 0.0026 0.9864 0.0044 
 589      589   (5)      7 :  0.0024 0.0032 0.9808 0.0136 
 590      590   (5)      7 :  0.0038 0.0076 0.9678 0.0208 
 591      591  (10)      7 :  0.0022 0.0012 0.9902 0.0064 
 592      592   (0)      7 :  0.0020 0.0020 0.9924 0.0036 
 593      593   (0)      7 :  0.0022 0.0030 0.9900 0.0048 
 594      594   (0)      7 :  0.0320 0.0238 0.9412 0.0030 
 595      595   (0)      7 :  0.0020 0.0054 0.9898 0.0028 
 596      596   (0)      7 :  0.0034 0.0040 0.9878 0.0048 
 597      597   (0)      7 :  0.0020 0.0028 0.9922 0.0030 
 598      598   (0)      7 :  0.0020 0.0020 0.9348 0.0612 
 599      599   (0)      7 :  0.0022 0.0040 0.9896 0.0042 
 600      600   (0)      7 :  0.0024 0.0020 0.9586 0.0370 
 601      601   (0)      7 :  0.0022 0.0030 0.9900 0.0048 
 602      602   (0)      7 :  0.0030 0.0040 0.9898 0.0032 
 603      603   (0)      7 :  0.0102 0.0058 0.9676 0.0164 
 604      604   (0)      7 :  0.0054 0.0060 0.9806 0.0080 
 605      605   (0)      7 :  0.0054 0.0174 0.9706 0.0066 
 606      606   (0)      7 :  0.0030 0.0032 0.9446 0.0492 
 607      607   (0)      7 :  0.0176 0.0020 0.9746 0.0058 
 608      608   (0)      7 :  0.0022 0.0012 0.9912 0.0054 
 609      609   (5)      7 :  0.0022 0.0036 0.9894 0.0048 
 610      610   (0)      7 :  0.0024 0.0022 0.9846 0.0108 
 611      611   (5)      7 :  0.2841 0.0178 0.6959 0.0022 
 612      612   (0)      7 :  0.0020 0.0022 0.9890 0.0068 
 613      613   (0)      7 :  0.0088 0.0052 0.8815 0.1045 
 614      614   (0)      7 :  0.0032 0.0218 0.9696 0.0054 
 615      615   (0)      7 :  0.0022 0.0020 0.9872 0.0086 
 616      616   (0)      7 :  0.0022 0.0020 0.9896 0.0062 
 617      617   (0)      7 :  0.0026 0.0066 0.9772 0.0136 
 618      618   (0)      7 :  0.0026 0.0018 0.9596 0.0360 
 619      619   (0)      7 :  0.0020 0.0010 0.9934 0.0036 
 620      620   (0)      7 :  0.0022 0.0030 0.9902 0.0046 
 621      621   (0)      7 :  0.0020 0.0020 0.9924 0.0036 
 622      622   (0)      7 :  0.0154 0.0034 0.9130 0.0682 
 623      623   (0)      7 :  0.0020 0.0030 0.9912 0.0038 
 624      624   (0)      7 :  0.0062 0.0020 0.9886 0.0032 
 625      625   (5)      7 :  0.0020 0.0030 0.9896 0.0054 
 626      626   (0)      7 :  0.0040 0.0030 0.9822 0.0108 
 627      627   (0)      7 :  0.0034 0.0056 0.9798 0.0112 
 628      628   (0)      7 :  0.0050 0.0020 0.9852 0.0078 
 629      629  (10)      7 :  0.0022 0.0020 0.9818 0.0140 
 630      630   (0)      7 :  0.0022 0.0010 0.9930 0.0038 
 631      631   (0)      7 :  0.0022 0.0010 0.9908 0.0060 
 632      632   (0)      7 :  0.0088 0.0028 0.9840 0.0044 
 633      633  (10)      7 :  0.0012 0.0020 0.9936 0.0032 
 634      634   (5)      7 :  0.0016 0.0034 0.9908 0.0042 
 635      635   (0)      7 :  0.0024 0.0020 0.9898 0.0058 
 636      636   (5)      7 :  0.0030 0.0020 0.9914 0.0036 
 637      637   (5)      7 :  0.0012 0.0010 0.9932 0.0046 
 638      638  (10)      7 :  0.0020 0.0040 0.9898 0.0042 
 639      639   (0)      7 :  0.0022 0.0010 0.9872 0.0096 
 640      640   (5)      7 :  0.0112 0.0174 0.9660 0.0054 
 641      641  (10)      7 :  0.0022 0.0020 0.9870 0.0088 
 642      642   (0)      7 :  0.0022 0.0050 0.9872 0.0056 
 643      643   (0)      7 :  0.0096 0.0022 0.9794 0.0088 
 644      644   (0)      7 :  0.0038 0.0060 0.9686 0.0216 
 645      645   (0)      7 :  0.0052 0.0560 0.9298 0.0090 
 646      646   (0)      7 :  0.0022 0.0020 0.9856 0.0102 
 647      647   (0)      7 :  0.0046 0.0020 0.9904 0.0030 
 648      648   (0)      7 :  0.0022 0.0022 0.9790 0.0166 
 649      649   (0)      7 :  0.0022 0.0032 0.9834 0.0112 
 650      650   (0)      7 :  0.0018 0.0010 0.9902 0.0070 
 651      651   (5)      7 :  0.0048 0.0082 0.9840 0.0030 
 652      652   (0)      7 :  0.0012 0.0010 0.9910 0.0068 
 653      653   (0)      7 :  0.0076 0.0284 0.6687 0.2953 
 654      654   (0)      7 :  0.0030 0.0050 0.9882 0.0038 
 655      655   (5)      7 :  0.0046 0.0030 0.9836 0.0088 
 656      656   (0)      7 :  0.0030 0.0010 0.9880 0.0080 
 657      657   (0)      7 :  0.0046 0.0050 0.9786 0.0118 
 658      658   (0)      7 :  0.0024 0.0030 0.9802 0.0144 
 659      659   (0)      7 :  0.0014 0.0040 0.9774 0.0172 
 660      660   (0)      7 :  0.0020 0.0040 0.9908 0.0032 
 661      661   (0)      7 :  0.0058 0.0072 0.9442 0.0428 
 662      662   (0)      7 :  0.0040 0.0012 0.9894 0.0054 
 663      663   (0)      7 :  0.0030 0.0046 0.9872 0.0052 
 664      664   (0)      7 :  0.0022 0.0030 0.9874 0.0074 
 665      665   (0)      7 :  0.0068 0.0050 0.9842 0.0040 
 666      666   (0)      7 :  0.0034 0.0020 0.8563 0.1383 
 667      667   (0)      7 :  0.0014 0.0010 0.9878 0.0098 
 668      668   (0)      7 :  0.0020 0.0020 0.9930 0.0030 
 669      669   (0)      7 :  0.0012 0.0022 0.9926 0.0040 
 670      670   (0)      7 :  0.0020 0.0020 0.9932 0.0028 
 671      671   (0)      7 :  0.0012 0.0020 0.9918 0.0050 
 672      672   (0)      7 :  0.0024 0.0040 0.9884 0.0052 
 673      673   (0)      7 :  0.0058 0.0032 0.9868 0.0042 
 674      674   (0)      7 :  0.0032 0.0020 0.9886 0.0062 
 675      675   (0)      7 :  0.0020 0.0020 0.9930 0.0030 
 676      676  (10)      7 :  0.0042 0.0024 0.9882 0.0052 
 677      677   (5)      7 :  0.0022 0.0712 0.9155 0.0112 
 678      678  (10)      7 :  0.0032 0.0032 0.9894 0.0042 
 679      679   (5)      7 :  0.0578 0.0464 0.8808 0.0150 
 680      680  (10)      7 :  0.0026 0.0022 0.9864 0.0088 
 681      681  (10)      7 :  0.0046 0.0072 0.9538 0.0344 
 682      682   (0)      7 :  0.0052 0.0092 0.9612 0.0244 
 683      683   (5)      7 :  0.0054 0.0022 0.9838 0.0086 
 684      684   (5)      7 :  0.0180 0.0050 0.9720 0.0050 
 685      685  (10)      7 :  0.0076 0.0154 0.9618 0.0152 
 686      686   (0)      7 :  0.0024 0.0020 0.9816 0.0140 
 687      687   (0)      7 :  0.0030 0.0020 0.9904 0.0046 
 688      688   (0)      7 :  0.0022 0.0020 0.9918 0.0040 
 689      689   (0)      7 :  0.0028 0.0010 0.9932 0.0030 
 690      690   (0)      7 :  0.0774 0.0020 0.6959 0.2247 
 691      691   (0)      7 :  0.0552 0.0020 0.9336 0.0092 
 692      692   (0)      7 :  0.1676 0.0022 0.8228 0.0074 
 693      693   (0)      7 :  0.0020 0.0030 0.9916 0.0034 
 694      694   (0)      7 :  0.0012 0.0030 0.9910 0.0048 
 695      695   (5)      7 :  0.0114 0.0122 0.9720 0.0044 
 696      696   (0)      7 :  0.0082 0.0268 0.9548 0.0102 
 697      697   (0)      7 :  0.0022 0.0030 0.9856 0.0092 
 698      698  (10)      7 :  0.0040 0.0020 0.9852 0.0088 
 699      699   (5)      7 :  0.0042 0.0038 0.9756 0.0164 
 700      700   (0)      7 :  0.0012 0.0020 0.9940 0.0028 
 701      701   (5)      7 :  0.0100 0.0040 0.9790 0.0070 
 702      702   (5)      7 :  0.0044 0.0032 0.9846 0.0078 
 703      703   (0)      7 :  0.0034 0.0020 0.9838 0.0108 
 704      704   (0)      7 :  0.0444 0.0046 0.9440 0.0070 
 705      705   (0)      7 :  0.0022 0.0020 0.9890 0.0068 
 706      706   (0)      7 :  0.0030 0.0042 0.9884 0.0044 
 707      707   (0)      7 :  0.0016 0.0020 0.9740 0.0224 
 708      708   (0)      7 :  0.0180 0.0020 0.9694 0.0106 
 709      709   (0)      7 :  0.0020 0.0048 0.9884 0.0048 
 710      710   (0)      7 :  0.0012 0.0020 0.9938 0.0030 
 711      711   (0)      7 :  0.0012 0.0020 0.9934 0.0034 
 712      712   (0)      7 :  0.0022 0.0020 0.9898 0.0060 
 713      713   (0)      7 :  0.0048 0.0050 0.9794 0.0108 
 714      714   (0)      7 :  0.0022 0.0080 0.9822 0.0076 
 715      715   (0)      7 :  0.0020 0.0066 0.9884 0.0030 
 716      716   (0)      7 :  0.0020 0.0032 0.9920 0.0028 
 717      717   (0)      7 :  0.0048 0.0030 0.9338 0.0584 
 718      718   (0)      7 :  0.0042 0.0078 0.9672 0.0208 
 719      719   (0)      7 :  0.0048 0.0030 0.9337 0.0586 
 720      720   (0)      7 :  0.0020 0.0028 0.9912 0.0040 
 721      721   (0)      7 :  0.0020 0.0030 0.9916 0.0034 
 722      722   (0)      7 :  0.0012 0.0020 0.9906 0.0062 
 723      723   (0)      7 :  0.0012 0.0010 0.9928 0.0050 
 724      724   (0)      7 :  0.0022 0.0010 0.9842 0.0126 
 725      725   (0)      7 :  0.0016 0.0020 0.9444 0.0520 
 726      726   (0)      7 :  0.0326 0.0020 0.8822 0.0832 
 727      727   (0)      7 :  0.0692 0.0040 0.9182 0.0086 
 728      728   (0)      7 :  0.0020 0.0020 0.9924 0.0036 
 729      729   (0)      7 :  0.0050 0.0114 0.9780 0.0056 
 730      730   (0)      7 :  0.0022 0.0020 0.9798 0.0160 
 731      731   (0)      7 :  0.0022 0.0176 0.9750 0.0052 
 732      732   (0)      7 :  0.0014 0.0020 0.9928 0.0038 
 733      733   (0)      7 :  0.0042 0.0030 0.9864 0.0064 
 734      734   (0)      7 :  0.0052 0.0020 0.9818 0.0110 
 735      735   (0)      7 :  0.0020 0.0040 0.9902 0.0038 
 736      736   (0)      7 :  0.0034 0.0020 0.9852 0.0094 
 737      737   (0)      7 :  0.0024 0.0010 0.9894 0.0072 
 738      738   (0)      7 :  0.0086 0.0022 0.9450 0.0442 
 739      739   (0)      7 :  0.0020 0.0020 0.9932 0.0028 
 740      740   (0)      7 :  0.0030 0.0020 0.9922 0.0028 
 741      741   (0)      7 :  0.0030 0.0020 0.9890 0.0060 
 742      742   (0)      7 :  0.0020 0.0028 0.9920 0.0032 
 743      743   (0)      7 :  0.0020 0.0020 0.9926 0.0034 
 744      744   (0)      7 :  0.0020 0.0020 0.9928 0.0032 
 745      745   (0)      7 :  0.0012 0.0022 0.9926 0.0040 
 746      746   (5)      8 :  0.0040 0.0058 0.9870 0.0032 
 747      747   (0)      8 :  0.0032 0.0052 0.9860 0.0056 
 748      748   (0)      8 :  0.0030 0.0040 0.9876 0.0054 
 749      749   (0)      8 :  0.0040 0.0032 0.9894 0.0034 
 750      750   (0)      8 :  0.0034 0.0020 0.9868 0.0078 
 751      751   (0)      8 :  0.1391 0.0126 0.8433 0.0050 
 752      752   (0)      8 :  0.0068 0.0040 0.9798 0.0094 
 753      753   (0)      8 :  0.0258 0.0040 0.9158 0.0544 
 754      754   (0)      8 :  0.0024 0.0058 0.9846 0.0072 
 755      755   (0)      8 :  0.0028 0.0020 0.9922 0.0030 
 756      756   (0)      8 :  0.0066 0.0020 0.9868 0.0046 
 757      757   (0)      8 :  0.0036 0.0020 0.9868 0.0076 
 758      758   (0)      8 :  0.0024 0.0030 0.9856 0.0090 
 759      759   (0)      8 :  0.0020 0.0022 0.9928 0.0030 
 760      760   (0)      8 :  0.0080 0.0032 0.9288 0.0600 
 761      761   (0)      8 :  0.0012 0.0020 0.9914 0.0054 
 762      762   (0)      8 :  0.0020 0.0034 0.9914 0.0032 
 763      763   (0)      8 :  0.0038 0.0020 0.9914 0.0028 
 764      764   (0)      8 :  0.0020 0.0022 0.9928 0.0030 
 765      765   (0)      8 :  0.0054 0.0052 0.9832 0.0062 
 766      766   (0)      8 :  0.0148 0.0058 0.8753 0.1041 
 767      767   (0)      8 :  0.0030 0.0444 0.9492 0.0034 
 768      768   (0)      8 :  0.0022 0.0056 0.9852 0.0070 
 769      769   (0)      8 :  0.0026 0.0052 0.9836 0.0086 
 770      770   (0)      8 :  0.0284 0.0020 0.9672 0.0024 
 771      771   (0)      8 :  0.0022 0.0078 0.9852 0.0048 
 772      772   (0)      8 :  0.0024 0.0216 0.9654 0.0106 
 773      773   (0)      8 :  0.0034 0.0064 0.9860 0.0042 
 774      774   (0)      8 :  0.0044 0.0020 0.9816 0.0120 
 775      775   (0)      8 :  0.0060 0.0050 0.9866 0.0024 
 776      776   (0)      8 :  0.0852 0.0028 0.8786 0.0334 
 777      777  (10)      8 :  0.0022 0.0040 0.9894 0.0044 
 778      778   (5)      8 :  0.0032 0.0020 0.9790 0.0158 
 779      779   (0)      8 :  0.0168 0.0158 0.8865 0.0809 
 780      780   (0)      8 :  0.0036 0.0030 0.9912 0.0022 
 781      781   (0)      8 :  0.0066 0.0034 0.9814 0.0086 
 782      782   (0)      8 :  0.0034 0.0020 0.9878 0.0068 
 783      783   (0)      8 :  0.0112 0.0032 0.9504 0.0352 
 784      784   (0)      8 :  0.0020 0.0040 0.9904 0.0036 
 785      785   (0)      8 :  0.0124 0.0020 0.9804 0.0052 
 786      786   (0)      8 :  0.0040 0.0058 0.9838 0.0064 
 787      787   (0)      8 :  0.0012 0.0088 0.9876 0.0024 
 788      788   (5)      8 :  0.0038 0.0136 0.9672 0.0154 
 789      789   (0)      8 :  0.0088 0.0044 0.9340 0.0528 
 790      790   (0)      8 :  0.0012 0.0052 0.9902 0.0034 
 791      791   (0)      8 :  0.0030 0.0042 0.9484 0.0444 
 792      792   (0)      8 :  0.0068 0.0050 0.9814 0.0068 
 793      793   (0)      8 :  0.0020 0.0076 0.9528 0.0376 
 794      794   (5)      8 :  0.0022 0.0696 0.7842 0.1440 
 795      795   (0)      8 :  0.0066 0.0512 0.9382 0.0040 
 796      796   (0)      8 :  0.0050 0.0020 0.9670 0.0260 
 797      797   (0)      8 :  0.0020 0.0298 0.9654 0.0028 
 798      798   (0)      8 :  0.0040 0.0086 0.9838 0.0036 
 799      799   (0)      8 :  0.0022 0.0030 0.9854 0.0094 
 800      800   (0)      8 :  0.0024 0.0020 0.9916 0.0040 
 801      801   (5)      8 :  0.0042 0.0040 0.9864 0.0054 
 802      802   (5)      8 :  0.0032 0.0774 0.9148 0.0046 
 803      803   (0)      8 :  0.0020 0.0058 0.9892 0.0030 
 804      804   (0)      8 :  0.0032 0.0314 0.9564 0.0090 
 805      805   (0)      8 :  0.0060 0.0058 0.9786 0.0096 
 806      806   (0)      8 :  0.0020 0.0020 0.9938 0.0022 
 807      807   (0)      8 :  0.0022 0.0034 0.9898 0.0046 
 808      808   (0)      8 :  0.0074 0.0210 0.9644 0.0072 
 809      809   (0)      8 :  0.0030 0.0284 0.9662 0.0024 
 810      810   (0)      8 :  0.0012 0.0076 0.9820 0.0092 
 811      811   (0)      8 :  0.0014 0.0220 0.9698 0.0068 
 812      812   (0)      8 :  0.0020 0.0040 0.9912 0.0028 
 813      813   (0)      8 :  0.0032 0.0144 0.9574 0.0250 
 814      814   (0)      9 :  0.0022 0.0020 0.9898 0.0060 
 815      815   (0)      9 :  0.0022 0.0020 0.9904 0.0054 
 816      816   (0)      9 :  0.0038 0.0030 0.9896 0.0036 
 817      817   (0)      9 :  0.0046 0.0020 0.9892 0.0042 
 818      818   (0)      9 :  0.0020 0.0030 0.9910 0.0040 
 819      819   (0)      9 :  0.0010 0.0040 0.9928 0.0022 
 820      820   (0)      9 :  0.0022 0.0020 0.9910 0.0048 
 821      821   (0)      9 :  0.0106 0.1410 0.8458 0.0026 
 822      822   (0)      9 :  0.0072 0.0068 0.9790 0.0070 
 823      823   (0)      9 :  0.0036 0.0062 0.9846 0.0056 
 824      824   (0)      9 :  0.0022 0.0030 0.9918 0.0030 
 825      825   (0)      9 :  0.0042 0.0022 0.9854 0.0082 
 826      826   (0)      9 :  0.0028 0.0062 0.9890 0.0020 
 827      827   (0)      9 :  0.0022 0.0022 0.9898 0.0058 
 828      828   (0)      9 :  0.0070 0.0028 0.9880 0.0022 
 829      829   (0)      9 :  0.0020 0.0030 0.9922 0.0028 
 830      830   (0)      9 :  0.0024 0.0056 0.9878 0.0042 
 831      831   (0)      9 :  0.0030 0.0302 0.9632 0.0036 
 832      832   (0)      9 :  0.0020 0.0038 0.9922 0.0020 
 833      833   (0)      9 :  0.0020 0.0032 0.9906 0.0042 
 834      834   (0)      9 :  0.0022 0.0044 0.9872 0.0062 
 835      835   (0)      9 :  0.0034 0.0034 0.9780 0.0152 
 836      836   (0)      9 :  0.0024 0.0010 0.9888 0.0078 
 837      837   (0)      9 :  0.0024 0.0032 0.9784 0.0160 
 838      838   (0)      9 :  0.0020 0.0022 0.9896 0.0062 
 839      839   (0)      9 :  0.0122 0.0032 0.9822 0.0024 
 840      840   (0)      9 :  0.0020 0.0032 0.9920 0.0028 
 841      841   (0)      9 :  0.0108 0.0020 0.9826 0.0046 
 842      842   (0)      9 :  0.0140 0.0022 0.9812 0.0026 
 843      843   (0)      9 :  0.0054 0.0098 0.9770 0.0078 
 844      844   (0)      9 :  0.0038 0.0020 0.9872 0.0070 
 845      845   (0)     10 :  0.0020 0.0050 0.9904 0.0026 
 846      846   (0)     10 :  0.0038 0.0028 0.9906 0.0028 
 847      847   (0)     10 :  0.0054 0.0236 0.9616 0.0094 
 848      848   (0)     10 :  0.0032 0.0040 0.9866 0.0062 
 849      849   (0)     10 :  0.0036 0.0038 0.9888 0.0038 
 850      850   (0)     10 :  0.0012 0.0030 0.9924 0.0034 
 851      851   (0)     10 :  0.0030 0.0068 0.9854 0.0048 
 852      852   (0)     10 :  0.0020 0.0020 0.9938 0.0022 
 853      853   (0)     10 :  0.0022 0.0020 0.9918 0.0040 
 854      854   (0)     10 :  0.0050 0.0058 0.9842 0.0050 
 855      855   (0)     10 :  0.0038 0.0040 0.9892 0.0030 
 856      856   (0)     10 :  0.0038 0.0022 0.9914 0.0026 
 857      857   (0)     10 :  0.0048 0.0020 0.9886 0.0046 
 858      858   (0)     10 :  0.0032 0.0042 0.9866 0.0060 
 859      859   (0)     10 :  0.0028 0.0044 0.9758 0.0170 
 860      860   (0)     10 :  0.0048 0.0022 0.9886 0.0044 
 861      861   (0)     10 :  0.0042 0.0022 0.9894 0.0042 
 862      862   (0)     10 :  0.0032 0.0030 0.9894 0.0044 
 863      863   (0)     10 :  0.0022 0.0106 0.9830 0.0042 
 864      864   (0)     10 :  0.0020 0.0030 0.9918 0.0032 
 865      865   (0)     10 :  0.0032 0.0038 0.9846 0.0084 
 866      866   (0)     10 :  0.0030 0.0052 0.9876 0.0042 
 867      867   (0)     10 :  0.0086 0.0022 0.9864 0.0028 
 868      868   (0)     10 :  0.0142 0.0022 0.9782 0.0054 
 869      869   (0)     10 :  0.0024 0.0042 0.9848 0.0086 
 870      870   (0)     10 :  0.0030 0.0020 0.9914 0.0036 
 871      871   (0)     10 :  0.0022 0.0034 0.9868 0.0076 
 872      872   (0)     10 :  0.0020 0.0030 0.9928 0.0022 
 873      873   (0)     10 :  0.0020 0.0010 0.9950 0.0020 
 874      874   (0)     10 :  0.0046 0.0020 0.9912 0.0022 
 875      875   (0)     10 :  0.0034 0.0040 0.9752 0.0174 
 876      876   (0)     10 :  0.0058 0.0022 0.9878 0.0042 
 877      877   (0)     10 :  0.0018 0.0048 0.9778 0.0156 
 878      878   (0)     10 :  0.0034 0.0032 0.9852 0.0082 
 879      879   (0)     10 :  0.0024 0.0020 0.9922 0.0034 
 880      880   (0)     10 :  0.0040 0.0020 0.9904 0.0036 
 881      881   (0)     10 :  0.0052 0.0128 0.9632 0.0188 
 882      882   (0)     10 :  0.0062 0.0052 0.9808 0.0078 
 883      883   (0)     10 :  0.0068 0.0022 0.9870 0.0040 
 884      884   (0)     10 :  0.0020 0.0216 0.9732 0.0032 
 885      885   (0)     10 :  0.0038 0.0020 0.9764 0.0178 
 886      886   (0)     10 :  0.0022 0.0040 0.9886 0.0052 
 887      887   (0)     10 :  0.0040 0.0050 0.9870 0.0040 
 888      888   (0)     10 :  0.0020 0.0022 0.9936 0.0022 
 889      889   (0)     10 :  0.0034 0.0022 0.9912 0.0032 
 890      890   (0)     10 :  0.0042 0.0038 0.9872 0.0048 
 891      891   (0)     10 :  0.0038 0.0062 0.9736 0.0164 
 892      892   (0)     10 :  0.0176 0.0032 0.9188 0.0604 
 893      893   (0)     10 :  0.0078 0.0142 0.9670 0.0110 
 894      894   (0)     10 :  0.0046 0.0022 0.9828 0.0104 
 895      895   (0)     10 :  0.0020 0.0020 0.9938 0.0022 
 896      896   (0)     10 :  0.0036 0.0022 0.9906 0.0036 
 897      897   (0)     10 :  0.0032 0.0044 0.9888 0.0036 
 898      898   (0)     10 :  0.0046 0.0060 0.9818 0.0076 
 899      899   (0)     10 :  0.0030 0.0084 0.9848 0.0038 
 900      900   (0)     10 :  0.0042 0.0020 0.9888 0.0050 
 901      901   (0)     10 :  0.0038 0.0298 0.9634 0.0030 
 902      902   (0)     10 :  0.0032 0.0036 0.9846 0.0086 
 903      903   (0)     10 :  0.0012 0.0022 0.9918 0.0048 
 904      904   (0)     10 :  0.0030 0.0042 0.9890 0.0038 
 905      905   (0)     10 :  0.0042 0.0042 0.9870 0.0046 
 906      906   (0)     10 :  0.0154 0.0030 0.9774 0.0042 
 907      907   (0)     10 :  0.0116 0.0030 0.9708 0.0146 
 908      908   (0)     10 :  0.0038 0.0472 0.9446 0.0044 
 909      909   (0)     10 :  0.0064 0.0090 0.9814 0.0032 
 910      910   (0)     10 :  0.0022 0.0034 0.9860 0.0084 
 911      911   (0)     10 :  0.0054 0.0022 0.9880 0.0044 
 912      912   (0)     10 :  0.0024 0.0114 0.9786 0.0076 
 913      913   (0)     10 :  0.0012 0.0010 0.9924 0.0054 
 914      914   (0)     10 :  0.0020 0.0040 0.9920 0.0020 
 915      915   (0)     10 :  0.0022 0.0042 0.9836 0.0100 
 916      916   (0)     10 :  0.0024 0.0060 0.9836 0.0080 
 917      917   (0)     10 :  0.0020 0.0020 0.9876 0.0084 
 918      918   (0)     10 :  0.0054 0.0030 0.9892 0.0024 
 919      919   (0)     10 :  0.0012 0.0022 0.9942 0.0024 
 920      920   (0)     10 :  0.0026 0.0042 0.9898 0.0034 
 921      921   (0)     10 :  0.0020 0.0020 0.9882 0.0078 
 922      922   (0)     10 :  0.0022 0.0012 0.9922 0.0044 
 923      923   (0)     10 :  0.0172 0.0020 0.9782 0.0026 
 924      924   (0)     10 :  0.0020 0.0032 0.9920 0.0028 
 925      925   (0)     10 :  0.0094 0.0088 0.9782 0.0036 
 926      926   (0)     10 :  0.0048 0.0020 0.9898 0.0034 
 927      927   (0)     10 :  0.0040 0.0216 0.9650 0.0094 
 928      928   (0)     10 :  0.0022 0.0020 0.9926 0.0032 
 929      929   (0)     10 :  0.0062 0.0134 0.9754 0.0050 
 930      930   (0)     10 :  0.0030 0.0032 0.9916 0.0022 
 931      931   (0)     10 :  0.0036 0.0062 0.9832 0.0070 
 932      932   (0)     10 :  0.0022 0.0020 0.9904 0.0054 
 933      933   (0)     10 :  0.0026 0.0020 0.9826 0.0128 
 934      934   (0)     10 :  0.0052 0.0114 0.9774 0.0060 
 935      935   (0)     10 :  0.0036 0.0020 0.9922 0.0022 
 936      936   (0)     10 :  0.0026 0.0020 0.9860 0.0094 
 937      937   (0)     10 :  0.0022 0.0208 0.9726 0.0044 
 938      938   (0)     10 :  0.0022 0.0020 0.9924 0.0034 
 939      939   (0)     10 :  0.0012 0.0020 0.9916 0.0052 
 940      940   (0)     10 :  0.0028 0.0020 0.9928 0.0024 
 941      941   (0)     10 :  0.0048 0.0012 0.9910 0.0030 
 942      942   (0)     10 :  0.0036 0.0030 0.9570 0.0364 
 943      943   (0)     10 :  0.0030 0.0030 0.9894 0.0046 
 944      944   (0)     10 :  0.0038 0.0028 0.9892 0.0042 
 945      945   (0)     10 :  0.0082 0.0024 0.9664 0.0230 
 946      946   (0)     10 :  0.0038 0.0020 0.9916 0.0026 
 947      947   (0)     10 :  0.0020 0.0020 0.9934 0.0026 
 948      948   (0)     10 :  0.0020 0.0020 0.9918 0.0042 
 949      949   (0)     10 :  0.0030 0.0082 0.9718 0.0170 
 950      950   (0)     10 :  0.0036 0.0024 0.9874 0.0066 
 951      951   (0)     10 :  0.0020 0.0022 0.9926 0.0032 
 952      952   (0)     10 :  0.0032 0.0030 0.9884 0.0054 
 953      953   (0)     10 :  0.0024 0.0106 0.9780 0.0090 
 954      954   (0)     10 :  0.0020 0.0020 0.9930 0.0030 
 955      955   (0)     10 :  0.0030 0.0795 0.9127 0.0048 
 956      956   (0)     10 :  0.0550 0.0030 0.9006 0.0414 
 957      957   (0)     10 :  0.0022 0.0082 0.9846 0.0050 
 958      958   (0)     10 :  0.0030 0.0030 0.9904 0.0036 
 959      959   (0)     10 :  0.0038 0.0048 0.9884 0.0030 
 960      960   (0)     10 :  0.0028 0.0036 0.9908 0.0028 
 961      961   (0)     10 :  0.0024 0.0084 0.9802 0.0090 
 962      962   (0)     10 :  0.0054 0.0040 0.9706 0.0200 
 963      963   (0)     10 :  0.0032 0.0022 0.9902 0.0044 
 964      964   (0)     10 :  0.0042 0.0028 0.9870 0.0060 
 965      965   (0)     10 :  0.0074 0.0020 0.9854 0.0052 
 966      966   (0)     10 :  0.0030 0.0018 0.9916 0.0036 
 967      967   (0)     10 :  0.0012 0.0032 0.9928 0.0028 
 968      968   (0)     10 :  0.0086 0.0046 0.9820 0.0048 
 969      969   (0)     10 :  0.0020 0.0020 0.9932 0.0028 
 970      970   (0)     11 :  0.0042 0.0030 0.9890 0.0038 
 971      971   (0)     11 :  0.0056 0.0230 0.9682 0.0032 
 972      972   (0)     11 :  0.0042 0.0032 0.9870 0.0056 
 973      973   (0)     11 :  0.0024 0.0066 0.9816 0.0094 
 974      974   (0)     11 :  0.0020 0.0030 0.9920 0.0030 
 975      975   (0)     11 :  0.0072 0.0138 0.9758 0.0032 
 976      976   (0)     11 :  0.0076 0.0170 0.9740 0.0014 
 977      977   (0)     11 :  0.0732 0.0020 0.9218 0.0030 
 978      978   (0)     11 :  0.0184 0.0062 0.9692 0.0062 
 979      979   (0)     11 :  0.0158 0.0070 0.9486 0.0286 
 980      980   (0)     11 :  0.0028 0.0040 0.9908 0.0024 
 981      981   (0)     11 :  0.0022 0.0046 0.9726 0.0206 
 982      982   (0)     11 :  0.0020 0.0050 0.9904 0.0026 
 983      983   (0)     11 :  0.0046 0.0060 0.9858 0.0036 
 984      984   (0)     11 :  0.0062 0.0030 0.9878 0.0030 
 985      985  (10)     11 :  0.0040 0.0054 0.9864 0.0042 
 986      986   (0)     11 :  0.0054 0.0042 0.9528 0.0376 
 987      987   (0)     11 :  0.0332 0.0182 0.9422 0.0064 
 988      988   (0)     11 :  0.0024 0.0058 0.9862 0.0056 
 989      989   (0)     11 :  0.0040 0.2289 0.7615 0.0056 
 990      990   (5)     11 :  0.0064 0.0080 0.9832 0.0024 
 991      991   (0)     11 :  0.0032 0.0030 0.9882 0.0056 
 992      992   (0)     11 :  0.0028 0.0108 0.9848 0.0016 
 993      993   (0)     11 :  0.0384 0.0705 0.8833 0.0078 
 994      994   (0)     11 :  0.0088 0.0042 0.9834 0.0036 
 995      995   (0)     11 :  0.0022 0.0030 0.9898 0.0050 
 996      996   (0)     11 :  0.0046 0.0020 0.9804 0.0130 
 997      997   (5)     11 :  0.0020 0.0460 0.9496 0.0024 
 998      998   (0)     11 :  0.0118 0.0038 0.9782 0.0062 
 999      999   (0)     11 :  0.0046 0.0038 0.9886 0.0030 
1000     1000   (0)     11 :  0.0056 0.0196 0.9720 0.0028 
1001     1001   (0)     11 :  0.0038 0.0020 0.9858 0.0084 
1002     1002   (0)     11 :  0.0034 0.0024 0.9890 0.0052 
1003     1003   (0)     11 :  0.0024 0.0034 0.9826 0.0116 
1004     1004   (0)     11 :  0.0022 0.0028 0.9914 0.0036 
1005     1005   (0)     11 :  0.0018 0.0040 0.9892 0.0050 
1006     1006   (0)     11 :  0.0016 0.0144 0.9818 0.0022 
1007     1007   (5)     11 :  0.0036 0.0032 0.9842 0.0090 
1008     1008   (0)     11 :  0.0020 0.0052 0.9818 0.0110 
1009     1009   (0)     11 :  0.0038 0.0046 0.9888 0.0028 
1010     1010   (0)     11 :  0.0012 0.0032 0.9916 0.0040 
1011     1011   (5)     11 :  0.0300 0.0040 0.9630 0.0030 
1012     1012   (5)     11 :  0.0020 0.0274 0.9662 0.0044 
1013     1013  (10)     11 :  0.0032 0.0044 0.9872 0.0052 
1014     1014   (5)     11 :  0.0022 0.0364 0.9502 0.0112 
1015     1015   (5)     11 :  0.0020 0.0020 0.9922 0.0038 
1016     1016   (5)     11 :  0.0048 0.0020 0.9880 0.0052 
1017     1017   (5)     11 :  0.0038 0.0696 0.9226 0.0040 
1018     1018   (5)     11 :  0.0024 0.0034 0.9862 0.0080 
1019     1019  (10)     11 :  0.0020 0.0030 0.9918 0.0032 
1020     1020   (5)     11 :  0.0096 0.0138 0.9696 0.0070 
1021     1021   (5)     11 :  0.0030 0.0020 0.9924 0.0026 
1022     1022   (5)     11 :  0.0038 0.0098 0.9764 0.0100 
1023     1023   (0)     12 :  0.0030 0.0128 0.9800 0.0042 
1024     1024   (0)     12 :  0.0020 0.0038 0.9914 0.0028 
1025     1025   (0)     12 :  0.0128 0.0062 0.9786 0.0024 
1026     1026   (0)     12 :  0.0046 0.0020 0.9908 0.0026 
1027     1027   (0)     12 :  0.0030 0.0030 0.9908 0.0032 
1028     1028   (0)     12 :  0.0064 0.0020 0.9882 0.0034 
1029     1029   (0)     12 :  0.0024 0.0044 0.9892 0.0040 
1030     1030   (0)     12 :  0.0020 0.0204 0.9720 0.0056 
1031     1031   (0)     12 :  0.0028 0.0080 0.9588 0.0304 
1032     1032   (0)     12 :  0.0022 0.0030 0.9906 0.0042 
1033     1033   (0)     12 :  0.0064 0.0040 0.9824 0.0072 
1034     1034   (0)     12 :  0.0036 0.0128 0.9822 0.0014 
1035     1035   (0)     12 :  0.0020 0.0020 0.9930 0.0030 
1036     1036   (0)     12 :  0.0290 0.0114 0.9572 0.0024 
1037     1037   (0)     12 :  0.0020 0.0598 0.9360 0.0022 
1038     1038   (0)     12 :  0.0030 0.0030 0.9872 0.0068 
1039     1039   (0)     12 :  0.0028 0.0060 0.9880 0.0032 
1040     1040   (0)     12 :  0.0028 0.0020 0.9938 0.0014 
1041     1041   (0)     12 :  0.0022 0.0038 0.9902 0.0038 
1042     1042   (0)     12 :  0.0046 0.0250 0.9656 0.0048 
1043     1043   (0)     12 :  0.0028 0.0070 0.9880 0.0022 
1044     1044   (0)     12 :  0.0020 0.0020 0.9932 0.0028 
1045     1045   (0)     12 :  0.0030 0.0148 0.9792 0.0030 
1046     1046   (0)     12 :  0.0042 0.0100 0.9786 0.0072 
1047     1047   (0)     12 :  0.0062 0.0030 0.9858 0.0050 
1048     1048   (0)     12 :  0.0010 0.0030 0.9936 0.0024 
1049     1049   (0)     12 :  0.0020 0.0020 0.9938 0.0022 
1050     1050   (0)     12 :  0.0028 0.0142 0.9802 0.0028 
1051     1051   (0)     12 :  0.0032 0.0030 0.9896 0.0042 
1052     1052   (0)     12 :  0.0066 0.0058 0.9850 0.0026 
1053     1053   (0)     12 :  0.0020 0.0030 0.9572 0.0378 
1054     1054   (0)     12 :  0.0046 0.0056 0.9872 0.0026 
1055     1055   (0)     12 :  0.0060 0.0132 0.9724 0.0084 
1056     1056   (0)     12 :  0.0020 0.0060 0.9894 0.0026 
1057     1057   (0)     12 :  0.0138 0.0020 0.9804 0.0038 
1058     1058   (0)     12 :  0.0028 0.0114 0.9836 0.0022 
1059     1059   (0)     12 :  0.0062 0.0030 0.9884 0.0024 
1060     1060   (0)     12 :  0.0122 0.0158 0.9690 0.0030 
1061     1061   (0)     12 :  0.0020 0.0038 0.9912 0.0030 
1062     1062   (0)     12 :  0.0028 0.0028 0.9922 0.0022 
1063     1063   (0)     12 :  0.0030 0.0158 0.9776 0.0036 
1064     1064   (0)     12 :  0.0032 0.0078 0.9824 0.0066 
1065     1065   (0)     12 :  0.0020 0.0056 0.9890 0.0034 
1066     1066   (0)     12 :  0.0072 0.0020 0.9886 0.0022 
1067     1067   (0)     12 :  0.0046 0.0058 0.9744 0.0152 
1068     1068   (0)     12 :  0.0116 0.0200 0.9656 0.0028 
1069     1069   (0)     12 :  0.0028 0.0030 0.9920 0.0022 
1070     1070   (0)     12 :  0.0020 0.0034 0.9874 0.0072 
1071     1071   (0)     12 :  0.0054 0.0048 0.9870 0.0028 
1072     1072   (0)     12 :  0.0020 0.0030 0.9896 0.0054 
1073     1073   (0)     12 :  0.0030 0.0284 0.9658 0.0028 
1074     1074   (0)     12 :  0.0024 0.0020 0.9870 0.0086 
1075     1075   (0)     12 :  0.0022 0.0020 0.9912 0.0046 
1076     1076   (0)     12 :  0.0172 0.0192 0.9588 0.0048 
1077     1077   (0)     12 :  0.0020 0.0212 0.9738 0.0030 
1078     1078   (0)     12 :  0.0196 0.0258 0.9470 0.0076 
1079     1079   (0)     12 :  0.0032 0.0110 0.9800 0.0058 
1080     1080   (0)     12 :  0.0120 0.0020 0.9776 0.0084 
1081     1081   (0)     12 :  0.0034 0.0456 0.9456 0.0054 
1082     1082   (0)     12 :  0.0054 0.0160 0.9762 0.0024 
1083     1083   (0)     12 :  0.0050 0.0020 0.9906 0.0024 
1084     1084   (0)     12 :  0.0032 0.0122 0.9792 0.0054 
1085     1085   (0)     12 :  0.0032 0.0086 0.9820 0.0062 
1086     1086   (0)     12 :  0.0066 0.0098 0.9590 0.0246 
1087     1087   (0)     12 :  0.0064 0.0020 0.9894 0.0022 
1088     1088   (0)     12 :  0.0020 0.0020 0.9936 0.0024 
1089     1089   (0)     12 :  0.0054 0.0076 0.9842 0.0028 
1090     1090   (0)     12 :  0.0132 0.0030 0.9804 0.0034 
1091     1091   (0)     12 :  0.0032 0.0120 0.9712 0.0136 
1092     1092   (0)     12 :  0.0108 0.0324 0.9496 0.0072 
1093     1093   (0)     12 :  0.0020 0.0112 0.9844 0.0024 
1094     1094   (0)     12 :  0.0036 0.0050 0.9900 0.0014 
1095     1095   (0)     12 :  0.0036 0.0022 0.9726 0.0216 
1096     1096   (0)     12 :  0.0020 0.0022 0.9930 0.0028 
1097     1097   (0)     12 :  0.0030 0.0336 0.9602 0.0032 
1098     1098   (0)     12 :  0.0024 0.0204 0.9732 0.0040 
1099     1099   (0)     12 :  0.0046 0.0040 0.9890 0.0024 
1100     1100   (0)     12 :  0.0018 0.0030 0.9938 0.0014 
1101     1101   (0)     12 :  0.0020 0.0032 0.9726 0.0222 
1102     1102   (0)     12 :  0.0026 0.1791 0.8083 0.0100 
1103     1103   (0)     12 :  0.0054 0.0026 0.9810 0.0110 
1104     1104   (0)     12 :  0.0038 0.0176 0.9760 0.0026 
1105     1105   (0)     12 :  0.0028 0.0916 0.9026 0.0030 
1106     1106   (0)     12 :  0.0052 0.0066 0.9836 0.0046 
1107     1107   (0)     12 :  0.0020 0.0126 0.9828 0.0026 
1108     1108   (0)     12 :  0.0150 0.0066 0.9722 0.0062 
1109     1109   (0)     12 :  0.0022 0.0030 0.9908 0.0040 
1110     1110   (0)     12 :  0.0040 0.0022 0.9882 0.0056 
1111     1111   (0)     12 :  0.0028 0.0020 0.9930 0.0022 
1112     1112   (0)     12 :  0.0012 0.0038 0.9912 0.0038 
1113     1113   (0)     12 :  0.0282 0.0054 0.9602 0.0062 
1114     1114   (0)     12 :  0.0022 0.0040 0.9900 0.0038 
1115     1115   (0)     12 :  0.0062 0.0556 0.9310 0.0072 
1116     1116   (0)     12 :  0.0022 0.0020 0.9924 0.0034 
1117     1117   (0)     12 :  0.0030 0.0020 0.9912 0.0038 
1118     1118   (0)     12 :  0.0024 0.0074 0.9768 0.0134 
1119     1119   (0)     12 :  0.0046 0.0040 0.9878 0.0036 
1120     1120   (0)     12 :  0.0070 0.0028 0.9880 0.0022 
1121     1121   (0)     12 :  0.0040 0.0110 0.9812 0.0038 
1122     1122   (0)     12 :  0.0020 0.0096 0.9848 0.0036 
1123     1123   (0)     12 :  0.0068 0.0132 0.9766 0.0034 
1124     1124   (0)     12 :  0.0038 0.0144 0.9780 0.0038 
1125     1125   (0)     12 :  0.0052 0.0306 0.9580 0.0062 
1126     1126   (0)     12 :  0.0048 0.0030 0.9882 0.0040 
1127     1127   (0)     12 :  0.0020 0.0130 0.9792 0.0058 
1128     1128   (0)     12 :  0.0030 0.0148 0.9784 0.0038 
1129     1129   (0)     12 :  0.0020 0.0030 0.9918 0.0032 
1130     1130   (0)     12 :  0.0080 0.0194 0.9616 0.0110 
1131     1131   (0)     12 :  0.0020 0.0048 0.9902 0.0030 
1132     1132   (0)     12 :  0.0036 0.0052 0.9888 0.0024 
1133     1133   (0)     12 :  0.0020 0.0034 0.9916 0.0030 
1134     1134   (0)     12 :  0.0020 0.0020 0.9930 0.0030 
1135     1135   (0)     12 :  0.0034 0.0270 0.9612 0.0084 
1136     1136   (0)     12 :  0.0012 0.0020 0.9908 0.0060 
1137     1137   (0)     12 :  0.0044 0.0142 0.9422 0.0392 
1138     1138   (0)     12 :  0.0022 0.0042 0.9896 0.0040 
1139     1139   (0)     12 :  0.0088 0.0352 0.9450 0.0110 
1140     1140   (0)     12 :  0.0036 0.0162 0.9770 0.0032 
1141     1141   (0)     12 :  0.0028 0.0997 0.8943 0.0032 
1142     1142   (0)     12 :  0.0318 0.0152 0.9490 0.0040 
1143     1143   (0)     12 :  0.0020 0.0062 0.9888 0.0030 
1144     1144   (0)     12 :  0.0130 0.0020 0.9818 0.0032 
1145     1145   (0)     12 :  0.0032 0.0024 0.9894 0.0050 
1146     1146   (0)     12 :  0.0020 0.0054 0.9820 0.0106 
1147     1147   (0)     12 :  0.0022 0.0022 0.9924 0.0032 
1148     1148   (5)     13 :  0.1990 0.0020 0.0042 0.7948 
1149     1149   (0)     13 :  0.1960 0.0022 0.0084 0.7934 
1150     1150   (0)     13 :  0.1974 0.0022 0.0034 0.7970 
1151     1151   (0)     13 :  0.2050 0.0134 0.0228 0.7588 
1152     1152   (0)     13 :  0.1996 0.0010 0.0022 0.7972 
1153     1153   (0)     13 :  0.1924 0.0032 0.0112 0.7932 
1154     1154   (0)     13 :  0.1978 0.0012 0.0026 0.7984 
1155     1155   (0)     13 :  0.1998 0.0020 0.0026 0.7956 
1156     1156   (0)     13 :  0.1986 0.0036 0.0022 0.7956 
1157     1157   (0)     13 :  0.1994 0.0020 0.0028 0.7958 
1158     1158   (0)     13 :  0.1994 0.0010 0.0014 0.7982 
1159     1159   (0)     13 :  0.2000 0.0020 0.0022 0.7958 
1160     1160   (0)     13 :  0.1994 0.0020 0.0030 0.7956 
1161     1161   (5)     13 :  0.1992 0.0012 0.0014 0.7982 
1162     1162   (0)     13 :  0.1976 0.0012 0.0034 0.7978 
1163     1163   (0)     13 :  0.1980 0.0012 0.0024 0.7984 
1164     1164   (0)     13 :  0.1990 0.0068 0.0026 0.7916 
1165     1165   (0)     13 :  0.2006 0.0010 0.0024 0.7960 
1166     1166   (0)     13 :  0.2012 0.0020 0.0020 0.7948 
1167     1167   (0)     13 :  0.1984 0.0020 0.0028 0.7968 
1168     1168   (0)     13 :  0.1994 0.0010 0.0022 0.7974 
1169     1169   (0)     13 :  0.1998 0.0028 0.0024 0.7950 
1170     1170   (0)     13 :  0.1996 0.0010 0.0022 0.7972 
1171     1171   (0)     13 :  0.1998 0.0010 0.0012 0.7980 
1172     1172   (0)     13 :  0.2000 0.0010 0.0012 0.7978 
1173     1173   (0)     13 :  0.1996 0.0020 0.0020 0.7964 
1174     1174   (0)     13 :  0.1982 0.0012 0.0028 0.7978 
1175     1175   (0)     13 :  0.1998 0.0010 0.0012 0.7980 
1176     1176   (0)     14 :  0.1996 0.0010 0.0014 0.7980 
1177     1177   (0)     14 :  0.1992 0.0014 0.0030 0.7964 
1178     1178   (0)     14 :  0.2002 0.0012 0.0020 0.7966 
1179     1179   (0)     14 :  0.1994 0.0012 0.0014 0.7980 
1180     1180   (0)     14 :  0.2018 0.0120 0.0052 0.7810 
1181     1181   (0)     14 :  0.2000 0.0020 0.0020 0.7960 
1182     1182   (0)     14 :  0.1986 0.0012 0.0028 0.7974 
1183     1183   (0)     14 :  0.1984 0.0010 0.0028 0.7978 
1184     1184   (0)     14 :  0.2002 0.0012 0.0020 0.7966 
1185     1185   (0)     14 :  0.2002 0.0012 0.0022 0.7964 
1186     1186   (0)     14 :  0.1990 0.0012 0.0026 0.7972 
1187     1187   (0)     14 :  0.1990 0.0036 0.0038 0.7936 
1188     1188   (0)     14 :  0.1988 0.0022 0.0024 0.7966 
1189     1189   (0)     14 :  0.1992 0.0010 0.0014 0.7984 
1190     1190   (0)     14 :  0.2004 0.0010 0.0022 0.7964 
1191     1191   (0)     14 :  0.1978 0.0012 0.0026 0.7984 
1192     1192   (0)     14 :  0.1990 0.0010 0.0028 0.7972 
1193     1193   (0)     14 :  0.1882 0.0032 0.0122 0.7964 
1194     1194   (0)     14 :  0.2008 0.0020 0.0028 0.7944 
1195     1195   (0)     14 :  0.1996 0.0010 0.0014 0.7980 
1196     1196   (0)     14 :  0.1992 0.0012 0.0012 0.7984 
1197     1197   (0)     14 :  0.1982 0.0022 0.0032 0.7964 
1198     1198   (0)     14 :  0.1990 0.0012 0.0026 0.7972 
1199     1199   (0)     14 :  0.2016 0.0076 0.0126 0.7782 
1200     1200   (0)     14 :  0.1994 0.0012 0.0014 0.7980 
1201     1201   (0)     14 :  0.1996 0.0022 0.0022 0.7960 
1202     1202   (0)     14 :  0.1994 0.0030 0.0040 0.7936 
1203     1203   (0)     14 :  0.1998 0.0020 0.0022 0.7960 
1204     1204   (0)     14 :  0.1992 0.0014 0.0014 0.7980 
1205     1205   (0)     14 :  0.1996 0.0010 0.0014 0.7980 
1206     1206   (0)     14 :  0.1994 0.0012 0.0014 0.7980 
1207     1207   (0)     14 :  0.1984 0.0012 0.0030 0.7974 
1208     1208   (0)     14 :  0.1990 0.0020 0.0026 0.7964 
1209     1209   (0)     14 :  0.1990 0.0022 0.0022 0.7966 
1210     1210   (0)     14 :  0.1988 0.0010 0.0026 0.7976 
1211     1211   (0)     14 :  0.1994 0.0020 0.0022 0.7964 
1212     1212   (0)     14 :  0.2000 0.0010 0.0012 0.7978 
1213     1213   (0)     14 :  0.2026 0.0028 0.0036 0.7910 
1214     1214   (0)     14 :  0.1988 0.0024 0.0014 0.7974 
1215     1215   (0)     14 :  0.1998 0.0020 0.0026 0.7956 
1216     1216   (0)     14 :  0.1976 0.0042 0.0036 0.7946 
1217     1217   (0)     14 :  0.2002 0.0020 0.0022 0.7956 
1218     1218   (0)     14 :  0.2006 0.0010 0.0022 0.7962 
1219     1219   (0)     14 :  0.1982 0.0122 0.0034 0.7862 
1220     1220   (0)     14 :  0.2002 0.0020 0.0012 0.7966 
1221     1221   (0)     14 :  0.1988 0.0012 0.0024 0.7976 
1222     1222   (0)     14 :  0.2000 0.0012 0.0022 0.7966 
1223     1223   (0)     14 :  0.2002 0.0020 0.0022 0.7956 
1224     1224   (0)     14 :  0.1990 0.0012 0.0020 0.7978 
1225     1225   (0)     14 :  0.1986 0.0010 0.0024 0.7980 
1226     1226   (0)     14 :  0.1976 0.0034 0.0022 0.7968 
1227     1227   (0)     14 :  0.1996 0.0010 0.0014 0.7980 
1228     1228   (0)     14 :  0.1976 0.0020 0.0034 0.7970 
1229     1229   (0)     14 :  0.1952 0.0080 0.0048 0.7920 
1230     1230   (0)     14 :  0.1992 0.0010 0.0022 0.7976 
1231     1231   (0)     14 :  0.1914 0.0038 0.0082 0.7966 
1232     1232   (0)     14 :  0.1996 0.0020 0.0026 0.7958 
1233     1233   (0)     14 :  0.1992 0.0022 0.0014 0.7972 
1234     1234   (0)     14 :  0.1994 0.0012 0.0014 0.7980 
1235     1235   (0)     14 :  0.2008 0.0020 0.0032 0.7940 
1236     1236   (0)     14 :  0.2002 0.0020 0.0036 0.7942 
1237     1237   (0)     14 :  0.2008 0.0020 0.0022 0.7950 
1238     1238   (0)     14 :  0.1994 0.0010 0.0022 0.7974 
1239     1239   (0)     14 :  0.1988 0.0010 0.0030 0.7972 
1240     1240   (0)     14 :  0.1988 0.0020 0.0024 0.7968 
1241     1241   (0)     14 :  0.1994 0.0020 0.0014 0.7972 
1242     1242   (0)     14 :  0.2002 0.0020 0.0022 0.7956 
1243     1243   (0)     14 :  0.1990 0.0022 0.0016 0.7972 
1244     1244   (0)     14 :  0.1992 0.0012 0.0024 0.7972 
1245     1245   (0)     14 :  0.1998 0.0028 0.0032 0.7942 
1246     1246   (0)     14 :  0.2004 0.0030 0.0026 0.7940 
1247     1247   (0)     14 :  0.1978 0.0020 0.0048 0.7954 
1248     1248   (0)     14 :  0.1994 0.0020 0.0014 0.7972 
1249     1249   (0)     14 :  0.1992 0.0014 0.0024 0.7970 
1250     1250   (0)     14 :  0.2004 0.0010 0.0022 0.7964 
1251     1251   (0)     14 :  0.1998 0.0010 0.0012 0.7980 
1252     1252   (0)     14 :  0.1958 0.0012 0.0034 0.7996 
1253     1253   (0)     14 :  0.2000 0.0020 0.0024 0.7956 
1254     1254   (0)     14 :  0.1984 0.0012 0.0028 0.7976 
1255     1255   (0)     14 :  0.1998 0.0020 0.0022 0.7960 
1256     1256   (0)     14 :  0.1984 0.0010 0.0030 0.7976 
1257     1257   (0)     14 :  0.2006 0.0020 0.0024 0.7950 
1258     1258   (0)     14 :  0.1994 0.0028 0.0036 0.7942 
1259     1259   (0)     14 :  0.1998 0.0020 0.0024 0.7958 
1260     1260   (0)     14 :  0.1978 0.0022 0.0034 0.7966 
1261     1261   (0)     14 :  0.1974 0.0012 0.0038 0.7976 
1262     1262   (0)     14 :  0.1994 0.0010 0.0022 0.7974 
1263     1263   (0)     14 :  0.1996 0.0010 0.0014 0.7980 
1264     1264   (0)     14 :  0.1996 0.0010 0.0014 0.7980 
1265     1265   (0)     14 :  0.1998 0.0028 0.0030 0.7944 
1266     1266   (0)     14 :  0.1996 0.0010 0.0014 0.7980 
1267     1267   (0)     14 :  0.2010 0.0028 0.0022 0.7940 
1268     1268   (0)     14 :  0.1996 0.0020 0.0024 0.7960 
1269     1269   (0)     14 :  0.2006 0.0030 0.0024 0.7940 
1270     1270   (0)     14 :  0.1994 0.0012 0.0012 0.7982 
1271     1271   (0)     14 :  0.1974 0.0012 0.0038 0.7976 
1272     1272   (0)     14 :  0.1968 0.0012 0.0044 0.7976 
1273     1273   (0)     14 :  0.2000 0.0010 0.0026 0.7964 
1274     1274   (0)     14 :  0.1994 0.0012 0.0026 0.7968 
1275     1275   (0)     14 :  0.1988 0.0010 0.0032 0.7970 
1276     1276   (0)     14 :  0.1970 0.0034 0.0026 0.7970 
1277     1277   (0)     14 :  0.1992 0.0012 0.0024 0.7972 
1278     1278   (0)     14 :  0.1992 0.0020 0.0028 0.7960 
1279     1279   (0)     14 :  0.2000 0.0012 0.0022 0.7966 
1280     1280   (0)     14 :  0.1986 0.0012 0.0024 0.7978 
1281     1281   (0)     14 :  0.1992 0.0534 0.0036 0.7438 
1282     1282   (0)     14 :  0.1954 0.0020 0.0076 0.7950 
1283     1283   (0)     14 :  0.1984 0.0012 0.0046 0.7958 
1284     1284   (0)     14 :  0.1942 0.0020 0.0042 0.7996 
1285     1285   (0)     14 :  0.1996 0.0012 0.0026 0.7966 
1286     1286   (0)     14 :  0.1984 0.0010 0.0030 0.7976 
1287     1287   (0)     14 :  0.1976 0.0020 0.0052 0.7952 
1288     1288   (0)     14 :  0.2008 0.0048 0.0012 0.7932 
1289     1289   (0)     14 :  0.1998 0.0010 0.0012 0.7980 
1290     1290   (0)     14 :  0.1992 0.0022 0.0022 0.7964 
1291     1291   (0)     14 :  0.2018 0.0120 0.0038 0.7824 
1292     1292   (0)     14 :  0.1990 0.0012 0.0014 0.7984 
1293     1293   (0)     14 :  0.1986 0.0012 0.0028 0.7974 
1294     1294   (0)     14 :  0.2002 0.0020 0.0020 0.7958 
1295     1295   (0)     14 :  0.1998 0.0020 0.0024 0.7958 
1296     1296   (0)     14 :  0.1984 0.0020 0.0048 0.7948 
1297     1297   (0)     14 :  0.1988 0.0012 0.0028 0.7972 
1298     1298   (0)     14 :  0.1994 0.0010 0.0024 0.7972 
1299     1299   (0)     14 :  0.2018 0.0028 0.0048 0.7906 
1300     1300   (0)     14 :  0.1992 0.0012 0.0014 0.7982 
1301     1301   (0)     14 :  0.1992 0.0010 0.0022 0.7976 
1302     1302   (0)     14 :  0.1986 0.0040 0.0024 0.7950 
1303     1303   (0)     14 :  0.2004 0.0012 0.0020 0.7964 
1304     1304   (0)     14 :  0.1964 0.0020 0.0086 0.7930 
1305     1305   (0)     14 :  0.1994 0.0020 0.0022 0.7964 
1306     1306   (0)     14 :  0.1996 0.0020 0.0024 0.7960 
1307     1307   (0)     14 :  0.1992 0.0010 0.0022 0.7976 
1308     1308   (0)     14 :  0.1996 0.0012 0.0012 0.7980 
1309     1309   (0)     14 :  0.2002 0.0012 0.0022 0.7964 
1310     1310   (0)     14 :  0.1968 0.0012 0.0038 0.7982 
1311     1311   (0)     14 :  0.1998 0.0010 0.0012 0.7980 
1312     1312   (0)     14 :  0.1988 0.0032 0.0032 0.7948 
1313     1313   (0)     14 :  0.1996 0.0010 0.0014 0.7980 
1314     1314   (0)     14 :  0.1992 0.0020 0.0022 0.7966 
1315     1315   (0)     14 :  0.1986 0.0012 0.0024 0.7978 
1316     1316   (0)     14 :  0.2002 0.0010 0.0024 0.7964 
1317     1317   (0)     14 :  0.1994 0.0020 0.0022 0.7964 
1318     1318   (0)     14 :  0.1996 0.0012 0.0024 0.7968 
1319     1319   (0)     14 :  0.1992 0.0020 0.0022 0.7966 
1320     1320   (0)     14 :  0.1990 0.0010 0.0026 0.7974 
1321     1321   (0)     14 :  0.2004 0.0020 0.0020 0.7956 
1322     1322   (0)     14 :  0.1992 0.0012 0.0022 0.7974 
1323     1323   (0)     14 :  0.1992 0.0022 0.0022 0.7964 
1324     1324   (0)     14 :  0.1998 0.0020 0.0024 0.7958 
1325     1325   (0)     14 :  0.1986 0.0010 0.0030 0.7974 
1326     1326   (0)     14 :  0.2002 0.0020 0.0072 0.7906 
1327     1327   (0)     14 :  0.2000 0.0010 0.0022 0.7968 
1328     1328   (0)     14 :  0.1988 0.0012 0.0024 0.7976 
1329     1329   (0)     14 :  0.2000 0.0030 0.0034 0.7936 
1330     1330   (0)     14 :  0.1990 0.0012 0.0024 0.7974 
1331     1331   (0)     14 :  0.1968 0.0020 0.0024 0.7988 
1332     1332   (0)     14 :  0.1998 0.0010 0.0012 0.7980 
1333     1333   (0)     14 :  0.2002 0.0020 0.0022 0.7956 
1334     1334   (0)     14 :  0.1974 0.0118 0.0162 0.7746 
1335     1335   (0)     14 :  0.1996 0.0036 0.0034 0.7934 
1336     1336   (0)     14 :  0.1992 0.0012 0.0022 0.7974 
1337     1337   (0)     14 :  0.2028 0.0036 0.0064 0.7872 
1338     1338   (0)     14 :  0.1996 0.0010 0.0014 0.7980 
1339     1339   (0)     14 :  0.1996 0.0020 0.0024 0.7960 
1340     1340   (0)     14 :  0.1980 0.0012 0.0022 0.7986 
1341     1341   (0)     14 :  0.1996 0.0010 0.0028 0.7966 
1342     1342   (0)     14 :  0.2008 0.0010 0.0012 0.7970 
1343     1343   (0)     14 :  0.1998 0.0012 0.0024 0.7966 
1344     1344   (0)     14 :  0.1974 0.0022 0.0030 0.7974 
1345     1345   (0)     14 :  0.1996 0.0010 0.0014 0.7980 
1346     1346   (0)     14 :  0.1990 0.0012 0.0026 0.7972 
1347     1347   (0)     14 :  0.1996 0.0010 0.0012 0.7982 
1348     1348   (0)     14 :  0.1990 0.0012 0.0022 0.7976 
1349     1349   (0)     14 :  0.2022 0.0026 0.0020 0.7932 
1350     1350   (0)     14 :  0.1996 0.0020 0.0032 0.7952 
1351     1351   (0)     14 :  0.2014 0.0010 0.0020 0.7956 
1352     1352   (0)     14 :  0.2000 0.0030 0.0022 0.7948 
1353     1353   (0)     14 :  0.1998 0.0010 0.0026 0.7966 
1354     1354   (0)     14 :  0.1996 0.0026 0.0012 0.7966 
1355     1355   (0)     14 :  0.1934 0.0022 0.0086 0.7958 
1356     1356   (0)     14 :  0.1992 0.0016 0.0016 0.7976 
1357     1357   (0)     14 :  0.1992 0.0010 0.0026 0.7972 
1358     1358   (0)     14 :  0.1996 0.0012 0.0014 0.7978 
1359     1359   (0)     14 :  0.1950 0.0024 0.0062 0.7964 
1360     1360   (0)     14 :  0.1980 0.0046 0.0026 0.7948 
1361     1361   (0)     14 :  0.2000 0.0020 0.0022 0.7958 
1362     1362   (0)     14 :  0.1988 0.0024 0.0024 0.7964 
1363     1363   (0)     14 :  0.1974 0.0034 0.0052 0.7940 
1364     1364   (0)     14 :  0.1988 0.0012 0.0026 0.7974 
1365     1365   (0)     14 :  0.1986 0.0012 0.0028 0.7974 
1366     1366   (0)     14 :  0.1948 0.0020 0.0048 0.7984 
1367     1367   (0)     14 :  0.1964 0.0020 0.0026 0.7990 
1368     1368   (0)     14 :  0.1994 0.0020 0.0014 0.7972 
1369     1369   (0)     14 :  0.1980 0.0020 0.0034 0.7966 
1370     1370   (0)     14 :  0.1992 0.0052 0.0022 0.7934 
1371     1371   (0)     14 :  0.2000 0.0012 0.0024 0.7964 
1372     1372   (0)     14 :  0.1978 0.0010 0.0054 0.7958 
1373     1373   (0)     14 :  0.1976 0.0024 0.0028 0.7972 
1374     1374   (0)     14 :  0.2018 0.0020 0.0030 0.7932 
1375     1375   (0)     14 :  0.1982 0.0012 0.0024 0.7982 
1376     1376   (0)     14 :  0.1992 0.0012 0.0018 0.7978 
1377     1377   (0)     14 :  0.1992 0.0012 0.0024 0.7972 
1378     1378   (0)     14 :  0.1990 0.0010 0.0020 0.7980 
1379     1379   (0)     14 :  0.1978 0.0030 0.0032 0.7960 
1380     1380   (0)     14 :  0.1990 0.0048 0.0012 0.7950 
1381     1381   (0)     14 :  0.1982 0.0010 0.0034 0.7974 
1382     1382   (0)     14 :  0.1990 0.0020 0.0034 0.7956 
1383     1383   (0)     14 :  0.1980 0.0034 0.0028 0.7958 
1384     1384   (0)     14 :  0.1984 0.0030 0.0028 0.7958 
1385     1385   (0)     14 :  0.1994 0.0012 0.0014 0.7980 
1386     1386   (0)     14 :  0.1988 0.0012 0.0032 0.7968 
1387     1387   (0)     14 :  0.1998 0.0010 0.0012 0.7980 
1388     1388   (0)     14 :  0.1992 0.0020 0.0022 0.7966 
1389     1389   (0)     14 :  0.1982 0.0012 0.0026 0.7980 
1390     1390   (0)     14 :  0.1990 0.0010 0.0026 0.7974 
1391     1391   (0)     14 :  0.1980 0.0012 0.0034 0.7974 
1392     1392   (0)     14 :  0.2006 0.0010 0.0012 0.7972 
1393     1393   (0)     14 :  0.1990 0.0020 0.0032 0.7958 
1394     1394   (0)     14 :  0.1994 0.0028 0.0036 0.7942 
1395     1395   (0)     14 :  0.1998 0.0012 0.0014 0.7976 
1396     1396   (0)     14 :  0.2002 0.0024 0.0022 0.7952 
1397     1397   (0)     14 :  0.2004 0.0020 0.0020 0.7956 
1398     1398   (0)     14 :  0.1984 0.0020 0.0034 0.7962 
1399     1399   (0)     14 :  0.1984 0.0028 0.0044 0.7944 
1400     1400   (0)     14 :  0.1992 0.0010 0.0026 0.7972 
1401     1401   (0)     14 :  0.1990 0.0022 0.0014 0.7974 
1402     1402   (0)     14 :  0.2004 0.0010 0.0022 0.7964 
1403     1403   (0)     14 :  0.1994 0.0012 0.0014 0.7980 
1404     1404   (0)     14 :  0.2000 0.0030 0.0014 0.7956 
1405     1405   (0)     14 :  0.1952 0.0022 0.0048 0.7978 
1406     1406   (0)     14 :  0.1974 0.0022 0.0034 0.7970 
1407     1407   (0)     14 :  0.1996 0.0010 0.0014 0.7980 
1408     1408   (0)     14 :  0.1984 0.0012 0.0026 0.7978 
1409     1409   (0)     14 :  0.1990 0.0010 0.0024 0.7976 
1410     1410   (0)     14 :  0.1992 0.0012 0.0022 0.7974 
1411     1411   (0)     14 :  0.1998 0.0020 0.0024 0.7958 
1412     1412   (0)     14 :  0.1992 0.0010 0.0014 0.7984 
1413     1413   (0)     14 :  0.1988 0.0012 0.0026 0.7974 
1414     1414   (0)     14 :  0.2016 0.0020 0.0022 0.7942 
1415     1415   (0)     14 :  0.2000 0.0012 0.0022 0.7966 
1416     1416   (0)     14 :  0.1996 0.0086 0.0096 0.7822 
1417     1417   (0)     14 :  0.1990 0.0010 0.0024 0.7976 
1418     1418   (0)     14 :  0.2002 0.0020 0.0020 0.7958 
1419     1419   (0)     14 :  0.1992 0.0020 0.0022 0.7966 
1420     1420   (0)     14 :  0.2000 0.0020 0.0022 0.7958 
1421     1421   (0)     14 :  0.1992 0.0020 0.0036 0.7952 
1422     1422   (0)     14 :  0.1992 0.0022 0.0022 0.7964 
1423     1423   (0)     14 :  0.1980 0.0022 0.0040 0.7958 
1424     1424   (0)     14 :  0.1978 0.0038 0.0026 0.7958 
1425     1425   (0)     14 :  0.1994 0.0012 0.0014 0.7980 
1426     1426   (0)     14 :  0.1982 0.0012 0.0032 0.7974 
1427     1427   (0)     14 :  0.1994 0.0010 0.0024 0.7972 
1428     1428   (0)     14 :  0.1982 0.0012 0.0022 0.7984 
1429     1429   (0)     14 :  0.1986 0.0012 0.0026 0.7976 
1430     1430   (0)     14 :  0.2006 0.0010 0.0020 0.7964 
1431     1431   (0)     14 :  0.1990 0.0020 0.0034 0.7956 
1432     1432   (0)     14 :  0.1996 0.0012 0.0012 0.7980 
1433     1433   (0)     14 :  0.1758 0.0040 0.0254 0.7948 
1434     1434   (0)     14 :  0.2000 0.0010 0.0022 0.7968 
1435     1435   (0)     14 :  0.1988 0.0022 0.0034 0.7956 
1436     1436   (0)     14 :  0.1998 0.0010 0.0012 0.7980 
1437     1437   (0)     14 :  0.1990 0.0012 0.0022 0.7976 
1438     1438   (0)     14 :  0.1986 0.0026 0.0022 0.7966 
1439     1439   (0)     14 :  0.1992 0.0030 0.0028 0.7950 
1440     1440   (0)     14 :  0.1998 0.0022 0.0024 0.7956 
1441     1441   (0)     14 :  0.1986 0.0012 0.0026 0.7976 
1442     1442   (0)     14 :  0.1994 0.0020 0.0034 0.7952 
1443     1443   (0)     14 :  0.1986 0.0048 0.0044 0.7922 
1444     1444   (0)     14 :  0.2004 0.0010 0.0022 0.7964 
1445     1445   (0)     14 :  0.1996 0.0010 0.0014 0.7980 
1446     1446   (0)     14 :  0.1988 0.0012 0.0026 0.7974 
1447     1447   (0)     14 :  0.1976 0.0030 0.0022 0.7972 
1448     1448   (0)     14 :  0.1966 0.0020 0.0056 0.7958 
1449     1449   (0)     14 :  0.2002 0.0020 0.0022 0.7956 
1450     1450   (0)     14 :  0.1990 0.0020 0.0036 0.7954 
1451     1451   (0)     14 :  0.1994 0.0030 0.0024 0.7952 
1452     1452   (0)     14 :  0.1992 0.0010 0.0024 0.7974 
1453     1453   (0)     14 :  0.1994 0.0012 0.0014 0.7980 
1454     1454   (0)     14 :  0.1986 0.0012 0.0026 0.7976 
1455     1455   (0)     14 :  0.2008 0.0020 0.0022 0.7950 
1456     1456   (0)     14 :  0.1998 0.0030 0.0024 0.7948 
1457     1457   (0)     14 :  0.1966 0.0020 0.0042 0.7972 
1458     1458   (0)     14 :  0.1986 0.0022 0.0026 0.7966 
1459     1459   (0)     14 :  0.1994 0.0010 0.0014 0.7982 
1460     1460   (0)     14 :  0.2002 0.0088 0.0032 0.7878 
1461     1461   (0)     14 :  0.1990 0.0032 0.0026 0.7952 
1462     1462   (0)     14 :  0.1998 0.0010 0.0012 0.7980 
1463     1463   (0)     14 :  0.1994 0.0010 0.0016 0.7980 
1464     1464   (0)     14 :  0.1998 0.0010 0.0012 0.7980 
1465     1465   (0)     14 :  0.1998 0.0020 0.0022 0.7960 
1466     1466   (0)     14 :  0.1998 0.0010 0.0012 0.7980 
1467     1467   (0)     14 :  0.1992 0.0012 0.0022 0.7974 
1468     1468   (0)     14 :  0.1994 0.0012 0.0014 0.7980 
1469     1469   (0)     14 :  0.1992 0.0012 0.0024 0.7972 
1470     1470   (0)     14 :  0.1980 0.0012 0.0032 0.7976 
1471     1471   (0)     14 :  0.1996 0.0010 0.0014 0.7980 
1472     1472   (0)     14 :  0.2004 0.0010 0.0022 0.7964 
1473     1473   (0)     14 :  0.1978 0.0012 0.0028 0.7982 
1474     1474   (0)     14 :  0.1984 0.0024 0.0024 0.7968 
1475     1475   (0)     14 :  0.2050 0.0020 0.0028 0.7902 
1476     1476   (5)     15 :  0.0012 0.9956 0.0012 0.0020 
1477     1477   (0)     15 :  0.0010 0.9950 0.0020 0.0020 
1478     1478   (0)     15 :  0.0020 0.9906 0.0038 0.0036 
1479     1479   (0)     15 :  0.0010 0.9958 0.0020 0.0012 
1480     1480   (5)     15 :  0.0026 0.9820 0.0062 0.0092 
1481     1481   (0)     15 :  0.0010 0.9968 0.0010 0.0012 
1482     1482   (0)     15 :  0.0020 0.9952 0.0010 0.0018 
1483     1483   (0)     15 :  0.0016 0.9948 0.0020 0.0016 
1484     1484   (0)     15 :  0.0020 0.9938 0.0020 0.0022 
1485     1485   (0)     15 :  0.0020 0.9950 0.0010 0.0020 
1486     1486   (0)     15 :  0.0010 0.9958 0.0020 0.0012 
1487     1487   (0)     15 :  0.0012 0.9954 0.0020 0.0014 
1488     1488   (5)     15 :  0.0020 0.9940 0.0028 0.0012 
1489     1489   (0)     15 :  0.0010 0.9960 0.0010 0.0020 
1490     1490   (0)     15 :  0.0020 0.9948 0.0020 0.0012 
1491     1491   (0)     15 :  0.0010 0.9970 0.0010 0.0010 
1492     1492   (0)     15 :  0.0018 0.9940 0.0030 0.0012 
1493     1493   (0)     15 :  0.0012 0.9948 0.0018 0.0022 
1494     1494   (0)     15 :  0.0022 0.9914 0.0026 0.0038 
1495     1495   (0)     15 :  0.0022 0.9830 0.0098 0.0050 
1496     1496   (0)     15 :  0.0018 0.9948 0.0020 0.0014 
1497     1497   (0)     15 :  0.0010 0.9950 0.0020 0.0020 
1498     1498   (0)     15 :  0.0022 0.9858 0.0060 0.0060 
1499     1499   (0)     15 :  0.0040 0.9890 0.0038 0.0032 
1500     1500   (0)     15 :  0.0010 0.9960 0.0010 0.0020 
1501     1501   (0)     15 :  0.0022 0.9884 0.0038 0.0056 
1502     1502   (0)     15 :  0.0010 0.9958 0.0020 0.0012 
1503     1503   (0)     16 :  0.0010 0.9966 0.0010 0.0014 
1504     1504   (0)     16 :  0.0020 0.9960 0.0010 0.0010 
1505     1505   (0)     16 :  0.0020 0.9934 0.0020 0.0026 
1506     1506   (0)     16 :  0.0010 0.9962 0.0010 0.0018 
1507     1507   (0)     16 :  0.0020 0.9938 0.0020 0.0022 
1508     1508   (0)     16 :  0.0032 0.9910 0.0030 0.0028 
1509     1509   (0)     16 :  0.0010 0.9968 0.0012 0.0010 
1510     1510   (0)     16 :  0.0010 0.9958 0.0020 0.0012 
1511     1511   (0)     16 :  0.0020 0.9948 0.0020 0.0012 
1512     1512   (0)     16 :  0.0020 0.9938 0.0020 0.0022 
1513     1513   (0)     16 :  0.0012 0.9940 0.0020 0.0028 
1514     1514   (0)     16 :  0.0010 0.9956 0.0020 0.0014 
1515     1515   (0)     16 :  0.0020 0.9926 0.0030 0.0024 
1516     1516   (0)     16 :  0.0020 0.9938 0.0020 0.0022 
1517     1517   (0)     16 :  0.0020 0.9936 0.0020 0.0024 
1518     1518   (0)     16 :  0.0020 0.9940 0.0020 0.0020 
1519     1519   (0)     16 :  0.0018 0.9960 0.0012 0.0010 
1520     1520   (0)     16 :  0.0010 0.9960 0.0018 0.0012 
1521     1521   (0)     16 :  0.0010 0.9958 0.0018 0.0014 
1522     1522   (0)     16 :  0.0020 0.9920 0.0030 0.0030 
1523     1523   (0)     16 :  0.0020 0.9910 0.0040 0.0030 
1524     1524   (0)     16 :  0.0010 0.9956 0.0020 0.0014 
1525     1525   (0)     16 :  0.0010 0.9968 0.0010 0.0012 
1526     1526   (0)     16 :  0.0022 0.9930 0.0020 0.0028 
1527     1527   (0)     16 :  0.0064 0.9884 0.0028 0.0024 
1528     1528   (0)     16 :  0.0044 0.9712 0.0060 0.0184 
1529     1529   (0)     16 :  0.0028 0.9922 0.0028 0.0022 
1530     1530   (0)     16 :  0.0022 0.9928 0.0022 0.0028 
1531     1531   (0)     16 :  0.0020 0.9940 0.0020 0.0020 
1532     1532   (0)     16 :  0.0018 0.9952 0.0018 0.0012 
1533     1533   (0)     16 :  0.0010 0.9952 0.0020 0.0018 
1534     1534   (0)     16 :  0.0022 0.9902 0.0030 0.0046 
1535     1535   (0)     16 :  0.0020 0.9948 0.0020 0.0012 
1536     1536   (0)     16 :  0.0020 0.9936 0.0030 0.0014 
1537     1537   (0)     16 :  0.0010 0.9946 0.0028 0.0016 
1538     1538   (0)     16 :  0.0014 0.9910 0.0038 0.0038 
1539     1539   (0)     16 :  0.0012 0.9946 0.0020 0.0022 
1540     1540   (0)     16 :  0.0018 0.9950 0.0020 0.0012 
1541     1541   (0)     16 :  0.0028 0.9938 0.0020 0.0014 
1542     1542   (0)     16 :  0.0020 0.9930 0.0026 0.0024 
1543     1543   (0)     16 :  0.0010 0.9958 0.0020 0.0012 
1544     1544   (0)     16 :  0.0010 0.9958 0.0018 0.0014 
1545     1545   (0)     16 :  0.0014 0.9944 0.0020 0.0022 
1546     1546   (0)     16 :  0.0010 0.9958 0.0020 0.0012 
1547     1547   (0)     16 :  0.0020 0.9948 0.0020 0.0012 
1548     1548   (0)     16 :  0.0010 0.9960 0.0020 0.0010 
1549     1549   (0)     16 :  0.0020 0.9922 0.0030 0.0028 
1550     1550   (0)     16 :  0.0010 0.9960 0.0018 0.0012 
1551     1551   (0)     16 :  0.0020 0.9946 0.0020 0.0014 
1552     1552   (0)     16 :  0.0020 0.9940 0.0020 0.0020 
1553     1553   (0)     16 :  0.0018 0.9950 0.0020 0.0012 
1554     1554   (0)     16 :  0.0012 0.9914 0.0040 0.0034 
1555     1555   (0)     16 :  0.0010 0.9958 0.0020 0.0012 
1556     1556   (0)     16 :  0.0022 0.9908 0.0030 0.0040 
1557     1557   (0)     16 :  0.0012 0.9932 0.0030 0.0026 
1558     1558   (0)     16 :  0.0012 0.9938 0.0020 0.0030 
1559     1559   (0)     16 :  0.0022 0.9906 0.0028 0.0044 
1560     1560   (0)     16 :  0.0020 0.9924 0.0034 0.0022 
1561     1561   (0)     16 :  0.0022 0.9922 0.0020 0.0036 
1562     1562   (0)     16 :  0.0028 0.9918 0.0028 0.0026 
1563     1563   (0)     16 :  0.0020 0.9934 0.0020 0.0026 
1564     1564   (0)     16 :  0.0020 0.9948 0.0018 0.0014 
1565     1565   (0)     16 :  0.0020 0.9924 0.0030 0.0026 
1566     1566   (0)     16 :  0.0020 0.9938 0.0020 0.0022 
1567     1567   (0)     16 :  0.0020 0.9948 0.0020 0.0012 
1568     1568   (0)     16 :  0.0012 0.9948 0.0020 0.0020 
1569     1569   (0)     16 :  0.0010 0.9970 0.0010 0.0010 
1570     1570   (0)     16 :  0.0010 0.9958 0.0020 0.0012 
1571     1571   (0)     16 :  0.0010 0.9958 0.0020 0.0012 
1572     1572   (0)     16 :  0.0010 0.9962 0.0016 0.0012 
1573     1573   (0)     16 :  0.0010 0.9968 0.0010 0.0012 
1574     1574   (0)     16 :  0.0010 0.9950 0.0020 0.0020 
1575     1575   (0)     16 :  0.0022 0.9892 0.0038 0.0048 
1576     1576   (0)     16 :  0.0020 0.9948 0.0020 0.0012 
1577     1577   (0)     16 :  0.0018 0.9940 0.0028 0.0014 
1578     1578   (0)     16 :  0.0028 0.9950 0.0010 0.0012 
1579     1579   (0)     16 :  0.0012 0.9946 0.0020 0.0022 
1580     1580   (0)     16 :  0.0022 0.9926 0.0024 0.0028 
1581     1581   (0)     16 :  0.0012 0.9946 0.0020 0.0022 
1582     1582   (0)     16 :  0.0012 0.9946 0.0020 0.0022 
1583     1583   (0)     16 :  0.0018 0.9950 0.0020 0.0012 
1584     1584   (0)     16 :  0.0012 0.9948 0.0020 0.0020 
1585     1585   (0)     16 :  0.0020 0.9940 0.0020 0.0020 
1586     1586   (0)     16 :  0.0010 0.9958 0.0020 0.0012 
1587     1587   (0)     16 :  0.0010 0.9956 0.0020 0.0014 
1588     1588   (0)     16 :  0.0020 0.9938 0.0030 0.0012 
1589     1589   (0)     16 :  0.0012 0.9946 0.0020 0.0022 
1590     1590   (0)     16 :  0.0020 0.9948 0.0020 0.0012 
1591     1591   (0)     16 :  0.0020 0.9946 0.0020 0.0014 
1592     1592   (0)     16 :  0.0020 0.9910 0.0036 0.0034 
1593     1593   (0)     16 :  0.0020 0.9940 0.0020 0.0020 
1594     1594   (0)     16 :  0.0032 0.9918 0.0020 0.0030 
1595     1595   (0)     16 :  0.0020 0.9936 0.0020 0.0024 
1596     1596   (0)     16 :  0.0010 0.9956 0.0020 0.0014 
1597     1597   (0)     16 :  0.0020 0.9940 0.0020 0.0020 
1598     1598   (0)     16 :  0.0010 0.9948 0.0020 0.0022 
1599     1599   (0)     16 :  0.0010 0.9940 0.0028 0.0022 
1600     1600   (0)     16 :  0.0020 0.9938 0.0020 0.0022 
1601     1601   (0)     16 :  0.0010 0.9928 0.0038 0.0024 
1602     1602   (0)     16 :  0.0020 0.9940 0.0020 0.0020 
1603     1603   (0)     16 :  0.0022 0.9912 0.0028 0.0038 
1604     1604   (0)     16 :  0.0012 0.9936 0.0026 0.0026 
1605     1605   (0)     16 :  0.0010 0.9958 0.0020 0.0012 
1606     1606   (0)     16 :  0.0030 0.9930 0.0020 0.0020 
1607     1607   (0)     16 :  0.0020 0.9946 0.0020 0.0014 
1608     1608   (0)     16 :  0.0010 0.9970 0.0010 0.0010 
1609     1609   (0)     16 :  0.0012 0.9958 0.0010 0.0020 
1610     1610   (0)     16 :  0.0022 0.9898 0.0030 0.0050 
1611     1611   (0)     16 :  0.0010 0.9956 0.0020 0.0014 
1612     1612   (0)     16 :  0.0010 0.9970 0.0010 0.0010 
1613     1613   (0)     16 :  0.0014 0.9922 0.0040 0.0024 
1614     1614   (0)     16 :  0.0010 0.9958 0.0020 0.0012 
1615     1615   (0)     16 :  0.0022 0.9932 0.0020 0.0026 
1616     1616   (0)     16 :  0.0022 0.9912 0.0034 0.0032 
1617     1617   (0)     16 :  0.0012 0.9948 0.0020 0.0020 
1618     1618   (0)     16 :  0.0020 0.9940 0.0020 0.0020 
1619     1619   (0)     16 :  0.0020 0.9940 0.0020 0.0020 
1620     1620   (0)     16 :  0.0018 0.9950 0.0020 0.0012 
1621     1621   (0)     16 :  0.0012 0.9948 0.0020 0.0020 
1622     1622   (0)     16 :  0.0012 0.9908 0.0030 0.0050 
1623     1623   (0)     16 :  0.0010 0.9958 0.0020 0.0012 
1624     1624   (0)     16 :  0.0010 0.9968 0.0010 0.0012 
1625     1625   (0)     16 :  0.0020 0.9940 0.0020 0.0020 
1626     1626   (0)     16 :  0.0012 0.9944 0.0020 0.0024 
1627     1627   (0)     16 :  0.0022 0.9920 0.0020 0.0038 
1628     1628   (0)     16 :  0.0012 0.9936 0.0020 0.0032 
1629     1629   (0)     16 :  0.0020 0.9946 0.0020 0.0014 
1630     1630   (0)     16 :  0.0012 0.9946 0.0020 0.0022 
1631     1631   (0)     16 :  0.0010 0.9960 0.0018 0.0012 
1632     1632   (0)     16 :  0.0012 0.9930 0.0028 0.0030 
1633     1633   (0)     16 :  0.0010 0.9956 0.0020 0.0014 
1634     1634   (0)     16 :  0.0016 0.9952 0.0020 0.0012 
1635     1635   (0)     16 :  0.0020 0.9940 0.0020 0.0020 
1636     1636   (0)     16 :  0.0020 0.9938 0.0020 0.0022 
1637     1637   (0)     16 :  0.0012 0.9958 0.0018 0.0012 
1638     1638   (0)     16 :  0.0020 0.9938 0.0020 0.0022 
1639     1639   (0)     16 :  0.0020 0.9938 0.0020 0.0022 
1640     1640   (0)     16 :  0.0020 0.9932 0.0020 0.0028 
1641     1641   (0)     16 :  0.0012 0.9958 0.0010 0.0020 
1642     1642   (0)     16 :  0.0012 0.9948 0.0020 0.0020 
1643     1643   (0)     16 :  0.0012 0.9926 0.0038 0.0024 
1644     1644   (0)     16 :  0.0020 0.9938 0.0020 0.0022 
1645     1645   (0)     16 :  0.0028 0.9928 0.0030 0.0014 
1646     1646   (0)     16 :  0.0022 0.9930 0.0020 0.0028 
1647     1647   (0)     16 :  0.0012 0.9946 0.0020 0.0022 
1648     1648   (0)     16 :  0.0010 0.9960 0.0020 0.0010 
1649     1649   (0)     16 :  0.0012 0.9946 0.0020 0.0022 
1650     1650   (0)     16 :  0.0010 0.9956 0.0020 0.0014 
1651     1651   (0)     16 :  0.0018 0.9948 0.0020 0.0014 
1652     1652   (0)     16 :  0.0010 0.9970 0.0010 0.0010 
1653     1653   (0)     16 :  0.0010 0.9950 0.0020 0.0020 
1654     1654   (0)     16 :  0.0020 0.9958 0.0010 0.0012 
1655     1655   (0)     16 :  0.0012 0.9948 0.0018 0.0022 
1656     1656   (0)     16 :  0.0020 0.9946 0.0020 0.0014 
1657     1657   (0)     16 :  0.0020 0.9940 0.0020 0.0020 
1658     1658   (0)     16 :  0.0022 0.9926 0.0020 0.0032 
1659     1659   (0)     16 :  0.0010 0.9960 0.0018 0.0012 
1660     1660   (0)     16 :  0.0020 0.9940 0.0020 0.0020 
1661     1661   (0)     16 :  0.0010 0.9968 0.0010 0.0012 
1662     1662   (0)     16 :  0.0032 0.9892 0.0030 0.0046 
1663     1663   (0)     16 :  0.0020 0.9948 0.0020 0.0012 
1664     1664   (0)     16 :  0.0020 0.9930 0.0020 0.0030 
1665     1665   (0)     16 :  0.0010 0.9950 0.0020 0.0020 
1666     1666   (0)     16 :  0.0020 0.9940 0.0020 0.0020 
1667     1667   (0)     16 :  0.0010 0.9958 0.0020 0.0012 
1668     1668   (0)     16 :  0.0072 0.9876 0.0030 0.0022 
1669     1669   (0)     16 :  0.0020 0.9948 0.0020 0.0012 
1670     1670   (0)     16 :  0.0030 0.9932 0.0018 0.0020 
1671     1671   (0)     16 :  0.0020 0.9946 0.0020 0.0014 
1672     1672   (0)     16 :  0.0028 0.9932 0.0020 0.0020 
1673     1673   (0)     16 :  0.0010 0.9968 0.0010 0.0012 
1674     1674   (0)     16 :  0.0018 0.9940 0.0028 0.0014 
1675     1675   (0)     16 :  0.0020 0.9940 0.0020 0.0020 
1676     1676   (0)     16 :  0.0010 0.9952 0.0020 0.0018 
1677     1677   (0)     16 :  0.0028 0.9942 0.0010 0.0020 
1678     1678   (0)     16 :  0.0012 0.9896 0.0060 0.0032 
1679     1679   (0)     16 :  0.0010 0.9958 0.0020 0.0012 
1680     1680   (0)     16 :  0.0010 0.9960 0.0020 0.0010 
1681     1681   (0)     16 :  0.0010 0.9960 0.0010 0.0020 
1682     1682   (0)     16 :  0.0020 0.9940 0.0020 0.0020 
1683     1683   (0)     16 :  0.0024 0.9904 0.0028 0.0044 
1684     1684   (0)     16 :  0.0032 0.9904 0.0030 0.0034 
1685     1685   (0)     16 :  0.0012 0.9926 0.0038 0.0024 
1686     1686   (0)     16 :  0.0022 0.9930 0.0020 0.0028 
1687     1687   (0)     16 :  0.0020 0.9940 0.0020 0.0020 
1688     1688   (0)     16 :  0.0018 0.9960 0.0010 0.0012 
1689     1689   (0)     16 :  0.0010 0.9970 0.0010 0.0010 
1690     1690   (0)     16 :  0.0020 0.9918 0.0030 0.0032 
1691     1691   (0)     16 :  0.0012 0.9948 0.0020 0.0020 
1692     1692   (0)     16 :  0.0020 0.9948 0.0020 0.0012 
1693     1693   (0)     16 :  0.0012 0.9948 0.0020 0.0020 
1694     1694   (0)     16 :  0.0020 0.9948 0.0020 0.0012 
1695     1695   (0)     16 :  0.0020 0.9918 0.0030 0.0032 
1696     1696   (0)     16 :  0.0022 0.9930 0.0020 0.0028 
1697     1697   (0)     16 :  0.0020 0.9942 0.0018 0.0020 
1698     1698   (0)     16 :  0.0020 0.9938 0.0020 0.0022 
1699     1699   (0)     16 :  0.0018 0.9950 0.0020 0.0012 
1700     1700   (0)     16 :  0.0012 0.9926 0.0040 0.0022 
1701     1701   (0)     16 :  0.0020 0.9936 0.0020 0.0024 
1702     1702   (0)     16 :  0.0020 0.9906 0.0038 0.0036 
1703     1703   (0)     16 :  0.0022 0.9928 0.0020 0.0030 
1704     1704   (0)     16 :  0.0012 0.9946 0.0020 0.0022 
1705     1705   (0)     16 :  0.0010 0.9970 0.0010 0.0010 
1706     1706   (0)     16 :  0.0020 0.9928 0.0030 0.0022 
1707     1707   (0)     16 :  0.0022 0.9932 0.0010 0.0036 
1708     1708   (0)     16 :  0.0020 0.9936 0.0028 0.0016 
1709     1709   (0)     16 :  0.0020 0.9960 0.0010 0.0010 
1710     1710   (0)     16 :  0.0020 0.9930 0.0030 0.0020 
1711     1711   (0)     16 :  0.0022 0.9896 0.0038 0.0044 
1712     1712   (0)     16 :  0.0012 0.9944 0.0020 0.0024 
1713     1713   (0)     16 :  0.0020 0.9920 0.0030 0.0030 
1714     1714   (0)     16 :  0.0010 0.9926 0.0038 0.0026 
1715     1715   (0)     16 :  0.0018 0.9950 0.0020 0.0012 
1716     1716   (0)     16 :  0.0010 0.9970 0.0010 0.0010 
1717     1717   (0)     16 :  0.0010 0.9948 0.0020 0.0022 
1718     1718   (0)     16 :  0.0010 0.9968 0.0010 0.0012 
1719     1719   (0)     16 :  0.0020 0.9912 0.0030 0.0038 
1720     1720   (0)     16 :  0.0010 0.9958 0.0018 0.0014 
1721     1721   (0)     16 :  0.0028 0.9932 0.0026 0.0014 
1722     1722   (0)     16 :  0.0012 0.9946 0.0020 0.0022 
1723     1723   (0)     16 :  0.0010 0.9950 0.0020 0.0020 
1724     1724   (0)     16 :  0.0020 0.9960 0.0010 0.0010 
1725     1725   (0)     16 :  0.0014 0.9908 0.0028 0.0050 
1726     1726   (0)     16 :  0.0012 0.9946 0.0022 0.0020 
1727     1727   (0)     16 :  0.0010 0.9968 0.0010 0.0012 
1728     1728   (0)     16 :  0.0012 0.9948 0.0020 0.0020 
1729     1729   (0)     16 :  0.0040 0.9880 0.0038 0.0042 
1730     1730   (0)     16 :  0.0012 0.9946 0.0020 0.0022 
1731     1731   (0)     16 :  0.0020 0.9940 0.0020 0.0020 
1732     1732   (0)     16 :  0.0022 0.9918 0.0030 0.0030 
1733     1733   (0)     16 :  0.0028 0.9650 0.0168 0.0154 
1734     1734   (0)     16 :  0.0012 0.9942 0.0020 0.0026 
1735     1735   (0)     16 :  0.0010 0.9970 0.0010 0.0010 
1736     1736   (0)     16 :  0.0010 0.9948 0.0028 0.0014 
1737     1737   (0)     16 :  0.0018 0.9782 0.0030 0.0170 
1738     1738   (0)     16 :  0.0020 0.9936 0.0020 0.0024 
1739     1739   (0)     16 :  0.0020 0.9930 0.0020 0.0030 
1740     1740   (0)     16 :  0.0020 0.9940 0.0020 0.0020 
1741     1741   (0)     16 :  0.0020 0.9930 0.0026 0.0024 
1742     1742   (0)     16 :  0.0012 0.9932 0.0032 0.0024 
1743     1743   (0)     16 :  0.0010 0.9958 0.0020 0.0012 
1744     1744   (0)     16 :  0.0012 0.9948 0.0020 0.0020 
1745     1745   (0)     16 :  0.0020 0.9942 0.0018 0.0020 
1746     1746   (0)     16 :  0.0010 0.9968 0.0010 0.0012 
1747     1747   (0)     16 :  0.0022 0.9930 0.0020 0.0028 
1748     1748   (0)     16 :  0.0022 0.9920 0.0030 0.0028 
1749     1749   (0)     16 :  0.0020 0.9940 0.0020 0.0020 
1750     1750   (0)     16 :  0.0018 0.9952 0.0018 0.0012 
1751     1751   (0)     16 :  0.0010 0.9968 0.0010 0.0012 
1752     1752   (0)     16 :  0.0010 0.9968 0.0010 0.0012 
1753     1753   (0)     16 :  0.0028 0.9896 0.0030 0.0046 
1754     1754   (0)     16 :  0.0012 0.9952 0.0020 0.0016 
1755     1755   (0)     16 :  0.0020 0.9940 0.0020 0.0020 
1756     1756   (0)     16 :  0.0020 0.9950 0.0018 0.0012 
1757     1757   (0)     16 :  0.0020 0.9940 0.0020 0.0020 
1758     1758   (0)     16 :  0.0010 0.9968 0.0010 0.0012 
1759     1759   (0)     16 :  0.0018 0.9938 0.0028 0.0016 
1760     1760   (0)     16 :  0.0012 0.9946 0.0020 0.0022 
1761     1761   (0)     16 :  0.0020 0.9926 0.0030 0.0024 
1762     1762   (0)     16 :  0.0016 0.9952 0.0020 0.0012 
1763     1763   (0)     16 :  0.0020 0.9918 0.0028 0.0034 
1764     1764   (0)     16 :  0.0022 0.9932 0.0010 0.0036 
1765     1765   (0)     16 :  0.0020 0.9938 0.0030 0.0012 
1766     1766   (0)     16 :  0.0010 0.9958 0.0020 0.0012 
1767     1767   (0)     16 :  0.0020 0.9892 0.0048 0.0040 
1768     1768   (0)     16 :  0.0030 0.9928 0.0020 0.0022 
1769     1769   (0)     16 :  0.0020 0.9948 0.0020 0.0012 
1770     1770   (0)     16 :  0.0020 0.9940 0.0020 0.0020 
1771     1771   (0)     16 :  0.0020 0.9940 0.0020 0.0020 
1772     1772   (0)     16 :  0.0020 0.9936 0.0020 0.0024 
1773     1773   (0)     16 :  0.0020 0.9936 0.0020 0.0024 
1774     1774   (0)     16 :  0.0010 0.9970 0.0010 0.0010 
1775     1775   (0)     16 :  0.0012 0.9946 0.0020 0.0022 
1776     1776   (0)     16 :  0.0020 0.9940 0.0020 0.0020 
1777     1777   (0)     16 :  0.0020 0.9950 0.0018 0.0012 
1778     1778   (0)     16 :  0.0020 0.9940 0.0020 0.0020 
1779     1779   (0)     16 :  0.0020 0.9948 0.0020 0.0012 
1780     1780   (0)     16 :  0.0010 0.9958 0.0020 0.0012 
1781     1781   (0)     16 :  0.0018 0.9800 0.0042 0.0140 
1782     1782   (0)     16 :  0.0012 0.9946 0.0020 0.0022 
1783     1783   (0)     16 :  0.0012 0.9926 0.0040 0.0022 
1784     1784   (0)     16 :  0.0010 0.9950 0.0020 0.0020 
1785     1785   (0)     16 :  0.0010 0.9948 0.0020 0.0022 
1786     1786   (0)     16 :  0.0020 0.9938 0.0030 0.0012 
1787     1787   (0)     16 :  0.0010 0.9968 0.0010 0.0012 
1788     1788   (0)     16 :  0.0010 0.9968 0.0010 0.0012 
1789     1789   (0)     16 :  0.0010 0.9958 0.0020 0.0012 
1790     1790   (0)     16 :  0.0010 0.9958 0.0020 0.0012 
1791     1791   (0)     16 :  0.0012 0.9956 0.0020 0.0012 
1792     1792   (0)     16 :  0.0020 0.9928 0.0028 0.0024 
1793     1793   (0)     16 :  0.0024 0.9874 0.0040 0.0062 
1794     1794   (0)     16 :  0.0010 0.9968 0.0010 0.0012 
1795     1795   (0)     16 :  0.0012 0.9948 0.0020 0.0020 
1796     1796   (0)     16 :  0.0020 0.9950 0.0010 0.0020 
1797     1797   (0)     16 :  0.0020 0.9936 0.0020 0.0024 
1798     1798   (0)     16 :  0.0038 0.9916 0.0020 0.0026 
1799     1799   (0)     16 :  0.0010 0.9958 0.0020 0.0012 
1800     1800   (0)     16 :  0.0020 0.9938 0.0020 0.0022 
1801     1801   (0)     16 :  0.0022 0.9918 0.0030 0.0030 
1802     1802   (0)     16 :  0.0020 0.9938 0.0020 0.0022 
1803     1803   (0)     17 :  0.0018 0.0036 0.7950 0.1996 
1804     1804   (0)     17 :  0.0024 0.0106 0.7864 0.2006 
1805     1805   (0)     17 :  0.0022 0.0040 0.7952 0.1986 
1806     1806   (0)     17 :  0.0020 0.0104 0.7892 0.1984 
1807     1807   (0)     17 :  0.0032 0.0030 0.7940 0.1998 
1808     1808   (0)     17 :  0.0032 0.0196 0.7710 0.2062 
1809     1809   (0)     17 :  0.0032 0.0092 0.7890 0.1986 
1810     1810   (0)     17 :  0.0012 0.0028 0.7958 0.2002 
1811     1811   (0)     17 :  0.0010 0.0026 0.7958 0.2006 
1812     1812   (0)     17 :  0.0014 0.0048 0.7892 0.2046 
1813     1813   (0)     17 :  0.0016 0.0036 0.7944 0.2004 
1814     1814   (0)     17 :  0.0026 0.0042 0.7928 0.2004 
1815     1815   (0)     17 :  0.0020 0.0026 0.7932 0.2022 
1816     1816   (0)     17 :  0.0022 0.0078 0.7898 0.2002 
1817     1817   (0)     17 :  0.0020 0.0054 0.7926 0.2000 
1818     1818   (0)     17 :  0.0022 0.0084 0.7862 0.2032 
1819     1819   (0)     17 :  0.0082 0.0860 0.7180 0.1878 
1820     1820   (0)     17 :  0.0086 0.0078 0.7804 0.2032 
1821     1821   (0)     17 :  0.0046 0.0058 0.7770 0.2126 
1822     1822   (0)     17 :  0.0020 0.0078 0.7916 0.1986 
1823     1823   (0)     17 :  0.0036 0.0100 0.7716 0.2148 
1824     1824   (0)     17 :  0.0032 0.0086 0.7738 0.2144 
1825     1825   (5)     17 :  0.0020 0.0068 0.7878 0.2034 
1826     1826   (0)     17 :  0.0028 0.0094 0.7876 0.2002 
1827     1827   (0)     17 :  0.0054 0.0418 0.7478 0.2050 
1828     1828   (0)     17 :  0.0028 0.0030 0.7946 0.1996 
1829     1829   (0)     17 :  0.0022 0.0060 0.7666 0.2252 
1830     1830   (0)     17 :  0.0036 0.0116 0.7840 0.2008 
1831     1831   (0)     17 :  0.0024 0.0028 0.7670 0.2278 
1832     1832   (0)     17 :  0.0018 0.0052 0.7932 0.1998 
1833     1833   (5)     17 :  0.0020 0.0036 0.7940 0.2004 
1834     1834   (0)     17 :  0.0020 0.0326 0.7658 0.1996 
1835     1835   (0)     17 :  0.0044 0.0036 0.7910 0.2010 
1836     1836   (0)     17 :  0.0018 0.0040 0.7938 0.2004 
1837     1837   (0)     17 :  0.0032 0.0036 0.7566 0.2366 
1838     1838   (0)     17 :  0.0024 0.0032 0.7992 0.1952 
1839     1839   (5)     17 :  0.0038 0.0056 0.7942 0.1964 
1840     1840   (5)     17 :  0.0056 0.0258 0.7602 0.2084 
1841     1841   (5)     17 :  0.0044 0.0084 0.7856 0.2016 
1842     1842   (5)     17 :  0.0062 0.0018 0.7894 0.2026 
1843     1843   (0)     18 :  0.0038 0.0070 0.7700 0.2192 
1844     1844   (0)     18 :  0.0020 0.0070 0.7910 0.2000 
1845     1845   (0)     18 :  0.0020 0.0018 0.7962 0.2000 
1846     1846   (0)     18 :  0.0038 0.0106 0.7814 0.2042 
1847     1847   (0)     18 :  0.0020 0.0018 0.7952 0.2010 
1848     1848   (0)     18 :  0.0022 0.0182 0.7818 0.1978 
1849     1849   (0)     18 :  0.0036 0.0906 0.7026 0.2032 
1850     1850   (0)     18 :  0.0036 0.0086 0.7872 0.2006 
1851     1851   (0)     18 :  0.0044 0.0044 0.7908 0.2004 
1852     1852   (0)     18 :  0.0044 0.0174 0.7810 0.1972 
1853     1853   (0)     18 :  0.0022 0.0046 0.7936 0.1996 
1854     1854   (0)     18 :  0.0020 0.0028 0.7932 0.2020 
1855     1855   (0)     18 :  0.0020 0.0036 0.7940 0.2004 
1856     1856   (0)     18 :  0.0028 0.0026 0.7942 0.2004 
1857     1857   (0)     18 :  0.0020 0.0046 0.7932 0.2002 
1858     1858   (0)     18 :  0.0020 0.0108 0.7864 0.2008 
1859     1859   (0)     18 :  0.0020 0.0028 0.7950 0.2002 
1860     1860   (0)     18 :  0.0020 0.0854 0.7116 0.2010 
1861     1861   (0)     18 :  0.0012 0.0088 0.7928 0.1972 
1862     1862   (0)     18 :  0.0036 0.0150 0.7804 0.2010 
1863     1863   (0)     18 :  0.0036 0.0044 0.6848 0.3072 
1864     1864   (0)     18 :  0.0036 0.0052 0.7910 0.2002 
1865     1865   (0)     18 :  0.0010 0.0044 0.7942 0.2004 
1866     1866   (0)     18 :  0.0028 0.0046 0.7920 0.2006 
1867     1867   (0)     18 :  0.0022 0.0088 0.7878 0.2012 
1868     1868   (0)     18 :  0.0028 0.0020 0.7918 0.2034 
1869     1869   (0)     18 :  0.0022 0.0020 0.7938 0.2020 
1870     1870   (0)     18 :  0.0040 0.0020 0.7954 0.1986 
1871     1871   (0)     18 :  0.0036 0.0078 0.7886 0.2000 
1872     1872   (0)     18 :  0.0028 0.0028 0.7942 0.2002 
1873     1873   (0)     18 :  0.0020 0.0056 0.7926 0.1998 
1874     1874   (0)     18 :  0.0020 0.0064 0.7916 0.2000 
1875     1875   (0)     18 :  0.0020 0.0246 0.7764 0.1970 
1876     1876   (0)     18 :  0.0012 0.0158 0.7834 0.1996 
1877     1877   (0)     18 :  0.0022 0.0044 0.7922 0.2012 
1878     1878   (0)     18 :  0.0024 0.0030 0.7934 0.2012 
1879     1879   (0)     18 :  0.0020 0.0018 0.7948 0.2014 
1880     1880   (0)     18 :  0.0022 0.0080 0.7710 0.2188 
1881     1881   (0)     18 :  0.0120 0.0400 0.7506 0.1974 
1882     1882   (0)     18 :  0.0038 0.0028 0.7836 0.2098 
1883     1883   (0)     18 :  0.0028 0.0028 0.7940 0.2004 
1884     1884   (0)     18 :  0.0020 0.0180 0.7792 0.2008 
1885     1885   (0)     18 :  0.0022 0.0046 0.7936 0.1996 
1886     1886   (0)     18 :  0.0022 0.0222 0.7794 0.1962 
1887     1887   (0)     18 :  0.0028 0.0254 0.7744 0.1974 
1888     1888   (0)     18 :  0.0112 0.0048 0.7842 0.1998 
1889     1889   (0)     18 :  0.0024 0.0094 0.7828 0.2054 
1890     1890   (0)     18 :  0.0066 0.0018 0.7672 0.2244 
1891     1891   (0)     18 :  0.0012 0.0036 0.7946 0.2006 
1892     1892   (0)     18 :  0.0018 0.0028 0.7952 0.2002 
1893     1893   (0)     18 :  0.0010 0.0038 0.7958 0.1994 
1894     1894   (0)     18 :  0.0030 0.0158 0.7838 0.1974 
1895     1895   (0)     18 :  0.0044 0.1173 0.6653 0.2130 
1896     1896   (0)     18 :  0.0106 0.1302 0.6650 0.1942 
1897     1897   (0)     18 :  0.0058 0.0078 0.7014 0.2850 
1898     1898   (0)     18 :  0.0046 0.0112 0.7862 0.1980 
1899     1899   (0)     18 :  0.0042 0.0098 0.7846 0.2014 
1900     1900   (0)     18 :  0.0030 0.0026 0.7880 0.2064 
1901     1901   (0)     18 :  0.0210 0.0132 0.7584 0.2074 
1902     1902   (0)     18 :  0.0028 0.0020 0.7952 0.2000 
1903     1903   (0)     18 :  0.0010 0.0565 0.7423 0.2002 
1904     1904   (0)     18 :  0.0024 0.0058 0.7998 0.1920 
1905     1905   (0)     18 :  0.0028 0.0266 0.7708 0.1998 
1906     1906   (0)     18 :  0.0034 0.0020 0.7920 0.2026 
1907     1907   (0)     18 :  0.0020 0.0046 0.7936 0.1998 
1908     1908   (0)     18 :  0.0020 0.0106 0.7870 0.2004 
1909     1909   (0)     18 :  0.0052 0.3284 0.4764 0.1900 
1910     1910   (0)     18 :  0.0022 0.0084 0.7894 0.2000 
1911     1911   (0)     18 :  0.0020 0.0296 0.7724 0.1960 
1912     1912   (0)     18 :  0.0020 0.0118 0.7814 0.2048 
1913     1913   (0)     18 :  0.0022 0.0020 0.7948 0.2010 
1914     1914   (0)     18 :  0.0028 0.0318 0.7642 0.2012 
1915     1915   (0)     18 :  0.0012 0.0028 0.7934 0.2026 
1916     1916   (0)     18 :  0.0036 0.0108 0.7750 0.2106 
1917     1917   (0)     18 :  0.0028 0.0030 0.7942 0.2000 
1918     1918   (0)     18 :  0.0028 0.0030 0.7948 0.1994 
1919     1919   (0)     18 :  0.0042 0.0046 0.7668 0.2244 
1920     1920   (0)     18 :  0.0020 0.0346 0.7628 0.2006 
1921     1921   (0)     18 :  0.0012 0.0020 0.7970 0.1998 
1922     1922   (0)     18 :  0.0020 0.0040 0.7944 0.1996 
1923     1923   (0)     18 :  0.0020 0.0018 0.7940 0.2022 
1924     1924   (0)     18 :  0.0048 0.0036 0.7904 0.2012 
1925     1925   (0)     18 :  0.0054 0.0038 0.7454 0.2454 
1926     1926   (0)     18 :  0.0036 0.0106 0.7886 0.1972 
1927     1927   (0)     18 :  0.0030 0.0032 0.7946 0.1992 
1928     1928   (0)     18 :  0.0024 0.0180 0.7790 0.2006 
1929     1929   (0)     18 :  0.0012 0.0148 0.7852 0.1988 
1930     1930   (0)     18 :  0.0028 0.0028 0.7936 0.2008 
1931     1931   (0)     18 :  0.0038 0.0028 0.7876 0.2058 
1932     1932   (0)     18 :  0.0012 0.0028 0.7974 0.1986 
1933     1933   (0)     18 :  0.0018 0.0152 0.7830 0.2000 
1934     1934   (0)     18 :  0.0020 0.0028 0.7948 0.2004 
1935     1935   (0)     18 :  0.0012 0.0058 0.7940 0.1990 
1936     1936   (0)     18 :  0.0106 0.0056 0.6751 0.3087 
1937     1937   (0)     18 :  0.0022 0.0020 0.7954 0.2004 
1938     1938   (0)     18 :  0.0022 0.0066 0.7860 0.2052 
1939     1939   (0)     18 :  0.0038 0.2417 0.4378 0.3167 
1940     1940   (0)     18 :  0.0012 0.0040 0.7950 0.1998 
1941     1941   (0)     18 :  0.0020 0.0036 0.7918 0.2026 
1942     1942   (0)     18 :  0.0028 0.0056 0.7924 0.1992 
1943     1943   (0)     18 :  0.0030 0.0028 0.7930 0.2012 
1944     1944   (0)     18 :  0.0030 0.0038 0.7890 0.2042 
1945     1945   (0)     18 :  0.0044 0.0028 0.7902 0.2026 
1946     1946   (0)     18 :  0.0038 0.0046 0.7922 0.1994 
1947     1947   (0)     18 :  0.0066 0.0038 0.7782 0.2114 
1948     1948   (0)     18 :  0.0034 0.0072 0.7858 0.2036 
1949     1949   (0)     18 :  0.0022 0.0100 0.7836 0.2042 
1950     1950   (0)     18 :  0.0018 0.0026 0.7948 0.2008 
1951     1951   (0)     18 :  0.0046 0.0190 0.7746 0.2018 
1952     1952   (0)     18 :  0.0022 0.0046 0.7886 0.2046 
1953     1953   (0)     18 :  0.0018 0.0912 0.7076 0.1994 
1954     1954   (0)     18 :  0.0018 0.0054 0.7850 0.2078 
1955     1955   (0)     18 :  0.0020 0.0054 0.7950 0.1976 
1956     1956   (0)     18 :  0.0052 0.0018 0.7916 0.2014 
1957     1957   (0)     18 :  0.0022 0.0118 0.7782 0.2078 
1958     1958   (0)     18 :  0.0032 0.0084 0.7926 0.1958 
1959     1959   (0)     18 :  0.0020 0.0084 0.7860 0.2036 
1960     1960   (0)     18 :  0.0032 0.0036 0.7556 0.2376 
1961     1961   (0)     18 :  0.0020 0.0356 0.7698 0.1926 
1962     1962   (0)     18 :  0.0022 0.0252 0.7704 0.2022 
1963     1963   (0)     18 :  0.0052 0.0816 0.6070 0.3062 
1964     1964   (0)     18 :  0.0034 0.0076 0.7874 0.2016 
1965     1965   (0)     18 :  0.0012 0.0094 0.7886 0.2008 
1966     1966   (0)     18 :  0.0020 0.0132 0.7850 0.1998 
1967     1967   (0)     18 :  0.0030 0.0062 0.7870 0.2038 
1968     1968   (0)     18 :  0.0010 0.0036 0.7954 0.2000 
1969     1969   (0)     18 :  0.0028 0.0060 0.7818 0.2094 
1970     1970   (0)     18 :  0.0012 0.0036 0.7934 0.2018 
1971     1971   (0)     18 :  0.0020 0.0020 0.7956 0.2004 
1972     1972   (0)     18 :  0.0022 0.2233 0.6114 0.1632 
1973     1973   (0)     18 :  0.0040 0.0088 0.7814 0.2058 
1974     1974   (0)     18 :  0.0012 0.0216 0.7784 0.1988 
1975     1975   (0)     18 :  0.0030 0.1597 0.6495 0.1878 
1976     1976   (0)     18 :  0.0012 0.0094 0.7894 0.2000 
1977     1977   (0)     18 :  0.0022 0.0128 0.7750 0.2100 
1978     1978   (0)     18 :  0.0126 0.0062 0.7802 0.2010 
1979     1979   (0)     18 :  0.0026 0.0040 0.7772 0.2162 
1980     1980   (0)     18 :  0.0082 0.0162 0.7670 0.2086 
1981     1981   (0)     18 :  0.0020 0.0052 0.7926 0.2002 
1982     1982   (0)     18 :  0.0020 0.0140 0.7848 0.1992 
1983     1983   (0)     18 :  0.0020 0.0020 0.7966 0.1994 
1984     1984   (0)     18 :  0.0024 0.0020 0.7950 0.2006 
1985     1985   (0)     18 :  0.0012 0.0126 0.7862 0.2000 
1986     1986   (0)     18 :  0.0022 0.0020 0.7942 0.2016 
1987     1987   (0)     18 :  0.0062 0.0034 0.7898 0.2006 
1988     1988   (0)     18 :  0.0020 0.0062 0.7900 0.2018 
1989     1989   (0)     18 :  0.0018 0.1002 0.6990 0.1990 
1990     1990   (0)     18 :  0.0020 0.0066 0.7916 0.1998 
1991     1991   (0)     18 :  0.0012 0.0018 0.7958 0.2012 
1992     1992   (0)     18 :  0.0012 0.0036 0.7934 0.2018 
1993     1993   (0)     18 :  0.0020 0.0038 0.7892 0.2050 
1994     1994   (0)     18 :  0.0030 0.0020 0.7954 0.1996 
1995     1995   (0)     18 :  0.0022 0.0044 0.7920 0.2014 
1996     1996   (0)     18 :  0.0020 0.0060 0.7918 0.2002 
1997     1997   (0)     18 :  0.0012 0.0184 0.7788 0.2016 
1998     1998   (0)     18 :  0.0028 0.1602 0.6254 0.2116 
1999     1999   (0)     18 :  0.0020 0.0078 0.7598 0.2304 
2000     2000   (0)     18 :  0.0022 0.0028 0.7862 0.2088 
2001     2001   (0)     18 :  0.0028 0.0054 0.7906 0.2012 
2002     2002   (0)     18 :  0.0022 0.0036 0.7868 0.2074 
2003     2003   (0)     18 :  0.0036 0.0060 0.7900 0.2004 
2004     2004   (0)     18 :  0.0022 0.0028 0.7956 0.1994 
2005     2005   (0)     18 :  0.0028 0.0876 0.7080 0.2016 
2006     2006   (0)     18 :  0.0028 0.0136 0.7822 0.2014 
2007     2007   (0)     18 :  0.0016 0.0028 0.7952 0.2004 
2008     2008   (0)     18 :  0.0028 0.0166 0.7764 0.2042 
2009     2009   (0)     18 :  0.0020 0.0036 0.7934 0.2010 
2010     2010   (0)     18 :  0.0232 0.0764 0.7210 0.1794 
2011     2011   (0)     18 :  0.0012 0.0020 0.7974 0.1994 
2012     2012   (0)     18 :  0.0036 0.0030 0.7936 0.1998 
2013     2013   (0)     18 :  0.0020 0.0102 0.7866 0.2012 
2014     2014   (0)     18 :  0.0020 0.0150 0.7840 0.1990 
2015     2015   (0)     18 :  0.0020 0.0030 0.7942 0.2008 
2016     2016   (0)     18 :  0.0020 0.0054 0.7914 0.2012 
2017     2017   (0)     18 :  0.0032 0.0146 0.7830 0.1992 
2018     2018   (0)     18 :  0.0022 0.0060 0.7736 0.2182 
2019     2019   (0)     18 :  0.0028 0.0094 0.7876 0.2002 
2020     2020   (0)     18 :  0.0064 0.0036 0.7882 0.2018 
2021     2021   (0)     18 :  0.0020 0.0046 0.7936 0.1998 
2022     2022   (0)     18 :  0.0022 0.0036 0.7878 0.2064 
2023     2023   (0)     18 :  0.0010 0.0092 0.7882 0.2016 
2024     2024   (0)     18 :  0.0028 0.0036 0.7926 0.2010 
2025     2025   (0)     18 :  0.0020 0.0080 0.7900 0.2000 
2026     2026   (0)     18 :  0.0028 0.0028 0.7910 0.2034 
2027     2027   (0)     18 :  0.0020 0.0170 0.7808 0.2002 
2028     2028   (0)     18 :  0.0082 0.0098 0.7796 0.2024 
2029     2029   (0)     18 :  0.0020 0.0276 0.7716 0.1988 
2030     2030   (0)     18 :  0.0020 0.0026 0.7682 0.2272 
2031     2031   (0)     18 :  0.0020 0.0268 0.7718 0.1994 
2032     2032   (0)     18 :  0.0014 0.0030 0.8046 0.1910 
2033     2033   (0)     18 :  0.0028 0.0072 0.7906 0.1994 
2034     2034   (0)     18 :  0.0034 0.0062 0.7900 0.2004 
2035     2035   (0)     18 :  0.0020 0.0020 0.7934 0.2026 
2036     2036   (0)     18 :  0.0012 0.0036 0.7926 0.2026 
2037     2037   (0)     18 :  0.0022 0.0020 0.7958 0.2000 
2038     2038   (0)     18 :  0.0032 0.0020 0.7874 0.2074 
2039     2039   (0)     18 :  0.0022 0.0018 0.7906 0.2054 
2040     2040   (0)     18 :  0.0020 0.0036 0.7940 0.2004 
2041     2041   (0)     18 :  0.0028 0.1467 0.6769 0.1736 
2042     2042   (0)     18 :  0.0052 0.2602 0.5368 0.1978 
2043     2043   (0)     18 :  0.0028 0.0070 0.7902 0.2000 
2044     2044   (0)     18 :  0.0020 0.0056 0.7928 0.1996 
2045     2045   (0)     18 :  0.0018 0.0048 0.7932 0.2002 
2046     2046   (0)     18 :  0.0030 0.0044 0.7920 0.2006 
2047     2047   (0)     18 :  0.0028 0.0044 0.7900 0.2028 
2048     2048   (0)     18 :  0.0020 0.0076 0.7900 0.2004 
2049     2049   (0)     18 :  0.0010 0.0028 0.7956 0.2006 
2050     2050   (0)     18 :  0.0010 0.0152 0.7838 0.2000 
2051     2051   (0)     18 :  0.0264 0.0374 0.7364 0.1998 
2052     2052   (0)     18 :  0.0012 0.0048 0.7944 0.1996 
2053     2053   (0)     18 :  0.0022 0.0038 0.7930 0.2010 
2054     2054   (0)     18 :  0.0020 0.0020 0.7962 0.1998 
2055     2055   (0)     18 :  0.0032 0.0266 0.7690 0.2012 
2056     2056   (0)     18 :  0.0020 0.0044 0.7926 0.2010 
2057     2057   (0)     18 :  0.0020 0.0036 0.7950 0.1994 
2058     2058   (0)     18 :  0.0028 0.0130 0.7856 0.1986 
2059     2059   (0)     18 :  0.0028 0.0096 0.7876 0.2000 
2060     2060   (0)     18 :  0.0028 0.0859 0.7127 0.1986 
2061     2061   (0)     18 :  0.0060 0.0096 0.7744 0.2100 
2062     2062   (0)     18 :  0.0046 0.0264 0.7534 0.2156 
2063     2063   (0)     18 :  0.0088 0.0208 0.7920 0.1784 
2064     2064   (0)     18 :  0.0030 0.0088 0.7854 0.2028 
2065     2065   (0)     18 :  0.0022 0.0036 0.7882 0.2060 
2066     2066   (0)     18 :  0.0030 0.0020 0.7932 0.2018 
2067     2067   (0)     18 :  0.0028 0.0150 0.7812 0.2010 
2068     2068   (0)     18 :  0.0046 0.0136 0.7810 0.2008 
2069     2069   (0)     18 :  0.0020 0.0036 0.7934 0.2010 
2070     2070   (0)     18 :  0.0022 0.0030 0.7932 0.2016 
2071     2071   (0)     18 :  0.0070 0.0028 0.7858 0.2044 
2072     2072   (0)     18 :  0.0032 0.0763 0.7067 0.2138 
2073     2073   (0)     18 :  0.0028 0.0054 0.7912 0.2006 
2074     2074   (0)     18 :  0.0020 0.0086 0.7876 0.2018 
2075     2075   (0)     18 :  0.0044 0.0028 0.7924 0.2004 
2076     2076   (0)     18 :  0.0020 0.0046 0.7934 0.2000 
2077     2077   (0)     18 :  0.0022 0.0072 0.7894 0.2012 
2078     2078   (0)     18 :  0.0020 0.0028 0.7948 0.2004 
2079     2079   (0)     18 :  0.0030 0.0228 0.7744 0.1998 
2080     2080   (0)     18 :  0.0030 0.0314 0.7694 0.1962 
2081     2081   (0)     18 :  0.0026 0.0040 0.7940 0.1994 
2082     2082   (0)     18 :  0.0012 0.0030 0.7970 0.1988 
2083     2083   (0)     18 :  0.0036 0.0028 0.7932 0.2004 
2084     2084   (0)     18 :  0.0020 0.0028 0.7926 0.2026 
2085     2085   (0)     18 :  0.0022 0.0036 0.7926 0.2016 
2086     2086   (0)     18 :  0.0028 0.0088 0.7886 0.1998 
2087     2087   (0)     18 :  0.0038 0.0484 0.7400 0.2078 
2088     2088   (0)     18 :  0.0020 0.0046 0.7918 0.2016 
2089     2089   (0)     18 :  0.0012 0.0366 0.7620 0.2002 
2090     2090   (0)     18 :  0.0022 0.0046 0.7916 0.2016 
2091     2091   (0)     18 :  0.0020 0.0088 0.7910 0.1982 
2092     2092   (0)     18 :  0.0062 0.0230 0.7222 0.2486 
2093     2093   (0)     18 :  0.0038 0.0078 0.7878 0.2006 
2094     2094   (0)     18 :  0.0018 0.0866 0.7126 0.1990 
2095     2095   (0)     18 :  0.0044 0.0036 0.7892 0.2028 
2096     2096   (0)     18 :  0.0020 0.0028 0.7946 0.2006 
2097     2097   (0)     18 :  0.0036 0.0064 0.7870 0.2030 
2098     2098   (0)     18 :  0.0042 0.0052 0.7908 0.1998 
2099     2099   (0)     18 :  0.0046 0.0028 0.7926 0.2000 
2100     2100   (0)     18 :  0.0028 0.0588 0.7388 0.1996 
2101     2101   (0)     18 :  0.0076 0.0038 0.6599 0.3287 
2102     2102   (0)     18 :  0.0072 0.0018 0.7894 0.2016 
2103     2103   (0)     18 :  0.0024 0.0146 0.7916 0.1914 
2104     2104   (0)     18 :  0.0020 0.0152 0.7838 0.1990 
2105     2105   (0)     18 :  0.0022 0.0064 0.7912 0.2002 
2106     2106   (0)     18 :  0.0022 0.0086 0.7934 0.1958 
2107     2107   (0)     18 :  0.0022 0.0046 0.7618 0.2314 
2108     2108   (0)     18 :  0.0020 0.0104 0.7890 0.1986 
2109     2109   (0)     18 :  0.0056 0.0028 0.7876 0.2040 
2110     2110   (0)     18 :  0.0014 0.0042 0.8022 0.1922 
2111     2111   (0)     18 :  0.0012 0.0300 0.7680 0.2008 
2112     2112   (0)     18 :  0.0044 0.0224 0.7732 0.2000 
2113     2113   (0)     18 :  0.0024 0.0492 0.7528 0.1956 
2114     2114   (0)     18 :  0.0022 0.0064 0.7916 0.1998 
2115     2115   (0)     18 :  0.0020 0.0058 0.7930 0.1992 
2116     2116   (0)     18 :  0.0020 0.0018 0.7958 0.2004 
2117     2117   (0)     18 :  0.0012 0.0062 0.7900 0.2026 
2118     2118   (0)     18 :  0.0020 0.0046 0.7948 0.1986 
2119     2119   (0)     18 :  0.0022 0.0258 0.7720 0.2000 
2120     2120   (0)     18 :  0.0020 0.0038 0.7954 0.1988 
2121     2121   (0)     18 :  0.0046 0.0054 0.7886 0.2014 
2122     2122   (0)     18 :  0.0020 0.0046 0.7908 0.2026 
2123     2123   (0)     18 :  0.0022 0.0038 0.7928 0.2012 
2124     2124   (0)     18 :  0.0028 0.0136 0.7872 0.1964 
2125     2125   (0)     18 :  0.0020 0.0018 0.7932 0.2030 
2126     2126   (0)     18 :  0.0034 0.0072 0.7800 0.2094 
2127     2127   (0)     18 :  0.0042 0.0068 0.7888 0.2002 
2128     2128   (0)     18 :  0.0022 0.0040 0.7938 0.2000 
2129     2129   (0)     18 :  0.0022 0.0028 0.7944 0.2006 
2130     2130   (0)     18 :  0.0024 0.0028 0.7894 0.2054 
2131     2131   (0)     18 :  0.0022 0.0218 0.7768 0.1992 
2132     2132   (0)     18 :  0.0036 0.0102 0.7812 0.2050 
2133     2133   (0)     18 :  0.0028 0.0158 0.7812 0.2002 
2134     2134   (0)     18 :  0.0020 0.0046 0.7928 0.2006 
2135     2135   (0)     18 :  0.0028 0.0056 0.7916 0.2000 
2136     2136   (0)     18 :  0.0020 0.0330 0.7662 0.1988 
2137     2137   (0)     18 :  0.0066 0.0072 0.7876 0.1986 
2138     2138   (0)     18 :  0.0030 0.0056 0.7896 0.2018 
2139     2139   (0)     18 :  0.0052 0.0082 0.7868 0.1998 
2140     2140   (0)     18 :  0.0020 0.0036 0.7940 0.2004 
2141     2141   (0)     18 :  0.0022 0.0046 0.7904 0.2028 
2142     2142   (0)     18 :  0.0022 0.0190 0.7780 0.2008 
