1        1   (5)      1  : 0.9860 0.0055 0.0035 0.0020 0.0030
2        2   (5)      1  : 0.9775 0.0025 0.0055 0.0070 0.0075
3        3   (5)      1  : 0.9905 0.0030 0.0025 0.0020 0.0020
4        4   (0)      1  : 0.9920 0.0030 0.0020 0.0020 0.0010
5        5   (0)      1  : 0.9375 0.0175 0.0275 0.0075 0.0100
6        6   (0)      1  : 0.9900 0.0030 0.0025 0.0020 0.0025
7        7   (0)      1  : 0.9491 0.0025 0.0065 0.0040 0.0380
8        8   (5)      1  : 0.9915 0.0025 0.0020 0.0020 0.0020
9        9   (0)      1  : 0.9930 0.0020 0.0010 0.0020 0.0020
10       10   (0)      1  : 0.9795 0.0020 0.0035 0.0050 0.0100
11       11   (0)      1  : 0.9890 0.0020 0.0030 0.0020 0.0040
12       12   (0)      1  : 0.9870 0.0020 0.0025 0.0045 0.0040
13       13   (0)      1  : 0.9915 0.0010 0.0015 0.0040 0.0020
14       14   (0)      1  : 0.9895 0.0030 0.0025 0.0020 0.0030
15       15   (0)      1  : 0.9900 0.0020 0.0030 0.0020 0.0030
16       16   (0)      1  : 0.9915 0.0030 0.0025 0.0020 0.0010
17       17   (0)      1  : 0.9945 0.0010 0.0015 0.0010 0.0020
18       18   (0)      1  : 0.9775 0.0045 0.0090 0.0040 0.0050
19       19   (0)      1  : 0.9815 0.0040 0.0025 0.0100 0.0020
20       20   (0)      1  : 0.9700 0.0050 0.0095 0.0055 0.0100
21       21   (0)      1  : 0.9935 0.0015 0.0010 0.0020 0.0020
22       22   (0)      1  : 0.9930 0.0030 0.0020 0.0010 0.0010
23       23   (0)      1  : 0.9915 0.0035 0.0015 0.0020 0.0015
24       24   (0)      1  : 0.9835 0.0075 0.0025 0.0045 0.0020
25       25   (0)      1  : 0.9825 0.0025 0.0030 0.0050 0.0070
26       26   (0)      1  : 0.9895 0.0025 0.0020 0.0040 0.0020
27       27   (5)      1  : 0.9580 0.0055 0.0140 0.0030 0.0195
28       28   (0)      1  : 0.9850 0.0040 0.0060 0.0010 0.0040
29       29   (0)      1  : 0.9910 0.0030 0.0020 0.0020 0.0020
30       30   (0)      1  : 0.9735 0.0085 0.0045 0.0050 0.0085
31       31   (0)      1  : 0.9905 0.0030 0.0025 0.0020 0.0020
32       32   (0)      1  : 0.9785 0.0020 0.0115 0.0060 0.0020
33       33   (0)      1  : 0.9930 0.0020 0.0020 0.0020 0.0010
34       34   (0)      1  : 0.9925 0.0040 0.0015 0.0010 0.0010
35       35   (0)      1  : 0.9550 0.0185 0.0145 0.0040 0.0080
36       36   (0)      1  : 0.9585 0.0050 0.0295 0.0040 0.0030
37       37   (0)      1  : 0.9825 0.0025 0.0040 0.0050 0.0060
38       38   (0)      1  : 0.9880 0.0020 0.0020 0.0050 0.0030
39       39   (0)      1  : 0.9745 0.0025 0.0090 0.0070 0.0070
40       40   (0)      1  : 0.9865 0.0050 0.0035 0.0030 0.0020
41       41   (0)      1  : 0.9900 0.0025 0.0030 0.0020 0.0025
42       42   (0)      1  : 0.9950 0.0020 0.0010 0.0010 0.0010
43       43   (0)      1  : 0.9915 0.0020 0.0025 0.0020 0.0020
44       44   (0)      1  : 0.9945 0.0010 0.0015 0.0010 0.0020
45       45   (5)      1  : 0.9875 0.0020 0.0035 0.0040 0.0030
46       46   (0)      1  : 0.9920 0.0030 0.0020 0.0010 0.0020
47       47   (0)      1  : 0.9885 0.0035 0.0030 0.0010 0.0040
48       48   (0)      1  : 0.9870 0.0050 0.0030 0.0020 0.0030
49       49   (0)      1  : 0.9880 0.0020 0.0020 0.0050 0.0030
50       50   (0)      1  : 0.9895 0.0035 0.0020 0.0020 0.0030
51       51   (0)      1  : 0.9890 0.0020 0.0020 0.0040 0.0030
52       52   (0)      1  : 0.9645 0.0060 0.0035 0.0180 0.0080
53       53   (0)      1  : 0.9850 0.0075 0.0025 0.0020 0.0030
54       54   (0)      1  : 0.9915 0.0020 0.0025 0.0010 0.0030
55       55   (0)      1  : 0.9910 0.0020 0.0020 0.0020 0.0030
56       56   (0)      1  : 0.9905 0.0030 0.0025 0.0020 0.0020
57       57  (10)      1  : 0.9890 0.0020 0.0040 0.0030 0.0020
58       58   (5)      1  : 0.9880 0.0035 0.0035 0.0020 0.0030
59       59   (0)      1  : 0.9885 0.0035 0.0020 0.0030 0.0030
60       60   (0)      1  : 0.9930 0.0015 0.0015 0.0020 0.0020
61       61   (0)      1  : 0.9880 0.0040 0.0030 0.0020 0.0030
62       62   (0)      1  : 0.9885 0.0020 0.0025 0.0020 0.0050
63       63   (0)      1  : 0.9895 0.0020 0.0030 0.0020 0.0035
64       64   (0)      1  : 0.9905 0.0025 0.0025 0.0020 0.0025
65       65   (0)      1  : 0.9700 0.0015 0.0090 0.0130 0.0065
66       66   (0)      1  : 0.9875 0.0035 0.0050 0.0020 0.0020
67       67   (5)      1  : 0.9790 0.0065 0.0045 0.0070 0.0030
68       68   (0)      1  : 0.9735 0.0110 0.0045 0.0025 0.0085
69       69   (0)      1  : 0.9900 0.0010 0.0020 0.0010 0.0060
70       70   (0)      1  : 0.9845 0.0030 0.0045 0.0020 0.0060
71       71   (5)      1  : 0.9830 0.0050 0.0060 0.0030 0.0030
72       72   (0)      1  : 0.9870 0.0020 0.0030 0.0050 0.0030
73       73   (5)      1  : 0.9875 0.0045 0.0035 0.0020 0.0025
74       74  (10)      1  : 0.9835 0.0040 0.0035 0.0040 0.0050
75       75  (10)      1  : 0.9840 0.0025 0.0020 0.0090 0.0025
76       76   (0)      1  : 0.8615 0.1310 0.0035 0.0020 0.0020
77       77  (10)      1  : 0.9805 0.0125 0.0020 0.0030 0.0020
78       78   (0)      1  : 0.9695 0.0195 0.0040 0.0040 0.0030
79       79   (5)      1  : 0.9785 0.0055 0.0055 0.0020 0.0085
80       80   (0)      1  : 0.9915 0.0025 0.0020 0.0020 0.0020
81       81   (0)      1  : 0.9920 0.0020 0.0020 0.0020 0.0020
82       82   (0)      1  : 0.9930 0.0010 0.0020 0.0020 0.0020
83       83   (0)      1  : 0.9745 0.0165 0.0025 0.0025 0.0040
84       84   (0)      1  : 0.9695 0.0020 0.0060 0.0125 0.0100
85       85   (0)      1  : 0.9930 0.0010 0.0020 0.0020 0.0020
86       86   (5)      1  : 0.9920 0.0020 0.0020 0.0020 0.0020
87       87   (0)      1  : 0.9915 0.0020 0.0025 0.0020 0.0020
88       88   (0)      1  : 0.8771 0.1035 0.0110 0.0040 0.0045
89       89   (0)      1  : 0.9720 0.0060 0.0055 0.0145 0.0020
90       90   (0)      1  : 0.9860 0.0055 0.0035 0.0020 0.0030
91       91   (0)      1  : 0.9885 0.0040 0.0025 0.0020 0.0030
92       92   (0)      1  : 0.9825 0.0030 0.0080 0.0020 0.0045
93       93   (0)      1  : 0.9930 0.0020 0.0015 0.0015 0.0020
94       94   (5)      1  : 0.9750 0.0115 0.0035 0.0080 0.0020
95       95   (0)      1  : 0.9915 0.0025 0.0020 0.0020 0.0020
96       96   (5)      1  : 0.9940 0.0010 0.0010 0.0020 0.0020
97       97   (0)      1  : 0.9865 0.0060 0.0025 0.0010 0.0040
98       98   (0)      1  : 0.9870 0.0030 0.0035 0.0035 0.0030
99       99   (5)      1  : 0.9905 0.0020 0.0025 0.0030 0.0020
100      100   (5)      1  : 0.9930 0.0020 0.0020 0.0010 0.0020
101      101   (0)      2  : 0.9900 0.0020 0.0020 0.0040 0.0020
102      102   (0)      2  : 0.9910 0.0020 0.0020 0.0030 0.0020
103      103   (0)      2  : 0.9950 0.0010 0.0010 0.0020 0.0010
104      104   (0)      2  : 0.9895 0.0045 0.0030 0.0010 0.0020
105      105   (0)      2  : 0.9790 0.0050 0.0045 0.0045 0.0070
106      106   (0)      2  : 0.9855 0.0025 0.0030 0.0040 0.0050
107      107   (0)      2  : 0.9845 0.0030 0.0065 0.0020 0.0040
108      108   (0)      2  : 0.9930 0.0015 0.0015 0.0020 0.0020
109      109   (0)      2  : 0.9605 0.0170 0.0040 0.0145 0.0040
110      110   (0)      2  : 0.9880 0.0035 0.0035 0.0030 0.0020
111      111   (0)      2  : 0.9890 0.0040 0.0035 0.0010 0.0025
112      112   (0)      2  : 0.9885 0.0045 0.0020 0.0030 0.0020
113      113   (0)      2  : 0.9835 0.0035 0.0035 0.0045 0.0050
114      114   (0)      2  : 0.9865 0.0035 0.0030 0.0040 0.0030
115      115   (0)      2  : 0.9910 0.0020 0.0020 0.0030 0.0020
116      116   (0)      2  : 0.9955 0.0010 0.0010 0.0015 0.0010
117      117   (0)      2  : 0.9870 0.0035 0.0055 0.0010 0.0030
118      118   (0)      2  : 0.9815 0.0025 0.0035 0.0030 0.0095
119      119   (0)      2  : 0.9910 0.0030 0.0020 0.0020 0.0020
120      120   (0)      2  : 0.9860 0.0030 0.0030 0.0040 0.0040
121      121   (0)      2  : 0.9825 0.0095 0.0040 0.0020 0.0020
122      122   (0)      2  : 0.9880 0.0035 0.0025 0.0040 0.0020
123      123   (0)      2  : 0.9785 0.0155 0.0020 0.0015 0.0025
124      124   (0)      2  : 0.9810 0.0115 0.0025 0.0020 0.0030
125      125   (0)      2  : 0.9805 0.0030 0.0115 0.0030 0.0020
126      126   (0)      2  : 0.9915 0.0010 0.0020 0.0035 0.0020
127      127   (0)      2  : 0.9935 0.0010 0.0015 0.0020 0.0020
128      128   (0)      2  : 0.9715 0.0160 0.0035 0.0040 0.0050
129      129   (0)      2  : 0.9910 0.0020 0.0020 0.0020 0.0030
130      130   (0)      2  : 0.9920 0.0010 0.0020 0.0030 0.0020
131      131   (0)      2  : 0.9900 0.0025 0.0025 0.0020 0.0030
132      132   (0)      2  : 0.9825 0.0065 0.0075 0.0015 0.0020
133      133   (0)      2  : 0.9955 0.0010 0.0015 0.0010 0.0010
134      134   (0)      2  : 0.9895 0.0030 0.0025 0.0020 0.0030
135      135   (0)      2  : 0.9905 0.0025 0.0020 0.0030 0.0020
136      136   (0)      2  : 0.9795 0.0025 0.0020 0.0120 0.0040
137      137   (0)      2  : 0.9850 0.0020 0.0050 0.0030 0.0050
138      138   (0)      2  : 0.9915 0.0020 0.0025 0.0020 0.0020
139      139   (0)      2  : 0.9870 0.0040 0.0030 0.0020 0.0040
140      140   (0)      2  : 0.9865 0.0025 0.0050 0.0020 0.0040
141      141   (0)      2  : 0.9835 0.0035 0.0070 0.0040 0.0020
142      142   (0)      2  : 0.9810 0.0125 0.0025 0.0020 0.0020
143      143   (0)      2  : 0.9905 0.0035 0.0015 0.0020 0.0025
144      144   (0)      2  : 0.9910 0.0020 0.0020 0.0030 0.0020
145      145   (0)      2  : 0.9940 0.0010 0.0010 0.0030 0.0010
146      146   (0)      2  : 0.9890 0.0035 0.0025 0.0020 0.0030
147      147   (0)      2  : 0.9890 0.0020 0.0025 0.0035 0.0030
148      148   (0)      2  : 0.9895 0.0025 0.0030 0.0020 0.0030
149      149   (0)      2  : 0.9945 0.0015 0.0020 0.0010 0.0010
150      150   (0)      2  : 0.9900 0.0020 0.0030 0.0030 0.0020
151      151   (0)      2  : 0.9695 0.0030 0.0050 0.0195 0.0030
152      152   (0)      2  : 0.9670 0.0160 0.0100 0.0030 0.0040
153      153   (0)      2  : 0.9835 0.0045 0.0030 0.0060 0.0030
154      154   (0)      2  : 0.9900 0.0025 0.0015 0.0040 0.0020
155      155   (0)      2  : 0.9850 0.0030 0.0030 0.0050 0.0040
156      156   (0)      2  : 0.9875 0.0035 0.0030 0.0030 0.0030
157      157   (0)      2  : 0.9870 0.0030 0.0050 0.0020 0.0030
158      158   (0)      2  : 0.9930 0.0015 0.0025 0.0010 0.0020
159      159   (0)      2  : 0.9795 0.0095 0.0040 0.0020 0.0050
160      160   (0)      2  : 0.9840 0.0030 0.0030 0.0070 0.0030
161      161   (0)      2  : 0.9920 0.0020 0.0020 0.0030 0.0010
162      162   (0)      2  : 0.9875 0.0025 0.0050 0.0020 0.0030
163      163   (0)      2  : 0.9940 0.0010 0.0020 0.0010 0.0020
164      164   (0)      2  : 0.9800 0.0100 0.0020 0.0050 0.0030
165      165   (0)      2  : 0.9925 0.0035 0.0020 0.0010 0.0010
166      166   (0)      2  : 0.9705 0.0075 0.0090 0.0010 0.0120
167      167   (0)      2  : 0.9450 0.0320 0.0170 0.0030 0.0030
168      168   (0)      2  : 0.9925 0.0015 0.0020 0.0020 0.0020
169      169   (0)      2  : 0.9910 0.0030 0.0020 0.0020 0.0020
170      170   (0)      2  : 0.9910 0.0020 0.0020 0.0030 0.0020
171      171   (0)      2  : 0.9890 0.0020 0.0020 0.0040 0.0030
172      172   (0)      2  : 0.9905 0.0035 0.0030 0.0010 0.0020
173      173   (0)      2  : 0.9825 0.0025 0.0040 0.0040 0.0070
174      174   (0)      2  : 0.9780 0.0050 0.0070 0.0030 0.0070
175      175   (0)      2  : 0.9925 0.0015 0.0020 0.0020 0.0020
176      176   (0)      2  : 0.9915 0.0020 0.0025 0.0020 0.0020
177      177   (0)      2  : 0.9875 0.0065 0.0030 0.0010 0.0020
178      178   (0)      2  : 0.9780 0.0020 0.0020 0.0040 0.0140
179      179   (0)      2  : 0.9850 0.0025 0.0020 0.0075 0.0030
180      180   (0)      2  : 0.9860 0.0040 0.0035 0.0030 0.0035
181      181   (0)      2  : 0.9765 0.0080 0.0050 0.0040 0.0065
182      182   (0)      2  : 0.9725 0.0060 0.0085 0.0030 0.0100
183      183   (0)      2  : 0.9935 0.0015 0.0020 0.0010 0.0020
184      184   (0)      2  : 0.9890 0.0045 0.0020 0.0030 0.0015
185      185   (0)      2  : 0.9910 0.0020 0.0020 0.0030 0.0020
186      186   (0)      2  : 0.9900 0.0040 0.0025 0.0015 0.0020
187      187   (0)      2  : 0.9850 0.0090 0.0020 0.0020 0.0020
188      188   (0)      2  : 0.9925 0.0015 0.0020 0.0020 0.0020
189      189   (0)      2  : 0.9895 0.0025 0.0020 0.0030 0.0030
190      190   (0)      2  : 0.9815 0.0030 0.0055 0.0070 0.0030
191      191   (0)      2  : 0.9885 0.0020 0.0035 0.0020 0.0040
192      192   (0)      2  : 0.9920 0.0020 0.0020 0.0020 0.0020
193      193   (0)      2  : 0.9890 0.0020 0.0020 0.0050 0.0020
194      194   (0)      2  : 0.9660 0.0210 0.0080 0.0020 0.0030
195      195   (0)      2  : 0.9905 0.0025 0.0020 0.0030 0.0020
196      196   (0)      2  : 0.9905 0.0030 0.0025 0.0020 0.0020
197      197   (0)      2  : 0.9365 0.0410 0.0040 0.0080 0.0105
198      198   (0)      2  : 0.9690 0.0100 0.0110 0.0060 0.0040
199      199   (0)      2  : 0.9860 0.0020 0.0060 0.0040 0.0020
200      200   (0)      2  : 0.9875 0.0035 0.0020 0.0040 0.0030
201      201   (0)      2  : 0.9940 0.0020 0.0010 0.0010 0.0020
202      202   (0)      2  : 0.9880 0.0030 0.0025 0.0030 0.0035
203      203   (0)      2  : 0.9900 0.0020 0.0020 0.0040 0.0020
204      204   (0)      2  : 0.9805 0.0105 0.0020 0.0030 0.0040
205      205   (0)      2  : 0.9890 0.0020 0.0020 0.0030 0.0040
206      206   (0)      2  : 0.9900 0.0025 0.0025 0.0020 0.0030
207      207   (0)      2  : 0.9855 0.0015 0.0020 0.0060 0.0050
208      208   (0)      2  : 0.9720 0.0060 0.0050 0.0080 0.0090
209      209   (0)      2  : 0.9820 0.0045 0.0035 0.0030 0.0070
210      210   (0)      2  : 0.9880 0.0025 0.0025 0.0030 0.0040
211      211   (0)      2  : 0.9850 0.0025 0.0035 0.0050 0.0040
212      212   (0)      2  : 0.9920 0.0030 0.0020 0.0010 0.0020
213      213   (0)      2  : 0.9485 0.0070 0.0160 0.0090 0.0195
214      214   (0)      2  : 0.9860 0.0040 0.0020 0.0060 0.0020
215      215   (0)      2  : 0.9500 0.0275 0.0040 0.0070 0.0115
216      216   (0)      2  : 0.9710 0.0115 0.0065 0.0010 0.0100
217      217   (0)      2  : 0.9645 0.0040 0.0145 0.0080 0.0090
218      218   (0)      2  : 0.9895 0.0015 0.0020 0.0040 0.0030
219      219   (0)      2  : 0.9915 0.0030 0.0025 0.0010 0.0020
220      220   (0)      2  : 0.9915 0.0025 0.0020 0.0020 0.0020
221      221   (0)      2  : 0.9940 0.0010 0.0020 0.0010 0.0020
222      222   (0)      2  : 0.9915 0.0025 0.0020 0.0020 0.0020
223      223   (0)      2  : 0.9940 0.0020 0.0010 0.0020 0.0010
224      224   (0)      2  : 0.9925 0.0020 0.0015 0.0020 0.0020
225      225   (0)      2  : 0.9925 0.0025 0.0020 0.0010 0.0020
226      226   (0)      2  : 0.9895 0.0045 0.0020 0.0020 0.0020
227      227   (0)      2  : 0.9296 0.0045 0.0065 0.0465 0.0130
228      228   (0)      2  : 0.9775 0.0055 0.0050 0.0020 0.0100
229      229   (0)      2  : 0.9630 0.0270 0.0030 0.0030 0.0040
230      230   (0)      2  : 0.9855 0.0020 0.0045 0.0040 0.0040
231      231   (0)      2  : 0.9895 0.0020 0.0045 0.0020 0.0020
232      232   (0)      2  : 0.9915 0.0020 0.0025 0.0020 0.0020
233      233   (0)      2  : 0.9885 0.0040 0.0025 0.0020 0.0030
234      234   (0)      2  : 0.9820 0.0030 0.0040 0.0070 0.0040
235      235   (0)      2  : 0.9860 0.0045 0.0035 0.0010 0.0050
236      236   (0)      2  : 0.9745 0.0150 0.0040 0.0020 0.0045
237      237   (0)      2  : 0.9935 0.0010 0.0020 0.0015 0.0020
238      238   (0)      2  : 0.9950 0.0010 0.0020 0.0010 0.0010
239      239   (0)      2  : 0.9750 0.0035 0.0075 0.0020 0.0120
240      240   (0)      2  : 0.9915 0.0025 0.0020 0.0020 0.0020
241      241   (0)      2  : 0.9840 0.0070 0.0030 0.0020 0.0040
242      242   (0)      2  : 0.9915 0.0020 0.0015 0.0030 0.0020
243      243   (0)      2  : 0.9745 0.0030 0.0100 0.0065 0.0060
244      244   (0)      2  : 0.9895 0.0055 0.0020 0.0020 0.0010
245      245   (0)      2  : 0.9920 0.0020 0.0010 0.0030 0.0020
246      246   (0)      2  : 0.9680 0.0145 0.0140 0.0010 0.0025
247      247   (0)      2  : 0.9920 0.0020 0.0020 0.0020 0.0020
248      248   (0)      2  : 0.9950 0.0010 0.0010 0.0020 0.0010
249      249   (0)      2  : 0.9890 0.0020 0.0020 0.0040 0.0030
250      250   (0)      2  : 0.9459 0.0120 0.0155 0.0020 0.0245
251      251   (0)      2  : 0.9815 0.0075 0.0030 0.0030 0.0050
252      252   (0)      2  : 0.9920 0.0020 0.0020 0.0020 0.0020
253      253   (0)      2  : 0.9900 0.0035 0.0025 0.0020 0.0020
254      254   (0)      2  : 0.9805 0.0020 0.0030 0.0070 0.0075
255      255   (0)      2  : 0.9920 0.0020 0.0020 0.0020 0.0020
256      256   (0)      2  : 0.9750 0.0015 0.0050 0.0135 0.0050
257      257   (0)      2  : 0.9920 0.0020 0.0020 0.0020 0.0020
258      258   (0)      2  : 0.9955 0.0015 0.0010 0.0010 0.0010
259      259   (0)      2  : 0.9725 0.0050 0.0065 0.0060 0.0100
260      260   (0)      2  : 0.9790 0.0045 0.0070 0.0050 0.0045
261      261   (0)      2  : 0.9925 0.0015 0.0010 0.0030 0.0020
262      262   (0)      2  : 0.9715 0.0025 0.0040 0.0080 0.0140
263      263   (0)      2  : 0.9915 0.0020 0.0015 0.0030 0.0020
264      264   (0)      2  : 0.9760 0.0040 0.0100 0.0020 0.0080
265      265   (0)      2  : 0.9925 0.0015 0.0020 0.0020 0.0020
266      266   (0)      2  : 0.9805 0.0045 0.0080 0.0030 0.0040
267      267   (0)      2  : 0.9585 0.0120 0.0230 0.0025 0.0040
268      268   (0)      2  : 0.9870 0.0040 0.0030 0.0030 0.0030
269      269   (0)      2  : 0.9910 0.0035 0.0025 0.0010 0.0020
270      270   (0)      2  : 0.9765 0.0060 0.0050 0.0045 0.0080
271      271   (0)      2  : 0.9960 0.0010 0.0010 0.0010 0.0010
272      272   (0)      2  : 0.9920 0.0020 0.0020 0.0020 0.0020
273      273   (0)      2  : 0.9840 0.0060 0.0030 0.0030 0.0040
274      274   (0)      2  : 0.9895 0.0045 0.0020 0.0020 0.0020
275      275   (0)      2  : 0.9925 0.0015 0.0030 0.0010 0.0020
276      276   (0)      2  : 0.9785 0.0125 0.0020 0.0040 0.0030
277      277   (0)      2  : 0.9940 0.0020 0.0015 0.0010 0.0015
278      278   (0)      2  : 0.9920 0.0035 0.0020 0.0015 0.0010
279      279   (0)      2  : 0.9845 0.0035 0.0030 0.0060 0.0030
280      280   (0)      2  : 0.9910 0.0025 0.0025 0.0020 0.0020
281      281   (0)      2  : 0.9870 0.0030 0.0020 0.0040 0.0040
282      282   (0)      2  : 0.9840 0.0055 0.0045 0.0030 0.0030
283      283   (0)      2  : 0.9170 0.0525 0.0070 0.0050 0.0185
284      284   (0)      2  : 0.9500 0.0025 0.0050 0.0365 0.0060
285      285   (0)      2  : 0.9860 0.0050 0.0020 0.0040 0.0030
286      286   (0)      2  : 0.9885 0.0025 0.0030 0.0020 0.0040
287      287   (0)      2  : 0.9880 0.0040 0.0020 0.0030 0.0030
288      288   (0)      2  : 0.9755 0.0115 0.0055 0.0020 0.0055
289      289   (0)      2  : 0.9935 0.0020 0.0015 0.0010 0.0020
290      290   (0)      2  : 0.9855 0.0025 0.0035 0.0040 0.0045
291      291   (0)      2  : 0.9860 0.0015 0.0035 0.0040 0.0050
292      292   (0)      2  : 0.9850 0.0030 0.0070 0.0020 0.0030
293      293   (0)      2  : 0.9680 0.0025 0.0055 0.0160 0.0080
294      294   (0)      2  : 0.9645 0.0030 0.0075 0.0060 0.0190
295      295   (0)      2  : 0.9930 0.0020 0.0020 0.0010 0.0020
296      296   (0)      2  : 0.9945 0.0015 0.0010 0.0020 0.0010
297      297   (0)      2  : 0.9935 0.0015 0.0010 0.0020 0.0020
298      298   (0)      2  : 0.9675 0.0070 0.0095 0.0110 0.0050
299      299   (0)      2  : 0.9875 0.0030 0.0040 0.0030 0.0025
300      300   (0)      2  : 0.9920 0.0020 0.0015 0.0020 0.0025
301      301   (0)      2  : 0.9875 0.0045 0.0020 0.0030 0.0030
302      302   (0)      2  : 0.9855 0.0040 0.0035 0.0040 0.0030
303      303   (0)      2  : 0.9860 0.0060 0.0040 0.0020 0.0020
304      304   (0)      2  : 0.9910 0.0035 0.0025 0.0020 0.0010
305      305   (0)      2  : 0.9810 0.0105 0.0045 0.0020 0.0020
306      306   (0)      2  : 0.9870 0.0020 0.0020 0.0060 0.0030
307      307   (0)      2  : 0.9920 0.0020 0.0020 0.0020 0.0020
308      308   (0)      2  : 0.9940 0.0010 0.0020 0.0010 0.0020
309      309   (0)      2  : 0.9865 0.0065 0.0030 0.0020 0.0020
310      310   (0)      2  : 0.9800 0.0080 0.0075 0.0020 0.0025
311      311   (0)      2  : 0.9895 0.0030 0.0035 0.0010 0.0030
312      312   (0)      2  : 0.9940 0.0020 0.0020 0.0010 0.0010
313      313   (0)      2  : 0.9890 0.0040 0.0030 0.0020 0.0020
314      314   (0)      2  : 0.9860 0.0030 0.0030 0.0050 0.0030
315      315   (0)      2  : 0.9955 0.0015 0.0010 0.0010 0.0010
316      316   (0)      2  : 0.9915 0.0025 0.0020 0.0020 0.0020
317      317   (0)      2  : 0.9930 0.0020 0.0025 0.0010 0.0015
318      318   (0)      2  : 0.9785 0.0095 0.0050 0.0030 0.0040
319      319   (0)      2  : 0.9685 0.0145 0.0040 0.0090 0.0040
320      320   (0)      2  : 0.9865 0.0030 0.0055 0.0020 0.0030
321      321   (0)      2  : 0.9880 0.0025 0.0055 0.0010 0.0030
322      322   (0)      2  : 0.9940 0.0020 0.0020 0.0010 0.0010
323      323   (0)      2  : 0.9895 0.0025 0.0030 0.0030 0.0020
324      324   (0)      2  : 0.9695 0.0015 0.0070 0.0090 0.0130
325      325   (0)      2  : 0.9855 0.0075 0.0030 0.0020 0.0020
326      326   (0)      2  : 0.9915 0.0025 0.0020 0.0020 0.0020
327      327   (0)      2  : 0.9575 0.0025 0.0080 0.0270 0.0050
328      328   (0)      2  : 0.9710 0.0035 0.0090 0.0050 0.0115
329      329   (0)      2  : 0.9780 0.0095 0.0040 0.0055 0.0030
330      330   (0)      2  : 0.9920 0.0020 0.0020 0.0020 0.0020
331      331   (0)      2  : 0.9910 0.0020 0.0020 0.0030 0.0020
332      332   (0)      2  : 0.9855 0.0085 0.0020 0.0020 0.0020
333      333   (0)      2  : 0.9805 0.0035 0.0050 0.0020 0.0090
334      334   (0)      2  : 0.9915 0.0020 0.0025 0.0020 0.0020
335      335   (0)      2  : 0.9940 0.0025 0.0015 0.0010 0.0010
336      336   (0)      2  : 0.9895 0.0025 0.0020 0.0020 0.0040
337      337   (0)      2  : 0.9845 0.0020 0.0025 0.0040 0.0070
338      338   (0)      2  : 0.9860 0.0045 0.0020 0.0045 0.0030
339      339   (0)      2  : 0.9905 0.0020 0.0015 0.0040 0.0020
340      340   (0)      2  : 0.9925 0.0010 0.0020 0.0025 0.0020
341      341   (0)      2  : 0.9850 0.0045 0.0035 0.0040 0.0030
342      342   (0)      2  : 0.9760 0.0095 0.0065 0.0040 0.0040
343      343   (0)      2  : 0.9820 0.0100 0.0040 0.0010 0.0030
344      344   (0)      2  : 0.9855 0.0090 0.0020 0.0010 0.0025
345      345   (0)      2  : 0.9790 0.0025 0.0095 0.0030 0.0060
346      346   (0)      2  : 0.9840 0.0060 0.0030 0.0040 0.0030
347      347   (0)      2  : 0.9800 0.0050 0.0040 0.0070 0.0040
348      348   (0)      2  : 0.9935 0.0010 0.0025 0.0010 0.0020
349      349   (0)      2  : 0.9905 0.0035 0.0020 0.0020 0.0020
350      350   (0)      2  : 0.9870 0.0020 0.0040 0.0030 0.0040
351      351   (5)      3  : 0.5963 0.0025 0.0045 0.0030 0.3937
352      352   (0)      3  : 0.3160 0.0050 0.0220 0.0110 0.6460
353      353   (0)      3  : 0.4898 0.0085 0.0040 0.0070 0.4908
354      354   (5)      3  : 0.4025 0.0265 0.0485 0.0050 0.5175
355      355   (5)      3  : 0.3648 0.0015 0.0085 0.0060 0.6192
356      356   (0)      3  : 0.2765 0.0065 0.0050 0.0175 0.6945
357      357   (0)      4  : 0.0125 0.0195 0.0075 0.0020 0.9585
358      358   (0)      4  : 0.0796 0.0385 0.1161 0.0020 0.7638
359      359  (10)      5  : 0.0035 0.0175 0.0170 0.0025 0.9595
360      360   (5)      5  : 0.0040 0.0120 0.0075 0.0060 0.9705
361      361   (5)      5  : 0.2670 0.0250 0.0780 0.0055 0.6245
362      362   (5)      5  : 0.0020 0.0020 0.0170 0.0020 0.9770
363      363  (10)      5  : 0.0335 0.0315 0.0180 0.0065 0.9105
364      364   (5)      5  : 0.3820 0.0330 0.0755 0.0100 0.4995
365      365  (10)      5  : 0.0095 0.0105 0.0050 0.0020 0.9730
366      366   (0)      5  : 0.0050 0.0025 0.0085 0.0730 0.9110
367      367   (0)      5  : 0.0075 0.0090 0.0045 0.0020 0.9770
368      368   (0)      5  : 0.0020 0.0020 0.0035 0.0040 0.9885
369      369   (0)      5  : 0.0285 0.0030 0.0400 0.0035 0.9250
370      370   (0)      5  : 0.1115 0.0150 0.0085 0.0020 0.8630
371      371   (0)      5  : 0.0040 0.0015 0.0030 0.0030 0.9885
372      372   (0)      5  : 0.0205 0.0080 0.0110 0.0030 0.9575
373      373   (0)      5  : 0.0060 0.0961 0.0200 0.0020 0.8759
374      374   (0)      5  : 0.0230 0.0415 0.0245 0.0030 0.9080
375      375   (0)      5  : 0.0405 0.0115 0.0110 0.0025 0.9345
376      376   (0)      5  : 0.3192 0.0165 0.0185 0.0040 0.6419
377      377   (0)      5  : 0.0045 0.0025 0.0060 0.0050 0.9820
378      378   (5)      5  : 0.0100 0.0015 0.0030 0.0300 0.9555
379      379   (0)      5  : 0.0110 0.0370 0.0035 0.0030 0.9455
380      380   (0)      5  : 0.1561 0.0390 0.0085 0.0030 0.7934
381      381   (5)      5  : 0.0305 0.0040 0.0115 0.0100 0.9440
382      382   (5)      5  : 0.0105 0.0020 0.0050 0.0050 0.9775
383      383   (0)      5  : 0.1525 0.0220 0.0240 0.0305 0.7710
384      384   (0)      5  : 0.0795 0.0020 0.0065 0.0040 0.9080
385      385   (0)      5  : 0.0135 0.0630 0.0340 0.0020 0.8874
386      386   (0)      5  : 0.0020 0.0035 0.0030 0.0035 0.9880
387      387   (0)      5  : 0.0020 0.0030 0.0030 0.0040 0.9880
388      388   (0)      5  : 0.0025 0.0035 0.0050 0.0030 0.9860
389      389   (0)      5  : 0.0010 0.0015 0.0025 0.0060 0.9890
390      390   (0)      5  : 0.0075 0.0040 0.0080 0.0020 0.9785
391      391   (0)      5  : 0.0210 0.0050 0.0040 0.0240 0.9460
392      392   (0)      5  : 0.0030 0.1489 0.1702 0.0150 0.6630
393      393   (0)      5  : 0.0155 0.0035 0.0050 0.0040 0.9720
394      394   (0)      5  : 0.0435 0.0030 0.0030 0.0025 0.9480
395      395   (0)      5  : 0.1430 0.0140 0.0365 0.0160 0.7905
396      396   (0)      5  : 0.0020 0.0030 0.0020 0.0030 0.9900
397      397   (0)      5  : 0.0230 0.0055 0.0050 0.0165 0.9500
398      398   (0)      5  : 0.0215 0.0045 0.0510 0.0030 0.9200
399      399   (0)      5  : 0.0030 0.0675 0.0085 0.0010 0.9200
400      400   (0)      5  : 0.0060 0.0255 0.0480 0.0020 0.9185
401      401  (10)      6  : 0.0020 0.0030 0.0170 0.0020 0.9760
402      402   (0)      6  : 0.0035 0.0761 0.0505 0.0020 0.8679
403      403   (0)      6  : 0.0330 0.0020 0.0020 0.0365 0.9264
404      404   (0)      6  : 0.0020 0.0035 0.0040 0.0030 0.9875
405      405   (0)      6  : 0.0030 0.1905 0.0400 0.0020 0.7645
406      406   (5)      6  : 0.0020 0.1970 0.1396 0.0020 0.6593
407      407   (0)      6  : 0.0020 0.0025 0.0155 0.0020 0.9780
408      408   (0)      6  : 0.0030 0.0030 0.0055 0.0010 0.9875
409      409   (0)      6  : 0.0015 0.0045 0.0055 0.0575 0.9310
410      410   (0)      6  : 0.0280 0.0325 0.0450 0.0015 0.8931
411      411   (0)      6  : 0.0020 0.0040 0.0045 0.4858 0.5037
412      412   (0)      6  : 0.0020 0.0020 0.0025 0.0030 0.9905
413      413   (0)      6  : 0.0015 0.0015 0.0355 0.0055 0.9560
414      414   (0)      6  : 0.0030 0.0110 0.0065 0.0020 0.9775
415      415   (5)      6  : 0.0020 0.0015 0.0035 0.0040 0.9890
416      416   (0)      6  : 0.0030 0.0025 0.0055 0.0025 0.9865
417      417   (0)      6  : 0.0040 0.0035 0.0040 0.0070 0.9815
418      418   (0)      6  : 0.0020 0.0025 0.0030 0.0040 0.9885
419      419   (0)      6  : 0.0020 0.0055 0.0075 0.0020 0.9830
420      420   (0)      6  : 0.0010 0.0010 0.0020 0.0010 0.9950
421      421   (0)      6  : 0.0020 0.0030 0.0065 0.0020 0.9865
422      422   (5)      6  : 0.0020 0.0035 0.0050 0.0045 0.9850
423      423   (5)      6  : 0.0030 0.0025 0.0040 0.0235 0.9670
424      424   (5)      6  : 0.0040 0.0090 0.0165 0.0035 0.9670
425      425   (0)      6  : 0.0040 0.0065 0.0045 0.0010 0.9840
426      426   (0)      6  : 0.0020 0.0025 0.0230 0.0020 0.9705
427      427   (0)      6  : 0.0020 0.0030 0.0125 0.0060 0.9765
428      428   (0)      6  : 0.0035 0.0090 0.0030 0.0010 0.9835
429      429   (0)      6  : 0.0015 0.0020 0.0025 0.0020 0.9920
430      430   (0)      6  : 0.0040 0.0025 0.0030 0.0040 0.9865
431      431   (0)      6  : 0.0035 0.0030 0.0035 0.0120 0.9780
432      432   (0)      6  : 0.0020 0.0020 0.0040 0.0055 0.9865
433      433   (0)      6  : 0.0020 0.0030 0.0030 0.0020 0.9900
434      434   (0)      6  : 0.0020 0.0030 0.0065 0.0040 0.9845
435      435   (0)      6  : 0.0030 0.0235 0.0740 0.0020 0.8975
436      436   (0)      6  : 0.0020 0.0030 0.0020 0.0070 0.9860
437      437   (5)      6  : 0.0040 0.0080 0.0100 0.0050 0.9730
438      438   (0)      6  : 0.0040 0.0025 0.0035 0.0040 0.9860
439      439   (0)      6  : 0.0020 0.0025 0.0065 0.0040 0.9850
440      440   (0)      6  : 0.0030 0.0020 0.0035 0.0030 0.9885
441      441   (0)      6  : 0.0020 0.0030 0.0045 0.0030 0.9875
442      442   (0)      6  : 0.0025 0.0025 0.0025 0.0030 0.9895
443      443   (5)      6  : 0.0020 0.0020 0.0020 0.0030 0.9910
444      444   (5)      6  : 0.0030 0.0075 0.0035 0.0040 0.9820
445      445   (5)      6  : 0.0020 0.0060 0.0045 0.0060 0.9815
446      446   (5)      6  : 0.0030 0.0025 0.0030 0.0060 0.9855
447      447   (5)      6  : 0.0035 0.0020 0.0030 0.0050 0.9865
448      448   (5)      6  : 0.0045 0.0025 0.0030 0.0040 0.9860
449      449   (0)      6  : 0.0045 0.0070 0.0470 0.0030 0.9385
450      450   (5)      6  : 0.0010 0.0020 0.0035 0.0040 0.9895
451      451   (0)      6  : 0.0020 0.0440 0.8810 0.0050 0.0680
452      452   (0)      6  : 0.0215 0.0720 0.1285 0.0355 0.7425
453      453   (0)      6  : 0.0015 0.0025 0.0100 0.0065 0.9795
454      454   (0)      6  : 0.0010 0.0020 0.0030 0.0020 0.9920
455      455   (0)      6  : 0.0030 0.0220 0.0085 0.0030 0.9635
456      456   (0)      6  : 0.0020 0.0020 0.0050 0.0040 0.9870
457      457   (0)      6  : 0.0020 0.0020 0.0030 0.0040 0.9890
458      458   (0)      6  : 0.0030 0.0040 0.0105 0.0020 0.9805
459      459   (0)      6  : 0.0020 0.0035 0.0085 0.0150 0.9710
460      460   (0)      6  : 0.0020 0.0025 0.0065 0.0030 0.9860
461      461   (0)      6  : 0.0025 0.0445 0.0915 0.0020 0.8595
462      462   (0)      6  : 0.0015 0.9925 0.0020 0.0020 0.0020
463      463   (0)      6  : 0.0010 0.0025 0.0045 0.0040 0.9880
464      464   (0)      6  : 0.0015 0.0030 0.0070 0.0030 0.9855
465      465   (0)      6  : 0.0020 0.0025 0.0110 0.0030 0.9815
466      466   (0)      6  : 0.0030 0.0240 0.0315 0.0020 0.9395
467      467   (0)      6  : 0.0020 0.0050 0.0055 0.0010 0.9865
468      468   (0)      6  : 0.0035 0.0835 0.0060 0.0835 0.8235
469      469   (0)      6  : 0.0030 0.0130 0.0170 0.0155 0.9515
470      470   (0)      6  : 0.0020 0.0090 0.0225 0.0040 0.9625
471      471   (0)      6  : 0.0010 0.0030 0.0025 0.0020 0.9915
472      472   (0)      6  : 0.0010 0.0020 0.0020 0.0020 0.9930
473      473   (0)      6  : 0.0030 0.0030 0.0070 0.0030 0.9840
474      474   (0)      6  : 0.0030 0.0165 0.0075 0.0020 0.9710
475      475   (0)      6  : 0.0020 0.0040 0.0100 0.0030 0.9810
476      476   (0)      6  : 0.0015 0.0035 0.0380 0.0020 0.9550
477      477   (0)      6  : 0.0020 0.0045 0.0140 0.0020 0.9775
478      478   (0)      6  : 0.0020 0.0025 0.0030 0.0080 0.9845
479      479   (0)      6  : 0.0030 0.0045 0.0035 0.0080 0.9810
480      480   (0)      6  : 0.0025 0.0055 0.0410 0.0030 0.9480
481      481   (0)      6  : 0.0010 0.0020 0.0020 0.7680 0.2270
482      482   (0)      6  : 0.0020 0.0035 0.0055 0.0030 0.9860
483      483   (0)      6  : 0.0020 0.0045 0.0045 0.0030 0.9860
484      484   (0)      6  : 0.0020 0.0040 0.0040 0.0040 0.9860
485      485   (0)      6  : 0.0010 0.0035 0.0025 0.0020 0.9910
486      486   (0)      6  : 0.0030 0.0060 0.0040 0.0020 0.9850
487      487   (0)      6  : 0.0020 0.0050 0.0035 0.0010 0.9885
488      488   (0)      6  : 0.0020 0.0025 0.0130 0.0070 0.9755
489      489   (0)      6  : 0.0020 0.0030 0.0070 0.0040 0.9840
490      490   (0)      6  : 0.0010 0.0045 0.0035 0.0030 0.9880
491      491   (0)      6  : 0.0020 0.0025 0.0140 0.0060 0.9755
492      492   (0)      6  : 0.0030 0.0040 0.0035 0.0020 0.9875
493      493  (10)      6  : 0.0020 0.0030 0.0050 0.6301 0.3599
494      494   (0)      6  : 0.0020 0.0030 0.0025 0.0040 0.9885
495      495   (0)      6  : 0.0020 0.0025 0.0040 0.0030 0.9885
496      496   (0)      6  : 0.0030 0.0170 0.0215 0.0140 0.9445
497      497   (0)      6  : 0.0030 0.0055 0.0030 0.0200 0.9685
498      498   (0)      6  : 0.0040 0.0110 0.0270 0.0030 0.9550
499      499   (0)      6  : 0.0010 0.0050 0.0030 0.0020 0.9890
500      500   (0)      6  : 0.0020 0.0055 0.0090 0.0040 0.9795
501      501   (0)      6  : 0.0010 0.0010 0.0020 0.0010 0.9950
502      502   (0)      6  : 0.0010 0.0015 0.0020 0.0030 0.9925
503      503   (0)      6  : 0.0030 0.0030 0.0045 0.0050 0.9845
504      504   (0)      6  : 0.0010 0.0020 0.0020 0.0020 0.9930
505      505   (0)      6  : 0.0010 0.0015 0.0025 0.0040 0.9910
506      506   (0)      7  : 0.0385 0.0030 0.0135 0.0085 0.9365
507      507  (10)      7  : 0.0065 0.0020 0.0045 0.0135 0.9735
508      508  (10)      7  : 0.0030 0.0255 0.0090 0.0055 0.9570
509      509   (5)      7  : 0.0010 0.0020 0.0030 0.0030 0.9910
510      510   (5)      7  : 0.0020 0.0020 0.0025 0.0085 0.9850
511      511   (0)      7  : 0.0010 0.0050 0.0050 0.0050 0.9840
512      512   (5)      7  : 0.0020 0.0045 0.0020 0.0080 0.9835
513      513   (5)      7  : 0.0020 0.0020 0.0040 0.0235 0.9685
514      514   (0)      7  : 0.0010 0.0015 0.0020 0.0030 0.9925
515      515   (0)      7  : 0.0010 0.0020 0.0035 0.0040 0.9895
516      516   (0)      7  : 0.0010 0.0020 0.0035 0.0040 0.9895
517      517   (0)      7  : 0.0020 0.0065 0.0934 0.0020 0.8961
518      518   (0)      7  : 0.0020 0.0055 0.0035 0.0030 0.9860
519      519   (5)      7  : 0.0015 0.0025 0.0050 0.0030 0.9880
520      520   (5)      7  : 0.0070 0.0060 0.0030 0.0030 0.9810
521      521  (10)      7  : 0.0030 0.0025 0.0105 0.0040 0.9800
522      522   (0)      7  : 0.0020 0.0035 0.0075 0.0035 0.9835
523      523   (5)      7  : 0.0090 0.0100 0.0435 0.0190 0.9184
524      524   (5)      7  : 0.0020 0.0060 0.0050 0.0020 0.9850
525      525   (0)      7  : 0.0010 0.0065 0.0060 0.0020 0.9845
526      526   (5)      7  : 0.0020 0.0025 0.0135 0.0080 0.9740
527      527   (0)      7  : 0.0085 0.0120 0.0060 0.0020 0.9715
528      528   (5)      7  : 0.0010 0.0070 0.0020 0.0040 0.9860
529      529   (0)      7  : 0.0020 0.0020 0.0025 0.0075 0.9860
530      530   (0)      7  : 0.0030 0.0025 0.0020 0.0110 0.9815
531      531   (0)      7  : 0.0055 0.0080 0.0035 0.0035 0.9795
532      532   (0)      7  : 0.0020 0.0025 0.0065 0.0120 0.9770
533      533   (0)      7  : 0.0020 0.0030 0.0135 0.0070 0.9745
534      534   (0)      7  : 0.0030 0.0030 0.0040 0.0265 0.9635
535      535   (0)      7  : 0.0055 0.0045 0.0020 0.0080 0.9800
536      536   (0)      7  : 0.0045 0.0050 0.0030 0.0030 0.9845
537      537   (0)      7  : 0.0050 0.0035 0.0150 0.0586 0.9179
538      538   (0)      7  : 0.0020 0.0025 0.0025 0.0040 0.9890
539      539   (0)      7  : 0.0030 0.0040 0.0055 0.0020 0.9855
540      540   (0)      7  : 0.0045 0.0040 0.0045 0.0030 0.9840
541      541   (0)      7  : 0.0010 0.0020 0.0030 0.0020 0.9920
542      542   (0)      7  : 0.0040 0.0025 0.0045 0.0020 0.9870
543      543   (0)      7  : 0.0020 0.0015 0.0030 0.0020 0.9915
544      544   (5)      7  : 0.0020 0.0035 0.0050 0.0040 0.9855
545      545   (5)      7  : 0.0020 0.0045 0.0035 0.0070 0.9830
546      546   (0)      7  : 0.0020 0.0045 0.0035 0.0020 0.9880
547      547  (15)      7  : 0.0040 0.0075 0.0055 0.0040 0.9790
548      548  (10)      7  : 0.0010 0.0020 0.0025 0.0060 0.9885
549      549  (10)      7  : 0.0020 0.0030 0.0060 0.0020 0.9870
550      550  (10)      7  : 0.0030 0.0045 0.0130 0.0040 0.9755
551      551   (5)      7  : 0.0020 0.0085 0.0085 0.0040 0.9770
552      552   (5)      7  : 0.0015 0.0025 0.0205 0.0050 0.9705
553      553   (5)      7  : 0.0020 0.0050 0.0040 0.0020 0.9870
554      554   (5)      7  : 0.0020 0.0035 0.0050 0.0055 0.9840
555      555   (5)      7  : 0.0030 0.0200 0.0260 0.0070 0.9440
556      556   (5)      7  : 0.0020 0.0040 0.0070 0.0020 0.9850
557      557  (15)      7  : 0.0125 0.0070 0.0375 0.0135 0.9295
558      558   (5)      7  : 0.0085 0.0015 0.0070 0.0035 0.9795
559      559   (5)      7  : 0.0010 0.0020 0.0055 0.0030 0.9885
560      560  (15)      7  : 0.0020 0.0030 0.0120 0.0055 0.9775
561      561   (5)      7  : 0.0130 0.0080 0.0250 0.0080 0.9460
562      562   (5)      7  : 0.0385 0.0674 0.0385 0.0075 0.8482
563      563   (5)      7  : 0.0020 0.0040 0.0085 0.0030 0.9825
564      564   (5)      7  : 0.0020 0.0025 0.0035 0.0080 0.9840
565      565  (10)      7  : 0.0025 0.0030 0.0035 0.0030 0.9880
566      566   (5)      7  : 0.0020 0.0020 0.0035 0.0300 0.9625
567      567   (5)      7  : 0.0020 0.0040 0.0075 0.0010 0.9855
568      568  (10)      7  : 0.0020 0.0035 0.0120 0.0115 0.9710
569      569  (10)      7  : 0.0020 0.0050 0.0045 0.0020 0.9865
570      570  (10)      7  : 0.0105 0.0030 0.0070 0.0030 0.9765
571      571  (10)      7  : 0.0225 0.0095 0.0135 0.0160 0.9385
572      572   (5)      7  : 0.0020 0.0030 0.0065 0.0040 0.9845
573      573  (10)      7  : 0.0030 0.1406 0.0075 0.0050 0.8439
574      574   (0)      7  : 0.0010 0.0030 0.0025 0.0095 0.9840
575      575   (5)      7  : 0.0020 0.0020 0.0020 0.0080 0.9860
576      576   (0)      7  : 0.0010 0.0015 0.0040 0.0030 0.9905
577      577   (0)      7  : 0.0010 0.0010 0.0020 0.0015 0.9945
578      578   (0)      7  : 0.0020 0.0020 0.0040 0.0030 0.9890
579      579   (0)      7  : 0.0045 0.0020 0.0020 0.0035 0.9880
580      580   (0)      7  : 0.0020 0.0125 0.0105 0.0020 0.9730
581      581   (0)      7  : 0.0120 0.0020 0.0025 0.0255 0.9580
582      582   (0)      7  : 0.0035 0.0035 0.0100 0.0485 0.9345
583      583  (10)      7  : 0.0020 0.0020 0.0020 0.0030 0.9910
584      584  (10)      7  : 0.0340 0.0095 0.8636 0.0040 0.0889
585      585   (0)      7  : 0.0290 0.0025 0.0325 0.0040 0.9320
586      586   (5)      7  : 0.0769 0.0120 0.2403 0.0040 0.6668
587      587   (0)      7  : 0.0030 0.0060 0.0130 0.0070 0.9710
588      588   (5)      7  : 0.0155 0.0040 0.0235 0.0065 0.9505
589      589   (5)      7  : 0.0020 0.0070 0.0065 0.0060 0.9785
590      590   (5)      7  : 0.0020 0.0040 0.0030 0.0070 0.9840
591      591  (10)      7  : 0.0010 0.0015 0.0045 0.0040 0.9890
592      592   (0)      7  : 0.0015 0.0020 0.0045 0.0020 0.9900
593      593   (0)      7  : 0.0020 0.0025 0.0040 0.0030 0.9885
594      594   (0)      7  : 0.0730 0.0360 0.4969 0.0040 0.3900
595      595   (0)      7  : 0.0020 0.0035 0.0035 0.0020 0.9890
596      596   (0)      7  : 0.0030 0.0070 0.0125 0.0040 0.9735
597      597   (0)      7  : 0.0020 0.0020 0.0030 0.0020 0.9910
598      598   (0)      7  : 0.0010 0.0040 0.0060 0.0140 0.9750
599      599   (0)      7  : 0.0040 0.0050 0.0195 0.0135 0.9580
600      600   (0)      7  : 0.0020 0.0020 0.0060 0.0120 0.9780
601      601   (0)      7  : 0.0025 0.0035 0.0075 0.0020 0.9845
602      602   (0)      7  : 0.0020 0.0050 0.0045 0.0020 0.9865
603      603   (0)      7  : 0.0160 0.0100 0.3595 0.0570 0.5575
604      604   (0)      7  : 0.0060 0.0335 0.5590 0.0080 0.3935
605      605   (0)      7  : 0.0110 0.0745 0.5960 0.0080 0.3105
606      606   (0)      7  : 0.0020 0.0240 0.0515 0.0105 0.9120
607      607   (0)      7  : 0.0175 0.0030 0.0145 0.0155 0.9495
608      608   (0)      7  : 0.0020 0.0020 0.0030 0.0030 0.9900
609      609   (5)      7  : 0.0045 0.0035 0.0080 0.0055 0.9785
610      610   (0)      7  : 0.0020 0.0055 0.0235 0.0045 0.9645
611      611   (5)      7  : 0.3458 0.0110 0.3195 0.0035 0.3202
612      612   (0)      7  : 0.0020 0.0050 0.0065 0.0020 0.9845
613      613   (0)      7  : 0.0215 0.0210 0.1861 0.0991 0.6724
614      614   (0)      7  : 0.0030 0.0460 0.0145 0.0035 0.9330
615      615   (0)      7  : 0.0040 0.0135 0.1260 0.0070 0.8495
616      616   (0)      7  : 0.0020 0.0025 0.0045 0.0030 0.9880
617      617   (0)      7  : 0.0020 0.0035 0.0025 0.0050 0.9870
618      618   (0)      7  : 0.0090 0.0085 0.0475 0.0130 0.9220
619      619   (0)      7  : 0.0010 0.0010 0.0060 0.0020 0.9900
620      620   (0)      7  : 0.0020 0.0035 0.0070 0.0030 0.9845
621      621   (0)      7  : 0.0010 0.0020 0.0025 0.0020 0.9925
622      622   (0)      7  : 0.0100 0.0065 0.4970 0.0770 0.4095
623      623   (0)      7  : 0.0010 0.0030 0.0035 0.0030 0.9895
624      624   (0)      7  : 0.0040 0.0030 0.0045 0.0020 0.9865
625      625   (5)      7  : 0.0020 0.0030 0.0175 0.0040 0.9735
626      626   (0)      7  : 0.0070 0.0030 0.0110 0.0110 0.9680
627      627   (0)      7  : 0.0030 0.0140 0.0150 0.0060 0.9620
628      628   (0)      7  : 0.0035 0.0020 0.0025 0.0020 0.9900
629      629  (10)      7  : 0.0020 0.0020 0.0155 0.0045 0.9760
630      630   (0)      7  : 0.0020 0.0015 0.0030 0.0020 0.9915
631      631   (0)      7  : 0.0010 0.0015 0.0030 0.0030 0.9915
632      632   (0)      7  : 0.0020 0.0020 0.0060 0.0030 0.9870
633      633  (10)      7  : 0.0030 0.0115 0.0205 0.0075 0.9575
634      634   (5)      7  : 0.0010 0.0050 0.0450 0.0030 0.9460
635      635   (0)      7  : 0.0020 0.0025 0.0045 0.0030 0.9880
636      636   (5)      7  : 0.0020 0.0020 0.0025 0.0030 0.9905
637      637   (5)      7  : 0.0010 0.0015 0.0025 0.0020 0.9930
638      638  (10)      7  : 0.0020 0.0050 0.0090 0.0020 0.9820
639      639   (0)      7  : 0.0020 0.0015 0.0030 0.0040 0.9895
640      640   (5)      7  : 0.0040 0.0115 0.0035 0.0030 0.9780
641      641  (10)      7  : 0.0020 0.0025 0.0065 0.0060 0.9830
642      642   (0)      7  : 0.0030 0.0075 0.0050 0.0020 0.9825
643      643   (0)      7  : 0.0180 0.0045 0.0120 0.0080 0.9575
644      644   (0)      7  : 0.0020 0.0195 0.0200 0.0020 0.9565
645      645   (0)      7  : 0.0030 0.0515 0.0090 0.0055 0.9310
646      646   (0)      7  : 0.0010 0.0020 0.0030 0.0030 0.9910
647      647   (0)      7  : 0.0030 0.0020 0.0035 0.0020 0.9895
648      648   (0)      7  : 0.0010 0.0025 0.0020 0.0040 0.9905
649      649   (0)      7  : 0.0010 0.0030 0.0020 0.0040 0.9900
650      650   (0)      7  : 0.0010 0.0015 0.0030 0.0050 0.9895
651      651   (5)      7  : 0.0040 0.0125 0.0140 0.0020 0.9675
652      652   (0)      7  : 0.0010 0.0015 0.0035 0.0030 0.9910
653      653   (0)      7  : 0.0020 0.0055 0.0025 0.0375 0.9525
654      654   (0)      7  : 0.0020 0.0045 0.0030 0.0020 0.9885
655      655   (5)      7  : 0.0040 0.0040 0.0080 0.0100 0.9740
656      656   (0)      7  : 0.0025 0.0020 0.0045 0.0030 0.9880
657      657   (0)      7  : 0.0055 0.0120 0.0255 0.0075 0.9495
658      658   (0)      7  : 0.0020 0.0035 0.0030 0.0040 0.9875
659      659   (0)      7  : 0.0015 0.0050 0.0225 0.0085 0.9625
660      660   (0)      7  : 0.0020 0.0035 0.0025 0.0020 0.9900
661      661   (0)      7  : 0.0030 0.0045 0.0030 0.0145 0.9750
662      662   (0)      7  : 0.0060 0.0025 0.0070 0.0020 0.9825
663      663   (0)      7  : 0.0020 0.0020 0.0025 0.0020 0.9915
664      664   (0)      7  : 0.0020 0.0035 0.0035 0.0055 0.9855
665      665   (0)      7  : 0.0070 0.0060 0.0090 0.0035 0.9745
666      666   (0)      7  : 0.0020 0.0025 0.0175 0.0420 0.9360
667      667   (0)      7  : 0.0010 0.0015 0.0025 0.0030 0.9920
668      668   (0)      7  : 0.0020 0.0020 0.0055 0.0025 0.9880
669      669   (0)      7  : 0.0010 0.0025 0.0030 0.0020 0.9915
670      670   (0)      7  : 0.0010 0.0015 0.0030 0.0020 0.9925
671      671   (0)      7  : 0.0010 0.0015 0.0025 0.0030 0.9920
672      672   (0)      7  : 0.0015 0.0035 0.0030 0.0025 0.9895
673      673   (0)      7  : 0.0030 0.0040 0.0040 0.0030 0.9860
674      674   (0)      7  : 0.0020 0.0020 0.0030 0.0030 0.9900
675      675   (0)      7  : 0.0010 0.0020 0.0020 0.0020 0.9930
676      676  (10)      7  : 0.0030 0.0025 0.0100 0.0050 0.9795
677      677   (5)      7  : 0.0020 0.1808 0.0190 0.0100 0.7882
678      678  (10)      7  : 0.0020 0.0035 0.0035 0.0030 0.9880
679      679   (5)      7  : 0.0965 0.0350 0.0245 0.0250 0.8189
680      680  (10)      7  : 0.0020 0.0025 0.0035 0.0060 0.9860
681      681  (10)      7  : 0.0020 0.0070 0.0035 0.0225 0.9650
682      682   (0)      7  : 0.0035 0.0095 0.0035 0.0060 0.9775
683      683   (5)      7  : 0.0030 0.0035 0.0040 0.0050 0.9845
684      684   (5)      7  : 0.0335 0.0120 0.0185 0.0040 0.9320
685      685  (10)      7  : 0.0030 0.0050 0.0025 0.0080 0.9815
686      686   (0)      7  : 0.0020 0.0025 0.0040 0.0060 0.9855
687      687   (0)      7  : 0.0020 0.0020 0.0030 0.0030 0.9900
688      688   (0)      7  : 0.0020 0.0020 0.0030 0.0020 0.9910
689      689   (0)      7  : 0.0020 0.0020 0.0030 0.0020 0.9910
690      690   (0)      7  : 0.0225 0.0025 0.0060 0.0830 0.8859
691      691   (0)      7  : 0.0525 0.0085 0.3300 0.0015 0.6075
692      692   (0)      7  : 0.0666 0.0020 0.0030 0.0050 0.9234
693      693   (0)      7  : 0.0020 0.0030 0.0055 0.0020 0.9875
694      694   (0)      7  : 0.0010 0.0040 0.0040 0.0020 0.9890
695      695   (5)      7  : 0.0115 0.0150 0.6258 0.0040 0.3437
696      696   (0)      7  : 0.0105 0.0755 0.6716 0.0070 0.2354
697      697   (0)      7  : 0.0015 0.0055 0.0140 0.0040 0.9750
698      698  (10)      7  : 0.0065 0.0035 0.2210 0.0125 0.7565
699      699   (5)      7  : 0.0020 0.0025 0.0035 0.0050 0.9870
700      700   (0)      7  : 0.0010 0.0020 0.0035 0.0020 0.9915
701      701   (5)      7  : 0.0055 0.0055 0.9650 0.0075 0.0165
702      702   (5)      7  : 0.0025 0.0040 0.0050 0.0060 0.9825
703      703   (0)      7  : 0.0020 0.0025 0.0035 0.0050 0.9870
704      704   (0)      7  : 0.0140 0.0025 0.0035 0.0030 0.9770
705      705   (0)      7  : 0.0025 0.0040 0.0055 0.0030 0.9850
706      706   (0)      7  : 0.0070 0.0120 0.4295 0.0030 0.5485
707      707   (0)      7  : 0.0010 0.0020 0.0235 0.0130 0.9605
708      708   (0)      7  : 0.0050 0.0025 0.0075 0.0060 0.9790
709      709   (0)      7  : 0.0010 0.0030 0.0025 0.0030 0.9905
710      710   (0)      7  : 0.0010 0.0025 0.0025 0.0020 0.9920
711      711   (0)      7  : 0.0010 0.0020 0.0040 0.0020 0.9910
712      712   (0)      7  : 0.0020 0.0030 0.0035 0.0030 0.9885
713      713   (0)      7  : 0.0060 0.0070 0.0030 0.0045 0.9795
714      714   (0)      7  : 0.0020 0.0075 0.0040 0.0030 0.9835
715      715   (0)      7  : 0.0020 0.0085 0.0070 0.0020 0.9805
716      716   (0)      7  : 0.0020 0.0045 0.0050 0.0020 0.9865
717      717   (0)      7  : 0.0020 0.0025 0.0020 0.0100 0.9835
718      718   (0)      7  : 0.0035 0.0075 0.0035 0.0050 0.9805
719      719   (0)      7  : 0.0020 0.0025 0.0020 0.0100 0.9835
720      720   (0)      7  : 0.0020 0.0025 0.0025 0.0020 0.9910
721      721   (0)      7  : 0.0015 0.0030 0.0020 0.0020 0.9915
722      722   (0)      7  : 0.0010 0.0025 0.0030 0.0030 0.9905
723      723   (0)      7  : 0.0010 0.0015 0.0025 0.0020 0.9930
724      724   (0)      7  : 0.0020 0.0020 0.0510 0.0470 0.8980
725      725   (0)      7  : 0.0010 0.0020 0.0090 0.0090 0.9790
726      726   (0)      7  : 0.0080 0.0020 0.0025 0.0245 0.9630
727      727   (0)      7  : 0.0095 0.0030 0.0075 0.0040 0.9760
728      728   (0)      7  : 0.0010 0.0020 0.0030 0.0030 0.9910
729      729   (0)      7  : 0.0110 0.0340 0.0195 0.0050 0.9305
730      730   (0)      7  : 0.0010 0.0020 0.0035 0.0040 0.9895
731      731   (0)      7  : 0.0020 0.0115 0.0060 0.0040 0.9765
732      732   (0)      7  : 0.0020 0.0025 0.0160 0.0040 0.9755
733      733   (0)      7  : 0.0030 0.0035 0.0065 0.0035 0.9835
734      734   (0)      7  : 0.0065 0.0030 0.0100 0.0060 0.9745
735      735   (0)      7  : 0.0015 0.0030 0.0040 0.0020 0.9895
736      736   (0)      7  : 0.0030 0.0030 0.0055 0.0050 0.9835
737      737   (0)      7  : 0.0020 0.0015 0.0020 0.0030 0.9915
738      738   (0)      7  : 0.0070 0.0040 0.0095 0.1209 0.8586
739      739   (0)      7  : 0.0020 0.0020 0.0025 0.0020 0.9915
740      740   (0)      7  : 0.0020 0.0020 0.0030 0.0020 0.9910
741      741   (0)      7  : 0.0020 0.0035 0.0165 0.0030 0.9750
742      742   (0)      7  : 0.0020 0.0035 0.0045 0.0020 0.9880
743      743   (0)      7  : 0.0020 0.0020 0.0050 0.0030 0.9880
744      744   (0)      7  : 0.0015 0.0025 0.0240 0.0020 0.9700
745      745   (0)      7  : 0.0010 0.0025 0.0030 0.0020 0.9915
746      746   (5)      8  : 0.0140 0.0130 0.0470 0.0030 0.9230
747      747   (0)      8  : 0.0025 0.0100 0.7745 0.0040 0.2090
748      748   (0)      8  : 0.0045 0.0060 0.6200 0.0130 0.3565
749      749   (0)      8  : 0.0070 0.0025 0.8710 0.0090 0.1105
750      750   (0)      8  : 0.0025 0.0050 0.1211 0.0050 0.8664
751      751   (0)      8  : 0.2145 0.0260 0.2895 0.0045 0.4655
752      752   (0)      8  : 0.0070 0.0160 0.2583 0.0110 0.7077
753      753   (0)      8  : 0.0295 0.0180 0.0700 0.0270 0.8555
754      754   (0)      8  : 0.0020 0.0115 0.5720 0.0085 0.4060
755      755   (0)      8  : 0.0020 0.0020 0.0020 0.0020 0.9920
756      756   (0)      8  : 0.0045 0.0030 0.0500 0.0040 0.9385
757      757   (0)      8  : 0.0035 0.0040 0.3247 0.0070 0.6608
758      758   (0)      8  : 0.0020 0.0030 0.0040 0.0060 0.9850
759      759   (0)      8  : 0.0030 0.0035 0.6531 0.0045 0.3359
760      760   (0)      8  : 0.0050 0.0050 0.5190 0.0855 0.3855
761      761   (0)      8  : 0.0010 0.0015 0.0020 0.0030 0.9925
762      762   (0)      8  : 0.0020 0.0050 0.4454 0.0025 0.5451
763      763   (0)      8  : 0.0220 0.0030 0.3447 0.0020 0.6283
764      764   (0)      8  : 0.0020 0.0040 0.0085 0.0020 0.9835
765      765   (0)      8  : 0.0070 0.0665 0.1175 0.0020 0.8070
766      766   (0)      8  : 0.0050 0.0045 0.0045 0.0785 0.9075
767      767   (0)      8  : 0.0035 0.0940 0.0255 0.0025 0.8746
768      768   (0)      8  : 0.0050 0.0135 0.7860 0.0250 0.1705
769      769   (0)      8  : 0.0050 0.0075 0.8229 0.0415 0.1231
770      770   (0)      8  : 0.0370 0.0025 0.0070 0.0020 0.9515
771      771   (0)      8  : 0.0050 0.0615 0.1499 0.0060 0.7776
772      772   (0)      8  : 0.0025 0.0906 0.2976 0.0120 0.5974
773      773   (0)      8  : 0.0040 0.0060 0.9810 0.0030 0.0060
774      774   (0)      8  : 0.0055 0.0025 0.4886 0.0165 0.4869
775      775   (0)      8  : 0.0230 0.0075 0.1590 0.0020 0.8085
776      776   (0)      8  : 0.0695 0.0030 0.0435 0.0215 0.8625
777      777  (10)      8  : 0.0020 0.0035 0.0035 0.0030 0.9880
778      778   (5)      8  : 0.0060 0.0030 0.3385 0.0175 0.6350
779      779   (0)      8  : 0.0065 0.1645 0.8200 0.0020 0.0070
780      780   (0)      8  : 0.0050 0.0050 0.9420 0.0010 0.0470
781      781   (0)      8  : 0.0135 0.0060 0.9340 0.0100 0.0365
782      782   (0)      8  : 0.0040 0.0040 0.9515 0.0035 0.0370
783      783   (0)      8  : 0.0095 0.0115 0.9595 0.0040 0.0155
784      784   (0)      8  : 0.0020 0.0050 0.9451 0.0020 0.0460
785      785   (0)      8  : 0.0325 0.0050 0.8660 0.0075 0.0890
786      786   (0)      8  : 0.0085 0.0080 0.6263 0.0020 0.3552
787      787   (0)      8  : 0.0010 0.0160 0.9459 0.0030 0.0340
788      788   (5)      8  : 0.0040 0.0740 0.3478 0.0060 0.5682
789      789   (0)      8  : 0.0090 0.0420 0.9210 0.0235 0.0045
790      790   (0)      8  : 0.0015 0.0130 0.6550 0.0030 0.3275
791      791   (0)      8  : 0.0035 0.1030 0.6004 0.0030 0.2901
792      792   (0)      8  : 0.0275 0.0165 0.2790 0.0060 0.6710
793      793   (0)      8  : 0.0025 0.0155 0.9665 0.0020 0.0135
794      794   (5)      8  : 0.0020 0.4269 0.4540 0.0060 0.1111
795      795   (0)      8  : 0.0125 0.0400 0.7729 0.0075 0.1671
796      796   (0)      8  : 0.0020 0.0025 0.9520 0.0380 0.0055
797      797   (0)      8  : 0.0020 0.0290 0.9525 0.0025 0.0140
798      798   (0)      8  : 0.0035 0.0090 0.9635 0.0045 0.0195
799      799   (0)      8  : 0.0020 0.0025 0.0055 0.0040 0.9860
800      800   (0)      8  : 0.0020 0.0035 0.3792 0.0210 0.5943
801      801   (5)      8  : 0.0090 0.0065 0.1521 0.0045 0.8279
802      802   (5)      8  : 0.0030 0.0816 0.8979 0.0025 0.0150
803      803   (0)      8  : 0.0030 0.0040 0.8980 0.0025 0.0925
804      804   (0)      8  : 0.0025 0.0270 0.9525 0.0065 0.0115
805      805   (0)      8  : 0.0070 0.0145 0.9400 0.0020 0.0365
806      806   (0)      8  : 0.0020 0.0025 0.9635 0.0030 0.0290
807      807   (0)      8  : 0.0050 0.0175 0.0645 0.0055 0.9075
808      808   (0)      8  : 0.0290 0.0585 0.7177 0.0115 0.1834
809      809   (0)      8  : 0.0130 0.0620 0.2401 0.0020 0.6829
810      810   (0)      8  : 0.0010 0.0265 0.4945 0.0040 0.4740
811      811   (0)      8  : 0.0030 0.0580 0.6611 0.0130 0.2650
812      812   (0)      8  : 0.0030 0.0060 0.7050 0.0035 0.2825
813      813   (0)      8  : 0.0040 0.1015 0.2515 0.0025 0.6405
814      814   (0)      9  : 0.0020 0.0020 0.9395 0.0060 0.0505
815      815   (0)      9  : 0.0020 0.0020 0.9710 0.0055 0.0195
816      816   (0)      9  : 0.0055 0.0050 0.5411 0.0060 0.4425
817      817   (0)      9  : 0.0035 0.0025 0.9685 0.0055 0.0200
818      818   (0)      9  : 0.0020 0.0030 0.9820 0.0030 0.0100
819      819   (0)      9  : 0.0010 0.0035 0.9815 0.0020 0.0120
820      820   (0)      9  : 0.0020 0.0015 0.9705 0.0045 0.0215
821      821   (0)      9  : 0.0135 0.0670 0.8970 0.0020 0.0205
822      822   (0)      9  : 0.0100 0.0115 0.9470 0.0090 0.0225
823      823   (0)      9  : 0.0025 0.0050 0.9515 0.0065 0.0345
824      824   (0)      9  : 0.0020 0.0025 0.9845 0.0030 0.0080
825      825   (0)      9  : 0.0065 0.0025 0.9720 0.0035 0.0155
826      826   (0)      9  : 0.0040 0.0055 0.9075 0.0020 0.0810
827      827   (0)      9  : 0.0035 0.0030 0.8950 0.0185 0.0800
828      828   (0)      9  : 0.0055 0.0020 0.9825 0.0025 0.0075
829      829   (0)      9  : 0.0020 0.0030 0.9780 0.0030 0.0140
830      830   (0)      9  : 0.0020 0.0040 0.9885 0.0030 0.0025
831      831   (0)      9  : 0.0075 0.0125 0.8606 0.0075 0.1119
832      832   (0)      9  : 0.0025 0.0035 0.9785 0.0025 0.0130
833      833   (0)      9  : 0.0010 0.0025 0.9895 0.0035 0.0035
834      834   (0)      9  : 0.0030 0.0105 0.9575 0.0065 0.0225
835      835   (0)      9  : 0.0020 0.0045 0.9835 0.0070 0.0030
836      836   (0)      9  : 0.0020 0.0015 0.9840 0.0090 0.0035
837      837   (0)      9  : 0.0015 0.0035 0.9710 0.0195 0.0045
838      838   (0)      9  : 0.0015 0.0030 0.9885 0.0035 0.0035
839      839   (0)      9  : 0.0055 0.0040 0.9805 0.0020 0.0080
840      840   (0)      9  : 0.0020 0.0035 0.9825 0.0020 0.0100
841      841   (0)      9  : 0.0050 0.0030 0.9790 0.0040 0.0090
842      842   (0)      9  : 0.0615 0.0020 0.9305 0.0020 0.0040
843      843   (0)      9  : 0.0035 0.0055 0.9725 0.0130 0.0055
844      844   (0)      9  : 0.0030 0.0025 0.9795 0.0065 0.0085
845      845   (0)     10  : 0.0020 0.0030 0.9775 0.0065 0.0110
846      846   (0)     10  : 0.0045 0.0035 0.9765 0.0045 0.0110
847      847   (0)     10  : 0.0025 0.0050 0.9530 0.0065 0.0330
848      848   (0)     10  : 0.0010 0.0045 0.9760 0.0030 0.0155
849      849   (0)     10  : 0.0015 0.0020 0.9445 0.0080 0.0440
850      850   (0)     10  : 0.0095 0.0045 0.9445 0.0035 0.0380
851      851   (0)     10  : 0.0055 0.0020 0.9405 0.0050 0.0470
852      852   (0)     10  : 0.0025 0.0025 0.9650 0.0070 0.0230
853      853   (0)     10  : 0.0020 0.0155 0.9770 0.0020 0.0035
854      854   (0)     10  : 0.0020 0.0035 0.9850 0.0025 0.0070
855      855   (0)     10  : 0.0025 0.0050 0.9865 0.0020 0.0040
856      856   (0)     10  : 0.0025 0.0040 0.9835 0.0030 0.0070
857      857   (0)     10  : 0.0035 0.0025 0.9795 0.0070 0.0075
858      858   (0)     10  : 0.0020 0.0030 0.9705 0.0065 0.0180
859      859   (0)     10  : 0.0025 0.0045 0.9860 0.0025 0.0045
860      860   (0)     10  : 0.0045 0.0080 0.9570 0.0130 0.0175
861      861   (0)     10  : 0.0040 0.0030 0.9470 0.0075 0.0385
862      862   (0)     10  : 0.0040 0.0020 0.9875 0.0025 0.0040
863      863   (0)     10  : 0.0035 0.0160 0.7625 0.0040 0.2140
864      864   (0)     10  : 0.0020 0.0015 0.8480 0.0020 0.1465
865      865   (0)     10  : 0.0030 0.0100 0.9790 0.0025 0.0055
866      866   (0)     10  : 0.0025 0.0020 0.9785 0.0100 0.0070
867      867   (0)     10  : 0.0045 0.0030 0.9035 0.0070 0.0820
868      868   (0)     10  : 0.0025 0.0205 0.9640 0.0055 0.0075
869      869   (0)     10  : 0.0030 0.0050 0.9850 0.0020 0.0050
870      870   (0)     10  : 0.0030 0.0065 0.9190 0.0645 0.0070
871      871   (0)     10  : 0.0025 0.0055 0.9710 0.0095 0.0115
872      872   (0)     10  : 0.0020 0.0150 0.9615 0.0155 0.0060
873      873   (0)     10  : 0.0020 0.0030 0.9860 0.0020 0.0070
874      874   (0)     10  : 0.0030 0.0045 0.9465 0.0065 0.0395
875      875   (0)     10  : 0.0020 0.0040 0.9870 0.0020 0.0050
876      876   (0)     10  : 0.0025 0.0035 0.9580 0.0040 0.0320
877      877   (0)     10  : 0.0020 0.0075 0.8310 0.0040 0.1555
878      878   (0)     10  : 0.0190 0.0045 0.9085 0.0085 0.0595
879      879   (0)     10  : 0.0020 0.0025 0.9710 0.0020 0.0225
880      880   (0)     10  : 0.0025 0.0020 0.9870 0.0030 0.0055
881      881   (0)     10  : 0.0035 0.0115 0.9735 0.0035 0.0080
882      882   (0)     10  : 0.0020 0.0085 0.8825 0.0155 0.0915
883      883   (0)     10  : 0.0080 0.0025 0.6890 0.0030 0.2975
884      884   (0)     10  : 0.0025 0.0020 0.9730 0.0015 0.0210
885      885   (0)     10  : 0.0025 0.0030 0.9820 0.0025 0.0100
886      886   (0)     10  : 0.0025 0.0020 0.9160 0.0035 0.0760
887      887   (0)     10  : 0.0045 0.0035 0.9830 0.0050 0.0040
888      888   (0)     10  : 0.0040 0.0020 0.9820 0.0020 0.0100
889      889   (0)     10  : 0.0020 0.0030 0.9870 0.0030 0.0050
890      890   (0)     10  : 0.0040 0.0020 0.9855 0.0035 0.0050
891      891   (0)     10  : 0.0040 0.0025 0.8935 0.0405 0.0595
892      892   (0)     10  : 0.0020 0.0090 0.9810 0.0050 0.0030
893      893   (0)     10  : 0.0020 0.0040 0.9880 0.0020 0.0040
894      894   (0)     10  : 0.0020 0.0045 0.9730 0.0055 0.0150
895      895   (0)     10  : 0.0025 0.0025 0.9885 0.0035 0.0030
896      896   (0)     10  : 0.0055 0.0045 0.9815 0.0040 0.0045
897      897   (0)     10  : 0.0040 0.0050 0.9780 0.0050 0.0080
898      898   (0)     10  : 0.0035 0.0045 0.9645 0.0180 0.0095
899      899   (0)     10  : 0.0020 0.0025 0.9885 0.0035 0.0035
900      900   (0)     10  : 0.0035 0.0070 0.9760 0.0075 0.0060
901      901   (0)     10  : 0.0040 0.0175 0.9720 0.0035 0.0030
902      902   (0)     10  : 0.0020 0.0035 0.7799 0.0110 0.2037
903      903   (0)     10  : 0.0020 0.0035 0.9785 0.0105 0.0055
904      904   (0)     10  : 0.0020 0.0105 0.9770 0.0055 0.0050
905      905   (0)     10  : 0.0035 0.0020 0.9860 0.0030 0.0055
906      906   (0)     10  : 0.0020 0.0050 0.9850 0.0030 0.0050
907      907   (0)     10  : 0.0010 0.0035 0.9845 0.0040 0.0070
908      908   (0)     10  : 0.0020 0.0025 0.9880 0.0020 0.0055
909      909   (0)     10  : 0.0040 0.0065 0.9560 0.0155 0.0180
910      910   (0)     10  : 0.0020 0.0040 0.9860 0.0020 0.0060
911      911   (0)     10  : 0.0020 0.0035 0.9830 0.0035 0.0080
912      912   (0)     10  : 0.0055 0.0045 0.9450 0.0055 0.0395
913      913   (0)     10  : 0.0020 0.0025 0.9900 0.0020 0.0035
914      914   (0)     10  : 0.0010 0.0025 0.9770 0.0030 0.0165
915      915   (0)     10  : 0.0020 0.0045 0.9845 0.0030 0.0060
916      916   (0)     10  : 0.0040 0.0020 0.9570 0.0025 0.0345
917      917   (0)     10  : 0.0010 0.0045 0.9885 0.0020 0.0040
918      918   (0)     10  : 0.0025 0.0035 0.9895 0.0010 0.0035
919      919   (0)     10  : 0.0065 0.0015 0.9865 0.0025 0.0030
920      920   (0)     10  : 0.0030 0.0015 0.9780 0.0025 0.0150
921      921   (0)     10  : 0.0040 0.0050 0.9755 0.0070 0.0085
922      922   (0)     10  : 0.0155 0.0025 0.9470 0.0070 0.0280
923      923   (0)     10  : 0.0025 0.0025 0.9885 0.0030 0.0035
924      924   (0)     10  : 0.0020 0.0020 0.9920 0.0020 0.0020
925      925   (0)     10  : 0.0030 0.0020 0.9365 0.0115 0.0470
926      926   (0)     10  : 0.0030 0.0020 0.9855 0.0020 0.0075
927      927   (0)     10  : 0.0025 0.0015 0.9905 0.0020 0.0035
928      928   (0)     10  : 0.0055 0.0055 0.9795 0.0060 0.0035
929      929   (0)     10  : 0.0025 0.0040 0.9790 0.0095 0.0050
930      930   (0)     10  : 0.0025 0.0035 0.9820 0.0030 0.0090
931      931   (0)     10  : 0.0010 0.0020 0.9855 0.0030 0.0085
932      932   (0)     10  : 0.0035 0.0060 0.9465 0.0115 0.0325
933      933   (0)     10  : 0.0020 0.0035 0.9880 0.0020 0.0045
934      934   (0)     10  : 0.0020 0.0035 0.9875 0.0030 0.0040
935      935   (0)     10  : 0.0065 0.0025 0.9286 0.0150 0.0475
936      936   (0)     10  : 0.0050 0.0045 0.9820 0.0040 0.0045
937      937   (0)     10  : 0.0015 0.0025 0.9740 0.0020 0.0200
938      938   (0)     10  : 0.0020 0.0020 0.9675 0.0070 0.0215
939      939   (0)     10  : 0.0060 0.0120 0.9640 0.0105 0.0075
940      940   (0)     10  : 0.0020 0.0025 0.9870 0.0035 0.0050
941      941   (0)     10  : 0.0020 0.0045 0.9760 0.0035 0.0140
942      942   (0)     10  : 0.0065 0.0040 0.8089 0.0180 0.1626
943      943   (0)     10  : 0.0020 0.0025 0.9895 0.0020 0.0040
944      944   (0)     10  : 0.0015 0.0020 0.9705 0.0045 0.0215
945      945   (0)     10  : 0.0030 0.0180 0.9695 0.0025 0.0070
946      946   (0)     10  : 0.0025 0.0020 0.9760 0.0040 0.0155
947      947   (0)     10  : 0.0020 0.0025 0.9775 0.0070 0.0110
948      948   (0)     10  : 0.0025 0.0030 0.9580 0.0030 0.0335
949      949   (0)     10  : 0.0015 0.0045 0.9835 0.0030 0.0075
950      950   (0)     10  : 0.0130 0.0130 0.8776 0.0060 0.0904
951      951   (0)     10  : 0.0030 0.0020 0.9735 0.0030 0.0185
952      952   (0)     10  : 0.0020 0.0070 0.9855 0.0025 0.0030
953      953   (0)     10  : 0.0020 0.0030 0.9780 0.0020 0.0150
954      954   (0)     10  : 0.0025 0.0015 0.9855 0.0040 0.0065
955      955   (0)     10  : 0.0020 0.0030 0.9875 0.0030 0.0045
956      956   (0)     10  : 0.0085 0.0045 0.9735 0.0090 0.0045
957      957   (0)     10  : 0.0045 0.0020 0.9120 0.0270 0.0545
958      958   (0)     10  : 0.0025 0.0030 0.9715 0.0030 0.0200
959      959   (0)     10  : 0.0020 0.0045 0.9845 0.0035 0.0055
960      960   (0)     10  : 0.0045 0.0045 0.9410 0.0045 0.0455
961      961   (0)     10  : 0.0030 0.0015 0.8214 0.0560 0.1181
962      962   (0)     10  : 0.0025 0.0045 0.9810 0.0030 0.0090
963      963   (0)     10  : 0.0015 0.0030 0.9895 0.0020 0.0040
964      964   (0)     10  : 0.0040 0.0025 0.6328 0.0115 0.3491
965      965   (0)     10  : 0.0020 0.0020 0.9840 0.0030 0.0090
966      966   (0)     10  : 0.0040 0.0020 0.9735 0.0125 0.0080
967      967   (0)     10  : 0.0015 0.0025 0.9910 0.0025 0.0025
968      968   (0)     10  : 0.0020 0.0030 0.9900 0.0020 0.0030
969      969   (0)     10  : 0.0025 0.0040 0.9855 0.0040 0.0040
970      970   (0)     11  : 0.0030 0.0035 0.9840 0.0030 0.0065
971      971   (0)     11  : 0.0060 0.0150 0.9705 0.0035 0.0050
972      972   (0)     11  : 0.0025 0.0035 0.9835 0.0055 0.0050
973      973   (0)     11  : 0.0020 0.0080 0.9725 0.0050 0.0125
974      974   (0)     11  : 0.0015 0.0020 0.9910 0.0030 0.0025
975      975   (0)     11  : 0.0050 0.0125 0.9685 0.0035 0.0105
976      976   (0)     11  : 0.0125 0.0085 0.9740 0.0010 0.0040
977      977   (0)     11  : 0.0245 0.0025 0.9675 0.0020 0.0035
978      978   (0)     11  : 0.0065 0.0055 0.9770 0.0035 0.0075
979      979   (0)     11  : 0.0040 0.0105 0.9400 0.0425 0.0030
980      980   (0)     11  : 0.0025 0.0030 0.9900 0.0020 0.0025
981      981   (0)     11  : 0.0020 0.0065 0.9870 0.0020 0.0025
982      982   (0)     11  : 0.0020 0.0055 0.9790 0.0020 0.0115
983      983   (0)     11  : 0.0030 0.0055 0.9790 0.0035 0.0090
984      984   (0)     11  : 0.0065 0.0040 0.9039 0.0025 0.0831
985      985  (10)     11  : 0.0025 0.0030 0.9880 0.0025 0.0040
986      986   (0)     11  : 0.0030 0.0080 0.9815 0.0030 0.0045
987      987   (0)     11  : 0.0790 0.0225 0.8160 0.0100 0.0725
988      988   (0)     11  : 0.0020 0.0060 0.9585 0.0085 0.0250
989      989   (0)     11  : 0.0040 0.1375 0.8490 0.0045 0.0050
990      990   (5)     11  : 0.0040 0.0050 0.9850 0.0025 0.0035
991      991   (0)     11  : 0.0025 0.0025 0.9825 0.0060 0.0065
992      992   (0)     11  : 0.0025 0.0075 0.9825 0.0015 0.0060
993      993   (0)     11  : 0.0340 0.0600 0.8905 0.0065 0.0090
994      994   (0)     11  : 0.0060 0.0020 0.9865 0.0025 0.0030
995      995   (0)     11  : 0.0020 0.0025 0.9855 0.0050 0.0050
996      996   (0)     11  : 0.0025 0.0045 0.9885 0.0020 0.0025
997      997   (5)     11  : 0.0015 0.0080 0.9850 0.0020 0.0035
998      998   (0)     11  : 0.0045 0.0060 0.9715 0.0045 0.0135
999      999   (0)     11  : 0.0035 0.0040 0.9755 0.0035 0.0135
1000     1000   (0)     11  : 0.0030 0.0085 0.9805 0.0025 0.0055
1001     1001   (0)     11  : 0.0050 0.0030 0.9625 0.0070 0.0225
1002     1002   (0)     11  : 0.0020 0.0035 0.9855 0.0035 0.0055
1003     1003   (0)     11  : 0.0020 0.0060 0.9570 0.0145 0.0205
1004     1004   (0)     11  : 0.0020 0.0035 0.9700 0.0040 0.0205
1005     1005   (0)     11  : 0.0010 0.0035 0.9845 0.0040 0.0070
1006     1006   (0)     11  : 0.0015 0.0090 0.9835 0.0020 0.0040
1007     1007   (5)     11  : 0.0030 0.0040 0.9765 0.0095 0.0070
1008     1008   (0)     11  : 0.0025 0.0065 0.9835 0.0020 0.0055
1009     1009   (0)     11  : 0.0045 0.0035 0.9850 0.0020 0.0050
1010     1010   (0)     11  : 0.0010 0.0030 0.9900 0.0020 0.0040
1011     1011   (5)     11  : 0.0270 0.0030 0.9615 0.0030 0.0055
1012     1012   (5)     11  : 0.0020 0.0130 0.9765 0.0050 0.0035
1013     1013  (10)     11  : 0.0030 0.0045 0.9840 0.0035 0.0050
1014     1014   (5)     11  : 0.0020 0.0145 0.9785 0.0020 0.0030
1015     1015   (5)     11  : 0.0015 0.0020 0.9925 0.0020 0.0020
1016     1016   (5)     11  : 0.0025 0.0025 0.9880 0.0035 0.0035
1017     1017   (5)     11  : 0.0035 0.0835 0.8800 0.0030 0.0300
1018     1018   (5)     11  : 0.0020 0.0035 0.9865 0.0040 0.0040
1019     1019  (10)     11  : 0.0030 0.0090 0.8756 0.0040 0.1084
1020     1020   (5)     11  : 0.0070 0.0435 0.8940 0.0075 0.0480
1021     1021   (5)     11  : 0.0020 0.0020 0.9905 0.0020 0.0035
1022     1022   (5)     11  : 0.0030 0.0100 0.9460 0.0070 0.0340
1023     1023   (0)     12  : 0.0025 0.0025 0.9885 0.0025 0.0040
1024     1024   (0)     12  : 0.0010 0.0040 0.9900 0.0020 0.0030
1025     1025   (0)     12  : 0.0020 0.0030 0.9865 0.0030 0.0055
1026     1026   (0)     12  : 0.0305 0.0035 0.9600 0.0030 0.0030
1027     1027   (0)     12  : 0.0025 0.0015 0.9905 0.0025 0.0030
1028     1028   (0)     12  : 0.0030 0.0075 0.9800 0.0025 0.0070
1029     1029   (0)     12  : 0.0045 0.0045 0.9800 0.0025 0.0085
1030     1030   (0)     12  : 0.0980 0.0050 0.8905 0.0030 0.0035
1031     1031   (0)     12  : 0.0045 0.0080 0.9760 0.0020 0.0095
1032     1032   (0)     12  : 0.0045 0.0030 0.9840 0.0015 0.0070
1033     1033   (0)     12  : 0.0020 0.0030 0.9895 0.0020 0.0035
1034     1034   (0)     12  : 0.0020 0.0035 0.9865 0.0040 0.0040
1035     1035   (0)     12  : 0.0020 0.0040 0.9880 0.0020 0.0040
1036     1036   (0)     12  : 0.0070 0.0025 0.9840 0.0020 0.0045
1037     1037   (0)     12  : 0.0040 0.0025 0.9890 0.0020 0.0025
1038     1038   (0)     12  : 0.0020 0.0025 0.9765 0.0045 0.0145
1039     1039   (0)     12  : 0.0030 0.0150 0.9625 0.0140 0.0055
1040     1040   (0)     12  : 0.0025 0.0100 0.9580 0.0225 0.0070
1041     1041   (0)     12  : 0.0045 0.0030 0.9890 0.0010 0.0025
1042     1042   (0)     12  : 0.0025 0.0015 0.9775 0.0025 0.0160
1043     1043   (0)     12  : 0.0035 0.0105 0.9795 0.0025 0.0040
1044     1044   (0)     12  : 0.0020 0.0065 0.9785 0.0030 0.0100
1045     1045   (0)     12  : 0.0020 0.0035 0.9735 0.0030 0.0180
1046     1046   (0)     12  : 0.0025 0.0035 0.9840 0.0050 0.0050
1047     1047   (0)     12  : 0.0035 0.0055 0.9845 0.0030 0.0035
1048     1048   (0)     12  : 0.0025 0.0020 0.9835 0.0030 0.0090
1049     1049   (0)     12  : 0.0050 0.0050 0.9835 0.0020 0.0045
1050     1050   (0)     12  : 0.0020 0.0020 0.9860 0.0025 0.0075
1051     1051   (0)     12  : 0.0025 0.0125 0.9600 0.0065 0.0185
1052     1052   (0)     12  : 0.0020 0.0015 0.9820 0.0020 0.0125
1053     1053   (0)     12  : 0.0025 0.0045 0.9855 0.0020 0.0055
1054     1054   (0)     12  : 0.0020 0.0080 0.9840 0.0025 0.0035
1055     1055   (0)     12  : 0.0080 0.0060 0.9715 0.0110 0.0035
1056     1056   (0)     12  : 0.0030 0.0090 0.9795 0.0045 0.0040
1057     1057   (0)     12  : 0.0020 0.0035 0.9700 0.0025 0.0220
1058     1058   (0)     12  : 0.0025 0.0030 0.9870 0.0025 0.0050
1059     1059   (0)     12  : 0.0025 0.0100 0.9765 0.0030 0.0080
1060     1060   (0)     12  : 0.0020 0.0020 0.9910 0.0020 0.0030
1061     1061   (0)     12  : 0.0050 0.0025 0.9855 0.0020 0.0050
1062     1062   (0)     12  : 0.0020 0.0035 0.9770 0.0025 0.0150
1063     1063   (0)     12  : 0.0025 0.0025 0.9910 0.0020 0.0020
1064     1064   (0)     12  : 0.0050 0.0045 0.9815 0.0025 0.0065
1065     1065   (0)     12  : 0.0105 0.0060 0.9370 0.0110 0.0355
1066     1066   (0)     12  : 0.0040 0.0060 0.9820 0.0035 0.0045
1067     1067   (0)     12  : 0.0035 0.0020 0.9875 0.0015 0.0055
1068     1068   (0)     12  : 0.0075 0.0040 0.9430 0.0055 0.0400
1069     1069   (0)     12  : 0.0020 0.0085 0.9835 0.0020 0.0040
1070     1070   (0)     12  : 0.0030 0.0040 0.9600 0.0035 0.0295
1071     1071   (0)     12  : 0.0020 0.0495 0.9405 0.0040 0.0040
1072     1072   (0)     12  : 0.0065 0.0075 0.9775 0.0050 0.0035
1073     1073   (0)     12  : 0.0040 0.0045 0.9480 0.0205 0.0230
1074     1074   (0)     12  : 0.0030 0.0180 0.9565 0.0035 0.0190
1075     1075   (0)     12  : 0.0020 0.0045 0.9875 0.0020 0.0040
1076     1076   (0)     12  : 0.0030 0.0030 0.9880 0.0020 0.0040
1077     1077   (0)     12  : 0.0020 0.0040 0.9905 0.0015 0.0020
1078     1078   (0)     12  : 0.0020 0.0030 0.9855 0.0020 0.0075
1079     1079   (0)     12  : 0.0035 0.0040 0.9835 0.0030 0.0060
1080     1080   (0)     12  : 0.0020 0.0105 0.9825 0.0030 0.0020
1081     1081   (0)     12  : 0.0020 0.0025 0.9895 0.0025 0.0035
1082     1082   (0)     12  : 0.0020 0.0085 0.9790 0.0075 0.0030
1083     1083   (0)     12  : 0.0025 0.0020 0.9880 0.0030 0.0045
1084     1084   (0)     12  : 0.0020 0.0095 0.9830 0.0025 0.0030
1085     1085   (0)     12  : 0.0025 0.0070 0.9815 0.0060 0.0030
1086     1086   (0)     12  : 0.0065 0.0045 0.9790 0.0030 0.0070
1087     1087   (0)     12  : 0.0035 0.0025 0.9680 0.0090 0.0170
1088     1088   (0)     12  : 0.0075 0.0105 0.9715 0.0025 0.0080
1089     1089   (0)     12  : 0.0025 0.0055 0.9850 0.0020 0.0050
1090     1090   (0)     12  : 0.0070 0.0100 0.9735 0.0040 0.0055
1091     1091   (0)     12  : 0.0015 0.0030 0.9780 0.0075 0.0100
1092     1092   (0)     12  : 0.0040 0.0075 0.9775 0.0020 0.0090
1093     1093   (0)     12  : 0.0020 0.0055 0.9820 0.0060 0.0045
1094     1094   (0)     12  : 0.0020 0.0040 0.9725 0.0065 0.0150
1095     1095   (0)     12  : 0.0015 0.0025 0.9910 0.0025 0.0025
1096     1096   (0)     12  : 0.0020 0.0020 0.9805 0.0020 0.0135
1097     1097   (0)     12  : 0.0020 0.0040 0.9685 0.0060 0.0195
1098     1098   (0)     12  : 0.0045 0.0030 0.9860 0.0020 0.0045
1099     1099   (0)     12  : 0.0015 0.0040 0.9860 0.0030 0.0055
1100     1100   (0)     12  : 0.0085 0.0215 0.9140 0.0040 0.0520
1101     1101   (0)     12  : 0.0025 0.0045 0.9640 0.0155 0.0135
1102     1102   (0)     12  : 0.0090 0.0145 0.9540 0.0185 0.0040
1103     1103   (0)     12  : 0.0090 0.0065 0.9740 0.0030 0.0075
1104     1104   (0)     12  : 0.0045 0.0150 0.9730 0.0020 0.0055
1105     1105   (0)     12  : 0.0055 0.0020 0.9830 0.0050 0.0045
1106     1106   (0)     12  : 0.0025 0.0415 0.9460 0.0055 0.0045
1107     1107   (0)     12  : 0.0045 0.0100 0.9775 0.0010 0.0070
1108     1108   (0)     12  : 0.0030 0.0050 0.9810 0.0075 0.0035
1109     1109   (0)     12  : 0.0025 0.0025 0.9790 0.0095 0.0065
1110     1110   (0)     12  : 0.0015 0.0025 0.9670 0.0020 0.0270
1111     1111   (0)     12  : 0.0025 0.0105 0.9760 0.0020 0.0090
1112     1112   (0)     12  : 0.0165 0.0045 0.9580 0.0060 0.0150
1113     1113   (0)     12  : 0.0025 0.0085 0.9815 0.0035 0.0040
1114     1114   (0)     12  : 0.0045 0.0045 0.9815 0.0025 0.0070
1115     1115   (0)     12  : 0.0020 0.0504 0.9406 0.0040 0.0030
1116     1116   (0)     12  : 0.0025 0.0045 0.9825 0.0045 0.0060
1117     1117   (0)     12  : 0.0035 0.0090 0.9770 0.0050 0.0055
1118     1118   (0)     12  : 0.0025 0.0045 0.9860 0.0020 0.0050
1119     1119   (0)     12  : 0.0045 0.0050 0.9810 0.0035 0.0060
1120     1120   (0)     12  : 0.0035 0.0455 0.9425 0.0030 0.0055
1121     1121   (0)     12  : 0.0025 0.0325 0.9425 0.0025 0.0200
1122     1122   (0)     12  : 0.0020 0.0035 0.9835 0.0065 0.0045
1123     1123   (0)     12  : 0.0020 0.0510 0.9336 0.0070 0.0065
1124     1124   (0)     12  : 0.0060 0.0065 0.9610 0.0170 0.0095
1125     1125   (0)     12  : 0.0015 0.0045 0.9875 0.0030 0.0035
1126     1126   (0)     12  : 0.0020 0.0020 0.9870 0.0025 0.0065
1127     1127   (0)     12  : 0.0020 0.0035 0.9855 0.0030 0.0060
1128     1128   (0)     12  : 0.0050 0.0040 0.9860 0.0030 0.0020
1129     1129   (0)     12  : 0.0030 0.0035 0.9470 0.0100 0.0365
1130     1130   (0)     12  : 0.0020 0.0290 0.9595 0.0045 0.0050
1131     1131   (0)     12  : 0.0015 0.0020 0.9905 0.0020 0.0040
1132     1132   (0)     12  : 0.0025 0.0025 0.9845 0.0035 0.0070
1133     1133   (0)     12  : 0.0115 0.0090 0.9475 0.0040 0.0280
1134     1134   (0)     12  : 0.0010 0.0030 0.9900 0.0020 0.0040
1135     1135   (0)     12  : 0.0025 0.0045 0.9885 0.0020 0.0025
1136     1136   (0)     12  : 0.0190 0.0020 0.9610 0.0035 0.0145
1137     1137   (0)     12  : 0.0020 0.0025 0.9910 0.0020 0.0025
1138     1138   (0)     12  : 0.0025 0.0020 0.9745 0.0050 0.0160
1139     1139   (0)     12  : 0.0205 0.0630 0.8990 0.0020 0.0155
1140     1140   (0)     12  : 0.0065 0.0065 0.9755 0.0030 0.0085
1141     1141   (0)     12  : 0.0015 0.0040 0.9740 0.0040 0.0165
1142     1142   (0)     12  : 0.0030 0.0055 0.9845 0.0010 0.0060
1143     1143   (0)     12  : 0.0020 0.0060 0.9875 0.0015 0.0030
1144     1144   (0)     12  : 0.0020 0.0525 0.7170 0.0050 0.2235
1145     1145   (0)     12  : 0.0020 0.0025 0.9895 0.0030 0.0030
1146     1146   (0)     12  : 0.0050 0.0065 0.9770 0.0085 0.0030
1147     1147   (0)     12  : 0.0025 0.0045 0.9720 0.0170 0.0040
1148     1148   (5)     13  : 0.0020 0.0025 0.0030 0.9895 0.0030
1149     1149   (0)     13  : 0.0030 0.0025 0.0040 0.9855 0.0050
1150     1150   (0)     13  : 0.0010 0.0020 0.0020 0.9930 0.0020
1151     1151   (0)     13  : 0.0060 0.0110 0.0090 0.9625 0.0115
1152     1152   (0)     13  : 0.0020 0.0015 0.0015 0.9930 0.0020
1153     1153   (0)     13  : 0.0020 0.0025 0.0060 0.9855 0.0040
1154     1154   (0)     13  : 0.0010 0.0015 0.0020 0.9935 0.0020
1155     1155   (0)     13  : 0.0020 0.0020 0.0020 0.9920 0.0020
1156     1156   (0)     13  : 0.0020 0.0030 0.0020 0.9910 0.0020
1157     1157   (0)     13  : 0.0020 0.0020 0.0020 0.9920 0.0020
1158     1158   (0)     13  : 0.0010 0.0010 0.0010 0.9955 0.0015
1159     1159   (0)     13  : 0.0010 0.0015 0.0020 0.9935 0.0020
1160     1160   (0)     13  : 0.0025 0.0025 0.0025 0.9895 0.0030
1161     1161   (5)     13  : 0.0010 0.0010 0.0010 0.9950 0.0020
1162     1162   (0)     13  : 0.0015 0.0015 0.0020 0.9930 0.0020
1163     1163   (0)     13  : 0.0010 0.0015 0.0015 0.9940 0.0020
1164     1164   (0)     13  : 0.0020 0.0040 0.0020 0.9890 0.0030
1165     1165   (0)     13  : 0.0020 0.0010 0.0020 0.9930 0.0020
1166     1166   (0)     13  : 0.0020 0.0015 0.0025 0.9920 0.0020
1167     1167   (0)     13  : 0.0010 0.0015 0.0020 0.9935 0.0020
1168     1168   (0)     13  : 0.0010 0.0010 0.0020 0.9950 0.0010
1169     1169   (0)     13  : 0.0020 0.0030 0.0020 0.9910 0.0020
1170     1170   (0)     13  : 0.0010 0.0010 0.0020 0.9940 0.0020
1171     1171   (0)     13  : 0.0010 0.0010 0.0010 0.9960 0.0010
1172     1172   (0)     13  : 0.0010 0.0010 0.0010 0.9960 0.0010
1173     1173   (0)     13  : 0.0010 0.0020 0.0010 0.9940 0.0020
1174     1174   (0)     13  : 0.0010 0.0015 0.0020 0.9935 0.0020
1175     1175   (0)     13  : 0.0010 0.0010 0.0010 0.9950 0.0020
1176     1176   (0)     14  : 0.0020 0.0020 0.0020 0.9930 0.0010
1177     1177   (0)     14  : 0.0020 0.0020 0.0010 0.9940 0.0010
1178     1178   (0)     14  : 0.0010 0.0010 0.0015 0.9945 0.0020
1179     1179   (0)     14  : 0.0020 0.0015 0.0030 0.9905 0.0030
1180     1180   (0)     14  : 0.0020 0.0020 0.0020 0.9920 0.0020
1181     1181   (0)     14  : 0.0010 0.0010 0.0015 0.9945 0.0020
1182     1182   (0)     14  : 0.0010 0.0020 0.0025 0.9925 0.0020
1183     1183   (0)     14  : 0.0010 0.0010 0.0010 0.9950 0.0020
1184     1184   (0)     14  : 0.0020 0.0010 0.0015 0.9935 0.0020
1185     1185   (0)     14  : 0.0010 0.0010 0.0010 0.9960 0.0010
1186     1186   (0)     14  : 0.0020 0.0055 0.0040 0.9835 0.0050
1187     1187   (0)     14  : 0.0020 0.0010 0.0030 0.9920 0.0020
1188     1188   (0)     14  : 0.0020 0.0050 0.0060 0.9800 0.0070
1189     1189   (0)     14  : 0.0010 0.0010 0.0010 0.9950 0.0020
1190     1190   (0)     14  : 0.0010 0.0010 0.0015 0.9950 0.0015
1191     1191   (0)     14  : 0.0020 0.0020 0.0015 0.9925 0.0020
1192     1192   (0)     14  : 0.0010 0.0010 0.0010 0.9950 0.0020
1193     1193   (0)     14  : 0.0010 0.0020 0.0020 0.9930 0.0020
1194     1194   (0)     14  : 0.0020 0.0020 0.0020 0.9920 0.0020
1195     1195   (0)     14  : 0.0010 0.0010 0.0010 0.9950 0.0020
1196     1196   (0)     14  : 0.0020 0.0015 0.0020 0.9925 0.0020
1197     1197   (0)     14  : 0.0010 0.0010 0.0020 0.9940 0.0020
1198     1198   (0)     14  : 0.0020 0.0025 0.0030 0.9905 0.0020
1199     1199   (0)     14  : 0.0010 0.0015 0.0025 0.9905 0.0045
1200     1200   (0)     14  : 0.0010 0.0025 0.0020 0.9925 0.0020
1201     1201   (0)     14  : 0.0020 0.0025 0.0045 0.9880 0.0030
1202     1202   (0)     14  : 0.0015 0.0020 0.0010 0.9935 0.0020
1203     1203   (0)     14  : 0.0020 0.0020 0.0020 0.9910 0.0030
1204     1204   (0)     14  : 0.0010 0.0010 0.0025 0.9935 0.0020
1205     1205   (0)     14  : 0.0010 0.0010 0.0010 0.9950 0.0020
1206     1206   (0)     14  : 0.0020 0.0020 0.0020 0.9920 0.0020
1207     1207   (0)     14  : 0.0010 0.0010 0.0010 0.9950 0.0020
1208     1208   (0)     14  : 0.0010 0.0025 0.0030 0.9905 0.0030
1209     1209   (0)     14  : 0.0040 0.0065 0.0095 0.9750 0.0050
1210     1210   (0)     14  : 0.0020 0.0010 0.0030 0.9910 0.0030
1211     1211   (0)     14  : 0.0020 0.0020 0.0010 0.9930 0.0020
1212     1212   (0)     14  : 0.0010 0.0010 0.0010 0.9960 0.0010
1213     1213   (0)     14  : 0.0010 0.0010 0.0010 0.9960 0.0010
1214     1214   (0)     14  : 0.0020 0.0030 0.0020 0.9910 0.0020
1215     1215   (0)     14  : 0.0025 0.0020 0.0025 0.9890 0.0040
1216     1216   (0)     14  : 0.0015 0.0025 0.0020 0.9920 0.0020
1217     1217   (0)     14  : 0.0020 0.0010 0.0015 0.9935 0.0020
1218     1218   (0)     14  : 0.0020 0.0020 0.0020 0.9930 0.0010
1219     1219   (0)     14  : 0.0020 0.0020 0.0030 0.9910 0.0020
1220     1220   (0)     14  : 0.0010 0.0020 0.0015 0.9935 0.0020
1221     1221   (0)     14  : 0.0010 0.0010 0.0010 0.9950 0.0020
1222     1222   (0)     14  : 0.0020 0.0010 0.0020 0.9930 0.0020
1223     1223   (0)     14  : 0.0030 0.0020 0.0035 0.9885 0.0030
1224     1224   (0)     14  : 0.0010 0.0010 0.0010 0.9950 0.0020
1225     1225   (0)     14  : 0.0020 0.0020 0.0015 0.9925 0.0020
1226     1226   (0)     14  : 0.0020 0.0015 0.0010 0.9935 0.0020
1227     1227   (0)     14  : 0.0010 0.0015 0.0020 0.9935 0.0020
1228     1228   (0)     14  : 0.0015 0.0020 0.0020 0.9925 0.0020
1229     1229   (0)     14  : 0.0010 0.0010 0.0020 0.9940 0.0020
1230     1230   (0)     14  : 0.0020 0.0025 0.0020 0.9915 0.0020
1231     1231   (0)     14  : 0.0020 0.0020 0.0015 0.9920 0.0025
1232     1232   (0)     14  : 0.0030 0.0015 0.0035 0.9900 0.0020
1233     1233   (0)     14  : 0.0020 0.0020 0.0020 0.9910 0.0030
1234     1234   (0)     14  : 0.0010 0.0015 0.0020 0.9935 0.0020
1235     1235   (0)     14  : 0.0015 0.0015 0.0020 0.9930 0.0020
1236     1236   (0)     14  : 0.0010 0.0010 0.0010 0.9950 0.0020
1237     1237   (0)     14  : 0.0030 0.0050 0.0040 0.9810 0.0070
1238     1238   (0)     14  : 0.0020 0.0010 0.0020 0.9930 0.0020
1239     1239   (0)     14  : 0.0050 0.0140 0.0050 0.9720 0.0040
1240     1240   (0)     14  : 0.0025 0.0035 0.0030 0.9880 0.0030
1241     1241   (0)     14  : 0.0010 0.0030 0.0020 0.9920 0.0020
1242     1242   (0)     14  : 0.0015 0.0015 0.0025 0.9925 0.0020
1243     1243   (0)     14  : 0.0020 0.0010 0.0020 0.9920 0.0030
1244     1244   (0)     14  : 0.0030 0.0135 0.0045 0.9730 0.0060
1245     1245   (0)     14  : 0.0030 0.0015 0.0020 0.9915 0.0020
1246     1246   (0)     14  : 0.0020 0.0020 0.0025 0.9915 0.0020
1247     1247   (0)     14  : 0.0020 0.0050 0.0045 0.9835 0.0050
1248     1248   (0)     14  : 0.0010 0.0015 0.0020 0.9935 0.0020
1249     1249   (0)     14  : 0.0010 0.0010 0.0020 0.9940 0.0020
1250     1250   (0)     14  : 0.0020 0.0015 0.0020 0.9925 0.0020
1251     1251   (0)     14  : 0.0020 0.0020 0.0025 0.9915 0.0020
1252     1252   (0)     14  : 0.0010 0.0010 0.0010 0.9950 0.0020
1253     1253   (0)     14  : 0.0010 0.0010 0.0020 0.9945 0.0015
1254     1254   (0)     14  : 0.0020 0.0015 0.0020 0.9925 0.0020
1255     1255   (0)     14  : 0.0020 0.0050 0.0020 0.9860 0.0050
1256     1256   (0)     14  : 0.0015 0.0020 0.0020 0.9925 0.0020
1257     1257   (0)     14  : 0.0010 0.0020 0.0015 0.9935 0.0020
1258     1258   (0)     14  : 0.0010 0.0020 0.0015 0.9935 0.0020
1259     1259   (0)     14  : 0.0010 0.0020 0.0020 0.9930 0.0020
1260     1260   (0)     14  : 0.0010 0.0010 0.0020 0.9940 0.0020
1261     1261   (0)     14  : 0.0020 0.0020 0.0015 0.9915 0.0030
1262     1262   (0)     14  : 0.0010 0.0020 0.0015 0.9925 0.0030
1263     1263   (0)     14  : 0.0030 0.0045 0.0045 0.9815 0.0065
1264     1264   (0)     14  : 0.0020 0.0015 0.0020 0.9925 0.0020
1265     1265   (0)     14  : 0.0020 0.0030 0.0030 0.9890 0.0030
1266     1266   (0)     14  : 0.0020 0.0020 0.0020 0.9920 0.0020
1267     1267   (0)     14  : 0.0030 0.0015 0.0030 0.9905 0.0020
1268     1268   (0)     14  : 0.0020 0.0020 0.0030 0.9910 0.0020
1269     1269   (0)     14  : 0.0030 0.0020 0.0030 0.9900 0.0020
1270     1270   (0)     14  : 0.0010 0.0020 0.0020 0.9930 0.0020
1271     1271   (0)     14  : 0.0020 0.0015 0.0015 0.9930 0.0020
1272     1272   (0)     14  : 0.0010 0.0015 0.0020 0.9930 0.0025
1273     1273   (0)     14  : 0.0010 0.0010 0.0020 0.9940 0.0020
1274     1274   (0)     14  : 0.0045 0.0050 0.0020 0.9865 0.0020
1275     1275   (0)     14  : 0.0010 0.0030 0.0020 0.9900 0.0040
1276     1276   (0)     14  : 0.0020 0.0025 0.0030 0.9895 0.0030
1277     1277   (0)     14  : 0.0010 0.0035 0.0030 0.9905 0.0020
1278     1278   (0)     14  : 0.0010 0.0010 0.0010 0.9960 0.0010
1279     1279   (0)     14  : 0.0020 0.0040 0.0020 0.9905 0.0015
1280     1280   (0)     14  : 0.0010 0.0020 0.0010 0.9940 0.0020
1281     1281   (0)     14  : 0.0020 0.0025 0.0020 0.9915 0.0020
1282     1282   (0)     14  : 0.0030 0.0040 0.0040 0.9835 0.0055
1283     1283   (0)     14  : 0.0010 0.0015 0.0020 0.9935 0.0020
1284     1284   (0)     14  : 0.0010 0.0015 0.0020 0.9935 0.0020
1285     1285   (0)     14  : 0.0060 0.0020 0.0045 0.9855 0.0020
1286     1286   (0)     14  : 0.0010 0.0020 0.0020 0.9930 0.0020
1287     1287   (0)     14  : 0.0020 0.0025 0.0030 0.9895 0.0030
1288     1288   (0)     14  : 0.0015 0.0020 0.0010 0.9935 0.0020
1289     1289   (0)     14  : 0.0010 0.0010 0.0020 0.9950 0.0010
1290     1290   (0)     14  : 0.0010 0.0010 0.0010 0.9960 0.0010
1291     1291   (0)     14  : 0.0010 0.0010 0.0020 0.9940 0.0020
1292     1292   (0)     14  : 0.0010 0.0010 0.0020 0.9940 0.0020
1293     1293   (0)     14  : 0.0020 0.0145 0.0090 0.9680 0.0065
1294     1294   (0)     14  : 0.0020 0.0010 0.0020 0.9930 0.0020
1295     1295   (0)     14  : 0.0010 0.0015 0.0020 0.9935 0.0020
1296     1296   (0)     14  : 0.0020 0.0015 0.0020 0.9925 0.0020
1297     1297   (0)     14  : 0.0010 0.0015 0.0015 0.9940 0.0020
1298     1298   (0)     14  : 0.0010 0.0015 0.0020 0.9935 0.0020
1299     1299   (0)     14  : 0.0020 0.0015 0.0020 0.9925 0.0020
1300     1300   (0)     14  : 0.0010 0.0010 0.0020 0.9940 0.0020
1301     1301   (0)     14  : 0.0020 0.0025 0.0025 0.9905 0.0025
1302     1302   (0)     14  : 0.0010 0.0010 0.0020 0.9940 0.0020
1303     1303   (0)     14  : 0.0010 0.0010 0.0010 0.9950 0.0020
1304     1304   (0)     14  : 0.0020 0.0020 0.0035 0.9905 0.0020
1305     1305   (0)     14  : 0.0010 0.0010 0.0020 0.9945 0.0015
1306     1306   (0)     14  : 0.0010 0.0010 0.0020 0.9940 0.0020
1307     1307   (0)     14  : 0.0010 0.0010 0.0010 0.9960 0.0010
1308     1308   (0)     14  : 0.0020 0.0020 0.0020 0.9920 0.0020
1309     1309   (0)     14  : 0.0010 0.0010 0.0015 0.9945 0.0020
1310     1310   (0)     14  : 0.0020 0.0070 0.0030 0.9850 0.0030
1311     1311   (0)     14  : 0.0010 0.0025 0.0020 0.9925 0.0020
1312     1312   (0)     14  : 0.0010 0.0010 0.0020 0.9940 0.0020
1313     1313   (0)     14  : 0.0020 0.0020 0.0020 0.9920 0.0020
1314     1314   (0)     14  : 0.0020 0.0015 0.0020 0.9925 0.0020
1315     1315   (0)     14  : 0.0030 0.0050 0.0025 0.9855 0.0040
1316     1316   (0)     14  : 0.0010 0.0010 0.0020 0.9940 0.0020
1317     1317   (0)     14  : 0.0020 0.0015 0.0035 0.9910 0.0020
1318     1318   (0)     14  : 0.0010 0.0015 0.0020 0.9935 0.0020
1319     1319   (0)     14  : 0.0020 0.0010 0.0015 0.9940 0.0015
1320     1320   (0)     14  : 0.0010 0.0015 0.0020 0.9935 0.0020
1321     1321   (0)     14  : 0.0010 0.0010 0.0020 0.9950 0.0010
1322     1322   (0)     14  : 0.0015 0.0015 0.0030 0.9910 0.0030
1323     1323   (0)     14  : 0.0010 0.0020 0.0020 0.9930 0.0020
1324     1324   (0)     14  : 0.0020 0.0015 0.0015 0.9925 0.0025
1325     1325   (0)     14  : 0.0020 0.0020 0.0020 0.9920 0.0020
1326     1326   (0)     14  : 0.0010 0.0015 0.0020 0.9935 0.0020
1327     1327   (0)     14  : 0.0020 0.0030 0.0030 0.9870 0.0050
1328     1328   (0)     14  : 0.0020 0.0040 0.0025 0.9895 0.0020
1329     1329   (0)     14  : 0.0020 0.0025 0.0040 0.9895 0.0020
1330     1330   (0)     14  : 0.0030 0.0025 0.0020 0.9905 0.0020
1331     1331   (0)     14  : 0.0010 0.0015 0.0030 0.9915 0.0030
1332     1332   (0)     14  : 0.0020 0.0045 0.0020 0.9885 0.0030
1333     1333   (0)     14  : 0.0010 0.0010 0.0020 0.9950 0.0010
1334     1334   (0)     14  : 0.0010 0.0030 0.0040 0.9890 0.0030
1335     1335   (0)     14  : 0.0010 0.0030 0.0030 0.9910 0.0020
1336     1336   (0)     14  : 0.0020 0.0020 0.0025 0.9915 0.0020
1337     1337   (0)     14  : 0.0010 0.0010 0.0010 0.9960 0.0010
1338     1338   (0)     14  : 0.0020 0.0010 0.0015 0.9935 0.0020
1339     1339   (0)     14  : 0.0010 0.0010 0.0010 0.9960 0.0010
1340     1340   (0)     14  : 0.0010 0.0015 0.0020 0.9935 0.0020
1341     1341   (0)     14  : 0.0010 0.0010 0.0010 0.9955 0.0015
1342     1342   (0)     14  : 0.0020 0.0015 0.0020 0.9915 0.0030
1343     1343   (0)     14  : 0.0010 0.0010 0.0015 0.9945 0.0020
1344     1344   (0)     14  : 0.0020 0.0025 0.0035 0.9860 0.0060
1345     1345   (0)     14  : 0.0020 0.0010 0.0020 0.9930 0.0020
1346     1346   (0)     14  : 0.0010 0.0020 0.0030 0.9920 0.0020
1347     1347   (0)     14  : 0.0030 0.0020 0.0030 0.9900 0.0020
1348     1348   (0)     14  : 0.0010 0.0010 0.0020 0.9940 0.0020
1349     1349   (0)     14  : 0.0020 0.0030 0.0020 0.9905 0.0025
1350     1350   (0)     14  : 0.0020 0.0010 0.0020 0.9930 0.0020
1351     1351   (0)     14  : 0.0020 0.0020 0.0025 0.9915 0.0020
1352     1352   (0)     14  : 0.0010 0.0010 0.0010 0.9950 0.0020
1353     1353   (0)     14  : 0.0010 0.0010 0.0015 0.9945 0.0020
1354     1354   (0)     14  : 0.0010 0.0020 0.0020 0.9930 0.0020
1355     1355   (0)     14  : 0.0010 0.0010 0.0020 0.9950 0.0010
1356     1356   (0)     14  : 0.0020 0.0010 0.0025 0.9925 0.0020
1357     1357   (0)     14  : 0.0010 0.0010 0.0020 0.9940 0.0020
1358     1358   (0)     14  : 0.0020 0.0025 0.0030 0.9905 0.0020
1359     1359   (0)     14  : 0.0010 0.0010 0.0015 0.9945 0.0020
1360     1360   (0)     14  : 0.0010 0.0010 0.0020 0.9940 0.0020
1361     1361   (0)     14  : 0.0030 0.0010 0.0020 0.9920 0.0020
1362     1362   (0)     14  : 0.0020 0.0020 0.0020 0.9920 0.0020
1363     1363   (0)     14  : 0.0020 0.0010 0.0020 0.9930 0.0020
1364     1364   (0)     14  : 0.0020 0.0010 0.0010 0.9940 0.0020
1365     1365   (0)     14  : 0.0010 0.0010 0.0015 0.9955 0.0010
1366     1366   (0)     14  : 0.0020 0.0010 0.0020 0.9930 0.0020
1367     1367   (0)     14  : 0.0010 0.0010 0.0015 0.9945 0.0020
1368     1368   (0)     14  : 0.0020 0.0020 0.0020 0.9920 0.0020
1369     1369   (0)     14  : 0.0020 0.0020 0.0025 0.9895 0.0040
1370     1370   (0)     14  : 0.0030 0.0030 0.0020 0.9900 0.0020
1371     1371   (0)     14  : 0.0020 0.0010 0.0020 0.9920 0.0030
1372     1372   (0)     14  : 0.0010 0.0025 0.0025 0.9905 0.0035
1373     1373   (0)     14  : 0.0010 0.0015 0.0020 0.9935 0.0020
1374     1374   (0)     14  : 0.0010 0.0010 0.0010 0.9950 0.0020
1375     1375   (0)     14  : 0.0020 0.0030 0.0030 0.9890 0.0030
1376     1376   (0)     14  : 0.0020 0.0020 0.0020 0.9920 0.0020
1377     1377   (0)     14  : 0.0020 0.0010 0.0010 0.9940 0.0020
1378     1378   (0)     14  : 0.0020 0.0010 0.0020 0.9930 0.0020
1379     1379   (0)     14  : 0.0010 0.0020 0.0020 0.9930 0.0020
1380     1380   (0)     14  : 0.0020 0.0010 0.0020 0.9930 0.0020
1381     1381   (0)     14  : 0.0010 0.0015 0.0020 0.9925 0.0030
1382     1382   (0)     14  : 0.0010 0.0015 0.0015 0.9940 0.0020
1383     1383   (0)     14  : 0.0020 0.0020 0.0025 0.9915 0.0020
1384     1384   (0)     14  : 0.0020 0.0020 0.0020 0.9920 0.0020
1385     1385   (0)     14  : 0.0015 0.0020 0.0020 0.9925 0.0020
1386     1386   (0)     14  : 0.0020 0.0055 0.0025 0.9870 0.0030
1387     1387   (0)     14  : 0.0010 0.0010 0.0010 0.9960 0.0010
1388     1388   (0)     14  : 0.0010 0.0025 0.0020 0.9925 0.0020
1389     1389   (0)     14  : 0.0010 0.0010 0.0020 0.9950 0.0010
1390     1390   (0)     14  : 0.0010 0.0010 0.0020 0.9940 0.0020
1391     1391   (0)     14  : 0.0050 0.0100 0.0075 0.9700 0.0075
1392     1392   (0)     14  : 0.0020 0.0015 0.0025 0.9910 0.0030
1393     1393   (0)     14  : 0.0010 0.0040 0.0025 0.9865 0.0060
1394     1394   (0)     14  : 0.0030 0.0025 0.0045 0.9880 0.0020
1395     1395   (0)     14  : 0.0030 0.0035 0.0030 0.9875 0.0030
1396     1396   (0)     14  : 0.0020 0.0010 0.0010 0.9940 0.0020
1397     1397   (0)     14  : 0.0020 0.0015 0.0020 0.9925 0.0020
1398     1398   (0)     14  : 0.0020 0.0010 0.0020 0.9930 0.0020
1399     1399   (0)     14  : 0.0010 0.0010 0.0015 0.9945 0.0020
1400     1400   (0)     14  : 0.0020 0.0050 0.0020 0.9890 0.0020
1401     1401   (0)     14  : 0.0020 0.0015 0.0020 0.9905 0.0040
1402     1402   (0)     14  : 0.0010 0.0010 0.0010 0.9950 0.0020
1403     1403   (0)     14  : 0.0025 0.0070 0.0025 0.9840 0.0040
1404     1404   (0)     14  : 0.0010 0.0010 0.0020 0.9940 0.0020
1405     1405   (0)     14  : 0.0020 0.0010 0.0020 0.9910 0.0040
1406     1406   (0)     14  : 0.0010 0.0035 0.0025 0.9890 0.0040
1407     1407   (0)     14  : 0.0020 0.0015 0.0020 0.9920 0.0025
1408     1408   (0)     14  : 0.0010 0.0010 0.0020 0.9940 0.0020
1409     1409   (0)     14  : 0.0010 0.0010 0.0010 0.9950 0.0020
1410     1410   (0)     14  : 0.0015 0.0010 0.0020 0.9935 0.0020
1411     1411   (0)     14  : 0.0020 0.0010 0.0010 0.9950 0.0010
1412     1412   (0)     14  : 0.0010 0.0015 0.0020 0.9935 0.0020
1413     1413   (0)     14  : 0.0020 0.0030 0.0020 0.9910 0.0020
1414     1414   (0)     14  : 0.0020 0.0025 0.0020 0.9905 0.0030
1415     1415   (0)     14  : 0.0020 0.0025 0.0035 0.9880 0.0040
1416     1416   (0)     14  : 0.0010 0.0015 0.0020 0.9935 0.0020
1417     1417   (0)     14  : 0.0010 0.0010 0.0010 0.9960 0.0010
1418     1418   (0)     14  : 0.0030 0.0100 0.0035 0.9805 0.0030
1419     1419   (0)     14  : 0.0020 0.0015 0.0020 0.9925 0.0020
1420     1420   (0)     14  : 0.0010 0.0025 0.0025 0.9920 0.0020
1421     1421   (0)     14  : 0.0010 0.0010 0.0015 0.9945 0.0020
1422     1422   (0)     14  : 0.0020 0.0015 0.0015 0.9930 0.0020
1423     1423   (0)     14  : 0.0020 0.0020 0.0020 0.9910 0.0030
1424     1424   (0)     14  : 0.0020 0.0025 0.0020 0.9915 0.0020
1425     1425   (0)     14  : 0.0020 0.0020 0.0020 0.9920 0.0020
1426     1426   (0)     14  : 0.0010 0.0015 0.0010 0.9955 0.0010
1427     1427   (0)     14  : 0.0020 0.0020 0.0020 0.9920 0.0020
1428     1428   (0)     14  : 0.0010 0.0020 0.0020 0.9930 0.0020
1429     1429   (0)     14  : 0.0010 0.0010 0.0020 0.9940 0.0020
1430     1430   (0)     14  : 0.0010 0.0010 0.0015 0.9945 0.0020
1431     1431   (0)     14  : 0.0010 0.0010 0.0020 0.9940 0.0020
1432     1432   (0)     14  : 0.0020 0.0025 0.0020 0.9905 0.0030
1433     1433   (0)     14  : 0.0020 0.0025 0.0020 0.9915 0.0020
1434     1434   (0)     14  : 0.0010 0.0020 0.0020 0.9930 0.0020
1435     1435   (0)     14  : 0.0010 0.0010 0.0010 0.9950 0.0020
1436     1436   (0)     14  : 0.0020 0.0015 0.0020 0.9925 0.0020
1437     1437   (0)     14  : 0.0030 0.0035 0.0020 0.9895 0.0020
1438     1438   (0)     14  : 0.0020 0.0025 0.0025 0.9910 0.0020
1439     1439   (0)     14  : 0.0010 0.0010 0.0010 0.9950 0.0020
1440     1440   (0)     14  : 0.0010 0.0010 0.0015 0.9955 0.0010
1441     1441   (0)     14  : 0.0020 0.0020 0.0020 0.9920 0.0020
1442     1442   (0)     14  : 0.0020 0.0035 0.0025 0.9885 0.0035
1443     1443   (0)     14  : 0.0020 0.0020 0.0020 0.9910 0.0030
1444     1444   (0)     14  : 0.0010 0.0020 0.0020 0.9930 0.0020
1445     1445   (0)     14  : 0.0010 0.0010 0.0010 0.9950 0.0020
1446     1446   (0)     14  : 0.0020 0.0020 0.0020 0.9910 0.0030
1447     1447   (0)     14  : 0.0010 0.0025 0.0020 0.9925 0.0020
1448     1448   (0)     14  : 0.0010 0.0020 0.0015 0.9935 0.0020
1449     1449   (0)     14  : 0.0010 0.0010 0.0015 0.9945 0.0020
1450     1450   (0)     14  : 0.0010 0.0010 0.0015 0.9945 0.0020
1451     1451   (0)     14  : 0.0010 0.0015 0.0020 0.9935 0.0020
1452     1452   (0)     14  : 0.0010 0.0020 0.0010 0.9940 0.0020
1453     1453   (0)     14  : 0.0030 0.0025 0.0035 0.9880 0.0030
1454     1454   (0)     14  : 0.0020 0.0035 0.0020 0.9895 0.0030
1455     1455   (0)     14  : 0.0020 0.0045 0.0035 0.9880 0.0020
1456     1456   (0)     14  : 0.0040 0.0100 0.0330 0.9079 0.0450
1457     1457   (0)     14  : 0.0020 0.0020 0.0020 0.9920 0.0020
1458     1458   (0)     14  : 0.0010 0.0020 0.0010 0.9940 0.0020
1459     1459   (0)     14  : 0.0065 0.0035 0.0055 0.9800 0.0045
1460     1460   (0)     14  : 0.0025 0.0070 0.0040 0.9825 0.0040
1461     1461   (0)     14  : 0.0020 0.0015 0.0020 0.9925 0.0020
1462     1462   (0)     14  : 0.0010 0.0015 0.0020 0.9935 0.0020
1463     1463   (0)     14  : 0.0010 0.0010 0.0015 0.9950 0.0015
1464     1464   (0)     14  : 0.0020 0.0115 0.0040 0.9755 0.0070
1465     1465   (0)     14  : 0.0010 0.0010 0.0015 0.9945 0.0020
1466     1466   (0)     14  : 0.0010 0.0010 0.0020 0.9940 0.0020
1467     1467   (0)     14  : 0.0010 0.0020 0.0020 0.9930 0.0020
1468     1468   (0)     14  : 0.0010 0.0010 0.0020 0.9945 0.0015
1469     1469   (0)     14  : 0.0010 0.0010 0.0010 0.9950 0.0020
1470     1470   (0)     14  : 0.0020 0.0015 0.0020 0.9915 0.0030
1471     1471   (0)     14  : 0.0010 0.0010 0.0020 0.9940 0.0020
1472     1472   (0)     14  : 0.0010 0.0010 0.0010 0.9960 0.0010
1473     1473   (0)     14  : 0.0025 0.0015 0.0020 0.9910 0.0030
1474     1474   (0)     14  : 0.0010 0.0020 0.0020 0.9930 0.0020
1475     1475   (0)     14  : 0.0020 0.0010 0.0020 0.9930 0.0020
1476     1476   (5)     15  : 0.0015 0.9925 0.0020 0.0025 0.0015
1477     1477   (0)     15  : 0.0010 0.9940 0.0020 0.0020 0.0010
1478     1478   (0)     15  : 0.0020 0.9900 0.0030 0.0025 0.0025
1479     1479   (0)     15  : 0.0020 0.9935 0.0020 0.0010 0.0015
1480     1480   (5)     15  : 0.0025 0.9845 0.0090 0.0015 0.0025
1481     1481   (0)     15  : 0.0015 0.9940 0.0015 0.0015 0.0015
1482     1482   (0)     15  : 0.0035 0.9910 0.0015 0.0020 0.0020
1483     1483   (0)     15  : 0.0015 0.9930 0.0020 0.0015 0.0020
1484     1484   (0)     15  : 0.0025 0.9915 0.0020 0.0020 0.0020
1485     1485   (0)     15  : 0.0025 0.9925 0.0020 0.0020 0.0010
1486     1486   (0)     15  : 0.0015 0.9940 0.0020 0.0010 0.0015
1487     1487   (0)     15  : 0.0015 0.9945 0.0020 0.0010 0.0010
1488     1488   (5)     15  : 0.0035 0.9885 0.0030 0.0020 0.0030
1489     1489   (0)     15  : 0.0015 0.9940 0.0010 0.0020 0.0015
1490     1490   (0)     15  : 0.0020 0.9920 0.0020 0.0020 0.0020
1491     1491   (0)     15  : 0.0010 0.9955 0.0015 0.0010 0.0010
1492     1492   (0)     15  : 0.0020 0.9915 0.0030 0.0010 0.0025
1493     1493   (0)     15  : 0.0010 0.9940 0.0020 0.0020 0.0010
1494     1494   (0)     15  : 0.0020 0.9895 0.0020 0.0040 0.0025
1495     1495   (0)     15  : 0.0030 0.9760 0.0130 0.0030 0.0050
1496     1496   (0)     15  : 0.0020 0.9930 0.0020 0.0010 0.0020
1497     1497   (0)     15  : 0.0010 0.9930 0.0020 0.0020 0.0020
1498     1498   (0)     15  : 0.0020 0.9840 0.0050 0.0045 0.0045
1499     1499   (0)     15  : 0.0055 0.9870 0.0035 0.0020 0.0020
1500     1500   (0)     15  : 0.0015 0.9935 0.0015 0.0020 0.0015
1501     1501   (0)     15  : 0.0020 0.9870 0.0040 0.0040 0.0030
1502     1502   (0)     15  : 0.0015 0.9930 0.0020 0.0020 0.0015
1503     1503   (0)     16  : 0.0020 0.9925 0.0020 0.0015 0.0020
1504     1504   (0)     16  : 0.0015 0.9935 0.0020 0.0010 0.0020
1505     1505   (0)     16  : 0.0010 0.9950 0.0020 0.0010 0.0010
1506     1506   (0)     16  : 0.0020 0.9885 0.0025 0.0045 0.0025
1507     1507   (0)     16  : 0.0010 0.9940 0.0020 0.0010 0.0020
1508     1508   (0)     16  : 0.0015 0.9925 0.0020 0.0020 0.0020
1509     1509   (0)     16  : 0.0020 0.9920 0.0025 0.0015 0.0020
1510     1510   (0)     16  : 0.0015 0.9930 0.0020 0.0015 0.0020
1511     1511   (0)     16  : 0.0020 0.9920 0.0020 0.0030 0.0010
1512     1512   (0)     16  : 0.0015 0.9925 0.0025 0.0015 0.0020
1513     1513   (0)     16  : 0.0030 0.9915 0.0020 0.0020 0.0015
1514     1514   (0)     16  : 0.0020 0.9910 0.0020 0.0030 0.0020
1515     1515   (0)     16  : 0.0015 0.9920 0.0025 0.0020 0.0020
1516     1516   (0)     16  : 0.0010 0.9920 0.0025 0.0025 0.0020
1517     1517   (0)     16  : 0.0010 0.9890 0.0040 0.0035 0.0025
1518     1518   (0)     16  : 0.0020 0.9930 0.0020 0.0010 0.0020
1519     1519   (0)     16  : 0.0015 0.9920 0.0020 0.0025 0.0020
1520     1520   (0)     16  : 0.0015 0.9945 0.0020 0.0010 0.0010
1521     1521   (0)     16  : 0.0025 0.9940 0.0015 0.0010 0.0010
1522     1522   (0)     16  : 0.0010 0.9940 0.0025 0.0010 0.0015
1523     1523   (0)     16  : 0.0015 0.9930 0.0020 0.0015 0.0020
1524     1524   (0)     16  : 0.0020 0.9890 0.0040 0.0025 0.0025
1525     1525   (0)     16  : 0.0015 0.9920 0.0025 0.0020 0.0020
1526     1526   (0)     16  : 0.0015 0.9925 0.0020 0.0020 0.0020
1527     1527   (0)     16  : 0.0045 0.9880 0.0035 0.0020 0.0020
1528     1528   (0)     16  : 0.0010 0.9930 0.0020 0.0020 0.0020
1529     1529   (0)     16  : 0.0025 0.9915 0.0025 0.0020 0.0015
1530     1530   (0)     16  : 0.0030 0.9880 0.0025 0.0030 0.0035
1531     1531   (0)     16  : 0.0015 0.9945 0.0020 0.0010 0.0010
1532     1532   (0)     16  : 0.0025 0.9920 0.0025 0.0010 0.0020
1533     1533   (0)     16  : 0.0030 0.9905 0.0020 0.0025 0.0020
1534     1534   (0)     16  : 0.0020 0.9920 0.0020 0.0020 0.0020
1535     1535   (0)     16  : 0.0010 0.9940 0.0020 0.0010 0.0020
1536     1536   (0)     16  : 0.0015 0.9945 0.0015 0.0010 0.0015
1537     1537   (0)     16  : 0.0020 0.9890 0.0030 0.0020 0.0040
1538     1538   (0)     16  : 0.0020 0.9890 0.0030 0.0040 0.0020
1539     1539   (0)     16  : 0.0030 0.9885 0.0030 0.0035 0.0020
1540     1540   (0)     16  : 0.0020 0.9920 0.0020 0.0020 0.0020
1541     1541   (0)     16  : 0.0010 0.9925 0.0015 0.0030 0.0020
1542     1542   (0)     16  : 0.0015 0.9920 0.0020 0.0020 0.0025
1543     1543   (0)     16  : 0.0020 0.9915 0.0020 0.0025 0.0020
1544     1544   (0)     16  : 0.0020 0.9900 0.0030 0.0015 0.0035
1545     1545   (0)     16  : 0.0025 0.9880 0.0020 0.0020 0.0055
1546     1546   (0)     16  : 0.0025 0.9915 0.0020 0.0020 0.0020
1547     1547   (0)     16  : 0.0025 0.9870 0.0060 0.0020 0.0025
1548     1548   (0)     16  : 0.0020 0.9870 0.0035 0.0050 0.0025
1549     1549   (0)     16  : 0.0035 0.9890 0.0020 0.0035 0.0020
1550     1550   (0)     16  : 0.0020 0.9925 0.0020 0.0015 0.0020
1551     1551   (0)     16  : 0.0020 0.9930 0.0020 0.0010 0.0020
1552     1552   (0)     16  : 0.0020 0.9915 0.0025 0.0020 0.0020
1553     1553   (0)     16  : 0.0030 0.9875 0.0035 0.0030 0.0030
1554     1554   (0)     16  : 0.0025 0.9915 0.0020 0.0020 0.0020
1555     1555   (0)     16  : 0.0010 0.9930 0.0020 0.0030 0.0010
1556     1556   (0)     16  : 0.0020 0.9905 0.0030 0.0025 0.0020
1557     1557   (0)     16  : 0.0020 0.9930 0.0020 0.0020 0.0010
1558     1558   (0)     16  : 0.0015 0.9935 0.0020 0.0010 0.0020
1559     1559   (0)     16  : 0.0015 0.9925 0.0020 0.0020 0.0020
1560     1560   (0)     16  : 0.0010 0.9945 0.0015 0.0010 0.0020
1561     1561   (0)     16  : 0.0035 0.9915 0.0020 0.0020 0.0010
1562     1562   (0)     16  : 0.0025 0.9890 0.0025 0.0040 0.0020
1563     1563   (0)     16  : 0.0020 0.9915 0.0025 0.0020 0.0020
1564     1564   (0)     16  : 0.0015 0.9940 0.0015 0.0020 0.0010
1565     1565   (0)     16  : 0.0010 0.9940 0.0020 0.0020 0.0010
1566     1566   (0)     16  : 0.0030 0.9885 0.0035 0.0025 0.0025
1567     1567   (0)     16  : 0.0015 0.9925 0.0025 0.0020 0.0015
1568     1568   (0)     16  : 0.0025 0.9860 0.0045 0.0035 0.0035
1569     1569   (0)     16  : 0.0125 0.9750 0.0050 0.0045 0.0030
1570     1570   (0)     16  : 0.0015 0.9910 0.0025 0.0030 0.0020
1571     1571   (0)     16  : 0.0025 0.9915 0.0020 0.0020 0.0020
1572     1572   (0)     16  : 0.0015 0.9940 0.0020 0.0010 0.0015
1573     1573   (0)     16  : 0.0010 0.9950 0.0015 0.0010 0.0015
1574     1574   (0)     16  : 0.0010 0.9935 0.0020 0.0015 0.0020
1575     1575   (0)     16  : 0.0020 0.9865 0.0030 0.0060 0.0025
1576     1576   (0)     16  : 0.0020 0.9920 0.0015 0.0025 0.0020
1577     1577   (0)     16  : 0.0020 0.9905 0.0025 0.0025 0.0025
1578     1578   (0)     16  : 0.0015 0.9925 0.0020 0.0020 0.0020
1579     1579   (0)     16  : 0.0025 0.9920 0.0020 0.0015 0.0020
1580     1580   (0)     16  : 0.0015 0.9930 0.0025 0.0020 0.0010
1581     1581   (0)     16  : 0.0025 0.9865 0.0055 0.0020 0.0035
1582     1582   (0)     16  : 0.0015 0.9915 0.0020 0.0030 0.0020
1583     1583   (0)     16  : 0.0035 0.9920 0.0020 0.0010 0.0015
1584     1584   (0)     16  : 0.0010 0.9930 0.0025 0.0015 0.0020
1585     1585   (0)     16  : 0.0035 0.9925 0.0020 0.0010 0.0010
1586     1586   (0)     16  : 0.0030 0.9910 0.0030 0.0010 0.0020
1587     1587   (0)     16  : 0.0025 0.9935 0.0020 0.0010 0.0010
1588     1588   (0)     16  : 0.0010 0.9955 0.0015 0.0010 0.0010
1589     1589   (0)     16  : 0.0010 0.9950 0.0020 0.0010 0.0010
1590     1590   (0)     16  : 0.0015 0.9925 0.0020 0.0020 0.0020
1591     1591   (0)     16  : 0.0020 0.9805 0.0070 0.0075 0.0030
1592     1592   (0)     16  : 0.0015 0.9935 0.0020 0.0020 0.0010
1593     1593   (0)     16  : 0.0030 0.9925 0.0015 0.0010 0.0020
1594     1594   (0)     16  : 0.0030 0.9905 0.0025 0.0020 0.0020
1595     1595   (0)     16  : 0.0020 0.9915 0.0020 0.0025 0.0020
1596     1596   (0)     16  : 0.0020 0.9920 0.0020 0.0020 0.0020
1597     1597   (0)     16  : 0.0015 0.9930 0.0025 0.0010 0.0020
1598     1598   (0)     16  : 0.0015 0.9950 0.0015 0.0010 0.0010
1599     1599   (0)     16  : 0.0035 0.9890 0.0035 0.0020 0.0020
1600     1600   (0)     16  : 0.0015 0.9940 0.0020 0.0010 0.0015
1601     1601   (0)     16  : 0.0010 0.9955 0.0015 0.0010 0.0010
1602     1602   (0)     16  : 0.0015 0.9950 0.0015 0.0010 0.0010
1603     1603   (0)     16  : 0.0010 0.9920 0.0030 0.0020 0.0020
1604     1604   (0)     16  : 0.0015 0.9920 0.0035 0.0010 0.0020
1605     1605   (0)     16  : 0.0030 0.9910 0.0025 0.0020 0.0015
1606     1606   (0)     16  : 0.0030 0.9915 0.0020 0.0020 0.0015
1607     1607   (0)     16  : 0.0010 0.9950 0.0020 0.0010 0.0010
1608     1608   (0)     16  : 0.0015 0.9920 0.0025 0.0020 0.0020
1609     1609   (0)     16  : 0.0015 0.9940 0.0020 0.0010 0.0015
1610     1610   (0)     16  : 0.0025 0.9910 0.0020 0.0025 0.0020
1611     1611   (0)     16  : 0.0015 0.9935 0.0020 0.0015 0.0015
1612     1612   (0)     16  : 0.0010 0.9960 0.0010 0.0010 0.0010
1613     1613   (0)     16  : 0.0020 0.9925 0.0020 0.0020 0.0015
1614     1614   (0)     16  : 0.0015 0.9925 0.0025 0.0020 0.0015
1615     1615   (0)     16  : 0.0015 0.9935 0.0020 0.0010 0.0020
1616     1616   (0)     16  : 0.0015 0.9940 0.0015 0.0015 0.0015
1617     1617   (0)     16  : 0.0025 0.9910 0.0030 0.0015 0.0020
1618     1618   (0)     16  : 0.0015 0.9940 0.0020 0.0010 0.0015
1619     1619   (0)     16  : 0.0025 0.9925 0.0015 0.0020 0.0015
1620     1620   (0)     16  : 0.0015 0.9920 0.0020 0.0020 0.0025
1621     1621   (0)     16  : 0.0010 0.9915 0.0030 0.0020 0.0025
1622     1622   (0)     16  : 0.0020 0.9920 0.0025 0.0015 0.0020
1623     1623   (0)     16  : 0.0020 0.9940 0.0020 0.0010 0.0010
1624     1624   (0)     16  : 0.0015 0.9925 0.0030 0.0010 0.0020
1625     1625   (0)     16  : 0.0020 0.9940 0.0015 0.0010 0.0015
1626     1626   (0)     16  : 0.0015 0.9955 0.0010 0.0010 0.0010
1627     1627   (0)     16  : 0.0015 0.9930 0.0025 0.0010 0.0020
1628     1628   (0)     16  : 0.0010 0.9840 0.0085 0.0035 0.0030
1629     1629   (0)     16  : 0.0020 0.9945 0.0015 0.0010 0.0010
1630     1630   (0)     16  : 0.0015 0.9930 0.0025 0.0010 0.0020
1631     1631   (0)     16  : 0.0025 0.9825 0.0065 0.0045 0.0040
1632     1632   (0)     16  : 0.0010 0.9950 0.0015 0.0015 0.0010
1633     1633   (0)     16  : 0.0015 0.9955 0.0010 0.0010 0.0010
1634     1634   (0)     16  : 0.0015 0.9950 0.0015 0.0010 0.0010
1635     1635   (0)     16  : 0.0045 0.9895 0.0015 0.0025 0.0020
1636     1636   (0)     16  : 0.0015 0.9915 0.0030 0.0020 0.0020
1637     1637   (0)     16  : 0.0020 0.9920 0.0020 0.0020 0.0020
1638     1638   (0)     16  : 0.0020 0.9930 0.0020 0.0015 0.0015
1639     1639   (0)     16  : 0.0020 0.9890 0.0030 0.0025 0.0035
1640     1640   (0)     16  : 0.0020 0.9920 0.0020 0.0020 0.0020
1641     1641   (0)     16  : 0.0010 0.9940 0.0020 0.0015 0.0015
1642     1642   (0)     16  : 0.0015 0.9945 0.0015 0.0010 0.0015
1643     1643   (0)     16  : 0.0020 0.9925 0.0020 0.0015 0.0020
1644     1644   (0)     16  : 0.0015 0.9905 0.0040 0.0020 0.0020
1645     1645   (0)     16  : 0.0015 0.9905 0.0020 0.0030 0.0030
1646     1646   (0)     16  : 0.0020 0.9810 0.0090 0.0025 0.0055
1647     1647   (0)     16  : 0.0030 0.9930 0.0020 0.0010 0.0010
1648     1648   (0)     16  : 0.0020 0.9850 0.0035 0.0040 0.0055
1649     1649   (0)     16  : 0.0025 0.9910 0.0020 0.0025 0.0020
1650     1650   (0)     16  : 0.0020 0.9920 0.0020 0.0020 0.0020
1651     1651   (0)     16  : 0.0025 0.9920 0.0030 0.0010 0.0015
1652     1652   (0)     16  : 0.0015 0.9930 0.0025 0.0020 0.0010
1653     1653   (0)     16  : 0.0030 0.9915 0.0020 0.0015 0.0020
1654     1654   (0)     16  : 0.0015 0.9945 0.0015 0.0010 0.0015
1655     1655   (0)     16  : 0.0030 0.9915 0.0020 0.0015 0.0020
1656     1656   (0)     16  : 0.0025 0.9910 0.0025 0.0020 0.0020
1657     1657   (0)     16  : 0.0025 0.9915 0.0020 0.0020 0.0020
1658     1658   (0)     16  : 0.0020 0.9930 0.0020 0.0015 0.0015
1659     1659   (0)     16  : 0.0015 0.9920 0.0020 0.0025 0.0020
1660     1660   (0)     16  : 0.0020 0.9920 0.0020 0.0020 0.0020
1661     1661   (0)     16  : 0.0025 0.9895 0.0035 0.0025 0.0020
1662     1662   (0)     16  : 0.0015 0.9945 0.0015 0.0015 0.0010
1663     1663   (0)     16  : 0.0020 0.9915 0.0025 0.0020 0.0020
1664     1664   (0)     16  : 0.0015 0.9925 0.0020 0.0020 0.0020
1665     1665   (0)     16  : 0.0020 0.9710 0.0050 0.0130 0.0090
1666     1666   (0)     16  : 0.0020 0.9920 0.0020 0.0020 0.0020
1667     1667   (0)     16  : 0.0025 0.9915 0.0030 0.0010 0.0020
1668     1668   (0)     16  : 0.0035 0.9910 0.0020 0.0020 0.0015
1669     1669   (0)     16  : 0.0025 0.9915 0.0020 0.0020 0.0020
1670     1670   (0)     16  : 0.0030 0.9910 0.0020 0.0020 0.0020
1671     1671   (0)     16  : 0.0030 0.9905 0.0025 0.0020 0.0020
1672     1672   (0)     16  : 0.0020 0.9905 0.0025 0.0025 0.0025
1673     1673   (0)     16  : 0.0015 0.9945 0.0020 0.0010 0.0010
1674     1674   (0)     16  : 0.0010 0.9935 0.0020 0.0020 0.0015
1675     1675   (0)     16  : 0.0015 0.9935 0.0020 0.0010 0.0020
1676     1676   (0)     16  : 0.0010 0.9950 0.0015 0.0015 0.0010
1677     1677   (0)     16  : 0.0020 0.9905 0.0025 0.0030 0.0020
1678     1678   (0)     16  : 0.0010 0.9920 0.0025 0.0025 0.0020
1679     1679   (0)     16  : 0.0010 0.9940 0.0020 0.0010 0.0020
1680     1680   (0)     16  : 0.0015 0.9945 0.0020 0.0010 0.0010
1681     1681   (0)     16  : 0.0020 0.9930 0.0020 0.0015 0.0015
1682     1682   (0)     16  : 0.0020 0.9855 0.0065 0.0020 0.0040
1683     1683   (0)     16  : 0.0015 0.9935 0.0020 0.0010 0.0020
1684     1684   (0)     16  : 0.0020 0.9920 0.0020 0.0020 0.0020
1685     1685   (0)     16  : 0.0020 0.9920 0.0020 0.0020 0.0020
1686     1686   (0)     16  : 0.0020 0.9915 0.0030 0.0015 0.0020
1687     1687   (0)     16  : 0.0010 0.9935 0.0020 0.0020 0.0015
1688     1688   (0)     16  : 0.0020 0.9920 0.0030 0.0010 0.0020
1689     1689   (0)     16  : 0.0015 0.9930 0.0020 0.0015 0.0020
1690     1690   (0)     16  : 0.0015 0.9930 0.0020 0.0010 0.0025
1691     1691   (0)     16  : 0.0010 0.9935 0.0020 0.0020 0.0015
1692     1692   (0)     16  : 0.0025 0.9915 0.0020 0.0025 0.0015
1693     1693   (0)     16  : 0.0020 0.9930 0.0020 0.0010 0.0020
1694     1694   (0)     16  : 0.0015 0.9945 0.0020 0.0010 0.0010
1695     1695   (0)     16  : 0.0020 0.9940 0.0010 0.0020 0.0010
1696     1696   (0)     16  : 0.0065 0.9860 0.0035 0.0020 0.0020
1697     1697   (0)     16  : 0.0015 0.9925 0.0020 0.0020 0.0020
1698     1698   (0)     16  : 0.0010 0.9935 0.0020 0.0020 0.0015
1699     1699   (0)     16  : 0.0015 0.9930 0.0025 0.0010 0.0020
1700     1700   (0)     16  : 0.0020 0.9910 0.0030 0.0020 0.0020
1701     1701   (0)     16  : 0.0010 0.9930 0.0020 0.0020 0.0020
1702     1702   (0)     16  : 0.0020 0.9915 0.0035 0.0010 0.0020
1703     1703   (0)     16  : 0.0030 0.9900 0.0025 0.0025 0.0020
1704     1704   (0)     16  : 0.0015 0.9900 0.0040 0.0025 0.0020
1705     1705   (0)     16  : 0.0020 0.9910 0.0025 0.0025 0.0020
1706     1706   (0)     16  : 0.0035 0.9895 0.0030 0.0020 0.0020
1707     1707   (0)     16  : 0.0020 0.9930 0.0020 0.0010 0.0020
1708     1708   (0)     16  : 0.0025 0.9890 0.0020 0.0040 0.0025
1709     1709   (0)     16  : 0.0015 0.9945 0.0010 0.0015 0.0015
1710     1710   (0)     16  : 0.0025 0.9915 0.0020 0.0020 0.0020
1711     1711   (0)     16  : 0.0020 0.9935 0.0020 0.0015 0.0010
1712     1712   (0)     16  : 0.0015 0.9940 0.0015 0.0015 0.0015
1713     1713   (0)     16  : 0.0020 0.9905 0.0035 0.0020 0.0020
1714     1714   (0)     16  : 0.0025 0.9845 0.0035 0.0050 0.0045
1715     1715   (0)     16  : 0.0020 0.9915 0.0035 0.0010 0.0020
1716     1716   (0)     16  : 0.0025 0.9905 0.0030 0.0020 0.0020
1717     1717   (0)     16  : 0.0025 0.9905 0.0025 0.0025 0.0020
1718     1718   (0)     16  : 0.0020 0.9895 0.0025 0.0035 0.0025
1719     1719   (0)     16  : 0.0015 0.9920 0.0015 0.0035 0.0015
1720     1720   (0)     16  : 0.0020 0.9920 0.0020 0.0020 0.0020
1721     1721   (0)     16  : 0.0020 0.9930 0.0020 0.0010 0.0020
1722     1722   (0)     16  : 0.0020 0.9935 0.0020 0.0015 0.0010
1723     1723   (0)     16  : 0.0020 0.9930 0.0020 0.0010 0.0020
1724     1724   (0)     16  : 0.0020 0.9930 0.0020 0.0010 0.0020
1725     1725   (0)     16  : 0.0020 0.9910 0.0030 0.0020 0.0020
1726     1726   (0)     16  : 0.0025 0.9880 0.0030 0.0040 0.0025
1727     1727   (0)     16  : 0.0010 0.9935 0.0020 0.0015 0.0020
1728     1728   (0)     16  : 0.0020 0.9835 0.0070 0.0030 0.0045
1729     1729   (0)     16  : 0.0015 0.9930 0.0020 0.0020 0.0015
1730     1730   (0)     16  : 0.0020 0.9910 0.0025 0.0025 0.0020
1731     1731   (0)     16  : 0.0020 0.9920 0.0020 0.0020 0.0020
1732     1732   (0)     16  : 0.0015 0.9945 0.0015 0.0015 0.0010
1733     1733   (0)     16  : 0.0040 0.9905 0.0025 0.0020 0.0010
1734     1734   (0)     16  : 0.0040 0.9885 0.0030 0.0025 0.0020
1735     1735   (0)     16  : 0.0015 0.9945 0.0015 0.0010 0.0015
1736     1736   (0)     16  : 0.0020 0.9920 0.0020 0.0020 0.0020
1737     1737   (0)     16  : 0.0035 0.9885 0.0030 0.0030 0.0020
1738     1738   (0)     16  : 0.0020 0.9900 0.0040 0.0020 0.0020
1739     1739   (0)     16  : 0.0015 0.9945 0.0020 0.0010 0.0010
1740     1740   (0)     16  : 0.0025 0.9890 0.0030 0.0020 0.0035
1741     1741   (0)     16  : 0.0030 0.9905 0.0025 0.0020 0.0020
1742     1742   (0)     16  : 0.0010 0.9950 0.0020 0.0010 0.0010
1743     1743   (0)     16  : 0.0020 0.9905 0.0030 0.0025 0.0020
1744     1744   (0)     16  : 0.0010 0.9950 0.0020 0.0010 0.0010
1745     1745   (0)     16  : 0.0015 0.9945 0.0020 0.0010 0.0010
1746     1746   (0)     16  : 0.0020 0.9915 0.0035 0.0010 0.0020
1747     1747   (0)     16  : 0.0015 0.9950 0.0010 0.0015 0.0010
1748     1748   (0)     16  : 0.0025 0.9920 0.0030 0.0010 0.0015
1749     1749   (0)     16  : 0.0015 0.9950 0.0015 0.0010 0.0010
1750     1750   (0)     16  : 0.0020 0.9910 0.0030 0.0020 0.0020
1751     1751   (0)     16  : 0.0020 0.9915 0.0035 0.0010 0.0020
1752     1752   (0)     16  : 0.0025 0.9915 0.0020 0.0020 0.0020
1753     1753   (0)     16  : 0.0020 0.9915 0.0025 0.0020 0.0020
1754     1754   (0)     16  : 0.0015 0.9945 0.0020 0.0010 0.0010
1755     1755   (0)     16  : 0.0020 0.9895 0.0035 0.0025 0.0025
1756     1756   (0)     16  : 0.0020 0.9910 0.0035 0.0015 0.0020
1757     1757   (0)     16  : 0.0010 0.9925 0.0025 0.0020 0.0020
1758     1758   (0)     16  : 0.0020 0.9940 0.0020 0.0010 0.0010
1759     1759   (0)     16  : 0.0025 0.9930 0.0020 0.0015 0.0010
1760     1760   (0)     16  : 0.0020 0.9945 0.0015 0.0010 0.0010
1761     1761   (0)     16  : 0.0025 0.9915 0.0020 0.0020 0.0020
1762     1762   (0)     16  : 0.0025 0.9930 0.0020 0.0010 0.0015
1763     1763   (0)     16  : 0.0010 0.9955 0.0010 0.0015 0.0010
1764     1764   (0)     16  : 0.0020 0.9875 0.0045 0.0030 0.0030
1765     1765   (0)     16  : 0.0015 0.9935 0.0015 0.0020 0.0015
1766     1766   (0)     16  : 0.0020 0.9895 0.0035 0.0020 0.0030
1767     1767   (0)     16  : 0.0020 0.9950 0.0010 0.0010 0.0010
1768     1768   (0)     16  : 0.0030 0.9900 0.0030 0.0020 0.0020
1769     1769   (0)     16  : 0.0015 0.9935 0.0015 0.0015 0.0020
1770     1770   (0)     16  : 0.0015 0.9950 0.0015 0.0010 0.0010
1771     1771   (0)     16  : 0.0015 0.9930 0.0025 0.0010 0.0020
1772     1772   (0)     16  : 0.0010 0.9930 0.0020 0.0020 0.0020
1773     1773   (0)     16  : 0.0025 0.9940 0.0015 0.0010 0.0010
1774     1774   (0)     16  : 0.0020 0.9905 0.0035 0.0020 0.0020
1775     1775   (0)     16  : 0.0020 0.9900 0.0035 0.0020 0.0025
1776     1776   (0)     16  : 0.0015 0.9930 0.0020 0.0015 0.0020
1777     1777   (0)     16  : 0.0015 0.9945 0.0010 0.0020 0.0010
1778     1778   (0)     16  : 0.0020 0.9895 0.0025 0.0025 0.0035
1779     1779   (0)     16  : 0.0020 0.9950 0.0010 0.0010 0.0010
1780     1780   (0)     16  : 0.0030 0.9895 0.0025 0.0030 0.0020
1781     1781   (0)     16  : 0.0025 0.9920 0.0025 0.0010 0.0020
1782     1782   (0)     16  : 0.0015 0.9940 0.0020 0.0015 0.0010
1783     1783   (0)     16  : 0.0030 0.9905 0.0025 0.0020 0.0020
1784     1784   (0)     16  : 0.0020 0.9940 0.0015 0.0010 0.0015
1785     1785   (0)     16  : 0.0040 0.9885 0.0020 0.0035 0.0020
1786     1786   (0)     16  : 0.0015 0.9950 0.0015 0.0010 0.0010
1787     1787   (0)     16  : 0.0020 0.9850 0.0065 0.0020 0.0045
1788     1788   (0)     16  : 0.0015 0.9925 0.0020 0.0020 0.0020
1789     1789   (0)     16  : 0.0020 0.9935 0.0015 0.0010 0.0020
1790     1790   (0)     16  : 0.0010 0.9945 0.0020 0.0010 0.0015
1791     1791   (0)     16  : 0.0040 0.9880 0.0035 0.0020 0.0025
1792     1792   (0)     16  : 0.0015 0.9905 0.0025 0.0030 0.0025
1793     1793   (0)     16  : 0.0025 0.9920 0.0020 0.0020 0.0015
1794     1794   (0)     16  : 0.0015 0.9945 0.0020 0.0010 0.0010
1795     1795   (0)     16  : 0.0035 0.9905 0.0020 0.0020 0.0020
1796     1796   (0)     16  : 0.0015 0.9940 0.0020 0.0010 0.0015
1797     1797   (0)     16  : 0.0030 0.9910 0.0020 0.0020 0.0020
1798     1798   (0)     16  : 0.0020 0.9925 0.0020 0.0015 0.0020
1799     1799   (0)     16  : 0.0015 0.9945 0.0020 0.0010 0.0010
1800     1800   (0)     16  : 0.0020 0.9910 0.0020 0.0030 0.0020
1801     1801   (0)     16  : 0.0015 0.9935 0.0015 0.0015 0.0020
1802     1802   (0)     16  : 0.0025 0.9905 0.0030 0.0020 0.0020
1803     1803   (0)     17  : 0.0015 0.4860 0.5070 0.0015 0.0040
1804     1804   (0)     17  : 0.0020 0.4695 0.5135 0.0080 0.0070
1805     1805   (0)     17  : 0.0030 0.4605 0.5135 0.0055 0.0175
1806     1806   (0)     17  : 0.0030 0.4360 0.5420 0.0020 0.0170
1807     1807   (0)     17  : 0.0050 0.4665 0.5060 0.0045 0.0180
1808     1808   (0)     17  : 0.0020 0.4845 0.4920 0.0115 0.0100
1809     1809   (0)     17  : 0.0100 0.3825 0.5805 0.0040 0.0230
1810     1810   (0)     17  : 0.0015 0.4416 0.5455 0.0030 0.0085
1811     1811   (0)     17  : 0.0015 0.4395 0.5485 0.0035 0.0070
1812     1812   (0)     17  : 0.0010 0.4730 0.4995 0.0130 0.0135
1813     1813   (0)     17  : 0.0010 0.4920 0.4965 0.0030 0.0075
1814     1814   (0)     17  : 0.0020 0.4860 0.5030 0.0020 0.0070
1815     1815   (0)     17  : 0.0015 0.4915 0.4975 0.0035 0.0060
1816     1816   (0)     17  : 0.0020 0.4850 0.4990 0.0065 0.0075
1817     1817   (0)     17  : 0.0020 0.4890 0.4990 0.0040 0.0060
1818     1818   (0)     17  : 0.0015 0.4935 0.4930 0.0085 0.0035
1819     1819   (0)     17  : 0.0115 0.4669 0.5021 0.0045 0.0150
1820     1820   (0)     17  : 0.0045 0.4915 0.4935 0.0055 0.0050
1821     1821   (0)     17  : 0.0045 0.4154 0.4870 0.0385 0.0545
1822     1822   (0)     17  : 0.0020 0.4905 0.4925 0.0020 0.0130
1823     1823   (0)     17  : 0.0025 0.4960 0.4925 0.0065 0.0025
1824     1824   (0)     17  : 0.0050 0.4805 0.4875 0.0150 0.0120
1825     1825   (5)     17  : 0.0020 0.4835 0.4945 0.0125 0.0075
1826     1826   (0)     17  : 0.0020 0.4965 0.4965 0.0020 0.0030
1827     1827   (0)     17  : 0.0035 0.4980 0.4890 0.0070 0.0025
1828     1828   (0)     17  : 0.0030 0.4770 0.4995 0.0025 0.0180
1829     1829   (0)     17  : 0.0020 0.4860 0.4895 0.0180 0.0045
1830     1830   (0)     17  : 0.0030 0.4965 0.4915 0.0050 0.0040
1831     1831   (0)     17  : 0.0025 0.4301 0.4840 0.0725 0.0110
1832     1832   (0)     17  : 0.0010 0.4975 0.4980 0.0010 0.0025
1833     1833   (5)     17  : 0.0020 0.4940 0.4975 0.0025 0.0040
1834     1834   (0)     17  : 0.0015 0.5050 0.4865 0.0035 0.0035
1835     1835   (0)     17  : 0.0050 0.4040 0.5350 0.0185 0.0375
1836     1836   (0)     17  : 0.0020 0.4965 0.4970 0.0010 0.0035
1837     1837   (0)     17  : 0.0035 0.4620 0.4910 0.0385 0.0050
1838     1838   (0)     17  : 0.0035 0.4401 0.5240 0.0035 0.0290
1839     1839   (5)     17  : 0.0050 0.4235 0.5310 0.0050 0.0355
1840     1840   (5)     17  : 0.0045 0.4665 0.4955 0.0285 0.0050
1841     1841   (5)     17  : 0.0035 0.4930 0.4945 0.0045 0.0045
1842     1842   (5)     17  : 0.0040 0.4725 0.4995 0.0115 0.0125
1843     1843   (0)     18  : 0.0060 0.4770 0.4935 0.0170 0.0065
1844     1844   (0)     18  : 0.0020 0.4925 0.4970 0.0035 0.0050
1845     1845   (0)     18  : 0.0015 0.4830 0.4640 0.0170 0.0345
1846     1846   (0)     18  : 0.0040 0.4650 0.4945 0.0115 0.0250
1847     1847   (0)     18  : 0.0020 0.5170 0.4705 0.0080 0.0025
1848     1848   (0)     18  : 0.0020 0.4955 0.4960 0.0030 0.0035
1849     1849   (0)     18  : 0.0115 0.4401 0.4915 0.0530 0.0040
1850     1850   (0)     18  : 0.0015 0.4700 0.4995 0.0050 0.0240
1851     1851   (0)     18  : 0.0030 0.3825 0.5905 0.0030 0.0210
1852     1852   (0)     18  : 0.0020 0.4935 0.4965 0.0035 0.0045
1853     1853   (0)     18  : 0.0020 0.4870 0.4985 0.0050 0.0075
1854     1854   (0)     18  : 0.0015 0.4800 0.5095 0.0025 0.0065
1855     1855   (0)     18  : 0.0025 0.4780 0.4990 0.0160 0.0045
1856     1856   (0)     18  : 0.0025 0.4885 0.4995 0.0060 0.0035
1857     1857   (0)     18  : 0.0025 0.5040 0.4750 0.0150 0.0035
1858     1858   (0)     18  : 0.0025 0.3590 0.5990 0.0135 0.0260
1859     1859   (0)     18  : 0.0030 0.4430 0.5000 0.0445 0.0095
1860     1860   (0)     18  : 0.0020 0.4810 0.4840 0.0280 0.0050
1861     1861   (0)     18  : 0.0030 0.4845 0.4935 0.0065 0.0125
1862     1862   (0)     18  : 0.0065 0.2405 0.7115 0.0270 0.0145
1863     1863   (0)     18  : 0.0020 0.4940 0.4955 0.0025 0.0060
1864     1864   (0)     18  : 0.0020 0.4930 0.4990 0.0030 0.0030
1865     1865   (0)     18  : 0.0010 0.4855 0.5025 0.0050 0.0060
1866     1866   (0)     18  : 0.0020 0.4374 0.5466 0.0090 0.0050
1867     1867   (0)     18  : 0.0020 0.4930 0.4970 0.0030 0.0050
1868     1868   (0)     18  : 0.0020 0.4960 0.4975 0.0020 0.0025
1869     1869   (0)     18  : 0.0020 0.4985 0.4835 0.0115 0.0045
1870     1870   (0)     18  : 0.0020 0.4925 0.4965 0.0020 0.0070
1871     1871   (0)     18  : 0.0015 0.3575 0.6245 0.0025 0.0140
1872     1872   (0)     18  : 0.0025 0.4685 0.4950 0.0095 0.0245
1873     1873   (0)     18  : 0.0040 0.4890 0.4920 0.0095 0.0055
1874     1874   (0)     18  : 0.0020 0.4850 0.4995 0.0050 0.0085
1875     1875   (0)     18  : 0.0020 0.4915 0.4955 0.0065 0.0045
1876     1876   (0)     18  : 0.0020 0.4190 0.5065 0.0075 0.0650
1877     1877   (0)     18  : 0.0015 0.4865 0.5050 0.0020 0.0050
1878     1878   (0)     18  : 0.0015 0.4130 0.5065 0.0450 0.0340
1879     1879   (0)     18  : 0.0010 0.4895 0.4995 0.0030 0.0070
1880     1880   (0)     18  : 0.0025 0.3994 0.5120 0.0020 0.0841
1881     1881   (0)     18  : 0.0025 0.4530 0.5000 0.0320 0.0125
1882     1882   (0)     18  : 0.0065 0.4790 0.4955 0.0040 0.0150
1883     1883   (0)     18  : 0.0020 0.4465 0.5155 0.0150 0.0210
1884     1884   (0)     18  : 0.0030 0.4775 0.5060 0.0060 0.0075
1885     1885   (0)     18  : 0.0020 0.5080 0.4855 0.0020 0.0025
1886     1886   (0)     18  : 0.0020 0.5000 0.4860 0.0035 0.0085
1887     1887   (0)     18  : 0.0020 0.4975 0.4940 0.0025 0.0040
1888     1888   (0)     18  : 0.0020 0.4820 0.5090 0.0015 0.0055
1889     1889   (0)     18  : 0.0020 0.4955 0.4975 0.0015 0.0035
1890     1890   (0)     18  : 0.0025 0.4790 0.5045 0.0095 0.0045
1891     1891   (0)     18  : 0.0010 0.4980 0.4950 0.0030 0.0030
1892     1892   (0)     18  : 0.0065 0.4705 0.4990 0.0030 0.0210
1893     1893   (0)     18  : 0.0040 0.4690 0.5080 0.0075 0.0115
1894     1894   (0)     18  : 0.0025 0.4860 0.4950 0.0100 0.0065
1895     1895   (0)     18  : 0.0020 0.4850 0.5060 0.0030 0.0040
1896     1896   (0)     18  : 0.0015 0.4815 0.5080 0.0030 0.0060
1897     1897   (0)     18  : 0.0045 0.4099 0.5381 0.0025 0.0450
1898     1898   (0)     18  : 0.0030 0.4680 0.5075 0.0045 0.0170
1899     1899   (0)     18  : 0.0015 0.4720 0.5085 0.0090 0.0090
1900     1900   (0)     18  : 0.0020 0.3624 0.4910 0.0125 0.1321
1901     1901   (0)     18  : 0.0015 0.3955 0.5175 0.0170 0.0685
1902     1902   (0)     18  : 0.0020 0.3138 0.5020 0.0040 0.1782
1903     1903   (0)     18  : 0.0020 0.4419 0.4805 0.0270 0.0485
1904     1904   (0)     18  : 0.0240 0.4605 0.4970 0.0020 0.0165
1905     1905   (0)     18  : 0.0095 0.4980 0.4795 0.0110 0.0020
1906     1906   (0)     18  : 0.0030 0.4835 0.4960 0.0080 0.0095
1907     1907   (0)     18  : 0.0015 0.4940 0.4990 0.0025 0.0030
1908     1908   (0)     18  : 0.0025 0.4714 0.4950 0.0135 0.0175
1909     1909   (0)     18  : 0.0030 0.4795 0.4990 0.0035 0.0150
1910     1910   (0)     18  : 0.0020 0.4945 0.4965 0.0035 0.0035
1911     1911   (0)     18  : 0.0030 0.4850 0.5015 0.0030 0.0075
1912     1912   (0)     18  : 0.0020 0.3910 0.5165 0.0170 0.0735
1913     1913   (0)     18  : 0.0020 0.4945 0.4975 0.0025 0.0035
1914     1914   (0)     18  : 0.0025 0.4900 0.4965 0.0065 0.0045
1915     1915   (0)     18  : 0.0020 0.4930 0.4980 0.0030 0.0040
1916     1916   (0)     18  : 0.0110 0.4780 0.4985 0.0050 0.0075
1917     1917   (0)     18  : 0.0020 0.4020 0.5475 0.0065 0.0420
1918     1918   (0)     18  : 0.0020 0.4815 0.4850 0.0050 0.0265
1919     1919   (0)     18  : 0.0045 0.3889 0.5521 0.0065 0.0480
1920     1920   (0)     18  : 0.0020 0.3165 0.4700 0.0100 0.2015
1921     1921   (0)     18  : 0.0020 0.4915 0.4970 0.0060 0.0035
1922     1922   (0)     18  : 0.0035 0.4260 0.5095 0.0525 0.0085
1923     1923   (0)     18  : 0.0025 0.4445 0.5090 0.0110 0.0330
1924     1924   (0)     18  : 0.0020 0.4780 0.4990 0.0060 0.0150
1925     1925   (0)     18  : 0.0020 0.3615 0.5325 0.0070 0.0970
1926     1926   (0)     18  : 0.0020 0.5005 0.4875 0.0050 0.0050
1927     1927   (0)     18  : 0.0030 0.4955 0.4925 0.0025 0.0065
1928     1928   (0)     18  : 0.0020 0.4570 0.5270 0.0085 0.0055
1929     1929   (0)     18  : 0.0020 0.4875 0.4970 0.0070 0.0065
1930     1930   (0)     18  : 0.0020 0.4960 0.4905 0.0085 0.0030
1931     1931   (0)     18  : 0.0040 0.4775 0.4855 0.0155 0.0175
1932     1932   (0)     18  : 0.0020 0.4895 0.4985 0.0030 0.0070
1933     1933   (0)     18  : 0.0055 0.3410 0.5085 0.0035 0.1415
1934     1934   (0)     18  : 0.0030 0.4945 0.4930 0.0060 0.0035
1935     1935   (0)     18  : 0.0020 0.4341 0.5010 0.0050 0.0579
1936     1936   (0)     18  : 0.0020 0.4765 0.5000 0.0075 0.0140
1937     1937   (0)     18  : 0.0030 0.4915 0.4935 0.0050 0.0070
1938     1938   (0)     18  : 0.0010 0.4925 0.4935 0.0055 0.0075
1939     1939   (0)     18  : 0.0020 0.4770 0.4865 0.0090 0.0255
1940     1940   (0)     18  : 0.0025 0.4840 0.4910 0.0185 0.0040
1941     1941   (0)     18  : 0.0020 0.4855 0.4965 0.0060 0.0100
1942     1942   (0)     18  : 0.0015 0.4585 0.5125 0.0030 0.0245
1943     1943   (0)     18  : 0.0010 0.4965 0.4975 0.0025 0.0025
1944     1944   (0)     18  : 0.0010 0.4970 0.4915 0.0075 0.0030
1945     1945   (0)     18  : 0.0135 0.3814 0.5871 0.0040 0.0140
1946     1946   (0)     18  : 0.0020 0.4840 0.5000 0.0095 0.0045
1947     1947   (0)     18  : 0.0025 0.4940 0.4980 0.0030 0.0025
1948     1948   (0)     18  : 0.0020 0.4715 0.4815 0.0235 0.0215
1949     1949   (0)     18  : 0.0050 0.4950 0.4945 0.0035 0.0020
1950     1950   (0)     18  : 0.0020 0.4950 0.4965 0.0015 0.0050
1951     1951   (0)     18  : 0.0015 0.4680 0.5200 0.0065 0.0040
1952     1952   (0)     18  : 0.0040 0.4955 0.4960 0.0020 0.0025
1953     1953   (0)     18  : 0.0020 0.4920 0.4990 0.0025 0.0045
1954     1954   (0)     18  : 0.0055 0.4150 0.5390 0.0030 0.0375
1955     1955   (0)     18  : 0.0035 0.4339 0.5531 0.0030 0.0065
1956     1956   (0)     18  : 0.0020 0.4950 0.4980 0.0025 0.0025
1957     1957   (0)     18  : 0.0020 0.4935 0.4995 0.0025 0.0025
1958     1958   (0)     18  : 0.0035 0.4650 0.5155 0.0080 0.0080
1959     1959   (0)     18  : 0.0015 0.4855 0.5025 0.0060 0.0045
1960     1960   (0)     18  : 0.0025 0.4131 0.5559 0.0215 0.0070
1961     1961   (0)     18  : 0.0010 0.4970 0.4985 0.0010 0.0025
1962     1962   (0)     18  : 0.0030 0.4795 0.5075 0.0035 0.0065
1963     1963   (0)     18  : 0.0010 0.5000 0.4940 0.0025 0.0025
1964     1964   (0)     18  : 0.0020 0.4905 0.4965 0.0050 0.0060
1965     1965   (0)     18  : 0.0015 0.4760 0.5025 0.0115 0.0085
1966     1966   (0)     18  : 0.0050 0.4600 0.5085 0.0035 0.0230
1967     1967   (0)     18  : 0.0040 0.4409 0.5456 0.0040 0.0055
1968     1968   (0)     18  : 0.0035 0.4750 0.4925 0.0240 0.0050
1969     1969   (0)     18  : 0.0040 0.4880 0.4995 0.0015 0.0070
1970     1970   (0)     18  : 0.0025 0.4056 0.5280 0.0075 0.0564
1971     1971   (0)     18  : 0.0025 0.4935 0.4965 0.0035 0.0040
1972     1972   (0)     18  : 0.0020 0.4955 0.4965 0.0020 0.0040
1973     1973   (0)     18  : 0.0060 0.4800 0.4975 0.0085 0.0080
1974     1974   (0)     18  : 0.0010 0.4985 0.4955 0.0020 0.0030
1975     1975   (0)     18  : 0.0030 0.4970 0.4950 0.0025 0.0025
1976     1976   (0)     18  : 0.0020 0.4940 0.4955 0.0035 0.0050
1977     1977   (0)     18  : 0.0040 0.3865 0.4945 0.1040 0.0110
1978     1978   (0)     18  : 0.0020 0.4745 0.4985 0.0180 0.0070
1979     1979   (0)     18  : 0.0040 0.4855 0.4935 0.0100 0.0070
1980     1980   (0)     18  : 0.0010 0.4555 0.5190 0.0045 0.0200
1981     1981   (0)     18  : 0.0020 0.4610 0.5040 0.0020 0.0310
1982     1982   (0)     18  : 0.0015 0.4935 0.4920 0.0110 0.0020
1983     1983   (0)     18  : 0.0045 0.4635 0.5025 0.0140 0.0155
1984     1984   (0)     18  : 0.0020 0.4890 0.4900 0.0140 0.0050
1985     1985   (0)     18  : 0.0025 0.4870 0.4940 0.0080 0.0085
1986     1986   (0)     18  : 0.0020 0.4955 0.4965 0.0025 0.0035
1987     1987   (0)     18  : 0.0020 0.4835 0.4955 0.0030 0.0160
1988     1988   (0)     18  : 0.0030 0.4910 0.4975 0.0045 0.0040
1989     1989   (0)     18  : 0.0015 0.4225 0.5655 0.0025 0.0080
1990     1990   (0)     18  : 0.0045 0.4615 0.5000 0.0075 0.0265
1991     1991   (0)     18  : 0.0045 0.4394 0.5145 0.0195 0.0220
1992     1992   (0)     18  : 0.0020 0.4750 0.5045 0.0065 0.0120
1993     1993   (0)     18  : 0.0020 0.4820 0.5015 0.0030 0.0115
1994     1994   (0)     18  : 0.0045 0.4665 0.4950 0.0170 0.0170
1995     1995   (0)     18  : 0.0025 0.4805 0.5020 0.0100 0.0050
1996     1996   (0)     18  : 0.0025 0.4580 0.5200 0.0150 0.0045
1997     1997   (0)     18  : 0.0020 0.4945 0.4965 0.0030 0.0040
1998     1998   (0)     18  : 0.0030 0.4605 0.4975 0.0025 0.0365
1999     1999   (0)     18  : 0.0045 0.4281 0.5170 0.0020 0.0485
2000     2000   (0)     18  : 0.0035 0.4850 0.4955 0.0100 0.0060
2001     2001   (0)     18  : 0.0130 0.4660 0.4990 0.0095 0.0125
2002     2002   (0)     18  : 0.0020 0.5005 0.4930 0.0020 0.0025
2003     2003   (0)     18  : 0.0075 0.3610 0.5890 0.0050 0.0375
2004     2004   (0)     18  : 0.0015 0.4295 0.5160 0.0110 0.0420
2005     2005   (0)     18  : 0.0025 0.3950 0.5940 0.0020 0.0065
2006     2006   (0)     18  : 0.0035 0.4770 0.4980 0.0060 0.0155
2007     2007   (0)     18  : 0.0020 0.4970 0.4960 0.0025 0.0025
2008     2008   (0)     18  : 0.0020 0.4565 0.4965 0.0375 0.0075
2009     2009   (0)     18  : 0.0030 0.4940 0.4955 0.0020 0.0055
2010     2010   (0)     18  : 0.0020 0.4865 0.4975 0.0065 0.0075
2011     2011   (0)     18  : 0.0015 0.3320 0.5105 0.0285 0.1275
2012     2012   (0)     18  : 0.0080 0.4695 0.5000 0.0040 0.0185
2013     2013   (0)     18  : 0.0020 0.4815 0.4920 0.0185 0.0060
2014     2014   (0)     18  : 0.0020 0.4900 0.5015 0.0025 0.0040
2015     2015   (0)     18  : 0.0015 0.4535 0.4940 0.0265 0.0245
2016     2016   (0)     18  : 0.0030 0.4645 0.5095 0.0100 0.0130
2017     2017   (0)     18  : 0.0045 0.4690 0.4950 0.0075 0.0240
2018     2018   (0)     18  : 0.0025 0.5065 0.4840 0.0050 0.0020
2019     2019   (0)     18  : 0.0020 0.4805 0.4970 0.0110 0.0095
2020     2020   (0)     18  : 0.0055 0.4870 0.4940 0.0050 0.0085
2021     2021   (0)     18  : 0.0025 0.4770 0.5050 0.0035 0.0120
2022     2022   (0)     18  : 0.0020 0.3855 0.3674 0.1636 0.0815
2023     2023   (0)     18  : 0.0025 0.4945 0.4975 0.0025 0.0030
2024     2024   (0)     18  : 0.0035 0.4476 0.5045 0.0040 0.0405
2025     2025   (0)     18  : 0.0020 0.4970 0.4945 0.0025 0.0040
2026     2026   (0)     18  : 0.0020 0.4635 0.5230 0.0050 0.0065
2027     2027   (0)     18  : 0.0020 0.4850 0.4965 0.0050 0.0115
2028     2028   (0)     18  : 0.0035 0.4800 0.4905 0.0035 0.0225
2029     2029   (0)     18  : 0.0030 0.4805 0.5000 0.0055 0.0110
2030     2030   (0)     18  : 0.0020 0.4910 0.4975 0.0050 0.0045
2031     2031   (0)     18  : 0.0025 0.4800 0.4970 0.0090 0.0115
2032     2032   (0)     18  : 0.0020 0.4740 0.4960 0.0075 0.0205
2033     2033   (0)     18  : 0.0015 0.4805 0.5000 0.0025 0.0155
2034     2034   (0)     18  : 0.0025 0.3365 0.6390 0.0125 0.0095
2035     2035   (0)     18  : 0.0020 0.4555 0.5005 0.0030 0.0390
2036     2036   (0)     18  : 0.0010 0.4985 0.4950 0.0020 0.0035
2037     2037   (0)     18  : 0.0020 0.4935 0.4970 0.0035 0.0040
2038     2038   (0)     18  : 0.0020 0.4995 0.4895 0.0055 0.0035
2039     2039   (0)     18  : 0.0055 0.4935 0.4955 0.0025 0.0030
2040     2040   (0)     18  : 0.0040 0.4955 0.4960 0.0020 0.0025
2041     2041   (0)     18  : 0.0035 0.4291 0.5025 0.0135 0.0515
2042     2042   (0)     18  : 0.0020 0.4955 0.4975 0.0020 0.0030
2043     2043   (0)     18  : 0.0110 0.4105 0.5225 0.0030 0.0530
2044     2044   (0)     18  : 0.0015 0.4975 0.4975 0.0010 0.0025
2045     2045   (0)     18  : 0.0010 0.4930 0.5015 0.0015 0.0030
2046     2046   (0)     18  : 0.0015 0.5065 0.4840 0.0035 0.0045
2047     2047   (0)     18  : 0.0030 0.4155 0.4554 0.1220 0.0040
2048     2048   (0)     18  : 0.0025 0.4845 0.5040 0.0035 0.0055
2049     2049   (0)     18  : 0.0025 0.4580 0.4955 0.0110 0.0330
2050     2050   (0)     18  : 0.0035 0.4945 0.4970 0.0025 0.0025
2051     2051   (0)     18  : 0.0020 0.4930 0.4945 0.0050 0.0055
2052     2052   (0)     18  : 0.0025 0.4910 0.5005 0.0030 0.0030
2053     2053   (0)     18  : 0.0020 0.4935 0.4950 0.0030 0.0065
2054     2054   (0)     18  : 0.0025 0.4565 0.5030 0.0030 0.0350
2055     2055   (0)     18  : 0.0015 0.4450 0.5140 0.0050 0.0345
2056     2056   (0)     18  : 0.0020 0.4900 0.4985 0.0045 0.0050
2057     2057   (0)     18  : 0.0090 0.4400 0.4765 0.0035 0.0710
2058     2058   (0)     18  : 0.0020 0.4950 0.4955 0.0040 0.0035
2059     2059   (0)     18  : 0.0020 0.4945 0.4960 0.0025 0.0050
2060     2060   (0)     18  : 0.0035 0.3815 0.4645 0.1430 0.0075
2061     2061   (0)     18  : 0.0145 0.4700 0.4925 0.0120 0.0110
2062     2062   (0)     18  : 0.0025 0.3531 0.6314 0.0055 0.0075
2063     2063   (0)     18  : 0.0020 0.5040 0.4890 0.0020 0.0030
2064     2064   (0)     18  : 0.0035 0.4835 0.4985 0.0030 0.0115
2065     2065   (0)     18  : 0.0020 0.3395 0.4990 0.1510 0.0085
2066     2066   (0)     18  : 0.0020 0.4955 0.4965 0.0035 0.0025
2067     2067   (0)     18  : 0.0020 0.4965 0.4810 0.0110 0.0095
2068     2068   (0)     18  : 0.0020 0.5040 0.4875 0.0035 0.0030
2069     2069   (0)     18  : 0.0045 0.4315 0.4950 0.0660 0.0030
2070     2070   (0)     18  : 0.0025 0.3789 0.4960 0.0220 0.1006
2071     2071   (0)     18  : 0.0065 0.4545 0.4970 0.0135 0.0285
2072     2072   (0)     18  : 0.0015 0.4755 0.5130 0.0045 0.0055
2073     2073   (0)     18  : 0.0010 0.5475 0.4420 0.0055 0.0040
2074     2074   (0)     18  : 0.0035 0.4685 0.5195 0.0020 0.0065
2075     2075   (0)     18  : 0.0020 0.4410 0.4875 0.0260 0.0435
2076     2076   (0)     18  : 0.0025 0.4915 0.4930 0.0105 0.0025
2077     2077   (0)     18  : 0.0020 0.4945 0.4965 0.0020 0.0050
2078     2078   (0)     18  : 0.0040 0.3911 0.5235 0.0050 0.0764
2079     2079   (0)     18  : 0.0010 0.4775 0.5115 0.0025 0.0075
2080     2080   (0)     18  : 0.0025 0.4780 0.5005 0.0105 0.0085
2081     2081   (0)     18  : 0.0025 0.4565 0.4975 0.0035 0.0400
2082     2082   (0)     18  : 0.0015 0.4840 0.5085 0.0030 0.0030
2083     2083   (0)     18  : 0.0055 0.4800 0.4960 0.0090 0.0095
2084     2084   (0)     18  : 0.0030 0.4835 0.4970 0.0055 0.0110
2085     2085   (0)     18  : 0.0040 0.4820 0.5045 0.0050 0.0045
2086     2086   (0)     18  : 0.0020 0.4930 0.4985 0.0025 0.0040
2087     2087   (0)     18  : 0.0045 0.4720 0.4875 0.0175 0.0185
2088     2088   (0)     18  : 0.0020 0.2830 0.4895 0.0180 0.2075
2089     2089   (0)     18  : 0.0030 0.4605 0.5105 0.0020 0.0240
2090     2090   (0)     18  : 0.0020 0.4945 0.4990 0.0020 0.0025
2091     2091   (0)     18  : 0.0020 0.4705 0.5165 0.0055 0.0055
2092     2092   (0)     18  : 0.0010 0.4880 0.4970 0.0075 0.0065
2093     2093   (0)     18  : 0.0030 0.4199 0.4705 0.0976 0.0090
2094     2094   (0)     18  : 0.0020 0.5000 0.4945 0.0010 0.0025
2095     2095   (0)     18  : 0.0025 0.4845 0.5015 0.0030 0.0085
2096     2096   (0)     18  : 0.0030 0.3645 0.6095 0.0050 0.0180
2097     2097   (0)     18  : 0.0020 0.4935 0.4890 0.0120 0.0035
2098     2098   (0)     18  : 0.0015 0.4309 0.4980 0.0240 0.0455
2099     2099   (0)     18  : 0.0020 0.4970 0.4940 0.0040 0.0030
2100     2100   (0)     18  : 0.0010 0.4895 0.4840 0.0035 0.0220
2101     2101   (0)     18  : 0.0020 0.4970 0.4955 0.0020 0.0035
2102     2102   (0)     18  : 0.0035 0.4885 0.5005 0.0045 0.0030
2103     2103   (0)     18  : 0.0025 0.4645 0.4910 0.0145 0.0275
2104     2104   (0)     18  : 0.0010 0.4820 0.5050 0.0050 0.0070
2105     2105   (0)     18  : 0.0035 0.5065 0.4830 0.0030 0.0040
2106     2106   (0)     18  : 0.0020 0.4880 0.4940 0.0065 0.0095
2107     2107   (0)     18  : 0.0015 0.4560 0.5185 0.0050 0.0190
2108     2108   (0)     18  : 0.0015 0.4610 0.5275 0.0030 0.0070
2109     2109   (0)     18  : 0.0035 0.4715 0.5010 0.0040 0.0200
2110     2110   (0)     18  : 0.0010 0.4680 0.5155 0.0115 0.0040
2111     2111   (0)     18  : 0.0020 0.4935 0.4980 0.0035 0.0030
2112     2112   (0)     18  : 0.0020 0.4900 0.4985 0.0035 0.0060
2113     2113   (0)     18  : 0.0020 0.4055 0.4640 0.1240 0.0045
2114     2114   (0)     18  : 0.0030 0.3920 0.5905 0.0025 0.0120
2115     2115   (0)     18  : 0.0030 0.3175 0.5915 0.0275 0.0605
2116     2116   (0)     18  : 0.0030 0.4635 0.5000 0.0030 0.0305
2117     2117   (0)     18  : 0.0025 0.4800 0.5085 0.0030 0.0060
2118     2118   (0)     18  : 0.0045 0.4910 0.4980 0.0025 0.0040
2119     2119   (0)     18  : 0.0020 0.4980 0.4960 0.0020 0.0020
2120     2120   (0)     18  : 0.0020 0.4985 0.4955 0.0020 0.0020
2121     2121   (0)     18  : 0.0035 0.4885 0.4995 0.0030 0.0055
2122     2122   (0)     18  : 0.0015 0.4765 0.5065 0.0025 0.0130
2123     2123   (0)     18  : 0.0020 0.4880 0.4945 0.0065 0.0090
2124     2124   (0)     18  : 0.0020 0.4980 0.4875 0.0060 0.0065
2125     2125   (0)     18  : 0.0020 0.4900 0.5030 0.0025 0.0025
2126     2126   (0)     18  : 0.0020 0.4955 0.4955 0.0020 0.0050
2127     2127   (0)     18  : 0.0020 0.4900 0.4990 0.0045 0.0045
2128     2128   (0)     18  : 0.0160 0.4885 0.4910 0.0020 0.0025
2129     2129   (0)     18  : 0.0035 0.3190 0.4990 0.0190 0.1595
2130     2130   (0)     18  : 0.0020 0.4615 0.4910 0.0425 0.0030
2131     2131   (0)     18  : 0.0015 0.4920 0.4955 0.0045 0.0065
2132     2132   (0)     18  : 0.0030 0.4870 0.4955 0.0050 0.0095
2133     2133   (0)     18  : 0.0020 0.4920 0.4970 0.0060 0.0030
2134     2134   (0)     18  : 0.0030 0.4810 0.5030 0.0085 0.0045
2135     2135   (0)     18  : 0.0020 0.4479 0.4960 0.0125 0.0415
2136     2136   (0)     18  : 0.0020 0.5000 0.4910 0.0030 0.0040
2137     2137   (0)     18  : 0.0025 0.4965 0.4915 0.0065 0.0030
2138     2138   (0)     18  : 0.0025 0.4845 0.4915 0.0095 0.0120
2139     2139   (0)     18  : 0.0020 0.4910 0.4935 0.0045 0.0090
2140     2140   (0)     18  : 0.0020 0.4399 0.4695 0.0811 0.0075
2141     2141   (0)     18  : 0.0020 0.4815 0.4910 0.0060 0.0195
2142     2142   (0)     18  : 0.0045 0.4865 0.5030 0.0020 0.0040
