Cl147 Cl233 Cl264 Cl274 Cl285 Cl291 Cl308 Cl330 Cl344 Cl366 Cl375 Cl408 Cl507 Cl527 Cl380 Lup02 Lup13 Lup20 Lup21 Lup23 
M1EL5 1 45 45 63 85 65 65 61 61 75 75 641 72 72 72 52 601 56 60 80 80 491 53 62 74 70 94 62 622 671 672 56 60 57 61 -9 -9 41 41 59 63
W26T6 1 69 73 73 79 651 651 57 65 71 71 682 801 64 68 -9 -9 56 56 80 80 491 612 50 58 70 74 461 82 672 751 52 52 61 61 56 601 41 57 63 63
W26XX 1 45 73 71 77 651 691 61 57 631 67 681 76 103 103 52 40 56 60 92 92 53 53 62 62 54 82 661 70 71 79 56 52 61 61 -9 -9 57 57 59 59
M013P 1 73 77 63 75 651 651 61 65 63 79 76 722 72 72 52 72 56 60 76 76 53 57 66 66 94 90 661 581 71 79 56 56 61 61 56 56 41 53 63 63
M1ELA 1 73 73 73 67 691 57 61 61 71 79 601 80 64 64 52 56 48 76 80 76 53 53 66 70 70 90 701 701 672 672 56 56 57 57 56 60 41 57 63 63
M2C73 1 73 77 63 71 691 691 61 57 71 792 801 80 80 80 481 61 60 64 92 88 53 57 50 66 90 86 581 501 671 75 56 60 61 65 56 601 57 37 63 67
W23P4 1 56 65 55 55 691 61 61 61 792 792 72 682 76 76 61 80 72 72 76 84 491 53 62 54 70 82 62 66 79 711 60 48 61 65 56 68 41 57 63 63
W247C 1 45 41 63 63 691 731 61 53 75 63 76 76 1151 1151 52 681 56 56 80 80 57 45 62 58 74 86 66 66 -9 -9 56 56 61 61 56 56 41 41 63 63
W24K1 1 41 52 71 71 811 811 61 53 71 67 681 681 72 123 56 61 60 72 72 72 57 57 54 54 82 86 581 741 79 79 60 60 57 57 56 56 41 41 63 63
W24ME 1 69 69 63 59 731 611 69 69 71 79 72 761 115 115 52 64 56 64 80 76 612 61 62 62 86 701 58 58 671 79 56 56 57 57 64 72 57 57 63 63
W2514 1 45 52 63 55 611 611 65 69 71 71 76 722 76 83 52 52 56 72 80 72 53 53 54 54 86 78 541 541 75 75 56 48 57 57 56 60 41 45 63 63
W26MA 1 65 52 59 81 691 69 61 65 79 79 681 681 68 68 52 57 56 56 80 72 57 57 62 62 74 86 62 70 672 67 56 48 57 53 56 56 57 45 63 63
W26MM 1 45 41 63 73 651 651 61 61 75 75 72 722 103 1231 601 601 60 60 80 88 57 57 58 66 62 741 58 74 671 79 56 561 57 61 56 56 41 41 63 63
W26MU 1 69 73 63 71 65 811 61 61 671 671 682 601 72 76 601 56 56 64 80 84 612 61 62 54 741 66 62 58 711 791 56 56 61 61 64 681 41 53 63 63
W26P0 1 69 73 63 63 691 77 61 61 75 831 722 761 72 72 52 75 56 761 92 72 57 651 66 70 74 78 62 741 79 591 56 56 61 61 56 56 41 57 59 63
W26P3 1 41 48 67 83 651 651 61 61 67 63 76 762 1192 131 40 57 56 64 88 88 61 651 70 54 74 661 661 621 671 79 56 48 65 53 56 641 57 45 63 63
W26T5 1 45 41 79 75 69 49 61 57 75 79 722 722 1191 1191 52 601 56 641 80 76 53 53 62 62 741 741 62 701 75 711 56 56 57 57 56 56 57 57 63 63
W26TE 1 41 41 73 81 691 691 53 69 75 79 722 721 64 64 52 52 60 64 76 76 53 53 62 66 82 58 701 78 672 67 60 60 57 65 56 60 45 45 59 63
W26TF 1 41 81 67 93 651 691 61 57 67 792 801 76 72 72 52 601 60 68 80 76 61 61 58 58 94 98 70 781 711 552 52 48 61 53 56 601 41 41 63 67
W26U8 1 69 69 67 67 65 811 61 61 71 63 641 681 68 68 52 481 56 60 76 72 57 57 66 54 70 70 62 66 79 711 56 60 61 61 64 64 41 57 63 63
W26UJ 1 73 49 101 69 651 651 61 61 71 671 801 681 72 752 40 64 60 72 80 84 57 69 62 50 74 82 661 66 79 75 60 48 61 61 56 601 41 41 63 63
W26UK 1 77 41 71 77 651 45 61 61 631 631 722 84 143 143 52 40 56 56 88 84 61 571 62 66 82 82 701 66 71 79 52 52 61 61 601 601 41 53 59 59
W26UT 1 77 81 81 81 69 49 61 61 63 752 681 721 79 79 52 64 641 641 80 84 491 491 70 78 74 90 62 66 672 672 52 52 61 53 56 56 57 45 63 63
W26XT 1 45 52 67 93 651 731 57 53 67 67 641 80 119 119 64 64 56 56 76 84 61 65 62 74 82 741 701 621 671 75 60 52 61 65 60 60 57 531 63 63
CC06H2 1 77 49 55 83 651 651 61 61 75 75 681 84 68 68 56 61 56 60 76 84 53 45 62 58 70 62 661 66 672 79 56 60 61 61 56 56 57 57 63 63
CC06H4 1 77 49 63 85 691 491 61 65 71 71 76 76 68 1431 601 56 56 60 80 72 53 57 58 70 54 741 581 541 71 75 60 48 57 53 56 601 57 45 63 63
CC06H5 1 45 65 63 71 691 69 65 69 63 752 84 64 72 1112 52 40 56 64 84 84 53 61 62 79 66 781 621 462 671 711 56 60 65 53 -9 -9 41 53 63 63
CC06H6 1 41 60 67 51 65 69 61 61 75 671 681 722 1193 1591 40 72 56 68 76 72 45 69 62 66 82 58 701 66 671 671 56 56 61 65 56 601 41 37 63 63
CC06HE 1 45 73 63 67 65 651 61 69 71 631 681 722 72 1112 52 56 56 601 80 76 57 61 66 54 82 741 581 66 671 552 56 56 65 53 56 72 57 53 63 63
CC06HF 1 73 52 85 81 691 691 61 57 67 67 641 72 1232 139 601 40 60 64 76 72 491 61 66 75 82 86 661 66 711 792 56 56 65 65 56 68 41 611 59 63
CC06HH 1 45 41 63 75 65 69 61 73 71 71 76 722 68 1231 681 71 56 60 84 72 53 37 66 70 70 78 661 581 79 552 48 48 61 53 56 56 57 45 59 59
CC06HJ 1 73 52 63 71 691 571 61 61 63 55 72 762 1111 1111 64 28 56 64 80 80 491 61 62 66 82 82 661 67 792 593 56 56 61 61 56 64 41 57 59 63
CC06HL 1 73 77 85 100 691 69 65 73 71 752 681 722 1431 127 681 71 60 60 76 84 53 57 58 58 82 78 62 70 79 59 56 60 61 65 56 56 57 57 59 63
CC06HP 1 77 60 63 71 731 611 61 53 752 1401 801 84 139 1391 52 52 56 60 80 84 45 571 62 66 70 86 66 621 79 79 60 48 65 53 56 56 41 53 63 63
CC06HT 1 73 41 85 92 731 731 61 57 67 59 72 762 1431 1112 56 65 60 52 80 64 53 57 62 58 82 82 62 621 75 75 56 48 61 53 56 64 41 53 63 63
CC06HU 1 73 48 85 71 691 771 65 53 63 752 722 68 1431 121 56 681 60 60 80 84 53 57 62 58 82 78 62 58 593 59 56 56 61 61 56 601 57 57 59 63
CC06HY 1 73 60 73 1121 651 731 61 61 67 63 76 84 68 68 601 61 56 76 92 84 491 57 62 74 62 58 62 67 75 552 56 56 61 61 601 68 41 57 59 63
CC06J0 1 73 41 75 83 691 691 61 57 67 712 72 722 76 1313 52 601 60 68 76 84 61 69 54 54 62 741 461 66 671 79 60 48 53 53 601 641 53 45 63 63
CC06J1 1 45 41 1001 89 731 771 61 61 79 831 641 682 79 1113 40 441 60 64 80 88 53 612 62 66 62 66 541 54 671 711 56 48 57 61 56 641 45 45 59 63
CC06J2 1 77 41 63 81 65 731 57 65 75 712 76 722 80 1431 72 56 60 64 80 76 57 61 62 66 82 66 70 741 671 711 52 48 61 53 56 60 41 41 59 63
CT.0YCY 1 45 45 63 51 89 89 61 65 71 71 681 722 68 87 52 481 56 56 72 72 53 57 54 54 82 86 701 58 71 75 56 56 57 57 56 56 41 45 63 63
CT.0YEC 1 73 41 81 711 651 652 61 57 71 631 801 76 1391 1031 52 56 56 56 88 88 53 61 66 66 82 82 70 701 75 75 56 52 61 61 601 60 57 45 63 63
CT.0YEF 1 52 52 63 59 65 89 61 69 71 63 681 681 76 76 52 52 56 60 72 72 53 53 58 54 86 78 661 621 751 751 56 56 57 57 56 56 41 41 63 63
CT.0YEU 1 45 52 67 83 651 771 61 65 71 67 681 722 103 76 40 56 56 681 80 80 53 651 62 54 78 781 62 58 75 711 56 56 57 65 56 56 41 57 63 63
CT.0YF2 1 45 41 85 67 53 73 61 61 71 67 681 681 72 123 61 64 56 60 88 88 53 65 62 58 66 66 62 501 671 79 56 60 57 61 -9 -9 41 41 63 63
CT.0YF8 1 73 52 79 77 811 80 61 53 792 792 681 681 87 87 52 52 56 56 88 72 491 571 62 75 66 141 661 58 79 711 60 52 57 57 56 56 41 57 63 63
CT.0YFA 1 52 84 59 83 69 771 65 69 792 833 72 762 68 87 52 40 56 72 72 72 491 53 62 75 78 66 70 58 751 79 56 60 61 61 56 56 57 57 63 63
CT.0YFE 1 73 52 77 55 69 80 61 53 792 1322 72 681 87 87 52 52 56 56 88 72 53 571 62 75 66 141 661 70 79 79 56 60 57 61 56 56 57 57 63 63
CT.0YFP 1 77 52 63 79 77 77 65 65 75 752 72 681 87 87 52 52 56 72 72 72 53 57 62 54 74 66 58 58 79 631 60 60 57 53 56 56 57 53 63 63
CT.0YFU 1 56 52 63 79 69 69 61 61 712 136 72 681 87 87 52 52 56 60 72 72 57 57 54 75 82 141 661 58 79 711 56 56 57 57 56 56 41 57 63 63
CT.0YK7 1 56 56 55 116 651 651 57 65 67 671 76 762 83 83 52 64 60 72 80 72 53 61 54 54 54 86 581 462 751 75 56 60 57 65 56 56 57 45 63 63
CX.10PT 1 69 56 71 71 651 73 61 49 75 67 681 681 72 72 52 56 60 64 80 76 57 61 58 66 86 98 70 66 672 672 56 56 57 57 56 60 41 53 63 63
DAM021 1 89 89 85 85 651 651 61 57 63 831 80 80 1391 155 56 481 60 64 80 80 491 53 62 58 62 66 501 541 833 833 48 48 65 65 56 56 41 57 59 63
DAM034 1 77 52 63 51 691 89 57 69 631 136 681 722 79 79 52 52 56 56 72 72 53 612 62 62 82 66 58 58 672 79 56 52 57 61 56 68 41 53 63 63
DAM07X 1 73 41 71 83 69 771 61 57 75 79 681 722 68 1193 52 40 56 64 80 92 57 45 62 74 741 741 621 67 711 712 56 52 57 61 56 56 57 57 59 59
EF.15J6 1 69 73 81 51 651 69 65 73 71 71 722 762 1112 1312 601 36 56 72 80 88 53 651 58 66 82 701 661 541 79 711 56 48 57 61 56 60 41 45 59 59
HRV010 1 73 48 71 80 65 65 61 65 752 752 681 762 68 1272 601 601 -9 -9 -9 -9 57 57 62 66 90 62 621 621 672 711 56 48 61 61 56 64 41 57 59 63
HRV02J 1 56 41 71 71 65 691 57 73 63 63 84 843 1431 151 601 56 -9 -9 80 80 53 57 62 62 78 66 66 58 79 79 56 56 61 61 56 60 53 45 59 63
HRV078 1 73 73 75 59 65 611 61 57 75 752 801 80 76 76 52 36 60 60 80 84 57 61 62 66 90 62 661 58 75 552 56 56 53 53 56 601 41 41 63 63
HRV0FH 1 45 77 63 43 69 53 61 73 75 71 641 72 155 1351 601 61 56 68 72 72 53 57 66 54 82 82 661 501 75 711 48 48 57 53 56 56 41 41 63 63
HRV0H5 1 73 73 63 84 69 771 61 65 63 164 762 721 76 131 52 481 56 72 80 80 57 45 62 58 86 66 661 701 671 711 56 56 61 53 56 60 37 45 63 63
HRV0JF 1 69 69 79 59 49 531 57 69 79 79 722 762 115 115 441 79 60 64 80 80 53 571 62 66 82 62 62 70 672 672 56 48 61 61 56 56 41 41 63 63
HRV0JJ 1 41 52 77 88 611 69 61 65 63 792 76 84 115 115 481 28 64 72 80 80 53 57 70 78 82 62 661 58 711 552 56 48 57 61 56 64 41 41 63 63
HRV0JM 1 73 56 63 85 65 651 65 69 71 831 76 721 1112 1351 56 36 64 72 80 88 53 65 54 54 70 102 66 541 671 79 52 561 61 53 601 60 41 57 63 63
HRV0K6 1 69 77 67 67 65 651 61 61 71 79 641 681 68 1112 52 64 56 56 76 76 61 61 50 54 70 70 62 66 79 59 56 56 61 65 56 64 41 57 63 63
HRV0K7 1 56 41 67 104 65 73 61 49 71 831 641 722 80 80 56 56 56 60 80 88 57 61 62 66 78 66 661 541 591 591 60 52 61 61 56 60 57 491 63 63
HRV0KP 1 77 65 75 75 651 731 61 61 71 67 80 80 72 752 52 52 56 56 76 76 491 651 62 62 62 66 62 621 -9 -9 56 56 61 65 56 60 45 45 63 63
HRV1AX 1 45 73 63 71 69 69 61 57 671 671 681 80 135 1432 481 441 56 68 76 84 53 53 74 70 62 58 58 541 672 71 56 60 61 65 56 56 57 45 59 63
HRV1C4 1 45 77 71 81 651 651 57 49 833 872 72 721 68 123 681 65 56 56 76 84 53 45 66 54 54 82 701 741 79 552 56 48 57 61 68 68 45 45 63 63
HRV1CH 1 69 52 63 100 49 571 61 61 631 1282 682 681 76 1152 601 56 64 64 72 72 57 691 66 66 86 62 741 621 79 712 56 60 61 61 56 60 41 45 59 63
HRV1FA 1 45 77 67 97 691 73 57 49 71 67 641 641 76 76 601 36 -9 -9 76 76 53 53 66 66 54 82 661 661 671 711 48 48 61 61 56 60 53 45 59 63
HRV1FK 1 69 41 73 55 691 731 61 73 75 75 722 762 64 64 601 56 56 60 76 76 53 53 62 74 86 98 70 701 672 672 60 60 61 53 56 56 41 57 63 63
HRV1H8 1 45 73 81 89 651 731 61 65 79 833 76 76 68 123 56 481 56 56 80 80 53 57 74 54 70 70 501 541 671 672 56 60 61 53 -9 -9 41 45 59 63
HRV1HT 1 41 49 73 71 69 69 61 57 63 831 72 721 64 68 56 441 56 60 76 76 53 57 70 54 74 86 741 621 -9 -9 -9 -9 61 65 56 56 41 45 59 63
HRV1XU 1 73 73 63 71 77 49 57 49 752 833 682 681 72 72 65 73 -9 -9 88 84 61 61 66 54 62 62 661 621 -9 -9 56 60 53 53 56 56 41 53 63 63
HRV4TF 1 45 69 79 59 731 49 65 53 67 59 801 762 72 72 52 64 56 601 76 76 57 61 66 66 90 781 66 621 75 63 60 60 61 61 56 56 41 57 59 63
HRV6F0 1 45 69 79 75 691 731 61 61 75 67 641 722 72 119 601 64 -9 -9 80 80 61 571 66 70 66 661 661 701 -9 -9 56 56 61 53 56 601 41 45 59 59
HRVE6L 1 52 49 77 67 651 49 57 57 752 148 76 80 72 72 601 28 56 60 76 76 57 61 62 66 74 661 58 621 71 71 52 52 57 53 56 601 41 57 63 63
M27HM 1 73 41 81 88 731 49 61 65 67 712 681 64 72 1271 52 52 56 641 76 76 57 571 74 74 90 90 62 78 79 79 52 48 61 61 -9 -9 41 53 63 63
M27HP 1 45 49 67 81 651 69 61 69 71 67 681 681 72 131 52 61 56 60 80 80 53 57 62 66 94 78 62 541 75 711 56 48 57 57 56 56 41 41 59 63
M2AK4 1 41 41 79 75 69 693 61 61 71 67 641 641 1311 1472 56 36 60 64 80 80 491 57 70 54 82 78 701 501 79 552 56 56 65 53 56 601 57 57 59 63
M2ALA 1 56 41 63 71 771 93 61 61 136 144 682 681 76 76 52 64 60 721 92 72 57 45 54 54 82 82 70 621 751 593 56 48 57 53 56 60 41 57 63 63
M2C56 1 77 77 81 104 651 691 65 53 671 671 72 72 131 137 56 602 60 68 80 76 65 65 62 62 74 86 50 50 671 711 56 56 61 61 56 56 41 41 63 63
M2CUX 1 69 77 63 88 49 73 57 65 631 831 681 76 87 88 52 52 56 60 80 76 491 531 66 54 82 66 661 581 671 751 56 56 57 61 56 601 41 41 59 63
M2E24 1 52 49 100 89 651 771 65 49 63 671 681 681 68 76 52 441 56 72 80 88 57 61 66 66 82 82 661 58 79 67 56 56 57 57 56 56 57 57 63 63
M2EA7 1 77 56 63 75 49 771 61 65 79 752 801 722 79 79 52 40 56 64 84 72 491 53 74 58 94 62 62 581 -9 -9 56 56 65 53 56 60 57 45 63 63
M2EH6 1 45 77 71 51 69 85 61 65 75 71 72 722 76 76 52 61 56 72 84 72 57 61 58 82 82 82 701 66 671 75 56 56 57 61 56 56 41 41 63 63
M2EKC 1 73 41 67 59 691 691 65 53 79 119 762 721 64 60 64 75 64 68 80 76 69 571 62 70 78 106 70 50 671 63 48 48 53 53 56 64 41 41 59 63
MSV083 1 45 48 63 81 69 771 61 53 79 59 72 762 712 712 52 56 60 60 76 76 491 57 62 50 90 66 58 621 71 711 60 48 57 61 56 56 53 45 63 63
MSV084 1 45 61 71 69 65 85 61 69 75 59 76 721 76 1112 601 56 56 601 80 84 491 57 62 62 82 66 66 66 79 79 56 60 61 53 56 60 45 45 59 63
MSV0LJ 1 41 41 63 81 65 731 61 69 752 1402 722 721 72 80 601 481 56 56 80 76 53 57 74 70 94 66 661 541 79 79 56 52 61 53 56 56 53 53 63 63
MSV1H5 1 69 60 67 81 61 611 61 57 63 831 641 80 115 1152 40 72 56 60 76 76 57 61 62 62 82 82 70 621 672 711 56 56 61 65 60 64 41 45 63 63
MSV1KM 1 45 41 71 81 651 691 57 57 631 671 801 76 143 1391 40 56 56 56 92 84 53 57 62 66 82 82 70 701 75 711 56 48 61 61 601 60 53 53 63 63
MSV23F 1 73 77 85 71 65 691 61 57 67 63 721 881 72 72 52 601 56 60 80 88 491 61 62 62 54 90 701 621 71 71 -9 -9 61 53 56 601 41 53 59 63
MSV2L8 1 45 45 81 81 731 771 65 69 712 712 681 722 72 64 52 56 56 56 80 80 491 57 62 70 74 62 62 66 79 79 52 52 61 65 56 56 53 53 63 63
MSV2P7 1 69 52 75 67 651 611 61 65 67 79 681 681 1151 1271 52 40 -9 -9 92 72 491 57 66 54 74 74 661 621 71 79 56 56 57 61 56 56 41 57 63 63
MSV2TJ 1 45 56 73 89 651 53 61 61 75 75 682 76 83 1071 56 61 56 56 80 88 61 65 62 66 54 78 58 50 79 75 60 48 57 61 56 56 57 57 59 59
MSV2XM 1 45 45 63 71 65 49 57 49 71 67 681 76 76 79 601 601 60 601 88 88 53 53 66 70 70 62 62 661 79 711 60 48 61 61 60 64 57 53 59 63
MSV327 1 69 52 63 63 811 89 61 61 71 792 681 76 80 80 52 52 56 72 80 76 57 69 62 54 82 78 541 63 -9 -9 56 56 57 57 56 56 41 53 59 67
MSV33L 1 73 49 85 67 691 73 61 61 75 712 681 84 1112 1112 40 56 56 60 76 84 57 61 62 62 66 98 70 66 671 711 60 48 61 65 -9 -9 57 57 63 67
h0015 2 73 81 79 55 651 691 61 61 671 831 721 64 72 79 52 52 56 60 80 92 491 491 62 54 82 86 581 58 79 79 60 48 57 61 56 60 41 57 59 63
h0025 2 45 73 51 97 77 771 61 57 671 148 681 722 68 80 52 52 56 60 80 72 53 61 70 54 70 70 581 701 75 552 60 60 57 61 56 60 41 45 63 63
h0035 2 45 56 81 81 691 771 61 61 79 712 72 681 103 76 52 481 56 60 80 80 53 61 62 50 94 62 661 78 671 79 56 52 61 53 56 56 41 491 63 63
h0045 2 73 77 63 67 651 691 57 57 75 148 681 721 64 68 52 56 60 601 80 76 57 61 62 66 82 82 58 58 71 79 60 52 61 61 56 56 41 57 59 63
h0055 2 56 41 63 71 611 69 61 73 67 63 641 72 72 88 52 56 56 68 76 72 612 57 54 75 62 781 701 621 671 79 56 60 61 61 601 601 41 45 63 63
h0065 2 69 73 63 75 65 771 61 53 67 752 681 84 123 1351 40 56 56 56 80 72 57 571 66 70 94 74 62 66 671 63 56 56 57 65 68 64 41 53 63 63
h0075 2 45 69 63 51 65 811 61 61 71 712 72 681 72 76 601 56 56 68 80 80 57 61 66 75 78 78 70 54 751 711 56 52 57 61 56 64 41 57 63 63
h0085 2 45 69 63 79 651 69 61 61 71 148 72 681 72 1112 52 52 56 60 84 84 53 57 62 66 70 54 581 78 75 711 56 60 57 61 56 56 41 41 59 59
h0095 2 69 73 55 100 651 731 61 57 71 79 681 721 115 1111 52 40 60 60 76 84 57 571 62 62 94 82 70 701 711 552 56 56 61 53 60 681 41 41 63 63
h0105 2 45 73 55 83 691 89 61 61 75 71 76 722 68 76 52 56 56 56 80 72 53 45 62 54 86 661 661 701 79 79 56 60 61 61 56 56 41 57 63 63
h0115 2 45 56 81 81 65 771 61 57 75 71 722 762 72 1391 601 40 56 60 80 72 53 53 62 62 82 701 62 621 71 711 56 48 61 53 56 60 57 53 59 63
h0125 2 73 73 63 71 49 89 61 73 67 831 76 721 80 115 72 64 60 64 88 72 53 651 62 62 90 66 661 701 79 552 60 52 57 61 56 56 41 41 63 63
h0135 2 41 49 63 55 691 69 61 69 71 71 722 80 80 87 52 61 56 64 80 76 491 651 62 54 78 78 62 462 672 833 48 561 57 61 56 64 41 57 63 63
h0145 2 69 73 75 51 731 611 61 61 63 671 72 80 72 1472 61 28 56 64 84 72 61 65 62 58 74 62 66 58 79 711 60 48 57 61 56 56 41 53 63 63
h0155 2 45 45 85 100 651 651 61 49 75 752 722 80 72 68 56 56 56 761 80 88 57 61 58 58 82 86 70 462 79 79 56 48 57 61 56 60 41 41 59 63
h0165 2 45 73 63 55 731 69 53 69 75 752 722 721 72 72 52 36 56 72 76 76 53 61 66 54 82 78 741 621 671 671 56 52 57 61 56 56 57 53 59 63
h0175 2 69 48 71 67 69 771 61 65 75 79 722 722 72 79 52 601 56 64 76 84 57 61 66 54 74 78 701 50 75 711 56 48 61 61 56 60 41 41 59 63
h0185 2 77 48 85 71 691 69 61 61 67 792 682 681 72 83 52 441 56 72 76 76 53 53 66 66 701 66 661 66 75 67 56 52 57 61 56 56 53 53 63 63
h0195 2 56 52 85 83 49 85 53 69 63 671 641 721 83 131 52 441 56 64 80 80 612 61 62 74 86 661 701 621 671 711 56 56 53 53 56 56 57 57 63 63
h0205 2 45 56 63 84 49 771 61 65 75 63 722 762 72 76 72 64 56 64 80 92 491 491 66 75 74 741 66 621 79 75 56 56 57 57 601 641 41 57 59 59
h0215 2 41 49 71 55 49 73 65 49 67 752 682 681 64 1193 52 57 56 72 76 76 53 57 62 70 86 78 62 62 671 672 56 52 61 53 56 56 57 57 63 63
h0225 2 45 45 63 67 651 691 61 61 71 752 72 84 72 68 72 56 60 72 80 72 491 53 62 58 62 66 661 66 672 711 52 48 61 53 56 56 41 53 63 63
h0235 2 73 77 55 89 65 651 61 61 75 67 761 721 1112 87 56 481 56 56 76 72 53 57 66 54 70 661 58 50 79 79 56 60 61 65 56 60 57 53 63 63
h0245 2 41 41 77 43 691 93 57 57 67 63 76 722 72 68 52 601 56 641 76 84 53 57 66 70 66 66 701 66 79 711 56 52 65 65 56 56 53 611 59 59
h0255 2 52 60 73 75 65 811 57 57 63 752 681 722 103 87 52 65 56 60 80 80 491 491 66 66 82 78 661 70 671 751 56 56 61 53 56 64 41 41 63 63
h0265 2 77 77 63 73 65 65 61 61 71 831 76 762 103 76 40 56 56 56 76 76 57 651 66 54 74 82 70 58 671 75 56 52 61 53 56 60 41 53 63 63
h0275 2 69 73 63 67 651 77 61 65 75 144 76 721 1112 87 52 28 56 60 80 76 612 57 62 66 62 62 70 67 671 79 56 60 61 53 56 56 41 57 59 63
h0285 2 73 77 63 79 691 611 61 65 75 71 722 722 83 1431 601 61 56 641 84 72 491 57 54 54 86 66 701 741 671 672 56 60 61 53 601 60 41 45 63 63
h0295 2 69 73 73 67 651 651 53 69 75 67 762 762 80 123 601 61 56 48 80 72 57 571 66 54 70 94 70 66 79 79 56 48 61 53 56 641 41 57 59 63
h0305 2 45 52 63 71 611 571 61 61 631 712 682 722 76 1193 52 65 56 56 76 72 53 61 62 74 701 106 501 541 671 711 56 48 57 61 56 56 41 57 63 67
h0315 2 73 52 73 79 65 49 65 73 75 71 80 762 1112 1111 52 64 64 641 80 80 53 57 58 54 70 66 62 661 79 833 56 56 65 53 56 60 41 57 59 63
h0325 2 45 77 85 67 731 89 61 53 67 831 681 762 72 83 52 52 56 64 76 72 53 61 66 70 70 74 581 741 79 711 56 60 61 53 56 64 57 53 59 63
h0335 2 69 48 55 89 651 89 61 65 71 752 641 80 72 72 40 28 56 60 80 72 53 61 66 66 82 82 661 581 751 711 56 56 61 53 601 64 41 57 63 63
h0345 2 69 73 55 1001 651 69 61 65 63 59 682 681 80 1431 52 56 56 72 88 72 57 61 62 66 70 66 70 701 671 79 56 60 61 61 56 56 41 57 63 63
h0355 2 69 61 63 116 691 611 57 65 63 792 681 84 72 76 52 61 56 68 80 72 491 53 54 79 62 741 661 621 671 671 60 52 57 57 56 601 41 53 63 63
h0365 2 45 73 63 71 651 69 57 73 71 71 72 68 1151 87 52 52 60 64 80 88 61 69 62 62 82 741 461 661 79 75 52 48 57 53 56 64 53 45 63 63
h0375 2 45 69 71 59 691 652 57 65 67 63 722 722 123 1112 601 40 56 56 76 84 57 57 66 70 74 62 661 581 79 75 56 56 57 61 56 56 41 45 63 63
h0385 2 69 41 63 88 731 571 61 61 67 67 681 722 79 1271 56 441 60 60 80 84 57 65 62 50 82 102 661 621 79 591 56 52 61 53 56 56 41 37 59 59
h0395 2 73 52 81 83 65 69 61 69 71 71 76 721 68 1312 40 56 60 64 92 84 491 57 62 62 78 66 66 621 672 79 56 52 57 53 60 60 41 53 63 63
h0405 2 69 52 63 67 65 771 61 73 67 792 681 762 68 131 52 601 60 60 88 84 53 53 62 58 82 62 501 621 671 71 60 60 61 61 56 56 57 45 63 63
h0415 2 45 73 63 83 731 571 61 61 71 67 681 681 143 87 72 56 56 72 76 84 45 61 62 70 54 62 70 581 791 59 56 56 61 53 56 601 57 57 63 63
h0425 2 45 49 67 97 651 651 61 57 75 63 641 681 76 1111 56 56 60 641 76 72 53 651 62 54 74 82 581 701 671 711 56 48 57 53 56 56 41 41 63 63
h0435 2 73 52 67 83 65 651 61 57 67 831 681 761 72 1112 56 56 56 56 88 88 53 571 54 54 90 90 70 541 711 593 56 60 61 61 56 60 41 45 59 63
h0445 2 45 52 1001 80 611 77 57 65 792 136 72 76 79 1112 52 56 56 641 80 80 53 612 62 54 86 62 661 621 672 552 56 52 57 65 56 56 41 45 63 63
h0455 2 41 41 67 81 61 611 73 73 79 1282 641 681 752 135 52 56 56 60 72 72 57 61 62 58 82 62 661 63 672 75 56 52 61 53 56 601 41 37 59 63
h0465 2 73 41 63 81 69 85 61 69 71 671 72 76 68 87 40 75 60 60 88 88 491 53 62 70 94 86 62 541 711 59 56 60 57 53 56 60 57 45 63 63
h0475 2 81 49 85 85 691 53 57 53 67 67 76 76 72 68 56 61 56 601 80 72 53 61 62 54 74 82 701 541 751 71 60 52 53 53 56 72 41 57 59 63
h0485 2 52 52 63 55 731 771 61 65 71 631 721 84 64 1391 52 75 60 60 76 72 53 61 62 70 86 58 70 58 671 75 56 56 61 61 56 64 57 45 63 63
h0495 2 41 52 85 71 731 771 61 57 59 136 681 681 1432 712 52 40 641 681 76 84 53 57 62 58 82 701 62 701 671 751 60 48 57 61 56 601 57 45 63 63
h0505 2 45 48 85 81 651 691 61 61 75 75 682 76 72 79 601 64 72 68 76 72 491 57 54 75 70 86 58 50 75 75 60 48 65 53 56 56 57 53 63 63
h0515 2 65 41 71 116 77 73 61 65 67 792 641 721 80 1231 40 61 56 60 80 72 491 61 70 54 62 741 661 661 79 75 60 48 61 61 56 60 41 57 63 63
h0525 2 77 56 63 85 691 611 61 61 75 71 641 681 72 1431 56 61 56 56 80 76 53 57 62 54 78 58 661 66 71 79 56 56 57 61 56 56 41 57 63 63
h0535 2 45 56 71 93 61 571 61 61 71 63 801 80 68 80 601 56 56 64 80 88 53 53 62 74 62 58 661 50 79 79 56 60 57 61 56 56 41 57 63 63
h0545 2 45 73 73 51 691 69 61 61 67 671 682 762 76 76 40 57 56 60 80 84 61 65 66 75 70 66 661 70 751 75 56 561 57 61 56 601 57 57 59 63
h0555 2 45 69 67 81 651 771 61 65 631 792 681 76 76 79 56 56 56 60 76 84 53 57 62 62 90 66 62 621 79 63 56 60 61 61 601 60 45 45 59 63
h0565 2 73 41 63 51 651 691 65 53 75 164 72 762 68 143 52 56 60 60 84 72 53 57 62 62 78 141 62 661 711 711 56 52 61 61 56 56 57 57 63 63
h0575 2 73 77 85 71 651 49 61 61 63 59 801 681 72 64 52 64 56 56 80 72 491 61 58 66 82 741 621 50 792 593 56 60 61 53 72 641 41 45 63 63
h0585 2 45 41 63 79 651 731 61 53 67 63 641 681 64 123 40 36 56 56 76 84 61 571 62 58 78 62 581 541 71 712 60 48 61 53 56 64 57 53 63 63
h0595 2 77 60 63 63 69 73 65 73 631 136 681 761 68 1431 52 601 60 60 80 76 53 53 66 66 82 82 741 781 671 79 48 48 57 65 56 60 41 57 63 63
h0605 2 73 41 63 79 651 771 61 53 71 671 722 80 103 139 52 56 60 761 92 76 53 53 58 66 82 102 66 58 711 593 60 60 61 65 601 60 57 53 63 63
h0615 2 45 77 81 1001 731 771 61 65 63 712 72 681 72 1151 52 40 60 60 80 84 53 57 62 74 82 102 661 621 671 672 56 48 61 53 601 60 41 45 63 63
h0625 2 45 77 71 75 651 53 69 49 631 67 681 722 64 87 601 64 64 72 76 72 53 61 62 62 86 78 58 541 79 711 56 52 65 53 56 60 41 57 59 63
h0635 2 45 41 63 81 691 69 61 49 792 792 801 681 72 83 64 36 56 641 76 72 53 61 66 54 86 62 661 66 711 593 60 48 61 61 601 60 41 45 63 63
h0645 2 45 77 63 116 65 69 61 57 792 831 681 721 68 87 52 601 56 60 80 72 61 61 58 54 54 82 661 58 75 711 56 48 61 61 56 56 57 45 59 59
h0655 2 41 52 75 67 49 771 61 61 71 63 681 681 83 1432 52 52 56 60 92 76 491 491 62 54 54 741 701 66 672 71 60 48 57 61 56 56 41 45 63 63
h0665 2 41 52 71 59 69 69 65 69 75 752 681 722 68 80 52 602 56 68 76 72 53 61 66 66 54 90 66 58 79 75 56 52 57 61 56 64 53 53 59 63
h0675 2 73 49 71 71 65 69 61 65 75 712 681 721 83 1431 52 601 60 60 84 72 612 61 62 62 90 78 501 621 71 711 56 56 57 61 56 60 41 45 63 63
h0685 2 41 52 71 59 651 49 57 65 71 63 681 722 64 1591 601 40 56 56 76 72 57 57 66 70 66 66 66 462 75 75 60 60 61 65 56 56 41 41 59 63
h0695 2 45 73 100 1121 77 571 61 69 75 63 76 762 76 1391 52 61 60 60 80 88 57 45 58 54 82 78 62 58 79 711 56 56 57 57 56 56 41 57 63 63
h0705 2 45 73 73 75 65 811 61 57 75 63 72 762 80 1152 601 64 60 64 80 72 57 61 70 75 82 741 62 58 671 672 56 56 65 53 56 56 57 45 63 63
h0715 2 45 41 71 71 651 69 57 65 75 71 801 76 72 76 52 601 56 60 88 72 57 57 62 74 82 701 66 541 71 79 56 60 57 53 56 56 41 57 63 63
h0725 2 45 52 71 97 69 771 61 57 67 792 801 80 68 115 52 601 56 60 88 84 53 57 66 75 86 58 661 501 79 75 56 60 57 61 60 64 57 45 63 63
h0735 2 45 77 63 55 731 69 65 69 75 63 681 76 68 1391 601 56 64 601 80 80 53 571 62 74 74 66 661 701 671 75 56 60 57 57 56 56 41 53 59 63
h0745 2 77 52 85 89 651 69 61 57 71 67 681 76 76 119 52 52 56 56 80 76 57 57 62 58 82 741 741 621 671 79 56 56 57 61 56 601 41 41 59 63
h0755 2 73 77 85 77 771 89 65 53 75 75 641 64 103 76 601 40 56 64 84 72 53 53 62 54 82 82 701 741 672 672 60 60 61 61 56 56 53 45 63 63
h0765 2 41 41 63 79 69 45 57 69 67 712 722 84 1112 1311 601 681 56 60 88 72 53 57 74 70 82 102 661 58 71 792 56 52 61 61 56 56 41 57 63 63
h0775 2 45 73 71 43 651 89 65 53 55 712 682 76 64 68 52 61 56 64 80 80 491 53 62 66 82 82 70 66 671 711 56 60 57 53 56 56 57 57 63 63
h0785 2 45 52 71 71 691 85 61 61 71 63 682 681 119 135 56 64 60 601 84 84 53 61 58 58 74 62 74 621 79 711 56 52 61 53 56 56 41 45 59 63
h0795 2 73 56 79 67 651 691 61 65 631 752 801 681 76 76 52 65 56 60 88 64 53 65 70 70 74 82 661 58 75 591 52 48 65 53 56 601 57 57 59 63
h0805 2 45 52 79 79 691 53 61 57 75 712 72 682 83 139 52 36 60 64 80 84 53 612 62 70 58 781 58 541 75 711 60 60 61 53 601 60 57 57 63 63
h0815 2 77 52 71 55 45 571 53 53 67 752 722 721 72 68 52 52 60 60 80 76 491 57 54 54 94 86 58 621 751 79 60 48 61 65 56 601 41 41 59 63
h0825 2 73 52 85 85 651 651 61 61 75 752 72 681 68 1112 52 40 56 56 80 76 53 57 66 70 86 78 70 541 751 711 60 52 61 53 56 601 41 41 63 63
h0835 2 73 73 75 100 69 49 61 61 792 752 722 80 119 139 601 40 56 72 80 84 491 53 62 82 82 66 661 701 75 791 48 48 61 65 56 60 41 53 63 63
h0845 2 73 73 63 81 651 651 61 65 63 712 722 722 131 121 52 56 60 72 84 72 491 571 62 70 82 781 62 621 79 75 56 48 57 61 56 56 41 45 59 63
h0855 2 45 41 85 79 77 771 61 61 75 71 72 762 76 87 52 64 60 60 76 76 53 61 62 62 82 86 461 621 711 791 60 48 57 61 56 60 57 57 59 63
h0865 2 73 52 71 81 651 611 61 57 71 71 76 722 80 143 601 57 56 56 76 88 53 61 74 70 82 66 74 621 671 79 60 48 57 53 56 60 41 57 63 63
h0875 2 45 73 63 75 811 652 61 65 75 671 72 682 1111 87 52 28 60 72 80 72 612 61 74 66 94 90 58 541 711 591 56 56 57 61 56 56 57 45 63 63
h0885 2 69 49 71 83 691 691 61 65 67 67 72 681 68 123 52 72 56 72 80 88 57 571 62 58 82 86 501 58 671 671 56 48 57 53 56 56 41 57 59 63
h0895 2 65 52 63 1121 65 651 61 61 75 631 72 681 123 121 52 28 56 56 80 88 57 61 62 66 82 741 701 621 79 75 56 52 61 53 601 72 57 45 63 63
h0905 2 41 52 63 104 77 73 61 65 75 712 72 681 752 139 52 73 56 60 80 84 491 53 62 74 74 82 62 70 75 833 56 56 57 61 56 60 41 45 59 63
h0915 2 69 41 55 81 89 85 53 73 71 631 681 681 76 119 56 56 56 56 80 92 53 57 74 58 62 741 661 621 75 712 56 56 57 65 56 64 41 53 59 63
h0925 2 56 41 75 67 651 651 61 57 71 79 641 681 76 131 52 72 56 60 80 84 45 65 62 66 82 661 58 58 79 552 56 48 57 61 56 60 41 53 63 63
h0935 2 73 52 75 89 691 73 61 61 75 63 681 84 131 712 52 681 64 68 84 72 57 61 62 62 82 82 661 701 79 59 56 56 61 61 601 64 57 611 59 63
h0945 2 73 77 71 51 65 771 61 61 75 71 76 76 72 72 56 64 56 601 80 88 61 691 62 54 82 66 501 621 671 79 56 60 61 53 56 56 41 57 63 63
h0955 2 41 52 71 67 691 691 61 61 75 71 682 762 80 76 52 72 56 64 76 72 61 61 62 62 94 66 581 501 672 79 56 52 61 61 56 56 57 45 63 63
h0965 2 45 52 71 77 691 80 61 61 67 752 641 72 72 1151 52 56 60 60 76 84 53 53 58 66 90 90 701 67 672 75 56 56 61 53 56 56 41 41 63 63
h0975 2 77 61 79 69 691 89 61 57 75 71 801 681 1111 1271 52 40 56 72 76 72 57 61 62 62 82 66 581 66 671 552 56 52 61 65 56 60 41 57 63 63
h0985 2 69 52 77 55 651 61 61 57 792 752 72 84 64 1151 52 481 60 72 80 88 53 53 62 58 70 741 661 58 751 79 56 56 57 57 56 56 41 57 63 63
h0995 2 45 77 63 81 731 69 61 53 67 792 722 721 80 1431 40 40 56 60 80 76 491 53 54 54 70 74 62 78 672 71 56 60 65 53 56 64 41 57 59 63
h1005 2 77 77 85 71 65 811 61 53 67 831 681 722 1152 1271 601 56 60 64 80 84 53 57 50 58 78 62 661 70 75 75 56 56 57 57 56 56 41 45 63 63
h101 2 69 52 79 71 651 691 57 57 71 833 762 64 76 79 64 28 56 64 76 72 53 69 74 75 62 741 62 66 75 711 56 52 61 53 56 56 41 41 63 63
h102 2 73 41 71 1001 61 611 61 53 631 67 681 722 68 80 64 71 56 60 88 84 491 61 62 66 86 102 661 621 672 79 56 48 57 65 56 56 41 45 59 63
h103 2 52 60 63 73 691 731 61 57 79 79 72 722 68 76 52 61 76 76 84 72 57 61 62 58 78 62 661 541 79 711 56 48 57 65 60 60 57 45 59 63
h104 2 73 73 75 81 691 731 61 57 67 79 641 682 76 1151 52 40 56 68 80 72 53 69 66 66 78 58 62 62 552 552 56 56 61 61 56 60 41 53 59 63
h105 2 45 45 71 69 651 49 69 69 71 792 681 76 64 80 601 36 56 68 76 72 53 53 74 66 781 102 661 661 75 711 60 48 61 61 56 56 57 57 63 63
h106 2 45 73 71 75 691 531 61 53 67 792 801 76 1313 1113 64 441 56 56 84 72 53 61 62 75 86 78 661 701 711 711 56 60 61 53 56 56 41 45 63 63
h107 2 77 61 59 101 731 77 61 61 63 752 76 601 115 143 481 64 56 601 88 72 491 61 62 58 82 82 66 541 671 672 56 56 57 61 56 64 41 57 59 63
h108 2 45 52 63 55 49 771 69 69 75 67 72 80 72 712 52 65 60 60 80 80 491 612 62 66 62 141 62 701 672 552 56 56 57 57 56 64 41 57 63 63
h109 2 45 77 67 83 57 811 65 53 75 752 681 76 68 155 61 64 60 72 80 88 53 65 62 70 70 78 621 462 671 79 56 48 57 61 56 601 41 41 63 63
h110 2 56 52 71 1001 651 69 61 65 63 792 76 80 72 143 481 64 56 60 84 84 53 57 50 70 82 66 661 621 71 79 56 60 57 61 56 56 53 45 63 63
h111 2 69 73 63 93 65 811 57 65 71 71 801 722 64 1271 52 64 56 56 80 84 53 57 62 66 78 62 62 66 79 711 56 52 65 65 60 64 41 53 63 63
h112 2 41 49 63 71 651 49 61 61 71 752 681 681 121 87 52 601 56 64 76 72 57 45 62 70 82 62 66 58 711 593 60 60 57 57 56 56 41 57 63 63
h113 2 69 69 67 83 811 89 61 65 79 144 722 84 115 137 61 71 60 72 76 84 57 69 54 78 82 78 661 701 672 71 56 60 61 53 56 601 57 45 59 63
h114 2 45 73 63 71 77 49 61 69 67 671 76 76 72 1431 52 28 60 60 76 76 491 53 62 54 78 66 58 621 671 751 56 48 61 61 56 56 57 57 59 63
h115 2 73 52 63 77 69 45 57 57 71 63 681 681 76 752 52 601 56 56 80 80 53 612 58 70 70 90 661 541 71 711 56 48 53 53 56 60 41 57 63 63
h116 2 52 60 67 81 651 69 61 73 792 752 76 721 68 80 52 65 60 60 80 84 491 571 66 54 86 62 541 67 671 75 56 56 61 65 56 60 41 57 63 67
h117 2 69 52 63 79 65 651 61 69 63 79 801 681 68 80 64 64 56 641 80 72 491 491 58 66 54 82 58 58 671 711 56 60 61 53 56 60 41 41 63 63
h118 2 73 77 85 55 691 731 61 65 75 63 761 721 76 131 52 601 56 60 80 84 491 53 62 62 94 90 501 501 71 79 56 48 61 61 56 56 41 45 59 63
h119 2 73 77 79 89 49 771 57 53 631 136 681 681 1431 87 601 481 60 64 76 72 61 65 62 82 82 106 62 701 672 792 56 60 65 53 60 60 53 53 59 63
h120 2 73 41 73 43 69 771 61 65 75 792 72 76 103 80 52 64 64 641 76 84 53 69 62 62 70 62 701 58 79 833 56 56 57 53 56 56 41 41 59 59
h121 2 45 69 63 100 691 691 65 49 752 752 80 762 72 76 52 601 56 56 80 92 53 53 62 66 74 86 62 661 671 71 56 56 61 61 56 56 41 45 63 63
h122 2 45 41 71 55 65 811 61 57 631 79 681 722 64 1152 61 64 60 72 76 88 53 57 58 66 94 82 62 661 671 79 56 48 61 61 56 60 41 57 63 63
h123 2 45 73 63 67 651 811 61 61 63 712 76 722 68 76 40 56 56 64 76 88 53 57 66 78 74 58 581 66 79 67 56 56 61 65 56 68 57 57 63 63
h124 2 73 52 75 69 65 691 61 61 71 79 681 76 64 76 52 56 64 641 76 72 491 57 74 66 78 62 501 621 71 79 56 48 53 53 56 68 41 41 59 63
h125 2 45 52 79 75 651 69 61 61 71 752 681 681 64 1112 56 64 56 60 76 72 491 45 62 66 82 701 581 66 671 552 56 56 61 61 56 60 41 53 63 63
h126 2 73 56 63 79 691 89 61 73 75 59 682 761 76 131 52 56 64 72 80 76 61 61 66 54 82 741 661 58 79 591 60 48 53 53 56 56 41 37 63 63
h127 2 41 60 55 55 65 771 61 53 63 671 801 681 123 1193 481 71 60 72 92 72 57 57 62 66 82 82 70 621 671 79 56 60 61 61 60 60 53 45 63 63
h128 2 45 45 67 100 651 651 61 61 67 752 72 681 155 1152 601 61 56 56 80 84 53 651 62 50 86 741 62 661 593 59 52 52 61 61 56 56 41 41 59 63
h129 2 69 41 63 67 651 691 61 65 631 79 681 64 72 76 52 56 56 72 76 76 53 61 62 54 74 82 661 701 711 712 56 60 65 53 56 60 41 57 63 63
h130 2 45 69 67 67 691 811 57 73 71 671 722 722 115 83 61 681 56 60 92 88 57 61 62 62 70 66 661 541 671 79 56 52 61 61 56 56 41 53 63 63
h131 2 52 52 75 83 691 611 61 73 71 831 641 762 115 115 601 61 56 64 84 72 53 57 62 66 82 78 62 581 751 711 56 56 65 53 56 56 41 57 63 63
h132 2 45 52 81 100 731 771 61 61 75 671 641 721 72 1472 72 56 56 60 76 76 491 57 66 54 82 78 62 58 672 75 60 48 57 65 56 60 53 45 59 63
h133 2 45 73 71 71 69 53 61 73 792 712 641 72 68 1112 601 40 56 641 80 76 491 45 66 70 86 78 661 621 672 751 60 52 57 65 56 56 41 45 63 63
h134 2 41 60 67 59 651 73 61 61 71 631 641 80 72 64 56 56 60 64 92 64 53 53 74 66 74 86 701 66 71 79 56 52 61 65 56 601 41 45 63 63
h135 2 69 73 63 71 691 731 57 53 67 164 682 80 1591 1152 52 601 56 64 84 84 57 61 54 54 74 66 661 78 75 792 56 56 65 53 56 641 53 45 59 63
h136 2 45 41 63 83 651 77 61 53 752 59 682 762 123 87 52 64 60 60 76 84 53 57 74 70 70 82 66 78 75 59 56 60 57 61 56 56 57 45 63 67
h137 2 45 56 63 104 65 65 61 61 67 67 72 721 72 151 28 65 56 60 88 84 53 61 66 54 86 701 541 50 672 79 56 56 57 65 56 68 41 41 59 67
h138 2 69 77 71 67 691 771 61 61 752 1402 762 721 72 103 601 64 56 56 80 84 53 53 70 75 86 86 461 70 71 792 56 52 61 61 56 601 41 57 63 63
h139 2 45 77 63 75 651 691 61 65 71 63 641 72 72 68 52 52 56 60 92 84 57 61 62 74 86 78 58 621 672 672 56 56 61 53 56 56 41 53 63 63
h140 2 41 49 55 83 731 53 61 57 71 67 681 681 72 1272 52 601 56 60 80 76 53 65 66 75 74 78 661 66 671 79 56 48 57 61 56 72 45 491 59 63
h141 2 77 41 81 88 65 691 61 61 67 67 72 76 80 1112 40 56 60 72 80 84 61 61 62 54 66 66 58 621 671 631 56 56 57 57 56 56 57 53 63 63
h142 2 41 52 71 81 651 49 61 61 67 63 76 601 83 1431 52 40 56 72 88 72 53 57 62 70 82 66 62 581 672 711 56 56 57 61 56 56 53 53 63 63
h143 2 77 49 63 79 651 69 61 49 63 831 72 681 72 115 52 56 56 60 76 88 57 57 66 66 90 86 661 66 751 75 56 56 61 61 56 56 41 57 59 63
h144 2 41 52 85 81 65 651 61 65 75 67 722 601 80 1231 52 601 56 56 80 76 53 571 66 54 94 74 701 501 672 672 56 56 61 61 56 56 41 57 63 63
h145 2 73 52 75 92 651 651 57 53 71 1401 681 681 72 64 52 61 56 56 80 76 57 57 62 54 70 74 661 541 672 792 56 56 57 61 56 601 41 57 63 63
h146 2 73 77 71 81 811 69 65 53 79 712 722 722 72 1112 52 64 56 56 76 84 491 57 58 54 66 66 661 70 671 671 56 56 65 53 56 56 41 41 59 63
h147 2 69 73 63 63 651 69 61 57 75 1402 682 801 115 131 56 71 56 72 76 84 57 651 74 54 82 741 701 541 71 711 56 60 61 53 56 60 41 53 59 63
h148 2 69 48 63 88 651 771 73 73 71 144 76 721 1431 1193 52 481 60 72 80 76 57 61 62 58 74 86 701 58 672 75 60 48 57 61 56 56 41 41 59 63
h149 2 73 77 71 89 65 69 61 65 63 833 76 762 64 1591 681 64 56 56 80 84 61 571 66 70 90 62 62 661 672 79 56 52 57 61 56 60 41 53 59 63
h150 2 77 41 73 79 651 73 73 73 71 671 601 80 1231 1112 52 601 56 60 76 72 53 57 62 62 70 86 581 541 672 711 56 60 57 61 56 56 41 53 63 63
h151 2 52 89 63 75 69 69 61 61 71 148 722 762 115 1112 52 72 56 60 88 72 57 61 70 70 82 90 62 661 71 552 56 56 57 53 56 60 45 531 59 59
h152 2 77 41 77 81 731 85 57 69 75 71 681 722 72 119 56 56 56 56 80 76 53 57 62 66 86 78 661 701 711 552 56 48 61 53 56 60 41 57 63 63
h153 2 73 77 63 67 69 93 61 61 63 79 76 722 76 76 52 601 56 72 80 92 61 61 62 62 86 78 661 701 79 791 60 60 57 53 56 601 41 57 63 63
h154 2 45 77 59 81 53 93 61 57 67 752 801 76 1431 1071 52 36 56 68 88 72 53 57 62 54 86 66 66 541 75 59 56 56 57 57 56 641 57 53 63 63
h155 2 45 77 85 79 69 771 61 53 67 671 72 682 68 127 64 71 56 60 80 80 53 57 66 78 82 86 66 58 671 711 56 48 61 53 68 64 41 57 63 63
h156 2 77 52 63 75 65 65 61 61 71 79 72 721 83 79 52 36 60 64 80 72 53 61 62 58 66 66 70 621 671 75 56 52 61 53 56 56 53 45 63 63
h157 2 45 45 63 80 811 73 61 57 67 63 641 681 68 115 601 72 56 64 80 72 53 57 66 66 82 90 661 621 75 712 56 60 57 53 56 64 41 57 63 63
h158 2 45 56 63 71 651 611 57 49 79 833 641 76 87 87 40 57 56 56 76 84 53 45 58 66 86 78 661 621 79 79 56 56 65 53 56 601 57 45 63 63
h159 2 73 52 67 81 69 49 61 61 71 63 722 721 68 1151 52 601 56 60 84 84 651 651 62 70 94 78 66 621 79 75 56 48 61 61 56 601 53 45 59 63
h160 2 77 41 71 92 651 611 61 65 712 712 72 722 68 131 601 441 56 60 88 84 57 57 66 66 86 66 62 541 79 712 56 48 57 53 56 64 57 45 63 63
h161 2 73 41 67 81 651 49 61 57 75 63 681 76 68 87 52 441 56 56 80 76 491 57 62 66 82 90 701 621 75 593 56 56 61 53 56 56 57 45 63 63
h162 2 45 77 63 67 65 691 61 57 79 59 722 721 76 1391 52 56 56 64 80 84 491 571 62 54 82 66 62 581 79 75 56 52 61 61 56 56 57 57 63 63
h163 2 69 77 63 71 691 77 61 65 75 79 681 721 1112 1312 52 52 60 721 92 72 61 37 62 54 82 82 62 70 79 79 56 60 61 65 56 56 41 57 59 63
h164 2 45 60 63 75 651 691 61 57 71 63 72 681 68 137 52 52 56 68 80 76 57 571 62 62 82 86 62 621 71 75 48 48 57 65 56 60 41 41 63 67
h165 2 45 48 71 104 811 73 61 65 792 831 80 84 139 1111 601 61 56 641 72 72 53 53 62 62 74 82 70 701 79 67 60 60 57 65 56 56 41 57 59 63
h166 2 69 41 85 55 651 731 61 57 63 79 682 721 64 752 40 64 56 68 80 80 53 57 62 66 70 78 581 741 672 75 48 48 61 61 56 641 41 57 59 63
h167 2 73 56 71 88 651 77 61 61 75 631 681 76 119 87 601 56 64 681 80 76 53 57 62 54 78 62 70 581 711 59 56 56 57 53 56 56 41 57 63 63
h168 2 65 52 55 81 691 771 61 65 631 67 722 881 72 83 601 56 56 56 76 88 491 651 58 54 54 58 661 66 791 552 56 52 61 61 56 56 41 53 63 63
h169 2 73 73 85 67 651 771 61 57 75 671 801 722 1192 139 52 601 60 64 92 76 491 53 62 58 62 62 661 621 672 79 60 52 57 61 601 64 41 57 63 63
h170 2 69 41 71 81 691 811 65 73 792 752 72 64 1192 1311 52 36 60 72 76 76 491 57 74 74 90 781 70 541 672 79 56 561 61 61 56 60 53 45 59 63
h171 2 45 52 63 79 691 69 61 65 75 833 72 681 103 115 52 40 56 64 80 72 57 691 54 54 82 62 66 66 671 672 56 56 53 53 601 64 57 53 63 63
h172 2 45 69 85 73 69 49 61 73 75 671 72 80 64 64 52 72 56 68 80 84 57 45 62 66 86 781 701 541 75 75 56 60 61 53 56 56 41 57 63 63
h173 2 56 41 73 81 65 691 61 61 71 67 682 681 68 68 52 71 56 72 80 80 53 57 58 66 62 141 66 462 593 833 56 56 61 53 601 60 41 53 59 63
h174 2 45 41 73 81 771 89 61 57 67 136 641 76 64 68 52 601 64 721 80 88 53 69 62 58 86 62 461 70 75 552 56 52 57 61 56 601 41 53 63 63
h175 2 41 41 85 77 651 651 61 73 71 752 681 84 68 1431 52 601 56 72 80 88 57 61 50 66 78 141 661 621 71 711 56 48 61 65 56 64 41 57 59 63
h176 2 73 52 63 71 651 811 61 69 71 79 64 64 72 68 40 56 60 64 80 88 491 45 62 62 82 82 661 66 79 711 56 56 57 57 56 601 45 45 63 63
h177 2 45 45 63 77 731 89 61 57 71 67 76 721 72 80 52 601 56 60 80 76 53 57 58 54 86 78 701 541 672 792 56 56 57 61 56 56 57 53 63 63
h178 2 45 77 67 81 731 611 61 49 75 712 681 76 68 1391 56 65 56 60 88 88 53 57 74 54 70 66 661 741 75 591 56 52 57 65 56 60 41 41 63 63
h179 2 45 69 73 55 731 731 61 53 75 1401 801 722 80 712 40 56 56 64 80 76 491 61 62 62 78 62 541 541 71 67 56 60 61 61 56 56 57 57 59 63
h180 2 73 56 67 69 65 69 61 65 67 67 682 722 64 1312 56 64 56 56 76 88 53 69 62 54 70 94 70 58 79 79 56 48 61 61 56 56 41 45 59 63
h181 2 77 48 85 81 731 69 61 57 63 671 722 80 72 76 56 28 56 64 88 72 491 53 66 54 86 106 701 621 672 79 56 60 57 61 56 56 41 57 63 63
h182 2 41 41 75 104 65 731 61 61 71 71 682 80 76 87 56 61 64 601 80 72 57 57 58 66 62 62 58 621 75 552 56 56 57 57 56 60 57 37 63 63
h183 2 77 56 79 116 811 611 61 57 71 71 681 722 1313 135 64 441 60 68 80 72 53 53 50 66 78 102 62 66 79 59 56 48 57 61 56 60 41 45 59 63
h184 2 41 48 71 51 691 69 57 49 67 831 72 722 68 119 52 56 56 72 80 76 491 57 74 66 82 102 66 58 79 75 56 48 57 57 56 60 57 531 63 63
h185 2 73 48 85 93 731 771 61 57 71 63 681 80 72 72 52 52 60 64 80 76 57 69 62 66 66 781 581 78 672 79 56 60 53 53 601 68 41 41 63 63
h186 2 45 45 85 71 651 771 61 57 792 752 72 682 72 1152 40 481 56 601 80 80 491 61 62 70 54 54 66 741 672 75 56 48 57 57 56 60 41 41 59 63
h187 2 45 56 71 51 651 731 61 57 67 63 681 762 139 87 52 56 60 641 80 80 53 57 58 54 82 781 701 541 672 672 56 56 57 53 56 56 41 53 63 63
h188 2 73 49 71 77 69 771 61 69 75 631 801 681 64 80 52 64 56 64 80 76 53 61 58 58 70 78 701 58 671 672 60 48 57 57 56 601 57 57 59 63
h189 2 45 65 67 81 651 73 61 53 71 67 681 762 115 1112 56 56 56 60 80 72 53 57 62 74 701 58 62 70 71 593 56 60 61 53 56 64 41 45 63 63
h190 2 73 52 71 59 69 771 61 69 63 752 641 722 68 88 52 441 56 60 80 76 53 571 62 70 78 78 701 701 79 591 56 52 57 61 56 60 53 45 63 63
h191 2 56 49 71 71 65 69 57 57 67 63 80 64 72 79 52 56 56 64 84 72 491 57 66 54 74 82 661 661 75 711 52 48 61 53 56 56 41 45 59 63
h192 2 73 73 67 93 691 691 61 65 671 833 681 722 72 79 40 56 56 60 76 76 53 57 58 70 58 98 661 70 672 672 60 48 61 53 64 641 57 53 63 63
h193 2 77 56 67 67 651 731 61 69 79 792 80 84 87 1271 72 481 56 56 80 80 491 53 62 66 70 62 621 621 71 75 56 52 57 61 56 641 41 41 63 67
h194 2 45 45 63 73 651 691 57 65 75 67 72 80 1151 1192 52 52 56 681 76 84 491 53 74 54 82 66 581 66 671 791 60 52 65 65 56 601 57 57 59 63
h195 2 77 60 63 1001 691 691 61 69 71 1402 801 76 80 115 52 681 641 601 80 84 57 571 74 54 82 66 701 58 79 591 56 56 57 65 56 56 41 45 59 63
h196 2 41 49 59 81 65 691 61 61 71 63 72 681 79 1472 40 481 56 60 80 80 53 53 62 54 66 58 661 581 711 552 56 56 61 61 56 601 57 57 63 63
h197 2 77 52 63 71 651 69 57 69 63 833 681 762 72 76 52 56 56 64 80 88 61 61 62 54 82 66 661 621 75 712 56 56 57 53 56 56 57 53 63 63
h198 2 49 60 63 116 65 651 61 65 75 752 722 721 115 131 52 65 56 60 80 80 57 57 78 75 54 741 661 58 75 552 56 56 61 61 56 60 41 57 63 63
h199 2 73 73 63 1121 691 611 61 57 75 63 682 681 72 76 40 75 56 72 80 84 53 61 58 54 70 74 661 741 75 791 56 48 57 61 56 56 41 57 63 63
h200 2 56 41 77 59 69 69 61 61 75 63 641 76 76 155 52 75 56 56 80 80 57 57 66 54 86 661 58 58 711 792 56 48 61 53 60 72 41 57 59 63
h201 2 45 73 63 51 691 652 57 53 75 831 722 721 72 68 52 64 56 64 72 72 61 69 62 66 70 82 70 621 79 79 60 48 57 61 60 68 41 57 63 63
h202 2 41 41 63 79 691 69 61 61 75 79 641 681 64 76 601 56 56 56 80 72 53 65 66 54 70 78 66 67 672 711 56 52 57 61 56 60 57 45 63 63
h203 2 52 52 75 67 651 89 61 69 71 79 801 681 79 1391 61 36 56 72 80 84 53 57 62 62 74 78 62 66 672 79 60 52 57 61 56 56 41 57 59 63
h204 2 73 77 75 51 731 531 61 65 67 59 762 68 64 87 601 64 60 72 92 76 53 61 62 54 741 66 62 661 79 591 56 56 57 61 56 56 41 53 63 63
h205 2 69 77 55 51 65 49 61 61 67 67 601 80 68 115 52 601 60 68 80 76 57 57 62 70 66 66 62 621 79 711 56 60 57 61 56 56 41 57 59 63
h206 2 73 60 63 55 651 771 61 73 63 119 722 843 72 64 40 64 56 60 76 88 45 69 62 66 82 781 66 58 671 711 56 60 57 65 56 56 57 45 63 63
h207 2 45 81 79 89 611 69 61 65 67 67 681 84 119 1071 52 40 56 60 80 76 57 45 58 58 82 741 62 62 671 672 56 48 61 65 56 56 41 45 63 63
h208 2 65 52 79 71 49 89 61 61 631 631 681 721 79 1591 601 601 60 64 80 84 53 61 62 66 82 741 661 741 672 672 56 60 57 57 56 56 41 53 63 63
h209 2 69 69 79 97 69 771 61 49 63 752 641 76 68 83 52 601 60 72 76 72 53 612 62 66 54 82 70 66 711 59 56 60 57 57 56 56 57 57 59 59
h210 2 41 81 63 67 69 771 61 61 75 75 682 722 64 1152 52 601 56 60 80 76 491 53 62 62 90 62 70 66 671 671 56 48 61 65 56 601 37 45 63 63
h211 2 56 60 63 59 49 771 61 73 631 79 72 722 72 80 52 481 60 60 88 84 53 57 58 54 86 661 70 541 671 75 60 48 61 61 56 56 41 53 63 63
h212 2 73 49 71 75 651 731 65 69 67 63 72 722 1112 1193 52 40 56 64 80 88 491 61 58 79 90 66 701 741 672 71 56 52 61 53 601 64 45 45 59 63
h213 2 45 41 63 75 65 691 57 53 75 71 801 76 72 64 52 52 60 60 76 72 612 57 66 70 70 66 661 70 79 67 56 52 61 65 56 60 41 57 63 63
h214 2 73 41 75 116 69 73 57 69 792 752 801 681 72 68 52 56 56 60 76 88 491 53 62 74 74 66 661 70 79 711 56 60 61 61 56 60 41 57 59 63
h215 2 45 49 85 67 811 80 61 65 75 71 76 721 1431 1071 52 52 56 56 76 72 491 53 62 75 82 741 62 66 71 79 52 48 65 53 56 601 57 45 59 63
h216 2 73 48 63 88 611 69 61 65 831 144 682 722 1192 88 52 56 60 68 72 72 491 61 50 54 90 62 661 70 79 711 60 48 53 53 56 56 41 57 59 59
h217 2 69 69 71 71 651 73 61 65 75 79 641 681 72 87 601 481 56 60 80 76 53 45 62 58 94 741 661 462 79 59 56 60 61 61 56 64 57 57 59 63
h218 2 45 89 81 81 45 73 61 61 59 136 681 80 103 115 79 73 56 60 80 76 57 571 74 54 741 66 62 66 671 552 56 52 53 53 56 56 57 45 59 63
h219 2 45 69 63 59 651 69 61 65 75 1322 641 722 80 83 52 56 56 56 80 76 61 61 62 54 82 661 661 741 711 593 56 48 61 61 56 56 41 41 63 63
h220 2 73 65 79 71 65 57 61 69 71 67 72 68 1151 1112 52 61 60 72 80 88 57 571 70 54 82 86 62 58 671 711 56 56 57 65 56 601 41 57 63 63
h221 2 45 45 79 83 691 691 57 53 63 831 801 64 68 76 52 56 56 56 88 88 61 65 62 66 82 741 62 58 79 75 56 56 57 65 60 60 41 45 59 63
h222 2 45 77 63 63 65 80 65 73 67 831 801 601 72 1312 52 40 56 60 76 72 57 57 62 66 62 661 661 66 79 79 56 52 57 57 56 60 41 53 59 63
h223 2 45 41 63 51 731 611 61 61 71 71 801 681 1112 1391 40 56 56 56 80 76 53 61 54 54 54 82 581 66 672 75 56 48 57 53 56 641 41 41 63 63
h224 2 77 52 63 79 651 651 61 49 75 752 721 721 72 80 52 601 56 60 76 72 491 61 66 54 74 82 66 741 672 75 52 48 61 53 56 56 41 41 63 63
h225 2 69 41 79 71 651 731 61 65 63 79 681 722 76 76 52 56 60 64 92 72 53 57 54 54 82 82 58 462 751 593 56 48 57 61 56 56 41 57 59 63
h226 2 73 56 63 71 65 69 61 49 71 164 76 722 76 79 601 40 56 60 80 84 612 61 74 54 86 66 62 58 671 671 56 48 57 53 60 72 57 45 63 63
h227 2 73 49 83 104 651 651 61 69 67 164 801 76 68 76 40 681 56 68 80 76 53 57 58 66 62 741 701 701 79 75 56 60 57 61 56 64 41 45 63 63
h228 2 77 52 85 73 691 691 65 53 792 831 76 762 1151 1112 56 56 56 56 88 88 57 57 62 75 54 82 661 581 79 75 56 56 65 53 56 68 41 45 59 63
h229 2 52 52 63 89 65 77 65 53 71 671 681 681 76 712 601 441 56 56 76 84 53 571 62 66 86 741 70 701 79 75 56 48 61 61 56 60 53 45 63 63
h230 2 45 73 79 71 69 45 61 73 63 831 681 681 115 1272 52 602 56 56 80 80 491 53 62 70 74 781 58 621 671 672 56 48 61 61 56 56 41 45 59 63
h231 2 56 60 75 101 651 77 61 69 67 67 72 76 103 1271 56 481 56 56 80 88 57 571 62 66 90 741 501 741 79 711 56 56 61 53 56 601 57 45 59 63
h232 2 73 56 63 71 691 77 57 65 67 79 801 76 72 72 56 64 56 56 76 84 53 57 62 66 90 78 62 621 75 711 60 561 57 61 56 64 57 57 63 63
h233 2 69 52 73 81 691 691 53 53 671 831 76 721 103 131 52 601 60 64 88 84 612 61 66 79 70 62 661 701 711 552 56 56 61 53 56 64 41 57 63 63
h234 2 77 52 63 71 65 811 61 65 631 67 721 721 68 76 52 75 56 60 80 80 57 571 74 58 70 781 62 621 71 591 60 48 61 61 56 56 57 57 63 63
h235 2 56 52 81 97 691 771 61 69 71 67 722 843 115 1193 601 40 56 72 80 76 612 65 62 74 82 66 62 462 711 59 56 48 57 57 56 56 57 57 59 63
h236 2 69 41 67 67 651 611 61 61 79 59 681 80 76 1112 52 40 76 64 80 72 612 57 62 66 70 82 661 501 671 711 56 56 61 53 56 64 57 57 59 63
h237 2 69 49 63 81 65 69 61 65 71 63 72 682 68 1271 52 601 56 601 80 76 53 651 62 79 82 62 58 541 671 711 60 48 61 61 56 56 57 57 59 63
h238 2 69 52 71 711 65 691 61 49 63 144 722 721 76 76 601 601 60 72 76 76 53 651 62 54 70 82 661 621 71 79 56 60 61 61 56 56 57 45 59 59
h239 2 56 49 63 81 691 45 61 57 75 712 72 681 72 1192 40 56 56 60 76 84 45 61 62 70 94 54 661 70 79 79 56 60 61 61 56 60 41 57 63 63
h240 2 56 41 71 59 691 73 61 53 75 67 682 68 1231 1351 601 56 60 64 80 84 57 57 58 66 82 62 62 70 671 711 56 60 53 53 56 60 41 57 59 63
h241 2 45 73 63 73 691 691 61 53 71 67 76 722 119 87 52 40 60 68 80 76 53 45 62 54 54 62 661 66 71 79 60 48 57 53 56 60 57 53 63 63
h242 2 41 52 69 51 731 69 61 73 67 63 72 762 76 60 72 56 56 72 80 76 53 61 62 66 54 82 621 78 672 79 56 48 57 65 56 601 41 57 63 63
h243 2 73 65 93 69 65 771 61 49 75 63 801 76 72 1151 52 79 56 60 88 84 53 57 70 54 66 781 70 541 79 711 56 48 61 61 56 56 41 45 59 63
h244 2 56 65 71 81 69 73 61 61 75 63 681 80 83 712 52 40 56 56 80 76 53 57 66 54 78 62 661 70 672 711 56 52 57 65 56 56 53 53 63 63
h245 2 73 56 79 67 65 69 61 57 71 67 681 80 139 135 601 72 60 64 80 80 61 61 62 66 74 54 661 501 79 75 48 48 61 61 601 601 41 41 59 63
h246 2 73 60 77 67 731 69 61 65 67 833 681 84 76 135 56 56 56 56 80 80 57 61 58 66 82 741 62 661 79 711 56 561 57 61 56 56 41 57 63 63
h247 2 56 41 59 100 65 65 61 57 79 792 72 801 72 68 52 601 60 641 80 76 53 57 62 66 82 90 661 70 672 552 56 56 61 53 56 56 45 45 63 63
h248 2 77 41 55 100 65 69 65 69 67 752 681 722 115 1391 52 601 56 64 88 84 45 61 54 54 62 741 461 58 671 75 56 56 61 61 56 56 41 45 59 63
h249 2 45 49 71 43 77 73 61 53 75 792 72 762 68 76 52 64 56 60 92 76 57 57 62 58 86 86 62 621 79 711 56 48 57 61 64 64 57 53 59 59
h250 2 41 81 63 63 65 65 61 61 75 712 762 881 1192 1112 52 52 56 76 80 72 53 57 62 54 74 54 70 541 71 79 56 48 61 61 56 60 53 45 63 63
h251 2 73 56 63 71 65 651 57 69 71 67 681 762 72 68 52 61 56 72 88 72 53 61 58 66 82 66 701 66 79 591 56 56 61 61 56 56 41 53 63 63
h252 2 45 41 63 85 65 731 61 57 75 75 682 681 72 1312 601 441 56 641 92 88 53 61 62 62 78 66 661 70 75 63 56 60 57 61 56 601 41 53 63 63
h253 2 45 45 71 67 731 811 61 53 67 67 682 84 752 87 601 64 56 60 80 72 57 57 70 54 90 66 62 66 671 79 56 48 57 61 601 601 57 57 59 63
h254 2 45 45 75 81 65 651 57 65 75 71 681 681 68 1112 52 75 56 56 80 80 53 57 62 70 62 66 541 541 79 711 56 56 57 61 56 56 41 41 63 63
h255 2 77 52 81 43 65 811 61 49 79 712 681 76 1391 1312 40 64 56 60 76 76 53 61 54 54 70 102 62 50 711 711 56 52 61 53 56 56 41 57 63 63
h256 2 73 41 73 77 651 651 57 57 75 631 681 80 76 115 56 61 56 68 76 84 491 57 74 78 62 741 62 62 71 75 56 48 57 61 56 68 41 45 63 67
h257 2 45 77 71 71 651 49 61 53 71 63 72 762 72 76 52 52 60 60 80 80 57 45 62 70 74 90 701 58 79 59 56 48 61 53 56 60 41 57 59 59
h258 2 73 77 79 81 65 77 61 73 75 831 76 80 68 1231 601 73 60 601 92 76 53 57 50 54 86 781 461 70 79 711 52 48 57 61 56 60 41 45 63 63
h259 2 69 48 67 59 65 69 53 53 67 833 681 722 72 1271 52 40 56 64 80 76 61 651 66 70 62 741 701 58 751 71 56 56 61 61 56 68 57 57 63 63
h260 2 41 52 77 67 611 611 61 61 75 63 641 762 64 1112 61 71 60 64 76 84 61 531 62 58 78 62 62 581 672 75 56 56 57 61 56 56 53 45 59 59
h261 2 77 60 63 43 691 491 61 57 75 67 80 721 68 80 52 56 56 68 80 76 612 65 62 75 70 90 661 66 79 79 56 56 61 65 56 601 41 41 63 63
h262 2 45 69 63 71 691 89 61 53 75 71 72 682 72 88 61 65 56 56 80 88 491 53 62 66 82 82 58 621 671 552 56 56 57 61 56 56 41 41 63 63
h263 2 73 65 71 1121 651 771 61 65 75 67 722 84 76 712 52 28 56 64 88 84 57 57 62 74 86 78 62 661 71 59 60 60 53 53 56 56 41 53 63 63
h264 2 45 41 63 85 65 65 61 69 75 67 682 722 72 1071 52 65 56 60 76 72 57 571 54 54 82 86 70 66 671 71 56 48 57 57 56 601 41 57 63 63
h265 2 73 73 55 100 651 69 57 73 75 1401 681 721 1112 1391 52 56 60 64 92 76 53 57 66 75 82 82 661 501 672 75 56 56 57 65 60 64 41 41 63 67
h266 2 73 41 63 63 651 691 61 61 79 59 76 80 64 79 75 73 56 56 80 84 53 57 58 54 82 66 66 621 79 75 56 48 57 61 56 56 41 57 63 63
h267 2 48 60 67 81 611 53 61 57 75 792 801 76 68 119 601 57 72 68 80 80 61 69 70 54 741 58 661 66 672 75 56 56 57 61 56 601 57 611 59 63
h268 2 45 52 77 97 651 691 61 69 67 59 641 801 79 87 28 36 56 56 80 72 53 61 58 54 82 66 701 541 75 712 56 56 61 61 56 56 57 53 59 63
h269 2 77 49 63 73 811 69 61 53 631 67 722 843 64 752 52 40 60 601 76 88 53 612 62 62 86 62 661 58 671 552 56 48 61 65 56 601 57 57 63 63
h270 2 77 52 71 67 65 73 61 61 75 752 76 722 72 76 52 56 60 52 80 76 57 61 58 66 82 86 70 58 671 792 56 52 57 53 56 56 41 57 59 63
h271 2 77 41 69 88 731 89 61 61 79 79 76 762 72 1191 56 57 56 64 76 88 53 61 62 54 82 86 82 661 711 59 56 48 53 53 56 56 41 45 59 63
h272 2 69 41 85 88 731 69 57 65 79 59 76 722 76 155 601 56 56 56 80 72 53 53 74 66 70 82 62 621 79 79 56 48 57 61 56 56 41 37 59 63
h273 2 45 73 77 67 611 69 61 65 75 631 72 722 115 87 28 441 56 60 84 72 57 61 74 70 82 58 501 58 671 711 56 56 61 65 601 64 41 45 59 67
h274 2 56 41 67 55 69 571 65 65 71 67 72 84 68 68 56 36 56 68 76 84 57 57 62 66 70 90 581 58 79 833 56 60 57 57 56 56 41 45 63 63
h275 2 56 41 71 81 651 651 61 57 631 79 681 681 68 752 52 56 56 60 80 76 57 57 62 54 82 741 58 621 79 79 56 52 61 53 56 64 41 37 63 63
h276 2 45 52 63 80 651 651 61 61 63 752 681 722 76 1272 64 64 56 56 76 72 57 65 66 66 70 74 661 741 75 75 56 56 61 61 56 56 41 53 63 63
h277 2 69 41 75 81 65 651 61 73 71 752 72 76 115 1231 52 57 64 68 92 88 57 57 50 66 82 82 661 701 71 833 56 60 57 61 56 60 41 57 63 63
h278 2 73 41 71 93 651 691 57 53 631 63 72 721 68 76 52 79 56 60 92 84 61 651 62 58 82 86 581 621 672 75 56 56 65 53 56 56 45 45 59 63
h279 2 77 41 63 77 691 771 61 61 792 831 681 76 87 137 52 40 60 64 92 72 57 571 66 66 94 78 501 78 672 672 60 52 57 61 56 72 41 57 63 63
h280 2 56 41 63 77 691 53 61 69 712 144 681 80 68 76 52 441 56 72 80 80 53 61 66 66 90 741 62 541 67 552 56 48 61 53 56 56 41 45 63 63
h281 2 45 73 63 81 651 73 61 49 75 67 762 762 80 79 601 56 56 60 80 84 61 61 58 66 82 66 58 541 672 711 56 56 57 61 56 60 41 45 63 63
h282 2 41 41 85 77 691 61 61 61 71 67 801 80 143 79 52 61 56 56 76 72 53 69 58 66 82 661 62 63 79 75 56 60 57 61 56 60 41 57 63 63
h283 2 52 52 93 1121 651 731 57 65 792 792 682 801 83 1113 56 57 56 56 92 84 53 61 74 58 82 58 62 66 671 711 56 52 61 61 56 64 57 57 63 63
h284 2 52 84 63 81 691 69 61 61 71 712 801 80 80 1432 56 681 56 56 76 88 612 45 62 66 82 90 501 66 672 79 56 56 61 65 56 56 57 57 59 63
h285 2 45 73 79 67 651 73 57 57 71 67 801 681 83 87 52 56 56 601 76 64 57 57 62 54 74 62 701 66 71 711 56 60 65 53 56 601 41 57 59 63
h286 2 45 49 73 81 731 69 61 65 59 164 682 762 1151 1431 52 40 56 64 80 72 491 53 62 66 66 66 661 78 671 79 56 48 65 65 56 60 53 53 59 63
h287 2 69 73 63 85 65 651 61 57 71 63 641 681 64 87 52 52 56 48 80 88 571 65 62 62 82 781 661 66 751 79 52 48 61 61 56 601 41 53 63 63
h288 2 45 56 63 73 69 77 61 61 71 67 641 681 68 1391 52 61 56 56 80 84 53 61 50 54 82 66 58 58 79 59 56 56 57 53 56 56 41 57 63 63
h289 2 69 77 73 75 651 731 61 61 71 752 682 681 76 76 52 52 56 601 76 76 53 61 58 75 82 781 62 461 671 672 56 56 61 53 56 601 41 53 63 63
h290 2 77 41 63 63 69 69 61 61 71 752 76 722 131 1431 61 441 60 48 76 76 53 57 66 54 94 82 62 58 671 79 56 56 61 61 56 56 41 41 63 67
h291 2 45 73 77 59 651 731 61 61 63 63 76 722 87 1152 64 28 56 60 84 72 53 45 66 66 66 66 661 501 672 75 48 48 65 65 56 68 41 45 63 63
h292 2 73 84 63 85 651 53 61 61 671 712 681 76 72 76 52 65 56 64 80 92 491 61 62 66 66 98 62 621 672 75 56 56 57 61 56 56 41 41 59 63
h293 2 45 52 75 43 69 85 69 69 67 792 681 76 103 1311 52 64 56 76 80 76 53 53 62 66 70 98 66 58 79 552 56 48 61 53 56 56 41 57 59 63
h294 2 45 41 67 97 65 691 61 53 67 67 722 762 72 87 40 79 56 56 80 88 53 57 50 58 70 66 701 58 672 672 56 56 57 61 60 64 41 57 59 63
h295 2 73 56 63 59 651 611 65 53 631 136 681 681 64 87 601 481 60 72 80 76 491 69 66 75 82 62 701 66 671 711 52 48 61 65 56 60 41 53 59 63
h296 2 69 56 63 75 73 531 61 61 75 67 681 762 72 103 601 441 60 60 76 88 53 65 58 54 82 98 70 67 671 711 56 56 57 61 56 601 53 45 63 63
h297 2 41 52 85 71 611 69 61 53 79 752 681 76 83 1431 52 52 56 56 72 72 53 57 66 70 82 90 62 62 79 79 56 56 57 61 56 56 41 57 63 63
h298 2 56 60 63 85 651 651 61 57 75 67 72 762 79 87 52 52 60 64 76 76 53 53 66 54 54 78 661 661 79 79 56 56 61 53 56 56 41 41 63 63
h299 2 73 48 75 83 691 73 61 65 752 752 641 801 123 1111 52 601 56 56 76 84 491 57 62 66 82 66 701 58 671 71 56 56 61 53 56 64 57 57 59 63
h300 2 45 41 67 84 651 69 57 65 79 792 681 681 155 1271 52 75 56 56 84 72 53 61 66 66 701 78 70 581 711 591 56 48 57 53 56 601 41 57 63 63
h301 2 41 52 81 88 691 69 61 61 71 631 681 721 72 76 61 36 64 72 92 84 53 57 58 58 82 86 661 66 71 79 56 60 61 61 56 56 41 57 63 63
h302 2 73 41 63 100 53 85 61 73 792 59 722 80 72 135 601 601 64 64 88 72 53 53 66 66 82 82 58 621 75 711 56 48 61 61 601 60 41 45 59 63
h303 2 45 73 71 81 691 49 61 69 71 712 76 762 72 80 52 40 60 72 80 88 491 57 62 70 66 66 661 66 79 711 56 56 57 61 56 60 41 41 63 63
h304 2 73 52 85 88 811 45 61 61 63 712 722 84 1112 87 52 52 56 68 76 72 491 53 58 54 82 62 66 741 75 552 56 56 61 61 56 56 41 41 63 63
h305 2 41 41 73 67 651 73 57 73 75 148 682 681 72 68 52 40 64 72 80 76 612 57 62 62 86 741 58 50 672 75 56 52 61 61 56 56 41 41 63 63
h306 2 73 48 75 81 731 771 61 53 71 136 681 762 103 103 52 52 56 56 80 72 45 69 62 62 54 82 70 66 79 711 56 56 61 53 56 56 57 37 59 59
h307 2 77 77 75 81 65 85 61 61 67 712 682 722 72 712 52 75 64 64 76 76 53 57 66 70 94 90 461 66 671 75 56 48 61 53 56 68 41 53 59 63
h308 2 73 41 63 71 69 69 61 65 631 712 681 80 72 76 601 40 56 64 88 72 57 651 66 78 82 82 701 741 711 711 52 48 57 61 60 64 41 45 63 63
h309 2 73 73 63 71 65 611 61 61 67 712 641 681 1193 1312 40 441 64 64 80 72 57 45 74 54 661 102 581 63 79 75 56 48 57 57 56 601 41 57 63 67
h310 2 77 52 67 104 691 531 61 69 67 752 681 84 68 1111 601 72 56 72 80 80 57 61 74 66 82 661 661 781 672 79 56 52 57 65 56 601 41 57 63 63
h311 2 41 49 55 69 731 89 65 49 67 752 80 721 80 76 601 40 56 56 80 76 57 691 62 66 70 82 62 58 672 79 56 56 61 61 56 68 41 57 63 63
h312 2 69 41 85 81 731 771 57 65 63 1401 801 681 76 1591 56 61 56 60 80 88 491 53 62 75 94 661 701 541 79 79 56 60 57 61 60 64 57 45 63 63
h313 2 41 52 63 43 65 771 61 57 631 752 681 76 68 123 52 56 56 641 88 84 491 53 58 70 82 86 741 58 671 591 56 60 57 65 56 56 57 53 63 63
h314 2 56 65 81 81 691 89 69 69 75 67 801 76 76 76 52 52 64 601 76 84 53 37 58 54 82 82 741 541 71 711 60 52 57 61 56 601 41 57 59 63
h315 2 69 41 85 71 53 73 61 61 71 631 681 722 72 72 28 441 56 72 76 76 53 651 66 54 82 82 621 462 751 71 56 48 65 53 56 56 57 45 59 63
h316 2 73 77 81 89 651 771 57 65 75 71 682 762 72 76 601 72 56 68 76 72 491 53 62 62 70 82 701 58 672 711 56 48 57 57 56 56 41 57 63 63
h317 2 45 69 75 89 651 651 65 69 63 79 641 76 115 79 52 52 56 60 80 88 57 57 66 54 82 66 701 541 79 593 56 48 57 61 56 56 57 45 63 63
h318 2 41 52 71 88 65 651 61 61 75 75 681 722 68 151 601 65 56 68 76 88 61 531 62 62 90 141 581 701 672 63 56 60 57 61 60 60 57 53 63 63
h319 2 77 52 77 100 611 652 61 61 671 712 72 601 72 151 52 52 60 72 88 72 57 61 74 54 78 661 661 66 672 593 60 60 61 65 56 56 41 57 63 63
h320 2 69 41 71 67 691 691 61 65 671 752 72 72 131 131 52 72 56 64 80 72 491 57 62 58 94 74 62 58 79 711 56 52 57 61 56 64 41 57 59 63
h321 2 73 73 71 77 651 49 57 57 75 831 641 80 68 76 52 52 56 60 76 88 491 65 62 54 94 78 661 58 671 79 56 60 57 53 56 601 41 57 63 63
h322 2 77 81 63 83 691 731 65 49 71 752 722 881 76 76 52 40 60 72 80 76 57 69 70 54 66 102 58 781 672 79 56 56 57 53 56 56 41 41 59 63
h323 2 45 81 63 67 691 491 57 49 79 752 72 84 72 72 52 40 56 64 76 72 491 61 62 66 82 90 622 66 79 593 56 60 61 61 56 56 41 41 63 63
h324 2 45 84 73 67 691 69 57 69 71 67 76 762 64 80 52 40 60 601 80 92 491 53 62 70 78 62 66 66 671 79 56 48 65 53 56 60 45 45 63 63
h325 2 69 73 81 51 611 491 65 69 71 79 641 80 80 1472 56 681 56 60 80 92 53 61 58 66 86 98 581 621 671 552 56 56 57 53 56 56 53 45 59 63
h326 2 73 89 71 83 65 49 61 69 63 63 681 721 1231 88 52 52 60 72 76 88 57 61 62 58 82 141 541 621 79 711 60 48 57 53 56 601 57 611 63 63
h327 2 73 77 63 63 65 651 61 61 631 67 681 84 72 87 601 56 60 64 80 84 57 61 62 62 82 82 661 661 79 711 56 56 61 61 56 60 57 45 63 63
h328 2 52 49 71 81 651 57 61 57 63 792 722 762 76 76 481 61 60 64 80 76 53 65 74 58 54 82 62 62 79 711 56 60 57 53 56 56 41 57 63 63
h329 2 45 73 83 101 771 73 61 65 71 63 76 722 72 131 52 52 60 72 76 72 491 53 66 54 66 661 66 58 552 593 56 56 57 61 56 64 41 57 63 63
h330 2 45 77 71 83 651 691 61 65 71 148 72 681 68 80 40 40 56 64 80 84 612 57 62 62 74 78 62 66 791 591 56 56 61 53 56 601 41 57 59 63
h331 2 77 41 85 88 651 73 61 61 79 792 641 76 1193 155 52 52 60 761 80 76 57 57 66 75 54 66 541 67 79 79 56 56 61 61 601 60 41 45 63 63
h332 2 45 41 85 71 69 49 57 73 671 872 641 722 64 68 56 28 56 56 72 72 57 61 70 54 74 82 66 621 751 711 56 52 61 53 56 56 57 45 59 63
h333 2 45 69 83 101 61 69 57 69 164 144 801 721 76 1112 40 56 56 60 88 84 53 57 58 70 70 70 701 66 672 711 56 48 57 61 56 56 57 45 63 63
h334 2 41 41 71 59 651 691 57 69 75 67 641 722 64 68 52 52 56 56 80 88 57 45 66 70 82 86 661 621 751 552 56 56 53 53 56 60 57 57 63 63
h335 2 45 56 71 67 691 731 61 53 71 752 641 76 72 119 52 52 56 56 84 72 61 69 74 75 86 86 661 581 79 75 56 56 61 53 56 56 41 41 59 63
h336 2 73 77 85 89 651 73 57 65 67 79 801 721 76 119 56 56 56 64 80 84 57 65 58 66 82 78 62 701 672 71 56 48 57 53 56 601 57 53 63 63
h337 2 41 61 71 711 69 693 61 65 831 752 72 721 1431 1271 52 64 60 60 84 72 53 53 62 66 741 66 701 621 791 552 56 52 57 53 56 601 41 57 63 63
h338 2 45 41 100 89 611 771 61 61 71 63 72 76 64 1112 52 71 56 64 80 84 612 61 58 66 82 66 66 66 751 75 56 56 65 53 56 68 57 57 63 63
h339 2 73 77 63 67 651 651 61 53 75 631 80 762 103 137 52 40 56 72 76 88 53 57 66 70 82 62 70 58 672 71 56 56 61 65 56 56 57 53 63 63
h340 2 41 41 85 71 691 691 57 65 75 831 681 762 72 712 52 61 48 68 72 72 57 651 74 70 74 78 62 66 751 711 56 56 57 61 56 56 41 57 63 63
h341 2 56 41 71 77 65 691 57 49 792 792 72 84 72 76 72 71 56 64 80 80 57 61 66 66 90 78 661 66 671 79 56 60 57 61 56 601 41 45 63 67
h342 2 73 77 73 71 69 89 57 53 63 63 641 76 64 1431 52 52 64 64 80 92 53 57 74 66 82 78 661 541 79 79 56 48 57 61 56 64 41 53 63 63
h343 2 69 49 63 71 651 611 61 65 792 55 682 722 72 68 52 40 56 60 80 84 491 57 66 70 62 66 661 621 672 67 60 52 57 61 56 56 41 57 63 63
h344 2 73 52 63 67 651 651 61 61 71 79 801 722 80 76 52 481 64 601 92 72 491 53 62 58 82 86 62 58 671 79 60 60 57 53 60 68 41 45 63 63
h345 2 56 56 71 71 611 69 53 69 79 79 641 762 115 1191 52 40 56 60 80 72 491 61 66 70 54 82 741 541 672 75 56 56 61 65 64 64 41 45 63 63
h346 2 45 52 79 81 49 73 61 57 67 63 76 762 80 115 40 40 56 64 76 72 57 61 62 54 82 66 70 58 79 833 52 48 61 61 56 601 41 45 63 63
h347 2 45 52 71 81 651 69 65 65 75 59 681 84 1431 1591 481 681 56 681 76 84 53 37 62 62 82 82 621 621 671 79 56 52 61 65 56 601 41 53 63 63
h348 2 69 49 63 84 69 73 61 69 71 63 641 721 143 1193 40 481 56 72 80 72 612 571 66 54 90 78 541 50 751 791 56 56 57 57 56 60 41 57 63 63
h349 2 73 73 67 67 651 731 61 61 79 136 801 722 752 121 52 601 56 60 88 72 57 65 66 54 82 66 661 701 79 631 56 60 61 53 56 56 41 57 59 63
h350 2 45 60 85 92 65 69 61 65 67 63 801 681 68 1313 601 72 60 64 88 84 57 61 62 58 74 66 701 621 671 79 60 60 57 61 56 64 41 53 63 63
h351 2 69 65 71 101 69 73 53 69 75 79 76 762 1431 155 64 64 60 721 88 84 491 651 62 70 70 86 62 70 671 79 56 60 57 65 56 601 41 45 63 63
h352 2 73 49 63 63 65 651 61 49 71 631 722 68 68 127 601 64 56 72 80 80 53 57 58 54 54 86 741 54 75 67 60 48 61 53 56 56 57 45 63 63
h353 2 45 73 63 75 49 73 57 53 79 712 681 84 72 131 52 52 60 60 80 76 53 57 62 79 82 86 541 50 79 833 56 48 53 53 56 601 41 41 63 63
h354 2 73 48 63 81 651 651 61 53 67 63 76 80 72 752 52 441 56 64 80 72 61 61 62 54 82 66 701 67 671 75 56 52 61 53 60 64 53 53 63 63
h355 2 73 73 63 67 691 731 61 69 71 59 682 722 68 127 481 61 56 60 76 64 491 45 66 70 82 78 58 541 671 79 56 60 57 61 56 64 57 53 63 63
h356 2 41 49 71 89 691 691 61 69 71 671 722 721 76 1431 52 52 56 64 76 72 57 571 62 74 82 82 66 66 671 79 56 56 61 53 56 56 41 53 59 67
h357 2 69 73 73 75 65 691 61 57 67 752 72 76 68 151 52 56 56 72 80 76 53 53 62 66 74 90 66 58 671 792 48 48 61 53 56 56 53 53 63 63
h358 2 52 49 71 69 731 73 61 65 752 712 681 84 68 1351 601 28 56 64 80 80 491 53 58 66 86 86 661 621 79 792 56 60 61 61 56 60 41 57 63 63
h359 2 45 73 85 71 651 651 65 49 67 831 80 721 68 1111 64 79 56 60 92 76 61 651 58 54 82 66 62 661 672 711 56 56 61 65 601 641 57 53 59 63
h360 2 60 61 79 71 651 49 57 69 792 164 76 76 103 1431 52 481 56 64 84 72 491 57 58 66 94 74 58 621 79 75 60 60 65 53 56 68 37 45 63 67
h361 2 45 48 63 63 651 49 61 57 671 59 721 84 64 68 40 64 60 601 80 72 491 57 62 58 70 74 581 621 671 79 56 561 61 65 601 64 41 57 63 63
h362 2 41 41 63 100 691 811 61 65 63 63 681 722 80 1431 56 61 56 72 80 88 491 53 62 62 82 86 541 621 71 79 60 48 57 61 56 56 41 37 59 63
h363 2 73 77 73 51 651 89 61 61 75 63 72 721 115 1272 52 56 56 641 76 72 53 61 54 54 98 781 661 66 79 75 56 48 61 53 56 601 57 57 63 63
h364 2 73 41 63 79 651 731 61 61 67 671 72 722 64 139 72 481 60 641 80 76 57 61 62 75 94 141 701 66 711 712 56 52 65 53 56 601 41 41 63 63
h365 2 41 52 81 69 691 69 61 57 71 671 72 84 72 76 52 64 56 56 80 76 491 651 62 66 86 98 581 66 79 711 56 56 53 53 56 64 41 53 59 63
h366 2 45 73 71 71 651 69 61 53 71 79 681 762 752 1391 40 56 56 60 80 92 57 45 74 66 74 82 70 741 671 591 60 48 57 53 56 601 57 57 63 63
h367 2 41 52 63 71 691 693 61 61 71 63 72 681 115 83 40 56 60 64 80 80 57 57 66 75 70 741 581 58 751 711 56 56 61 61 56 60 57 45 63 63
h368 2 45 77 75 81 611 771 61 61 631 63 641 721 68 1191 40 56 60 60 80 76 53 57 62 66 66 66 62 58 79 552 48 48 61 53 56 641 57 45 59 63
h369 2 41 41 63 89 651 49 61 61 71 792 72 722 76 1311 52 601 56 56 80 76 57 65 66 66 82 86 82 541 671 672 56 56 61 65 56 56 41 53 59 59
h370 2 65 41 73 55 69 49 61 69 75 1402 72 722 72 72 56 64 60 64 80 84 53 57 62 54 62 66 581 621 79 63 60 52 61 53 56 56 41 45 63 63
h371 2 56 41 63 71 651 652 61 57 79 831 722 762 68 1193 56 441 56 64 80 84 57 651 62 62 82 661 62 701 672 711 56 56 61 61 56 60 41 57 63 63
h372 2 45 52 79 59 651 651 61 65 71 67 76 722 68 131 52 681 60 721 76 76 57 57 66 54 90 66 62 741 672 79 60 60 61 65 56 60 53 53 59 63
h373 2 73 41 51 89 651 691 61 61 67 831 681 80 64 1151 601 61 56 76 92 76 57 571 62 66 74 86 70 621 79 79 56 56 61 53 56 56 41 57 59 63
h374 2 45 56 63 67 651 491 61 69 671 671 641 761 72 79 52 52 56 52 80 72 57 61 62 66 82 66 501 66 672 63 56 48 57 61 56 56 41 57 59 63
h375 2 45 73 63 55 69 771 65 65 71 79 72 722 76 155 52 56 72 761 80 80 57 69 66 66 82 82 701 66 671 79 56 52 57 65 56 68 41 57 63 63
h376 2 77 52 85 75 611 89 61 61 75 63 681 721 76 76 601 481 56 56 84 72 53 57 62 54 94 66 62 661 671 792 60 48 61 61 56 60 41 57 63 63
h377 2 73 77 55 55 65 771 65 65 75 712 722 722 76 1152 52 64 56 60 80 80 57 57 62 70 70 82 661 541 79 552 60 48 61 53 56 64 41 57 63 63
h378 2 73 41 63 73 691 811 61 61 75 71 722 721 64 115 52 601 56 56 80 76 53 651 58 54 82 66 66 58 79 75 56 56 61 53 56 68 41 41 63 63
h379 2 73 77 79 59 651 691 61 65 71 79 681 681 72 80 441 36 56 56 92 84 57 61 62 54 86 86 661 70 79 711 56 60 57 53 56 601 41 37 59 63
h380 2 73 77 63 71 651 73 61 69 71 79 72 72 68 88 52 65 56 56 80 80 53 57 66 70 82 66 58 621 672 79 56 56 61 61 56 56 41 57 63 63
h381 2 69 41 71 55 691 77 61 65 631 67 762 762 115 1431 52 56 56 60 76 72 53 571 62 54 78 62 66 741 79 75 60 48 61 65 56 64 41 53 59 63
h382 2 77 52 71 88 651 611 61 65 792 792 681 721 80 87 52 40 56 601 80 80 53 61 70 54 86 58 62 621 671 672 56 60 61 53 56 56 41 53 63 63
h383 2 52 60 81 81 691 69 61 57 79 671 72 682 64 76 52 52 60 60 80 88 491 491 62 75 54 66 62 581 79 79 56 52 57 61 56 56 53 45 63 63
h384 2 45 41 81 51 69 69 61 65 71 752 641 64 72 1391 40 65 56 56 80 84 612 61 62 66 70 62 70 621 79 79 48 48 61 61 56 56 57 57 59 63
h385 2 41 41 63 89 691 49 65 69 71 1402 722 84 76 1391 601 481 56 56 80 76 57 57 62 66 94 66 661 541 79 79 56 60 57 61 56 64 41 45 63 63
h386 2 77 65 67 81 651 691 61 65 71 752 681 76 80 1111 56 61 60 64 76 84 491 53 70 70 82 90 501 541 79 711 56 52 61 61 56 56 41 45 63 63
h387 2 73 41 63 67 651 811 61 69 71 671 72 76 76 1312 40 61 76 72 84 84 57 571 70 70 661 98 62 58 711 593 56 56 61 65 56 56 41 53 59 59
h388 2 49 60 93 100 691 53 61 65 671 59 681 762 64 1271 601 56 56 56 80 80 491 53 66 54 74 86 701 66 79 552 56 60 57 57 56 60 41 531 63 63
h389 2 45 69 63 79 731 89 57 57 712 164 722 722 72 1431 52 52 56 64 80 80 61 61 62 62 741 66 661 541 79 75 56 56 57 61 601 60 41 57 63 63
h390 2 69 56 81 81 651 77 57 69 71 63 801 762 72 79 601 71 56 60 88 84 61 69 58 66 82 82 66 621 75 711 56 56 61 61 56 68 41 41 63 63
h391 2 52 52 69 711 651 69 61 61 792 831 641 681 72 87 52 601 56 72 80 72 57 57 62 66 94 74 661 58 79 552 56 56 61 53 56 64 41 41 63 63
h392 2 73 56 85 77 69 771 61 57 71 71 681 68 72 72 56 64 60 64 76 72 53 571 70 54 70 74 62 67 672 711 60 48 61 65 56 56 41 53 59 63
h393 2 69 77 63 79 691 69 65 53 63 792 72 721 72 64 52 72 60 64 76 76 57 65 58 54 74 661 58 621 671 59 56 56 61 53 56 72 41 41 63 63
h394 2 77 49 71 100 49 49 57 57 75 55 72 76 76 1112 40 80 64 72 76 76 53 61 66 54 74 82 62 541 71 552 56 56 57 53 601 64 41 45 63 63
h395 2 56 56 63 89 651 73 61 57 75 71 76 84 72 87 56 56 56 56 80 88 53 57 66 70 78 62 58 781 672 751 56 60 61 61 56 56 41 53 59 63
h396 2 41 48 73 71 65 65 57 65 71 67 641 64 64 87 52 56 56 60 80 76 61 61 74 58 74 78 62 70 671 59 56 48 61 53 56 56 57 57 63 63
h397 2 73 73 55 81 611 69 57 65 71 144 76 722 155 1071 601 441 56 56 80 72 491 61 66 70 741 98 661 741 79 63 56 48 61 53 56 601 41 53 59 63
h398 2 73 77 63 85 651 651 61 65 63 79 681 76 115 1431 52 601 56 60 80 72 53 651 62 70 90 86 70 50 79 75 56 60 57 57 56 56 53 53 59 63
h399 2 45 41 77 83 49 80 65 65 75 63 722 722 72 87 601 40 56 60 80 72 57 61 62 66 82 82 70 541 672 71 56 56 61 53 56 601 41 57 63 63
h400 2 69 52 63 81 65 49 61 69 63 671 762 64 121 88 61 64 56 60 80 84 53 61 66 70 741 66 62 781 671 75 56 56 57 53 56 56 57 53 63 63
h001 3 45 52 79 75 651 691 57 65 67 67 722 722 72 1271 56 681 60 64 80 88 491 61 62 54 66 141 62 781 79 79 56 48 61 61 56 56 57 45 59 63
h002 3 69 41 73 55 65 771 57 69 631 79 681 80 76 1472 52 441 72 72 80 76 53 53 62 70 70 82 54 50 672 79 60 48 65 53 601 601 41 57 63 63
h003 3 52 60 71 71 61 771 61 61 63 79 76 761 64 103 52 72 60 641 80 76 45 45 74 58 82 90 701 541 672 791 60 60 57 53 56 601 41 53 63 55
h004 3 69 41 55 81 61 811 57 53 71 631 72 76 72 1391 52 72 56 60 80 76 612 571 62 62 74 86 62 58 671 711 56 60 61 65 56 60 57 611 59 63
h005 3 45 73 73 83 69 73 57 65 71 67 72 76 80 87 52 481 56 52 80 72 53 61 62 62 86 58 581 67 79 79 60 48 61 61 56 56 57 45 59 63
h006 3 73 52 71 55 65 691 61 61 71 67 681 722 72 1311 52 52 56 56 80 84 53 57 62 74 82 66 461 581 79 75 60 52 61 53 56 601 41 49 63 63
h007 3 45 81 85 67 651 691 57 65 71 631 72 761 1151 1431 56 56 64 64 76 88 491 61 74 46 62 741 701 46 79 711 60 48 65 53 56 641 41 57 59 63
h008 3 45 45 75 55 65 731 61 61 71 671 722 722 64 68 56 71 56 64 76 72 53 57 62 79 70 82 70 701 671 711 56 52 57 65 56 64 41 49 63 63
h009 3 69 41 63 81 65 691 57 57 71 792 681 64 72 1272 52 52 60 641 76 88 53 57 62 74 86 66 82 54 79 75 56 52 57 61 56 56 57 57 63 55
h010 3 69 41 73 55 691 811 69 69 67 136 681 84 1231 121 52 56 56 56 84 84 57 651 62 54 82 741 581 701 79 711 60 60 61 65 56 56 41 41 59 59
h011 3 73 77 81 89 811 73 61 49 67 792 681 722 72 1431 40 64 56 56 88 84 612 57 50 70 82 78 58 54 79 79 56 48 61 53 56 60 57 57 63 63
h012 3 77 44 75 59 69 77 57 57 75 71 80 721 1112 1311 40 67 56 641 80 72 53 61 74 66 94 66 62 541 79 79 56 56 61 65 56 60 41 612 63 63
h013 3 41 68 63 67 65 53 61 69 67 792 681 681 68 123 52 56 56 56 80 80 53 53 62 46 70 741 661 541 672 79 56 60 61 61 56 60 53 45 63 63
h014 3 45 45 55 51 731 771 61 61 63 752 722 80 68 1272 52 56 56 52 80 76 57 57 62 75 70 86 62 58 79 75 56 56 61 53 56 56 41 491 59 63
h015 3 73 73 63 85 651 49 57 65 71 712 681 721 72 68 52 601 56 56 80 76 57 57 66 75 98 781 661 58 79 552 52 48 65 65 56 60 57 49 59 63
h016 3 41 60 85 81 691 731 65 73 792 831 72 721 68 115 52 601 60 64 76 72 53 57 58 66 74 82 541 54 79 593 56 60 57 61 56 60 41 41 59 63
h017 3 41 49 73 73 651 49 61 57 71 712 681 64 79 119 52 28 60 64 80 80 57 61 70 54 70 82 661 66 671 711 56 48 61 53 56 56 41 61 63 63
h018 3 45 69 67 81 651 611 49 45 71 63 801 76 72 76 52 52 60 641 80 76 57 571 58 46 70 66 62 621 672 79 56 56 57 61 60 64 45 49 59 63
h019 3 77 52 55 81 651 73 61 65 71 119 84 84 72 68 64 48 56 68 80 80 53 65 62 62 70 82 62 42 79 711 56 52 57 61 56 52 57 45 59 63
h020 3 45 60 63 71 691 652 61 57 71 63 682 681 72 76 601 40 56 72 76 84 57 45 66 54 94 66 701 701 79 75 56 60 57 53 56 56 57 53 63 63
h021 3 65 52 63 75 651 691 61 65 75 63 641 72 68 155 40 481 60 60 88 72 53 45 62 58 82 82 501 741 672 79 56 56 61 61 56 68 41 53 63 63
h022 3 77 41 67 104 77 771 61 57 75 831 80 68 123 1591 52 56 60 64 80 72 53 57 66 70 86 66 581 66 71 59 60 64 61 61 60 64 41 57 63 67
h023 3 56 41 85 77 651 691 61 61 71 63 681 84 68 139 52 681 56 641 76 84 57 57 62 62 82 66 58 58 671 79 56 52 61 61 56 64 41 57 63 671
h024 3 77 77 63 51 731 771 61 57 67 792 76 721 64 80 52 61 56 72 88 72 45 61 66 70 70 66 62 701 79 79 60 48 65 53 56 60 41 53 63 63
h025 3 69 44 63 63 651 93 61 53 71 164 682 681 119 121 52 40 60 60 80 76 53 61 62 58 82 66 62 70 671 71 56 52 57 57 56 56 53 45 59 63
h026 3 69 41 77 55 65 651 61 61 79 752 72 681 1191 1431 601 40 52 52 76 88 53 651 62 70 70 82 661 661 79 79 56 48 61 61 60 60 57 53 63 63
h027 3 73 52 55 81 651 53 57 65 671 752 76 721 72 131 56 48 56 60 80 72 61 61 58 75 86 781 66 58 671 672 56 56 61 61 56 64 53 45 63 63
h028 3 77 52 73 81 65 731 61 65 71 671 761 721 143 60 52 40 56 72 80 84 53 57 58 54 66 102 661 58 79 63 56 60 61 65 56 641 41 49 63 63
h029 3 41 41 63 80 691 80 57 65 71 67 682 722 72 72 40 64 68 601 80 80 53 61 62 46 54 66 62 70 672 711 48 48 57 61 56 601 41 53 59 63
h030 3 77 41 55 69 65 65 61 61 792 59 722 762 64 752 52 52 56 56 76 72 53 57 62 58 86 66 661 741 671 79 56 48 57 53 56 56 57 53 59 63
h031 3 77 56 71 77 691 691 57 73 71 792 681 64 72 131 56 481 56 56 80 76 61 571 62 66 70 741 581 741 79 79 56 56 57 53 56 64 57 49 59 63
h032 3 52 68 63 81 57 69 61 61 67 792 682 681 79 135 52 28 56 64 80 72 53 57 62 58 74 82 581 42 671 672 56 48 57 61 60 60 57 45 59 63
h033 3 41 52 73 104 65 69 61 69 63 831 722 80 72 1151 52 61 56 56 88 84 53 61 50 46 82 66 621 50 79 75 56 48 57 61 56 56 53 61 63 63
h034 3 69 44 75 55 65 89 57 69 631 671 72 721 68 79 52 72 60 64 92 76 53 651 66 66 74 82 501 541 75 75 60 48 57 57 56 56 41 491 59 63
h035 3 73 52 67 59 731 69 57 57 75 75 641 72 76 87 40 65 60 60 76 76 53 53 62 46 58 58 66 58 672 79 56 48 61 65 601 601 41 57 59 63
h036 3 56 41 67 55 651 691 65 73 71 63 641 722 64 76 52 481 56 60 88 88 57 57 62 70 62 741 661 58 67 593 56 56 61 61 56 56 45 49 63 63
h037 3 77 65 55 69 651 691 61 57 75 71 681 681 72 1112 56 57 56 56 88 72 53 53 66 46 82 86 701 541 672 79 60 60 57 61 56 60 41 45 59 59
h038 3 73 52 67 81 61 731 69 45 71 752 681 722 72 76 56 36 56 60 76 84 45 61 66 54 74 82 66 58 672 75 56 56 61 65 56 56 41 49 63 63
h039 3 56 41 85 89 691 53 61 65 71 71 801 681 64 76 52 681 56 60 76 76 491 491 58 54 74 66 66 65 671 711 56 52 57 61 56 56 41 53 59 55
h040 3 45 68 73 55 691 731 61 57 75 75 76 76 72 119 52 79 56 68 76 88 491 53 62 66 82 78 661 50 79 79 56 56 57 61 56 60 41 45 63 63
h041 3 77 41 81 1001 691 771 61 61 71 63 681 76 115 1113 52 48 64 64 80 80 491 53 58 54 102 50 70 42 672 711 56 56 61 53 56 68 41 57 63 63
h042 3 65 41 63 75 691 57 61 57 631 67 682 722 79 1112 681 48 56 48 72 72 57 61 66 70 82 62 62 66 672 79 52 48 61 65 56 601 57 45 59 63
h043 3 77 77 63 81 651 53 61 57 71 831 76 84 68 1232 52 65 56 64 88 72 53 61 58 54 70 82 581 741 671 671 56 48 61 65 56 56 57 53 63 63
h044 3 73 41 77 55 49 89 61 53 71 63 72 681 72 76 40 67 60 72 80 88 491 61 70 34 94 82 62 50 751 751 60 52 61 61 601 60 41 57 63 63
h045 3 73 44 67 59 651 651 65 53 75 67 682 762 80 76 64 44 60 60 76 72 53 61 58 66 70 82 62 581 672 751 56 56 57 57 56 64 57 53 59 59
h046 3 45 77 85 67 691 69 61 61 71 1322 72 76 131 119 52 44 56 60 80 72 61 61 62 66 70 58 621 61 711 711 56 60 61 65 56 601 57 53 59 63
h047 3 77 60 59 84 65 731 61 69 71 671 801 76 80 1231 52 40 60 72 80 80 53 57 62 34 70 62 70 541 711 552 56 60 57 61 56 56 41 53 59 59
h048 3 69 41 73 67 771 652 57 69 75 71 72 76 87 1152 40 481 60 64 80 84 491 491 62 74 82 66 661 501 79 711 60 48 61 53 56 56 41 61 63 63
h049 3 73 73 75 67 691 45 61 49 631 712 681 722 1151 115 481 75 60 64 80 72 53 53 62 58 82 66 70 54 672 79 56 60 61 61 56 68 57 45 63 63
h050 3 73 41 79 79 651 731 61 73 71 71 641 681 68 751 52 52 56 64 92 88 53 57 66 70 62 58 62 58 711 59 56 60 53 53 56 56 57 491 59 63
h051 3 77 49 55 93 61 49 61 65 71 67 641 76 1431 1112 52 44 60 64 80 84 491 53 62 62 82 86 66 58 671 79 56 56 57 61 56 56 57 45 63 63
h052 3 45 73 85 81 691 69 61 65 75 631 682 681 68 76 72 61 56 56 80 76 612 57 62 54 70 741 66 541 79 63 52 52 61 61 56 56 41 41 59 63
h053 3 73 77 67 59 731 69 57 69 71 792 681 84 1151 123 481 481 64 64 88 88 53 57 62 66 54 86 661 581 671 552 56 48 65 53 56 56 53 53 59 63
h054 3 45 44 73 59 65 811 61 61 67 67 801 722 76 123 52 52 641 68 76 76 651 571 62 66 54 66 62 62 711 67 56 56 57 61 56 60 41 57 63 63
h055 3 73 73 59 81 651 691 61 61 71 631 722 722 72 68 52 67 60 60 76 84 53 61 62 58 70 78 62 58 672 711 60 52 57 61 56 56 53 45 59 63
h056 3 45 65 67 67 651 69 61 57 63 63 681 721 68 1031 481 36 56 60 76 72 491 61 62 62 70 82 62 58 71 79 56 48 57 61 56 60 41 612 63 63
h057 3 69 56 63 67 731 49 61 57 75 631 641 72 76 87 52 28 64 72 80 76 61 531 54 75 82 86 581 61 71 711 60 48 53 53 56 641 41 57 63 63
h058 3 41 60 63 59 651 69 61 61 631 831 722 722 68 1232 601 681 56 60 80 72 57 57 62 66 82 62 541 541 672 71 60 60 57 53 56 56 41 41 63 63
h059 3 77 56 71 67 651 651 61 73 67 833 681 762 68 80 52 61 64 68 88 88 53 57 62 74 70 62 621 462 71 71 56 60 57 61 56 64 41 45 63 63
h060 3 45 77 67 100 69 77 57 65 71 752 641 72 68 1311 52 56 56 641 76 72 491 57 62 58 82 66 701 541 71 792 56 48 61 61 56 56 53 53 63 63
h061 3 77 52 73 71 65 611 61 61 75 67 76 722 72 76 52 52 56 60 80 76 57 61 70 54 86 66 70 501 79 75 60 52 65 53 56 64 57 49 63 63
h062 3 77 77 63 69 69 652 61 57 71 671 72 76 79 1113 481 44 56 641 92 76 612 57 62 54 78 62 661 541 71 593 56 56 57 65 56 601 41 45 59 63
h063 3 45 77 79 101 651 611 57 65 792 792 681 76 68 1391 52 52 56 72 80 88 491 61 54 54 54 82 581 66 75 711 52 48 57 61 56 72 45 49 59 63
h064 3 73 77 75 59 651 652 57 57 71 631 681 76 72 76 52 28 56 56 80 84 57 65 62 54 86 66 58 50 711 631 56 48 57 53 56 56 41 57 63 63
h065 3 77 41 55 81 651 651 69 69 671 1322 72 722 72 68 40 44 56 64 80 84 57 57 54 54 741 66 62 70 672 672 60 52 57 61 56 60 45 45 59 63
h066 3 77 56 81 89 611 69 57 65 752 712 72 72 87 1031 601 48 60 601 72 72 53 57 66 54 94 90 70 66 671 79 56 60 57 65 56 60 41 57 59 63
h067 3 69 61 79 81 65 65 65 65 79 792 722 64 1113 1271 52 67 60 64 88 72 612 571 62 66 82 66 701 61 671 672 56 48 65 65 56 56 53 45 63 63
h068 3 52 60 71 77 69 85 57 65 75 71 76 80 79 712 56 481 76 68 76 88 491 53 66 46 78 741 62 66 79 711 56 56 53 53 601 68 57 53 63 63
h069 3 60 60 63 67 651 611 65 69 63 671 722 64 72 87 601 36 56 60 76 72 53 57 58 54 82 98 70 66 79 711 56 60 61 61 56 64 41 57 63 63
h070 3 45 77 63 67 651 731 61 57 792 1401 681 80 131 79 601 56 56 56 80 80 491 45 50 58 74 66 62 58 71 711 56 60 57 57 601 68 53 45 63 67
h071 3 52 61 67 67 691 811 61 57 71 831 72 722 68 76 52 61 60 76 80 88 61 61 62 70 54 58 621 54 671 75 56 60 57 61 56 56 45 611 63 63
h072 3 69 69 79 71 65 73 61 65 79 1322 681 881 76 121 601 56 60 60 80 80 57 61 66 54 82 82 661 781 71 63 56 48 61 61 56 601 41 45 63 63
h073 3 45 65 71 67 61 731 57 65 75 831 72 76 64 60 52 64 64 52 80 72 53 57 74 46 74 86 701 621 672 593 56 56 65 53 56 641 41 53 63 63
h074 3 73 49 71 71 65 611 61 61 671 752 72 84 72 76 601 56 56 60 80 72 61 61 62 75 66 66 701 66 672 672 56 52 65 65 56 64 41 41 59 63
h075 3 73 44 55 59 811 771 61 57 75 631 681 681 72 1113 52 52 60 52 76 88 53 57 66 70 82 62 661 54 671 672 56 56 57 61 56 56 45 611 59 63
h076 3 41 61 63 69 691 771 61 61 67 752 682 722 76 115 52 64 56 60 80 84 61 531 66 54 54 78 461 58 79 712 56 56 57 61 56 56 41 53 63 63
h077 3 56 56 63 55 65 691 61 61 71 671 641 762 68 79 52 64 56 60 76 72 53 57 66 75 86 781 701 621 79 591 56 60 61 61 56 56 41 53 63 63
h078 3 69 77 63 71 65 691 61 57 1322 136 681 76 68 712 601 65 64 68 80 88 61 61 66 54 90 78 62 701 671 711 56 52 57 61 56 56 53 53 63 63
h079 3 69 77 71 71 651 771 61 65 67 79 72 76 72 64 64 28 56 60 80 76 57 57 62 74 70 90 661 58 751 79 56 56 65 53 56 60 41 53 59 63
h080 3 69 41 63 63 691 652 65 73 67 1402 681 76 68 712 40 481 60 64 88 88 61 61 62 75 70 82 781 54 671 552 60 52 61 53 60 64 57 45 59 63
h081 3 73 44 67 55 691 69 61 61 144 1441 80 843 80 87 56 36 56 60 84 72 57 65 62 54 70 58 581 462 79 79 56 52 61 65 56 56 53 45 63 55
h082 3 73 77 63 73 651 69 57 65 671 752 641 76 64 1111 52 40 60 64 80 80 53 53 62 66 82 62 661 701 672 711 56 56 61 61 56 56 41 57 59 63
h083 3 73 41 63 79 651 61 61 57 75 75 681 76 72 103 52 40 56 64 72 72 57 651 50 66 94 141 501 66 79 79 60 64 61 61 56 601 41 53 63 63
h084 3 69 73 67 55 69 771 61 61 71 631 80 881 64 1272 52 40 56 56 76 88 53 57 58 66 82 741 66 66 67 59 60 48 57 61 56 60 41 57 63 55
h085 3 73 41 79 89 69 77 61 57 71 752 72 722 72 68 52 40 56 56 80 80 491 53 62 58 70 74 66 58 672 67 56 56 57 57 56 56 41 57 59 63
h086 3 52 52 63 55 69 49 65 49 75 71 72 722 76 87 601 601 60 64 92 88 53 45 62 54 78 741 661 58 672 59 52 52 61 61 60 72 57 45 63 63
h087 3 65 41 71 67 691 61 61 53 792 671 682 64 64 68 36 67 60 60 88 88 53 57 54 54 86 621 701 54 751 79 56 48 61 61 56 56 41 41 63 63
h088 3 41 52 79 67 65 53 61 57 71 67 681 681 79 119 40 40 56 60 80 84 53 57 62 62 741 66 661 70 79 711 60 48 61 61 60 52 41 41 59 63
h089 3 69 77 67 81 691 731 61 61 75 75 72 761 76 60 40 481 60 64 80 80 53 53 66 75 82 741 70 46 67 833 60 52 57 61 601 641 41 41 63 55
h090 3 77 56 81 100 771 53 61 53 71 79 681 681 80 76 40 56 56 56 88 72 53 65 62 62 70 82 66 66 672 59 56 56 57 61 56 60 41 45 63 63
h091 3 69 73 73 59 691 69 65 65 75 75 72 801 72 83 40 44 56 60 80 72 57 61 62 54 54 86 66 66 71 75 60 60 61 61 56 601 53 49 63 63
h092 3 77 52 81 81 65 731 61 53 71 71 72 722 72 76 40 40 68 601 80 72 612 57 58 66 70 74 661 701 671 71 52 52 57 65 56 681 41 57 63 63
h093 3 73 65 75 55 65 691 57 57 71 751 762 721 64 87 601 44 60 60 76 88 491 65 54 54 70 94 661 661 79 711 60 52 61 53 56 60 41 37 63 63
h094 3 73 44 63 77 65 691 61 73 71 67 681 762 72 1431 52 40 76 72 76 88 651 691 62 58 90 78 62 66 672 75 56 56 57 53 56 64 41 57 67 55
h095 3 69 41 63 77 811 69 57 57 71 671 72 681 80 87 601 56 56 60 92 88 53 57 66 46 82 90 66 621 671 75 60 48 57 53 56 601 41 57 59 63
h096 3 45 77 67 55 65 691 61 57 79 671 681 762 119 1112 40 56 60 76 80 92 53 37 62 46 70 66 661 46 672 79 56 56 61 61 601 68 41 45 63 63
h097 3 41 41 73 67 691 77 61 57 71 67 722 68 83 1112 52 72 72 761 84 72 53 53 62 66 82 78 581 621 71 79 60 60 57 61 56 601 41 41 59 63
h098 3 69 65 85 51 771 89 61 73 71 79 762 64 72 68 40 71 60 68 80 76 57 61 74 50 54 82 581 541 672 711 56 56 57 65 56 60 57 53 59 55
h099 3 69 60 71 81 691 771 61 45 71 63 722 80 64 1272 56 64 56 52 80 88 491 45 62 58 82 78 58 621 79 791 56 60 61 61 56 56 53 49 63 63
h100 3 56 41 67 81 691 771 65 49 75 132 681 76 103 60 56 681 60 72 80 80 53 571 62 62 70 66 622 661 79 75 56 48 57 61 601 64 41 57 59 63
h0011 4 73 73 71 67 65 73 57 69 75 71 682 64 103 115 64 36 60 64 80 76 61 61 62 70 90 141 70 66 671 552 52 52 57 61 56 60 57 53 63 63
h0021 4 73 73 59 59 65 65 61 61 71 792 762 68 64 143 601 56 60 76 80 72 57 61 70 75 82 82 58 50 672 551 56 48 57 53 56 56 53 49 59 63
h0031 4 52 44 63 67 65 73 61 57 631 63 681 68 76 76 71 28 56 641 80 80 53 57 66 46 82 62 70 541 672 71 56 52 61 65 56 64 53 53 63 63
h0041 4 69 73 77 55 691 53 61 65 79 712 682 801 72 123 481 441 56 72 76 76 61 61 62 62 78 62 661 50 671 67 56 52 57 65 56 56 37 49 63 55
h0051 4 73 41 55 81 69 89 61 65 71 671 681 80 76 131 601 601 56 60 88 84 491 53 62 54 74 90 62 462 79 79 56 52 61 61 60 60 57 53 59 63
h0061 4 52 44 81 93 691 69 61 61 71 63 72 721 64 80 52 61 56 60 80 76 53 53 50 79 66 781 461 661 79 711 48 561 61 61 601 68 57 49 63 671
h0071 4 73 77 81 1001 731 73 61 61 71 631 76 761 79 1112 28 44 76 72 80 84 53 45 58 66 62 66 70 46 711 63 56 56 57 61 56 68 41 53 63 55
h0081 4 77 41 81 69 691 691 61 61 71 71 681 762 68 1112 56 67 60 64 80 76 53 45 66 46 66 102 541 78 71 833 52 48 61 61 56 56 41 612 59 63
h0091 4 77 65 81 51 61 85 65 65 71 67 801 761 103 87 52 52 56 56 80 72 57 57 66 78 70 58 621 781 671 711 56 60 53 53 56 68 57 53 59 63
h0101 4 73 41 55 81 691 611 61 61 71 67 72 80 72 76 481 64 56 72 80 76 57 57 62 50 94 62 661 50 71 711 60 52 57 61 601 68 53 37 59 63
h0111 4 49 44 79 55 651 691 61 61 67 752 72 64 72 68 52 36 64 64 80 88 491 61 58 54 70 74 541 42 75 792 60 64 57 57 56 60 57 45 59 63
h0121 4 77 65 67 67 691 691 61 57 79 55 80 762 68 1192 52 52 56 56 72 72 57 45 74 50 82 86 581 66 671 75 56 56 61 61 601 601 57 45 63 55
h0131 4 56 65 63 81 691 731 53 49 831 752 681 80 72 1112 601 44 56 60 72 72 53 57 62 74 90 86 501 50 79 75 56 48 57 65 56 601 57 45 63 63
h0141 4 45 41 63 71 691 73 61 65 71 831 681 681 72 143 52 64 56 56 80 80 612 61 62 46 66 621 661 54 671 79 56 52 57 53 60 64 45 611 59 63
h0151 4 73 65 85 67 651 61 61 61 75 671 722 84 72 1231 56 441 56 52 84 72 53 53 66 46 70 66 501 621 672 79 52 48 57 61 56 601 53 49 59 63
h0161 4 73 73 63 75 651 652 73 45 75 71 72 76 68 76 40 44 60 52 80 72 53 61 58 66 82 741 62 62 672 79 56 60 57 61 64 52 41 53 63 63
h0171 4 73 73 85 81 651 771 61 57 71 872 722 84 115 752 52 52 56 64 76 72 491 612 62 66 62 661 741 50 71 79 52 52 57 53 56 56 53 45 63 63
h0181 4 49 44 71 71 651 61 61 57 71 712 722 64 68 115 40 481 56 64 76 76 53 57 62 58 54 90 62 70 79 552 60 52 61 53 56 64 41 41 63 63
h0191 4 69 77 63 79 651 73 61 61 671 752 722 64 72 76 601 48 56 52 72 72 53 61 62 62 82 50 66 58 672 711 52 48 57 65 56 601 53 53 59 63
h0201 4 69 73 71 67 69 69 57 65 71 1322 72 722 103 1272 52 40 60 68 76 84 57 651 54 75 54 58 501 50 672 551 60 48 61 65 64 64 41 57 59 63
h0211 4 45 41 63 77 651 771 61 65 67 67 681 721 68 119 52 48 60 76 72 72 491 45 62 66 70 82 70 50 672 63 56 48 57 57 60 60 41 45 63 55
h0221 4 41 41 79 92 651 731 61 45 79 831 76 84 76 83 52 481 56 56 80 76 57 571 62 54 94 66 74 61 79 79 56 52 57 61 56 56 57 611 59 63
h0231 4 77 44 71 100 61 611 57 65 71 71 722 80 76 87 56 28 64 72 76 84 491 531 66 46 62 62 661 70 71 79 60 60 65 53 56 60 41 41 63 63
h0241 4 45 77 85 55 77 73 61 57 71 71 722 721 80 123 52 61 56 60 72 72 53 61 58 54 62 62 501 621 672 711 56 56 61 61 56 60 45 61 59 63
h0251 4 45 44 77 55 57 53 61 61 71 63 72 763 115 1112 601 44 56 68 80 84 612 61 66 66 86 621 62 62 79 75 56 48 57 61 56 60 41 612 63 55
h0261 4 73 56 79 92 731 771 61 61 831 136 722 68 72 64 52 72 641 52 80 80 53 53 62 62 86 62 62 70 71 711 60 48 57 53 601 60 41 61 63 63
h0271 4 45 61 63 35 691 53 61 61 63 79 681 762 72 76 56 481 56 56 88 84 53 57 62 54 86 66 741 54 79 75 56 60 57 65 60 64 41 612 59 63
h0281 4 77 68 63 85 691 652 57 45 67 792 76 722 64 119 52 48 56 64 80 84 53 531 74 50 86 66 621 50 671 671 56 48 57 65 56 56 57 45 59 63
h0291 4 69 69 79 89 65 691 61 65 67 712 641 64 1231 121 52 73 641 52 80 76 53 651 58 70 54 78 62 701 79 75 60 48 65 53 56 60 57 45 59 63
h0301 4 77 41 63 67 69 49 61 49 71 831 80 721 68 119 481 64 56 64 80 72 57 531 62 70 86 78 661 621 552 63 56 56 57 53 60 64 57 45 63 63
h0311 4 45 52 71 67 651 731 57 69 75 67 721 84 68 76 52 40 56 64 80 72 612 57 62 62 94 90 67 50 75 59 56 60 61 53 56 68 53 49 63 55
h0321 4 45 41 67 93 691 53 61 57 71 671 801 762 72 80 52 28 60 64 76 72 491 53 62 50 82 781 541 42 672 67 56 60 61 53 56 56 57 45 63 55
h0331 4 73 65 79 51 691 691 61 61 792 132 80 721 72 131 52 481 64 64 80 84 53 571 62 50 54 661 58 46 671 79 56 52 57 53 56 64 57 49 63 63
h0341 4 69 56 85 75 65 49 61 61 79 671 681 722 103 1112 52 64 56 641 88 72 53 57 62 62 78 66 661 66 671 75 60 52 57 65 56 56 41 53 63 63
h0351 4 69 68 63 59 65 65 61 57 75 75 641 84 79 1113 481 57 56 60 88 72 53 53 62 74 82 82 581 50 79 79 56 60 61 65 56 56 41 45 59 63
h0361 4 41 41 85 1001 691 61 61 61 792 831 72 801 68 60 56 67 64 64 92 76 491 45 70 75 54 741 741 54 671 672 56 52 57 53 56 60 57 53 63 55
h0371 4 69 41 67 81 65 651 57 57 631 752 76 722 64 1151 56 44 56 561 76 88 53 61 54 46 54 66 661 541 79 552 60 52 61 53 56 56 57 57 63 55
h0381 4 65 41 63 71 651 37 57 65 71 671 722 722 72 64 601 44 64 64 80 76 612 571 66 66 90 62 70 58 71 711 56 56 61 65 56 60 53 53 59 63
h0391 4 45 41 67 67 811 611 61 61 71 671 682 681 72 1193 601 40 56 60 80 76 53 61 62 75 62 661 501 50 672 672 56 52 61 61 56 56 45 45 59 63
h0401 4 45 65 73 75 691 731 69 49 75 71 641 722 752 1391 52 601 56 64 80 80 57 651 62 70 54 66 70 58 672 79 60 60 61 53 56 68 41 491 63 55
h0411 4 73 52 79 83 65 691 61 65 67 67 801 64 64 1193 601 56 56 56 76 76 612 57 74 70 86 62 70 54 751 79 56 48 61 65 64 64 41 57 63 55
h0421 4 73 41 71 51 65 651 61 57 67 79 80 64 1192 87 52 56 56 56 80 88 53 61 62 62 62 66 581 58 79 711 56 48 57 65 56 68 57 45 63 63
h0431 4 73 56 63 73 49 652 61 49 75 67 681 681 64 79 56 67 56 64 76 84 491 57 58 54 70 54 661 462 79 711 56 60 57 61 56 64 41 57 59 671
h0441 4 69 61 85 81 691 53 65 49 71 79 72 721 76 76 441 48 56 68 80 88 491 53 54 46 66 66 70 781 672 71 60 52 65 53 56 56 41 53 59 63
h0451 4 45 56 71 55 65 771 61 69 71 71 72 722 68 68 52 52 60 64 80 76 53 57 58 66 62 621 621 65 671 63 56 52 57 53 56 56 53 45 59 63
h0461 4 73 52 81 83 65 651 61 61 75 792 72 64 64 1312 52 681 60 60 80 88 491 45 62 62 62 741 621 621 671 672 56 56 57 61 56 56 41 41 63 63
h0471 4 45 73 79 71 651 811 61 61 75 63 722 68 72 68 52 601 60 52 80 72 53 53 62 66 70 62 621 46 672 751 56 48 53 53 56 64 41 57 63 63
h0481 4 73 73 77 55 69 652 57 69 71 67 72 76 131 1113 40 44 56 72 88 72 491 53 50 75 62 50 70 42 79 711 56 60 57 65 56 641 41 49 63 63
h0491 4 45 61 85 59 651 731 61 65 71 752 801 881 64 1031 40 36 56 60 80 80 612 57 62 66 70 54 62 741 79 591 56 48 61 61 60 64 53 45 63 63
h0501 4 45 56 59 80 731 49 61 57 75 75 641 681 1231 1152 56 64 56 64 80 88 53 57 62 62 78 66 66 58 671 63 56 48 57 61 60 64 41 41 59 55
h0511 4 77 60 59 59 61 731 57 49 831 752 76 721 80 60 52 52 56 56 80 80 491 53 50 58 70 82 58 50 75 75 48 64 61 61 60 60 57 53 63 63
h0521 4 45 44 79 59 611 771 61 69 831 831 681 761 1232 60 601 64 60 64 80 76 53 69 62 62 62 62 661 66 79 79 56 60 57 53 56 60 41 611 59 63
h0531 4 45 45 67 69 61 811 61 65 75 67 72 681 123 83 40 481 60 72 80 80 45 65 62 74 70 54 581 541 79 79 52 48 57 65 56 52 57 53 63 55
h0541 4 41 48 63 79 651 69 61 57 71 792 76 84 80 79 52 481 56 60 92 76 571 49 50 58 74 62 62 58 79 79 56 48 57 65 56 601 57 53 63 67
h0551 4 41 41 73 81 65 61 61 61 75 75 72 722 76 87 40 71 60 64 80 80 491 53 62 62 70 74 621 462 671 672 56 56 57 65 56 56 57 45 59 63
h0561 4 56 41 73 55 651 77 57 65 671 833 681 76 68 1272 601 44 56 641 88 84 53 612 62 46 82 58 62 541 672 552 56 52 57 61 601 64 57 57 63 55
h0571 4 45 61 85 55 651 73 61 69 71 63 722 68 72 68 52 601 56 52 80 84 61 651 58 58 54 82 621 42 672 79 56 60 57 61 56 56 57 612 63 63
h0581 4 56 65 73 55 651 77 57 65 59 712 72 84 72 123 52 64 60 60 80 72 53 57 66 54 74 90 581 50 79 79 56 60 57 61 56 601 57 53 63 63
h0591 4 45 44 67 1121 65 771 57 57 71 67 681 721 68 80 52 52 60 68 80 80 53 651 50 54 70 82 661 42 71 79 56 52 57 57 56 60 57 61 63 63
h0601 4 41 49 63 55 69 771 57 49 71 59 682 64 68 1391 56 36 56 52 72 64 491 57 62 62 62 66 701 50 671 672 56 56 61 53 56 56 57 53 63 55
h0611 4 45 44 63 55 691 69 65 65 67 1322 72 722 1151 135 52 28 56 64 76 76 491 61 70 46 701 62 661 58 672 711 60 52 61 61 601 64 41 57 63 63
h0621 4 77 52 79 55 65 651 61 65 75 63 681 76 72 68 28 36 60 60 88 72 53 61 74 54 741 66 581 621 79 79 56 56 61 53 56 60 41 57 63 63
h0631 4 65 41 75 59 65 77 65 65 75 671 76 761 72 68 52 481 56 52 76 72 53 53 70 46 70 54 661 65 79 59 56 56 57 61 56 60 41 53 59 63
h0641 4 69 44 55 83 65 651 61 57 71 631 681 84 76 87 56 28 56 56 80 80 57 61 62 58 82 98 661 58 79 63 56 60 57 61 56 68 41 45 59 63
h0651 4 77 56 71 67 651 571 61 61 75 71 682 762 76 115 601 48 56 60 76 72 53 612 58 54 74 66 661 50 71 711 48 48 57 61 56 601 41 57 63 63
h0661 4 45 45 71 59 65 771 57 53 831 59 72 84 143 60 52 481 56 60 80 84 53 61 62 54 82 66 661 541 75 711 56 52 61 61 56 52 41 41 63 63
h0671 4 60 44 85 67 651 69 53 73 67 671 801 68 72 1193 52 75 56 56 84 84 53 69 74 66 66 141 661 57 672 751 56 56 61 53 56 56 41 53 63 63
h0681 4 69 41 63 63 69 80 61 57 63 1441 681 721 76 1112 40 44 56 60 80 76 53 53 50 58 70 98 701 42 79 75 56 56 57 61 60 64 41 53 63 63
h0691 4 73 77 67 67 611 53 61 65 75 67 76 68 68 1112 681 521 60 52 80 88 57 571 54 75 70 90 621 54 79 593 56 52 57 53 56 60 41 57 63 63
h0701 4 73 73 77 55 65 69 61 65 75 79 76 76 68 68 28 441 60 60 76 88 53 57 62 66 94 54 70 61 711 792 56 56 61 53 56 64 41 41 59 63
h0711 4 73 41 77 51 65 691 65 49 75 55 681 64 1112 1031 52 40 64 64 76 84 491 57 70 46 70 98 661 66 71 79 56 60 57 65 56 681 41 53 63 63
h0721 4 73 41 67 83 691 691 61 61 67 671 641 68 64 76 61 28 56 60 80 80 53 53 66 54 70 82 62 541 672 75 60 60 57 61 56 56 57 61 59 63
h0731 4 73 77 63 75 651 57 61 65 71 671 681 80 76 1231 52 64 56 60 76 84 53 57 62 58 82 90 661 501 671 79 52 48 57 53 56 56 57 611 63 67
h0741 4 73 61 63 67 49 89 61 57 792 132 801 84 76 712 52 80 56 56 80 72 53 61 66 34 74 82 66 54 671 79 56 48 61 61 56 60 41 53 63 63
h0751 4 77 56 67 59 691 80 61 61 75 872 72 682 68 712 601 61 56 64 80 80 612 57 66 70 70 98 66 58 672 79 56 56 57 53 56 641 57 49 59 63
h0761 4 77 81 85 100 61 89 61 49 71 71 80 64 72 1431 601 40 56 64 80 72 57 61 50 46 82 58 581 66 672 79 56 52 57 57 56 60 57 49 63 63
h0771 4 77 41 71 55 691 652 57 65 67 751 681 84 72 1271 40 481 56 641 80 92 53 57 62 34 82 58 701 58 711 552 56 56 61 53 56 56 41 41 63 63
h0781 4 56 68 63 67 731 77 61 65 71 71 72 76 72 1391 52 52 56 68 76 72 57 57 62 54 74 66 62 70 751 791 56 56 57 61 56 60 41 57 59 63
h0791 4 41 52 85 55 691 731 53 69 71 831 681 64 68 1152 56 28 64 68 80 72 57 531 62 62 82 62 581 541 75 552 56 52 57 61 56 601 41 45 59 63
h0801 4 73 56 79 67 691 491 61 73 71 71 601 84 76 1271 56 65 56 56 92 84 491 57 58 66 74 86 581 621 79 75 56 60 61 65 56 60 41 612 63 55
h0811 4 41 41 85 55 61 771 61 65 71 831 801 721 72 712 40 681 60 72 80 76 53 57 62 58 54 82 701 66 672 79 56 56 61 53 56 56 41 53 63 63
h0821 4 77 52 81 51 691 771 61 57 67 55 72 681 72 72 52 52 64 561 80 80 45 691 66 46 54 82 70 54 79 79 60 52 57 61 56 60 57 49 59 63
h0831 4 77 77 79 67 771 771 65 65 71 752 681 721 68 76 52 44 56 60 76 72 53 57 62 46 82 66 741 58 672 631 56 60 57 57 601 60 41 53 59 63
h0841 4 65 41 63 67 651 731 61 57 71 71 682 76 64 68 40 57 64 72 88 88 57 61 62 62 70 70 581 66 671 79 56 52 57 61 56 60 41 57 59 63
h0851 4 45 44 67 51 57 771 61 57 71 79 641 682 68 76 601 601 56 72 76 84 491 612 54 46 70 70 701 501 79 75 56 56 57 61 56 60 41 53 63 55
h0861 4 69 81 63 81 65 651 61 61 71 712 641 722 68 115 72 56 76 64 76 88 53 57 62 54 70 66 62 62 672 75 56 56 57 61 56 68 57 53 59 63
h0871 4 69 65 79 75 691 811 61 57 75 79 76 722 72 1391 52 601 60 52 88 72 53 61 66 46 82 66 62 541 71 711 60 52 57 61 56 60 41 61 59 63
h0881 4 45 52 71 59 65 65 61 65 67 752 722 881 1193 751 52 52 56 52 80 92 491 45 58 66 70 54 661 58 672 79 56 52 57 57 56 52 57 53 63 55
h0891 4 77 52 63 69 611 53 61 53 71 792 681 722 68 121 61 441 56 56 88 88 53 57 54 46 70 66 66 541 75 631 56 56 57 57 56 68 41 57 59 63
h0901 4 65 41 67 101 651 61 61 65 75 1402 721 721 72 131 52 481 60 601 76 72 53 53 66 66 82 78 701 54 79 791 56 60 57 61 56 681 41 53 59 63
h0911 4 65 41 63 67 651 69 57 45 71 71 762 84 68 1391 40 56 60 68 76 72 53 57 54 46 94 66 62 62 75 711 56 48 61 65 60 64 53 45 59 63
h0921 4 73 56 69 88 651 691 57 69 75 831 84 68 72 1031 56 56 56 56 80 80 57 57 62 58 66 66 661 54 75 63 56 56 57 57 56 641 41 45 59 63
h0931 4 65 60 67 92 651 691 57 65 71 63 72 722 76 119 52 56 56 64 88 72 57 61 66 54 741 58 58 58 671 751 56 60 57 61 56 601 41 41 63 63
h0941 4 73 73 55 59 65 731 61 65 71 63 762 721 76 123 52 48 56 52 76 72 53 61 58 70 74 66 70 66 671 79 60 52 57 61 56 56 57 45 63 63
h0951 4 69 73 79 81 65 611 61 73 75 67 601 762 131 1271 481 28 60 68 72 72 53 61 54 54 86 58 62 621 79 711 56 56 57 61 601 60 53 53 63 55
h0961 4 73 49 73 104 65 73 61 65 71 751 681 681 68 68 52 75 56 60 84 72 612 57 62 70 66 58 661 541 79 711 56 60 57 61 56 60 57 57 63 63
h0971 4 69 60 63 81 651 651 61 49 71 67 681 762 76 1112 601 48 56 56 80 72 53 45 62 54 66 66 661 701 751 79 56 56 53 53 56 68 41 53 63 55
h0981 4 56 65 63 73 651 811 61 57 75 67 72 722 72 68 52 601 64 72 76 72 53 651 62 54 74 62 58 54 671 79 56 60 61 61 56 60 57 53 59 59
h0991 4 73 44 79 51 65 73 61 49 63 79 641 76 64 1272 52 481 56 56 76 84 57 45 66 46 54 82 661 66 75 791 60 52 61 53 56 60 57 53 59 63
h1001 4 45 52 63 97 771 652 61 61 67 751 72 881 68 76 52 40 64 52 76 72 61 61 50 66 741 66 62 46 79 591 52 52 61 65 56 56 41 53 63 63
MSV1TX 5 60 44 67 791 651 69 61 65 71 631 76 68 68 103 40 28 56 52 88 72 45 45 50 58 86 62 70 66 79 75 56 56 65 53 56 60 -9 -9 63 63
MSV025 5 45 65 67 55 731 69 61 57 71 71 68 803 76 76 481 64 56 52 80 68 45 65 66 46 62 50 50 50 551 551 56 56 65 53 56 601 53 49 59 63
MSV02C 5 45 65 75 67 731 731 61 61 71 67 68 803 68 107 601 481 56 52 80 72 45 571 50 58 74 62 50 50 79 79 56 52 65 53 56 601 41 49 59 63
MSV02E 5 44 85 63 75 731 731 57 57 71 71 72 803 68 107 601 481 -9 -9 72 68 53 571 50 58 62 50 66 67 79 551 56 52 57 65 601 68 53 49 63 63
MSV0TF 5 65 44 75 67 691 37 57 57 71 71 72 803 76 76 601 481 -9 -9 80 68 53 65 50 66 74 62 66 67 551 551 56 56 57 65 601 68 49 49 63 63
M2EL8 5 45 65 67 55 731 69 61 61 71 71 68 803 68 107 601 481 56 52 80 80 45 65 58 46 62 50 50 50 79 551 56 56 53 69 56 60 41 49 63 63
h0012 6 69 73 75 67 61 80 61 61 71 71 84 68 64 68 52 44 64 68 80 72 57 45 62 54 62 62 62 50 672 79 56 56 57 53 56 68 41 49 59 63
h0022 6 69 56 55 81 65 651 61 57 71 831 681 722 68 1312 56 67 60 64 80 72 53 53 62 54 62 66 66 66 672 833 60 48 57 61 56 68 57 49 59 55
h0032 6 69 52 63 67 65 61 61 53 67 63 72 762 64 76 28 441 60 64 80 76 61 61 62 50 74 66 661 42 672 79 52 52 57 57 60 64 57 61 59 63
h0042 6 56 65 63 55 611 37 61 61 71 71 722 64 80 76 52 441 64 52 80 84 612 69 66 46 70 58 82 50 79 75 56 48 61 61 56 52 53 53 63 55
h0052 6 73 49 59 81 651 69 57 49 71 712 641 76 68 1431 56 481 56 56 80 76 53 45 66 46 54 82 701 66 75 63 56 52 61 65 56 60 41 61 63 63
h0062 6 52 81 79 67 651 61 57 57 75 71 72 76 72 72 441 441 60 52 80 84 45 61 62 62 54 78 58 54 672 552 56 60 57 61 56 64 53 491 59 55
h0072 6 69 56 55 81 65 53 61 57 75 671 681 721 72 131 61 441 60 64 80 84 612 57 62 50 741 58 70 54 671 711 56 60 57 57 601 60 57 612 63 55
h0082 6 73 41 59 59 65 571 61 57 67 67 681 68 76 131 64 44 56 64 88 72 57 57 62 46 70 58 66 621 751 79 56 48 57 61 56 60 53 45 63 55
h0092 6 69 52 63 67 651 611 57 57 75 67 80 64 64 68 40 44 64 68 80 80 61 651 58 54 86 58 661 58 671 833 60 52 57 65 56 56 53 53 59 55
h0102 6 56 44 73 55 65 69 61 57 67 63 681 721 72 68 52 441 60 64 80 80 491 53 62 58 78 66 661 50 671 75 56 56 57 61 56 601 45 611 63 63
h0112 6 77 61 85 55 61 731 61 57 75 79 761 84 87 751 52 28 56 64 80 88 53 53 62 46 74 621 661 58 671 711 56 52 53 53 56 60 41 53 59 63
h0122 6 65 81 67 81 691 77 61 49 71 79 681 68 68 1431 64 44 56 64 76 64 53 57 62 46 741 58 66 54 79 63 56 52 57 65 56 60 41 61 59 63
h0132 6 45 65 63 85 652 53 57 49 75 67 72 681 1271 60 73 44 56 64 76 72 53 61 62 58 78 58 62 61 671 79 56 60 57 53 60 64 53 61 63 55
h0142 6 56 44 59 88 571 53 61 57 71 71 72 80 68 80 56 36 60 64 80 76 491 612 50 70 78 66 541 42 671 79 56 56 57 65 60 60 57 49 63 55
h0152 6 69 65 67 104 691 77 61 65 63 79 76 64 68 76 61 48 56 52 80 80 45 61 50 66 70 62 501 50 79 75 60 52 57 57 56 60 45 611 63 55
h0162 6 52 49 59 51 731 69 61 57 75 711 801 68 64 115 601 28 60 641 76 76 651 531 58 54 62 62 541 50 79 552 56 56 57 61 60 68 57 53 63 55
h0172 6 69 73 63 63 61 89 57 49 75 75 641 762 72 1193 40 481 64 52 80 72 612 531 74 54 66 781 781 46 671 711 56 56 65 53 60 68 41 41 59 63
h0182 6 56 49 63 59 691 69 57 45 75 752 72 76 68 80 52 44 76 64 88 72 61 61 50 66 78 66 62 54 71 79 56 56 61 53 60 60 41 49 63 55
h0192 6 69 77 63 71 651 37 57 65 712 751 76 64 68 103 56 28 56 521 80 76 53 49 58 46 74 66 62 58 79 79 56 52 57 61 60 60 41 53 63 55
h0202 6 60 44 55 81 65 53 61 57 75 67 76 601 68 123 28 36 60 60 80 72 53 531 58 54 86 66 62 621 79 833 56 60 61 53 56 60 53 61 59 63
h0212 6 69 41 63 55 651 651 61 57 67 55 76 64 64 76 64 28 64 52 76 72 491 53 62 46 62 66 661 54 711 63 56 48 57 61 56 60 53 45 63 63
h0222 6 69 52 63 81 651 69 61 61 71 67 72 80 68 1112 52 28 64 64 80 80 53 61 50 54 82 58 741 46 671 672 56 56 57 57 60 68 45 49 63 55
h0232 6 73 77 71 59 65 69 61 57 671 833 72 681 68 68 441 441 64 64 88 72 53 61 66 66 82 62 701 50 671 751 60 52 57 61 56 68 41 53 63 55
h0242 6 49 44 63 81 69 53 57 65 67 752 641 68 68 76 61 48 56 56 76 72 491 57 62 50 62 141 58 42 79 75 56 60 57 61 56 60 57 53 63 55
h0252 6 69 49 63 63 65 65 61 69 71 132 641 64 68 76 56 28 60 561 88 72 612 57 50 70 62 66 62 581 593 631 56 48 57 61 56 60 41 61 63 55
h0262 6 45 69 63 55 491 771 61 57 71 67 601 761 87 751 40 441 56 64 80 72 53 61 62 70 78 62 66 741 71 79 56 56 57 61 56 60 41 49 59 63
h0272 6 41 44 55 92 65 652 61 57 671 832 761 84 64 68 52 28 76 561 76 72 53 612 54 75 82 66 62 63 672 79 56 64 57 61 601 68 53 611 63 63
h0282 6 45 56 67 55 65 731 61 65 67 831 722 68 72 131 64 48 60 64 72 72 53 53 66 46 70 78 66 66 552 551 56 52 61 61 56 68 57 45 59 63
h0292 6 77 65 71 35 65 611 57 65 71 751 722 68 76 751 601 44 56 64 76 88 53 53 62 62 66 781 62 50 79 593 56 56 61 61 68 64 41 53 63 55
h0302 6 65 52 85 59 691 61 57 57 67 67 76 64 80 751 601 481 56 64 80 76 53 53 54 46 70 70 621 42 671 79 56 56 57 57 56 68 57 53 59 63
h0312 6 45 44 63 85 651 61 57 57 71 872 76 762 64 76 28 36 56 561 80 84 53 53 58 54 70 70 50 50 552 63 56 60 57 53 601 60 57 61 59 63
h0322 6 73 65 79 67 65 61 61 61 63 671 682 64 68 68 56 481 56 64 80 76 491 57 62 58 90 66 621 42 672 79 56 56 57 57 56 60 41 57 63 55
h0332 6 73 41 75 55 651 731 61 57 71 671 68 881 64 123 52 481 56 52 80 76 57 57 62 58 82 66 66 66 672 75 52 48 57 57 56 60 45 61 63 55
h0342 6 77 44 59 81 57 80 61 57 71 752 72 681 64 83 56 481 60 64 80 84 65 531 62 58 82 62 501 42 79 79 56 56 61 53 60 68 53 53 59 63
h0352 6 69 65 67 97 65 811 73 45 75 75 72 76 68 76 64 44 56 68 76 88 57 45 58 54 82 66 70 54 79 833 56 56 57 61 56 60 45 49 63 67
h0362 6 73 52 71 67 611 49 57 73 67 67 721 64 72 1191 52 28 68 52 80 72 53 612 50 58 70 62 541 42 671 79 56 52 57 53 56 64 41 57 63 55
h0372 6 69 41 55 51 65 37 61 65 75 79 681 722 68 131 52 48 64 52 80 80 53 57 62 66 82 62 82 42 79 75 56 56 65 53 56 60 53 45 59 55
h0382 6 69 73 71 59 65 69 61 65 75 136 72 722 68 1431 40 481 56 68 80 72 53 53 54 46 62 62 581 54 671 79 56 60 57 53 56 64 45 49 63 55
h0392 6 73 68 55 93 69 53 61 45 75 79 682 76 68 1031 601 481 56 68 80 76 53 57 62 75 54 98 63 46 71 75 56 52 57 53 56 68 41 53 63 55
h0402 6 73 77 79 55 611 53 57 65 75 79 72 762 72 76 52 28 72 52 80 76 491 53 66 54 82 66 501 66 79 552 56 56 57 53 56 60 57 611 63 55
h0412 6 45 69 55 88 651 53 61 49 71 63 76 64 64 1112 52 48 72 521 80 72 53 53 58 70 70 621 62 50 671 79 56 48 57 57 56 68 41 53 63 55
h0422 6 69 73 63 55 611 771 61 61 75 71 72 722 72 68 52 28 56 52 80 80 45 651 62 58 70 82 501 50 672 79 60 52 61 61 56 60 41 53 63 671
h0432 6 45 44 59 69 691 691 61 45 71 631 72 721 68 76 52 481 60 64 80 80 53 61 62 50 82 62 66 541 75 711 56 56 57 61 601 52 45 61 59 59
h0442 6 56 52 73 67 691 69 61 61 63 752 682 68 68 87 601 28 60 64 80 80 491 57 50 58 70 50 661 61 79 711 56 60 57 57 56 52 53 49 63 55
h0452 6 73 44 55 81 611 771 61 61 75 671 72 72 72 80 601 521 56 56 80 80 57 61 58 54 70 66 62 54 672 75 56 48 57 61 56 56 41 53 63 63
h0462 6 65 49 63 51 69 77 61 45 712 132 72 682 72 68 52 521 64 64 84 72 491 53 50 54 66 66 661 54 552 551 56 52 57 61 56 64 41 611 59 63
h0472 6 73 44 63 51 611 53 65 65 71 671 76 64 76 1112 52 44 60 561 80 80 53 651 66 46 58 98 66 54 79 79 56 48 57 61 56 60 41 612 63 55
h0482 6 69 68 63 67 61 771 57 57 71 79 681 76 68 80 601 28 56 60 80 80 53 61 50 54 82 66 58 42 671 711 56 64 61 53 56 64 41 57 59 55
h0492 6 69 69 77 55 691 61 61 57 71 752 641 64 68 76 52 441 56 64 80 80 491 61 62 46 82 66 461 781 79 79 56 52 57 53 56 60 41 53 59 55
h0502 6 69 73 55 51 65 61 57 65 792 791 72 64 72 88 52 481 56 52 76 84 491 491 62 54 661 58 661 46 671 672 56 56 57 65 56 68 57 53 59 63
h0512 6 69 41 85 55 73 73 57 65 67 831 72 881 72 72 601 56 56 56 76 76 53 651 62 46 66 66 661 66 75 67 56 60 57 61 56 56 41 53 59 55
h0522 6 45 68 67 59 691 611 61 61 71 67 681 68 72 68 52 441 56 52 80 76 53 612 62 46 78 58 66 621 672 79 56 52 57 61 56 56 41 53 63 55
h0532 6 56 65 67 55 651 69 61 65 71 833 641 64 68 76 56 48 601 52 80 76 491 491 62 54 741 66 58 42 75 711 52 52 57 61 56 60 41 53 63 63
h0542 6 69 52 55 59 69 80 61 57 67 67 72 601 68 79 601 601 72 52 80 76 57 61 62 66 86 66 701 50 79 79 56 60 61 53 56 64 41 49 63 55
h0552 6 45 69 63 55 691 69 61 57 67 1322 72 64 72 64 40 28 76 64 72 72 53 612 66 46 54 66 661 50 672 631 56 56 57 61 56 56 57 611 63 55
h0562 6 45 65 79 67 771 73 57 53 631 67 681 76 72 64 601 44 64 68 80 72 53 53 54 54 82 62 661 66 751 79 56 64 57 61 56 60 37 49 59 63
h0572 6 65 41 59 81 771 53 57 57 671 671 80 64 64 68 52 481 60 64 72 72 53 45 66 46 54 54 62 66 79 792 56 56 57 61 56 60 53 45 59 63
h0582 6 65 41 75 55 691 53 61 57 75 67 681 68 64 1271 601 28 56 52 80 84 612 57 50 75 62 66 62 57 79 592 56 60 57 61 60 68 45 49 59 59
h0592 6 69 56 71 59 69 49 57 65 75 831 722 68 72 68 481 61 56 64 80 80 45 571 62 75 70 54 70 50 591 59 56 60 57 61 56 60 41 53 59 55
h0602 6 60 44 63 63 65 691 57 69 67 671 76 76 68 68 56 28 56 64 76 72 45 61 50 58 90 58 701 66 672 551 56 56 57 61 56 56 41 53 63 671
h0612 6 52 61 63 55 491 53 61 65 71 67 72 762 68 79 601 28 60 72 88 72 53 57 66 54 86 62 581 58 671 75 56 56 57 61 56 68 53 53 59 63
h0622 6 41 68 63 63 731 53 65 45 71 63 681 76 64 76 52 67 56 64 76 76 57 61 62 46 90 66 462 50 671 672 56 60 61 53 60 60 57 61 63 55
h0632 6 69 48 67 67 651 53 57 57 67 63 84 64 68 1112 52 48 72 561 80 80 53 45 74 50 90 62 541 50 79 552 56 56 57 53 60 68 45 49 59 59
h0642 6 69 41 67 81 69 73 61 45 71 752 721 68 68 1431 40 67 60 64 84 72 57 531 54 46 86 62 581 54 671 79 56 56 57 65 56 60 41 53 59 63
h0652 6 69 77 63 51 651 691 61 57 75 71 64 763 68 1232 52 48 56 521 76 76 53 53 54 34 70 66 661 65 79 711 56 60 57 61 56 56 53 612 63 55
h0662 6 41 68 55 116 691 61 57 69 75 59 722 761 64 103 64 28 64 601 80 72 53 57 58 54 70 78 62 42 671 75 52 52 57 57 56 60 41 53 59 63
h0672 6 41 44 71 1001 651 69 61 69 67 752 72 721 72 76 56 441 76 72 76 72 612 57 62 46 82 66 541 54 671 79 56 56 57 57 56 60 57 45 63 55
h0682 6 73 52 59 101 65 69 61 45 67 79 84 68 68 123 481 65 56 52 72 72 53 53 54 46 90 58 62 50 79 75 56 52 57 61 56 56 41 612 63 63
h0692 6 41 44 63 55 65 77 61 57 75 79 72 681 68 1031 52 48 56 64 80 76 53 691 62 46 74 66 661 58 671 79 56 56 57 61 56 56 41 53 63 55
h0702 6 73 41 79 55 651 37 61 57 71 71 762 84 64 1231 481 64 60 64 80 72 53 61 62 54 62 66 70 581 79 593 56 60 57 53 56 60 57 53 59 63
h0712 6 52 44 71 55 65 80 61 65 79 872 76 763 68 115 40 28 56 52 80 72 53 57 79 46 82 58 66 50 671 71 56 52 61 65 56 68 57 49 59 63
h0722 6 45 61 67 100 69 53 57 65 75 75 72 64 68 135 481 65 64 72 80 80 53 57 66 54 62 66 66 781 672 79 60 64 57 53 56 60 45 49 59 63
h0732 6 73 44 63 51 69 491 61 65 79 1441 641 76 76 87 36 48 60 52 84 72 53 57 50 66 78 62 501 54 671 63 56 56 57 61 64 64 57 49 59 63
h0742 6 45 65 55 81 65 651 57 69 75 67 72 681 68 79 601 65 56 52 80 72 57 57 62 62 661 98 66 621 79 79 56 56 61 61 56 60 41 53 63 55
h0752 6 56 61 71 67 65 691 57 57 75 71 72 76 72 64 56 44 56 56 80 76 53 53 62 66 90 62 66 66 671 79 56 52 57 57 601 64 57 57 63 55
h0762 6 69 73 63 67 611 771 61 57 67 712 681 68 64 68 52 72 56 52 80 84 53 61 50 70 94 62 62 54 672 593 56 60 61 53 56 60 41 49 59 63
h0772 6 69 52 77 55 65 691 61 57 75 752 681 68 64 87 40 56 56 64 72 72 53 53 70 46 66 98 541 42 671 751 56 56 57 53 56 64 41 41 59 63
h0782 6 69 73 67 59 651 491 61 57 71 67 72 72 68 752 40 48 641 52 80 76 61 49 66 46 54 54 701 54 79 79 56 56 53 53 56 60 57 53 59 55
h0792 6 73 44 73 67 69 89 57 65 71 67 72 681 68 115 601 48 64 52 80 84 53 53 50 46 62 141 741 61 71 79 56 56 61 53 601 60 57 612 63 55
h0802 6 45 65 55 83 61 731 61 61 79 132 72 721 68 80 52 601 56 561 72 72 53 53 74 50 82 62 62 50 672 71 56 56 57 53 56 60 41 53 63 55
h0812 6 52 48 67 59 89 37 61 45 71 71 641 76 72 1112 56 44 56 52 80 72 53 57 74 46 82 62 701 42 672 672 56 60 57 61 601 52 41 57 59 63
h0822 6 69 65 63 59 53 37 61 45 67 712 801 721 68 1391 40 481 56 52 76 72 53 61 62 54 78 621 462 42 71 79 56 60 57 65 60 68 57 53 59 63
h0832 6 73 41 59 81 691 73 65 45 63 751 72 64 72 87 40 481 56 52 80 76 53 49 62 46 82 62 58 42 672 79 56 60 65 53 56 56 57 49 59 63
h0842 6 52 44 79 71 731 53 61 73 75 79 72 64 72 72 28 36 56 64 80 92 53 61 62 58 54 62 62 42 672 79 56 48 57 61 56 60 41 41 59 59
h0852 6 69 65 63 75 651 491 65 53 75 67 681 761 72 1391 64 44 56 60 88 72 53 53 62 50 78 621 50 42 671 79 56 56 53 53 56 56 45 61 63 55
h0862 6 65 49 77 55 691 69 61 61 67 1361 681 721 68 131 61 441 72 52 80 80 53 65 62 50 70 54 58 50 751 75 56 60 57 61 60 641 53 45 63 55
h0872 6 77 65 79 55 49 37 61 57 71 71 681 76 72 60 40 481 56 64 76 84 491 612 62 46 78 58 62 54 79 75 56 60 57 61 56 56 57 61 59 63
h0882 6 73 65 67 59 69 491 61 45 71 63 72 722 72 123 56 44 56 52 80 72 53 53 50 66 94 62 58 781 79 711 56 52 57 53 68 64 57 53 59 59
h0892 6 41 44 55 81 65 691 57 57 67 63 72 721 76 1112 52 481 56 60 88 72 612 45 66 46 82 62 661 61 672 672 56 56 57 57 56 60 41 61 63 63
h0902 6 69 44 73 55 65 731 65 65 71 67 76 64 68 76 52 44 56 64 80 76 53 61 62 54 62 98 661 54 79 79 56 48 57 57 56 60 53 53 59 63
h0912 6 73 65 77 67 77 771 61 57 75 75 761 762 68 76 64 44 56 64 80 84 491 53 70 75 94 621 70 46 672 75 56 52 57 53 56 56 45 611 59 63
h0922 6 89 44 71 55 61 89 61 45 67 63 722 64 72 1031 52 36 60 52 84 72 61 61 66 54 102 621 66 50 79 59 60 52 57 57 56 60 41 53 59 63
h0932 6 41 44 63 89 65 811 57 73 71 671 761 84 76 1152 601 48 60 64 76 88 57 45 62 58 90 90 581 50 71 79 56 52 57 61 56 56 53 45 59 63
h0942 6 69 52 63 81 811 69 57 49 71 71 76 762 72 80 40 44 64 72 76 76 491 61 50 46 90 62 62 66 79 79 56 60 57 57 56 52 41 57 59 63
h0952 6 69 52 55 81 691 49 61 53 75 75 722 64 68 68 28 441 56 64 80 76 53 45 62 58 70 66 62 42 71 79 56 60 57 61 56 60 41 37 59 63
h0962 6 45 69 71 81 61 69 57 65 79 831 80 64 80 712 52 52 56 52 80 76 491 61 66 46 82 62 621 46 792 63 56 56 57 61 68 68 57 45 59 63
h0972 6 45 56 63 55 65 61 61 61 75 751 641 721 76 115 52 28 56 52 80 80 45 61 62 75 82 62 661 66 79 79 52 48 57 61 60 68 53 53 63 55
h0982 6 77 44 63 63 651 691 57 65 75 144 76 64 72 1272 52 56 56 561 76 84 53 53 62 46 78 66 462 54 79 79 56 56 61 61 56 60 57 49 63 63
h0992 6 45 41 79 59 611 69 57 65 79 831 72 68 68 76 56 44 76 64 76 76 53 651 58 70 74 54 62 58 79 792 52 52 57 57 56 56 41 45 63 63
h1002 6 65 81 79 55 691 61 61 65 71 792 72 681 68 1112 40 40 641 52 80 72 45 65 62 46 70 82 67 50 672 672 60 52 57 65 64 64 45 49 59 55
MSV21T 7 45 73 75 55 611 611 61 57 67 67 72 64 68 71 28 44 56 52 80 76 491 571 66 46 62 58 50 50 79 79 56 56 57 57 60 68 53 53 55 55
M2E71 7 73 85 63 55 69 37 61 57 71 67 722 64 71 71 28 44 56 52 76 72 491 65 66 46 74 62 50 26 79 833 56 52 57 69 60 60 41 49 55 55
h0013 8 56 49 55 35 691 77 57 57 71 67 72 681 68 68 481 44 68 52 80 80 53 53 62 50 70 62 54 50 75 631 56 56 57 61 56 60 53 61 63 55
h0023 8 69 41 63 55 49 53 61 57 71 792 64 64 72 123 40 481 52 52 80 80 53 61 50 46 62 66 54 50 671 672 56 52 57 57 56 60 53 53 59 63
h0033 8 56 68 71 55 691 69 57 57 67 831 641 64 76 1312 36 44 60 60 80 84 53 571 62 58 94 62 54 61 79 79 56 48 57 61 56 60 45 49 55 55
h0043 8 56 44 75 55 651 611 61 61 75 792 721 68 72 72 28 441 64 64 80 88 491 53 62 75 62 62 50 46 671 79 56 52 53 53 56 60 45 611 55 55
h0053 8 69 48 55 59 691 53 57 57 71 831 72 721 72 68 52 48 52 521 80 76 491 53 62 50 70 66 54 42 672 672 56 60 57 65 60 68 53 61 63 55
h0063 8 49 44 63 55 65 49 61 57 71 67 72 721 68 751 52 481 68 561 80 76 53 57 62 46 66 58 54 42 79 63 56 56 57 61 56 60 49 61 63 55
h0073 8 69 56 77 59 77 73 61 57 79 132 72 84 68 68 40 28 60 52 80 80 53 612 66 46 62 621 66 54 792 63 56 56 65 53 60 60 53 53 59 55
h0083 8 65 44 63 81 811 37 61 57 71 71 64 68 72 68 52 601 56 52 72 72 612 61 50 58 62 66 62 54 79 79 56 56 57 53 60 68 57 49 59 55
h0093 8 65 41 67 55 61 53 61 57 75 671 762 68 72 68 52 481 60 60 80 76 57 61 62 75 62 58 461 50 671 79 56 56 57 57 56 64 57 37 55 55
h0103 8 56 65 55 55 65 69 61 57 75 71 64 64 68 68 28 44 641 52 80 80 53 57 62 62 62 66 66 54 671 79 56 52 57 57 60 60 57 53 63 63
h0113 8 73 41 67 67 69 49 61 49 71 671 72 68 64 68 481 28 64 64 80 80 53 61 62 58 78 58 462 46 79 79 56 56 57 61 56 52 53 49 63 55
h0123 8 69 68 63 55 61 652 61 65 75 1322 681 64 68 60 52 601 64 64 76 72 53 61 50 66 82 66 62 57 671 75 56 56 57 61 56 52 53 49 63 55
h0133 8 41 44 63 63 69 53 57 73 67 79 72 722 68 68 52 28 56 52 80 80 45 61 50 75 82 62 661 42 672 79 56 56 57 57 56 56 49 61 59 59
h0143 8 56 52 63 59 61 53 49 45 75 71 76 721 64 115 36 44 56 64 84 84 53 57 50 66 741 58 54 46 672 79 56 56 61 61 56 60 57 53 67 55
h0153 8 49 44 67 55 69 49 61 57 71 67 64 68 68 68 40 481 64 64 80 80 61 531 62 58 70 62 661 50 79 591 56 56 57 61 56 68 53 53 63 55
h0163 8 49 44 63 67 651 69 57 45 75 751 80 68 68 1112 44 44 64 561 80 76 53 45 58 54 82 62 50 46 79 79 56 60 57 61 56 60 41 57 55 55
h0173 8 65 68 55 92 69 37 57 57 75 132 76 761 72 80 40 28 56 64 76 84 491 61 54 54 82 62 661 54 671 79 56 52 57 57 641 52 57 53 59 63
h0183 8 77 56 55 55 691 53 61 53 79 59 72 721 68 751 40 44 56 64 80 80 53 45 50 46 62 62 54 46 79 593 56 48 57 61 60 68 57 49 63 63
h0193 8 52 48 63 63 65 73 57 57 75 71 761 761 72 751 52 48 56 641 80 76 53 57 58 34 62 58 50 50 672 593 56 52 57 65 56 68 53 45 63 55
h0203 8 68 801 63 67 69 73 65 65 71 751 641 763 64 80 601 28 64 52 80 84 53 53 50 54 66 621 58 50 671 75 56 52 57 65 60 68 41 53 59 63
h0213 8 49 44 67 55 61 61 61 61 63 79 641 64 72 68 56 28 64 72 80 88 57 61 50 46 62 62 66 50 671 79 56 56 57 53 56 60 41 53 59 55
h0223 8 69 69 67 55 61 731 61 61 71 67 762 68 64 76 28 28 56 52 80 76 53 53 46 34 54 66 50 46 71 631 60 52 57 57 68 52 53 53 59 63
h0233 8 73 52 55 55 691 37 61 57 71 63 681 68 68 751 64 44 64 52 76 72 57 61 58 46 62 66 66 50 79 75 56 52 57 61 60 68 41 611 55 55
h0243 8 65 44 55 59 69 69 61 57 71 67 72 64 72 80 65 521 68 521 80 72 53 612 62 54 62 66 62 581 79 79 56 56 61 53 60 68 41 57 59 63
h0253 8 65 65 55 55 691 69 57 57 71 671 72 763 72 68 52 28 56 52 80 76 491 53 58 46 86 50 661 50 672 71 56 52 57 57 56 64 41 612 59 59
h0263 8 69 65 55 59 691 37 57 57 75 752 80 761 64 76 28 67 68 521 80 80 57 61 66 54 70 82 661 54 672 551 56 52 61 61 56 60 41 53 63 55
h0273 8 65 68 63 81 611 69 61 61 67 671 64 68 72 68 44 48 64 52 80 72 57 45 62 50 70 58 58 54 79 711 56 60 57 61 60 64 57 45 59 55
h0283 8 69 44 73 67 69 69 57 57 751 132 72 64 68 80 61 44 56 64 80 84 491 53 54 46 70 58 581 50 79 631 56 60 57 53 60 68 57 53 59 59
h0293 8 69 41 55 81 691 57 57 57 71 831 72 64 76 751 28 28 56 52 76 76 53 61 74 46 70 66 62 54 79 79 56 56 61 53 56 60 53 612 63 55
h0303 8 73 65 63 88 651 61 57 65 75 71 721 64 68 68 601 48 60 60 76 72 53 53 62 54 66 58 461 50 671 79 52 48 61 61 56 60 41 41 59 59
h0313 8 73 65 63 63 61 53 57 65 71 71 722 761 72 76 44 44 60 64 80 84 57 61 58 75 66 621 42 42 671 792 56 56 57 57 56 60 41 49 59 55
h0323 8 65 44 71 55 65 691 57 57 71 671 76 721 64 68 441 48 56 64 80 72 491 531 58 46 62 66 50 46 79 591 52 52 57 57 68 64 611 61 63 55
h0333 8 56 56 63 67 69 77 57 57 67 671 72 681 68 68 52 481 64 52 72 72 57 61 62 58 90 62 661 50 79 79 56 56 57 61 56 68 41 49 59 63
h0343 8 65 44 71 55 61 731 61 57 75 631 84 64 72 751 40 481 64 521 80 80 53 45 62 46 66 58 621 42 79 631 56 52 57 65 60 64 41 45 59 63
h0353 8 73 61 63 101 61 73 57 65 71 71 72 68 68 131 481 64 64 561 80 80 45 45 46 34 90 62 66 54 79 79 56 56 57 53 60 68 49 612 59 55
h0363 8 65 44 67 51 651 69 65 65 75 71 641 72 68 68 441 48 64 64 84 72 491 53 50 50 78 58 46 42 671 672 56 52 57 61 56 60 41 45 63 55
h0373 8 52 44 63 59 691 53 45 45 67 671 72 721 72 68 28 28 64 68 80 80 53 612 62 46 58 141 62 66 79 63 56 56 57 57 60 68 41 49 59 55
h0383 8 69 68 85 67 65 491 61 57 75 59 641 76 68 83 44 48 52 52 80 72 53 45 66 54 58 102 62 42 672 551 56 64 57 53 56 68 53 61 59 55
h0393 8 73 65 63 92 651 53 57 45 67 132 72 64 72 68 481 44 60 64 76 76 53 53 46 46 66 58 661 54 672 792 56 56 57 61 60 64 611 612 63 55
h0403 8 69 44 63 59 65 69 61 57 67 67 64 763 68 68 441 48 64 52 80 76 61 61 50 46 62 66 66 42 751 79 56 52 61 61 68 64 53 611 63 55
h0413 8 73 44 63 59 61 611 57 65 75 67 68 68 72 72 52 48 56 64 80 80 53 45 50 75 70 62 661 50 671 672 60 60 57 61 60 52 57 53 63 55
h0423 8 65 44 55 81 731 611 65 69 71 79 72 80 64 68 28 441 56 52 76 72 53 57 62 54 54 66 54 46 63 63 56 52 61 53 60 60 57 53 63 55
h0433 8 69 65 55 59 65 61 57 45 79 792 72 722 64 80 52 52 52 52 76 72 57 57 50 46 62 66 54 61 672 79 56 64 57 61 56 64 49 612 59 55
h0443 8 65 44 59 81 691 691 61 45 71 71 641 761 68 751 72 56 56 521 80 72 61 531 50 46 62 66 501 61 671 79 56 56 61 53 56 60 41 53 59 55
h0453 8 77 44 63 67 61 61 61 57 71 671 681 64 68 76 28 44 56 52 80 72 53 57 50 46 82 702 62 46 79 631 56 52 57 65 56 52 45 61 59 55
h0463 8 73 65 63 75 65 37 57 57 75 79 721 68 64 68 40 36 64 561 76 72 53 45 50 46 54 82 581 54 79 79 56 52 61 53 56 60 49 61 59 55
h0473 8 45 65 63 59 65 61 61 57 71 71 64 68 68 76 44 48 68 52 80 72 53 53 74 50 70 66 42 42 671 79 56 64 57 53 64 52 53 53 59 63
h0483 8 65 44 63 67 65 69 57 73 71 671 641 64 64 60 48 48 56 76 80 76 53 61 54 54 66 66 66 46 79 591 56 56 61 61 56 68 41 53 59 55
h0493 8 69 56 67 55 61 811 65 69 671 671 681 761 64 76 52 441 56 64 84 72 491 53 50 58 58 621 621 42 552 631 56 56 57 57 56 60 53 53 55 55
h0503 8 73 73 59 59 61 77 61 65 75 752 72 68 68 131 48 48 56 64 80 72 53 57 50 54 54 54 50 50 79 79 56 56 57 53 56 56 53 49 59 55
h0513 8 45 49 71 59 77 53 61 57 71 71 76 64 64 1431 601 601 64 561 80 72 57 45 62 75 70 82 62 42 671 751 56 52 61 61 60 52 41 53 63 55
h0523 8 73 44 63 55 651 69 57 65 71 751 721 721 64 68 56 28 64 68 80 76 53 53 50 50 66 50 621 50 79 711 56 56 57 61 60 68 53 61 63 55
h0533 8 73 56 63 59 65 611 61 65 75 71 84 64 68 103 481 67 52 52 80 76 53 57 54 46 66 66 66 462 79 79 56 56 61 53 601 68 41 53 59 63
h0543 8 56 56 67 51 691 77 57 65 75 67 76 68 72 76 40 64 60 52 80 76 45 531 62 75 78 66 66 46 671 79 56 56 57 61 56 56 57 61 59 63
h0553 8 45 44 63 85 65 61 57 45 75 67 76 64 87 751 28 67 64 641 80 72 53 57 75 46 54 58 62 46 79 63 56 56 57 61 56 60 53 53 59 59
h0563 8 69 65 55 59 691 61 57 57 75 75 72 64 64 60 52 44 64 52 76 84 491 531 62 75 70 50 62 581 79 79 56 52 61 61 56 60 49 61 63 55
h0573 8 69 44 55 81 65 53 57 73 75 831 72 801 64 123 40 28 64 521 80 72 53 61 62 46 82 66 66 462 79 79 56 56 57 61 56 52 57 53 59 63
h0583 8 69 77 71 59 57 69 57 69 75 63 761 721 76 76 28 44 64 64 80 80 53 61 62 50 70 62 66 46 79 79 56 56 57 57 56 64 57 45 59 55
h0593 8 69 41 55 59 611 73 61 69 67 752 721 64 103 76 601 44 64 52 80 72 53 57 58 46 62 66 50 42 79 79 56 56 61 61 601 64 53 53 59 55
h0603 8 69 65 67 59 611 771 61 61 75 67 76 64 68 68 40 481 64 64 92 84 45 531 62 46 66 621 66 621 71 79 56 64 57 53 56 64 53 61 63 63
h0613 8 73 52 63 67 811 69 61 65 75 67 761 68 76 1312 48 48 56 52 80 72 53 61 50 50 62 66 621 61 671 79 56 56 57 57 56 60 57 49 59 63
h0623 8 69 73 71 59 61 69 61 57 75 71 72 761 68 68 64 28 64 52 80 76 491 53 58 46 62 66 62 54 79 79 56 52 57 57 60 52 41 41 59 63
h0633 8 73 41 71 55 691 69 61 57 71 67 72 68 68 1152 52 44 56 52 80 72 53 531 62 66 62 621 50 42 79 75 56 60 57 57 56 60 41 57 59 55
h0643 8 69 52 59 88 53 37 57 57 75 136 641 72 68 76 481 44 56 64 80 72 53 53 62 50 54 58 66 42 672 79 56 56 57 53 60 68 41 41 63 55
h0653 8 45 68 59 59 691 69 57 45 75 67 801 64 64 1431 56 62 56 56 80 80 57 61 50 46 54 86 62 54 671 751 56 56 57 61 56 56 53 53 63 55
h0663 8 69 49 67 55 691 69 57 45 75 75 72 80 64 68 56 48 64 64 76 76 61 531 62 54 94 66 581 46 79 551 56 56 57 61 56 64 53 49 63 55
h0673 8 69 77 55 59 65 61 61 61 75 751 76 64 72 68 52 44 64 52 72 72 491 57 58 54 70 66 61 46 79 79 56 56 57 57 56 52 49 61 59 63
h0683 8 65 41 63 67 651 53 61 45 75 79 72 761 68 76 56 28 56 561 80 80 612 61 46 46 62 62 50 42 672 593 56 52 61 53 68 68 41 53 59 55
h0693 8 65 44 55 55 691 491 57 65 75 71 72 761 68 80 56 481 72 52 80 72 53 612 62 58 54 54 82 66 671 79 56 56 61 53 56 60 53 61 59 59
h0703 8 69 56 63 59 731 69 61 57 75 75 76 64 68 123 52 28 64 72 80 84 491 61 62 54 62 621 66 66 79 79 56 56 57 53 601 60 53 53 59 63
h0713 8 69 68 71 67 61 69 57 53 67 831 641 72 68 68 681 521 64 52 80 72 53 57 75 46 66 66 781 42 671 751 56 64 57 61 60 68 53 612 59 63
h0723 8 44 44 63 59 65 691 61 61 71 71 84 64 64 68 601 56 52 52 80 72 45 49 62 46 62 621 661 54 79 79 56 52 61 53 60 52 41 53 59 55
h0733 8 65 52 63 55 771 53 61 57 71 791 722 64 72 76 601 481 60 68 76 72 57 57 50 58 70 66 46 42 833 63 56 56 61 53 56 56 53 45 59 55
h0743 8 41 68 71 88 65 69 61 57 67 671 721 68 72 115 40 61 56 56 80 84 53 531 46 46 66 66 61 42 751 79 56 48 57 57 56 64 41 57 59 63
h0753 8 69 56 63 59 65 53 61 57 71 132 64 68 72 80 481 44 64 52 80 72 53 53 50 58 62 62 61 42 671 79 56 56 57 53 56 64 53 612 63 55
h0763 8 73 41 63 55 69 69 61 65 67 712 72 76 68 68 52 44 64 561 80 76 57 61 58 75 70 62 62 50 672 79 56 64 57 61 56 68 53 612 63 63
h0773 8 73 65 67 55 65 491 61 61 75 751 601 721 72 76 601 44 64 52 88 72 69 531 58 54 66 66 66 42 671 79 56 56 57 65 56 56 57 612 63 55
h0783 8 45 44 63 89 65 73 61 61 75 67 681 64 64 68 56 681 56 52 80 80 53 53 50 54 70 66 62 46 672 79 56 64 57 57 68 68 41 53 59 59
h0793 8 69 69 67 55 65 69 57 57 75 75 76 761 68 68 441 48 64 52 80 80 61 531 50 54 70 90 50 42 79 79 56 64 57 61 60 60 57 53 59 55
h0803 8 65 65 55 81 61 37 61 57 75 712 722 64 68 1271 481 481 52 52 72 72 57 531 50 46 70 58 66 42 79 79 56 64 57 57 56 60 53 611 59 55
h0813 8 65 44 59 81 61 69 61 57 63 831 76 68 68 68 28 44 56 521 76 72 491 61 66 46 90 66 781 54 79 711 56 52 57 61 60 60 49 49 59 63
h0823 8 48 44 67 55 73 80 61 57 75 752 721 64 68 68 28 65 64 561 80 76 612 57 54 46 98 621 66 50 79 75 56 52 57 57 60 60 41 53 63 55
h0833 8 73 73 67 67 65 691 57 73 71 67 72 68 72 64 52 44 52 52 80 72 57 45 50 50 82 621 58 54 75 63 56 52 57 61 56 64 53 45 55 55
h0843 8 52 44 71 67 61 53 61 57 75 67 72 762 72 68 601 681 56 52 76 72 491 53 66 75 62 58 50 50 672 672 56 52 57 57 56 56 53 49 55 55
h0853 8 52 68 67 51 651 69 57 57 75 67 72 68 76 87 52 52 56 64 80 76 61 61 50 50 86 66 50 50 671 672 56 56 61 61 601 60 53 45 59 59
h0863 8 73 68 75 59 691 57 65 45 71 71 681 68 68 76 601 48 64 64 80 72 53 61 66 46 82 62 62 50 79 79 56 60 57 53 56 64 41 57 59 55
h0873 8 69 65 63 67 691 69 61 65 75 71 72 64 1231 751 601 56 60 64 80 72 53 53 62 66 62 62 62 46 751 79 56 60 57 61 56 60 611 61 59 55
h0883 8 56 68 73 59 61 73 57 57 71 71 72 64 68 68 52 28 64 68 76 88 53 53 62 50 54 66 66 58 79 551 56 60 57 61 56 56 53 53 63 55
h0893 8 61 44 63 59 731 53 57 45 71 671 682 64 68 68 56 28 60 521 80 72 491 53 50 54 62 66 42 42 671 79 60 52 61 61 68 68 57 53 63 55
h0903 8 69 52 71 55 61 69 61 65 71 67 721 64 68 68 601 28 56 52 80 72 53 651 58 75 58 58 62 66 672 75 60 60 57 57 60 60 49 49 55 671
h0913 8 69 61 67 81 65 49 57 65 71 79 64 64 72 64 601 48 64 561 80 72 53 53 50 58 62 661 62 661 671 631 56 56 57 53 56 60 49 61 63 63
h0923 8 69 49 63 55 61 69 61 57 75 71 72 64 72 76 36 521 60 64 80 72 53 53 50 58 74 62 781 50 672 711 60 64 53 53 56 68 41 41 59 59
h0933 8 69 77 67 104 61 77 61 57 75 71 72 72 68 80 28 48 60 52 80 76 53 61 62 58 70 62 58 46 552 63 56 56 57 61 60 60 41 53 55 55
h0943 8 69 65 63 71 65 691 57 65 63 132 64 68 1431 751 52 48 64 561 76 84 491 53 46 46 78 58 54 54 671 79 56 52 57 61 56 64 53 61 59 55
h0953 8 73 44 79 55 65 53 49 45 67 67 601 763 72 68 56 28 56 52 80 72 491 65 54 75 62 58 54 54 79 631 56 48 57 57 56 68 53 612 55 55
h0963 8 65 44 71 67 691 691 61 45 144 87 76 84 64 68 601 481 56 52 80 72 53 53 62 75 54 66 54 54 671 79 56 56 57 61 60 52 53 49 59 55
h0973 8 52 44 67 67 61 53 57 57 75 71 76 64 72 72 44 48 72 68 80 76 53 532 62 46 86 62 54 42 672 79 56 56 57 61 56 60 53 53 63 63
h0983 8 69 44 67 59 651 651 57 57 67 67 72 76 68 76 601 40 56 64 80 76 53 612 46 46 66 66 66 54 79 79 56 52 57 53 56 60 53 49 59 55
h0993 8 69 44 63 63 61 771 61 61 75 67 72 84 68 76 52 481 60 64 80 76 57 61 58 66 86 621 661 42 672 79 56 56 61 61 56 56 41 49 67 55
h1003 8 69 65 55 116 651 53 61 57 75 75 72 76 68 68 52 481 56 64 72 72 53 53 54 75 70 62 461 66 672 672 56 52 57 57 60 68 53 53 59 55
W23CA 9 69 73 67 59 61 531 61 45 1281 1281 80 64 64 76 -9 -9 52 52 80 64 53 53 50 75 74 62 54 50 79 631 56 56 61 53 -9 -9 57 53 55 55
AP.085Y 9 69 69 63 59 61 61 61 57 75 75 72 721 68 68 -9 -9 56 56 80 80 491 491 50 75 66 66 50 50 551 551 56 56 57 57 56 60 53 611 63 55
CH.0LLY 9 69 73 55 59 531 531 61 57 752 752 80 64 72 72 -9 -9 60 64 76 72 612 45 50 75 74 74 66 54 551 551 56 52 61 53 601 601 53 53 63 55
M0LEC 9 60 44 63 67 53 37 57 45 75 67 761 64 76 751 67 67 64 64 80 80 53 531 -9 -9 66 58 62 50 672 672 52 52 57 57 56 60 53 53 55 55
M2C3H 9 69 73 85 55 531 531 61 57 67 752 80 64 72 64 -9 -9 -9 -9 76 72 612 45 50 75 74 62 66 61 551 551 56 52 53 53 601 60 53 49 55 55
M2CHL 9 69 52 85 59 611 531 61 61 752 752 80 64 72 64 -9 -9 56 60 80 72 612 612 50 75 74 74 54 61 551 551 56 56 53 53 601 601 53 53 55 55
W26P7 9 73 52 85 59 611 531 61 57 67 831 64 64 72 72 -9 -9 60 64 72 72 491 612 50 50 74 621 61 61 -9 -9 56 52 61 53 60 52 53 49 55 55
AP.07M5 9 56 44 59 59 65 61 57 65 75 1361 72 721 72 68 64 28 60 64 80 72 61 531 50 54 70 66 54 53 79 79 56 56 57 53 60 52 57 53 59 63
AP.080U 9 69 52 63 85 65 65 61 57 71 1281 64 64 72 68 28 28 56 52 80 72 491 53 50 66 66 66 66 61 79 631 56 56 57 61 60 68 53 53 55 55
AP.082A 9 69 69 67 55 65 65 57 57 67 79 761 64 64 64 28 441 64 52 80 80 53 61 50 50 62 58 62 50 672 79 56 52 61 61 68 52 41 53 55 55
AP.0843 9 65 60 67 59 611 491 61 57 75 67 64 763 64 751 28 28 56 64 80 72 612 61 50 50 82 62 54 50 79 79 52 52 57 57 60 64 53 53 55 55
AP.0844 9 73 60 59 59 65 611 61 57 75 831 721 64 68 751 481 441 56 56 80 80 53 61 66 54 82 66 50 50 79 79 52 52 57 57 56 60 53 53 55 55
AP.084X 9 69 73 63 63 691 691 57 45 752 124 64 64 64 64 28 28 68 52 80 76 53 612 50 50 66 58 66 61 79 551 56 52 57 57 68 68 41 49 55 55
AP.086Y 9 69 73 55 59 37 37 61 61 752 752 64 64 72 64 28 28 56 64 80 76 612 45 50 54 74 621 61 61 79 551 56 56 53 53 601 60 53 49 55 55
AP.0870 9 69 44 71 59 69 37 61 57 71 67 80 64 72 68 28 441 60 64 80 72 53 612 50 50 66 58 61 61 671 671 52 52 61 53 601 68 53 53 63 55
AP.0878 9 69 52 85 59 531 37 61 57 67 831 80 64 72 64 28 28 56 60 80 76 491 45 50 54 62 621 61 61 671 551 56 56 61 53 601 52 53 53 55 55
AP.087F 9 69 73 85 59 531 37 61 61 831 752 80 64 64 64 28 28 56 64 72 72 45 45 50 75 74 621 66 54 79 551 56 52 61 53 601 52 53 53 55 55
AP.087Y 9 69 52 85 59 611 531 61 61 752 752 80 64 72 64 28 28 56 60 80 72 612 45 50 75 74 74 54 61 79 551 56 52 53 53 601 601 53 53 55 55
AP.088P 9 69 69 63 55 65 65 61 57 67 751 761 64 64 80 441 48 52 52 80 80 491 45 62 50 62 62 58 54 79 79 56 56 61 61 68 68 41 41 55 55
AP.08AK 9 56 44 63 67 61 61 57 45 75 1361 72 64 64 68 601 28 64 72 80 80 61 61 50 50 62 62 66 54 -9 -9 56 56 57 57 60 68 41 57 63 63
CH.0LLM 9 69 73 63 59 691 611 61 61 67 67 80 64 72 751 441 441 68 52 80 72 491 612 50 54 74 66 61 61 79 79 56 52 57 53 601 60 53 61 55 55
CH.0LLU 9 69 52 63 59 61 61 61 61 67 752 80 64 68 751 28 441 56 60 80 72 612 61 50 54 82 621 50 61 79 551 56 52 57 53 601 60 41 61 55 55
CH.0LM0 9 69 73 63 63 61 61 61 61 67 752 72 64 64 83 441 441 -9 -9 80 76 612 612 50 50 62 66 54 54 551 551 52 52 57 61 60 68 53 53 55 55
CH.0LM3 9 69 44 55 59 651 53 61 57 79 831 681 64 68 68 481 48 64 64 80 80 57 61 50 50 62 66 54 46 -9 -9 56 56 61 61 60 64 57 57 55 55
W26MY 9 73 52 55 59 65 691 61 57 75 71 72 64 68 68 481 44 60 52 80 80 61 531 54 75 78 66 61 61 71 79 56 60 57 61 60 52 53 53 63 63
W26P6 9 69 56 55 59 61 73 61 57 79 792 681 64 68 76 67 48 64 64 80 80 53 531 54 46 70 62 62 54 79 551 56 52 57 53 56 60 53 53 59 55
HRV07U 9 69 72 67 55 651 651 61 57 67 79 64 64 68 68 481 44 56 64 80 72 57 571 50 54 66 66 66 66 671 631 56 60 57 61 60 60 53 49 59 63
HRV1CT 9 65 68 55 59 65 65 61 57 71 671 72 721 72 64 28 441 56 64 80 80 53 45 50 50 62 621 66 66 672 672 56 56 57 57 60 52 41 57 55 55
HRV1CU 9 65 65 55 59 65 61 61 57 67 671 72 721 68 751 28 48 64 52 80 72 53 53 50 46 62 62 66 54 672 672 56 56 57 53 60 52 41 57 59 55
HRV1E6 9 69 65 59 59 691 61 61 57 671 136 761 68 64 64 28 28 64 64 80 72 53 531 50 46 54 66 66 66 672 551 56 52 57 57 60 60 53 53 55 55
HRV081 9 69 65 55 59 69 69 57 57 71 71 72 68 68 68 441 441 64 52 80 80 53 61 54 54 62 621 54 54 672 79 56 56 57 57 60 60 57 53 55 55
HRV1E3 9 69 61 67 59 65 53 61 57 79 132 72 681 68 68 28 44 64 64 80 72 491 53 62 50 54 58 62 50 79 631 56 60 57 61 60 60 53 49 55 55
MSV21E 9 45 73 75 55 69 69 61 57 71 67 72 64 72 68 64 44 56 52 80 80 491 53 54 46 74 58 50 50 551 551 56 56 57 57 60 68 49 49 59 55
MSV216 9 73 85 63 55 691 611 61 57 67 67 72 64 68 71 64 44 52 52 80 80 53 571 66 54 62 58 50 50 551 551 56 52 57 53 60 68 41 49 59 55
M0TYK 9 45 73 63 59 69 53 57 57 67 79 72 681 72 68 481 44 64 64 80 80 53 53 62 50 66 50 54 42 79 79 56 56 57 61 60 64 41 49 55 55
MSV2AA 9 45 73 63 55 691 69 61 57 71 67 722 64 72 68 28 44 52 52 76 72 491 53 54 46 62 62 50 50 833 551 56 56 57 69 60 60 41 49 55 55
CK.0PET 9 45 73 63 55 691 611 61 57 67 67 722 64 71 71 64 44 52 52 80 80 491 65 66 66 62 58 50 50 551 551 56 52 53 69 60 60 53 49 59 55
M2E8C 9 65 68 55 59 61 69 45 45 75 1321 64 68 72 68 28 44 60 52 76 76 53 53 50 50 62 62 66 66 672 75 56 56 57 57 68 68 57 53 63 63
MSV23X 9 45 73 75 55 69 37 61 57 71 67 72 64 72 68 64 44 56 52 80 80 491 53 54 46 74 58 50 50 833 551 56 56 57 57 60 68 49 49 59 55
MSV32A 9 45 73 75 55 611 37 61 57 71 67 72 64 71 71 28 48 56 52 80 76 491 65 66 46 62 58 50 50 79 833 56 56 57 53 60 68 49 49 55 51
AP.0838 9 69 80 67 59 611 37 61 45 752 1361 761 763 64 76 441 441 64 64 80 80 53 45 50 54 70 62 66 50 672 672 52 52 61 61 56 68 53 53 59 59
AP.088F 9 61 44 71 59 69 531 61 57 67 132 76 80 72 68 28 28 60 52 80 72 53 53 50 50 62 66 50 61 671 671 56 52 61 53 601 68 57 53 55 55
h0014 10 73 65 55 81 65 53 61 57 671 751 761 68 68 76 28 48 60 521 80 80 53 45 62 54 82 66 66 42 671 79 56 52 57 53 60 60 41 49 59 59
h0024 10 44 44 63 35 65 69 57 45 67 671 641 64 72 68 44 48 52 52 80 84 53 45 50 75 66 50 661 42 79 79 56 56 61 53 56 60 53 611 59 63
h0034 10 65 52 67 55 65 69 61 61 75 67 641 72 68 68 40 481 64 64 76 72 491 61 50 54 62 66 50 46 672 792 56 56 61 65 56 68 53 49 55 55
h0044 10 65 44 85 59 69 53 57 65 71 67 72 761 68 68 481 28 56 64 76 72 491 61 50 50 54 66 54 42 672 79 56 56 57 57 56 52 612 612 63 55
h0054 10 69 44 63 55 61 69 61 57 75 67 72 681 72 68 40 481 64 52 80 76 53 53 50 46 82 62 54 42 79 79 56 60 61 61 56 64 49 61 59 55
h0064 10 69 65 63 63 65 691 61 57 75 71 68 68 68 76 44 48 52 52 76 72 53 53 50 46 62 58 50 46 672 672 56 56 57 53 56 60 41 53 59 55
h0074 10 73 65 63 67 691 53 57 57 75 67 641 68 64 68 601 40 56 64 76 76 45 531 50 50 62 66 42 42 671 79 56 56 57 53 60 60 53 61 63 55
h0084 10 69 44 63 55 73 37 61 57 75 71 721 68 68 60 481 44 56 64 76 72 53 57 50 46 54 62 781 54 671 75 56 56 57 61 56 60 57 61 55 55
h0094 10 73 68 59 51 61 491 61 57 75 831 72 64 68 68 52 28 56 64 72 72 491 53 50 46 66 58 66 46 79 79 56 56 57 57 60 68 57 53 59 55
h0104 10 69 44 63 55 65 491 57 45 75 67 721 68 68 68 56 28 64 521 80 72 53 57 62 58 70 62 54 50 671 79 56 52 57 57 56 60 53 53 59 55
h0114 10 44 44 63 55 65 651 57 65 75 671 761 68 72 123 481 441 64 68 80 72 53 61 50 75 78 66 74 42 79 79 56 56 57 65 56 68 612 612 55 55
h0124 10 49 68 63 67 65 65 57 57 75 751 72 68 68 131 481 28 72 52 80 72 53 61 50 75 62 66 781 50 671 79 56 52 57 61 60 60 53 49 59 55
h0134 10 77 44 63 51 61 77 57 65 71 67 76 68 64 68 601 481 64 64 80 76 53 45 50 75 62 66 62 42 672 631 52 64 57 61 56 60 57 53 63 55
h0144 10 65 65 67 67 61 69 61 65 67 67 721 64 68 76 52 48 60 521 80 76 57 45 58 46 54 62 62 54 79 75 56 56 61 53 56 60 53 45 63 63
h0154 10 69 44 67 55 61 53 57 65 75 71 72 762 64 68 28 48 56 561 76 72 53 57 54 46 54 66 66 621 79 59 52 64 61 61 56 68 53 53 55 55
h0164 10 69 44 55 59 61 53 61 57 75 75 761 68 64 87 56 481 64 52 80 76 53 61 54 75 62 66 66 50 79 75 52 64 57 61 60 68 41 57 59 63
h0174 10 65 44 63 67 61 69 57 57 75 67 72 721 72 72 44 44 64 52 80 72 53 45 54 75 62 66 661 42 671 552 56 52 57 57 56 60 53 49 59 63
h0184 10 69 68 71 71 65 691 57 57 75 75 64 64 68 68 52 48 64 64 76 84 57 531 50 46 62 62 62 50 671 79 56 64 57 57 56 68 53 53 63 55
h0194 10 44 44 55 55 61 49 61 61 67 792 761 64 76 1312 44 67 56 60 80 72 53 53 46 46 66 58 62 42 79 79 56 64 57 53 60 64 53 49 59 55
h0204 10 69 68 67 59 691 53 57 57 67 79 72 64 68 68 64 67 64 52 80 80 53 53 50 46 66 66 581 54 751 75 56 52 57 61 56 68 57 53 59 59
h0214 10 65 44 55 55 65 69 61 57 75 71 72 64 68 76 481 28 60 64 76 76 53 53 50 46 62 66 66 54 671 672 60 52 57 57 60 52 53 49 63 63
h0224 10 44 44 55 51 731 69 61 57 75 67 72 64 68 68 28 28 60 64 80 76 57 61 50 46 62 66 54 61 79 63 56 56 57 61 56 68 53 61 59 63
h0234 10 69 65 71 67 69 53 57 57 67 79 76 68 64 68 44 48 56 52 80 80 53 57 62 46 86 66 621 50 671 79 56 56 57 61 56 68 41 61 59 55
h0244 10 69 73 79 67 651 73 61 61 71 671 64 68 72 68 441 48 52 561 76 72 53 57 58 54 66 66 42 42 75 59 56 52 57 53 60 52 57 53 59 55
h0254 10 73 72 55 55 61 73 61 69 75 751 64 68 64 68 28 44 60 64 80 84 491 61 58 46 62 58 61 42 79 79 56 56 57 57 60 60 57 53 63 55
h0264 10 49 44 71 67 69 80 61 57 67 67 721 64 72 123 481 481 64 64 80 84 53 53 54 54 62 58 54 61 79 79 56 56 57 61 68 68 41 49 59 55
h0274 10 69 49 85 59 61 69 61 57 75 75 76 64 72 64 40 44 64 52 80 80 57 61 54 46 70 58 54 42 671 79 56 56 57 57 60 60 53 53 55 55
h0284 10 44 44 63 55 491 53 57 57 75 671 76 64 68 76 44 48 64 561 80 72 57 61 50 50 70 66 66 50 672 672 56 56 57 61 56 60 53 61 59 55
h0294 10 45 69 67 59 61 731 57 57 71 59 72 76 68 751 601 28 60 64 80 80 491 61 62 50 62 58 462 54 631 551 56 56 57 61 60 68 53 49 63 63
h0304 10 69 69 55 59 65 69 61 57 751 711 72 64 68 87 28 521 64 64 80 76 53 57 62 34 62 621 66 61 672 79 56 56 61 53 56 52 53 53 59 63
h0314 10 65 44 55 55 69 69 57 57 71 67 72 72 68 68 40 521 64 64 80 84 53 53 58 54 62 62 62 50 79 631 56 56 57 57 60 60 41 57 55 55
h0324 10 69 44 63 88 651 61 61 57 71 671 76 721 68 68 48 48 56 64 80 72 53 53 54 46 62 66 66 54 672 672 56 60 57 61 56 60 53 49 63 55
h0334 10 69 69 55 59 65 69 57 57 71 59 76 64 72 68 28 48 60 64 80 80 53 61 62 58 62 66 54 54 672 79 56 56 57 57 60 60 41 53 59 55
h0344 10 65 65 55 55 65 691 61 57 75 71 72 76 68 60 72 48 56 64 80 80 57 45 62 50 66 66 61 42 79 59 56 52 57 61 56 60 41 41 55 55
h0354 10 65 49 63 67 61 49 57 45 75 67 72 721 68 68 52 28 52 521 80 76 53 57 54 75 62 62 621 54 672 79 56 52 61 61 56 68 53 49 63 55
h0364 10 65 49 77 67 691 69 61 57 67 67 72 722 68 60 601 48 60 64 80 72 491 53 46 46 70 58 54 54 671 671 56 64 57 53 60 60 49 61 55 55
h0374 10 65 44 63 55 65 53 61 57 71 59 76 722 68 76 52 44 64 52 80 80 53 612 50 66 62 62 58 46 751 79 56 64 57 53 68 68 53 53 63 55
h0384 10 56 44 67 55 65 69 57 57 67 671 681 76 76 76 52 48 56 60 76 76 53 45 54 54 62 66 54 50 79 79 56 56 57 57 56 60 57 49 59 55
h0394 10 69 49 67 55 651 37 61 65 71 67 641 64 64 68 52 481 64 52 80 72 53 61 62 54 54 62 50 42 79 79 56 52 57 61 60 60 53 53 55 55
h0404 10 65 61 71 59 73 37 57 65 67 671 64 763 72 68 52 521 64 64 80 72 57 61 50 46 62 58 50 46 79 551 56 52 57 57 68 68 49 49 55 671
h0414 10 73 68 67 67 691 69 61 65 75 67 72 72 64 68 72 481 68 52 80 76 53 53 62 50 70 66 66 50 671 79 56 56 57 57 60 60 53 49 63 55
h0424 10 56 65 67 59 691 61 57 57 79 1361 721 68 72 76 28 44 64 68 80 72 53 45 58 54 74 66 50 42 59 63 56 56 57 61 56 60 53 45 59 55
h0434 10 68 68 63 67 69 77 61 45 71 671 76 721 68 87 44 44 64 52 80 76 491 531 54 75 66 66 54 42 833 63 56 56 57 57 68 52 41 49 63 55
h0444 10 44 68 55 59 61 69 57 65 671 1281 72 76 64 80 52 48 64 64 80 76 53 53 46 34 66 66 62 50 79 79 56 60 57 61 56 60 57 53 59 55
h0454 10 69 44 71 75 61 611 57 45 75 671 76 68 72 72 28 44 64 68 72 72 53 49 50 50 82 66 50 42 79 75 56 56 57 61 56 60 53 53 63 55
h0464 10 73 44 67 55 651 57 61 57 75 751 72 76 64 68 601 62 64 52 80 80 53 612 50 46 62 62 62 54 672 79 56 64 57 57 56 68 41 57 59 63
h0474 10 77 44 71 67 691 691 61 57 671 671 681 64 64 68 52 48 60 52 80 84 491 53 62 58 54 58 66 50 672 79 56 56 57 61 56 60 611 61 59 63
h0484 10 65 65 63 85 61 69 57 57 75 71 601 64 68 76 52 28 64 64 80 72 531 531 50 50 70 66 54 50 79 631 52 64 57 57 56 68 41 53 59 55
h0494 10 73 44 67 55 651 691 61 61 75 75 761 721 68 76 40 48 64 52 80 76 53 53 58 75 58 58 62 54 672 79 56 56 57 57 56 60 37 612 59 55
h0504 10 56 44 59 59 651 49 57 57 71 79 72 722 68 68 481 44 64 64 76 76 53 57 75 46 58 621 50 42 672 79 56 56 57 53 56 56 53 49 59 55
h0514 10 73 52 63 55 651 691 57 45 71 67 72 761 72 64 52 481 72 52 76 84 61 61 58 46 62 621 46 46 79 79 56 52 57 57 60 64 45 49 55 55
h0524 10 44 68 55 55 691 69 61 57 75 71 72 72 68 68 601 28 64 52 80 76 53 61 50 50 82 58 461 50 671 79 56 56 57 61 56 56 53 53 59 55
h0534 10 69 69 63 67 61 69 61 57 75 67 641 761 72 68 40 48 64 521 80 72 53 45 50 66 62 58 50 42 671 79 56 64 57 61 60 68 49 61 59 55
h0544 10 73 73 63 67 61 53 61 61 67 67 64 68 72 68 441 67 52 521 80 76 53 45 54 34 66 66 62 46 672 751 56 56 57 57 68 68 53 49 55 55
h0554 10 65 68 63 63 69 53 61 45 79 671 721 64 68 1112 52 67 60 64 80 76 53 45 50 46 70 94 42 42 671 79 56 56 61 61 68 64 41 49 59 59
h0564 10 44 68 55 59 65 69 57 57 67 67 72 64 64 68 52 44 64 52 76 76 53 53 66 46 54 58 54 42 79 79 56 64 57 53 60 60 53 49 59 55
h0574 10 52 68 63 63 691 61 57 53 75 67 72 76 64 68 56 481 64 64 80 72 53 53 66 46 62 66 462 42 79 79 56 60 61 65 56 60 41 53 59 63
h0584 10 65 49 75 55 691 73 61 57 67 79 641 68 68 76 481 48 68 52 76 76 491 61 54 34 62 66 46 46 79 63 56 56 61 53 60 52 53 53 59 55
h0594 10 69 52 67 59 69 53 61 61 75 67 72 721 68 60 64 441 64 68 80 72 491 53 66 54 70 62 66 50 79 631 56 56 57 57 60 68 53 611 55 55
h0604 10 69 65 63 59 691 73 61 57 75 792 72 721 68 76 40 48 76 72 76 72 53 53 50 54 54 661 66 54 79 63 52 64 57 57 60 68 611 49 59 55
h0614 10 73 68 55 59 691 69 61 57 75 71 722 64 72 80 481 48 64 52 76 72 53 53 58 58 78 621 66 66 671 79 56 64 57 57 60 52 53 61 55 671
h0624 10 44 44 71 35 691 73 61 57 75 67 721 64 72 68 52 44 56 60 72 72 53 57 62 50 78 58 62 42 672 79 56 56 57 57 56 60 57 611 55 55
h0634 10 73 73 55 81 77 37 61 45 67 752 68 68 72 1312 52 481 64 64 80 80 53 61 66 46 62 621 50 46 79 631 56 56 57 65 56 64 41 57 59 59
h0644 10 69 56 73 55 69 69 61 57 71 67 72 64 72 68 52 44 64 521 76 72 53 53 50 75 78 58 54 46 671 79 56 48 57 57 60 68 57 53 59 67
h0654 10 44 68 63 67 651 73 61 49 75 67 72 84 64 68 52 61 64 52 76 76 57 691 50 46 94 62 66 42 79 551 56 60 57 57 56 52 53 49 55 55
h0664 10 56 52 55 55 65 69 61 57 71 67 761 64 68 68 441 44 56 64 80 76 53 61 50 34 66 621 581 54 672 75 56 56 57 61 60 60 45 611 63 55
h0674 10 73 65 79 55 691 61 57 65 75 67 761 64 72 751 56 521 56 561 80 72 53 57 62 75 54 90 581 61 71 79 52 52 57 57 60 60 53 53 59 59
h0684 10 44 68 63 55 65 691 61 65 75 75 72 64 72 68 481 44 64 64 80 76 651 65 54 75 90 62 62 42 671 79 56 52 57 53 56 56 57 53 55 55
h0694 10 45 84 71 55 61 53 61 57 67 132 761 68 68 68 28 48 64 52 80 72 45 61 46 34 66 66 66 42 79 63 56 64 57 57 56 68 611 49 59 63
h0704 10 69 44 67 55 611 73 57 57 71 132 72 721 64 1231 28 44 60 52 80 80 53 45 50 46 62 62 66 46 672 79 56 52 57 53 60 60 53 612 63 55
h0714 10 52 44 55 55 65 611 57 65 71 67 76 64 64 68 28 48 64 64 80 72 53 61 58 54 54 66 66 54 671 79 56 56 61 53 56 56 61 61 55 55
h0724 10 65 44 71 55 65 61 61 57 67 751 64 68 64 76 28 44 56 521 80 72 491 53 50 58 78 66 66 54 671 672 56 64 57 53 64 52 41 53 63 55
h0734 10 73 44 63 55 691 77 61 65 71 67 64 64 72 76 56 67 60 64 80 72 53 53 58 66 62 62 66 42 671 75 56 56 57 53 56 60 53 49 55 55
h0744 10 41 44 71 59 651 69 61 57 671 751 72 64 68 68 72 28 56 64 80 76 491 53 58 75 82 58 46 46 79 79 56 56 57 61 56 64 49 49 55 55
h0754 10 69 73 63 55 651 69 61 45 67 792 761 64 72 72 52 44 64 64 80 72 491 61 50 50 86 66 66 50 672 79 56 56 57 53 56 60 53 53 59 63
h0764 10 69 65 55 59 65 65 61 57 75 71 76 64 64 76 28 48 52 52 80 84 53 57 66 75 82 62 62 50 79 552 56 56 57 61 60 64 53 53 59 59
h0774 10 69 801 63 55 65 651 61 57 71 751 72 721 68 76 441 36 56 64 80 84 491 53 62 75 70 62 461 54 672 79 56 56 61 61 56 60 53 45 59 59
h0784 10 69 73 55 81 65 69 61 57 71 671 72 64 68 68 52 44 64 52 80 72 45 49 58 54 62 66 781 50 671 672 56 56 57 53 60 68 41 57 55 55
h0794 10 73 49 55 51 771 53 57 65 75 71 64 64 68 68 28 48 64 68 80 76 53 61 50 34 66 621 66 50 671 671 56 56 57 53 68 68 41 53 63 55
h0804 10 69 65 85 67 65 691 57 45 71 67 762 64 68 751 56 28 72 52 72 72 57 61 54 46 58 98 66 42 672 79 52 52 57 57 60 64 41 53 55 55
h0814 10 69 56 55 55 69 77 57 45 75 751 721 68 72 68 52 40 64 52 80 72 57 531 46 46 66 58 50 42 672 79 56 52 57 57 68 68 45 612 63 55
h0824 10 69 52 73 67 61 69 57 45 71 67 76 761 64 68 52 481 52 52 80 76 491 45 50 54 54 66 62 66 671 59 56 60 61 61 56 60 53 612 63 55
h0834 10 69 44 63 81 61 69 57 65 71 831 72 76 64 751 481 681 64 64 80 84 53 57 74 50 62 50 54 54 79 79 56 56 57 61 56 68 57 612 63 55
h0844 10 65 44 55 59 61 69 61 45 71 67 72 64 68 68 28 48 68 52 76 76 53 53 50 46 86 66 50 42 672 672 56 56 57 57 56 68 41 53 59 55
h0854 10 69 41 59 59 651 61 61 45 831 132 681 721 72 76 72 28 64 52 80 80 53 531 62 66 70 62 46 42 671 79 56 52 61 61 60 68 53 53 59 55
h0864 10 41 44 63 63 65 69 57 57 75 1441 76 68 68 68 28 44 64 64 80 72 53 53 75 75 62 62 661 46 671 79 56 60 57 53 56 56 53 49 59 55
h0874 10 69 44 67 55 691 69 61 65 75 831 761 68 64 68 52 521 52 52 72 72 53 61 58 75 66 58 66 42 671 79 56 56 57 61 60 68 49 49 63 63
h0884 10 44 44 67 59 69 53 61 57 75 71 762 721 76 751 481 44 52 52 76 72 491 57 58 75 66 58 581 42 751 79 56 56 57 61 56 68 57 53 59 59
h0894 10 73 65 63 67 691 73 61 57 71 671 721 64 72 68 601 28 64 64 80 80 612 45 46 46 62 58 66 74 671 751 60 52 57 61 60 60 41 53 63 55
h0904 10 65 44 63 55 811 69 61 65 75 132 72 72 68 76 61 44 64 52 80 80 53 57 75 34 62 58 54 50 672 79 56 64 57 57 68 64 41 53 63 55
h0914 10 45 73 63 55 61 69 57 65 75 67 64 68 68 68 601 40 52 521 80 84 57 61 66 54 62 58 54 46 672 672 56 52 57 57 56 60 41 61 55 55
h0924 10 65 65 63 71 65 53 61 45 75 67 72 801 68 68 40 441 60 68 80 72 57 45 58 46 66 58 54 50 671 79 56 56 57 57 68 68 53 49 59 59
h0934 10 69 73 67 59 651 69 57 57 71 71 641 72 68 68 601 28 56 561 80 72 53 61 50 58 70 74 461 50 671 79 56 64 57 61 68 52 41 53 63 55
h0944 10 45 73 55 59 57 611 61 65 67 751 76 722 72 68 56 481 56 56 84 72 53 45 50 58 62 66 581 54 79 79 56 60 57 57 60 52 57 49 55 55
h0954 10 69 40 67 55 65 69 57 57 75 792 64 68 64 751 44 48 72 52 80 80 53 57 50 46 70 58 62 54 672 593 56 64 61 53 56 60 53 53 63 55
h0964 10 69 65 55 55 731 611 61 65 75 75 76 68 64 68 681 44 60 52 76 76 53 57 50 46 86 58 54 42 672 79 56 56 57 53 56 68 49 61 55 55
h0974 10 69 65 55 55 61 61 61 45 792 751 761 64 68 68 481 67 64 52 76 84 61 531 54 46 66 50 54 46 671 71 56 56 61 61 56 60 49 49 59 59
h0984 10 73 44 55 59 65 691 57 57 75 75 761 64 68 80 44 44 64 561 76 72 53 57 50 58 62 62 66 42 79 79 56 56 57 61 56 68 41 53 55 55
h0994 10 44 44 67 88 691 69 61 57 75 67 721 64 64 76 28 48 52 521 80 76 53 57 62 62 62 58 66 66 79 79 56 56 57 57 56 60 49 61 59 63
h1004 10 69 65 63 67 53 53 57 65 71 67 76 64 72 68 481 44 64 68 80 80 612 531 54 46 82 66 50 46 672 79 56 56 57 53 60 64 41 49 63 63
AP.07M2 11 73 77 67 59 691 53 61 57 67 831 681 721 72 76 28 441 64 52 80 76 53 53 50 54 66 66 54 54 79 79 56 56 57 61 60 64 53 49 63 55
HRV05C 11 69 69 67 55 691 53 61 57 67 831 72 64 64 68 52 44 -9 -9 80 72 53 45 50 54 66 621 66 54 -9 -9 56 56 57 57 56 60 53 49 63 55
HRV077 11 73 52 63 55 651 611 61 57 75 67 68 68 72 76 44 521 -9 -9 80 76 491 45 58 75 50 621 54 50 -9 -9 56 52 57 53 56 60 53 49 55 55
HRV0A0 11 69 44 67 55 691 611 57 57 75 67 64 64 68 68 481 481 -9 -9 76 76 61 61 54 46 54 54 54 50 672 672 56 56 57 57 60 60 61 61 59 55
HRV0MC 11 73 65 63 59 691 53 61 57 67 671 72 64 68 68 44 48 60 64 80 72 53 57 50 50 62 621 50 42 -9 -9 56 56 57 57 56 60 49 49 55 55
HRV00P 11 65 44 63 55 61 69 61 57 67 67 721 68 64 68 28 28 52 52 76 84 53 53 58 46 58 58 42 42 79 63 56 64 57 53 56 60 53 61 59 59
HRV01J 11 69 65 55 55 69 69 45 45 67 67 64 68 72 64 44 44 -9 -9 76 84 53 45 58 46 62 58 50 50 671 79 64 64 57 61 68 68 41 53 59 63
HRV026 11 69 65 55 59 61 73 61 45 75 71 76 76 68 76 40 40 -9 -9 72 72 53 61 58 46 70 54 54 50 79 79 56 64 57 57 64 64 41 61 59 55
HRV02C 11 69 65 59 59 65 69 61 61 75 71 64 64 64 64 481 44 52 52 80 84 53 45 46 46 54 58 66 42 671 79 64 64 57 57 68 68 57 61 55 55
HRV031 11 65 44 63 55 61 69 61 57 75 67 72 76 68 68 28 48 52 52 76 72 53 53 58 46 66 66 46 42 79 75 56 52 57 61 64 52 49 61 55 55
HRV033 11 65 44 63 55 61 69 61 57 75 67 72 76 68 68 28 48 52 52 76 72 53 53 58 46 66 66 46 42 79 75 56 52 57 61 64 52 49 61 55 55
HRV05L 11 69 65 59 51 61 69 57 57 67 831 64 68 68 68 62 62 60 52 80 76 53 532 50 75 62 66 66 50 672 592 56 52 57 61 68 68 53 61 55 55
HRV06A 11 44 44 63 55 61 69 61 57 71 67 72 68 68 68 28 44 64 52 80 84 53 45 58 46 66 58 66 66 79 63 56 56 57 53 56 60 57 49 59 55
HRV07P 11 69 65 67 55 69 69 65 45 75 671 761 64 68 60 481 481 64 64 80 76 53 53 50 54 66 58 61 46 -9 -9 56 56 57 57 60 64 53 49 55 55
HRV0HC 11 45 73 63 59 65 69 57 57 71 71 72 64 72 64 28 441 -9 -9 80 80 53 61 54 75 66 621 50 42 79 79 56 60 57 61 56 52 53 49 59 63
HRV0HU 11 69 65 71 67 651 611 57 57 67 1321 721 68 68 76 28 67 -9 -9 80 72 61 61 62 75 62 621 74 54 -9 -9 60 52 57 57 56 60 53 49 55 55
HRV0K1 11 65 44 63 63 65 61 61 61 71 67 64 68 64 68 28 28 52 52 84 72 53 45 50 46 66 58 66 42 79 63 56 56 57 53 56 64 53 49 59 55
HRV0M6 11 65 48 55 55 69 73 61 45 75 71 68 68 72 76 56 44 64 52 76 84 53 61 62 58 62 58 50 50 -9 -9 56 64 57 61 68 68 41 49 59 63
HRV0M7 11 69 73 55 59 691 61 61 57 75 671 72 64 72 72 28 44 64 561 80 80 53 61 62 75 62 621 54 42 -9 -9 56 52 57 57 60 60 57 53 59 59
HRV0MK 11 65 44 55 55 61 69 61 57 75 67 721 68 68 68 28 28 52 52 84 72 53 53 54 46 66 66 54 42 63 63 56 56 57 53 56 60 61 61 59 59
HRV1C7 11 69 65 63 67 61 69 61 57 71 67 76 76 68 68 28 67 -9 -9 76 76 53 61 46 46 66 66 42 42 671 672 52 64 57 53 56 60 53 53 59 55
HRV1EA 11 69 65 55 59 65 691 61 45 671 136 641 64 76 60 40 44 64 64 72 72 53 571 54 54 62 66 66 66 672 551 56 52 57 57 60 68 53 49 59 55
M147K 11 65 44 55 55 69 692 61 57 67 67 761 64 68 68 40 48 52 521 80 72 491 61 50 46 62 62 50 42 -9 -9 56 56 57 57 60 60 53 49 59 55
HRV008 11 69 65 55 59 691 611 61 57 67 791 72 64 68 68 48 48 64 64 76 72 57 57 50 46 62 62 581 50 79 79 56 56 57 61 60 52 53 49 55 55
HRV015 11 69 44 55 55 69 73 61 57 75 67 68 68 64 68 44 44 52 521 76 84 57 45 58 46 70 66 66 50 79 79 56 64 57 61 68 68 57 53 63 63
HRV01F 11 69 65 55 55 69 69 57 45 71 67 64 68 72 64 56 44 64 52 76 84 57 45 62 46 62 66 50 42 79 75 56 56 57 61 68 68 57 53 59 63
HRV01L 11 69 65 63 59 651 61 61 45 71 71 76 721 68 76 28 28 52 521 72 72 57 49 58 46 70 54 50 57 79 79 64 64 57 57 60 64 61 61 59 55
HRV01M 11 69 65 55 55 65 611 61 57 67 791 64 64 68 68 28 48 56 64 76 72 57 57 54 46 70 70 46 46 79 79 56 56 57 61 60 60 49 49 55 55
HRV020 11 65 65 63 55 651 73 45 45 71 71 76 721 68 76 40 28 52 52 72 72 57 61 58 46 70 58 50 57 671 79 64 64 57 57 60 64 41 61 59 63
HRV022 11 69 65 55 55 69 69 45 45 75 71 721 68 72 76 44 44 64 52 76 84 57 61 58 58 70 66 66 42 79 75 56 56 57 61 68 68 41 53 63 63
HRV02A 11 69 44 55 55 69 69 45 45 75 67 64 68 68 76 56 44 52 521 76 84 57 61 62 46 70 58 66 42 79 79 56 56 57 53 56 68 41 53 59 59
HRV02K 11 69 65 55 55 651 61 61 45 71 71 76 76 76 76 44 44 52 521 72 72 61 49 58 46 70 54 54 57 671 79 64 64 57 57 64 64 41 41 63 63
HRV04C 11 44 44 71 67 61 73 57 57 67 67 721 64 68 68 481 481 52 52 80 84 53 61 58 54 62 62 50 46 672 79 56 56 57 53 56 60 49 61 59 55
HRV05H 11 69 44 67 59 691 611 61 57 67 79 72 64 68 68 48 48 56 64 76 72 53 57 54 46 62 62 581 46 79 63 56 56 61 61 56 52 53 49 55 55
HRV076 11 69 56 67 67 65 65 61 57 75 79 72 761 68 68 44 44 56 52 72 72 53 53 58 54 58 58 46 46 79 631 56 56 57 57 56 60 53 49 63 63
HRV07H 11 69 69 55 55 691 61 61 57 71 671 761 68 64 64 441 441 64 64 72 72 53 531 75 46 66 66 66 66 672 551 52 52 57 57 60 60 53 53 55 55
HRV07X 11 56 44 55 59 65 61 61 65 71 79 64 64 72 60 40 44 64 52 80 72 53 531 50 46 66 66 62 66 671 79 56 56 57 57 56 56 57 53 59 59
HRV080 11 56 68 55 55 65 691 57 45 75 71 64 64 64 68 481 481 56 64 76 72 53 531 46 34 62 58 66 66 79 79 56 56 57 57 68 68 53 53 55 55
HRV086 11 65 44 63 67 691 73 61 57 67 671 68 68 64 68 48 48 64 52 80 80 57 45 54 46 66 58 50 65 -9 -9 56 52 61 53 56 68 57 612 59 55
HRV0H3 11 65 44 55 55 69 73 61 45 71 67 68 68 72 64 28 44 64 52 76 84 53 45 58 46 70 58 50 50 -9 -9 56 64 57 61 68 68 41 53 59 63
HRV0J3 11 73 44 63 59 691 53 61 57 671 671 72 64 72 68 28 28 64 561 80 76 53 45 62 75 62 62 50 42 79 79 56 56 57 61 60 60 57 49 59 59
HRV0JX 11 56 44 63 67 53 73 57 57 671 671 -9 -9 72 68 28 44 -9 -9 80 76 53 53 50 54 62 50 54 46 -9 -9 56 52 57 61 56 52 53 612 63 63
HRV0ML 11 65 44 55 59 65 69 61 57 75 67 64 64 64 68 -9 -9 -9 -9 76 84 53 45 50 46 54 62 66 42 671 79 56 64 57 57 60 68 53 61 55 55
HRV1E8 11 69 65 67 55 69 69 57 45 71 71 -9 -9 72 64 28 441 -9 -9 76 72 53 53 50 50 66 66 62 50 671 671 52 52 57 57 60 60 57 53 55 55
HRV007 11 69 73 63 67 65 53 57 45 67 79 72 68 68 68 -9 -9 -9 -9 80 72 53 53 54 54 54 58 54 50 671 671 56 56 57 57 56 60 53 49 63 55
HRV005 11 73 65 63 67 69 53 57 57 671 59 64 64 68 68 -9 -9 64 52 76 72 53 61 62 50 62 62 58 65 671 79 56 52 57 53 60 60 57 53 59 59
HRV05U 11 69 65 59 35 65 53 57 57 671 1361 72 64 68 68 -9 -9 64 52 80 76 53 53 50 75 62 50 54 54 79 631 56 52 57 57 56 68 53 49 63 55
HRV01U 11 56 44 67 59 -9 -9 57 57 67 671 761 64 72 68 481 521 64 52 80 72 53 53 50 54 58 50 54 50 79 631 56 60 57 61 60 52 41 612 55 55
AP.07M1 11 69 44 63 67 65 61 61 61 71 67 68 68 68 68 -9 -9 64 521 76 84 53 45 46 46 54 58 66 42 671 79 64 64 57 53 56 60 49 61 59 59
AP.07ME 11 69 44 67 67 69 53 61 53 -9 -9 72 64 68 76 28 48 64 64 80 76 57 531 54 75 70 58 50 46 79 79 56 52 57 57 60 68 49 49 59 59
AP.0817 11 69 68 55 59 65 69 57 57 75 132 64 64 68 80 481 28 64 68 80 72 691 531 50 34 66 58 581 66 79 591 60 52 57 61 -9 -9 53 49 59 55
AP.0863 11 69 77 67 67 651 611 61 57 75 751 76 76 64 68 44 67 -9 -9 80 80 491 53 75 46 66 66 54 50 -9 -9 56 56 57 61 -9 -9 53 53 63 55
AP.087T 11 69 73 67 59 611 53 61 57 67 87 72 681 64 68 28 441 52 52 80 76 53 61 50 54 62 621 58 54 79 631 56 56 57 61 -9 -9 53 49 63 55
AP.088T 11 69 56 67 55 -9 -9 61 57 75 1361 76 64 64 68 28 28 64 52 80 80 61 531 50 50 66 66 54 50 672 79 52 52 57 61 60 52 53 612 59 55
CH.0LM1 11 69 68 55 59 611 611 61 61 75 71 -9 -9 68 68 481 441 -9 -9 80 80 53 61 50 54 62 66 54 54 -9 -9 56 60 57 57 60 60 57 53 55 671
M05X5 11 56 44 71 55 651 69 61 61 831 751 721 68 72 76 -9 -9 60 64 80 80 53 49 50 75 66 58 54 46 79 79 56 52 57 53 56 56 41 53 59 63
M06JH 11 73 44 67 55 61 731 61 57 67 67 64 64 68 751 -9 -9 60 64 76 64 491 57 54 75 70 90 54 50 79 551 56 56 57 57 56 60 53 53 55 55
M0A6K 11 73 44 63 63 69 69 61 57 75 79 72 64 76 76 -9 -9 52 52 80 76 53 45 75 46 66 58 66 54 551 551 56 56 61 53 56 52 53 49 59 59
M0ETF 11 65 44 67 55 69 69 61 45 67 67 76 68 64 68 -9 -9 52 52 80 76 57 45 46 46 66 66 42 42 672 79 52 64 57 53 56 64 61 612 59 59
M0LUP 11 44 44 63 67 69 53 61 57 75 71 -9 -9 64 76 44 44 64 64 72 72 53 45 75 46 62 66 58 54 -9 -9 56 56 57 53 56 60 53 53 59 63
M16F1 11 44 68 67 55 77 73 61 57 75 67 761 68 68 76 -9 -9 60 64 80 80 57 61 46 46 62 58 42 65 79 79 56 56 57 53 56 60 53 612 59 55
M182M 11 44 44 67 67 53 53 57 65 671 671 64 64 68 68 -9 -9 561 561 76 76 53 45 62 75 66 621 54 42 79 79 52 52 61 53 60 60 57 57 59 59
M1CFL 11 65 44 67 67 61 77 61 57 75 59 761 68 68 76 -9 -9 -9 -9 80 80 53 61 46 46 62 58 54 65 672 591 56 56 57 53 56 60 53 53 59 55
M2AXY 11 69 73 55 59 61 61 57 57 67 831 721 64 68 68 -9 -9 -9 -9 80 72 53 53 50 54 66 66 66 57 79 79 56 60 57 61 56 68 611 49 59 55
M2AY2 11 45 65 63 59 69 53 57 57 71 671 72 681 72 68 481 521 -9 -9 80 80 53 61 62 50 66 50 54 42 671 671 56 56 57 61 -9 -9 49 612 55 55
M2CHP 11 73 68 63 55 65 691 57 45 75 71 64 64 68 76 601 601 -9 -9 80 76 53 531 46 34 62 66 66 66 671 591 56 60 57 61 -9 -9 53 611 59 63
W26LK 11 73 44 63 67 57 61 61 57 79 79 64 64 76 751 -9 -9 64 52 80 76 491 45 50 46 62 62 54 50 551 551 56 56 57 57 56 60 53 53 55 55
W26ME 11 44 68 55 55 69 37 61 57 67 67 64 64 72 68 -9 -9 56 60 80 76 491 53 50 50 90 621 66 50 -9 -9 56 60 57 53 60 60 53 53 55 55
AM.07FM 11 65 44 55 55 65 69 57 57 67 67 761 64 68 68 44 48 64 52 80 76 491 61 58 54 54 62 54 50 672 833 56 56 57 57 60 60 49 61 59 55
AM.07FP 11 69 44 55 59 65 69 61 57 75 75 721 64 68 68 481 44 -9 -9 76 84 53 57 58 54 66 66 50 46 671 672 64 64 57 57 68 68 61 61 63 55
AP.07M4 11 44 44 67 67 53 53 61 57 67 1361 76 64 64 68 28 48 64 52 80 80 61 531 50 50 70 66 62 54 79 79 52 52 57 57 60 60 53 612 59 55
AP.07M7 11 44 44 55 59 53 53 57 57 75 71 72 64 64 76 481 44 64 52 80 72 53 53 50 54 66 66 50 42 79 79 56 56 61 61 52 52 49 61 55 55
AP.07M8 11 69 73 85 67 61 73 61 61 75 67 64 64 64 60 481 481 64 64 80 72 53 45 50 54 62 58 54 54 671 632 56 52 57 61 68 52 57 53 55 55
AP.07MA 11 69 52 63 59 691 691 57 57 71 71 761 64 68 76 481 44 64 64 76 72 61 61 50 46 62 66 54 50 671 79 56 52 57 57 60 68 57 53 63 63
AP.07MC 11 69 68 55 55 61 53 61 57 1361 132 72 761 72 64 28 28 56 64 80 80 571 531 50 54 66 66 50 50 79 79 56 52 57 57 60 60 53 49 59 55
AP.07P8 11 69 44 67 59 61 53 57 45 1361 1321 64 64 64 68 481 44 64 64 80 80 53 61 50 58 62 62 66 54 79 79 56 48 57 57 60 68 41 57 63 63
AP.07U8 11 65 61 59 59 651 73 61 57 67 67 72 72 68 68 52 44 64 64 80 72 53 53 50 75 62 66 54 46 79 79 56 52 57 57 60 60 53 49 63 55
AP.081F 11 69 65 85 55 691 69 61 57 75 67 64 64 72 64 441 441 -9 -9 80 72 491 61 50 75 66 58 66 54 -9 -9 56 52 57 57 68 68 53 53 55 55
AP.081H 11 65 84 55 59 61 61 61 65 63 63 68 68 76 60 481 681 -9 -9 80 72 53 57 62 62 66 58 66 54 -9 -9 56 56 61 61 56 60 53 612 59 63
AP.0820 11 73 65 71 55 61 69 57 65 75 67 641 763 64 751 481 681 56 64 80 80 53 61 54 54 62 62 66 54 79 632 56 52 57 61 64 52 53 53 55 55
AP.0841 11 44 44 67 55 65 65 61 45 75 832 721 763 64 76 481 481 -9 -9 76 72 53 57 50 66 62 98 62 62 63 551 56 56 61 61 60 60 53 53 63 55
AP.0858 11 73 52 67 55 65 531 61 61 75 67 72 64 72 64 28 44 56 60 80 72 45 61 50 54 62 66 54 61 79 551 56 52 57 53 60 60 49 612 55 55
AP.085U 11 69 69 63 67 61 53 57 57 751 791 72 761 72 68 52 48 -9 -9 80 72 491 57 50 54 66 66 58 61 672 631 56 56 61 61 56 56 53 53 59 63
AP.085X 11 69 65 63 59 61 61 61 61 75 71 76 721 64 68 481 48 -9 -9 72 72 53 53 50 46 66 58 42 42 63 63 56 64 57 57 60 64 611 49 63 55
AP.0861 11 65 52 63 55 61 69 61 57 67 67 64 68 64 64 481 44 -9 -9 80 72 491 61 50 54 66 66 54 50 672 672 52 64 61 61 68 68 41 53 55 55
AP.0864 11 44 44 55 55 53 53 57 57 75 75 76 64 64 68 48 48 -9 -9 80 80 61 531 50 50 66 66 62 54 -9 -9 52 52 57 53 60 60 612 612 59 55
AP.086X 11 69 65 67 55 53 73 57 57 71 671 72 64 64 68 40 28 64 52 80 72 53 45 75 46 66 66 461 42 79 79 56 52 57 61 60 68 57 53 59 59
AP.0872 11 73 52 63 55 53 53 57 57 71 67 68 68 72 68 28 48 64 52 80 72 53 53 50 50 62 621 54 50 672 79 56 52 57 57 60 68 41 53 55 55
AP.0875 11 69 77 63 59 65 61 61 61 831 1441 72 761 68 67 681 67 56 60 80 72 53 53 54 46 66 702 66 50 671 551 56 56 57 61 56 60 41 53 63 55
AP.087A 11 44 44 67 67 61 69 57 57 75 671 72 64 68 68 481 28 64 64 80 76 53 53 62 46 54 62 42 42 672 79 56 60 57 61 60 60 53 53 59 55
AP.087C 11 69 65 63 63 61 73 61 45 75 79 72 64 68 76 67 48 52 52 76 84 53 57 58 46 70 58 66 50 63 551 56 52 57 61 68 52 41 53 59 63
AP.087E 11 65 44 63 55 651 61 61 57 71 71 761 64 68 76 481 28 52 52 80 80 57 45 75 46 66 58 66 50 672 672 56 56 57 57 60 60 53 53 59 55
AP.087H 11 65 44 63 67 57 611 57 57 67 67 76 721 72 72 481 48 68 52 76 72 491 57 50 58 66 66 46 46 79 79 56 64 57 57 60 60 49 49 59 55
AP.087K 11 73 44 59 59 611 611 61 57 67 751 72 64 72 64 52 44 60 52 80 80 53 49 50 54 58 621 54 50 79 631 56 56 61 53 56 60 53 49 59 55
AP.087L 11 65 65 63 71 61 73 61 61 71 67 761 721 68 76 481 28 52 52 80 72 57 57 46 46 54 66 54 54 79 79 56 56 57 57 60 60 53 53 59 55
AP.087M 11 69 65 59 59 61 37 57 65 75 71 72 68 751 751 28 28 56 64 80 72 53 61 50 50 66 58 62 50 79 631 56 56 61 53 56 52 53 53 55 55
AP.087P 11 69 68 67 55 65 69 61 57 75 132 761 721 68 76 481 481 56 64 80 72 61 691 50 34 62 66 581 66 671 79 56 60 57 61 60 60 53 49 59 55
AP.087U 11 69 77 63 59 65 611 61 57 75 67 76 68 64 68 72 28 60 60 80 76 53 61 75 46 54 66 54 50 79 59 56 60 57 57 56 60 41 53 55 671
AP.087X 11 52 801 71 35 53 53 57 57 75 67 72 72 64 68 44 67 64 52 80 80 53 61 58 75 54 50 54 46 671 59 56 60 57 57 56 56 41 41 55 51
AP.0881 11 73 801 71 35 53 37 57 57 67 671 76 68 64 68 72 67 64 52 80 72 61 61 58 75 58 702 50 46 671 59 56 60 57 57 56 60 41 53 55 671
AP.0882 11 73 44 63 59 69 73 57 57 71 71 64 68 68 68 40 28 64 64 76 76 53 53 58 58 70 62 57 57 671 671 52 64 57 61 60 68 49 49 59 63
AP.0883 11 73 77 59 59 611 53 61 57 71 67 681 721 72 68 481 441 60 52 76 72 53 61 50 54 66 621 54 54 79 79 56 56 57 61 60 64 53 49 55 55
AP.0884 11 69 65 67 59 691 61 57 57 67 1281 64 64 72 80 28 441 52 561 80 80 53 45 50 50 66 66 54 54 672 79 56 52 57 57 56 60 53 611 55 55
AP.0885 11 69 69 67 55 53 53 57 65 71 751 72 761 72 64 52 44 64 52 80 72 491 491 50 58 66 66 50 61 -9 -9 56 56 57 61 60 52 57 53 59 55
AP.0887 11 61 44 67 55 61 77 61 61 75 59 64 68 68 76 28 48 64 52 80 76 53 53 75 75 62 58 50 61 672 79 56 56 57 53 56 56 57 53 59 55
AP.0888 11 69 77 63 71 61 53 61 69 79 1441 72 761 68 67 681 67 56 60 80 72 53 53 54 46 90 66 66 50 -9 -9 56 56 57 61 56 60 41 611 63 55
AP.088A 11 44 68 67 55 57 61 61 61 67 79 761 68 72 68 481 48 60 64 80 80 53 45 54 46 54 62 61 42 79 79 52 52 57 57 56 60 57 53 55 55
AP.088C 11 65 44 67 51 69 73 57 57 67 55 721 84 72 68 28 62 56 64 80 80 57 57 62 58 62 62 50 42 79 63 56 56 57 53 56 68 53 49 55 55
AP.088J 11 69 73 63 59 61 61 61 57 75 1281 72 721 72 68 28 28 56 64 80 80 53 53 50 50 66 702 50 50 79 551 56 56 57 57 56 60 41 53 63 55
AP.088K 11 69 65 71 51 65 73 57 45 71 71 72 761 64 68 52 28 64 64 72 72 53 53 75 46 62 621 54 42 671 79 60 52 57 61 60 60 57 49 55 55
AP.088L 11 69 65 71 55 61 69 61 57 75 67 72 76 64 68 28 44 64 52 76 84 53 53 46 46 54 62 66 42 671 79 56 52 57 57 60 64 53 53 59 55
AP.088U 11 73 73 55 59 65 611 57 57 67 67 64 64 68 68 44 44 64 52 80 72 61 61 58 46 70 66 54 50 672 672 56 52 57 57 60 60 53 61 59 63
AP.088X 11 65 65 55 59 651 691 57 49 67 751 761 64 68 68 52 48 64 52 80 76 53 531 75 46 62 62 54 42 79 79 56 52 57 57 60 60 53 53 55 55
AP.08A0 11 69 44 67 59 65 53 57 57 75 79 72 72 64 68 28 48 64 52 72 72 531 531 50 54 54 66 62 461 79 79 56 52 57 57 60 52 53 612 55 55
AP.08A1 11 73 65 71 55 61 69 61 61 67 751 76 64 72 68 28 28 52 561 80 72 53 61 50 75 66 66 54 42 79 75 56 52 57 61 56 64 61 61 59 59
AP.08A3 11 69 44 63 67 65 691 61 57 67 751 72 64 68 68 44 62 561 561 80 84 61 61 75 46 66 66 54 50 672 672 56 56 57 61 60 68 53 61 59 55
AP.08A4 11 48 44 55 51 65 73 57 57 75 55 72 84 72 64 28 67 56 64 80 76 57 49 50 58 62 62 61 42 672 63 56 52 57 53 56 56 57 53 63 55
AP.08A5 11 73 44 67 55 65 69 61 57 75 71 76 68 68 76 481 44 64 561 80 76 53 45 46 46 54 66 66 50 79 79 56 52 57 57 60 64 53 49 59 55
AP.08A6 11 56 68 55 59 611 53 61 61 75 75 721 64 68 80 481 28 68 52 80 72 61 691 50 34 62 66 62 581 671 79 56 60 57 61 60 60 57 49 59 55
AP.08A8 11 73 65 67 55 61 69 61 61 75 71 64 763 60 751 481 441 64 64 80 72 491 53 50 54 62 58 66 54 -9 -9 56 56 57 61 64 64 57 53 55 55
AP.08AC 11 69 69 67 55 61 61 57 65 75 751 72 72 72 68 52 44 64 64 80 80 57 45 58 54 66 66 58 50 79 631 56 56 57 61 56 60 53 49 59 55
AP.08AH 11 73 65 63 63 65 69 61 57 67 79 72 72 72 68 28 521 64 64 80 80 53 53 54 75 50 621 54 42 79 63 56 52 57 57 56 56 49 612 63 55
AP.08AJ 11 69 56 55 55 69 53 61 57 75 71 721 64 72 68 28 441 56 52 80 80 61 61 50 54 62 62 62 50 79 79 56 56 57 61 60 60 57 57 59 55
AP.08AM 11 69 65 63 55 69 53 57 57 75 75 72 64 68 68 481 481 -9 -9 72 72 53 61 50 54 62 58 461 461 -9 -9 56 52 57 53 56 60 53 53 55 55
AP.08AT 11 69 73 59 59 691 53 57 65 71 67 721 64 72 76 481 441 64 52 80 72 53 53 50 50 62 621 54 46 79 79 56 56 57 57 56 60 53 49 55 55
AP.08AX 11 69 65 67 55 61 69 57 45 67 751 76 76 68 76 28 62 64 561 80 72 53 61 62 46 62 66 581 42 672 79 56 52 57 57 60 64 53 61 59 55
CH.0LLP 11 73 52 67 59 61 53 57 45 67 752 64 68 64 64 44 44 68 68 80 80 53 53 50 50 66 66 54 54 672 79 56 52 57 61 60 68 612 612 55 55
CH.0LM2 11 69 69 67 67 53 73 53 45 132 132 72 64 68 68 48 48 -9 -9 80 76 531 531 46 46 70 62 54 46 -9 -9 56 52 61 61 68 68 53 49 59 59
CH.0LM4 11 69 56 55 59 61 53 61 57 75 79 72 64 751 751 67 67 -9 -9 80 80 53 531 50 54 70 66 54 50 551 551 56 52 61 53 60 60 53 49 59 55
CH.0LM5 11 73 65 67 55 65 69 57 57 75 831 64 68 64 64 481 481 60 64 80 72 491 53 54 75 66 58 62 66 79 551 56 56 57 61 68 68 53 53 59 55
M0102 11 69 44 63 67 691 69 61 57 75 67 72 68 68 68 40 48 -9 -9 80 72 57 45 50 46 70 66 46 42 79 79 56 52 61 61 68 52 53 49 59 55
M023A 11 44 44 71 55 611 69 57 57 71 67 64 64 68 68 481 481 52 561 84 72 491 53 50 46 62 66 46 46 -9 -9 56 56 57 57 60 68 53 49 55 55
M03MM 11 69 69 63 55 611 69 61 65 71 71 64 68 72 64 481 441 -9 -9 76 76 491 61 62 75 66 58 66 50 -9 -9 56 52 57 57 68 52 53 49 59 59
M04PF 11 65 44 67 55 65 691 61 57 67 79 72 64 68 68 48 48 64 64 72 72 53 57 50 54 70 62 50 46 79 79 56 56 57 61 60 52 49 49 55 55
M04XH 11 65 68 55 59 65 651 57 57 75 71 72 721 68 76 441 441 52 52 80 72 491 61 50 75 90 58 66 66 -9 -9 56 56 61 53 60 60 41 53 59 55
M04XM 11 44 68 67 55 61 73 61 61 67 67 68 68 68 76 48 48 -9 -9 80 80 53 61 54 46 62 58 54 42 -9 -9 56 56 57 53 56 56 61 612 59 55
M0557 11 69 60 63 59 65 37 57 57 75 75 761 721 68 751 481 481 56 64 80 80 53 531 50 66 66 66 66 50 79 592 56 52 57 57 56 60 53 49 55 55
M055C 11 69 68 63 63 65 53 65 45 67 751 72 76 64 80 601 48 64 52 72 72 53 53 50 50 62 66 58 50 672 631 56 52 57 61 56 64 41 53 59 63
M05JC 11 73 44 63 67 57 61 57 45 67 79 64 64 76 751 481 481 64 52 76 64 491 45 75 46 70 90 54 54 79 551 56 56 57 57 56 60 53 53 55 55
M05PH 11 69 73 63 67 61 69 61 45 71 67 64 68 72 751 44 44 60 52 76 64 491 53 50 50 90 62 54 54 79 79 56 60 57 57 56 60 53 53 59 55
M05X6 11 65 44 63 55 691 57 57 57 67 79 64 64 68 76 481 481 64 64 76 72 57 45 54 46 70 62 50 50 79 79 56 56 57 57 60 60 53 49 55 55
M07TC 11 69 44 55 59 651 61 61 57 75 71 64 68 68 76 481 481 64 64 80 84 53 53 62 54 70 621 66 66 79 79 56 56 57 53 60 68 41 57 55 55
M0A66 11 65 44 63 59 53 37 61 61 75 75 64 64 64 68 40 40 64 64 80 72 53 45 58 46 62 66 42 42 79 79 52 64 57 61 60 68 53 611 59 59
M0EYT 11 65 44 67 55 69 69 61 57 75 67 721 64 68 76 40 44 64 52 76 72 491 61 58 46 62 58 54 50 672 672 56 56 57 53 56 60 61 61 59 59
M0FF2 11 44 44 67 55 61 69 61 57 75 67 64 68 68 76 40 48 52 52 76 72 61 61 58 46 62 58 54 54 672 833 56 56 57 53 56 60 49 61 59 55
M0HJ6 11 56 44 55 59 65 651 61 61 75 751 721 721 72 76 481 481 -9 -9 80 80 53 49 75 75 66 58 66 54 672 75 56 52 57 57 56 60 41 53 59 55
HRV0JL 11 69 65 63 59 61 61 61 57 71 67 76 68 64 64 28 28 52 561 84 72 53 45 46 46 54 66 66 42 671 79 56 64 57 57 60 68 53 61 59 55
HRV0JP 11 69 52 55 55 69 73 61 57 75 75 72 76 72 68 481 44 52 52 80 76 491 53 58 58 54 66 50 50 79 79 56 64 57 57 60 64 611 61 55 55
HRV0KA 11 73 44 63 55 691 53 57 57 75 671 72 72 72 68 28 28 561 561 80 80 53 61 75 46 62 621 54 42 79 79 60 52 57 61 60 60 53 49 59 59
HRV0LJ 11 73 56 55 59 69 73 61 57 75 75 76 64 72 76 481 28 60 64 80 76 45 531 62 50 58 621 54 46 -9 -9 56 56 61 53 56 52 53 53 63 55
HRV0LM 11 56 65 63 55 69 53 57 57 75 75 641 64 64 68 28 28 56 64 76 72 53 61 50 46 58 58 61 46 79 79 56 52 57 53 56 68 53 53 55 55
HRV0LP 11 73 68 55 55 73 37 61 61 75 132 76 76 72 68 481 28 60 64 76 72 491 531 62 50 66 621 54 46 79 75 56 56 61 61 56 52 53 53 59 63
M0HJ8 11 69 44 63 55 69 69 61 57 71 67 76 64 68 68 481 481 52 521 76 84 53 61 46 46 70 54 66 50 671 79 52 64 57 53 56 60 61 61 59 55
M0HM3 11 69 69 63 35 65 37 61 57 71 67 64 68 64 64 44 44 60 64 80 76 491 45 75 46 54 66 50 42 671 79 56 64 61 53 56 52 53 61 55 55
M0J1X 11 44 44 63 55 61 53 61 57 75 71 64 64 64 68 40 40 64 64 80 72 57 45 46 46 62 66 50 42 672 79 60 52 57 61 60 60 53 53 59 59
M0L32 11 44 44 55 55 651 73 57 57 71 71 72 76 72 68 44 44 64 64 80 76 53 53 58 54 66 621 54 50 79 79 56 52 57 53 60 60 41 53 63 55
M0L8F 11 69 69 63 55 53 53 57 65 751 791 72 72 64 80 48 48 52 52 80 72 491 53 62 50 62 66 58 61 79 79 56 52 57 61 56 52 41 53 63 55
M0LUH 11 69 65 67 67 691 53 61 57 67 671 72 68 68 68 44 44 64 561 80 72 53 57 50 46 62 62 50 42 79 79 56 52 61 61 68 52 57 49 59 55
M0XPJ 11 69 44 63 55 61 69 61 45 67 67 68 68 64 68 481 481 64 521 84 72 57 45 75 46 66 66 54 50 672 79 56 52 53 53 56 56 61 61 59 55
M0XTE 11 73 44 63 55 61 53 57 57 71 67 72 72 72 68 72 441 60 64 80 80 53 53 54 75 54 66 50 42 671 75 56 56 57 57 56 60 41 53 55 55
M157H 11 65 68 67 55 61 77 61 57 67 59 761 68 68 68 48 48 60 64 80 80 53 57 54 46 62 62 54 65 79 591 56 56 57 57 56 60 53 612 55 55
M16YU 11 44 44 71 55 61 73 57 57 71 67 64 64 68 68 481 481 64 52 84 72 53 61 50 58 62 66 50 46 671 79 56 56 57 57 60 68 49 49 55 55
M1751 11 69 44 67 67 65 53 61 61 75 67 72 72 68 68 40 48 64 561 80 72 53 57 50 46 70 66 46 42 671 79 56 56 61 61 60 52 57 49 59 55
M1C2H 11 65 44 67 55 61 69 61 57 75 67 761 68 68 76 48 48 64 52 80 72 491 61 54 46 54 58 50 42 671 672 56 56 57 53 56 60 61 61 59 59
M1E60 11 69 69 59 59 61 61 57 57 67 831 72 64 68 68 28 28 60 52 80 72 53 531 50 75 66 66 62 50 551 592 56 56 57 57 60 68 53 53 55 55
M1EKX 11 44 44 71 55 611 69 57 57 71 67 721 64 64 68 40 481 52 561 72 72 491 53 50 58 54 66 50 46 79 79 56 56 57 57 60 64 49 49 59 55
M1EKY 11 73 65 55 59 69 491 61 57 71 831 64 68 68 60 481 481 64 64 80 76 491 53 75 46 62 58 66 50 79 79 56 56 57 61 60 68 53 49 59 55
M1EL3 11 69 56 55 59 65 69 61 61 75 831 761 721 72 64 481 481 64 64 80 80 53 45 50 75 66 66 66 46 672 79 56 56 57 61 56 52 41 53 63 55
M1ELC 11 69 44 63 55 53 53 57 57 75 71 72 721 68 68 40 44 64 64 76 72 57 45 75 46 62 62 58 42 79 79 52 52 57 61 60 60 57 49 59 63
M1ELE 11 69 44 55 59 53 53 61 57 75 71 72 64 68 68 481 44 64 64 80 72 53 45 46 46 62 62 58 42 79 79 56 52 57 61 60 60 57 49 59 59
M2AY0 11 65 44 55 59 651 61 61 61 71 67 76 68 64 76 481 481 -9 -9 72 72 53 49 62 50 70 621 66 66 -9 -9 56 56 57 57 60 68 57 53 63 55
M2AY4 11 73 65 63 63 65 73 61 57 75 67 72 68 64 68 44 44 -9 -9 80 72 53 53 62 75 54 50 46 42 63 63 56 60 57 57 60 60 53 49 55 55
M2AY5 11 69 73 63 55 65 691 57 57 75 71 64 64 68 76 481 481 -9 -9 76 72 53 691 46 34 62 58 66 50 -9 -9 56 60 57 57 56 68 53 611 55 55
M2AY8 11 65 52 63 59 69 69 57 57 75 751 72 761 72 68 52 52 -9 -9 80 80 53 53 62 54 62 50 54 46 75 75 52 52 57 57 56 60 49 612 63 63
M2C3A 11 69 65 67 55 61 61 61 61 71 67 76 64 64 68 48 48 -9 -9 72 72 53 53 58 46 62 66 42 42 -9 -9 52 52 57 57 68 64 53 611 59 63
M2C3F 11 65 68 55 55 65 651 57 57 75 71 721 721 68 751 441 441 -9 -9 80 80 53 57 50 50 66 66 66 66 -9 -9 56 56 53 53 60 60 611 611 55 55
HRV0ME 11 65 44 55 55 57 69 61 45 71 67 68 68 72 64 56 44 52 521 76 84 53 45 58 58 70 66 66 50 79 79 56 64 57 61 68 68 57 53 59 63
M2CHJ 11 69 44 55 59 691 611 61 57 67 791 72 64 68 68 48 48 -9 -9 76 72 57 57 66 54 70 62 581 46 79 79 56 56 57 61 60 60 53 49 55 55
M2CHM 11 73 56 63 55 691 69 65 45 75 671 641 76 68 60 601 481 -9 -9 76 76 53 571 54 46 62 58 66 50 671 671 56 56 57 57 68 64 57 53 55 55
M2CHY 11 69 65 67 55 65 691 61 45 671 671 72 64 64 68 44 48 -9 -9 80 76 612 531 54 46 62 58 61 46 -9 -9 56 56 57 57 60 68 53 611 63 63
W23E8 11 65 44 67 55 61 73 61 57 75 67 68 68 76 76 481 481 64 64 80 72 61 61 46 46 58 58 54 42 672 79 56 56 53 53 56 56 53 61 59 59
W23EM 11 69 44 67 55 53 53 61 57 75 75 72 64 68 68 40 481 64 64 80 76 53 57 62 46 62 66 42 42 672 79 56 52 57 61 60 60 57 49 59 63
W23EX 11 69 44 67 67 53 53 57 57 75 671 64 64 68 68 481 481 64 64 80 76 53 57 62 46 62 66 42 42 79 79 56 52 57 57 60 60 57 49 59 63
W23F0 11 69 69 55 59 53 53 61 57 75 71 721 64 68 68 40 40 64 64 76 72 57 45 62 46 62 66 58 42 672 79 56 52 57 57 60 60 57 49 59 59
W26L5 11 69 65 55 55 65 691 61 57 71 67 641 64 68 68 601 601 64 72 80 76 53 531 50 46 66 58 66 54 671 671 56 52 57 57 56 68 53 611 63 55
W26LM 11 68 68 67 67 65 65 65 45 751 832 761 763 72 68 481 481 64 52 80 72 53 651 50 54 70 94 581 57 671 631 56 56 61 61 52 52 53 49 63 63
W26MJ 11 56 68 71 59 65 61 57 57 75 75 64 68 64 76 481 481 72 72 80 80 53 45 50 50 66 58 66 50 672 79 56 48 57 61 60 68 57 53 63 63
W26ML 11 73 68 55 55 65 65 57 65 75 671 64 68 64 76 481 481 64 561 72 72 53 45 75 46 62 58 66 66 671 672 56 56 57 61 60 68 57 53 55 55
W26MT 11 73 68 55 55 69 69 61 57 75 71 721 64 68 60 441 44 64 52 80 72 53 531 54 54 62 58 61 61 671 671 56 56 57 61 60 68 53 53 59 55
W26PE 11 48 61 67 51 65 691 57 65 132 140 763 763 72 72 52 52 68 52 72 72 61 571 50 50 62 58 54 61 -9 -9 60 60 57 61 56 68 53 53 59 59
W26PJ 11 69 61 55 51 65 691 61 65 751 751 763 763 72 72 52 52 68 68 72 72 571 571 58 34 70 62 54 61 671 671 56 60 61 53 68 52 53 611 59 63
W26PT 11 69 44 67 59 77 53 61 57 75 67 64 60 68 76 521 521 64 52 80 80 57 531 50 50 54 621 66 54 671 671 56 52 61 61 52 52 53 49 59 59
W26PX 11 69 48 67 67 65 53 57 57 71 71 72 763 72 64 52 48 -9 -9 72 72 61 531 50 50 66 58 58 61 -9 -9 56 60 57 57 56 56 53 53 59 55
W26T0 11 69 65 59 59 651 77 61 57 75 751 761 64 72 76 521 521 64 64 76 72 57 531 50 50 54 66 581 50 -9 -9 56 52 57 61 56 52 53 49 59 59
W26TC 11 69 65 55 59 65 69 61 57 75 71 72 64 64 68 48 48 64 52 80 76 53 612 54 46 58 621 66 54 671 632 56 52 57 57 68 52 53 612 59 55
W26TJ 11 61 68 63 55 65 69 65 65 711 711 72 72 68 76 52 52 -9 -9 72 64 57 49 50 75 62 621 54 46 671 672 56 60 61 61 56 60 57 53 59 55
W26UE 11 73 65 55 55 69 491 61 57 71 67 64 68 64 60 481 481 60 64 76 72 491 53 50 46 66 58 62 66 -9 -9 56 56 57 53 56 68 53 53 59 55
W26UF 11 73 65 55 59 491 73 57 57 71 67 64 68 64 60 481 481 64 64 72 72 491 53 50 54 62 62 62 50 551 551 56 56 57 61 60 68 57 49 59 55
W26UL 11 56 65 63 55 691 69 65 45 75 71 641 76 64 68 481 48 64 72 76 76 53 612 46 46 62 62 66 50 75 75 56 56 57 57 68 64 57 53 55 55
W26X2 11 65 68 71 55 65 61 61 57 751 751 72 64 68 68 481 441 56 561 80 72 45 45 50 75 62 62 54 42 79 79 56 52 61 53 56 60 41 53 59 55
W2716 11 68 68 55 35 65 65 65 45 67 751 72 64 72 68 52 52 56 56 72 72 53 53 50 54 70 58 581 50 671 591 56 52 61 61 60 68 53 611 55 55
HRV1C6 11 69 65 67 55 65 69 61 57 71 751 76 76 68 68 28 67 64 52 76 72 45 61 58 75 66 66 54 50 671 672 56 56 57 57 64 64 53 49 55 55
HRV1CX 11 45 73 63 55 65 61 57 57 71 79 76 721 64 68 28 28 72 52 80 76 53 531 50 46 62 66 66 66 671 79 56 52 57 61 60 64 53 611 55 55
HRV1E2 11 65 68 55 59 65 69 57 57 71 671 72 721 68 751 28 441 64 52 80 80 53 53 50 50 66 621 66 66 672 672 56 56 57 57 60 60 41 53 55 55
HRV1E4 11 44 44 55 55 69 37 61 57 75 67 76 64 76 76 40 28 52 561 80 72 53 61 75 46 66 58 50 42 672 672 56 56 57 57 60 60 611 61 59 59
HRV1E5 11 69 68 55 55 69 53 61 45 75 67 761 761 68 751 28 28 64 68 80 72 491 53 50 54 66 66 46 46 671 79 56 56 57 57 60 68 57 49 59 55
HRV1EC 11 65 68 55 59 61 69 57 57 71 67 72 721 64 751 28 48 56 64 80 72 53 53 50 54 62 62 66 54 672 672 56 56 57 57 60 52 41 57 59 55
HRV1EK 11 69 69 55 59 69 69 45 45 75 67 721 64 68 76 56 44 60 64 76 84 53 57 62 46 62 66 66 42 79 79 56 64 57 53 56 68 41 53 59 59
HRV001 11 73 65 63 59 69 53 57 57 671 59 64 64 68 68 481 481 561 521 80 76 491 53 62 50 62 66 50 42 672 79 56 52 57 53 60 60 57 53 59 55
HRV00H 11 73 65 63 59 69 53 57 65 671 59 64 64 72 68 28 28 52 521 76 72 491 53 50 46 62 66 42 65 671 79 56 52 57 61 60 60 57 53 59 59
HRV00K 11 44 44 67 55 69 53 57 57 671 59 64 64 68 68 28 28 52 521 80 76 491 45 62 46 62 62 58 65 671 79 56 52 57 61 60 60 57 53 59 59
HRV01X 11 69 69 55 55 57 73 45 45 71 67 68 68 68 76 44 44 64 52 76 84 57 45 58 58 62 66 66 42 79 79 56 64 57 61 68 68 57 53 59 63
HRV025 11 69 65 55 55 57 69 57 45 75 67 721 64 72 64 56 44 64 52 80 76 53 45 58 46 70 58 50 50 671 79 56 64 57 61 68 68 57 49 63 63
HRV028 11 69 69 55 55 57 73 45 45 71 67 68 68 68 76 44 44 64 52 76 84 57 45 58 58 62 66 66 42 79 79 56 64 57 61 68 68 57 53 59 63
HRV041 11 44 44 67 55 61 69 57 57 67 67 721 64 68 68 481 44 64 52 80 84 53 53 54 46 66 58 50 46 672 79 56 56 57 53 56 60 41 53 59 55
HRV04F 11 44 44 67 55 61 69 61 57 67 67 721 64 68 68 44 44 52 52 80 72 53 61 54 46 62 58 50 42 672 672 56 56 57 53 56 60 41 61 59 59
HRV04L 11 44 44 55 55 61 61 57 57 67 67 721 64 68 68 481 44 64 52 72 72 53 61 58 46 62 58 46 42 671 672 56 56 57 53 56 68 41 49 59 55
HRV055 11 44 44 67 55 61 69 57 57 71 67 721 64 68 68 481 481 52 52 80 72 53 61 50 54 62 66 46 42 671 672 56 56 57 57 60 68 41 49 59 55
HRV05J 11 69 40 63 63 61 69 57 57 75 75 68 68 64 68 481 48 56 64 80 72 45 61 50 54 66 66 54 46 79 79 56 56 57 61 60 68 49 49 55 55
HRV07J 11 69 65 63 67 61 69 61 57 71 67 76 68 68 68 28 67 64 521 76 76 53 61 46 46 66 66 42 42 671 672 64 64 57 53 56 60 53 49 59 55
HRV07K 11 73 56 67 55 69 53 45 45 75 71 64 68 64 68 601 601 64 72 80 76 53 612 50 46 62 66 50 46 79 79 56 56 57 57 68 68 611 49 63 55
HRV07L 11 45 69 63 59 651 61 61 57 67 831 72 721 68 68 481 481 64 52 80 80 531 531 62 50 90 66 62 46 79 551 56 56 57 57 56 60 53 49 55 671
HRV07M 11 69 44 67 59 61 69 61 57 67 132 76 64 68 76 481 44 60 52 80 72 53 61 54 54 54 62 50 46 672 672 56 56 57 57 60 64 49 49 55 55
HRV0HM 11 65 68 67 55 61 69 61 45 67 67 721 68 64 68 56 56 52 52 76 76 45 61 62 62 62 62 54 42 672 75 56 56 61 53 56 68 57 53 59 59
HRV0J2 11 69 44 67 55 77 53 61 61 75 67 72 761 68 68 28 28 64 561 80 72 53 57 46 46 62 66 42 42 79 79 56 52 57 61 60 60 53 612 59 59
HRV0K3 11 44 44 67 55 69 692 61 57 67 67 76 68 68 76 40 28 64 521 76 72 53 61 58 75 66 58 54 42 672 79 56 52 57 53 56 64 61 612 59 59
HRV0KE 11 69 44 67 55 61 69 61 57 71 71 76 761 72 68 28 28 64 521 80 72 61 49 54 46 54 58 54 50 671 79 56 52 57 57 60 64 41 61 59 55
HRV0KF 11 69 65 67 67 651 61 57 45 67 67 72 68 68 60 481 67 60 52 80 72 491 61 62 46 62 66 74 74 672 79 60 52 57 57 56 60 53 49 59 55
HRV0KU 11 73 65 63 55 69 73 61 57 75 75 641 76 68 68 28 28 56 60 76 72 53 531 62 46 66 58 46 46 79 79 56 52 57 61 68 52 53 53 63 55
HRV0L6 11 69 68 55 59 65 53 61 57 71 132 721 64 68 68 28 28 52 52 80 80 491 53 50 34 62 66 50 50 79 79 56 60 61 61 60 64 53 49 55 55
HRV0M2 11 44 68 63 55 53 37 61 45 75 75 76 64 68 76 28 28 56 60 80 72 491 61 50 50 62 66 54 50 79 79 56 56 61 53 56 52 53 49 63 55
HRV0MF 11 44 44 67 55 69 73 57 45 71 67 64 68 64 76 40 28 52 52 84 72 45 61 46 46 70 62 54 42 672 672 56 64 57 53 56 60 41 61 59 59
HRV0MJ 11 77 56 67 59 65 65 57 57 79 831 72 761 64 68 44 48 60 60 80 80 53 45 62 58 62 66 54 54 79 79 56 56 57 57 60 60 49 49 63 55
HRV1AT 11 65 44 63 67 69 53 57 65 71 671 64 64 68 68 481 28 561 521 80 80 45 61 62 46 62 66 42 65 672 79 56 52 57 61 60 60 57 49 59 55
HRV1C1 11 44 68 67 59 691 61 61 57 71 67 641 761 72 68 28 441 64 68 80 76 53 531 50 54 62 58 66 66 672 551 56 56 57 57 68 68 53 53 59 55
HRV1CL 11 69 65 59 59 651 531 61 61 67 791 721 64 64 68 28 28 64 52 76 64 53 57 50 50 62 66 581 50 671 79 56 56 57 61 56 52 53 53 59 55
HRV1E1 11 44 44 63 55 61 69 61 57 75 67 72 761 68 68 481 48 56 52 76 72 53 57 54 46 70 66 66 46 79 75 56 52 57 61 60 52 49 49 55 55
HRV1E7 11 56 56 67 55 69 53 57 45 75 75 76 68 68 751 481 28 64 64 76 72 53 53 54 46 62 66 66 46 671 79 56 56 57 53 56 64 53 49 55 55
HRV1EE 11 56 72 67 55 53 53 61 57 75 132 64 68 68 751 28 44 64 68 80 72 491 53 50 54 66 66 54 46 671 79 56 56 57 53 56 60 53 49 59 55
HRV1ET 11 65 44 67 55 61 69 61 57 75 67 761 68 68 76 28 48 64 52 80 72 491 61 54 46 54 58 50 42 671 672 56 56 57 53 56 60 61 61 59 59
h00111 12 65 44 55 55 69 53 61 57 67 831 641 68 64 68 481 44 56 561 80 72 53 57 50 46 54 66 581 54 79 551 56 60 57 57 60 52 611 49 59 63
h00211 12 44 44 55 59 691 69 57 45 75 71 64 64 68 68 481 48 64 561 80 80 57 61 50 46 66 58 66 50 75 591 56 56 57 57 60 68 49 61 59 55
h00311 12 69 68 59 59 69 53 61 57 67 79 721 64 64 76 481 521 60 64 80 72 491 53 58 58 62 66 58 54 671 672 56 52 57 57 56 68 53 612 63 55
h00411 12 69 44 67 55 61 61 57 57 67 67 72 721 68 68 441 67 64 52 80 84 57 61 54 54 70 66 54 50 79 631 56 56 57 57 60 64 53 49 59 55
h00511 12 73 68 71 55 65 73 57 57 63 671 64 68 64 68 481 44 64 52 80 72 61 61 58 54 70 621 46 42 79 79 56 56 57 53 60 68 53 53 63 55
h00611 12 65 44 55 55 65 65 61 57 67 140 76 721 72 76 601 521 64 521 80 84 53 61 50 46 70 62 50 61 79 79 56 56 57 61 60 60 57 53 55 55
h00711 12 65 44 63 55 651 611 61 61 75 59 64 68 64 68 28 44 64 52 80 72 57 49 58 46 62 66 54 50 671 79 56 56 57 57 60 60 53 53 55 55
h00811 12 69 69 63 55 65 53 57 57 75 751 64 64 72 68 28 67 68 68 80 76 53 53 46 46 66 66 66 58 79 631 52 48 57 57 56 60 57 61 63 55
h00911 12 56 65 67 59 53 73 57 57 75 67 72 68 68 68 28 44 64 64 72 72 45 61 62 46 66 66 461 54 671 592 52 48 57 57 68 52 53 49 59 55
h01011 12 69 44 63 59 61 69 61 57 831 1361 761 761 72 64 481 48 561 561 80 72 53 53 54 46 54 62 54 42 79 79 60 52 57 61 56 56 49 61 59 55
h01111 12 44 44 63 59 691 53 61 65 67 671 64 64 68 76 56 481 56 561 80 76 491 53 58 46 62 58 54 42 671 63 56 56 57 57 56 60 41 61 63 55
h01211 12 73 65 63 55 69 69 57 45 67 79 721 64 68 751 40 481 52 521 80 80 53 531 46 46 66 58 54 46 672 551 56 56 57 61 56 64 53 53 63 55
h01311 12 69 44 67 55 65 53 61 57 671 1361 76 721 64 64 601 44 64 52 76 84 53 53 50 50 54 66 50 42 79 79 56 56 57 57 56 52 53 49 59 55
h01411 12 69 73 59 51 53 37 57 45 71 67 64 68 64 68 52 44 64 52 76 76 491 53 54 46 70 54 54 65 79 79 56 56 57 57 60 52 49 61 59 55
h01511 12 68 40 55 59 65 611 61 61 71 752 76 64 64 68 481 67 64 561 72 72 53 57 75 46 66 58 62 54 671 671 56 52 57 53 56 60 61 61 59 55
h01611 12 56 65 67 59 53 53 57 45 75 71 64 64 64 68 481 441 52 52 80 72 491 53 54 46 62 58 54 50 671 79 56 52 57 61 56 60 53 611 63 55
h01711 12 44 44 63 55 65 73 57 65 75 71 72 72 72 751 28 44 64 52 80 76 491 61 54 46 66 58 66 54 79 79 56 64 57 53 60 68 57 49 55 55
h01811 12 69 65 63 55 57 61 57 57 75 75 76 64 64 60 40 28 60 52 80 72 61 49 62 46 66 58 54 50 672 591 56 56 57 61 56 52 41 49 59 55
h01911 12 77 65 67 55 61 69 61 61 71 67 68 68 64 68 28 44 60 60 80 76 491 531 46 46 62 621 66 46 672 551 56 52 61 61 56 68 53 612 59 63
h02011 12 65 44 63 55 611 69 61 57 67 751 68 68 64 64 28 44 60 52 80 80 53 57 58 58 62 66 581 50 79 631 52 52 57 53 60 64 41 41 55 671
h02111 12 69 65 67 55 731 611 61 45 71 671 72 76 68 76 44 44 56 521 80 72 53 53 50 50 70 62 62 46 75 631 56 56 57 57 68 68 61 61 63 55
h02211 12 65 44 71 59 69 69 61 57 75 132 64 64 76 76 67 48 64 64 80 76 491 531 75 46 62 66 50 42 79 79 56 56 57 57 68 52 53 53 59 671
h02311 12 61 44 55 55 57 69 65 45 75 71 72 64 64 68 28 44 64 64 72 64 53 57 50 50 54 62 54 46 631 63 56 60 57 53 56 68 41 49 55 55
h02411 12 65 44 55 55 65 69 61 57 75 67 64 68 76 76 44 521 64 64 80 80 45 531 50 46 66 66 62 50 671 79 56 56 57 53 68 64 53 611 55 55
h02511 12 65 65 55 59 65 53 57 57 71 67 72 76 64 64 481 48 60 68 80 72 491 691 50 50 66 58 54 50 79 79 56 56 57 57 60 60 49 612 59 63
h02611 12 73 65 55 55 691 691 57 57 75 71 72 721 68 60 52 481 56 64 72 72 491 53 62 50 62 58 50 46 671 79 56 52 57 61 56 52 53 49 59 55
h02711 12 69 44 63 59 65 53 61 65 71 67 68 68 68 76 481 28 64 52 76 72 491 571 54 54 70 62 66 46 672 79 56 52 57 53 60 60 57 612 55 55
h02811 12 73 44 63 67 691 61 57 45 75 71 76 68 64 68 481 481 56 64 80 76 57 61 58 54 62 66 54 42 672 591 56 56 57 53 56 60 53 49 55 55
h02911 12 69 44 63 55 69 69 57 45 75 67 721 64 64 68 28 441 64 52 80 80 53 57 58 75 62 621 66 54 671 672 56 56 57 61 60 64 49 49 59 59
h03011 12 65 44 55 55 61 53 57 57 71 751 64 68 64 64 481 28 64 68 80 80 53 531 50 54 62 62 50 46 79 63 56 60 57 57 60 68 53 61 59 55
h03111 12 45 56 55 59 69 53 57 45 67 59 76 64 68 68 52 48 64 52 80 72 45 531 58 46 62 58 50 46 671 551 56 52 57 61 56 64 53 53 55 55
h03211 12 69 73 55 51 691 69 61 45 67 132 64 64 64 68 28 44 64 52 76 72 53 53 62 54 70 62 66 42 79 79 56 60 57 61 60 60 57 57 59 59
h03311 12 44 44 67 55 69 69 45 45 75 751 72 68 68 68 56 48 52 52 80 80 491 53 58 46 62 58 50 46 79 551 56 52 61 61 56 60 53 61 59 63
h03411 12 44 44 63 63 611 69 61 61 71 1441 68 763 68 68 28 28 64 561 76 72 61 61 50 46 66 66 54 42 671 79 56 56 57 61 68 64 53 53 59 63
h03511 12 73 65 55 59 69 53 61 61 71 132 721 64 68 76 481 44 52 52 80 76 53 53 50 46 66 66 66 66 672 75 52 64 57 61 56 56 49 61 59 63
h03611 12 56 44 55 59 61 53 61 57 75 791 72 64 68 76 56 44 60 64 72 72 57 57 50 54 62 621 62 62 672 672 56 64 61 53 56 56 53 49 55 55
h03711 12 73 56 63 67 57 53 57 57 671 831 721 68 68 751 28 44 64 64 72 72 61 531 50 46 62 66 46 46 671 79 56 64 57 53 56 68 53 53 59 63
h03811 12 69 65 63 55 691 61 57 65 67 671 721 68 64 68 28 441 72 521 80 76 45 61 46 34 62 62 581 46 79 63 56 56 57 57 60 68 49 612 63 55
h03911 12 77 44 63 67 691 53 61 57 75 71 76 68 80 76 44 44 64 561 80 84 491 531 50 58 70 66 66 54 672 79 56 56 57 61 60 52 49 49 63 63
h04011 12 69 65 63 55 65 69 65 45 75 75 72 681 68 76 441 62 52 52 80 76 53 61 54 75 62 66 46 42 672 79 52 52 53 53 56 56 53 49 59 55
h04111 12 65 44 71 55 53 53 61 61 67 671 721 68 64 68 601 28 68 52 80 80 57 45 58 54 66 621 62 46 671 631 52 64 57 57 56 68 53 53 59 55
h04211 12 69 73 63 55 691 61 57 57 75 71 72 761 64 60 481 481 60 64 80 76 53 531 50 46 54 62 50 46 672 551 56 56 57 57 68 64 53 611 59 63
h04311 12 69 69 55 55 57 69 61 45 71 831 72 68 72 68 481 481 64 64 80 72 53 57 50 54 70 66 54 50 671 632 56 56 57 53 60 60 57 49 55 55
h04411 12 69 44 63 71 69 53 65 45 75 79 761 68 64 68 40 481 56 64 84 72 491 57 62 75 66 66 66 50 672 79 56 52 57 53 60 64 611 49 55 55
h04511 12 73 44 67 35 69 53 61 65 75 671 64 64 72 68 44 62 64 52 76 84 491 53 50 75 62 66 50 42 79 79 56 60 57 61 60 60 53 612 55 55
h04611 12 73 65 71 55 61 61 57 57 67 59 761 64 68 76 28 62 64 561 80 76 45 61 46 46 62 66 54 50 671 63 56 52 57 57 56 60 49 612 59 59
h04711 12 73 65 67 55 61 73 57 65 75 67 641 60 68 68 28 28 56 561 76 72 53 57 46 46 70 66 46 65 671 79 56 56 57 57 56 52 57 49 55 55
h04811 12 69 44 67 55 691 691 57 57 71 71 64 68 72 64 481 44 64 64 80 76 57 531 75 46 62 66 66 50 672 551 56 56 57 61 60 60 53 611 59 63
h04911 12 69 68 55 55 53 73 57 57 75 79 76 721 76 76 481 44 64 64 76 72 53 53 50 54 66 66 66 50 79 79 60 52 57 61 56 60 53 53 59 55
h05011 12 56 44 71 67 69 69 61 57 71 831 72 64 64 68 40 44 64 521 72 72 53 49 54 34 62 62 50 42 79 79 56 56 57 61 60 52 41 61 55 55
h05111 12 73 65 59 51 691 53 61 61 75 67 72 761 68 68 52 28 60 52 80 80 53 57 50 46 62 58 50 42 671 631 56 56 57 61 60 60 53 53 55 55
h05211 12 69 56 63 59 691 69 57 45 75 71 72 64 72 68 28 48 64 52 80 72 491 61 50 54 62 62 62 50 79 79 56 56 57 57 60 52 57 53 63 55
h05311 12 69 44 63 63 691 73 61 57 75 671 641 641 72 68 44 44 64 561 80 80 53 61 46 46 62 66 54 46 79 79 56 52 57 53 60 60 41 57 59 55
h05411 12 73 65 67 55 65 69 61 57 71 71 72 64 64 68 28 44 64 52 84 72 53 53 66 46 62 58 581 50 79 79 56 52 57 57 60 60 53 61 59 55
h05511 12 69 44 67 55 69 77 53 45 75 71 76 64 64 68 72 481 561 561 72 72 53 61 62 66 62 66 50 46 671 672 56 56 61 53 60 60 49 49 55 55
h05611 12 65 52 67 59 61 73 61 57 75 671 761 68 72 68 481 481 52 52 76 76 491 651 54 46 66 621 66 66 671 551 56 52 57 57 56 60 53 53 63 55
h05711 12 69 65 59 59 691 69 61 57 71 751 761 64 64 68 44 48 60 64 80 72 53 45 50 75 54 66 66 58 79 79 52 52 57 57 60 60 41 53 59 59
h05811 12 73 65 55 55 65 61 61 57 75 671 72 64 68 68 40 48 64 64 76 72 53 61 54 75 66 58 66 54 671 63 52 64 57 53 60 60 41 53 55 55
h05911 12 73 77 63 55 61 53 61 45 67 67 761 64 68 76 44 48 64 52 80 72 61 531 50 46 62 66 66 42 671 551 56 56 57 61 60 60 53 61 63 55
h06011 12 69 65 67 59 65 69 61 57 75 75 64 68 72 72 28 44 64 52 80 72 53 61 62 46 62 62 66 42 63 551 56 56 57 57 60 60 49 49 63 63
h06111 12 44 68 67 59 61 531 61 65 71 67 64 64 72 751 52 481 52 52 84 72 45 45 50 50 66 66 61 42 79 79 56 56 57 61 60 52 41 53 55 55
h06211 12 73 65 67 55 65 651 57 57 75 75 72 64 68 68 601 481 52 52 80 84 61 531 62 54 621 621 54 65 672 79 56 56 53 53 68 52 53 53 63 55
h06311 12 73 73 55 55 61 69 57 57 71 67 76 721 64 76 48 62 64 52 80 76 53 531 50 75 62 66 66 66 671 79 56 56 57 61 60 52 49 61 59 55
h06411 12 69 61 63 55 69 69 61 61 75 67 72 64 64 68 481 44 64 52 80 72 53 57 50 46 90 62 54 46 671 671 56 60 57 57 60 60 41 49 59 63
h06511 12 69 44 67 59 61 73 61 57 67 751 72 64 64 68 481 28 56 52 80 80 57 57 54 46 58 702 54 50 672 79 56 56 57 61 60 64 53 61 63 55
h06611 12 65 44 55 59 691 61 57 57 71 67 72 64 68 68 481 48 561 521 80 76 53 531 50 54 66 58 74 61 672 672 56 56 57 57 60 68 41 61 55 55
h06711 12 65 48 55 59 61 69 57 57 71 71 72 72 68 68 481 28 68 52 80 80 491 45 50 75 62 66 66 61 79 591 56 52 57 57 56 56 53 61 59 59
h06811 12 65 44 63 55 691 53 57 57 75 75 72 68 72 68 481 28 64 64 80 80 53 61 50 46 54 621 66 54 79 79 56 64 57 61 60 52 41 61 59 55
h06911 12 65 44 67 59 53 53 61 57 75 831 641 721 64 68 481 48 56 561 84 72 53 45 50 54 66 50 66 66 79 63 56 60 57 53 56 60 49 61 59 55
h07011 12 65 68 63 63 65 69 57 57 75 67 72 64 64 68 40 28 64 72 72 72 53 53 58 58 66 621 50 46 79 63 56 56 53 53 60 60 53 612 59 55
h07111 12 69 56 59 51 65 69 61 61 71 67 72 68 68 76 681 28 64 64 80 72 53 57 54 46 62 66 50 42 671 672 56 56 57 57 60 68 611 61 63 55
h07211 12 44 68 55 59 61 61 61 61 75 67 72 64 68 68 481 28 64 561 84 72 45 61 50 54 62 58 461 57 79 79 56 52 57 61 60 60 57 57 55 55
h07311 12 77 65 55 55 651 691 61 57 75 67 72 68 80 76 40 44 64 52 80 76 57 532 54 75 66 58 54 54 79 75 56 60 57 61 60 64 49 612 59 55
h07411 12 65 44 63 67 61 69 57 57 67 67 64 64 68 68 481 62 52 561 80 76 53 45 54 54 58 621 54 50 671 79 52 64 57 57 56 52 53 49 63 63
h07511 12 73 65 59 35 651 69 61 61 132 791 68 763 76 76 481 28 56 52 72 72 53 57 46 46 62 66 54 61 672 79 56 56 61 53 56 60 53 53 59 63
h07611 12 69 65 55 55 65 691 57 45 75 1281 72 68 68 68 28 48 64 64 80 84 53 53 75 46 62 66 54 50 672 79 56 60 57 57 56 52 53 49 59 55
h07711 12 69 65 55 59 651 53 61 57 75 67 64 64 68 68 28 44 64 52 80 72 491 53 50 46 62 62 66 50 671 79 56 56 57 61 60 60 41 49 59 55
h07811 12 69 44 63 55 53 53 61 57 71 67 72 64 64 68 481 28 64 52 80 80 53 45 62 46 62 58 46 42 672 79 56 56 57 57 68 68 41 53 63 55
h07911 12 65 44 63 59 61 611 57 57 71 67 641 64 68 60 56 481 68 52 76 72 53 531 50 50 62 58 50 46 79 79 56 60 57 57 68 68 57 53 63 55
h08011 12 65 44 55 55 651 69 57 65 75 75 72 76 68 76 40 44 64 64 84 72 531 531 54 46 62 621 54 46 79 63 52 52 57 61 56 64 612 612 63 55
h08111 12 73 68 63 55 61 53 61 57 71 79 72 64 64 76 40 44 64 52 76 72 57 61 66 75 66 66 54 46 672 672 56 52 57 53 60 64 53 49 59 55
h08211 12 65 68 67 59 691 691 61 61 79 751 641 761 68 68 481 28 64 521 72 72 57 532 62 62 54 54 54 42 672 79 52 52 57 57 60 68 57 612 59 55
h08311 12 65 801 71 59 57 61 61 45 67 67 64 64 64 68 28 44 52 52 80 84 491 53 58 46 62 58 54 50 672 551 56 56 57 61 60 64 53 53 59 55
h08411 12 73 56 63 55 61 69 57 57 75 71 76 64 64 68 481 67 60 64 80 80 45 531 50 50 62 58 66 50 672 551 56 56 57 53 60 52 41 57 55 55
h08511 12 44 68 63 67 651 53 61 57 67 67 761 68 64 68 481 28 56 64 72 64 491 53 62 46 66 66 61 42 672 59 56 52 57 57 56 64 53 61 59 55
h08611 12 69 44 67 55 65 73 57 45 75 1361 64 64 76 751 481 48 64 52 80 72 491 53 46 46 66 58 62 66 671 672 52 64 61 53 60 68 57 49 59 55
h08711 12 56 72 63 67 53 53 61 45 75 75 68 68 64 76 48 48 56 52 76 76 53 53 58 58 66 58 46 42 672 79 56 52 57 61 56 52 53 61 59 59
h08811 12 69 65 55 51 691 61 57 57 67 791 76 721 72 64 28 44 60 52 80 80 53 57 50 46 62 702 50 50 79 79 60 52 57 53 60 68 41 53 59 55
h08911 12 69 69 55 59 61 61 57 57 67 832 68 68 72 64 44 48 64 52 80 72 57 45 50 75 66 66 54 42 671 59 56 52 57 61 60 68 57 53 63 55
h09011 12 69 52 63 63 61 69 61 61 75 67 64 763 64 68 28 44 64 52 80 72 53 53 62 46 70 62 66 46 671 79 52 52 57 57 56 60 57 53 63 55
h09111 12 69 44 63 85 77 53 61 57 67 1321 76 64 68 76 28 44 56 64 72 72 53 651 50 46 70 70 54 46 672 591 56 64 57 57 60 60 41 57 63 55
h09211 12 69 60 67 59 65 651 57 57 71 67 76 64 68 68 52 481 64 64 80 76 491 531 50 46 54 62 54 54 671 591 56 56 57 61 60 60 53 53 63 55
h09311 12 69 44 63 59 61 73 61 57 75 67 721 64 68 68 28 28 64 64 72 72 491 531 54 75 66 66 50 65 79 551 56 64 57 57 68 68 57 53 59 55
h09411 12 77 44 55 55 611 69 61 61 75 67 68 68 72 76 28 441 52 52 80 72 45 45 58 46 58 58 62 54 671 79 56 56 57 57 56 60 41 57 59 55
h09511 12 69 69 71 59 65 611 61 57 75 67 64 68 64 68 28 28 64 64 80 76 53 61 58 46 66 58 66 50 672 79 56 56 57 53 60 52 57 53 59 63
h09611 12 69 44 67 59 65 69 61 61 71 791 72 76 68 76 40 44 60 64 76 72 53 61 54 54 62 66 58 54 79 75 56 64 57 57 60 60 53 61 59 59
h09711 12 65 44 63 67 65 61 57 65 71 71 76 68 72 68 52 28 64 521 80 76 491 53 58 54 70 58 46 42 671 79 56 52 57 57 60 68 53 53 63 55
h09811 12 69 44 59 59 69 73 57 57 67 751 761 64 68 76 52 48 64 52 80 72 53 61 62 50 62 66 54 50 79 631 56 52 57 57 56 52 57 53 55 55
h09911 12 65 48 67 55 53 53 57 65 71 67 64 68 68 68 481 28 64 64 80 76 53 45 50 46 70 66 66 54 79 75 56 52 57 61 60 52 53 61 59 55
h10011 12 69 801 63 59 65 69 61 57 75 711 64 64 76 60 52 441 60 72 80 72 53 53 50 34 66 58 54 54 79 79 56 56 57 53 56 56 57 61 59 55
h1011 12 65 44 63 63 651 37 61 57 75 63 64 64 68 76 40 481 64 52 76 76 491 61 50 54 62 66 50 50 79 631 56 56 57 57 68 64 41 61 59 55
h1021 12 61 68 63 59 65 53 61 61 67 1361 72 64 72 68 52 28 64 64 80 72 53 57 50 54 54 66 54 50 79 75 52 52 53 53 60 64 53 49 63 55
h1031 12 69 65 67 55 61 53 57 65 67 751 76 68 64 67 481 481 64 64 76 76 53 531 58 75 62 62 66 46 671 631 56 52 57 53 60 68 41 49 59 55
h1041 12 56 65 55 59 65 61 61 61 75 71 72 64 64 68 28 67 64 64 80 76 53 53 50 75 62 58 66 61 671 79 56 52 57 57 60 60 49 61 55 55
h1051 12 69 68 55 55 53 37 61 65 71 79 721 64 64 64 28 48 64 52 80 72 57 531 50 46 66 621 50 46 672 631 56 56 57 61 60 60 57 61 59 55
h1061 12 44 68 67 55 691 61 57 45 75 791 76 64 68 80 40 44 64 64 80 80 53 53 58 46 62 621 66 54 671 672 56 60 57 53 56 68 53 49 59 59
h1071 12 44 44 67 55 65 53 61 57 67 67 72 761 68 68 481 48 64 68 80 84 53 61 50 46 62 621 66 46 631 551 56 56 57 61 60 52 49 49 59 63
h1081 12 65 44 67 55 65 69 61 57 67 1281 72 761 68 76 28 521 52 52 80 64 53 53 54 54 54 66 50 50 672 79 56 56 61 53 60 60 57 49 59 55
h1091 12 73 65 55 59 69 53 61 57 71 751 64 68 68 68 56 48 64 52 76 72 53 45 50 58 66 702 54 50 79 79 56 64 57 57 56 56 53 53 63 55
h1101 12 69 69 63 67 65 611 45 45 75 71 761 64 64 68 481 48 60 64 72 72 45 45 50 75 62 66 62 42 672 79 60 52 57 57 56 60 53 49 59 59
h1111 12 56 68 67 55 69 69 57 45 75 67 72 721 72 64 441 44 52 52 80 84 53 61 46 46 62 66 54 42 671 672 56 56 57 57 56 60 53 61 59 55
h1121 12 56 44 67 55 53 53 61 57 67 671 64 763 72 68 28 44 52 561 76 72 491 531 54 46 66 66 54 46 79 79 56 56 57 53 56 68 41 41 63 55
h1131 12 69 77 63 67 61 37 57 57 75 67 72 68 64 68 52 52 64 64 84 72 57 57 54 75 66 58 66 54 79 591 56 56 61 61 60 60 41 53 59 59
h1141 12 69 61 63 55 57 491 61 57 75 71 64 64 68 60 481 48 64 52 76 72 53 57 58 75 62 66 50 50 672 75 56 48 61 61 56 60 53 61 59 55
h1151 12 44 44 67 67 65 73 57 45 75 711 641 64 68 76 28 48 64 52 80 72 53 45 50 75 62 50 50 46 79 79 56 64 57 53 60 60 53 49 63 55
h1161 12 73 68 63 55 691 53 57 57 71 71 64 64 64 68 481 481 68 52 80 76 45 61 50 58 66 66 54 54 79 75 56 52 57 61 60 60 49 61 55 55
h1171 12 44 44 55 55 61 53 61 57 67 671 761 64 68 68 481 44 64 64 76 72 491 53 50 58 62 62 54 46 79 63 56 56 57 61 56 60 41 53 59 55
h1181 12 69 68 67 67 69 69 61 57 75 75 76 64 68 60 52 481 72 52 76 76 53 61 50 58 62 66 46 42 672 79 60 60 57 53 56 60 57 49 55 55
h1191 12 56 61 55 55 69 73 57 45 71 71 72 64 64 68 481 28 56 561 80 72 491 45 50 34 62 66 61 46 671 79 52 64 57 57 56 52 53 49 55 55
h1201 12 73 65 71 59 491 73 61 45 75 67 76 64 68 76 441 48 64 52 80 72 53 57 50 75 62 66 46 46 79 79 60 52 57 57 56 56 53 53 63 55
h1211 12 44 68 63 55 691 61 61 61 67 132 72 68 64 64 40 481 60 64 80 72 53 53 75 46 70 66 581 581 79 63 56 56 57 57 60 60 53 53 59 55
h1221 12 65 44 67 59 61 53 57 45 67 671 721 68 64 68 441 441 64 64 80 80 53 49 62 46 54 50 50 57 672 79 56 56 57 57 60 68 57 53 59 55
h1231 12 69 44 55 59 69 69 61 57 67 67 64 68 64 76 52 481 52 521 80 72 491 53 50 54 70 62 54 61 672 631 56 56 57 57 56 60 53 53 59 59
h1241 12 65 44 67 67 65 651 61 61 75 67 721 68 68 68 481 28 52 52 80 72 53 61 62 50 66 58 66 46 79 79 56 64 57 61 60 68 53 611 59 55
h1251 12 73 56 63 59 61 69 61 57 71 671 64 68 64 68 481 28 64 64 80 76 53 57 62 54 66 58 62 46 671 63 56 56 57 53 68 68 41 612 63 55
h1261 12 69 73 63 67 65 691 61 45 67 831 72 64 72 68 601 48 64 52 80 80 53 53 50 46 66 58 66 50 671 79 60 52 57 57 56 68 41 53 59 59
h1271 12 69 65 67 55 69 69 57 57 67 671 64 64 76 751 44 48 64 64 72 72 53 612 50 54 66 66 54 50 79 79 56 52 61 61 60 68 53 53 59 59
h1281 12 65 65 67 67 61 69 57 57 71 671 72 64 68 68 72 28 64 64 76 76 491 53 50 50 62 66 74 50 672 79 56 56 57 61 60 68 57 53 59 59
h1291 12 65 65 63 63 691 69 57 57 75 831 641 64 64 68 481 48 64 52 84 72 53 61 62 58 66 66 66 50 671 79 60 52 57 61 60 64 53 61 59 55
h1301 12 69 65 63 55 65 61 61 61 71 67 721 64 76 751 28 441 60 68 80 76 53 61 58 46 66 66 66 54 79 75 56 52 57 61 60 52 53 49 59 55
h1311 12 69 65 67 55 61 69 57 57 71 79 721 763 68 76 44 44 64 64 80 76 491 53 54 54 66 66 54 42 79 79 56 52 57 61 68 68 41 53 63 63
h1321 12 69 65 67 59 65 61 61 57 67 791 72 64 72 64 40 28 52 52 80 80 57 531 62 58 58 58 66 42 59 631 64 64 57 53 60 68 41 49 59 55
h1331 12 65 44 55 55 65 61 57 45 71 67 72 64 64 68 52 48 64 561 72 72 491 61 58 54 62 62 54 54 671 672 56 52 57 61 60 60 53 61 55 55
h1341 12 61 44 67 55 61 53 57 57 67 67 761 64 72 751 481 48 64 52 80 80 53 61 46 46 62 621 54 42 672 79 56 64 57 53 60 68 41 53 55 55
h1351 12 73 68 55 55 65 73 57 57 67 67 761 64 72 76 28 28 64 64 76 76 57 61 50 50 66 621 62 66 671 79 52 52 57 53 56 60 53 49 63 55
h1361 12 73 44 63 55 65 61 57 45 63 791 761 68 64 76 44 48 56 52 80 72 53 45 50 46 70 66 46 57 672 79 56 56 57 57 56 52 57 49 55 55
h1371 12 73 48 55 55 691 53 57 57 75 67 761 64 64 68 28 44 64 64 80 72 57 531 50 50 54 58 66 54 672 79 56 52 57 57 56 60 53 61 59 63
h1381 12 44 68 59 59 69 37 57 57 75 71 72 72 72 68 481 44 64 64 80 72 53 57 58 58 62 66 61 65 671 79 56 60 57 57 60 68 53 49 59 59
h1391 12 65 44 63 67 65 65 57 49 71 67 72 64 64 68 481 44 64 64 80 76 53 61 54 46 62 66 74 42 79 631 56 60 61 53 68 64 49 61 55 55
h1401 12 56 68 55 55 691 69 61 57 71 671 721 64 64 68 521 521 60 64 72 72 53 45 50 46 66 66 66 50 79 631 56 56 57 57 60 68 611 49 59 63
h1411 12 69 69 59 59 65 69 57 57 671 751 72 64 64 68 481 28 64 52 76 76 612 57 46 46 70 58 54 50 672 79 56 56 57 61 56 56 57 53 55 55
h1421 12 65 65 55 59 69 53 61 65 67 67 721 64 68 68 44 48 64 64 80 80 57 531 62 58 62 66 54 42 671 79 56 56 57 53 68 68 41 53 63 55
h1431 12 69 44 55 59 61 73 61 61 71 67 761 721 64 60 441 441 64 52 80 76 53 61 62 50 62 58 50 42 79 79 56 56 61 61 56 68 57 53 55 51
h1441 12 65 68 55 59 61 611 61 45 75 71 761 721 68 80 601 441 60 64 80 72 53 53 46 46 66 58 54 50 671 671 56 56 57 53 60 64 57 53 59 63
h1451 12 65 68 55 35 61 53 61 57 671 1361 72 72 64 76 481 481 64 52 76 72 57 49 50 75 66 66 66 54 672 672 56 56 57 61 60 60 53 53 55 671
h1461 12 73 73 63 55 61 69 61 45 75 67 761 721 64 64 601 28 64 64 80 72 57 57 46 46 62 66 66 42 79 75 56 52 57 57 60 60 41 53 63 55
h1471 12 73 65 67 67 69 37 61 57 67 671 76 64 68 76 601 441 56 64 76 72 45 61 62 50 66 66 54 50 79 79 56 52 57 61 60 68 41 53 59 55
h1481 12 65 44 63 55 61 73 61 45 67 671 721 64 64 68 44 44 72 52 80 84 491 53 46 46 70 66 46 42 672 79 56 64 57 57 56 60 49 61 55 55
h1491 12 73 56 63 67 61 69 61 45 71 67 761 64 68 76 481 44 64 521 80 80 61 61 58 75 62 621 42 57 79 551 52 64 57 53 60 68 49 49 63 55
h1501 12 44 44 85 55 61 69 61 61 67 59 72 64 68 68 481 28 64 72 80 76 53 45 58 46 66 702 461 54 79 551 56 56 57 57 56 64 53 611 63 671
h1511 12 65 44 55 55 53 53 61 57 75 67 64 68 72 68 52 67 64 52 80 80 53 53 62 46 54 58 66 50 79 79 56 56 57 61 56 60 53 612 59 59
h1521 12 65 44 63 59 61 69 61 57 67 79 721 64 68 80 481 441 52 52 76 72 491 53 54 54 66 58 66 54 79 75 52 52 61 61 68 52 53 49 63 55
h1531 12 69 65 63 67 65 61 61 45 75 831 721 68 68 68 481 28 64 521 72 72 53 57 50 34 66 66 66 50 79 79 56 56 57 53 56 60 53 53 55 55
h1541 12 69 65 63 51 611 69 61 45 67 67 761 64 68 751 44 48 56 60 80 72 57 531 58 34 66 66 62 58 59 632 56 56 57 57 68 68 53 611 59 55
h1551 12 69 68 55 59 57 61 45 45 75 75 72 72 68 60 28 44 60 52 80 84 53 53 50 75 62 66 54 42 79 79 56 56 61 61 60 60 53 49 59 63
h1561 12 44 44 67 55 65 691 57 57 75 751 64 64 72 80 481 28 72 52 76 72 53 57 50 50 58 702 46 46 672 79 56 56 61 53 60 68 53 53 59 55
h1571 12 69 69 55 55 691 61 57 57 63 791 721 64 64 68 28 28 64 64 80 80 53 53 50 66 62 58 58 42 671 79 56 56 57 57 60 68 49 612 59 59
h1581 12 69 44 55 55 65 57 57 45 71 71 72 64 68 68 28 28 64 64 80 72 53 53 50 46 62 66 66 50 671 79 56 52 57 57 56 60 41 41 59 55
h1591 12 73 73 63 63 61 73 57 65 75 67 721 64 72 68 481 481 64 64 76 72 53 531 62 75 70 62 54 50 79 79 56 52 57 61 60 60 53 61 59 63
h1601 12 69 44 67 67 65 65 57 57 71 831 68 68 64 68 28 441 60 64 80 72 45 49 62 50 62 66 54 42 672 551 64 64 57 61 56 68 57 612 59 63
h1611 12 52 44 63 55 65 69 61 61 75 67 64 763 64 68 52 521 64 64 80 80 53 53 46 46 62 50 62 46 79 79 56 64 61 61 60 68 49 61 55 55
h1621 12 73 65 67 55 61 69 61 57 67 67 72 68 68 67 28 44 64 521 80 80 53 53 50 46 58 621 66 54 671 79 56 56 53 53 56 60 41 612 59 55
h1631 12 69 65 67 67 61 73 57 65 67 751 72 68 64 751 28 521 64 64 80 72 53 61 50 75 62 66 46 57 79 75 64 64 57 57 56 52 53 53 55 55
h1641 12 44 68 67 59 69 69 57 57 71 71 76 64 72 80 481 48 60 52 80 72 57 57 58 46 66 58 66 46 79 79 56 52 57 53 56 68 53 53 59 55
h1651 12 73 65 63 55 611 53 61 57 75 831 64 64 64 76 28 441 52 561 76 76 491 53 50 46 70 54 66 46 672 79 56 56 57 61 60 68 57 53 59 55
h1661 12 69 65 67 59 61 53 61 45 75 67 64 68 68 67 481 48 60 561 80 84 53 53 62 46 66 58 66 50 671 79 56 64 57 57 56 60 57 49 59 671
h1671 12 77 65 67 67 65 61 61 61 79 1441 76 76 68 68 44 44 52 52 76 72 53 57 62 46 66 58 54 42 79 79 56 56 57 61 56 68 57 49 59 55
h1681 12 69 65 55 59 61 53 61 57 75 79 761 64 72 64 481 28 60 64 80 72 531 49 58 75 66 621 66 46 672 551 56 56 57 53 60 68 53 612 59 55
h1691 12 44 44 55 55 69 69 57 57 71 671 72 76 64 76 481 28 56 64 80 72 53 53 58 46 62 621 54 54 672 551 56 52 57 61 56 68 53 53 59 59
h1701 12 56 65 67 59 651 53 57 45 75 71 76 68 68 68 28 441 60 64 80 72 61 571 46 46 70 62 50 42 671 672 56 60 57 61 68 68 53 53 63 55
h1711 12 69 68 71 35 69 53 57 57 75 751 721 64 64 76 67 48 52 52 84 72 53 61 58 54 66 702 54 50 671 79 52 52 57 61 56 60 53 49 59 55
h1721 12 73 44 55 55 61 69 61 57 75 71 72 76 68 60 72 481 64 561 76 84 491 531 46 46 62 62 46 42 672 79 56 52 57 57 56 60 53 61 59 59
h1731 12 69 69 59 59 61 69 61 57 67 132 64 68 72 76 481 44 64 64 76 72 53 53 58 46 66 66 50 42 79 79 56 52 57 53 64 52 53 611 55 55
h1741 12 65 65 63 59 65 69 61 61 67 79 72 76 72 68 481 44 52 561 72 72 53 53 62 34 54 66 54 54 79 75 56 56 57 61 60 60 53 53 59 59
h1751 12 69 65 55 55 651 73 61 57 75 71 72 76 64 68 52 28 52 52 84 72 53 45 62 34 62 62 66 54 79 79 60 64 57 57 68 52 49 49 63 55
h1761 12 69 44 63 55 65 531 61 61 75 71 761 64 64 68 40 481 68 52 80 72 53 61 58 54 66 50 66 46 79 631 56 56 57 61 56 56 53 49 59 55
h1771 12 44 44 55 55 691 69 61 57 67 67 72 64 72 68 601 44 64 52 76 72 57 531 50 54 54 66 66 54 672 79 56 52 61 61 56 56 57 612 59 55
h1781 12 65 65 55 51 57 37 49 45 75 71 64 68 68 68 52 28 64 64 80 76 61 531 50 46 54 90 461 74 671 79 60 64 57 57 60 64 53 611 63 671
h1791 12 73 44 63 59 69 73 61 57 75 71 72 64 68 76 481 28 64 52 80 84 57 45 46 46 62 62 66 42 79 592 56 56 57 61 56 60 41 61 59 55
h1801 12 73 44 71 59 61 69 61 57 75 71 72 763 72 68 52 62 64 64 72 72 61 691 54 34 70 66 66 54 671 592 52 64 57 57 56 60 53 49 59 55
h1811 12 56 44 71 59 65 61 57 57 71 671 64 68 68 68 481 44 72 52 80 80 53 531 58 58 62 58 66 58 671 671 56 56 57 57 60 68 41 61 55 55
h1821 12 69 801 67 59 53 53 61 57 67 671 64 64 68 60 28 48 64 64 72 72 53 53 50 50 66 58 46 57 79 79 56 56 57 57 68 68 57 53 63 55
h1831 12 73 73 63 67 69 53 57 65 71 67 761 64 64 68 44 67 64 52 76 72 53 57 46 34 66 66 42 42 631 632 56 56 57 61 56 68 53 611 55 55
h1841 12 65 65 63 35 69 692 61 65 67 751 68 68 64 68 52 601 64 64 80 72 491 61 62 46 58 58 42 57 671 672 56 52 57 61 60 68 57 49 55 55
h1851 12 77 56 67 55 691 69 57 45 751 751 72 68 72 64 28 521 64 64 72 72 491 53 54 54 66 58 54 61 672 79 56 52 57 53 56 60 57 612 59 55
h1861 12 69 65 55 55 65 69 61 57 71 831 76 68 64 76 481 48 60 64 80 76 57 61 62 50 62 66 54 50 672 79 56 56 61 53 60 60 53 611 63 63
h1871 12 69 69 67 55 65 37 61 45 67 67 72 64 64 76 40 28 72 68 80 76 53 61 50 75 621 621 54 50 672 79 56 52 57 53 56 60 53 53 55 55
h1881 12 73 65 71 59 61 69 57 57 67 132 76 721 68 68 44 44 64 561 80 72 53 45 50 46 62 66 54 54 79 79 56 64 57 53 56 60 53 53 59 55
h1891 12 73 56 63 67 651 53 57 45 71 831 761 721 72 76 28 44 64 52 72 72 53 53 50 75 66 66 50 50 79 79 52 64 57 61 60 68 53 49 63 55
h1901 12 69 65 63 55 65 53 57 57 79 671 76 64 68 68 48 521 52 561 80 76 45 45 62 46 66 58 58 65 672 75 56 56 57 57 60 60 57 53 59 55
h1911 12 69 69 67 67 651 611 61 57 79 791 72 68 68 68 481 28 64 561 84 72 53 61 62 54 66 66 46 46 671 79 56 60 57 61 60 60 53 611 59 55
h1921 12 65 44 71 59 691 691 61 61 79 832 72 721 64 68 481 481 64 52 76 72 491 61 50 50 70 66 62 66 671 672 56 56 53 53 60 64 49 61 63 55
h1931 12 44 44 67 67 65 69 57 57 75 75 761 64 64 68 481 48 64 521 76 84 571 49 50 58 66 58 54 46 79 79 56 56 61 53 56 64 57 57 59 59
h1941 12 56 68 71 55 691 73 61 57 75 751 76 64 68 68 28 48 64 64 76 72 491 61 46 46 66 58 66 54 79 632 60 52 57 61 56 56 53 611 59 59
h1951 12 69 69 67 67 61 53 57 57 67 751 72 68 64 68 44 48 64 561 72 72 45 49 50 54 62 66 66 42 671 79 52 64 57 61 68 64 57 61 59 55
h1961 12 65 65 67 67 53 73 61 61 67 79 76 64 68 68 481 28 56 52 80 76 53 53 62 46 90 62 66 42 79 59 56 52 61 53 60 68 57 53 63 55
h1971 12 69 68 63 55 65 61 61 45 75 67 64 68 64 64 481 28 60 561 80 72 53 57 46 46 62 62 54 54 671 79 56 56 61 61 56 68 53 61 55 55
h1981 12 73 73 67 59 61 692 61 61 75 67 721 721 68 68 28 44 64 64 80 84 53 57 50 50 62 58 54 42 672 75 56 52 57 53 56 64 53 612 59 55
h1991 12 69 44 55 59 65 65 57 65 75 71 72 76 68 68 481 481 561 561 76 76 53 53 54 46 66 58 461 54 631 551 56 64 57 57 60 60 57 53 59 55
h2001 12 69 73 63 55 61 611 57 57 75 67 76 68 68 76 56 28 56 561 80 84 53 53 58 34 66 58 54 42 671 79 56 64 57 57 60 60 57 53 59 59
h2011 12 69 65 63 55 691 73 57 57 67 67 76 64 68 68 52 28 64 561 80 72 57 57 62 75 62 62 50 42 79 631 56 60 57 53 60 60 53 53 59 55
h2021 12 44 44 71 59 73 692 61 61 75 67 72 72 72 751 52 44 52 561 80 72 53 53 54 46 70 54 66 54 671 79 56 56 57 61 56 60 53 611 55 55
h2031 12 73 44 67 59 65 651 61 61 67 67 68 68 68 68 481 44 64 521 80 72 53 61 62 58 62 66 54 42 79 63 56 64 57 53 56 60 57 53 55 55
h2041 12 69 61 63 55 691 69 61 61 75 75 72 64 68 68 481 44 64 64 80 72 57 532 50 58 62 58 66 50 79 591 56 52 57 57 68 52 41 49 63 55
h2051 12 69 65 55 55 69 73 61 45 671 671 72 64 68 76 52 481 64 52 76 84 491 53 50 46 62 58 66 54 671 79 52 64 61 53 60 68 61 61 55 55
h2061 12 56 65 63 55 77 53 61 57 75 67 64 68 68 76 52 67 64 52 80 72 61 531 46 46 62 58 54 42 75 551 56 60 57 57 56 52 49 49 59 63
h2071 12 73 44 63 67 65 611 61 57 71 67 721 68 64 68 40 441 52 561 80 76 57 531 50 54 94 62 461 42 672 79 56 52 57 57 60 64 53 61 59 55
h2081 12 65 52 55 55 69 53 61 45 71 79 641 72 68 76 40 44 64 64 76 76 61 531 50 46 62 66 61 46 79 631 56 52 57 57 56 56 49 61 55 55
h2091 12 69 69 63 67 65 69 57 45 75 67 763 763 64 68 441 48 64 52 76 72 53 691 54 46 66 621 62 54 79 79 52 52 57 53 60 60 53 612 59 59
h2101 12 65 44 59 59 61 69 61 57 71 831 72 68 68 68 28 28 64 52 72 72 61 691 62 50 62 62 66 42 79 79 56 56 57 57 68 52 41 49 55 671
h2111 12 65 44 55 59 69 53 61 45 75 75 64 68 72 76 44 48 60 52 80 76 491 531 75 46 66 50 58 42 672 79 52 64 57 57 60 64 49 49 63 55
h2121 12 60 44 67 59 611 69 61 57 67 132 76 761 64 68 481 521 64 64 80 80 53 53 54 75 66 50 42 42 671 671 56 52 57 57 60 68 41 53 55 55
h2131 12 73 73 67 59 53 73 61 57 75 67 721 64 68 68 481 48 60 64 80 76 61 61 50 75 62 66 54 65 671 672 56 52 57 61 60 64 41 49 59 63
h2141 12 69 56 63 67 65 53 61 57 67 671 721 68 68 76 28 28 64 64 76 72 53 61 58 46 62 66 54 42 672 79 56 56 57 53 56 60 53 49 59 55
h2151 12 44 44 63 59 69 53 57 57 75 71 72 761 72 72 481 28 60 60 80 84 45 45 50 46 62 62 62 65 631 592 56 52 57 57 60 68 57 611 59 63
h2161 12 77 68 63 67 65 61 57 57 71 67 64 68 68 68 67 48 68 52 80 84 53 61 62 46 66 66 50 42 672 672 56 52 57 53 60 52 53 49 59 59
h2171 12 44 44 71 67 651 69 57 57 75 831 76 721 68 68 481 28 64 52 80 84 491 45 50 58 58 58 54 42 79 79 56 56 57 53 60 52 49 61 59 55
h2181 12 69 44 55 55 61 69 61 61 75 79 72 68 72 68 481 48 60 64 80 76 491 53 54 75 66 58 54 46 79 631 56 56 57 53 56 60 53 61 59 55
h2191 12 65 44 67 55 65 61 57 57 75 751 641 68 72 68 28 441 52 52 72 72 491 57 58 46 70 62 50 42 671 79 56 56 57 61 56 56 49 61 55 55
h2201 12 44 44 67 55 651 73 57 45 71 671 72 68 68 68 481 521 64 52 80 80 53 45 50 50 66 58 46 42 79 59 56 56 61 53 60 52 53 611 55 55
h2211 12 69 44 55 59 65 69 57 57 75 67 72 64 72 68 28 67 60 68 76 72 53 61 54 46 62 66 66 50 672 79 56 52 57 61 68 68 41 53 59 63
h2221 12 77 44 55 55 61 69 61 57 75 75 72 64 68 80 40 481 52 52 80 80 53 53 75 46 66 58 66 58 79 79 56 64 57 53 56 60 53 611 59 59
h2231 12 69 73 63 55 65 69 61 45 75 67 721 64 72 64 441 62 64 561 80 76 491 53 50 54 62 58 54 42 79 79 56 56 57 53 56 52 53 49 63 55
h2241 12 73 56 63 59 69 69 57 57 75 75 721 64 68 68 52 44 52 52 72 72 53 61 50 46 66 621 50 50 79 79 56 56 57 61 56 60 41 53 59 55
h2251 12 56 44 67 55 611 69 57 45 71 59 76 64 72 68 28 441 56 561 80 76 53 57 50 54 58 621 50 42 671 551 56 56 57 57 60 64 57 49 59 59
h2261 12 73 44 63 55 65 69 61 61 71 71 72 761 68 68 28 44 52 52 80 76 57 531 50 46 62 66 66 66 672 672 52 64 57 57 60 52 49 49 63 55
h2271 12 69 73 67 55 65 69 57 57 75 71 72 64 72 60 44 521 52 561 76 84 53 57 58 75 62 66 54 42 672 672 56 60 57 57 68 68 49 49 59 59
h2281 12 69 65 55 55 69 69 57 65 75 75 72 72 68 76 28 44 52 52 80 80 53 61 58 46 54 66 62 54 79 79 64 64 57 53 60 60 57 49 55 55
h2291 12 69 73 55 55 651 69 57 69 71 67 721 68 68 68 601 28 60 60 80 76 53 61 62 50 54 66 54 46 79 79 56 64 57 53 56 60 53 49 59 63
h2301 12 73 44 55 55 65 73 57 57 67 79 761 64 64 68 44 44 64 52 80 72 53 49 46 46 62 66 54 42 79 632 56 56 57 61 60 68 53 49 63 55
h2311 12 69 73 59 59 651 73 57 57 75 671 72 763 68 68 40 481 56 64 80 80 53 57 46 46 62 66 46 42 672 672 56 56 57 57 56 68 53 61 63 55
h2321 12 69 44 67 67 69 69 61 65 75 71 76 721 76 60 441 48 64 52 80 72 57 45 50 54 62 50 54 54 79 79 52 64 57 57 56 60 57 53 55 55
h2331 12 69 65 63 55 61 69 61 57 67 671 761 721 72 76 44 67 52 561 80 72 53 61 58 46 66 702 50 42 671 79 56 56 57 53 56 60 53 61 59 55
h2341 12 65 65 63 59 53 37 57 57 75 831 64 68 68 751 481 48 64 64 72 72 61 531 66 46 54 62 42 42 79 63 52 64 57 53 56 60 53 53 55 55
h2351 12 84 68 55 55 57 611 61 61 75 791 761 64 72 72 40 44 60 52 80 76 53 45 46 46 70 58 54 42 672 63 56 60 57 57 60 68 53 611 59 55
h2361 12 73 44 63 55 691 69 61 45 79 671 641 72 68 751 52 44 60 64 80 76 53 53 58 46 66 58 54 42 672 672 52 52 57 57 60 68 53 53 63 671
h2371 12 65 68 63 67 69 69 57 65 67 671 64 64 72 76 28 28 64 52 80 80 53 531 58 75 54 58 58 50 671 79 56 52 57 57 60 60 53 49 55 55
h2381 12 44 44 63 67 61 69 57 57 71 751 72 72 72 751 52 28 52 521 80 84 53 53 50 58 70 66 42 42 79 591 56 60 57 57 60 60 41 41 59 55
h2391 12 73 68 63 55 61 53 57 65 67 67 64 64 68 68 601 28 60 64 80 80 53 53 62 34 70 66 50 42 79 79 56 56 57 57 56 60 57 611 59 55
h2401 12 44 44 67 55 57 69 57 53 75 71 72 72 68 68 481 28 60 64 80 80 53 53 50 58 62 66 66 54 79 79 56 52 57 57 60 68 57 53 59 55
h2411 12 73 65 67 59 691 53 57 57 75 71 72 68 72 64 481 67 64 52 80 80 61 61 50 50 66 66 54 54 79 79 56 56 57 61 56 60 611 49 59 55
h2421 12 73 44 67 55 69 53 61 61 67 140 681 64 64 68 481 44 64 52 80 72 53 53 54 46 66 58 50 42 79 551 56 52 57 53 56 68 53 53 59 59
h2431 12 69 73 55 59 65 53 61 45 75 751 64 64 72 68 481 28 68 52 80 72 53 45 62 75 62 66 58 58 672 79 56 52 57 57 56 56 611 612 63 55
h2441 12 44 44 63 63 65 691 61 65 75 71 761 64 64 68 28 44 56 64 80 76 53 61 46 46 70 58 54 50 671 551 56 56 61 53 60 60 57 49 59 63
h2451 12 69 69 67 55 69 53 61 57 71 67 72 68 68 76 481 28 72 561 80 76 53 57 50 50 66 50 66 42 79 632 56 56 57 61 56 68 53 53 63 55
h2461 12 69 44 55 55 61 69 61 61 75 67 64 68 72 751 28 48 60 521 80 72 57 571 62 75 62 58 54 46 79 75 56 56 57 57 56 56 49 61 55 55
h2471 12 65 65 63 55 69 53 65 45 75 67 72 64 68 76 44 48 64 52 80 76 61 571 50 75 70 66 581 42 671 79 56 56 57 57 60 60 53 53 59 59
h2481 12 65 44 55 55 65 691 57 65 67 59 64 68 72 68 481 28 64 52 80 64 53 57 50 54 58 58 66 46 672 79 56 56 53 53 60 64 41 53 59 59
h2491 12 65 48 63 85 65 69 61 57 75 67 64 68 68 68 28 28 52 561 72 72 53 53 58 46 70 58 42 42 79 631 56 52 57 57 68 64 53 61 63 55
h2501 12 69 73 55 59 61 69 57 57 67 67 641 68 72 76 481 44 64 52 80 72 53 61 50 46 62 62 581 54 671 833 56 56 57 53 60 64 49 612 59 55
h2511 12 73 77 55 55 69 53 61 57 71 67 72 721 68 68 44 44 60 52 84 84 53 57 50 46 66 66 66 50 79 75 52 52 57 61 56 60 53 612 55 55
h2521 12 65 44 67 35 69 69 57 65 71 67 64 64 68 76 481 48 52 521 84 72 53 45 50 54 70 58 62 42 79 551 56 52 57 61 64 64 53 61 55 55
h2531 12 65 65 63 71 65 69 61 57 71 71 72 64 68 80 28 44 64 561 72 72 45 531 50 54 66 58 62 50 63 551 56 52 57 57 56 60 57 53 59 55
h2541 12 56 65 59 59 77 37 57 45 71 67 64 64 68 60 481 521 60 64 76 72 53 57 50 58 66 66 50 50 672 591 56 64 53 53 60 64 49 61 63 55
h2551 12 84 68 67 55 65 69 61 57 75 59 72 64 72 72 56 481 56 64 80 80 57 531 58 46 58 58 54 42 672 79 56 52 53 53 56 68 61 612 55 55
h2561 12 69 73 67 59 65 53 61 61 71 67 721 64 68 751 56 48 64 52 80 80 53 61 50 58 62 62 46 42 671 79 56 48 57 53 60 60 53 53 59 55
h2571 12 44 44 63 55 61 37 57 57 75 67 72 721 72 68 481 28 56 64 80 80 491 61 50 46 66 66 42 42 672 79 56 52 57 57 68 68 53 53 55 55
h2581 12 69 69 63 35 61 69 65 65 67 67 721 64 64 68 40 48 56 52 76 76 53 57 50 46 62 702 50 46 79 63 56 56 57 61 60 64 53 61 55 55
h2591 12 69 44 71 59 69 53 61 57 75 71 64 68 64 68 28 48 64 64 76 76 53 57 62 50 70 66 42 42 79 79 56 56 57 53 56 60 57 61 63 63
h2601 12 65 65 63 67 65 61 57 57 59 1321 64 763 72 68 481 48 64 64 76 72 53 53 58 54 66 621 54 50 671 79 56 56 57 57 60 60 53 49 59 55
