1        1   (5)      1  : 0.9752 0.0040 0.0078 0.0030 0.0060 0.0040
2        2   (5)      1  : 0.9596 0.0104 0.0050 0.0100 0.0070 0.0080
3        3   (5)      1  : 0.9820 0.0030 0.0040 0.0020 0.0050 0.0040
4        4   (0)      1  : 0.9834 0.0020 0.0050 0.0036 0.0030 0.0030
5        5   (0)      1  : 0.8708 0.0100 0.0168 0.0080 0.0430 0.0514
6        6   (0)      1  : 0.9790 0.0040 0.0044 0.0036 0.0050 0.0040
7        7   (0)      1  : 0.9009 0.0749 0.0020 0.0070 0.0060 0.0092
8        8   (5)      1  : 0.9842 0.0030 0.0038 0.0030 0.0030 0.0030
9        9   (0)      1  : 0.9876 0.0030 0.0024 0.0030 0.0020 0.0020
10       10   (0)      1  : 0.9642 0.0168 0.0030 0.0060 0.0040 0.0060
11       11   (0)      1  : 0.9780 0.0080 0.0020 0.0030 0.0040 0.0050
12       12   (0)      1  : 0.9710 0.0080 0.0030 0.0090 0.0040 0.0050
13       13   (0)      1  : 0.9860 0.0030 0.0020 0.0050 0.0020 0.0020
14       14   (0)      1  : 0.9800 0.0040 0.0070 0.0030 0.0020 0.0040
15       15   (0)      1  : 0.9820 0.0040 0.0030 0.0030 0.0030 0.0050
16       16   (0)      1  : 0.9870 0.0020 0.0040 0.0020 0.0020 0.0030
17       17   (0)      1  : 0.9890 0.0030 0.0020 0.0020 0.0020 0.0020
18       18   (0)      1  : 0.9668 0.0060 0.0030 0.0040 0.0112 0.0090
19       19   (0)      1  : 0.9652 0.0020 0.0050 0.0138 0.0120 0.0020
20       20   (0)      1  : 0.9472 0.0148 0.0050 0.0080 0.0090 0.0160
21       21   (0)      1  : 0.9870 0.0030 0.0020 0.0040 0.0020 0.0020
22       22   (0)      1  : 0.9826 0.0020 0.0080 0.0020 0.0030 0.0024
23       23   (0)      1  : 0.9790 0.0020 0.0060 0.0030 0.0080 0.0020
24       24   (0)      1  : 0.9690 0.0030 0.0110 0.0060 0.0070 0.0040
25       25   (0)      1  : 0.9670 0.0130 0.0030 0.0090 0.0040 0.0040
26       26   (0)      1  : 0.9810 0.0030 0.0040 0.0060 0.0030 0.0030
27       27   (5)      1  : 0.9423 0.0230 0.0030 0.0054 0.0120 0.0142
28       28   (0)      1  : 0.9770 0.0040 0.0050 0.0020 0.0050 0.0070
29       29   (0)      1  : 0.9826 0.0028 0.0050 0.0030 0.0036 0.0030
30       30   (0)      1  : 0.9422 0.0130 0.0122 0.0078 0.0212 0.0036
31       31   (0)      1  : 0.9820 0.0030 0.0040 0.0020 0.0060 0.0030
32       32   (0)      1  : 0.9248 0.0060 0.0040 0.0060 0.0050 0.0542
33       33   (0)      1  : 0.9880 0.0020 0.0020 0.0020 0.0030 0.0030
34       34   (0)      1  : 0.9780 0.0020 0.0080 0.0020 0.0080 0.0020
35       35   (0)      1  : 0.9097 0.0080 0.0040 0.0040 0.0653 0.0090
36       36   (0)      1  : 0.9394 0.0030 0.0040 0.0040 0.0070 0.0426
37       37   (0)      1  : 0.9732 0.0070 0.0030 0.0070 0.0048 0.0050
38       38   (0)      1  : 0.9800 0.0050 0.0020 0.0070 0.0030 0.0030
39       39   (0)      1  : 0.9540 0.0110 0.0040 0.0100 0.0060 0.0150
40       40   (0)      1  : 0.9720 0.0030 0.0070 0.0040 0.0100 0.0040
41       41   (0)      1  : 0.9816 0.0040 0.0030 0.0034 0.0040 0.0040
42       42   (0)      1  : 0.9880 0.0020 0.0030 0.0020 0.0030 0.0020
43       43   (0)      1  : 0.9850 0.0040 0.0030 0.0020 0.0030 0.0030
44       44   (0)      1  : 0.9900 0.0020 0.0020 0.0020 0.0020 0.0020
45       45   (5)      1  : 0.9768 0.0060 0.0030 0.0052 0.0030 0.0060
46       46   (0)      1  : 0.9810 0.0030 0.0060 0.0020 0.0050 0.0030
47       47   (0)      1  : 0.9790 0.0060 0.0050 0.0020 0.0040 0.0040
48       48   (0)      1  : 0.9736 0.0054 0.0080 0.0030 0.0060 0.0040
49       49   (0)      1  : 0.9820 0.0040 0.0020 0.0070 0.0020 0.0030
50       50   (0)      1  : 0.9820 0.0040 0.0050 0.0030 0.0030 0.0030
51       51   (0)      1  : 0.9810 0.0050 0.0020 0.0060 0.0030 0.0030
52       52   (0)      1  : 0.9480 0.0128 0.0070 0.0202 0.0070 0.0050
53       53   (0)      1  : 0.9650 0.0050 0.0150 0.0030 0.0090 0.0030
54       54   (0)      1  : 0.9820 0.0050 0.0040 0.0020 0.0030 0.0040
55       55   (0)      1  : 0.9820 0.0050 0.0030 0.0030 0.0030 0.0040
56       56   (0)      1  : 0.9820 0.0030 0.0050 0.0030 0.0030 0.0040
57       57  (10)      1  : 0.9770 0.0030 0.0030 0.0050 0.0030 0.0090
58       58   (5)      1  : 0.9748 0.0060 0.0060 0.0032 0.0040 0.0060
59       59   (0)      1  : 0.9764 0.0050 0.0070 0.0040 0.0046 0.0030
60       60   (0)      1  : 0.9880 0.0030 0.0020 0.0020 0.0020 0.0030
61       61   (0)      1  : 0.9776 0.0042 0.0052 0.0030 0.0060 0.0040
62       62   (0)      1  : 0.9780 0.0080 0.0030 0.0030 0.0040 0.0040
63       63   (0)      1  : 0.9650 0.0130 0.0030 0.0030 0.0060 0.0100
64       64   (0)      1  : 0.9810 0.0040 0.0040 0.0020 0.0060 0.0030
65       65   (0)      1  : 0.9358 0.0110 0.0020 0.0210 0.0060 0.0242
66       66   (0)      1  : 0.9704 0.0030 0.0050 0.0030 0.0106 0.0080
67       67   (5)      1  : 0.9510 0.0050 0.0180 0.0130 0.0040 0.0090
68       68   (0)      1  : 0.9600 0.0090 0.0160 0.0040 0.0060 0.0050
69       69   (0)      1  : 0.9830 0.0070 0.0020 0.0020 0.0030 0.0030
70       70   (0)      1  : 0.9780 0.0050 0.0050 0.0030 0.0030 0.0060
71       71   (5)      1  : 0.9630 0.0060 0.0050 0.0040 0.0110 0.0110
72       72   (0)      1  : 0.9790 0.0050 0.0020 0.0070 0.0040 0.0030
73       73   (5)      1  : 0.9710 0.0040 0.0040 0.0020 0.0150 0.0040
74       74  (10)      1  : 0.9738 0.0060 0.0056 0.0050 0.0040 0.0056
75       75  (10)      1  : 0.9700 0.0040 0.0030 0.0140 0.0070 0.0020
76       76   (0)      1  : 0.8243 0.0020 0.1617 0.0030 0.0050 0.0040
77       77  (10)      1  : 0.9546 0.0040 0.0312 0.0040 0.0032 0.0030
78       78   (0)      1  : 0.9114 0.0080 0.0426 0.0070 0.0210 0.0100
79       79   (5)      1  : 0.9710 0.0080 0.0070 0.0020 0.0070 0.0050
80       80   (0)      1  : 0.9862 0.0030 0.0038 0.0020 0.0020 0.0030
81       81   (0)      1  : 0.9870 0.0030 0.0030 0.0030 0.0020 0.0020
82       82   (0)      1  : 0.9880 0.0030 0.0020 0.0030 0.0020 0.0020
83       83   (0)      1  : 0.9580 0.0050 0.0260 0.0030 0.0030 0.0050
84       84   (0)      1  : 0.9790 0.0060 0.0020 0.0050 0.0040 0.0040
85       85   (0)      1  : 0.9870 0.0030 0.0020 0.0020 0.0030 0.0030
86       86   (5)      1  : 0.9854 0.0030 0.0030 0.0030 0.0036 0.0020
87       87   (0)      1  : 0.9848 0.0030 0.0030 0.0030 0.0022 0.0040
88       88   (0)      1  : 0.8456 0.0050 0.1232 0.0060 0.0120 0.0082
89       89   (0)      1  : 0.9560 0.0030 0.0070 0.0180 0.0040 0.0120
90       90   (0)      1  : 0.9704 0.0050 0.0086 0.0030 0.0040 0.0090
91       91   (0)      1  : 0.9800 0.0040 0.0060 0.0030 0.0040 0.0030
92       92   (0)      1  : 0.9590 0.0090 0.0040 0.0030 0.0060 0.0190
93       93   (0)      1  : 0.9870 0.0030 0.0030 0.0020 0.0030 0.0020
94       94   (5)      1  : 0.9610 0.0030 0.0150 0.0090 0.0080 0.0040
95       95   (0)      1  : 0.9838 0.0030 0.0050 0.0032 0.0030 0.0020
96       96   (5)      1  : 0.9870 0.0030 0.0020 0.0030 0.0030 0.0020
97       97   (0)      1  : 0.9722 0.0060 0.0128 0.0020 0.0020 0.0050
98       98   (0)      1  : 0.9754 0.0040 0.0030 0.0046 0.0080 0.0050
99       99   (5)      1  : 0.9800 0.0040 0.0030 0.0060 0.0030 0.0040
100      100   (5)      1  : 0.9880 0.0020 0.0030 0.0020 0.0020 0.0030
101      101   (0)      2  : 0.7968 0.0600 0.0128 0.0050 0.0934 0.0320
102      102   (0)      2  : 0.9690 0.0040 0.0130 0.0040 0.0050 0.0050
103      103   (0)      2  : 0.9764 0.0030 0.0066 0.0060 0.0040 0.0040
104      104   (0)      2  : 0.9692 0.0090 0.0028 0.0050 0.0060 0.0080
105      105   (0)      2  : 0.9790 0.0060 0.0050 0.0020 0.0040 0.0040
106      106   (0)      2  : 0.9790 0.0030 0.0080 0.0020 0.0030 0.0050
107      107   (0)      2  : 0.9838 0.0032 0.0030 0.0030 0.0030 0.0040
108      108   (0)      2  : 0.9730 0.0030 0.0130 0.0030 0.0040 0.0040
109      109   (0)      2  : 0.9850 0.0020 0.0040 0.0020 0.0020 0.0050
110      110   (0)      2  : 0.9840 0.0040 0.0030 0.0020 0.0020 0.0050
111      111   (0)      2  : 0.9492 0.0050 0.0168 0.0060 0.0180 0.0050
112      112   (0)      2  : 0.9810 0.0040 0.0050 0.0020 0.0050 0.0030
113      113   (0)      2  : 0.9570 0.0040 0.0148 0.0056 0.0146 0.0040
114      114   (0)      2  : 0.9760 0.0050 0.0060 0.0060 0.0030 0.0040
115      115   (0)      2  : 0.9830 0.0040 0.0030 0.0050 0.0030 0.0020
116      116   (0)      2  : 0.9672 0.0098 0.0030 0.0060 0.0040 0.0100
117      117   (0)      2  : 0.9860 0.0020 0.0050 0.0020 0.0020 0.0030
118      118   (0)      2  : 0.9860 0.0030 0.0030 0.0020 0.0030 0.0030
119      119   (0)      2  : 0.9810 0.0030 0.0060 0.0020 0.0040 0.0040
120      120   (0)      2  : 0.9870 0.0020 0.0030 0.0030 0.0030 0.0020
121      121   (0)      2  : 0.9291 0.0198 0.0060 0.0050 0.0286 0.0116
122      122   (0)      2  : 0.9810 0.0030 0.0060 0.0030 0.0040 0.0030
123      123   (0)      2  : 0.9287 0.0090 0.0356 0.0130 0.0090 0.0048
124      124   (0)      2  : 0.9700 0.0040 0.0030 0.0150 0.0040 0.0040
125      125   (0)      2  : 0.9810 0.0040 0.0060 0.0030 0.0030 0.0030
126      126   (0)      2  : 0.9760 0.0050 0.0030 0.0060 0.0040 0.0060
127      127   (0)      2  : 0.9302 0.0258 0.0020 0.0030 0.0220 0.0170
128      128   (0)      2  : 0.9459 0.0170 0.0038 0.0092 0.0060 0.0180
129      129   (0)      2  : 0.9870 0.0020 0.0020 0.0030 0.0040 0.0020
130      130   (0)      2  : 0.9820 0.0060 0.0030 0.0040 0.0020 0.0030
131      131   (0)      2  : 0.8806 0.0256 0.0478 0.0288 0.0040 0.0132
132      132   (0)      2  : 0.9816 0.0030 0.0064 0.0030 0.0030 0.0030
133      133   (0)      2  : 0.9788 0.0070 0.0030 0.0020 0.0052 0.0040
134      134   (0)      2  : 0.9810 0.0050 0.0030 0.0030 0.0030 0.0050
135      135   (0)      2  : 0.9880 0.0030 0.0020 0.0020 0.0030 0.0020
136      136   (0)      2  : 0.9850 0.0040 0.0030 0.0020 0.0030 0.0030
137      137   (0)      2  : 0.9740 0.0040 0.0080 0.0040 0.0050 0.0050
138      138   (0)      2  : 0.9704 0.0030 0.0136 0.0050 0.0030 0.0050
139      139   (0)      2  : 0.9792 0.0030 0.0048 0.0030 0.0030 0.0070
140      140   (0)      2  : 0.9720 0.0110 0.0040 0.0070 0.0030 0.0030
141      141   (0)      2  : 0.9720 0.0090 0.0100 0.0030 0.0030 0.0030
142      142   (0)      2  : 0.9810 0.0030 0.0030 0.0040 0.0040 0.0050
143      143   (0)      2  : 0.9880 0.0030 0.0030 0.0020 0.0020 0.0020
144      144   (0)      2  : 0.9850 0.0030 0.0030 0.0050 0.0020 0.0020
145      145   (0)      2  : 0.9714 0.0030 0.0050 0.0030 0.0126 0.0050
146      146   (0)      2  : 0.9760 0.0060 0.0030 0.0050 0.0070 0.0030
147      147   (0)      2  : 0.9810 0.0030 0.0040 0.0020 0.0070 0.0030
148      148   (0)      2  : 0.9870 0.0020 0.0030 0.0030 0.0030 0.0020
149      149   (0)      2  : 0.9756 0.0044 0.0040 0.0060 0.0040 0.0060
150      150   (0)      2  : 0.9700 0.0080 0.0080 0.0030 0.0040 0.0070
151      151   (0)      2  : 0.9890 0.0020 0.0020 0.0020 0.0020 0.0030
152      152   (0)      2  : 0.9780 0.0050 0.0070 0.0030 0.0030 0.0040
153      153   (0)      2  : 0.9426 0.0110 0.0110 0.0264 0.0030 0.0060
154      154   (0)      2  : 0.9608 0.0080 0.0112 0.0030 0.0080 0.0090
155      155   (0)      2  : 0.9538 0.0090 0.0070 0.0212 0.0040 0.0050
156      156   (0)      2  : 0.9900 0.0020 0.0020 0.0020 0.0020 0.0020
157      157   (0)      2  : 0.9860 0.0020 0.0030 0.0020 0.0020 0.0050
158      158   (0)      2  : 0.9736 0.0040 0.0094 0.0050 0.0050 0.0030
159      159   (0)      2  : 0.9820 0.0030 0.0050 0.0030 0.0040 0.0030
160      160   (0)      2  : 0.9822 0.0038 0.0040 0.0020 0.0040 0.0040
161      161   (0)      2  : 0.9716 0.0040 0.0050 0.0110 0.0064 0.0020
162      162   (0)      2  : 0.9760 0.0030 0.0060 0.0020 0.0090 0.0040
163      163   (0)      2  : 0.9810 0.0030 0.0030 0.0030 0.0060 0.0040
164      164   (0)      2  : 0.9794 0.0040 0.0056 0.0030 0.0040 0.0040
165      165   (0)      2  : 0.9890 0.0030 0.0020 0.0020 0.0020 0.0020
166      166   (0)      2  : 0.9830 0.0030 0.0030 0.0030 0.0020 0.0060
167      167   (0)      2  : 0.9528 0.0070 0.0180 0.0036 0.0100 0.0086
168      168   (0)      2  : 0.9720 0.0040 0.0070 0.0090 0.0050 0.0030
169      169   (0)      2  : 0.9880 0.0030 0.0020 0.0020 0.0020 0.0030
170      170   (0)      2  : 0.9740 0.0030 0.0060 0.0100 0.0030 0.0040
171      171   (0)      2  : 0.9808 0.0030 0.0040 0.0052 0.0040 0.0030
172      172   (0)      2  : 0.9830 0.0030 0.0020 0.0070 0.0020 0.0030
173      173   (0)      2  : 0.9718 0.0050 0.0052 0.0040 0.0060 0.0080
174      174   (0)      2  : 0.9678 0.0142 0.0040 0.0050 0.0040 0.0050
175      175   (0)      2  : 0.9850 0.0020 0.0030 0.0050 0.0030 0.0020
176      176   (0)      2  : 0.9790 0.0030 0.0070 0.0020 0.0060 0.0030
177      177   (0)      2  : 0.9750 0.0060 0.0050 0.0050 0.0060 0.0030
178      178   (0)      2  : 0.9890 0.0020 0.0020 0.0020 0.0020 0.0030
179      179   (0)      2  : 0.9840 0.0030 0.0030 0.0020 0.0050 0.0030
180      180   (0)      2  : 0.9850 0.0040 0.0030 0.0020 0.0030 0.0030
181      181   (0)      2  : 0.9750 0.0040 0.0070 0.0060 0.0050 0.0030
182      182   (0)      2  : 0.9322 0.0128 0.0128 0.0170 0.0142 0.0110
183      183   (0)      2  : 0.9530 0.0030 0.0020 0.0050 0.0320 0.0050
184      184   (0)      2  : 0.9834 0.0040 0.0030 0.0026 0.0030 0.0040
185      185   (0)      2  : 0.9830 0.0040 0.0030 0.0030 0.0040 0.0030
186      186   (0)      2  : 0.9592 0.0040 0.0108 0.0050 0.0100 0.0110
187      187   (0)      2  : 0.9852 0.0020 0.0030 0.0020 0.0050 0.0028
188      188   (0)      2  : 0.9764 0.0060 0.0030 0.0040 0.0066 0.0040
189      189   (0)      2  : 0.9630 0.0060 0.0030 0.0080 0.0070 0.0130
190      190   (0)      2  : 0.9850 0.0020 0.0050 0.0020 0.0030 0.0030
191      191   (0)      2  : 0.9524 0.0126 0.0020 0.0070 0.0140 0.0120
192      192   (0)      2  : 0.9880 0.0030 0.0020 0.0020 0.0020 0.0030
193      193   (0)      2  : 0.9712 0.0080 0.0030 0.0108 0.0030 0.0040
194      194   (0)      2  : 0.9840 0.0030 0.0030 0.0050 0.0020 0.0030
195      195   (0)      2  : 0.9880 0.0030 0.0020 0.0030 0.0020 0.0020
196      196   (0)      2  : 0.9808 0.0040 0.0040 0.0030 0.0042 0.0040
197      197   (0)      2  : 0.9428 0.0110 0.0060 0.0060 0.0090 0.0252
198      198   (0)      2  : 0.9812 0.0030 0.0030 0.0068 0.0030 0.0030
199      199   (0)      2  : 0.9782 0.0030 0.0058 0.0030 0.0030 0.0070
200      200   (0)      2  : 0.9800 0.0040 0.0040 0.0040 0.0050 0.0030
201      201   (0)      2  : 0.9322 0.0160 0.0040 0.0090 0.0198 0.0190
202      202   (0)      2  : 0.9780 0.0040 0.0050 0.0050 0.0030 0.0050
203      203   (0)      2  : 0.9810 0.0030 0.0040 0.0040 0.0040 0.0040
204      204   (0)      2  : 0.9700 0.0090 0.0070 0.0030 0.0060 0.0050
205      205   (0)      2  : 0.9870 0.0020 0.0040 0.0020 0.0030 0.0020
206      206   (0)      2  : 0.9820 0.0020 0.0030 0.0020 0.0070 0.0040
207      207   (0)      2  : 0.9850 0.0030 0.0030 0.0020 0.0040 0.0030
208      208   (0)      2  : 0.9856 0.0020 0.0030 0.0030 0.0040 0.0024
209      209   (0)      2  : 0.9860 0.0020 0.0050 0.0020 0.0020 0.0030
210      210   (0)      2  : 0.8745 0.0548 0.0040 0.0358 0.0100 0.0210
211      211   (0)      2  : 0.9770 0.0050 0.0030 0.0070 0.0030 0.0050
212      212   (0)      2  : 0.9900 0.0020 0.0020 0.0020 0.0020 0.0020
213      213   (0)      2  : 0.9780 0.0040 0.0030 0.0040 0.0060 0.0050
214      214   (0)      2  : 0.9870 0.0030 0.0020 0.0030 0.0020 0.0030
215      215   (0)      2  : 0.9319 0.0160 0.0070 0.0050 0.0230 0.0170
216      216   (0)      2  : 0.9780 0.0030 0.0060 0.0030 0.0060 0.0040
217      217   (0)      2  : 0.9820 0.0030 0.0050 0.0020 0.0040 0.0040
218      218   (0)      2  : 0.9744 0.0056 0.0030 0.0100 0.0040 0.0030
219      219   (0)      2  : 0.9840 0.0040 0.0020 0.0060 0.0020 0.0020
220      220   (0)      2  : 0.9780 0.0020 0.0040 0.0030 0.0080 0.0050
221      221   (0)      2  : 0.9720 0.0050 0.0060 0.0030 0.0080 0.0060
222      222   (0)      2  : 0.9810 0.0040 0.0060 0.0030 0.0030 0.0030
223      223   (0)      2  : 0.8442 0.0228 0.0050 0.0050 0.1140 0.0090
224      224   (0)      2  : 0.9790 0.0030 0.0060 0.0040 0.0040 0.0040
225      225   (0)      2  : 0.9860 0.0020 0.0040 0.0030 0.0030 0.0020
226      226   (0)      2  : 0.9820 0.0030 0.0070 0.0020 0.0020 0.0040
227      227   (0)      2  : 0.9850 0.0030 0.0050 0.0030 0.0020 0.0020
228      228   (0)      2  : 0.9810 0.0030 0.0030 0.0040 0.0040 0.0050
229      229   (0)      2  : 0.9900 0.0020 0.0020 0.0010 0.0020 0.0030
230      230   (0)      2  : 0.9900 0.0020 0.0020 0.0020 0.0020 0.0020
231      231   (0)      2  : 0.9652 0.0070 0.0080 0.0070 0.0060 0.0068
232      232   (0)      2  : 0.9336 0.0200 0.0132 0.0050 0.0120 0.0162
233      233   (0)      2  : 0.9770 0.0030 0.0060 0.0030 0.0040 0.0070
234      234   (0)      2  : 0.9640 0.0050 0.0160 0.0070 0.0050 0.0030
235      235   (0)      2  : 0.9111 0.0070 0.0232 0.0486 0.0050 0.0050
236      236   (0)      2  : 0.9790 0.0030 0.0100 0.0020 0.0030 0.0030
237      237   (0)      2  : 0.9720 0.0050 0.0040 0.0030 0.0080 0.0080
238      238   (0)      2  : 0.9375 0.0070 0.0306 0.0100 0.0080 0.0070
239      239   (0)      2  : 0.9870 0.0030 0.0020 0.0020 0.0030 0.0030
240      240   (0)      2  : 0.9860 0.0040 0.0030 0.0020 0.0020 0.0030
241      241   (0)      2  : 0.9850 0.0030 0.0030 0.0030 0.0030 0.0030
242      242   (0)      2  : 0.9489 0.0100 0.0170 0.0020 0.0100 0.0120
243      243   (0)      2  : 0.9790 0.0080 0.0020 0.0040 0.0040 0.0030
244      244   (0)      2  : 0.9860 0.0020 0.0050 0.0020 0.0030 0.0020
245      245   (0)      2  : 0.9790 0.0040 0.0030 0.0040 0.0050 0.0050
246      246   (0)      2  : 0.9748 0.0040 0.0050 0.0072 0.0040 0.0050
247      247   (0)      2  : 0.9830 0.0030 0.0040 0.0050 0.0020 0.0030
248      248   (0)      2  : 0.9502 0.0100 0.0050 0.0040 0.0228 0.0080
249      249   (0)      2  : 0.9740 0.0030 0.0080 0.0080 0.0040 0.0030
250      250   (0)      2  : 0.9698 0.0030 0.0040 0.0070 0.0132 0.0030
251      251   (0)      2  : 0.9802 0.0078 0.0020 0.0050 0.0020 0.0030
252      252   (0)      2  : 0.9724 0.0070 0.0040 0.0070 0.0046 0.0050
253      253   (0)      2  : 0.9017 0.0464 0.0030 0.0080 0.0270 0.0140
254      254   (0)      2  : 0.9840 0.0030 0.0040 0.0040 0.0020 0.0030
255      255   (0)      2  : 0.9860 0.0020 0.0030 0.0040 0.0020 0.0030
256      256   (0)      2  : 0.9840 0.0040 0.0020 0.0030 0.0030 0.0040
257      257   (0)      2  : 0.9750 0.0040 0.0030 0.0120 0.0030 0.0030
258      258   (0)      2  : 0.9322 0.0216 0.0040 0.0132 0.0140 0.0150
259      259   (0)      2  : 0.9822 0.0040 0.0030 0.0030 0.0048 0.0030
260      260   (0)      2  : 0.9716 0.0034 0.0030 0.0030 0.0110 0.0080
261      261   (0)      2  : 0.9730 0.0080 0.0020 0.0020 0.0060 0.0090
262      262   (0)      2  : 0.9890 0.0020 0.0030 0.0020 0.0020 0.0020
263      263   (0)      2  : 0.9830 0.0030 0.0040 0.0020 0.0030 0.0050
264      264   (0)      2  : 0.9800 0.0050 0.0040 0.0040 0.0030 0.0040
265      265   (0)      2  : 0.9654 0.0204 0.0022 0.0040 0.0040 0.0040
266      266   (0)      2  : 0.9804 0.0050 0.0036 0.0040 0.0040 0.0030
267      267   (0)      2  : 0.8556 0.0050 0.1304 0.0020 0.0030 0.0040
268      268   (0)      2  : 0.9740 0.0030 0.0030 0.0090 0.0040 0.0070
269      269   (0)      2  : 0.9850 0.0030 0.0040 0.0030 0.0020 0.0030
270      270   (0)      2  : 0.9742 0.0040 0.0050 0.0040 0.0030 0.0098
271      271   (0)      2  : 0.8882 0.0100 0.0758 0.0130 0.0050 0.0080
272      272   (0)      2  : 0.9788 0.0060 0.0040 0.0030 0.0040 0.0042
273      273   (0)      2  : 0.9810 0.0050 0.0030 0.0040 0.0030 0.0040
274      274   (0)      2  : 0.9654 0.0050 0.0036 0.0160 0.0050 0.0050
275      275   (0)      2  : 0.9824 0.0030 0.0030 0.0060 0.0030 0.0026
276      276   (0)      2  : 0.9630 0.0130 0.0020 0.0040 0.0040 0.0140
277      277   (0)      2  : 0.9850 0.0040 0.0030 0.0020 0.0030 0.0030
278      278   (0)      2  : 0.9790 0.0030 0.0060 0.0020 0.0050 0.0050
279      279   (0)      2  : 0.9870 0.0020 0.0030 0.0020 0.0030 0.0030
280      280   (0)      2  : 0.9808 0.0050 0.0040 0.0030 0.0042 0.0030
281      281   (0)      2  : 0.9200 0.0190 0.0030 0.0100 0.0404 0.0076
282      282   (0)      2  : 0.9544 0.0050 0.0030 0.0310 0.0036 0.0030
283      283   (0)      2  : 0.9880 0.0020 0.0020 0.0020 0.0040 0.0020
284      284   (0)      2  : 0.8878 0.0362 0.0130 0.0122 0.0230 0.0278
285      285   (0)      2  : 0.9500 0.0200 0.0060 0.0030 0.0130 0.0080
286      286   (0)      2  : 0.9720 0.0060 0.0030 0.0020 0.0110 0.0060
287      287   (0)      2  : 0.9530 0.0150 0.0070 0.0020 0.0130 0.0100
288      288   (0)      2  : 0.9594 0.0060 0.0170 0.0050 0.0050 0.0076
289      289   (0)      2  : 0.9768 0.0030 0.0060 0.0050 0.0052 0.0040
290      290   (0)      2  : 0.9830 0.0030 0.0050 0.0020 0.0030 0.0040
291      291   (0)      2  : 0.9776 0.0050 0.0044 0.0070 0.0030 0.0030
292      292   (0)      2  : 0.9710 0.0040 0.0130 0.0040 0.0050 0.0030
293      293   (0)      2  : 0.9820 0.0030 0.0020 0.0020 0.0060 0.0050
294      294   (0)      2  : 0.9820 0.0040 0.0050 0.0020 0.0040 0.0030
295      295   (0)      2  : 0.9770 0.0040 0.0060 0.0030 0.0060 0.0040
296      296   (0)      2  : 0.9630 0.0060 0.0090 0.0050 0.0120 0.0050
297      297   (0)      2  : 0.9880 0.0020 0.0020 0.0040 0.0020 0.0020
298      298   (0)      2  : 0.9860 0.0020 0.0040 0.0020 0.0030 0.0030
299      299   (0)      2  : 0.9556 0.0090 0.0170 0.0050 0.0064 0.0070
300      300   (0)      2  : 0.9690 0.0150 0.0030 0.0070 0.0020 0.0040
301      301   (5)      3  : 0.5658 0.4152 0.0030 0.0050 0.0050 0.0060
302      302   (0)      3  : 0.2651 0.6059 0.0070 0.0292 0.0208 0.0720
303      303   (0)      3  : 0.4334 0.5264 0.0148 0.0090 0.0120 0.0044
304      304   (5)      3  : 0.3333 0.4808 0.0040 0.0080 0.1587 0.0152
305      305   (5)      3  : 0.3293 0.6199 0.0020 0.0120 0.0070 0.0298
306      306   (0)      3  : 0.2034 0.7417 0.0080 0.0272 0.0126 0.0070
307      307   (0)      4  : 0.7246 0.2275 0.0150 0.0078 0.0130 0.0120
308      308   (0)      4  : 0.4457 0.4335 0.0030 0.0116 0.0210 0.0852
309      309   (0)      4  : 0.3642 0.6208 0.0030 0.0040 0.0040 0.0040
310      310   (0)      4  : 0.6134 0.3468 0.0050 0.0070 0.0080 0.0198
311      311   (0)      4  : 0.5852 0.3766 0.0080 0.0040 0.0070 0.0192
312      312   (0)      4  : 0.2783 0.6609 0.0076 0.0230 0.0200 0.0102
313      313   (0)      4  : 0.4266 0.5594 0.0020 0.0060 0.0030 0.0030
314      314   (0)      4  : 0.4438 0.4824 0.0070 0.0046 0.0512 0.0110
315      315   (0)      4  : 0.7189 0.1062 0.0054 0.0998 0.0154 0.0542
316      316   (0)      4  : 0.5322 0.4368 0.0030 0.0060 0.0080 0.0140
317      317   (0)      4  : 0.3210 0.6640 0.0040 0.0030 0.0030 0.0050
318      318   (0)      4  : 0.6323 0.3335 0.0030 0.0050 0.0090 0.0172
319      319   (0)      4  : 0.3621 0.5949 0.0020 0.0200 0.0040 0.0170
320      320   (0)      4  : 0.4728 0.4956 0.0070 0.0046 0.0060 0.0140
321      321   (0)      4  : 0.2974 0.6746 0.0050 0.0050 0.0120 0.0060
322      322   (0)      4  : 0.5208 0.4294 0.0270 0.0040 0.0030 0.0158
323      323   (0)      4  : 0.5276 0.4534 0.0030 0.0070 0.0050 0.0040
324      324   (0)      4  : 0.4946 0.4500 0.0208 0.0220 0.0076 0.0050
325      325   (0)      4  : 0.6088 0.3662 0.0130 0.0040 0.0040 0.0040
326      326   (0)      4  : 0.5548 0.4171 0.0040 0.0070 0.0060 0.0110
327      327   (0)      4  : 0.2673 0.6999 0.0090 0.0040 0.0060 0.0138
328      328   (0)      4  : 0.3937 0.5190 0.0184 0.0070 0.0192 0.0426
329      329   (0)      4  : 0.5232 0.4518 0.0030 0.0040 0.0130 0.0050
330      330   (0)      4  : 0.3899 0.5761 0.0170 0.0050 0.0060 0.0060
331      331   (0)      4  : 0.3455 0.6384 0.0050 0.0040 0.0030 0.0040
332      332   (0)      4  : 0.2485 0.4447 0.0020 0.2840 0.0168 0.0040
333      333   (0)      4  : 0.3745 0.6075 0.0030 0.0060 0.0040 0.0050
334      334   (0)      4  : 0.5804 0.3826 0.0120 0.0110 0.0060 0.0080
335      335   (0)      4  : 0.6271 0.3223 0.0020 0.0278 0.0050 0.0158
336      336   (0)      4  : 0.5059 0.4821 0.0020 0.0030 0.0030 0.0040
337      337   (0)      4  : 0.4918 0.4846 0.0046 0.0110 0.0040 0.0040
338      338   (0)      4  : 0.2729 0.6873 0.0050 0.0084 0.0056 0.0208
339      339   (0)      4  : 0.3866 0.5864 0.0050 0.0030 0.0130 0.0060
340      340   (0)      4  : 0.5251 0.4033 0.0050 0.0412 0.0174 0.0080
341      341   (0)      4  : 0.5122 0.4572 0.0020 0.0076 0.0080 0.0130
342      342   (0)      4  : 0.1895 0.5429 0.0030 0.1159 0.0376 0.1111
343      343   (0)      4  : 0.4442 0.4534 0.0040 0.0120 0.0734 0.0130
344      344   (0)      4  : 0.4993 0.4657 0.0060 0.0050 0.0150 0.0090
345      345   (0)      4  : 0.3118 0.6528 0.0134 0.0060 0.0070 0.0090
346      346   (0)      4  : 0.3072 0.6456 0.0060 0.0100 0.0150 0.0162
347      347   (0)      4  : 0.4468 0.5302 0.0040 0.0080 0.0030 0.0080
348      348   (0)      4  : 0.4591 0.4977 0.0280 0.0070 0.0032 0.0050
349      349   (0)      4  : 0.4491 0.1499 0.0090 0.0170 0.0050 0.3700
350      350   (0)      4  : 0.3648 0.5874 0.0188 0.0110 0.0060 0.0120
351      351   (0)      4  : 0.4635 0.5179 0.0020 0.0036 0.0060 0.0070
352      352   (0)      4  : 0.3601 0.6171 0.0040 0.0030 0.0070 0.0088
353      353   (0)      4  : 0.5362 0.4418 0.0040 0.0030 0.0060 0.0090
354      354   (0)      4  : 0.5468 0.4322 0.0040 0.0060 0.0030 0.0080
355      355   (0)      4  : 0.4498 0.5302 0.0040 0.0040 0.0040 0.0080
356      356   (0)      4  : 0.5892 0.3860 0.0060 0.0078 0.0030 0.0080
357      357   (0)      4  : 0.1330 0.8400 0.0060 0.0070 0.0100 0.0040
358      358   (0)      4  : 0.3506 0.5785 0.0084 0.0476 0.0100 0.0050
359      359   (0)      4  : 0.5384 0.3820 0.0060 0.0070 0.0272 0.0394
360      360   (0)      4  : 0.4587 0.4627 0.0020 0.0676 0.0060 0.0030
361      361   (0)      4  : 0.5365 0.4098 0.0040 0.0146 0.0282 0.0070
362      362   (0)      4  : 0.3966 0.5808 0.0090 0.0030 0.0050 0.0056
363      363   (0)      4  : 0.4631 0.5029 0.0070 0.0030 0.0190 0.0050
364      364   (0)      4  : 0.4373 0.5465 0.0020 0.0052 0.0030 0.0060
365      365   (0)      4  : 0.4829 0.4981 0.0030 0.0050 0.0030 0.0080
366      366   (0)      4  : 0.4886 0.4624 0.0140 0.0110 0.0060 0.0180
367      367   (0)      4  : 0.3799 0.5905 0.0090 0.0030 0.0036 0.0140
368      368   (0)      4  : 0.4725 0.5055 0.0050 0.0090 0.0020 0.0060
369      369   (0)      4  : 0.2731 0.7139 0.0040 0.0020 0.0040 0.0030
370      370   (0)      4  : 0.6330 0.2472 0.0130 0.0130 0.0444 0.0494
371      371   (0)      4  : 0.4721 0.4621 0.0402 0.0092 0.0108 0.0056
372      372   (0)      4  : 0.4364 0.5199 0.0048 0.0130 0.0070 0.0190
373      373   (0)      4  : 0.4508 0.4215 0.0070 0.0060 0.0060 0.1087
374      374   (0)      4  : 0.7047 0.2753 0.0050 0.0030 0.0030 0.0090
375      375   (0)      4  : 0.4151 0.5597 0.0030 0.0102 0.0050 0.0070
376      376   (0)      4  : 0.4905 0.4727 0.0030 0.0090 0.0050 0.0198
377      377   (0)      4  : 0.4580 0.4341 0.0100 0.0060 0.0608 0.0310
378      378   (0)      4  : 0.4172 0.5492 0.0080 0.0100 0.0070 0.0086
379      379   (0)      4  : 0.4261 0.5305 0.0100 0.0040 0.0204 0.0090
380      380   (0)      4  : 0.4025 0.5807 0.0030 0.0050 0.0030 0.0058
381      381   (0)      4  : 0.4290 0.5499 0.0020 0.0060 0.0050 0.0080
382      382   (0)      4  : 0.4028 0.5304 0.0060 0.0042 0.0300 0.0266
383      383   (0)      4  : 0.0230 0.9152 0.0184 0.0060 0.0070 0.0304
384      384   (0)      4  : 0.3231 0.5965 0.0228 0.0218 0.0208 0.0150
385      385   (0)      4  : 0.0825 0.6809 0.2232 0.0050 0.0040 0.0044
386      386   (0)      4  : 0.6581 0.2903 0.0060 0.0236 0.0070 0.0150
387      387   (0)      4  : 0.5037 0.4685 0.0044 0.0080 0.0044 0.0110
388      388   (0)      4  : 0.2728 0.6732 0.0180 0.0060 0.0060 0.0240
389      389   (0)      4  : 0.4424 0.5416 0.0040 0.0050 0.0040 0.0030
390      390   (0)      4  : 0.5848 0.3378 0.0100 0.0100 0.0210 0.0364
391      391   (0)      4  : 0.5361 0.4489 0.0020 0.0050 0.0040 0.0040
392      392   (0)      4  : 0.3476 0.6221 0.0080 0.0030 0.0040 0.0152
393      393   (0)      4  : 0.4304 0.5526 0.0040 0.0030 0.0060 0.0040
394      394   (0)      4  : 0.5002 0.4768 0.0040 0.0100 0.0040 0.0050
395      395   (0)      4  : 0.4382 0.5228 0.0030 0.0120 0.0160 0.0080
396      396   (0)      4  : 0.3712 0.5518 0.0074 0.0328 0.0060 0.0308
397      397   (0)      4  : 0.3585 0.4796 0.0028 0.0636 0.0240 0.0714
398      398   (0)      4  : 0.4230 0.5072 0.0488 0.0030 0.0060 0.0120
399      399   (0)      4  : 0.3844 0.5986 0.0050 0.0020 0.0050 0.0050
400      400   (0)      4  : 0.4485 0.4921 0.0040 0.0188 0.0070 0.0296
401      401   (0)      4  : 0.4559 0.5101 0.0050 0.0060 0.0130 0.0100
402      402   (0)      4  : 0.5317 0.1659 0.0196 0.0130 0.1187 0.1511
403      403   (0)      4  : 0.4630 0.5040 0.0076 0.0086 0.0100 0.0068
404      404   (0)      4  : 0.4696 0.4900 0.0240 0.0030 0.0054 0.0080
405      405   (0)      4  : 0.3675 0.6027 0.0080 0.0040 0.0040 0.0138
406      406   (0)      4  : 0.4285 0.4459 0.0030 0.0502 0.0050 0.0674
407      407   (0)      5  : 0.4219 0.0286 0.0030 0.0070 0.0060 0.5335
408      408   (0)      5  : 0.4844 0.0058 0.0180 0.0050 0.0040 0.4828
409      409   (0)      5  : 0.4172 0.0030 0.0020 0.0020 0.0030 0.5728
410      410   (0)      5  : 0.3724 0.0050 0.0060 0.0090 0.0090 0.5986
411      411   (0)      5  : 0.5725 0.0070 0.0050 0.0100 0.0190 0.3865
412      412   (0)      5  : 0.3436 0.0320 0.0160 0.0040 0.0120 0.5924
413      413   (0)      5  : 0.4560 0.0138 0.0320 0.0060 0.0090 0.4832
414      414   (0)      5  : 0.4222 0.0190 0.0060 0.0092 0.0040 0.5396
415      415   (0)      5  : 0.5230 0.0100 0.0050 0.0200 0.0026 0.4394
416      416   (0)      5  : 0.5677 0.0040 0.0140 0.0040 0.0120 0.3983
417      417   (0)      5  : 0.2967 0.0052 0.0160 0.0130 0.0494 0.6196
418      418   (0)      5  : 0.4279 0.0110 0.0140 0.0050 0.0122 0.5299
419      419   (0)      5  : 0.4718 0.0060 0.0150 0.0030 0.0222 0.4820
420      420   (0)      5  : 0.3986 0.0090 0.0310 0.0050 0.0040 0.5525
421      421   (0)      5  : 0.5228 0.1316 0.0054 0.0034 0.0160 0.3208
422      422   (0)      5  : 0.6076 0.0120 0.0030 0.0060 0.0090 0.3624
423      423   (0)      5  : 0.4816 0.0240 0.0030 0.0080 0.0060 0.4774
424      424   (0)      5  : 0.4229 0.0090 0.0030 0.0190 0.0110 0.5351
425      425   (0)      5  : 0.4782 0.0110 0.0026 0.0040 0.0030 0.5012
426      426   (0)      5  : 0.5445 0.0080 0.0030 0.0070 0.0050 0.4325
427      427   (0)      5  : 0.3940 0.0080 0.0080 0.0040 0.0090 0.5769
428      428   (0)      5  : 0.4961 0.0096 0.0210 0.0110 0.1536 0.3087
429      429   (0)      5  : 0.4558 0.0278 0.0082 0.0062 0.0150 0.4870
430      430   (0)      5  : 0.5188 0.0050 0.0040 0.0186 0.0050 0.4486
431      431   (0)      5  : 0.5779 0.0164 0.0030 0.0116 0.0300 0.3611
432      432   (0)      5  : 0.5354 0.0290 0.0030 0.0030 0.0050 0.4246
433      433   (0)      5  : 0.5612 0.0080 0.0400 0.0040 0.0090 0.3778
434      434   (0)      5  : 0.4985 0.0272 0.0040 0.0070 0.0040 0.4593
435      435   (0)      5  : 0.5748 0.0126 0.0060 0.0080 0.0050 0.3936
436      436   (0)      5  : 0.4427 0.0060 0.0430 0.0140 0.0342 0.4601
437      437   (0)      5  : 0.4598 0.0040 0.0040 0.0050 0.0060 0.5212
438      438   (0)      5  : 0.4659 0.0110 0.0080 0.0050 0.0130 0.4971
439      439   (0)      5  : 0.4215 0.0444 0.0100 0.0040 0.0090 0.5111
440      440   (0)      5  : 0.3975 0.0080 0.0160 0.0050 0.0060 0.5675
441      441   (0)      5  : 0.5755 0.0860 0.0130 0.0100 0.0478 0.2677
442      442   (0)      5  : 0.3947 0.0090 0.0050 0.0408 0.0070 0.5435
443      443   (0)      5  : 0.5788 0.1635 0.0050 0.0050 0.0070 0.2407
444      444   (0)      5  : 0.5480 0.0090 0.0050 0.0030 0.0030 0.4321
445      445   (0)      5  : 0.4635 0.0090 0.0100 0.0030 0.0130 0.5015
446      446   (0)      5  : 0.4181 0.0040 0.0080 0.0060 0.0080 0.5559
447      447   (0)      5  : 0.5427 0.0050 0.0020 0.0050 0.0060 0.4393
448      448   (0)      5  : 0.4260 0.0120 0.0318 0.0060 0.0450 0.4792
449      449   (0)      5  : 0.3372 0.0116 0.0060 0.0100 0.0050 0.6302
450      450   (0)      5  : 0.4416 0.0100 0.0040 0.0080 0.0080 0.5285
451      451   (0)      5  : 0.2734 0.0316 0.0100 0.0040 0.0100 0.6710
452      452   (0)      5  : 0.5188 0.0060 0.0090 0.0090 0.0040 0.4532
453      453   (0)      5  : 0.5368 0.0398 0.0070 0.0030 0.0070 0.4065
454      454   (0)      5  : 0.4615 0.0030 0.0320 0.0020 0.0040 0.4975
455      455   (0)      5  : 0.5986 0.0054 0.0050 0.0570 0.0180 0.3159
456      456   (0)      5  : 0.4832 0.0176 0.0074 0.0090 0.0030 0.4798
457      457   (0)      5  : 0.5496 0.1507 0.0050 0.0198 0.0150 0.2599
458      458   (0)      5  : 0.4624 0.0050 0.0142 0.0040 0.0040 0.5104
459      459   (0)      5  : 0.6132 0.0314 0.0040 0.0240 0.0110 0.3163
460      460   (0)      5  : 0.3637 0.0040 0.0130 0.0020 0.0238 0.5934
461      461   (0)      5  : 0.4324 0.0030 0.0070 0.0048 0.0050 0.5478
462      462   (0)      5  : 0.3381 0.0128 0.0030 0.0210 0.0040 0.6211
463      463   (0)      5  : 0.4030 0.0180 0.0040 0.0042 0.0040 0.5668
464      464   (0)      5  : 0.5207 0.0124 0.0070 0.0080 0.0060 0.4459
465      465   (0)      5  : 0.4216 0.0208 0.0130 0.0050 0.0120 0.5276
466      466   (0)      5  : 0.2181 0.0080 0.0040 0.0142 0.0050 0.7507
467      467   (0)      5  : 0.6316 0.0040 0.0038 0.0060 0.0050 0.3496
468      468   (0)      5  : 0.3657 0.0050 0.0176 0.0050 0.0070 0.5997
469      469   (0)      5  : 0.1376 0.0060 0.0108 0.0398 0.0746 0.7312
470      470   (0)      5  : 0.6339 0.0070 0.0020 0.0112 0.0090 0.3369
471      471   (0)      5  : 0.2907 0.0072 0.0060 0.0040 0.0150 0.6771
472      472   (0)      5  : 0.4049 0.0092 0.0040 0.0030 0.0380 0.5408
473      473   (0)      5  : 0.4647 0.0116 0.0130 0.0080 0.0050 0.4977
474      474   (0)      5  : 0.3118 0.0158 0.0040 0.0050 0.0070 0.6565
475      475   (0)      5  : 0.4205 0.0110 0.0120 0.0030 0.0050 0.5485
476      476   (0)      5  : 0.3243 0.0080 0.0160 0.0040 0.0080 0.6398
477      477   (0)      5  : 0.6156 0.0060 0.0030 0.0090 0.0050 0.3614
478      478   (0)      5  : 0.2713 0.0190 0.0040 0.0060 0.0130 0.6867
479      479   (0)      5  : 0.5157 0.1413 0.0110 0.0282 0.0320 0.2718
480      480   (0)      5  : 0.4235 0.0070 0.0270 0.0122 0.0108 0.5195
481      481   (0)      5  : 0.6712 0.0142 0.0050 0.0090 0.0070 0.2936
482      482   (0)      5  : 0.4597 0.0040 0.0030 0.0050 0.0030 0.5253
483      483   (0)      5  : 0.4941 0.0040 0.0020 0.0080 0.0030 0.4889
484      484   (0)      5  : 0.6256 0.0040 0.0050 0.0040 0.0050 0.3564
485      485   (0)      5  : 0.2611 0.0050 0.0070 0.0130 0.0068 0.7071
486      486   (0)      5  : 0.3655 0.0060 0.0476 0.0040 0.0070 0.5699
487      487   (0)      5  : 0.4533 0.0258 0.0060 0.1288 0.0050 0.3811
488      488   (0)      5  : 0.3361 0.0050 0.0040 0.0050 0.0070 0.6430
489      489   (0)      5  : 0.6661 0.0064 0.0102 0.0320 0.1728 0.1124
490      490   (0)      5  : 0.4706 0.0030 0.0030 0.0040 0.0060 0.5134
491      491   (0)      5  : 0.4799 0.0320 0.1308 0.0442 0.0070 0.3061
492      492   (0)      5  : 0.4309 0.0598 0.0040 0.0040 0.0194 0.4819
493      493   (0)      5  : 0.5151 0.0198 0.0190 0.0168 0.0276 0.4018
494      494   (0)      5  : 0.4197 0.0050 0.0040 0.0020 0.0040 0.5653
495      495   (0)      5  : 0.1102 0.0174 0.0040 0.0090 0.0394 0.8200
496      496   (0)      5  : 0.4133 0.0114 0.0256 0.0070 0.0042 0.5384
497      497   (0)      5  : 0.4372 0.0148 0.0080 0.0074 0.0060 0.5266
498      498   (0)      5  : 0.6649 0.0050 0.0080 0.0060 0.0118 0.3043
499      499   (0)      5  : 0.7152 0.0140 0.0050 0.0050 0.0078 0.2530
500      500   (0)      5  : 0.5262 0.0206 0.0040 0.0048 0.0070 0.4375
501      501   (0)      5  : 0.4640 0.0262 0.0364 0.0070 0.0360 0.4304
502      502   (0)      5  : 0.4680 0.0040 0.0030 0.0020 0.0098 0.5132
503      503   (0)      5  : 0.6040 0.0452 0.0030 0.0030 0.0208 0.3240
504      504   (0)      5  : 0.6267 0.1220 0.0070 0.0040 0.0538 0.1864
505      505   (0)      5  : 0.3943 0.0100 0.0120 0.0338 0.0160 0.5338
506      506   (0)      5  : 0.3762 0.0070 0.0060 0.0020 0.0060 0.6028
507      507   (0)      6  : 0.4434 0.0194 0.0080 0.4942 0.0220 0.0130
508      508   (0)      6  : 0.3203 0.0070 0.0160 0.6337 0.0060 0.0170
509      509   (0)      6  : 0.5326 0.0030 0.0040 0.4534 0.0030 0.0040
510      510   (0)      6  : 0.4835 0.0070 0.0420 0.4515 0.0080 0.0080
511      511   (0)      6  : 0.4944 0.0244 0.0030 0.4514 0.0130 0.0138
512      512   (0)      6  : 0.6420 0.0140 0.0070 0.3100 0.0090 0.0180
513      513   (0)      6  : 0.4684 0.0030 0.0090 0.5096 0.0050 0.0050
514      514   (0)      6  : 0.4566 0.0040 0.0040 0.5250 0.0060 0.0044
515      515   (0)      6  : 0.5234 0.0040 0.0060 0.4566 0.0070 0.0030
516      516   (0)      6  : 0.4165 0.0040 0.0030 0.5725 0.0020 0.0020
517      517   (0)      6  : 0.3854 0.0140 0.0060 0.5790 0.0056 0.0100
518      518   (0)      6  : 0.4448 0.0030 0.0030 0.5403 0.0040 0.0050
519      519   (0)      6  : 0.5742 0.0050 0.0020 0.4128 0.0040 0.0020
520      520   (0)      6  : 0.2765 0.0300 0.0060 0.6419 0.0100 0.0356
521      521   (0)      6  : 0.5526 0.0040 0.0030 0.4344 0.0030 0.0030
522      522   (0)      6  : 0.4073 0.0120 0.0140 0.5568 0.0050 0.0050
523      523   (0)      6  : 0.5279 0.0178 0.0662 0.3671 0.0090 0.0120
524      524   (0)      6  : 0.3739 0.0050 0.0030 0.5866 0.0048 0.0268
525      525   (0)      6  : 0.4698 0.0040 0.0020 0.5064 0.0058 0.0120
526      526   (0)      6  : 0.5151 0.0040 0.0040 0.4645 0.0050 0.0074
527      527   (0)      6  : 0.5151 0.0452 0.0090 0.4158 0.0050 0.0100
528      528   (0)      6  : 0.4719 0.0020 0.0160 0.5051 0.0020 0.0030
529      529   (0)      6  : 0.4999 0.0040 0.0020 0.4881 0.0030 0.0030
530      530   (0)      6  : 0.5038 0.0078 0.0070 0.4724 0.0040 0.0050
531      531   (0)      6  : 0.4834 0.0046 0.0036 0.4894 0.0110 0.0080
532      532   (0)      6  : 0.6288 0.0040 0.0040 0.3572 0.0030 0.0030
533      533   (0)      6  : 0.5211 0.0040 0.0030 0.4659 0.0030 0.0030
534      534   (0)      6  : 0.2382 0.2090 0.0118 0.3871 0.0402 0.1138
535      535   (0)      6  : 0.5036 0.0040 0.0050 0.4764 0.0060 0.0050
536      536   (0)      6  : 0.4812 0.0040 0.0030 0.4988 0.0100 0.0030
537      537   (0)      6  : 0.5008 0.0062 0.0030 0.4800 0.0070 0.0030
538      538   (0)      6  : 0.5113 0.0030 0.0050 0.4683 0.0054 0.0070
539      539   (0)      6  : 0.3776 0.0070 0.0030 0.5988 0.0030 0.0106
540      540   (0)      6  : 0.4088 0.0050 0.0040 0.5754 0.0030 0.0038
541      541   (0)      6  : 0.4781 0.0108 0.0080 0.4951 0.0050 0.0030
542      542   (0)      6  : 0.3833 0.0070 0.0070 0.5867 0.0090 0.0070
543      543   (0)      6  : 0.5601 0.0040 0.0162 0.4146 0.0020 0.0030
544      544   (0)      6  : 0.4037 0.0162 0.0040 0.5433 0.0258 0.0070
545      545   (0)      6  : 0.5596 0.0040 0.0050 0.4176 0.0080 0.0058
546      546   (0)      6  : 0.4873 0.0040 0.0020 0.4897 0.0110 0.0060
547      547   (0)      6  : 0.3134 0.0060 0.0040 0.6686 0.0040 0.0040
548      548   (0)      6  : 0.5154 0.0110 0.0090 0.3845 0.0576 0.0224
549      549   (0)      6  : 0.5834 0.0030 0.0040 0.4046 0.0020 0.0030
550      550   (0)      6  : 0.5218 0.0100 0.0020 0.4522 0.0040 0.0100
551      551   (0)      6  : 0.4692 0.0070 0.0050 0.4680 0.0120 0.0388
552      552   (0)      6  : 0.5267 0.0068 0.0040 0.4505 0.0080 0.0040
553      553   (0)      6  : 0.4159 0.0050 0.0030 0.5596 0.0094 0.0070
554      554   (0)      6  : 0.5503 0.0040 0.0030 0.4347 0.0050 0.0030
555      555   (0)      6  : 0.6084 0.0030 0.0040 0.3756 0.0040 0.0050
556      556   (0)      6  : 0.3517 0.0558 0.0060 0.5796 0.0030 0.0040
557      557   (0)      6  : 0.4603 0.0040 0.0743 0.4515 0.0040 0.0060
558      558   (0)      6  : 0.5489 0.0040 0.0170 0.3999 0.0100 0.0202
559      559   (0)      6  : 0.3544 0.0060 0.0020 0.6306 0.0040 0.0030
560      560   (0)      6  : 0.4711 0.0080 0.0040 0.5049 0.0050 0.0070
561      561   (0)      6  : 0.4286 0.0040 0.0060 0.5514 0.0060 0.0040
562      562   (0)      6  : 0.4270 0.0030 0.0060 0.5438 0.0030 0.0172
563      563   (0)      6  : 0.4919 0.0040 0.0050 0.4881 0.0050 0.0060
564      564   (0)      6  : 0.5274 0.0030 0.0060 0.4576 0.0030 0.0030
565      565   (0)      6  : 0.4865 0.0284 0.0040 0.4527 0.0100 0.0184
566      566   (0)      6  : 0.3701 0.0074 0.0040 0.5945 0.0200 0.0040
567      567   (0)      6  : 0.3390 0.0180 0.0094 0.5684 0.0070 0.0582
568      568   (0)      6  : 0.5072 0.0040 0.0030 0.4714 0.0100 0.0044
569      569   (0)      6  : 0.4160 0.0598 0.0030 0.5102 0.0030 0.0080
570      570   (0)      6  : 0.5365 0.0030 0.0050 0.4465 0.0050 0.0040
571      571   (0)      6  : 0.4310 0.0050 0.0020 0.5540 0.0040 0.0040
572      572   (0)      6  : 0.5345 0.0030 0.0040 0.4525 0.0030 0.0030
573      573   (0)      6  : 0.5027 0.0050 0.0040 0.4807 0.0040 0.0036
574      574   (0)      6  : 0.3435 0.0080 0.0060 0.6135 0.0110 0.0180
575      575   (0)      6  : 0.5203 0.0050 0.0090 0.4527 0.0050 0.0080
576      576   (0)      6  : 0.5251 0.0044 0.0032 0.4603 0.0030 0.0040
577      577   (0)      6  : 0.5481 0.0050 0.0060 0.4349 0.0030 0.0030
578      578   (0)      6  : 0.4801 0.0040 0.0020 0.5035 0.0040 0.0064
579      579   (0)      6  : 0.5570 0.0080 0.0030 0.4239 0.0030 0.0050
580      580   (0)      6  : 0.6047 0.0160 0.0100 0.3375 0.0168 0.0150
581      581   (0)      6  : 0.4954 0.0050 0.0020 0.4866 0.0060 0.0050
582      582   (0)      6  : 0.5189 0.0040 0.0150 0.4431 0.0080 0.0110
583      583   (0)      6  : 0.4154 0.0042 0.0060 0.5644 0.0040 0.0060
584      584   (0)      6  : 0.3366 0.0020 0.0020 0.6534 0.0030 0.0030
585      585   (0)      6  : 0.5560 0.0030 0.0070 0.4215 0.0040 0.0084
586      586   (0)      6  : 0.5806 0.0020 0.0030 0.4104 0.0020 0.0020
587      587   (0)      6  : 0.5419 0.0068 0.0090 0.4303 0.0090 0.0030
588      588   (0)      6  : 0.3671 0.0040 0.0050 0.6013 0.0070 0.0156
589      589   (0)      6  : 0.4657 0.0152 0.0110 0.4859 0.0050 0.0172
590      590   (0)      6  : 0.4345 0.0124 0.0150 0.5311 0.0030 0.0040
591      591   (0)      6  : 0.5221 0.0040 0.0030 0.4639 0.0030 0.0040
592      592   (0)      6  : 0.5741 0.0212 0.0250 0.3568 0.0140 0.0090
593      593   (0)      6  : 0.4131 0.0050 0.0060 0.5555 0.0060 0.0144
594      594   (0)      6  : 0.4819 0.0060 0.0030 0.5021 0.0040 0.0030
595      595   (0)      6  : 0.4780 0.0050 0.0040 0.5068 0.0020 0.0042
596      596   (0)      6  : 0.4167 0.0060 0.0030 0.5512 0.0180 0.0050
597      597   (0)      6  : 0.4849 0.0098 0.0030 0.4963 0.0020 0.0040
598      598   (0)      6  : 0.4727 0.0040 0.0020 0.5143 0.0030 0.0040
599      599   (0)      6  : 0.4747 0.0102 0.0040 0.4921 0.0110 0.0080
600      600   (0)      6  : 0.4757 0.0030 0.0020 0.5073 0.0090 0.0030
601      601   (0)      6  : 0.2371 0.0030 0.0060 0.7320 0.0052 0.0166
602      602   (0)      6  : 0.3930 0.0020 0.0030 0.5960 0.0020 0.0040
603      603   (0)      6  : 0.5044 0.0070 0.0100 0.4594 0.0102 0.0090
604      604   (0)      6  : 0.4024 0.0100 0.0020 0.5748 0.0058 0.0050
605      605   (0)      6  : 0.4611 0.0060 0.0100 0.5159 0.0040 0.0030
606      606   (0)      6  : 0.6114 0.0040 0.0020 0.3747 0.0030 0.0050
607      607   (0)      7  : 0.5179 0.0040 0.4481 0.0110 0.0050 0.0140
608      608   (0)      7  : 0.5000 0.0040 0.4870 0.0030 0.0030 0.0030
609      609   (0)      7  : 0.4019 0.0070 0.5554 0.0218 0.0060 0.0080
610      610   (0)      7  : 0.5351 0.0030 0.4509 0.0030 0.0040 0.0040
611      611   (0)      7  : 0.3861 0.0030 0.5989 0.0030 0.0060 0.0030
612      612   (0)      7  : 0.5582 0.0110 0.3774 0.0050 0.0214 0.0270
613      613   (0)      7  : 0.5565 0.0080 0.4245 0.0040 0.0030 0.0040
614      614   (0)      7  : 0.5265 0.0038 0.4567 0.0030 0.0050 0.0050
615      615   (0)      7  : 0.4497 0.0100 0.5303 0.0030 0.0030 0.0040
616      616   (0)      7  : 0.3915 0.0040 0.5829 0.0040 0.0070 0.0106
617      617   (0)      7  : 0.3821 0.0238 0.5329 0.0070 0.0040 0.0502
618      618   (0)      7  : 0.3472 0.0040 0.6292 0.0050 0.0086 0.0060
619      619   (0)      7  : 0.3592 0.0362 0.5516 0.0340 0.0070 0.0120
620      620   (0)      7  : 0.5286 0.0080 0.3998 0.0060 0.0516 0.0060
621      621   (0)      7  : 0.5469 0.0100 0.3947 0.0164 0.0222 0.0098
622      622   (0)      7  : 0.4727 0.0030 0.5133 0.0030 0.0050 0.0030
623      623   (0)      7  : 0.4397 0.0050 0.5443 0.0040 0.0040 0.0030
624      624   (0)      7  : 0.3892 0.0100 0.3456 0.0040 0.2443 0.0070
625      625   (0)      7  : 0.5607 0.0030 0.4273 0.0030 0.0030 0.0030
626      626   (0)      7  : 0.3782 0.0030 0.6028 0.0030 0.0080 0.0050
627      627   (0)      7  : 0.4375 0.0040 0.5025 0.0030 0.0060 0.0470
628      628   (0)      7  : 0.4087 0.0030 0.5793 0.0020 0.0030 0.0040
629      629   (0)      7  : 0.4579 0.0040 0.5239 0.0050 0.0052 0.0040
630      630   (0)      7  : 0.3897 0.0040 0.5891 0.0050 0.0052 0.0070
631      631   (0)      7  : 0.4596 0.0136 0.4918 0.0140 0.0160 0.0050
632      632   (0)      7  : 0.0626 0.0128 0.7278 0.0030 0.0302 0.1636
633      633   (0)      7  : 0.4705 0.0662 0.4129 0.0130 0.0100 0.0274
634      634   (0)      7  : 0.4573 0.0030 0.5337 0.0020 0.0020 0.0020
635      635   (0)      7  : 0.4682 0.0060 0.4962 0.0120 0.0096 0.0080
636      636   (0)      7  : 0.5474 0.0030 0.4346 0.0030 0.0080 0.0040
637      637   (0)      7  : 0.5085 0.0054 0.4717 0.0040 0.0044 0.0060
638      638   (0)      7  : 0.4353 0.0030 0.5395 0.0060 0.0070 0.0092
639      639   (0)      7  : 0.4424 0.0020 0.5456 0.0030 0.0030 0.0040
640      640   (0)      7  : 0.3555 0.0116 0.6108 0.0090 0.0080 0.0050
641      641   (0)      7  : 0.5142 0.0040 0.4698 0.0030 0.0050 0.0040
642      642   (0)      7  : 0.6076 0.0030 0.3742 0.0072 0.0040 0.0040
643      643   (0)      7  : 0.4611 0.0050 0.5223 0.0030 0.0050 0.0036
644      644   (0)      7  : 0.4599 0.0020 0.5301 0.0020 0.0030 0.0030
645      645   (0)      7  : 0.4386 0.0120 0.5126 0.0100 0.0118 0.0150
646      646   (0)      7  : 0.5179 0.0050 0.4621 0.0040 0.0040 0.0070
647      647   (0)      7  : 0.5595 0.0120 0.3887 0.0206 0.0142 0.0050
648      648   (0)      7  : 0.5247 0.0170 0.4361 0.0070 0.0092 0.0060
649      649   (0)      7  : 0.4892 0.0040 0.4948 0.0040 0.0040 0.0040
650      650   (0)      7  : 0.4668 0.0020 0.5232 0.0020 0.0030 0.0030
651      651   (0)      7  : 0.3243 0.0030 0.6617 0.0030 0.0030 0.0050
652      652   (0)      7  : 0.3733 0.0060 0.6063 0.0044 0.0040 0.0060
653      653   (0)      7  : 0.7111 0.0030 0.2739 0.0070 0.0030 0.0020
654      654   (0)      7  : 0.3910 0.0130 0.5779 0.0030 0.0060 0.0090
655      655   (0)      7  : 0.4236 0.0040 0.5172 0.0040 0.0472 0.0040
656      656   (0)      7  : 0.5269 0.0050 0.4541 0.0040 0.0060 0.0040
657      657   (0)      7  : 0.4550 0.0080 0.5145 0.0144 0.0040 0.0040
658      658   (0)      7  : 0.4448 0.0030 0.5442 0.0030 0.0020 0.0030
659      659   (0)      7  : 0.4828 0.0160 0.4718 0.0050 0.0046 0.0198
660      660   (0)      7  : 0.4205 0.0366 0.5089 0.0170 0.0050 0.0120
661      661   (0)      7  : 0.4256 0.0242 0.5078 0.0066 0.0248 0.0110
662      662   (0)      7  : 0.5796 0.0030 0.3874 0.0210 0.0040 0.0050
663      663   (0)      7  : 0.5075 0.0030 0.4765 0.0040 0.0040 0.0050
664      664   (0)      7  : 0.5075 0.0030 0.4795 0.0030 0.0030 0.0040
665      665   (0)      7  : 0.4350 0.0030 0.5530 0.0030 0.0030 0.0030
666      666   (0)      7  : 0.1841 0.0580 0.7022 0.0090 0.0358 0.0110
667      667   (0)      7  : 0.2953 0.0020 0.6937 0.0020 0.0040 0.0030
668      668   (0)      7  : 0.3341 0.0020 0.6559 0.0020 0.0030 0.0030
669      669   (0)      7  : 0.5741 0.0060 0.4017 0.0030 0.0070 0.0082
670      670   (0)      7  : 0.5449 0.0060 0.4331 0.0030 0.0070 0.0060
671      671   (0)      7  : 0.5351 0.0090 0.4223 0.0226 0.0050 0.0060
672      672   (0)      7  : 0.4283 0.0060 0.5461 0.0110 0.0030 0.0056
673      673   (0)      7  : 0.6238 0.0104 0.3473 0.0030 0.0060 0.0096
674      674   (0)      7  : 0.4428 0.0030 0.5402 0.0040 0.0060 0.0040
675      675   (0)      7  : 0.4348 0.0060 0.5431 0.0050 0.0070 0.0040
676      676   (0)      7  : 0.3413 0.0050 0.6417 0.0030 0.0040 0.0050
677      677   (0)      7  : 0.3774 0.0030 0.6046 0.0030 0.0050 0.0070
678      678   (0)      7  : 0.4392 0.0100 0.5264 0.0060 0.0144 0.0040
679      679   (0)      7  : 0.5404 0.0040 0.4426 0.0030 0.0070 0.0030
680      680   (0)      7  : 0.4154 0.0090 0.5587 0.0040 0.0040 0.0090
681      681   (0)      7  : 0.4522 0.0020 0.5378 0.0020 0.0030 0.0030
682      682   (0)      7  : 0.4559 0.0050 0.5305 0.0020 0.0036 0.0030
683      683   (0)      7  : 0.5885 0.0026 0.4019 0.0020 0.0030 0.0020
684      684   (0)      7  : 0.4017 0.0020 0.5843 0.0020 0.0070 0.0030
685      685   (0)      7  : 0.4404 0.0152 0.4702 0.0100 0.0536 0.0106
686      686   (0)      7  : 0.4053 0.0110 0.5487 0.0170 0.0040 0.0140
687      687   (0)      7  : 0.5604 0.0040 0.4256 0.0030 0.0030 0.0040
688      688   (0)      7  : 0.5464 0.0020 0.4416 0.0020 0.0040 0.0040
689      689   (0)      7  : 0.3476 0.0020 0.6366 0.0020 0.0040 0.0078
690      690   (0)      7  : 0.3532 0.0208 0.6110 0.0040 0.0030 0.0080
691      691   (0)      7  : 0.4404 0.0060 0.5416 0.0020 0.0050 0.0050
692      692   (0)      7  : 0.5464 0.0040 0.4396 0.0020 0.0030 0.0050
693      693   (0)      7  : 0.5614 0.0050 0.4236 0.0040 0.0030 0.0030
694      694   (0)      7  : 0.5138 0.0144 0.4518 0.0030 0.0110 0.0060
695      695   (0)      7  : 0.6994 0.0040 0.2836 0.0030 0.0060 0.0040
696      696   (0)      7  : 0.3878 0.0080 0.5932 0.0040 0.0030 0.0040
697      697   (0)      7  : 0.4754 0.0030 0.5126 0.0020 0.0030 0.0040
698      698   (0)      7  : 0.4998 0.0050 0.4832 0.0040 0.0030 0.0050
699      699   (0)      7  : 0.5833 0.0040 0.3837 0.0180 0.0070 0.0040
700      700   (0)      7  : 0.5116 0.0044 0.4730 0.0030 0.0050 0.0030
701      701   (0)      7  : 0.5437 0.0030 0.4423 0.0020 0.0040 0.0050
702      702   (0)      7  : 0.3556 0.0070 0.6234 0.0060 0.0050 0.0030
703      703   (0)      7  : 0.4835 0.0030 0.5005 0.0020 0.0040 0.0070
704      704   (0)      7  : 0.4422 0.0070 0.5052 0.0030 0.0080 0.0346
705      705   (0)      7  : 0.4964 0.0110 0.4776 0.0040 0.0040 0.0070
706      706   (0)      7  : 0.5153 0.0030 0.4727 0.0030 0.0030 0.0030
707      707   (0)      8  : 0.3889 0.0050 0.0050 0.0030 0.5841 0.0140
708      708   (0)      8  : 0.3079 0.0588 0.0080 0.0080 0.6083 0.0090
709      709   (0)      8  : 0.6304 0.0942 0.0320 0.0040 0.2252 0.0142
710      710   (0)      8  : 0.3213 0.0172 0.0110 0.0030 0.6355 0.0120
711      711   (0)      8  : 0.5336 0.0456 0.0512 0.0280 0.2668 0.0748
712      712   (0)      8  : 0.4275 0.0050 0.0971 0.0070 0.4593 0.0042
713      713   (0)      8  : 0.4382 0.0184 0.0050 0.0020 0.5234 0.0130
714      714   (0)      8  : 0.3543 0.0060 0.0020 0.0040 0.6297 0.0040
715      715   (0)      8  : 0.5415 0.0044 0.0060 0.0030 0.4389 0.0062
716      716   (0)      8  : 0.3217 0.1098 0.0030 0.0420 0.5102 0.0132
717      717   (0)      8  : 0.4724 0.0120 0.0070 0.0050 0.4976 0.0060
718      718   (0)      8  : 0.4873 0.0070 0.0080 0.0040 0.4877 0.0060
719      719   (0)      8  : 0.4828 0.0050 0.0030 0.0060 0.4982 0.0050
720      720   (0)      8  : 0.6228 0.0877 0.0030 0.0050 0.1431 0.1385
721      721   (0)      8  : 0.6147 0.0132 0.0030 0.0240 0.3251 0.0200
722      722   (0)      8  : 0.3965 0.0040 0.0050 0.0030 0.5873 0.0042
723      723   (0)      8  : 0.4831 0.0030 0.0060 0.0030 0.4999 0.0050
724      724   (0)      8  : 0.4528 0.0042 0.0030 0.0040 0.5330 0.0030
725      725   (0)      8  : 0.4597 0.0060 0.0110 0.0330 0.4835 0.0068
726      726   (0)      8  : 0.3197 0.0712 0.0050 0.0072 0.5843 0.0126
727      727   (0)      8  : 0.3633 0.0130 0.0110 0.0070 0.5879 0.0178
728      728   (0)      8  : 0.2822 0.0150 0.0040 0.0120 0.6779 0.0090
729      729   (0)      8  : 0.4629 0.0108 0.0080 0.0060 0.5053 0.0070
730      730   (0)      8  : 0.5449 0.0060 0.0050 0.0020 0.4360 0.0060
731      731   (0)      8  : 0.4936 0.0104 0.0212 0.0060 0.4558 0.0130
732      732   (0)      8  : 0.4986 0.0040 0.0060 0.0030 0.4824 0.0060
733      733   (0)      8  : 0.5883 0.0040 0.0030 0.0040 0.3927 0.0080
734      734   (0)      8  : 0.3848 0.0070 0.0030 0.0070 0.5882 0.0100
735      735   (0)      8  : 0.5977 0.0410 0.0070 0.0070 0.3403 0.0070
736      736   (0)      8  : 0.4834 0.0030 0.0040 0.0040 0.5006 0.0050
737      737   (0)      8  : 0.5113 0.0210 0.0040 0.0090 0.4387 0.0160
738      738   (0)      8  : 0.4177 0.0120 0.0030 0.0050 0.5573 0.0050
739      739   (0)      8  : 0.5916 0.0224 0.0050 0.0080 0.3412 0.0318
740      740   (0)      8  : 0.4924 0.0050 0.0082 0.0050 0.4754 0.0140
741      741   (0)      8  : 0.3649 0.0090 0.0050 0.0050 0.5909 0.0252
742      742   (0)      8  : 0.4686 0.0060 0.0050 0.0030 0.5104 0.0070
743      743   (0)      8  : 0.4909 0.0110 0.0040 0.0050 0.4841 0.0050
744      744   (0)      8  : 0.4255 0.0050 0.0090 0.0038 0.5507 0.0060
745      745   (0)      8  : 0.4644 0.0030 0.0040 0.0020 0.5166 0.0100
746      746   (0)      8  : 0.5190 0.0040 0.0270 0.0040 0.4410 0.0050
747      747   (0)      8  : 0.4876 0.0030 0.0070 0.0106 0.4858 0.0060
748      748   (0)      8  : 0.4867 0.0108 0.0040 0.0030 0.4905 0.0050
749      749   (0)      8  : 0.3209 0.0442 0.0040 0.0040 0.6209 0.0060
750      750   (0)      8  : 0.6709 0.0410 0.0030 0.0188 0.1832 0.0832
751      751   (0)      8  : 0.2577 0.0040 0.0160 0.0058 0.7105 0.0060
752      752   (0)      8  : 0.5608 0.0280 0.0140 0.0060 0.3802 0.0110
753      753   (0)      8  : 0.5294 0.0050 0.0040 0.0030 0.4536 0.0050
754      754   (0)      8  : 0.5292 0.0040 0.0030 0.0040 0.4558 0.0040
755      755   (0)      8  : 0.4627 0.0054 0.0020 0.0020 0.5229 0.0050
756      756   (0)      8  : 0.5941 0.0136 0.2114 0.0110 0.1588 0.0110
757      757   (0)      8  : 0.4304 0.0280 0.0210 0.0220 0.4904 0.0082
758      758   (0)      8  : 0.4111 0.0180 0.0120 0.0040 0.5439 0.0110
759      759   (0)      8  : 0.6238 0.0070 0.0120 0.0360 0.3109 0.0104
760      760   (0)      8  : 0.4765 0.0060 0.0058 0.0030 0.5027 0.0060
761      761   (0)      8  : 0.2945 0.0046 0.0030 0.0040 0.6909 0.0030
762      762   (0)      8  : 0.5624 0.0040 0.0070 0.0110 0.4086 0.0070
763      763   (0)      8  : 0.6319 0.0068 0.0226 0.0662 0.2615 0.0110
764      764   (0)      8  : 0.3927 0.0030 0.1982 0.0030 0.3915 0.0116
765      765   (0)      8  : 0.3522 0.0258 0.0030 0.0080 0.5998 0.0112
766      766   (0)      8  : 0.4717 0.0040 0.0040 0.0114 0.4985 0.0104
767      767   (0)      8  : 0.5171 0.0074 0.0020 0.0106 0.4509 0.0120
768      768   (0)      8  : 0.4200 0.0040 0.0054 0.0060 0.5596 0.0050
769      769   (0)      8  : 0.4096 0.0040 0.0274 0.0068 0.5412 0.0110
770      770   (0)      8  : 0.4117 0.0050 0.0126 0.0060 0.5557 0.0090
771      771   (0)      8  : 0.4955 0.0038 0.0080 0.0060 0.4797 0.0070
772      772   (0)      8  : 0.4527 0.0050 0.0160 0.0080 0.5133 0.0050
773      773   (0)      8  : 0.4914 0.0040 0.0040 0.0040 0.4916 0.0050
774      774   (0)      8  : 0.5570 0.0466 0.0040 0.0040 0.3696 0.0188
775      775   (0)      8  : 0.3251 0.0220 0.0070 0.0050 0.6329 0.0080
776      776   (0)      8  : 0.4562 0.0060 0.0040 0.0050 0.5238 0.0050
777      777   (0)      8  : 0.1810 0.0324 0.0120 0.0584 0.6846 0.0316
778      778   (0)      8  : 0.4890 0.0070 0.0030 0.0030 0.4904 0.0076
779      779   (0)      8  : 0.4229 0.0080 0.0040 0.0050 0.5511 0.0090
780      780   (0)      8  : 0.4740 0.0040 0.0030 0.0090 0.5060 0.0040
781      781   (0)      8  : 0.4738 0.0060 0.0030 0.0060 0.5072 0.0040
782      782   (0)      8  : 0.5498 0.0080 0.0200 0.0050 0.4072 0.0100
783      783   (0)      8  : 0.4552 0.0104 0.0050 0.0070 0.5084 0.0140
784      784   (0)      8  : 0.5070 0.0060 0.0030 0.0030 0.4770 0.0040
785      785   (0)      8  : 0.4603 0.0042 0.0150 0.0040 0.5095 0.0070
786      786   (0)      8  : 0.5073 0.0040 0.0050 0.0030 0.4717 0.0090
787      787   (0)      8  : 0.4906 0.0030 0.0050 0.0020 0.4962 0.0032
788      788   (0)      8  : 0.4513 0.0060 0.0312 0.0070 0.4913 0.0132
789      789   (0)      8  : 0.3163 0.1094 0.0040 0.1308 0.4315 0.0080
790      790   (0)      8  : 0.4457 0.0344 0.1671 0.0060 0.2982 0.0486
791      791   (0)      8  : 0.5477 0.0030 0.0060 0.0030 0.4343 0.0060
792      792   (0)      8  : 0.4455 0.0050 0.0040 0.0030 0.5385 0.0040
793      793   (0)      8  : 0.4536 0.0050 0.0040 0.0050 0.5254 0.0070
794      794   (0)      8  : 0.1970 0.0060 0.0030 0.0030 0.7830 0.0080
795      795   (0)      8  : 0.4054 0.0886 0.0070 0.0050 0.4860 0.0080
796      796   (0)      8  : 0.4194 0.0358 0.0050 0.0040 0.5288 0.0070
797      797   (0)      8  : 0.5573 0.0080 0.0060 0.0190 0.3915 0.0182
798      798   (0)      8  : 0.4849 0.0040 0.0050 0.0030 0.4991 0.0040
799      799   (0)      8  : 0.4871 0.0040 0.0030 0.0030 0.4999 0.0030
800      800   (0)      8  : 0.3954 0.0130 0.0060 0.0030 0.5756 0.0070
801      801   (0)      8  : 0.5077 0.0058 0.0060 0.0160 0.4595 0.0050
802      802   (0)      8  : 0.3247 0.0070 0.0066 0.0090 0.6189 0.0338
803      803   (0)      8  : 0.4966 0.0060 0.0030 0.0430 0.4304 0.0210
804      804   (0)      8  : 0.3492 0.0050 0.0050 0.0030 0.6328 0.0050
805      805   (0)      8  : 0.4086 0.0074 0.0786 0.0040 0.4973 0.0040
806      806   (0)      8  : 0.4968 0.0186 0.0050 0.0116 0.4580 0.0100
807      807   (0)      9  : 0.0090 0.9190 0.0380 0.0030 0.0130 0.0180
808      808   (0)      9  : 0.0478 0.6860 0.0060 0.0040 0.1700 0.0862
809      809   (0)     10  : 0.1507 0.7361 0.0984 0.0040 0.0038 0.0070
810      810   (0)     10  : 0.1016 0.7827 0.0020 0.0044 0.0934 0.0158
811      811   (0)     10  : 0.3059 0.5611 0.0040 0.0070 0.0250 0.0970
812      812   (0)     10  : 0.3425 0.6355 0.0040 0.0080 0.0040 0.0060
813      813   (0)     10  : 0.1412 0.8332 0.0086 0.0050 0.0080 0.0040
814      814   (0)     10  : 0.0170 0.9237 0.0112 0.0150 0.0100 0.0230
815      815   (0)     10  : 0.1228 0.8582 0.0030 0.0040 0.0060 0.0060
816      816   (0)     10  : 0.0060 0.9754 0.0030 0.0040 0.0066 0.0050
817      817   (0)     10  : 0.1004 0.8455 0.0020 0.0300 0.0080 0.0140
818      818   (0)     10  : 0.0180 0.9064 0.0030 0.0110 0.0040 0.0576
819      819   (0)     10  : 0.3012 0.6788 0.0050 0.0060 0.0030 0.0060
820      820   (0)     10  : 0.1070 0.8760 0.0040 0.0060 0.0030 0.0040
821      821   (0)     10  : 0.0228 0.9532 0.0030 0.0020 0.0110 0.0080
822      822   (0)     10  : 0.0470 0.8722 0.0080 0.0080 0.0258 0.0390
823      823   (0)     10  : 0.1028 0.8618 0.0040 0.0060 0.0204 0.0050
824      824   (0)     10  : 0.0388 0.9500 0.0020 0.0040 0.0022 0.0030
825      825   (0)     10  : 0.0562 0.8104 0.0060 0.0040 0.0558 0.0676
826      826   (0)     10  : 0.0210 0.9462 0.0030 0.0020 0.0050 0.0228
827      827   (0)     10  : 0.3522 0.6238 0.0050 0.0060 0.0040 0.0090
828      828   (0)     10  : 0.1604 0.7461 0.0166 0.0316 0.0230 0.0224
829      829   (0)     10  : 0.1769 0.7913 0.0114 0.0060 0.0060 0.0084
830      830   (0)     10  : 0.0336 0.6787 0.2293 0.0080 0.0120 0.0384
831      831   (0)     10  : 0.1796 0.7932 0.0040 0.0120 0.0052 0.0060
832      832   (0)     10  : 0.1472 0.7940 0.0030 0.0224 0.0070 0.0264
833      833   (0)     10  : 0.5178 0.4326 0.0180 0.0060 0.0146 0.0110
834      834   (0)     10  : 0.1130 0.8402 0.0108 0.0040 0.0070 0.0250
835      835   (0)     10  : 0.0180 0.9610 0.0050 0.0030 0.0070 0.0060
836      836   (0)     10  : 0.2312 0.6785 0.0150 0.0100 0.0242 0.0410
837      837   (0)     10  : 0.0626 0.9114 0.0060 0.0120 0.0040 0.0040
838      838   (0)     10  : 0.3513 0.6186 0.0040 0.0040 0.0140 0.0080
839      839   (0)     10  : 0.2152 0.7400 0.0030 0.0080 0.0278 0.0060
840      840   (0)     10  : 0.0644 0.8936 0.0070 0.0102 0.0188 0.0060
841      841   (0)     10  : 0.1870 0.7950 0.0020 0.0070 0.0050 0.0040
842      842   (0)     10  : 0.1108 0.8585 0.0120 0.0060 0.0030 0.0098
843      843   (0)     10  : 0.0930 0.8478 0.0110 0.0050 0.0160 0.0272
844      844   (0)     10  : 0.1821 0.7719 0.0040 0.0260 0.0120 0.0040
845      845   (0)     10  : 0.4643 0.4767 0.0040 0.0040 0.0338 0.0172
846      846   (0)     10  : 0.2635 0.5073 0.0020 0.0064 0.0100 0.2108
847      847   (0)     10  : 0.3554 0.6196 0.0040 0.0090 0.0030 0.0090
848      848   (0)     10  : 0.1106 0.8266 0.0330 0.0070 0.0110 0.0118
849      849   (0)     10  : 0.2164 0.7380 0.0160 0.0032 0.0194 0.0070
850      850   (0)     10  : 0.0342 0.7591 0.0130 0.0060 0.0232 0.1645
851      851   (0)     10  : 0.0030 0.9728 0.0040 0.0082 0.0050 0.0070
852      852   (0)     10  : 0.0236 0.9464 0.0070 0.0050 0.0076 0.0104
853      853   (0)     10  : 0.1488 0.8302 0.0070 0.0040 0.0040 0.0060
854      854   (0)     10  : 0.2117 0.7703 0.0040 0.0030 0.0050 0.0060
855      855   (0)     10  : 0.0384 0.7801 0.0688 0.0150 0.0458 0.0520
856      856   (0)     10  : 0.1217 0.8389 0.0144 0.0080 0.0080 0.0090
857      857   (0)     10  : 0.0352 0.9318 0.0040 0.0082 0.0038 0.0170
858      858   (0)     10  : 0.1506 0.7160 0.0220 0.0140 0.0332 0.0642
859      859   (0)     10  : 0.2201 0.7533 0.0030 0.0054 0.0106 0.0076
860      860   (0)     10  : 0.1158 0.8632 0.0110 0.0040 0.0030 0.0030
861      861   (0)     10  : 0.0728 0.8772 0.0040 0.0040 0.0260 0.0160
862      862   (0)     10  : 0.0706 0.9071 0.0030 0.0066 0.0040 0.0088
863      863   (0)     10  : 0.0290 0.9224 0.0048 0.0328 0.0060 0.0050
864      864   (0)     10  : 0.3677 0.5869 0.0110 0.0094 0.0090 0.0160
865      865   (0)     10  : 0.2139 0.7461 0.0050 0.0050 0.0080 0.0220
866      866   (0)     10  : 0.2168 0.7668 0.0020 0.0030 0.0030 0.0084
867      867   (0)     10  : 0.2496 0.7129 0.0074 0.0200 0.0050 0.0050
868      868   (0)     10  : 0.3162 0.6558 0.0030 0.0130 0.0040 0.0080
869      869   (0)     10  : 0.2054 0.7532 0.0060 0.0094 0.0150 0.0110
870      870   (0)     10  : 0.0090 0.9700 0.0050 0.0040 0.0030 0.0090
871      871   (0)     10  : 0.1893 0.7153 0.0120 0.0040 0.0290 0.0504
872      872   (0)     10  : 0.3931 0.5341 0.0020 0.0286 0.0040 0.0382
873      873   (0)     10  : 0.0170 0.9630 0.0050 0.0060 0.0040 0.0050
874      874   (0)     10  : 0.3479 0.6099 0.0080 0.0070 0.0040 0.0232
875      875   (0)     10  : 0.1395 0.8485 0.0020 0.0030 0.0030 0.0040
876      876   (0)     10  : 0.3027 0.6673 0.0050 0.0130 0.0060 0.0060
877      877   (0)     10  : 0.2332 0.7065 0.0110 0.0090 0.0110 0.0294
878      878   (0)     10  : 0.4083 0.5345 0.0276 0.0120 0.0080 0.0096
879      879   (0)     10  : 0.0212 0.8676 0.0712 0.0100 0.0230 0.0070
880      880   (0)     10  : 0.2422 0.7418 0.0050 0.0020 0.0040 0.0050
881      881   (0)     10  : 0.2577 0.7027 0.0030 0.0126 0.0100 0.0140
882      882   (0)     10  : 0.2164 0.7424 0.0030 0.0040 0.0040 0.0302
883      883   (0)     10  : 0.3586 0.6276 0.0030 0.0048 0.0020 0.0040
884      884   (0)     10  : 0.2239 0.7454 0.0040 0.0040 0.0106 0.0122
885      885   (0)     10  : 0.2688 0.6088 0.0150 0.0070 0.0120 0.0885
886      886   (0)     10  : 0.0040 0.9420 0.0020 0.0340 0.0050 0.0130
887      887   (0)     10  : 0.1777 0.7717 0.0040 0.0092 0.0064 0.0310
888      888   (0)     10  : 0.2405 0.7394 0.0022 0.0030 0.0078 0.0070
889      889   (0)     10  : 0.0030 0.4964 0.0050 0.0050 0.0040 0.4866
890      890   (0)     10  : 0.2918 0.6750 0.0030 0.0040 0.0040 0.0222
891      891   (0)     10  : 0.1687 0.7483 0.0170 0.0100 0.0030 0.0530
892      892   (0)     10  : 0.2613 0.6745 0.0060 0.0030 0.0302 0.0250
893      893   (0)     10  : 0.2116 0.7524 0.0020 0.0160 0.0030 0.0150
894      894   (0)     10  : 0.0252 0.9406 0.0020 0.0060 0.0060 0.0202
895      895   (0)     10  : 0.2492 0.7309 0.0040 0.0050 0.0070 0.0040
896      896   (0)     10  : 0.0464 0.9256 0.0060 0.0060 0.0050 0.0110
897      897   (0)     10  : 0.0580 0.8877 0.0020 0.0212 0.0100 0.0210
898      898   (0)     10  : 0.1868 0.7423 0.0030 0.0050 0.0050 0.0578
899      899   (0)     10  : 0.0938 0.8503 0.0040 0.0050 0.0030 0.0438
900      900   (0)     10  : 0.0060 0.8331 0.0030 0.1387 0.0132 0.0060
901      901   (0)     10  : 0.1732 0.7846 0.0050 0.0182 0.0050 0.0140
902      902   (0)     10  : 0.2284 0.6894 0.0088 0.0060 0.0108 0.0566
903      903   (0)     10  : 0.1482 0.7485 0.0050 0.0060 0.0120 0.0804
904      904   (0)     10  : 0.2793 0.6823 0.0030 0.0040 0.0090 0.0224
905      905   (0)     10  : 0.4339 0.5273 0.0182 0.0118 0.0036 0.0052
906      906   (0)     10  : 0.2322 0.7458 0.0090 0.0030 0.0050 0.0050
907      907   (0)     10  : 0.0918 0.8698 0.0050 0.0080 0.0110 0.0144
908      908   (0)     10  : 0.2888 0.6872 0.0050 0.0090 0.0030 0.0070
909      909   (0)     11  : 0.2452 0.0070 0.0080 0.0332 0.0180 0.6887
910      910   (0)     11  : 0.1154 0.1872 0.0148 0.0100 0.0120 0.6607
911      911   (0)     11  : 0.3109 0.0090 0.0040 0.0030 0.0070 0.6661
912      912   (0)     11  : 0.0952 0.0190 0.0030 0.0822 0.0050 0.7956
913      913   (0)     11  : 0.2668 0.0096 0.0060 0.0030 0.0040 0.7106
914      914   (0)     11  : 0.0070 0.0080 0.0180 0.0536 0.0072 0.9062
915      915   (0)     11  : 0.0892 0.0190 0.0140 0.0070 0.2266 0.6441
916      916   (0)     11  : 0.2997 0.0060 0.0040 0.0090 0.0050 0.6763
917      917   (0)     11  : 0.0050 0.0060 0.0030 0.0020 0.0080 0.9760
918      918   (0)     11  : 0.2623 0.0060 0.0100 0.0040 0.0200 0.6977
919      919   (0)     11  : 0.2872 0.0694 0.0070 0.0368 0.0138 0.5858
920      920   (0)     11  : 0.1456 0.0512 0.0030 0.0056 0.0198 0.7748
921      921   (0)     11  : 0.0976 0.0488 0.0030 0.0070 0.0070 0.8366
922      922   (0)     11  : 0.0298 0.0040 0.0040 0.0232 0.0070 0.9320
923      923   (0)     11  : 0.0088 0.1262 0.0080 0.0512 0.0110 0.7948
924      924   (0)     11  : 0.2692 0.0258 0.0050 0.0110 0.0040 0.6850
925      925   (0)     11  : 0.1188 0.0040 0.0058 0.0040 0.0060 0.8614
926      926   (0)     11  : 0.1606 0.0482 0.0180 0.0040 0.0060 0.7632
927      927   (0)     11  : 0.2998 0.0060 0.0170 0.0040 0.0468 0.6264
928      928   (0)     11  : 0.0364 0.0130 0.0050 0.0160 0.0060 0.9236
929      929   (0)     11  : 0.2761 0.0140 0.0688 0.0050 0.0456 0.5905
930      930   (0)     11  : 0.0070 0.0496 0.0050 0.0200 0.0136 0.9048
931      931   (0)     11  : 0.3331 0.0040 0.0064 0.0020 0.0060 0.6485
932      932   (0)     11  : 0.4830 0.0030 0.0170 0.0040 0.0030 0.4900
933      933   (0)     11  : 0.0452 0.1829 0.0080 0.0434 0.0144 0.7061
934      934   (0)     11  : 0.3467 0.0114 0.0030 0.0040 0.0150 0.6199
935      935   (0)     11  : 0.2894 0.0290 0.0156 0.0070 0.0060 0.6530
936      936   (0)     11  : 0.0260 0.0100 0.0170 0.0050 0.0088 0.9332
937      937   (0)     11  : 0.0170 0.0040 0.0080 0.0030 0.0120 0.9560
938      938   (0)     11  : 0.0782 0.0050 0.0040 0.0070 0.0050 0.9008
939      939   (0)     11  : 0.0618 0.0040 0.0150 0.0040 0.0068 0.9085
940      940   (0)     11  : 0.2636 0.0090 0.0050 0.0050 0.0060 0.7114
941      941   (0)     11  : 0.0120 0.0080 0.0030 0.0384 0.0080 0.9306
942      942   (0)     11  : 0.0100 0.0040 0.0030 0.0040 0.0064 0.9726
943      943   (0)     11  : 0.0478 0.0080 0.0114 0.0030 0.0090 0.9208
944      944   (0)     11  : 0.0734 0.0060 0.0040 0.0062 0.0062 0.9042
945      945   (0)     11  : 0.2838 0.0160 0.0170 0.0030 0.0030 0.6772
946      946   (0)     11  : 0.0658 0.0662 0.0422 0.0788 0.0190 0.7279
947      947   (0)     11  : 0.1839 0.0050 0.0080 0.0020 0.0050 0.7961
948      948   (0)     11  : 0.1491 0.0130 0.0030 0.0060 0.0072 0.8217
949      949   (0)     11  : 0.0338 0.0066 0.0140 0.0040 0.0090 0.9326
950      950   (0)     11  : 0.0474 0.0050 0.0130 0.0040 0.0080 0.9226
951      951   (0)     11  : 0.1730 0.0060 0.0120 0.0060 0.0222 0.7808
952      952   (0)     11  : 0.1201 0.0040 0.0430 0.0030 0.0320 0.7978
953      953   (0)     11  : 0.1278 0.0126 0.0070 0.0040 0.0192 0.8294
954      954   (0)     11  : 0.1348 0.0040 0.0080 0.0030 0.0130 0.8372
955      955   (0)     11  : 0.0706 0.0140 0.0030 0.0080 0.0080 0.8964
956      956   (0)     11  : 0.0895 0.0504 0.1081 0.0030 0.0070 0.7420
957      957   (0)     11  : 0.0622 0.0038 0.0586 0.0050 0.0060 0.8645
958      958   (0)     11  : 0.1894 0.0080 0.0040 0.0040 0.0030 0.7916
959      959   (0)     11  : 0.0520 0.0438 0.0050 0.0030 0.0080 0.8882
960      960   (0)     11  : 0.0090 0.0070 0.0040 0.0060 0.0040 0.9700
961      961   (0)     11  : 0.1007 0.0188 0.0040 0.0040 0.0060 0.8665
962      962   (0)     11  : 0.1266 0.0118 0.0030 0.0030 0.0030 0.8526
963      963   (0)     11  : 0.0128 0.0050 0.0130 0.0040 0.0320 0.9332
964      964   (0)     11  : 0.1445 0.0186 0.0708 0.0030 0.0262 0.7369
965      965   (0)     11  : 0.0484 0.0220 0.0040 0.0048 0.0050 0.9159
966      966   (0)     11  : 0.2544 0.0202 0.0050 0.0170 0.0110 0.6924
967      967   (0)     11  : 0.0240 0.0050 0.0080 0.0040 0.0210 0.9380
968      968   (0)     11  : 0.1653 0.0192 0.0158 0.0170 0.0080 0.7747
969      969   (0)     11  : 0.2628 0.0040 0.0250 0.0040 0.0100 0.6942
970      970   (0)     11  : 0.3407 0.0040 0.0130 0.0050 0.0050 0.6323
971      971   (0)     11  : 0.0050 0.0180 0.0040 0.0080 0.0158 0.9492
972      972   (0)     11  : 0.2229 0.0070 0.0078 0.0050 0.0196 0.7378
973      973   (0)     11  : 0.0486 0.0050 0.0210 0.0030 0.0160 0.9064
974      974   (0)     11  : 0.1096 0.0822 0.0300 0.0520 0.0210 0.7053
975      975   (0)     11  : 0.0030 0.0040 0.0036 0.0030 0.0070 0.9794
976      976   (0)     11  : 0.2433 0.0080 0.0058 0.0030 0.0080 0.7320
977      977   (0)     11  : 0.1820 0.0104 0.0030 0.0110 0.0140 0.7796
978      978   (0)     11  : 0.0732 0.0080 0.0130 0.0040 0.0292 0.8727
979      979   (0)     11  : 0.4247 0.0060 0.0040 0.0040 0.0020 0.5593
980      980   (0)     11  : 0.3017 0.0070 0.0070 0.0070 0.0040 0.6733
981      981   (0)     11  : 0.1982 0.0596 0.0270 0.1194 0.0264 0.5694
982      982   (0)     11  : 0.1399 0.0040 0.0070 0.0050 0.0116 0.8325
983      983   (0)     11  : 0.2487 0.0110 0.0224 0.0050 0.0040 0.7088
984      984   (0)     11  : 0.1768 0.0060 0.0070 0.0040 0.0170 0.7892
985      985   (0)     11  : 0.0080 0.0122 0.0040 0.0050 0.0108 0.9600
986      986   (0)     11  : 0.0240 0.0060 0.0020 0.0030 0.0040 0.9610
987      987   (0)     11  : 0.0126 0.0078 0.0158 0.0224 0.0120 0.9294
988      988   (0)     11  : 0.0558 0.0050 0.0060 0.0050 0.0030 0.9252
989      989   (0)     11  : 0.0571 0.0060 0.0100 0.0030 0.0120 0.9119
990      990   (0)     11  : 0.0396 0.0250 0.2012 0.0060 0.0070 0.7211
991      991   (0)     11  : 0.2951 0.0170 0.0130 0.0040 0.0110 0.6599
992      992   (0)     11  : 0.1199 0.0042 0.0050 0.0100 0.0070 0.8539
993      993   (0)     11  : 0.2533 0.0060 0.0040 0.0030 0.0030 0.7307
994      994   (0)     11  : 0.2473 0.0074 0.0030 0.0130 0.0266 0.7027
995      995   (0)     11  : 0.2644 0.0236 0.0040 0.0100 0.0120 0.6860
996      996   (0)     11  : 0.1839 0.0284 0.0050 0.0040 0.0090 0.7697
997      997   (0)     11  : 0.0060 0.0120 0.0266 0.0050 0.0250 0.9254
998      998   (0)     11  : 0.1544 0.0050 0.0030 0.0126 0.0080 0.8170
999      999   (0)     11  : 0.2918 0.0050 0.0060 0.0040 0.0060 0.6872
1000     1000   (0)     11  : 0.2412 0.0040 0.0050 0.0030 0.0040 0.7429
1001     1001   (0)     11  : 0.1719 0.0080 0.0040 0.0060 0.0052 0.8049
1002     1002   (0)     11  : 0.0080 0.0090 0.0090 0.0100 0.0040 0.9600
1003     1003   (0)     11  : 0.3804 0.0080 0.0070 0.0060 0.0040 0.5946
1004     1004   (0)     11  : 0.1177 0.0130 0.0494 0.0030 0.0060 0.8109
1005     1005   (0)     11  : 0.2084 0.0580 0.0030 0.0080 0.0050 0.7176
1006     1006   (0)     11  : 0.0973 0.0040 0.0178 0.0030 0.0060 0.8719
1007     1007   (0)     11  : 0.1417 0.0080 0.0020 0.0168 0.0060 0.8255
1008     1008   (0)     11  : 0.0250 0.0396 0.0020 0.0352 0.0070 0.8912
1009     1009   (0)     12  : 0.3456 0.0114 0.0050 0.6170 0.0168 0.0042
1010     1010   (0)     12  : 0.2667 0.0030 0.0062 0.7083 0.0050 0.0108
1011     1011   (0)     12  : 0.0334 0.0050 0.0080 0.9366 0.0100 0.0070
1012     1012   (0)     12  : 0.3554 0.0080 0.0070 0.6146 0.0050 0.0100
1013     1013   (0)     12  : 0.1901 0.0106 0.0050 0.6553 0.1166 0.0224
1014     1014   (0)     12  : 0.0050 0.0060 0.0050 0.9760 0.0040 0.0040
1015     1015   (0)     12  : 0.3681 0.0060 0.0060 0.6110 0.0040 0.0050
1016     1016   (0)     12  : 0.0372 0.0280 0.0050 0.8908 0.0180 0.0210
1017     1017   (0)     12  : 0.2384 0.0030 0.0040 0.7476 0.0040 0.0030
1018     1018   (0)     12  : 0.2414 0.0066 0.0070 0.7271 0.0128 0.0050
1019     1019   (0)     12  : 0.3930 0.0050 0.0110 0.5820 0.0050 0.0040
1020     1020   (0)     12  : 0.2858 0.0040 0.0020 0.7022 0.0030 0.0030
1021     1021   (0)     12  : 0.0306 0.0040 0.0030 0.9534 0.0060 0.0030
1022     1022   (0)     12  : 0.1114 0.0110 0.0180 0.8506 0.0040 0.0050
1023     1023   (0)     12  : 0.1070 0.1000 0.0332 0.6993 0.0312 0.0294
1024     1024   (0)     12  : 0.4118 0.0030 0.0020 0.5762 0.0030 0.0040
1025     1025   (0)     12  : 0.2429 0.0030 0.0020 0.7413 0.0030 0.0078
1026     1026   (0)     12  : 0.2989 0.0030 0.0040 0.6891 0.0030 0.0020
1027     1027   (0)     12  : 0.3041 0.0040 0.0034 0.6785 0.0030 0.0070
1028     1028   (0)     12  : 0.0050 0.0030 0.0050 0.9820 0.0020 0.0030
1029     1029   (0)     12  : 0.1543 0.0110 0.0062 0.8051 0.0070 0.0164
1030     1030   (0)     12  : 0.2693 0.0030 0.0020 0.7187 0.0030 0.0040
1031     1031   (0)     12  : 0.1253 0.0030 0.0020 0.8627 0.0040 0.0030
1032     1032   (0)     12  : 0.3113 0.0044 0.0030 0.6753 0.0030 0.0030
1033     1033   (0)     12  : 0.0040 0.0030 0.0020 0.9860 0.0020 0.0030
1034     1034   (0)     12  : 0.3524 0.0020 0.0040 0.6356 0.0030 0.0030
1035     1035   (0)     12  : 0.1660 0.0080 0.0050 0.8129 0.0040 0.0040
1036     1036   (0)     12  : 0.1196 0.0030 0.0020 0.8694 0.0030 0.0030
1037     1037   (0)     12  : 0.0060 0.0030 0.0030 0.9830 0.0020 0.0030
1038     1038   (0)     12  : 0.1139 0.0030 0.0040 0.8127 0.0020 0.0644
1039     1039   (0)     12  : 0.3508 0.0090 0.0030 0.6242 0.0090 0.0040
1040     1040   (0)     12  : 0.1049 0.0110 0.0040 0.8711 0.0060 0.0030
1041     1041   (0)     12  : 0.2446 0.0060 0.0070 0.7303 0.0030 0.0090
1042     1042   (0)     12  : 0.2795 0.0030 0.0020 0.7005 0.0080 0.0070
1043     1043   (0)     12  : 0.2478 0.0030 0.0020 0.7372 0.0050 0.0050
1044     1044   (0)     12  : 0.0488 0.0060 0.0030 0.8656 0.0716 0.0050
1045     1045   (0)     12  : 0.2413 0.0030 0.0040 0.7293 0.0130 0.0094
1046     1046   (0)     12  : 0.0634 0.0260 0.0020 0.8550 0.0060 0.0476
1047     1047   (0)     12  : 0.3227 0.0040 0.0020 0.6673 0.0020 0.0020
1048     1048   (0)     12  : 0.1664 0.0050 0.0060 0.7918 0.0184 0.0124
1049     1049   (0)     12  : 0.3182 0.0030 0.0030 0.6678 0.0030 0.0050
1050     1050   (0)     12  : 0.1909 0.0824 0.0020 0.7128 0.0050 0.0070
1051     1051   (0)     12  : 0.2687 0.0030 0.0030 0.7183 0.0040 0.0030
1052     1052   (0)     12  : 0.1907 0.0030 0.0020 0.7973 0.0030 0.0040
1053     1053   (0)     12  : 0.2581 0.0060 0.0040 0.7159 0.0090 0.0070
1054     1054   (0)     12  : 0.2091 0.0052 0.0090 0.7657 0.0060 0.0050
1055     1055   (0)     12  : 0.1196 0.0030 0.0204 0.8282 0.0178 0.0110
1056     1056   (0)     12  : 0.1939 0.0140 0.0020 0.7851 0.0020 0.0030
1057     1057   (0)     12  : 0.3241 0.0054 0.0030 0.6555 0.0070 0.0050
1058     1058   (0)     12  : 0.0122 0.0344 0.0040 0.7866 0.1418 0.0210
1059     1059   (0)     12  : 0.1491 0.0210 0.0020 0.8037 0.0030 0.0212
1060     1060   (0)     12  : 0.0528 0.0060 0.0100 0.9026 0.0206 0.0080
1061     1061   (0)     12  : 0.3084 0.0070 0.0030 0.6623 0.0060 0.0132
1062     1062   (0)     12  : 0.1537 0.0068 0.0130 0.7915 0.0050 0.0300
1063     1063   (0)     12  : 0.2810 0.0030 0.0040 0.7040 0.0030 0.0050
1064     1064   (0)     12  : 0.2846 0.0100 0.0030 0.6946 0.0038 0.0040
1065     1065   (0)     12  : 0.3313 0.0040 0.0130 0.6166 0.0242 0.0110
1066     1066   (0)     12  : 0.2082 0.0030 0.0050 0.7768 0.0030 0.0040
1067     1067   (0)     12  : 0.2044 0.0050 0.0192 0.7626 0.0048 0.0040
1068     1068   (0)     12  : 0.1631 0.0100 0.0020 0.7949 0.0130 0.0170
1069     1069   (0)     12  : 0.3278 0.0134 0.0040 0.6154 0.0334 0.0060
1070     1070   (0)     12  : 0.1852 0.0130 0.0040 0.7066 0.0110 0.0802
1071     1071   (0)     12  : 0.1541 0.0116 0.0030 0.8185 0.0058 0.0070
1072     1072   (0)     12  : 0.2991 0.0020 0.0020 0.6919 0.0030 0.0020
1073     1073   (0)     12  : 0.1164 0.0060 0.0040 0.8656 0.0040 0.0040
1074     1074   (0)     12  : 0.3122 0.0100 0.0050 0.6502 0.0090 0.0136
1075     1075   (0)     12  : 0.3030 0.0106 0.0030 0.6757 0.0030 0.0048
1076     1076   (0)     12  : 0.2244 0.0030 0.0020 0.7566 0.0110 0.0030
1077     1077   (0)     12  : 0.0464 0.0040 0.0030 0.9266 0.0030 0.0170
1078     1078   (0)     12  : 0.3490 0.0040 0.0020 0.6352 0.0040 0.0058
1079     1079   (0)     12  : 0.0408 0.0040 0.0488 0.8973 0.0060 0.0030
1080     1080   (0)     12  : 0.2259 0.0030 0.0030 0.7611 0.0030 0.0040
1081     1081   (0)     12  : 0.3592 0.0020 0.0130 0.6148 0.0070 0.0040
1082     1082   (0)     12  : 0.2656 0.0040 0.0032 0.7202 0.0020 0.0050
1083     1083   (0)     12  : 0.2732 0.0050 0.0030 0.7138 0.0020 0.0030
1084     1084   (0)     12  : 0.1712 0.0050 0.0050 0.7650 0.0448 0.0090
1085     1085   (0)     12  : 0.2830 0.0030 0.0020 0.7080 0.0020 0.0020
1086     1086   (0)     12  : 0.2899 0.0040 0.0060 0.6901 0.0060 0.0040
1087     1087   (0)     12  : 0.0674 0.0030 0.0030 0.9216 0.0020 0.0030
1088     1088   (0)     12  : 0.2985 0.0060 0.0050 0.6805 0.0060 0.0040
1089     1089   (0)     12  : 0.0050 0.0030 0.0100 0.9730 0.0040 0.0050
1090     1090   (0)     12  : 0.1733 0.0080 0.0020 0.8107 0.0030 0.0030
1091     1091   (0)     12  : 0.1576 0.0598 0.0040 0.7574 0.0142 0.0070
1092     1092   (0)     12  : 0.2529 0.0040 0.0040 0.7321 0.0030 0.0040
1093     1093   (0)     12  : 0.1368 0.0070 0.0028 0.8474 0.0030 0.0030
1094     1094   (0)     12  : 0.0452 0.0050 0.0080 0.9278 0.0060 0.0080
1095     1095   (0)     12  : 0.3052 0.0030 0.0038 0.6801 0.0050 0.0030
1096     1096   (0)     12  : 0.3595 0.0040 0.0040 0.6195 0.0060 0.0070
1097     1097   (0)     12  : 0.2733 0.0020 0.0070 0.7097 0.0040 0.0040
1098     1098   (0)     12  : 0.1589 0.0060 0.0030 0.7594 0.0060 0.0667
1099     1099   (0)     12  : 0.2302 0.0050 0.0846 0.6692 0.0060 0.0050
1100     1100   (0)     12  : 0.1657 0.0070 0.0030 0.8038 0.0120 0.0086
1101     1101   (0)     12  : 0.0284 0.0715 0.0020 0.8711 0.0180 0.0090
1102     1102   (0)     12  : 0.2528 0.0030 0.0020 0.7372 0.0020 0.0030
1103     1103   (0)     12  : 0.3261 0.0070 0.0120 0.6439 0.0060 0.0050
1104     1104   (0)     12  : 0.0854 0.0258 0.0472 0.8140 0.0166 0.0110
1105     1105   (0)     12  : 0.1354 0.0020 0.0030 0.8556 0.0020 0.0020
1106     1106   (0)     12  : 0.2472 0.0050 0.0070 0.7203 0.0040 0.0166
1107     1107   (0)     12  : 0.2075 0.0040 0.0020 0.7775 0.0030 0.0060
1108     1108   (0)     12  : 0.1219 0.0030 0.0020 0.8681 0.0020 0.0030
1109     1109   (0)     13  : 0.1745 0.0230 0.7895 0.0040 0.0040 0.0050
1110     1110   (0)     13  : 0.2452 0.0030 0.7318 0.0030 0.0090 0.0080
1111     1111   (0)     13  : 0.3824 0.0030 0.5996 0.0030 0.0030 0.0090
1112     1112   (0)     13  : 0.0110 0.0120 0.9288 0.0040 0.0322 0.0120
1113     1113   (0)     13  : 0.2414 0.0050 0.7143 0.0030 0.0060 0.0304
1114     1114   (0)     13  : 0.0956 0.0020 0.8808 0.0136 0.0040 0.0040
1115     1115   (0)     13  : 0.0666 0.0050 0.9164 0.0020 0.0040 0.0060
1116     1116   (0)     13  : 0.1071 0.0030 0.8579 0.0100 0.0020 0.0200
1117     1117   (0)     13  : 0.2148 0.0178 0.7120 0.0020 0.0176 0.0358
1118     1118   (0)     13  : 0.2374 0.0314 0.7161 0.0020 0.0030 0.0100
1119     1119   (0)     13  : 0.4088 0.0100 0.5643 0.0050 0.0060 0.0060
1120     1120   (0)     13  : 0.2602 0.0088 0.7060 0.0060 0.0090 0.0100
1121     1121   (0)     13  : 0.2525 0.0030 0.7355 0.0030 0.0030 0.0030
1122     1122   (0)     13  : 0.4498 0.0020 0.5382 0.0030 0.0030 0.0040
1123     1123   (0)     13  : 0.3233 0.0080 0.6455 0.0132 0.0040 0.0060
1124     1124   (0)     13  : 0.2893 0.0040 0.6955 0.0030 0.0032 0.0050
1125     1125   (0)     13  : 0.0550 0.0100 0.8777 0.0290 0.0040 0.0242
1126     1126   (0)     13  : 0.2073 0.0030 0.7793 0.0030 0.0040 0.0034
1127     1127   (0)     13  : 0.2311 0.0090 0.7430 0.0090 0.0040 0.0040
1128     1128   (0)     13  : 0.4606 0.0050 0.5160 0.0050 0.0072 0.0062
1129     1129   (0)     13  : 0.2944 0.0070 0.6886 0.0020 0.0050 0.0030
1130     1130   (0)     13  : 0.1437 0.0190 0.8103 0.0090 0.0100 0.0080
1131     1131   (0)     13  : 0.0948 0.0060 0.8772 0.0100 0.0050 0.0070
1132     1132   (0)     13  : 0.1346 0.0160 0.8096 0.0092 0.0218 0.0088
1133     1133   (0)     13  : 0.0110 0.0020 0.9466 0.0020 0.0364 0.0020
1134     1134   (0)     13  : 0.2453 0.0020 0.7437 0.0030 0.0030 0.0030
1135     1135   (0)     13  : 0.2557 0.0094 0.7077 0.0120 0.0030 0.0122
1136     1136   (0)     13  : 0.3005 0.0070 0.6785 0.0030 0.0060 0.0050
1137     1137   (0)     13  : 0.2572 0.0138 0.7160 0.0020 0.0030 0.0080
1138     1138   (0)     13  : 0.3284 0.0040 0.6576 0.0030 0.0030 0.0040
1139     1139   (0)     13  : 0.1998 0.0050 0.7802 0.0030 0.0040 0.0080
1140     1140   (0)     13  : 0.0096 0.0160 0.9371 0.0092 0.0050 0.0230
1141     1141   (0)     13  : 0.0380 0.0678 0.8692 0.0080 0.0060 0.0110
1142     1142   (0)     13  : 0.2166 0.0030 0.7714 0.0030 0.0030 0.0030
1143     1143   (0)     13  : 0.3050 0.0030 0.6781 0.0070 0.0030 0.0040
1144     1144   (0)     13  : 0.1608 0.0020 0.8312 0.0020 0.0020 0.0020
1145     1145   (0)     13  : 0.2454 0.0040 0.7406 0.0030 0.0030 0.0040
1146     1146   (0)     13  : 0.0410 0.0040 0.9450 0.0020 0.0040 0.0040
1147     1147   (0)     13  : 0.1622 0.0186 0.7516 0.0240 0.0060 0.0376
1148     1148   (0)     13  : 0.3179 0.0030 0.6651 0.0030 0.0060 0.0050
1149     1149   (0)     13  : 0.2188 0.0050 0.7582 0.0050 0.0070 0.0060
1150     1150   (0)     13  : 0.1363 0.0038 0.8309 0.0030 0.0130 0.0130
1151     1151   (0)     13  : 0.2995 0.0040 0.6767 0.0030 0.0020 0.0148
1152     1152   (0)     13  : 0.2703 0.0110 0.7077 0.0030 0.0030 0.0050
1153     1153   (0)     13  : 0.1575 0.0252 0.7813 0.0120 0.0190 0.0050
1154     1154   (0)     13  : 0.3574 0.0050 0.6246 0.0040 0.0040 0.0050
1155     1155   (0)     13  : 0.3387 0.0050 0.6423 0.0030 0.0040 0.0070
1156     1156   (0)     13  : 0.2502 0.0020 0.7406 0.0020 0.0030 0.0022
1157     1157   (0)     13  : 0.2171 0.0060 0.7559 0.0040 0.0130 0.0040
1158     1158   (0)     13  : 0.2580 0.0060 0.7070 0.0040 0.0040 0.0210
1159     1159   (0)     13  : 0.2160 0.0080 0.7630 0.0030 0.0030 0.0070
1160     1160   (0)     13  : 0.0190 0.0230 0.9370 0.0140 0.0040 0.0030
1161     1161   (0)     13  : 0.0190 0.0020 0.9377 0.0070 0.0090 0.0252
1162     1162   (0)     13  : 0.2478 0.0040 0.7177 0.0040 0.0226 0.0040
1163     1163   (0)     13  : 0.4177 0.0030 0.5713 0.0020 0.0030 0.0030
1164     1164   (0)     13  : 0.2091 0.0020 0.7809 0.0030 0.0020 0.0030
1165     1165   (0)     13  : 0.0580 0.2982 0.6190 0.0110 0.0040 0.0098
1166     1166   (0)     13  : 0.2004 0.0040 0.7866 0.0020 0.0040 0.0030
1167     1167   (0)     13  : 0.1393 0.1025 0.6964 0.0528 0.0040 0.0050
1168     1168   (0)     13  : 0.3424 0.0020 0.6456 0.0020 0.0050 0.0030
1169     1169   (0)     13  : 0.1769 0.0030 0.8042 0.0050 0.0040 0.0070
1170     1170   (0)     13  : 0.3095 0.0120 0.6581 0.0040 0.0090 0.0074
1171     1171   (0)     13  : 0.2336 0.0030 0.7249 0.0060 0.0050 0.0274
1172     1172   (0)     13  : 0.2345 0.0040 0.7444 0.0100 0.0030 0.0040
1173     1173   (0)     13  : 0.0614 0.0060 0.8946 0.0020 0.0030 0.0330
1174     1174   (0)     13  : 0.2324 0.0110 0.7410 0.0040 0.0046 0.0070
1175     1175   (0)     13  : 0.2352 0.0040 0.7428 0.0060 0.0060 0.0060
1176     1176   (0)     13  : 0.1773 0.0210 0.7322 0.0030 0.0390 0.0274
1177     1177   (0)     13  : 0.2209 0.0030 0.7691 0.0030 0.0020 0.0020
1178     1178   (0)     13  : 0.3415 0.0040 0.6445 0.0030 0.0040 0.0030
1179     1179   (0)     13  : 0.0700 0.0042 0.8946 0.0060 0.0082 0.0170
1180     1180   (0)     13  : 0.0740 0.0050 0.8887 0.0040 0.0114 0.0170
1181     1181   (0)     13  : 0.0302 0.0090 0.9128 0.0220 0.0220 0.0040
1182     1182   (0)     13  : 0.0170 0.0020 0.9740 0.0020 0.0030 0.0020
1183     1183   (0)     13  : 0.1581 0.0020 0.8289 0.0040 0.0040 0.0030
1184     1184   (0)     13  : 0.4146 0.0040 0.5683 0.0030 0.0060 0.0040
1185     1185   (0)     13  : 0.1380 0.1158 0.5657 0.0230 0.0106 0.1468
1186     1186   (0)     13  : 0.0080 0.0030 0.9760 0.0030 0.0050 0.0050
1187     1187   (0)     13  : 0.0274 0.0100 0.9286 0.0080 0.0120 0.0140
1188     1188   (0)     13  : 0.2615 0.0020 0.7257 0.0028 0.0040 0.0040
1189     1189   (0)     13  : 0.0194 0.0040 0.9556 0.0110 0.0070 0.0030
1190     1190   (0)     13  : 0.2195 0.0024 0.7711 0.0020 0.0030 0.0020
1191     1191   (0)     13  : 0.0080 0.0220 0.9177 0.0140 0.0072 0.0310
1192     1192   (0)     13  : 0.2476 0.0030 0.7425 0.0020 0.0020 0.0030
1193     1193   (0)     13  : 0.2400 0.0040 0.7379 0.0110 0.0030 0.0040
1194     1194   (0)     13  : 0.2844 0.0050 0.6886 0.0090 0.0070 0.0060
1195     1195   (0)     13  : 0.2757 0.0236 0.6887 0.0030 0.0040 0.0050
1196     1196   (0)     13  : 0.0706 0.0190 0.8561 0.0050 0.0172 0.0320
1197     1197   (0)     13  : 0.2260 0.0060 0.7538 0.0052 0.0040 0.0050
1198     1198   (0)     13  : 0.0328 0.0540 0.8970 0.0020 0.0052 0.0090
1199     1199   (0)     13  : 0.1048 0.0050 0.8504 0.0026 0.0060 0.0312
1200     1200   (0)     13  : 0.0100 0.0460 0.9046 0.0070 0.0114 0.0210
1201     1201   (0)     13  : 0.2669 0.0020 0.7211 0.0020 0.0050 0.0030
1202     1202   (0)     13  : 0.3695 0.0050 0.5874 0.0050 0.0270 0.0060
1203     1203   (0)     13  : 0.2244 0.0330 0.7185 0.0070 0.0060 0.0110
1204     1204   (0)     13  : 0.2188 0.0020 0.7652 0.0030 0.0080 0.0030
1205     1205   (0)     13  : 0.2532 0.0030 0.7348 0.0020 0.0040 0.0030
1206     1206   (0)     13  : 0.0120 0.0340 0.9158 0.0074 0.0040 0.0268
1207     1207   (0)     13  : 0.0522 0.0726 0.7876 0.0222 0.0262 0.0392
1208     1208   (0)     13  : 0.2302 0.0028 0.7329 0.0020 0.0290 0.0030
1209     1209   (0)     14  : 0.1880 0.0060 0.0030 0.0667 0.7243 0.0120
1210     1210   (0)     14  : 0.3595 0.0130 0.0144 0.0140 0.5819 0.0172
1211     1211   (0)     14  : 0.0974 0.0350 0.0080 0.0094 0.8452 0.0050
1212     1212   (0)     14  : 0.1910 0.0080 0.0040 0.0070 0.7860 0.0040
1213     1213   (0)     14  : 0.0480 0.0040 0.0034 0.0050 0.8953 0.0442
1214     1214   (0)     14  : 0.2171 0.0166 0.0190 0.0090 0.7284 0.0100
1215     1215   (0)     14  : 0.0446 0.1589 0.0070 0.0847 0.6996 0.0052
1216     1216   (0)     14  : 0.0192 0.0130 0.0030 0.0050 0.9398 0.0200
1217     1217   (0)     14  : 0.3035 0.0050 0.0040 0.0030 0.6755 0.0090
1218     1218   (0)     14  : 0.3682 0.0066 0.0030 0.0050 0.6072 0.0100
1219     1219   (0)     14  : 0.4028 0.0030 0.0080 0.0030 0.5782 0.0050
1220     1220   (0)     14  : 0.2150 0.0030 0.0020 0.0030 0.7730 0.0040
1221     1221   (0)     14  : 0.2995 0.0090 0.0090 0.0080 0.6695 0.0050
1222     1222   (0)     14  : 0.0354 0.0120 0.0040 0.0030 0.9346 0.0110
1223     1223   (0)     14  : 0.0116 0.0082 0.0050 0.0160 0.9392 0.0200
1224     1224   (0)     14  : 0.3341 0.0060 0.0020 0.0040 0.6499 0.0040
1225     1225   (0)     14  : 0.2713 0.0120 0.0304 0.0040 0.6515 0.0308
1226     1226   (0)     14  : 0.2164 0.0106 0.0080 0.0060 0.7530 0.0060
1227     1227   (0)     14  : 0.2206 0.0110 0.0040 0.0040 0.7564 0.0040
1228     1228   (0)     14  : 0.0110 0.0040 0.0074 0.0040 0.9706 0.0030
1229     1229   (0)     14  : 0.0140 0.0688 0.0164 0.0220 0.8683 0.0104
1230     1230   (0)     14  : 0.1828 0.0030 0.0030 0.0110 0.7944 0.0058
1231     1231   (0)     14  : 0.0936 0.0080 0.0060 0.0080 0.8284 0.0560
1232     1232   (0)     14  : 0.1715 0.0160 0.0140 0.0040 0.7855 0.0090
1233     1233   (0)     14  : 0.1543 0.0030 0.0066 0.0020 0.8301 0.0040
1234     1234   (0)     14  : 0.4268 0.0050 0.0150 0.0050 0.5392 0.0090
1235     1235   (0)     14  : 0.0252 0.0050 0.0040 0.0090 0.9478 0.0090
1236     1236   (0)     14  : 0.1892 0.0060 0.0040 0.0040 0.7938 0.0030
1237     1237   (0)     14  : 0.0672 0.0090 0.0550 0.0020 0.8528 0.0140
1238     1238   (0)     14  : 0.2687 0.0050 0.0030 0.0040 0.7113 0.0080
1239     1239   (0)     14  : 0.1634 0.0100 0.0030 0.0060 0.7964 0.0212
1240     1240   (0)     14  : 0.0376 0.0917 0.0060 0.0030 0.8213 0.0404
1241     1241   (0)     14  : 0.3975 0.0060 0.0050 0.0038 0.5797 0.0080
1242     1242   (0)     14  : 0.2469 0.0040 0.0050 0.0040 0.7341 0.0060
1243     1243   (0)     14  : 0.3736 0.0030 0.0142 0.0080 0.5962 0.0050
1244     1244   (0)     14  : 0.1739 0.0040 0.0050 0.0020 0.8101 0.0050
1245     1245   (0)     14  : 0.1889 0.0384 0.0222 0.0270 0.7065 0.0170
1246     1246   (0)     14  : 0.0653 0.0030 0.0050 0.0170 0.7908 0.1189
1247     1247   (0)     14  : 0.0386 0.0060 0.0040 0.0030 0.9414 0.0070
1248     1248   (0)     14  : 0.0090 0.0120 0.0346 0.0050 0.9204 0.0190
1249     1249   (0)     14  : 0.1876 0.0040 0.0066 0.0040 0.7938 0.0040
1250     1250   (0)     14  : 0.2282 0.0110 0.0028 0.0062 0.7479 0.0040
1251     1251   (0)     14  : 0.2423 0.0030 0.0030 0.0050 0.7436 0.0030
1252     1252   (0)     14  : 0.0982 0.0058 0.0080 0.0070 0.8631 0.0180
1253     1253   (0)     14  : 0.0384 0.0242 0.0050 0.0060 0.9154 0.0110
1254     1254   (0)     14  : 0.1104 0.0052 0.0336 0.0080 0.8342 0.0086
1255     1255   (0)     14  : 0.3036 0.0080 0.0116 0.0070 0.6578 0.0120
1256     1256   (0)     14  : 0.1694 0.0070 0.0200 0.0030 0.7956 0.0050
1257     1257   (0)     14  : 0.1641 0.0132 0.0120 0.0030 0.7987 0.0090
1258     1258   (0)     14  : 0.0174 0.0060 0.0142 0.0050 0.9434 0.0140
1259     1259   (0)     14  : 0.1271 0.0152 0.0080 0.0020 0.8427 0.0050
1260     1260   (0)     14  : 0.0140 0.0578 0.3599 0.0050 0.5522 0.0110
1261     1261   (0)     14  : 0.2732 0.0070 0.0200 0.0100 0.6830 0.0068
1262     1262   (0)     14  : 0.2304 0.0070 0.0170 0.0030 0.7377 0.0050
1263     1263   (0)     14  : 0.0358 0.0138 0.0030 0.0134 0.9301 0.0040
1264     1264   (0)     14  : 0.0794 0.0060 0.0030 0.0050 0.8128 0.0938
1265     1265   (0)     14  : 0.0894 0.0030 0.0186 0.0030 0.8780 0.0080
1266     1266   (0)     14  : 0.1003 0.0080 0.0060 0.0050 0.8717 0.0090
1267     1267   (0)     14  : 0.1162 0.0060 0.0040 0.0040 0.8619 0.0080
1268     1268   (0)     14  : 0.0774 0.3118 0.0060 0.0070 0.5908 0.0070
1269     1269   (0)     14  : 0.2585 0.0060 0.0236 0.0040 0.6941 0.0138
1270     1270   (0)     14  : 0.0496 0.0040 0.0020 0.0040 0.9374 0.0030
1271     1271   (0)     14  : 0.2288 0.0062 0.0040 0.0050 0.7520 0.0040
1272     1272   (0)     14  : 0.1435 0.0030 0.0060 0.0030 0.8381 0.0064
1273     1273   (0)     14  : 0.0410 0.0674 0.0030 0.0060 0.8622 0.0204
1274     1274   (0)     14  : 0.1312 0.0068 0.0060 0.0040 0.8284 0.0236
1275     1275   (0)     14  : 0.2877 0.0526 0.0050 0.0276 0.5965 0.0306
1276     1276   (0)     14  : 0.0606 0.0476 0.0120 0.0040 0.8709 0.0050
1277     1277   (0)     14  : 0.1328 0.0222 0.0080 0.0050 0.8134 0.0186
1278     1278   (0)     14  : 0.3399 0.0030 0.0130 0.0050 0.6351 0.0040
1279     1279   (0)     14  : 0.0634 0.0150 0.0100 0.0040 0.8651 0.0426
1280     1280   (0)     14  : 0.3224 0.0200 0.0020 0.0210 0.6216 0.0130
1281     1281   (0)     14  : 0.1123 0.0088 0.0100 0.0100 0.8509 0.0080
1282     1282   (0)     14  : 0.2876 0.0184 0.0052 0.0110 0.6612 0.0166
1283     1283   (0)     14  : 0.2486 0.0050 0.0372 0.0090 0.6714 0.0288
1284     1284   (0)     14  : 0.1376 0.1358 0.0050 0.0072 0.7024 0.0120
1285     1285   (0)     14  : 0.0060 0.0040 0.0232 0.0040 0.9596 0.0032
1286     1286   (0)     14  : 0.2393 0.0050 0.0030 0.0220 0.7278 0.0030
1287     1287   (0)     14  : 0.3097 0.0060 0.0100 0.0030 0.6663 0.0050
1288     1288   (0)     14  : 0.2114 0.0050 0.0040 0.0070 0.7686 0.0040
1289     1289   (0)     14  : 0.0040 0.0040 0.0040 0.0040 0.9790 0.0050
1290     1290   (0)     14  : 0.3048 0.0463 0.0080 0.0022 0.6328 0.0060
1291     1291   (0)     14  : 0.0390 0.0050 0.0040 0.0050 0.9050 0.0420
1292     1292   (0)     14  : 0.2910 0.0038 0.0030 0.0040 0.6902 0.0080
1293     1293   (0)     14  : 0.1724 0.0040 0.0070 0.0030 0.8086 0.0050
1294     1294   (0)     14  : 0.1721 0.0050 0.0042 0.0040 0.8007 0.0140
1295     1295   (0)     14  : 0.0204 0.0030 0.0030 0.0022 0.9684 0.0030
1296     1296   (0)     14  : 0.3704 0.0040 0.0020 0.0050 0.6156 0.0030
1297     1297   (0)     14  : 0.0537 0.0434 0.0050 0.0030 0.8759 0.0190
1298     1298   (0)     14  : 0.0260 0.1422 0.0144 0.0056 0.7079 0.1040
1299     1299   (0)     14  : 0.0760 0.0600 0.0070 0.0780 0.7640 0.0150
1300     1300   (0)     14  : 0.2147 0.0030 0.0168 0.0020 0.7595 0.0040
1301     1301   (0)     14  : 0.1947 0.0040 0.0100 0.0050 0.7809 0.0054
1302     1302   (0)     14  : 0.3126 0.0060 0.0030 0.0220 0.6484 0.0080
1303     1303   (0)     14  : 0.1481 0.0130 0.0030 0.0060 0.8239 0.0060
1304     1304   (0)     14  : 0.0424 0.0070 0.0060 0.0140 0.9227 0.0080
1305     1305   (0)     14  : 0.1347 0.0110 0.0040 0.0040 0.8265 0.0198
1306     1306   (0)     14  : 0.0384 0.0100 0.0894 0.0040 0.8303 0.0280
1307     1307   (0)     14  : 0.0300 0.0180 0.0030 0.0070 0.8949 0.0470
1308     1308   (0)     14  : 0.0204 0.0350 0.0040 0.0264 0.9029 0.0112
1309     1309  (10)     15  : 0.0060 0.8924 0.0214 0.0050 0.0342 0.0410
1310     1310   (5)     15  : 0.0050 0.9436 0.0194 0.0130 0.0080 0.0110
1311     1311   (5)     15  : 0.3169 0.2978 0.0568 0.0120 0.0100 0.3064
1312     1312   (5)     15  : 0.0028 0.9640 0.0030 0.0020 0.0040 0.0242
1313     1313  (10)     15  : 0.0482 0.7418 0.0602 0.0200 0.0332 0.0966
1314     1314   (5)     15  : 0.3627 0.3073 0.0908 0.0252 0.0414 0.1727
1315     1315  (10)     15  : 0.0150 0.9202 0.0210 0.0040 0.0300 0.0098
1316     1316   (0)     15  : 0.0070 0.8505 0.0030 0.1186 0.0090 0.0120
1317     1317   (0)     15  : 0.0100 0.9520 0.0170 0.0030 0.0110 0.0070
1318     1318   (0)     15  : 0.0030 0.9790 0.0030 0.0060 0.0040 0.0050
1319     1319   (0)     15  : 0.0060 0.9570 0.0070 0.0060 0.0030 0.0210
1320     1320   (0)     15  : 0.0264 0.9106 0.0430 0.0030 0.0110 0.0060
1321     1321   (0)     15  : 0.0050 0.9760 0.0030 0.0050 0.0050 0.0060
1322     1322   (0)     15  : 0.0292 0.8807 0.0070 0.0050 0.0702 0.0080
1323     1323   (0)     15  : 0.0080 0.7922 0.1026 0.0030 0.0846 0.0096
1324     1324   (0)     15  : 0.0250 0.8124 0.0410 0.0050 0.0800 0.0366
1325     1325   (0)     15  : 0.0472 0.8717 0.0278 0.0050 0.0080 0.0404
1326     1326   (0)     15  : 0.3171 0.5764 0.0420 0.0070 0.0140 0.0434
1327     1327   (0)     15  : 0.0060 0.9690 0.0030 0.0070 0.0080 0.0070
1328     1328   (5)     15  : 0.0090 0.9562 0.0020 0.0238 0.0040 0.0050
1329     1329   (0)     15  : 0.0126 0.8597 0.1036 0.0052 0.0150 0.0040
1330     1330   (0)     15  : 0.0558 0.7626 0.1516 0.0060 0.0080 0.0160
1331     1331   (5)     15  : 0.0080 0.3569 0.0090 0.0130 0.0030 0.6101
1332     1332   (5)     15  : 0.0070 0.9710 0.0020 0.0080 0.0040 0.0080
1333     1333   (0)     15  : 0.1176 0.7851 0.0150 0.0400 0.0342 0.0080
1334     1334   (0)     15  : 0.0374 0.9366 0.0020 0.0060 0.0066 0.0114
1335     1335   (0)     15  : 0.0090 0.8249 0.0642 0.0040 0.0140 0.0839
1336     1336   (0)     15  : 0.0030 0.9764 0.0050 0.0050 0.0050 0.0056
1337     1337   (0)     15  : 0.0020 0.9784 0.0040 0.0056 0.0060 0.0040
1338     1338   (0)     15  : 0.0030 0.9732 0.0030 0.0070 0.0080 0.0058
1339     1339   (0)     15  : 0.0020 0.9790 0.0020 0.0100 0.0030 0.0040
1340     1340   (0)     15  : 0.0060 0.9658 0.0060 0.0030 0.0040 0.0152
1341     1341   (0)     15  : 0.0222 0.8850 0.0070 0.0660 0.0140 0.0058
1342     1342   (0)     15  : 0.0030 0.5585 0.0120 0.0170 0.3909 0.0186
1343     1343   (0)     15  : 0.0098 0.9642 0.0050 0.0050 0.0100 0.0060
1344     1344   (0)     15  : 0.0236 0.9556 0.0050 0.0058 0.0060 0.0040
1345     1345   (0)     15  : 0.1016 0.6843 0.0312 0.0434 0.0552 0.0844
1346     1346   (0)     15  : 0.0030 0.9800 0.0040 0.0050 0.0040 0.0040
1347     1347   (0)     15  : 0.0254 0.8985 0.0050 0.0400 0.0270 0.0040
1348     1348   (0)     15  : 0.0120 0.8798 0.0050 0.0030 0.0220 0.0782
1349     1349   (0)     15  : 0.0040 0.9114 0.0666 0.0020 0.0080 0.0080
1350     1350   (0)     15  : 0.0080 0.8241 0.0368 0.0040 0.0280 0.0991
1351     1351   (0)     16  : 0.0286 0.9350 0.0060 0.0050 0.0040 0.0214
1352     1352   (0)     16  : 0.0090 0.6994 0.0062 0.0050 0.0070 0.2734
1353     1353   (0)     16  : 0.1340 0.8010 0.0060 0.0070 0.0160 0.0360
1354     1354   (0)     16  : 0.2542 0.6850 0.0050 0.0298 0.0060 0.0200
1355     1355   (0)     16  : 0.0020 0.9744 0.0040 0.0050 0.0106 0.0040
1356     1356   (0)     16  : 0.0050 0.9780 0.0040 0.0040 0.0040 0.0050
1357     1357   (0)     16  : 0.0040 0.9800 0.0030 0.0050 0.0030 0.0050
1358     1358   (0)     16  : 0.0020 0.9660 0.0060 0.0030 0.0080 0.0150
1359     1359   (0)     16  : 0.0020 0.9710 0.0060 0.0040 0.0070 0.0100
1360     1360   (0)     16  : 0.0084 0.8283 0.0080 0.0446 0.0070 0.1037
1361     1361   (0)     16  : 0.0050 0.9440 0.0100 0.0030 0.0292 0.0088
1362     1362   (0)     16  : 0.0040 0.9594 0.0060 0.0106 0.0080 0.0120
1363     1363   (0)     16  : 0.0080 0.9276 0.0050 0.0080 0.0382 0.0132
1364     1364   (0)     16  : 0.0284 0.9259 0.0080 0.0050 0.0218 0.0110
1365     1365   (0)     16  : 0.3264 0.6214 0.0070 0.0050 0.0352 0.0050
1366     1366   (0)     16  : 0.0080 0.9480 0.0100 0.0090 0.0090 0.0160
1367     1367   (0)     16  : 0.0080 0.7993 0.0070 0.0050 0.1335 0.0472
1368     1368   (0)     16  : 0.0574 0.8530 0.0150 0.0040 0.0210 0.0496
1369     1369   (0)     16  : 0.0937 0.8833 0.0030 0.0040 0.0080 0.0080
1370     1370   (0)     16  : 0.0078 0.9768 0.0050 0.0034 0.0030 0.0040
1371     1371   (0)     16  : 0.0124 0.9726 0.0020 0.0040 0.0050 0.0040
1372     1372   (0)     16  : 0.1620 0.7862 0.0050 0.0040 0.0186 0.0242
1373     1373   (0)     16  : 0.1389 0.8329 0.0060 0.0040 0.0050 0.0132
1374     1374   (0)     16  : 0.1501 0.8329 0.0040 0.0030 0.0040 0.0060
1375     1375   (0)     16  : 0.1154 0.7627 0.0090 0.0150 0.0060 0.0918
1376     1376   (0)     16  : 0.0120 0.8312 0.0090 0.0060 0.1034 0.0384
1377     1377   (0)     16  : 0.0030 0.9860 0.0030 0.0030 0.0020 0.0030
1378     1378   (0)     16  : 0.1518 0.8112 0.0084 0.0130 0.0040 0.0116
1379     1379   (0)     16  : 0.0154 0.9564 0.0040 0.0140 0.0052 0.0050
1380     1380   (0)     16  : 0.0350 0.9440 0.0060 0.0060 0.0030 0.0060
1381     1381   (0)     16  : 0.0030 0.9810 0.0030 0.0040 0.0030 0.0060
1382     1382   (0)     16  : 0.0070 0.7508 0.0030 0.0030 0.0056 0.2306
1383     1383   (0)     16  : 0.0060 0.9796 0.0040 0.0040 0.0024 0.0040
1384     1384   (0)     16  : 0.0034 0.9624 0.0030 0.0050 0.0192 0.0070
1385     1385   (0)     16  : 0.0756 0.6441 0.0030 0.0110 0.0080 0.2583
1386     1386   (0)     16  : 0.0080 0.9670 0.0030 0.0090 0.0060 0.0070
1387     1387   (0)     16  : 0.1467 0.7126 0.0120 0.0020 0.1217 0.0050
1388     1388   (0)     16  : 0.0030 0.9680 0.0070 0.0040 0.0100 0.0080
1389     1389   (0)     16  : 0.0270 0.5369 0.0382 0.0090 0.0030 0.3859
1390     1390   (0)     16  : 0.0020 0.9880 0.0020 0.0020 0.0030 0.0030
1391     1391   (0)     16  : 0.0576 0.9276 0.0050 0.0040 0.0028 0.0030
1392     1392   (0)     16  : 0.0070 0.9522 0.0138 0.0150 0.0060 0.0060
1393     1393   (0)     16  : 0.0376 0.9438 0.0060 0.0050 0.0040 0.0036
1394     1394   (0)     16  : 0.0440 0.9110 0.0060 0.0170 0.0090 0.0130
1395     1395   (0)     16  : 0.2362 0.7281 0.0040 0.0130 0.0080 0.0108
1396     1396   (0)     16  : 0.0140 0.8647 0.0060 0.0090 0.0923 0.0140
1397     1397   (0)     16  : 0.0320 0.9182 0.0100 0.0142 0.0190 0.0066
1398     1398   (0)     16  : 0.0236 0.8974 0.0080 0.0040 0.0320 0.0350
1399     1399   (0)     16  : 0.0050 0.9782 0.0030 0.0058 0.0040 0.0040
1400     1400   (0)     16  : 0.0030 0.9582 0.0118 0.0030 0.0140 0.0100
1401     1401   (0)     16  : 0.0130 0.9408 0.0072 0.0070 0.0040 0.0280
1402     1402   (0)     16  : 0.1407 0.8181 0.0030 0.0090 0.0214 0.0078
1403     1403   (0)     16  : 0.0748 0.9122 0.0020 0.0040 0.0030 0.0040
1404     1404   (0)     16  : 0.0100 0.9570 0.0050 0.0050 0.0080 0.0150
1405     1405   (0)     16  : 0.0366 0.9176 0.0096 0.0070 0.0190 0.0102
1406     1406   (0)     16  : 0.0114 0.9606 0.0070 0.0070 0.0070 0.0070
1407     1407   (0)     16  : 0.0020 0.9800 0.0050 0.0040 0.0040 0.0050
1408     1408   (0)     16  : 0.0212 0.9628 0.0020 0.0030 0.0060 0.0050
1409     1409   (0)     16  : 0.0030 0.9458 0.0050 0.0030 0.0204 0.0228
1410     1410   (0)     16  : 0.0080 0.9710 0.0040 0.0070 0.0030 0.0070
1411     1411   (0)     16  : 0.0068 0.9744 0.0040 0.0058 0.0040 0.0050
1412     1412   (0)     16  : 0.0020 0.9820 0.0030 0.0030 0.0060 0.0040
1413     1413   (0)     16  : 0.1137 0.8759 0.0020 0.0024 0.0030 0.0030
1414     1414   (0)     16  : 0.1716 0.7784 0.0080 0.0038 0.0132 0.0250
1415     1415   (0)     16  : 0.0853 0.8905 0.0030 0.0060 0.0052 0.0100
1416     1416   (0)     16  : 0.0020 0.9802 0.0030 0.0040 0.0048 0.0060
1417     1417   (0)     16  : 0.0304 0.9262 0.0136 0.0050 0.0168 0.0080
1418     1418   (0)     16  : 0.0704 0.7951 0.0020 0.0050 0.0130 0.1145
1419     1419   (0)     16  : 0.0098 0.9626 0.0030 0.0050 0.0090 0.0106
1420     1420   (0)     16  : 0.0130 0.8036 0.0090 0.0030 0.0180 0.1534
1421     1421   (0)     16  : 0.1307 0.7919 0.0040 0.0626 0.0038 0.0070
1422     1422   (0)     16  : 0.0678 0.8669 0.0070 0.0070 0.0458 0.0056
1423     1423   (0)     16  : 0.0668 0.9040 0.0040 0.0040 0.0078 0.0134
1424     1424   (0)     16  : 0.0230 0.6063 0.0200 0.0110 0.1775 0.1621
1425     1425   (0)     16  : 0.0030 0.9168 0.0030 0.0120 0.0030 0.0622
1426     1426   (0)     16  : 0.0632 0.8234 0.0080 0.0030 0.0060 0.0964
1427     1427   (0)     16  : 0.0040 0.9666 0.0140 0.0020 0.0104 0.0030
1428     1428   (0)     16  : 0.1468 0.8266 0.0090 0.0040 0.0060 0.0076
1429     1429   (0)     16  : 0.1137 0.7506 0.0110 0.0160 0.0917 0.0170
1430     1430   (0)     16  : 0.2044 0.7394 0.0110 0.0040 0.0060 0.0352
1431     1431   (0)     16  : 0.0060 0.9754 0.0050 0.0030 0.0046 0.0060
1432     1432   (0)     16  : 0.0178 0.9576 0.0030 0.0030 0.0066 0.0120
1433     1433   (0)     16  : 0.0040 0.8507 0.0100 0.0050 0.0993 0.0310
1434     1434   (0)     16  : 0.1449 0.8341 0.0060 0.0050 0.0060 0.0040
1435     1435   (0)     16  : 0.1644 0.8028 0.0148 0.0050 0.0060 0.0070
1436     1436   (0)     16  : 0.1678 0.8093 0.0060 0.0060 0.0060 0.0050
1437     1437   (0)     16  : 0.0514 0.9125 0.0080 0.0040 0.0060 0.0180
1438     1438   (0)     16  : 0.0126 0.9412 0.0030 0.0082 0.0080 0.0270
1439     1439   (0)     16  : 0.0030 0.9850 0.0020 0.0050 0.0020 0.0030
1440     1440   (0)     16  : 0.0936 0.8232 0.0060 0.0088 0.0030 0.0654
1441     1441   (0)     16  : 0.0282 0.9509 0.0050 0.0050 0.0030 0.0080
1442     1442   (0)     16  : 0.0170 0.5997 0.0050 0.3183 0.0030 0.0570
1443     1443   (0)     16  : 0.1711 0.8037 0.0040 0.0092 0.0060 0.0060
1444     1444   (0)     16  : 0.0420 0.8430 0.0678 0.0172 0.0070 0.0230
1445     1445   (0)     16  : 0.0076 0.9558 0.0070 0.0140 0.0050 0.0106
1446     1446   (0)     16  : 0.0090 0.8425 0.0070 0.0050 0.0476 0.0889
1447     1447   (0)     16  : 0.0070 0.9726 0.0030 0.0090 0.0044 0.0040
1448     1448   (0)     16  : 0.2186 0.7219 0.0202 0.0114 0.0040 0.0240
1449     1449   (0)     16  : 0.0792 0.8936 0.0050 0.0040 0.0060 0.0122
1450     1450   (0)     16  : 0.0030 0.9730 0.0030 0.0040 0.0130 0.0040
1451     1451   (0)     17  : 0.0140 0.0522 0.0050 0.0180 0.0040 0.9068
1452     1452   (0)     17  : 0.0100 0.0030 0.0336 0.0050 0.0150 0.9334
1453     1453   (0)     17  : 0.0410 0.0086 0.0020 0.0020 0.0056 0.9408
1454     1454   (0)     17  : 0.0030 0.0030 0.0040 0.0030 0.0030 0.9840
1455     1455   (0)     17  : 0.0050 0.0040 0.0080 0.0020 0.0030 0.9780
1456     1456   (0)     17  : 0.0020 0.0050 0.0030 0.0020 0.0040 0.9840
1457     1457   (0)     17  : 0.0030 0.0070 0.0060 0.0150 0.0150 0.9540
1458     1458   (0)     17  : 0.0042 0.0070 0.0188 0.0040 0.0100 0.9560
1459     1459   (0)     17  : 0.0030 0.0030 0.0030 0.0030 0.0030 0.9850
1460     1460   (0)     17  : 0.0772 0.0040 0.0030 0.0030 0.0050 0.9078
1461     1461   (0)     17  : 0.0538 0.0120 0.0080 0.0038 0.0050 0.9174
1462     1462   (0)     17  : 0.0126 0.0070 0.0100 0.0020 0.0040 0.9644
1463     1463   (0)     17  : 0.0436 0.0130 0.0230 0.0040 0.0370 0.8794
1464     1464   (0)     17  : 0.1636 0.0050 0.0050 0.0060 0.0030 0.8174
1465     1465   (0)     17  : 0.0142 0.0100 0.0100 0.0120 0.0168 0.9370
1466     1466   (0)     17  : 0.0996 0.0050 0.0604 0.0030 0.0280 0.8041
1467     1467   (0)     17  : 0.0284 0.0090 0.0114 0.0050 0.0060 0.9402
1468     1468   (0)     17  : 0.1580 0.0070 0.0040 0.0140 0.0304 0.7866
1469     1469   (0)     17  : 0.0060 0.0070 0.0040 0.0048 0.0050 0.9732
1470     1470   (0)     17  : 0.0458 0.0080 0.0080 0.0060 0.0234 0.9089
1471     1471   (0)     17  : 0.0100 0.0170 0.0030 0.0020 0.0060 0.9620
1472     1472   (0)     17  : 0.0020 0.0030 0.0020 0.0020 0.0040 0.9870
1473     1473   (0)     17  : 0.0290 0.0040 0.0030 0.0040 0.0030 0.9570
1474     1474   (0)     17  : 0.1196 0.0060 0.0322 0.0110 0.0084 0.8228
1475     1475   (0)     17  : 0.1593 0.0040 0.0454 0.0138 0.0140 0.7635
1476     1476   (0)     17  : 0.0030 0.0060 0.0030 0.0050 0.0030 0.9800
1477     1477   (0)     17  : 0.0857 0.0100 0.0040 0.0030 0.0030 0.8943
1478     1478   (0)     17  : 0.0030 0.0030 0.0050 0.0040 0.0070 0.9780
1479     1479   (0)     17  : 0.0080 0.0060 0.0030 0.0030 0.0040 0.9760
1480     1480   (0)     17  : 0.0354 0.0090 0.0090 0.0040 0.0040 0.9386
1481     1481   (0)     17  : 0.0078 0.0040 0.0030 0.0020 0.0078 0.9754
1482     1482   (0)     17  : 0.0080 0.0230 0.0040 0.0130 0.0218 0.9302
1483     1483   (0)     17  : 0.0370 0.0120 0.0090 0.0060 0.0086 0.9274
1484     1484   (0)     17  : 0.0336 0.0070 0.0100 0.0060 0.0040 0.9394
1485     1485   (0)     17  : 0.0190 0.0646 0.0088 0.0140 0.0050 0.8886
1486     1486   (0)     17  : 0.0172 0.0070 0.0060 0.0030 0.0040 0.9628
1487     1487   (0)     17  : 0.0030 0.0266 0.0070 0.0030 0.0080 0.9524
1488     1488   (0)     17  : 0.1204 0.0120 0.0060 0.0080 0.0090 0.8447
1489     1489   (0)     17  : 0.0080 0.0090 0.0060 0.0060 0.0050 0.9660
1490     1490   (0)     17  : 0.0070 0.0120 0.0050 0.0040 0.0224 0.9496
1491     1491   (0)     17  : 0.0020 0.0822 0.0030 0.0130 0.0100 0.8897
1492     1492   (0)     17  : 0.0040 0.0040 0.0050 0.0020 0.0030 0.9820
1493     1493   (0)     17  : 0.0020 0.0080 0.0030 0.0040 0.0060 0.9770
1494     1494   (0)     17  : 0.0362 0.0058 0.0040 0.0020 0.0060 0.9460
1495     1495   (0)     17  : 0.0210 0.0100 0.0020 0.0230 0.0090 0.9350
1496     1496   (0)     17  : 0.0070 0.0066 0.0508 0.0040 0.0110 0.9206
1497     1497   (0)     17  : 0.0704 0.0070 0.0040 0.0060 0.0060 0.9066
1498     1498   (0)     17  : 0.0182 0.0266 0.0040 0.0030 0.0110 0.9373
1499     1499   (0)     17  : 0.1355 0.0140 0.0040 0.0050 0.0148 0.8267
1500     1500   (0)     17  : 0.0080 0.0080 0.4004 0.0040 0.0040 0.5755
1501     1501   (0)     17  : 0.1831 0.0050 0.0070 0.0040 0.0122 0.7887
1502     1502   (0)     17  : 0.0068 0.0040 0.0060 0.0030 0.0060 0.9742
1503     1503   (0)     17  : 0.0312 0.0040 0.0040 0.0647 0.0060 0.8901
1504     1504   (0)     17  : 0.0030 0.0090 0.0030 0.0110 0.0130 0.9610
1505     1505   (0)     17  : 0.0180 0.0168 0.0274 0.0090 0.0058 0.9230
1506     1506   (0)     17  : 0.0220 0.1363 0.0050 0.0040 0.0154 0.8173
1507     1507   (0)     17  : 0.1038 0.0130 0.0392 0.0030 0.0060 0.8350
1508     1508   (0)     17  : 0.0292 0.0306 0.0050 0.0070 0.0060 0.9223
1509     1509   (0)     17  : 0.0610 0.0080 0.0030 0.0040 0.0040 0.9200
1510     1510   (0)     17  : 0.0430 0.0230 0.0040 0.0030 0.0030 0.9240
1511     1511   (0)     17  : 0.0060 0.0030 0.0050 0.0030 0.0040 0.9790
1512     1512   (0)     17  : 0.0030 0.0060 0.0030 0.0060 0.0070 0.9750
1513     1513   (0)     17  : 0.0040 0.0030 0.0142 0.0036 0.0050 0.9702
1514     1514   (0)     17  : 0.0132 0.0120 0.0220 0.0050 0.1238 0.8240
1515     1515   (0)     17  : 0.0110 0.0124 0.0020 0.0060 0.0050 0.9636
1516     1516   (0)     17  : 0.0234 0.0070 0.0110 0.0040 0.0050 0.9496
1517     1517   (0)     17  : 0.0342 0.0100 0.0060 0.0090 0.0098 0.9310
1518     1518   (0)     17  : 0.0100 0.0040 0.0148 0.0030 0.0050 0.9632
1519     1519   (0)     17  : 0.0020 0.0218 0.0030 0.0130 0.0066 0.9536
1520     1520   (0)     17  : 0.0040 0.0144 0.0050 0.0050 0.0050 0.9666
1521     1521   (0)     17  : 0.0030 0.0060 0.0080 0.0050 0.0096 0.9684
1522     1522   (0)     17  : 0.0144 0.0120 0.0030 0.0060 0.0060 0.9586
1523     1523   (0)     17  : 0.0140 0.0112 0.0960 0.0040 0.0030 0.8718
1524     1524   (0)     17  : 0.0060 0.0110 0.0040 0.0092 0.0070 0.9628
1525     1525   (0)     17  : 0.0242 0.0080 0.0070 0.0050 0.0140 0.9418
1526     1526   (0)     17  : 0.0080 0.0150 0.0336 0.0060 0.0987 0.8387
1527     1527   (0)     17  : 0.0080 0.0090 0.0170 0.0050 0.0090 0.9520
1528     1528   (0)     17  : 0.0100 0.0030 0.0040 0.0030 0.0030 0.9770
1529     1529   (0)     17  : 0.0588 0.0030 0.0078 0.0264 0.0150 0.8890
1530     1530   (0)     17  : 0.0692 0.0060 0.0080 0.0100 0.0544 0.8524
1531     1531   (0)     17  : 0.0318 0.0070 0.0596 0.0060 0.0070 0.8886
1532     1532   (0)     17  : 0.0657 0.0132 0.0020 0.0192 0.1520 0.7479
1533     1533   (0)     17  : 0.0050 0.0070 0.0154 0.0030 0.0130 0.9566
1534     1534   (0)     17  : 0.0144 0.0050 0.0040 0.0030 0.0040 0.9696
1535     1535   (0)     17  : 0.0060 0.0060 0.0060 0.0050 0.0034 0.9736
1536     1536   (0)     17  : 0.0048 0.0909 0.0050 0.0090 0.0348 0.8555
1537     1537   (0)     17  : 0.0052 0.1740 0.0040 0.0080 0.0160 0.7928
1538     1538   (0)     17  : 0.0040 0.0050 0.0050 0.0040 0.0100 0.9720
1539     1539   (0)     17  : 0.0040 0.0060 0.0020 0.0030 0.0040 0.9810
1540     1540   (0)     17  : 0.2300 0.0054 0.0206 0.0060 0.0060 0.7320
1541     1541   (0)     17  : 0.0236 0.0050 0.0060 0.0120 0.0040 0.9494
1542     1542   (0)     17  : 0.0020 0.0030 0.0030 0.0020 0.0130 0.9770
1543     1543   (0)     17  : 0.0542 0.0100 0.0040 0.0040 0.0100 0.9178
1544     1544   (0)     17  : 0.0040 0.0030 0.0136 0.0050 0.0070 0.9674
1545     1545   (0)     17  : 0.0799 0.0266 0.0060 0.0070 0.0040 0.8765
1546     1546   (0)     17  : 0.0318 0.0094 0.0050 0.0030 0.0030 0.9478
1547     1547   (0)     17  : 0.0266 0.0050 0.0030 0.0020 0.0048 0.9586
1548     1548   (0)     17  : 0.0180 0.0050 0.0050 0.0030 0.0080 0.9610
1549     1549   (0)     17  : 0.0096 0.0060 0.0058 0.0060 0.0040 0.9686
1550     1550   (0)     17  : 0.0120 0.0622 0.0030 0.0796 0.0048 0.8385
1551     1551   (0)     18  : 0.0020 0.0030 0.0030 0.9840 0.0040 0.0040
1552     1552   (0)     18  : 0.1030 0.0120 0.0040 0.8540 0.0200 0.0070
1553     1553   (0)     18  : 0.0020 0.0020 0.0020 0.9900 0.0020 0.0020
1554     1554   (0)     18  : 0.0020 0.0030 0.0020 0.9860 0.0020 0.0050
1555     1555   (0)     18  : 0.0030 0.0030 0.0020 0.9860 0.0030 0.0030
1556     1556   (0)     18  : 0.0094 0.0020 0.0020 0.9806 0.0030 0.0030
1557     1557   (0)     18  : 0.1605 0.0154 0.0040 0.7843 0.0180 0.0178
1558     1558   (0)     18  : 0.0100 0.0050 0.0130 0.9410 0.0290 0.0020
1559     1559   (0)     18  : 0.0030 0.0030 0.0020 0.9850 0.0050 0.0020
1560     1560   (0)     18  : 0.2042 0.0040 0.0040 0.7768 0.0060 0.0050
1561     1561   (0)     18  : 0.0292 0.0080 0.0020 0.9518 0.0040 0.0050
1562     1562   (0)     18  : 0.1580 0.0078 0.0050 0.8222 0.0020 0.0050
1563     1563   (0)     18  : 0.0070 0.0090 0.0340 0.8271 0.1169 0.0060
1564     1564   (0)     18  : 0.0256 0.0170 0.0030 0.9394 0.0080 0.0070
1565     1565   (0)     18  : 0.0040 0.0040 0.0030 0.9820 0.0020 0.0050
1566     1566   (0)     18  : 0.0600 0.0030 0.0020 0.9310 0.0020 0.0020
1567     1567   (0)     18  : 0.0546 0.0128 0.0260 0.9016 0.0020 0.0030
1568     1568   (0)     18  : 0.0120 0.0050 0.0398 0.9092 0.0070 0.0270
1569     1569   (0)     18  : 0.0210 0.0030 0.0040 0.9470 0.0180 0.0070
1570     1570   (0)     18  : 0.0020 0.0030 0.0020 0.9860 0.0020 0.0050
1571     1571   (0)     18  : 0.0062 0.0080 0.0020 0.9758 0.0050 0.0030
1572     1572   (0)     18  : 0.2093 0.0060 0.0030 0.7747 0.0030 0.0040
1573     1573   (0)     18  : 0.0100 0.0262 0.0020 0.9151 0.0062 0.0404
1574     1574   (0)     18  : 0.0030 0.0050 0.0084 0.9386 0.0400 0.0050
1575     1575   (0)     18  : 0.0040 0.0040 0.0160 0.9680 0.0020 0.0060
1576     1576   (0)     18  : 0.0796 0.0088 0.0040 0.8957 0.0070 0.0050
1577     1577   (0)     18  : 0.0190 0.0080 0.0110 0.9260 0.0280 0.0080
1578     1578   (0)     18  : 0.0210 0.0080 0.0030 0.8868 0.0348 0.0464
1579     1579   (0)     18  : 0.0030 0.0030 0.0030 0.9860 0.0020 0.0030
1580     1580   (0)     18  : 0.1290 0.0172 0.0040 0.8168 0.0290 0.0040
1581     1581   (0)     18  : 0.0030 0.0040 0.0020 0.9840 0.0040 0.0030
1582     1582   (0)     18  : 0.0050 0.0030 0.0020 0.9830 0.0030 0.0040
1583     1583   (0)     18  : 0.1278 0.0140 0.0124 0.8188 0.0140 0.0130
1584     1584   (0)     18  : 0.1175 0.0030 0.0020 0.8695 0.0020 0.0060
1585     1585   (0)     18  : 0.1188 0.0050 0.0096 0.8506 0.0090 0.0070
1586     1586   (0)     18  : 0.0724 0.0052 0.0030 0.9144 0.0020 0.0030
1587     1587   (0)     18  : 0.0442 0.0040 0.0270 0.9008 0.0200 0.0040
1588     1588   (0)     18  : 0.1739 0.0030 0.0060 0.8111 0.0030 0.0030
1589     1589   (0)     18  : 0.0280 0.0030 0.0070 0.9560 0.0030 0.0030
1590     1590   (0)     18  : 0.0020 0.0030 0.0010 0.9900 0.0020 0.0020
1591     1591   (0)     18  : 0.0020 0.0030 0.0030 0.9850 0.0030 0.0040
1592     1592   (0)     18  : 0.1917 0.0110 0.0090 0.7731 0.0050 0.0102
1593     1593   (0)     18  : 0.1308 0.0046 0.0020 0.8576 0.0030 0.0020
1594     1594   (0)     18  : 0.0560 0.0070 0.0020 0.9087 0.0040 0.0222
1595     1595   (0)     18  : 0.1716 0.0040 0.0040 0.8150 0.0024 0.0030
1596     1596   (0)     18  : 0.0664 0.0064 0.0030 0.9192 0.0030 0.0020
1597     1597   (0)     18  : 0.2152 0.0100 0.0030 0.7638 0.0040 0.0040
1598     1598   (0)     18  : 0.0080 0.0020 0.0010 0.9850 0.0020 0.0020
1599     1599   (0)     18  : 0.2983 0.0020 0.0020 0.6897 0.0050 0.0030
1600     1600   (0)     18  : 0.0060 0.0070 0.0040 0.9770 0.0030 0.0030
1601     1601   (0)     18  : 0.1429 0.0050 0.0030 0.8391 0.0050 0.0050
1602     1602   (0)     18  : 0.0482 0.0248 0.0020 0.9060 0.0040 0.0150
1603     1603   (0)     18  : 0.1197 0.0050 0.0020 0.8653 0.0050 0.0030
1604     1604   (0)     18  : 0.1964 0.0060 0.0040 0.7836 0.0030 0.0070
1605     1605   (0)     18  : 0.2084 0.0040 0.0030 0.7646 0.0120 0.0080
1606     1606   (0)     18  : 0.1630 0.0030 0.0040 0.8176 0.0064 0.0060
1607     1607   (0)     18  : 0.2285 0.0038 0.0030 0.7567 0.0030 0.0050
1608     1608   (0)     18  : 0.2019 0.0040 0.0030 0.7861 0.0020 0.0030
1609     1609   (0)     18  : 0.0050 0.0040 0.0030 0.9830 0.0030 0.0020
1610     1610   (0)     18  : 0.0040 0.0040 0.0030 0.9830 0.0030 0.0030
1611     1611   (0)     18  : 0.0854 0.0030 0.0030 0.9026 0.0030 0.0030
1612     1612   (0)     18  : 0.0020 0.0020 0.0020 0.9900 0.0020 0.0020
1613     1613   (0)     18  : 0.0030 0.0060 0.0090 0.9714 0.0076 0.0030
1614     1614   (0)     18  : 0.1431 0.0050 0.0040 0.8319 0.0070 0.0090
1615     1615   (0)     18  : 0.1681 0.0050 0.0066 0.8073 0.0060 0.0070
1616     1616   (0)     18  : 0.0622 0.0030 0.0174 0.9023 0.0120 0.0030
1617     1617   (0)     18  : 0.0050 0.0332 0.0010 0.9498 0.0020 0.0090
1618     1618   (0)     18  : 0.1187 0.0046 0.0090 0.8385 0.0230 0.0062
1619     1619   (0)     18  : 0.2112 0.0040 0.0090 0.7658 0.0070 0.0030
1620     1620   (0)     18  : 0.1224 0.0030 0.0020 0.8587 0.0090 0.0050
1621     1621   (0)     18  : 0.1124 0.0030 0.0020 0.8697 0.0090 0.0040
1622     1622   (0)     18  : 0.0214 0.0230 0.0060 0.8944 0.0482 0.0070
1623     1623   (0)     18  : 0.0120 0.0030 0.0020 0.9764 0.0030 0.0036
1624     1624   (0)     18  : 0.0116 0.0034 0.0088 0.9722 0.0020 0.0020
1625     1625   (0)     18  : 0.1220 0.0100 0.0020 0.8570 0.0050 0.0040
1626     1626   (0)     18  : 0.2479 0.0030 0.0020 0.7371 0.0030 0.0070
1627     1627   (0)     18  : 0.1201 0.0050 0.0090 0.8449 0.0040 0.0170
1628     1628   (0)     18  : 0.0814 0.0136 0.0040 0.8955 0.0026 0.0030
1629     1629   (0)     18  : 0.2080 0.0040 0.0020 0.7800 0.0030 0.0030
1630     1630   (0)     18  : 0.0030 0.0020 0.0040 0.9870 0.0020 0.0020
1631     1631   (0)     18  : 0.1414 0.0308 0.0080 0.8128 0.0030 0.0040
1632     1632   (0)     18  : 0.1120 0.0040 0.0040 0.8690 0.0080 0.0030
1633     1633   (0)     18  : 0.0867 0.0092 0.0050 0.8871 0.0060 0.0060
1634     1634   (0)     18  : 0.1027 0.0070 0.0030 0.8581 0.0040 0.0252
1635     1635   (0)     18  : 0.0050 0.0030 0.0020 0.9860 0.0020 0.0020
1636     1636   (0)     18  : 0.1645 0.0128 0.0040 0.8080 0.0058 0.0050
1637     1637   (0)     18  : 0.0260 0.0040 0.0020 0.9283 0.0170 0.0228
1638     1638   (0)     18  : 0.1006 0.0030 0.0020 0.8884 0.0030 0.0030
1639     1639   (0)     18  : 0.0050 0.0240 0.0030 0.9411 0.0060 0.0210
1640     1640   (0)     18  : 0.1397 0.0040 0.0138 0.8125 0.0250 0.0050
1641     1641   (0)     18  : 0.0046 0.0030 0.0030 0.9744 0.0030 0.0120
1642     1642   (0)     18  : 0.0212 0.0080 0.0030 0.9548 0.0070 0.0060
1643     1643   (0)     18  : 0.0080 0.0050 0.0144 0.9466 0.0108 0.0152
1644     1644   (0)     18  : 0.1632 0.0150 0.0070 0.7828 0.0170 0.0150
1645     1645   (0)     18  : 0.0040 0.0072 0.0040 0.9778 0.0030 0.0040
1646     1646   (0)     18  : 0.1130 0.0030 0.0040 0.8671 0.0070 0.0060
1647     1647   (0)     18  : 0.0476 0.0140 0.0060 0.8738 0.0372 0.0214
1648     1648   (0)     18  : 0.0136 0.0100 0.0030 0.9436 0.0048 0.0250
1649     1649   (0)     18  : 0.0270 0.0060 0.0030 0.9550 0.0030 0.0060
1650     1650   (0)     18  : 0.0020 0.0020 0.0020 0.9860 0.0050 0.0030
1651     1651   (0)     19  : 0.1165 0.0040 0.8595 0.0090 0.0080 0.0030
1652     1652   (0)     19  : 0.0164 0.0792 0.8924 0.0060 0.0020 0.0040
1653     1653   (0)     19  : 0.0714 0.0048 0.8989 0.0140 0.0060 0.0050
1654     1654   (0)     19  : 0.1066 0.0100 0.8185 0.0040 0.0050 0.0560
1655     1655   (0)     19  : 0.1228 0.0030 0.8633 0.0020 0.0030 0.0060
1656     1656   (0)     19  : 0.0308 0.0030 0.9572 0.0020 0.0040 0.0030
1657     1657   (0)     19  : 0.1864 0.0030 0.8006 0.0030 0.0030 0.0040
1658     1658   (0)     19  : 0.0278 0.0030 0.9612 0.0030 0.0020 0.0030
1659     1659   (0)     19  : 0.0030 0.0020 0.9870 0.0020 0.0040 0.0020
1660     1660   (0)     19  : 0.0272 0.0030 0.9598 0.0040 0.0020 0.0040
1661     1661   (0)     19  : 0.0116 0.0130 0.9178 0.0324 0.0110 0.0142
1662     1662   (0)     19  : 0.0030 0.0040 0.9804 0.0030 0.0050 0.0046
1663     1663   (0)     19  : 0.0617 0.0020 0.9233 0.0020 0.0050 0.0060
1664     1664   (0)     19  : 0.0120 0.0040 0.9354 0.0040 0.0060 0.0386
1665     1665   (0)     19  : 0.0298 0.0104 0.9478 0.0060 0.0030 0.0030
1666     1666   (0)     19  : 0.1935 0.0040 0.7885 0.0090 0.0030 0.0020
1667     1667   (0)     19  : 0.0512 0.0020 0.9237 0.0070 0.0130 0.0030
1668     1668   (0)     19  : 0.0777 0.0030 0.8983 0.0020 0.0070 0.0120
1669     1669   (0)     19  : 0.0410 0.0210 0.8935 0.0126 0.0190 0.0130
1670     1670   (0)     19  : 0.0030 0.0030 0.9810 0.0030 0.0070 0.0030
1671     1671   (0)     19  : 0.0284 0.0032 0.9534 0.0020 0.0050 0.0080
1672     1672   (0)     19  : 0.0060 0.0030 0.9264 0.0050 0.0296 0.0300
1673     1673   (0)     19  : 0.2773 0.0020 0.7087 0.0050 0.0040 0.0030
1674     1674   (0)     19  : 0.2072 0.0100 0.7758 0.0030 0.0020 0.0020
1675     1675   (0)     19  : 0.2354 0.0050 0.7204 0.0068 0.0274 0.0050
1676     1676   (0)     19  : 0.0644 0.0030 0.8947 0.0024 0.0050 0.0304
1677     1677   (0)     19  : 0.0060 0.0060 0.9594 0.0030 0.0186 0.0070
1678     1678   (0)     19  : 0.0502 0.0290 0.8796 0.0042 0.0260 0.0110
1679     1679   (0)     19  : 0.0160 0.0072 0.9228 0.0030 0.0360 0.0150
1680     1680   (0)     19  : 0.0102 0.0560 0.8645 0.0020 0.0352 0.0320
1681     1681   (0)     19  : 0.1272 0.0030 0.8588 0.0020 0.0030 0.0060
1682     1682   (0)     19  : 0.0242 0.0310 0.8531 0.0080 0.0726 0.0110
1683     1683   (0)     19  : 0.2094 0.0128 0.7648 0.0040 0.0050 0.0040
1684     1684   (0)     19  : 0.0020 0.0030 0.9830 0.0040 0.0040 0.0040
1685     1685   (0)     19  : 0.1926 0.0020 0.7964 0.0030 0.0030 0.0030
1686     1686   (0)     19  : 0.0987 0.0020 0.8861 0.0040 0.0062 0.0030
1687     1687   (0)     19  : 0.0692 0.0250 0.8928 0.0020 0.0040 0.0070
1688     1688   (0)     19  : 0.0100 0.0020 0.9810 0.0020 0.0030 0.0020
1689     1689   (0)     19  : 0.0969 0.0020 0.8921 0.0020 0.0030 0.0040
1690     1690   (0)     19  : 0.0252 0.0190 0.8942 0.0130 0.0426 0.0060
1691     1691   (0)     19  : 0.2620 0.0030 0.7240 0.0040 0.0040 0.0030
1692     1692   (0)     19  : 0.0134 0.0070 0.9376 0.0170 0.0200 0.0050
1693     1693   (0)     19  : 0.0324 0.0084 0.9434 0.0028 0.0080 0.0050
1694     1694   (0)     19  : 0.0937 0.0090 0.7507 0.1063 0.0030 0.0374
1695     1695   (0)     19  : 0.0290 0.0140 0.9149 0.0272 0.0040 0.0110
1696     1696   (0)     19  : 0.0584 0.0566 0.8671 0.0040 0.0040 0.0100
1697     1697   (0)     19  : 0.0020 0.0020 0.9880 0.0020 0.0040 0.0020
1698     1698   (0)     19  : 0.0040 0.0020 0.9850 0.0030 0.0030 0.0030
1699     1699   (0)     19  : 0.1515 0.0046 0.8309 0.0030 0.0070 0.0030
1700     1700   (0)     19  : 0.0917 0.0020 0.8963 0.0040 0.0030 0.0030
1701     1701   (0)     19  : 0.2402 0.0050 0.7449 0.0020 0.0050 0.0030
1702     1702   (0)     19  : 0.0200 0.0080 0.9386 0.0120 0.0130 0.0084
1703     1703   (0)     19  : 0.0794 0.0040 0.9006 0.0090 0.0030 0.0040
1704     1704   (0)     19  : 0.0262 0.0100 0.9431 0.0076 0.0050 0.0080
1705     1705   (0)     19  : 0.0020 0.0030 0.9860 0.0020 0.0040 0.0030
1706     1706   (0)     19  : 0.0516 0.0080 0.9174 0.0040 0.0100 0.0090
1707     1707   (0)     19  : 0.0456 0.0070 0.8042 0.0020 0.1262 0.0150
1708     1708   (0)     19  : 0.1154 0.0020 0.8746 0.0020 0.0030 0.0030
1709     1709   (0)     19  : 0.0080 0.0030 0.9740 0.0050 0.0060 0.0040
1710     1710   (0)     19  : 0.0132 0.0040 0.9468 0.0110 0.0060 0.0190
1711     1711   (0)     19  : 0.0506 0.0040 0.9322 0.0050 0.0052 0.0030
1712     1712   (0)     19  : 0.0194 0.0020 0.9696 0.0020 0.0040 0.0030
1713     1713   (0)     19  : 0.2294 0.0030 0.7586 0.0030 0.0020 0.0040
1714     1714   (0)     19  : 0.0124 0.0310 0.9406 0.0050 0.0030 0.0080
1715     1715   (0)     19  : 0.0090 0.0040 0.9770 0.0050 0.0020 0.0030
1716     1716   (0)     19  : 0.2436 0.0100 0.7335 0.0030 0.0040 0.0060
1717     1717   (0)     19  : 0.0200 0.0090 0.9376 0.0020 0.0216 0.0098
1718     1718   (0)     19  : 0.0537 0.0130 0.9201 0.0040 0.0032 0.0060
1719     1719   (0)     19  : 0.0150 0.0050 0.9304 0.0046 0.0200 0.0250
1720     1720   (0)     19  : 0.0290 0.0150 0.9282 0.0040 0.0168 0.0070
1721     1721   (0)     19  : 0.0034 0.0040 0.9706 0.0120 0.0070 0.0030
1722     1722   (0)     19  : 0.0030 0.0030 0.9820 0.0040 0.0050 0.0030
1723     1723   (0)     19  : 0.0254 0.0020 0.9636 0.0020 0.0030 0.0040
1724     1724   (0)     19  : 0.1361 0.0040 0.8499 0.0030 0.0020 0.0050
1725     1725   (0)     19  : 0.0214 0.0020 0.9686 0.0020 0.0030 0.0030
1726     1726   (0)     19  : 0.1255 0.0090 0.8405 0.0050 0.0160 0.0040
1727     1727   (0)     19  : 0.0110 0.0020 0.9804 0.0010 0.0036 0.0020
1728     1728   (0)     19  : 0.0138 0.0020 0.9762 0.0020 0.0030 0.0030
1729     1729   (0)     19  : 0.0160 0.0226 0.9354 0.0050 0.0120 0.0090
1730     1730   (0)     19  : 0.1394 0.0020 0.8512 0.0020 0.0034 0.0020
1731     1731   (0)     19  : 0.0518 0.0110 0.9182 0.0060 0.0100 0.0030
1732     1732   (0)     19  : 0.0568 0.0138 0.9135 0.0020 0.0050 0.0090
1733     1733   (0)     19  : 0.2283 0.0050 0.7509 0.0058 0.0050 0.0050
1734     1734   (0)     19  : 0.0566 0.0148 0.9010 0.0126 0.0030 0.0120
1735     1735   (0)     19  : 0.0030 0.0020 0.9870 0.0030 0.0020 0.0030
1736     1736   (0)     19  : 0.0150 0.0260 0.9188 0.0040 0.0140 0.0222
1737     1737   (0)     19  : 0.0168 0.0038 0.9684 0.0030 0.0030 0.0050
1738     1738   (0)     19  : 0.0468 0.0100 0.8846 0.0398 0.0040 0.0148
1739     1739   (0)     19  : 0.0946 0.0080 0.8714 0.0090 0.0110 0.0060
1740     1740   (0)     19  : 0.1465 0.0050 0.8113 0.0110 0.0142 0.0120
1741     1741   (0)     19  : 0.0870 0.0090 0.8914 0.0020 0.0076 0.0030
1742     1742   (0)     19  : 0.1156 0.0100 0.8484 0.0050 0.0150 0.0060
1743     1743   (0)     19  : 0.0140 0.0046 0.9684 0.0020 0.0080 0.0030
1744     1744   (0)     19  : 0.0230 0.0040 0.9670 0.0020 0.0020 0.0020
1745     1745   (0)     19  : 0.0458 0.0060 0.9182 0.0160 0.0050 0.0090
1746     1746   (0)     19  : 0.0030 0.0030 0.9840 0.0030 0.0040 0.0030
1747     1747   (0)     19  : 0.0330 0.0050 0.9330 0.0050 0.0140 0.0100
1748     1748   (0)     19  : 0.0040 0.0020 0.9850 0.0020 0.0040 0.0030
1749     1749   (0)     19  : 0.0060 0.0020 0.9844 0.0020 0.0030 0.0026
1750     1750   (0)     19  : 0.0020 0.0020 0.9880 0.0030 0.0030 0.0020
1751     1751   (0)     20  : 0.2186 0.0090 0.0060 0.0050 0.7544 0.0070
1752     1752   (0)     20  : 0.0030 0.0080 0.0150 0.0050 0.9640 0.0050
1753     1753   (0)     20  : 0.1010 0.0050 0.0020 0.0062 0.8788 0.0070
1754     1754   (0)     20  : 0.0194 0.0278 0.0050 0.0080 0.9270 0.0128
1755     1755   (0)     20  : 0.0140 0.0060 0.0040 0.1082 0.8608 0.0070
1756     1756   (0)     20  : 0.0050 0.0040 0.0050 0.0060 0.9752 0.0048
1757     1757   (0)     20  : 0.0050 0.0030 0.0040 0.0050 0.9770 0.0060
1758     1758   (0)     20  : 0.0126 0.0050 0.0070 0.0060 0.9600 0.0094
1759     1759   (0)     20  : 0.1110 0.0876 0.0040 0.0100 0.7825 0.0050
1760     1760   (0)     20  : 0.0894 0.0040 0.0090 0.0030 0.8766 0.0180
1761     1761   (0)     20  : 0.0356 0.0040 0.0090 0.0080 0.9404 0.0030
1762     1762   (0)     20  : 0.0178 0.0030 0.0040 0.0030 0.9682 0.0040
1763     1763   (0)     20  : 0.0494 0.0474 0.0050 0.0040 0.8851 0.0090
1764     1764   (0)     20  : 0.1859 0.0192 0.0040 0.0030 0.7848 0.0030
1765     1765   (0)     20  : 0.0110 0.0100 0.0060 0.0040 0.9610 0.0080
1766     1766   (0)     20  : 0.0040 0.0040 0.0040 0.0030 0.9810 0.0040
1767     1767   (0)     20  : 0.0040 0.0030 0.0030 0.0040 0.9816 0.0044
1768     1768   (0)     20  : 0.0020 0.0040 0.0020 0.0038 0.9852 0.0030
1769     1769   (0)     20  : 0.0030 0.0030 0.0020 0.0020 0.9870 0.0030
1770     1770   (0)     20  : 0.0564 0.0046 0.0080 0.0030 0.9090 0.0190
1771     1771   (0)     20  : 0.0100 0.0080 0.0334 0.0030 0.9406 0.0050
1772     1772   (0)     20  : 0.0030 0.0084 0.0030 0.0070 0.9746 0.0040
1773     1773   (0)     20  : 0.0080 0.0514 0.0090 0.0056 0.8930 0.0330
1774     1774   (0)     20  : 0.2098 0.0060 0.0058 0.0134 0.7590 0.0060
1775     1775   (0)     20  : 0.0232 0.0030 0.0180 0.0040 0.9448 0.0070
1776     1776   (0)     20  : 0.0120 0.0360 0.0150 0.0276 0.9037 0.0058
1777     1777   (0)     20  : 0.2599 0.0090 0.0040 0.0080 0.7141 0.0050
1778     1778   (0)     20  : 0.1471 0.0062 0.0030 0.0040 0.8307 0.0090
1779     1779   (0)     20  : 0.0328 0.0046 0.0352 0.0324 0.8730 0.0220
1780     1780   (0)     20  : 0.1477 0.0158 0.0040 0.0060 0.8025 0.0240
1781     1781   (0)     20  : 0.0626 0.0172 0.0078 0.0040 0.8914 0.0170
1782     1782   (0)     20  : 0.0110 0.0040 0.0040 0.0050 0.9720 0.0040
1783     1783   (0)     20  : 0.0822 0.0070 0.0220 0.0466 0.8362 0.0060
1784     1784   (0)     20  : 0.1516 0.0030 0.0040 0.0056 0.8328 0.0030
1785     1785   (0)     20  : 0.0110 0.0050 0.0274 0.0030 0.9456 0.0080
1786     1786   (0)     20  : 0.0542 0.0080 0.0056 0.0030 0.9070 0.0222
1787     1787   (0)     20  : 0.0060 0.0060 0.0030 0.0080 0.9570 0.0200
1788     1788   (0)     20  : 0.2652 0.0100 0.0142 0.0304 0.6681 0.0120
1789     1789   (0)     20  : 0.0174 0.0150 0.0120 0.0050 0.9426 0.0080
1790     1790   (0)     20  : 0.0090 0.0080 0.0114 0.0070 0.9434 0.0212
1791     1791   (0)     20  : 0.0052 0.0046 0.0274 0.0030 0.9466 0.0132
1792     1792   (0)     20  : 0.0374 0.0030 0.0132 0.0034 0.9339 0.0090
1793     1793   (0)     20  : 0.0344 0.0060 0.0100 0.0070 0.9118 0.0308
1794     1794   (0)     20  : 0.1567 0.0060 0.1053 0.0030 0.6712 0.0578
1795     1795   (0)     20  : 0.0060 0.0060 0.0110 0.0040 0.9548 0.0182
1796     1796   (0)     20  : 0.2570 0.0060 0.0562 0.0030 0.6708 0.0070
1797     1797   (0)     20  : 0.0460 0.0136 0.0040 0.0186 0.9108 0.0070
1798     1798   (0)     20  : 0.0110 0.0180 0.0040 0.0975 0.8635 0.0060
1799     1799   (0)     20  : 0.0040 0.0050 0.0060 0.0030 0.9780 0.0040
1800     1800   (0)     20  : 0.0070 0.0050 0.0174 0.0030 0.9576 0.0100
1801     1801   (0)     20  : 0.0272 0.0040 0.0030 0.0450 0.9158 0.0050
1802     1802   (0)     20  : 0.0981 0.0030 0.0020 0.0034 0.8905 0.0030
1803     1803   (0)     20  : 0.0120 0.0030 0.0100 0.0040 0.9622 0.0088
1804     1804   (0)     20  : 0.0092 0.0060 0.0040 0.0100 0.9668 0.0040
1805     1805   (0)     20  : 0.0500 0.0040 0.0030 0.0050 0.9310 0.0070
1806     1806   (0)     20  : 0.0020 0.0040 0.0080 0.0050 0.9760 0.0050
1807     1807   (0)     20  : 0.0150 0.0040 0.0050 0.0060 0.9640 0.0060
1808     1808   (0)     20  : 0.0222 0.0030 0.0070 0.0130 0.9488 0.0060
1809     1809   (0)     20  : 0.0030 0.0020 0.0020 0.0030 0.9870 0.0030
1810     1810   (0)     20  : 0.0408 0.0100 0.0030 0.0158 0.9254 0.0050
1811     1811   (0)     20  : 0.0040 0.0070 0.0026 0.0090 0.9734 0.0040
1812     1812   (0)     20  : 0.1544 0.0140 0.0230 0.0040 0.7938 0.0108
1813     1813   (0)     20  : 0.0122 0.0050 0.0040 0.0020 0.9270 0.0498
1814     1814   (0)     20  : 0.0544 0.1493 0.0030 0.0386 0.7484 0.0062
1815     1815   (0)     20  : 0.0896 0.0040 0.0070 0.0020 0.8934 0.0040
1816     1816   (0)     20  : 0.0930 0.0044 0.0334 0.0030 0.8578 0.0084
1817     1817   (0)     20  : 0.1074 0.0160 0.0030 0.0190 0.8496 0.0050
1818     1818   (0)     20  : 0.0398 0.0230 0.0100 0.0094 0.8958 0.0220
1819     1819   (0)     20  : 0.0060 0.0040 0.0070 0.0030 0.9720 0.0080
1820     1820   (0)     20  : 0.0132 0.0080 0.0030 0.0020 0.9628 0.0110
1821     1821   (0)     20  : 0.0170 0.0572 0.0040 0.0090 0.8701 0.0428
1822     1822   (0)     20  : 0.0206 0.0030 0.0100 0.0050 0.9554 0.0060
1823     1823   (0)     20  : 0.2691 0.0080 0.0030 0.0040 0.7099 0.0060
1824     1824   (0)     20  : 0.0060 0.0490 0.0050 0.0086 0.9214 0.0100
1825     1825   (0)     20  : 0.0324 0.0164 0.0040 0.0040 0.9356 0.0076
1826     1826   (0)     20  : 0.0953 0.0090 0.0100 0.0110 0.8647 0.0100
1827     1827   (0)     20  : 0.0304 0.0280 0.0040 0.0170 0.9126 0.0080
1828     1828   (0)     20  : 0.1975 0.0170 0.0486 0.0070 0.7099 0.0200
1829     1829   (0)     20  : 0.0070 0.0182 0.0030 0.0680 0.8935 0.0102
1830     1830   (0)     20  : 0.0020 0.0030 0.0030 0.0050 0.9830 0.0040
1831     1831   (0)     20  : 0.0390 0.0080 0.0444 0.0020 0.8873 0.0192
1832     1832   (0)     20  : 0.0458 0.0030 0.0100 0.0030 0.9292 0.0090
1833     1833   (0)     20  : 0.0410 0.0110 0.0062 0.0040 0.9257 0.0120
1834     1834   (0)     20  : 0.0060 0.0120 0.0050 0.0160 0.9420 0.0190
1835     1835   (0)     20  : 0.0030 0.0170 0.0020 0.0254 0.9466 0.0060
1836     1836   (0)     20  : 0.0178 0.0070 0.0070 0.0180 0.9412 0.0090
1837     1837   (0)     20  : 0.0040 0.0030 0.0292 0.0030 0.9548 0.0060
1838     1838   (0)     20  : 0.0030 0.0040 0.0034 0.0060 0.9806 0.0030
1839     1839   (0)     20  : 0.0595 0.0030 0.0030 0.0020 0.9165 0.0160
1840     1840   (0)     20  : 0.0060 0.0030 0.0050 0.0040 0.9740 0.0080
1841     1841   (0)     20  : 0.1148 0.0272 0.0164 0.0202 0.8154 0.0060
1842     1842   (0)     20  : 0.0094 0.0070 0.0060 0.0080 0.9656 0.0040
1843     1843   (0)     20  : 0.0180 0.0120 0.0040 0.0040 0.9460 0.0160
1844     1844   (0)     20  : 0.0040 0.0030 0.0130 0.0030 0.9724 0.0046
1845     1845   (0)     20  : 0.0470 0.0040 0.0080 0.0020 0.9340 0.0050
1846     1846   (0)     20  : 0.0392 0.1028 0.0250 0.0040 0.8130 0.0160
1847     1847   (0)     20  : 0.0212 0.0050 0.0090 0.0050 0.9548 0.0050
1848     1848   (0)     20  : 0.1844 0.0060 0.0330 0.0030 0.7412 0.0324
1849     1849   (0)     20  : 0.0030 0.0030 0.0040 0.0080 0.9790 0.0030
1850     1850   (0)     20  : 0.0220 0.0060 0.0062 0.0030 0.9418 0.0210
1851     1851  (10)     21  : 0.0020 0.9688 0.0030 0.0030 0.0112 0.0120
1852     1852   (0)     21  : 0.0040 0.6550 0.0130 0.0032 0.3198 0.0050
1853     1853   (0)     21  : 0.0232 0.9309 0.0030 0.0368 0.0030 0.0030
1854     1854   (0)     21  : 0.0030 0.9790 0.0040 0.0040 0.0050 0.0050
1855     1855   (0)     21  : 0.0048 0.7798 0.1044 0.0030 0.0910 0.0170
1856     1856   (5)     21  : 0.0030 0.6611 0.1432 0.0040 0.0564 0.1324
1857     1857   (0)     21  : 0.0030 0.9660 0.0030 0.0030 0.0090 0.0160
1858     1858   (0)     21  : 0.0040 0.9770 0.0040 0.0020 0.0050 0.0080
1859     1859   (0)     21  : 0.0020 0.8865 0.0060 0.0875 0.0110 0.0070
1860     1860   (0)     21  : 0.0280 0.8496 0.0410 0.0020 0.0262 0.0532
1861     1861   (0)     21  : 0.0020 0.4998 0.0030 0.4726 0.0186 0.0040
1862     1862   (0)     21  : 0.0030 0.9810 0.0020 0.0050 0.0050 0.0040
1863     1863   (0)     21  : 0.0020 0.9484 0.0020 0.0090 0.0060 0.0326
1864     1864   (0)     21  : 0.0040 0.9634 0.0100 0.0030 0.0102 0.0094
1865     1865   (5)     21  : 0.0020 0.9810 0.0020 0.0060 0.0030 0.0060
1866     1866   (0)     21  : 0.0050 0.9670 0.0030 0.0040 0.0064 0.0146
1867     1867   (0)     21  : 0.0050 0.9694 0.0050 0.0096 0.0050 0.0060
1868     1868   (0)     21  : 0.0020 0.9820 0.0030 0.0050 0.0040 0.0040
1869     1869   (0)     21  : 0.0030 0.9282 0.0050 0.0040 0.0518 0.0080
1870     1870   (0)     21  : 0.0020 0.9890 0.0020 0.0020 0.0030 0.0020
1871     1871   (0)     21  : 0.0030 0.9742 0.0030 0.0030 0.0088 0.0080
1872     1872   (5)     21  : 0.0030 0.9718 0.0060 0.0062 0.0050 0.0080
1873     1873   (5)     21  : 0.0030 0.9404 0.0030 0.0404 0.0070 0.0062
1874     1874   (5)     21  : 0.0050 0.8924 0.0380 0.0050 0.0058 0.0538
1875     1875   (0)     21  : 0.0060 0.9680 0.0090 0.0020 0.0090 0.0060
1876     1876   (0)     21  : 0.0020 0.9504 0.0030 0.0030 0.0050 0.0366
1877     1877   (0)     21  : 0.0030 0.9580 0.0030 0.0090 0.0150 0.0120
1878     1878   (0)     21  : 0.0050 0.9660 0.0190 0.0020 0.0040 0.0040
1879     1879   (0)     21  : 0.0020 0.9812 0.0030 0.0030 0.0070 0.0038
1880     1880   (0)     21  : 0.0040 0.9800 0.0030 0.0050 0.0040 0.0040
1881     1881   (0)     21  : 0.0050 0.9660 0.0040 0.0160 0.0040 0.0050
1882     1882   (0)     21  : 0.0020 0.9710 0.0020 0.0140 0.0030 0.0080
1883     1883   (0)     21  : 0.0030 0.9756 0.0040 0.0030 0.0104 0.0040
1884     1884   (0)     21  : 0.0030 0.9392 0.0150 0.0060 0.0020 0.0348
1885     1885   (0)     21  : 0.0040 0.7834 0.0110 0.0030 0.1766 0.0220
1886     1886   (0)     21  : 0.0030 0.9770 0.0040 0.0100 0.0030 0.0030
1887     1887   (5)     21  : 0.0040 0.9432 0.0050 0.0090 0.0248 0.0140
1888     1888   (0)     21  : 0.0040 0.9770 0.0030 0.0060 0.0060 0.0040
1889     1889   (0)     21  : 0.0020 0.9710 0.0030 0.0050 0.0100 0.0090
1890     1890   (0)     21  : 0.0038 0.9800 0.0030 0.0042 0.0040 0.0050
1891     1891   (0)     21  : 0.0040 0.9730 0.0040 0.0050 0.0070 0.0070
1892     1892   (0)     21  : 0.0030 0.9830 0.0040 0.0040 0.0020 0.0040
1893     1893   (5)     21  : 0.0020 0.9832 0.0028 0.0050 0.0040 0.0030
1894     1894   (5)     21  : 0.0040 0.9678 0.0090 0.0060 0.0092 0.0040
1895     1895   (5)     21  : 0.0030 0.9700 0.0060 0.0090 0.0070 0.0050
1896     1896   (5)     21  : 0.0040 0.9720 0.0030 0.0100 0.0060 0.0050
1897     1897   (5)     21  : 0.0050 0.9770 0.0030 0.0070 0.0040 0.0040
1898     1898   (5)     21  : 0.0050 0.9760 0.0030 0.0070 0.0050 0.0040
1899     1899   (0)     21  : 0.0030 0.8728 0.0080 0.0040 0.0050 0.1072
1900     1900   (5)     21  : 0.0020 0.9784 0.0026 0.0060 0.0070 0.0040
1901     1901   (0)     21  : 0.0030 0.0793 0.0070 0.0080 0.1589 0.7438
1902     1902   (0)     21  : 0.0160 0.7375 0.0876 0.0394 0.0494 0.0702
1903     1903   (0)     21  : 0.0020 0.9576 0.0030 0.0140 0.0088 0.0146
1904     1904   (0)     21  : 0.0020 0.9820 0.0030 0.0030 0.0050 0.0050
1905     1905   (0)     21  : 0.0040 0.9416 0.0274 0.0050 0.0110 0.0110
1906     1906   (0)     21  : 0.0020 0.9740 0.0030 0.0060 0.0050 0.0100
1907     1907   (0)     21  : 0.0020 0.9810 0.0030 0.0060 0.0030 0.0050
1908     1908   (0)     21  : 0.0040 0.9630 0.0060 0.0040 0.0040 0.0190
1909     1909   (0)     21  : 0.0020 0.9468 0.0050 0.0262 0.0070 0.0130
1910     1910   (0)     21  : 0.0030 0.9750 0.0030 0.0040 0.0060 0.0090
1911     1911   (0)     21  : 0.0030 0.8079 0.0540 0.0030 0.0260 0.1062
1912     1912   (0)     21  : 0.0020 0.0030 0.9860 0.0020 0.0040 0.0030
1913     1913   (0)     21  : 0.0020 0.9766 0.0030 0.0058 0.0050 0.0076
1914     1914   (0)     21  : 0.0020 0.9750 0.0030 0.0040 0.0090 0.0070
1915     1915   (0)     21  : 0.0030 0.9658 0.0030 0.0048 0.0074 0.0160
1916     1916   (0)     21  : 0.0040 0.8717 0.0436 0.0036 0.0326 0.0446
1917     1917   (0)     21  : 0.0030 0.9738 0.0062 0.0020 0.0060 0.0090
1918     1918   (0)     21  : 0.0040 0.8307 0.0690 0.0750 0.0164 0.0050
1919     1919   (0)     21  : 0.0040 0.9098 0.0080 0.0228 0.0444 0.0110
1920     1920   (0)     21  : 0.0030 0.8082 0.0040 0.0098 0.1701 0.0050
1921     1921   (0)     21  : 0.0020 0.9830 0.0040 0.0030 0.0050 0.0030
1922     1922   (0)     21  : 0.0020 0.9850 0.0030 0.0030 0.0040 0.0030
1923     1923   (0)     21  : 0.0050 0.9678 0.0040 0.0046 0.0070 0.0116
1924     1924   (0)     21  : 0.0040 0.9596 0.0120 0.0038 0.0146 0.0060
1925     1925   (0)     21  : 0.0030 0.9670 0.0050 0.0040 0.0090 0.0120
1926     1926   (0)     21  : 0.0020 0.9552 0.0050 0.0030 0.0060 0.0288
1927     1927   (0)     21  : 0.0030 0.9620 0.0060 0.0030 0.0080 0.0180
1928     1928   (0)     21  : 0.0030 0.9734 0.0024 0.0102 0.0070 0.0040
1929     1929   (0)     21  : 0.0040 0.9660 0.0080 0.0110 0.0040 0.0070
1930     1930   (0)     21  : 0.0040 0.8661 0.0058 0.0046 0.0274 0.0922
1931     1931   (0)     21  : 0.0020 0.2234 0.0030 0.7666 0.0030 0.0020
1932     1932   (0)     21  : 0.0030 0.9670 0.0030 0.0040 0.0180 0.0050
1933     1933   (0)     21  : 0.0030 0.9684 0.0040 0.0040 0.0166 0.0040
1934     1934   (0)     21  : 0.0030 0.9710 0.0040 0.0060 0.0120 0.0040
1935     1935   (0)     21  : 0.0020 0.9770 0.0060 0.0030 0.0080 0.0040
1936     1936   (0)     21  : 0.0040 0.9666 0.0080 0.0040 0.0134 0.0040
1937     1937   (0)     21  : 0.0030 0.9730 0.0100 0.0020 0.0080 0.0040
1938     1938   (0)     21  : 0.0030 0.9450 0.0030 0.0100 0.0098 0.0292
1939     1939   (0)     21  : 0.0024 0.9698 0.0040 0.0058 0.0040 0.0140
1940     1940   (0)     21  : 0.0020 0.9800 0.0060 0.0040 0.0030 0.0050
1941     1941   (0)     21  : 0.0030 0.9516 0.0020 0.0082 0.0170 0.0182
1942     1942   (0)     21  : 0.0050 0.9730 0.0080 0.0030 0.0070 0.0040
1943     1943  (10)     21  : 0.0030 0.3475 0.0040 0.6285 0.0080 0.0090
1944     1944   (0)     21  : 0.0030 0.9760 0.0040 0.0070 0.0060 0.0040
1945     1945   (0)     21  : 0.0020 0.9770 0.0020 0.0040 0.0120 0.0030
1946     1946   (0)     21  : 0.0040 0.8384 0.0078 0.0240 0.1189 0.0070
1947     1947   (0)     21  : 0.0050 0.9474 0.0060 0.0286 0.0080 0.0050
1948     1948   (0)     21  : 0.0070 0.8623 0.0090 0.0040 0.0987 0.0190
1949     1949   (0)     21  : 0.0020 0.9790 0.0070 0.0030 0.0050 0.0040
1950     1950   (0)     21  : 0.0030 0.9184 0.0250 0.0070 0.0040 0.0426
1951     1951   (0)     21  : 0.0020 0.9894 0.0020 0.0020 0.0026 0.0020
1952     1952   (0)     21  : 0.0020 0.9850 0.0020 0.0040 0.0040 0.0030
1953     1953   (0)     21  : 0.0040 0.9710 0.0040 0.0080 0.0050 0.0080
1954     1954   (0)     21  : 0.0020 0.9854 0.0020 0.0036 0.0040 0.0030
1955     1955   (0)     21  : 0.0020 0.9830 0.0020 0.0060 0.0040 0.0030
1956     1956   (0)     22  : 0.0180 0.9459 0.0030 0.0080 0.0080 0.0170
1957     1957  (10)     22  : 0.0050 0.9750 0.0020 0.0100 0.0030 0.0050
1958     1958  (10)     22  : 0.0040 0.9250 0.0310 0.0080 0.0210 0.0110
1959     1959   (5)     22  : 0.0020 0.9820 0.0030 0.0050 0.0040 0.0040
1960     1960   (5)     22  : 0.0030 0.9720 0.0040 0.0130 0.0030 0.0050
1961     1961   (0)     22  : 0.0020 0.9730 0.0060 0.0080 0.0050 0.0060
1962     1962   (5)     22  : 0.0030 0.9722 0.0070 0.0108 0.0040 0.0030
1963     1963   (5)     22  : 0.0030 0.9634 0.0020 0.0216 0.0050 0.0050
1964     1964   (0)     22  : 0.0020 0.9862 0.0020 0.0040 0.0028 0.0030
1965     1965   (0)     22  : 0.0020 0.9820 0.0030 0.0050 0.0030 0.0050
1966     1966   (0)     22  : 0.0020 0.9820 0.0030 0.0050 0.0030 0.0050
1967     1967   (0)     22  : 0.0020 0.8588 0.0052 0.0040 0.0050 0.1250
1968     1968   (0)     22  : 0.0020 0.9772 0.0070 0.0040 0.0040 0.0058
1969     1969   (5)     22  : 0.0020 0.9800 0.0020 0.0050 0.0050 0.0060
1970     1970   (5)     22  : 0.0080 0.9690 0.0100 0.0042 0.0040 0.0048
1971     1971  (10)     22  : 0.0040 0.9634 0.0030 0.0060 0.0040 0.0196
1972     1972   (0)     22  : 0.0020 0.9690 0.0050 0.0050 0.0040 0.0150
1973     1973   (5)     22  : 0.0072 0.9182 0.0144 0.0200 0.0050 0.0352
1974     1974   (5)     22  : 0.0030 0.9730 0.0090 0.0030 0.0060 0.0060
1975     1975   (0)     22  : 0.0020 0.9750 0.0080 0.0030 0.0040 0.0080
1976     1976   (5)     22  : 0.0022 0.9542 0.0030 0.0120 0.0060 0.0226
1977     1977   (0)     22  : 0.0060 0.9530 0.0150 0.0040 0.0170 0.0050
1978     1978   (5)     22  : 0.0020 0.9820 0.0040 0.0060 0.0030 0.0030
1979     1979   (0)     22  : 0.0020 0.9772 0.0020 0.0128 0.0020 0.0040
1980     1980   (0)     22  : 0.0032 0.9708 0.0040 0.0160 0.0030 0.0030
1981     1981   (0)     22  : 0.0060 0.9680 0.0120 0.0060 0.0030 0.0050
1982     1982   (0)     22  : 0.0020 0.9710 0.0030 0.0130 0.0040 0.0070
1983     1983   (0)     22  : 0.0030 0.9488 0.0030 0.0110 0.0190 0.0152
1984     1984   (0)     22  : 0.0040 0.9515 0.0030 0.0286 0.0090 0.0040
1985     1985   (0)     22  : 0.0070 0.9710 0.0060 0.0100 0.0030 0.0030
1986     1986   (0)     22  : 0.0050 0.9752 0.0068 0.0040 0.0050 0.0040
1987     1987   (0)     22  : 0.0060 0.9303 0.0030 0.0368 0.0160 0.0080
1988     1988   (0)     22  : 0.0020 0.9806 0.0020 0.0060 0.0070 0.0024
1989     1989   (0)     22  : 0.0040 0.9742 0.0050 0.0040 0.0040 0.0088
1990     1990   (0)     22  : 0.0050 0.9710 0.0040 0.0040 0.0110 0.0050
1991     1991   (0)     22  : 0.0020 0.9836 0.0030 0.0040 0.0030 0.0044
1992     1992   (0)     22  : 0.0060 0.9760 0.0040 0.0020 0.0040 0.0080
1993     1993   (0)     22  : 0.0020 0.9860 0.0020 0.0030 0.0030 0.0040
1994     1994   (5)     22  : 0.0030 0.9710 0.0060 0.0060 0.0040 0.0100
1995     1995   (5)     22  : 0.0030 0.9704 0.0060 0.0100 0.0060 0.0046
1996     1996   (0)     22  : 0.0030 0.9778 0.0080 0.0022 0.0040 0.0050
1997     1997  (15)     22  : 0.0060 0.9640 0.0100 0.0060 0.0070 0.0070
1998     1998  (10)     22  : 0.0020 0.9790 0.0030 0.0090 0.0030 0.0040
1999     1999  (10)     22  : 0.0030 0.9712 0.0040 0.0040 0.0070 0.0108
2000     2000  (10)     22  : 0.0040 0.9438 0.0048 0.0060 0.0228 0.0186
2001     2001   (5)     22  : 0.0036 0.9450 0.0112 0.0060 0.0232 0.0110
2002     2002   (5)     22  : 0.0020 0.9628 0.0030 0.0080 0.0060 0.0182
2003     2003   (5)     22  : 0.0030 0.9780 0.0060 0.0020 0.0060 0.0050
2004     2004   (5)     22  : 0.0020 0.9700 0.0050 0.0090 0.0050 0.0090
2005     2005   (5)     22  : 0.0030 0.9600 0.0070 0.0050 0.0150 0.0100
2006     2006   (5)     22  : 0.0030 0.9744 0.0040 0.0030 0.0060 0.0096
2007     2007  (15)     22  : 0.0104 0.9216 0.0060 0.0110 0.0106 0.0404
2008     2008   (5)     22  : 0.0060 0.9710 0.0020 0.0050 0.0030 0.0130
2009     2009   (5)     22  : 0.0020 0.9770 0.0030 0.0040 0.0030 0.0110
2010     2010  (15)     22  : 0.0030 0.9690 0.0040 0.0080 0.0040 0.0120
2011     2011   (5)     22  : 0.0130 0.9325 0.0080 0.0090 0.0190 0.0186
2012     2012   (5)     22  : 0.0232 0.7241 0.0180 0.0140 0.2004 0.0202
2013     2013   (5)     22  : 0.0030 0.9560 0.0060 0.0050 0.0070 0.0230
2014     2014   (5)     22  : 0.0020 0.9738 0.0030 0.0120 0.0040 0.0052
2015     2015  (10)     22  : 0.0030 0.9780 0.0050 0.0050 0.0030 0.0060
2016     2016   (5)     22  : 0.0030 0.9366 0.0030 0.0458 0.0040 0.0076
2017     2017   (5)     22  : 0.0030 0.9720 0.0050 0.0020 0.0060 0.0120
2018     2018  (10)     22  : 0.0030 0.9544 0.0040 0.0186 0.0070 0.0130
2019     2019  (10)     22  : 0.0030 0.9810 0.0040 0.0030 0.0050 0.0040
2020     2020  (10)     22  : 0.0080 0.9628 0.0040 0.0040 0.0080 0.0132
2021     2021  (10)     22  : 0.0168 0.9370 0.0070 0.0114 0.0158 0.0120
2022     2022   (5)     22  : 0.0020 0.9620 0.0030 0.0080 0.0130 0.0120
2023     2023  (10)     22  : 0.0050 0.8195 0.1326 0.0090 0.0260 0.0080
2024     2024   (0)     22  : 0.0020 0.9730 0.0040 0.0140 0.0040 0.0030
2025     2025   (5)     22  : 0.0030 0.9770 0.0030 0.0110 0.0030 0.0030
2026     2026   (0)     22  : 0.0020 0.9810 0.0020 0.0040 0.0030 0.0080
2027     2027   (0)     22  : 0.0020 0.9890 0.0020 0.0020 0.0020 0.0030
2028     2028   (0)     22  : 0.0030 0.9790 0.0030 0.0040 0.0040 0.0070
2029     2029   (0)     22  : 0.0050 0.9800 0.0030 0.0050 0.0040 0.0030
2030     2030   (0)     22  : 0.0020 0.9460 0.0240 0.0030 0.0080 0.0170
2031     2031   (0)     22  : 0.0060 0.9750 0.0020 0.0100 0.0030 0.0040
2032     2032   (0)     22  : 0.0030 0.9502 0.0040 0.0272 0.0050 0.0106
2033     2033  (10)     22  : 0.0030 0.9834 0.0030 0.0040 0.0030 0.0036
2034     2034  (10)     22  : 0.0140 0.0408 0.0110 0.0060 0.0100 0.9182
2035     2035   (0)     22  : 0.0258 0.9186 0.0030 0.0060 0.0040 0.0426
2036     2036   (5)     22  : 0.0266 0.6827 0.0140 0.0060 0.0142 0.2565
2037     2037   (0)     22  : 0.0040 0.9300 0.0090 0.0110 0.0124 0.0336
2038     2038   (5)     22  : 0.0130 0.9514 0.0050 0.0060 0.0060 0.0186
2039     2039   (5)     22  : 0.0020 0.9700 0.0090 0.0070 0.0040 0.0080
2040     2040   (5)     22  : 0.0030 0.9710 0.0060 0.0100 0.0050 0.0050
2041     2041  (10)     22  : 0.0020 0.9800 0.0020 0.0050 0.0040 0.0070
2042     2042   (0)     22  : 0.0020 0.9828 0.0028 0.0030 0.0030 0.0064
2043     2043   (0)     22  : 0.0020 0.9790 0.0030 0.0050 0.0050 0.0060
2044     2044   (0)     22  : 0.0220 0.1603 0.0734 0.0042 0.0070 0.7331
2045     2045   (0)     22  : 0.0020 0.9820 0.0050 0.0030 0.0030 0.0050
2046     2046   (0)     22  : 0.0040 0.9350 0.0100 0.0062 0.0060 0.0388
2047     2047   (0)     22  : 0.0020 0.9850 0.0030 0.0030 0.0030 0.0040
2048     2048   (0)     22  : 0.0020 0.9418 0.0030 0.0200 0.0282 0.0050
2049     2049   (0)     22  : 0.0040 0.9560 0.0060 0.0090 0.0090 0.0160
2050     2050   (0)     22  : 0.0024 0.9594 0.0030 0.0186 0.0030 0.0136
2051     2051   (0)     22  : 0.0030 0.9728 0.0050 0.0038 0.0070 0.0084
2052     2052   (0)     22  : 0.0030 0.9710 0.0070 0.0030 0.0050 0.0110
2053     2053   (0)     22  : 0.0120 0.6105 0.0110 0.0500 0.0138 0.3027
2054     2054   (0)     22  : 0.0070 0.5466 0.0110 0.0090 0.0362 0.3902
2055     2055   (0)     22  : 0.0060 0.5866 0.0240 0.0078 0.0294 0.3463
2056     2056   (0)     22  : 0.0030 0.8068 0.0050 0.0150 0.1622 0.0080
2057     2057   (0)     22  : 0.0110 0.9372 0.0040 0.0140 0.0120 0.0218
2058     2058   (0)     22  : 0.0020 0.9850 0.0020 0.0040 0.0040 0.0030
2059     2059   (5)     22  : 0.0040 0.9740 0.0040 0.0050 0.0060 0.0070
2060     2060   (0)     22  : 0.0030 0.9502 0.0060 0.0070 0.0150 0.0188
2061     2061   (5)     22  : 0.2044 0.1398 0.0574 0.0070 0.0090 0.5824
2062     2062   (0)     22  : 0.0030 0.9620 0.0040 0.0030 0.0212 0.0068
2063     2063   (0)     22  : 0.0100 0.6395 0.0310 0.1578 0.0060 0.1558
2064     2064   (0)     22  : 0.0040 0.9348 0.0428 0.0050 0.0040 0.0094
2065     2065   (0)     22  : 0.0040 0.8581 0.0110 0.0070 0.0154 0.1045
2066     2066   (0)     22  : 0.0020 0.9800 0.0030 0.0050 0.0040 0.0060
2067     2067   (0)     22  : 0.0020 0.9770 0.0050 0.0060 0.0070 0.0030
2068     2068   (0)     22  : 0.0054 0.9288 0.0020 0.0118 0.0320 0.0200
2069     2069   (0)     22  : 0.0020 0.9810 0.0020 0.0030 0.0030 0.0090
2070     2070   (0)     22  : 0.0030 0.9750 0.0050 0.0040 0.0040 0.0090
2071     2071   (0)     22  : 0.0020 0.9860 0.0030 0.0030 0.0020 0.0040
2072     2072   (0)     22  : 0.0070 0.4359 0.0078 0.1012 0.0180 0.4301
2073     2073   (0)     22  : 0.0020 0.9800 0.0040 0.0040 0.0040 0.0060
2074     2074   (0)     22  : 0.0050 0.9760 0.0030 0.0030 0.0050 0.0080
2075     2075   (5)     22  : 0.0030 0.9632 0.0040 0.0050 0.0038 0.0210
2076     2076   (0)     22  : 0.0060 0.9690 0.0040 0.0080 0.0030 0.0100
2077     2077   (0)     22  : 0.0040 0.9315 0.0210 0.0080 0.0106 0.0250
2078     2078   (0)     22  : 0.0040 0.9814 0.0036 0.0040 0.0030 0.0040
2079     2079  (10)     22  : 0.0030 0.9660 0.0030 0.0080 0.0040 0.0160
2080     2080   (0)     22  : 0.0020 0.9850 0.0020 0.0030 0.0040 0.0040
2081     2081   (0)     22  : 0.0020 0.9860 0.0020 0.0040 0.0030 0.0030
2082     2082   (0)     22  : 0.0030 0.9750 0.0020 0.0050 0.0030 0.0120
2083     2083  (10)     22  : 0.0030 0.9680 0.0040 0.0050 0.0090 0.0110
2084     2084   (5)     22  : 0.0020 0.8330 0.0070 0.0050 0.0120 0.1410
2085     2085   (0)     22  : 0.0030 0.9730 0.0040 0.0060 0.0080 0.0060
2086     2086   (5)     22  : 0.0030 0.9820 0.0030 0.0040 0.0030 0.0050
2087     2087   (5)     22  : 0.0020 0.9840 0.0020 0.0030 0.0060 0.0030
2088     2088  (10)     22  : 0.0030 0.9622 0.0068 0.0040 0.0110 0.0130
2089     2089   (0)     22  : 0.0020 0.9820 0.0020 0.0060 0.0040 0.0040
2090     2090   (5)     22  : 0.0060 0.9592 0.0160 0.0040 0.0098 0.0050
2091     2091  (10)     22  : 0.0020 0.9706 0.0030 0.0090 0.0050 0.0104
2092     2092   (0)     22  : 0.0044 0.9648 0.0120 0.0030 0.0118 0.0040
2093     2093   (0)     22  : 0.0164 0.9456 0.0040 0.0080 0.0160 0.0100
2094     2094   (0)     22  : 0.0040 0.8357 0.0070 0.0040 0.1389 0.0104
2095     2095   (0)     22  : 0.0050 0.8710 0.0608 0.0090 0.0330 0.0212
2096     2096   (0)     22  : 0.0020 0.9794 0.0020 0.0056 0.0080 0.0030
2097     2097   (0)     22  : 0.0040 0.9810 0.0020 0.0030 0.0060 0.0040
2098     2098   (0)     22  : 0.0020 0.9830 0.0040 0.0050 0.0030 0.0030
2099     2099   (0)     22  : 0.0020 0.9806 0.0040 0.0064 0.0040 0.0030
2100     2100   (0)     22  : 0.0020 0.9808 0.0020 0.0072 0.0040 0.0040
2101     2101   (5)     22  : 0.0048 0.9552 0.0130 0.0030 0.0110 0.0130
2102     2102   (0)     22  : 0.0020 0.9840 0.0020 0.0040 0.0030 0.0050
2103     2103   (0)     22  : 0.0030 0.9470 0.0088 0.0342 0.0040 0.0030
2104     2104   (0)     22  : 0.0020 0.9790 0.0070 0.0030 0.0040 0.0050
2105     2105   (5)     22  : 0.0050 0.9588 0.0042 0.0130 0.0090 0.0100
2106     2106   (0)     22  : 0.0030 0.9800 0.0020 0.0050 0.0050 0.0050
2107     2107   (0)     22  : 0.0070 0.9244 0.0080 0.0090 0.0318 0.0198
2108     2108   (0)     22  : 0.0020 0.9756 0.0044 0.0060 0.0080 0.0040
2109     2109   (0)     22  : 0.0020 0.9492 0.0070 0.0130 0.0090 0.0198
2110     2110   (0)     22  : 0.0030 0.9808 0.0052 0.0040 0.0030 0.0040
2111     2111   (0)     22  : 0.0030 0.9660 0.0050 0.0160 0.0070 0.0030
2112     2112   (0)     22  : 0.0070 0.9700 0.0020 0.0030 0.0120 0.0060
2113     2113   (0)     22  : 0.0020 0.9840 0.0040 0.0040 0.0020 0.0040
2114     2114   (0)     22  : 0.0030 0.9708 0.0050 0.0100 0.0062 0.0050
2115     2115   (0)     22  : 0.0050 0.9658 0.0080 0.0050 0.0080 0.0082
2116     2116   (0)     22  : 0.0020 0.8924 0.0034 0.0722 0.0070 0.0230
2117     2117   (0)     22  : 0.0020 0.9830 0.0020 0.0050 0.0050 0.0030
2118     2118   (0)     22  : 0.0030 0.9746 0.0030 0.0040 0.0044 0.0110
2119     2119   (0)     22  : 0.0020 0.9840 0.0030 0.0030 0.0040 0.0040
2120     2120   (0)     22  : 0.0020 0.9840 0.0020 0.0040 0.0030 0.0050
2121     2121   (0)     22  : 0.0020 0.9840 0.0020 0.0040 0.0050 0.0030
2122     2122   (0)     22  : 0.0020 0.9802 0.0048 0.0040 0.0050 0.0040
2123     2123   (0)     22  : 0.0040 0.9780 0.0050 0.0040 0.0050 0.0040
2124     2124   (0)     22  : 0.0030 0.9800 0.0030 0.0050 0.0040 0.0050
2125     2125   (0)     22  : 0.0020 0.9874 0.0026 0.0020 0.0030 0.0030
2126     2126  (10)     22  : 0.0040 0.9644 0.0030 0.0060 0.0110 0.0116
2127     2127   (5)     22  : 0.0020 0.7614 0.1838 0.0130 0.0158 0.0240
2128     2128  (10)     22  : 0.0030 0.9778 0.0042 0.0050 0.0040 0.0060
2129     2129   (5)     22  : 0.0510 0.8711 0.0342 0.0158 0.0100 0.0180
2130     2130  (10)     22  : 0.0020 0.9800 0.0030 0.0070 0.0040 0.0040
2131     2131  (10)     22  : 0.0030 0.9446 0.0090 0.0314 0.0080 0.0040
2132     2132   (0)     22  : 0.0040 0.9650 0.0110 0.0090 0.0060 0.0050
2133     2133   (5)     22  : 0.0050 0.9686 0.0040 0.0070 0.0104 0.0050
2134     2134   (5)     22  : 0.0158 0.9264 0.0132 0.0050 0.0230 0.0166
2135     2135  (10)     22  : 0.0040 0.9700 0.0090 0.0090 0.0050 0.0030
2136     2136   (0)     22  : 0.0020 0.9762 0.0030 0.0090 0.0050 0.0048
2137     2137   (0)     22  : 0.0030 0.9810 0.0030 0.0040 0.0040 0.0050
2138     2138   (0)     22  : 0.0030 0.9830 0.0030 0.0032 0.0040 0.0038
2139     2139   (0)     22  : 0.0030 0.9838 0.0020 0.0030 0.0032 0.0050
2140     2140   (0)     22  : 0.0110 0.9127 0.0030 0.0593 0.0080 0.0060
2141     2141   (0)     22  : 0.0106 0.7107 0.0030 0.0020 0.1172 0.1564
2142     2142   (0)     22  : 0.0210 0.9615 0.0030 0.0050 0.0046 0.0050
2143     2143   (0)     22  : 0.0020 0.9738 0.0032 0.0030 0.0100 0.0080
2144     2144   (0)     22  : 0.0020 0.9758 0.0040 0.0022 0.0110 0.0050
2145     2145   (5)     22  : 0.0070 0.4367 0.0226 0.0048 0.0090 0.5199
2146     2146   (0)     22  : 0.0108 0.3928 0.1042 0.0110 0.0540 0.4272
2147     2147   (0)     22  : 0.0020 0.8542 0.0170 0.0060 0.0030 0.1178
2148     2148  (10)     22  : 0.0068 0.7940 0.0040 0.0100 0.0060 0.1793
2149     2149   (5)     22  : 0.0030 0.9738 0.0050 0.0080 0.0022 0.0080
2150     2150   (0)     22  : 0.0020 0.9810 0.0040 0.0030 0.0030 0.0070
2151     2151   (5)     22  : 0.0050 0.0180 0.0040 0.0060 0.0080 0.9590
2152     2152   (5)     22  : 0.0040 0.9654 0.0046 0.0110 0.0080 0.0070
2153     2153   (0)     22  : 0.0030 0.9690 0.0030 0.0120 0.0070 0.0060
2154     2154   (0)     22  : 0.0080 0.9740 0.0050 0.0050 0.0020 0.0060
2155     2155   (0)     22  : 0.0030 0.9720 0.0050 0.0050 0.0090 0.0060
2156     2156   (0)     22  : 0.0070 0.5805 0.0122 0.0040 0.0334 0.3629
2157     2157   (0)     22  : 0.0020 0.9456 0.0020 0.0160 0.0050 0.0294
2158     2158   (0)     22  : 0.0040 0.9690 0.0030 0.0070 0.0070 0.0100
2159     2159   (0)     22  : 0.0020 0.9820 0.0040 0.0040 0.0040 0.0040
2160     2160   (0)     22  : 0.0020 0.9830 0.0030 0.0030 0.0060 0.0030
2161     2161   (0)     22  : 0.0020 0.9810 0.0030 0.0030 0.0060 0.0050
2162     2162   (0)     22  : 0.0030 0.9766 0.0040 0.0040 0.0074 0.0050
2163     2163   (0)     22  : 0.0070 0.9672 0.0100 0.0080 0.0038 0.0040
2164     2164   (0)     22  : 0.0020 0.9626 0.0110 0.0042 0.0162 0.0040
2165     2165   (0)     22  : 0.0030 0.9548 0.0152 0.0030 0.0140 0.0100
2166     2166   (0)     22  : 0.0030 0.9710 0.0070 0.0020 0.0100 0.0070
2167     2167   (0)     22  : 0.0030 0.9730 0.0030 0.0140 0.0040 0.0030
2168     2168   (0)     22  : 0.0040 0.9700 0.0080 0.0060 0.0080 0.0040
2169     2169   (0)     22  : 0.0030 0.9730 0.0030 0.0140 0.0040 0.0030
2170     2170   (0)     22  : 0.0020 0.9830 0.0030 0.0030 0.0060 0.0030
2171     2171   (0)     22  : 0.0020 0.9840 0.0040 0.0030 0.0040 0.0030
2172     2172   (0)     22  : 0.0020 0.9800 0.0020 0.0040 0.0090 0.0030
2173     2173   (0)     22  : 0.0020 0.9830 0.0020 0.0030 0.0070 0.0030
2174     2174   (0)     22  : 0.0020 0.8623 0.0020 0.0604 0.0040 0.0692
2175     2175   (0)     22  : 0.0020 0.9590 0.0030 0.0150 0.0040 0.0170
2176     2176   (0)     22  : 0.0070 0.9684 0.0030 0.0156 0.0030 0.0030
2177     2177   (0)     22  : 0.0110 0.9660 0.0050 0.0060 0.0030 0.0090
2178     2178   (0)     22  : 0.0020 0.9830 0.0020 0.0040 0.0050 0.0040
2179     2179   (0)     22  : 0.0102 0.9046 0.0328 0.0090 0.0080 0.0354
2180     2180   (0)     22  : 0.0020 0.9806 0.0030 0.0060 0.0020 0.0064
2181     2181   (0)     22  : 0.0020 0.9730 0.0060 0.0060 0.0060 0.0070
2182     2182   (0)     22  : 0.0020 0.9680 0.0030 0.0040 0.0060 0.0170
2183     2183   (0)     22  : 0.0040 0.9688 0.0040 0.0050 0.0050 0.0132
2184     2184   (0)     22  : 0.0058 0.9632 0.0040 0.0070 0.0070 0.0130
2185     2185   (0)     22  : 0.0020 0.9790 0.0050 0.0030 0.0030 0.0080
2186     2186   (0)     22  : 0.0040 0.9700 0.0040 0.0080 0.0080 0.0060
2187     2187   (0)     22  : 0.0020 0.9830 0.0020 0.0050 0.0050 0.0030
2188     2188   (0)     22  : 0.0090 0.8566 0.0040 0.0972 0.0208 0.0124
2189     2189   (0)     22  : 0.0030 0.9830 0.0030 0.0030 0.0030 0.0050
2190     2190   (0)     22  : 0.0020 0.9840 0.0020 0.0040 0.0030 0.0050
2191     2191   (0)     22  : 0.0030 0.9286 0.0030 0.0050 0.0130 0.0474
2192     2192   (0)     22  : 0.0030 0.9770 0.0040 0.0030 0.0060 0.0070
2193     2193   (0)     22  : 0.0020 0.9802 0.0020 0.0040 0.0068 0.0050
2194     2194   (0)     22  : 0.0020 0.9286 0.0030 0.0040 0.0060 0.0564
2195     2195   (0)     22  : 0.0020 0.9840 0.0030 0.0030 0.0040 0.0040
2196     2196   (5)     23  : 0.0180 0.7840 0.0210 0.0048 0.0100 0.1622
2197     2197   (0)     23  : 0.0030 0.5532 0.0150 0.0060 0.0290 0.3938
2198     2198   (0)     23  : 0.0060 0.3182 0.0050 0.0144 0.0040 0.6524
2199     2199   (0)     23  : 0.0050 0.0702 0.0030 0.0120 0.0040 0.9057
2200     2200   (0)     23  : 0.0030 0.8009 0.0042 0.0100 0.0060 0.1759
2201     2201   (0)     23  : 0.1218 0.4490 0.0318 0.0070 0.0118 0.3786
2202     2202   (0)     23  : 0.0090 0.6756 0.0070 0.0260 0.0518 0.2306
2203     2203   (0)     23  : 0.0160 0.8724 0.0130 0.0170 0.0330 0.0486
2204     2204   (0)     23  : 0.0030 0.3559 0.0148 0.0160 0.0198 0.5905
2205     2205   (0)     23  : 0.0020 0.9880 0.0020 0.0020 0.0030 0.0030
2206     2206   (0)     23  : 0.0060 0.8185 0.0070 0.0060 0.0048 0.1577
2207     2207   (0)     23  : 0.0040 0.7239 0.0030 0.0110 0.0208 0.2373
2208     2208   (0)     23  : 0.0030 0.9734 0.0040 0.0070 0.0050 0.0076
2209     2209   (0)     23  : 0.0032 0.2921 0.0040 0.0060 0.0100 0.6847
2210     2210   (0)     23  : 0.0040 0.3421 0.0070 0.1062 0.0110 0.5297
2211     2211   (0)     23  : 0.0020 0.9858 0.0020 0.0040 0.0032 0.0030
2212     2212   (0)     23  : 0.0020 0.4978 0.0060 0.0040 0.0060 0.4842
2213     2213   (0)     23  : 0.0112 0.6464 0.0030 0.0030 0.0190 0.3174
2214     2214   (0)     23  : 0.0030 0.9580 0.0050 0.0030 0.0152 0.0158
2215     2215   (0)     23  : 0.0090 0.7909 0.0112 0.0020 0.1551 0.0318
2216     2216   (0)     23  : 0.0072 0.8758 0.0090 0.0960 0.0050 0.0070
2217     2217   (0)     23  : 0.0040 0.7670 0.1978 0.0040 0.0070 0.0202
2218     2218   (0)     23  : 0.0050 0.2036 0.0196 0.0364 0.0266 0.7089
2219     2219   (0)     23  : 0.0060 0.0983 0.0070 0.0686 0.0130 0.8071
2220     2220   (0)     23  : 0.0050 0.9770 0.0030 0.0030 0.0050 0.0070
2221     2221   (0)     23  : 0.0050 0.7247 0.0464 0.0070 0.0272 0.1896
2222     2222   (0)     23  : 0.0030 0.5242 0.0830 0.0170 0.0106 0.3621
2223     2223   (0)     23  : 0.0050 0.0078 0.0060 0.0060 0.0130 0.9622
2224     2224   (0)     23  : 0.0060 0.5055 0.0030 0.0192 0.0050 0.4613
2225     2225   (0)     23  : 0.0100 0.8072 0.0106 0.0030 0.0086 0.1606
2226     2226   (0)     23  : 0.0250 0.8448 0.0050 0.0094 0.0060 0.1098
2227     2227  (10)     23  : 0.0030 0.9764 0.0050 0.0046 0.0060 0.0050
2228     2228   (5)     23  : 0.0040 0.5793 0.0030 0.0150 0.0060 0.3927
2229     2229   (0)     23  : 0.0180 0.0096 0.0140 0.0020 0.2995 0.6569
2230     2230   (0)     23  : 0.0050 0.0586 0.0040 0.0020 0.0268 0.9035
2231     2231   (0)     23  : 0.0100 0.0370 0.0050 0.0210 0.0242 0.9028
2232     2232   (0)     23  : 0.0060 0.0644 0.0040 0.0050 0.0754 0.8452
2233     2233   (0)     23  : 0.0080 0.0170 0.0050 0.0070 0.2671 0.6959
2234     2234   (0)     23  : 0.0030 0.0689 0.0050 0.0030 0.0234 0.8967
2235     2235   (0)     23  : 0.0170 0.1124 0.0040 0.0090 0.0162 0.8414
2236     2236   (0)     23  : 0.0090 0.3971 0.0104 0.0030 0.0230 0.5575
2237     2237   (0)     23  : 0.0020 0.0166 0.0272 0.0040 0.0050 0.9452
2238     2238   (5)     23  : 0.0050 0.4535 0.0240 0.0050 0.0740 0.4385
2239     2239   (0)     23  : 0.0080 0.0080 0.0060 0.0286 0.1566 0.7928
2240     2240   (0)     23  : 0.0020 0.4016 0.0160 0.0050 0.0220 0.5534
2241     2241   (0)     23  : 0.0040 0.3254 0.0060 0.0044 0.2520 0.4082
2242     2242   (0)     23  : 0.0224 0.8140 0.0218 0.0060 0.0226 0.1132
2243     2243   (0)     23  : 0.0030 0.0292 0.0080 0.0030 0.2042 0.7527
2244     2244   (5)     23  : 0.0030 0.1591 0.1329 0.0070 0.6739 0.0242
2245     2245   (0)     23  : 0.0080 0.0901 0.0522 0.0098 0.0070 0.8329
2246     2246   (0)     23  : 0.0030 0.0060 0.0030 0.0306 0.0060 0.9514
2247     2247   (0)     23  : 0.0030 0.0060 0.0542 0.0030 0.0050 0.9288
2248     2248   (0)     23  : 0.0060 0.0390 0.0190 0.0090 0.0140 0.9130
2249     2249   (0)     23  : 0.0020 0.9732 0.0040 0.0070 0.0040 0.0098
2250     2250   (0)     23  : 0.0030 0.5655 0.0040 0.0156 0.0100 0.4019
2251     2251   (5)     23  : 0.0050 0.9380 0.0060 0.0080 0.0142 0.0288
2252     2252   (5)     23  : 0.0050 0.0290 0.1462 0.0040 0.0228 0.7930
2253     2253   (0)     23  : 0.0030 0.0468 0.0040 0.0030 0.0042 0.9390
2254     2254   (0)     23  : 0.0030 0.0188 0.0216 0.0070 0.0494 0.9002
2255     2255   (0)     23  : 0.0122 0.0486 0.0138 0.0030 0.1122 0.8102
2256     2256   (0)     23  : 0.0022 0.0516 0.0040 0.0040 0.0090 0.9292
2257     2257   (0)     23  : 0.0070 0.7708 0.0220 0.0094 0.0220 0.1688
2258     2258   (0)     23  : 0.0450 0.2903 0.0388 0.0110 0.0402 0.5747
2259     2259   (0)     23  : 0.0090 0.7709 0.0618 0.0030 0.0080 0.1473
2260     2260   (0)     23  : 0.0020 0.5110 0.0180 0.0060 0.0300 0.4330
2261     2261   (0)     23  : 0.0030 0.2973 0.0416 0.0180 0.0292 0.6109
2262     2262   (0)     23  : 0.0030 0.1945 0.0060 0.0050 0.0050 0.7865
2263     2263   (0)     23  : 0.0050 0.7143 0.0670 0.0030 0.1376 0.0730
2264     2264   (0)     24  : 0.0030 0.0356 0.0020 0.0070 0.0040 0.9484
2265     2265   (0)     24  : 0.0030 0.0200 0.0020 0.0050 0.0052 0.9648
2266     2266   (0)     24  : 0.0050 0.0422 0.0030 0.0088 0.0040 0.9370
2267     2267   (0)     24  : 0.0050 0.0156 0.0030 0.0090 0.0060 0.9614
2268     2268   (0)     24  : 0.0030 0.0090 0.0040 0.0030 0.0060 0.9750
2269     2269   (0)     24  : 0.0020 0.0090 0.0040 0.0030 0.0040 0.9780
2270     2270   (0)     24  : 0.0026 0.0140 0.0020 0.0060 0.0040 0.9714
2271     2271   (0)     24  : 0.0060 0.0162 0.0596 0.0038 0.0070 0.9074
2272     2272   (0)     24  : 0.0340 0.0576 0.0210 0.0130 0.0422 0.8322
2273     2273   (0)     24  : 0.0032 0.0618 0.0050 0.0120 0.0110 0.9070
2274     2274   (0)     24  : 0.0030 0.0110 0.0030 0.0050 0.0050 0.9730
2275     2275   (0)     24  : 0.0058 0.0110 0.0030 0.0060 0.0214 0.9528
2276     2276   (0)     24  : 0.0040 0.0322 0.0070 0.0020 0.0030 0.9518
2277     2277   (0)     24  : 0.0040 0.1429 0.0070 0.0386 0.0180 0.7895
2278     2278   (0)     24  : 0.0030 0.0050 0.0030 0.0030 0.0040 0.9820
2279     2279   (0)     24  : 0.0030 0.0208 0.0040 0.0050 0.0050 0.9622
2280     2280   (0)     24  : 0.0020 0.0030 0.0040 0.0040 0.0040 0.9830
2281     2281   (0)     24  : 0.0090 0.0704 0.0376 0.0090 0.0060 0.8680
2282     2282   (0)     24  : 0.0030 0.0090 0.0040 0.0030 0.0030 0.9780
2283     2283   (0)     24  : 0.0020 0.0050 0.0040 0.0060 0.0064 0.9766
2284     2284   (0)     24  : 0.0046 0.0426 0.0100 0.0108 0.0290 0.9030
2285     2285   (0)     24  : 0.0040 0.0050 0.0060 0.0160 0.0444 0.9246
2286     2286   (0)     24  : 0.0030 0.0080 0.0020 0.0222 0.0280 0.9369
2287     2287   (0)     24  : 0.0020 0.0070 0.0040 0.0497 0.0192 0.9181
2288     2288   (0)     24  : 0.0020 0.0070 0.0040 0.0048 0.0288 0.9534
2289     2289   (0)     24  : 0.0040 0.0100 0.0080 0.0030 0.0050 0.9700
2290     2290   (0)     24  : 0.0030 0.0180 0.0050 0.0020 0.0160 0.9560
2291     2291   (0)     24  : 0.0040 0.0110 0.0050 0.0040 0.0050 0.9710
2292     2292   (0)     24  : 0.0146 0.0030 0.0040 0.0040 0.0060 0.9684
2293     2293   (0)     24  : 0.0050 0.0070 0.0070 0.0190 0.0070 0.9550
2294     2294   (0)     24  : 0.0060 0.0126 0.0030 0.0080 0.0150 0.9554
2295     2295   (0)     25  : 0.0040 0.0142 0.0030 0.0370 0.0060 0.9358
2296     2296   (0)     25  : 0.0020 0.0110 0.0030 0.0040 0.0120 0.9680
2297     2297   (0)     25  : 0.0020 0.0080 0.0030 0.0204 0.0050 0.9616
2298     2298   (0)     25  : 0.0040 0.0070 0.0962 0.0040 0.0168 0.8721
2299     2299   (0)     25  : 0.0030 0.0040 0.0030 0.0070 0.0070 0.9760
2300     2300   (0)     25  : 0.0030 0.0170 0.0030 0.0100 0.0130 0.9540
2301     2301   (0)     25  : 0.0020 0.0170 0.0030 0.0050 0.0030 0.9700
2302     2302   (0)     25  : 0.0030 0.0052 0.0050 0.0060 0.0096 0.9712
2303     2303   (0)     25  : 0.0030 0.0040 0.0030 0.0030 0.0040 0.9830
2304     2304   (0)     25  : 0.0030 0.0030 0.0040 0.0050 0.0040 0.9810
2305     2305   (0)     25  : 0.0020 0.0040 0.0020 0.0030 0.0040 0.9850
2306     2306   (0)     25  : 0.0030 0.0100 0.0020 0.0060 0.0080 0.9710
2307     2307   (0)     25  : 0.0030 0.0150 0.0050 0.0030 0.0050 0.9690
2308     2308   (0)     25  : 0.0040 0.0448 0.0050 0.0076 0.0160 0.9226
2309     2309   (0)     25  : 0.0030 0.0342 0.0030 0.0080 0.0120 0.9398
2310     2310   (0)     25  : 0.0030 0.0232 0.0030 0.0060 0.0060 0.9588
2311     2311   (0)     25  : 0.0020 0.0030 0.0030 0.0030 0.0030 0.9860
2312     2312   (0)     25  : 0.0040 0.0160 0.0044 0.0100 0.0030 0.9626
2313     2313   (0)     25  : 0.0040 0.0160 0.0112 0.0050 0.0070 0.9568
2314     2314   (0)     25  : 0.0020 0.0256 0.0040 0.0030 0.0030 0.9624
2315     2315   (0)     25  : 0.0050 0.0060 0.0030 0.0080 0.0210 0.9570
2316     2316   (0)     25  : 0.0030 0.0050 0.0100 0.0020 0.0110 0.9690
2317     2317   (0)     25  : 0.0030 0.0238 0.0032 0.0040 0.0110 0.9550
2318     2318   (0)     25  : 0.0030 0.0090 0.0060 0.0060 0.0885 0.8876
2319     2319   (0)     25  : 0.0020 0.0050 0.0040 0.0056 0.0072 0.9762
2320     2320   (0)     25  : 0.0020 0.0090 0.0020 0.0020 0.0040 0.9810
2321     2321   (0)     25  : 0.0030 0.0180 0.0020 0.1305 0.0040 0.8425
2322     2322   (0)     25  : 0.0020 0.0206 0.0040 0.0050 0.0070 0.9614
2323     2323   (0)     25  : 0.0020 0.0120 0.0040 0.0040 0.0030 0.9750
2324     2324   (0)     25  : 0.0030 0.0108 0.0060 0.0050 0.0070 0.9682
2325     2325   (0)     25  : 0.0030 0.0140 0.0030 0.0120 0.0060 0.9620
2326     2326   (0)     25  : 0.0020 0.0080 0.0030 0.0060 0.0060 0.9750
2327     2327   (0)     25  : 0.0020 0.0060 0.0040 0.0030 0.0030 0.9820
2328     2328   (0)     25  : 0.0020 0.0070 0.0090 0.0060 0.0080 0.9680
2329     2329   (0)     25  : 0.0020 0.0502 0.0030 0.0030 0.0100 0.9318
2330     2330   (0)     25  : 0.0030 0.0278 0.0030 0.0352 0.0060 0.9250
2331     2331   (0)     25  : 0.0020 0.0192 0.0020 0.0070 0.0050 0.9648
2332     2332   (0)     25  : 0.0030 0.0050 0.0054 0.0348 0.0050 0.9468
2333     2333   (0)     25  : 0.0030 0.0060 0.0040 0.0038 0.0060 0.9772
2334     2334   (0)     25  : 0.0030 0.0080 0.0032 0.0060 0.0070 0.9728
2335     2335   (0)     25  : 0.0030 0.0060 0.0040 0.0040 0.0060 0.9770
2336     2336   (0)     25  : 0.0080 0.0110 0.0050 0.0080 0.0050 0.9630
2337     2337   (0)     25  : 0.0030 0.0030 0.0040 0.0020 0.0020 0.9860
2338     2338   (0)     25  : 0.0030 0.0040 0.0030 0.0060 0.0020 0.9820
2339     2339   (0)     25  : 0.0028 0.0801 0.0050 0.0040 0.0530 0.8551
2340     2340   (0)     25  : 0.0020 0.0304 0.0032 0.0030 0.0076 0.9537
2341     2341   (0)     25  : 0.0030 0.0292 0.0030 0.0130 0.0060 0.9457
2342     2342   (0)     25  : 0.0024 0.0472 0.0030 0.0094 0.0030 0.9349
2343     2343   (0)     25  : 0.0050 0.0050 0.0030 0.0050 0.0060 0.9760
2344     2344   (0)     25  : 0.0090 0.0252 0.0060 0.0038 0.0100 0.9461
2345     2345   (0)     25  : 0.0030 0.0112 0.0030 0.0100 0.0070 0.9658
2346     2346   (0)     25  : 0.0020 0.0060 0.0020 0.0030 0.0030 0.9840
2347     2347   (0)     25  : 0.0020 0.0050 0.0260 0.0090 0.0110 0.9470
2348     2348   (0)     25  : 0.0020 0.0072 0.0020 0.0090 0.0090 0.9708
2349     2349   (0)     25  : 0.0050 0.0048 0.0102 0.0040 0.0040 0.9720
2350     2350   (0)     25  : 0.0040 0.0690 0.0030 0.0376 0.0130 0.8734
2351     2351   (0)     25  : 0.0030 0.0070 0.0030 0.0046 0.0254 0.9570
2352     2352   (0)     25  : 0.0030 0.0100 0.0068 0.0050 0.0070 0.9682
2353     2353   (0)     25  : 0.0030 0.0462 0.0040 0.0030 0.0050 0.9388
2354     2354   (0)     25  : 0.0040 0.0200 0.0020 0.0090 0.0040 0.9610
2355     2355   (0)     25  : 0.0040 0.0132 0.0040 0.0060 0.0070 0.9658
2356     2356   (0)     25  : 0.0030 0.0226 0.0060 0.0030 0.0114 0.9540
2357     2357   (0)     25  : 0.0020 0.0070 0.0050 0.0030 0.0030 0.9800
2358     2358   (0)     25  : 0.0040 0.0252 0.0060 0.0050 0.0080 0.9518
2359     2359   (0)     25  : 0.0020 0.1395 0.0048 0.0050 0.0030 0.8457
2360     2360   (0)     25  : 0.0030 0.0551 0.0034 0.0070 0.0164 0.9151
2361     2361   (0)     25  : 0.0020 0.0060 0.0026 0.0020 0.0030 0.9844
2362     2362   (0)     25  : 0.0020 0.0040 0.0040 0.0070 0.0040 0.9790
2363     2363   (0)     25  : 0.0030 0.0070 0.0050 0.0040 0.0030 0.9780
2364     2364   (0)     25  : 0.0030 0.0102 0.0030 0.0060 0.0030 0.9748
2365     2365   (0)     25  : 0.0032 0.0090 0.0030 0.0040 0.0090 0.9718
2366     2366   (0)     25  : 0.0080 0.0568 0.0030 0.0270 0.0040 0.9012
2367     2367   (0)     25  : 0.0030 0.0060 0.1003 0.0060 0.0040 0.8807
2368     2368   (0)     25  : 0.0040 0.0140 0.0040 0.0030 0.0090 0.9660
2369     2369   (0)     25  : 0.0070 0.1213 0.0060 0.0050 0.0070 0.8537
2370     2370   (0)     25  : 0.0020 0.0368 0.0070 0.0090 0.0070 0.9382
2371     2371   (0)     25  : 0.0020 0.0070 0.0362 0.0040 0.1295 0.8213
2372     2372   (0)     25  : 0.0030 0.0304 0.0030 0.0040 0.0070 0.9526
2373     2373   (0)     25  : 0.0040 0.0050 0.0020 0.0060 0.0040 0.9790
2374     2374   (0)     25  : 0.0020 0.0060 0.0020 0.0058 0.0060 0.9782
2375     2375   (0)     25  : 0.0030 0.0140 0.0020 0.0050 0.0030 0.9730
2376     2376   (0)     25  : 0.0020 0.0052 0.0060 0.0030 0.0046 0.9792
2377     2377   (0)     25  : 0.0030 0.0050 0.0040 0.0050 0.0030 0.9800
2378     2378   (0)     25  : 0.0070 0.0108 0.0090 0.0060 0.0532 0.9141
2379     2379   (0)     25  : 0.0030 0.0090 0.0050 0.0040 0.0090 0.9700
2380     2380   (0)     25  : 0.0020 0.0040 0.0050 0.0030 0.0060 0.9800
2381     2381   (0)     25  : 0.0040 0.0076 0.0020 0.0050 0.0066 0.9748
2382     2382   (0)     25  : 0.0080 0.0110 0.0110 0.0120 0.0110 0.9471
2383     2383   (0)     25  : 0.0020 0.0200 0.0020 0.0050 0.0080 0.9630
2384     2384   (0)     25  : 0.0030 0.0120 0.0060 0.0050 0.0034 0.9706
2385     2385   (0)     25  : 0.0020 0.0316 0.0030 0.0050 0.0070 0.9514
2386     2386   (0)     25  : 0.0030 0.0114 0.0030 0.0040 0.0040 0.9746
2387     2387   (0)     25  : 0.0020 0.0040 0.0020 0.0040 0.0020 0.9860
2388     2388   (0)     25  : 0.0030 0.1075 0.0090 0.0110 0.0040 0.8655
2389     2389   (0)     25  : 0.0020 0.0132 0.0030 0.0090 0.0140 0.9588
2390     2390   (0)     25  : 0.0020 0.0524 0.0030 0.0060 0.0060 0.9306
2391     2391   (0)     25  : 0.0030 0.0232 0.0052 0.0060 0.0100 0.9526
2392     2392   (0)     25  : 0.0060 0.0094 0.0030 0.0080 0.0040 0.9696
2393     2393   (0)     25  : 0.0050 0.0130 0.0060 0.0292 0.0090 0.9378
2394     2394   (0)     25  : 0.0040 0.0040 0.0110 0.0112 0.0120 0.9578
2395     2395   (0)     25  : 0.0020 0.0060 0.0130 0.0040 0.0100 0.9650
2396     2396   (0)     25  : 0.0030 0.0070 0.0050 0.0050 0.0060 0.9740
2397     2397   (0)     25  : 0.0030 0.0060 0.0030 0.0060 0.0050 0.9770
2398     2398   (0)     25  : 0.0040 0.0308 0.0060 0.0040 0.0040 0.9512
2399     2399   (0)     25  : 0.0020 0.0144 0.0080 0.0100 0.0486 0.9170
2400     2400   (0)     25  : 0.0212 0.1996 0.0060 0.0120 0.0080 0.7532
2401     2401   (0)     25  : 0.0020 0.0110 0.0030 0.0060 0.0058 0.9722
2402     2402   (0)     25  : 0.0020 0.0086 0.0040 0.0090 0.0050 0.9714
2403     2403   (0)     25  : 0.0040 0.0040 0.0040 0.0030 0.0050 0.9800
2404     2404   (0)     25  : 0.0040 0.0110 0.0050 0.0060 0.0070 0.9670
2405     2405   (0)     25  : 0.0022 0.1794 0.0030 0.0070 0.0030 0.8054
2406     2406   (0)     25  : 0.0080 0.0120 0.0190 0.0096 0.0214 0.9300
2407     2407   (0)     25  : 0.0030 0.0040 0.0090 0.0070 0.0120 0.9650
2408     2408   (0)     25  : 0.0020 0.0120 0.0076 0.0088 0.0254 0.9442
2409     2409   (0)     25  : 0.0060 0.0790 0.0070 0.0030 0.0070 0.8980
2410     2410   (0)     25  : 0.0030 0.0404 0.0080 0.0050 0.0040 0.9396
2411     2411   (0)     25  : 0.0040 0.0086 0.0050 0.0060 0.0090 0.9674
2412     2412   (0)     25  : 0.0040 0.0106 0.0020 0.0030 0.0386 0.9418
2413     2413   (0)     25  : 0.0040 0.0126 0.0040 0.0030 0.0262 0.9502
2414     2414   (0)     25  : 0.0040 0.0090 0.0078 0.0314 0.0060 0.9418
2415     2415   (0)     25  : 0.0030 0.0040 0.0030 0.0070 0.0040 0.9790
2416     2416   (0)     25  : 0.0040 0.0102 0.0040 0.0040 0.0110 0.9668
2417     2417   (0)     25  : 0.0030 0.0218 0.0040 0.0040 0.0040 0.9632
2418     2418   (0)     25  : 0.0030 0.0044 0.0030 0.0070 0.0080 0.9746
2419     2419   (0)     25  : 0.0030 0.0050 0.0150 0.0038 0.0040 0.9692
2420     2420   (0)     26  : 0.0030 0.0050 0.0030 0.0040 0.0030 0.9820
2421     2421   (0)     26  : 0.0050 0.0052 0.0100 0.0050 0.0050 0.9698
2422     2422   (0)     26  : 0.0030 0.0060 0.0040 0.0080 0.0080 0.9710
2423     2423   (0)     26  : 0.0020 0.0130 0.0060 0.0090 0.0154 0.9546
2424     2424   (0)     26  : 0.0020 0.0040 0.0030 0.0040 0.0040 0.9830
2425     2425   (0)     26  : 0.0030 0.0060 0.0060 0.0040 0.0040 0.9770
2426     2426   (0)     26  : 0.0060 0.0050 0.0090 0.0020 0.0040 0.9740
2427     2427   (0)     26  : 0.0060 0.0040 0.0020 0.0020 0.0090 0.9770
2428     2428   (0)     26  : 0.0070 0.0050 0.0040 0.0040 0.0074 0.9726
2429     2429   (0)     26  : 0.0050 0.0040 0.0040 0.0526 0.0252 0.9092
2430     2430   (0)     26  : 0.0020 0.0030 0.0030 0.0020 0.0030 0.9870
2431     2431   (0)     26  : 0.0020 0.0040 0.0050 0.0040 0.0280 0.9570
2432     2432   (0)     26  : 0.0020 0.0080 0.0050 0.0030 0.0050 0.9770
2433     2433   (0)     26  : 0.0030 0.0060 0.0056 0.0040 0.0030 0.9784
2434     2434   (0)     26  : 0.0040 0.0328 0.0030 0.0030 0.0060 0.9512
2435     2435  (10)     26  : 0.0030 0.0050 0.0050 0.0030 0.0050 0.9790
2436     2436   (0)     26  : 0.0030 0.0060 0.0040 0.0050 0.0220 0.9600
2437     2437   (0)     26  : 0.0140 0.0252 0.0120 0.0122 0.0070 0.9296
2438     2438   (0)     26  : 0.0020 0.0080 0.0060 0.0070 0.0040 0.9730
2439     2439   (0)     26  : 0.0050 0.0060 0.0884 0.0060 0.0120 0.8826
2440     2440   (5)     26  : 0.0030 0.0040 0.0050 0.0040 0.0040 0.9800
2441     2441   (0)     26  : 0.0026 0.0050 0.0030 0.0060 0.0030 0.9804
2442     2442   (0)     26  : 0.0020 0.0050 0.0070 0.0020 0.0040 0.9800
2443     2443   (0)     26  : 0.0070 0.0080 0.0164 0.0070 0.0040 0.9576
2444     2444   (0)     26  : 0.0050 0.0040 0.0036 0.0030 0.0040 0.9804
2445     2445   (0)     26  : 0.0020 0.0060 0.0030 0.0050 0.0050 0.9790
2446     2446   (0)     26  : 0.0030 0.0040 0.0030 0.0020 0.0340 0.9540
2447     2447   (5)     26  : 0.0020 0.0038 0.0060 0.0020 0.0030 0.9832
2448     2448   (0)     26  : 0.0030 0.0110 0.0060 0.0030 0.0040 0.9730
2449     2449   (0)     26  : 0.0030 0.0080 0.0040 0.0040 0.0040 0.9770
2450     2450   (0)     26  : 0.0030 0.0120 0.0226 0.0080 0.0100 0.9444
2451     2451   (0)     26  : 0.0060 0.0362 0.0030 0.0080 0.0194 0.9275
2452     2452   (0)     26  : 0.0030 0.0060 0.0030 0.0060 0.0120 0.9700
2453     2453   (0)     26  : 0.0030 0.0200 0.0070 0.0202 0.0120 0.9378
2454     2454   (0)     26  : 0.0030 0.0140 0.0048 0.0040 0.0050 0.9692
2455     2455   (0)     26  : 0.0020 0.0080 0.0030 0.0050 0.0040 0.9780
2456     2456   (0)     26  : 0.0020 0.0050 0.0100 0.0020 0.0040 0.9770
2457     2457   (5)     26  : 0.0040 0.0090 0.0040 0.0098 0.0060 0.9672
2458     2458   (0)     26  : 0.0030 0.0050 0.0040 0.0030 0.0144 0.9706
2459     2459   (0)     26  : 0.0030 0.0060 0.0080 0.0030 0.0160 0.9640
2460     2460   (0)     26  : 0.0020 0.0050 0.0030 0.0030 0.0070 0.9800
2461     2461   (5)     26  : 0.0084 0.0060 0.0032 0.0040 0.0040 0.9744
2462     2462   (5)     26  : 0.0020 0.0040 0.0142 0.0060 0.0060 0.9678
2463     2463  (10)     26  : 0.0036 0.0040 0.0040 0.0040 0.0070 0.9774
2464     2464   (5)     26  : 0.0030 0.0030 0.0160 0.0030 0.0070 0.9680
2465     2465   (5)     26  : 0.0020 0.0030 0.0020 0.0020 0.0050 0.9860
2466     2466   (5)     26  : 0.0030 0.0050 0.0030 0.0040 0.0050 0.9800
2467     2467   (5)     26  : 0.0040 0.0160 0.0950 0.0030 0.0080 0.8740
2468     2468   (5)     26  : 0.0040 0.0060 0.0034 0.0050 0.0100 0.9716
2469     2469  (10)     26  : 0.0040 0.0610 0.0060 0.0040 0.0150 0.9100
2470     2470   (5)     26  : 0.0060 0.0390 0.0110 0.0090 0.0272 0.9078
2471     2471   (5)     26  : 0.0030 0.0040 0.0020 0.0030 0.0050 0.9830
2472     2472   (5)     26  : 0.0030 0.0408 0.0050 0.0090 0.0080 0.9342
2473     2473   (0)     27  : 0.0040 0.0104 0.0040 0.0040 0.0258 0.9518
2474     2474   (0)     27  : 0.0020 0.0040 0.0030 0.0030 0.0040 0.9840
2475     2475   (0)     27  : 0.0020 0.0050 0.0030 0.0020 0.0040 0.9840
2476     2476   (0)     27  : 0.0030 0.0030 0.0040 0.0020 0.0030 0.9850
2477     2477   (0)     27  : 0.0030 0.0130 0.0050 0.0084 0.0152 0.9554
2478     2478   (0)     27  : 0.0060 0.0070 0.0100 0.0370 0.0160 0.9240
2479     2479   (0)     27  : 0.0040 0.0050 0.0050 0.0030 0.0092 0.9738
2480     2480   (0)     27  : 0.0020 0.0050 0.0020 0.0030 0.0040 0.9840
2481     2481   (0)     27  : 0.0020 0.0050 0.0030 0.0060 0.0050 0.9790
2482     2482   (0)     27  : 0.0170 0.0070 0.0050 0.0020 0.0352 0.9338
2483     2483   (0)     27  : 0.0020 0.0030 0.0020 0.0050 0.0040 0.9840
2484     2484   (0)     27  : 0.0020 0.0030 0.0080 0.0040 0.0050 0.9780
2485     2485   (0)     27  : 0.0030 0.0110 0.0180 0.0040 0.0512 0.9128
2486     2486   (0)     27  : 0.0020 0.0050 0.0040 0.0040 0.0040 0.9810
2487     2487   (0)     27  : 0.0040 0.0080 0.0050 0.0070 0.0030 0.9730
2488     2488   (0)     27  : 0.0030 0.0050 0.0102 0.0070 0.0040 0.9708
2489     2489   (0)     27  : 0.0030 0.0050 0.0040 0.0060 0.0060 0.9760
2490     2490   (0)     27  : 0.0030 0.0040 0.0080 0.0038 0.0040 0.9772
2491     2491   (0)     27  : 0.0020 0.0030 0.0060 0.0030 0.0330 0.9530
2492     2492   (0)     27  : 0.0030 0.0080 0.0030 0.0030 0.0070 0.9760
2493     2493   (0)     27  : 0.0020 0.0074 0.0030 0.0020 0.0088 0.9768
2494     2494   (0)     27  : 0.0020 0.0070 0.0050 0.0040 0.0050 0.9770
2495     2495   (0)     27  : 0.0030 0.0050 0.0030 0.0028 0.0040 0.9822
2496     2496   (0)     27  : 0.0030 0.0070 0.0060 0.0060 0.0060 0.9720
2497     2497   (0)     27  : 0.0020 0.0030 0.0050 0.0030 0.0030 0.9840
2498     2498   (0)     27  : 0.0040 0.0050 0.0030 0.0030 0.0026 0.9824
2499     2499   (0)     27  : 0.0020 0.0030 0.0020 0.0030 0.0040 0.9860
2500     2500   (0)     27  : 0.0060 0.0070 0.0100 0.0080 0.0154 0.9536
2501     2501   (0)     27  : 0.0030 0.0158 0.0070 0.0050 0.0170 0.9522
2502     2502   (0)     27  : 0.0030 0.0030 0.0068 0.0080 0.0080 0.9712
2503     2503   (0)     27  : 0.0040 0.0060 0.0468 0.0020 0.0050 0.9362
2504     2504   (0)     27  : 0.0090 0.0030 0.0040 0.0030 0.0070 0.9740
2505     2505   (0)     27  : 0.0030 0.0070 0.0080 0.0070 0.0080 0.9670
2506     2506   (0)     27  : 0.0050 0.0160 0.0180 0.0046 0.0130 0.9434
2507     2507   (0)     27  : 0.0020 0.0070 0.0150 0.0090 0.0100 0.9570
2508     2508   (0)     27  : 0.0052 0.0240 0.0050 0.0020 0.0100 0.9538
2509     2509   (0)     27  : 0.0020 0.0190 0.0020 0.0040 0.0184 0.9546
2510     2510   (0)     27  : 0.0090 0.0070 0.0396 0.0030 0.0060 0.9354
2511     2511   (0)     27  : 0.0020 0.0040 0.0030 0.0030 0.0110 0.9770
2512     2512   (0)     27  : 0.0080 0.0140 0.0030 0.0040 0.0050 0.9660
2513     2513   (0)     27  : 0.0040 0.0030 0.0102 0.0030 0.0050 0.9748
2514     2514   (0)     27  : 0.0040 0.0050 0.0030 0.0032 0.0030 0.9818
2515     2515   (0)     27  : 0.0020 0.0050 0.0050 0.0040 0.0062 0.9778
2516     2516   (0)     27  : 0.0030 0.0070 0.0076 0.0060 0.0070 0.9694
2517     2517   (0)     27  : 0.0020 0.0040 0.0040 0.0070 0.0040 0.9790
2518     2518   (0)     27  : 0.0044 0.0060 0.0030 0.0030 0.0050 0.9786
2519     2519   (0)     27  : 0.0030 0.0030 0.0040 0.0040 0.0270 0.9590
2520     2520   (0)     27  : 0.0030 0.0322 0.0200 0.0070 0.0056 0.9322
2521     2521   (0)     27  : 0.0030 0.0170 0.0020 0.0040 0.0070 0.9670
2522     2522   (0)     27  : 0.0030 0.0040 0.0060 0.0030 0.0060 0.9780
2523     2523   (0)     27  : 0.0020 0.0080 0.0040 0.0030 0.0092 0.9738
2524     2524   (0)     27  : 0.0040 0.0070 0.0070 0.0080 0.0120 0.9620
2525     2525   (0)     27  : 0.0020 0.0050 0.0030 0.0020 0.0100 0.9780
2526     2526   (0)     27  : 0.0060 0.0050 0.0030 0.0030 0.0040 0.9790
2527     2527   (0)     27  : 0.0030 0.0050 0.0078 0.0060 0.0090 0.9692
2528     2528   (0)     27  : 0.0020 0.0030 0.0070 0.0040 0.0030 0.9810
2529     2529   (0)     27  : 0.0030 0.0150 0.0190 0.0030 0.0448 0.9152
2530     2530   (0)     27  : 0.0040 0.0180 0.0040 0.0040 0.0070 0.9630
2531     2531   (0)     27  : 0.0070 0.0060 0.0080 0.0020 0.0100 0.9670
2532     2532   (0)     27  : 0.0030 0.0052 0.0040 0.0050 0.0276 0.9552
2533     2533   (0)     27  : 0.0040 0.0050 0.0020 0.0416 0.0120 0.9354
2534     2534   (0)     27  : 0.0040 0.0040 0.0108 0.0030 0.0050 0.9732
2535     2535   (0)     27  : 0.0040 0.0070 0.0050 0.0030 0.0070 0.9740
2536     2536   (0)     27  : 0.0020 0.0050 0.0020 0.0030 0.0040 0.9840
2537     2537   (0)     27  : 0.0030 0.0040 0.0030 0.0040 0.0030 0.9830
2538     2538   (0)     27  : 0.0040 0.0040 0.0040 0.0020 0.0050 0.9810
2539     2539   (0)     27  : 0.0030 0.0050 0.0030 0.0040 0.0040 0.9810
2540     2540   (0)     27  : 0.0030 0.0050 0.0032 0.0064 0.0070 0.9754
2541     2541   (0)     27  : 0.0050 0.0060 0.0060 0.0120 0.0070 0.9640
2542     2542   (0)     27  : 0.0030 0.0030 0.0100 0.0024 0.0068 0.9748
2543     2543   (0)     27  : 0.0030 0.0140 0.0020 0.0040 0.0080 0.9690
2544     2544   (0)     27  : 0.0040 0.0138 0.0038 0.0180 0.0080 0.9524
2545     2545   (0)     27  : 0.0030 0.0030 0.0040 0.0040 0.0100 0.9760
2546     2546   (0)     27  : 0.0030 0.0040 0.0110 0.0030 0.0050 0.9740
2547     2547   (0)     27  : 0.0030 0.0070 0.0030 0.0050 0.0122 0.9698
2548     2548   (0)     27  : 0.0040 0.0040 0.0040 0.0040 0.0070 0.9770
2549     2549   (0)     27  : 0.0030 0.0040 0.0020 0.0040 0.0040 0.9830
2550     2550   (0)     27  : 0.0030 0.0156 0.0070 0.0040 0.0134 0.9570
2551     2551   (0)     27  : 0.0020 0.0030 0.0030 0.0030 0.0120 0.9770
2552     2552   (0)     27  : 0.0020 0.0040 0.0060 0.0020 0.0040 0.9820
2553     2553   (0)     27  : 0.0030 0.0088 0.0060 0.0050 0.0050 0.9722
2554     2554   (0)     27  : 0.0020 0.0040 0.0020 0.0030 0.0050 0.9840
2555     2555   (0)     27  : 0.0030 0.0110 0.0030 0.0030 0.0086 0.9714
2556     2556   (0)     27  : 0.0020 0.0064 0.0030 0.0020 0.0080 0.9786
2557     2557   (0)     27  : 0.0020 0.0060 0.0070 0.0030 0.0060 0.9760
2558     2558   (0)     27  : 0.0030 0.0070 0.0030 0.0020 0.0084 0.9766
2559     2559   (0)     27  : 0.0020 0.0030 0.0050 0.0030 0.0060 0.9810
2560     2560   (0)     27  : 0.0030 0.0040 0.0080 0.0020 0.0030 0.9800
2561     2561   (0)     27  : 0.0030 0.0110 0.0030 0.0050 0.0060 0.9720
2562     2562   (0)     27  : 0.0038 0.0040 0.0040 0.0040 0.0346 0.9496
2563     2563   (0)     27  : 0.0040 0.0030 0.0090 0.0030 0.0030 0.9780
2564     2564   (0)     27  : 0.0020 0.0054 0.0030 0.0030 0.0066 0.9800
2565     2565   (0)     27  : 0.0030 0.0070 0.0040 0.0040 0.0050 0.9770
2566     2566   (0)     27  : 0.0030 0.0040 0.0110 0.0040 0.0072 0.9708
2567     2567   (0)     27  : 0.0040 0.0050 0.0060 0.0030 0.0100 0.9720
2568     2568   (0)     27  : 0.0040 0.0060 0.0040 0.0030 0.0030 0.9800
2569     2569   (0)     27  : 0.0020 0.0060 0.0070 0.0040 0.0130 0.9680
2570     2570   (0)     27  : 0.0040 0.0070 0.0060 0.0030 0.0118 0.9682
2571     2571   (0)     27  : 0.0030 0.0050 0.0040 0.0050 0.0030 0.9800
2572     2572   (0)     27  : 0.0030 0.0130 0.0030 0.0076 0.0050 0.9684
2573     2573   (0)     27  : 0.0040 0.0040 0.0030 0.0020 0.0040 0.9830
2574     2574   (0)     27  : 0.0020 0.0040 0.0130 0.0040 0.0040 0.9730
2575     2575   (0)     27  : 0.0020 0.0060 0.0030 0.0030 0.0040 0.9820
2576     2576   (0)     27  : 0.0142 0.0040 0.0470 0.0050 0.0094 0.9204
2577     2577   (0)     27  : 0.0030 0.0134 0.0030 0.0060 0.0040 0.9706
2578     2578   (0)     27  : 0.0030 0.0080 0.0040 0.0040 0.0050 0.9760
2579     2579   (0)     27  : 0.0050 0.0092 0.0150 0.0030 0.0332 0.9346
2580     2580   (0)     27  : 0.0020 0.0030 0.0110 0.0030 0.0060 0.9750
2581     2581   (0)     27  : 0.0040 0.0040 0.0160 0.0050 0.0338 0.9372
2582     2582   (0)     27  : 0.0040 0.0060 0.0040 0.0040 0.0054 0.9766
2583     2583   (0)     27  : 0.0060 0.0060 0.1043 0.0060 0.0218 0.8559
2584     2584   (0)     27  : 0.0030 0.0040 0.0050 0.0070 0.0060 0.9750
2585     2585   (0)     27  : 0.0020 0.0050 0.0050 0.0060 0.0086 0.9734
2586     2586   (0)     27  : 0.0040 0.0050 0.0140 0.0050 0.0070 0.9650
2587     2587   (0)     27  : 0.0020 0.0046 0.0060 0.0030 0.0030 0.9814
2588     2588   (0)     27  : 0.0020 0.0060 0.0060 0.0030 0.0060 0.9770
2589     2589   (0)     27  : 0.0030 0.0030 0.0140 0.0030 0.0030 0.9740
2590     2590   (0)     27  : 0.0050 0.0084 0.0070 0.0100 0.0092 0.9604
2591     2591   (0)     27  : 0.0020 0.0112 0.0040 0.0068 0.0070 0.9690
2592     2592   (0)     27  : 0.0020 0.0090 0.0080 0.0080 0.0338 0.9392
2593     2593   (0)     27  : 0.0030 0.0058 0.0510 0.0030 0.0126 0.9246
2594     2594   (0)     27  : 0.0030 0.0050 0.0040 0.0030 0.0050 0.9800
2595     2595   (0)     27  : 0.0020 0.0040 0.0030 0.0020 0.0040 0.9850
2596     2596   (0)     27  : 0.0020 0.0040 0.0040 0.0040 0.0030 0.9830
2597     2597   (0)     27  : 0.0020 0.0050 0.0050 0.0030 0.0288 0.9562
2598     2598   (5)     28  : 0.0030 0.0040 0.0030 0.9810 0.0050 0.0040
2599     2599   (0)     28  : 0.0050 0.0100 0.0030 0.9682 0.0078 0.0060
2600     2600   (0)     28  : 0.0020 0.0030 0.0030 0.9854 0.0030 0.0036
2601     2601   (0)     28  : 0.0060 0.0148 0.0100 0.9452 0.0100 0.0140
2602     2602   (0)     28  : 0.0020 0.0030 0.0020 0.9880 0.0030 0.0020
2603     2603   (0)     28  : 0.0030 0.0050 0.0050 0.9720 0.0020 0.0130
2604     2604   (0)     28  : 0.0020 0.0030 0.0020 0.9880 0.0030 0.0020
2605     2605   (0)     28  : 0.0030 0.0030 0.0030 0.9860 0.0020 0.0030
2606     2606   (0)     28  : 0.0030 0.0030 0.0040 0.9840 0.0030 0.0030
2607     2607   (0)     28  : 0.0020 0.0040 0.0020 0.9860 0.0030 0.0030
2608     2608   (0)     28  : 0.0020 0.0020 0.0020 0.9900 0.0020 0.0020
2609     2609   (0)     28  : 0.0020 0.0030 0.0020 0.9880 0.0030 0.0020
2610     2610   (0)     28  : 0.0040 0.0040 0.0030 0.9772 0.0088 0.0030
2611     2611   (5)     28  : 0.0020 0.0020 0.0020 0.9900 0.0020 0.0020
2612     2612   (0)     28  : 0.0020 0.0030 0.0020 0.9860 0.0040 0.0030
2613     2613   (0)     28  : 0.0020 0.0026 0.0020 0.9884 0.0030 0.0020
2614     2614   (0)     28  : 0.0020 0.0040 0.0060 0.9840 0.0020 0.0020
2615     2615   (0)     28  : 0.0030 0.0030 0.0020 0.9870 0.0030 0.0020
2616     2616   (0)     28  : 0.0030 0.0030 0.0020 0.9850 0.0030 0.0040
2617     2617   (0)     28  : 0.0020 0.0030 0.0020 0.9880 0.0020 0.0030
2618     2618   (0)     28  : 0.0020 0.0020 0.0020 0.9890 0.0020 0.0030
2619     2619   (0)     28  : 0.0030 0.0030 0.0040 0.9834 0.0030 0.0036
2620     2620   (0)     28  : 0.0020 0.0022 0.0020 0.9888 0.0020 0.0030
2621     2621   (0)     28  : 0.0020 0.0020 0.0020 0.9900 0.0020 0.0020
2622     2622   (0)     28  : 0.0020 0.0020 0.0020 0.9900 0.0020 0.0020
2623     2623   (0)     28  : 0.0020 0.0030 0.0030 0.9880 0.0020 0.0020
2624     2624   (0)     28  : 0.0020 0.0020 0.0020 0.9880 0.0030 0.0030
2625     2625   (0)     28  : 0.0020 0.0030 0.0020 0.9890 0.0020 0.0020
2626     2626   (0)     29  : 0.0030 0.0030 0.0060 0.9840 0.0020 0.0020
2627     2627   (0)     29  : 0.0020 0.0020 0.0020 0.9900 0.0020 0.0020
2628     2628   (0)     29  : 0.0020 0.0038 0.0020 0.9862 0.0030 0.0030
2629     2629   (0)     29  : 0.0030 0.0020 0.0030 0.9860 0.0040 0.0020
2630     2630   (0)     29  : 0.0042 0.0070 0.0080 0.9642 0.0080 0.0086
2631     2631   (0)     29  : 0.0020 0.0030 0.0020 0.9890 0.0020 0.0020
2632     2632   (0)     29  : 0.0020 0.0040 0.0030 0.9850 0.0030 0.0030
2633     2633   (0)     29  : 0.0020 0.0040 0.0070 0.9820 0.0020 0.0030
2634     2634   (0)     29  : 0.0020 0.0030 0.0020 0.9890 0.0020 0.0020
2635     2635   (0)     29  : 0.0020 0.0050 0.0044 0.9806 0.0040 0.0040
2636     2636   (0)     29  : 0.0030 0.0030 0.0040 0.9834 0.0030 0.0036
2637     2637   (0)     29  : 0.0020 0.0020 0.0020 0.9900 0.0020 0.0020
2638     2638   (0)     29  : 0.0020 0.0020 0.0020 0.9900 0.0020 0.0020
2639     2639   (0)     29  : 0.0020 0.0020 0.0020 0.9900 0.0020 0.0020
2640     2640   (0)     29  : 0.0020 0.0030 0.0020 0.9890 0.0020 0.0020
2641     2641   (0)     29  : 0.0020 0.0020 0.0020 0.9900 0.0020 0.0020
2642     2642   (0)     29  : 0.0020 0.0040 0.0030 0.9820 0.0040 0.0050
2643     2643   (0)     29  : 0.0020 0.0020 0.0020 0.9890 0.0030 0.0020
2644     2644   (0)     29  : 0.0020 0.0030 0.0030 0.9850 0.0040 0.0030
2645     2645   (0)     29  : 0.0020 0.0020 0.0020 0.9900 0.0020 0.0020
2646     2646   (0)     29  : 0.0020 0.0040 0.0020 0.9870 0.0020 0.0030
2647     2647   (0)     29  : 0.0030 0.0050 0.0020 0.9840 0.0030 0.0030
2648     2648   (0)     29  : 0.0030 0.0030 0.0060 0.9800 0.0050 0.0030
2649     2649   (0)     29  : 0.0020 0.0040 0.0040 0.9860 0.0020 0.0020
2650     2650   (0)     29  : 0.0020 0.0030 0.0030 0.9878 0.0020 0.0022
2651     2651   (0)     29  : 0.0020 0.0020 0.0020 0.9900 0.0020 0.0020
2652     2652   (0)     29  : 0.0020 0.0030 0.0020 0.9890 0.0020 0.0020
2653     2653   (0)     29  : 0.0030 0.0030 0.0030 0.9840 0.0040 0.0030
2654     2654   (0)     29  : 0.0020 0.0020 0.0020 0.9880 0.0030 0.0030
2655     2655   (0)     29  : 0.0040 0.0040 0.0020 0.9820 0.0020 0.0060
2656     2656   (0)     29  : 0.0020 0.0020 0.0020 0.9900 0.0020 0.0020
2657     2657   (0)     29  : 0.0020 0.0030 0.0020 0.9880 0.0020 0.0030
2658     2658   (0)     29  : 0.0030 0.0030 0.0020 0.9870 0.0020 0.0030
2659     2659   (0)     29  : 0.0020 0.0020 0.0014 0.9906 0.0020 0.0020
2660     2660   (0)     29  : 0.0030 0.0050 0.0030 0.9800 0.0020 0.0070
2661     2661   (0)     29  : 0.0020 0.0030 0.0020 0.9868 0.0042 0.0020
2662     2662   (0)     29  : 0.0020 0.0040 0.0020 0.9880 0.0020 0.0020
2663     2663   (0)     29  : 0.0020 0.0030 0.0010 0.9890 0.0020 0.0030
2664     2664   (0)     29  : 0.0020 0.0020 0.0020 0.9900 0.0020 0.0020
2665     2665   (0)     29  : 0.0016 0.0030 0.0020 0.9894 0.0020 0.0020
2666     2666   (0)     29  : 0.0020 0.0026 0.0020 0.9894 0.0020 0.0020
2667     2667   (0)     29  : 0.0020 0.0030 0.0020 0.9870 0.0040 0.0020
2668     2668   (0)     29  : 0.0030 0.0040 0.0030 0.9840 0.0030 0.0030
2669     2669   (0)     29  : 0.0040 0.0150 0.0090 0.9500 0.0110 0.0110
2670     2670   (0)     29  : 0.0020 0.0030 0.0030 0.9860 0.0030 0.0030
2671     2671   (0)     29  : 0.0020 0.0020 0.0020 0.9890 0.0030 0.0020
2672     2672   (0)     29  : 0.0020 0.0020 0.0020 0.9900 0.0020 0.0020
2673     2673   (0)     29  : 0.0020 0.0030 0.0026 0.9850 0.0050 0.0024
2674     2674   (0)     29  : 0.0030 0.0048 0.0040 0.9832 0.0020 0.0030
2675     2675   (0)     29  : 0.0020 0.0030 0.0020 0.9890 0.0020 0.0020
2676     2676   (0)     29  : 0.0020 0.0020 0.0020 0.9900 0.0020 0.0020
2677     2677   (0)     29  : 0.0020 0.0030 0.0020 0.9880 0.0030 0.0020
2678     2678   (0)     29  : 0.0020 0.0030 0.0020 0.9880 0.0020 0.0030
2679     2679   (0)     29  : 0.0020 0.0030 0.0020 0.9880 0.0030 0.0020
2680     2680   (0)     29  : 0.0020 0.0040 0.0030 0.9830 0.0040 0.0040
2681     2681   (0)     29  : 0.0040 0.0040 0.0060 0.9758 0.0052 0.0050
2682     2682   (0)     29  : 0.0020 0.0030 0.0020 0.9890 0.0020 0.0020
2683     2683   (0)     29  : 0.0020 0.0030 0.0020 0.9890 0.0020 0.0020
2684     2684   (0)     29  : 0.0040 0.0090 0.0098 0.9518 0.0100 0.0154
2685     2685   (0)     29  : 0.0020 0.0030 0.0030 0.9860 0.0030 0.0030
2686     2686   (0)     29  : 0.0020 0.0030 0.0030 0.9870 0.0020 0.0030
2687     2687   (0)     29  : 0.0020 0.0030 0.0020 0.9870 0.0030 0.0030
2688     2688   (0)     29  : 0.0020 0.0030 0.0040 0.9870 0.0020 0.0020
2689     2689   (0)     29  : 0.0010 0.0020 0.0020 0.9910 0.0020 0.0020
2690     2690   (0)     29  : 0.0020 0.0020 0.0020 0.9890 0.0030 0.0020
2691     2691   (0)     29  : 0.0020 0.0030 0.0020 0.9872 0.0028 0.0030
2692     2692   (0)     29  : 0.0020 0.0030 0.0020 0.9860 0.0040 0.0030
2693     2693   (0)     29  : 0.0020 0.0040 0.0020 0.9850 0.0040 0.0030
2694     2694   (0)     29  : 0.0020 0.0030 0.0020 0.9890 0.0020 0.0020
2695     2695   (0)     29  : 0.0050 0.0060 0.0130 0.9630 0.0060 0.0070
2696     2696   (0)     29  : 0.0020 0.0030 0.0020 0.9880 0.0030 0.0020
2697     2697   (0)     29  : 0.0050 0.0040 0.0030 0.9794 0.0040 0.0046
2698     2698   (0)     29  : 0.0020 0.0040 0.0020 0.9870 0.0030 0.0020
2699     2699   (0)     29  : 0.0020 0.0020 0.0020 0.9890 0.0020 0.0030
2700     2700   (0)     29  : 0.0020 0.0028 0.0040 0.9872 0.0020 0.0020
2701     2701   (0)     29  : 0.0030 0.0070 0.0070 0.9500 0.0230 0.0100
2702     2702   (0)     29  : 0.0080 0.0090 0.0030 0.9700 0.0050 0.0050
2703     2703   (0)     29  : 0.0020 0.0020 0.0024 0.9896 0.0020 0.0020
2704     2704   (0)     29  : 0.0020 0.0030 0.0030 0.9860 0.0030 0.0030
2705     2705   (0)     29  : 0.0030 0.0034 0.0040 0.9816 0.0040 0.0040
2706     2706   (0)     29  : 0.0020 0.0030 0.0020 0.9870 0.0020 0.0040
2707     2707   (0)     29  : 0.0030 0.0060 0.0070 0.9778 0.0022 0.0040
2708     2708   (0)     29  : 0.0030 0.0040 0.0050 0.9790 0.0040 0.0050
2709     2709   (0)     29  : 0.0030 0.0030 0.0030 0.9860 0.0020 0.0030
2710     2710   (0)     29  : 0.0020 0.0030 0.0020 0.9890 0.0020 0.0020
2711     2711   (0)     29  : 0.0020 0.0030 0.0020 0.9870 0.0020 0.0040
2712     2712   (0)     29  : 0.0020 0.0030 0.0020 0.9870 0.0030 0.0030
2713     2713   (0)     29  : 0.0070 0.0110 0.0056 0.9580 0.0096 0.0088
2714     2714   (0)     29  : 0.0050 0.0070 0.0120 0.9650 0.0060 0.0050
2715     2715   (0)     29  : 0.0030 0.0030 0.0020 0.9880 0.0020 0.0020
2716     2716   (0)     29  : 0.0020 0.0030 0.0020 0.9880 0.0030 0.0020
2717     2717   (0)     29  : 0.0020 0.0030 0.0020 0.9880 0.0020 0.0030
2718     2718   (0)     29  : 0.0020 0.0050 0.0060 0.9710 0.0090 0.0070
2719     2719   (0)     29  : 0.0020 0.0020 0.0020 0.9890 0.0030 0.0020
2720     2720   (0)     29  : 0.0010 0.0030 0.0020 0.9900 0.0020 0.0020
2721     2721   (0)     29  : 0.0020 0.0030 0.0020 0.9880 0.0020 0.0030
2722     2722   (0)     29  : 0.0020 0.0030 0.0020 0.9890 0.0020 0.0020
2723     2723   (0)     29  : 0.0020 0.0020 0.0020 0.9890 0.0020 0.0030
2724     2724   (0)     29  : 0.0020 0.0030 0.0020 0.9880 0.0020 0.0030
2725     2725   (0)     29  : 0.0040 0.0050 0.0090 0.9730 0.0040 0.0050
2726     2726   (0)     29  : 0.0020 0.0040 0.0040 0.9840 0.0030 0.0030
2727     2727   (0)     29  : 0.0020 0.0030 0.0070 0.9790 0.0020 0.0070
2728     2728   (0)     29  : 0.0030 0.0020 0.0030 0.9870 0.0030 0.0020
2729     2729   (0)     29  : 0.0020 0.0020 0.0020 0.9900 0.0020 0.0020
2730     2730   (0)     29  : 0.0020 0.0020 0.0020 0.9900 0.0020 0.0020
2731     2731   (0)     29  : 0.0030 0.0030 0.0020 0.9870 0.0020 0.0030
2732     2732   (0)     29  : 0.0020 0.0030 0.0012 0.9898 0.0020 0.0020
2733     2733   (0)     29  : 0.0020 0.0030 0.0020 0.9890 0.0020 0.0020
2734     2734   (0)     29  : 0.0020 0.0030 0.0020 0.9870 0.0030 0.0030
2735     2735   (0)     29  : 0.0020 0.0030 0.0020 0.9880 0.0020 0.0030
2736     2736   (0)     29  : 0.0020 0.0030 0.0020 0.9880 0.0030 0.0020
2737     2737   (0)     29  : 0.0020 0.0030 0.0020 0.9868 0.0032 0.0030
2738     2738   (0)     29  : 0.0030 0.0040 0.0030 0.9820 0.0020 0.0060
2739     2739   (0)     29  : 0.0020 0.0030 0.0030 0.9862 0.0038 0.0020
2740     2740   (0)     29  : 0.0030 0.0030 0.0050 0.9746 0.0070 0.0074
2741     2741   (0)     29  : 0.0030 0.0040 0.0020 0.9840 0.0030 0.0040
2742     2742   (0)     29  : 0.0020 0.0028 0.0020 0.9892 0.0020 0.0020
2743     2743   (0)     29  : 0.0020 0.0030 0.0030 0.9860 0.0030 0.0030
2744     2744   (0)     29  : 0.0030 0.0030 0.0040 0.9830 0.0040 0.0030
2745     2745   (0)     29  : 0.0044 0.0040 0.0040 0.9784 0.0060 0.0032
2746     2746   (0)     29  : 0.0030 0.0020 0.0020 0.9870 0.0030 0.0030
2747     2747   (0)     29  : 0.0020 0.0040 0.0020 0.9870 0.0030 0.0020
2748     2748   (0)     29  : 0.0020 0.0070 0.0050 0.9740 0.0060 0.0060
2749     2749   (0)     29  : 0.0020 0.0050 0.0020 0.9850 0.0030 0.0030
2750     2750   (0)     29  : 0.0020 0.0030 0.0040 0.9860 0.0020 0.0030
2751     2751   (0)     29  : 0.0030 0.0030 0.0020 0.9850 0.0050 0.0020
2752     2752   (0)     29  : 0.0020 0.0020 0.0020 0.9900 0.0020 0.0020
2753     2753   (0)     29  : 0.0020 0.0020 0.0020 0.9900 0.0020 0.0020
2754     2754   (0)     29  : 0.0030 0.0030 0.0020 0.9878 0.0020 0.0022
2755     2755   (0)     29  : 0.0020 0.0020 0.0010 0.9910 0.0020 0.0020
2756     2756   (0)     29  : 0.0020 0.0030 0.0020 0.9880 0.0030 0.0020
2757     2757   (0)     29  : 0.0020 0.0020 0.0020 0.9900 0.0020 0.0020
2758     2758   (0)     29  : 0.0014 0.0030 0.0020 0.9896 0.0020 0.0020
2759     2759   (0)     29  : 0.0020 0.0030 0.0020 0.9880 0.0030 0.0020
2760     2760   (0)     29  : 0.0020 0.0030 0.0030 0.9880 0.0020 0.0020
2761     2761   (0)     29  : 0.0020 0.0030 0.0020 0.9880 0.0020 0.0030
2762     2762   (0)     29  : 0.0020 0.0020 0.0020 0.9890 0.0030 0.0020
2763     2763   (0)     29  : 0.0020 0.0030 0.0020 0.9880 0.0020 0.0030
2764     2764   (0)     29  : 0.0050 0.0030 0.0030 0.9830 0.0030 0.0030
2765     2765   (0)     29  : 0.0020 0.0030 0.0020 0.9880 0.0020 0.0030
2766     2766   (0)     29  : 0.0030 0.0040 0.0040 0.9800 0.0050 0.0040
2767     2767   (0)     29  : 0.0026 0.0020 0.0020 0.9894 0.0020 0.0020
2768     2768   (0)     29  : 0.0020 0.0030 0.0020 0.9880 0.0030 0.0020
2769     2769   (0)     29  : 0.0030 0.0040 0.0020 0.9854 0.0026 0.0030
2770     2770   (0)     29  : 0.0030 0.0050 0.0020 0.9850 0.0020 0.0030
2771     2771   (0)     29  : 0.0020 0.0020 0.0020 0.9900 0.0020 0.0020
2772     2772   (0)     29  : 0.0020 0.0040 0.0020 0.9860 0.0020 0.0040
2773     2773   (0)     29  : 0.0020 0.0030 0.0020 0.9870 0.0030 0.0030
2774     2774   (0)     29  : 0.0020 0.0030 0.0040 0.9870 0.0020 0.0020
2775     2775   (0)     29  : 0.0020 0.0030 0.0040 0.9860 0.0030 0.0020
2776     2776   (0)     29  : 0.0020 0.0030 0.0028 0.9872 0.0020 0.0030
2777     2777   (0)     29  : 0.0020 0.0040 0.0030 0.9860 0.0020 0.0030
2778     2778   (0)     29  : 0.0020 0.0020 0.0010 0.9900 0.0020 0.0030
2779     2779   (0)     29  : 0.0020 0.0030 0.0020 0.9880 0.0020 0.0030
2780     2780   (0)     29  : 0.0030 0.0040 0.0180 0.9650 0.0040 0.0060
2781     2781   (0)     29  : 0.0020 0.0020 0.0020 0.9900 0.0020 0.0020
2782     2782   (0)     29  : 0.0020 0.0060 0.0030 0.9812 0.0030 0.0048
2783     2783   (0)     29  : 0.0020 0.0030 0.0020 0.9890 0.0020 0.0020
2784     2784   (0)     29  : 0.0020 0.0022 0.0020 0.9888 0.0020 0.0030
2785     2785   (0)     29  : 0.0020 0.0050 0.0246 0.9594 0.0040 0.0050
2786     2786   (0)     29  : 0.0020 0.0030 0.0020 0.9880 0.0030 0.0020
2787     2787   (0)     29  : 0.0020 0.0030 0.0020 0.9890 0.0020 0.0020
2788     2788   (0)     29  : 0.0020 0.0020 0.0040 0.9880 0.0020 0.0020
2789     2789   (0)     29  : 0.0020 0.0030 0.0030 0.9840 0.0040 0.0040
2790     2790   (0)     29  : 0.0030 0.0030 0.0030 0.9860 0.0020 0.0030
2791     2791   (0)     29  : 0.0020 0.0020 0.0020 0.9900 0.0020 0.0020
2792     2792   (0)     29  : 0.0030 0.0030 0.0020 0.9870 0.0020 0.0030
2793     2793   (0)     29  : 0.0020 0.0030 0.0020 0.9880 0.0020 0.0030
2794     2794   (0)     29  : 0.0020 0.0040 0.0020 0.9850 0.0050 0.0020
2795     2795   (0)     29  : 0.0020 0.0030 0.0020 0.9890 0.0020 0.0020
2796     2796   (0)     29  : 0.0020 0.0030 0.0020 0.9880 0.0030 0.0020
2797     2797   (0)     29  : 0.0020 0.0024 0.0020 0.9896 0.0020 0.0020
2798     2798   (0)     29  : 0.0020 0.0020 0.0020 0.9890 0.0030 0.0020
2799     2799   (0)     29  : 0.0030 0.0030 0.0020 0.9870 0.0020 0.0030
2800     2800   (0)     29  : 0.0020 0.0030 0.0020 0.9890 0.0020 0.0020
2801     2801   (0)     29  : 0.0030 0.0100 0.0098 0.9363 0.0070 0.0340
2802     2802   (0)     29  : 0.0020 0.0020 0.0020 0.9900 0.0020 0.0020
2803     2803   (0)     29  : 0.0020 0.0030 0.0030 0.9840 0.0060 0.0020
2804     2804   (0)     29  : 0.0020 0.0040 0.0030 0.9828 0.0052 0.0030
2805     2805   (0)     29  : 0.0020 0.0020 0.0020 0.9900 0.0020 0.0020
2806     2806   (0)     29  : 0.0020 0.0030 0.0020 0.9890 0.0020 0.0020
2807     2807   (0)     29  : 0.0020 0.0024 0.0020 0.9896 0.0020 0.0020
2808     2808   (0)     29  : 0.0020 0.0030 0.0020 0.9880 0.0020 0.0030
2809     2809   (0)     29  : 0.0020 0.0020 0.0030 0.9876 0.0030 0.0024
2810     2810   (0)     29  : 0.0030 0.0050 0.0040 0.9770 0.0030 0.0080
2811     2811   (0)     29  : 0.0020 0.0050 0.0030 0.9840 0.0030 0.0030
2812     2812   (0)     29  : 0.0020 0.0030 0.0020 0.9880 0.0020 0.0030
2813     2813   (0)     29  : 0.0020 0.0030 0.0030 0.9860 0.0020 0.0040
2814     2814   (0)     29  : 0.0020 0.0040 0.0048 0.9842 0.0020 0.0030
2815     2815   (0)     29  : 0.0020 0.0070 0.0030 0.9790 0.0060 0.0030
2816     2816   (0)     29  : 0.0020 0.0020 0.0010 0.9910 0.0020 0.0020
2817     2817   (0)     29  : 0.0030 0.0020 0.0020 0.9880 0.0020 0.0030
2818     2818   (0)     29  : 0.0060 0.0110 0.0080 0.9524 0.0156 0.0070
2819     2819   (0)     29  : 0.0030 0.0020 0.0030 0.9866 0.0030 0.0024
2820     2820   (0)     29  : 0.0030 0.0040 0.0020 0.9840 0.0030 0.0040
2821     2821   (0)     29  : 0.0020 0.0030 0.0020 0.9870 0.0030 0.0030
2822     2822   (0)     29  : 0.0020 0.0022 0.0020 0.9898 0.0020 0.0020
2823     2823   (0)     29  : 0.0040 0.0030 0.0050 0.9800 0.0020 0.0060
2824     2824   (0)     29  : 0.0030 0.0020 0.0030 0.9880 0.0020 0.0020
2825     2825   (0)     29  : 0.0020 0.0030 0.0040 0.9840 0.0040 0.0030
2826     2826   (0)     29  : 0.0020 0.0030 0.0020 0.9880 0.0020 0.0030
2827     2827   (0)     29  : 0.0040 0.0030 0.0050 0.9770 0.0090 0.0020
2828     2828   (0)     29  : 0.0020 0.0040 0.0030 0.9850 0.0030 0.0030
2829     2829   (0)     29  : 0.0020 0.0020 0.0020 0.9890 0.0030 0.0020
2830     2830   (0)     29  : 0.0020 0.0020 0.0020 0.9900 0.0020 0.0020
2831     2831   (0)     29  : 0.0020 0.0020 0.0020 0.9900 0.0020 0.0020
2832     2832   (0)     29  : 0.0020 0.0030 0.0020 0.9870 0.0020 0.0040
2833     2833   (0)     29  : 0.0020 0.0020 0.0020 0.9900 0.0020 0.0020
2834     2834   (0)     29  : 0.0040 0.0020 0.0040 0.9838 0.0030 0.0032
2835     2835   (0)     29  : 0.0020 0.0020 0.0020 0.9900 0.0020 0.0020
2836     2836   (0)     29  : 0.0040 0.0040 0.0090 0.9750 0.0030 0.0050
2837     2837   (0)     29  : 0.0030 0.0030 0.0020 0.9870 0.0020 0.0030
2838     2838   (0)     29  : 0.0030 0.0060 0.0030 0.9780 0.0070 0.0030
2839     2839   (0)     29  : 0.0020 0.0040 0.0020 0.9850 0.0030 0.0040
2840     2840   (0)     29  : 0.0030 0.0040 0.0030 0.9800 0.0070 0.0030
2841     2841   (0)     29  : 0.0020 0.0020 0.0020 0.9900 0.0020 0.0020
2842     2842   (0)     29  : 0.0020 0.0036 0.0030 0.9864 0.0020 0.0030
2843     2843   (0)     29  : 0.0020 0.0030 0.0020 0.9890 0.0020 0.0020
2844     2844   (0)     29  : 0.0020 0.0020 0.0020 0.9890 0.0030 0.0020
2845     2845   (0)     29  : 0.0020 0.0030 0.0020 0.9870 0.0030 0.0030
2846     2846   (0)     29  : 0.0030 0.0040 0.0040 0.9820 0.0050 0.0020
2847     2847   (0)     29  : 0.0020 0.0070 0.0030 0.9820 0.0030 0.0030
2848     2848   (0)     29  : 0.0020 0.0020 0.0020 0.9890 0.0020 0.0030
2849     2849   (0)     29  : 0.0020 0.0020 0.0020 0.9898 0.0020 0.0022
2850     2850   (0)     29  : 0.0050 0.0064 0.0060 0.9756 0.0040 0.0030
2851     2851   (0)     29  : 0.0020 0.0020 0.0042 0.9868 0.0030 0.0020
2852     2852   (0)     29  : 0.0030 0.0030 0.0030 0.9860 0.0020 0.0030
2853     2853   (0)     29  : 0.0020 0.0020 0.0020 0.9900 0.0020 0.0020
2854     2854   (0)     29  : 0.0020 0.0050 0.0020 0.9830 0.0050 0.0030
2855     2855   (0)     29  : 0.0050 0.0030 0.0020 0.9850 0.0020 0.0030
2856     2856   (0)     29  : 0.0020 0.0040 0.0060 0.9800 0.0050 0.0030
2857     2857   (0)     29  : 0.0020 0.0032 0.0020 0.9888 0.0020 0.0020
2858     2858   (0)     29  : 0.0060 0.0030 0.0050 0.9780 0.0030 0.0050
2859     2859   (0)     29  : 0.0020 0.0040 0.0030 0.9852 0.0030 0.0028
2860     2860   (0)     29  : 0.0030 0.0040 0.0030 0.9830 0.0030 0.0040
2861     2861   (0)     29  : 0.0020 0.0020 0.0010 0.9910 0.0020 0.0020
2862     2862   (0)     29  : 0.0020 0.0020 0.0020 0.9890 0.0020 0.0030
2863     2863   (0)     29  : 0.0020 0.0040 0.0020 0.9870 0.0030 0.0020
2864     2864   (0)     29  : 0.0020 0.0030 0.0020 0.9880 0.0030 0.0020
2865     2865   (0)     29  : 0.0020 0.0040 0.0020 0.9870 0.0020 0.0030
2866     2866   (0)     29  : 0.0030 0.0088 0.0020 0.9752 0.0050 0.0060
2867     2867   (0)     29  : 0.0020 0.0040 0.0020 0.9850 0.0040 0.0030
2868     2868   (0)     29  : 0.0020 0.0026 0.0020 0.9894 0.0020 0.0020
2869     2869   (0)     29  : 0.0070 0.0090 0.0216 0.9170 0.0364 0.0090
2870     2870   (0)     29  : 0.0030 0.0030 0.0020 0.9870 0.0030 0.0020
2871     2871   (0)     29  : 0.0030 0.0030 0.0020 0.9870 0.0030 0.0020
2872     2872   (0)     29  : 0.0020 0.0030 0.0020 0.9890 0.0020 0.0020
2873     2873   (0)     29  : 0.0020 0.0030 0.0050 0.9790 0.0080 0.0030
2874     2874   (0)     29  : 0.0020 0.0050 0.0060 0.9760 0.0050 0.0060
2875     2875   (0)     29  : 0.0020 0.0030 0.0028 0.9872 0.0030 0.0020
2876     2876   (0)     29  : 0.0010 0.0026 0.0020 0.9904 0.0020 0.0020
2877     2877   (0)     29  : 0.0020 0.0030 0.0020 0.9870 0.0030 0.0030
2878     2878   (0)     29  : 0.0020 0.0030 0.0020 0.9890 0.0020 0.0020
2879     2879   (0)     29  : 0.0022 0.0030 0.0020 0.9878 0.0020 0.0030
2880     2880   (0)     29  : 0.0020 0.0020 0.0020 0.9892 0.0028 0.0020
2881     2881   (0)     29  : 0.0020 0.0040 0.0050 0.9730 0.0050 0.0110
2882     2882   (0)     29  : 0.0020 0.0030 0.0020 0.9882 0.0028 0.0020
2883     2883   (0)     29  : 0.0030 0.0020 0.0040 0.9860 0.0020 0.0030
2884     2884   (0)     29  : 0.0020 0.0030 0.0020 0.9870 0.0040 0.0020
2885     2885   (0)     29  : 0.0030 0.0030 0.0020 0.9870 0.0030 0.0020
2886     2886   (0)     29  : 0.0030 0.0020 0.0020 0.9880 0.0030 0.0020
2887     2887   (0)     29  : 0.0030 0.0030 0.0020 0.9870 0.0020 0.0030
2888     2888   (0)     29  : 0.0020 0.0040 0.0030 0.9830 0.0050 0.0030
2889     2889   (0)     29  : 0.0020 0.0030 0.0020 0.9890 0.0020 0.0020
2890     2890   (0)     29  : 0.0050 0.0090 0.0050 0.9630 0.0130 0.0050
2891     2891   (0)     29  : 0.0020 0.0030 0.0020 0.9880 0.0030 0.0020
2892     2892   (0)     29  : 0.0030 0.0030 0.0030 0.9830 0.0040 0.0040
2893     2893   (0)     29  : 0.0020 0.0020 0.0010 0.9900 0.0030 0.0020
2894     2894   (0)     29  : 0.0020 0.0040 0.0020 0.9868 0.0032 0.0020
2895     2895   (0)     29  : 0.0020 0.0020 0.0020 0.9890 0.0030 0.0020
2896     2896   (0)     29  : 0.0020 0.0030 0.0020 0.9890 0.0020 0.0020
2897     2897   (0)     29  : 0.0020 0.0030 0.0020 0.9870 0.0030 0.0030
2898     2898   (0)     29  : 0.0020 0.0040 0.0020 0.9830 0.0050 0.0040
2899     2899   (0)     29  : 0.0038 0.0050 0.0030 0.9796 0.0056 0.0030
2900     2900   (0)     29  : 0.0020 0.0030 0.0020 0.9880 0.0030 0.0020
2901     2901   (0)     29  : 0.0020 0.0020 0.0030 0.9870 0.0020 0.0040
2902     2902   (0)     29  : 0.0020 0.0020 0.0020 0.9900 0.0020 0.0020
2903     2903   (0)     29  : 0.0030 0.0030 0.0050 0.9820 0.0020 0.0050
2904     2904   (0)     29  : 0.0020 0.0030 0.0080 0.9780 0.0030 0.0060
2905     2905   (0)     29  : 0.0020 0.0030 0.0030 0.9850 0.0040 0.0030
2906     2906   (0)     29  : 0.0020 0.0030 0.0020 0.9870 0.0030 0.0030
2907     2907   (0)     29  : 0.0020 0.0030 0.0030 0.9850 0.0040 0.0030
2908     2908   (0)     29  : 0.0030 0.0040 0.0030 0.9770 0.0050 0.0080
2909     2909   (0)     29  : 0.0030 0.0030 0.0030 0.9850 0.0030 0.0030
2910     2910   (0)     29  : 0.0020 0.0020 0.0030 0.9870 0.0030 0.0030
2911     2911   (0)     29  : 0.0020 0.0020 0.0030 0.9880 0.0020 0.0030
2912     2912   (0)     29  : 0.0020 0.0040 0.0010 0.9890 0.0020 0.0020
2913     2913   (0)     29  : 0.0020 0.0030 0.0020 0.9880 0.0030 0.0020
2914     2914   (0)     29  : 0.0030 0.0040 0.0030 0.9830 0.0030 0.0040
2915     2915   (0)     29  : 0.0030 0.0040 0.0030 0.9830 0.0050 0.0020
2916     2916   (0)     29  : 0.0020 0.0020 0.0020 0.9900 0.0020 0.0020
2917     2917   (0)     29  : 0.0020 0.0030 0.0020 0.9880 0.0020 0.0030
2918     2918   (0)     29  : 0.0020 0.0030 0.0020 0.9880 0.0030 0.0020
2919     2919   (0)     29  : 0.0020 0.0030 0.0020 0.9890 0.0020 0.0020
2920     2920   (0)     29  : 0.0020 0.0020 0.0020 0.9900 0.0020 0.0020
2921     2921   (0)     29  : 0.0030 0.0020 0.0020 0.9890 0.0020 0.0020
2922     2922   (0)     29  : 0.0020 0.0030 0.0020 0.9890 0.0020 0.0020
2923     2923   (0)     29  : 0.0030 0.0030 0.0020 0.9878 0.0020 0.0022
2924     2924   (0)     29  : 0.0030 0.0040 0.0030 0.9840 0.0030 0.0030
2925     2925   (0)     29  : 0.0030 0.0040 0.0020 0.9830 0.0040 0.0040
2926     2926   (5)     30  : 0.0020 0.0020 0.9880 0.0030 0.0020 0.0030
2927     2927   (0)     30  : 0.0020 0.0020 0.9892 0.0020 0.0028 0.0020
2928     2928   (0)     30  : 0.0030 0.0040 0.9750 0.0050 0.0090 0.0040
2929     2929   (0)     30  : 0.0020 0.0020 0.9890 0.0020 0.0020 0.0030
2930     2930   (5)     30  : 0.0036 0.0040 0.9400 0.0030 0.0440 0.0054
2931     2931   (0)     30  : 0.0020 0.0020 0.9900 0.0020 0.0020 0.0020
2932     2932   (0)     30  : 0.0040 0.0020 0.9880 0.0020 0.0020 0.0020
2933     2933   (0)     30  : 0.0020 0.0030 0.9850 0.0020 0.0050 0.0030
2934     2934   (0)     30  : 0.0030 0.0030 0.9848 0.0030 0.0042 0.0020
2935     2935   (0)     30  : 0.0030 0.0020 0.9870 0.0030 0.0030 0.0020
2936     2936   (0)     30  : 0.0020 0.0020 0.9890 0.0020 0.0020 0.0030
2937     2937   (0)     30  : 0.0020 0.0020 0.9880 0.0020 0.0030 0.0030
2938     2938   (5)     30  : 0.0036 0.0050 0.9804 0.0020 0.0040 0.0050
2939     2939   (0)     30  : 0.0020 0.0020 0.9880 0.0030 0.0030 0.0020
2940     2940   (0)     30  : 0.0030 0.0030 0.9850 0.0020 0.0040 0.0030
2941     2941   (0)     30  : 0.0020 0.0020 0.9900 0.0020 0.0020 0.0020
2942     2942   (0)     30  : 0.0030 0.0050 0.9790 0.0020 0.0040 0.0070
2943     2943   (0)     30  : 0.0020 0.0020 0.9852 0.0030 0.0050 0.0028
2944     2944   (0)     30  : 0.0030 0.0040 0.9800 0.0060 0.0040 0.0030
2945     2945   (0)     30  : 0.0030 0.0090 0.9439 0.0050 0.0140 0.0252
2946     2946   (0)     30  : 0.0020 0.0020 0.9880 0.0020 0.0040 0.0020
2947     2947   (0)     30  : 0.0020 0.0020 0.9890 0.0020 0.0020 0.0030
2948     2948   (0)     30  : 0.0030 0.0080 0.9624 0.0090 0.0086 0.0090
2949     2949   (0)     30  : 0.0060 0.0040 0.9700 0.0040 0.0110 0.0050
2950     2950   (0)     30  : 0.0020 0.0020 0.9900 0.0020 0.0020 0.0020
2951     2951   (0)     30  : 0.0030 0.0040 0.9730 0.0060 0.0100 0.0040
2952     2952   (0)     30  : 0.0020 0.0020 0.9888 0.0020 0.0030 0.0022
2953     2953   (0)     31  : 0.0030 0.0030 0.9858 0.0020 0.0042 0.0020
2954     2954   (0)     31  : 0.0030 0.0020 0.9850 0.0030 0.0030 0.0040
2955     2955   (0)     31  : 0.0020 0.0030 0.9860 0.0020 0.0040 0.0030
2956     2956   (0)     31  : 0.0020 0.0020 0.9900 0.0020 0.0020 0.0020
2957     2957   (0)     31  : 0.0030 0.0040 0.9790 0.0030 0.0080 0.0030
2958     2958   (0)     31  : 0.0020 0.0020 0.9870 0.0020 0.0030 0.0040
2959     2959   (0)     31  : 0.0030 0.0028 0.9852 0.0030 0.0030 0.0030
2960     2960   (0)     31  : 0.0030 0.0020 0.9870 0.0030 0.0030 0.0020
2961     2961   (0)     31  : 0.0030 0.0030 0.9828 0.0032 0.0050 0.0030
2962     2962   (0)     31  : 0.0030 0.0030 0.9840 0.0030 0.0040 0.0030
2963     2963   (0)     31  : 0.0020 0.0020 0.9870 0.0030 0.0030 0.0030
2964     2964   (0)     31  : 0.0030 0.0020 0.9846 0.0020 0.0050 0.0034
2965     2965   (0)     31  : 0.0050 0.0030 0.9840 0.0020 0.0030 0.0030
2966     2966   (0)     31  : 0.0060 0.0090 0.9554 0.0050 0.0086 0.0160
2967     2967   (0)     31  : 0.0040 0.0030 0.9800 0.0020 0.0060 0.0050
2968     2968   (0)     31  : 0.0030 0.0030 0.9810 0.0040 0.0030 0.0060
2969     2969   (0)     31  : 0.0030 0.0022 0.9858 0.0030 0.0030 0.0030
2970     2970   (0)     31  : 0.0030 0.0020 0.9890 0.0020 0.0020 0.0020
2971     2971   (0)     31  : 0.0020 0.0050 0.9782 0.0020 0.0088 0.0040
2972     2972   (0)     31  : 0.0030 0.0070 0.9760 0.0050 0.0050 0.0040
2973     2973   (0)     31  : 0.0020 0.0020 0.9900 0.0020 0.0020 0.0020
2974     2974   (0)     31  : 0.0030 0.0020 0.9840 0.0030 0.0040 0.0040
2975     2975   (0)     31  : 0.0030 0.0030 0.9820 0.0030 0.0050 0.0040
2976     2976   (0)     31  : 0.0020 0.0040 0.9840 0.0030 0.0040 0.0030
2977     2977   (0)     31  : 0.0040 0.0020 0.9860 0.0030 0.0020 0.0030
2978     2978   (0)     31  : 0.0040 0.0030 0.9840 0.0030 0.0040 0.0020
2979     2979   (0)     31  : 0.0020 0.0020 0.9900 0.0020 0.0020 0.0020
2980     2980   (0)     31  : 0.0020 0.0020 0.9890 0.0020 0.0030 0.0020
2981     2981   (0)     31  : 0.0030 0.0030 0.9810 0.0060 0.0030 0.0040
2982     2982   (0)     31  : 0.0030 0.0020 0.9850 0.0030 0.0040 0.0030
2983     2983   (0)     31  : 0.0030 0.0030 0.9860 0.0020 0.0030 0.0030
2984     2984   (0)     31  : 0.0030 0.0020 0.9860 0.0020 0.0050 0.0020
2985     2985   (0)     31  : 0.0020 0.0020 0.9900 0.0020 0.0020 0.0020
2986     2986   (0)     31  : 0.0020 0.0030 0.9870 0.0020 0.0040 0.0020
2987     2987   (0)     31  : 0.0044 0.0040 0.9766 0.0040 0.0060 0.0050
2988     2988   (0)     31  : 0.0020 0.0020 0.9870 0.0030 0.0030 0.0030
2989     2989   (0)     31  : 0.0030 0.0020 0.9890 0.0020 0.0020 0.0020
2990     2990   (0)     31  : 0.0020 0.0020 0.9892 0.0020 0.0028 0.0020
2991     2991   (0)     31  : 0.0040 0.0020 0.9860 0.0020 0.0030 0.0030
2992     2992   (0)     31  : 0.0020 0.0030 0.9870 0.0020 0.0030 0.0030
2993     2993   (0)     31  : 0.0030 0.0050 0.9786 0.0024 0.0050 0.0060
2994     2994   (0)     31  : 0.0020 0.0030 0.9840 0.0040 0.0040 0.0030
2995     2995   (0)     31  : 0.0020 0.0020 0.9890 0.0020 0.0030 0.0020
2996     2996   (0)     31  : 0.0020 0.0040 0.9790 0.0050 0.0050 0.0050
2997     2997   (0)     31  : 0.0040 0.0034 0.9776 0.0050 0.0060 0.0040
2998     2998   (0)     31  : 0.0030 0.0040 0.9800 0.0040 0.0050 0.0040
2999     2999   (0)     31  : 0.0020 0.0030 0.9830 0.0030 0.0060 0.0030
3000     3000   (0)     31  : 0.0030 0.0030 0.9810 0.0030 0.0040 0.0060
3001     3001   (0)     31  : 0.0020 0.0020 0.9880 0.0020 0.0040 0.0020
3002     3002   (0)     31  : 0.0040 0.0020 0.9834 0.0020 0.0046 0.0040
3003     3003   (0)     31  : 0.0020 0.0020 0.9890 0.0020 0.0030 0.0020
3004     3004   (0)     31  : 0.0020 0.0040 0.9770 0.0030 0.0100 0.0040
3005     3005   (0)     31  : 0.0020 0.0020 0.9890 0.0020 0.0030 0.0020
3006     3006   (0)     31  : 0.0030 0.0040 0.9790 0.0060 0.0050 0.0030
3007     3007   (0)     31  : 0.0020 0.0020 0.9890 0.0020 0.0030 0.0020
3008     3008   (0)     31  : 0.0030 0.0020 0.9878 0.0020 0.0030 0.0022
3009     3009   (0)     31  : 0.0020 0.0030 0.9890 0.0020 0.0020 0.0020
3010     3010   (0)     31  : 0.0030 0.0010 0.9900 0.0020 0.0020 0.0020
3011     3011   (0)     31  : 0.0020 0.0030 0.9840 0.0030 0.0030 0.0050
3012     3012   (0)     31  : 0.0020 0.0020 0.9890 0.0020 0.0030 0.0020
3013     3013   (0)     31  : 0.0020 0.0020 0.9870 0.0030 0.0030 0.0030
3014     3014   (0)     31  : 0.0030 0.0020 0.9850 0.0030 0.0040 0.0030
3015     3015   (0)     31  : 0.0020 0.0020 0.9890 0.0020 0.0030 0.0020
3016     3016   (0)     31  : 0.0030 0.0020 0.9870 0.0020 0.0030 0.0030
3017     3017   (0)     31  : 0.0020 0.0030 0.9840 0.0040 0.0040 0.0030
3018     3018   (0)     31  : 0.0034 0.0030 0.9856 0.0030 0.0020 0.0030
3019     3019   (0)     31  : 0.0030 0.0020 0.9874 0.0020 0.0030 0.0026
3020     3020   (0)     31  : 0.0030 0.0030 0.9850 0.0020 0.0030 0.0040
3021     3021   (0)     31  : 0.0020 0.0030 0.9816 0.0054 0.0040 0.0040
3022     3022   (0)     31  : 0.0020 0.0020 0.9900 0.0020 0.0020 0.0020
3023     3023   (0)     31  : 0.0020 0.0050 0.9820 0.0020 0.0030 0.0060
3024     3024   (0)     31  : 0.0020 0.0020 0.9900 0.0020 0.0020 0.0020
3025     3025   (0)     31  : 0.0020 0.0030 0.9730 0.0040 0.0150 0.0030
3026     3026   (0)     31  : 0.0020 0.0040 0.9812 0.0056 0.0050 0.0022
3027     3027   (0)     31  : 0.0020 0.0030 0.9860 0.0020 0.0040 0.0030
3028     3028   (0)     31  : 0.0040 0.0040 0.9770 0.0050 0.0060 0.0040
3029     3029   (0)     31  : 0.0020 0.0030 0.9850 0.0040 0.0030 0.0030
3030     3030   (0)     31  : 0.0020 0.0120 0.9210 0.0060 0.0118 0.0472
3031     3031   (0)     31  : 0.0020 0.0050 0.9748 0.0040 0.0082 0.0060
3032     3032   (0)     31  : 0.0030 0.0030 0.9834 0.0020 0.0056 0.0030
3033     3033   (0)     31  : 0.0040 0.0040 0.9808 0.0030 0.0040 0.0042
3034     3034   (0)     31  : 0.0030 0.0060 0.9810 0.0020 0.0040 0.0040
3035     3035   (0)     31  : 0.0020 0.0028 0.9780 0.0040 0.0090 0.0042
3036     3036   (0)     31  : 0.0030 0.0216 0.9420 0.0060 0.0194 0.0080
3037     3037   (0)     31  : 0.0020 0.0020 0.9890 0.0020 0.0030 0.0020
3038     3038   (0)     31  : 0.0030 0.0040 0.9820 0.0020 0.0030 0.0060
3039     3039   (0)     31  : 0.0020 0.0020 0.9890 0.0020 0.0030 0.0020
3040     3040   (0)     31  : 0.0020 0.0020 0.9830 0.0040 0.0040 0.0050
3041     3041   (0)     31  : 0.0020 0.0020 0.9884 0.0020 0.0036 0.0020
3042     3042   (0)     31  : 0.0020 0.0020 0.9908 0.0012 0.0020 0.0020
3043     3043   (0)     31  : 0.0020 0.0030 0.9850 0.0020 0.0040 0.0040
3044     3044   (0)     31  : 0.0030 0.0040 0.9790 0.0030 0.0060 0.0050
3045     3045   (0)     31  : 0.0028 0.0020 0.9862 0.0020 0.0040 0.0030
3046     3046   (0)     31  : 0.0020 0.0030 0.9880 0.0020 0.0030 0.0020
3047     3047   (0)     31  : 0.0020 0.0040 0.9800 0.0020 0.0090 0.0030
3048     3048   (0)     31  : 0.0020 0.0020 0.9880 0.0020 0.0040 0.0020
3049     3049   (0)     31  : 0.0020 0.0020 0.9838 0.0020 0.0082 0.0020
3050     3050   (0)     31  : 0.0030 0.0020 0.9870 0.0030 0.0020 0.0030
3051     3051   (0)     31  : 0.0020 0.0020 0.9880 0.0020 0.0030 0.0030
3052     3052   (0)     31  : 0.0030 0.0040 0.9810 0.0050 0.0040 0.0030
3053     3053   (0)     31  : 0.0020 0.0030 0.9860 0.0020 0.0040 0.0030
3054     3054   (0)     31  : 0.0020 0.0020 0.9860 0.0030 0.0050 0.0020
3055     3055   (0)     31  : 0.0040 0.0020 0.9850 0.0020 0.0040 0.0030
3056     3056   (0)     31  : 0.0050 0.0030 0.9810 0.0030 0.0030 0.0050
3057     3057   (0)     31  : 0.0040 0.0036 0.9804 0.0030 0.0050 0.0040
3058     3058   (0)     31  : 0.0020 0.0022 0.9848 0.0050 0.0030 0.0030
3059     3059   (0)     31  : 0.0030 0.0030 0.9850 0.0020 0.0030 0.0040
3060     3060   (0)     31  : 0.0020 0.0024 0.9876 0.0020 0.0030 0.0030
3061     3061   (0)     31  : 0.0040 0.0040 0.9780 0.0070 0.0040 0.0030
3062     3062   (0)     31  : 0.0030 0.0030 0.9828 0.0040 0.0042 0.0030
3063     3063   (0)     31  : 0.0020 0.0030 0.9850 0.0030 0.0030 0.0040
3064     3064   (0)     31  : 0.0020 0.0020 0.9900 0.0020 0.0020 0.0020
3065     3065   (0)     31  : 0.0020 0.0020 0.9900 0.0020 0.0020 0.0020
3066     3066   (0)     31  : 0.0020 0.0020 0.9890 0.0020 0.0020 0.0030
3067     3067   (0)     31  : 0.0020 0.0020 0.9900 0.0020 0.0020 0.0020
3068     3068   (0)     31  : 0.0030 0.0020 0.9840 0.0030 0.0050 0.0030
3069     3069   (0)     31  : 0.0020 0.0020 0.9890 0.0030 0.0020 0.0020
3070     3070   (0)     31  : 0.0020 0.0026 0.9864 0.0020 0.0030 0.0040
3071     3071   (0)     31  : 0.0030 0.0030 0.9856 0.0020 0.0040 0.0024
3072     3072   (0)     31  : 0.0020 0.0030 0.9860 0.0020 0.0040 0.0030
3073     3073   (0)     31  : 0.0020 0.0030 0.9790 0.0030 0.0080 0.0050
3074     3074   (0)     31  : 0.0030 0.0090 0.9660 0.0050 0.0130 0.0040
3075     3075   (0)     31  : 0.0030 0.0030 0.9830 0.0040 0.0040 0.0030
3076     3076   (0)     31  : 0.0030 0.0040 0.9740 0.0060 0.0080 0.0050
3077     3077   (0)     31  : 0.0030 0.0040 0.9766 0.0070 0.0060 0.0034
3078     3078   (0)     31  : 0.0020 0.0020 0.9900 0.0020 0.0020 0.0020
3079     3079   (0)     31  : 0.0030 0.0020 0.9880 0.0020 0.0030 0.0020
3080     3080   (0)     31  : 0.0020 0.0030 0.9850 0.0020 0.0030 0.0050
3081     3081   (0)     31  : 0.0030 0.0040 0.9810 0.0040 0.0040 0.0040
3082     3082   (0)     31  : 0.0020 0.0030 0.9850 0.0030 0.0040 0.0030
3083     3083   (0)     31  : 0.0020 0.0020 0.9880 0.0020 0.0030 0.0030
3084     3084   (0)     31  : 0.0040 0.0040 0.9810 0.0030 0.0040 0.0040
3085     3085   (0)     31  : 0.0020 0.0020 0.9880 0.0020 0.0030 0.0030
3086     3086   (0)     31  : 0.0020 0.0080 0.9570 0.0040 0.0230 0.0060
3087     3087   (0)     31  : 0.0020 0.0030 0.9860 0.0030 0.0030 0.0030
3088     3088   (0)     31  : 0.0020 0.0020 0.9880 0.0020 0.0040 0.0020
3089     3089   (0)     31  : 0.0020 0.0022 0.9878 0.0030 0.0030 0.0020
3090     3090   (0)     31  : 0.0030 0.0036 0.9834 0.0030 0.0040 0.0030
3091     3091   (0)     31  : 0.0030 0.0050 0.9770 0.0030 0.0060 0.0060
3092     3092   (0)     31  : 0.0040 0.0050 0.9744 0.0070 0.0066 0.0030
3093     3093   (0)     31  : 0.0020 0.0030 0.9850 0.0030 0.0030 0.0040
3094     3094   (0)     31  : 0.0040 0.0034 0.9756 0.0030 0.0100 0.0040
3095     3095   (0)     31  : 0.0020 0.0020 0.9848 0.0030 0.0052 0.0030
3096     3096   (0)     31  : 0.0020 0.0024 0.9876 0.0020 0.0030 0.0030
3097     3097   (0)     31  : 0.0020 0.0020 0.9880 0.0030 0.0030 0.0020
3098     3098   (0)     31  : 0.0040 0.0050 0.9780 0.0050 0.0050 0.0030
3099     3099   (0)     31  : 0.0030 0.0020 0.9860 0.0020 0.0040 0.0030
3100     3100   (0)     31  : 0.0030 0.0020 0.9850 0.0020 0.0050 0.0030
3101     3101   (0)     31  : 0.0030 0.0030 0.9860 0.0020 0.0030 0.0030
3102     3102   (0)     31  : 0.0030 0.0030 0.9850 0.0020 0.0030 0.0040
3103     3103   (0)     31  : 0.0030 0.0040 0.9772 0.0030 0.0098 0.0030
3104     3104   (0)     31  : 0.0022 0.0020 0.9888 0.0020 0.0020 0.0030
3105     3105   (0)     31  : 0.0030 0.0030 0.9858 0.0020 0.0022 0.0040
3106     3106   (0)     31  : 0.0030 0.0040 0.9712 0.0060 0.0078 0.0080
3107     3107   (0)     31  : 0.0020 0.0020 0.9890 0.0020 0.0030 0.0020
3108     3108   (0)     31  : 0.0020 0.0020 0.9860 0.0030 0.0040 0.0030
3109     3109   (0)     31  : 0.0020 0.0060 0.9760 0.0060 0.0060 0.0040
3110     3110   (0)     31  : 0.0020 0.0060 0.9770 0.0050 0.0060 0.0040
3111     3111   (0)     31  : 0.0030 0.0030 0.9840 0.0040 0.0040 0.0020
3112     3112   (0)     31  : 0.0020 0.0020 0.9890 0.0020 0.0030 0.0020
3113     3113   (0)     31  : 0.0030 0.0040 0.9798 0.0020 0.0050 0.0062
3114     3114   (0)     31  : 0.0030 0.0040 0.9710 0.0070 0.0120 0.0030
3115     3115   (0)     31  : 0.0030 0.0020 0.9840 0.0040 0.0040 0.0030
3116     3116   (0)     31  : 0.0050 0.0040 0.9782 0.0038 0.0060 0.0030
3117     3117   (0)     31  : 0.0040 0.0110 0.9588 0.0040 0.0162 0.0060
3118     3118   (0)     31  : 0.0020 0.0030 0.9850 0.0020 0.0050 0.0030
3119     3119   (0)     31  : 0.0020 0.0030 0.9800 0.0090 0.0040 0.0020
3120     3120   (0)     31  : 0.0020 0.0020 0.9890 0.0020 0.0030 0.0020
3121     3121   (0)     31  : 0.0020 0.0020 0.9872 0.0030 0.0028 0.0030
3122     3122   (0)     31  : 0.0020 0.0020 0.9872 0.0030 0.0030 0.0028
3123     3123   (0)     31  : 0.0020 0.0020 0.9880 0.0020 0.0030 0.0030
3124     3124   (0)     31  : 0.0020 0.0020 0.9890 0.0020 0.0030 0.0020
3125     3125   (0)     31  : 0.0028 0.0020 0.9862 0.0030 0.0030 0.0030
3126     3126   (0)     31  : 0.0030 0.0020 0.9880 0.0020 0.0030 0.0020
3127     3127   (0)     31  : 0.0030 0.0020 0.9876 0.0020 0.0030 0.0024
3128     3128   (0)     31  : 0.0020 0.0026 0.9884 0.0020 0.0030 0.0020
3129     3129   (0)     31  : 0.0020 0.0030 0.9810 0.0020 0.0080 0.0040
3130     3130   (0)     31  : 0.0020 0.0020 0.9872 0.0040 0.0028 0.0020
3131     3131   (0)     31  : 0.0020 0.0020 0.9850 0.0020 0.0070 0.0020
3132     3132   (0)     31  : 0.0020 0.0030 0.9870 0.0020 0.0030 0.0030
3133     3133   (0)     31  : 0.0030 0.0020 0.9870 0.0020 0.0030 0.0030
3134     3134   (0)     31  : 0.0020 0.0020 0.9890 0.0020 0.0030 0.0020
3135     3135   (0)     31  : 0.0030 0.0040 0.9812 0.0030 0.0050 0.0038
3136     3136   (0)     31  : 0.0020 0.0030 0.9840 0.0030 0.0050 0.0030
3137     3137   (0)     31  : 0.0020 0.0030 0.9794 0.0020 0.0100 0.0036
3138     3138   (0)     31  : 0.0020 0.0030 0.9820 0.0060 0.0040 0.0030
3139     3139   (0)     31  : 0.0020 0.0020 0.9890 0.0020 0.0030 0.0020
3140     3140   (0)     31  : 0.0020 0.0030 0.9850 0.0040 0.0030 0.0030
3141     3141   (0)     31  : 0.0030 0.0090 0.9750 0.0050 0.0040 0.0040
3142     3142   (0)     31  : 0.0046 0.0020 0.9864 0.0020 0.0030 0.0020
3143     3143   (0)     31  : 0.0020 0.0030 0.9840 0.0030 0.0050 0.0030
3144     3144   (0)     31  : 0.0020 0.0020 0.9900 0.0020 0.0020 0.0020
3145     3145   (0)     31  : 0.0020 0.0030 0.9870 0.0020 0.0030 0.0030
3146     3146   (0)     31  : 0.0030 0.0030 0.9790 0.0050 0.0070 0.0030
3147     3147   (0)     31  : 0.0020 0.0030 0.9872 0.0020 0.0028 0.0030
3148     3148   (0)     31  : 0.0020 0.0030 0.9870 0.0020 0.0030 0.0030
3149     3149   (0)     31  : 0.0020 0.0030 0.9870 0.0020 0.0030 0.0030
3150     3150   (0)     31  : 0.0020 0.0040 0.9830 0.0020 0.0050 0.0040
3151     3151   (0)     31  : 0.0020 0.0020 0.9892 0.0020 0.0020 0.0028
3152     3152   (0)     31  : 0.0060 0.0050 0.9710 0.0040 0.0080 0.0060
3153     3153   (0)     31  : 0.0020 0.0030 0.9880 0.0020 0.0030 0.0020
3154     3154   (0)     31  : 0.0020 0.0030 0.9864 0.0036 0.0030 0.0020
3155     3155   (0)     31  : 0.0040 0.0044 0.9766 0.0040 0.0060 0.0050
3156     3156   (0)     31  : 0.0020 0.0030 0.9862 0.0020 0.0028 0.0040
3157     3157   (0)     31  : 0.0038 0.0026 0.9866 0.0020 0.0020 0.0030
3158     3158   (0)     31  : 0.0020 0.0030 0.9850 0.0030 0.0040 0.0030
3159     3159   (0)     31  : 0.0020 0.0030 0.9820 0.0040 0.0050 0.0040
3160     3160   (0)     31  : 0.0020 0.0020 0.9870 0.0030 0.0040 0.0020
3161     3161   (0)     31  : 0.0020 0.0020 0.9900 0.0020 0.0020 0.0020
3162     3162   (0)     31  : 0.0020 0.0020 0.9890 0.0020 0.0030 0.0020
3163     3163   (0)     31  : 0.0030 0.0030 0.9830 0.0020 0.0060 0.0030
3164     3164   (0)     31  : 0.0020 0.0030 0.9870 0.0020 0.0030 0.0030
3165     3165   (0)     31  : 0.0030 0.0030 0.9850 0.0030 0.0030 0.0030
3166     3166   (0)     31  : 0.0030 0.0020 0.9880 0.0020 0.0030 0.0020
3167     3167   (0)     31  : 0.0020 0.0030 0.9810 0.0060 0.0050 0.0030
3168     3168   (0)     31  : 0.0020 0.0030 0.9830 0.0040 0.0050 0.0030
3169     3169   (0)     31  : 0.0022 0.0020 0.9888 0.0020 0.0030 0.0020
3170     3170   (0)     31  : 0.0030 0.0030 0.9860 0.0020 0.0030 0.0030
3171     3171   (0)     31  : 0.0020 0.0020 0.9860 0.0020 0.0040 0.0040
3172     3172   (0)     31  : 0.0020 0.0020 0.9890 0.0020 0.0030 0.0020
3173     3173   (0)     31  : 0.0030 0.0030 0.9770 0.0080 0.0056 0.0034
3174     3174   (0)     31  : 0.0020 0.0048 0.9075 0.0040 0.0768 0.0050
3175     3175   (0)     31  : 0.0020 0.0080 0.9720 0.0030 0.0080 0.0070
3176     3176   (0)     31  : 0.0042 0.0022 0.9856 0.0020 0.0030 0.0030
3177     3177   (0)     31  : 0.0020 0.0080 0.9760 0.0030 0.0050 0.0060
3178     3178   (0)     31  : 0.0030 0.0030 0.9822 0.0040 0.0040 0.0038
3179     3179   (0)     31  : 0.0020 0.0020 0.9870 0.0030 0.0030 0.0030
3180     3180   (0)     31  : 0.0020 0.0020 0.9870 0.0020 0.0050 0.0020
3181     3181   (0)     31  : 0.0020 0.0020 0.9858 0.0040 0.0042 0.0020
3182     3182   (0)     31  : 0.0030 0.0030 0.9840 0.0020 0.0030 0.0050
3183     3183   (0)     31  : 0.0020 0.0020 0.9870 0.0020 0.0040 0.0030
3184     3184   (0)     31  : 0.0020 0.0020 0.9870 0.0020 0.0050 0.0020
3185     3185   (0)     31  : 0.0074 0.0150 0.9372 0.0052 0.0140 0.0212
3186     3186   (0)     31  : 0.0040 0.0070 0.9552 0.0060 0.0156 0.0122
3187     3187   (0)     31  : 0.0020 0.0030 0.9872 0.0020 0.0028 0.0030
3188     3188   (0)     31  : 0.0030 0.0020 0.9870 0.0020 0.0030 0.0030
3189     3189   (0)     31  : 0.0020 0.0020 0.9900 0.0020 0.0020 0.0020
3190     3190   (0)     31  : 0.0020 0.0020 0.9900 0.0020 0.0020 0.0020
3191     3191   (0)     31  : 0.0030 0.0020 0.9850 0.0040 0.0030 0.0030
3192     3192   (0)     31  : 0.0030 0.0040 0.9800 0.0040 0.0060 0.0030
3193     3193   (0)     31  : 0.0020 0.0030 0.9850 0.0030 0.0030 0.0040
3194     3194   (0)     31  : 0.0020 0.0030 0.9860 0.0020 0.0030 0.0040
3195     3195   (0)     31  : 0.0020 0.0030 0.9860 0.0030 0.0030 0.0030
3196     3196   (0)     31  : 0.0020 0.0020 0.9870 0.0020 0.0040 0.0030
3197     3197   (0)     31  : 0.0030 0.0030 0.9850 0.0030 0.0030 0.0030
3198     3198   (0)     31  : 0.0030 0.0030 0.9850 0.0030 0.0030 0.0030
3199     3199   (0)     31  : 0.0020 0.0020 0.9890 0.0020 0.0030 0.0020
3200     3200   (0)     31  : 0.0030 0.0030 0.9840 0.0030 0.0030 0.0040
3201     3201   (0)     31  : 0.0040 0.0040 0.9700 0.0080 0.0100 0.0040
3202     3202   (0)     31  : 0.0040 0.0050 0.9760 0.0080 0.0040 0.0030
3203     3203   (0)     31  : 0.0020 0.0020 0.9860 0.0030 0.0030 0.0040
3204     3204   (0)     31  : 0.0030 0.0030 0.9850 0.0030 0.0030 0.0030
3205     3205   (0)     31  : 0.0020 0.0020 0.9890 0.0020 0.0030 0.0020
3206     3206   (0)     31  : 0.0030 0.0020 0.9878 0.0022 0.0030 0.0020
3207     3207   (0)     31  : 0.0020 0.0020 0.9890 0.0020 0.0030 0.0020
3208     3208   (0)     31  : 0.0020 0.0010 0.9910 0.0020 0.0020 0.0020
3209     3209   (0)     31  : 0.0020 0.0020 0.9900 0.0020 0.0020 0.0020
3210     3210   (0)     31  : 0.0030 0.0030 0.9810 0.0050 0.0040 0.0040
3211     3211   (0)     31  : 0.0020 0.0030 0.9850 0.0030 0.0040 0.0030
3212     3212   (0)     31  : 0.0050 0.0030 0.9750 0.0020 0.0110 0.0040
3213     3213   (0)     31  : 0.0020 0.0020 0.9892 0.0020 0.0028 0.0020
3214     3214   (0)     31  : 0.0020 0.0030 0.9820 0.0030 0.0060 0.0040
3215     3215   (0)     31  : 0.0030 0.0020 0.9832 0.0028 0.0050 0.0040
3216     3216   (0)     31  : 0.0030 0.0050 0.9790 0.0030 0.0060 0.0040
3217     3217   (0)     31  : 0.0050 0.0080 0.9452 0.0140 0.0192 0.0086
3218     3218   (0)     31  : 0.0020 0.0020 0.9860 0.0030 0.0040 0.0030
3219     3219   (0)     31  : 0.0020 0.0040 0.9730 0.0080 0.0070 0.0060
3220     3220   (0)     31  : 0.0030 0.0020 0.9870 0.0020 0.0040 0.0020
3221     3221   (0)     31  : 0.0020 0.0020 0.9834 0.0066 0.0030 0.0030
3222     3222   (0)     31  : 0.0040 0.0020 0.9860 0.0020 0.0030 0.0030
3223     3223   (0)     31  : 0.0040 0.0050 0.9780 0.0050 0.0050 0.0030
3224     3224   (0)     31  : 0.0020 0.0020 0.9900 0.0020 0.0020 0.0020
3225     3225   (0)     31  : 0.0020 0.0030 0.9820 0.0030 0.0070 0.0030
3226     3226   (0)     31  : 0.0020 0.0020 0.9900 0.0020 0.0020 0.0020
3227     3227   (0)     31  : 0.0020 0.0020 0.9890 0.0020 0.0030 0.0020
3228     3228   (0)     31  : 0.0040 0.0020 0.9840 0.0030 0.0040 0.0030
3229     3229   (0)     31  : 0.0030 0.0030 0.9788 0.0060 0.0052 0.0040
3230     3230   (0)     31  : 0.0030 0.0030 0.9850 0.0030 0.0040 0.0020
3231     3231   (0)     31  : 0.0020 0.0020 0.9894 0.0020 0.0020 0.0026
3232     3232   (0)     31  : 0.0050 0.0030 0.9690 0.0070 0.0070 0.0090
3233     3233   (0)     31  : 0.0020 0.0020 0.9880 0.0020 0.0030 0.0030
3234     3234   (0)     31  : 0.0030 0.0020 0.9876 0.0020 0.0030 0.0024
3235     3235   (0)     31  : 0.0020 0.0020 0.9890 0.0020 0.0020 0.0030
3236     3236   (0)     31  : 0.0020 0.0020 0.9880 0.0020 0.0040 0.0020
3237     3237   (0)     31  : 0.0060 0.0030 0.9800 0.0030 0.0050 0.0030
3238     3238   (0)     31  : 0.0020 0.0020 0.9898 0.0020 0.0022 0.0020
3239     3239   (0)     31  : 0.0030 0.0040 0.9810 0.0040 0.0040 0.0040
3240     3240   (0)     31  : 0.0020 0.0030 0.9870 0.0020 0.0030 0.0030
3241     3241   (0)     31  : 0.0020 0.0020 0.9870 0.0020 0.0040 0.0030
3242     3242   (0)     31  : 0.0020 0.0030 0.9860 0.0030 0.0030 0.0030
3243     3243   (0)     31  : 0.0020 0.0060 0.9658 0.0044 0.0118 0.0100
3244     3244   (0)     31  : 0.0020 0.0020 0.9900 0.0020 0.0020 0.0020
3245     3245   (0)     31  : 0.0030 0.0020 0.9870 0.0020 0.0030 0.0030
3246     3246   (0)     31  : 0.0030 0.0030 0.9826 0.0020 0.0064 0.0030
3247     3247   (0)     31  : 0.0030 0.0020 0.9870 0.0030 0.0030 0.0020
3248     3248   (0)     31  : 0.0020 0.0020 0.9890 0.0020 0.0030 0.0020
3249     3249   (0)     31  : 0.0020 0.0020 0.9900 0.0020 0.0020 0.0020
3250     3250   (0)     31  : 0.0020 0.0020 0.9880 0.0030 0.0030 0.0020
3251     3251   (0)     31  : 0.0030 0.0020 0.9840 0.0030 0.0050 0.0030
3252     3252   (0)     31  : 0.0020 0.0020 0.9880 0.0020 0.0030 0.0030
3253     3253   (0)     32  : 0.0020 0.0030 0.0030 0.0020 0.9850 0.0050
3254     3254   (0)     32  : 0.0030 0.0040 0.0050 0.0080 0.9730 0.0070
3255     3255   (0)     32  : 0.0030 0.0080 0.0050 0.0040 0.9684 0.0116
3256     3256   (0)     32  : 0.0040 0.0070 0.0110 0.0030 0.9578 0.0172
3257     3257   (0)     32  : 0.0040 0.0080 0.0040 0.0040 0.9720 0.0080
3258     3258   (0)     32  : 0.0030 0.0090 0.0252 0.0060 0.9458 0.0110
3259     3259   (0)     32  : 0.0050 0.0080 0.0100 0.0050 0.9620 0.0100
3260     3260   (0)     32  : 0.0020 0.0040 0.0020 0.0030 0.9840 0.0050
3261     3261   (0)     32  : 0.0020 0.0030 0.0020 0.0030 0.9850 0.0050
3262     3262   (0)     32  : 0.0020 0.0082 0.0070 0.0090 0.9618 0.0120
3263     3263   (0)     32  : 0.0020 0.0046 0.0030 0.0030 0.9844 0.0030
3264     3264   (0)     32  : 0.0020 0.0040 0.0030 0.0020 0.9850 0.0040
3265     3265   (0)     32  : 0.0020 0.0030 0.0020 0.0038 0.9862 0.0030
3266     3266   (0)     32  : 0.0030 0.0060 0.0120 0.0070 0.9640 0.0080
3267     3267   (0)     32  : 0.0024 0.0034 0.0040 0.0040 0.9822 0.0040
3268     3268   (0)     32  : 0.0020 0.0030 0.0082 0.0062 0.9766 0.0040
3269     3269   (0)     32  : 0.0060 0.0236 0.0730 0.0070 0.8409 0.0494
3270     3270   (0)     32  : 0.0040 0.0030 0.0040 0.0050 0.9810 0.0030
3271     3271   (0)     32  : 0.0040 0.0262 0.0080 0.0142 0.9385 0.0090
3272     3272   (0)     32  : 0.0020 0.0110 0.0100 0.0030 0.9690 0.0050
3273     3273   (0)     32  : 0.0020 0.0030 0.0030 0.0050 0.9850 0.0020
3274     3274   (0)     32  : 0.0030 0.0050 0.0050 0.0070 0.9770 0.0030
3275     3275   (5)     32  : 0.0020 0.0050 0.0030 0.0070 0.9800 0.0030
3276     3276   (0)     32  : 0.0030 0.0030 0.0040 0.0020 0.9840 0.0040
3277     3277   (0)     32  : 0.0030 0.0030 0.0100 0.0040 0.9770 0.0030
3278     3278   (0)     32  : 0.0030 0.0120 0.0050 0.0030 0.9710 0.0060
3279     3279   (0)     32  : 0.0020 0.0040 0.0040 0.0100 0.9770 0.0030
3280     3280   (0)     32  : 0.0030 0.0040 0.0120 0.0060 0.9710 0.0040
3281     3281   (0)     32  : 0.0030 0.0050 0.0030 0.0220 0.9610 0.0060
3282     3282   (0)     32  : 0.0020 0.0030 0.0030 0.0020 0.9870 0.0030
3283     3283   (5)     32  : 0.0020 0.0038 0.0030 0.0030 0.9852 0.0030
3284     3284   (0)     32  : 0.0020 0.0040 0.0170 0.0040 0.9690 0.0040
3285     3285   (0)     32  : 0.0040 0.0070 0.0030 0.0100 0.9690 0.0070
3286     3286   (0)     32  : 0.0020 0.0030 0.0040 0.0020 0.9860 0.0030
3287     3287   (0)     32  : 0.0030 0.0040 0.0030 0.0154 0.9696 0.0050
3288     3288   (0)     32  : 0.0040 0.0120 0.0050 0.0040 0.9304 0.0446
3289     3289   (5)     32  : 0.0040 0.0086 0.0068 0.0050 0.9646 0.0110
3290     3290   (5)     32  : 0.0046 0.0040 0.0110 0.0070 0.9614 0.0120
3291     3291   (5)     32  : 0.0040 0.0048 0.0090 0.0050 0.9712 0.0060
3292     3292   (5)     32  : 0.0040 0.0040 0.0020 0.0070 0.9800 0.0030
3293     3293   (0)     33  : 0.0020 0.0030 0.0058 0.0070 0.9792 0.0030
3294     3294   (0)     33  : 0.0098 0.0070 0.0310 0.0020 0.9360 0.0142
3295     3295   (0)     33  : 0.0040 0.0080 0.0090 0.0070 0.9560 0.0160
3296     3296   (0)     33  : 0.0030 0.0100 0.0030 0.0058 0.9722 0.0060
3297     3297   (0)     33  : 0.0040 0.0040 0.0030 0.0050 0.9802 0.0038
3298     3298   (0)     33  : 0.0032 0.0040 0.0040 0.0350 0.9457 0.0080
3299     3299   (0)     33  : 0.0050 0.0040 0.0040 0.0090 0.9750 0.0030
3300     3300   (0)     33  : 0.0050 0.0040 0.0060 0.0060 0.9712 0.0078
3301     3301   (0)     33  : 0.0020 0.0070 0.0176 0.0070 0.9594 0.0070
3302     3302   (0)     33  : 0.0030 0.0060 0.0050 0.0050 0.9740 0.0070
3303     3303   (0)     33  : 0.0040 0.0040 0.0288 0.0020 0.9572 0.0040
3304     3304   (0)     33  : 0.0020 0.0050 0.0040 0.0030 0.9810 0.0050
3305     3305   (0)     33  : 0.0030 0.0086 0.0020 0.0030 0.9784 0.0050
3306     3306   (0)     33  : 0.0020 0.0070 0.0090 0.0090 0.9670 0.0060
3307     3307   (0)     33  : 0.0040 0.0110 0.0050 0.0096 0.9624 0.0080
3308     3308   (0)     33  : 0.0072 0.0286 0.0524 0.0050 0.8848 0.0220
3309     3309   (0)     33  : 0.0020 0.0040 0.0020 0.0040 0.9830 0.0050
3310     3310   (0)     33  : 0.0020 0.0040 0.0030 0.0070 0.9800 0.0040
3311     3311   (0)     33  : 0.0020 0.0040 0.0060 0.0030 0.9800 0.0050
3312     3312   (0)     33  : 0.0032 0.0030 0.0030 0.0020 0.9858 0.0030
3313     3313   (0)     33  : 0.0030 0.0030 0.0110 0.0030 0.9740 0.0060
3314     3314   (0)     33  : 0.0020 0.0050 0.0042 0.0040 0.9788 0.0060
3315     3315   (0)     33  : 0.0020 0.0030 0.0260 0.0020 0.9630 0.0040
3316     3316   (0)     33  : 0.0050 0.0052 0.0040 0.0070 0.9758 0.0030
3317     3317   (0)     33  : 0.0020 0.0060 0.0040 0.0020 0.9810 0.0050
3318     3318   (0)     33  : 0.0020 0.0060 0.0040 0.0160 0.9640 0.0080
3319     3319   (0)     33  : 0.0020 0.0020 0.0020 0.0020 0.9890 0.0030
3320     3320   (0)     33  : 0.0030 0.0050 0.0030 0.0040 0.9790 0.0060
3321     3321   (0)     33  : 0.0030 0.0104 0.0020 0.0030 0.9776 0.0040
3322     3322   (0)     33  : 0.0030 0.0070 0.0040 0.0040 0.9780 0.0040
3323     3323   (0)     33  : 0.0020 0.0040 0.0050 0.0040 0.9770 0.0080
3324     3324   (0)     33  : 0.0030 0.0050 0.0030 0.0060 0.9760 0.0070
3325     3325   (0)     33  : 0.0020 0.0020 0.0050 0.0050 0.9810 0.0050
3326     3326   (0)     33  : 0.0020 0.0030 0.0100 0.0040 0.9770 0.0040
3327     3327   (0)     33  : 0.0020 0.0030 0.0948 0.0060 0.8892 0.0050
3328     3328   (0)     33  : 0.0030 0.0050 0.0020 0.0040 0.9806 0.0054
3329     3329   (0)     33  : 0.0020 0.0050 0.0110 0.0050 0.9730 0.0040
3330     3330   (0)     33  : 0.0070 0.0050 0.0450 0.0040 0.9340 0.0050
3331     3331   (0)     33  : 0.0020 0.0040 0.0030 0.0030 0.9800 0.0080
3332     3332   (0)     33  : 0.0020 0.0040 0.0026 0.0030 0.9852 0.0032
3333     3333   (0)     33  : 0.0060 0.0090 0.0264 0.0070 0.9426 0.0090
3334     3334   (0)     33  : 0.0020 0.0050 0.0030 0.0030 0.9834 0.0036
3335     3335   (0)     33  : 0.0030 0.0090 0.0076 0.0160 0.9464 0.0180
3336     3336   (0)     33  : 0.0074 0.0104 0.0050 0.0138 0.9514 0.0120
3337     3337   (0)     33  : 0.0020 0.0030 0.0030 0.0030 0.9860 0.0030
3338     3338   (0)     33  : 0.0030 0.0030 0.0050 0.0040 0.9810 0.0040
3339     3339   (0)     33  : 0.0020 0.0060 0.0070 0.0040 0.9590 0.0220
3340     3340   (0)     33  : 0.0020 0.0040 0.0058 0.0040 0.9792 0.0050
3341     3341   (0)     33  : 0.0020 0.0050 0.0030 0.0030 0.9820 0.0050
3342     3342   (0)     33  : 0.0040 0.0200 0.0020 0.0090 0.9600 0.0050
3343     3343   (0)     33  : 0.0030 0.0050 0.0040 0.0060 0.9680 0.0140
3344     3344   (0)     33  : 0.0030 0.0050 0.0050 0.0312 0.9508 0.0050
3345     3345   (0)     33  : 0.0030 0.0060 0.0090 0.0030 0.9741 0.0050
3346     3346   (0)     33  : 0.0020 0.0020 0.0060 0.0020 0.9840 0.0040
3347     3347   (0)     33  : 0.0020 0.0090 0.0020 0.0030 0.9790 0.0050
3348     3348   (0)     33  : 0.0040 0.0070 0.0248 0.0160 0.9392 0.0090
3349     3349   (0)     33  : 0.0050 0.0050 0.0090 0.0030 0.9630 0.0150
3350     3350   (0)     33  : 0.0030 0.0040 0.0070 0.0030 0.9670 0.0160
3351     3351   (0)     33  : 0.0020 0.0070 0.0030 0.0040 0.9800 0.0040
3352     3352   (0)     33  : 0.0024 0.0040 0.0096 0.0030 0.9768 0.0042
3353     3353   (0)     33  : 0.0040 0.0286 0.0036 0.0050 0.9466 0.0122
3354     3354   (0)     33  : 0.0040 0.0080 0.0020 0.0166 0.9574 0.0120
3355     3355   (0)     33  : 0.0030 0.0030 0.0120 0.0020 0.9760 0.0040
3356     3356   (0)     33  : 0.0030 0.0070 0.0050 0.0048 0.9722 0.0080
3357     3357   (0)     33  : 0.0020 0.0072 0.0030 0.0020 0.9798 0.0060
3358     3358   (0)     33  : 0.0030 0.0030 0.0050 0.0030 0.9810 0.0050
3359     3359   (0)     33  : 0.0024 0.0090 0.0030 0.0030 0.9796 0.0030
3360     3360   (0)     33  : 0.0030 0.0070 0.0020 0.0120 0.9730 0.0030
3361     3361   (0)     33  : 0.0050 0.0050 0.0060 0.0058 0.9686 0.0096
3362     3362   (0)     33  : 0.0020 0.0040 0.0040 0.0036 0.9784 0.0080
3363     3363   (0)     33  : 0.0040 0.0070 0.0040 0.0050 0.9740 0.0060
3364     3364   (0)     33  : 0.0020 0.0030 0.0080 0.0030 0.9790 0.0050
3365     3365   (0)     33  : 0.0020 0.0050 0.0050 0.0302 0.9538 0.0040
3366     3366   (0)     33  : 0.0030 0.0070 0.0118 0.0040 0.9674 0.0068
3367     3367   (0)     33  : 0.0030 0.0040 0.0030 0.0030 0.9800 0.0070
3368     3368   (0)     33  : 0.0030 0.0050 0.0030 0.0030 0.9828 0.0032
3369     3369   (0)     33  : 0.0080 0.0030 0.0258 0.0048 0.9514 0.0070
3370     3370   (0)     33  : 0.0020 0.0030 0.0040 0.0160 0.9720 0.0030
3371     3371   (0)     33  : 0.0120 0.0130 0.0090 0.0060 0.9548 0.0052
3372     3372   (0)     33  : 0.0036 0.0040 0.0040 0.0060 0.9718 0.0106
3373     3373   (0)     33  : 0.0020 0.0050 0.0040 0.0040 0.9790 0.0060
3374     3374   (0)     33  : 0.0052 0.0040 0.0274 0.0060 0.9504 0.0070
3375     3375   (0)     33  : 0.0030 0.0064 0.0050 0.0050 0.9746 0.0060
3376     3376   (0)     33  : 0.0040 0.0060 0.0100 0.0048 0.9652 0.0100
3377     3377   (0)     33  : 0.0058 0.0070 0.0120 0.0030 0.9642 0.0080
3378     3378   (0)     33  : 0.0020 0.0080 0.0100 0.0030 0.9720 0.0050
3379     3379   (0)     33  : 0.0020 0.0060 0.0030 0.0050 0.9810 0.0030
3380     3380   (0)     33  : 0.0030 0.0040 0.0040 0.0020 0.9840 0.0030
3381     3381   (0)     33  : 0.0020 0.0050 0.0020 0.0066 0.9774 0.0070
3382     3382   (0)     33  : 0.0040 0.0050 0.0020 0.0060 0.9770 0.0060
3383     3383   (0)     33  : 0.0040 0.0250 0.0030 0.0240 0.9330 0.0110
3384     3384   (0)     33  : 0.0020 0.0020 0.0040 0.0020 0.9870 0.0030
3385     3385   (0)     33  : 0.0020 0.0030 0.0050 0.0050 0.9790 0.0060
3386     3386   (0)     33  : 0.0020 0.0040 0.0030 0.0040 0.9840 0.0030
3387     3387   (0)     33  : 0.0086 0.0072 0.0070 0.0070 0.9328 0.0374
3388     3388   (0)     33  : 0.0020 0.0030 0.0030 0.0040 0.9850 0.0030
3389     3389   (0)     33  : 0.0020 0.0062 0.0210 0.0100 0.9538 0.0070
3390     3390   (0)     33  : 0.0030 0.0130 0.0040 0.0050 0.9660 0.0090
3391     3391   (0)     33  : 0.0030 0.0040 0.0152 0.0050 0.9658 0.0070
3392     3392   (0)     33  : 0.0020 0.0060 0.0020 0.0020 0.9830 0.0050
3393     3393   (0)     33  : 0.0020 0.0060 0.0030 0.0030 0.9830 0.0030
3394     3394   (0)     33  : 0.0020 0.0050 0.0040 0.0130 0.9720 0.0040
3395     3395   (0)     33  : 0.0020 0.0030 0.0122 0.0030 0.9758 0.0040
3396     3396   (0)     33  : 0.0020 0.0040 0.0070 0.0020 0.9820 0.0030
3397     3397   (0)     33  : 0.0030 0.0030 0.0146 0.0060 0.9684 0.0050
3398     3398   (0)     33  : 0.0020 0.0040 0.0020 0.0030 0.9860 0.0030
3399     3399   (0)     33  : 0.0050 0.0040 0.0230 0.0040 0.9540 0.0100
3400     3400   (0)     33  : 0.0020 0.0030 0.0040 0.0024 0.9786 0.0100
3401     3401   (0)     33  : 0.0020 0.0090 0.0050 0.0030 0.9750 0.0060
3402     3402   (0)     33  : 0.0020 0.0040 0.0030 0.0050 0.9810 0.0050
3403     3403   (0)     33  : 0.0020 0.0032 0.0050 0.0020 0.9848 0.0030
3404     3404   (0)     33  : 0.0050 0.0040 0.0060 0.0120 0.9688 0.0042
3405     3405   (0)     33  : 0.0050 0.0110 0.0220 0.0270 0.9220 0.0130
3406     3406   (0)     33  : 0.0020 0.0040 0.0030 0.0030 0.9840 0.0040
3407     3407   (0)     33  : 0.0030 0.0110 0.0060 0.0050 0.9710 0.0040
3408     3408   (0)     33  : 0.0030 0.0042 0.0050 0.0070 0.9748 0.0060
3409     3409   (0)     33  : 0.0020 0.0090 0.0020 0.0124 0.9706 0.0040
3410     3410   (0)     33  : 0.0020 0.0030 0.0040 0.0030 0.9850 0.0030
3411     3411   (0)     33  : 0.0042 0.0080 0.0070 0.0074 0.9594 0.0140
3412     3412   (0)     33  : 0.0030 0.0030 0.0040 0.0020 0.9840 0.0040
3413     3413   (0)     33  : 0.0020 0.0070 0.0040 0.0020 0.9800 0.0050
3414     3414   (0)     33  : 0.0024 0.0040 0.0040 0.0030 0.9826 0.0040
3415     3415   (0)     33  : 0.0030 0.0050 0.0070 0.0070 0.9698 0.0082
3416     3416   (0)     33  : 0.0030 0.0050 0.0050 0.0020 0.9790 0.0060
3417     3417   (0)     33  : 0.0030 0.0100 0.0030 0.0040 0.9590 0.0210
3418     3418   (0)     33  : 0.0040 0.0120 0.0040 0.0230 0.9436 0.0134
3419     3419   (0)     33  : 0.0020 0.0100 0.0020 0.0060 0.9720 0.0080
3420     3420   (0)     33  : 0.0030 0.0050 0.0060 0.0030 0.9740 0.0090
3421     3421   (0)     33  : 0.0020 0.0040 0.0040 0.0040 0.9820 0.0040
3422     3422   (0)     33  : 0.0020 0.0040 0.0040 0.0100 0.9750 0.0050
3423     3423   (0)     33  : 0.0020 0.0070 0.0030 0.0070 0.9730 0.0080
3424     3424   (0)     33  : 0.0020 0.0044 0.0080 0.0020 0.9796 0.0040
3425     3425   (0)     33  : 0.0020 0.0040 0.0040 0.0030 0.9820 0.0050
3426     3426   (0)     33  : 0.0020 0.0060 0.0030 0.0040 0.9760 0.0090
3427     3427   (0)     33  : 0.0030 0.0130 0.0060 0.0040 0.9565 0.0176
3428     3428   (0)     33  : 0.0020 0.0030 0.0020 0.0030 0.9870 0.0030
3429     3429   (0)     33  : 0.0030 0.0040 0.0040 0.0030 0.9820 0.0040
3430     3430   (0)     33  : 0.0020 0.0150 0.0060 0.0080 0.9570 0.0120
3431     3431   (0)     33  : 0.0040 0.0050 0.0070 0.0076 0.9684 0.0080
3432     3432   (0)     33  : 0.0020 0.0132 0.0050 0.0080 0.9678 0.0040
3433     3433   (0)     33  : 0.0020 0.0050 0.0030 0.0030 0.9830 0.0040
3434     3434   (0)     33  : 0.0040 0.0030 0.0020 0.0030 0.9850 0.0030
3435     3435   (0)     33  : 0.0020 0.0030 0.0030 0.0054 0.9836 0.0030
3436     3436   (0)     33  : 0.0020 0.0030 0.0060 0.0050 0.9810 0.0030
3437     3437   (0)     33  : 0.0020 0.0050 0.0050 0.0030 0.9810 0.0040
3438     3438   (0)     33  : 0.0020 0.0070 0.0030 0.0040 0.9770 0.0070
3439     3439   (0)     33  : 0.0020 0.0030 0.0038 0.0020 0.9852 0.0040
3440     3440   (0)     33  : 0.0020 0.0030 0.0030 0.0020 0.9870 0.0030
3441     3441   (0)     33  : 0.0050 0.0110 0.0020 0.0314 0.9446 0.0060
3442     3442   (0)     33  : 0.0030 0.0030 0.0040 0.0040 0.9830 0.0030
3443     3443   (0)     33  : 0.0030 0.0094 0.0060 0.0040 0.9706 0.0070
3444     3444   (0)     33  : 0.0030 0.0030 0.0110 0.0050 0.9740 0.0040
3445     3445   (0)     33  : 0.0020 0.0040 0.0240 0.0040 0.9630 0.0030
3446     3446   (0)     33  : 0.0020 0.0030 0.0020 0.0020 0.9880 0.0030
3447     3447   (0)     33  : 0.0050 0.0050 0.0044 0.0030 0.9766 0.0060
3448     3448   (0)     33  : 0.0030 0.0060 0.0080 0.0030 0.9728 0.0072
3449     3449   (0)     33  : 0.0030 0.0050 0.0040 0.0120 0.9720 0.0040
3450     3450   (0)     33  : 0.0046 0.0090 0.0082 0.0050 0.9682 0.0050
3451     3451   (0)     33  : 0.0030 0.0030 0.0040 0.0030 0.9800 0.0070
3452     3452   (0)     33  : 0.0030 0.0070 0.0080 0.0182 0.9588 0.0050
3453     3453   (0)     33  : 0.0060 0.0040 0.0060 0.0116 0.9684 0.0040
3454     3454   (0)     33  : 0.0052 0.0050 0.0030 0.0040 0.9728 0.0100
3455     3455   (0)     33  : 0.0024 0.0050 0.0050 0.0040 0.9806 0.0030
3456     3456   (0)     33  : 0.0030 0.0100 0.0138 0.0240 0.9400 0.0092
3457     3457   (0)     33  : 0.0030 0.0040 0.0060 0.0060 0.9780 0.0030
3458     3458   (0)     33  : 0.0020 0.0030 0.0020 0.0060 0.9830 0.0040
3459     3459   (0)     33  : 0.0020 0.0110 0.0030 0.0100 0.9690 0.0050
3460     3460   (0)     33  : 0.0020 0.0040 0.0020 0.0060 0.9820 0.0040
3461     3461   (0)     33  : 0.0030 0.0060 0.0030 0.0084 0.9726 0.0070
3462     3462   (0)     33  : 0.0030 0.0150 0.0070 0.0088 0.9612 0.0050
3463     3463   (0)     33  : 0.0030 0.0044 0.0050 0.0210 0.9626 0.0040
3464     3464   (0)     33  : 0.0020 0.0020 0.0030 0.0030 0.9870 0.0030
3465     3465   (0)     33  : 0.0030 0.0030 0.0020 0.0050 0.9830 0.0040
3466     3466   (0)     33  : 0.0040 0.0222 0.0030 0.0100 0.9548 0.0060
3467     3467   (0)     33  : 0.0030 0.0152 0.0030 0.0070 0.9678 0.0040
3468     3468   (0)     33  : 0.0020 0.0030 0.0030 0.0030 0.9840 0.0050
3469     3469   (0)     33  : 0.0030 0.0130 0.0060 0.0050 0.9660 0.0070
3470     3470   (0)     33  : 0.0030 0.0070 0.0030 0.0044 0.9620 0.0206
3471     3471   (0)     33  : 0.0020 0.0040 0.0040 0.0050 0.9790 0.0060
3472     3472   (0)     33  : 0.0050 0.0040 0.0070 0.0060 0.9730 0.0050
3473     3473   (0)     33  : 0.0050 0.0030 0.0040 0.0040 0.9790 0.0050
3474     3474   (0)     33  : 0.0080 0.0030 0.0296 0.0070 0.9424 0.0100
3475     3475   (0)     33  : 0.0020 0.0030 0.0070 0.0020 0.9830 0.0030
3476     3476   (0)     33  : 0.0040 0.0040 0.0080 0.0050 0.9750 0.0040
3477     3477   (0)     33  : 0.0020 0.0030 0.0040 0.0040 0.9830 0.0040
3478     3478   (0)     33  : 0.0020 0.0040 0.0030 0.0070 0.9800 0.0040
3479     3479   (0)     33  : 0.0020 0.0050 0.0030 0.0080 0.9780 0.0040
3480     3480   (0)     33  : 0.0020 0.0040 0.0020 0.0020 0.9870 0.0030
3481     3481   (0)     33  : 0.0060 0.0030 0.0080 0.0040 0.9740 0.0050
3482     3482   (0)     33  : 0.0040 0.0040 0.0040 0.0030 0.9820 0.0030
3483     3483   (0)     33  : 0.0020 0.0050 0.0118 0.0114 0.9648 0.0050
3484     3484   (0)     33  : 0.0030 0.0030 0.0030 0.0020 0.9850 0.0040
3485     3485   (0)     33  : 0.0030 0.0070 0.0050 0.0050 0.9750 0.0050
3486     3486   (0)     33  : 0.0030 0.0060 0.0060 0.0050 0.9750 0.0050
3487     3487   (0)     33  : 0.0030 0.0120 0.0040 0.0140 0.9152 0.0518
3488     3488   (0)     33  : 0.0020 0.0040 0.0040 0.0100 0.9750 0.0050
3489     3489   (0)     33  : 0.0020 0.0130 0.0030 0.0060 0.9708 0.0052
3490     3490   (0)     33  : 0.0040 0.0060 0.0060 0.0030 0.9660 0.0150
3491     3491   (0)     33  : 0.0030 0.0030 0.0060 0.0040 0.9790 0.0050
3492     3492   (0)     33  : 0.0050 0.0040 0.0030 0.0020 0.9820 0.0040
3493     3493   (0)     33  : 0.0030 0.0030 0.0080 0.0040 0.9780 0.0040
3494     3494   (0)     33  : 0.0064 0.0040 0.0154 0.0040 0.9626 0.0076
3495     3495   (0)     33  : 0.0020 0.0030 0.0020 0.0030 0.9860 0.0040
3496     3496   (0)     33  : 0.0030 0.0030 0.0070 0.0072 0.9718 0.0080
3497     3497   (0)     33  : 0.0020 0.0050 0.0030 0.0140 0.9707 0.0052
3498     3498   (0)     33  : 0.0030 0.0060 0.0050 0.0040 0.9762 0.0058
3499     3499   (0)     33  : 0.0040 0.0050 0.0100 0.0090 0.9546 0.0174
3500     3500   (0)     33  : 0.0020 0.0030 0.0040 0.0020 0.9860 0.0030
3501     3501   (0)     33  : 0.0030 0.0030 0.0048 0.0034 0.9818 0.0040
3502     3502   (0)     33  : 0.0026 0.0040 0.0138 0.0030 0.9736 0.0030
3503     3503   (0)     33  : 0.0030 0.0072 0.0040 0.0292 0.9466 0.0100
3504     3504   (0)     33  : 0.0030 0.0060 0.0030 0.0060 0.9760 0.0060
3505     3505   (0)     33  : 0.0030 0.0060 0.0040 0.0040 0.9790 0.0040
3506     3506   (0)     33  : 0.0020 0.0070 0.0030 0.0090 0.9750 0.0040
3507     3507   (0)     33  : 0.0030 0.0060 0.0080 0.0090 0.9670 0.0070
3508     3508   (0)     33  : 0.0020 0.0040 0.0060 0.0020 0.9800 0.0060
3509     3509   (0)     33  : 0.0020 0.0050 0.0020 0.0060 0.9820 0.0030
3510     3510   (0)     33  : 0.0030 0.0026 0.0030 0.0050 0.9834 0.0030
3511     3511   (0)     33  : 0.0030 0.0040 0.0658 0.0090 0.9092 0.0090
3512     3512   (0)     33  : 0.0070 0.0050 0.0030 0.0250 0.9530 0.0070
3513     3513   (0)     33  : 0.0040 0.0120 0.0040 0.0040 0.9710 0.0050
3514     3514   (0)     33  : 0.0040 0.0062 0.0120 0.0020 0.9678 0.0080
3515     3515   (0)     33  : 0.0030 0.0050 0.0060 0.0040 0.9734 0.0086
3516     3516   (0)     33  : 0.0040 0.0100 0.0050 0.0160 0.9550 0.0100
3517     3517   (0)     33  : 0.0020 0.0060 0.0030 0.0050 0.9780 0.0060
3518     3518   (0)     33  : 0.0040 0.0040 0.0040 0.0030 0.9812 0.0038
3519     3519   (0)     33  : 0.0020 0.0208 0.0050 0.0078 0.9594 0.0050
3520     3520   (0)     33  : 0.0030 0.0050 0.0040 0.0030 0.9810 0.0040
3521     3521   (0)     33  : 0.0040 0.0110 0.0030 0.3196 0.6584 0.0040
3522     3522   (0)     33  : 0.0020 0.0030 0.0030 0.0182 0.9698 0.0040
3523     3523   (0)     33  : 0.0020 0.0030 0.0050 0.0020 0.9830 0.0050
3524     3524   (0)     33  : 0.0042 0.0020 0.0080 0.0040 0.9688 0.0130
3525     3525   (0)     33  : 0.0030 0.0050 0.0070 0.0040 0.8718 0.1092
3526     3526   (0)     33  : 0.0050 0.0030 0.0030 0.0030 0.9820 0.0040
3527     3527   (0)     33  : 0.0050 0.0040 0.0180 0.0050 0.9630 0.0050
3528     3528   (0)     33  : 0.0020 0.0050 0.0020 0.0030 0.9810 0.0070
3529     3529   (0)     33  : 0.0030 0.0070 0.0050 0.0132 0.9668 0.0050
3530     3530   (0)     33  : 0.0020 0.0110 0.0030 0.0060 0.9724 0.0056
3531     3531   (0)     33  : 0.0030 0.0030 0.0096 0.0030 0.9776 0.0038
3532     3532   (0)     33  : 0.0020 0.0030 0.0050 0.0020 0.9850 0.0030
3533     3533   (0)     33  : 0.0024 0.0030 0.0040 0.0020 0.9854 0.0032
3534     3534   (0)     33  : 0.0022 0.0070 0.0040 0.0040 0.9788 0.0040
3535     3535   (0)     33  : 0.0022 0.0070 0.0030 0.0062 0.9746 0.0070
3536     3536   (0)     33  : 0.0020 0.0182 0.0078 0.0124 0.9486 0.0110
3537     3537   (0)     33  : 0.0020 0.0050 0.0030 0.0122 0.9678 0.0100
3538     3538   (0)     33  : 0.0020 0.0030 0.0040 0.0074 0.9806 0.0030
3539     3539   (0)     33  : 0.0020 0.0070 0.0060 0.0030 0.9760 0.0060
3540     3540   (0)     33  : 0.0020 0.0030 0.0050 0.0020 0.9840 0.0040
3541     3541   (0)     33  : 0.0026 0.0060 0.0030 0.0040 0.9788 0.0056
3542     3542   (0)     33  : 0.0020 0.0060 0.0030 0.0080 0.9770 0.0040
3543     3543   (0)     33  : 0.0020 0.0030 0.0060 0.0060 0.9800 0.0030
3544     3544   (0)     33  : 0.0030 0.0040 0.0030 0.0020 0.9850 0.0030
3545     3545   (0)     33  : 0.0060 0.0184 0.0160 0.0040 0.9496 0.0060
3546     3546   (0)     33  : 0.0020 0.0030 0.0130 0.0030 0.9730 0.0060
3547     3547   (0)     33  : 0.0060 0.0170 0.0030 0.0110 0.9560 0.0070
3548     3548   (0)     33  : 0.0030 0.0150 0.0040 0.0050 0.9670 0.0060
3549     3549   (0)     33  : 0.0030 0.0030 0.0040 0.0040 0.9830 0.0030
3550     3550   (0)     33  : 0.0020 0.0060 0.0070 0.0050 0.9760 0.0040
3551     3551   (0)     33  : 0.0020 0.0040 0.0030 0.0040 0.9840 0.0030
3552     3552   (0)     33  : 0.0020 0.0020 0.0020 0.0020 0.9900 0.0020
3553     3553   (0)     33  : 0.0030 0.0030 0.0020 0.0050 0.9840 0.0030
3554     3554   (0)     33  : 0.0050 0.0130 0.0030 0.0030 0.9630 0.0130
3555     3555   (0)     33  : 0.0030 0.0058 0.0090 0.0030 0.9748 0.0044
3556     3556   (0)     33  : 0.0030 0.0030 0.0040 0.0040 0.9830 0.0030
3557     3557   (0)     33  : 0.0040 0.0090 0.0064 0.0070 0.9616 0.0120
3558     3558   (0)     33  : 0.0040 0.0040 0.0030 0.0040 0.9820 0.0030
3559     3559   (0)     33  : 0.0020 0.0040 0.0040 0.0050 0.9760 0.0090
3560     3560   (0)     33  : 0.0030 0.0060 0.0030 0.0030 0.9810 0.0040
3561     3561   (0)     33  : 0.0060 0.0040 0.0050 0.0146 0.9514 0.0190
3562     3562   (0)     33  : 0.0040 0.0080 0.0170 0.0090 0.9380 0.0240
3563     3563   (0)     33  : 0.0020 0.0030 0.0022 0.0020 0.9888 0.0020
3564     3564   (0)     33  : 0.0020 0.0060 0.0030 0.0050 0.9810 0.0030
3565     3565   (0)     33  : 0.0020 0.0048 0.0020 0.0050 0.9832 0.0030
3566     3566   (0)     33  : 0.0026 0.0050 0.0020 0.0060 0.9734 0.0110
3567     3567   (0)     33  : 0.0030 0.0120 0.0060 0.0074 0.9676 0.0040
3568     3568   (0)     33  : 0.0040 0.0040 0.0050 0.0040 0.9770 0.0060
3569     3569   (0)     33  : 0.0020 0.0050 0.0710 0.0030 0.9150 0.0040
3570     3570   (0)     33  : 0.0060 0.0060 0.0570 0.0030 0.9012 0.0268
3571     3571   (0)     33  : 0.0030 0.0050 0.0100 0.0040 0.9732 0.0048
3572     3572   (0)     33  : 0.0040 0.0040 0.0038 0.0050 0.9742 0.0090
3573     3573   (0)     33  : 0.0040 0.0070 0.0110 0.0090 0.9610 0.0080
3574     3574   (0)     33  : 0.0030 0.0060 0.0030 0.0036 0.9794 0.0050
3575     3575   (0)     33  : 0.0020 0.0100 0.0030 0.0090 0.9710 0.0050
3576     3576   (0)     33  : 0.0020 0.0040 0.0032 0.0030 0.9838 0.0040
3577     3577   (0)     33  : 0.0020 0.0040 0.0030 0.0050 0.9830 0.0030
3578     3578   (0)     33  : 0.0020 0.0050 0.0030 0.0180 0.9670 0.0050
3579     3579   (0)     33  : 0.0030 0.0076 0.0040 0.0092 0.9672 0.0090
3580     3580   (0)     33  : 0.0020 0.0030 0.0100 0.0030 0.9790 0.0030
3581     3581   (0)     33  : 0.0040 0.0030 0.0150 0.0070 0.9680 0.0030
3582     3582   (0)     33  : 0.0030 0.0180 0.0050 0.0050 0.9580 0.0110
3583     3583   (0)     33  : 0.0030 0.0050 0.0070 0.0150 0.9610 0.0090
3584     3584   (0)     33  : 0.0020 0.0120 0.0070 0.0100 0.9600 0.0090
3585     3585   (0)     33  : 0.0044 0.0084 0.0070 0.0080 0.9642 0.0080
3586     3586   (0)     33  : 0.0090 0.0110 0.0100 0.0124 0.9356 0.0220
3587     3587   (0)     33  : 0.0020 0.0060 0.0030 0.0040 0.9780 0.0070
3588     3588   (0)     33  : 0.0030 0.0100 0.0050 0.0040 0.9710 0.0070
3589     3589   (0)     33  : 0.0030 0.0050 0.0050 0.0030 0.9790 0.0050
3590     3590   (0)     33  : 0.0030 0.0060 0.0040 0.0140 0.9650 0.0080
3591     3591   (0)     33  : 0.0020 0.0030 0.0050 0.0030 0.9840 0.0030
3592     3592   (0)     33  : 0.0050 0.0100 0.0210 0.0120 0.9470 0.0050
