       M1EL5  1 0.0072 0.0033 0.0050 0.0065 0.9781 
       W26T6  1 0.0046 0.0138 0.0136 0.0091 0.9588 
       W26XX  1 0.0042 0.0029 0.0038 0.0044 0.9848 
       M013P  1 0.0060 0.0044 0.0031 0.0035 0.9829 
       M1ELA  1 0.0113 0.0210 0.0295 0.0793 0.8590 
       M2C73  1 0.0059 0.0039 0.0046 0.0063 0.9793 
       W23P4  1 0.0028 0.0093 0.0516 0.0076 0.9288 
       W247C  1 0.0046 0.0036 0.0031 0.0031 0.9856 
       W24K1  1 0.0032 0.0031 0.0027 0.0029 0.9881 
       W24ME  1 0.0038 0.0080 0.0120 0.0060 0.9703 
       W2514  1 0.0027 0.0044 0.0069 0.0051 0.9809 
       W26MA  1 0.0040 0.0102 0.0102 0.0049 0.9706 
       W26MM  1 0.0023 0.0060 0.0030 0.0022 0.9865 
       W26MU  1 0.0082 0.0034 0.0048 0.0024 0.9811 
       W26P0  1 0.0032 0.0036 0.0045 0.0028 0.9859 
       W26P3  1 0.0151 0.0028 0.0034 0.0027 0.9761 
       W26T5  1 0.0021 0.0026 0.0031 0.0024 0.9898 
       W26TE  1 0.0040 0.0069 0.0109 0.0174 0.9609 
       W26TF  1 0.0059 0.0152 0.0027 0.0104 0.9658 
       W26U8  1 0.0068 0.0087 0.0211 0.0121 0.9513 
       W26UJ  1 0.0029 0.0050 0.0029 0.0020 0.9872 
       W26UK  1 0.0093 0.0022 0.0025 0.0030 0.9829 
       W26UT  1 0.0072 0.0033 0.0027 0.0089 0.9779 
       W26XT  1 0.0155 0.0072 0.0035 0.0105 0.9633 
      CC06H2  1 0.0042 0.0102 0.0099 0.0048 0.9708 
      CC06H4  1 0.0044 0.0085 0.0037 0.0030 0.9804 
      CC06H5  1 0.0041 0.0061 0.0187 0.0097 0.9615 
      CC06H6  1 0.0069 0.0022 0.0078 0.0051 0.9781 
      CC06HE  1 0.0074 0.0031 0.0035 0.0042 0.9818 
      CC06HF  1 0.0120 0.0069 0.0078 0.0196 0.9536 
      CC06HH  1 0.0037 0.0027 0.0032 0.0105 0.9799 
      CC06HJ  1 0.0039 0.0090 0.0126 0.0049 0.9695 
      CC06HL  1 0.0027 0.0029 0.0028 0.0054 0.9862 
      CC06HP  1 0.0066 0.0025 0.0025 0.0042 0.9842 
      CC06HT  1 0.0050 0.0057 0.0149 0.0523 0.9221 
      CC06HU  1 0.0037 0.0037 0.0103 0.0062 0.9761 
      CC06HY  1 0.0036 0.0106 0.0072 0.0048 0.9739 
      CC06J0  1 0.0029 0.0083 0.0037 0.0036 0.9816 
      CC06J1  1 0.0037 0.0093 0.0108 0.0052 0.9710 
      CC06J2  1 0.0066 0.0046 0.0039 0.0088 0.9761 
     CT.0YCY  1 0.0037 0.0042 0.0053 0.0055 0.9813 
     CT.0YEC  1 0.0036 0.0024 0.0023 0.0027 0.9889 
     CT.0YEF  1 0.0042 0.0029 0.0051 0.0036 0.9842 
     CT.0YEU  1 0.0022 0.0021 0.0029 0.0023 0.9904 
     CT.0YF2  1 0.0036 0.0063 0.0080 0.0033 0.9788 
     CT.0YF8  1 0.0082 0.0019 0.0031 0.0065 0.9802 
     CT.0YFA  1 0.0071 0.0021 0.0103 0.0066 0.9738 
     CT.0YFE  1 0.0120 0.0035 0.0058 0.0086 0.9701 
     CT.0YFP  1 0.0027 0.0129 0.0039 0.0025 0.9781 
     CT.0YFU  1 0.0053 0.0035 0.0047 0.0046 0.9819 
     CT.0YK7  1 0.0033 0.0082 0.0043 0.0042 0.9800 
     CX.10PT  1 0.0088 0.0250 0.0088 0.0074 0.9500 
      DAM021  1 0.0175 0.0034 0.0042 0.0095 0.9653 
      DAM034  1 0.0051 0.0022 0.0075 0.0043 0.9809 
      DAM07X  1 0.0037 0.0029 0.0046 0.0036 0.9852 
     EF.15J6  1 0.0049 0.0030 0.0039 0.0034 0.9848 
      HRV010  1 0.0036 0.0055 0.0060 0.0033 0.9817 
      HRV02J  1 0.0068 0.0037 0.0063 0.0040 0.9792 
      HRV078  1 0.0094 0.0049 0.0042 0.0051 0.9764 
      HRV0FH  1 0.0025 0.0029 0.0039 0.0024 0.9883 
      HRV0H5  1 0.0057 0.0037 0.0044 0.0050 0.9813 
      HRV0JF  1 0.0042 0.0033 0.0072 0.0042 0.9811 
      HRV0JJ  1 0.0031 0.0039 0.0078 0.0050 0.9803 
      HRV0JM  1 0.0039 0.0027 0.0039 0.0059 0.9837 
      HRV0K6  1 0.0028 0.0256 0.0252 0.0078 0.9385 
      HRV0K7  1 0.0059 0.0028 0.0044 0.0086 0.9783 
      HRV0KP  1 0.0229 0.0148 0.0071 0.0045 0.9506 
      HRV1AX  1 0.0183 0.0045 0.0082 0.0072 0.9618 
      HRV1C4  1 0.0023 0.0024 0.0058 0.0032 0.9863 
      HRV1CH  1 0.0059 0.0034 0.0051 0.0027 0.9829 
      HRV1FA  1 0.0068 0.0040 0.0072 0.0087 0.9734 
      HRV1FK  1 0.0028 0.0120 0.0058 0.0055 0.9739 
      HRV1H8  1 0.0041 0.0028 0.0041 0.0159 0.9731 
      HRV1HT  1 0.0064 0.0070 0.0078 0.0054 0.9735 
      HRV1XU  1 0.0037 0.0196 0.0033 0.0069 0.9666 
      HRV4TF  1 0.1701 0.0041 0.0033 0.0062 0.8164 
      HRV6F0  1 0.0640 0.0049 0.0033 0.0036 0.9242 
      HRVE6L  1 0.0976 0.0087 0.0062 0.0127 0.8747 
       M27HM  1 0.0089 0.0029 0.0054 0.0053 0.9775 
       M27HP  1 0.0040 0.0029 0.0031 0.0026 0.9874 
       M2AK4  1 0.0048 0.0033 0.0028 0.0026 0.9865 
       M2ALA  1 0.0022 0.0032 0.0026 0.0029 0.9891 
       M2C56  1 0.0378 0.0038 0.0066 0.0041 0.9477 
       M2CUX  1 0.0026 0.0053 0.0050 0.0040 0.9830 
       M2E24  1 0.0023 0.0028 0.0037 0.0031 0.9882 
       M2EA7  1 0.0029 0.0037 0.0033 0.0038 0.9863 
       M2EH6  1 0.0040 0.0032 0.0047 0.0030 0.9851 
       M2EKC  1 0.1223 0.0103 0.0085 0.0215 0.8373 
      MSV083  1 0.0104 0.0230 0.0074 0.0049 0.9544 
      MSV084  1 0.0090 0.0029 0.0138 0.0041 0.9702 
      MSV0LJ  1 0.0067 0.0038 0.0042 0.0047 0.9806 
      MSV1H5  1 0.0055 0.0033 0.0145 0.0069 0.9698 
      MSV1KM  1 0.0039 0.0026 0.0029 0.0027 0.9878 
      MSV23F  1 0.0196 0.0114 0.0040 0.0072 0.9578 
      MSV2L8  1 0.0057 0.0050 0.0036 0.0033 0.9824 
      MSV2P7  1 0.0023 0.0037 0.0032 0.0029 0.9879 
      MSV2TJ  1 0.0131 0.0023 0.0087 0.0024 0.9735 
      MSV2XM  1 0.0036 0.0052 0.0048 0.0077 0.9787 
      MSV327  1 0.0030 0.0047 0.0042 0.0033 0.9848 
      MSV33L  1 0.0031 0.0024 0.0030 0.0024 0.9891 
        h001  2 0.0034 0.0037 0.0041 0.0032 0.9856 
        h002  2 0.0040 0.0044 0.0032 0.0032 0.9852 
        h003  2 0.0112 0.0035 0.0060 0.0055 0.9737 
        h004  2 0.0033 0.0054 0.0034 0.0030 0.9850 
        h005  2 0.0039 0.0036 0.0026 0.0036 0.9863 
        h006  2 0.0038 0.0064 0.0035 0.0021 0.9841 
        h007  2 0.0036 0.0085 0.0058 0.0048 0.9773 
        h008  2 0.0039 0.0052 0.0038 0.0172 0.9698 
        h009  2 0.0057 0.0043 0.0068 0.0128 0.9704 
        h010  2 0.0351 0.0090 0.0046 0.0463 0.9050 
        h011  2 0.0040 0.0062 0.0058 0.0118 0.9722 
        h012  2 0.0037 0.0084 0.0037 0.0032 0.9810 
        h013  2 0.0028 0.0033 0.0040 0.0048 0.9851 
        h014  2 0.0042 0.0032 0.0066 0.0068 0.9791 
        h015  2 0.0049 0.0025 0.0045 0.0027 0.9855 
        h016  2 0.0031 0.0057 0.0048 0.0067 0.9797 
        h017  2 0.0040 0.0031 0.0045 0.0075 0.9809 
        h018  2 0.0066 0.0027 0.0031 0.0224 0.9652 
        h019  2 0.0028 0.0029 0.0028 0.0028 0.9887 
        h020  2 0.0036 0.0046 0.0031 0.0029 0.9857 
        h021  2 0.0020 0.0027 0.0044 0.0034 0.9876 
        h022  2 0.0030 0.0026 0.0036 0.0034 0.9874 
        h023  2 0.0195 0.0027 0.0048 0.0034 0.9696 
        h024  2 0.0181 0.0021 0.0036 0.0034 0.9728 
        h025  2 0.0021 0.0020 0.0026 0.0025 0.9908 
        h026  2 0.0032 0.0064 0.0053 0.0040 0.9811 
        h027  2 0.0052 0.0053 0.0033 0.0049 0.9813 
        h028  2 0.0030 0.0048 0.0035 0.0044 0.9843 
        h029  2 0.0027 0.0033 0.0050 0.0038 0.9852 
        h030  2 0.0124 0.0076 0.0048 0.0071 0.9682 
        h031  2 0.0134 0.0063 0.0059 0.0044 0.9700 
        h032  2 0.0069 0.0024 0.0164 0.0169 0.9575 
        h033  2 0.0064 0.0095 0.0048 0.0029 0.9764 
        h034  2 0.0058 0.0112 0.0061 0.0076 0.9694 
        h035  2 0.0022 0.0030 0.0038 0.0037 0.9873 
        h036  2 0.0311 0.0038 0.0029 0.0034 0.9588 
        h037  2 0.0077 0.0037 0.0054 0.0068 0.9763 
        h038  2 0.0031 0.0091 0.0045 0.0071 0.9762 
        h039  2 0.0031 0.0023 0.0030 0.0026 0.9889 
        h040  2 0.0065 0.0055 0.0043 0.0041 0.9797 
        h041  2 0.0135 0.0053 0.0064 0.0093 0.9655 
        h042  2 0.0023 0.0027 0.0038 0.0030 0.9881 
        h043  2 0.0058 0.0023 0.0049 0.0055 0.9815 
        h044  2 0.0067 0.0195 0.0044 0.0044 0.9651 
        h045  2 0.0070 0.0065 0.0063 0.0134 0.9669 
        h046  2 0.0195 0.0030 0.0041 0.0134 0.9599 
        h047  2 0.0040 0.0295 0.0074 0.0067 0.9524 
        h048  2 0.0040 0.0059 0.0051 0.0052 0.9797 
        h049  2 0.0029 0.0031 0.0036 0.0021 0.9883 
        h050  2 0.0041 0.0059 0.0070 0.0053 0.9777 
        h051  2 0.0040 0.0023 0.0040 0.0037 0.9860 
        h052  2 0.0081 0.0053 0.0035 0.0079 0.9751 
        h053  2 0.0054 0.0043 0.0043 0.0042 0.9818 
        h054  2 0.0037 0.0040 0.0067 0.0078 0.9778 
        h055  2 0.0024 0.0020 0.0040 0.0031 0.9884 
        h056  2 0.0036 0.0096 0.0061 0.0046 0.9762 
        h057  2 0.0036 0.0022 0.0025 0.0027 0.9890 
        h058  2 0.0177 0.0025 0.0029 0.0025 0.9744 
        h059  2 0.0026 0.0040 0.0047 0.0032 0.9855 
        h060  2 0.0630 0.0043 0.0047 0.0056 0.9224 
        h061  2 0.0027 0.0032 0.0037 0.0023 0.9881 
        h062  2 0.0041 0.0021 0.0043 0.0060 0.9834 
        h063  2 0.0097 0.0043 0.0037 0.0048 0.9774 
        h064  2 0.0035 0.0025 0.0021 0.0023 0.9895 
        h065  2 0.0212 0.0087 0.0065 0.0080 0.9557 
        h066  2 0.0041 0.0037 0.0042 0.0032 0.9847 
        h067  2 0.0059 0.0032 0.0032 0.0051 0.9826 
        h068  2 0.0036 0.0037 0.0034 0.0021 0.9873 
        h069  2 0.0029 0.0048 0.0046 0.0042 0.9835 
        h070  2 0.0038 0.0029 0.0043 0.0026 0.9864 
        h071  2 0.0131 0.0082 0.0107 0.0059 0.9621 
        h072  2 0.0064 0.0037 0.0049 0.0077 0.9773 
        h073  2 0.0111 0.0269 0.0097 0.0086 0.9436 
        h074  2 0.0149 0.0377 0.0085 0.0072 0.9316 
        h075  2 0.0078 0.0033 0.0063 0.0033 0.9793 
        h076  2 0.0104 0.0088 0.0163 0.0049 0.9596 
        h077  2 0.0046 0.0037 0.0027 0.0039 0.9850 
        h078  2 0.0163 0.0077 0.0115 0.0050 0.9596 
        h079  2 0.0040 0.0029 0.0034 0.0027 0.9870 
        h080  2 0.0052 0.0106 0.0064 0.0044 0.9734 
        h081  2 0.0031 0.0042 0.0048 0.0050 0.9830 
        h082  2 0.0075 0.0051 0.0045 0.0031 0.9798 
        h083  2 0.0043 0.0029 0.0023 0.0025 0.9879 
        h084  2 0.0053 0.0037 0.0036 0.0022 0.9852 
        h085  2 0.0044 0.0030 0.0138 0.0102 0.9686 
        h086  2 0.0342 0.0029 0.0034 0.0041 0.9555 
        h087  2 0.0142 0.0028 0.0040 0.0054 0.9736 
        h088  2 0.0038 0.0027 0.0049 0.0026 0.9861 
        h089  2 0.0025 0.0030 0.0033 0.0042 0.9869 
        h090  2 0.0203 0.0197 0.0804 0.0050 0.8746 
        h091  2 0.0025 0.0021 0.0028 0.0035 0.9891 
        h092  2 0.0026 0.0019 0.0028 0.0032 0.9894 
        h093  2 0.0034 0.0027 0.0039 0.0048 0.9852 
        h094  2 0.0065 0.0200 0.0726 0.0674 0.8334 
        h095  2 0.0079 0.0056 0.0080 0.0053 0.9732 
        h096  2 0.0112 0.0049 0.0103 0.0256 0.9479 
        h097  2 0.0029 0.0027 0.0035 0.0024 0.9884 
        h098  2 0.0386 0.0122 0.0052 0.0045 0.9395 
        h099  2 0.0073 0.0118 0.0097 0.0089 0.9622 
        h100  2 0.0040 0.0049 0.0037 0.0036 0.9838 
        h101  2 0.0030 0.0062 0.0134 0.0021 0.9753 
        h102  2 0.0081 0.0051 0.0057 0.0068 0.9744 
        h103  2 0.0030 0.0030 0.0027 0.0026 0.9887 
        h104  2 0.0050 0.0023 0.0038 0.0045 0.9845 
        h105  2 0.0062 0.0027 0.0126 0.0141 0.9644 
        h106  2 0.0054 0.0030 0.0033 0.0035 0.9848 
        h107  2 0.0034 0.0026 0.0048 0.0038 0.9854 
        h108  2 0.0050 0.0016 0.0039 0.0111 0.9784 
        h109  2 0.0049 0.0232 0.0120 0.0131 0.9468 
        h110  2 0.0063 0.0039 0.0075 0.0187 0.9637 
        h111  2 0.0023 0.0026 0.0167 0.0193 0.9591 
        h112  2 0.0030 0.0261 0.0204 0.0121 0.9384 
        h113  2 0.0025 0.0124 0.0079 0.0044 0.9727 
        h114  2 0.0051 0.0024 0.0067 0.0081 0.9777 
        h115  2 0.0029 0.0041 0.0030 0.0029 0.9871 
        h116  2 0.0107 0.0040 0.0053 0.0050 0.9749 
        h117  2 0.0037 0.0032 0.0032 0.0039 0.9860 
        h118  2 0.0032 0.0039 0.0050 0.0043 0.9836 
        h119  2 0.0071 0.0040 0.0061 0.0090 0.9739 
        h120  2 0.0029 0.0024 0.0032 0.0036 0.9880 
        h121  2 0.0025 0.0046 0.0048 0.0048 0.9832 
        h122  2 0.1498 0.0024 0.0250 0.0167 0.8061 
        h123  2 0.0044 0.0138 0.0116 0.0113 0.9590 
        h124  2 0.0026 0.0029 0.0029 0.0025 0.9890 
        h125  2 0.0030 0.0047 0.0027 0.0027 0.9869 
        h126  2 0.0039 0.0041 0.0039 0.0099 0.9782 
        h127  2 0.1024 0.0042 0.0104 0.0119 0.8711 
        h128  2 0.0065 0.0049 0.0090 0.0127 0.9670 
        h129  2 0.0048 0.0042 0.0036 0.0030 0.9845 
        h130  2 0.0043 0.0111 0.0065 0.0045 0.9735 
        h131  2 0.0059 0.0110 0.0051 0.0079 0.9701 
        h132  2 0.0040 0.0167 0.0058 0.0043 0.9693 
        h133  2 0.0072 0.0047 0.0088 0.0117 0.9676 
        h134  2 0.0042 0.0150 0.0060 0.0069 0.9678 
        h135  2 0.0136 0.0032 0.0034 0.0093 0.9705 
        h136  2 0.0032 0.0019 0.0035 0.0024 0.9891 
        h137  2 0.0052 0.0056 0.0048 0.0051 0.9794 
        h138  2 0.0033 0.0219 0.0050 0.0065 0.9634 
        h139  2 0.0021 0.0016 0.0022 0.0020 0.9921 
        h140  2 0.0031 0.0045 0.0103 0.0514 0.9308 
        h141  2 0.0068 0.0067 0.0100 0.0058 0.9707 
        h142  2 0.0074 0.0031 0.0046 0.0032 0.9818 
        h143  2 0.0066 0.0051 0.0094 0.0115 0.9674 
        h144  2 0.0070 0.0024 0.0049 0.0024 0.9833 
        h145  2 0.0049 0.0035 0.0039 0.0034 0.9843 
        h146  2 0.0040 0.0033 0.0044 0.0050 0.9833 
        h147  2 0.0031 0.0393 0.0176 0.0189 0.9211 
        h148  2 0.0099 0.0024 0.0039 0.0033 0.9806 
        h149  2 0.0065 0.0037 0.0047 0.0043 0.9808 
        h150  2 0.0021 0.0025 0.0028 0.0031 0.9895 
        h151  2 0.0185 0.0040 0.0051 0.0065 0.9659 
        h152  2 0.0179 0.0039 0.0247 0.0067 0.9467 
        h153  2 0.0071 0.0118 0.0069 0.0064 0.9678 
        h154  2 0.0036 0.0031 0.0049 0.0022 0.9862 
        h155  2 0.0025 0.0040 0.0044 0.0025 0.9865 
        h156  2 0.0046 0.0036 0.0029 0.0035 0.9855 
        h157  2 0.0043 0.0051 0.0031 0.0038 0.9838 
        h158  2 0.0040 0.0032 0.0042 0.0047 0.9840 
        h159  2 0.0021 0.0025 0.0025 0.0021 0.9907 
        h160  2 0.0033 0.0080 0.0034 0.0028 0.9825 
        h161  2 0.0114 0.0051 0.0097 0.0064 0.9674 
        h162  2 0.0256 0.0193 0.0214 0.0169 0.9168 
        h163  2 0.0077 0.0051 0.0033 0.0031 0.9808 
        h164  2 0.0022 0.0028 0.0033 0.0028 0.9887 
        h165  2 0.0062 0.0081 0.0072 0.0204 0.9582 
        h166  2 0.0062 0.0041 0.0072 0.0110 0.9714 
        h167  2 0.0036 0.0021 0.0030 0.0052 0.9862 
        h168  2 0.0170 0.0299 0.0133 0.0131 0.9266 
        h169  2 0.0062 0.0029 0.0037 0.0048 0.9824 
        h170  2 0.0032 0.0043 0.0047 0.0042 0.9837 
        h171  2 0.0254 0.0062 0.0072 0.0066 0.9546 
        h172  2 0.0023 0.0025 0.0132 0.0045 0.9774 
        h173  2 0.0022 0.0017 0.0036 0.0028 0.9898 
        h174  2 0.0053 0.0190 0.0100 0.0122 0.9536 
        h175  2 0.0143 0.0030 0.0385 0.0096 0.9346 
        h176  2 0.0067 0.0042 0.0058 0.0073 0.9761 
        h177  2 0.0151 0.0050 0.0063 0.0068 0.9667 
        h178  2 0.0122 0.0049 0.0070 0.0029 0.9731 
        h179  2 0.0034 0.0063 0.0050 0.0049 0.9803 
        h180  2 0.0034 0.0043 0.0033 0.0049 0.9841 
        h181  2 0.0065 0.0041 0.0036 0.0055 0.9803 
        h182  2 0.0231 0.0039 0.0266 0.0457 0.9007 
        h183  2 0.0030 0.0195 0.0075 0.0038 0.9662 
        h184  2 0.0063 0.0037 0.0052 0.0043 0.9805 
        h185  2 0.0064 0.0038 0.0090 0.0046 0.9763 
        h186  2 0.0072 0.0037 0.0031 0.0032 0.9828 
        h187  2 0.0029 0.0085 0.0040 0.0064 0.9782 
        h188  2 0.0052 0.0027 0.0066 0.0044 0.9811 
        h189  2 0.0057 0.0028 0.0043 0.0034 0.9838 
        h190  2 0.0033 0.0034 0.0034 0.0038 0.9860 
        h191  2 0.0044 0.0069 0.0091 0.0089 0.9707 
        h192  2 0.0048 0.0034 0.0176 0.0040 0.9702 
        h193  2 0.0041 0.0067 0.0049 0.0069 0.9774 
        h194  2 0.0066 0.0023 0.0127 0.0175 0.9608 
        h195  2 0.0053 0.0035 0.0040 0.0109 0.9763 
        h196  2 0.0049 0.0025 0.0029 0.0030 0.9867 
        h197  2 0.0527 0.0047 0.0073 0.0055 0.9298 
        h198  2 0.0198 0.0061 0.0301 0.0102 0.9339 
        h199  2 0.0067 0.0030 0.0029 0.0034 0.9841 
        h200  2 0.0038 0.0038 0.0028 0.0034 0.9862 
      MSV1TX  3 0.0039 0.0067 0.3884 0.0058 0.5952 
      MSV025  3 0.0110 0.0313 0.6924 0.0313 0.2341 
      MSV02C  3 0.0221 0.0319 0.3993 0.0343 0.5124 
      MSV02E  3 0.0050 0.0127 0.4118 0.1817 0.3889 
      MSV0TF  3 0.0021 0.0140 0.6225 0.0110 0.3504 
       M2EL8  3 0.0156 0.0572 0.6422 0.0188 0.2663 
      h00115  4 0.0282 0.0049 0.0973 0.0168 0.8528 
      h00215  4 0.0122 0.0029 0.5005 0.0042 0.4802 
      h00315  4 0.0048 0.0053 0.4796 0.0119 0.4983 
      h00415  4 0.0052 0.0205 0.4128 0.0262 0.5354 
      h00515  4 0.0041 0.0062 0.6413 0.0100 0.3384 
      h00615  4 0.0039 0.0054 0.4494 0.0040 0.5373 
      h00715  4 0.0038 0.0151 0.5623 0.0047 0.4141 
      h00815  4 0.0082 0.0145 0.5675 0.0149 0.3950 
      h00915  4 0.0073 0.1251 0.3375 0.0102 0.5199 
      h01015  4 0.0053 0.0092 0.5909 0.0086 0.3860 
      h01115  4 0.0058 0.0076 0.5620 0.0051 0.4194 
      h01215  4 0.0061 0.0121 0.4879 0.0060 0.4879 
      h01315  4 0.0058 0.0081 0.4766 0.0068 0.5027 
      h01415  4 0.0054 0.0027 0.4344 0.0086 0.5488 
      h01515  4 0.0087 0.0080 0.4623 0.0070 0.5140 
      h01615  4 0.0086 0.0099 0.4304 0.0925 0.4586 
      h01715  4 0.0276 0.0242 0.3666 0.0353 0.5463 
      h01815  4 0.0030 0.0050 0.4772 0.0186 0.4962 
      h01915  4 0.0104 0.0206 0.4184 0.0104 0.5401 
      h02015  4 0.0032 0.0067 0.6013 0.0054 0.3834 
      h02115  4 0.0048 0.0104 0.3525 0.0346 0.5976 
      h02215  4 0.0175 0.0060 0.3399 0.0047 0.6319 
      h02315  4 0.0614 0.0543 0.7923 0.0062 0.0857 
      h02415  4 0.0029 0.0077 0.5519 0.0067 0.4308 
      h02515  4 0.0050 0.0066 0.5223 0.0054 0.4606 
      h02615  4 0.0026 0.0061 0.5489 0.0315 0.4109 
      h02715  4 0.0063 0.0076 0.3870 0.0048 0.5943 
      h02815  4 0.0396 0.0071 0.3058 0.0086 0.6389 
      h02915  4 0.0028 0.0116 0.4315 0.0025 0.5514 
      h03015  4 0.0051 0.0351 0.3777 0.0123 0.5697 
      h03115  4 0.0087 0.0781 0.3965 0.1171 0.3996 
      h03215  4 0.0077 0.0144 0.3981 0.1623 0.4174 
      h03315  4 0.0070 0.0046 0.3733 0.0061 0.6090 
      h03415  4 0.0428 0.0048 0.5317 0.0243 0.3964 
      h03515  4 0.0061 0.0117 0.5309 0.0385 0.4129 
      h03615  4 0.0045 0.0054 0.5178 0.0040 0.4684 
      h03715  4 0.0034 0.0067 0.7362 0.0047 0.2490 
      h03815  4 0.0059 0.0092 0.6530 0.0120 0.3199 
      h03915  4 0.0050 0.0037 0.4471 0.0111 0.5330 
      h04015  4 0.0087 0.0052 0.5158 0.0138 0.4565 
      h04115  4 0.0414 0.0093 0.5056 0.0071 0.4366 
      h04215  4 0.0042 0.0118 0.3421 0.0051 0.6369 
      h04315  4 0.0043 0.0889 0.3244 0.0421 0.5403 
      h04415  4 0.0793 0.0203 0.1752 0.0348 0.6905 
      h04515  4 0.0027 0.0052 0.3751 0.0118 0.6052 
      h04615  4 0.0084 0.0053 0.6187 0.0053 0.3624 
      h04715  4 0.0036 0.0052 0.5179 0.0172 0.4561 
      h04815  4 0.0037 0.0047 0.3481 0.0076 0.6358 
      h04915  4 0.0051 0.0058 0.4774 0.0210 0.4908 
      h05015  4 0.0047 0.0113 0.3919 0.0051 0.5870 
      h05115  4 0.0045 0.0029 0.5119 0.0115 0.4692 
      h05215  4 0.0039 0.0115 0.5538 0.0158 0.4151 
      h05315  4 0.0118 0.0161 0.4998 0.0169 0.4554 
      h05415  4 0.0095 0.1056 0.3780 0.0053 0.5016 
      h05515  4 0.0068 0.0061 0.3486 0.0080 0.6305 
      h05615  4 0.0071 0.0086 0.4094 0.0074 0.5675 
      h05715  4 0.0025 0.0084 0.6147 0.0084 0.3660 
      h05815  4 0.0127 0.0146 0.3648 0.0089 0.5990 
      h05915  4 0.0072 0.0098 0.5539 0.0432 0.3859 
      h06015  4 0.0057 0.0099 0.5576 0.0155 0.4113 
      h06115  4 0.0042 0.0029 0.4035 0.0045 0.5850 
      h06215  4 0.0171 0.0073 0.4814 0.0129 0.4813 
      h06315  4 0.0072 0.0070 0.5279 0.0235 0.4344 
      h06415  4 0.0065 0.0198 0.2920 0.0392 0.6425 
      h06515  4 0.0041 0.0089 0.4220 0.0520 0.5130 
      h06615  4 0.0047 0.0559 0.6286 0.0042 0.3066 
      h06715  4 0.0058 0.0066 0.4168 0.0161 0.5548 
      h06815  4 0.0031 0.0077 0.5298 0.0070 0.4523 
      h06915  4 0.0028 0.0076 0.4964 0.0035 0.4897 
      h07015  4 0.0507 0.0360 0.4362 0.0154 0.4617 
      h07115  4 0.0089 0.0036 0.4127 0.0071 0.5677 
      h07215  4 0.0062 0.1365 0.1285 0.0064 0.7224 
      h07315  4 0.0028 0.0035 0.4694 0.0060 0.5183 
      h07415  4 0.0026 0.0139 0.5836 0.0072 0.3927 
      h07515  4 0.0231 0.0393 0.7868 0.0039 0.1469 
      h07615  4 0.0038 0.0097 0.4553 0.0577 0.4735 
      h07715  4 0.0098 0.0063 0.4538 0.0074 0.5227 
      h07815  4 0.0046 0.0101 0.3574 0.0033 0.6246 
      h07915  4 0.0048 0.2113 0.1715 0.0270 0.5854 
      h08015  4 0.0043 0.0039 0.4628 0.0077 0.5213 
      h08115  4 0.0059 0.0062 0.3710 0.0077 0.6092 
      h08215  4 0.0113 0.0038 0.5170 0.0059 0.4621 
      h08315  4 0.0051 0.0066 0.5635 0.0211 0.4036 
      h08415  4 0.0048 0.0039 0.4121 0.0030 0.5763 
      h08515  4 0.0937 0.0294 0.6998 0.0231 0.1540 
      h08615  4 0.0130 0.0613 0.4162 0.0115 0.4980 
      h08715  4 0.0061 0.0799 0.2972 0.0089 0.6079 
      h08815  4 0.0041 0.0036 0.6385 0.0057 0.3481 
      h08915  4 0.0054 0.0080 0.4370 0.0111 0.5385 
      h09015  4 0.0031 0.0190 0.4838 0.0103 0.4839 
      h09115  4 0.0833 0.0084 0.4332 0.0079 0.4672 
      h09215  4 0.0153 0.0053 0.5995 0.0061 0.3737 
      h09315  4 0.0070 0.0284 0.5920 0.0080 0.3646 
      h09415  4 0.0043 0.0059 0.8483 0.0070 0.1344 
      h09515  4 0.0053 0.0070 0.5760 0.0241 0.3875 
      h09615  4 0.0044 0.0114 0.5600 0.0065 0.4177 
      h09715  4 0.0057 0.0133 0.6836 0.0151 0.2823 
      h09815  4 0.0083 0.0058 0.8282 0.0143 0.1434 
      h09915  4 0.0031 0.0037 0.5222 0.0368 0.4343 
      h10015  4 0.0036 0.0045 0.5117 0.0143 0.4659 
      h00131  5 0.0035 0.0048 0.5713 0.0080 0.4123 
      h00231  5 0.0075 0.0065 0.3663 0.0072 0.6126 
      h00331  5 0.0072 0.0103 0.2903 0.0427 0.6495 
      h00431  5 0.0035 0.0041 0.4756 0.0056 0.5113 
      h00531  5 0.0072 0.0286 0.6258 0.0320 0.3064 
      h00631  5 0.0041 0.0033 0.4602 0.0052 0.5272 
      h00731  5 0.0411 0.0053 0.5104 0.0234 0.4198 
      h00831  5 0.0054 0.0041 0.6325 0.0044 0.3537 
      h00931  5 0.0078 0.0033 0.3640 0.0039 0.6211 
      h01031  5 0.0037 0.0094 0.5983 0.0084 0.3802 
      h01131  5 0.0072 0.0075 0.4012 0.0139 0.5702 
      h01231  5 0.0100 0.0040 0.5317 0.0206 0.4338 
      h01331  5 0.0278 0.0056 0.2926 0.0143 0.6597 
      h01431  5 0.0770 0.0357 0.2719 0.0142 0.6012 
      h01531  5 0.0204 0.0592 0.5428 0.0219 0.3556 
      h01631  5 0.0195 0.0045 0.6049 0.0198 0.3513 
      h01731  5 0.0039 0.0034 0.4373 0.0833 0.4722 
      h01831  5 0.0047 0.0422 0.1812 0.1364 0.6354 
      h01931  5 0.0210 0.0208 0.3724 0.0126 0.5732 
      h02031  5 0.0033 0.0095 0.4696 0.0073 0.5103 
      h02131  5 0.0047 0.0139 0.2975 0.0075 0.6764 
      h02231  5 0.0052 0.0042 0.7200 0.0081 0.2625 
      h02331  5 0.0122 0.0035 0.5887 0.0107 0.3849 
      h02431  5 0.0051 0.0044 0.4558 0.0069 0.5277 
      h02531  5 0.0103 0.0086 0.4394 0.0121 0.5297 
      h02631  5 0.0283 0.0080 0.7275 0.0800 0.1562 
      h02731  5 0.0030 0.0040 0.9076 0.0031 0.0822 
      h02831  5 0.0045 0.0041 0.5657 0.0075 0.4182 
      h02931  5 0.0071 0.0044 0.3608 0.0051 0.6226 
      h03031  5 0.0033 0.0040 0.4940 0.0111 0.4877 
      h03131  5 0.0497 0.0264 0.4116 0.1370 0.3754 
      h03231  5 0.0055 0.0036 0.4051 0.0220 0.5638 
      h03331  5 0.0097 0.0052 0.4522 0.0225 0.5105 
      h03431  5 0.0089 0.0044 0.4033 0.0167 0.5668 
      h03531  5 0.1873 0.0128 0.3917 0.0055 0.4027 
      h03631  5 0.0196 0.0055 0.0731 0.3131 0.5887 
      h03731  5 0.0104 0.0031 0.5406 0.0070 0.4389 
      h03831  5 0.0164 0.0117 0.3923 0.0045 0.5750 
      h03931  5 0.0309 0.0065 0.6573 0.0131 0.2922 
      h04031  5 0.0199 0.0050 0.9250 0.0113 0.0388 
      h04131  5 0.0036 0.0036 0.6175 0.0124 0.3629 
      h04231  5 0.0276 0.0037 0.6143 0.0124 0.3420 
      h04331  5 0.0157 0.0059 0.4423 0.0072 0.5290 
      h04431  5 0.0086 0.0106 0.4360 0.0561 0.4887 
      h04531  5 0.0049 0.0038 0.4653 0.0026 0.5234 
      h04631  5 0.0039 0.0307 0.4220 0.0416 0.5018 
      h04731  5 0.0111 0.0045 0.0930 0.3527 0.5386 
      h04831  5 0.0080 0.0082 0.6759 0.0098 0.2981 
      h04931  5 0.0025 0.0072 0.4872 0.0144 0.4887 
      h05031  5 0.0258 0.0061 0.7838 0.0114 0.1730 
      h05131  5 0.0506 0.0035 0.6198 0.0054 0.3206 
      h05231  5 0.0164 0.0061 0.4814 0.0107 0.4855 
      h05331  5 0.0103 0.0068 0.5327 0.0112 0.4390 
      h05431  5 0.0061 0.0067 0.2337 0.0260 0.7275 
      h05531  5 0.0110 0.0044 0.5192 0.0097 0.4558 
      h05631  5 0.0046 0.0077 0.4122 0.0039 0.5716 
      h05731  5 0.0226 0.0104 0.6523 0.0095 0.3052 
      h05831  5 0.0072 0.0064 0.3965 0.0483 0.5415 
      h05931  5 0.0105 0.2579 0.1064 0.0146 0.6106 
      h06031  5 0.0135 0.0061 0.4689 0.0112 0.5003 
      h06131  5 0.0044 0.0044 0.4107 0.0078 0.5727 
      h06231  5 0.0071 0.0674 0.2955 0.0056 0.6244 
      h06331  5 0.0051 0.0079 0.6883 0.0167 0.2820 
      h06431  5 0.0027 0.0149 0.6176 0.0147 0.3501 
      h06531  5 0.0074 0.0032 0.5812 0.0032 0.4049 
      h06631  5 0.0153 0.0034 0.5840 0.0164 0.3809 
      h06731  5 0.0069 0.0095 0.5609 0.0063 0.4166 
      h06831  5 0.0041 0.0136 0.2103 0.1438 0.6282 
      h06931  5 0.0066 0.0327 0.4829 0.0037 0.4741 
      h07031  5 0.0055 0.0054 0.4793 0.0680 0.4418 
      h07131  5 0.0023 0.0085 0.4421 0.0073 0.5398 
      h07231  5 0.0432 0.0086 0.3895 0.0383 0.5204 
      h07331  5 0.0058 0.0119 0.4641 0.0542 0.4640 
      h07431  5 0.0079 0.0039 0.1620 0.1028 0.7235 
      h07531  5 0.0057 0.0118 0.5410 0.0046 0.4369 
      h07631  5 0.0034 0.0072 0.4277 0.0074 0.5543 
      h07731  5 0.0084 0.0063 0.4716 0.0037 0.5100 
      h07831  5 0.0077 0.0063 0.5747 0.0064 0.4050 
      h07931  5 0.0065 0.0065 0.8178 0.0116 0.1576 
      h08031  5 0.0085 0.0044 0.4979 0.0078 0.4815 
      h08131  5 0.0059 0.0042 0.1742 0.1409 0.6748 
      h08231  5 0.0049 0.0045 0.6203 0.0152 0.3551 
      h08331  5 0.0034 0.0060 0.5684 0.0076 0.4147 
      h08431  5 0.0044 0.0026 0.3860 0.0125 0.5944 
      h08531  5 0.0022 0.0024 0.5303 0.0206 0.4444 
      h08631  5 0.0048 0.0113 0.4613 0.0043 0.5183 
      h08731  5 0.0041 0.0066 0.5489 0.0217 0.4188 
      h08831  5 0.0056 0.0047 0.4267 0.0067 0.5563 
      h08931  5 0.0076 0.0035 0.4658 0.0213 0.5017 
      h09031  5 0.0043 0.0079 0.5836 0.0255 0.3787 
      h09131  5 0.0056 0.0305 0.1574 0.2515 0.5550 
      h09231  5 0.0473 0.0056 0.0147 0.4239 0.5084 
      h09331  5 0.0069 0.0057 0.4880 0.0107 0.4886 
      h09431  5 0.0069 0.0066 0.5826 0.0094 0.3945 
      h09531  5 0.0026 0.0058 0.5891 0.0031 0.3994 
      h09631  5 0.0148 0.0061 0.4746 0.0076 0.4968 
      h09731  5 0.0726 0.0077 0.0449 0.0956 0.7793 
      h09831  5 0.0103 0.0024 0.4589 0.0055 0.5229 
      h09931  5 0.0435 0.0052 0.5066 0.0177 0.4270 
      h10031  5 0.0510 0.0259 0.2947 0.0154 0.6130 
       h0016  6 0.0154 0.3497 0.0431 0.0132 0.5785 
       h0026  6 0.0092 0.3727 0.0058 0.0105 0.6018 
       h0036  6 0.0367 0.4070 0.0351 0.0259 0.4953 
       h0046  6 0.0339 0.4687 0.0067 0.0194 0.4713 
       h0056  6 0.0317 0.4512 0.0050 0.0063 0.5060 
       h0066  6 0.0029 0.4629 0.0031 0.0046 0.5265 
       h0076  6 0.0032 0.4945 0.0029 0.0024 0.4970 
       h0086  6 0.0026 0.5184 0.0136 0.0039 0.4616 
       h0096  6 0.0032 0.5644 0.0035 0.0031 0.4259 
       h0106  6 0.0106 0.4994 0.0044 0.0033 0.4824 
       h0116  6 0.0032 0.6496 0.0036 0.0030 0.3405 
       h0126  6 0.0051 0.4915 0.0884 0.0400 0.3750 
       h0136  6 0.0029 0.4274 0.0047 0.0033 0.5618 
       h0146  6 0.0114 0.4521 0.0096 0.0157 0.5112 
       h0156  6 0.0033 0.4828 0.0079 0.0037 0.5023 
       h0166  6 0.0110 0.1463 0.0075 0.2766 0.5586 
       h0176  6 0.0332 0.6055 0.0071 0.0075 0.3467 
       h0186  6 0.0029 0.5092 0.0064 0.0051 0.4763 
       h0196  6 0.0065 0.6144 0.0052 0.0031 0.3708 
       h0206  6 0.0051 0.4228 0.0117 0.0053 0.5551 
       h0216  6 0.0027 0.5795 0.0046 0.0046 0.4085 
       h0226  6 0.0255 0.4045 0.0228 0.0269 0.5204 
       h0236  6 0.0063 0.5135 0.0066 0.0041 0.4694 
       h0246  6 0.0120 0.6342 0.0098 0.0089 0.3352 
       h0256  6 0.0060 0.5160 0.0032 0.0033 0.4715 
       h0266  6 0.0117 0.5309 0.0042 0.0050 0.4482 
       h0276  6 0.0124 0.3971 0.0201 0.0083 0.5621 
       h0286  6 0.0053 0.5150 0.0381 0.0084 0.4332 
       h0296  6 0.0847 0.5187 0.0096 0.0100 0.3770 
       h0306  6 0.0199 0.5330 0.0082 0.0068 0.4322 
       h0316  6 0.0131 0.5665 0.0169 0.0135 0.3901 
       h0326  6 0.0047 0.3764 0.0243 0.0183 0.5763 
       h0336  6 0.0069 0.6096 0.0036 0.0030 0.3768 
       h0346  6 0.0033 0.5336 0.0054 0.0064 0.4514 
       h0356  6 0.0063 0.5062 0.0228 0.0050 0.4597 
       h0366  6 0.0058 0.5699 0.0043 0.0089 0.4111 
       h0376  6 0.0261 0.5239 0.0152 0.0387 0.3962 
       h0386  6 0.0130 0.6112 0.0045 0.0262 0.3451 
       h0396  6 0.0043 0.3414 0.0192 0.0385 0.5966 
       h0406  6 0.0051 0.5335 0.0065 0.0065 0.4484 
       h0416  6 0.0053 0.5226 0.0075 0.0026 0.4620 
       h0426  6 0.0072 0.3754 0.0051 0.0080 0.6043 
       h0436  6 0.0037 0.5664 0.0033 0.0028 0.4237 
       h0446  6 0.0029 0.4236 0.0032 0.0030 0.5673 
       h0456  6 0.0105 0.5040 0.0055 0.0051 0.4749 
       h0466  6 0.0032 0.4079 0.0044 0.0036 0.5808 
       h0476  6 0.0027 0.3916 0.0046 0.0025 0.5986 
       h0486  6 0.0020 0.4742 0.0043 0.0037 0.5158 
       h0496  6 0.0036 0.3826 0.0064 0.0035 0.6039 
       h0506  6 0.0030 0.4195 0.0070 0.0041 0.5665 
       h0516  6 0.0039 0.4110 0.0039 0.0042 0.5770 
       h0526  6 0.0029 0.4687 0.0031 0.0031 0.5221 
       h0536  6 0.0028 0.4416 0.0356 0.0075 0.5125 
       h0546  6 0.0031 0.4709 0.0043 0.0025 0.5191 
       h0556  6 0.0042 0.4546 0.0047 0.0078 0.5287 
       h0566  6 0.0084 0.5066 0.0102 0.0110 0.4638 
       h0576  6 0.0052 0.4589 0.0050 0.0038 0.5271 
       h0586  6 0.0025 0.3438 0.0062 0.0040 0.6435 
       h0596  6 0.0037 0.6538 0.0070 0.0111 0.3244 
       h0606  6 0.0030 0.3869 0.0069 0.0076 0.5956 
       h0616  6 0.0033 0.3448 0.0057 0.0079 0.6382 
       h0626  6 0.0043 0.6305 0.0065 0.0057 0.3529 
       h0636  6 0.0035 0.6075 0.0090 0.0034 0.3766 
       h0646  6 0.0022 0.4467 0.0048 0.0059 0.5404 
       h0656  6 0.0021 0.2727 0.0034 0.0031 0.7187 
       h0666  6 0.0084 0.1847 0.0854 0.0294 0.6920 
       h0676  6 0.0059 0.4549 0.0065 0.0052 0.5275 
       h0686  6 0.0031 0.3312 0.0081 0.0056 0.6520 
       h0696  6 0.0049 0.5501 0.0099 0.0056 0.4295 
       h0706  6 0.0032 0.4434 0.0050 0.0041 0.5443 
       h0716  6 0.0023 0.5422 0.0030 0.0035 0.4490 
       h0726  6 0.0067 0.4910 0.0076 0.0076 0.4871 
       h0736  6 0.0029 0.5209 0.0057 0.0122 0.4582 
       h0746  6 0.0026 0.4421 0.0073 0.0066 0.5414 
       h0756  6 0.0064 0.4332 0.0051 0.0047 0.5506 
       h0766  6 0.0061 0.5123 0.0045 0.0138 0.4634 
       h0776  6 0.0031 0.6436 0.0048 0.0069 0.3416 
       h0786  6 0.0095 0.5642 0.0081 0.0054 0.4128 
       h0796  6 0.0035 0.6170 0.0039 0.0058 0.3698 
       h0806  6 0.0203 0.4875 0.0260 0.0214 0.4447 
       h0816  6 0.0043 0.4794 0.0061 0.0039 0.5063 
       h0826  6 0.0124 0.5709 0.0156 0.0054 0.3957 
       h0836  6 0.0027 0.5556 0.0034 0.0028 0.4354 
       h0846  6 0.0032 0.6356 0.0039 0.0026 0.3547 
       h0856  6 0.0034 0.3846 0.0119 0.0052 0.5949 
       h0866  6 0.0051 0.5739 0.0103 0.0038 0.4068 
       h0876  6 0.0039 0.5578 0.0052 0.0036 0.4296 
       h0886  6 0.0090 0.4614 0.0033 0.0036 0.5226 
       h0896  6 0.0027 0.6131 0.0044 0.0026 0.3773 
       h0906  6 0.0025 0.4423 0.0031 0.0022 0.5499 
       h0916  6 0.0025 0.5747 0.0057 0.0064 0.4107 
       h0926  6 0.0045 0.5293 0.0069 0.0070 0.4524 
       h0936  6 0.0091 0.3863 0.0091 0.0099 0.5856 
       h0946  6 0.0205 0.4725 0.0056 0.0053 0.4961 
       h0956  6 0.0032 0.4535 0.0055 0.0035 0.5343 
       h0966  6 0.0086 0.5413 0.0088 0.0061 0.4352 
       h0976  6 0.0037 0.5826 0.0053 0.0049 0.4034 
       h0986  6 0.0021 0.4318 0.0108 0.0043 0.5510 
       h0996  6 0.0046 0.5439 0.0101 0.0061 0.4353 
       h1006  6 0.0049 0.4967 0.0255 0.0053 0.4676 
       h0019  7 0.4914 0.0038 0.0044 0.0048 0.4957 
       h0029  7 0.3444 0.0079 0.0101 0.0051 0.6325 
       h0039  7 0.5034 0.0058 0.0144 0.0105 0.4660 
       h0049  7 0.5168 0.0119 0.0261 0.0220 0.4232 
       h0059  7 0.5487 0.0064 0.0031 0.0040 0.4376 
       h0069  7 0.5519 0.0069 0.0049 0.0065 0.4297 
       h0079  7 0.5449 0.0025 0.0033 0.0028 0.4465 
       h0089  7 0.4892 0.0041 0.0054 0.0029 0.4985 
       h0099  7 0.4230 0.0046 0.0157 0.0058 0.5510 
       h0109  7 0.4122 0.0421 0.0278 0.0090 0.5088 
       h0119  7 0.4548 0.0035 0.0044 0.0048 0.5325 
       h0129  7 0.5181 0.0048 0.0368 0.0061 0.4342 
       h0139  7 0.5202 0.0045 0.0046 0.0126 0.4581 
       h0149  7 0.4799 0.0070 0.0040 0.0126 0.4964 
       h0159  7 0.4715 0.0195 0.0053 0.0098 0.4938 
       h0169  7 0.3547 0.0026 0.0042 0.0065 0.6321 
       h0179  7 0.4533 0.0026 0.0046 0.0024 0.5371 
       h0189  7 0.6005 0.0044 0.0047 0.0034 0.3870 
       h0199  7 0.4731 0.0035 0.0051 0.0107 0.5075 
       h0209  7 0.5126 0.0043 0.0055 0.0071 0.4706 
       h0219  7 0.4287 0.0075 0.0073 0.0052 0.5513 
       h0229  7 0.4866 0.0418 0.0104 0.0096 0.4516 
       h0239  7 0.4984 0.0031 0.0038 0.0069 0.4878 
       h0249  7 0.3787 0.0083 0.0251 0.0040 0.5838 
       h0259  7 0.5735 0.0075 0.0080 0.0112 0.3998 
       h0269  7 0.4832 0.0856 0.0083 0.0106 0.4124 
       h0279  7 0.3495 0.0029 0.0058 0.0060 0.6357 
       h0289  7 0.4746 0.0040 0.0048 0.0031 0.5136 
       h0299  7 0.4333 0.0032 0.0045 0.0036 0.5554 
       h0309  7 0.5397 0.0024 0.0032 0.0028 0.4519 
       h0319  7 0.5682 0.0034 0.0059 0.0145 0.4079 
       h0329  7 0.5055 0.0046 0.0072 0.0358 0.4470 
       h0339  7 0.3531 0.0819 0.0059 0.0166 0.5425 
       h0349  7 0.5388 0.0305 0.0087 0.0066 0.4154 
       h0359  7 0.5596 0.0028 0.0047 0.0057 0.4272 
       h0369  7 0.5741 0.0233 0.0090 0.0051 0.3885 
       h0379  7 0.4662 0.0031 0.0059 0.0108 0.5140 
       h0389  7 0.5932 0.0124 0.0572 0.0067 0.3306 
       h0399  7 0.4969 0.0267 0.0105 0.0085 0.4574 
       h0409  7 0.4824 0.0029 0.0035 0.0040 0.5072 
       h0419  7 0.3263 0.0092 0.0204 0.0172 0.6269 
       h0429  7 0.4332 0.0029 0.0036 0.0062 0.5542 
       h0439  7 0.4908 0.0039 0.0055 0.0042 0.4956 
       h0449  7 0.4453 0.0072 0.0091 0.0149 0.5236 
       h0459  7 0.5163 0.0025 0.0041 0.0058 0.4714 
       h0469  7 0.5488 0.0062 0.0059 0.0087 0.4303 
       h0479  7 0.5858 0.0023 0.0245 0.0038 0.3835 
       h0489  7 0.5712 0.0080 0.0054 0.0080 0.4074 
       h0499  7 0.5028 0.0038 0.0064 0.0040 0.4830 
       h0509  7 0.4901 0.0047 0.0050 0.0067 0.4936 
       h0519  7 0.6192 0.0068 0.0044 0.0039 0.3657 
       h0529  7 0.5942 0.0065 0.0058 0.0047 0.3889 
       h0539  7 0.5551 0.0028 0.0033 0.0031 0.4356 
       h0549  7 0.5748 0.0071 0.0040 0.0083 0.4059 
       h0559  7 0.5060 0.0059 0.0035 0.0030 0.4816 
       h0569  7 0.4453 0.0125 0.0041 0.0030 0.5351 
       h0579  7 0.5368 0.0051 0.0122 0.0118 0.4341 
       h0589  7 0.4208 0.0025 0.0173 0.0110 0.5484 
       h0599  7 0.3593 0.0037 0.0041 0.0201 0.6128 
       h0609  7 0.4235 0.0050 0.0036 0.0060 0.5619 
       h0619  7 0.5614 0.0047 0.0060 0.0123 0.4156 
       h0629  7 0.3700 0.0209 0.0073 0.0076 0.5941 
       h0639  7 0.5289 0.0107 0.0099 0.0977 0.3528 
       h0649  7 0.4003 0.0054 0.0061 0.0048 0.5834 
       h0659  7 0.3610 0.0029 0.0038 0.0080 0.6243 
       h0669  7 0.5908 0.0035 0.0057 0.0107 0.3893 
       h0679  7 0.4443 0.0026 0.0040 0.0045 0.5446 
       h0689  7 0.5197 0.0048 0.0029 0.0038 0.4688 
       h0699  7 0.4827 0.0043 0.0092 0.0056 0.4982 
       h0709  7 0.4553 0.0049 0.0035 0.0037 0.5327 
       h0719  7 0.4286 0.0044 0.0036 0.0050 0.5584 
       h0729  7 0.7383 0.0083 0.0552 0.0093 0.1889 
       h0739  7 0.3939 0.0150 0.0054 0.0061 0.5796 
       h0749  7 0.4145 0.0038 0.0114 0.0075 0.5627 
       h0759  7 0.5995 0.0114 0.0091 0.0072 0.3728 
       h0769  7 0.5281 0.0043 0.0073 0.0057 0.4547 
       h0779  7 0.4438 0.0029 0.0045 0.0210 0.5278 
       h0789  7 0.3595 0.0069 0.0059 0.0175 0.6103 
       h0799  7 0.5905 0.0029 0.0035 0.0035 0.3996 
       h0809  7 0.5757 0.0023 0.0028 0.0035 0.4157 
       h0819  7 0.4187 0.0061 0.0055 0.0036 0.5661 
       h0829  7 0.4890 0.0178 0.0055 0.0068 0.4809 
       h0839  7 0.4435 0.0028 0.0063 0.0066 0.5408 
       h0849  7 0.5278 0.0060 0.0052 0.0055 0.4555 
       h0859  7 0.7111 0.0319 0.1217 0.0050 0.1304 
       h0869  7 0.4636 0.0050 0.0052 0.0044 0.5218 
       h0879  7 0.3647 0.0039 0.0058 0.0073 0.6183 
       h0889  7 0.6005 0.0030 0.0042 0.0029 0.3894 
       h0899  7 0.4854 0.0169 0.0084 0.0052 0.4841 
       h0909  7 0.5749 0.0031 0.0032 0.0055 0.4133 
       h0919  7 0.4461 0.0232 0.0157 0.0377 0.4774 
       h0929  7 0.4286 0.0047 0.0059 0.0181 0.5427 
       h0939  7 0.5055 0.0055 0.0037 0.0040 0.4812 
       h0949  7 0.4804 0.0083 0.0052 0.0041 0.5020 
       h0959  7 0.5951 0.0051 0.0047 0.0034 0.3917 
       h0969  7 0.5233 0.0068 0.0067 0.0060 0.4572 
       h0979  7 0.5480 0.0060 0.0035 0.0040 0.4385 
       h0989  7 0.5480 0.0029 0.0064 0.0093 0.4334 
       h0999  7 0.4818 0.0035 0.0054 0.0054 0.5040 
       h1009  7 0.5952 0.0031 0.0062 0.0135 0.3820 
      h00112  8 0.0097 0.0042 0.0073 0.5431 0.4356 
      h00212  8 0.0040 0.0043 0.0085 0.3506 0.6327 
      h00312  8 0.0033 0.0032 0.0064 0.5026 0.4845 
      h00412  8 0.0042 0.0101 0.0315 0.3507 0.6036 
      h00512  8 0.0042 0.0117 0.0122 0.6340 0.3378 
      h00612  8 0.0069 0.0104 0.0087 0.4133 0.5608 
      h00712  8 0.0350 0.0066 0.0085 0.5697 0.3801 
      h00812  8 0.0058 0.0051 0.0042 0.4659 0.5189 
      h00912  8 0.0057 0.0078 0.0159 0.3534 0.6171 
      h01012  8 0.0058 0.0066 0.0046 0.4338 0.5491 
      h01112  8 0.0061 0.0033 0.0065 0.3277 0.6564 
      h01212  8 0.0047 0.0043 0.0049 0.5918 0.3943 
      h01312  8 0.1063 0.0230 0.0112 0.5792 0.2803 
      h01412  8 0.0034 0.0083 0.0190 0.4343 0.5350 
      h01512  8 0.0039 0.0086 0.0172 0.5759 0.3943 
      h01612  8 0.0051 0.0261 0.0456 0.4084 0.5149 
      h01712  8 0.0028 0.0058 0.0675 0.4337 0.4902 
      h01812  8 0.0274 0.0038 0.0061 0.3405 0.6222 
      h01912  8 0.0069 0.0064 0.0071 0.4798 0.4998 
      h02012  8 0.0077 0.0254 0.4254 0.2775 0.2639 
      h02112  8 0.0037 0.0103 0.0180 0.5071 0.4610 
      h02212  8 0.0074 0.0057 0.0072 0.3761 0.6035 
      h02312  8 0.0039 0.0049 0.0116 0.6380 0.3417 
      h02412  8 0.0728 0.0100 0.0052 0.4027 0.5093 
      h02512  8 0.0307 0.0129 0.0192 0.5211 0.4161 
      h02612  8 0.0037 0.0040 0.0070 0.5389 0.4463 
      h02712  8 0.0077 0.0115 0.0070 0.5949 0.3789 
      h02812  8 0.0043 0.0029 0.0123 0.6374 0.3431 
      h02912  8 0.0071 0.0046 0.0070 0.4998 0.4815 
      h03012  8 0.0056 0.0074 0.0040 0.4667 0.5162 
      h03112  8 0.0043 0.0045 0.0085 0.5886 0.3941 
      h03212  8 0.0241 0.0076 0.0055 0.4289 0.5340 
      h03312  8 0.0063 0.0058 0.0063 0.5078 0.4739 
      h03412  8 0.0378 0.0114 0.0046 0.2896 0.6567 
      h03512  8 0.0151 0.0110 0.0084 0.5352 0.4303 
      h03612  8 0.0029 0.0033 0.0046 0.5487 0.4405 
      h03712  8 0.0064 0.0105 0.0067 0.4710 0.5054 
      h03812  8 0.0041 0.0039 0.0032 0.4665 0.5223 
      h03912  8 0.0050 0.0169 0.0085 0.4076 0.5620 
      h04012  8 0.0035 0.0464 0.0390 0.3697 0.5414 
      h04112  8 0.0051 0.0030 0.0048 0.4367 0.5505 
      h04212  8 0.0080 0.0036 0.0078 0.5188 0.4619 
      h04312  8 0.1219 0.0057 0.0077 0.3684 0.4963 
      h04412  8 0.0523 0.0139 0.0071 0.6601 0.2667 
      h04512  8 0.0078 0.0071 0.0157 0.4567 0.5127 
      h04612  8 0.0058 0.0196 0.0070 0.4645 0.5032 
      h04712  8 0.0260 0.0080 0.0062 0.5278 0.4319 
      h04812  8 0.0076 0.0064 0.0139 0.5621 0.4099 
      h04912  8 0.0057 0.0124 0.0408 0.4895 0.4517 
      h05012  8 0.0124 0.0065 0.0114 0.1234 0.8462 
      h05112  8 0.0063 0.0176 0.0173 0.3535 0.6053 
      h05212  8 0.0047 0.0063 0.0056 0.6651 0.3183 
      h05312  8 0.0111 0.0068 0.0082 0.5444 0.4294 
      h05412  8 0.0134 0.0116 0.0114 0.2864 0.6771 
      h05512  8 0.0147 0.0029 0.0077 0.5074 0.4673 
      h05612  8 0.0094 0.0019 0.0055 0.5207 0.4624 
      h05712  8 0.0037 0.0025 0.0080 0.4964 0.4894 
      h05812  8 0.0027 0.0108 0.0088 0.5208 0.4569 
      h05912  8 0.0067 0.0044 0.0091 0.4345 0.5453 
      h06012  8 0.0105 0.0069 0.0045 0.4843 0.4938 
      h06112  8 0.0218 0.0061 0.0060 0.4917 0.4744 
      h06212  8 0.0042 0.0022 0.0104 0.5808 0.4023 
      h06312  8 0.0056 0.0048 0.0055 0.5111 0.4730 
      h06412  8 0.0325 0.0097 0.0117 0.5087 0.4374 
      h06512  8 0.0291 0.0059 0.0124 0.3095 0.6431 
      h06612  8 0.0061 0.0142 0.1584 0.3270 0.4942 
      h06712  8 0.0037 0.0573 0.0309 0.5225 0.3856 
      h06812  8 0.0062 0.0072 0.0120 0.6161 0.3584 
      h06912  8 0.0039 0.0216 0.0086 0.4821 0.4838 
      h07012  8 0.0050 0.0079 0.0093 0.5025 0.4752 
      h07112  8 0.0760 0.0053 0.0164 0.2518 0.6504 
      h07212  8 0.0044 0.0108 0.0094 0.4624 0.5131 
      h07312  8 0.0136 0.0045 0.0105 0.3368 0.6346 
      h07412  8 0.0076 0.0043 0.0078 0.5778 0.4025 
      h07512  8 0.0068 0.0153 0.0189 0.4404 0.5186 
      h07612  8 0.0049 0.0040 0.0073 0.4356 0.5482 
      h07712  8 0.0034 0.0058 0.0128 0.5946 0.3834 
      h07812  8 0.0052 0.0062 0.0039 0.4982 0.4864 
      h07912  8 0.0131 0.0022 0.0044 0.4770 0.5033 
      h08012  8 0.0100 0.0038 0.0328 0.2222 0.7311 
      h08112  8 0.0108 0.0077 0.0093 0.5125 0.4598 
      h08212  8 0.0037 0.0068 0.0138 0.3846 0.5910 
      h08312  8 0.0068 0.0086 0.0071 0.5951 0.3824 
      h08412  8 0.0112 0.0449 0.0030 0.5805 0.3604 
      h08512  8 0.0044 0.0085 0.0066 0.6061 0.3744 
      h08612  8 0.0048 0.0091 0.0130 0.5213 0.4518 
      h08712  8 0.0057 0.0124 0.0249 0.4583 0.4986 
      h08812  8 0.0064 0.0026 0.0368 0.2261 0.7281 
      h08912  8 0.0064 0.0057 0.0049 0.4930 0.4900 
      h09012  8 0.0049 0.0057 0.0150 0.4486 0.5258 
      h09112  8 0.0063 0.0168 0.0079 0.4010 0.5679 
      h09212  8 0.0038 0.0058 0.0044 0.5707 0.4153 
      h09312  8 0.0049 0.0139 0.0462 0.5308 0.4041 
      h09412  8 0.1029 0.0168 0.0149 0.4579 0.4075 
      h09512  8 0.0100 0.0071 0.0059 0.4604 0.5165 
      h09612  8 0.0143 0.0045 0.0105 0.4911 0.4796 
      h09712  8 0.0046 0.0087 0.0357 0.4953 0.4556 
      h09812  8 0.0170 0.0055 0.0053 0.4657 0.5064 
      h09912  8 0.0057 0.0063 0.0058 0.5998 0.3824 
      h10012  8 0.0056 0.0114 0.0084 0.5058 0.4687 
      MSV21T  9 0.0331 0.0052 0.9334 0.0145 0.0138 
       M2E71  9 0.0074 0.0039 0.7932 0.1728 0.0227 
      h00116 10 0.0284 0.0083 0.7545 0.0092 0.1996 
      h00216 10 0.0030 0.0098 0.7925 0.0082 0.1865 
      h00316 10 0.0049 0.0331 0.7744 0.0045 0.1830 
      h00416 10 0.0066 0.0060 0.9254 0.0071 0.0549 
      h00516 10 0.0035 0.0142 0.9394 0.0046 0.0384 
      h00616 10 0.0477 0.0057 0.8030 0.0266 0.1169 
      h00716 10 0.0035 0.0160 0.5907 0.0154 0.3744 
      h00816 10 0.0177 0.0034 0.7478 0.1131 0.1180 
      h00916 10 0.0054 0.0235 0.6980 0.0113 0.2618 
      h01016 10 0.0117 0.0037 0.8523 0.0141 0.1183 
      h01116 10 0.0027 0.0043 0.9217 0.0052 0.0660 
      h01216 10 0.0037 0.0110 0.9572 0.0093 0.0188 
      h01316 10 0.0040 0.0037 0.7277 0.0068 0.2578 
      h01416 10 0.0063 0.0204 0.8175 0.0064 0.1495 
      h01516 10 0.0064 0.0056 0.6358 0.0057 0.3465 
      h01616 10 0.0053 0.0061 0.9322 0.0230 0.0333 
      h01716 10 0.0037 0.0038 0.8021 0.0037 0.1867 
      h01816 10 0.0110 0.0082 0.9459 0.0077 0.0271 
      h01916 10 0.0128 0.0041 0.7306 0.0044 0.2482 
      h02016 10 0.0101 0.0086 0.7886 0.0123 0.1805 
      h02116 10 0.0076 0.0321 0.7822 0.0316 0.1464 
      h02216 10 0.0114 0.0486 0.8568 0.0182 0.0650 
      h02316 10 0.0051 0.0066 0.6875 0.0072 0.2935 
      h02416 10 0.1589 0.0185 0.7660 0.0060 0.0506 
      h02516 10 0.0042 0.0081 0.8941 0.0083 0.0852 
      h02616 10 0.0102 0.0230 0.7025 0.0117 0.2527 
      h02716 10 0.0105 0.1072 0.6910 0.0045 0.1868 
      h02816 10 0.0141 0.0140 0.6983 0.0073 0.2664 
      h02916 10 0.0052 0.0055 0.5678 0.0050 0.4165 
      h03016 10 0.0078 0.0830 0.7518 0.0113 0.1462 
      h03116 10 0.0037 0.0043 0.8310 0.0051 0.1559 
      h03216 10 0.0094 0.0048 0.8704 0.0350 0.0804 
      h03316 10 0.0051 0.0574 0.8518 0.0075 0.0782 
      h03416 10 0.0078 0.0057 0.6452 0.0090 0.3324 
      h03516 10 0.0270 0.0053 0.8145 0.0043 0.1490 
      h03616 10 0.0031 0.0431 0.8011 0.0063 0.1465 
      h03716 10 0.0045 0.0158 0.9409 0.0102 0.0286 
      h03816 10 0.0196 0.0744 0.8585 0.0190 0.0285 
      h03916 10 0.0052 0.0077 0.5192 0.0148 0.4531 
      h04016 10 0.0057 0.0068 0.9043 0.0047 0.0785 
      h04116 10 0.0037 0.0080 0.8073 0.0035 0.1776 
      h04216 10 0.0058 0.0091 0.6498 0.0028 0.3325 
      h04316 10 0.0098 0.0081 0.6872 0.0167 0.2780 
      h04416 10 0.0041 0.0095 0.8683 0.0037 0.1143 
      h04516 10 0.0046 0.0045 0.7976 0.0058 0.1875 
      h04616 10 0.0075 0.0242 0.7699 0.0118 0.1865 
      h04716 10 0.0051 0.0096 0.8141 0.0051 0.1661 
      h04816 10 0.0023 0.0250 0.9594 0.0046 0.0087 
      h04916 10 0.0128 0.0086 0.8707 0.0043 0.1036 
      h05016 10 0.0042 0.0306 0.5887 0.0044 0.3721 
      h05116 10 0.0079 0.0045 0.8359 0.0067 0.1450 
      h05216 10 0.0044 0.0103 0.7421 0.0155 0.2277 
      h05316 10 0.0080 0.0204 0.6954 0.0063 0.2699 
      h05416 10 0.0063 0.0296 0.6367 0.0081 0.3194 
      h05516 10 0.0073 0.0310 0.9172 0.0055 0.0389 
      h05616 10 0.0111 0.0043 0.3702 0.2086 0.4058 
      h05716 10 0.0025 0.0338 0.4489 0.0063 0.5085 
      h05816 10 0.0124 0.0201 0.7661 0.0037 0.1978 
      h05916 10 0.0050 0.0037 0.7022 0.0495 0.2396 
      h06016 10 0.0029 0.0043 0.7209 0.0044 0.2675 
      h06116 10 0.0076 0.0419 0.8065 0.0170 0.1269 
      h06216 10 0.0466 0.0140 0.8429 0.0463 0.0502 
      h06316 10 0.0253 0.0194 0.9000 0.0235 0.0318 
      h06416 10 0.0076 0.0089 0.8987 0.0046 0.0802 
      h06516 10 0.0079 0.0616 0.8140 0.0053 0.1112 
      h06616 10 0.0587 0.0972 0.3904 0.0266 0.4271 
      h06716 10 0.0124 0.0394 0.6744 0.0160 0.2578 
      h06816 10 0.0091 0.0130 0.8086 0.0037 0.1656 
      h06916 10 0.0058 0.0307 0.8257 0.0056 0.1322 
      h07016 10 0.0224 0.0022 0.7397 0.0121 0.2236 
      h07116 10 0.0105 0.0040 0.9077 0.0057 0.0720 
      h07216 10 0.0066 0.0318 0.7910 0.0234 0.1472 
      h07316 10 0.0121 0.0114 0.6605 0.0068 0.3093 
      h07416 10 0.0037 0.0121 0.7340 0.0050 0.2452 
      h07516 10 0.0028 0.0032 0.8252 0.0049 0.1639 
      h07616 10 0.0040 0.0058 0.4974 0.0030 0.4898 
      h07716 10 0.0418 0.0457 0.8681 0.0082 0.0361 
      h07816 10 0.0251 0.0079 0.7624 0.0093 0.1952 
      h07916 10 0.0073 0.0246 0.8712 0.0440 0.0529 
      h08016 10 0.0028 0.0043 0.6827 0.0045 0.3057 
      h08116 10 0.0045 0.0070 0.6511 0.0156 0.3218 
      h08216 10 0.0066 0.0217 0.7970 0.0141 0.1606 
      h08316 10 0.0033 0.0104 0.9553 0.0037 0.0273 
      h08416 10 0.0049 0.0070 0.9367 0.0113 0.0401 
      h08516 10 0.0048 0.0043 0.6265 0.0130 0.3514 
      h08616 10 0.0060 0.0089 0.8956 0.0340 0.0555 
      h08716 10 0.0073 0.0235 0.6969 0.0278 0.2445 
      h08816 10 0.0087 0.0266 0.6969 0.0173 0.2505 
      h08916 10 0.0158 0.1692 0.0780 0.4374 0.2996 
      h09016 10 0.0162 0.0097 0.9113 0.0356 0.0272 
      h09116 10 0.0062 0.0042 0.9548 0.0111 0.0236 
      h09216 10 0.0055 0.0120 0.9473 0.0059 0.0293 
      h09316 10 0.0049 0.0531 0.5937 0.0038 0.3445 
      h09416 10 0.0027 0.0236 0.6425 0.0035 0.3277 
      h09516 10 0.0054 0.0048 0.2355 0.5313 0.2230 
      h09616 10 0.0086 0.0193 0.9482 0.0051 0.0189 
      h09716 10 0.0041 0.0186 0.7653 0.0047 0.2073 
      h09816 10 0.0027 0.0068 0.7111 0.0046 0.2747 
      h09916 10 0.0090 0.0078 0.8619 0.0245 0.0968 
      h10016 10 0.0029 0.0104 0.9454 0.0301 0.0112 
      h00141 11 0.0066 0.0094 0.8755 0.0048 0.1037 
      h00241 11 0.0085 0.0044 0.8670 0.0108 0.1093 
      h00341 11 0.0047 0.0315 0.9455 0.0094 0.0089 
      h00441 11 0.0032 0.0111 0.7332 0.0086 0.2440 
      h00541 11 0.0064 0.0047 0.9444 0.0208 0.0238 
      h00641 11 0.0076 0.0033 0.7876 0.0081 0.1934 
      h00741 11 0.0416 0.0130 0.7033 0.0723 0.1699 
      h00841 11 0.0128 0.0046 0.7402 0.0267 0.2157 
      h00941 11 0.0156 0.0047 0.3375 0.0199 0.6223 
      h01041 11 0.0114 0.0050 0.7220 0.0077 0.2540 
      h01141 11 0.0195 0.0059 0.5495 0.0192 0.4059 
      h01241 11 0.0136 0.0030 0.7059 0.0088 0.2687 
      h01341 11 0.0046 0.0104 0.9719 0.0080 0.0051 
      h01441 11 0.0861 0.0026 0.8369 0.0468 0.0275 
      h01541 11 0.0250 0.0039 0.6752 0.0232 0.2726 
      h01641 11 0.0046 0.0027 0.7768 0.0070 0.2089 
      h01741 11 0.0044 0.0035 0.6740 0.0056 0.3125 
      h01841 11 0.0495 0.0036 0.7804 0.0764 0.0900 
      h01941 11 0.0055 0.0062 0.5031 0.0181 0.4671 
      h02041 11 0.0236 0.0033 0.9359 0.0099 0.0273 
      h02141 11 0.0045 0.0031 0.9552 0.0059 0.0313 
      h02241 11 0.0055 0.0314 0.6365 0.0082 0.3184 
      h02341 11 0.0171 0.0039 0.6545 0.0054 0.3190 
      h02441 11 0.2233 0.0037 0.7225 0.0155 0.0350 
      h02541 11 0.0318 0.0068 0.7443 0.0795 0.1376 
      h02641 11 0.0035 0.0029 0.7441 0.0123 0.2371 
      h02741 11 0.0250 0.0026 0.9324 0.0105 0.0295 
      h02841 11 0.0711 0.0080 0.6201 0.0835 0.2172 
      h02941 11 0.0160 0.0477 0.0389 0.5405 0.3569 
      h03041 11 0.0060 0.0033 0.7566 0.0052 0.2289 
      h03141 11 0.0104 0.0033 0.7856 0.0140 0.1867 
      h03241 11 0.0043 0.0037 0.7228 0.0138 0.2553 
      h03341 11 0.0040 0.0033 0.7345 0.0167 0.2416 
      h03441 11 0.0113 0.0033 0.8458 0.0081 0.1314 
      h03541 11 0.0169 0.0032 0.9558 0.0092 0.0149 
      h03641 11 0.0109 0.0051 0.6588 0.0047 0.3205 
      h03741 11 0.0184 0.0088 0.6236 0.0283 0.3210 
      h03841 11 0.0029 0.0055 0.7497 0.0047 0.2373 
      h03941 11 0.0529 0.0053 0.7395 0.0391 0.1632 
      h04041 11 0.0170 0.0098 0.9163 0.0235 0.0335 
      h04141 11 0.0461 0.0471 0.7404 0.1079 0.0584 
      h04241 11 0.0209 0.0058 0.8746 0.0057 0.0930 
      h04341 11 0.0139 0.0044 0.6630 0.0376 0.2811 
      h04441 11 0.0075 0.0069 0.7200 0.0191 0.2466 
      h04541 11 0.0068 0.0483 0.7655 0.0085 0.1709 
      h04641 11 0.0028 0.0028 0.8508 0.0040 0.1396 
      h04741 11 0.0115 0.0088 0.6276 0.0078 0.3443 
      h04841 11 0.0044 0.0043 0.8164 0.0053 0.1696 
      h04941 11 0.0082 0.0035 0.9153 0.0066 0.0664 
      h05041 11 0.0515 0.0121 0.7929 0.0427 0.1007 
      h05141 11 0.0030 0.0092 0.6330 0.0080 0.3467 
      h05241 11 0.0040 0.0228 0.7266 0.0209 0.2256 
      h05341 11 0.0046 0.0026 0.8099 0.0062 0.1766 
      h05441 11 0.0345 0.0067 0.6786 0.0548 0.2253 
      h05541 11 0.2501 0.0072 0.7110 0.0247 0.0070 
      h05641 11 0.0553 0.0074 0.7794 0.0090 0.1489 
      h05741 11 0.0048 0.0053 0.4779 0.1635 0.3485 
      h05841 11 0.0080 0.0069 0.6545 0.0056 0.3250 
      h05941 11 0.0037 0.0028 0.5523 0.0066 0.4346 
      h06041 11 0.0040 0.0053 0.7195 0.0074 0.2638 
      h06141 11 0.0075 0.0188 0.7881 0.1352 0.0504 
      h06241 11 0.0095 0.0157 0.6103 0.0179 0.3466 
      h06341 11 0.0131 0.0043 0.8382 0.0590 0.0854 
      h06441 11 0.0057 0.0032 0.9274 0.0085 0.0552 
      h06541 11 0.0130 0.0038 0.5746 0.0181 0.3905 
      h06641 11 0.0048 0.0070 0.8087 0.0105 0.1690 
      h06741 11 0.0160 0.0044 0.9448 0.0116 0.0232 
      h06841 11 0.0058 0.0063 0.9120 0.0101 0.0658 
      h06941 11 0.0043 0.0065 0.9162 0.0484 0.0247 
      h07041 11 0.0071 0.0075 0.5708 0.0079 0.4068 
      h07141 11 0.0037 0.0121 0.8687 0.0104 0.1051 
      h07241 11 0.0050 0.0046 0.9665 0.0117 0.0122 
      h07341 11 0.0044 0.0036 0.9158 0.0078 0.0684 
      h07441 11 0.0036 0.0051 0.6582 0.0058 0.3273 
      h07541 11 0.0112 0.0811 0.7262 0.0350 0.1464 
      h07641 11 0.0607 0.0031 0.8643 0.0346 0.0374 
      h07741 11 0.0138 0.0033 0.9108 0.0067 0.0653 
      h07841 11 0.0071 0.0060 0.6719 0.0115 0.3036 
      h07941 11 0.0093 0.0040 0.9559 0.0097 0.0210 
      h08041 11 0.0084 0.0057 0.7792 0.1576 0.0491 
      h08141 11 0.0075 0.0036 0.9583 0.0150 0.0156 
      h08241 11 0.0058 0.0104 0.9537 0.0053 0.0248 
      h08341 11 0.0145 0.0044 0.8858 0.0274 0.0679 
      h08441 11 0.0035 0.0050 0.6964 0.0067 0.2884 
      h08541 11 0.0035 0.0033 0.7241 0.0150 0.2542 
      h08641 11 0.0162 0.0058 0.9435 0.0086 0.0259 
      h08741 11 0.0097 0.0042 0.7443 0.0070 0.2347 
      h08841 11 0.0217 0.0033 0.5772 0.0079 0.3898 
      h08941 11 0.0053 0.0156 0.8614 0.0201 0.0976 
      h09041 11 0.0117 0.0106 0.7120 0.0117 0.2540 
      h09141 11 0.0230 0.0041 0.8042 0.0089 0.1598 
      h09241 11 0.0317 0.0118 0.8496 0.0557 0.0511 
      h09341 11 0.0021 0.0054 0.9630 0.0034 0.0261 
      h09441 11 0.0664 0.0082 0.5611 0.0265 0.3378 
      h09541 11 0.0151 0.0060 0.6898 0.0060 0.2832 
      h09641 11 0.0087 0.0041 0.9749 0.0093 0.0030 
      h09741 11 0.0051 0.0030 0.7624 0.0090 0.2206 
      h09841 11 0.0044 0.0032 0.7718 0.0132 0.2074 
      h09941 11 0.0101 0.0065 0.5372 0.0133 0.4329 
      h10041 11 0.0340 0.0052 0.7406 0.0234 0.1968 
       h0017 12 0.0032 0.6647 0.0056 0.0035 0.3230 
       h0027 12 0.0030 0.7018 0.0052 0.0028 0.2872 
       h0037 12 0.0033 0.6429 0.0065 0.0042 0.3431 
       h0047 12 0.0030 0.7922 0.0029 0.0034 0.1985 
       h0057 12 0.0146 0.7150 0.0069 0.0068 0.2566 
       h0067 12 0.0073 0.7016 0.0147 0.0063 0.2702 
       h0077 12 0.0040 0.6164 0.0063 0.0081 0.3652 
       h0087 12 0.0349 0.6978 0.0179 0.0119 0.2374 
       h0097 12 0.0076 0.6860 0.0051 0.0054 0.2959 
       h0107 12 0.0068 0.6932 0.0077 0.0037 0.2886 
       h0117 12 0.0050 0.8173 0.0157 0.0044 0.1576 
       h0127 12 0.0655 0.8966 0.0170 0.0045 0.0164 
       h0137 12 0.0053 0.6555 0.0082 0.0081 0.3229 
       h0147 12 0.0038 0.9038 0.0278 0.0254 0.0391 
       h0157 12 0.0065 0.6230 0.0190 0.0159 0.3357 
       h0167 12 0.0044 0.8434 0.0116 0.0194 0.1212 
       h0177 12 0.0025 0.7480 0.0044 0.0025 0.2426 
       h0187 12 0.0033 0.8221 0.0137 0.0047 0.1563 
       h0197 12 0.0020 0.8780 0.0036 0.0042 0.1122 
       h0207 12 0.0055 0.6312 0.0035 0.0036 0.3561 
       h0217 12 0.0029 0.6977 0.0361 0.0050 0.2584 
       h0227 12 0.0021 0.6683 0.0127 0.0084 0.3085 
       h0237 12 0.0035 0.6704 0.0043 0.0053 0.3166 
       h0247 12 0.0086 0.8589 0.0124 0.0209 0.0991 
       h0257 12 0.0026 0.7158 0.0243 0.0292 0.2281 
       h0267 12 0.0032 0.8373 0.0116 0.0033 0.1446 
       h0277 12 0.0025 0.7007 0.0034 0.0040 0.2894 
       h0287 12 0.0039 0.8213 0.0262 0.0103 0.1383 
       h0297 12 0.0034 0.8097 0.0076 0.0025 0.1769 
       h0307 12 0.0023 0.9058 0.0025 0.0024 0.0870 
       h0317 12 0.0098 0.5921 0.0082 0.0172 0.3728 
       h0327 12 0.0027 0.6126 0.0074 0.0047 0.3727 
       h0337 12 0.0131 0.9291 0.0039 0.0101 0.0438 
       h0347 12 0.0433 0.5966 0.0087 0.0039 0.3475 
       h0357 12 0.0116 0.6880 0.1281 0.0089 0.1634 
       h0367 12 0.0035 0.6751 0.0027 0.0052 0.3135 
       h0377 12 0.0028 0.8888 0.0065 0.0175 0.0844 
       h0387 12 0.0087 0.7548 0.0048 0.0053 0.2264 
       h0397 12 0.0020 0.9744 0.0056 0.0034 0.0146 
       h0407 12 0.0066 0.7054 0.0083 0.0048 0.2749 
       h0417 12 0.0023 0.6881 0.0036 0.0025 0.3034 
       h0427 12 0.0045 0.8436 0.0031 0.0052 0.1436 
       h0437 12 0.0047 0.8619 0.0041 0.0030 0.1264 
       h0447 12 0.0031 0.8348 0.0047 0.0047 0.1528 
       h0457 12 0.0057 0.6875 0.0038 0.0153 0.2878 
       h0467 12 0.0715 0.7877 0.0432 0.0433 0.0544 
       h0477 12 0.0030 0.6715 0.0036 0.0031 0.3187 
       h0487 12 0.0054 0.7452 0.0048 0.0037 0.2410 
       h0497 12 0.0041 0.6942 0.0070 0.0070 0.2877 
       h0507 12 0.0178 0.8751 0.0149 0.0065 0.0857 
       h0517 12 0.0043 0.5836 0.0045 0.0037 0.4039 
       h0527 12 0.0028 0.7379 0.0036 0.0021 0.2536 
       h0537 12 0.0056 0.7025 0.0071 0.0087 0.2761 
       h0547 12 0.0033 0.7175 0.0033 0.0039 0.2720 
       h0557 12 0.0025 0.7701 0.0035 0.0041 0.2198 
       h0567 12 0.0052 0.6542 0.0043 0.0027 0.3336 
       h0577 12 0.0175 0.6429 0.0205 0.0068 0.3123 
       h0587 12 0.0029 0.7035 0.0054 0.0035 0.2847 
       h0597 12 0.0020 0.6689 0.0170 0.0039 0.3082 
       h0607 12 0.0090 0.7766 0.0114 0.0119 0.1910 
       h0617 12 0.0030 0.6711 0.0035 0.0030 0.3194 
       h0627 12 0.0036 0.8633 0.0072 0.0058 0.1201 
       h0637 12 0.0038 0.8567 0.0771 0.0085 0.0539 
       h0647 12 0.0055 0.7364 0.0106 0.0502 0.1973 
       h0657 12 0.0120 0.7903 0.1011 0.0487 0.0478 
       h0667 12 0.0038 0.7654 0.0082 0.0078 0.2148 
       h0677 12 0.0029 0.9719 0.0068 0.0028 0.0155 
       h0687 12 0.0038 0.6868 0.0047 0.0031 0.3015 
       h0697 12 0.0105 0.7706 0.0050 0.0029 0.2111 
       h0707 12 0.0199 0.8374 0.0581 0.0149 0.0697 
       h0717 12 0.0029 0.7850 0.0039 0.0041 0.2041 
       h0727 12 0.0057 0.7568 0.0187 0.0165 0.2023 
       h0737 12 0.0171 0.6353 0.0486 0.0063 0.2928 
       h0747 12 0.0028 0.7245 0.0041 0.0031 0.2655 
       h0757 12 0.0025 0.7478 0.0030 0.0042 0.2424 
       h0767 12 0.0034 0.8322 0.1171 0.0042 0.0431 
       h0777 12 0.0021 0.8461 0.0066 0.0061 0.1391 
       h0787 12 0.0027 0.7240 0.0057 0.0055 0.2622 
       h0797 12 0.0082 0.7752 0.0050 0.0084 0.2033 
       h0807 12 0.0023 0.7247 0.0032 0.0036 0.2662 
       h0817 12 0.0030 0.6959 0.0044 0.0036 0.2931 
       h0827 12 0.0020 0.8690 0.0038 0.0025 0.1227 
       h0837 12 0.0089 0.6360 0.0133 0.0106 0.3312 
       h0847 12 0.0604 0.7799 0.0184 0.0908 0.0505 
       h0857 12 0.1590 0.7913 0.0078 0.0073 0.0345 
       h0867 12 0.0038 0.8267 0.0140 0.0107 0.1448 
       h0877 12 0.0078 0.7529 0.0190 0.0091 0.2112 
       h0887 12 0.0025 0.7101 0.0036 0.0046 0.2792 
       h0897 12 0.0034 0.7342 0.0034 0.0035 0.2554 
       h0907 12 0.0075 0.7578 0.0044 0.0033 0.2269 
       h0917 12 0.1090 0.8113 0.0075 0.0054 0.0668 
       h0927 12 0.0045 0.8599 0.0038 0.0038 0.1281 
       h0937 12 0.0115 0.5735 0.0065 0.0036 0.4049 
       h0947 12 0.0090 0.7301 0.0038 0.0047 0.2524 
       h0957 12 0.0458 0.7042 0.0105 0.0146 0.2249 
       h0967 12 0.0043 0.6219 0.0046 0.0075 0.3617 
       h0977 12 0.0029 0.8246 0.0058 0.0026 0.1641 
       h0987 12 0.0040 0.6924 0.0038 0.0037 0.2961 
       h0997 12 0.0033 0.8245 0.0156 0.0130 0.1436 
       h1007 12 0.0027 0.7643 0.0058 0.0031 0.2241 
      h00110 13 0.7867 0.0397 0.0043 0.0057 0.1635 
      h00210 13 0.7633 0.0019 0.0040 0.0045 0.2262 
      h00310 13 0.6983 0.0071 0.0429 0.0046 0.2471 
      h00410 13 0.6796 0.0085 0.0117 0.0094 0.2908 
      h00510 13 0.6864 0.0036 0.0043 0.0040 0.3017 
      h00610 13 0.6588 0.0023 0.0033 0.0043 0.3314 
      h00710 13 0.8025 0.0417 0.0089 0.0130 0.1338 
      h00810 13 0.8503 0.0037 0.0060 0.0037 0.1363 
      h00910 13 0.9563 0.0034 0.0168 0.0097 0.0137 
      h01010 13 0.7203 0.0024 0.0034 0.0081 0.2658 
      h01110 13 0.6840 0.0054 0.0290 0.0068 0.2748 
      h01210 13 0.4222 0.0204 0.0050 0.0046 0.5479 
      h01310 13 0.8211 0.0029 0.0027 0.0034 0.1700 
      h01410 13 0.5715 0.0131 0.0046 0.0056 0.4052 
      h01510 13 0.8663 0.0105 0.0494 0.0083 0.0654 
      h01610 13 0.7285 0.0051 0.0070 0.0062 0.2532 
      h01710 13 0.7411 0.0335 0.0287 0.0109 0.1859 
      h01810 13 0.8077 0.0028 0.0029 0.0032 0.1834 
      h01910 13 0.7488 0.0033 0.0031 0.0032 0.2416 
      h02010 13 0.8041 0.0037 0.0033 0.0034 0.1856 
      h02110 13 0.9160 0.0044 0.0047 0.0106 0.0643 
      h02210 13 0.7382 0.0029 0.0045 0.0099 0.2445 
      h02310 13 0.6839 0.0099 0.0086 0.0078 0.2897 
      h02410 13 0.8265 0.0041 0.0071 0.0049 0.1574 
      h02510 13 0.8101 0.0030 0.0092 0.0034 0.1743 
      h02610 13 0.7227 0.0057 0.0037 0.0029 0.2650 
      h02710 13 0.7320 0.0030 0.0031 0.0085 0.2534 
      h02810 13 0.7960 0.0023 0.0039 0.0034 0.1943 
      h02910 13 0.6234 0.0056 0.0042 0.0051 0.3618 
      h03010 13 0.7150 0.0061 0.0049 0.0035 0.2704 
      h03110 13 0.7153 0.0091 0.1942 0.0662 0.0152 
      h03210 13 0.6357 0.0044 0.0088 0.0165 0.3346 
      h03310 13 0.8254 0.0033 0.0042 0.0044 0.1627 
      h03410 13 0.7210 0.0081 0.0048 0.0053 0.2608 
      h03510 13 0.8463 0.0034 0.0068 0.0024 0.1410 
      h03610 13 0.8089 0.1070 0.0469 0.0047 0.0325 
      h03710 13 0.6887 0.0069 0.0062 0.0056 0.2925 
      h03810 13 0.9201 0.0315 0.0169 0.0050 0.0265 
      h03910 13 0.6535 0.0080 0.0298 0.0085 0.3002 
      h04010 13 0.6875 0.0129 0.0263 0.0198 0.2536 
      h04110 13 0.7083 0.0090 0.0114 0.0073 0.2640 
      h04210 13 0.7245 0.0028 0.0022 0.0044 0.2662 
      h04310 13 0.6970 0.0030 0.0123 0.0103 0.2775 
      h04410 13 0.6268 0.0111 0.0067 0.0122 0.3431 
      h04510 13 0.6599 0.0026 0.0038 0.0048 0.3288 
      h04610 13 0.7733 0.0117 0.0049 0.0347 0.1753 
      h04710 13 0.8123 0.0031 0.0178 0.0063 0.1606 
      h04810 13 0.7197 0.0034 0.0033 0.0031 0.2705 
      h04910 13 0.8133 0.0027 0.0412 0.0100 0.1328 
      h05010 13 0.6284 0.0347 0.0310 0.0223 0.2837 
      h05110 13 0.6346 0.0145 0.0204 0.0158 0.3148 
      h05210 13 0.7242 0.0023 0.0107 0.0037 0.2591 
      h05310 13 0.6752 0.0043 0.0118 0.0045 0.3042 
      h05410 13 0.6733 0.0026 0.0087 0.0155 0.2999 
      h05510 13 0.8920 0.0042 0.0051 0.0094 0.0893 
      h05610 13 0.8117 0.0033 0.0073 0.0045 0.1732 
      h05710 13 0.8722 0.0030 0.0488 0.0032 0.0729 
      h05810 13 0.8523 0.0042 0.0331 0.0165 0.0940 
      h05910 13 0.5844 0.0077 0.0051 0.0066 0.3962 
      h06010 13 0.7293 0.0113 0.0054 0.0060 0.2480 
      h06110 13 0.6688 0.0041 0.0071 0.0047 0.3152 
      h06210 13 0.6285 0.0048 0.0070 0.0059 0.3539 
      h06310 13 0.6997 0.0088 0.0048 0.0058 0.2810 
      h06410 13 0.6203 0.0062 0.0097 0.0071 0.3567 
      h06510 13 0.6228 0.0028 0.0037 0.0040 0.3667 
      h06610 13 0.7979 0.0074 0.0064 0.0071 0.1812 
      h06710 13 0.7465 0.0054 0.0089 0.0117 0.2275 
      h06810 13 0.7028 0.0028 0.0047 0.0033 0.2864 
      h06910 13 0.6864 0.0057 0.0088 0.0067 0.2924 
      h07010 13 0.8779 0.0031 0.0127 0.0059 0.1004 
      h07110 13 0.6766 0.0051 0.0439 0.0120 0.2625 
      h07210 13 0.7126 0.0051 0.0152 0.0126 0.2545 
      h07310 13 0.8066 0.0025 0.0063 0.0032 0.1814 
      h07410 13 0.7561 0.0022 0.0037 0.0055 0.2324 
      h07510 13 0.8448 0.0034 0.0040 0.0071 0.1407 
      h07610 13 0.6420 0.0071 0.0073 0.0082 0.3355 
      h07710 13 0.6211 0.0033 0.1464 0.0147 0.2146 
      h07810 13 0.8456 0.0037 0.0060 0.0048 0.1399 
      h07910 13 0.5528 0.0059 0.0150 0.0082 0.4182 
      h08010 13 0.5831 0.0033 0.0062 0.0061 0.4013 
      h08110 13 0.7308 0.0041 0.0041 0.0030 0.2580 
      h08210 13 0.7477 0.0072 0.1895 0.0092 0.0466 
      h08310 13 0.6164 0.0120 0.0052 0.0091 0.3573 
      h08410 13 0.7654 0.0075 0.0266 0.0224 0.1781 
      h08510 13 0.6691 0.0038 0.0056 0.0059 0.3156 
      h08610 13 0.6299 0.0072 0.0059 0.0084 0.3485 
      h08710 13 0.9240 0.0055 0.0317 0.0032 0.0356 
      h08810 13 0.6797 0.0069 0.0097 0.0108 0.2929 
      h08910 13 0.8034 0.0030 0.0028 0.0038 0.1870 
      h09010 13 0.7496 0.0050 0.0041 0.0036 0.2377 
      h09110 13 0.8264 0.0022 0.0023 0.0021 0.1670 
      h09210 13 0.6819 0.0043 0.0090 0.0122 0.2926 
      h09310 13 0.6689 0.0038 0.0051 0.0035 0.3186 
      h09410 13 0.7225 0.0040 0.0075 0.0065 0.2596 
      h09510 13 0.5935 0.0034 0.0030 0.0026 0.3975 
      h09610 13 0.6561 0.0059 0.0036 0.0063 0.3281 
      h09710 13 0.8106 0.0080 0.0085 0.0100 0.1629 
      h09810 13 0.7978 0.0953 0.0273 0.0057 0.0739 
      h09910 13 0.6334 0.0145 0.0088 0.0078 0.3355 
      h10010 13 0.6882 0.0035 0.0045 0.0067 0.2969 
      h00113 14 0.0106 0.0106 0.2220 0.7039 0.0529 
      h00213 14 0.0156 0.0047 0.0055 0.9598 0.0144 
      h00313 14 0.0040 0.0038 0.0045 0.9722 0.0155 
      h00413 14 0.0115 0.0212 0.0088 0.9448 0.0137 
      h00513 14 0.0149 0.0042 0.0093 0.8014 0.1701 
      h00613 14 0.0142 0.0033 0.0068 0.6264 0.3493 
      h00713 14 0.0182 0.0083 0.0101 0.9354 0.0281 
      h00813 14 0.0142 0.0031 0.0056 0.7516 0.2255 
      h00913 14 0.0120 0.0122 0.0051 0.8182 0.1525 
      h01013 14 0.0075 0.0070 0.0182 0.7921 0.1752 
      h01113 14 0.0180 0.0100 0.0077 0.7311 0.2332 
      h01213 14 0.0085 0.0083 0.0069 0.7538 0.2225 
      h01313 14 0.0796 0.0208 0.0231 0.8050 0.0715 
      h01413 14 0.0075 0.0038 0.0032 0.9764 0.0091 
      h01513 14 0.0047 0.0042 0.0510 0.7268 0.2132 
      h01613 14 0.0169 0.0037 0.0129 0.9369 0.0297 
      h01713 14 0.0034 0.0201 0.0136 0.6497 0.3131 
      h01813 14 0.0235 0.0935 0.0701 0.7531 0.0598 
      h01913 14 0.0050 0.0059 0.0063 0.9232 0.0597 
      h02013 14 0.0101 0.0397 0.0097 0.8489 0.0916 
      h02113 14 0.0064 0.0069 0.0058 0.9710 0.0099 
      h02213 14 0.0193 0.0122 0.0295 0.7088 0.2302 
      h02313 14 0.0027 0.0215 0.0120 0.6966 0.2672 
      h02413 14 0.0058 0.0084 0.0352 0.6591 0.2914 
      h02513 14 0.0044 0.0048 0.0044 0.9230 0.0635 
      h02613 14 0.0035 0.0492 0.0073 0.4943 0.4456 
      h02713 14 0.0074 0.0084 0.0891 0.7673 0.1278 
      h02813 14 0.0065 0.0129 0.0312 0.8726 0.0769 
      h02913 14 0.0052 0.0146 0.0554 0.6903 0.2345 
      h03013 14 0.0026 0.0083 0.0050 0.9558 0.0283 
      h03113 14 0.0127 0.0042 0.0083 0.8402 0.1345 
      h03213 14 0.0111 0.0046 0.0055 0.6644 0.3144 
      h03313 14 0.0078 0.0859 0.0116 0.6557 0.2391 
      h03413 14 0.0049 0.0061 0.0065 0.6992 0.2833 
      h03513 14 0.1633 0.0039 0.0136 0.7393 0.0799 
      h03613 14 0.0047 0.0039 0.0233 0.6774 0.2907 
      h03713 14 0.0169 0.0366 0.0073 0.6436 0.2956 
      h03813 14 0.0036 0.0063 0.0066 0.7202 0.2634 
      h03913 14 0.0040 0.0098 0.0072 0.9517 0.0272 
      h04013 14 0.0116 0.0040 0.0088 0.8168 0.1588 
      h04113 14 0.0038 0.0058 0.0051 0.7767 0.2086 
      h04213 14 0.0090 0.0086 0.0066 0.7844 0.1914 
      h04313 14 0.0042 0.0105 0.0058 0.9030 0.0764 
      h04413 14 0.0026 0.0100 0.0059 0.7210 0.2606 
      h04513 14 0.0029 0.0112 0.0123 0.7475 0.2260 
      h04613 14 0.0213 0.0072 0.0237 0.8396 0.1082 
      h04713 14 0.0039 0.0298 0.0806 0.7999 0.0858 
      h04813 14 0.0038 0.0757 0.0271 0.7432 0.1502 
      h04913 14 0.0734 0.0100 0.0882 0.6350 0.1933 
      h05013 14 0.0166 0.0025 0.0051 0.7662 0.2096 
      h05113 14 0.0034 0.0030 0.0057 0.7569 0.2310 
      h05213 14 0.0222 0.0052 0.0111 0.7263 0.2352 
      h05313 14 0.0574 0.0041 0.0378 0.6550 0.2458 
      h05413 14 0.0161 0.0167 0.0214 0.7760 0.1698 
      h05513 14 0.0040 0.0137 0.0053 0.8843 0.0927 
      h05613 14 0.0031 0.0070 0.0045 0.8191 0.1663 
      h05713 14 0.0067 0.0074 0.0043 0.8436 0.1379 
      h05813 14 0.0050 0.0047 0.0284 0.7987 0.1632 
      h05913 14 0.0226 0.0074 0.0075 0.7597 0.2028 
      h06013 14 0.0122 0.0030 0.0044 0.7308 0.2496 
      h06113 14 0.0029 0.0044 0.0112 0.8434 0.1381 
      h06213 14 0.0048 0.0172 0.0094 0.9522 0.0164 
      h06313 14 0.0037 0.0042 0.0064 0.7394 0.2462 
      h06413 14 0.0037 0.0047 0.0059 0.6783 0.3074 
      h06513 14 0.0032 0.0044 0.0048 0.9800 0.0077 
      h06613 14 0.0328 0.0060 0.0213 0.7623 0.1776 
      h06713 14 0.0145 0.0083 0.0136 0.9449 0.0187 
      h06813 14 0.0069 0.0074 0.0089 0.9680 0.0088 
      h06913 14 0.0051 0.0050 0.0806 0.8582 0.0510 
      h07013 14 0.0078 0.0033 0.0080 0.9758 0.0051 
      h07113 14 0.0139 0.0031 0.0075 0.8535 0.1220 
      h07213 14 0.0135 0.0155 0.0087 0.9550 0.0072 
      h07313 14 0.0103 0.0048 0.0066 0.8847 0.0935 
      h07413 14 0.0054 0.0281 0.0119 0.7666 0.1879 
      h07513 14 0.0355 0.0055 0.0085 0.7021 0.2485 
      h07613 14 0.0103 0.0086 0.0055 0.7800 0.1957 
      h07713 14 0.1178 0.0040 0.0102 0.7534 0.1146 
      h07813 14 0.0052 0.0105 0.0052 0.7541 0.2250 
      h07913 14 0.0057 0.0036 0.0042 0.7539 0.2325 
      h08013 14 0.0048 0.0110 0.0169 0.7157 0.2516 
      h08113 14 0.0040 0.0065 0.0078 0.5761 0.4056 
      h08213 14 0.0044 0.0034 0.0065 0.7702 0.2156 
      h08313 14 0.0044 0.0031 0.0072 0.7617 0.2235 
      h08413 14 0.0047 0.0207 0.0137 0.6785 0.2824 
      h08513 14 0.0091 0.0038 0.0102 0.6608 0.3161 
      h08613 14 0.0121 0.0041 0.0058 0.5905 0.3874 
      h08713 14 0.0126 0.0057 0.0040 0.7868 0.1909 
      h08813 14 0.0102 0.0034 0.0058 0.8645 0.1160 
      h08913 14 0.0055 0.0036 0.0102 0.9358 0.0449 
      h09013 14 0.0063 0.0038 0.0038 0.8335 0.1526 
      h09113 14 0.0117 0.0068 0.0089 0.5962 0.3765 
      h09213 14 0.0062 0.0048 0.0291 0.7995 0.1604 
      h09313 14 0.0102 0.0036 0.0055 0.7577 0.2230 
      h09413 14 0.0297 0.0127 0.0082 0.6954 0.2540 
      h09513 14 0.0106 0.0089 0.0175 0.9195 0.0434 
      h09613 14 0.0050 0.0239 0.0183 0.8352 0.1176 
      h09713 14 0.0074 0.0110 0.0063 0.7992 0.1761 
      h09813 14 0.0069 0.0060 0.0156 0.6963 0.2752 
      h09913 14 0.0027 0.0038 0.0090 0.6839 0.3005 
      h10013 14 0.0056 0.0041 0.0053 0.8953 0.0897 
       W23CA 15 0.0079 0.0045 0.9760 0.0080 0.0037 
     AP.085Y 15 0.0232 0.0155 0.9441 0.0116 0.0056 
     CH.0LLY 15 0.0421 0.0081 0.7594 0.0072 0.1832 
       M0LEC 15 0.0044 0.0032 0.9838 0.0055 0.0031 
       M2C3H 15 0.0267 0.0130 0.9096 0.0289 0.0218 
       M2CHL 15 0.0517 0.0127 0.6362 0.0171 0.2824 
       W26P7 15 0.0214 0.0041 0.8761 0.0852 0.0132 
     AP.07M5 15 0.0036 0.1239 0.8450 0.0165 0.0109 
     AP.080U 15 0.0178 0.0032 0.9524 0.0149 0.0117 
     AP.082A 15 0.0030 0.0117 0.9758 0.0057 0.0038 
     AP.0843 15 0.0060 0.0103 0.9755 0.0037 0.0045 
     AP.0844 15 0.0491 0.0038 0.8996 0.0163 0.0312 
     AP.084X 15 0.0028 0.0055 0.9768 0.0081 0.0068 
     AP.086Y 15 0.0050 0.0060 0.8209 0.1446 0.0235 
     AP.0870 15 0.0491 0.0043 0.7961 0.1421 0.0083 
     AP.0878 15 0.0174 0.0048 0.8561 0.1026 0.0191 
     AP.087F 15 0.0088 0.0041 0.9604 0.0064 0.0203 
     AP.087Y 15 0.0270 0.0064 0.7034 0.0140 0.2492 
     AP.088P 15 0.0032 0.0104 0.9714 0.0088 0.0063 
     AP.08AK 15 0.0026 0.2175 0.7552 0.0046 0.0201 
     CH.0LLM 15 0.0519 0.0073 0.8714 0.0486 0.0208 
     CH.0LLU 15 0.0717 0.0060 0.8633 0.0116 0.0474 
     CH.0LM0 15 0.0067 0.0123 0.9558 0.0034 0.0219 
     CH.0LM3 15 0.0029 0.0112 0.9645 0.0068 0.0147 
       W26MY 15 0.0471 0.0853 0.7106 0.1057 0.0513 
       W26P6 15 0.0032 0.0113 0.8586 0.0072 0.1197 
      HRV07U 15 0.0719 0.0049 0.8967 0.0158 0.0107 
      HRV1CT 15 0.0062 0.0077 0.9766 0.0056 0.0039 
      HRV1CU 15 0.0064 0.0107 0.9718 0.0083 0.0029 
      HRV1E6 15 0.0053 0.0055 0.9704 0.0139 0.0049 
      HRV081 15 0.0025 0.0423 0.9476 0.0048 0.0028 
      HRV1E3 15 0.0084 0.0036 0.9717 0.0053 0.0111 
      MSV21E 15 0.0100 0.0596 0.8793 0.0261 0.0250 
      MSV216 15 0.0191 0.0148 0.4880 0.4743 0.0039 
       M0TYK 15 0.0080 0.0079 0.9375 0.0210 0.0256 
      MSV2AA 15 0.0063 0.0048 0.9544 0.0106 0.0239 
     CK.0PET 15 0.0397 0.0264 0.7105 0.1342 0.0892 
       M2E8C 15 0.0059 0.0070 0.9781 0.0048 0.0043 
      MSV23X 15 0.0071 0.0376 0.8660 0.0628 0.0266 
      MSV32A 15 0.0059 0.0040 0.9154 0.0620 0.0126 
     AP.0838 15 0.0710 0.0025 0.9098 0.0122 0.0045 
     AP.088F 15 0.0178 0.0039 0.9481 0.0245 0.0056 
      h00121 16 0.0051 0.0151 0.9392 0.0211 0.0195 
      h00221 16 0.0051 0.0066 0.9809 0.0035 0.0038 
      h00321 16 0.0142 0.0287 0.9239 0.0267 0.0065 
      h00421 16 0.0042 0.0052 0.9683 0.0053 0.0170 
      h00521 16 0.0040 0.0233 0.9353 0.0063 0.0310 
      h00621 16 0.0169 0.0127 0.9413 0.0130 0.0162 
      h00721 16 0.0038 0.0188 0.9512 0.0097 0.0166 
      h00821 16 0.0051 0.0049 0.8796 0.0210 0.0894 
      h00921 16 0.0038 0.0029 0.9849 0.0037 0.0047 
      h01021 16 0.0050 0.0047 0.9363 0.0034 0.0506 
      h01121 16 0.0042 0.0147 0.9108 0.0034 0.0669 
      h01221 16 0.0035 0.0035 0.7137 0.0132 0.2662 
      h01321 16 0.0060 0.0054 0.9788 0.0038 0.0059 
      h01421 16 0.0236 0.0070 0.9220 0.0070 0.0404 
      h01521 16 0.0052 0.0219 0.9132 0.0063 0.0534 
      h01621 16 0.0026 0.0087 0.9159 0.0188 0.0540 
      h01721 16 0.0053 0.1076 0.8383 0.0221 0.0267 
      h01821 16 0.0037 0.0093 0.9767 0.0063 0.0040 
      h01921 16 0.0035 0.0163 0.7450 0.2140 0.0212 
      h02021 16 0.0811 0.0047 0.9040 0.0059 0.0043 
      h02121 16 0.0213 0.0053 0.9424 0.0065 0.0246 
      h02221 16 0.0064 0.0802 0.9017 0.0074 0.0044 
      h02321 16 0.0052 0.0024 0.8836 0.0254 0.0834 
      h02421 16 0.0178 0.0082 0.9529 0.0098 0.0113 
      h02521 16 0.0028 0.0129 0.9578 0.0119 0.0146 
      h02621 16 0.0093 0.0720 0.9081 0.0053 0.0053 
      h02721 16 0.0025 0.0059 0.9247 0.0038 0.0631 
      h02821 16 0.0051 0.0059 0.9796 0.0045 0.0049 
      h02921 16 0.0037 0.0041 0.9814 0.0074 0.0035 
      h03021 16 0.0035 0.0064 0.9712 0.0128 0.0061 
      h03121 16 0.0110 0.0065 0.9547 0.0183 0.0096 
      h03221 16 0.0050 0.0028 0.9784 0.0058 0.0081 
      h03321 16 0.0045 0.0178 0.9157 0.0082 0.0538 
      h03421 16 0.0076 0.0039 0.9514 0.0056 0.0316 
      h03521 16 0.0046 0.0306 0.8447 0.0098 0.1102 
      h03621 16 0.0069 0.0049 0.9698 0.0058 0.0125 
      h03721 16 0.0051 0.0090 0.9676 0.0079 0.0103 
      h03821 16 0.0031 0.0146 0.9350 0.0092 0.0382 
      h03921 16 0.0050 0.0181 0.8994 0.0486 0.0289 
      h04021 16 0.0389 0.0248 0.7147 0.0293 0.1922 
      h04121 16 0.0075 0.0050 0.9588 0.0078 0.0209 
      h04221 16 0.0046 0.0041 0.9596 0.0051 0.0267 
      h04321 16 0.0071 0.0093 0.9683 0.0099 0.0054 
      h04421 16 0.0034 0.0082 0.9716 0.0052 0.0115 
      h04521 16 0.0029 0.0086 0.9830 0.0028 0.0026 
      h04621 16 0.0038 0.0100 0.9727 0.0072 0.0064 
      h04721 16 0.0060 0.0044 0.9527 0.0090 0.0279 
      h04821 16 0.0114 0.0100 0.9337 0.0067 0.0382 
      h04921 16 0.0028 0.0092 0.9668 0.0088 0.0126 
      h05021 16 0.0090 0.0075 0.9557 0.0155 0.0122 
      h05121 16 0.0074 0.0131 0.9478 0.0048 0.0269 
      h05221 16 0.0051 0.0355 0.7780 0.0044 0.1771 
      h05321 16 0.0032 0.0036 0.9753 0.0038 0.0140 
      h05421 16 0.0052 0.0069 0.9598 0.0040 0.0241 
      h05521 16 0.0038 0.0068 0.9721 0.0130 0.0043 
      h05621 16 0.0048 0.0067 0.9498 0.0280 0.0107 
      h05721 16 0.0054 0.1542 0.8221 0.0138 0.0046 
      h05821 16 0.0045 0.0074 0.7928 0.0062 0.1890 
      h05921 16 0.0055 0.0188 0.9663 0.0059 0.0035 
      h06021 16 0.0070 0.0136 0.9661 0.0083 0.0051 
      h06121 16 0.0035 0.1556 0.6449 0.0285 0.1676 
      h06221 16 0.0046 0.0058 0.7829 0.0085 0.1982 
      h06321 16 0.0678 0.0041 0.9118 0.0048 0.0115 
      h06421 16 0.0035 0.0071 0.9660 0.0122 0.0112 
      h06521 16 0.0038 0.0050 0.9189 0.0054 0.0669 
      h06621 16 0.0183 0.0078 0.8950 0.0038 0.0751 
      h06721 16 0.0242 0.0092 0.9471 0.0163 0.0033 
      h06821 16 0.0033 0.0092 0.9335 0.0170 0.0370 
      h06921 16 0.0047 0.0297 0.9578 0.0051 0.0027 
      h07021 16 0.2096 0.0144 0.6839 0.0147 0.0774 
      h07121 16 0.0061 0.0141 0.7938 0.0128 0.1732 
      h07221 16 0.0035 0.0083 0.9537 0.0054 0.0292 
      h07321 16 0.0069 0.0160 0.9637 0.0057 0.0077 
      h07421 16 0.0138 0.0072 0.9245 0.0418 0.0127 
      h07521 16 0.0105 0.0249 0.8310 0.0114 0.1222 
      h07621 16 0.0030 0.0038 0.9616 0.0129 0.0187 
      h07721 16 0.0063 0.0124 0.9291 0.0478 0.0044 
      h07821 16 0.0028 0.0116 0.7586 0.0047 0.2223 
      h07921 16 0.0200 0.0069 0.9539 0.0132 0.0061 
      h08021 16 0.0058 0.0098 0.9570 0.0066 0.0207 
      h08121 16 0.0030 0.0085 0.9749 0.0099 0.0038 
      h08221 16 0.0042 0.0265 0.9489 0.0141 0.0063 
      h08321 16 0.0064 0.0107 0.9743 0.0041 0.0046 
      h08421 16 0.0026 0.0054 0.9431 0.0042 0.0446 
      h08521 16 0.0055 0.0047 0.9781 0.0069 0.0048 
      h08621 16 0.0039 0.0075 0.7611 0.0151 0.2125 
      h08721 16 0.0116 0.0071 0.6935 0.0477 0.2400 
      h08821 16 0.0030 0.0051 0.9576 0.0108 0.0234 
      h08921 16 0.0052 0.0044 0.9135 0.0035 0.0735 
      h09021 16 0.0032 0.0044 0.9761 0.0053 0.0110 
      h09121 16 0.0055 0.0122 0.7391 0.0080 0.2351 
      h09221 16 0.0039 0.0926 0.8461 0.0040 0.0533 
      h09321 16 0.0059 0.0063 0.9638 0.0076 0.0164 
      h09421 16 0.0102 0.0031 0.9654 0.0133 0.0080 
      h09521 16 0.0150 0.0051 0.9151 0.0099 0.0550 
      h09621 16 0.0306 0.0121 0.9035 0.0050 0.0488 
      h09721 16 0.0194 0.0085 0.9233 0.0051 0.0437 
      h09821 16 0.0053 0.0027 0.9393 0.0038 0.0490 
      h09921 16 0.0041 0.0126 0.9655 0.0096 0.0082 
      h10021 16 0.0087 0.0316 0.8405 0.0040 0.1152 
      h00151 17 0.0115 0.0111 0.8522 0.0060 0.1192 
      h00251 17 0.0141 0.0048 0.8496 0.0052 0.1264 
      h00351 17 0.0144 0.0050 0.9673 0.0073 0.0059 
      h00451 17 0.0320 0.0027 0.9251 0.0043 0.0359 
      h00551 17 0.0103 0.0055 0.8975 0.0621 0.0246 
      h00651 17 0.0107 0.0070 0.7418 0.0158 0.2247 
      h00751 17 0.0059 0.0038 0.8445 0.0089 0.1369 
      h00851 17 0.0189 0.0043 0.8654 0.0078 0.1036 
      h00951 17 0.0107 0.0266 0.9334 0.0045 0.0248 
      h01051 17 0.0532 0.0073 0.7992 0.0843 0.0560 
      h01151 17 0.0052 0.0108 0.9412 0.0356 0.0072 
      h01251 17 0.0045 0.0058 0.9674 0.0055 0.0168 
      h01351 17 0.0065 0.0042 0.9701 0.0067 0.0125 
      h01451 17 0.0098 0.0027 0.9738 0.0083 0.0054 
      h01551 17 0.0117 0.0031 0.9572 0.0097 0.0184 
      h01651 17 0.0194 0.0039 0.8810 0.0093 0.0865 
      h01751 17 0.0204 0.0132 0.8231 0.0155 0.1277 
      h01851 17 0.0042 0.0027 0.9236 0.0068 0.0626 
      h01951 17 0.0065 0.0030 0.9498 0.0078 0.0329 
      h02051 17 0.0374 0.0134 0.8574 0.0570 0.0348 
      h02151 17 0.0180 0.0040 0.9467 0.0159 0.0154 
      h02251 17 0.0085 0.0040 0.9765 0.0046 0.0064 
      h02351 17 0.0111 0.0060 0.9115 0.0264 0.0450 
      h02451 17 0.0033 0.0030 0.9551 0.0047 0.0338 
      h02551 17 0.0235 0.0103 0.8108 0.1321 0.0234 
      h02651 17 0.0053 0.0043 0.8517 0.0073 0.1315 
      h02751 17 0.0048 0.0021 0.9787 0.0090 0.0053 
      h02851 17 0.0842 0.0038 0.5639 0.0668 0.2813 
      h02951 17 0.0087 0.0050 0.8938 0.0203 0.0722 
      h03051 17 0.0567 0.0105 0.9037 0.0221 0.0069 
      h03151 17 0.0041 0.0073 0.9733 0.0072 0.0082 
      h03251 17 0.0325 0.0182 0.8666 0.0161 0.0666 
      h03351 17 0.0129 0.0043 0.9494 0.0071 0.0263 
      h03451 17 0.0131 0.0086 0.9576 0.0150 0.0057 
      h03551 17 0.0085 0.0044 0.9696 0.0123 0.0052 
      h03651 17 0.0194 0.0103 0.8949 0.0106 0.0648 
      h03751 17 0.0532 0.0017 0.9337 0.0052 0.0062 
      h03851 17 0.0066 0.0032 0.9747 0.0062 0.0093 
      h03951 17 0.0094 0.0050 0.9631 0.0055 0.0171 
      h04051 17 0.0059 0.0043 0.6234 0.0146 0.3519 
      h04151 17 0.0506 0.0034 0.8787 0.0106 0.0567 
      h04251 17 0.0076 0.0172 0.9328 0.0075 0.0349 
      h04351 17 0.0118 0.0096 0.5587 0.0355 0.3844 
      h04451 17 0.0034 0.0021 0.9640 0.0061 0.0245 
      h04551 17 0.0097 0.0049 0.9436 0.0031 0.0388 
      h04651 17 0.0130 0.0061 0.9372 0.0092 0.0345 
      h04751 17 0.0150 0.0068 0.9184 0.0561 0.0037 
      h04851 17 0.0052 0.1426 0.7477 0.0541 0.0504 
      h04951 17 0.0045 0.0078 0.8478 0.0057 0.1343 
      h05051 17 0.0067 0.0026 0.9639 0.0223 0.0044 
      h05151 17 0.0050 0.0057 0.7751 0.0056 0.2085 
      h05251 17 0.0061 0.0495 0.9358 0.0045 0.0042 
      h05351 17 0.0052 0.0040 0.8699 0.0047 0.1161 
      h05451 17 0.0165 0.0054 0.9364 0.0044 0.0373 
      h05551 17 0.0094 0.0049 0.9739 0.0067 0.0052 
      h05651 17 0.0091 0.0049 0.8655 0.1123 0.0083 
      h05751 17 0.0131 0.0027 0.9738 0.0059 0.0044 
      h05851 17 0.0048 0.0027 0.8967 0.0204 0.0755 
      h05951 17 0.0052 0.0029 0.7990 0.0051 0.1878 
      h06051 17 0.0164 0.0057 0.8933 0.0104 0.0742 
      h06151 17 0.0065 0.0033 0.9698 0.0078 0.0127 
      h06251 17 0.0085 0.0036 0.8524 0.0581 0.0774 
      h06351 17 0.0039 0.0077 0.7600 0.0156 0.2127 
      h06451 17 0.0204 0.0030 0.8984 0.0717 0.0065 
      h06551 17 0.0040 0.0083 0.9760 0.0088 0.0029 
      h06651 17 0.0064 0.0157 0.6279 0.0061 0.3438 
      h06751 17 0.0124 0.0057 0.9575 0.0149 0.0096 
      h06851 17 0.0075 0.0090 0.9686 0.0071 0.0079 
      h06951 17 0.0099 0.0044 0.9698 0.0129 0.0031 
      h07051 17 0.0033 0.0112 0.8859 0.0376 0.0621 
      h07151 17 0.0074 0.0176 0.9085 0.0156 0.0509 
      h07251 17 0.0049 0.0139 0.9636 0.0127 0.0050 
      h07351 17 0.0226 0.0072 0.8824 0.0078 0.0799 
      h07451 17 0.0037 0.0052 0.9786 0.0077 0.0048 
      h07551 17 0.0226 0.0034 0.9592 0.0028 0.0119 
      h07651 17 0.0131 0.0625 0.8788 0.0144 0.0311 
      h07751 17 0.0502 0.0048 0.8901 0.0340 0.0209 
      h07851 17 0.0079 0.0088 0.9507 0.0236 0.0090 
      h07951 17 0.0044 0.0046 0.8519 0.0100 0.1290 
      h08051 17 0.0075 0.0028 0.7963 0.0123 0.1811 
      h08151 17 0.0195 0.0064 0.8172 0.0280 0.1289 
      h08251 17 0.0972 0.0042 0.8770 0.0106 0.0110 
      h08351 17 0.0322 0.0033 0.9445 0.0155 0.0045 
      h08451 17 0.0200 0.0033 0.9485 0.0086 0.0196 
      h08551 17 0.0025 0.0025 0.9819 0.0050 0.0081 
      h08651 17 0.0030 0.0027 0.9790 0.0039 0.0115 
      h08751 17 0.0606 0.0080 0.7826 0.0373 0.1115 
      h08851 17 0.0093 0.0143 0.9616 0.0077 0.0071 
      h08951 17 0.0204 0.0047 0.8533 0.0126 0.1090 
      h09051 17 0.0118 0.0035 0.9621 0.0089 0.0137 
      h09151 17 0.1297 0.0061 0.8302 0.0288 0.0051 
      h09251 17 0.0045 0.0079 0.9645 0.0145 0.0086 
      h09351 17 0.0114 0.0244 0.9261 0.0149 0.0232 
      h09451 17 0.0049 0.0041 0.9620 0.0113 0.0177 
      h09551 17 0.0069 0.0047 0.7588 0.0115 0.2181 
      h09651 17 0.0038 0.0069 0.9659 0.0202 0.0031 
      h09751 17 0.0056 0.0059 0.9043 0.0093 0.0749 
      h09851 17 0.0096 0.0047 0.9668 0.0099 0.0090 
      h09951 17 0.0058 0.0034 0.9763 0.0064 0.0082 
      h10051 17 0.0585 0.0027 0.9206 0.0079 0.0104 
       h0018 18 0.0095 0.9149 0.0289 0.0149 0.0318 
       h0028 18 0.0053 0.9674 0.0064 0.0058 0.0151 
       h0038 18 0.0027 0.9710 0.0032 0.0064 0.0166 
       h0048 18 0.0038 0.6756 0.0047 0.0034 0.3126 
       h0058 18 0.0051 0.9870 0.0031 0.0026 0.0022 
       h0068 18 0.0043 0.6901 0.0055 0.0053 0.2947 
       h0078 18 0.0019 0.9778 0.0028 0.0022 0.0152 
       h0088 18 0.0739 0.8331 0.0260 0.0239 0.0430 
       h0098 18 0.0053 0.9286 0.0188 0.0030 0.0443 
       h0108 18 0.0093 0.9423 0.0232 0.0180 0.0072 
       h0118 18 0.0024 0.9202 0.0193 0.0359 0.0222 
       h0128 18 0.0197 0.8057 0.0338 0.0408 0.1001 
       h0138 18 0.0240 0.7488 0.0169 0.0440 0.1664 
       h0148 18 0.0042 0.7825 0.0040 0.0051 0.2043 
       h0158 18 0.0163 0.9103 0.0088 0.0141 0.0505 
       h0168 18 0.0340 0.8491 0.0042 0.0045 0.1081 
       h0178 18 0.0092 0.8866 0.0128 0.0130 0.0784 
       h0188 18 0.0309 0.8939 0.0158 0.0031 0.0563 
       h0198 18 0.0034 0.8776 0.0073 0.0067 0.1050 
       h0208 18 0.0046 0.9500 0.0052 0.0062 0.0339 
       h0218 18 0.0021 0.9894 0.0027 0.0026 0.0032 
       h0228 18 0.0104 0.8756 0.0035 0.0028 0.1077 
       h0238 18 0.0099 0.8535 0.0435 0.0162 0.0770 
       h0248 18 0.0024 0.9133 0.0128 0.0027 0.0688 
       h0258 18 0.0183 0.6843 0.0066 0.0076 0.2832 
       h0268 18 0.0058 0.9373 0.0250 0.0208 0.0111 
       h0278 18 0.0057 0.8899 0.0240 0.0227 0.0578 
       h0288 18 0.0048 0.9244 0.0099 0.0035 0.0575 
       h0298 18 0.0023 0.9864 0.0043 0.0039 0.0032 
       h0308 18 0.0029 0.8672 0.0053 0.0044 0.1203 
       h0318 18 0.0060 0.9322 0.0103 0.0079 0.0436 
       h0328 18 0.0077 0.9480 0.0144 0.0228 0.0071 
       h0338 18 0.0022 0.7211 0.0037 0.0027 0.2703 
       h0348 18 0.0197 0.9558 0.0124 0.0083 0.0038 
       h0358 18 0.0075 0.9212 0.0251 0.0040 0.0422 
       h0368 18 0.0022 0.8350 0.0063 0.0057 0.1508 
       h0378 18 0.0018 0.9339 0.0053 0.0098 0.0491 
       h0388 18 0.0027 0.9554 0.0040 0.0033 0.0347 
       h0398 18 0.0723 0.8950 0.0065 0.0024 0.0237 
       h0408 18 0.0030 0.8404 0.0103 0.0037 0.1426 
       h0418 18 0.0057 0.9792 0.0053 0.0056 0.0041 
       h0428 18 0.0026 0.7369 0.0044 0.0045 0.2515 
       h0438 18 0.0023 0.8997 0.0037 0.0026 0.0916 
       h0448 18 0.0203 0.8806 0.0114 0.0345 0.0531 
       h0458 18 0.0109 0.8159 0.0214 0.0334 0.1184 
       h0468 18 0.0172 0.8598 0.0160 0.0190 0.0880 
       h0478 18 0.0050 0.7367 0.0112 0.0045 0.2425 
       h0488 18 0.0027 0.9199 0.0029 0.0039 0.0706 
       h0498 18 0.0075 0.8753 0.0028 0.0068 0.1075 
       h0508 18 0.0046 0.7593 0.0052 0.0218 0.2092 
       h0518 18 0.0028 0.8023 0.0038 0.0030 0.1881 
       h0528 18 0.0046 0.9234 0.0088 0.0141 0.0492 
       h0538 18 0.0316 0.9145 0.0090 0.0259 0.0190 
       h0548 18 0.0030 0.8389 0.0035 0.0034 0.1512 
       h0558 18 0.0109 0.8270 0.0051 0.0050 0.1520 
       h0568 18 0.0021 0.9609 0.0036 0.0023 0.0311 
       h0578 18 0.0019 0.9911 0.0028 0.0021 0.0022 
       h0588 18 0.0048 0.8786 0.0283 0.0134 0.0749 
       h0598 18 0.0049 0.9260 0.0082 0.0118 0.0492 
       h0608 18 0.0047 0.7984 0.0063 0.0028 0.1878 
       h0618 18 0.0017 0.9907 0.0027 0.0023 0.0026 
       h0628 18 0.0096 0.9708 0.0053 0.0037 0.0106 
       h0638 18 0.0117 0.9538 0.0098 0.0030 0.0216 
       h0648 18 0.0203 0.8604 0.0044 0.0052 0.1096 
       h0658 18 0.0338 0.8601 0.0684 0.0297 0.0080 
       h0668 18 0.0042 0.9801 0.0039 0.0092 0.0027 
       h0678 18 0.0023 0.9111 0.0033 0.0038 0.0794 
       h0688 18 0.0022 0.8295 0.0033 0.0021 0.1629 
       h0698 18 0.0030 0.9727 0.0101 0.0027 0.0116 
       h0708 18 0.0130 0.8647 0.0090 0.0128 0.1005 
       h0718 18 0.0039 0.8566 0.0433 0.0081 0.0881 
       h0728 18 0.0370 0.7067 0.0105 0.0069 0.2390 
       h0738 18 0.0069 0.9124 0.0090 0.0120 0.0597 
       h0748 18 0.0053 0.8031 0.0039 0.0023 0.1854 
       h0758 18 0.0025 0.8567 0.0076 0.0023 0.1308 
       h0768 18 0.0026 0.9106 0.0027 0.0025 0.0815 
       h0778 18 0.0106 0.9368 0.0282 0.0195 0.0050 
       h0788 18 0.0276 0.9169 0.0141 0.0231 0.0182 
       h0798 18 0.0063 0.9208 0.0157 0.0087 0.0485 
       h0808 18 0.0029 0.8570 0.0240 0.0208 0.0953 
       h0818 18 0.0175 0.7406 0.0075 0.0067 0.2277 
       h0828 18 0.0022 0.9607 0.0033 0.0030 0.0307 
       h0838 18 0.0035 0.8964 0.0053 0.0034 0.0914 
       h0848 18 0.0091 0.8560 0.0053 0.0027 0.1268 
       h0858 18 0.0030 0.9165 0.0147 0.0063 0.0595 
       h0868 18 0.0072 0.8549 0.0534 0.0358 0.0487 
       h0878 18 0.0190 0.9104 0.0352 0.0169 0.0185 
       h0888 18 0.0916 0.7967 0.0435 0.0105 0.0578 
       h0898 18 0.0034 0.8201 0.0032 0.0043 0.1690 
       h0908 18 0.0023 0.9891 0.0030 0.0028 0.0027 
       h0918 18 0.0062 0.7004 0.0042 0.0064 0.2829 
       h0928 18 0.0039 0.8887 0.0581 0.0102 0.0391 
       h0938 18 0.0040 0.8121 0.0050 0.0072 0.1717 
       h0948 18 0.0031 0.9027 0.0040 0.0024 0.0877 
       h0958 18 0.0254 0.8840 0.0035 0.0049 0.0822 
       h0968 18 0.0103 0.9698 0.0057 0.0072 0.0070 
       h0978 18 0.0093 0.8927 0.0458 0.0192 0.0329 
       h0988 18 0.0022 0.9815 0.0049 0.0044 0.0069 
       h0998 18 0.0033 0.9691 0.0031 0.0089 0.0155 
       h1008 18 0.0024 0.8302 0.0088 0.0077 0.1510 
      h00111 19 0.9708 0.0027 0.0104 0.0031 0.0132 
      h00211 19 0.9211 0.0027 0.0192 0.0211 0.0359 
      h00311 19 0.7426 0.0033 0.0255 0.0041 0.2245 
      h00411 19 0.7913 0.0075 0.0047 0.0026 0.1939 
      h00511 19 0.6161 0.0851 0.0066 0.0562 0.2359 
      h00611 19 0.8163 0.0041 0.0028 0.0034 0.1734 
      h00711 19 0.9078 0.0029 0.0027 0.0040 0.0826 
      h00811 19 0.8778 0.0039 0.0894 0.0042 0.0248 
      h00911 19 0.9357 0.0050 0.0353 0.0050 0.0191 
      h01011 19 0.9861 0.0044 0.0031 0.0028 0.0036 
      h01111 19 0.9799 0.0032 0.0088 0.0059 0.0022 
      h01211 19 0.8048 0.0032 0.0112 0.0066 0.1742 
      h01311 19 0.8477 0.0023 0.0047 0.0062 0.1391 
      h01411 19 0.7906 0.0065 0.0045 0.0075 0.1910 
      h01511 19 0.8263 0.0052 0.0302 0.1069 0.0315 
      h01611 19 0.9235 0.0027 0.0097 0.0474 0.0168 
      h01711 19 0.9852 0.0030 0.0029 0.0038 0.0051 
      h01811 19 0.9182 0.0062 0.0059 0.0064 0.0633 
      h01911 19 0.8310 0.0041 0.0054 0.0062 0.1533 
      h02011 19 0.9409 0.0037 0.0138 0.0315 0.0100 
      h02111 19 0.9842 0.0025 0.0032 0.0072 0.0029 
      h02211 19 0.8091 0.0039 0.0029 0.0032 0.1810 
      h02311 19 0.8235 0.0025 0.0025 0.0071 0.1644 
      h02411 19 0.6356 0.0099 0.0070 0.0060 0.3415 
      h02511 19 0.8222 0.0176 0.0312 0.0211 0.1080 
      h02611 19 0.9158 0.0028 0.0099 0.0023 0.0692 
      h02711 19 0.8899 0.0052 0.0026 0.0030 0.0994 
      h02811 19 0.8111 0.0045 0.0151 0.0109 0.1583 
      h02911 19 0.9800 0.0054 0.0049 0.0051 0.0046 
      h03011 19 0.9554 0.0117 0.0147 0.0139 0.0043 
      h03111 19 0.6578 0.0040 0.0037 0.0074 0.3271 
      h03211 19 0.7521 0.0030 0.0024 0.0049 0.2377 
      h03311 19 0.7781 0.0035 0.0052 0.0055 0.2077 
      h03411 19 0.8406 0.0034 0.0121 0.0917 0.0522 
      h03511 19 0.6362 0.0220 0.0052 0.0055 0.3310 
      h03611 19 0.9898 0.0019 0.0028 0.0032 0.0023 
      h03711 19 0.9311 0.0315 0.0140 0.0147 0.0087 
      h03811 19 0.8797 0.0036 0.0812 0.0039 0.0316 
      h03911 19 0.7909 0.0120 0.0206 0.0101 0.1664 
      h04011 19 0.8344 0.0109 0.0176 0.0126 0.1246 
      h04111 19 0.7835 0.0028 0.0178 0.0058 0.1901 
      h04211 19 0.8361 0.0097 0.0096 0.0127 0.1319 
      h04311 19 0.8850 0.0089 0.0041 0.0042 0.0977 
      h04411 19 0.8352 0.0064 0.0598 0.0027 0.0959 
      h04511 19 0.8976 0.0028 0.0056 0.0068 0.0872 
      h04611 19 0.9560 0.0033 0.0034 0.0062 0.0310 
      h04711 19 0.8740 0.0139 0.0143 0.0887 0.0091 
      h04811 19 0.9737 0.0096 0.0071 0.0062 0.0034 
      h04911 19 0.7894 0.0023 0.0042 0.0054 0.1986 
      h05011 19 0.8965 0.0076 0.0041 0.0057 0.0861 
      h05111 19 0.9798 0.0034 0.0042 0.0049 0.0077 
      h05211 19 0.8854 0.0027 0.0404 0.0221 0.0494 
      h05311 19 0.8944 0.0085 0.0171 0.0516 0.0284 
      h05411 19 0.8323 0.0096 0.0310 0.0052 0.1218 
      h05511 19 0.9856 0.0054 0.0029 0.0038 0.0023 
      h05611 19 0.9017 0.0021 0.0056 0.0133 0.0772 
      h05711 19 0.9557 0.0035 0.0118 0.0062 0.0228 
      h05811 19 0.8789 0.0041 0.0109 0.0111 0.0950 
      h05911 19 0.9600 0.0023 0.0264 0.0033 0.0080 
      h06011 19 0.8140 0.0092 0.0385 0.0131 0.1253 
      h06111 19 0.8822 0.0026 0.0059 0.0038 0.1055 
      h06211 19 0.8584 0.0039 0.0040 0.0033 0.1304 
      h06311 19 0.9345 0.0046 0.0369 0.0097 0.0143 
      h06411 19 0.9867 0.0036 0.0037 0.0035 0.0024 
      h06511 19 0.8707 0.0068 0.0410 0.0050 0.0765 
      h06611 19 0.9401 0.0039 0.0219 0.0048 0.0293 
      h06711 19 0.8435 0.0036 0.0077 0.0131 0.1321 
      h06811 19 0.9724 0.0045 0.0063 0.0134 0.0034 
      h06911 19 0.8650 0.0028 0.0575 0.0059 0.0689 
      h07011 19 0.8508 0.0026 0.0114 0.0166 0.1186 
      h07111 19 0.9808 0.0069 0.0037 0.0058 0.0028 
      h07211 19 0.8788 0.0327 0.0121 0.0612 0.0151 
      h07311 19 0.7407 0.0084 0.0053 0.0074 0.2382 
      h07411 19 0.9742 0.0026 0.0099 0.0044 0.0090 
      h07511 19 0.9297 0.0458 0.0035 0.0054 0.0156 
      h07611 19 0.8729 0.0021 0.0039 0.0700 0.0511 
      h07711 19 0.9525 0.0030 0.0028 0.0037 0.0380 
      h07811 19 0.7681 0.0021 0.0044 0.0033 0.2222 
      h07911 19 0.7215 0.0248 0.0104 0.0117 0.2316 
      h08011 19 0.7694 0.0066 0.0079 0.0052 0.2110 
      h08111 19 0.8997 0.0029 0.0034 0.0041 0.0899 
      h08211 19 0.9490 0.0130 0.0120 0.0094 0.0166 
      h08311 19 0.8140 0.0028 0.0045 0.0046 0.1741 
      h08411 19 0.9812 0.0047 0.0033 0.0062 0.0045 
      h08511 19 0.9194 0.0025 0.0036 0.0081 0.0664 
      h08611 19 0.9898 0.0020 0.0026 0.0028 0.0027 
      h08711 19 0.8284 0.0040 0.0079 0.0048 0.1549 
      h08811 19 0.8699 0.0066 0.0143 0.0224 0.0868 
      h08911 19 0.9883 0.0016 0.0033 0.0035 0.0032 
      h09011 19 0.7509 0.0049 0.0073 0.0048 0.2321 
      h09111 19 0.8024 0.0042 0.0075 0.0044 0.1815 
      h09211 19 0.9812 0.0032 0.0033 0.0081 0.0042 
      h09311 19 0.7921 0.0202 0.0289 0.0058 0.1530 
      h09411 19 0.7828 0.0186 0.0486 0.0075 0.1424 
      h09511 19 0.8601 0.0038 0.0048 0.0032 0.1282 
      h09611 19 0.9727 0.0032 0.0042 0.0144 0.0055 
      h09711 19 0.9718 0.0021 0.0032 0.0040 0.0188 
      h09811 19 0.9442 0.0035 0.0032 0.0091 0.0400 
      h09911 19 0.8977 0.0297 0.0521 0.0078 0.0128 
      h10011 19 0.9590 0.0025 0.0061 0.0026 0.0298 
      h00114 20 0.0037 0.0041 0.0059 0.9830 0.0033 
      h00214 20 0.0034 0.0059 0.0220 0.8937 0.0750 
      h00314 20 0.0046 0.0035 0.0060 0.9574 0.0285 
      h00414 20 0.0023 0.0031 0.0042 0.9797 0.0107 
      h00514 20 0.0052 0.0036 0.0062 0.9826 0.0025 
      h00614 20 0.0091 0.0030 0.0033 0.9782 0.0064 
      h00714 20 0.0042 0.0024 0.0056 0.8664 0.1214 
      h00814 20 0.0125 0.0594 0.0062 0.7708 0.1512 
      h00914 20 0.0038 0.0048 0.0078 0.9801 0.0035 
      h01014 20 0.0420 0.0091 0.0136 0.8471 0.0882 
      h01114 20 0.0041 0.0050 0.0455 0.8697 0.0757 
      h01214 20 0.0067 0.0025 0.0030 0.9513 0.0365 
      h01314 20 0.0031 0.0107 0.0040 0.8290 0.1532 
      h01414 20 0.0089 0.0030 0.0108 0.9726 0.0047 
      h01514 20 0.0048 0.0121 0.0058 0.9748 0.0024 
      h01614 20 0.0032 0.0895 0.0213 0.8568 0.0292 
      h01714 20 0.0054 0.0026 0.0253 0.9201 0.0466 
      h01814 20 0.0079 0.0051 0.0105 0.6305 0.3460 
      h01914 20 0.0065 0.0050 0.0111 0.9650 0.0124 
      h02014 20 0.0272 0.0026 0.0069 0.9552 0.0082 
      h02114 20 0.0040 0.0044 0.0062 0.9606 0.0247 
      h02214 20 0.0071 0.0044 0.0059 0.7918 0.1909 
      h02314 20 0.0054 0.0028 0.0047 0.9840 0.0031 
      h02414 20 0.0085 0.0254 0.0216 0.9245 0.0200 
      h02514 20 0.0066 0.0111 0.0051 0.9537 0.0235 
      h02614 20 0.0034 0.0050 0.0044 0.9766 0.0107 
      h02714 20 0.0055 0.0138 0.0098 0.7178 0.2532 
      h02814 20 0.0043 0.0061 0.0482 0.8459 0.0956 
      h02914 20 0.0201 0.0046 0.0068 0.9650 0.0035 
      h03014 20 0.0073 0.0034 0.0028 0.8071 0.1795 
      h03114 20 0.0074 0.0049 0.0058 0.9755 0.0064 
      h03214 20 0.0038 0.0032 0.0044 0.9425 0.0460 
      h03314 20 0.0045 0.0034 0.0050 0.9846 0.0025 
      h03414 20 0.0144 0.0045 0.0274 0.7902 0.1635 
      h03514 20 0.0024 0.0030 0.0034 0.9878 0.0035 
      h03614 20 0.0066 0.0055 0.0084 0.9708 0.0086 
      h03714 20 0.0039 0.0099 0.0034 0.9633 0.0196 
      h03814 20 0.0219 0.0072 0.0117 0.9545 0.0047 
      h03914 20 0.0025 0.1827 0.0281 0.7638 0.0230 
      h04014 20 0.0095 0.0025 0.0046 0.9793 0.0041 
      h04114 20 0.0069 0.0042 0.0222 0.9338 0.0329 
      h04214 20 0.0062 0.0045 0.0244 0.8895 0.0754 
      h04314 20 0.0519 0.0078 0.0086 0.9182 0.0136 
      h04414 20 0.0039 0.0171 0.0148 0.9596 0.0047 
      h04514 20 0.0048 0.0163 0.0308 0.9326 0.0155 
      h04614 20 0.0097 0.0263 0.0081 0.9418 0.0141 
      h04714 20 0.0714 0.0144 0.0243 0.7963 0.0936 
      h04814 20 0.0057 0.0039 0.0043 0.9809 0.0051 
      h04914 20 0.0073 0.0074 0.0060 0.8763 0.1030 
      h05014 20 0.0043 0.0110 0.0210 0.7502 0.2135 
      h05114 20 0.0372 0.0065 0.0055 0.9334 0.0173 
      h05214 20 0.0056 0.0041 0.0069 0.9744 0.0090 
      h05314 20 0.0126 0.0141 0.0111 0.8600 0.1021 
      h05414 20 0.0203 0.0037 0.0123 0.9430 0.0207 
      h05514 20 0.0092 0.0128 0.0146 0.9575 0.0059 
      h05614 20 0.0027 0.0030 0.0051 0.9859 0.0034 
      h05714 20 0.0060 0.0035 0.0096 0.9058 0.0751 
      h05814 20 0.0050 0.0035 0.0201 0.8621 0.1093 
      h05914 20 0.0050 0.0064 0.0046 0.9794 0.0045 
      h06014 20 0.0240 0.0052 0.0064 0.9553 0.0090 
      h06114 20 0.0125 0.0173 0.0072 0.9573 0.0056 
      h06214 20 0.0044 0.0045 0.0124 0.9742 0.0045 
      h06314 20 0.0074 0.0112 0.0093 0.9580 0.0141 
      h06414 20 0.0067 0.0702 0.0238 0.8622 0.0370 
      h06514 20 0.0077 0.0384 0.0445 0.8802 0.0292 
      h06614 20 0.0079 0.0029 0.0152 0.8740 0.1000 
      h06714 20 0.0043 0.0163 0.0285 0.8125 0.1385 
      h06814 20 0.0055 0.0065 0.0040 0.7581 0.2259 
      h06914 20 0.0093 0.0043 0.0042 0.7929 0.1894 
      h07014 20 0.0050 0.0076 0.0124 0.9642 0.0109 
      h07114 20 0.0106 0.1435 0.0080 0.8080 0.0299 
      h07214 20 0.0036 0.0079 0.0084 0.9189 0.0612 
      h07314 20 0.0074 0.0046 0.0037 0.8511 0.1332 
      h07414 20 0.0055 0.0052 0.0088 0.9732 0.0073 
      h07514 20 0.0069 0.0041 0.0095 0.9012 0.0782 
      h07614 20 0.0034 0.0027 0.0065 0.9826 0.0048 
      h07714 20 0.0052 0.0060 0.0041 0.9610 0.0236 
      h07814 20 0.0205 0.0082 0.0126 0.9363 0.0224 
      h07914 20 0.0055 0.0123 0.0219 0.9073 0.0530 
      h08014 20 0.0038 0.0049 0.0057 0.8580 0.1276 
      h08114 20 0.0046 0.0051 0.0040 0.9772 0.0092 
      h08214 20 0.0069 0.0054 0.0141 0.9120 0.0616 
      h08314 20 0.0058 0.0189 0.0163 0.9500 0.0090 
      h08414 20 0.0194 0.0066 0.0124 0.8730 0.0887 
      h08514 20 0.0045 0.0436 0.0177 0.8906 0.0436 
      h08614 20 0.0055 0.0028 0.0103 0.8515 0.1299 
      h08714 20 0.0046 0.0063 0.0450 0.8916 0.0525 
      h08814 20 0.0036 0.0085 0.0165 0.9428 0.0287 
      h08914 20 0.0110 0.0149 0.0075 0.9421 0.0245 
      h09014 20 0.0067 0.0137 0.0099 0.8480 0.1216 
      h09114 20 0.0129 0.0878 0.0724 0.8164 0.0105 
      h09214 20 0.0033 0.0061 0.0063 0.9711 0.0131 
      h09314 20 0.0241 0.0115 0.0583 0.7480 0.1582 
      h09414 20 0.0052 0.0029 0.0121 0.9742 0.0056 
      h09514 20 0.0091 0.0028 0.0058 0.9764 0.0059 
      h09614 20 0.0124 0.0293 0.0197 0.6766 0.2620 
      h09714 20 0.0039 0.0044 0.0050 0.9792 0.0075 
      h09814 20 0.0043 0.0052 0.0079 0.9114 0.0713 
      h09914 20 0.0097 0.0132 0.0108 0.9565 0.0098 
      h10014 20 0.0103 0.0097 0.0110 0.9071 0.0619 
      DAM2HL 21 0.0037 0.0049 0.9734 0.0151 0.0029 
       M2ALK 21 0.0087 0.0069 0.5951 0.3824 0.0069 
       M2E2J 21 0.0047 0.0952 0.8816 0.0040 0.0146 
       M2E73 21 0.0057 0.0090 0.9738 0.0079 0.0037 
       M2E74 21 0.0649 0.0048 0.7653 0.1600 0.0051 
       M2EUJ 21 0.0496 0.0045 0.8131 0.1294 0.0035 
      DAM1XK 21 0.0031 0.0047 0.9794 0.0097 0.0030 
       M2057 21 0.0064 0.0024 0.9817 0.0055 0.0040 
       M2271 21 0.0057 0.2160 0.7650 0.0107 0.0026 
       M27YK 21 0.0229 0.0025 0.9294 0.0180 0.0271 
       M2A1H 21 0.0057 0.5329 0.4320 0.0264 0.0029 
       M2E0P 21 0.0033 0.0095 0.9747 0.0086 0.0038 
       M2E75 21 0.0030 0.0068 0.9778 0.0102 0.0022 
       M2E76 21 0.0070 0.0037 0.9727 0.0128 0.0038 
      MSV0T5 21 0.0023 0.0223 0.9680 0.0034 0.0039 
      MSV241 21 0.0033 0.0047 0.9794 0.0072 0.0055 
      MSV2A0 21 0.0048 0.0135 0.9686 0.0056 0.0075 
      MSV2A1 21 0.0035 0.0142 0.9738 0.0057 0.0029 
      MSV2A8 21 0.0075 0.0045 0.9037 0.0802 0.0041 
      DAM1P5 21 0.0031 0.0038 0.9866 0.0042 0.0023 
       M1084 21 0.0046 0.0037 0.9794 0.0094 0.0028 
      MSV2M4 21 0.0051 0.0071 0.9787 0.0051 0.0039 
      MSV2T6 21 0.0037 0.1253 0.8557 0.0105 0.0049 
       M1UM1 21 0.0078 0.0087 0.9728 0.0059 0.0048 
       M2ECL 21 0.0094 0.0027 0.9707 0.0109 0.0063 
       M2EJ0 21 0.0037 0.0030 0.9851 0.0056 0.0025 
      MSV20J 21 0.0044 0.0111 0.9600 0.0212 0.0032 
      MSV2TK 21 0.0145 0.0025 0.9734 0.0044 0.0052 
      MSV2TX 21 0.0037 0.0052 0.9687 0.0195 0.0029 
      MSV310 21 0.0039 0.0129 0.9695 0.0066 0.0071 
      MSV33F 21 0.0038 0.0328 0.9527 0.0045 0.0063 
      DAM35L 21 0.0033 0.0079 0.9807 0.0049 0.0032 
       M2E4C 21 0.0064 0.0043 0.9661 0.0196 0.0037 
       M2E4H 21 0.0038 0.0122 0.9776 0.0027 0.0037 
       M2E65 21 0.0068 0.0041 0.8971 0.0871 0.0048 
       M2EEJ 21 0.0057 0.0374 0.9466 0.0053 0.0051 
       M2EEP 21 0.0048 0.0159 0.9403 0.0340 0.0050 
      MSV1TU 21 0.0035 0.0103 0.9645 0.0136 0.0082 
      MSV20M 21 0.0046 0.0068 0.9757 0.0099 0.0030 
      MSV223 21 0.0037 0.0072 0.9800 0.0043 0.0047 
      MSV22E 21 0.0067 0.0097 0.9670 0.0114 0.0052 
      MSV23J 21 0.0051 0.0089 0.9777 0.0032 0.0051 
      MSV2K6 21 0.0036 0.0159 0.9664 0.0105 0.0037 
      DAM23U 21 0.0093 0.0135 0.9519 0.0188 0.0065 
       M2E8A 21 0.0073 0.0271 0.9502 0.0115 0.0040 
      MSV2L2 21 0.0046 0.0171 0.9651 0.0084 0.0048 
       M1YMH 21 0.0048 0.0142 0.9687 0.0050 0.0074 
       M2A84 21 0.0050 0.0130 0.9629 0.0079 0.0112 
      MSV23M 21 0.0047 0.0067 0.9816 0.0035 0.0035 
     AP.085T 21 0.0034 0.0113 0.9634 0.0189 0.0030 
     AP.086J 21 0.0079 0.0075 0.9279 0.0528 0.0040 
     AP.08C2 21 0.0292 0.0257 0.9095 0.0261 0.0095 
     AP.08CF 21 0.0029 0.0158 0.9615 0.0169 0.0029 
     AP.08CX 21 0.0029 0.0038 0.9829 0.0078 0.0027 
     AP.08CY 21 0.0431 0.0078 0.9270 0.0169 0.0052 
      DAM0JX 21 0.0038 0.0115 0.9735 0.0076 0.0036 
      DAM0P4 21 0.0050 0.0115 0.9751 0.0051 0.0033 
      DAM0UK 21 0.0046 0.0050 0.9825 0.0041 0.0039 
       M2030 21 0.0049 0.0963 0.8907 0.0053 0.0028 
      MSV24M 21 0.0033 0.0071 0.9760 0.0096 0.0040 
       M20AM 21 0.0131 0.0032 0.9362 0.0432 0.0043 
       M21YP 21 0.9867 0.0027 0.0032 0.0047 0.0027 
       M2205 21 0.0031 0.0080 0.9825 0.0044 0.0020 
       M2206 21 0.0046 0.0079 0.9765 0.0087 0.0024 
      MSV267 21 0.0036 0.0049 0.9805 0.0078 0.0032 
       M2757 21 0.0114 0.0047 0.9357 0.0431 0.0050 
       M27TH 21 0.0093 0.0023 0.9789 0.0064 0.0031 
      MSV2JA 21 0.0753 0.3198 0.5523 0.0479 0.0047 
      MSV2KU 21 0.0055 0.0315 0.9205 0.0380 0.0044 
      MSV2MF 21 0.0041 0.0304 0.6051 0.3554 0.0050 
      MSV2TA 21 0.0058 0.0049 0.9768 0.0098 0.0028 
      MSV2TE 21 0.0042 0.0060 0.9785 0.0087 0.0026 
      MSV2TU 21 0.0030 0.0073 0.9806 0.0048 0.0042 
      MSV2UT 21 0.0115 0.0069 0.9465 0.0308 0.0043 
      MSV306 21 0.0048 0.0054 0.9778 0.0090 0.0030 
      MSV311 21 0.0046 0.0037 0.9821 0.0075 0.0020 
      MSV31M 21 0.0097 0.0045 0.9759 0.0069 0.0029 
      MSV325 21 0.0035 0.0514 0.9242 0.0160 0.0048 
      MSV32H 21 0.0060 0.0179 0.9660 0.0044 0.0057 
     CX.112U 21 0.0064 0.0045 0.9676 0.0173 0.0042 
      DAM2PC 21 0.0056 0.7828 0.2043 0.0048 0.0025 
       M2E48 21 0.0044 0.0057 0.9451 0.0410 0.0038 
       M2E7K 21 0.0059 0.0063 0.9401 0.0436 0.0041 
       M2E80 21 0.0046 0.0098 0.9456 0.0357 0.0043 
       M2EAM 21 0.0078 0.0061 0.9701 0.0137 0.0024 
       M2EFF 21 0.0097 0.0051 0.9676 0.0120 0.0057 
       M2EFY 21 0.0147 0.0027 0.9687 0.0109 0.0030 
       M2EHM 21 0.0036 0.0130 0.9722 0.0084 0.0029 
       M2EK0 21 0.0055 0.0093 0.9777 0.0043 0.0031 
       M2EK1 21 0.0078 0.0089 0.9768 0.0040 0.0025 
      MSV22F 21 0.0030 0.0110 0.9606 0.0223 0.0031 
      MSV273 21 0.0094 0.0044 0.9732 0.0066 0.0064 
      MSV0TL 21 0.0041 0.6485 0.3343 0.0092 0.0039 
      MSV0TT 21 0.0054 0.0137 0.9689 0.0079 0.0042 
      MSV12H 21 0.0029 0.0077 0.9433 0.0423 0.0038 
      MSV1TH 21 0.0060 0.0681 0.7951 0.1255 0.0053 
      MSV275 21 0.0099 0.0794 0.8951 0.0090 0.0065 
      MSV286 21 0.0073 0.0045 0.9428 0.0389 0.0065 
      MSV2H4 21 0.0068 0.0054 0.9756 0.0092 0.0030 
      MSV2K8 21 0.0054 0.0170 0.9680 0.0058 0.0038 
      MSV2PM 21 0.0031 0.0038 0.9865 0.0042 0.0023 
      MSV2X3 21 0.0026 0.0077 0.9798 0.0077 0.0023 
      MSV2X4 21 0.0046 0.0142 0.9718 0.0052 0.0043 
      MSV30U 21 0.0034 0.0067 0.9791 0.0085 0.0023 
     CX.111C 21 0.0027 0.0143 0.9723 0.0078 0.0028 
     AP.07M2 22 0.0031 0.0063 0.9572 0.0058 0.0276 
      HRV05C 22 0.0034 0.0141 0.9711 0.0046 0.0068 
      HRV077 22 0.0729 0.0098 0.8814 0.0299 0.0060 
      HRV0A0 22 0.0031 0.0087 0.9758 0.0095 0.0029 
      HRV0MC 22 0.0058 0.0183 0.9680 0.0042 0.0036 
      HRV00P 22 0.0050 0.0184 0.9673 0.0067 0.0026 
      HRV01J 22 0.0155 0.0538 0.9223 0.0046 0.0038 
      HRV026 22 0.0029 0.0908 0.8953 0.0063 0.0048 
      HRV02C 22 0.0030 0.0090 0.9825 0.0032 0.0023 
      HRV031 22 0.0029 0.0084 0.9820 0.0042 0.0024 
      HRV033 22 0.0029 0.0084 0.9821 0.0042 0.0024 
      HRV05L 22 0.0036 0.0048 0.9855 0.0039 0.0021 
      HRV06A 22 0.0088 0.0074 0.9748 0.0056 0.0034 
      HRV07P 22 0.0044 0.0061 0.9761 0.0109 0.0025 
      HRV0HC 22 0.0117 0.0099 0.9529 0.0066 0.0189 
      HRV0HU 22 0.0036 0.0117 0.9740 0.0057 0.0051 
      HRV0K1 22 0.0037 0.0060 0.9829 0.0045 0.0028 
      HRV0M6 22 0.0152 0.0387 0.9343 0.0053 0.0065 
      HRV0M7 22 0.0135 0.0043 0.9703 0.0078 0.0042 
      HRV0MK 22 0.0044 0.0047 0.9824 0.0060 0.0025 
      HRV1C7 22 0.0037 0.0292 0.9570 0.0071 0.0030 
      HRV1EA 22 0.0133 0.0032 0.9528 0.0195 0.0111 
       M147K 22 0.0087 0.0151 0.9685 0.0054 0.0022 
      HRV008 22 0.0026 0.0241 0.9667 0.0036 0.0030 
      HRV015 22 0.0069 0.0586 0.9241 0.0044 0.0061 
      HRV01F 22 0.0111 0.0097 0.9696 0.0037 0.0060 
      HRV01L 22 0.0031 0.0309 0.9582 0.0048 0.0030 
      HRV01M 22 0.0025 0.0137 0.9522 0.0288 0.0029 
      HRV020 22 0.0033 0.1443 0.8321 0.0147 0.0056 
      HRV022 22 0.0139 0.0307 0.9364 0.0049 0.0141 
      HRV02A 22 0.0061 0.0060 0.9766 0.0057 0.0056 
      HRV02K 22 0.0041 0.1509 0.8216 0.0145 0.0089 
      HRV04C 22 0.0032 0.0243 0.9355 0.0335 0.0035 
      HRV05H 22 0.0031 0.0046 0.9826 0.0052 0.0046 
      HRV076 22 0.0057 0.0076 0.9637 0.0138 0.0092 
      HRV07H 22 0.0042 0.0047 0.9842 0.0042 0.0027 
      HRV07X 22 0.0043 0.0029 0.9813 0.0045 0.0070 
      HRV080 22 0.0025 0.0049 0.9846 0.0048 0.0031 
      HRV086 22 0.0076 0.0082 0.9748 0.0050 0.0043 
      HRV0H3 22 0.0102 0.0272 0.9510 0.0074 0.0042 
      HRV0J3 22 0.0108 0.0035 0.9764 0.0047 0.0046 
      HRV0JX 22 0.0329 0.0102 0.9346 0.0115 0.0108 
      HRV0ML 22 0.0031 0.0198 0.9711 0.0035 0.0025 
      HRV1E8 22 0.0049 0.0054 0.9803 0.0062 0.0031 
      HRV007 22 0.0050 0.0081 0.9582 0.0236 0.0051 
      HRV005 22 0.0149 0.0115 0.9460 0.0236 0.0040 
      HRV05U 22 0.0053 0.0143 0.9679 0.0094 0.0031 
      HRV01U 22 0.0131 0.0034 0.9674 0.0124 0.0038 
     AP.07M1 22 0.0043 0.0151 0.9731 0.0045 0.0030 
     AP.07ME 22 0.0051 0.0050 0.9756 0.0115 0.0028 
     AP.0817 22 0.0061 0.0040 0.9775 0.0091 0.0033 
     AP.0863 22 0.0070 0.0110 0.9658 0.0084 0.0078 
     AP.087T 22 0.0024 0.0103 0.9689 0.0054 0.0130 
     AP.088T 22 0.0031 0.0089 0.9813 0.0040 0.0027 
     CH.0LM1 22 0.0052 0.0149 0.9677 0.0080 0.0041 
       M05X5 22 0.0079 0.0121 0.9378 0.0116 0.0307 
       M06JH 22 0.0258 0.0115 0.8924 0.0570 0.0133 
       M0A6K 22 0.0057 0.0042 0.9795 0.0070 0.0036 
       M0ETF 22 0.0037 0.0275 0.9611 0.0050 0.0027 
       M0LUP 22 0.0081 0.0072 0.9758 0.0044 0.0045 
       M16F1 22 0.0036 0.1851 0.8041 0.0039 0.0032 
       M182M 22 0.0067 0.0024 0.9823 0.0052 0.0035 
       M1CFL 22 0.0049 0.0742 0.9113 0.0063 0.0033 
       M2AXY 22 0.0070 0.0062 0.9681 0.0141 0.0046 
       M2AY2 22 0.0067 0.0066 0.9575 0.0114 0.0178 
       M2CHP 22 0.0089 0.0428 0.8608 0.0203 0.0672 
       W26LK 22 0.0040 0.0065 0.9703 0.0163 0.0029 
       W26ME 22 0.1784 0.0116 0.7576 0.0482 0.0043 
     AM.07FM 22 0.0062 0.0471 0.9364 0.0081 0.0023 
     AM.07FP 22 0.0043 0.0315 0.9559 0.0047 0.0037 
     AP.07M4 22 0.0025 0.0081 0.9817 0.0050 0.0027 
     AP.07M7 22 0.0023 0.0035 0.9889 0.0031 0.0022 
     AP.07M8 22 0.0030 0.0060 0.9822 0.0053 0.0034 
     AP.07MA 22 0.0055 0.0151 0.9553 0.0067 0.0175 
     AP.07MC 22 0.0116 0.0055 0.9744 0.0061 0.0024 
     AP.07P8 22 0.0040 0.0643 0.9161 0.0052 0.0105 
     AP.07U8 22 0.0076 0.1100 0.8711 0.0074 0.0038 
     AP.081F 22 0.0040 0.0080 0.9781 0.0052 0.0047 
     AP.081H 22 0.0080 0.0049 0.9694 0.0076 0.0101 
     AP.0820 22 0.0040 0.0123 0.9709 0.0058 0.0069 
     AP.0841 22 0.0115 0.0060 0.9027 0.0098 0.0700 
     AP.0858 22 0.0085 0.0156 0.9552 0.0162 0.0044 
     AP.085U 22 0.0051 0.0054 0.9694 0.0108 0.0093 
     AP.085X 22 0.0054 0.0176 0.9672 0.0069 0.0029 
     AP.0861 22 0.0098 0.0258 0.9520 0.0080 0.0044 
     AP.0864 22 0.0027 0.0115 0.9771 0.0060 0.0028 
     AP.086X 22 0.0033 0.0048 0.9852 0.0038 0.0029 
     AP.0872 22 0.0040 0.0074 0.9790 0.0063 0.0033 
     AP.0875 22 0.0279 0.0044 0.9432 0.0054 0.0190 
     AP.087A 22 0.0072 0.0037 0.9825 0.0037 0.0028 
     AP.087C 22 0.0068 0.0071 0.9732 0.0070 0.0058 
     AP.087E 22 0.0039 0.0047 0.9841 0.0045 0.0028 
     AP.087H 22 0.0037 0.0647 0.8372 0.0914 0.0029 
     AP.087K 22 0.0070 0.0074 0.9721 0.0100 0.0035 
     AP.087L 22 0.0033 0.0252 0.9648 0.0037 0.0029 
     AP.087M 22 0.0060 0.0058 0.9756 0.0090 0.0036 
     AP.087P 22 0.0072 0.0048 0.9784 0.0059 0.0036 
     AP.087U 22 0.0092 0.0578 0.9027 0.0132 0.0171 
     AP.087X 22 0.0114 0.0113 0.9291 0.0404 0.0078 
     AP.0881 22 0.0224 0.0148 0.8984 0.0545 0.0098 
     AP.0882 22 0.0072 0.0425 0.7419 0.2049 0.0035 
     AP.0883 22 0.0030 0.0085 0.9694 0.0087 0.0103 
     AP.0884 22 0.0033 0.0079 0.9776 0.0079 0.0031 
     AP.0885 22 0.0075 0.0057 0.9715 0.0118 0.0035 
     AP.0887 22 0.0063 0.0224 0.9461 0.0217 0.0035 
     AP.0888 22 0.0211 0.0045 0.7245 0.0061 0.2437 
     AP.088A 22 0.0049 0.0047 0.9526 0.0346 0.0032 
     AP.088C 22 0.0091 0.1026 0.8767 0.0044 0.0072 
     AP.088J 22 0.0270 0.0078 0.9553 0.0047 0.0052 
     AP.088K 22 0.0038 0.0097 0.9781 0.0054 0.0030 
     AP.088L 22 0.0035 0.0083 0.9804 0.0049 0.0028 
     AP.088U 22 0.0137 0.0223 0.9288 0.0317 0.0034 
     AP.088X 22 0.0026 0.0217 0.9666 0.0060 0.0031 
     AP.08A0 22 0.0021 0.0043 0.9874 0.0034 0.0027 
     AP.08A1 22 0.0047 0.0065 0.9803 0.0050 0.0035 
     AP.08A3 22 0.0036 0.0052 0.9851 0.0030 0.0032 
     AP.08A4 22 0.0089 0.0899 0.8713 0.0193 0.0106 
     AP.08A5 22 0.0057 0.0053 0.9817 0.0047 0.0026 
     AP.08A6 22 0.0039 0.0039 0.9768 0.0081 0.0073 
     AP.08A8 22 0.0054 0.0064 0.9798 0.0053 0.0031 
     AP.08AC 22 0.0049 0.0112 0.9759 0.0034 0.0046 
     AP.08AH 22 0.0167 0.0150 0.9450 0.0181 0.0054 
     AP.08AJ 22 0.0034 0.0107 0.9740 0.0044 0.0075 
     AP.08AM 22 0.0034 0.0177 0.9660 0.0097 0.0032 
     AP.08AT 22 0.0025 0.0059 0.9815 0.0066 0.0036 
     AP.08AX 22 0.0022 0.0098 0.9813 0.0040 0.0027 
     CH.0LLP 22 0.0034 0.0072 0.9828 0.0031 0.0034 
     CH.0LM2 22 0.0032 0.0046 0.9842 0.0056 0.0024 
     CH.0LM4 22 0.0083 0.0053 0.9680 0.0155 0.0028 
     CH.0LM5 22 0.0045 0.0067 0.9711 0.0135 0.0041 
       M0102 22 0.0031 0.0049 0.9840 0.0040 0.0040 
       M023A 22 0.0022 0.0042 0.9714 0.0197 0.0024 
       M03MM 22 0.0072 0.0048 0.9702 0.0140 0.0037 
       M04PF 22 0.0024 0.0101 0.9768 0.0075 0.0031 
       M04XH 22 0.0314 0.0065 0.9336 0.0181 0.0103 
       M04XM 22 0.0035 0.0189 0.9683 0.0061 0.0032 
       M0557 22 0.0173 0.0045 0.9489 0.0239 0.0054 
       M055C 22 0.0045 0.0193 0.9200 0.0282 0.0279 
       M05JC 22 0.0103 0.0038 0.8788 0.1025 0.0047 
       M05PH 22 0.0828 0.0106 0.8918 0.0094 0.0054 
       M05X6 22 0.0031 0.0102 0.9587 0.0249 0.0031 
       M07TC 22 0.0033 0.0043 0.9735 0.0122 0.0068 
       M0A66 22 0.0045 0.0139 0.9737 0.0051 0.0028 
       M0EYT 22 0.0069 0.0152 0.9683 0.0066 0.0030 
       M0FF2 22 0.0026 0.0154 0.9737 0.0057 0.0026 
       M0HJ6 22 0.0137 0.0033 0.9647 0.0113 0.0069 
      HRV0JL 22 0.0024 0.0080 0.9835 0.0037 0.0024 
      HRV0JP 22 0.0268 0.2158 0.7442 0.0091 0.0040 
      HRV0KA 22 0.0081 0.0054 0.9777 0.0047 0.0040 
      HRV0LJ 22 0.0054 0.0215 0.9549 0.0109 0.0073 
      HRV0LM 22 0.0029 0.0104 0.9743 0.0085 0.0039 
      HRV0LP 22 0.0075 0.0138 0.9309 0.0403 0.0074 
       M0HJ8 22 0.0057 0.0169 0.9578 0.0163 0.0033 
       M0HM3 22 0.0075 0.0195 0.9616 0.0087 0.0027 
       M0J1X 22 0.0059 0.0046 0.9829 0.0034 0.0031 
       M0L32 22 0.0133 0.0987 0.8709 0.0113 0.0058 
       M0L8F 22 0.0030 0.0061 0.9581 0.0254 0.0074 
       M0LUH 22 0.0056 0.0061 0.9823 0.0027 0.0033 
       M0XPJ 22 0.0062 0.0151 0.9643 0.0111 0.0034 
       M0XTE 22 0.0072 0.0095 0.9601 0.0108 0.0125 
       M157H 22 0.0036 0.1908 0.7973 0.0057 0.0026 
       M16YU 22 0.0024 0.0143 0.9668 0.0140 0.0025 
       M1751 22 0.0028 0.0041 0.9857 0.0043 0.0031 
       M1C2H 22 0.0044 0.0055 0.9812 0.0062 0.0026 
       M1E60 22 0.0029 0.0045 0.9860 0.0040 0.0025 
       M1EKX 22 0.0031 0.0067 0.9748 0.0127 0.0027 
       M1EKY 22 0.0073 0.0063 0.9738 0.0096 0.0030 
       M1EL3 22 0.0069 0.0071 0.9691 0.0079 0.0090 
       M1ELC 22 0.0037 0.0084 0.9784 0.0052 0.0043 
       M1ELE 22 0.0033 0.0043 0.9857 0.0042 0.0026 
       M2AY0 22 0.0043 0.0082 0.9659 0.0157 0.0059 
       M2AY4 22 0.1153 0.0157 0.8498 0.0164 0.0028 
       M2AY5 22 0.0065 0.0068 0.9731 0.0093 0.0043 
       M2AY8 22 0.0535 0.0202 0.8841 0.0146 0.0275 
       M2C3A 22 0.0049 0.0195 0.9650 0.0073 0.0033 
       M2C3F 22 0.0170 0.0826 0.8765 0.0197 0.0041 
      HRV0ME 22 0.0126 0.0252 0.9492 0.0076 0.0054 
       M2CHJ 22 0.0047 0.0097 0.9573 0.0207 0.0077 
       M2CHM 22 0.0093 0.0093 0.9261 0.0142 0.0411 
       M2CHY 22 0.0208 0.0243 0.9352 0.0126 0.0071 
       W23E8 22 0.0037 0.0291 0.9543 0.0097 0.0033 
       W23EM 22 0.0030 0.0062 0.9816 0.0051 0.0041 
       W23EX 22 0.0038 0.0056 0.9806 0.0063 0.0037 
       W23F0 22 0.0025 0.0041 0.9855 0.0043 0.0035 
       W26L5 22 0.0033 0.2650 0.6969 0.0083 0.0265 
       W26LM 22 0.0044 0.0026 0.8982 0.0404 0.0543 
       W26MJ 22 0.0042 0.0120 0.9258 0.0079 0.0500 
       W26ML 22 0.0048 0.0031 0.9777 0.0117 0.0028 
       W26MT 22 0.0062 0.0036 0.9553 0.0322 0.0026 
       W26PE 22 0.0381 0.0054 0.9350 0.0110 0.0104 
       W26PJ 22 0.1233 0.0109 0.8204 0.0364 0.0091 
       W26PT 22 0.0048 0.0148 0.9747 0.0032 0.0025 
       W26PX 22 0.0046 0.0100 0.9735 0.0072 0.0048 
       W26T0 22 0.0057 0.0201 0.9671 0.0030 0.0041 
       W26TC 22 0.0035 0.0045 0.9863 0.0036 0.0021 
       W26TJ 22 0.0058 0.0069 0.9721 0.0089 0.0063 
       W26UE 22 0.0066 0.0137 0.9587 0.0164 0.0046 
       W26UF 22 0.0040 0.0159 0.9579 0.0189 0.0033 
       W26UL 22 0.0042 0.0094 0.9720 0.0031 0.0114 
       W26X2 22 0.0041 0.0090 0.9747 0.0086 0.0037 
       W2716 22 0.0094 0.0038 0.9606 0.0221 0.0042 
      HRV1C6 22 0.0029 0.0320 0.9566 0.0060 0.0025 
      HRV1CX 22 0.0035 0.0146 0.9643 0.0109 0.0067 
      HRV1E2 22 0.0079 0.0064 0.9764 0.0064 0.0028 
      HRV1E4 22 0.0037 0.0047 0.9748 0.0143 0.0024 
      HRV1E5 22 0.0034 0.0042 0.9819 0.0081 0.0024 
      HRV1EC 22 0.0044 0.0083 0.9720 0.0122 0.0031 
      HRV1EK 22 0.0091 0.0122 0.9680 0.0038 0.0068 
      HRV001 22 0.0218 0.0068 0.9336 0.0347 0.0031 
      HRV00H 22 0.0183 0.0032 0.9628 0.0126 0.0030 
      HRV00K 22 0.0088 0.0033 0.9752 0.0098 0.0029 
      HRV01X 22 0.0045 0.0542 0.9326 0.0045 0.0041 
      HRV025 22 0.0107 0.0222 0.9504 0.0113 0.0055 
      HRV028 22 0.0046 0.0538 0.9329 0.0046 0.0041 
      HRV041 22 0.0049 0.0050 0.9720 0.0147 0.0034 
      HRV04F 22 0.0062 0.0053 0.9774 0.0082 0.0029 
      HRV04L 22 0.0033 0.0085 0.9625 0.0232 0.0026 
      HRV055 22 0.0024 0.0049 0.9695 0.0207 0.0025 
      HRV05J 22 0.0024 0.0130 0.9772 0.0047 0.0027 
      HRV07J 22 0.0029 0.0449 0.9452 0.0046 0.0024 
      HRV07K 22 0.0032 0.1627 0.8116 0.0047 0.0177 
      HRV07L 22 0.0075 0.0087 0.9542 0.0058 0.0237 
      HRV07M 22 0.0033 0.0061 0.9777 0.0102 0.0026 
      HRV0HM 22 0.0125 0.0107 0.9647 0.0066 0.0055 
      HRV0J2 22 0.0031 0.0223 0.9693 0.0026 0.0027 
      HRV0K3 22 0.0096 0.0111 0.9688 0.0075 0.0030 
      HRV0KE 22 0.0037 0.0065 0.9812 0.0057 0.0029 
      HRV0KF 22 0.0055 0.0093 0.9734 0.0069 0.0049 
      HRV0KU 22 0.0035 0.0135 0.9704 0.0056 0.0070 
      HRV0L6 22 0.0063 0.0048 0.9817 0.0047 0.0026 
      HRV0M2 22 0.0039 0.0165 0.9626 0.0118 0.0052 
      HRV0MF 22 0.0024 0.0116 0.9742 0.0084 0.0034 
      HRV0MJ 22 0.0041 0.0903 0.8888 0.0092 0.0075 
      HRV1AT 22 0.0037 0.0043 0.9856 0.0035 0.0029 
      HRV1C1 22 0.0032 0.0045 0.9851 0.0035 0.0037 
      HRV1CL 22 0.0035 0.0068 0.9816 0.0049 0.0032 
      HRV1E1 22 0.0039 0.0040 0.9817 0.0075 0.0029 
      HRV1E7 22 0.0031 0.0063 0.9781 0.0090 0.0035 
      HRV1EE 22 0.0041 0.0053 0.9804 0.0074 0.0028 
      HRV1ET 22 0.0044 0.0054 0.9811 0.0064 0.0026 
         148 23 0.0095 0.0043 0.9723 0.0057 0.0082 
         149 23 0.0121 0.0073 0.9510 0.0262 0.0035 
         213 23 0.0080 0.0143 0.9683 0.0053 0.0041 
         215 23 0.0070 0.0070 0.9730 0.0095 0.0036 
         218 23 0.0031 0.0135 0.9752 0.0046 0.0036 
         219 23 0.0235 0.0096 0.8304 0.0080 0.1285 
         222 23 0.0075 0.0307 0.9026 0.0501 0.0092 
         224 23 0.0063 0.0697 0.8860 0.0269 0.0112 
         225 23 0.0201 0.0180 0.9280 0.0309 0.0030 
         229 23 0.0034 0.0038 0.9851 0.0043 0.0034 
         231 23 0.0033 0.0076 0.9755 0.0058 0.0078 
      HRV1CP 23 0.0042 0.0124 0.9516 0.0268 0.0050 
         239 23 0.0052 0.0162 0.9660 0.0087 0.0038 
         240 23 0.0043 0.0053 0.9816 0.0055 0.0033 
         243 23 0.0082 0.0901 0.8907 0.0074 0.0036 
         248 23 0.0031 0.0076 0.9813 0.0057 0.0023 
         250 23 0.0084 0.0042 0.9772 0.0075 0.0027 
         251 23 0.0034 0.0035 0.9767 0.0101 0.0063 
         256 23 0.0048 0.0037 0.9759 0.0119 0.0036 
         260 23 0.0098 0.0032 0.8404 0.1378 0.0088 
         261 23 0.0097 0.1088 0.8680 0.0055 0.0080 
         263 23 0.0790 0.0042 0.8987 0.0127 0.0055 
         284 23 0.0187 0.0100 0.9456 0.0219 0.0038 
         285 23 0.0127 0.0203 0.9495 0.0130 0.0044 
         286 23 0.0037 0.0033 0.9762 0.0077 0.0091 
         289 23 0.0181 0.0072 0.9552 0.0154 0.0041 
         291 23 0.0654 0.0146 0.9020 0.0142 0.0038 
         292 23 0.0148 0.0066 0.9546 0.0172 0.0069 
         293 23 0.0037 0.0173 0.9667 0.0058 0.0065 
      BF0001 23 0.0093 0.0031 0.9735 0.0071 0.0069 
      BF0002 23 0.0049 0.0412 0.9126 0.0087 0.0327 
       M2AY6 23 0.0090 0.0078 0.9689 0.0103 0.0040 
     Slov472 23 0.0036 0.0179 0.9695 0.0054 0.0036 
      BF0026 23 0.0290 0.0027 0.5705 0.3752 0.0227 
      BF0028 23 0.0057 0.0023 0.9679 0.0171 0.0070 
     CK.0PP5 23 0.0104 0.0147 0.9460 0.0221 0.0068 
     CK.0PP8 23 0.0043 0.0043 0.9329 0.0473 0.0112 
     CK.0PPC 23 0.0077 0.0071 0.6669 0.3017 0.0165 
     Slov166 23 0.0074 0.0028 0.9693 0.0174 0.0030 
     Slov189 23 0.0042 0.0071 0.9619 0.0116 0.0152 
     Slov196 23 0.0277 0.0036 0.9102 0.0488 0.0096 
     Slov204 23 0.0136 0.0042 0.9746 0.0052 0.0025 
      Slov24 23 0.0285 0.0042 0.8874 0.0742 0.0056 
      Slov26 23 0.0101 0.0292 0.7697 0.1776 0.0133 
      Slov33 23 0.0099 0.0041 0.9687 0.0151 0.0023 
     Slov447 23 0.0076 0.0047 0.7387 0.2444 0.0047 
     Slov449 23 0.0104 0.0109 0.9369 0.0205 0.0212 
     Slov492 23 0.0170 0.0036 0.8093 0.1666 0.0036 
      Slov56 23 0.0855 0.0054 0.2371 0.6686 0.0034 
       Slov7 23 0.1224 0.0073 0.8555 0.0064 0.0084 
      Slov70 23 0.0040 0.0507 0.9318 0.0093 0.0041 
      Slov75 23 0.0825 0.0037 0.9032 0.0072 0.0034 
      Slov78 23 0.0198 0.0066 0.9552 0.0119 0.0066 
      Slov85 23 0.0053 0.0134 0.9731 0.0053 0.0029 
      BF0003 23 0.0044 0.0110 0.9730 0.0083 0.0033 
      BF0004 23 0.0062 0.0077 0.9660 0.0155 0.0046 
      BF0005 23 0.2040 0.0033 0.7700 0.0164 0.0063 
      BF0006 23 0.0071 0.0043 0.9811 0.0042 0.0033 
      BF0007 23 0.0806 0.0142 0.8511 0.0499 0.0041 
      BF0008 23 0.0135 0.0034 0.9088 0.0665 0.0078 
      BF000A 23 0.0043 0.0034 0.9830 0.0064 0.0029 
      BF000C 23 0.0068 0.0056 0.9740 0.0095 0.0042 
      BF000E 23 0.0298 0.0104 0.8995 0.0246 0.0356 
      BF000F 23 0.0307 0.0036 0.9528 0.0070 0.0060 
      BF000H 23 0.0233 0.0077 0.9238 0.0430 0.0022 
      BF000J 23 0.0468 0.0090 0.9153 0.0262 0.0027 
      BF000K 23 0.0061 0.0041 0.9837 0.0031 0.0030 
      BF000L 23 0.0532 0.0045 0.7810 0.1551 0.0062 
      BF000M 24 0.0028 0.0072 0.9822 0.0044 0.0034 
      BF000P 24 0.0027 0.0072 0.9810 0.0055 0.0036 
      BF000T 24 0.0064 0.0072 0.9766 0.0042 0.0055 
      BF000U 24 0.0040 0.0113 0.9696 0.0095 0.0057 
      BF000X 24 0.0063 0.0048 0.9783 0.0072 0.0035 
      BF0010 24 0.0067 0.0031 0.9823 0.0058 0.0021 
      BF0011 24 0.0034 0.0075 0.9798 0.0056 0.0037 
      BF0012 24 0.1563 0.0035 0.8197 0.0098 0.0107 
      BF0013 24 0.0149 0.0115 0.9474 0.0110 0.0152 
      BF0014 24 0.0152 0.0138 0.9490 0.0166 0.0055 
      BF0015 24 0.0052 0.0054 0.9813 0.0048 0.0033 
      BF0016 24 0.0070 0.0077 0.9022 0.0736 0.0095 
      BF0017 24 0.0085 0.0024 0.9821 0.0031 0.0039 
      BF0018 24 0.0061 0.0142 0.9590 0.0176 0.0030 
      BF001A 24 0.0038 0.0031 0.9794 0.0053 0.0083 
      BF001C 24 0.0050 0.0052 0.9827 0.0040 0.0030 
      BF001E 24 0.0114 0.0088 0.9629 0.0133 0.0036 
      BF001F 24 0.1302 0.0041 0.8522 0.0086 0.0048 
      BF001H 24 0.0050 0.0031 0.9848 0.0037 0.0035 
      BF001J 24 0.0093 0.0061 0.9691 0.0127 0.0027 
      BF001K 24 0.0087 0.0063 0.9391 0.0425 0.0034 
      BF001L 24 0.0113 0.0108 0.8640 0.1075 0.0064 
      BF001M 24 0.0023 0.0127 0.9518 0.0297 0.0035 
      BF001P 24 0.0088 0.0257 0.9191 0.0433 0.0031 
      BF001T 24 0.0072 0.0049 0.9223 0.0620 0.0036 
      BF001U 24 0.0061 0.0035 0.9707 0.0060 0.0137 
      BF001X 24 0.0076 0.0029 0.9640 0.0220 0.0035 
      BF0020 24 0.0040 0.0062 0.9737 0.0051 0.0111 
      BF0022 24 0.0070 0.0035 0.9598 0.0088 0.0209 
      BF0023 24 0.0325 0.0221 0.9194 0.0176 0.0084 
      BF0025 24 0.0033 0.0110 0.9539 0.0251 0.0066 
       h0014 25 0.0035 0.0234 0.9522 0.0088 0.0121 
       h0024 25 0.0049 0.0222 0.9367 0.0307 0.0055 
       h0034 25 0.0730 0.0036 0.8958 0.0234 0.0043 
       h0044 25 0.0083 0.0065 0.9571 0.0250 0.0031 
       h0054 25 0.0045 0.0037 0.9792 0.0076 0.0050 
       h0064 25 0.0281 0.0091 0.9499 0.0071 0.0058 
       h0074 25 0.0067 0.0051 0.9569 0.0282 0.0032 
       h0084 25 0.0076 0.0065 0.9673 0.0121 0.0065 
       h0094 25 0.0032 0.0148 0.9624 0.0095 0.0102 
       h0104 25 0.0041 0.0035 0.9809 0.0074 0.0041 
       h0114 25 0.0050 0.0034 0.9755 0.0126 0.0035 
       h0124 25 0.0051 0.0031 0.9431 0.0392 0.0095 
       h0134 25 0.0493 0.0052 0.8212 0.1180 0.0063 
       h0144 25 0.0240 0.0046 0.9607 0.0068 0.0039 
       h0154 25 0.0044 0.0062 0.9646 0.0211 0.0037 
       h0164 25 0.0030 0.0110 0.9502 0.0305 0.0054 
       h0174 25 0.0112 0.0024 0.9610 0.0163 0.0091 
       h0184 25 0.0062 0.0060 0.9588 0.0258 0.0032 
       h0194 25 0.0102 0.0078 0.9732 0.0043 0.0044 
       h0204 25 0.0028 0.0078 0.9753 0.0102 0.0039 
       h0214 25 0.0034 0.0046 0.9699 0.0172 0.0049 
       h0224 25 0.0055 0.0112 0.9696 0.0077 0.0060 
       h0234 25 0.0077 0.0066 0.9768 0.0052 0.0038 
       h0244 25 0.0042 0.0040 0.9812 0.0075 0.0032 
       h0254 25 0.0105 0.0177 0.9530 0.0146 0.0042 
       h0264 25 0.0037 0.0032 0.9873 0.0033 0.0026 
       h0274 25 0.0044 0.0060 0.9795 0.0056 0.0045 
       h0284 25 0.0054 0.0027 0.9779 0.0104 0.0036 
       h0294 25 0.0066 0.0099 0.9488 0.0172 0.0175 
       h0304 25 0.0137 0.0053 0.9646 0.0135 0.0029 
       h0314 25 0.0045 0.0066 0.9692 0.0125 0.0072 
       h0324 25 0.0112 0.0196 0.9426 0.0232 0.0034 
       h0334 25 0.0118 0.0034 0.9665 0.0157 0.0026 
       h0344 25 0.0037 0.0043 0.9780 0.0089 0.0052 
       h0354 25 0.0059 0.0034 0.9855 0.0029 0.0022 
       h0364 25 0.1081 0.0024 0.8721 0.0135 0.0039 
       h0374 25 0.0052 0.0085 0.9664 0.0131 0.0067 
       h0384 25 0.0051 0.0049 0.9711 0.0107 0.0082 
       h0394 25 0.0073 0.0053 0.9774 0.0068 0.0033 
       h0404 25 0.0037 0.0099 0.8909 0.0885 0.0070 
       h0414 25 0.0052 0.0079 0.9679 0.0136 0.0054 
       h0424 25 0.0048 0.0107 0.9752 0.0047 0.0045 
       h0434 25 0.0392 0.0049 0.9446 0.0068 0.0044 
       h0444 25 0.0041 0.0058 0.9814 0.0047 0.0039 
       h0454 25 0.0082 0.0058 0.9727 0.0108 0.0026 
       h0464 25 0.0049 0.0025 0.9823 0.0057 0.0047 
       h0474 25 0.0295 0.0058 0.9337 0.0149 0.0161 
       h0484 25 0.0043 0.0107 0.9653 0.0071 0.0126 
       h0494 25 0.0118 0.0046 0.9543 0.0212 0.0081 
       h0504 25 0.0197 0.0045 0.9627 0.0039 0.0092 
       h0514 25 0.0158 0.0044 0.9720 0.0040 0.0037 
       h0524 25 0.0041 0.0060 0.9739 0.0103 0.0058 
       h0534 25 0.0023 0.0058 0.9874 0.0025 0.0020 
       h0544 25 0.0037 0.0034 0.9801 0.0072 0.0056 
       h0554 25 0.0027 0.0029 0.9828 0.0073 0.0043 
       h0564 25 0.0038 0.0033 0.9858 0.0037 0.0035 
       h0574 25 0.0047 0.0037 0.9848 0.0036 0.0032 
       h0584 25 0.0056 0.0044 0.9802 0.0055 0.0044 
       h0594 25 0.0050 0.0046 0.9741 0.0094 0.0069 
       h0604 25 0.0033 0.0051 0.9832 0.0049 0.0035 
       h0614 25 0.0150 0.0119 0.9486 0.0189 0.0055 
       h0624 25 0.0109 0.0046 0.9215 0.0591 0.0039 
       h0634 25 0.0117 0.0046 0.9732 0.0054 0.0052 
       h0644 25 0.0049 0.0166 0.9337 0.0394 0.0055 
       h0654 25 0.0027 0.0097 0.9769 0.0076 0.0031 
       h0664 25 0.0098 0.0058 0.9737 0.0068 0.0039 
       h0674 25 0.0055 0.0046 0.9720 0.0133 0.0045 
       h0684 25 0.0201 0.0036 0.9493 0.0171 0.0099 
       h0694 25 0.0174 0.0064 0.9656 0.0057 0.0049 
       h0704 25 0.0057 0.0090 0.9698 0.0101 0.0054 
       h0714 25 0.0041 0.0043 0.9798 0.0062 0.0056 
       h0724 25 0.0069 0.0217 0.9610 0.0073 0.0030 
       h0734 25 0.0064 0.0034 0.9832 0.0035 0.0035 
       h0744 25 0.0058 0.0161 0.8156 0.1518 0.0107 
       h0754 25 0.0033 0.0033 0.9853 0.0035 0.0046 
       h0764 25 0.0102 0.0126 0.9281 0.0455 0.0037 
       h0774 25 0.0031 0.0046 0.9775 0.0069 0.0079 
       h0784 25 0.0064 0.0134 0.9684 0.0074 0.0043 
       h0794 25 0.0040 0.0058 0.9822 0.0053 0.0027 
       h0804 25 0.0058 0.0026 0.9673 0.0213 0.0030 
       h0814 25 0.0043 0.0152 0.9722 0.0037 0.0046 
       h0824 25 0.0340 0.0043 0.9526 0.0040 0.0052 
       h0834 25 0.0069 0.0047 0.9484 0.0191 0.0209 
       h0844 25 0.0039 0.0034 0.9696 0.0173 0.0058 
       h0854 25 0.0024 0.0043 0.9840 0.0054 0.0040 
       h0864 25 0.0424 0.0087 0.9242 0.0211 0.0037 
       h0874 25 0.0048 0.0044 0.9834 0.0034 0.0039 
       h0884 25 0.0024 0.0046 0.9865 0.0036 0.0028 
       h0894 25 0.0029 0.0062 0.9807 0.0069 0.0033 
       h0904 25 0.0137 0.0027 0.9652 0.0127 0.0057 
       h0914 25 0.1025 0.0080 0.8818 0.0050 0.0027 
       h0924 25 0.0344 0.0049 0.9532 0.0047 0.0028 
       h0934 25 0.1340 0.0060 0.8157 0.0344 0.0099 
       h0944 25 0.0031 0.0060 0.9827 0.0045 0.0037 
       h0954 25 0.0196 0.0115 0.9584 0.0053 0.0052 
       h0964 25 0.0058 0.0123 0.9698 0.0045 0.0076 
       h0974 25 0.0112 0.0129 0.9634 0.0082 0.0042 
       h0984 25 0.0025 0.0035 0.9887 0.0029 0.0024 
       h0994 25 0.0061 0.0040 0.9268 0.0589 0.0043 
       h1004 25 0.0035 0.0022 0.9721 0.0103 0.0119 
       h1014 25 0.0156 0.0043 0.9707 0.0064 0.0030 
       h1024 25 0.0030 0.0042 0.9813 0.0061 0.0053 
       h1034 25 0.0060 0.0097 0.9241 0.0553 0.0048 
       h1044 25 0.0081 0.0076 0.9588 0.0189 0.0066 
       h1054 25 0.0057 0.0042 0.9830 0.0041 0.0030 
       h1064 25 0.0172 0.0046 0.9640 0.0087 0.0054 
       h1074 25 0.0067 0.0034 0.9779 0.0077 0.0044 
       h1084 25 0.0180 0.0038 0.9690 0.0064 0.0029 
       h1094 25 0.0030 0.0042 0.9862 0.0042 0.0025 
       h1104 25 0.0028 0.0069 0.9804 0.0054 0.0045 
       h1114 25 0.0067 0.0067 0.9752 0.0082 0.0032 
       h1124 25 0.0042 0.0060 0.9429 0.0443 0.0026 
       h1134 25 0.0065 0.0062 0.9366 0.0463 0.0043 
       h1144 25 0.0048 0.0042 0.9741 0.0138 0.0031 
       h1154 25 0.0046 0.0045 0.9827 0.0047 0.0035 
       h1164 25 0.0049 0.0062 0.7681 0.2154 0.0054 
       h1174 25 0.0030 0.0033 0.9756 0.0082 0.0099 
       h1184 25 0.0033 0.0072 0.9749 0.0113 0.0033 
       h1194 25 0.0326 0.0100 0.9434 0.0061 0.0079 
       h1204 25 0.0119 0.0045 0.9644 0.0165 0.0027 
       h1214 25 0.0070 0.0030 0.9827 0.0044 0.0029 
       h1224 25 0.0054 0.0059 0.9741 0.0086 0.0060 
       h1234 25 0.0042 0.0079 0.9792 0.0048 0.0039 
       h1244 25 0.0208 0.0073 0.9594 0.0057 0.0067 
       h1254 25 0.0041 0.0030 0.9821 0.0067 0.0041 
     CX.10JP 26 0.0043 0.0053 0.9829 0.0044 0.0032 
     CX.10JX 26 0.0390 0.0047 0.9414 0.0069 0.0080 
     CX.10K0 26 0.0075 0.0094 0.9606 0.0169 0.0056 
     CX.10K5 26 0.0132 0.0103 0.9348 0.0383 0.0033 
     CX.10K6 26 0.0051 0.0048 0.9811 0.0059 0.0031 
     CX.10K7 26 0.0112 0.0044 0.9746 0.0055 0.0043 
     CX.10KA 26 0.0331 0.0023 0.9495 0.0047 0.0104 
     CX.10KC 26 0.0032 0.0037 0.9348 0.0143 0.0440 
     CX.10KH 26 0.0090 0.0042 0.9303 0.0229 0.0336 
     CX.10KL 26 0.0086 0.0670 0.7955 0.1203 0.0085 
     CX.10KM 26 0.0064 0.0026 0.9819 0.0052 0.0040 
     CX.10KT 26 0.0108 0.0052 0.8392 0.1405 0.0044 
     CX.10KU 26 0.0081 0.0033 0.9772 0.0079 0.0035 
     CX.10KX 26 0.0087 0.0052 0.9768 0.0038 0.0054 
     CX.10L0 26 0.0046 0.0031 0.9793 0.0082 0.0048 
     CX.10L6 26 0.0291 0.0044 0.9465 0.0147 0.0053 
     CX.10L7 26 0.0097 0.0066 0.8571 0.1218 0.0048 
     CX.10L8 26 0.0149 0.0109 0.9520 0.0066 0.0156 
     CX.10LA 26 0.0087 0.0066 0.9756 0.0053 0.0038 
     CX.10LE 26 0.2868 0.0069 0.6848 0.0164 0.0052 
     CX.10LH 26 0.0094 0.0040 0.9759 0.0049 0.0058 
     CX.10LK 26 0.0046 0.0105 0.9751 0.0059 0.0039 
     CX.10LL 26 0.0189 0.0024 0.9681 0.0066 0.0040 
     CX.10LP 26 0.0386 0.0115 0.9272 0.0059 0.0168 
     CX.10LT 26 0.0074 0.0041 0.9597 0.0081 0.0208 
     CX.10LU 26 0.0044 0.0058 0.9793 0.0072 0.0034 
     CX.10M1 26 0.0041 0.0027 0.8697 0.1167 0.0068 
     CX.10M2 26 0.0163 0.0029 0.9733 0.0050 0.0025 
     CX.10M3 26 0.0053 0.0053 0.9770 0.0049 0.0074 
     CX.10M5 26 0.0056 0.0044 0.9802 0.0044 0.0054 
     CX.10M6 26 0.0188 0.0036 0.9651 0.0075 0.0050 
     CX.10M7 26 0.0029 0.0136 0.9478 0.0313 0.0044 
     CX.10M8 26 0.0066 0.0100 0.9509 0.0278 0.0047 
     CX.10P3 26 0.0139 0.0402 0.9044 0.0383 0.0031 
     CX.10P7 26 0.0068 0.0057 0.9734 0.0107 0.0033 
     CX.10PC 26 0.0058 0.0056 0.9812 0.0049 0.0025 
     CX.10PE 26 0.0188 0.0026 0.9704 0.0055 0.0027 
     CX.10PU 26 0.0058 0.0116 0.9695 0.0072 0.0058 
     CX.10PX 26 0.0079 0.0034 0.9305 0.0544 0.0038 
     CX.10T0 26 0.0069 0.0034 0.9756 0.0100 0.0041 
     CX.10T2 26 0.0056 0.0039 0.9724 0.0157 0.0024 
     CX.10JT 26 0.0063 0.0044 0.9714 0.0054 0.0125 
     CX.10JY 26 0.0479 0.0052 0.8464 0.0967 0.0037 
     CX.10K4 26 0.0097 0.0049 0.9612 0.0182 0.0060 
     CX.10KE 26 0.0762 0.0038 0.8716 0.0438 0.0046 
     CX.10KY 26 0.0039 0.0037 0.9805 0.0089 0.0030 
     CX.10L2 26 0.0039 0.0059 0.9782 0.0079 0.0041 
     CX.10L3 26 0.1510 0.0042 0.8324 0.0077 0.0047 
     CX.10LF 26 0.0071 0.0066 0.9567 0.0249 0.0047 
     CX.10LM 26 0.0048 0.0044 0.9816 0.0054 0.0038 
     CX.10LY 26 0.0237 0.0056 0.9418 0.0216 0.0073 
     CX.10M0 26 0.0032 0.0053 0.9785 0.0086 0.0045 
     CX.10MA 26 0.0134 0.0179 0.9323 0.0322 0.0041 
       h0015 27 0.0077 0.0054 0.9660 0.0137 0.0072 
       h0025 27 0.0065 0.0056 0.8667 0.1174 0.0038 
       h0035 27 0.0051 0.0066 0.9634 0.0206 0.0041 
       h0045 27 0.0085 0.0048 0.9770 0.0055 0.0042 
       h0055 27 0.0058 0.0037 0.9785 0.0089 0.0032 
       h0065 27 0.0051 0.0049 0.9806 0.0035 0.0059 
       h0075 27 0.0033 0.0058 0.9752 0.0129 0.0027 
       h0085 27 0.0049 0.0180 0.9425 0.0310 0.0037 
       h0095 27 0.0131 0.0116 0.9568 0.0147 0.0037 
       h0105 27 0.0173 0.0041 0.9713 0.0042 0.0032 
       h0115 27 0.1342 0.0057 0.8072 0.0063 0.0466 
       h0125 27 0.0051 0.0081 0.9779 0.0057 0.0032 
       h0135 27 0.0070 0.0583 0.8357 0.0960 0.0029 
       h0145 27 0.0146 0.0414 0.9050 0.0347 0.0042 
       h0155 27 0.0135 0.0033 0.9694 0.0060 0.0078 
       h0165 27 0.0027 0.0052 0.9793 0.0061 0.0067 
       h0175 27 0.0133 0.0183 0.9471 0.0168 0.0045 
       h0185 27 0.0140 0.0116 0.8037 0.1661 0.0047 
       h0195 27 0.0058 0.0033 0.9810 0.0062 0.0037 
       h0205 27 0.0100 0.0085 0.9353 0.0351 0.0110 
       h0215 27 0.0055 0.0034 0.9828 0.0058 0.0025 
       h0225 27 0.0039 0.0034 0.9810 0.0089 0.0028 
       h0235 27 0.0238 0.0043 0.9363 0.0304 0.0051 
       h0245 27 0.0931 0.0037 0.8843 0.0130 0.0059 
       h0255 27 0.0055 0.0069 0.9676 0.0163 0.0037 
       h0265 27 0.0049 0.0027 0.9839 0.0048 0.0036 
       h0275 27 0.0063 0.0064 0.9775 0.0073 0.0025 
       h0285 27 0.0096 0.0302 0.9507 0.0054 0.0041 
       h0295 27 0.0056 0.0051 0.9762 0.0098 0.0033 
       h0305 27 0.0085 0.0047 0.9639 0.0184 0.0046 
       h0315 27 0.0073 0.0103 0.9712 0.0071 0.0041 
       h0325 27 0.0066 0.0042 0.9691 0.0075 0.0127 
       h0335 27 0.0040 0.0035 0.9851 0.0045 0.0028 
       h0345 27 0.0079 0.0055 0.9769 0.0064 0.0033 
       h0355 27 0.0043 0.0052 0.9697 0.0136 0.0072 
       h0365 27 0.0149 0.0038 0.9677 0.0106 0.0030 
       h0375 27 0.0043 0.0100 0.9678 0.0129 0.0050 
       h0385 27 0.0051 0.0027 0.9729 0.0125 0.0069 
       h0395 27 0.0053 0.0048 0.9392 0.0473 0.0035 
       h0405 27 0.0173 0.0063 0.9687 0.0036 0.0042 
       h0415 27 0.0841 0.0033 0.8939 0.0147 0.0040 
       h0425 27 0.0035 0.0029 0.9864 0.0048 0.0023 
       h0435 27 0.0048 0.0048 0.8258 0.1608 0.0039 
       h0445 27 0.0154 0.0144 0.9193 0.0388 0.0122 
       h0455 27 0.0171 0.0048 0.9509 0.0200 0.0072 
       h0465 27 0.0070 0.0247 0.9516 0.0110 0.0057 
       h0475 27 0.0064 0.0051 0.9781 0.0060 0.0043 
       h0485 27 0.0082 0.0065 0.9384 0.0433 0.0037 
       h0495 27 0.0105 0.0065 0.9684 0.0080 0.0065 
       h0505 27 0.0106 0.0037 0.9530 0.0250 0.0077 
       h0515 27 0.0109 0.0244 0.9531 0.0082 0.0034 
       h0525 27 0.0029 0.0048 0.9693 0.0198 0.0032 
       h0535 27 0.0073 0.0033 0.9707 0.0159 0.0028 
       h0545 27 0.0046 0.0033 0.9798 0.0091 0.0033 
       h0555 27 0.0563 0.0043 0.5895 0.3427 0.0072 
       h0565 27 0.0038 0.0056 0.9809 0.0063 0.0034 
       h0575 27 0.0035 0.0074 0.9794 0.0066 0.0031 
       h0585 27 0.0070 0.0027 0.9764 0.0082 0.0058 
       h0595 27 0.0203 0.0038 0.9630 0.0073 0.0055 
       h0605 27 0.0127 0.0045 0.9055 0.0721 0.0053 
       h0615 27 0.0258 0.0032 0.9473 0.0178 0.0060 
       h0625 27 0.0083 0.0032 0.9804 0.0046 0.0035 
       h0635 27 0.0157 0.0056 0.9618 0.0113 0.0055 
       h0645 27 0.0072 0.0028 0.9571 0.0281 0.0047 
       h0655 27 0.0066 0.0062 0.9798 0.0046 0.0027 
       h0665 27 0.0241 0.0039 0.9295 0.0150 0.0276 
       h0675 27 0.0077 0.0034 0.9803 0.0039 0.0047 
       h0685 27 0.1504 0.0047 0.7533 0.0816 0.0100 
       h0695 27 0.0041 0.0029 0.9731 0.0169 0.0030 
       h0705 27 0.0100 0.0146 0.9504 0.0165 0.0085 
       h0715 27 0.0120 0.0037 0.9760 0.0044 0.0039 
       h0725 27 0.0215 0.0044 0.9597 0.0080 0.0064 
       h0735 27 0.0059 0.0041 0.9763 0.0107 0.0030 
       h0745 27 0.0809 0.0056 0.8478 0.0478 0.0179 
       h0755 27 0.0052 0.0050 0.9781 0.0038 0.0079 
       h0765 27 0.0090 0.0036 0.9550 0.0282 0.0042 
       h0775 27 0.0449 0.0047 0.9243 0.0137 0.0124 
       h0785 27 0.0102 0.0042 0.9723 0.0074 0.0059 
       h0795 27 0.0127 0.0054 0.9656 0.0127 0.0036 
       h0805 27 0.0051 0.0103 0.9702 0.0064 0.0080 
       h0815 27 0.0210 0.0047 0.9399 0.0294 0.0050 
       h0825 27 0.0036 0.0027 0.9875 0.0032 0.0032 
       h0835 27 0.0085 0.0035 0.9614 0.0177 0.0088 
       h0845 27 0.0091 0.0043 0.9757 0.0080 0.0028 
       h0855 27 0.0148 0.0046 0.8460 0.1295 0.0051 
       h0865 27 0.0160 0.0101 0.9586 0.0077 0.0077 
       h0875 27 0.0101 0.0055 0.9754 0.0048 0.0042 
       h0885 27 0.0120 0.0033 0.9680 0.0137 0.0030 
       h0895 27 0.0051 0.0049 0.8208 0.1660 0.0032 
       h0905 27 0.0282 0.0038 0.9504 0.0105 0.0071 
       h0915 27 0.1152 0.0054 0.8288 0.0332 0.0175 
       h0925 27 0.0086 0.0044 0.9743 0.0098 0.0028 
       h0935 27 0.0081 0.0055 0.9689 0.0130 0.0046 
       h0945 27 0.0033 0.0070 0.9830 0.0034 0.0034 
       h0955 27 0.0081 0.0100 0.9224 0.0549 0.0045 
       h0965 27 0.3176 0.0117 0.6431 0.0206 0.0070 
       h0975 27 0.0098 0.0037 0.9740 0.0070 0.0054 
       h0985 27 0.0308 0.0267 0.8389 0.0190 0.0846 
       h0995 27 0.0101 0.0045 0.9754 0.0066 0.0033 
       h1005 27 0.0088 0.0028 0.9811 0.0035 0.0039 
       h1015 27 0.0067 0.0091 0.9390 0.0416 0.0036 
       h1025 27 0.0064 0.0068 0.9625 0.0210 0.0034 
       h1035 27 0.0122 0.0063 0.9648 0.0115 0.0052 
       h1045 27 0.0114 0.0592 0.9113 0.0144 0.0037 
       h1055 27 0.0034 0.0071 0.9774 0.0088 0.0033 
       h1065 27 0.0053 0.0076 0.9782 0.0035 0.0054 
       h1075 27 0.0151 0.0044 0.9008 0.0764 0.0033 
       h1085 27 0.0171 0.0132 0.9320 0.0347 0.0030 
       h1095 27 0.0062 0.0032 0.9816 0.0042 0.0048 
       h1105 27 0.0038 0.0041 0.9801 0.0080 0.0040 
       h1115 27 0.3110 0.0047 0.6709 0.0085 0.0048 
       h1125 27 0.0093 0.0044 0.9751 0.0082 0.0031 
       h1135 27 0.0023 0.0069 0.9826 0.0056 0.0026 
       h1145 27 0.0359 0.0037 0.9398 0.0156 0.0050 
       h1155 27 0.0075 0.0155 0.9562 0.0165 0.0043 
       h1165 27 0.0060 0.0041 0.9738 0.0117 0.0045 
       h1175 27 0.0153 0.0092 0.9298 0.0411 0.0046 
       h1185 27 0.0062 0.0045 0.9819 0.0045 0.0028 
       h1195 27 0.0053 0.0024 0.9742 0.0092 0.0089 
       h1205 27 0.0158 0.0029 0.9574 0.0199 0.0039 
       h1215 27 0.0028 0.0027 0.9850 0.0066 0.0029 
       h1225 27 0.0044 0.0027 0.9791 0.0038 0.0099 
       h1235 27 0.0054 0.0044 0.9686 0.0182 0.0035 
       h1245 27 0.0118 0.0029 0.9767 0.0049 0.0036 
       h1255 27 0.0077 0.0144 0.9628 0.0088 0.0063 
     CK.0PLA 28 0.0033 0.9800 0.0050 0.0078 0.0039 
     CK.0PLC 28 0.0035 0.9784 0.0075 0.0061 0.0044 
     CK.0PLE 28 0.0042 0.9856 0.0041 0.0036 0.0025 
     CK.0PLF 28 0.0120 0.9316 0.0295 0.0135 0.0134 
     CK.0PLH 28 0.0032 0.9852 0.0035 0.0048 0.0033 
     CK.0PLJ 28 0.0055 0.9732 0.0159 0.0023 0.0032 
     CK.0PLK 28 0.0024 0.9886 0.0030 0.0040 0.0021 
     CK.0PLL 28 0.0035 0.9859 0.0043 0.0028 0.0035 
     CK.0PLM 28 0.0045 0.9855 0.0034 0.0040 0.0026 
     CK.0PLP 28 0.0029 0.9874 0.0038 0.0030 0.0029 
     CK.0PLT 28 0.0020 0.9912 0.0025 0.0024 0.0019 
     CK.0PLU 28 0.0028 0.9880 0.0033 0.0033 0.0027 
     CK.0PLX 28 0.0040 0.9718 0.0046 0.0148 0.0049 
     CK.0PLY 28 0.0021 0.9910 0.0025 0.0025 0.0019 
     CK.0PM0 28 0.0025 0.9872 0.0036 0.0042 0.0025 
     CK.0PM1 28 0.0022 0.9898 0.0027 0.0032 0.0021 
     CK.0PM2 28 0.0093 0.9819 0.0034 0.0027 0.0027 
     CK.0PM3 28 0.0021 0.9891 0.0029 0.0029 0.0029 
     CK.0PM4 28 0.0031 0.9864 0.0039 0.0032 0.0035 
     CK.0PM7 28 0.0026 0.9889 0.0033 0.0030 0.0023 
     CK.0PM8 28 0.0023 0.9902 0.0028 0.0027 0.0020 
     CK.0PMA 28 0.0058 0.9823 0.0040 0.0039 0.0040 
       M2C06 28 0.0023 0.9901 0.0031 0.0023 0.0023 
       M2C07 28 0.0019 0.9919 0.0021 0.0023 0.0018 
       M2C08 28 0.0018 0.9925 0.0021 0.0018 0.0018 
       M2C0A 28 0.0031 0.9893 0.0028 0.0024 0.0024 
       M2C0C 28 0.0024 0.9895 0.0031 0.0029 0.0021 
       M2C0E 28 0.0020 0.9907 0.0026 0.0024 0.0023 
       h0012 29 0.0019 0.9912 0.0028 0.0022 0.0020 
       h0022 29 0.0019 0.9878 0.0030 0.0044 0.0030 
       h0032 29 0.0017 0.9918 0.0028 0.0019 0.0017 
       h0042 29 0.0019 0.9913 0.0022 0.0025 0.0020 
       h0052 29 0.0022 0.9898 0.0029 0.0024 0.0026 
       h0062 29 0.0019 0.9914 0.0026 0.0021 0.0020 
       h0072 29 0.0016 0.9923 0.0021 0.0022 0.0018 
       h0082 29 0.0023 0.9901 0.0031 0.0025 0.0019 
       h0092 29 0.0025 0.9863 0.0035 0.0046 0.0031 
       h0102 29 0.0042 0.9851 0.0043 0.0033 0.0030 
       h0112 29 0.0022 0.9907 0.0025 0.0024 0.0022 
       h0122 29 0.0023 0.9899 0.0031 0.0026 0.0021 
       h0132 29 0.0029 0.9869 0.0035 0.0029 0.0038 
       h0142 29 0.0032 0.9771 0.0060 0.0033 0.0104 
       h0152 29 0.0020 0.9909 0.0029 0.0025 0.0018 
       h0162 29 0.0035 0.9877 0.0030 0.0036 0.0023 
       h0172 29 0.0023 0.9869 0.0031 0.0040 0.0037 
       h0182 29 0.0023 0.9885 0.0033 0.0030 0.0028 
       h0192 29 0.0020 0.9908 0.0030 0.0023 0.0019 
       h0202 29 0.0026 0.9902 0.0028 0.0024 0.0020 
       h0212 29 0.0067 0.9827 0.0034 0.0030 0.0041 
       h0222 29 0.0023 0.9908 0.0026 0.0023 0.0020 
       h0232 29 0.0020 0.9914 0.0023 0.0024 0.0020 
       h0242 29 0.0037 0.9828 0.0051 0.0057 0.0027 
       h0252 29 0.0062 0.9811 0.0055 0.0046 0.0025 
       h0262 29 0.0025 0.9854 0.0045 0.0049 0.0026 
       h0272 29 0.0021 0.9895 0.0038 0.0025 0.0022 
       h0282 29 0.0020 0.9906 0.0027 0.0025 0.0021 
       h0292 29 0.0026 0.9889 0.0028 0.0030 0.0028 
       h0302 29 0.0024 0.9900 0.0031 0.0023 0.0023 
       h0312 29 0.0022 0.9887 0.0040 0.0023 0.0028 
       h0322 29 0.0047 0.9666 0.0075 0.0173 0.0039 
       h0332 29 0.0022 0.9888 0.0034 0.0025 0.0031 
       h0342 29 0.0020 0.9885 0.0029 0.0036 0.0029 
       h0352 29 0.0037 0.9875 0.0033 0.0030 0.0024 
       h0362 29 0.0043 0.9858 0.0029 0.0039 0.0030 
       h0372 29 0.0020 0.9893 0.0033 0.0033 0.0020 
       h0382 29 0.0027 0.9875 0.0029 0.0036 0.0033 
       h0392 29 0.0024 0.9845 0.0047 0.0035 0.0050 
       h0402 29 0.0022 0.9902 0.0027 0.0028 0.0021 
       h0412 29 0.0060 0.9700 0.0107 0.0074 0.0059 
       h0422 29 0.0022 0.9902 0.0023 0.0030 0.0022 
       h0432 29 0.0031 0.9786 0.0071 0.0086 0.0026 
       h0442 29 0.0021 0.9903 0.0027 0.0022 0.0027 
       h0452 29 0.0032 0.9866 0.0033 0.0031 0.0038 
       h0462 29 0.0058 0.9671 0.0126 0.0089 0.0055 
       h0472 29 0.0030 0.9872 0.0035 0.0034 0.0029 
       h0482 29 0.0024 0.9882 0.0034 0.0035 0.0025 
       h0492 29 0.0060 0.9836 0.0046 0.0028 0.0030 
       h0502 29 0.0024 0.9880 0.0040 0.0025 0.0032 
       h0512 29 0.0066 0.9526 0.0208 0.0160 0.0041 
       h0522 29 0.0030 0.9870 0.0046 0.0028 0.0027 
       h0532 29 0.0140 0.9728 0.0043 0.0031 0.0058 
       h0542 29 0.0026 0.9874 0.0034 0.0045 0.0021 
       h0552 29 0.0026 0.9879 0.0042 0.0030 0.0023 
       h0562 29 0.0028 0.9878 0.0032 0.0038 0.0024 
       h0572 29 0.0023 0.9906 0.0027 0.0023 0.0021 
       h0582 29 0.0026 0.9889 0.0030 0.0034 0.0022 
       h0592 29 0.0040 0.9843 0.0034 0.0049 0.0034 
       h0602 29 0.0019 0.9879 0.0032 0.0033 0.0037 
       h0612 29 0.0029 0.9900 0.0025 0.0026 0.0020 
       h0622 29 0.0073 0.9764 0.0055 0.0036 0.0071 
       h0632 29 0.0036 0.9868 0.0037 0.0023 0.0035 
       h0642 29 0.0021 0.9910 0.0028 0.0021 0.0019 
       h0652 29 0.0023 0.9909 0.0028 0.0022 0.0019 
       h0662 29 0.0019 0.9908 0.0030 0.0020 0.0023 
       h0672 29 0.0041 0.9843 0.0037 0.0051 0.0027 
       h0682 29 0.0064 0.9823 0.0029 0.0025 0.0059 
       h0692 29 0.0028 0.9894 0.0026 0.0027 0.0024 
       h0702 29 0.0051 0.9808 0.0050 0.0054 0.0037 
       h0712 29 0.0055 0.9860 0.0025 0.0032 0.0027 
       h0722 29 0.0028 0.9845 0.0042 0.0047 0.0038 
       h0732 29 0.0026 0.9856 0.0039 0.0062 0.0017 
       h0742 29 0.0026 0.9877 0.0030 0.0044 0.0023 
       h0752 29 0.0021 0.9905 0.0026 0.0023 0.0024 
       h0762 29 0.0027 0.9903 0.0030 0.0020 0.0020 
       h0772 29 0.0031 0.9881 0.0036 0.0030 0.0023 
       h0782 29 0.0027 0.9886 0.0034 0.0026 0.0028 
       h0792 29 0.0031 0.9893 0.0029 0.0026 0.0021 
       h0802 29 0.0019 0.9891 0.0030 0.0033 0.0026 
       h0812 29 0.0104 0.9780 0.0040 0.0038 0.0038 
       h0822 29 0.0026 0.9870 0.0049 0.0030 0.0025 
       h0832 29 0.0021 0.9900 0.0033 0.0024 0.0021 
       h0842 29 0.0026 0.9898 0.0031 0.0022 0.0023 
       h0852 29 0.0019 0.9912 0.0026 0.0022 0.0020 
       h0862 29 0.0053 0.9853 0.0036 0.0032 0.0026 
       h0872 29 0.0026 0.9893 0.0026 0.0023 0.0032 
       h0882 29 0.0022 0.9909 0.0024 0.0026 0.0020 
       h0892 29 0.0021 0.9906 0.0028 0.0029 0.0016 
       h0902 29 0.0048 0.9821 0.0051 0.0047 0.0033 
       h0912 29 0.0034 0.9882 0.0029 0.0027 0.0027 
       h0922 29 0.0030 0.9854 0.0041 0.0040 0.0036 
       h0932 29 0.0044 0.9796 0.0056 0.0058 0.0046 
       h0942 29 0.0032 0.9862 0.0037 0.0034 0.0035 
       h0952 29 0.0031 0.9850 0.0044 0.0039 0.0036 
       h0962 29 0.0022 0.9896 0.0032 0.0028 0.0022 
       h0972 29 0.0020 0.9898 0.0026 0.0037 0.0018 
       h0982 29 0.0042 0.9874 0.0029 0.0021 0.0033 
       h0992 29 0.0021 0.9904 0.0030 0.0028 0.0018 
       h1002 29 0.0019 0.9901 0.0029 0.0028 0.0022 
       h1012 29 0.0018 0.9922 0.0023 0.0019 0.0019 
       h1022 29 0.0089 0.9773 0.0051 0.0048 0.0040 
       h1032 29 0.0020 0.9896 0.0031 0.0027 0.0027 
       h1042 29 0.0029 0.9879 0.0034 0.0031 0.0026 
       h1052 29 0.0035 0.9855 0.0037 0.0039 0.0033 
       h1062 29 0.0038 0.9856 0.0036 0.0030 0.0040 
       h1072 29 0.0023 0.9884 0.0026 0.0035 0.0032 
       h1082 29 0.0025 0.9852 0.0039 0.0049 0.0036 
       h1092 29 0.0019 0.9913 0.0023 0.0023 0.0021 
       h1102 29 0.0029 0.9891 0.0034 0.0021 0.0025 
       h1112 29 0.0070 0.9735 0.0040 0.0106 0.0050 
       h1122 29 0.0022 0.9828 0.0055 0.0051 0.0043 
       h1132 29 0.0019 0.9910 0.0028 0.0025 0.0017 
       h1142 29 0.0029 0.9843 0.0048 0.0036 0.0044 
       h1152 29 0.0025 0.9893 0.0034 0.0020 0.0028 
       h1162 29 0.0040 0.9856 0.0048 0.0033 0.0023 
       h1172 29 0.0021 0.9903 0.0027 0.0024 0.0025 
       h1182 29 0.0033 0.9902 0.0023 0.0024 0.0019 
       h1192 29 0.0024 0.9878 0.0035 0.0039 0.0024 
       h1202 29 0.0027 0.9893 0.0027 0.0029 0.0024 
       h1212 29 0.0017 0.9907 0.0028 0.0024 0.0024 
       h1222 29 0.0021 0.9907 0.0023 0.0027 0.0022 
       h1232 29 0.0019 0.9910 0.0025 0.0028 0.0018 
       h1242 29 0.0024 0.9873 0.0039 0.0035 0.0030 
       h1252 29 0.0021 0.9875 0.0031 0.0050 0.0023 
       h1262 29 0.0026 0.9848 0.0032 0.0057 0.0037 
       h1272 29 0.0134 0.9630 0.0072 0.0086 0.0078 
       h1282 29 0.0033 0.9830 0.0043 0.0054 0.0040 
       h1292 29 0.0020 0.9906 0.0026 0.0026 0.0021 
       h1302 29 0.0050 0.9865 0.0027 0.0024 0.0034 
       h1312 29 0.0021 0.9907 0.0028 0.0021 0.0023 
       h1322 29 0.0028 0.9895 0.0027 0.0031 0.0021 
       h1332 29 0.0051 0.9762 0.0061 0.0069 0.0056 
       h1342 29 0.0025 0.9891 0.0034 0.0027 0.0023 
       h1352 29 0.0025 0.9880 0.0026 0.0037 0.0032 
       h1362 29 0.0025 0.9845 0.0055 0.0028 0.0047 
       h1372 29 0.0020 0.9909 0.0028 0.0021 0.0022 
       h1382 29 0.0027 0.9883 0.0034 0.0029 0.0027 
       h1392 29 0.0032 0.9871 0.0036 0.0025 0.0035 
       h1402 29 0.0035 0.9880 0.0040 0.0024 0.0021 
       h1412 29 0.0025 0.9899 0.0028 0.0027 0.0021 
       h1422 29 0.0020 0.9908 0.0026 0.0027 0.0018 
       h1432 29 0.0023 0.9869 0.0039 0.0039 0.0029 
       h1442 29 0.0018 0.9911 0.0028 0.0021 0.0022 
       h1452 29 0.0041 0.9841 0.0037 0.0048 0.0033 
       h1462 29 0.0019 0.9900 0.0025 0.0031 0.0025 
       h1472 29 0.0018 0.9890 0.0039 0.0029 0.0025 
       h1482 29 0.0023 0.9898 0.0032 0.0022 0.0025 
       h1492 29 0.0019 0.9912 0.0025 0.0022 0.0023 
       h1502 29 0.0067 0.9804 0.0061 0.0037 0.0031 
       h1512 29 0.0088 0.9704 0.0073 0.0078 0.0057 
       h1522 29 0.0020 0.9907 0.0026 0.0026 0.0021 
       h1532 29 0.0031 0.9873 0.0036 0.0028 0.0032 
       h1542 29 0.0029 0.9881 0.0030 0.0026 0.0034 
       h1552 29 0.0022 0.9912 0.0025 0.0021 0.0020 
       h1562 29 0.0025 0.9886 0.0038 0.0032 0.0020 
       h1572 29 0.0023 0.9874 0.0032 0.0046 0.0024 
       h1582 29 0.0042 0.9837 0.0042 0.0053 0.0026 
       h1592 29 0.0021 0.9871 0.0061 0.0023 0.0023 
       h1602 29 0.0028 0.9885 0.0033 0.0029 0.0025 
       h1612 29 0.0043 0.9792 0.0043 0.0093 0.0029 
       h1622 29 0.0030 0.9888 0.0029 0.0025 0.0028 
       h1632 29 0.0108 0.9783 0.0035 0.0037 0.0037 
       h1642 29 0.0025 0.9878 0.0033 0.0025 0.0039 
       h1652 29 0.0023 0.9895 0.0032 0.0030 0.0020 
       h1662 29 0.0028 0.9898 0.0029 0.0021 0.0024 
       h1672 29 0.0020 0.9909 0.0026 0.0024 0.0021 
       h1682 29 0.0024 0.9899 0.0030 0.0026 0.0021 
       h1692 29 0.0023 0.9889 0.0037 0.0026 0.0025 
       h1702 29 0.0024 0.9867 0.0044 0.0032 0.0033 
       h1712 29 0.0040 0.9848 0.0043 0.0031 0.0039 
       h1722 29 0.0053 0.9736 0.0086 0.0092 0.0033 
       h1732 29 0.0019 0.9910 0.0027 0.0021 0.0023 
       h1742 29 0.0037 0.9832 0.0036 0.0066 0.0028 
       h1752 29 0.0018 0.9859 0.0043 0.0053 0.0027 
       h1762 29 0.0036 0.9727 0.0090 0.0106 0.0042 
       h1772 29 0.0030 0.9885 0.0029 0.0031 0.0026 
       h1782 29 0.0021 0.9912 0.0022 0.0021 0.0025 
       h1792 29 0.0042 0.9858 0.0036 0.0042 0.0022 
       h1802 29 0.0023 0.9886 0.0035 0.0029 0.0027 
       h1812 29 0.0043 0.9846 0.0042 0.0036 0.0033 
       h1822 29 0.0018 0.9912 0.0028 0.0023 0.0019 
       h1832 29 0.0027 0.9895 0.0030 0.0027 0.0021 
       h1842 29 0.0031 0.9881 0.0035 0.0026 0.0027 
       h1852 29 0.0050 0.9761 0.0055 0.0108 0.0026 
       h1862 29 0.0019 0.9912 0.0023 0.0023 0.0023 
       h1872 29 0.0070 0.9710 0.0086 0.0081 0.0052 
       h1882 29 0.0033 0.9884 0.0027 0.0026 0.0030 
       h1892 29 0.0025 0.9874 0.0046 0.0027 0.0029 
       h1902 29 0.0020 0.9896 0.0034 0.0024 0.0026 
       h1912 29 0.0026 0.9866 0.0044 0.0035 0.0028 
       h1922 29 0.0027 0.9876 0.0036 0.0037 0.0024 
       h1932 29 0.0019 0.9900 0.0031 0.0028 0.0022 
       h1942 29 0.0022 0.9898 0.0034 0.0023 0.0023 
       h1952 29 0.0020 0.9894 0.0031 0.0033 0.0022 
       h1962 29 0.0029 0.9881 0.0024 0.0044 0.0023 
       h1972 29 0.0169 0.9673 0.0055 0.0066 0.0037 
       h1982 29 0.0038 0.9875 0.0031 0.0028 0.0028 
       h1992 29 0.0020 0.9910 0.0027 0.0024 0.0020 
       h2002 29 0.0030 0.9895 0.0030 0.0024 0.0021 
       h2011 29 0.0064 0.9628 0.0086 0.0184 0.0038 
       h2021 29 0.0024 0.9890 0.0035 0.0025 0.0026 
       h2031 29 0.0031 0.9877 0.0027 0.0038 0.0026 
       h2041 29 0.0019 0.9907 0.0030 0.0027 0.0017 
       h2051 29 0.0026 0.9873 0.0032 0.0037 0.0032 
       h2061 29 0.0029 0.9838 0.0069 0.0031 0.0033 
       h2071 29 0.0022 0.9889 0.0036 0.0030 0.0022 
       h2081 29 0.0026 0.9865 0.0037 0.0040 0.0032 
       h2091 29 0.0024 0.9903 0.0027 0.0025 0.0021 
       h2101 29 0.0019 0.9913 0.0024 0.0021 0.0023 
       h2111 29 0.0024 0.9886 0.0035 0.0034 0.0021 
       h2121 29 0.0020 0.9894 0.0028 0.0037 0.0021 
       h2131 29 0.0019 0.9907 0.0025 0.0027 0.0022 
       h2141 29 0.0025 0.9892 0.0028 0.0032 0.0022 
       h2151 29 0.0083 0.9661 0.0086 0.0119 0.0051 
       h2161 29 0.0026 0.9896 0.0027 0.0028 0.0022 
       h2171 29 0.0026 0.9906 0.0028 0.0020 0.0021 
       h2181 29 0.0024 0.9902 0.0024 0.0025 0.0025 
       h2191 29 0.0017 0.9918 0.0024 0.0025 0.0017 
       h2201 29 0.0018 0.9898 0.0033 0.0025 0.0025 
       h2211 29 0.0026 0.9833 0.0061 0.0041 0.0038 
       h2221 29 0.0030 0.9884 0.0027 0.0035 0.0025 
       h2231 29 0.0023 0.9910 0.0026 0.0020 0.0021 
       h2241 29 0.0028 0.9879 0.0039 0.0029 0.0025 
       h2251 29 0.0025 0.9898 0.0030 0.0025 0.0023 
       h2261 29 0.0029 0.9865 0.0037 0.0041 0.0028 
       h2271 29 0.0048 0.9845 0.0045 0.0029 0.0032 
       h2281 29 0.0027 0.9896 0.0034 0.0026 0.0017 
       h2291 29 0.0031 0.9840 0.0052 0.0031 0.0046 
       h2301 29 0.0041 0.9873 0.0029 0.0027 0.0030 
       h2311 29 0.0032 0.9884 0.0029 0.0029 0.0025 
       h2321 29 0.0019 0.9907 0.0027 0.0025 0.0023 
       h2331 29 0.0115 0.9538 0.0056 0.0254 0.0037 
       h2341 29 0.0037 0.9851 0.0035 0.0036 0.0042 
       h2351 29 0.0067 0.9820 0.0040 0.0049 0.0024 
       h2361 29 0.0032 0.9818 0.0066 0.0054 0.0029 
       h2371 29 0.0017 0.9913 0.0030 0.0020 0.0020 
       h2381 29 0.0021 0.9896 0.0031 0.0027 0.0026 
       h2391 29 0.0018 0.9900 0.0036 0.0024 0.0021 
       h2401 29 0.0023 0.9907 0.0024 0.0021 0.0025 
       h2411 29 0.0021 0.9899 0.0027 0.0028 0.0025 
       h2421 29 0.0047 0.9859 0.0040 0.0024 0.0030 
       h2431 29 0.0018 0.9920 0.0023 0.0021 0.0018 
       h2441 29 0.0021 0.9863 0.0041 0.0043 0.0032 
       h2451 29 0.0030 0.9869 0.0038 0.0028 0.0034 
       h2461 29 0.0030 0.9879 0.0033 0.0022 0.0036 
       h2471 29 0.0036 0.9879 0.0029 0.0036 0.0019 
       h2481 29 0.0024 0.9909 0.0023 0.0019 0.0025 
       h2491 29 0.0055 0.9827 0.0059 0.0031 0.0029 
       h2501 29 0.0027 0.9883 0.0025 0.0040 0.0025 
       h2511 29 0.0028 0.9864 0.0030 0.0052 0.0027 
       h2521 29 0.0039 0.9875 0.0027 0.0032 0.0028 
       h2531 29 0.0023 0.9901 0.0034 0.0022 0.0020 
       h2541 29 0.0021 0.9908 0.0026 0.0023 0.0022 
       h2551 29 0.0035 0.9825 0.0047 0.0047 0.0046 
       h2561 29 0.0051 0.9855 0.0038 0.0028 0.0028 
       h2571 29 0.0021 0.9850 0.0040 0.0063 0.0026 
       h2581 29 0.0047 0.9864 0.0036 0.0030 0.0023 
       h2591 29 0.0037 0.9868 0.0042 0.0027 0.0025 
       h2601 29 0.0032 0.9889 0.0031 0.0022 0.0026 
       h2611 29 0.0024 0.9892 0.0035 0.0026 0.0022 
       h2621 29 0.0032 0.9877 0.0033 0.0037 0.0021 
       h2631 29 0.0062 0.9838 0.0044 0.0028 0.0028 
       h2641 29 0.0075 0.9620 0.0145 0.0089 0.0071 
       h2651 29 0.0029 0.9896 0.0031 0.0023 0.0021 
       h2661 29 0.0045 0.9858 0.0037 0.0030 0.0030 
       h2671 29 0.0021 0.9907 0.0027 0.0025 0.0020 
       h2681 29 0.0020 0.9913 0.0024 0.0021 0.0022 
       h2691 29 0.0024 0.9865 0.0036 0.0041 0.0033 
       h2701 29 0.0027 0.9868 0.0049 0.0037 0.0020 
       h2711 29 0.0019 0.9875 0.0034 0.0028 0.0043 
       h2721 29 0.0035 0.9860 0.0040 0.0035 0.0030 
       h2731 29 0.0025 0.9884 0.0035 0.0026 0.0030 
       h2741 29 0.0037 0.9811 0.0043 0.0061 0.0047 
       h2751 29 0.0022 0.9894 0.0030 0.0031 0.0022 
       h2761 29 0.0028 0.9887 0.0031 0.0028 0.0028 
       h2771 29 0.0027 0.9862 0.0039 0.0041 0.0031 
       h2781 29 0.0134 0.9700 0.0063 0.0066 0.0037 
       h2791 29 0.0040 0.9812 0.0042 0.0079 0.0026 
       h2801 29 0.0046 0.9856 0.0042 0.0024 0.0033 
       h2811 29 0.0037 0.9553 0.0077 0.0265 0.0068 
       h2821 29 0.0167 0.9632 0.0063 0.0096 0.0042 
       h2831 29 0.0021 0.9888 0.0036 0.0023 0.0032 
       h2841 29 0.0028 0.9863 0.0035 0.0026 0.0048 
       h2851 29 0.0041 0.9842 0.0038 0.0035 0.0044 
       h2861 29 0.0020 0.9875 0.0029 0.0041 0.0035 
       h2871 29 0.0027 0.9889 0.0041 0.0021 0.0021 
       h2881 29 0.0032 0.9870 0.0041 0.0033 0.0025 
       h2891 29 0.0027 0.9891 0.0026 0.0032 0.0025 
       h2901 29 0.0051 0.9832 0.0046 0.0036 0.0036 
       h2911 29 0.0019 0.9918 0.0025 0.0022 0.0017 
       h2921 29 0.0020 0.9905 0.0031 0.0027 0.0016 
       h2931 29 0.0085 0.9830 0.0034 0.0027 0.0024 
       h2941 29 0.0072 0.9794 0.0041 0.0059 0.0035 
       h2951 29 0.0035 0.9882 0.0031 0.0024 0.0026 
       h2961 29 0.0036 0.9833 0.0050 0.0034 0.0047 
       h2971 29 0.0038 0.9802 0.0054 0.0051 0.0056 
       h2981 29 0.0019 0.9890 0.0037 0.0029 0.0024 
       h2991 29 0.0038 0.9865 0.0040 0.0026 0.0030 
       h3001 29 0.0020 0.9901 0.0029 0.0027 0.0023 
     EF.15EU 30 0.9893 0.0032 0.0026 0.0026 0.0023 
     EF.15EE 30 0.9898 0.0025 0.0025 0.0030 0.0022 
     EF.15EF 30 0.9797 0.0043 0.0046 0.0084 0.0029 
     EF.15EH 30 0.9900 0.0019 0.0028 0.0027 0.0027 
     EF.15EJ 30 0.9535 0.0028 0.0053 0.0344 0.0040 
     EF.15EK 30 0.9905 0.0022 0.0022 0.0027 0.0024 
     EF.15EL 30 0.9882 0.0028 0.0025 0.0024 0.0040 
     EF.15EM 30 0.9871 0.0024 0.0031 0.0047 0.0027 
     EF.15EP 30 0.9865 0.0034 0.0027 0.0045 0.0030 
     EF.15ET 30 0.9883 0.0028 0.0023 0.0031 0.0035 
     EF.15EX 30 0.9901 0.0020 0.0027 0.0026 0.0026 
     EF.15F0 30 0.9888 0.0027 0.0028 0.0032 0.0024 
     EF.15F1 30 0.9843 0.0026 0.0049 0.0044 0.0038 
     EF.15F2 30 0.9898 0.0028 0.0021 0.0028 0.0024 
     EF.15F3 30 0.9877 0.0025 0.0031 0.0037 0.0030 
     EF.15F4 30 0.9916 0.0021 0.0020 0.0024 0.0019 
     EF.15F5 30 0.9851 0.0023 0.0056 0.0041 0.0029 
     EF.15F6 30 0.9878 0.0031 0.0025 0.0044 0.0022 
     EF.15FC 30 0.9817 0.0063 0.0039 0.0048 0.0032 
     EF.15FE 30 0.9584 0.0063 0.0171 0.0146 0.0036 
     EF.15FF 30 0.9883 0.0022 0.0027 0.0041 0.0027 
     EF.15FH 30 0.9894 0.0030 0.0029 0.0027 0.0020 
     EF.15FJ 30 0.9691 0.0087 0.0092 0.0098 0.0032 
     EF.15FK 30 0.9745 0.0042 0.0044 0.0102 0.0067 
     EF.15FL 30 0.9902 0.0026 0.0024 0.0025 0.0023 
     EF.15FM 30 0.9718 0.0079 0.0050 0.0124 0.0029 
     EF.15FP 30 0.9884 0.0026 0.0028 0.0039 0.0023 
       h0011 31 0.9859 0.0031 0.0037 0.0050 0.0022 
       h0021 31 0.9886 0.0028 0.0029 0.0036 0.0021 
       h0031 31 0.9794 0.0081 0.0034 0.0068 0.0023 
       h0041 31 0.9884 0.0023 0.0028 0.0041 0.0024 
       h0051 31 0.9911 0.0024 0.0022 0.0021 0.0022 
       h0061 31 0.9900 0.0022 0.0022 0.0029 0.0027 
       h0071 31 0.9878 0.0029 0.0031 0.0032 0.0030 
       h0081 31 0.9869 0.0027 0.0035 0.0035 0.0035 
       h0091 31 0.9894 0.0027 0.0028 0.0026 0.0025 
       h0101 31 0.9888 0.0020 0.0029 0.0041 0.0022 
       h0111 31 0.9892 0.0021 0.0026 0.0036 0.0025 
       h0121 31 0.9871 0.0030 0.0035 0.0030 0.0034 
       h0131 31 0.9855 0.0027 0.0048 0.0046 0.0024 
       h0141 31 0.9807 0.0032 0.0079 0.0046 0.0036 
       h0151 31 0.9898 0.0025 0.0025 0.0027 0.0024 
       h0161 31 0.9717 0.0067 0.0092 0.0064 0.0061 
       h0171 31 0.9861 0.0046 0.0033 0.0036 0.0025 
       h0181 31 0.9861 0.0046 0.0029 0.0043 0.0021 
       h0191 31 0.9873 0.0026 0.0044 0.0033 0.0025 
       h0201 31 0.9906 0.0025 0.0019 0.0021 0.0028 
       h0211 31 0.9861 0.0029 0.0036 0.0049 0.0026 
       h0221 31 0.9888 0.0030 0.0022 0.0027 0.0032 
       h0231 31 0.9904 0.0019 0.0020 0.0020 0.0036 
       h0241 31 0.9807 0.0024 0.0041 0.0096 0.0033 
       h0251 31 0.9881 0.0024 0.0031 0.0032 0.0033 
       h0261 31 0.9882 0.0032 0.0030 0.0035 0.0020 
       h0271 31 0.9758 0.0038 0.0070 0.0096 0.0038 
       h0281 31 0.9723 0.0062 0.0099 0.0073 0.0043 
       h0291 31 0.9883 0.0027 0.0032 0.0035 0.0024 
       h0301 31 0.9863 0.0020 0.0036 0.0053 0.0028 
       h0311 31 0.9914 0.0017 0.0023 0.0026 0.0020 
       h0321 31 0.9861 0.0034 0.0029 0.0052 0.0024 
       h0331 31 0.9866 0.0029 0.0028 0.0055 0.0023 
       h0341 31 0.9846 0.0037 0.0036 0.0057 0.0023 
       h0351 31 0.9828 0.0050 0.0033 0.0055 0.0034 
       h0361 31 0.9884 0.0030 0.0028 0.0030 0.0028 
       h0371 31 0.9889 0.0025 0.0028 0.0030 0.0028 
       h0381 31 0.9853 0.0030 0.0040 0.0047 0.0031 
       h0391 31 0.9818 0.0075 0.0038 0.0030 0.0039 
       h0401 31 0.9872 0.0027 0.0034 0.0044 0.0023 
       h0411 31 0.9860 0.0031 0.0036 0.0048 0.0025 
       h0421 31 0.9848 0.0036 0.0039 0.0047 0.0029 
       h0431 31 0.9842 0.0031 0.0041 0.0034 0.0051 
       h0441 31 0.9881 0.0029 0.0029 0.0036 0.0025 
       h0451 31 0.9865 0.0034 0.0029 0.0041 0.0031 
       h0461 31 0.9828 0.0055 0.0043 0.0047 0.0028 
       h0471 31 0.9861 0.0029 0.0033 0.0052 0.0024 
       h0481 31 0.9910 0.0020 0.0021 0.0025 0.0024 
       h0491 31 0.9875 0.0040 0.0027 0.0031 0.0027 
       h0501 31 0.9869 0.0034 0.0028 0.0048 0.0020 
       h0511 31 0.9737 0.0032 0.0062 0.0142 0.0027 
       h0521 31 0.9673 0.0086 0.0045 0.0169 0.0027 
       h0531 31 0.9864 0.0035 0.0038 0.0037 0.0027 
       h0541 31 0.9900 0.0023 0.0027 0.0029 0.0022 
       h0551 31 0.9866 0.0024 0.0032 0.0054 0.0024 
       h0561 31 0.9748 0.0069 0.0050 0.0084 0.0049 
       h0571 31 0.9908 0.0019 0.0024 0.0029 0.0020 
       h0581 31 0.9672 0.0045 0.0071 0.0108 0.0105 
       h0591 31 0.9798 0.0041 0.0042 0.0098 0.0021 
       h0601 31 0.9849 0.0035 0.0037 0.0056 0.0023 
       h0611 31 0.9909 0.0020 0.0020 0.0027 0.0024 
       h0621 31 0.9877 0.0026 0.0031 0.0028 0.0038 
       h0631 31 0.9839 0.0043 0.0036 0.0059 0.0023 
       h0641 31 0.9851 0.0026 0.0043 0.0047 0.0033 
       h0651 31 0.9842 0.0063 0.0039 0.0032 0.0023 
       h0661 31 0.9791 0.0043 0.0040 0.0098 0.0029 
       h0671 31 0.9897 0.0021 0.0025 0.0028 0.0028 
       h0681 31 0.9833 0.0041 0.0036 0.0065 0.0026 
       h0691 31 0.9837 0.0024 0.0063 0.0049 0.0027 
       h0701 31 0.9869 0.0036 0.0036 0.0031 0.0028 
       h0711 31 0.9904 0.0022 0.0024 0.0031 0.0020 
       h0721 31 0.9893 0.0022 0.0023 0.0036 0.0026 
       h0731 31 0.9806 0.0049 0.0062 0.0053 0.0029 
       h0741 31 0.9887 0.0030 0.0028 0.0031 0.0024 
       h0751 31 0.9905 0.0020 0.0026 0.0028 0.0021 
       h0761 31 0.9912 0.0019 0.0024 0.0022 0.0023 
       h0771 31 0.9873 0.0023 0.0024 0.0050 0.0030 
       h0781 31 0.9899 0.0024 0.0026 0.0031 0.0021 
       h0791 31 0.9903 0.0022 0.0023 0.0027 0.0024 
       h0801 31 0.9861 0.0027 0.0035 0.0047 0.0030 
       h0811 31 0.9828 0.0022 0.0038 0.0093 0.0020 
       h0821 31 0.9753 0.0098 0.0050 0.0069 0.0030 
       h0831 31 0.9908 0.0022 0.0023 0.0027 0.0021 
       h0841 31 0.9854 0.0022 0.0056 0.0032 0.0036 
       h0851 31 0.9842 0.0021 0.0032 0.0076 0.0029 
       h0861 31 0.9885 0.0025 0.0026 0.0038 0.0025 
       h0871 31 0.9903 0.0023 0.0025 0.0031 0.0018 
       h0881 31 0.9886 0.0030 0.0023 0.0025 0.0036 
       h0891 31 0.9870 0.0023 0.0034 0.0051 0.0022 
       h0901 31 0.9730 0.0114 0.0061 0.0065 0.0030 
       h0911 31 0.9915 0.0021 0.0022 0.0021 0.0021 
       h0921 31 0.9822 0.0042 0.0048 0.0059 0.0029 
       h0931 31 0.9868 0.0041 0.0029 0.0037 0.0025 
       h0941 31 0.9686 0.0112 0.0061 0.0098 0.0043 
       h0951 31 0.9793 0.0067 0.0042 0.0066 0.0032 
       h0961 31 0.9777 0.0028 0.0040 0.0127 0.0028 
       h0971 31 0.9894 0.0023 0.0027 0.0036 0.0020 
       h0981 31 0.9874 0.0023 0.0026 0.0047 0.0030 
       h0991 31 0.9839 0.0027 0.0049 0.0061 0.0025 
       h1001 31 0.9825 0.0040 0.0058 0.0051 0.0026 
       h1011 31 0.9835 0.0038 0.0033 0.0058 0.0037 
       h1021 31 0.9900 0.0028 0.0021 0.0028 0.0023 
       h1031 31 0.9913 0.0019 0.0020 0.0020 0.0028 
       h1041 31 0.9892 0.0021 0.0028 0.0030 0.0027 
       h1051 31 0.9902 0.0019 0.0025 0.0028 0.0025 
       h1061 31 0.9890 0.0025 0.0027 0.0031 0.0027 
       h1071 31 0.9876 0.0030 0.0026 0.0035 0.0033 
       h1081 31 0.9888 0.0027 0.0031 0.0028 0.0025 
       h1091 31 0.9915 0.0018 0.0020 0.0025 0.0022 
       h1101 31 0.9903 0.0021 0.0023 0.0024 0.0030 
       h1111 31 0.9903 0.0022 0.0023 0.0025 0.0027 
       h1121 31 0.9849 0.0031 0.0039 0.0047 0.0034 
       h1131 31 0.9892 0.0020 0.0024 0.0040 0.0024 
       h1141 31 0.9864 0.0039 0.0033 0.0040 0.0024 
       h1151 31 0.9896 0.0029 0.0025 0.0029 0.0021 
       h1161 31 0.9809 0.0043 0.0028 0.0078 0.0042 
       h1171 31 0.9865 0.0027 0.0028 0.0042 0.0038 
       h1181 31 0.9827 0.0044 0.0041 0.0045 0.0042 
       h1191 31 0.9621 0.0031 0.0117 0.0199 0.0032 
       h1201 31 0.9876 0.0043 0.0025 0.0027 0.0028 
       h1211 31 0.9805 0.0023 0.0038 0.0106 0.0028 
       h1221 31 0.9873 0.0031 0.0023 0.0036 0.0037 
       h1231 31 0.9874 0.0034 0.0030 0.0035 0.0027 
       h1241 31 0.9894 0.0021 0.0024 0.0032 0.0029 
       h1251 31 0.9848 0.0037 0.0044 0.0046 0.0024 
       h1261 31 0.9621 0.0136 0.0063 0.0090 0.0090 
       h1271 31 0.9898 0.0023 0.0025 0.0027 0.0027 
       h1281 31 0.9854 0.0027 0.0052 0.0041 0.0026 
       h1291 31 0.9877 0.0022 0.0038 0.0038 0.0024 
       h1301 31 0.9750 0.0051 0.0055 0.0082 0.0062 
       h1311 31 0.9826 0.0037 0.0034 0.0074 0.0030 
       h1321 31 0.9875 0.0024 0.0030 0.0032 0.0040 
       h1331 31 0.9867 0.0030 0.0035 0.0037 0.0031 
       h1341 31 0.9911 0.0019 0.0023 0.0026 0.0021 
       h1351 31 0.9865 0.0036 0.0037 0.0039 0.0023 
       h1361 31 0.9872 0.0019 0.0029 0.0061 0.0018 
       h1371 31 0.9861 0.0027 0.0035 0.0042 0.0035 
       h1381 31 0.9846 0.0034 0.0042 0.0056 0.0022 
       h1391 31 0.9848 0.0030 0.0043 0.0035 0.0044 
       h1401 31 0.9640 0.0199 0.0057 0.0076 0.0029 
       h1411 31 0.9856 0.0021 0.0043 0.0051 0.0028 
       h1421 31 0.9867 0.0027 0.0037 0.0035 0.0034 
       h1431 31 0.9638 0.0201 0.0053 0.0080 0.0028 
       h1441 31 0.9745 0.0091 0.0067 0.0060 0.0038 
       h1451 31 0.9895 0.0035 0.0023 0.0025 0.0021 
       h1461 31 0.9882 0.0024 0.0035 0.0034 0.0025 
       h1471 31 0.9884 0.0023 0.0033 0.0028 0.0032 
       h1481 31 0.9757 0.0068 0.0057 0.0086 0.0031 
       h1491 31 0.9910 0.0018 0.0022 0.0025 0.0026 
       h1501 31 0.9811 0.0043 0.0051 0.0069 0.0026 
       h1511 31 0.9885 0.0030 0.0027 0.0034 0.0025 
       h1521 31 0.9909 0.0019 0.0024 0.0025 0.0023 
       h1531 31 0.9850 0.0033 0.0034 0.0039 0.0043 
       h1541 31 0.9862 0.0033 0.0028 0.0032 0.0045 
       h1551 31 0.9822 0.0044 0.0048 0.0043 0.0044 
       h1561 31 0.9866 0.0035 0.0030 0.0043 0.0026 
       h1571 31 0.9864 0.0036 0.0031 0.0045 0.0025 
       h1581 31 0.9867 0.0024 0.0031 0.0038 0.0041 
       h1591 31 0.9834 0.0040 0.0027 0.0046 0.0054 
       h1601 31 0.9832 0.0036 0.0053 0.0046 0.0032 
       h1611 31 0.9767 0.0077 0.0042 0.0078 0.0037 
       h1621 31 0.9852 0.0028 0.0042 0.0037 0.0041 
       h1631 31 0.9799 0.0035 0.0045 0.0091 0.0030 
       h1641 31 0.9865 0.0034 0.0037 0.0031 0.0033 
       h1651 31 0.9895 0.0023 0.0022 0.0024 0.0036 
       h1661 31 0.9872 0.0029 0.0033 0.0044 0.0021 
       h1671 31 0.9868 0.0027 0.0033 0.0039 0.0033 
       h1681 31 0.9743 0.0166 0.0032 0.0030 0.0028 
       h1691 31 0.9830 0.0054 0.0029 0.0048 0.0038 
       h1701 31 0.9865 0.0031 0.0033 0.0040 0.0030 
       h1711 31 0.9876 0.0023 0.0029 0.0038 0.0034 
       h1721 31 0.9878 0.0026 0.0030 0.0041 0.0024 
       h1731 31 0.9860 0.0025 0.0033 0.0045 0.0037 
       h1741 31 0.9879 0.0019 0.0027 0.0055 0.0021 
       h1751 31 0.9868 0.0037 0.0027 0.0041 0.0027 
       h1761 31 0.9900 0.0023 0.0023 0.0037 0.0018 
       h1771 31 0.9762 0.0034 0.0040 0.0142 0.0022 
       h1781 31 0.9887 0.0021 0.0030 0.0034 0.0029 
       h1791 31 0.9850 0.0033 0.0025 0.0038 0.0054 
       h1801 31 0.9910 0.0018 0.0024 0.0028 0.0020 
       h1811 31 0.9888 0.0028 0.0029 0.0034 0.0021 
       h1821 31 0.9879 0.0026 0.0031 0.0031 0.0032 
       h1831 31 0.9871 0.0035 0.0023 0.0031 0.0040 
       h1841 31 0.9832 0.0058 0.0034 0.0052 0.0024 
       h1851 31 0.9838 0.0030 0.0048 0.0050 0.0033 
       h1861 31 0.9892 0.0026 0.0022 0.0037 0.0023 
       h1871 31 0.9848 0.0031 0.0042 0.0060 0.0019 
       h1881 31 0.9859 0.0023 0.0025 0.0070 0.0022 
       h1891 31 0.9874 0.0035 0.0036 0.0033 0.0022 
       h1901 31 0.9895 0.0024 0.0023 0.0030 0.0027 
       h1911 31 0.9890 0.0024 0.0034 0.0032 0.0021 
       h1921 31 0.9716 0.0053 0.0061 0.0132 0.0038 
       h1931 31 0.9837 0.0037 0.0040 0.0060 0.0026 
       h1941 31 0.9898 0.0024 0.0023 0.0032 0.0023 
       h1951 31 0.9901 0.0026 0.0026 0.0026 0.0023 
       h1961 31 0.9901 0.0024 0.0023 0.0025 0.0027 
       h1971 31 0.9886 0.0024 0.0028 0.0041 0.0021 
       h1981 31 0.9848 0.0049 0.0034 0.0042 0.0027 
       h1991 31 0.9877 0.0035 0.0030 0.0036 0.0022 
       h2001 31 0.9893 0.0021 0.0022 0.0036 0.0029 
        h201 31 0.9878 0.0027 0.0026 0.0046 0.0023 
        h202 31 0.9887 0.0027 0.0029 0.0035 0.0022 
        h203 31 0.9772 0.0034 0.0053 0.0060 0.0081 
        h204 31 0.9870 0.0039 0.0029 0.0033 0.0028 
        h205 31 0.9803 0.0042 0.0052 0.0074 0.0030 
        h206 31 0.9890 0.0022 0.0032 0.0032 0.0023 
        h207 31 0.9878 0.0029 0.0034 0.0034 0.0024 
        h208 31 0.9907 0.0021 0.0020 0.0029 0.0023 
        h209 31 0.9877 0.0037 0.0027 0.0026 0.0031 
        h210 31 0.9883 0.0022 0.0027 0.0036 0.0032 
        h211 31 0.9849 0.0030 0.0041 0.0046 0.0033 
        h212 31 0.9861 0.0036 0.0029 0.0042 0.0032 
        h213 31 0.9875 0.0033 0.0030 0.0031 0.0031 
        h214 31 0.9822 0.0042 0.0044 0.0061 0.0032 
        h215 31 0.9877 0.0028 0.0031 0.0035 0.0029 
        h216 31 0.9753 0.0031 0.0109 0.0072 0.0034 
        h217 31 0.9879 0.0021 0.0037 0.0033 0.0029 
        h218 31 0.9744 0.0084 0.0037 0.0079 0.0055 
        h219 31 0.9863 0.0028 0.0035 0.0049 0.0025 
        h220 31 0.9760 0.0035 0.0073 0.0104 0.0029 
        h221 31 0.9864 0.0029 0.0035 0.0051 0.0022 
        h222 31 0.9417 0.0200 0.0143 0.0183 0.0057 
        h223 31 0.9843 0.0037 0.0034 0.0055 0.0030 
        h224 31 0.9887 0.0025 0.0027 0.0030 0.0032 
        h225 31 0.9855 0.0039 0.0032 0.0037 0.0036 
        h226 31 0.9867 0.0035 0.0038 0.0034 0.0026 
        h227 31 0.9895 0.0024 0.0027 0.0033 0.0021 
        h228 31 0.9874 0.0033 0.0031 0.0032 0.0031 
        h229 31 0.9855 0.0028 0.0030 0.0060 0.0028 
        h230 31 0.9874 0.0027 0.0031 0.0031 0.0038 
        h231 31 0.9850 0.0022 0.0054 0.0043 0.0031 
        h232 31 0.9848 0.0030 0.0030 0.0052 0.0040 
        h233 31 0.9865 0.0030 0.0033 0.0047 0.0026 
        h234 31 0.9753 0.0051 0.0045 0.0081 0.0071 
        h235 31 0.9861 0.0032 0.0041 0.0037 0.0030 
        h236 31 0.9859 0.0032 0.0043 0.0039 0.0028 
        h237 31 0.9841 0.0032 0.0028 0.0066 0.0033 
        h238 31 0.9905 0.0019 0.0023 0.0027 0.0025 
        h239 31 0.9817 0.0042 0.0046 0.0061 0.0033 
        h240 31 0.9828 0.0026 0.0035 0.0047 0.0064 
        h241 31 0.9871 0.0025 0.0037 0.0039 0.0028 
        h242 31 0.9866 0.0032 0.0031 0.0049 0.0022 
        h243 31 0.9837 0.0031 0.0029 0.0051 0.0052 
        h244 31 0.9690 0.0030 0.0058 0.0183 0.0039 
        h245 31 0.9828 0.0025 0.0040 0.0061 0.0046 
        h246 31 0.9869 0.0041 0.0027 0.0032 0.0031 
        h247 31 0.9669 0.0163 0.0050 0.0088 0.0030 
        h248 31 0.9833 0.0029 0.0037 0.0073 0.0028 
        h249 31 0.9894 0.0021 0.0025 0.0034 0.0026 
        h250 31 0.9867 0.0026 0.0027 0.0056 0.0024 
        h251 31 0.9798 0.0030 0.0071 0.0068 0.0033 
        h252 31 0.9870 0.0034 0.0032 0.0033 0.0031 
        h253 31 0.9794 0.0033 0.0048 0.0093 0.0033 
        h254 31 0.9862 0.0036 0.0029 0.0050 0.0023 
        h255 31 0.9790 0.0045 0.0055 0.0075 0.0035 
        h256 31 0.9858 0.0035 0.0025 0.0060 0.0021 
        h257 31 0.9870 0.0021 0.0031 0.0046 0.0033 
        h258 31 0.9852 0.0024 0.0035 0.0039 0.0050 
        h259 31 0.9875 0.0031 0.0030 0.0039 0.0025 
        h260 31 0.9909 0.0019 0.0022 0.0031 0.0018 
        h261 31 0.9865 0.0030 0.0027 0.0043 0.0035 
        h262 31 0.9834 0.0031 0.0044 0.0057 0.0034 
        h263 31 0.9883 0.0023 0.0034 0.0033 0.0027 
        h264 31 0.9875 0.0023 0.0034 0.0043 0.0025 
        h265 31 0.9903 0.0021 0.0029 0.0027 0.0019 
        h266 31 0.9838 0.0027 0.0049 0.0048 0.0038 
        h267 31 0.9884 0.0025 0.0033 0.0026 0.0032 
        h268 31 0.9814 0.0045 0.0046 0.0063 0.0032 
        h269 31 0.9852 0.0043 0.0034 0.0038 0.0033 
        h270 31 0.9764 0.0068 0.0044 0.0084 0.0040 
        h271 31 0.9882 0.0026 0.0027 0.0035 0.0030 
        h272 31 0.9883 0.0024 0.0026 0.0048 0.0019 
        h273 31 0.9886 0.0023 0.0026 0.0044 0.0020 
        h274 31 0.9853 0.0040 0.0031 0.0048 0.0028 
        h275 31 0.9896 0.0023 0.0027 0.0033 0.0020 
        h276 31 0.9876 0.0043 0.0023 0.0037 0.0021 
        h277 31 0.9808 0.0038 0.0043 0.0082 0.0029 
        h278 31 0.9889 0.0033 0.0021 0.0032 0.0025 
        h279 31 0.9861 0.0037 0.0033 0.0045 0.0023 
        h280 31 0.9864 0.0045 0.0023 0.0040 0.0027 
        h281 31 0.9781 0.0071 0.0046 0.0055 0.0047 
        h282 31 0.9881 0.0036 0.0024 0.0028 0.0030 
        h283 31 0.9905 0.0022 0.0022 0.0031 0.0021 
        h284 31 0.9883 0.0022 0.0036 0.0029 0.0031 
        h285 31 0.9883 0.0023 0.0026 0.0039 0.0029 
        h286 31 0.9773 0.0062 0.0031 0.0111 0.0023 
        h287 31 0.9878 0.0018 0.0032 0.0049 0.0023 
        h288 31 0.9894 0.0022 0.0030 0.0025 0.0029 
        h289 31 0.9912 0.0019 0.0022 0.0026 0.0021 
        h290 31 0.9910 0.0020 0.0023 0.0026 0.0020 
        h291 31 0.9853 0.0042 0.0037 0.0038 0.0030 
        h292 31 0.9856 0.0025 0.0027 0.0059 0.0033 
        h293 31 0.9869 0.0022 0.0039 0.0045 0.0025 
        h294 31 0.9889 0.0023 0.0023 0.0041 0.0024 
        h295 31 0.9853 0.0018 0.0038 0.0068 0.0024 
        h296 31 0.9845 0.0033 0.0046 0.0033 0.0043 
        h297 31 0.9874 0.0037 0.0035 0.0035 0.0019 
        h298 31 0.9879 0.0032 0.0027 0.0040 0.0022 
        h299 31 0.9880 0.0026 0.0030 0.0037 0.0027 
        h300 31 0.9877 0.0030 0.0028 0.0032 0.0032 
      CC00K0 32 0.0036 0.0027 0.0044 0.9871 0.0023 
      CC01AY 32 0.0072 0.0111 0.0067 0.9714 0.0036 
      CC01EE 32 0.0068 0.0048 0.0122 0.9719 0.0042 
      CC03KH 32 0.0143 0.0036 0.0263 0.9510 0.0048 
      CC04FK 32 0.0045 0.0046 0.0116 0.9734 0.0059 
      CC04H8 32 0.0306 0.0066 0.0119 0.9465 0.0044 
      CC05EL 32 0.0145 0.0055 0.0181 0.9550 0.0070 
      CC05EM 32 0.0029 0.0034 0.0048 0.9867 0.0021 
      CC05EX 32 0.0030 0.0031 0.0044 0.9873 0.0021 
      CC05H2 32 0.0080 0.0128 0.0138 0.9625 0.0028 
      CC05HP 32 0.0034 0.0036 0.0039 0.9870 0.0021 
      CC05X0 32 0.0036 0.0025 0.0047 0.9867 0.0025 
      CC05X7 32 0.0027 0.0043 0.0036 0.9869 0.0025 
      CC0637 32 0.0131 0.0093 0.0092 0.9652 0.0032 
      CC0640 32 0.0044 0.0042 0.0044 0.9843 0.0027 
      FCC01M 32 0.0113 0.0098 0.0049 0.9712 0.0028 
      FCC2JC 32 0.0980 0.0077 0.0414 0.8428 0.0101 
      CC00JM 32 0.0049 0.0053 0.0036 0.9809 0.0053 
      CC00T6 32 0.0090 0.0123 0.0195 0.9543 0.0049 
      CC00T7 32 0.0102 0.0032 0.0086 0.9756 0.0025 
      CC00TC 32 0.0037 0.0069 0.0028 0.9839 0.0027 
      CC01CJ 32 0.0045 0.0101 0.0035 0.9788 0.0031 
      CC01CY 32 0.0039 0.0080 0.0045 0.9811 0.0025 
      CC01EC 32 0.0062 0.0026 0.0042 0.9835 0.0034 
      CC01EH 32 0.0124 0.0041 0.0037 0.9758 0.0040 
      CC01F2 32 0.0059 0.0036 0.0089 0.9783 0.0033 
      CC01FL 32 0.0042 0.0144 0.0038 0.9751 0.0024 
      CC025E 32 0.0092 0.0054 0.0045 0.9770 0.0038 
      CC03E3 32 0.0033 0.0254 0.0060 0.9621 0.0033 
      CC04AU 32 0.0034 0.0021 0.0030 0.9894 0.0021 
      CC04EK 32 0.0033 0.0035 0.0037 0.9871 0.0023 
      CC05FX 32 0.0403 0.0057 0.0057 0.9454 0.0029 
      CC05H7 32 0.0033 0.0131 0.0095 0.9686 0.0055 
      CC05M5 32 0.0046 0.0024 0.0038 0.9867 0.0025 
      CC05YK 32 0.0035 0.0174 0.0047 0.9710 0.0033 
      CC0630 32 0.0078 0.0043 0.0320 0.9508 0.0051 
      CC066E 32 0.0068 0.0063 0.0168 0.9637 0.0064 
      CC01ET 32 0.0124 0.0072 0.0063 0.9689 0.0052 
      CC01F1 32 0.0136 0.0062 0.0059 0.9689 0.0053 
      CC063M 32 0.0024 0.0075 0.0044 0.9813 0.0044 
       h0013 33 0.0147 0.0073 0.0053 0.9671 0.0056 
       h0023 33 0.0087 0.0071 0.0102 0.9701 0.0038 
       h0033 33 0.0030 0.0048 0.0046 0.9855 0.0021 
       h0043 33 0.0077 0.0227 0.0148 0.9508 0.0040 
       h0053 33 0.0036 0.0042 0.0046 0.9849 0.0026 
       h0063 33 0.0092 0.0061 0.0038 0.9779 0.0030 
       h0073 33 0.0080 0.0040 0.0051 0.9797 0.0033 
       h0083 33 0.0073 0.0029 0.0055 0.9805 0.0038 
       h0093 33 0.0032 0.0032 0.0053 0.9861 0.0021 
       h0103 33 0.0029 0.0029 0.0029 0.9891 0.0021 
       h0113 33 0.0028 0.0082 0.0064 0.9806 0.0020 
       h0123 33 0.0052 0.0025 0.0035 0.9847 0.0041 
       h0133 33 0.0107 0.0031 0.0055 0.9779 0.0029 
       h0143 33 0.0102 0.0032 0.0044 0.9790 0.0032 
       h0153 33 0.0029 0.0029 0.0034 0.9866 0.0042 
       h0163 33 0.0036 0.0055 0.0038 0.9838 0.0032 
       h0173 33 0.0054 0.0032 0.0124 0.9765 0.0025 
       h0183 33 0.0026 0.0025 0.0068 0.9854 0.0027 
       h0193 33 0.0022 0.0045 0.0051 0.9854 0.0027 
       h0203 33 0.0049 0.0038 0.0200 0.9674 0.0039 
       h0213 33 0.0051 0.0122 0.0110 0.9686 0.0030 
       h0223 33 0.0032 0.0086 0.0113 0.9736 0.0032 
       h0233 33 0.0069 0.0072 0.0110 0.9703 0.0046 
       h0243 33 0.0059 0.0069 0.0039 0.9785 0.0048 
       h0253 33 0.0034 0.0048 0.0077 0.9807 0.0034 
       h0263 33 0.0350 0.0100 0.0098 0.9398 0.0054 
       h0273 33 0.0047 0.0132 0.0101 0.9673 0.0047 
       h0283 33 0.0359 0.0119 0.0362 0.9070 0.0089 
       h0293 33 0.0086 0.0071 0.0074 0.9730 0.0040 
       h0303 33 0.0038 0.0098 0.0073 0.9763 0.0028 
       h0313 33 0.0056 0.0024 0.0030 0.9870 0.0020 
       h0323 33 0.0173 0.0026 0.0046 0.9721 0.0034 
       h0333 33 0.0078 0.0062 0.0074 0.9760 0.0026 
       h0343 33 0.0205 0.0041 0.0072 0.9646 0.0037 
       h0353 33 0.0036 0.0038 0.0053 0.9842 0.0031 
       h0363 33 0.0548 0.0088 0.0103 0.9209 0.0053 
       h0373 33 0.0044 0.0043 0.0033 0.9836 0.0044 
       h0383 33 0.0106 0.0055 0.0033 0.9769 0.0038 
       h0393 33 0.0048 0.0035 0.0055 0.9829 0.0033 
       h0403 33 0.0178 0.0050 0.0051 0.9699 0.0023 
       h0413 33 0.0081 0.0061 0.0062 0.9764 0.0032 
       h0423 33 0.0030 0.0031 0.0071 0.9838 0.0031 
       h0433 33 0.0081 0.0122 0.0100 0.9666 0.0032 
       h0443 33 0.0046 0.0284 0.0104 0.9533 0.0033 
       h0453 33 0.0037 0.0023 0.0059 0.9850 0.0031 
       h0463 33 0.0179 0.0788 0.0066 0.8944 0.0023 
       h0473 33 0.0042 0.0048 0.0050 0.9838 0.0021 
       h0483 33 0.0220 0.0211 0.0864 0.8605 0.0099 
       h0493 33 0.0028 0.0058 0.0030 0.9846 0.0037 
       h0503 33 0.0124 0.0055 0.0035 0.9762 0.0025 
       h0513 33 0.0036 0.0056 0.0045 0.9834 0.0029 
       h0523 33 0.0048 0.0104 0.0074 0.9734 0.0039 
       h0533 33 0.0084 0.0061 0.0073 0.9753 0.0029 
       h0543 33 0.0059 0.0038 0.0036 0.9843 0.0024 
       h0553 33 0.0145 0.0039 0.0205 0.9577 0.0034 
       h0563 33 0.0057 0.0040 0.0066 0.9813 0.0024 
       h0573 33 0.0041 0.0040 0.0035 0.9847 0.0036 
       h0583 33 0.0045 0.0135 0.0135 0.9658 0.0028 
       h0593 33 0.0033 0.0456 0.0063 0.9422 0.0025 
       h0603 33 0.0082 0.0031 0.0045 0.9816 0.0026 
       h0613 33 0.0045 0.0029 0.0080 0.9812 0.0033 
       h0623 33 0.0097 0.0081 0.0047 0.9743 0.0033 
       h0633 33 0.0249 0.0033 0.0099 0.9596 0.0024 
       h0643 33 0.0027 0.0030 0.0040 0.9873 0.0030 
       h0653 33 0.0526 0.0078 0.0037 0.9329 0.0031 
       h0663 33 0.0054 0.0147 0.0067 0.9699 0.0033 
       h0673 33 0.0036 0.0049 0.0286 0.9585 0.0045 
       h0683 33 0.0060 0.0034 0.0087 0.9783 0.0036 
       h0693 33 0.0051 0.0089 0.0064 0.9747 0.0048 
       h0703 33 0.0022 0.0061 0.0172 0.9714 0.0032 
       h0713 33 0.0066 0.0046 0.0106 0.9756 0.0026 
       h0723 33 0.0752 0.0033 0.0062 0.9101 0.0051 
       h0733 33 0.0069 0.0076 0.0101 0.9697 0.0057 
       h0743 33 0.0043 0.0027 0.0038 0.9867 0.0026 
       h0753 33 0.0028 0.0065 0.0043 0.9825 0.0039 
       h0763 33 0.0031 0.0043 0.0074 0.9826 0.0027 
       h0773 33 0.0046 0.0042 0.0035 0.9842 0.0036 
       h0783 33 0.0050 0.0031 0.0072 0.9816 0.0032 
       h0793 33 0.0668 0.0034 0.0084 0.9181 0.0034 
       h0803 33 0.0027 0.0040 0.0049 0.9858 0.0025 
       h0813 33 0.0048 0.0049 0.0054 0.9821 0.0028 
       h0823 33 0.0060 0.0908 0.0063 0.8941 0.0028 
       h0833 33 0.0058 0.0094 0.0054 0.9717 0.0078 
       h0843 33 0.0039 0.0030 0.0028 0.9878 0.0025 
       h0853 33 0.0045 0.0058 0.0080 0.9783 0.0034 
       h0863 33 0.0047 0.0056 0.0123 0.9715 0.0058 
       h0873 33 0.0034 0.0036 0.0039 0.9847 0.0044 
       h0883 33 0.0047 0.0032 0.0040 0.9858 0.0023 
       h0893 33 0.0030 0.0030 0.0048 0.9871 0.0020 
       h0903 33 0.0122 0.0053 0.0066 0.9710 0.0050 
       h0913 33 0.0039 0.0055 0.0049 0.9831 0.0027 
       h0923 33 0.0051 0.0043 0.0049 0.9827 0.0029 
       h0933 33 0.0123 0.0046 0.0086 0.9719 0.0025 
       h0943 33 0.0051 0.0073 0.0032 0.9814 0.0029 
       h0953 33 0.0116 0.0076 0.0080 0.9693 0.0034 
       h0963 33 0.0088 0.0055 0.0214 0.9576 0.0066 
       h0973 33 0.0105 0.0092 0.0113 0.9655 0.0035 
       h0983 33 0.0052 0.0056 0.0051 0.9785 0.0057 
       h0993 33 0.0029 0.0040 0.0081 0.9820 0.0030 
       h1003 33 0.0222 0.0308 0.0112 0.9323 0.0035 
       h1013 33 0.0080 0.0035 0.0049 0.9795 0.0042 
       h1023 33 0.0044 0.0101 0.0091 0.9702 0.0062 
       h1033 33 0.0107 0.0037 0.0089 0.9717 0.0049 
       h1043 33 0.0030 0.0028 0.0041 0.9876 0.0025 
       h1053 33 0.0037 0.0500 0.0101 0.9314 0.0048 
       h1063 33 0.0039 0.0043 0.0051 0.9840 0.0027 
       h1073 33 0.0058 0.0054 0.0287 0.9567 0.0033 
       h1083 33 0.0048 0.0033 0.0067 0.9812 0.0040 
       h1093 33 0.0131 0.0287 0.0115 0.9386 0.0081 
       h1103 33 0.0040 0.0036 0.0133 0.9757 0.0033 
       h1113 33 0.0074 0.0029 0.0083 0.9618 0.0196 
       h1123 33 0.0040 0.0036 0.0094 0.9803 0.0028 
       h1133 33 0.0028 0.0044 0.0056 0.9838 0.0034 
       h1143 33 0.0112 0.0078 0.0168 0.9568 0.0074 
       h1153 33 0.0129 0.0075 0.0172 0.9569 0.0056 
       h1163 33 0.0090 0.0078 0.0097 0.9678 0.0057 
       h1173 33 0.0041 0.0056 0.0060 0.9817 0.0026 
       h1183 33 0.0027 0.0028 0.0036 0.9888 0.0021 
       h1193 33 0.0029 0.0063 0.0072 0.9801 0.0035 
       h1203 33 0.0043 0.0032 0.0058 0.9844 0.0023 
       h1213 33 0.0123 0.0055 0.0067 0.9674 0.0081 
       h1223 33 0.0371 0.0041 0.0061 0.9501 0.0027 
       h1233 33 0.0073 0.0036 0.0040 0.9813 0.0038 
       h1243 33 0.0175 0.0139 0.0189 0.9462 0.0034 
       h1253 33 0.0038 0.0124 0.0101 0.9663 0.0074 
       h1263 33 0.0028 0.0080 0.0035 0.9835 0.0022 
       h1273 33 0.0036 0.0128 0.0063 0.9740 0.0033 
       h1283 33 0.0037 0.0023 0.0028 0.9884 0.0028 
       h1293 33 0.0077 0.0098 0.0051 0.9747 0.0026 
       h1303 33 0.0045 0.0042 0.0059 0.9831 0.0022 
       h1313 33 0.0041 0.0059 0.0031 0.9846 0.0023 
       h1323 33 0.0134 0.0033 0.0034 0.9777 0.0023 
       h1333 33 0.0094 0.0082 0.0044 0.9723 0.0057 
       h1343 33 0.0033 0.0041 0.0058 0.9830 0.0038 
       h1353 33 0.0210 0.0114 0.0080 0.9561 0.0036 
       h1363 33 0.0052 0.0107 0.0047 0.9728 0.0066 
       h1373 33 0.0068 0.0057 0.0058 0.9788 0.0028 
       h1383 33 0.0063 0.0046 0.0038 0.9826 0.0028 
       h1393 33 0.0037 0.0059 0.0102 0.9765 0.0037 
       h1403 33 0.0040 0.0201 0.0074 0.9653 0.0033 
       h1413 33 0.0032 0.0064 0.0074 0.9805 0.0026 
       h1423 33 0.0104 0.0036 0.0046 0.9788 0.0025 
       h1433 33 0.0047 0.0028 0.0035 0.9858 0.0032 
       h1443 33 0.0162 0.0066 0.0051 0.9697 0.0024 
       h1453 33 0.0048 0.0041 0.0058 0.9817 0.0035 
       h1463 33 0.0057 0.0032 0.0046 0.9837 0.0027 
       h1473 33 0.0038 0.0068 0.0079 0.9791 0.0025 
       h1483 33 0.0094 0.0039 0.0046 0.9797 0.0024 
       h1493 33 0.0072 0.0038 0.0038 0.9817 0.0035 
       h1503 33 0.0035 0.0097 0.0054 0.9794 0.0021 
       h1513 33 0.0033 0.0028 0.0058 0.9857 0.0025 
       h1523 33 0.0063 0.0050 0.0072 0.9787 0.0028 
       h1533 33 0.0033 0.0026 0.0049 0.9864 0.0028 
       h1543 33 0.0064 0.0030 0.0042 0.9840 0.0024 
       h1553 33 0.0028 0.0034 0.0048 0.9857 0.0033 
       h1563 33 0.0067 0.0038 0.0077 0.9791 0.0028 
       h1573 33 0.0173 0.0606 0.0303 0.8671 0.0247 
       h1583 33 0.0045 0.0033 0.0083 0.9800 0.0040 
       h1593 33 0.0072 0.0047 0.0048 0.9791 0.0043 
       h1603 33 0.0076 0.0032 0.0073 0.9783 0.0035 
       h1613 33 0.0360 0.0045 0.0150 0.9415 0.0029 
       h1623 33 0.0115 0.0076 0.0194 0.9343 0.0272 
       h1633 33 0.0044 0.0079 0.0046 0.9790 0.0042 
       h1643 33 0.0081 0.0051 0.0083 0.9721 0.0064 
       h1653 33 0.0060 0.0057 0.0060 0.9795 0.0027 
       h1663 33 0.0068 0.0109 0.0126 0.9663 0.0035 
       h1673 33 0.0032 0.0045 0.0064 0.9828 0.0031 
       h1683 33 0.0062 0.0147 0.0058 0.9689 0.0043 
       h1693 33 0.0131 0.0033 0.0100 0.9693 0.0043 
       h1703 33 0.0029 0.0051 0.0063 0.9811 0.0045 
       h1713 33 0.0062 0.0039 0.0080 0.9790 0.0028 
       h1723 33 0.0094 0.0051 0.0070 0.9758 0.0027 
       h1733 33 0.0038 0.0078 0.0080 0.9755 0.0049 
       h1743 33 0.0062 0.0033 0.0052 0.9824 0.0029 
       h1753 33 0.0128 0.0200 0.0089 0.9528 0.0055 
       h1763 33 0.0149 0.0032 0.0030 0.9757 0.0032 
       h1773 33 0.0037 0.0023 0.0082 0.9828 0.0030 
       h1783 33 0.0065 0.0657 0.0077 0.9130 0.0071 
       h1793 33 0.0027 0.0055 0.0111 0.9760 0.0047 
       h1803 33 0.0053 0.0056 0.0055 0.9798 0.0038 
       h1813 33 0.0030 0.0033 0.0048 0.9855 0.0035 
       h1823 33 0.0036 0.0029 0.0032 0.9880 0.0022 
       h1833 33 0.0037 0.0023 0.0029 0.9883 0.0028 
       h1843 33 0.0067 0.0043 0.0060 0.9799 0.0031 
       h1853 33 0.0045 0.0039 0.0075 0.9776 0.0065 
       h1863 33 0.0086 0.0102 0.0080 0.9702 0.0030 
       h1873 33 0.0048 0.0032 0.0052 0.9844 0.0024 
       h1883 33 0.0087 0.0146 0.0066 0.9654 0.0047 
       h1893 33 0.0118 0.0060 0.0052 0.9740 0.0030 
       h1903 33 0.0031 0.0023 0.0033 0.9892 0.0021 
       h1913 33 0.0060 0.0060 0.0136 0.9717 0.0027 
       h1923 33 0.0048 0.0044 0.0051 0.9834 0.0023 
       h1933 33 0.0104 0.0037 0.0039 0.9792 0.0029 
       h1943 33 0.0117 0.0129 0.0130 0.9594 0.0030 
       h1953 33 0.0099 0.0080 0.0061 0.9723 0.0037 
       h1963 33 0.0035 0.0057 0.0042 0.9830 0.0036 
       h1973 33 0.0041 0.0103 0.0089 0.9736 0.0031 
       h1983 33 0.0104 0.0026 0.0044 0.9790 0.0035 
       h1993 33 0.0038 0.0030 0.0056 0.9855 0.0020 
       h2003 33 0.0052 0.0031 0.0032 0.9865 0.0021 
       h2012 33 0.0071 0.0033 0.0042 0.9821 0.0033 
       h2022 33 0.0036 0.0060 0.0051 0.9819 0.0034 
       h2032 33 0.0285 0.0051 0.0044 0.9581 0.0038 
       h2042 33 0.0032 0.0026 0.0031 0.9891 0.0020 
       h2052 33 0.0041 0.0047 0.0033 0.9852 0.0026 
       h2062 33 0.0064 0.0057 0.0041 0.9808 0.0030 
       h2072 33 0.0040 0.0046 0.0072 0.9799 0.0042 
       h2082 33 0.0051 0.0300 0.0058 0.9552 0.0039 
       h2092 33 0.0190 0.0042 0.0063 0.9654 0.0051 
       h2102 33 0.0044 0.0046 0.0240 0.9622 0.0047 
       h2112 33 0.0112 0.0040 0.0058 0.9746 0.0043 
       h2122 33 0.0113 0.0083 0.0109 0.9618 0.0077 
       h2132 33 0.0146 0.0028 0.0059 0.9738 0.0029 
       h2142 33 0.0029 0.0032 0.0031 0.9884 0.0023 
       h2152 33 0.0063 0.0046 0.0039 0.9825 0.0027 
       h2162 33 0.0030 0.0151 0.0048 0.9727 0.0044 
       h2172 33 0.0029 0.0080 0.0048 0.9817 0.0026 
       h2182 33 0.0055 0.0029 0.0101 0.9792 0.0022 
       h2192 33 0.0050 0.0894 0.0119 0.8895 0.0042 
       h2202 33 0.2855 0.0064 0.0051 0.6982 0.0049 
       h2212 33 0.0049 0.0030 0.0038 0.9852 0.0031 
       h2222 33 0.0040 0.0098 0.0056 0.9778 0.0028 
       h2232 33 0.0386 0.0072 0.0093 0.9398 0.0051 
       h2242 33 0.0035 0.0087 0.0042 0.9795 0.0041 
       h2252 33 0.0072 0.0033 0.0042 0.9816 0.0037 
       h2262 33 0.0036 0.0062 0.0064 0.9810 0.0028 
       h2272 33 0.0039 0.0028 0.0032 0.9865 0.0036 
       h2282 33 0.0054 0.0042 0.0058 0.9817 0.0029 
       h2292 33 0.0038 0.0036 0.0124 0.9760 0.0043 
       h2302 33 0.0481 0.0445 0.0829 0.8136 0.0108 
       h2312 33 0.0022 0.0035 0.0030 0.9886 0.0027 
       h2322 33 0.0032 0.0109 0.0050 0.9783 0.0026 
       h2332 33 0.0045 0.0032 0.0036 0.9856 0.0031 
       h2342 33 0.0073 0.0057 0.0145 0.9695 0.0031 
       h2352 33 0.0042 0.0024 0.0056 0.9855 0.0022 
       h2362 33 0.0056 0.0072 0.0069 0.9751 0.0053 
       h2372 33 0.0041 0.0030 0.0081 0.9828 0.0020 
       h2382 33 0.0053 0.0059 0.0039 0.9814 0.0035 
       h2392 33 0.0021 0.0122 0.0055 0.9777 0.0025 
       h2402 33 0.0056 0.0072 0.0092 0.9727 0.0052 
       h2412 33 0.0039 0.0048 0.0048 0.9844 0.0021 
       h2422 33 0.0038 0.0027 0.0034 0.9876 0.0025 
       h2432 33 0.0116 0.0039 0.0043 0.9781 0.0022 
       h2442 33 0.0361 0.0049 0.0117 0.9424 0.0050 
       h2452 33 0.0117 0.0045 0.0063 0.9720 0.0056 
       h2462 33 0.0140 0.0026 0.0050 0.9741 0.0043 
       h2472 33 0.0058 0.0324 0.0081 0.9476 0.0060 
       h2482 33 0.0039 0.0031 0.0030 0.9878 0.0022 
       h2492 33 0.0072 0.0041 0.0059 0.9769 0.0059 
       h2502 33 0.0079 0.0076 0.0130 0.9689 0.0026 
       h2512 33 0.0093 0.0066 0.0163 0.9650 0.0028 
       h2522 33 0.0040 0.0048 0.0124 0.9760 0.0027 
       h2532 33 0.0125 0.0030 0.0045 0.9771 0.0028 
       h2542 33 0.0035 0.0033 0.0047 0.9857 0.0028 
       h2552 33 0.0037 0.0191 0.0067 0.9674 0.0031 
       h2562 33 0.0045 0.0119 0.0057 0.9748 0.0031 
       h2572 33 0.0051 0.0063 0.0053 0.9767 0.0066 
       h2582 33 0.0064 0.0026 0.0076 0.9796 0.0038 
       h2592 33 0.0086 0.0096 0.0065 0.9689 0.0064 
       h2602 33 0.0046 0.0071 0.0060 0.9784 0.0038 
       h2612 33 0.2342 0.0064 0.0058 0.7505 0.0031 
       h2622 33 0.0085 0.0050 0.0046 0.9772 0.0047 
       h2632 33 0.0079 0.0113 0.0050 0.9717 0.0041 
       h2642 33 0.0062 0.0091 0.0058 0.9752 0.0037 
       h2652 33 0.0162 0.0054 0.0064 0.9694 0.0026 
       h2662 33 0.0037 0.0068 0.0092 0.9781 0.0023 
       h2672 33 0.0058 0.0039 0.0054 0.9820 0.0029 
       h2682 33 0.0272 0.0265 0.0038 0.9396 0.0030 
       h2692 33 0.0042 0.0095 0.0038 0.9785 0.0040 
       h2702 33 0.0050 0.0032 0.0097 0.9766 0.0055 
       h2712 33 0.0036 0.0027 0.0031 0.9888 0.0018 
       h2722 33 0.0037 0.0077 0.0144 0.9712 0.0030 
       h2732 33 0.0141 0.0119 0.0124 0.9563 0.0053 
       h2742 33 0.0042 0.0029 0.0046 0.9850 0.0032 
       h2752 33 0.0029 0.0033 0.0072 0.9830 0.0037 
       h2762 33 0.0101 0.0037 0.0074 0.9755 0.0033 
       h2772 33 0.0054 0.0076 0.0070 0.9765 0.0036 
       h2782 33 0.0036 0.0036 0.0063 0.9844 0.0021 
       h2792 33 0.0041 0.0036 0.0032 0.9872 0.0020 
       h2802 33 0.0047 0.0027 0.0040 0.9858 0.0027 
       h2812 33 0.0034 0.0051 0.0069 0.9820 0.0025 
       h2822 33 0.0084 0.0045 0.0039 0.9802 0.0029 
       h2832 33 0.0045 0.0040 0.0067 0.9815 0.0032 
       h2842 33 0.0143 0.0030 0.0048 0.9749 0.0030 
       h2852 33 0.0037 0.0035 0.0074 0.9819 0.0034 
       h2862 33 0.0038 0.0026 0.0052 0.9855 0.0029 
       h2872 33 0.0062 0.0127 0.0053 0.9717 0.0040 
       h2882 33 0.0052 0.0226 0.0060 0.9622 0.0039 
       h2892 33 0.0036 0.0078 0.0058 0.9797 0.0031 
       h2902 33 0.0051 0.0024 0.0037 0.9855 0.0033 
       h2912 33 0.0028 0.0041 0.0038 0.9870 0.0023 
       h2922 33 0.0043 0.0050 0.0059 0.9817 0.0032 
       h2932 33 0.0066 0.0092 0.0098 0.9701 0.0043 
       h2942 33 0.0038 0.0026 0.0052 0.9863 0.0022 
       h2952 33 0.0062 0.0025 0.0058 0.9833 0.0021 
       h2962 33 0.0076 0.0025 0.0047 0.9817 0.0034 
       h2972 33 0.0044 0.0032 0.0040 0.9843 0.0040 
       h2982 33 0.0029 0.0042 0.0125 0.9783 0.0020 
       h2992 33 0.0046 0.0030 0.0046 0.9851 0.0027 
       h3002 33 0.0035 0.0036 0.0038 0.9859 0.0032 
