

----------------------------------------------------
STRUCTURE by Pritchard, Stephens and Donnelly (2000)
     and Falush, Stephens and Pritchard (2003)
       Code by Pritchard, Falush and Hubisz
             Version 2.3.4 (Jul 2012)
----------------------------------------------------



Command line arguments:   /home/eva.pavlovic/Structure/structure -m parameter_job_H6_3 
Input File:    /home/eva.pavlovic/data_job_H6_3

Run parameters:
   3592 individuals
   20 loci
   4 populations assumed
   300000 Burn-in period
   3000000 Reps


--------------------------------------------
Proportion of membership of each pre-defined
 population in each of the 4 clusters

Given    Inferred Clusters              Number of
 Pop       1      2      3      4      Individuals

  1:     0.020  0.963  0.010  0.008      100
  2:     0.017  0.968  0.008  0.007      200
  3:     0.005  0.946  0.013  0.036        6
  4:     0.012  0.964  0.016  0.008      100
  5:     0.015  0.964  0.007  0.014      100
  6:     0.017  0.415  0.543  0.025      100
  7:     0.627  0.340  0.013  0.020      100
  8:     0.023  0.482  0.018  0.477      100
  9:     0.010  0.891  0.005  0.095        2
 10:     0.008  0.960  0.017  0.015      100
 11:     0.014  0.961  0.007  0.018      100
 12:     0.015  0.098  0.867  0.020      100
 13:     0.901  0.067  0.011  0.020      100
 14:     0.019  0.100  0.015  0.866      100
 15:     0.015  0.918  0.016  0.051       42
 16:     0.008  0.965  0.017  0.010      100
 17:     0.014  0.958  0.007  0.022      100
 18:     0.007  0.022  0.959  0.012      100
 19:     0.965  0.014  0.007  0.014      100
 20:     0.012  0.018  0.009  0.962      100
 21:     0.016  0.897  0.044  0.044      105
 22:     0.007  0.949  0.024  0.019      240
 23:     0.017  0.915  0.012  0.056       68
 24:     0.011  0.955  0.009  0.025       31
 25:     0.010  0.959  0.009  0.023      125
 26:     0.017  0.944  0.008  0.031       53
 27:     0.019  0.952  0.007  0.022      125
 28:     0.003  0.003  0.991  0.003       28
 29:     0.003  0.003  0.992  0.003      300
 30:     0.988  0.003  0.003  0.006       27
 31:     0.990  0.003  0.003  0.004      300
 32:     0.007  0.005  0.005  0.983       40
 33:     0.006  0.004  0.005  0.984      300
--------------------------------------------

Allele-freq. divergence among pops (Net nucleotide distance),
computed using point estimates of P.

      1       2       3       4      
 1      -    0.0902  0.1718  0.1077  
 2   0.0902     -    0.0743  0.0483  
 3   0.1718  0.0743     -    0.1131  
 4   0.1077  0.0483  0.1131     -    

Average distances (expected heterozygosity) between individuals in same cluster:
cluster  1  : 0.6679 
cluster  2  : 0.8080 
cluster  3  : 0.6654 
cluster  4  : 0.7486 

--------------------------------------------
Estimated Ln Prob of Data   = -259489.6
Mean value of ln likelihood = -258393.4
Variance of ln likelihood   = 2192.5
Mean value of alpha         = 0.0375

Mean value of Fst_1         = 0.1891
Mean value of Fst_2         = 0.0203
Mean value of Fst_3         = 0.1931
Mean value of Fst_4         = 0.1218


Inferred ancestry of individuals:
        Label (%Miss) Pop:  Inferred clusters
  1    M1EL5    (5)    1 :  0.012 0.976 0.004 0.008 
  2    W26T6    (5)    1 :  0.005 0.983 0.005 0.007 
  3    W26XX    (5)    1 :  0.004 0.986 0.005 0.005 
  4    M013P    (0)    1 :  0.025 0.953 0.011 0.011 
  5    M1ELA    (0)    1 :  0.033 0.904 0.024 0.038 
  6    M2C73    (0)    1 :  0.028 0.960 0.003 0.009 
  7    W23P4    (0)    1 :  0.002 0.992 0.003 0.003 
  8    W247C    (5)    1 :  0.014 0.972 0.009 0.005 
  9    W24K1    (0)    1 :  0.009 0.982 0.005 0.004 
 10    W24ME    (0)    1 :  0.003 0.982 0.011 0.004 
 11    W2514    (0)    1 :  0.003 0.991 0.003 0.003 
 12    W26MA    (0)    1 :  0.004 0.988 0.005 0.004 
 13    W26MM    (0)    1 :  0.003 0.959 0.035 0.003 
 14    W26MU    (0)    1 :  0.015 0.978 0.004 0.003 
 15    W26P0    (0)    1 :  0.006 0.983 0.007 0.003 
 16    W26P3    (0)    1 :  0.019 0.973 0.005 0.003 
 17    W26T5    (0)    1 :  0.002 0.992 0.003 0.003 
 18    W26TE    (0)    1 :  0.006 0.982 0.004 0.007 
 19    W26TF    (0)    1 :  0.008 0.888 0.081 0.023 
 20    W26U8    (0)    1 :  0.007 0.979 0.005 0.008 
 21    W26UJ    (0)    1 :  0.015 0.976 0.007 0.002 
 22    W26UK    (0)    1 :  0.014 0.975 0.004 0.007 
 23    W26UT    (0)    1 :  0.024 0.956 0.005 0.015 
 24    W26XT    (0)    1 :  0.016 0.970 0.008 0.007 
 25   CC06H2    (0)    1 :  0.005 0.987 0.006 0.003 
 26   CC06H4    (0)    1 :  0.014 0.942 0.038 0.006 
 27   CC06H5    (5)    1 :  0.005 0.984 0.003 0.007 
 28   CC06H6    (0)    1 :  0.006 0.989 0.002 0.003 
 29   CC06HE    (0)    1 :  0.017 0.974 0.004 0.006 
 30   CC06HF    (0)    1 :  0.007 0.977 0.005 0.011 
 31   CC06HH    (0)    1 :  0.004 0.975 0.002 0.019 
 32   CC06HJ    (0)    1 :  0.006 0.984 0.007 0.004 
 33   CC06HL    (0)    1 :  0.004 0.980 0.004 0.012 
 34   CC06HP    (0)    1 :  0.036 0.944 0.004 0.016 
 35   CC06HT    (0)    1 :  0.026 0.942 0.008 0.023 
 36   CC06HU    (0)    1 :  0.004 0.988 0.003 0.005 
 37   CC06HY    (0)    1 :  0.008 0.948 0.040 0.004 
 38   CC06J0    (0)    1 :  0.003 0.962 0.031 0.004 
 39   CC06J1    (0)    1 :  0.003 0.991 0.002 0.003 
 40   CC06J2    (0)    1 :  0.012 0.956 0.006 0.027 
 41  CT.0YCY    (0)    1 :  0.003 0.986 0.007 0.004 
 42  CT.0YEC    (0)    1 :  0.016 0.974 0.007 0.003 
 43  CT.0YEF    (0)    1 :  0.005 0.989 0.003 0.003 
 44  CT.0YEU    (0)    1 :  0.003 0.992 0.002 0.003 
 45  CT.0YF2    (5)    1 :  0.005 0.980 0.012 0.003 
 46  CT.0YF8    (0)    1 :  0.014 0.978 0.002 0.006 
 47  CT.0YFA    (0)    1 :  0.005 0.990 0.002 0.003 
 48  CT.0YFE    (0)    1 :  0.016 0.977 0.003 0.004 
 49  CT.0YFP    (0)    1 :  0.004 0.940 0.054 0.002 
 50  CT.0YFU    (0)    1 :  0.005 0.986 0.006 0.003 
 51  CT.0YK7    (0)    1 :  0.004 0.981 0.013 0.003 
 52  CX.10PT    (0)    1 :  0.011 0.959 0.022 0.009 
 53   DAM021    (0)    1 :  0.054 0.926 0.003 0.017 
 54   DAM034    (0)    1 :  0.005 0.990 0.002 0.003 
 55   DAM07X    (0)    1 :  0.003 0.991 0.002 0.003 
 56  EF.15J6    (0)    1 :  0.004 0.989 0.003 0.003 
 57   HRV010   (10)    1 :  0.006 0.980 0.009 0.006 
 58   HRV02J    (5)    1 :  0.006 0.985 0.004 0.005 
 59   HRV078    (0)    1 :  0.038 0.946 0.008 0.007 
 60   HRV0FH    (0)    1 :  0.004 0.988 0.005 0.003 
 61   HRV0H5    (0)    1 :  0.007 0.983 0.005 0.005 
 62   HRV0JF    (0)    1 :  0.004 0.988 0.003 0.005 
 63   HRV0JJ    (0)    1 :  0.003 0.990 0.005 0.003 
 64   HRV0JM    (0)    1 :  0.005 0.987 0.003 0.006 
 65   HRV0K6    (0)    1 :  0.002 0.978 0.014 0.006 
 66   HRV0K7    (0)    1 :  0.020 0.963 0.003 0.013 
 67   HRV0KP    (5)    1 :  0.068 0.921 0.006 0.005 
 68   HRV1AX    (0)    1 :  0.041 0.949 0.005 0.005 
 69   HRV1C4    (0)    1 :  0.002 0.992 0.002 0.003 
 70   HRV1CH    (0)    1 :  0.021 0.974 0.003 0.002 
 71   HRV1FA    (5)    1 :  0.005 0.983 0.004 0.008 
 72   HRV1FK    (0)    1 :  0.005 0.984 0.008 0.004 
 73   HRV1H8    (5)    1 :  0.006 0.942 0.003 0.049 
 74   HRV1HT   (10)    1 :  0.008 0.982 0.005 0.005 
 75   HRV1XU   (10)    1 :  0.008 0.920 0.047 0.025 
 76   HRV4TF    (0)    1 :  0.451 0.532 0.011 0.006 
 77   HRV6F0   (10)    1 :  0.097 0.891 0.007 0.005 
 78   HRVE6L    (0)    1 :  0.201 0.732 0.047 0.020 
 79    M27HM    (5)    1 :  0.021 0.971 0.004 0.004 
 80    M27HP    (0)    1 :  0.007 0.986 0.004 0.003 
 81    M2AK4    (0)    1 :  0.005 0.989 0.003 0.003 
 82    M2ALA    (0)    1 :  0.002 0.988 0.007 0.003 
 83    M2C56    (0)    1 :  0.028 0.965 0.004 0.004 
 84    M2CUX    (0)    1 :  0.003 0.987 0.005 0.005 
 85    M2E24    (0)    1 :  0.003 0.990 0.003 0.003 
 86    M2EA7    (5)    1 :  0.004 0.988 0.004 0.005 
 87    M2EH6    (0)    1 :  0.004 0.988 0.005 0.003 
 88    M2EKC    (0)    1 :  0.030 0.937 0.013 0.020 
 89   MSV083    (0)    1 :  0.084 0.873 0.036 0.007 
 90   MSV084    (0)    1 :  0.030 0.961 0.004 0.006 
 91   MSV0LJ    (0)    1 :  0.008 0.980 0.004 0.007 
 92   MSV1H5    (0)    1 :  0.005 0.988 0.003 0.004 
 93   MSV1KM    (0)    1 :  0.008 0.986 0.002 0.003 
 94   MSV23F    (5)    1 :  0.084 0.789 0.060 0.067 
 95   MSV2L8    (0)    1 :  0.012 0.981 0.004 0.003 
 96   MSV2P7    (5)    1 :  0.004 0.981 0.009 0.007 
 97   MSV2TJ    (0)    1 :  0.010 0.985 0.002 0.002 
 98   MSV2XM    (0)    1 :  0.004 0.978 0.005 0.013 
 99   MSV327    (5)    1 :  0.005 0.987 0.004 0.004 
100   MSV33L    (5)    1 :  0.006 0.989 0.003 0.003 
101     h001    (0)    2 :  0.004 0.990 0.003 0.003 
102     h002    (0)    2 :  0.009 0.984 0.004 0.002 
103     h003    (0)    2 :  0.005 0.990 0.002 0.003 
104     h004    (0)    2 :  0.004 0.988 0.004 0.004 
105     h005    (0)    2 :  0.020 0.968 0.003 0.009 
106     h006    (0)    2 :  0.006 0.955 0.032 0.007 
107     h007    (0)    2 :  0.004 0.973 0.017 0.006 
108     h008    (0)    2 :  0.006 0.863 0.128 0.003 
109     h009    (0)    2 :  0.010 0.949 0.038 0.003 
110     h010    (0)    2 :  0.076 0.913 0.003 0.007 
111     h011    (0)    2 :  0.005 0.990 0.003 0.003 
112     h012    (0)    2 :  0.008 0.985 0.003 0.004 
113     h013    (0)    2 :  0.004 0.983 0.004 0.009 
114     h014    (0)    2 :  0.005 0.989 0.003 0.004 
115     h015    (0)    2 :  0.014 0.979 0.003 0.004 
116     h016    (0)    2 :  0.002 0.993 0.002 0.003 
117     h017    (0)    2 :  0.003 0.993 0.003 0.002 
118     h018    (0)    2 :  0.013 0.982 0.002 0.003 
119     h019    (0)    2 :  0.007 0.971 0.012 0.010 
120     h020    (0)    2 :  0.005 0.985 0.005 0.005 
121     h021    (0)    2 :  0.005 0.989 0.003 0.004 
122     h022    (0)    2 :  0.004 0.989 0.004 0.003 
123     h023    (0)    2 :  0.012 0.979 0.004 0.005 
124     h024    (0)    2 :  0.008 0.969 0.015 0.008 
125     h025    (0)    2 :  0.003 0.984 0.008 0.005 
126     h026    (0)    2 :  0.032 0.945 0.005 0.018 
127     h027    (0)    2 :  0.003 0.966 0.028 0.003 
128     h028    (0)    2 :  0.017 0.968 0.003 0.012 
129     h029    (0)    2 :  0.003 0.976 0.002 0.019 
130     h030    (0)    2 :  0.003 0.986 0.007 0.004 
131     h031    (0)    2 :  0.008 0.968 0.014 0.010 
132     h032    (0)    2 :  0.059 0.925 0.004 0.012 
133     h033    (0)    2 :  0.003 0.977 0.013 0.006 
134     h034    (0)    2 :  0.006 0.986 0.002 0.006 
135     h035    (0)    2 :  0.010 0.978 0.007 0.004 
136     h036    (0)    2 :  0.005 0.988 0.002 0.004 
137     h037    (0)    2 :  0.013 0.973 0.011 0.004 
138     h038    (0)    2 :  0.009 0.983 0.003 0.005 
139     h039    (0)    2 :  0.037 0.954 0.003 0.006 
140     h040    (0)    2 :  0.011 0.960 0.003 0.025 
141     h041    (0)    2 :  0.003 0.992 0.002 0.003 
142     h042    (0)    2 :  0.011 0.980 0.004 0.005 
143     h043    (0)    2 :  0.007 0.980 0.005 0.008 
144     h044    (0)    2 :  0.034 0.804 0.156 0.005 
145     h045    (0)    2 :  0.019 0.968 0.005 0.008 
146     h046    (0)    2 :  0.069 0.821 0.034 0.076 
147     h047    (0)    2 :  0.005 0.987 0.004 0.005 
148     h048    (0)    2 :  0.002 0.987 0.005 0.006 
149     h049    (0)    2 :  0.091 0.903 0.003 0.003 
150     h050    (0)    2 :  0.115 0.865 0.015 0.005 
151     h051    (0)    2 :  0.016 0.969 0.009 0.006 
152     h052    (0)    2 :  0.012 0.975 0.008 0.005 
153     h053    (0)    2 :  0.003 0.991 0.004 0.003 
154     h054    (0)    2 :  0.003 0.990 0.005 0.003 
155     h055    (0)    2 :  0.012 0.979 0.004 0.004 
156     h056    (0)    2 :  0.006 0.987 0.002 0.005 
157     h057    (0)    2 :  0.002 0.991 0.003 0.004 
158     h058    (0)    2 :  0.004 0.987 0.004 0.004 
159     h059    (0)    2 :  0.007 0.987 0.003 0.003 
160     h060    (0)    2 :  0.008 0.982 0.005 0.006 
161     h061    (0)    2 :  0.007 0.985 0.005 0.003 
162     h062    (0)    2 :  0.009 0.971 0.013 0.007 
163     h063    (0)    2 :  0.057 0.934 0.003 0.007 
164     h064    (0)    2 :  0.012 0.975 0.005 0.007 
165     h065    (0)    2 :  0.004 0.989 0.003 0.005 
166     h066    (0)    2 :  0.005 0.988 0.003 0.003 
167     h067    (0)    2 :  0.056 0.931 0.003 0.010 
168     h068    (0)    2 :  0.002 0.989 0.007 0.002 
169     h069    (0)    2 :  0.003 0.991 0.002 0.003 
170     h070    (0)    2 :  0.069 0.922 0.006 0.003 
171     h071    (0)    2 :  0.031 0.904 0.002 0.062 
172     h072    (0)    2 :  0.036 0.950 0.003 0.011 
173     h073    (0)    2 :  0.033 0.961 0.004 0.003 
174     h074    (0)    2 :  0.004 0.988 0.004 0.004 
175     h075    (0)    2 :  0.003 0.984 0.009 0.004 
176     h076    (0)    2 :  0.003 0.982 0.009 0.006 
177     h077    (0)    2 :  0.004 0.900 0.061 0.035 
178     h078    (0)    2 :  0.011 0.979 0.003 0.007 
179     h079    (0)    2 :  0.003 0.992 0.003 0.002 
180     h080    (0)    2 :  0.004 0.976 0.002 0.018 
181     h081    (0)    2 :  0.007 0.986 0.003 0.003 
182     h082    (0)    2 :  0.043 0.952 0.003 0.002 
183     h083    (0)    2 :  0.006 0.982 0.006 0.006 
184     h084    (0)    2 :  0.005 0.989 0.002 0.004 
185     h085    (0)    2 :  0.022 0.960 0.012 0.006 
186     h086    (0)    2 :  0.029 0.965 0.003 0.003 
187     h087    (0)    2 :  0.005 0.987 0.004 0.005 
188     h088    (0)    2 :  0.009 0.978 0.010 0.003 
189     h089    (0)    2 :  0.110 0.845 0.003 0.042 
190     h090    (0)    2 :  0.009 0.934 0.053 0.004 
191     h091    (0)    2 :  0.014 0.976 0.004 0.005 
192     h092    (0)    2 :  0.025 0.966 0.004 0.005 
193     h093    (0)    2 :  0.006 0.988 0.003 0.002 
194     h094    (0)    2 :  0.319 0.673 0.003 0.004 
195     h095    (0)    2 :  0.003 0.989 0.005 0.004 
196     h096    (0)    2 :  0.007 0.989 0.002 0.002 
197     h097    (0)    2 :  0.009 0.959 0.025 0.008 
198     h098    (0)    2 :  0.015 0.956 0.004 0.025 
199     h099    (0)    2 :  0.004 0.990 0.002 0.004 
200     h100    (0)    2 :  0.005 0.983 0.004 0.009 
201     h101    (0)    2 :  0.035 0.929 0.031 0.005 
202     h102    (0)    2 :  0.015 0.976 0.004 0.004 
203     h103    (0)    2 :  0.012 0.981 0.003 0.004 
204     h104    (0)    2 :  0.044 0.938 0.011 0.007 
205     h105    (0)    2 :  0.003 0.985 0.007 0.005 
206     h106    (0)    2 :  0.034 0.957 0.003 0.006 
207     h107    (0)    2 :  0.005 0.986 0.004 0.004 
208     h108    (0)    2 :  0.008 0.982 0.008 0.003 
209     h109    (0)    2 :  0.026 0.954 0.005 0.015 
210     h110    (0)    2 :  0.002 0.985 0.010 0.003 
211     h111    (0)    2 :  0.021 0.962 0.011 0.005 
212     h112    (0)    2 :  0.011 0.982 0.004 0.003 
213     h113    (0)    2 :  0.008 0.985 0.003 0.004 
214     h114    (0)    2 :  0.049 0.946 0.002 0.004 
215     h115    (0)    2 :  0.004 0.980 0.003 0.013 
216     h116    (0)    2 :  0.011 0.979 0.005 0.006 
217     h117    (0)    2 :  0.006 0.981 0.009 0.005 
218     h118    (0)    2 :  0.012 0.980 0.005 0.003 
219     h119    (0)    2 :  0.010 0.952 0.010 0.027 
220     h120    (0)    2 :  0.005 0.969 0.012 0.014 
221     h121    (0)    2 :  0.007 0.973 0.017 0.003 
222     h122    (0)    2 :  0.014 0.978 0.006 0.003 
223     h123    (0)    2 :  0.003 0.974 0.006 0.018 
224     h124    (0)    2 :  0.008 0.986 0.004 0.003 
225     h125    (0)    2 :  0.016 0.971 0.006 0.007 
226     h126    (0)    2 :  0.005 0.989 0.003 0.003 
227     h127    (0)    2 :  0.004 0.988 0.006 0.003 
228     h128    (0)    2 :  0.005 0.989 0.002 0.004 
229     h129    (0)    2 :  0.006 0.983 0.006 0.005 
230     h130    (0)    2 :  0.012 0.977 0.002 0.009 
231     h131    (0)    2 :  0.003 0.977 0.016 0.004 
232     h132    (0)    2 :  0.075 0.916 0.004 0.004 
233     h133    (0)    2 :  0.004 0.985 0.007 0.004 
234     h134    (0)    2 :  0.068 0.916 0.003 0.013 
235     h135    (0)    2 :  0.024 0.955 0.006 0.015 
236     h136    (0)    2 :  0.005 0.985 0.006 0.004 
237     h137    (0)    2 :  0.006 0.974 0.017 0.004 
238     h138    (0)    2 :  0.004 0.991 0.003 0.002 
239     h139    (0)    2 :  0.003 0.975 0.017 0.005 
240     h140    (0)    2 :  0.012 0.979 0.003 0.005 
241     h141    (0)    2 :  0.011 0.984 0.002 0.003 
242     h142    (0)    2 :  0.005 0.973 0.015 0.007 
243     h143    (0)    2 :  0.030 0.962 0.005 0.003 
244     h144    (0)    2 :  0.012 0.982 0.003 0.003 
245     h145    (0)    2 :  0.033 0.959 0.002 0.006 
246     h146    (0)    2 :  0.006 0.985 0.003 0.006 
247     h147    (0)    2 :  0.004 0.992 0.002 0.002 
248     h148    (0)    2 :  0.014 0.979 0.002 0.004 
249     h149    (0)    2 :  0.009 0.978 0.002 0.011 
250     h150    (0)    2 :  0.003 0.990 0.004 0.002 
251     h151    (0)    2 :  0.007 0.988 0.002 0.003 
252     h152    (0)    2 :  0.003 0.988 0.003 0.006 
253     h153    (0)    2 :  0.043 0.949 0.005 0.004 
254     h154    (0)    2 :  0.012 0.974 0.011 0.004 
255     h155    (0)    2 :  0.002 0.989 0.004 0.005 
256     h156    (0)    2 :  0.004 0.989 0.003 0.005 
257     h157    (0)    2 :  0.008 0.986 0.003 0.003 
258     h158    (0)    2 :  0.006 0.976 0.005 0.014 
259     h159    (0)    2 :  0.009 0.977 0.011 0.003 
260     h160    (0)    2 :  0.005 0.989 0.002 0.003 
261     h161    (0)    2 :  0.004 0.989 0.003 0.004 
262     h162    (0)    2 :  0.011 0.962 0.019 0.008 
263     h163    (0)    2 :  0.005 0.989 0.002 0.003 
264     h164    (0)    2 :  0.005 0.988 0.003 0.004 
265     h165    (0)    2 :  0.005 0.986 0.007 0.002 
266     h166    (0)    2 :  0.007 0.975 0.013 0.005 
267     h167    (0)    2 :  0.010 0.975 0.012 0.003 
268     h168    (0)    2 :  0.004 0.990 0.003 0.003 
269     h169    (0)    2 :  0.003 0.988 0.005 0.004 
270     h170    (0)    2 :  0.016 0.973 0.003 0.008 
271     h171    (0)    2 :  0.002 0.992 0.003 0.003 
272     h172    (0)    2 :  0.005 0.988 0.005 0.002 
273     h173    (0)    2 :  0.002 0.976 0.018 0.004 
274     h174    (0)    2 :  0.005 0.983 0.003 0.009 
275     h175    (0)    2 :  0.010 0.983 0.004 0.003 
276     h176    (0)    2 :  0.004 0.981 0.011 0.004 
277     h177    (0)    2 :  0.005 0.985 0.006 0.004 
278     h178    (0)    2 :  0.015 0.965 0.005 0.015 
279     h179    (0)    2 :  0.005 0.977 0.013 0.006 
280     h180    (0)    2 :  0.013 0.975 0.002 0.010 
281     h181    (0)    2 :  0.002 0.986 0.007 0.004 
282     h182    (0)    2 :  0.003 0.980 0.010 0.007 
283     h183    (0)    2 :  0.007 0.981 0.005 0.007 
284     h184    (0)    2 :  0.022 0.969 0.005 0.004 
285     h185    (0)    2 :  0.010 0.981 0.002 0.007 
286     h186    (0)    2 :  0.005 0.988 0.004 0.002 
287     h187    (0)    2 :  0.004 0.971 0.022 0.003 
288     h188    (0)    2 :  0.003 0.989 0.005 0.004 
289     h189    (0)    2 :  0.002 0.986 0.008 0.004 
290     h190    (0)    2 :  0.006 0.989 0.003 0.002 
291     h191    (0)    2 :  0.152 0.830 0.014 0.004 
292     h192    (0)    2 :  0.093 0.876 0.004 0.027 
293     h193    (0)    2 :  0.010 0.980 0.003 0.007 
294     h194    (0)    2 :  0.009 0.980 0.002 0.009 
295     h195    (0)    2 :  0.009 0.923 0.050 0.018 
296     h196    (0)    2 :  0.007 0.984 0.004 0.004 
297     h197    (0)    2 :  0.003 0.984 0.010 0.003 
298     h198    (0)    2 :  0.006 0.984 0.003 0.007 
299     h199    (0)    2 :  0.035 0.934 0.008 0.023 
300     h200    (0)    2 :  0.111 0.882 0.003 0.005 
301   MSV1TX    (5)    3 :  0.003 0.988 0.005 0.004 
302   MSV025    (0)    3 :  0.005 0.967 0.014 0.013 
303   MSV02C    (0)    3 :  0.010 0.968 0.010 0.011 
304   MSV02E    (5)    3 :  0.004 0.822 0.008 0.167 
305   MSV0TF    (5)    3 :  0.002 0.981 0.010 0.008 
306    M2EL8    (0)    3 :  0.008 0.949 0.033 0.011 
307   h00115    (0)    4 :  0.002 0.978 0.017 0.003 
308   h00215    (0)    4 :  0.003 0.981 0.003 0.013 
309   h00315    (0)    4 :  0.007 0.971 0.017 0.006 
310   h00415    (0)    4 :  0.006 0.975 0.015 0.004 
311   h00515    (0)    4 :  0.005 0.980 0.003 0.012 
312   h00615    (0)    4 :  0.007 0.979 0.004 0.009 
313   h00715    (0)    4 :  0.003 0.961 0.028 0.008 
314   h00815    (0)    4 :  0.015 0.954 0.026 0.005 
315   h00915    (0)    4 :  0.007 0.978 0.012 0.004 
316   h01015    (0)    4 :  0.005 0.921 0.070 0.005 
317   h01115    (0)    4 :  0.003 0.987 0.005 0.005 
318   h01215    (0)    4 :  0.007 0.866 0.123 0.004 
319   h01315    (0)    4 :  0.002 0.991 0.004 0.004 
320   h01415    (0)    4 :  0.012 0.956 0.025 0.007 
321   h01515    (0)    4 :  0.018 0.974 0.004 0.004 
322   h01615    (0)    4 :  0.018 0.974 0.004 0.004 
323   h01715    (0)    4 :  0.021 0.974 0.003 0.003 
324   h01815    (0)    4 :  0.004 0.960 0.033 0.003 
325   h01915    (0)    4 :  0.014 0.957 0.020 0.009 
326   h02015    (0)    4 :  0.004 0.977 0.008 0.011 
327   h02115    (0)    4 :  0.003 0.957 0.023 0.017 
328   h02215    (0)    4 :  0.007 0.955 0.027 0.011 
329   h02315    (0)    4 :  0.005 0.983 0.006 0.007 
330   h02415    (0)    4 :  0.003 0.992 0.002 0.003 
331   h02515    (0)    4 :  0.009 0.977 0.008 0.005 
332   h02615    (0)    4 :  0.005 0.979 0.007 0.009 
333   h02715    (0)    4 :  0.005 0.976 0.016 0.003 
334   h02815    (0)    4 :  0.004 0.958 0.031 0.007 
335   h02915    (0)    4 :  0.008 0.951 0.038 0.004 
336   h03015    (0)    4 :  0.005 0.989 0.003 0.003 
337   h03115    (0)    4 :  0.003 0.940 0.053 0.004 
338   h03215    (0)    4 :  0.005 0.978 0.009 0.007 
339   h03315    (0)    4 :  0.006 0.984 0.005 0.004 
340   h03415    (0)    4 :  0.008 0.976 0.012 0.003 
341   h03515    (0)    4 :  0.004 0.961 0.007 0.028 
342   h03615    (0)    4 :  0.002 0.990 0.006 0.002 
343   h03715    (0)    4 :  0.002 0.980 0.010 0.007 
344   h03815    (0)    4 :  0.009 0.961 0.004 0.026 
345   h03915    (0)    4 :  0.011 0.971 0.007 0.010 
346   h04015    (0)    4 :  0.005 0.973 0.007 0.015 
347   h04115    (0)    4 :  0.019 0.975 0.003 0.003 
348   h04215    (0)    4 :  0.004 0.959 0.008 0.029 
349   h04315    (0)    4 :  0.018 0.967 0.008 0.007 
350   h04415    (0)    4 :  0.005 0.979 0.004 0.013 
351   h04515    (0)    4 :  0.005 0.978 0.012 0.005 
352   h04615    (0)    4 :  0.005 0.975 0.006 0.013 
353   h04715    (0)    4 :  0.003 0.987 0.004 0.006 
354   h04815    (0)    4 :  0.007 0.953 0.005 0.035 
355   h04915    (0)    4 :  0.006 0.973 0.010 0.011 
356   h05015    (0)    4 :  0.012 0.980 0.004 0.004 
357   h05115    (0)    4 :  0.022 0.958 0.004 0.016 
358   h05215    (0)    4 :  0.043 0.947 0.006 0.004 
359   h05315    (0)    4 :  0.015 0.968 0.007 0.010 
360   h05415    (0)    4 :  0.005 0.960 0.006 0.029 
361   h05515    (0)    4 :  0.061 0.906 0.015 0.017 
362   h05615    (0)    4 :  0.005 0.959 0.023 0.013 
363   h05715    (0)    4 :  0.004 0.983 0.006 0.008 
364   h05815    (0)    4 :  0.055 0.909 0.025 0.011 
365   h05915    (0)    4 :  0.003 0.970 0.024 0.004 
366   h06015    (0)    4 :  0.004 0.950 0.039 0.007 
367   h06115    (0)    4 :  0.002 0.986 0.005 0.006 
368   h06215    (0)    4 :  0.100 0.889 0.003 0.007 
369   h06315    (0)    4 :  0.004 0.986 0.005 0.006 
370   h06415    (0)    4 :  0.007 0.983 0.006 0.004 
371   h06515    (0)    4 :  0.004 0.980 0.006 0.010 
372   h06615    (0)    4 :  0.003 0.991 0.003 0.003 
373   h06715    (0)    4 :  0.003 0.984 0.007 0.006 
374   h06815    (0)    4 :  0.004 0.977 0.007 0.011 
375   h06915    (0)    4 :  0.024 0.952 0.013 0.010 
376   h07015    (0)    4 :  0.004 0.989 0.003 0.005 
377   h07115    (0)    4 :  0.003 0.978 0.015 0.003 
378   h07215    (0)    4 :  0.013 0.950 0.034 0.003 
379   h07315    (0)    4 :  0.006 0.961 0.023 0.010 
380   h07415    (0)    4 :  0.007 0.985 0.003 0.005 
381   h07515    (0)    4 :  0.005 0.985 0.006 0.004 
382   h07615    (0)    4 :  0.010 0.958 0.024 0.008 
383   h07715    (0)    4 :  0.005 0.962 0.023 0.010 
384   h07815    (0)    4 :  0.006 0.978 0.005 0.011 
385   h07915    (0)    4 :  0.002 0.919 0.069 0.009 
386   h08015    (0)    4 :  0.006 0.979 0.008 0.007 
387   h08115    (0)    4 :  0.005 0.979 0.010 0.006 
388   h08215    (0)    4 :  0.039 0.942 0.004 0.015 
389   h08315    (0)    4 :  0.004 0.984 0.003 0.008 
390   h08415    (0)    4 :  0.004 0.989 0.004 0.003 
391   h08515    (0)    4 :  0.003 0.987 0.006 0.003 
392   h08615    (0)    4 :  0.017 0.967 0.007 0.008 
393   h08715    (0)    4 :  0.002 0.975 0.018 0.005 
394   h08815    (0)    4 :  0.003 0.981 0.009 0.007 
395   h08915    (0)    4 :  0.021 0.964 0.011 0.004 
396   h09015    (0)    4 :  0.009 0.955 0.028 0.007 
397   h09115    (0)    4 :  0.003 0.989 0.003 0.005 
398   h09215    (0)    4 :  0.024 0.684 0.276 0.016 
399   h09315    (0)    4 :  0.008 0.981 0.006 0.004 
400   h09415    (0)    4 :  0.003 0.987 0.004 0.006 
401   h09515    (0)    4 :  0.006 0.976 0.012 0.007 
402   h09615    (0)    4 :  0.007 0.986 0.004 0.003 
403   h09715    (0)    4 :  0.089 0.896 0.008 0.007 
404   h09815    (0)    4 :  0.004 0.983 0.004 0.009 
405   h09915    (0)    4 :  0.003 0.990 0.004 0.004 
406   h10015    (0)    4 :  0.121 0.868 0.004 0.007 
407   h00131    (0)    5 :  0.006 0.939 0.015 0.040 
408   h00231    (0)    5 :  0.012 0.951 0.009 0.028 
409   h00331    (0)    5 :  0.004 0.986 0.008 0.003 
410   h00431    (0)    5 :  0.010 0.984 0.003 0.004 
411   h00531    (0)    5 :  0.009 0.968 0.017 0.006 
412   h00631    (0)    5 :  0.007 0.952 0.005 0.035 
413   h00731    (0)    5 :  0.005 0.980 0.006 0.009 
414   h00831    (0)    5 :  0.008 0.944 0.043 0.005 
415   h00931    (0)    5 :  0.004 0.989 0.003 0.004 
416   h01031    (0)    5 :  0.012 0.976 0.002 0.010 
417   h01131    (0)    5 :  0.003 0.985 0.005 0.007 
418   h01231    (0)    5 :  0.014 0.981 0.002 0.004 
419   h01331    (0)    5 :  0.084 0.909 0.003 0.004 
420   h01431    (0)    5 :  0.080 0.884 0.006 0.031 
421   h01531    (0)    5 :  0.282 0.706 0.006 0.006 
422   h01631    (0)    5 :  0.003 0.992 0.003 0.003 
423   h01731    (0)    5 :  0.018 0.969 0.003 0.010 
424   h01831    (0)    5 :  0.005 0.937 0.035 0.023 
425   h01931    (0)    5 :  0.003 0.988 0.003 0.005 
426   h02031    (0)    5 :  0.006 0.985 0.003 0.006 
427   h02131    (0)    5 :  0.002 0.984 0.011 0.003 
428   h02231    (0)    5 :  0.006 0.970 0.004 0.020 
429   h02331    (0)    5 :  0.003 0.983 0.006 0.008 
430   h02431    (0)    5 :  0.011 0.955 0.028 0.005 
431   h02531    (0)    5 :  0.017 0.975 0.003 0.005 
432   h02631    (0)    5 :  0.004 0.974 0.017 0.005 
433   h02731    (0)    5 :  0.006 0.962 0.009 0.023 
434   h02831    (0)    5 :  0.003 0.990 0.003 0.004 
435   h02931    (0)    5 :  0.004 0.986 0.006 0.003 
436   h03031    (0)    5 :  0.042 0.943 0.004 0.011 
437   h03131    (0)    5 :  0.007 0.982 0.003 0.008 
438   h03231    (0)    5 :  0.004 0.989 0.003 0.003 
439   h03331    (0)    5 :  0.027 0.951 0.005 0.017 
440   h03431    (0)    5 :  0.011 0.978 0.004 0.007 
441   h03531    (0)    5 :  0.050 0.936 0.006 0.009 
442   h03631    (0)    5 :  0.011 0.972 0.010 0.007 
443   h03731    (0)    5 :  0.006 0.980 0.010 0.004 
444   h03831    (0)    5 :  0.003 0.985 0.004 0.008 
445   h03931    (0)    5 :  0.007 0.986 0.004 0.003 
446   h04031    (0)    5 :  0.003 0.985 0.003 0.009 
447   h04131    (0)    5 :  0.003 0.990 0.002 0.005 
448   h04231    (0)    5 :  0.013 0.977 0.004 0.006 
449   h04331    (0)    5 :  0.003 0.990 0.002 0.005 
450   h04431    (0)    5 :  0.012 0.971 0.005 0.012 
451   h04531    (0)    5 :  0.007 0.961 0.003 0.029 
452   h04631    (0)    5 :  0.007 0.986 0.003 0.003 
453   h04731    (0)    5 :  0.006 0.958 0.013 0.023 
454   h04831    (0)    5 :  0.006 0.974 0.004 0.016 
455   h04931    (0)    5 :  0.005 0.990 0.002 0.003 
456   h05031    (0)    5 :  0.009 0.952 0.032 0.008 
457   h05131    (0)    5 :  0.026 0.957 0.006 0.011 
458   h05231    (0)    5 :  0.009 0.975 0.004 0.012 
459   h05331    (0)    5 :  0.010 0.886 0.012 0.093 
460   h05431    (0)    5 :  0.019 0.970 0.004 0.007 
461   h05531    (0)    5 :  0.002 0.987 0.006 0.005 
462   h05631    (0)    5 :  0.008 0.984 0.003 0.005 
463   h05731    (0)    5 :  0.007 0.986 0.003 0.004 
464   h05831    (0)    5 :  0.005 0.974 0.013 0.008 
465   h05931    (0)    5 :  0.004 0.989 0.003 0.004 
466   h06031    (0)    5 :  0.002 0.973 0.019 0.007 
467   h06131    (0)    5 :  0.042 0.948 0.003 0.008 
468   h06231    (0)    5 :  0.008 0.962 0.003 0.027 
469   h06331    (0)    5 :  0.004 0.988 0.004 0.004 
470   h06431    (0)    5 :  0.006 0.966 0.008 0.019 
471   h06531    (0)    5 :  0.004 0.983 0.006 0.007 
472   h06631    (0)    5 :  0.003 0.982 0.006 0.010 
473   h06731    (0)    5 :  0.004 0.987 0.006 0.003 
474   h06831    (0)    5 :  0.004 0.976 0.007 0.014 
475   h06931    (0)    5 :  0.004 0.990 0.003 0.002 
476   h07031    (0)    5 :  0.007 0.980 0.005 0.008 
477   h07131    (0)    5 :  0.004 0.989 0.002 0.005 
478   h07231    (0)    5 :  0.018 0.960 0.007 0.016 
479   h07331    (0)    5 :  0.131 0.855 0.002 0.012 
480   h07431    (0)    5 :  0.016 0.874 0.006 0.104 
481   h07531    (0)    5 :  0.004 0.989 0.002 0.004 
482   h07631    (0)    5 :  0.014 0.960 0.011 0.014 
483   h07731    (0)    5 :  0.002 0.985 0.008 0.005 
484   h07831    (0)    5 :  0.007 0.980 0.002 0.010 
485   h07931    (0)    5 :  0.024 0.966 0.004 0.006 
486   h08031    (0)    5 :  0.097 0.739 0.012 0.152 
487   h08131    (0)    5 :  0.007 0.984 0.005 0.004 
488   h08231    (0)    5 :  0.012 0.973 0.004 0.011 
489   h08331    (0)    5 :  0.006 0.973 0.004 0.018 
490   h08431    (0)    5 :  0.009 0.979 0.004 0.008 
491   h08531    (0)    5 :  0.015 0.970 0.010 0.005 
492   h08631    (0)    5 :  0.003 0.992 0.003 0.002 
493   h08731    (0)    5 :  0.012 0.981 0.003 0.004 
494   h08831    (0)    5 :  0.004 0.990 0.003 0.004 
495   h08931    (0)    5 :  0.006 0.979 0.007 0.008 
496   h09031    (0)    5 :  0.004 0.988 0.003 0.006 
497   h09131    (0)    5 :  0.004 0.991 0.002 0.003 
498   h09231    (0)    5 :  0.004 0.988 0.004 0.004 
499   h09331    (0)    5 :  0.008 0.984 0.002 0.005 
500   h09431    (0)    5 :  0.006 0.986 0.005 0.003 
501   h09531    (0)    5 :  0.005 0.985 0.003 0.007 
502   h09631    (0)    5 :  0.011 0.969 0.016 0.004 
503   h09731    (0)    5 :  0.003 0.990 0.003 0.005 
504   h09831    (0)    5 :  0.003 0.990 0.002 0.005 
505   h09931    (0)    5 :  0.052 0.795 0.015 0.137 
506   h10031    (0)    5 :  0.003 0.985 0.003 0.009 
507    h0016    (0)    6 :  0.011 0.516 0.459 0.014 
508    h0026    (0)    6 :  0.293 0.080 0.625 0.003 
509    h0036    (0)    6 :  0.021 0.504 0.470 0.004 
510    h0046    (0)    6 :  0.063 0.345 0.584 0.008 
511    h0056    (0)    6 :  0.011 0.215 0.724 0.050 
512    h0066    (0)    6 :  0.019 0.110 0.690 0.181 
513    h0076    (0)    6 :  0.015 0.080 0.897 0.008 
514    h0086    (0)    6 :  0.003 0.332 0.663 0.002 
515    h0096    (0)    6 :  0.003 0.883 0.026 0.089 
516    h0106    (0)    6 :  0.097 0.418 0.470 0.015 
517    h0116    (0)    6 :  0.005 0.253 0.607 0.136 
518    h0126    (0)    6 :  0.003 0.337 0.658 0.002 
519    h0136    (0)    6 :  0.015 0.356 0.623 0.006 
520    h0146    (0)    6 :  0.010 0.631 0.328 0.031 
521    h0156    (0)    6 :  0.006 0.550 0.436 0.008 
522    h0166    (0)    6 :  0.003 0.528 0.463 0.006 
523    h0176    (0)    6 :  0.001 0.463 0.533 0.002 
524    h0186    (0)    6 :  0.036 0.319 0.639 0.005 
525    h0196    (0)    6 :  0.003 0.521 0.470 0.005 
526    h0206    (0)    6 :  0.006 0.701 0.282 0.011 
527    h0216    (0)    6 :  0.002 0.563 0.428 0.007 
528    h0226    (0)    6 :  0.012 0.454 0.527 0.007 
529    h0236    (0)    6 :  0.002 0.558 0.438 0.003 
530    h0246    (0)    6 :  0.010 0.629 0.357 0.005 
531    h0256    (0)    6 :  0.007 0.536 0.452 0.005 
532    h0266    (0)    6 :  0.006 0.410 0.577 0.007 
533    h0276    (0)    6 :  0.010 0.304 0.671 0.016 
534    h0286    (0)    6 :  0.008 0.481 0.508 0.003 
535    h0296    (0)    6 :  0.006 0.544 0.448 0.003 
536    h0306    (0)    6 :  0.005 0.422 0.566 0.007 
537    h0316    (0)    6 :  0.011 0.332 0.633 0.025 
538    h0326    (0)    6 :  0.007 0.440 0.547 0.006 
539    h0336    (0)    6 :  0.016 0.394 0.582 0.008 
540    h0346    (0)    6 :  0.025 0.444 0.500 0.030 
541    h0356    (0)    6 :  0.007 0.072 0.891 0.030 
542    h0366    (0)    6 :  0.111 0.279 0.594 0.016 
543    h0376    (0)    6 :  0.002 0.432 0.565 0.002 
544    h0386    (0)    6 :  0.007 0.468 0.520 0.005 
545    h0396    (0)    6 :  0.002 0.556 0.437 0.005 
546    h0406    (0)    6 :  0.014 0.460 0.504 0.021 
547    h0416    (0)    6 :  0.006 0.426 0.558 0.011 
548    h0426    (0)    6 :  0.003 0.409 0.586 0.002 
549    h0436    (0)    6 :  0.040 0.062 0.883 0.015 
550    h0446    (0)    6 :  0.006 0.508 0.479 0.007 
551    h0456    (0)    6 :  0.004 0.495 0.498 0.003 
552    h0466    (0)    6 :  0.006 0.378 0.613 0.003 
553    h0476    (0)    6 :  0.008 0.095 0.664 0.233 
554    h0486    (0)    6 :  0.009 0.508 0.479 0.004 
555    h0496    (0)    6 :  0.022 0.450 0.517 0.012 
556    h0506    (0)    6 :  0.007 0.784 0.200 0.009 
557    h0516    (0)    6 :  0.022 0.246 0.727 0.004 
558    h0526    (0)    6 :  0.007 0.375 0.615 0.003 
559    h0536    (0)    6 :  0.002 0.350 0.646 0.003 
560    h0546    (0)    6 :  0.008 0.479 0.500 0.014 
561    h0556    (0)    6 :  0.026 0.287 0.677 0.010 
562    h0566    (0)    6 :  0.003 0.318 0.675 0.004 
563    h0576    (0)    6 :  0.003 0.534 0.448 0.014 
564    h0586    (0)    6 :  0.008 0.624 0.362 0.006 
565    h0596    (0)    6 :  0.014 0.126 0.779 0.081 
566    h0606    (0)    6 :  0.014 0.447 0.531 0.007 
567    h0616    (0)    6 :  0.005 0.539 0.448 0.008 
568    h0626    (0)    6 :  0.103 0.238 0.603 0.055 
569    h0636    (0)    6 :  0.007 0.506 0.483 0.004 
570    h0646    (0)    6 :  0.011 0.482 0.501 0.006 
571    h0656    (0)    6 :  0.035 0.379 0.577 0.009 
572    h0666    (0)    6 :  0.032 0.204 0.742 0.022 
573    h0676    (0)    6 :  0.003 0.255 0.728 0.015 
574    h0686    (0)    6 :  0.003 0.451 0.536 0.010 
575    h0696    (0)    6 :  0.002 0.410 0.580 0.008 
576    h0706    (0)    6 :  0.003 0.424 0.569 0.004 
577    h0716    (0)    6 :  0.005 0.487 0.490 0.017 
578    h0726    (0)    6 :  0.004 0.433 0.543 0.020 
579    h0736    (0)    6 :  0.005 0.285 0.685 0.024 
580    h0746    (0)    6 :  0.006 0.625 0.364 0.006 
581    h0756    (0)    6 :  0.004 0.454 0.536 0.006 
582    h0766    (0)    6 :  0.029 0.499 0.466 0.006 
583    h0776    (0)    6 :  0.008 0.390 0.506 0.096 
584    h0786    (0)    6 :  0.009 0.051 0.932 0.008 
585    h0796    (0)    6 :  0.003 0.427 0.555 0.015 
586    h0806    (0)    6 :  0.010 0.483 0.501 0.006 
587    h0816    (0)    6 :  0.004 0.431 0.548 0.017 
588    h0826    (0)    6 :  0.014 0.940 0.040 0.006 
589    h0836    (0)    6 :  0.107 0.019 0.871 0.003 
590    h0846    (0)    6 :  0.006 0.556 0.431 0.007 
591    h0856    (0)    6 :  0.015 0.692 0.288 0.006 
592    h0866    (0)    6 :  0.013 0.271 0.666 0.049 
593    h0876    (0)    6 :  0.003 0.576 0.416 0.005 
594    h0886    (0)    6 :  0.007 0.313 0.675 0.005 
595    h0896    (0)    6 :  0.003 0.379 0.610 0.007 
596    h0906    (0)    6 :  0.002 0.405 0.586 0.007 
597    h0916    (0)    6 :  0.007 0.172 0.388 0.432 
598    h0926    (0)    6 :  0.004 0.534 0.455 0.007 
599    h0936    (0)    6 :  0.003 0.497 0.497 0.003 
600    h0946    (0)    6 :  0.002 0.510 0.485 0.003 
601    h0956    (0)    6 :  0.003 0.053 0.576 0.368 
602    h0966    (0)    6 :  0.015 0.509 0.470 0.006 
603    h0976    (0)    6 :  0.034 0.452 0.510 0.004 
604    h0986    (0)    6 :  0.006 0.364 0.627 0.003 
605    h0996    (0)    6 :  0.003 0.486 0.508 0.003 
606    h1006    (0)    6 :  0.006 0.544 0.447 0.004 
607    h0019    (0)    7 :  0.716 0.206 0.021 0.057 
608    h0029    (0)    7 :  0.664 0.298 0.002 0.035 
609    h0039    (0)    7 :  0.546 0.443 0.004 0.007 
610    h0049    (0)    7 :  0.510 0.484 0.003 0.003 
611    h0059    (0)    7 :  0.411 0.576 0.005 0.008 
612    h0069    (0)    7 :  0.471 0.510 0.005 0.013 
613    h0079    (0)    7 :  0.522 0.470 0.003 0.005 
614    h0089    (0)    7 :  0.776 0.203 0.005 0.016 
615    h0099    (0)    7 :  0.399 0.591 0.005 0.005 
616    h0109    (0)    7 :  0.482 0.506 0.008 0.004 
617    h0119    (0)    7 :  0.926 0.057 0.008 0.009 
618    h0129    (0)    7 :  0.682 0.303 0.005 0.009 
619    h0139    (0)    7 :  0.563 0.424 0.002 0.011 
620    h0149    (0)    7 :  0.722 0.189 0.005 0.084 
621    h0159    (0)    7 :  0.601 0.343 0.052 0.004 
622    h0169    (0)    7 :  0.464 0.526 0.003 0.007 
623    h0179    (0)    7 :  0.651 0.341 0.005 0.003 
624    h0189    (0)    7 :  0.734 0.247 0.007 0.012 
625    h0199    (0)    7 :  0.582 0.044 0.003 0.371 
626    h0209    (0)    7 :  0.954 0.027 0.015 0.005 
627    h0219    (0)    7 :  0.914 0.078 0.003 0.005 
628    h0229    (0)    7 :  0.404 0.559 0.008 0.029 
629    h0239    (0)    7 :  0.645 0.345 0.006 0.004 
630    h0249    (0)    7 :  0.457 0.512 0.013 0.018 
631    h0259    (0)    7 :  0.512 0.447 0.018 0.023 
632    h0269    (0)    7 :  0.723 0.253 0.003 0.020 
633    h0279    (0)    7 :  0.710 0.176 0.067 0.047 
634    h0289    (0)    7 :  0.567 0.428 0.002 0.003 
635    h0299    (0)    7 :  0.747 0.229 0.017 0.007 
636    h0309    (0)    7 :  0.653 0.339 0.003 0.005 
637    h0319    (0)    7 :  0.239 0.742 0.002 0.017 
638    h0329    (0)    7 :  0.678 0.314 0.002 0.006 
639    h0339    (0)    7 :  0.701 0.157 0.137 0.004 
640    h0349    (0)    7 :  0.607 0.384 0.006 0.003 
641    h0359    (0)    7 :  0.580 0.401 0.015 0.004 
642    h0369    (0)    7 :  0.588 0.377 0.029 0.007 
643    h0379    (0)    7 :  0.614 0.372 0.010 0.004 
644    h0389    (0)    7 :  0.761 0.227 0.003 0.010 
645    h0399    (0)    7 :  0.558 0.418 0.016 0.008 
646    h0409    (0)    7 :  0.611 0.375 0.011 0.003 
647    h0419    (0)    7 :  0.563 0.423 0.008 0.006 
648    h0429    (0)    7 :  0.721 0.251 0.005 0.022 
649    h0439    (0)    7 :  0.455 0.539 0.003 0.004 
650    h0449    (0)    7 :  0.189 0.795 0.007 0.008 
651    h0459    (0)    7 :  0.689 0.297 0.008 0.005 
652    h0469    (0)    7 :  0.548 0.420 0.017 0.014 
653    h0479    (0)    7 :  0.173 0.794 0.005 0.028 
654    h0489    (0)    7 :  0.508 0.479 0.004 0.009 
655    h0499    (0)    7 :  0.708 0.244 0.003 0.045 
656    h0509    (0)    7 :  0.792 0.196 0.008 0.004 
657    h0519    (0)    7 :  0.499 0.495 0.003 0.003 
658    h0529    (0)    7 :  0.638 0.353 0.003 0.006 
659    h0539    (0)    7 :  0.561 0.412 0.008 0.020 
660    h0549    (0)    7 :  0.761 0.211 0.024 0.004 
661    h0559    (0)    7 :  0.674 0.318 0.005 0.003 
662    h0569    (0)    7 :  0.708 0.277 0.002 0.014 
663    h0579    (0)    7 :  0.910 0.064 0.014 0.012 
664    h0589    (0)    7 :  0.703 0.205 0.007 0.086 
665    h0599    (0)    7 :  0.703 0.154 0.134 0.009 
666    h0609    (0)    7 :  0.522 0.473 0.003 0.002 
667    h0619    (0)    7 :  0.471 0.523 0.002 0.004 
668    h0629    (0)    7 :  0.658 0.337 0.002 0.002 
669    h0639    (0)    7 :  0.613 0.381 0.003 0.003 
670    h0649    (0)    7 :  0.592 0.395 0.004 0.009 
671    h0659    (0)    7 :  0.574 0.409 0.005 0.013 
672    h0669    (0)    7 :  0.575 0.415 0.006 0.004 
673    h0679    (0)    7 :  0.710 0.150 0.007 0.133 
674    h0689    (0)    7 :  0.768 0.227 0.002 0.004 
675    h0699    (0)    7 :  0.782 0.111 0.004 0.103 
676    h0709    (0)    7 :  0.428 0.564 0.003 0.005 
677    h0719    (0)    7 :  0.608 0.386 0.003 0.003 
678    h0729    (0)    7 :  0.647 0.340 0.002 0.010 
679    h0739    (0)    7 :  0.633 0.357 0.007 0.003 
680    h0749    (0)    7 :  0.531 0.464 0.003 0.003 
681    h0759    (0)    7 :  0.613 0.277 0.014 0.096 
682    h0769    (0)    7 :  0.814 0.150 0.016 0.021 
683    h0779    (0)    7 :  0.669 0.321 0.006 0.004 
684    h0789    (0)    7 :  0.540 0.452 0.003 0.004 
685    h0799    (0)    7 :  0.703 0.285 0.007 0.005 
686    h0809    (0)    7 :  0.741 0.008 0.248 0.003 
687    h0819    (0)    7 :  0.609 0.383 0.004 0.005 
688    h0829    (0)    7 :  0.843 0.138 0.005 0.014 
689    h0839    (0)    7 :  0.764 0.134 0.011 0.092 
690    h0849    (0)    7 :  0.538 0.449 0.002 0.011 
691    h0859    (0)    7 :  0.693 0.274 0.027 0.007 
692    h0869    (0)    7 :  0.657 0.310 0.003 0.030 
693    h0879    (0)    7 :  0.646 0.270 0.009 0.074 
694    h0889    (0)    7 :  0.725 0.253 0.017 0.006 
695    h0899    (0)    7 :  0.708 0.276 0.005 0.011 
696    h0909    (0)    7 :  0.753 0.231 0.004 0.011 
697    h0919    (0)    7 :  0.640 0.351 0.004 0.005 
698    h0929    (0)    7 :  0.512 0.461 0.017 0.010 
699    h0939    (0)    7 :  0.544 0.448 0.002 0.005 
700    h0949    (0)    7 :  0.590 0.406 0.002 0.002 
701    h0959    (0)    7 :  0.616 0.377 0.003 0.004 
702    h0969    (0)    7 :  0.807 0.179 0.005 0.010 
703    h0979    (0)    7 :  0.563 0.406 0.015 0.015 
704    h0989    (0)    7 :  0.830 0.153 0.006 0.011 
705    h0999    (0)    7 :  0.572 0.410 0.009 0.009 
706    h1009    (0)    7 :  0.743 0.232 0.004 0.021 
707   h00112    (0)    8 :  0.010 0.739 0.004 0.248 
708   h00212    (0)    8 :  0.008 0.530 0.003 0.460 
709   h00312    (0)    8 :  0.076 0.469 0.012 0.443 
710   h00412    (0)    8 :  0.011 0.075 0.013 0.901 
711   h00512    (0)    8 :  0.007 0.311 0.004 0.678 
712   h00612    (0)    8 :  0.008 0.690 0.004 0.298 
713   h00712    (0)    8 :  0.004 0.384 0.006 0.606 
714   h00812    (0)    8 :  0.020 0.400 0.015 0.565 
715   h00912    (0)    8 :  0.003 0.379 0.005 0.614 
716   h01012    (0)    8 :  0.005 0.667 0.004 0.324 
717   h01112    (0)    8 :  0.005 0.499 0.007 0.489 
718   h01212    (0)    8 :  0.239 0.258 0.012 0.491 
719   h01312    (0)    8 :  0.050 0.790 0.041 0.119 
720   h01412    (0)    8 :  0.006 0.618 0.005 0.371 
721   h01512    (0)    8 :  0.009 0.519 0.005 0.468 
722   h01612    (0)    8 :  0.004 0.539 0.007 0.449 
723   h01712    (0)    8 :  0.006 0.657 0.007 0.331 
724   h01812    (0)    8 :  0.011 0.532 0.003 0.454 
725   h01912    (0)    8 :  0.007 0.320 0.032 0.641 
726   h02012    (0)    8 :  0.004 0.805 0.009 0.181 
727   h02112    (0)    8 :  0.008 0.393 0.008 0.591 
728   h02212    (0)    8 :  0.011 0.470 0.014 0.505 
729   h02312    (0)    8 :  0.003 0.668 0.004 0.324 
730   h02412    (0)    8 :  0.006 0.538 0.003 0.454 
731   h02512    (0)    8 :  0.006 0.416 0.003 0.575 
732   h02612    (0)    8 :  0.017 0.310 0.013 0.660 
733   h02712    (0)    8 :  0.040 0.455 0.022 0.482 
734   h02812    (0)    8 :  0.026 0.338 0.002 0.634 
735   h02912    (0)    8 :  0.013 0.056 0.010 0.921 
736   h03012    (0)    8 :  0.110 0.776 0.005 0.109 
737   h03112    (0)    8 :  0.005 0.581 0.003 0.411 
738   h03212    (0)    8 :  0.024 0.179 0.013 0.785 
739   h03312    (0)    8 :  0.007 0.427 0.004 0.561 
740   h03412    (0)    8 :  0.004 0.767 0.004 0.225 
741   h03512    (0)    8 :  0.003 0.535 0.005 0.457 
742   h03612    (0)    8 :  0.006 0.542 0.042 0.410 
743   h03712    (0)    8 :  0.027 0.431 0.004 0.537 
744   h03812    (0)    8 :  0.026 0.346 0.010 0.618 
745   h03912    (0)    8 :  0.010 0.490 0.031 0.469 
746   h04012    (0)    8 :  0.173 0.168 0.002 0.657 
747   h04112    (0)    8 :  0.005 0.432 0.026 0.537 
748   h04212    (0)    8 :  0.003 0.648 0.029 0.319 
749   h04312    (0)    8 :  0.019 0.176 0.003 0.802 
750   h04412    (0)    8 :  0.004 0.353 0.006 0.638 
751   h04512    (0)    8 :  0.003 0.851 0.004 0.142 
752   h04612    (0)    8 :  0.066 0.461 0.116 0.358 
753   h04712    (0)    8 :  0.009 0.251 0.014 0.726 
754   h04812    (0)    8 :  0.029 0.664 0.028 0.278 
755   h04912    (0)    8 :  0.210 0.419 0.004 0.366 
756   h05012    (0)    8 :  0.057 0.214 0.008 0.721 
757   h05112    (0)    8 :  0.059 0.353 0.123 0.464 
758   h05212    (0)    8 :  0.003 0.870 0.002 0.124 
759   h05312    (0)    8 :  0.019 0.372 0.055 0.554 
760   h05412    (0)    8 :  0.008 0.488 0.006 0.497 
761   h05512    (0)    8 :  0.007 0.450 0.003 0.540 
762   h05612    (0)    8 :  0.006 0.831 0.003 0.160 
763   h05712    (0)    8 :  0.004 0.386 0.019 0.591 
764   h05812    (0)    8 :  0.010 0.545 0.003 0.443 
765   h05912    (0)    8 :  0.007 0.323 0.029 0.640 
766   h06012    (0)    8 :  0.005 0.889 0.006 0.100 
767   h06112    (0)    8 :  0.008 0.931 0.029 0.032 
768   h06212    (0)    8 :  0.015 0.267 0.036 0.682 
769   h06312    (0)    8 :  0.005 0.348 0.030 0.616 
770   h06412    (0)    8 :  0.007 0.900 0.051 0.041 
771   h06512    (0)    8 :  0.004 0.160 0.003 0.833 
772   h06612    (0)    8 :  0.060 0.267 0.008 0.665 
773   h06712    (0)    8 :  0.006 0.435 0.017 0.542 
774   h06812    (0)    8 :  0.024 0.559 0.005 0.411 
775   h06912    (0)    8 :  0.132 0.564 0.016 0.288 
776   h07012    (0)    8 :  0.008 0.865 0.005 0.121 
777   h07112    (0)    8 :  0.007 0.238 0.008 0.747 
778   h07212    (0)    8 :  0.015 0.392 0.004 0.589 
779   h07312    (0)    8 :  0.012 0.421 0.004 0.562 
780   h07412    (0)    8 :  0.007 0.267 0.014 0.712 
781   h07512    (0)    8 :  0.017 0.051 0.006 0.926 
782   h07612    (0)    8 :  0.007 0.532 0.007 0.455 
783   h07712    (0)    8 :  0.004 0.438 0.021 0.537 
784   h07812    (0)    8 :  0.002 0.590 0.018 0.390 
785   h07912    (0)    8 :  0.004 0.521 0.075 0.400 
786   h08012    (0)    8 :  0.006 0.546 0.004 0.444 
787   h08112    (0)    8 :  0.027 0.722 0.004 0.247 
788   h08212    (0)    8 :  0.033 0.595 0.030 0.343 
789   h08312    (0)    8 :  0.007 0.514 0.005 0.474 
790   h08412    (0)    8 :  0.023 0.858 0.005 0.115 
791   h08512    (0)    8 :  0.020 0.572 0.002 0.405 
792   h08612    (0)    8 :  0.076 0.210 0.015 0.699 
793   h08712    (0)    8 :  0.013 0.739 0.007 0.242 
794   h08812    (0)    8 :  0.008 0.610 0.003 0.379 
795   h08912    (0)    8 :  0.008 0.484 0.035 0.473 
796   h09012    (0)    8 :  0.016 0.522 0.006 0.456 
797   h09112    (0)    8 :  0.011 0.543 0.005 0.441 
798   h09212    (0)    8 :  0.018 0.282 0.007 0.694 
799   h09312    (0)    8 :  0.016 0.066 0.134 0.785 
800   h09412    (0)    8 :  0.114 0.177 0.100 0.609 
801   h09512    (0)    8 :  0.007 0.310 0.056 0.627 
802   h09612    (0)    8 :  0.036 0.517 0.002 0.445 
803   h09712    (0)    8 :  0.003 0.531 0.016 0.450 
804   h09812    (0)    8 :  0.003 0.337 0.003 0.656 
805   h09912    (0)    8 :  0.003 0.623 0.066 0.308 
806   h10012    (0)    8 :  0.006 0.669 0.012 0.313 
807   MSV21T    (0)    9 :  0.014 0.967 0.006 0.013 
808    M2E71    (0)    9 :  0.005 0.815 0.003 0.177 
809   h00116    (0)   10 :  0.003 0.976 0.017 0.004 
810   h00216    (0)   10 :  0.006 0.981 0.008 0.005 
811   h00316    (0)   10 :  0.094 0.894 0.007 0.004 
812   h00416    (0)   10 :  0.003 0.932 0.059 0.006 
813   h00516    (0)   10 :  0.014 0.932 0.004 0.050 
814   h00616    (0)   10 :  0.004 0.981 0.003 0.012 
815   h00716    (0)   10 :  0.003 0.987 0.007 0.003 
816   h00816    (0)   10 :  0.007 0.982 0.004 0.008 
817   h00916    (0)   10 :  0.005 0.983 0.005 0.007 
818   h01016    (0)   10 :  0.006 0.986 0.004 0.003 
819   h01116    (0)   10 :  0.002 0.984 0.010 0.004 
820   h01216    (0)   10 :  0.039 0.953 0.005 0.003 
821   h01316    (0)   10 :  0.016 0.974 0.007 0.004 
822   h01416    (0)   10 :  0.003 0.985 0.007 0.005 
823   h01516    (0)   10 :  0.014 0.980 0.002 0.004 
824   h01616    (0)   10 :  0.008 0.975 0.012 0.006 
825   h01716    (0)   10 :  0.004 0.983 0.009 0.004 
826   h01816    (0)   10 :  0.002 0.985 0.005 0.007 
827   h01916    (0)   10 :  0.005 0.978 0.013 0.003 
828   h02016    (0)   10 :  0.013 0.923 0.009 0.054 
829   h02116    (0)   10 :  0.009 0.983 0.003 0.005 
830   h02216    (0)   10 :  0.005 0.987 0.003 0.005 
831   h02316    (0)   10 :  0.003 0.985 0.007 0.004 
832   h02416    (0)   10 :  0.006 0.941 0.038 0.016 
833   h02516    (0)   10 :  0.005 0.981 0.004 0.010 
834   h02616    (0)   10 :  0.006 0.982 0.006 0.006 
835   h02716    (0)   10 :  0.002 0.972 0.015 0.012 
836   h02816    (0)   10 :  0.005 0.988 0.005 0.002 
837   h02916    (0)   10 :  0.003 0.975 0.011 0.011 
838   h03016    (0)   10 :  0.016 0.973 0.007 0.004 
839   h03116    (0)   10 :  0.004 0.970 0.022 0.004 
840   h03216    (0)   10 :  0.005 0.916 0.011 0.067 
841   h03316    (0)   10 :  0.007 0.674 0.227 0.092 
842   h03416    (0)   10 :  0.005 0.977 0.011 0.007 
843   h03516    (0)   10 :  0.006 0.965 0.005 0.024 
844   h03616    (0)   10 :  0.006 0.986 0.005 0.004 
845   h03716    (0)   10 :  0.005 0.983 0.008 0.004 
846   h03816    (0)   10 :  0.005 0.875 0.009 0.112 
847   h03916    (0)   10 :  0.004 0.989 0.003 0.003 
848   h04016    (0)   10 :  0.017 0.925 0.003 0.055 
849   h04116    (0)   10 :  0.003 0.979 0.010 0.008 
850   h04216    (0)   10 :  0.005 0.985 0.005 0.006 
851   h04316    (0)   10 :  0.009 0.963 0.005 0.023 
852   h04416    (0)   10 :  0.006 0.987 0.004 0.003 
853   h04516    (0)   10 :  0.011 0.882 0.084 0.023 
854   h04616    (0)   10 :  0.012 0.981 0.003 0.004 
855   h04716    (0)   10 :  0.004 0.965 0.010 0.022 
856   h04816    (0)   10 :  0.003 0.980 0.012 0.006 
857   h04916    (0)   10 :  0.011 0.984 0.002 0.003 
858   h05016    (0)   10 :  0.019 0.944 0.020 0.017 
859   h05116    (0)   10 :  0.003 0.911 0.014 0.071 
860   h05216    (0)   10 :  0.002 0.989 0.005 0.004 
861   h05316    (0)   10 :  0.008 0.985 0.004 0.003 
862   h05416    (0)   10 :  0.004 0.978 0.009 0.009 
863   h05516    (0)   10 :  0.004 0.831 0.006 0.160 
864   h05616    (0)   10 :  0.003 0.986 0.007 0.004 
865   h05716    (0)   10 :  0.003 0.682 0.311 0.004 
866   h05816    (0)   10 :  0.005 0.980 0.003 0.012 
867   h05916    (0)   10 :  0.016 0.956 0.005 0.024 
868   h06016    (0)   10 :  0.003 0.984 0.004 0.010 
869   h06116    (0)   10 :  0.006 0.970 0.010 0.014 
870   h06216    (0)   10 :  0.003 0.987 0.003 0.007 
871   h06316    (0)   10 :  0.004 0.961 0.018 0.017 
872   h06416    (0)   10 :  0.006 0.936 0.016 0.042 
873   h06516    (0)   10 :  0.006 0.987 0.004 0.003 
874   h06616    (0)   10 :  0.002 0.990 0.005 0.003 
875   h06716    (0)   10 :  0.031 0.944 0.011 0.014 
876   h06816    (0)   10 :  0.010 0.983 0.003 0.004 
877   h06916    (0)   10 :  0.004 0.980 0.007 0.008 
878   h07016    (0)   10 :  0.004 0.970 0.018 0.009 
879   h07116    (0)   10 :  0.003 0.961 0.030 0.006 
880   h07216    (0)   10 :  0.003 0.988 0.004 0.005 
881   h07316    (0)   10 :  0.009 0.961 0.018 0.012 
882   h07416    (0)   10 :  0.011 0.934 0.006 0.049 
883   h07516    (0)   10 :  0.005 0.985 0.007 0.004 
884   h07616    (0)   10 :  0.008 0.922 0.064 0.006 
885   h07716    (0)   10 :  0.005 0.904 0.078 0.013 
886   h07816    (0)   10 :  0.016 0.977 0.003 0.004 
887   h07916    (0)   10 :  0.003 0.991 0.004 0.003 
888   h08016    (0)   10 :  0.004 0.954 0.010 0.032 
889   h08116    (0)   10 :  0.004 0.971 0.019 0.006 
890   h08216    (0)   10 :  0.004 0.986 0.007 0.004 
891   h08316    (0)   10 :  0.004 0.990 0.002 0.003 
892   h08416    (0)   10 :  0.005 0.985 0.004 0.005 
893   h08516    (0)   10 :  0.002 0.926 0.067 0.006 
894   h08616    (0)   10 :  0.006 0.922 0.066 0.006 
895   h08716    (0)   10 :  0.002 0.987 0.007 0.004 
896   h08816    (0)   10 :  0.004 0.981 0.011 0.005 
897   h08916    (0)   10 :  0.004 0.986 0.005 0.005 
898   h09016    (0)   10 :  0.005 0.984 0.006 0.005 
899   h09116    (0)   10 :  0.005 0.960 0.019 0.016 
900   h09216    (0)   10 :  0.003 0.992 0.002 0.002 
901   h09316    (0)   10 :  0.023 0.954 0.012 0.011 
902   h09416    (0)   10 :  0.004 0.982 0.011 0.003 
903   h09516    (0)   10 :  0.010 0.953 0.029 0.008 
904   h09616    (0)   10 :  0.009 0.943 0.020 0.028 
905   h09716    (0)   10 :  0.003 0.986 0.006 0.005 
906   h09816    (0)   10 :  0.012 0.980 0.003 0.005 
907   h09916    (0)   10 :  0.004 0.980 0.006 0.010 
908   h10016    (0)   10 :  0.006 0.968 0.005 0.022 
909   h00141    (0)   11 :  0.004 0.984 0.007 0.006 
910   h00241    (0)   11 :  0.005 0.988 0.002 0.005 
911   h00341    (0)   11 :  0.003 0.979 0.003 0.015 
912   h00441    (0)   11 :  0.009 0.976 0.007 0.007 
913   h00541    (0)   11 :  0.009 0.897 0.007 0.087 
914   h00641    (0)   11 :  0.007 0.918 0.057 0.017 
915   h00741    (0)   11 :  0.017 0.969 0.006 0.008 
916   h00841    (0)   11 :  0.010 0.905 0.006 0.080 
917   h00941    (0)   11 :  0.005 0.982 0.007 0.006 
918   h01041    (0)   11 :  0.200 0.793 0.004 0.004 
919   h01141    (0)   11 :  0.004 0.970 0.015 0.011 
920   h01241    (0)   11 :  0.004 0.978 0.002 0.016 
921   h01341    (0)   11 :  0.005 0.988 0.002 0.004 
922   h01441    (0)   11 :  0.012 0.975 0.005 0.008 
923   h01541    (0)   11 :  0.014 0.977 0.004 0.005 
924   h01641    (0)   11 :  0.009 0.979 0.005 0.007 
925   h01741    (0)   11 :  0.007 0.984 0.005 0.004 
926   h01841    (0)   11 :  0.018 0.972 0.006 0.004 
927   h01941    (0)   11 :  0.009 0.981 0.005 0.005 
928   h02041    (0)   11 :  0.003 0.989 0.004 0.004 
929   h02141    (0)   11 :  0.002 0.989 0.002 0.006 
930   h02241    (0)   11 :  0.017 0.970 0.006 0.008 
931   h02341    (0)   11 :  0.006 0.984 0.006 0.004 
932   h02441    (0)   11 :  0.006 0.946 0.008 0.040 
933   h02541    (0)   11 :  0.010 0.975 0.002 0.012 
934   h02641    (0)   11 :  0.007 0.974 0.004 0.015 
935   h02741    (0)   11 :  0.005 0.983 0.008 0.004 
936   h02841    (0)   11 :  0.006 0.965 0.007 0.022 
937   h02941    (0)   11 :  0.006 0.984 0.003 0.007 
938   h03041    (0)   11 :  0.005 0.988 0.002 0.005 
939   h03141    (0)   11 :  0.003 0.989 0.003 0.004 
940   h03241    (0)   11 :  0.003 0.984 0.009 0.004 
941   h03341    (0)   11 :  0.003 0.985 0.003 0.008 
942   h03441    (0)   11 :  0.004 0.985 0.005 0.006 
943   h03541    (0)   11 :  0.004 0.974 0.003 0.018 
944   h03641    (0)   11 :  0.012 0.978 0.002 0.008 
945   h03741    (0)   11 :  0.006 0.986 0.003 0.005 
946   h03841    (0)   11 :  0.010 0.976 0.008 0.006 
947   h03941    (0)   11 :  0.005 0.988 0.002 0.004 
948   h04041    (0)   11 :  0.010 0.968 0.011 0.012 
949   h04141    (0)   11 :  0.005 0.985 0.002 0.008 
950   h04241    (0)   11 :  0.011 0.937 0.013 0.039 
951   h04341    (0)   11 :  0.005 0.985 0.005 0.006 
952   h04441    (0)   11 :  0.006 0.955 0.015 0.025 
953   h04541    (0)   11 :  0.008 0.986 0.003 0.004 
954   h04641    (0)   11 :  0.003 0.982 0.007 0.009 
955   h04741    (0)   11 :  0.045 0.915 0.004 0.036 
956   h04841    (0)   11 :  0.010 0.978 0.007 0.006 
957   h04941    (0)   11 :  0.019 0.787 0.058 0.137 
958   h05041    (0)   11 :  0.003 0.986 0.004 0.006 
959   h05141    (0)   11 :  0.004 0.873 0.004 0.119 
960   h05241    (0)   11 :  0.007 0.946 0.035 0.012 
961   h05341    (0)   11 :  0.012 0.977 0.004 0.007 
962   h05441    (0)   11 :  0.022 0.970 0.004 0.004 
963   h05541    (0)   11 :  0.037 0.923 0.008 0.032 
964   h05641    (0)   11 :  0.006 0.973 0.018 0.003 
965   h05741    (0)   11 :  0.004 0.964 0.009 0.023 
966   h05841    (0)   11 :  0.006 0.973 0.003 0.018 
967   h05941    (0)   11 :  0.009 0.973 0.005 0.012 
968   h06041    (0)   11 :  0.004 0.975 0.006 0.015 
969   h06141    (0)   11 :  0.009 0.943 0.008 0.040 
970   h06241    (0)   11 :  0.013 0.948 0.003 0.035 
971   h06341    (0)   11 :  0.024 0.970 0.003 0.003 
972   h06441    (0)   11 :  0.004 0.931 0.004 0.061 
973   h06541    (0)   11 :  0.005 0.988 0.002 0.005 
974   h06641    (0)   11 :  0.004 0.986 0.002 0.008 
975   h06741    (0)   11 :  0.006 0.983 0.005 0.006 
976   h06841    (0)   11 :  0.011 0.905 0.006 0.078 
977   h06941    (0)   11 :  0.006 0.986 0.006 0.002 
978   h07041    (0)   11 :  0.010 0.984 0.003 0.003 
979   h07141    (0)   11 :  0.006 0.984 0.005 0.005 
980   h07241    (0)   11 :  0.045 0.950 0.003 0.003 
981   h07341    (0)   11 :  0.004 0.985 0.007 0.004 
982   h07441    (0)   11 :  0.005 0.982 0.002 0.011 
983   h07541    (0)   11 :  0.015 0.970 0.004 0.011 
984   h07641    (0)   11 :  0.014 0.945 0.013 0.028 
985   h07741    (0)   11 :  0.042 0.894 0.005 0.060 
986   h07841    (0)   11 :  0.007 0.963 0.005 0.026 
987   h07941    (0)   11 :  0.008 0.982 0.003 0.007 
988   h08041    (0)   11 :  0.007 0.949 0.005 0.040 
989   h08141    (0)   11 :  0.006 0.918 0.002 0.074 
990   h08241    (0)   11 :  0.009 0.978 0.007 0.006 
991   h08341    (0)   11 :  0.006 0.986 0.004 0.004 
992   h08441    (0)   11 :  0.009 0.977 0.007 0.007 
993   h08541    (0)   11 :  0.044 0.950 0.003 0.003 
994   h08641    (0)   11 :  0.002 0.993 0.002 0.003 
995   h08741    (0)   11 :  0.027 0.963 0.004 0.006 
996   h08841    (0)   11 :  0.009 0.932 0.018 0.041 
997   h08941    (0)   11 :  0.008 0.965 0.011 0.016 
998   h09041    (0)   11 :  0.008 0.974 0.012 0.005 
999   h09141    (0)   11 :  0.061 0.880 0.010 0.049 
1000   h09241    (0)   11 :  0.006 0.986 0.004 0.004 
1001   h09341    (0)   11 :  0.011 0.981 0.004 0.004 
1002   h09441    (0)   11 :  0.003 0.988 0.002 0.006 
1003   h09541    (0)   11 :  0.008 0.984 0.002 0.006 
1004   h09641    (0)   11 :  0.195 0.775 0.003 0.027 
1005   h09741    (0)   11 :  0.007 0.974 0.005 0.014 
1006   h09841    (0)   11 :  0.037 0.944 0.012 0.008 
1007   h09941    (0)   11 :  0.003 0.988 0.002 0.007 
1008   h10041    (0)   11 :  0.002 0.991 0.002 0.005 
1009    h0017    (0)   12 :  0.009 0.121 0.789 0.081 
1010    h0027    (0)   12 :  0.003 0.252 0.740 0.005 
1011    h0037    (0)   12 :  0.021 0.038 0.911 0.030 
1012    h0047    (0)   12 :  0.002 0.164 0.831 0.003 
1013    h0057    (0)   12 :  0.007 0.005 0.986 0.002 
1014    h0067    (0)   12 :  0.006 0.034 0.953 0.007 
1015    h0077    (0)   12 :  0.014 0.125 0.810 0.051 
1016    h0087    (0)   12 :  0.007 0.049 0.748 0.195 
1017    h0097    (0)   12 :  0.005 0.104 0.885 0.006 
1018    h0107    (0)   12 :  0.006 0.167 0.812 0.014 
1019    h0117    (0)   12 :  0.012 0.065 0.899 0.024 
1020    h0127    (0)   12 :  0.004 0.005 0.981 0.010 
1021    h0137    (0)   12 :  0.006 0.027 0.960 0.007 
1022    h0147    (0)   12 :  0.019 0.010 0.957 0.014 
1023    h0157    (0)   12 :  0.021 0.081 0.873 0.026 
1024    h0167    (0)   12 :  0.008 0.035 0.953 0.004 
1025    h0177    (0)   12 :  0.008 0.303 0.686 0.004 
1026    h0187    (0)   12 :  0.005 0.067 0.925 0.003 
1027    h0197    (0)   12 :  0.003 0.191 0.774 0.032 
1028    h0207    (0)   12 :  0.061 0.088 0.829 0.022 
1029    h0217    (0)   12 :  0.045 0.031 0.916 0.008 
1030    h0227    (0)   12 :  0.009 0.255 0.710 0.026 
1031    h0237    (0)   12 :  0.002 0.006 0.990 0.003 
1032    h0247    (0)   12 :  0.027 0.018 0.930 0.026 
1033    h0257    (0)   12 :  0.017 0.145 0.738 0.101 
1034    h0267    (0)   12 :  0.003 0.191 0.803 0.002 
1035    h0277    (0)   12 :  0.019 0.039 0.938 0.004 
1036    h0287    (0)   12 :  0.002 0.027 0.968 0.003 
1037    h0297    (0)   12 :  0.005 0.041 0.931 0.023 
1038    h0307    (0)   12 :  0.003 0.008 0.986 0.004 
1039    h0317    (0)   12 :  0.008 0.373 0.609 0.011 
1040    h0327    (0)   12 :  0.027 0.132 0.809 0.033 
1041    h0337    (0)   12 :  0.006 0.010 0.967 0.018 
1042    h0347    (0)   12 :  0.008 0.447 0.542 0.004 
1043    h0357    (0)   12 :  0.012 0.253 0.730 0.005 
1044    h0367    (0)   12 :  0.006 0.042 0.936 0.015 
1045    h0377    (0)   12 :  0.016 0.262 0.685 0.037 
1046    h0387    (0)   12 :  0.002 0.013 0.976 0.009 
1047    h0397    (0)   12 :  0.003 0.366 0.626 0.005 
1048    h0407    (0)   12 :  0.007 0.151 0.799 0.043 
1049    h0417    (0)   12 :  0.116 0.098 0.772 0.014 
1050    h0427    (0)   12 :  0.005 0.012 0.884 0.100 
1051    h0437    (0)   12 :  0.018 0.157 0.822 0.003 
1052    h0447    (0)   12 :  0.004 0.012 0.980 0.004 
1053    h0457    (0)   12 :  0.018 0.119 0.689 0.174 
1054    h0467    (0)   12 :  0.004 0.021 0.968 0.007 
1055    h0477    (0)   12 :  0.004 0.005 0.987 0.005 
1056    h0487    (0)   12 :  0.014 0.015 0.968 0.003 
1057    h0497    (0)   12 :  0.004 0.211 0.782 0.002 
1058    h0507    (0)   12 :  0.035 0.025 0.936 0.005 
1059    h0517    (0)   12 :  0.006 0.024 0.961 0.009 
1060    h0527    (0)   12 :  0.007 0.187 0.788 0.018 
1061    h0537    (0)   12 :  0.002 0.066 0.922 0.009 
1062    h0547    (0)   12 :  0.023 0.218 0.750 0.008 
1063    h0557    (0)   12 :  0.006 0.070 0.921 0.003 
1064    h0567    (0)   12 :  0.013 0.032 0.949 0.007 
1065    h0577    (0)   12 :  0.005 0.209 0.772 0.014 
1066    h0587    (0)   12 :  0.003 0.035 0.934 0.029 
1067    h0597    (0)   12 :  0.060 0.103 0.823 0.014 
1068    h0607    (0)   12 :  0.009 0.005 0.979 0.007 
1069    h0617    (0)   12 :  0.003 0.105 0.884 0.008 
1070    h0627    (0)   12 :  0.004 0.040 0.951 0.005 
1071    h0637    (0)   12 :  0.006 0.178 0.808 0.008 
1072    h0647    (0)   12 :  0.028 0.020 0.944 0.009 
1073    h0657    (0)   12 :  0.005 0.373 0.613 0.008 
1074    h0667    (0)   12 :  0.002 0.025 0.967 0.006 
1075    h0677    (0)   12 :  0.033 0.160 0.787 0.020 
1076    h0687    (0)   12 :  0.002 0.107 0.888 0.003 
1077    h0697    (0)   12 :  0.002 0.004 0.993 0.002 
1078    h0707    (0)   12 :  0.007 0.122 0.858 0.013 
1079    h0717    (0)   12 :  0.007 0.282 0.705 0.005 
1080    h0727    (0)   12 :  0.028 0.012 0.944 0.017 
1081    h0737    (0)   12 :  0.014 0.006 0.975 0.005 
1082    h0747    (0)   12 :  0.002 0.010 0.985 0.003 
1083    h0757    (0)   12 :  0.254 0.082 0.657 0.008 
1084    h0767    (0)   12 :  0.005 0.086 0.901 0.008 
1085    h0777    (0)   12 :  0.006 0.107 0.837 0.049 
1086    h0787    (0)   12 :  0.003 0.003 0.991 0.003 
1087    h0797    (0)   12 :  0.004 0.197 0.794 0.005 
1088    h0807    (0)   12 :  0.016 0.064 0.905 0.015 
1089    h0817    (0)   12 :  0.003 0.007 0.986 0.004 
1090    h0827    (0)   12 :  0.003 0.077 0.902 0.018 
1091    h0837    (0)   12 :  0.002 0.007 0.989 0.003 
1092    h0847    (0)   12 :  0.015 0.005 0.975 0.005 
1093    h0857    (0)   12 :  0.009 0.016 0.972 0.004 
1094    h0867    (0)   12 :  0.008 0.007 0.983 0.002 
1095    h0877    (0)   12 :  0.005 0.162 0.800 0.033 
1096    h0887    (0)   12 :  0.008 0.375 0.610 0.006 
1097    h0897    (0)   12 :  0.002 0.009 0.985 0.003 
1098    h0907    (0)   12 :  0.003 0.140 0.848 0.009 
1099    h0917    (0)   12 :  0.004 0.012 0.976 0.008 
1100    h0927    (0)   12 :  0.003 0.017 0.975 0.005 
1101    h0937    (0)   12 :  0.011 0.050 0.809 0.129 
1102    h0947    (0)   12 :  0.007 0.072 0.856 0.065 
1103    h0957    (0)   12 :  0.003 0.084 0.902 0.010 
1104    h0967    (0)   12 :  0.004 0.132 0.838 0.027 
1105    h0977    (0)   12 :  0.007 0.083 0.842 0.068 
1106    h0987    (0)   12 :  0.005 0.061 0.916 0.018 
1107    h0997    (0)   12 :  0.167 0.025 0.804 0.005 
1108    h1007    (0)   12 :  0.014 0.064 0.869 0.053 
1109   h00110    (0)   13 :  0.990 0.004 0.002 0.004 
1110   h00210    (0)   13 :  0.989 0.004 0.004 0.003 
1111   h00310    (0)   13 :  0.904 0.088 0.004 0.005 
1112   h00410    (0)   13 :  0.983 0.005 0.004 0.007 
1113   h00510    (0)   13 :  0.918 0.016 0.053 0.014 
1114   h00610    (0)   13 :  0.943 0.036 0.013 0.008 
1115   h00710    (0)   13 :  0.814 0.022 0.003 0.160 
1116   h00810    (0)   13 :  0.831 0.143 0.002 0.024 
1117   h00910    (0)   13 :  0.964 0.013 0.016 0.007 
1118   h01010    (0)   13 :  0.945 0.030 0.006 0.019 
1119   h01110    (0)   13 :  0.883 0.098 0.010 0.009 
1120   h01210    (0)   13 :  0.979 0.006 0.003 0.012 
1121   h01310    (0)   13 :  0.988 0.005 0.004 0.003 
1122   h01410    (0)   13 :  0.790 0.039 0.002 0.169 
1123   h01510    (0)   13 :  0.901 0.086 0.007 0.006 
1124   h01610    (0)   13 :  0.976 0.006 0.011 0.006 
1125   h01710    (0)   13 :  0.983 0.008 0.005 0.004 
1126   h01810    (0)   13 :  0.725 0.202 0.026 0.046 
1127   h01910    (0)   13 :  0.872 0.052 0.005 0.071 
1128   h02010    (0)   13 :  0.913 0.016 0.003 0.068 
1129   h02110    (0)   13 :  0.948 0.027 0.022 0.004 
1130   h02210    (0)   13 :  0.926 0.056 0.007 0.011 
1131   h02310    (0)   13 :  0.935 0.055 0.008 0.002 
1132   h02410    (0)   13 :  0.962 0.013 0.007 0.018 
1133   h02510    (0)   13 :  0.892 0.049 0.030 0.029 
1134   h02610    (0)   13 :  0.921 0.047 0.014 0.018 
1135   h02710    (0)   13 :  0.910 0.055 0.008 0.027 
1136   h02810    (0)   13 :  0.990 0.005 0.003 0.002 
1137   h02910    (0)   13 :  0.957 0.006 0.009 0.028 
1138   h03010    (0)   13 :  0.553 0.417 0.003 0.027 
1139   h03110    (0)   13 :  0.881 0.097 0.007 0.015 
1140   h03210    (0)   13 :  0.974 0.017 0.006 0.003 
1141   h03310    (0)   13 :  0.952 0.033 0.013 0.003 
1142   h03410    (0)   13 :  0.775 0.210 0.012 0.003 
1143   h03510    (0)   13 :  0.881 0.075 0.002 0.041 
1144   h03610    (0)   13 :  0.923 0.060 0.011 0.006 
1145   h03710    (0)   13 :  0.827 0.167 0.003 0.003 
1146   h03810    (0)   13 :  0.992 0.003 0.002 0.003 
1147   h03910    (0)   13 :  0.952 0.017 0.002 0.030 
1148   h04010    (0)   13 :  0.828 0.146 0.015 0.011 
1149   h04110    (0)   13 :  0.861 0.131 0.003 0.004 
1150   h04210    (0)   13 :  0.992 0.003 0.002 0.002 
1151   h04310    (0)   13 :  0.980 0.006 0.010 0.004 
1152   h04410    (0)   13 :  0.908 0.052 0.005 0.035 
1153   h04510    (0)   13 :  0.814 0.084 0.008 0.094 
1154   h04610    (0)   13 :  0.707 0.131 0.003 0.159 
1155   h04710    (0)   13 :  0.965 0.014 0.003 0.019 
1156   h04810    (0)   13 :  0.938 0.050 0.002 0.009 
1157   h04910    (0)   13 :  0.675 0.312 0.007 0.007 
1158   h05010    (0)   13 :  0.712 0.245 0.037 0.005 
1159   h05110    (0)   13 :  0.786 0.181 0.030 0.004 
1160   h05210    (0)   13 :  0.969 0.021 0.003 0.007 
1161   h05310    (0)   13 :  0.923 0.066 0.006 0.004 
1162   h05410    (0)   13 :  0.994 0.002 0.002 0.002 
1163   h05510    (0)   13 :  0.954 0.026 0.012 0.009 
1164   h05610    (0)   13 :  0.983 0.007 0.007 0.003 
1165   h05710    (0)   13 :  0.937 0.022 0.010 0.030 
1166   h05810    (0)   13 :  0.992 0.003 0.002 0.003 
1167   h05910    (0)   13 :  0.988 0.007 0.002 0.004 
1168   h06010    (0)   13 :  0.907 0.082 0.006 0.004 
1169   h06110    (0)   13 :  0.970 0.009 0.017 0.003 
1170   h06210    (0)   13 :  0.946 0.047 0.004 0.003 
1171   h06310    (0)   13 :  0.969 0.013 0.004 0.014 
1172   h06410    (0)   13 :  0.891 0.096 0.004 0.010 
1173   h06510    (0)   13 :  0.737 0.207 0.012 0.044 
1174   h06610    (0)   13 :  0.967 0.013 0.010 0.010 
1175   h06710    (0)   13 :  0.899 0.062 0.010 0.029 
1176   h06810    (0)   13 :  0.874 0.052 0.059 0.015 
1177   h06910    (0)   13 :  0.989 0.003 0.003 0.005 
1178   h07010    (0)   13 :  0.812 0.075 0.086 0.027 
1179   h07110    (0)   13 :  0.637 0.317 0.021 0.024 
1180   h07210    (0)   13 :  0.950 0.036 0.008 0.006 
1181   h07310    (0)   13 :  0.670 0.318 0.003 0.008 
1182   h07410    (0)   13 :  0.843 0.151 0.004 0.002 
1183   h07510    (0)   13 :  0.990 0.004 0.003 0.003 
1184   h07610    (0)   13 :  0.901 0.040 0.038 0.021 
1185   h07710    (0)   13 :  0.992 0.004 0.002 0.002 
1186   h07810    (0)   13 :  0.942 0.039 0.010 0.009 
1187   h07910    (0)   13 :  0.993 0.002 0.002 0.003 
1188   h08010    (0)   13 :  0.892 0.099 0.004 0.006 
1189   h08110    (0)   13 :  0.935 0.027 0.005 0.033 
1190   h08210    (0)   13 :  0.979 0.007 0.003 0.010 
1191   h08310    (0)   13 :  0.891 0.022 0.081 0.006 
1192   h08410    (0)   13 :  0.822 0.156 0.002 0.020 
1193   h08510    (0)   13 :  0.861 0.080 0.012 0.047 
1194   h08610    (0)   13 :  0.674 0.160 0.026 0.140 
1195   h08710    (0)   13 :  0.752 0.231 0.002 0.015 
1196   h08810    (0)   13 :  0.983 0.006 0.005 0.006 
1197   h08910    (0)   13 :  0.984 0.007 0.004 0.005 
1198   h09010    (0)   13 :  0.970 0.012 0.012 0.006 
1199   h09110    (0)   13 :  0.914 0.041 0.003 0.043 
1200   h09210    (0)   13 :  0.984 0.008 0.003 0.005 
1201   h09310    (0)   13 :  0.824 0.110 0.052 0.014 
1202   h09410    (0)   13 :  0.952 0.024 0.006 0.018 
1203   h09510    (0)   13 :  0.937 0.034 0.006 0.023 
1204   h09610    (0)   13 :  0.755 0.212 0.005 0.027 
1205   h09710    (0)   13 :  0.988 0.005 0.002 0.005 
1206   h09810    (0)   13 :  0.885 0.024 0.077 0.013 
1207   h09910    (0)   13 :  0.946 0.040 0.009 0.005 
1208   h10010    (0)   13 :  0.991 0.004 0.002 0.003 
1209   h00113    (0)   14 :  0.004 0.414 0.004 0.578 
1210   h00213    (0)   14 :  0.003 0.024 0.004 0.969 
1211   h00313    (0)   14 :  0.011 0.009 0.004 0.975 
1212   h00413    (0)   14 :  0.003 0.007 0.004 0.985 
1213   h00513    (0)   14 :  0.014 0.246 0.088 0.652 
1214   h00613    (0)   14 :  0.040 0.161 0.004 0.795 
1215   h00713    (0)   14 :  0.009 0.057 0.011 0.924 
1216   h00813    (0)   14 :  0.179 0.018 0.010 0.794 
1217   h00913    (0)   14 :  0.004 0.007 0.002 0.986 
1218   h01013    (0)   14 :  0.013 0.171 0.004 0.812 
1219   h01113    (0)   14 :  0.005 0.020 0.006 0.969 
1220   h01213    (0)   14 :  0.004 0.243 0.016 0.737 
1221   h01313    (0)   14 :  0.005 0.427 0.025 0.543 
1222   h01413    (0)   14 :  0.010 0.023 0.007 0.960 
1223   h01513    (0)   14 :  0.005 0.014 0.004 0.978 
1224   h01613    (0)   14 :  0.003 0.007 0.004 0.986 
1225   h01713    (0)   14 :  0.021 0.067 0.003 0.909 
1226   h01813    (0)   14 :  0.002 0.006 0.004 0.987 
1227   h01913    (0)   14 :  0.002 0.087 0.002 0.908 
1228   h02013    (0)   14 :  0.007 0.006 0.003 0.985 
1229   h02113    (0)   14 :  0.002 0.010 0.014 0.973 
1230   h02213    (0)   14 :  0.006 0.131 0.004 0.860 
1231   h02313    (0)   14 :  0.013 0.011 0.024 0.952 
1232   h02413    (0)   14 :  0.003 0.015 0.006 0.976 
1233   h02513    (0)   14 :  0.003 0.469 0.019 0.508 
1234   h02613    (0)   14 :  0.004 0.020 0.003 0.973 
1235   h02713    (0)   14 :  0.006 0.105 0.007 0.882 
1236   h02813    (0)   14 :  0.046 0.032 0.005 0.917 
1237   h02913    (0)   14 :  0.004 0.117 0.007 0.871 
1238   h03013    (0)   14 :  0.016 0.036 0.018 0.930 
1239   h03113    (0)   14 :  0.004 0.107 0.005 0.884 
1240   h03213    (0)   14 :  0.004 0.472 0.015 0.509 
1241   h03313    (0)   14 :  0.007 0.010 0.002 0.980 
1242   h03413    (0)   14 :  0.006 0.024 0.008 0.963 
1243   h03513    (0)   14 :  0.005 0.062 0.003 0.930 
1244   h03613    (0)   14 :  0.004 0.182 0.041 0.773 
1245   h03713    (0)   14 :  0.006 0.059 0.011 0.924 
1246   h03813    (0)   14 :  0.043 0.014 0.051 0.893 
1247   h03913    (0)   14 :  0.006 0.020 0.004 0.971 
1248   h04013    (0)   14 :  0.006 0.005 0.014 0.975 
1249   h04113    (0)   14 :  0.017 0.019 0.006 0.958 
1250   h04213    (0)   14 :  0.004 0.291 0.009 0.696 
1251   h04313    (0)   14 :  0.005 0.038 0.112 0.845 
1252   h04413    (0)   14 :  0.003 0.284 0.004 0.709 
1253   h04513    (0)   14 :  0.018 0.203 0.004 0.775 
1254   h04613    (0)   14 :  0.006 0.008 0.003 0.983 
1255   h04713    (0)   14 :  0.022 0.059 0.024 0.895 
1256   h04813    (0)   14 :  0.003 0.024 0.019 0.954 
1257   h04913    (0)   14 :  0.066 0.011 0.002 0.920 
1258   h05013    (0)   14 :  0.016 0.208 0.010 0.767 
1259   h05113    (0)   14 :  0.005 0.035 0.023 0.937 
1260   h05213    (0)   14 :  0.015 0.012 0.003 0.971 
1261   h05313    (0)   14 :  0.104 0.109 0.014 0.774 
1262   h05413    (0)   14 :  0.009 0.144 0.008 0.839 
1263   h05513    (0)   14 :  0.115 0.033 0.006 0.846 
1264   h05613    (0)   14 :  0.003 0.045 0.154 0.798 
1265   h05713    (0)   14 :  0.006 0.019 0.009 0.966 
1266   h05813    (0)   14 :  0.010 0.124 0.004 0.863 
1267   h05913    (0)   14 :  0.004 0.038 0.009 0.948 
1268   h06013    (0)   14 :  0.012 0.184 0.038 0.767 
1269   h06113    (0)   14 :  0.009 0.024 0.003 0.964 
1270   h06213    (0)   14 :  0.002 0.004 0.005 0.988 
1271   h06313    (0)   14 :  0.005 0.037 0.044 0.914 
1272   h06413    (0)   14 :  0.003 0.005 0.004 0.987 
1273   h06513    (0)   14 :  0.045 0.013 0.003 0.939 
1274   h06613    (0)   14 :  0.003 0.328 0.005 0.664 
1275   h06713    (0)   14 :  0.007 0.051 0.006 0.936 
1276   h06813    (0)   14 :  0.317 0.051 0.022 0.610 
1277   h06913    (0)   14 :  0.006 0.060 0.104 0.830 
1278   h07013    (0)   14 :  0.003 0.011 0.007 0.979 
1279   h07113    (0)   14 :  0.003 0.051 0.003 0.943 
1280   h07213    (0)   14 :  0.008 0.016 0.030 0.946 
1281   h07313    (0)   14 :  0.002 0.005 0.003 0.990 
1282   h07413    (0)   14 :  0.004 0.420 0.002 0.575 
1283   h07513    (0)   14 :  0.019 0.190 0.004 0.786 
1284   h07613    (0)   14 :  0.004 0.011 0.003 0.982 
1285   h07713    (0)   14 :  0.038 0.248 0.010 0.704 
1286   h07813    (0)   14 :  0.006 0.012 0.015 0.967 
1287   h07913    (0)   14 :  0.044 0.154 0.005 0.797 
1288   h08013    (0)   14 :  0.010 0.059 0.010 0.922 
1289   h08113    (0)   14 :  0.003 0.005 0.005 0.987 
1290   h08213    (0)   14 :  0.026 0.023 0.003 0.948 
1291   h08313    (0)   14 :  0.004 0.266 0.003 0.727 
1292   h08413    (0)   14 :  0.007 0.096 0.059 0.838 
1293   h08513    (0)   14 :  0.004 0.007 0.005 0.985 
1294   h08613    (0)   14 :  0.007 0.258 0.007 0.729 
1295   h08713    (0)   14 :  0.003 0.004 0.006 0.987 
1296   h08813    (0)   14 :  0.038 0.078 0.023 0.862 
1297   h08913    (0)   14 :  0.003 0.443 0.029 0.525 
1298   h09013    (0)   14 :  0.003 0.124 0.031 0.842 
1299   h09113    (0)   14 :  0.003 0.004 0.012 0.980 
1300   h09213    (0)   14 :  0.061 0.036 0.003 0.900 
1301   h09313    (0)   14 :  0.039 0.299 0.010 0.652 
1302   h09413    (0)   14 :  0.057 0.250 0.013 0.680 
1303   h09513    (0)   14 :  0.012 0.071 0.004 0.913 
1304   h09613    (0)   14 :  0.032 0.131 0.020 0.817 
1305   h09713    (0)   14 :  0.021 0.031 0.008 0.941 
1306   h09813    (0)   14 :  0.012 0.266 0.030 0.692 
1307   h09913    (0)   14 :  0.003 0.014 0.007 0.976 
1308   h10013    (0)   14 :  0.007 0.043 0.013 0.937 
1309    W23CA   (10)   15 :  0.007 0.971 0.004 0.019 
1310  AP.085Y    (5)   15 :  0.023 0.937 0.029 0.010 
1311  CH.0LLY    (5)   15 :  0.038 0.949 0.006 0.007 
1312    M0LEC    (5)   15 :  0.005 0.986 0.003 0.007 
1313    M2C3H   (10)   15 :  0.021 0.899 0.017 0.063 
1314    M2CHL    (5)   15 :  0.051 0.928 0.008 0.013 
1315    W26P7   (10)   15 :  0.012 0.827 0.003 0.157 
1316  AP.07M5    (0)   15 :  0.003 0.947 0.043 0.007 
1317  AP.080U    (0)   15 :  0.006 0.976 0.003 0.015 
1318  AP.082A    (0)   15 :  0.002 0.975 0.016 0.007 
1319  AP.0843    (0)   15 :  0.006 0.974 0.017 0.004 
1320  AP.0844    (0)   15 :  0.025 0.957 0.003 0.014 
1321  AP.084X    (0)   15 :  0.002 0.979 0.007 0.011 
1322  AP.086Y    (0)   15 :  0.004 0.729 0.006 0.261 
1323  AP.0870    (0)   15 :  0.027 0.711 0.004 0.258 
1324  AP.0878    (0)   15 :  0.009 0.821 0.005 0.166 
1325  AP.087F    (0)   15 :  0.007 0.983 0.004 0.007 
1326  AP.087Y    (0)   15 :  0.023 0.961 0.005 0.012 
1327  AP.088P    (0)   15 :  0.002 0.979 0.012 0.007 
1328  AP.08AK    (5)   15 :  0.002 0.919 0.076 0.003 
1329  CH.0LLM    (0)   15 :  0.049 0.861 0.007 0.083 
1330  CH.0LLU    (0)   15 :  0.051 0.932 0.006 0.012 
1331  CH.0LM0    (5)   15 :  0.005 0.943 0.049 0.003 
1332  CH.0LM3    (5)   15 :  0.002 0.973 0.018 0.007 
1333    W26MY    (0)   15 :  0.019 0.837 0.032 0.111 
1334    W26P6    (0)   15 :  0.003 0.978 0.013 0.007 
1335   HRV07U    (0)   15 :  0.025 0.954 0.004 0.017 
1336   HRV1CT    (0)   15 :  0.005 0.979 0.011 0.006 
1337   HRV1CU    (0)   15 :  0.006 0.968 0.015 0.011 
1338   HRV1E6    (0)   15 :  0.005 0.981 0.009 0.005 
1339   HRV081    (0)   15 :  0.002 0.850 0.141 0.006 
1340   HRV1E3    (0)   15 :  0.009 0.981 0.004 0.005 
1341   MSV21E    (0)   15 :  0.011 0.957 0.018 0.014 
1342   MSV216    (0)   15 :  0.021 0.427 0.014 0.538 
1343    M0TYK    (0)   15 :  0.006 0.966 0.010 0.018 
1344   MSV2AA    (0)   15 :  0.007 0.971 0.006 0.016 
1345  CK.0PET    (0)   15 :  0.022 0.888 0.016 0.074 
1346    M2E8C    (0)   15 :  0.004 0.986 0.006 0.004 
1347   MSV23X    (0)   15 :  0.008 0.945 0.009 0.038 
1348   MSV32A    (0)   15 :  0.003 0.933 0.004 0.060 
1349  AP.0838    (0)   15 :  0.063 0.920 0.002 0.014 
1350  AP.088F    (0)   15 :  0.014 0.937 0.003 0.045 
1351   h00121    (0)   16 :  0.006 0.983 0.004 0.006 
1352   h00221    (0)   16 :  0.006 0.979 0.003 0.011 
1353   h00321    (0)   16 :  0.003 0.974 0.019 0.004 
1354   h00421    (0)   16 :  0.003 0.976 0.016 0.005 
1355   h00521    (0)   16 :  0.002 0.986 0.006 0.005 
1356   h00621    (0)   16 :  0.002 0.972 0.019 0.006 
1357   h00721    (0)   16 :  0.019 0.962 0.012 0.007 
1358   h00821    (0)   16 :  0.005 0.982 0.005 0.008 
1359   h00921    (0)   16 :  0.005 0.969 0.023 0.003 
1360   h01021    (0)   16 :  0.006 0.966 0.010 0.018 
1361   h01121    (0)   16 :  0.006 0.962 0.022 0.009 
1362   h01221    (0)   16 :  0.005 0.970 0.007 0.018 
1363   h01321    (0)   16 :  0.003 0.990 0.003 0.004 
1364   h01421    (0)   16 :  0.003 0.984 0.010 0.003 
1365   h01521    (0)   16 :  0.006 0.975 0.012 0.007 
1366   h01621    (0)   16 :  0.016 0.954 0.021 0.009 
1367   h01721    (0)   16 :  0.008 0.970 0.017 0.006 
1368   h01821    (0)   16 :  0.004 0.972 0.019 0.005 
1369   h01921    (0)   16 :  0.007 0.902 0.069 0.022 
1370   h02021    (0)   16 :  0.012 0.977 0.004 0.007 
1371   h02121    (0)   16 :  0.002 0.988 0.004 0.005 
1372   h02221    (0)   16 :  0.004 0.967 0.024 0.004 
1373   h02321    (0)   16 :  0.018 0.973 0.006 0.003 
1374   h02421    (0)   16 :  0.006 0.979 0.007 0.008 
1375   h02521    (0)   16 :  0.005 0.977 0.012 0.006 
1376   h02621    (0)   16 :  0.003 0.984 0.005 0.007 
1377   h02721    (0)   16 :  0.002 0.983 0.005 0.009 
1378   h02821    (0)   16 :  0.002 0.991 0.003 0.003 
1379   h02921    (0)   16 :  0.003 0.982 0.011 0.004 
1380   h03021    (0)   16 :  0.003 0.987 0.005 0.005 
1381   h03121    (0)   16 :  0.007 0.986 0.004 0.003 
1382   h03221    (0)   16 :  0.004 0.941 0.009 0.047 
1383   h03321    (0)   16 :  0.003 0.977 0.016 0.004 
1384   h03421    (0)   16 :  0.009 0.978 0.003 0.011 
1385   h03521    (0)   16 :  0.004 0.988 0.004 0.004 
1386   h03621    (0)   16 :  0.007 0.916 0.055 0.023 
1387   h03721    (0)   16 :  0.004 0.923 0.069 0.004 
1388   h03821    (0)   16 :  0.003 0.982 0.007 0.008 
1389   h03921    (0)   16 :  0.008 0.953 0.022 0.018 
1390   h04021    (0)   16 :  0.002 0.984 0.008 0.006 
1391   h04121    (0)   16 :  0.003 0.980 0.012 0.006 
1392   h04221    (0)   16 :  0.004 0.986 0.006 0.004 
1393   h04321    (0)   16 :  0.003 0.983 0.008 0.006 
1394   h04421    (0)   16 :  0.002 0.988 0.004 0.005 
1395   h04521    (0)   16 :  0.003 0.976 0.011 0.010 
1396   h04621    (0)   16 :  0.219 0.752 0.022 0.007 
1397   h04721    (0)   16 :  0.004 0.866 0.121 0.010 
1398   h04821    (0)   16 :  0.013 0.979 0.005 0.002 
1399   h04921    (0)   16 :  0.003 0.989 0.004 0.004 
1400   h05021    (0)   16 :  0.002 0.984 0.009 0.004 
1401   h05121    (0)   16 :  0.003 0.981 0.008 0.007 
1402   h05221    (0)   16 :  0.013 0.973 0.007 0.008 
1403   h05321    (0)   16 :  0.004 0.980 0.013 0.004 
1404   h05421    (0)   16 :  0.003 0.985 0.008 0.005 
1405   h05521    (0)   16 :  0.002 0.986 0.008 0.005 
1406   h05621    (0)   16 :  0.014 0.959 0.006 0.021 
1407   h05721    (0)   16 :  0.008 0.985 0.003 0.004 
1408   h05821    (0)   16 :  0.005 0.792 0.176 0.027 
1409   h05921    (0)   16 :  0.007 0.971 0.016 0.006 
1410   h06021    (0)   16 :  0.003 0.944 0.042 0.011 
1411   h06121    (0)   16 :  0.004 0.983 0.005 0.008 
1412   h06221    (0)   16 :  0.003 0.987 0.006 0.004 
1413   h06321    (0)   16 :  0.010 0.950 0.034 0.006 
1414   h06421    (0)   16 :  0.004 0.987 0.004 0.004 
1415   h06521    (0)   16 :  0.004 0.946 0.036 0.013 
1416   h06621    (0)   16 :  0.008 0.983 0.003 0.005 
1417   h06721    (0)   16 :  0.006 0.887 0.085 0.022 
1418   h06821    (0)   16 :  0.006 0.981 0.006 0.006 
1419   h06921    (0)   16 :  0.016 0.977 0.002 0.005 
1420   h07021    (0)   16 :  0.005 0.961 0.008 0.026 
1421   h07121    (0)   16 :  0.004 0.989 0.003 0.004 
1422   h07221    (0)   16 :  0.002 0.967 0.010 0.021 
1423   h07321    (0)   16 :  0.005 0.971 0.016 0.009 
1424   h07421    (0)   16 :  0.006 0.957 0.025 0.012 
1425   h07521    (0)   16 :  0.002 0.976 0.006 0.016 
1426   h07621    (0)   16 :  0.005 0.951 0.026 0.018 
1427   h07721    (0)   16 :  0.026 0.913 0.054 0.008 
1428   h07821    (0)   16 :  0.004 0.972 0.008 0.016 
1429   h07921    (0)   16 :  0.003 0.988 0.005 0.005 
1430   h08021    (0)   16 :  0.007 0.973 0.013 0.007 
1431   h08121    (0)   16 :  0.003 0.952 0.021 0.024 
1432   h08221    (0)   16 :  0.003 0.962 0.019 0.016 
1433   h08321    (0)   16 :  0.003 0.964 0.008 0.026 
1434   h08421    (0)   16 :  0.002 0.989 0.005 0.004 
1435   h08521    (0)   16 :  0.005 0.980 0.005 0.010 
1436   h08621    (0)   16 :  0.003 0.822 0.084 0.090 
1437   h08721    (0)   16 :  0.003 0.974 0.007 0.016 
1438   h08821    (0)   16 :  0.002 0.979 0.014 0.005 
1439   h08921    (0)   16 :  0.003 0.960 0.015 0.021 
1440   h09021    (0)   16 :  0.003 0.990 0.002 0.005 
1441   h09121    (0)   16 :  0.007 0.980 0.005 0.008 
1442   h09221    (0)   16 :  0.004 0.980 0.007 0.009 
1443   h09321    (0)   16 :  0.004 0.969 0.023 0.003 
1444   h09421    (0)   16 :  0.003 0.966 0.019 0.011 
1445   h09521    (0)   16 :  0.010 0.972 0.006 0.012 
1446   h09621    (0)   16 :  0.003 0.964 0.028 0.006 
1447   h09721    (0)   16 :  0.002 0.983 0.008 0.007 
1448   h09821    (0)   16 :  0.003 0.972 0.022 0.003 
1449   h09921    (0)   16 :  0.022 0.964 0.008 0.006 
1450   h10021    (0)   16 :  0.005 0.954 0.015 0.026 
1451   h00151    (0)   17 :  0.003 0.977 0.012 0.008 
1452   h00251    (0)   17 :  0.014 0.971 0.004 0.011 
1453   h00351    (0)   17 :  0.035 0.932 0.005 0.028 
1454   h00451    (0)   17 :  0.002 0.993 0.002 0.003 
1455   h00551    (0)   17 :  0.002 0.990 0.004 0.004 
1456   h00651    (0)   17 :  0.004 0.977 0.012 0.007 
1457   h00751    (0)   17 :  0.008 0.971 0.005 0.015 
1458   h00851    (0)   17 :  0.006 0.976 0.005 0.013 
1459   h00951    (0)   17 :  0.008 0.973 0.004 0.015 
1460   h01051    (0)   17 :  0.005 0.989 0.003 0.004 
1461   h01151    (0)   17 :  0.004 0.983 0.005 0.008 
1462   h01251    (0)   17 :  0.003 0.987 0.006 0.004 
1463   h01351    (0)   17 :  0.033 0.960 0.003 0.004 
1464   h01451    (0)   17 :  0.003 0.988 0.004 0.005 
1465   h01551    (0)   17 :  0.004 0.984 0.005 0.007 
1466   h01651    (0)   17 :  0.004 0.986 0.002 0.008 
1467   h01751    (0)   17 :  0.009 0.974 0.005 0.013 
1468   h01851    (0)   17 :  0.039 0.941 0.006 0.014 
1469   h01951    (0)   17 :  0.113 0.876 0.005 0.006 
1470   h02051    (0)   17 :  0.006 0.980 0.004 0.009 
1471   h02151    (0)   17 :  0.004 0.986 0.004 0.006 
1472   h02251    (0)   17 :  0.005 0.953 0.024 0.018 
1473   h02351    (0)   17 :  0.007 0.939 0.009 0.046 
1474   h02451    (0)   17 :  0.010 0.960 0.003 0.027 
1475   h02551    (0)   17 :  0.007 0.981 0.004 0.008 
1476   h02651    (0)   17 :  0.006 0.966 0.006 0.022 
1477   h02751    (0)   17 :  0.004 0.985 0.003 0.008 
1478   h02851    (0)   17 :  0.010 0.926 0.014 0.050 
1479   h02951    (0)   17 :  0.011 0.971 0.013 0.004 
1480   h03051    (0)   17 :  0.018 0.963 0.005 0.014 
1481   h03151    (0)   17 :  0.103 0.883 0.009 0.005 
1482   h03251    (0)   17 :  0.005 0.988 0.003 0.004 
1483   h03351    (0)   17 :  0.010 0.983 0.002 0.005 
1484   h03451    (0)   17 :  0.009 0.984 0.003 0.004 
1485   h03551    (0)   17 :  0.009 0.982 0.004 0.005 
1486   h03651    (0)   17 :  0.002 0.917 0.007 0.074 
1487   h03751    (0)   17 :  0.044 0.941 0.005 0.010 
1488   h03851    (0)   17 :  0.012 0.971 0.011 0.006 
1489   h03951    (0)   17 :  0.003 0.896 0.089 0.011 
1490   h04051    (0)   17 :  0.033 0.810 0.007 0.150 
1491   h04151    (0)   17 :  0.003 0.977 0.005 0.015 
1492   h04251    (0)   17 :  0.008 0.985 0.002 0.006 
1493   h04351    (0)   17 :  0.014 0.975 0.006 0.006 
1494   h04451    (0)   17 :  0.010 0.984 0.003 0.003 
1495   h04551    (0)   17 :  0.002 0.989 0.002 0.006 
1496   h04651    (0)   17 :  0.003 0.990 0.003 0.004 
1497   h04751    (0)   17 :  0.018 0.973 0.003 0.005 
1498   h04851    (0)   17 :  0.014 0.963 0.005 0.018 
1499   h04951    (0)   17 :  0.006 0.987 0.004 0.003 
1500   h05051    (0)   17 :  0.007 0.960 0.003 0.030 
1501   h05151    (0)   17 :  0.005 0.980 0.006 0.009 
1502   h05251    (0)   17 :  0.010 0.979 0.003 0.008 
1503   h05351    (0)   17 :  0.182 0.779 0.005 0.035 
1504   h05451    (0)   17 :  0.004 0.983 0.003 0.010 
1505   h05551    (0)   17 :  0.004 0.959 0.007 0.030 
1506   h05651    (0)   17 :  0.002 0.983 0.005 0.010 
1507   h05751    (0)   17 :  0.007 0.947 0.016 0.031 
1508   h05851    (0)   17 :  0.003 0.970 0.004 0.024 
1509   h05951    (0)   17 :  0.020 0.967 0.008 0.006 
1510   h06051    (0)   17 :  0.003 0.977 0.004 0.015 
1511   h06151    (0)   17 :  0.017 0.811 0.009 0.163 
1512   h06251    (0)   17 :  0.018 0.969 0.004 0.009 
1513   h06351    (0)   17 :  0.019 0.966 0.005 0.010 
1514   h06451    (0)   17 :  0.005 0.980 0.006 0.009 
1515   h06551    (0)   17 :  0.006 0.984 0.006 0.004 
1516   h06651    (0)   17 :  0.003 0.580 0.016 0.402 
1517   h06751    (0)   17 :  0.010 0.982 0.004 0.004 
1518   h06851    (0)   17 :  0.007 0.980 0.008 0.005 
1519   h06951    (0)   17 :  0.002 0.990 0.004 0.004 
1520   h07051    (0)   17 :  0.007 0.981 0.003 0.009 
1521   h07151    (0)   17 :  0.004 0.985 0.005 0.006 
1522   h07251    (0)   17 :  0.007 0.968 0.014 0.011 
1523   h07351    (0)   17 :  0.010 0.927 0.048 0.015 
1524   h07451    (0)   17 :  0.003 0.981 0.009 0.007 
1525   h07551    (0)   17 :  0.014 0.940 0.013 0.033 
1526   h07651    (0)   17 :  0.003 0.984 0.005 0.008 
1527   h07751    (0)   17 :  0.004 0.987 0.003 0.006 
1528   h07851    (0)   17 :  0.014 0.972 0.004 0.010 
1529   h07951    (0)   17 :  0.002 0.980 0.006 0.011 
1530   h08051    (0)   17 :  0.020 0.963 0.008 0.008 
1531   h08151    (0)   17 :  0.009 0.983 0.004 0.004 
1532   h08251    (0)   17 :  0.006 0.972 0.002 0.020 
1533   h08351    (0)   17 :  0.006 0.986 0.002 0.006 
1534   h08451    (0)   17 :  0.005 0.978 0.006 0.011 
1535   h08551    (0)   17 :  0.003 0.990 0.002 0.004 
1536   h08651    (0)   17 :  0.037 0.954 0.003 0.006 
1537   h08751    (0)   17 :  0.015 0.977 0.003 0.005 
1538   h08851    (0)   17 :  0.002 0.990 0.002 0.005 
1539   h08951    (0)   17 :  0.060 0.930 0.003 0.007 
1540   h09051    (0)   17 :  0.022 0.922 0.002 0.054 
1541   h09151    (0)   17 :  0.027 0.930 0.009 0.034 
1542   h09251    (0)   17 :  0.004 0.974 0.004 0.018 
1543   h09351    (0)   17 :  0.007 0.685 0.003 0.305 
1544   h09451    (0)   17 :  0.011 0.960 0.007 0.023 
1545   h09551    (0)   17 :  0.003 0.988 0.002 0.007 
1546   h09651    (0)   17 :  0.004 0.990 0.002 0.004 
1547   h09751    (0)   17 :  0.006 0.986 0.003 0.005 
1548   h09851    (0)   17 :  0.004 0.984 0.007 0.005 
1549   h09951    (0)   17 :  0.004 0.989 0.002 0.005 
1550   h10051    (0)   17 :  0.004 0.985 0.007 0.004 
1551    h0018    (0)   18 :  0.010 0.048 0.921 0.021 
1552    h0028    (0)   18 :  0.002 0.003 0.994 0.002 
1553    h0038    (0)   18 :  0.002 0.003 0.994 0.002 
1554    h0048    (0)   18 :  0.002 0.019 0.969 0.009 
1555    h0058    (0)   18 :  0.002 0.002 0.994 0.002 
1556    h0068    (0)   18 :  0.003 0.006 0.988 0.002 
1557    h0078    (0)   18 :  0.003 0.004 0.991 0.003 
1558    h0088    (0)   18 :  0.002 0.002 0.993 0.003 
1559    h0098    (0)   18 :  0.002 0.003 0.993 0.002 
1560    h0108    (0)   18 :  0.003 0.026 0.950 0.020 
1561    h0118    (0)   18 :  0.006 0.005 0.985 0.004 
1562    h0128    (0)   18 :  0.003 0.003 0.992 0.003 
1563    h0138    (0)   18 :  0.002 0.004 0.918 0.076 
1564    h0148    (0)   18 :  0.003 0.006 0.989 0.002 
1565    h0158    (0)   18 :  0.002 0.003 0.993 0.002 
1566    h0168    (0)   18 :  0.003 0.006 0.988 0.004 
1567    h0178    (0)   18 :  0.002 0.002 0.994 0.002 
1568    h0188    (0)   18 :  0.003 0.021 0.973 0.003 
1569    h0198    (0)   18 :  0.002 0.026 0.968 0.005 
1570    h0208    (0)   18 :  0.013 0.037 0.937 0.013 
1571    h0218    (0)   18 :  0.003 0.003 0.991 0.003 
1572    h0228    (0)   18 :  0.003 0.035 0.857 0.106 
1573    h0238    (0)   18 :  0.064 0.030 0.889 0.017 
1574    h0248    (0)   18 :  0.002 0.002 0.994 0.002 
1575    h0258    (0)   18 :  0.011 0.013 0.964 0.012 
1576    h0268    (0)   18 :  0.003 0.004 0.991 0.002 
1577    h0278    (0)   18 :  0.004 0.076 0.886 0.033 
1578    h0288    (0)   18 :  0.002 0.003 0.993 0.003 
1579    h0298    (0)   18 :  0.003 0.028 0.947 0.022 
1580    h0308    (0)   18 :  0.002 0.002 0.994 0.002 
1581    h0318    (0)   18 :  0.007 0.003 0.983 0.006 
1582    h0328    (0)   18 :  0.017 0.009 0.921 0.052 
1583    h0338    (0)   18 :  0.012 0.061 0.919 0.009 
1584    h0348    (0)   18 :  0.003 0.057 0.891 0.050 
1585    h0358    (0)   18 :  0.002 0.003 0.993 0.002 
1586    h0368    (0)   18 :  0.003 0.004 0.992 0.002 
1587    h0378    (0)   18 :  0.029 0.007 0.961 0.003 
1588    h0388    (0)   18 :  0.011 0.007 0.979 0.003 
1589    h0398    (0)   18 :  0.008 0.171 0.811 0.010 
1590    h0408    (0)   18 :  0.002 0.006 0.988 0.004 
1591    h0418    (0)   18 :  0.002 0.002 0.995 0.002 
1592    h0428    (0)   18 :  0.002 0.003 0.990 0.005 
1593    h0438    (0)   18 :  0.002 0.005 0.981 0.012 
1594    h0448    (0)   18 :  0.007 0.005 0.972 0.016 
1595    h0458    (0)   18 :  0.004 0.003 0.988 0.005 
1596    h0468    (0)   18 :  0.008 0.005 0.984 0.003 
1597    h0478    (0)   18 :  0.006 0.002 0.990 0.002 
1598    h0488    (0)   18 :  0.004 0.007 0.986 0.002 
1599    h0498    (0)   18 :  0.036 0.032 0.893 0.039 
1600    h0508    (0)   18 :  0.004 0.187 0.798 0.011 
1601    h0518    (0)   18 :  0.002 0.005 0.989 0.004 
1602    h0528    (0)   18 :  0.005 0.055 0.934 0.006 
1603    h0538    (0)   18 :  0.018 0.028 0.945 0.009 
1604    h0548    (0)   18 :  0.004 0.019 0.974 0.002 
1605    h0558    (0)   18 :  0.002 0.008 0.964 0.026 
1606    h0568    (0)   18 :  0.024 0.035 0.927 0.013 
1607    h0578    (0)   18 :  0.004 0.009 0.979 0.008 
1608    h0588    (0)   18 :  0.001 0.028 0.969 0.002 
1609    h0598    (0)   18 :  0.003 0.053 0.939 0.005 
1610    h0608    (0)   18 :  0.006 0.017 0.971 0.005 
1611    h0618    (0)   18 :  0.007 0.048 0.936 0.010 
1612    h0628    (0)   18 :  0.009 0.012 0.976 0.004 
1613    h0638    (0)   18 :  0.004 0.004 0.987 0.005 
1614    h0648    (0)   18 :  0.002 0.004 0.990 0.004 
1615    h0658    (0)   18 :  0.004 0.007 0.984 0.005 
1616    h0668    (0)   18 :  0.005 0.005 0.987 0.002 
1617    h0678    (0)   18 :  0.002 0.002 0.995 0.002 
1618    h0688    (0)   18 :  0.003 0.160 0.818 0.018 
1619    h0698    (0)   18 :  0.002 0.021 0.957 0.020 
1620    h0708    (0)   18 :  0.002 0.039 0.936 0.022 
1621    h0718    (0)   18 :  0.003 0.010 0.984 0.002 
1622    h0728    (0)   18 :  0.005 0.022 0.956 0.018 
1623    h0738    (0)   18 :  0.002 0.002 0.993 0.003 
1624    h0748    (0)   18 :  0.006 0.009 0.980 0.005 
1625    h0758    (0)   18 :  0.004 0.013 0.974 0.009 
1626    h0768    (0)   18 :  0.011 0.031 0.954 0.004 
1627    h0778    (0)   18 :  0.012 0.023 0.952 0.014 
1628    h0788    (0)   18 :  0.003 0.009 0.977 0.011 
1629    h0798    (0)   18 :  0.002 0.002 0.994 0.002 
1630    h0808    (0)   18 :  0.011 0.012 0.949 0.028 
1631    h0818    (0)   18 :  0.008 0.063 0.908 0.020 
1632    h0828    (0)   18 :  0.004 0.065 0.884 0.047 
1633    h0838    (0)   18 :  0.071 0.041 0.877 0.011 
1634    h0848    (0)   18 :  0.015 0.013 0.958 0.015 
1635    h0858    (0)   18 :  0.009 0.081 0.896 0.013 
1636    h0868    (0)   18 :  0.015 0.007 0.974 0.003 
1637    h0878    (0)   18 :  0.002 0.003 0.993 0.002 
1638    h0888    (0)   18 :  0.002 0.007 0.988 0.003 
1639    h0898    (0)   18 :  0.003 0.032 0.871 0.094 
1640    h0908    (0)   18 :  0.002 0.002 0.993 0.003 
1641    h0918    (0)   18 :  0.002 0.015 0.979 0.003 
1642    h0928    (0)   18 :  0.006 0.005 0.983 0.006 
1643    h0938    (0)   18 :  0.011 0.039 0.940 0.011 
1644    h0948    (0)   18 :  0.006 0.010 0.979 0.005 
1645    h0958    (0)   18 :  0.016 0.030 0.937 0.017 
1646    h0968    (0)   18 :  0.004 0.025 0.940 0.031 
1647    h0978    (0)   18 :  0.002 0.003 0.993 0.002 
1648    h0988    (0)   18 :  0.013 0.008 0.975 0.004 
1649    h0998    (0)   18 :  0.007 0.010 0.962 0.021 
1650    h1008    (0)   18 :  0.004 0.006 0.986 0.004 
1651   h00111    (0)   19 :  0.991 0.004 0.002 0.003 
1652   h00211    (0)   19 :  0.988 0.004 0.003 0.004 
1653   h00311    (0)   19 :  0.984 0.005 0.003 0.008 
1654   h00411    (0)   19 :  0.976 0.011 0.004 0.010 
1655   h00511    (0)   19 :  0.976 0.009 0.009 0.006 
1656   h00611    (0)   19 :  0.879 0.021 0.003 0.097 
1657   h00711    (0)   19 :  0.928 0.023 0.046 0.003 
1658   h00811    (0)   19 :  0.771 0.205 0.003 0.020 
1659   h00911    (0)   19 :  0.987 0.004 0.004 0.005 
1660   h01011    (0)   19 :  0.984 0.009 0.003 0.004 
1661   h01111    (0)   19 :  0.989 0.003 0.002 0.006 
1662   h01211    (0)   19 :  0.988 0.004 0.004 0.004 
1663   h01311    (0)   19 :  0.991 0.002 0.003 0.004 
1664   h01411    (0)   19 :  0.978 0.004 0.008 0.010 
1665   h01511    (0)   19 :  0.990 0.004 0.002 0.004 
1666   h01611    (0)   19 :  0.970 0.014 0.010 0.006 
1667   h01711    (0)   19 :  0.993 0.003 0.002 0.002 
1668   h01811    (0)   19 :  0.979 0.005 0.005 0.011 
1669   h01911    (0)   19 :  0.993 0.002 0.002 0.002 
1670   h02011    (0)   19 :  0.847 0.095 0.023 0.034 
1671   h02111    (0)   19 :  0.977 0.011 0.006 0.006 
1672   h02211    (0)   19 :  0.782 0.023 0.003 0.192 
1673   h02311    (0)   19 :  0.988 0.004 0.004 0.004 
1674   h02411    (0)   19 :  0.992 0.003 0.003 0.003 
1675   h02511    (0)   19 :  0.992 0.003 0.002 0.003 
1676   h02611    (0)   19 :  0.988 0.005 0.003 0.004 
1677   h02711    (0)   19 :  0.983 0.007 0.004 0.006 
1678   h02811    (0)   19 :  0.959 0.007 0.002 0.032 
1679   h02911    (0)   19 :  0.949 0.028 0.015 0.008 
1680   h03011    (0)   19 :  0.945 0.022 0.029 0.004 
1681   h03111    (0)   19 :  0.921 0.058 0.015 0.005 
1682   h03211    (0)   19 :  0.985 0.008 0.002 0.005 
1683   h03311    (0)   19 :  0.992 0.003 0.003 0.002 
1684   h03411    (0)   19 :  0.987 0.004 0.003 0.006 
1685   h03511    (0)   19 :  0.987 0.004 0.005 0.004 
1686   h03611    (0)   19 :  0.989 0.004 0.004 0.004 
1687   h03711    (0)   19 :  0.982 0.007 0.003 0.007 
1688   h03811    (0)   19 :  0.952 0.020 0.003 0.025 
1689   h03911    (0)   19 :  0.990 0.003 0.003 0.004 
1690   h04011    (0)   19 :  0.993 0.004 0.001 0.002 
1691   h04111    (0)   19 :  0.986 0.002 0.004 0.007 
1692   h04211    (0)   19 :  0.989 0.004 0.004 0.003 
1693   h04311    (0)   19 :  0.903 0.008 0.005 0.084 
1694   h04411    (0)   19 :  0.989 0.006 0.003 0.002 
1695   h04511    (0)   19 :  0.992 0.003 0.002 0.003 
1696   h04611    (0)   19 :  0.952 0.020 0.011 0.017 
1697   h04711    (0)   19 :  0.960 0.034 0.003 0.003 
1698   h04811    (0)   19 :  0.982 0.003 0.003 0.011 
1699   h04911    (0)   19 :  0.993 0.003 0.002 0.003 
1700   h05011    (0)   19 :  0.983 0.006 0.007 0.004 
1701   h05111    (0)   19 :  0.969 0.016 0.008 0.007 
1702   h05211    (0)   19 :  0.980 0.012 0.002 0.005 
1703   h05311    (0)   19 :  0.985 0.005 0.007 0.003 
1704   h05411    (0)   19 :  0.993 0.002 0.002 0.003 
1705   h05511    (0)   19 :  0.863 0.023 0.020 0.094 
1706   h05611    (0)   19 :  0.961 0.016 0.014 0.009 
1707   h05711    (0)   19 :  0.993 0.003 0.002 0.002 
1708   h05811    (0)   19 :  0.985 0.007 0.003 0.005 
1709   h05911    (0)   19 :  0.990 0.003 0.005 0.003 
1710   h06011    (0)   19 :  0.976 0.014 0.002 0.008 
1711   h06111    (0)   19 :  0.991 0.003 0.002 0.003 
1712   h06211    (0)   19 :  0.994 0.002 0.002 0.002 
1713   h06311    (0)   19 :  0.962 0.019 0.005 0.014 
1714   h06411    (0)   19 :  0.832 0.011 0.148 0.009 
1715   h06511    (0)   19 :  0.970 0.012 0.007 0.010 
1716   h06611    (0)   19 :  0.984 0.005 0.004 0.008 
1717   h06711    (0)   19 :  0.993 0.003 0.002 0.002 
1718   h06811    (0)   19 :  0.989 0.003 0.004 0.004 
1719   h06911    (0)   19 :  0.955 0.014 0.016 0.015 
1720   h07011    (0)   19 :  0.985 0.004 0.006 0.005 
1721   h07111    (0)   19 :  0.993 0.002 0.002 0.004 
1722   h07211    (0)   19 :  0.960 0.022 0.008 0.009 
1723   h07311    (0)   19 :  0.991 0.003 0.003 0.003 
1724   h07411    (0)   19 :  0.974 0.004 0.011 0.011 
1725   h07511    (0)   19 :  0.992 0.003 0.003 0.002 
1726   h07611    (0)   19 :  0.985 0.005 0.003 0.006 
1727   h07711    (0)   19 :  0.988 0.004 0.006 0.002 
1728   h07811    (0)   19 :  0.986 0.005 0.005 0.004 
1729   h07911    (0)   19 :  0.979 0.011 0.008 0.003 
1730   h08011    (0)   19 :  0.934 0.051 0.007 0.007 
1731   h08111    (0)   19 :  0.993 0.002 0.002 0.003 
1732   h08211    (0)   19 :  0.990 0.004 0.003 0.003 
1733   h08311    (0)   19 :  0.945 0.017 0.008 0.031 
1734   h08411    (0)   19 :  0.988 0.005 0.004 0.004 
1735   h08511    (0)   19 :  0.994 0.002 0.002 0.002 
1736   h08611    (0)   19 :  0.965 0.017 0.003 0.015 
1737   h08711    (0)   19 :  0.993 0.002 0.002 0.004 
1738   h08811    (0)   19 :  0.978 0.010 0.008 0.005 
1739   h08911    (0)   19 :  0.784 0.128 0.020 0.068 
1740   h09011    (0)   19 :  0.991 0.004 0.002 0.004 
1741   h09111    (0)   19 :  0.963 0.011 0.009 0.017 
1742   h09211    (0)   19 :  0.988 0.006 0.002 0.004 
1743   h09311    (0)   19 :  0.990 0.004 0.002 0.004 
1744   h09411    (0)   19 :  0.986 0.005 0.003 0.005 
1745   h09511    (0)   19 :  0.767 0.024 0.006 0.204 
1746   h09611    (0)   19 :  0.985 0.006 0.006 0.003 
1747   h09711    (0)   19 :  0.891 0.059 0.041 0.010 
1748   h09811    (0)   19 :  0.991 0.003 0.003 0.002 
1749   h09911    (0)   19 :  0.976 0.008 0.005 0.012 
1750   h10011    (0)   19 :  0.993 0.002 0.002 0.003 
1751   h00114    (0)   20 :  0.005 0.004 0.002 0.989 
1752   h00214    (0)   20 :  0.007 0.003 0.006 0.984 
1753   h00314    (0)   20 :  0.004 0.004 0.002 0.990 
1754   h00414    (0)   20 :  0.004 0.004 0.003 0.989 
1755   h00514    (0)   20 :  0.010 0.014 0.009 0.968 
1756   h00614    (0)   20 :  0.005 0.005 0.004 0.986 
1757   h00714    (0)   20 :  0.003 0.049 0.024 0.924 
1758   h00814    (0)   20 :  0.003 0.031 0.018 0.948 
1759   h00914    (0)   20 :  0.011 0.173 0.002 0.813 
1760   h01014    (0)   20 :  0.003 0.005 0.004 0.989 
1761   h01114    (0)   20 :  0.004 0.009 0.005 0.982 
1762   h01214    (0)   20 :  0.014 0.006 0.006 0.975 
1763   h01314    (0)   20 :  0.011 0.070 0.013 0.907 
1764   h01414    (0)   20 :  0.014 0.051 0.004 0.930 
1765   h01514    (0)   20 :  0.006 0.014 0.004 0.976 
1766   h01614    (0)   20 :  0.006 0.051 0.003 0.940 
1767   h01714    (0)   20 :  0.012 0.036 0.013 0.939 
1768   h01814    (0)   20 :  0.003 0.007 0.004 0.986 
1769   h01914    (0)   20 :  0.010 0.014 0.004 0.971 
1770   h02014    (0)   20 :  0.024 0.092 0.050 0.833 
1771   h02114    (0)   20 :  0.003 0.022 0.004 0.972 
1772   h02214    (0)   20 :  0.004 0.039 0.029 0.928 
1773   h02314    (0)   20 :  0.005 0.036 0.011 0.947 
1774   h02414    (0)   20 :  0.010 0.008 0.005 0.977 
1775   h02514    (0)   20 :  0.005 0.010 0.011 0.975 
1776   h02614    (0)   20 :  0.010 0.007 0.003 0.981 
1777   h02714    (0)   20 :  0.004 0.004 0.004 0.989 
1778   h02814    (0)   20 :  0.005 0.006 0.013 0.976 
1779   h02914    (0)   20 :  0.011 0.009 0.004 0.976 
1780   h03014    (0)   20 :  0.008 0.008 0.003 0.981 
1781   h03114    (0)   20 :  0.009 0.007 0.011 0.973 
1782   h03214    (0)   20 :  0.009 0.010 0.009 0.972 
1783   h03314    (0)   20 :  0.016 0.038 0.008 0.938 
1784   h03414    (0)   20 :  0.003 0.003 0.004 0.990 
1785   h03514    (0)   20 :  0.044 0.052 0.022 0.882 
1786   h03614    (0)   20 :  0.099 0.006 0.003 0.891 
1787   h03714    (0)   20 :  0.022 0.007 0.004 0.966 
1788   h03814    (0)   20 :  0.006 0.014 0.005 0.974 
1789   h03914    (0)   20 :  0.005 0.007 0.014 0.974 
1790   h04014    (0)   20 :  0.005 0.006 0.005 0.983 
1791   h04114    (0)   20 :  0.004 0.004 0.016 0.977 
1792   h04214    (0)   20 :  0.003 0.009 0.004 0.984 
1793   h04314    (0)   20 :  0.005 0.025 0.011 0.959 
1794   h04414    (0)   20 :  0.009 0.003 0.003 0.984 
1795   h04514    (0)   20 :  0.003 0.003 0.003 0.991 
1796   h04614    (0)   20 :  0.004 0.006 0.006 0.983 
1797   h04714    (0)   20 :  0.004 0.005 0.007 0.984 
1798   h04814    (0)   20 :  0.006 0.023 0.003 0.968 
1799   h04914    (0)   20 :  0.002 0.007 0.003 0.988 
1800   h05014    (0)   20 :  0.002 0.004 0.005 0.989 
1801   h05114    (0)   20 :  0.006 0.005 0.004 0.985 
1802   h05214    (0)   20 :  0.004 0.096 0.024 0.875 
1803   h05314    (0)   20 :  0.004 0.005 0.007 0.984 
1804   h05414    (0)   20 :  0.016 0.005 0.005 0.974 
1805   h05514    (0)   20 :  0.002 0.030 0.044 0.924 
1806   h05614    (0)   20 :  0.003 0.003 0.003 0.991 
1807   h05714    (0)   20 :  0.011 0.015 0.005 0.968 
1808   h05814    (0)   20 :  0.004 0.016 0.003 0.977 
1809   h05914    (0)   20 :  0.007 0.004 0.005 0.985 
1810   h06014    (0)   20 :  0.006 0.006 0.005 0.983 
1811   h06114    (0)   20 :  0.004 0.009 0.008 0.979 
1812   h06214    (0)   20 :  0.003 0.007 0.005 0.984 
1813   h06314    (0)   20 :  0.006 0.006 0.005 0.983 
1814   h06414    (0)   20 :  0.006 0.030 0.005 0.959 
1815   h06514    (0)   20 :  0.002 0.032 0.003 0.963 
1816   h06614    (0)   20 :  0.004 0.029 0.015 0.951 
1817   h06714    (0)   20 :  0.080 0.028 0.003 0.889 
1818   h06814    (0)   20 :  0.005 0.005 0.003 0.987 
1819   h06914    (0)   20 :  0.029 0.009 0.004 0.958 
1820   h07014    (0)   20 :  0.010 0.005 0.003 0.982 
1821   h07114    (0)   20 :  0.004 0.008 0.003 0.984 
1822   h07214    (0)   20 :  0.011 0.006 0.005 0.978 
1823   h07314    (0)   20 :  0.003 0.007 0.004 0.986 
1824   h07414    (0)   20 :  0.041 0.027 0.007 0.926 
1825   h07514    (0)   20 :  0.003 0.004 0.017 0.977 
1826   h07614    (0)   20 :  0.005 0.007 0.003 0.984 
1827   h07714    (0)   20 :  0.036 0.004 0.003 0.957 
1828   h07814    (0)   20 :  0.003 0.007 0.004 0.985 
1829   h07914    (0)   20 :  0.010 0.003 0.003 0.984 
1830   h08014    (0)   20 :  0.002 0.009 0.019 0.970 
1831   h08114    (0)   20 :  0.003 0.015 0.003 0.980 
1832   h08214    (0)   20 :  0.008 0.016 0.008 0.968 
1833   h08314    (0)   20 :  0.003 0.010 0.006 0.981 
1834   h08414    (0)   20 :  0.005 0.002 0.002 0.990 
1835   h08514    (0)   20 :  0.099 0.050 0.012 0.840 
1836   h08614    (0)   20 :  0.003 0.008 0.004 0.984 
1837   h08714    (0)   20 :  0.024 0.005 0.006 0.965 
1838   h08814    (0)   20 :  0.004 0.010 0.009 0.976 
1839   h08914    (0)   20 :  0.012 0.089 0.076 0.824 
1840   h09014    (0)   20 :  0.005 0.008 0.007 0.980 
1841   h09114    (0)   20 :  0.004 0.005 0.006 0.985 
1842   h09214    (0)   20 :  0.007 0.011 0.047 0.934 
1843   h09314    (0)   20 :  0.018 0.009 0.005 0.968 
1844   h09414    (0)   20 :  0.002 0.028 0.008 0.961 
1845   h09514    (0)   20 :  0.013 0.011 0.003 0.974 
1846   h09614    (0)   20 :  0.003 0.005 0.003 0.989 
1847   h09714    (0)   20 :  0.119 0.011 0.003 0.868 
1848   h09814    (0)   20 :  0.008 0.005 0.005 0.982 
1849   h09914    (0)   20 :  0.004 0.004 0.003 0.989 
1850   h10014    (0)   20 :  0.004 0.010 0.003 0.982 
1851   DAM2HL   (10)   21 :  0.003 0.962 0.005 0.030 
1852    M2ALK    (0)   21 :  0.004 0.384 0.016 0.597 
1853    M2E2J    (0)   21 :  0.004 0.937 0.055 0.004 
1854    M2E73    (0)   21 :  0.004 0.974 0.014 0.008 
1855    M2E74    (0)   21 :  0.035 0.666 0.004 0.295 
1856    M2EUJ    (5)   21 :  0.050 0.695 0.004 0.251 
1857   DAM1XK    (0)   21 :  0.003 0.977 0.005 0.016 
1858    M2057    (0)   21 :  0.005 0.987 0.002 0.006 
1859    M2271    (0)   21 :  0.005 0.684 0.295 0.016 
1860    M27YK    (0)   21 :  0.010 0.978 0.002 0.011 
1861    M2A1H    (0)   21 :  0.005 0.383 0.584 0.027 
1862    M2E0P    (0)   21 :  0.003 0.979 0.009 0.009 
1863    M2E75    (0)   21 :  0.003 0.960 0.014 0.023 
1864    M2E76    (0)   21 :  0.006 0.961 0.003 0.030 
1865   MSV0T5    (5)   21 :  0.002 0.979 0.016 0.003 
1866   MSV241    (0)   21 :  0.003 0.986 0.005 0.006 
1867   MSV2A0    (0)   21 :  0.004 0.984 0.008 0.005 
1868   MSV2A1    (0)   21 :  0.003 0.975 0.017 0.005 
1869   MSV2A8    (0)   21 :  0.007 0.810 0.005 0.178 
1870   DAM1P5    (0)   21 :  0.003 0.988 0.004 0.005 
1871    M1084    (0)   21 :  0.004 0.976 0.004 0.016 
1872   MSV2M4    (5)   21 :  0.005 0.984 0.006 0.005 
1873   MSV2T6    (5)   21 :  0.003 0.770 0.216 0.011 
1874    M1UM1    (5)   21 :  0.007 0.980 0.008 0.005 
1875    M2ECL    (0)   21 :  0.004 0.984 0.003 0.009 
1876    M2EJ0    (0)   21 :  0.003 0.986 0.003 0.007 
1877   MSV20J    (0)   21 :  0.004 0.933 0.015 0.049 
1878   MSV2TK    (0)   21 :  0.007 0.988 0.002 0.003 
1879   MSV2TX    (0)   21 :  0.004 0.940 0.007 0.050 
1880   MSV310    (0)   21 :  0.003 0.983 0.008 0.006 
1881   MSV33F    (0)   21 :  0.003 0.972 0.021 0.004 
1882   DAM35L    (0)   21 :  0.003 0.980 0.011 0.006 
1883    M2E4C    (0)   21 :  0.007 0.951 0.004 0.038 
1884    M2E4H    (0)   21 :  0.003 0.972 0.022 0.003 
1885    M2E65    (0)   21 :  0.004 0.798 0.004 0.194 
1886    M2EEJ    (0)   21 :  0.005 0.916 0.073 0.005 
1887    M2EEP    (5)   21 :  0.003 0.917 0.016 0.064 
1888   MSV1TU    (0)   21 :  0.003 0.974 0.009 0.014 
1889   MSV20M    (0)   21 :  0.005 0.967 0.009 0.019 
1890   MSV223    (0)   21 :  0.003 0.984 0.009 0.004 
1891   MSV22E    (0)   21 :  0.007 0.967 0.012 0.014 
1892   MSV23J    (0)   21 :  0.004 0.981 0.012 0.003 
1893   MSV2K6    (5)   21 :  0.003 0.953 0.023 0.020 
1894   DAM23U    (5)   21 :  0.008 0.962 0.009 0.022 
1895    M2E8A    (5)   21 :  0.006 0.956 0.026 0.013 
1896   MSV2L2    (5)   21 :  0.003 0.976 0.013 0.008 
1897    M1YMH    (5)   21 :  0.004 0.979 0.013 0.004 
1898    M2A84    (5)   21 :  0.004 0.977 0.011 0.008 
1899   MSV23M    (0)   21 :  0.005 0.983 0.009 0.003 
1900  AP.085T    (5)   21 :  0.003 0.948 0.016 0.034 
1901  AP.086J    (0)   21 :  0.007 0.912 0.006 0.075 
1902  AP.08C2    (0)   21 :  0.005 0.952 0.036 0.008 
1903  AP.08CF    (0)   21 :  0.003 0.933 0.032 0.032 
1904  AP.08CX    (0)   21 :  0.002 0.980 0.004 0.014 
1905  AP.08CY    (0)   21 :  0.040 0.936 0.005 0.018 
1906   DAM0JX    (0)   21 :  0.003 0.975 0.011 0.011 
1907   DAM0P4    (0)   21 :  0.004 0.980 0.011 0.005 
1908   DAM0UK    (0)   21 :  0.003 0.987 0.006 0.004 
1909    M2030    (0)   21 :  0.004 0.881 0.110 0.005 
1910   MSV24M    (0)   21 :  0.003 0.978 0.010 0.010 
1911    M20AM    (0)   21 :  0.006 0.925 0.003 0.065 
1912    M21YP    (0)   21 :  0.991 0.003 0.002 0.004 
1913    M2205    (0)   21 :  0.003 0.978 0.013 0.006 
1914    M2206    (0)   21 :  0.004 0.974 0.011 0.011 
1915   MSV267    (0)   21 :  0.003 0.982 0.005 0.010 
1916    M2757    (0)   21 :  0.006 0.926 0.005 0.062 
1917    M27TH    (0)   21 :  0.009 0.982 0.002 0.008 
1918   MSV2JA    (0)   21 :  0.075 0.392 0.388 0.145 
1919   MSV2KU    (0)   21 :  0.004 0.853 0.050 0.093 
1920   MSV2MF    (0)   21 :  0.003 0.105 0.232 0.661 
1921   MSV2TA    (0)   21 :  0.006 0.973 0.005 0.016 
1922   MSV2TE    (0)   21 :  0.004 0.970 0.008 0.018 
1923   MSV2TU    (0)   21 :  0.002 0.985 0.007 0.006 
1924   MSV2UT    (0)   21 :  0.012 0.881 0.007 0.101 
1925   MSV306    (0)   21 :  0.005 0.975 0.007 0.013 
1926   MSV311    (0)   21 :  0.005 0.977 0.004 0.014 
1927   MSV31M    (0)   21 :  0.008 0.978 0.004 0.010 
1928   MSV325    (0)   21 :  0.003 0.905 0.068 0.024 
1929   MSV32H    (0)   21 :  0.005 0.973 0.017 0.004 
1930  CX.112U    (0)   21 :  0.006 0.967 0.004 0.023 
1931   DAM2PC    (0)   21 :  0.004 0.190 0.802 0.003 
1932    M2E48    (0)   21 :  0.004 0.905 0.006 0.085 
1933    M2E7K    (0)   21 :  0.005 0.888 0.007 0.100 
1934    M2E80    (0)   21 :  0.004 0.877 0.012 0.107 
1935    M2EAM    (0)   21 :  0.007 0.957 0.007 0.029 
1936    M2EFF    (0)   21 :  0.004 0.981 0.004 0.010 
1937    M2EFY    (0)   21 :  0.015 0.969 0.003 0.014 
1938    M2EHM    (0)   21 :  0.003 0.951 0.034 0.012 
1939    M2EK0    (0)   21 :  0.005 0.978 0.012 0.005 
1940    M2EK1    (0)   21 :  0.008 0.977 0.010 0.005 
1941   MSV22F    (0)   21 :  0.002 0.931 0.024 0.043 
1942   MSV273    (0)   21 :  0.005 0.986 0.004 0.005 
1943   MSV0TL   (10)   21 :  0.003 0.308 0.679 0.010 
1944   MSV0TT    (0)   21 :  0.004 0.973 0.015 0.008 
1945   MSV12H    (0)   21 :  0.002 0.865 0.008 0.125 
1946   MSV1TH    (0)   21 :  0.003 0.633 0.109 0.255 
1947   MSV275    (0)   21 :  0.007 0.905 0.080 0.008 
1948   MSV286    (0)   21 :  0.004 0.947 0.005 0.044 
1949   MSV2H4    (0)   21 :  0.008 0.974 0.006 0.013 
1950   MSV2K8    (0)   21 :  0.005 0.977 0.011 0.007 
1951   MSV2PM    (0)   21 :  0.003 0.988 0.004 0.005 
1952   MSV2X3    (0)   21 :  0.002 0.973 0.012 0.013 
1953   MSV2X4    (0)   21 :  0.004 0.969 0.021 0.005 
1954   MSV30U    (0)   21 :  0.003 0.969 0.010 0.017 
1955  CX.111C    (0)   21 :  0.002 0.970 0.016 0.011 
1956  AP.07M2    (0)   22 :  0.002 0.987 0.006 0.005 
1957   HRV05C   (10)   22 :  0.003 0.977 0.016 0.004 
1958   HRV077   (10)   22 :  0.034 0.906 0.011 0.049 
1959   HRV0A0    (5)   22 :  0.003 0.967 0.014 0.016 
1960   HRV0MC    (5)   22 :  0.006 0.954 0.036 0.004 
1961   HRV00P    (0)   22 :  0.005 0.957 0.027 0.011 
1962   HRV01J    (5)   22 :  0.015 0.891 0.090 0.004 
1963   HRV026    (5)   22 :  0.003 0.846 0.146 0.005 
1964   HRV02C    (0)   22 :  0.003 0.974 0.020 0.004 
1965   HRV031    (0)   22 :  0.002 0.983 0.009 0.005 
1966   HRV033    (0)   22 :  0.002 0.983 0.009 0.005 
1967   HRV05L    (0)   22 :  0.004 0.986 0.005 0.005 
1968   HRV06A    (0)   22 :  0.009 0.977 0.007 0.006 
1969   HRV07P    (5)   22 :  0.004 0.960 0.011 0.025 
1970   HRV0HC    (5)   22 :  0.009 0.979 0.007 0.005 
1971   HRV0HU   (10)   22 :  0.003 0.977 0.014 0.006 
1972   HRV0K1    (0)   22 :  0.003 0.986 0.006 0.005 
1973   HRV0M6    (5)   22 :  0.011 0.936 0.048 0.005 
1974   HRV0M7    (5)   22 :  0.016 0.969 0.004 0.010 
1975   HRV0MK    (0)   22 :  0.005 0.982 0.005 0.008 
1976   HRV1C7    (5)   22 :  0.003 0.954 0.037 0.006 
1977   HRV1EA    (0)   22 :  0.013 0.977 0.004 0.007 
1978    M147K    (5)   22 :  0.036 0.919 0.037 0.008 
1979   HRV008    (0)   22 :  0.002 0.918 0.075 0.004 
1980   HRV015    (0)   22 :  0.005 0.925 0.066 0.004 
1981   HRV01F    (0)   22 :  0.008 0.980 0.009 0.003 
1982   HRV01L    (0)   22 :  0.003 0.935 0.056 0.006 
1983   HRV01M    (0)   22 :  0.002 0.895 0.030 0.073 
1984   HRV020    (0)   22 :  0.003 0.815 0.159 0.023 
1985   HRV022    (0)   22 :  0.007 0.974 0.016 0.003 
1986   HRV02A    (0)   22 :  0.004 0.986 0.005 0.005 
1987   HRV02K    (0)   22 :  0.003 0.867 0.117 0.013 
1988   HRV04C    (0)   22 :  0.003 0.864 0.029 0.104 
1989   HRV05H    (0)   22 :  0.003 0.986 0.006 0.005 
1990   HRV076    (0)   22 :  0.004 0.976 0.005 0.015 
1991   HRV07H    (0)   22 :  0.004 0.984 0.007 0.005 
1992   HRV07X    (0)   22 :  0.004 0.989 0.003 0.005 
1993   HRV080    (0)   22 :  0.002 0.986 0.006 0.006 
1994   HRV086    (5)   22 :  0.006 0.981 0.007 0.005 
1995   HRV0H3    (5)   22 :  0.009 0.952 0.032 0.007 
1996   HRV0J3    (0)   22 :  0.013 0.979 0.004 0.005 
1997   HRV0JX   (15)   22 :  0.012 0.973 0.007 0.008 
1998   HRV0ML   (10)   22 :  0.003 0.928 0.066 0.004 
1999   HRV1E8   (10)   22 :  0.005 0.980 0.007 0.008 
2000   HRV007   (10)   22 :  0.005 0.947 0.008 0.040 
2001   HRV005    (5)   22 :  0.013 0.938 0.015 0.034 
2002   HRV05U    (5)   22 :  0.004 0.966 0.018 0.012 
2003   HRV01U    (5)   22 :  0.008 0.975 0.003 0.014 
2004  AP.07M1    (5)   22 :  0.004 0.957 0.035 0.005 
2005  AP.07ME    (5)   22 :  0.005 0.978 0.005 0.012 
2006  AP.0817    (5)   22 :  0.004 0.981 0.004 0.011 
2007  AP.0863   (15)   22 :  0.006 0.980 0.008 0.006 
2008  AP.087T    (5)   22 :  0.002 0.982 0.011 0.005 
2009  AP.088T    (5)   22 :  0.003 0.982 0.011 0.004 
2010  CH.0LM1   (15)   22 :  0.004 0.957 0.029 0.010 
2011    M05X5    (5)   22 :  0.005 0.976 0.008 0.011 
2012    M06JH    (5)   22 :  0.011 0.819 0.017 0.153 
2013    M0A6K    (5)   22 :  0.005 0.981 0.004 0.010 
2014    M0ETF    (5)   22 :  0.003 0.955 0.036 0.005 
2015    M0LUP   (10)   22 :  0.008 0.983 0.006 0.004 
2016    M16F1    (5)   22 :  0.003 0.831 0.162 0.004 
2017    M182M    (5)   22 :  0.006 0.987 0.002 0.005 
2018    M1CFL   (10)   22 :  0.004 0.931 0.059 0.006 
2019    M2AXY   (10)   22 :  0.005 0.962 0.007 0.026 
2020    M2AY2   (10)   22 :  0.005 0.977 0.008 0.010 
2021    M2CHP   (10)   22 :  0.006 0.974 0.011 0.009 
2022    W26LK    (5)   22 :  0.004 0.956 0.011 0.029 
2023    W26ME   (10)   22 :  0.064 0.792 0.016 0.127 
2024  AM.07FM    (0)   22 :  0.007 0.852 0.126 0.015 
2025  AM.07FP    (5)   22 :  0.004 0.922 0.070 0.005 
2026  AP.07M4    (0)   22 :  0.002 0.983 0.009 0.005 
2027  AP.07M7    (0)   22 :  0.002 0.991 0.004 0.003 
2028  AP.07M8    (0)   22 :  0.002 0.983 0.008 0.007 
2029  AP.07MA    (0)   22 :  0.004 0.979 0.012 0.005 
2030  AP.07MC    (0)   22 :  0.010 0.976 0.007 0.007 
2031  AP.07P8    (0)   22 :  0.003 0.971 0.022 0.004 
2032  AP.07U8    (0)   22 :  0.010 0.789 0.190 0.012 
2033  AP.081F   (10)   22 :  0.004 0.978 0.012 0.006 
2034  AP.081H   (10)   22 :  0.006 0.982 0.004 0.008 
2035  AP.0820    (0)   22 :  0.003 0.972 0.019 0.006 
2036  AP.0841    (5)   22 :  0.006 0.981 0.006 0.007 
2037  AP.0858    (0)   22 :  0.005 0.944 0.025 0.026 
2038  AP.085U    (5)   22 :  0.003 0.981 0.004 0.012 
2039  AP.085X    (5)   22 :  0.006 0.963 0.024 0.007 
2040  AP.0861    (5)   22 :  0.007 0.933 0.051 0.009 
2041  AP.0864   (10)   22 :  0.002 0.975 0.016 0.007 
2042  AP.086X    (0)   22 :  0.003 0.988 0.005 0.004 
2043  AP.0872    (0)   22 :  0.003 0.978 0.010 0.009 
2044  AP.0875    (0)   22 :  0.021 0.973 0.003 0.003 
2045  AP.087A    (0)   22 :  0.006 0.986 0.004 0.004 
2046  AP.087C    (0)   22 :  0.005 0.983 0.005 0.006 
2047  AP.087E    (0)   22 :  0.003 0.986 0.004 0.006 
2048  AP.087H    (0)   22 :  0.003 0.549 0.177 0.271 
2049  AP.087K    (0)   22 :  0.007 0.970 0.007 0.017 
2050  AP.087L    (0)   22 :  0.003 0.958 0.035 0.004 
2051  AP.087M    (0)   22 :  0.007 0.975 0.006 0.012 
2052  AP.087P    (0)   22 :  0.005 0.982 0.006 0.007 
2053  AP.087U    (0)   22 :  0.007 0.957 0.028 0.008 
2054  AP.087X    (0)   22 :  0.006 0.951 0.011 0.033 
2055  AP.0881    (0)   22 :  0.017 0.930 0.009 0.044 
2056  AP.0882    (0)   22 :  0.004 0.459 0.078 0.458 
2057  AP.0883    (0)   22 :  0.003 0.978 0.009 0.011 
2058  AP.0884    (0)   22 :  0.003 0.978 0.011 0.008 
2059  AP.0885    (5)   22 :  0.008 0.969 0.006 0.018 
2060  AP.0887    (0)   22 :  0.006 0.936 0.014 0.043 
2061  AP.0888    (5)   22 :  0.008 0.984 0.004 0.004 
2062  AP.088A    (0)   22 :  0.004 0.917 0.004 0.074 
2063  AP.088C    (0)   22 :  0.008 0.851 0.137 0.004 
2064  AP.088J    (0)   22 :  0.022 0.966 0.008 0.004 
2065  AP.088K    (0)   22 :  0.003 0.977 0.013 0.006 
2066  AP.088L    (0)   22 :  0.003 0.978 0.013 0.006 
2067  AP.088U    (0)   22 :  0.014 0.912 0.021 0.053 
2068  AP.088X    (0)   22 :  0.002 0.947 0.043 0.008 
2069  AP.08A0    (0)   22 :  0.002 0.989 0.005 0.003 
2070  AP.08A1    (0)   22 :  0.004 0.985 0.006 0.006 
2071  AP.08A3    (0)   22 :  0.004 0.988 0.005 0.003 
2072  AP.08A4    (0)   22 :  0.006 0.865 0.104 0.024 
2073  AP.08A5    (0)   22 :  0.006 0.983 0.005 0.005 
2074  AP.08A6    (0)   22 :  0.003 0.985 0.004 0.008 
2075  AP.08A8    (5)   22 :  0.005 0.979 0.010 0.006 
2076  AP.08AC    (0)   22 :  0.004 0.980 0.012 0.003 
2077  AP.08AH    (0)   22 :  0.012 0.960 0.013 0.015 
2078  AP.08AJ    (0)   22 :  0.003 0.978 0.014 0.005 
2079  AP.08AM   (10)   22 :  0.003 0.951 0.029 0.017 
2080  AP.08AT    (0)   22 :  0.002 0.979 0.008 0.011 
2081  AP.08AX    (0)   22 :  0.002 0.984 0.010 0.004 
2082  CH.0LLP    (0)   22 :  0.003 0.985 0.009 0.003 
2083  CH.0LM2   (10)   22 :  0.002 0.988 0.005 0.005 
2084  CH.0LM4    (5)   22 :  0.011 0.957 0.007 0.025 
2085  CH.0LM5    (0)   22 :  0.004 0.959 0.009 0.028 
2086    M0102    (5)   22 :  0.003 0.988 0.006 0.004 
2087    M023A    (5)   22 :  0.002 0.931 0.006 0.062 
2088    M03MM   (10)   22 :  0.007 0.961 0.005 0.027 
2089    M04PF    (0)   22 :  0.002 0.968 0.021 0.009 
2090    M04XH    (5)   22 :  0.010 0.949 0.006 0.034 
2091    M04XM   (10)   22 :  0.003 0.971 0.019 0.007 
2092    M0557    (0)   22 :  0.008 0.960 0.005 0.027 
2093    M055C    (0)   22 :  0.003 0.978 0.007 0.012 
2094    M05JC    (0)   22 :  0.003 0.708 0.004 0.284 
2095    M05PH    (0)   22 :  0.031 0.933 0.012 0.023 
2096    M05X6    (0)   22 :  0.003 0.930 0.017 0.050 
2097    M07TC    (0)   22 :  0.003 0.982 0.004 0.012 
2098    M0A66    (0)   22 :  0.004 0.965 0.026 0.005 
2099    M0EYT    (0)   22 :  0.007 0.965 0.020 0.008 
2100    M0FF2    (0)   22 :  0.002 0.970 0.019 0.009 
2101    M0HJ6    (5)   22 :  0.011 0.967 0.003 0.020 
2102   HRV0JL    (0)   22 :  0.002 0.982 0.012 0.004 
2103   HRV0JP    (0)   22 :  0.049 0.503 0.415 0.033 
2104   HRV0KA    (0)   22 :  0.007 0.983 0.006 0.005 
2105   HRV0LJ    (5)   22 :  0.004 0.967 0.018 0.012 
2106   HRV0LM    (0)   22 :  0.002 0.970 0.014 0.014 
2107   HRV0LP    (0)   22 :  0.004 0.938 0.012 0.046 
2108    M0HJ8    (0)   22 :  0.005 0.949 0.024 0.022 
2109    M0HM3    (0)   22 :  0.008 0.952 0.030 0.010 
2110    M0J1X    (0)   22 :  0.005 0.987 0.005 0.003 
2111    M0L32    (0)   22 :  0.011 0.909 0.069 0.011 
2112    M0L8F    (0)   22 :  0.002 0.965 0.005 0.028 
2113    M0LUH    (0)   22 :  0.006 0.985 0.007 0.002 
2114    M0XPJ    (0)   22 :  0.005 0.966 0.014 0.014 
2115    M0XTE    (0)   22 :  0.007 0.979 0.007 0.008 
2116    M157H    (0)   22 :  0.003 0.769 0.222 0.006 
2117    M16YU    (0)   22 :  0.002 0.929 0.024 0.045 
2118    M1751    (0)   22 :  0.002 0.989 0.005 0.004 
2119    M1C2H    (0)   22 :  0.004 0.983 0.005 0.007 
2120    M1E60    (0)   22 :  0.003 0.987 0.005 0.005 
2121    M1EKX    (0)   22 :  0.003 0.950 0.009 0.038 
2122    M1EKY    (0)   22 :  0.008 0.965 0.008 0.019 
2123    M1EL3    (0)   22 :  0.005 0.981 0.006 0.008 
2124    M1ELC    (0)   22 :  0.003 0.983 0.009 0.005 
2125    M1ELE    (0)   22 :  0.003 0.987 0.005 0.005 
2126    M2AY0   (10)   22 :  0.003 0.973 0.007 0.017 
2127    M2AY4    (5)   22 :  0.183 0.739 0.052 0.026 
2128    M2AY5   (10)   22 :  0.005 0.975 0.008 0.012 
2129    M2AY8    (5)   22 :  0.018 0.957 0.013 0.012 
2130    M2C3A   (10)   22 :  0.004 0.975 0.014 0.007 
2131    M2C3F   (10)   22 :  0.014 0.788 0.175 0.024 
2132   HRV0ME    (0)   22 :  0.008 0.956 0.028 0.008 
2133    M2CHJ    (5)   22 :  0.003 0.959 0.017 0.022 
2134    M2CHM    (5)   22 :  0.008 0.976 0.005 0.011 
2135    M2CHY   (10)   22 :  0.013 0.949 0.024 0.013 
2136    W23E8    (0)   22 :  0.003 0.957 0.026 0.014 
2137    W23EM    (0)   22 :  0.002 0.986 0.006 0.005 
2138    W23EX    (0)   22 :  0.003 0.985 0.005 0.007 
2139    W23F0    (0)   22 :  0.002 0.988 0.005 0.005 
2140    W26L5    (0)   22 :  0.003 0.860 0.129 0.008 
2141    W26LM    (0)   22 :  0.003 0.946 0.002 0.049 
2142    W26MJ    (0)   22 :  0.003 0.984 0.005 0.008 
2143    W26ML    (0)   22 :  0.004 0.962 0.003 0.031 
2144    W26MT    (0)   22 :  0.006 0.879 0.004 0.111 
2145    W26PE    (5)   22 :  0.019 0.964 0.004 0.013 
2146    W26PJ    (0)   22 :  0.064 0.881 0.008 0.048 
2147    W26PT    (0)   22 :  0.004 0.982 0.011 0.003 
2148    W26PX   (10)   22 :  0.003 0.979 0.010 0.008 
2149    W26T0    (5)   22 :  0.005 0.975 0.017 0.003 
2150    W26TC    (0)   22 :  0.003 0.988 0.005 0.004 
2151    W26TJ    (5)   22 :  0.004 0.968 0.007 0.020 
2152    W26UE    (5)   22 :  0.005 0.945 0.019 0.031 
2153    W26UF    (0)   22 :  0.004 0.890 0.052 0.054 
2154    W26UL    (0)   22 :  0.004 0.983 0.010 0.003 
2155    W26X2    (0)   22 :  0.003 0.977 0.010 0.010 
2156    W2716    (0)   22 :  0.008 0.951 0.004 0.037 
2157   HRV1C6    (0)   22 :  0.003 0.947 0.043 0.007 
2158   HRV1CX    (0)   22 :  0.003 0.965 0.018 0.014 
2159   HRV1E2    (0)   22 :  0.008 0.975 0.009 0.008 
2160   HRV1E4    (0)   22 :  0.004 0.965 0.005 0.027 
2161   HRV1E5    (0)   22 :  0.003 0.980 0.005 0.011 
2162   HRV1EC    (0)   22 :  0.004 0.966 0.012 0.018 
2163   HRV1EK    (0)   22 :  0.006 0.976 0.015 0.003 
2164   HRV001    (0)   22 :  0.020 0.912 0.008 0.060 
2165   HRV00H    (0)   22 :  0.016 0.963 0.003 0.017 
2166   HRV00K    (0)   22 :  0.007 0.977 0.003 0.012 
2167   HRV01X    (0)   22 :  0.003 0.926 0.066 0.005 
2168   HRV025    (0)   22 :  0.007 0.957 0.022 0.014 
2169   HRV028    (0)   22 :  0.003 0.925 0.067 0.005 
2170   HRV041    (0)   22 :  0.004 0.967 0.005 0.024 
2171   HRV04F    (0)   22 :  0.006 0.980 0.004 0.010 
2172   HRV04L    (0)   22 :  0.002 0.929 0.008 0.061 
2173   HRV055    (0)   22 :  0.002 0.933 0.005 0.060 
2174   HRV05J    (0)   22 :  0.002 0.946 0.046 0.006 
2175   HRV07J    (0)   22 :  0.002 0.894 0.099 0.004 
2176   HRV07K    (0)   22 :  0.003 0.950 0.044 0.004 
2177   HRV07L    (0)   22 :  0.003 0.975 0.014 0.007 
2178   HRV07M    (0)   22 :  0.003 0.973 0.006 0.017 
2179   HRV0HM    (0)   22 :  0.007 0.973 0.011 0.009 
2180   HRV0J2    (0)   22 :  0.003 0.979 0.016 0.002 
2181   HRV0K3    (0)   22 :  0.035 0.946 0.010 0.009 
2182   HRV0KE    (0)   22 :  0.003 0.985 0.006 0.006 
2183   HRV0KF    (0)   22 :  0.004 0.979 0.010 0.007 
2184   HRV0KU    (0)   22 :  0.002 0.978 0.014 0.005 
2185   HRV0L6    (0)   22 :  0.006 0.983 0.005 0.006 
2186   HRV0M2    (0)   22 :  0.003 0.974 0.013 0.010 
2187   HRV0MF    (0)   22 :  0.002 0.974 0.016 0.009 
2188   HRV0MJ    (0)   22 :  0.003 0.907 0.080 0.009 
2189   HRV1AT    (0)   22 :  0.003 0.989 0.004 0.004 
2190   HRV1C1    (0)   22 :  0.003 0.988 0.005 0.003 
2191   HRV1CL    (0)   22 :  0.003 0.977 0.009 0.012 
2192   HRV1E1    (0)   22 :  0.003 0.983 0.004 0.010 
2193   HRV1E7    (0)   22 :  0.003 0.978 0.007 0.012 
2194   HRV1EE    (0)   22 :  0.004 0.981 0.006 0.009 
2195   HRV1ET    (0)   22 :  0.004 0.983 0.005 0.007 
2196      148    (5)   23 :  0.008 0.982 0.004 0.005 
2197      149    (0)   23 :  0.014 0.932 0.005 0.049 
2198      213    (0)   23 :  0.009 0.975 0.010 0.006 
2199      215    (0)   23 :  0.008 0.963 0.011 0.018 
2200      218    (0)   23 :  0.002 0.974 0.019 0.005 
2201      219    (0)   23 :  0.014 0.975 0.004 0.007 
2202      222    (0)   23 :  0.007 0.971 0.005 0.017 
2203      224    (0)   23 :  0.005 0.919 0.038 0.038 
2204      225    (0)   23 :  0.020 0.907 0.021 0.051 
2205      229    (0)   23 :  0.003 0.989 0.004 0.005 
2206      231    (0)   23 :  0.003 0.984 0.009 0.005 
2207   HRV1CP    (0)   23 :  0.003 0.962 0.012 0.024 
2208      239    (0)   23 :  0.003 0.963 0.020 0.013 
2209      240    (0)   23 :  0.004 0.984 0.005 0.008 
2210      243    (0)   23 :  0.007 0.885 0.099 0.010 
2211      248    (0)   23 :  0.003 0.978 0.010 0.009 
2212      250    (0)   23 :  0.006 0.977 0.004 0.012 
2213      251    (0)   23 :  0.002 0.983 0.003 0.012 
2214      256    (0)   23 :  0.004 0.979 0.003 0.013 
2215      260    (0)   23 :  0.009 0.919 0.003 0.070 
2216      261    (0)   23 :  0.010 0.878 0.107 0.005 
2217      263    (0)   23 :  0.047 0.939 0.003 0.011 
2218      284    (0)   23 :  0.014 0.945 0.013 0.027 
2219      285    (0)   23 :  0.010 0.953 0.024 0.013 
2220      286    (0)   23 :  0.003 0.982 0.003 0.012 
2221      289    (0)   23 :  0.020 0.955 0.008 0.017 
2222      291    (0)   23 :  0.050 0.916 0.018 0.016 
2223      292    (0)   23 :  0.013 0.963 0.007 0.018 
2224      293    (0)   23 :  0.003 0.972 0.019 0.005 
2225   BF0001    (0)   23 :  0.006 0.981 0.003 0.011 
2226   BF0002    (0)   23 :  0.003 0.979 0.011 0.007 
2227    M2AY6   (10)   23 :  0.011 0.967 0.007 0.016 
2228  Slov472    (5)   23 :  0.003 0.961 0.028 0.008 
2229   BF0026    (0)   23 :  0.022 0.609 0.002 0.367 
2230   BF0028    (0)   23 :  0.003 0.977 0.002 0.018 
2231  CK.0PP5    (0)   23 :  0.008 0.942 0.019 0.031 
2232  CK.0PP8    (0)   23 :  0.003 0.964 0.005 0.028 
2233  CK.0PPC    (0)   23 :  0.006 0.740 0.006 0.248 
2234  Slov166    (0)   23 :  0.010 0.909 0.003 0.078 
2235  Slov189    (0)   23 :  0.004 0.971 0.009 0.016 
2236  Slov196    (0)   23 :  0.011 0.961 0.003 0.025 
2237  Slov204    (0)   23 :  0.011 0.979 0.004 0.006 
2238   Slov24    (5)   23 :  0.024 0.906 0.004 0.066 
2239   Slov26    (0)   23 :  0.009 0.730 0.019 0.242 
2240   Slov33    (0)   23 :  0.013 0.945 0.004 0.037 
2241  Slov447    (0)   23 :  0.006 0.757 0.004 0.233 
2242  Slov449    (0)   23 :  0.009 0.960 0.007 0.024 
2243  Slov492    (0)   23 :  0.012 0.555 0.003 0.430 
2244   Slov56    (5)   23 :  0.077 0.180 0.005 0.738 
2245    Slov7    (0)   23 :  0.097 0.890 0.006 0.007 
2246   Slov70    (0)   23 :  0.003 0.926 0.053 0.018 
2247   Slov75    (0)   23 :  0.050 0.936 0.004 0.010 
2248   Slov78    (0)   23 :  0.018 0.965 0.006 0.011 
2249   Slov85    (0)   23 :  0.005 0.970 0.019 0.007 
2250   BF0003    (0)   23 :  0.003 0.972 0.012 0.013 
2251   BF0004    (5)   23 :  0.004 0.964 0.009 0.022 
2252   BF0005    (5)   23 :  0.159 0.810 0.003 0.028 
2253   BF0006    (0)   23 :  0.007 0.984 0.004 0.005 
2254   BF0007    (0)   23 :  0.076 0.770 0.034 0.120 
2255   BF0008    (0)   23 :  0.005 0.889 0.003 0.103 
2256   BF000A    (0)   23 :  0.003 0.984 0.003 0.010 
2257   BF000C    (0)   23 :  0.006 0.973 0.008 0.014 
2258   BF000E    (0)   23 :  0.018 0.965 0.005 0.012 
2259   BF000F    (0)   23 :  0.019 0.970 0.003 0.008 
2260   BF000H    (0)   23 :  0.026 0.876 0.006 0.092 
2261   BF000J    (0)   23 :  0.053 0.899 0.008 0.040 
2262   BF000K    (0)   23 :  0.006 0.985 0.005 0.003 
2263   BF000L    (0)   23 :  0.017 0.811 0.004 0.168 
2264   BF000M    (0)   24 :  0.002 0.985 0.008 0.004 
2265   BF000P    (0)   24 :  0.002 0.980 0.011 0.007 
2266   BF000T    (0)   24 :  0.005 0.982 0.009 0.004 
2267   BF000U    (0)   24 :  0.003 0.966 0.017 0.013 
2268   BF000X    (0)   24 :  0.007 0.973 0.006 0.014 
2269   BF0010    (0)   24 :  0.008 0.977 0.004 0.010 
2270   BF0011    (0)   24 :  0.003 0.985 0.007 0.005 
2271   BF0012    (0)   24 :  0.082 0.901 0.003 0.014 
2272   BF0013    (0)   24 :  0.004 0.981 0.008 0.007 
2273   BF0014    (0)   24 :  0.008 0.949 0.020 0.023 
2274   BF0015    (0)   24 :  0.005 0.986 0.004 0.005 
2275   BF0016    (0)   24 :  0.005 0.906 0.007 0.082 
2276   BF0017    (0)   24 :  0.006 0.989 0.002 0.003 
2277   BF0018    (0)   24 :  0.005 0.958 0.014 0.022 
2278   BF001A    (0)   24 :  0.003 0.988 0.003 0.006 
2279   BF001C    (0)   24 :  0.005 0.987 0.004 0.004 
2280   BF001E    (0)   24 :  0.007 0.970 0.010 0.012 
2281   BF001F    (0)   24 :  0.084 0.903 0.004 0.009 
2282   BF001H    (0)   24 :  0.004 0.990 0.003 0.003 
2283   BF001J    (0)   24 :  0.008 0.959 0.008 0.025 
2284   BF001K    (0)   24 :  0.009 0.937 0.006 0.048 
2285   BF001L    (0)   24 :  0.008 0.854 0.011 0.127 
2286   BF001M    (0)   24 :  0.002 0.954 0.014 0.031 
2287   BF001P    (0)   24 :  0.007 0.871 0.038 0.084 
2288   BF001T    (0)   24 :  0.005 0.874 0.005 0.115 
2289   BF001U    (0)   24 :  0.006 0.984 0.004 0.006 
2290   BF001X    (0)   24 :  0.006 0.939 0.003 0.052 
2291   BF0020    (0)   24 :  0.003 0.985 0.007 0.005 
2292   BF0022    (0)   24 :  0.004 0.987 0.003 0.006 
2293   BF0023    (0)   24 :  0.022 0.944 0.019 0.015 
2294   BF0025    (0)   24 :  0.002 0.960 0.019 0.018 
2295    h0014    (0)   25 :  0.003 0.985 0.005 0.007 
2296    h0024    (0)   25 :  0.003 0.975 0.005 0.017 
2297    h0034    (0)   25 :  0.005 0.899 0.013 0.083 
2298    h0044    (0)   25 :  0.008 0.959 0.018 0.015 
2299    h0054    (0)   25 :  0.003 0.930 0.004 0.063 
2300    h0064    (0)   25 :  0.004 0.983 0.003 0.011 
2301    h0074    (0)   25 :  0.003 0.984 0.003 0.010 
2302    h0084    (0)   25 :  0.006 0.979 0.009 0.005 
2303    h0094    (0)   25 :  0.004 0.989 0.004 0.003 
2304    h0104    (0)   25 :  0.115 0.835 0.012 0.039 
2305    h0114    (0)   25 :  0.031 0.883 0.006 0.080 
2306    h0124    (0)   25 :  0.016 0.945 0.006 0.033 
2307    h0134    (0)   25 :  0.004 0.984 0.004 0.008 
2308    h0144    (0)   25 :  0.015 0.978 0.004 0.003 
2309    h0154    (0)   25 :  0.003 0.988 0.007 0.003 
2310    h0164    (0)   25 :  0.004 0.966 0.007 0.023 
2311    h0174    (0)   25 :  0.004 0.987 0.004 0.006 
2312    h0184    (0)   25 :  0.003 0.978 0.007 0.012 
2313    h0194    (0)   25 :  0.004 0.984 0.006 0.006 
2314    h0204    (0)   25 :  0.003 0.981 0.006 0.010 
2315    h0214    (0)   25 :  0.004 0.971 0.017 0.007 
2316    h0224    (0)   25 :  0.008 0.971 0.004 0.017 
2317    h0234    (0)   25 :  0.019 0.923 0.026 0.033 
2318    h0244    (0)   25 :  0.018 0.967 0.007 0.009 
2319    h0254    (0)   25 :  0.003 0.880 0.005 0.112 
2320    h0264    (0)   25 :  0.009 0.967 0.020 0.004 
2321    h0274    (0)   25 :  0.025 0.959 0.005 0.010 
2322    h0284    (0)   25 :  0.003 0.987 0.005 0.005 
2323    h0294    (0)   25 :  0.017 0.918 0.028 0.038 
2324    h0304    (0)   25 :  0.005 0.977 0.011 0.007 
2325    h0314    (0)   25 :  0.004 0.976 0.011 0.009 
2326    h0324    (0)   25 :  0.003 0.976 0.012 0.009 
2327    h0334    (0)   25 :  0.009 0.974 0.005 0.013 
2328    h0344    (0)   25 :  0.003 0.966 0.014 0.017 
2329    h0354    (0)   25 :  0.004 0.972 0.018 0.006 
2330    h0364    (0)   25 :  0.011 0.978 0.005 0.006 
2331    h0374    (0)   25 :  0.074 0.912 0.006 0.008 
2332    h0384    (0)   25 :  0.005 0.975 0.005 0.014 
2333    h0394    (0)   25 :  0.006 0.970 0.012 0.012 
2334    h0404    (0)   25 :  0.006 0.947 0.037 0.011 
2335    h0414    (0)   25 :  0.003 0.979 0.008 0.010 
2336    h0424    (0)   25 :  0.016 0.960 0.004 0.020 
2337    h0434    (0)   25 :  0.005 0.987 0.002 0.006 
2338    h0444    (0)   25 :  0.023 0.537 0.009 0.431 
2339    h0454    (0)   25 :  0.003 0.985 0.005 0.007 
2340    h0464    (0)   25 :  0.002 0.981 0.005 0.012 
2341    h0474    (0)   25 :  0.005 0.979 0.004 0.012 
2342    h0484    (0)   25 :  0.014 0.977 0.004 0.005 
2343    h0494    (0)   25 :  0.012 0.971 0.007 0.010 
2344    h0504    (0)   25 :  0.009 0.966 0.005 0.020 
2345    h0514    (0)   25 :  0.025 0.955 0.002 0.018 
2346    h0524    (0)   25 :  0.006 0.984 0.005 0.005 
2347    h0534    (0)   25 :  0.004 0.983 0.004 0.008 
2348    h0544    (0)   25 :  0.004 0.915 0.015 0.066 
2349    h0554    (0)   25 :  0.031 0.949 0.005 0.015 
2350    h0564    (0)   25 :  0.002 0.988 0.003 0.007 
2351    h0574    (0)   25 :  0.011 0.973 0.002 0.014 
2352    h0584    (0)   25 :  0.004 0.989 0.002 0.005 
2353    h0594    (0)   25 :  0.006 0.976 0.009 0.010 
2354    h0604    (0)   25 :  0.009 0.946 0.017 0.028 
2355    h0614    (0)   25 :  0.017 0.968 0.006 0.010 
2356    h0624    (0)   25 :  0.003 0.981 0.005 0.011 
2357    h0634    (0)   25 :  0.002 0.966 0.024 0.008 
2358    h0644    (0)   25 :  0.012 0.976 0.007 0.006 
2359    h0654    (0)   25 :  0.004 0.984 0.005 0.008 
2360    h0664    (0)   25 :  0.008 0.976 0.012 0.004 
2361    h0674    (0)   25 :  0.002 0.990 0.004 0.005 
2362    h0684    (0)   25 :  0.007 0.916 0.009 0.068 
2363    h0694    (0)   25 :  0.002 0.987 0.005 0.005 
2364    h0704    (0)   25 :  0.009 0.912 0.007 0.072 
2365    h0714    (0)   25 :  0.004 0.904 0.018 0.074 
2366    h0724    (0)   25 :  0.004 0.980 0.009 0.007 
2367    h0734    (0)   25 :  0.015 0.971 0.005 0.010 
2368    h0744    (0)   25 :  0.004 0.985 0.006 0.005 
2369    h0754    (0)   25 :  0.005 0.951 0.021 0.024 
2370    h0764    (0)   25 :  0.008 0.967 0.006 0.020 
2371    h0774    (0)   25 :  0.002 0.989 0.006 0.003 
2372    h0784    (0)   25 :  0.007 0.973 0.010 0.010 
2373    h0794    (0)   25 :  0.010 0.900 0.043 0.047 
2374    h0804    (0)   25 :  0.003 0.951 0.011 0.035 
2375    h0814    (0)   25 :  0.009 0.978 0.005 0.008 
2376    h0824    (0)   25 :  0.004 0.885 0.007 0.104 
2377    h0834    (0)   25 :  0.004 0.986 0.006 0.004 
2378    h0844    (0)   25 :  0.002 0.985 0.004 0.009 
2379    h0854    (0)   25 :  0.002 0.990 0.004 0.003 
2380    h0864    (0)   25 :  0.002 0.958 0.011 0.029 
2381    h0874    (0)   25 :  0.003 0.959 0.003 0.034 
2382    h0884    (0)   25 :  0.026 0.947 0.003 0.024 
2383    h0894    (0)   25 :  0.003 0.985 0.004 0.008 
2384    h0904    (0)   25 :  0.011 0.973 0.004 0.011 
2385    h0914    (0)   25 :  0.010 0.969 0.006 0.015 
2386    h0924    (0)   25 :  0.008 0.960 0.024 0.008 
2387    h0934    (0)   25 :  0.016 0.958 0.007 0.020 
2388    h0944    (0)   25 :  0.002 0.960 0.011 0.027 
2389    h0954    (0)   25 :  0.013 0.966 0.008 0.013 
2390    h0964    (0)   25 :  0.052 0.942 0.003 0.003 
2391    h0974    (0)   25 :  0.012 0.960 0.003 0.026 
2392    h0984    (0)   25 :  0.008 0.940 0.006 0.046 
2393    h0994    (0)   25 :  0.008 0.979 0.004 0.010 
2394    h1004    (0)   25 :  0.005 0.980 0.003 0.012 
2395    h1014    (0)   25 :  0.004 0.989 0.004 0.003 
2396    h1024    (0)   25 :  0.008 0.969 0.007 0.016 
2397    h1034    (0)   25 :  0.008 0.942 0.029 0.021 
2398    h1044    (0)   25 :  0.004 0.967 0.007 0.022 
2399    h1054    (0)   25 :  0.004 0.975 0.005 0.016 
2400    h1064    (0)   25 :  0.013 0.936 0.024 0.027 
2401    h1074    (0)   25 :  0.034 0.936 0.008 0.022 
2402    h1084    (0)   25 :  0.005 0.975 0.003 0.017 
2403    h1094    (0)   25 :  0.004 0.987 0.003 0.006 
2404    h1104    (0)   25 :  0.004 0.984 0.007 0.005 
2405    h1114    (0)   25 :  0.016 0.870 0.005 0.109 
2406    h1124    (0)   25 :  0.003 0.976 0.003 0.017 
2407    h1134    (0)   25 :  0.002 0.968 0.018 0.012 
2408    h1144    (0)   25 :  0.005 0.987 0.004 0.004 
2409    h1154    (0)   25 :  0.008 0.963 0.008 0.021 
2410    h1164    (0)   25 :  0.017 0.861 0.005 0.117 
2411    h1174    (0)   25 :  0.005 0.985 0.005 0.005 
2412    h1184    (0)   25 :  0.004 0.968 0.024 0.004 
2413    h1194    (0)   25 :  0.012 0.973 0.005 0.010 
2414    h1204    (0)   25 :  0.007 0.943 0.014 0.036 
2415    h1214    (0)   25 :  0.002 0.981 0.007 0.010 
2416    h1224    (0)   25 :  0.016 0.956 0.020 0.008 
2417    h1234    (0)   25 :  0.004 0.964 0.023 0.009 
2418    h1244    (0)   25 :  0.002 0.960 0.024 0.014 
2419    h1254    (0)   25 :  0.006 0.980 0.007 0.007 
2420  CX.10JP    (0)   26 :  0.004 0.987 0.004 0.005 
2421  CX.10JX    (0)   26 :  0.021 0.970 0.004 0.006 
2422  CX.10K0    (0)   26 :  0.005 0.971 0.009 0.014 
2423  CX.10K5    (0)   26 :  0.016 0.913 0.011 0.060 
2424  CX.10K6    (0)   26 :  0.005 0.980 0.006 0.008 
2425  CX.10K7    (0)   26 :  0.010 0.978 0.005 0.007 
2426  CX.10KA    (0)   26 :  0.018 0.976 0.002 0.004 
2427  CX.10KC    (0)   26 :  0.002 0.982 0.002 0.013 
2428  CX.10KH    (0)   26 :  0.005 0.981 0.003 0.011 
2429  CX.10KL    (0)   26 :  0.005 0.869 0.023 0.104 
2430  CX.10KM    (0)   26 :  0.006 0.986 0.003 0.005 
2431  CX.10KT    (0)   26 :  0.009 0.663 0.004 0.324 
2432  CX.10KU    (0)   26 :  0.006 0.981 0.003 0.010 
2433  CX.10KX    (0)   26 :  0.008 0.984 0.005 0.004 
2434  CX.10L0    (0)   26 :  0.004 0.983 0.003 0.010 
2435  CX.10L6   (10)   26 :  0.014 0.964 0.006 0.017 
2436  CX.10L7    (0)   26 :  0.007 0.851 0.008 0.134 
2437  CX.10L8    (0)   26 :  0.008 0.974 0.010 0.008 
2438  CX.10LA    (0)   26 :  0.008 0.976 0.011 0.005 
2439  CX.10LE    (0)   26 :  0.208 0.766 0.006 0.019 
2440  CX.10LH    (5)   26 :  0.005 0.985 0.003 0.006 
2441  CX.10LK    (0)   26 :  0.004 0.981 0.011 0.005 
2442  CX.10LL    (0)   26 :  0.022 0.968 0.002 0.008 
2443  CX.10LP    (0)   26 :  0.037 0.944 0.011 0.008 
2444  CX.10LT    (0)   26 :  0.005 0.985 0.005 0.005 
2445  CX.10LU    (0)   26 :  0.005 0.975 0.009 0.012 
2446  CX.10M1    (0)   26 :  0.003 0.811 0.002 0.183 
2447  CX.10M2    (5)   26 :  0.030 0.961 0.003 0.006 
2448  CX.10M3    (0)   26 :  0.005 0.986 0.003 0.005 
2449  CX.10M5    (0)   26 :  0.005 0.985 0.005 0.005 
2450  CX.10M6    (0)   26 :  0.010 0.979 0.003 0.008 
2451  CX.10M7    (0)   26 :  0.002 0.927 0.018 0.052 
2452  CX.10M8    (0)   26 :  0.004 0.964 0.009 0.023 
2453  CX.10P3    (0)   26 :  0.012 0.852 0.074 0.062 
2454  CX.10P7    (0)   26 :  0.006 0.971 0.007 0.016 
2455  CX.10PC    (0)   26 :  0.006 0.980 0.006 0.009 
2456  CX.10PE    (0)   26 :  0.038 0.953 0.002 0.007 
2457  CX.10PU    (5)   26 :  0.004 0.972 0.011 0.014 
2458  CX.10PX    (0)   26 :  0.008 0.880 0.003 0.109 
2459  CX.10T0    (0)   26 :  0.005 0.980 0.003 0.013 
2460  CX.10T2    (0)   26 :  0.006 0.933 0.005 0.056 
2461  CX.10JT    (5)   26 :  0.005 0.985 0.005 0.005 
2462  CX.10JY    (5)   26 :  0.056 0.914 0.005 0.025 
2463  CX.10K4   (10)   26 :  0.007 0.974 0.005 0.015 
2464  CX.10KE    (5)   26 :  0.064 0.896 0.003 0.037 
2465  CX.10KY    (5)   26 :  0.004 0.980 0.003 0.013 
2466  CX.10L2    (5)   26 :  0.003 0.983 0.005 0.009 
2467  CX.10L3    (5)   26 :  0.151 0.836 0.004 0.009 
2468  CX.10LF    (5)   26 :  0.005 0.965 0.005 0.025 
2469  CX.10LM   (10)   26 :  0.004 0.985 0.004 0.007 
2470  CX.10LY    (5)   26 :  0.014 0.956 0.006 0.024 
2471  CX.10M0    (5)   26 :  0.002 0.980 0.006 0.011 
2472  CX.10MA    (5)   26 :  0.008 0.889 0.028 0.075 
2473    h0015    (0)   27 :  0.012 0.922 0.049 0.017 
2474    h0025    (0)   27 :  0.019 0.975 0.003 0.003 
2475    h0035    (0)   27 :  0.047 0.932 0.004 0.016 
2476    h0045    (0)   27 :  0.003 0.981 0.010 0.006 
2477    h0055    (0)   27 :  0.003 0.982 0.003 0.012 
2478    h0065    (0)   27 :  0.006 0.984 0.006 0.005 
2479    h0075    (0)   27 :  0.052 0.928 0.008 0.012 
2480    h0085    (0)   27 :  0.005 0.988 0.002 0.005 
2481    h0095    (0)   27 :  0.012 0.971 0.002 0.015 
2482    h0105    (0)   27 :  0.038 0.873 0.016 0.073 
2483    h0115    (0)   27 :  0.003 0.971 0.002 0.024 
2484    h0125    (0)   27 :  0.105 0.839 0.004 0.052 
2485    h0135    (0)   27 :  0.004 0.984 0.007 0.005 
2486    h0145    (0)   27 :  0.012 0.977 0.006 0.005 
2487    h0155    (0)   27 :  0.005 0.971 0.005 0.019 
2488    h0165    (0)   27 :  0.004 0.953 0.004 0.039 
2489    h0175    (0)   27 :  0.004 0.957 0.014 0.025 
2490    h0185    (0)   27 :  0.010 0.983 0.002 0.005 
2491    h0195    (0)   27 :  0.006 0.980 0.002 0.012 
2492    h0205    (0)   27 :  0.240 0.753 0.004 0.004 
2493    h0215    (0)   27 :  0.030 0.949 0.006 0.015 
2494    h0225    (0)   27 :  0.020 0.973 0.002 0.005 
2495    h0235    (0)   27 :  0.010 0.953 0.003 0.034 
2496    h0245    (0)   27 :  0.005 0.984 0.004 0.007 
2497    h0255    (0)   27 :  0.017 0.971 0.003 0.010 
2498    h0265    (0)   27 :  0.006 0.985 0.002 0.006 
2499    h0275    (0)   27 :  0.005 0.982 0.007 0.007 
2500    h0285    (0)   27 :  0.027 0.743 0.005 0.224 
2501    h0295    (0)   27 :  0.017 0.975 0.003 0.005 
2502    h0305    (0)   27 :  0.005 0.984 0.004 0.007 
2503    h0315    (0)   27 :  0.006 0.979 0.004 0.011 
2504    h0325    (0)   27 :  0.025 0.961 0.007 0.007 
2505    h0335    (0)   27 :  0.020 0.968 0.004 0.007 
2506    h0345    (0)   27 :  0.044 0.937 0.003 0.016 
2507    h0355    (0)   27 :  0.012 0.954 0.005 0.029 
2508    h0365    (0)   27 :  0.004 0.969 0.008 0.019 
2509    h0375    (0)   27 :  0.080 0.908 0.009 0.004 
2510    h0385    (0)   27 :  0.008 0.954 0.005 0.033 
2511    h0395    (0)   27 :  0.017 0.973 0.004 0.006 
2512    h0405    (0)   27 :  0.023 0.966 0.003 0.008 
2513    h0415    (0)   27 :  0.003 0.990 0.003 0.004 
2514    h0425    (0)   27 :  0.012 0.978 0.002 0.007 
2515    h0435    (0)   27 :  0.003 0.982 0.009 0.007 
2516    h0445    (0)   27 :  0.005 0.963 0.006 0.026 
2517    h0455    (0)   27 :  0.004 0.948 0.038 0.010 
2518    h0465    (0)   27 :  0.007 0.987 0.004 0.003 
2519    h0475    (0)   27 :  0.004 0.986 0.003 0.007 
2520    h0485    (0)   27 :  0.007 0.929 0.002 0.061 
2521    h0495    (0)   27 :  0.018 0.867 0.010 0.105 
2522    h0505    (0)   27 :  0.147 0.814 0.003 0.036 
2523    h0515    (0)   27 :  0.024 0.872 0.003 0.101 
2524    h0525    (0)   27 :  0.005 0.987 0.003 0.005 
2525    h0535    (0)   27 :  0.006 0.983 0.005 0.007 
2526    h0545    (0)   27 :  0.002 0.987 0.003 0.009 
2527    h0555    (0)   27 :  0.003 0.986 0.003 0.009 
2528    h0565    (0)   27 :  0.007 0.972 0.003 0.018 
2529    h0575    (0)   27 :  0.019 0.877 0.080 0.024 
2530    h0585    (0)   27 :  0.003 0.982 0.005 0.009 
2531    h0595    (0)   27 :  0.008 0.969 0.017 0.006 
2532    h0605    (0)   27 :  0.007 0.970 0.005 0.018 
2533    h0615    (0)   27 :  0.005 0.985 0.005 0.005 
2534    h0625    (0)   27 :  0.011 0.979 0.005 0.005 
2535    h0635    (0)   27 :  0.007 0.977 0.008 0.008 
2536    h0645    (0)   27 :  0.081 0.881 0.006 0.032 
2537    h0655    (0)   27 :  0.006 0.971 0.005 0.018 
2538    h0665    (0)   27 :  0.003 0.991 0.003 0.003 
2539    h0675    (0)   27 :  0.004 0.988 0.003 0.004 
2540    h0685    (0)   27 :  0.004 0.990 0.002 0.004 
2541    h0695    (0)   27 :  0.003 0.989 0.003 0.005 
2542    h0705    (0)   27 :  0.010 0.966 0.005 0.019 
2543    h0715    (0)   27 :  0.005 0.947 0.003 0.045 
2544    h0725    (0)   27 :  0.007 0.980 0.004 0.009 
2545    h0735    (0)   27 :  0.088 0.898 0.006 0.008 
2546    h0745    (0)   27 :  0.077 0.898 0.006 0.019 
2547    h0755    (0)   27 :  0.003 0.969 0.019 0.008 
2548    h0765    (0)   27 :  0.010 0.964 0.005 0.021 
2549    h0775    (0)   27 :  0.006 0.938 0.003 0.053 
2550    h0785    (0)   27 :  0.004 0.975 0.012 0.010 
2551    h0795    (0)   27 :  0.002 0.979 0.006 0.013 
2552    h0805    (0)   27 :  0.005 0.948 0.004 0.043 
2553    h0815    (0)   27 :  0.005 0.972 0.003 0.020 
2554    h0825    (0)   27 :  0.006 0.983 0.002 0.010 
2555    h0835    (0)   27 :  0.009 0.959 0.005 0.027 
2556    h0845    (0)   27 :  0.023 0.963 0.006 0.009 
2557    h0855    (0)   27 :  0.002 0.986 0.005 0.007 
2558    h0865    (0)   27 :  0.176 0.770 0.004 0.050 
2559    h0875    (0)   27 :  0.005 0.951 0.005 0.040 
2560    h0885    (0)   27 :  0.005 0.955 0.008 0.032 
2561    h0895    (0)   27 :  0.007 0.965 0.004 0.025 
2562    h0905    (0)   27 :  0.010 0.986 0.002 0.002 
2563    h0915    (0)   27 :  0.004 0.985 0.004 0.007 
2564    h0925    (0)   27 :  0.004 0.986 0.004 0.006 
2565    h0935    (0)   27 :  0.009 0.968 0.006 0.016 
2566    h0945    (0)   27 :  0.012 0.974 0.003 0.011 
2567    h0955    (0)   27 :  0.013 0.952 0.009 0.026 
2568    h0965    (0)   27 :  0.010 0.973 0.004 0.013 
2569    h0975    (0)   27 :  0.018 0.964 0.005 0.012 
2570    h0985    (0)   27 :  0.009 0.979 0.007 0.006 
2571    h0995    (0)   27 :  0.015 0.734 0.004 0.247 
2572    h1005    (0)   27 :  0.013 0.979 0.004 0.004 
2573    h1015    (0)   27 :  0.007 0.953 0.002 0.037 
2574    h1025    (0)   27 :  0.003 0.978 0.006 0.014 
2575    h1035    (0)   27 :  0.013 0.964 0.003 0.020 
2576    h1045    (0)   27 :  0.003 0.991 0.002 0.004 
2577    h1055    (0)   27 :  0.004 0.981 0.011 0.004 
2578    h1065    (0)   27 :  0.006 0.946 0.002 0.046 
2579    h1075    (0)   27 :  0.004 0.985 0.008 0.003 
2580    h1085    (0)   27 :  0.111 0.792 0.002 0.095 
2581    h1095    (0)   27 :  0.029 0.938 0.006 0.027 
2582    h1105    (0)   27 :  0.008 0.955 0.010 0.028 
2583    h1115    (0)   27 :  0.011 0.971 0.013 0.005 
2584    h1125    (0)   27 :  0.004 0.987 0.003 0.006 
2585    h1135    (0)   27 :  0.003 0.984 0.008 0.005 
2586    h1145    (0)   27 :  0.005 0.980 0.005 0.010 
2587    h1155    (0)   27 :  0.073 0.853 0.007 0.067 
2588    h1165    (0)   27 :  0.074 0.820 0.060 0.046 
2589    h1175    (0)   27 :  0.009 0.981 0.005 0.004 
2590    h1185    (0)   27 :  0.005 0.981 0.004 0.010 
2591    h1195    (0)   27 :  0.005 0.982 0.008 0.005 
2592    h1205    (0)   27 :  0.004 0.983 0.007 0.006 
2593    h1215    (0)   27 :  0.011 0.868 0.019 0.101 
2594    h1225    (0)   27 :  0.003 0.985 0.005 0.007 
2595    h1235    (0)   27 :  0.005 0.976 0.010 0.008 
2596    h1245    (0)   27 :  0.004 0.985 0.005 0.006 
2597    h1255    (0)   27 :  0.007 0.971 0.018 0.005 
2598  CK.0PLA    (5)   28 :  0.003 0.004 0.987 0.007 
2599  CK.0PLC    (0)   28 :  0.002 0.004 0.989 0.004 
2600  CK.0PLE    (0)   28 :  0.003 0.002 0.992 0.003 
2601  CK.0PLF    (0)   28 :  0.008 0.007 0.979 0.006 
2602  CK.0PLH    (0)   28 :  0.002 0.002 0.993 0.003 
2603  CK.0PLJ    (0)   28 :  0.005 0.008 0.985 0.002 
2604  CK.0PLK    (0)   28 :  0.002 0.002 0.992 0.004 
2605  CK.0PLL    (0)   28 :  0.003 0.003 0.992 0.002 
2606  CK.0PLM    (0)   28 :  0.004 0.003 0.990 0.003 
2607  CK.0PLP    (0)   28 :  0.002 0.003 0.991 0.003 
2608  CK.0PLT    (0)   28 :  0.002 0.002 0.995 0.002 
2609  CK.0PLU    (0)   28 :  0.002 0.002 0.993 0.002 
2610  CK.0PLX    (0)   28 :  0.004 0.005 0.978 0.013 
2611  CK.0PLY    (5)   28 :  0.002 0.002 0.994 0.002 
2612  CK.0PM0    (0)   28 :  0.002 0.003 0.991 0.004 
2613  CK.0PM1    (0)   28 :  0.002 0.002 0.994 0.003 
2614  CK.0PM2    (0)   28 :  0.008 0.003 0.987 0.002 
2615  CK.0PM3    (0)   28 :  0.002 0.002 0.994 0.002 
2616  CK.0PM4    (0)   28 :  0.002 0.003 0.993 0.002 
2617  CK.0PM7    (0)   28 :  0.002 0.002 0.993 0.002 
2618  CK.0PM8    (0)   28 :  0.002 0.002 0.994 0.002 
2619  CK.0PMA    (0)   28 :  0.004 0.003 0.990 0.003 
2620    M2C06    (0)   28 :  0.002 0.002 0.994 0.002 
2621    M2C07    (0)   28 :  0.001 0.002 0.995 0.002 
2622    M2C08    (0)   28 :  0.001 0.002 0.996 0.001 
2623    M2C0A    (0)   28 :  0.002 0.002 0.993 0.002 
2624    M2C0C    (0)   28 :  0.002 0.002 0.993 0.002 
2625    M2C0E    (0)   28 :  0.002 0.002 0.995 0.002 
2626    h0012    (0)   29 :  0.003 0.002 0.993 0.002 
2627    h0022    (0)   29 :  0.002 0.003 0.990 0.005 
2628    h0032    (0)   29 :  0.001 0.002 0.993 0.003 
2629    h0042    (0)   29 :  0.002 0.002 0.994 0.002 
2630    h0052    (0)   29 :  0.002 0.006 0.988 0.004 
2631    h0062    (0)   29 :  0.002 0.002 0.993 0.002 
2632    h0072    (0)   29 :  0.002 0.002 0.994 0.002 
2633    h0082    (0)   29 :  0.002 0.003 0.992 0.004 
2634    h0092    (0)   29 :  0.002 0.002 0.995 0.002 
2635    h0102    (0)   29 :  0.002 0.003 0.992 0.003 
2636    h0112    (0)   29 :  0.002 0.003 0.992 0.003 
2637    h0122    (0)   29 :  0.005 0.004 0.987 0.004 
2638    h0132    (0)   29 :  0.009 0.006 0.968 0.017 
2639    h0142    (0)   29 :  0.002 0.002 0.992 0.004 
2640    h0152    (0)   29 :  0.002 0.002 0.995 0.002 
2641    h0162    (0)   29 :  0.003 0.002 0.993 0.002 
2642    h0172    (0)   29 :  0.002 0.002 0.994 0.002 
2643    h0182    (0)   29 :  0.002 0.002 0.994 0.002 
2644    h0192    (0)   29 :  0.001 0.002 0.994 0.002 
2645    h0202    (0)   29 :  0.001 0.002 0.995 0.002 
2646    h0212    (0)   29 :  0.003 0.002 0.992 0.002 
2647    h0222    (0)   29 :  0.002 0.003 0.994 0.002 
2648    h0232    (0)   29 :  0.002 0.003 0.993 0.002 
2649    h0242    (0)   29 :  0.003 0.003 0.990 0.004 
2650    h0252    (0)   29 :  0.004 0.004 0.989 0.003 
2651    h0262    (0)   29 :  0.002 0.002 0.993 0.003 
2652    h0272    (0)   29 :  0.002 0.002 0.994 0.002 
2653    h0282    (0)   29 :  0.002 0.005 0.989 0.005 
2654    h0292    (0)   29 :  0.002 0.002 0.994 0.002 
2655    h0302    (0)   29 :  0.004 0.003 0.990 0.003 
2656    h0312    (0)   29 :  0.002 0.002 0.994 0.002 
2657    h0322    (0)   29 :  0.002 0.002 0.995 0.002 
2658    h0332    (0)   29 :  0.002 0.003 0.992 0.003 
2659    h0342    (0)   29 :  0.003 0.003 0.992 0.002 
2660    h0352    (0)   29 :  0.002 0.002 0.993 0.002 
2661    h0362    (0)   29 :  0.002 0.002 0.994 0.002 
2662    h0372    (0)   29 :  0.002 0.002 0.994 0.002 
2663    h0382    (0)   29 :  0.004 0.002 0.991 0.003 
2664    h0392    (0)   29 :  0.002 0.002 0.995 0.002 
2665    h0402    (0)   29 :  0.002 0.002 0.993 0.002 
2666    h0412    (0)   29 :  0.002 0.002 0.995 0.002 
2667    h0422    (0)   29 :  0.002 0.003 0.994 0.002 
2668    h0432    (0)   29 :  0.002 0.002 0.994 0.002 
2669    h0442    (0)   29 :  0.002 0.002 0.994 0.002 
2670    h0452    (0)   29 :  0.002 0.003 0.993 0.003 
2671    h0462    (0)   29 :  0.002 0.002 0.993 0.002 
2672    h0472    (0)   29 :  0.004 0.005 0.986 0.005 
2673    h0482    (0)   29 :  0.002 0.002 0.994 0.002 
2674    h0492    (0)   29 :  0.002 0.002 0.993 0.003 
2675    h0502    (0)   29 :  0.002 0.002 0.994 0.002 
2676    h0512    (0)   29 :  0.003 0.002 0.992 0.003 
2677    h0522    (0)   29 :  0.001 0.002 0.995 0.002 
2678    h0532    (0)   29 :  0.002 0.002 0.993 0.003 
2679    h0542    (0)   29 :  0.002 0.002 0.994 0.002 
2680    h0552    (0)   29 :  0.001 0.002 0.994 0.002 
2681    h0562    (0)   29 :  0.003 0.004 0.991 0.002 
2682    h0572    (0)   29 :  0.041 0.007 0.945 0.007 
2683    h0582    (0)   29 :  0.002 0.003 0.993 0.002 
2684    h0592    (0)   29 :  0.002 0.002 0.995 0.002 
2685    h0602    (0)   29 :  0.002 0.002 0.993 0.003 
2686    h0612    (0)   29 :  0.003 0.002 0.994 0.002 
2687    h0622    (0)   29 :  0.004 0.004 0.982 0.010 
2688    h0632    (0)   29 :  0.004 0.004 0.986 0.006 
2689    h0642    (0)   29 :  0.002 0.002 0.995 0.002 
2690    h0652    (0)   29 :  0.002 0.002 0.994 0.002 
2691    h0662    (0)   29 :  0.002 0.002 0.995 0.002 
2692    h0672    (0)   29 :  0.002 0.003 0.993 0.002 
2693    h0682    (0)   29 :  0.006 0.002 0.988 0.004 
2694    h0692    (0)   29 :  0.002 0.002 0.994 0.002 
2695    h0702    (0)   29 :  0.002 0.002 0.994 0.002 
2696    h0712    (0)   29 :  0.002 0.002 0.994 0.002 
2697    h0722    (0)   29 :  0.003 0.004 0.992 0.002 
2698    h0732    (0)   29 :  0.003 0.002 0.993 0.002 
2699    h0742    (0)   29 :  0.002 0.002 0.995 0.002 
2700    h0752    (0)   29 :  0.002 0.002 0.995 0.002 
2701    h0762    (0)   29 :  0.001 0.002 0.995 0.002 
2702    h0772    (0)   29 :  0.002 0.002 0.994 0.002 
2703    h0782    (0)   29 :  0.003 0.003 0.991 0.003 
2704    h0792    (0)   29 :  0.002 0.002 0.992 0.003 
2705    h0802    (0)   29 :  0.002 0.002 0.994 0.002 
2706    h0812    (0)   29 :  0.002 0.002 0.994 0.002 
2707    h0822    (0)   29 :  0.002 0.002 0.993 0.003 
2708    h0832    (0)   29 :  0.006 0.010 0.961 0.023 
2709    h0842    (0)   29 :  0.021 0.007 0.968 0.004 
2710    h0852    (0)   29 :  0.005 0.003 0.990 0.002 
2711    h0862    (0)   29 :  0.001 0.002 0.995 0.002 
2712    h0872    (0)   29 :  0.002 0.004 0.992 0.002 
2713    h0882    (0)   29 :  0.002 0.003 0.994 0.002 
2714    h0892    (0)   29 :  0.003 0.003 0.993 0.002 
2715    h0902    (0)   29 :  0.002 0.003 0.993 0.002 
2716    h0912    (0)   29 :  0.002 0.003 0.992 0.003 
2717    h0922    (0)   29 :  0.002 0.002 0.993 0.003 
2718    h0932    (0)   29 :  0.003 0.002 0.993 0.002 
2719    h0942    (0)   29 :  0.006 0.002 0.989 0.003 
2720    h0952    (0)   29 :  0.001 0.002 0.994 0.002 
2721    h0962    (0)   29 :  0.003 0.003 0.992 0.003 
2722    h0972    (0)   29 :  0.003 0.003 0.985 0.009 
2723    h0982    (0)   29 :  0.002 0.003 0.993 0.002 
2724    h0992    (0)   29 :  0.002 0.002 0.994 0.002 
2725    h1002    (0)   29 :  0.003 0.002 0.993 0.002 
2726    h1012    (0)   29 :  0.002 0.002 0.992 0.003 
2727    h1022    (0)   29 :  0.002 0.003 0.992 0.003 
2728    h1032    (0)   29 :  0.002 0.002 0.994 0.002 
2729    h1042    (0)   29 :  0.002 0.002 0.994 0.002 
2730    h1052    (0)   29 :  0.002 0.002 0.994 0.002 
2731    h1062    (0)   29 :  0.003 0.003 0.990 0.003 
2732    h1072    (0)   29 :  0.002 0.003 0.990 0.005 
2733    h1082    (0)   29 :  0.002 0.002 0.994 0.002 
2734    h1092    (0)   29 :  0.002 0.002 0.994 0.002 
2735    h1102    (0)   29 :  0.002 0.002 0.995 0.002 
2736    h1112    (0)   29 :  0.002 0.002 0.994 0.002 
2737    h1122    (0)   29 :  0.002 0.003 0.993 0.003 
2738    h1132    (0)   29 :  0.005 0.004 0.988 0.003 
2739    h1142    (0)   29 :  0.002 0.003 0.992 0.002 
2740    h1152    (0)   29 :  0.002 0.002 0.994 0.002 
2741    h1162    (0)   29 :  0.002 0.003 0.992 0.004 
2742    h1172    (0)   29 :  0.002 0.004 0.992 0.003 
2743    h1182    (0)   29 :  0.002 0.003 0.992 0.003 
2744    h1192    (0)   29 :  0.007 0.003 0.988 0.003 
2745    h1202    (0)   29 :  0.002 0.003 0.992 0.003 
2746    h1212    (0)   29 :  0.002 0.003 0.992 0.002 
2747    h1222    (0)   29 :  0.002 0.002 0.994 0.003 
2748    h1232    (0)   29 :  0.002 0.002 0.993 0.003 
2749    h1242    (0)   29 :  0.002 0.002 0.994 0.003 
2750    h1252    (0)   29 :  0.003 0.002 0.993 0.002 
2751    h1262    (0)   29 :  0.006 0.003 0.989 0.003 
2752    h1272    (0)   29 :  0.002 0.002 0.994 0.002 
2753    h1282    (0)   29 :  0.002 0.003 0.992 0.003 
2754    h1292    (0)   29 :  0.002 0.002 0.994 0.002 
2755    h1302    (0)   29 :  0.002 0.003 0.985 0.010 
2756    h1312    (0)   29 :  0.006 0.002 0.989 0.002 
2757    h1322    (0)   29 :  0.002 0.002 0.995 0.002 
2758    h1332    (0)   29 :  0.002 0.002 0.994 0.002 
2759    h1342    (0)   29 :  0.002 0.003 0.993 0.003 
2760    h1352    (0)   29 :  0.002 0.002 0.995 0.002 
2761    h1362    (0)   29 :  0.002 0.003 0.992 0.003 
2762    h1372    (0)   29 :  0.002 0.002 0.994 0.002 
2763    h1382    (0)   29 :  0.005 0.003 0.988 0.004 
2764    h1392    (0)   29 :  0.003 0.002 0.992 0.002 
2765    h1402    (0)   29 :  0.003 0.002 0.993 0.002 
2766    h1412    (0)   29 :  0.003 0.002 0.992 0.003 
2767    h1422    (0)   29 :  0.002 0.002 0.994 0.002 
2768    h1432    (0)   29 :  0.003 0.002 0.992 0.002 
2769    h1442    (0)   29 :  0.002 0.002 0.994 0.002 
2770    h1452    (0)   29 :  0.001 0.002 0.995 0.002 
2771    h1462    (0)   29 :  0.002 0.002 0.994 0.002 
2772    h1472    (0)   29 :  0.003 0.003 0.992 0.002 
2773    h1482    (0)   29 :  0.002 0.003 0.993 0.002 
2774    h1492    (0)   29 :  0.005 0.007 0.984 0.004 
2775    h1502    (0)   29 :  0.001 0.002 0.995 0.002 
2776    h1512    (0)   29 :  0.002 0.002 0.994 0.002 
2777    h1522    (0)   29 :  0.002 0.003 0.993 0.002 
2778    h1532    (0)   29 :  0.007 0.003 0.987 0.003 
2779    h1542    (0)   29 :  0.002 0.002 0.994 0.002 
2780    h1552    (0)   29 :  0.005 0.004 0.985 0.006 
2781    h1562    (0)   29 :  0.002 0.002 0.993 0.003 
2782    h1572    (0)   29 :  0.002 0.003 0.993 0.002 
2783    h1582    (0)   29 :  0.002 0.002 0.994 0.002 
2784    h1592    (0)   29 :  0.002 0.002 0.994 0.002 
2785    h1602    (0)   29 :  0.002 0.003 0.993 0.002 
2786    h1612    (0)   29 :  0.002 0.003 0.990 0.005 
2787    h1622    (0)   29 :  0.002 0.002 0.995 0.002 
2788    h1632    (0)   29 :  0.002 0.003 0.992 0.004 
2789    h1642    (0)   29 :  0.003 0.002 0.992 0.002 
2790    h1652    (0)   29 :  0.004 0.002 0.991 0.003 
2791    h1662    (0)   29 :  0.002 0.002 0.994 0.002 
2792    h1672    (0)   29 :  0.003 0.004 0.987 0.006 
2793    h1682    (0)   29 :  0.002 0.002 0.995 0.002 
2794    h1692    (0)   29 :  0.002 0.003 0.993 0.002 
2795    h1702    (0)   29 :  0.005 0.004 0.986 0.004 
2796    h1712    (0)   29 :  0.005 0.003 0.991 0.002 
2797    h1722    (0)   29 :  0.004 0.003 0.991 0.002 
2798    h1732    (0)   29 :  0.002 0.002 0.994 0.002 
2799    h1742    (0)   29 :  0.002 0.002 0.995 0.002 
2800    h1752    (0)   29 :  0.002 0.002 0.994 0.002 
2801    h1762    (0)   29 :  0.002 0.002 0.994 0.002 
2802    h1772    (0)   29 :  0.002 0.002 0.994 0.002 
2803    h1782    (0)   29 :  0.002 0.002 0.994 0.003 
2804    h1792    (0)   29 :  0.006 0.004 0.987 0.004 
2805    h1802    (0)   29 :  0.002 0.003 0.994 0.002 
2806    h1812    (0)   29 :  0.003 0.004 0.990 0.003 
2807    h1822    (0)   29 :  0.002 0.002 0.994 0.002 
2808    h1832    (0)   29 :  0.004 0.003 0.992 0.002 
2809    h1842    (0)   29 :  0.002 0.002 0.993 0.002 
2810    h1852    (0)   29 :  0.002 0.002 0.995 0.002 
2811    h1862    (0)   29 :  0.002 0.002 0.994 0.002 
2812    h1872    (0)   29 :  0.002 0.002 0.995 0.002 
2813    h1882    (0)   29 :  0.002 0.002 0.993 0.002 
2814    h1892    (0)   29 :  0.002 0.002 0.993 0.002 
2815    h1902    (0)   29 :  0.002 0.003 0.991 0.004 
2816    h1912    (0)   29 :  0.002 0.002 0.994 0.002 
2817    h1922    (0)   29 :  0.002 0.004 0.991 0.004 
2818    h1932    (0)   29 :  0.002 0.003 0.993 0.002 
2819    h1942    (0)   29 :  0.007 0.006 0.974 0.012 
2820    h1952    (0)   29 :  0.001 0.002 0.994 0.002 
2821    h1962    (0)   29 :  0.002 0.002 0.994 0.002 
2822    h1972    (0)   29 :  0.002 0.002 0.995 0.002 
2823    h1982    (0)   29 :  0.002 0.002 0.994 0.002 
2824    h1992    (0)   29 :  0.002 0.002 0.994 0.002 
2825    h2002    (0)   29 :  0.002 0.002 0.994 0.002 
2826    h2011    (0)   29 :  0.002 0.003 0.992 0.002 
2827    h2021    (0)   29 :  0.002 0.002 0.993 0.003 
2828    h2031    (0)   29 :  0.008 0.006 0.973 0.013 
2829    h2041    (0)   29 :  0.002 0.002 0.995 0.002 
2830    h2051    (0)   29 :  0.002 0.002 0.993 0.002 
2831    h2061    (0)   29 :  0.001 0.002 0.994 0.002 
2832    h2071    (0)   29 :  0.003 0.003 0.992 0.003 
2833    h2081    (0)   29 :  0.002 0.002 0.994 0.002 
2834    h2091    (0)   29 :  0.002 0.003 0.993 0.002 
2835    h2101    (0)   29 :  0.002 0.002 0.994 0.002 
2836    h2111    (0)   29 :  0.002 0.003 0.993 0.002 
2837    h2121    (0)   29 :  0.005 0.002 0.990 0.002 
2838    h2131    (0)   29 :  0.004 0.002 0.992 0.002 
2839    h2141    (0)   29 :  0.002 0.002 0.993 0.002 
2840    h2151    (0)   29 :  0.002 0.002 0.994 0.002 
2841    h2161    (0)   29 :  0.002 0.003 0.994 0.002 
2842    h2171    (0)   29 :  0.004 0.004 0.986 0.006 
2843    h2181    (0)   29 :  0.005 0.002 0.991 0.002 
2844    h2191    (0)   29 :  0.003 0.003 0.990 0.004 
2845    h2201    (0)   29 :  0.002 0.002 0.994 0.002 
2846    h2211    (0)   29 :  0.002 0.003 0.993 0.002 
2847    h2221    (0)   29 :  0.002 0.002 0.993 0.003 
2848    h2231    (0)   29 :  0.005 0.002 0.991 0.002 
2849    h2241    (0)   29 :  0.003 0.003 0.991 0.003 
2850    h2251    (0)   29 :  0.003 0.003 0.988 0.006 
2851    h2261    (0)   29 :  0.001 0.002 0.995 0.002 
2852    h2271    (0)   29 :  0.004 0.008 0.981 0.008 
2853    h2281    (0)   29 :  0.002 0.002 0.995 0.002 
2854    h2291    (0)   29 :  0.004 0.002 0.991 0.002 
2855    h2301    (0)   29 :  0.002 0.002 0.994 0.002 
2856    h2311    (0)   29 :  0.005 0.003 0.987 0.005 
2857    h2321    (0)   29 :  0.004 0.003 0.990 0.003 
2858    h2331    (0)   29 :  0.002 0.002 0.992 0.004 
2859    h2341    (0)   29 :  0.002 0.002 0.993 0.003 
2860    h2351    (0)   29 :  0.002 0.002 0.994 0.002 
2861    h2361    (0)   29 :  0.002 0.003 0.993 0.003 
2862    h2371    (0)   29 :  0.003 0.003 0.991 0.003 
2863    h2381    (0)   29 :  0.002 0.002 0.995 0.002 
2864    h2391    (0)   29 :  0.002 0.002 0.992 0.003 
2865    h2401    (0)   29 :  0.003 0.003 0.993 0.002 
2866    h2411    (0)   29 :  0.002 0.002 0.994 0.002 
2867    h2421    (0)   29 :  0.001 0.002 0.994 0.002 
2868    h2431    (0)   29 :  0.002 0.002 0.994 0.002 
2869    h2441    (0)   29 :  0.006 0.003 0.988 0.003 
2870    h2451    (0)   29 :  0.002 0.002 0.994 0.002 
2871    h2461    (0)   29 :  0.002 0.002 0.994 0.002 
2872    h2471    (0)   29 :  0.002 0.002 0.993 0.003 
2873    h2481    (0)   29 :  0.001 0.002 0.995 0.002 
2874    h2491    (0)   29 :  0.002 0.002 0.994 0.002 
2875    h2501    (0)   29 :  0.003 0.004 0.990 0.003 
2876    h2511    (0)   29 :  0.003 0.003 0.990 0.004 
2877    h2521    (0)   29 :  0.006 0.003 0.987 0.004 
2878    h2531    (0)   29 :  0.002 0.004 0.991 0.002 
2879    h2541    (0)   29 :  0.002 0.002 0.995 0.002 
2880    h2551    (0)   29 :  0.002 0.002 0.993 0.002 
2881    h2561    (0)   29 :  0.001 0.002 0.993 0.003 
2882    h2571    (0)   29 :  0.002 0.002 0.993 0.002 
2883    h2581    (0)   29 :  0.002 0.002 0.995 0.002 
2884    h2591    (0)   29 :  0.002 0.002 0.994 0.002 
2885    h2601    (0)   29 :  0.003 0.004 0.990 0.003 
2886    h2611    (0)   29 :  0.002 0.002 0.991 0.004 
2887    h2621    (0)   29 :  0.003 0.002 0.993 0.002 
2888    h2631    (0)   29 :  0.002 0.002 0.995 0.002 
2889    h2641    (0)   29 :  0.007 0.004 0.986 0.003 
2890    h2651    (0)   29 :  0.002 0.003 0.992 0.002 
2891    h2661    (0)   29 :  0.002 0.002 0.994 0.002 
2892    h2671    (0)   29 :  0.001 0.002 0.994 0.002 
2893    h2681    (0)   29 :  0.006 0.004 0.985 0.006 
2894    h2691    (0)   29 :  0.002 0.002 0.994 0.002 
2895    h2701    (0)   29 :  0.003 0.004 0.985 0.009 
2896    h2711    (0)   29 :  0.001 0.002 0.995 0.002 
2897    h2721    (0)   29 :  0.009 0.004 0.979 0.008 
2898    h2731    (0)   29 :  0.002 0.002 0.994 0.002 
2899    h2741    (0)   29 :  0.002 0.003 0.993 0.002 
2900    h2751    (0)   29 :  0.002 0.002 0.994 0.003 
2901    h2761    (0)   29 :  0.010 0.008 0.966 0.016 
2902    h2771    (0)   29 :  0.002 0.002 0.995 0.002 
2903    h2781    (0)   29 :  0.005 0.004 0.979 0.012 
2904    h2791    (0)   29 :  0.003 0.002 0.993 0.002 
2905    h2801    (0)   29 :  0.002 0.002 0.995 0.002 
2906    h2811    (0)   29 :  0.002 0.002 0.994 0.002 
2907    h2821    (0)   29 :  0.001 0.002 0.994 0.002 
2908    h2831    (0)   29 :  0.003 0.002 0.994 0.002 
2909    h2841    (0)   29 :  0.002 0.003 0.994 0.002 
2910    h2851    (0)   29 :  0.002 0.002 0.995 0.002 
2911    h2861    (0)   29 :  0.002 0.002 0.994 0.002 
2912    h2871    (0)   29 :  0.003 0.002 0.992 0.003 
2913    h2881    (0)   29 :  0.002 0.002 0.994 0.003 
2914    h2891    (0)   29 :  0.002 0.002 0.994 0.002 
2915    h2901    (0)   29 :  0.002 0.002 0.993 0.003 
2916    h2911    (0)   29 :  0.002 0.002 0.994 0.002 
2917    h2921    (0)   29 :  0.011 0.005 0.983 0.002 
2918    h2931    (0)   29 :  0.002 0.003 0.993 0.002 
2919    h2941    (0)   29 :  0.002 0.005 0.990 0.003 
2920    h2951    (0)   29 :  0.002 0.004 0.989 0.005 
2921    h2961    (0)   29 :  0.005 0.002 0.991 0.002 
2922    h2971    (0)   29 :  0.001 0.002 0.995 0.002 
2923    h2981    (0)   29 :  0.002 0.002 0.994 0.002 
2924    h2991    (0)   29 :  0.002 0.002 0.994 0.002 
2925    h3001    (0)   29 :  0.002 0.002 0.994 0.002 
2926  EF.15EU    (5)   30 :  0.993 0.002 0.003 0.002 
2927  EF.15EE    (0)   30 :  0.994 0.002 0.002 0.002 
2928  EF.15EF    (0)   30 :  0.984 0.004 0.004 0.009 
2929  EF.15EH    (0)   30 :  0.994 0.002 0.001 0.002 
2930  EF.15EJ    (5)   30 :  0.941 0.004 0.003 0.052 
2931  EF.15EK    (0)   30 :  0.994 0.002 0.002 0.002 
2932  EF.15EL    (0)   30 :  0.993 0.002 0.002 0.002 
2933  EF.15EM    (0)   30 :  0.991 0.002 0.002 0.005 
2934  EF.15EP    (0)   30 :  0.991 0.002 0.003 0.004 
2935  EF.15ET    (0)   30 :  0.993 0.002 0.002 0.003 
2936  EF.15EX    (0)   30 :  0.994 0.002 0.002 0.002 
2937  EF.15F0    (0)   30 :  0.993 0.002 0.002 0.003 
2938  EF.15F1    (5)   30 :  0.990 0.004 0.002 0.004 
2939  EF.15F2    (0)   30 :  0.994 0.002 0.002 0.002 
2940  EF.15F3    (0)   30 :  0.993 0.002 0.002 0.003 
2941  EF.15F4    (0)   30 :  0.995 0.002 0.002 0.002 
2942  EF.15F5    (0)   30 :  0.988 0.006 0.002 0.004 
2943  EF.15F6    (0)   30 :  0.992 0.002 0.003 0.004 
2944  EF.15FC    (0)   30 :  0.988 0.003 0.005 0.004 
2945  EF.15FE    (0)   30 :  0.960 0.015 0.006 0.019 
2946  EF.15FF    (0)   30 :  0.993 0.002 0.002 0.003 
2947  EF.15FH    (0)   30 :  0.993 0.002 0.003 0.003 
2948  EF.15FJ    (0)   30 :  0.979 0.006 0.008 0.008 
2949  EF.15FK    (0)   30 :  0.982 0.004 0.004 0.010 
2950  EF.15FL    (0)   30 :  0.994 0.002 0.002 0.002 
2951  EF.15FM    (0)   30 :  0.981 0.003 0.006 0.009 
2952  EF.15FP    (0)   30 :  0.992 0.002 0.002 0.004 
2953    h0011    (0)   31 :  0.995 0.002 0.001 0.002 
2954    h0021    (0)   31 :  0.994 0.002 0.002 0.002 
2955    h0031    (0)   31 :  0.985 0.006 0.003 0.006 
2956    h0041    (0)   31 :  0.992 0.002 0.004 0.003 
2957    h0051    (0)   31 :  0.990 0.003 0.003 0.004 
2958    h0061    (0)   31 :  0.992 0.002 0.002 0.004 
2959    h0071    (0)   31 :  0.992 0.002 0.002 0.004 
2960    h0081    (0)   31 :  0.993 0.002 0.002 0.003 
2961    h0091    (0)   31 :  0.893 0.008 0.082 0.016 
2962    h0101    (0)   31 :  0.986 0.003 0.007 0.005 
2963    h0111    (0)   31 :  0.994 0.002 0.002 0.002 
2964    h0121    (0)   31 :  0.993 0.002 0.002 0.004 
2965    h0131    (0)   31 :  0.982 0.007 0.003 0.008 
2966    h0141    (0)   31 :  0.990 0.002 0.003 0.004 
2967    h0151    (0)   31 :  0.993 0.002 0.002 0.003 
2968    h0161    (0)   31 :  0.951 0.006 0.003 0.040 
2969    h0171    (0)   31 :  0.987 0.004 0.006 0.003 
2970    h0181    (0)   31 :  0.992 0.002 0.002 0.003 
2971    h0191    (0)   31 :  0.982 0.004 0.007 0.007 
2972    h0201    (0)   31 :  0.993 0.002 0.002 0.003 
2973    h0211    (0)   31 :  0.990 0.004 0.002 0.003 
2974    h0221    (0)   31 :  0.993 0.002 0.002 0.003 
2975    h0231    (0)   31 :  0.994 0.002 0.002 0.002 
2976    h0241    (0)   31 :  0.993 0.002 0.002 0.003 
2977    h0251    (0)   31 :  0.993 0.002 0.002 0.004 
2978    h0261    (0)   31 :  0.992 0.003 0.002 0.003 
2979    h0271    (0)   31 :  0.991 0.003 0.003 0.003 
2980    h0281    (0)   31 :  0.991 0.003 0.003 0.003 
2981    h0291    (0)   31 :  0.993 0.002 0.002 0.004 
2982    h0301    (0)   31 :  0.994 0.002 0.002 0.002 
2983    h0311    (0)   31 :  0.991 0.002 0.002 0.005 
2984    h0321    (0)   31 :  0.986 0.004 0.003 0.007 
2985    h0331    (0)   31 :  0.978 0.009 0.007 0.006 
2986    h0341    (0)   31 :  0.984 0.003 0.010 0.004 
2987    h0351    (0)   31 :  0.992 0.002 0.002 0.003 
2988    h0361    (0)   31 :  0.986 0.003 0.004 0.007 
2989    h0371    (0)   31 :  0.993 0.002 0.002 0.003 
2990    h0381    (0)   31 :  0.990 0.003 0.003 0.004 
2991    h0391    (0)   31 :  0.992 0.003 0.002 0.003 
2992    h0401    (0)   31 :  0.992 0.003 0.002 0.003 
2993    h0411    (0)   31 :  0.989 0.003 0.002 0.006 
2994    h0421    (0)   31 :  0.993 0.002 0.002 0.003 
2995    h0431    (0)   31 :  0.993 0.002 0.002 0.003 
2996    h0441    (0)   31 :  0.991 0.002 0.003 0.003 
2997    h0451    (0)   31 :  0.991 0.003 0.003 0.003 
2998    h0461    (0)   31 :  0.992 0.002 0.002 0.003 
2999    h0471    (0)   31 :  0.991 0.002 0.002 0.005 
3000    h0481    (0)   31 :  0.989 0.004 0.002 0.005 
3001    h0491    (0)   31 :  0.984 0.004 0.003 0.009 
3002    h0501    (0)   31 :  0.991 0.002 0.001 0.005 
3003    h0511    (0)   31 :  0.992 0.003 0.002 0.003 
3004    h0521    (0)   31 :  0.990 0.003 0.004 0.003 
3005    h0531    (0)   31 :  0.977 0.003 0.004 0.016 
3006    h0541    (0)   31 :  0.987 0.004 0.003 0.006 
3007    h0551    (0)   31 :  0.991 0.003 0.003 0.003 
3008    h0561    (0)   31 :  0.995 0.002 0.001 0.002 
3009    h0571    (0)   31 :  0.995 0.002 0.001 0.002 
3010    h0581    (0)   31 :  0.979 0.009 0.006 0.005 
3011    h0591    (0)   31 :  0.981 0.005 0.005 0.010 
3012    h0601    (0)   31 :  0.993 0.002 0.002 0.003 
3013    h0611    (0)   31 :  0.992 0.002 0.002 0.003 
3014    h0621    (0)   31 :  0.986 0.003 0.003 0.007 
3015    h0631    (0)   31 :  0.989 0.003 0.002 0.006 
3016    h0641    (0)   31 :  0.994 0.002 0.002 0.003 
3017    h0651    (0)   31 :  0.992 0.003 0.002 0.003 
3018    h0661    (0)   31 :  0.993 0.002 0.002 0.002 
3019    h0671    (0)   31 :  0.994 0.002 0.002 0.002 
3020    h0681    (0)   31 :  0.994 0.002 0.002 0.002 
3021    h0691    (0)   31 :  0.993 0.002 0.002 0.003 
3022    h0701    (0)   31 :  0.990 0.002 0.002 0.005 
3023    h0711    (0)   31 :  0.982 0.004 0.009 0.005 
3024    h0721    (0)   31 :  0.994 0.002 0.002 0.002 
3025    h0731    (0)   31 :  0.987 0.003 0.004 0.005 
3026    h0741    (0)   31 :  0.990 0.003 0.003 0.004 
3027    h0751    (0)   31 :  0.990 0.002 0.003 0.005 
3028    h0761    (0)   31 :  0.993 0.002 0.002 0.003 
3029    h0771    (0)   31 :  0.987 0.004 0.003 0.005 
3030    h0781    (0)   31 :  0.994 0.002 0.001 0.002 
3031    h0791    (0)   31 :  0.994 0.002 0.002 0.002 
3032    h0801    (0)   31 :  0.992 0.002 0.002 0.004 
3033    h0811    (0)   31 :  0.987 0.003 0.003 0.007 
3034    h0821    (0)   31 :  0.975 0.003 0.002 0.019 
3035    h0831    (0)   31 :  0.990 0.004 0.003 0.004 
3036    h0841    (0)   31 :  0.991 0.003 0.004 0.003 
3037    h0851    (0)   31 :  0.991 0.003 0.003 0.003 
3038    h0861    (0)   31 :  0.994 0.002 0.002 0.003 
3039    h0871    (0)   31 :  0.986 0.003 0.005 0.006 
3040    h0881    (0)   31 :  0.993 0.002 0.003 0.003 
3041    h0891    (0)   31 :  0.994 0.002 0.002 0.002 
3042    h0901    (0)   31 :  0.987 0.002 0.007 0.004 
3043    h0911    (0)   31 :  0.984 0.003 0.006 0.006 
3044    h0921    (0)   31 :  0.992 0.003 0.002 0.004 
3045    h0931    (0)   31 :  0.994 0.002 0.002 0.002 
3046    h0941    (0)   31 :  0.988 0.003 0.003 0.005 
3047    h0951    (0)   31 :  0.992 0.002 0.003 0.003 
3048    h0961    (0)   31 :  0.994 0.002 0.002 0.003 
3049    h0971    (0)   31 :  0.993 0.002 0.002 0.003 
3050    h0981    (0)   31 :  0.993 0.002 0.002 0.003 
3051    h0991    (0)   31 :  0.984 0.008 0.003 0.006 
3052    h1001    (0)   31 :  0.979 0.005 0.009 0.008 
3053    h1011    (0)   31 :  0.994 0.002 0.002 0.002 
3054    h1021    (0)   31 :  0.990 0.004 0.003 0.003 
3055    h1031    (0)   31 :  0.977 0.003 0.005 0.015 
3056    h1041    (0)   31 :  0.992 0.002 0.003 0.003 
3057    h1051    (0)   31 :  0.989 0.003 0.003 0.006 
3058    h1061    (0)   31 :  0.995 0.002 0.001 0.002 
3059    h1071    (0)   31 :  0.995 0.002 0.001 0.002 
3060    h1081    (0)   31 :  0.992 0.002 0.002 0.003 
3061    h1091    (0)   31 :  0.994 0.002 0.002 0.003 
3062    h1101    (0)   31 :  0.993 0.003 0.002 0.002 
3063    h1111    (0)   31 :  0.989 0.003 0.004 0.004 
3064    h1121    (0)   31 :  0.992 0.003 0.003 0.003 
3065    h1131    (0)   31 :  0.993 0.002 0.002 0.003 
3066    h1141    (0)   31 :  0.993 0.002 0.002 0.002 
3067    h1151    (0)   31 :  0.994 0.002 0.001 0.003 
3068    h1161    (0)   31 :  0.973 0.004 0.012 0.011 
3069    h1171    (0)   31 :  0.990 0.002 0.002 0.006 
3070    h1181    (0)   31 :  0.988 0.004 0.003 0.004 
3071    h1191    (0)   31 :  0.989 0.002 0.004 0.005 
3072    h1201    (0)   31 :  0.982 0.003 0.004 0.012 
3073    h1211    (0)   31 :  0.985 0.003 0.002 0.010 
3074    h1221    (0)   31 :  0.995 0.002 0.001 0.002 
3075    h1231    (0)   31 :  0.992 0.003 0.002 0.003 
3076    h1241    (0)   31 :  0.993 0.002 0.002 0.003 
3077    h1251    (0)   31 :  0.994 0.002 0.002 0.002 
3078    h1261    (0)   31 :  0.985 0.003 0.007 0.005 
3079    h1271    (0)   31 :  0.989 0.005 0.003 0.004 
3080    h1281    (0)   31 :  0.988 0.004 0.005 0.004 
3081    h1291    (0)   31 :  0.991 0.003 0.003 0.004 
3082    h1301    (0)   31 :  0.992 0.002 0.002 0.005 
3083    h1311    (0)   31 :  0.990 0.003 0.003 0.004 
3084    h1321    (0)   31 :  0.994 0.002 0.002 0.002 
3085    h1331    (0)   31 :  0.993 0.002 0.002 0.003 
3086    h1341    (0)   31 :  0.994 0.002 0.002 0.003 
3087    h1351    (0)   31 :  0.988 0.003 0.004 0.005 
3088    h1361    (0)   31 :  0.994 0.002 0.002 0.002 
3089    h1371    (0)   31 :  0.994 0.002 0.002 0.002 
3090    h1381    (0)   31 :  0.994 0.002 0.002 0.002 
3091    h1391    (0)   31 :  0.992 0.002 0.002 0.004 
3092    h1401    (0)   31 :  0.994 0.002 0.002 0.002 
3093    h1411    (0)   31 :  0.992 0.002 0.002 0.003 
3094    h1421    (0)   31 :  0.991 0.002 0.004 0.003 
3095    h1431    (0)   31 :  0.992 0.002 0.002 0.004 
3096    h1441    (0)   31 :  0.991 0.003 0.003 0.004 
3097    h1451    (0)   31 :  0.986 0.004 0.004 0.007 
3098    h1461    (0)   31 :  0.992 0.002 0.003 0.002 
3099    h1471    (0)   31 :  0.994 0.002 0.001 0.003 
3100    h1481    (0)   31 :  0.992 0.002 0.004 0.002 
3101    h1491    (0)   31 :  0.992 0.003 0.002 0.003 
3102    h1501    (0)   31 :  0.993 0.002 0.002 0.003 
3103    h1511    (0)   31 :  0.992 0.003 0.002 0.003 
3104    h1521    (0)   31 :  0.993 0.002 0.002 0.003 
3105    h1531    (0)   31 :  0.994 0.002 0.002 0.002 
3106    h1541    (0)   31 :  0.994 0.002 0.002 0.003 
3107    h1551    (0)   31 :  0.989 0.003 0.003 0.005 
3108    h1561    (0)   31 :  0.993 0.003 0.002 0.003 
3109    h1571    (0)   31 :  0.989 0.002 0.003 0.006 
3110    h1581    (0)   31 :  0.994 0.002 0.002 0.002 
3111    h1591    (0)   31 :  0.993 0.002 0.002 0.003 
3112    h1601    (0)   31 :  0.992 0.003 0.002 0.004 
3113    h1611    (0)   31 :  0.983 0.003 0.002 0.011 
3114    h1621    (0)   31 :  0.991 0.002 0.003 0.004 
3115    h1631    (0)   31 :  0.992 0.003 0.002 0.003 
3116    h1641    (0)   31 :  0.992 0.003 0.002 0.003 
3117    h1651    (0)   31 :  0.992 0.003 0.002 0.003 
3118    h1661    (0)   31 :  0.986 0.004 0.003 0.006 
3119    h1671    (0)   31 :  0.993 0.002 0.002 0.003 
3120    h1681    (0)   31 :  0.994 0.002 0.002 0.002 
3121    h1691    (0)   31 :  0.987 0.004 0.003 0.006 
3122    h1701    (0)   31 :  0.988 0.003 0.003 0.007 
3123    h1711    (0)   31 :  0.994 0.002 0.002 0.002 
3124    h1721    (0)   31 :  0.993 0.002 0.002 0.002 
3125    h1731    (0)   31 :  0.993 0.002 0.001 0.003 
3126    h1741    (0)   31 :  0.991 0.003 0.002 0.004 
3127    h1751    (0)   31 :  0.990 0.003 0.002 0.004 
3128    h1761    (0)   31 :  0.991 0.002 0.002 0.005 
3129    h1771    (0)   31 :  0.992 0.002 0.003 0.003 
3130    h1781    (0)   31 :  0.992 0.002 0.002 0.003 
3131    h1791    (0)   31 :  0.990 0.003 0.002 0.004 
3132    h1801    (0)   31 :  0.993 0.002 0.003 0.003 
3133    h1811    (0)   31 :  0.992 0.003 0.002 0.004 
3134    h1821    (0)   31 :  0.993 0.002 0.003 0.002 
3135    h1831    (0)   31 :  0.980 0.003 0.011 0.005 
3136    h1841    (0)   31 :  0.992 0.002 0.002 0.004 
3137    h1851    (0)   31 :  0.992 0.002 0.003 0.003 
3138    h1861    (0)   31 :  0.989 0.002 0.005 0.004 
3139    h1871    (0)   31 :  0.993 0.002 0.002 0.002 
3140    h1881    (0)   31 :  0.991 0.003 0.003 0.003 
3141    h1891    (0)   31 :  0.994 0.002 0.002 0.002 
3142    h1901    (0)   31 :  0.994 0.002 0.002 0.002 
3143    h1911    (0)   31 :  0.993 0.003 0.002 0.002 
3144    h1921    (0)   31 :  0.994 0.002 0.002 0.002 
3145    h1931    (0)   31 :  0.992 0.002 0.003 0.002 
3146    h1941    (0)   31 :  0.992 0.003 0.003 0.003 
3147    h1951    (0)   31 :  0.995 0.002 0.001 0.002 
3148    h1961    (0)   31 :  0.995 0.002 0.002 0.002 
3149    h1971    (0)   31 :  0.986 0.003 0.006 0.005 
3150    h1981    (0)   31 :  0.972 0.004 0.011 0.013 
3151    h1991    (0)   31 :  0.990 0.003 0.002 0.005 
3152    h2001    (0)   31 :  0.994 0.002 0.002 0.002 
3153     h201    (0)   31 :  0.987 0.003 0.004 0.006 
3154     h202    (0)   31 :  0.991 0.003 0.002 0.003 
3155     h203    (0)   31 :  0.989 0.002 0.007 0.003 
3156     h204    (0)   31 :  0.993 0.002 0.003 0.003 
3157     h205    (0)   31 :  0.993 0.002 0.002 0.003 
3158     h206    (0)   31 :  0.991 0.003 0.003 0.004 
3159     h207    (0)   31 :  0.994 0.002 0.002 0.002 
3160     h208    (0)   31 :  0.982 0.005 0.007 0.006 
3161     h209    (0)   31 :  0.992 0.003 0.002 0.003 
3162     h210    (0)   31 :  0.993 0.002 0.002 0.003 
3163     h211    (0)   31 :  0.991 0.003 0.003 0.003 
3164     h212    (0)   31 :  0.993 0.002 0.003 0.003 
3165     h213    (0)   31 :  0.992 0.002 0.002 0.004 
3166     h214    (0)   31 :  0.992 0.003 0.002 0.003 
3167     h215    (0)   31 :  0.994 0.002 0.002 0.002 
3168     h216    (0)   31 :  0.981 0.005 0.007 0.006 
3169     h217    (0)   31 :  0.988 0.003 0.003 0.005 
3170     h218    (0)   31 :  0.990 0.003 0.003 0.004 
3171     h219    (0)   31 :  0.990 0.004 0.002 0.004 
3172     h220    (0)   31 :  0.995 0.002 0.002 0.002 
3173     h221    (0)   31 :  0.991 0.003 0.002 0.004 
3174     h222    (0)   31 :  0.986 0.003 0.003 0.007 
3175     h223    (0)   31 :  0.980 0.007 0.008 0.005 
3176     h224    (0)   31 :  0.993 0.002 0.003 0.002 
3177     h225    (0)   31 :  0.991 0.003 0.003 0.003 
3178     h226    (0)   31 :  0.992 0.002 0.002 0.003 
3179     h227    (0)   31 :  0.986 0.004 0.003 0.008 
3180     h228    (0)   31 :  0.990 0.004 0.002 0.004 
3181     h229    (0)   31 :  0.993 0.002 0.003 0.002 
3182     h230    (0)   31 :  0.989 0.003 0.004 0.004 
3183     h231    (0)   31 :  0.994 0.002 0.002 0.002 
3184     h232    (0)   31 :  0.994 0.002 0.002 0.002 
3185     h233    (0)   31 :  0.993 0.002 0.002 0.003 
3186     h234    (0)   31 :  0.991 0.002 0.003 0.004 
3187     h235    (0)   31 :  0.993 0.002 0.003 0.002 
3188     h236    (0)   31 :  0.992 0.002 0.002 0.004 
3189     h237    (0)   31 :  0.989 0.003 0.003 0.004 
3190     h238    (0)   31 :  0.989 0.003 0.005 0.004 
3191     h239    (0)   31 :  0.992 0.003 0.003 0.002 
3192     h240    (0)   31 :  0.990 0.003 0.004 0.003 
3193     h241    (0)   31 :  0.993 0.002 0.002 0.002 
3194     h242    (0)   31 :  0.992 0.002 0.002 0.004 
3195     h243    (0)   31 :  0.991 0.002 0.002 0.005 
3196     h244    (0)   31 :  0.990 0.003 0.004 0.003 
3197     h245    (0)   31 :  0.972 0.003 0.005 0.020 
3198     h246    (0)   31 :  0.994 0.002 0.002 0.002 
3199     h247    (0)   31 :  0.994 0.002 0.002 0.002 
3200     h248    (0)   31 :  0.994 0.002 0.002 0.002 
3201     h249    (0)   31 :  0.984 0.004 0.003 0.009 
3202     h250    (0)   31 :  0.993 0.002 0.002 0.002 
3203     h251    (0)   31 :  0.994 0.002 0.002 0.002 
3204     h252    (0)   31 :  0.989 0.003 0.003 0.005 
3205     h253    (0)   31 :  0.994 0.002 0.002 0.003 
3206     h254    (0)   31 :  0.992 0.002 0.002 0.004 
3207     h255    (0)   31 :  0.994 0.002 0.002 0.002 
3208     h256    (0)   31 :  0.985 0.002 0.002 0.011 
3209     h257    (0)   31 :  0.992 0.002 0.003 0.003 
3210     h258    (0)   31 :  0.993 0.002 0.003 0.002 
3211     h259    (0)   31 :  0.994 0.002 0.002 0.002 
3212     h260    (0)   31 :  0.992 0.002 0.003 0.003 
3213     h261    (0)   31 :  0.994 0.002 0.002 0.002 
3214     h262    (0)   31 :  0.994 0.002 0.002 0.002 
3215     h263    (0)   31 :  0.992 0.003 0.002 0.003 
3216     h264    (0)   31 :  0.992 0.002 0.002 0.004 
3217     h265    (0)   31 :  0.993 0.003 0.002 0.002 
3218     h266    (0)   31 :  0.992 0.003 0.002 0.003 
3219     h267    (0)   31 :  0.992 0.002 0.003 0.003 
3220     h268    (0)   31 :  0.995 0.002 0.001 0.002 
3221     h269    (0)   31 :  0.988 0.004 0.003 0.005 
3222     h270    (0)   31 :  0.992 0.003 0.003 0.003 
3223     h271    (0)   31 :  0.992 0.003 0.002 0.003 
3224     h272    (0)   31 :  0.995 0.002 0.001 0.002 
3225     h273    (0)   31 :  0.989 0.004 0.002 0.006 
3226     h274    (0)   31 :  0.989 0.003 0.002 0.005 
3227     h275    (0)   31 :  0.993 0.002 0.002 0.002 
3228     h276    (0)   31 :  0.987 0.006 0.002 0.005 
3229     h277    (0)   31 :  0.992 0.002 0.003 0.003 
3230     h278    (0)   31 :  0.992 0.003 0.003 0.003 
3231     h279    (0)   31 :  0.991 0.002 0.002 0.005 
3232     h280    (0)   31 :  0.993 0.002 0.002 0.003 
3233     h281    (0)   31 :  0.995 0.002 0.001 0.002 
3234     h282    (0)   31 :  0.991 0.002 0.002 0.004 
3235     h283    (0)   31 :  0.993 0.002 0.002 0.003 
3236     h284    (0)   31 :  0.993 0.002 0.002 0.003 
3237     h285    (0)   31 :  0.992 0.002 0.002 0.004 
3238     h286    (0)   31 :  0.992 0.002 0.002 0.003 
3239     h287    (0)   31 :  0.993 0.002 0.002 0.003 
3240     h288    (0)   31 :  0.993 0.002 0.002 0.003 
3241     h289    (0)   31 :  0.989 0.003 0.002 0.006 
3242     h290    (0)   31 :  0.986 0.003 0.005 0.006 
3243     h291    (0)   31 :  0.993 0.002 0.002 0.003 
3244     h292    (0)   31 :  0.969 0.007 0.011 0.013 
3245     h293    (0)   31 :  0.993 0.003 0.002 0.002 
3246     h294    (0)   31 :  0.990 0.003 0.003 0.004 
3247     h295    (0)   31 :  0.994 0.002 0.002 0.002 
3248     h296    (0)   31 :  0.993 0.002 0.002 0.004 
3249     h297    (0)   31 :  0.993 0.002 0.002 0.002 
3250     h298    (0)   31 :  0.990 0.003 0.002 0.005 
3251     h299    (0)   31 :  0.991 0.003 0.002 0.005 
3252     h300    (0)   31 :  0.992 0.002 0.002 0.003 
3253   CC00K0    (0)   32 :  0.003 0.003 0.002 0.992 
3254   CC01AY    (0)   32 :  0.005 0.004 0.007 0.983 
3255   CC01EE    (0)   32 :  0.005 0.007 0.003 0.984 
3256   CC03KH    (0)   32 :  0.008 0.009 0.003 0.980 
3257   CC04FK    (0)   32 :  0.004 0.006 0.004 0.986 
3258   CC04H8    (0)   32 :  0.024 0.008 0.006 0.962 
3259   CC05EL    (0)   32 :  0.009 0.009 0.005 0.978 
3260   CC05EM    (0)   32 :  0.002 0.003 0.003 0.992 
3261   CC05EX    (0)   32 :  0.002 0.003 0.002 0.993 
3262   CC05H2    (0)   32 :  0.005 0.006 0.008 0.981 
3263   CC05HP    (0)   32 :  0.002 0.002 0.003 0.993 
3264   CC05X0    (0)   32 :  0.003 0.003 0.002 0.993 
3265   CC05X7    (0)   32 :  0.002 0.003 0.003 0.992 
3266   CC0637    (0)   32 :  0.008 0.005 0.006 0.981 
3267   CC0640    (0)   32 :  0.004 0.003 0.003 0.990 
3268   FCC01M    (0)   32 :  0.007 0.003 0.006 0.984 
3269   FCC2JC    (0)   32 :  0.052 0.022 0.005 0.921 
3270   CC00JM    (0)   32 :  0.004 0.003 0.004 0.989 
3271   CC00T6    (0)   32 :  0.008 0.013 0.011 0.968 
3272   CC00T7    (0)   32 :  0.008 0.004 0.002 0.985 
3273   CC00TC    (0)   32 :  0.003 0.002 0.004 0.991 
3274   CC01CJ    (0)   32 :  0.004 0.003 0.006 0.987 
3275   CC01CY    (5)   32 :  0.003 0.003 0.006 0.988 
3276   CC01EC    (0)   32 :  0.004 0.003 0.002 0.991 
3277   CC01EH    (0)   32 :  0.009 0.003 0.003 0.984 
3278   CC01F2    (0)   32 :  0.005 0.006 0.003 0.987 
3279   CC01FL    (0)   32 :  0.003 0.003 0.008 0.986 
3280   CC025E    (0)   32 :  0.009 0.003 0.004 0.983 
3281   CC03E3    (0)   32 :  0.003 0.004 0.016 0.978 
3282   CC04AU    (0)   32 :  0.003 0.002 0.002 0.994 
3283   CC04EK    (5)   32 :  0.003 0.002 0.003 0.992 
3284   CC05FX    (0)   32 :  0.016 0.003 0.004 0.977 
3285   CC05H7    (0)   32 :  0.003 0.006 0.008 0.984 
3286   CC05M5    (0)   32 :  0.003 0.003 0.002 0.992 
3287   CC05YK    (0)   32 :  0.003 0.003 0.011 0.984 
3288   CC0630    (0)   32 :  0.007 0.018 0.004 0.972 
3289   CC066E    (5)   32 :  0.005 0.008 0.005 0.982 
3290   CC01ET    (5)   32 :  0.009 0.006 0.006 0.979 
3291   CC01F1    (5)   32 :  0.006 0.004 0.004 0.986 
3292   CC063M    (5)   32 :  0.002 0.003 0.005 0.990 
3293    h0013    (0)   33 :  0.002 0.004 0.008 0.986 
3294    h0023    (0)   33 :  0.016 0.006 0.006 0.972 
3295    h0033    (0)   33 :  0.002 0.003 0.002 0.993 
3296    h0043    (0)   33 :  0.003 0.004 0.002 0.991 
3297    h0053    (0)   33 :  0.003 0.006 0.004 0.988 
3298    h0063    (0)   33 :  0.003 0.006 0.005 0.985 
3299    h0073    (0)   33 :  0.004 0.004 0.004 0.989 
3300    h0083    (0)   33 :  0.006 0.003 0.002 0.989 
3301    h0093    (0)   33 :  0.002 0.002 0.002 0.994 
3302    h0103    (0)   33 :  0.006 0.002 0.003 0.990 
3303    h0113    (0)   33 :  0.006 0.005 0.004 0.986 
3304    h0123    (0)   33 :  0.004 0.005 0.005 0.987 
3305    h0133    (0)   33 :  0.008 0.003 0.009 0.980 
3306    h0143    (0)   33 :  0.004 0.003 0.003 0.990 
3307    h0153    (0)   33 :  0.003 0.004 0.007 0.986 
3308    h0163    (0)   33 :  0.003 0.003 0.006 0.988 
3309    h0173    (0)   33 :  0.003 0.005 0.006 0.987 
3310    h0183    (0)   33 :  0.009 0.005 0.003 0.983 
3311    h0193    (0)   33 :  0.003 0.003 0.002 0.991 
3312    h0203    (0)   33 :  0.003 0.003 0.002 0.993 
3313    h0213    (0)   33 :  0.011 0.003 0.002 0.984 
3314    h0223    (0)   33 :  0.008 0.008 0.017 0.967 
3315    h0233    (0)   33 :  0.005 0.004 0.002 0.989 
3316    h0243    (0)   33 :  0.003 0.004 0.004 0.988 
3317    h0253    (0)   33 :  0.003 0.003 0.010 0.984 
3318    h0263    (0)   33 :  0.004 0.003 0.004 0.989 
3319    h0273    (0)   33 :  0.005 0.005 0.010 0.979 
3320    h0283    (0)   33 :  0.003 0.004 0.005 0.988 
3321    h0293    (0)   33 :  0.004 0.003 0.004 0.989 
3322    h0303    (0)   33 :  0.006 0.003 0.003 0.989 
3323    h0313    (0)   33 :  0.002 0.002 0.003 0.993 
3324    h0323    (0)   33 :  0.005 0.004 0.002 0.989 
3325    h0333    (0)   33 :  0.004 0.002 0.003 0.990 
3326    h0343    (0)   33 :  0.006 0.003 0.004 0.987 
3327    h0353    (0)   33 :  0.003 0.004 0.007 0.986 
3328    h0363    (0)   33 :  0.004 0.013 0.008 0.976 
3329    h0373    (0)   33 :  0.006 0.003 0.003 0.988 
3330    h0383    (0)   33 :  0.004 0.003 0.007 0.986 
3331    h0393    (0)   33 :  0.011 0.003 0.003 0.984 
3332    h0403    (0)   33 :  0.002 0.002 0.004 0.992 
3333    h0413    (0)   33 :  0.002 0.005 0.004 0.989 
3334    h0423    (0)   33 :  0.004 0.016 0.005 0.976 
3335    h0433    (0)   33 :  0.009 0.005 0.004 0.982 
3336    h0443    (0)   33 :  0.004 0.003 0.004 0.989 
3337    h0453    (0)   33 :  0.003 0.003 0.005 0.990 
3338    h0463    (0)   33 :  0.007 0.005 0.007 0.982 
3339    h0473    (0)   33 :  0.002 0.003 0.006 0.990 
3340    h0483    (0)   33 :  0.006 0.004 0.008 0.981 
3341    h0493    (0)   33 :  0.002 0.004 0.004 0.990 
3342    h0503    (0)   33 :  0.004 0.002 0.003 0.991 
3343    h0513    (0)   33 :  0.021 0.016 0.005 0.958 
3344    h0523    (0)   33 :  0.018 0.006 0.006 0.969 
3345    h0533    (0)   33 :  0.003 0.004 0.003 0.990 
3346    h0543    (0)   33 :  0.010 0.006 0.014 0.969 
3347    h0553    (0)   33 :  0.006 0.003 0.003 0.988 
3348    h0563    (0)   33 :  0.002 0.004 0.004 0.990 
3349    h0573    (0)   33 :  0.003 0.006 0.008 0.984 
3350    h0583    (0)   33 :  0.002 0.004 0.016 0.978 
3351    h0593    (0)   33 :  0.011 0.005 0.003 0.981 
3352    h0603    (0)   33 :  0.010 0.003 0.003 0.985 
3353    h0613    (0)   33 :  0.009 0.023 0.018 0.950 
3354    h0623    (0)   33 :  0.002 0.003 0.003 0.992 
3355    h0633    (0)   33 :  0.003 0.004 0.003 0.990 
3356    h0643    (0)   33 :  0.003 0.003 0.002 0.993 
3357    h0653    (0)   33 :  0.003 0.004 0.008 0.985 
3358    h0663    (0)   33 :  0.008 0.004 0.011 0.977 
3359    h0673    (0)   33 :  0.005 0.005 0.005 0.986 
3360    h0683    (0)   33 :  0.002 0.002 0.002 0.993 
3361    h0693    (0)   33 :  0.003 0.003 0.004 0.990 
3362    h0703    (0)   33 :  0.003 0.002 0.003 0.991 
3363    h0713    (0)   33 :  0.007 0.003 0.003 0.987 
3364    h0723    (0)   33 :  0.008 0.005 0.007 0.981 
3365    h0733    (0)   33 :  0.003 0.006 0.005 0.986 
3366    h0743    (0)   33 :  0.005 0.006 0.002 0.987 
3367    h0753    (0)   33 :  0.007 0.003 0.002 0.988 
3368    h0763    (0)   33 :  0.003 0.011 0.006 0.980 
3369    h0773    (0)   33 :  0.005 0.010 0.009 0.976 
3370    h0783    (0)   33 :  0.002 0.003 0.003 0.992 
3371    h0793    (0)   33 :  0.006 0.004 0.010 0.980 
3372    h0803    (0)   33 :  0.005 0.004 0.006 0.985 
3373    h0813    (0)   33 :  0.004 0.004 0.003 0.989 
3374    h0823    (0)   33 :  0.009 0.003 0.004 0.984 
3375    h0833    (0)   33 :  0.015 0.005 0.005 0.976 
3376    h0843    (0)   33 :  0.005 0.003 0.003 0.989 
3377    h0853    (0)   33 :  0.003 0.005 0.007 0.984 
3378    h0863    (0)   33 :  0.010 0.004 0.004 0.982 
3379    h0873    (0)   33 :  0.006 0.004 0.003 0.987 
3380    h0883    (0)   33 :  0.004 0.004 0.004 0.988 
3381    h0893    (0)   33 :  0.003 0.003 0.006 0.988 
3382    h0903    (0)   33 :  0.003 0.006 0.011 0.980 
3383    h0913    (0)   33 :  0.010 0.005 0.004 0.981 
3384    h0923    (0)   33 :  0.016 0.004 0.006 0.974 
3385    h0933    (0)   33 :  0.003 0.002 0.002 0.993 
3386    h0943    (0)   33 :  0.005 0.003 0.002 0.989 
3387    h0953    (0)   33 :  0.006 0.003 0.002 0.990 
3388    h0963    (0)   33 :  0.003 0.004 0.010 0.983 
3389    h0973    (0)   33 :  0.005 0.012 0.006 0.978 
3390    h0983    (0)   33 :  0.008 0.005 0.015 0.972 
3391    h0993    (0)   33 :  0.009 0.004 0.003 0.984 
3392    h1003    (0)   33 :  0.004 0.003 0.003 0.991 
3393    h1013    (0)   33 :  0.028 0.008 0.003 0.962 
3394    h1023    (0)   33 :  0.004 0.003 0.003 0.990 
3395    h1033    (0)   33 :  0.005 0.003 0.002 0.990 
3396    h1043    (0)   33 :  0.006 0.003 0.003 0.988 
3397    h1053    (0)   33 :  0.003 0.003 0.003 0.992 
3398    h1063    (0)   33 :  0.003 0.006 0.018 0.972 
3399    h1073    (0)   33 :  0.006 0.004 0.007 0.984 
3400    h1083    (0)   33 :  0.019 0.006 0.009 0.965 
3401    h1093    (0)   33 :  0.003 0.003 0.003 0.991 
3402    h1103    (0)   33 :  0.005 0.004 0.004 0.987 
3403    h1113    (0)   33 :  0.003 0.005 0.003 0.990 
3404    h1123    (0)   33 :  0.007 0.005 0.003 0.985 
3405    h1133    (0)   33 :  0.006 0.004 0.002 0.989 
3406    h1143    (0)   33 :  0.002 0.003 0.005 0.990 
3407    h1153    (0)   33 :  0.002 0.005 0.008 0.985 
3408    h1163    (0)   33 :  0.002 0.003 0.005 0.990 
3409    h1173    (0)   33 :  0.008 0.004 0.004 0.984 
3410    h1183    (0)   33 :  0.004 0.004 0.003 0.990 
3411    h1193    (0)   33 :  0.025 0.003 0.004 0.968 
3412    h1203    (0)   33 :  0.002 0.004 0.004 0.991 
3413    h1213    (0)   33 :  0.004 0.007 0.004 0.985 
3414    h1223    (0)   33 :  0.006 0.003 0.005 0.986 
3415    h1233    (0)   33 :  0.008 0.008 0.019 0.965 
3416    h1243    (0)   33 :  0.005 0.003 0.004 0.988 
3417    h1253    (0)   33 :  0.013 0.005 0.004 0.978 
3418    h1263    (0)   33 :  0.007 0.003 0.003 0.987 
3419    h1273    (0)   33 :  0.003 0.003 0.007 0.987 
3420    h1283    (0)   33 :  0.004 0.005 0.005 0.986 
3421    h1293    (0)   33 :  0.008 0.003 0.004 0.985 
3422    h1303    (0)   33 :  0.011 0.007 0.005 0.976 
3423    h1313    (0)   33 :  0.009 0.005 0.017 0.969 
3424    h1323    (0)   33 :  0.005 0.004 0.002 0.989 
3425    h1333    (0)   33 :  0.002 0.003 0.002 0.992 
3426    h1343    (0)   33 :  0.007 0.006 0.006 0.981 
3427    h1353    (0)   33 :  0.004 0.003 0.002 0.991 
3428    h1363    (0)   33 :  0.004 0.005 0.009 0.983 
3429    h1373    (0)   33 :  0.006 0.003 0.004 0.987 
3430    h1383    (0)   33 :  0.005 0.003 0.002 0.990 
3431    h1393    (0)   33 :  0.008 0.006 0.003 0.983 
3432    h1403    (0)   33 :  0.003 0.004 0.006 0.987 
3433    h1413    (0)   33 :  0.011 0.004 0.011 0.974 
3434    h1423    (0)   33 :  0.002 0.002 0.002 0.993 
3435    h1433    (0)   33 :  0.004 0.006 0.005 0.985 
3436    h1443    (0)   33 :  0.005 0.004 0.002 0.989 
3437    h1453    (0)   33 :  0.008 0.003 0.003 0.986 
3438    h1463    (0)   33 :  0.006 0.005 0.009 0.980 
3439    h1473    (0)   33 :  0.012 0.006 0.003 0.978 
3440    h1483    (0)   33 :  0.003 0.003 0.007 0.986 
3441    h1493    (0)   33 :  0.002 0.008 0.007 0.982 
3442    h1503    (0)   33 :  0.034 0.010 0.002 0.954 
3443    h1513    (0)   33 :  0.008 0.005 0.007 0.980 
3444    h1523    (0)   33 :  0.003 0.003 0.003 0.991 
3445    h1533    (0)   33 :  0.005 0.004 0.003 0.989 
3446    h1543    (0)   33 :  0.005 0.007 0.006 0.983 
3447    h1553    (0)   33 :  0.002 0.005 0.003 0.990 
3448    h1563    (0)   33 :  0.006 0.004 0.005 0.986 
3449    h1573    (0)   33 :  0.003 0.004 0.009 0.984 
3450    h1583    (0)   33 :  0.002 0.002 0.002 0.994 
3451    h1593    (0)   33 :  0.013 0.006 0.005 0.976 
3452    h1603    (0)   33 :  0.002 0.003 0.003 0.991 
3453    h1613    (0)   33 :  0.003 0.004 0.009 0.984 
3454    h1623    (0)   33 :  0.005 0.004 0.005 0.986 
3455    h1633    (0)   33 :  0.010 0.008 0.007 0.975 
3456    h1643    (0)   33 :  0.003 0.003 0.004 0.990 
3457    h1653    (0)   33 :  0.004 0.005 0.080 0.911 
3458    h1663    (0)   33 :  0.002 0.003 0.003 0.992 
3459    h1673    (0)   33 :  0.005 0.007 0.004 0.984 
3460    h1683    (0)   33 :  0.009 0.006 0.005 0.980 
3461    h1693    (0)   33 :  0.003 0.003 0.003 0.991 
3462    h1703    (0)   33 :  0.008 0.006 0.005 0.981 
3463    h1713    (0)   33 :  0.007 0.004 0.006 0.982 
3464    h1723    (0)   33 :  0.004 0.003 0.008 0.985 
3465    h1733    (0)   33 :  0.032 0.012 0.005 0.952 
3466    h1743    (0)   33 :  0.007 0.003 0.005 0.985 
3467    h1753    (0)   33 :  0.004 0.003 0.002 0.991 
3468    h1763    (0)   33 :  0.002 0.004 0.003 0.990 
3469    h1773    (0)   33 :  0.003 0.003 0.002 0.992 
3470    h1783    (0)   33 :  0.004 0.004 0.005 0.987 
3471    h1793    (0)   33 :  0.003 0.006 0.006 0.984 
3472    h1803    (0)   33 :  0.003 0.004 0.005 0.988 
3473    h1813    (0)   33 :  0.007 0.003 0.005 0.986 
3474    h1823    (0)   33 :  0.006 0.005 0.046 0.943 
3475    h1833    (0)   33 :  0.003 0.004 0.002 0.991 
3476    h1843    (0)   33 :  0.010 0.003 0.004 0.984 
3477    h1853    (0)   33 :  0.009 0.003 0.002 0.985 
3478    h1863    (0)   33 :  0.004 0.003 0.002 0.991 
3479    h1873    (0)   33 :  0.003 0.005 0.003 0.989 
3480    h1883    (0)   33 :  0.006 0.004 0.005 0.985 
3481    h1893    (0)   33 :  0.002 0.003 0.007 0.987 
3482    h1903    (0)   33 :  0.005 0.003 0.002 0.990 
3483    h1913    (0)   33 :  0.008 0.004 0.004 0.984 
3484    h1923    (0)   33 :  0.008 0.004 0.005 0.983 
3485    h1933    (0)   33 :  0.013 0.005 0.002 0.979 
3486    h1943    (0)   33 :  0.004 0.003 0.003 0.991 
3487    h1953    (0)   33 :  0.003 0.003 0.002 0.992 
3488    h1963    (0)   33 :  0.003 0.002 0.003 0.992 
3489    h1973    (0)   33 :  0.004 0.003 0.004 0.989 
3490    h1983    (0)   33 :  0.003 0.004 0.003 0.990 
3491    h1993    (0)   33 :  0.007 0.004 0.006 0.982 
3492    h2003    (0)   33 :  0.010 0.004 0.003 0.983 
3493    h2012    (0)   33 :  0.009 0.004 0.004 0.983 
3494    h2022    (0)   33 :  0.002 0.004 0.005 0.989 
3495    h2032    (0)   33 :  0.004 0.002 0.002 0.991 
3496    h2042    (0)   33 :  0.003 0.003 0.003 0.991 
3497    h2052    (0)   33 :  0.007 0.007 0.009 0.977 
3498    h2062    (0)   33 :  0.002 0.003 0.003 0.992 
3499    h2072    (0)   33 :  0.002 0.002 0.002 0.994 
3500    h2082    (0)   33 :  0.005 0.004 0.006 0.984 
3501    h2092    (0)   33 :  0.003 0.002 0.003 0.992 
3502    h2102    (0)   33 :  0.002 0.003 0.006 0.989 
3503    h2112    (0)   33 :  0.010 0.005 0.004 0.981 
3504    h2122    (0)   33 :  0.015 0.002 0.002 0.981 
3505    h2132    (0)   33 :  0.006 0.004 0.003 0.987 
3506    h2142    (0)   33 :  0.044 0.004 0.002 0.950 
3507    h2152    (0)   33 :  0.005 0.002 0.004 0.989 
3508    h2162    (0)   33 :  0.009 0.004 0.004 0.982 
3509    h2172    (0)   33 :  0.009 0.004 0.004 0.982 
3510    h2182    (0)   33 :  0.006 0.003 0.003 0.988 
3511    h2192    (0)   33 :  0.005 0.004 0.010 0.982 
3512    h2202    (0)   33 :  0.022 0.011 0.003 0.965 
3513    h2212    (0)   33 :  0.005 0.005 0.005 0.985 
3514    h2222    (0)   33 :  0.002 0.003 0.002 0.993 
3515    h2232    (0)   33 :  0.002 0.007 0.003 0.987 
3516    h2242    (0)   33 :  0.016 0.003 0.002 0.979 
3517    h2252    (0)   33 :  0.005 0.005 0.043 0.947 
3518    h2262    (0)   33 :  0.021 0.005 0.014 0.960 
3519    h2272    (0)   33 :  0.004 0.003 0.006 0.987 
3520    h2282    (0)   33 :  0.005 0.003 0.007 0.985 
3521    h2292    (0)   33 :  0.005 0.007 0.008 0.980 
3522    h2302    (0)   33 :  0.002 0.005 0.003 0.990 
3523    h2312    (0)   33 :  0.003 0.003 0.002 0.992 
3524    h2322    (0)   33 :  0.004 0.003 0.002 0.991 
3525    h2332    (0)   33 :  0.003 0.004 0.002 0.991 
3526    h2342    (0)   33 :  0.003 0.003 0.003 0.991 
3527    h2352    (0)   33 :  0.002 0.002 0.003 0.992 
3528    h2362    (0)   33 :  0.004 0.004 0.004 0.989 
3529    h2372    (0)   33 :  0.004 0.004 0.003 0.989 
3530    h2382    (0)   33 :  0.004 0.003 0.004 0.988 
3531    h2392    (0)   33 :  0.005 0.003 0.002 0.990 
3532    h2402    (0)   33 :  0.003 0.003 0.005 0.990 
3533    h2412    (0)   33 :  0.003 0.003 0.003 0.992 
3534    h2422    (0)   33 :  0.004 0.003 0.006 0.987 
3535    h2432    (0)   33 :  0.015 0.004 0.003 0.978 
3536    h2442    (0)   33 :  0.003 0.004 0.004 0.989 
3537    h2452    (0)   33 :  0.002 0.003 0.004 0.990 
3538    h2462    (0)   33 :  0.011 0.005 0.005 0.979 
3539    h2472    (0)   33 :  0.004 0.008 0.005 0.983 
3540    h2482    (0)   33 :  0.004 0.003 0.003 0.990 
3541    h2492    (0)   33 :  0.004 0.007 0.004 0.984 
3542    h2502    (0)   33 :  0.004 0.011 0.012 0.973 
3543    h2512    (0)   33 :  0.004 0.004 0.004 0.989 
3544    h2522    (0)   33 :  0.005 0.003 0.004 0.988 
3545    h2532    (0)   33 :  0.003 0.005 0.003 0.989 
3546    h2542    (0)   33 :  0.002 0.004 0.004 0.990 
3547    h2552    (0)   33 :  0.002 0.002 0.003 0.992 
3548    h2562    (0)   33 :  0.007 0.008 0.017 0.969 
3549    h2572    (0)   33 :  0.002 0.004 0.004 0.990 
3550    h2582    (0)   33 :  0.003 0.004 0.003 0.990 
3551    h2592    (0)   33 :  0.004 0.004 0.004 0.989 
3552    h2602    (0)   33 :  0.007 0.005 0.004 0.984 
3553    h2612    (0)   33 :  0.004 0.005 0.003 0.987 
3554    h2622    (0)   33 :  0.005 0.006 0.013 0.976 
3555    h2632    (0)   33 :  0.006 0.003 0.004 0.986 
3556    h2642    (0)   33 :  0.005 0.004 0.002 0.989 
3557    h2652    (0)   33 :  0.004 0.003 0.004 0.990 
3558    h2662    (0)   33 :  0.002 0.002 0.004 0.992 
3559    h2672    (0)   33 :  0.013 0.007 0.003 0.978 
3560    h2682    (0)   33 :  0.006 0.005 0.002 0.987 
3561    h2692    (0)   33 :  0.004 0.002 0.003 0.991 
3562    h2702    (0)   33 :  0.005 0.003 0.002 0.990 
3563    h2712    (0)   33 :  0.003 0.003 0.002 0.991 
3564    h2722    (0)   33 :  0.005 0.004 0.004 0.987 
3565    h2732    (0)   33 :  0.003 0.003 0.007 0.987 
3566    h2742    (0)   33 :  0.005 0.004 0.011 0.980 
3567    h2752    (0)   33 :  0.002 0.002 0.004 0.992 
3568    h2762    (0)   33 :  0.005 0.004 0.004 0.987 
3569    h2772    (0)   33 :  0.010 0.005 0.003 0.982 
3570    h2782    (0)   33 :  0.003 0.002 0.002 0.993 
3571    h2792    (0)   33 :  0.002 0.005 0.006 0.987 
3572    h2802    (0)   33 :  0.005 0.002 0.004 0.989 
3573    h2812    (0)   33 :  0.005 0.005 0.003 0.987 
3574    h2822    (0)   33 :  0.003 0.003 0.002 0.993 
3575    h2832    (0)   33 :  0.007 0.007 0.016 0.971 
3576    h2842    (0)   33 :  0.012 0.008 0.015 0.965 
3577    h2852    (0)   33 :  0.019 0.005 0.005 0.971 
3578    h2862    (0)   33 :  0.002 0.004 0.005 0.989 
3579    h2872    (0)   33 :  0.003 0.006 0.003 0.988 
3580    h2882    (0)   33 :  0.004 0.003 0.003 0.989 
3581    h2892    (0)   33 :  0.006 0.004 0.005 0.984 
3582    h2902    (0)   33 :  0.011 0.003 0.004 0.981 
3583    h2912    (0)   33 :  0.026 0.007 0.009 0.958 
3584    h2922    (0)   33 :  0.006 0.003 0.002 0.988 
3585    h2932    (0)   33 :  0.005 0.003 0.003 0.989 
3586    h2942    (0)   33 :  0.003 0.004 0.005 0.988 
3587    h2952    (0)   33 :  0.004 0.003 0.002 0.991 
3588    h2962    (0)   33 :  0.003 0.004 0.003 0.991 
3589    h2972    (0)   33 :  0.005 0.004 0.005 0.986 
3590    h2982    (0)   33 :  0.009 0.004 0.006 0.981 
3591    h2992    (0)   33 :  0.019 0.011 0.011 0.959 
3592    h3002    (0)   33 :  0.003 0.004 0.006 0.987 


Estimated Allele Frequencies in each cluster
First column gives estimated ancestral frequencies


Locus 1 : Cl147 
25 alleles
0.0% missing data
  45   (0.066) 0.011 0.060 0.023 0.013 
  69   (0.117) 0.004 0.170 0.192 0.046 
  73   (0.131) 0.148 0.127 0.087 0.208 
  77   (0.088) 0.052 0.071 0.073 0.085 
  56   (0.037) 0.008 0.030 0.006 0.000 
  65   (0.056) 0.000 0.105 0.439 0.001 
  41   (0.066) 0.028 0.051 0.061 0.016 
  52   (0.042) 0.069 0.037 0.003 0.001 
  48   (0.047) 0.000 0.085 0.010 0.001 
  81   (0.036) 0.040 0.005 0.051 0.155 
  49   (0.028) 0.001 0.012 0.010 0.001 
  60   (0.022) 0.001 0.009 0.000 0.006 
  84   (0.016) 0.000 0.003 0.002 0.001 
  89   (0.026) 0.003 0.004 0.002 0.020 
  61   (0.018) 0.000 0.032 0.000 0.000 
  44   (0.029) 0.000 0.089 0.000 0.000 
  85   (0.008) 0.000 0.000 0.000 0.113 
  68   (0.060) 0.074 0.055 0.000 0.132 
 801   (0.017) 0.000 0.025 0.000 0.000 
  76   (0.024) 0.165 0.004 0.000 0.045 
  40   (0.022) 0.000 0.014 0.042 0.000 
  72   (0.013) 0.000 0.011 0.000 0.000 
  80   (0.015) 0.395 0.001 0.000 0.031 
  64   (0.007) 0.000 0.000 0.000 0.125 
  88   (0.008) 0.000 0.001 0.000 0.000 

Locus 2 : Cl233 
34 alleles
0.0% missing data
  63   (0.136) 0.327 0.186 0.229 0.109 
  85   (0.027) 0.001 0.018 0.003 0.001 
  73   (0.027) 0.003 0.019 0.009 0.000 
  79   (0.020) 0.000 0.014 0.000 0.004 
  71   (0.069) 0.012 0.071 0.019 0.120 
  77   (0.023) 0.003 0.012 0.000 0.006 
  75   (0.016) 0.000 0.025 0.000 0.000 
  67   (0.096) 0.115 0.180 0.002 0.064 
  55   (0.151) 0.079 0.202 0.410 0.392 
  59   (0.073) 0.223 0.089 0.001 0.150 
  81   (0.037) 0.010 0.027 0.001 0.009 
  83   (0.020) 0.000 0.011 0.003 0.001 
  93   (0.015) 0.000 0.003 0.001 0.001 
 101   (0.013) 0.003 0.003 0.000 0.000 
  69   (0.017) 0.005 0.003 0.000 0.002 
  51   (0.062) 0.207 0.078 0.000 0.122 
 100   (0.012) 0.000 0.006 0.000 0.000 
  92   (0.016) 0.002 0.002 0.000 0.001 
1121   (0.012) 0.002 0.001 0.002 0.000 
1001   (0.008) 0.000 0.001 0.000 0.000 
  89   (0.017) 0.000 0.007 0.000 0.009 
 711   (0.010) 0.000 0.001 0.002 0.000 
 116   (0.008) 0.000 0.002 0.000 0.000 
  80   (0.010) 0.000 0.001 0.000 0.001 
  43   (0.007) 0.000 0.001 0.000 0.000 
  84   (0.013) 0.000 0.002 0.000 0.004 
  88   (0.015) 0.000 0.005 0.005 0.000 
 104   (0.019) 0.005 0.003 0.000 0.003 
  97   (0.011) 0.000 0.001 0.003 0.000 
 791   (0.006) 0.000 0.000 0.000 0.000 
  35   (0.015) 0.000 0.024 0.000 0.000 
  70   (0.006) 0.000 0.000 0.103 0.000 
  74   (0.007) 0.000 0.000 0.155 0.000 
  78   (0.006) 0.000 0.000 0.049 0.000 

Locus 3 : Cl264 
30 alleles
0.1% missing data
  65   (0.136) 0.329 0.155 0.236 0.233 
 651   (0.074) 0.055 0.093 0.030 0.012 
 691   (0.066) 0.034 0.064 0.020 0.038 
  57   (0.030) 0.000 0.029 0.000 0.248 
  61   (0.086) 0.017 0.162 0.001 0.085 
 731   (0.033) 0.001 0.031 0.001 0.025 
 811   (0.012) 0.000 0.006 0.000 0.000 
 611   (0.042) 0.001 0.033 0.007 0.040 
  69   (0.128) 0.464 0.157 0.179 0.080 
  77   (0.020) 0.000 0.007 0.221 0.000 
  49   (0.029) 0.009 0.020 0.001 0.001 
  45   (0.009) 0.000 0.003 0.000 0.000 
 491   (0.010) 0.000 0.004 0.000 0.000 
 571   (0.026) 0.000 0.020 0.001 0.009 
 771   (0.031) 0.005 0.017 0.001 0.008 
  89   (0.025) 0.003 0.012 0.001 0.001 
 652   (0.012) 0.000 0.001 0.023 0.000 
  53   (0.048) 0.001 0.098 0.001 0.016 
  73   (0.059) 0.039 0.038 0.186 0.039 
  80   (0.014) 0.002 0.003 0.000 0.000 
 531   (0.015) 0.000 0.021 0.000 0.000 
 693   (0.008) 0.000 0.001 0.000 0.000 
  93   (0.012) 0.000 0.001 0.003 0.000 
  85   (0.017) 0.000 0.004 0.001 0.004 
  37   (0.023) 0.000 0.015 0.000 0.157 
  81   (0.008) 0.000 0.000 0.066 0.000 
 812   (0.006) 0.000 0.000 0.020 0.000 
 692   (0.009) 0.039 0.000 0.000 0.000 
 732   (0.006) 0.000 0.000 0.000 0.000 
 612   (0.006) 0.000 0.000 0.000 0.000 

Locus 4 : Cl274 
8 alleles
0.0% missing data
  61   (0.420) 0.733 0.492 0.486 0.144 
  57   (0.285) 0.093 0.283 0.409 0.446 
  65   (0.092) 0.004 0.088 0.029 0.053 
  53   (0.082) 0.145 0.037 0.066 0.190 
  69   (0.043) 0.023 0.025 0.010 0.001 
  73   (0.017) 0.000 0.009 0.000 0.001 
  49   (0.040) 0.001 0.025 0.000 0.166 
  45   (0.022) 0.000 0.040 0.000 0.000 

Locus 5 : Cl285 
40 alleles
0.1% missing data
  75   (0.064) 0.003 0.135 0.120 0.003 
  71   (0.112) 0.018 0.199 0.217 0.098 
 631   (0.030) 0.019 0.014 0.003 0.004 
  67   (0.145) 0.293 0.195 0.493 0.354 
  63   (0.080) 0.170 0.088 0.028 0.129 
  79   (0.043) 0.001 0.047 0.002 0.139 
 792   (0.026) 0.001 0.017 0.003 0.002 
 671   (0.028) 0.176 0.038 0.000 0.000 
 831   (0.028) 0.001 0.023 0.000 0.014 
 752   (0.037) 0.008 0.025 0.006 0.005 
  55   (0.021) 0.000 0.018 0.055 0.000 
1401   (0.018) 0.024 0.003 0.000 0.016 
  59   (0.045) 0.170 0.018 0.056 0.122 
 712   (0.032) 0.022 0.014 0.009 0.003 
 833   (0.015) 0.000 0.006 0.005 0.000 
1322   (0.008) 0.000 0.001 0.000 0.000 
 136   (0.024) 0.003 0.008 0.000 0.025 
 164   (0.008) 0.000 0.001 0.000 0.000 
 872   (0.009) 0.000 0.004 0.000 0.000 
1282   (0.011) 0.002 0.001 0.000 0.000 
 148   (0.008) 0.000 0.001 0.000 0.000 
 144   (0.008) 0.000 0.001 0.000 0.000 
 119   (0.013) 0.000 0.003 0.000 0.003 
1402   (0.015) 0.003 0.001 0.000 0.002 
1361   (0.013) 0.000 0.020 0.000 0.000 
 751   (0.013) 0.000 0.017 0.000 0.000 
 132   (0.011) 0.000 0.010 0.000 0.000 
1321   (0.009) 0.000 0.004 0.000 0.000 
1281   (0.008) 0.000 0.002 0.000 0.000 
 711   (0.008) 0.000 0.002 0.000 0.000 
  91   (0.011) 0.000 0.007 0.000 0.000 
 832   (0.030) 0.000 0.048 0.000 0.027 
 791   (0.022) 0.000 0.017 0.000 0.051 
 871   (0.011) 0.000 0.008 0.000 0.000 
1362   (0.006) 0.085 0.000 0.000 0.000 
 124   (0.006) 0.000 0.000 0.000 0.000 
1441   (0.007) 0.000 0.001 0.000 0.000 
  87   (0.006) 0.000 0.001 0.000 0.000 
 140   (0.006) 0.000 0.000 0.000 0.000 
1363   (0.007) 0.000 0.001 0.000 0.000 

Locus 6 : Cl291 
24 alleles
0.1% missing data
 641   (0.042) 0.006 0.034 0.004 0.002 
  72   (0.129) 0.064 0.138 0.253 0.121 
 682   (0.020) 0.000 0.012 0.007 0.000 
 801   (0.036) 0.015 0.013 0.010 0.006 
 681   (0.070) 0.022 0.076 0.019 0.011 
  76   (0.088) 0.005 0.078 0.173 0.247 
 722   (0.057) 0.006 0.053 0.011 0.012 
 601   (0.018) 0.001 0.004 0.000 0.003 
  80   (0.057) 0.585 0.027 0.018 0.038 
 761   (0.018) 0.000 0.037 0.000 0.000 
 762   (0.044) 0.014 0.025 0.063 0.003 
 721   (0.042) 0.000 0.065 0.000 0.050 
  84   (0.027) 0.000 0.017 0.003 0.002 
  64   (0.075) 0.000 0.152 0.001 0.169 
  68   (0.154) 0.077 0.169 0.193 0.332 
 843   (0.012) 0.000 0.001 0.000 0.003 
 881   (0.012) 0.000 0.002 0.001 0.000 
 803   (0.008) 0.000 0.001 0.000 0.000 
 763   (0.016) 0.000 0.024 0.000 0.000 
  60   (0.033) 0.204 0.044 0.000 0.000 
 802   (0.015) 0.000 0.018 0.000 0.000 
  56   (0.011) 0.000 0.007 0.000 0.000 
 841   (0.007) 0.000 0.000 0.226 0.000 
  88   (0.008) 0.000 0.000 0.017 0.000 

Locus 7 : Cl308 
60 alleles
0.0% missing data
  72   (0.081) 0.440 0.141 0.029 0.290 
  64   (0.072) 0.025 0.115 0.388 0.174 
  68   (0.135) 0.239 0.322 0.498 0.275 
 103   (0.010) 0.000 0.010 0.000 0.000 
  80   (0.026) 0.013 0.016 0.000 0.068 
  76   (0.043) 0.002 0.131 0.001 0.020 
1151   (0.012) 0.003 0.004 0.000 0.000 
 123   (0.014) 0.003 0.008 0.000 0.000 
 115   (0.018) 0.000 0.010 0.007 0.001 
  83   (0.016) 0.001 0.008 0.008 0.000 
1231   (0.010) 0.000 0.004 0.000 0.000 
1192   (0.010) 0.000 0.001 0.003 0.000 
 131   (0.012) 0.000 0.006 0.002 0.000 
1191   (0.007) 0.000 0.002 0.000 0.000 
 752   (0.023) 0.010 0.006 0.006 0.007 
 143   (0.018) 0.000 0.004 0.004 0.006 
  79   (0.028) 0.004 0.014 0.007 0.009 
 119   (0.010) 0.000 0.005 0.000 0.000 
1431   (0.025) 0.008 0.009 0.005 0.009 
1112   (0.028) 0.012 0.017 0.002 0.008 
1193   (0.008) 0.000 0.004 0.000 0.000 
1591   (0.008) 0.000 0.002 0.000 0.000 
1232   (0.007) 0.000 0.001 0.000 0.000 
 139   (0.009) 0.000 0.005 0.000 0.000 
1111   (0.007) 0.000 0.002 0.000 0.000 
 127   (0.011) 0.002 0.003 0.000 0.000 
1391   (0.018) 0.004 0.008 0.002 0.000 
 121   (0.010) 0.000 0.001 0.000 0.002 
1313   (0.010) 0.000 0.001 0.004 0.000 
1113   (0.012) 0.000 0.004 0.000 0.002 
  87   (0.022) 0.000 0.018 0.005 0.004 
1031   (0.007) 0.000 0.002 0.000 0.000 
 155   (0.013) 0.000 0.004 0.000 0.003 
1312   (0.008) 0.000 0.001 0.000 0.000 
1272   (0.006) 0.000 0.001 0.000 0.000 
 151   (0.012) 0.000 0.002 0.000 0.004 
1351   (0.014) 0.006 0.004 0.002 0.000 
 135   (0.006) 0.000 0.001 0.000 0.000 
1432   (0.007) 0.000 0.001 0.000 0.000 
1152   (0.008) 0.000 0.002 0.000 0.000 
1271   (0.011) 0.000 0.001 0.000 0.005 
1311   (0.006) 0.000 0.001 0.000 0.000 
1472   (0.008) 0.000 0.002 0.000 0.000 
 137   (0.008) 0.000 0.002 0.000 0.000 
  88   (0.007) 0.000 0.001 0.000 0.000 
  60   (0.024) 0.036 0.018 0.023 0.000 
 712   (0.010) 0.000 0.004 0.000 0.000 
1071   (0.006) 0.000 0.001 0.000 0.000 
 107   (0.006) 0.000 0.001 0.000 0.000 
 751   (0.028) 0.151 0.019 0.000 0.051 
  81   (0.010) 0.000 0.010 0.000 0.000 
 791   (0.010) 0.000 0.008 0.000 0.000 
  71   (0.011) 0.000 0.016 0.000 0.000 
 792   (0.009) 0.000 0.006 0.000 0.000 
 753   (0.007) 0.000 0.003 0.000 0.000 
  84   (0.012) 0.000 0.003 0.000 0.021 
 711   (0.006) 0.039 0.000 0.000 0.000 
  69   (0.007) 0.000 0.000 0.000 0.039 
  67   (0.007) 0.000 0.002 0.000 0.000 
  65   (0.007) 0.000 0.002 0.000 0.000 

Locus 8 : Cl330 
33 alleles
0.7% missing data
  52   (0.120) 0.105 0.152 0.279 0.041 
 601   (0.059) 0.006 0.042 0.138 0.051 
  40   (0.064) 0.007 0.057 0.023 0.048 
  72   (0.017) 0.000 0.010 0.001 0.000 
  56   (0.077) 0.379 0.069 0.020 0.021 
 481   (0.115) 0.099 0.105 0.037 0.469 
  61   (0.031) 0.000 0.016 0.009 0.006 
  80   (0.009) 0.000 0.002 0.000 0.000 
 681   (0.018) 0.002 0.008 0.000 0.000 
  64   (0.046) 0.000 0.028 0.361 0.049 
  57   (0.020) 0.001 0.004 0.000 0.002 
  75   (0.016) 0.001 0.008 0.000 0.000 
  71   (0.015) 0.000 0.002 0.000 0.087 
  28   (0.112) 0.023 0.210 0.000 0.097 
  65   (0.021) 0.005 0.004 0.000 0.003 
 441   (0.031) 0.000 0.036 0.008 0.000 
  36   (0.018) 0.000 0.010 0.001 0.000 
  79   (0.008) 0.000 0.001 0.000 0.000 
  73   (0.014) 0.000 0.003 0.000 0.001 
 602   (0.009) 0.000 0.002 0.000 0.000 
  44   (0.041) 0.230 0.062 0.000 0.000 
  48   (0.037) 0.000 0.054 0.000 0.016 
 521   (0.013) 0.000 0.010 0.000 0.000 
  67   (0.027) 0.000 0.099 0.000 0.000 
  62   (0.010) 0.000 0.005 0.000 0.000 
  68   (0.006) 0.000 0.000 0.076 0.000 
 641   (0.006) 0.000 0.000 0.036 0.000 
  83   (0.006) 0.000 0.000 0.010 0.000 
  60   (0.007) 0.033 0.000 0.000 0.000 
  59   (0.006) 0.107 0.000 0.000 0.000 
  51   (0.006) 0.000 0.000 0.000 0.051 
 561   (0.007) 0.000 0.000 0.000 0.057 
 711   (0.006) 0.000 0.001 0.000 0.000 

Locus 9 : Cl344 
17 alleles
1.7% missing data
  56   (0.237) 0.408 0.268 0.022 0.270 
  60   (0.200) 0.223 0.178 0.335 0.235 
  48   (0.021) 0.023 0.010 0.000 0.000 
  76   (0.021) 0.003 0.001 0.092 0.002 
  64   (0.241) 0.284 0.249 0.410 0.146 
  72   (0.050) 0.007 0.039 0.027 0.002 
 761   (0.015) 0.001 0.002 0.001 0.000 
 641   (0.014) 0.000 0.010 0.000 0.000 
  68   (0.033) 0.000 0.034 0.113 0.001 
 601   (0.015) 0.000 0.016 0.000 0.000 
  52   (0.082) 0.000 0.153 0.000 0.316 
 681   (0.010) 0.000 0.003 0.000 0.000 
 721   (0.011) 0.000 0.001 0.000 0.001 
 561   (0.017) 0.000 0.024 0.000 0.000 
 521   (0.014) 0.000 0.011 0.000 0.000 
  44   (0.012) 0.038 0.000 0.000 0.027 
 562   (0.007) 0.013 0.000 0.000 0.000 

Locus 10 : Cl366 
9 alleles
0.0% missing data
  80   (0.296) 0.466 0.303 0.483 0.222 
  92   (0.027) 0.000 0.016 0.013 0.000 
  76   (0.327) 0.296 0.332 0.487 0.425 
  88   (0.055) 0.015 0.031 0.008 0.019 
  84   (0.069) 0.012 0.062 0.006 0.017 
  72   (0.177) 0.210 0.230 0.003 0.205 
  64   (0.022) 0.000 0.006 0.000 0.111 
  68   (0.013) 0.000 0.009 0.000 0.000 
  56   (0.014) 0.000 0.012 0.000 0.000 

Locus 11 : Cl375 
16 alleles
0.0% missing data
 491   (0.102) 0.192 0.067 0.022 0.258 
  53   (0.252) 0.192 0.357 0.006 0.378 
 612   (0.040) 0.095 0.021 0.004 0.001 
  57   (0.182) 0.191 0.170 0.488 0.095 
  45   (0.029) 0.000 0.064 0.000 0.000 
  61   (0.130) 0.019 0.120 0.365 0.083 
 651   (0.030) 0.000 0.021 0.000 0.020 
  69   (0.016) 0.001 0.009 0.000 0.000 
 571   (0.050) 0.309 0.025 0.000 0.125 
  65   (0.031) 0.000 0.033 0.020 0.000 
  37   (0.008) 0.000 0.001 0.000 0.000 
 691   (0.012) 0.000 0.006 0.000 0.000 
 531   (0.036) 0.001 0.033 0.045 0.000 
 532   (0.010) 0.000 0.003 0.000 0.000 
  49   (0.065) 0.000 0.067 0.049 0.039 
 492   (0.008) 0.000 0.001 0.000 0.000 

Locus 12 : Cl408 
14 alleles
0.1% missing data
  62   (0.207) 0.086 0.227 0.086 0.174 
  74   (0.028) 0.001 0.023 0.000 0.002 
  50   (0.128) 0.000 0.168 0.407 0.076 
  58   (0.130) 0.244 0.086 0.444 0.115 
  66   (0.105) 0.273 0.072 0.012 0.184 
  70   (0.042) 0.032 0.026 0.000 0.009 
  54   (0.131) 0.012 0.133 0.039 0.160 
  78   (0.010) 0.000 0.003 0.000 0.000 
  79   (0.029) 0.000 0.009 0.004 0.022 
  75   (0.101) 0.247 0.096 0.000 0.257 
  82   (0.025) 0.003 0.004 0.006 0.001 
  46   (0.039) 0.000 0.138 0.000 0.000 
  34   (0.016) 0.000 0.017 0.000 0.000 
 541   (0.007) 0.101 0.000 0.000 0.000 

Locus 13 : Cl507 
33 alleles
0.1% missing data
  70   (0.056) 0.001 0.059 0.021 0.218 
  94   (0.012) 0.000 0.011 0.000 0.000 
  74   (0.034) 0.010 0.026 0.017 0.001 
  54   (0.077) 0.192 0.077 0.040 0.047 
  82   (0.065) 0.008 0.094 0.016 0.010 
  90   (0.032) 0.107 0.020 0.000 0.006 
  86   (0.045) 0.007 0.038 0.009 0.006 
 701   (0.015) 0.000 0.004 0.005 0.000 
  78   (0.037) 0.017 0.042 0.007 0.000 
  62   (0.101) 0.001 0.164 0.520 0.146 
 741   (0.022) 0.000 0.018 0.000 0.009 
  66   (0.140) 0.108 0.235 0.080 0.074 
 661   (0.017) 0.351 0.003 0.000 0.001 
  58   (0.090) 0.043 0.107 0.011 0.187 
  98   (0.016) 0.000 0.008 0.000 0.002 
 781   (0.018) 0.002 0.004 0.000 0.003 
 141   (0.016) 0.000 0.004 0.004 0.000 
 102   (0.013) 0.000 0.002 0.005 0.000 
 106   (0.012) 0.000 0.002 0.002 0.000 
  50   (0.027) 0.038 0.009 0.000 0.061 
 621   (0.016) 0.000 0.032 0.000 0.000 
 702   (0.014) 0.066 0.003 0.000 0.000 
 156   (0.012) 0.000 0.010 0.000 0.000 
 581   (0.010) 0.000 0.005 0.000 0.000 
 152   (0.010) 0.000 0.005 0.000 0.000 
 501   (0.037) 0.047 0.008 0.079 0.095 
 662   (0.010) 0.000 0.005 0.000 0.000 
1521   (0.009) 0.000 0.003 0.000 0.000 
 622   (0.007) 0.000 0.000 0.184 0.000 
 153   (0.007) 0.000 0.000 0.000 0.038 
 146   (0.007) 0.000 0.000 0.000 0.009 
 137   (0.007) 0.000 0.000 0.000 0.077 
 150   (0.006) 0.000 0.000 0.000 0.011 

Locus 14 : Cl527 
31 alleles
0.1% missing data
  62   (0.036) 0.011 0.047 0.005 0.000 
 622   (0.008) 0.000 0.001 0.000 0.000 
 461   (0.015) 0.000 0.020 0.000 0.000 
  82   (0.011) 0.000 0.001 0.000 0.002 
 661   (0.048) 0.009 0.051 0.013 0.005 
  70   (0.030) 0.006 0.026 0.004 0.000 
 581   (0.037) 0.005 0.027 0.008 0.004 
 701   (0.028) 0.000 0.028 0.001 0.012 
 501   (0.027) 0.000 0.018 0.003 0.005 
  66   (0.086) 0.233 0.116 0.010 0.041 
 741   (0.022) 0.001 0.006 0.001 0.006 
  58   (0.050) 0.007 0.071 0.001 0.012 
 541   (0.049) 0.004 0.057 0.004 0.013 
  74   (0.011) 0.000 0.004 0.000 0.000 
 621   (0.049) 0.027 0.052 0.002 0.021 
  78   (0.016) 0.000 0.006 0.006 0.000 
 781   (0.008) 0.000 0.001 0.000 0.000 
 462   (0.010) 0.000 0.004 0.000 0.000 
  67   (0.016) 0.008 0.005 0.000 0.000 
  54   (0.123) 0.037 0.172 0.405 0.140 
  50   (0.094) 0.585 0.115 0.037 0.051 
  63   (0.010) 0.004 0.001 0.000 0.000 
  46   (0.058) 0.000 0.072 0.069 0.221 
  42   (0.018) 0.000 0.045 0.000 0.000 
  57   (0.024) 0.014 0.006 0.000 0.079 
  61   (0.032) 0.031 0.014 0.000 0.234 
  65   (0.019) 0.017 0.012 0.000 0.000 
 582   (0.031) 0.000 0.011 0.351 0.136 
 623   (0.010) 0.000 0.000 0.034 0.015 
  53   (0.017) 0.000 0.007 0.045 0.000 
  26   (0.009) 0.000 0.004 0.000 0.000 

Locus 15 : Cl380 
25 alleles
2.0% missing data
 671   (0.148) 0.152 0.208 0.001 0.468 
 672   (0.094) 0.004 0.109 0.030 0.084 
 751   (0.024) 0.000 0.018 0.001 0.002 
  71   (0.050) 0.039 0.016 0.382 0.064 
  79   (0.132) 0.010 0.236 0.370 0.006 
  75   (0.055) 0.214 0.068 0.000 0.005 
 711   (0.073) 0.043 0.053 0.011 0.091 
  67   (0.034) 0.000 0.038 0.000 0.038 
 791   (0.008) 0.000 0.001 0.000 0.000 
 591   (0.029) 0.000 0.024 0.000 0.050 
 552   (0.035) 0.002 0.019 0.005 0.001 
 792   (0.009) 0.000 0.002 0.000 0.000 
 593   (0.011) 0.000 0.006 0.000 0.000 
  59   (0.030) 0.000 0.037 0.003 0.000 
 631   (0.023) 0.000 0.014 0.000 0.013 
 833   (0.023) 0.002 0.010 0.000 0.002 
 712   (0.014) 0.001 0.005 0.000 0.000 
  63   (0.067) 0.495 0.061 0.000 0.078 
 551   (0.085) 0.023 0.067 0.195 0.057 
 673   (0.017) 0.013 0.005 0.000 0.000 
  82   (0.007) 0.000 0.000 0.000 0.026 
 834   (0.007) 0.000 0.000 0.000 0.013 
 632   (0.009) 0.000 0.003 0.000 0.000 
 592   (0.008) 0.000 0.001 0.000 0.000 
 118   (0.006) 0.000 0.000 0.000 0.000 

Locus 16 : Lup02 
6 alleles
0.2% missing data
  56   (0.568) 0.192 0.644 0.586 0.538 
  60   (0.126) 0.472 0.092 0.065 0.056 
  52   (0.184) 0.322 0.171 0.007 0.395 
  48   (0.082) 0.013 0.070 0.046 0.012 
 561   (0.011) 0.000 0.003 0.000 0.000 
  64   (0.029) 0.000 0.020 0.296 0.000 

Locus 17 : Lup13 
5 alleles
0.1% missing data
  57   (0.363) 0.114 0.390 0.543 0.268 
  61   (0.348) 0.555 0.408 0.091 0.144 
  65   (0.082) 0.003 0.070 0.006 0.098 
  53   (0.198) 0.328 0.130 0.360 0.491 
  69   (0.009) 0.000 0.001 0.000 0.000 

Locus 18 : Lup20 
9 alleles
0.4% missing data
  56   (0.327) 0.229 0.358 0.401 0.228 
 601   (0.051) 0.010 0.038 0.001 0.012 
  60   (0.395) 0.739 0.357 0.451 0.674 
  68   (0.045) 0.000 0.098 0.000 0.002 
  64   (0.109) 0.004 0.107 0.144 0.059 
  72   (0.025) 0.015 0.004 0.000 0.024 
 681   (0.011) 0.000 0.001 0.002 0.000 
 641   (0.017) 0.002 0.006 0.000 0.000 
  52   (0.020) 0.000 0.031 0.000 0.000 

Locus 19 : Lup21 
11 alleles
0.1% missing data
  41   (0.193) 0.224 0.172 0.157 0.331 
  57   (0.182) 0.135 0.200 0.037 0.206 
  53   (0.296) 0.448 0.326 0.427 0.176 
  37   (0.017) 0.005 0.004 0.000 0.000 
  45   (0.074) 0.074 0.058 0.013 0.014 
 531   (0.010) 0.000 0.002 0.000 0.000 
 611   (0.057) 0.113 0.019 0.130 0.062 
 491   (0.009) 0.000 0.001 0.000 0.000 
  49   (0.106) 0.000 0.124 0.178 0.211 
  61   (0.031) 0.000 0.032 0.058 0.000 
 612   (0.025) 0.000 0.060 0.000 0.000 

Locus 20 : Lup23 
6 alleles
0.0% missing data
  59   (0.343) 0.657 0.331 0.024 0.476 
  63   (0.355) 0.342 0.302 0.542 0.298 
  67   (0.019) 0.000 0.009 0.000 0.001 
  55   (0.247) 0.001 0.341 0.433 0.182 
 671   (0.014) 0.000 0.009 0.000 0.000 
  51   (0.022) 0.000 0.007 0.000 0.044 

Values of parameters used in structure:
DATAFILE=/home/eva.pavlovic/data_job_H6_3,	OUTFILE=/home/eva.pavlovic/ParallelStructure/26_results_20MS/3_Simulation_data_wolves_hybrids/3_Simulation_data_wolves_hybrids_6/results_job_H6_3,	NUMINDS=3592,	NUMLOCI=20,	MISSING=-9,	LABEL=1,	POPDATA=1,	POPFLAG=0,	PHENOTYPE=0,	EXTRACOLS=0,	MAXPOPS=4,	BURNIN=300000,	NUMREPS=3000000,	USEPOPINFO=0,	INFERALPHA=1,	INFERLAMBDA=0,	POPSPECIFICLAMBDA=0,	POPALPHAS=0,	COMPUTEPROB=1,	NOADMIX=0,	ADMBURNIN=2500,	UPDATEFREQ=1,	PRINTLIKES=0,	INTERMEDSAVE=0,	PRINTKLD=0,	PRINTNET=0,	PRINTLAMBDA=0,	ANCESTDIST=0,	NUMBOXES=1000,	ANCESTPINT=0.90000,	GENSBACK=2,	MIGRPRIOR=0.05000,	PRINTQHAT=1,	PRINTQSUM=0,	ALPHA=1.0000,	FREQSCORR=1,	FPRIORMEAN=0.0100,	FPRIORSD=0.0500,	ONEFST=0,	LAMBDA=1.0000,	UNIFPRIORALPHA=1,	ALPHAMAX=10.0000,	ALPHAPRIORA=1.0000,	ALPHAPRIORB=2.0000,	ALPHAPROPSD=0.0250,	STARTATPOPINFO=0,	RANDOMIZE=1,	LINKAGE=0,	METROFREQ=10,	REPORTHITRATE=0,	MARKOVPHASE=-1,	PHASED=0,	PLOIDY=2,	PHASEINFO=0	LOCPRIOR=0, 	LOCPRIORINIT=1.000000, 	LOCDATA=0, 	LOCISPOP=0, 	LOCPRIORSTEP=0.100000, 	MAXLOCPRIOR=20.000000, 	SEED=1772752041,	
[STRAT parameters]:    NUMSIMSTATS=1000,	PHENOTYPECOL=-9,	POOLFREQ=10,	LOCUSxONLY=0,	EMERROR=0.00100,	MISSINGPHENO=-9,	