   1        1   (5)      1 :  0.2028 0.0072 0.7860 0.0040 
   2        2   (5)      1 :  0.1724 0.0296 0.7780 0.0200 
   3        3   (5)      1 :  0.2012 0.0046 0.7906 0.0036 
   4        4   (0)      1 :  0.2048 0.0040 0.7848 0.0064 
   5        5   (0)      1 :  0.1551 0.0554 0.7624 0.0272 
   6        6   (0)      1 :  0.1982 0.0070 0.7896 0.0052 
   7        7   (0)      1 :  0.1342 0.1036 0.7520 0.0102 
   8        8   (5)      1 :  0.2030 0.0050 0.7870 0.0050 
   9        9   (0)      1 :  0.2008 0.0036 0.7914 0.0042 
  10       10   (0)      1 :  0.1552 0.0516 0.7750 0.0182 
  11       11   (0)      1 :  0.1892 0.0166 0.7892 0.0050 
  12       12   (0)      1 :  0.1866 0.0186 0.7764 0.0184 
  13       13   (0)      1 :  0.1944 0.0052 0.7822 0.0182 
  14       14   (0)      1 :  0.2190 0.0088 0.7678 0.0044 
  15       15   (0)      1 :  0.1960 0.0120 0.7842 0.0078 
  16       16   (0)      1 :  0.2174 0.0048 0.7738 0.0040 
  17       17   (0)      1 :  0.1998 0.0044 0.7926 0.0032 
  18       18   (0)      1 :  0.1870 0.0166 0.7896 0.0068 
  19       19   (0)      1 :  0.1996 0.0042 0.7794 0.0168 
  20       20   (0)      1 :  0.1714 0.0454 0.7682 0.0150 
  21       21   (0)      1 :  0.1962 0.0038 0.7886 0.0114 
  22       22   (0)      1 :  0.2064 0.0032 0.7876 0.0028 
  23       23   (0)      1 :  0.2044 0.0042 0.7880 0.0034 
  24       24   (0)      1 :  0.2084 0.0042 0.7804 0.0070 
  25       25   (0)      1 :  0.1948 0.0164 0.7784 0.0104 
  26       26   (0)      1 :  0.1958 0.0060 0.7794 0.0188 
  27       27   (5)      1 :  0.1720 0.0394 0.7786 0.0100 
  28       28   (0)      1 :  0.2040 0.0084 0.7848 0.0028 
  29       29   (0)      1 :  0.2058 0.0044 0.7860 0.0038 
  30       30   (0)      1 :  0.2048 0.0098 0.7790 0.0064 
  31       31   (0)      1 :  0.1980 0.0044 0.7942 0.0034 
  32       32   (0)      1 :  0.1866 0.0138 0.7748 0.0248 
  33       33   (0)      1 :  0.1990 0.0046 0.7926 0.0038 
  34       34   (0)      1 :  0.2040 0.0038 0.7888 0.0034 
  35       35   (0)      1 :  0.1836 0.0250 0.7842 0.0072 
  36       36   (0)      1 :  0.1966 0.0154 0.7846 0.0034 
  37       37   (0)      1 :  0.1968 0.0082 0.7802 0.0148 
  38       38   (0)      1 :  0.1944 0.0056 0.7852 0.0148 
  39       39   (0)      1 :  0.1996 0.0090 0.7838 0.0076 
  40       40   (0)      1 :  0.2020 0.0048 0.7880 0.0052 
  41       41   (0)      1 :  0.1988 0.0060 0.7892 0.0060 
  42       42   (0)      1 :  0.2026 0.0024 0.7918 0.0032 
  43       43   (0)      1 :  0.2008 0.0066 0.7886 0.0040 
  44       44   (0)      1 :  0.2002 0.0044 0.7930 0.0024 
  45       45   (5)      1 :  0.1966 0.0132 0.7812 0.0090 
  46       46   (0)      1 :  0.2044 0.0038 0.7894 0.0024 
  47       47   (0)      1 :  0.2010 0.0122 0.7844 0.0024 
  48       48   (0)      1 :  0.2066 0.0060 0.7834 0.0040 
  49       49   (0)      1 :  0.1842 0.0070 0.7586 0.0502 
  50       50   (0)      1 :  0.2022 0.0054 0.7864 0.0060 
  51       51   (0)      1 :  0.1960 0.0054 0.7872 0.0114 
  52       52   (0)      1 :  0.1950 0.0128 0.7542 0.0380 
  53       53   (0)      1 :  0.2118 0.0060 0.7782 0.0040 
  54       54   (0)      1 :  0.2010 0.0102 0.7864 0.0024 
  55       55   (0)      1 :  0.2010 0.0056 0.7900 0.0034 
  56       56   (0)      1 :  0.2010 0.0046 0.7902 0.0042 
  57       57  (10)      1 :  0.1962 0.0100 0.7848 0.0090 
  58       58   (5)      1 :  0.2034 0.0074 0.7844 0.0048 
  59       59   (0)      1 :  0.2040 0.0062 0.7830 0.0068 
  60       60   (0)      1 :  0.1990 0.0058 0.7906 0.0046 
  61       61   (0)      1 :  0.2030 0.0058 0.7866 0.0046 
  62       62   (0)      1 :  0.1912 0.0176 0.7866 0.0046 
  63       63   (0)      1 :  0.1976 0.0074 0.7892 0.0058 
  64       64   (0)      1 :  0.1990 0.0058 0.7918 0.0034 
  65       65   (0)      1 :  0.0817 0.1223 0.7550 0.0410 
  66       66   (0)      1 :  0.2012 0.0064 0.7890 0.0034 
  67       67   (5)      1 :  0.2054 0.0128 0.7518 0.0300 
  68       68   (0)      1 :  0.2172 0.0106 0.7666 0.0056 
  69       69   (0)      1 :  0.1958 0.0120 0.7896 0.0026 
  70       70   (0)      1 :  0.2056 0.0064 0.7834 0.0046 
  71       71   (5)      1 :  0.2020 0.0082 0.7860 0.0038 
  72       72   (0)      1 :  0.1922 0.0078 0.7856 0.0144 
  73       73   (5)      1 :  0.1904 0.0056 0.8010 0.0030 
  74       74  (10)      1 :  0.2018 0.0092 0.7818 0.0072 
  75       75  (10)      1 :  0.1830 0.0042 0.7770 0.0358 
  76       76   (0)      1 :  0.3120 0.0038 0.6790 0.0052 
  77       77  (10)      1 :  0.2600 0.0044 0.7280 0.0076 
  78       78   (0)      1 :  0.2718 0.0062 0.7112 0.0108 
  79       79   (5)      1 :  0.2054 0.0060 0.7848 0.0038 
  80       80   (0)      1 :  0.2026 0.0040 0.7896 0.0038 
  81       81   (0)      1 :  0.2056 0.0040 0.7856 0.0048 
  82       82   (0)      1 :  0.1994 0.0036 0.7930 0.0040 
  83       83   (0)      1 :  0.2274 0.0066 0.7610 0.0050 
  84       84   (0)      1 :  0.1950 0.0084 0.7870 0.0096 
  85       85   (0)      1 :  0.1978 0.0064 0.7922 0.0036 
  86       86   (5)      1 :  0.2000 0.0042 0.7918 0.0040 
  87       87   (0)      1 :  0.2002 0.0078 0.7874 0.0046 
  88       88   (0)      1 :  0.2552 0.0102 0.7202 0.0144 
  89       89   (0)      1 :  0.1932 0.0110 0.7534 0.0424 
  90       90   (0)      1 :  0.1954 0.0412 0.7600 0.0034 
  91       91   (0)      1 :  0.2036 0.0052 0.7866 0.0046 
  92       92   (0)      1 :  0.1932 0.0172 0.7856 0.0040 
  93       93   (0)      1 :  0.2030 0.0034 0.7908 0.0028 
  94       94   (5)      1 :  0.2134 0.0046 0.7692 0.0128 
  95       95   (0)      1 :  0.2028 0.0044 0.7858 0.0070 
  96       96   (5)      1 :  0.1980 0.0048 0.7910 0.0062 
  97       97   (0)      1 :  0.2098 0.0148 0.7724 0.0030 
  98       98   (0)      1 :  0.1944 0.0072 0.7920 0.0064 
  99       99   (5)      1 :  0.1982 0.0062 0.7878 0.0078 
 100      100   (5)      1 :  0.2016 0.0040 0.7914 0.0030 
 101      101   (0)      2 :  0.2000 0.0060 0.7894 0.0046 
 102      102   (0)      2 :  0.2012 0.0040 0.7888 0.0060 
 103      103   (0)      2 :  0.2068 0.0070 0.7824 0.0038 
 104      104   (0)      2 :  0.1996 0.0050 0.7874 0.0080 
 105      105   (0)      2 :  0.2008 0.0034 0.7904 0.0054 
 106      106   (0)      2 :  0.2014 0.0048 0.7828 0.0110 
 107      107   (0)      2 :  0.1982 0.0084 0.7838 0.0096 
 108      108   (0)      2 :  0.1944 0.0052 0.7954 0.0050 
 109      109   (0)      2 :  0.2016 0.0074 0.7868 0.0042 
 110      110   (0)      2 :  0.2202 0.0078 0.7632 0.0088 
 111      111   (0)      2 :  0.1970 0.0072 0.7872 0.0086 
 112      112   (0)      2 :  0.1944 0.0058 0.7832 0.0166 
 113      113   (0)      2 :  0.1998 0.0046 0.7920 0.0036 
 114      114   (0)      2 :  0.1994 0.0070 0.7898 0.0038 
 115      115   (0)      2 :  0.2036 0.0066 0.7870 0.0028 
 116      116   (0)      2 :  0.1994 0.0056 0.7896 0.0054 
 117      117   (0)      2 :  0.1984 0.0062 0.7918 0.0036 
 118      118   (0)      2 :  0.1994 0.0046 0.7926 0.0034 
 119      119   (0)      2 :  0.2000 0.0038 0.7920 0.0042 
 120      120   (0)      2 :  0.2000 0.0042 0.7886 0.0072 
 121      121   (0)      2 :  0.1894 0.0140 0.7928 0.0038 
 122      122   (0)      2 :  0.2004 0.0046 0.7914 0.0036 
 123      123   (0)      2 :  0.2152 0.0046 0.7768 0.0034 
 124      124   (0)      2 :  0.2162 0.0042 0.7772 0.0024 
 125      125   (0)      2 :  0.1998 0.0034 0.7940 0.0028 
 126      126   (0)      2 :  0.1930 0.0096 0.7844 0.0130 
 127      127   (0)      2 :  0.2030 0.0044 0.7850 0.0076 
 128      128   (0)      2 :  0.1958 0.0048 0.7900 0.0094 
 129      129   (0)      2 :  0.1866 0.0184 0.7896 0.0054 
 130      130   (0)      2 :  0.1978 0.0104 0.7780 0.0138 
 131      131   (0)      2 :  0.2074 0.0062 0.7784 0.0080 
 132      132   (0)      2 :  0.1986 0.0146 0.7836 0.0032 
 133      133   (0)      2 :  0.1980 0.0108 0.7706 0.0206 
 134      134   (0)      2 :  0.1882 0.0102 0.7726 0.0290 
 135      135   (0)      2 :  0.1990 0.0050 0.7930 0.0030 
 136      136   (0)      2 :  0.2268 0.0034 0.7650 0.0048 
 137      137   (0)      2 :  0.2036 0.0066 0.7854 0.0044 
 138      138   (0)      2 :  0.1856 0.0074 0.7902 0.0168 
 139      139   (0)      2 :  0.2010 0.0040 0.7920 0.0030 
 140      140   (0)      2 :  0.2030 0.0060 0.7822 0.0088 
 141      141   (0)      2 :  0.2068 0.0102 0.7774 0.0056 
 142      142   (0)      2 :  0.1986 0.0060 0.7918 0.0036 
 143      143   (0)      2 :  0.2022 0.0056 0.7894 0.0028 
 144      144   (0)      2 :  0.1952 0.0064 0.7564 0.0420 
 145      145   (0)      2 :  0.2014 0.0100 0.7822 0.0064 
 146      146   (0)      2 :  0.2092 0.0090 0.7780 0.0038 
 147      147   (0)      2 :  0.1784 0.0088 0.7714 0.0414 
 148      148   (0)      2 :  0.1972 0.0062 0.7884 0.0082 
 149      149   (0)      2 :  0.2010 0.0062 0.7884 0.0044 
 150      150   (0)      2 :  0.1942 0.0096 0.7886 0.0076 
 151      151   (0)      2 :  0.2010 0.0052 0.7908 0.0030 
 152      152   (0)      2 :  0.2056 0.0042 0.7822 0.0080 
 153      153   (0)      2 :  0.2016 0.0056 0.7848 0.0080 
 154      154   (0)      2 :  0.1968 0.0096 0.7888 0.0048 
 155      155   (0)      2 :  0.1990 0.0064 0.7922 0.0024 
 156      156   (0)      2 :  0.1966 0.0072 0.7826 0.0136 
 157      157   (0)      2 :  0.2022 0.0030 0.7918 0.0030 
 158      158   (0)      2 :  0.2130 0.0032 0.7808 0.0030 
 159      159   (0)      2 :  0.1968 0.0086 0.7886 0.0060 
 160      160   (0)      2 :  0.2372 0.0048 0.7516 0.0064 
 161      161   (0)      2 :  0.1990 0.0064 0.7890 0.0056 
 162      162   (0)      2 :  0.2000 0.0074 0.7902 0.0024 
 163      163   (0)      2 :  0.2048 0.0046 0.7854 0.0052 
 164      164   (0)      2 :  0.2040 0.0028 0.7902 0.0030 
 165      165   (0)      2 :  0.2102 0.0070 0.7718 0.0110 
 166      166   (0)      2 :  0.2018 0.0056 0.7878 0.0048 
 167      167   (0)      2 :  0.2032 0.0044 0.7886 0.0038 
 168      168   (0)      2 :  0.2018 0.0050 0.7876 0.0056 
 169      169   (0)      2 :  0.1958 0.0090 0.7898 0.0054 
 170      170   (0)      2 :  0.2016 0.0060 0.7890 0.0034 
 171      171   (0)      2 :  0.1940 0.0256 0.7616 0.0188 
 172      172   (0)      2 :  0.2014 0.0068 0.7876 0.0042 
 173      173   (0)      2 :  0.2016 0.0084 0.7698 0.0202 
 174      174   (0)      2 :  0.1940 0.0124 0.7318 0.0618 
 175      175   (0)      2 :  0.2062 0.0086 0.7818 0.0034 
 176      176   (0)      2 :  0.1962 0.0262 0.7672 0.0104 
 177      177   (0)      2 :  0.2016 0.0034 0.7906 0.0044 
 178      178   (0)      2 :  0.2078 0.0108 0.7730 0.0084 
 179      179   (0)      2 :  0.2018 0.0042 0.7898 0.0042 
 180      180   (0)      2 :  0.1994 0.0066 0.7804 0.0136 
 181      181   (0)      2 :  0.1988 0.0058 0.7908 0.0046 
 182      182   (0)      2 :  0.2010 0.0088 0.7804 0.0098 
 183      183   (0)      2 :  0.2036 0.0028 0.7896 0.0040 
 184      184   (0)      2 :  0.2062 0.0070 0.7810 0.0058 
 185      185   (0)      2 :  0.1934 0.0168 0.7862 0.0036 
 186      186   (0)      2 :  0.2350 0.0042 0.7576 0.0032 
 187      187   (0)      2 :  0.2102 0.0044 0.7820 0.0034 
 188      188   (0)      2 :  0.2012 0.0078 0.7876 0.0034 
 189      189   (0)      2 :  0.1982 0.0048 0.7936 0.0034 
 190      190   (0)      2 :  0.1756 0.1362 0.6542 0.0340 
 191      191   (0)      2 :  0.1996 0.0042 0.7932 0.0030 
 192      192   (0)      2 :  0.2006 0.0038 0.7932 0.0024 
 193      193   (0)      2 :  0.1994 0.0066 0.7906 0.0034 
 194      194   (0)      2 :  0.1832 0.0580 0.7402 0.0186 
 195      195   (0)      2 :  0.1986 0.0114 0.7826 0.0074 
 196      196   (0)      2 :  0.2022 0.0110 0.7802 0.0066 
 197      197   (0)      2 :  0.1998 0.0078 0.7886 0.0038 
 198      198   (0)      2 :  0.2412 0.0070 0.7316 0.0202 
 199      199   (0)      2 :  0.1928 0.0100 0.7732 0.0240 
 200      200   (0)      2 :  0.2002 0.0048 0.7888 0.0062 
 201      201   (0)      2 :  0.1702 0.0906 0.7278 0.0114 
 202      202   (0)      2 :  0.2030 0.0058 0.7840 0.0072 
 203      203   (0)      2 :  0.2008 0.0042 0.7910 0.0040 
 204      204   (0)      2 :  0.2024 0.0050 0.7898 0.0028 
 205      205   (0)      2 :  0.1968 0.0166 0.7838 0.0028 
 206      206   (0)      2 :  0.2034 0.0044 0.7882 0.0040 
 207      207   (0)      2 :  0.1984 0.0074 0.7906 0.0036 
 208      208   (0)      2 :  0.2004 0.0064 0.7912 0.0020 
 209      209   (0)      2 :  0.1978 0.0098 0.7742 0.0182 
 210      210   (0)      2 :  0.1966 0.0090 0.7904 0.0040 
 211      211   (0)      2 :  0.1848 0.0224 0.7888 0.0040 
 212      212   (0)      2 :  0.1330 0.0314 0.7694 0.0662 
 213      213   (0)      2 :  0.1834 0.0146 0.7836 0.0184 
 214      214   (0)      2 :  0.1998 0.0074 0.7898 0.0030 
 215      215   (0)      2 :  0.1988 0.0042 0.7900 0.0070 
 216      216   (0)      2 :  0.2052 0.0054 0.7850 0.0044 
 217      217   (0)      2 :  0.2008 0.0040 0.7914 0.0038 
 218      218   (0)      2 :  0.1984 0.0086 0.7884 0.0046 
 219      219   (0)      2 :  0.2022 0.0078 0.7860 0.0040 
 220      220   (0)      2 :  0.2006 0.0046 0.7924 0.0024 
 221      221   (0)      2 :  0.1906 0.0112 0.7918 0.0064 
 222      222   (0)      2 :  0.2760 0.0168 0.7046 0.0026 
 223      223   (0)      2 :  0.1812 0.0250 0.7702 0.0236 
 224      224   (0)      2 :  0.1992 0.0046 0.7916 0.0046 
 225      225   (0)      2 :  0.2000 0.0036 0.7886 0.0078 
 226      226   (0)      2 :  0.1976 0.0052 0.7914 0.0058 
 227      227   (0)      2 :  0.2612 0.0108 0.7230 0.0050 
 228      228   (0)      2 :  0.1978 0.0130 0.7840 0.0052 
 229      229   (0)      2 :  0.2032 0.0040 0.7874 0.0054 
 230      230   (0)      2 :  0.1922 0.0084 0.7758 0.0236 
 231      231   (0)      2 :  0.1990 0.0068 0.7832 0.0110 
 232      232   (0)      2 :  0.1860 0.0078 0.7784 0.0278 
 233      233   (0)      2 :  0.2034 0.0076 0.7848 0.0042 
 234      234   (0)      2 :  0.1900 0.0128 0.7792 0.0180 
 235      235   (0)      2 :  0.2080 0.0050 0.7824 0.0046 
 236      236   (0)      2 :  0.2006 0.0070 0.7900 0.0024 
 237      237   (0)      2 :  0.2018 0.0060 0.7850 0.0072 
 238      238   (0)      2 :  0.1908 0.0052 0.7770 0.0270 
 239      239   (0)      2 :  0.2006 0.0030 0.7944 0.0020 
 240      240   (0)      2 :  0.1666 0.0228 0.8058 0.0048 
 241      241   (0)      2 :  0.1994 0.0126 0.7780 0.0100 
 242      242   (0)      2 :  0.2080 0.0062 0.7818 0.0040 
 243      243   (0)      2 :  0.1976 0.0154 0.7816 0.0054 
 244      244   (0)      2 :  0.2118 0.0090 0.7764 0.0028 
 245      245   (0)      2 :  0.2022 0.0050 0.7880 0.0048 
 246      246   (0)      2 :  0.2010 0.0052 0.7902 0.0036 
 247      247   (0)      2 :  0.1806 0.0180 0.7706 0.0308 
 248      248   (0)      2 :  0.2092 0.0050 0.7828 0.0030 
 249      249   (0)      2 :  0.2034 0.0056 0.7860 0.0050 
 250      250   (0)      2 :  0.1992 0.0038 0.7938 0.0032 
 251      251   (0)      2 :  0.2282 0.0060 0.7612 0.0046 
 252      252   (0)      2 :  0.2052 0.0210 0.7674 0.0064 
 253      253   (0)      2 :  0.1986 0.0082 0.7780 0.0152 
 254      254   (0)      2 :  0.2004 0.0144 0.7804 0.0048 
 255      255   (0)      2 :  0.1960 0.0094 0.7876 0.0070 
 256      256   (0)      2 :  0.2016 0.0036 0.7904 0.0044 
 257      257   (0)      2 :  0.2012 0.0042 0.7868 0.0078 
 258      258   (0)      2 :  0.2004 0.0060 0.7896 0.0040 
 259      259   (0)      2 :  0.1994 0.0040 0.7934 0.0032 
 260      260   (0)      2 :  0.1874 0.0054 0.7818 0.0254 
 261      261   (0)      2 :  0.2054 0.0090 0.7794 0.0062 
 262      262   (0)      2 :  0.1998 0.0258 0.7470 0.0274 
 263      263   (0)      2 :  0.2046 0.0046 0.7838 0.0070 
 264      264   (0)      2 :  0.1966 0.0074 0.7914 0.0046 
 265      265   (0)      2 :  0.1964 0.0088 0.7858 0.0090 
 266      266   (0)      2 :  0.2024 0.0072 0.7870 0.0034 
 267      267   (0)      2 :  0.2010 0.0038 0.7928 0.0024 
 268      268   (0)      2 :  0.1984 0.0188 0.7522 0.0306 
 269      269   (0)      2 :  0.2024 0.0050 0.7892 0.0034 
 270      270   (0)      2 :  0.1976 0.0074 0.7892 0.0058 
 271      271   (0)      2 :  0.2182 0.0066 0.7684 0.0068 
 272      272   (0)      2 :  0.1738 0.0354 0.7870 0.0038 
 273      273   (0)      2 :  0.1974 0.0076 0.7930 0.0020 
 274      274   (0)      2 :  0.1876 0.0126 0.7772 0.0226 
 275      275   (0)      2 :  0.2038 0.0224 0.7698 0.0040 
 276      276   (0)      2 :  0.2004 0.0088 0.7832 0.0076 
 277      277   (0)      2 :  0.2054 0.0072 0.7806 0.0068 
 278      278   (0)      2 :  0.2150 0.0112 0.7660 0.0078 
 279      279   (0)      2 :  0.1960 0.0074 0.7848 0.0118 
 280      280   (0)      2 :  0.2000 0.0040 0.7910 0.0050 
 281      281   (0)      2 :  0.2030 0.0042 0.7874 0.0054 
 282      282   (0)      2 :  0.2040 0.0362 0.7556 0.0042 
 283      283   (0)      2 :  0.1704 0.0130 0.7656 0.0510 
 284      284   (0)      2 :  0.2032 0.0076 0.7836 0.0056 
 285      285   (0)      2 :  0.2042 0.0110 0.7798 0.0050 
 286      286   (0)      2 :  0.2086 0.0040 0.7826 0.0048 
 287      287   (0)      2 :  0.1976 0.0046 0.7866 0.0112 
 288      288   (0)      2 :  0.2032 0.0068 0.7866 0.0034 
 289      289   (0)      2 :  0.2038 0.0060 0.7860 0.0042 
 290      290   (0)      2 :  0.1998 0.0048 0.7910 0.0044 
 291      291   (0)      2 :  0.1950 0.0160 0.7818 0.0072 
 292      292   (0)      2 :  0.1890 0.0348 0.7714 0.0048 
 293      293   (0)      2 :  0.1974 0.0056 0.7874 0.0096 
 294      294   (0)      2 :  0.1920 0.0172 0.7878 0.0030 
 295      295   (0)      2 :  0.1988 0.0054 0.7920 0.0038 
 296      296   (0)      2 :  0.2030 0.0036 0.7904 0.0030 
 297      297   (0)      2 :  0.2478 0.0202 0.7254 0.0066 
 298      298   (0)      2 :  0.1978 0.0304 0.7646 0.0072 
 299      299   (0)      2 :  0.2080 0.0038 0.7844 0.0038 
 300      300   (0)      2 :  0.2010 0.0036 0.7904 0.0050 
 301      301   (5)      3 :  0.0732 0.4315 0.4869 0.0084 
 302      302   (0)      3 :  0.0208 0.7209 0.2255 0.0328 
 303      303   (0)      3 :  0.0850 0.3589 0.5067 0.0494 
 304      304   (5)      3 :  0.0150 0.5248 0.4440 0.0162 
 305      305   (5)      3 :  0.0052 0.6790 0.2898 0.0260 
 306      306   (0)      3 :  0.0222 0.6547 0.2563 0.0668 
 307      307   (0)      4 :  0.2052 0.0582 0.7308 0.0058 
 308      308   (0)      4 :  0.1052 0.5270 0.3644 0.0034 
 309      309   (0)      4 :  0.0750 0.4177 0.5011 0.0062 
 310      310   (0)      4 :  0.0937 0.4034 0.4871 0.0158 
 311      311   (0)      4 :  0.0142 0.7085 0.2705 0.0068 
 312      312   (0)      4 :  0.0552 0.5404 0.3976 0.0068 
 313      313   (0)      4 :  0.0492 0.5695 0.3485 0.0328 
 314      314   (0)      4 :  0.0662 0.5737 0.3427 0.0174 
 315      315   (0)      4 :  0.1018 0.2258 0.4848 0.1876 
 316      316   (0)      4 :  0.0536 0.5917 0.3412 0.0136 
 317      317   (0)      4 :  0.0424 0.6288 0.3191 0.0098 
 318      318   (0)      4 :  0.0838 0.4898 0.4138 0.0126 
 319      319   (0)      4 :  0.0540 0.5769 0.3579 0.0112 
 320      320   (0)      4 :  0.0839 0.4434 0.4699 0.0028 
 321      321   (0)      4 :  0.1026 0.4560 0.4314 0.0100 
 322      322   (0)      4 :  0.0834 0.4081 0.4985 0.0100 
 323      323   (0)      4 :  0.1489 0.2853 0.5260 0.0398 
 324      324   (0)      4 :  0.0138 0.4960 0.4844 0.0058 
 325      325   (0)      4 :  0.0858 0.4433 0.4467 0.0242 
 326      326   (0)      4 :  0.0126 0.7036 0.2642 0.0196 
 327      327   (0)      4 :  0.1081 0.3081 0.5734 0.0104 
 328      328   (0)      4 :  0.1488 0.3690 0.4740 0.0082 
 329      329   (0)      4 :  0.0706 0.7620 0.0984 0.0690 
 330      330   (0)      4 :  0.0262 0.6064 0.3528 0.0146 
 331      331   (0)      4 :  0.0650 0.5932 0.3330 0.0088 
 332      332   (0)      4 :  0.0202 0.5608 0.4124 0.0066 
 333      333   (0)      4 :  0.0995 0.4413 0.4498 0.0094 
 334      334   (0)      4 :  0.1868 0.2933 0.5113 0.0086 
 335      335   (0)      4 :  0.0782 0.4863 0.4151 0.0204 
 336      336   (0)      4 :  0.1075 0.2644 0.5689 0.0592 
 337      337   (0)      4 :  0.0833 0.3740 0.4553 0.0874 
 338      338   (0)      4 :  0.0438 0.4239 0.5127 0.0196 
 339      339   (0)      4 :  0.0974 0.4147 0.4811 0.0068 
 340      340   (0)      4 :  0.1012 0.5634 0.3314 0.0040 
 341      341   (0)      4 :  0.0800 0.5162 0.3890 0.0148 
 342      342   (0)      4 :  0.0776 0.5344 0.3806 0.0074 
 343      343   (0)      4 :  0.0072 0.8334 0.1482 0.0112 
 344      344   (0)      4 :  0.0452 0.6588 0.2824 0.0136 
 345      345   (0)      4 :  0.0838 0.4762 0.4352 0.0048 
 346      346   (0)      4 :  0.0772 0.5144 0.4036 0.0048 
 347      347   (0)      4 :  0.1442 0.5859 0.2581 0.0118 
 348      348   (0)      4 :  0.1102 0.3656 0.5028 0.0214 
 349      349   (0)      4 :  0.0854 0.2528 0.5054 0.1564 
 350      350   (0)      4 :  0.2226 0.1166 0.6434 0.0174 
 351      351   (0)      4 :  0.0823 0.3978 0.5137 0.0062 
 352      352   (0)      4 :  0.0746 0.6443 0.2749 0.0062 
 353      353   (0)      4 :  0.0250 0.5745 0.3939 0.0066 
 354      354   (0)      4 :  0.1011 0.3718 0.5207 0.0064 
 355      355   (0)      4 :  0.0794 0.3996 0.5130 0.0080 
 356      356   (0)      4 :  0.0938 0.4308 0.4594 0.0160 
 357      357   (0)      4 :  0.0859 0.5056 0.4053 0.0032 
 358      358   (0)      4 :  0.0416 0.5660 0.3792 0.0132 
 359      359   (0)      4 :  0.0902 0.4875 0.4025 0.0198 
 360      360   (0)      4 :  0.0930 0.3197 0.4117 0.1756 
 361      361   (0)      4 :  0.1216 0.3068 0.5648 0.0068 
 362      362   (0)      4 :  0.0920 0.4497 0.4473 0.0110 
 363      363   (0)      4 :  0.0136 0.6560 0.3152 0.0152 
 364      364   (0)      4 :  0.1236 0.3392 0.5120 0.0252 
 365      365   (0)      4 :  0.0686 0.5356 0.3826 0.0132 
 366      366   (0)      4 :  0.0488 0.5589 0.3805 0.0118 
 367      367   (0)      4 :  0.0976 0.4377 0.4613 0.0034 
 368      368   (0)      4 :  0.1214 0.4387 0.4309 0.0090 
 369      369   (0)      4 :  0.0675 0.5261 0.3970 0.0094 
 370      370   (0)      4 :  0.0916 0.2540 0.6292 0.0252 
 371      371   (0)      4 :  0.0470 0.4612 0.4818 0.0100 
 372      372   (0)      4 :  0.0114 0.6923 0.1520 0.1444 
 373      373   (0)      4 :  0.1087 0.3689 0.5156 0.0068 
 374      374   (0)      4 :  0.0609 0.5337 0.3960 0.0094 
 375      375   (0)      4 :  0.0384 0.5844 0.3672 0.0100 
 376      376   (0)      4 :  0.1456 0.4124 0.4054 0.0366 
 377      377   (0)      4 :  0.0859 0.4848 0.4239 0.0054 
 378      378   (0)      4 :  0.1252 0.1418 0.5811 0.1520 
 379      379   (0)      4 :  0.0692 0.5015 0.4245 0.0048 
 380      380   (0)      4 :  0.0146 0.6264 0.3368 0.0222 
 381      381   (0)      4 :  0.0402 0.7817 0.1121 0.0660 
 382      382   (0)      4 :  0.0252 0.4929 0.4715 0.0104 
 383      383   (0)      4 :  0.1036 0.4630 0.4262 0.0072 
 384      384   (0)      4 :  0.0857 0.4178 0.4781 0.0184 
 385      385   (0)      4 :  0.1026 0.1804 0.5532 0.1638 
 386      386   (0)      4 :  0.0692 0.4887 0.4379 0.0042 
 387      387   (0)      4 :  0.1192 0.3541 0.5215 0.0052 
 388      388   (0)      4 :  0.0912 0.5642 0.3401 0.0046 
 389      389   (0)      4 :  0.0184 0.6609 0.3151 0.0056 
 390      390   (0)      4 :  0.1020 0.4543 0.4385 0.0052 
 391      391   (0)      4 :  0.1422 0.7087 0.1195 0.0296 
 392      392   (0)      4 :  0.1002 0.3753 0.4188 0.1056 
 393      393   (0)      4 :  0.0879 0.2983 0.5178 0.0960 
 394      394   (0)      4 :  0.0176 0.7426 0.2356 0.0042 
 395      395   (0)      4 :  0.0689 0.4819 0.4407 0.0086 
 396      396   (0)      4 :  0.0382 0.5402 0.4020 0.0196 
 397      397   (0)      4 :  0.1729 0.4763 0.3396 0.0112 
 398      398   (0)      4 :  0.0784 0.6282 0.2867 0.0068 
 399      399   (0)      4 :  0.0608 0.5847 0.3119 0.0426 
 400      400   (0)      4 :  0.0104 0.8786 0.1032 0.0078 
 401      401   (0)      4 :  0.0446 0.5914 0.3566 0.0074 
 402      402   (0)      4 :  0.0580 0.5733 0.3515 0.0172 
 403      403   (0)      4 :  0.0160 0.7569 0.2130 0.0142 
 404      404   (0)      4 :  0.0116 0.8737 0.1078 0.0070 
 405      405   (0)      4 :  0.0582 0.4318 0.5060 0.0040 
 406      406   (0)      4 :  0.0412 0.5455 0.4075 0.0058 
 407      407   (0)      5 :  0.0478 0.5924 0.3546 0.0052 
 408      408   (0)      5 :  0.1273 0.3483 0.5164 0.0080 
 409      409   (0)      5 :  0.1400 0.2662 0.5872 0.0066 
 410      410   (0)      5 :  0.0660 0.5146 0.4138 0.0056 
 411      411   (0)      5 :  0.0216 0.6769 0.2767 0.0248 
 412      412   (0)      5 :  0.0892 0.4595 0.4475 0.0038 
 413      413   (0)      5 :  0.1334 0.4525 0.4081 0.0060 
 414      414   (0)      5 :  0.0152 0.7652 0.2144 0.0052 
 415      415   (0)      5 :  0.1186 0.3891 0.4885 0.0038 
 416      416   (0)      5 :  0.0090 0.7138 0.2624 0.0148 
 417      417   (0)      5 :  0.0948 0.4210 0.4732 0.0110 
 418      418   (0)      5 :  0.0770 0.5253 0.3927 0.0050 
 419      419   (0)      5 :  0.2042 0.3925 0.3963 0.0070 
 420      420   (0)      5 :  0.2046 0.1736 0.5487 0.0730 
 421      421   (0)      5 :  0.0859 0.5621 0.2924 0.0596 
 422      422   (0)      5 :  0.0754 0.5775 0.3414 0.0058 
 423      423   (0)      5 :  0.0552 0.4625 0.4789 0.0034 
 424      424   (0)      5 :  0.1032 0.2465 0.6247 0.0256 
 425      425   (0)      5 :  0.1334 0.2615 0.5706 0.0344 
 426      426   (0)      5 :  0.0394 0.5065 0.4429 0.0112 
 427      427   (0)      5 :  0.0974 0.2798 0.5988 0.0240 
 428      428   (0)      5 :  0.0182 0.7901 0.1869 0.0048 
 429      429   (0)      5 :  0.0922 0.5590 0.3449 0.0038 
 430      430   (0)      5 :  0.0828 0.4936 0.4182 0.0054 
 431      431   (0)      5 :  0.0962 0.4737 0.4225 0.0076 
 432      432   (0)      5 :  0.0410 0.7316 0.2195 0.0078 
 433      433   (0)      5 :  0.0042 0.8765 0.1143 0.0050 
 434      434   (0)      5 :  0.0248 0.6572 0.3132 0.0048 
 435      435   (0)      5 :  0.1184 0.3511 0.5247 0.0058 
 436      436   (0)      5 :  0.0356 0.5158 0.4438 0.0048 
 437      437   (0)      5 :  0.1280 0.3844 0.4625 0.0252 
 438      438   (0)      5 :  0.1138 0.3763 0.5065 0.0034 
 439      439   (0)      5 :  0.1025 0.3992 0.4923 0.0060 
 440      440   (0)      5 :  0.1214 0.2856 0.5880 0.0050 
 441      441   (0)      5 :  0.2667 0.4097 0.3050 0.0186 
 442      442   (0)      5 :  0.1726 0.1723 0.6499 0.0052 
 443      443   (0)      5 :  0.0858 0.5758 0.3350 0.0034 
 444      444   (0)      5 :  0.1308 0.4042 0.4480 0.0170 
 445      445   (0)      5 :  0.0774 0.7120 0.2038 0.0068 
 446      446   (0)      5 :  0.0218 0.9352 0.0374 0.0056 
 447      447   (0)      5 :  0.0354 0.6166 0.3434 0.0046 
 448      448   (0)      5 :  0.1106 0.5591 0.3257 0.0046 
 449      449   (0)      5 :  0.1176 0.4381 0.4381 0.0062 
 450      450   (0)      5 :  0.0900 0.3467 0.5483 0.0150 
 451      451   (0)      5 :  0.0883 0.5240 0.3826 0.0052 
 452      452   (0)      5 :  0.0634 0.3848 0.5086 0.0432 
 453      453   (0)      5 :  0.1427 0.2195 0.6325 0.0054 
 454      454   (0)      5 :  0.0646 0.6785 0.2473 0.0096 
 455      455   (0)      5 :  0.0254 0.5276 0.4352 0.0118 
 456      456   (0)      5 :  0.0540 0.7740 0.1654 0.0066 
 457      457   (0)      5 :  0.1673 0.5983 0.2305 0.0038 
 458      458   (0)      5 :  0.1069 0.4749 0.4112 0.0070 
 459      459   (0)      5 :  0.0785 0.5054 0.4091 0.0070 
 460      460   (0)      5 :  0.1386 0.1945 0.6609 0.0060 
 461      461   (0)      5 :  0.1035 0.4667 0.4240 0.0058 
 462      462   (0)      5 :  0.1018 0.4318 0.4558 0.0106 
 463      463   (0)      5 :  0.0570 0.7324 0.1978 0.0128 
 464      464   (0)      5 :  0.0948 0.3737 0.5243 0.0072 
 465      465   (0)      5 :  0.1097 0.0928 0.5214 0.2761 
 466      466   (0)      5 :  0.0880 0.5291 0.3753 0.0076 
 467      467   (0)      5 :  0.1004 0.3950 0.4998 0.0048 
 468      468   (0)      5 :  0.1229 0.3200 0.4967 0.0604 
 469      469   (0)      5 :  0.0120 0.7632 0.2154 0.0094 
 470      470   (0)      5 :  0.0118 0.6344 0.3096 0.0442 
 471      471   (0)      5 :  0.0806 0.6058 0.3098 0.0038 
 472      472   (0)      5 :  0.0900 0.5512 0.3548 0.0040 
 473      473   (0)      5 :  0.0302 0.6832 0.2676 0.0190 
 474      474   (0)      5 :  0.1131 0.2222 0.6515 0.0132 
 475      475   (0)      5 :  0.0938 0.4699 0.3587 0.0776 
 476      476   (0)      5 :  0.0872 0.4268 0.4801 0.0060 
 477      477   (0)      5 :  0.0850 0.4217 0.4823 0.0110 
 478      478   (0)      5 :  0.1641 0.3304 0.4943 0.0112 
 479      479   (0)      5 :  0.0636 0.4790 0.4387 0.0186 
 480      480   (0)      5 :  0.1230 0.1820 0.6912 0.0038 
 481      481   (0)      5 :  0.0770 0.5500 0.3546 0.0184 
 482      482   (0)      5 :  0.0677 0.4495 0.4740 0.0088 
 483      483   (0)      5 :  0.0878 0.5263 0.3771 0.0088 
 484      484   (0)      5 :  0.0582 0.6296 0.2987 0.0134 
 485      485   (0)      5 :  0.0140 0.8516 0.1270 0.0074 
 486      486   (0)      5 :  0.0782 0.5351 0.3813 0.0054 
 487      487   (0)      5 :  0.1419 0.1890 0.6652 0.0038 
 488      488   (0)      5 :  0.0252 0.6698 0.3002 0.0048 
 489      489   (0)      5 :  0.0188 0.6507 0.3209 0.0096 
 490      490   (0)      5 :  0.0949 0.3631 0.5388 0.0032 
 491      491   (0)      5 :  0.0118 0.6165 0.3693 0.0024 
 492      492   (0)      5 :  0.0330 0.6144 0.3252 0.0274 
 493      493   (0)      5 :  0.0218 0.6172 0.3526 0.0084 
 494      494   (0)      5 :  0.0878 0.4444 0.4620 0.0058 
 495      495   (0)      5 :  0.1048 0.4389 0.4525 0.0038 
 496      496   (0)      5 :  0.0382 0.5847 0.3679 0.0092 
 497      497   (0)      5 :  0.1107 0.2768 0.5833 0.0292 
 498      498   (0)      5 :  0.2030 0.1407 0.6500 0.0064 
 499      499   (0)      5 :  0.0957 0.4256 0.4717 0.0070 
 500      500   (0)      5 :  0.0808 0.5713 0.3405 0.0074 
 501      501   (0)      5 :  0.0274 0.6741 0.2903 0.0082 
 502      502   (0)      5 :  0.0979 0.5100 0.3845 0.0076 
 503      503   (0)      5 :  0.2382 0.0508 0.7038 0.0072 
 504      504   (0)      5 :  0.1120 0.4603 0.4253 0.0024 
 505      505   (0)      5 :  0.1392 0.4865 0.3691 0.0052 
 506      506   (0)      5 :  0.2076 0.2133 0.5509 0.0282 
 507      507   (0)      6 :  0.1166 0.0222 0.4877 0.3735 
 508      508   (0)      6 :  0.1338 0.0068 0.5290 0.3304 
 509      509   (0)      6 :  0.1309 0.0282 0.4345 0.4064 
 510      510   (0)      6 :  0.1305 0.0090 0.3748 0.4857 
 511      511   (0)      6 :  0.1372 0.0052 0.4079 0.4497 
 512      512   (0)      6 :  0.0852 0.0038 0.4035 0.5075 
 513      513   (0)      6 :  0.0851 0.0038 0.3629 0.5482 
 514      514   (0)      6 :  0.0264 0.0990 0.3162 0.5585 
 515      515   (0)      6 :  0.0661 0.0044 0.3086 0.6209 
 516      516   (0)      6 :  0.1015 0.0054 0.3616 0.5315 
 517      517   (0)      6 :  0.0422 0.0042 0.2257 0.7279 
 518      518   (0)      6 :  0.0242 0.1194 0.3000 0.5564 
 519      519   (0)      6 :  0.1068 0.0052 0.4518 0.4362 
 520      520   (0)      6 :  0.1003 0.0128 0.4039 0.4830 
 521      521   (0)      6 :  0.0886 0.0104 0.3831 0.5179 
 522      522   (0)      6 :  0.1340 0.0306 0.6568 0.1786 
 523      523   (0)      6 :  0.1082 0.0074 0.2740 0.6104 
 524      524   (0)      6 :  0.0824 0.0086 0.3973 0.5117 
 525      525   (0)      6 :  0.0750 0.0080 0.2506 0.6664 
 526      526   (0)      6 :  0.1023 0.0184 0.4435 0.4358 
 527      527   (0)      6 :  0.0422 0.0098 0.3040 0.6440 
 528      528   (0)      6 :  0.1272 0.0254 0.4486 0.3988 
 529      529   (0)      6 :  0.0941 0.0088 0.3648 0.5323 
 530      530   (0)      6 :  0.0798 0.0124 0.2649 0.6429 
 531      531   (0)      6 :  0.0798 0.0034 0.3440 0.5728 
 532      532   (0)      6 :  0.0976 0.0048 0.3596 0.5380 
 533      533   (0)      6 :  0.1132 0.0182 0.4481 0.4205 
 534      534   (0)      6 :  0.0712 0.0454 0.3412 0.5422 
 535      535   (0)      6 :  0.1664 0.0086 0.3071 0.5179 
 536      536   (0)      6 :  0.1111 0.0152 0.3393 0.5344 
 537      537   (0)      6 :  0.0810 0.0248 0.3078 0.5864 
 538      538   (0)      6 :  0.1050 0.0390 0.5010 0.3550 
 539      539   (0)      6 :  0.0761 0.0048 0.2731 0.6460 
 540      540   (0)      6 :  0.0712 0.0096 0.3714 0.5478 
 541      541   (0)      6 :  0.0920 0.0164 0.3622 0.5294 
 542      542   (0)      6 :  0.0826 0.0058 0.3305 0.5811 
 543      543   (0)      6 :  0.0920 0.0194 0.3411 0.5475 
 544      544   (0)      6 :  0.0630 0.0070 0.3053 0.6247 
 545      545   (0)      6 :  0.1042 0.0282 0.5768 0.2908 
 546      546   (0)      6 :  0.0840 0.0100 0.3659 0.5401 
 547      547   (0)      6 :  0.0851 0.0144 0.3386 0.5619 
 548      548   (0)      6 :  0.1167 0.0058 0.4899 0.3876 
 549      549   (0)      6 :  0.0712 0.0040 0.3113 0.6135 
 550      550   (0)      6 :  0.0812 0.0042 0.4094 0.5052 
 551      551   (0)      6 :  0.1088 0.0060 0.3963 0.4889 
 552      552   (0)      6 :  0.1040 0.0064 0.4592 0.4304 
 553      553   (0)      6 :  0.1043 0.0068 0.4552 0.4337 
 554      554   (0)      6 :  0.0770 0.0068 0.4038 0.5124 
 555      555   (0)      6 :  0.1016 0.0120 0.4556 0.4308 
 556      556   (0)      6 :  0.0956 0.0108 0.4378 0.4558 
 557      557   (0)      6 :  0.1018 0.0044 0.4480 0.4458 
 558      558   (0)      6 :  0.0814 0.0034 0.3941 0.5211 
 559      559   (0)      6 :  0.0580 0.0480 0.3979 0.4961 
 560      560   (0)      6 :  0.0836 0.0054 0.3818 0.5292 
 561      561   (0)      6 :  0.1027 0.0060 0.4406 0.4507 
 562      562   (0)      6 :  0.0943 0.0136 0.3844 0.5077 
 563      563   (0)      6 :  0.0956 0.0070 0.4203 0.4771 
 564      564   (0)      6 :  0.1088 0.0074 0.5131 0.3707 
 565      565   (0)      6 :  0.0598 0.0078 0.2757 0.6567 
 566      566   (0)      6 :  0.1032 0.0086 0.5197 0.3685 
 567      567   (0)      6 :  0.1111 0.0076 0.5149 0.3664 
 568      568   (0)      6 :  0.0494 0.0112 0.2666 0.6727 
 569      569   (0)      6 :  0.0635 0.0124 0.2726 0.6515 
 570      570   (0)      6 :  0.0816 0.0054 0.4558 0.4572 
 571      571   (0)      6 :  0.1101 0.0042 0.5539 0.3318 
 572      572   (0)      6 :  0.1277 0.0604 0.5798 0.2321 
 573      573   (0)      6 :  0.0956 0.0096 0.4181 0.4767 
 574      574   (0)      6 :  0.1254 0.0096 0.5273 0.3377 
 575      575   (0)      6 :  0.0760 0.0118 0.3328 0.5794 
 576      576   (0)      6 :  0.0879 0.0066 0.4192 0.4863 
 577      577   (0)      6 :  0.0706 0.0040 0.3471 0.5783 
 578      578   (0)      6 :  0.0910 0.0076 0.3885 0.5129 
 579      579   (0)      6 :  0.0743 0.0092 0.3718 0.5447 
 580      580   (0)      6 :  0.0893 0.0086 0.4448 0.4573 
 581      581   (0)      6 :  0.1018 0.0062 0.4316 0.4604 
 582      582   (0)      6 :  0.0864 0.0070 0.3803 0.5263 
 583      583   (0)      6 :  0.0518 0.0062 0.2744 0.6676 
 584      584   (0)      6 :  0.0842 0.0076 0.3024 0.6058 
 585      585   (0)      6 :  0.0180 0.0054 0.2319 0.7447 
 586      586   (0)      6 :  0.1088 0.0230 0.3841 0.4841 
 587      587   (0)      6 :  0.0916 0.0084 0.3817 0.5183 
 588      588   (0)      6 :  0.0924 0.0224 0.3194 0.5658 
 589      589   (0)      6 :  0.0751 0.0044 0.3277 0.5928 
 590      590   (0)      6 :  0.0538 0.0078 0.2364 0.7020 
 591      591   (0)      6 :  0.0940 0.0146 0.4824 0.4090 
 592      592   (0)      6 :  0.0784 0.0174 0.3038 0.6004 
 593      593   (0)      6 :  0.0440 0.0218 0.2827 0.6515 
 594      594   (0)      6 :  0.1010 0.0040 0.3987 0.4963 
 595      595   (0)      6 :  0.0438 0.0068 0.2583 0.6911 
 596      596   (0)      6 :  0.0828 0.0046 0.3828 0.5298 
 597      597   (0)      6 :  0.0651 0.0078 0.3507 0.5765 
 598      598   (0)      6 :  0.0708 0.0118 0.3518 0.5656 
 599      599   (0)      6 :  0.1263 0.0094 0.4809 0.3834 
 600      600   (0)      6 :  0.1167 0.0060 0.3756 0.5017 
 601      601   (0)      6 :  0.0952 0.0060 0.4205 0.4783 
 602      602   (0)      6 :  0.0916 0.0104 0.3520 0.5460 
 603      603   (0)      6 :  0.0796 0.0066 0.3384 0.5754 
 604      604   (0)      6 :  0.0705 0.0394 0.4364 0.4537 
 605      605   (0)      6 :  0.0768 0.0114 0.3429 0.5689 
 606      606   (0)      6 :  0.0820 0.0486 0.3723 0.4971 
 607      607   (0)      7 :  0.6066 0.0046 0.3850 0.0038 
 608      608   (0)      7 :  0.4726 0.0108 0.5052 0.0114 
 609      609   (0)      7 :  0.6156 0.0118 0.3656 0.0070 
 610      610   (0)      7 :  0.5884 0.0290 0.3700 0.0126 
 611      611   (0)      7 :  0.6438 0.0038 0.3452 0.0072 
 612      612   (0)      7 :  0.6537 0.0064 0.3315 0.0084 
 613      613   (0)      7 :  0.6624 0.0038 0.3310 0.0028 
 614      614   (0)      7 :  0.6008 0.0110 0.3826 0.0056 
 615      615   (0)      7 :  0.5255 0.0134 0.4567 0.0044 
 616      616   (0)      7 :  0.4964 0.0326 0.4292 0.0418 
 617      617   (0)      7 :  0.5528 0.0048 0.4386 0.0038 
 618      618   (0)      7 :  0.6293 0.0738 0.2915 0.0054 
 619      619   (0)      7 :  0.5959 0.0064 0.3929 0.0048 
 620      620   (0)      7 :  0.5269 0.0052 0.4607 0.0072 
 621      621   (0)      7 :  0.5651 0.0060 0.4103 0.0186 
 622      622   (0)      7 :  0.5008 0.0052 0.4916 0.0024 
 623      623   (0)      7 :  0.6029 0.0064 0.3879 0.0028 
 624      624   (0)      7 :  0.6955 0.0056 0.2931 0.0058 
 625      625   (0)      7 :  0.5665 0.0062 0.4235 0.0038 
 626      626   (0)      7 :  0.6037 0.0066 0.3849 0.0048 
 627      627   (0)      7 :  0.5268 0.0084 0.4572 0.0076 
 628      628   (0)      7 :  0.5704 0.0116 0.3438 0.0742 
 629      629   (0)      7 :  0.5829 0.0042 0.4095 0.0034 
 630      630   (0)      7 :  0.5134 0.0290 0.4496 0.0080 
 631      631   (0)      7 :  0.6334 0.0092 0.3498 0.0076 
 632      632   (0)      7 :  0.5468 0.0086 0.3658 0.0788 
 633      633   (0)      7 :  0.4849 0.0064 0.5053 0.0034 
 634      634   (0)      7 :  0.6003 0.0056 0.3889 0.0052 
 635      635   (0)      7 :  0.5672 0.0060 0.4232 0.0036 
 636      636   (0)      7 :  0.6421 0.0038 0.3513 0.0028 
 637      637   (0)      7 :  0.6360 0.0086 0.3516 0.0038 
 638      638   (0)      7 :  0.6077 0.0130 0.3741 0.0052 
 639      639   (0)      7 :  0.4477 0.0070 0.4703 0.0750 
 640      640   (0)      7 :  0.6056 0.0082 0.3550 0.0312 
 641      641   (0)      7 :  0.6414 0.0052 0.3502 0.0032 
 642      642   (0)      7 :  0.6477 0.0114 0.3075 0.0334 
 643      643   (0)      7 :  0.5511 0.0070 0.4385 0.0034 
 644      644   (0)      7 :  0.6720 0.1158 0.2000 0.0122 
 645      645   (0)      7 :  0.5934 0.0156 0.3422 0.0488 
 646      646   (0)      7 :  0.6129 0.0038 0.3805 0.0028 
 647      647   (0)      7 :  0.4365 0.0176 0.5357 0.0102 
 648      648   (0)      7 :  0.5441 0.0046 0.4479 0.0034 
 649      649   (0)      7 :  0.6070 0.0058 0.3830 0.0042 
 650      650   (0)      7 :  0.5423 0.0140 0.4337 0.0100 
 651      651   (0)      7 :  0.6114 0.0046 0.3816 0.0024 
 652      652   (0)      7 :  0.6528 0.0076 0.3326 0.0070 
 653      653   (0)      7 :  0.7061 0.0990 0.1924 0.0024 
 654      654   (0)      7 :  0.6547 0.0062 0.3303 0.0088 
 655      655   (0)      7 :  0.6169 0.0094 0.3695 0.0042 
 656      656   (0)      7 :  0.5729 0.0068 0.4143 0.0060 
 657      657   (0)      7 :  0.6917 0.0056 0.2951 0.0076 
 658      658   (0)      7 :  0.6880 0.0098 0.2944 0.0078 
 659      659   (0)      7 :  0.6662 0.0042 0.3260 0.0036 
 660      660   (0)      7 :  0.6558 0.0050 0.3310 0.0082 
 661      661   (0)      7 :  0.6329 0.0042 0.3551 0.0078 
 662      662   (0)      7 :  0.5715 0.0042 0.4069 0.0174 
 663      663   (0)      7 :  0.6002 0.0136 0.3810 0.0052 
 664      664   (0)      7 :  0.5503 0.0144 0.4325 0.0028 
 665      665   (0)      7 :  0.4625 0.0064 0.5273 0.0038 
 666      666   (0)      7 :  0.5290 0.0042 0.4616 0.0052 
 667      667   (0)      7 :  0.6592 0.0076 0.3276 0.0056 
 668      668   (0)      7 :  0.4775 0.0082 0.4883 0.0260 
 669      669   (0)      7 :  0.5894 0.0192 0.3808 0.0106 
 670      670   (0)      7 :  0.5327 0.0110 0.4491 0.0072 
 671      671   (0)      7 :  0.4799 0.0046 0.5123 0.0032 
 672      672   (0)      7 :  0.6642 0.0066 0.3250 0.0042 
 673      673   (0)      7 :  0.5598 0.0046 0.4328 0.0028 
 674      674   (0)      7 :  0.6226 0.0034 0.3680 0.0060 
 675      675   (0)      7 :  0.5915 0.0214 0.3815 0.0056 
 676      676   (0)      7 :  0.5684 0.0042 0.4216 0.0058 
 677      677   (0)      7 :  0.5364 0.0042 0.4542 0.0052 
 678      678   (0)      7 :  0.8152 0.0602 0.1142 0.0104 
 679      679   (0)      7 :  0.5058 0.0058 0.4700 0.0184 
 680      680   (0)      7 :  0.5349 0.0118 0.4489 0.0044 
 681      681   (0)      7 :  0.6861 0.0118 0.2889 0.0132 
 682      682   (0)      7 :  0.6096 0.0096 0.3756 0.0052 
 683      683   (0)      7 :  0.5303 0.0060 0.4605 0.0032 
 684      684   (0)      7 :  0.4296 0.0068 0.5574 0.0062 
 685      685   (0)      7 :  0.7142 0.0070 0.2754 0.0034 
 686      686   (0)      7 :  0.7331 0.0032 0.2597 0.0040 
 687      687   (0)      7 :  0.5860 0.0158 0.3872 0.0110 
 688      688   (0)      7 :  0.5797 0.0062 0.3947 0.0194 
 689      689   (0)      7 :  0.5526 0.0098 0.4342 0.0034 
 690      690   (0)      7 :  0.6332 0.0060 0.3530 0.0078 
 691      691   (0)      7 :  0.8156 0.0690 0.0824 0.0330 
 692      692   (0)      7 :  0.5601 0.0062 0.4279 0.0058 
 693      693   (0)      7 :  0.4697 0.0066 0.5193 0.0044 
 694      694   (0)      7 :  0.7061 0.0082 0.2819 0.0038 
 695      695   (0)      7 :  0.5932 0.0082 0.3736 0.0250 
 696      696   (0)      7 :  0.6943 0.0038 0.2985 0.0034 
 697      697   (0)      7 :  0.4705 0.0170 0.4935 0.0190 
 698      698   (0)      7 :  0.4690 0.0078 0.5180 0.0052 
 699      699   (0)      7 :  0.6199 0.0042 0.3689 0.0070 
 700      700   (0)      7 :  0.6115 0.0106 0.3663 0.0116 
 701      701   (0)      7 :  0.6921 0.0068 0.2913 0.0098 
 702      702   (0)      7 :  0.6215 0.0078 0.3631 0.0076 
 703      703   (0)      7 :  0.6611 0.0046 0.3269 0.0074 
 704      704   (0)      7 :  0.6334 0.0082 0.3550 0.0034 
 705      705   (0)      7 :  0.6118 0.0056 0.3788 0.0038 
 706      706   (0)      7 :  0.6547 0.0078 0.3345 0.0030 
 707      707   (0)      8 :  0.1252 0.1774 0.6914 0.0060 
 708      708   (0)      8 :  0.1200 0.1332 0.7418 0.0050 
 709      709   (0)      8 :  0.0842 0.1839 0.7281 0.0038 
 710      710   (0)      8 :  0.0853 0.2158 0.6839 0.0150 
 711      711   (0)      8 :  0.0352 0.2370 0.7158 0.0120 
 712      712   (0)      8 :  0.1230 0.1775 0.6831 0.0164 
 713      713   (0)      8 :  0.1251 0.2200 0.6469 0.0080 
 714      714   (0)      8 :  0.1144 0.1711 0.7077 0.0068 
 715      715   (0)      8 :  0.1303 0.1565 0.7019 0.0112 
 716      716   (0)      8 :  0.0931 0.1523 0.7468 0.0078 
 717      717   (0)      8 :  0.1436 0.1393 0.7135 0.0036 
 718      718   (0)      8 :  0.0844 0.2269 0.6843 0.0044 
 719      719   (0)      8 :  0.1698 0.2118 0.5920 0.0264 
 720      720   (0)      8 :  0.0926 0.1920 0.7046 0.0108 
 721      721   (0)      8 :  0.0530 0.2749 0.6633 0.0088 
 722      722   (0)      8 :  0.1050 0.2341 0.6405 0.0204 
 723      723   (0)      8 :  0.0776 0.2685 0.6487 0.0052 
 724      724   (0)      8 :  0.1884 0.0456 0.7610 0.0050 
 725      725   (0)      8 :  0.1110 0.1853 0.6973 0.0064 
 726      726   (0)      8 :  0.0194 0.5128 0.4408 0.0270 
 727      727   (0)      8 :  0.0780 0.2645 0.6445 0.0130 
 728      728   (0)      8 :  0.1252 0.1421 0.7267 0.0060 
 729      729   (0)      8 :  0.0636 0.2786 0.6518 0.0060 
 730      730   (0)      8 :  0.3545 0.0252 0.6071 0.0132 
 731      731   (0)      8 :  0.1132 0.2410 0.6314 0.0144 
 732      732   (0)      8 :  0.0786 0.2268 0.6896 0.0050 
 733      733   (0)      8 :  0.0893 0.2336 0.6645 0.0126 
 734      734   (0)      8 :  0.0614 0.2985 0.6367 0.0034 
 735      735   (0)      8 :  0.1120 0.1938 0.6886 0.0056 
 736      736   (0)      8 :  0.1058 0.1696 0.7138 0.0108 
 737      737   (0)      8 :  0.0850 0.2446 0.6642 0.0062 
 738      738   (0)      8 :  0.1502 0.1616 0.6798 0.0084 
 739      739   (0)      8 :  0.0916 0.1883 0.7123 0.0078 
 740      740   (0)      8 :  0.2370 0.0262 0.7198 0.0170 
 741      741   (0)      8 :  0.1232 0.2197 0.6389 0.0182 
 742      742   (0)      8 :  0.0886 0.2151 0.6925 0.0038 
 743      743   (0)      8 :  0.1030 0.1842 0.6988 0.0140 
 744      744   (0)      8 :  0.1126 0.1121 0.7649 0.0104 
 745      745   (0)      8 :  0.1076 0.1366 0.7382 0.0176 
 746      746   (0)      8 :  0.0784 0.2296 0.6468 0.0452 
 747      747   (0)      8 :  0.1235 0.1638 0.7089 0.0038 
 748      748   (0)      8 :  0.1140 0.2144 0.6678 0.0038 
 749      749   (0)      8 :  0.3202 0.0400 0.6328 0.0070 
 750      750   (0)      8 :  0.1495 0.2254 0.6059 0.0192 
 751      751   (0)      8 :  0.1102 0.2226 0.6602 0.0070 
 752      752   (0)      8 :  0.1096 0.1635 0.7045 0.0224 
 753      753   (0)      8 :  0.1162 0.1925 0.6819 0.0094 
 754      754   (0)      8 :  0.0939 0.2417 0.6570 0.0074 
 755      755   (0)      8 :  0.0869 0.2649 0.6360 0.0122 
 756      756   (0)      8 :  0.1700 0.0490 0.7742 0.0068 
 757      757   (0)      8 :  0.1180 0.1650 0.6932 0.0238 
 758      758   (0)      8 :  0.0562 0.2839 0.6513 0.0086 
 759      759   (0)      8 :  0.1090 0.2247 0.6567 0.0096 
 760      760   (0)      8 :  0.1844 0.0814 0.7182 0.0160 
 761      761   (0)      8 :  0.1244 0.1746 0.6972 0.0038 
 762      762   (0)      8 :  0.1093 0.2061 0.6822 0.0024 
 763      763   (0)      8 :  0.0901 0.2050 0.7021 0.0028 
 764      764   (0)      8 :  0.0715 0.2092 0.7057 0.0136 
 765      765   (0)      8 :  0.1146 0.1676 0.7126 0.0052 
 766      766   (0)      8 :  0.1198 0.1647 0.7065 0.0090 
 767      767   (0)      8 :  0.1329 0.1798 0.6797 0.0076 
 768      768   (0)      8 :  0.0661 0.2690 0.6623 0.0026 
 769      769   (0)      8 :  0.0914 0.2078 0.6946 0.0062 
 770      770   (0)      8 :  0.1468 0.2042 0.6380 0.0110 
 771      771   (0)      8 :  0.1754 0.1394 0.6788 0.0064 
 772      772   (0)      8 :  0.0942 0.3183 0.5735 0.0140 
 773      773   (0)      8 :  0.0338 0.3182 0.6067 0.0412 
 774      774   (0)      8 :  0.0650 0.3033 0.6249 0.0068 
 775      775   (0)      8 :  0.0940 0.1849 0.6955 0.0256 
 776      776   (0)      8 :  0.0670 0.2246 0.6924 0.0160 
 777      777   (0)      8 :  0.2706 0.0526 0.6707 0.0060 
 778      778   (0)      8 :  0.1076 0.2041 0.6783 0.0100 
 779      779   (0)      8 :  0.1437 0.1232 0.7283 0.0048 
 780      780   (0)      8 :  0.0930 0.2393 0.6627 0.0050 
 781      781   (0)      8 :  0.1016 0.1874 0.6954 0.0156 
 782      782   (0)      8 :  0.1062 0.1971 0.6917 0.0050 
 783      783   (0)      8 :  0.0418 0.2358 0.7154 0.0070 
 784      784   (0)      8 :  0.1098 0.1744 0.7064 0.0094 
 785      785   (0)      8 :  0.1166 0.1737 0.7073 0.0024 
 786      786   (0)      8 :  0.1748 0.0748 0.7459 0.0044 
 787      787   (0)      8 :  0.1079 0.2046 0.6757 0.0118 
 788      788   (0)      8 :  0.1076 0.1863 0.6981 0.0080 
 789      789   (0)      8 :  0.0742 0.2582 0.6546 0.0130 
 790      790   (0)      8 :  0.1057 0.1489 0.6694 0.0760 
 791      791   (0)      8 :  0.0758 0.2462 0.6686 0.0094 
 792      792   (0)      8 :  0.0846 0.2287 0.6779 0.0088 
 793      793   (0)      8 :  0.0918 0.2050 0.6850 0.0182 
 794      794   (0)      8 :  0.1442 0.1595 0.6935 0.0028 
 795      795   (0)      8 :  0.1165 0.1694 0.7045 0.0096 
 796      796   (0)      8 :  0.1165 0.1893 0.6882 0.0060 
 797      797   (0)      8 :  0.1112 0.1950 0.6640 0.0298 
 798      798   (0)      8 :  0.0754 0.2143 0.7011 0.0092 
 799      799   (0)      8 :  0.0678 0.2820 0.6374 0.0128 
 800      800   (0)      8 :  0.2153 0.1733 0.5917 0.0198 
 801      801   (0)      8 :  0.1153 0.1712 0.7041 0.0094 
 802      802   (0)      8 :  0.1183 0.2163 0.6608 0.0046 
 803      803   (0)      8 :  0.0837 0.2549 0.6540 0.0074 
 804      804   (0)      8 :  0.1271 0.1671 0.6982 0.0076 
 805      805   (0)      8 :  0.0738 0.2242 0.6936 0.0084 
 806      806   (0)      8 :  0.0990 0.2104 0.6760 0.0146 
 807      807   (0)      9 :  0.0234 0.9558 0.0142 0.0066 
 808      808   (0)      9 :  0.0078 0.8564 0.1312 0.0046 
 809      809   (0)     10 :  0.0568 0.7833 0.1464 0.0136 
 810      810   (0)     10 :  0.0054 0.8582 0.1244 0.0120 
 811      811   (0)     10 :  0.0102 0.7849 0.1269 0.0780 
 812      812   (0)     10 :  0.0086 0.9494 0.0352 0.0068 
 813      813   (0)     10 :  0.0040 0.9494 0.0248 0.0218 
 814      814   (0)     10 :  0.0398 0.8414 0.1114 0.0074 
 815      815   (0)     10 :  0.0366 0.5987 0.3403 0.0244 
 816      816   (0)     10 :  0.0256 0.6915 0.2791 0.0038 
 817      817   (0)     10 :  0.0144 0.7456 0.2076 0.0324 
 818      818   (0)     10 :  0.0158 0.8856 0.0944 0.0042 
 819      819   (0)     10 :  0.0034 0.9172 0.0742 0.0052 
 820      820   (0)     10 :  0.0044 0.9598 0.0212 0.0146 
 821      821   (0)     10 :  0.0216 0.7809 0.1933 0.0042 
 822      822   (0)     10 :  0.0104 0.8730 0.0910 0.0256 
 823      823   (0)     10 :  0.0448 0.6847 0.2623 0.0082 
 824      824   (0)     10 :  0.0062 0.9536 0.0330 0.0072 
 825      825   (0)     10 :  0.0084 0.8612 0.1254 0.0050 
 826      826   (0)     10 :  0.0126 0.9486 0.0296 0.0092 
 827      827   (0)     10 :  0.0474 0.7851 0.1628 0.0046 
 828      828   (0)     10 :  0.0178 0.8248 0.1454 0.0120 
 829      829   (0)     10 :  0.0122 0.8388 0.1180 0.0310 
 830      830   (0)     10 :  0.0110 0.8806 0.0446 0.0638 
 831      831   (0)     10 :  0.0184 0.7978 0.1732 0.0106 
 832      832   (0)     10 :  0.1510 0.7740 0.0494 0.0256 
 833      833   (0)     10 :  0.0066 0.9054 0.0798 0.0082 
 834      834   (0)     10 :  0.0336 0.7720 0.1634 0.0310 
 835      835   (0)     10 :  0.0278 0.6788 0.1006 0.1928 
 836      836   (0)     10 :  0.0390 0.7553 0.1849 0.0208 
 837      837   (0)     10 :  0.0544 0.6211 0.3183 0.0062 
 838      838   (0)     10 :  0.0156 0.7679 0.0781 0.1385 
 839      839   (0)     10 :  0.0074 0.8789 0.1071 0.0066 
 840      840   (0)     10 :  0.0122 0.9112 0.0710 0.0056 
 841      841   (0)     10 :  0.0078 0.8136 0.0856 0.0930 
 842      842   (0)     10 :  0.0736 0.6102 0.3092 0.0070 
 843      843   (0)     10 :  0.0462 0.8574 0.0904 0.0060 
 844      844   (0)     10 :  0.0048 0.8363 0.1070 0.0518 
 845      845   (0)     10 :  0.0054 0.9448 0.0230 0.0268 
 846      846   (0)     10 :  0.0202 0.8524 0.0384 0.0890 
 847      847   (0)     10 :  0.0712 0.5116 0.4056 0.0116 
 848      848   (0)     10 :  0.0080 0.8762 0.1072 0.0086 
 849      849   (0)     10 :  0.0074 0.8758 0.1034 0.0134 
 850      850   (0)     10 :  0.0382 0.7503 0.1957 0.0158 
 851      851   (0)     10 :  0.0560 0.6975 0.2375 0.0090 
 852      852   (0)     10 :  0.0056 0.8766 0.1014 0.0164 
 853      853   (0)     10 :  0.0080 0.8732 0.1132 0.0056 
 854      854   (0)     10 :  0.0190 0.7964 0.1558 0.0288 
 855      855   (0)     10 :  0.0094 0.8926 0.0848 0.0132 
 856      856   (0)     10 :  0.0030 0.9700 0.0068 0.0202 
 857      857   (0)     10 :  0.0242 0.8703 0.0942 0.0114 
 858      858   (0)     10 :  0.0420 0.6152 0.2747 0.0682 
 859      859   (0)     10 :  0.0172 0.8788 0.0984 0.0056 
 860      860   (0)     10 :  0.0096 0.7896 0.1901 0.0106 
 861      861   (0)     10 :  0.0220 0.7639 0.1789 0.0352 
 862      862   (0)     10 :  0.0384 0.6683 0.2659 0.0274 
 863      863   (0)     10 :  0.0108 0.8910 0.0398 0.0584 
 864      864   (0)     10 :  0.0969 0.4022 0.4968 0.0042 
 865      865   (0)     10 :  0.0524 0.4501 0.4353 0.0622 
 866      866   (0)     10 :  0.0226 0.8091 0.1265 0.0418 
 867      867   (0)     10 :  0.0106 0.7382 0.2472 0.0040 
 868      868   (0)     10 :  0.0098 0.7844 0.2000 0.0058 
 869      869   (0)     10 :  0.0110 0.8428 0.0946 0.0516 
 870      870   (0)     10 :  0.0454 0.8793 0.0646 0.0108 
 871      871   (0)     10 :  0.0264 0.9038 0.0480 0.0218 
 872      872   (0)     10 :  0.0106 0.8925 0.0844 0.0124 
 873      873   (0)     10 :  0.0132 0.8270 0.0808 0.0790 
 874      874   (0)     10 :  0.1435 0.3959 0.3706 0.0900 
 875      875   (0)     10 :  0.0587 0.6412 0.2339 0.0662 
 876      876   (0)     10 :  0.0176 0.8692 0.0934 0.0198 
 877      877   (0)     10 :  0.0164 0.8247 0.0978 0.0612 
 878      878   (0)     10 :  0.0354 0.7854 0.1768 0.0024 
 879      879   (0)     10 :  0.0096 0.9384 0.0468 0.0052 
 880      880   (0)     10 :  0.0110 0.8462 0.0964 0.0464 
 881      881   (0)     10 :  0.0452 0.7384 0.2000 0.0164 
 882      882   (0)     10 :  0.0104 0.7938 0.1772 0.0186 
 883      883   (0)     10 :  0.0044 0.9014 0.0908 0.0034 
 884      884   (0)     10 :  0.0294 0.6657 0.2833 0.0216 
 885      885   (0)     10 :  0.0442 0.8522 0.0308 0.0728 
 886      886   (0)     10 :  0.0460 0.8148 0.1302 0.0090 
 887      887   (0)     10 :  0.0092 0.8822 0.0778 0.0308 
 888      888   (0)     10 :  0.0072 0.8081 0.1789 0.0058 
 889      889   (0)     10 :  0.0220 0.6800 0.2896 0.0084 
 890      890   (0)     10 :  0.0108 0.8177 0.1422 0.0292 
 891      891   (0)     10 :  0.0042 0.9580 0.0218 0.0160 
 892      892   (0)     10 :  0.0062 0.9508 0.0354 0.0076 
 893      893   (0)     10 :  0.0466 0.6307 0.3175 0.0052 
 894      894   (0)     10 :  0.0064 0.9376 0.0464 0.0096 
 895      895   (0)     10 :  0.0360 0.6804 0.2464 0.0372 
 896      896   (0)     10 :  0.0352 0.7304 0.1974 0.0370 
 897      897   (0)     10 :  0.0868 0.2738 0.4732 0.1662 
 898      898   (0)     10 :  0.0168 0.9408 0.0326 0.0098 
 899      899   (0)     10 :  0.0062 0.9618 0.0270 0.0050 
 900      900   (0)     10 :  0.0066 0.9470 0.0316 0.0148 
 901      901   (0)     10 :  0.0174 0.6742 0.2144 0.0940 
 902      902   (0)     10 :  0.0074 0.7564 0.1838 0.0524 
 903      903   (0)     10 :  0.0158 0.4449 0.5339 0.0054 
 904      904   (0)     10 :  0.0120 0.9304 0.0270 0.0306 
 905      905   (0)     10 :  0.0084 0.8201 0.1307 0.0408 
 906      906   (0)     10 :  0.0096 0.8137 0.1657 0.0110 
 907      907   (0)     10 :  0.0108 0.8766 0.1064 0.0062 
 908      908   (0)     10 :  0.0032 0.9674 0.0188 0.0106 
 909      909   (0)     11 :  0.0104 0.8852 0.0938 0.0106 
 910      910   (0)     11 :  0.0136 0.8908 0.0904 0.0052 
 911      911   (0)     11 :  0.0046 0.9492 0.0124 0.0338 
 912      912   (0)     11 :  0.0070 0.7793 0.1971 0.0166 
 913      913   (0)     11 :  0.0078 0.9640 0.0238 0.0044 
 914      914   (0)     11 :  0.0130 0.8544 0.1288 0.0038 
 915      915   (0)     11 :  0.0580 0.6729 0.2530 0.0160 
 916      916   (0)     11 :  0.0276 0.7924 0.1752 0.0048 
 917      917   (0)     11 :  0.1324 0.3543 0.5081 0.0052 
 918      918   (0)     11 :  0.0346 0.7948 0.1660 0.0046 
 919      919   (0)     11 :  0.0578 0.6160 0.3186 0.0076 
 920      920   (0)     11 :  0.0684 0.6894 0.2388 0.0034 
 921      921   (0)     11 :  0.0056 0.9782 0.0074 0.0088 
 922      922   (0)     11 :  0.0740 0.8886 0.0350 0.0024 
 923      923   (0)     11 :  0.0560 0.7108 0.2288 0.0044 
 924      924   (0)     11 :  0.0092 0.8545 0.1329 0.0034 
 925      925   (0)     11 :  0.0112 0.8084 0.1760 0.0044 
 926      926   (0)     11 :  0.0694 0.8210 0.1054 0.0042 
 927      927   (0)     11 :  0.0462 0.5039 0.4429 0.0070 
 928      928   (0)     11 :  0.0276 0.9340 0.0346 0.0038 
 929      929   (0)     11 :  0.0058 0.9418 0.0486 0.0038 
 930      930   (0)     11 :  0.0182 0.6918 0.2366 0.0534 
 931      931   (0)     11 :  0.0590 0.7262 0.2100 0.0048 
 932      932   (0)     11 :  0.2267 0.7333 0.0362 0.0038 
 933      933   (0)     11 :  0.0528 0.7419 0.1975 0.0078 
 934      934   (0)     11 :  0.0068 0.8293 0.1605 0.0034 
 935      935   (0)     11 :  0.0264 0.9434 0.0274 0.0028 
 936      936   (0)     11 :  0.1106 0.6197 0.2629 0.0068 
 937      937   (0)     11 :  0.0960 0.2659 0.5801 0.0580 
 938      938   (0)     11 :  0.0116 0.8215 0.1631 0.0038 
 939      939   (0)     11 :  0.0156 0.8437 0.1373 0.0034 
 940      940   (0)     11 :  0.0196 0.7599 0.2159 0.0046 
 941      941   (0)     11 :  0.0120 0.7832 0.1998 0.0050 
 942      942   (0)     11 :  0.0190 0.8696 0.1076 0.0038 
 943      943   (0)     11 :  0.0188 0.9622 0.0152 0.0038 
 944      944   (0)     11 :  0.0562 0.7344 0.2028 0.0066 
 945      945   (0)     11 :  0.0658 0.6338 0.2940 0.0064 
 946      946   (0)     11 :  0.0082 0.8493 0.1359 0.0066 
 947      947   (0)     11 :  0.0682 0.7233 0.2035 0.0050 
 948      948   (0)     11 :  0.0196 0.9266 0.0454 0.0084 
 949      949   (0)     11 :  0.0514 0.8087 0.1061 0.0338 
 950      950   (0)     11 :  0.0404 0.8583 0.0938 0.0074 
 951      951   (0)     11 :  0.0492 0.6449 0.3009 0.0050 
 952      952   (0)     11 :  0.0254 0.7410 0.2252 0.0084 
 953      953   (0)     11 :  0.0118 0.8050 0.1110 0.0722 
 954      954   (0)     11 :  0.0056 0.8844 0.1066 0.0034 
 955      955   (0)     11 :  0.0536 0.6602 0.2732 0.0130 
 956      956   (0)     11 :  0.0078 0.8525 0.1345 0.0052 
 957      957   (0)     11 :  0.0118 0.9428 0.0416 0.0038 
 958      958   (0)     11 :  0.0512 0.8104 0.1274 0.0110 
 959      959   (0)     11 :  0.0216 0.6788 0.2774 0.0222 
 960      960   (0)     11 :  0.0078 0.7568 0.2146 0.0208 
 961      961   (0)     11 :  0.0106 0.8691 0.1175 0.0028 
 962      962   (0)     11 :  0.0408 0.6907 0.2605 0.0080 
 963      963   (0)     11 :  0.1850 0.7892 0.0180 0.0078 
 964      964   (0)     11 :  0.0836 0.7876 0.1206 0.0082 
 965      965   (0)     11 :  0.0286 0.5649 0.4003 0.0062 
 966      966   (0)     11 :  0.0448 0.6844 0.2578 0.0130 
 967      967   (0)     11 :  0.0546 0.5856 0.3564 0.0034 
 968      968   (0)     11 :  0.0080 0.8104 0.1744 0.0072 
 969      969   (0)     11 :  0.0088 0.8684 0.1070 0.0158 
 970      970   (0)     11 :  0.0506 0.6137 0.3099 0.0258 
 971      971   (0)     11 :  0.0166 0.8481 0.1317 0.0036 
 972      972   (0)     11 :  0.0070 0.9010 0.0882 0.0038 
 973      973   (0)     11 :  0.0614 0.5497 0.3843 0.0046 
 974      974   (0)     11 :  0.0108 0.8670 0.1130 0.0092 
 975      975   (0)     11 :  0.0186 0.9438 0.0324 0.0052 
 976      976   (0)     11 :  0.0076 0.9342 0.0506 0.0076 
 977      977   (0)     11 :  0.0054 0.9462 0.0414 0.0070 
 978      978   (0)     11 :  0.0322 0.6862 0.2714 0.0102 
 979      979   (0)     11 :  0.0050 0.9064 0.0774 0.0112 
 980      980   (0)     11 :  0.0058 0.9738 0.0152 0.0052 
 981      981   (0)     11 :  0.0060 0.9538 0.0360 0.0042 
 982      982   (0)     11 :  0.0204 0.7252 0.2487 0.0056 
 983      983   (0)     11 :  0.0232 0.7760 0.1387 0.0621 
 984      984   (0)     11 :  0.0548 0.9037 0.0382 0.0034 
 985      985   (0)     11 :  0.0154 0.9178 0.0630 0.0038 
 986      986   (0)     11 :  0.0160 0.7656 0.2112 0.0072 
 987      987   (0)     11 :  0.0122 0.9632 0.0200 0.0046 
 988      988   (0)     11 :  0.0108 0.8090 0.1740 0.0062 
 989      989   (0)     11 :  0.0084 0.9676 0.0202 0.0038 
 990      990   (0)     11 :  0.0074 0.9492 0.0306 0.0128 
 991      991   (0)     11 :  0.0140 0.9256 0.0548 0.0056 
 992      992   (0)     11 :  0.0096 0.8072 0.1770 0.0062 
 993      993   (0)     11 :  0.0108 0.7604 0.2250 0.0038 
 994      994   (0)     11 :  0.0212 0.9336 0.0380 0.0072 
 995      995   (0)     11 :  0.0342 0.7947 0.1663 0.0048 
 996      996   (0)     11 :  0.1170 0.5563 0.3229 0.0038 
 997      997   (0)     11 :  0.0078 0.8706 0.1072 0.0144 
 998      998   (0)     11 :  0.0264 0.8152 0.1442 0.0142 
 999      999   (0)     11 :  0.0382 0.8516 0.1054 0.0048 
1000     1000   (0)     11 :  0.0260 0.8976 0.0646 0.0118 
1001     1001   (0)     11 :  0.0028 0.9636 0.0240 0.0096 
1002     1002   (0)     11 :  0.1149 0.5523 0.3240 0.0088 
1003     1003   (0)     11 :  0.0830 0.6967 0.2120 0.0084 
1004     1004   (0)     11 :  0.0080 0.9822 0.0052 0.0046 
1005     1005   (0)     11 :  0.0156 0.8069 0.1735 0.0040 
1006     1006   (0)     11 :  0.0080 0.8315 0.1571 0.0034 
1007     1007   (0)     11 :  0.0788 0.5488 0.3624 0.0100 
1008     1008   (0)     11 :  0.0580 0.7809 0.1549 0.0062 
1009     1009   (0)     12 :  0.0394 0.0070 0.2240 0.7296 
1010     1010   (0)     12 :  0.0352 0.0068 0.1840 0.7740 
1011     1011   (0)     12 :  0.0476 0.0104 0.2569 0.6851 
1012     1012   (0)     12 :  0.0076 0.0040 0.0968 0.8916 
1013     1013   (0)     12 :  0.0646 0.0122 0.1932 0.7299 
1014     1014   (0)     12 :  0.0476 0.0288 0.2015 0.7221 
1015     1015   (0)     12 :  0.0402 0.0176 0.2792 0.6630 
1016     1016   (0)     12 :  0.1012 0.0298 0.1563 0.7127 
1017     1017   (0)     12 :  0.0570 0.0074 0.2011 0.7344 
1018     1018   (0)     12 :  0.0592 0.0116 0.2057 0.7235 
1019     1019   (0)     12 :  0.0112 0.0208 0.0778 0.8902 
1020     1020   (0)     12 :  0.0630 0.0160 0.0122 0.9088 
1021     1021   (0)     12 :  0.0498 0.0148 0.2501 0.6852 
1022     1022   (0)     12 :  0.0044 0.0258 0.0312 0.9386 
1023     1023   (0)     12 :  0.0696 0.0160 0.2980 0.6164 
1024     1024   (0)     12 :  0.0074 0.0134 0.0752 0.9040 
1025     1025   (0)     12 :  0.0212 0.0094 0.1593 0.8101 
1026     1026   (0)     12 :  0.0094 0.0272 0.1007 0.8627 
1027     1027   (0)     12 :  0.0060 0.0044 0.0654 0.9242 
1028     1028   (0)     12 :  0.0666 0.0042 0.2445 0.6847 
1029     1029   (0)     12 :  0.0122 0.0836 0.1484 0.7558 
1030     1030   (0)     12 :  0.0136 0.0582 0.2447 0.6835 
1031     1031   (0)     12 :  0.0476 0.0052 0.2485 0.6987 
1032     1032   (0)     12 :  0.0084 0.0132 0.0600 0.9184 
1033     1033   (0)     12 :  0.0078 0.0406 0.1666 0.7850 
1034     1034   (0)     12 :  0.0088 0.0114 0.0748 0.9050 
1035     1035   (0)     12 :  0.0104 0.0050 0.1605 0.8241 
1036     1036   (0)     12 :  0.0092 0.0334 0.0897 0.8677 
1037     1037   (0)     12 :  0.0048 0.0060 0.0810 0.9082 
1038     1038   (0)     12 :  0.0028 0.0024 0.0426 0.9522 
1039     1039   (0)     12 :  0.0588 0.0124 0.3013 0.6275 
1040     1040   (0)     12 :  0.0342 0.0180 0.2717 0.6761 
1041     1041   (0)     12 :  0.0100 0.0048 0.0236 0.9616 
1042     1042   (0)     12 :  0.1545 0.0078 0.2152 0.6226 
1043     1043   (0)     12 :  0.0310 0.1351 0.1195 0.7144 
1044     1044   (0)     12 :  0.0274 0.0034 0.2146 0.7546 
1045     1045   (0)     12 :  0.0056 0.0090 0.0584 0.9270 
1046     1046   (0)     12 :  0.0290 0.0070 0.1176 0.8464 
1047     1047   (0)     12 :  0.0026 0.0052 0.0114 0.9808 
1048     1048   (0)     12 :  0.0528 0.0098 0.2002 0.7372 
1049     1049   (0)     12 :  0.0396 0.0074 0.2117 0.7413 
1050     1050   (0)     12 :  0.0064 0.0042 0.0670 0.9224 
1051     1051   (0)     12 :  0.0106 0.0044 0.0638 0.9212 
1052     1052   (0)     12 :  0.0050 0.0058 0.0733 0.9159 
1053     1053   (0)     12 :  0.0236 0.0058 0.2304 0.7402 
1054     1054   (0)     12 :  0.0720 0.0576 0.0732 0.7973 
1055     1055   (0)     12 :  0.0440 0.0054 0.2342 0.7164 
1056     1056   (0)     12 :  0.0502 0.0054 0.1929 0.7515 
1057     1057   (0)     12 :  0.0424 0.0130 0.2241 0.7205 
1058     1058   (0)     12 :  0.0192 0.0090 0.0446 0.9272 
1059     1059   (0)     12 :  0.0576 0.0064 0.2694 0.6666 
1060     1060   (0)     12 :  0.0192 0.0052 0.1356 0.8400 
1061     1061   (0)     12 :  0.0432 0.0114 0.2093 0.7361 
1062     1062   (0)     12 :  0.0500 0.0044 0.2181 0.7275 
1063     1063   (0)     12 :  0.0298 0.0050 0.1775 0.7877 
1064     1064   (0)     12 :  0.0530 0.0072 0.2242 0.7156 
1065     1065   (0)     12 :  0.0802 0.0554 0.1854 0.6790 
1066     1066   (0)     12 :  0.0376 0.0136 0.2116 0.7372 
1067     1067   (0)     12 :  0.0082 0.0784 0.1896 0.7238 
1068     1068   (0)     12 :  0.0424 0.0160 0.1574 0.7842 
1069     1069   (0)     12 :  0.0150 0.0046 0.1651 0.8153 
1070     1070   (0)     12 :  0.0062 0.0076 0.0606 0.9256 
1071     1071   (0)     12 :  0.0060 0.0566 0.0386 0.8988 
1072     1072   (0)     12 :  0.0148 0.0190 0.2195 0.7467 
1073     1073   (0)     12 :  0.0194 0.1020 0.0528 0.8258 
1074     1074   (0)     12 :  0.0128 0.0152 0.1536 0.8183 
1075     1075   (0)     12 :  0.0034 0.0050 0.0108 0.9808 
1076     1076   (0)     12 :  0.0422 0.0146 0.1957 0.7475 
1077     1077   (0)     12 :  0.0296 0.0060 0.0959 0.8685 
1078     1078   (0)     12 :  0.0346 0.0468 0.0536 0.8651 
1079     1079   (0)     12 :  0.0122 0.0074 0.1198 0.8606 
1080     1080   (0)     12 :  0.0196 0.0280 0.1400 0.8124 
1081     1081   (0)     12 :  0.0662 0.0786 0.1798 0.6754 
1082     1082   (0)     12 :  0.0318 0.0064 0.1724 0.7894 
1083     1083   (0)     12 :  0.0150 0.0044 0.1447 0.8359 
1084     1084   (0)     12 :  0.0046 0.0544 0.0322 0.9088 
1085     1085   (0)     12 :  0.0038 0.0086 0.0740 0.9136 
1086     1086   (0)     12 :  0.0098 0.0176 0.1462 0.8264 
1087     1087   (0)     12 :  0.0156 0.0068 0.1020 0.8756 
1088     1088   (0)     12 :  0.0048 0.0046 0.1281 0.8625 
1089     1089   (0)     12 :  0.0504 0.0044 0.2161 0.7292 
1090     1090   (0)     12 :  0.0030 0.0034 0.0534 0.9402 
1091     1091   (0)     12 :  0.0646 0.0210 0.2725 0.6419 
1092     1092   (0)     12 :  0.0706 0.0370 0.0750 0.8174 
1093     1093   (0)     12 :  0.1402 0.0088 0.0238 0.8272 
1094     1094   (0)     12 :  0.0060 0.0142 0.0802 0.8996 
1095     1095   (0)     12 :  0.0344 0.0432 0.1530 0.7694 
1096     1096   (0)     12 :  0.0346 0.0046 0.2146 0.7462 
1097     1097   (0)     12 :  0.0438 0.0060 0.1934 0.7568 
1098     1098   (0)     12 :  0.0434 0.0076 0.1398 0.8092 
1099     1099   (0)     12 :  0.1361 0.0084 0.0418 0.8137 
1100     1100   (0)     12 :  0.0128 0.0044 0.0652 0.9176 
1101     1101   (0)     12 :  0.0984 0.0070 0.3054 0.5892 
1102     1102   (0)     12 :  0.0516 0.0042 0.1875 0.7567 
1103     1103   (0)     12 :  0.0956 0.0100 0.1781 0.7163 
1104     1104   (0)     12 :  0.0566 0.0062 0.3027 0.6345 
1105     1105   (0)     12 :  0.0196 0.0094 0.0961 0.8749 
1106     1106   (0)     12 :  0.0504 0.0044 0.2271 0.7181 
1107     1107   (0)     12 :  0.0100 0.0214 0.1074 0.8612 
1108     1108   (0)     12 :  0.0056 0.0084 0.1037 0.8823 
1109     1109   (0)     13 :  0.8600 0.0056 0.0806 0.0538 
1110     1110   (0)     13 :  0.8460 0.0086 0.1430 0.0024 
1111     1111   (0)     13 :  0.7747 0.0714 0.1445 0.0094 
1112     1112   (0)     13 :  0.7850 0.0164 0.1878 0.0108 
1113     1113   (0)     13 :  0.7550 0.0052 0.2360 0.0038 
1114     1114   (0)     13 :  0.7674 0.0042 0.2256 0.0028 
1115     1115   (0)     13 :  0.8636 0.0090 0.0748 0.0526 
1116     1116   (0)     13 :  0.9008 0.0108 0.0826 0.0058 
1117     1117   (0)     13 :  0.9718 0.0126 0.0118 0.0038 
1118     1118   (0)     13 :  0.8219 0.0050 0.1707 0.0024 
1119     1119   (0)     13 :  0.7573 0.0326 0.2029 0.0072 
1120     1120   (0)     13 :  0.6061 0.0084 0.3541 0.0314 
1121     1121   (0)     13 :  0.8918 0.0032 0.1014 0.0036 
1122     1122   (0)     13 :  0.6876 0.0056 0.2852 0.0216 
1123     1123   (0)     13 :  0.9006 0.0422 0.0488 0.0084 
1124     1124   (0)     13 :  0.8367 0.0134 0.1415 0.0084 
1125     1125   (0)     13 :  0.8244 0.0220 0.0986 0.0550 
1126     1126   (0)     13 :  0.8930 0.0036 0.1002 0.0032 
1127     1127   (0)     13 :  0.8572 0.0034 0.1348 0.0046 
1128     1128   (0)     13 :  0.8568 0.0042 0.1344 0.0046 
1129     1129   (0)     13 :  0.9530 0.0050 0.0372 0.0048 
1130     1130   (0)     13 :  0.7905 0.0060 0.2003 0.0032 
1131     1131   (0)     13 :  0.7756 0.0152 0.1948 0.0144 
1132     1132   (0)     13 :  0.9114 0.0076 0.0760 0.0050 
1133     1133   (0)     13 :  0.9068 0.0098 0.0800 0.0034 
1134     1134   (0)     13 :  0.8689 0.0042 0.1199 0.0070 
1135     1135   (0)     13 :  0.8253 0.0038 0.1673 0.0036 
1136     1136   (0)     13 :  0.8884 0.0054 0.1034 0.0028 
1137     1137   (0)     13 :  0.7152 0.0054 0.2726 0.0068 
1138     1138   (0)     13 :  0.8164 0.0104 0.1616 0.0116 
1139     1139   (0)     13 :  0.7300 0.2062 0.0526 0.0112 
1140     1140   (0)     13 :  0.6932 0.0118 0.2904 0.0046 
1141     1141   (0)     13 :  0.9164 0.0046 0.0756 0.0034 
1142     1142   (0)     13 :  0.7951 0.0062 0.1883 0.0104 
1143     1143   (0)     13 :  0.9130 0.0072 0.0762 0.0036 
1144     1144   (0)     13 :  0.8701 0.0276 0.0210 0.0812 
1145     1145   (0)     13 :  0.7502 0.0084 0.2314 0.0100 
1146     1146   (0)     13 :  0.9542 0.0102 0.0158 0.0198 
1147     1147   (0)     13 :  0.7387 0.0496 0.2026 0.0090 
1148     1148   (0)     13 :  0.7379 0.0308 0.2189 0.0124 
1149     1149   (0)     13 :  0.7570 0.0180 0.2152 0.0098 
1150     1150   (0)     13 :  0.7981 0.0028 0.1951 0.0040 
1151     1151   (0)     13 :  0.7567 0.0188 0.2211 0.0034 
1152     1152   (0)     13 :  0.7017 0.0086 0.2769 0.0128 
1153     1153   (0)     13 :  0.7443 0.0046 0.2483 0.0028 
1154     1154   (0)     13 :  0.8237 0.0076 0.1533 0.0154 
1155     1155   (0)     13 :  0.8980 0.0174 0.0812 0.0034 
1156     1156   (0)     13 :  0.8224 0.0038 0.1696 0.0042 
1157     1157   (0)     13 :  0.8955 0.0270 0.0743 0.0032 
1158     1158   (0)     13 :  0.6932 0.0342 0.2304 0.0422 
1159     1159   (0)     13 :  0.7011 0.0292 0.2559 0.0138 
1160     1160   (0)     13 :  0.8071 0.0254 0.1651 0.0024 
1161     1161   (0)     13 :  0.7677 0.0284 0.1901 0.0138 
1162     1162   (0)     13 :  0.7167 0.0104 0.2705 0.0024 
1163     1163   (0)     13 :  0.9244 0.0058 0.0644 0.0054 
1164     1164   (0)     13 :  0.8606 0.0096 0.1264 0.0034 
1165     1165   (0)     13 :  0.9158 0.0356 0.0450 0.0036 
1166     1166   (0)     13 :  0.9102 0.0252 0.0594 0.0052 
1167     1167   (0)     13 :  0.6786 0.0068 0.3061 0.0084 
1168     1168   (0)     13 :  0.7871 0.0060 0.1951 0.0118 
1169     1169   (0)     13 :  0.7794 0.0230 0.1912 0.0064 
1170     1170   (0)     13 :  0.7080 0.0078 0.2794 0.0048 
1171     1171   (0)     13 :  0.7740 0.0082 0.2074 0.0104 
1172     1172   (0)     13 :  0.6948 0.0128 0.2864 0.0060 
1173     1173   (0)     13 :  0.7345 0.0042 0.2581 0.0032 
1174     1174   (0)     13 :  0.8146 0.0074 0.1694 0.0086 
1175     1175   (0)     13 :  0.8286 0.0120 0.1532 0.0062 
1176     1176   (0)     13 :  0.7997 0.0056 0.1903 0.0044 
1177     1177   (0)     13 :  0.7752 0.0186 0.1996 0.0066 
1178     1178   (0)     13 :  0.9126 0.0140 0.0700 0.0034 
1179     1179   (0)     13 :  0.7459 0.0610 0.1879 0.0052 
1180     1180   (0)     13 :  0.7951 0.0172 0.1813 0.0064 
1181     1181   (0)     13 :  0.8738 0.0124 0.1102 0.0036 
1182     1182   (0)     13 :  0.8502 0.0058 0.1412 0.0028 
1183     1183   (0)     13 :  0.9170 0.0050 0.0740 0.0040 
1184     1184   (0)     13 :  0.7324 0.0090 0.2488 0.0098 
1185     1185   (0)     13 :  0.6795 0.1370 0.1797 0.0038 
1186     1186   (0)     13 :  0.9200 0.0074 0.0682 0.0044 
1187     1187   (0)     13 :  0.6369 0.0314 0.3255 0.0062 
1188     1188   (0)     13 :  0.6755 0.0096 0.3107 0.0042 
1189     1189   (0)     13 :  0.8309 0.0078 0.1567 0.0046 
1190     1190   (0)     13 :  0.8048 0.1432 0.0432 0.0088 
1191     1191   (0)     13 :  0.6900 0.0080 0.2804 0.0216 
1192     1192   (0)     13 :  0.8216 0.0246 0.1458 0.0080 
1193     1193   (0)     13 :  0.7718 0.0074 0.2150 0.0058 
1194     1194   (0)     13 :  0.6925 0.0076 0.2923 0.0076 
1195     1195   (0)     13 :  0.9484 0.0220 0.0240 0.0056 
1196     1196   (0)     13 :  0.7327 0.0104 0.2499 0.0070 
1197     1197   (0)     13 :  0.8491 0.0034 0.1441 0.0034 
1198     1198   (0)     13 :  0.8552 0.0084 0.1278 0.0086 
1199     1199   (0)     13 :  0.9044 0.0036 0.0896 0.0024 
1200     1200   (0)     13 :  0.7354 0.0116 0.2484 0.0046 
1201     1201   (0)     13 :  0.7681 0.0148 0.2130 0.0042 
1202     1202   (0)     13 :  0.8036 0.0096 0.1826 0.0042 
1203     1203   (0)     13 :  0.7314 0.0036 0.2596 0.0054 
1204     1204   (0)     13 :  0.7061 0.0042 0.2831 0.0066 
1205     1205   (0)     13 :  0.8826 0.0114 0.0940 0.0120 
1206     1206   (0)     13 :  0.8462 0.0168 0.0426 0.0944 
1207     1207   (0)     13 :  0.7117 0.0098 0.2639 0.0146 
1208     1208   (0)     13 :  0.7932 0.0060 0.1966 0.0042 
1209     1209   (0)     14 :  0.0154 0.4352 0.5426 0.0068 
1210     1210   (0)     14 :  0.0448 0.3457 0.6036 0.0060 
1211     1211   (0)     14 :  0.0050 0.3762 0.6134 0.0054 
1212     1212   (0)     14 :  0.0094 0.3676 0.5838 0.0392 
1213     1213   (0)     14 :  0.0448 0.3245 0.6254 0.0054 
1214     1214   (0)     14 :  0.1126 0.2283 0.6553 0.0038 
1215     1215   (0)     14 :  0.0288 0.3462 0.6124 0.0126 
1216     1216   (0)     14 :  0.0480 0.3236 0.6250 0.0034 
1217     1217   (0)     14 :  0.0322 0.2897 0.6475 0.0306 
1218     1218   (0)     14 :  0.0204 0.3544 0.6186 0.0066 
1219     1219   (0)     14 :  0.0874 0.2615 0.6321 0.0190 
1220     1220   (0)     14 :  0.0566 0.2876 0.6475 0.0084 
1221     1221   (0)     14 :  0.1048 0.3392 0.5459 0.0100 
1222     1222   (0)     14 :  0.0198 0.3666 0.6062 0.0074 
1223     1223   (0)     14 :  0.0168 0.3838 0.5954 0.0040 
1224     1224   (0)     14 :  0.0176 0.3854 0.5936 0.0034 
1225     1225   (0)     14 :  0.0278 0.2762 0.6718 0.0242 
1226     1226   (0)     14 :  0.0434 0.3756 0.5338 0.0472 
1227     1227   (0)     14 :  0.0082 0.3482 0.6370 0.0066 
1228     1228   (0)     14 :  0.0230 0.3242 0.6276 0.0252 
1229     1229   (0)     14 :  0.0098 0.3828 0.5982 0.0092 
1230     1230   (0)     14 :  0.0764 0.3224 0.5834 0.0178 
1231     1231   (0)     14 :  0.0080 0.2238 0.7202 0.0480 
1232     1232   (0)     14 :  0.0336 0.3237 0.6335 0.0092 
1233     1233   (0)     14 :  0.0098 0.3348 0.6494 0.0060 
1234     1234   (0)     14 :  0.0600 0.1996 0.6862 0.0542 
1235     1235   (0)     14 :  0.0356 0.3880 0.5674 0.0090 
1236     1236   (0)     14 :  0.0122 0.3860 0.5914 0.0104 
1237     1237   (0)     14 :  0.0188 0.4042 0.5658 0.0112 
1238     1238   (0)     14 :  0.0044 0.3019 0.6824 0.0114 
1239     1239   (0)     14 :  0.0488 0.3481 0.5982 0.0048 
1240     1240   (0)     14 :  0.0796 0.2740 0.6410 0.0054 
1241     1241   (0)     14 :  0.0578 0.2841 0.5868 0.0714 
1242     1242   (0)     14 :  0.0468 0.2605 0.6861 0.0066 
1243     1243   (0)     14 :  0.1186 0.3257 0.5505 0.0052 
1244     1244   (0)     14 :  0.0566 0.3175 0.6213 0.0046 
1245     1245   (0)     14 :  0.1068 0.2271 0.6199 0.0462 
1246     1246   (0)     14 :  0.0284 0.2753 0.6861 0.0102 
1247     1247   (0)     14 :  0.0076 0.3866 0.5998 0.0060 
1248     1248   (0)     14 :  0.0568 0.2941 0.6442 0.0048 
1249     1249   (0)     14 :  0.0326 0.2914 0.6676 0.0084 
1250     1250   (0)     14 :  0.0630 0.3033 0.6252 0.0086 
1251     1251   (0)     14 :  0.0046 0.3532 0.6202 0.0220 
1252     1252   (0)     14 :  0.0226 0.2692 0.6896 0.0186 
1253     1253   (0)     14 :  0.0212 0.3508 0.6078 0.0202 
1254     1254   (0)     14 :  0.0448 0.3728 0.5776 0.0048 
1255     1255   (0)     14 :  0.0074 0.4012 0.5750 0.0164 
1256     1256   (0)     14 :  0.0088 0.3613 0.5767 0.0532 
1257     1257   (0)     14 :  0.1174 0.3461 0.5282 0.0082 
1258     1258   (0)     14 :  0.0726 0.2788 0.6450 0.0036 
1259     1259   (0)     14 :  0.0298 0.3114 0.6547 0.0042 
1260     1260   (0)     14 :  0.0762 0.2970 0.6214 0.0054 
1261     1261   (0)     14 :  0.1380 0.3396 0.5180 0.0044 
1262     1262   (0)     14 :  0.0314 0.3512 0.6062 0.0112 
1263     1263   (0)     14 :  0.0076 0.3326 0.6322 0.0276 
1264     1264   (0)     14 :  0.0114 0.3240 0.6550 0.0096 
1265     1265   (0)     14 :  0.0240 0.3283 0.6266 0.0210 
1266     1266   (0)     14 :  0.0132 0.3696 0.6118 0.0054 
1267     1267   (0)     14 :  0.0944 0.2955 0.6001 0.0100 
1268     1268   (0)     14 :  0.0908 0.2197 0.6855 0.0040 
1269     1269   (0)     14 :  0.0104 0.3572 0.6276 0.0048 
1270     1270   (0)     14 :  0.0076 0.3696 0.5956 0.0272 
1271     1271   (0)     14 :  0.0072 0.2545 0.7335 0.0048 
1272     1272   (0)     14 :  0.0304 0.2784 0.6840 0.0072 
1273     1273   (0)     14 :  0.0052 0.3860 0.6032 0.0056 
1274     1274   (0)     14 :  0.0412 0.3337 0.6188 0.0062 
1275     1275   (0)     14 :  0.0202 0.3884 0.5836 0.0078 
1276     1276   (0)     14 :  0.0102 0.3930 0.5892 0.0076 
1277     1277   (0)     14 :  0.0080 0.4354 0.5496 0.0070 
1278     1278   (0)     14 :  0.0394 0.3742 0.5822 0.0042 
1279     1279   (0)     14 :  0.0304 0.3600 0.6058 0.0038 
1280     1280   (0)     14 :  0.0136 0.3886 0.5880 0.0098 
1281     1281   (0)     14 :  0.0136 0.3368 0.6444 0.0052 
1282     1282   (0)     14 :  0.0326 0.2949 0.6200 0.0524 
1283     1283   (0)     14 :  0.1256 0.2695 0.5983 0.0066 
1284     1284   (0)     14 :  0.0352 0.2799 0.6755 0.0094 
1285     1285   (0)     14 :  0.1048 0.3162 0.5752 0.0038 
1286     1286   (0)     14 :  0.0472 0.2840 0.6486 0.0202 
1287     1287   (0)     14 :  0.0586 0.2611 0.6755 0.0048 
1288     1288   (0)     14 :  0.0286 0.3142 0.6452 0.0120 
1289     1289   (0)     14 :  0.0871 0.2470 0.6587 0.0072 
1290     1290   (0)     14 :  0.0200 0.2924 0.6832 0.0044 
1291     1291   (0)     14 :  0.0138 0.2903 0.6921 0.0038 
1292     1292   (0)     14 :  0.0476 0.3270 0.6066 0.0188 
1293     1293   (0)     14 :  0.0767 0.2920 0.6277 0.0036 
1294     1294   (0)     14 :  0.1059 0.2329 0.6560 0.0052 
1295     1295   (0)     14 :  0.0466 0.3014 0.6428 0.0092 
1296     1296   (0)     14 :  0.0412 0.3391 0.6158 0.0038 
1297     1297   (0)     14 :  0.0108 0.3826 0.6024 0.0042 
1298     1298   (0)     14 :  0.0260 0.2581 0.7109 0.0050 
1299     1299   (0)     14 :  0.0986 0.2494 0.6436 0.0084 
1300     1300   (0)     14 :  0.0284 0.3790 0.5874 0.0052 
1301     1301   (0)     14 :  0.0324 0.2749 0.6888 0.0040 
1302     1302   (0)     14 :  0.1153 0.2616 0.6097 0.0134 
1303     1303   (0)     14 :  0.0156 0.3698 0.6082 0.0064 
1304     1304   (0)     14 :  0.0086 0.3662 0.6134 0.0118 
1305     1305   (0)     14 :  0.0248 0.3265 0.6385 0.0102 
1306     1306   (0)     14 :  0.0574 0.2843 0.6515 0.0068 
1307     1307   (0)     14 :  0.0504 0.2800 0.6644 0.0052 
1308     1308   (0)     14 :  0.0070 0.3604 0.6278 0.0048 
1309     1309  (10)     15 :  0.0074 0.9808 0.0062 0.0056 
1310     1310   (5)     15 :  0.0176 0.9550 0.0080 0.0194 
1311     1311   (5)     15 :  0.0657 0.7768 0.1469 0.0106 
1312     1312   (5)     15 :  0.0046 0.9866 0.0050 0.0038 
1313     1313  (10)     15 :  0.0226 0.9060 0.0562 0.0152 
1314     1314   (5)     15 :  0.0899 0.6543 0.2386 0.0172 
1315     1315  (10)     15 :  0.0166 0.9216 0.0572 0.0046 
1316     1316   (0)     15 :  0.0038 0.8854 0.0118 0.0990 
1317     1317   (0)     15 :  0.0126 0.9678 0.0158 0.0038 
1318     1318   (0)     15 :  0.0034 0.9764 0.0050 0.0152 
1319     1319   (0)     15 :  0.0070 0.9664 0.0066 0.0200 
1320     1320   (0)     15 :  0.0444 0.9174 0.0332 0.0050 
1321     1321   (0)     15 :  0.0030 0.9790 0.0110 0.0070 
1322     1322   (0)     15 :  0.0056 0.8726 0.1150 0.0068 
1323     1323   (0)     15 :  0.0412 0.8938 0.0602 0.0048 
1324     1324   (0)     15 :  0.0144 0.9028 0.0772 0.0056 
1325     1325   (0)     15 :  0.0092 0.9392 0.0464 0.0052 
1326     1326   (0)     15 :  0.0496 0.7386 0.2038 0.0080 
1327     1327   (0)     15 :  0.0034 0.9758 0.0074 0.0134 
1328     1328   (5)     15 :  0.0032 0.7861 0.0120 0.1987 
1329     1329   (0)     15 :  0.0416 0.8836 0.0644 0.0104 
1330     1330   (0)     15 :  0.0704 0.8559 0.0660 0.0078 
1331     1331   (5)     15 :  0.0098 0.9360 0.0314 0.0228 
1332     1332   (5)     15 :  0.0036 0.9626 0.0160 0.0178 
1333     1333   (0)     15 :  0.0434 0.7346 0.1410 0.0810 
1334     1334   (0)     15 :  0.0044 0.9072 0.0726 0.0158 
1335     1335   (0)     15 :  0.0646 0.9150 0.0152 0.0052 
1336     1336   (0)     15 :  0.0064 0.9784 0.0050 0.0102 
1337     1337   (0)     15 :  0.0060 0.9762 0.0046 0.0132 
1338     1338   (0)     15 :  0.0066 0.9798 0.0058 0.0078 
1339     1339   (0)     15 :  0.0028 0.9056 0.0036 0.0880 
1340     1340   (0)     15 :  0.0106 0.9744 0.0108 0.0042 
1341     1341   (0)     15 :  0.0130 0.9136 0.0284 0.0450 
1342     1342   (0)     15 :  0.0214 0.7423 0.2151 0.0212 
1343     1343   (0)     15 :  0.0092 0.9480 0.0322 0.0106 
1344     1344   (0)     15 :  0.0084 0.9608 0.0256 0.0052 
1345     1345   (0)     15 :  0.0494 0.7907 0.1364 0.0234 
1346     1346   (0)     15 :  0.0064 0.9810 0.0048 0.0078 
1347     1347   (0)     15 :  0.0096 0.9110 0.0510 0.0284 
1348     1348   (0)     15 :  0.0054 0.9588 0.0314 0.0044 
1349     1349   (0)     15 :  0.0584 0.9292 0.0096 0.0028 
1350     1350   (0)     15 :  0.0144 0.9682 0.0132 0.0042 
1351     1351   (0)     16 :  0.0056 0.9618 0.0186 0.0140 
1352     1352   (0)     16 :  0.0060 0.9816 0.0042 0.0082 
1353     1353   (0)     16 :  0.0128 0.9478 0.0128 0.0266 
1354     1354   (0)     16 :  0.0056 0.9694 0.0190 0.0060 
1355     1355   (0)     16 :  0.0050 0.9320 0.0350 0.0280 
1356     1356   (0)     16 :  0.0178 0.9584 0.0138 0.0100 
1357     1357   (0)     16 :  0.0038 0.9586 0.0180 0.0196 
1358     1358   (0)     16 :  0.0068 0.9063 0.0812 0.0058 
1359     1359   (0)     16 :  0.0054 0.9806 0.0102 0.0038 
1360     1360   (0)     16 :  0.0062 0.9450 0.0432 0.0056 
1361     1361   (0)     16 :  0.0058 0.9165 0.0571 0.0206 
1362     1362   (0)     16 :  0.0232 0.7248 0.2478 0.0042 
1363     1363   (0)     16 :  0.0070 0.9778 0.0070 0.0082 
1364     1364   (0)     16 :  0.0390 0.9232 0.0282 0.0096 
1365     1365   (0)     16 :  0.0062 0.9238 0.0328 0.0372 
1366     1366   (0)     16 :  0.0032 0.9522 0.0348 0.0098 
1367     1367   (0)     16 :  0.0064 0.8336 0.0292 0.1308 
1368     1368   (0)     16 :  0.0038 0.9770 0.0054 0.0138 
1369     1369   (0)     16 :  0.0044 0.9131 0.0634 0.0192 
1370     1370   (0)     16 :  0.0934 0.8956 0.0054 0.0056 
1371     1371   (0)     16 :  0.0242 0.9492 0.0202 0.0064 
1372     1372   (0)     16 :  0.0066 0.9008 0.0056 0.0870 
1373     1373   (0)     16 :  0.0080 0.9492 0.0404 0.0024 
1374     1374   (0)     16 :  0.0194 0.9572 0.0136 0.0098 
1375     1375   (0)     16 :  0.0036 0.9644 0.0170 0.0150 
1376     1376   (0)     16 :  0.0102 0.8986 0.0060 0.0852 
1377     1377   (0)     16 :  0.0030 0.9240 0.0656 0.0074 
1378     1378   (0)     16 :  0.0060 0.9758 0.0092 0.0090 
1379     1379   (0)     16 :  0.0038 0.9856 0.0056 0.0050 
1380     1380   (0)     16 :  0.0036 0.9794 0.0104 0.0066 
1381     1381   (0)     16 :  0.0098 0.9644 0.0156 0.0102 
1382     1382   (0)     16 :  0.0060 0.9790 0.0118 0.0032 
1383     1383   (0)     16 :  0.0056 0.9196 0.0464 0.0284 
1384     1384   (0)     16 :  0.0098 0.9534 0.0322 0.0046 
1385     1385   (0)     16 :  0.0070 0.8636 0.0974 0.0320 
1386     1386   (0)     16 :  0.0078 0.9712 0.0154 0.0056 
1387     1387   (0)     16 :  0.0058 0.9724 0.0120 0.0098 
1388     1388   (0)     16 :  0.0038 0.9028 0.0732 0.0202 
1389     1389   (0)     16 :  0.0058 0.9448 0.0258 0.0236 
1390     1390   (0)     16 :  0.0680 0.7098 0.1892 0.0330 
1391     1391   (0)     16 :  0.0078 0.9706 0.0160 0.0056 
1392     1392   (0)     16 :  0.0056 0.9656 0.0228 0.0060 
1393     1393   (0)     16 :  0.0076 0.9728 0.0086 0.0110 
1394     1394   (0)     16 :  0.0040 0.9632 0.0214 0.0114 
1395     1395   (0)     16 :  0.0036 0.9790 0.0032 0.0142 
1396     1396   (0)     16 :  0.0040 0.9740 0.0088 0.0132 
1397     1397   (0)     16 :  0.0066 0.9732 0.0150 0.0052 
1398     1398   (0)     16 :  0.0180 0.9270 0.0378 0.0172 
1399     1399   (0)     16 :  0.0032 0.9636 0.0168 0.0164 
1400     1400   (0)     16 :  0.0084 0.9680 0.0144 0.0092 
1401     1401   (0)     16 :  0.0090 0.9284 0.0474 0.0152 
1402     1402   (0)     16 :  0.0092 0.8420 0.0992 0.0496 
1403     1403   (0)     16 :  0.0036 0.9724 0.0194 0.0046 
1404     1404   (0)     16 :  0.0064 0.9488 0.0350 0.0098 
1405     1405   (0)     16 :  0.0038 0.9816 0.0072 0.0074 
1406     1406   (0)     16 :  0.0046 0.9658 0.0212 0.0084 
1407     1407   (0)     16 :  0.0060 0.8411 0.0068 0.1462 
1408     1408   (0)     16 :  0.0100 0.8778 0.1006 0.0116 
1409     1409   (0)     16 :  0.0064 0.9604 0.0046 0.0286 
1410     1410   (0)     16 :  0.0066 0.9734 0.0066 0.0134 
1411     1411   (0)     16 :  0.0054 0.6320 0.1224 0.2402 
1412     1412   (0)     16 :  0.0102 0.8428 0.1388 0.0082 
1413     1413   (0)     16 :  0.0566 0.9214 0.0168 0.0052 
1414     1414   (0)     16 :  0.0040 0.9752 0.0124 0.0084 
1415     1415   (0)     16 :  0.0052 0.9174 0.0708 0.0066 
1416     1416   (0)     16 :  0.0358 0.8888 0.0650 0.0104 
1417     1417   (0)     16 :  0.0204 0.9600 0.0076 0.0120 
1418     1418   (0)     16 :  0.0044 0.9458 0.0366 0.0132 
1419     1419   (0)     16 :  0.0054 0.9316 0.0040 0.0590 
1420     1420   (0)     16 :  0.2318 0.7158 0.0322 0.0202 
1421     1421   (0)     16 :  0.0112 0.8100 0.1634 0.0154 
1422     1422   (0)     16 :  0.0040 0.9644 0.0222 0.0094 
1423     1423   (0)     16 :  0.0072 0.9618 0.0094 0.0216 
1424     1424   (0)     16 :  0.0146 0.9524 0.0250 0.0080 
1425     1425   (0)     16 :  0.0148 0.8626 0.0908 0.0318 
1426     1426   (0)     16 :  0.0034 0.9676 0.0244 0.0046 
1427     1427   (0)     16 :  0.0058 0.9654 0.0158 0.0130 
1428     1428   (0)     16 :  0.0062 0.8420 0.1300 0.0218 
1429     1429   (0)     16 :  0.0210 0.9610 0.0102 0.0078 
1430     1430   (0)     16 :  0.0070 0.9484 0.0306 0.0140 
1431     1431   (0)     16 :  0.0032 0.9804 0.0066 0.0098 
1432     1432   (0)     16 :  0.0044 0.9548 0.0112 0.0296 
1433     1433   (0)     16 :  0.0078 0.9704 0.0054 0.0164 
1434     1434   (0)     16 :  0.0038 0.9550 0.0338 0.0074 
1435     1435   (0)     16 :  0.0058 0.9824 0.0066 0.0052 
1436     1436   (0)     16 :  0.0090 0.8096 0.1724 0.0090 
1437     1437   (0)     16 :  0.0256 0.7574 0.2094 0.0076 
1438     1438   (0)     16 :  0.0038 0.9542 0.0332 0.0088 
1439     1439   (0)     16 :  0.0060 0.8947 0.0937 0.0056 
1440     1440   (0)     16 :  0.0040 0.9658 0.0246 0.0056 
1441     1441   (0)     16 :  0.0254 0.8000 0.1588 0.0158 
1442     1442   (0)     16 :  0.0066 0.8256 0.0466 0.1212 
1443     1443   (0)     16 :  0.0052 0.9676 0.0190 0.0082 
1444     1444   (0)     16 :  0.0108 0.9712 0.0142 0.0038 
1445     1445   (0)     16 :  0.0138 0.9360 0.0434 0.0068 
1446     1446   (0)     16 :  0.0442 0.9129 0.0276 0.0154 
1447     1447   (0)     16 :  0.0202 0.9208 0.0446 0.0144 
1448     1448   (0)     16 :  0.0070 0.9474 0.0428 0.0028 
1449     1449   (0)     16 :  0.0048 0.9678 0.0112 0.0162 
1450     1450   (0)     16 :  0.0144 0.8075 0.1163 0.0618 
1451     1451   (0)     17 :  0.0226 0.8558 0.1040 0.0176 
1452     1452   (0)     17 :  0.0230 0.8849 0.0853 0.0068 
1453     1453   (0)     17 :  0.0140 0.9740 0.0068 0.0052 
1454     1454   (0)     17 :  0.0420 0.9154 0.0398 0.0028 
1455     1455   (0)     17 :  0.0118 0.9384 0.0440 0.0058 
1456     1456   (0)     17 :  0.0388 0.7647 0.1902 0.0064 
1457     1457   (0)     17 :  0.0092 0.8925 0.0937 0.0046 
1458     1458   (0)     17 :  0.0268 0.8956 0.0728 0.0048 
1459     1459   (0)     17 :  0.0124 0.9214 0.0304 0.0358 
1460     1460   (0)     17 :  0.0546 0.8129 0.1250 0.0076 
1461     1461   (0)     17 :  0.0058 0.9666 0.0166 0.0110 
1462     1462   (0)     17 :  0.0050 0.9588 0.0294 0.0068 
1463     1463   (0)     17 :  0.0074 0.9698 0.0172 0.0056 
1464     1464   (0)     17 :  0.0094 0.9800 0.0078 0.0028 
1465     1465   (0)     17 :  0.0126 0.9598 0.0242 0.0034 
1466     1466   (0)     17 :  0.0204 0.8910 0.0844 0.0042 
1467     1467   (0)     17 :  0.0286 0.8297 0.1302 0.0114 
1468     1468   (0)     17 :  0.0062 0.9380 0.0530 0.0028 
1469     1469   (0)     17 :  0.0082 0.9452 0.0428 0.0038 
1470     1470   (0)     17 :  0.0250 0.8986 0.0654 0.0110 
1471     1471   (0)     17 :  0.0148 0.9576 0.0234 0.0042 
1472     1472   (0)     17 :  0.0128 0.9732 0.0090 0.0050 
1473     1473   (0)     17 :  0.0132 0.9190 0.0616 0.0062 
1474     1474   (0)     17 :  0.0040 0.9600 0.0318 0.0042 
1475     1475   (0)     17 :  0.0242 0.8820 0.0824 0.0114 
1476     1476   (0)     17 :  0.0084 0.8875 0.0985 0.0056 
1477     1477   (0)     17 :  0.0060 0.9816 0.0100 0.0024 
1478     1478   (0)     17 :  0.1319 0.5837 0.2810 0.0034 
1479     1479   (0)     17 :  0.0114 0.9238 0.0596 0.0052 
1480     1480   (0)     17 :  0.0540 0.9198 0.0146 0.0116 
1481     1481   (0)     17 :  0.0042 0.9776 0.0088 0.0094 
1482     1482   (0)     17 :  0.0380 0.8530 0.0872 0.0218 
1483     1483   (0)     17 :  0.0170 0.9458 0.0320 0.0052 
1484     1484   (0)     17 :  0.0098 0.9712 0.0078 0.0112 
1485     1485   (0)     17 :  0.0080 0.9796 0.0076 0.0048 
1486     1486   (0)     17 :  0.0230 0.9059 0.0588 0.0124 
1487     1487   (0)     17 :  0.0712 0.9198 0.0072 0.0018 
1488     1488   (0)     17 :  0.0074 0.9762 0.0122 0.0042 
1489     1489   (0)     17 :  0.0112 0.9658 0.0160 0.0070 
1490     1490   (0)     17 :  0.0504 0.6283 0.3161 0.0052 
1491     1491   (0)     17 :  0.0650 0.8630 0.0682 0.0038 
1492     1492   (0)     17 :  0.0090 0.9366 0.0376 0.0168 
1493     1493   (0)     17 :  0.0708 0.5568 0.3622 0.0102 
1494     1494   (0)     17 :  0.0044 0.9562 0.0370 0.0024 
1495     1495   (0)     17 :  0.0172 0.9148 0.0624 0.0056 
1496     1496   (0)     17 :  0.0154 0.9420 0.0360 0.0066 
1497     1497   (0)     17 :  0.0126 0.9644 0.0166 0.0064 
1498     1498   (0)     17 :  0.0056 0.7878 0.0470 0.1596 
1499     1499   (0)     17 :  0.0060 0.8849 0.0982 0.0110 
1500     1500   (0)     17 :  0.0070 0.9806 0.0096 0.0028 
1501     1501   (0)     17 :  0.0130 0.8295 0.1508 0.0068 
1502     1502   (0)     17 :  0.0068 0.9360 0.0052 0.0520 
1503     1503   (0)     17 :  0.0084 0.8992 0.0868 0.0056 
1504     1504   (0)     17 :  0.0198 0.9500 0.0238 0.0064 
1505     1505   (0)     17 :  0.0098 0.9778 0.0072 0.0052 
1506     1506   (0)     17 :  0.0094 0.9372 0.0486 0.0048 
1507     1507   (0)     17 :  0.0130 0.9784 0.0058 0.0028 
1508     1508   (0)     17 :  0.0072 0.9188 0.0712 0.0028 
1509     1509   (0)     17 :  0.0156 0.8510 0.1294 0.0040 
1510     1510   (0)     17 :  0.0210 0.9156 0.0568 0.0066 
1511     1511   (0)     17 :  0.0086 0.9732 0.0144 0.0038 
1512     1512   (0)     17 :  0.0096 0.8702 0.1168 0.0034 
1513     1513   (0)     17 :  0.0066 0.8017 0.1819 0.0098 
1514     1514   (0)     17 :  0.0164 0.9546 0.0258 0.0032 
1515     1515   (0)     17 :  0.0044 0.9840 0.0046 0.0070 
1516     1516   (0)     17 :  0.0360 0.6963 0.2429 0.0248 
1517     1517   (0)     17 :  0.0124 0.9642 0.0168 0.0066 
1518     1518   (0)     17 :  0.0084 0.9702 0.0112 0.0102 
1519     1519   (0)     17 :  0.0088 0.9806 0.0058 0.0048 
1520     1520   (0)     17 :  0.0042 0.9172 0.0700 0.0086 
1521     1521   (0)     17 :  0.0090 0.9344 0.0420 0.0146 
1522     1522   (0)     17 :  0.0048 0.9704 0.0086 0.0162 
1523     1523   (0)     17 :  0.0288 0.9024 0.0604 0.0084 
1524     1524   (0)     17 :  0.0038 0.9834 0.0068 0.0060 
1525     1525   (0)     17 :  0.0374 0.9404 0.0180 0.0042 
1526     1526   (0)     17 :  0.0148 0.8880 0.0472 0.0500 
1527     1527   (0)     17 :  0.0382 0.9282 0.0280 0.0056 
1528     1528   (0)     17 :  0.0078 0.9608 0.0220 0.0094 
1529     1529   (0)     17 :  0.0074 0.8702 0.1168 0.0056 
1530     1530   (0)     17 :  0.0136 0.8389 0.1447 0.0028 
1531     1531   (0)     17 :  0.0316 0.7977 0.1647 0.0060 
1532     1532   (0)     17 :  0.0868 0.8868 0.0212 0.0052 
1533     1533   (0)     17 :  0.0324 0.9548 0.0094 0.0034 
1534     1534   (0)     17 :  0.0216 0.9512 0.0234 0.0038 
1535     1535   (0)     17 :  0.0028 0.9836 0.0112 0.0024 
1536     1536   (0)     17 :  0.0036 0.9798 0.0136 0.0030 
1537     1537   (0)     17 :  0.0542 0.8412 0.0952 0.0094 
1538     1538   (0)     17 :  0.0106 0.9648 0.0110 0.0136 
1539     1539   (0)     17 :  0.0266 0.8960 0.0726 0.0048 
1540     1540   (0)     17 :  0.0126 0.9672 0.0162 0.0040 
1541     1541   (0)     17 :  0.0772 0.9004 0.0150 0.0074 
1542     1542   (0)     17 :  0.0040 0.9748 0.0114 0.0098 
1543     1543   (0)     17 :  0.0116 0.9450 0.0160 0.0274 
1544     1544   (0)     17 :  0.0058 0.9738 0.0162 0.0042 
1545     1545   (0)     17 :  0.0136 0.8488 0.1322 0.0054 
1546     1546   (0)     17 :  0.0042 0.9786 0.0084 0.0088 
1547     1547   (0)     17 :  0.0074 0.9152 0.0714 0.0060 
1548     1548   (0)     17 :  0.0086 0.9754 0.0112 0.0048 
1549     1549   (0)     17 :  0.0068 0.9782 0.0108 0.0042 
1550     1550   (0)     17 :  0.0636 0.9232 0.0104 0.0028 
1551     1551   (0)     18 :  0.0080 0.0200 0.0220 0.9500 
1552     1552   (0)     18 :  0.0056 0.0060 0.0118 0.9766 
1553     1553   (0)     18 :  0.0030 0.0040 0.0118 0.9812 
1554     1554   (0)     18 :  0.0350 0.0134 0.1979 0.7537 
1555     1555   (0)     18 :  0.0052 0.0034 0.0024 0.9890 
1556     1556   (0)     18 :  0.0144 0.0084 0.1608 0.8164 
1557     1557   (0)     18 :  0.0024 0.0024 0.0100 0.9852 
1558     1558   (0)     18 :  0.0812 0.0316 0.0426 0.8446 
1559     1559   (0)     18 :  0.0060 0.0094 0.0240 0.9606 
1560     1560   (0)     18 :  0.0090 0.0210 0.0094 0.9606 
1561     1561   (0)     18 :  0.0026 0.0214 0.0204 0.9556 
1562     1562   (0)     18 :  0.0210 0.0482 0.0792 0.8516 
1563     1563   (0)     18 :  0.0404 0.0346 0.1545 0.7705 
1564     1564   (0)     18 :  0.0110 0.0060 0.1041 0.8789 
1565     1565   (0)     18 :  0.0184 0.0098 0.0366 0.9352 
1566     1566   (0)     18 :  0.0338 0.0048 0.0546 0.9068 
1567     1567   (0)     18 :  0.0100 0.0114 0.0444 0.9342 
1568     1568   (0)     18 :  0.0292 0.0150 0.0306 0.9252 
1569     1569   (0)     18 :  0.0044 0.0064 0.0520 0.9372 
1570     1570   (0)     18 :  0.0050 0.0056 0.0226 0.9668 
1571     1571   (0)     18 :  0.0024 0.0028 0.0032 0.9916 
1572     1572   (0)     18 :  0.0222 0.0046 0.0522 0.9210 
1573     1573   (0)     18 :  0.0130 0.0322 0.0556 0.8992 
1574     1574   (0)     18 :  0.0034 0.0096 0.0348 0.9522 
1575     1575   (0)     18 :  0.0598 0.0082 0.1790 0.7530 
1576     1576   (0)     18 :  0.0064 0.0218 0.0128 0.9590 
1577     1577   (0)     18 :  0.0074 0.0178 0.0362 0.9386 
1578     1578   (0)     18 :  0.0064 0.0064 0.0290 0.9582 
1579     1579   (0)     18 :  0.0024 0.0048 0.0034 0.9894 
1580     1580   (0)     18 :  0.0096 0.0088 0.0764 0.9052 
1581     1581   (0)     18 :  0.0064 0.0096 0.0288 0.9552 
1582     1582   (0)     18 :  0.0094 0.0204 0.0156 0.9546 
1583     1583   (0)     18 :  0.0140 0.0082 0.1535 0.8243 
1584     1584   (0)     18 :  0.0182 0.0116 0.0054 0.9648 
1585     1585   (0)     18 :  0.0070 0.0108 0.0248 0.9574 
1586     1586   (0)     18 :  0.0054 0.0084 0.0880 0.8982 
1587     1587   (0)     18 :  0.0022 0.0058 0.0274 0.9646 
1588     1588   (0)     18 :  0.0030 0.0038 0.0212 0.9720 
1589     1589   (0)     18 :  0.0658 0.0064 0.0144 0.9134 
1590     1590   (0)     18 :  0.0046 0.0082 0.0664 0.9208 
1591     1591   (0)     18 :  0.0060 0.0058 0.0050 0.9832 
1592     1592   (0)     18 :  0.0132 0.0134 0.1643 0.8091 
1593     1593   (0)     18 :  0.0044 0.0040 0.0430 0.9486 
1594     1594   (0)     18 :  0.0188 0.0184 0.0568 0.9060 
1595     1595   (0)     18 :  0.0246 0.0306 0.1067 0.8381 
1596     1596   (0)     18 :  0.0170 0.0152 0.0548 0.9130 
1597     1597   (0)     18 :  0.0180 0.0334 0.1310 0.8176 
1598     1598   (0)     18 :  0.0042 0.0034 0.0350 0.9574 
1599     1599   (0)     18 :  0.0072 0.0032 0.0524 0.9372 
1600     1600   (0)     18 :  0.0138 0.0090 0.1584 0.8188 
1601     1601   (0)     18 :  0.0070 0.0044 0.0919 0.8967 
1602     1602   (0)     18 :  0.0054 0.0078 0.0296 0.9572 
1603     1603   (0)     18 :  0.0338 0.0116 0.0188 0.9358 
1604     1604   (0)     18 :  0.0042 0.0038 0.0706 0.9214 
1605     1605   (0)     18 :  0.0142 0.0052 0.0686 0.9120 
1606     1606   (0)     18 :  0.0026 0.0034 0.0184 0.9756 
1607     1607   (0)     18 :  0.0024 0.0028 0.0024 0.9924 
1608     1608   (0)     18 :  0.0116 0.0282 0.0684 0.8918 
1609     1609   (0)     18 :  0.0058 0.0076 0.0312 0.9554 
1610     1610   (0)     18 :  0.0076 0.0056 0.0850 0.9018 
1611     1611   (0)     18 :  0.0018 0.0024 0.0024 0.9934 
1612     1612   (0)     18 :  0.0078 0.0046 0.0090 0.9786 
1613     1613   (0)     18 :  0.0076 0.0056 0.0124 0.9744 
1614     1614   (0)     18 :  0.0226 0.0046 0.0568 0.9160 
1615     1615   (0)     18 :  0.0298 0.0742 0.0216 0.8744 
1616     1616   (0)     18 :  0.0046 0.0050 0.0048 0.9856 
1617     1617   (0)     18 :  0.0084 0.0046 0.0536 0.9334 
1618     1618   (0)     18 :  0.0082 0.0062 0.0796 0.9060 
1619     1619   (0)     18 :  0.0032 0.0056 0.0084 0.9828 
1620     1620   (0)     18 :  0.0218 0.0094 0.0682 0.9006 
1621     1621   (0)     18 :  0.0062 0.0470 0.0524 0.8944 
1622     1622   (0)     18 :  0.1162 0.0126 0.1331 0.7381 
1623     1623   (0)     18 :  0.0080 0.0090 0.0380 0.9450 
1624     1624   (0)     18 :  0.0148 0.0044 0.0832 0.8976 
1625     1625   (0)     18 :  0.0028 0.0052 0.0584 0.9336 
1626     1626   (0)     18 :  0.0090 0.0032 0.0446 0.9432 
1627     1627   (0)     18 :  0.0108 0.0286 0.0100 0.9506 
1628     1628   (0)     18 :  0.0230 0.0140 0.0168 0.9462 
1629     1629   (0)     18 :  0.0068 0.0136 0.0316 0.9480 
1630     1630   (0)     18 :  0.0044 0.0198 0.0546 0.9212 
1631     1631   (0)     18 :  0.0456 0.0094 0.1142 0.8309 
1632     1632   (0)     18 :  0.0034 0.0044 0.0198 0.9724 
1633     1633   (0)     18 :  0.0050 0.0050 0.0438 0.9462 
1634     1634   (0)     18 :  0.0108 0.0050 0.0570 0.9272 
1635     1635   (0)     18 :  0.0032 0.0130 0.0302 0.9536 
1636     1636   (0)     18 :  0.0076 0.0610 0.0338 0.8976 
1637     1637   (0)     18 :  0.0192 0.0294 0.0178 0.9336 
1638     1638   (0)     18 :  0.0946 0.0458 0.0486 0.8111 
1639     1639   (0)     18 :  0.0048 0.0038 0.0768 0.9146 
1640     1640   (0)     18 :  0.0024 0.0034 0.0032 0.9910 
1641     1641   (0)     18 :  0.0382 0.0062 0.1996 0.7560 
1642     1642   (0)     18 :  0.0056 0.0370 0.0294 0.9280 
1643     1643   (0)     18 :  0.0066 0.0068 0.0838 0.9028 
1644     1644   (0)     18 :  0.0030 0.0032 0.0426 0.9512 
1645     1645   (0)     18 :  0.0212 0.0038 0.0442 0.9308 
1646     1646   (0)     18 :  0.0100 0.0060 0.0076 0.9764 
1647     1647   (0)     18 :  0.0148 0.0366 0.0264 0.9222 
1648     1648   (0)     18 :  0.0024 0.0048 0.0058 0.9870 
1649     1649   (0)     18 :  0.0032 0.0040 0.0114 0.9814 
1650     1650   (0)     18 :  0.0062 0.0156 0.1106 0.8676 
1651     1651   (0)     19 :  0.9802 0.0070 0.0098 0.0030 
1652     1652   (0)     19 :  0.9428 0.0224 0.0318 0.0030 
1653     1653   (0)     19 :  0.8457 0.0394 0.1107 0.0042 
1654     1654   (0)     19 :  0.8982 0.0054 0.0860 0.0104 
1655     1655   (0)     19 :  0.6640 0.0096 0.2486 0.0778 
1656     1656   (0)     19 :  0.9054 0.0036 0.0834 0.0076 
1657     1657   (0)     19 :  0.9522 0.0028 0.0416 0.0034 
1658     1658   (0)     19 :  0.9314 0.0450 0.0194 0.0042 
1659     1659   (0)     19 :  0.9574 0.0214 0.0154 0.0058 
1660     1660   (0)     19 :  0.9882 0.0034 0.0038 0.0046 
1661     1661   (0)     19 :  0.9816 0.0106 0.0044 0.0034 
1662     1662   (0)     19 :  0.8838 0.0158 0.0966 0.0038 
1663     1663   (0)     19 :  0.9224 0.0056 0.0696 0.0024 
1664     1664   (0)     19 :  0.8602 0.0058 0.1246 0.0094 
1665     1665   (0)     19 :  0.8874 0.0508 0.0552 0.0066 
1666     1666   (0)     19 :  0.9462 0.0190 0.0316 0.0032 
1667     1667   (0)     19 :  0.9884 0.0032 0.0052 0.0032 
1668     1668   (0)     19 :  0.9440 0.0076 0.0416 0.0068 
1669     1669   (0)     19 :  0.9080 0.0056 0.0818 0.0046 
1670     1670   (0)     19 :  0.9666 0.0166 0.0132 0.0036 
1671     1671   (0)     19 :  0.9870 0.0038 0.0068 0.0024 
1672     1672   (0)     19 :  0.8840 0.0034 0.1082 0.0044 
1673     1673   (0)     19 :  0.8952 0.0028 0.0992 0.0028 
1674     1674   (0)     19 :  0.7374 0.0104 0.2366 0.0156 
1675     1675   (0)     19 :  0.8845 0.0272 0.0712 0.0170 
1676     1676   (0)     19 :  0.9534 0.0066 0.0368 0.0032 
1677     1677   (0)     19 :  0.9414 0.0028 0.0494 0.0064 
1678     1678   (0)     19 :  0.8885 0.0146 0.0919 0.0050 
1679     1679   (0)     19 :  0.9838 0.0054 0.0050 0.0058 
1680     1680   (0)     19 :  0.9544 0.0202 0.0126 0.0128 
1681     1681   (0)     19 :  0.7325 0.0050 0.2579 0.0046 
1682     1682   (0)     19 :  0.8542 0.0032 0.1392 0.0034 
1683     1683   (0)     19 :  0.8219 0.0082 0.1653 0.0046 
1684     1684   (0)     19 :  0.8952 0.0326 0.0684 0.0038 
1685     1685   (0)     19 :  0.7273 0.0064 0.2169 0.0494 
1686     1686   (0)     19 :  0.9914 0.0034 0.0028 0.0024 
1687     1687   (0)     19 :  0.9572 0.0112 0.0082 0.0234 
1688     1688   (0)     19 :  0.9362 0.0372 0.0226 0.0040 
1689     1689   (0)     19 :  0.8840 0.0170 0.0888 0.0102 
1690     1690   (0)     19 :  0.8734 0.0174 0.0962 0.0130 
1691     1691   (0)     19 :  0.8476 0.0280 0.1212 0.0032 
1692     1692   (0)     19 :  0.8992 0.0120 0.0788 0.0100 
1693     1693   (0)     19 :  0.9414 0.0038 0.0464 0.0084 
1694     1694   (0)     19 :  0.9182 0.0214 0.0530 0.0074 
1695     1695   (0)     19 :  0.9474 0.0054 0.0440 0.0032 
1696     1696   (0)     19 :  0.9728 0.0042 0.0196 0.0034 
1697     1697   (0)     19 :  0.9378 0.0222 0.0258 0.0142 
1698     1698   (0)     19 :  0.9766 0.0080 0.0050 0.0104 
1699     1699   (0)     19 :  0.8766 0.0060 0.1146 0.0028 
1700     1700   (0)     19 :  0.9402 0.0048 0.0470 0.0080 
1701     1701   (0)     19 :  0.9834 0.0048 0.0080 0.0038 
1702     1702   (0)     19 :  0.9290 0.0310 0.0370 0.0030 
1703     1703   (0)     19 :  0.9412 0.0206 0.0290 0.0092 
1704     1704   (0)     19 :  0.8969 0.0254 0.0664 0.0114 
1705     1705   (0)     19 :  0.9868 0.0036 0.0036 0.0060 
1706     1706   (0)     19 :  0.9476 0.0058 0.0442 0.0024 
1707     1707   (0)     19 :  0.9712 0.0088 0.0162 0.0038 
1708     1708   (0)     19 :  0.9070 0.0120 0.0762 0.0048 
1709     1709   (0)     19 :  0.9770 0.0148 0.0058 0.0024 
1710     1710   (0)     19 :  0.8666 0.0360 0.0860 0.0114 
1711     1711   (0)     19 :  0.9360 0.0052 0.0564 0.0024 
1712     1712   (0)     19 :  0.9314 0.0042 0.0600 0.0044 
1713     1713   (0)     19 :  0.9592 0.0236 0.0124 0.0048 
1714     1714   (0)     19 :  0.9884 0.0042 0.0034 0.0040 
1715     1715   (0)     19 :  0.9330 0.0196 0.0408 0.0066 
1716     1716   (0)     19 :  0.9614 0.0138 0.0202 0.0046 
1717     1717   (0)     19 :  0.9004 0.0098 0.0854 0.0044 
1718     1718   (0)     19 :  0.9744 0.0086 0.0122 0.0048 
1719     1719   (0)     19 :  0.9060 0.0436 0.0472 0.0032 
1720     1720   (0)     19 :  0.9148 0.0160 0.0660 0.0032 
1721     1721   (0)     19 :  0.9838 0.0044 0.0048 0.0070 
1722     1722   (0)     19 :  0.9222 0.0176 0.0256 0.0346 
1723     1723   (0)     19 :  0.8458 0.0086 0.1310 0.0146 
1724     1724   (0)     19 :  0.9814 0.0076 0.0082 0.0028 
1725     1725   (0)     19 :  0.9454 0.0040 0.0126 0.0380 
1726     1726   (0)     19 :  0.9378 0.0062 0.0536 0.0024 
1727     1727   (0)     19 :  0.9704 0.0030 0.0234 0.0032 
1728     1728   (0)     19 :  0.8906 0.0056 0.1014 0.0024 
1729     1729   (0)     19 :  0.7711 0.0136 0.1870 0.0282 
1730     1730   (0)     19 :  0.8436 0.0172 0.1238 0.0154 
1731     1731   (0)     19 :  0.9494 0.0038 0.0436 0.0032 
1732     1732   (0)     19 :  0.9696 0.0090 0.0118 0.0096 
1733     1733   (0)     19 :  0.8910 0.0058 0.1000 0.0032 
1734     1734   (0)     19 :  0.9860 0.0038 0.0054 0.0048 
1735     1735   (0)     19 :  0.9596 0.0042 0.0338 0.0024 
1736     1736   (0)     19 :  0.9914 0.0030 0.0032 0.0024 
1737     1737   (0)     19 :  0.9028 0.0096 0.0818 0.0058 
1738     1738   (0)     19 :  0.9222 0.0126 0.0580 0.0072 
1739     1739   (0)     19 :  0.9914 0.0038 0.0034 0.0014 
1740     1740   (0)     19 :  0.8650 0.0112 0.1164 0.0074 
1741     1741   (0)     19 :  0.8489 0.0098 0.1365 0.0048 
1742     1742   (0)     19 :  0.9832 0.0042 0.0092 0.0034 
1743     1743   (0)     19 :  0.8653 0.0326 0.0790 0.0232 
1744     1744   (0)     19 :  0.8466 0.0526 0.0780 0.0228 
1745     1745   (0)     19 :  0.9344 0.0050 0.0566 0.0040 
1746     1746   (0)     19 :  0.9816 0.0056 0.0094 0.0034 
1747     1747   (0)     19 :  0.9802 0.0034 0.0140 0.0024 
1748     1748   (0)     19 :  0.9692 0.0042 0.0234 0.0032 
1749     1749   (0)     19 :  0.9362 0.0304 0.0126 0.0208 
1750     1750   (0)     19 :  0.9774 0.0042 0.0160 0.0024 
1751     1751   (0)     20 :  0.0054 0.3988 0.5908 0.0050 
1752     1752   (0)     20 :  0.0062 0.3952 0.5912 0.0074 
1753     1753   (0)     20 :  0.0132 0.3632 0.6192 0.0044 
1754     1754   (0)     20 :  0.0034 0.3838 0.6082 0.0046 
1755     1755   (0)     20 :  0.0082 0.4028 0.5836 0.0054 
1756     1756   (0)     20 :  0.0224 0.3758 0.5976 0.0042 
1757     1757   (0)     20 :  0.0070 0.3328 0.6574 0.0028 
1758     1758   (0)     20 :  0.0336 0.2764 0.5928 0.0972 
1759     1759   (0)     20 :  0.0046 0.4012 0.5874 0.0068 
1760     1760   (0)     20 :  0.1036 0.3164 0.5628 0.0172 
1761     1761   (0)     20 :  0.0116 0.4108 0.5700 0.0076 
1762     1762   (0)     20 :  0.0278 0.3314 0.6376 0.0032 
1763     1763   (0)     20 :  0.0180 0.3124 0.6546 0.0150 
1764     1764   (0)     20 :  0.0132 0.4046 0.5788 0.0034 
1765     1765   (0)     20 :  0.0098 0.3854 0.5716 0.0332 
1766     1766   (0)     20 :  0.0048 0.3684 0.5686 0.0582 
1767     1767   (0)     20 :  0.0102 0.4050 0.5818 0.0030 
1768     1768   (0)     20 :  0.0607 0.2566 0.6770 0.0058 
1769     1769   (0)     20 :  0.0144 0.3882 0.5896 0.0078 
1770     1770   (0)     20 :  0.0230 0.3860 0.5878 0.0032 
1771     1771   (0)     20 :  0.0060 0.3756 0.6128 0.0056 
1772     1772   (0)     20 :  0.0194 0.3087 0.6653 0.0066 
1773     1773   (0)     20 :  0.0144 0.3892 0.5932 0.0032 
1774     1774   (0)     20 :  0.0094 0.3932 0.5782 0.0192 
1775     1775   (0)     20 :  0.0092 0.3670 0.6122 0.0116 
1776     1776   (0)     20 :  0.0068 0.3764 0.6082 0.0086 
1777     1777   (0)     20 :  0.0274 0.2965 0.6582 0.0178 
1778     1778   (0)     20 :  0.0068 0.3950 0.5938 0.0044 
1779     1779   (0)     20 :  0.0434 0.3734 0.5776 0.0056 
1780     1780   (0)     20 :  0.0344 0.2536 0.7080 0.0040 
1781     1781   (0)     20 :  0.0170 0.3810 0.5920 0.0100 
1782     1782   (0)     20 :  0.0066 0.3422 0.6474 0.0038 
1783     1783   (0)     20 :  0.0102 0.3972 0.5880 0.0046 
1784     1784   (0)     20 :  0.0570 0.3672 0.5711 0.0048 
1785     1785   (0)     20 :  0.0040 0.3938 0.5972 0.0050 
1786     1786   (0)     20 :  0.0094 0.3940 0.5914 0.0052 
1787     1787   (0)     20 :  0.0066 0.3350 0.6274 0.0310 
1788     1788   (0)     20 :  0.0176 0.4004 0.5700 0.0120 
1789     1789   (0)     20 :  0.0036 0.3758 0.4796 0.1410 
1790     1790   (0)     20 :  0.0236 0.3810 0.5922 0.0032 
1791     1791   (0)     20 :  0.0258 0.3794 0.5886 0.0062 
1792     1792   (0)     20 :  0.0064 0.3984 0.5904 0.0048 
1793     1793   (0)     20 :  0.0538 0.3538 0.5784 0.0140 
1794     1794   (0)     20 :  0.0058 0.4112 0.5710 0.0120 
1795     1795   (0)     20 :  0.0086 0.3958 0.5882 0.0074 
1796     1796   (0)     20 :  0.0138 0.3540 0.5816 0.0506 
1797     1797   (0)     20 :  0.0460 0.3536 0.5696 0.0308 
1798     1798   (0)     20 :  0.0082 0.3888 0.5988 0.0042 
1799     1799   (0)     20 :  0.0244 0.3200 0.6452 0.0104 
1800     1800   (0)     20 :  0.0250 0.3684 0.5960 0.0106 
1801     1801   (0)     20 :  0.0432 0.3636 0.5860 0.0072 
1802     1802   (0)     20 :  0.0080 0.3934 0.5936 0.0050 
1803     1803   (0)     20 :  0.0246 0.3428 0.6110 0.0216 
1804     1804   (0)     20 :  0.0092 0.3946 0.5916 0.0046 
1805     1805   (0)     20 :  0.0118 0.3948 0.5748 0.0186 
1806     1806   (0)     20 :  0.0044 0.3972 0.5952 0.0032 
1807     1807   (0)     20 :  0.0084 0.3614 0.6256 0.0046 
1808     1808   (0)     20 :  0.0150 0.3700 0.6108 0.0042 
1809     1809   (0)     20 :  0.0088 0.3880 0.5954 0.0078 
1810     1810   (0)     20 :  0.0356 0.3642 0.5876 0.0126 
1811     1811   (0)     20 :  0.0490 0.3070 0.5784 0.0656 
1812     1812   (0)     20 :  0.0072 0.4064 0.5802 0.0062 
1813     1813   (0)     20 :  0.0076 0.3910 0.5898 0.0116 
1814     1814   (0)     20 :  0.0130 0.3646 0.5758 0.0466 
1815     1815   (0)     20 :  0.0106 0.3920 0.5844 0.0130 
1816     1816   (0)     20 :  0.0366 0.3696 0.5904 0.0034 
1817     1817   (0)     20 :  0.0104 0.3904 0.5862 0.0130 
1818     1818   (0)     20 :  0.0228 0.2737 0.6930 0.0106 
1819     1819   (0)     20 :  0.0236 0.2765 0.6935 0.0064 
1820     1820   (0)     20 :  0.0100 0.3932 0.5864 0.0104 
1821     1821   (0)     20 :  0.0466 0.3001 0.5536 0.0996 
1822     1822   (0)     20 :  0.0062 0.3457 0.6403 0.0078 
1823     1823   (0)     20 :  0.0148 0.2992 0.6804 0.0056 
1824     1824   (0)     20 :  0.0200 0.3922 0.5802 0.0076 
1825     1825   (0)     20 :  0.0100 0.3508 0.6340 0.0052 
1826     1826   (0)     20 :  0.0054 0.4022 0.5890 0.0034 
1827     1827   (0)     20 :  0.0234 0.3660 0.6062 0.0044 
1828     1828   (0)     20 :  0.0170 0.3850 0.5910 0.0070 
1829     1829   (0)     20 :  0.0082 0.3741 0.6037 0.0140 
1830     1830   (0)     20 :  0.0082 0.3318 0.6540 0.0060 
1831     1831   (0)     20 :  0.0074 0.3818 0.6022 0.0086 
1832     1832   (0)     20 :  0.0252 0.3642 0.5996 0.0110 
1833     1833   (0)     20 :  0.0068 0.4052 0.5734 0.0146 
1834     1834   (0)     20 :  0.0248 0.3444 0.6220 0.0088 
1835     1835   (0)     20 :  0.0074 0.3744 0.6048 0.0134 
1836     1836   (0)     20 :  0.0282 0.3784 0.5900 0.0034 
1837     1837   (0)     20 :  0.0122 0.3832 0.5922 0.0124 
1838     1838   (0)     20 :  0.0074 0.3936 0.5932 0.0058 
1839     1839   (0)     20 :  0.0176 0.3728 0.5982 0.0114 
1840     1840   (0)     20 :  0.0202 0.3462 0.6238 0.0098 
1841     1841   (0)     20 :  0.0172 0.4214 0.5388 0.0226 
1842     1842   (0)     20 :  0.0056 0.3928 0.5934 0.0082 
1843     1843   (0)     20 :  0.0702 0.3648 0.5552 0.0098 
1844     1844   (0)     20 :  0.0054 0.4058 0.5856 0.0032 
1845     1845   (0)     20 :  0.0108 0.3880 0.5978 0.0034 
1846     1846   (0)     20 :  0.0372 0.3162 0.6268 0.0198 
1847     1847   (0)     20 :  0.0050 0.3922 0.5986 0.0042 
1848     1848   (0)     20 :  0.0132 0.3552 0.6184 0.0132 
1849     1849   (0)     20 :  0.0370 0.3652 0.5866 0.0112 
1850     1850   (0)     20 :  0.0474 0.3596 0.5848 0.0082 
1851     1851  (10)     21 :  0.0038 0.9834 0.0072 0.0056 
1852     1852   (0)     21 :  0.0110 0.8473 0.1349 0.0068 
1853     1853   (0)     21 :  0.0064 0.8504 0.0108 0.1324 
1854     1854   (0)     21 :  0.0060 0.9766 0.0054 0.0120 
1855     1855   (0)     21 :  0.0510 0.8966 0.0472 0.0052 
1856     1856   (5)     21 :  0.0396 0.9198 0.0358 0.0048 
1857     1857   (0)     21 :  0.0034 0.9854 0.0056 0.0056 
1858     1858   (0)     21 :  0.0070 0.9850 0.0056 0.0024 
1859     1859   (0)     21 :  0.0056 0.7634 0.0050 0.2260 
1860     1860   (0)     21 :  0.0194 0.9540 0.0238 0.0028 
1861     1861   (0)     21 :  0.0060 0.4575 0.0096 0.5269 
1862     1862   (0)     21 :  0.0038 0.9790 0.0054 0.0118 
1863     1863   (0)     21 :  0.0032 0.9834 0.0046 0.0088 
1864     1864   (0)     21 :  0.0082 0.9802 0.0074 0.0042 
1865     1865   (5)     21 :  0.0024 0.9564 0.0046 0.0366 
1866     1866   (0)     21 :  0.0034 0.9838 0.0072 0.0056 
1867     1867   (0)     21 :  0.0058 0.9710 0.0072 0.0160 
1868     1868   (0)     21 :  0.0038 0.9728 0.0042 0.0192 
1869     1869   (0)     21 :  0.0070 0.9630 0.0252 0.0048 
1870     1870   (0)     21 :  0.0032 0.9890 0.0032 0.0046 
1871     1871   (0)     21 :  0.0046 0.9864 0.0052 0.0038 
1872     1872   (5)     21 :  0.0058 0.9810 0.0044 0.0088 
1873     1873   (5)     21 :  0.0040 0.8418 0.0074 0.1468 
1874     1874   (5)     21 :  0.0096 0.9724 0.0058 0.0122 
1875     1875   (0)     21 :  0.0072 0.9826 0.0072 0.0030 
1876     1876   (0)     21 :  0.0038 0.9886 0.0038 0.0038 
1877     1877   (0)     21 :  0.0046 0.9724 0.0090 0.0140 
1878     1878   (0)     21 :  0.0114 0.9812 0.0046 0.0028 
1879     1879   (0)     21 :  0.0038 0.9818 0.0080 0.0064 
1880     1880   (0)     21 :  0.0044 0.9722 0.0074 0.0160 
1881     1881   (0)     21 :  0.0044 0.9363 0.0064 0.0530 
1882     1882   (0)     21 :  0.0038 0.9822 0.0044 0.0096 
1883     1883   (0)     21 :  0.0064 0.9792 0.0092 0.0052 
1884     1884   (0)     21 :  0.0046 0.9672 0.0044 0.0238 
1885     1885   (0)     21 :  0.0056 0.9682 0.0220 0.0042 
1886     1886   (0)     21 :  0.0070 0.9228 0.0056 0.0646 
1887     1887   (5)     21 :  0.0048 0.9644 0.0126 0.0182 
1888     1888   (0)     21 :  0.0040 0.9728 0.0116 0.0116 
1889     1889   (0)     21 :  0.0050 0.9800 0.0058 0.0092 
1890     1890   (0)     21 :  0.0042 0.9792 0.0060 0.0106 
1891     1891   (0)     21 :  0.0072 0.9728 0.0084 0.0116 
1892     1892   (0)     21 :  0.0068 0.9706 0.0066 0.0160 
1893     1893   (5)     21 :  0.0038 0.9686 0.0062 0.0214 
1894     1894   (5)     21 :  0.0094 0.9668 0.0106 0.0132 
1895     1895   (5)     21 :  0.0072 0.9550 0.0062 0.0316 
1896     1896   (5)     21 :  0.0052 0.9688 0.0062 0.0198 
1897     1897   (5)     21 :  0.0058 0.9678 0.0076 0.0188 
1898     1898   (5)     21 :  0.0060 0.9674 0.0122 0.0144 
1899     1899   (0)     21 :  0.0060 0.9798 0.0042 0.0100 
1900     1900   (5)     21 :  0.0034 0.9768 0.0072 0.0126 
1901     1901   (0)     21 :  0.0066 0.9684 0.0170 0.0080 
1902     1902   (0)     21 :  0.0206 0.9204 0.0176 0.0414 
1903     1903   (0)     21 :  0.0032 0.9708 0.0070 0.0190 
1904     1904   (0)     21 :  0.0032 0.9880 0.0046 0.0042 
1905     1905   (0)     21 :  0.0396 0.9438 0.0082 0.0084 
1906     1906   (0)     21 :  0.0038 0.9780 0.0052 0.0130 
1907     1907   (0)     21 :  0.0054 0.9744 0.0044 0.0158 
1908     1908   (0)     21 :  0.0048 0.9842 0.0046 0.0064 
1909     1909   (0)     21 :  0.0042 0.8798 0.0040 0.1120 
1910     1910   (0)     21 :  0.0034 0.9802 0.0064 0.0100 
1911     1911   (0)     21 :  0.0090 0.9742 0.0130 0.0038 
1912     1912   (0)     21 :  0.9894 0.0038 0.0040 0.0028 
1913     1913   (0)     21 :  0.0032 0.9822 0.0032 0.0114 
1914     1914   (0)     21 :  0.0046 0.9816 0.0042 0.0096 
1915     1915   (0)     21 :  0.0038 0.9852 0.0054 0.0056 
1916     1916   (0)     21 :  0.0088 0.9722 0.0138 0.0052 
1917     1917   (0)     21 :  0.0094 0.9836 0.0046 0.0024 
1918     1918   (0)     21 :  0.0702 0.5863 0.0232 0.3203 
1919     1919   (0)     21 :  0.0048 0.9458 0.0146 0.0348 
1920     1920   (0)     21 :  0.0048 0.8819 0.0939 0.0194 
1921     1921   (0)     21 :  0.0056 0.9840 0.0048 0.0056 
1922     1922   (0)     21 :  0.0050 0.9836 0.0048 0.0066 
1923     1923   (0)     21 :  0.0034 0.9818 0.0052 0.0096 
1924     1924   (0)     21 :  0.0130 0.9666 0.0124 0.0080 
1925     1925   (0)     21 :  0.0050 0.9834 0.0048 0.0068 
1926     1926   (0)     21 :  0.0046 0.9874 0.0038 0.0042 
1927     1927   (0)     21 :  0.0098 0.9810 0.0044 0.0048 
1928     1928   (0)     21 :  0.0038 0.9093 0.0100 0.0769 
1929     1929   (0)     21 :  0.0070 0.9494 0.0068 0.0368 
1930     1930   (0)     21 :  0.0066 0.9800 0.0086 0.0048 
1931     1931   (0)     21 :  0.0060 0.2106 0.0032 0.7802 
1932     1932   (0)     21 :  0.0042 0.9768 0.0132 0.0058 
1933     1933   (0)     21 :  0.0056 0.9738 0.0140 0.0066 
1934     1934   (0)     21 :  0.0048 0.9720 0.0130 0.0102 
1935     1935   (0)     21 :  0.0068 0.9810 0.0056 0.0066 
1936     1936   (0)     21 :  0.0080 0.9794 0.0070 0.0056 
1937     1937   (0)     21 :  0.0116 0.9800 0.0056 0.0028 
1938     1938   (0)     21 :  0.0038 0.9726 0.0046 0.0190 
1939     1939   (0)     21 :  0.0068 0.9752 0.0040 0.0140 
1940     1940   (0)     21 :  0.0092 0.9762 0.0034 0.0112 
1941     1941   (0)     21 :  0.0030 0.9752 0.0084 0.0134 
1942     1942   (0)     21 :  0.0080 0.9814 0.0058 0.0048 
1943     1943  (10)     21 :  0.0046 0.3276 0.0068 0.6610 
1944     1944   (0)     21 :  0.0056 0.9718 0.0056 0.0170 
1945     1945   (0)     21 :  0.0034 0.9732 0.0144 0.0090 
1946     1946   (0)     21 :  0.0054 0.8835 0.0322 0.0789 
1947     1947   (0)     21 :  0.0110 0.9003 0.0078 0.0809 
1948     1948   (0)     21 :  0.0060 0.9752 0.0140 0.0048 
1949     1949   (0)     21 :  0.0064 0.9818 0.0052 0.0066 
1950     1950   (0)     21 :  0.0056 0.9624 0.0058 0.0262 
1951     1951   (0)     21 :  0.0034 0.9888 0.0032 0.0046 
1952     1952   (0)     21 :  0.0024 0.9842 0.0040 0.0094 
1953     1953   (0)     21 :  0.0052 0.9706 0.0052 0.0190 
1954     1954   (0)     21 :  0.0036 0.9842 0.0042 0.0080 
1955     1955   (0)     21 :  0.0028 0.9758 0.0046 0.0168 
1956     1956   (0)     22 :  0.0038 0.9630 0.0254 0.0078 
1957     1957  (10)     22 :  0.0040 0.9706 0.0076 0.0178 
1958     1958  (10)     22 :  0.0512 0.9212 0.0172 0.0104 
1959     1959   (5)     22 :  0.0034 0.9802 0.0052 0.0112 
1960     1960   (5)     22 :  0.0072 0.9606 0.0048 0.0274 
1961     1961   (0)     22 :  0.0046 0.9660 0.0044 0.0250 
1962     1962   (5)     22 :  0.0182 0.9008 0.0044 0.0766 
1963     1963   (5)     22 :  0.0034 0.8597 0.0054 0.1315 
1964     1964   (0)     22 :  0.0036 0.9740 0.0030 0.0194 
1965     1965   (0)     22 :  0.0036 0.9818 0.0036 0.0110 
1966     1966   (0)     22 :  0.0036 0.9818 0.0036 0.0110 
1967     1967   (0)     22 :  0.0036 0.9870 0.0030 0.0064 
1968     1968   (0)     22 :  0.0098 0.9774 0.0046 0.0082 
1969     1969   (5)     22 :  0.0050 0.9808 0.0056 0.0086 
1970     1970   (5)     22 :  0.0136 0.9560 0.0184 0.0120 
1971     1971  (10)     22 :  0.0038 0.9736 0.0062 0.0164 
1972     1972   (0)     22 :  0.0038 0.9850 0.0038 0.0074 
1973     1973   (5)     22 :  0.0186 0.9208 0.0068 0.0538 
1974     1974   (5)     22 :  0.0134 0.9756 0.0058 0.0052 
1975     1975   (0)     22 :  0.0046 0.9860 0.0038 0.0056 
1976     1976   (5)     22 :  0.0038 0.9574 0.0044 0.0344 
1977     1977   (0)     22 :  0.0158 0.9684 0.0118 0.0040 
1978     1978   (5)     22 :  0.0100 0.9658 0.0034 0.0208 
1979     1979   (0)     22 :  0.0028 0.9436 0.0038 0.0498 
1980     1980   (0)     22 :  0.0086 0.9112 0.0064 0.0738 
1981     1981   (0)     22 :  0.0154 0.9648 0.0070 0.0128 
1982     1982   (0)     22 :  0.0038 0.9205 0.0042 0.0715 
1983     1983   (0)     22 :  0.0024 0.9706 0.0096 0.0174 
1984     1984   (0)     22 :  0.0034 0.8133 0.0088 0.1745 
1985     1985   (0)     22 :  0.0182 0.9348 0.0116 0.0354 
1986     1986   (0)     22 :  0.0070 0.9798 0.0066 0.0066 
1987     1987   (0)     22 :  0.0048 0.8258 0.0106 0.1588 
1988     1988   (0)     22 :  0.0034 0.9582 0.0120 0.0264 
1989     1989   (0)     22 :  0.0034 0.9850 0.0060 0.0056 
1990     1990   (0)     22 :  0.0068 0.9734 0.0114 0.0084 
1991     1991   (0)     22 :  0.0050 0.9854 0.0040 0.0056 
1992     1992   (0)     22 :  0.0054 0.9818 0.0092 0.0036 
1993     1993   (0)     22 :  0.0024 0.9864 0.0044 0.0068 
1994     1994   (5)     22 :  0.0094 0.9760 0.0052 0.0094 
1995     1995   (5)     22 :  0.0116 0.9494 0.0052 0.0338 
1996     1996   (0)     22 :  0.0126 0.9772 0.0060 0.0042 
1997     1997  (15)     22 :  0.0304 0.9450 0.0134 0.0112 
1998     1998  (10)     22 :  0.0036 0.9526 0.0034 0.0404 
1999     1999  (10)     22 :  0.0054 0.9826 0.0046 0.0074 
2000     2000  (10)     22 :  0.0052 0.9762 0.0098 0.0088 
2001     2001   (5)     22 :  0.0122 0.9650 0.0102 0.0126 
2002     2002   (5)     22 :  0.0050 0.9696 0.0052 0.0202 
2003     2003   (5)     22 :  0.0104 0.9784 0.0074 0.0038 
2004     2004   (5)     22 :  0.0046 0.9666 0.0040 0.0248 
2005     2005   (5)     22 :  0.0046 0.9842 0.0056 0.0056 
2006     2006   (5)     22 :  0.0056 0.9834 0.0056 0.0054 
2007     2007  (15)     22 :  0.0084 0.9726 0.0082 0.0108 
2008     2008   (5)     22 :  0.0026 0.9714 0.0130 0.0130 
2009     2009   (5)     22 :  0.0036 0.9802 0.0034 0.0128 
2010     2010  (15)     22 :  0.0056 0.9650 0.0060 0.0234 
2011     2011   (5)     22 :  0.0088 0.9446 0.0320 0.0146 
2012     2012   (5)     22 :  0.0230 0.9316 0.0318 0.0136 
2013     2013   (5)     22 :  0.0064 0.9838 0.0052 0.0046 
2014     2014   (5)     22 :  0.0038 0.9558 0.0036 0.0368 
2015     2015  (10)     22 :  0.0094 0.9778 0.0052 0.0076 
2016     2016   (5)     22 :  0.0038 0.7890 0.0038 0.2034 
2017     2017   (5)     22 :  0.0068 0.9860 0.0048 0.0024 
2018     2018  (10)     22 :  0.0044 0.9020 0.0046 0.0890 
2019     2019  (10)     22 :  0.0062 0.9782 0.0086 0.0070 
2020     2020  (10)     22 :  0.0076 0.9612 0.0220 0.0092 
2021     2021  (10)     22 :  0.0112 0.9322 0.0330 0.0236 
2022     2022   (5)     22 :  0.0042 0.9804 0.0068 0.0086 
2023     2023  (10)     22 :  0.1304 0.8378 0.0194 0.0124 
2024     2024   (0)     22 :  0.0066 0.9292 0.0042 0.0600 
2025     2025   (5)     22 :  0.0046 0.9336 0.0044 0.0574 
2026     2026   (0)     22 :  0.0024 0.9834 0.0036 0.0106 
2027     2027   (0)     22 :  0.0028 0.9904 0.0026 0.0042 
2028     2028   (0)     22 :  0.0034 0.9830 0.0054 0.0082 
2029     2029   (0)     22 :  0.0066 0.9578 0.0172 0.0184 
2030     2030   (0)     22 :  0.0094 0.9800 0.0034 0.0072 
2031     2031   (0)     22 :  0.0046 0.9128 0.0088 0.0738 
2032     2032   (0)     22 :  0.0092 0.8225 0.0056 0.1627 
2033     2033  (10)     22 :  0.0044 0.9762 0.0072 0.0122 
2034     2034  (10)     22 :  0.0092 0.9732 0.0120 0.0056 
2035     2035   (0)     22 :  0.0042 0.9656 0.0094 0.0208 
2036     2036   (5)     22 :  0.0146 0.9314 0.0474 0.0066 
2037     2037   (0)     22 :  0.0078 0.9654 0.0094 0.0174 
2038     2038   (5)     22 :  0.0050 0.9768 0.0118 0.0064 
2039     2039   (5)     22 :  0.0050 0.9698 0.0044 0.0208 
2040     2040   (5)     22 :  0.0116 0.9436 0.0066 0.0382 
2041     2041  (10)     22 :  0.0024 0.9816 0.0042 0.0118 
2042     2042   (0)     22 :  0.0038 0.9860 0.0038 0.0064 
2043     2043   (0)     22 :  0.0042 0.9822 0.0046 0.0090 
2044     2044   (0)     22 :  0.0372 0.9418 0.0164 0.0046 
2045     2045   (0)     22 :  0.0084 0.9840 0.0034 0.0042 
2046     2046   (0)     22 :  0.0074 0.9780 0.0064 0.0082 
2047     2047   (0)     22 :  0.0044 0.9856 0.0040 0.0060 
2048     2048   (0)     22 :  0.0034 0.9018 0.0230 0.0718 
2049     2049   (0)     22 :  0.0072 0.9790 0.0058 0.0080 
2050     2050   (0)     22 :  0.0038 0.9376 0.0038 0.0548 
2051     2051   (0)     22 :  0.0056 0.9806 0.0060 0.0078 
2052     2052   (0)     22 :  0.0072 0.9810 0.0058 0.0060 
2053     2053   (0)     22 :  0.0104 0.9158 0.0148 0.0590 
2054     2054   (0)     22 :  0.0104 0.9580 0.0196 0.0120 
2055     2055   (0)     22 :  0.0270 0.9366 0.0224 0.0140 
2056     2056   (0)     22 :  0.0068 0.9016 0.0488 0.0428 
2057     2057   (0)     22 :  0.0036 0.9730 0.0120 0.0114 
2058     2058   (0)     22 :  0.0034 0.9816 0.0048 0.0102 
2059     2059   (5)     22 :  0.0072 0.9794 0.0064 0.0070 
2060     2060   (0)     22 :  0.0056 0.9530 0.0100 0.0314 
2061     2061   (5)     22 :  0.0406 0.8228 0.1314 0.0052 
2062     2062   (0)     22 :  0.0046 0.9776 0.0122 0.0056 
2063     2063   (0)     22 :  0.0098 0.8237 0.0080 0.1585 
2064     2064   (0)     22 :  0.0330 0.9514 0.0052 0.0104 
2065     2065   (0)     22 :  0.0038 0.9766 0.0046 0.0150 
2066     2066   (0)     22 :  0.0042 0.9812 0.0036 0.0110 
2067     2067   (0)     22 :  0.0140 0.9534 0.0096 0.0230 
2068     2068   (0)     22 :  0.0028 0.9428 0.0046 0.0498 
2069     2069   (0)     22 :  0.0024 0.9882 0.0034 0.0060 
2070     2070   (0)     22 :  0.0050 0.9812 0.0044 0.0094 
2071     2071   (0)     22 :  0.0042 0.9852 0.0038 0.0068 
2072     2072   (0)     22 :  0.0082 0.8580 0.0168 0.1170 
2073     2073   (0)     22 :  0.0066 0.9834 0.0036 0.0064 
2074     2074   (0)     22 :  0.0042 0.9790 0.0114 0.0054 
2075     2075   (5)     22 :  0.0060 0.9794 0.0044 0.0102 
2076     2076   (0)     22 :  0.0060 0.9700 0.0062 0.0178 
2077     2077   (0)     22 :  0.0134 0.9564 0.0100 0.0202 
2078     2078   (0)     22 :  0.0040 0.9670 0.0108 0.0182 
2079     2079  (10)     22 :  0.0034 0.9672 0.0058 0.0236 
2080     2080   (0)     22 :  0.0024 0.9842 0.0056 0.0078 
2081     2081   (0)     22 :  0.0024 0.9818 0.0034 0.0124 
2082     2082   (0)     22 :  0.0042 0.9804 0.0050 0.0104 
2083     2083  (10)     22 :  0.0032 0.9882 0.0034 0.0052 
2084     2084   (5)     22 :  0.0072 0.9800 0.0062 0.0066 
2085     2085   (0)     22 :  0.0048 0.9784 0.0084 0.0084 
2086     2086   (5)     22 :  0.0038 0.9848 0.0050 0.0064 
2087     2087   (5)     22 :  0.0024 0.9860 0.0068 0.0048 
2088     2088  (10)     22 :  0.0070 0.9798 0.0076 0.0056 
2089     2089   (0)     22 :  0.0028 0.9776 0.0044 0.0152 
2090     2090   (5)     22 :  0.0254 0.9496 0.0176 0.0074 
2091     2091  (10)     22 :  0.0038 0.9696 0.0046 0.0220 
2092     2092   (0)     22 :  0.0118 0.9716 0.0106 0.0060 
2093     2093   (0)     22 :  0.0050 0.9636 0.0180 0.0134 
2094     2094   (0)     22 :  0.0090 0.9552 0.0316 0.0042 
2095     2095   (0)     22 :  0.0724 0.9028 0.0076 0.0172 
2096     2096   (0)     22 :  0.0034 0.9734 0.0092 0.0140 
2097     2097   (0)     22 :  0.0036 0.9810 0.0106 0.0048 
2098     2098   (0)     22 :  0.0046 0.9692 0.0040 0.0222 
2099     2099   (0)     22 :  0.0072 0.9676 0.0044 0.0208 
2100     2100   (0)     22 :  0.0024 0.9764 0.0040 0.0172 
2101     2101   (5)     22 :  0.0138 0.9706 0.0118 0.0038 
2102     2102   (0)     22 :  0.0024 0.9824 0.0034 0.0118 
2103     2103   (0)     22 :  0.0316 0.7056 0.0064 0.2564 
2104     2104   (0)     22 :  0.0082 0.9796 0.0052 0.0070 
2105     2105   (5)     22 :  0.0058 0.9614 0.0098 0.0230 
2106     2106   (0)     22 :  0.0034 0.9734 0.0072 0.0160 
2107     2107   (0)     22 :  0.0078 0.9596 0.0180 0.0146 
2108     2108   (0)     22 :  0.0060 0.9640 0.0072 0.0228 
2109     2109   (0)     22 :  0.0084 0.9584 0.0046 0.0286 
2110     2110   (0)     22 :  0.0064 0.9842 0.0038 0.0056 
2111     2111   (0)     22 :  0.0136 0.8849 0.0080 0.0934 
2112     2112   (0)     22 :  0.0030 0.9764 0.0136 0.0070 
2113     2113   (0)     22 :  0.0080 0.9790 0.0040 0.0090 
2114     2114   (0)     22 :  0.0056 0.9712 0.0064 0.0168 
2115     2115   (0)     22 :  0.0086 0.9700 0.0114 0.0100 
2116     2116   (0)     22 :  0.0034 0.7835 0.0038 0.2093 
2117     2117   (0)     22 :  0.0024 0.9744 0.0060 0.0172 
2118     2118   (0)     22 :  0.0032 0.9878 0.0040 0.0050 
2119     2119   (0)     22 :  0.0046 0.9846 0.0042 0.0066 
2120     2120   (0)     22 :  0.0032 0.9876 0.0036 0.0056 
2121     2121   (0)     22 :  0.0034 0.9828 0.0058 0.0080 
2122     2122   (0)     22 :  0.0072 0.9780 0.0058 0.0090 
2123     2123   (0)     22 :  0.0074 0.9724 0.0114 0.0088 
2124     2124   (0)     22 :  0.0038 0.9808 0.0052 0.0102 
2125     2125   (0)     22 :  0.0038 0.9870 0.0036 0.0056 
2126     2126  (10)     22 :  0.0048 0.9768 0.0098 0.0086 
2127     2127   (5)     22 :  0.0960 0.8770 0.0076 0.0194 
2128     2128  (10)     22 :  0.0066 0.9794 0.0068 0.0072 
2129     2129   (5)     22 :  0.0488 0.8860 0.0396 0.0256 
2130     2130  (10)     22 :  0.0046 0.9726 0.0044 0.0184 
2131     2131  (10)     22 :  0.0126 0.9048 0.0102 0.0724 
2132     2132   (0)     22 :  0.0156 0.9410 0.0072 0.0362 
2133     2133   (5)     22 :  0.0040 0.9720 0.0110 0.0130 
2134     2134   (5)     22 :  0.0112 0.9510 0.0298 0.0080 
2135     2135  (10)     22 :  0.0218 0.9434 0.0104 0.0244 
2136     2136   (0)     22 :  0.0034 0.9580 0.0056 0.0330 
2137     2137   (0)     22 :  0.0034 0.9848 0.0048 0.0070 
2138     2138   (0)     22 :  0.0038 0.9844 0.0054 0.0064 
2139     2139   (0)     22 :  0.0026 0.9874 0.0048 0.0052 
2140     2140   (0)     22 :  0.0040 0.7279 0.0212 0.2470 
2141     2141   (0)     22 :  0.0052 0.9172 0.0752 0.0024 
2142     2142   (0)     22 :  0.0054 0.9183 0.0620 0.0142 
2143     2143   (0)     22 :  0.0050 0.9860 0.0056 0.0034 
2144     2144   (0)     22 :  0.0062 0.9786 0.0110 0.0042 
2145     2145   (5)     22 :  0.0264 0.9508 0.0156 0.0072 
2146     2146   (0)     22 :  0.0712 0.8918 0.0244 0.0126 
2147     2147   (0)     22 :  0.0058 0.9642 0.0034 0.0266 
2148     2148  (10)     22 :  0.0048 0.9736 0.0068 0.0148 
2149     2149   (5)     22 :  0.0068 0.9492 0.0054 0.0386 
2150     2150   (0)     22 :  0.0040 0.9874 0.0026 0.0060 
2151     2151   (5)     22 :  0.0062 0.9734 0.0108 0.0096 
2152     2152   (5)     22 :  0.0066 0.9682 0.0094 0.0158 
2153     2153   (0)     22 :  0.0042 0.9666 0.0084 0.0208 
2154     2154   (0)     22 :  0.0062 0.9532 0.0248 0.0158 
2155     2155   (0)     22 :  0.0038 0.9794 0.0054 0.0114 
2156     2156   (0)     22 :  0.0084 0.9780 0.0098 0.0038 
2157     2157   (0)     22 :  0.0032 0.9506 0.0034 0.0428 
2158     2158   (0)     22 :  0.0036 0.9690 0.0104 0.0170 
2159     2159   (0)     22 :  0.0084 0.9790 0.0044 0.0082 
2160     2160   (0)     22 :  0.0038 0.9856 0.0058 0.0048 
2161     2161   (0)     22 :  0.0032 0.9866 0.0046 0.0056 
2162     2162   (0)     22 :  0.0042 0.9798 0.0058 0.0102 
2163     2163   (0)     22 :  0.0106 0.9644 0.0070 0.0180 
2164     2164   (0)     22 :  0.0152 0.9662 0.0116 0.0070 
2165     2165   (0)     22 :  0.0138 0.9762 0.0062 0.0038 
2166     2166   (0)     22 :  0.0078 0.9830 0.0054 0.0038 
2167     2167   (0)     22 :  0.0052 0.9144 0.0052 0.0752 
2168     2168   (0)     22 :  0.0120 0.9526 0.0074 0.0280 
2169     2169   (0)     22 :  0.0052 0.9138 0.0052 0.0758 
2170     2170   (0)     22 :  0.0052 0.9832 0.0066 0.0050 
2171     2171   (0)     22 :  0.0066 0.9832 0.0046 0.0056 
2172     2172   (0)     22 :  0.0032 0.9818 0.0072 0.0078 
2173     2173   (0)     22 :  0.0024 0.9854 0.0070 0.0052 
2174     2174   (0)     22 :  0.0024 0.9716 0.0036 0.0224 
2175     2175   (0)     22 :  0.0032 0.9292 0.0032 0.0644 
2176     2176   (0)     22 :  0.0042 0.8730 0.0128 0.1100 
2177     2177   (0)     22 :  0.0086 0.9436 0.0336 0.0142 
2178     2178   (0)     22 :  0.0038 0.9846 0.0050 0.0066 
2179     2179   (0)     22 :  0.0154 0.9636 0.0080 0.0130 
2180     2180   (0)     22 :  0.0036 0.9534 0.0032 0.0398 
2181     2181   (0)     22 :  0.0102 0.9740 0.0044 0.0114 
2182     2182   (0)     22 :  0.0038 0.9838 0.0042 0.0082 
2183     2183   (0)     22 :  0.0056 0.9754 0.0068 0.0122 
2184     2184   (0)     22 :  0.0040 0.9684 0.0086 0.0190 
2185     2185   (0)     22 :  0.0062 0.9838 0.0036 0.0064 
2186     2186   (0)     22 :  0.0040 0.9698 0.0074 0.0188 
2187     2187   (0)     22 :  0.0024 0.9788 0.0050 0.0138 
2188     2188   (0)     22 :  0.0048 0.8845 0.0092 0.1015 
2189     2189   (0)     22 :  0.0042 0.9864 0.0038 0.0056 
2190     2190   (0)     22 :  0.0038 0.9854 0.0048 0.0060 
2191     2191   (0)     22 :  0.0042 0.9802 0.0048 0.0108 
2192     2192   (0)     22 :  0.0042 0.9864 0.0048 0.0046 
2193     2193   (0)     22 :  0.0034 0.9834 0.0060 0.0072 
2194     2194   (0)     22 :  0.0042 0.9848 0.0044 0.0066 
2195     2195   (0)     22 :  0.0046 0.9846 0.0042 0.0066 
2196     2196   (5)     23 :  0.0116 0.9750 0.0082 0.0052 
2197     2197   (0)     23 :  0.0100 0.9730 0.0098 0.0072 
2198     2198   (0)     23 :  0.0086 0.9644 0.0064 0.0206 
2199     2199   (0)     23 :  0.0066 0.9796 0.0064 0.0074 
2200     2200   (0)     23 :  0.0034 0.9760 0.0048 0.0158 
2201     2201   (0)     23 :  0.0388 0.8477 0.1025 0.0110 
2202     2202   (0)     23 :  0.0084 0.9530 0.0188 0.0198 
2203     2203   (0)     23 :  0.0066 0.8914 0.0236 0.0784 
2204     2204   (0)     23 :  0.0128 0.9630 0.0104 0.0138 
2205     2205   (0)     23 :  0.0038 0.9868 0.0048 0.0046 
2206     2206   (0)     23 :  0.0040 0.9764 0.0094 0.0102 
2207     2207   (0)     23 :  0.0040 0.9734 0.0116 0.0110 
2208     2208   (0)     23 :  0.0054 0.9692 0.0060 0.0194 
2209     2209   (0)     23 :  0.0046 0.9848 0.0046 0.0060 
2210     2210   (0)     23 :  0.0066 0.8956 0.0058 0.0920 
2211     2211   (0)     23 :  0.0032 0.9842 0.0034 0.0092 
2212     2212   (0)     23 :  0.0076 0.9826 0.0046 0.0052 
2213     2213   (0)     23 :  0.0038 0.9840 0.0084 0.0038 
2214     2214   (0)     23 :  0.0046 0.9848 0.0064 0.0042 
2215     2215   (0)     23 :  0.0102 0.9144 0.0716 0.0038 
2216     2216   (0)     23 :  0.0116 0.8539 0.0084 0.1261 
2217     2217   (0)     23 :  0.0694 0.9180 0.0074 0.0052 
2218     2218   (0)     23 :  0.0136 0.9664 0.0096 0.0104 
2219     2219   (0)     23 :  0.0118 0.9604 0.0074 0.0204 
2220     2220   (0)     23 :  0.0044 0.9802 0.0116 0.0038 
2221     2221   (0)     23 :  0.0144 0.9696 0.0084 0.0076 
2222     2222   (0)     23 :  0.0490 0.9258 0.0078 0.0174 
2223     2223   (0)     23 :  0.0138 0.9682 0.0112 0.0068 
2224     2224   (0)     23 :  0.0044 0.9618 0.0082 0.0256 
2225     2225   (0)     23 :  0.0096 0.9770 0.0096 0.0038 
2226     2226   (0)     23 :  0.0062 0.9230 0.0310 0.0398 
2227     2227  (10)     23 :  0.0092 0.9764 0.0066 0.0078 
2228     2228   (5)     23 :  0.0042 0.9616 0.0050 0.0292 
2229     2229   (0)     23 :  0.0438 0.7228 0.2306 0.0028 
2230     2230   (0)     23 :  0.0062 0.9806 0.0108 0.0024 
2231     2231   (0)     23 :  0.0086 0.9632 0.0114 0.0168 
2232     2232   (0)     23 :  0.0042 0.9738 0.0172 0.0048 
2233     2233   (0)     23 :  0.0088 0.8686 0.1154 0.0072 
2234     2234   (0)     23 :  0.0068 0.9824 0.0076 0.0032 
2235     2235   (0)     23 :  0.0050 0.9632 0.0220 0.0098 
2236     2236   (0)     23 :  0.0152 0.9646 0.0160 0.0042 
2237     2237   (0)     23 :  0.0162 0.9760 0.0032 0.0046 
2238     2238   (5)     23 :  0.0304 0.9228 0.0418 0.0050 
2239     2239   (0)     23 :  0.0112 0.8984 0.0640 0.0264 
2240     2240   (0)     23 :  0.0088 0.9806 0.0060 0.0046 
2241     2241   (0)     23 :  0.0078 0.8704 0.1166 0.0052 
2242     2242   (0)     23 :  0.0112 0.9636 0.0164 0.0088 
2243     2243   (0)     23 :  0.0152 0.9376 0.0434 0.0038 
2244     2244   (5)     23 :  0.1014 0.5633 0.3205 0.0148 
2245     2245   (0)     23 :  0.1072 0.8738 0.0104 0.0086 
2246     2246   (0)     23 :  0.0046 0.9318 0.0064 0.0572 
2247     2247   (0)     23 :  0.0660 0.9254 0.0048 0.0038 
2248     2248   (0)     23 :  0.0176 0.9666 0.0092 0.0066 
2249     2249   (0)     23 :  0.0058 0.9700 0.0042 0.0200 
2250     2250   (0)     23 :  0.0046 0.9804 0.0054 0.0096 
2251     2251   (5)     23 :  0.0066 0.9760 0.0082 0.0092 
2252     2252   (5)     23 :  0.1602 0.8246 0.0118 0.0034 
2253     2253   (0)     23 :  0.0084 0.9820 0.0044 0.0052 
2254     2254   (0)     23 :  0.0654 0.9004 0.0184 0.0158 
2255     2255   (0)     23 :  0.0108 0.9626 0.0228 0.0038 
2256     2256   (0)     23 :  0.0046 0.9874 0.0042 0.0038 
2257     2257   (0)     23 :  0.0062 0.9808 0.0064 0.0066 
2258     2258   (0)     23 :  0.0388 0.9328 0.0192 0.0092 
2259     2259   (0)     23 :  0.0366 0.9520 0.0072 0.0042 
2260     2260   (0)     23 :  0.0148 0.9670 0.0118 0.0064 
2261     2261   (0)     23 :  0.0342 0.9480 0.0088 0.0090 
2262     2262   (0)     23 :  0.0068 0.9842 0.0038 0.0052 
2263     2263   (0)     23 :  0.0352 0.9142 0.0458 0.0048 
2264     2264   (0)     24 :  0.0030 0.9826 0.0044 0.0100 
2265     2265   (0)     24 :  0.0030 0.9820 0.0048 0.0102 
2266     2266   (0)     24 :  0.0066 0.9778 0.0064 0.0092 
2267     2267   (0)     24 :  0.0048 0.9762 0.0082 0.0108 
2268     2268   (0)     24 :  0.0064 0.9816 0.0056 0.0064 
2269     2269   (0)     24 :  0.0074 0.9854 0.0034 0.0038 
2270     2270   (0)     24 :  0.0034 0.9826 0.0046 0.0094 
2271     2271   (0)     24 :  0.1374 0.8452 0.0136 0.0038 
2272     2272   (0)     24 :  0.0114 0.9644 0.0116 0.0126 
2273     2273   (0)     24 :  0.0138 0.9638 0.0098 0.0126 
2274     2274   (0)     24 :  0.0056 0.9844 0.0044 0.0056 
2275     2275   (0)     24 :  0.0068 0.9504 0.0338 0.0090 
2276     2276   (0)     24 :  0.0106 0.9822 0.0044 0.0028 
2277     2277   (0)     24 :  0.0052 0.9756 0.0070 0.0122 
2278     2278   (0)     24 :  0.0050 0.9798 0.0114 0.0038 
2279     2279   (0)     24 :  0.0050 0.9864 0.0034 0.0052 
2280     2280   (0)     24 :  0.0086 0.9776 0.0064 0.0074 
2281     2281   (0)     24 :  0.0756 0.9124 0.0070 0.0050 
2282     2282   (0)     24 :  0.0060 0.9864 0.0038 0.0038 
2283     2283   (0)     24 :  0.0070 0.9806 0.0058 0.0066 
2284     2284   (0)     24 :  0.0078 0.9736 0.0124 0.0062 
2285     2285   (0)     24 :  0.0094 0.9470 0.0326 0.0110 
2286     2286   (0)     24 :  0.0024 0.9732 0.0102 0.0142 
2287     2287   (0)     24 :  0.0070 0.9502 0.0122 0.0306 
2288     2288   (0)     24 :  0.0066 0.9702 0.0180 0.0052 
2289     2289   (0)     24 :  0.0072 0.9726 0.0160 0.0042 
2290     2290   (0)     24 :  0.0066 0.9808 0.0092 0.0034 
2291     2291   (0)     24 :  0.0050 0.9740 0.0128 0.0082 
2292     2292   (0)     24 :  0.0064 0.9714 0.0184 0.0038 
2293     2293   (0)     24 :  0.0266 0.9388 0.0132 0.0214 
2294     2294   (0)     24 :  0.0036 0.9724 0.0120 0.0120 
2295     2295   (0)     25 :  0.0042 0.9548 0.0118 0.0292 
2296     2296   (0)     25 :  0.0044 0.9640 0.0120 0.0196 
2297     2297   (0)     25 :  0.0400 0.9460 0.0102 0.0038 
2298     2298   (0)     25 :  0.0080 0.9758 0.0084 0.0078 
2299     2299   (0)     25 :  0.0052 0.9844 0.0062 0.0042 
2300     2300   (0)     25 :  0.0216 0.9618 0.0064 0.0102 
2301     2301   (0)     25 :  0.0060 0.9790 0.0094 0.0056 
2302     2302   (0)     25 :  0.0072 0.9760 0.0092 0.0076 
2303     2303   (0)     25 :  0.0036 0.9654 0.0112 0.0198 
2304     2304   (0)     25 :  0.0044 0.9862 0.0056 0.0038 
2305     2305   (0)     25 :  0.0044 0.9852 0.0064 0.0040 
2306     2306   (0)     25 :  0.0052 0.9704 0.0206 0.0038 
2307     2307   (0)     25 :  0.0316 0.9222 0.0408 0.0054 
2308     2308   (0)     25 :  0.0292 0.9596 0.0052 0.0060 
2309     2309   (0)     25 :  0.0042 0.9806 0.0090 0.0062 
2310     2310   (0)     25 :  0.0030 0.9732 0.0124 0.0114 
2311     2311   (0)     25 :  0.0118 0.9722 0.0134 0.0026 
2312     2312   (0)     25 :  0.0060 0.9802 0.0084 0.0054 
2313     2313   (0)     25 :  0.0096 0.9746 0.0056 0.0102 
2314     2314   (0)     25 :  0.0028 0.9820 0.0062 0.0090 
2315     2315   (0)     25 :  0.0034 0.9822 0.0088 0.0056 
2316     2316   (0)     25 :  0.0062 0.9746 0.0090 0.0102 
2317     2317   (0)     25 :  0.0086 0.9784 0.0048 0.0082 
2318     2318   (0)     25 :  0.0046 0.9852 0.0050 0.0052 
2319     2319   (0)     25 :  0.0090 0.9638 0.0076 0.0196 
2320     2320   (0)     25 :  0.0042 0.9886 0.0034 0.0038 
2321     2321   (0)     25 :  0.0048 0.9822 0.0062 0.0068 
2322     2322   (0)     25 :  0.0056 0.9854 0.0062 0.0028 
2323     2323   (0)     25 :  0.0060 0.9660 0.0186 0.0094 
2324     2324   (0)     25 :  0.0108 0.9782 0.0058 0.0052 
2325     2325   (0)     25 :  0.0050 0.9752 0.0118 0.0080 
2326     2326   (0)     25 :  0.0082 0.9650 0.0082 0.0186 
2327     2327   (0)     25 :  0.0086 0.9822 0.0058 0.0034 
2328     2328   (0)     25 :  0.0040 0.9838 0.0066 0.0056 
2329     2329   (0)     25 :  0.0054 0.9880 0.0024 0.0042 
2330     2330   (0)     25 :  0.0594 0.9306 0.0074 0.0026 
2331     2331   (0)     25 :  0.0054 0.9736 0.0102 0.0108 
2332     2332   (0)     25 :  0.0060 0.9788 0.0096 0.0056 
2333     2333   (0)     25 :  0.0076 0.9816 0.0048 0.0060 
2334     2334   (0)     25 :  0.0042 0.9546 0.0304 0.0108 
2335     2335   (0)     25 :  0.0058 0.9764 0.0100 0.0078 
2336     2336   (0)     25 :  0.0048 0.9756 0.0048 0.0148 
2337     2337   (0)     25 :  0.0346 0.9542 0.0060 0.0052 
2338     2338   (0)     25 :  0.0046 0.9830 0.0048 0.0076 
2339     2339   (0)     25 :  0.0068 0.9820 0.0046 0.0066 
2340     2340   (0)     25 :  0.0048 0.9862 0.0062 0.0028 
2341     2341   (0)     25 :  0.0220 0.9586 0.0128 0.0066 
2342     2342   (0)     25 :  0.0052 0.9616 0.0166 0.0166 
2343     2343   (0)     25 :  0.0096 0.9738 0.0118 0.0048 
2344     2344   (0)     25 :  0.0216 0.9642 0.0090 0.0052 
2345     2345   (0)     25 :  0.0146 0.9744 0.0046 0.0064 
2346     2346   (0)     25 :  0.0044 0.9810 0.0076 0.0070 
2347     2347   (0)     25 :  0.0028 0.9868 0.0024 0.0080 
2348     2348   (0)     25 :  0.0040 0.9854 0.0068 0.0038 
2349     2349   (0)     25 :  0.0030 0.9880 0.0056 0.0034 
2350     2350   (0)     25 :  0.0042 0.9878 0.0042 0.0038 
2351     2351   (0)     25 :  0.0054 0.9862 0.0038 0.0046 
2352     2352   (0)     25 :  0.0066 0.9808 0.0066 0.0060 
2353     2353   (0)     25 :  0.0040 0.9842 0.0070 0.0048 
2354     2354   (0)     25 :  0.0038 0.9860 0.0044 0.0058 
2355     2355   (0)     25 :  0.0104 0.9678 0.0100 0.0118 
2356     2356   (0)     25 :  0.0094 0.9682 0.0172 0.0052 
2357     2357   (0)     25 :  0.0108 0.9780 0.0060 0.0052 
2358     2358   (0)     25 :  0.0050 0.9650 0.0158 0.0142 
2359     2359   (0)     25 :  0.0028 0.9814 0.0044 0.0114 
2360     2360   (0)     25 :  0.0108 0.9766 0.0060 0.0066 
2361     2361   (0)     25 :  0.0058 0.9812 0.0074 0.0056 
2362     2362   (0)     25 :  0.0194 0.9622 0.0146 0.0038 
2363     2363   (0)     25 :  0.0144 0.9712 0.0062 0.0082 
2364     2364   (0)     25 :  0.0054 0.9760 0.0076 0.0110 
2365     2365   (0)     25 :  0.0048 0.9830 0.0070 0.0052 
2366     2366   (0)     25 :  0.0072 0.9646 0.0048 0.0234 
2367     2367   (0)     25 :  0.0080 0.9836 0.0042 0.0042 
2368     2368   (0)     25 :  0.0064 0.9134 0.0626 0.0176 
2369     2369   (0)     25 :  0.0038 0.9858 0.0062 0.0042 
2370     2370   (0)     25 :  0.0076 0.9672 0.0142 0.0110 
2371     2371   (0)     25 :  0.0036 0.9832 0.0080 0.0052 
2372     2372   (0)     25 :  0.0070 0.9744 0.0056 0.0130 
2373     2373   (0)     25 :  0.0050 0.9846 0.0046 0.0058 
2374     2374   (0)     25 :  0.0052 0.9844 0.0080 0.0024 
2375     2375   (0)     25 :  0.0054 0.9730 0.0058 0.0158 
2376     2376   (0)     25 :  0.0308 0.9574 0.0058 0.0060 
2377     2377   (0)     25 :  0.0076 0.9646 0.0226 0.0052 
2378     2378   (0)     25 :  0.0044 0.9796 0.0122 0.0038 
2379     2379   (0)     25 :  0.0024 0.9870 0.0054 0.0052 
2380     2380   (0)     25 :  0.0260 0.9556 0.0094 0.0090 
2381     2381   (0)     25 :  0.0056 0.9842 0.0046 0.0056 
2382     2382   (0)     25 :  0.0024 0.9886 0.0034 0.0056 
2383     2383   (0)     25 :  0.0034 0.9850 0.0050 0.0066 
2384     2384   (0)     25 :  0.0116 0.9770 0.0086 0.0028 
2385     2385   (0)     25 :  0.0884 0.8962 0.0038 0.0116 
2386     2386   (0)     25 :  0.0250 0.9654 0.0036 0.0060 
2387     2387   (0)     25 :  0.1038 0.8668 0.0232 0.0062 
2388     2388   (0)     25 :  0.0034 0.9848 0.0044 0.0074 
2389     2389   (0)     25 :  0.0168 0.9612 0.0060 0.0160 
2390     2390   (0)     25 :  0.0068 0.9698 0.0070 0.0164 
2391     2391   (0)     25 :  0.0118 0.9626 0.0066 0.0190 
2392     2392   (0)     25 :  0.0028 0.9898 0.0028 0.0046 
2393     2393   (0)     25 :  0.0050 0.9744 0.0164 0.0042 
2394     2394   (0)     25 :  0.0038 0.9774 0.0164 0.0024 
2395     2395   (0)     25 :  0.0146 0.9754 0.0048 0.0052 
2396     2396   (0)     25 :  0.0034 0.9840 0.0074 0.0052 
2397     2397   (0)     25 :  0.0058 0.9664 0.0194 0.0084 
2398     2398   (0)     25 :  0.0074 0.9752 0.0106 0.0068 
2399     2399   (0)     25 :  0.0064 0.9846 0.0034 0.0056 
2400     2400   (0)     25 :  0.0152 0.9710 0.0078 0.0060 
2401     2401   (0)     25 :  0.0066 0.9832 0.0060 0.0042 
2402     2402   (0)     25 :  0.0142 0.9770 0.0042 0.0046 
2403     2403   (0)     25 :  0.0036 0.9872 0.0036 0.0056 
2404     2404   (0)     25 :  0.0028 0.9846 0.0054 0.0072 
2405     2405   (0)     25 :  0.0068 0.9788 0.0054 0.0090 
2406     2406   (0)     25 :  0.0042 0.9780 0.0116 0.0062 
2407     2407   (0)     25 :  0.0058 0.9726 0.0158 0.0058 
2408     2408   (0)     25 :  0.0046 0.9846 0.0062 0.0046 
2409     2409   (0)     25 :  0.0042 0.9862 0.0048 0.0048 
2410     2410   (0)     25 :  0.0052 0.9224 0.0658 0.0066 
2411     2411   (0)     25 :  0.0036 0.9820 0.0110 0.0034 
2412     2412   (0)     25 :  0.0034 0.9838 0.0060 0.0068 
2413     2413   (0)     25 :  0.0336 0.9478 0.0082 0.0104 
2414     2414   (0)     25 :  0.0090 0.9792 0.0066 0.0052 
2415     2415   (0)     25 :  0.0080 0.9848 0.0036 0.0036 
2416     2416   (0)     25 :  0.0054 0.9782 0.0082 0.0082 
2417     2417   (0)     25 :  0.0050 0.9800 0.0048 0.0102 
2418     2418   (0)     25 :  0.0188 0.9648 0.0090 0.0074 
2419     2419   (0)     25 :  0.0046 0.9856 0.0060 0.0038 
2420     2420   (0)     26 :  0.0050 0.9840 0.0044 0.0066 
2421     2421   (0)     26 :  0.0360 0.9496 0.0092 0.0052 
2422     2422   (0)     26 :  0.0066 0.9734 0.0100 0.0100 
2423     2423   (0)     26 :  0.0108 0.9672 0.0132 0.0088 
2424     2424   (0)     26 :  0.0052 0.9846 0.0046 0.0056 
2425     2425   (0)     26 :  0.0158 0.9724 0.0066 0.0052 
2426     2426   (0)     26 :  0.0308 0.9552 0.0116 0.0024 
2427     2427   (0)     26 :  0.0042 0.9299 0.0619 0.0040 
2428     2428   (0)     26 :  0.0104 0.9570 0.0274 0.0052 
2429     2429   (0)     26 :  0.0086 0.8950 0.0418 0.0546 
2430     2430   (0)     26 :  0.0068 0.9852 0.0052 0.0028 
2431     2431   (0)     26 :  0.0094 0.9446 0.0408 0.0052 
2432     2432   (0)     26 :  0.0080 0.9828 0.0054 0.0038 
2433     2433   (0)     26 :  0.0104 0.9766 0.0066 0.0064 
2434     2434   (0)     26 :  0.0052 0.9834 0.0076 0.0038 
2435     2435  (10)     26 :  0.0148 0.9710 0.0090 0.0052 
2436     2436   (0)     26 :  0.0090 0.9506 0.0342 0.0062 
2437     2437   (0)     26 :  0.0162 0.9426 0.0266 0.0146 
2438     2438   (0)     26 :  0.0098 0.9766 0.0048 0.0088 
2439     2439   (0)     26 :  0.2266 0.7530 0.0126 0.0078 
2440     2440   (5)     26 :  0.0104 0.9778 0.0074 0.0044 
2441     2441   (0)     26 :  0.0048 0.9770 0.0054 0.0128 
2442     2442   (0)     26 :  0.0186 0.9736 0.0054 0.0024 
2443     2443   (0)     26 :  0.0578 0.9000 0.0304 0.0118 
2444     2444   (0)     26 :  0.0072 0.9742 0.0134 0.0052 
2445     2445   (0)     26 :  0.0046 0.9834 0.0050 0.0070 
2446     2446   (0)     26 :  0.0044 0.9478 0.0450 0.0028 
2447     2447   (5)     26 :  0.0226 0.9706 0.0036 0.0032 
2448     2448   (0)     26 :  0.0070 0.9756 0.0098 0.0076 
2449     2449   (0)     26 :  0.0066 0.9798 0.0076 0.0060 
2450     2450   (0)     26 :  0.0204 0.9686 0.0072 0.0038 
2451     2451   (0)     26 :  0.0034 0.9716 0.0124 0.0126 
2452     2452   (0)     26 :  0.0050 0.9748 0.0122 0.0080 
2453     2453   (0)     26 :  0.0100 0.9418 0.0136 0.0346 
2454     2454   (0)     26 :  0.0060 0.9812 0.0066 0.0062 
2455     2455   (0)     26 :  0.0062 0.9828 0.0036 0.0074 
2456     2456   (0)     26 :  0.0202 0.9730 0.0040 0.0028 
2457     2457   (5)     26 :  0.0062 0.9718 0.0072 0.0148 
2458     2458   (0)     26 :  0.0074 0.9726 0.0162 0.0038 
2459     2459   (0)     26 :  0.0066 0.9820 0.0076 0.0038 
2460     2460   (0)     26 :  0.0054 0.9846 0.0056 0.0044 
2461     2461   (5)     26 :  0.0078 0.9744 0.0126 0.0052 
2462     2462   (5)     26 :  0.0426 0.9176 0.0338 0.0060 
2463     2463  (10)     26 :  0.0090 0.9752 0.0106 0.0052 
2464     2464   (5)     26 :  0.0496 0.9308 0.0158 0.0038 
2465     2465   (5)     26 :  0.0038 0.9866 0.0054 0.0042 
2466     2466   (5)     26 :  0.0040 0.9828 0.0062 0.0070 
2467     2467   (5)     26 :  0.1282 0.8594 0.0076 0.0048 
2468     2468   (5)     26 :  0.0062 0.9764 0.0104 0.0070 
2469     2469  (10)     26 :  0.0052 0.9842 0.0050 0.0056 
2470     2470   (5)     26 :  0.0236 0.9568 0.0130 0.0066 
2471     2471   (5)     26 :  0.0038 0.9850 0.0062 0.0050 
2472     2472   (5)     26 :  0.0126 0.9580 0.0132 0.0162 
2473     2473   (0)     27 :  0.0074 0.9748 0.0118 0.0060 
2474     2474   (0)     27 :  0.0060 0.9548 0.0338 0.0054 
2475     2475   (0)     27 :  0.0048 0.9792 0.0086 0.0074 
2476     2476   (0)     27 :  0.0110 0.9768 0.0062 0.0060 
2477     2477   (0)     27 :  0.0052 0.9860 0.0050 0.0038 
2478     2478   (0)     27 :  0.0062 0.9800 0.0078 0.0060 
2479     2479   (0)     27 :  0.0034 0.9838 0.0058 0.0070 
2480     2480   (0)     27 :  0.0044 0.9672 0.0112 0.0172 
2481     2481   (0)     27 :  0.0116 0.9690 0.0072 0.0122 
2482     2482   (0)     27 :  0.0228 0.9682 0.0040 0.0050 
2483     2483   (0)     27 :  0.1574 0.7756 0.0604 0.0066 
2484     2484   (0)     27 :  0.0050 0.9806 0.0050 0.0094 
2485     2485   (0)     27 :  0.0064 0.9182 0.0242 0.0512 
2486     2486   (0)     27 :  0.0122 0.9524 0.0108 0.0246 
2487     2487   (0)     27 :  0.0154 0.9714 0.0094 0.0038 
2488     2488   (0)     27 :  0.0030 0.9816 0.0086 0.0068 
2489     2489   (0)     27 :  0.0124 0.9582 0.0090 0.0204 
2490     2490   (0)     27 :  0.0126 0.9236 0.0528 0.0110 
2491     2491   (0)     27 :  0.0060 0.9852 0.0050 0.0038 
2492     2492   (0)     27 :  0.0088 0.9642 0.0166 0.0104 
2493     2493   (0)     27 :  0.0058 0.9866 0.0038 0.0038 
2494     2494   (0)     27 :  0.0046 0.9866 0.0050 0.0038 
2495     2495   (0)     27 :  0.0212 0.9606 0.0130 0.0052 
2496     2496   (0)     27 :  0.0635 0.9213 0.0110 0.0042 
2497     2497   (0)     27 :  0.0054 0.9802 0.0076 0.0068 
2498     2498   (0)     27 :  0.0052 0.9872 0.0048 0.0028 
2499     2499   (0)     27 :  0.0066 0.9832 0.0044 0.0058 
2500     2500   (0)     27 :  0.0102 0.9460 0.0056 0.0382 
2501     2501   (0)     27 :  0.0060 0.9826 0.0058 0.0056 
2502     2502   (0)     27 :  0.0084 0.9774 0.0090 0.0052 
2503     2503   (0)     27 :  0.0082 0.9752 0.0064 0.0102 
2504     2504   (0)     27 :  0.0092 0.9692 0.0168 0.0048 
2505     2505   (0)     27 :  0.0042 0.9880 0.0036 0.0042 
2506     2506   (0)     27 :  0.0084 0.9810 0.0046 0.0060 
2507     2507   (0)     27 :  0.0052 0.9748 0.0128 0.0072 
2508     2508   (0)     27 :  0.0144 0.9756 0.0058 0.0042 
2509     2509   (0)     27 :  0.0052 0.9702 0.0102 0.0144 
2510     2510   (0)     27 :  0.0058 0.9772 0.0138 0.0032 
2511     2511   (0)     27 :  0.0040 0.9772 0.0148 0.0040 
2512     2512   (0)     27 :  0.0196 0.9656 0.0054 0.0094 
2513     2513   (0)     27 :  0.0728 0.9156 0.0078 0.0038 
2514     2514   (0)     27 :  0.0040 0.9894 0.0032 0.0034 
2515     2515   (0)     27 :  0.0044 0.9438 0.0470 0.0048 
2516     2516   (0)     27 :  0.0134 0.9482 0.0250 0.0134 
2517     2517   (0)     27 :  0.0126 0.9736 0.0098 0.0040 
2518     2518   (0)     27 :  0.0084 0.9576 0.0094 0.0246 
2519     2519   (0)     27 :  0.0070 0.9812 0.0058 0.0060 
2520     2520   (0)     27 :  0.0078 0.9710 0.0152 0.0060 
2521     2521   (0)     27 :  0.0130 0.9710 0.0090 0.0070 
2522     2522   (0)     27 :  0.0110 0.9652 0.0196 0.0042 
2523     2523   (0)     27 :  0.0102 0.9600 0.0058 0.0240 
2524     2524   (0)     27 :  0.0034 0.9822 0.0084 0.0060 
2525     2525   (0)     27 :  0.0080 0.9820 0.0062 0.0038 
2526     2526   (0)     27 :  0.0048 0.9858 0.0056 0.0038 
2527     2527   (0)     27 :  0.0732 0.7886 0.1334 0.0048 
2528     2528   (0)     27 :  0.0038 0.9834 0.0050 0.0078 
2529     2529   (0)     27 :  0.0038 0.9822 0.0048 0.0092 
2530     2530   (0)     27 :  0.0072 0.9830 0.0070 0.0028 
2531     2531   (0)     27 :  0.0274 0.9616 0.0068 0.0042 
2532     2532   (0)     27 :  0.0100 0.9634 0.0222 0.0044 
2533     2533   (0)     27 :  0.0204 0.9656 0.0106 0.0034 
2534     2534   (0)     27 :  0.0096 0.9818 0.0048 0.0038 
2535     2535   (0)     27 :  0.0140 0.9710 0.0088 0.0062 
2536     2536   (0)     27 :  0.0062 0.9822 0.0084 0.0032 
2537     2537   (0)     27 :  0.0068 0.9820 0.0036 0.0076 
2538     2538   (0)     27 :  0.0296 0.9202 0.0460 0.0042 
2539     2539   (0)     27 :  0.0090 0.9806 0.0062 0.0042 
2540     2540   (0)     27 :  0.1028 0.8384 0.0542 0.0046 
2541     2541   (0)     27 :  0.0046 0.9852 0.0070 0.0032 
2542     2542   (0)     27 :  0.0104 0.9550 0.0124 0.0222 
2543     2543   (0)     27 :  0.0140 0.9770 0.0048 0.0042 
2544     2544   (0)     27 :  0.0222 0.9650 0.0076 0.0052 
2545     2545   (0)     27 :  0.0056 0.9844 0.0054 0.0046 
2546     2546   (0)     27 :  0.0654 0.8846 0.0442 0.0058 
2547     2547   (0)     27 :  0.0068 0.9770 0.0094 0.0068 
2548     2548   (0)     27 :  0.0088 0.9770 0.0104 0.0038 
2549     2549   (0)     27 :  0.0490 0.9256 0.0206 0.0048 
2550     2550   (0)     27 :  0.0100 0.9764 0.0088 0.0048 
2551     2551   (0)     27 :  0.0144 0.9730 0.0066 0.0060 
2552     2552   (0)     27 :  0.0066 0.9684 0.0110 0.0140 
2553     2553   (0)     27 :  0.0186 0.9634 0.0132 0.0048 
2554     2554   (0)     27 :  0.0042 0.9888 0.0042 0.0028 
2555     2555   (0)     27 :  0.0078 0.9786 0.0098 0.0038 
2556     2556   (0)     27 :  0.0084 0.9816 0.0046 0.0054 
2557     2557   (0)     27 :  0.0128 0.9466 0.0358 0.0048 
2558     2558   (0)     27 :  0.0178 0.9622 0.0080 0.0120 
2559     2559   (0)     27 :  0.0084 0.9790 0.0056 0.0070 
2560     2560   (0)     27 :  0.0106 0.9796 0.0060 0.0038 
2561     2561   (0)     27 :  0.0048 0.9462 0.0442 0.0048 
2562     2562   (0)     27 :  0.0302 0.9562 0.0098 0.0038 
2563     2563   (0)     27 :  0.0992 0.8727 0.0220 0.0062 
2564     2564   (0)     27 :  0.0080 0.9818 0.0050 0.0052 
2565     2565   (0)     27 :  0.0086 0.9786 0.0072 0.0056 
2566     2566   (0)     27 :  0.0038 0.9812 0.0042 0.0108 
2567     2567   (0)     27 :  0.0062 0.9670 0.0186 0.0082 
2568     2568   (0)     27 :  0.2633 0.7037 0.0190 0.0140 
2569     2569   (0)     27 :  0.0110 0.9780 0.0072 0.0038 
2570     2570   (0)     27 :  0.0242 0.8952 0.0598 0.0208 
2571     2571   (0)     27 :  0.0102 0.9792 0.0050 0.0056 
2572     2572   (0)     27 :  0.0126 0.9790 0.0048 0.0036 
2573     2573   (0)     27 :  0.0056 0.9708 0.0138 0.0098 
2574     2574   (0)     27 :  0.0056 0.9792 0.0088 0.0064 
2575     2575   (0)     27 :  0.0122 0.9734 0.0074 0.0070 
2576     2576   (0)     27 :  0.0110 0.9326 0.0078 0.0486 
2577     2577   (0)     27 :  0.0034 0.9832 0.0054 0.0080 
2578     2578   (0)     27 :  0.0066 0.9770 0.0064 0.0100 
2579     2579   (0)     27 :  0.0126 0.9624 0.0198 0.0052 
2580     2580   (0)     27 :  0.0116 0.9662 0.0110 0.0112 
2581     2581   (0)     27 :  0.0066 0.9836 0.0060 0.0038 
2582     2582   (0)     27 :  0.0038 0.9842 0.0070 0.0050 
2583     2583   (0)     27 :  0.2845 0.7023 0.0072 0.0060 
2584     2584   (0)     27 :  0.0098 0.9792 0.0054 0.0056 
2585     2585   (0)     27 :  0.0024 0.9854 0.0038 0.0084 
2586     2586   (0)     27 :  0.0266 0.9602 0.0094 0.0038 
2587     2587   (0)     27 :  0.0070 0.9686 0.0088 0.0156 
2588     2588   (0)     27 :  0.0058 0.9810 0.0080 0.0052 
2589     2589   (0)     27 :  0.0140 0.9614 0.0152 0.0094 
2590     2590   (0)     27 :  0.0072 0.9836 0.0036 0.0056 
2591     2591   (0)     27 :  0.0052 0.9808 0.0116 0.0024 
2592     2592   (0)     27 :  0.0122 0.9750 0.0096 0.0032 
2593     2593   (0)     27 :  0.0028 0.9900 0.0044 0.0028 
2594     2594   (0)     27 :  0.0054 0.9756 0.0158 0.0032 
2595     2595   (0)     27 :  0.0056 0.9812 0.0080 0.0052 
2596     2596   (0)     27 :  0.0124 0.9792 0.0048 0.0036 
2597     2597   (0)     27 :  0.0082 0.9670 0.0088 0.0160 
2598     2598   (5)     28 :  0.0038 0.0056 0.0052 0.9854 
2599     2599   (0)     28 :  0.0038 0.0080 0.0054 0.9828 
2600     2600   (0)     28 :  0.0046 0.0044 0.0030 0.9880 
2601     2601   (0)     28 :  0.0120 0.0236 0.0130 0.9514 
2602     2602   (0)     28 :  0.0034 0.0038 0.0040 0.9888 
2603     2603   (0)     28 :  0.0056 0.0112 0.0028 0.9804 
2604     2604   (0)     28 :  0.0024 0.0034 0.0030 0.9912 
2605     2605   (0)     28 :  0.0038 0.0044 0.0036 0.9882 
2606     2606   (0)     28 :  0.0046 0.0038 0.0034 0.9882 
2607     2607   (0)     28 :  0.0030 0.0038 0.0034 0.9898 
2608     2608   (0)     28 :  0.0024 0.0024 0.0024 0.9928 
2609     2609   (0)     28 :  0.0030 0.0034 0.0034 0.9902 
2610     2610   (0)     28 :  0.0046 0.0064 0.0086 0.9804 
2611     2611   (5)     28 :  0.0024 0.0024 0.0024 0.9928 
2612     2612   (0)     28 :  0.0024 0.0038 0.0032 0.9906 
2613     2613   (0)     28 :  0.0024 0.0028 0.0026 0.9922 
2614     2614   (0)     28 :  0.0092 0.0034 0.0028 0.9846 
2615     2615   (0)     28 :  0.0024 0.0032 0.0032 0.9912 
2616     2616   (0)     28 :  0.0034 0.0038 0.0038 0.9890 
2617     2617   (0)     28 :  0.0026 0.0034 0.0026 0.9914 
2618     2618   (0)     28 :  0.0024 0.0028 0.0024 0.9924 
2619     2619   (0)     28 :  0.0060 0.0042 0.0038 0.9860 
2620     2620   (0)     28 :  0.0024 0.0032 0.0024 0.9920 
2621     2621   (0)     28 :  0.0024 0.0024 0.0020 0.9932 
2622     2622   (0)     28 :  0.0018 0.0024 0.0020 0.9938 
2623     2623   (0)     28 :  0.0032 0.0032 0.0024 0.9912 
2624     2624   (0)     28 :  0.0024 0.0034 0.0026 0.9916 
2625     2625   (0)     28 :  0.0024 0.0024 0.0024 0.9928 
2626     2626   (0)     29 :  0.0024 0.0026 0.0024 0.9926 
2627     2627   (0)     29 :  0.0022 0.0036 0.0034 0.9908 
2628     2628   (0)     29 :  0.0018 0.0024 0.0020 0.9938 
2629     2629   (0)     29 :  0.0024 0.0024 0.0024 0.9928 
2630     2630   (0)     29 :  0.0024 0.0032 0.0028 0.9916 
2631     2631   (0)     29 :  0.0020 0.0024 0.0024 0.9932 
2632     2632   (0)     29 :  0.0014 0.0024 0.0022 0.9940 
2633     2633   (0)     29 :  0.0024 0.0034 0.0024 0.9918 
2634     2634   (0)     29 :  0.0024 0.0038 0.0034 0.9904 
2635     2635   (0)     29 :  0.0046 0.0044 0.0034 0.9876 
2636     2636   (0)     29 :  0.0024 0.0024 0.0024 0.9928 
2637     2637   (0)     29 :  0.0024 0.0032 0.0024 0.9920 
2638     2638   (0)     29 :  0.0034 0.0036 0.0036 0.9894 
2639     2639   (0)     29 :  0.0036 0.0054 0.0080 0.9830 
2640     2640   (0)     29 :  0.0024 0.0032 0.0020 0.9924 
2641     2641   (0)     29 :  0.0038 0.0034 0.0030 0.9898 
2642     2642   (0)     29 :  0.0024 0.0034 0.0038 0.9904 
2643     2643   (0)     29 :  0.0024 0.0034 0.0032 0.9910 
2644     2644   (0)     29 :  0.0024 0.0034 0.0024 0.9918 
2645     2645   (0)     29 :  0.0024 0.0028 0.0024 0.9924 
2646     2646   (0)     29 :  0.0064 0.0034 0.0036 0.9866 
2647     2647   (0)     29 :  0.0024 0.0024 0.0024 0.9928 
2648     2648   (0)     29 :  0.0024 0.0024 0.0024 0.9928 
2649     2649   (0)     29 :  0.0038 0.0056 0.0042 0.9864 
2650     2650   (0)     29 :  0.0060 0.0058 0.0032 0.9850 
2651     2651   (0)     29 :  0.0024 0.0048 0.0036 0.9892 
2652     2652   (0)     29 :  0.0024 0.0034 0.0024 0.9918 
2653     2653   (0)     29 :  0.0024 0.0028 0.0024 0.9924 
2654     2654   (0)     29 :  0.0028 0.0032 0.0034 0.9906 
2655     2655   (0)     29 :  0.0024 0.0034 0.0024 0.9918 
2656     2656   (0)     29 :  0.0024 0.0040 0.0028 0.9908 
2657     2657   (0)     29 :  0.0050 0.0090 0.0072 0.9788 
2658     2658   (0)     29 :  0.0024 0.0034 0.0028 0.9914 
2659     2659   (0)     29 :  0.0024 0.0032 0.0034 0.9910 
2660     2660   (0)     29 :  0.0036 0.0034 0.0026 0.9904 
2661     2661   (0)     29 :  0.0046 0.0032 0.0034 0.9888 
2662     2662   (0)     29 :  0.0024 0.0036 0.0026 0.9914 
2663     2663   (0)     29 :  0.0028 0.0032 0.0036 0.9904 
2664     2664   (0)     29 :  0.0026 0.0046 0.0046 0.9882 
2665     2665   (0)     29 :  0.0024 0.0028 0.0024 0.9924 
2666     2666   (0)     29 :  0.0062 0.0098 0.0062 0.9778 
2667     2667   (0)     29 :  0.0024 0.0024 0.0026 0.9926 
2668     2668   (0)     29 :  0.0032 0.0080 0.0048 0.9840 
2669     2669   (0)     29 :  0.0024 0.0024 0.0028 0.9924 
2670     2670   (0)     29 :  0.0034 0.0032 0.0036 0.9898 
2671     2671   (0)     29 :  0.0060 0.0130 0.0070 0.9740 
2672     2672   (0)     29 :  0.0032 0.0038 0.0034 0.9896 
2673     2673   (0)     29 :  0.0024 0.0038 0.0030 0.9908 
2674     2674   (0)     29 :  0.0060 0.0044 0.0032 0.9864 
2675     2675   (0)     29 :  0.0024 0.0040 0.0028 0.9908 
2676     2676   (0)     29 :  0.0070 0.0226 0.0082 0.9622 
2677     2677   (0)     29 :  0.0032 0.0044 0.0028 0.9896 
2678     2678   (0)     29 :  0.0132 0.0044 0.0054 0.9770 
2679     2679   (0)     29 :  0.0028 0.0038 0.0032 0.9902 
2680     2680   (0)     29 :  0.0028 0.0042 0.0024 0.9906 
2681     2681   (0)     29 :  0.0032 0.0038 0.0030 0.9900 
2682     2682   (0)     29 :  0.0024 0.0024 0.0024 0.9928 
2683     2683   (0)     29 :  0.0026 0.0034 0.0030 0.9910 
2684     2684   (0)     29 :  0.0038 0.0038 0.0044 0.9880 
2685     2685   (0)     29 :  0.0024 0.0034 0.0038 0.9904 
2686     2686   (0)     29 :  0.0028 0.0024 0.0024 0.9924 
2687     2687   (0)     29 :  0.0076 0.0052 0.0062 0.9810 
2688     2688   (0)     29 :  0.0038 0.0034 0.0032 0.9896 
2689     2689   (0)     29 :  0.0024 0.0028 0.0024 0.9924 
2690     2690   (0)     29 :  0.0024 0.0026 0.0024 0.9926 
2691     2691   (0)     29 :  0.0024 0.0032 0.0024 0.9920 
2692     2692   (0)     29 :  0.0046 0.0042 0.0040 0.9872 
2693     2693   (0)     29 :  0.0062 0.0032 0.0048 0.9858 
2694     2694   (0)     29 :  0.0030 0.0028 0.0024 0.9918 
2695     2695   (0)     29 :  0.0052 0.0052 0.0044 0.9852 
2696     2696   (0)     29 :  0.0060 0.0028 0.0034 0.9878 
2697     2697   (0)     29 :  0.0030 0.0046 0.0044 0.9880 
2698     2698   (0)     29 :  0.0028 0.0046 0.0030 0.9896 
2699     2699   (0)     29 :  0.0028 0.0038 0.0032 0.9902 
2700     2700   (0)     29 :  0.0024 0.0024 0.0024 0.9928 
2701     2701   (0)     29 :  0.0028 0.0032 0.0024 0.9916 
2702     2702   (0)     29 :  0.0032 0.0038 0.0026 0.9904 
2703     2703   (0)     29 :  0.0028 0.0034 0.0028 0.9910 
2704     2704   (0)     29 :  0.0032 0.0034 0.0024 0.9910 
2705     2705   (0)     29 :  0.0024 0.0034 0.0032 0.9910 
2706     2706   (0)     29 :  0.0104 0.0038 0.0038 0.9820 
2707     2707   (0)     29 :  0.0028 0.0048 0.0026 0.9898 
2708     2708   (0)     29 :  0.0024 0.0034 0.0024 0.9918 
2709     2709   (0)     29 :  0.0028 0.0034 0.0024 0.9914 
2710     2710   (0)     29 :  0.0024 0.0024 0.0024 0.9928 
2711     2711   (0)     29 :  0.0050 0.0038 0.0034 0.9878 
2712     2712   (0)     29 :  0.0028 0.0024 0.0028 0.9920 
2713     2713   (0)     29 :  0.0024 0.0024 0.0024 0.9928 
2714     2714   (0)     29 :  0.0024 0.0032 0.0020 0.9924 
2715     2715   (0)     29 :  0.0048 0.0054 0.0042 0.9856 
2716     2716   (0)     29 :  0.0038 0.0032 0.0028 0.9902 
2717     2717   (0)     29 :  0.0034 0.0042 0.0038 0.9886 
2718     2718   (0)     29 :  0.0048 0.0060 0.0052 0.9840 
2719     2719   (0)     29 :  0.0034 0.0038 0.0038 0.9890 
2720     2720   (0)     29 :  0.0034 0.0048 0.0038 0.9880 
2721     2721   (0)     29 :  0.0024 0.0034 0.0024 0.9918 
2722     2722   (0)     29 :  0.0024 0.0028 0.0022 0.9926 
2723     2723   (0)     29 :  0.0042 0.0028 0.0028 0.9902 
2724     2724   (0)     29 :  0.0024 0.0032 0.0020 0.9924 
2725     2725   (0)     29 :  0.0024 0.0032 0.0024 0.9920 
2726     2726   (0)     29 :  0.0020 0.0024 0.0024 0.9932 
2727     2727   (0)     29 :  0.0094 0.0052 0.0044 0.9810 
2728     2728   (0)     29 :  0.0024 0.0032 0.0028 0.9916 
2729     2729   (0)     29 :  0.0032 0.0036 0.0034 0.9898 
2730     2730   (0)     29 :  0.0038 0.0038 0.0034 0.9890 
2731     2731   (0)     29 :  0.0038 0.0038 0.0042 0.9882 
2732     2732   (0)     29 :  0.0024 0.0028 0.0034 0.9914 
2733     2733   (0)     29 :  0.0024 0.0042 0.0044 0.9890 
2734     2734   (0)     29 :  0.0024 0.0024 0.0024 0.9928 
2735     2735   (0)     29 :  0.0032 0.0034 0.0024 0.9910 
2736     2736   (0)     29 :  0.0074 0.0054 0.0074 0.9798 
2737     2737   (0)     29 :  0.0024 0.0056 0.0048 0.9872 
2738     2738   (0)     29 :  0.0024 0.0032 0.0020 0.9924 
2739     2739   (0)     29 :  0.0030 0.0046 0.0042 0.9882 
2740     2740   (0)     29 :  0.0024 0.0034 0.0028 0.9914 
2741     2741   (0)     29 :  0.0042 0.0048 0.0030 0.9880 
2742     2742   (0)     29 :  0.0024 0.0024 0.0024 0.9928 
2743     2743   (0)     29 :  0.0036 0.0024 0.0024 0.9916 
2744     2744   (0)     29 :  0.0024 0.0038 0.0030 0.9908 
2745     2745   (0)     29 :  0.0028 0.0028 0.0024 0.9920 
2746     2746   (0)     29 :  0.0020 0.0030 0.0024 0.9926 
2747     2747   (0)     29 :  0.0024 0.0024 0.0024 0.9928 
2748     2748   (0)     29 :  0.0024 0.0028 0.0020 0.9928 
2749     2749   (0)     29 :  0.0024 0.0038 0.0034 0.9904 
2750     2750   (0)     29 :  0.0024 0.0038 0.0032 0.9906 
2751     2751   (0)     29 :  0.0026 0.0040 0.0044 0.9890 
2752     2752   (0)     29 :  0.0132 0.0078 0.0090 0.9700 
2753     2753   (0)     29 :  0.0038 0.0042 0.0044 0.9876 
2754     2754   (0)     29 :  0.0024 0.0028 0.0024 0.9924 
2755     2755   (0)     29 :  0.0050 0.0026 0.0028 0.9896 
2756     2756   (0)     29 :  0.0024 0.0024 0.0024 0.9928 
2757     2757   (0)     29 :  0.0028 0.0028 0.0026 0.9918 
2758     2758   (0)     29 :  0.0052 0.0066 0.0068 0.9814 
2759     2759   (0)     29 :  0.0024 0.0034 0.0024 0.9918 
2760     2760   (0)     29 :  0.0024 0.0028 0.0034 0.9914 
2761     2761   (0)     29 :  0.0026 0.0048 0.0040 0.9886 
2762     2762   (0)     29 :  0.0024 0.0028 0.0024 0.9924 
2763     2763   (0)     29 :  0.0028 0.0034 0.0028 0.9910 
2764     2764   (0)     29 :  0.0034 0.0034 0.0036 0.9896 
2765     2765   (0)     29 :  0.0036 0.0038 0.0024 0.9902 
2766     2766   (0)     29 :  0.0024 0.0032 0.0024 0.9920 
2767     2767   (0)     29 :  0.0024 0.0028 0.0020 0.9928 
2768     2768   (0)     29 :  0.0024 0.0042 0.0034 0.9900 
2769     2769   (0)     29 :  0.0020 0.0026 0.0024 0.9930 
2770     2770   (0)     29 :  0.0042 0.0042 0.0040 0.9876 
2771     2771   (0)     29 :  0.0024 0.0028 0.0030 0.9918 
2772     2772   (0)     29 :  0.0020 0.0038 0.0024 0.9918 
2773     2773   (0)     29 :  0.0024 0.0034 0.0024 0.9918 
2774     2774   (0)     29 :  0.0024 0.0024 0.0024 0.9928 
2775     2775   (0)     29 :  0.0064 0.0058 0.0034 0.9844 
2776     2776   (0)     29 :  0.0088 0.0076 0.0068 0.9768 
2777     2777   (0)     29 :  0.0024 0.0028 0.0024 0.9924 
2778     2778   (0)     29 :  0.0034 0.0034 0.0032 0.9900 
2779     2779   (0)     29 :  0.0030 0.0032 0.0036 0.9902 
2780     2780   (0)     29 :  0.0024 0.0024 0.0024 0.9928 
2781     2781   (0)     29 :  0.0024 0.0038 0.0026 0.9912 
2782     2782   (0)     29 :  0.0024 0.0038 0.0032 0.9906 
2783     2783   (0)     29 :  0.0046 0.0046 0.0036 0.9872 
2784     2784   (0)     29 :  0.0024 0.0054 0.0024 0.9898 
2785     2785   (0)     29 :  0.0028 0.0034 0.0024 0.9914 
2786     2786   (0)     29 :  0.0046 0.0056 0.0052 0.9846 
2787     2787   (0)     29 :  0.0032 0.0032 0.0028 0.9908 
2788     2788   (0)     29 :  0.0110 0.0038 0.0038 0.9814 
2789     2789   (0)     29 :  0.0024 0.0034 0.0036 0.9906 
2790     2790   (0)     29 :  0.0024 0.0034 0.0026 0.9916 
2791     2791   (0)     29 :  0.0032 0.0028 0.0024 0.9916 
2792     2792   (0)     29 :  0.0024 0.0024 0.0024 0.9928 
2793     2793   (0)     29 :  0.0024 0.0034 0.0024 0.9918 
2794     2794   (0)     29 :  0.0024 0.0034 0.0024 0.9918 
2795     2795   (0)     29 :  0.0024 0.0044 0.0034 0.9898 
2796     2796   (0)     29 :  0.0040 0.0042 0.0036 0.9882 
2797     2797   (0)     29 :  0.0050 0.0092 0.0054 0.9804 
2798     2798   (0)     29 :  0.0024 0.0024 0.0024 0.9928 
2799     2799   (0)     29 :  0.0038 0.0042 0.0042 0.9878 
2800     2800   (0)     29 :  0.0020 0.0050 0.0036 0.9894 
2801     2801   (0)     29 :  0.0038 0.0096 0.0062 0.9804 
2802     2802   (0)     29 :  0.0032 0.0032 0.0032 0.9904 
2803     2803   (0)     29 :  0.0024 0.0024 0.0024 0.9928 
2804     2804   (0)     29 :  0.0046 0.0038 0.0032 0.9884 
2805     2805   (0)     29 :  0.0024 0.0038 0.0028 0.9910 
2806     2806   (0)     29 :  0.0044 0.0042 0.0034 0.9880 
2807     2807   (0)     29 :  0.0020 0.0028 0.0024 0.9928 
2808     2808   (0)     29 :  0.0028 0.0034 0.0024 0.9914 
2809     2809   (0)     29 :  0.0032 0.0034 0.0028 0.9906 
2810     2810   (0)     29 :  0.0050 0.0068 0.0054 0.9828 
2811     2811   (0)     29 :  0.0024 0.0024 0.0024 0.9928 
2812     2812   (0)     29 :  0.0070 0.0088 0.0060 0.9782 
2813     2813   (0)     29 :  0.0038 0.0028 0.0028 0.9906 
2814     2814   (0)     29 :  0.0024 0.0044 0.0028 0.9904 
2815     2815   (0)     29 :  0.0024 0.0034 0.0028 0.9914 
2816     2816   (0)     29 :  0.0028 0.0048 0.0034 0.9890 
2817     2817   (0)     29 :  0.0028 0.0038 0.0030 0.9904 
2818     2818   (0)     29 :  0.0024 0.0032 0.0024 0.9920 
2819     2819   (0)     29 :  0.0024 0.0034 0.0024 0.9918 
2820     2820   (0)     29 :  0.0024 0.0034 0.0030 0.9912 
2821     2821   (0)     29 :  0.0032 0.0028 0.0032 0.9908 
2822     2822   (0)     29 :  0.0162 0.0058 0.0046 0.9734 
2823     2823   (0)     29 :  0.0038 0.0034 0.0030 0.9898 
2824     2824   (0)     29 :  0.0024 0.0024 0.0024 0.9928 
2825     2825   (0)     29 :  0.0032 0.0034 0.0024 0.9910 
2826     2826   (0)     29 :  0.0066 0.0104 0.0072 0.9758 
2827     2827   (0)     29 :  0.0024 0.0034 0.0024 0.9918 
2828     2828   (0)     29 :  0.0032 0.0028 0.0034 0.9906 
2829     2829   (0)     29 :  0.0024 0.0034 0.0020 0.9922 
2830     2830   (0)     29 :  0.0028 0.0038 0.0034 0.9900 
2831     2831   (0)     29 :  0.0034 0.0066 0.0038 0.9862 
2832     2832   (0)     29 :  0.0024 0.0038 0.0026 0.9912 
2833     2833   (0)     29 :  0.0028 0.0038 0.0034 0.9900 
2834     2834   (0)     29 :  0.0024 0.0024 0.0024 0.9928 
2835     2835   (0)     29 :  0.0024 0.0024 0.0024 0.9928 
2836     2836   (0)     29 :  0.0024 0.0038 0.0026 0.9912 
2837     2837   (0)     29 :  0.0024 0.0032 0.0028 0.9916 
2838     2838   (0)     29 :  0.0024 0.0024 0.0024 0.9928 
2839     2839   (0)     29 :  0.0024 0.0032 0.0026 0.9918 
2840     2840   (0)     29 :  0.0082 0.0088 0.0066 0.9764 
2841     2841   (0)     29 :  0.0028 0.0028 0.0024 0.9920 
2842     2842   (0)     29 :  0.0028 0.0026 0.0024 0.9922 
2843     2843   (0)     29 :  0.0024 0.0024 0.0024 0.9928 
2844     2844   (0)     29 :  0.0018 0.0024 0.0020 0.9938 
2845     2845   (0)     29 :  0.0020 0.0034 0.0024 0.9922 
2846     2846   (0)     29 :  0.0028 0.0058 0.0040 0.9874 
2847     2847   (0)     29 :  0.0032 0.0028 0.0030 0.9910 
2848     2848   (0)     29 :  0.0024 0.0024 0.0024 0.9928 
2849     2849   (0)     29 :  0.0032 0.0038 0.0026 0.9904 
2850     2850   (0)     29 :  0.0024 0.0034 0.0024 0.9918 
2851     2851   (0)     29 :  0.0032 0.0038 0.0034 0.9896 
2852     2852   (0)     29 :  0.0050 0.0044 0.0032 0.9874 
2853     2853   (0)     29 :  0.0028 0.0034 0.0020 0.9918 
2854     2854   (0)     29 :  0.0034 0.0048 0.0042 0.9876 
2855     2855   (0)     29 :  0.0046 0.0032 0.0032 0.9890 
2856     2856   (0)     29 :  0.0032 0.0032 0.0024 0.9912 
2857     2857   (0)     29 :  0.0024 0.0024 0.0024 0.9928 
2858     2858   (0)     29 :  0.0122 0.0086 0.0108 0.9684 
2859     2859   (0)     29 :  0.0038 0.0038 0.0042 0.9882 
2860     2860   (0)     29 :  0.0068 0.0046 0.0032 0.9854 
2861     2861   (0)     29 :  0.0034 0.0070 0.0040 0.9856 
2862     2862   (0)     29 :  0.0020 0.0030 0.0024 0.9926 
2863     2863   (0)     29 :  0.0024 0.0032 0.0024 0.9920 
2864     2864   (0)     29 :  0.0020 0.0034 0.0024 0.9922 
2865     2865   (0)     29 :  0.0024 0.0024 0.0024 0.9928 
2866     2866   (0)     29 :  0.0024 0.0028 0.0024 0.9924 
2867     2867   (0)     29 :  0.0046 0.0036 0.0028 0.9890 
2868     2868   (0)     29 :  0.0020 0.0024 0.0024 0.9932 
2869     2869   (0)     29 :  0.0024 0.0046 0.0036 0.9894 
2870     2870   (0)     29 :  0.0034 0.0038 0.0036 0.9892 
2871     2871   (0)     29 :  0.0030 0.0034 0.0032 0.9904 
2872     2872   (0)     29 :  0.0036 0.0032 0.0026 0.9906 
2873     2873   (0)     29 :  0.0024 0.0024 0.0024 0.9928 
2874     2874   (0)     29 :  0.0054 0.0054 0.0034 0.9858 
2875     2875   (0)     29 :  0.0028 0.0028 0.0030 0.9914 
2876     2876   (0)     29 :  0.0032 0.0036 0.0040 0.9892 
2877     2877   (0)     29 :  0.0038 0.0028 0.0034 0.9900 
2878     2878   (0)     29 :  0.0024 0.0034 0.0024 0.9918 
2879     2879   (0)     29 :  0.0024 0.0024 0.0024 0.9928 
2880     2880   (0)     29 :  0.0038 0.0050 0.0048 0.9864 
2881     2881   (0)     29 :  0.0050 0.0038 0.0030 0.9882 
2882     2882   (0)     29 :  0.0024 0.0048 0.0042 0.9886 
2883     2883   (0)     29 :  0.0046 0.0038 0.0026 0.9890 
2884     2884   (0)     29 :  0.0038 0.0044 0.0024 0.9894 
2885     2885   (0)     29 :  0.0032 0.0034 0.0024 0.9910 
2886     2886   (0)     29 :  0.0024 0.0034 0.0024 0.9918 
2887     2887   (0)     29 :  0.0032 0.0038 0.0026 0.9904 
2888     2888   (0)     29 :  0.0060 0.0044 0.0032 0.9864 
2889     2889   (0)     29 :  0.0076 0.0136 0.0082 0.9706 
2890     2890   (0)     29 :  0.0032 0.0034 0.0024 0.9910 
2891     2891   (0)     29 :  0.0046 0.0038 0.0034 0.9882 
2892     2892   (0)     29 :  0.0024 0.0028 0.0024 0.9924 
2893     2893   (0)     29 :  0.0024 0.0024 0.0024 0.9928 
2894     2894   (0)     29 :  0.0024 0.0038 0.0034 0.9904 
2895     2895   (0)     29 :  0.0028 0.0048 0.0030 0.9894 
2896     2896   (0)     29 :  0.0024 0.0034 0.0040 0.9902 
2897     2897   (0)     29 :  0.0038 0.0042 0.0034 0.9886 
2898     2898   (0)     29 :  0.0024 0.0034 0.0028 0.9914 
2899     2899   (0)     29 :  0.0038 0.0046 0.0050 0.9866 
2900     2900   (0)     29 :  0.0024 0.0032 0.0026 0.9918 
2901     2901   (0)     29 :  0.0028 0.0032 0.0028 0.9912 
2902     2902   (0)     29 :  0.0028 0.0038 0.0034 0.9900 
2903     2903   (0)     29 :  0.0126 0.0066 0.0046 0.9762 
2904     2904   (0)     29 :  0.0046 0.0052 0.0042 0.9860 
2905     2905   (0)     29 :  0.0046 0.0042 0.0028 0.9884 
2906     2906   (0)     29 :  0.0040 0.0106 0.0122 0.9732 
2907     2907   (0)     29 :  0.0158 0.0070 0.0064 0.9708 
2908     2908   (0)     29 :  0.0024 0.0034 0.0028 0.9914 
2909     2909   (0)     29 :  0.0030 0.0034 0.0044 0.9892 
2910     2910   (0)     29 :  0.0042 0.0038 0.0042 0.9878 
2911     2911   (0)     29 :  0.0024 0.0036 0.0038 0.9902 
2912     2912   (0)     29 :  0.0028 0.0038 0.0024 0.9910 
2913     2913   (0)     29 :  0.0032 0.0042 0.0030 0.9896 
2914     2914   (0)     29 :  0.0028 0.0028 0.0030 0.9914 
2915     2915   (0)     29 :  0.0050 0.0048 0.0038 0.9864 
2916     2916   (0)     29 :  0.0022 0.0024 0.0020 0.9934 
2917     2917   (0)     29 :  0.0024 0.0034 0.0020 0.9922 
2918     2918   (0)     29 :  0.0086 0.0034 0.0024 0.9856 
2919     2919   (0)     29 :  0.0072 0.0046 0.0046 0.9836 
2920     2920   (0)     29 :  0.0038 0.0034 0.0028 0.9900 
2921     2921   (0)     29 :  0.0038 0.0048 0.0042 0.9872 
2922     2922   (0)     29 :  0.0038 0.0052 0.0054 0.9856 
2923     2923   (0)     29 :  0.0024 0.0038 0.0024 0.9914 
2924     2924   (0)     29 :  0.0038 0.0038 0.0028 0.9896 
2925     2925   (0)     29 :  0.0024 0.0032 0.0024 0.9920 
2926     2926   (5)     30 :  0.9908 0.0030 0.0026 0.0036 
2927     2927   (0)     30 :  0.9916 0.0030 0.0028 0.0026 
2928     2928   (0)     30 :  0.9834 0.0056 0.0062 0.0048 
2929     2929   (0)     30 :  0.9916 0.0030 0.0030 0.0024 
2930     2930   (5)     30 :  0.9518 0.0078 0.0370 0.0034 
2931     2931   (0)     30 :  0.9926 0.0024 0.0026 0.0024 
2932     2932   (0)     30 :  0.9912 0.0024 0.0036 0.0028 
2933     2933   (0)     30 :  0.9890 0.0038 0.0046 0.0026 
2934     2934   (0)     30 :  0.9890 0.0030 0.0042 0.0038 
2935     2935   (0)     30 :  0.9910 0.0024 0.0038 0.0028 
2936     2936   (0)     30 :  0.9916 0.0030 0.0030 0.0024 
2937     2937   (0)     30 :  0.9898 0.0036 0.0032 0.0034 
2938     2938   (5)     30 :  0.9874 0.0050 0.0048 0.0028 
2939     2939   (0)     30 :  0.9916 0.0024 0.0026 0.0034 
2940     2940   (0)     30 :  0.9906 0.0034 0.0036 0.0024 
2941     2941   (0)     30 :  0.9926 0.0024 0.0026 0.0024 
2942     2942   (0)     30 :  0.9872 0.0064 0.0040 0.0024 
2943     2943   (0)     30 :  0.9896 0.0030 0.0040 0.0034 
2944     2944   (0)     30 :  0.9838 0.0048 0.0046 0.0068 
2945     2945   (0)     30 :  0.9564 0.0238 0.0128 0.0070 
2946     2946   (0)     30 :  0.9908 0.0030 0.0038 0.0024 
2947     2947   (0)     30 :  0.9902 0.0036 0.0026 0.0036 
2948     2948   (0)     30 :  0.9712 0.0114 0.0078 0.0096 
2949     2949   (0)     30 :  0.9804 0.0056 0.0092 0.0048 
2950     2950   (0)     30 :  0.9922 0.0024 0.0026 0.0028 
2951     2951   (0)     30 :  0.9768 0.0066 0.0084 0.0082 
2952     2952   (0)     30 :  0.9902 0.0030 0.0038 0.0030 
2953     2953   (0)     31 :  0.9874 0.0044 0.0046 0.0036 
2954     2954   (0)     31 :  0.9892 0.0036 0.0038 0.0034 
2955     2955   (0)     31 :  0.9810 0.0044 0.0052 0.0094 
2956     2956   (0)     31 :  0.9908 0.0034 0.0034 0.0024 
2957     2957   (0)     31 :  0.9926 0.0024 0.0024 0.0026 
2958     2958   (0)     31 :  0.9922 0.0024 0.0030 0.0024 
2959     2959   (0)     31 :  0.9896 0.0034 0.0036 0.0034 
2960     2960   (0)     31 :  0.9892 0.0040 0.0040 0.0028 
2961     2961   (0)     31 :  0.9912 0.0032 0.0026 0.0030 
2962     2962   (0)     31 :  0.9904 0.0036 0.0036 0.0024 
2963     2963   (0)     31 :  0.9910 0.0030 0.0036 0.0024 
2964     2964   (0)     31 :  0.9890 0.0036 0.0040 0.0034 
2965     2965   (0)     31 :  0.9866 0.0064 0.0040 0.0030 
2966     2966   (0)     31 :  0.9840 0.0082 0.0044 0.0034 
2967     2967   (0)     31 :  0.9920 0.0030 0.0026 0.0024 
2968     2968   (0)     31 :  0.9786 0.0088 0.0060 0.0066 
2969     2969   (0)     31 :  0.9878 0.0040 0.0034 0.0048 
2970     2970   (0)     31 :  0.9868 0.0036 0.0040 0.0056 
2971     2971   (0)     31 :  0.9896 0.0048 0.0032 0.0024 
2972     2972   (0)     31 :  0.9922 0.0024 0.0028 0.0026 
2973     2973   (0)     31 :  0.9888 0.0040 0.0038 0.0034 
2974     2974   (0)     31 :  0.9908 0.0024 0.0034 0.0034 
2975     2975   (0)     31 :  0.9920 0.0024 0.0032 0.0024 
2976     2976   (0)     31 :  0.9848 0.0052 0.0076 0.0024 
2977     2977   (0)     31 :  0.9906 0.0034 0.0036 0.0024 
2978     2978   (0)     31 :  0.9890 0.0038 0.0034 0.0038 
2979     2979   (0)     31 :  0.9786 0.0086 0.0082 0.0046 
2980     2980   (0)     31 :  0.9768 0.0104 0.0062 0.0066 
2981     2981   (0)     31 :  0.9898 0.0036 0.0034 0.0032 
2982     2982   (0)     31 :  0.9888 0.0042 0.0046 0.0024 
2983     2983   (0)     31 :  0.9926 0.0026 0.0028 0.0020 
2984     2984   (0)     31 :  0.9868 0.0040 0.0052 0.0040 
2985     2985   (0)     31 :  0.9878 0.0038 0.0050 0.0034 
2986     2986   (0)     31 :  0.9872 0.0044 0.0044 0.0040 
2987     2987   (0)     31 :  0.9856 0.0038 0.0052 0.0054 
2988     2988   (0)     31 :  0.9898 0.0034 0.0034 0.0034 
2989     2989   (0)     31 :  0.9910 0.0032 0.0034 0.0024 
2990     2990   (0)     31 :  0.9878 0.0048 0.0040 0.0034 
2991     2991   (0)     31 :  0.9842 0.0042 0.0040 0.0076 
2992     2992   (0)     31 :  0.9890 0.0042 0.0038 0.0030 
2993     2993   (0)     31 :  0.9884 0.0042 0.0040 0.0034 
2994     2994   (0)     31 :  0.9872 0.0048 0.0040 0.0040 
2995     2995   (0)     31 :  0.9872 0.0044 0.0050 0.0034 
2996     2996   (0)     31 :  0.9898 0.0034 0.0034 0.0034 
2997     2997   (0)     31 :  0.9888 0.0034 0.0040 0.0038 
2998     2998   (0)     31 :  0.9848 0.0050 0.0040 0.0062 
2999     2999   (0)     31 :  0.9878 0.0042 0.0046 0.0034 
3000     3000   (0)     31 :  0.9926 0.0024 0.0026 0.0024 
3001     3001   (0)     31 :  0.9896 0.0030 0.0036 0.0038 
3002     3002   (0)     31 :  0.9874 0.0036 0.0048 0.0042 
3003     3003   (0)     31 :  0.9796 0.0080 0.0092 0.0032 
3004     3004   (0)     31 :  0.9720 0.0060 0.0126 0.0094 
3005     3005   (0)     31 :  0.9882 0.0040 0.0040 0.0038 
3006     3006   (0)     31 :  0.9920 0.0030 0.0026 0.0024 
3007     3007   (0)     31 :  0.9892 0.0040 0.0044 0.0024 
3008     3008   (0)     31 :  0.9794 0.0058 0.0076 0.0072 
3009     3009   (0)     31 :  0.9926 0.0026 0.0026 0.0022 
3010     3010   (0)     31 :  0.9764 0.0080 0.0108 0.0048 
3011     3011   (0)     31 :  0.9774 0.0058 0.0116 0.0052 
3012     3012   (0)     31 :  0.9872 0.0044 0.0046 0.0038 
3013     3013   (0)     31 :  0.9926 0.0024 0.0026 0.0024 
3014     3014   (0)     31 :  0.9900 0.0036 0.0038 0.0026 
3015     3015   (0)     31 :  0.9862 0.0044 0.0046 0.0048 
3016     3016   (0)     31 :  0.9882 0.0048 0.0042 0.0028 
3017     3017   (0)     31 :  0.9852 0.0046 0.0028 0.0074 
3018     3018   (0)     31 :  0.9804 0.0054 0.0094 0.0048 
3019     3019   (0)     31 :  0.9912 0.0030 0.0034 0.0024 
3020     3020   (0)     31 :  0.9866 0.0042 0.0054 0.0038 
3021     3021   (0)     31 :  0.9854 0.0078 0.0044 0.0024 
3022     3022   (0)     31 :  0.9882 0.0042 0.0036 0.0040 
3023     3023   (0)     31 :  0.9924 0.0024 0.0028 0.0024 
3024     3024   (0)     31 :  0.9910 0.0028 0.0038 0.0024 
3025     3025   (0)     31 :  0.9820 0.0076 0.0050 0.0054 
3026     3026   (0)     31 :  0.9902 0.0034 0.0030 0.0034 
3027     3027   (0)     31 :  0.9918 0.0030 0.0028 0.0024 
3028     3028   (0)     31 :  0.9926 0.0026 0.0024 0.0024 
3029     3029   (0)     31 :  0.9898 0.0030 0.0048 0.0024 
3030     3030   (0)     31 :  0.9918 0.0030 0.0028 0.0024 
3031     3031   (0)     31 :  0.9922 0.0026 0.0028 0.0024 
3032     3032   (0)     31 :  0.9888 0.0040 0.0044 0.0028 
3033     3033   (0)     31 :  0.9784 0.0056 0.0136 0.0024 
3034     3034   (0)     31 :  0.9784 0.0058 0.0058 0.0100 
3035     3035   (0)     31 :  0.9926 0.0024 0.0026 0.0024 
3036     3036   (0)     31 :  0.9876 0.0060 0.0040 0.0024 
3037     3037   (0)     31 :  0.9868 0.0040 0.0068 0.0024 
3038     3038   (0)     31 :  0.9912 0.0030 0.0034 0.0024 
3039     3039   (0)     31 :  0.9920 0.0030 0.0026 0.0024 
3040     3040   (0)     31 :  0.9904 0.0024 0.0038 0.0034 
3041     3041   (0)     31 :  0.9890 0.0040 0.0046 0.0024 
3042     3042   (0)     31 :  0.9756 0.0074 0.0052 0.0118 
3043     3043   (0)     31 :  0.9928 0.0024 0.0024 0.0024 
3044     3044   (0)     31 :  0.9836 0.0058 0.0056 0.0050 
3045     3045   (0)     31 :  0.9888 0.0034 0.0034 0.0044 
3046     3046   (0)     31 :  0.9726 0.0078 0.0076 0.0120 
3047     3047   (0)     31 :  0.9814 0.0056 0.0056 0.0074 
3048     3048   (0)     31 :  0.9816 0.0054 0.0096 0.0034 
3049     3049   (0)     31 :  0.9912 0.0030 0.0032 0.0026 
3050     3050   (0)     31 :  0.9910 0.0028 0.0038 0.0024 
3051     3051   (0)     31 :  0.9856 0.0060 0.0054 0.0030 
3052     3052   (0)     31 :  0.9846 0.0068 0.0042 0.0044 
3053     3053   (0)     31 :  0.9870 0.0038 0.0054 0.0038 
3054     3054   (0)     31 :  0.9918 0.0024 0.0028 0.0030 
3055     3055   (0)     31 :  0.9924 0.0024 0.0028 0.0024 
3056     3056   (0)     31 :  0.9906 0.0034 0.0036 0.0024 
3057     3057   (0)     31 :  0.9920 0.0030 0.0026 0.0024 
3058     3058   (0)     31 :  0.9908 0.0030 0.0036 0.0026 
3059     3059   (0)     31 :  0.9898 0.0030 0.0038 0.0034 
3060     3060   (0)     31 :  0.9910 0.0034 0.0026 0.0030 
3061     3061   (0)     31 :  0.9930 0.0024 0.0026 0.0020 
3062     3062   (0)     31 :  0.9924 0.0024 0.0028 0.0024 
3063     3063   (0)     31 :  0.9920 0.0026 0.0030 0.0024 
3064     3064   (0)     31 :  0.9872 0.0044 0.0050 0.0034 
3065     3065   (0)     31 :  0.9914 0.0028 0.0034 0.0024 
3066     3066   (0)     31 :  0.9882 0.0040 0.0038 0.0040 
3067     3067   (0)     31 :  0.9908 0.0026 0.0030 0.0036 
3068     3068   (0)     31 :  0.9856 0.0036 0.0062 0.0046 
3069     3069   (0)     31 :  0.9892 0.0034 0.0046 0.0028 
3070     3070   (0)     31 :  0.9858 0.0048 0.0048 0.0046 
3071     3071   (0)     31 :  0.9684 0.0160 0.0122 0.0034 
3072     3072   (0)     31 :  0.9900 0.0024 0.0030 0.0046 
3073     3073   (0)     31 :  0.9818 0.0052 0.0106 0.0024 
3074     3074   (0)     31 :  0.9900 0.0028 0.0038 0.0034 
3075     3075   (0)     31 :  0.9888 0.0036 0.0038 0.0038 
3076     3076   (0)     31 :  0.9908 0.0030 0.0038 0.0024 
3077     3077   (0)     31 :  0.9874 0.0050 0.0036 0.0040 
3078     3078   (0)     31 :  0.9692 0.0070 0.0106 0.0132 
3079     3079   (0)     31 :  0.9920 0.0026 0.0030 0.0024 
3080     3080   (0)     31 :  0.9860 0.0068 0.0042 0.0030 
3081     3081   (0)     31 :  0.9894 0.0044 0.0038 0.0024 
3082     3082   (0)     31 :  0.9810 0.0064 0.0074 0.0052 
3083     3083   (0)     31 :  0.9846 0.0044 0.0070 0.0040 
3084     3084   (0)     31 :  0.9904 0.0034 0.0038 0.0024 
3085     3085   (0)     31 :  0.9888 0.0040 0.0038 0.0034 
3086     3086   (0)     31 :  0.9924 0.0026 0.0026 0.0024 
3087     3087   (0)     31 :  0.9882 0.0042 0.0036 0.0040 
3088     3088   (0)     31 :  0.9848 0.0040 0.0088 0.0024 
3089     3089   (0)     31 :  0.9882 0.0040 0.0048 0.0030 
3090     3090   (0)     31 :  0.9868 0.0052 0.0044 0.0036 
3091     3091   (0)     31 :  0.9880 0.0044 0.0044 0.0032 
3092     3092   (0)     31 :  0.9682 0.0064 0.0052 0.0202 
3093     3093   (0)     31 :  0.9880 0.0052 0.0044 0.0024 
3094     3094   (0)     31 :  0.9890 0.0040 0.0040 0.0030 
3095     3095   (0)     31 :  0.9608 0.0068 0.0068 0.0256 
3096     3096   (0)     31 :  0.9778 0.0074 0.0054 0.0094 
3097     3097   (0)     31 :  0.9912 0.0024 0.0026 0.0038 
3098     3098   (0)     31 :  0.9904 0.0040 0.0032 0.0024 
3099     3099   (0)     31 :  0.9906 0.0036 0.0034 0.0024 
3100     3100   (0)     31 :  0.9790 0.0068 0.0066 0.0076 
3101     3101   (0)     31 :  0.9926 0.0024 0.0026 0.0024 
3102     3102   (0)     31 :  0.9824 0.0064 0.0062 0.0050 
3103     3103   (0)     31 :  0.9904 0.0030 0.0032 0.0034 
3104     3104   (0)     31 :  0.9924 0.0026 0.0026 0.0024 
3105     3105   (0)     31 :  0.9882 0.0038 0.0046 0.0034 
3106     3106   (0)     31 :  0.9890 0.0034 0.0042 0.0034 
3107     3107   (0)     31 :  0.9854 0.0050 0.0048 0.0048 
3108     3108   (0)     31 :  0.9880 0.0040 0.0040 0.0040 
3109     3109   (0)     31 :  0.9878 0.0040 0.0042 0.0040 
3110     3110   (0)     31 :  0.9896 0.0034 0.0046 0.0024 
3111     3111   (0)     31 :  0.9880 0.0028 0.0054 0.0038 
3112     3112   (0)     31 :  0.9866 0.0058 0.0038 0.0038 
3113     3113   (0)     31 :  0.9816 0.0052 0.0058 0.0074 
3114     3114   (0)     31 :  0.9882 0.0044 0.0042 0.0032 
3115     3115   (0)     31 :  0.9802 0.0062 0.0096 0.0040 
3116     3116   (0)     31 :  0.9882 0.0040 0.0040 0.0038 
3117     3117   (0)     31 :  0.9914 0.0024 0.0038 0.0024 
3118     3118   (0)     31 :  0.9886 0.0042 0.0038 0.0034 
3119     3119   (0)     31 :  0.9896 0.0038 0.0038 0.0028 
3120     3120   (0)     31 :  0.9736 0.0036 0.0036 0.0192 
3121     3121   (0)     31 :  0.9864 0.0036 0.0048 0.0052 
3122     3122   (0)     31 :  0.9890 0.0038 0.0038 0.0034 
3123     3123   (0)     31 :  0.9902 0.0034 0.0040 0.0024 
3124     3124   (0)     31 :  0.9894 0.0038 0.0038 0.0030 
3125     3125   (0)     31 :  0.9890 0.0038 0.0048 0.0024 
3126     3126   (0)     31 :  0.9896 0.0030 0.0050 0.0024 
3127     3127   (0)     31 :  0.9890 0.0030 0.0040 0.0040 
3128     3128   (0)     31 :  0.9912 0.0030 0.0034 0.0024 
3129     3129   (0)     31 :  0.9690 0.0062 0.0210 0.0038 
3130     3130   (0)     31 :  0.9906 0.0034 0.0036 0.0024 
3131     3131   (0)     31 :  0.9886 0.0030 0.0050 0.0034 
3132     3132   (0)     31 :  0.9930 0.0024 0.0026 0.0020 
3133     3133   (0)     31 :  0.9898 0.0036 0.0032 0.0034 
3134     3134   (0)     31 :  0.9902 0.0034 0.0036 0.0028 
3135     3135   (0)     31 :  0.9900 0.0024 0.0038 0.0038 
3136     3136   (0)     31 :  0.9850 0.0040 0.0048 0.0062 
3137     3137   (0)     31 :  0.9864 0.0054 0.0048 0.0034 
3138     3138   (0)     31 :  0.9918 0.0024 0.0034 0.0024 
3139     3139   (0)     31 :  0.9852 0.0056 0.0058 0.0034 
3140     3140   (0)     31 :  0.9874 0.0030 0.0072 0.0024 
3141     3141   (0)     31 :  0.9890 0.0042 0.0028 0.0040 
3142     3142   (0)     31 :  0.9916 0.0024 0.0036 0.0024 
3143     3143   (0)     31 :  0.9912 0.0036 0.0028 0.0024 
3144     3144   (0)     31 :  0.9784 0.0072 0.0086 0.0058 
3145     3145   (0)     31 :  0.9856 0.0050 0.0054 0.0040 
3146     3146   (0)     31 :  0.9922 0.0024 0.0028 0.0026 
3147     3147   (0)     31 :  0.9924 0.0026 0.0026 0.0024 
3148     3148   (0)     31 :  0.9922 0.0024 0.0030 0.0024 
3149     3149   (0)     31 :  0.9898 0.0036 0.0040 0.0026 
3150     3150   (0)     31 :  0.9860 0.0042 0.0042 0.0056 
3151     3151   (0)     31 :  0.9890 0.0036 0.0034 0.0040 
3152     3152   (0)     31 :  0.9914 0.0024 0.0038 0.0024 
3153     3153   (0)     31 :  0.9902 0.0030 0.0038 0.0030 
3154     3154   (0)     31 :  0.9902 0.0036 0.0034 0.0028 
3155     3155   (0)     31 :  0.9814 0.0062 0.0086 0.0038 
3156     3156   (0)     31 :  0.9892 0.0034 0.0036 0.0038 
3157     3157   (0)     31 :  0.9842 0.0062 0.0050 0.0046 
3158     3158   (0)     31 :  0.9910 0.0036 0.0030 0.0024 
3159     3159   (0)     31 :  0.9894 0.0040 0.0032 0.0034 
3160     3160   (0)     31 :  0.9924 0.0024 0.0028 0.0024 
3161     3161   (0)     31 :  0.9902 0.0030 0.0030 0.0038 
3162     3162   (0)     31 :  0.9908 0.0030 0.0038 0.0024 
3163     3163   (0)     31 :  0.9872 0.0048 0.0046 0.0034 
3164     3164   (0)     31 :  0.9886 0.0034 0.0042 0.0038 
3165     3165   (0)     31 :  0.9896 0.0034 0.0036 0.0034 
3166     3166   (0)     31 :  0.9852 0.0052 0.0048 0.0048 
3167     3167   (0)     31 :  0.9896 0.0034 0.0036 0.0034 
3168     3168   (0)     31 :  0.9784 0.0124 0.0058 0.0034 
3169     3169   (0)     31 :  0.9900 0.0040 0.0036 0.0024 
3170     3170   (0)     31 :  0.9792 0.0044 0.0078 0.0086 
3171     3171   (0)     31 :  0.9880 0.0042 0.0044 0.0034 
3172     3172   (0)     31 :  0.9772 0.0096 0.0094 0.0038 
3173     3173   (0)     31 :  0.9872 0.0042 0.0052 0.0034 
3174     3174   (0)     31 :  0.9522 0.0164 0.0106 0.0208 
3175     3175   (0)     31 :  0.9880 0.0038 0.0044 0.0038 
3176     3176   (0)     31 :  0.9912 0.0030 0.0034 0.0024 
3177     3177   (0)     31 :  0.9882 0.0038 0.0040 0.0040 
3178     3178   (0)     31 :  0.9878 0.0046 0.0036 0.0040 
3179     3179   (0)     31 :  0.9912 0.0034 0.0030 0.0024 
3180     3180   (0)     31 :  0.9898 0.0034 0.0034 0.0034 
3181     3181   (0)     31 :  0.9878 0.0038 0.0054 0.0030 
3182     3182   (0)     31 :  0.9896 0.0034 0.0040 0.0030 
3183     3183   (0)     31 :  0.9860 0.0068 0.0048 0.0024 
3184     3184   (0)     31 :  0.9882 0.0038 0.0048 0.0032 
3185     3185   (0)     31 :  0.9888 0.0040 0.0038 0.0034 
3186     3186   (0)     31 :  0.9812 0.0052 0.0078 0.0058 
3187     3187   (0)     31 :  0.9886 0.0044 0.0036 0.0034 
3188     3188   (0)     31 :  0.9882 0.0048 0.0036 0.0034 
3189     3189   (0)     31 :  0.9876 0.0034 0.0056 0.0034 
3190     3190   (0)     31 :  0.9926 0.0024 0.0026 0.0024 
3191     3191   (0)     31 :  0.9854 0.0050 0.0050 0.0046 
3192     3192   (0)     31 :  0.9868 0.0038 0.0066 0.0028 
3193     3193   (0)     31 :  0.9900 0.0040 0.0036 0.0024 
3194     3194   (0)     31 :  0.9880 0.0040 0.0044 0.0036 
3195     3195   (0)     31 :  0.9868 0.0038 0.0060 0.0034 
3196     3196   (0)     31 :  0.9710 0.0084 0.0172 0.0034 
3197     3197   (0)     31 :  0.9870 0.0050 0.0056 0.0024 
3198     3198   (0)     31 :  0.9896 0.0030 0.0036 0.0038 
3199     3199   (0)     31 :  0.9706 0.0062 0.0074 0.0158 
3200     3200   (0)     31 :  0.9864 0.0044 0.0058 0.0034 
3201     3201   (0)     31 :  0.9910 0.0030 0.0036 0.0024 
3202     3202   (0)     31 :  0.9892 0.0030 0.0052 0.0026 
3203     3203   (0)     31 :  0.9824 0.0080 0.0062 0.0034 
3204     3204   (0)     31 :  0.9894 0.0036 0.0036 0.0034 
3205     3205   (0)     31 :  0.9838 0.0060 0.0066 0.0036 
3206     3206   (0)     31 :  0.9874 0.0040 0.0046 0.0040 
3207     3207   (0)     31 :  0.9814 0.0068 0.0072 0.0046 
3208     3208   (0)     31 :  0.9878 0.0030 0.0052 0.0040 
3209     3209   (0)     31 :  0.9894 0.0038 0.0044 0.0024 
3210     3210   (0)     31 :  0.9886 0.0038 0.0052 0.0024 
3211     3211   (0)     31 :  0.9892 0.0036 0.0036 0.0036 
3212     3212   (0)     31 :  0.9922 0.0024 0.0030 0.0024 
3213     3213   (0)     31 :  0.9896 0.0030 0.0040 0.0034 
3214     3214   (0)     31 :  0.9864 0.0052 0.0050 0.0034 
3215     3215   (0)     31 :  0.9900 0.0040 0.0036 0.0024 
3216     3216   (0)     31 :  0.9900 0.0040 0.0036 0.0024 
3217     3217   (0)     31 :  0.9912 0.0036 0.0028 0.0024 
3218     3218   (0)     31 :  0.9872 0.0054 0.0046 0.0028 
3219     3219   (0)     31 :  0.9912 0.0034 0.0030 0.0024 
3220     3220   (0)     31 :  0.9840 0.0058 0.0052 0.0050 
3221     3221   (0)     31 :  0.9872 0.0038 0.0042 0.0048 
3222     3222   (0)     31 :  0.9808 0.0054 0.0062 0.0076 
3223     3223   (0)     31 :  0.9912 0.0028 0.0036 0.0024 
3224     3224   (0)     31 :  0.9892 0.0030 0.0052 0.0026 
3225     3225   (0)     31 :  0.9904 0.0030 0.0042 0.0024 
3226     3226   (0)     31 :  0.9870 0.0040 0.0044 0.0046 
3227     3227   (0)     31 :  0.9912 0.0034 0.0030 0.0024 
3228     3228   (0)     31 :  0.9884 0.0030 0.0036 0.0050 
3229     3229   (0)     31 :  0.9852 0.0054 0.0056 0.0038 
3230     3230   (0)     31 :  0.9908 0.0024 0.0034 0.0034 
3231     3231   (0)     31 :  0.9872 0.0042 0.0044 0.0042 
3232     3232   (0)     31 :  0.9884 0.0028 0.0040 0.0048 
3233     3233   (0)     31 :  0.9820 0.0048 0.0058 0.0074 
3234     3234   (0)     31 :  0.9906 0.0024 0.0034 0.0036 
3235     3235   (0)     31 :  0.9922 0.0024 0.0030 0.0024 
3236     3236   (0)     31 :  0.9900 0.0042 0.0034 0.0024 
3237     3237   (0)     31 :  0.9910 0.0028 0.0038 0.0024 
3238     3238   (0)     31 :  0.9778 0.0044 0.0106 0.0072 
3239     3239   (0)     31 :  0.9900 0.0040 0.0040 0.0020 
3240     3240   (0)     31 :  0.9912 0.0034 0.0030 0.0024 
3241     3241   (0)     31 :  0.9922 0.0026 0.0028 0.0024 
3242     3242   (0)     31 :  0.9924 0.0026 0.0026 0.0024 
3243     3243   (0)     31 :  0.9876 0.0040 0.0036 0.0048 
3244     3244   (0)     31 :  0.9896 0.0034 0.0046 0.0024 
3245     3245   (0)     31 :  0.9886 0.0050 0.0040 0.0024 
3246     3246   (0)     31 :  0.9910 0.0028 0.0038 0.0024 
3247     3247   (0)     31 :  0.9866 0.0048 0.0066 0.0020 
3248     3248   (0)     31 :  0.9864 0.0054 0.0046 0.0036 
3249     3249   (0)     31 :  0.9884 0.0042 0.0032 0.0042 
3250     3250   (0)     31 :  0.9898 0.0030 0.0038 0.0034 
3251     3251   (0)     31 :  0.9900 0.0034 0.0038 0.0028 
3252     3252   (0)     31 :  0.9902 0.0030 0.0034 0.0034 
3253     3253   (0)     32 :  0.0068 0.3980 0.5920 0.0032 
3254     3254   (0)     32 :  0.0176 0.3898 0.5816 0.0110 
3255     3255   (0)     32 :  0.0090 0.4018 0.5840 0.0052 
3256     3256   (0)     32 :  0.0244 0.3966 0.5756 0.0034 
3257     3257   (0)     32 :  0.0056 0.4006 0.5876 0.0062 
3258     3258   (0)     32 :  0.0544 0.3820 0.5466 0.0170 
3259     3259   (0)     32 :  0.0274 0.3900 0.5748 0.0078 
3260     3260   (0)     32 :  0.0044 0.4024 0.5886 0.0046 
3261     3261   (0)     32 :  0.0068 0.3992 0.5898 0.0042 
3262     3262   (0)     32 :  0.0092 0.4150 0.5552 0.0206 
3263     3263   (0)     32 :  0.0064 0.3974 0.5912 0.0050 
3264     3264   (0)     32 :  0.0086 0.3968 0.5914 0.0032 
3265     3265   (0)     32 :  0.0048 0.3946 0.5940 0.0066 
3266     3266   (0)     32 :  0.0180 0.3990 0.5726 0.0104 
3267     3267   (0)     32 :  0.0086 0.3952 0.5910 0.0052 
3268     3268   (0)     32 :  0.0158 0.3862 0.5846 0.0134 
3269     3269   (0)     32 :  0.2293 0.3462 0.4185 0.0060 
3270     3270   (0)     32 :  0.0120 0.3798 0.6006 0.0076 
3271     3271   (0)     32 :  0.0122 0.4124 0.5468 0.0286 
3272     3272   (0)     32 :  0.0184 0.4054 0.5724 0.0038 
3273     3273   (0)     32 :  0.0142 0.3668 0.5926 0.0264 
3274     3274   (0)     32 :  0.0146 0.3682 0.5874 0.0298 
3275     3275   (5)     32 :  0.0106 0.3900 0.5850 0.0144 
3276     3276   (0)     32 :  0.0200 0.3830 0.5938 0.0032 
3277     3277   (0)     32 :  0.0692 0.3326 0.5860 0.0122 
3278     3278   (0)     32 :  0.0072 0.4068 0.5810 0.0050 
3279     3279   (0)     32 :  0.0112 0.3598 0.5758 0.0532 
3280     3280   (0)     32 :  0.0212 0.3838 0.5882 0.0068 
3281     3281   (0)     32 :  0.0042 0.3702 0.5742 0.0514 
3282     3282   (0)     32 :  0.0080 0.3946 0.5950 0.0024 
3283     3283   (5)     32 :  0.0064 0.3962 0.5932 0.0042 
3284     3284   (0)     32 :  0.0778 0.3576 0.5572 0.0074 
3285     3285   (0)     32 :  0.0058 0.3958 0.5884 0.0100 
3286     3286   (0)     32 :  0.0078 0.3954 0.5940 0.0028 
3287     3287   (0)     32 :  0.0082 0.3582 0.5804 0.0532 
3288     3288   (0)     32 :  0.0072 0.4332 0.5544 0.0052 
3289     3289   (5)     32 :  0.0110 0.3986 0.5826 0.0078 
3290     3290   (5)     32 :  0.0526 0.3440 0.5822 0.0212 
3291     3291   (5)     32 :  0.0138 0.3878 0.5898 0.0086 
3292     3292   (5)     32 :  0.0036 0.3906 0.5962 0.0096 
3293     3293   (0)     33 :  0.0228 0.3792 0.5892 0.0088 
3294     3294   (0)     33 :  0.0188 0.3820 0.5848 0.0144 
3295     3295   (0)     33 :  0.0036 0.3984 0.5884 0.0096 
3296     3296   (0)     33 :  0.0130 0.4032 0.5526 0.0312 
3297     3297   (0)     33 :  0.0062 0.3980 0.5904 0.0054 
3298     3298   (0)     33 :  0.0232 0.3780 0.5894 0.0094 
3299     3299   (0)     33 :  0.0178 0.3906 0.5870 0.0046 
3300     3300   (0)     33 :  0.0130 0.3936 0.5902 0.0032 
3301     3301   (0)     33 :  0.0056 0.4016 0.5874 0.0054 
3302     3302   (0)     33 :  0.0048 0.3948 0.5956 0.0048 
3303     3303   (0)     33 :  0.0044 0.4112 0.5662 0.0182 
3304     3304   (0)     33 :  0.0124 0.3886 0.5954 0.0036 
3305     3305   (0)     33 :  0.0364 0.3816 0.5778 0.0042 
3306     3306   (0)     33 :  0.0352 0.3772 0.5834 0.0042 
3307     3307   (0)     33 :  0.0042 0.3926 0.5988 0.0044 
3308     3308   (0)     33 :  0.0054 0.3938 0.5944 0.0064 
3309     3309   (0)     33 :  0.0072 0.4661 0.5225 0.0042 
3310     3310   (0)     33 :  0.0044 0.4006 0.5918 0.0032 
3311     3311   (0)     33 :  0.0028 0.4008 0.5912 0.0052 
3312     3312   (0)     33 :  0.0080 0.4306 0.5568 0.0046 
3313     3313   (0)     33 :  0.0058 0.4060 0.5748 0.0134 
3314     3314   (0)     33 :  0.0042 0.4216 0.5656 0.0086 
3315     3315   (0)     33 :  0.0104 0.4076 0.5736 0.0084 
3316     3316   (0)     33 :  0.0140 0.3690 0.5976 0.0194 
3317     3317   (0)     33 :  0.0038 0.4044 0.5862 0.0056 
3318     3318   (0)     33 :  0.0720 0.3534 0.5622 0.0124 
3319     3319   (0)     33 :  0.0088 0.3846 0.5746 0.0320 
3320     3320   (0)     33 :  0.0252 0.4036 0.5596 0.0116 
3321     3321   (0)     33 :  0.0316 0.3780 0.5840 0.0064 
3322     3322   (0)     33 :  0.0058 0.4030 0.5764 0.0148 
3323     3323   (0)     33 :  0.0308 0.3782 0.5866 0.0044 
3324     3324   (0)     33 :  0.0572 0.3612 0.5784 0.0032 
3325     3325   (0)     33 :  0.0280 0.3896 0.5724 0.0100 
3326     3326   (0)     33 :  0.0466 0.3772 0.5708 0.0054 
3327     3327   (0)     33 :  0.0054 0.3968 0.5920 0.0058 
3328     3328   (0)     33 :  0.1037 0.3335 0.5554 0.0074 
3329     3329   (0)     33 :  0.0080 0.3846 0.5990 0.0084 
3330     3330   (0)     33 :  0.0418 0.3606 0.5912 0.0064 
3331     3331   (0)     33 :  0.0082 0.3942 0.5922 0.0054 
3332     3332   (0)     33 :  0.0812 0.3547 0.5566 0.0076 
3333     3333   (0)     33 :  0.0110 0.3958 0.5854 0.0078 
3334     3334   (0)     33 :  0.0034 0.4026 0.5906 0.0034 
3335     3335   (0)     33 :  0.0102 0.3986 0.5762 0.0150 
3336     3336   (0)     33 :  0.0086 0.3736 0.5642 0.0536 
3337     3337   (0)     33 :  0.0058 0.4016 0.5902 0.0024 
3338     3338   (0)     33 :  0.0820 0.2730 0.4164 0.2287 
3339     3339   (0)     33 :  0.0110 0.3996 0.5822 0.0072 
3340     3340   (0)     33 :  0.0148 0.4762 0.4888 0.0202 
3341     3341   (0)     33 :  0.0042 0.3834 0.5978 0.0146 
3342     3342   (0)     33 :  0.0854 0.3208 0.5778 0.0160 
3343     3343   (0)     33 :  0.0070 0.3944 0.5914 0.0072 
3344     3344   (0)     33 :  0.0056 0.3924 0.5852 0.0168 
3345     3345   (0)     33 :  0.0208 0.3970 0.5744 0.0078 
3346     3346   (0)     33 :  0.0196 0.3850 0.5900 0.0054 
3347     3347   (0)     33 :  0.0168 0.4386 0.5404 0.0042 
3348     3348   (0)     33 :  0.0138 0.3966 0.5840 0.0056 
3349     3349   (0)     33 :  0.0086 0.3878 0.5956 0.0080 
3350     3350   (0)     33 :  0.0086 0.4226 0.5458 0.0230 
3351     3351   (0)     33 :  0.0052 0.3684 0.5332 0.0932 
3352     3352   (0)     33 :  0.0184 0.3912 0.5862 0.0042 
3353     3353   (0)     33 :  0.0062 0.3992 0.5918 0.0028 
3354     3354   (0)     33 :  0.0202 0.3816 0.5814 0.0168 
3355     3355   (0)     33 :  0.1536 0.4300 0.4130 0.0034 
3356     3356   (0)     33 :  0.0048 0.3958 0.5954 0.0040 
3357     3357   (0)     33 :  0.1633 0.2819 0.5367 0.0180 
3358     3358   (0)     33 :  0.0080 0.3870 0.5742 0.0308 
3359     3359   (0)     33 :  0.0042 0.4212 0.5688 0.0058 
3360     3360   (0)     33 :  0.0060 0.4028 0.5874 0.0038 
3361     3361   (0)     33 :  0.0088 0.3922 0.5904 0.0086 
3362     3362   (0)     33 :  0.0028 0.4182 0.5692 0.0098 
3363     3363   (0)     33 :  0.0064 0.4196 0.5692 0.0048 
3364     3364   (0)     33 :  0.1988 0.2606 0.5364 0.0042 
3365     3365   (0)     33 :  0.0140 0.3802 0.5886 0.0172 
3366     3366   (0)     33 :  0.0100 0.3930 0.5936 0.0034 
3367     3367   (0)     33 :  0.0038 0.3904 0.5944 0.0114 
3368     3368   (0)     33 :  0.0044 0.4056 0.5854 0.0046 
3369     3369   (0)     33 :  0.0088 0.3902 0.5960 0.0050 
3370     3370   (0)     33 :  0.0102 0.3982 0.5882 0.0034 
3371     3371   (0)     33 :  0.1394 0.3352 0.5214 0.0040 
3372     3372   (0)     33 :  0.0036 0.3996 0.5914 0.0054 
3373     3373   (0)     33 :  0.0090 0.3948 0.5898 0.0064 
3374     3374   (0)     33 :  0.0124 0.3298 0.4728 0.1850 
3375     3375   (0)     33 :  0.0092 0.3774 0.5968 0.0166 
3376     3376   (0)     33 :  0.0138 0.3868 0.5946 0.0048 
3377     3377   (0)     33 :  0.0076 0.3998 0.5828 0.0098 
3378     3378   (0)     33 :  0.0052 0.4020 0.5868 0.0060 
3379     3379   (0)     33 :  0.0062 0.3926 0.5966 0.0046 
3380     3380   (0)     33 :  0.0138 0.3910 0.5910 0.0042 
3381     3381   (0)     33 :  0.0056 0.4032 0.5872 0.0040 
3382     3382   (0)     33 :  0.0296 0.3766 0.5878 0.0060 
3383     3383   (0)     33 :  0.0066 0.3964 0.5910 0.0060 
3384     3384   (0)     33 :  0.0204 0.3882 0.5850 0.0064 
3385     3385   (0)     33 :  0.0418 0.4076 0.5432 0.0074 
3386     3386   (0)     33 :  0.0140 0.3748 0.5928 0.0184 
3387     3387   (0)     33 :  0.0396 0.3718 0.5762 0.0124 
3388     3388   (0)     33 :  0.0250 0.4450 0.5226 0.0074 
3389     3389   (0)     33 :  0.0110 0.3998 0.5758 0.0134 
3390     3390   (0)     33 :  0.0070 0.3880 0.5956 0.0094 
3391     3391   (0)     33 :  0.0036 0.4022 0.5900 0.0042 
3392     3392   (0)     33 :  0.0218 0.3788 0.5508 0.0486 
3393     3393   (0)     33 :  0.0190 0.3832 0.5940 0.0038 
3394     3394   (0)     33 :  0.0064 0.3946 0.5854 0.0136 
3395     3395   (0)     33 :  0.0204 0.3866 0.5896 0.0034 
3396     3396   (0)     33 :  0.0036 0.3974 0.5946 0.0044 
3397     3397   (0)     33 :  0.0048 0.3610 0.5572 0.0770 
3398     3398   (0)     33 :  0.0058 0.3982 0.5896 0.0064 
3399     3399   (0)     33 :  0.0068 0.4774 0.5114 0.0044 
3400     3400   (0)     33 :  0.0084 0.3974 0.5900 0.0042 
3401     3401   (0)     33 :  0.0178 0.3758 0.5758 0.0306 
3402     3402   (0)     33 :  0.0050 0.4192 0.5724 0.0034 
3403     3403   (0)     33 :  0.0086 0.3866 0.6020 0.0028 
3404     3404   (0)     33 :  0.0066 0.4228 0.5656 0.0050 
3405     3405   (0)     33 :  0.0038 0.3966 0.5940 0.0056 
3406     3406   (0)     33 :  0.0196 0.3798 0.5890 0.0116 
3407     3407   (0)     33 :  0.0090 0.4028 0.5790 0.0092 
3408     3408   (0)     33 :  0.0052 0.3996 0.5872 0.0080 
3409     3409   (0)     33 :  0.0054 0.3994 0.5874 0.0078 
3410     3410   (0)     33 :  0.0044 0.3986 0.5938 0.0032 
3411     3411   (0)     33 :  0.0042 0.4030 0.5848 0.0080 
3412     3412   (0)     33 :  0.0074 0.4014 0.5870 0.0042 
3413     3413   (0)     33 :  0.0080 0.3914 0.5946 0.0060 
3414     3414   (0)     33 :  0.1189 0.3454 0.5315 0.0042 
3415     3415   (0)     33 :  0.0330 0.3766 0.5850 0.0054 
3416     3416   (0)     33 :  0.0578 0.3786 0.5198 0.0438 
3417     3417   (0)     33 :  0.0064 0.3888 0.5856 0.0192 
3418     3418   (0)     33 :  0.0036 0.3922 0.5870 0.0172 
3419     3419   (0)     33 :  0.0050 0.3934 0.5840 0.0176 
3420     3420   (0)     33 :  0.0114 0.3888 0.5958 0.0040 
3421     3421   (0)     33 :  0.0184 0.3804 0.5802 0.0210 
3422     3422   (0)     33 :  0.0102 0.4054 0.5782 0.0062 
3423     3423   (0)     33 :  0.0106 0.3806 0.5890 0.0198 
3424     3424   (0)     33 :  0.0448 0.3702 0.5804 0.0046 
3425     3425   (0)     33 :  0.0268 0.3692 0.5898 0.0142 
3426     3426   (0)     33 :  0.0046 0.3990 0.5914 0.0050 
3427     3427   (0)     33 :  0.0314 0.3782 0.5760 0.0144 
3428     3428   (0)     33 :  0.0086 0.3772 0.5964 0.0178 
3429     3429   (0)     33 :  0.0120 0.3972 0.5834 0.0074 
3430     3430   (0)     33 :  0.0306 0.3656 0.5882 0.0156 
3431     3431   (0)     33 :  0.0046 0.4122 0.5746 0.0086 
3432     3432   (0)     33 :  0.0078 0.3908 0.5772 0.0242 
3433     3433   (0)     33 :  0.0040 0.4086 0.5762 0.0112 
3434     3434   (0)     33 :  0.0456 0.3688 0.5806 0.0050 
3435     3435   (0)     33 :  0.0146 0.3878 0.5936 0.0040 
3436     3436   (0)     33 :  0.0670 0.3590 0.5644 0.0096 
3437     3437   (0)     33 :  0.0072 0.3962 0.5912 0.0054 
3438     3438   (0)     33 :  0.0194 0.3876 0.5880 0.0050 
3439     3439   (0)     33 :  0.0074 0.4036 0.5820 0.0070 
3440     3440   (0)     33 :  0.0186 0.3912 0.5844 0.0058 
3441     3441   (0)     33 :  0.0120 0.3890 0.5936 0.0054 
3442     3442   (0)     33 :  0.0072 0.3972 0.5722 0.0234 
3443     3443   (0)     33 :  0.0068 0.3964 0.5924 0.0044 
3444     3444   (0)     33 :  0.0146 0.3898 0.5812 0.0144 
3445     3445   (0)     33 :  0.0062 0.3974 0.5932 0.0032 
3446     3446   (0)     33 :  0.0120 0.3932 0.5902 0.0046 
3447     3447   (0)     33 :  0.0046 0.3976 0.5924 0.0054 
3448     3448   (0)     33 :  0.0144 0.4082 0.5724 0.0050 
3449     3449   (0)     33 :  0.0262 0.3802 0.5602 0.0334 
3450     3450   (0)     33 :  0.0052 0.4018 0.5888 0.0042 
3451     3451   (0)     33 :  0.0208 0.3824 0.5904 0.0064 
3452     3452   (0)     33 :  0.0142 0.3968 0.5848 0.0042 
3453     3453   (0)     33 :  0.0800 0.4008 0.5128 0.0064 
3454     3454   (0)     33 :  0.0232 0.3788 0.5924 0.0056 
3455     3455   (0)     33 :  0.0100 0.3872 0.5912 0.0116 
3456     3456   (0)     33 :  0.0142 0.3914 0.5888 0.0056 
3457     3457   (0)     33 :  0.0118 0.3968 0.5836 0.0078 
3458     3458   (0)     33 :  0.0092 0.4072 0.5714 0.0122 
3459     3459   (0)     33 :  0.0046 0.4022 0.5884 0.0048 
3460     3460   (0)     33 :  0.0166 0.3614 0.5856 0.0364 
3461     3461   (0)     33 :  0.0390 0.3798 0.5784 0.0028 
3462     3462   (0)     33 :  0.0042 0.3982 0.5912 0.0064 
3463     3463   (0)     33 :  0.0088 0.4056 0.5808 0.0048 
3464     3464   (0)     33 :  0.0502 0.3694 0.5722 0.0082 
3465     3465   (0)     33 :  0.0056 0.3974 0.5854 0.0116 
3466     3466   (0)     33 :  0.0122 0.3936 0.5900 0.0042 
3467     3467   (0)     33 :  0.0274 0.3586 0.5720 0.0420 
3468     3468   (0)     33 :  0.0762 0.3364 0.5820 0.0054 
3469     3469   (0)     33 :  0.0078 0.3986 0.5904 0.0032 
3470     3470   (0)     33 :  0.0092 0.3454 0.5550 0.0904 
3471     3471   (0)     33 :  0.0042 0.4090 0.5804 0.0064 
3472     3472   (0)     33 :  0.0068 0.3942 0.5912 0.0078 
3473     3473   (0)     33 :  0.0050 0.3956 0.5952 0.0042 
3474     3474   (0)     33 :  0.0076 0.3946 0.5942 0.0036 
3475     3475   (0)     33 :  0.0090 0.3912 0.5962 0.0036 
3476     3476   (0)     33 :  0.0156 0.3938 0.5846 0.0060 
3477     3477   (0)     33 :  0.0064 0.3938 0.5948 0.0050 
3478     3478   (0)     33 :  0.0160 0.3938 0.5722 0.0180 
3479     3479   (0)     33 :  0.0070 0.3996 0.5876 0.0058 
3480     3480   (0)     33 :  0.0196 0.3758 0.5824 0.0222 
3481     3481   (0)     33 :  0.0260 0.3824 0.5846 0.0070 
3482     3482   (0)     33 :  0.0052 0.3978 0.5942 0.0028 
3483     3483   (0)     33 :  0.0104 0.4212 0.5590 0.0094 
3484     3484   (0)     33 :  0.0104 0.3958 0.5870 0.0068 
3485     3485   (0)     33 :  0.0578 0.3550 0.5818 0.0054 
3486     3486   (0)     33 :  0.0514 0.4430 0.4887 0.0170 
3487     3487   (0)     33 :  0.0234 0.3852 0.5826 0.0088 
3488     3488   (0)     33 :  0.0066 0.3888 0.5944 0.0102 
3489     3489   (0)     33 :  0.0070 0.4030 0.5738 0.0162 
3490     3490   (0)     33 :  0.0228 0.3836 0.5904 0.0032 
3491     3491   (0)     33 :  0.0066 0.4140 0.5754 0.0040 
3492     3492   (0)     33 :  0.0146 0.3892 0.5916 0.0046 
3493     3493   (0)     33 :  0.0178 0.3842 0.5932 0.0048 
3494     3494   (0)     33 :  0.0062 0.3940 0.5876 0.0122 
3495     3495   (0)     33 :  0.0902 0.3294 0.5732 0.0072 
3496     3496   (0)     33 :  0.0052 0.3970 0.5946 0.0032 
3497     3497   (0)     33 :  0.0094 0.3910 0.5928 0.0068 
3498     3498   (0)     33 :  0.0172 0.3802 0.5888 0.0138 
3499     3499   (0)     33 :  0.0054 0.3980 0.5914 0.0052 
3500     3500   (0)     33 :  0.0120 0.3746 0.5650 0.0484 
3501     3501   (0)     33 :  0.0494 0.3598 0.5866 0.0042 
3502     3502   (0)     33 :  0.0056 0.4300 0.5596 0.0048 
3503     3503   (0)     33 :  0.0192 0.3878 0.5884 0.0046 
3504     3504   (0)     33 :  0.0132 0.3870 0.5884 0.0114 
3505     3505   (0)     33 :  0.0394 0.3802 0.5772 0.0032 
3506     3506   (0)     33 :  0.0056 0.3936 0.5948 0.0060 
3507     3507   (0)     33 :  0.0106 0.3922 0.5912 0.0060 
3508     3508   (0)     33 :  0.0046 0.3690 0.5878 0.0386 
3509     3509   (0)     33 :  0.0036 0.3964 0.5892 0.0108 
3510     3510   (0)     33 :  0.0090 0.4464 0.5406 0.0040 
3511     3511   (0)     33 :  0.0096 0.3580 0.5282 0.1042 
3512     3512   (0)     33 :  0.3734 0.2060 0.4130 0.0076 
3513     3513   (0)     33 :  0.0096 0.3922 0.5932 0.0050 
3514     3514   (0)     33 :  0.0066 0.3948 0.5862 0.0124 
3515     3515   (0)     33 :  0.0750 0.3562 0.5612 0.0076 
3516     3516   (0)     33 :  0.0058 0.3790 0.5930 0.0222 
3517     3517   (0)     33 :  0.0194 0.3854 0.5914 0.0038 
3518     3518   (0)     33 :  0.0062 0.3996 0.5852 0.0090 
3519     3519   (0)     33 :  0.0090 0.3914 0.5960 0.0036 
3520     3520   (0)     33 :  0.0132 0.3934 0.5868 0.0066 
3521     3521   (0)     33 :  0.0042 0.4098 0.5822 0.0038 
3522     3522   (0)     33 :  0.0464 0.5089 0.4188 0.0260 
3523     3523   (0)     33 :  0.0032 0.3922 0.5968 0.0078 
3524     3524   (0)     33 :  0.0060 0.3834 0.5776 0.0330 
3525     3525   (0)     33 :  0.0066 0.3938 0.5946 0.0050 
3526     3526   (0)     33 :  0.0302 0.3940 0.5644 0.0114 
3527     3527   (0)     33 :  0.0122 0.3982 0.5864 0.0032 
3528     3528   (0)     33 :  0.0106 0.3918 0.5892 0.0084 
3529     3529   (0)     33 :  0.0076 0.4260 0.5612 0.0052 
3530     3530   (0)     33 :  0.0072 0.3920 0.5938 0.0070 
3531     3531   (0)     33 :  0.0028 0.3970 0.5662 0.0340 
3532     3532   (0)     33 :  0.0082 0.4026 0.5818 0.0074 
3533     3533   (0)     33 :  0.0068 0.3988 0.5828 0.0116 
3534     3534   (0)     33 :  0.0058 0.3946 0.5952 0.0044 
3535     3535   (0)     33 :  0.0276 0.3820 0.5830 0.0074 
3536     3536   (0)     33 :  0.0620 0.3830 0.5494 0.0056 
3537     3537   (0)     33 :  0.0140 0.3900 0.5920 0.0040 
3538     3538   (0)     33 :  0.0652 0.3526 0.5786 0.0036 
3539     3539   (0)     33 :  0.0066 0.3594 0.5816 0.0524 
3540     3540   (0)     33 :  0.0068 0.3944 0.5946 0.0042 
3541     3541   (0)     33 :  0.0102 0.3898 0.5954 0.0046 
3542     3542   (0)     33 :  0.0256 0.4690 0.4907 0.0148 
3543     3543   (0)     33 :  0.0452 0.4288 0.5170 0.0090 
3544     3544   (0)     33 :  0.0068 0.4082 0.5790 0.0060 
3545     3545   (0)     33 :  0.0424 0.3706 0.5834 0.0036 
3546     3546   (0)     33 :  0.0092 0.3942 0.5932 0.0034 
3547     3547   (0)     33 :  0.0062 0.3800 0.5684 0.0454 
3548     3548   (0)     33 :  0.0066 0.3942 0.5810 0.0182 
3549     3549   (0)     33 :  0.0098 0.3896 0.5948 0.0058 
3550     3550   (0)     33 :  0.0072 0.4004 0.5892 0.0032 
3551     3551   (0)     33 :  0.0160 0.3794 0.5902 0.0144 
3552     3552   (0)     33 :  0.0060 0.3956 0.5892 0.0092 
3553     3553   (0)     33 :  0.3293 0.2343 0.4280 0.0084 
3554     3554   (0)     33 :  0.0124 0.3876 0.5928 0.0072 
3555     3555   (0)     33 :  0.0106 0.3786 0.5898 0.0210 
3556     3556   (0)     33 :  0.0072 0.3890 0.5880 0.0158 
3557     3557   (0)     33 :  0.0354 0.3816 0.5758 0.0072 
3558     3558   (0)     33 :  0.0064 0.4330 0.5496 0.0110 
3559     3559   (0)     33 :  0.0136 0.3916 0.5906 0.0042 
3560     3560   (0)     33 :  0.1344 0.2298 0.5314 0.1044 
3561     3561   (0)     33 :  0.0110 0.3722 0.5958 0.0210 
3562     3562   (0)     33 :  0.0080 0.3986 0.5896 0.0038 
3563     3563   (0)     33 :  0.0084 0.3954 0.5922 0.0040 
3564     3564   (0)     33 :  0.0050 0.4024 0.5730 0.0196 
3565     3565   (0)     33 :  0.0140 0.3948 0.5744 0.0168 
3566     3566   (0)     33 :  0.0070 0.3956 0.5934 0.0040 
3567     3567   (0)     33 :  0.0042 0.4044 0.5872 0.0042 
3568     3568   (0)     33 :  0.0196 0.3906 0.5854 0.0044 
3569     3569   (0)     33 :  0.0076 0.3844 0.5828 0.0252 
3570     3570   (0)     33 :  0.0062 0.4082 0.5808 0.0048 
3571     3571   (0)     33 :  0.0166 0.3852 0.5912 0.0070 
3572     3572   (0)     33 :  0.0086 0.3954 0.5924 0.0036 
3573     3573   (0)     33 :  0.0044 0.4072 0.5816 0.0068 
3574     3574   (0)     33 :  0.0216 0.3810 0.5902 0.0072 
3575     3575   (0)     33 :  0.0064 0.4004 0.5882 0.0050 
3576     3576   (0)     33 :  0.0352 0.3748 0.5868 0.0032 
3577     3577   (0)     33 :  0.0050 0.4016 0.5896 0.0038 
3578     3578   (0)     33 :  0.0050 0.3980 0.5938 0.0032 
3579     3579   (0)     33 :  0.0096 0.3802 0.5852 0.0250 
3580     3580   (0)     33 :  0.0090 0.3561 0.5764 0.0584 
3581     3581   (0)     33 :  0.0050 0.3948 0.5838 0.0164 
3582     3582   (0)     33 :  0.0080 0.3946 0.5950 0.0024 
3583     3583   (0)     33 :  0.0052 0.3958 0.5924 0.0066 
3584     3584   (0)     33 :  0.0090 0.3946 0.5872 0.0092 
3585     3585   (0)     33 :  0.0162 0.3874 0.5846 0.0118 
3586     3586   (0)     33 :  0.0096 0.3972 0.5896 0.0036 
3587     3587   (0)     33 :  0.0168 0.3966 0.5838 0.0028 
3588     3588   (0)     33 :  0.0362 0.3708 0.5894 0.0036 
3589     3589   (0)     33 :  0.0098 0.3900 0.5960 0.0042 
3590     3590   (0)     33 :  0.0040 0.4822 0.5076 0.0062 
3591     3591   (0)     33 :  0.0058 0.3976 0.5926 0.0040 
3592     3592   (0)     33 :  0.0064 0.3932 0.5954 0.0050 
