1        1   (5)      1  : 0.9740 0.0040 0.0090 0.0070 0.0060
2        2   (5)      1  : 0.9630 0.0110 0.0050 0.0110 0.0100
3        3   (5)      1  : 0.9820 0.0040 0.0050 0.0050 0.0040
4        4   (0)      1  : 0.9795 0.0055 0.0070 0.0040 0.0040
5        5   (0)      1  : 0.8816 0.0140 0.0170 0.0420 0.0455
6        6   (0)      1  : 0.9780 0.0040 0.0070 0.0060 0.0050
7        7   (0)      1  : 0.9430 0.0100 0.0030 0.0300 0.0140
8        8   (5)      1  : 0.9850 0.0040 0.0050 0.0030 0.0030
9        9   (0)      1  : 0.9880 0.0030 0.0040 0.0030 0.0020
10       10   (0)      1  : 0.9630 0.0090 0.0040 0.0120 0.0120
11       11   (0)      1  : 0.9800 0.0040 0.0030 0.0070 0.0060
12       12   (0)      1  : 0.9730 0.0100 0.0040 0.0070 0.0060
13       13   (0)      1  : 0.9830 0.0080 0.0030 0.0030 0.0030
14       14   (0)      1  : 0.9775 0.0040 0.0085 0.0040 0.0060
15       15   (0)      1  : 0.9820 0.0040 0.0040 0.0040 0.0060
16       16   (0)      1  : 0.9830 0.0030 0.0070 0.0030 0.0040
17       17   (0)      1  : 0.9890 0.0030 0.0020 0.0030 0.0030
18       18   (0)      1  : 0.9580 0.0070 0.0050 0.0140 0.0160
19       19   (0)      1  : 0.9700 0.0150 0.0060 0.0060 0.0030
20       20   (0)      1  : 0.9535 0.0090 0.0070 0.0150 0.0155
21       21   (0)      1  : 0.9860 0.0050 0.0030 0.0030 0.0030
22       22   (0)      1  : 0.9820 0.0030 0.0090 0.0030 0.0030
23       23   (0)      1  : 0.9850 0.0030 0.0060 0.0040 0.0020
24       24   (0)      1  : 0.9600 0.0080 0.0210 0.0060 0.0050
25       25   (0)      1  : 0.9720 0.0110 0.0040 0.0080 0.0050
26       26   (0)      1  : 0.9770 0.0100 0.0050 0.0040 0.0040
27       27   (5)      1  : 0.9280 0.0070 0.0050 0.0320 0.0280
28       28   (0)      1  : 0.9620 0.0030 0.0110 0.0080 0.0160
29       29   (0)      1  : 0.9800 0.0040 0.0080 0.0040 0.0040
30       30   (0)      1  : 0.9300 0.0150 0.0210 0.0290 0.0050
31       31   (0)      1  : 0.9850 0.0030 0.0040 0.0050 0.0030
32       32   (0)      1  : 0.9484 0.0105 0.0040 0.0050 0.0320
33       33   (0)      1  : 0.9870 0.0030 0.0030 0.0030 0.0040
34       34   (0)      1  : 0.9830 0.0030 0.0070 0.0040 0.0030
35       35   (0)      1  : 0.8826 0.0060 0.0060 0.0935 0.0120
36       36   (0)      1  : 0.9560 0.0050 0.0040 0.0050 0.0300
37       37   (0)      1  : 0.9735 0.0090 0.0040 0.0075 0.0060
38       38   (0)      1  : 0.9770 0.0110 0.0030 0.0050 0.0040
39       39   (0)      1  : 0.9505 0.0120 0.0050 0.0100 0.0225
40       40   (0)      1  : 0.9710 0.0060 0.0090 0.0080 0.0060
41       41   (0)      1  : 0.9780 0.0050 0.0050 0.0060 0.0060
42       42   (0)      1  : 0.9860 0.0040 0.0040 0.0030 0.0030
43       43   (0)      1  : 0.9850 0.0030 0.0040 0.0040 0.0040
44       44   (0)      1  : 0.9900 0.0020 0.0020 0.0030 0.0030
45       45   (5)      1  : 0.9730 0.0070 0.0040 0.0060 0.0100
46       46   (0)      1  : 0.9810 0.0020 0.0090 0.0050 0.0030
47       47   (0)      1  : 0.9800 0.0020 0.0070 0.0060 0.0050
48       48   (0)      1  : 0.9720 0.0040 0.0110 0.0080 0.0050
49       49   (0)      1  : 0.9630 0.0150 0.0030 0.0110 0.0080
50       50   (0)      1  : 0.9810 0.0040 0.0060 0.0050 0.0040
51       51   (0)      1  : 0.9790 0.0080 0.0040 0.0060 0.0030
52       52   (0)      1  : 0.9290 0.0400 0.0110 0.0130 0.0070
53       53   (0)      1  : 0.9660 0.0040 0.0160 0.0100 0.0040
54       54   (0)      1  : 0.9770 0.0020 0.0070 0.0060 0.0080
55       55   (0)      1  : 0.9840 0.0030 0.0040 0.0050 0.0040
56       56   (0)      1  : 0.9780 0.0030 0.0070 0.0040 0.0080
57       57  (10)      1  : 0.9770 0.0060 0.0040 0.0040 0.0090
58       58   (5)      1  : 0.9780 0.0040 0.0070 0.0050 0.0060
59       59   (0)      1  : 0.9755 0.0060 0.0095 0.0060 0.0030
60       60   (0)      1  : 0.9850 0.0040 0.0030 0.0040 0.0040
61       61   (0)      1  : 0.9770 0.0040 0.0070 0.0070 0.0050
62       62   (0)      1  : 0.9785 0.0035 0.0040 0.0070 0.0070
63       63   (0)      1  : 0.9790 0.0040 0.0030 0.0070 0.0070
64       64   (0)      1  : 0.9800 0.0030 0.0050 0.0070 0.0050
65       65   (0)      1  : 0.9330 0.0260 0.0030 0.0100 0.0280
66       66   (0)      1  : 0.9710 0.0040 0.0080 0.0060 0.0110
67       67   (5)      1  : 0.9440 0.0160 0.0230 0.0060 0.0110
68       68   (0)      1  : 0.9560 0.0050 0.0190 0.0110 0.0090
69       69   (0)      1  : 0.9840 0.0030 0.0030 0.0060 0.0040
70       70   (0)      1  : 0.9780 0.0040 0.0070 0.0050 0.0060
71       71   (5)      1  : 0.9600 0.0060 0.0090 0.0100 0.0150
72       72   (0)      1  : 0.9750 0.0110 0.0030 0.0060 0.0050
73       73   (5)      1  : 0.9780 0.0030 0.0050 0.0090 0.0050
74       74  (10)      1  : 0.9720 0.0070 0.0060 0.0070 0.0080
75       75  (10)      1  : 0.9610 0.0250 0.0040 0.0070 0.0030
76       76   (0)      1  : 0.7829 0.0045 0.2046 0.0040 0.0040
77       77  (10)      1  : 0.9500 0.0060 0.0360 0.0040 0.0040
78       78   (0)      1  : 0.9155 0.0120 0.0530 0.0115 0.0080
79       79   (5)      1  : 0.9670 0.0030 0.0100 0.0130 0.0070
80       80   (0)      1  : 0.9870 0.0030 0.0040 0.0030 0.0030
81       81   (0)      1  : 0.9860 0.0040 0.0040 0.0030 0.0030
82       82   (0)      1  : 0.9890 0.0030 0.0020 0.0030 0.0030
83       83   (0)      1  : 0.9400 0.0050 0.0420 0.0060 0.0070
84       84   (0)      1  : 0.9720 0.0100 0.0030 0.0070 0.0080
85       85   (0)      1  : 0.9875 0.0030 0.0020 0.0040 0.0035
86       86   (5)      1  : 0.9840 0.0040 0.0040 0.0050 0.0030
87       87   (0)      1  : 0.9800 0.0040 0.0050 0.0040 0.0070
88       88   (0)      1  : 0.8260 0.0090 0.1390 0.0150 0.0110
89       89   (0)      1  : 0.9435 0.0275 0.0120 0.0050 0.0120
90       90   (0)      1  : 0.9470 0.0030 0.0110 0.0070 0.0320
91       91   (0)      1  : 0.9770 0.0040 0.0080 0.0060 0.0050
92       92   (0)      1  : 0.9610 0.0040 0.0050 0.0100 0.0200
93       93   (0)      1  : 0.9860 0.0030 0.0050 0.0030 0.0030
94       94   (5)      1  : 0.9440 0.0200 0.0250 0.0060 0.0050
95       95   (0)      1  : 0.9830 0.0040 0.0060 0.0040 0.0030
96       96   (5)      1  : 0.9860 0.0040 0.0030 0.0040 0.0030
97       97   (0)      1  : 0.9700 0.0030 0.0150 0.0050 0.0070
98       98   (0)      1  : 0.9775 0.0060 0.0040 0.0075 0.0050
99       99   (5)      1  : 0.9820 0.0050 0.0030 0.0040 0.0060
100      100   (5)      1  : 0.9860 0.0030 0.0040 0.0030 0.0040
101      101   (0)      2  : 0.9780 0.0020 0.0090 0.0040 0.0070
102      102   (0)      2  : 0.9570 0.0060 0.0280 0.0050 0.0040
103      103   (0)      2  : 0.9660 0.0030 0.0250 0.0030 0.0030
104      104   (0)      2  : 0.9850 0.0040 0.0030 0.0040 0.0040
105      105   (0)      2  : 0.9430 0.0030 0.0070 0.0360 0.0110
106      106   (0)      2  : 0.9650 0.0200 0.0040 0.0050 0.0060
107      107   (0)      2  : 0.9855 0.0030 0.0045 0.0030 0.0040
108      108   (0)      2  : 0.9174 0.0050 0.0506 0.0160 0.0110
109      109   (0)      2  : 0.9395 0.0215 0.0090 0.0130 0.0170
110      110   (0)      2  : 0.9870 0.0040 0.0030 0.0030 0.0030
111      111   (0)      2  : 0.9820 0.0060 0.0030 0.0040 0.0050
112      112   (0)      2  : 0.9800 0.0070 0.0050 0.0040 0.0040
113      113   (0)      2  : 0.9720 0.0050 0.0050 0.0060 0.0120
114      114   (0)      2  : 0.9575 0.0100 0.0085 0.0140 0.0100
115      115   (0)      2  : 0.9845 0.0040 0.0045 0.0040 0.0030
116      116   (0)      2  : 0.9810 0.0040 0.0080 0.0040 0.0030
117      117   (0)      2  : 0.9830 0.0030 0.0060 0.0050 0.0030
118      118   (0)      2  : 0.9800 0.0050 0.0060 0.0050 0.0040
119      119   (0)      2  : 0.9830 0.0090 0.0020 0.0030 0.0030
120      120   (0)      2  : 0.9480 0.0100 0.0030 0.0250 0.0140
121      121   (0)      2  : 0.9820 0.0050 0.0030 0.0050 0.0050
122      122   (0)      2  : 0.9805 0.0060 0.0050 0.0055 0.0030
123      123   (0)      2  : 0.9740 0.0060 0.0110 0.0050 0.0040
124      124   (0)      2  : 0.9840 0.0030 0.0050 0.0030 0.0050
125      125   (0)      2  : 0.9860 0.0050 0.0030 0.0030 0.0030
126      126   (0)      2  : 0.9800 0.0030 0.0050 0.0060 0.0060
127      127   (0)      2  : 0.8544 0.1061 0.0070 0.0265 0.0060
128      128   (0)      2  : 0.9845 0.0040 0.0030 0.0040 0.0045
129      129   (0)      2  : 0.9760 0.0120 0.0040 0.0040 0.0040
130      130   (0)      2  : 0.9800 0.0030 0.0040 0.0040 0.0090
131      131   (0)      2  : 0.9810 0.0030 0.0030 0.0090 0.0040
132      132   (0)      2  : 0.9860 0.0040 0.0040 0.0030 0.0030
133      133   (0)      2  : 0.9880 0.0020 0.0030 0.0040 0.0030
134      134   (0)      2  : 0.8550 0.0090 0.0090 0.0875 0.0395
135      135   (0)      2  : 0.9850 0.0040 0.0030 0.0050 0.0030
136      136   (0)      2  : 0.9810 0.0040 0.0050 0.0060 0.0040
137      137   (0)      2  : 0.9620 0.0030 0.0230 0.0040 0.0080
138      138   (0)      2  : 0.9780 0.0080 0.0030 0.0060 0.0050
139      139   (0)      2  : 0.9690 0.0090 0.0030 0.0070 0.0120
140      140   (0)      2  : 0.8991 0.0649 0.0050 0.0160 0.0150
141      141   (0)      2  : 0.9890 0.0030 0.0020 0.0030 0.0030
142      142   (0)      2  : 0.9850 0.0040 0.0040 0.0040 0.0030
143      143   (0)      2  : 0.9870 0.0030 0.0040 0.0030 0.0030
144      144   (0)      2  : 0.9565 0.0040 0.0065 0.0220 0.0110
145      145   (0)      2  : 0.9850 0.0030 0.0050 0.0040 0.0030
146      146   (0)      2  : 0.9835 0.0030 0.0050 0.0045 0.0040
147      147   (0)      2  : 0.9860 0.0020 0.0060 0.0030 0.0030
148      148   (0)      2  : 0.9670 0.0120 0.0050 0.0060 0.0100
149      149   (0)      2  : 0.9850 0.0030 0.0040 0.0040 0.0040
150      150   (0)      2  : 0.9830 0.0030 0.0050 0.0050 0.0040
151      151   (0)      2  : 0.9650 0.0070 0.0030 0.0180 0.0070
152      152   (0)      2  : 0.9740 0.0040 0.0130 0.0050 0.0040
153      153   (0)      2  : 0.9870 0.0040 0.0030 0.0030 0.0030
154      154   (0)      2  : 0.9855 0.0025 0.0050 0.0040 0.0030
155      155   (0)      2  : 0.9780 0.0060 0.0030 0.0070 0.0060
156      156   (0)      2  : 0.9705 0.0060 0.0150 0.0035 0.0050
157      157   (0)      2  : 0.9830 0.0030 0.0040 0.0050 0.0050
158      158   (0)      2  : 0.9780 0.0050 0.0080 0.0030 0.0060
159      159   (0)      2  : 0.9345 0.0245 0.0050 0.0290 0.0070
160      160   (0)      2  : 0.9580 0.0280 0.0030 0.0050 0.0060
161      161   (0)      2  : 0.9750 0.0040 0.0060 0.0090 0.0060
162      162   (0)      2  : 0.9890 0.0030 0.0020 0.0020 0.0040
163      163   (0)      2  : 0.9635 0.0030 0.0185 0.0040 0.0110
164      164   (0)      2  : 0.9710 0.0060 0.0100 0.0070 0.0060
165      165   (0)      2  : 0.9780 0.0030 0.0080 0.0080 0.0030
166      166   (0)      2  : 0.9810 0.0070 0.0050 0.0040 0.0030
167      167   (0)      2  : 0.9840 0.0030 0.0040 0.0050 0.0040
168      168   (0)      2  : 0.9885 0.0030 0.0030 0.0030 0.0025
169      169   (0)      2  : 0.9770 0.0050 0.0090 0.0050 0.0040
170      170   (0)      2  : 0.9840 0.0030 0.0040 0.0040 0.0050
171      171   (0)      2  : 0.9830 0.0030 0.0050 0.0050 0.0040
172      172   (0)      2  : 0.9800 0.0050 0.0050 0.0060 0.0040
173      173   (0)      2  : 0.9840 0.0030 0.0060 0.0040 0.0030
174      174   (0)      2  : 0.9680 0.0110 0.0030 0.0100 0.0080
175      175   (0)      2  : 0.9840 0.0030 0.0070 0.0030 0.0030
176      176   (0)      2  : 0.9780 0.0030 0.0100 0.0030 0.0060
177      177   (0)      2  : 0.9840 0.0040 0.0040 0.0030 0.0050
178      178   (0)      2  : 0.9860 0.0050 0.0030 0.0030 0.0030
179      179   (0)      2  : 0.9760 0.0040 0.0120 0.0040 0.0040
180      180   (0)      2  : 0.9550 0.0250 0.0070 0.0080 0.0050
181      181   (0)      2  : 0.9800 0.0030 0.0030 0.0040 0.0100
182      182   (0)      2  : 0.9810 0.0040 0.0050 0.0050 0.0050
183      183   (0)      2  : 0.9745 0.0060 0.0040 0.0040 0.0115
184      184   (0)      2  : 0.9850 0.0030 0.0050 0.0030 0.0040
185      185   (0)      2  : 0.9340 0.0100 0.0220 0.0270 0.0070
186      186   (0)      2  : 0.9640 0.0190 0.0050 0.0070 0.0050
187      187   (0)      2  : 0.9850 0.0040 0.0040 0.0040 0.0030
188      188   (0)      2  : 0.9770 0.0030 0.0050 0.0060 0.0090
189      189   (0)      2  : 0.9715 0.0085 0.0050 0.0060 0.0090
190      190   (0)      2  : 0.8951 0.0030 0.0869 0.0080 0.0070
191      191   (0)      2  : 0.9840 0.0050 0.0040 0.0030 0.0040
192      192   (0)      2  : 0.9870 0.0020 0.0040 0.0040 0.0030
193      193   (0)      2  : 0.9610 0.0160 0.0040 0.0100 0.0090
194      194   (0)      2  : 0.9790 0.0060 0.0030 0.0080 0.0040
195      195   (0)      2  : 0.9610 0.0100 0.0040 0.0110 0.0140
196      196   (0)      2  : 0.9890 0.0030 0.0030 0.0020 0.0030
197      197   (0)      2  : 0.9770 0.0060 0.0070 0.0050 0.0050
198      198   (0)      2  : 0.9520 0.0170 0.0030 0.0090 0.0190
199      199   (0)      2  : 0.9815 0.0060 0.0055 0.0040 0.0030
200      200   (0)      2  : 0.9800 0.0030 0.0040 0.0070 0.0060
201      201   (0)      2  : 0.9700 0.0050 0.0110 0.0070 0.0070
202      202   (0)      2  : 0.9880 0.0030 0.0030 0.0030 0.0030
203      203   (0)      2  : 0.9700 0.0070 0.0060 0.0060 0.0110
204      204   (0)      2  : 0.9730 0.0040 0.0140 0.0040 0.0050
205      205   (0)      2  : 0.9750 0.0030 0.0070 0.0060 0.0090
206      206   (0)      2  : 0.9675 0.0070 0.0040 0.0050 0.0165
207      207   (0)      2  : 0.9585 0.0040 0.0060 0.0200 0.0115
208      208   (0)      2  : 0.9745 0.0050 0.0085 0.0080 0.0040
209      209   (0)      2  : 0.9560 0.0030 0.0180 0.0090 0.0140
210      210   (0)      2  : 0.9840 0.0030 0.0040 0.0040 0.0050
211      211   (0)      2  : 0.9780 0.0080 0.0040 0.0060 0.0040
212      212   (0)      2  : 0.9890 0.0020 0.0040 0.0020 0.0030
213      213   (0)      2  : 0.9840 0.0050 0.0040 0.0040 0.0030
214      214   (0)      2  : 0.9735 0.0040 0.0135 0.0050 0.0040
215      215   (0)      2  : 0.9870 0.0020 0.0030 0.0050 0.0030
216      216   (0)      2  : 0.9429 0.0040 0.0360 0.0080 0.0090
217      217   (0)      2  : 0.9471 0.0090 0.0270 0.0110 0.0060
218      218   (0)      2  : 0.9700 0.0090 0.0050 0.0080 0.0080
219      219   (0)      2  : 0.9870 0.0030 0.0030 0.0040 0.0030
220      220   (0)      2  : 0.9390 0.0060 0.0440 0.0050 0.0060
221      221   (0)      2  : 0.9780 0.0100 0.0040 0.0040 0.0040
222      222   (0)      2  : 0.9435 0.0060 0.0090 0.0050 0.0365
223      223   (0)      2  : 0.9750 0.0120 0.0040 0.0040 0.0050
224      224   (0)      2  : 0.9840 0.0050 0.0040 0.0040 0.0030
225      225   (0)      2  : 0.9900 0.0030 0.0020 0.0030 0.0020
226      226   (0)      2  : 0.9825 0.0030 0.0080 0.0035 0.0030
227      227   (0)      2  : 0.9730 0.0060 0.0040 0.0090 0.0080
228      228   (0)      2  : 0.9465 0.0085 0.0080 0.0190 0.0180
229      229   (0)      2  : 0.9485 0.0160 0.0090 0.0115 0.0150
230      230   (0)      2  : 0.9665 0.0140 0.0040 0.0095 0.0060
231      231   (0)      2  : 0.8445 0.0040 0.1395 0.0060 0.0060
232      232   (0)      2  : 0.9700 0.0060 0.0090 0.0060 0.0090
233      233   (0)      2  : 0.9730 0.0060 0.0090 0.0070 0.0050
234      234   (0)      2  : 0.9860 0.0030 0.0050 0.0030 0.0030
235      235   (0)      2  : 0.9780 0.0030 0.0060 0.0080 0.0050
236      236   (0)      2  : 0.9735 0.0050 0.0145 0.0040 0.0030
237      237   (0)      2  : 0.9780 0.0030 0.0130 0.0040 0.0020
238      238   (0)      2  : 0.9800 0.0040 0.0050 0.0050 0.0060
239      239   (0)      2  : 0.9870 0.0050 0.0020 0.0030 0.0030
240      240   (0)      2  : 0.9810 0.0070 0.0040 0.0040 0.0040
241      241   (0)      2  : 0.9720 0.0080 0.0040 0.0080 0.0080
242      242   (0)      2  : 0.9895 0.0030 0.0020 0.0025 0.0030
243      243   (0)      2  : 0.9770 0.0060 0.0070 0.0050 0.0050
244      244   (0)      2  : 0.9085 0.0140 0.0425 0.0150 0.0200
245      245   (0)      2  : 0.9860 0.0030 0.0030 0.0050 0.0030
246      246   (0)      2  : 0.9755 0.0040 0.0065 0.0070 0.0070
247      247   (0)      2  : 0.9850 0.0040 0.0030 0.0040 0.0040
248      248   (0)      2  : 0.9560 0.0290 0.0030 0.0070 0.0050
249      249   (0)      2  : 0.9840 0.0040 0.0050 0.0030 0.0040
250      250   (0)      2  : 0.9850 0.0030 0.0040 0.0050 0.0030
251      251   (0)      2  : 0.9775 0.0070 0.0040 0.0055 0.0060
252      252   (0)      2  : 0.9810 0.0050 0.0040 0.0060 0.0040
253      253   (0)      2  : 0.9780 0.0080 0.0060 0.0040 0.0040
254      254   (0)      2  : 0.9745 0.0030 0.0095 0.0080 0.0050
255      255   (0)      2  : 0.9840 0.0030 0.0030 0.0060 0.0040
256      256   (0)      2  : 0.9840 0.0040 0.0050 0.0030 0.0040
257      257   (0)      2  : 0.9740 0.0040 0.0040 0.0130 0.0050
258      258   (0)      2  : 0.9805 0.0020 0.0060 0.0035 0.0080
259      259   (0)      2  : 0.9840 0.0030 0.0050 0.0050 0.0030
260      260   (0)      2  : 0.9630 0.0030 0.0120 0.0100 0.0120
261      261   (0)      2  : 0.9710 0.0090 0.0070 0.0080 0.0050
262      262   (0)      2  : 0.9830 0.0050 0.0040 0.0040 0.0040
263      263   (0)      2  : 0.9730 0.0030 0.0040 0.0090 0.0110
264      264   (0)      2  : 0.9860 0.0040 0.0030 0.0040 0.0030
265      265   (0)      2  : 0.9730 0.0050 0.0050 0.0110 0.0060
266      266   (0)      2  : 0.9880 0.0030 0.0020 0.0040 0.0030
267      267   (0)      2  : 0.8740 0.0050 0.0100 0.0110 0.1000
268      268   (0)      2  : 0.9900 0.0030 0.0020 0.0030 0.0020
269      269   (0)      2  : 0.9630 0.0120 0.0050 0.0080 0.0120
270      270   (0)      2  : 0.9800 0.0070 0.0030 0.0050 0.0050
271      271   (0)      2  : 0.9780 0.0060 0.0050 0.0060 0.0050
272      272   (0)      2  : 0.9830 0.0020 0.0050 0.0050 0.0050
273      273   (0)      2  : 0.9750 0.0030 0.0100 0.0050 0.0070
274      274   (0)      2  : 0.9790 0.0040 0.0100 0.0030 0.0040
275      275   (0)      2  : 0.9830 0.0020 0.0040 0.0030 0.0080
276      276   (0)      2  : 0.9840 0.0030 0.0030 0.0040 0.0060
277      277   (0)      2  : 0.9660 0.0090 0.0050 0.0150 0.0050
278      278   (0)      2  : 0.9780 0.0030 0.0080 0.0080 0.0030
279      279   (0)      2  : 0.9860 0.0020 0.0030 0.0050 0.0040
280      280   (0)      2  : 0.9890 0.0020 0.0030 0.0030 0.0030
281      281   (0)      2  : 0.9770 0.0040 0.0040 0.0090 0.0060
282      282   (0)      2  : 0.9480 0.0040 0.0325 0.0075 0.0080
283      283   (0)      2  : 0.9615 0.0035 0.0030 0.0170 0.0150
284      284   (0)      2  : 0.9560 0.0240 0.0040 0.0090 0.0070
285      285   (0)      2  : 0.9545 0.0195 0.0040 0.0090 0.0130
286      286   (0)      2  : 0.9770 0.0050 0.0040 0.0040 0.0100
287      287   (0)      2  : 0.8451 0.0120 0.1000 0.0135 0.0295
288      288   (0)      2  : 0.9750 0.0030 0.0030 0.0120 0.0070
289      289   (0)      2  : 0.9830 0.0030 0.0070 0.0030 0.0040
290      290   (0)      2  : 0.9840 0.0060 0.0030 0.0040 0.0030
291      291   (0)      2  : 0.9845 0.0040 0.0050 0.0030 0.0035
292      292   (0)      2  : 0.9880 0.0030 0.0030 0.0030 0.0030
293      293   (0)      2  : 0.9090 0.0070 0.0710 0.0070 0.0060
294      294   (0)      2  : 0.9401 0.0030 0.0045 0.0375 0.0150
295      295   (0)      2  : 0.9825 0.0020 0.0080 0.0035 0.0040
296      296   (0)      2  : 0.9690 0.0060 0.0060 0.0100 0.0090
297      297   (0)      2  : 0.9890 0.0030 0.0030 0.0020 0.0030
298      298   (0)      2  : 0.9870 0.0030 0.0030 0.0040 0.0030
299      299   (0)      2  : 0.9850 0.0030 0.0040 0.0040 0.0040
300      300   (0)      2  : 0.9770 0.0060 0.0050 0.0050 0.0070
301      301   (5)      3  : 0.6300 0.0080 0.0040 0.3405 0.0175
302      302   (0)      3  : 0.2537 0.0275 0.0080 0.5724 0.1384
303      303   (0)      3  : 0.4502 0.0200 0.0120 0.5118 0.0060
304      304   (5)      3  : 0.3567 0.0120 0.0035 0.6068 0.0210
305      305   (5)      3  : 0.3955 0.0280 0.0020 0.4890 0.0855
306      306   (0)      3  : 0.2350 0.0705 0.0080 0.6735 0.0130
307      307   (0)      4  : 0.6893 0.0080 0.0050 0.0619 0.2358
308      308   (0)      4  : 0.4645 0.0070 0.0030 0.5185 0.0070
309      309   (0)      4  : 0.5512 0.0930 0.0130 0.2979 0.0450
310      310   (0)      4  : 0.4223 0.0135 0.0320 0.5142 0.0180
311      311   (0)      4  : 0.5536 0.0060 0.0100 0.4184 0.0120
312      312   (0)      4  : 0.5798 0.0100 0.0050 0.3767 0.0285
313      313   (0)      4  : 0.4014 0.0050 0.0040 0.5756 0.0140
314      314   (0)      4  : 0.3788 0.0060 0.0120 0.5467 0.0565
315      315   (0)      4  : 0.4200 0.0080 0.0060 0.5095 0.0565
316      316   (0)      4  : 0.2664 0.0275 0.0040 0.6582 0.0440
317      317   (0)      4  : 0.3966 0.0120 0.0240 0.5415 0.0260
318      318   (0)      4  : 0.4895 0.0405 0.0060 0.4540 0.0100
319      319   (0)      4  : 0.8480 0.0190 0.0125 0.0995 0.0210
320      320   (0)      4  : 0.3568 0.1359 0.0100 0.1924 0.3048
321      321   (0)      4  : 0.4733 0.0110 0.0030 0.5017 0.0110
322      322   (0)      4  : 0.3148 0.0050 0.0475 0.2304 0.4023
323      323   (0)      4  : 0.5538 0.0080 0.0040 0.0620 0.3722
324      324   (0)      4  : 0.7866 0.0120 0.0120 0.1299 0.0595
325      325   (0)      4  : 0.3919 0.1036 0.0190 0.4484 0.0370
326      326   (0)      4  : 0.4652 0.1086 0.0130 0.4027 0.0105
327      327   (0)      4  : 0.6895 0.0100 0.0050 0.2850 0.0105
328      328   (0)      4  : 0.4290 0.0360 0.0115 0.1735 0.3500
329      329   (0)      4  : 0.3230 0.0090 0.0070 0.6450 0.0160
330      330   (0)      4  : 0.4307 0.0120 0.0080 0.5088 0.0405
331      331   (0)      4  : 0.6280 0.0070 0.0040 0.3440 0.0170
332      332   (0)      4  : 0.4920 0.0310 0.0030 0.4640 0.0100
333      333   (0)      4  : 0.5570 0.0050 0.0375 0.1855 0.2150
334      334   (0)      4  : 0.5674 0.0100 0.0030 0.0455 0.3741
335      335   (0)      4  : 0.4443 0.0040 0.0120 0.5277 0.0120
336      336   (0)      4  : 0.4895 0.0100 0.0140 0.3340 0.1525
337      337   (0)      4  : 0.5090 0.0040 0.0060 0.4485 0.0325
338      338   (0)      4  : 0.2245 0.0100 0.0080 0.7515 0.0060
339      339   (0)      4  : 0.3380 0.0380 0.0030 0.6140 0.0070
340      340   (0)      4  : 0.3073 0.0060 0.0090 0.6697 0.0080
341      341   (0)      4  : 0.4930 0.0080 0.0140 0.4770 0.0080
342      342   (0)      4  : 0.4350 0.0400 0.0080 0.3525 0.1645
343      343   (0)      4  : 0.6345 0.0060 0.1755 0.1710 0.0130
344      344   (0)      4  : 0.4050 0.0080 0.0040 0.5700 0.0130
345      345   (0)      4  : 0.4470 0.0030 0.0100 0.0305 0.5095
346      346   (0)      4  : 0.4580 0.0175 0.0365 0.4610 0.0270
347      347   (0)      4  : 0.5380 0.0275 0.0090 0.4066 0.0190
348      348   (0)      4  : 0.5137 0.0070 0.0085 0.4588 0.0120
349      349   (0)      4  : 0.6307 0.0060 0.0485 0.3068 0.0080
350      350   (0)      4  : 0.6319 0.0080 0.0060 0.3207 0.0335
351      351   (0)      4  : 0.6005 0.0285 0.0050 0.2910 0.0750
352      352   (0)      4  : 0.6563 0.0335 0.0090 0.2721 0.0290
353      353   (0)      4  : 0.4740 0.0050 0.0180 0.4970 0.0060
354      354   (0)      4  : 0.5463 0.0110 0.0085 0.2011 0.2331
355      355   (0)      4  : 0.4130 0.0060 0.0150 0.5245 0.0415
356      356   (0)      4  : 0.5290 0.0110 0.0050 0.4379 0.0170
357      357   (0)      4  : 0.3600 0.1630 0.0050 0.1320 0.3400
358      358   (0)      4  : 0.5148 0.0265 0.0060 0.4417 0.0110
359      359   (0)      4  : 0.5890 0.1090 0.0385 0.2115 0.0520
360      360   (0)      4  : 0.4965 0.1935 0.0060 0.2910 0.0130
361      361   (0)      4  : 0.3926 0.0070 0.0070 0.5105 0.0829
362      362   (0)      4  : 0.4211 0.0150 0.0030 0.4820 0.0789
363      363   (0)      4  : 0.6542 0.0140 0.0060 0.0530 0.2729
364      364   (0)      4  : 0.2764 0.0510 0.0160 0.4018 0.2549
365      365   (0)      4  : 0.5410 0.0120 0.0120 0.4270 0.0080
366      366   (0)      4  : 0.6110 0.0305 0.0060 0.0430 0.3095
367      367   (0)      4  : 0.4600 0.0050 0.0070 0.5200 0.0080
368      368   (0)      4  : 0.5650 0.0050 0.0210 0.3725 0.0365
369      369   (0)      4  : 0.5412 0.0070 0.0090 0.4288 0.0140
370      370   (0)      4  : 0.4990 0.0825 0.0030 0.4095 0.0060
371      371   (0)      4  : 0.5030 0.0120 0.0030 0.4410 0.0410
372      372   (0)      4  : 0.5360 0.0060 0.0030 0.4120 0.0430
373      373   (0)      4  : 0.5450 0.0110 0.0050 0.4200 0.0190
374      374   (0)      4  : 0.3665 0.0090 0.0070 0.6015 0.0160
375      375   (0)      4  : 0.3488 0.0190 0.0380 0.5862 0.0080
376      376   (0)      4  : 0.5067 0.0235 0.0060 0.4568 0.0070
377      377   (0)      4  : 0.5895 0.1275 0.1060 0.1650 0.0120
378      378   (0)      4  : 0.5035 0.2405 0.0040 0.1925 0.0595
379      379   (0)      4  : 0.5250 0.0270 0.0120 0.4290 0.0070
380      380   (0)      4  : 0.4635 0.0070 0.0050 0.1700 0.3545
381      381   (0)      4  : 0.5593 0.0160 0.0130 0.4027 0.0090
382      382   (0)      4  : 0.3645 0.0380 0.0110 0.5560 0.0305
383      383   (0)      4  : 0.5783 0.0830 0.0200 0.2376 0.0810
384      384   (0)      4  : 0.5550 0.0050 0.0200 0.3730 0.0470
385      385   (0)      4  : 0.3680 0.0030 0.0060 0.6100 0.0130
386      386   (0)      4  : 0.5110 0.0040 0.0040 0.4104 0.0706
387      387   (0)      4  : 0.4238 0.0050 0.0075 0.5557 0.0080
388      388   (0)      4  : 0.5350 0.0090 0.0110 0.3776 0.0674
389      389   (0)      4  : 0.4598 0.0630 0.0070 0.0470 0.4233
390      390   (0)      4  : 0.5290 0.0500 0.0180 0.3921 0.0110
391      391   (0)      4  : 0.4458 0.0030 0.0040 0.3618 0.1854
392      392   (0)      4  : 0.4880 0.0070 0.0050 0.4375 0.0625
393      393   (0)      4  : 0.5653 0.0820 0.0030 0.0740 0.2756
394      394   (0)      4  : 0.5506 0.0100 0.0070 0.4204 0.0120
395      395   (0)      4  : 0.4208 0.0045 0.0050 0.5402 0.0295
396      396   (0)      4  : 0.3103 0.0250 0.0090 0.5972 0.0585
397      397   (0)      4  : 0.5062 0.0080 0.0070 0.4184 0.0604
398      398   (0)      4  : 0.3670 0.0080 0.0060 0.5785 0.0405
399      399   (0)      4  : 0.4905 0.0100 0.0030 0.4915 0.0050
400      400   (0)      4  : 0.4963 0.0150 0.0030 0.4363 0.0495
401      401   (0)      4  : 0.5723 0.0440 0.0180 0.3547 0.0110
402      402   (0)      4  : 0.6070 0.0040 0.0060 0.3710 0.0120
403      403   (0)      4  : 0.5348 0.0050 0.0290 0.4232 0.0080
404      404   (0)      4  : 0.4645 0.0120 0.0040 0.5145 0.0050
405      405   (0)      4  : 0.4772 0.0100 0.0050 0.4987 0.0090
406      406   (0)      4  : 0.2889 0.0110 0.0300 0.6487 0.0215
407      407   (0)      5  : 0.4960 0.0030 0.0160 0.0080 0.4770
408      408   (0)      5  : 0.4238 0.0050 0.0030 0.0200 0.5482
409      409   (0)      5  : 0.3770 0.0030 0.0060 0.0040 0.6100
410      410   (0)      5  : 0.5147 0.0030 0.0050 0.0055 0.4718
411      411   (0)      5  : 0.4740 0.0090 0.0060 0.0100 0.5010
412      412   (0)      5  : 0.4860 0.0140 0.0040 0.0240 0.4720
413      413   (0)      5  : 0.5793 0.0050 0.0040 0.0565 0.3552
414      414   (0)      5  : 0.4705 0.0130 0.1270 0.0625 0.3270
415      415   (0)      5  : 0.5621 0.2788 0.0040 0.0080 0.1471
416      416   (0)      5  : 0.4008 0.0040 0.0215 0.0060 0.5677
417      417   (0)      5  : 0.5455 0.0060 0.0290 0.0120 0.4075
418      418   (0)      5  : 0.5175 0.0060 0.0295 0.0060 0.4410
419      419   (0)      5  : 0.4865 0.0220 0.0040 0.0695 0.4180
420      420   (0)      5  : 0.3870 0.0050 0.0060 0.0080 0.5940
421      421   (0)      5  : 0.5550 0.0040 0.0680 0.0120 0.3610
422      422   (0)      5  : 0.4185 0.0070 0.0070 0.0070 0.5605
423      423   (0)      5  : 0.4607 0.0090 0.0225 0.0170 0.4907
424      424   (0)      5  : 0.4427 0.0160 0.0190 0.0860 0.4362
425      425   (0)      5  : 0.2130 0.0160 0.0560 0.1605 0.5545
426      426   (0)      5  : 0.4050 0.0320 0.0110 0.0130 0.5390
427      427   (0)      5  : 0.4352 0.0030 0.0040 0.0060 0.5518
428      428   (0)      5  : 0.5970 0.0060 0.0060 0.0160 0.3750
429      429   (0)      5  : 0.2946 0.0100 0.0080 0.0555 0.6318
430      430   (0)      5  : 0.4580 0.0210 0.0190 0.0320 0.4700
431      431   (0)      5  : 0.1745 0.0060 0.0060 0.0130 0.8005
432      432   (0)      5  : 0.4790 0.0260 0.0210 0.0300 0.4440
433      433   (0)      5  : 0.5740 0.0060 0.0030 0.0050 0.4120
434      434   (0)      5  : 0.3490 0.0110 0.0350 0.0090 0.5960
435      435   (0)      5  : 0.4438 0.0045 0.0050 0.0080 0.5387
436      436   (0)      5  : 0.5018 0.0030 0.0030 0.0040 0.4882
437      437   (0)      5  : 0.4336 0.0080 0.0080 0.0250 0.5255
438      438   (0)      5  : 0.5988 0.0060 0.1696 0.0630 0.1626
439      439   (0)      5  : 0.2907 0.0040 0.0050 0.0070 0.6933
440      440   (0)      5  : 0.4278 0.0080 0.0435 0.0100 0.5107
441      441   (0)      5  : 0.5990 0.0040 0.0080 0.0045 0.3845
442      442   (0)      5  : 0.1531 0.0090 0.0120 0.0400 0.7859
443      443   (0)      5  : 0.5583 0.0110 0.0070 0.0060 0.4177
444      444   (0)      5  : 0.5262 0.0080 0.0050 0.0050 0.4558
445      445   (0)      5  : 0.8003 0.0130 0.0070 0.0230 0.1567
446      446   (0)      5  : 0.3848 0.0370 0.0050 0.0195 0.5537
447      447   (0)      5  : 0.4713 0.0070 0.0260 0.0350 0.4608
448      448   (0)      5  : 0.1060 0.0110 0.0070 0.0170 0.8590
449      449   (0)      5  : 0.4995 0.0050 0.0380 0.0050 0.4525
450      450   (0)      5  : 0.5155 0.0115 0.0060 0.0145 0.4525
451      451   (0)      5  : 0.3470 0.0050 0.0030 0.0090 0.6360
452      452   (0)      5  : 0.4632 0.0250 0.0255 0.0100 0.4762
453      453   (0)      5  : 0.6107 0.0040 0.0040 0.0100 0.3713
454      454   (0)      5  : 0.3130 0.0100 0.0040 0.0120 0.6610
455      455   (0)      5  : 0.5430 0.0030 0.0050 0.0040 0.4450
456      456   (0)      5  : 0.4235 0.0100 0.0320 0.0290 0.5055
457      457   (0)      5  : 0.5538 0.0075 0.0200 0.0170 0.4017
458      458   (0)      5  : 0.4013 0.0140 0.0745 0.0260 0.4843
459      459   (0)      5  : 0.3840 0.0070 0.0080 0.0150 0.5860
460      460   (0)      5  : 0.3536 0.0150 0.0060 0.0150 0.6104
461      461   (0)      5  : 0.6253 0.0130 0.0050 0.0170 0.3397
462      462   (0)      5  : 0.5392 0.0150 0.0060 0.2829 0.1569
463      463   (0)      5  : 0.4988 0.0080 0.0190 0.0175 0.4568
464      464   (0)      5  : 0.2805 0.0080 0.0150 0.0320 0.6645
465      465   (0)      5  : 0.4510 0.0110 0.0060 0.0140 0.5180
466      466   (0)      5  : 0.5900 0.0030 0.0050 0.0055 0.3965
467      467   (0)      5  : 0.5110 0.0225 0.0290 0.0070 0.4305
468      468   (0)      5  : 0.5167 0.0100 0.0135 0.0240 0.4358
469      469   (0)      5  : 0.4216 0.0060 0.0040 0.0160 0.5524
470      470   (0)      5  : 0.3810 0.0060 0.0040 0.0120 0.5970
471      471   (0)      5  : 0.4430 0.0205 0.0095 0.0300 0.4970
472      472   (0)      5  : 0.5602 0.0040 0.0080 0.0150 0.4128
473      473   (0)      5  : 0.3654 0.0030 0.0140 0.0050 0.6126
474      474   (0)      5  : 0.4625 0.0100 0.0050 0.0170 0.5055
475      475   (0)      5  : 0.5115 0.0030 0.0050 0.0080 0.4725
476      476   (0)      5  : 0.4310 0.0030 0.0090 0.0060 0.5510
477      477   (0)      5  : 0.4572 0.0080 0.0140 0.0160 0.5048
478      478   (0)      5  : 0.3093 0.0070 0.0030 0.0060 0.6747
479      479   (0)      5  : 0.5877 0.0040 0.0080 0.0050 0.3953
480      480   (0)      5  : 0.3070 0.0070 0.0040 0.1455 0.5365
481      481   (0)      5  : 0.5400 0.0060 0.0070 0.0180 0.4289
482      482   (0)      5  : 0.3700 0.0050 0.0775 0.0160 0.5315
483      483   (0)      5  : 0.3103 0.0050 0.0100 0.0050 0.6697
484      484   (0)      5  : 0.4672 0.0230 0.0080 0.0120 0.4897
485      485   (0)      5  : 0.4560 0.0040 0.0170 0.0150 0.5080
486      486   (0)      5  : 0.4497 0.0195 0.0080 0.0120 0.5108
487      487   (0)      5  : 0.4665 0.0070 0.0050 0.0090 0.5125
488      488   (0)      5  : 0.4493 0.0110 0.0070 0.0135 0.5192
489      489   (0)      5  : 0.3626 0.0070 0.0070 0.0180 0.6054
490      490   (0)      5  : 0.4567 0.0060 0.0190 0.0165 0.5018
491      491   (0)      5  : 0.5900 0.0100 0.0080 0.0305 0.3615
492      492   (0)      5  : 0.5855 0.0130 0.0040 0.0170 0.3805
493      493   (0)      5  : 0.4037 0.0140 0.0090 0.0095 0.5638
494      494   (0)      5  : 0.4852 0.0060 0.0595 0.0120 0.4372
495      495   (0)      5  : 0.6118 0.0050 0.0245 0.0285 0.3302
496      496   (0)      5  : 0.3576 0.0040 0.0080 0.0130 0.6174
497      497   (0)      5  : 0.5998 0.0050 0.0310 0.0265 0.3377
498      498   (0)      5  : 0.5501 0.0070 0.0190 0.1832 0.2407
499      499   (0)      5  : 0.4608 0.0050 0.0050 0.0050 0.5242
500      500   (0)      5  : 0.6583 0.0070 0.0050 0.0060 0.3237
501      501   (0)      5  : 0.4765 0.0030 0.0090 0.0080 0.5035
502      502   (0)      5  : 0.4555 0.0040 0.0050 0.0070 0.5285
503      503   (0)      5  : 0.3752 0.0020 0.0065 0.0040 0.6123
504      504   (0)      5  : 0.5103 0.0150 0.3002 0.0230 0.1516
505      505   (0)      5  : 0.4610 0.0030 0.0180 0.0100 0.5080
506      506   (0)      5  : 0.4605 0.0605 0.0070 0.0120 0.4600
507      507   (0)      6  : 0.4732 0.5073 0.0040 0.0065 0.0090
508      508   (0)      6  : 0.5850 0.3480 0.0210 0.0150 0.0310
509      509   (0)      6  : 0.3958 0.5782 0.0050 0.0090 0.0120
510      510   (0)      6  : 0.5920 0.3910 0.0060 0.0060 0.0050
511      511   (0)      6  : 0.4780 0.5030 0.0050 0.0070 0.0070
512      512   (0)      6  : 0.5470 0.4280 0.0050 0.0120 0.0080
513      513   (0)      6  : 0.5050 0.4700 0.0030 0.0100 0.0120
514      514   (0)      6  : 0.5280 0.4610 0.0030 0.0040 0.0040
515      515   (0)      6  : 0.5080 0.4825 0.0025 0.0030 0.0040
516      516   (0)      6  : 0.4630 0.5230 0.0040 0.0040 0.0060
517      517   (0)      6  : 0.6610 0.3035 0.0050 0.0070 0.0235
518      518   (0)      6  : 0.5050 0.4470 0.0090 0.0110 0.0280
519      519   (0)      6  : 0.4195 0.5550 0.0050 0.0050 0.0155
520      520   (0)      6  : 0.6305 0.3420 0.0120 0.0080 0.0075
521      521   (0)      6  : 0.4008 0.5452 0.0300 0.0090 0.0150
522      522   (0)      6  : 0.4312 0.5368 0.0150 0.0100 0.0070
523      523   (0)      6  : 0.3283 0.6557 0.0060 0.0060 0.0040
524      524   (0)      6  : 0.5920 0.3830 0.0140 0.0050 0.0060
525      525   (0)      6  : 0.6535 0.2370 0.0505 0.0310 0.0280
526      526   (0)      6  : 0.5763 0.4122 0.0030 0.0050 0.0035
527      527   (0)      6  : 0.4792 0.4817 0.0100 0.0165 0.0125
528      528   (0)      6  : 0.5823 0.3787 0.0150 0.0110 0.0130
529      529   (0)      6  : 0.1774 0.7506 0.0300 0.0350 0.0070
530      530   (0)      6  : 0.5108 0.4672 0.0050 0.0080 0.0090
531      531   (0)      6  : 0.4460 0.4765 0.0535 0.0120 0.0120
532      532   (0)      6  : 0.5015 0.4595 0.0090 0.0220 0.0080
533      533   (0)      6  : 0.5425 0.4305 0.0140 0.0080 0.0050
534      534   (0)      6  : 0.5417 0.4248 0.0080 0.0050 0.0205
535      535   (0)      6  : 0.4718 0.5152 0.0050 0.0040 0.0040
536      536   (0)      6  : 0.4925 0.3920 0.0210 0.0395 0.0550
537      537   (0)      6  : 0.5543 0.4317 0.0050 0.0050 0.0040
538      538   (0)      6  : 0.5490 0.4330 0.0070 0.0050 0.0060
539      539   (0)      6  : 0.3840 0.6060 0.0030 0.0030 0.0040
540      540   (0)      6  : 0.3303 0.6587 0.0030 0.0050 0.0030
541      541   (0)      6  : 0.4505 0.5355 0.0050 0.0050 0.0040
542      542   (0)      6  : 0.5395 0.4446 0.0040 0.0060 0.0060
543      543   (0)      6  : 0.3840 0.5950 0.0090 0.0070 0.0050
544      544   (0)      6  : 0.3448 0.6267 0.0060 0.0105 0.0120
545      545   (0)      6  : 0.6180 0.3640 0.0080 0.0050 0.0050
546      546   (0)      6  : 0.3732 0.6108 0.0030 0.0090 0.0040
547      547   (0)      6  : 0.4370 0.5440 0.0050 0.0040 0.0100
548      548   (0)      6  : 0.2385 0.7030 0.0325 0.0150 0.0110
549      549   (0)      6  : 0.5675 0.3075 0.0130 0.0445 0.0675
550      550   (0)      6  : 0.4968 0.4833 0.0040 0.0100 0.0060
551      551   (0)      6  : 0.4618 0.5187 0.0035 0.0060 0.0100
552      552   (0)      6  : 0.4963 0.4888 0.0030 0.0040 0.0080
553      553   (0)      6  : 0.5713 0.4082 0.0055 0.0110 0.0040
554      554   (0)      6  : 0.4888 0.4728 0.0090 0.0245 0.0050
555      555   (0)      6  : 0.6262 0.3538 0.0040 0.0090 0.0070
556      556   (0)      6  : 0.5680 0.4180 0.0030 0.0060 0.0050
557      557   (0)      6  : 0.4101 0.5739 0.0040 0.0070 0.0050
558      558   (0)      6  : 0.5580 0.4290 0.0050 0.0040 0.0040
559      559   (0)      6  : 0.4975 0.4895 0.0040 0.0050 0.0040
560      560   (0)      6  : 0.5526 0.4294 0.0070 0.0060 0.0050
561      561   (0)      6  : 0.5658 0.3772 0.0060 0.0450 0.0060
562      562   (0)      6  : 0.3642 0.4262 0.0330 0.1121 0.0645
563      563   (0)      6  : 0.6044 0.3726 0.0030 0.0060 0.0140
564      564   (0)      6  : 0.3903 0.5707 0.0070 0.0270 0.0050
565      565   (0)      6  : 0.5102 0.4008 0.0660 0.0100 0.0130
566      566   (0)      6  : 0.5052 0.4798 0.0030 0.0070 0.0050
567      567   (0)      6  : 0.4640 0.5210 0.0050 0.0060 0.0040
568      568   (0)      6  : 0.4987 0.4862 0.0030 0.0050 0.0070
569      569   (0)      6  : 0.4570 0.5240 0.0040 0.0050 0.0100
570      570   (0)      6  : 0.4317 0.5263 0.0060 0.0210 0.0150
571      571   (0)      6  : 0.3252 0.5783 0.0510 0.0210 0.0245
572      572   (0)      6  : 0.5293 0.2306 0.1726 0.0310 0.0365
573      573   (0)      6  : 0.5157 0.4658 0.0030 0.0060 0.0095
574      574   (0)      6  : 0.3353 0.4913 0.0040 0.0250 0.1444
575      575   (0)      6  : 0.6493 0.3387 0.0030 0.0050 0.0040
576      576   (0)      6  : 0.4900 0.4950 0.0050 0.0060 0.0040
577      577   (0)      6  : 0.4630 0.5160 0.0130 0.0040 0.0040
578      578   (0)      6  : 0.5830 0.3920 0.0120 0.0070 0.0060
579      579   (0)      6  : 0.4710 0.5020 0.0090 0.0100 0.0080
580      580   (0)      6  : 0.4855 0.5005 0.0040 0.0050 0.0050
581      581   (0)      6  : 0.4210 0.5580 0.0070 0.0060 0.0080
582      582   (0)      6  : 0.5147 0.4733 0.0030 0.0040 0.0050
583      583   (0)      6  : 0.5060 0.4830 0.0030 0.0040 0.0040
584      584   (0)      6  : 0.5085 0.4695 0.0070 0.0100 0.0050
585      585   (0)      6  : 0.5655 0.4015 0.0080 0.0160 0.0090
586      586   (0)      6  : 0.4810 0.4795 0.0060 0.0100 0.0235
587      587   (0)      6  : 0.5882 0.3918 0.0040 0.0100 0.0060
588      588   (0)      6  : 0.4052 0.5633 0.0050 0.0105 0.0160
589      589   (0)      6  : 0.4747 0.4822 0.0070 0.0210 0.0150
590      590   (0)      6  : 0.4450 0.5260 0.0140 0.0080 0.0070
591      591   (0)      6  : 0.4066 0.5784 0.0030 0.0080 0.0040
592      592   (0)      6  : 0.4590 0.5280 0.0040 0.0040 0.0050
593      593   (0)      6  : 0.4692 0.5098 0.0070 0.0060 0.0080
594      594   (0)      6  : 0.4792 0.5063 0.0040 0.0055 0.0050
595      595   (0)      6  : 0.3915 0.5380 0.0260 0.0200 0.0245
596      596   (0)      6  : 0.3997 0.5008 0.0130 0.0080 0.0785
597      597   (0)      6  : 0.4404 0.5115 0.0310 0.0070 0.0100
598      598   (0)      6  : 0.7496 0.2194 0.0070 0.0120 0.0120
599      599   (0)      6  : 0.4250 0.5410 0.0180 0.0100 0.0060
600      600   (0)      6  : 0.4692 0.5118 0.0070 0.0050 0.0070
601      601   (0)      6  : 0.3590 0.6120 0.0040 0.0190 0.0060
602      602   (0)      6  : 0.4710 0.5090 0.0080 0.0050 0.0070
603      603   (0)      6  : 0.4835 0.5055 0.0030 0.0030 0.0050
604      604   (0)      6  : 0.5047 0.4823 0.0040 0.0040 0.0050
605      605   (0)      6  : 0.3913 0.5897 0.0050 0.0080 0.0060
606      606   (0)      6  : 0.5115 0.4675 0.0030 0.0060 0.0120
607      607   (0)      7  : 0.4627 0.0060 0.5153 0.0120 0.0040
608      608   (0)      7  : 0.5593 0.0060 0.4217 0.0070 0.0060
609      609   (0)      7  : 0.4600 0.0030 0.5210 0.0070 0.0090
610      610   (0)      7  : 0.4805 0.0110 0.4925 0.0110 0.0050
611      611   (0)      7  : 0.5920 0.0080 0.3910 0.0050 0.0040
612      612   (0)      7  : 0.5348 0.0040 0.4512 0.0050 0.0050
613      613   (0)      7  : 0.5267 0.0030 0.4578 0.0050 0.0075
614      614   (0)      7  : 0.4010 0.0040 0.5860 0.0050 0.0040
615      615   (0)      7  : 0.4900 0.0030 0.4945 0.0065 0.0060
616      616   (0)      7  : 0.3690 0.0050 0.6170 0.0050 0.0040
617      617   (0)      7  : 0.5940 0.0040 0.3880 0.0100 0.0040
618      618   (0)      7  : 0.4878 0.0050 0.4428 0.0380 0.0265
619      619   (0)      7  : 0.5008 0.0030 0.4892 0.0030 0.0040
620      620   (0)      7  : 0.5603 0.0105 0.4092 0.0150 0.0050
621      621   (0)      7  : 0.4602 0.0035 0.5223 0.0060 0.0080
622      622   (0)      7  : 0.4226 0.0130 0.5524 0.0050 0.0070
623      623   (0)      7  : 0.5215 0.0030 0.4645 0.0060 0.0050
624      624   (0)      7  : 0.4497 0.0040 0.5273 0.0100 0.0090
625      625   (0)      7  : 0.5165 0.0090 0.4625 0.0070 0.0050
626      626   (0)      7  : 0.3253 0.0050 0.6457 0.0110 0.0130
627      627   (0)      7  : 0.4808 0.0030 0.5102 0.0030 0.0030
628      628   (0)      7  : 0.5715 0.0070 0.4015 0.0060 0.0140
629      629   (0)      7  : 0.5403 0.0030 0.4507 0.0030 0.0030
630      630   (0)      7  : 0.3495 0.0070 0.4870 0.1395 0.0170
631      631   (0)      7  : 0.4858 0.0070 0.4733 0.0310 0.0030
632      632   (0)      7  : 0.4366 0.0050 0.5504 0.0040 0.0040
633      633   (0)      7  : 0.5160 0.0030 0.4710 0.0070 0.0030
634      634   (0)      7  : 0.5157 0.0030 0.4548 0.0125 0.0140
635      635   (0)      7  : 0.4426 0.0060 0.5215 0.0200 0.0100
636      636   (0)      7  : 0.5907 0.0060 0.3923 0.0070 0.0040
637      637   (0)      7  : 0.3108 0.0030 0.6752 0.0070 0.0040
638      638   (0)      7  : 0.5235 0.0050 0.4545 0.0060 0.0110
639      639   (0)      7  : 0.4712 0.0150 0.4937 0.0080 0.0120
640      640   (0)      7  : 0.5213 0.0050 0.3897 0.0760 0.0080
641      641   (0)      7  : 0.3370 0.0030 0.6490 0.0050 0.0060
642      642   (0)      7  : 0.4690 0.0070 0.5110 0.0070 0.0060
643      643   (0)      7  : 0.4945 0.0140 0.4785 0.0070 0.0060
644      644   (0)      7  : 0.3593 0.0060 0.5947 0.0260 0.0140
645      645   (0)      7  : 0.4678 0.0310 0.4803 0.0090 0.0120
646      646   (0)      7  : 0.4190 0.0040 0.5690 0.0040 0.0040
647      647   (0)      7  : 0.4320 0.0090 0.5480 0.0070 0.0040
648      648   (0)      7  : 0.5465 0.0080 0.4170 0.0220 0.0065
649      649   (0)      7  : 0.6040 0.0310 0.3390 0.0070 0.0190
650      650   (0)      7  : 0.5125 0.0030 0.4575 0.0100 0.0170
651      651   (0)      7  : 0.4677 0.0020 0.5223 0.0040 0.0040
652      652   (0)      7  : 0.4830 0.0040 0.4950 0.0080 0.0100
653      653   (0)      7  : 0.5332 0.0030 0.4478 0.0090 0.0070
654      654   (0)      7  : 0.5350 0.0030 0.4505 0.0055 0.0060
655      655   (0)      7  : 0.5593 0.0175 0.4102 0.0070 0.0060
656      656   (0)      7  : 0.5290 0.0080 0.4420 0.0080 0.0130
657      657   (0)      7  : 0.5380 0.0060 0.4470 0.0050 0.0040
658      658   (0)      7  : 0.4545 0.0140 0.5145 0.0130 0.0040
659      659   (0)      7  : 0.4690 0.0030 0.5220 0.0030 0.0030
660      660   (0)      7  : 0.5468 0.0020 0.4412 0.0060 0.0040
661      661   (0)      7  : 0.4313 0.0195 0.5197 0.0090 0.0205
662      662   (0)      7  : 0.5696 0.0130 0.4019 0.0060 0.0095
663      663   (0)      7  : 0.5060 0.0260 0.4435 0.0135 0.0110
664      664   (0)      7  : 0.6755 0.0040 0.3145 0.0030 0.0030
665      665   (0)      7  : 0.5287 0.0125 0.4118 0.0400 0.0070
666      666   (0)      7  : 0.4250 0.0130 0.5430 0.0110 0.0080
667      667   (0)      7  : 0.5866 0.0030 0.3984 0.0070 0.0050
668      668   (0)      7  : 0.4950 0.0040 0.4870 0.0070 0.0070
669      669   (0)      7  : 0.5335 0.0040 0.4515 0.0070 0.0040
670      670   (0)      7  : 0.6495 0.0060 0.3305 0.0080 0.0060
671      671   (0)      7  : 0.4920 0.0030 0.4900 0.0070 0.0080
672      672   (0)      7  : 0.2080 0.0070 0.7750 0.0060 0.0040
673      673   (0)      7  : 0.4758 0.0065 0.4938 0.0120 0.0120
674      674   (0)      7  : 0.2906 0.0050 0.6913 0.0080 0.0050
675      675   (0)      7  : 0.3950 0.0070 0.5810 0.0090 0.0080
676      676   (0)      7  : 0.3946 0.0030 0.5904 0.0050 0.0070
677      677   (0)      7  : 0.5634 0.0080 0.4016 0.0060 0.0210
678      678   (0)      7  : 0.5285 0.0040 0.4050 0.0435 0.0190
679      679   (0)      7  : 0.4620 0.0030 0.5260 0.0050 0.0040
680      680   (0)      7  : 0.5320 0.0110 0.4310 0.0150 0.0110
681      681   (0)      7  : 0.3400 0.0050 0.6430 0.0060 0.0060
682      682   (0)      7  : 0.3610 0.0040 0.6240 0.0060 0.0050
683      683   (0)      7  : 0.5130 0.0060 0.4160 0.0510 0.0140
684      684   (0)      7  : 0.4310 0.0040 0.5570 0.0040 0.0040
685      685   (0)      7  : 0.4570 0.0040 0.5260 0.0080 0.0050
686      686   (0)      7  : 0.6648 0.0180 0.3002 0.0100 0.0070
687      687   (0)      7  : 0.6227 0.0110 0.3553 0.0050 0.0060
688      688   (0)      7  : 0.5703 0.0090 0.4077 0.0060 0.0070
689      689   (0)      7  : 0.4522 0.0030 0.5388 0.0030 0.0030
690      690   (0)      7  : 0.5570 0.0130 0.4060 0.0110 0.0130
691      691   (0)      7  : 0.5947 0.0040 0.3823 0.0080 0.0110
692      692   (0)      7  : 0.5340 0.0030 0.4489 0.0080 0.0060
693      693   (0)      7  : 0.3950 0.0040 0.5900 0.0060 0.0050
694      694   (0)      7  : 0.3760 0.0050 0.6080 0.0050 0.0060
695      695   (0)      7  : 0.4680 0.0090 0.5060 0.0100 0.0070
696      696   (0)      7  : 0.4513 0.0395 0.4963 0.0060 0.0070
697      697   (0)      7  : 0.4640 0.0030 0.5080 0.0170 0.0080
698      698   (0)      7  : 0.4765 0.0050 0.4775 0.0240 0.0170
699      699   (0)      7  : 0.5423 0.0045 0.4412 0.0070 0.0050
700      700   (0)      7  : 0.4102 0.0060 0.5288 0.0400 0.0150
701      701   (0)      7  : 0.5208 0.0120 0.4562 0.0050 0.0060
702      702   (0)      7  : 0.5600 0.0040 0.4270 0.0040 0.0050
703      703   (0)      7  : 0.5440 0.0205 0.4165 0.0130 0.0060
704      704   (0)      7  : 0.3172 0.0090 0.6628 0.0060 0.0050
705      705   (0)      7  : 0.5057 0.0130 0.4423 0.0070 0.0320
706      706   (0)      7  : 0.6160 0.0050 0.3710 0.0040 0.0040
707      707   (0)      8  : 0.4528 0.0060 0.0045 0.5257 0.0110
708      708   (0)      8  : 0.3901 0.0040 0.0040 0.5959 0.0060
709      709   (0)      8  : 0.3812 0.0120 0.0145 0.5793 0.0130
710      710   (0)      8  : 0.5343 0.0050 0.0135 0.3997 0.0475
711      711   (0)      8  : 0.3195 0.0070 0.0100 0.6565 0.0070
712      712   (0)      8  : 0.4750 0.0060 0.0170 0.4600 0.0420
713      713   (0)      8  : 0.3947 0.0040 0.0520 0.5208 0.0285
714      714   (0)      8  : 0.3652 0.0040 0.0355 0.5873 0.0080
715      715   (0)      8  : 0.4478 0.0170 0.0250 0.5042 0.0060
716      716   (0)      8  : 0.5978 0.0080 0.0200 0.3682 0.0060
717      717   (0)      8  : 0.6364 0.0070 0.0060 0.3457 0.0050
718      718   (0)      8  : 0.2601 0.0045 0.0130 0.7114 0.0110
719      719   (0)      8  : 0.4360 0.0040 0.0070 0.5380 0.0150
720      720   (0)      8  : 0.4763 0.0060 0.0735 0.4333 0.0110
721      721   (0)      8  : 0.3830 0.0080 0.0050 0.5900 0.0140
722      722   (0)      8  : 0.5280 0.0100 0.0865 0.3625 0.0130
723      723   (0)      8  : 0.5000 0.0040 0.0755 0.4095 0.0110
724      724   (0)      8  : 0.4980 0.0030 0.0060 0.4870 0.0060
725      725   (0)      8  : 0.2030 0.0090 0.0070 0.6490 0.1320
726      726   (0)      8  : 0.4900 0.0190 0.0170 0.4240 0.0500
727      727   (0)      8  : 0.3473 0.0040 0.0100 0.6347 0.0040
728      728   (0)      8  : 0.4743 0.0040 0.0935 0.4193 0.0090
729      729   (0)      8  : 0.5050 0.0050 0.0110 0.4680 0.0110
730      730   (0)      8  : 0.4728 0.0050 0.0070 0.4958 0.0195
731      731   (0)      8  : 0.5010 0.0110 0.0100 0.3270 0.1510
732      732   (0)      8  : 0.1205 0.0090 0.0040 0.8140 0.0525
733      733   (0)      8  : 0.2855 0.0060 0.0070 0.2245 0.4770
734      734   (0)      8  : 0.2194 0.0060 0.0060 0.7546 0.0140
735      735   (0)      8  : 0.3260 0.0620 0.0060 0.5885 0.0175
736      736   (0)      8  : 0.4188 0.0120 0.0665 0.4918 0.0110
737      737   (0)      8  : 0.4820 0.0080 0.0155 0.4585 0.0360
738      738   (0)      8  : 0.5793 0.0030 0.0445 0.3652 0.0080
739      739   (0)      8  : 0.4775 0.0030 0.0080 0.4995 0.0120
740      740   (0)      8  : 0.4297 0.0080 0.0040 0.5473 0.0110
741      741   (0)      8  : 0.2419 0.0195 0.0170 0.7136 0.0080
742      742   (0)      8  : 0.4628 0.0030 0.0190 0.5072 0.0080
743      743   (0)      8  : 0.4343 0.0030 0.0050 0.5537 0.0040
744      744   (0)      8  : 0.5435 0.0055 0.0080 0.4301 0.0130
745      745   (0)      8  : 0.5340 0.0120 0.0040 0.4400 0.0100
746      746   (0)      8  : 0.5643 0.0080 0.0440 0.3552 0.0285
747      747   (0)      8  : 0.3860 0.0040 0.0150 0.5880 0.0070
748      748   (0)      8  : 0.4113 0.0050 0.0060 0.5707 0.0070
749      749   (0)      8  : 0.4032 0.0030 0.0180 0.5673 0.0085
750      750   (0)      8  : 0.4677 0.0040 0.0190 0.5033 0.0060
751      751   (0)      8  : 0.5393 0.0120 0.0060 0.4367 0.0060
752      752   (0)      8  : 0.5008 0.0090 0.1396 0.3312 0.0195
753      753   (0)      8  : 0.4318 0.0035 0.0150 0.5347 0.0150
754      754   (0)      8  : 0.2695 0.0080 0.0080 0.7075 0.0070
755      755   (0)      8  : 0.4500 0.0140 0.0060 0.5040 0.0260
756      756   (0)      8  : 0.5227 0.0090 0.0270 0.4353 0.0060
757      757   (0)      8  : 0.4550 0.0040 0.0725 0.4275 0.0410
758      758   (0)      8  : 0.5880 0.0060 0.0080 0.3920 0.0060
759      759   (0)      8  : 0.3814 0.0040 0.0070 0.6026 0.0050
760      760   (0)      8  : 0.4690 0.0670 0.0100 0.4420 0.0120
761      761   (0)      8  : 0.3037 0.0040 0.0060 0.6743 0.0120
762      762   (0)      8  : 0.3197 0.0040 0.0070 0.6593 0.0100
763      763   (0)      8  : 0.4028 0.0090 0.0120 0.5292 0.0470
764      764   (0)      8  : 0.4058 0.0050 0.0050 0.5192 0.0650
765      765   (0)      8  : 0.3830 0.0080 0.0100 0.5830 0.0160
766      766   (0)      8  : 0.5575 0.0130 0.0090 0.3815 0.0390
767      767   (0)      8  : 0.6502 0.0060 0.0080 0.3278 0.0080
768      768   (0)      8  : 0.4652 0.1091 0.0110 0.3787 0.0360
769      769   (0)      8  : 0.5912 0.0190 0.0450 0.3328 0.0120
770      770   (0)      8  : 0.5440 0.0090 0.0560 0.3860 0.0050
771      771   (0)      8  : 0.3637 0.0040 0.0070 0.5408 0.0845
772      772   (0)      8  : 0.5513 0.0040 0.0075 0.4312 0.0060
773      773   (0)      8  : 0.5303 0.0020 0.0060 0.4567 0.0050
774      774   (0)      8  : 0.3962 0.0605 0.0080 0.5033 0.0320
775      775   (0)      8  : 0.4780 0.0050 0.0941 0.4149 0.0080
776      776   (0)      8  : 0.1496 0.0030 0.0070 0.8244 0.0160
777      777   (0)      8  : 0.6022 0.0070 0.0080 0.3768 0.0060
778      778   (0)      8  : 0.7004 0.0115 0.0090 0.2641 0.0150
779      779   (0)      8  : 0.3288 0.0070 0.0070 0.6507 0.0065
780      780   (0)      8  : 0.5277 0.0050 0.0950 0.3553 0.0170
781      781   (0)      8  : 0.4530 0.0030 0.0180 0.4570 0.0690
782      782   (0)      8  : 0.3577 0.0030 0.0110 0.6173 0.0110
783      783   (0)      8  : 0.4345 0.0090 0.0320 0.0875 0.4370
784      784   (0)      8  : 0.2763 0.0130 0.0050 0.7007 0.0050
785      785   (0)      8  : 0.0940 0.0040 0.0030 0.8860 0.0130
786      786   (0)      8  : 0.4658 0.0070 0.0080 0.4838 0.0355
787      787   (0)      8  : 0.3654 0.0040 0.0090 0.6116 0.0100
788      788   (0)      8  : 0.4050 0.0060 0.0070 0.5760 0.0060
789      789   (0)      8  : 0.3622 0.0040 0.0050 0.6143 0.0145
790      790   (0)      8  : 0.6603 0.1991 0.0130 0.1216 0.0060
791      791   (0)      8  : 0.5180 0.0060 0.0060 0.4640 0.0060
792      792   (0)      8  : 0.4460 0.0050 0.0080 0.5340 0.0070
793      793   (0)      8  : 0.5986 0.0070 0.1301 0.2442 0.0200
794      794   (0)      8  : 0.5320 0.0040 0.0100 0.4450 0.0090
795      795   (0)      8  : 0.4558 0.0040 0.0160 0.5167 0.0075
796      796   (0)      8  : 0.4138 0.0060 0.0030 0.5527 0.0245
797      797   (0)      8  : 0.5492 0.0215 0.0440 0.3703 0.0150
798      798   (0)      8  : 0.5743 0.0145 0.0520 0.3562 0.0030
799      799   (0)      8  : 0.4652 0.0855 0.0100 0.3037 0.1356
800      800   (0)      8  : 0.2673 0.0150 0.0090 0.7017 0.0070
801      801   (0)      8  : 0.5023 0.0220 0.0095 0.4557 0.0105
802      802   (0)      8  : 0.4152 0.0060 0.0425 0.5278 0.0085
803      803   (0)      8  : 0.5743 0.0050 0.0100 0.4047 0.0060
804      804   (0)      8  : 0.5310 0.0160 0.0100 0.4320 0.0110
805      805   (0)      8  : 0.4870 0.0150 0.0050 0.4760 0.0170
806      806   (0)      8  : 0.4838 0.0050 0.0080 0.4973 0.0060
807      807   (0)      9  : 0.0140 0.0060 0.0100 0.8885 0.0815
808      808   (0)      9  : 0.0250 0.0050 0.0060 0.7590 0.2050
809      809   (0)     10  : 0.1559 0.0250 0.0040 0.8051 0.0100
810      810   (0)     10  : 0.0380 0.0040 0.0040 0.9370 0.0170
811      811   (0)     10  : 0.1231 0.0930 0.0590 0.6888 0.0360
812      812   (0)     10  : 0.0810 0.0080 0.0080 0.8961 0.0070
813      813   (0)     10  : 0.0270 0.0125 0.0150 0.6113 0.3342
814      814   (0)     10  : 0.0601 0.0030 0.0160 0.5541 0.3669
815      815   (0)     10  : 0.2765 0.0165 0.0040 0.6930 0.0100
816      816   (0)     10  : 0.3015 0.0675 0.0115 0.1440 0.4755
817      817   (0)     10  : 0.2529 0.1579 0.0110 0.4293 0.1489
818      818   (0)     10  : 0.4578 0.0060 0.0110 0.5052 0.0200
819      819   (0)     10  : 0.3693 0.0085 0.0170 0.5932 0.0120
820      820   (0)     10  : 0.1801 0.0120 0.0030 0.7949 0.0100
821      821   (0)     10  : 0.3193 0.0370 0.0130 0.5976 0.0330
822      822   (0)     10  : 0.3447 0.1019 0.0150 0.5105 0.0280
823      823   (0)     10  : 0.0250 0.0985 0.0030 0.3585 0.5150
824      824   (0)     10  : 0.1579 0.2284 0.0060 0.1639 0.4438
825      825   (0)     10  : 0.0825 0.1131 0.0150 0.7499 0.0395
826      826   (0)     10  : 0.2070 0.0315 0.0040 0.7260 0.0315
827      827   (0)     10  : 0.2440 0.0200 0.0265 0.6965 0.0130
828      828   (0)     10  : 0.1471 0.0090 0.0050 0.8069 0.0320
829      829   (0)     10  : 0.1925 0.0570 0.0530 0.1930 0.5045
830      830   (0)     10  : 0.2650 0.0500 0.0180 0.6550 0.0120
831      831   (0)     10  : 0.0789 0.0040 0.0190 0.8437 0.0544
832      832   (0)     10  : 0.0390 0.0200 0.0060 0.8275 0.1075
833      833   (0)     10  : 0.0501 0.0100 0.0400 0.6662 0.2337
834      834   (0)     10  : 0.0110 0.0160 0.0509 0.9091 0.0130
835      835   (0)     10  : 0.0230 0.0100 0.0030 0.5325 0.4315
836      836   (0)     10  : 0.4106 0.0185 0.0040 0.4885 0.0784
837      837   (0)     10  : 0.0500 0.0060 0.0030 0.6720 0.2690
838      838   (0)     10  : 0.0270 0.0170 0.0030 0.9430 0.0100
839      839   (0)     10  : 0.4638 0.0260 0.0050 0.4963 0.0090
840      840   (0)     10  : 0.2363 0.0060 0.0140 0.7378 0.0060
841      841   (0)     10  : 0.2649 0.0200 0.0050 0.6987 0.0115
842      842   (0)     10  : 0.1269 0.0060 0.0365 0.6097 0.2209
843      843   (0)     10  : 0.2520 0.0070 0.0230 0.6705 0.0475
844      844   (0)     10  : 0.2360 0.0070 0.0140 0.7260 0.0170
845      845   (0)     10  : 0.0190 0.0150 0.0470 0.9070 0.0120
846      846   (0)     10  : 0.2170 0.0485 0.0040 0.7225 0.0080
847      847   (0)     10  : 0.0415 0.0120 0.0120 0.6675 0.2670
848      848   (0)     10  : 0.2589 0.0080 0.0050 0.7176 0.0105
849      849   (0)     10  : 0.3921 0.1084 0.0060 0.4356 0.0579
850      850   (0)     10  : 0.2120 0.0465 0.1215 0.5915 0.0285
851      851   (0)     10  : 0.0570 0.1570 0.0050 0.7630 0.0180
852      852   (0)     10  : 0.2840 0.0300 0.0080 0.1690 0.5090
853      853   (0)     10  : 0.0550 0.0190 0.0410 0.8324 0.0525
854      854   (0)     10  : 0.4043 0.0060 0.0285 0.2409 0.3203
855      855   (0)     10  : 0.2265 0.1005 0.0080 0.6510 0.0140
856      856   (0)     10  : 0.1960 0.0120 0.0080 0.7640 0.0200
857      857   (0)     10  : 0.0170 0.0310 0.0070 0.8044 0.1406
858      858   (0)     10  : 0.0370 0.0655 0.0030 0.8855 0.0090
859      859   (0)     10  : 0.0931 0.0120 0.0050 0.8749 0.0150
860      860   (0)     10  : 0.2425 0.0265 0.0090 0.6875 0.0345
861      861   (0)     10  : 0.1740 0.0175 0.0050 0.7965 0.0070
862      862   (0)     10  : 0.0440 0.0045 0.0040 0.9135 0.0340
863      863   (0)     10  : 0.3250 0.0090 0.0060 0.6550 0.0050
864      864   (0)     10  : 0.3487 0.0370 0.0470 0.4940 0.0734
865      865   (0)     10  : 0.3375 0.0670 0.0030 0.5075 0.0850
866      866   (0)     10  : 0.7336 0.0080 0.0030 0.1049 0.1504
867      867   (0)     10  : 0.2335 0.0185 0.0140 0.6980 0.0360
868      868   (0)     10  : 0.0080 0.0540 0.0030 0.5743 0.3607
869      869   (0)     10  : 0.0925 0.0200 0.0430 0.8150 0.0295
870      870   (0)     10  : 0.0460 0.0240 0.0050 0.9120 0.0130
871      871   (0)     10  : 0.5078 0.0060 0.0120 0.4562 0.0180
872      872   (0)     10  : 0.1446 0.0260 0.0130 0.7999 0.0165
873      873   (0)     10  : 0.0110 0.0560 0.0100 0.9020 0.0210
874      874   (0)     10  : 0.1141 0.0150 0.0060 0.7254 0.1396
875      875   (0)     10  : 0.1661 0.0210 0.0030 0.7924 0.0175
876      876   (0)     10  : 0.2562 0.0060 0.0050 0.7268 0.0060
877      877   (0)     10  : 0.3452 0.0210 0.0030 0.0715 0.5593
878      878   (0)     10  : 0.3430 0.0200 0.0030 0.6220 0.0120
879      879   (0)     10  : 0.0130 0.0060 0.0070 0.9660 0.0080
880      880   (0)     10  : 0.2310 0.1080 0.0080 0.6330 0.0200
881      881   (0)     10  : 0.2984 0.0090 0.0090 0.6652 0.0185
882      882   (0)     10  : 0.2515 0.0120 0.0050 0.7145 0.0170
883      883   (0)     10  : 0.2100 0.1250 0.0040 0.5645 0.0965
884      884   (0)     10  : 0.4010 0.0320 0.0040 0.3190 0.2440
885      885   (0)     10  : 0.3018 0.0260 0.0040 0.5867 0.0815
886      886   (0)     10  : 0.0970 0.0050 0.0240 0.8470 0.0270
887      887   (0)     10  : 0.3993 0.0180 0.0040 0.2914 0.2874
888      888   (0)     10  : 0.1106 0.0260 0.0070 0.7663 0.0901
889      889   (0)     10  : 0.0510 0.2705 0.0120 0.3860 0.2805
890      890   (0)     10  : 0.3448 0.0080 0.0070 0.5857 0.0545
891      891   (0)     10  : 0.1745 0.0050 0.0040 0.7895 0.0270
892      892   (0)     10  : 0.2229 0.0160 0.0090 0.7306 0.0215
893      893   (0)     10  : 0.1871 0.0040 0.0020 0.7144 0.0925
894      894   (0)     10  : 0.3708 0.0030 0.0050 0.6027 0.0185
895      895   (0)     10  : 0.3158 0.0060 0.0030 0.6572 0.0180
896      896   (0)     10  : 0.2566 0.0040 0.0070 0.7054 0.0270
897      897   (0)     10  : 0.0170 0.2379 0.0215 0.3148 0.4088
898      898   (0)     10  : 0.3080 0.0540 0.0090 0.5955 0.0335
899      899   (0)     10  : 0.2945 0.0110 0.0050 0.1910 0.4985
900      900   (0)     10  : 0.0650 0.0140 0.0275 0.6375 0.2560
901      901   (0)     10  : 0.0135 0.0240 0.0130 0.8991 0.0505
902      902   (0)     10  : 0.2559 0.0060 0.0050 0.7186 0.0145
903      903   (0)     10  : 0.3815 0.0480 0.0050 0.4885 0.0770
904      904   (0)     10  : 0.1936 0.0980 0.0130 0.4937 0.2016
905      905   (0)     10  : 0.3770 0.0060 0.0040 0.5425 0.0705
906      906   (0)     10  : 0.3205 0.0130 0.0050 0.6515 0.0100
907      907   (0)     10  : 0.0740 0.0160 0.0075 0.7655 0.1370
908      908   (0)     10  : 0.0689 0.0060 0.0060 0.4920 0.4271
909      909   (0)     11  : 0.1101 0.0120 0.0185 0.0270 0.8324
910      910   (0)     11  : 0.0455 0.0050 0.0080 0.0070 0.9345
911      911   (0)     11  : 0.1494 0.0130 0.0100 0.0285 0.7991
912      912   (0)     11  : 0.2931 0.0030 0.0200 0.0170 0.6668
913      913   (0)     11  : 0.0185 0.0110 0.0050 0.0080 0.9575
914      914   (0)     11  : 0.4047 0.0040 0.0030 0.0100 0.5783
915      915   (0)     11  : 0.0790 0.0050 0.0380 0.0130 0.8650
916      916   (0)     11  : 0.0400 0.0080 0.0190 0.0260 0.9069
917      917   (0)     11  : 0.0090 0.0070 0.0030 0.0090 0.9720
918      918   (0)     11  : 0.0675 0.0060 0.0220 0.0225 0.8819
919      919   (0)     11  : 0.0810 0.0070 0.0260 0.0080 0.8780
920      920   (0)     11  : 0.1522 0.0160 0.0110 0.0375 0.7833
921      921   (0)     11  : 0.2911 0.0050 0.0030 0.0170 0.6838
922      922   (0)     11  : 0.0765 0.0070 0.0245 0.0090 0.8829
923      923   (0)     11  : 0.1920 0.0060 0.0895 0.0200 0.6925
924      924   (0)     11  : 0.1995 0.0150 0.0060 0.0115 0.7680
925      925   (0)     11  : 0.0950 0.0150 0.0060 0.0070 0.8771
926      926   (0)     11  : 0.2558 0.0060 0.0205 0.0100 0.7077
927      927   (0)     11  : 0.2070 0.0060 0.0040 0.0080 0.7750
928      928   (0)     11  : 0.0575 0.0080 0.0275 0.0180 0.8891
929      929   (0)     11  : 0.2121 0.0050 0.0040 0.0050 0.7739
930      930   (0)     11  : 0.0250 0.0040 0.0200 0.2041 0.7469
931      931   (0)     11  : 0.1463 0.0060 0.0040 0.1732 0.6705
932      932   (0)     11  : 0.0060 0.0070 0.0030 0.0080 0.9760
933      933   (0)     11  : 0.1810 0.0345 0.0060 0.2370 0.5415
934      934   (0)     11  : 0.0205 0.0140 0.0150 0.0160 0.9345
935      935   (0)     11  : 0.2626 0.0030 0.0030 0.0050 0.7264
936      936   (0)     11  : 0.1571 0.0040 0.0040 0.0110 0.8239
937      937   (0)     11  : 0.0215 0.0030 0.0070 0.0125 0.9560
938      938   (0)     11  : 0.0785 0.0080 0.0040 0.0315 0.8780
939      939   (0)     11  : 0.2625 0.1240 0.0725 0.0340 0.5070
940      940   (0)     11  : 0.2997 0.0130 0.0920 0.0530 0.5423
941      941   (0)     11  : 0.0825 0.0050 0.0040 0.1000 0.8086
942      942   (0)     11  : 0.3657 0.0100 0.0080 0.0120 0.6043
943      943   (0)     11  : 0.3428 0.0050 0.0135 0.0070 0.6317
944      944   (0)     11  : 0.1659 0.0830 0.0080 0.0250 0.7181
945      945   (0)     11  : 0.4198 0.0160 0.0110 0.0110 0.5422
946      946   (0)     11  : 0.5417 0.0200 0.0215 0.0105 0.4063
947      947   (0)     11  : 0.1049 0.0120 0.0030 0.0055 0.8746
948      948   (0)     11  : 0.4228 0.0070 0.0040 0.0145 0.5517
949      949   (0)     11  : 0.3425 0.0160 0.0240 0.0410 0.5765
950      950   (0)     11  : 0.1825 0.0460 0.0200 0.0110 0.7405
951      951   (0)     11  : 0.0130 0.0270 0.0440 0.0070 0.9090
952      952   (0)     11  : 0.0320 0.0030 0.0835 0.0050 0.8764
953      953   (0)     11  : 0.0555 0.0050 0.1319 0.0080 0.7996
954      954   (0)     11  : 0.2417 0.0030 0.0040 0.0100 0.7412
955      955   (0)     11  : 0.3397 0.0050 0.0050 0.0095 0.6408
956      956   (0)     11  : 0.1319 0.0060 0.0050 0.0070 0.8501
957      957   (0)     11  : 0.1950 0.0030 0.0040 0.0110 0.7870
958      958   (0)     11  : 0.3243 0.0050 0.1669 0.0510 0.4528
959      959   (0)     11  : 0.0060 0.0040 0.0060 0.0050 0.9790
960      960   (0)     11  : 0.1231 0.0110 0.0040 0.0050 0.8569
961      961   (0)     11  : 0.1740 0.0040 0.0160 0.1545 0.6515
962      962   (0)     11  : 0.0060 0.0120 0.0030 0.0120 0.9670
963      963   (0)     11  : 0.1849 0.0070 0.0110 0.0100 0.7871
964      964   (0)     11  : 0.0986 0.0120 0.0110 0.0260 0.8524
965      965   (0)     11  : 0.2291 0.0035 0.0040 0.0070 0.7564
966      966   (0)     11  : 0.1449 0.0040 0.0090 0.0090 0.8331
967      967   (0)     11  : 0.0300 0.0040 0.1336 0.0090 0.8234
968      968   (0)     11  : 0.0155 0.0040 0.0320 0.0965 0.8520
969      969   (0)     11  : 0.1405 0.0040 0.0060 0.0070 0.8425
970      970   (0)     11  : 0.1981 0.0060 0.0510 0.0210 0.7239
971      971   (0)     11  : 0.0150 0.0060 0.0070 0.0100 0.9620
972      972   (0)     11  : 0.2269 0.0070 0.0110 0.0440 0.7111
973      973   (0)     11  : 0.2909 0.0060 0.0145 0.0070 0.6817
974      974   (0)     11  : 0.4115 0.0040 0.0070 0.0070 0.5705
975      975   (0)     11  : 0.0085 0.0060 0.0040 0.0090 0.9725
976      976   (0)     11  : 0.0110 0.0040 0.0060 0.0070 0.9720
977      977   (0)     11  : 0.1659 0.0040 0.0030 0.0040 0.8231
978      978   (0)     11  : 0.0480 0.0120 0.0305 0.0160 0.8934
979      979   (0)     11  : 0.0425 0.0530 0.0050 0.0060 0.8934
980      980   (0)     11  : 0.1255 0.0040 0.0060 0.0060 0.8585
981      981   (0)     11  : 0.0070 0.0050 0.0060 0.0070 0.9750
982      982   (0)     11  : 0.1712 0.0090 0.0080 0.0060 0.8058
983      983   (0)     11  : 0.0410 0.0130 0.0090 0.0090 0.9280
984      984   (0)     11  : 0.4162 0.0485 0.0090 0.0070 0.5193
985      985   (0)     11  : 0.0840 0.0050 0.0040 0.0270 0.8800
986      986   (0)     11  : 0.2970 0.0180 0.0130 0.0090 0.6630
987      987   (0)     11  : 0.0330 0.0060 0.0050 0.0070 0.9490
988      988   (0)     11  : 0.5958 0.0030 0.0090 0.0090 0.3832
989      989   (0)     11  : 0.0765 0.0050 0.0050 0.0200 0.8934
990      990   (0)     11  : 0.1966 0.0040 0.0170 0.0130 0.7694
991      991   (0)     11  : 0.1014 0.0260 0.0060 0.0215 0.8451
992      992   (0)     11  : 0.0885 0.0060 0.0050 0.0060 0.8945
993      993   (0)     11  : 0.1741 0.0030 0.0060 0.0430 0.7739
994      994   (0)     11  : 0.0070 0.0030 0.0050 0.0180 0.9670
995      995   (0)     11  : 0.1370 0.0060 0.0080 0.0140 0.8350
996      996   (0)     11  : 0.0060 0.0070 0.0060 0.0080 0.9730
997      997   (0)     11  : 0.0180 0.0070 0.1899 0.0170 0.7681
998      998   (0)     11  : 0.0375 0.0050 0.0070 0.0110 0.9395
999      999   (0)     11  : 0.2980 0.0040 0.0040 0.0100 0.6840
1000     1000   (0)     11  : 0.3770 0.0110 0.0040 0.0150 0.5930
1001     1001   (0)     11  : 0.3018 0.0100 0.0050 0.0055 0.6777
1002     1002   (0)     11  : 0.0110 0.0140 0.0090 0.0200 0.9460
1003     1003   (0)     11  : 0.1571 0.0040 0.0030 0.0265 0.8094
1004     1004   (0)     11  : 0.0080 0.0250 0.0755 0.1081 0.7834
1005     1005   (0)     11  : 0.2830 0.0300 0.0050 0.0150 0.6670
1006     1006   (0)     11  : 0.0945 0.0100 0.0270 0.0585 0.8099
1007     1007   (0)     11  : 0.3240 0.0030 0.0140 0.0040 0.6550
1008     1008   (0)     11  : 0.2391 0.0050 0.0030 0.0090 0.7439
1009     1009   (0)     12  : 0.2041 0.7444 0.0050 0.0270 0.0195
1010     1010   (0)     12  : 0.2196 0.6808 0.0050 0.0795 0.0150
1011     1011   (0)     12  : 0.2670 0.7140 0.0060 0.0070 0.0060
1012     1012   (0)     12  : 0.0845 0.8724 0.0110 0.0140 0.0180
1013     1013   (0)     12  : 0.2472 0.7427 0.0020 0.0040 0.0040
1014     1014   (0)     12  : 0.2079 0.7676 0.0030 0.0105 0.0110
1015     1015   (0)     12  : 0.3430 0.6020 0.0190 0.0240 0.0120
1016     1016   (0)     12  : 0.2086 0.7814 0.0030 0.0040 0.0030
1017     1017   (0)     12  : 0.1290 0.7510 0.0630 0.0290 0.0280
1018     1018   (0)     12  : 0.2356 0.6853 0.0430 0.0210 0.0150
1019     1019   (0)     12  : 0.3130 0.6730 0.0040 0.0030 0.0070
1020     1020   (0)     12  : 0.2259 0.7551 0.0040 0.0070 0.0080
1021     1021   (0)     12  : 0.0310 0.8050 0.1110 0.0290 0.0240
1022     1022   (0)     12  : 0.2070 0.7270 0.0120 0.0150 0.0390
1023     1023   (0)     12  : 0.3890 0.5970 0.0040 0.0050 0.0050
1024     1024   (0)     12  : 0.2811 0.7089 0.0030 0.0040 0.0030
1025     1025   (0)     12  : 0.1534 0.8131 0.0030 0.0080 0.0225
1026     1026   (0)     12  : 0.1540 0.8215 0.0050 0.0120 0.0075
1027     1027   (0)     12  : 0.3330 0.6530 0.0060 0.0040 0.0040
1028     1028   (0)     12  : 0.0960 0.8410 0.0460 0.0060 0.0110
1029     1029   (0)     12  : 0.1901 0.6413 0.1501 0.0135 0.0050
1030     1030   (0)     12  : 0.3040 0.6790 0.0050 0.0060 0.0060
1031     1031   (0)     12  : 0.2910 0.6820 0.0080 0.0100 0.0090
1032     1032   (0)     12  : 0.2917 0.6873 0.0050 0.0070 0.0090
1033     1033   (0)     12  : 0.2410 0.7190 0.0110 0.0110 0.0180
1034     1034   (0)     12  : 0.2136 0.7184 0.0260 0.0230 0.0190
1035     1035   (0)     12  : 0.3242 0.6563 0.0050 0.0090 0.0055
1036     1036   (0)     12  : 0.1189 0.8466 0.0030 0.0250 0.0065
1037     1037   (0)     12  : 0.2450 0.7270 0.0060 0.0110 0.0110
1038     1038   (0)     12  : 0.2269 0.7416 0.0060 0.0165 0.0090
1039     1039   (0)     12  : 0.1091 0.8284 0.0150 0.0235 0.0240
1040     1040   (0)     12  : 0.2472 0.7137 0.0050 0.0090 0.0250
1041     1041   (0)     12  : 0.2090 0.7750 0.0050 0.0050 0.0060
1042     1042   (0)     12  : 0.3233 0.6657 0.0030 0.0040 0.0040
1043     1043   (0)     12  : 0.1331 0.7344 0.0825 0.0420 0.0080
1044     1044   (0)     12  : 0.0170 0.9360 0.0060 0.0270 0.0140
1045     1045   (0)     12  : 0.2530 0.7090 0.0050 0.0280 0.0050
1046     1046   (0)     12  : 0.1909 0.5337 0.0080 0.2069 0.0605
1047     1047   (0)     12  : 0.3420 0.5630 0.0280 0.0140 0.0530
1048     1048   (0)     12  : 0.2132 0.7758 0.0030 0.0050 0.0030
1049     1049   (0)     12  : 0.0940 0.8620 0.0030 0.0330 0.0080
1050     1050   (0)     12  : 0.3697 0.5973 0.0050 0.0080 0.0200
1051     1051   (0)     12  : 0.1773 0.7263 0.0260 0.0140 0.0564
1052     1052   (0)     12  : 0.2402 0.7317 0.0060 0.0100 0.0120
1053     1053   (0)     12  : 0.3898 0.5902 0.0040 0.0080 0.0080
1054     1054   (0)     12  : 0.2140 0.7700 0.0040 0.0060 0.0060
1055     1055   (0)     12  : 0.1670 0.8050 0.0030 0.0100 0.0150
1056     1056   (0)     12  : 0.0710 0.8360 0.0580 0.0290 0.0060
1057     1057   (0)     12  : 0.1642 0.8238 0.0030 0.0040 0.0050
1058     1058   (0)     12  : 0.1321 0.7523 0.0190 0.0140 0.0826
1059     1059   (0)     12  : 0.3900 0.5800 0.0060 0.0100 0.0140
1060     1060   (0)     12  : 0.2360 0.7550 0.0020 0.0030 0.0040
1061     1061   (0)     12  : 0.2851 0.6938 0.0070 0.0070 0.0070
1062     1062   (0)     12  : 0.3906 0.5889 0.0115 0.0050 0.0040
1063     1063   (0)     12  : 0.2740 0.7030 0.0050 0.0080 0.0100
1064     1064   (0)     12  : 0.1910 0.7980 0.0030 0.0040 0.0040
1065     1065   (0)     12  : 0.0270 0.9555 0.0045 0.0070 0.0060
1066     1066   (0)     12  : 0.1888 0.7862 0.0070 0.0120 0.0060
1067     1067   (0)     12  : 0.2220 0.7640 0.0030 0.0060 0.0050
1068     1068   (0)     12  : 0.2156 0.7634 0.0030 0.0080 0.0100
1069     1069   (0)     12  : 0.0891 0.8268 0.0030 0.0330 0.0480
1070     1070   (0)     12  : 0.2620 0.7250 0.0030 0.0040 0.0060
1071     1071   (0)     12  : 0.1710 0.8140 0.0040 0.0050 0.0060
1072     1072   (0)     12  : 0.2090 0.7790 0.0040 0.0040 0.0040
1073     1073   (0)     12  : 0.0130 0.9310 0.0290 0.0200 0.0070
1074     1074   (0)     12  : 0.0960 0.8315 0.0170 0.0495 0.0060
1075     1075   (0)     12  : 0.1529 0.8336 0.0030 0.0065 0.0040
1076     1076   (0)     12  : 0.1934 0.7736 0.0060 0.0100 0.0170
1077     1077   (0)     12  : 0.0640 0.8990 0.0020 0.0250 0.0100
1078     1078   (0)     12  : 0.1980 0.7850 0.0050 0.0060 0.0060
1079     1079   (0)     12  : 0.2268 0.7592 0.0030 0.0060 0.0050
1080     1080   (0)     12  : 0.3700 0.5780 0.0310 0.0120 0.0090
1081     1081   (0)     12  : 0.1897 0.7908 0.0030 0.0075 0.0090
1082     1082   (0)     12  : 0.2580 0.7260 0.0050 0.0070 0.0040
1083     1083   (0)     12  : 0.3115 0.6670 0.0050 0.0070 0.0095
1084     1084   (0)     12  : 0.3127 0.5978 0.0070 0.0515 0.0310
1085     1085   (0)     12  : 0.2490 0.7280 0.0080 0.0080 0.0070
1086     1086   (0)     12  : 0.1484 0.6182 0.0100 0.0715 0.1519
1087     1087   (0)     12  : 0.0340 0.9450 0.0030 0.0060 0.0120
1088     1088   (0)     12  : 0.2319 0.7056 0.0050 0.0150 0.0425
1089     1089   (0)     12  : 0.1942 0.7888 0.0060 0.0060 0.0050
1090     1090   (0)     12  : 0.4215 0.5445 0.0080 0.0060 0.0200
1091     1091   (0)     12  : 0.2860 0.7040 0.0020 0.0040 0.0040
1092     1092   (0)     12  : 0.2753 0.7047 0.0040 0.0040 0.0120
1093     1093   (0)     12  : 0.0330 0.7900 0.0300 0.1250 0.0220
1094     1094   (0)     12  : 0.4030 0.5800 0.0080 0.0050 0.0040
1095     1095   (0)     12  : 0.2240 0.7480 0.0070 0.0090 0.0120
1096     1096   (0)     12  : 0.1449 0.8192 0.0070 0.0060 0.0230
1097     1097   (0)     12  : 0.1550 0.7840 0.0070 0.0480 0.0060
1098     1098   (0)     12  : 0.2378 0.7463 0.0050 0.0040 0.0070
1099     1099   (0)     12  : 0.1386 0.7904 0.0200 0.0320 0.0190
1100     1100   (0)     12  : 0.1100 0.8140 0.0280 0.0180 0.0300
1101     1101   (0)     12  : 0.1691 0.8004 0.0170 0.0070 0.0065
1102     1102   (0)     12  : 0.1580 0.8220 0.0060 0.0060 0.0080
1103     1103   (0)     12  : 0.2300 0.7570 0.0030 0.0040 0.0060
1104     1104   (0)     12  : 0.2130 0.7680 0.0020 0.0040 0.0130
1105     1105   (0)     12  : 0.1941 0.7779 0.0090 0.0150 0.0040
1106     1106   (0)     12  : 0.2348 0.7423 0.0060 0.0070 0.0100
1107     1107   (0)     12  : 0.2704 0.6967 0.0170 0.0110 0.0050
1108     1108   (0)     12  : 0.2314 0.7231 0.0070 0.0070 0.0315
1109     1109   (0)     13  : 0.1530 0.0040 0.8360 0.0040 0.0030
1110     1110   (0)     13  : 0.1304 0.0040 0.8426 0.0140 0.0090
1111     1111   (0)     13  : 0.3160 0.0060 0.6690 0.0040 0.0050
1112     1112   (0)     13  : 0.0840 0.0030 0.9000 0.0050 0.0080
1113     1113   (0)     13  : 0.3527 0.0040 0.6213 0.0060 0.0160
1114     1114   (0)     13  : 0.1539 0.0040 0.8316 0.0050 0.0055
1115     1115   (0)     13  : 0.0440 0.0030 0.9040 0.0290 0.0200
1116     1116   (0)     13  : 0.1600 0.0150 0.8105 0.0060 0.0085
1117     1117   (0)     13  : 0.1580 0.0040 0.8300 0.0040 0.0040
1118     1118   (0)     13  : 0.0810 0.0040 0.9060 0.0050 0.0040
1119     1119   (0)     13  : 0.2246 0.0040 0.7274 0.0070 0.0370
1120     1120   (0)     13  : 0.2102 0.0020 0.7738 0.0100 0.0040
1121     1121   (0)     13  : 0.1890 0.0090 0.7890 0.0080 0.0050
1122     1122   (0)     13  : 0.2835 0.0150 0.6540 0.0405 0.0070
1123     1123   (0)     13  : 0.1434 0.0200 0.7781 0.0100 0.0485
1124     1124   (0)     13  : 0.1001 0.0060 0.8828 0.0070 0.0040
1125     1125   (0)     13  : 0.1185 0.0335 0.7630 0.0360 0.0490
1126     1126   (0)     13  : 0.0744 0.0030 0.9006 0.0080 0.0140
1127     1127   (0)     13  : 0.0950 0.0060 0.8841 0.0050 0.0100
1128     1128   (0)     13  : 0.1659 0.0050 0.8121 0.0080 0.0090
1129     1129   (0)     13  : 0.3295 0.0040 0.6545 0.0070 0.0050
1130     1130   (0)     13  : 0.3253 0.0030 0.6547 0.0090 0.0080
1131     1131   (0)     13  : 0.1939 0.0060 0.7641 0.0210 0.0150
1132     1132   (0)     13  : 0.1572 0.0040 0.8288 0.0040 0.0060
1133     1133   (0)     13  : 0.1015 0.0100 0.8655 0.0180 0.0050
1134     1134   (0)     13  : 0.2248 0.0080 0.7592 0.0040 0.0040
1135     1135   (0)     13  : 0.4330 0.0030 0.5510 0.0090 0.0040
1136     1136   (0)     13  : 0.1665 0.0040 0.7295 0.0730 0.0270
1137     1137   (0)     13  : 0.0740 0.0050 0.9110 0.0050 0.0050
1138     1138   (0)     13  : 0.3230 0.0030 0.6630 0.0070 0.0040
1139     1139   (0)     13  : 0.2089 0.0020 0.7831 0.0030 0.0030
1140     1140   (0)     13  : 0.3585 0.0060 0.5900 0.0190 0.0265
1141     1141   (0)     13  : 0.2480 0.0040 0.7320 0.0100 0.0060
1142     1142   (0)     13  : 0.2830 0.0030 0.6970 0.0060 0.0110
1143     1143   (0)     13  : 0.2339 0.0040 0.7466 0.0075 0.0080
1144     1144   (0)     13  : 0.2245 0.0060 0.7555 0.0070 0.0070
1145     1145   (0)     13  : 0.2830 0.0030 0.7030 0.0040 0.0070
1146     1146   (0)     13  : 0.0190 0.0150 0.9421 0.0190 0.0050
1147     1147   (0)     13  : 0.0360 0.0040 0.9290 0.0210 0.0100
1148     1148   (0)     13  : 0.2480 0.0020 0.7405 0.0050 0.0045
1149     1149   (0)     13  : 0.2415 0.0030 0.7365 0.0120 0.0070
1150     1150   (0)     13  : 0.2029 0.0040 0.7861 0.0030 0.0040
1151     1151   (0)     13  : 0.2589 0.0040 0.7256 0.0055 0.0060
1152     1152   (0)     13  : 0.2160 0.0040 0.7480 0.0170 0.0150
1153     1153   (0)     13  : 0.0990 0.0040 0.8850 0.0060 0.0060
1154     1154   (0)     13  : 0.1416 0.0110 0.6073 0.2231 0.0170
1155     1155   (0)     13  : 0.1837 0.0030 0.8048 0.0055 0.0030
1156     1156   (0)     13  : 0.0435 0.0060 0.9425 0.0040 0.0040
1157     1157   (0)     13  : 0.2162 0.0050 0.7618 0.0100 0.0070
1158     1158   (0)     13  : 0.1954 0.0100 0.7776 0.0130 0.0040
1159     1159   (0)     13  : 0.1291 0.0060 0.8368 0.0160 0.0120
1160     1160   (0)     13  : 0.1855 0.0050 0.7975 0.0060 0.0060
1161     1161   (0)     13  : 0.3377 0.0060 0.6478 0.0035 0.0050
1162     1162   (0)     13  : 0.0240 0.0050 0.9535 0.0090 0.0085
1163     1163   (0)     13  : 0.1025 0.0050 0.8755 0.0100 0.0070
1164     1164   (0)     13  : 0.2304 0.0040 0.7576 0.0040 0.0040
1165     1165   (0)     13  : 0.1280 0.0210 0.8360 0.0110 0.0040
1166     1166   (0)     13  : 0.2930 0.0090 0.6820 0.0070 0.0090
1167     1167   (0)     13  : 0.0650 0.0040 0.9210 0.0050 0.0050
1168     1168   (0)     13  : 0.0200 0.0210 0.9265 0.0260 0.0065
1169     1169   (0)     13  : 0.4080 0.0060 0.5740 0.0060 0.0060
1170     1170   (0)     13  : 0.2164 0.0030 0.7736 0.0040 0.0030
1171     1171   (0)     13  : 0.2860 0.0040 0.7030 0.0040 0.0030
1172     1172   (0)     13  : 0.1270 0.0020 0.8620 0.0050 0.0040
1173     1173   (0)     13  : 0.3292 0.0030 0.6568 0.0070 0.0040
1174     1174   (0)     13  : 0.2737 0.0030 0.7143 0.0040 0.0050
1175     1175   (0)     13  : 0.3177 0.0060 0.6573 0.0140 0.0050
1176     1176   (0)     13  : 0.1626 0.0050 0.8204 0.0080 0.0040
1177     1177   (0)     13  : 0.3160 0.0040 0.6640 0.0080 0.0080
1178     1178   (0)     13  : 0.2750 0.0040 0.7075 0.0055 0.0080
1179     1179   (0)     13  : 0.0560 0.0070 0.9050 0.0090 0.0230
1180     1180   (0)     13  : 0.3088 0.0110 0.6347 0.0205 0.0250
1181     1181   (0)     13  : 0.2621 0.0050 0.6933 0.0210 0.0185
1182     1182   (0)     13  : 0.0971 0.0040 0.8759 0.0180 0.0050
1183     1183   (0)     13  : 0.0900 0.0030 0.8989 0.0050 0.0030
1184     1184   (0)     13  : 0.4310 0.0030 0.5480 0.0060 0.0120
1185     1185   (0)     13  : 0.1359 0.0060 0.8306 0.0165 0.0110
1186     1186   (0)     13  : 0.1504 0.0830 0.7426 0.0170 0.0070
1187     1187   (0)     13  : 0.2895 0.0030 0.7005 0.0030 0.0040
1188     1188   (0)     13  : 0.1920 0.0030 0.7980 0.0040 0.0030
1189     1189   (0)     13  : 0.0835 0.0030 0.9055 0.0040 0.0040
1190     1190   (0)     13  : 0.1709 0.0030 0.8151 0.0050 0.0060
1191     1191   (0)     13  : 0.2352 0.0030 0.7427 0.0080 0.0110
1192     1192   (0)     13  : 0.3227 0.0060 0.6613 0.0050 0.0050
1193     1193   (0)     13  : 0.2231 0.0040 0.7599 0.0070 0.0060
1194     1194   (0)     13  : 0.1370 0.0030 0.8530 0.0040 0.0030
1195     1195   (0)     13  : 0.2660 0.0040 0.7190 0.0060 0.0050
1196     1196   (0)     13  : 0.0400 0.0340 0.8760 0.0380 0.0120
1197     1197   (0)     13  : 0.0945 0.0030 0.6665 0.0160 0.2200
1198     1198   (0)     13  : 0.2160 0.0110 0.7540 0.0100 0.0090
1199     1199   (0)     13  : 0.0220 0.0120 0.9470 0.0140 0.0050
1200     1200   (0)     13  : 0.2630 0.0170 0.6940 0.0170 0.0090
1201     1201   (0)     13  : 0.0875 0.0150 0.8745 0.0170 0.0060
1202     1202   (0)     13  : 0.0410 0.0080 0.8879 0.0210 0.0420
1203     1203   (0)     13  : 0.1054 0.0030 0.7196 0.0190 0.1529
1204     1204   (0)     13  : 0.3167 0.0030 0.6693 0.0060 0.0050
1205     1205   (0)     13  : 0.2507 0.0050 0.7128 0.0135 0.0180
1206     1206   (0)     13  : 0.2369 0.0040 0.7511 0.0040 0.0040
1207     1207   (0)     13  : 0.0080 0.0040 0.9730 0.0070 0.0080
1208     1208   (0)     13  : 0.3020 0.0030 0.6760 0.0090 0.0100
1209     1209   (0)     14  : 0.2385 0.0040 0.0050 0.7465 0.0060
1210     1210   (0)     14  : 0.2302 0.0240 0.0030 0.7267 0.0160
1211     1211   (0)     14  : 0.1660 0.0300 0.0200 0.7770 0.0070
1212     1212   (0)     14  : 0.2606 0.0060 0.0295 0.6918 0.0120
1213     1213   (0)     14  : 0.0170 0.0030 0.0100 0.9286 0.0415
1214     1214   (0)     14  : 0.2014 0.0030 0.0180 0.7666 0.0110
1215     1215   (0)     14  : 0.2104 0.0050 0.0080 0.7356 0.0410
1216     1216   (0)     14  : 0.1686 0.0050 0.0150 0.8004 0.0110
1217     1217   (0)     14  : 0.1119 0.0040 0.0070 0.8332 0.0440
1218     1218   (0)     14  : 0.1932 0.0230 0.0130 0.7207 0.0501
1219     1219   (0)     14  : 0.0621 0.0040 0.0310 0.8989 0.0040
1220     1220   (0)     14  : 0.2304 0.0240 0.0115 0.7286 0.0055
1221     1221   (0)     14  : 0.0300 0.0040 0.0060 0.9540 0.0060
1222     1222   (0)     14  : 0.0150 0.0050 0.0650 0.9070 0.0080
1223     1223   (0)     14  : 0.2180 0.0040 0.0320 0.7420 0.0040
1224     1224   (0)     14  : 0.5310 0.0040 0.0070 0.4540 0.0040
1225     1225   (0)     14  : 0.3357 0.0230 0.0060 0.6254 0.0100
1226     1226   (0)     14  : 0.0720 0.0050 0.0200 0.8969 0.0060
1227     1227   (0)     14  : 0.3270 0.0040 0.0190 0.6450 0.0050
1228     1228   (0)     14  : 0.0140 0.0100 0.0090 0.9620 0.0050
1229     1229   (0)     14  : 0.1794 0.0140 0.0120 0.7721 0.0225
1230     1230   (0)     14  : 0.2002 0.0080 0.0190 0.7588 0.0140
1231     1231   (0)     14  : 0.1806 0.0160 0.0760 0.7139 0.0135
1232     1232   (0)     14  : 0.0815 0.0160 0.0040 0.8905 0.0080
1233     1233   (0)     14  : 0.3060 0.0030 0.0040 0.6790 0.0080
1234     1234   (0)     14  : 0.1230 0.0030 0.0250 0.8400 0.0090
1235     1235   (0)     14  : 0.0660 0.0030 0.0030 0.9220 0.0060
1236     1236   (0)     14  : 0.0060 0.0050 0.0090 0.9760 0.0040
1237     1237   (0)     14  : 0.4012 0.0080 0.0170 0.5618 0.0120
1238     1238   (0)     14  : 0.3320 0.0070 0.0090 0.6370 0.0150
1239     1239   (0)     14  : 0.3417 0.0080 0.0110 0.6304 0.0090
1240     1240   (0)     14  : 0.2759 0.0050 0.0080 0.6952 0.0160
1241     1241   (0)     14  : 0.0694 0.0090 0.0040 0.9096 0.0080
1242     1242   (0)     14  : 0.2940 0.0040 0.0050 0.6880 0.0090
1243     1243   (0)     14  : 0.0340 0.0060 0.0110 0.9329 0.0160
1244     1244   (0)     14  : 0.0140 0.0060 0.1880 0.7870 0.0050
1245     1245   (0)     14  : 0.1904 0.0050 0.0155 0.7781 0.0110
1246     1246   (0)     14  : 0.1830 0.0030 0.0040 0.7990 0.0110
1247     1247   (0)     14  : 0.0355 0.0040 0.0125 0.9320 0.0160
1248     1248   (0)     14  : 0.0240 0.0050 0.0030 0.9580 0.0100
1249     1249   (0)     14  : 0.0240 0.0150 0.0160 0.8804 0.0645
1250     1250   (0)     14  : 0.0580 0.0490 0.0190 0.8540 0.0200
1251     1251   (0)     14  : 0.2753 0.0110 0.0130 0.6957 0.0050
1252     1252   (0)     14  : 0.0230 0.0130 0.0060 0.9380 0.0200
1253     1253   (0)     14  : 0.0040 0.0200 0.0150 0.9540 0.0070
1254     1254   (0)     14  : 0.1286 0.0250 0.0110 0.8234 0.0120
1255     1255   (0)     14  : 0.4655 0.0050 0.0736 0.3939 0.0621
1256     1256   (0)     14  : 0.3150 0.0080 0.0060 0.6530 0.0180
1257     1257   (0)     14  : 0.1451 0.0070 0.0075 0.8334 0.0070
1258     1258   (0)     14  : 0.1261 0.0090 0.0150 0.8378 0.0120
1259     1259   (0)     14  : 0.1331 0.0075 0.0690 0.7474 0.0430
1260     1260   (0)     14  : 0.2449 0.0120 0.0110 0.7231 0.0090
1261     1261   (0)     14  : 0.0360 0.0030 0.0060 0.9470 0.0080
1262     1262   (0)     14  : 0.0180 0.0050 0.0055 0.9645 0.0070
1263     1263   (0)     14  : 0.0999 0.0040 0.1199 0.7671 0.0090
1264     1264   (0)     14  : 0.3492 0.0050 0.0575 0.5783 0.0100
1265     1265   (0)     14  : 0.0510 0.0060 0.0075 0.9295 0.0060
1266     1266   (0)     14  : 0.0290 0.0090 0.0170 0.9190 0.0260
1267     1267   (0)     14  : 0.1216 0.0050 0.1476 0.7019 0.0240
1268     1268   (0)     14  : 0.2769 0.0225 0.0100 0.6837 0.0070
1269     1269   (0)     14  : 0.0190 0.0235 0.0100 0.7685 0.1790
1270     1270   (0)     14  : 0.1410 0.0090 0.1735 0.6625 0.0140
1271     1271   (0)     14  : 0.1905 0.0070 0.0190 0.7775 0.0060
1272     1272   (0)     14  : 0.3856 0.0090 0.0040 0.5964 0.0050
1273     1273   (0)     14  : 0.1682 0.0060 0.0080 0.8078 0.0100
1274     1274   (0)     14  : 0.2581 0.0020 0.0175 0.7114 0.0110
1275     1275   (0)     14  : 0.3033 0.0070 0.1489 0.5307 0.0100
1276     1276   (0)     14  : 0.0770 0.0095 0.1864 0.7201 0.0070
1277     1277   (0)     14  : 0.1194 0.0070 0.0060 0.8606 0.0070
1278     1278   (0)     14  : 0.3370 0.0050 0.0135 0.6355 0.0090
1279     1279   (0)     14  : 0.1634 0.0050 0.3333 0.4913 0.0070
1280     1280   (0)     14  : 0.1091 0.0120 0.0315 0.8374 0.0100
1281     1281   (0)     14  : 0.2786 0.0060 0.0080 0.6963 0.0110
1282     1282   (0)     14  : 0.1952 0.0030 0.0350 0.7588 0.0080
1283     1283   (0)     14  : 0.2735 0.0110 0.0060 0.7030 0.0065
1284     1284   (0)     14  : 0.0340 0.0060 0.0500 0.8280 0.0820
1285     1285   (0)     14  : 0.0715 0.0260 0.0150 0.8564 0.0310
1286     1286   (0)     14  : 0.2981 0.0060 0.0210 0.6688 0.0060
1287     1287   (0)     14  : 0.0740 0.0030 0.0170 0.8940 0.0120
1288     1288   (0)     14  : 0.1254 0.0040 0.0230 0.8356 0.0120
1289     1289   (0)     14  : 0.4210 0.0040 0.0050 0.5640 0.0060
1290     1290   (0)     14  : 0.0080 0.0090 0.0120 0.9310 0.0400
1291     1291   (0)     14  : 0.1081 0.0040 0.0230 0.8534 0.0115
1292     1292   (0)     14  : 0.0170 0.0020 0.1696 0.8024 0.0090
1293     1293   (0)     14  : 0.1782 0.0651 0.0060 0.7427 0.0080
1294     1294   (0)     14  : 0.3217 0.0040 0.0200 0.6384 0.0160
1295     1295   (0)     14  : 0.1662 0.0030 0.0330 0.7763 0.0215
1296     1296   (0)     14  : 0.3273 0.0100 0.0085 0.6432 0.0110
1297     1297   (0)     14  : 0.2268 0.0070 0.0060 0.7512 0.0090
1298     1298   (0)     14  : 0.0325 0.0050 0.0100 0.9435 0.0090
1299     1299   (0)     14  : 0.0090 0.0050 0.0090 0.9680 0.0090
1300     1300   (0)     14  : 0.2155 0.0060 0.0120 0.7595 0.0070
1301     1301   (0)     14  : 0.0501 0.0115 0.0060 0.9274 0.0050
1302     1302   (0)     14  : 0.1909 0.0100 0.0090 0.7841 0.0060
1303     1303   (0)     14  : 0.0200 0.0030 0.0070 0.9630 0.0070
1304     1304   (0)     14  : 0.2500 0.0050 0.0220 0.7130 0.0100
1305     1305   (0)     14  : 0.4270 0.0050 0.0180 0.5230 0.0270
1306     1306   (0)     14  : 0.0385 0.0050 0.0090 0.9415 0.0060
1307     1307   (0)     14  : 0.0710 0.0040 0.0050 0.9090 0.0110
1308     1308   (0)     14  : 0.1159 0.0040 0.0050 0.8701 0.0050
1309     1309  (10)     15  : 0.0100 0.0060 0.0125 0.9100 0.0615
1310     1310   (5)     15  : 0.0060 0.0435 0.0170 0.8964 0.0370
1311     1311   (5)     15  : 0.3723 0.0120 0.0430 0.0850 0.4878
1312     1312   (5)     15  : 0.0050 0.0040 0.0050 0.5504 0.4356
1313     1313  (10)     15  : 0.1605 0.0190 0.0230 0.6170 0.1805
1314     1314   (5)     15  : 0.4078 0.0260 0.0640 0.2574 0.2449
1315     1315  (10)     15  : 0.0540 0.0050 0.0160 0.8935 0.0315
1316     1316   (0)     15  : 0.0060 0.1189 0.0030 0.8287 0.0435
1317     1317   (0)     15  : 0.0160 0.0050 0.0090 0.9510 0.0190
1318     1318   (0)     15  : 0.0050 0.0120 0.0040 0.9560 0.0230
1319     1319   (0)     15  : 0.0175 0.0385 0.0080 0.5508 0.3852
1320     1320   (0)     15  : 0.0955 0.0050 0.0170 0.8614 0.0210
1321     1321   (0)     15  : 0.0210 0.0150 0.0040 0.9301 0.0300
1322     1322   (0)     15  : 0.1380 0.0080 0.0060 0.8320 0.0160
1323     1323   (0)     15  : 0.0240 0.0050 0.0620 0.8889 0.0200
1324     1324   (0)     15  : 0.0660 0.0060 0.0145 0.8406 0.0730
1325     1325   (0)     15  : 0.1842 0.0060 0.0090 0.5561 0.2447
1326     1326   (0)     15  : 0.3902 0.0100 0.0230 0.4262 0.1506
1327     1327   (0)     15  : 0.0065 0.0120 0.0030 0.9595 0.0190
1328     1328   (5)     15  : 0.0130 0.0959 0.0030 0.8661 0.0220
1329     1329   (0)     15  : 0.0955 0.0150 0.0420 0.8375 0.0100
1330     1330   (0)     15  : 0.1880 0.0100 0.0505 0.7095 0.0420
1331     1331   (5)     15  : 0.0875 0.0220 0.0080 0.0325 0.8501
1332     1332   (5)     15  : 0.0270 0.0355 0.0040 0.8920 0.0415
1333     1333   (0)     15  : 0.1335 0.0420 0.0160 0.7885 0.0200
1334     1334   (0)     15  : 0.1171 0.0200 0.0030 0.5893 0.2706
1335     1335   (0)     15  : 0.0150 0.0060 0.0585 0.7370 0.1835
1336     1336   (0)     15  : 0.0040 0.0110 0.0050 0.9670 0.0130
1337     1337   (0)     15  : 0.0030 0.0130 0.0045 0.9705 0.0090
1338     1338   (0)     15  : 0.0030 0.0150 0.0050 0.9220 0.0550
1339     1339   (0)     15  : 0.0030 0.0875 0.0030 0.8954 0.0110
1340     1340   (0)     15  : 0.0165 0.0060 0.0120 0.7699 0.1956
1341     1341   (0)     15  : 0.0480 0.0220 0.0100 0.9080 0.0120
1342     1342   (0)     15  : 0.0030 0.0145 0.0110 0.9165 0.0550
1343     1343   (0)     15  : 0.0300 0.0130 0.0050 0.9410 0.0110
1344     1344   (0)     15  : 0.0140 0.0060 0.0060 0.9670 0.0070
1345     1345   (0)     15  : 0.0300 0.0150 0.0160 0.7416 0.1974
1346     1346   (0)     15  : 0.0050 0.0080 0.0060 0.9740 0.0070
1347     1347   (0)     15  : 0.0465 0.0120 0.0070 0.9265 0.0080
1348     1348   (0)     15  : 0.0140 0.0040 0.0040 0.7415 0.2365
1349     1349   (0)     15  : 0.0140 0.0030 0.0240 0.8540 0.1050
1350     1350   (0)     15  : 0.0140 0.0040 0.0165 0.7240 0.2415
1351     1351   (0)     16  : 0.0040 0.0030 0.0050 0.8422 0.1459
1352     1352   (0)     16  : 0.0090 0.0280 0.0050 0.9510 0.0070
1353     1353   (0)     16  : 0.0160 0.0080 0.0030 0.9680 0.0050
1354     1354   (0)     16  : 0.0100 0.0100 0.0100 0.9550 0.0150
1355     1355   (0)     16  : 0.1104 0.0140 0.0040 0.8131 0.0585
1356     1356   (0)     16  : 0.0170 0.0250 0.0050 0.6075 0.3455
1357     1357   (0)     16  : 0.0230 0.0120 0.0040 0.9550 0.0060
1358     1358   (0)     16  : 0.0900 0.0540 0.0040 0.7510 0.1010
1359     1359   (0)     16  : 0.1159 0.0240 0.0090 0.7967 0.0544
1360     1360   (0)     16  : 0.2020 0.1500 0.0070 0.6185 0.0225
1361     1361   (0)     16  : 0.0090 0.0175 0.0080 0.9585 0.0070
1362     1362   (0)     16  : 0.0360 0.0090 0.0110 0.8840 0.0600
1363     1363   (0)     16  : 0.0130 0.0070 0.0230 0.4675 0.4895
1364     1364   (0)     16  : 0.0460 0.0080 0.0050 0.9201 0.0210
1365     1365   (0)     16  : 0.0120 0.0130 0.0765 0.6693 0.2291
1366     1366   (0)     16  : 0.0930 0.0150 0.0115 0.8686 0.0120
1367     1367   (0)     16  : 0.2280 0.0050 0.0040 0.7530 0.0100
1368     1368   (0)     16  : 0.0270 0.0080 0.0060 0.7476 0.2114
1369     1369   (0)     16  : 0.0165 0.0050 0.0050 0.9515 0.0220
1370     1370   (0)     16  : 0.0180 0.0170 0.0110 0.9450 0.0090
1371     1371   (0)     16  : 0.1365 0.0170 0.0020 0.8140 0.0305
1372     1372   (0)     16  : 0.0550 0.0040 0.0540 0.7974 0.0895
1373     1373   (0)     16  : 0.0050 0.0190 0.0030 0.8855 0.0875
1374     1374   (0)     16  : 0.2440 0.0200 0.0030 0.7110 0.0220
1375     1375   (0)     16  : 0.0040 0.0300 0.0030 0.9431 0.0200
1376     1376   (0)     16  : 0.1584 0.0110 0.0040 0.7836 0.0430
1377     1377   (0)     16  : 0.0060 0.0060 0.0075 0.9655 0.0150
1378     1378   (0)     16  : 0.1715 0.0120 0.0110 0.7925 0.0130
1379     1379   (0)     16  : 0.0030 0.0180 0.0060 0.9620 0.0110
1380     1380   (0)     16  : 0.0340 0.0170 0.0425 0.8835 0.0230
1381     1381   (0)     16  : 0.1345 0.0160 0.0040 0.3620 0.4835
1382     1382   (0)     16  : 0.0130 0.0120 0.0100 0.9370 0.0280
1383     1383   (0)     16  : 0.0400 0.0705 0.0030 0.8785 0.0080
1384     1384   (0)     16  : 0.0160 0.0060 0.0050 0.9340 0.0390
1385     1385   (0)     16  : 0.0145 0.0110 0.0050 0.6257 0.3438
1386     1386   (0)     16  : 0.0950 0.0840 0.0110 0.8021 0.0080
1387     1387   (0)     16  : 0.0840 0.1404 0.0120 0.6922 0.0715
1388     1388   (0)     16  : 0.0565 0.0055 0.0040 0.8555 0.0785
1389     1389   (0)     16  : 0.0120 0.1704 0.0060 0.4618 0.3498
1390     1390   (0)     16  : 0.1404 0.0120 0.0060 0.8286 0.0130
1391     1391   (0)     16  : 0.0185 0.0680 0.0050 0.9025 0.0060
1392     1392   (0)     16  : 0.0130 0.1265 0.0050 0.8170 0.0385
1393     1393   (0)     16  : 0.1962 0.0080 0.0050 0.5470 0.2437
1394     1394   (0)     16  : 0.0140 0.1159 0.0120 0.8401 0.0180
1395     1395   (0)     16  : 0.0090 0.0080 0.0080 0.9630 0.0120
1396     1396   (0)     16  : 0.2454 0.0120 0.0045 0.7221 0.0160
1397     1397   (0)     16  : 0.0370 0.0050 0.0060 0.9209 0.0310
1398     1398   (0)     16  : 0.0410 0.0280 0.0080 0.8780 0.0450
1399     1399   (0)     16  : 0.1644 0.0050 0.0040 0.7791 0.0475
1400     1400   (0)     16  : 0.0040 0.0280 0.0030 0.9255 0.0395
1401     1401   (0)     16  : 0.0150 0.0140 0.0175 0.9300 0.0235
1402     1402   (0)     16  : 0.0030 0.0506 0.0040 0.9354 0.0070
1403     1403   (0)     16  : 0.0200 0.0060 0.0075 0.9555 0.0110
1404     1404   (0)     16  : 0.0525 0.0060 0.0060 0.8126 0.1229
1405     1405   (0)     16  : 0.0140 0.0090 0.0050 0.5085 0.4635
1406     1406   (0)     16  : 0.0070 0.0135 0.0050 0.9495 0.0250
1407     1407   (0)     16  : 0.0500 0.0170 0.0030 0.9160 0.0140
1408     1408   (0)     16  : 0.0150 0.0070 0.0040 0.9505 0.0235
1409     1409   (0)     16  : 0.1711 0.0120 0.0070 0.7894 0.0205
1410     1410   (0)     16  : 0.0230 0.0090 0.0050 0.9520 0.0110
1411     1411   (0)     16  : 0.0430 0.0130 0.0120 0.8916 0.0405
1412     1412   (0)     16  : 0.0060 0.0830 0.0050 0.8921 0.0140
1413     1413   (0)     16  : 0.0365 0.0290 0.0060 0.9160 0.0125
1414     1414   (0)     16  : 0.0120 0.0160 0.0120 0.9420 0.0180
1415     1415   (0)     16  : 0.0710 0.0030 0.0100 0.9015 0.0145
1416     1416   (0)     16  : 0.0380 0.0330 0.0030 0.8085 0.1175
1417     1417   (0)     16  : 0.0150 0.0070 0.0040 0.9650 0.0090
1418     1418   (0)     16  : 0.0070 0.0160 0.0090 0.7039 0.2641
1419     1419   (0)     16  : 0.0250 0.0170 0.0060 0.9420 0.0100
1420     1420   (0)     16  : 0.0040 0.0185 0.0030 0.9615 0.0130
1421     1421   (0)     16  : 0.2086 0.0640 0.0060 0.6943 0.0270
1422     1422   (0)     16  : 0.1795 0.0070 0.0040 0.0660 0.7435
1423     1423   (0)     16  : 0.1865 0.0430 0.0040 0.7515 0.0150
1424     1424   (0)     16  : 0.0640 0.0110 0.0050 0.8769 0.0430
1425     1425   (0)     16  : 0.0240 0.0255 0.0555 0.6690 0.2260
1426     1426   (0)     16  : 0.1869 0.0260 0.0060 0.7206 0.0605
1427     1427   (0)     16  : 0.0070 0.0050 0.0070 0.8109 0.1701
1428     1428   (0)     16  : 0.0340 0.0240 0.0050 0.9105 0.0265
1429     1429   (0)     16  : 0.0575 0.0825 0.0040 0.7886 0.0675
1430     1430   (0)     16  : 0.0930 0.0200 0.0800 0.7071 0.0999
1431     1431   (0)     16  : 0.0180 0.0080 0.0100 0.9510 0.0130
1432     1432   (0)     16  : 0.3107 0.0560 0.0030 0.6123 0.0180
1433     1433   (0)     16  : 0.0855 0.0310 0.0030 0.8589 0.0215
1434     1434   (0)     16  : 0.1229 0.0055 0.0040 0.8576 0.0100
1435     1435   (0)     16  : 0.0845 0.0180 0.0130 0.7914 0.0930
1436     1436   (0)     16  : 0.0040 0.0160 0.0080 0.9650 0.0070
1437     1437   (0)     16  : 0.1251 0.0130 0.0030 0.8249 0.0340
1438     1438   (0)     16  : 0.0190 0.0080 0.0050 0.8561 0.1119
1439     1439   (0)     16  : 0.0040 0.0150 0.0080 0.9610 0.0120
1440     1440   (0)     16  : 0.0870 0.0535 0.0160 0.7909 0.0525
1441     1441   (0)     16  : 0.0570 0.0070 0.0040 0.8935 0.0385
1442     1442   (0)     16  : 0.0620 0.1994 0.0320 0.6767 0.0300
1443     1443   (0)     16  : 0.0140 0.0130 0.0160 0.9385 0.0185
1444     1444   (0)     16  : 0.0275 0.2810 0.0455 0.3965 0.2495
1445     1445   (0)     16  : 0.0040 0.0405 0.0030 0.8246 0.1279
1446     1446   (0)     16  : 0.0290 0.1405 0.0160 0.7590 0.0555
1447     1447   (0)     16  : 0.0215 0.0160 0.0040 0.6495 0.3090
1448     1448   (0)     16  : 0.3215 0.0975 0.0080 0.5560 0.0170
1449     1449   (0)     16  : 0.0090 0.0130 0.0110 0.3925 0.5745
1450     1450   (0)     16  : 0.2454 0.0050 0.0050 0.6887 0.0560
1451     1451   (0)     17  : 0.0290 0.0040 0.0110 0.0090 0.9469
1452     1452   (0)     17  : 0.0120 0.0125 0.0040 0.0060 0.9655
1453     1453   (0)     17  : 0.0200 0.0030 0.0350 0.0110 0.9310
1454     1454   (0)     17  : 0.0030 0.0030 0.0040 0.0070 0.9830
1455     1455   (0)     17  : 0.0615 0.0040 0.0060 0.0080 0.9205
1456     1456   (0)     17  : 0.0050 0.0060 0.0110 0.0070 0.9710
1457     1457   (0)     17  : 0.0340 0.0470 0.0040 0.0235 0.8915
1458     1458   (0)     17  : 0.1670 0.0070 0.0030 0.0050 0.8180
1459     1459   (0)     17  : 0.1074 0.0040 0.0190 0.0624 0.8072
1460     1460   (0)     17  : 0.0070 0.0800 0.0080 0.0190 0.8861
1461     1461   (0)     17  : 0.0220 0.0050 0.0080 0.0070 0.9580
1462     1462   (0)     17  : 0.0050 0.0060 0.0270 0.0110 0.9510
1463     1463   (0)     17  : 0.0030 0.0040 0.0040 0.0070 0.9820
1464     1464   (0)     17  : 0.0120 0.0050 0.0090 0.0160 0.9580
1465     1465   (0)     17  : 0.0080 0.0070 0.0180 0.0160 0.9510
1466     1466   (0)     17  : 0.0534 0.0060 0.0050 0.0070 0.9286
1467     1467   (0)     17  : 0.0060 0.0095 0.0050 0.0340 0.9455
1468     1468   (0)     17  : 0.0410 0.0070 0.0060 0.1154 0.8306
1469     1469   (0)     17  : 0.0790 0.0330 0.0140 0.0255 0.8486
1470     1470   (0)     17  : 0.1380 0.0060 0.0040 0.0090 0.8430
1471     1471   (0)     17  : 0.0260 0.0210 0.3130 0.0490 0.5910
1472     1472   (0)     17  : 0.1929 0.0040 0.0515 0.0265 0.7251
1473     1473   (0)     17  : 0.0090 0.0050 0.0040 0.0070 0.9750
1474     1474   (0)     17  : 0.0080 0.0400 0.0355 0.0165 0.8999
1475     1475   (0)     17  : 0.1321 0.0030 0.0100 0.0075 0.8474
1476     1476   (0)     17  : 0.0070 0.0100 0.1281 0.0190 0.8359
1477     1477   (0)     17  : 0.0030 0.0040 0.0060 0.0050 0.9820
1478     1478   (0)     17  : 0.0060 0.0040 0.0070 0.0090 0.9740
1479     1479   (0)     17  : 0.0600 0.0520 0.0070 0.0265 0.8546
1480     1480   (0)     17  : 0.0060 0.0040 0.0060 0.0105 0.9735
1481     1481   (0)     17  : 0.0620 0.0335 0.0070 0.0080 0.8896
1482     1482   (0)     17  : 0.0600 0.0060 0.0040 0.0050 0.9250
1483     1483   (0)     17  : 0.0070 0.0040 0.0070 0.0060 0.9760
1484     1484   (0)     17  : 0.1310 0.0090 0.0050 0.0090 0.8460
1485     1485   (0)     17  : 0.0060 0.0045 0.0190 0.0060 0.9645
1486     1486   (0)     17  : 0.0050 0.0050 0.0050 0.0110 0.9740
1487     1487   (0)     17  : 0.1134 0.0090 0.0050 0.0090 0.8636
1488     1488   (0)     17  : 0.0080 0.0040 0.0040 0.0210 0.9630
1489     1489   (0)     17  : 0.0679 0.0040 0.0250 0.0140 0.8891
1490     1490   (0)     17  : 0.0060 0.0090 0.0130 0.0130 0.9590
1491     1491   (0)     17  : 0.0060 0.0060 0.0110 0.0125 0.9645
1492     1492   (0)     17  : 0.0120 0.0040 0.0050 0.0060 0.9730
1493     1493   (0)     17  : 0.0380 0.0070 0.0100 0.0235 0.9215
1494     1494   (0)     17  : 0.0300 0.0030 0.0030 0.0060 0.9580
1495     1495   (0)     17  : 0.0050 0.0030 0.0070 0.0100 0.9750
1496     1496   (0)     17  : 0.0140 0.0550 0.0050 0.0100 0.9160
1497     1497   (0)     17  : 0.0095 0.0080 0.0050 0.0060 0.9715
1498     1498   (0)     17  : 0.0140 0.0030 0.0110 0.0300 0.9420
1499     1499   (0)     17  : 0.0050 0.0060 0.0050 0.0140 0.9700
1500     1500   (0)     17  : 0.0040 0.0040 0.0490 0.0080 0.9350
1501     1501   (0)     17  : 0.0110 0.0105 0.0090 0.1466 0.8228
1502     1502   (0)     17  : 0.0155 0.0040 0.0120 0.0080 0.9605
1503     1503   (0)     17  : 0.0100 0.0040 0.0040 0.0040 0.9780
1504     1504   (0)     17  : 0.0060 0.0110 0.0135 0.0270 0.9425
1505     1505   (0)     17  : 0.0270 0.0100 0.0060 0.0100 0.9470
1506     1506   (0)     17  : 0.0140 0.0045 0.0230 0.0065 0.9520
1507     1507   (0)     17  : 0.0080 0.0130 0.0160 0.0811 0.8819
1508     1508   (0)     17  : 0.1109 0.0495 0.0070 0.0110 0.8216
1509     1509   (0)     17  : 0.1486 0.0060 0.0090 0.0100 0.8264
1510     1510   (0)     17  : 0.0040 0.0070 0.0030 0.0205 0.9654
1511     1511   (0)     17  : 0.1425 0.0070 0.0040 0.0050 0.8415
1512     1512   (0)     17  : 0.1365 0.0130 0.0250 0.0060 0.8195
1513     1513   (0)     17  : 0.0040 0.0080 0.0060 0.0080 0.9740
1514     1514   (0)     17  : 0.0050 0.0020 0.0020 0.0055 0.9855
1515     1515   (0)     17  : 0.0160 0.0320 0.0945 0.0080 0.8496
1516     1516   (0)     17  : 0.0100 0.0110 0.0060 0.0200 0.9530
1517     1517   (0)     17  : 0.0640 0.0040 0.0150 0.0060 0.9110
1518     1518   (0)     17  : 0.0050 0.0100 0.0130 0.0150 0.9570
1519     1519   (0)     17  : 0.0080 0.0090 0.0210 0.0080 0.9540
1520     1520   (0)     17  : 0.0060 0.0255 0.0900 0.0340 0.8445
1521     1521   (0)     17  : 0.0594 0.0110 0.0340 0.0370 0.8586
1522     1522   (0)     17  : 0.0050 0.0030 0.0040 0.0080 0.9800
1523     1523   (0)     17  : 0.0040 0.0050 0.0040 0.0100 0.9770
1524     1524   (0)     17  : 0.0040 0.0100 0.0240 0.0120 0.9499
1525     1525   (0)     17  : 0.0940 0.0080 0.0835 0.0130 0.8014
1526     1526   (0)     17  : 0.0380 0.0080 0.0690 0.0120 0.8730
1527     1527   (0)     17  : 0.0685 0.0050 0.0090 0.0100 0.9075
1528     1528   (0)     17  : 0.1119 0.0060 0.0130 0.0070 0.8621
1529     1529   (0)     17  : 0.2015 0.0220 0.0050 0.0090 0.7625
1530     1530   (0)     17  : 0.0765 0.0060 0.0100 0.0380 0.8696
1531     1531   (0)     17  : 0.0150 0.0075 0.0100 0.0825 0.8851
1532     1532   (0)     17  : 0.0240 0.0060 0.0100 0.0110 0.9490
1533     1533   (0)     17  : 0.0095 0.0050 0.0050 0.0120 0.9685
1534     1534   (0)     17  : 0.0050 0.0050 0.0090 0.0180 0.9630
1535     1535   (0)     17  : 0.0210 0.0090 0.0050 0.0060 0.9590
1536     1536   (0)     17  : 0.1689 0.0075 0.0320 0.1319 0.6597
1537     1537   (0)     17  : 0.0190 0.0160 0.0060 0.0090 0.9500
1538     1538   (0)     17  : 0.0040 0.0060 0.0050 0.0090 0.9760
1539     1539   (0)     17  : 0.0050 0.0030 0.0080 0.0090 0.9750
1540     1540   (0)     17  : 0.2767 0.0050 0.0070 0.0080 0.7033
1541     1541   (0)     17  : 0.0030 0.0040 0.0050 0.0155 0.9725
1542     1542   (0)     17  : 0.0030 0.0040 0.0030 0.0040 0.9860
1543     1543   (0)     17  : 0.0150 0.0130 0.0150 0.0095 0.9475
1544     1544   (0)     17  : 0.0280 0.0050 0.0070 0.0130 0.9470
1545     1545   (0)     17  : 0.0970 0.0040 0.0080 0.0190 0.8719
1546     1546   (0)     17  : 0.1675 0.0030 0.0050 0.0040 0.8205
1547     1547   (0)     17  : 0.1705 0.0140 0.0060 0.0070 0.8025
1548     1548   (0)     17  : 0.0030 0.0120 0.0030 0.0300 0.9520
1549     1549   (0)     17  : 0.0070 0.0040 0.0070 0.0100 0.9720
1550     1550   (0)     17  : 0.0580 0.0220 0.0975 0.0100 0.8124
1551     1551   (0)     18  : 0.0090 0.9770 0.0020 0.0050 0.0070
1552     1552   (0)     18  : 0.0660 0.9180 0.0020 0.0050 0.0090
1553     1553   (0)     18  : 0.1680 0.8190 0.0040 0.0030 0.0060
1554     1554   (0)     18  : 0.2821 0.6953 0.0070 0.0110 0.0045
1555     1555   (0)     18  : 0.0080 0.7929 0.0040 0.1726 0.0225
1556     1556   (0)     18  : 0.2609 0.7251 0.0060 0.0040 0.0040
1557     1557   (0)     18  : 0.1355 0.8425 0.0070 0.0070 0.0080
1558     1558   (0)     18  : 0.2290 0.7380 0.0050 0.0180 0.0100
1559     1559   (0)     18  : 0.2160 0.7640 0.0030 0.0110 0.0060
1560     1560   (0)     18  : 0.1476 0.8444 0.0020 0.0030 0.0030
1561     1561   (0)     18  : 0.0150 0.9295 0.0280 0.0185 0.0090
1562     1562   (0)     18  : 0.0050 0.9810 0.0060 0.0030 0.0050
1563     1563   (0)     18  : 0.0400 0.9450 0.0060 0.0040 0.0050
1564     1564   (0)     18  : 0.0100 0.8631 0.0020 0.0040 0.1209
1565     1565   (0)     18  : 0.0030 0.9860 0.0030 0.0040 0.0040
1566     1566   (0)     18  : 0.1350 0.8480 0.0030 0.0060 0.0080
1567     1567   (0)     18  : 0.1136 0.8664 0.0030 0.0070 0.0100
1568     1568   (0)     18  : 0.0140 0.9235 0.0115 0.0390 0.0120
1569     1569   (0)     18  : 0.2348 0.7363 0.0100 0.0070 0.0120
1570     1570   (0)     18  : 0.1745 0.8095 0.0050 0.0040 0.0070
1571     1571   (0)     18  : 0.0170 0.9600 0.0060 0.0040 0.0130
1572     1572   (0)     18  : 0.0145 0.9155 0.0040 0.0220 0.0440
1573     1573   (0)     18  : 0.1260 0.8570 0.0040 0.0090 0.0040
1574     1574   (0)     18  : 0.1030 0.8680 0.0030 0.0090 0.0170
1575     1575   (0)     18  : 0.1447 0.8473 0.0020 0.0030 0.0030
1576     1576   (0)     18  : 0.1150 0.8430 0.0110 0.0210 0.0100
1577     1577   (0)     18  : 0.0255 0.9255 0.0050 0.0130 0.0310
1578     1578   (0)     18  : 0.0030 0.9860 0.0030 0.0050 0.0030
1579     1579   (0)     18  : 0.0200 0.9435 0.0050 0.0130 0.0185
1580     1580   (0)     18  : 0.1564 0.8306 0.0030 0.0040 0.0060
1581     1581   (0)     18  : 0.0180 0.8990 0.0030 0.0580 0.0220
1582     1582   (0)     18  : 0.0825 0.9095 0.0020 0.0030 0.0030
1583     1583   (0)     18  : 0.1061 0.8759 0.0050 0.0050 0.0080
1584     1584   (0)     18  : 0.0040 0.9870 0.0020 0.0040 0.0030
1585     1585   (0)     18  : 0.0285 0.9615 0.0030 0.0040 0.0030
1586     1586   (0)     18  : 0.0895 0.8965 0.0040 0.0040 0.0060
1587     1587   (0)     18  : 0.1350 0.8370 0.0040 0.0070 0.0170
1588     1588   (0)     18  : 0.1750 0.8050 0.0040 0.0070 0.0090
1589     1589   (0)     18  : 0.0295 0.9000 0.0270 0.0205 0.0230
1590     1590   (0)     18  : 0.0490 0.9229 0.0030 0.0060 0.0190
1591     1591   (0)     18  : 0.1340 0.8305 0.0040 0.0205 0.0110
1592     1592   (0)     18  : 0.1524 0.7241 0.0050 0.0790 0.0395
1593     1593   (0)     18  : 0.1190 0.8630 0.0040 0.0080 0.0060
1594     1594   (0)     18  : 0.1415 0.8145 0.0190 0.0100 0.0150
1595     1595   (0)     18  : 0.0050 0.9820 0.0030 0.0060 0.0040
1596     1596   (0)     18  : 0.0080 0.9740 0.0080 0.0050 0.0050
1597     1597   (0)     18  : 0.0020 0.9880 0.0030 0.0040 0.0030
1598     1598   (0)     18  : 0.0040 0.9840 0.0030 0.0050 0.0040
1599     1599   (0)     18  : 0.0979 0.8851 0.0040 0.0080 0.0050
1600     1600   (0)     18  : 0.0210 0.9430 0.0030 0.0210 0.0120
1601     1601   (0)     18  : 0.2312 0.7417 0.0060 0.0130 0.0080
1602     1602   (0)     18  : 0.0080 0.9370 0.0150 0.0290 0.0110
1603     1603   (0)     18  : 0.1476 0.8354 0.0030 0.0070 0.0070
1604     1604   (0)     18  : 0.0600 0.6808 0.0950 0.0480 0.1161
1605     1605   (0)     18  : 0.0040 0.9540 0.0090 0.0210 0.0120
1606     1606   (0)     18  : 0.0080 0.9605 0.0175 0.0050 0.0090
1607     1607   (0)     18  : 0.0280 0.8914 0.0030 0.0235 0.0540
1608     1608   (0)     18  : 0.0240 0.9670 0.0020 0.0040 0.0030
1609     1609   (0)     18  : 0.0490 0.9225 0.0075 0.0070 0.0140
1610     1610   (0)     18  : 0.2601 0.7299 0.0030 0.0040 0.0030
1611     1611   (0)     18  : 0.0370 0.9010 0.0060 0.0410 0.0150
1612     1612   (0)     18  : 0.0040 0.9810 0.0050 0.0040 0.0060
1613     1613   (0)     18  : 0.0220 0.8595 0.0360 0.0530 0.0295
1614     1614   (0)     18  : 0.0160 0.9730 0.0030 0.0040 0.0040
1615     1615   (0)     18  : 0.1056 0.8744 0.0090 0.0050 0.0060
1616     1616   (0)     18  : 0.1410 0.8490 0.0020 0.0040 0.0040
1617     1617   (0)     18  : 0.1324 0.8446 0.0030 0.0130 0.0070
1618     1618   (0)     18  : 0.3577 0.6223 0.0070 0.0080 0.0050
1619     1619   (0)     18  : 0.1231 0.8474 0.0040 0.0175 0.0080
1620     1620   (0)     18  : 0.2020 0.7870 0.0020 0.0050 0.0040
1621     1621   (0)     18  : 0.0020 0.9850 0.0040 0.0050 0.0040
1622     1622   (0)     18  : 0.2870 0.7020 0.0020 0.0050 0.0040
1623     1623   (0)     18  : 0.0220 0.9185 0.0150 0.0245 0.0200
1624     1624   (0)     18  : 0.0930 0.8870 0.0060 0.0060 0.0080
1625     1625   (0)     18  : 0.0315 0.9575 0.0030 0.0040 0.0040
1626     1626   (0)     18  : 0.0300 0.9295 0.0135 0.0180 0.0090
1627     1627   (0)     18  : 0.1284 0.8342 0.0080 0.0130 0.0165
1628     1628   (0)     18  : 0.0835 0.9015 0.0050 0.0030 0.0070
1629     1629   (0)     18  : 0.0050 0.9830 0.0030 0.0050 0.0040
1630     1630   (0)     18  : 0.1015 0.7005 0.0040 0.1355 0.0585
1631     1631   (0)     18  : 0.1969 0.7861 0.0050 0.0060 0.0060
1632     1632   (0)     18  : 0.0820 0.8890 0.0090 0.0090 0.0110
1633     1633   (0)     18  : 0.0360 0.9540 0.0030 0.0040 0.0030
1634     1634   (0)     18  : 0.0760 0.9120 0.0030 0.0050 0.0040
1635     1635   (0)     18  : 0.0720 0.9060 0.0020 0.0130 0.0070
1636     1636   (0)     18  : 0.0640 0.8524 0.0445 0.0250 0.0140
1637     1637   (0)     18  : 0.0890 0.7910 0.0330 0.0130 0.0740
1638     1638   (0)     18  : 0.0795 0.8906 0.0030 0.0220 0.0050
1639     1639   (0)     18  : 0.0110 0.9790 0.0030 0.0040 0.0030
1640     1640   (0)     18  : 0.2180 0.6770 0.0720 0.0230 0.0100
1641     1641   (0)     18  : 0.0320 0.9199 0.0040 0.0120 0.0320
1642     1642   (0)     18  : 0.0030 0.9880 0.0030 0.0030 0.0030
1643     1643   (0)     18  : 0.0190 0.9630 0.0040 0.0050 0.0090
1644     1644   (0)     18  : 0.0440 0.8614 0.0240 0.0295 0.0410
1645     1645   (0)     18  : 0.0255 0.8789 0.0040 0.0410 0.0505
1646     1646   (0)     18  : 0.1830 0.8050 0.0030 0.0050 0.0040
1647     1647   (0)     18  : 0.0265 0.8721 0.0040 0.0680 0.0295
1648     1648   (0)     18  : 0.2619 0.7151 0.0060 0.0090 0.0080
1649     1649   (0)     18  : 0.0040 0.9810 0.0060 0.0050 0.0040
1650     1650   (0)     18  : 0.1917 0.7728 0.0020 0.0060 0.0275
1651     1651   (0)     19  : 0.0690 0.0060 0.8616 0.0565 0.0070
1652     1652   (0)     19  : 0.0275 0.0030 0.9605 0.0050 0.0040
1653     1653   (0)     19  : 0.0050 0.0020 0.9780 0.0080 0.0070
1654     1654   (0)     19  : 0.0130 0.0800 0.8660 0.0290 0.0120
1655     1655   (0)     19  : 0.1041 0.0080 0.8154 0.0130 0.0595
1656     1656   (0)     19  : 0.1490 0.0100 0.8280 0.0050 0.0080
1657     1657   (0)     19  : 0.2080 0.0040 0.7770 0.0030 0.0080
1658     1658   (0)     19  : 0.0040 0.0020 0.9850 0.0040 0.0050
1659     1659   (0)     19  : 0.1750 0.0040 0.8100 0.0060 0.0050
1660     1660   (0)     19  : 0.0775 0.0030 0.9065 0.0070 0.0060
1661     1661   (0)     19  : 0.0110 0.0040 0.9750 0.0060 0.0040
1662     1662   (0)     19  : 0.1379 0.0040 0.8491 0.0060 0.0030
1663     1663   (0)     19  : 0.2240 0.0030 0.7650 0.0040 0.0040
1664     1664   (0)     19  : 0.0070 0.0030 0.9845 0.0030 0.0025
1665     1665   (0)     19  : 0.1805 0.0060 0.7935 0.0100 0.0100
1666     1666   (0)     19  : 0.0600 0.0070 0.8656 0.0430 0.0245
1667     1667   (0)     19  : 0.0050 0.0020 0.9870 0.0030 0.0030
1668     1668   (0)     19  : 0.0030 0.0020 0.9900 0.0030 0.0020
1669     1669   (0)     19  : 0.0330 0.0020 0.9550 0.0050 0.0050
1670     1670   (0)     19  : 0.1660 0.0030 0.8170 0.0065 0.0075
1671     1671   (0)     19  : 0.0100 0.0060 0.9690 0.0100 0.0050
1672     1672   (0)     19  : 0.0385 0.0075 0.8800 0.0060 0.0680
1673     1673   (0)     19  : 0.0090 0.0190 0.9430 0.0150 0.0140
1674     1674   (0)     19  : 0.0385 0.0020 0.9420 0.0115 0.0060
1675     1675   (0)     19  : 0.0656 0.0060 0.9114 0.0060 0.0110
1676     1676   (0)     19  : 0.1750 0.0030 0.8120 0.0050 0.0050
1677     1677   (0)     19  : 0.1968 0.0040 0.7872 0.0060 0.0060
1678     1678   (0)     19  : 0.0040 0.0090 0.9780 0.0050 0.0040
1679     1679   (0)     19  : 0.0230 0.0030 0.9189 0.0100 0.0450
1680     1680   (0)     19  : 0.0040 0.0030 0.9780 0.0080 0.0070
1681     1681   (0)     19  : 0.2049 0.0050 0.7746 0.0085 0.0070
1682     1682   (0)     19  : 0.3338 0.0030 0.6552 0.0040 0.0040
1683     1683   (0)     19  : 0.1867 0.0020 0.7983 0.0080 0.0050
1684     1684   (0)     19  : 0.0060 0.0035 0.9705 0.0140 0.0060
1685     1685   (0)     19  : 0.0230 0.0070 0.9450 0.0210 0.0040
1686     1686   (0)     19  : 0.1565 0.0030 0.8285 0.0050 0.0070
1687     1687   (0)     19  : 0.0120 0.0140 0.9390 0.0270 0.0080
1688     1688   (0)     19  : 0.0160 0.0120 0.9430 0.0240 0.0050
1689     1689   (0)     19  : 0.0395 0.0020 0.9525 0.0030 0.0030
1690     1690   (0)     19  : 0.0490 0.0430 0.8390 0.0640 0.0050
1691     1691   (0)     19  : 0.0740 0.0050 0.9100 0.0040 0.0070
1692     1692   (0)     19  : 0.0120 0.0100 0.9480 0.0060 0.0240
1693     1693   (0)     19  : 0.0410 0.0030 0.9361 0.0120 0.0080
1694     1694   (0)     19  : 0.0270 0.0600 0.8950 0.0080 0.0100
1695     1695   (0)     19  : 0.0040 0.0030 0.9850 0.0040 0.0040
1696     1696   (0)     19  : 0.0110 0.0030 0.9710 0.0080 0.0070
1697     1697   (0)     19  : 0.0050 0.0120 0.9645 0.0125 0.0060
1698     1698   (0)     19  : 0.0220 0.0220 0.8860 0.0400 0.0300
1699     1699   (0)     19  : 0.0450 0.0030 0.9210 0.0070 0.0240
1700     1700   (0)     19  : 0.1020 0.0040 0.8800 0.0070 0.0070
1701     1701   (0)     19  : 0.0030 0.0020 0.9890 0.0030 0.0030
1702     1702   (0)     19  : 0.0680 0.0030 0.8270 0.0560 0.0460
1703     1703   (0)     19  : 0.0150 0.0190 0.8549 0.1041 0.0070
1704     1704   (0)     19  : 0.1990 0.0030 0.7910 0.0040 0.0030
1705     1705   (0)     19  : 0.0250 0.0135 0.9285 0.0130 0.0200
1706     1706   (0)     19  : 0.0400 0.0030 0.8740 0.0620 0.0210
1707     1707   (0)     19  : 0.0470 0.0040 0.9399 0.0050 0.0040
1708     1708   (0)     19  : 0.1370 0.0030 0.8500 0.0050 0.0050
1709     1709   (0)     19  : 0.0475 0.0160 0.9020 0.0050 0.0295
1710     1710   (0)     19  : 0.0040 0.0020 0.9820 0.0080 0.0040
1711     1711   (0)     19  : 0.0040 0.0030 0.9870 0.0030 0.0030
1712     1712   (0)     19  : 0.0100 0.0040 0.9670 0.0090 0.0100
1713     1713   (0)     19  : 0.0280 0.0030 0.8954 0.0030 0.0705
1714     1714   (0)     19  : 0.0200 0.0030 0.9690 0.0050 0.0030
1715     1715   (0)     19  : 0.0485 0.0020 0.9394 0.0050 0.0050
1716     1716   (0)     19  : 0.2118 0.0040 0.7752 0.0050 0.0040
1717     1717   (0)     19  : 0.2280 0.0040 0.7530 0.0080 0.0070
1718     1718   (0)     19  : 0.0050 0.0040 0.9800 0.0060 0.0050
1719     1719   (0)     19  : 0.0030 0.0020 0.9890 0.0030 0.0030
1720     1720   (0)     19  : 0.0320 0.0060 0.9540 0.0050 0.0030
1721     1721   (0)     19  : 0.0090 0.0020 0.9740 0.0070 0.0080
1722     1722   (0)     19  : 0.0130 0.0020 0.9790 0.0030 0.0030
1723     1723   (0)     19  : 0.1985 0.0050 0.7775 0.0130 0.0060
1724     1724   (0)     19  : 0.0070 0.0090 0.9370 0.0290 0.0180
1725     1725   (0)     19  : 0.1680 0.0030 0.8190 0.0050 0.0050
1726     1726   (0)     19  : 0.0120 0.0030 0.9550 0.0160 0.0140
1727     1727   (0)     19  : 0.0090 0.0190 0.9530 0.0120 0.0070
1728     1728   (0)     19  : 0.1910 0.0040 0.7980 0.0030 0.0040
1729     1729   (0)     19  : 0.0190 0.0340 0.9310 0.0120 0.0040
1730     1730   (0)     19  : 0.0120 0.0130 0.8899 0.0350 0.0501
1731     1731   (0)     19  : 0.1454 0.0120 0.7956 0.0060 0.0410
1732     1732   (0)     19  : 0.0180 0.0170 0.9349 0.0190 0.0110
1733     1733   (0)     19  : 0.0095 0.0090 0.9675 0.0100 0.0040
1734     1734   (0)     19  : 0.0360 0.0065 0.9131 0.0335 0.0110
1735     1735   (0)     19  : 0.0880 0.0020 0.8984 0.0040 0.0075
1736     1736   (0)     19  : 0.1081 0.0045 0.8674 0.0135 0.0065
1737     1737   (0)     19  : 0.0050 0.0020 0.9860 0.0030 0.0040
1738     1738   (0)     19  : 0.1160 0.0190 0.8350 0.0120 0.0180
1739     1739   (0)     19  : 0.0030 0.0020 0.9880 0.0030 0.0040
1740     1740   (0)     19  : 0.0060 0.0060 0.8771 0.0080 0.1029
1741     1741   (0)     19  : 0.0030 0.0040 0.9850 0.0040 0.0040
1742     1742   (0)     19  : 0.0835 0.0210 0.7719 0.0930 0.0305
1743     1743   (0)     19  : 0.0280 0.0040 0.9580 0.0040 0.0060
1744     1744   (0)     19  : 0.0380 0.0040 0.9490 0.0050 0.0040
1745     1745   (0)     19  : 0.0060 0.0025 0.9835 0.0040 0.0040
1746     1746   (0)     19  : 0.0170 0.0030 0.9690 0.0040 0.0070
1747     1747   (0)     19  : 0.0030 0.0020 0.9900 0.0020 0.0030
1748     1748   (0)     19  : 0.0070 0.0435 0.9275 0.0150 0.0070
1749     1749   (0)     19  : 0.0040 0.0020 0.9890 0.0020 0.0030
1750     1750   (0)     19  : 0.0445 0.0030 0.9285 0.0150 0.0090
1751     1751   (0)     20  : 0.0450 0.0030 0.0200 0.9280 0.0040
1752     1752   (0)     20  : 0.0220 0.0030 0.0340 0.9339 0.0070
1753     1753   (0)     20  : 0.0050 0.0060 0.2059 0.7691 0.0140
1754     1754   (0)     20  : 0.0040 0.0030 0.0040 0.9820 0.0070
1755     1755   (0)     20  : 0.0210 0.0030 0.0070 0.9650 0.0040
1756     1756   (0)     20  : 0.0885 0.0210 0.0105 0.8620 0.0180
1757     1757   (0)     20  : 0.2420 0.0060 0.0130 0.7340 0.0050
1758     1758   (0)     20  : 0.1021 0.0040 0.1091 0.7768 0.0080
1759     1759   (0)     20  : 0.0110 0.0160 0.0200 0.9365 0.0165
1760     1760   (0)     20  : 0.0400 0.0100 0.0160 0.9289 0.0050
1761     1761   (0)     20  : 0.0635 0.0030 0.0040 0.9245 0.0050
1762     1762   (0)     20  : 0.0200 0.0155 0.0050 0.9535 0.0060
1763     1763   (0)     20  : 0.0040 0.0080 0.0320 0.9310 0.0250
1764     1764   (0)     20  : 0.1126 0.0050 0.0080 0.8483 0.0260
1765     1765   (0)     20  : 0.0080 0.0190 0.0050 0.9590 0.0090
1766     1766   (0)     20  : 0.0190 0.0030 0.0120 0.9580 0.0080
1767     1767   (0)     20  : 0.0070 0.0220 0.0190 0.9440 0.0080
1768     1768   (0)     20  : 0.0040 0.0050 0.0070 0.9790 0.0050
1769     1769   (0)     20  : 0.0155 0.0290 0.0040 0.9270 0.0245
1770     1770   (0)     20  : 0.1141 0.0080 0.0811 0.7858 0.0110
1771     1771   (0)     20  : 0.0250 0.0040 0.0265 0.9275 0.0170
1772     1772   (0)     20  : 0.0531 0.0040 0.0210 0.9119 0.0100
1773     1773   (0)     20  : 0.0060 0.0140 0.0120 0.9580 0.0100
1774     1774   (0)     20  : 0.0745 0.0040 0.0925 0.8199 0.0090
1775     1775   (0)     20  : 0.0540 0.0030 0.0040 0.9330 0.0060
1776     1776   (0)     20  : 0.1549 0.0070 0.0205 0.8086 0.0090
1777     1777   (0)     20  : 0.0040 0.0040 0.0470 0.9360 0.0090
1778     1778   (0)     20  : 0.1470 0.0050 0.0050 0.8260 0.0170
1779     1779   (0)     20  : 0.0100 0.0100 0.0160 0.9570 0.0070
1780     1780   (0)     20  : 0.0100 0.0110 0.0140 0.9570 0.0080
1781     1781   (0)     20  : 0.0260 0.0060 0.0085 0.9475 0.0120
1782     1782   (0)     20  : 0.0450 0.0160 0.1650 0.5345 0.2395
1783     1783   (0)     20  : 0.0230 0.0020 0.0230 0.9480 0.0040
1784     1784   (0)     20  : 0.1661 0.0050 0.0090 0.7684 0.0515
1785     1785   (0)     20  : 0.0040 0.0050 0.0150 0.9660 0.0100
1786     1786   (0)     20  : 0.0040 0.0190 0.0080 0.9430 0.0260
1787     1787   (0)     20  : 0.0090 0.0160 0.0070 0.9411 0.0270
1788     1788   (0)     20  : 0.0140 0.0050 0.0050 0.9720 0.0040
1789     1789   (0)     20  : 0.2135 0.0090 0.0060 0.7625 0.0090
1790     1790   (0)     20  : 0.1565 0.0070 0.0085 0.7900 0.0380
1791     1791   (0)     20  : 0.0771 0.0225 0.0060 0.8759 0.0185
1792     1792   (0)     20  : 0.0080 0.0060 0.0225 0.9515 0.0120
1793     1793   (0)     20  : 0.0090 0.0755 0.0410 0.8651 0.0095
1794     1794   (0)     20  : 0.0140 0.0050 0.0070 0.9660 0.0080
1795     1795   (0)     20  : 0.1514 0.0050 0.0040 0.8166 0.0230
1796     1796   (0)     20  : 0.0230 0.0050 0.0140 0.9455 0.0125
1797     1797   (0)     20  : 0.0070 0.0080 0.0070 0.9680 0.0100
1798     1798   (0)     20  : 0.0584 0.0524 0.0185 0.8457 0.0250
1799     1799   (0)     20  : 0.0485 0.0060 0.0230 0.9065 0.0160
1800     1800   (0)     20  : 0.0220 0.0050 0.0785 0.8866 0.0080
1801     1801   (0)     20  : 0.0030 0.0040 0.0090 0.9760 0.0080
1802     1802   (0)     20  : 0.0060 0.0060 0.0125 0.9655 0.0100
1803     1803   (0)     20  : 0.0090 0.0080 0.0540 0.9170 0.0120
1804     1804   (0)     20  : 0.0100 0.0070 0.0140 0.9560 0.0130
1805     1805   (0)     20  : 0.0160 0.0190 0.0100 0.9490 0.0060
1806     1806   (0)     20  : 0.0120 0.0075 0.0070 0.9645 0.0090
1807     1807   (0)     20  : 0.0340 0.0060 0.0230 0.9291 0.0080
1808     1808   (0)     20  : 0.0120 0.0080 0.0060 0.9650 0.0090
1809     1809   (0)     20  : 0.1601 0.0045 0.0080 0.8214 0.0060
1810     1810   (0)     20  : 0.0490 0.0450 0.0940 0.8040 0.0080
1811     1811   (0)     20  : 0.2345 0.0140 0.0100 0.7375 0.0040
1812     1812   (0)     20  : 0.0640 0.0070 0.0070 0.9120 0.0100
1813     1813   (0)     20  : 0.0360 0.0060 0.0210 0.8990 0.0380
1814     1814   (0)     20  : 0.0510 0.0080 0.0180 0.8021 0.1209
1815     1815   (0)     20  : 0.1978 0.0030 0.0854 0.6708 0.0430
1816     1816   (0)     20  : 0.0380 0.0080 0.0465 0.8966 0.0110
1817     1817   (0)     20  : 0.0640 0.0040 0.0060 0.9140 0.0120
1818     1818   (0)     20  : 0.1700 0.0090 0.0100 0.8010 0.0100
1819     1819   (0)     20  : 0.1226 0.0090 0.0070 0.8444 0.0170
1820     1820   (0)     20  : 0.0460 0.0160 0.1131 0.7848 0.0400
1821     1821   (0)     20  : 0.0200 0.0070 0.0090 0.9495 0.0145
1822     1822   (0)     20  : 0.0711 0.0090 0.0400 0.8749 0.0050
1823     1823   (0)     20  : 0.0995 0.0040 0.0160 0.8755 0.0050
1824     1824   (0)     20  : 0.0529 0.0050 0.0060 0.9261 0.0100
1825     1825   (0)     20  : 0.0100 0.0050 0.0335 0.9405 0.0110
1826     1826   (0)     20  : 0.0040 0.0080 0.0090 0.9720 0.0070
1827     1827   (0)     20  : 0.1024 0.0040 0.0115 0.8751 0.0070
1828     1828   (0)     20  : 0.0960 0.0040 0.0040 0.8901 0.0060
1829     1829   (0)     20  : 0.0060 0.0100 0.1919 0.7586 0.0335
1830     1830   (0)     20  : 0.0060 0.0050 0.1194 0.8646 0.0050
1831     1831   (0)     20  : 0.0300 0.0100 0.0170 0.9370 0.0060
1832     1832   (0)     20  : 0.0830 0.0270 0.0150 0.8680 0.0070
1833     1833   (0)     20  : 0.0070 0.0200 0.0050 0.9490 0.0190
1834     1834   (0)     20  : 0.0110 0.0040 0.0090 0.9710 0.0050
1835     1835   (0)     20  : 0.1619 0.0075 0.0110 0.8096 0.0100
1836     1836   (0)     20  : 0.0040 0.0100 0.0120 0.9640 0.0100
1837     1837   (0)     20  : 0.0050 0.0050 0.0060 0.9800 0.0040
1838     1838   (0)     20  : 0.0850 0.0030 0.0260 0.8760 0.0100
1839     1839   (0)     20  : 0.0310 0.0030 0.0070 0.8640 0.0950
1840     1840   (0)     20  : 0.0065 0.0080 0.0130 0.9305 0.0420
1841     1841   (0)     20  : 0.0060 0.0060 0.1630 0.8135 0.0115
1842     1842   (0)     20  : 0.0030 0.0090 0.0050 0.9780 0.0050
1843     1843   (0)     20  : 0.0090 0.0030 0.0050 0.9760 0.0070
1844     1844   (0)     20  : 0.0090 0.0030 0.2520 0.7300 0.0060
1845     1845   (0)     20  : 0.0100 0.0110 0.0230 0.9489 0.0070
1846     1846   (0)     20  : 0.0110 0.0130 0.0155 0.9495 0.0110
1847     1847   (0)     20  : 0.0160 0.0100 0.0090 0.9550 0.0100
1848     1848   (0)     20  : 0.0140 0.0270 0.0040 0.9440 0.0110
1849     1849   (0)     20  : 0.0080 0.0175 0.0090 0.9485 0.0170
1850     1850   (0)     20  : 0.0470 0.0170 0.0060 0.9189 0.0110
1851     1851  (10)     21  : 0.0040 0.0050 0.0040 0.9600 0.0270
1852     1852   (0)     21  : 0.0040 0.0050 0.0050 0.9810 0.0050
1853     1853   (0)     21  : 0.0120 0.0980 0.0050 0.8781 0.0070
1854     1854   (0)     21  : 0.0040 0.0100 0.0050 0.9720 0.0090
1855     1855   (0)     21  : 0.0060 0.0050 0.0635 0.9080 0.0175
1856     1856   (5)     21  : 0.0040 0.0050 0.0575 0.7191 0.2144
1857     1857   (0)     21  : 0.0040 0.0050 0.0030 0.9565 0.0315
1858     1858   (0)     21  : 0.0050 0.0020 0.0050 0.9770 0.0110
1859     1859   (0)     21  : 0.0030 0.2585 0.0050 0.7215 0.0120
1860     1860   (0)     21  : 0.0250 0.0030 0.0150 0.6492 0.3078
1861     1861   (0)     21  : 0.0030 0.5050 0.0050 0.4830 0.0040
1862     1862   (0)     21  : 0.0040 0.0110 0.0030 0.9750 0.0070
1863     1863   (0)     21  : 0.0030 0.0340 0.0030 0.8245 0.1355
1864     1864   (0)     21  : 0.0070 0.0040 0.0150 0.9620 0.0120
1865     1865   (5)     21  : 0.0050 0.0410 0.0030 0.9200 0.0310
1866     1866   (0)     21  : 0.0080 0.0080 0.0040 0.9001 0.0799
1867     1867   (0)     21  : 0.0070 0.0160 0.0060 0.9620 0.0090
1868     1868   (0)     21  : 0.0030 0.0150 0.0040 0.9680 0.0100
1869     1869   (0)     21  : 0.0040 0.0060 0.0060 0.9730 0.0110
1870     1870   (0)     21  : 0.0030 0.0045 0.0030 0.9825 0.0070
1871     1871   (0)     21  : 0.0030 0.0040 0.0040 0.9790 0.0100
1872     1872   (5)     21  : 0.0050 0.0175 0.0070 0.9475 0.0230
1873     1873   (5)     21  : 0.0060 0.1550 0.0040 0.8160 0.0190
1874     1874   (5)     21  : 0.0060 0.0165 0.0470 0.7595 0.1710
1875     1875   (0)     21  : 0.0060 0.0030 0.0080 0.9690 0.0140
1876     1876   (0)     21  : 0.0030 0.0040 0.0040 0.7010 0.2880
1877     1877   (0)     21  : 0.0040 0.0200 0.0045 0.9445 0.0270
1878     1878   (0)     21  : 0.0050 0.0030 0.0120 0.9730 0.0070
1879     1879   (0)     21  : 0.0030 0.0070 0.0040 0.9790 0.0070
1880     1880   (0)     21  : 0.0065 0.0130 0.0040 0.9710 0.0055
1881     1881   (0)     21  : 0.0070 0.0840 0.0050 0.8949 0.0090
1882     1882   (0)     21  : 0.0040 0.0520 0.0030 0.8909 0.0500
1883     1883   (0)     21  : 0.0040 0.0050 0.0050 0.9800 0.0060
1884     1884   (0)     21  : 0.0070 0.0395 0.0155 0.6772 0.2609
1885     1885   (0)     21  : 0.0040 0.0040 0.0050 0.9740 0.0130
1886     1886   (0)     21  : 0.0050 0.0505 0.0070 0.9325 0.0050
1887     1887   (5)     21  : 0.0055 0.0165 0.0060 0.9595 0.0125
1888     1888   (0)     21  : 0.0090 0.0100 0.0030 0.9680 0.0100
1889     1889   (0)     21  : 0.0040 0.0100 0.0050 0.9680 0.0130
1890     1890   (0)     21  : 0.0070 0.0130 0.0050 0.9615 0.0135
1891     1891   (0)     21  : 0.0060 0.0140 0.0060 0.9490 0.0250
1892     1892   (0)     21  : 0.0090 0.0205 0.0080 0.9435 0.0190
1893     1893   (5)     21  : 0.0040 0.0130 0.0040 0.9740 0.0050
1894     1894   (5)     21  : 0.0050 0.0080 0.0070 0.9760 0.0040
1895     1895   (5)     21  : 0.0030 0.0250 0.0060 0.9600 0.0060
1896     1896   (5)     21  : 0.0050 0.0220 0.0050 0.9610 0.0070
1897     1897   (5)     21  : 0.0100 0.0255 0.0060 0.9435 0.0150
1898     1898   (5)     21  : 0.0130 0.0120 0.0050 0.9600 0.0100
1899     1899   (0)     21  : 0.0050 0.0150 0.0290 0.8101 0.1409
1900     1900   (5)     21  : 0.0030 0.0110 0.0030 0.9760 0.0070
1901     1901   (0)     21  : 0.0040 0.0090 0.0100 0.2632 0.7138
1902     1902   (0)     21  : 0.0080 0.1136 0.0090 0.7339 0.1356
1903     1903   (0)     21  : 0.0030 0.0630 0.0030 0.8930 0.0380
1904     1904   (0)     21  : 0.0030 0.0050 0.0030 0.9790 0.0100
1905     1905   (0)     21  : 0.0040 0.0070 0.0250 0.9264 0.0375
1906     1906   (0)     21  : 0.0040 0.0120 0.0040 0.8477 0.1324
1907     1907   (0)     21  : 0.0040 0.0190 0.0050 0.9475 0.0245
1908     1908   (0)     21  : 0.0055 0.0080 0.0060 0.8200 0.1605
1909     1909   (0)     21  : 0.0030 0.1390 0.0040 0.7590 0.0950
1910     1910   (0)     21  : 0.0080 0.0120 0.0030 0.8645 0.1125
1911     1911   (0)     21  : 0.0040 0.0040 0.0120 0.7741 0.2059
1912     1912   (0)     21  : 0.0030 0.0030 0.9870 0.0040 0.0030
1913     1913   (0)     21  : 0.0020 0.0110 0.0040 0.9690 0.0140
1914     1914   (0)     21  : 0.0030 0.0080 0.0040 0.9690 0.0160
1915     1915   (0)     21  : 0.0060 0.0080 0.0040 0.8666 0.1154
1916     1916   (0)     21  : 0.0040 0.0050 0.0400 0.8816 0.0694
1917     1917   (0)     21  : 0.0030 0.0030 0.0070 0.9760 0.0110
1918     1918   (0)     21  : 0.0060 0.2522 0.0649 0.6678 0.0090
1919     1919   (0)     21  : 0.0050 0.0315 0.0050 0.9485 0.0100
1920     1920   (0)     21  : 0.0030 0.0240 0.0030 0.9630 0.0070
1921     1921   (0)     21  : 0.0030 0.0050 0.0050 0.9795 0.0075
1922     1922   (0)     21  : 0.0030 0.0050 0.0050 0.9800 0.0070
1923     1923   (0)     21  : 0.0070 0.0090 0.0040 0.9660 0.0140
1924     1924   (0)     21  : 0.0070 0.0060 0.0180 0.9610 0.0080
1925     1925   (0)     21  : 0.0040 0.0080 0.0060 0.9600 0.0220
1926     1926   (0)     21  : 0.0030 0.0070 0.0050 0.8811 0.1039
1927     1927   (0)     21  : 0.0040 0.0040 0.0070 0.9454 0.0395
1928     1928   (0)     21  : 0.0060 0.0690 0.0040 0.9140 0.0070
1929     1929   (0)     21  : 0.0080 0.0845 0.0090 0.8825 0.0160
1930     1930   (0)     21  : 0.0060 0.0060 0.0060 0.7635 0.2185
1931     1931   (0)     21  : 0.0025 0.7592 0.0050 0.2298 0.0035
1932     1932   (0)     21  : 0.0040 0.0050 0.0040 0.9785 0.0085
1933     1933   (0)     21  : 0.0040 0.0060 0.0060 0.9765 0.0075
1934     1934   (0)     21  : 0.0040 0.0080 0.0050 0.9770 0.0060
1935     1935   (0)     21  : 0.0025 0.0050 0.0050 0.9795 0.0080
1936     1936   (0)     21  : 0.0030 0.0040 0.0050 0.9840 0.0040
1937     1937   (0)     21  : 0.0030 0.0030 0.0070 0.9810 0.0060
1938     1938   (0)     21  : 0.0040 0.0245 0.0040 0.8970 0.0705
1939     1939   (0)     21  : 0.0040 0.0190 0.0070 0.7431 0.2269
1940     1940   (0)     21  : 0.0030 0.0100 0.0080 0.9690 0.0100
1941     1941   (0)     21  : 0.0040 0.0130 0.0030 0.9481 0.0320
1942     1942   (0)     21  : 0.0040 0.0040 0.0050 0.9820 0.0050
1943     1943  (10)     21  : 0.0050 0.6707 0.0060 0.3073 0.0110
1944     1944   (0)     21  : 0.0040 0.0120 0.0050 0.9740 0.0050
1945     1945   (0)     21  : 0.0040 0.0070 0.0030 0.9810 0.0050
1946     1946   (0)     21  : 0.0040 0.0775 0.0040 0.9085 0.0060
1947     1947   (0)     21  : 0.0070 0.0410 0.0100 0.9360 0.0060
1948     1948   (0)     21  : 0.0050 0.0050 0.0040 0.9760 0.0100
1949     1949   (0)     21  : 0.0030 0.0060 0.0060 0.9780 0.0070
1950     1950   (0)     21  : 0.0060 0.0380 0.0260 0.7640 0.1660
1951     1951   (0)     21  : 0.0030 0.0040 0.0030 0.9830 0.0070
1952     1952   (0)     21  : 0.0020 0.0080 0.0030 0.9780 0.0090
1953     1953   (0)     21  : 0.0055 0.0290 0.0060 0.9405 0.0190
1954     1954   (0)     21  : 0.0030 0.0070 0.0040 0.9790 0.0070
1955     1955   (0)     21  : 0.0030 0.0145 0.0030 0.9715 0.0080
1956     1956   (0)     22  : 0.0325 0.0100 0.0030 0.9005 0.0540
1957     1957  (10)     22  : 0.0110 0.0330 0.0040 0.9240 0.0280
1958     1958  (10)     22  : 0.0080 0.0110 0.0210 0.9405 0.0195
1959     1959   (5)     22  : 0.0030 0.0110 0.0030 0.9760 0.0070
1960     1960   (5)     22  : 0.0040 0.0500 0.0070 0.9271 0.0120
1961     1961   (0)     22  : 0.0030 0.0180 0.0060 0.9620 0.0110
1962     1962   (5)     22  : 0.0030 0.0370 0.0120 0.9440 0.0040
1963     1963   (5)     22  : 0.0040 0.1606 0.0030 0.8209 0.0115
1964     1964   (0)     22  : 0.0030 0.0185 0.0030 0.9695 0.0060
1965     1965   (0)     22  : 0.0040 0.0130 0.0040 0.9520 0.0270
1966     1966   (0)     22  : 0.0040 0.0130 0.0040 0.9520 0.0270
1967     1967   (0)     22  : 0.0030 0.0080 0.0050 0.8588 0.1252
1968     1968   (0)     22  : 0.0040 0.0070 0.0100 0.9670 0.0120
1969     1969   (5)     22  : 0.0030 0.0140 0.0040 0.9540 0.0250
1970     1970   (5)     22  : 0.0230 0.0090 0.0120 0.9450 0.0110
1971     1971  (10)     22  : 0.0080 0.0270 0.0040 0.5447 0.4163
1972     1972   (0)     22  : 0.0040 0.0110 0.0050 0.8885 0.0915
1973     1973   (5)     22  : 0.0130 0.0741 0.0220 0.7487 0.1421
1974     1974   (5)     22  : 0.0040 0.0050 0.0095 0.9705 0.0110
1975     1975   (0)     22  : 0.0030 0.0055 0.0060 0.9665 0.0190
1976     1976   (5)     22  : 0.0030 0.0420 0.0040 0.7185 0.2325
1977     1977   (0)     22  : 0.0090 0.0050 0.0090 0.9660 0.0110
1978     1978   (5)     22  : 0.0020 0.0200 0.0100 0.9630 0.0050
1979     1979   (0)     22  : 0.0040 0.0715 0.0040 0.9100 0.0105
1980     1980   (0)     22  : 0.0060 0.0455 0.0080 0.9355 0.0050
1981     1981   (0)     22  : 0.0130 0.0120 0.0280 0.9350 0.0120
1982     1982   (0)     22  : 0.0040 0.0765 0.0035 0.8999 0.0160
1983     1983   (0)     22  : 0.0030 0.0230 0.0030 0.9520 0.0190
1984     1984   (0)     22  : 0.0050 0.1481 0.0030 0.8389 0.0050
1985     1985   (0)     22  : 0.0135 0.0260 0.0140 0.9405 0.0060
1986     1986   (0)     22  : 0.0080 0.0060 0.0080 0.9720 0.0060
1987     1987   (0)     22  : 0.0070 0.1110 0.0030 0.8680 0.0110
1988     1988   (0)     22  : 0.0030 0.0110 0.0030 0.9790 0.0040
1989     1989   (0)     22  : 0.0070 0.0070 0.0050 0.9605 0.0205
1990     1990   (0)     22  : 0.0070 0.0065 0.0055 0.9720 0.0090
1991     1991   (0)     22  : 0.0030 0.0080 0.0040 0.9520 0.0330
1992     1992   (0)     22  : 0.0110 0.0050 0.0050 0.9565 0.0225
1993     1993   (0)     22  : 0.0030 0.0060 0.0030 0.9770 0.0110
1994     1994   (5)     22  : 0.0050 0.0110 0.0100 0.9055 0.0685
1995     1995   (5)     22  : 0.0040 0.0240 0.0100 0.9540 0.0080
1996     1996   (0)     22  : 0.0050 0.0040 0.0110 0.9710 0.0090
1997     1997  (15)     22  : 0.0090 0.0090 0.0130 0.9480 0.0210
1998     1998  (10)     22  : 0.0030 0.0470 0.0040 0.9390 0.0070
1999     1999  (10)     22  : 0.0040 0.0095 0.0050 0.9475 0.0340
2000     2000  (10)     22  : 0.0040 0.0100 0.0060 0.9570 0.0230
2001     2001   (5)     22  : 0.0040 0.0100 0.0080 0.9620 0.0160
2002     2002   (5)     22  : 0.0030 0.0250 0.0040 0.7739 0.1941
2003     2003   (5)     22  : 0.0040 0.0040 0.0070 0.9700 0.0150
2004     2004   (5)     22  : 0.0040 0.0235 0.0050 0.9525 0.0150
2005     2005   (5)     22  : 0.0030 0.0070 0.0050 0.9670 0.0180
2006     2006   (5)     22  : 0.0050 0.0090 0.0060 0.9006 0.0794
2007     2007  (15)     22  : 0.0090 0.0110 0.0110 0.7110 0.2580
2008     2008   (5)     22  : 0.0170 0.0140 0.0030 0.9340 0.0320
2009     2009   (5)     22  : 0.0040 0.0160 0.0040 0.7376 0.2384
2010     2010  (15)     22  : 0.0060 0.0385 0.0070 0.8355 0.1130
2011     2011   (5)     22  : 0.0290 0.0140 0.0070 0.9250 0.0250
2012     2012   (5)     22  : 0.0110 0.0215 0.0350 0.9205 0.0120
2013     2013   (5)     22  : 0.0050 0.0070 0.0070 0.8280 0.1530
2014     2014   (5)     22  : 0.0030 0.0290 0.0040 0.9510 0.0130
2015     2015  (10)     22  : 0.0060 0.0080 0.0080 0.9540 0.0240
2016     2016   (5)     22  : 0.0040 0.2135 0.0040 0.7005 0.0780
2017     2017   (5)     22  : 0.0040 0.0030 0.0060 0.9750 0.0120
2018     2018  (10)     22  : 0.0040 0.1346 0.0040 0.4507 0.4067
2019     2019  (10)     22  : 0.0050 0.0060 0.0060 0.9730 0.0100
2020     2020  (10)     22  : 0.0290 0.0130 0.0050 0.9090 0.0440
2021     2021  (10)     22  : 0.0140 0.0140 0.0090 0.9261 0.0370
2022     2022   (5)     22  : 0.0030 0.0165 0.0040 0.9480 0.0285
2023     2023  (10)     22  : 0.0050 0.0140 0.1496 0.8204 0.0110
2024     2024   (0)     22  : 0.0020 0.0415 0.0050 0.9464 0.0050
2025     2025   (5)     22  : 0.0040 0.0435 0.0050 0.9425 0.0050
2026     2026   (0)     22  : 0.0030 0.0120 0.0030 0.8810 0.1010
2027     2027   (0)     22  : 0.0030 0.0040 0.0030 0.9830 0.0070
2028     2028   (0)     22  : 0.0070 0.0110 0.0040 0.9425 0.0355
2029     2029   (0)     22  : 0.0110 0.0135 0.0050 0.9645 0.0060
2030     2030   (0)     22  : 0.0030 0.0080 0.0070 0.9075 0.0745
2031     2031   (0)     22  : 0.0090 0.0370 0.0030 0.9429 0.0080
2032     2032   (0)     22  : 0.0050 0.2367 0.0110 0.6642 0.0831
2033     2033  (10)     22  : 0.0080 0.0160 0.0040 0.9620 0.0100
2034     2034  (10)     22  : 0.0740 0.0080 0.0150 0.0550 0.8480
2035     2035   (0)     22  : 0.0235 0.0210 0.0040 0.8470 0.1045
2036     2036   (5)     22  : 0.0615 0.0070 0.0080 0.6288 0.2946
2037     2037   (0)     22  : 0.0050 0.0200 0.0070 0.8479 0.1201
2038     2038   (5)     22  : 0.0240 0.0100 0.0060 0.7954 0.1646
2039     2039   (5)     22  : 0.0030 0.0250 0.0070 0.9375 0.0275
2040     2040   (5)     22  : 0.0050 0.0380 0.0110 0.9320 0.0140
2041     2041  (10)     22  : 0.0030 0.0120 0.0025 0.9195 0.0630
2042     2042   (0)     22  : 0.0050 0.0060 0.0040 0.9210 0.0640
2043     2043   (0)     22  : 0.0035 0.0090 0.0040 0.9655 0.0180
2044     2044   (0)     22  : 0.0800 0.0060 0.0470 0.0635 0.8034
2045     2045   (0)     22  : 0.0040 0.0050 0.0100 0.9640 0.0170
2046     2046   (0)     22  : 0.0050 0.0110 0.0080 0.6897 0.2864
2047     2047   (0)     22  : 0.0040 0.0080 0.0050 0.9600 0.0230
2048     2048   (0)     22  : 0.0030 0.0795 0.0030 0.9075 0.0070
2049     2049   (0)     22  : 0.0050 0.0130 0.0080 0.9429 0.0310
2050     2050   (0)     22  : 0.0045 0.1304 0.0040 0.4598 0.4013
2051     2051   (0)     22  : 0.0050 0.0100 0.0050 0.9376 0.0425
2052     2052   (0)     22  : 0.0060 0.0060 0.0090 0.9220 0.0570
2053     2053   (0)     22  : 0.0290 0.0760 0.0110 0.4545 0.4295
2054     2054   (0)     22  : 0.0090 0.0160 0.0130 0.4928 0.4693
2055     2055   (0)     22  : 0.0140 0.0150 0.0330 0.4740 0.4640
2056     2056   (0)     22  : 0.0030 0.0280 0.0050 0.9560 0.0080
2057     2057   (0)     22  : 0.0120 0.0180 0.0030 0.9380 0.0290
2058     2058   (0)     22  : 0.0030 0.0120 0.0030 0.9730 0.0090
2059     2059   (5)     22  : 0.0060 0.0100 0.0070 0.9495 0.0275
2060     2060   (0)     22  : 0.0050 0.0370 0.0050 0.8113 0.1416
2061     2061   (5)     22  : 0.2920 0.0090 0.0480 0.0455 0.6055
2062     2062   (0)     22  : 0.0030 0.0060 0.0050 0.9765 0.0095
2063     2063   (0)     22  : 0.0140 0.2430 0.0135 0.6100 0.1195
2064     2064   (0)     22  : 0.0050 0.0170 0.0760 0.7910 0.1110
2065     2065   (0)     22  : 0.0050 0.0220 0.0050 0.8082 0.1598
2066     2066   (0)     22  : 0.0030 0.0140 0.0040 0.9570 0.0220
2067     2067   (0)     22  : 0.0030 0.0120 0.0080 0.9730 0.0040
2068     2068   (0)     22  : 0.0040 0.1051 0.0030 0.8779 0.0100
2069     2069   (0)     22  : 0.0040 0.0100 0.0020 0.7566 0.2274
2070     2070   (0)     22  : 0.0060 0.0110 0.0080 0.9401 0.0350
2071     2071   (0)     22  : 0.0040 0.0070 0.0050 0.9720 0.0120
2072     2072   (0)     22  : 0.0110 0.1061 0.0060 0.4397 0.4372
2073     2073   (0)     22  : 0.0030 0.0070 0.0070 0.9670 0.0160
2074     2074   (0)     22  : 0.0155 0.0080 0.0040 0.9040 0.0685
2075     2075   (5)     22  : 0.0050 0.0130 0.0100 0.4645 0.5075
2076     2076   (0)     22  : 0.0120 0.0310 0.0070 0.8725 0.0775
2077     2077   (0)     22  : 0.0050 0.0280 0.0110 0.8721 0.0839
2078     2078   (0)     22  : 0.0105 0.0120 0.0040 0.9645 0.0090
2079     2079  (10)     22  : 0.0040 0.0375 0.0030 0.7624 0.1931
2080     2080   (0)     22  : 0.0040 0.0080 0.0020 0.9750 0.0110
2081     2081   (0)     22  : 0.0030 0.0090 0.0020 0.9770 0.0090
2082     2082   (0)     22  : 0.0125 0.0190 0.0040 0.7509 0.2136
2083     2083  (10)     22  : 0.0030 0.0070 0.0030 0.9490 0.0380
2084     2084   (5)     22  : 0.0040 0.0070 0.0080 0.5430 0.4381
2085     2085   (0)     22  : 0.0050 0.0100 0.0040 0.9680 0.0130
2086     2086   (5)     22  : 0.0060 0.0090 0.0050 0.9640 0.0160
2087     2087   (5)     22  : 0.0030 0.0050 0.0020 0.9850 0.0050
2088     2088  (10)     22  : 0.0050 0.0070 0.0070 0.9600 0.0210
2089     2089   (0)     22  : 0.0030 0.0180 0.0030 0.9670 0.0090
2090     2090   (5)     22  : 0.0130 0.0070 0.0275 0.9435 0.0090
2091     2091  (10)     22  : 0.0040 0.0195 0.0040 0.9166 0.0559
2092     2092   (0)     22  : 0.0090 0.0090 0.0060 0.9520 0.0240
2093     2093   (0)     22  : 0.0090 0.0105 0.0040 0.9575 0.0190
2094     2094   (0)     22  : 0.0050 0.0060 0.0125 0.9675 0.0090
2095     2095   (0)     22  : 0.0070 0.0270 0.0895 0.8626 0.0140
2096     2096   (0)     22  : 0.0030 0.0140 0.0030 0.9750 0.0050
2097     2097   (0)     22  : 0.0080 0.0050 0.0030 0.9750 0.0090
2098     2098   (0)     22  : 0.0040 0.0250 0.0050 0.9590 0.0070
2099     2099   (0)     22  : 0.0030 0.0170 0.0060 0.9680 0.0060
2100     2100   (0)     22  : 0.0030 0.0150 0.0030 0.9700 0.0090
2101     2101   (5)     22  : 0.0120 0.0050 0.0150 0.9410 0.0270
2102     2102   (0)     22  : 0.0030 0.0110 0.0030 0.9670 0.0160
2103     2103   (0)     22  : 0.0050 0.2334 0.0185 0.7371 0.0060
2104     2104   (0)     22  : 0.0040 0.0060 0.0080 0.9700 0.0120
2105     2105   (5)     22  : 0.0070 0.0270 0.0050 0.9060 0.0550
2106     2106   (0)     22  : 0.0070 0.0150 0.0030 0.9490 0.0260
2107     2107   (0)     22  : 0.0095 0.0200 0.0120 0.8681 0.0905
2108     2108   (0)     22  : 0.0030 0.0150 0.0050 0.9720 0.0050
2109     2109   (0)     22  : 0.0030 0.0290 0.0080 0.8329 0.1271
2110     2110   (0)     22  : 0.0040 0.0070 0.0100 0.9660 0.0130
2111     2111   (0)     22  : 0.0050 0.0320 0.0080 0.9491 0.0060
2112     2112   (0)     22  : 0.0070 0.0070 0.0020 0.9730 0.0110
2113     2113   (0)     22  : 0.0050 0.0100 0.0080 0.9660 0.0110
2114     2114   (0)     22  : 0.0040 0.0135 0.0050 0.9705 0.0070
2115     2115   (0)     22  : 0.0100 0.0080 0.0100 0.9540 0.0180
2116     2116   (0)     22  : 0.0030 0.3128 0.0030 0.2558 0.4254
2117     2117   (0)     22  : 0.0030 0.0120 0.0020 0.9780 0.0050
2118     2118   (0)     22  : 0.0050 0.0070 0.0050 0.9176 0.0654
2119     2119   (0)     22  : 0.0030 0.0060 0.0040 0.9780 0.0090
2120     2120   (0)     22  : 0.0030 0.0090 0.0030 0.9535 0.0315
2121     2121   (0)     22  : 0.0030 0.0070 0.0030 0.9810 0.0060
2122     2122   (0)     22  : 0.0040 0.0090 0.0080 0.9695 0.0095
2123     2123   (0)     22  : 0.0100 0.0090 0.0070 0.9615 0.0125
2124     2124   (0)     22  : 0.0050 0.0090 0.0040 0.9740 0.0080
2125     2125   (0)     22  : 0.0040 0.0050 0.0040 0.9790 0.0080
2126     2126  (10)     22  : 0.0070 0.0100 0.0040 0.9439 0.0350
2127     2127   (5)     22  : 0.0030 0.0345 0.1221 0.7929 0.0475
2128     2128  (10)     22  : 0.0060 0.0075 0.0060 0.9485 0.0320
2129     2129   (5)     22  : 0.1170 0.0420 0.0350 0.7350 0.0710
2130     2130  (10)     22  : 0.0040 0.0150 0.0040 0.9630 0.0140
2131     2131  (10)     22  : 0.0050 0.0510 0.0070 0.9270 0.0100
2132     2132   (0)     22  : 0.0070 0.0220 0.0200 0.9450 0.0060
2133     2133   (5)     22  : 0.0060 0.0150 0.0040 0.9670 0.0080
2134     2134   (5)     22  : 0.0220 0.0065 0.0070 0.9475 0.0170
2135     2135  (10)     22  : 0.0070 0.0245 0.0210 0.9395 0.0080
2136     2136   (0)     22  : 0.0040 0.0220 0.0030 0.9580 0.0130
2137     2137   (0)     22  : 0.0050 0.0080 0.0040 0.9700 0.0130
2138     2138   (0)     22  : 0.0040 0.0060 0.0030 0.9810 0.0060
2139     2139   (0)     22  : 0.0060 0.0070 0.0030 0.9700 0.0140
2140     2140   (0)     22  : 0.0270 0.2267 0.0030 0.7022 0.0410
2141     2141   (0)     22  : 0.0310 0.0030 0.0040 0.8516 0.1104
2142     2142   (0)     22  : 0.1254 0.0100 0.0040 0.8511 0.0095
2143     2143   (0)     22  : 0.0030 0.0030 0.0040 0.9800 0.0100
2144     2144   (0)     22  : 0.0030 0.0060 0.0070 0.9710 0.0130
2145     2145   (5)     22  : 0.0125 0.0070 0.0160 0.2914 0.6732
2146     2146   (0)     22  : 0.0110 0.0130 0.0395 0.4180 0.5185
2147     2147   (0)     22  : 0.0040 0.0430 0.0070 0.2018 0.7443
2148     2148  (10)     22  : 0.0060 0.0205 0.0070 0.2456 0.7209
2149     2149   (5)     22  : 0.0085 0.0830 0.0080 0.7680 0.1325
2150     2150   (0)     22  : 0.0030 0.0075 0.0060 0.9165 0.0670
2151     2151   (5)     22  : 0.0050 0.0080 0.0050 0.0135 0.9685
2152     2152   (5)     22  : 0.0060 0.0170 0.0060 0.9530 0.0180
2153     2153   (0)     22  : 0.0040 0.0220 0.0040 0.9580 0.0120
2154     2154   (0)     22  : 0.1005 0.0190 0.0110 0.8110 0.0585
2155     2155   (0)     22  : 0.0040 0.0100 0.0040 0.9740 0.0080
2156     2156   (0)     22  : 0.0070 0.0050 0.0090 0.6315 0.3475
2157     2157   (0)     22  : 0.0030 0.0625 0.0040 0.5687 0.3618
2158     2158   (0)     22  : 0.0130 0.0210 0.0040 0.8981 0.0639
2159     2159   (0)     22  : 0.0030 0.0100 0.0050 0.9715 0.0105
2160     2160   (0)     22  : 0.0030 0.0040 0.0040 0.9835 0.0055
2161     2161   (0)     22  : 0.0030 0.0085 0.0030 0.9520 0.0335
2162     2162   (0)     22  : 0.0030 0.0090 0.0030 0.9770 0.0080
2163     2163   (0)     22  : 0.0110 0.0140 0.0110 0.9560 0.0080
2164     2164   (0)     22  : 0.0030 0.0060 0.0070 0.9790 0.0050
2165     2165   (0)     22  : 0.0030 0.0040 0.0090 0.9690 0.0150
2166     2166   (0)     22  : 0.0040 0.0030 0.0060 0.9750 0.0120
2167     2167   (0)     22  : 0.0050 0.0405 0.0050 0.9445 0.0050
2168     2168   (0)     22  : 0.0060 0.0150 0.0140 0.9600 0.0050
2169     2169   (0)     22  : 0.0050 0.0405 0.0050 0.9445 0.0050
2170     2170   (0)     22  : 0.0030 0.0040 0.0040 0.9840 0.0050
2171     2171   (0)     22  : 0.0030 0.0040 0.0050 0.9840 0.0040
2172     2172   (0)     22  : 0.0020 0.0050 0.0030 0.9850 0.0050
2173     2173   (0)     22  : 0.0020 0.0050 0.0020 0.9860 0.0050
2174     2174   (0)     22  : 0.0040 0.1254 0.0030 0.7031 0.1644
2175     2175   (0)     22  : 0.0030 0.0815 0.0030 0.7185 0.1940
2176     2176   (0)     22  : 0.0130 0.0350 0.0050 0.9390 0.0080
2177     2177   (0)     22  : 0.0675 0.0410 0.0100 0.7775 0.1040
2178     2178   (0)     22  : 0.0030 0.0070 0.0040 0.9780 0.0080
2179     2179   (0)     22  : 0.0180 0.0130 0.0400 0.8540 0.0750
2180     2180   (0)     22  : 0.0040 0.0525 0.0040 0.8480 0.0915
2181     2181   (0)     22  : 0.0030 0.0090 0.0090 0.9630 0.0160
2182     2182   (0)     22  : 0.0030 0.0090 0.0040 0.9355 0.0485
2183     2183   (0)     22  : 0.0070 0.0155 0.0050 0.6648 0.3077
2184     2184   (0)     22  : 0.0130 0.0525 0.0040 0.6728 0.2576
2185     2185   (0)     22  : 0.0040 0.0075 0.0090 0.9125 0.0670
2186     2186   (0)     22  : 0.0050 0.0175 0.0040 0.9575 0.0160
2187     2187   (0)     22  : 0.0030 0.0080 0.0020 0.9820 0.0050
2188     2188   (0)     22  : 0.0060 0.0495 0.0040 0.9315 0.0090
2189     2189   (0)     22  : 0.0040 0.0050 0.0040 0.9750 0.0120
2190     2190   (0)     22  : 0.0080 0.0120 0.0040 0.8435 0.1325
2191     2191   (0)     22  : 0.0060 0.0180 0.0050 0.7994 0.1716
2192     2192   (0)     22  : 0.0045 0.0060 0.0060 0.9625 0.0210
2193     2193   (0)     22  : 0.0040 0.0060 0.0030 0.9755 0.0115
2194     2194   (0)     22  : 0.0040 0.0080 0.0040 0.7582 0.2258
2195     2195   (0)     22  : 0.0030 0.0060 0.0040 0.9770 0.0100
2196     2196   (5)     23  : 0.0190 0.0075 0.0330 0.3530 0.5876
2197     2197   (0)     23  : 0.0040 0.0080 0.0125 0.3722 0.6033
2198     2198   (0)     23  : 0.0110 0.0550 0.0070 0.0375 0.8896
2199     2199   (0)     23  : 0.0110 0.0150 0.0040 0.0260 0.9440
2200     2200   (0)     23  : 0.0060 0.0330 0.0030 0.5180 0.4399
2201     2201   (0)     23  : 0.2380 0.0110 0.0370 0.2255 0.4885
2202     2202   (0)     23  : 0.0060 0.0110 0.0100 0.6045 0.3685
2203     2203   (0)     23  : 0.0180 0.0910 0.0060 0.7974 0.0875
2204     2204   (0)     23  : 0.0040 0.0250 0.0130 0.3585 0.5995
2205     2205   (0)     23  : 0.0050 0.0060 0.0040 0.9775 0.0075
2206     2206   (0)     23  : 0.0230 0.0140 0.0050 0.3180 0.6400
2207     2207   (0)     23  : 0.0050 0.0140 0.0030 0.6305 0.3475
2208     2208   (0)     23  : 0.0050 0.0250 0.0050 0.9025 0.0625
2209     2209   (0)     23  : 0.0040 0.0100 0.0070 0.0435 0.9355
2210     2210   (0)     23  : 0.0040 0.1485 0.0080 0.0785 0.7610
2211     2211   (0)     23  : 0.0030 0.0070 0.0030 0.9790 0.0080
2212     2212   (0)     23  : 0.0030 0.0060 0.0060 0.3272 0.6578
2213     2213   (0)     23  : 0.0080 0.0040 0.0030 0.2480 0.7370
2214     2214   (0)     23  : 0.0040 0.0040 0.0050 0.9600 0.0270
2215     2215   (0)     23  : 0.0140 0.0040 0.0105 0.9530 0.0185
2216     2216   (0)     23  : 0.0120 0.1709 0.0125 0.7896 0.0150
2217     2217   (0)     23  : 0.0050 0.0060 0.2065 0.7220 0.0605
2218     2218   (0)     23  : 0.0060 0.0320 0.0190 0.1600 0.7830
2219     2219   (0)     23  : 0.0070 0.0530 0.0105 0.0680 0.8616
2220     2220   (0)     23  : 0.0280 0.0040 0.0050 0.8740 0.0890
2221     2221   (0)     23  : 0.0060 0.0120 0.0190 0.7775 0.1855
2222     2222   (0)     23  : 0.0050 0.0470 0.0350 0.3190 0.5940
2223     2223   (0)     23  : 0.0060 0.0070 0.0080 0.0150 0.9640
2224     2224   (0)     23  : 0.0130 0.0540 0.0040 0.0670 0.8620
2225     2225   (0)     23  : 0.0100 0.0040 0.0110 0.4760 0.4990
2226     2226   (0)     23  : 0.0470 0.0545 0.0060 0.5193 0.3732
2227     2227  (10)     23  : 0.0090 0.0070 0.0060 0.9610 0.0170
2228     2228   (5)     23  : 0.0060 0.0380 0.0040 0.1525 0.7995
2229     2229   (0)     23  : 0.0070 0.0040 0.0250 0.2684 0.6957
2230     2230   (0)     23  : 0.0060 0.0030 0.0050 0.0465 0.9395
2231     2231   (0)     23  : 0.0275 0.0220 0.0070 0.1139 0.8297
2232     2232   (0)     23  : 0.0080 0.0060 0.0050 0.1614 0.8196
2233     2233   (0)     23  : 0.0240 0.0070 0.0070 0.4640 0.4980
2234     2234   (0)     23  : 0.0030 0.0030 0.0060 0.0455 0.9425
2235     2235   (0)     23  : 0.0265 0.0090 0.0050 0.0525 0.9070
2236     2236   (0)     23  : 0.0120 0.0040 0.0075 0.3372 0.6393
2237     2237   (0)     23  : 0.0020 0.0050 0.0110 0.0110 0.9710
2238     2238   (5)     23  : 0.0070 0.0060 0.0280 0.4410 0.5180
2239     2239   (0)     23  : 0.0110 0.0450 0.0090 0.1575 0.7775
2240     2240   (0)     23  : 0.0030 0.0070 0.0230 0.2304 0.7366
2241     2241   (0)     23  : 0.0040 0.0060 0.0080 0.5110 0.4710
2242     2242   (0)     23  : 0.0140 0.0110 0.0100 0.7362 0.2287
2243     2243   (0)     23  : 0.0030 0.0040 0.0110 0.1870 0.7950
2244     2244   (5)     23  : 0.0040 0.0110 0.1601 0.8114 0.0135
2245     2245   (0)     23  : 0.0110 0.0120 0.0595 0.0795 0.8379
2246     2246   (0)     23  : 0.0040 0.0440 0.0040 0.0090 0.9390
2247     2247   (0)     23  : 0.0030 0.0040 0.0250 0.0080 0.9600
2248     2248   (0)     23  : 0.0060 0.0120 0.0200 0.0250 0.9370
2249     2249   (0)     23  : 0.0040 0.0230 0.0060 0.9096 0.0574
2250     2250   (0)     23  : 0.0050 0.0130 0.0050 0.1495 0.8275
2251     2251   (5)     23  : 0.0105 0.0160 0.0080 0.5692 0.3963
2252     2252   (5)     23  : 0.0070 0.0050 0.1315 0.0500 0.8065
2253     2253   (0)     23  : 0.0040 0.0040 0.0050 0.0080 0.9790
2254     2254   (0)     23  : 0.0040 0.0110 0.0290 0.0595 0.8966
2255     2255   (0)     23  : 0.0090 0.0040 0.0130 0.1344 0.8397
2256     2256   (0)     23  : 0.0030 0.0060 0.0050 0.0230 0.9630
2257     2257   (0)     23  : 0.0060 0.0250 0.0070 0.8900 0.0720
2258     2258   (0)     23  : 0.0370 0.0180 0.0230 0.1311 0.7909
2259     2259   (0)     23  : 0.0070 0.0060 0.0315 0.3435 0.6120
2260     2260   (0)     23  : 0.0020 0.0050 0.0135 0.5983 0.3812
2261     2261   (0)     23  : 0.0040 0.0160 0.0720 0.2735 0.6345
2262     2262   (0)     23  : 0.0050 0.0070 0.0170 0.0420 0.9290
2263     2263   (0)     23  : 0.0050 0.0050 0.0140 0.7474 0.2286
2264     2264   (0)     24  : 0.0040 0.0100 0.0030 0.0120 0.9710
2265     2265   (0)     24  : 0.0040 0.0080 0.0030 0.0110 0.9740
2266     2266   (0)     24  : 0.0060 0.0090 0.0040 0.0100 0.9710
2267     2267   (0)     24  : 0.0070 0.0125 0.0040 0.0110 0.9655
2268     2268   (0)     24  : 0.0035 0.0050 0.0050 0.0100 0.9765
2269     2269   (0)     24  : 0.0020 0.0040 0.0050 0.0070 0.9820
2270     2270   (0)     24  : 0.0030 0.0090 0.0030 0.0090 0.9760
2271     2271   (0)     24  : 0.0090 0.0045 0.0940 0.0165 0.8760
2272     2272   (0)     24  : 0.0210 0.0170 0.0210 0.0390 0.9020
2273     2273   (0)     24  : 0.0040 0.0170 0.0060 0.0290 0.9440
2274     2274   (0)     24  : 0.0030 0.0070 0.0050 0.0100 0.9750
2275     2275   (0)     24  : 0.0050 0.0070 0.0040 0.0170 0.9670
2276     2276   (0)     24  : 0.0050 0.0030 0.0090 0.0090 0.9740
2277     2277   (0)     24  : 0.0040 0.0310 0.0070 0.0740 0.8840
2278     2278   (0)     24  : 0.0050 0.0040 0.0030 0.0055 0.9825
2279     2279   (0)     24  : 0.0030 0.0070 0.0055 0.0130 0.9715
2280     2280   (0)     24  : 0.0030 0.0060 0.0060 0.0050 0.9800
2281     2281   (0)     24  : 0.0080 0.0080 0.0380 0.0290 0.9170
2282     2282   (0)     24  : 0.0030 0.0040 0.0040 0.0060 0.9830
2283     2283   (0)     24  : 0.0030 0.0060 0.0050 0.0070 0.9790
2284     2284   (0)     24  : 0.0050 0.0150 0.0140 0.0796 0.8864
2285     2285   (0)     24  : 0.0050 0.0170 0.0070 0.0220 0.9490
2286     2286   (0)     24  : 0.0030 0.0240 0.0020 0.0190 0.9520
2287     2287   (0)     24  : 0.0030 0.0380 0.0060 0.0200 0.9330
2288     2288   (0)     24  : 0.0030 0.0055 0.0050 0.0180 0.9685
2289     2289   (0)     24  : 0.0060 0.0030 0.0095 0.0090 0.9725
2290     2290   (0)     24  : 0.0040 0.0030 0.0060 0.0210 0.9660
2291     2291   (0)     24  : 0.0055 0.0050 0.0060 0.0090 0.9745
2292     2292   (0)     24  : 0.0190 0.0050 0.0050 0.0050 0.9660
2293     2293   (0)     24  : 0.0060 0.0300 0.0100 0.0090 0.9449
2294     2294   (0)     24  : 0.0070 0.0110 0.0030 0.0230 0.9560
2295     2295   (0)     25  : 0.0060 0.0060 0.0040 0.0080 0.9760
2296     2296   (0)     25  : 0.0040 0.0070 0.0140 0.0500 0.9250
2297     2297   (0)     25  : 0.0030 0.0110 0.0060 0.0050 0.9750
2298     2298   (0)     25  : 0.0030 0.0050 0.0030 0.0080 0.9810
2299     2299   (0)     25  : 0.0030 0.0140 0.0030 0.0295 0.9505
2300     2300   (0)     25  : 0.0030 0.0100 0.0040 0.0360 0.9470
2301     2301   (0)     25  : 0.0125 0.0610 0.0070 0.0645 0.8550
2302     2302   (0)     25  : 0.0040 0.0625 0.0040 0.0160 0.9135
2303     2303   (0)     25  : 0.0030 0.0120 0.0040 0.0170 0.9640
2304     2304   (0)     25  : 0.0040 0.0060 0.0070 0.0060 0.9770
2305     2305   (0)     25  : 0.0050 0.0040 0.0100 0.0150 0.9660
2306     2306   (0)     25  : 0.0050 0.0060 0.0120 0.0060 0.9710
2307     2307   (0)     25  : 0.0070 0.0090 0.0200 0.0295 0.9345
2308     2308   (0)     25  : 0.0040 0.0060 0.0030 0.0095 0.9775
2309     2309   (0)     25  : 0.0050 0.0050 0.0040 0.0070 0.9790
2310     2310   (0)     25  : 0.0030 0.0210 0.0030 0.0070 0.9660
2311     2311   (0)     25  : 0.0040 0.0030 0.0050 0.0080 0.9800
2312     2312   (0)     25  : 0.0040 0.0055 0.0120 0.0070 0.9715
2313     2313   (0)     25  : 0.0030 0.0240 0.0090 0.0170 0.9470
2314     2314   (0)     25  : 0.0050 0.0040 0.0065 0.0090 0.9755
2315     2315   (0)     25  : 0.0040 0.0030 0.0050 0.0050 0.9830
2316     2316   (0)     25  : 0.0070 0.0080 0.0100 0.0350 0.9400
2317     2317   (0)     25  : 0.0070 0.0030 0.0120 0.0090 0.9690
2318     2318   (0)     25  : 0.0060 0.0055 0.0060 0.0750 0.9075
2319     2319   (0)     25  : 0.0070 0.0075 0.0430 0.0260 0.9165
2320     2320   (0)     25  : 0.0040 0.0040 0.0060 0.0060 0.9800
2321     2321   (0)     25  : 0.0040 0.0125 0.0040 0.0505 0.9290
2322     2322   (0)     25  : 0.0060 0.0100 0.0090 0.0110 0.9640
2323     2323   (0)     25  : 0.0040 0.0070 0.0100 0.0115 0.9675
2324     2324   (0)     25  : 0.0070 0.0040 0.0050 0.0220 0.9620
2325     2325   (0)     25  : 0.0050 0.0070 0.0090 0.0380 0.9410
2326     2326   (0)     25  : 0.0040 0.0050 0.0030 0.0090 0.9790
2327     2327   (0)     25  : 0.0020 0.0040 0.0100 0.0040 0.9800
2328     2328   (0)     25  : 0.0030 0.0040 0.0030 0.0060 0.9840
2329     2329   (0)     25  : 0.0050 0.0090 0.0030 0.0060 0.9770
2330     2330   (0)     25  : 0.0180 0.0080 0.0080 0.0140 0.9520
2331     2331   (0)     25  : 0.0050 0.0130 0.0070 0.0170 0.9580
2332     2332   (0)     25  : 0.0020 0.0060 0.0040 0.0060 0.9820
2333     2333   (0)     25  : 0.0030 0.0210 0.0030 0.0100 0.9630
2334     2334   (0)     25  : 0.0040 0.0090 0.0030 0.0070 0.9770
2335     2335   (0)     25  : 0.0050 0.0030 0.0040 0.0150 0.9730
2336     2336   (0)     25  : 0.0050 0.0150 0.0260 0.0160 0.9379
2337     2337   (0)     25  : 0.0080 0.0180 0.0100 0.0330 0.9310
2338     2338   (0)     25  : 0.0040 0.0260 0.0040 0.0150 0.9510
2339     2339   (0)     25  : 0.0030 0.0040 0.0140 0.0230 0.9560
2340     2340   (0)     25  : 0.0030 0.0245 0.0050 0.0265 0.9410
2341     2341   (0)     25  : 0.0040 0.0100 0.0030 0.0080 0.9750
2342     2342   (0)     25  : 0.0080 0.0030 0.0110 0.0060 0.9720
2343     2343   (0)     25  : 0.0040 0.0020 0.0080 0.0060 0.9800
2344     2344   (0)     25  : 0.0050 0.0060 0.0040 0.0070 0.9780
2345     2345   (0)     25  : 0.0050 0.0170 0.0140 0.0090 0.9550
2346     2346   (0)     25  : 0.0040 0.0060 0.0020 0.0090 0.9790
2347     2347   (0)     25  : 0.0040 0.0060 0.0020 0.0060 0.9820
2348     2348   (0)     25  : 0.0090 0.0060 0.0780 0.0260 0.8810
2349     2349   (0)     25  : 0.0080 0.0420 0.0380 0.0850 0.8269
2350     2350   (0)     25  : 0.0030 0.0040 0.0040 0.0115 0.9775
2351     2351   (0)     25  : 0.0040 0.0070 0.0030 0.0100 0.9760
2352     2352   (0)     25  : 0.0040 0.0060 0.0050 0.0140 0.9710
2353     2353   (0)     25  : 0.0040 0.0100 0.0060 0.0110 0.9690
2354     2354   (0)     25  : 0.0050 0.0060 0.0120 0.0050 0.9720
2355     2355   (0)     25  : 0.0190 0.0050 0.0190 0.0090 0.9480
2356     2356   (0)     25  : 0.0050 0.0080 0.0060 0.0100 0.9710
2357     2357   (0)     25  : 0.0050 0.0470 0.0050 0.0480 0.8950
2358     2358   (0)     25  : 0.0030 0.0030 0.0060 0.0150 0.9730
2359     2359   (0)     25  : 0.0030 0.0330 0.0040 0.0415 0.9185
2360     2360   (0)     25  : 0.0050 0.0080 0.0260 0.0180 0.9430
2361     2361   (0)     25  : 0.0080 0.0030 0.0090 0.0120 0.9680
2362     2362   (0)     25  : 0.0030 0.0060 0.0040 0.0050 0.9820
2363     2363   (0)     25  : 0.0030 0.0040 0.0130 0.0090 0.9710
2364     2364   (0)     25  : 0.0060 0.0150 0.0050 0.0740 0.9000
2365     2365   (0)     25  : 0.0030 0.0150 0.0050 0.0200 0.9570
2366     2366   (0)     25  : 0.0050 0.0050 0.0040 0.0050 0.9810
2367     2367   (0)     25  : 0.0090 0.0060 0.0150 0.0130 0.9570
2368     2368   (0)     25  : 0.0050 0.0090 0.0080 0.0630 0.9150
2369     2369   (0)     25  : 0.0030 0.0080 0.0040 0.0160 0.9690
2370     2370   (0)     25  : 0.0040 0.0060 0.0040 0.0100 0.9760
2371     2371   (0)     25  : 0.0050 0.0040 0.0040 0.0140 0.9730
2372     2372   (0)     25  : 0.0070 0.0165 0.0120 0.0530 0.9115
2373     2373   (0)     25  : 0.0020 0.0030 0.0030 0.0050 0.9870
2374     2374   (0)     25  : 0.0060 0.0880 0.0150 0.1236 0.7674
2375     2375   (0)     25  : 0.0125 0.0090 0.0515 0.0120 0.9150
2376     2376   (0)     25  : 0.0030 0.0090 0.0040 0.0080 0.9760
2377     2377   (0)     25  : 0.0075 0.0130 0.0050 0.0220 0.9525
2378     2378   (0)     25  : 0.0050 0.0060 0.0040 0.0285 0.9565
2379     2379   (0)     25  : 0.0060 0.0040 0.0050 0.0050 0.9800
2380     2380   (0)     25  : 0.0030 0.0040 0.0070 0.0100 0.9760
2381     2381   (0)     25  : 0.0030 0.0050 0.0030 0.0140 0.9750
2382     2382   (0)     25  : 0.0030 0.0035 0.0070 0.0040 0.9825
2383     2383   (0)     25  : 0.0050 0.0100 0.0050 0.0055 0.9745
2384     2384   (0)     25  : 0.0070 0.0150 0.0060 0.0410 0.9310
2385     2385   (0)     25  : 0.0085 0.0180 0.0065 0.0210 0.9460
2386     2386   (0)     25  : 0.0040 0.0040 0.0150 0.0110 0.9660
2387     2387   (0)     25  : 0.0030 0.0090 0.0040 0.0050 0.9790
2388     2388   (0)     25  : 0.0100 0.0090 0.0140 0.0070 0.9600
2389     2389   (0)     25  : 0.0050 0.0040 0.0160 0.0175 0.9575
2390     2390   (0)     25  : 0.0040 0.0030 0.0080 0.0200 0.9650
2391     2391   (0)     25  : 0.0040 0.0055 0.0040 0.0220 0.9645
2392     2392   (0)     25  : 0.0050 0.0040 0.0050 0.0350 0.9510
2393     2393   (0)     25  : 0.0060 0.0070 0.0080 0.0526 0.9264
2394     2394   (0)     25  : 0.0040 0.0040 0.0030 0.0040 0.9850
2395     2395   (0)     25  : 0.0080 0.0040 0.0080 0.0210 0.9590
2396     2396   (0)     25  : 0.0040 0.0070 0.0040 0.0080 0.9770
2397     2397   (0)     25  : 0.0090 0.0290 0.0050 0.0240 0.9331
2398     2398   (0)     25  : 0.0090 0.1375 0.0030 0.0535 0.7970
2399     2399   (0)     25  : 0.0040 0.0100 0.0050 0.0205 0.9605
2400     2400   (0)     25  : 0.0030 0.0070 0.0030 0.0060 0.9810
2401     2401   (0)     25  : 0.0030 0.0040 0.0040 0.0130 0.9760
2402     2402   (0)     25  : 0.0035 0.0060 0.0030 0.0130 0.9745
2403     2403   (0)     25  : 0.0040 0.0040 0.0180 0.0130 0.9610
2404     2404   (0)     25  : 0.0080 0.0365 0.0390 0.0215 0.8950
2405     2405   (0)     25  : 0.0050 0.0130 0.0070 0.0150 0.9600
2406     2406   (0)     25  : 0.0100 0.0645 0.0140 0.0200 0.8915
2407     2407   (0)     25  : 0.0050 0.0060 0.0070 0.0150 0.9670
2408     2408   (0)     25  : 0.0030 0.0030 0.0040 0.0060 0.9840
2409     2409   (0)     25  : 0.0060 0.0040 0.0040 0.0070 0.9790
2410     2410   (0)     25  : 0.0190 0.0090 0.0080 0.0215 0.9425
2411     2411   (0)     25  : 0.0050 0.0250 0.0070 0.0280 0.9350
2412     2412   (0)     25  : 0.0050 0.0370 0.0050 0.0530 0.9000
2413     2413   (0)     25  : 0.0030 0.0060 0.0030 0.0050 0.9830
2414     2414   (0)     25  : 0.0060 0.1335 0.0090 0.0550 0.7965
2415     2415   (0)     25  : 0.0030 0.0030 0.0090 0.0170 0.9680
2416     2416   (0)     25  : 0.0040 0.1476 0.0030 0.0060 0.8394
2417     2417   (0)     25  : 0.0030 0.0180 0.0070 0.0160 0.9560
2418     2418   (0)     25  : 0.0020 0.0040 0.0030 0.0060 0.9850
2419     2419   (0)     25  : 0.0030 0.0050 0.0080 0.0170 0.9670
2420     2420   (0)     26  : 0.0030 0.0050 0.0040 0.0055 0.9825
2421     2421   (0)     26  : 0.0070 0.0060 0.0155 0.0070 0.9645
2422     2422   (0)     26  : 0.0050 0.0100 0.0050 0.0115 0.9685
2423     2423   (0)     26  : 0.0040 0.0125 0.0110 0.0475 0.9250
2424     2424   (0)     26  : 0.0030 0.0050 0.0040 0.0050 0.9830
2425     2425   (0)     26  : 0.0030 0.0050 0.0070 0.0060 0.9790
2426     2426   (0)     26  : 0.0075 0.0030 0.0120 0.0050 0.9725
2427     2427   (0)     26  : 0.0140 0.0040 0.0030 0.0100 0.9690
2428     2428   (0)     26  : 0.0135 0.0050 0.0060 0.0130 0.9625
2429     2429   (0)     26  : 0.0060 0.0509 0.0070 0.0160 0.9201
2430     2430   (0)     26  : 0.0030 0.0030 0.0040 0.0040 0.9860
2431     2431   (0)     26  : 0.0030 0.0050 0.0080 0.0150 0.9690
2432     2432   (0)     26  : 0.0030 0.0035 0.0070 0.0090 0.9775
2433     2433   (0)     26  : 0.0040 0.0050 0.0080 0.0050 0.9780
2434     2434   (0)     26  : 0.0045 0.0040 0.0040 0.0150 0.9725
2435     2435  (10)     26  : 0.0040 0.0040 0.0060 0.0060 0.9800
2436     2436   (0)     26  : 0.0040 0.0060 0.0070 0.0180 0.9650
2437     2437   (0)     26  : 0.0200 0.0140 0.0190 0.0205 0.9265
2438     2438   (0)     26  : 0.0030 0.0090 0.0080 0.0080 0.9720
2439     2439   (0)     26  : 0.0050 0.0070 0.1260 0.0090 0.8530
2440     2440   (5)     26  : 0.0040 0.0050 0.0070 0.0050 0.9790
2441     2441   (0)     26  : 0.0030 0.0080 0.0040 0.0050 0.9800
2442     2442   (0)     26  : 0.0030 0.0025 0.0110 0.0060 0.9775
2443     2443   (0)     26  : 0.0140 0.0120 0.0240 0.0070 0.9430
2444     2444   (0)     26  : 0.0080 0.0030 0.0050 0.0050 0.9790
2445     2445   (0)     26  : 0.0030 0.0060 0.0040 0.0070 0.9800
2446     2446   (0)     26  : 0.0040 0.0030 0.0040 0.0200 0.9690
2447     2447   (5)     26  : 0.0020 0.0030 0.0080 0.0050 0.9820
2448     2448   (0)     26  : 0.0050 0.0050 0.0080 0.0080 0.9740
2449     2449   (0)     26  : 0.0040 0.0050 0.0050 0.0070 0.9790
2450     2450   (0)     26  : 0.0040 0.0060 0.0130 0.0090 0.9680
2451     2451   (0)     26  : 0.0050 0.0125 0.0030 0.0435 0.9360
2452     2452   (0)     26  : 0.0050 0.0100 0.0050 0.0230 0.9569
2453     2453   (0)     26  : 0.0030 0.0300 0.0100 0.0305 0.9265
2454     2454   (0)     26  : 0.0030 0.0065 0.0060 0.0100 0.9745
2455     2455   (0)     26  : 0.0020 0.0070 0.0040 0.0080 0.9790
2456     2456   (0)     26  : 0.0030 0.0030 0.0170 0.0070 0.9700
2457     2457   (5)     26  : 0.0040 0.0135 0.0050 0.0100 0.9675
2458     2458   (0)     26  : 0.0040 0.0040 0.0070 0.0190 0.9660
2459     2459   (0)     26  : 0.0040 0.0030 0.0080 0.0120 0.9730
2460     2460   (0)     26  : 0.0020 0.0040 0.0040 0.0080 0.9820
2461     2461   (5)     26  : 0.0060 0.0040 0.0050 0.0050 0.9800
2462     2462   (5)     26  : 0.0030 0.0060 0.0180 0.0070 0.9660
2463     2463  (10)     26  : 0.0050 0.0060 0.0050 0.0085 0.9755
2464     2464   (5)     26  : 0.0040 0.0040 0.0230 0.0070 0.9621
2465     2465   (5)     26  : 0.0030 0.0030 0.0030 0.0050 0.9860
2466     2466   (5)     26  : 0.0040 0.0050 0.0040 0.0060 0.9810
2467     2467   (5)     26  : 0.0050 0.0040 0.1000 0.0130 0.8780
2468     2468   (5)     26  : 0.0040 0.0070 0.0050 0.0110 0.9730
2469     2469  (10)     26  : 0.0070 0.0055 0.0155 0.0800 0.8920
2470     2470   (5)     26  : 0.0080 0.0090 0.0170 0.0610 0.9050
2471     2471   (5)     26  : 0.0040 0.0050 0.0030 0.0060 0.9820
2472     2472   (5)     26  : 0.0040 0.0140 0.0080 0.0290 0.9451
2473     2473   (0)     27  : 0.0040 0.0040 0.0070 0.0090 0.9760
2474     2474   (0)     27  : 0.0030 0.0040 0.0060 0.0150 0.9720
2475     2475   (0)     27  : 0.0040 0.0050 0.0090 0.0050 0.9770
2476     2476   (0)     27  : 0.0040 0.0030 0.0030 0.0060 0.9840
2477     2477   (0)     27  : 0.0130 0.0080 0.0170 0.0040 0.9580
2478     2478   (0)     27  : 0.0040 0.0040 0.0180 0.0180 0.9560
2479     2479   (0)     27  : 0.0040 0.0070 0.0090 0.0055 0.9745
2480     2480   (0)     27  : 0.0050 0.0060 0.0715 0.0070 0.9105
2481     2481   (0)     27  : 0.0040 0.0100 0.0040 0.0090 0.9730
2482     2482   (0)     27  : 0.0030 0.0030 0.0080 0.0070 0.9790
2483     2483   (0)     27  : 0.0110 0.0040 0.0160 0.0080 0.9610
2484     2484   (0)     27  : 0.0090 0.0060 0.0110 0.0100 0.9640
2485     2485   (0)     27  : 0.0040 0.0060 0.0050 0.0090 0.9760
2486     2486   (0)     27  : 0.0130 0.0120 0.0160 0.0070 0.9520
2487     2487   (0)     27  : 0.0040 0.0130 0.0030 0.0060 0.9740
2488     2488   (0)     27  : 0.0030 0.0040 0.0040 0.0070 0.9820
2489     2489   (0)     27  : 0.0030 0.0040 0.0030 0.0060 0.9840
2490     2490   (0)     27  : 0.0030 0.0040 0.0430 0.0070 0.9430
2491     2491   (0)     27  : 0.0050 0.0030 0.0070 0.0050 0.9800
2492     2492   (0)     27  : 0.0030 0.0030 0.0040 0.0050 0.9850
2493     2493   (0)     27  : 0.0030 0.0030 0.0060 0.0060 0.9820
2494     2494   (0)     27  : 0.0030 0.0030 0.0030 0.3584 0.6326
2495     2495   (0)     27  : 0.0050 0.0070 0.0080 0.0040 0.9760
2496     2496   (0)     27  : 0.0030 0.0050 0.0035 0.0060 0.9825
2497     2497   (0)     27  : 0.0040 0.0280 0.0070 0.0100 0.9510
2498     2498   (0)     27  : 0.0050 0.0080 0.0200 0.0285 0.9385
2499     2499   (0)     27  : 0.0045 0.0160 0.0040 0.0050 0.9705
2500     2500   (0)     27  : 0.0030 0.0030 0.0040 0.0070 0.9830
2501     2501   (0)     27  : 0.0030 0.0090 0.0250 0.0110 0.9520
2502     2502   (0)     27  : 0.0040 0.0030 0.0030 0.0040 0.9860
2503     2503   (0)     27  : 0.0040 0.0150 0.0040 0.0130 0.9640
2504     2504   (0)     27  : 0.0070 0.0050 0.0230 0.0415 0.9235
2505     2505   (0)     27  : 0.0030 0.0030 0.0050 0.0040 0.9850
2506     2506   (0)     27  : 0.0060 0.0070 0.0760 0.0160 0.8950
2507     2507   (0)     27  : 0.0040 0.0050 0.0050 0.0070 0.9790
2508     2508   (0)     27  : 0.0040 0.0070 0.0125 0.0290 0.9475
2509     2509   (0)     27  : 0.0060 0.0380 0.0040 0.0090 0.9429
2510     2510   (0)     27  : 0.0080 0.0130 0.0050 0.0060 0.9680
2511     2511   (0)     27  : 0.0030 0.0110 0.0040 0.0080 0.9740
2512     2512   (0)     27  : 0.0040 0.0180 0.0185 0.0170 0.9425
2513     2513   (0)     27  : 0.0040 0.0040 0.0090 0.0050 0.9780
2514     2514   (0)     27  : 0.0025 0.0030 0.0030 0.0050 0.9865
2515     2515   (0)     27  : 0.0020 0.0040 0.0050 0.0040 0.9850
2516     2516   (0)     27  : 0.0030 0.0040 0.0040 0.0040 0.9850
2517     2517   (0)     27  : 0.0030 0.0050 0.0040 0.0120 0.9760
2518     2518   (0)     27  : 0.0030 0.0030 0.0070 0.0070 0.9800
2519     2519   (0)     27  : 0.0030 0.0050 0.2879 0.0115 0.6927
2520     2520   (0)     27  : 0.0030 0.0030 0.0510 0.0070 0.9360
2521     2521   (0)     27  : 0.0030 0.0065 0.0110 0.0055 0.9740
2522     2522   (0)     27  : 0.0040 0.0090 0.0050 0.0075 0.9745
2523     2523   (0)     27  : 0.0040 0.0050 0.0040 0.0070 0.9800
2524     2524   (0)     27  : 0.0080 0.0080 0.0080 0.0940 0.8820
2525     2525   (0)     27  : 0.0030 0.0050 0.0080 0.0040 0.9800
2526     2526   (0)     27  : 0.0030 0.0045 0.0040 0.0065 0.9820
2527     2527   (0)     27  : 0.0030 0.0050 0.0030 0.0140 0.9750
2528     2528   (0)     27  : 0.0030 0.0100 0.0100 0.0070 0.9700
2529     2529   (0)     27  : 0.0030 0.0050 0.0100 0.0370 0.9450
2530     2530   (0)     27  : 0.0030 0.0030 0.0060 0.0040 0.9840
2531     2531   (0)     27  : 0.0050 0.0050 0.0060 0.0070 0.9770
2532     2532   (0)     27  : 0.0050 0.0040 0.0060 0.0070 0.9780
2533     2533   (0)     27  : 0.0030 0.0080 0.0050 0.0100 0.9740
2534     2534   (0)     27  : 0.0040 0.0030 0.0080 0.0060 0.9790
2535     2535   (0)     27  : 0.0030 0.0050 0.0050 0.1246 0.8624
2536     2536   (0)     27  : 0.0040 0.0070 0.0075 0.0050 0.9765
2537     2537   (0)     27  : 0.0040 0.0050 0.0030 0.0080 0.9800
2538     2538   (0)     27  : 0.0050 0.0100 0.0420 0.0340 0.9091
2539     2539   (0)     27  : 0.0050 0.0230 0.0080 0.0080 0.9560
2540     2540   (0)     27  : 0.0030 0.0050 0.0050 0.0050 0.9820
2541     2541   (0)     27  : 0.0040 0.0040 0.0060 0.0275 0.9585
2542     2542   (0)     27  : 0.0050 0.0035 0.0040 0.0040 0.9835
2543     2543   (0)     27  : 0.0030 0.0030 0.0050 0.0040 0.9850
2544     2544   (0)     27  : 0.0040 0.0050 0.0145 0.0070 0.9695
2545     2545   (0)     27  : 0.0035 0.0040 0.0060 0.0050 0.9815
2546     2546   (0)     27  : 0.0060 0.0060 0.0150 0.0060 0.9670
2547     2547   (0)     27  : 0.0060 0.0040 0.0040 0.0060 0.9800
2548     2548   (0)     27  : 0.0050 0.0050 0.0050 0.0060 0.9790
2549     2549   (0)     27  : 0.0060 0.0110 0.0050 0.0060 0.9720
2550     2550   (0)     27  : 0.0030 0.0070 0.0120 0.0090 0.9690
2551     2551   (0)     27  : 0.0070 0.0060 0.0150 0.0250 0.9470
2552     2552   (0)     27  : 0.0050 0.0080 0.0040 0.0140 0.9690
2553     2553   (0)     27  : 0.0030 0.0060 0.0090 0.0080 0.9740
2554     2554   (0)     27  : 0.0030 0.0100 0.0040 0.0160 0.9670
2555     2555   (0)     27  : 0.0050 0.0100 0.0090 0.0110 0.9650
2556     2556   (0)     27  : 0.0030 0.0070 0.0170 0.0100 0.9630
2557     2557   (0)     27  : 0.0050 0.0160 0.0060 0.0130 0.9600
2558     2558   (0)     27  : 0.0040 0.0070 0.0040 0.0495 0.9355
2559     2559   (0)     27  : 0.0050 0.0085 0.0040 0.0140 0.9685
2560     2560   (0)     27  : 0.0030 0.0060 0.0814 0.0180 0.8916
2561     2561   (0)     27  : 0.0030 0.0030 0.0080 0.0135 0.9725
2562     2562   (0)     27  : 0.0030 0.0030 0.0040 0.0085 0.9815
2563     2563   (0)     27  : 0.0040 0.0030 0.0030 0.0070 0.9830
2564     2564   (0)     27  : 0.0030 0.0050 0.0050 0.0070 0.9800
2565     2565   (0)     27  : 0.0030 0.0040 0.0070 0.0130 0.9730
2566     2566   (0)     27  : 0.0030 0.0030 0.0030 0.0060 0.9850
2567     2567   (0)     27  : 0.0030 0.0070 0.0050 0.0230 0.9620
2568     2568   (0)     27  : 0.0040 0.0060 0.0070 0.0060 0.9770
2569     2569   (0)     27  : 0.0060 0.0040 0.0050 0.0050 0.9800
2570     2570   (0)     27  : 0.0030 0.0040 0.0130 0.0080 0.9720
2571     2571   (0)     27  : 0.0040 0.0180 0.0030 0.0125 0.9625
2572     2572   (0)     27  : 0.0040 0.0030 0.0050 0.0050 0.9830
2573     2573   (0)     27  : 0.0030 0.0080 0.0055 0.0050 0.9785
2574     2574   (0)     27  : 0.0040 0.0040 0.0040 0.0090 0.9790
2575     2575   (0)     27  : 0.0040 0.0040 0.0040 0.0105 0.9775
2576     2576   (0)     27  : 0.0050 0.0090 0.0040 0.0090 0.9730
2577     2577   (0)     27  : 0.0140 0.0080 0.0070 0.0150 0.9560
2578     2578   (0)     27  : 0.0030 0.0050 0.0030 0.0110 0.9780
2579     2579   (0)     27  : 0.0040 0.0115 0.0045 0.0105 0.9695
2580     2580   (0)     27  : 0.0050 0.0040 0.0060 0.0495 0.9355
2581     2581   (0)     27  : 0.0030 0.0030 0.0060 0.0050 0.9830
2582     2582   (0)     27  : 0.0045 0.0030 0.0160 0.0070 0.9695
2583     2583   (0)     27  : 0.0040 0.0030 0.0030 0.0050 0.9850
2584     2584   (0)     27  : 0.0040 0.0060 0.0090 0.0070 0.9740
2585     2585   (0)     27  : 0.0030 0.0100 0.0075 0.0080 0.9715
2586     2586   (0)     27  : 0.0080 0.0040 0.0280 0.0115 0.9485
2587     2587   (0)     27  : 0.0030 0.0060 0.0020 0.0050 0.9840
2588     2588   (0)     27  : 0.0060 0.0040 0.0110 0.0090 0.9700
2589     2589   (0)     27  : 0.0030 0.0030 0.0050 0.0040 0.9850
2590     2590   (0)     27  : 0.0050 0.0040 0.0030 0.0100 0.9780
2591     2591   (0)     27  : 0.0080 0.0050 0.0330 0.0080 0.9460
2592     2592   (0)     27  : 0.0030 0.0040 0.0030 0.0070 0.9830
2593     2593   (0)     27  : 0.0040 0.0030 0.0070 0.0090 0.9770
2594     2594   (0)     27  : 0.0030 0.0040 0.0070 0.0070 0.9790
2595     2595   (0)     27  : 0.0040 0.0070 0.0030 0.0050 0.9810
2596     2596   (0)     27  : 0.0030 0.0210 0.0110 0.0080 0.9570
2597     2597   (0)     27  : 0.0120 0.0050 0.0040 0.0070 0.9720
2598     2598   (5)     28  : 0.0040 0.9800 0.0040 0.0070 0.0050
2599     2599   (0)     28  : 0.0050 0.9740 0.0040 0.0090 0.0080
2600     2600   (0)     28  : 0.0030 0.9850 0.0040 0.0040 0.0040
2601     2601   (0)     28  : 0.0100 0.9411 0.0190 0.0130 0.0170
2602     2602   (0)     28  : 0.0030 0.9870 0.0030 0.0050 0.0020
2603     2603   (0)     28  : 0.0030 0.9690 0.0060 0.0040 0.0180
2604     2604   (0)     28  : 0.0020 0.9875 0.0030 0.0045 0.0030
2605     2605   (0)     28  : 0.0040 0.9845 0.0040 0.0035 0.0040
2606     2606   (0)     28  : 0.0030 0.9840 0.0050 0.0040 0.0040
2607     2607   (0)     28  : 0.0030 0.9860 0.0030 0.0040 0.0040
2608     2608   (0)     28  : 0.0020 0.9900 0.0020 0.0030 0.0030
2609     2609   (0)     28  : 0.0030 0.9870 0.0030 0.0040 0.0030
2610     2610   (0)     28  : 0.0050 0.9750 0.0050 0.0110 0.0040
2611     2611   (5)     28  : 0.0020 0.9900 0.0020 0.0030 0.0030
2612     2612   (0)     28  : 0.0030 0.9850 0.0030 0.0050 0.0040
2613     2613   (0)     28  : 0.0020 0.9890 0.0020 0.0040 0.0030
2614     2614   (0)     28  : 0.0030 0.9765 0.0130 0.0040 0.0035
2615     2615   (0)     28  : 0.0030 0.9890 0.0020 0.0030 0.0030
2616     2616   (0)     28  : 0.0040 0.9860 0.0030 0.0030 0.0040
2617     2617   (0)     28  : 0.0030 0.9870 0.0030 0.0030 0.0040
2618     2618   (0)     28  : 0.0020 0.9880 0.0030 0.0030 0.0040
2619     2619   (0)     28  : 0.0040 0.9820 0.0050 0.0040 0.0050
2620     2620   (0)     28  : 0.0030 0.9870 0.0030 0.0030 0.0040
2621     2621   (0)     28  : 0.0020 0.9920 0.0020 0.0020 0.0020
2622     2622   (0)     28  : 0.0020 0.9920 0.0020 0.0020 0.0020
2623     2623   (0)     28  : 0.0020 0.9890 0.0030 0.0030 0.0030
2624     2624   (0)     28  : 0.0020 0.9890 0.0030 0.0030 0.0030
2625     2625   (0)     28  : 0.0030 0.9890 0.0020 0.0030 0.0030
2626     2626   (0)     29  : 0.0030 0.9860 0.0040 0.0030 0.0040
2627     2627   (0)     29  : 0.0050 0.9650 0.0140 0.0060 0.0100
2628     2628   (0)     29  : 0.0020 0.9880 0.0030 0.0040 0.0030
2629     2629   (0)     29  : 0.0040 0.9665 0.0120 0.0085 0.0090
2630     2630   (0)     29  : 0.0030 0.9860 0.0030 0.0040 0.0040
2631     2631   (0)     29  : 0.0040 0.9850 0.0030 0.0040 0.0040
2632     2632   (0)     29  : 0.0030 0.9885 0.0020 0.0030 0.0035
2633     2633   (0)     29  : 0.0030 0.9905 0.0020 0.0025 0.0020
2634     2634   (0)     29  : 0.0050 0.9835 0.0040 0.0030 0.0045
2635     2635   (0)     29  : 0.0040 0.9780 0.0030 0.0110 0.0040
2636     2636   (0)     29  : 0.0020 0.9900 0.0030 0.0030 0.0020
2637     2637   (0)     29  : 0.0050 0.9820 0.0030 0.0040 0.0060
2638     2638   (0)     29  : 0.0030 0.9870 0.0030 0.0040 0.0030
2639     2639   (0)     29  : 0.0030 0.9830 0.0030 0.0060 0.0050
2640     2640   (0)     29  : 0.0020 0.9895 0.0025 0.0030 0.0030
2641     2641   (0)     29  : 0.0040 0.9805 0.0055 0.0040 0.0060
2642     2642   (0)     29  : 0.0030 0.9900 0.0020 0.0030 0.0020
2643     2643   (0)     29  : 0.0030 0.9850 0.0040 0.0040 0.0040
2644     2644   (0)     29  : 0.0030 0.9850 0.0040 0.0040 0.0040
2645     2645   (0)     29  : 0.0040 0.9870 0.0030 0.0030 0.0030
2646     2646   (0)     29  : 0.0030 0.9910 0.0020 0.0020 0.0020
2647     2647   (0)     29  : 0.0030 0.9830 0.0070 0.0030 0.0040
2648     2648   (0)     29  : 0.0020 0.9880 0.0030 0.0040 0.0030
2649     2649   (0)     29  : 0.0030 0.9880 0.0020 0.0040 0.0030
2650     2650   (0)     29  : 0.0030 0.9870 0.0030 0.0030 0.0040
2651     2651   (0)     29  : 0.0030 0.9880 0.0030 0.0030 0.0030
2652     2652   (0)     29  : 0.0030 0.9800 0.0100 0.0030 0.0040
2653     2653   (0)     29  : 0.0030 0.9850 0.0020 0.0050 0.0050
2654     2654   (0)     29  : 0.0020 0.9870 0.0030 0.0040 0.0040
2655     2655   (0)     29  : 0.0020 0.9900 0.0020 0.0030 0.0030
2656     2656   (0)     29  : 0.0020 0.9890 0.0020 0.0040 0.0030
2657     2657   (0)     29  : 0.0020 0.9890 0.0030 0.0030 0.0030
2658     2658   (0)     29  : 0.0040 0.9850 0.0030 0.0040 0.0040
2659     2659   (0)     29  : 0.0035 0.9875 0.0030 0.0030 0.0030
2660     2660   (0)     29  : 0.0030 0.9870 0.0020 0.0050 0.0030
2661     2661   (0)     29  : 0.0020 0.9860 0.0030 0.0030 0.0060
2662     2662   (0)     29  : 0.0030 0.9890 0.0020 0.0030 0.0030
2663     2663   (0)     29  : 0.0030 0.9860 0.0020 0.0040 0.0050
2664     2664   (0)     29  : 0.0030 0.9880 0.0030 0.0030 0.0030
2665     2665   (0)     29  : 0.0020 0.9880 0.0030 0.0030 0.0040
2666     2666   (0)     29  : 0.0030 0.9880 0.0030 0.0030 0.0030
2667     2667   (0)     29  : 0.0020 0.9880 0.0030 0.0030 0.0040
2668     2668   (0)     29  : 0.0030 0.9870 0.0030 0.0040 0.0030
2669     2669   (0)     29  : 0.0030 0.9850 0.0030 0.0050 0.0040
2670     2670   (0)     29  : 0.0030 0.9860 0.0030 0.0040 0.0040
2671     2671   (0)     29  : 0.0020 0.9900 0.0020 0.0030 0.0030
2672     2672   (0)     29  : 0.0040 0.9840 0.0050 0.0040 0.0030
2673     2673   (0)     29  : 0.0030 0.9870 0.0040 0.0030 0.0030
2674     2674   (0)     29  : 0.0040 0.9830 0.0050 0.0040 0.0040
2675     2675   (0)     29  : 0.0025 0.9865 0.0050 0.0030 0.0030
2676     2676   (0)     29  : 0.0030 0.9850 0.0020 0.0030 0.0070
2677     2677   (0)     29  : 0.0030 0.9810 0.0020 0.0030 0.0110
2678     2678   (0)     29  : 0.0030 0.9870 0.0030 0.0030 0.0040
2679     2679   (0)     29  : 0.0030 0.9870 0.0030 0.0040 0.0030
2680     2680   (0)     29  : 0.0030 0.9890 0.0020 0.0030 0.0030
2681     2681   (0)     29  : 0.0040 0.9830 0.0020 0.0040 0.0070
2682     2682   (0)     29  : 0.0030 0.9860 0.0040 0.0030 0.0040
2683     2683   (0)     29  : 0.0050 0.9615 0.0100 0.0160 0.0075
2684     2684   (0)     29  : 0.0020 0.9920 0.0020 0.0020 0.0020
2685     2685   (0)     29  : 0.0020 0.9890 0.0020 0.0030 0.0040
2686     2686   (0)     29  : 0.0030 0.9850 0.0020 0.0070 0.0030
2687     2687   (0)     29  : 0.0060 0.9560 0.0230 0.0070 0.0080
2688     2688   (0)     29  : 0.0040 0.9830 0.0030 0.0040 0.0060
2689     2689   (0)     29  : 0.0030 0.9890 0.0020 0.0030 0.0030
2690     2690   (0)     29  : 0.0030 0.9880 0.0030 0.0030 0.0030
2691     2691   (0)     29  : 0.0050 0.9790 0.0050 0.0070 0.0040
2692     2692   (0)     29  : 0.0030 0.9870 0.0030 0.0040 0.0030
2693     2693   (0)     29  : 0.0025 0.9845 0.0030 0.0040 0.0060
2694     2694   (0)     29  : 0.0020 0.9755 0.0130 0.0055 0.0040
2695     2695   (0)     29  : 0.0020 0.9890 0.0030 0.0030 0.0030
2696     2696   (0)     29  : 0.0030 0.9870 0.0030 0.0030 0.0040
2697     2697   (0)     29  : 0.0040 0.9610 0.0190 0.0100 0.0060
2698     2698   (0)     29  : 0.0040 0.9850 0.0030 0.0050 0.0030
2699     2699   (0)     29  : 0.0030 0.9840 0.0030 0.0070 0.0030
2700     2700   (0)     29  : 0.0040 0.9790 0.0040 0.0060 0.0070
2701     2701   (0)     29  : 0.0070 0.9770 0.0040 0.0050 0.0070
2702     2702   (0)     29  : 0.0020 0.9880 0.0020 0.0030 0.0050
2703     2703   (0)     29  : 0.0020 0.9895 0.0030 0.0030 0.0025
2704     2704   (0)     29  : 0.0020 0.9900 0.0020 0.0030 0.0030
2705     2705   (0)     29  : 0.0020 0.9870 0.0020 0.0030 0.0060
2706     2706   (0)     29  : 0.0050 0.9790 0.0040 0.0060 0.0060
2707     2707   (0)     29  : 0.0030 0.9860 0.0040 0.0040 0.0030
2708     2708   (0)     29  : 0.0020 0.9890 0.0030 0.0030 0.0030
2709     2709   (0)     29  : 0.0030 0.9880 0.0020 0.0040 0.0030
2710     2710   (0)     29  : 0.0030 0.9860 0.0020 0.0040 0.0050
2711     2711   (0)     29  : 0.0050 0.9810 0.0030 0.0060 0.0050
2712     2712   (0)     29  : 0.0050 0.9790 0.0060 0.0060 0.0040
2713     2713   (0)     29  : 0.0030 0.9880 0.0020 0.0040 0.0030
2714     2714   (0)     29  : 0.0030 0.9880 0.0020 0.0040 0.0030
2715     2715   (0)     29  : 0.0020 0.9900 0.0020 0.0030 0.0030
2716     2716   (0)     29  : 0.0040 0.9770 0.0060 0.0080 0.0050
2717     2717   (0)     29  : 0.0030 0.9870 0.0030 0.0030 0.0040
2718     2718   (0)     29  : 0.0020 0.9880 0.0030 0.0040 0.0030
2719     2719   (0)     29  : 0.0030 0.9890 0.0020 0.0030 0.0030
2720     2720   (0)     29  : 0.0060 0.9650 0.0100 0.0070 0.0120
2721     2721   (0)     29  : 0.0030 0.9860 0.0040 0.0040 0.0030
2722     2722   (0)     29  : 0.0020 0.9900 0.0020 0.0030 0.0030
2723     2723   (0)     29  : 0.0020 0.9900 0.0020 0.0030 0.0030
2724     2724   (0)     29  : 0.0030 0.9890 0.0020 0.0030 0.0030
2725     2725   (0)     29  : 0.0030 0.9860 0.0030 0.0040 0.0040
2726     2726   (0)     29  : 0.0040 0.9840 0.0030 0.0050 0.0040
2727     2727   (0)     29  : 0.0030 0.9860 0.0030 0.0040 0.0040
2728     2728   (0)     29  : 0.0030 0.9880 0.0030 0.0030 0.0030
2729     2729   (0)     29  : 0.0040 0.9850 0.0040 0.0040 0.0030
2730     2730   (0)     29  : 0.0025 0.9875 0.0030 0.0030 0.0040
2731     2731   (0)     29  : 0.0030 0.9860 0.0020 0.0040 0.0050
2732     2732   (0)     29  : 0.0070 0.9780 0.0060 0.0030 0.0060
2733     2733   (0)     29  : 0.0020 0.9880 0.0020 0.0030 0.0050
2734     2734   (0)     29  : 0.0020 0.9890 0.0020 0.0030 0.0040
2735     2735   (0)     29  : 0.0030 0.9860 0.0040 0.0040 0.0030
2736     2736   (0)     29  : 0.0030 0.9830 0.0030 0.0080 0.0030
2737     2737   (0)     29  : 0.0020 0.9910 0.0020 0.0030 0.0020
2738     2738   (0)     29  : 0.0030 0.9870 0.0030 0.0030 0.0040
2739     2739   (0)     29  : 0.0040 0.9835 0.0020 0.0070 0.0035
2740     2740   (0)     29  : 0.0030 0.9880 0.0030 0.0030 0.0030
2741     2741   (0)     29  : 0.0030 0.9870 0.0030 0.0030 0.0040
2742     2742   (0)     29  : 0.0030 0.9630 0.0090 0.0130 0.0120
2743     2743   (0)     29  : 0.0030 0.9860 0.0020 0.0040 0.0050
2744     2744   (0)     29  : 0.0030 0.9865 0.0030 0.0035 0.0040
2745     2745   (0)     29  : 0.0020 0.9900 0.0020 0.0030 0.0030
2746     2746   (0)     29  : 0.0030 0.9880 0.0030 0.0030 0.0030
2747     2747   (0)     29  : 0.0030 0.9880 0.0030 0.0030 0.0030
2748     2748   (0)     29  : 0.0030 0.9860 0.0040 0.0040 0.0030
2749     2749   (0)     29  : 0.0040 0.9860 0.0030 0.0030 0.0040
2750     2750   (0)     29  : 0.0030 0.9850 0.0030 0.0040 0.0050
2751     2751   (0)     29  : 0.0030 0.9890 0.0020 0.0030 0.0030
2752     2752   (0)     29  : 0.0020 0.9870 0.0040 0.0040 0.0030
2753     2753   (0)     29  : 0.0040 0.9820 0.0070 0.0030 0.0040
2754     2754   (0)     29  : 0.0030 0.9850 0.0040 0.0050 0.0030
2755     2755   (0)     29  : 0.0030 0.9770 0.0130 0.0030 0.0040
2756     2756   (0)     29  : 0.0030 0.9810 0.0030 0.0040 0.0090
2757     2757   (0)     29  : 0.0050 0.9840 0.0030 0.0040 0.0040
2758     2758   (0)     29  : 0.0030 0.9870 0.0030 0.0040 0.0030
2759     2759   (0)     29  : 0.0030 0.9865 0.0030 0.0035 0.0040
2760     2760   (0)     29  : 0.0020 0.9880 0.0030 0.0040 0.0030
2761     2761   (0)     29  : 0.0020 0.9870 0.0020 0.0030 0.0060
2762     2762   (0)     29  : 0.0030 0.9890 0.0020 0.0030 0.0030
2763     2763   (0)     29  : 0.0090 0.9720 0.0070 0.0050 0.0070
2764     2764   (0)     29  : 0.0020 0.9890 0.0020 0.0040 0.0030
2765     2765   (0)     29  : 0.0040 0.9860 0.0030 0.0030 0.0040
2766     2766   (0)     29  : 0.0040 0.9810 0.0070 0.0030 0.0050
2767     2767   (0)     29  : 0.0030 0.9870 0.0030 0.0040 0.0030
2768     2768   (0)     29  : 0.0060 0.9760 0.0060 0.0050 0.0070
2769     2769   (0)     29  : 0.0030 0.9870 0.0035 0.0035 0.0030
2770     2770   (0)     29  : 0.0020 0.9920 0.0020 0.0020 0.0020
2771     2771   (0)     29  : 0.0020 0.9890 0.0030 0.0030 0.0030
2772     2772   (0)     29  : 0.0020 0.9900 0.0020 0.0030 0.0030
2773     2773   (0)     29  : 0.0020 0.9900 0.0020 0.0030 0.0030
2774     2774   (0)     29  : 0.0030 0.9850 0.0030 0.0040 0.0050
2775     2775   (0)     29  : 0.0030 0.9870 0.0030 0.0030 0.0040
2776     2776   (0)     29  : 0.0020 0.9900 0.0020 0.0030 0.0030
2777     2777   (0)     29  : 0.0030 0.9885 0.0025 0.0030 0.0030
2778     2778   (0)     29  : 0.0030 0.9880 0.0030 0.0030 0.0030
2779     2779   (0)     29  : 0.0020 0.9890 0.0030 0.0030 0.0030
2780     2780   (0)     29  : 0.0040 0.9690 0.0160 0.0040 0.0070
2781     2781   (0)     29  : 0.0030 0.9850 0.0020 0.0030 0.0070
2782     2782   (0)     29  : 0.0020 0.9890 0.0030 0.0030 0.0030
2783     2783   (0)     29  : 0.0030 0.9830 0.0050 0.0050 0.0040
2784     2784   (0)     29  : 0.0030 0.9820 0.0030 0.0040 0.0080
2785     2785   (0)     29  : 0.0030 0.9865 0.0035 0.0040 0.0030
2786     2786   (0)     29  : 0.0020 0.9900 0.0020 0.0030 0.0030
2787     2787   (0)     29  : 0.0020 0.9890 0.0020 0.0040 0.0030
2788     2788   (0)     29  : 0.0030 0.9740 0.0100 0.0070 0.0060
2789     2789   (0)     29  : 0.0040 0.9810 0.0060 0.0050 0.0040
2790     2790   (0)     29  : 0.0040 0.9820 0.0040 0.0030 0.0070
2791     2791   (0)     29  : 0.0020 0.9900 0.0020 0.0030 0.0030
2792     2792   (0)     29  : 0.0040 0.9645 0.0095 0.0110 0.0110
2793     2793   (0)     29  : 0.0030 0.9890 0.0020 0.0030 0.0030
2794     2794   (0)     29  : 0.0020 0.9910 0.0020 0.0030 0.0020
2795     2795   (0)     29  : 0.0030 0.9865 0.0040 0.0035 0.0030
2796     2796   (0)     29  : 0.0050 0.9860 0.0020 0.0030 0.0040
2797     2797   (0)     29  : 0.0020 0.9910 0.0020 0.0030 0.0020
2798     2798   (0)     29  : 0.0020 0.9885 0.0030 0.0035 0.0030
2799     2799   (0)     29  : 0.0060 0.9860 0.0020 0.0030 0.0030
2800     2800   (0)     29  : 0.0050 0.9830 0.0030 0.0040 0.0050
2801     2801   (0)     29  : 0.0040 0.9790 0.0060 0.0060 0.0050
2802     2802   (0)     29  : 0.0030 0.9860 0.0030 0.0040 0.0040
2803     2803   (0)     29  : 0.0030 0.9850 0.0030 0.0050 0.0040
2804     2804   (0)     29  : 0.0020 0.9880 0.0030 0.0030 0.0040
2805     2805   (0)     29  : 0.0050 0.9830 0.0040 0.0050 0.0030
2806     2806   (0)     29  : 0.0030 0.9700 0.0160 0.0050 0.0060
2807     2807   (0)     29  : 0.0030 0.9810 0.0060 0.0050 0.0050
2808     2808   (0)     29  : 0.0020 0.9870 0.0030 0.0040 0.0040
2809     2809   (0)     29  : 0.0040 0.9840 0.0040 0.0040 0.0040
2810     2810   (0)     29  : 0.0030 0.9875 0.0040 0.0030 0.0025
2811     2811   (0)     29  : 0.0030 0.9860 0.0040 0.0030 0.0040
2812     2812   (0)     29  : 0.0020 0.9900 0.0020 0.0030 0.0030
2813     2813   (0)     29  : 0.0030 0.9870 0.0030 0.0030 0.0040
2814     2814   (0)     29  : 0.0030 0.9820 0.0030 0.0050 0.0070
2815     2815   (0)     29  : 0.0030 0.9880 0.0020 0.0030 0.0040
2816     2816   (0)     29  : 0.0020 0.9910 0.0020 0.0030 0.0020
2817     2817   (0)     29  : 0.0020 0.9850 0.0050 0.0040 0.0040
2818     2818   (0)     29  : 0.0040 0.9810 0.0040 0.0050 0.0060
2819     2819   (0)     29  : 0.0020 0.9905 0.0025 0.0020 0.0030
2820     2820   (0)     29  : 0.0030 0.9880 0.0030 0.0030 0.0030
2821     2821   (0)     29  : 0.0020 0.9890 0.0030 0.0030 0.0030
2822     2822   (0)     29  : 0.0050 0.9800 0.0040 0.0070 0.0040
2823     2823   (0)     29  : 0.0030 0.9880 0.0030 0.0030 0.0030
2824     2824   (0)     29  : 0.0030 0.9770 0.0130 0.0030 0.0040
2825     2825   (0)     29  : 0.0030 0.9880 0.0030 0.0030 0.0030
2826     2826   (0)     29  : 0.0030 0.9890 0.0020 0.0030 0.0030
2827     2827   (0)     29  : 0.0040 0.9760 0.0060 0.0070 0.0070
2828     2828   (0)     29  : 0.0030 0.9810 0.0080 0.0040 0.0040
2829     2829   (0)     29  : 0.0030 0.9830 0.0060 0.0040 0.0040
2830     2830   (0)     29  : 0.0030 0.9870 0.0030 0.0040 0.0030
2831     2831   (0)     29  : 0.0040 0.9790 0.0070 0.0050 0.0050
2832     2832   (0)     29  : 0.0030 0.9880 0.0020 0.0030 0.0040
2833     2833   (0)     29  : 0.0020 0.9880 0.0030 0.0040 0.0030
2834     2834   (0)     29  : 0.0030 0.9850 0.0030 0.0050 0.0040
2835     2835   (0)     29  : 0.0030 0.9860 0.0040 0.0040 0.0030
2836     2836   (0)     29  : 0.0030 0.9870 0.0030 0.0040 0.0030
2837     2837   (0)     29  : 0.0020 0.9910 0.0020 0.0030 0.0020
2838     2838   (0)     29  : 0.0030 0.9840 0.0030 0.0060 0.0040
2839     2839   (0)     29  : 0.0030 0.9880 0.0020 0.0040 0.0030
2840     2840   (0)     29  : 0.0030 0.9885 0.0025 0.0030 0.0030
2841     2841   (0)     29  : 0.0020 0.9900 0.0020 0.0030 0.0030
2842     2842   (0)     29  : 0.0030 0.9880 0.0030 0.0030 0.0030
2843     2843   (0)     29  : 0.0040 0.9820 0.0080 0.0030 0.0030
2844     2844   (0)     29  : 0.0040 0.9850 0.0030 0.0040 0.0040
2845     2845   (0)     29  : 0.0030 0.9880 0.0020 0.0030 0.0040
2846     2846   (0)     29  : 0.0020 0.9890 0.0030 0.0030 0.0030
2847     2847   (0)     29  : 0.0020 0.9890 0.0040 0.0030 0.0020
2848     2848   (0)     29  : 0.0030 0.9870 0.0030 0.0040 0.0030
2849     2849   (0)     29  : 0.0020 0.9900 0.0020 0.0030 0.0030
2850     2850   (0)     29  : 0.0030 0.9850 0.0030 0.0050 0.0040
2851     2851   (0)     29  : 0.0030 0.9890 0.0030 0.0030 0.0020
2852     2852   (0)     29  : 0.0040 0.9850 0.0030 0.0040 0.0040
2853     2853   (0)     29  : 0.0030 0.9880 0.0030 0.0030 0.0030
2854     2854   (0)     29  : 0.0030 0.9890 0.0020 0.0030 0.0030
2855     2855   (0)     29  : 0.0030 0.9760 0.0075 0.0080 0.0055
2856     2856   (0)     29  : 0.0020 0.9910 0.0020 0.0030 0.0020
2857     2857   (0)     29  : 0.0020 0.9880 0.0030 0.0040 0.0030
2858     2858   (0)     29  : 0.0030 0.9890 0.0020 0.0030 0.0030
2859     2859   (0)     29  : 0.0040 0.9870 0.0030 0.0030 0.0030
2860     2860   (0)     29  : 0.0070 0.9550 0.0070 0.0140 0.0170
2861     2861   (0)     29  : 0.0030 0.9875 0.0030 0.0035 0.0030
2862     2862   (0)     29  : 0.0030 0.9880 0.0020 0.0040 0.0030
2863     2863   (0)     29  : 0.0020 0.9900 0.0030 0.0030 0.0020
2864     2864   (0)     29  : 0.0020 0.9890 0.0020 0.0040 0.0030
2865     2865   (0)     29  : 0.0030 0.9760 0.0070 0.0070 0.0070
2866     2866   (0)     29  : 0.0030 0.9820 0.0070 0.0040 0.0040
2867     2867   (0)     29  : 0.0030 0.9860 0.0040 0.0040 0.0030
2868     2868   (0)     29  : 0.0020 0.9880 0.0030 0.0040 0.0030
2869     2869   (0)     29  : 0.0020 0.9870 0.0030 0.0050 0.0030
2870     2870   (0)     29  : 0.0050 0.9790 0.0070 0.0030 0.0060
2871     2871   (0)     29  : 0.0030 0.9840 0.0040 0.0040 0.0050
2872     2872   (0)     29  : 0.0020 0.9910 0.0020 0.0030 0.0020
2873     2873   (0)     29  : 0.0020 0.9890 0.0030 0.0030 0.0030
2874     2874   (0)     29  : 0.0020 0.9900 0.0020 0.0030 0.0030
2875     2875   (0)     29  : 0.0020 0.9900 0.0020 0.0030 0.0030
2876     2876   (0)     29  : 0.0040 0.9850 0.0030 0.0040 0.0040
2877     2877   (0)     29  : 0.0030 0.9860 0.0040 0.0040 0.0030
2878     2878   (0)     29  : 0.0030 0.9885 0.0020 0.0035 0.0030
2879     2879   (0)     29  : 0.0030 0.9860 0.0030 0.0040 0.0040
2880     2880   (0)     29  : 0.0030 0.9895 0.0020 0.0035 0.0020
2881     2881   (0)     29  : 0.0035 0.9375 0.0295 0.0225 0.0070
2882     2882   (0)     29  : 0.0020 0.9890 0.0030 0.0030 0.0030
2883     2883   (0)     29  : 0.0060 0.9780 0.0060 0.0040 0.0060
2884     2884   (0)     29  : 0.0020 0.9900 0.0020 0.0030 0.0030
2885     2885   (0)     29  : 0.0030 0.9850 0.0030 0.0050 0.0040
2886     2886   (0)     29  : 0.0060 0.9550 0.0060 0.0130 0.0200
2887     2887   (0)     29  : 0.0030 0.9770 0.0070 0.0100 0.0030
2888     2888   (0)     29  : 0.0020 0.9900 0.0020 0.0030 0.0030
2889     2889   (0)     29  : 0.0030 0.9880 0.0020 0.0040 0.0030
2890     2890   (0)     29  : 0.0035 0.9865 0.0040 0.0030 0.0030
2891     2891   (0)     29  : 0.0030 0.9890 0.0020 0.0030 0.0030
2892     2892   (0)     29  : 0.0040 0.9840 0.0040 0.0040 0.0040
2893     2893   (0)     29  : 0.0030 0.9895 0.0020 0.0030 0.0025
2894     2894   (0)     29  : 0.0050 0.9170 0.0200 0.0435 0.0145
2895     2895   (0)     29  : 0.0020 0.9890 0.0030 0.0030 0.0030
2896     2896   (0)     29  : 0.0030 0.9880 0.0020 0.0040 0.0030
2897     2897   (0)     29  : 0.0030 0.9850 0.0040 0.0040 0.0040
2898     2898   (0)     29  : 0.0020 0.9900 0.0020 0.0030 0.0030
2899     2899   (0)     29  : 0.0020 0.9910 0.0020 0.0030 0.0020
2900     2900   (0)     29  : 0.0030 0.9880 0.0020 0.0040 0.0030
2901     2901   (0)     29  : 0.0050 0.9600 0.0130 0.0080 0.0140
2902     2902   (0)     29  : 0.0030 0.9890 0.0020 0.0030 0.0030
2903     2903   (0)     29  : 0.0020 0.9920 0.0020 0.0020 0.0020
2904     2904   (0)     29  : 0.0020 0.9900 0.0030 0.0030 0.0020
2905     2905   (0)     29  : 0.0020 0.9860 0.0050 0.0030 0.0040
2906     2906   (0)     29  : 0.0030 0.9870 0.0020 0.0040 0.0040
2907     2907   (0)     29  : 0.0060 0.9615 0.0055 0.0110 0.0160
2908     2908   (0)     29  : 0.0030 0.9860 0.0040 0.0030 0.0040
2909     2909   (0)     29  : 0.0020 0.9880 0.0030 0.0040 0.0030
2910     2910   (0)     29  : 0.0030 0.9840 0.0040 0.0040 0.0050
2911     2911   (0)     29  : 0.0040 0.9800 0.0050 0.0060 0.0050
2912     2912   (0)     29  : 0.0040 0.9740 0.0070 0.0050 0.0100
2913     2913   (0)     29  : 0.0030 0.9820 0.0030 0.0050 0.0070
2914     2914   (0)     29  : 0.0020 0.9870 0.0030 0.0040 0.0040
2915     2915   (0)     29  : 0.0020 0.9910 0.0020 0.0030 0.0020
2916     2916   (0)     29  : 0.0060 0.9830 0.0030 0.0030 0.0050
2917     2917   (0)     29  : 0.0030 0.9890 0.0020 0.0030 0.0030
2918     2918   (0)     29  : 0.0080 0.9630 0.0180 0.0030 0.0080
2919     2919   (0)     29  : 0.0030 0.9850 0.0050 0.0030 0.0040
2920     2920   (0)     29  : 0.0030 0.9880 0.0020 0.0040 0.0030
2921     2921   (0)     29  : 0.0030 0.9860 0.0040 0.0030 0.0040
2922     2922   (0)     29  : 0.0040 0.9850 0.0020 0.0060 0.0030
2923     2923   (0)     29  : 0.0030 0.9830 0.0060 0.0050 0.0030
2924     2924   (0)     29  : 0.0030 0.9800 0.0100 0.0050 0.0020
2925     2925   (0)     29  : 0.0040 0.9755 0.0060 0.0090 0.0055
2926     2926   (5)     30  : 0.0030 0.0040 0.9870 0.0030 0.0030
2927     2927   (0)     30  : 0.0020 0.0040 0.9870 0.0030 0.0040
2928     2928   (0)     30  : 0.0030 0.0050 0.9800 0.0070 0.0050
2929     2929   (0)     30  : 0.0030 0.0020 0.9890 0.0030 0.0030
2930     2930   (5)     30  : 0.0050 0.0030 0.9735 0.0120 0.0065
2931     2931   (0)     30  : 0.0030 0.0020 0.9900 0.0030 0.0020
2932     2932   (0)     30  : 0.0050 0.0030 0.9860 0.0030 0.0030
2933     2933   (0)     30  : 0.0030 0.0030 0.9865 0.0045 0.0030
2934     2934   (0)     30  : 0.0030 0.0040 0.9860 0.0040 0.0030
2935     2935   (0)     30  : 0.0040 0.0040 0.9860 0.0030 0.0030
2936     2936   (0)     30  : 0.0030 0.0020 0.9890 0.0030 0.0030
2937     2937   (0)     30  : 0.0020 0.0030 0.9880 0.0030 0.0040
2938     2938   (5)     30  : 0.0040 0.0030 0.9820 0.0050 0.0060
2939     2939   (0)     30  : 0.0030 0.0030 0.9890 0.0030 0.0020
2940     2940   (0)     30  : 0.0030 0.0030 0.9875 0.0035 0.0030
2941     2941   (0)     30  : 0.0020 0.0020 0.9920 0.0020 0.0020
2942     2942   (0)     30  : 0.0030 0.0020 0.9810 0.0050 0.0090
2943     2943   (0)     30  : 0.0020 0.0040 0.9870 0.0040 0.0030
2944     2944   (0)     30  : 0.0035 0.0080 0.9785 0.0060 0.0040
2945     2945   (0)     30  : 0.0040 0.0070 0.9515 0.0130 0.0245
2946     2946   (0)     30  : 0.0030 0.0020 0.9880 0.0040 0.0030
2947     2947   (0)     30  : 0.0020 0.0030 0.9890 0.0030 0.0030
2948     2948   (0)     30  : 0.0040 0.0120 0.9620 0.0110 0.0110
2949     2949   (0)     30  : 0.0070 0.0050 0.9760 0.0070 0.0050
2950     2950   (0)     30  : 0.0030 0.0030 0.9880 0.0030 0.0030
2951     2951   (0)     30  : 0.0030 0.0110 0.9700 0.0090 0.0070
2952     2952   (0)     30  : 0.0030 0.0030 0.9870 0.0040 0.0030
2953     2953   (0)     31  : 0.0040 0.0030 0.9860 0.0040 0.0030
2954     2954   (0)     31  : 0.0030 0.0040 0.9860 0.0040 0.0030
2955     2955   (0)     31  : 0.0040 0.0040 0.9840 0.0040 0.0040
2956     2956   (0)     31  : 0.0030 0.0030 0.9860 0.0040 0.0040
2957     2957   (0)     31  : 0.0040 0.0120 0.9720 0.0060 0.0060
2958     2958   (0)     31  : 0.0030 0.0040 0.9850 0.0040 0.0040
2959     2959   (0)     31  : 0.0030 0.0030 0.9870 0.0030 0.0040
2960     2960   (0)     31  : 0.0030 0.0030 0.9890 0.0030 0.0020
2961     2961   (0)     31  : 0.0020 0.0020 0.9910 0.0030 0.0020
2962     2962   (0)     31  : 0.0085 0.0040 0.9770 0.0055 0.0050
2963     2963   (0)     31  : 0.0030 0.0020 0.9890 0.0030 0.0030
2964     2964   (0)     31  : 0.0040 0.0050 0.9820 0.0050 0.0040
2965     2965   (0)     31  : 0.0030 0.0040 0.9800 0.0050 0.0080
2966     2966   (0)     31  : 0.0030 0.0030 0.9870 0.0040 0.0030
2967     2967   (0)     31  : 0.0040 0.0030 0.9870 0.0030 0.0030
2968     2968   (0)     31  : 0.0030 0.0020 0.9860 0.0030 0.0060
2969     2969   (0)     31  : 0.0030 0.0030 0.9880 0.0030 0.0030
2970     2970   (0)     31  : 0.0020 0.0030 0.9890 0.0030 0.0030
2971     2971   (0)     31  : 0.0030 0.0030 0.9880 0.0030 0.0030
2972     2972   (0)     31  : 0.0030 0.0020 0.9880 0.0030 0.0040
2973     2973   (0)     31  : 0.0030 0.0030 0.9860 0.0040 0.0040
2974     2974   (0)     31  : 0.0030 0.0030 0.9870 0.0040 0.0030
2975     2975   (0)     31  : 0.0030 0.0030 0.9880 0.0030 0.0030
2976     2976   (0)     31  : 0.0030 0.0030 0.9880 0.0030 0.0030
2977     2977   (0)     31  : 0.0040 0.0040 0.9860 0.0030 0.0030
2978     2978   (0)     31  : 0.0040 0.0030 0.9760 0.0090 0.0080
2979     2979   (0)     31  : 0.0030 0.0030 0.9860 0.0030 0.0050
2980     2980   (0)     31  : 0.0030 0.0050 0.9830 0.0045 0.0045
2981     2981   (0)     31  : 0.0030 0.0040 0.9860 0.0040 0.0030
2982     2982   (0)     31  : 0.0080 0.0080 0.9740 0.0040 0.0060
2983     2983   (0)     31  : 0.0080 0.0080 0.9745 0.0055 0.0040
2984     2984   (0)     31  : 0.0030 0.0020 0.9860 0.0050 0.0040
2985     2985   (0)     31  : 0.0045 0.0090 0.9700 0.0100 0.0065
2986     2986   (0)     31  : 0.0030 0.0030 0.9860 0.0040 0.0040
2987     2987   (0)     31  : 0.0030 0.0040 0.9770 0.0090 0.0070
2988     2988   (0)     31  : 0.0040 0.0040 0.9820 0.0050 0.0050
2989     2989   (0)     31  : 0.0050 0.0210 0.9550 0.0110 0.0080
2990     2990   (0)     31  : 0.0030 0.0050 0.9830 0.0050 0.0040
2991     2991   (0)     31  : 0.0020 0.0060 0.9800 0.0060 0.0060
2992     2992   (0)     31  : 0.0030 0.0040 0.9850 0.0040 0.0040
2993     2993   (0)     31  : 0.0030 0.0030 0.9880 0.0030 0.0030
2994     2994   (0)     31  : 0.0030 0.0030 0.9860 0.0040 0.0040
2995     2995   (0)     31  : 0.0040 0.0040 0.9860 0.0030 0.0030
2996     2996   (0)     31  : 0.0030 0.0040 0.9820 0.0050 0.0060
2997     2997   (0)     31  : 0.0030 0.0020 0.9890 0.0030 0.0030
2998     2998   (0)     31  : 0.0020 0.0030 0.9880 0.0040 0.0030
2999     2999   (0)     31  : 0.0040 0.0020 0.9860 0.0040 0.0040
3000     3000   (0)     31  : 0.0030 0.0030 0.9860 0.0040 0.0040
3001     3001   (0)     31  : 0.0030 0.0040 0.9850 0.0050 0.0030
3002     3002   (0)     31  : 0.0030 0.0030 0.9860 0.0040 0.0040
3003     3003   (0)     31  : 0.0040 0.0020 0.9880 0.0030 0.0030
3004     3004   (0)     31  : 0.0030 0.0040 0.9840 0.0050 0.0040
3005     3005   (0)     31  : 0.0020 0.0030 0.9850 0.0050 0.0050
3006     3006   (0)     31  : 0.0020 0.0030 0.9890 0.0030 0.0030
3007     3007   (0)     31  : 0.0040 0.0030 0.9850 0.0040 0.0040
3008     3008   (0)     31  : 0.0030 0.0030 0.9855 0.0050 0.0035
3009     3009   (0)     31  : 0.0030 0.0020 0.9890 0.0030 0.0030
3010     3010   (0)     31  : 0.0040 0.0060 0.9810 0.0050 0.0040
3011     3011   (0)     31  : 0.0030 0.0065 0.9825 0.0050 0.0030
3012     3012   (0)     31  : 0.0050 0.0030 0.9860 0.0030 0.0030
3013     3013   (0)     31  : 0.0020 0.0020 0.9890 0.0030 0.0040
3014     3014   (0)     31  : 0.0020 0.0020 0.9880 0.0040 0.0040
3015     3015   (0)     31  : 0.0040 0.0040 0.9810 0.0050 0.0060
3016     3016   (0)     31  : 0.0030 0.0040 0.9840 0.0040 0.0050
3017     3017   (0)     31  : 0.0040 0.0040 0.9795 0.0060 0.0065
3018     3018   (0)     31  : 0.0045 0.0020 0.9875 0.0030 0.0030
3019     3019   (0)     31  : 0.0020 0.0030 0.9910 0.0020 0.0020
3020     3020   (0)     31  : 0.0050 0.0040 0.9830 0.0040 0.0040
3021     3021   (0)     31  : 0.0030 0.0080 0.9820 0.0040 0.0030
3022     3022   (0)     31  : 0.0060 0.0030 0.9790 0.0070 0.0050
3023     3023   (0)     31  : 0.0030 0.0040 0.9870 0.0030 0.0030
3024     3024   (0)     31  : 0.0050 0.0040 0.9750 0.0090 0.0070
3025     3025   (0)     31  : 0.0040 0.0060 0.9790 0.0060 0.0050
3026     3026   (0)     31  : 0.0020 0.0020 0.9920 0.0020 0.0020
3027     3027   (0)     31  : 0.0030 0.0040 0.9850 0.0050 0.0030
3028     3028   (0)     31  : 0.0040 0.0050 0.9830 0.0040 0.0040
3029     3029   (0)     31  : 0.0020 0.0040 0.9890 0.0030 0.0020
3030     3030   (0)     31  : 0.0030 0.0020 0.9890 0.0030 0.0030
3031     3031   (0)     31  : 0.0020 0.0030 0.9895 0.0030 0.0025
3032     3032   (0)     31  : 0.0030 0.0090 0.9780 0.0050 0.0050
3033     3033   (0)     31  : 0.0030 0.0120 0.9770 0.0040 0.0040
3034     3034   (0)     31  : 0.0020 0.0030 0.9880 0.0040 0.0030
3035     3035   (0)     31  : 0.0040 0.0040 0.9750 0.0100 0.0070
3036     3036   (0)     31  : 0.0030 0.0040 0.9740 0.0060 0.0130
3037     3037   (0)     31  : 0.0030 0.0170 0.9620 0.0100 0.0080
3038     3038   (0)     31  : 0.0020 0.0060 0.9840 0.0040 0.0040
3039     3039   (0)     31  : 0.0020 0.0020 0.9900 0.0030 0.0030
3040     3040   (0)     31  : 0.0025 0.0030 0.9875 0.0040 0.0030
3041     3041   (0)     31  : 0.0050 0.0050 0.9830 0.0040 0.0030
3042     3042   (0)     31  : 0.0040 0.0040 0.9840 0.0040 0.0040
3043     3043   (0)     31  : 0.0020 0.0020 0.9900 0.0030 0.0030
3044     3044   (0)     31  : 0.0030 0.0065 0.9835 0.0040 0.0030
3045     3045   (0)     31  : 0.0050 0.0040 0.9800 0.0050 0.0060
3046     3046   (0)     31  : 0.0030 0.0050 0.9820 0.0050 0.0050
3047     3047   (0)     31  : 0.0030 0.0030 0.9870 0.0040 0.0030
3048     3048   (0)     31  : 0.0030 0.0040 0.9850 0.0040 0.0040
3049     3049   (0)     31  : 0.0030 0.0030 0.9880 0.0030 0.0030
3050     3050   (0)     31  : 0.0030 0.0030 0.9870 0.0030 0.0040
3051     3051   (0)     31  : 0.0030 0.0020 0.9860 0.0040 0.0050
3052     3052   (0)     31  : 0.0075 0.0040 0.9795 0.0050 0.0040
3053     3053   (0)     31  : 0.0040 0.0040 0.9840 0.0040 0.0040
3054     3054   (0)     31  : 0.0040 0.0040 0.9820 0.0050 0.0050
3055     3055   (0)     31  : 0.0030 0.0030 0.9880 0.0030 0.0030
3056     3056   (0)     31  : 0.0030 0.0020 0.9900 0.0030 0.0020
3057     3057   (0)     31  : 0.0030 0.0040 0.9850 0.0040 0.0040
3058     3058   (0)     31  : 0.0030 0.0030 0.9870 0.0040 0.0030
3059     3059   (0)     31  : 0.0030 0.0040 0.9810 0.0050 0.0070
3060     3060   (0)     31  : 0.0020 0.0030 0.9880 0.0040 0.0030
3061     3061   (0)     31  : 0.0030 0.0030 0.9795 0.0050 0.0095
3062     3062   (0)     31  : 0.0040 0.0050 0.9775 0.0060 0.0075
3063     3063   (0)     31  : 0.0030 0.0030 0.9870 0.0040 0.0030
3064     3064   (0)     31  : 0.0030 0.0050 0.9820 0.0050 0.0050
3065     3065   (0)     31  : 0.0030 0.0030 0.9870 0.0040 0.0030
3066     3066   (0)     31  : 0.0030 0.0040 0.9840 0.0040 0.0050
3067     3067   (0)     31  : 0.0040 0.0050 0.9805 0.0060 0.0045
3068     3068   (0)     31  : 0.0030 0.0030 0.9860 0.0040 0.0040
3069     3069   (0)     31  : 0.0030 0.0040 0.9800 0.0070 0.0060
3070     3070   (0)     31  : 0.0040 0.0040 0.9840 0.0040 0.0040
3071     3071   (0)     31  : 0.0050 0.0030 0.9850 0.0030 0.0040
3072     3072   (0)     31  : 0.0040 0.0030 0.9840 0.0050 0.0040
3073     3073   (0)     31  : 0.0030 0.0040 0.9840 0.0040 0.0050
3074     3074   (0)     31  : 0.0030 0.0040 0.9840 0.0050 0.0040
3075     3075   (0)     31  : 0.0030 0.0040 0.9780 0.0070 0.0080
3076     3076   (0)     31  : 0.0020 0.0020 0.9900 0.0030 0.0030
3077     3077   (0)     31  : 0.0050 0.0090 0.9760 0.0050 0.0050
3078     3078   (0)     31  : 0.0050 0.0030 0.9860 0.0030 0.0030
3079     3079   (0)     31  : 0.0020 0.0020 0.9890 0.0040 0.0030
3080     3080   (0)     31  : 0.0030 0.0040 0.9820 0.0050 0.0060
3081     3081   (0)     31  : 0.0030 0.0030 0.9830 0.0060 0.0050
3082     3082   (0)     31  : 0.0030 0.0030 0.9880 0.0030 0.0030
3083     3083   (0)     31  : 0.0040 0.0030 0.9830 0.0050 0.0050
3084     3084   (0)     31  : 0.0030 0.0040 0.9830 0.0040 0.0060
3085     3085   (0)     31  : 0.0030 0.0020 0.9890 0.0030 0.0030
3086     3086   (0)     31  : 0.0050 0.0070 0.9810 0.0040 0.0030
3087     3087   (0)     31  : 0.0030 0.0030 0.9850 0.0040 0.0050
3088     3088   (0)     31  : 0.0020 0.0020 0.9900 0.0030 0.0030
3089     3089   (0)     31  : 0.0030 0.0040 0.9870 0.0040 0.0020
3090     3090   (0)     31  : 0.0030 0.0070 0.9810 0.0050 0.0040
3091     3091   (0)     31  : 0.0030 0.0020 0.9900 0.0030 0.0020
3092     3092   (0)     31  : 0.0030 0.0060 0.9830 0.0050 0.0030
3093     3093   (0)     31  : 0.0030 0.0030 0.9880 0.0030 0.0030
3094     3094   (0)     31  : 0.0030 0.0050 0.9830 0.0040 0.0050
3095     3095   (0)     31  : 0.0030 0.0040 0.9840 0.0050 0.0040
3096     3096   (0)     31  : 0.0020 0.0030 0.9880 0.0040 0.0030
3097     3097   (0)     31  : 0.0030 0.0040 0.9860 0.0040 0.0030
3098     3098   (0)     31  : 0.0030 0.0020 0.9880 0.0030 0.0040
3099     3099   (0)     31  : 0.0030 0.0020 0.9890 0.0030 0.0030
3100     3100   (0)     31  : 0.0025 0.0030 0.9865 0.0040 0.0040
3101     3101   (0)     31  : 0.0040 0.0050 0.9810 0.0040 0.0060
3102     3102   (0)     31  : 0.0030 0.0020 0.9870 0.0030 0.0050
3103     3103   (0)     31  : 0.0020 0.0030 0.9900 0.0030 0.0020
3104     3104   (0)     31  : 0.0030 0.0040 0.9830 0.0060 0.0040
3105     3105   (0)     31  : 0.0030 0.0030 0.9880 0.0030 0.0030
3106     3106   (0)     31  : 0.0030 0.0020 0.9880 0.0040 0.0030
3107     3107   (0)     31  : 0.0050 0.0040 0.9850 0.0030 0.0030
3108     3108   (0)     31  : 0.0030 0.0030 0.9860 0.0040 0.0040
3109     3109   (0)     31  : 0.0030 0.0030 0.9870 0.0040 0.0030
3110     3110   (0)     31  : 0.0040 0.0020 0.9870 0.0030 0.0040
3111     3111   (0)     31  : 0.0030 0.0060 0.9820 0.0050 0.0040
3112     3112   (0)     31  : 0.0020 0.0020 0.9845 0.0060 0.0055
3113     3113   (0)     31  : 0.0030 0.0040 0.9830 0.0050 0.0050
3114     3114   (0)     31  : 0.0030 0.0020 0.9890 0.0030 0.0030
3115     3115   (0)     31  : 0.0030 0.0020 0.9880 0.0040 0.0030
3116     3116   (0)     31  : 0.0020 0.0020 0.9900 0.0030 0.0030
3117     3117   (0)     31  : 0.0030 0.0030 0.9880 0.0030 0.0030
3118     3118   (0)     31  : 0.0020 0.0020 0.9910 0.0030 0.0020
3119     3119   (0)     31  : 0.0040 0.0050 0.9810 0.0030 0.0070
3120     3120   (0)     31  : 0.0020 0.0030 0.9870 0.0040 0.0040
3121     3121   (0)     31  : 0.0030 0.0030 0.9870 0.0040 0.0030
3122     3122   (0)     31  : 0.0020 0.0030 0.9870 0.0040 0.0040
3123     3123   (0)     31  : 0.0040 0.0030 0.9870 0.0030 0.0030
3124     3124   (0)     31  : 0.0020 0.0020 0.9900 0.0030 0.0030
3125     3125   (0)     31  : 0.0020 0.0030 0.9890 0.0030 0.0030
3126     3126   (0)     31  : 0.0020 0.0020 0.9890 0.0030 0.0040
3127     3127   (0)     31  : 0.0030 0.0040 0.9850 0.0040 0.0040
3128     3128   (0)     31  : 0.0030 0.0020 0.9890 0.0030 0.0030
3129     3129   (0)     31  : 0.0030 0.0020 0.9890 0.0030 0.0030
3130     3130   (0)     31  : 0.0030 0.0030 0.9850 0.0050 0.0040
3131     3131   (0)     31  : 0.0030 0.0020 0.9890 0.0030 0.0030
3132     3132   (0)     31  : 0.0030 0.0050 0.9810 0.0060 0.0050
3133     3133   (0)     31  : 0.0020 0.0020 0.9900 0.0030 0.0030
3134     3134   (0)     31  : 0.0040 0.0050 0.9800 0.0060 0.0050
3135     3135   (0)     31  : 0.0040 0.0020 0.9880 0.0030 0.0030
3136     3136   (0)     31  : 0.0060 0.0050 0.9810 0.0040 0.0040
3137     3137   (0)     31  : 0.0030 0.0030 0.9880 0.0030 0.0030
3138     3138   (0)     31  : 0.0030 0.0190 0.9670 0.0060 0.0050
3139     3139   (0)     31  : 0.0040 0.0100 0.9695 0.0080 0.0085
3140     3140   (0)     31  : 0.0040 0.0030 0.9850 0.0040 0.0040
3141     3141   (0)     31  : 0.0030 0.0040 0.9870 0.0030 0.0030
3142     3142   (0)     31  : 0.0030 0.0020 0.9890 0.0030 0.0030
3143     3143   (0)     31  : 0.0030 0.0030 0.9870 0.0040 0.0030
3144     3144   (0)     31  : 0.0030 0.0020 0.9895 0.0025 0.0030
3145     3145   (0)     31  : 0.0030 0.0030 0.9850 0.0050 0.0040
3146     3146   (0)     31  : 0.0030 0.0030 0.9880 0.0030 0.0030
3147     3147   (0)     31  : 0.0030 0.0030 0.9860 0.0050 0.0030
3148     3148   (0)     31  : 0.0030 0.0030 0.9810 0.0060 0.0070
3149     3149   (0)     31  : 0.0030 0.0030 0.9880 0.0030 0.0030
3150     3150   (0)     31  : 0.0030 0.0030 0.9860 0.0040 0.0040
3151     3151   (0)     31  : 0.0070 0.0040 0.9700 0.0080 0.0110
3152     3152   (0)     31  : 0.0040 0.0020 0.9830 0.0060 0.0050
3153     3153   (0)     31  : 0.0030 0.0030 0.9880 0.0030 0.0030
3154     3154   (0)     31  : 0.0030 0.0030 0.9880 0.0030 0.0030
3155     3155   (0)     31  : 0.0050 0.0040 0.9810 0.0060 0.0040
3156     3156   (0)     31  : 0.0030 0.0030 0.9880 0.0030 0.0030
3157     3157   (0)     31  : 0.0035 0.0040 0.9845 0.0030 0.0050
3158     3158   (0)     31  : 0.0030 0.0030 0.9870 0.0040 0.0030
3159     3159   (0)     31  : 0.0040 0.0030 0.9760 0.0080 0.0090
3160     3160   (0)     31  : 0.0040 0.0020 0.9860 0.0040 0.0040
3161     3161   (0)     31  : 0.0030 0.0030 0.9840 0.0050 0.0050
3162     3162   (0)     31  : 0.0040 0.0050 0.9840 0.0040 0.0030
3163     3163   (0)     31  : 0.0040 0.0050 0.9820 0.0040 0.0050
3164     3164   (0)     31  : 0.0040 0.0070 0.9800 0.0050 0.0040
3165     3165   (0)     31  : 0.0030 0.0020 0.9880 0.0040 0.0030
3166     3166   (0)     31  : 0.0020 0.0040 0.9840 0.0050 0.0050
3167     3167   (0)     31  : 0.0020 0.0030 0.9890 0.0030 0.0030
3168     3168   (0)     31  : 0.0050 0.0040 0.9750 0.0090 0.0070
3169     3169   (0)     31  : 0.0030 0.0050 0.9810 0.0070 0.0040
3170     3170   (0)     31  : 0.0030 0.0040 0.9860 0.0040 0.0030
3171     3171   (0)     31  : 0.0030 0.0030 0.9870 0.0030 0.0040
3172     3172   (0)     31  : 0.0050 0.0040 0.9810 0.0060 0.0040
3173     3173   (0)     31  : 0.0030 0.0020 0.9880 0.0040 0.0030
3174     3174   (0)     31  : 0.0040 0.0090 0.9800 0.0040 0.0030
3175     3175   (0)     31  : 0.0020 0.0030 0.9880 0.0040 0.0030
3176     3176   (0)     31  : 0.0030 0.0020 0.9890 0.0030 0.0030
3177     3177   (0)     31  : 0.0040 0.0050 0.9800 0.0060 0.0050
3178     3178   (0)     31  : 0.0030 0.0030 0.9860 0.0040 0.0040
3179     3179   (0)     31  : 0.0030 0.0020 0.9890 0.0030 0.0030
3180     3180   (0)     31  : 0.0030 0.0030 0.9840 0.0050 0.0050
3181     3181   (0)     31  : 0.0030 0.0040 0.9870 0.0030 0.0030
3182     3182   (0)     31  : 0.0030 0.0030 0.9850 0.0050 0.0040
3183     3183   (0)     31  : 0.0030 0.0030 0.9870 0.0040 0.0030
3184     3184   (0)     31  : 0.0030 0.0030 0.9840 0.0060 0.0040
3185     3185   (0)     31  : 0.0030 0.0040 0.9820 0.0060 0.0050
3186     3186   (0)     31  : 0.0030 0.0020 0.9870 0.0040 0.0040
3187     3187   (0)     31  : 0.0030 0.0050 0.9800 0.0070 0.0050
3188     3188   (0)     31  : 0.0040 0.0210 0.9620 0.0050 0.0080
3189     3189   (0)     31  : 0.0030 0.0060 0.9800 0.0070 0.0040
3190     3190   (0)     31  : 0.0030 0.0020 0.9890 0.0030 0.0030
3191     3191   (0)     31  : 0.0050 0.0050 0.9780 0.0050 0.0070
3192     3192   (0)     31  : 0.0040 0.0110 0.9590 0.0090 0.0170
3193     3193   (0)     31  : 0.0030 0.0020 0.9840 0.0050 0.0060
3194     3194   (0)     31  : 0.0030 0.0040 0.9870 0.0030 0.0030
3195     3195   (0)     31  : 0.0040 0.0030 0.9870 0.0030 0.0030
3196     3196   (0)     31  : 0.0030 0.0040 0.9770 0.0090 0.0070
3197     3197   (0)     31  : 0.0030 0.0020 0.9890 0.0030 0.0030
3198     3198   (0)     31  : 0.0030 0.0040 0.9760 0.0100 0.0070
3199     3199   (0)     31  : 0.0030 0.0040 0.9870 0.0030 0.0030
3200     3200   (0)     31  : 0.0040 0.0040 0.9840 0.0040 0.0040
3201     3201   (0)     31  : 0.0030 0.0020 0.9890 0.0030 0.0030
3202     3202   (0)     31  : 0.0030 0.0050 0.9845 0.0045 0.0030
3203     3203   (0)     31  : 0.0040 0.0040 0.9830 0.0050 0.0040
3204     3204   (0)     31  : 0.0020 0.0030 0.9890 0.0030 0.0030
3205     3205   (0)     31  : 0.0030 0.0050 0.9840 0.0050 0.0030
3206     3206   (0)     31  : 0.0030 0.0040 0.9870 0.0030 0.0030
3207     3207   (0)     31  : 0.0060 0.0520 0.9250 0.0090 0.0080
3208     3208   (0)     31  : 0.0020 0.0020 0.9905 0.0030 0.0025
3209     3209   (0)     31  : 0.0030 0.0120 0.9750 0.0060 0.0040
3210     3210   (0)     31  : 0.0030 0.0030 0.9860 0.0040 0.0040
3211     3211   (0)     31  : 0.0020 0.0030 0.9880 0.0040 0.0030
3212     3212   (0)     31  : 0.0030 0.0040 0.9840 0.0050 0.0040
3213     3213   (0)     31  : 0.0040 0.0030 0.9850 0.0040 0.0040
3214     3214   (0)     31  : 0.0030 0.0055 0.9845 0.0040 0.0030
3215     3215   (0)     31  : 0.0020 0.0040 0.9850 0.0050 0.0040
3216     3216   (0)     31  : 0.0020 0.0040 0.9870 0.0030 0.0040
3217     3217   (0)     31  : 0.0030 0.0030 0.9860 0.0040 0.0040
3218     3218   (0)     31  : 0.0020 0.0030 0.9890 0.0030 0.0030
3219     3219   (0)     31  : 0.0030 0.0090 0.9740 0.0080 0.0060
3220     3220   (0)     31  : 0.0040 0.0060 0.9700 0.0130 0.0070
3221     3221   (0)     31  : 0.0020 0.0030 0.9890 0.0030 0.0030
3222     3222   (0)     31  : 0.0030 0.0020 0.9890 0.0030 0.0030
3223     3223   (0)     31  : 0.0050 0.0030 0.9840 0.0040 0.0040
3224     3224   (0)     31  : 0.0025 0.0040 0.9815 0.0050 0.0070
3225     3225   (0)     31  : 0.0030 0.0050 0.9840 0.0040 0.0040
3226     3226   (0)     31  : 0.0020 0.0030 0.9840 0.0060 0.0050
3227     3227   (0)     31  : 0.0040 0.0120 0.9700 0.0080 0.0060
3228     3228   (0)     31  : 0.0030 0.0025 0.9895 0.0020 0.0030
3229     3229   (0)     31  : 0.0030 0.0030 0.9850 0.0040 0.0050
3230     3230   (0)     31  : 0.0030 0.0030 0.9880 0.0030 0.0030
3231     3231   (0)     31  : 0.0040 0.0030 0.9860 0.0040 0.0030
3232     3232   (0)     31  : 0.0050 0.0030 0.9860 0.0030 0.0030
3233     3233   (0)     31  : 0.0040 0.0090 0.9780 0.0040 0.0050
3234     3234   (0)     31  : 0.0040 0.0020 0.9830 0.0040 0.0070
3235     3235   (0)     31  : 0.0020 0.0020 0.9880 0.0040 0.0040
3236     3236   (0)     31  : 0.0030 0.0030 0.9870 0.0040 0.0030
3237     3237   (0)     31  : 0.0030 0.0040 0.9740 0.0140 0.0050
3238     3238   (0)     31  : 0.0030 0.0050 0.9820 0.0070 0.0030
3239     3239   (0)     31  : 0.0030 0.0035 0.9785 0.0050 0.0100
3240     3240   (0)     31  : 0.0030 0.0050 0.9830 0.0050 0.0040
3241     3241   (0)     31  : 0.0030 0.0040 0.9870 0.0030 0.0030
3242     3242   (0)     31  : 0.0030 0.0045 0.9855 0.0040 0.0030
3243     3243   (0)     31  : 0.0030 0.0020 0.9870 0.0050 0.0030
3244     3244   (0)     31  : 0.0030 0.0030 0.9880 0.0030 0.0030
3245     3245   (0)     31  : 0.0030 0.0070 0.9840 0.0030 0.0030
3246     3246   (0)     31  : 0.0030 0.0020 0.9900 0.0030 0.0020
3247     3247   (0)     31  : 0.0030 0.0020 0.9890 0.0030 0.0030
3248     3248   (0)     31  : 0.0020 0.0040 0.9865 0.0040 0.0035
3249     3249   (0)     31  : 0.0030 0.0030 0.9880 0.0030 0.0030
3250     3250   (0)     31  : 0.0040 0.0040 0.9840 0.0040 0.0040
3251     3251   (0)     31  : 0.0030 0.0030 0.9840 0.0060 0.0040
3252     3252   (0)     31  : 0.0030 0.0030 0.9835 0.0050 0.0055
3253     3253   (0)     32  : 0.0030 0.0030 0.0060 0.9790 0.0090
3254     3254   (0)     32  : 0.0050 0.0100 0.0180 0.9505 0.0165
3255     3255   (0)     32  : 0.0050 0.0040 0.0100 0.9670 0.0140
3256     3256   (0)     32  : 0.0050 0.0040 0.0275 0.9375 0.0260
3257     3257   (0)     32  : 0.0050 0.0060 0.0060 0.9720 0.0110
3258     3258   (0)     32  : 0.0040 0.0120 0.0480 0.9209 0.0150
3259     3259   (0)     32  : 0.0070 0.0080 0.0190 0.9530 0.0130
3260     3260   (0)     32  : 0.0030 0.0040 0.0040 0.9790 0.0100
3261     3261   (0)     32  : 0.0030 0.0040 0.0050 0.9760 0.0120
3262     3262   (0)     32  : 0.0030 0.0150 0.0090 0.9575 0.0155
3263     3263   (0)     32  : 0.0020 0.0040 0.0060 0.9840 0.0040
3264     3264   (0)     32  : 0.0030 0.0030 0.0080 0.9800 0.0060
3265     3265   (0)     32  : 0.0030 0.0050 0.0040 0.9840 0.0040
3266     3266   (0)     32  : 0.0040 0.0090 0.0240 0.9445 0.0185
3267     3267   (0)     32  : 0.0050 0.0040 0.0100 0.9740 0.0070
3268     3268   (0)     32  : 0.0030 0.0110 0.0240 0.9540 0.0080
3269     3269   (0)     32  : 0.0095 0.0040 0.1320 0.8260 0.0285
3270     3270   (0)     32  : 0.0085 0.0060 0.0125 0.9680 0.0050
3271     3271   (0)     32  : 0.0060 0.0180 0.0100 0.9560 0.0100
3272     3272   (0)     32  : 0.0030 0.0030 0.0110 0.9780 0.0050
3273     3273   (0)     32  : 0.0040 0.0150 0.0100 0.9670 0.0040
3274     3274   (0)     32  : 0.0030 0.0145 0.0135 0.9650 0.0040
3275     3275   (5)     32  : 0.0030 0.0090 0.0100 0.9730 0.0050
3276     3276   (0)     32  : 0.0050 0.0030 0.0150 0.9710 0.0060
3277     3277   (0)     32  : 0.0060 0.0090 0.0495 0.9305 0.0050
3278     3278   (0)     32  : 0.0040 0.0040 0.0050 0.9810 0.0060
3279     3279   (0)     32  : 0.0030 0.0255 0.0090 0.9575 0.0050
3280     3280   (0)     32  : 0.0050 0.0060 0.0180 0.9670 0.0040
3281     3281   (0)     32  : 0.0030 0.0305 0.0050 0.9545 0.0070
3282     3282   (0)     32  : 0.0030 0.0030 0.0105 0.9785 0.0050
3283     3283   (5)     32  : 0.0030 0.0040 0.0060 0.9820 0.0050
3284     3284   (0)     32  : 0.0030 0.0060 0.0345 0.9515 0.0050
3285     3285   (0)     32  : 0.0070 0.0100 0.0070 0.9640 0.0120
3286     3286   (0)     32  : 0.0030 0.0030 0.0050 0.9850 0.0040
3287     3287   (0)     32  : 0.0040 0.0360 0.0070 0.9471 0.0060
3288     3288   (0)     32  : 0.0050 0.0040 0.0080 0.9385 0.0445
3289     3289   (5)     32  : 0.0050 0.0080 0.0160 0.9520 0.0190
3290     3290   (5)     32  : 0.0090 0.0160 0.0465 0.8996 0.0290
3291     3291   (5)     32  : 0.0060 0.0080 0.0140 0.9630 0.0090
3292     3292   (5)     32  : 0.0070 0.0060 0.0040 0.9790 0.0040
3293     3293   (0)     33  : 0.0040 0.0050 0.0220 0.9630 0.0060
3294     3294   (0)     33  : 0.0040 0.0090 0.0120 0.9630 0.0120
3295     3295   (0)     33  : 0.0040 0.0270 0.0040 0.9570 0.0080
3296     3296   (0)     33  : 0.0040 0.0080 0.0030 0.9770 0.0080
3297     3297   (0)     33  : 0.0060 0.0060 0.0060 0.9760 0.0060
3298     3298   (0)     33  : 0.0030 0.0050 0.0060 0.9565 0.0295
3299     3299   (0)     33  : 0.0060 0.0070 0.0080 0.9660 0.0130
3300     3300   (0)     33  : 0.0110 0.0674 0.0070 0.9076 0.0070
3301     3301   (0)     33  : 0.0040 0.0260 0.0370 0.8659 0.0670
3302     3302   (0)     33  : 0.0030 0.0040 0.0105 0.9775 0.0050
3303     3303   (0)     33  : 0.0030 0.0050 0.0290 0.9590 0.0040
3304     3304   (0)     33  : 0.0065 0.0070 0.0080 0.9580 0.0205
3305     3305   (0)     33  : 0.0030 0.0080 0.0050 0.9800 0.0040
3306     3306   (0)     33  : 0.0050 0.0040 0.0160 0.9630 0.0120
3307     3307   (0)     33  : 0.0030 0.0050 0.0110 0.9750 0.0060
3308     3308   (0)     33  : 0.0030 0.0085 0.0100 0.9725 0.0060
3309     3309   (0)     33  : 0.0090 0.0460 0.0060 0.9250 0.0140
3310     3310   (0)     33  : 0.0030 0.0140 0.0070 0.9690 0.0070
3311     3311   (0)     33  : 0.0030 0.0100 0.0070 0.9760 0.0040
3312     3312   (0)     33  : 0.0050 0.0060 0.0100 0.9220 0.0570
3313     3313   (0)     33  : 0.0030 0.0130 0.0040 0.9640 0.0160
3314     3314   (0)     33  : 0.0040 0.0060 0.0575 0.9195 0.0130
3315     3315   (0)     33  : 0.0080 0.0040 0.0030 0.9790 0.0060
3316     3316   (0)     33  : 0.0030 0.0125 0.0135 0.9550 0.0160
3317     3317   (0)     33  : 0.0035 0.0030 0.0525 0.9060 0.0350
3318     3318   (0)     33  : 0.0060 0.0050 0.0150 0.9680 0.0060
3319     3319   (0)     33  : 0.0040 0.0020 0.0030 0.9870 0.0040
3320     3320   (0)     33  : 0.0050 0.0060 0.0040 0.9790 0.0060
3321     3321   (0)     33  : 0.0040 0.0060 0.0460 0.9380 0.0060
3322     3322   (0)     33  : 0.0060 0.0050 0.0130 0.9680 0.0080
3323     3323   (0)     33  : 0.0040 0.0060 0.0125 0.9465 0.0310
3324     3324   (0)     33  : 0.0030 0.0060 0.0080 0.9750 0.0080
3325     3325   (0)     33  : 0.0040 0.0050 0.0040 0.9820 0.0050
3326     3326   (0)     33  : 0.0030 0.0030 0.0050 0.9780 0.0110
3327     3327   (0)     33  : 0.0040 0.0070 0.0110 0.9750 0.0030
3328     3328   (0)     33  : 0.0030 0.0030 0.0135 0.9755 0.0050
3329     3329   (0)     33  : 0.0030 0.0060 0.0050 0.9810 0.0050
3330     3330   (0)     33  : 0.0030 0.0030 0.0030 0.9860 0.0050
3331     3331   (0)     33  : 0.0050 0.0080 0.0080 0.9730 0.0060
3332     3332   (0)     33  : 0.0050 0.0120 0.0290 0.9155 0.0385
3333     3333   (0)     33  : 0.0040 0.0030 0.0445 0.9415 0.0070
3334     3334   (0)     33  : 0.0030 0.0070 0.0050 0.9750 0.0100
3335     3335   (0)     33  : 0.0040 0.0060 0.0100 0.9760 0.0040
3336     3336   (0)     33  : 0.0030 0.0050 0.0060 0.9810 0.0050
3337     3337   (0)     33  : 0.0030 0.0030 0.0110 0.9780 0.0050
3338     3338   (0)     33  : 0.0320 0.0240 0.0090 0.9210 0.0140
3339     3339   (0)     33  : 0.0070 0.0090 0.0070 0.9720 0.0050
3340     3340   (0)     33  : 0.0050 0.0040 0.0080 0.9700 0.0130
3341     3341   (0)     33  : 0.0030 0.0080 0.0060 0.9740 0.0090
3342     3342   (0)     33  : 0.0060 0.0050 0.0070 0.9780 0.0040
3343     3343   (0)     33  : 0.0060 0.0080 0.0320 0.9450 0.0090
3344     3344   (0)     33  : 0.0030 0.0030 0.0905 0.8985 0.0050
3345     3345   (0)     33  : 0.0030 0.0070 0.0070 0.9740 0.0090
3346     3346   (0)     33  : 0.0050 0.0030 0.0360 0.9500 0.0060
3347     3347   (0)     33  : 0.0080 0.0040 0.0170 0.9640 0.0070
3348     3348   (0)     33  : 0.0040 0.0100 0.0070 0.9710 0.0080
3349     3349   (0)     33  : 0.0060 0.0050 0.0110 0.9650 0.0130
3350     3350   (0)     33  : 0.0040 0.0030 0.0100 0.9780 0.0050
3351     3351   (0)     33  : 0.0040 0.0040 0.0030 0.9790 0.0100
3352     3352   (0)     33  : 0.0070 0.0080 0.0050 0.9690 0.0110
3353     3353   (0)     33  : 0.0030 0.0030 0.0305 0.9430 0.0205
3354     3354   (0)     33  : 0.0020 0.0070 0.0050 0.9800 0.0060
3355     3355   (0)     33  : 0.0030 0.0040 0.0060 0.9820 0.0050
3356     3356   (0)     33  : 0.0070 0.0100 0.0110 0.9640 0.0080
3357     3357   (0)     33  : 0.0040 0.0050 0.0100 0.9770 0.0040
3358     3358   (0)     33  : 0.0030 0.0040 0.0050 0.9820 0.0060
3359     3359   (0)     33  : 0.0030 0.0040 0.0370 0.9471 0.0090
3360     3360   (0)     33  : 0.0060 0.0060 0.0130 0.9700 0.0050
3361     3361   (0)     33  : 0.0050 0.0270 0.0120 0.9520 0.0040
3362     3362   (0)     33  : 0.0040 0.0070 0.0060 0.9780 0.0050
3363     3363   (0)     33  : 0.0030 0.0040 0.0120 0.9750 0.0060
3364     3364   (0)     33  : 0.0050 0.0040 0.0090 0.9780 0.0040
3365     3365   (0)     33  : 0.0030 0.0040 0.0070 0.9820 0.0040
3366     3366   (0)     33  : 0.0040 0.0030 0.0080 0.9750 0.0100
3367     3367   (0)     33  : 0.0050 0.0050 0.0815 0.9015 0.0070
3368     3368   (0)     33  : 0.0020 0.0030 0.0130 0.9720 0.0100
3369     3369   (0)     33  : 0.0060 0.0045 0.0605 0.9080 0.0210
3370     3370   (0)     33  : 0.0060 0.0100 0.1206 0.8473 0.0160
3371     3371   (0)     33  : 0.0030 0.0030 0.0085 0.9795 0.0060
3372     3372   (0)     33  : 0.0050 0.0130 0.0255 0.9465 0.0100
3373     3373   (0)     33  : 0.0040 0.0050 0.0110 0.9740 0.0060
3374     3374   (0)     33  : 0.0040 0.0040 0.0290 0.9489 0.0140
3375     3375   (0)     33  : 0.0060 0.0160 0.0205 0.9455 0.0120
3376     3376   (0)     33  : 0.0040 0.0060 0.0130 0.9730 0.0040
3377     3377   (0)     33  : 0.0050 0.0050 0.0050 0.9790 0.0060
3378     3378   (0)     33  : 0.0080 0.0080 0.0120 0.9650 0.0070
3379     3379   (0)     33  : 0.0050 0.0060 0.0070 0.9740 0.0080
3380     3380   (0)     33  : 0.0060 0.0040 0.0130 0.9700 0.0070
3381     3381   (0)     33  : 0.0050 0.1030 0.0070 0.8710 0.0140
3382     3382   (0)     33  : 0.0030 0.0060 0.0075 0.9755 0.0080
3383     3383   (0)     33  : 0.0085 0.0826 0.0060 0.8909 0.0120
3384     3384   (0)     33  : 0.0040 0.0050 0.0250 0.9590 0.0070
3385     3385   (0)     33  : 0.0060 0.0040 0.0050 0.9780 0.0070
3386     3386   (0)     33  : 0.0030 0.0040 0.0060 0.9820 0.0050
3387     3387   (0)     33  : 0.0035 0.0050 0.0180 0.9655 0.0080
3388     3388   (0)     33  : 0.0040 0.0070 0.0080 0.9740 0.0070
3389     3389   (0)     33  : 0.0030 0.0090 0.1305 0.8040 0.0535
3390     3390   (0)     33  : 0.0040 0.0155 0.0100 0.9485 0.0220
3391     3391   (0)     33  : 0.0060 0.0290 0.0090 0.9490 0.0070
3392     3392   (0)     33  : 0.0040 0.0090 0.0260 0.9410 0.0200
3393     3393   (0)     33  : 0.0050 0.0040 0.0589 0.9281 0.0040
3394     3394   (0)     33  : 0.0035 0.0150 0.0090 0.9675 0.0050
3395     3395   (0)     33  : 0.0040 0.0040 0.0070 0.9800 0.0050
3396     3396   (0)     33  : 0.0060 0.0070 0.0120 0.9595 0.0155
3397     3397   (0)     33  : 0.0070 0.0170 0.0245 0.9445 0.0070
3398     3398   (0)     33  : 0.0050 0.0130 0.0240 0.9530 0.0050
3399     3399   (0)     33  : 0.0040 0.0040 0.0090 0.9770 0.0060
3400     3400   (0)     33  : 0.0030 0.0100 0.0100 0.9690 0.0080
3401     3401   (0)     33  : 0.0040 0.0040 0.0060 0.9760 0.0100
3402     3402   (0)     33  : 0.0030 0.0040 0.0130 0.9750 0.0050
3403     3403   (0)     33  : 0.0060 0.0070 0.0090 0.9730 0.0050
3404     3404   (0)     33  : 0.0040 0.0160 0.0240 0.9380 0.0180
3405     3405   (0)     33  : 0.0040 0.0030 0.0110 0.9655 0.0165
3406     3406   (0)     33  : 0.0040 0.0040 0.0060 0.9810 0.0050
3407     3407   (0)     33  : 0.0040 0.0085 0.0110 0.9715 0.0050
3408     3408   (0)     33  : 0.0040 0.0060 0.0040 0.9780 0.0080
3409     3409   (0)     33  : 0.0030 0.0050 0.0080 0.9800 0.0040
3410     3410   (0)     33  : 0.0040 0.0080 0.0145 0.9665 0.0070
3411     3411   (0)     33  : 0.0030 0.0050 0.0410 0.9025 0.0485
3412     3412   (0)     33  : 0.0050 0.0060 0.0230 0.9540 0.0120
3413     3413   (0)     33  : 0.0040 0.0040 0.0060 0.9770 0.0090
3414     3414   (0)     33  : 0.0040 0.0050 0.0100 0.9730 0.0080
3415     3415   (0)     33  : 0.0050 0.0130 0.0040 0.9710 0.0070
3416     3416   (0)     33  : 0.0030 0.0030 0.0050 0.9840 0.0050
3417     3417   (0)     33  : 0.0030 0.0040 0.0050 0.9850 0.0030
3418     3418   (0)     33  : 0.0130 0.0195 0.0120 0.9495 0.0060
3419     3419   (0)     33  : 0.0030 0.0030 0.0050 0.9840 0.0050
3420     3420   (0)     33  : 0.0040 0.0030 0.0719 0.9161 0.0050
3421     3421   (0)     33  : 0.0020 0.0030 0.0060 0.9820 0.0070
3422     3422   (0)     33  : 0.0020 0.0110 0.0040 0.9780 0.0050
3423     3423   (0)     33  : 0.0030 0.0050 0.0040 0.9830 0.0050
3424     3424   (0)     33  : 0.0030 0.0205 0.0090 0.9635 0.0040
3425     3425   (0)     33  : 0.0030 0.0050 0.0030 0.9840 0.0050
3426     3426   (0)     33  : 0.0030 0.0060 0.0110 0.9760 0.0040
3427     3427   (0)     33  : 0.0030 0.0070 0.0060 0.9770 0.0070
3428     3428   (0)     33  : 0.0040 0.0060 0.0580 0.9270 0.0050
3429     3429   (0)     33  : 0.0030 0.0030 0.0040 0.9830 0.0070
3430     3430   (0)     33  : 0.0030 0.0050 0.0060 0.9820 0.0040
3431     3431   (0)     33  : 0.0030 0.0070 0.0060 0.9710 0.0130
3432     3432   (0)     33  : 0.0060 0.0060 0.0210 0.9600 0.0070
3433     3433   (0)     33  : 0.0030 0.0070 0.0060 0.9810 0.0030
3434     3434   (0)     33  : 0.0030 0.0050 0.0040 0.9800 0.0080
3435     3435   (0)     33  : 0.0030 0.0250 0.0060 0.9560 0.0100
3436     3436   (0)     33  : 0.0060 0.0105 0.0120 0.9625 0.0090
3437     3437   (0)     33  : 0.0080 0.0040 0.0805 0.8895 0.0180
3438     3438   (0)     33  : 0.0060 0.0060 0.0080 0.9720 0.0080
3439     3439   (0)     33  : 0.0020 0.0170 0.0060 0.9670 0.0080
3440     3440   (0)     33  : 0.0060 0.0150 0.0060 0.9635 0.0095
3441     3441   (0)     33  : 0.0035 0.0100 0.0050 0.9745 0.0070
3442     3442   (0)     33  : 0.0030 0.0040 0.0090 0.9790 0.0050
3443     3443   (0)     33  : 0.0040 0.0180 0.0050 0.9640 0.0090
3444     3444   (0)     33  : 0.0040 0.0060 0.0130 0.9730 0.0040
3445     3445   (0)     33  : 0.0070 0.0090 0.0090 0.9675 0.0075
3446     3446   (0)     33  : 0.0040 0.0070 0.0065 0.9775 0.0050
3447     3447   (0)     33  : 0.0040 0.0040 0.0120 0.9710 0.0090
3448     3448   (0)     33  : 0.0040 0.0050 0.0285 0.9520 0.0105
3449     3449   (0)     33  : 0.0050 0.0070 0.0230 0.9550 0.0100
3450     3450   (0)     33  : 0.0060 0.0140 0.0060 0.9640 0.0100
3451     3451   (0)     33  : 0.0030 0.0060 0.0190 0.9650 0.0070
3452     3452   (0)     33  : 0.0040 0.0030 0.0125 0.9655 0.0150
3453     3453   (0)     33  : 0.0060 0.0280 0.0170 0.9400 0.0090
3454     3454   (0)     33  : 0.0035 0.0130 0.0050 0.9725 0.0060
3455     3455   (0)     33  : 0.0030 0.0030 0.0100 0.9770 0.0070
3456     3456   (0)     33  : 0.0040 0.0150 0.0050 0.9445 0.0315
3457     3457   (0)     33  : 0.0040 0.0040 0.0370 0.9510 0.0040
3458     3458   (0)     33  : 0.0050 0.0050 0.0050 0.9610 0.0240
3459     3459   (0)     33  : 0.0030 0.0040 0.0060 0.9770 0.0100
3460     3460   (0)     33  : 0.0030 0.0040 0.0170 0.9690 0.0070
3461     3461   (0)     33  : 0.0040 0.0030 0.0090 0.9790 0.0050
3462     3462   (0)     33  : 0.0070 0.0030 0.0070 0.9670 0.0160
3463     3463   (0)     33  : 0.0070 0.1270 0.0320 0.8270 0.0070
3464     3464   (0)     33  : 0.0030 0.0040 0.0140 0.9750 0.0040
3465     3465   (0)     33  : 0.0030 0.0070 0.0140 0.9700 0.0060
3466     3466   (0)     33  : 0.0040 0.0040 0.0170 0.9720 0.0030
3467     3467   (0)     33  : 0.0090 0.0070 0.0090 0.9590 0.0160
3468     3468   (0)     33  : 0.0030 0.0030 0.0310 0.9570 0.0060
3469     3469   (0)     33  : 0.0030 0.0040 0.0190 0.9600 0.0140
3470     3470   (0)     33  : 0.0030 0.0120 0.0070 0.9680 0.0100
3471     3471   (0)     33  : 0.0095 0.0160 0.0490 0.9055 0.0200
3472     3472   (0)     33  : 0.0030 0.0285 0.0130 0.9505 0.0050
3473     3473   (0)     33  : 0.0040 0.0030 0.0070 0.9820 0.0040
3474     3474   (0)     33  : 0.0150 0.0040 0.0410 0.9260 0.0140
3475     3475   (0)     33  : 0.0030 0.0100 0.0040 0.9770 0.0060
3476     3476   (0)     33  : 0.0030 0.0230 0.0140 0.9530 0.0070
3477     3477   (0)     33  : 0.0040 0.0325 0.0060 0.9515 0.0060
3478     3478   (0)     33  : 0.0070 0.0080 0.1049 0.8711 0.0090
3479     3479   (0)     33  : 0.0040 0.0120 0.0090 0.9710 0.0040
3480     3480   (0)     33  : 0.0050 0.0050 0.0090 0.9710 0.0100
3481     3481   (0)     33  : 0.0040 0.0040 0.0080 0.9750 0.0090
3482     3482   (0)     33  : 0.0030 0.0040 0.0030 0.9795 0.0105
3483     3483   (0)     33  : 0.0030 0.0060 0.0130 0.9700 0.0080
3484     3484   (0)     33  : 0.0090 0.0080 0.0100 0.9670 0.0060
3485     3485   (0)     33  : 0.0040 0.0030 0.0050 0.9770 0.0110
3486     3486   (0)     33  : 0.0060 0.0040 0.0100 0.9730 0.0070
3487     3487   (0)     33  : 0.0020 0.0035 0.0130 0.9745 0.0070
3488     3488   (0)     33  : 0.0040 0.0060 0.2544 0.7286 0.0070
3489     3489   (0)     33  : 0.0030 0.0170 0.0095 0.9625 0.0080
3490     3490   (0)     33  : 0.0030 0.0040 0.0080 0.9800 0.0050
3491     3491   (0)     33  : 0.0040 0.0080 0.0080 0.9695 0.0105
3492     3492   (0)     33  : 0.0050 0.0050 0.0480 0.9320 0.0100
3493     3493   (0)     33  : 0.0030 0.0030 0.0405 0.9455 0.0080
3494     3494   (0)     33  : 0.0050 0.0040 0.0040 0.9800 0.0070
3495     3495   (0)     33  : 0.0040 0.0070 0.0040 0.9760 0.0090
3496     3496   (0)     33  : 0.0040 0.0070 0.0195 0.9575 0.0120
3497     3497   (0)     33  : 0.0030 0.0070 0.0290 0.9510 0.0100
3498     3498   (0)     33  : 0.0060 0.0080 0.0060 0.9730 0.0070
3499     3499   (0)     33  : 0.0030 0.0050 0.0320 0.9495 0.0105
3500     3500   (0)     33  : 0.0040 0.0040 0.0200 0.9560 0.0160
3501     3501   (0)     33  : 0.0040 0.0030 0.0040 0.9850 0.0040
3502     3502   (0)     33  : 0.0040 0.0070 0.0310 0.9451 0.0130
3503     3503   (0)     33  : 0.0040 0.0040 0.0150 0.9710 0.0060
3504     3504   (0)     33  : 0.0050 0.0070 0.0050 0.9760 0.0070
3505     3505   (0)     33  : 0.0040 0.0040 0.0040 0.9810 0.0070
3506     3506   (0)     33  : 0.0040 0.0130 0.0275 0.9475 0.0080
3507     3507   (0)     33  : 0.0040 0.0070 0.0080 0.9760 0.0050
3508     3508   (0)     33  : 0.0050 0.0030 0.0080 0.9770 0.0070
3509     3509   (0)     33  : 0.0060 0.0070 0.0050 0.9780 0.0040
3510     3510   (0)     33  : 0.0040 0.0040 0.0330 0.9520 0.0070
3511     3511   (0)     33  : 0.0030 0.0150 0.0050 0.9690 0.0080
3512     3512   (0)     33  : 0.0050 0.0410 0.0070 0.9410 0.0060
3513     3513   (0)     33  : 0.0070 0.0120 0.1169 0.8521 0.0120
3514     3514   (0)     33  : 0.0030 0.0160 0.0050 0.9720 0.0040
3515     3515   (0)     33  : 0.0085 0.0050 0.0070 0.9755 0.0040
3516     3516   (0)     33  : 0.0030 0.0100 0.0130 0.9670 0.0070
3517     3517   (0)     33  : 0.0030 0.0030 0.0070 0.9810 0.0060
3518     3518   (0)     33  : 0.0040 0.0090 0.0640 0.9160 0.0070
3519     3519   (0)     33  : 0.0040 0.0060 0.0080 0.9770 0.0050
3520     3520   (0)     33  : 0.0050 0.0200 0.0040 0.9650 0.0060
3521     3521   (0)     33  : 0.0030 0.0060 0.0320 0.9540 0.0050
3522     3522   (0)     33  : 0.0040 0.0060 0.0050 0.9760 0.0090
3523     3523   (0)     33  : 0.0070 0.0060 0.0090 0.9650 0.0130
3524     3524   (0)     33  : 0.0040 0.0090 0.0240 0.9580 0.0050
3525     3525   (0)     33  : 0.0030 0.0040 0.0040 0.9660 0.0230
3526     3526   (0)     33  : 0.0050 0.0040 0.0130 0.9710 0.0070
3527     3527   (0)     33  : 0.0060 0.0110 0.0140 0.9470 0.0220
3528     3528   (0)     33  : 0.0030 0.0090 0.0070 0.9740 0.0070
3529     3529   (0)     33  : 0.0020 0.0030 0.0170 0.9730 0.0050
3530     3530   (0)     33  : 0.0060 0.0160 0.0100 0.9535 0.0145
3531     3531   (0)     33  : 0.0050 0.0060 0.0060 0.9690 0.0140
3532     3532   (0)     33  : 0.0070 0.0040 0.0100 0.9740 0.0050
3533     3533   (0)     33  : 0.0030 0.0050 0.0976 0.7843 0.1101
3534     3534   (0)     33  : 0.0040 0.0080 0.0880 0.8911 0.0090
3535     3535   (0)     33  : 0.0020 0.0040 0.0110 0.9750 0.0080
3536     3536   (0)     33  : 0.0060 0.0050 0.2278 0.7483 0.0130
3537     3537   (0)     33  : 0.0030 0.0040 0.0040 0.9820 0.0070
3538     3538   (0)     33  : 0.0020 0.0040 0.0140 0.9740 0.0060
3539     3539   (0)     33  : 0.0080 0.0040 0.0150 0.9620 0.0110
3540     3540   (0)     33  : 0.0040 0.0050 0.0090 0.9680 0.0140
3541     3541   (0)     33  : 0.0070 0.0060 0.0040 0.9770 0.0060
3542     3542   (0)     33  : 0.0060 0.0130 0.0260 0.9450 0.0100
3543     3543   (0)     33  : 0.0060 0.0040 0.0350 0.9380 0.0170
3544     3544   (0)     33  : 0.0030 0.0070 0.0040 0.9780 0.0080
3545     3545   (0)     33  : 0.0040 0.0050 0.0080 0.9780 0.0050
3546     3546   (0)     33  : 0.0030 0.0190 0.0060 0.9630 0.0090
3547     3547   (0)     33  : 0.0040 0.0040 0.0080 0.9700 0.0140
3548     3548   (0)     33  : 0.0060 0.0060 0.0270 0.9430 0.0180
3549     3549   (0)     33  : 0.0040 0.0035 0.0100 0.9765 0.0060
3550     3550   (0)     33  : 0.0050 0.0275 0.0050 0.9585 0.0040
3551     3551   (0)     33  : 0.0020 0.0090 0.0501 0.9309 0.0080
3552     3552   (0)     33  : 0.0060 0.0080 0.0460 0.9329 0.0070
3553     3553   (0)     33  : 0.0040 0.0060 0.0649 0.9091 0.0160
3554     3554   (0)     33  : 0.0050 0.0060 0.0100 0.9750 0.0040
3555     3555   (0)     33  : 0.0050 0.0090 0.0145 0.9675 0.0040
3556     3556   (0)     33  : 0.0040 0.0040 0.0080 0.9790 0.0050
3557     3557   (0)     33  : 0.0040 0.0090 0.0040 0.9675 0.0155
3558     3558   (0)     33  : 0.0040 0.0040 0.0230 0.9620 0.0070
3559     3559   (0)     33  : 0.0040 0.0070 0.0140 0.9630 0.0120
3560     3560   (0)     33  : 0.0050 0.0100 0.0050 0.9730 0.0070
3561     3561   (0)     33  : 0.0030 0.0050 0.0040 0.9810 0.0070
3562     3562   (0)     33  : 0.0040 0.0060 0.0210 0.9580 0.0110
3563     3563   (0)     33  : 0.0030 0.0030 0.0080 0.9820 0.0040
3564     3564   (0)     33  : 0.0030 0.0170 0.0090 0.9640 0.0070
3565     3565   (0)     33  : 0.0030 0.0030 0.0040 0.9840 0.0060
3566     3566   (0)     33  : 0.0060 0.0200 0.0040 0.9530 0.0170
3567     3567   (0)     33  : 0.0030 0.0050 0.0250 0.9630 0.0040
3568     3568   (0)     33  : 0.0030 0.0070 0.0030 0.9830 0.0040
3569     3569   (0)     33  : 0.0040 0.0160 0.0060 0.9690 0.0050
3570     3570   (0)     33  : 0.0040 0.0040 0.0874 0.8916 0.0130
3571     3571   (0)     33  : 0.0040 0.0040 0.0080 0.9750 0.0090
3572     3572   (0)     33  : 0.0050 0.0030 0.0060 0.9820 0.0040
3573     3573   (0)     33  : 0.0050 0.0130 0.0060 0.9630 0.0130
3574     3574   (0)     33  : 0.0050 0.0045 0.0060 0.9735 0.0110
3575     3575   (0)     33  : 0.0035 0.0050 0.0070 0.9765 0.0080
3576     3576   (0)     33  : 0.0060 0.0040 0.0200 0.9640 0.0060
3577     3577   (0)     33  : 0.0035 0.0160 0.0140 0.9610 0.0055
3578     3578   (0)     33  : 0.0040 0.0075 0.0855 0.8719 0.0310
3579     3579   (0)     33  : 0.0030 0.0040 0.0090 0.9790 0.0050
3580     3580   (0)     33  : 0.0030 0.0120 0.0510 0.9270 0.0070
3581     3581   (0)     33  : 0.0190 0.0090 0.0130 0.9530 0.0060
3582     3582   (0)     33  : 0.0050 0.0060 0.0090 0.9740 0.0060
3583     3583   (0)     33  : 0.0040 0.0050 0.0130 0.9700 0.0080
3584     3584   (0)     33  : 0.0040 0.0040 0.0340 0.9520 0.0060
3585     3585   (0)     33  : 0.0105 0.0060 0.0090 0.9675 0.0070
3586     3586   (0)     33  : 0.0030 0.0040 0.0210 0.9630 0.0090
3587     3587   (0)     33  : 0.0050 0.0090 0.0120 0.9315 0.0425
3588     3588   (0)     33  : 0.0050 0.0230 0.0060 0.9590 0.0070
3589     3589   (0)     33  : 0.0040 0.0350 0.0260 0.9281 0.0070
3590     3590   (0)     33  : 0.0030 0.0040 0.0040 0.9840 0.0050
3591     3591   (0)     33  : 0.0040 0.0030 0.0060 0.9760 0.0110
3592     3592   (0)     33  : 0.0050 0.0030 0.0380 0.9490 0.0050
