1        1   (5)      1  : 0.9800 0.0050 0.0022 0.0020 0.0040 0.0032 0.0036
2        2   (5)      1  : 0.9650 0.0020 0.0046 0.0060 0.0040 0.0056 0.0128
3        3   (5)      1  : 0.9868 0.0020 0.0020 0.0020 0.0030 0.0022 0.0020
4        4   (0)      1  : 0.9880 0.0030 0.0010 0.0020 0.0020 0.0020 0.0020
5        5   (0)      1  : 0.9354 0.0040 0.0094 0.0070 0.0308 0.0084 0.0050
6        6   (0)      1  : 0.9852 0.0030 0.0020 0.0020 0.0030 0.0020 0.0028
7        7   (0)      1  : 0.8814 0.0012 0.0744 0.0052 0.0044 0.0060 0.0274
8        8   (5)      1  : 0.9880 0.0020 0.0020 0.0020 0.0020 0.0020 0.0020
9        9   (0)      1  : 0.9898 0.0020 0.0020 0.0020 0.0014 0.0010 0.0018
10       10   (0)      1  : 0.9740 0.0016 0.0056 0.0040 0.0020 0.0030 0.0098
11       11   (0)      1  : 0.9816 0.0020 0.0046 0.0020 0.0030 0.0030 0.0038
12       12   (0)      1  : 0.9716 0.0020 0.0060 0.0080 0.0030 0.0046 0.0048
13       13   (0)      1  : 0.9892 0.0010 0.0020 0.0032 0.0010 0.0016 0.0020
14       14   (0)      1  : 0.9828 0.0050 0.0022 0.0020 0.0010 0.0030 0.0040
15       15   (0)      1  : 0.9870 0.0020 0.0020 0.0020 0.0020 0.0020 0.0030
16       16   (0)      1  : 0.9888 0.0030 0.0010 0.0020 0.0020 0.0020 0.0012
17       17   (0)      1  : 0.9910 0.0010 0.0020 0.0010 0.0010 0.0020 0.0020
18       18   (0)      1  : 0.9670 0.0020 0.0038 0.0030 0.0126 0.0074 0.0042
19       19   (0)      1  : 0.9692 0.0040 0.0020 0.0100 0.0108 0.0020 0.0020
20       20   (0)      1  : 0.9526 0.0040 0.0114 0.0060 0.0060 0.0126 0.0074
21       21   (0)      1  : 0.9902 0.0020 0.0012 0.0028 0.0010 0.0010 0.0018
22       22   (0)      1  : 0.9888 0.0040 0.0010 0.0010 0.0020 0.0020 0.0012
23       23   (0)      1  : 0.9828 0.0040 0.0020 0.0020 0.0070 0.0012 0.0010
24       24   (0)      1  : 0.9756 0.0080 0.0020 0.0050 0.0050 0.0024 0.0020
25       25   (0)      1  : 0.9626 0.0020 0.0180 0.0062 0.0030 0.0032 0.0050
26       26   (0)      1  : 0.9852 0.0028 0.0020 0.0040 0.0020 0.0020 0.0020
27       27   (5)      1  : 0.9616 0.0020 0.0108 0.0040 0.0060 0.0082 0.0074
28       28   (0)      1  : 0.9790 0.0040 0.0030 0.0010 0.0030 0.0064 0.0036
29       29   (0)      1  : 0.9866 0.0034 0.0018 0.0020 0.0020 0.0022 0.0020
30       30   (0)      1  : 0.9436 0.0092 0.0076 0.0070 0.0194 0.0030 0.0102
31       31   (0)      1  : 0.9860 0.0020 0.0020 0.0020 0.0040 0.0020 0.0020
32       32   (0)      1  : 0.9630 0.0020 0.0028 0.0060 0.0028 0.0178 0.0056
33       33   (0)      1  : 0.9920 0.0010 0.0010 0.0010 0.0020 0.0018 0.0012
34       34   (0)      1  : 0.9876 0.0046 0.0010 0.0010 0.0030 0.0010 0.0018
35       35   (0)      1  : 0.9346 0.0040 0.0078 0.0040 0.0396 0.0052 0.0048
36       36   (0)      1  : 0.9602 0.0030 0.0028 0.0030 0.0058 0.0204 0.0048
37       37   (0)      1  : 0.9744 0.0020 0.0084 0.0050 0.0030 0.0034 0.0038
38       38   (0)      1  : 0.9822 0.0020 0.0030 0.0050 0.0020 0.0020 0.0038
39       39   (0)      1  : 0.9684 0.0020 0.0040 0.0050 0.0030 0.0080 0.0096
40       40   (0)      1  : 0.9792 0.0046 0.0020 0.0030 0.0060 0.0030 0.0022
41       41   (0)      1  : 0.9854 0.0020 0.0028 0.0020 0.0028 0.0030 0.0020
42       42   (0)      1  : 0.9920 0.0020 0.0010 0.0010 0.0020 0.0010 0.0010
43       43   (0)      1  : 0.9868 0.0020 0.0022 0.0020 0.0020 0.0020 0.0030
44       44   (0)      1  : 0.9928 0.0010 0.0018 0.0010 0.0010 0.0012 0.0012
45       45   (5)      1  : 0.9806 0.0020 0.0032 0.0040 0.0020 0.0042 0.0040
46       46   (0)      1  : 0.9870 0.0040 0.0012 0.0010 0.0030 0.0018 0.0020
47       47   (0)      1  : 0.9832 0.0030 0.0032 0.0010 0.0026 0.0030 0.0040
48       48   (0)      1  : 0.9768 0.0060 0.0032 0.0020 0.0050 0.0030 0.0040
49       49   (0)      1  : 0.9844 0.0010 0.0022 0.0050 0.0010 0.0020 0.0044
50       50   (0)      1  : 0.9856 0.0030 0.0026 0.0020 0.0020 0.0020 0.0028
51       51   (0)      1  : 0.9804 0.0020 0.0040 0.0050 0.0030 0.0020 0.0036
52       52   (0)      1  : 0.9566 0.0060 0.0088 0.0152 0.0050 0.0030 0.0054
53       53   (0)      1  : 0.9776 0.0086 0.0040 0.0020 0.0030 0.0020 0.0028
54       54   (0)      1  : 0.9846 0.0020 0.0034 0.0010 0.0020 0.0032 0.0038
55       55   (0)      1  : 0.9848 0.0020 0.0038 0.0020 0.0020 0.0028 0.0026
56       56   (0)      1  : 0.9858 0.0030 0.0020 0.0020 0.0020 0.0032 0.0020
57       57  (10)      1  : 0.9822 0.0020 0.0020 0.0040 0.0020 0.0054 0.0024
58       58   (5)      1  : 0.9790 0.0040 0.0032 0.0020 0.0030 0.0044 0.0044
59       59   (0)      1  : 0.9812 0.0050 0.0024 0.0030 0.0028 0.0020 0.0036
60       60   (0)      1  : 0.9896 0.0010 0.0020 0.0020 0.0010 0.0020 0.0024
61       61   (0)      1  : 0.9832 0.0038 0.0030 0.0020 0.0030 0.0022 0.0028
62       62   (0)      1  : 0.9800 0.0020 0.0030 0.0020 0.0020 0.0028 0.0082
63       63   (0)      1  : 0.9812 0.0020 0.0040 0.0020 0.0030 0.0038 0.0040
64       64   (0)      1  : 0.9846 0.0020 0.0022 0.0020 0.0034 0.0022 0.0036
65       65   (0)      1  : 0.9562 0.0020 0.0046 0.0138 0.0030 0.0118 0.0086
66       66   (0)      1  : 0.9818 0.0040 0.0018 0.0020 0.0040 0.0040 0.0024
67       67   (5)      1  : 0.9616 0.0110 0.0038 0.0100 0.0030 0.0072 0.0034
68       68   (0)      1  : 0.9664 0.0108 0.0078 0.0020 0.0040 0.0036 0.0054
69       69   (0)      1  : 0.9802 0.0010 0.0094 0.0010 0.0020 0.0020 0.0044
70       70   (0)      1  : 0.9840 0.0030 0.0030 0.0020 0.0020 0.0032 0.0028
71       71   (5)      1  : 0.9690 0.0050 0.0044 0.0030 0.0074 0.0078 0.0034
72       72   (0)      1  : 0.9792 0.0020 0.0038 0.0060 0.0040 0.0020 0.0030
73       73   (5)      1  : 0.9808 0.0030 0.0020 0.0020 0.0080 0.0022 0.0020
74       74  (10)      1  : 0.9772 0.0030 0.0040 0.0040 0.0030 0.0040 0.0048
75       75  (10)      1  : 0.9744 0.0020 0.0030 0.0110 0.0050 0.0018 0.0028
76       76   (0)      1  : 0.8336 0.1544 0.0018 0.0030 0.0040 0.0020 0.0012
77       77  (10)      1  : 0.9684 0.0206 0.0020 0.0030 0.0020 0.0020 0.0020
78       78   (0)      1  : 0.9502 0.0240 0.0038 0.0040 0.0090 0.0048 0.0042
79       79   (5)      1  : 0.9834 0.0040 0.0022 0.0020 0.0030 0.0020 0.0034
80       80   (0)      1  : 0.9890 0.0020 0.0020 0.0020 0.0010 0.0020 0.0020
81       81   (0)      1  : 0.9900 0.0020 0.0020 0.0020 0.0012 0.0010 0.0018
82       82   (0)      1  : 0.9906 0.0010 0.0020 0.0020 0.0016 0.0010 0.0018
83       83   (0)      1  : 0.9670 0.0192 0.0030 0.0020 0.0020 0.0032 0.0036
84       84   (0)      1  : 0.9764 0.0020 0.0026 0.0050 0.0020 0.0042 0.0078
85       85   (0)      1  : 0.9888 0.0010 0.0020 0.0020 0.0020 0.0022 0.0020
86       86   (5)      1  : 0.9880 0.0020 0.0020 0.0020 0.0020 0.0020 0.0020
87       87   (0)      1  : 0.9868 0.0020 0.0020 0.0020 0.0020 0.0030 0.0022
88       88   (0)      1  : 0.8750 0.0954 0.0030 0.0050 0.0086 0.0074 0.0056
89       89   (0)      1  : 0.9556 0.0090 0.0020 0.0188 0.0040 0.0074 0.0032
90       90   (0)      1  : 0.9692 0.0126 0.0040 0.0020 0.0050 0.0042 0.0030
91       91   (0)      1  : 0.9826 0.0040 0.0022 0.0020 0.0030 0.0026 0.0036
92       92   (0)      1  : 0.9704 0.0030 0.0056 0.0020 0.0038 0.0102 0.0050
93       93   (0)      1  : 0.9874 0.0028 0.0020 0.0020 0.0020 0.0020 0.0018
94       94   (5)      1  : 0.9678 0.0130 0.0020 0.0060 0.0060 0.0030 0.0022
95       95   (0)      1  : 0.9852 0.0030 0.0020 0.0030 0.0020 0.0020 0.0028
96       96   (5)      1  : 0.9912 0.0010 0.0020 0.0020 0.0010 0.0010 0.0018
97       97   (0)      1  : 0.9800 0.0072 0.0040 0.0010 0.0010 0.0030 0.0038
98       98   (0)      1  : 0.9812 0.0020 0.0030 0.0030 0.0050 0.0030 0.0028
99       99   (5)      1  : 0.9872 0.0020 0.0020 0.0020 0.0020 0.0026 0.0022
100      100   (5)      1  : 0.9908 0.0020 0.0020 0.0010 0.0010 0.0020 0.0012
101      101   (0)      2  : 0.9778 0.0030 0.0030 0.0020 0.0050 0.0054 0.0038
102      102   (0)      2  : 0.9840 0.0030 0.0022 0.0020 0.0030 0.0030 0.0028
103      103   (0)      2  : 0.9788 0.0020 0.0032 0.0050 0.0020 0.0046 0.0044
104      104   (0)      2  : 0.9868 0.0020 0.0012 0.0030 0.0030 0.0020 0.0020
105      105   (0)      2  : 0.9876 0.0020 0.0022 0.0010 0.0024 0.0020 0.0028
106      106   (0)      2  : 0.9722 0.0060 0.0050 0.0060 0.0040 0.0030 0.0038
107      107   (0)      2  : 0.9350 0.0022 0.0088 0.0336 0.0050 0.0092 0.0062
108      108   (0)      2  : 0.9910 0.0010 0.0020 0.0020 0.0010 0.0018 0.0012
109      109   (0)      2  : 0.9880 0.0020 0.0020 0.0020 0.0020 0.0020 0.0020
110      110   (0)      2  : 0.9774 0.0030 0.0060 0.0010 0.0050 0.0030 0.0046
111      111   (0)      2  : 0.9836 0.0030 0.0022 0.0034 0.0030 0.0020 0.0028
112      112   (0)      2  : 0.9862 0.0048 0.0020 0.0020 0.0010 0.0020 0.0020
113      113   (0)      2  : 0.9440 0.0050 0.0186 0.0010 0.0124 0.0050 0.0140
114      114   (0)      2  : 0.9790 0.0070 0.0022 0.0030 0.0030 0.0030 0.0028
115      115   (0)      2  : 0.9806 0.0050 0.0020 0.0020 0.0050 0.0030 0.0024
116      116   (0)      2  : 0.9666 0.0120 0.0020 0.0020 0.0080 0.0072 0.0022
117      117   (0)      2  : 0.9694 0.0030 0.0030 0.0030 0.0040 0.0128 0.0048
118      118   (0)      2  : 0.9802 0.0108 0.0012 0.0020 0.0020 0.0020 0.0018
119      119   (0)      2  : 0.9920 0.0020 0.0010 0.0010 0.0020 0.0010 0.0010
120      120   (0)      2  : 0.9592 0.0066 0.0130 0.0070 0.0030 0.0032 0.0080
121      121   (0)      2  : 0.9618 0.0030 0.0098 0.0020 0.0160 0.0044 0.0030
122      122   (0)      2  : 0.9868 0.0020 0.0020 0.0010 0.0030 0.0030 0.0022
123      123   (0)      2  : 0.9782 0.0076 0.0032 0.0040 0.0020 0.0030 0.0020
124      124   (0)      2  : 0.9768 0.0010 0.0058 0.0040 0.0020 0.0058 0.0046
125      125   (0)      2  : 0.9824 0.0030 0.0022 0.0030 0.0020 0.0036 0.0038
126      126   (0)      2  : 0.9832 0.0030 0.0020 0.0030 0.0050 0.0020 0.0018
127      127   (0)      2  : 0.9644 0.0050 0.0042 0.0020 0.0050 0.0088 0.0106
128      128   (0)      2  : 0.9670 0.0068 0.0058 0.0100 0.0032 0.0030 0.0042
129      129   (0)      2  : 0.9928 0.0020 0.0010 0.0010 0.0010 0.0010 0.0012
130      130   (0)      2  : 0.9780 0.0064 0.0030 0.0048 0.0030 0.0022 0.0026
131      131   (0)      2  : 0.9922 0.0020 0.0018 0.0010 0.0010 0.0010 0.0010
132      132   (0)      2  : 0.9270 0.0080 0.0048 0.0030 0.0126 0.0358 0.0088
133      133   (0)      2  : 0.9940 0.0010 0.0010 0.0010 0.0010 0.0010 0.0010
134      134   (0)      2  : 0.9578 0.0020 0.0128 0.0050 0.0102 0.0058 0.0064
135      135   (0)      2  : 0.9870 0.0020 0.0020 0.0030 0.0020 0.0020 0.0020
136      136   (0)      2  : 0.9704 0.0128 0.0040 0.0030 0.0030 0.0030 0.0038
137      137   (0)      2  : 0.9410 0.0208 0.0106 0.0022 0.0148 0.0042 0.0064
138      138   (0)      2  : 0.9650 0.0160 0.0040 0.0050 0.0040 0.0020 0.0040
139      139   (0)      2  : 0.9896 0.0010 0.0020 0.0016 0.0010 0.0018 0.0030
140      140   (0)      2  : 0.9828 0.0020 0.0030 0.0026 0.0030 0.0028 0.0038
141      141   (0)      2  : 0.9870 0.0020 0.0020 0.0030 0.0020 0.0020 0.0020
142      142   (0)      2  : 0.9696 0.0020 0.0044 0.0040 0.0120 0.0040 0.0040
143      143   (0)      2  : 0.9604 0.0030 0.0082 0.0080 0.0090 0.0036 0.0078
144      144   (0)      2  : 0.9890 0.0020 0.0020 0.0020 0.0010 0.0020 0.0020
145      145   (0)      2  : 0.9870 0.0020 0.0020 0.0030 0.0020 0.0020 0.0020
146      146   (0)      2  : 0.9864 0.0040 0.0010 0.0020 0.0024 0.0020 0.0022
147      147   (0)      2  : 0.9766 0.0040 0.0032 0.0070 0.0030 0.0030 0.0032
148      148   (0)      2  : 0.9454 0.0096 0.0132 0.0020 0.0060 0.0122 0.0116
149      149   (0)      2  : 0.9842 0.0030 0.0030 0.0030 0.0020 0.0020 0.0028
150      150   (0)      2  : 0.9848 0.0020 0.0020 0.0050 0.0014 0.0020 0.0028
151      151   (0)      2  : 0.9880 0.0010 0.0030 0.0010 0.0020 0.0022 0.0028
152      152   (0)      2  : 0.9872 0.0020 0.0020 0.0030 0.0030 0.0010 0.0018
153      153   (0)      2  : 0.9842 0.0020 0.0020 0.0020 0.0020 0.0050 0.0028
154      154   (0)      2  : 0.9588 0.0130 0.0060 0.0030 0.0054 0.0086 0.0052
155      155   (0)      2  : 0.9506 0.0056 0.0040 0.0250 0.0070 0.0040 0.0038
156      156   (0)      2  : 0.9846 0.0030 0.0020 0.0020 0.0020 0.0040 0.0024
157      157   (0)      2  : 0.9686 0.0020 0.0050 0.0058 0.0080 0.0050 0.0056
158      158   (0)      2  : 0.9698 0.0020 0.0020 0.0198 0.0010 0.0032 0.0022
159      159   (0)      2  : 0.9424 0.0076 0.0084 0.0090 0.0118 0.0160 0.0048
160      160   (0)      2  : 0.9870 0.0020 0.0020 0.0030 0.0020 0.0020 0.0020
161      161   (0)      2  : 0.9698 0.0120 0.0040 0.0050 0.0020 0.0030 0.0042
162      162   (0)      2  : 0.9848 0.0030 0.0020 0.0020 0.0022 0.0032 0.0028
163      163   (0)      2  : 0.9906 0.0010 0.0012 0.0010 0.0020 0.0020 0.0022
164      164   (0)      2  : 0.9710 0.0116 0.0030 0.0040 0.0046 0.0028 0.0030
165      165   (0)      2  : 0.9890 0.0020 0.0020 0.0020 0.0010 0.0020 0.0020
166      166   (0)      2  : 0.9806 0.0030 0.0012 0.0060 0.0020 0.0040 0.0032
167      167   (0)      2  : 0.9526 0.0038 0.0030 0.0110 0.0238 0.0030 0.0028
168      168   (0)      2  : 0.9920 0.0010 0.0010 0.0020 0.0010 0.0012 0.0018
169      169   (0)      2  : 0.9890 0.0020 0.0020 0.0020 0.0010 0.0020 0.0020
170      170   (0)      2  : 0.9824 0.0030 0.0040 0.0020 0.0020 0.0028 0.0038
171      171   (0)      2  : 0.9634 0.0110 0.0030 0.0020 0.0100 0.0058 0.0048
172      172   (0)      2  : 0.9644 0.0030 0.0048 0.0152 0.0050 0.0022 0.0054
173      173   (0)      2  : 0.9938 0.0010 0.0010 0.0010 0.0010 0.0012 0.0010
174      174   (0)      2  : 0.9674 0.0030 0.0098 0.0010 0.0080 0.0044 0.0064
175      175   (0)      2  : 0.9902 0.0030 0.0020 0.0010 0.0010 0.0010 0.0018
176      176   (0)      2  : 0.9166 0.0446 0.0036 0.0088 0.0076 0.0098 0.0090
177      177   (0)      2  : 0.9832 0.0010 0.0034 0.0028 0.0020 0.0028 0.0048
178      178   (0)      2  : 0.9918 0.0010 0.0010 0.0020 0.0010 0.0020 0.0012
179      179   (0)      2  : 0.9818 0.0090 0.0012 0.0020 0.0020 0.0020 0.0020
180      180   (0)      2  : 0.9822 0.0020 0.0040 0.0020 0.0020 0.0030 0.0048
181      181   (0)      2  : 0.9808 0.0048 0.0030 0.0020 0.0020 0.0040 0.0034
182      182   (0)      2  : 0.9876 0.0020 0.0020 0.0020 0.0020 0.0024 0.0020
183      183   (0)      2  : 0.9756 0.0030 0.0094 0.0020 0.0020 0.0020 0.0060
184      184   (0)      2  : 0.9706 0.0060 0.0058 0.0050 0.0040 0.0042 0.0044
185      185   (0)      2  : 0.9866 0.0020 0.0030 0.0020 0.0014 0.0022 0.0028
186      186   (0)      2  : 0.9840 0.0030 0.0020 0.0020 0.0020 0.0040 0.0030
187      187   (0)      2  : 0.9848 0.0030 0.0020 0.0030 0.0020 0.0032 0.0020
188      188   (0)      2  : 0.9500 0.0272 0.0040 0.0040 0.0048 0.0052 0.0048
189      189   (0)      2  : 0.9878 0.0010 0.0020 0.0020 0.0032 0.0020 0.0020
190      190   (0)      2  : 0.9868 0.0020 0.0020 0.0020 0.0020 0.0030 0.0022
191      191   (0)      2  : 0.9860 0.0040 0.0020 0.0010 0.0030 0.0020 0.0020
192      192   (0)      2  : 0.9770 0.0020 0.0046 0.0030 0.0020 0.0032 0.0082
193      193   (0)      2  : 0.7523 0.2287 0.0028 0.0020 0.0070 0.0042 0.0030
194      194   (0)      2  : 0.9900 0.0020 0.0010 0.0010 0.0020 0.0020 0.0020
195      195   (0)      2  : 0.9888 0.0010 0.0020 0.0020 0.0010 0.0030 0.0022
196      196   (0)      2  : 0.9830 0.0020 0.0040 0.0030 0.0030 0.0022 0.0028
197      197   (0)      2  : 0.9842 0.0020 0.0030 0.0030 0.0020 0.0028 0.0030
198      198   (0)      2  : 0.9744 0.0114 0.0028 0.0020 0.0030 0.0042 0.0022
199      199   (0)      2  : 0.9860 0.0020 0.0030 0.0020 0.0020 0.0020 0.0030
200      200   (0)      2  : 0.9384 0.0052 0.0110 0.0082 0.0030 0.0048 0.0294
201      201   (0)      2  : 0.9860 0.0020 0.0020 0.0020 0.0040 0.0020 0.0020
202      202   (0)      2  : 0.9826 0.0050 0.0022 0.0010 0.0044 0.0020 0.0028
203      203   (0)      2  : 0.9872 0.0020 0.0020 0.0020 0.0020 0.0020 0.0028
204      204   (0)      2  : 0.9890 0.0018 0.0012 0.0020 0.0020 0.0020 0.0020
205      205   (0)      2  : 0.9830 0.0038 0.0022 0.0020 0.0020 0.0030 0.0040
206      206   (0)      2  : 0.8811 0.0500 0.0172 0.0030 0.0212 0.0088 0.0188
207      207   (0)      2  : 0.9714 0.0140 0.0020 0.0020 0.0050 0.0034 0.0022
208      208   (0)      2  : 0.9718 0.0020 0.0042 0.0082 0.0030 0.0048 0.0060
209      209   (0)      2  : 0.9890 0.0020 0.0020 0.0010 0.0020 0.0020 0.0020
210      210   (0)      2  : 0.9872 0.0020 0.0020 0.0020 0.0030 0.0020 0.0018
211      211   (0)      2  : 0.9920 0.0020 0.0010 0.0010 0.0020 0.0010 0.0010
212      212   (0)      2  : 0.9820 0.0040 0.0020 0.0020 0.0040 0.0032 0.0028
213      213   (0)      2  : 0.9874 0.0020 0.0020 0.0028 0.0016 0.0020 0.0022
214      214   (0)      2  : 0.9870 0.0020 0.0030 0.0010 0.0020 0.0022 0.0028
215      215   (0)      2  : 0.9840 0.0030 0.0020 0.0020 0.0030 0.0030 0.0030
216      216   (0)      2  : 0.9888 0.0020 0.0010 0.0020 0.0010 0.0032 0.0020
217      217   (0)      2  : 0.9890 0.0020 0.0020 0.0010 0.0020 0.0020 0.0020
218      218   (0)      2  : 0.9878 0.0012 0.0022 0.0020 0.0020 0.0020 0.0028
219      219   (0)      2  : 0.9804 0.0088 0.0020 0.0020 0.0020 0.0020 0.0028
220      220   (0)      2  : 0.9784 0.0020 0.0030 0.0020 0.0088 0.0030 0.0028
221      221   (0)      2  : 0.9904 0.0020 0.0020 0.0020 0.0010 0.0010 0.0016
222      222   (0)      2  : 0.9356 0.0424 0.0028 0.0018 0.0040 0.0104 0.0030
223      223   (0)      2  : 0.9364 0.0050 0.0022 0.0040 0.0394 0.0096 0.0034
224      224   (0)      2  : 0.9890 0.0020 0.0020 0.0010 0.0020 0.0020 0.0020
225      225   (0)      2  : 0.9892 0.0030 0.0020 0.0020 0.0010 0.0010 0.0018
226      226   (0)      2  : 0.9730 0.0020 0.0034 0.0102 0.0030 0.0030 0.0054
227      227   (0)      2  : 0.9912 0.0020 0.0010 0.0020 0.0010 0.0010 0.0018
228      228   (0)      2  : 0.9858 0.0020 0.0020 0.0030 0.0030 0.0022 0.0020
229      229   (0)      2  : 0.9880 0.0020 0.0020 0.0020 0.0020 0.0020 0.0020
230      230   (0)      2  : 0.9732 0.0020 0.0070 0.0050 0.0032 0.0062 0.0034
231      231   (0)      2  : 0.9830 0.0040 0.0020 0.0050 0.0020 0.0020 0.0020
232      232   (0)      2  : 0.9850 0.0010 0.0030 0.0020 0.0018 0.0040 0.0032
233      233   (0)      2  : 0.9870 0.0020 0.0020 0.0030 0.0020 0.0020 0.0020
234      234   (0)      2  : 0.9848 0.0020 0.0020 0.0052 0.0020 0.0020 0.0020
235      235   (0)      2  : 0.9930 0.0020 0.0010 0.0010 0.0010 0.0010 0.0010
236      236   (0)      2  : 0.9762 0.0020 0.0046 0.0046 0.0028 0.0028 0.0070
237      237   (0)      2  : 0.9400 0.0010 0.0090 0.0050 0.0030 0.0140 0.0280
238      238   (0)      2  : 0.9782 0.0098 0.0020 0.0010 0.0050 0.0020 0.0020
239      239   (0)      2  : 0.9858 0.0020 0.0020 0.0030 0.0020 0.0030 0.0022
240      240   (0)      2  : 0.9912 0.0028 0.0010 0.0020 0.0010 0.0010 0.0010
241      241   (0)      2  : 0.9894 0.0016 0.0020 0.0010 0.0010 0.0020 0.0030
242      242   (0)      2  : 0.9732 0.0054 0.0058 0.0060 0.0030 0.0036 0.0030
243      243   (0)      2  : 0.9842 0.0020 0.0030 0.0020 0.0030 0.0028 0.0030
244      244   (0)      2  : 0.9912 0.0020 0.0010 0.0010 0.0010 0.0020 0.0018
245      245   (0)      2  : 0.9790 0.0050 0.0030 0.0010 0.0040 0.0038 0.0042
246      246   (0)      2  : 0.9760 0.0050 0.0030 0.0040 0.0050 0.0042 0.0028
247      247   (0)      2  : 0.9900 0.0020 0.0010 0.0020 0.0020 0.0010 0.0020
248      248   (0)      2  : 0.9666 0.0030 0.0032 0.0122 0.0040 0.0050 0.0060
249      249   (0)      2  : 0.9776 0.0086 0.0032 0.0010 0.0040 0.0020 0.0036
250      250   (0)      2  : 0.9730 0.0030 0.0032 0.0090 0.0030 0.0040 0.0048
251      251   (0)      2  : 0.9776 0.0030 0.0050 0.0020 0.0030 0.0050 0.0044
252      252   (0)      2  : 0.9888 0.0020 0.0012 0.0020 0.0020 0.0020 0.0020
253      253   (0)      2  : 0.9760 0.0010 0.0082 0.0020 0.0050 0.0032 0.0046
254      254   (0)      2  : 0.9858 0.0030 0.0020 0.0010 0.0030 0.0030 0.0022
255      255   (0)      2  : 0.9876 0.0020 0.0020 0.0020 0.0020 0.0016 0.0028
256      256   (0)      2  : 0.9090 0.0158 0.0096 0.0020 0.0056 0.0380 0.0200
257      257   (0)      2  : 0.9900 0.0010 0.0020 0.0020 0.0010 0.0020 0.0020
258      258   (0)      2  : 0.9770 0.0070 0.0020 0.0040 0.0050 0.0030 0.0020
259      259   (0)      2  : 0.9902 0.0010 0.0020 0.0020 0.0020 0.0010 0.0018
260      260   (0)      2  : 0.9928 0.0020 0.0010 0.0012 0.0010 0.0010 0.0010
261      261   (0)      2  : 0.9832 0.0020 0.0020 0.0010 0.0060 0.0038 0.0020
262      262   (0)      2  : 0.9806 0.0030 0.0038 0.0030 0.0024 0.0032 0.0040
263      263   (0)      2  : 0.9636 0.0050 0.0140 0.0040 0.0050 0.0032 0.0052
264      264   (0)      2  : 0.9602 0.0206 0.0050 0.0030 0.0038 0.0020 0.0054
265      265   (0)      2  : 0.9870 0.0020 0.0030 0.0016 0.0016 0.0020 0.0028
266      266   (0)      2  : 0.9860 0.0020 0.0020 0.0020 0.0020 0.0028 0.0032
267      267   (0)      2  : 0.9724 0.0050 0.0050 0.0030 0.0040 0.0058 0.0048
268      268   (0)      2  : 0.9884 0.0016 0.0020 0.0020 0.0020 0.0020 0.0020
269      269   (0)      2  : 0.9900 0.0010 0.0020 0.0010 0.0020 0.0020 0.0020
270      270   (0)      2  : 0.9672 0.0020 0.0088 0.0020 0.0070 0.0064 0.0066
271      271   (0)      2  : 0.9822 0.0080 0.0010 0.0020 0.0020 0.0028 0.0020
272      272   (0)      2  : 0.9158 0.0232 0.0108 0.0130 0.0170 0.0122 0.0080
273      273   (0)      2  : 0.9818 0.0020 0.0032 0.0052 0.0010 0.0032 0.0036
274      274   (0)      2  : 0.9852 0.0020 0.0030 0.0020 0.0030 0.0022 0.0026
275      275   (0)      2  : 0.9930 0.0010 0.0010 0.0020 0.0010 0.0010 0.0010
276      276   (0)      2  : 0.9920 0.0010 0.0010 0.0010 0.0020 0.0018 0.0012
277      277   (0)      2  : 0.9748 0.0010 0.0062 0.0030 0.0030 0.0038 0.0082
278      278   (0)      2  : 0.9900 0.0020 0.0010 0.0020 0.0020 0.0010 0.0020
279      279   (0)      2  : 0.9900 0.0010 0.0020 0.0020 0.0010 0.0020 0.0020
280      280   (0)      2  : 0.9796 0.0080 0.0022 0.0010 0.0020 0.0040 0.0032
281      281   (0)      2  : 0.9738 0.0084 0.0010 0.0010 0.0040 0.0070 0.0048
282      282   (0)      2  : 0.9846 0.0020 0.0030 0.0010 0.0030 0.0034 0.0030
283      283   (0)      2  : 0.9818 0.0016 0.0030 0.0040 0.0030 0.0034 0.0032
284      284   (0)      2  : 0.9848 0.0010 0.0022 0.0040 0.0020 0.0030 0.0030
285      285   (0)      2  : 0.9800 0.0040 0.0032 0.0030 0.0040 0.0022 0.0036
286      286   (0)      2  : 0.9860 0.0020 0.0020 0.0020 0.0030 0.0020 0.0030
287      287   (0)      2  : 0.9922 0.0018 0.0010 0.0020 0.0010 0.0010 0.0010
288      288   (0)      2  : 0.9882 0.0020 0.0022 0.0010 0.0010 0.0020 0.0036
289      289   (0)      2  : 0.9910 0.0020 0.0010 0.0018 0.0020 0.0012 0.0010
290      290   (0)      2  : 0.9874 0.0020 0.0020 0.0010 0.0044 0.0020 0.0012
291      291   (0)      2  : 0.8292 0.0024 0.0246 0.1010 0.0036 0.0048 0.0344
292      292   (0)      2  : 0.9872 0.0010 0.0030 0.0030 0.0010 0.0020 0.0028
293      293   (0)      2  : 0.9708 0.0020 0.0034 0.0090 0.0040 0.0052 0.0056
294      294   (0)      2  : 0.9910 0.0010 0.0010 0.0020 0.0010 0.0020 0.0020
295      295   (0)      2  : 0.9798 0.0068 0.0030 0.0020 0.0030 0.0024 0.0030
296      296   (0)      2  : 0.9782 0.0030 0.0040 0.0060 0.0020 0.0030 0.0038
297      297   (0)      2  : 0.9478 0.0110 0.0078 0.0040 0.0048 0.0092 0.0154
298      298   (0)      2  : 0.9854 0.0030 0.0022 0.0020 0.0020 0.0020 0.0034
299      299   (0)      2  : 0.9896 0.0040 0.0010 0.0010 0.0020 0.0010 0.0014
300      300   (0)      2  : 0.9898 0.0020 0.0012 0.0010 0.0020 0.0020 0.0020
301      301   (0)      2  : 0.9678 0.0130 0.0020 0.0070 0.0040 0.0038 0.0024
302      302   (0)      2  : 0.9892 0.0020 0.0020 0.0020 0.0010 0.0020 0.0018
303      303   (0)      2  : 0.9734 0.0100 0.0030 0.0020 0.0056 0.0030 0.0030
304      304   (0)      2  : 0.9930 0.0010 0.0010 0.0020 0.0010 0.0010 0.0010
305      305   (0)      2  : 0.9772 0.0070 0.0030 0.0050 0.0030 0.0020 0.0028
306      306   (0)      2  : 0.9710 0.0050 0.0050 0.0010 0.0080 0.0048 0.0052
307      307   (0)      2  : 0.9886 0.0012 0.0022 0.0020 0.0010 0.0020 0.0030
308      308   (0)      2  : 0.9910 0.0020 0.0010 0.0010 0.0020 0.0012 0.0018
309      309   (0)      2  : 0.9662 0.0020 0.0072 0.0020 0.0030 0.0108 0.0088
310      310   (0)      2  : 0.9616 0.0030 0.0070 0.0040 0.0114 0.0040 0.0090
311      311   (0)      2  : 0.9778 0.0028 0.0072 0.0010 0.0020 0.0032 0.0060
312      312   (0)      2  : 0.9898 0.0020 0.0010 0.0020 0.0020 0.0020 0.0012
313      313   (0)      2  : 0.9890 0.0020 0.0020 0.0020 0.0010 0.0020 0.0020
314      314   (0)      2  : 0.9204 0.0020 0.0126 0.0056 0.0106 0.0244 0.0244
315      315   (0)      2  : 0.9824 0.0030 0.0032 0.0030 0.0020 0.0020 0.0044
316      316   (0)      2  : 0.9860 0.0020 0.0020 0.0040 0.0020 0.0020 0.0020
317      317   (0)      2  : 0.9774 0.0030 0.0032 0.0020 0.0030 0.0058 0.0056
318      318   (0)      2  : 0.9868 0.0010 0.0020 0.0040 0.0020 0.0022 0.0020
319      319   (0)      2  : 0.9051 0.0812 0.0020 0.0020 0.0030 0.0030 0.0038
320      320   (0)      2  : 0.9672 0.0038 0.0046 0.0040 0.0082 0.0066 0.0056
321      321   (0)      2  : 0.9880 0.0022 0.0020 0.0020 0.0020 0.0018 0.0020
322      322   (0)      2  : 0.9868 0.0040 0.0020 0.0020 0.0012 0.0020 0.0020
323      323   (0)      2  : 0.9880 0.0030 0.0020 0.0010 0.0020 0.0020 0.0020
324      324   (0)      2  : 0.9888 0.0040 0.0010 0.0010 0.0020 0.0020 0.0012
325      325   (0)      2  : 0.9798 0.0014 0.0030 0.0080 0.0030 0.0020 0.0028
326      326   (0)      2  : 0.9918 0.0010 0.0010 0.0020 0.0010 0.0020 0.0012
327      327   (0)      2  : 0.9824 0.0020 0.0022 0.0020 0.0038 0.0032 0.0044
328      328   (0)      2  : 0.9838 0.0010 0.0030 0.0060 0.0020 0.0020 0.0022
329      329   (0)      2  : 0.9888 0.0020 0.0020 0.0010 0.0024 0.0018 0.0020
330      330   (0)      2  : 0.9876 0.0020 0.0020 0.0040 0.0010 0.0014 0.0020
331      331   (0)      2  : 0.9818 0.0020 0.0022 0.0050 0.0030 0.0030 0.0030
332      332   (0)      2  : 0.9890 0.0020 0.0020 0.0020 0.0010 0.0020 0.0020
333      333   (0)      2  : 0.9822 0.0040 0.0030 0.0040 0.0020 0.0020 0.0028
334      334   (0)      2  : 0.9654 0.0196 0.0030 0.0020 0.0030 0.0040 0.0030
335      335   (0)      2  : 0.9624 0.0030 0.0068 0.0140 0.0040 0.0050 0.0048
336      336   (0)      2  : 0.9842 0.0040 0.0028 0.0030 0.0020 0.0020 0.0020
337      337   (0)      2  : 0.9874 0.0020 0.0020 0.0020 0.0020 0.0020 0.0026
338      338   (0)      2  : 0.9900 0.0020 0.0020 0.0010 0.0010 0.0020 0.0020
339      339   (0)      2  : 0.9750 0.0030 0.0064 0.0030 0.0020 0.0022 0.0084
340      340   (0)      2  : 0.9878 0.0030 0.0012 0.0020 0.0020 0.0020 0.0020
341      341   (0)      2  : 0.9880 0.0020 0.0020 0.0020 0.0020 0.0020 0.0020
342      342   (0)      2  : 0.9858 0.0020 0.0026 0.0020 0.0020 0.0020 0.0036
343      343   (0)      2  : 0.9778 0.0042 0.0050 0.0020 0.0040 0.0032 0.0038
344      344   (0)      2  : 0.9812 0.0044 0.0020 0.0020 0.0050 0.0032 0.0022
345      345   (0)      2  : 0.9886 0.0040 0.0010 0.0010 0.0020 0.0022 0.0012
346      346   (0)      2  : 0.9882 0.0010 0.0030 0.0010 0.0020 0.0020 0.0028
347      347   (0)      2  : 0.9870 0.0030 0.0020 0.0010 0.0030 0.0020 0.0020
348      348   (0)      2  : 0.9506 0.0100 0.0062 0.0050 0.0166 0.0048 0.0068
349      349   (0)      2  : 0.9670 0.0030 0.0040 0.0050 0.0070 0.0086 0.0054
350      350   (0)      2  : 0.9784 0.0030 0.0032 0.0030 0.0050 0.0030 0.0044
351      351   (5)      3  : 0.5717 0.0020 0.4084 0.0030 0.0022 0.0034 0.0092
352      352   (0)      3  : 0.1791 0.0042 0.1345 0.0110 0.0170 0.0196 0.6345
353      353   (0)      3  : 0.3932 0.0108 0.1146 0.0076 0.0096 0.0034 0.4608
354      354   (5)      3  : 0.2633 0.0030 0.0970 0.0034 0.0758 0.0036 0.5540
355      355   (5)      3  : 0.2345 0.0010 0.1238 0.0036 0.0034 0.0052 0.6285
356      356   (0)      3  : 0.1090 0.0068 0.1478 0.0298 0.0078 0.0040 0.6948
357      357   (0)      4  : 0.0050 0.0144 0.1934 0.0020 0.0058 0.0030 0.7764
358      358   (0)      4  : 0.0272 0.0038 0.2081 0.0020 0.0756 0.0194 0.6638
359      359  (10)      5  : 0.0024 0.0054 0.1762 0.0022 0.0064 0.0072 0.8002
360      360   (5)      5  : 0.0024 0.0068 0.1928 0.0044 0.0036 0.0042 0.7858
361      361   (5)      5  : 0.0797 0.0108 0.0228 0.0032 0.0032 0.0044 0.8758
362      362   (5)      5  : 0.0012 0.0020 0.1936 0.0012 0.0020 0.0054 0.7946
363      363  (10)      5  : 0.0114 0.0096 0.1536 0.0048 0.0080 0.0054 0.8072
364      364   (5)      5  : 0.0940 0.0136 0.0384 0.0034 0.0074 0.0038 0.8394
365      365  (10)      5  : 0.0042 0.0040 0.1924 0.0020 0.0062 0.0024 0.7888
366      366   (0)      5  : 0.0034 0.0020 0.1932 0.0626 0.0042 0.0108 0.7238
367      367   (0)      5  : 0.0030 0.0054 0.1956 0.0012 0.0034 0.0028 0.7886
368      368   (0)      5  : 0.0020 0.0012 0.2000 0.0032 0.0022 0.0022 0.7892
369      369   (0)      5  : 0.0074 0.0022 0.1772 0.0030 0.0014 0.0116 0.7972
370      370   (0)      5  : 0.0320 0.0090 0.1718 0.0012 0.0034 0.0038 0.7788
371      371   (0)      5  : 0.0022 0.0010 0.1990 0.0022 0.0022 0.0022 0.7912
372      372   (0)      5  : 0.0062 0.0022 0.1876 0.0022 0.0120 0.0020 0.7878
373      373   (0)      5  : 0.0032 0.0176 0.1734 0.0020 0.0250 0.0044 0.7744
374      374   (0)      5  : 0.0082 0.0098 0.1664 0.0022 0.0124 0.0048 0.7962
375      375   (0)      5  : 0.0124 0.0052 0.1531 0.0020 0.0022 0.0034 0.8216
376      376   (0)      5  : 0.0789 0.0084 0.0809 0.0024 0.0042 0.0036 0.8215
377      377   (0)      5  : 0.0050 0.0020 0.2036 0.0032 0.0042 0.0038 0.7782
378      378   (5)      5  : 0.0058 0.0010 0.2036 0.0118 0.0022 0.0030 0.7726
379      379   (0)      5  : 0.0044 0.0144 0.1912 0.0036 0.0040 0.0020 0.7804
380      380   (0)      5  : 0.0450 0.0214 0.1598 0.0038 0.0034 0.0052 0.7614
381      381   (5)      5  : 0.0168 0.0024 0.1770 0.0050 0.0020 0.0064 0.7904
382      382   (5)      5  : 0.0076 0.0020 0.2026 0.0058 0.0030 0.0058 0.7732
383      383   (0)      5  : 0.1142 0.0086 0.1560 0.0268 0.0106 0.0054 0.6784
384      384   (0)      5  : 0.0458 0.0020 0.1828 0.0032 0.0030 0.0042 0.7590
385      385   (0)      5  : 0.0058 0.0466 0.1718 0.0028 0.0068 0.0150 0.7512
386      386   (0)      5  : 0.0020 0.0026 0.2042 0.0030 0.0030 0.0022 0.7830
387      387   (0)      5  : 0.0018 0.0046 0.4165 0.0040 0.0054 0.0028 0.5649
388      388   (0)      5  : 0.0020 0.0020 0.2038 0.0022 0.0034 0.0038 0.7828
389      389   (0)      5  : 0.0010 0.0010 0.2869 0.0074 0.0020 0.0028 0.6989
390      390   (0)      5  : 0.0046 0.0040 0.1966 0.0020 0.0020 0.0064 0.7844
391      391   (0)      5  : 0.0084 0.0040 0.1932 0.0104 0.0038 0.0022 0.7780
392      392   (0)      5  : 0.0020 0.0104 0.1313 0.0076 0.2291 0.0030 0.6165
393      393   (0)      5  : 0.0090 0.0024 0.1994 0.0030 0.0044 0.0038 0.7780
394      394   (0)      5  : 0.0144 0.0030 0.2372 0.0020 0.0038 0.0020 0.7376
395      395   (0)      5  : 0.0414 0.0134 0.1626 0.0094 0.0136 0.0046 0.7550
396      396   (0)      5  : 0.0020 0.0030 0.9736 0.0038 0.0030 0.0030 0.0116
397      397   (0)      5  : 0.0094 0.0030 0.1996 0.0076 0.0056 0.0022 0.7726
398      398   (0)      5  : 0.0090 0.0030 0.1948 0.0022 0.0096 0.0084 0.7730
399      399   (0)      5  : 0.0022 0.0554 0.1884 0.0010 0.0054 0.0040 0.7436
400      400   (0)      5  : 0.0036 0.0082 0.1533 0.0020 0.0116 0.0186 0.8028
401      401  (10)      6  : 0.0020 0.0020 0.2158 0.0020 0.0080 0.0168 0.7534
402      402   (0)      6  : 0.0030 0.0166 0.6610 0.0020 0.2736 0.0030 0.0408
403      403   (0)      6  : 0.0228 0.0020 0.2056 0.0274 0.0020 0.0020 0.7382
404      404   (0)      6  : 0.0030 0.0038 0.4576 0.0028 0.0072 0.0046 0.5210
405      405   (0)      6  : 0.0030 0.0670 0.8530 0.0020 0.0608 0.0086 0.0056
406      406   (5)      6  : 0.0020 0.1013 0.3490 0.0020 0.1293 0.1037 0.3128
407      407   (0)      6  : 0.0020 0.0020 0.2274 0.0020 0.0070 0.0190 0.7406
408      408   (0)      6  : 0.0028 0.0030 0.9746 0.0010 0.0030 0.0050 0.0106
409      409   (0)      6  : 0.0010 0.0024 0.9608 0.0258 0.0036 0.0032 0.0032
410      410   (0)      6  : 0.0174 0.0388 0.1754 0.0010 0.0202 0.0270 0.7201
411      411   (0)      6  : 0.0018 0.0020 0.5147 0.4659 0.0098 0.0020 0.0038
412      412   (0)      6  : 0.0020 0.0020 0.9488 0.0036 0.0030 0.0028 0.0378
413      413   (0)      6  : 0.0010 0.0010 0.9466 0.0040 0.0030 0.0240 0.0204
414      414   (0)      6  : 0.0022 0.0048 0.9778 0.0012 0.0052 0.0046 0.0042
415      415   (5)      6  : 0.0044 0.0010 0.9340 0.0032 0.0044 0.0054 0.0476
416      416   (0)      6  : 0.0022 0.0020 0.9770 0.0028 0.0024 0.0050 0.0086
417      417   (0)      6  : 0.0030 0.0030 0.9774 0.0052 0.0030 0.0032 0.0052
418      418   (0)      6  : 0.0010 0.0020 0.9880 0.0024 0.0022 0.0020 0.0024
419      419   (0)      6  : 0.0020 0.0030 0.9642 0.0020 0.0134 0.0038 0.0116
420      420   (0)      6  : 0.0010 0.0010 0.9912 0.0010 0.0012 0.0012 0.0034
421      421   (0)      6  : 0.0020 0.0020 0.8302 0.0020 0.0050 0.0058 0.1530
422      422   (5)      6  : 0.0020 0.0030 0.9718 0.0040 0.0030 0.0058 0.0104
423      423   (5)      6  : 0.0020 0.0020 0.9638 0.0200 0.0032 0.0042 0.0048
424      424   (5)      6  : 0.0032 0.0080 0.2275 0.0040 0.0032 0.0168 0.7373
425      425   (0)      6  : 0.0114 0.0280 0.8535 0.0010 0.0106 0.0080 0.0875
426      426   (0)      6  : 0.0020 0.0020 0.5025 0.0018 0.0038 0.0707 0.4172
427      427   (0)      6  : 0.0020 0.0020 0.9540 0.0042 0.0102 0.0092 0.0184
428      428   (0)      6  : 0.0086 0.0492 0.8648 0.0010 0.0052 0.0054 0.0658
429      429   (0)      6  : 0.0010 0.0020 0.9704 0.0020 0.0056 0.0020 0.0170
430      430   (0)      6  : 0.0030 0.0020 0.9826 0.0032 0.0022 0.0020 0.0050
431      431   (0)      6  : 0.0030 0.0022 0.9784 0.0072 0.0022 0.0030 0.0040
432      432   (0)      6  : 0.0010 0.0020 0.9778 0.0058 0.0020 0.0046 0.0068
433      433   (0)      6  : 0.0020 0.0030 0.9574 0.0020 0.0082 0.0022 0.0252
434      434   (0)      6  : 0.0022 0.0034 0.2242 0.0038 0.0018 0.0086 0.7560
435      435   (0)      6  : 0.0030 0.0070 0.8987 0.0020 0.0720 0.0108 0.0066
436      436   (0)      6  : 0.0020 0.0022 0.9842 0.0048 0.0020 0.0020 0.0028
437      437   (5)      6  : 0.0030 0.0040 0.9552 0.0076 0.0106 0.0056 0.0140
438      438   (0)      6  : 0.0032 0.0020 0.3102 0.0038 0.0040 0.0028 0.6740
439      439   (0)      6  : 0.0014 0.0022 0.9696 0.0030 0.0076 0.0054 0.0108
440      440   (0)      6  : 0.0022 0.0020 0.2118 0.0022 0.0020 0.0030 0.7768
441      441   (0)      6  : 0.0020 0.0028 0.9786 0.0030 0.0032 0.0040 0.0064
442      442   (0)      6  : 0.0020 0.0020 0.2048 0.0022 0.0012 0.0030 0.7848
443      443   (5)      6  : 0.0020 0.0020 0.9852 0.0030 0.0022 0.0020 0.0036
444      444   (5)      6  : 0.0070 0.0078 0.5587 0.0048 0.0104 0.0030 0.4083
445      445   (5)      6  : 0.0020 0.0034 0.9772 0.0052 0.0044 0.0030 0.0048
446      446   (5)      6  : 0.0022 0.0020 0.9774 0.0078 0.0032 0.0022 0.0052
447      447   (5)      6  : 0.0038 0.0024 0.8392 0.0074 0.0028 0.0046 0.1398
448      448   (5)      6  : 0.0066 0.0020 0.4517 0.0056 0.0038 0.0036 0.5267
449      449   (0)      6  : 0.0020 0.0032 0.1866 0.0020 0.0044 0.0298 0.7720
450      450   (5)      6  : 0.0010 0.0020 0.9680 0.0040 0.0048 0.0030 0.0172
451      451   (0)      6  : 0.0020 0.0042 0.0376 0.0050 0.1526 0.6202 0.1784
452      452   (0)      6  : 0.0152 0.0590 0.1394 0.0222 0.0298 0.0724 0.6620
453      453   (0)      6  : 0.0010 0.0020 0.9670 0.0050 0.0060 0.0072 0.0118
454      454   (0)      6  : 0.0010 0.0012 0.9868 0.0020 0.0030 0.0022 0.0038
455      455   (0)      6  : 0.0030 0.0114 0.9638 0.0022 0.0048 0.0098 0.0050
456      456   (0)      6  : 0.0020 0.0020 0.3289 0.0056 0.0038 0.0094 0.6483
457      457   (0)      6  : 0.0020 0.0020 0.2476 0.0048 0.0020 0.0032 0.7384
458      458   (0)      6  : 0.0046 0.0072 0.8746 0.0028 0.0030 0.0364 0.0714
459      459   (0)      6  : 0.0012 0.0022 0.9732 0.0096 0.0034 0.0060 0.0044
460      460   (0)      6  : 0.0020 0.0020 0.9424 0.0022 0.0030 0.0056 0.0428
461      461   (0)      6  : 0.0020 0.0228 0.2402 0.0020 0.0598 0.0432 0.6300
462      462   (0)      6  : 0.0010 0.9882 0.0020 0.0020 0.0030 0.0020 0.0018
463      463   (0)      6  : 0.0010 0.0020 0.9834 0.0032 0.0030 0.0042 0.0032
464      464   (0)      6  : 0.0012 0.0020 0.9780 0.0022 0.0064 0.0050 0.0052
465      465   (0)      6  : 0.0020 0.0020 0.9382 0.0030 0.0032 0.0120 0.0396
466      466   (0)      6  : 0.0020 0.0184 0.4033 0.0020 0.0766 0.0280 0.4696
467      467   (0)      6  : 0.0020 0.0042 0.9606 0.0010 0.0040 0.0072 0.0210
468      468   (0)      6  : 0.0062 0.0598 0.6058 0.1545 0.0160 0.0048 0.1529
469      469   (0)      6  : 0.0022 0.0036 0.9614 0.0094 0.0148 0.0044 0.0042
470      470   (0)      6  : 0.0020 0.0020 0.6780 0.0056 0.1740 0.0046 0.1338
471      471   (0)      6  : 0.0010 0.0020 0.9880 0.0020 0.0022 0.0020 0.0028
472      472   (0)      6  : 0.0010 0.0020 0.9866 0.0020 0.0020 0.0020 0.0044
473      473   (0)      6  : 0.0174 0.0020 0.8944 0.0030 0.0032 0.0166 0.0634
474      474   (0)      6  : 0.0028 0.0074 0.9036 0.0020 0.0310 0.0062 0.0470
475      475   (0)      6  : 0.0020 0.0022 0.9722 0.0022 0.0044 0.0072 0.0098
476      476   (0)      6  : 0.0010 0.0022 0.9516 0.0020 0.0032 0.0272 0.0128
477      477   (0)      6  : 0.0038 0.0040 0.8681 0.0020 0.0050 0.0470 0.0701
478      478   (0)      6  : 0.0020 0.0020 0.9306 0.0104 0.0042 0.0030 0.0478
479      479   (0)      6  : 0.0030 0.0048 0.9666 0.0076 0.0030 0.0054 0.0096
480      480   (0)      6  : 0.0020 0.0038 0.9426 0.0022 0.0078 0.0336 0.0080
481      481   (0)      6  : 0.0010 0.0020 0.2364 0.7485 0.0020 0.0012 0.0088
482      482   (0)      6  : 0.0020 0.0020 0.9732 0.0028 0.0088 0.0032 0.0080
483      483   (0)      6  : 0.0020 0.0030 0.9580 0.0028 0.0100 0.0038 0.0204
484      484   (0)      6  : 0.0020 0.0022 0.9772 0.0038 0.0072 0.0030 0.0046
485      485   (0)      6  : 0.0010 0.0022 0.9852 0.0020 0.0032 0.0020 0.0044
486      486   (0)      6  : 0.0028 0.0050 0.9780 0.0020 0.0064 0.0022 0.0036
487      487   (0)      6  : 0.0020 0.0042 0.9780 0.0010 0.0036 0.0030 0.0082
488      488   (0)      6  : 0.0014 0.0020 0.9720 0.0052 0.0034 0.0112 0.0048
489      489   (0)      6  : 0.0020 0.0030 0.2852 0.0048 0.0030 0.0124 0.6896
490      490   (0)      6  : 0.0010 0.0048 0.7840 0.0030 0.0028 0.0046 0.1998
491      491   (0)      6  : 0.0020 0.0020 0.9259 0.0050 0.0124 0.0088 0.0440
492      492   (0)      6  : 0.0030 0.0034 0.9832 0.0020 0.0032 0.0022 0.0030
493      493  (10)      6  : 0.0052 0.0020 0.1543 0.6409 0.0114 0.0080 0.1782
494      494   (0)      6  : 0.0020 0.0020 0.9858 0.0030 0.0032 0.0020 0.0020
495      495   (0)      6  : 0.0020 0.0010 0.2058 0.0030 0.0074 0.0020 0.7788
496      496   (0)      6  : 0.0020 0.0042 0.9086 0.0086 0.0670 0.0048 0.0048
497      497   (0)      6  : 0.0022 0.0034 0.9758 0.0110 0.0034 0.0022 0.0020
498      498   (0)      6  : 0.0040 0.0058 0.9418 0.0020 0.0342 0.0080 0.0042
499      499   (0)      6  : 0.0010 0.0032 0.9850 0.0020 0.0030 0.0022 0.0036
500      500   (0)      6  : 0.0020 0.0174 0.9136 0.0032 0.0030 0.0464 0.0144
501      501   (0)      6  : 0.0010 0.0010 0.9912 0.0010 0.0012 0.0012 0.0034
502      502   (0)      6  : 0.0010 0.0010 0.9828 0.0028 0.0020 0.0020 0.0084
503      503   (0)      6  : 0.0020 0.0022 0.9782 0.0052 0.0030 0.0044 0.0050
504      504   (0)      6  : 0.0010 0.0020 0.9808 0.0028 0.0020 0.0020 0.0094
505      505   (0)      6  : 0.0010 0.0010 0.9244 0.0048 0.0020 0.0026 0.0642
506      506   (0)      7  : 0.0136 0.0020 0.1882 0.0034 0.0034 0.0086 0.7808
507      507  (10)      7  : 0.0036 0.0020 0.1978 0.0076 0.0020 0.0036 0.7834
508      508  (10)      7  : 0.0030 0.0278 0.2034 0.0090 0.0172 0.0074 0.7322
509      509   (5)      7  : 0.0010 0.0012 0.9858 0.0022 0.0030 0.0022 0.0046
510      510   (5)      7  : 0.0020 0.0028 0.2242 0.0080 0.0020 0.0020 0.7590
511      511   (0)      7  : 0.0010 0.0032 0.9834 0.0034 0.0032 0.0032 0.0026
512      512   (5)      7  : 0.0020 0.0042 0.9818 0.0050 0.0022 0.0020 0.0028
513      513   (5)      7  : 0.0020 0.0010 0.9800 0.0084 0.0022 0.0028 0.0036
514      514   (0)      7  : 0.0010 0.0018 0.9848 0.0030 0.0020 0.0020 0.0054
515      515   (0)      7  : 0.0010 0.0020 0.9790 0.0030 0.0020 0.0040 0.0090
516      516   (0)      7  : 0.0010 0.0020 0.9790 0.0030 0.0020 0.0040 0.0090
517      517   (0)      7  : 0.0018 0.0038 0.3690 0.0028 0.0038 0.1012 0.5176
518      518   (0)      7  : 0.0012 0.0042 0.9822 0.0024 0.0022 0.0032 0.0046
519      519   (5)      7  : 0.0010 0.0020 0.2192 0.0030 0.0030 0.0050 0.7668
520      520   (5)      7  : 0.0046 0.0046 0.2010 0.0022 0.0022 0.0022 0.7832
521      521  (10)      7  : 0.0030 0.0020 0.4150 0.0038 0.0030 0.0176 0.5556
522      522   (0)      7  : 0.0012 0.0030 0.9724 0.0038 0.0024 0.0086 0.0086
523      523   (5)      7  : 0.0052 0.0070 0.9384 0.0076 0.0022 0.0272 0.0124
524      524   (5)      7  : 0.0020 0.0068 0.6201 0.0020 0.0052 0.0056 0.3583
525      525   (0)      7  : 0.0010 0.0036 0.9824 0.0020 0.0030 0.0044 0.0036
526      526   (5)      7  : 0.0016 0.0020 0.9214 0.0058 0.0032 0.0510 0.0150
527      527   (0)      7  : 0.0058 0.0064 0.2408 0.0020 0.0068 0.0030 0.7352
528      528   (5)      7  : 0.0010 0.0054 0.9820 0.0032 0.0020 0.0020 0.0044
529      529   (0)      7  : 0.0020 0.0018 0.2644 0.0144 0.0020 0.0030 0.7124
530      530   (0)      7  : 0.0020 0.0022 0.9816 0.0074 0.0020 0.0020 0.0028
531      531   (0)      7  : 0.0034 0.0060 0.9798 0.0032 0.0020 0.0026 0.0030
532      532   (0)      7  : 0.0012 0.0014 0.9844 0.0044 0.0024 0.0034 0.0028
533      533   (0)      7  : 0.0024 0.0020 0.4091 0.0110 0.0270 0.0162 0.5323
534      534   (0)      7  : 0.0022 0.0020 0.9780 0.0098 0.0038 0.0020 0.0022
535      535   (0)      7  : 0.0044 0.0042 0.9792 0.0054 0.0020 0.0020 0.0028
536      536   (0)      7  : 0.0024 0.0026 0.9862 0.0022 0.0022 0.0022 0.0022
537      537   (0)      7  : 0.0042 0.0020 0.9590 0.0176 0.0084 0.0040 0.0048
538      538   (0)      7  : 0.0012 0.0012 0.9842 0.0032 0.0046 0.0020 0.0036
539      539   (0)      7  : 0.0030 0.0046 0.2118 0.0028 0.0032 0.0074 0.7672
540      540   (0)      7  : 0.0032 0.0030 0.2034 0.0038 0.0058 0.0034 0.7774
541      541   (0)      7  : 0.0010 0.0020 0.2050 0.0020 0.0020 0.0030 0.7850
542      542   (0)      7  : 0.0056 0.0020 0.2678 0.0016 0.0038 0.0076 0.7116
543      543   (0)      7  : 0.0012 0.0010 0.2054 0.0020 0.0020 0.0024 0.7860
544      544   (5)      7  : 0.0028 0.0032 0.9702 0.0040 0.0030 0.0050 0.0118
545      545   (5)      7  : 0.0020 0.0040 0.9798 0.0048 0.0032 0.0030 0.0032
546      546   (0)      7  : 0.0028 0.0060 0.9264 0.0020 0.0030 0.0040 0.0558
547      547  (15)      7  : 0.0032 0.0080 0.2052 0.0040 0.0042 0.0040 0.7714
548      548  (10)      7  : 0.0010 0.0020 0.9786 0.0058 0.0020 0.0028 0.0078
549      549  (10)      7  : 0.0020 0.0028 0.2196 0.0028 0.0048 0.0074 0.7607
550      550  (10)      7  : 0.0022 0.0030 0.2188 0.0040 0.0158 0.0116 0.7446
551      551   (5)      7  : 0.0020 0.0044 0.9730 0.0032 0.0068 0.0044 0.0062
552      552   (5)      7  : 0.0010 0.0020 0.1774 0.0042 0.0022 0.0082 0.8050
553      553   (5)      7  : 0.0016 0.0044 0.1998 0.0012 0.0032 0.0022 0.7876
554      554   (5)      7  : 0.0012 0.0030 0.9826 0.0034 0.0030 0.0044 0.0024
555      555   (5)      7  : 0.0030 0.0102 0.4014 0.0092 0.0268 0.0260 0.5235
556      556   (5)      7  : 0.0020 0.0024 0.1974 0.0014 0.0052 0.0062 0.7854
557      557  (15)      7  : 0.0070 0.0034 0.1878 0.0064 0.0074 0.0240 0.7640
558      558   (5)      7  : 0.0056 0.0010 0.1972 0.0030 0.0020 0.0042 0.7870
559      559   (5)      7  : 0.0010 0.0020 0.2028 0.0030 0.0020 0.0056 0.7836
560      560  (15)      7  : 0.0020 0.0028 0.1964 0.0042 0.0030 0.0072 0.7844
561      561   (5)      7  : 0.0092 0.0050 0.2010 0.0080 0.0282 0.0380 0.7106
562      562   (5)      7  : 0.0136 0.0070 0.1638 0.0072 0.0650 0.0050 0.7384
563      563   (5)      7  : 0.0020 0.0038 0.2372 0.0022 0.0040 0.0116 0.7392
564      564   (5)      7  : 0.0010 0.0020 0.9844 0.0050 0.0022 0.0030 0.0024
565      565  (10)      7  : 0.0020 0.0030 0.9706 0.0030 0.0020 0.0046 0.0148
566      566   (5)      7  : 0.0020 0.0020 0.9554 0.0282 0.0020 0.0042 0.0062
567      567   (5)      7  : 0.0020 0.0032 0.9714 0.0010 0.0040 0.0078 0.0106
568      568  (10)      7  : 0.0020 0.0022 0.9626 0.0104 0.0044 0.0096 0.0088
569      569  (10)      7  : 0.0020 0.0052 0.2240 0.0020 0.0172 0.0054 0.7443
570      570  (10)      7  : 0.0072 0.0022 0.2018 0.0020 0.0038 0.0062 0.7768
571      571  (10)      7  : 0.0088 0.0042 0.1898 0.0052 0.0164 0.0084 0.7672
572      572   (5)      7  : 0.0012 0.0020 0.2238 0.0032 0.0130 0.0062 0.7506
573      573  (10)      7  : 0.0022 0.0658 0.1750 0.0050 0.0134 0.0032 0.7354
574      574   (0)      7  : 0.0010 0.0020 0.9808 0.0062 0.0030 0.0020 0.0050
575      575   (5)      7  : 0.0020 0.0020 0.9836 0.0048 0.0020 0.0020 0.0036
576      576   (0)      7  : 0.0010 0.0010 0.2142 0.0030 0.0028 0.0040 0.7740
577      577   (0)      7  : 0.0010 0.0010 0.4278 0.0018 0.0010 0.0020 0.5654
578      578   (0)      7  : 0.0020 0.0020 0.2012 0.0020 0.0020 0.0034 0.7874
579      579   (0)      7  : 0.0048 0.0020 0.3526 0.0038 0.0028 0.0020 0.6320
580      580   (0)      7  : 0.0012 0.0094 0.1928 0.0020 0.0038 0.0054 0.7854
581      581   (0)      7  : 0.0084 0.0020 0.4625 0.0168 0.0020 0.0056 0.5027
582      582   (0)      7  : 0.0024 0.0030 0.1920 0.0326 0.0030 0.0066 0.7604
583      583  (10)      7  : 0.0014 0.0020 0.2022 0.0030 0.0020 0.0020 0.7874
584      584  (10)      7  : 0.0362 0.0132 0.0276 0.0040 0.0088 0.7913 0.1189
585      585   (0)      7  : 0.0096 0.0016 0.1794 0.0030 0.0022 0.0070 0.7972
586      586   (5)      7  : 0.0536 0.0106 0.1502 0.0036 0.0172 0.1458 0.6190
587      587   (0)      7  : 0.0022 0.0034 0.1892 0.0046 0.0046 0.0062 0.7898
588      588   (5)      7  : 0.0120 0.0032 0.1918 0.0044 0.0040 0.0150 0.7696
589      589   (5)      7  : 0.0012 0.0060 0.9624 0.0078 0.0048 0.0056 0.0122
590      590   (5)      7  : 0.0044 0.0084 0.7761 0.0116 0.0030 0.0046 0.1918
591      591  (10)      7  : 0.0010 0.0010 0.2212 0.0040 0.0038 0.0046 0.7644
592      592   (0)      7  : 0.0020 0.0020 0.9202 0.0020 0.0020 0.0246 0.0472
593      593   (0)      7  : 0.0012 0.0020 0.2218 0.0030 0.0038 0.0038 0.7644
594      594   (0)      7  : 0.0248 0.0226 0.0338 0.0022 0.0032 0.1252 0.7882
595      595   (0)      7  : 0.0028 0.0096 0.9608 0.0020 0.0028 0.0048 0.0172
596      596   (0)      7  : 0.0038 0.0062 0.7071 0.0052 0.0056 0.0826 0.1895
597      597   (0)      7  : 0.0018 0.0020 0.9778 0.0020 0.0020 0.0030 0.0114
598      598   (0)      7  : 0.0010 0.0020 0.9526 0.0108 0.0178 0.0032 0.0126
599      599   (0)      7  : 0.0024 0.0034 0.1932 0.0078 0.0076 0.0200 0.7656
600      600   (0)      7  : 0.0020 0.0020 0.9650 0.0112 0.0020 0.0066 0.0112
601      601   (0)      7  : 0.0020 0.0022 0.1938 0.0020 0.0032 0.0040 0.7928
602      602   (0)      7  : 0.0020 0.0044 0.2002 0.0020 0.0030 0.0056 0.7828
603      603   (0)      7  : 0.0138 0.0068 0.0444 0.0470 0.0098 0.2519 0.6264
604      604   (0)      7  : 0.0042 0.0134 0.0867 0.0054 0.0214 0.3317 0.5372
605      605   (0)      7  : 0.0072 0.0350 0.0370 0.0068 0.0204 0.3899 0.5037
606      606   (0)      7  : 0.0020 0.0040 0.8920 0.0054 0.0862 0.0054 0.0050
607      607   (0)      7  : 0.0078 0.0020 0.1910 0.0056 0.0048 0.0090 0.7798
608      608   (0)      7  : 0.0012 0.0012 0.2186 0.0022 0.0022 0.0036 0.7710
609      609   (5)      7  : 0.0032 0.0040 0.2024 0.0044 0.0040 0.0062 0.7758
610      610   (0)      7  : 0.0020 0.0040 0.9056 0.0042 0.0120 0.0270 0.0452
611      611   (5)      7  : 0.2330 0.0102 0.0196 0.0024 0.0034 0.1179 0.6135
612      612   (0)      7  : 0.0020 0.0030 0.6368 0.0020 0.0434 0.0056 0.3072
613      613   (0)      7  : 0.0126 0.0118 0.5911 0.0568 0.0030 0.2619 0.0628
614      614   (0)      7  : 0.0022 0.0212 0.1714 0.0024 0.0022 0.0040 0.7966
615      615   (0)      7  : 0.0030 0.0074 0.2347 0.0060 0.0092 0.0844 0.6554
616      616   (0)      7  : 0.0010 0.0020 0.9800 0.0030 0.0030 0.0040 0.0070
617      617   (0)      7  : 0.0018 0.0038 0.9672 0.0048 0.0056 0.0020 0.0148
618      618   (0)      7  : 0.0046 0.0012 0.2006 0.0108 0.0212 0.0138 0.7477
619      619   (0)      7  : 0.0010 0.0010 0.1966 0.0020 0.0012 0.0070 0.7912
620      620   (0)      7  : 0.0026 0.0038 0.9492 0.0020 0.0038 0.0114 0.0272
621      621   (0)      7  : 0.0018 0.0020 0.9560 0.0020 0.0020 0.0038 0.0324
622      622   (0)      7  : 0.0088 0.0050 0.3509 0.0654 0.0202 0.4215 0.1282
623      623   (0)      7  : 0.0010 0.0028 0.9778 0.0028 0.0030 0.0038 0.0088
624      624   (0)      7  : 0.0032 0.0022 0.1994 0.0020 0.0032 0.0036 0.7864
625      625   (5)      7  : 0.0020 0.0022 0.1980 0.0030 0.0020 0.0124 0.7804
626      626   (0)      7  : 0.0056 0.0038 0.2110 0.0098 0.0020 0.0128 0.7550
627      627   (0)      7  : 0.0022 0.0144 0.1930 0.0042 0.0056 0.0094 0.7712
628      628   (0)      7  : 0.0030 0.0020 0.2172 0.0028 0.0022 0.0030 0.7698
629      629  (10)      7  : 0.0020 0.0020 0.2850 0.0050 0.0030 0.0166 0.6864
630      630   (0)      7  : 0.0012 0.0010 0.2006 0.0020 0.0020 0.0020 0.7912
631      631   (0)      7  : 0.0010 0.0010 0.9770 0.0020 0.0020 0.0028 0.0142
632      632   (0)      7  : 0.0012 0.0012 0.2008 0.0022 0.0020 0.0050 0.7876
633      633  (10)      7  : 0.0022 0.0062 0.2799 0.0060 0.0146 0.0220 0.6690
634      634   (5)      7  : 0.0010 0.0032 0.1780 0.0022 0.0044 0.0134 0.7978
635      635   (0)      7  : 0.0012 0.0020 0.2026 0.0030 0.0050 0.0030 0.7832
636      636   (5)      7  : 0.0020 0.0020 0.9130 0.0028 0.0020 0.0040 0.0742
637      637   (5)      7  : 0.0010 0.0010 0.9792 0.0020 0.0048 0.0020 0.0100
638      638  (10)      7  : 0.0028 0.0040 0.7314 0.0026 0.0096 0.0114 0.2382
639      639   (0)      7  : 0.0010 0.0010 0.2204 0.0048 0.0030 0.0022 0.7676
640      640   (5)      7  : 0.0032 0.0070 0.2060 0.0030 0.0068 0.0030 0.7710
641      641  (10)      7  : 0.0020 0.0020 0.9740 0.0050 0.0030 0.0066 0.0074
642      642   (0)      7  : 0.0022 0.0038 0.1974 0.0020 0.0036 0.0022 0.7888
643      643   (0)      7  : 0.0162 0.0022 0.2022 0.0052 0.0106 0.0064 0.7572
644      644   (0)      7  : 0.0020 0.0024 0.2152 0.0020 0.0908 0.0046 0.6831
645      645   (0)      7  : 0.0024 0.0224 0.1976 0.0042 0.0116 0.0056 0.7562
646      646   (0)      7  : 0.0026 0.0010 0.8690 0.0030 0.0136 0.0028 0.1080
647      647   (0)      7  : 0.0030 0.0020 0.9277 0.0020 0.0040 0.0028 0.0585
648      648   (0)      7  : 0.0010 0.0028 0.9230 0.0048 0.0106 0.0036 0.0542
649      649   (0)      7  : 0.0010 0.0020 0.9878 0.0032 0.0020 0.0020 0.0020
650      650   (0)      7  : 0.0010 0.0010 0.9866 0.0032 0.0022 0.0030 0.0030
651      651   (5)      7  : 0.0040 0.0110 0.2466 0.0020 0.0134 0.0284 0.6945
652      652   (0)      7  : 0.0010 0.0010 0.9868 0.0022 0.0020 0.0030 0.0040
653      653   (0)      7  : 0.0044 0.0202 0.9024 0.0274 0.0036 0.0020 0.0400
654      654   (0)      7  : 0.0020 0.0074 0.5720 0.0020 0.0030 0.0038 0.4098
655      655   (5)      7  : 0.0040 0.0030 0.1996 0.0108 0.0086 0.0076 0.7664
656      656   (0)      7  : 0.0020 0.0012 0.2044 0.0038 0.0032 0.0040 0.7814
657      657   (0)      7  : 0.0090 0.0084 0.2078 0.0094 0.0406 0.0206 0.7042
658      658   (0)      7  : 0.0012 0.0022 0.9860 0.0024 0.0042 0.0020 0.0020
659      659   (0)      7  : 0.0020 0.0040 0.6231 0.0120 0.0082 0.0674 0.2833
660      660   (0)      7  : 0.0028 0.0104 0.9698 0.0028 0.0020 0.0030 0.0092
661      661   (0)      7  : 0.0030 0.0040 0.8623 0.0150 0.0058 0.0028 0.1071
662      662   (0)      7  : 0.0062 0.0012 0.1986 0.0020 0.0066 0.0038 0.7816
663      663   (0)      7  : 0.0020 0.0020 0.9184 0.0028 0.0012 0.0030 0.0706
664      664   (0)      7  : 0.0018 0.0030 0.9806 0.0042 0.0042 0.0030 0.0032
665      665   (0)      7  : 0.0074 0.0066 0.2282 0.0030 0.0052 0.0086 0.7410
666      666   (0)      7  : 0.0020 0.0020 0.9058 0.0446 0.0050 0.0140 0.0266
667      667   (0)      7  : 0.0010 0.0010 0.9822 0.0030 0.0040 0.0020 0.0068
668      668   (0)      7  : 0.0020 0.0020 0.8997 0.0028 0.0028 0.0118 0.0789
669      669   (0)      7  : 0.0010 0.0020 0.9878 0.0020 0.0022 0.0020 0.0030
670      670   (0)      7  : 0.0010 0.0010 0.2004 0.0020 0.0020 0.0022 0.7914
671      671   (0)      7  : 0.0010 0.0010 0.9850 0.0020 0.0034 0.0020 0.0056
672      672   (0)      7  : 0.0010 0.0038 0.2228 0.0028 0.0040 0.0038 0.7618
673      673   (0)      7  : 0.0030 0.0032 0.1996 0.0022 0.0032 0.0030 0.7858
674      674   (0)      7  : 0.0020 0.0020 0.9820 0.0030 0.0020 0.0030 0.0060
675      675   (0)      7  : 0.0010 0.0020 0.9804 0.0020 0.0020 0.0020 0.0106
676      676  (10)      7  : 0.0030 0.0020 0.9316 0.0040 0.0062 0.0078 0.0454
677      677   (5)      7  : 0.0020 0.2184 0.4915 0.0110 0.0216 0.0206 0.2350
678      678  (10)      7  : 0.0020 0.0022 0.2042 0.0030 0.0030 0.0034 0.7822
679      679   (5)      7  : 0.0728 0.0392 0.1670 0.0136 0.0044 0.0150 0.6881
680      680  (10)      7  : 0.0020 0.0028 0.9730 0.0068 0.0038 0.0028 0.0088
681      681  (10)      7  : 0.0020 0.0044 0.1950 0.0246 0.0060 0.0032 0.7648
682      682   (0)      7  : 0.0022 0.0058 0.9812 0.0038 0.0024 0.0024 0.0022
683      683   (5)      7  : 0.0030 0.0030 0.3389 0.0074 0.0076 0.0036 0.6365
684      684   (5)      7  : 0.0120 0.0068 0.2076 0.0036 0.0172 0.0154 0.7374
685      685  (10)      7  : 0.0020 0.0040 0.2108 0.0072 0.0032 0.0020 0.7708
686      686   (0)      7  : 0.0018 0.0020 0.9818 0.0042 0.0032 0.0030 0.0040
687      687   (0)      7  : 0.0020 0.0020 0.9808 0.0030 0.0020 0.0032 0.0070
688      688   (0)      7  : 0.0020 0.0020 0.9826 0.0020 0.0020 0.0022 0.0072
689      689   (0)      7  : 0.0014 0.0010 0.9876 0.0020 0.0020 0.0024 0.0036
690      690   (0)      7  : 0.0078 0.0020 0.1850 0.0252 0.0058 0.0046 0.7696
691      691   (0)      7  : 0.0350 0.0020 0.1277 0.0010 0.1885 0.0789 0.5669
692      692   (0)      7  : 0.0226 0.0020 0.1948 0.0034 0.0036 0.0036 0.7700
693      693   (0)      7  : 0.0020 0.0028 0.7964 0.0020 0.0106 0.0080 0.1782
694      694   (0)      7  : 0.0010 0.0030 0.2088 0.0020 0.0062 0.0032 0.7758
695      695   (5)      7  : 0.0062 0.0146 0.0733 0.0022 0.0068 0.4252 0.4718
696      696   (0)      7  : 0.0082 0.1042 0.0617 0.0060 0.0386 0.2657 0.5155
697      697   (0)      7  : 0.0018 0.0072 0.1954 0.0068 0.0020 0.0192 0.7676
698      698  (10)      7  : 0.0066 0.0022 0.1299 0.0062 0.0034 0.1753 0.6764
699      699   (5)      7  : 0.0028 0.0046 0.2054 0.0116 0.0020 0.0052 0.7684
700      700   (0)      7  : 0.0010 0.0020 0.2080 0.0020 0.0020 0.0038 0.7812
701      701   (5)      7  : 0.0038 0.0028 0.0094 0.0046 0.0084 0.9432 0.0278
702      702   (5)      7  : 0.0020 0.0036 0.2242 0.0068 0.0092 0.0048 0.7494
703      703   (0)      7  : 0.0012 0.0020 0.2090 0.0048 0.0052 0.0030 0.7748
704      704   (0)      7  : 0.0338 0.0028 0.4164 0.0044 0.0020 0.0072 0.5333
705      705   (0)      7  : 0.0020 0.0032 0.3061 0.0030 0.0062 0.0048 0.6747
706      706   (0)      7  : 0.0048 0.0050 0.0991 0.0028 0.0200 0.1803 0.6880
707      707   (0)      7  : 0.0010 0.0020 0.8117 0.0102 0.0032 0.0790 0.0929
708      708   (0)      7  : 0.0024 0.0016 0.2000 0.0050 0.0052 0.0076 0.7782
709      709   (0)      7  : 0.0010 0.0022 0.2090 0.0022 0.0028 0.0020 0.7808
710      710   (0)      7  : 0.0010 0.0020 0.9524 0.0020 0.0268 0.0028 0.0130
711      711   (0)      7  : 0.0010 0.0020 0.2292 0.0020 0.0046 0.0040 0.7572
712      712   (0)      7  : 0.0020 0.0020 0.2426 0.0028 0.0050 0.0030 0.7426
713      713   (0)      7  : 0.0034 0.0046 0.9798 0.0042 0.0020 0.0022 0.0038
714      714   (0)      7  : 0.0010 0.0052 0.9724 0.0030 0.0072 0.0020 0.0092
715      715   (0)      7  : 0.0020 0.0062 0.9666 0.0020 0.0060 0.0060 0.0112
716      716   (0)      7  : 0.0012 0.0032 0.9848 0.0012 0.0034 0.0034 0.0028
717      717   (0)      7  : 0.0020 0.0020 0.9846 0.0054 0.0020 0.0020 0.0020
718      718   (0)      7  : 0.0024 0.0046 0.9806 0.0034 0.0032 0.0022 0.0036
719      719   (0)      7  : 0.0018 0.0020 0.9848 0.0054 0.0020 0.0020 0.0020
720      720   (0)      7  : 0.0014 0.0020 0.9834 0.0020 0.0040 0.0020 0.0052
721      721   (0)      7  : 0.0012 0.0020 0.9878 0.0020 0.0022 0.0020 0.0028
722      722   (0)      7  : 0.0010 0.0010 0.9854 0.0022 0.0054 0.0020 0.0030
723      723   (0)      7  : 0.0010 0.0010 0.9830 0.0020 0.0050 0.0020 0.0060
724      724   (0)      7  : 0.0012 0.0020 0.2360 0.0316 0.0030 0.0612 0.6650
725      725   (0)      7  : 0.0010 0.0014 0.9448 0.0062 0.0022 0.0354 0.0090
726      726   (0)      7  : 0.0030 0.0010 0.2044 0.0090 0.0030 0.0020 0.7776
727      727   (0)      7  : 0.0052 0.0022 0.1944 0.0022 0.0020 0.0046 0.7894
728      728   (0)      7  : 0.0010 0.0020 0.9710 0.0030 0.0036 0.0026 0.0168
729      729   (0)      7  : 0.0050 0.0136 0.9552 0.0034 0.0032 0.0158 0.0038
730      730   (0)      7  : 0.0010 0.0020 0.9814 0.0032 0.0010 0.0040 0.0074
731      731   (0)      7  : 0.0012 0.0062 0.9798 0.0024 0.0032 0.0040 0.0032
732      732   (0)      7  : 0.0014 0.0020 0.9704 0.0022 0.0042 0.0108 0.0090
733      733   (0)      7  : 0.0028 0.0046 0.3554 0.0038 0.0038 0.0124 0.6172
734      734   (0)      7  : 0.0046 0.0020 0.2142 0.0084 0.0050 0.0154 0.7503
735      735   (0)      7  : 0.0010 0.0028 0.2036 0.0020 0.0020 0.0046 0.7840
736      736   (0)      7  : 0.0022 0.0022 0.2054 0.0050 0.0042 0.0030 0.7780
737      737   (0)      7  : 0.0012 0.0010 0.9894 0.0022 0.0022 0.0020 0.0020
738      738   (0)      7  : 0.0048 0.0030 0.1814 0.0346 0.0076 0.0070 0.7616
739      739   (0)      7  : 0.0020 0.0020 0.9846 0.0020 0.0020 0.0030 0.0044
740      740   (0)      7  : 0.0020 0.0020 0.2066 0.0020 0.0020 0.0032 0.7822
741      741   (0)      7  : 0.0020 0.0020 0.1912 0.0040 0.0054 0.0174 0.7780
742      742   (0)      7  : 0.0036 0.0054 0.6114 0.0020 0.0064 0.0100 0.3612
743      743   (0)      7  : 0.0020 0.0014 0.2320 0.0036 0.0074 0.0062 0.7474
744      744   (0)      7  : 0.0010 0.0020 0.1926 0.0020 0.0042 0.0140 0.7842
745      745   (0)      7  : 0.0010 0.0020 0.9876 0.0020 0.0022 0.0022 0.0030
746      746   (5)      8  : 0.0140 0.0210 0.1988 0.0038 0.0100 0.1165 0.6359
747      747   (0)      8  : 0.0022 0.0080 0.0946 0.0030 0.0138 0.4650 0.4134
748      748   (0)      8  : 0.0046 0.0028 0.0322 0.0138 0.0020 0.4880 0.4565
749      749   (0)      8  : 0.0042 0.0020 0.0152 0.0082 0.0034 0.7523 0.2146
750      750   (0)      8  : 0.0020 0.0038 0.1542 0.0044 0.0044 0.0674 0.7638
751      751   (0)      8  : 0.0708 0.0108 0.0644 0.0032 0.0042 0.1709 0.6757
752      752   (0)      8  : 0.0032 0.0056 0.1247 0.0064 0.0272 0.1265 0.7064
753      753   (0)      8  : 0.0170 0.0094 0.1752 0.0384 0.0242 0.0310 0.7048
754      754   (0)      8  : 0.0020 0.0184 0.0844 0.0172 0.0302 0.4707 0.3771
755      755   (0)      8  : 0.0020 0.0018 0.9530 0.0020 0.0020 0.0020 0.0372
756      756   (0)      8  : 0.0042 0.0020 0.1495 0.0032 0.0028 0.0246 0.8138
757      757   (0)      8  : 0.0030 0.0020 0.1485 0.0074 0.0182 0.2400 0.5809
758      758   (0)      8  : 0.0020 0.0030 0.2158 0.0082 0.0038 0.0042 0.7630
759      759   (0)      8  : 0.0028 0.0036 0.0961 0.0042 0.0062 0.5600 0.3270
760      760   (0)      8  : 0.0044 0.0038 0.0867 0.0694 0.0050 0.3400 0.4907
761      761   (0)      8  : 0.0010 0.0018 0.7945 0.0028 0.0026 0.0028 0.1945
762      762   (0)      8  : 0.0012 0.0032 0.2488 0.0020 0.0040 0.4403 0.3005
763      763   (0)      8  : 0.0176 0.0020 0.1635 0.0020 0.0158 0.2683 0.5308
764      764   (0)      8  : 0.0020 0.0030 0.2064 0.0020 0.0084 0.0072 0.7710
765      765   (0)      8  : 0.0054 0.0070 0.2059 0.0020 0.1368 0.0198 0.6231
766      766   (0)      8  : 0.0050 0.0058 0.4288 0.0724 0.0030 0.0056 0.4794
767      767   (0)      8  : 0.0030 0.1409 0.2110 0.0028 0.0058 0.0162 0.6204
768      768   (0)      8  : 0.0032 0.0110 0.0640 0.0256 0.0232 0.6871 0.1858
769      769   (0)      8  : 0.0040 0.0090 0.0626 0.0376 0.0140 0.6957 0.1771
770      770   (0)      8  : 0.0288 0.0020 0.1946 0.0020 0.0030 0.0100 0.7596
771      771   (0)      8  : 0.0040 0.0564 0.4141 0.0084 0.0280 0.1846 0.3045
772      772   (0)      8  : 0.0020 0.0550 0.1987 0.0152 0.0104 0.3920 0.3267
773      773   (0)      8  : 0.0028 0.0046 0.0032 0.0030 0.0074 0.7818 0.1972
774      774   (0)      8  : 0.0050 0.0020 0.0400 0.0160 0.0032 0.5101 0.4237
775      775   (0)      8  : 0.0114 0.0064 0.1614 0.0020 0.0060 0.0997 0.7131
776      776   (0)      8  : 0.0240 0.0020 0.1648 0.0112 0.0032 0.0264 0.7684
777      777  (10)      8  : 0.0020 0.0038 0.2812 0.0030 0.0048 0.0030 0.7022
778      778   (5)      8  : 0.0022 0.0020 0.4768 0.0118 0.0042 0.4602 0.0428
779      779   (0)      8  : 0.0066 0.0074 0.0040 0.0020 0.3162 0.5339 0.1299
780      780   (0)      8  : 0.0052 0.0034 0.0150 0.0012 0.0086 0.7246 0.2420
781      781   (0)      8  : 0.0182 0.0030 0.0160 0.0080 0.0194 0.6500 0.2853
782      782   (0)      8  : 0.0042 0.0022 0.0110 0.0030 0.0252 0.7444 0.2100
783      783   (0)      8  : 0.0146 0.0030 0.0048 0.0030 0.0842 0.6479 0.2425
784      784   (0)      8  : 0.0020 0.0038 0.0098 0.0020 0.0128 0.7150 0.2546
785      785   (0)      8  : 0.0328 0.0024 0.0358 0.0054 0.0192 0.6951 0.2092
786      786   (0)      8  : 0.0086 0.0078 0.0627 0.0020 0.0136 0.4487 0.4566
787      787   (0)      8  : 0.0010 0.0132 0.0096 0.0030 0.0044 0.8607 0.1081
788      788   (5)      8  : 0.0048 0.0128 0.2024 0.0054 0.0484 0.3317 0.3945
789      789   (0)      8  : 0.0076 0.0032 0.0022 0.0148 0.2277 0.6167 0.1278
790      790   (0)      8  : 0.0010 0.0082 0.0741 0.0030 0.0298 0.5119 0.3720
791      791   (0)      8  : 0.0038 0.0044 0.0584 0.0022 0.2312 0.2761 0.4239
792      792   (0)      8  : 0.0310 0.0108 0.1696 0.0054 0.0258 0.2145 0.5428
793      793   (0)      8  : 0.0020 0.0066 0.0054 0.0020 0.1214 0.6596 0.2030
794      794   (5)      8  : 0.0030 0.0608 0.0870 0.0046 0.7344 0.0140 0.0963
795      795   (0)      8  : 0.0072 0.0450 0.0374 0.0054 0.0046 0.6084 0.2920
796      796   (0)      8  : 0.0020 0.0020 0.0050 0.0230 0.0044 0.9219 0.0418
797      797   (0)      8  : 0.0020 0.0212 0.0022 0.0020 0.0066 0.7676 0.1984
798      798   (0)      8  : 0.0028 0.0064 0.0080 0.0038 0.0058 0.7700 0.2032
799      799   (0)      8  : 0.0020 0.0028 0.2180 0.0048 0.0028 0.0056 0.7640
800      800   (0)      8  : 0.0020 0.0020 0.0360 0.0218 0.0096 0.1420 0.7865
801      801   (5)      8  : 0.0044 0.0042 0.1784 0.0042 0.0102 0.1868 0.6117
802      802   (5)      8  : 0.0040 0.1221 0.0090 0.0020 0.0130 0.6853 0.1646
803      803   (0)      8  : 0.0020 0.0034 0.0144 0.0020 0.0022 0.8291 0.1469
804      804   (0)      8  : 0.0022 0.0188 0.0114 0.0052 0.0220 0.7698 0.1706
805      805   (0)      8  : 0.0134 0.0078 0.1006 0.0020 0.1460 0.6870 0.0432
806      806   (0)      8  : 0.0010 0.0020 0.0092 0.0020 0.0040 0.7674 0.2144
807      807   (0)      8  : 0.0066 0.0190 0.5886 0.0058 0.0232 0.0880 0.2689
808      808   (0)      8  : 0.0380 0.0266 0.0212 0.0132 0.0250 0.4845 0.3916
809      809   (0)      8  : 0.0148 0.0532 0.1669 0.0020 0.0058 0.2172 0.5401
810      810   (0)      8  : 0.0010 0.0146 0.1650 0.0040 0.0374 0.4316 0.3464
811      811   (0)      8  : 0.0020 0.0382 0.2386 0.0102 0.0282 0.5622 0.1206
812      812   (0)      8  : 0.0020 0.0060 0.0990 0.0026 0.0042 0.5756 0.3107
813      813   (0)      8  : 0.0032 0.0744 0.1464 0.0020 0.1108 0.0306 0.6326
814      814   (0)      9  : 0.0020 0.0010 0.0238 0.0030 0.0020 0.7674 0.2008
815      815   (0)      9  : 0.0020 0.0010 0.0110 0.0030 0.0030 0.7778 0.2022
816      816   (0)      9  : 0.0040 0.0022 0.0198 0.0044 0.0026 0.6256 0.3414
817      817   (0)      9  : 0.0028 0.0020 0.0052 0.0050 0.0032 0.7816 0.2002
818      818   (0)      9  : 0.0020 0.0020 0.0072 0.0020 0.0036 0.7834 0.1998
819      819   (0)      9  : 0.0010 0.0020 0.0040 0.0020 0.0030 0.7858 0.2022
820      820   (0)      9  : 0.0012 0.0012 0.0082 0.0042 0.0030 0.7920 0.1902
821      821   (0)      9  : 0.0052 0.0414 0.0060 0.0020 0.0042 0.7632 0.1780
822      822   (0)      9  : 0.0236 0.0290 0.0090 0.0088 0.0184 0.7063 0.2048
823      823   (0)      9  : 0.0020 0.0030 0.0208 0.0058 0.0056 0.7624 0.2004
824      824   (0)      9  : 0.0020 0.0020 0.0038 0.0030 0.0028 0.7870 0.1994
825      825   (0)      9  : 0.0018 0.0018 0.0028 0.0028 0.0046 0.7860 0.2002
826      826   (0)      9  : 0.0022 0.0040 0.0062 0.0010 0.0020 0.7692 0.2154
827      827   (0)      9  : 0.0030 0.0026 0.0182 0.0178 0.0084 0.6910 0.2590
828      828   (0)      9  : 0.0022 0.0020 0.0038 0.0020 0.0034 0.8198 0.1668
829      829   (0)      9  : 0.0010 0.0020 0.0046 0.0020 0.0020 0.7866 0.2018
830      830   (0)      9  : 0.0020 0.0046 0.0020 0.0032 0.0032 0.7918 0.1932
831      831   (0)      9  : 0.0080 0.0182 0.0096 0.0050 0.0030 0.6746 0.2816
832      832   (0)      9  : 0.0020 0.0020 0.0040 0.0020 0.0020 0.7864 0.2016
833      833   (0)      9  : 0.0010 0.0020 0.0020 0.0028 0.0030 0.7900 0.1992
834      834   (0)      9  : 0.0036 0.0062 0.0266 0.0064 0.0200 0.7398 0.1974
835      835   (0)      9  : 0.0018 0.0028 0.0020 0.0064 0.0112 0.7768 0.1990
836      836   (0)      9  : 0.0010 0.0010 0.0024 0.0054 0.0062 0.7842 0.1998
837      837   (0)      9  : 0.0010 0.0020 0.0030 0.0130 0.0082 0.7742 0.1986
838      838   (0)      9  : 0.0010 0.0020 0.0020 0.0026 0.0072 0.7848 0.2004
839      839   (0)      9  : 0.0030 0.0032 0.0040 0.0020 0.0030 0.7972 0.1876
840      840   (0)      9  : 0.0020 0.0034 0.0094 0.0020 0.0140 0.8182 0.1511
841      841   (0)      9  : 0.0030 0.0020 0.0040 0.0022 0.0020 0.7910 0.1958
842      842   (0)      9  : 0.0144 0.0028 0.0020 0.0028 0.0038 0.7756 0.1986
843      843   (0)      9  : 0.0020 0.0042 0.0038 0.0066 0.0040 0.7822 0.1972
844      844   (0)      9  : 0.0040 0.0020 0.0062 0.0050 0.0074 0.7862 0.1892
845      845   (0)     10  : 0.0040 0.0062 0.0328 0.0020 0.0122 0.6636 0.2792
846      846   (0)     10  : 0.0020 0.0030 0.0032 0.0022 0.0068 0.7828 0.2000
847      847   (0)     10  : 0.0012 0.0016 0.0040 0.0054 0.0052 0.7902 0.1924
848      848   (0)     10  : 0.0020 0.0020 0.0082 0.0020 0.0058 0.7742 0.2058
849      849   (0)     10  : 0.0294 0.0214 0.0306 0.0076 0.0188 0.6897 0.2024
850      850   (0)     10  : 0.0020 0.0010 0.0168 0.0020 0.0020 0.7708 0.2054
851      851   (0)     10  : 0.0018 0.0020 0.0400 0.0228 0.0056 0.7040 0.2238
852      852   (0)     10  : 0.0020 0.0020 0.0030 0.0052 0.0048 0.7856 0.1974
853      853   (0)     10  : 0.0018 0.0038 0.0026 0.0052 0.0038 0.7838 0.1990
854      854   (0)     10  : 0.0018 0.0020 0.0062 0.0028 0.0066 0.7812 0.1994
855      855   (0)     10  : 0.0028 0.0074 0.0056 0.0056 0.0098 0.7714 0.1974
856      856   (0)     10  : 0.0020 0.0020 0.0048 0.0054 0.0032 0.8424 0.1402
857      857   (0)     10  : 0.0020 0.0012 0.0022 0.0020 0.0022 0.7946 0.1958
858      858   (0)     10  : 0.0010 0.0020 0.0088 0.0020 0.0032 0.7700 0.2130
859      859   (0)     10  : 0.0032 0.0020 0.0020 0.0010 0.0028 0.7966 0.1924
860      860   (0)     10  : 0.0020 0.0020 0.0020 0.0030 0.0038 0.7882 0.1990
861      861   (0)     10  : 0.0020 0.0378 0.0042 0.0032 0.0082 0.7550 0.1896
862      862   (0)     10  : 0.0020 0.0134 0.0038 0.0020 0.0020 0.7798 0.1970
863      863   (0)     10  : 0.0076 0.0108 0.0040 0.0048 0.0030 0.7728 0.1970
864      864   (0)     10  : 0.0046 0.0082 0.0040 0.0056 0.0094 0.7720 0.1962
865      865   (0)     10  : 0.0010 0.0020 0.0090 0.0016 0.0010 0.7826 0.2028
866      866   (0)     10  : 0.0020 0.0056 0.0040 0.0024 0.0108 0.7652 0.2100
867      867   (0)     10  : 0.0028 0.0010 0.0020 0.0020 0.0028 0.7906 0.1988
868      868   (0)     10  : 0.0014 0.0020 0.0030 0.0020 0.0030 0.7906 0.1980
869      869   (0)     10  : 0.0020 0.0054 0.0030 0.0030 0.0030 0.7878 0.1958
870      870   (0)     10  : 0.0056 0.0046 0.0038 0.0106 0.0094 0.7680 0.1980
871      871   (0)     10  : 0.0018 0.0010 0.0030 0.0010 0.0028 0.7902 0.2002
872      872   (0)     10  : 0.0020 0.0030 0.0066 0.0020 0.0038 0.7784 0.2042
873      873   (0)     10  : 0.0020 0.0020 0.0038 0.0020 0.0028 0.7862 0.2012
874      874   (0)     10  : 0.0046 0.0018 0.0304 0.0088 0.0020 0.6551 0.2973
875      875   (0)     10  : 0.0020 0.0010 0.0052 0.0048 0.0020 0.7828 0.2022
876      876   (0)     10  : 0.0020 0.0020 0.0040 0.0042 0.0030 0.7860 0.1988
877      877   (0)     10  : 0.0010 0.0010 0.0030 0.0020 0.0020 0.7896 0.2014
878      878   (0)     10  : 0.0018 0.0094 0.0040 0.0032 0.0074 0.7816 0.1926
879      879   (0)     10  : 0.0020 0.0034 0.0220 0.0066 0.0032 0.7850 0.1778
880      880   (0)     10  : 0.0028 0.0012 0.0038 0.0010 0.0048 0.7864 0.2000
881      881   (0)     10  : 0.0018 0.0058 0.0140 0.0030 0.0044 0.7468 0.2242
882      882   (0)     10  : 0.0028 0.0020 0.0020 0.0020 0.0032 0.7890 0.1990
883      883   (0)     10  : 0.0020 0.0050 0.0020 0.0020 0.0040 0.7872 0.1978
884      884   (0)     10  : 0.0032 0.0120 0.0030 0.0020 0.0054 0.7984 0.1760
885      885   (0)     10  : 0.0050 0.0020 0.0136 0.0038 0.0028 0.7534 0.2194
886      886   (0)     10  : 0.0020 0.0020 0.0022 0.0020 0.0022 0.7986 0.1910
887      887   (0)     10  : 0.0030 0.0032 0.0022 0.0032 0.0020 0.9012 0.0852
888      888   (0)     10  : 0.0010 0.0038 0.0020 0.0020 0.0032 0.7912 0.1968
889      889   (0)     10  : 0.0020 0.0020 0.0040 0.0020 0.0030 0.8522 0.1348
890      890   (0)     10  : 0.0010 0.0020 0.0028 0.0038 0.0020 0.7890 0.1994
891      891   (0)     10  : 0.0018 0.0020 0.0104 0.0030 0.0028 0.7752 0.2048
892      892   (0)     10  : 0.0020 0.0020 0.0030 0.0038 0.0064 0.7824 0.2004
893      893   (0)     10  : 0.0020 0.0012 0.0028 0.0036 0.0040 0.7872 0.1992
894      894   (0)     10  : 0.0010 0.0058 0.0040 0.0012 0.0026 0.7872 0.1982
895      895   (0)     10  : 0.0020 0.0020 0.0048 0.0020 0.0050 0.7836 0.2006
896      896   (0)     10  : 0.0028 0.0020 0.0048 0.0020 0.0028 0.7798 0.2058
897      897   (0)     10  : 0.0020 0.0030 0.0088 0.0020 0.0048 0.7798 0.1996
898      898   (0)     10  : 0.0028 0.0020 0.0038 0.0026 0.0028 0.7818 0.2042
899      899   (0)     10  : 0.0020 0.0030 0.0084 0.0052 0.0040 0.7804 0.1970
900      900   (0)     10  : 0.0460 0.0038 0.0030 0.0048 0.0082 0.7227 0.2116
901      901   (0)     10  : 0.0020 0.0032 0.0150 0.0054 0.0032 0.7842 0.1870
902      902   (0)     10  : 0.0020 0.0020 0.0030 0.0020 0.0028 0.7888 0.1994
903      903   (0)     10  : 0.0012 0.0046 0.0020 0.0030 0.0058 0.7860 0.1974
904      904   (0)     10  : 0.0020 0.0012 0.0076 0.0020 0.0046 0.7838 0.1988
905      905   (0)     10  : 0.0020 0.0032 0.0030 0.0040 0.0030 0.7872 0.1976
906      906   (0)     10  : 0.0012 0.0014 0.0188 0.0058 0.0056 0.8496 0.1176
907      907   (0)     10  : 0.0010 0.0020 0.0054 0.0030 0.0028 0.7846 0.2012
908      908   (0)     10  : 0.0028 0.0010 0.0020 0.0010 0.0020 0.7912 0.2000
909      909   (0)     10  : 0.0076 0.0090 0.0138 0.0038 0.0124 0.7476 0.2058
910      910   (0)     10  : 0.0030 0.0022 0.0020 0.0030 0.0020 0.7900 0.1978
911      911   (0)     10  : 0.0064 0.0020 0.0068 0.0600 0.0028 0.7215 0.2004
912      912   (0)     10  : 0.0038 0.0010 0.0190 0.0084 0.0020 0.7076 0.2582
913      913   (0)     10  : 0.0074 0.0020 0.0242 0.0054 0.0038 0.7622 0.1950
914      914   (0)     10  : 0.0038 0.0010 0.0042 0.0020 0.0020 0.7876 0.1994
915      915   (0)     10  : 0.0056 0.0036 0.0028 0.0028 0.0038 0.7854 0.1960
916      916   (0)     10  : 0.0030 0.0032 0.0022 0.0056 0.0032 0.7854 0.1974
917      917   (0)     10  : 0.0046 0.0040 0.0022 0.0022 0.0058 0.7950 0.1862
918      918   (0)     10  : 0.0010 0.0010 0.0026 0.0020 0.0020 0.7970 0.1944
919      919   (0)     10  : 0.0020 0.0032 0.0020 0.0020 0.0038 0.7862 0.2008
920      920   (0)     10  : 0.0020 0.0020 0.1100 0.0020 0.0066 0.6043 0.2731
921      921   (0)     10  : 0.0010 0.0020 0.0020 0.0020 0.0020 0.7920 0.1990
922      922   (0)     10  : 0.0028 0.0032 0.0032 0.0020 0.0090 0.7824 0.1974
923      923   (0)     10  : 0.0020 0.0072 0.0068 0.0156 0.0030 0.7662 0.1992
924      924   (0)     10  : 0.0010 0.0010 0.0040 0.0020 0.0020 0.7882 0.2018
925      925   (0)     10  : 0.0016 0.0020 0.0048 0.0020 0.0020 0.7874 0.2002
926      926   (0)     10  : 0.0020 0.0020 0.0058 0.0020 0.0048 0.7828 0.2006
927      927   (0)     10  : 0.0040 0.0026 0.0026 0.0034 0.0030 0.7908 0.1936
928      928   (0)     10  : 0.0010 0.0020 0.0020 0.0020 0.0020 0.7930 0.1980
929      929   (0)     10  : 0.0028 0.0020 0.0042 0.0020 0.0028 0.7812 0.2050
930      930   (0)     10  : 0.0020 0.0010 0.0018 0.0010 0.0020 0.7938 0.1984
931      931   (0)     10  : 0.0010 0.0020 0.0030 0.0048 0.0106 0.7782 0.2004
932      932   (0)     10  : 0.0014 0.0020 0.0090 0.0058 0.0350 0.7492 0.1976
933      933   (0)     10  : 0.0036 0.0020 0.0032 0.0030 0.0104 0.7400 0.2378
934      934   (0)     10  : 0.0020 0.0040 0.0120 0.0042 0.0050 0.7728 0.2000
935      935   (0)     10  : 0.0054 0.0048 0.0038 0.0046 0.0062 0.7740 0.2012
936      936   (0)     10  : 0.0010 0.0080 0.0032 0.0044 0.0034 0.7842 0.1958
937      937   (0)     10  : 0.0012 0.0010 0.0046 0.0118 0.0020 0.7800 0.1994
938      938   (0)     10  : 0.0028 0.0028 0.0022 0.0018 0.0022 0.7634 0.2248
939      939   (0)     10  : 0.0018 0.0010 0.0098 0.0034 0.0028 0.7480 0.2332
940      940   (0)     10  : 0.0022 0.0028 0.0020 0.0020 0.0020 0.7912 0.1978
941      941   (0)     10  : 0.0046 0.0030 0.0040 0.0090 0.0148 0.7658 0.1988
942      942   (0)     10  : 0.0020 0.0020 0.0022 0.0020 0.0056 0.7896 0.1966
943      943   (0)     10  : 0.0032 0.0022 0.0030 0.0040 0.0030 0.7904 0.1942
944      944   (0)     10  : 0.0020 0.0020 0.0586 0.0020 0.0074 0.6688 0.2592
945      945   (0)     10  : 0.0020 0.0014 0.0040 0.0030 0.0042 0.7870 0.1984
946      946   (0)     10  : 0.0018 0.0034 0.0086 0.0040 0.0092 0.7762 0.1968
947      947   (0)     10  : 0.0010 0.0020 0.0022 0.0058 0.0020 0.7826 0.2044
948      948   (0)     10  : 0.0020 0.0074 0.0030 0.0012 0.0072 0.7764 0.2028
949      949   (0)     10  : 0.0020 0.0020 0.0038 0.0040 0.0026 0.7866 0.1990
950      950   (0)     10  : 0.0020 0.0020 0.0038 0.0040 0.0062 0.7826 0.1994
951      951   (0)     10  : 0.0034 0.0054 0.0040 0.0040 0.0034 0.7948 0.1850
952      952   (0)     10  : 0.0028 0.0020 0.0072 0.0036 0.0028 0.7816 0.2000
953      953   (0)     10  : 0.0018 0.0010 0.0060 0.0020 0.0058 0.7832 0.2002
954      954   (0)     10  : 0.0122 0.0068 0.0080 0.0790 0.0664 0.6428 0.1848
955      955   (0)     10  : 0.0074 0.0116 0.0190 0.0100 0.0050 0.7276 0.2194
956      956   (0)     10  : 0.0010 0.0030 0.0038 0.0020 0.0020 0.7884 0.1998
957      957   (0)     10  : 0.0064 0.0150 0.0086 0.0064 0.0134 0.7394 0.2108
958      958   (0)     10  : 0.0020 0.0044 0.0036 0.0040 0.0024 0.7848 0.1988
959      959   (0)     10  : 0.0018 0.0020 0.0130 0.0182 0.0132 0.7424 0.2094
960      960   (0)     10  : 0.0010 0.0020 0.0044 0.0020 0.0080 0.7934 0.1892
961      961   (0)     10  : 0.0030 0.0028 0.0040 0.0010 0.0058 0.7766 0.2068
962      962   (0)     10  : 0.0022 0.0040 0.0024 0.0010 0.0022 0.7920 0.1962
963      963   (0)     10  : 0.0054 0.0032 0.0058 0.0038 0.0060 0.7788 0.1970
964      964   (0)     10  : 0.0268 0.0808 0.0030 0.0040 0.0110 0.6977 0.1768
965      965   (0)     10  : 0.0018 0.0010 0.0030 0.0030 0.0020 0.7884 0.2008
966      966   (0)     10  : 0.0028 0.0020 0.0020 0.0030 0.0020 0.7892 0.1990
967      967   (0)     10  : 0.0052 0.0010 0.0172 0.0110 0.0010 0.7548 0.2098
968      968   (0)     10  : 0.0018 0.0020 0.0046 0.0020 0.0030 0.7880 0.1986
969      969   (0)     10  : 0.0020 0.0058 0.0176 0.0020 0.0060 0.7652 0.2014
970      970   (0)     11  : 0.0018 0.0020 0.0030 0.0020 0.0020 0.9852 0.0040
971      971   (0)     11  : 0.0044 0.0096 0.0086 0.0028 0.0036 0.9680 0.0030
972      972   (0)     11  : 0.0020 0.0028 0.0050 0.0058 0.0064 0.9720 0.0060
973      973   (0)     11  : 0.0020 0.0040 0.0128 0.0060 0.0192 0.9134 0.0426
974      974   (0)     11  : 0.0012 0.0020 0.0020 0.0020 0.0030 0.9678 0.0220
975      975   (0)     11  : 0.0020 0.0044 0.0040 0.0024 0.0030 0.9776 0.0066
976      976   (0)     11  : 0.0048 0.0058 0.0046 0.0010 0.0028 0.9782 0.0028
977      977   (0)     11  : 0.0066 0.0018 0.0028 0.0020 0.0072 0.9754 0.0042
978      978   (0)     11  : 0.0050 0.0030 0.0038 0.0024 0.0068 0.9746 0.0044
979      979   (0)     11  : 0.0046 0.0044 0.0020 0.0556 0.0318 0.8940 0.0076
980      980   (0)     11  : 0.0018 0.0020 0.0020 0.0018 0.0020 0.9882 0.0022
981      981   (0)     11  : 0.0020 0.0040 0.0030 0.0024 0.0296 0.9552 0.0038
982      982   (0)     11  : 0.0020 0.0048 0.0062 0.0020 0.0048 0.9710 0.0092
983      983   (0)     11  : 0.0020 0.0038 0.0032 0.0030 0.0020 0.9804 0.0056
984      984   (0)     11  : 0.0028 0.0028 0.0088 0.0020 0.0056 0.9331 0.0448
985      985  (10)     11  : 0.0020 0.0036 0.0030 0.0020 0.0032 0.9698 0.0164
986      986   (0)     11  : 0.0028 0.0030 0.0074 0.0030 0.0296 0.9498 0.0044
987      987   (0)     11  : 0.0248 0.0252 0.0172 0.0072 0.0046 0.8852 0.0358
988      988   (0)     11  : 0.0020 0.0038 0.0056 0.0054 0.0030 0.9650 0.0152
989      989   (0)     11  : 0.0038 0.0930 0.0074 0.0040 0.0108 0.8776 0.0034
990      990   (5)     11  : 0.0020 0.0036 0.0038 0.0020 0.0028 0.9836 0.0022
991      991   (0)     11  : 0.0020 0.0020 0.0040 0.0042 0.0020 0.9816 0.0042
992      992   (0)     11  : 0.0020 0.0048 0.0040 0.0010 0.0030 0.9720 0.0132
993      993   (0)     11  : 0.0068 0.0144 0.0056 0.0060 0.0022 0.9610 0.0040
994      994   (0)     11  : 0.0030 0.0020 0.0020 0.0020 0.0022 0.9824 0.0064
995      995   (0)     11  : 0.0018 0.0020 0.0040 0.0038 0.0038 0.9786 0.0060
996      996   (0)     11  : 0.0020 0.0020 0.0028 0.0010 0.0368 0.9518 0.0036
997      997   (5)     11  : 0.0010 0.0038 0.0022 0.0010 0.0020 0.9852 0.0048
998      998   (0)     11  : 0.0024 0.0038 0.0068 0.0020 0.0028 0.9750 0.0072
999      999   (0)     11  : 0.0020 0.0028 0.0048 0.0020 0.0020 0.9806 0.0058
1000     1000   (0)     11  : 0.0020 0.0074 0.0036 0.0028 0.0046 0.9672 0.0124
1001     1001   (0)     11  : 0.0090 0.0020 0.0682 0.0068 0.0274 0.8463 0.0404
1002     1002   (0)     11  : 0.0020 0.0024 0.0024 0.0040 0.0140 0.7906 0.1846
1003     1003   (0)     11  : 0.0020 0.0084 0.0116 0.0116 0.0218 0.8124 0.1322
1004     1004   (0)     11  : 0.0020 0.0044 0.0062 0.0030 0.0076 0.8192 0.1576
1005     1005   (0)     11  : 0.0010 0.0020 0.0058 0.0032 0.0038 0.9760 0.0082
1006     1006   (0)     11  : 0.0010 0.0060 0.0030 0.0012 0.0030 0.9750 0.0108
1007     1007   (5)     11  : 0.0030 0.0028 0.0042 0.0068 0.0048 0.9664 0.0120
1008     1008   (0)     11  : 0.0020 0.0028 0.0038 0.0020 0.0122 0.9714 0.0058
1009     1009   (0)     11  : 0.0020 0.0088 0.0026 0.0018 0.0156 0.9564 0.0128
1010     1010   (0)     11  : 0.0010 0.0020 0.0038 0.0020 0.0054 0.9792 0.0066
1011     1011   (5)     11  : 0.0056 0.0020 0.0032 0.0020 0.0020 0.9782 0.0070
1012     1012   (5)     11  : 0.0020 0.0096 0.0022 0.0040 0.0086 0.9686 0.0050
1013     1013  (10)     11  : 0.0024 0.0028 0.0046 0.0030 0.0046 0.9804 0.0022
1014     1014   (5)     11  : 0.0020 0.0110 0.0020 0.0020 0.0056 0.9692 0.0082
1015     1015   (5)     11  : 0.0010 0.0018 0.0020 0.0020 0.0036 0.9874 0.0022
1016     1016   (5)     11  : 0.0020 0.0020 0.0030 0.0030 0.0038 0.9830 0.0032
1017     1017   (5)     11  : 0.0028 0.1004 0.0224 0.0020 0.0074 0.8536 0.0114
1018     1018   (5)     11  : 0.0020 0.0020 0.0032 0.0032 0.0068 0.9786 0.0042
1019     1019  (10)     11  : 0.0040 0.0072 0.1098 0.0030 0.0170 0.7844 0.0746
1020     1020   (5)     11  : 0.0046 0.0086 0.0924 0.0052 0.0220 0.8497 0.0176
1021     1021   (5)     11  : 0.0020 0.0010 0.0022 0.0020 0.0032 0.8272 0.1624
1022     1022   (5)     11  : 0.0020 0.0062 0.0304 0.0076 0.0104 0.9339 0.0094
1023     1023   (0)     12  : 0.0018 0.0020 0.0052 0.0022 0.0030 0.9720 0.0138
1024     1024   (0)     12  : 0.0058 0.0084 0.1318 0.0050 0.0060 0.7292 0.1138
1025     1025   (0)     12  : 0.0022 0.0040 0.0066 0.0026 0.0062 0.9568 0.0216
1026     1026   (0)     12  : 0.0066 0.0064 0.0048 0.0042 0.0044 0.9684 0.0052
1027     1027   (0)     12  : 0.0024 0.0040 0.0056 0.0020 0.0060 0.9392 0.0408
1028     1028   (0)     12  : 0.0020 0.0030 0.0028 0.0022 0.0038 0.9836 0.0026
1029     1029   (0)     12  : 0.0046 0.0022 0.0094 0.0024 0.0028 0.9692 0.0094
1030     1030   (0)     12  : 0.0030 0.0048 0.0094 0.0050 0.0128 0.9602 0.0048
1031     1031   (0)     12  : 0.0020 0.0020 0.0030 0.0030 0.0070 0.9722 0.0108
1032     1032   (0)     12  : 0.0020 0.0020 0.0054 0.0030 0.0048 0.9750 0.0078
1033     1033   (0)     12  : 0.0020 0.0050 0.0066 0.0026 0.0064 0.9642 0.0132
1034     1034   (0)     12  : 0.0108 0.1441 0.0236 0.0068 0.0320 0.7270 0.0558
1035     1035   (0)     12  : 0.0020 0.0020 0.0022 0.0032 0.0062 0.9792 0.0052
1036     1036   (0)     12  : 0.0028 0.0046 0.0020 0.0020 0.0062 0.9798 0.0026
1037     1037   (0)     12  : 0.0020 0.0028 0.0048 0.0024 0.0028 0.9808 0.0044
1038     1038   (0)     12  : 0.0020 0.0028 0.0070 0.0020 0.0030 0.9788 0.0044
1039     1039   (0)     12  : 0.0054 0.0112 0.0066 0.0030 0.0102 0.9410 0.0226
1040     1040   (0)     12  : 0.0020 0.0020 0.0028 0.0040 0.0048 0.9802 0.0042
1041     1041   (0)     12  : 0.0028 0.0064 0.0040 0.0040 0.0028 0.9746 0.0054
1042     1042   (0)     12  : 0.0020 0.0056 0.0030 0.0096 0.0038 0.9728 0.0032
1043     1043   (0)     12  : 0.0024 0.0030 0.0254 0.0020 0.0052 0.9500 0.0120
1044     1044   (0)     12  : 0.0026 0.0076 0.0030 0.0020 0.0074 0.9730 0.0044
1045     1045   (0)     12  : 0.0022 0.0028 0.0020 0.0020 0.0038 0.9842 0.0030
1046     1046   (0)     12  : 0.0010 0.0030 0.0094 0.0100 0.0030 0.9432 0.0304
1047     1047   (0)     12  : 0.0018 0.0020 0.0040 0.0020 0.0030 0.9818 0.0054
1048     1048   (0)     12  : 0.0032 0.0184 0.0040 0.0038 0.0236 0.9376 0.0094
1049     1049   (0)     12  : 0.0174 0.0150 0.0040 0.0040 0.0118 0.9408 0.0070
1050     1050   (0)     12  : 0.0020 0.0018 0.0022 0.0030 0.0020 0.9015 0.0875
1051     1051   (0)     12  : 0.0020 0.0020 0.0130 0.0038 0.0240 0.9424 0.0128
1052     1052   (0)     12  : 0.0108 0.0030 0.0150 0.0048 0.0030 0.9330 0.0304
1053     1053   (0)     12  : 0.0020 0.0040 0.0030 0.0020 0.0020 0.9828 0.0042
1054     1054   (0)     12  : 0.0036 0.0038 0.0040 0.0054 0.0030 0.9754 0.0048
1055     1055   (0)     12  : 0.0010 0.0020 0.0032 0.0020 0.0020 0.9698 0.0200
1056     1056   (0)     12  : 0.0010 0.0030 0.0084 0.0040 0.0160 0.9596 0.0080
1057     1057   (0)     12  : 0.0038 0.0010 0.0030 0.0020 0.0018 0.9848 0.0036
1058     1058   (0)     12  : 0.0022 0.0064 0.0062 0.0114 0.0062 0.9574 0.0102
1059     1059   (0)     12  : 0.0020 0.0030 0.0040 0.0020 0.0038 0.9804 0.0048
1060     1060   (0)     12  : 0.0030 0.0020 0.0080 0.0032 0.0020 0.9327 0.0490
1061     1061   (0)     12  : 0.0028 0.0038 0.0084 0.0048 0.0038 0.9720 0.0044
1062     1062   (0)     12  : 0.0018 0.0020 0.0030 0.0028 0.0028 0.9836 0.0040
1063     1063   (0)     12  : 0.0020 0.0044 0.0020 0.0038 0.0028 0.9800 0.0050
1064     1064   (0)     12  : 0.0024 0.0046 0.0030 0.0028 0.0072 0.9728 0.0072
1065     1065   (0)     12  : 0.0010 0.0028 0.0020 0.0020 0.0114 0.9776 0.0032
1066     1066   (0)     12  : 0.0018 0.0058 0.0242 0.0034 0.0274 0.9274 0.0100
1067     1067   (0)     12  : 0.0046 0.0120 0.0076 0.0068 0.0028 0.9614 0.0048
1068     1068   (0)     12  : 0.0074 0.0302 0.0032 0.0020 0.0144 0.9372 0.0056
1069     1069   (0)     12  : 0.0010 0.0020 0.0020 0.0020 0.0046 0.9846 0.0038
1070     1070   (0)     12  : 0.0020 0.1371 0.0030 0.0022 0.0132 0.8375 0.0050
1071     1071   (0)     12  : 0.0028 0.0028 0.0026 0.0030 0.0022 0.9786 0.0080
1072     1072   (0)     12  : 0.0054 0.0056 0.0028 0.0320 0.0064 0.9430 0.0048
1073     1073   (0)     12  : 0.0020 0.0020 0.0020 0.0030 0.0056 0.9824 0.0030
1074     1074   (0)     12  : 0.0016 0.0032 0.0024 0.0020 0.0040 0.9756 0.0112
1075     1075   (0)     12  : 0.0010 0.0030 0.0030 0.0010 0.0018 0.9864 0.0038
1076     1076   (0)     12  : 0.0022 0.0034 0.0022 0.0020 0.0102 0.8815 0.0985
1077     1077   (0)     12  : 0.0010 0.0020 0.0102 0.0048 0.0030 0.9720 0.0070
1078     1078   (0)     12  : 0.0020 0.0038 0.0050 0.0056 0.0068 0.9712 0.0056
1079     1079   (0)     12  : 0.0020 0.0028 0.0524 0.0050 0.0040 0.7987 0.1351
1080     1080   (0)     12  : 0.0028 0.0030 0.0056 0.0032 0.0074 0.9718 0.0062
1081     1081   (0)     12  : 0.0028 0.0020 0.0032 0.0020 0.0038 0.9778 0.0084
1082     1082   (0)     12  : 0.0010 0.0020 0.0036 0.0030 0.0020 0.9690 0.0194
1083     1083   (0)     12  : 0.0044 0.0036 0.0028 0.0018 0.0028 0.9822 0.0024
1084     1084   (0)     12  : 0.0020 0.0030 0.0034 0.0060 0.0098 0.9524 0.0234
1085     1085   (0)     12  : 0.0032 0.0030 0.0032 0.0022 0.0076 0.9730 0.0078
1086     1086   (0)     12  : 0.0054 0.0020 0.0020 0.0020 0.0030 0.9820 0.0036
1087     1087   (0)     12  : 0.0020 0.0020 0.0052 0.0024 0.0030 0.9746 0.0108
1088     1088   (0)     12  : 0.0036 0.0046 0.0020 0.0020 0.0028 0.9824 0.0026
1089     1089   (0)     12  : 0.0020 0.0030 0.0328 0.0070 0.0076 0.9220 0.0256
1090     1090   (0)     12  : 0.0012 0.0846 0.0070 0.0040 0.2441 0.6007 0.0583
1091     1091   (0)     12  : 0.0020 0.0026 0.0020 0.0038 0.0022 0.9850 0.0024
1092     1092   (0)     12  : 0.0022 0.0036 0.0034 0.0030 0.0032 0.9780 0.0066
1093     1093   (0)     12  : 0.0020 0.0046 0.0048 0.0316 0.0300 0.9228 0.0042
1094     1094   (0)     12  : 0.0020 0.0040 0.0020 0.0048 0.0020 0.9824 0.0028
1095     1095   (0)     12  : 0.0022 0.0020 0.0042 0.0052 0.0312 0.9464 0.0088
1096     1096   (0)     12  : 0.0030 0.0064 0.0020 0.0046 0.0054 0.9736 0.0050
1097     1097   (0)     12  : 0.0028 0.0038 0.0060 0.0030 0.0030 0.9730 0.0084
1098     1098   (0)     12  : 0.0010 0.0056 0.0032 0.0028 0.0680 0.9132 0.0062
1099     1099   (0)     12  : 0.0020 0.0026 0.0068 0.0020 0.0208 0.9608 0.0050
1100     1100   (0)     12  : 0.0020 0.0326 0.0118 0.0020 0.0074 0.9378 0.0064
1101     1101   (0)     12  : 0.0022 0.0048 0.0022 0.0010 0.0022 0.9786 0.0090
1102     1102   (0)     12  : 0.0068 0.0094 0.1302 0.0020 0.0030 0.8310 0.0176
1103     1103   (0)     12  : 0.0038 0.0072 0.0020 0.0020 0.0044 0.9776 0.0030
1104     1104   (0)     12  : 0.0028 0.0100 0.0090 0.0064 0.0090 0.9554 0.0074
1105     1105   (0)     12  : 0.0046 0.0018 0.0020 0.0196 0.0060 0.9627 0.0034
1106     1106   (0)     12  : 0.0020 0.0020 0.0020 0.0040 0.0056 0.9818 0.0026
1107     1107   (0)     12  : 0.0028 0.0028 0.0038 0.0020 0.0046 0.9802 0.0038
1108     1108   (0)     12  : 0.0020 0.0048 0.0052 0.0260 0.0172 0.9366 0.0082
1109     1109   (0)     12  : 0.0012 0.0032 0.0038 0.0030 0.0076 0.9766 0.0046
1110     1110   (0)     12  : 0.0046 0.0110 0.0050 0.0028 0.0054 0.9624 0.0088
1111     1111   (0)     12  : 0.0028 0.0028 0.0028 0.0028 0.0024 0.9830 0.0034
1112     1112   (0)     12  : 0.0018 0.0042 0.0054 0.0018 0.0038 0.9800 0.0030
1113     1113   (0)     12  : 0.0018 0.0304 0.0072 0.0010 0.0054 0.9468 0.0074
1114     1114   (0)     12  : 0.0028 0.0108 0.0046 0.0018 0.0036 0.9716 0.0048
1115     1115   (0)     12  : 0.0034 0.0052 0.0080 0.0028 0.0092 0.9662 0.0052
1116     1116   (0)     12  : 0.0020 0.0046 0.0044 0.0022 0.0064 0.9782 0.0022
1117     1117   (0)     12  : 0.0028 0.0030 0.0126 0.0020 0.0174 0.9546 0.0076
1118     1118   (0)     12  : 0.0020 0.0028 0.0030 0.0020 0.0020 0.9836 0.0046
1119     1119   (0)     12  : 0.0036 0.0040 0.0036 0.0030 0.0024 0.9794 0.0040
1120     1120   (0)     12  : 0.0010 0.0028 0.0054 0.0088 0.0028 0.9544 0.0248
1121     1121   (0)     12  : 0.0030 0.0018 0.0048 0.0030 0.0050 0.9784 0.0040
1122     1122   (0)     12  : 0.0022 0.0214 0.0036 0.0028 0.0048 0.9542 0.0110
1123     1123   (0)     12  : 0.0036 0.0054 0.0028 0.0038 0.0062 0.9752 0.0030
1124     1124   (0)     12  : 0.0020 0.0020 0.0110 0.0020 0.0046 0.9702 0.0082
1125     1125   (0)     12  : 0.0020 0.0038 0.0058 0.0030 0.0084 0.9732 0.0038
1126     1126   (0)     12  : 0.0038 0.0210 0.0056 0.0034 0.0212 0.9006 0.0444
1127     1127   (0)     12  : 0.0010 0.0010 0.0044 0.0040 0.0024 0.9804 0.0068
1128     1128   (0)     12  : 0.0030 0.0132 0.0038 0.0020 0.0038 0.9712 0.0030
1129     1129   (0)     12  : 0.0028 0.0028 0.0046 0.0028 0.0038 0.9770 0.0062
1130     1130   (0)     12  : 0.0018 0.0028 0.0020 0.0020 0.0038 0.9836 0.0040
1131     1131   (0)     12  : 0.0020 0.0040 0.0060 0.0030 0.0020 0.9670 0.0160
1132     1132   (0)     12  : 0.0018 0.0020 0.0038 0.0038 0.0040 0.9806 0.0040
1133     1133   (0)     12  : 0.0020 0.0030 0.0118 0.0030 0.0022 0.9428 0.0352
1134     1134   (0)     12  : 0.0010 0.0020 0.0028 0.0020 0.0020 0.9846 0.0056
1135     1135   (0)     12  : 0.0020 0.0016 0.0050 0.0020 0.0030 0.9806 0.0058
1136     1136   (0)     12  : 0.0018 0.0030 0.0034 0.0020 0.0084 0.9738 0.0076
1137     1137   (0)     12  : 0.0028 0.0086 0.0028 0.0020 0.0048 0.9754 0.0036
1138     1138   (0)     12  : 0.0030 0.0048 0.0024 0.0020 0.0020 0.9752 0.0106
1139     1139   (0)     12  : 0.0020 0.0040 0.0328 0.0120 0.0070 0.9266 0.0156
1140     1140   (0)     12  : 0.0020 0.0046 0.0044 0.0020 0.0038 0.9776 0.0056
1141     1141   (0)     12  : 0.0020 0.0020 0.0040 0.0020 0.0046 0.9806 0.0048
1142     1142   (0)     12  : 0.0020 0.0116 0.0040 0.0020 0.0020 0.9726 0.0058
1143     1143   (0)     12  : 0.0014 0.0030 0.0020 0.0020 0.0036 0.9850 0.0030
1144     1144   (0)     12  : 0.0010 0.0038 0.0096 0.0056 0.0070 0.9658 0.0072
1145     1145   (0)     12  : 0.0010 0.0032 0.0022 0.0020 0.0096 0.9706 0.0114
1146     1146   (0)     12  : 0.0020 0.0112 0.0074 0.0012 0.0070 0.9676 0.0036
1147     1147   (0)     12  : 0.0028 0.0020 0.0116 0.0034 0.0058 0.9666 0.0078
1148     1148   (5)     13  : 0.0024 0.0020 0.0032 0.9816 0.0050 0.0030 0.0028
1149     1149   (0)     13  : 0.0030 0.0020 0.0078 0.9740 0.0044 0.0050 0.0038
1150     1150   (0)     13  : 0.0010 0.0020 0.0020 0.9890 0.0020 0.0020 0.0020
1151     1151   (0)     13  : 0.0062 0.0124 0.0484 0.9066 0.0072 0.0146 0.0046
1152     1152   (0)     13  : 0.0020 0.0020 0.0030 0.9882 0.0020 0.0010 0.0018
1153     1153   (0)     13  : 0.0020 0.0030 0.0030 0.9740 0.0010 0.0112 0.0058
1154     1154   (0)     13  : 0.0010 0.0010 0.0020 0.9904 0.0026 0.0010 0.0020
1155     1155   (0)     13  : 0.0020 0.0020 0.0020 0.9880 0.0012 0.0020 0.0028
1156     1156   (0)     13  : 0.0020 0.0020 0.0020 0.9882 0.0020 0.0020 0.0018
1157     1157   (0)     13  : 0.0020 0.0020 0.0022 0.9870 0.0020 0.0020 0.0028
1158     1158   (0)     13  : 0.0010 0.0010 0.0010 0.9940 0.0010 0.0010 0.0010
1159     1159   (0)     13  : 0.0010 0.0010 0.0020 0.9900 0.0020 0.0020 0.0020
1160     1160   (0)     13  : 0.0020 0.0020 0.0022 0.9840 0.0050 0.0020 0.0028
1161     1161   (5)     13  : 0.0010 0.0010 0.0020 0.9922 0.0010 0.0010 0.0018
1162     1162   (0)     13  : 0.0010 0.0010 0.0020 0.9882 0.0030 0.0020 0.0028
1163     1163   (0)     13  : 0.0010 0.0010 0.0020 0.9912 0.0020 0.0010 0.0018
1164     1164   (0)     13  : 0.0020 0.0048 0.0028 0.9854 0.0010 0.0020 0.0020
1165     1165   (0)     13  : 0.0020 0.0010 0.0020 0.9894 0.0020 0.0018 0.0018
1166     1166   (0)     13  : 0.0020 0.0010 0.0020 0.9890 0.0020 0.0020 0.0020
1167     1167   (0)     13  : 0.0010 0.0010 0.0020 0.9900 0.0020 0.0020 0.0020
1168     1168   (0)     13  : 0.0010 0.0010 0.0010 0.9918 0.0020 0.0020 0.0012
1169     1169   (0)     13  : 0.0020 0.0030 0.0020 0.9864 0.0020 0.0024 0.0022
1170     1170   (0)     13  : 0.0010 0.0010 0.0016 0.9914 0.0010 0.0020 0.0020
1171     1171   (0)     13  : 0.0010 0.0010 0.0010 0.9940 0.0010 0.0010 0.0010
1172     1172   (0)     13  : 0.0010 0.0010 0.0010 0.9940 0.0010 0.0010 0.0010
1173     1173   (0)     13  : 0.0010 0.0020 0.0016 0.9910 0.0010 0.0014 0.0020
1174     1174   (0)     13  : 0.0010 0.0010 0.0020 0.9910 0.0020 0.0020 0.0010
1175     1175   (0)     13  : 0.0010 0.0010 0.0020 0.9922 0.0010 0.0010 0.0018
1176     1176   (0)     14  : 0.0020 0.0040 0.0020 0.9882 0.0010 0.0010 0.0018
1177     1177   (0)     14  : 0.0020 0.0010 0.0020 0.9900 0.0010 0.0020 0.0020
1178     1178   (0)     14  : 0.0010 0.0010 0.0010 0.9930 0.0020 0.0010 0.0010
1179     1179   (0)     14  : 0.0010 0.0010 0.0022 0.9880 0.0020 0.0030 0.0028
1180     1180   (0)     14  : 0.0010 0.0030 0.0042 0.9814 0.0030 0.0028 0.0046
1181     1181   (0)     14  : 0.0010 0.0010 0.0020 0.9918 0.0020 0.0010 0.0012
1182     1182   (0)     14  : 0.0010 0.0010 0.0038 0.9884 0.0030 0.0010 0.0018
1183     1183   (0)     14  : 0.0020 0.0086 0.0054 0.9656 0.0060 0.0030 0.0094
1184     1184   (0)     14  : 0.0010 0.0010 0.0020 0.9922 0.0010 0.0010 0.0018
1185     1185   (0)     14  : 0.0010 0.0010 0.0020 0.9912 0.0010 0.0018 0.0020
1186     1186   (0)     14  : 0.0020 0.0030 0.0040 0.9802 0.0028 0.0040 0.0040
1187     1187   (0)     14  : 0.0020 0.0020 0.0030 0.9850 0.0020 0.0030 0.0030
1188     1188   (0)     14  : 0.0010 0.0020 0.0020 0.9892 0.0020 0.0020 0.0018
1189     1189   (0)     14  : 0.0010 0.0010 0.0014 0.9928 0.0010 0.0010 0.0018
1190     1190   (0)     14  : 0.0020 0.0030 0.0046 0.9806 0.0040 0.0028 0.0030
1191     1191   (0)     14  : 0.0010 0.0010 0.0020 0.9906 0.0020 0.0014 0.0020
1192     1192   (0)     14  : 0.0010 0.0010 0.0020 0.9922 0.0010 0.0010 0.0018
1193     1193   (0)     14  : 0.0014 0.0020 0.0012 0.9896 0.0020 0.0020 0.0018
1194     1194   (0)     14  : 0.0020 0.0020 0.0020 0.9880 0.0020 0.0020 0.0020
1195     1195   (0)     14  : 0.0020 0.0020 0.0020 0.9870 0.0020 0.0030 0.0020
1196     1196   (0)     14  : 0.0010 0.0010 0.0010 0.9940 0.0010 0.0010 0.0010
1197     1197   (0)     14  : 0.0010 0.0010 0.0032 0.9886 0.0020 0.0020 0.0022
1198     1198   (0)     14  : 0.0020 0.0020 0.0020 0.9880 0.0020 0.0020 0.0020
1199     1199   (0)     14  : 0.0010 0.0010 0.0010 0.9940 0.0010 0.0010 0.0010
1200     1200   (0)     14  : 0.0032 0.0030 0.0040 0.9782 0.0050 0.0030 0.0036
1201     1201   (0)     14  : 0.0010 0.0010 0.0020 0.9914 0.0010 0.0016 0.0020
1202     1202   (0)     14  : 0.0010 0.0010 0.0020 0.9922 0.0010 0.0010 0.0018
1203     1203   (0)     14  : 0.0010 0.0010 0.0018 0.9926 0.0010 0.0010 0.0016
1204     1204   (0)     14  : 0.0020 0.0020 0.0020 0.9732 0.0010 0.0158 0.0040
1205     1205   (0)     14  : 0.0020 0.0010 0.0020 0.9902 0.0010 0.0018 0.0020
1206     1206   (0)     14  : 0.0030 0.0010 0.0020 0.9890 0.0010 0.0020 0.0020
1207     1207   (0)     14  : 0.0010 0.0010 0.0020 0.9900 0.0020 0.0020 0.0020
1208     1208   (0)     14  : 0.0020 0.0010 0.0020 0.9890 0.0020 0.0020 0.0020
1209     1209   (0)     14  : 0.0020 0.0010 0.0020 0.9900 0.0010 0.0020 0.0020
1210     1210   (0)     14  : 0.0010 0.0030 0.0020 0.9880 0.0020 0.0020 0.0020
1211     1211   (0)     14  : 0.0020 0.0010 0.0020 0.9910 0.0010 0.0012 0.0018
1212     1212   (0)     14  : 0.0010 0.0010 0.0010 0.9940 0.0010 0.0010 0.0010
1213     1213   (0)     14  : 0.0010 0.0020 0.0020 0.9904 0.0010 0.0010 0.0026
1214     1214   (0)     14  : 0.0010 0.0020 0.0020 0.9890 0.0020 0.0020 0.0020
1215     1215   (0)     14  : 0.0010 0.0010 0.0020 0.9910 0.0010 0.0020 0.0020
1216     1216   (0)     14  : 0.0010 0.0010 0.0020 0.9912 0.0020 0.0010 0.0018
1217     1217   (0)     14  : 0.0012 0.0020 0.0020 0.9888 0.0020 0.0020 0.0020
1218     1218   (0)     14  : 0.0020 0.0010 0.0030 0.9880 0.0020 0.0020 0.0020
1219     1219   (0)     14  : 0.0010 0.0020 0.0030 0.9866 0.0026 0.0020 0.0028
1220     1220   (0)     14  : 0.0020 0.0010 0.0020 0.9890 0.0020 0.0020 0.0020
1221     1221   (0)     14  : 0.0010 0.0010 0.0022 0.9894 0.0020 0.0018 0.0026
1222     1222   (0)     14  : 0.0010 0.0020 0.0030 0.9870 0.0040 0.0012 0.0018
1223     1223   (0)     14  : 0.0010 0.0020 0.0020 0.9912 0.0010 0.0010 0.0018
1224     1224   (0)     14  : 0.0010 0.0010 0.0020 0.9902 0.0020 0.0018 0.0020
1225     1225   (0)     14  : 0.0020 0.0020 0.0020 0.9880 0.0020 0.0020 0.0020
1226     1226   (0)     14  : 0.0020 0.0020 0.0032 0.9764 0.0100 0.0020 0.0044
1227     1227   (0)     14  : 0.0010 0.0010 0.0020 0.9922 0.0010 0.0010 0.0018
1228     1228   (0)     14  : 0.0050 0.0020 0.0020 0.9846 0.0020 0.0020 0.0024
1229     1229   (0)     14  : 0.0020 0.0010 0.0030 0.9880 0.0020 0.0020 0.0020
1230     1230   (0)     14  : 0.0010 0.0010 0.0020 0.9912 0.0010 0.0018 0.0020
1231     1231   (0)     14  : 0.0030 0.0080 0.0080 0.9358 0.0336 0.0052 0.0064
1232     1232   (0)     14  : 0.0020 0.0020 0.0012 0.9898 0.0010 0.0020 0.0020
1233     1233   (0)     14  : 0.0010 0.0020 0.0020 0.9912 0.0010 0.0010 0.0018
1234     1234   (0)     14  : 0.0010 0.0010 0.0010 0.9932 0.0018 0.0010 0.0010
1235     1235   (0)     14  : 0.0010 0.0020 0.0012 0.9908 0.0020 0.0010 0.0020
1236     1236   (0)     14  : 0.0010 0.0010 0.0020 0.9900 0.0020 0.0020 0.0020
1237     1237   (0)     14  : 0.0010 0.0010 0.0010 0.9938 0.0012 0.0010 0.0010
1238     1238   (0)     14  : 0.0020 0.0010 0.0012 0.9908 0.0010 0.0020 0.0020
1239     1239   (0)     14  : 0.0020 0.0092 0.0020 0.9808 0.0020 0.0020 0.0020
1240     1240   (0)     14  : 0.0020 0.0010 0.0012 0.9910 0.0010 0.0018 0.0020
1241     1241   (0)     14  : 0.0010 0.0020 0.0020 0.9910 0.0010 0.0010 0.0020
1242     1242   (0)     14  : 0.0010 0.0010 0.0020 0.9918 0.0012 0.0010 0.0020
1243     1243   (0)     14  : 0.0020 0.0020 0.0020 0.9862 0.0020 0.0036 0.0022
1244     1244   (0)     14  : 0.0010 0.0010 0.0020 0.9890 0.0016 0.0030 0.0024
1245     1245   (0)     14  : 0.0010 0.0010 0.0030 0.9900 0.0020 0.0012 0.0018
1246     1246   (0)     14  : 0.0020 0.0020 0.0050 0.9794 0.0040 0.0028 0.0048
1247     1247   (0)     14  : 0.0020 0.0010 0.0030 0.9870 0.0020 0.0022 0.0028
1248     1248   (0)     14  : 0.0020 0.0100 0.0020 0.9800 0.0020 0.0020 0.0020
1249     1249   (0)     14  : 0.0020 0.0010 0.0020 0.9890 0.0020 0.0020 0.0020
1250     1250   (0)     14  : 0.0010 0.0010 0.0020 0.9890 0.0030 0.0020 0.0020
1251     1251   (0)     14  : 0.0010 0.0010 0.0010 0.9940 0.0010 0.0010 0.0010
1252     1252   (0)     14  : 0.0010 0.0010 0.0020 0.9910 0.0010 0.0020 0.0020
1253     1253   (0)     14  : 0.0010 0.0010 0.0010 0.9940 0.0010 0.0010 0.0010
1254     1254   (0)     14  : 0.0010 0.0010 0.0010 0.9930 0.0020 0.0010 0.0010
1255     1255   (0)     14  : 0.0010 0.0010 0.0020 0.9914 0.0020 0.0010 0.0016
1256     1256   (0)     14  : 0.0010 0.0010 0.0022 0.9880 0.0020 0.0030 0.0028
1257     1257   (0)     14  : 0.0010 0.0010 0.0020 0.9922 0.0010 0.0010 0.0018
1258     1258   (0)     14  : 0.0020 0.0030 0.0038 0.9826 0.0032 0.0032 0.0022
1259     1259   (0)     14  : 0.0020 0.0020 0.0040 0.9834 0.0040 0.0020 0.0026
1260     1260   (0)     14  : 0.0010 0.0020 0.0018 0.9898 0.0020 0.0020 0.0014
1261     1261   (0)     14  : 0.0010 0.0010 0.0012 0.9920 0.0010 0.0018 0.0020
1262     1262   (0)     14  : 0.0010 0.0010 0.0020 0.9910 0.0012 0.0018 0.0020
1263     1263   (0)     14  : 0.0010 0.0010 0.0010 0.9940 0.0010 0.0010 0.0010
1264     1264   (0)     14  : 0.0010 0.0030 0.0020 0.9882 0.0020 0.0018 0.0020
1265     1265   (0)     14  : 0.0010 0.0010 0.0010 0.9940 0.0010 0.0010 0.0010
1266     1266   (0)     14  : 0.0010 0.0010 0.0010 0.9928 0.0020 0.0010 0.0012
1267     1267   (0)     14  : 0.0020 0.0020 0.0032 0.9810 0.0050 0.0022 0.0046
1268     1268   (0)     14  : 0.0010 0.0010 0.0010 0.9930 0.0010 0.0018 0.0012
1269     1269   (0)     14  : 0.0010 0.0020 0.0020 0.9890 0.0020 0.0020 0.0020
1270     1270   (0)     14  : 0.0010 0.0010 0.0020 0.9902 0.0020 0.0018 0.0020
1271     1271   (0)     14  : 0.0010 0.0020 0.0030 0.9848 0.0044 0.0020 0.0028
1272     1272   (0)     14  : 0.0010 0.0010 0.0020 0.9920 0.0020 0.0010 0.0010
1273     1273   (0)     14  : 0.0020 0.0020 0.0020 0.9872 0.0020 0.0020 0.0028
1274     1274   (0)     14  : 0.0010 0.0010 0.0012 0.9930 0.0010 0.0010 0.0018
1275     1275   (0)     14  : 0.0020 0.0020 0.0052 0.9810 0.0050 0.0020 0.0028
1276     1276   (0)     14  : 0.0020 0.0040 0.0022 0.9836 0.0020 0.0024 0.0038
1277     1277   (0)     14  : 0.0010 0.0010 0.0020 0.9900 0.0020 0.0020 0.0020
1278     1278   (0)     14  : 0.0020 0.0020 0.0022 0.9870 0.0020 0.0020 0.0028
1279     1279   (0)     14  : 0.0020 0.0020 0.0020 0.9882 0.0020 0.0018 0.0020
1280     1280   (0)     14  : 0.0010 0.0010 0.0020 0.9920 0.0010 0.0012 0.0018
1281     1281   (0)     14  : 0.0010 0.0010 0.0020 0.9900 0.0020 0.0020 0.0020
1282     1282   (0)     14  : 0.0010 0.0010 0.0016 0.9914 0.0010 0.0020 0.0020
1283     1283   (0)     14  : 0.0020 0.0020 0.0020 0.9852 0.0030 0.0028 0.0030
1284     1284   (0)     14  : 0.0010 0.0010 0.0020 0.9920 0.0010 0.0010 0.0020
1285     1285   (0)     14  : 0.0020 0.0020 0.0020 0.9890 0.0020 0.0012 0.0018
1286     1286   (0)     14  : 0.0020 0.0050 0.0040 0.9790 0.0040 0.0030 0.0030
1287     1287   (0)     14  : 0.0010 0.0010 0.0010 0.9940 0.0010 0.0010 0.0010
1288     1288   (0)     14  : 0.0020 0.0010 0.0020 0.9866 0.0020 0.0038 0.0026
1289     1289   (0)     14  : 0.0010 0.0014 0.0020 0.9916 0.0010 0.0018 0.0012
1290     1290   (0)     14  : 0.0010 0.0020 0.0020 0.9900 0.0010 0.0020 0.0020
1291     1291   (0)     14  : 0.0020 0.0010 0.0020 0.9890 0.0020 0.0020 0.0020
1292     1292   (0)     14  : 0.0010 0.0020 0.0020 0.9890 0.0020 0.0020 0.0020
1293     1293   (0)     14  : 0.0010 0.0020 0.0020 0.9890 0.0020 0.0020 0.0020
1294     1294   (0)     14  : 0.0010 0.0010 0.0010 0.9938 0.0010 0.0010 0.0012
1295     1295   (0)     14  : 0.0010 0.0010 0.0020 0.9922 0.0010 0.0010 0.0018
1296     1296   (0)     14  : 0.0050 0.0218 0.0074 0.9544 0.0030 0.0052 0.0032
1297     1297   (0)     14  : 0.0020 0.0014 0.0020 0.9892 0.0014 0.0020 0.0020
1298     1298   (0)     14  : 0.0010 0.0010 0.0010 0.9922 0.0020 0.0010 0.0018
1299     1299   (0)     14  : 0.0010 0.0010 0.0012 0.9920 0.0010 0.0020 0.0018
1300     1300   (0)     14  : 0.0020 0.0020 0.0020 0.9888 0.0010 0.0022 0.0020
1301     1301   (0)     14  : 0.0010 0.0032 0.0020 0.9900 0.0010 0.0010 0.0018
1302     1302   (0)     14  : 0.0020 0.0020 0.0020 0.9876 0.0010 0.0028 0.0026
1303     1303   (0)     14  : 0.0010 0.0078 0.0020 0.9848 0.0016 0.0010 0.0018
1304     1304   (0)     14  : 0.0012 0.0020 0.0030 0.9872 0.0020 0.0020 0.0026
1305     1305   (0)     14  : 0.0010 0.0020 0.0020 0.9870 0.0040 0.0020 0.0020
1306     1306   (0)     14  : 0.0020 0.0020 0.0020 0.9876 0.0016 0.0020 0.0028
1307     1307   (0)     14  : 0.0010 0.0010 0.0020 0.9912 0.0010 0.0020 0.0018
1308     1308   (0)     14  : 0.0010 0.0010 0.0010 0.9936 0.0014 0.0010 0.0010
1309     1309   (0)     14  : 0.0020 0.0010 0.0010 0.9916 0.0010 0.0020 0.0014
1310     1310   (0)     14  : 0.0020 0.0030 0.0020 0.9848 0.0030 0.0030 0.0022
1311     1311   (0)     14  : 0.0020 0.0020 0.0020 0.9880 0.0020 0.0020 0.0020
1312     1312   (0)     14  : 0.0020 0.0020 0.0020 0.9880 0.0020 0.0020 0.0020
1313     1313   (0)     14  : 0.0020 0.0010 0.0020 0.9890 0.0020 0.0020 0.0020
1314     1314   (0)     14  : 0.0010 0.0010 0.0020 0.9922 0.0010 0.0010 0.0018
1315     1315   (0)     14  : 0.0020 0.0020 0.0020 0.9838 0.0070 0.0020 0.0012
1316     1316   (0)     14  : 0.0010 0.0010 0.0020 0.9920 0.0020 0.0010 0.0010
1317     1317   (0)     14  : 0.0010 0.0050 0.0020 0.9862 0.0010 0.0020 0.0028
1318     1318   (0)     14  : 0.0010 0.0020 0.0020 0.9890 0.0020 0.0020 0.0020
1319     1319   (0)     14  : 0.0010 0.0010 0.0020 0.9910 0.0010 0.0020 0.0020
1320     1320   (0)     14  : 0.0010 0.0010 0.0030 0.9888 0.0020 0.0020 0.0022
1321     1321   (0)     14  : 0.0010 0.0020 0.0040 0.9862 0.0020 0.0020 0.0028
1322     1322   (0)     14  : 0.0020 0.0030 0.0020 0.9880 0.0020 0.0012 0.0018
1323     1323   (0)     14  : 0.0010 0.0020 0.0010 0.9924 0.0010 0.0010 0.0016
1324     1324   (0)     14  : 0.0020 0.0030 0.0030 0.9854 0.0020 0.0020 0.0026
1325     1325   (0)     14  : 0.0020 0.0010 0.0018 0.9908 0.0012 0.0020 0.0012
1326     1326   (0)     14  : 0.0020 0.0020 0.0036 0.9856 0.0020 0.0020 0.0028
1327     1327   (0)     14  : 0.0020 0.0020 0.0020 0.9870 0.0020 0.0028 0.0022
1328     1328   (0)     14  : 0.0010 0.0020 0.0030 0.9880 0.0020 0.0020 0.0020
1329     1329   (0)     14  : 0.0010 0.0010 0.0020 0.9912 0.0020 0.0010 0.0018
1330     1330   (0)     14  : 0.0020 0.0010 0.0030 0.9852 0.0030 0.0028 0.0030
1331     1331   (0)     14  : 0.0020 0.0020 0.0028 0.9872 0.0020 0.0020 0.0020
1332     1332   (0)     14  : 0.0010 0.0010 0.0010 0.9918 0.0016 0.0020 0.0016
1333     1333   (0)     14  : 0.0020 0.0198 0.0028 0.9700 0.0020 0.0022 0.0012
1334     1334   (0)     14  : 0.0020 0.0020 0.0020 0.9890 0.0010 0.0020 0.0020
1335     1335   (0)     14  : 0.0010 0.0010 0.0020 0.9900 0.0020 0.0020 0.0020
1336     1336   (0)     14  : 0.0020 0.0010 0.0020 0.9900 0.0010 0.0020 0.0020
1337     1337   (0)     14  : 0.0010 0.0020 0.0020 0.9892 0.0020 0.0018 0.0020
1338     1338   (0)     14  : 0.0020 0.0010 0.0034 0.9838 0.0020 0.0054 0.0024
1339     1339   (0)     14  : 0.0020 0.0010 0.0020 0.9890 0.0020 0.0020 0.0020
1340     1340   (0)     14  : 0.0020 0.0020 0.0020 0.9860 0.0040 0.0020 0.0020
1341     1341   (0)     14  : 0.0010 0.0020 0.0020 0.9910 0.0010 0.0012 0.0018
1342     1342   (0)     14  : 0.0020 0.0030 0.0020 0.9880 0.0018 0.0020 0.0012
1343     1343   (0)     14  : 0.0020 0.0020 0.0020 0.9870 0.0030 0.0020 0.0020
1344     1344   (0)     14  : 0.0010 0.0010 0.0020 0.9920 0.0010 0.0012 0.0018
1345     1345   (0)     14  : 0.0010 0.0010 0.0012 0.9918 0.0010 0.0020 0.0020
1346     1346   (0)     14  : 0.0010 0.0010 0.0010 0.9922 0.0010 0.0020 0.0018
1347     1347   (0)     14  : 0.0010 0.0010 0.0020 0.9912 0.0010 0.0018 0.0020
1348     1348   (0)     14  : 0.0010 0.0010 0.0020 0.9890 0.0030 0.0020 0.0020
1349     1349   (0)     14  : 0.0010 0.0010 0.0020 0.9928 0.0010 0.0010 0.0012
1350     1350   (0)     14  : 0.0010 0.0010 0.0010 0.9932 0.0010 0.0010 0.0018
1351     1351   (0)     14  : 0.0030 0.0030 0.0038 0.9832 0.0020 0.0030 0.0020
1352     1352   (0)     14  : 0.0040 0.0592 0.0048 0.9153 0.0048 0.0088 0.0032
1353     1353   (0)     14  : 0.0020 0.0010 0.0020 0.9900 0.0010 0.0020 0.0020
1354     1354   (0)     14  : 0.0020 0.0020 0.0030 0.9862 0.0012 0.0020 0.0036
1355     1355   (0)     14  : 0.0010 0.0010 0.0020 0.9912 0.0020 0.0010 0.0018
1356     1356   (0)     14  : 0.0020 0.0010 0.0030 0.9880 0.0010 0.0020 0.0030
1357     1357   (0)     14  : 0.0010 0.0010 0.0020 0.9910 0.0010 0.0020 0.0020
1358     1358   (0)     14  : 0.0010 0.0010 0.0020 0.9900 0.0020 0.0020 0.0020
1359     1359   (0)     14  : 0.0010 0.0020 0.0020 0.9884 0.0020 0.0020 0.0026
1360     1360   (0)     14  : 0.0030 0.0030 0.0020 0.9816 0.0030 0.0050 0.0024
1361     1361   (0)     14  : 0.0010 0.0020 0.0030 0.9874 0.0020 0.0020 0.0026
1362     1362   (0)     14  : 0.0010 0.0010 0.0020 0.9900 0.0020 0.0020 0.0020
1363     1363   (0)     14  : 0.0020 0.0010 0.0028 0.9890 0.0020 0.0020 0.0012
1364     1364   (0)     14  : 0.0010 0.0010 0.0020 0.9922 0.0010 0.0010 0.0018
1365     1365   (0)     14  : 0.0020 0.0012 0.0020 0.9898 0.0010 0.0020 0.0020
1366     1366   (0)     14  : 0.0010 0.0020 0.0038 0.9854 0.0030 0.0020 0.0028
1367     1367   (0)     14  : 0.0020 0.0020 0.0020 0.9882 0.0020 0.0020 0.0018
1368     1368   (0)     14  : 0.0020 0.0020 0.0038 0.9862 0.0020 0.0020 0.0020
1369     1369   (0)     14  : 0.0010 0.0010 0.0020 0.9912 0.0020 0.0010 0.0018
1370     1370   (0)     14  : 0.0020 0.0020 0.0020 0.9842 0.0020 0.0054 0.0024
1371     1371   (0)     14  : 0.0020 0.0010 0.0020 0.9900 0.0010 0.0020 0.0020
1372     1372   (0)     14  : 0.0010 0.0020 0.0030 0.9860 0.0010 0.0040 0.0030
1373     1373   (0)     14  : 0.0010 0.0010 0.0024 0.9888 0.0020 0.0020 0.0028
1374     1374   (0)     14  : 0.0010 0.0024 0.0010 0.9916 0.0010 0.0018 0.0012
1375     1375   (0)     14  : 0.0020 0.0080 0.0058 0.9682 0.0060 0.0060 0.0040
1376     1376   (0)     14  : 0.0010 0.0010 0.0010 0.9940 0.0010 0.0010 0.0010
1377     1377   (0)     14  : 0.0010 0.0030 0.0020 0.9878 0.0020 0.0020 0.0022
1378     1378   (0)     14  : 0.0020 0.0020 0.0020 0.9880 0.0020 0.0020 0.0020
1379     1379   (0)     14  : 0.0010 0.0020 0.0020 0.9902 0.0010 0.0020 0.0018
1380     1380   (0)     14  : 0.0010 0.0028 0.0020 0.9892 0.0020 0.0012 0.0018
1381     1381   (0)     14  : 0.0010 0.0010 0.0020 0.9902 0.0020 0.0020 0.0018
1382     1382   (0)     14  : 0.0010 0.0020 0.0010 0.9918 0.0020 0.0010 0.0012
1383     1383   (0)     14  : 0.0010 0.0010 0.0020 0.9930 0.0010 0.0010 0.0010
1384     1384   (0)     14  : 0.0010 0.0010 0.0020 0.9922 0.0010 0.0010 0.0018
1385     1385   (0)     14  : 0.0010 0.0010 0.0010 0.9940 0.0010 0.0010 0.0010
1386     1386   (0)     14  : 0.0030 0.0108 0.0078 0.9544 0.0060 0.0126 0.0054
1387     1387   (0)     14  : 0.0010 0.0020 0.0020 0.9900 0.0010 0.0020 0.0020
1388     1388   (0)     14  : 0.0010 0.0010 0.0016 0.9926 0.0010 0.0010 0.0018
1389     1389   (0)     14  : 0.0010 0.0010 0.0012 0.9930 0.0010 0.0010 0.0018
1390     1390   (0)     14  : 0.0010 0.0020 0.0012 0.9908 0.0010 0.0020 0.0020
1391     1391   (0)     14  : 0.0010 0.0020 0.0030 0.9872 0.0020 0.0020 0.0028
1392     1392   (0)     14  : 0.0010 0.0010 0.0010 0.9940 0.0010 0.0010 0.0010
1393     1393   (0)     14  : 0.0040 0.0030 0.0120 0.9668 0.0040 0.0030 0.0072
1394     1394   (0)     14  : 0.0010 0.0010 0.0020 0.9892 0.0020 0.0020 0.0028
1395     1395   (0)     14  : 0.0020 0.0030 0.0020 0.9778 0.0020 0.0096 0.0036
1396     1396   (0)     14  : 0.0010 0.0020 0.0020 0.9910 0.0010 0.0010 0.0020
1397     1397   (0)     14  : 0.0020 0.0040 0.0030 0.9842 0.0020 0.0020 0.0028
1398     1398   (0)     14  : 0.0020 0.0010 0.0012 0.9906 0.0012 0.0020 0.0020
1399     1399   (0)     14  : 0.0010 0.0010 0.0020 0.9922 0.0010 0.0010 0.0018
1400     1400   (0)     14  : 0.0030 0.0020 0.0020 0.9868 0.0020 0.0022 0.0020
1401     1401   (0)     14  : 0.0010 0.0020 0.0060 0.9764 0.0080 0.0020 0.0046
1402     1402   (0)     14  : 0.0010 0.0020 0.0030 0.9842 0.0050 0.0020 0.0028
1403     1403   (0)     14  : 0.0020 0.0030 0.0030 0.9814 0.0030 0.0036 0.0040
1404     1404   (0)     14  : 0.0010 0.0010 0.0014 0.9926 0.0020 0.0010 0.0010
1405     1405   (0)     14  : 0.0020 0.0010 0.0020 0.9894 0.0020 0.0010 0.0026
1406     1406   (0)     14  : 0.0020 0.0020 0.0020 0.9872 0.0020 0.0028 0.0020
1407     1407   (0)     14  : 0.0020 0.0010 0.0058 0.9828 0.0030 0.0020 0.0034
1408     1408   (0)     14  : 0.0010 0.0032 0.0038 0.9842 0.0030 0.0020 0.0028
1409     1409   (0)     14  : 0.0020 0.0010 0.0020 0.9908 0.0010 0.0020 0.0012
1410     1410   (0)     14  : 0.0010 0.0010 0.0020 0.9912 0.0020 0.0010 0.0018
1411     1411   (0)     14  : 0.0020 0.0020 0.0020 0.9846 0.0036 0.0028 0.0030
1412     1412   (0)     14  : 0.0020 0.0010 0.0038 0.9872 0.0020 0.0020 0.0020
1413     1413   (0)     14  : 0.0020 0.0050 0.0020 0.9860 0.0020 0.0010 0.0020
1414     1414   (0)     14  : 0.0010 0.0010 0.0010 0.9936 0.0010 0.0010 0.0014
1415     1415   (0)     14  : 0.0010 0.0010 0.0010 0.9930 0.0020 0.0010 0.0010
1416     1416   (0)     14  : 0.0020 0.0026 0.0020 0.9884 0.0010 0.0020 0.0020
1417     1417   (0)     14  : 0.0020 0.0020 0.0022 0.9860 0.0028 0.0020 0.0030
1418     1418   (0)     14  : 0.0020 0.0010 0.0010 0.9930 0.0010 0.0010 0.0010
1419     1419   (0)     14  : 0.0010 0.0010 0.0022 0.9890 0.0020 0.0020 0.0028
1420     1420   (0)     14  : 0.0020 0.0030 0.0032 0.9788 0.0040 0.0038 0.0052
1421     1421   (0)     14  : 0.0030 0.0020 0.0028 0.9862 0.0020 0.0020 0.0020
1422     1422   (0)     14  : 0.0020 0.0040 0.0020 0.9868 0.0020 0.0020 0.0012
1423     1423   (0)     14  : 0.0010 0.0024 0.0020 0.9876 0.0030 0.0020 0.0020
1424     1424   (0)     14  : 0.0020 0.0050 0.0038 0.9830 0.0020 0.0022 0.0020
1425     1425   (0)     14  : 0.0020 0.0060 0.0012 0.9846 0.0022 0.0020 0.0020
1426     1426   (0)     14  : 0.0020 0.0020 0.0020 0.9860 0.0040 0.0020 0.0020
1427     1427   (0)     14  : 0.0030 0.0070 0.0062 0.9692 0.0058 0.0056 0.0032
1428     1428   (0)     14  : 0.0010 0.0020 0.0020 0.9900 0.0010 0.0020 0.0020
1429     1429   (0)     14  : 0.0010 0.0010 0.0010 0.9938 0.0010 0.0010 0.0012
1430     1430   (0)     14  : 0.0010 0.0010 0.0010 0.9940 0.0010 0.0010 0.0010
1431     1431   (0)     14  : 0.0010 0.0010 0.0020 0.9920 0.0012 0.0010 0.0018
1432     1432   (0)     14  : 0.0010 0.0010 0.0020 0.9910 0.0010 0.0020 0.0020
1433     1433   (0)     14  : 0.0020 0.0028 0.0020 0.9872 0.0020 0.0020 0.0020
1434     1434   (0)     14  : 0.0010 0.0010 0.0020 0.9918 0.0010 0.0020 0.0012
1435     1435   (0)     14  : 0.0010 0.0010 0.0020 0.9900 0.0020 0.0020 0.0020
1436     1436   (0)     14  : 0.0020 0.0020 0.0010 0.9908 0.0020 0.0010 0.0012
1437     1437   (0)     14  : 0.0010 0.0010 0.0016 0.9924 0.0020 0.0010 0.0010
1438     1438   (0)     14  : 0.0040 0.0010 0.0020 0.9860 0.0030 0.0020 0.0020
1439     1439   (0)     14  : 0.0020 0.0010 0.0010 0.9930 0.0010 0.0010 0.0010
1440     1440   (0)     14  : 0.0010 0.0010 0.0020 0.9898 0.0010 0.0030 0.0022
1441     1441   (0)     14  : 0.0010 0.0020 0.0020 0.9868 0.0020 0.0040 0.0022
1442     1442   (0)     14  : 0.0010 0.0010 0.0018 0.9878 0.0020 0.0040 0.0024
1443     1443   (0)     14  : 0.0010 0.0010 0.0020 0.9922 0.0010 0.0010 0.0018
1444     1444   (0)     14  : 0.0020 0.0010 0.0020 0.9880 0.0030 0.0020 0.0020
1445     1445   (0)     14  : 0.0020 0.0020 0.0010 0.9902 0.0020 0.0016 0.0012
1446     1446   (0)     14  : 0.0050 0.0020 0.0020 0.9838 0.0020 0.0022 0.0030
1447     1447   (0)     14  : 0.0030 0.0090 0.0066 0.9646 0.0080 0.0048 0.0040
1448     1448   (0)     14  : 0.0030 0.0010 0.0020 0.9880 0.0020 0.0020 0.0020
1449     1449   (0)     14  : 0.0020 0.0016 0.0030 0.9866 0.0020 0.0020 0.0028
1450     1450   (0)     14  : 0.0010 0.0010 0.0020 0.9892 0.0020 0.0020 0.0028
1451     1451   (0)     14  : 0.0010 0.0010 0.0010 0.9940 0.0010 0.0010 0.0010
1452     1452   (0)     14  : 0.0010 0.0010 0.0020 0.9922 0.0010 0.0010 0.0018
1453     1453   (0)     14  : 0.0010 0.0020 0.0020 0.9900 0.0010 0.0020 0.0020
1454     1454   (0)     14  : 0.0010 0.0010 0.0020 0.9920 0.0010 0.0010 0.0020
1455     1455   (0)     14  : 0.0010 0.0010 0.0020 0.9900 0.0020 0.0020 0.0020
1456     1456   (0)     14  : 0.0010 0.0010 0.0010 0.9940 0.0010 0.0010 0.0010
1457     1457   (0)     14  : 0.0010 0.0030 0.0040 0.9848 0.0030 0.0014 0.0028
1458     1458   (0)     14  : 0.0020 0.0020 0.0022 0.9858 0.0020 0.0030 0.0030
1459     1459   (0)     14  : 0.0010 0.0010 0.0010 0.9940 0.0010 0.0010 0.0010
1460     1460   (0)     14  : 0.0010 0.0010 0.0020 0.9922 0.0010 0.0010 0.0018
1461     1461   (0)     14  : 0.0010 0.0010 0.0010 0.9922 0.0020 0.0010 0.0018
1462     1462   (0)     14  : 0.0020 0.0010 0.0020 0.9902 0.0010 0.0018 0.0020
1463     1463   (0)     14  : 0.0050 0.0168 0.0130 0.9492 0.0062 0.0050 0.0048
1464     1464   (0)     14  : 0.0030 0.0010 0.0020 0.9868 0.0020 0.0030 0.0022
1465     1465   (0)     14  : 0.0010 0.0010 0.0018 0.9922 0.0010 0.0020 0.0010
1466     1466   (0)     14  : 0.0020 0.0010 0.0020 0.9886 0.0020 0.0030 0.0014
1467     1467   (0)     14  : 0.0010 0.0030 0.0010 0.9910 0.0010 0.0018 0.0012
1468     1468   (0)     14  : 0.0010 0.0020 0.0020 0.9890 0.0020 0.0020 0.0020
1469     1469   (0)     14  : 0.0020 0.0020 0.0020 0.9870 0.0030 0.0020 0.0020
1470     1470   (0)     14  : 0.0020 0.0010 0.0040 0.9828 0.0040 0.0030 0.0032
1471     1471   (0)     14  : 0.0010 0.0010 0.0020 0.9912 0.0020 0.0010 0.0018
1472     1472   (0)     14  : 0.0020 0.0030 0.0020 0.9852 0.0030 0.0020 0.0028
1473     1473   (0)     14  : 0.0020 0.0010 0.0020 0.9912 0.0010 0.0010 0.0018
1474     1474   (0)     14  : 0.0010 0.0010 0.0020 0.9922 0.0010 0.0010 0.0018
1475     1475   (0)     14  : 0.0020 0.0030 0.0030 0.9842 0.0030 0.0022 0.0026
1476     1476   (5)     15  : 0.0010 0.9920 0.0010 0.0020 0.0010 0.0020 0.0010
1477     1477   (0)     15  : 0.0010 0.9900 0.0010 0.0020 0.0020 0.0020 0.0020
1478     1478   (0)     15  : 0.0020 0.9840 0.0030 0.0020 0.0048 0.0022 0.0020
1479     1479   (0)     15  : 0.0010 0.9918 0.0010 0.0010 0.0020 0.0020 0.0012
1480     1480   (5)     15  : 0.0030 0.9426 0.0030 0.0020 0.0410 0.0052 0.0032
1481     1481   (0)     15  : 0.0010 0.9940 0.0010 0.0010 0.0010 0.0010 0.0010
1482     1482   (0)     15  : 0.0020 0.9910 0.0012 0.0020 0.0010 0.0010 0.0018
1483     1483   (0)     15  : 0.0012 0.9888 0.0020 0.0010 0.0030 0.0020 0.0020
1484     1484   (0)     15  : 0.0020 0.9890 0.0020 0.0020 0.0020 0.0012 0.0018
1485     1485   (0)     15  : 0.0020 0.9910 0.0010 0.0020 0.0020 0.0010 0.0010
1486     1486   (0)     15  : 0.0010 0.9928 0.0010 0.0010 0.0010 0.0020 0.0012
1487     1487   (0)     15  : 0.0010 0.9918 0.0010 0.0010 0.0020 0.0020 0.0012
1488     1488   (5)     15  : 0.0020 0.9840 0.0030 0.0010 0.0030 0.0040 0.0030
1489     1489   (0)     15  : 0.0010 0.9920 0.0010 0.0020 0.0020 0.0010 0.0010
1490     1490   (0)     15  : 0.0020 0.9898 0.0014 0.0010 0.0020 0.0020 0.0018
1491     1491   (0)     15  : 0.0010 0.9940 0.0010 0.0010 0.0010 0.0010 0.0010
1492     1492   (0)     15  : 0.0020 0.9828 0.0030 0.0010 0.0030 0.0048 0.0034
1493     1493   (0)     15  : 0.0010 0.9898 0.0010 0.0020 0.0030 0.0020 0.0012
1494     1494   (0)     15  : 0.0020 0.9848 0.0022 0.0040 0.0022 0.0020 0.0028
1495     1495   (0)     15  : 0.0020 0.9568 0.0074 0.0030 0.0090 0.0162 0.0056
1496     1496   (0)     15  : 0.0020 0.9886 0.0020 0.0010 0.0028 0.0020 0.0016
1497     1497   (0)     15  : 0.0010 0.9898 0.0012 0.0020 0.0020 0.0020 0.0020
1498     1498   (0)     15  : 0.0020 0.9754 0.0050 0.0042 0.0044 0.0052 0.0038
1499     1499   (0)     15  : 0.0060 0.9784 0.0024 0.0020 0.0060 0.0032 0.0020
1500     1500   (0)     15  : 0.0010 0.9926 0.0010 0.0020 0.0010 0.0012 0.0012
1501     1501   (0)     15  : 0.0020 0.9740 0.0030 0.0050 0.0090 0.0038 0.0032
1502     1502   (0)     15  : 0.0010 0.9910 0.0010 0.0018 0.0020 0.0020 0.0012
1503     1503   (0)     16  : 0.0040 0.9624 0.0060 0.0040 0.0052 0.0116 0.0068
1504     1504   (0)     16  : 0.0020 0.9858 0.0020 0.0020 0.0030 0.0030 0.0022
1505     1505   (0)     16  : 0.0020 0.9836 0.0020 0.0020 0.0056 0.0020 0.0028
1506     1506   (0)     16  : 0.0020 0.9908 0.0010 0.0010 0.0020 0.0020 0.0012
1507     1507   (0)     16  : 0.0020 0.9846 0.0020 0.0020 0.0030 0.0040 0.0024
1508     1508   (0)     16  : 0.0020 0.9836 0.0028 0.0010 0.0042 0.0042 0.0022
1509     1509   (0)     16  : 0.0010 0.9870 0.0020 0.0040 0.0020 0.0020 0.0020
1510     1510   (0)     16  : 0.0030 0.9736 0.0030 0.0020 0.0144 0.0020 0.0020
1511     1511   (0)     16  : 0.0020 0.9898 0.0010 0.0010 0.0030 0.0020 0.0012
1512     1512   (0)     16  : 0.0030 0.9726 0.0030 0.0030 0.0070 0.0076 0.0038
1513     1513   (0)     16  : 0.0020 0.9846 0.0010 0.0030 0.0030 0.0042 0.0022
1514     1514   (0)     16  : 0.0020 0.9884 0.0020 0.0010 0.0026 0.0020 0.0020
1515     1515   (0)     16  : 0.0010 0.9838 0.0030 0.0040 0.0030 0.0030 0.0022
1516     1516   (0)     16  : 0.0020 0.9880 0.0020 0.0010 0.0030 0.0020 0.0020
1517     1517   (0)     16  : 0.0020 0.9888 0.0010 0.0020 0.0030 0.0020 0.0012
1518     1518   (0)     16  : 0.0020 0.9890 0.0020 0.0010 0.0020 0.0020 0.0020
1519     1519   (0)     16  : 0.0020 0.9860 0.0020 0.0020 0.0040 0.0020 0.0020
1520     1520   (0)     16  : 0.0020 0.9882 0.0014 0.0022 0.0030 0.0020 0.0012
1521     1521   (0)     16  : 0.0010 0.9930 0.0010 0.0010 0.0020 0.0010 0.0010
1522     1522   (0)     16  : 0.0010 0.9930 0.0010 0.0010 0.0020 0.0010 0.0010
1523     1523   (0)     16  : 0.0020 0.9880 0.0020 0.0010 0.0028 0.0020 0.0022
1524     1524   (0)     16  : 0.0010 0.9848 0.0030 0.0030 0.0040 0.0020 0.0022
1525     1525   (0)     16  : 0.0010 0.9940 0.0010 0.0010 0.0010 0.0010 0.0010
1526     1526   (0)     16  : 0.0020 0.9860 0.0028 0.0030 0.0022 0.0020 0.0020
1527     1527   (0)     16  : 0.0010 0.9890 0.0020 0.0020 0.0020 0.0020 0.0020
1528     1528   (0)     16  : 0.0020 0.9880 0.0020 0.0020 0.0020 0.0020 0.0020
1529     1529   (0)     16  : 0.0010 0.9910 0.0012 0.0010 0.0020 0.0020 0.0018
1530     1530   (0)     16  : 0.0010 0.9900 0.0018 0.0010 0.0030 0.0020 0.0012
1531     1531   (0)     16  : 0.0010 0.9878 0.0020 0.0020 0.0020 0.0030 0.0022
1532     1532   (0)     16  : 0.0010 0.9878 0.0020 0.0020 0.0020 0.0030 0.0022
1533     1533   (0)     16  : 0.0020 0.9828 0.0020 0.0040 0.0040 0.0032 0.0020
1534     1534   (0)     16  : 0.0010 0.9882 0.0020 0.0020 0.0030 0.0020 0.0018
1535     1535   (0)     16  : 0.0016 0.9904 0.0010 0.0020 0.0020 0.0020 0.0010
1536     1536   (0)     16  : 0.0010 0.9860 0.0020 0.0020 0.0050 0.0020 0.0020
1537     1537   (0)     16  : 0.0020 0.9898 0.0020 0.0010 0.0020 0.0020 0.0012
1538     1538   (0)     16  : 0.0030 0.9860 0.0020 0.0030 0.0020 0.0020 0.0020
1539     1539   (0)     16  : 0.0010 0.9858 0.0012 0.0020 0.0060 0.0020 0.0020
1540     1540   (0)     16  : 0.0030 0.9796 0.0020 0.0042 0.0040 0.0040 0.0032
1541     1541   (0)     16  : 0.0010 0.9902 0.0020 0.0010 0.0020 0.0020 0.0018
1542     1542   (0)     16  : 0.0010 0.9940 0.0010 0.0010 0.0010 0.0010 0.0010
1543     1543   (0)     16  : 0.0010 0.9900 0.0020 0.0010 0.0020 0.0020 0.0020
1544     1544   (0)     16  : 0.0010 0.9930 0.0010 0.0010 0.0020 0.0010 0.0010
1545     1545   (0)     16  : 0.0032 0.9800 0.0036 0.0020 0.0030 0.0040 0.0042
1546     1546   (0)     16  : 0.0020 0.9908 0.0010 0.0010 0.0020 0.0020 0.0012
1547     1547   (0)     16  : 0.0010 0.9898 0.0010 0.0020 0.0030 0.0020 0.0012
1548     1548   (0)     16  : 0.0010 0.9902 0.0020 0.0010 0.0030 0.0012 0.0016
1549     1549   (0)     16  : 0.0010 0.9842 0.0028 0.0020 0.0040 0.0036 0.0024
1550     1550   (0)     16  : 0.0030 0.9678 0.0020 0.0050 0.0174 0.0020 0.0028
1551     1551   (0)     16  : 0.0010 0.9918 0.0010 0.0010 0.0020 0.0020 0.0012
1552     1552   (0)     16  : 0.0010 0.9860 0.0038 0.0020 0.0032 0.0020 0.0020
1553     1553   (0)     16  : 0.0020 0.9820 0.0020 0.0040 0.0040 0.0030 0.0030
1554     1554   (0)     16  : 0.0010 0.9854 0.0020 0.0028 0.0036 0.0030 0.0022
1555     1555   (0)     16  : 0.0040 0.9410 0.0032 0.0422 0.0020 0.0028 0.0048
1556     1556   (0)     16  : 0.0010 0.9900 0.0020 0.0020 0.0020 0.0010 0.0020
1557     1557   (0)     16  : 0.0010 0.9924 0.0020 0.0010 0.0012 0.0010 0.0014
1558     1558   (0)     16  : 0.0020 0.9908 0.0012 0.0010 0.0020 0.0012 0.0018
1559     1559   (0)     16  : 0.0010 0.9898 0.0020 0.0020 0.0020 0.0020 0.0012
1560     1560   (0)     16  : 0.0018 0.9840 0.0020 0.0020 0.0050 0.0030 0.0022
1561     1561   (0)     16  : 0.0010 0.9918 0.0010 0.0010 0.0020 0.0020 0.0012
1562     1562   (0)     16  : 0.0010 0.9918 0.0010 0.0020 0.0020 0.0012 0.0010
1563     1563   (0)     16  : 0.0010 0.9940 0.0010 0.0010 0.0010 0.0010 0.0010
1564     1564   (0)     16  : 0.0010 0.9838 0.0030 0.0020 0.0030 0.0040 0.0032
1565     1565   (0)     16  : 0.0010 0.9938 0.0010 0.0010 0.0010 0.0012 0.0010
1566     1566   (0)     16  : 0.0020 0.9838 0.0022 0.0030 0.0030 0.0030 0.0030
1567     1567   (0)     16  : 0.0010 0.9916 0.0010 0.0010 0.0030 0.0014 0.0010
1568     1568   (0)     16  : 0.0010 0.9880 0.0020 0.0020 0.0030 0.0020 0.0020
1569     1569   (0)     16  : 0.0010 0.9930 0.0010 0.0010 0.0020 0.0010 0.0010
1570     1570   (0)     16  : 0.0020 0.9920 0.0010 0.0010 0.0020 0.0010 0.0010
1571     1571   (0)     16  : 0.0016 0.9884 0.0020 0.0020 0.0020 0.0020 0.0020
1572     1572   (0)     16  : 0.0010 0.9890 0.0020 0.0020 0.0020 0.0020 0.0020
1573     1573   (0)     16  : 0.0020 0.9788 0.0038 0.0020 0.0050 0.0050 0.0034
1574     1574   (0)     16  : 0.0020 0.9880 0.0020 0.0020 0.0020 0.0020 0.0020
1575     1575   (0)     16  : 0.0010 0.9886 0.0014 0.0010 0.0040 0.0020 0.0020
1576     1576   (0)     16  : 0.0010 0.9940 0.0010 0.0010 0.0010 0.0010 0.0010
1577     1577   (0)     16  : 0.0010 0.9900 0.0020 0.0010 0.0020 0.0020 0.0020
1578     1578   (0)     16  : 0.0020 0.9840 0.0020 0.0020 0.0050 0.0028 0.0022
1579     1579   (0)     16  : 0.0030 0.9848 0.0020 0.0020 0.0030 0.0032 0.0020
1580     1580   (0)     16  : 0.0020 0.9852 0.0020 0.0010 0.0046 0.0030 0.0022
1581     1581   (0)     16  : 0.0010 0.9938 0.0010 0.0010 0.0010 0.0012 0.0010
1582     1582   (0)     16  : 0.0010 0.9850 0.0020 0.0030 0.0030 0.0030 0.0030
1583     1583   (0)     16  : 0.0010 0.9892 0.0028 0.0010 0.0020 0.0020 0.0020
1584     1584   (0)     16  : 0.0022 0.9886 0.0020 0.0010 0.0020 0.0022 0.0020
1585     1585   (0)     16  : 0.0020 0.9880 0.0020 0.0040 0.0020 0.0010 0.0010
1586     1586   (0)     16  : 0.0010 0.9928 0.0010 0.0020 0.0010 0.0012 0.0010
1587     1587   (0)     16  : 0.0010 0.9906 0.0020 0.0020 0.0020 0.0012 0.0012
1588     1588   (0)     16  : 0.0020 0.9848 0.0020 0.0020 0.0040 0.0030 0.0022
1589     1589   (0)     16  : 0.0010 0.9930 0.0010 0.0010 0.0020 0.0010 0.0010
1590     1590   (0)     16  : 0.0010 0.9930 0.0010 0.0010 0.0020 0.0010 0.0010
1591     1591   (0)     16  : 0.0020 0.9910 0.0010 0.0010 0.0020 0.0020 0.0010
1592     1592   (0)     16  : 0.0030 0.9794 0.0020 0.0010 0.0090 0.0034 0.0022
1593     1593   (0)     16  : 0.0020 0.9870 0.0020 0.0030 0.0020 0.0020 0.0020
1594     1594   (0)     16  : 0.0020 0.9908 0.0010 0.0010 0.0020 0.0020 0.0012
1595     1595   (0)     16  : 0.0010 0.9928 0.0010 0.0010 0.0020 0.0012 0.0010
1596     1596   (0)     16  : 0.0020 0.9880 0.0020 0.0010 0.0030 0.0020 0.0020
1597     1597   (0)     16  : 0.0012 0.9878 0.0020 0.0020 0.0030 0.0020 0.0020
1598     1598   (0)     16  : 0.0012 0.9882 0.0020 0.0030 0.0028 0.0010 0.0018
1599     1599   (0)     16  : 0.0010 0.9880 0.0010 0.0020 0.0040 0.0020 0.0020
1600     1600   (0)     16  : 0.0020 0.9908 0.0010 0.0010 0.0020 0.0020 0.0012
1601     1601   (0)     16  : 0.0020 0.9880 0.0020 0.0020 0.0020 0.0020 0.0020
1602     1602   (0)     16  : 0.0020 0.9882 0.0020 0.0020 0.0020 0.0020 0.0018
1603     1603   (0)     16  : 0.0010 0.9908 0.0010 0.0020 0.0020 0.0020 0.0012
1604     1604   (0)     16  : 0.0020 0.9758 0.0042 0.0030 0.0070 0.0030 0.0050
1605     1605   (0)     16  : 0.0020 0.9880 0.0020 0.0010 0.0030 0.0020 0.0020
1606     1606   (0)     16  : 0.0020 0.9864 0.0020 0.0010 0.0040 0.0032 0.0014
1607     1607   (0)     16  : 0.0010 0.9882 0.0020 0.0010 0.0030 0.0022 0.0026
1608     1608   (0)     16  : 0.0010 0.9890 0.0020 0.0010 0.0030 0.0020 0.0020
1609     1609   (0)     16  : 0.0010 0.9842 0.0028 0.0020 0.0040 0.0038 0.0022
1610     1610   (0)     16  : 0.0010 0.9912 0.0010 0.0020 0.0020 0.0018 0.0010
1611     1611   (0)     16  : 0.0020 0.9870 0.0020 0.0010 0.0040 0.0020 0.0020
1612     1612   (0)     16  : 0.0010 0.9930 0.0010 0.0010 0.0020 0.0010 0.0010
1613     1613   (0)     16  : 0.0020 0.9890 0.0020 0.0020 0.0010 0.0020 0.0020
1614     1614   (0)     16  : 0.0020 0.9866 0.0020 0.0026 0.0020 0.0020 0.0028
1615     1615   (0)     16  : 0.0020 0.9862 0.0028 0.0030 0.0020 0.0020 0.0020
1616     1616   (0)     16  : 0.0010 0.9940 0.0010 0.0010 0.0010 0.0010 0.0010
1617     1617   (0)     16  : 0.0020 0.9678 0.0030 0.0110 0.0102 0.0030 0.0030
1618     1618   (0)     16  : 0.0020 0.9842 0.0020 0.0020 0.0050 0.0020 0.0028
1619     1619   (0)     16  : 0.0020 0.9890 0.0020 0.0010 0.0020 0.0020 0.0020
1620     1620   (0)     16  : 0.0010 0.9882 0.0020 0.0010 0.0040 0.0020 0.0018
1621     1621   (0)     16  : 0.0020 0.9826 0.0022 0.0020 0.0038 0.0042 0.0032
1622     1622   (0)     16  : 0.0014 0.9730 0.0032 0.0072 0.0060 0.0048 0.0044
1623     1623   (0)     16  : 0.0010 0.9914 0.0020 0.0020 0.0016 0.0010 0.0010
1624     1624   (0)     16  : 0.0010 0.9896 0.0020 0.0020 0.0020 0.0016 0.0018
1625     1625   (0)     16  : 0.0020 0.9574 0.0048 0.0040 0.0090 0.0096 0.0132
1626     1626   (0)     16  : 0.0010 0.9862 0.0022 0.0020 0.0020 0.0030 0.0036
1627     1627   (0)     16  : 0.0014 0.9916 0.0010 0.0010 0.0020 0.0020 0.0010
1628     1628   (0)     16  : 0.0014 0.9886 0.0020 0.0020 0.0020 0.0020 0.0020
1629     1629   (0)     16  : 0.0020 0.9850 0.0030 0.0030 0.0030 0.0020 0.0020
1630     1630   (0)     16  : 0.0012 0.9890 0.0010 0.0020 0.0040 0.0016 0.0012
1631     1631   (0)     16  : 0.0020 0.9858 0.0020 0.0040 0.0020 0.0022 0.0020
1632     1632   (0)     16  : 0.0010 0.9892 0.0020 0.0020 0.0020 0.0020 0.0018
1633     1633   (0)     16  : 0.0020 0.9908 0.0010 0.0010 0.0020 0.0022 0.0010
1634     1634   (0)     16  : 0.0030 0.9752 0.0030 0.0040 0.0090 0.0030 0.0028
1635     1635   (0)     16  : 0.0020 0.9910 0.0010 0.0020 0.0020 0.0010 0.0010
1636     1636   (0)     16  : 0.0020 0.9920 0.0010 0.0020 0.0010 0.0010 0.0010
1637     1637   (0)     16  : 0.0010 0.9868 0.0020 0.0020 0.0042 0.0020 0.0020
1638     1638   (0)     16  : 0.0022 0.9922 0.0010 0.0010 0.0010 0.0016 0.0010
1639     1639   (0)     16  : 0.0020 0.9868 0.0020 0.0010 0.0040 0.0022 0.0020
1640     1640   (0)     16  : 0.0010 0.9900 0.0020 0.0010 0.0020 0.0020 0.0020
1641     1641   (0)     16  : 0.0020 0.9894 0.0016 0.0010 0.0020 0.0020 0.0020
1642     1642   (0)     16  : 0.0010 0.9860 0.0020 0.0020 0.0050 0.0020 0.0020
1643     1643   (0)     16  : 0.0010 0.9880 0.0020 0.0020 0.0030 0.0020 0.0020
1644     1644   (0)     16  : 0.0020 0.9868 0.0020 0.0020 0.0020 0.0030 0.0022
1645     1645   (0)     16  : 0.0020 0.9908 0.0010 0.0010 0.0020 0.0020 0.0012
1646     1646   (0)     16  : 0.0010 0.9928 0.0010 0.0010 0.0022 0.0010 0.0010
1647     1647   (0)     16  : 0.0020 0.9920 0.0010 0.0010 0.0020 0.0010 0.0010
1648     1648   (0)     16  : 0.0020 0.9886 0.0020 0.0020 0.0020 0.0022 0.0012
1649     1649   (0)     16  : 0.0020 0.9854 0.0016 0.0050 0.0030 0.0020 0.0010
1650     1650   (0)     16  : 0.0010 0.9874 0.0020 0.0020 0.0040 0.0020 0.0016
1651     1651   (0)     16  : 0.0020 0.9802 0.0020 0.0030 0.0080 0.0020 0.0028
1652     1652   (0)     16  : 0.0020 0.9898 0.0010 0.0020 0.0020 0.0020 0.0012
1653     1653   (0)     16  : 0.0010 0.9930 0.0020 0.0010 0.0010 0.0010 0.0010
1654     1654   (0)     16  : 0.0010 0.9898 0.0020 0.0010 0.0030 0.0020 0.0012
1655     1655   (0)     16  : 0.0010 0.9940 0.0010 0.0010 0.0010 0.0010 0.0010
1656     1656   (0)     16  : 0.0020 0.9824 0.0020 0.0020 0.0030 0.0062 0.0024
1657     1657   (0)     16  : 0.0020 0.9878 0.0020 0.0010 0.0030 0.0022 0.0020
1658     1658   (0)     16  : 0.0010 0.9900 0.0020 0.0010 0.0020 0.0020 0.0020
1659     1659   (0)     16  : 0.0010 0.9866 0.0020 0.0020 0.0030 0.0030 0.0024
1660     1660   (0)     16  : 0.0010 0.9912 0.0020 0.0010 0.0020 0.0010 0.0018
1661     1661   (0)     16  : 0.0030 0.9812 0.0032 0.0030 0.0040 0.0020 0.0036
1662     1662   (0)     16  : 0.0010 0.9920 0.0010 0.0010 0.0020 0.0020 0.0010
1663     1663   (0)     16  : 0.0010 0.9854 0.0020 0.0020 0.0020 0.0050 0.0026
1664     1664   (0)     16  : 0.0010 0.9930 0.0010 0.0010 0.0020 0.0010 0.0010
1665     1665   (0)     16  : 0.0040 0.9850 0.0018 0.0020 0.0020 0.0030 0.0022
1666     1666   (0)     16  : 0.0010 0.9930 0.0010 0.0010 0.0020 0.0010 0.0010
1667     1667   (0)     16  : 0.0020 0.9898 0.0010 0.0020 0.0020 0.0020 0.0012
1668     1668   (0)     16  : 0.0010 0.9940 0.0010 0.0010 0.0010 0.0010 0.0010
1669     1669   (0)     16  : 0.0020 0.9914 0.0010 0.0010 0.0020 0.0016 0.0010
1670     1670   (0)     16  : 0.0010 0.9900 0.0020 0.0010 0.0020 0.0020 0.0020
1671     1671   (0)     16  : 0.0010 0.9868 0.0010 0.0010 0.0062 0.0020 0.0020
1672     1672   (0)     16  : 0.0010 0.9918 0.0010 0.0010 0.0020 0.0020 0.0012
1673     1673   (0)     16  : 0.0012 0.9846 0.0026 0.0032 0.0030 0.0030 0.0024
1674     1674   (0)     16  : 0.0010 0.9930 0.0010 0.0010 0.0010 0.0020 0.0010
1675     1675   (0)     16  : 0.0010 0.9900 0.0020 0.0010 0.0020 0.0020 0.0020
1676     1676   (0)     16  : 0.0010 0.9880 0.0020 0.0020 0.0030 0.0020 0.0020
1677     1677   (0)     16  : 0.0010 0.9880 0.0020 0.0020 0.0030 0.0020 0.0020
1678     1678   (0)     16  : 0.0010 0.9870 0.0020 0.0030 0.0030 0.0020 0.0020
1679     1679   (0)     16  : 0.0020 0.9918 0.0010 0.0010 0.0010 0.0020 0.0012
1680     1680   (0)     16  : 0.0010 0.9930 0.0010 0.0010 0.0020 0.0010 0.0010
1681     1681   (0)     16  : 0.0010 0.9930 0.0010 0.0020 0.0010 0.0010 0.0010
1682     1682   (0)     16  : 0.0010 0.9872 0.0020 0.0020 0.0040 0.0020 0.0018
1683     1683   (0)     16  : 0.0020 0.9744 0.0038 0.0060 0.0070 0.0030 0.0038
1684     1684   (0)     16  : 0.0014 0.9906 0.0018 0.0020 0.0020 0.0010 0.0012
1685     1685   (0)     16  : 0.0020 0.9904 0.0010 0.0010 0.0026 0.0018 0.0012
1686     1686   (0)     16  : 0.0010 0.9912 0.0010 0.0020 0.0020 0.0010 0.0018
1687     1687   (0)     16  : 0.0020 0.9890 0.0010 0.0020 0.0020 0.0020 0.0020
1688     1688   (0)     16  : 0.0020 0.9920 0.0010 0.0010 0.0020 0.0010 0.0010
1689     1689   (0)     16  : 0.0010 0.9920 0.0010 0.0010 0.0020 0.0020 0.0010
1690     1690   (0)     16  : 0.0020 0.9892 0.0020 0.0010 0.0020 0.0020 0.0018
1691     1691   (0)     16  : 0.0020 0.9908 0.0010 0.0020 0.0020 0.0012 0.0010
1692     1692   (0)     16  : 0.0010 0.9928 0.0010 0.0010 0.0010 0.0020 0.0012
1693     1693   (0)     16  : 0.0010 0.9930 0.0010 0.0010 0.0020 0.0010 0.0010
1694     1694   (0)     16  : 0.0010 0.9920 0.0010 0.0010 0.0020 0.0020 0.0010
1695     1695   (0)     16  : 0.0020 0.9908 0.0010 0.0020 0.0020 0.0012 0.0010
1696     1696   (0)     16  : 0.0020 0.9846 0.0020 0.0024 0.0050 0.0020 0.0020
1697     1697   (0)     16  : 0.0020 0.9818 0.0030 0.0030 0.0030 0.0042 0.0030
1698     1698   (0)     16  : 0.0012 0.9876 0.0020 0.0020 0.0032 0.0020 0.0020
1699     1699   (0)     16  : 0.0070 0.9770 0.0028 0.0050 0.0030 0.0030 0.0022
1700     1700   (0)     16  : 0.0020 0.9880 0.0020 0.0020 0.0020 0.0020 0.0020
1701     1701   (0)     16  : 0.0010 0.9890 0.0020 0.0020 0.0020 0.0020 0.0020
1702     1702   (0)     16  : 0.0010 0.9890 0.0020 0.0020 0.0020 0.0020 0.0020
1703     1703   (0)     16  : 0.0020 0.9890 0.0010 0.0020 0.0030 0.0020 0.0010
1704     1704   (0)     16  : 0.0020 0.9880 0.0020 0.0020 0.0020 0.0020 0.0020
1705     1705   (0)     16  : 0.0020 0.9826 0.0020 0.0010 0.0060 0.0040 0.0024
1706     1706   (0)     16  : 0.0010 0.9888 0.0020 0.0010 0.0030 0.0022 0.0020
1707     1707   (0)     16  : 0.0044 0.8994 0.0232 0.0238 0.0110 0.0148 0.0234
1708     1708   (0)     16  : 0.0010 0.9908 0.0018 0.0010 0.0020 0.0016 0.0018
1709     1709   (0)     16  : 0.0020 0.9870 0.0020 0.0020 0.0030 0.0020 0.0020
1710     1710   (0)     16  : 0.0020 0.9870 0.0020 0.0020 0.0020 0.0030 0.0020
1711     1711   (0)     16  : 0.0022 0.9840 0.0028 0.0020 0.0030 0.0038 0.0022
1712     1712   (0)     16  : 0.0010 0.9932 0.0010 0.0010 0.0018 0.0010 0.0010
1713     1713   (0)     16  : 0.0010 0.9938 0.0010 0.0010 0.0010 0.0012 0.0010
1714     1714   (0)     16  : 0.0010 0.9910 0.0010 0.0020 0.0020 0.0020 0.0010
1715     1715   (0)     16  : 0.0010 0.9886 0.0020 0.0010 0.0020 0.0032 0.0022
1716     1716   (0)     16  : 0.0010 0.9898 0.0016 0.0020 0.0024 0.0020 0.0012
1717     1717   (0)     16  : 0.0010 0.9868 0.0020 0.0020 0.0040 0.0022 0.0020
1718     1718   (0)     16  : 0.0010 0.9898 0.0020 0.0010 0.0020 0.0022 0.0020
1719     1719   (0)     16  : 0.0010 0.9868 0.0020 0.0030 0.0030 0.0020 0.0022
1720     1720   (0)     16  : 0.0010 0.9880 0.0020 0.0020 0.0030 0.0028 0.0012
1721     1721   (0)     16  : 0.0020 0.9890 0.0020 0.0010 0.0020 0.0020 0.0020
1722     1722   (0)     16  : 0.0018 0.9912 0.0010 0.0020 0.0020 0.0010 0.0010
1723     1723   (0)     16  : 0.0026 0.9872 0.0020 0.0010 0.0030 0.0022 0.0020
1724     1724   (0)     16  : 0.0020 0.9890 0.0012 0.0020 0.0020 0.0018 0.0020
1725     1725   (0)     16  : 0.0030 0.9860 0.0020 0.0020 0.0020 0.0030 0.0020
1726     1726   (0)     16  : 0.0020 0.9880 0.0020 0.0010 0.0030 0.0020 0.0020
1727     1727   (0)     16  : 0.0020 0.9878 0.0020 0.0020 0.0030 0.0020 0.0012
1728     1728   (0)     16  : 0.0020 0.9836 0.0020 0.0030 0.0050 0.0020 0.0024
1729     1729   (0)     16  : 0.0020 0.9868 0.0012 0.0020 0.0040 0.0020 0.0020
1730     1730   (0)     16  : 0.0010 0.9918 0.0010 0.0010 0.0030 0.0012 0.0010
1731     1731   (0)     16  : 0.0020 0.9868 0.0020 0.0030 0.0022 0.0020 0.0020
1732     1732   (0)     16  : 0.0010 0.9882 0.0020 0.0010 0.0040 0.0020 0.0018
1733     1733   (0)     16  : 0.0010 0.9898 0.0020 0.0010 0.0022 0.0020 0.0020
1734     1734   (0)     16  : 0.0020 0.9868 0.0020 0.0010 0.0030 0.0030 0.0022
1735     1735   (0)     16  : 0.0030 0.9740 0.0056 0.0030 0.0050 0.0058 0.0036
1736     1736   (0)     16  : 0.0010 0.9880 0.0020 0.0020 0.0030 0.0020 0.0020
1737     1737   (0)     16  : 0.0010 0.9940 0.0010 0.0010 0.0010 0.0010 0.0010
1738     1738   (0)     16  : 0.0020 0.9874 0.0020 0.0020 0.0020 0.0024 0.0022
1739     1739   (0)     16  : 0.0010 0.9928 0.0010 0.0010 0.0020 0.0012 0.0010
1740     1740   (0)     16  : 0.0010 0.9940 0.0010 0.0010 0.0010 0.0010 0.0010
1741     1741   (0)     16  : 0.0010 0.9920 0.0010 0.0010 0.0020 0.0020 0.0010
1742     1742   (0)     16  : 0.0020 0.9890 0.0020 0.0010 0.0020 0.0020 0.0020
1743     1743   (0)     16  : 0.0020 0.9816 0.0030 0.0030 0.0030 0.0044 0.0030
1744     1744   (0)     16  : 0.0020 0.9880 0.0020 0.0020 0.0020 0.0020 0.0020
1745     1745   (0)     16  : 0.0010 0.9872 0.0020 0.0030 0.0030 0.0020 0.0018
1746     1746   (0)     16  : 0.0030 0.9872 0.0020 0.0020 0.0020 0.0018 0.0020
1747     1747   (0)     16  : 0.0012 0.9918 0.0010 0.0020 0.0010 0.0020 0.0010
1748     1748   (0)     16  : 0.0010 0.9890 0.0020 0.0020 0.0020 0.0020 0.0020
1749     1749   (0)     16  : 0.0020 0.9876 0.0012 0.0030 0.0020 0.0022 0.0020
1750     1750   (0)     16  : 0.0020 0.9878 0.0020 0.0010 0.0020 0.0030 0.0022
1751     1751   (0)     16  : 0.0010 0.9940 0.0010 0.0010 0.0010 0.0010 0.0010
1752     1752   (0)     16  : 0.0010 0.9880 0.0020 0.0010 0.0040 0.0020 0.0020
1753     1753   (0)     16  : 0.0010 0.9938 0.0010 0.0010 0.0012 0.0010 0.0010
1754     1754   (0)     16  : 0.0020 0.9892 0.0016 0.0020 0.0020 0.0020 0.0012
1755     1755   (0)     16  : 0.0020 0.9898 0.0012 0.0010 0.0020 0.0020 0.0020
1756     1756   (0)     16  : 0.0010 0.9940 0.0010 0.0010 0.0010 0.0010 0.0010
1757     1757   (0)     16  : 0.0020 0.9920 0.0010 0.0010 0.0010 0.0020 0.0010
1758     1758   (0)     16  : 0.0010 0.9910 0.0020 0.0010 0.0020 0.0020 0.0010
1759     1759   (0)     16  : 0.0010 0.9938 0.0010 0.0010 0.0012 0.0010 0.0010
1760     1760   (0)     16  : 0.0020 0.9918 0.0010 0.0010 0.0020 0.0012 0.0010
1761     1761   (0)     16  : 0.0020 0.9850 0.0020 0.0040 0.0030 0.0020 0.0020
1762     1762   (0)     16  : 0.0020 0.9756 0.0030 0.0060 0.0086 0.0022 0.0026
1763     1763   (0)     16  : 0.0010 0.9926 0.0010 0.0014 0.0020 0.0010 0.0010
1764     1764   (0)     16  : 0.0030 0.9796 0.0038 0.0020 0.0030 0.0050 0.0036
1765     1765   (0)     16  : 0.0020 0.9876 0.0020 0.0020 0.0022 0.0022 0.0020
1766     1766   (0)     16  : 0.0010 0.9892 0.0018 0.0020 0.0020 0.0020 0.0020
1767     1767   (0)     16  : 0.0020 0.9920 0.0010 0.0010 0.0020 0.0010 0.0010
1768     1768   (0)     16  : 0.0020 0.9902 0.0010 0.0018 0.0020 0.0020 0.0010
1769     1769   (0)     16  : 0.0010 0.9896 0.0020 0.0020 0.0020 0.0020 0.0014
1770     1770   (0)     16  : 0.0020 0.9890 0.0020 0.0010 0.0020 0.0020 0.0020
1771     1771   (0)     16  : 0.0050 0.9770 0.0030 0.0050 0.0040 0.0030 0.0030
1772     1772   (0)     16  : 0.0020 0.9858 0.0020 0.0030 0.0030 0.0020 0.0022
1773     1773   (0)     16  : 0.0030 0.9868 0.0016 0.0020 0.0020 0.0032 0.0014
1774     1774   (0)     16  : 0.0020 0.9890 0.0020 0.0010 0.0020 0.0020 0.0020
1775     1775   (0)     16  : 0.0020 0.9920 0.0010 0.0010 0.0020 0.0010 0.0010
1776     1776   (0)     16  : 0.0030 0.9806 0.0020 0.0028 0.0050 0.0044 0.0022
1777     1777   (0)     16  : 0.0020 0.9870 0.0020 0.0010 0.0040 0.0020 0.0020
1778     1778   (0)     16  : 0.0020 0.9930 0.0010 0.0010 0.0010 0.0010 0.0010
1779     1779   (0)     16  : 0.0010 0.9920 0.0010 0.0020 0.0020 0.0010 0.0010
1780     1780   (0)     16  : 0.0030 0.9798 0.0020 0.0050 0.0050 0.0032 0.0020
1781     1781   (0)     16  : 0.0010 0.9910 0.0018 0.0010 0.0020 0.0020 0.0012
1782     1782   (0)     16  : 0.0020 0.9832 0.0040 0.0020 0.0040 0.0020 0.0028
1783     1783   (0)     16  : 0.0020 0.9870 0.0020 0.0020 0.0030 0.0020 0.0020
1784     1784   (0)     16  : 0.0010 0.9898 0.0020 0.0010 0.0022 0.0020 0.0020
1785     1785   (0)     16  : 0.0020 0.9838 0.0022 0.0030 0.0030 0.0030 0.0030
1786     1786   (0)     16  : 0.0012 0.9898 0.0012 0.0020 0.0020 0.0020 0.0018
1787     1787   (0)     16  : 0.0010 0.9930 0.0010 0.0010 0.0020 0.0010 0.0010
1788     1788   (0)     16  : 0.0020 0.9912 0.0010 0.0010 0.0028 0.0010 0.0010
1789     1789   (0)     16  : 0.0030 0.9852 0.0020 0.0038 0.0020 0.0020 0.0020
1790     1790   (0)     16  : 0.0010 0.9898 0.0012 0.0020 0.0020 0.0020 0.0020
1791     1791   (0)     16  : 0.0020 0.9880 0.0020 0.0020 0.0020 0.0020 0.0020
1792     1792   (0)     16  : 0.0010 0.9870 0.0020 0.0020 0.0040 0.0020 0.0020
1793     1793   (0)     16  : 0.0020 0.9902 0.0016 0.0010 0.0020 0.0020 0.0012
1794     1794   (0)     16  : 0.0020 0.9908 0.0010 0.0010 0.0020 0.0020 0.0012
1795     1795   (0)     16  : 0.0010 0.9898 0.0020 0.0020 0.0020 0.0020 0.0012
1796     1796   (0)     16  : 0.0010 0.9900 0.0010 0.0020 0.0020 0.0020 0.0020
1797     1797   (0)     16  : 0.0020 0.9820 0.0030 0.0058 0.0020 0.0030 0.0022
1798     1798   (0)     16  : 0.0010 0.9892 0.0010 0.0030 0.0020 0.0020 0.0018
1799     1799   (0)     16  : 0.0020 0.9870 0.0012 0.0028 0.0030 0.0020 0.0020
1800     1800   (0)     16  : 0.0020 0.9890 0.0020 0.0010 0.0020 0.0020 0.0020
1801     1801   (0)     16  : 0.0010 0.9940 0.0010 0.0010 0.0010 0.0010 0.0010
1802     1802   (0)     16  : 0.0010 0.9940 0.0010 0.0010 0.0010 0.0010 0.0010
1803     1803   (0)     17  : 0.0010 0.0020 0.0020 0.0010 0.9886 0.0030 0.0024
1804     1804   (0)     17  : 0.0020 0.0040 0.0020 0.0060 0.9776 0.0052 0.0032
1805     1805   (0)     17  : 0.0020 0.0030 0.0050 0.0030 0.9732 0.0090 0.0048
1806     1806   (0)     17  : 0.0030 0.0070 0.0050 0.0020 0.9642 0.0130 0.0058
1807     1807   (0)     17  : 0.0030 0.0020 0.0036 0.0030 0.9768 0.0046 0.0070
1808     1808   (0)     17  : 0.0020 0.0140 0.0044 0.0040 0.9636 0.0056 0.0064
1809     1809   (0)     17  : 0.0052 0.0060 0.0042 0.0030 0.9412 0.0108 0.0296
1810     1810   (0)     17  : 0.0010 0.0020 0.0020 0.0020 0.9878 0.0030 0.0022
1811     1811   (0)     17  : 0.0010 0.0020 0.0020 0.0020 0.9876 0.0030 0.0024
1812     1812   (0)     17  : 0.0010 0.0040 0.0058 0.0070 0.9706 0.0076 0.0040
1813     1813   (0)     17  : 0.0010 0.0020 0.0022 0.0020 0.9880 0.0020 0.0028
1814     1814   (0)     17  : 0.0010 0.0020 0.0020 0.0010 0.9894 0.0020 0.0026
1815     1815   (0)     17  : 0.0010 0.0020 0.0020 0.0020 0.9892 0.0020 0.0018
1816     1816   (0)     17  : 0.0020 0.0086 0.0050 0.0050 0.9692 0.0060 0.0042
1817     1817   (0)     17  : 0.0020 0.0030 0.0020 0.0020 0.9868 0.0022 0.0020
1818     1818   (0)     17  : 0.0020 0.0060 0.0028 0.0050 0.9792 0.0030 0.0020
1819     1819   (0)     17  : 0.0060 0.0510 0.0220 0.0050 0.8718 0.0294 0.0148
1820     1820   (0)     17  : 0.0030 0.0030 0.0028 0.0030 0.9842 0.0020 0.0020
1821     1821   (0)     17  : 0.0030 0.0050 0.0110 0.0096 0.9466 0.0070 0.0178
1822     1822   (0)     17  : 0.0010 0.0060 0.0078 0.0020 0.9754 0.0030 0.0048
1823     1823   (0)     17  : 0.0020 0.0020 0.0020 0.0040 0.9860 0.0020 0.0020
1824     1824   (0)     17  : 0.0020 0.0030 0.0032 0.0050 0.9828 0.0020 0.0020
1825     1825   (5)     17  : 0.0010 0.0020 0.0030 0.0040 0.9850 0.0020 0.0030
1826     1826   (0)     17  : 0.0020 0.0030 0.0020 0.0010 0.9876 0.0024 0.0020
1827     1827   (0)     17  : 0.0020 0.0060 0.0020 0.0030 0.9830 0.0020 0.0020
1828     1828   (0)     17  : 0.0020 0.0030 0.0052 0.0020 0.9776 0.0038 0.0064
1829     1829   (0)     17  : 0.0010 0.0020 0.0020 0.0066 0.9844 0.0020 0.0020
1830     1830   (0)     17  : 0.0020 0.0060 0.0030 0.0040 0.9800 0.0022 0.0028
1831     1831   (0)     17  : 0.0020 0.0020 0.0030 0.0180 0.9680 0.0038 0.0032
1832     1832   (0)     17  : 0.0010 0.0020 0.0020 0.0010 0.9900 0.0020 0.0020
1833     1833   (5)     17  : 0.0010 0.0020 0.0020 0.0020 0.9890 0.0020 0.0020
1834     1834   (0)     17  : 0.0010 0.0100 0.0030 0.0030 0.9778 0.0030 0.0022
1835     1835   (0)     17  : 0.0040 0.0020 0.0042 0.0090 0.9698 0.0052 0.0058
1836     1836   (0)     17  : 0.0010 0.0020 0.0020 0.0010 0.9900 0.0020 0.0020
1837     1837   (0)     17  : 0.0020 0.0020 0.0022 0.0122 0.9758 0.0030 0.0028
1838     1838   (0)     17  : 0.0040 0.0038 0.0160 0.0028 0.9202 0.0460 0.0072
1839     1839   (5)     17  : 0.0050 0.0050 0.0130 0.0040 0.9438 0.0142 0.0150
1840     1840   (5)     17  : 0.0030 0.0060 0.0024 0.0050 0.9742 0.0060 0.0034
1841     1841   (5)     17  : 0.0078 0.0236 0.0048 0.0040 0.9485 0.0080 0.0032
1842     1842   (5)     17  : 0.0020 0.0010 0.0022 0.0034 0.9866 0.0020 0.0028
1843     1843   (0)     18  : 0.0020 0.0040 0.0046 0.0020 0.9786 0.0062 0.0026
1844     1844   (0)     18  : 0.0010 0.0010 0.0042 0.0030 0.9820 0.0040 0.0048
1845     1845   (0)     18  : 0.0020 0.0042 0.0038 0.0026 0.9824 0.0022 0.0028
1846     1846   (0)     18  : 0.0030 0.0180 0.0020 0.0060 0.9656 0.0034 0.0020
1847     1847   (0)     18  : 0.0030 0.0080 0.0052 0.0064 0.9618 0.0084 0.0072
1848     1848   (0)     18  : 0.0020 0.0020 0.0072 0.0080 0.9658 0.0076 0.0074
1849     1849   (0)     18  : 0.0020 0.0020 0.0046 0.0020 0.9790 0.0060 0.0044
1850     1850   (0)     18  : 0.0010 0.0020 0.0020 0.0020 0.9890 0.0020 0.0020
1851     1851   (0)     18  : 0.0020 0.0200 0.0040 0.0050 0.9618 0.0040 0.0032
1852     1852   (0)     18  : 0.0020 0.0020 0.0028 0.0018 0.9864 0.0028 0.0022
1853     1853   (0)     18  : 0.0020 0.0050 0.0100 0.0020 0.9728 0.0048 0.0034
1854     1854   (0)     18  : 0.0010 0.0020 0.0020 0.0020 0.9880 0.0028 0.0022
1855     1855   (0)     18  : 0.0020 0.0030 0.0058 0.0118 0.9548 0.0122 0.0104
1856     1856   (0)     18  : 0.0040 0.0220 0.0034 0.0020 0.9538 0.0100 0.0048
1857     1857   (0)     18  : 0.0020 0.0040 0.0032 0.0080 0.9760 0.0030 0.0038
1858     1858   (0)     18  : 0.0030 0.0020 0.0052 0.0010 0.9796 0.0038 0.0054
1859     1859   (0)     18  : 0.0020 0.0182 0.0042 0.0020 0.9638 0.0050 0.0048
1860     1860   (0)     18  : 0.0020 0.0030 0.0022 0.0030 0.9826 0.0042 0.0030
1861     1861   (0)     18  : 0.0020 0.0020 0.0020 0.0020 0.9854 0.0042 0.0024
1862     1862   (0)     18  : 0.0010 0.0020 0.0030 0.0020 0.9810 0.0082 0.0028
1863     1863   (0)     18  : 0.0020 0.0020 0.0022 0.0034 0.9856 0.0020 0.0028
1864     1864   (0)     18  : 0.0010 0.0020 0.0020 0.0014 0.9896 0.0020 0.0020
1865     1865   (0)     18  : 0.0030 0.0070 0.0032 0.0020 0.9770 0.0038 0.0040
1866     1866   (0)     18  : 0.0020 0.0170 0.0038 0.0030 0.9660 0.0044 0.0038
1867     1867   (0)     18  : 0.0020 0.0040 0.0030 0.0050 0.9792 0.0030 0.0038
1868     1868   (0)     18  : 0.0030 0.0020 0.0042 0.0020 0.9780 0.0052 0.0056
1869     1869   (0)     18  : 0.0010 0.0030 0.0020 0.0010 0.9890 0.0020 0.0020
1870     1870   (0)     18  : 0.0014 0.0012 0.0030 0.0020 0.9836 0.0054 0.0034
1871     1871   (0)     18  : 0.0020 0.0020 0.0022 0.0020 0.9874 0.0020 0.0024
1872     1872   (0)     18  : 0.0020 0.0020 0.0094 0.0040 0.9716 0.0062 0.0048
1873     1873   (0)     18  : 0.0020 0.0020 0.0042 0.0022 0.9798 0.0050 0.0048
1874     1874   (0)     18  : 0.0020 0.0020 0.0030 0.0024 0.9810 0.0064 0.0032
1875     1875   (0)     18  : 0.0020 0.0020 0.0020 0.0020 0.9878 0.0022 0.0020
1876     1876   (0)     18  : 0.0010 0.0050 0.0030 0.0010 0.9858 0.0022 0.0020
1877     1877   (0)     18  : 0.0020 0.0070 0.0038 0.0010 0.9822 0.0020 0.0020
1878     1878   (0)     18  : 0.0010 0.0030 0.0030 0.0020 0.9844 0.0040 0.0026
1879     1879   (0)     18  : 0.0028 0.0030 0.0032 0.0050 0.9778 0.0028 0.0054
1880     1880   (0)     18  : 0.0010 0.0020 0.0022 0.0090 0.9810 0.0020 0.0028
1881     1881   (0)     18  : 0.0050 0.0060 0.0068 0.0176 0.9382 0.0180 0.0084
1882     1882   (0)     18  : 0.0020 0.0050 0.0020 0.0010 0.9860 0.0020 0.0020
1883     1883   (0)     18  : 0.0010 0.0020 0.0032 0.0020 0.9822 0.0046 0.0050
1884     1884   (0)     18  : 0.0010 0.0030 0.0030 0.0060 0.9820 0.0022 0.0028
1885     1885   (0)     18  : 0.0010 0.0020 0.0022 0.0040 0.9854 0.0032 0.0022
1886     1886   (0)     18  : 0.0018 0.0020 0.0028 0.0038 0.9834 0.0038 0.0024
1887     1887   (0)     18  : 0.0020 0.0030 0.0020 0.0020 0.9844 0.0040 0.0026
1888     1888   (0)     18  : 0.0020 0.0030 0.0028 0.0010 0.9860 0.0030 0.0022
1889     1889   (0)     18  : 0.0010 0.0082 0.0020 0.0020 0.9830 0.0020 0.0018
1890     1890   (0)     18  : 0.0028 0.0146 0.0098 0.0228 0.9386 0.0036 0.0078
1891     1891   (0)     18  : 0.0010 0.0020 0.0026 0.0050 0.9820 0.0038 0.0036
1892     1892   (0)     18  : 0.0020 0.0040 0.0074 0.0020 0.9690 0.0066 0.0090
1893     1893   (0)     18  : 0.0020 0.0060 0.0050 0.0040 0.9768 0.0026 0.0036
1894     1894   (0)     18  : 0.0030 0.0020 0.0212 0.0026 0.9426 0.0140 0.0146
1895     1895   (0)     18  : 0.0010 0.0020 0.0020 0.0020 0.9878 0.0030 0.0022
1896     1896   (0)     18  : 0.0014 0.0010 0.0030 0.0030 0.9856 0.0030 0.0030
1897     1897   (0)     18  : 0.0010 0.0010 0.0020 0.0060 0.9860 0.0020 0.0020
1898     1898   (0)     18  : 0.0020 0.0040 0.0052 0.0030 0.9788 0.0030 0.0040
1899     1899   (0)     18  : 0.0020 0.0020 0.0020 0.0010 0.9890 0.0020 0.0020
1900     1900   (0)     18  : 0.0030 0.0040 0.0042 0.0034 0.9726 0.0068 0.0060
1901     1901   (0)     18  : 0.0020 0.0010 0.0020 0.0020 0.9890 0.0020 0.0020
1902     1902   (0)     18  : 0.0020 0.0034 0.0032 0.0030 0.9828 0.0020 0.0036
1903     1903   (0)     18  : 0.0010 0.0030 0.0020 0.0020 0.9858 0.0032 0.0030
1904     1904   (0)     18  : 0.0030 0.0090 0.0030 0.0246 0.9514 0.0060 0.0030
1905     1905   (0)     18  : 0.0020 0.0020 0.0030 0.0050 0.9820 0.0030 0.0030
1906     1906   (0)     18  : 0.0010 0.0020 0.0030 0.0020 0.9880 0.0020 0.0020
1907     1907   (0)     18  : 0.0030 0.0350 0.0020 0.0030 0.9516 0.0030 0.0024
1908     1908   (0)     18  : 0.0010 0.0030 0.0126 0.0038 0.9716 0.0040 0.0040
1909     1909   (0)     18  : 0.0020 0.0040 0.0020 0.0030 0.9850 0.0020 0.0020
1910     1910   (0)     18  : 0.0020 0.0030 0.0030 0.0030 0.9830 0.0030 0.0030
1911     1911   (0)     18  : 0.0010 0.0020 0.0026 0.0030 0.9862 0.0020 0.0032
1912     1912   (0)     18  : 0.0030 0.0060 0.0092 0.0030 0.9510 0.0214 0.0064
1913     1913   (0)     18  : 0.0020 0.0028 0.0032 0.0030 0.9612 0.0216 0.0062
1914     1914   (0)     18  : 0.0020 0.0020 0.0150 0.0040 0.9678 0.0030 0.0062
1915     1915   (0)     18  : 0.0020 0.0020 0.0042 0.0034 0.9596 0.0096 0.0192
1916     1916   (0)     18  : 0.0010 0.0030 0.0060 0.0020 0.9778 0.0050 0.0052
1917     1917   (0)     18  : 0.0020 0.0090 0.0028 0.0010 0.9802 0.0030 0.0020
1918     1918   (0)     18  : 0.0020 0.0036 0.0020 0.0020 0.9864 0.0020 0.0020
1919     1919   (0)     18  : 0.0030 0.0020 0.0020 0.0044 0.9834 0.0030 0.0022
1920     1920   (0)     18  : 0.0020 0.0010 0.0066 0.0020 0.9816 0.0030 0.0038
1921     1921   (0)     18  : 0.0040 0.0010 0.0104 0.0030 0.9682 0.0058 0.0076
1922     1922   (0)     18  : 0.0020 0.0080 0.0020 0.0088 0.9708 0.0054 0.0030
1923     1923   (0)     18  : 0.0030 0.0072 0.0020 0.0040 0.9766 0.0040 0.0032
1924     1924   (0)     18  : 0.0030 0.0040 0.0020 0.0020 0.9824 0.0042 0.0024
1925     1925   (0)     18  : 0.0010 0.0080 0.0020 0.0040 0.9780 0.0042 0.0028
1926     1926   (0)     18  : 0.0010 0.0020 0.0030 0.0010 0.9876 0.0024 0.0030
1927     1927   (0)     18  : 0.0010 0.0020 0.0024 0.0020 0.9866 0.0030 0.0030
1928     1928   (0)     18  : 0.0020 0.0052 0.0020 0.0030 0.9826 0.0030 0.0022
1929     1929   (0)     18  : 0.0030 0.0040 0.0042 0.0040 0.9760 0.0038 0.0050
1930     1930   (0)     18  : 0.0020 0.0126 0.0048 0.0030 0.9574 0.0158 0.0044
1931     1931   (0)     18  : 0.0020 0.0040 0.0030 0.0038 0.9806 0.0036 0.0030
1932     1932   (0)     18  : 0.0020 0.0050 0.0032 0.0020 0.9822 0.0020 0.0036
1933     1933   (0)     18  : 0.0020 0.0012 0.0040 0.0392 0.9442 0.0058 0.0036
1934     1934   (0)     18  : 0.0030 0.0030 0.0090 0.0030 0.9666 0.0066 0.0088
1935     1935   (0)     18  : 0.0020 0.0030 0.0312 0.0022 0.9434 0.0088 0.0094
1936     1936   (0)     18  : 0.0010 0.0010 0.0028 0.0020 0.9882 0.0030 0.0020
1937     1937   (0)     18  : 0.0020 0.0016 0.0030 0.0048 0.9826 0.0030 0.0030
1938     1938   (0)     18  : 0.0020 0.0020 0.0160 0.0234 0.9410 0.0046 0.0110
1939     1939   (0)     18  : 0.0010 0.0060 0.0040 0.0212 0.9602 0.0040 0.0036
1940     1940   (0)     18  : 0.0040 0.0070 0.0026 0.0020 0.9728 0.0070 0.0046
1941     1941   (0)     18  : 0.0020 0.0030 0.0030 0.0030 0.9830 0.0030 0.0030
1942     1942   (0)     18  : 0.0010 0.0020 0.0028 0.0020 0.9882 0.0020 0.0020
1943     1943   (0)     18  : 0.0010 0.0040 0.0030 0.0050 0.9792 0.0040 0.0038
1944     1944   (0)     18  : 0.0020 0.0014 0.0032 0.0040 0.9822 0.0032 0.0040
1945     1945   (0)     18  : 0.0020 0.0082 0.0030 0.0022 0.9786 0.0022 0.0038
1946     1946   (0)     18  : 0.0010 0.0020 0.0030 0.0020 0.9866 0.0032 0.0022
1947     1947   (0)     18  : 0.0020 0.0090 0.0022 0.0020 0.9782 0.0036 0.0030
1948     1948   (0)     18  : 0.0010 0.0070 0.0040 0.0040 0.9770 0.0030 0.0040
1949     1949   (0)     18  : 0.0020 0.0030 0.0106 0.0060 0.9696 0.0040 0.0048
1950     1950   (0)     18  : 0.0010 0.0020 0.0030 0.0040 0.9852 0.0020 0.0028
1951     1951   (0)     18  : 0.0030 0.0030 0.0092 0.0020 0.9650 0.0074 0.0104
1952     1952   (0)     18  : 0.0010 0.0020 0.0020 0.0018 0.9892 0.0020 0.0020
1953     1953   (0)     18  : 0.0020 0.0030 0.0020 0.0020 0.9868 0.0022 0.0020
1954     1954   (0)     18  : 0.0010 0.0010 0.0074 0.0110 0.9674 0.0048 0.0074
1955     1955   (0)     18  : 0.0020 0.0032 0.0030 0.0030 0.9796 0.0056 0.0036
1956     1956   (0)     18  : 0.0030 0.0050 0.0020 0.0010 0.9826 0.0040 0.0024
1957     1957   (0)     18  : 0.0020 0.0010 0.0030 0.0010 0.9890 0.0020 0.0020
1958     1958   (0)     18  : 0.0030 0.0078 0.0062 0.0026 0.9221 0.0344 0.0240
1959     1959   (0)     18  : 0.0020 0.0058 0.0020 0.0020 0.9820 0.0032 0.0030
1960     1960   (0)     18  : 0.0010 0.0020 0.0020 0.0026 0.9884 0.0020 0.0020
1961     1961   (0)     18  : 0.0040 0.0040 0.0030 0.0060 0.9774 0.0020 0.0036
1962     1962   (0)     18  : 0.0020 0.0030 0.0030 0.0030 0.9834 0.0020 0.0036
1963     1963   (0)     18  : 0.0020 0.0020 0.0022 0.0010 0.9866 0.0032 0.0030
1964     1964   (0)     18  : 0.0020 0.0070 0.0030 0.0038 0.9768 0.0040 0.0034
1965     1965   (0)     18  : 0.0010 0.0050 0.0020 0.0020 0.9860 0.0020 0.0020
1966     1966   (0)     18  : 0.0020 0.0022 0.0030 0.0010 0.9852 0.0040 0.0026
1967     1967   (0)     18  : 0.0020 0.0010 0.0022 0.0020 0.9872 0.0028 0.0028
1968     1968   (0)     18  : 0.0030 0.0130 0.0022 0.0036 0.9658 0.0090 0.0034
1969     1969   (0)     18  : 0.0020 0.0020 0.0030 0.0020 0.9856 0.0034 0.0020
1970     1970   (0)     18  : 0.0020 0.0030 0.0020 0.0010 0.9892 0.0010 0.0018
1971     1971   (0)     18  : 0.0020 0.0090 0.0028 0.0070 0.9752 0.0020 0.0020
1972     1972   (0)     18  : 0.0030 0.0110 0.0082 0.0280 0.9268 0.0064 0.0166
1973     1973   (0)     18  : 0.0020 0.0060 0.0020 0.0020 0.9826 0.0032 0.0022
1974     1974   (0)     18  : 0.0010 0.0020 0.0040 0.0030 0.9828 0.0040 0.0032
1975     1975   (0)     18  : 0.0020 0.0040 0.0060 0.0094 0.9638 0.0078 0.0070
1976     1976   (0)     18  : 0.0030 0.0246 0.0060 0.0030 0.9492 0.0062 0.0080
1977     1977   (0)     18  : 0.0020 0.0030 0.0020 0.0020 0.9868 0.0022 0.0020
1978     1978   (0)     18  : 0.0020 0.0020 0.0030 0.0022 0.9860 0.0020 0.0028
1979     1979   (0)     18  : 0.0020 0.0020 0.0022 0.0020 0.9864 0.0022 0.0032
1980     1980   (0)     18  : 0.0010 0.0020 0.0020 0.0020 0.9878 0.0030 0.0022
1981     1981   (0)     18  : 0.0010 0.0020 0.0020 0.0020 0.9888 0.0022 0.0020
1982     1982   (0)     18  : 0.0030 0.0080 0.0084 0.0138 0.9512 0.0048 0.0108
1983     1983   (0)     18  : 0.0020 0.0088 0.0032 0.0030 0.9752 0.0032 0.0046
1984     1984   (0)     18  : 0.0020 0.0080 0.0020 0.0020 0.9768 0.0060 0.0032
1985     1985   (0)     18  : 0.0020 0.0020 0.0022 0.0060 0.9812 0.0028 0.0038
1986     1986   (0)     18  : 0.0020 0.0020 0.0042 0.0050 0.9664 0.0090 0.0114
1987     1987   (0)     18  : 0.0030 0.0010 0.0038 0.0140 0.9732 0.0022 0.0028
1988     1988   (0)     18  : 0.0030 0.0040 0.0024 0.0020 0.9780 0.0040 0.0066
1989     1989   (0)     18  : 0.0020 0.0054 0.0032 0.0020 0.9812 0.0032 0.0030
1990     1990   (0)     18  : 0.0020 0.0020 0.0022 0.0020 0.9826 0.0048 0.0044
1991     1991   (0)     18  : 0.0020 0.0020 0.0020 0.0020 0.9860 0.0030 0.0030
1992     1992   (0)     18  : 0.0010 0.0030 0.0038 0.0020 0.9862 0.0020 0.0020
1993     1993   (0)     18  : 0.0020 0.0060 0.0020 0.0020 0.9808 0.0046 0.0026
1994     1994   (0)     18  : 0.0040 0.0020 0.0226 0.0040 0.9486 0.0044 0.0144
1995     1995   (0)     18  : 0.0020 0.0030 0.0020 0.0020 0.9870 0.0020 0.0020
1996     1996   (0)     18  : 0.0020 0.0010 0.0038 0.0030 0.9850 0.0028 0.0024
1997     1997   (0)     18  : 0.0030 0.0040 0.0030 0.0050 0.9754 0.0060 0.0036
1998     1998   (0)     18  : 0.0020 0.0150 0.0030 0.0080 0.9612 0.0074 0.0034
1999     1999   (0)     18  : 0.0020 0.0020 0.0042 0.0070 0.9656 0.0114 0.0078
2000     2000   (0)     18  : 0.0028 0.0154 0.0090 0.0030 0.9604 0.0030 0.0064
2001     2001   (0)     18  : 0.0020 0.0040 0.0068 0.0098 0.9598 0.0050 0.0126
2002     2002   (0)     18  : 0.0010 0.0020 0.0022 0.0014 0.9876 0.0030 0.0028
2003     2003   (0)     18  : 0.0020 0.0020 0.0022 0.0030 0.9842 0.0036 0.0030
2004     2004   (0)     18  : 0.0020 0.0040 0.0020 0.0032 0.9792 0.0062 0.0034
2005     2005   (0)     18  : 0.0020 0.0030 0.0020 0.0020 0.9870 0.0020 0.0020
2006     2006   (0)     18  : 0.0020 0.0060 0.0022 0.0030 0.9808 0.0024 0.0036
2007     2007   (0)     18  : 0.0014 0.0104 0.0022 0.0020 0.9770 0.0030 0.0040
2008     2008   (0)     18  : 0.0092 0.0036 0.0416 0.0030 0.9220 0.0132 0.0074
2009     2009   (0)     18  : 0.0020 0.0070 0.0070 0.0020 0.9510 0.0102 0.0208
2010     2010   (0)     18  : 0.0020 0.0020 0.0042 0.0030 0.9846 0.0020 0.0022
2011     2011   (0)     18  : 0.0020 0.0090 0.0020 0.0020 0.9798 0.0030 0.0022
2012     2012   (0)     18  : 0.0010 0.0020 0.0122 0.0060 0.9700 0.0038 0.0050
2013     2013   (0)     18  : 0.0020 0.0020 0.0012 0.0020 0.9874 0.0032 0.0022
2014     2014   (0)     18  : 0.0020 0.0050 0.0072 0.0040 0.9730 0.0030 0.0058
2015     2015   (0)     18  : 0.0030 0.0020 0.0038 0.0020 0.9852 0.0020 0.0020
2016     2016   (0)     18  : 0.0010 0.0040 0.0040 0.0028 0.9808 0.0038 0.0036
2017     2017   (0)     18  : 0.0020 0.0020 0.0040 0.0040 0.9786 0.0056 0.0038
2018     2018   (0)     18  : 0.0030 0.0030 0.0050 0.0026 0.9718 0.0096 0.0050
2019     2019   (0)     18  : 0.0020 0.0010 0.0010 0.0020 0.9904 0.0018 0.0018
2020     2020   (0)     18  : 0.0030 0.0020 0.0050 0.0020 0.9808 0.0040 0.0032
2021     2021   (0)     18  : 0.0010 0.0030 0.0030 0.0010 0.9880 0.0020 0.0020
2022     2022   (0)     18  : 0.0020 0.0020 0.0032 0.0026 0.9832 0.0032 0.0038
2023     2023   (0)     18  : 0.0010 0.0010 0.0030 0.0038 0.9872 0.0020 0.0020
2024     2024   (0)     18  : 0.0020 0.0030 0.0040 0.0020 0.9774 0.0076 0.0040
2025     2025   (0)     18  : 0.0010 0.0040 0.0030 0.0020 0.9768 0.0084 0.0048
2026     2026   (0)     18  : 0.0020 0.0020 0.0020 0.0060 0.9830 0.0030 0.0020
2027     2027   (0)     18  : 0.0068 0.0234 0.0104 0.0058 0.9140 0.0254 0.0142
2028     2028   (0)     18  : 0.0012 0.0030 0.0040 0.0020 0.9838 0.0020 0.0040
2029     2029   (0)     18  : 0.0010 0.0196 0.0072 0.0030 0.9578 0.0050 0.0064
2030     2030   (0)     18  : 0.0040 0.0020 0.0032 0.0030 0.9722 0.0096 0.0060
2031     2031   (0)     18  : 0.0020 0.0020 0.0046 0.0050 0.9730 0.0058 0.0076
2032     2032   (0)     18  : 0.0020 0.0030 0.0192 0.0040 0.9435 0.0144 0.0138
2033     2033   (0)     18  : 0.0010 0.0020 0.0020 0.0020 0.9890 0.0020 0.0020
2034     2034   (0)     18  : 0.0020 0.0020 0.0020 0.0020 0.9880 0.0020 0.0020
2035     2035   (0)     18  : 0.0020 0.0030 0.0020 0.0070 0.9810 0.0026 0.0024
2036     2036   (0)     18  : 0.0022 0.0040 0.0032 0.0020 0.9810 0.0030 0.0046
2037     2037   (0)     18  : 0.0020 0.0050 0.0024 0.0020 0.9800 0.0028 0.0058
2038     2038   (0)     18  : 0.0020 0.0010 0.0032 0.0040 0.9802 0.0070 0.0026
2039     2039   (0)     18  : 0.0020 0.0060 0.0030 0.0010 0.9820 0.0030 0.0030
2040     2040   (0)     18  : 0.0010 0.0020 0.0030 0.0030 0.9866 0.0020 0.0024
2041     2041   (0)     18  : 0.0020 0.0040 0.0024 0.0040 0.9834 0.0020 0.0022
2042     2042   (0)     18  : 0.0010 0.0020 0.0030 0.0020 0.9870 0.0022 0.0028
2043     2043   (0)     18  : 0.0010 0.0020 0.0020 0.0020 0.9890 0.0020 0.0020
2044     2044   (0)     18  : 0.0020 0.0020 0.0028 0.0030 0.9832 0.0038 0.0032
2045     2045   (0)     18  : 0.0010 0.0010 0.0020 0.0010 0.9898 0.0032 0.0020
2046     2046   (0)     18  : 0.0020 0.0030 0.0032 0.0030 0.9816 0.0030 0.0042
2047     2047   (0)     18  : 0.0010 0.0010 0.0022 0.0010 0.9886 0.0032 0.0030
2048     2048   (0)     18  : 0.0020 0.0030 0.0014 0.0030 0.9874 0.0020 0.0012
2049     2049   (0)     18  : 0.0010 0.0010 0.0030 0.0020 0.9882 0.0020 0.0028
2050     2050   (0)     18  : 0.0010 0.0020 0.0020 0.0020 0.9884 0.0024 0.0022
2051     2051   (0)     18  : 0.0010 0.0020 0.0020 0.0020 0.9880 0.0028 0.0022
2052     2052   (0)     18  : 0.0020 0.0130 0.0030 0.0020 0.9716 0.0050 0.0034
2053     2053   (0)     18  : 0.0020 0.0030 0.0030 0.0012 0.9860 0.0020 0.0028
2054     2054   (0)     18  : 0.0020 0.0020 0.0044 0.0050 0.9792 0.0028 0.0046
2055     2055   (0)     18  : 0.0010 0.0020 0.0022 0.0062 0.9838 0.0020 0.0028
2056     2056   (0)     18  : 0.0020 0.0090 0.0030 0.0020 0.9790 0.0030 0.0020
2057     2057   (0)     18  : 0.0010 0.0020 0.0020 0.0020 0.9892 0.0020 0.0018
2058     2058   (0)     18  : 0.0020 0.0030 0.0030 0.0010 0.9840 0.0040 0.0030
2059     2059   (0)     18  : 0.0020 0.0040 0.0038 0.0060 0.9784 0.0028 0.0030
2060     2060   (0)     18  : 0.0042 0.0030 0.0020 0.0020 0.9836 0.0032 0.0020
2061     2061   (0)     18  : 0.0020 0.0040 0.0030 0.0030 0.9832 0.0020 0.0028
2062     2062   (0)     18  : 0.0018 0.0040 0.0046 0.0020 0.9806 0.0040 0.0030
2063     2063   (0)     18  : 0.0010 0.0020 0.0020 0.0020 0.9890 0.0020 0.0020
2064     2064   (0)     18  : 0.0020 0.0040 0.0020 0.0010 0.9860 0.0028 0.0022
2065     2065   (0)     18  : 0.0010 0.0020 0.0032 0.0020 0.9852 0.0028 0.0038
2066     2066   (0)     18  : 0.0012 0.0070 0.0030 0.0030 0.9810 0.0020 0.0028
2067     2067   (0)     18  : 0.0010 0.0010 0.0020 0.0020 0.9908 0.0020 0.0012
2068     2068   (0)     18  : 0.0020 0.0040 0.0028 0.0020 0.9840 0.0032 0.0020
2069     2069   (0)     18  : 0.0010 0.0040 0.0020 0.0020 0.9836 0.0048 0.0026
2070     2070   (0)     18  : 0.0010 0.0020 0.0022 0.0010 0.9870 0.0030 0.0038
2071     2071   (0)     18  : 0.0032 0.0288 0.0020 0.0144 0.9406 0.0078 0.0032
2072     2072   (0)     18  : 0.0020 0.0020 0.0022 0.0040 0.9814 0.0030 0.0054
2073     2073   (0)     18  : 0.0020 0.0040 0.0058 0.0060 0.9754 0.0030 0.0038
2074     2074   (0)     18  : 0.0050 0.0098 0.0032 0.0080 0.9534 0.0124 0.0082
2075     2075   (0)     18  : 0.0020 0.0070 0.0038 0.0070 0.9752 0.0030 0.0020
2076     2076   (0)     18  : 0.0030 0.0020 0.0036 0.0030 0.9758 0.0050 0.0076
2077     2077   (0)     18  : 0.0020 0.0020 0.0020 0.0030 0.9870 0.0020 0.0020
2078     2078   (0)     18  : 0.0010 0.0020 0.0020 0.0020 0.9892 0.0020 0.0018
2079     2079   (0)     18  : 0.0020 0.0040 0.0020 0.0020 0.9848 0.0032 0.0020
2080     2080   (0)     18  : 0.0020 0.0020 0.0038 0.0020 0.9796 0.0070 0.0036
2081     2081   (0)     18  : 0.0020 0.0020 0.0038 0.0020 0.9852 0.0028 0.0022
2082     2082   (0)     18  : 0.0030 0.0020 0.0104 0.0030 0.9682 0.0056 0.0078
2083     2083   (0)     18  : 0.0020 0.0060 0.0040 0.0132 0.9632 0.0050 0.0066
2084     2084   (0)     18  : 0.0020 0.0050 0.0030 0.0030 0.9686 0.0146 0.0038
2085     2085   (0)     18  : 0.0018 0.0070 0.0030 0.0020 0.9810 0.0030 0.0022
2086     2086   (0)     18  : 0.0020 0.0020 0.0030 0.0020 0.9850 0.0030 0.0030
2087     2087   (0)     18  : 0.0020 0.0170 0.0042 0.0020 0.9624 0.0068 0.0056
2088     2088   (0)     18  : 0.0010 0.0070 0.0020 0.0020 0.9840 0.0020 0.0020
2089     2089   (0)     18  : 0.0020 0.0040 0.0020 0.0030 0.9848 0.0022 0.0020
2090     2090   (0)     18  : 0.0020 0.0040 0.0040 0.0020 0.9828 0.0020 0.0032
2091     2091   (0)     18  : 0.0010 0.0020 0.0012 0.0026 0.9892 0.0020 0.0020
2092     2092   (0)     18  : 0.0030 0.0160 0.0032 0.0040 0.9570 0.0106 0.0062
2093     2093   (0)     18  : 0.0012 0.0030 0.0030 0.0020 0.9812 0.0058 0.0038
2094     2094   (0)     18  : 0.0020 0.0030 0.0030 0.0146 0.9736 0.0020 0.0018
2095     2095   (0)     18  : 0.0040 0.0020 0.0020 0.0020 0.9848 0.0030 0.0022
2096     2096   (0)     18  : 0.0020 0.0040 0.0020 0.0040 0.9814 0.0040 0.0026
2097     2097   (0)     18  : 0.0030 0.0110 0.0038 0.0030 0.9682 0.0076 0.0034
2098     2098   (0)     18  : 0.0020 0.0380 0.0012 0.0010 0.9524 0.0032 0.0022
2099     2099   (0)     18  : 0.0010 0.0020 0.0022 0.0050 0.9850 0.0020 0.0028
2100     2100   (0)     18  : 0.0020 0.0020 0.0066 0.0074 0.9692 0.0050 0.0078
2101     2101   (0)     18  : 0.0010 0.0020 0.0020 0.0020 0.9888 0.0020 0.0022
2102     2102   (0)     18  : 0.0030 0.0020 0.0040 0.0050 0.9792 0.0030 0.0038
2103     2103   (0)     18  : 0.0020 0.0030 0.0030 0.0060 0.9800 0.0030 0.0030
2104     2104   (0)     18  : 0.0040 0.0020 0.0068 0.0040 0.9740 0.0052 0.0040
2105     2105   (0)     18  : 0.0010 0.0100 0.0030 0.0030 0.9780 0.0030 0.0020
2106     2106   (0)     18  : 0.0020 0.0076 0.0048 0.0040 0.9756 0.0032 0.0028
2107     2107   (0)     18  : 0.0040 0.0118 0.0080 0.0020 0.9504 0.0066 0.0172
2108     2108   (0)     18  : 0.0020 0.0030 0.0042 0.0050 0.9778 0.0030 0.0050
2109     2109   (0)     18  : 0.0044 0.0020 0.0044 0.0060 0.9730 0.0032 0.0070
2110     2110   (0)     18  : 0.0030 0.0314 0.0030 0.0040 0.9462 0.0072 0.0052
2111     2111   (0)     18  : 0.0020 0.0020 0.0020 0.0030 0.9844 0.0040 0.0026
2112     2112   (0)     18  : 0.0020 0.0040 0.0038 0.0020 0.9694 0.0064 0.0124
2113     2113   (0)     18  : 0.0020 0.0020 0.0020 0.0030 0.9862 0.0028 0.0020
2114     2114   (0)     18  : 0.0020 0.0030 0.0020 0.0040 0.9840 0.0030 0.0020
2115     2115   (0)     18  : 0.0020 0.0030 0.0024 0.0080 0.9718 0.0094 0.0034
2116     2116   (0)     18  : 0.0030 0.0080 0.0020 0.0080 0.9728 0.0032 0.0030
2117     2117   (0)     18  : 0.0020 0.0090 0.0030 0.0032 0.9748 0.0044 0.0036
2118     2118   (0)     18  : 0.0010 0.0012 0.0020 0.0020 0.9898 0.0020 0.0020
2119     2119   (0)     18  : 0.0020 0.0070 0.0040 0.0110 0.9690 0.0040 0.0030
2120     2120   (0)     18  : 0.0020 0.0030 0.0030 0.0050 0.9824 0.0020 0.0026
2121     2121   (0)     18  : 0.0010 0.0020 0.0060 0.0030 0.9794 0.0028 0.0058
2122     2122   (0)     18  : 0.0020 0.0030 0.0040 0.0020 0.9774 0.0070 0.0046
2123     2123   (0)     18  : 0.0030 0.0058 0.0030 0.0028 0.9794 0.0030 0.0030
2124     2124   (0)     18  : 0.0010 0.0020 0.0020 0.0050 0.9850 0.0030 0.0020
2125     2125   (0)     18  : 0.0030 0.0060 0.0020 0.0030 0.9764 0.0064 0.0032
2126     2126   (0)     18  : 0.0020 0.0030 0.0020 0.0020 0.9870 0.0020 0.0020
2127     2127   (0)     18  : 0.0010 0.0040 0.0042 0.0020 0.9800 0.0034 0.0054
2128     2128   (0)     18  : 0.0010 0.0020 0.0020 0.0010 0.9900 0.0020 0.0020
2129     2129   (0)     18  : 0.0010 0.0020 0.0042 0.0030 0.9812 0.0048 0.0038
2130     2130   (0)     18  : 0.0010 0.0020 0.0040 0.0030 0.9816 0.0040 0.0044
2131     2131   (0)     18  : 0.0030 0.0040 0.0038 0.0040 0.9770 0.0052 0.0030
2132     2132   (0)     18  : 0.0020 0.0104 0.0020 0.0010 0.9782 0.0040 0.0024
2133     2133   (0)     18  : 0.0020 0.0020 0.0028 0.0030 0.9836 0.0040 0.0026
2134     2134   (0)     18  : 0.0010 0.0020 0.0150 0.0046 0.9658 0.0070 0.0046
2135     2135   (0)     18  : 0.0078 0.0276 0.0030 0.0020 0.9522 0.0052 0.0022
2136     2136   (0)     18  : 0.0012 0.0020 0.0020 0.0020 0.9888 0.0020 0.0020
2137     2137   (0)     18  : 0.0050 0.0038 0.0050 0.0068 0.9612 0.0134 0.0048
2138     2138   (0)     18  : 0.0010 0.0020 0.0020 0.0010 0.9900 0.0020 0.0020
2139     2139   (0)     18  : 0.0020 0.0010 0.0020 0.0020 0.9890 0.0020 0.0020
2140     2140   (0)     18  : 0.0020 0.0030 0.0020 0.0020 0.9850 0.0030 0.0030
2141     2141   (0)     18  : 0.0020 0.0060 0.0040 0.0030 0.9798 0.0024 0.0028
2142     2142   (0)     18  : 0.0030 0.0030 0.0032 0.0048 0.9776 0.0040 0.0044
