       M1EL5  1 0.0022 0.0052 0.9864 0.0032 0.0030 
       W26T6  1 0.0075 0.0032 0.9746 0.0060 0.0086 
       W26XX  1 0.0018 0.0031 0.9901 0.0027 0.0023 
       M013P  1 0.0025 0.0026 0.9913 0.0021 0.0015 
       M1ELA  1 0.0065 0.0845 0.8639 0.0373 0.0078 
       M2C73  1 0.0025 0.0038 0.9879 0.0029 0.0030 
       W23P4  1 0.0051 0.0029 0.9117 0.0080 0.0722 
       W247C  1 0.0021 0.0021 0.9925 0.0017 0.0016 
       W24K1  1 0.0017 0.0017 0.9936 0.0013 0.0017 
       W24ME  1 0.0044 0.0020 0.9818 0.0036 0.0082 
       W2514  1 0.0025 0.0024 0.9870 0.0033 0.0047 
       W26MA  1 0.0051 0.0023 0.9855 0.0029 0.0042 
       W26MM  1 0.0038 0.0014 0.9911 0.0016 0.0021 
       W26MU  1 0.0022 0.0025 0.9895 0.0030 0.0028 
       W26P0  1 0.0020 0.0017 0.9908 0.0031 0.0023 
       W26P3  1 0.0017 0.0027 0.9918 0.0023 0.0014 
       W26T5  1 0.0014 0.0013 0.9939 0.0016 0.0017 
       W26TE  1 0.0032 0.0051 0.9802 0.0074 0.0040 
       W26TF  1 0.0105 0.0060 0.9802 0.0016 0.0017 
       W26U8  1 0.0050 0.0057 0.9688 0.0097 0.0108 
       W26UJ  1 0.0028 0.0013 0.9924 0.0016 0.0018 
       W26UK  1 0.0014 0.0028 0.9928 0.0017 0.0014 
       W26UT  1 0.0018 0.0044 0.9911 0.0013 0.0015 
       W26XT  1 0.0049 0.0096 0.9810 0.0025 0.0019 
      CC06H2  1 0.0076 0.0029 0.9760 0.0032 0.0103 
      CC06H4  1 0.0050 0.0025 0.9880 0.0021 0.0023 
      CC06H5  1 0.0034 0.0056 0.9691 0.0087 0.0132 
      CC06H6  1 0.0012 0.0041 0.9843 0.0072 0.0032 
      CC06HE  1 0.0019 0.0032 0.9908 0.0023 0.0018 
      CC06HF  1 0.0058 0.0124 0.9672 0.0036 0.0111 
      CC06HH  1 0.0016 0.0034 0.9912 0.0019 0.0020 
      CC06HJ  1 0.0034 0.0024 0.9780 0.0133 0.0029 
      CC06HL  1 0.0017 0.0019 0.9930 0.0021 0.0013 
      CC06HP  1 0.0015 0.0029 0.9928 0.0014 0.0014 
      CC06HT  1 0.0037 0.0433 0.9337 0.0075 0.0118 
      CC06HU  1 0.0034 0.0043 0.9623 0.0275 0.0024 
      CC06HY  1 0.0052 0.0030 0.9805 0.0040 0.0073 
      CC06J0  1 0.0054 0.0020 0.9878 0.0019 0.0029 
      CC06J1  1 0.0087 0.0036 0.9659 0.0138 0.0080 
      CC06J2  1 0.0031 0.0061 0.9856 0.0030 0.0022 
     CT.0YCY  1 0.0024 0.0025 0.9896 0.0029 0.0026 
     CT.0YEC  1 0.0015 0.0019 0.9938 0.0014 0.0013 
     CT.0YEF  1 0.0017 0.0019 0.9914 0.0024 0.0026 
     CT.0YEU  1 0.0012 0.0013 0.9942 0.0017 0.0016 
     CT.0YF2  1 0.0039 0.0021 0.9861 0.0039 0.0040 
     CT.0YF8  1 0.0011 0.0041 0.9914 0.0018 0.0016 
     CT.0YFA  1 0.0013 0.0034 0.9891 0.0027 0.0035 
     CT.0YFE  1 0.0022 0.0067 0.9842 0.0029 0.0039 
     CT.0YFP  1 0.0082 0.0015 0.9850 0.0019 0.0033 
     CT.0YFU  1 0.0019 0.0028 0.9904 0.0022 0.0028 
     CT.0YK7  1 0.0049 0.0027 0.9863 0.0019 0.0042 
     CX.10PT  1 0.0185 0.0066 0.9629 0.0036 0.0084 
      DAM021  1 0.0021 0.0079 0.9822 0.0021 0.0057 
      DAM034  1 0.0013 0.0024 0.9884 0.0038 0.0042 
      DAM07X  1 0.0018 0.0022 0.9905 0.0024 0.0031 
     EF.15J6  1 0.0017 0.0025 0.9911 0.0029 0.0018 
      HRV010  1 0.0033 0.0020 0.9878 0.0049 0.0019 
      HRV02J  1 0.0025 0.0031 0.9875 0.0034 0.0034 
      HRV078  1 0.0029 0.0035 0.9889 0.0019 0.0028 
      HRV0FH  1 0.0016 0.0014 0.9928 0.0020 0.0022 
      HRV0H5  1 0.0022 0.0039 0.9886 0.0023 0.0029 
      HRV0JF  1 0.0018 0.0020 0.9862 0.0043 0.0057 
      HRV0JJ  1 0.0020 0.0022 0.9876 0.0037 0.0044 
      HRV0JM  1 0.0017 0.0031 0.9904 0.0022 0.0025 
      HRV0K6  1 0.0162 0.0023 0.9484 0.0251 0.0080 
      HRV0K7  1 0.0018 0.0053 0.9851 0.0061 0.0017 
      HRV0KP  1 0.0073 0.0062 0.9785 0.0051 0.0029 
      HRV1AX  1 0.0024 0.0090 0.9781 0.0036 0.0069 
      HRV1C4  1 0.0015 0.0017 0.9853 0.0029 0.0086 
      HRV1CH  1 0.0022 0.0024 0.9886 0.0038 0.0030 
      HRV1FA  1 0.0027 0.0074 0.9776 0.0086 0.0038 
      HRV1FK  1 0.0053 0.0023 0.9863 0.0026 0.0034 
      HRV1H8  1 0.0016 0.0057 0.9877 0.0025 0.0025 
      HRV1HT  1 0.0036 0.0032 0.9859 0.0036 0.0037 
      HRV1XU  1 0.0128 0.0033 0.9795 0.0017 0.0028 
      HRV4TF  1 0.0022 0.0477 0.9451 0.0033 0.0018 
      HRV6F0  1 0.0028 0.0084 0.9845 0.0020 0.0022 
      HRVE6L  1 0.0052 0.0283 0.9587 0.0041 0.0036 
       M27HM  1 0.0017 0.0058 0.9841 0.0033 0.0051 
       M27HP  1 0.0016 0.0019 0.9929 0.0019 0.0018 
       M2AK4  1 0.0021 0.0019 0.9926 0.0016 0.0018 
       M2ALA  1 0.0018 0.0014 0.9936 0.0015 0.0017 
       M2C56  1 0.0022 0.0111 0.9796 0.0033 0.0038 
       M2CUX  1 0.0059 0.0019 0.9806 0.0049 0.0067 
       M2E24  1 0.0016 0.0015 0.9934 0.0017 0.0018 
       M2EA7  1 0.0024 0.0021 0.9914 0.0017 0.0023 
       M2EH6  1 0.0018 0.0019 0.9912 0.0030 0.0021 
       M2EKC  1 0.0049 0.1015 0.8747 0.0144 0.0044 
      MSV083  1 0.0168 0.0044 0.9692 0.0070 0.0026 
      MSV084  1 0.0019 0.0044 0.9812 0.0083 0.0042 
      MSV0LJ  1 0.0026 0.0045 0.9871 0.0026 0.0032 
      MSV1H5  1 0.0019 0.0036 0.9788 0.0108 0.0050 
      MSV1KM  1 0.0016 0.0022 0.9927 0.0016 0.0019 
      MSV23F  1 0.0099 0.0115 0.9733 0.0029 0.0024 
      MSV2L8  1 0.0025 0.0025 0.9910 0.0017 0.0023 
      MSV2P7  1 0.0022 0.0015 0.9927 0.0015 0.0022 
      MSV2TJ  1 0.0013 0.0037 0.9860 0.0041 0.0049 
      MSV2XM  1 0.0035 0.0038 0.9868 0.0029 0.0030 
      MSV327  1 0.0025 0.0019 0.9905 0.0030 0.0021 
      MSV33L  1 0.0014 0.0016 0.9936 0.0018 0.0016 
        h001  2 0.0026 0.0049 0.9857 0.0032 0.0036 
        h002  2 0.0023 0.0023 0.9848 0.0088 0.0018 
        h003  2 0.0135 0.0097 0.9553 0.0037 0.0177 
        h004  2 0.0024 0.0014 0.9896 0.0038 0.0028 
        h005  2 0.0049 0.0039 0.9839 0.0029 0.0043 
        h006  2 0.0071 0.0024 0.9820 0.0036 0.0049 
        h007  2 0.0026 0.0021 0.9903 0.0031 0.0019 
        h008  2 0.0046 0.0021 0.9878 0.0030 0.0025 
        h009  2 0.0504 0.0023 0.9401 0.0028 0.0043 
        h010  2 0.0018 0.0017 0.9922 0.0021 0.0022 
        h011  2 0.0017 0.0088 0.9663 0.0176 0.0055 
        h012  2 0.0023 0.0032 0.9847 0.0040 0.0059 
        h013  2 0.0015 0.0021 0.9930 0.0019 0.0015 
        h014  2 0.0028 0.0043 0.9889 0.0023 0.0016 
        h015  2 0.0049 0.0025 0.9844 0.0027 0.0055 
        h016  2 0.0021 0.0023 0.9750 0.0128 0.0078 
        h017  2 0.0023 0.0015 0.9922 0.0022 0.0019 
        h018  2 0.0014 0.0015 0.9941 0.0014 0.0017 
        h019  2 0.0037 0.0072 0.9830 0.0026 0.0035 
        h020  2 0.0012 0.0028 0.9926 0.0016 0.0018 
        h021  2 0.0012 0.0027 0.9915 0.0028 0.0019 
        h022  2 0.0020 0.0023 0.9901 0.0031 0.0025 
        h023  2 0.0023 0.0030 0.9901 0.0019 0.0027 
        h024  2 0.0016 0.0023 0.9929 0.0016 0.0015 
        h025  2 0.0118 0.0026 0.9371 0.0377 0.0108 
        h026  2 0.0022 0.0095 0.9797 0.0053 0.0032 
        h027  2 0.0013 0.0013 0.9935 0.0023 0.0016 
        h028  2 0.0012 0.0015 0.9948 0.0013 0.0012 
        h029  2 0.0057 0.0248 0.8242 0.0080 0.1373 
        h030  2 0.0045 0.0039 0.9872 0.0022 0.0022 
        h031  2 0.0058 0.0062 0.9816 0.0034 0.0030 
        h032  2 0.0019 0.0046 0.9906 0.0013 0.0016 
        h033  2 0.0021 0.0063 0.9848 0.0042 0.0026 
        h034  2 0.0091 0.0083 0.9724 0.0046 0.0056 
        h035  2 0.0023 0.0029 0.9908 0.0021 0.0018 
        h036  2 0.0022 0.0014 0.9938 0.0014 0.0013 
        h037  2 0.0189 0.0054 0.9632 0.0073 0.0051 
        h038  2 0.0022 0.0013 0.9931 0.0018 0.0016 
        h039  2 0.0018 0.0028 0.9919 0.0015 0.0020 
        h040  2 0.0045 0.0022 0.9880 0.0023 0.0031 
        h041  2 0.0013 0.0024 0.9894 0.0044 0.0025 
        h042  2 0.0023 0.0029 0.9902 0.0015 0.0031 
        h043  2 0.0037 0.0017 0.9910 0.0018 0.0017 
        h044  2 0.0023 0.0093 0.9823 0.0027 0.0034 
        h045  2 0.0025 0.0017 0.9923 0.0014 0.0020 
        h046  2 0.0026 0.0088 0.9836 0.0029 0.0021 
        h047  2 0.0012 0.0020 0.9934 0.0020 0.0014 
        h048  2 0.0017 0.0019 0.9925 0.0019 0.0020 
        h049  2 0.0035 0.0022 0.9863 0.0045 0.0035 
        h050  2 0.0030 0.0078 0.9827 0.0020 0.0044 
        h051  2 0.0014 0.0044 0.9905 0.0018 0.0019 
        h052  2 0.0011 0.0015 0.9932 0.0024 0.0018 
        h053  2 0.0022 0.0023 0.9910 0.0021 0.0024 
        h054  2 0.0067 0.0024 0.9859 0.0026 0.0025 
        h055  2 0.0014 0.0017 0.9923 0.0024 0.0023 
        h056  2 0.0046 0.0023 0.9881 0.0022 0.0028 
        h057  2 0.0018 0.0021 0.9912 0.0032 0.0017 
        h058  2 0.0028 0.0032 0.9868 0.0041 0.0031 
        h059  2 0.0023 0.0023 0.9902 0.0036 0.0016 
        h060  2 0.0035 0.0238 0.9662 0.0022 0.0044 
        h061  2 0.0020 0.0027 0.9882 0.0038 0.0033 
        h062  2 0.0023 0.0049 0.9830 0.0047 0.0051 
        h063  2 0.0014 0.0011 0.9953 0.0011 0.0011 
        h064  2 0.0015 0.0035 0.9904 0.0018 0.0029 
        h065  2 0.0040 0.0023 0.9849 0.0034 0.0053 
        h066  2 0.0060 0.0036 0.9808 0.0037 0.0059 
        h067  2 0.0020 0.0054 0.9881 0.0026 0.0019 
        h068  2 0.0331 0.0050 0.9490 0.0030 0.0100 
        h069  2 0.0032 0.0021 0.9905 0.0020 0.0023 
        h070  2 0.0108 0.0031 0.9824 0.0018 0.0019 
        h071  2 0.0013 0.0024 0.9924 0.0019 0.0020 
        h072  2 0.0021 0.0021 0.9914 0.0020 0.0023 
        h073  2 0.0017 0.0021 0.9920 0.0020 0.0021 
        h074  2 0.0012 0.0019 0.9932 0.0021 0.0016 
        h075  2 0.0019 0.0014 0.9894 0.0032 0.0042 
        h076  2 0.0019 0.0019 0.9920 0.0023 0.0019 
        h077  2 0.0026 0.0018 0.9906 0.0024 0.0025 
        h078  2 0.0013 0.0017 0.9939 0.0014 0.0016 
        h079  2 0.0021 0.0022 0.9887 0.0030 0.0040 
        h080  2 0.0068 0.0086 0.9805 0.0019 0.0021 
        h081  2 0.0015 0.0038 0.9900 0.0025 0.0022 
        h082  2 0.0015 0.0031 0.9913 0.0019 0.0022 
        h083  2 0.0052 0.0062 0.9831 0.0026 0.0029 
        h084  2 0.0106 0.0195 0.9587 0.0042 0.0071 
        h085  2 0.0015 0.0014 0.9946 0.0012 0.0013 
        h086  2 0.0018 0.0025 0.9922 0.0018 0.0018 
        h087  2 0.0019 0.0018 0.9876 0.0039 0.0048 
        h088  2 0.0014 0.0037 0.9899 0.0030 0.0019 
        h089  2 0.0053 0.0044 0.9690 0.0049 0.0164 
        h090  2 0.0016 0.0019 0.9929 0.0021 0.0015 
        h091  2 0.0015 0.0031 0.9920 0.0015 0.0020 
        h092  2 0.0043 0.0047 0.9799 0.0077 0.0034 
        h093  2 0.0016 0.0037 0.9901 0.0024 0.0022 
        h094  2 0.0013 0.0019 0.9944 0.0012 0.0013 
        h095  2 0.0011 0.0012 0.9928 0.0022 0.0027 
        h096  2 0.0030 0.0057 0.9783 0.0089 0.0042 
        h097  2 0.0012 0.0013 0.9950 0.0012 0.0012 
        h098  2 0.0013 0.0018 0.9928 0.0018 0.0023 
        h099  2 0.0074 0.0033 0.9837 0.0036 0.0020 
        h100  2 0.0020 0.0058 0.9878 0.0025 0.0018 
        h101  2 0.0018 0.0028 0.9899 0.0018 0.0037 
        h102  2 0.0017 0.0051 0.9892 0.0025 0.0015 
        h103  2 0.0015 0.0022 0.9924 0.0022 0.0017 
        h104  2 0.0063 0.0171 0.9695 0.0042 0.0029 
        h105  2 0.0010 0.0049 0.9902 0.0023 0.0016 
        h106  2 0.0025 0.0024 0.9919 0.0015 0.0017 
        h107  2 0.0062 0.0024 0.9851 0.0018 0.0044 
        h108  2 0.0016 0.0056 0.9839 0.0059 0.0030 
        h109  2 0.0029 0.0016 0.9904 0.0024 0.0026 
        h110  2 0.0015 0.0019 0.9919 0.0021 0.0026 
        h111  2 0.0032 0.0045 0.9840 0.0033 0.0050 
        h112  2 0.0017 0.0016 0.9936 0.0015 0.0016 
        h113  2 0.0050 0.0023 0.9845 0.0030 0.0052 
        h114  2 0.0019 0.0043 0.8567 0.0086 0.1285 
        h115  2 0.0031 0.0031 0.9841 0.0031 0.0066 
        h116  2 0.0023 0.0031 0.9903 0.0021 0.0022 
        h117  2 0.0023 0.0022 0.9920 0.0019 0.0017 
        h118  2 0.0030 0.0023 0.9912 0.0016 0.0019 
        h119  2 0.0023 0.0085 0.9806 0.0057 0.0030 
        h120  2 0.0033 0.0019 0.9916 0.0015 0.0017 
        h121  2 0.0028 0.0064 0.9788 0.0033 0.0086 
        h122  2 0.0108 0.0024 0.9823 0.0020 0.0026 
        h123  2 0.0011 0.0024 0.9936 0.0016 0.0012 
        h124  2 0.0071 0.0214 0.9649 0.0042 0.0023 
        h125  2 0.0018 0.0024 0.9757 0.0167 0.0033 
        h126  2 0.0018 0.0028 0.9872 0.0043 0.0038 
        h127  2 0.0016 0.0025 0.9891 0.0031 0.0037 
        h128  2 0.0021 0.0017 0.9926 0.0016 0.0020 
        h129  2 0.0015 0.0024 0.9906 0.0040 0.0015 
        h130  2 0.0031 0.0042 0.9831 0.0043 0.0054 
        h131  2 0.0019 0.0019 0.9896 0.0021 0.0044 
        h132  2 0.0050 0.0017 0.9884 0.0018 0.0032 
        h133  2 0.0035 0.0043 0.9764 0.0050 0.0108 
        h134  2 0.0015 0.0023 0.9923 0.0016 0.0022 
        h135  2 0.0027 0.0024 0.9906 0.0025 0.0019 
        h136  2 0.0014 0.0024 0.9920 0.0021 0.0021 
        h137  2 0.0011 0.0016 0.9939 0.0018 0.0016 
        h138  2 0.0014 0.0017 0.9938 0.0015 0.0017 
        h139  2 0.0027 0.0063 0.9828 0.0057 0.0025 
        h140  2 0.0068 0.0178 0.9595 0.0093 0.0067 
        h141  2 0.0012 0.0022 0.9930 0.0016 0.0019 
        h142  2 0.0017 0.0051 0.9897 0.0018 0.0016 
        h143  2 0.0210 0.0034 0.9638 0.0025 0.0093 
        h144  2 0.0016 0.0055 0.9836 0.0069 0.0024 
        h145  2 0.0014 0.0021 0.9935 0.0016 0.0015 
        h146  2 0.0028 0.0062 0.9840 0.0047 0.0023 
        h147  2 0.0031 0.0029 0.9881 0.0032 0.0029 
        h148  2 0.0017 0.0025 0.9883 0.0059 0.0016 
        h149  2 0.0012 0.0022 0.9919 0.0030 0.0017 
        h150  2 0.0014 0.0026 0.9921 0.0020 0.0019 
        h151  2 0.0034 0.0044 0.9837 0.0041 0.0044 
        h152  2 0.0043 0.0021 0.9793 0.0090 0.0053 
        h153  2 0.0019 0.0044 0.9893 0.0024 0.0019 
        h154  2 0.0035 0.0026 0.9891 0.0023 0.0025 
        h155  2 0.0027 0.0051 0.9873 0.0026 0.0024 
        h156  2 0.0028 0.0098 0.9803 0.0045 0.0025 
        h157  2 0.0039 0.0065 0.9614 0.0131 0.0151 
        h158  2 0.0040 0.0023 0.9909 0.0015 0.0013 
        h159  2 0.0019 0.0050 0.9881 0.0020 0.0030 
        h160  2 0.0016 0.0060 0.9878 0.0026 0.0020 
        h161  2 0.0058 0.0038 0.9822 0.0038 0.0044 
        h162  2 0.0024 0.0078 0.9779 0.0057 0.0061 
        h163  2 0.0022 0.0074 0.9844 0.0035 0.0026 
        h164  2 0.0016 0.0013 0.9940 0.0016 0.0014 
        h165  2 0.0015 0.0044 0.9862 0.0049 0.0031 
        h166  2 0.0011 0.0014 0.9941 0.0017 0.0016 
        h167  2 0.0016 0.0017 0.9933 0.0017 0.0017 
        h168  2 0.0012 0.0022 0.9934 0.0018 0.0013 
        h169  2 0.0025 0.0024 0.9823 0.0083 0.0046 
        h170  2 0.0070 0.0043 0.9838 0.0028 0.0021 
        h171  2 0.0034 0.0048 0.9864 0.0018 0.0036 
        h172  2 0.0029 0.0015 0.9902 0.0031 0.0023 
        h173  2 0.0019 0.0045 0.9890 0.0022 0.0024 
        h174  2 0.0046 0.0026 0.9829 0.0023 0.0077 
        h175  2 0.0013 0.0023 0.9867 0.0071 0.0026 
        h176  2 0.0025 0.0031 0.9855 0.0060 0.0029 
        h177  2 0.0022 0.0035 0.9876 0.0029 0.0039 
        h178  2 0.0100 0.0023 0.9818 0.0029 0.0030 
        h179  2 0.0050 0.0312 0.9555 0.0043 0.0040 
        h180  2 0.0017 0.0024 0.9911 0.0019 0.0028 
        h181  2 0.0029 0.0044 0.9862 0.0039 0.0026 
        h182  2 0.0038 0.0034 0.9816 0.0035 0.0078 
        h183  2 0.0031 0.0029 0.9902 0.0018 0.0020 
        h184  2 0.0036 0.0037 0.9888 0.0017 0.0022 
        h185  2 0.0016 0.0024 0.9927 0.0015 0.0017 
        h186  2 0.0014 0.0032 0.9919 0.0019 0.0017 
        h187  2 0.0014 0.0020 0.9935 0.0014 0.0017 
        h188  2 0.0035 0.0019 0.9899 0.0020 0.0026 
        h189  2 0.0230 0.0036 0.9579 0.0113 0.0040 
        h190  2 0.0016 0.0039 0.9890 0.0028 0.0026 
        h191  2 0.0053 0.0080 0.9751 0.0053 0.0063 
        h192  2 0.0060 0.0051 0.9821 0.0025 0.0042 
        h193  2 0.0018 0.0019 0.9908 0.0026 0.0029 
        h194  2 0.0013 0.0106 0.9764 0.0039 0.0079 
        h195  2 0.0021 0.0019 0.9925 0.0016 0.0019 
        h196  2 0.0033 0.0035 0.9863 0.0030 0.0039 
        h197  2 0.0054 0.0036 0.9848 0.0028 0.0034 
        h198  2 0.0010 0.0019 0.9935 0.0020 0.0016 
        h199  2 0.0105 0.0014 0.9846 0.0018 0.0017 
        h200  2 0.0044 0.0027 0.9889 0.0019 0.0022 
        h201  2 0.0016 0.0040 0.9905 0.0024 0.0015 
        h202  2 0.0022 0.0027 0.9894 0.0033 0.0025 
        h203  2 0.0018 0.0198 0.9521 0.0096 0.0167 
        h204  2 0.0078 0.0030 0.9815 0.0027 0.0049 
        h205  2 0.0021 0.0018 0.9927 0.0016 0.0019 
        h206  2 0.0086 0.0064 0.9673 0.0104 0.0073 
        h207  2 0.0015 0.0031 0.9896 0.0029 0.0029 
        h208  2 0.0013 0.0023 0.9916 0.0019 0.0030 
        h209  2 0.0016 0.0020 0.9899 0.0024 0.0041 
        h210  2 0.0020 0.0051 0.9822 0.0024 0.0083 
        h211  2 0.0023 0.0023 0.9782 0.0058 0.0114 
        h212  2 0.0062 0.0032 0.9863 0.0019 0.0025 
        h213  2 0.0113 0.0117 0.9307 0.0244 0.0220 
        h214  2 0.0052 0.0015 0.9898 0.0018 0.0017 
        h215  2 0.0038 0.0026 0.9898 0.0018 0.0020 
        h216  2 0.0053 0.0019 0.9861 0.0032 0.0035 
        h217  2 0.0031 0.0060 0.9823 0.0056 0.0030 
        h218  2 0.0043 0.0088 0.9624 0.0142 0.0103 
        h219  2 0.0026 0.0234 0.9626 0.0064 0.0050 
        h220  2 0.0012 0.0018 0.9944 0.0013 0.0014 
        h221  2 0.0028 0.0023 0.9895 0.0018 0.0035 
        h222  2 0.0029 0.0014 0.9923 0.0015 0.0018 
        h223  2 0.0011 0.0018 0.9895 0.0028 0.0048 
        h224  2 0.0027 0.0015 0.9930 0.0016 0.0012 
        h225  2 0.0018 0.0057 0.9864 0.0027 0.0035 
        h226  2 0.0011 0.0013 0.9948 0.0015 0.0014 
        h227  2 0.0166 0.0020 0.9580 0.0169 0.0065 
        h228  2 0.0050 0.0055 0.9852 0.0025 0.0019 
        h229  2 0.0047 0.0018 0.9873 0.0035 0.0026 
        h230  2 0.0086 0.0023 0.9832 0.0026 0.0033 
        h231  2 0.0018 0.0020 0.9937 0.0013 0.0012 
        h232  2 0.0058 0.0022 0.9864 0.0021 0.0035 
        h233  2 0.0096 0.0080 0.9761 0.0033 0.0030 
        h234  2 0.0037 0.0014 0.9887 0.0024 0.0037 
        h235  2 0.0015 0.0022 0.9930 0.0015 0.0018 
        h236  2 0.0021 0.0016 0.9935 0.0013 0.0016 
        h237  2 0.0027 0.0074 0.9815 0.0027 0.0057 
        h238  2 0.0016 0.0074 0.9828 0.0053 0.0028 
        h239  2 0.0087 0.0024 0.9743 0.0055 0.0091 
        h240  2 0.0050 0.0046 0.9822 0.0033 0.0049 
        h241  2 0.0028 0.0017 0.9907 0.0026 0.0022 
        h242  2 0.0016 0.0020 0.9924 0.0020 0.0021 
        h243  2 0.0048 0.0042 0.9847 0.0023 0.0041 
        h244  2 0.0017 0.0043 0.9864 0.0046 0.0030 
        h245  2 0.0027 0.0020 0.9872 0.0045 0.0037 
        h246  2 0.0013 0.0024 0.9934 0.0013 0.0016 
        h247  2 0.0012 0.0055 0.9871 0.0041 0.0021 
        h248  2 0.0013 0.0016 0.9941 0.0016 0.0014 
        h249  2 0.0232 0.0089 0.9129 0.0155 0.0395 
        h250  2 0.0021 0.0046 0.9873 0.0038 0.0022 
      MSV1TX  3 0.0037 0.0028 0.5946 0.0045 0.3944 
      MSV025  3 0.0136 0.0076 0.3146 0.0140 0.6502 
      MSV02C  3 0.0084 0.0137 0.4766 0.0034 0.4979 
      MSV02E  3 0.0051 0.0629 0.3900 0.0042 0.5377 
      MSV0TF  3 0.0064 0.0018 0.3592 0.0065 0.6262 
       M2EL8  3 0.0206 0.0087 0.2725 0.0033 0.6950 
      MSV21T  4 0.0020 0.0200 0.0115 0.0066 0.9600 
       M2E71  4 0.0025 0.0788 0.0752 0.0167 0.8268 
       W23CA  5 0.0021 0.0235 0.0031 0.0178 0.9535 
     AP.085Y  5 0.0060 0.0099 0.0039 0.0081 0.9720 
     CH.0LLY  5 0.0049 0.0188 0.2155 0.1155 0.6453 
       M0LEC  5 0.0016 0.0023 0.0019 0.0164 0.9778 
       M2C3H  5 0.0056 0.0300 0.0204 0.0186 0.9254 
       M2CHL  5 0.0081 0.0355 0.3369 0.0641 0.5554 
       W26P7  5 0.0022 0.0135 0.0090 0.0037 0.9717 
     AP.07M5  5 0.0580 0.0032 0.0054 0.0072 0.9263 
     AP.080U  5 0.0018 0.0089 0.0081 0.0047 0.9765 
     AP.082A  5 0.0036 0.0023 0.0022 0.0041 0.9879 
     AP.0843  5 0.0037 0.0025 0.0192 0.0872 0.8874 
     AP.0844  5 0.0017 0.0116 0.1115 0.0116 0.8636 
     AP.084X  5 0.0027 0.0020 0.0031 0.0037 0.9884 
     AP.086Y  5 0.0029 0.0106 0.0105 0.0036 0.9724 
     AP.0870  5 0.0021 0.1421 0.0055 0.0060 0.8443 
     AP.0878  5 0.0026 0.0580 0.0216 0.0129 0.9049 
     AP.087F  5 0.0022 0.0113 0.0259 0.0159 0.9448 
     AP.087Y  5 0.0034 0.0168 0.2680 0.0185 0.6934 
     AP.088P  5 0.0040 0.0038 0.0050 0.0056 0.9816 
     AP.08AK  5 0.0265 0.0019 0.0101 0.0034 0.9581 
     CH.0LLM  5 0.0025 0.0359 0.0087 0.0027 0.9502 
     CH.0LLU  5 0.0027 0.0298 0.1495 0.0158 0.8022 
     CH.0LM0  5 0.0080 0.0031 0.0278 0.0453 0.9158 
     CH.0LM3  5 0.0056 0.0021 0.0104 0.0062 0.9757 
       W26MY  5 0.0322 0.0261 0.1651 0.0079 0.7687 
       W26P6  5 0.0039 0.0021 0.0772 0.0076 0.9092 
      HRV07U  5 0.0026 0.0535 0.0119 0.0453 0.8867 
      HRV1CT  5 0.0033 0.0036 0.0025 0.0037 0.9869 
      HRV1CU  5 0.0038 0.0031 0.0015 0.0029 0.9886 
      HRV1E6  5 0.0028 0.0038 0.0019 0.0043 0.9871 
      HRV081  5 0.0069 0.0016 0.0013 0.0026 0.9877 
      HRV1E3  5 0.0020 0.0037 0.0075 0.0100 0.9767 
      MSV21E  5 0.0195 0.0056 0.0187 0.0030 0.9532 
      MSV216  5 0.0138 0.2760 0.0028 0.0046 0.7027 
       M0TYK  5 0.0032 0.0046 0.0164 0.0040 0.9718 
      MSV2AA  5 0.0023 0.0031 0.0379 0.0026 0.9540 
     CK.0PET  5 0.0163 0.0171 0.1313 0.0094 0.8259 
       M2E8C  5 0.0032 0.0029 0.0024 0.0027 0.9888 
      MSV23X  5 0.0140 0.0069 0.0185 0.0025 0.9580 
      MSV32A  5 0.0029 0.0059 0.0214 0.0224 0.9474 
     AP.0838  5 0.0014 0.0625 0.0026 0.0141 0.9194 
     AP.088F  5 0.0020 0.0312 0.0048 0.0549 0.9071 
      DAM2HL  6 0.0021 0.0038 0.0018 0.0165 0.9758 
       M2ALK  6 0.0023 0.1185 0.0037 0.0049 0.8705 
       M2E2J  6 0.0476 0.0021 0.0282 0.0024 0.9197 
       M2E73  6 0.0028 0.0037 0.0021 0.0034 0.9880 
       M2E74  6 0.0022 0.2777 0.0031 0.0080 0.7090 
       M2EUJ  6 0.0023 0.2958 0.0020 0.0330 0.6669 
      DAM1XK  6 0.0021 0.0031 0.0020 0.0202 0.9726 
       M2057  6 0.0012 0.0033 0.0030 0.0049 0.9877 
       M2271  6 0.0586 0.0056 0.0016 0.0046 0.9296 
       M27YK  6 0.0015 0.0320 0.0348 0.0364 0.8954 
       M2A1H  6 0.4713 0.0056 0.0016 0.0028 0.5187 
       M2E0P  6 0.0034 0.0023 0.0018 0.0026 0.9900 
       M2E75  6 0.0047 0.0020 0.0016 0.0397 0.9520 
       M2E76  6 0.0019 0.0153 0.0033 0.0069 0.9726 
      MSV0T5  6 0.0042 0.0015 0.0017 0.0035 0.9891 
      MSV241  6 0.0025 0.0026 0.0033 0.0058 0.9859 
      MSV2A0  6 0.0063 0.0034 0.0043 0.0040 0.9819 
      MSV2A1  6 0.0036 0.0025 0.0015 0.0033 0.9891 
      MSV2A8  6 0.0027 0.0087 0.0021 0.0044 0.9821 
      DAM1P5  6 0.0015 0.0015 0.0011 0.0017 0.9942 
       M1084  6 0.0019 0.0036 0.0018 0.0056 0.9870 
      MSV2M4  6 0.0040 0.0034 0.0026 0.0064 0.9836 
      MSV2T6  6 0.0317 0.0028 0.0028 0.0041 0.9586 
       M1UM1  6 0.0035 0.0104 0.0043 0.0201 0.9618 
       M2ECL  6 0.0013 0.0067 0.0043 0.0041 0.9836 
       M2EJ0  6 0.0016 0.0026 0.0016 0.0483 0.9459 
      MSV20J  6 0.0073 0.0047 0.0017 0.0093 0.9770 
      MSV2TK  6 0.0014 0.0061 0.0044 0.0030 0.9852 
      MSV2TX  6 0.0021 0.0026 0.0015 0.0023 0.9915 
      MSV310  6 0.0041 0.0026 0.0037 0.0026 0.9869 
      MSV33F  6 0.0096 0.0028 0.0039 0.0036 0.9801 
      DAM35L  6 0.0049 0.0019 0.0016 0.0052 0.9863 
       M2E4C  6 0.0020 0.0040 0.0018 0.0025 0.9897 
       M2E4H  6 0.0038 0.0029 0.0024 0.0105 0.9805 
       M2E65  6 0.0024 0.0396 0.0034 0.0217 0.9330 
       M2EEJ  6 0.0068 0.0025 0.0023 0.0020 0.9864 
       M2EEP  6 0.0059 0.0106 0.0037 0.0088 0.9710 
      MSV1TU  6 0.0036 0.0026 0.0037 0.0026 0.9875 
      MSV20M  6 0.0039 0.0036 0.0016 0.0057 0.9852 
      MSV223  6 0.0030 0.0022 0.0025 0.0035 0.9888 
      MSV22E  6 0.0035 0.0034 0.0024 0.0038 0.9868 
      MSV23J  6 0.0028 0.0019 0.0023 0.0033 0.9896 
      MSV2K6  6 0.0034 0.0023 0.0017 0.0019 0.9906 
      DAM23U  6 0.0043 0.0093 0.0028 0.0029 0.9808 
       M2E8A  6 0.0074 0.0063 0.0019 0.0038 0.9806 
      MSV2L2  6 0.0072 0.0034 0.0028 0.0029 0.9838 
       M1YMH  6 0.0051 0.0024 0.0035 0.0034 0.9857 
       M2A84  6 0.0041 0.0026 0.0048 0.0028 0.9858 
      MSV23M  6 0.0027 0.0109 0.0032 0.0607 0.9225 
     AP.085T  6 0.0044 0.0025 0.0014 0.0026 0.9890 
     AP.086J  6 0.0057 0.0860 0.0019 0.8061 0.1003 
     AP.08C2  6 0.0296 0.0962 0.0242 0.1244 0.7256 
     AP.08CF  6 0.0054 0.0029 0.0016 0.0081 0.9820 
     AP.08CX  6 0.0018 0.0023 0.0013 0.0031 0.9914 
     AP.08CY  6 0.0035 0.0219 0.0026 0.0075 0.9645 
      DAM0JX  6 0.0042 0.0023 0.0017 0.0065 0.9853 
      DAM0P4  6 0.0045 0.0023 0.0017 0.0035 0.9879 
      DAM0UK  6 0.0026 0.0039 0.0029 0.0127 0.9778 
       M2030  6 0.0183 0.0037 0.0016 0.0096 0.9667 
      MSV24M  6 0.0030 0.0027 0.0022 0.0054 0.9867 
       M20AM  6 0.0017 0.0737 0.0023 0.0468 0.8755 
       M21YP  6 0.0018 0.9924 0.0018 0.0020 0.0021 
       M2205  6 0.0036 0.0026 0.0012 0.0052 0.9875 
       M2206  6 0.0026 0.0037 0.0015 0.0062 0.9860 
      MSV267  6 0.0035 0.0027 0.0018 0.0114 0.9806 
       M2757  6 0.0023 0.0365 0.0028 0.0162 0.9422 
       M27TH  6 0.0013 0.0050 0.0019 0.0062 0.9855 
      MSV2JA  6 0.0820 0.1051 0.0037 0.0035 0.8057 
      MSV2KU  6 0.0162 0.0181 0.0027 0.0077 0.9553 
      MSV2MF  6 0.0040 0.0120 0.0022 0.0039 0.9778 
      MSV2TA  6 0.0018 0.0028 0.0014 0.0022 0.9917 
      MSV2TE  6 0.0020 0.0025 0.0013 0.0021 0.9921 
      MSV2TU  6 0.0034 0.0034 0.0038 0.0074 0.9819 
      MSV2UT  6 0.0023 0.0240 0.0035 0.0045 0.9657 
      MSV306  6 0.0028 0.0046 0.0022 0.0117 0.9788 
      MSV311  6 0.0023 0.0039 0.0016 0.0470 0.9452 
      MSV31M  6 0.0023 0.0049 0.0021 0.0200 0.9708 
      MSV325  6 0.0081 0.0028 0.0021 0.0025 0.9845 
      MSV32H  6 0.0063 0.0038 0.0033 0.0047 0.9819 
     CX.112U  6 0.0035 0.0076 0.0027 0.0354 0.9508 
      DAM2PC  6 0.7671 0.0021 0.0013 0.0016 0.2279 
       M2E48  6 0.0025 0.0049 0.0021 0.0039 0.9866 
       M2E7K  6 0.0025 0.0060 0.0022 0.0033 0.9859 
       M2E80  6 0.0036 0.0047 0.0023 0.0029 0.9864 
       M2EAM  6 0.0021 0.0040 0.0012 0.0022 0.9905 
       M2EFF  6 0.0024 0.0067 0.0028 0.0026 0.9855 
       M2EFY  6 0.0014 0.0058 0.0020 0.0026 0.9882 
       M2EHM  6 0.0077 0.0028 0.0018 0.0134 0.9742 
       M2EK0  6 0.0040 0.0028 0.0017 0.0103 0.9811 
       M2EK1  6 0.0030 0.0036 0.0014 0.0036 0.9884 
      MSV22F  6 0.0061 0.0031 0.0019 0.0100 0.9789 
      MSV273  6 0.0022 0.0045 0.0034 0.0029 0.9870 
      MSV0TL  6 0.6327 0.0046 0.0024 0.0059 0.3544 
      MSV0TT  6 0.0041 0.0032 0.0020 0.0024 0.9883 
      MSV12H  6 0.0026 0.0033 0.0017 0.0023 0.9900 
      MSV1TH  6 0.0139 0.0278 0.0026 0.0056 0.9501 
      MSV275  6 0.0253 0.0062 0.0035 0.0027 0.9623 
      MSV286  6 0.0026 0.0167 0.0053 0.0110 0.9643 
      MSV2H4  6 0.0020 0.0045 0.0015 0.0029 0.9891 
      MSV2K8  6 0.0043 0.0064 0.0021 0.0098 0.9773 
      MSV2PM  6 0.0015 0.0015 0.0011 0.0017 0.9942 
      MSV2X3  6 0.0026 0.0017 0.0011 0.0024 0.9922 
      MSV2X4  6 0.0057 0.0029 0.0028 0.0059 0.9827 
      MSV30U  6 0.0023 0.0021 0.0012 0.0020 0.9924 
     CX.111C  6 0.0041 0.0017 0.0013 0.0024 0.9905 
     AP.07M2  7 0.0076 0.0036 0.0416 0.0207 0.9265 
      HRV05C  7 0.0139 0.0021 0.0071 0.0063 0.9706 
      HRV077  7 0.0059 0.0292 0.0032 0.0060 0.9557 
      HRV0A0  7 0.0029 0.0023 0.0013 0.0027 0.9908 
      HRV0MC  7 0.0080 0.0022 0.0020 0.0028 0.9851 
      HRV00P  7 0.0055 0.0050 0.0014 0.0051 0.9830 
      HRV01J  7 0.0087 0.0041 0.0019 0.0021 0.9832 
      HRV026  7 0.0180 0.0022 0.0023 0.0039 0.9736 
      HRV02C  7 0.0028 0.0016 0.0012 0.0020 0.9924 
      HRV031  7 0.0036 0.0022 0.0015 0.0045 0.9882 
      HRV033  7 0.0036 0.0022 0.0015 0.0046 0.9882 
      HRV05L  7 0.0024 0.0040 0.0014 0.1959 0.7962 
      HRV06A  7 0.0032 0.0047 0.0016 0.0041 0.9863 
      HRV07P  7 0.0032 0.0025 0.0015 0.0053 0.9875 
      HRV0HC  7 0.0033 0.0051 0.0088 0.0030 0.9798 
      HRV0HU  7 0.0041 0.0028 0.0029 0.0122 0.9780 
      HRV0K1  7 0.0037 0.0034 0.0016 0.0124 0.9789 
      HRV0M6  7 0.0243 0.0094 0.0092 0.0590 0.8981 
      HRV0M7  7 0.0019 0.0057 0.0020 0.0041 0.9863 
      HRV0MK  7 0.0021 0.0061 0.0013 0.0082 0.9823 
      HRV1C7  7 0.0089 0.0032 0.0017 0.0200 0.9661 
      HRV1EA  7 0.0017 0.0140 0.0055 0.0043 0.9746 
       M147K  7 0.0036 0.0037 0.0011 0.0017 0.9899 
      HRV008  7 0.0081 0.0017 0.0016 0.0028 0.9858 
      HRV015  7 0.0147 0.0025 0.0026 0.0020 0.9781 
      HRV01F  7 0.0041 0.0064 0.0059 0.0039 0.9798 
      HRV01L  7 0.0111 0.0025 0.0016 0.0057 0.9792 
      HRV01M  7 0.0073 0.0044 0.0021 0.0101 0.9761 
      HRV020  7 0.0269 0.0036 0.0030 0.0025 0.9641 
      HRV022  7 0.0092 0.0041 0.0057 0.0022 0.9788 
      HRV02A  7 0.0028 0.0053 0.0044 0.0031 0.9843 
      HRV02K  7 0.0524 0.0050 0.0053 0.0072 0.9300 
      HRV04C  7 0.0044 0.0025 0.0016 0.0018 0.9898 
      HRV05H  7 0.0024 0.0036 0.0033 0.0072 0.9834 
      HRV076  7 0.0033 0.0049 0.0042 0.0046 0.9831 
      HRV07H  7 0.0023 0.0021 0.0013 0.0033 0.9911 
      HRV07X  7 0.0016 0.0026 0.0047 0.0059 0.9851 
      HRV080  7 0.0020 0.0018 0.0016 0.0030 0.9916 
      HRV086  7 0.0047 0.0033 0.0023 0.0063 0.9834 
      HRV0H3  7 0.0086 0.0050 0.0022 0.0034 0.9808 
      HRV0J3  7 0.0017 0.0044 0.0022 0.0037 0.9880 
      HRV0JX  7 0.0041 0.0078 0.0042 0.0050 0.9789 
      HRV0ML  7 0.0054 0.0019 0.0013 0.0027 0.9887 
      HRV1E8  7 0.0026 0.0034 0.0019 0.0069 0.9853 
      HRV007  7 0.0040 0.0060 0.0026 0.0122 0.9753 
      HRV005  7 0.0038 0.0102 0.0023 0.0056 0.9781 
      HRV05U  7 0.0053 0.0031 0.0015 0.0350 0.9551 
      HRV01U  7 0.0016 0.0058 0.0019 0.0033 0.9873 
     AP.07M1  7 0.0060 0.0035 0.0016 0.0057 0.9832 
     AP.07ME  7 0.0071 0.0259 0.0030 0.0193 0.9447 
     AP.0817  7 0.0019 0.0051 0.0021 0.0091 0.9817 
     AP.0863  7 0.0118 0.0089 0.0111 0.0636 0.9046 
     AP.087T  7 0.0034 0.0016 0.0091 0.0101 0.9757 
     AP.088T  7 0.0029 0.0019 0.0013 0.0076 0.9863 
     CH.0LM1  7 0.0055 0.0034 0.0023 0.0280 0.9607 
       M05X5  7 0.0078 0.0104 0.0132 0.0222 0.9464 
       M06JH  7 0.0078 0.1860 0.0253 0.0063 0.7746 
       M0A6K  7 0.0027 0.0043 0.0021 0.0116 0.9793 
       M0ETF  7 0.0091 0.0024 0.0016 0.0039 0.9831 
       M0LUP  7 0.0033 0.0029 0.0026 0.0042 0.9871 
       M16F1  7 0.0357 0.0023 0.0018 0.0043 0.9559 
       M182M  7 0.0014 0.0045 0.0024 0.0075 0.9842 
       M1CFL  7 0.0134 0.0039 0.0018 0.0144 0.9666 
       M2AXY  7 0.0025 0.0050 0.0023 0.0031 0.9871 
       M2AY2  7 0.0028 0.0038 0.0116 0.0062 0.9757 
       M2CHP  7 0.0154 0.0129 0.0243 0.0112 0.9362 
       W26LK  7 0.0036 0.0035 0.0016 0.0064 0.9849 
       W26ME  7 0.0054 0.1572 0.0032 0.0040 0.8302 
     AM.07FM  7 0.0090 0.0028 0.0011 0.0022 0.9849 
     AM.07FP  7 0.0078 0.0022 0.0018 0.0021 0.9862 
     AP.07M4  7 0.0028 0.0018 0.0013 0.0050 0.9891 
     AP.07M7  7 0.0015 0.0013 0.0012 0.0019 0.9941 
     AP.07M8  7 0.0028 0.0021 0.0021 0.0055 0.9875 
     AP.07MA  7 0.0038 0.0023 0.0046 0.0022 0.9871 
     AP.07MC  7 0.0021 0.0125 0.0018 0.0130 0.9707 
     AP.07P8  7 0.0199 0.0018 0.0139 0.0030 0.9613 
     AP.07U8  7 0.0531 0.0036 0.0035 0.0118 0.9281 
     AP.081F  7 0.0029 0.0021 0.0021 0.0024 0.9904 
     AP.081H  7 0.0048 0.0108 0.0293 0.9299 0.0253 
     AP.0820  7 0.0039 0.0025 0.0409 0.0524 0.9003 
     AP.0841  7 0.0036 0.0111 0.0872 0.2800 0.6182 
     AP.0858  7 0.0061 0.0068 0.0028 0.0144 0.9699 
     AP.085U  7 0.0062 0.0047 0.0212 0.0237 0.9442 
     AP.085X  7 0.0062 0.0063 0.0016 0.0090 0.9768 
     AP.0861  7 0.0066 0.0039 0.0024 0.0036 0.9835 
     AP.0864  7 0.0037 0.0019 0.0014 0.0048 0.9882 
     AP.086X  7 0.0019 0.0019 0.0016 0.0055 0.9891 
     AP.0872  7 0.0030 0.0026 0.0017 0.0042 0.9885 
     AP.0875  7 0.0037 0.0180 0.0325 0.8988 0.0470 
     AP.087A  7 0.0019 0.0033 0.0017 0.0038 0.9894 
     AP.087C  7 0.0041 0.0068 0.0031 0.0227 0.9633 
     AP.087E  7 0.0024 0.0022 0.0015 0.0030 0.9910 
     AP.087H  7 0.0145 0.0057 0.0015 0.0031 0.9753 
     AP.087K  7 0.0122 0.0058 0.0046 0.0241 0.9533 
     AP.087L  7 0.0123 0.0022 0.0017 0.0094 0.9743 
     AP.087M  7 0.0024 0.0038 0.0028 0.0074 0.9835 
     AP.087P  7 0.0021 0.0048 0.0024 0.0058 0.9849 
     AP.087U  7 0.0449 0.0094 0.0236 0.5801 0.3420 
     AP.087X  7 0.0075 0.0709 0.0055 0.4896 0.4265 
     AP.0881  7 0.0100 0.1448 0.0130 0.5579 0.2743 
     AP.0882  7 0.0120 0.0413 0.0020 0.0066 0.9382 
     AP.0883  7 0.0130 0.0046 0.0206 0.0202 0.9416 
     AP.0884  7 0.0032 0.0024 0.0016 0.0029 0.9899 
     AP.0885  7 0.0059 0.0043 0.0051 0.0082 0.9764 
     AP.0887  7 0.0050 0.0074 0.0019 0.0169 0.9688 
     AP.0888  7 0.0034 0.0153 0.3169 0.6209 0.0435 
     AP.088A  7 0.0022 0.0066 0.0017 0.0040 0.9854 
     AP.088C  7 0.0761 0.0087 0.0199 0.2643 0.6310 
     AP.088J  7 0.0033 0.0457 0.0034 0.0303 0.9172 
     AP.088K  7 0.0069 0.0142 0.0043 0.2007 0.7739 
     AP.088L  7 0.0033 0.0024 0.0015 0.0056 0.9872 
     AP.088U  7 0.0048 0.0043 0.0015 0.0019 0.9875 
     AP.088X  7 0.0139 0.0155 0.0080 0.0399 0.9227 
     AP.08A0  7 0.0019 0.0014 0.0015 0.0080 0.9872 
     AP.08A1  7 0.0025 0.0039 0.0024 0.0090 0.9821 
     AP.08A3  7 0.0022 0.0019 0.0015 0.0033 0.9912 
     AP.08A4  7 0.0815 0.0088 0.0109 0.4590 0.4398 
     AP.08A5  7 0.0027 0.0027 0.0014 0.0045 0.9888 
     AP.08A6  7 0.0018 0.0035 0.0041 0.0055 0.9851 
     AP.08A8  7 0.0038 0.0025 0.0018 0.0288 0.9632 
     AP.08AC  7 0.0118 0.0026 0.0093 0.0140 0.9623 
     AP.08AH  7 0.0056 0.0165 0.0027 0.0166 0.9585 
     AP.08AJ  7 0.0024 0.0024 0.0037 0.0027 0.9888 
     AP.08AM  7 0.0045 0.0022 0.0020 0.0173 0.9741 
     AP.08AT  7 0.0023 0.0016 0.0019 0.0029 0.9913 
     AP.08AX  7 0.0028 0.0015 0.0014 0.0032 0.9910 
     CH.0LLP  7 0.0032 0.0016 0.0020 0.0087 0.9846 
     CH.0LM2  7 0.0069 0.0139 0.0030 0.0220 0.9543 
     CH.0LM4  7 0.0027 0.0052 0.0014 0.0581 0.9326 
     CH.0LM5  7 0.0033 0.0035 0.0020 0.0043 0.9869 
       M0102  7 0.0025 0.0021 0.0020 0.0033 0.9901 
       M023A  7 0.0019 0.0019 0.0012 0.0021 0.9930 
       M03MM  7 0.0025 0.0065 0.0027 0.0083 0.9800 
       M04PF  7 0.0041 0.0020 0.0016 0.0027 0.9897 
       M04XH  7 0.0027 0.0116 0.0041 0.0029 0.9787 
       M04XM  7 0.0063 0.0025 0.0017 0.0073 0.9822 
       M0557  7 0.0021 0.0077 0.0034 0.0033 0.9835 
       M055C  7 0.0069 0.0061 0.0247 0.0090 0.9534 
       M05JC  7 0.0022 0.0367 0.0021 0.0052 0.9539 
       M05PH  7 0.0051 0.0712 0.0033 0.0062 0.9142 
       M05X6  7 0.0036 0.0027 0.0015 0.0021 0.9902 
       M07TC  7 0.0019 0.0024 0.0028 0.0027 0.9901 
       M0A66  7 0.0043 0.0025 0.0014 0.0022 0.9897 
       M0EYT  7 0.0042 0.0026 0.0015 0.0021 0.9895 
       M0FF2  7 0.0051 0.0019 0.0013 0.0030 0.9886 
       M0HJ6  7 0.0022 0.0129 0.0036 0.0129 0.9684 
      HRV0JL  7 0.0028 0.0017 0.0012 0.0039 0.9904 
      HRV0JP  7 0.0330 0.0052 0.0019 0.0023 0.9576 
      HRV0KA  7 0.0021 0.0041 0.0018 0.0032 0.9888 
      HRV0LJ  7 0.0092 0.0045 0.0041 0.0079 0.9744 
      HRV0LM  7 0.0033 0.0024 0.0026 0.0048 0.9869 
      HRV0LP  7 0.0069 0.0213 0.0057 0.0160 0.9502 
       M0HJ8  7 0.0037 0.0042 0.0016 0.0024 0.9882 
       M0HM3  7 0.0081 0.0058 0.0016 0.0350 0.9495 
       M0J1X  7 0.0024 0.0029 0.0018 0.0027 0.9901 
       M0L32  7 0.0164 0.0051 0.0026 0.0025 0.9734 
       M0L8F  7 0.0023 0.0034 0.0069 0.0046 0.9829 
       M0LUH  7 0.0025 0.0019 0.0017 0.0026 0.9913 
       M0XPJ  7 0.0058 0.0042 0.0017 0.0034 0.9848 
       M0XTE  7 0.0030 0.0069 0.0152 0.0120 0.9628 
       M157H  7 0.0491 0.0033 0.0017 0.0192 0.9267 
       M16YU  7 0.0036 0.0019 0.0012 0.0021 0.9912 
       M1751  7 0.0024 0.0024 0.0019 0.0071 0.9862 
       M1C2H  7 0.0021 0.0026 0.0013 0.0027 0.9912 
       M1E60  7 0.0022 0.0017 0.0013 0.0035 0.9913 
       M1EKX  7 0.0026 0.0022 0.0013 0.0024 0.9915 
       M1EKY  7 0.0026 0.0036 0.0014 0.0034 0.9890 
       M1EL3  7 0.0029 0.0039 0.0037 0.0036 0.9858 
       M1ELC  7 0.0031 0.0023 0.0024 0.0027 0.9895 
       M1ELE  7 0.0017 0.0018 0.0015 0.0023 0.9928 
       M2AY0  7 0.0049 0.0032 0.0031 0.0089 0.9799 
       M2AY4  7 0.0086 0.2013 0.0017 0.0204 0.7681 
       M2AY5  7 0.0033 0.0035 0.0023 0.0045 0.9864 
       M2AY8  7 0.0201 0.0341 0.1247 0.0203 0.8009 
       M2C3A  7 0.0063 0.0027 0.0018 0.0037 0.9855 
       M2C3F  7 0.0298 0.0062 0.0019 0.0028 0.9594 
      HRV0ME  7 0.0080 0.0104 0.0034 0.0032 0.9750 
       M2CHJ  7 0.0046 0.0040 0.0032 0.0034 0.9848 
       M2CHM  7 0.0040 0.0153 0.0318 0.0195 0.9294 
       M2CHY  7 0.0076 0.0050 0.0026 0.0024 0.9824 
       W23E8  7 0.0069 0.0026 0.0016 0.0034 0.9856 
       W23EM  7 0.0029 0.0022 0.0024 0.0033 0.9893 
       W23EX  7 0.0025 0.0022 0.0019 0.0024 0.9910 
       W23F0  7 0.0021 0.0018 0.0022 0.0032 0.9908 
       W26L5  7 0.0889 0.0031 0.0209 0.0057 0.8815 
       W26LM  7 0.0016 0.0183 0.0611 0.2447 0.6743 
       W26MJ  7 0.0051 0.0024 0.0662 0.0039 0.9224 
       W26ML  7 0.0017 0.0037 0.0017 0.0052 0.9876 
       W26MT  7 0.0017 0.0045 0.0014 0.0034 0.9891 
       W26PE  7 0.0031 0.0189 0.0106 0.6127 0.3548 
       W26PJ  7 0.0068 0.1310 0.0123 0.5656 0.2842 
       W26PT  7 0.0037 0.0044 0.0014 0.0245 0.9660 
       W26PX  7 0.0092 0.0041 0.0065 0.2959 0.6842 
       W26T0  7 0.0056 0.0023 0.0022 0.0050 0.9849 
       W26TC  7 0.0023 0.0020 0.0012 0.0047 0.9898 
       W26TJ  7 0.0049 0.0071 0.0045 0.9727 0.0108 
       W26UE  7 0.0066 0.0041 0.0023 0.0050 0.9819 
       W26UF  7 0.0054 0.0026 0.0016 0.0032 0.9872 
       W26UL  7 0.0036 0.0023 0.0166 0.0060 0.9715 
       W26X2  7 0.0033 0.0050 0.0026 0.0049 0.9842 
       W2716  7 0.0026 0.0137 0.0049 0.4717 0.5070 
      HRV1C6  7 0.0142 0.0024 0.0014 0.0341 0.9479 
      HRV1CX  7 0.0055 0.0029 0.0046 0.0095 0.9775 
      HRV1E2  7 0.0027 0.0028 0.0014 0.0025 0.9906 
      HRV1E4  7 0.0018 0.0030 0.0012 0.0021 0.9919 
      HRV1E5  7 0.0019 0.0024 0.0012 0.0040 0.9904 
      HRV1EC  7 0.0027 0.0032 0.0020 0.0033 0.9888 
      HRV1EK  7 0.0048 0.0052 0.0060 0.0032 0.9808 
      HRV001  7 0.0028 0.0096 0.0016 0.0025 0.9836 
      HRV00H  7 0.0016 0.0092 0.0020 0.0058 0.9814 
      HRV00K  7 0.0016 0.0052 0.0018 0.0037 0.9877 
      HRV01X  7 0.0132 0.0024 0.0019 0.0021 0.9803 
      HRV025  7 0.0053 0.0090 0.0036 0.0026 0.9795 
      HRV028  7 0.0135 0.0024 0.0019 0.0021 0.9801 
      HRV041  7 0.0021 0.0029 0.0016 0.0022 0.9912 
      HRV04F  7 0.0019 0.0028 0.0015 0.0019 0.9918 
      HRV04L  7 0.0027 0.0027 0.0014 0.0022 0.9910 
      HRV055  7 0.0019 0.0021 0.0013 0.0021 0.9926 
      HRV05J  7 0.0447 0.0021 0.0017 0.0717 0.8797 
      HRV07J  7 0.0123 0.0023 0.0014 0.0128 0.9712 
      HRV07K  7 0.0267 0.0021 0.0074 0.0023 0.9616 
      HRV07L  7 0.0035 0.0029 0.0103 0.0161 0.9673 
      HRV07M  7 0.0027 0.0022 0.0014 0.0027 0.9911 
      HRV0HM  7 0.0056 0.0368 0.0111 0.0316 0.9149 
      HRV0J2  7 0.0042 0.0017 0.0014 0.0044 0.9882 
      HRV0K3  7 0.0043 0.0072 0.0016 0.0055 0.9815 
      HRV0KE  7 0.0032 0.0031 0.0016 0.0182 0.9739 
      HRV0KF  7 0.0037 0.0033 0.0025 0.0075 0.9830 
      HRV0KU  7 0.0053 0.0037 0.0067 0.0154 0.9690 
      HRV0L6  7 0.0024 0.0030 0.0015 0.0055 0.9876 
      HRV0M2  7 0.0051 0.0038 0.0032 0.0043 0.9836 
      HRV0MF  7 0.0033 0.0019 0.0017 0.0020 0.9912 
      HRV0MJ  7 0.1084 0.0066 0.0085 0.0106 0.8659 
      HRV1AT  7 0.0018 0.0019 0.0019 0.0030 0.9915 
      HRV1C1  7 0.0021 0.0017 0.0021 0.0040 0.9902 
      HRV1CL  7 0.0035 0.0052 0.0022 0.0223 0.9669 
      HRV1E1  7 0.0022 0.0038 0.0022 0.0047 0.9871 
      HRV1E7  7 0.0028 0.0024 0.0017 0.0044 0.9888 
      HRV1EE  7 0.0026 0.0027 0.0014 0.0327 0.9607 
      HRV1ET  7 0.0021 0.0027 0.0013 0.0030 0.9908 
         148  8 0.0029 0.0122 0.0180 0.0893 0.8776 
         149  8 0.0034 0.0185 0.0022 0.7726 0.2033 
         213  8 0.0201 0.0031 0.0052 0.7471 0.2245 
         215  8 0.0087 0.0025 0.0068 0.9407 0.0412 
         218  8 0.0053 0.0039 0.0024 0.2258 0.7627 
         219  8 0.0048 0.0194 0.1550 0.3562 0.4646 
         222  8 0.0137 0.0283 0.0073 0.2355 0.7152 
         224  8 0.0222 0.0265 0.0321 0.0797 0.8394 
         225  8 0.0078 0.0124 0.0019 0.6273 0.3506 
         229  8 0.0016 0.0017 0.0017 0.0019 0.9930 
         231  8 0.0038 0.0032 0.0053 0.1144 0.8733 
      HRV1CP  8 0.0092 0.0061 0.0035 0.2981 0.6831 
         239  8 0.0054 0.0033 0.0026 0.0042 0.9846 
         240  8 0.0051 0.0052 0.0022 0.7678 0.2198 
         243  8 0.0898 0.0049 0.0029 0.6105 0.2919 
         248  8 0.0028 0.0019 0.0011 0.0022 0.9920 
         250  8 0.0026 0.0047 0.0016 0.5276 0.4635 
         251  8 0.0021 0.0052 0.0168 0.4126 0.5633 
         256  8 0.0018 0.0059 0.0022 0.0095 0.9806 
         260  8 0.0017 0.1665 0.0062 0.0160 0.8097 
         261  8 0.0746 0.0043 0.0055 0.0050 0.9106 
         263  8 0.0026 0.0771 0.0042 0.0232 0.8929 
         284  8 0.0234 0.0200 0.0040 0.8008 0.1517 
         285  8 0.0396 0.0095 0.0048 0.8652 0.0810 
         286  8 0.0019 0.0027 0.0340 0.0105 0.9509 
         289  8 0.0053 0.0682 0.0055 0.2042 0.7169 
         291  8 0.0142 0.0494 0.0024 0.4698 0.4641 
         292  8 0.0032 0.0072 0.0036 0.9816 0.0044 
         293  8 0.0209 0.0026 0.0068 0.6998 0.2699 
      BF0001  8 0.0019 0.0079 0.0202 0.2498 0.7202 
      BF0002  8 0.0148 0.0032 0.0726 0.0856 0.8238 
       M2AY6  8 0.0030 0.0034 0.0022 0.0028 0.9886 
     Slov472  8 0.0152 0.0035 0.0043 0.4334 0.5437 
      BF0026  8 0.0016 0.3112 0.0096 0.6728 0.0048 
      BF0028  8 0.0014 0.0063 0.0047 0.9573 0.0303 
     CK.0PP5  8 0.0106 0.0084 0.0204 0.9084 0.0521 
     CK.0PP8  8 0.0036 0.0085 0.0045 0.9562 0.0272 
     CK.0PPC  8 0.0039 0.0424 0.0134 0.9238 0.0165 
     Slov166  8 0.0018 0.0061 0.0016 0.9695 0.0210 
     Slov189  8 0.0053 0.0064 0.0402 0.8739 0.0742 
     Slov196  8 0.0021 0.0338 0.0111 0.6322 0.3209 
     Slov204  8 0.0029 0.0069 0.0014 0.9789 0.0099 
      Slov24  8 0.0045 0.1086 0.0049 0.3956 0.4865 
      Slov26  8 0.0324 0.1152 0.0117 0.8349 0.0058 
      Slov33  8 0.0030 0.0197 0.0015 0.6982 0.2776 
     Slov447  8 0.0029 0.2419 0.0043 0.4507 0.3002 
     Slov449  8 0.0058 0.0182 0.0431 0.2573 0.6756 
     Slov492  8 0.0018 0.0429 0.0021 0.9392 0.0139 
      Slov56  8 0.0079 0.7982 0.0018 0.0096 0.1826 
       Slov7  8 0.0066 0.0221 0.0098 0.8507 0.1107 
      Slov70  8 0.0229 0.0031 0.0020 0.9672 0.0048 
      Slov75  8 0.0019 0.0117 0.0018 0.9813 0.0033 
      Slov78  8 0.0058 0.0114 0.0034 0.9654 0.0140 
      Slov85  8 0.0040 0.0025 0.0016 0.0056 0.9863 
      BF0003  8 0.0123 0.0047 0.0022 0.5142 0.4666 
      BF0004  8 0.0048 0.0088 0.0129 0.1962 0.7773 
      BF0005  8 0.0024 0.2388 0.0035 0.7468 0.0086 
      BF0006  8 0.0021 0.0026 0.0029 0.9730 0.0195 
      BF0007  8 0.0040 0.0443 0.0020 0.9387 0.0111 
      BF0008  8 0.0021 0.0217 0.0088 0.9206 0.0467 
      BF000A  8 0.0028 0.0032 0.0016 0.9727 0.0196 
      BF000C  8 0.0045 0.0197 0.0082 0.0594 0.9082 
      BF000E  8 0.0169 0.0602 0.0394 0.8278 0.0557 
      BF000F  8 0.0024 0.0428 0.0095 0.3738 0.5716 
      BF000H  8 0.0049 0.0406 0.0013 0.4605 0.4928 
      BF000J  8 0.0119 0.0768 0.0022 0.5460 0.3630 
      BF000K  8 0.0032 0.0082 0.0027 0.7663 0.2196 
      BF000L  8 0.0022 0.2078 0.0038 0.0715 0.7146 
      BF000M  9 0.0038 0.0017 0.0020 0.9797 0.0128 
      BF000P  9 0.0031 0.0021 0.0020 0.9837 0.0092 
      BF000T  9 0.0045 0.0024 0.0057 0.9222 0.0651 
      BF000U  9 0.0060 0.0025 0.0026 0.9818 0.0070 
      BF000X  9 0.0021 0.0038 0.0018 0.9870 0.0053 
      BF0010  9 0.0016 0.0027 0.0011 0.9886 0.0060 
      BF0011  9 0.0048 0.0020 0.0017 0.9834 0.0081 
      BF0012  9 0.0025 0.0287 0.0068 0.9541 0.0080 
      BF0013  9 0.0102 0.0157 0.0182 0.9434 0.0125 
      BF0014  9 0.0087 0.0078 0.0025 0.9549 0.0261 
      BF0015  9 0.0030 0.0026 0.0017 0.9877 0.0050 
      BF0016  9 0.0028 0.0037 0.0044 0.9829 0.0062 
      BF0017  9 0.0015 0.0030 0.0029 0.9783 0.0144 
      BF0018  9 0.0180 0.0043 0.0033 0.9188 0.0557 
      BF001A  9 0.0018 0.0022 0.0023 0.9902 0.0035 
      BF001C  9 0.0029 0.0027 0.0015 0.9862 0.0067 
      BF001E  9 0.0031 0.0041 0.0017 0.9888 0.0023 
      BF001F  9 0.0073 0.0142 0.0062 0.9448 0.0276 
      BF001H  9 0.0019 0.0020 0.0017 0.9898 0.0046 
      BF001J  9 0.0034 0.0033 0.0013 0.9889 0.0031 
      BF001K  9 0.0081 0.0156 0.0037 0.9540 0.0186 
      BF001L  9 0.0079 0.0071 0.0021 0.9799 0.0030 
      BF001M  9 0.0094 0.0029 0.0016 0.9821 0.0040 
      BF001P  9 0.0193 0.0051 0.0015 0.9699 0.0042 
      BF001T  9 0.0027 0.0056 0.0015 0.9867 0.0035 
      BF001U  9 0.0017 0.0039 0.0026 0.9872 0.0046 
      BF001X  9 0.0016 0.0055 0.0022 0.9813 0.0094 
      BF0020  9 0.0024 0.0027 0.0026 0.9874 0.0048 
      BF0022  9 0.0025 0.0032 0.0118 0.9806 0.0019 
      BF0023  9 0.0111 0.0058 0.0034 0.9756 0.0041 
      BF0025  9 0.0054 0.0031 0.0032 0.9816 0.0067 
       h0014 10 0.0099 0.0042 0.0026 0.9798 0.0036 
       h0024 10 0.0032 0.0023 0.0013 0.9882 0.0050 
       h0034 10 0.0072 0.0067 0.0023 0.9608 0.0229 
       h0044 10 0.0019 0.0055 0.0018 0.9862 0.0046 
       h0054 10 0.0053 0.0069 0.0052 0.9606 0.0221 
       h0064 10 0.0042 0.0027 0.0041 0.9502 0.0388 
       h0074 10 0.0024 0.0110 0.0041 0.9722 0.0104 
       h0084 10 0.0027 0.0058 0.0031 0.9663 0.0222 
       h0094 10 0.0244 0.0029 0.0014 0.9639 0.0074 
       h0104 10 0.0037 0.0025 0.0024 0.9846 0.0068 
       h0114 10 0.0061 0.0038 0.0015 0.9739 0.0146 
       h0124 10 0.0019 0.0016 0.0016 0.9925 0.0024 
       h0134 10 0.0019 0.0025 0.0025 0.9907 0.0025 
       h0144 10 0.0029 0.0021 0.0018 0.9881 0.0052 
       h0154 10 0.0746 0.0327 0.0100 0.8785 0.0044 
       h0164 10 0.0023 0.0019 0.0014 0.9914 0.0030 
       h0174 10 0.0021 0.0088 0.0033 0.9820 0.0039 
       h0184 10 0.0023 0.0316 0.0024 0.9590 0.0046 
       h0194 10 0.0020 0.0057 0.0040 0.9860 0.0022 
       h0204 10 0.0093 0.0057 0.0032 0.9726 0.0091 
       h0214 10 0.0022 0.0055 0.0018 0.9829 0.0076 
       h0224 10 0.0024 0.0035 0.0033 0.9873 0.0035 
       h0234 10 0.0078 0.0093 0.0030 0.9686 0.0112 
       h0244 10 0.0013 0.0014 0.0015 0.9935 0.0023 
       h0254 10 0.0013 0.0021 0.0016 0.9910 0.0041 
       h0264 10 0.0017 0.0036 0.0027 0.9876 0.0043 
       h0274 10 0.0017 0.0032 0.0017 0.9890 0.0043 
       h0284 10 0.0016 0.0041 0.0023 0.9863 0.0057 
       h0294 10 0.0029 0.0027 0.0041 0.9828 0.0074 
       h0304 10 0.0061 0.0027 0.0017 0.9168 0.0728 
       h0314 10 0.0062 0.0055 0.0035 0.9735 0.0114 
       h0324 10 0.0207 0.0017 0.0042 0.5326 0.4407 
       h0334 10 0.0204 0.0065 0.0049 0.9129 0.0553 
       h0344 10 0.0028 0.0023 0.0017 0.9862 0.0070 
       h0354 10 0.0042 0.0030 0.0026 0.9865 0.0037 
       h0364 10 0.0039 0.0027 0.0011 0.9876 0.0048 
       h0374 10 0.0017 0.0119 0.0036 0.9499 0.0329 
       h0384 10 0.0015 0.0139 0.0022 0.9782 0.0042 
       h0394 10 0.0028 0.0035 0.0038 0.9856 0.0043 
       h0404 10 0.0085 0.0197 0.0067 0.9605 0.0046 
       h0414 10 0.0016 0.0018 0.0023 0.9922 0.0021 
       h0424 10 0.0013 0.0039 0.0017 0.9908 0.0023 
       h0434 10 0.0023 0.0033 0.0014 0.9868 0.0063 
       h0444 10 0.0043 0.0029 0.0021 0.9843 0.0064 
       h0454 10 0.0034 0.0025 0.0019 0.9897 0.0025 
       h0464 10 0.0031 0.0022 0.0013 0.9905 0.0030 
       h0474 10 0.0022 0.0023 0.0023 0.9899 0.0033 
       h0484 10 0.0021 0.0043 0.0024 0.9877 0.0035 
       h0494 10 0.0113 0.0036 0.0065 0.9740 0.0046 
       h0504 10 0.0049 0.0038 0.0019 0.9829 0.0064 
       h0514 10 0.0014 0.0022 0.0026 0.9900 0.0038 
       h0524 10 0.0027 0.0026 0.0015 0.9865 0.0067 
       h0534 10 0.0082 0.0025 0.0023 0.9693 0.0176 
       h0544 10 0.0029 0.0100 0.0035 0.9813 0.0023 
       h0554 10 0.0024 0.0141 0.0017 0.9265 0.0553 
       h0564 10 0.0017 0.0046 0.0021 0.9886 0.0030 
       h0574 10 0.0025 0.0142 0.0063 0.9178 0.0593 
       h0584 10 0.0051 0.0035 0.0017 0.9801 0.0095 
       h0594 10 0.0022 0.0112 0.0038 0.9791 0.0037 
       h0604 10 0.0015 0.0028 0.0017 0.9899 0.0040 
       h0614 10 0.0073 0.0021 0.0047 0.9707 0.0152 
       h0624 10 0.0086 0.0020 0.0016 0.9844 0.0034 
       h0634 10 0.0016 0.0034 0.0014 0.9896 0.0041 
       h0644 10 0.0021 0.0021 0.0015 0.9905 0.0039 
       h0654 10 0.0016 0.0044 0.0024 0.9892 0.0023 
       h0664 10 0.1244 0.0022 0.0028 0.8545 0.0161 
       h0674 10 0.0055 0.0050 0.0020 0.9846 0.0028 
       h0684 10 0.0063 0.0068 0.0042 0.9648 0.0178 
       h0694 10 0.0030 0.0034 0.0017 0.9882 0.0037 
       h0704 10 0.0018 0.0018 0.0019 0.9919 0.0026 
       h0714 10 0.0023 0.0027 0.0026 0.9897 0.0027 
       h0724 10 0.0017 0.0017 0.0024 0.9913 0.0029 
       h0734 10 0.0026 0.0015 0.0014 0.9912 0.0033 
       h0744 10 0.0290 0.0028 0.0019 0.9630 0.0032 
       h0754 10 0.0039 0.0036 0.0015 0.9864 0.0047 
       h0764 10 0.0064 0.0079 0.0048 0.9063 0.0746 
       h0774 10 0.0032 0.0027 0.0020 0.9856 0.0065 
       h0784 10 0.0030 0.0046 0.0021 0.9846 0.0056 
       h0794 10 0.0062 0.0027 0.0033 0.9337 0.0541 
       h0804 10 0.0108 0.0046 0.0079 0.9244 0.0523 
       h0814 10 0.0026 0.0048 0.0018 0.9876 0.0032 
       h0824 10 0.0144 0.0055 0.0043 0.9615 0.0143 
       h0834 10 0.0033 0.0033 0.0060 0.9730 0.0145 
       h0844 10 0.0034 0.0052 0.0039 0.9789 0.0086 
       h0854 10 0.0071 0.0045 0.0017 0.9755 0.0111 
       h0864 10 0.0023 0.0026 0.0021 0.9831 0.0099 
       h0874 10 0.0024 0.0016 0.0020 0.9857 0.0084 
       h0884 10 0.0021 0.0037 0.0017 0.9864 0.0060 
       h0894 10 0.0023 0.0020 0.0021 0.9910 0.0027 
       h0904 10 0.0165 0.0031 0.0016 0.9218 0.0570 
       h0914 10 0.0030 0.0017 0.0014 0.9904 0.0034 
       h0924 10 0.0032 0.0050 0.0018 0.9835 0.0064 
       h0934 10 0.0056 0.0025 0.0023 0.9818 0.0077 
       h0944 10 0.0018 0.0035 0.0016 0.9863 0.0069 
       h0954 10 0.0015 0.0190 0.0054 0.9701 0.0039 
       h0964 10 0.0026 0.0025 0.0029 0.9884 0.0037 
       h0974 10 0.0087 0.0033 0.0085 0.9487 0.0308 
       h0984 10 0.0017 0.0018 0.0016 0.9898 0.0050 
       h0994 10 0.0038 0.0021 0.0025 0.9893 0.0022 
       h1004 10 0.0088 0.0061 0.0041 0.9760 0.0049 
       h1014 10 0.0071 0.0051 0.0011 0.9829 0.0038 
       h1024 10 0.0015 0.0043 0.0037 0.9884 0.0021 
       h1034 10 0.0041 0.0026 0.0054 0.9843 0.0036 
       h1044 10 0.0031 0.0024 0.0020 0.9894 0.0031 
       h1054 10 0.0020 0.0032 0.0024 0.9898 0.0026 
       h1064 10 0.0023 0.0031 0.0018 0.9627 0.0301 
       h1074 10 0.0214 0.0017 0.0020 0.8569 0.1181 
       h1084 10 0.0097 0.0024 0.0014 0.9714 0.0151 
       h1094 10 0.0030 0.0018 0.0016 0.9864 0.0072 
       h1104 10 0.0107 0.0043 0.0025 0.9791 0.0034 
       h1114 10 0.0033 0.0031 0.0019 0.9868 0.0048 
       h1124 10 0.0079 0.0029 0.0014 0.9852 0.0026 
       h1134 10 0.0051 0.0056 0.0039 0.9792 0.0062 
       h1144 10 0.0023 0.0064 0.0016 0.9870 0.0027 
       h1154 10 0.0045 0.0054 0.0027 0.9812 0.0062 
       h1164 10 0.0014 0.0065 0.0029 0.9854 0.0037 
       h1174 10 0.0018 0.0026 0.0017 0.9869 0.0071 
       h1184 10 0.0022 0.0017 0.0045 0.9781 0.0135 
       h1194 10 0.0024 0.0045 0.0028 0.9871 0.0032 
       h1204 10 0.0013 0.0023 0.0015 0.9899 0.0049 
       h1214 10 0.0026 0.0112 0.0044 0.9366 0.0452 
       h1224 10 0.0023 0.0019 0.0021 0.9908 0.0028 
       h1234 10 0.0023 0.0019 0.0044 0.9868 0.0046 
       h1244 10 0.0219 0.0092 0.0031 0.9140 0.0518 
       h1254 10 0.0057 0.0080 0.0041 0.9796 0.0026 
     CX.10JP 11 0.0024 0.0026 0.0018 0.9898 0.0034 
     CX.10JX 11 0.0038 0.0121 0.0056 0.9732 0.0054 
     CX.10K0 11 0.0050 0.0046 0.0023 0.9842 0.0039 
     CX.10K5 11 0.0071 0.0116 0.0017 0.9702 0.0095 
     CX.10K6 11 0.0026 0.0023 0.0014 0.9914 0.0024 
     CX.10K7 11 0.0029 0.0041 0.0021 0.9867 0.0042 
     CX.10KA 11 0.0014 0.0054 0.0072 0.9826 0.0033 
     CX.10KC 11 0.0017 0.0031 0.0067 0.9853 0.0031 
     CX.10KH 11 0.0027 0.0062 0.0094 0.9778 0.0039 
     CX.10KL 11 0.0735 0.0168 0.0064 0.9000 0.0033 
     CX.10KM 11 0.0016 0.0023 0.0018 0.9922 0.0021 
     CX.10KT 11 0.0026 0.0109 0.0019 0.9821 0.0025 
     CX.10KU 11 0.0021 0.0055 0.0018 0.9835 0.0071 
     CX.10KX 11 0.0027 0.0026 0.0019 0.9894 0.0035 
     CX.10L0 11 0.0026 0.0050 0.0034 0.9578 0.0312 
     CX.10L6 11 0.0024 0.0050 0.0018 0.9876 0.0032 
     CX.10L7 11 0.0032 0.0085 0.0027 0.9803 0.0054 
     CX.10L8 11 0.0095 0.0188 0.0335 0.8990 0.0392 
     CX.10LA 11 0.0050 0.0035 0.0018 0.9831 0.0065 
     CX.10LE 11 0.0047 0.1118 0.0044 0.8744 0.0046 
     CX.10LH 11 0.0027 0.0036 0.0024 0.9882 0.0031 
     CX.10LK 11 0.0043 0.0023 0.0019 0.9882 0.0033 
     CX.10LL 11 0.0013 0.0042 0.0018 0.9896 0.0032 
     CX.10LP 11 0.0058 0.0108 0.0111 0.9669 0.0054 
     CX.10LT 11 0.0017 0.0027 0.0056 0.9879 0.0021 
     CX.10LU 11 0.0043 0.0031 0.0016 0.9865 0.0045 
     CX.10M1 11 0.0017 0.0087 0.0021 0.9839 0.0036 
     CX.10M2 11 0.0015 0.0035 0.0012 0.9913 0.0024 
     CX.10M3 11 0.0022 0.0039 0.0028 0.9842 0.0069 
     CX.10M5 11 0.0028 0.0029 0.0022 0.9856 0.0064 
     CX.10M6 11 0.0024 0.0056 0.0021 0.9867 0.0033 
     CX.10M7 11 0.0069 0.0048 0.0048 0.9599 0.0236 
     CX.10M8 11 0.0043 0.0051 0.0021 0.9841 0.0044 
     CX.10P3 11 0.0116 0.0110 0.0017 0.9628 0.0129 
     CX.10P7 11 0.0029 0.0044 0.0016 0.9811 0.0100 
     CX.10PC 11 0.0037 0.0036 0.0013 0.9859 0.0054 
     CX.10PE 11 0.0014 0.0051 0.0014 0.9890 0.0031 
     CX.10PU 11 0.0072 0.0054 0.0030 0.9787 0.0058 
     CX.10PX 11 0.0019 0.0072 0.0020 0.9849 0.0040 
     CX.10T0 11 0.0020 0.0199 0.0023 0.9679 0.0079 
     CX.10T2 11 0.0023 0.0034 0.0012 0.9893 0.0038 
     CX.10JT 11 0.0027 0.0025 0.0106 0.9807 0.0035 
     CX.10JY 11 0.0040 0.0350 0.0019 0.9557 0.0034 
     CX.10K4 11 0.0030 0.0045 0.0028 0.9858 0.0039 
     CX.10KE 11 0.0019 0.0140 0.0021 0.9796 0.0024 
     CX.10KY 11 0.0017 0.0024 0.0014 0.9924 0.0022 
     CX.10L2 11 0.0029 0.0026 0.0022 0.9891 0.0031 
     CX.10L3 11 0.0022 0.0253 0.0035 0.9554 0.0136 
     CX.10LF 11 0.0033 0.0044 0.0024 0.9861 0.0038 
     CX.10LM 11 0.0033 0.0198 0.0052 0.8198 0.1520 
     CX.10LY 11 0.0070 0.0416 0.0083 0.8681 0.0750 
     CX.10M0 11 0.0025 0.0021 0.0022 0.9903 0.0029 
     CX.10MA 11 0.0090 0.0087 0.0024 0.9619 0.0180 
       h0015 12 0.0024 0.0058 0.0025 0.9859 0.0034 
       h0025 12 0.0026 0.0048 0.0017 0.9883 0.0026 
       h0035 12 0.0038 0.0063 0.0082 0.9784 0.0032 
       h0045 12 0.0019 0.0096 0.0052 0.9801 0.0031 
       h0055 12 0.0016 0.0029 0.0015 0.9916 0.0024 
       h0065 12 0.0015 0.0033 0.0026 0.9888 0.0038 
       h0075 12 0.0090 0.0046 0.0018 0.9810 0.0036 
       h0085 12 0.0025 0.0026 0.0020 0.9910 0.0019 
       h0095 12 0.0024 0.0021 0.0059 0.9848 0.0048 
       h0105 12 0.0034 0.0257 0.0020 0.9648 0.0041 
       h0115 12 0.0051 0.0051 0.0030 0.9800 0.0067 
       h0125 12 0.0032 0.0037 0.0155 0.9744 0.0033 
       h0135 12 0.0023 0.0039 0.0018 0.9792 0.0129 
       h0145 12 0.0019 0.0026 0.0018 0.9908 0.0028 
       h0155 12 0.0021 0.0053 0.0017 0.9884 0.0026 
       h0165 12 0.0074 0.0029 0.0019 0.9833 0.0045 
       h0175 12 0.0027 0.0027 0.0018 0.9839 0.0088 
       h0185 12 0.0014 0.0107 0.0016 0.9832 0.0031 
       h0195 12 0.0024 0.0023 0.0012 0.9917 0.0023 
       h0205 12 0.0020 0.0042 0.0014 0.9897 0.0028 
       h0215 12 0.0055 0.0175 0.0021 0.9679 0.0071 
       h0225 12 0.0035 0.0038 0.0102 0.7334 0.2491 
       h0235 12 0.0017 0.0023 0.0017 0.9916 0.0027 
       h0245 12 0.0023 0.0044 0.0017 0.9860 0.0057 
       h0255 12 0.0021 0.0226 0.0051 0.9457 0.0244 
       h0265 12 0.0019 0.0019 0.0074 0.9866 0.0023 
       h0275 12 0.0039 0.0041 0.0020 0.9872 0.0029 
       h0285 12 0.0015 0.0030 0.0022 0.9912 0.0020 
       h0295 12 0.0020 0.0358 0.0020 0.9364 0.0239 
       h0305 12 0.0029 0.0022 0.0015 0.9896 0.0039 
       h0315 12 0.0043 0.0039 0.0030 0.9830 0.0058 
       h0325 12 0.0019 0.0046 0.0019 0.9896 0.0020 
       h0335 12 0.0045 0.0246 0.0032 0.9645 0.0032 
       h0345 12 0.0017 0.0169 0.0022 0.9761 0.0030 
       h0355 12 0.0038 0.0030 0.0021 0.9853 0.0057 
       h0365 12 0.0029 0.0049 0.0024 0.9864 0.0035 
       h0375 12 0.0017 0.0109 0.0020 0.9778 0.0077 
       h0385 12 0.0030 0.0051 0.0025 0.9864 0.0030 
       h0395 12 0.0027 0.0036 0.0012 0.9893 0.0032 
       h0405 12 0.0022 0.0034 0.0012 0.9892 0.0040 
       h0415 12 0.0033 0.0024 0.0015 0.9877 0.0051 
       h0425 12 0.0055 0.0025 0.0021 0.9846 0.0053 
       h0435 12 0.0040 0.0032 0.0208 0.9684 0.0035 
       h0445 12 0.0205 0.0063 0.0012 0.9666 0.0054 
       h0455 12 0.0028 0.0105 0.0018 0.9675 0.0175 
       h0465 12 0.0015 0.0034 0.0015 0.9906 0.0030 
       h0475 12 0.0026 0.0050 0.0026 0.9847 0.0052 
       h0485 12 0.0028 0.0063 0.0017 0.9860 0.0033 
       h0495 12 0.0017 0.0019 0.0021 0.9899 0.0044 
       h0505 12 0.0018 0.0203 0.0016 0.9737 0.0026 
       h0515 12 0.0017 0.0023 0.0015 0.9926 0.0018 
       h0525 12 0.0035 0.0071 0.0026 0.9810 0.0059 
       h0535 12 0.0032 0.0127 0.0016 0.9801 0.0024 
       h0545 12 0.0060 0.0046 0.0027 0.9824 0.0044 
       h0555 12 0.0018 0.0313 0.0020 0.9609 0.0040 
       h0565 12 0.0119 0.0096 0.0048 0.9384 0.0353 
       h0575 12 0.0037 0.0049 0.0019 0.9855 0.0039 
       h0585 12 0.0014 0.0340 0.0019 0.9593 0.0034 
       h0595 12 0.0034 0.0028 0.0026 0.9877 0.0035 
       h0605 12 0.0058 0.0077 0.0024 0.9742 0.0099 
       h0615 12 0.0015 0.0138 0.0029 0.9796 0.0022 
       h0625 12 0.0023 0.0023 0.0026 0.9897 0.0032 
       h0635 12 0.0046 0.0063 0.0026 0.9760 0.0105 
       h0645 12 0.0027 0.0097 0.0049 0.9795 0.0031 
       h0655 12 0.0081 0.0050 0.0033 0.9758 0.0078 
       h0665 12 0.0022 0.0020 0.0014 0.9884 0.0061 
       h0675 12 0.0028 0.0050 0.0023 0.9861 0.0037 
       h0685 12 0.0028 0.0066 0.0030 0.9684 0.0193 
       h0695 12 0.0361 0.0129 0.0180 0.9273 0.0057 
       h0705 12 0.0017 0.0104 0.0074 0.9781 0.0025 
       h0715 12 0.0015 0.0027 0.0025 0.9888 0.0045 
       h0725 12 0.0039 0.0024 0.0038 0.9781 0.0118 
       h0735 12 0.0023 0.0044 0.0024 0.9880 0.0029 
       h0745 12 0.0043 0.0065 0.0081 0.9773 0.0038 
       h0755 12 0.0027 0.0061 0.0025 0.9821 0.0064 
       h0765 12 0.0029 0.0074 0.0023 0.9849 0.0025 
       h0775 12 0.0017 0.0033 0.0030 0.9892 0.0028 
       h0785 12 0.0018 0.0059 0.0015 0.9835 0.0073 
       h0795 12 0.0040 0.0148 0.0020 0.9749 0.0043 
       h0805 12 0.0011 0.0040 0.0046 0.9776 0.0127 
       h0815 12 0.0079 0.0308 0.0039 0.9528 0.0046 
       h0825 12 0.0028 0.0145 0.0056 0.9730 0.0041 
       h0835 12 0.0036 0.0047 0.0022 0.9839 0.0058 
       h0845 12 0.0067 0.0085 0.0027 0.9772 0.0048 
       h0855 12 0.0027 0.0024 0.0031 0.9891 0.0026 
       h0865 12 0.0038 0.0049 0.0025 0.9841 0.0047 
       h0875 12 0.0012 0.0059 0.0031 0.9835 0.0064 
       h0885 12 0.0024 0.0066 0.0021 0.9840 0.0048 
       h0895 12 0.0031 0.0128 0.0022 0.9788 0.0031 
       h0905 12 0.0027 0.0022 0.0047 0.9873 0.0031 
       h0915 12 0.0025 0.0049 0.0022 0.9771 0.0133 
       h0925 12 0.0025 0.0027 0.0042 0.9864 0.0042 
       h0935 12 0.0076 0.0122 0.0034 0.9586 0.0181 
       h0945 12 0.0087 0.0070 0.0022 0.9561 0.0260 
       h0955 12 0.0037 0.0037 0.0012 0.9863 0.0051 
       h0965 12 0.0082 0.0047 0.0015 0.9802 0.0053 
       h0975 12 0.0025 0.0038 0.0023 0.9892 0.0022 
       h0985 12 0.0045 0.0087 0.0031 0.9794 0.0043 
       h0995 12 0.0049 0.0086 0.0019 0.9611 0.0235 
       h1005 12 0.0023 0.0030 0.0023 0.9870 0.0054 
       h1015 12 0.0024 0.0025 0.0019 0.9907 0.0025 
       h1025 12 0.0053 0.0051 0.0019 0.9819 0.0058 
       h1035 12 0.0036 0.0059 0.0020 0.9855 0.0029 
       h1045 12 0.0022 0.0024 0.0041 0.9893 0.0020 
       h1055 12 0.0035 0.0457 0.0031 0.9217 0.0260 
       h1065 12 0.0035 0.0222 0.0022 0.9673 0.0047 
       h1075 12 0.0020 0.0043 0.0018 0.9851 0.0068 
       h1085 12 0.0040 0.0033 0.0012 0.9854 0.0060 
       h1095 12 0.0020 0.0038 0.0026 0.9894 0.0022 
       h1105 12 0.0020 0.0030 0.0019 0.9882 0.0049 
       h1115 12 0.0014 0.0031 0.0021 0.9892 0.0042 
       h1125 12 0.0024 0.0023 0.0016 0.9914 0.0023 
       h1135 12 0.0018 0.0044 0.0043 0.9865 0.0030 
       h1145 12 0.0031 0.0100 0.0032 0.9809 0.0027 
       h1155 12 0.0026 0.0035 0.0027 0.9780 0.0133 
       h1165 12 0.0015 0.0037 0.0030 0.9892 0.0025 
       h1175 12 0.0208 0.0142 0.0034 0.8534 0.1083 
       h1185 12 0.0013 0.0158 0.0033 0.9682 0.0113 
       h1195 12 0.0038 0.0043 0.0022 0.9764 0.0133 
       h1205 12 0.0013 0.0034 0.0018 0.9916 0.0019 
       h1215 12 0.0021 0.0023 0.0019 0.9903 0.0034 
       h1225 12 0.0039 0.0029 0.0037 0.9801 0.0094 
       h1235 12 0.0030 0.0023 0.0014 0.9858 0.0074 
       h1245 12 0.0069 0.0079 0.0027 0.9766 0.0060 
       h1255 12 0.0018 0.0034 0.0016 0.9911 0.0021 
     CK.0PLA 13 0.9883 0.0030 0.0025 0.0028 0.0035 
     CK.0PLC 13 0.9834 0.0031 0.0034 0.0042 0.0058 
     CK.0PLE 13 0.9911 0.0023 0.0014 0.0028 0.0023 
     CK.0PLF 13 0.9672 0.0081 0.0050 0.0091 0.0107 
     CK.0PLH 13 0.9927 0.0017 0.0016 0.0013 0.0026 
     CK.0PLJ 13 0.9787 0.0023 0.0020 0.0129 0.0041 
     CK.0PLK 13 0.9928 0.0020 0.0012 0.0016 0.0024 
     CK.0PLL 13 0.9921 0.0017 0.0019 0.0021 0.0023 
     CK.0PLM 13 0.9914 0.0028 0.0019 0.0019 0.0020 
     CK.0PLP 13 0.9912 0.0019 0.0016 0.0023 0.0029 
     CK.0PLT 13 0.9947 0.0013 0.0011 0.0014 0.0015 
     CK.0PLU 13 0.9929 0.0018 0.0015 0.0017 0.0021 
     CK.0PLX 13 0.9884 0.0037 0.0027 0.0021 0.0031 
     CK.0PLY 13 0.9945 0.0013 0.0011 0.0014 0.0016 
     CK.0PM0 13 0.9921 0.0020 0.0015 0.0021 0.0024 
     CK.0PM1 13 0.9940 0.0015 0.0012 0.0014 0.0017 
     CK.0PM2 13 0.9853 0.0072 0.0023 0.0024 0.0029 
     CK.0PM3 13 0.9934 0.0014 0.0018 0.0016 0.0018 
     CK.0PM4 13 0.9900 0.0019 0.0028 0.0033 0.0020 
     CK.0PM7 13 0.9934 0.0015 0.0014 0.0020 0.0016 
     CK.0PM8 13 0.9942 0.0014 0.0012 0.0017 0.0014 
     CK.0PMA 13 0.9910 0.0026 0.0021 0.0023 0.0020 
       M2C06 13 0.9937 0.0014 0.0014 0.0019 0.0016 
       M2C07 13 0.9952 0.0012 0.0010 0.0012 0.0013 
       M2C08 13 0.9955 0.0011 0.0010 0.0011 0.0013 
       M2C0A 13 0.9937 0.0016 0.0014 0.0015 0.0018 
       M2C0C 13 0.9937 0.0015 0.0012 0.0018 0.0018 
       M2C0E 13 0.9941 0.0013 0.0014 0.0014 0.0018 
       h0012 14 0.9865 0.0027 0.0054 0.0033 0.0021 
       h0022 14 0.9934 0.0016 0.0015 0.0019 0.0016 
       h0032 14 0.9946 0.0013 0.0011 0.0015 0.0015 
       h0042 14 0.9928 0.0020 0.0012 0.0022 0.0018 
       h0052 14 0.9899 0.0017 0.0033 0.0032 0.0018 
       h0062 14 0.9930 0.0017 0.0020 0.0016 0.0017 
       h0072 14 0.9946 0.0013 0.0011 0.0016 0.0014 
       h0082 14 0.9947 0.0013 0.0012 0.0013 0.0014 
       h0092 14 0.9942 0.0015 0.0012 0.0015 0.0016 
       h0102 14 0.9929 0.0018 0.0013 0.0018 0.0022 
       h0112 14 0.9935 0.0015 0.0011 0.0018 0.0020 
       h0122 14 0.9936 0.0012 0.0012 0.0016 0.0024 
       h0132 14 0.9894 0.0018 0.0020 0.0037 0.0031 
       h0142 14 0.9877 0.0016 0.0022 0.0026 0.0059 
       h0152 14 0.9887 0.0048 0.0017 0.0022 0.0026 
       h0162 14 0.9938 0.0014 0.0012 0.0019 0.0017 
       h0172 14 0.9941 0.0014 0.0015 0.0015 0.0016 
       h0182 14 0.9907 0.0015 0.0019 0.0041 0.0018 
       h0192 14 0.9938 0.0015 0.0013 0.0014 0.0019 
       h0202 14 0.9708 0.0118 0.0071 0.0037 0.0066 
       h0212 14 0.9930 0.0018 0.0018 0.0017 0.0017 
       h0222 14 0.9932 0.0014 0.0017 0.0018 0.0019 
       h0232 14 0.9932 0.0020 0.0015 0.0014 0.0018 
       h0242 14 0.9933 0.0015 0.0023 0.0014 0.0015 
       h0252 14 0.9902 0.0026 0.0029 0.0020 0.0022 
       h0262 14 0.9930 0.0015 0.0012 0.0022 0.0021 
       h0272 14 0.9935 0.0015 0.0011 0.0020 0.0018 
       h0282 14 0.9853 0.0033 0.0020 0.0028 0.0066 
       h0292 14 0.9916 0.0033 0.0015 0.0017 0.0018 
       h0302 14 0.9917 0.0022 0.0018 0.0022 0.0021 
       h0312 14 0.9944 0.0011 0.0013 0.0017 0.0015 
       h0322 14 0.9946 0.0013 0.0012 0.0014 0.0015 
       h0332 14 0.9889 0.0038 0.0016 0.0027 0.0030 
       h0342 14 0.9899 0.0014 0.0024 0.0026 0.0037 
       h0352 14 0.9893 0.0033 0.0020 0.0026 0.0027 
       h0362 14 0.9864 0.0042 0.0029 0.0025 0.0041 
       h0372 14 0.9910 0.0023 0.0019 0.0022 0.0026 
       h0382 14 0.9792 0.0075 0.0039 0.0016 0.0077 
       h0392 14 0.9945 0.0014 0.0011 0.0014 0.0015 
       h0402 14 0.9925 0.0019 0.0015 0.0016 0.0025 
       h0412 14 0.9938 0.0013 0.0011 0.0018 0.0020 
       h0422 14 0.9882 0.0027 0.0042 0.0026 0.0022 
       h0432 14 0.9932 0.0013 0.0015 0.0016 0.0024 
       h0442 14 0.9931 0.0019 0.0015 0.0019 0.0016 
       h0452 14 0.9939 0.0015 0.0012 0.0015 0.0020 
       h0462 14 0.9930 0.0021 0.0016 0.0016 0.0017 
       h0472 14 0.9941 0.0011 0.0013 0.0015 0.0020 
       h0482 14 0.9864 0.0040 0.0024 0.0047 0.0025 
       h0492 14 0.9918 0.0019 0.0012 0.0019 0.0032 
       h0502 14 0.9944 0.0012 0.0013 0.0015 0.0016 
       h0512 14 0.9927 0.0016 0.0018 0.0018 0.0021 
       h0522 14 0.9883 0.0029 0.0038 0.0027 0.0021 
       h0532 14 0.9934 0.0017 0.0015 0.0018 0.0016 
       h0542 14 0.9920 0.0020 0.0017 0.0019 0.0025 
       h0552 14 0.9932 0.0016 0.0011 0.0016 0.0025 
       h0562 14 0.9892 0.0026 0.0026 0.0027 0.0029 
       h0572 14 0.9940 0.0012 0.0013 0.0019 0.0016 
       h0582 14 0.9928 0.0020 0.0016 0.0017 0.0019 
       h0592 14 0.9933 0.0017 0.0016 0.0016 0.0018 
       h0602 14 0.9924 0.0022 0.0020 0.0016 0.0018 
       h0612 14 0.9916 0.0015 0.0025 0.0021 0.0023 
       h0622 14 0.9906 0.0022 0.0021 0.0015 0.0035 
       h0632 14 0.9877 0.0039 0.0018 0.0033 0.0033 
       h0642 14 0.9940 0.0016 0.0015 0.0013 0.0016 
       h0652 14 0.9918 0.0014 0.0018 0.0023 0.0027 
       h0662 14 0.9939 0.0013 0.0016 0.0014 0.0017 
       h0672 14 0.9903 0.0026 0.0021 0.0026 0.0024 
       h0682 14 0.9936 0.0014 0.0012 0.0021 0.0017 
       h0692 14 0.9900 0.0017 0.0018 0.0030 0.0034 
       h0702 14 0.9927 0.0017 0.0018 0.0021 0.0018 
       h0712 14 0.9927 0.0016 0.0019 0.0019 0.0019 
       h0722 14 0.9930 0.0015 0.0018 0.0021 0.0016 
       h0732 14 0.9914 0.0017 0.0016 0.0033 0.0020 
       h0742 14 0.9937 0.0015 0.0012 0.0021 0.0015 
       h0752 14 0.9921 0.0020 0.0016 0.0019 0.0024 
       h0762 14 0.9930 0.0017 0.0013 0.0020 0.0019 
       h0772 14 0.9942 0.0015 0.0013 0.0013 0.0017 
       h0782 14 0.9934 0.0018 0.0014 0.0016 0.0017 
       h0792 14 0.9936 0.0013 0.0014 0.0015 0.0023 
       h0802 14 0.9929 0.0017 0.0013 0.0016 0.0024 
       h0812 14 0.9953 0.0011 0.0011 0.0012 0.0013 
       h0822 14 0.9948 0.0013 0.0010 0.0015 0.0014 
       h0832 14 0.9945 0.0011 0.0014 0.0012 0.0018 
       h0842 14 0.9942 0.0016 0.0011 0.0014 0.0018 
       h0852 14 0.9905 0.0025 0.0013 0.0036 0.0021 
       h0862 14 0.9893 0.0039 0.0016 0.0023 0.0029 
       h0872 14 0.9945 0.0012 0.0014 0.0015 0.0014 
       h0882 14 0.9941 0.0012 0.0012 0.0013 0.0022 
       h0892 14 0.9923 0.0025 0.0017 0.0017 0.0018 
       h0902 14 0.9905 0.0017 0.0032 0.0028 0.0018 
       h0912 14 0.9888 0.0021 0.0011 0.0033 0.0047 
       h0922 14 0.9912 0.0020 0.0028 0.0019 0.0021 
       h0932 14 0.9944 0.0014 0.0014 0.0014 0.0014 
       h0942 14 0.9893 0.0020 0.0014 0.0032 0.0040 
       h0952 14 0.9929 0.0025 0.0012 0.0015 0.0018 
       h0962 14 0.9858 0.0024 0.0029 0.0058 0.0031 
       h0972 14 0.9937 0.0014 0.0014 0.0018 0.0018 
       h0982 14 0.9882 0.0017 0.0040 0.0036 0.0025 
       h0992 14 0.9935 0.0013 0.0017 0.0021 0.0014 
       h1002 14 0.9907 0.0024 0.0014 0.0026 0.0029 
       h1012 14 0.9937 0.0016 0.0012 0.0019 0.0016 
       h1022 14 0.9941 0.0014 0.0014 0.0016 0.0015 
       h1032 14 0.9941 0.0013 0.0014 0.0016 0.0015 
       h1042 14 0.9921 0.0021 0.0014 0.0026 0.0018 
       h1052 14 0.9945 0.0012 0.0013 0.0015 0.0016 
       h1062 14 0.9930 0.0019 0.0012 0.0017 0.0021 
       h1072 14 0.9908 0.0025 0.0025 0.0018 0.0024 
       h1082 14 0.9910 0.0019 0.0021 0.0027 0.0023 
       h1092 14 0.9943 0.0011 0.0013 0.0015 0.0018 
       h1102 14 0.9929 0.0020 0.0015 0.0015 0.0021 
       h1112 14 0.9880 0.0029 0.0027 0.0033 0.0031 
       h1122 14 0.9908 0.0018 0.0019 0.0023 0.0032 
       h1132 14 0.9873 0.0027 0.0031 0.0031 0.0038 
       h1142 14 0.9922 0.0021 0.0016 0.0023 0.0018 
       h1152 14 0.9845 0.0020 0.0087 0.0025 0.0022 
       h1162 14 0.9938 0.0012 0.0018 0.0015 0.0016 
       h1172 14 0.9940 0.0013 0.0012 0.0015 0.0020 
       h1182 14 0.9953 0.0011 0.0010 0.0012 0.0013 
       h1192 14 0.9926 0.0023 0.0014 0.0016 0.0020 
       h1202 14 0.9876 0.0035 0.0024 0.0032 0.0033 
       h1212 14 0.9899 0.0032 0.0015 0.0023 0.0031 
       h1222 14 0.9950 0.0010 0.0011 0.0012 0.0017 
       h1232 14 0.9939 0.0011 0.0012 0.0015 0.0023 
       h1242 14 0.9924 0.0016 0.0017 0.0021 0.0023 
       h1252 14 0.9947 0.0012 0.0013 0.0014 0.0014 
       h1262 14 0.9897 0.0014 0.0016 0.0055 0.0019 
       h1272 14 0.9937 0.0012 0.0012 0.0016 0.0023 
       h1282 14 0.9937 0.0011 0.0012 0.0017 0.0023 
       h1292 14 0.9945 0.0014 0.0013 0.0013 0.0015 
       h1302 14 0.9941 0.0012 0.0010 0.0014 0.0023 
       h1312 14 0.9883 0.0027 0.0027 0.0036 0.0027 
       h1322 14 0.9908 0.0020 0.0020 0.0023 0.0029 
       h1332 14 0.9932 0.0016 0.0019 0.0016 0.0017 
       h1342 14 0.9819 0.0050 0.0033 0.0053 0.0044 
       h1352 14 0.9947 0.0013 0.0013 0.0013 0.0014 
       h1362 14 0.9939 0.0017 0.0015 0.0015 0.0013 
       h1372 14 0.9951 0.0013 0.0012 0.0012 0.0012 
       h1382 14 0.9944 0.0013 0.0013 0.0015 0.0016 
       h1392 14 0.9918 0.0020 0.0016 0.0022 0.0024 
       h1402 14 0.9927 0.0022 0.0016 0.0018 0.0018 
       h1412 14 0.9940 0.0013 0.0014 0.0015 0.0018 
       h1422 14 0.9949 0.0012 0.0014 0.0012 0.0014 
       h1432 14 0.9902 0.0032 0.0016 0.0025 0.0026 
       h1442 14 0.9839 0.0042 0.0017 0.0049 0.0052 
       h1452 14 0.9925 0.0014 0.0018 0.0025 0.0016 
       h1462 14 0.9886 0.0035 0.0034 0.0019 0.0026 
       h1472 14 0.9920 0.0018 0.0017 0.0023 0.0022 
       h1482 14 0.9942 0.0013 0.0014 0.0015 0.0016 
       h1492 14 0.9883 0.0055 0.0019 0.0023 0.0020 
       h1502 14 0.9917 0.0016 0.0016 0.0020 0.0032 
       h1512 14 0.9905 0.0017 0.0030 0.0028 0.0021 
       h1522 14 0.9935 0.0017 0.0014 0.0018 0.0015 
       h1532 14 0.9920 0.0020 0.0014 0.0018 0.0029 
       h1542 14 0.9942 0.0017 0.0014 0.0013 0.0015 
       h1552 14 0.9920 0.0020 0.0024 0.0018 0.0018 
       h1562 14 0.9938 0.0015 0.0015 0.0016 0.0015 
       h1572 14 0.9933 0.0014 0.0018 0.0020 0.0015 
       h1582 14 0.9928 0.0021 0.0015 0.0014 0.0021 
       h1592 14 0.9928 0.0018 0.0013 0.0021 0.0021 
       h1602 14 0.9759 0.0172 0.0030 0.0023 0.0015 
       h1612 14 0.9943 0.0014 0.0015 0.0013 0.0015 
       h1622 14 0.9729 0.0044 0.0058 0.0105 0.0063 
       h1632 14 0.9946 0.0011 0.0010 0.0016 0.0017 
       h1642 14 0.9928 0.0016 0.0016 0.0019 0.0022 
       h1652 14 0.9935 0.0013 0.0016 0.0016 0.0019 
       h1662 14 0.9875 0.0031 0.0024 0.0036 0.0033 
       h1672 14 0.9940 0.0017 0.0013 0.0013 0.0016 
       h1682 14 0.9926 0.0024 0.0011 0.0018 0.0020 
       h1692 14 0.9893 0.0047 0.0020 0.0017 0.0022 
       h1702 14 0.9936 0.0018 0.0015 0.0015 0.0016 
       h1712 14 0.9928 0.0013 0.0018 0.0017 0.0024 
       h1722 14 0.9921 0.0019 0.0025 0.0019 0.0016 
       h1732 14 0.9933 0.0015 0.0013 0.0017 0.0022 
       h1742 14 0.9907 0.0032 0.0013 0.0020 0.0028 
       h1752 14 0.9891 0.0041 0.0016 0.0021 0.0030 
       h1762 14 0.9885 0.0040 0.0015 0.0031 0.0028 
       h1772 14 0.9865 0.0040 0.0025 0.0039 0.0030 
       h1782 14 0.9906 0.0018 0.0012 0.0030 0.0034 
       h1792 14 0.9920 0.0017 0.0027 0.0019 0.0016 
       h1802 14 0.9941 0.0017 0.0013 0.0012 0.0017 
       h1812 14 0.9946 0.0011 0.0013 0.0013 0.0017 
       h1822 14 0.9758 0.0054 0.0022 0.0032 0.0135 
       h1832 14 0.9917 0.0029 0.0012 0.0016 0.0026 
       h1842 14 0.9931 0.0014 0.0016 0.0013 0.0026 
       h1852 14 0.9860 0.0042 0.0026 0.0034 0.0037 
       h1862 14 0.9912 0.0022 0.0014 0.0025 0.0026 
       h1872 14 0.9936 0.0016 0.0014 0.0016 0.0019 
       h1882 14 0.9931 0.0015 0.0016 0.0019 0.0019 
       h1892 14 0.9942 0.0014 0.0010 0.0016 0.0018 
       h1902 14 0.9900 0.0019 0.0022 0.0019 0.0040 
       h1912 14 0.9932 0.0019 0.0014 0.0016 0.0019 
       h1922 14 0.9922 0.0021 0.0019 0.0014 0.0023 
       h1932 14 0.9917 0.0019 0.0013 0.0027 0.0025 
       h1942 14 0.9944 0.0011 0.0011 0.0016 0.0017 
       h1952 14 0.9933 0.0014 0.0014 0.0022 0.0017 
       h1962 14 0.9932 0.0019 0.0016 0.0015 0.0017 
       h1972 14 0.9930 0.0016 0.0011 0.0013 0.0030 
       h1982 14 0.9945 0.0013 0.0013 0.0014 0.0015 
       h1992 14 0.9902 0.0021 0.0013 0.0042 0.0023 
       h2002 14 0.9946 0.0011 0.0012 0.0015 0.0016 
       h2012 14 0.9943 0.0013 0.0014 0.0013 0.0017 
       h2022 14 0.9935 0.0014 0.0016 0.0016 0.0019 
       h2032 14 0.9805 0.0065 0.0027 0.0056 0.0047 
       h2042 14 0.9930 0.0015 0.0016 0.0017 0.0022 
       h2052 14 0.9880 0.0034 0.0030 0.0023 0.0033 
       h2062 14 0.9947 0.0012 0.0013 0.0012 0.0016 
       h2072 14 0.9930 0.0020 0.0013 0.0014 0.0022 
       h2082 14 0.9940 0.0013 0.0013 0.0015 0.0019 
       h2092 14 0.9849 0.0069 0.0021 0.0034 0.0027 
       h2102 14 0.9919 0.0024 0.0012 0.0025 0.0021 
       h2112 14 0.9946 0.0012 0.0011 0.0014 0.0017 
       h2122 14 0.9943 0.0012 0.0012 0.0015 0.0018 
       h2132 14 0.9916 0.0023 0.0019 0.0017 0.0025 
       h2142 14 0.9947 0.0013 0.0014 0.0011 0.0015 
       h2152 14 0.9864 0.0020 0.0033 0.0033 0.0050 
       h2162 14 0.9909 0.0026 0.0013 0.0018 0.0033 
       h2172 14 0.9893 0.0030 0.0018 0.0035 0.0024 
       h2182 14 0.9927 0.0016 0.0015 0.0022 0.0021 
       h2192 14 0.9909 0.0025 0.0015 0.0023 0.0027 
       h2202 14 0.9941 0.0013 0.0014 0.0014 0.0018 
       h2212 14 0.9942 0.0013 0.0012 0.0015 0.0018 
       h2222 14 0.9949 0.0013 0.0011 0.0012 0.0015 
       h2232 14 0.9941 0.0014 0.0011 0.0016 0.0018 
       h2242 14 0.9942 0.0014 0.0010 0.0013 0.0021 
       h2252 14 0.9928 0.0015 0.0015 0.0018 0.0024 
       h2262 14 0.9936 0.0013 0.0012 0.0023 0.0016 
       h2272 14 0.9939 0.0013 0.0015 0.0016 0.0017 
       h2282 14 0.9918 0.0025 0.0015 0.0020 0.0022 
       h2292 14 0.9941 0.0014 0.0015 0.0014 0.0016 
       h2302 14 0.9926 0.0015 0.0019 0.0018 0.0021 
       h2312 14 0.9625 0.0278 0.0033 0.0040 0.0025 
       h2322 14 0.9922 0.0017 0.0017 0.0023 0.0021 
       h2332 14 0.9936 0.0014 0.0014 0.0018 0.0018 
       h2342 14 0.9936 0.0014 0.0015 0.0016 0.0018 
       h2352 14 0.9943 0.0012 0.0011 0.0016 0.0018 
       h2362 14 0.9905 0.0031 0.0015 0.0017 0.0032 
       h2372 14 0.9920 0.0016 0.0016 0.0026 0.0022 
       h2382 14 0.9924 0.0019 0.0018 0.0017 0.0023 
       h2392 14 0.9878 0.0036 0.0020 0.0031 0.0035 
       h2402 14 0.9809 0.0055 0.0018 0.0048 0.0069 
       h2412 14 0.9942 0.0013 0.0012 0.0015 0.0018 
       h2422 14 0.9922 0.0015 0.0024 0.0014 0.0025 
       h2432 14 0.9891 0.0029 0.0025 0.0032 0.0024 
       h2442 14 0.9946 0.0014 0.0010 0.0013 0.0016 
       h2452 14 0.9821 0.0058 0.0034 0.0045 0.0041 
       h2462 14 0.9868 0.0027 0.0033 0.0040 0.0032 
       h2472 14 0.9941 0.0012 0.0011 0.0019 0.0016 
       h2482 14 0.9948 0.0012 0.0010 0.0013 0.0016 
       h2492 14 0.9932 0.0019 0.0014 0.0018 0.0018 
       h2502 14 0.9933 0.0017 0.0014 0.0018 0.0018 
       h2511 14 0.9936 0.0014 0.0015 0.0016 0.0020 
       h2521 14 0.9910 0.0017 0.0016 0.0030 0.0027 
       h2531 14 0.9937 0.0014 0.0013 0.0016 0.0021 
       h2541 14 0.9863 0.0069 0.0021 0.0019 0.0028 
       h2551 14 0.9920 0.0017 0.0029 0.0018 0.0015 
       h2561 14 0.9901 0.0027 0.0021 0.0031 0.0021 
       h2571 14 0.9950 0.0012 0.0012 0.0013 0.0014 
       h2581 14 0.9867 0.0052 0.0021 0.0033 0.0027 
       h2591 14 0.9891 0.0036 0.0021 0.0022 0.0031 
       h2601 14 0.9919 0.0029 0.0016 0.0017 0.0020 
       h2611 14 0.9902 0.0018 0.0016 0.0020 0.0043 
       h2621 14 0.9946 0.0013 0.0014 0.0014 0.0013 
       h2631 14 0.9929 0.0020 0.0013 0.0016 0.0022 
       h2641 14 0.9905 0.0018 0.0018 0.0029 0.0030 
       h2651 14 0.9933 0.0019 0.0013 0.0017 0.0018 
       h2661 14 0.9942 0.0016 0.0011 0.0016 0.0015 
       h2671 14 0.9941 0.0013 0.0013 0.0016 0.0017 
       h2681 14 0.9857 0.0021 0.0040 0.0048 0.0034 
       h2691 14 0.9943 0.0013 0.0011 0.0015 0.0018 
       h2701 14 0.9941 0.0014 0.0017 0.0014 0.0014 
       h2711 14 0.9946 0.0013 0.0012 0.0012 0.0016 
       h2721 14 0.9810 0.0046 0.0024 0.0071 0.0049 
       h2731 14 0.9933 0.0013 0.0011 0.0017 0.0026 
       h2741 14 0.9939 0.0017 0.0012 0.0017 0.0015 
       h2751 14 0.9945 0.0014 0.0011 0.0014 0.0016 
       h2761 14 0.9884 0.0026 0.0046 0.0027 0.0017 
       h2771 14 0.9852 0.0040 0.0016 0.0037 0.0056 
       h2781 14 0.9831 0.0031 0.0018 0.0090 0.0030 
       h2791 14 0.9928 0.0018 0.0024 0.0015 0.0015 
       h2801 14 0.9798 0.0051 0.0019 0.0019 0.0112 
       h2811 14 0.9944 0.0016 0.0012 0.0012 0.0016 
       h2821 14 0.9928 0.0017 0.0012 0.0022 0.0021 
       h2831 14 0.9924 0.0016 0.0019 0.0024 0.0017 
       h2841 14 0.9894 0.0026 0.0029 0.0030 0.0021 
       h2851 14 0.9951 0.0010 0.0011 0.0012 0.0015 
       h2861 14 0.9895 0.0024 0.0012 0.0032 0.0038 
       h2871 14 0.9935 0.0013 0.0015 0.0017 0.0020 
       h2881 14 0.9948 0.0012 0.0011 0.0013 0.0017 
       h2891 14 0.9935 0.0018 0.0013 0.0017 0.0017 
       h2901 14 0.9928 0.0018 0.0017 0.0019 0.0019 
       h2911 14 0.9913 0.0019 0.0019 0.0019 0.0030 
       h2921 14 0.9889 0.0021 0.0018 0.0022 0.0050 
       h2931 14 0.9893 0.0023 0.0024 0.0034 0.0026 
       h2941 14 0.9943 0.0015 0.0011 0.0014 0.0017 
       h2951 14 0.9934 0.0018 0.0016 0.0016 0.0016 
       h2961 14 0.9903 0.0023 0.0015 0.0027 0.0032 
       h2971 14 0.9927 0.0011 0.0016 0.0028 0.0018 
       h2981 14 0.9878 0.0024 0.0026 0.0026 0.0047 
       h2991 14 0.9938 0.0014 0.0017 0.0014 0.0017 
       h3001 14 0.9946 0.0012 0.0012 0.0016 0.0014 
     EF.15EU 15 0.0028 0.9909 0.0019 0.0026 0.0018 
     EF.15EE 15 0.0015 0.9934 0.0016 0.0020 0.0015 
     EF.15EF 15 0.0021 0.9914 0.0018 0.0025 0.0022 
     EF.15EH 15 0.0013 0.9924 0.0020 0.0025 0.0018 
     EF.15EJ 15 0.0015 0.9913 0.0023 0.0027 0.0021 
     EF.15EK 15 0.0015 0.9935 0.0018 0.0016 0.0016 
     EF.15EL 15 0.0020 0.9881 0.0059 0.0019 0.0021 
     EF.15EM 15 0.0015 0.9922 0.0021 0.0022 0.0020 
     EF.15EP 15 0.0023 0.9919 0.0026 0.0016 0.0016 
     EF.15ET 15 0.0018 0.9918 0.0033 0.0016 0.0014 
     EF.15EX 15 0.0014 0.9925 0.0020 0.0024 0.0017 
     EF.15F0 15 0.0014 0.9928 0.0017 0.0027 0.0014 
     EF.15F1 15 0.0016 0.9888 0.0039 0.0032 0.0025 
     EF.15F2 15 0.0019 0.9934 0.0017 0.0014 0.0015 
     EF.15F3 15 0.0015 0.9929 0.0021 0.0018 0.0016 
     EF.15F4 15 0.0014 0.9944 0.0013 0.0016 0.0013 
     EF.15F5 15 0.0014 0.9906 0.0024 0.0034 0.0022 
     EF.15F6 15 0.0019 0.9937 0.0013 0.0018 0.0013 
     EF.15FC 15 0.0040 0.9890 0.0022 0.0020 0.0027 
     EF.15FE 15 0.0021 0.9879 0.0031 0.0044 0.0025 
     EF.15FF 15 0.0012 0.9938 0.0018 0.0015 0.0017 
     EF.15FH 15 0.0018 0.9924 0.0015 0.0024 0.0019 
     EF.15FJ 15 0.0029 0.9881 0.0023 0.0036 0.0032 
     EF.15FK 15 0.0021 0.9856 0.0071 0.0032 0.0020 
     EF.15FL 15 0.0018 0.9931 0.0016 0.0019 0.0016 
     EF.15FM 15 0.0021 0.9925 0.0017 0.0021 0.0017 
     EF.15FP 15 0.0019 0.9928 0.0019 0.0019 0.0016 
       h0011 16 0.0017 0.9931 0.0015 0.0021 0.0017 
       h0021 16 0.0012 0.9940 0.0019 0.0016 0.0013 
       h0031 16 0.0013 0.9935 0.0015 0.0022 0.0015 
       h0041 16 0.0016 0.9935 0.0014 0.0019 0.0016 
       h0051 16 0.0012 0.9925 0.0025 0.0020 0.0017 
       h0061 16 0.0011 0.9936 0.0015 0.0023 0.0015 
       h0071 16 0.0019 0.9908 0.0027 0.0026 0.0019 
       h0081 16 0.0021 0.9928 0.0015 0.0022 0.0015 
       h0091 16 0.0016 0.9916 0.0020 0.0023 0.0026 
       h0101 16 0.0013 0.9928 0.0015 0.0024 0.0020 
       h0111 16 0.0016 0.9912 0.0034 0.0019 0.0019 
       h0121 16 0.0025 0.9875 0.0057 0.0028 0.0015 
       h0131 16 0.0020 0.9907 0.0017 0.0024 0.0032 
       h0141 16 0.0015 0.9921 0.0020 0.0024 0.0020 
       h0151 16 0.0023 0.9914 0.0021 0.0022 0.0020 
       h0161 16 0.0014 0.9945 0.0015 0.0015 0.0012 
       h0171 16 0.0015 0.9930 0.0017 0.0018 0.0021 
       h0181 16 0.0013 0.9940 0.0016 0.0017 0.0014 
       h0191 16 0.0015 0.9928 0.0023 0.0020 0.0015 
       h0201 16 0.0014 0.9932 0.0016 0.0020 0.0018 
       h0211 16 0.0015 0.9912 0.0015 0.0030 0.0028 
       h0221 16 0.0023 0.9907 0.0031 0.0024 0.0015 
       h0231 16 0.0016 0.9924 0.0020 0.0023 0.0018 
       h0241 16 0.0016 0.9938 0.0017 0.0013 0.0015 
       h0251 16 0.0015 0.9935 0.0013 0.0018 0.0019 
       h0261 16 0.0017 0.9917 0.0016 0.0029 0.0021 
       h0271 16 0.0019 0.9880 0.0022 0.0061 0.0019 
       h0281 16 0.0012 0.9933 0.0027 0.0016 0.0013 
       h0291 16 0.0015 0.9906 0.0026 0.0026 0.0026 
       h0301 16 0.0030 0.9880 0.0044 0.0024 0.0023 
       h0311 16 0.0017 0.9932 0.0018 0.0018 0.0015 
       h0321 16 0.0013 0.9929 0.0022 0.0019 0.0016 
       h0331 16 0.0023 0.9921 0.0015 0.0021 0.0020 
       h0341 16 0.0013 0.9928 0.0022 0.0022 0.0015 
       h0351 16 0.0017 0.9921 0.0017 0.0022 0.0023 
       h0361 16 0.0021 0.9905 0.0025 0.0023 0.0026 
       h0371 16 0.0014 0.9923 0.0021 0.0020 0.0022 
       h0381 16 0.0021 0.9906 0.0022 0.0032 0.0018 
       h0391 16 0.0022 0.9903 0.0035 0.0025 0.0015 
       h0401 16 0.0012 0.9948 0.0012 0.0016 0.0013 
       h0411 16 0.0015 0.9928 0.0019 0.0019 0.0019 
       h0421 16 0.0039 0.9892 0.0024 0.0023 0.0022 
       h0431 16 0.0013 0.9934 0.0014 0.0022 0.0017 
       h0441 16 0.0044 0.9892 0.0017 0.0024 0.0024 
       h0451 16 0.0025 0.9925 0.0017 0.0016 0.0016 
       h0461 16 0.0017 0.9930 0.0019 0.0020 0.0014 
       h0471 16 0.0019 0.9913 0.0026 0.0022 0.0020 
       h0481 16 0.0016 0.9927 0.0020 0.0021 0.0016 
       h0491 16 0.0014 0.9905 0.0035 0.0023 0.0022 
       h0501 16 0.0011 0.9933 0.0018 0.0022 0.0017 
       h0511 16 0.0014 0.9940 0.0016 0.0014 0.0015 
       h0521 16 0.0013 0.9921 0.0024 0.0025 0.0016 
       h0531 16 0.0019 0.9915 0.0024 0.0019 0.0023 
       h0541 16 0.0033 0.9833 0.0074 0.0040 0.0019 
       h0551 16 0.0022 0.9917 0.0027 0.0017 0.0017 
       h0561 16 0.0012 0.9923 0.0027 0.0021 0.0016 
       h0571 16 0.0015 0.9931 0.0019 0.0019 0.0016 
       h0581 16 0.0016 0.9931 0.0013 0.0021 0.0019 
       h0591 16 0.0016 0.9921 0.0025 0.0021 0.0017 
       h0601 16 0.0017 0.9921 0.0021 0.0022 0.0018 
       h0611 16 0.0012 0.9943 0.0016 0.0015 0.0014 
       h0621 16 0.0038 0.9897 0.0026 0.0019 0.0020 
       h0631 16 0.0017 0.9914 0.0026 0.0024 0.0019 
       h0641 16 0.0014 0.9917 0.0028 0.0020 0.0022 
       h0651 16 0.0014 0.9934 0.0019 0.0020 0.0013 
       h0661 16 0.0016 0.9929 0.0020 0.0018 0.0017 
       h0671 16 0.0014 0.9947 0.0015 0.0012 0.0012 
       h0681 16 0.0021 0.9919 0.0020 0.0017 0.0023 
       h0691 16 0.0025 0.9888 0.0020 0.0038 0.0029 
       h0701 16 0.0019 0.9904 0.0018 0.0040 0.0019 
       h0711 16 0.0012 0.9934 0.0017 0.0018 0.0020 
       h0721 16 0.0019 0.9908 0.0030 0.0027 0.0015 
       h0731 16 0.0022 0.9874 0.0066 0.0017 0.0022 
       h0741 16 0.0027 0.9923 0.0013 0.0019 0.0018 
       h0751 16 0.0016 0.9915 0.0017 0.0028 0.0023 
       h0761 16 0.0025 0.9916 0.0024 0.0021 0.0015 
       h0771 16 0.0023 0.9890 0.0019 0.0042 0.0026 
       h0781 16 0.0012 0.9912 0.0031 0.0026 0.0019 
       h0791 16 0.0012 0.9932 0.0018 0.0022 0.0016 
       h0801 16 0.0033 0.9896 0.0027 0.0026 0.0018 
       h0811 16 0.0015 0.9884 0.0043 0.0035 0.0023 
       h0821 16 0.0014 0.9943 0.0012 0.0019 0.0013 
       h0831 16 0.0017 0.9922 0.0015 0.0029 0.0017 
       h0841 16 0.0079 0.9853 0.0026 0.0024 0.0019 
       h0851 16 0.0016 0.9937 0.0018 0.0015 0.0015 
       h0861 16 0.0023 0.9892 0.0034 0.0030 0.0020 
       h0871 16 0.0023 0.9912 0.0017 0.0019 0.0029 
       h0881 16 0.0014 0.9920 0.0026 0.0024 0.0015 
       h0891 16 0.0019 0.9913 0.0016 0.0030 0.0022 
       h0901 16 0.0025 0.9904 0.0036 0.0021 0.0014 
       h0911 16 0.0011 0.9941 0.0016 0.0016 0.0015 
       h0921 16 0.0023 0.9912 0.0026 0.0022 0.0017 
       h0931 16 0.0021 0.9922 0.0020 0.0020 0.0017 
       h0941 16 0.0015 0.9912 0.0018 0.0032 0.0024 
       h0951 16 0.0016 0.9940 0.0013 0.0016 0.0016 
       h0961 16 0.0017 0.9923 0.0016 0.0028 0.0016 
       h0971 16 0.0017 0.9923 0.0016 0.0023 0.0021 
       h0981 16 0.0017 0.9918 0.0018 0.0023 0.0024 
       h0991 16 0.0035 0.9911 0.0016 0.0020 0.0018 
       h1001 16 0.0024 0.9913 0.0022 0.0021 0.0020 
       h1011 16 0.0014 0.9922 0.0021 0.0025 0.0019 
       h1021 16 0.0022 0.9926 0.0013 0.0020 0.0019 
       h1031 16 0.0014 0.9932 0.0023 0.0015 0.0017 
       h1041 16 0.0014 0.9914 0.0017 0.0036 0.0020 
       h1051 16 0.0011 0.9946 0.0011 0.0017 0.0014 
       h1061 16 0.0022 0.9905 0.0024 0.0030 0.0020 
       h1071 16 0.0016 0.9933 0.0017 0.0017 0.0016 
       h1081 16 0.0018 0.9917 0.0023 0.0025 0.0018 
       h1091 16 0.0027 0.9909 0.0015 0.0030 0.0018 
       h1101 16 0.0024 0.9893 0.0015 0.0033 0.0035 
       h1111 16 0.0017 0.9919 0.0018 0.0026 0.0019 
       h1121 16 0.0016 0.9936 0.0019 0.0015 0.0014 
       h1131 16 0.0013 0.9940 0.0018 0.0016 0.0013 
       h1141 16 0.0014 0.9923 0.0023 0.0025 0.0015 
       h1151 16 0.0012 0.9935 0.0022 0.0018 0.0013 
       h1161 16 0.0022 0.9892 0.0035 0.0031 0.0021 
       h1171 16 0.0022 0.9902 0.0036 0.0020 0.0021 
       h1181 16 0.0014 0.9918 0.0033 0.0019 0.0016 
       h1191 16 0.0014 0.9927 0.0015 0.0022 0.0022 
       h1201 16 0.0014 0.9932 0.0018 0.0020 0.0015 
       h1211 16 0.0021 0.9924 0.0018 0.0022 0.0016 
       h1221 16 0.0018 0.9899 0.0029 0.0031 0.0023 
       h1231 16 0.0017 0.9940 0.0016 0.0013 0.0015 
       h1241 16 0.0019 0.9921 0.0023 0.0017 0.0020 
       h1251 16 0.0014 0.9932 0.0017 0.0016 0.0020 
       h1261 16 0.0015 0.9933 0.0016 0.0021 0.0016 
       h1271 16 0.0036 0.9901 0.0020 0.0025 0.0018 
       h1281 16 0.0016 0.9911 0.0023 0.0029 0.0022 
       h1291 16 0.0018 0.9923 0.0018 0.0024 0.0016 
       h1301 16 0.0017 0.9907 0.0029 0.0024 0.0022 
       h1311 16 0.0015 0.9929 0.0021 0.0018 0.0017 
       h1321 16 0.0019 0.9907 0.0025 0.0028 0.0022 
       h1331 16 0.0015 0.9924 0.0015 0.0026 0.0021 
       h1341 16 0.0053 0.9895 0.0021 0.0015 0.0016 
       h1351 16 0.0017 0.9929 0.0022 0.0017 0.0015 
       h1361 16 0.0012 0.9918 0.0030 0.0021 0.0018 
       h1371 16 0.0019 0.9861 0.0051 0.0038 0.0031 
       h1381 16 0.0018 0.9904 0.0034 0.0023 0.0021 
       h1391 16 0.0018 0.9923 0.0023 0.0021 0.0014 
       h1401 16 0.0019 0.9913 0.0015 0.0027 0.0026 
       h1411 16 0.0024 0.9910 0.0021 0.0022 0.0023 
       h1421 16 0.0053 0.9877 0.0028 0.0022 0.0020 
       h1431 16 0.0014 0.9930 0.0022 0.0019 0.0016 
       h1441 16 0.0014 0.9923 0.0017 0.0025 0.0020 
       h1451 16 0.0027 0.9904 0.0019 0.0032 0.0019 
       h1461 16 0.0012 0.9936 0.0017 0.0021 0.0014 
       h1471 16 0.0015 0.9924 0.0023 0.0022 0.0017 
       h1481 16 0.0011 0.9940 0.0013 0.0020 0.0016 
       h1491 16 0.0017 0.9892 0.0051 0.0025 0.0016 
       h1501 16 0.0057 0.9870 0.0029 0.0029 0.0014 
       h1511 16 0.0022 0.9920 0.0017 0.0022 0.0019 
       h1521 16 0.0015 0.9893 0.0035 0.0038 0.0019 
       h1531 16 0.0020 0.9914 0.0026 0.0022 0.0018 
       h1541 16 0.0016 0.9926 0.0018 0.0022 0.0019 
       h1551 16 0.0013 0.9932 0.0016 0.0021 0.0018 
       h1561 16 0.0017 0.9932 0.0018 0.0018 0.0015 
       h1571 16 0.0012 0.9926 0.0022 0.0018 0.0022 
       h1581 16 0.0020 0.9913 0.0019 0.0023 0.0024 
       h1591 16 0.0017 0.9933 0.0016 0.0019 0.0015 
       h1601 16 0.0021 0.9917 0.0023 0.0020 0.0020 
       h1611 16 0.0014 0.9928 0.0025 0.0018 0.0014 
       h1621 16 0.0021 0.9905 0.0027 0.0022 0.0026 
       h1631 16 0.0034 0.9897 0.0018 0.0021 0.0030 
       h1641 16 0.0015 0.9924 0.0015 0.0024 0.0022 
       h1651 16 0.0032 0.9908 0.0024 0.0020 0.0017 
       h1661 16 0.0016 0.9933 0.0018 0.0015 0.0019 
       h1671 16 0.0017 0.9933 0.0016 0.0019 0.0016 
       h1681 16 0.0014 0.9935 0.0015 0.0021 0.0015 
       h1691 16 0.0015 0.9927 0.0023 0.0019 0.0016 
       h1701 16 0.0014 0.9926 0.0021 0.0021 0.0018 
       h1711 16 0.0018 0.9886 0.0045 0.0032 0.0019 
       h1721 16 0.0034 0.9896 0.0028 0.0021 0.0021 
       h1731 16 0.0015 0.9919 0.0020 0.0025 0.0021 
       h1741 16 0.0012 0.9927 0.0022 0.0022 0.0017 
       h1751 16 0.0027 0.9918 0.0015 0.0021 0.0019 
       h1761 16 0.0014 0.9923 0.0017 0.0030 0.0015 
       h1771 16 0.0020 0.9923 0.0017 0.0021 0.0018 
       h1781 16 0.0015 0.9934 0.0017 0.0019 0.0015 
       h1791 16 0.0014 0.9937 0.0018 0.0017 0.0014 
       h1801 16 0.0041 0.9885 0.0029 0.0024 0.0021 
       h1811 16 0.0019 0.9916 0.0018 0.0021 0.0025 
       h1821 16 0.0014 0.9926 0.0025 0.0019 0.0016 
       h1831 16 0.0018 0.9927 0.0014 0.0022 0.0019 
       h1841 16 0.0012 0.9928 0.0022 0.0021 0.0017 
       h1851 16 0.0024 0.9914 0.0015 0.0029 0.0019 
       h1861 16 0.0017 0.9930 0.0019 0.0016 0.0017 
       h1871 16 0.0021 0.9910 0.0020 0.0022 0.0026 
       h1881 16 0.0013 0.9926 0.0025 0.0016 0.0020 
       h1891 16 0.0016 0.9935 0.0014 0.0018 0.0017 
       h1901 16 0.0035 0.9913 0.0022 0.0015 0.0016 
       h1911 16 0.0018 0.9931 0.0015 0.0019 0.0016 
       h1921 16 0.0039 0.9864 0.0041 0.0039 0.0018 
       h1931 16 0.0023 0.9921 0.0022 0.0017 0.0016 
       h1941 16 0.0014 0.9925 0.0022 0.0023 0.0016 
       h1951 16 0.0018 0.9919 0.0020 0.0018 0.0024 
       h1961 16 0.0023 0.9911 0.0020 0.0030 0.0016 
       h1971 16 0.0014 0.9915 0.0017 0.0027 0.0026 
       h1981 16 0.0014 0.9917 0.0025 0.0024 0.0020 
       h1991 16 0.0015 0.9921 0.0015 0.0029 0.0019 
       h2001 16 0.0015 0.9926 0.0022 0.0021 0.0017 
       h2011 16 0.0019 0.9844 0.0090 0.0034 0.0013 
       h2021 16 0.0013 0.9923 0.0026 0.0020 0.0017 
       h2031 16 0.0013 0.9937 0.0017 0.0018 0.0015 
       h2041 16 0.0021 0.9892 0.0043 0.0026 0.0018 
       h2051 16 0.0017 0.9932 0.0018 0.0019 0.0015 
       h2061 16 0.0012 0.9925 0.0018 0.0028 0.0017 
       h2071 16 0.0019 0.9929 0.0015 0.0016 0.0022 
       h2081 16 0.0012 0.9942 0.0016 0.0015 0.0015 
       h2091 16 0.0016 0.9943 0.0013 0.0014 0.0014 
       h2101 16 0.0017 0.9928 0.0017 0.0021 0.0018 
       h2111 16 0.0015 0.9930 0.0018 0.0017 0.0020 
       h2121 16 0.0023 0.9925 0.0018 0.0018 0.0016 
       h2131 16 0.0032 0.9912 0.0023 0.0017 0.0016 
       h2141 16 0.0019 0.9912 0.0027 0.0022 0.0020 
       h2151 16 0.0018 0.9936 0.0019 0.0014 0.0014 
       h2161 16 0.0013 0.9909 0.0030 0.0022 0.0026 
       h2171 16 0.0019 0.9930 0.0015 0.0016 0.0020 
       h2181 16 0.0020 0.9918 0.0016 0.0024 0.0022 
       h2191 16 0.0014 0.9940 0.0016 0.0017 0.0013 
       h2201 16 0.0014 0.9924 0.0028 0.0020 0.0013 
       h2211 16 0.0013 0.9934 0.0027 0.0013 0.0013 
       h2221 16 0.0013 0.9921 0.0015 0.0031 0.0020 
       h2231 16 0.0020 0.9903 0.0037 0.0020 0.0019 
       h2241 16 0.0035 0.9901 0.0022 0.0022 0.0020 
       h2251 16 0.0026 0.9908 0.0034 0.0018 0.0015 
       h2261 16 0.0019 0.9916 0.0023 0.0026 0.0016 
       h2271 16 0.0017 0.9918 0.0024 0.0025 0.0016 
       h2281 16 0.0013 0.9930 0.0019 0.0022 0.0016 
       h2291 16 0.0024 0.9915 0.0018 0.0022 0.0021 
       h2301 16 0.0014 0.9933 0.0013 0.0020 0.0020 
       h2311 16 0.0021 0.9927 0.0019 0.0015 0.0018 
       h2321 16 0.0017 0.9927 0.0016 0.0023 0.0018 
       h2331 16 0.0042 0.9832 0.0052 0.0053 0.0021 
       h2341 16 0.0012 0.9952 0.0012 0.0012 0.0012 
       h2351 16 0.0017 0.9917 0.0019 0.0028 0.0019 
       h2361 16 0.0021 0.9926 0.0014 0.0021 0.0019 
       h2371 16 0.0036 0.9873 0.0032 0.0038 0.0021 
       h2381 16 0.0014 0.9937 0.0017 0.0017 0.0014 
       h2391 16 0.0015 0.9925 0.0020 0.0026 0.0014 
       h2401 16 0.0017 0.9926 0.0018 0.0024 0.0015 
       h2411 16 0.0020 0.9884 0.0042 0.0029 0.0026 
       h2421 16 0.0016 0.9920 0.0031 0.0020 0.0013 
       h2431 16 0.0020 0.9909 0.0024 0.0024 0.0022 
       h2441 16 0.0012 0.9939 0.0015 0.0019 0.0014 
       h2451 16 0.0017 0.9922 0.0021 0.0023 0.0017 
       h2461 16 0.0016 0.9909 0.0027 0.0021 0.0028 
       h2471 16 0.0016 0.9906 0.0024 0.0033 0.0020 
       h2481 16 0.0022 0.9930 0.0018 0.0015 0.0015 
       h2491 16 0.0014 0.9918 0.0014 0.0030 0.0025 
       h2501 16 0.0020 0.9923 0.0015 0.0022 0.0019 
        h251 16 0.0016 0.9914 0.0025 0.0024 0.0021 
        h252 16 0.0016 0.9942 0.0014 0.0013 0.0015 
        h253 16 0.0015 0.9924 0.0026 0.0020 0.0015 
        h254 16 0.0022 0.9921 0.0024 0.0020 0.0014 
        h255 16 0.0015 0.9934 0.0014 0.0020 0.0017 
        h256 16 0.0028 0.9891 0.0029 0.0023 0.0028 
        h257 16 0.0024 0.9920 0.0018 0.0023 0.0016 
        h258 16 0.0021 0.9866 0.0025 0.0058 0.0029 
        h259 16 0.0012 0.9928 0.0015 0.0023 0.0022 
        h260 16 0.0020 0.9921 0.0018 0.0021 0.0020 
        h261 16 0.0015 0.9937 0.0014 0.0016 0.0018 
        h262 16 0.0017 0.9908 0.0021 0.0035 0.0019 
        h263 16 0.0016 0.9916 0.0030 0.0021 0.0017 
        h264 16 0.0016 0.9901 0.0025 0.0033 0.0025 
        h265 16 0.0017 0.9933 0.0016 0.0015 0.0019 
        h266 16 0.0011 0.9935 0.0015 0.0018 0.0021 
        h267 16 0.0016 0.9921 0.0026 0.0019 0.0019 
        h268 16 0.0024 0.9907 0.0025 0.0025 0.0018 
        h269 16 0.0026 0.9920 0.0018 0.0016 0.0020 
        h270 16 0.0011 0.9946 0.0015 0.0016 0.0012 
        h271 16 0.0017 0.9927 0.0021 0.0017 0.0018 
        h272 16 0.0016 0.9913 0.0036 0.0017 0.0017 
        h273 16 0.0013 0.9933 0.0018 0.0019 0.0017 
        h274 16 0.0012 0.9931 0.0020 0.0021 0.0016 
        h275 16 0.0016 0.9922 0.0025 0.0018 0.0019 
        h276 16 0.0013 0.9931 0.0020 0.0017 0.0018 
        h277 16 0.0018 0.9917 0.0019 0.0029 0.0017 
        h278 16 0.0017 0.9928 0.0015 0.0022 0.0019 
        h279 16 0.0031 0.9887 0.0023 0.0030 0.0029 
        h280 16 0.0018 0.9897 0.0017 0.0038 0.0030 
        h281 16 0.0016 0.9924 0.0015 0.0020 0.0026 
        h282 16 0.0024 0.9886 0.0050 0.0022 0.0018 
        h283 16 0.0019 0.9863 0.0028 0.0072 0.0018 
        h284 16 0.0017 0.9918 0.0031 0.0019 0.0016 
        h285 16 0.0017 0.9909 0.0042 0.0015 0.0017 
        h286 16 0.0022 0.9898 0.0025 0.0034 0.0022 
        h287 16 0.0020 0.9902 0.0048 0.0017 0.0012 
        h288 16 0.0028 0.9910 0.0019 0.0025 0.0018 
        h289 16 0.0029 0.9915 0.0015 0.0021 0.0019 
        h290 16 0.0024 0.9905 0.0025 0.0030 0.0016 
        h291 16 0.0014 0.9939 0.0016 0.0015 0.0016 
        h292 16 0.0020 0.9888 0.0045 0.0028 0.0019 
        h293 16 0.0037 0.9898 0.0028 0.0021 0.0016 
        h294 16 0.0011 0.9936 0.0013 0.0022 0.0018 
        h295 16 0.0013 0.9932 0.0017 0.0024 0.0014 
        h296 16 0.0020 0.9919 0.0019 0.0022 0.0020 
        h297 16 0.0019 0.9924 0.0015 0.0024 0.0019 
        h298 16 0.0014 0.9938 0.0013 0.0019 0.0015 
        h299 16 0.0030 0.9905 0.0016 0.0025 0.0025 
        h300 16 0.0030 0.9905 0.0020 0.0020 0.0024 
      CC00K0 17 0.0026 0.9771 0.0019 0.0130 0.0055 
      CC01AY 17 0.0153 0.9486 0.0019 0.0234 0.0108 
      CC01EE 17 0.0091 0.9255 0.0042 0.0331 0.0282 
      CC03KH 17 0.0022 0.7849 0.0039 0.1692 0.0398 
      CC04FK 17 0.0053 0.8937 0.0123 0.0347 0.0539 
      CC04H8 17 0.0173 0.9558 0.0026 0.0109 0.0135 
      CC05EL 17 0.0064 0.8644 0.0083 0.1014 0.0196 
      CC05EM 17 0.0042 0.9281 0.0016 0.0520 0.0142 
      CC05EX 17 0.0053 0.9336 0.0019 0.0473 0.0119 
      CC05H2 17 0.0183 0.9372 0.0015 0.0205 0.0225 
      CC05HP 17 0.0026 0.9831 0.0013 0.0031 0.0099 
      CC05X0 17 0.0015 0.9807 0.0018 0.0076 0.0084 
      CC05X7 17 0.0043 0.9811 0.0020 0.0038 0.0089 
      CC0637 17 0.0064 0.9701 0.0016 0.0128 0.0091 
      CC0640 17 0.0067 0.9762 0.0019 0.0060 0.0092 
      FCC01M 17 0.0094 0.9814 0.0015 0.0039 0.0039 
      FCC2JC 17 0.0062 0.9000 0.0091 0.0611 0.0236 
      CC00JM 17 0.0082 0.9750 0.0058 0.0030 0.0079 
      CC00T6 17 0.0670 0.8386 0.0048 0.0155 0.0741 
      CC00T7 17 0.0026 0.9711 0.0018 0.0057 0.0187 
      CC00TC 17 0.0064 0.9866 0.0018 0.0027 0.0025 
      CC01CJ 17 0.0182 0.9624 0.0039 0.0024 0.0131 
      CC01CY 17 0.0146 0.9692 0.0016 0.0050 0.0097 
      CC01EC 17 0.0023 0.9883 0.0024 0.0034 0.0037 
      CC01EH 17 0.0109 0.9800 0.0034 0.0026 0.0031 
      CC01F2 17 0.0037 0.9544 0.0032 0.0109 0.0278 
      CC01FL 17 0.0214 0.9682 0.0016 0.0034 0.0054 
      CC025E 17 0.0060 0.9836 0.0028 0.0028 0.0047 
      CC03E3 17 0.1243 0.8441 0.0024 0.0158 0.0135 
      CC04AU 17 0.0014 0.9913 0.0013 0.0027 0.0033 
      CC04EK 17 0.0035 0.9833 0.0017 0.0054 0.0060 
      CC05FX 17 0.0032 0.9899 0.0014 0.0024 0.0031 
      CC05H7 17 0.0364 0.8321 0.0054 0.0606 0.0654 
      CC05M5 17 0.0015 0.9893 0.0018 0.0035 0.0038 
      CC05YK 17 0.0900 0.8851 0.0045 0.0128 0.0075 
      CC0630 17 0.0038 0.7123 0.0065 0.2067 0.0706 
      CC066E 17 0.0055 0.7992 0.0085 0.1022 0.0846 
      CC01ET 17 0.0606 0.9102 0.0053 0.0175 0.0064 
      CC01F1 17 0.0051 0.9811 0.0025 0.0065 0.0048 
      CC063M 17 0.0240 0.9391 0.0060 0.0081 0.0227 
       h0013 18 0.0057 0.9442 0.0046 0.0385 0.0070 
       h0023 18 0.0042 0.9875 0.0021 0.0021 0.0041 
       h0033 18 0.0028 0.9843 0.0021 0.0051 0.0057 
       h0043 18 0.0212 0.9343 0.0078 0.0096 0.0271 
       h0053 18 0.0082 0.9787 0.0018 0.0078 0.0035 
       h0063 18 0.0094 0.9794 0.0026 0.0039 0.0046 
       h0073 18 0.0023 0.9853 0.0017 0.0056 0.0050 
       h0083 18 0.0062 0.9751 0.0027 0.0104 0.0056 
       h0093 18 0.0078 0.8671 0.0144 0.0474 0.0632 
       h0103 18 0.0084 0.9735 0.0028 0.0088 0.0066 
       h0113 18 0.0048 0.7500 0.0022 0.0200 0.2230 
       h0123 18 0.0044 0.9761 0.0020 0.0084 0.0091 
       h0133 18 0.0045 0.9816 0.0019 0.0067 0.0053 
       h0143 18 0.0134 0.9781 0.0017 0.0037 0.0031 
       h0153 18 0.0029 0.9856 0.0013 0.0066 0.0036 
       h0163 18 0.0061 0.9831 0.0029 0.0029 0.0050 
       h0173 18 0.0025 0.9829 0.0022 0.0029 0.0095 
       h0183 18 0.0015 0.9868 0.0028 0.0051 0.0037 
       h0193 18 0.2375 0.7323 0.0045 0.0092 0.0166 
       h0203 18 0.0211 0.9550 0.0021 0.0117 0.0102 
       h0213 18 0.0045 0.9715 0.0018 0.0063 0.0159 
       h0223 18 0.0259 0.9468 0.0035 0.0065 0.0173 
       h0233 18 0.0042 0.9853 0.0023 0.0025 0.0057 
       h0243 18 0.0031 0.9889 0.0017 0.0037 0.0026 
       h0253 18 0.0112 0.8389 0.0047 0.0804 0.0648 
       h0263 18 0.0037 0.9697 0.0037 0.0182 0.0048 
       h0273 18 0.0053 0.9788 0.0030 0.0061 0.0069 
       h0283 18 0.0020 0.9830 0.0018 0.0061 0.0071 
       h0293 18 0.0076 0.7051 0.0043 0.1795 0.1035 
       h0303 18 0.0063 0.9659 0.0014 0.0141 0.0121 
       h0313 18 0.0031 0.9821 0.0019 0.0095 0.0034 
       h0323 18 0.0122 0.8964 0.0042 0.0049 0.0824 
       h0333 18 0.0060 0.9811 0.0034 0.0054 0.0040 
       h0343 18 0.0813 0.7963 0.0024 0.0911 0.0289 
       h0353 18 0.0030 0.9889 0.0014 0.0035 0.0033 
       h0363 18 0.0059 0.9769 0.0023 0.0060 0.0088 
       h0373 18 0.0021 0.9402 0.0019 0.0277 0.0282 
       h0383 18 0.0385 0.9050 0.0038 0.0262 0.0266 
       h0393 18 0.0035 0.9489 0.0014 0.0351 0.0111 
       h0403 18 0.0040 0.9584 0.0041 0.0225 0.0110 
       h0413 18 0.0025 0.9855 0.0024 0.0036 0.0059 
       h0423 18 0.0038 0.9811 0.0017 0.0081 0.0053 
       h0433 18 0.0034 0.9710 0.0037 0.0108 0.0111 
       h0443 18 0.0043 0.8330 0.0036 0.0555 0.1036 
       h0453 18 0.0133 0.9659 0.0019 0.0136 0.0054 
       h0463 18 0.0244 0.9379 0.0017 0.0070 0.0290 
       h0473 18 0.0032 0.9557 0.0051 0.0173 0.0186 
       h0483 18 0.0051 0.9759 0.0056 0.0063 0.0071 
       h0493 18 0.0025 0.9526 0.0017 0.0318 0.0115 
       h0503 18 0.0450 0.9235 0.0028 0.0077 0.0210 
       h0513 18 0.0096 0.9555 0.0016 0.0247 0.0087 
       h0523 18 0.0026 0.8632 0.0035 0.0411 0.0896 
       h0533 18 0.0084 0.9281 0.0119 0.0420 0.0096 
       h0543 18 0.0176 0.9576 0.0045 0.0079 0.0124 
       h0553 18 0.0069 0.9810 0.0018 0.0046 0.0057 
       h0563 18 0.0021 0.9886 0.0016 0.0034 0.0043 
       h0573 18 0.0571 0.9164 0.0022 0.0069 0.0175 
       h0583 18 0.0025 0.9818 0.0022 0.0076 0.0059 
       h0593 18 0.0021 0.9897 0.0024 0.0026 0.0032 
       h0603 18 0.0036 0.9839 0.0019 0.0030 0.0077 
       h0613 18 0.0017 0.8936 0.0055 0.0629 0.0362 
       h0623 18 0.0072 0.9450 0.0067 0.0306 0.0105 
       h0633 18 0.0069 0.9789 0.0023 0.0030 0.0091 
       h0643 18 0.0069 0.9793 0.0021 0.0039 0.0078 
       h0653 18 0.0248 0.9343 0.0064 0.0109 0.0236 
       h0663 18 0.2300 0.7395 0.0025 0.0096 0.0184 
       h0673 18 0.0017 0.9538 0.0073 0.0236 0.0135 
       h0683 18 0.0018 0.9883 0.0028 0.0036 0.0035 
       h0693 18 0.0034 0.9470 0.0019 0.0182 0.0295 
       h0703 18 0.0197 0.9645 0.0034 0.0045 0.0078 
       h0713 18 0.0132 0.9641 0.0024 0.0120 0.0083 
       h0723 18 0.0044 0.7918 0.0036 0.0140 0.1862 
       h0733 18 0.0080 0.9766 0.0030 0.0078 0.0046 
       h0743 18 0.0040 0.8391 0.0035 0.0598 0.0937 
       h0753 18 0.0123 0.9690 0.0020 0.0076 0.0092 
       h0763 18 0.0178 0.9425 0.0015 0.0068 0.0313 
       h0773 18 0.0042 0.8510 0.0040 0.1361 0.0046 
       h0783 18 0.0099 0.9702 0.0021 0.0037 0.0141 
       h0793 18 0.0037 0.9861 0.0018 0.0045 0.0039 
       h0803 18 0.0119 0.9680 0.0018 0.0097 0.0086 
       h0813 18 0.0025 0.9880 0.0025 0.0031 0.0039 
       h0823 18 0.0049 0.9873 0.0017 0.0026 0.0034 
       h0833 18 0.0039 0.9840 0.0027 0.0041 0.0054 
       h0843 18 0.0031 0.9843 0.0016 0.0059 0.0051 
       h0853 18 0.0655 0.8335 0.0104 0.0409 0.0498 
       h0863 18 0.0067 0.9147 0.0046 0.0295 0.0446 
       h0873 18 0.0096 0.9350 0.0023 0.0344 0.0186 
       h0883 18 0.0016 0.9904 0.0028 0.0025 0.0027 
       h0893 18 0.0045 0.9623 0.0018 0.0177 0.0137 
       h0903 18 0.0050 0.9742 0.0021 0.0100 0.0086 
       h0913 18 0.0394 0.9108 0.0019 0.0112 0.0367 
       h0923 18 0.0030 0.9838 0.0015 0.0071 0.0045 
       h0933 18 0.0169 0.9623 0.0036 0.0114 0.0057 
       h0943 18 0.0038 0.9865 0.0025 0.0035 0.0037 
       h0953 18 0.0058 0.9807 0.0027 0.0057 0.0051 
       h0963 18 0.0862 0.8716 0.0148 0.0153 0.0121 
       h0973 18 0.0052 0.9870 0.0015 0.0031 0.0032 
       h0983 18 0.0544 0.9240 0.0018 0.0065 0.0132 
       h0993 18 0.0056 0.9815 0.0018 0.0071 0.0039 
       h1003 18 0.0066 0.9587 0.0032 0.0129 0.0185 
       h1013 18 0.0028 0.8028 0.0019 0.0188 0.1737 
       h1023 18 0.0019 0.9910 0.0013 0.0029 0.0028 
       h1033 18 0.0096 0.6368 0.0018 0.0382 0.3137 
       h1043 18 0.0037 0.9862 0.0014 0.0039 0.0049 
       h1053 18 0.0034 0.9775 0.0069 0.0048 0.0075 
       h1063 18 0.0172 0.9365 0.0031 0.0201 0.0231 
       h1073 18 0.0044 0.9838 0.0015 0.0055 0.0048 
       h1083 18 0.0119 0.9344 0.0020 0.0254 0.0263 
       h1093 18 0.0074 0.9476 0.0025 0.0065 0.0359 
       h1103 18 0.0037 0.9154 0.0057 0.0183 0.0568 
       h1113 18 0.0017 0.9867 0.0021 0.0050 0.0044 
       h1123 18 0.0127 0.9787 0.0016 0.0022 0.0048 
       h1133 18 0.0075 0.9741 0.0031 0.0067 0.0086 
       h1143 18 0.0125 0.9590 0.0032 0.0067 0.0186 
       h1153 18 0.0027 0.9868 0.0016 0.0046 0.0043 
       h1163 18 0.0082 0.9706 0.0024 0.0036 0.0152 
       h1173 18 0.0264 0.8900 0.0023 0.0114 0.0698 
       h1183 18 0.0018 0.9458 0.0019 0.0069 0.0436 
       h1193 18 0.0129 0.9269 0.0032 0.0180 0.0390 
       h1203 18 0.1141 0.7905 0.0035 0.0248 0.0671 
       h1213 18 0.0084 0.9803 0.0024 0.0048 0.0041 
       h1223 18 0.0500 0.8456 0.0037 0.0338 0.0669 
       h1233 18 0.0043 0.9846 0.0019 0.0056 0.0036 
       h1243 18 0.0020 0.9890 0.0025 0.0029 0.0035 
       h1253 18 0.0026 0.9699 0.0019 0.0174 0.0082 
       h1263 18 0.0045 0.9798 0.0032 0.0038 0.0088 
       h1273 18 0.0073 0.9723 0.0035 0.0127 0.0043 
       h1283 18 0.0038 0.9182 0.0033 0.0422 0.0324 
       h1293 18 0.0030 0.9783 0.0025 0.0093 0.0070 
       h1303 18 0.0146 0.9609 0.0025 0.0144 0.0077 
       h1313 18 0.0255 0.9628 0.0024 0.0034 0.0059 
       h1323 18 0.0048 0.9785 0.0020 0.0079 0.0068 
       h1333 18 0.0259 0.9449 0.0036 0.0064 0.0193 
       h1343 18 0.0076 0.9784 0.0019 0.0086 0.0035 
       h1353 18 0.0035 0.9849 0.0017 0.0044 0.0055 
       h1363 18 0.0206 0.9554 0.0046 0.0105 0.0088 
       h1373 18 0.0048 0.9780 0.0014 0.0038 0.0120 
       h1383 18 0.0014 0.9853 0.0020 0.0078 0.0035 
       h1393 18 0.0035 0.9666 0.0022 0.0209 0.0067 
       h1403 18 0.0046 0.9806 0.0024 0.0058 0.0065 
       h1413 18 0.0080 0.9372 0.0024 0.0297 0.0228 
       h1423 18 0.0022 0.9114 0.0157 0.0383 0.0324 
       h1433 18 0.0040 0.9854 0.0020 0.0062 0.0024 
       h1443 18 0.0038 0.9577 0.0022 0.0095 0.0267 
       h1453 18 0.0117 0.8465 0.0061 0.1018 0.0339 
       h1463 18 0.0042 0.9770 0.0017 0.0113 0.0058 
       h1473 18 0.0302 0.9495 0.0027 0.0095 0.0081 
       h1483 18 0.0022 0.9888 0.0027 0.0036 0.0028 
       h1493 18 0.0065 0.9316 0.0031 0.0082 0.0507 
       h1503 18 0.0017 0.8589 0.0031 0.0251 0.1113 
       h1513 18 0.1635 0.7595 0.0022 0.0435 0.0313 
       h1523 18 0.0026 0.9869 0.0019 0.0023 0.0064 
       h1533 18 0.0149 0.9405 0.0045 0.0278 0.0124 
       h1543 18 0.1219 0.8620 0.0029 0.0049 0.0083 
       h1553 18 0.0088 0.8998 0.0024 0.0161 0.0730 
       h1563 18 0.0094 0.9534 0.0019 0.0208 0.0145 
       h1573 18 0.0158 0.9635 0.0063 0.0064 0.0081 
       h1583 18 0.0214 0.9528 0.0023 0.0060 0.0174 
       h1593 18 0.0102 0.3158 0.0035 0.3061 0.3644 
       h1603 18 0.0182 0.9287 0.0040 0.0285 0.0207 
       h1613 18 0.0120 0.8925 0.0023 0.0093 0.0840 
       h1623 18 0.0049 0.9866 0.0014 0.0033 0.0038 
       h1633 18 0.0113 0.9339 0.0019 0.0404 0.0125 
       h1643 18 0.0096 0.9814 0.0029 0.0035 0.0027 
       h1653 18 0.0095 0.9392 0.0031 0.0043 0.0439 
       h1663 18 0.0025 0.9913 0.0015 0.0024 0.0023 
       h1673 18 0.0221 0.8876 0.0094 0.0293 0.0516 
       h1683 18 0.0273 0.9519 0.0015 0.0047 0.0146 
       h1693 18 0.0121 0.9772 0.0013 0.0055 0.0040 
       h1703 18 0.0053 0.9693 0.0017 0.0119 0.0119 
       h1713 18 0.0026 0.9871 0.0019 0.0048 0.0036 
       h1723 18 0.0015 0.9885 0.0012 0.0052 0.0036 
       h1733 18 0.0024 0.9882 0.0019 0.0035 0.0039 
       h1743 18 0.1155 0.8353 0.0096 0.0327 0.0069 
       h1753 18 0.0030 0.8298 0.0060 0.1462 0.0150 
       h1763 18 0.0066 0.9803 0.0037 0.0050 0.0044 
       h1773 18 0.0038 0.9837 0.0016 0.0060 0.0049 
       h1783 18 0.0086 0.8549 0.0030 0.0877 0.0458 
       h1793 18 0.0051 0.9802 0.0055 0.0036 0.0057 
       h1803 18 0.0113 0.8944 0.0020 0.0328 0.0596 
       h1813 18 0.0053 0.8869 0.0059 0.0085 0.0935 
       h1823 18 0.0072 0.9290 0.0021 0.0422 0.0195 
       h1833 18 0.0023 0.9716 0.0038 0.0052 0.0171 
       h1843 18 0.0019 0.9867 0.0017 0.0027 0.0070 
       h1853 18 0.0076 0.9449 0.0023 0.0322 0.0130 
       h1863 18 0.0034 0.9881 0.0019 0.0026 0.0040 
       h1873 18 0.0013 0.9833 0.0018 0.0083 0.0053 
       h1883 18 0.0038 0.9873 0.0015 0.0030 0.0044 
       h1893 18 0.0184 0.9304 0.0020 0.0090 0.0402 
       h1903 18 0.0026 0.9774 0.0024 0.0072 0.0105 
       h1913 18 0.0076 0.9839 0.0035 0.0023 0.0026 
       h1923 18 0.0386 0.6881 0.0020 0.1344 0.1370 
       h1933 18 0.0034 0.9818 0.0020 0.0056 0.0072 
       h1943 18 0.0061 0.9849 0.0020 0.0026 0.0043 
       h1953 18 0.0098 0.9192 0.0049 0.0556 0.0105 
       h1963 18 0.0245 0.8722 0.0019 0.0868 0.0146 
       h1973 18 0.0064 0.9327 0.0013 0.0210 0.0386 
       h1983 18 0.0024 0.9823 0.0039 0.0061 0.0053 
       h1993 18 0.0017 0.9800 0.0016 0.0042 0.0126 
       h2003 18 0.0097 0.9668 0.0016 0.0119 0.0100 
       h2013 18 0.0018 0.9823 0.0024 0.0056 0.0079 
       h2023 18 0.0050 0.8453 0.0023 0.0056 0.1418 
       h2033 18 0.0077 0.9038 0.0081 0.0221 0.0583 
       h2043 18 0.0023 0.9801 0.0016 0.0028 0.0132 
       h2053 18 0.0031 0.7842 0.0018 0.0145 0.1963 
       h2063 18 0.0405 0.8745 0.0014 0.0536 0.0300 
       h2073 18 0.0023 0.9907 0.0019 0.0019 0.0032 
       h2083 18 0.0024 0.9899 0.0014 0.0040 0.0023 
       h2093 18 0.0035 0.9832 0.0021 0.0045 0.0067 
       h2103 18 0.0021 0.9873 0.0018 0.0045 0.0043 
       h2113 18 0.0017 0.9775 0.0031 0.0109 0.0068 
       h2123 18 0.0016 0.9926 0.0015 0.0022 0.0020 
       h2133 18 0.0056 0.9780 0.0015 0.0077 0.0072 
       h2143 18 0.0088 0.9666 0.0073 0.0043 0.0130 
       h2153 18 0.0028 0.9825 0.0014 0.0084 0.0049 
       h2163 18 0.0104 0.9771 0.0028 0.0054 0.0043 
       h2173 18 0.0017 0.9807 0.0040 0.0061 0.0074 
       h2183 18 0.0262 0.9235 0.0019 0.0086 0.0399 
       h2193 18 0.0025 0.9850 0.0034 0.0065 0.0026 
       h2203 18 0.0033 0.9682 0.0023 0.0105 0.0158 
       h2213 18 0.0101 0.9592 0.0044 0.0159 0.0105 
       h2223 18 0.0065 0.9586 0.0052 0.0170 0.0127 
       h2233 18 0.0075 0.9615 0.0018 0.0168 0.0124 
       h2243 18 0.0036 0.9656 0.0016 0.0172 0.0121 
       h2253 18 0.0139 0.9450 0.0023 0.0179 0.0209 
       h2263 18 0.0058 0.9657 0.0052 0.0048 0.0186 
       h2273 18 0.0059 0.9689 0.0028 0.0049 0.0175 
       h2283 18 0.0315 0.9387 0.0012 0.0133 0.0153 
       h2293 18 0.0038 0.9876 0.0025 0.0027 0.0034 
       h2303 18 0.0180 0.8958 0.0032 0.0740 0.0089 
       h2313 18 0.0152 0.9533 0.0060 0.0093 0.0162 
       h2323 18 0.0046 0.9857 0.0019 0.0035 0.0043 
       h2333 18 0.0058 0.5959 0.0073 0.0199 0.3710 
       h2343 18 0.0060 0.8627 0.0028 0.0774 0.0511 
       h2353 18 0.0031 0.9897 0.0031 0.0021 0.0020 
       h2363 18 0.0218 0.9545 0.0059 0.0044 0.0134 
       h2373 18 0.0048 0.9843 0.0028 0.0020 0.0061 
       h2383 18 0.0187 0.9560 0.0024 0.0100 0.0129 
       h2393 18 0.0110 0.9134 0.0049 0.0092 0.0615 
       h2403 18 0.0049 0.9799 0.0024 0.0045 0.0083 
       h2413 18 0.0242 0.8606 0.0023 0.0875 0.0255 
       h2423 18 0.0018 0.9844 0.0014 0.0063 0.0061 
       h2433 18 0.0166 0.9730 0.0017 0.0048 0.0040 
       h2443 18 0.0072 0.9701 0.0020 0.0065 0.0142 
       h2453 18 0.0032 0.9780 0.0023 0.0085 0.0081 
       h2463 18 0.0507 0.8448 0.0037 0.0307 0.0702 
       h2473 18 0.0101 0.7464 0.0031 0.2227 0.0176 
       h2483 18 0.0028 0.9768 0.0017 0.0084 0.0102 
       h2493 18 0.0122 0.9750 0.0023 0.0046 0.0058 
       h2503 18 0.0030 0.9158 0.0032 0.0300 0.0480 
       h2512 18 0.0036 0.9762 0.0055 0.0041 0.0105 
       h2522 18 0.0022 0.9902 0.0019 0.0030 0.0028 
       h2532 18 0.0691 0.8906 0.0020 0.0270 0.0113 
       h2542 18 0.0029 0.9822 0.0019 0.0076 0.0055 
       h2552 18 0.0079 0.9836 0.0032 0.0022 0.0031 
       h2562 18 0.0030 0.9907 0.0019 0.0023 0.0021 
       h2572 18 0.0024 0.9169 0.0013 0.0270 0.0525 
       h2582 18 0.0027 0.9782 0.0026 0.0101 0.0065 
       h2592 18 0.0076 0.9810 0.0013 0.0058 0.0042 
       h2602 18 0.0027 0.9887 0.0027 0.0028 0.0032 
       h2612 18 0.0036 0.9839 0.0015 0.0048 0.0061 
       h2622 18 0.0015 0.9182 0.0395 0.0177 0.0231 
       h2632 18 0.0025 0.9787 0.0014 0.0054 0.0120 
       h2642 18 0.0031 0.9815 0.0029 0.0081 0.0044 
       h2652 18 0.0134 0.9425 0.0067 0.0042 0.0332 
       h2662 18 0.0044 0.9424 0.0018 0.0343 0.0170 
       h2672 18 0.0055 0.9560 0.0015 0.0185 0.0185 
       h2682 18 0.0044 0.9723 0.0034 0.0108 0.0091 
       h2692 18 0.0037 0.9877 0.0018 0.0038 0.0030 
       h2702 18 0.0022 0.9837 0.0017 0.0086 0.0039 
       h2712 18 0.0162 0.4300 0.0040 0.0122 0.5376 
       h2722 18 0.0056 0.9833 0.0018 0.0044 0.0050 
       h2732 18 0.0050 0.9789 0.0048 0.0063 0.0050 
       h2742 18 0.0060 0.9851 0.0019 0.0027 0.0044 
       h2752 18 0.0055 0.9848 0.0015 0.0044 0.0038 
       h2762 18 0.0030 0.9852 0.0018 0.0040 0.0060 
       h2772 18 0.0033 0.9834 0.0018 0.0077 0.0038 
       h2782 18 0.0145 0.9773 0.0023 0.0032 0.0027 
       h2792 18 0.0017 0.9910 0.0018 0.0022 0.0033 
       h2802 18 0.0016 0.9882 0.0020 0.0031 0.0051 
       h2812 18 0.0048 0.9765 0.0077 0.0058 0.0052 
       h2822 18 0.0042 0.9802 0.0016 0.0084 0.0055 
       h2832 18 0.0028 0.9885 0.0018 0.0029 0.0040 
       h2842 18 0.0019 0.9809 0.0016 0.0126 0.0030 
       h2852 18 0.0044 0.9721 0.0021 0.0119 0.0095 
       h2862 18 0.0051 0.9837 0.0030 0.0033 0.0049 
       h2872 18 0.0015 0.9918 0.0016 0.0026 0.0025 
       h2882 18 0.0070 0.9454 0.0044 0.0037 0.0395 
       h2892 18 0.0096 0.9700 0.0023 0.0047 0.0134 
       h2902 18 0.0037 0.9887 0.0014 0.0034 0.0027 
       h2912 18 0.0032 0.9791 0.0033 0.0038 0.0106 
       h2922 18 0.0280 0.8737 0.0019 0.0524 0.0440 
       h2932 18 0.0034 0.9544 0.0046 0.0101 0.0275 
       h2942 18 0.0032 0.9755 0.0014 0.0115 0.0083 
       h2952 18 0.0113 0.7459 0.0024 0.0274 0.2130 
       h2962 18 0.0658 0.7877 0.0040 0.1083 0.0343 
       h2972 18 0.0066 0.9475 0.0021 0.0086 0.0353 
       h2982 18 0.0030 0.6927 0.0050 0.2941 0.0051 
       h2992 18 0.0014 0.9911 0.0023 0.0022 0.0031 
       h3002 18 0.0525 0.9301 0.0022 0.0075 0.0078 
