1 1 (5) 1 : 0.003 0.997
2 2 (5) 1 : 0.010 0.990
3 3 (5) 1 : 0.002 0.998
4 4 (0) 1 : 0.002 0.998
5 5 (0) 1 : 0.012 0.988
6 6 (0) 1 : 0.003 0.997
7 7 (0) 1 : 0.066 0.934
8 8 (5) 1 : 0.002 0.998
9 9 (0) 1 : 0.002 0.998
10 10 (0) 1 : 0.018 0.982
11 11 (0) 1 : 0.004 0.996
12 12 (0) 1 : 0.006 0.994
13 13 (0) 1 : 0.002 0.998
14 14 (0) 1 : 0.004 0.996
15 15 (0) 1 : 0.003 0.997
16 16 (0) 1 : 0.002 0.998
17 17 (0) 1 : 0.002 0.998
18 18 (0) 1 : 0.005 0.995
19 19 (0) 1 : 0.002 0.998
20 20 (0) 1 : 0.018 0.982
21 21 (0) 1 : 0.002 0.998
22 22 (0) 1 : 0.002 0.998
23 23 (0) 1 : 0.002 0.998
24 24 (0) 1 : 0.002 0.998
25 25 (0) 1 : 0.012 0.988
26 26 (0) 1 : 0.002 0.998
27 27 (5) 1 : 0.019 0.981
28 28 (0) 1 : 0.004 0.996
29 29 (0) 1 : 0.002 0.998
30 30 (0) 1 : 0.011 0.989
31 31 (0) 1 : 0.002 0.998
32 32 (0) 1 : 0.004 0.996
33 33 (0) 1 : 0.001 0.999
34 34 (0) 1 : 0.002 0.998
35 35 (0) 1 : 0.018 0.982
36 36 (0) 1 : 0.012 0.988
37 37 (0) 1 : 0.009 0.991
38 38 (0) 1 : 0.003 0.997
39 39 (0) 1 : 0.011 0.989
40 40 (0) 1 : 0.003 0.997
41 41 (0) 1 : 0.003 0.997
42 42 (0) 1 : 0.001 0.999
43 43 (0) 1 : 0.003 0.997
44 44 (0) 1 : 0.002 0.998
45 45 (5) 1 : 0.005 0.995
46 46 (0) 1 : 0.002 0.998
47 47 (0) 1 : 0.004 0.996
48 48 (0) 1 : 0.004 0.996
49 49 (0) 1 : 0.003 0.997
50 50 (0) 1 : 0.003 0.997
51 51 (0) 1 : 0.004 0.996
52 52 (0) 1 : 0.010 0.990
53 53 (0) 1 : 0.003 0.997
54 54 (0) 1 : 0.005 0.995
55 55 (0) 1 : 0.004 0.996
56 56 (0) 1 : 0.002 0.998
57 57 (10) 1 : 0.002 0.998
58 58 (5) 1 : 0.004 0.996
59 59 (0) 1 : 0.003 0.997
60 60 (0) 1 : 0.003 0.997
61 61 (0) 1 : 0.003 0.997
62 62 (0) 1 : 0.006 0.994
63 63 (0) 1 : 0.005 0.995
64 64 (0) 1 : 0.003 0.997
65 65 (0) 1 : 0.012 0.988
66 66 (0) 1 : 0.002 0.998
67 67 (5) 1 : 0.004 0.996
68 68 (0) 1 : 0.011 0.989
69 69 (0) 1 : 0.008 0.992
70 70 (0) 1 : 0.004 0.996
71 71 (5) 1 : 0.003 0.997
72 72 (0) 1 : 0.004 0.996
73 73 (5) 1 : 0.003 0.997
74 74 (10) 1 : 0.005 0.995
75 75 (10) 1 : 0.003 0.997
76 76 (0) 1 : 0.002 0.998
77 77 (10) 1 : 0.003 0.997
78 78 (0) 1 : 0.004 0.996
79 79 (5) 1 : 0.006 0.994
80 80 (0) 1 : 0.002 0.998
81 81 (0) 1 : 0.002 0.998
82 82 (0) 1 : 0.002 0.998
83 83 (0) 1 : 0.006 0.994
84 84 (0) 1 : 0.007 0.993
85 85 (0) 1 : 0.002 0.998
86 86 (5) 1 : 0.002 0.998
87 87 (0) 1 : 0.002 0.998
88 88 (0) 1 : 0.012 0.988
89 89 (0) 1 : 0.003 0.997
90 90 (0) 1 : 0.004 0.996
91 91 (0) 1 : 0.003 0.997
92 92 (0) 1 : 0.006 0.994
93 93 (0) 1 : 0.002 0.998
94 94 (5) 1 : 0.002 0.998
95 95 (0) 1 : 0.002 0.998
96 96 (5) 1 : 0.002 0.998
97 97 (0) 1 : 0.005 0.995
98 98 (0) 1 : 0.003 0.997
99 99 (5) 1 : 0.002 0.998
100 100 (5) 1 : 0.002 0.998
101 101 (0) 2 : 0.004 0.996
102 102 (0) 2 : 0.002 0.998
103 103 (0) 2 : 0.002 0.998
104 104 (0) 2 : 0.002 0.998
105 105 (0) 2 : 0.003 0.997
106 106 (0) 2 : 0.006 0.994
107 107 (0) 2 : 0.003 0.997
108 108 (0) 2 : 0.002 0.998
109 109 (0) 2 : 0.005 0.995
110 110 (0) 2 : 0.013 0.987
111 111 (0) 2 : 0.003 0.997
112 112 (0) 2 : 0.002 0.998
113 113 (0) 2 : 0.002 0.998
114 114 (0) 2 : 0.005 0.995
115 115 (0) 2 : 0.008 0.992
116 116 (0) 2 : 0.002 0.998
117 117 (0) 2 : 0.002 0.998
118 118 (0) 2 : 0.002 0.998
119 119 (0) 2 : 0.003 0.997
120 120 (0) 2 : 0.002 0.998
121 121 (0) 2 : 0.002 0.998
122 122 (0) 2 : 0.003 0.997
123 123 (0) 2 : 0.007 0.993
124 124 (0) 2 : 0.002 0.998
125 125 (0) 2 : 0.002 0.998
126 126 (0) 2 : 0.002 0.998
127 127 (0) 2 : 0.003 0.997
128 128 (0) 2 : 0.004 0.996
129 129 (0) 2 : 0.002 0.998
130 130 (0) 2 : 0.003 0.997
131 131 (0) 2 : 0.002 0.998
132 132 (0) 2 : 0.001 0.999
133 133 (0) 2 : 0.011 0.989
134 134 (0) 2 : 0.002 0.998
135 135 (0) 2 : 0.003 0.997
136 136 (0) 2 : 0.003 0.997
137 137 (0) 2 : 0.003 0.997
138 138 (0) 2 : 0.002 0.998
139 139 (0) 2 : 0.002 0.998
140 140 (0) 2 : 0.002 0.998
141 141 (0) 2 : 0.005 0.995
142 142 (0) 2 : 0.002 0.998
143 143 (0) 2 : 0.002 0.998
144 144 (0) 2 : 0.002 0.998
145 145 (0) 2 : 0.002 0.998
146 146 (0) 2 : 0.002 0.998
147 147 (0) 2 : 0.004 0.996
148 148 (0) 2 : 0.002 0.998
149 149 (0) 2 : 0.002 0.998
150 150 (0) 2 : 0.004 0.996
151 151 (0) 2 : 0.002 0.998
152 152 (0) 2 : 0.003 0.997
153 153 (0) 2 : 0.002 0.998
154 154 (0) 2 : 0.003 0.997
155 155 (0) 2 : 0.002 0.998
156 156 (0) 2 : 0.004 0.996
157 157 (0) 2 : 0.002 0.998
158 158 (0) 2 : 0.003 0.997
159 159 (0) 2 : 0.003 0.997
160 160 (0) 2 : 0.005 0.995
161 161 (0) 2 : 0.007 0.993
162 162 (0) 2 : 0.004 0.996
163 163 (0) 2 : 0.002 0.998
164 164 (0) 2 : 0.022 0.978
165 165 (0) 2 : 0.020 0.980
166 166 (0) 2 : 0.003 0.997
167 167 (0) 2 : 0.002 0.998
168 168 (0) 2 : 0.001 0.999
169 169 (0) 2 : 0.003 0.997
170 170 (0) 2 : 0.003 0.997
171 171 (0) 2 : 0.013 0.987
172 172 (0) 2 : 0.003 0.997
173 173 (0) 2 : 0.002 0.998
174 174 (0) 2 : 0.002 0.998
175 175 (0) 2 : 0.004 0.996
176 176 (0) 2 : 0.003 0.997
177 177 (0) 2 : 0.010 0.990
178 178 (0) 2 : 0.005 0.995
179 179 (0) 2 : 0.003 0.997
180 180 (0) 2 : 0.002 0.998
181 181 (0) 2 : 0.009 0.991
182 182 (0) 2 : 0.003 0.997
183 183 (0) 2 : 0.002 0.998
184 184 (0) 2 : 0.003 0.997
185 185 (0) 2 : 0.002 0.998
186 186 (0) 2 : 0.011 0.989
187 187 (0) 2 : 0.003 0.997
188 188 (0) 2 : 0.002 0.998
189 189 (0) 2 : 0.002 0.998
190 190 (0) 2 : 0.004 0.996
191 191 (0) 2 : 0.002 0.998
192 192 (0) 2 : 0.002 0.998
193 193 (0) 2 : 0.002 0.998
194 194 (0) 2 : 0.004 0.996
195 195 (0) 2 : 0.003 0.997
196 196 (0) 2 : 0.003 0.997
197 197 (0) 2 : 0.004 0.996
198 198 (0) 2 : 0.002 0.998
199 199 (0) 2 : 0.002 0.998
200 200 (0) 2 : 0.048 0.952
201 201 (0) 2 : 0.008 0.992
202 202 (0) 2 : 0.005 0.995
203 203 (0) 2 : 0.005 0.995
204 204 (0) 2 : 0.002 0.998
205 205 (0) 2 : 0.006 0.994
206 206 (0) 2 : 0.003 0.997
207 207 (0) 2 : 0.004 0.996
208 208 (0) 2 : 0.007 0.993
209 209 (0) 2 : 0.002 0.998
210 210 (0) 2 : 0.002 0.998
211 211 (0) 2 : 0.004 0.996
212 212 (0) 2 : 0.003 0.997
213 213 (0) 2 : 0.005 0.995
214 214 (0) 2 : 0.002 0.998
215 215 (0) 2 : 0.003 0.997
216 216 (0) 2 : 0.002 0.998
217 217 (0) 2 : 0.006 0.994
218 218 (0) 2 : 0.002 0.998
219 219 (0) 2 : 0.002 0.998
220 220 (0) 2 : 0.002 0.998
221 221 (0) 2 : 0.005 0.995
222 222 (0) 2 : 0.002 0.998
223 223 (0) 2 : 0.003 0.997
224 224 (0) 2 : 0.004 0.996
225 225 (0) 2 : 0.004 0.996
226 226 (0) 2 : 0.002 0.998
227 227 (0) 2 : 0.004 0.996
228 228 (0) 2 : 0.005 0.995
229 229 (0) 2 : 0.003 0.997
230 230 (0) 2 : 0.002 0.998
231 231 (0) 2 : 0.003 0.997
232 232 (0) 2 : 0.002 0.998
233 233 (0) 2 : 0.001 0.999
234 234 (0) 2 : 0.003 0.997
235 235 (0) 2 : 0.007 0.993
236 236 (0) 2 : 0.002 0.998
237 237 (0) 2 : 0.002 0.998
238 238 (0) 2 : 0.002 0.998
239 239 (0) 2 : 0.015 0.985
240 240 (0) 2 : 0.003 0.997
241 241 (0) 2 : 0.002 0.998
242 242 (0) 2 : 0.002 0.998
243 243 (0) 2 : 0.005 0.995
244 244 (0) 2 : 0.002 0.998
245 245 (0) 2 : 0.007 0.993
246 246 (0) 2 : 0.003 0.997
247 247 (0) 2 : 0.007 0.993
248 248 (0) 2 : 0.002 0.998
249 249 (0) 2 : 0.002 0.998
250 250 (0) 2 : 0.009 0.991
251 251 (0) 2 : 0.004 0.996
252 252 (0) 2 : 0.001 0.999
253 253 (0) 2 : 0.002 0.998
254 254 (0) 2 : 0.004 0.996
255 255 (0) 2 : 0.003 0.997
256 256 (0) 2 : 0.002 0.998
257 257 (0) 2 : 0.004 0.996
258 258 (0) 2 : 0.023 0.977
259 259 (0) 2 : 0.007 0.993
260 260 (0) 2 : 0.005 0.995
261 261 (0) 2 : 0.002 0.998
262 262 (0) 2 : 0.001 0.999
263 263 (0) 2 : 0.018 0.982
264 264 (0) 2 : 0.001 0.999
265 265 (0) 2 : 0.003 0.997
266 266 (0) 2 : 0.001 0.999
267 267 (0) 2 : 0.003 0.997
268 268 (0) 2 : 0.002 0.998
269 269 (0) 2 : 0.002 0.998
270 270 (0) 2 : 0.002 0.998
271 271 (0) 2 : 0.003 0.997
272 272 (0) 2 : 0.012 0.988
273 273 (0) 2 : 0.002 0.998
274 274 (0) 2 : 0.016 0.984
275 275 (0) 2 : 0.003 0.997
276 276 (0) 2 : 0.002 0.998
277 277 (0) 2 : 0.005 0.995
278 278 (0) 2 : 0.002 0.998
279 279 (0) 2 : 0.002 0.998
280 280 (0) 2 : 0.002 0.998
281 281 (0) 2 : 0.006 0.994
282 282 (0) 2 : 0.002 0.998
283 283 (0) 2 : 0.002 0.998
284 284 (0) 2 : 0.002 0.998
285 285 (0) 2 : 0.002 0.998
286 286 (0) 2 : 0.004 0.996
287 287 (0) 2 : 0.002 0.998
288 288 (0) 2 : 0.002 0.998
289 289 (0) 2 : 0.002 0.998
290 290 (0) 2 : 0.002 0.998
291 291 (0) 2 : 0.002 0.998
292 292 (0) 2 : 0.008 0.992
293 293 (0) 2 : 0.006 0.994
294 294 (0) 2 : 0.009 0.991
295 295 (0) 2 : 0.012 0.988
296 296 (0) 2 : 0.002 0.998
297 297 (0) 2 : 0.003 0.997
298 298 (0) 2 : 0.003 0.997
299 299 (0) 2 : 0.002 0.998
300 300 (0) 2 : 0.002 0.998
301 301 (0) 2 : 0.005 0.995
302 302 (0) 2 : 0.002 0.998
303 303 (0) 2 : 0.002 0.998
304 304 (0) 2 : 0.003 0.997
305 305 (0) 2 : 0.006 0.994
306 306 (0) 2 : 0.002 0.998
307 307 (0) 2 : 0.002 0.998
308 308 (0) 2 : 0.005 0.995
309 309 (0) 2 : 0.003 0.997
310 310 (0) 2 : 0.005 0.995
311 311 (0) 2 : 0.008 0.992
312 312 (0) 2 : 0.002 0.998
313 313 (0) 2 : 0.003 0.997
314 314 (0) 2 : 0.003 0.997
315 315 (0) 2 : 0.001 0.999
316 316 (0) 2 : 0.002 0.998
317 317 (0) 2 : 0.002 0.998
318 318 (0) 2 : 0.001 0.999
319 319 (0) 2 : 0.004 0.996
320 320 (0) 2 : 0.001 0.999
321 321 (0) 2 : 0.005 0.995
322 322 (0) 2 : 0.002 0.998
323 323 (0) 2 : 0.006 0.994
324 324 (0) 2 : 0.033 0.967
325 325 (0) 2 : 0.002 0.998
326 326 (0) 2 : 0.002 0.998
327 327 (0) 2 : 0.002 0.998
328 328 (0) 2 : 0.020 0.980
329 329 (0) 2 : 0.003 0.997
330 330 (0) 2 : 0.002 0.998
331 331 (0) 2 : 0.003 0.997
332 332 (0) 2 : 0.003 0.997
333 333 (0) 2 : 0.002 0.998
334 334 (0) 2 : 0.006 0.994
335 335 (0) 2 : 0.004 0.996
336 336 (0) 2 : 0.002 0.998
337 337 (0) 2 : 0.003 0.997
338 338 (0) 2 : 0.003 0.997
339 339 (0) 2 : 0.007 0.993
340 340 (0) 2 : 0.002 0.998
341 341 (0) 2 : 0.004 0.996
342 342 (0) 2 : 0.003 0.997
343 343 (0) 2 : 0.002 0.998
344 344 (0) 2 : 0.002 0.998
345 345 (0) 2 : 0.002 0.998
346 346 (0) 2 : 0.003 0.997
347 347 (0) 2 : 0.005 0.995
348 348 (0) 2 : 0.004 0.996
349 349 (0) 2 : 0.004 0.996
350 350 (0) 2 : 0.004 0.996
351 351 (5) 3 : 0.409 0.591
352 352 (0) 3 : 0.667 0.333
353 353 (0) 3 : 0.519 0.481
354 354 (5) 3 : 0.596 0.404
355 355 (5) 3 : 0.627 0.373
356 356 (0) 3 : 0.713 0.287
357 357 (0) 4 : 0.989 0.011
358 358 (0) 4 : 0.929 0.071
359 359 (10) 5 : 0.997 0.003
360 360 (5) 5 : 0.996 0.004
361 361 (5) 5 : 0.834 0.166
362 362 (5) 5 : 0.998 0.002
363 363 (10) 5 : 0.984 0.016
364 364 (5) 5 : 0.683 0.317
365 365 (10) 5 : 0.992 0.008
366 366 (0) 5 : 0.995 0.005
367 367 (0) 5 : 0.993 0.007
368 368 (0) 5 : 0.998 0.002
369 369 (0) 5 : 0.972 0.028
370 370 (0) 5 : 0.894 0.106
371 371 (0) 5 : 0.997 0.003
372 372 (0) 5 : 0.991 0.009
373 373 (0) 5 : 0.993 0.007
374 374 (0) 5 : 0.982 0.018
375 375 (0) 5 : 0.982 0.018
376 376 (0) 5 : 0.759 0.241
377 377 (0) 5 : 0.995 0.005
378 378 (5) 5 : 0.989 0.011
379 379 (0) 5 : 0.994 0.006
380 380 (0) 5 : 0.873 0.127
381 381 (5) 5 : 0.979 0.021
382 382 (5) 5 : 0.992 0.008
383 383 (0) 5 : 0.802 0.198
384 384 (0) 5 : 0.934 0.066
385 385 (0) 5 : 0.986 0.014
386 386 (0) 5 : 0.998 0.002
387 387 (0) 5 : 0.998 0.002
388 388 (0) 5 : 0.998 0.002
389 389 (0) 5 : 0.999 0.001
390 390 (0) 5 : 0.993 0.007
391 391 (0) 5 : 0.987 0.013
392 392 (0) 5 : 0.995 0.005
393 393 (0) 5 : 0.987 0.013
394 394 (0) 5 : 0.973 0.027
395 395 (0) 5 : 0.876 0.124
396 396 (0) 5 : 0.998 0.002
397 397 (0) 5 : 0.986 0.014
398 398 (0) 5 : 0.970 0.030
399 399 (0) 5 : 0.997 0.003
400 400 (0) 5 : 0.995 0.005
401 401 (10) 6 : 0.998 0.002
402 402 (0) 6 : 0.995 0.005
403 403 (0) 6 : 0.966 0.034
404 404 (0) 6 : 0.998 0.002
405 405 (0) 6 : 0.995 0.005
406 406 (5) 6 : 0.997 0.003
407 407 (0) 6 : 0.998 0.002
408 408 (0) 6 : 0.997 0.003
409 409 (0) 6 : 0.998 0.002
410 410 (0) 6 : 0.967 0.033
411 411 (0) 6 : 0.996 0.004
412 412 (0) 6 : 0.998 0.002
413 413 (0) 6 : 0.999 0.001
414 414 (0) 6 : 0.997 0.003
415 415 (5) 6 : 0.998 0.002
416 416 (0) 6 : 0.997 0.003
417 417 (0) 6 : 0.996 0.004
418 418 (0) 6 : 0.998 0.002
419 419 (0) 6 : 0.998 0.002
420 420 (0) 6 : 0.999 0.001
421 421 (0) 6 : 0.998 0.002
422 422 (5) 6 : 0.998 0.002
423 423 (5) 6 : 0.997 0.003
424 424 (5) 6 : 0.995 0.005
425 425 (0) 6 : 0.996 0.004
426 426 (0) 6 : 0.998 0.002
427 427 (0) 6 : 0.998 0.002
428 428 (0) 6 : 0.996 0.004
429 429 (0) 6 : 0.998 0.002
430 430 (0) 6 : 0.996 0.004
431 431 (0) 6 : 0.996 0.004
432 432 (0) 6 : 0.998 0.002
433 433 (0) 6 : 0.998 0.002
434 434 (0) 6 : 0.997 0.003
435 435 (0) 6 : 0.996 0.004
436 436 (0) 6 : 0.998 0.002
437 437 (5) 6 : 0.996 0.004
438 438 (0) 6 : 0.996 0.004
439 439 (0) 6 : 0.998 0.002
440 440 (0) 6 : 0.997 0.003
441 441 (0) 6 : 0.997 0.003
442 442 (0) 6 : 0.997 0.003
443 443 (5) 6 : 0.998 0.002
444 444 (5) 6 : 0.997 0.003
445 445 (5) 6 : 0.998 0.002
446 446 (5) 6 : 0.997 0.003
447 447 (5) 6 : 0.996 0.004
448 448 (5) 6 : 0.995 0.005
449 449 (0) 6 : 0.987 0.013
450 450 (5) 6 : 0.998 0.002
451 451 (0) 6 : 0.831 0.169
452 452 (0) 6 : 0.938 0.062
453 453 (0) 6 : 0.998 0.002
454 454 (0) 6 : 0.999 0.001
455 455 (0) 6 : 0.997 0.003
456 456 (0) 6 : 0.998 0.002
457 457 (0) 6 : 0.998 0.002
458 458 (0) 6 : 0.997 0.003
459 459 (0) 6 : 0.998 0.002
460 460 (0) 6 : 0.998 0.002
461 461 (0) 6 : 0.997 0.003
462 462 (0) 6 : 0.578 0.422
463 463 (0) 6 : 0.999 0.001
464 464 (0) 6 : 0.998 0.002
465 465 (0) 6 : 0.998 0.002
466 466 (0) 6 : 0.997 0.003
467 467 (0) 6 : 0.998 0.002
468 468 (0) 6 : 0.995 0.005
469 469 (0) 6 : 0.997 0.003
470 470 (0) 6 : 0.998 0.002
471 471 (0) 6 : 0.999 0.001
472 472 (0) 6 : 0.999 0.001
473 473 (0) 6 : 0.996 0.004
474 474 (0) 6 : 0.997 0.003
475 475 (0) 6 : 0.998 0.002
476 476 (0) 6 : 0.999 0.001
477 477 (0) 6 : 0.998 0.002
478 478 (0) 6 : 0.998 0.002
479 479 (0) 6 : 0.997 0.003
480 480 (0) 6 : 0.997 0.003
481 481 (0) 6 : 0.892 0.108
482 482 (0) 6 : 0.998 0.002
483 483 (0) 6 : 0.998 0.002
484 484 (0) 6 : 0.998 0.002
485 485 (0) 6 : 0.999 0.001
486 486 (0) 6 : 0.997 0.003
487 487 (0) 6 : 0.998 0.002
488 488 (0) 6 : 0.998 0.002
489 489 (0) 6 : 0.998 0.002
490 490 (0) 6 : 0.999 0.001
491 491 (0) 6 : 0.998 0.002
492 492 (0) 6 : 0.996 0.004
493 493 (10) 6 : 0.988 0.012
494 494 (0) 6 : 0.998 0.002
495 495 (0) 6 : 0.998 0.002
496 496 (0) 6 : 0.997 0.003
497 497 (0) 6 : 0.996 0.004
498 498 (0) 6 : 0.995 0.005
499 499 (0) 6 : 0.998 0.002
500 500 (0) 6 : 0.998 0.002
501 501 (0) 6 : 0.999 0.001
502 502 (0) 6 : 0.999 0.001
503 503 (0) 6 : 0.997 0.003
504 504 (0) 6 : 0.999 0.001
505 505 (0) 6 : 0.999 0.001
506 506 (0) 7 : 0.982 0.018
507 507 (10) 7 : 0.995 0.005
508 508 (10) 7 : 0.996 0.004
509 509 (5) 7 : 0.999 0.001
510 510 (5) 7 : 0.998 0.002
511 511 (0) 7 : 0.999 0.001
512 512 (5) 7 : 0.998 0.002
513 513 (5) 7 : 0.998 0.002
514 514 (0) 7 : 0.999 0.001
515 515 (0) 7 : 0.999 0.001
516 516 (0) 7 : 0.999 0.001
517 517 (0) 7 : 0.998 0.002
518 518 (0) 7 : 0.998 0.002
519 519 (5) 7 : 0.998 0.002
520 520 (5) 7 : 0.992 0.008
521 521 (10) 7 : 0.996 0.004
522 522 (0) 7 : 0.998 0.002
523 523 (5) 7 : 0.993 0.007
524 524 (5) 7 : 0.998 0.002
525 525 (0) 7 : 0.999 0.001
526 526 (5) 7 : 0.998 0.002
527 527 (0) 7 : 0.995 0.005
528 528 (5) 7 : 0.999 0.001
529 529 (0) 7 : 0.998 0.002
530 530 (0) 7 : 0.997 0.003
531 531 (0) 7 : 0.995 0.005
532 532 (0) 7 : 0.998 0.002
533 533 (0) 7 : 0.998 0.002
534 534 (0) 7 : 0.997 0.003
535 535 (0) 7 : 0.995 0.005
536 536 (0) 7 : 0.996 0.004
537 537 (0) 7 : 0.994 0.006
538 538 (0) 7 : 0.998 0.002
539 539 (0) 7 : 0.997 0.003
540 540 (0) 7 : 0.995 0.005
541 541 (0) 7 : 0.999 0.001
542 542 (0) 7 : 0.996 0.004
543 543 (0) 7 : 0.998 0.002
544 544 (5) 7 : 0.998 0.002
545 545 (5) 7 : 0.998 0.002
546 546 (0) 7 : 0.998 0.002
547 547 (15) 7 : 0.996 0.004
548 548 (10) 7 : 0.999 0.001
549 549 (10) 7 : 0.998 0.002
550 550 (10) 7 : 0.997 0.003
551 551 (5) 7 : 0.998 0.002
552 552 (5) 7 : 0.998 0.002
553 553 (5) 7 : 0.998 0.002
554 554 (5) 7 : 0.998 0.002
555 555 (5) 7 : 0.996 0.004
556 556 (5) 7 : 0.998 0.002
557 557 (15) 7 : 0.992 0.008
558 558 (5) 7 : 0.990 0.010
559 559 (5) 7 : 0.999 0.001
560 560 (15) 7 : 0.998 0.002
561 561 (5) 7 : 0.983 0.017
562 562 (5) 7 : 0.955 0.045
563 563 (5) 7 : 0.998 0.002
564 564 (5) 7 : 0.998 0.002
565 565 (10) 7 : 0.997 0.003
566 566 (5) 7 : 0.998 0.002
567 567 (5) 7 : 0.998 0.002
568 568 (10) 7 : 0.998 0.002
569 569 (10) 7 : 0.998 0.002
570 570 (10) 7 : 0.991 0.009
571 571 (10) 7 : 0.970 0.030
572 572 (5) 7 : 0.998 0.002
573 573 (10) 7 : 0.996 0.004
574 574 (0) 7 : 0.999 0.001
575 575 (5) 7 : 0.998 0.002
576 576 (0) 7 : 0.999 0.001
577 577 (0) 7 : 0.999 0.001
578 578 (0) 7 : 0.998 0.002
579 579 (0) 7 : 0.996 0.004
580 580 (0) 7 : 0.998 0.002
581 581 (0) 7 : 0.980 0.020
582 582 (0) 7 : 0.997 0.003
583 583 (10) 7 : 0.998 0.002
584 584 (10) 7 : 0.770 0.230
585 585 (0) 7 : 0.975 0.025
586 586 (5) 7 : 0.931 0.069
587 587 (0) 7 : 0.997 0.003
588 588 (5) 7 : 0.987 0.013
589 589 (5) 7 : 0.998 0.002
590 590 (5) 7 : 0.998 0.002
591 591 (10) 7 : 0.999 0.001
592 592 (0) 7 : 0.998 0.002
593 593 (0) 7 : 0.998 0.002
594 594 (0) 7 : 0.861 0.139
595 595 (0) 7 : 0.998 0.002
596 596 (0) 7 : 0.997 0.003
597 597 (0) 7 : 0.998 0.002
598 598 (0) 7 : 0.999 0.001
599 599 (0) 7 : 0.996 0.004
600 600 (0) 7 : 0.998 0.002
601 601 (0) 7 : 0.997 0.003
602 602 (0) 7 : 0.997 0.003
603 603 (0) 7 : 0.976 0.024
604 604 (0) 7 : 0.992 0.008
605 605 (0) 7 : 0.995 0.005
606 606 (0) 7 : 0.998 0.002
607 607 (0) 7 : 0.991 0.009
608 608 (0) 7 : 0.998 0.002
609 609 (5) 7 : 0.997 0.003
610 610 (0) 7 : 0.998 0.002
611 611 (5) 7 : 0.634 0.366
612 612 (0) 7 : 0.998 0.002
613 613 (0) 7 : 0.933 0.067
614 614 (0) 7 : 0.997 0.003
615 615 (0) 7 : 0.995 0.005
616 616 (0) 7 : 0.998 0.002
617 617 (0) 7 : 0.998 0.002
618 618 (0) 7 : 0.984 0.016
619 619 (0) 7 : 0.999 0.001
620 620 (0) 7 : 0.997 0.003
621 621 (0) 7 : 0.998 0.002
622 622 (0) 7 : 0.894 0.106
623 623 (0) 7 : 0.999 0.001
624 624 (0) 7 : 0.996 0.004
625 625 (5) 7 : 0.998 0.002
626 626 (0) 7 : 0.994 0.006
627 627 (0) 7 : 0.997 0.003
628 628 (0) 7 : 0.996 0.004
629 629 (10) 7 : 0.998 0.002
630 630 (0) 7 : 0.998 0.002
631 631 (0) 7 : 0.998 0.002
632 632 (0) 7 : 0.998 0.002
633 633 (10) 7 : 0.996 0.004
634 634 (5) 7 : 0.998 0.002
635 635 (0) 7 : 0.998 0.002
636 636 (5) 7 : 0.998 0.002
637 637 (5) 7 : 0.999 0.001
638 638 (10) 7 : 0.997 0.003
639 639 (0) 7 : 0.998 0.002
640 640 (5) 7 : 0.996 0.004
641 641 (10) 7 : 0.998 0.002
642 642 (0) 7 : 0.996 0.004
643 643 (0) 7 : 0.980 0.020
644 644 (0) 7 : 0.998 0.002
645 645 (0) 7 : 0.997 0.003
646 646 (0) 7 : 0.999 0.001
647 647 (0) 7 : 0.997 0.003
648 648 (0) 7 : 0.999 0.001
649 649 (0) 7 : 0.998 0.002
650 650 (0) 7 : 0.999 0.001
651 651 (5) 7 : 0.996 0.004
652 652 (0) 7 : 0.999 0.001
653 653 (0) 7 : 0.998 0.002
654 654 (0) 7 : 0.998 0.002
655 655 (5) 7 : 0.996 0.004
656 656 (0) 7 : 0.997 0.003
657 657 (0) 7 : 0.994 0.006
658 658 (0) 7 : 0.998 0.002
659 659 (0) 7 : 0.998 0.002
660 660 (0) 7 : 0.998 0.002
661 661 (0) 7 : 0.997 0.003
662 662 (0) 7 : 0.994 0.006
663 663 (0) 7 : 0.998 0.002
664 664 (0) 7 : 0.998 0.002
665 665 (0) 7 : 0.995 0.005
666 666 (0) 7 : 0.998 0.002
667 667 (0) 7 : 0.999 0.001
668 668 (0) 7 : 0.998 0.002
669 669 (0) 7 : 0.999 0.001
670 670 (0) 7 : 0.999 0.001
671 671 (0) 7 : 0.999 0.001
672 672 (0) 7 : 0.998 0.002
673 673 (0) 7 : 0.996 0.004
674 674 (0) 7 : 0.998 0.002
675 675 (0) 7 : 0.998 0.002
676 676 (10) 7 : 0.997 0.003
677 677 (5) 7 : 0.998 0.002
678 678 (10) 7 : 0.998 0.002
679 679 (5) 7 : 0.920 0.080
680 680 (10) 7 : 0.998 0.002
681 681 (10) 7 : 0.998 0.002
682 682 (0) 7 : 0.997 0.003
683 683 (5) 7 : 0.997 0.003
684 684 (5) 7 : 0.978 0.022
685 685 (10) 7 : 0.997 0.003
686 686 (0) 7 : 0.998 0.002
687 687 (0) 7 : 0.998 0.002
688 688 (0) 7 : 0.998 0.002
689 689 (0) 7 : 0.998 0.002
690 690 (0) 7 : 0.969 0.031
691 691 (0) 7 : 0.863 0.137
692 692 (0) 7 : 0.921 0.079
693 693 (0) 7 : 0.998 0.002
694 694 (0) 7 : 0.999 0.001
695 695 (5) 7 : 0.833 0.167
696 696 (0) 7 : 0.874 0.126
697 697 (0) 7 : 0.998 0.002
698 698 (10) 7 : 0.991 0.009
699 699 (5) 7 : 0.997 0.003
700 700 (0) 7 : 0.999 0.001
701 701 (5) 7 : 0.928 0.072
702 702 (5) 7 : 0.997 0.003
703 703 (0) 7 : 0.998 0.002
704 704 (0) 7 : 0.988 0.012
705 705 (0) 7 : 0.997 0.003
706 706 (0) 7 : 0.968 0.032
707 707 (0) 7 : 0.999 0.001
708 708 (0) 7 : 0.996 0.004
709 709 (0) 7 : 0.999 0.001
710 710 (0) 7 : 0.999 0.001
711 711 (0) 7 : 0.999 0.001
712 712 (0) 7 : 0.998 0.002
713 713 (0) 7 : 0.995 0.005
714 714 (0) 7 : 0.998 0.002
715 715 (0) 7 : 0.998 0.002
716 716 (0) 7 : 0.998 0.002
717 717 (0) 7 : 0.998 0.002
718 718 (0) 7 : 0.997 0.003
719 719 (0) 7 : 0.998 0.002
720 720 (0) 7 : 0.998 0.002
721 721 (0) 7 : 0.998 0.002
722 722 (0) 7 : 0.999 0.001
723 723 (0) 7 : 0.999 0.001
724 724 (0) 7 : 0.998 0.002
725 725 (0) 7 : 0.999 0.001
726 726 (0) 7 : 0.991 0.009
727 727 (0) 7 : 0.992 0.008
728 728 (0) 7 : 0.999 0.001
729 729 (0) 7 : 0.990 0.010
730 730 (0) 7 : 0.998 0.002
731 731 (0) 7 : 0.998 0.002
732 732 (0) 7 : 0.998 0.002
733 733 (0) 7 : 0.997 0.003
734 734 (0) 7 : 0.993 0.007
735 735 (0) 7 : 0.998 0.002
736 736 (0) 7 : 0.997 0.003
737 737 (0) 7 : 0.998 0.002
738 738 (0) 7 : 0.993 0.007
739 739 (0) 7 : 0.998 0.002
740 740 (0) 7 : 0.998 0.002
741 741 (0) 7 : 0.998 0.002
742 742 (0) 7 : 0.998 0.002
743 743 (0) 7 : 0.998 0.002
744 744 (0) 7 : 0.998 0.002
745 745 (0) 7 : 0.999 0.001
1 1 (5) 1 : 0.003 0.997
2 2 (5) 1 : 0.010 0.990
3 3 (5) 1 : 0.002 0.998
4 4 (0) 1 : 0.002 0.998
5 5 (0) 1 : 0.012 0.988
6 6 (0) 1 : 0.003 0.997
7 7 (0) 1 : 0.066 0.934
8 8 (5) 1 : 0.002 0.998
9 9 (0) 1 : 0.002 0.998
10 10 (0) 1 : 0.018 0.982
11 11 (0) 1 : 0.004 0.996
12 12 (0) 1 : 0.006 0.994
13 13 (0) 1 : 0.002 0.998
14 14 (0) 1 : 0.004 0.996
15 15 (0) 1 : 0.003 0.997
16 16 (0) 1 : 0.002 0.998
17 17 (0) 1 : 0.002 0.998
18 18 (0) 1 : 0.005 0.995
19 19 (0) 1 : 0.002 0.998
20 20 (0) 1 : 0.018 0.982
21 21 (0) 1 : 0.002 0.998
22 22 (0) 1 : 0.002 0.998
23 23 (0) 1 : 0.002 0.998
24 24 (0) 1 : 0.002 0.998
25 25 (0) 1 : 0.012 0.988
26 26 (0) 1 : 0.002 0.998
27 27 (5) 1 : 0.019 0.981
28 28 (0) 1 : 0.004 0.996
29 29 (0) 1 : 0.002 0.998
30 30 (0) 1 : 0.011 0.989
31 31 (0) 1 : 0.002 0.998
32 32 (0) 1 : 0.004 0.996
33 33 (0) 1 : 0.002 0.998
34 34 (0) 1 : 0.002 0.998
35 35 (0) 1 : 0.018 0.982
36 36 (0) 1 : 0.012 0.988
37 37 (0) 1 : 0.009 0.991
38 38 (0) 1 : 0.003 0.997
39 39 (0) 1 : 0.011 0.989
40 40 (0) 1 : 0.003 0.997
41 41 (0) 1 : 0.003 0.997
42 42 (0) 1 : 0.001 0.999
43 43 (0) 1 : 0.003 0.997
44 44 (0) 1 : 0.002 0.998
45 45 (5) 1 : 0.005 0.995
46 46 (0) 1 : 0.002 0.998
47 47 (0) 1 : 0.004 0.996
48 48 (0) 1 : 0.004 0.996
49 49 (0) 1 : 0.003 0.997
50 50 (0) 1 : 0.003 0.997
51 51 (0) 1 : 0.004 0.996
52 52 (0) 1 : 0.010 0.990
53 53 (0) 1 : 0.003 0.997
54 54 (0) 1 : 0.005 0.995
55 55 (0) 1 : 0.004 0.996
56 56 (0) 1 : 0.002 0.998
57 57 (10) 1 : 0.002 0.998
58 58 (5) 1 : 0.004 0.996
59 59 (0) 1 : 0.003 0.997
60 60 (0) 1 : 0.003 0.997
61 61 (0) 1 : 0.003 0.997
62 62 (0) 1 : 0.006 0.994
63 63 (0) 1 : 0.005 0.995
64 64 (0) 1 : 0.003 0.997
65 65 (0) 1 : 0.012 0.988
66 66 (0) 1 : 0.002 0.998
67 67 (5) 1 : 0.004 0.996
68 68 (0) 1 : 0.011 0.989
69 69 (0) 1 : 0.008 0.992
70 70 (0) 1 : 0.004 0.996
71 71 (5) 1 : 0.003 0.997
72 72 (0) 1 : 0.004 0.996
73 73 (5) 1 : 0.003 0.997
74 74 (10) 1 : 0.005 0.995
75 75 (10) 1 : 0.003 0.997
76 76 (0) 1 : 0.002 0.998
77 77 (10) 1 : 0.003 0.997
78 78 (0) 1 : 0.004 0.996
79 79 (5) 1 : 0.006 0.994
80 80 (0) 1 : 0.002 0.998
81 81 (0) 1 : 0.002 0.998
82 82 (0) 1 : 0.002 0.998
83 83 (0) 1 : 0.006 0.994
84 84 (0) 1 : 0.007 0.993
85 85 (0) 1 : 0.002 0.998
86 86 (5) 1 : 0.003 0.997
87 87 (0) 1 : 0.002 0.998
88 88 (0) 1 : 0.012 0.988
89 89 (0) 1 : 0.003 0.997
90 90 (0) 1 : 0.004 0.996
91 91 (0) 1 : 0.003 0.997
92 92 (0) 1 : 0.006 0.994
93 93 (0) 1 : 0.002 0.998
94 94 (5) 1 : 0.002 0.998
95 95 (0) 1 : 0.002 0.998
96 96 (5) 1 : 0.002 0.998
97 97 (0) 1 : 0.005 0.995
98 98 (0) 1 : 0.003 0.997
99 99 (5) 1 : 0.002 0.998
100 100 (5) 1 : 0.002 0.998
101 101 (0) 2 : 0.004 0.996
102 102 (0) 2 : 0.002 0.998
103 103 (0) 2 : 0.002 0.998
104 104 (0) 2 : 0.002 0.998
105 105 (0) 2 : 0.003 0.997
106 106 (0) 2 : 0.006 0.994
107 107 (0) 2 : 0.003 0.997
108 108 (0) 2 : 0.002 0.998
109 109 (0) 2 : 0.005 0.995
110 110 (0) 2 : 0.013 0.987
111 111 (0) 2 : 0.003 0.997
112 112 (0) 2 : 0.002 0.998
113 113 (0) 2 : 0.002 0.998
114 114 (0) 2 : 0.005 0.995
115 115 (0) 2 : 0.008 0.992
116 116 (0) 2 : 0.002 0.998
117 117 (0) 2 : 0.002 0.998
118 118 (0) 2 : 0.002 0.998
119 119 (0) 2 : 0.003 0.997
120 120 (0) 2 : 0.002 0.998
121 121 (0) 2 : 0.001 0.999
122 122 (0) 2 : 0.003 0.997
123 123 (0) 2 : 0.007 0.993
124 124 (0) 2 : 0.002 0.998
125 125 (0) 2 : 0.002 0.998
126 126 (0) 2 : 0.002 0.998
127 127 (0) 2 : 0.003 0.997
128 128 (0) 2 : 0.004 0.996
129 129 (0) 2 : 0.002 0.998
130 130 (0) 2 : 0.003 0.997
131 131 (0) 2 : 0.002 0.998
132 132 (0) 2 : 0.001 0.999
133 133 (0) 2 : 0.011 0.989
134 134 (0) 2 : 0.002 0.998
135 135 (0) 2 : 0.003 0.997
136 136 (0) 2 : 0.003 0.997
137 137 (0) 2 : 0.003 0.997
138 138 (0) 2 : 0.002 0.998
139 139 (0) 2 : 0.003 0.997
140 140 (0) 2 : 0.002 0.998
141 141 (0) 2 : 0.005 0.995
142 142 (0) 2 : 0.002 0.998
143 143 (0) 2 : 0.002 0.998
144 144 (0) 2 : 0.002 0.998
145 145 (0) 2 : 0.002 0.998
146 146 (0) 2 : 0.002 0.998
147 147 (0) 2 : 0.004 0.996
148 148 (0) 2 : 0.002 0.998
149 149 (0) 2 : 0.002 0.998
150 150 (0) 2 : 0.004 0.996
151 151 (0) 2 : 0.002 0.998
152 152 (0) 2 : 0.004 0.996
153 153 (0) 2 : 0.002 0.998
154 154 (0) 2 : 0.003 0.997
155 155 (0) 2 : 0.002 0.998
156 156 (0) 2 : 0.004 0.996
157 157 (0) 2 : 0.002 0.998
158 158 (0) 2 : 0.003 0.997
159 159 (0) 2 : 0.003 0.997
160 160 (0) 2 : 0.005 0.995
161 161 (0) 2 : 0.007 0.993
162 162 (0) 2 : 0.004 0.996
163 163 (0) 2 : 0.002 0.998
164 164 (0) 2 : 0.022 0.978
165 165 (0) 2 : 0.020 0.980
166 166 (0) 2 : 0.003 0.997
167 167 (0) 2 : 0.002 0.998
168 168 (0) 2 : 0.001 0.999
169 169 (0) 2 : 0.003 0.997
170 170 (0) 2 : 0.003 0.997
171 171 (0) 2 : 0.013 0.987
172 172 (0) 2 : 0.003 0.997
173 173 (0) 2 : 0.002 0.998
174 174 (0) 2 : 0.002 0.998
175 175 (0) 2 : 0.004 0.996
176 176 (0) 2 : 0.003 0.997
177 177 (0) 2 : 0.010 0.990
178 178 (0) 2 : 0.005 0.995
179 179 (0) 2 : 0.003 0.997
180 180 (0) 2 : 0.002 0.998
181 181 (0) 2 : 0.009 0.991
182 182 (0) 2 : 0.003 0.997
183 183 (0) 2 : 0.002 0.998
184 184 (0) 2 : 0.003 0.997
185 185 (0) 2 : 0.002 0.998
186 186 (0) 2 : 0.011 0.989
187 187 (0) 2 : 0.003 0.997
188 188 (0) 2 : 0.002 0.998
189 189 (0) 2 : 0.002 0.998
190 190 (0) 2 : 0.004 0.996
191 191 (0) 2 : 0.002 0.998
192 192 (0) 2 : 0.002 0.998
193 193 (0) 2 : 0.002 0.998
194 194 (0) 2 : 0.004 0.996
195 195 (0) 2 : 0.003 0.997
196 196 (0) 2 : 0.003 0.997
197 197 (0) 2 : 0.004 0.996
198 198 (0) 2 : 0.002 0.998
199 199 (0) 2 : 0.002 0.998
200 200 (0) 2 : 0.048 0.952
201 201 (0) 2 : 0.008 0.992
202 202 (0) 2 : 0.005 0.995
203 203 (0) 2 : 0.005 0.995
204 204 (0) 2 : 0.002 0.998
205 205 (0) 2 : 0.006 0.994
206 206 (0) 2 : 0.003 0.997
207 207 (0) 2 : 0.004 0.996
208 208 (0) 2 : 0.007 0.993
209 209 (0) 2 : 0.002 0.998
210 210 (0) 2 : 0.002 0.998
211 211 (0) 2 : 0.004 0.996
212 212 (0) 2 : 0.003 0.997
213 213 (0) 2 : 0.005 0.995
214 214 (0) 2 : 0.002 0.998
215 215 (0) 2 : 0.003 0.997
216 216 (0) 2 : 0.002 0.998
217 217 (0) 2 : 0.006 0.994
218 218 (0) 2 : 0.002 0.998
219 219 (0) 2 : 0.002 0.998
220 220 (0) 2 : 0.002 0.998
221 221 (0) 2 : 0.005 0.995
222 222 (0) 2 : 0.002 0.998
223 223 (0) 2 : 0.003 0.997
224 224 (0) 2 : 0.004 0.996
225 225 (0) 2 : 0.004 0.996
226 226 (0) 2 : 0.002 0.998
227 227 (0) 2 : 0.004 0.996
228 228 (0) 2 : 0.005 0.995
229 229 (0) 2 : 0.003 0.997
230 230 (0) 2 : 0.002 0.998
231 231 (0) 2 : 0.003 0.997
232 232 (0) 2 : 0.002 0.998
233 233 (0) 2 : 0.001 0.999
234 234 (0) 2 : 0.003 0.997
235 235 (0) 2 : 0.007 0.993
236 236 (0) 2 : 0.002 0.998
237 237 (0) 2 : 0.002 0.998
238 238 (0) 2 : 0.002 0.998
239 239 (0) 2 : 0.015 0.985
240 240 (0) 2 : 0.003 0.997
241 241 (0) 2 : 0.002 0.998
242 242 (0) 2 : 0.002 0.998
243 243 (0) 2 : 0.005 0.995
244 244 (0) 2 : 0.002 0.998
245 245 (0) 2 : 0.007 0.993
246 246 (0) 2 : 0.003 0.997
247 247 (0) 2 : 0.007 0.993
248 248 (0) 2 : 0.002 0.998
249 249 (0) 2 : 0.002 0.998
250 250 (0) 2 : 0.009 0.991
251 251 (0) 2 : 0.004 0.996
252 252 (0) 2 : 0.001 0.999
253 253 (0) 2 : 0.002 0.998
254 254 (0) 2 : 0.004 0.996
255 255 (0) 2 : 0.003 0.997
256 256 (0) 2 : 0.002 0.998
257 257 (0) 2 : 0.004 0.996
258 258 (0) 2 : 0.023 0.977
259 259 (0) 2 : 0.007 0.993
260 260 (0) 2 : 0.005 0.995
261 261 (0) 2 : 0.002 0.998
262 262 (0) 2 : 0.001 0.999
263 263 (0) 2 : 0.018 0.982
264 264 (0) 2 : 0.001 0.999
265 265 (0) 2 : 0.003 0.997
266 266 (0) 2 : 0.001 0.999
267 267 (0) 2 : 0.003 0.997
268 268 (0) 2 : 0.002 0.998
269 269 (0) 2 : 0.002 0.998
270 270 (0) 2 : 0.002 0.998
271 271 (0) 2 : 0.003 0.997
272 272 (0) 2 : 0.012 0.988
273 273 (0) 2 : 0.002 0.998
274 274 (0) 2 : 0.016 0.984
275 275 (0) 2 : 0.003 0.997
276 276 (0) 2 : 0.002 0.998
277 277 (0) 2 : 0.005 0.995
278 278 (0) 2 : 0.002 0.998
279 279 (0) 2 : 0.002 0.998
280 280 (0) 2 : 0.002 0.998
281 281 (0) 2 : 0.006 0.994
282 282 (0) 2 : 0.002 0.998
283 283 (0) 2 : 0.002 0.998
284 284 (0) 2 : 0.002 0.998
285 285 (0) 2 : 0.002 0.998
286 286 (0) 2 : 0.004 0.996
287 287 (0) 2 : 0.002 0.998
288 288 (0) 2 : 0.002 0.998
289 289 (0) 2 : 0.002 0.998
290 290 (0) 2 : 0.002 0.998
291 291 (0) 2 : 0.003 0.997
292 292 (0) 2 : 0.008 0.992
293 293 (0) 2 : 0.006 0.994
294 294 (0) 2 : 0.009 0.991
295 295 (0) 2 : 0.012 0.988
296 296 (0) 2 : 0.002 0.998
297 297 (0) 2 : 0.003 0.997
298 298 (0) 2 : 0.003 0.997
299 299 (0) 2 : 0.002 0.998
300 300 (0) 2 : 0.002 0.998
301 301 (0) 2 : 0.005 0.995
302 302 (0) 2 : 0.002 0.998
303 303 (0) 2 : 0.002 0.998
304 304 (0) 2 : 0.003 0.997
305 305 (0) 2 : 0.006 0.994
306 306 (0) 2 : 0.002 0.998
307 307 (0) 2 : 0.002 0.998
308 308 (0) 2 : 0.005 0.995
309 309 (0) 2 : 0.003 0.997
310 310 (0) 2 : 0.005 0.995
311 311 (0) 2 : 0.008 0.992
312 312 (0) 2 : 0.002 0.998
313 313 (0) 2 : 0.003 0.997
314 314 (0) 2 : 0.003 0.997
315 315 (0) 2 : 0.001 0.999
316 316 (0) 2 : 0.002 0.998
317 317 (0) 2 : 0.002 0.998
318 318 (0) 2 : 0.001 0.999
319 319 (0) 2 : 0.004 0.996
320 320 (0) 2 : 0.001 0.999
321 321 (0) 2 : 0.005 0.995
322 322 (0) 2 : 0.002 0.998
323 323 (0) 2 : 0.006 0.994
324 324 (0) 2 : 0.033 0.967
325 325 (0) 2 : 0.002 0.998
326 326 (0) 2 : 0.002 0.998
327 327 (0) 2 : 0.002 0.998
328 328 (0) 2 : 0.020 0.980
329 329 (0) 2 : 0.003 0.997
330 330 (0) 2 : 0.002 0.998
331 331 (0) 2 : 0.003 0.997
332 332 (0) 2 : 0.003 0.997
333 333 (0) 2 : 0.002 0.998
334 334 (0) 2 : 0.006 0.994
335 335 (0) 2 : 0.004 0.996
336 336 (0) 2 : 0.002 0.998
337 337 (0) 2 : 0.003 0.997
338 338 (0) 2 : 0.003 0.997
339 339 (0) 2 : 0.007 0.993
340 340 (0) 2 : 0.002 0.998
341 341 (0) 2 : 0.004 0.996
342 342 (0) 2 : 0.003 0.997
343 343 (0) 2 : 0.002 0.998
344 344 (0) 2 : 0.002 0.998
345 345 (0) 2 : 0.002 0.998
346 346 (0) 2 : 0.003 0.997
347 347 (0) 2 : 0.005 0.995
348 348 (0) 2 : 0.004 0.996
349 349 (0) 2 : 0.004 0.996
350 350 (0) 2 : 0.003 0.997
351 351 (5) 3 : 0.409 0.591
352 352 (0) 3 : 0.667 0.333
353 353 (0) 3 : 0.519 0.481
354 354 (5) 3 : 0.596 0.404
355 355 (5) 3 : 0.627 0.373
356 356 (0) 3 : 0.713 0.287
357 357 (0) 4 : 0.989 0.011
358 358 (0) 4 : 0.929 0.071
359 359 (10) 5 : 0.997 0.003
360 360 (5) 5 : 0.996 0.004
361 361 (5) 5 : 0.833 0.167
362 362 (5) 5 : 0.998 0.002
363 363 (10) 5 : 0.984 0.016
364 364 (5) 5 : 0.682 0.318
365 365 (10) 5 : 0.992 0.008
366 366 (0) 5 : 0.995 0.005
367 367 (0) 5 : 0.993 0.007
368 368 (0) 5 : 0.998 0.002
369 369 (0) 5 : 0.972 0.028
370 370 (0) 5 : 0.894 0.106
371 371 (0) 5 : 0.997 0.003
372 372 (0) 5 : 0.991 0.009
373 373 (0) 5 : 0.993 0.007
374 374 (0) 5 : 0.982 0.018
375 375 (0) 5 : 0.982 0.018
376 376 (0) 5 : 0.758 0.242
377 377 (0) 5 : 0.995 0.005
378 378 (5) 5 : 0.989 0.011
379 379 (0) 5 : 0.994 0.006
380 380 (0) 5 : 0.873 0.127
381 381 (5) 5 : 0.979 0.021
382 382 (5) 5 : 0.992 0.008
383 383 (0) 5 : 0.803 0.197
384 384 (0) 5 : 0.934 0.066
385 385 (0) 5 : 0.986 0.014
386 386 (0) 5 : 0.998 0.002
387 387 (0) 5 : 0.998 0.002
388 388 (0) 5 : 0.998 0.002
389 389 (0) 5 : 0.999 0.001
390 390 (0) 5 : 0.994 0.006
391 391 (0) 5 : 0.987 0.013
392 392 (0) 5 : 0.994 0.006
393 393 (0) 5 : 0.987 0.013
394 394 (0) 5 : 0.973 0.027
395 395 (0) 5 : 0.877 0.123
396 396 (0) 5 : 0.998 0.002
397 397 (0) 5 : 0.986 0.014
398 398 (0) 5 : 0.970 0.030
399 399 (0) 5 : 0.997 0.003
400 400 (0) 5 : 0.995 0.005
401 401 (10) 6 : 0.998 0.002
402 402 (0) 6 : 0.995 0.005
403 403 (0) 6 : 0.966 0.034
404 404 (0) 6 : 0.998 0.002
405 405 (0) 6 : 0.995 0.005
406 406 (5) 6 : 0.997 0.003
407 407 (0) 6 : 0.998 0.002
408 408 (0) 6 : 0.997 0.003
409 409 (0) 6 : 0.998 0.002
410 410 (0) 6 : 0.967 0.033
411 411 (0) 6 : 0.996 0.004
412 412 (0) 6 : 0.998 0.002
413 413 (0) 6 : 0.999 0.001
414 414 (0) 6 : 0.997 0.003
415 415 (5) 6 : 0.998 0.002
416 416 (0) 6 : 0.997 0.003
417 417 (0) 6 : 0.996 0.004
418 418 (0) 6 : 0.998 0.002
419 419 (0) 6 : 0.998 0.002
420 420 (0) 6 : 0.999 0.001
421 421 (0) 6 : 0.998 0.002
422 422 (5) 6 : 0.997 0.003
423 423 (5) 6 : 0.997 0.003
424 424 (5) 6 : 0.995 0.005
425 425 (0) 6 : 0.996 0.004
426 426 (0) 6 : 0.998 0.002
427 427 (0) 6 : 0.998 0.002
428 428 (0) 6 : 0.996 0.004
429 429 (0) 6 : 0.998 0.002
430 430 (0) 6 : 0.996 0.004
431 431 (0) 6 : 0.996 0.004
432 432 (0) 6 : 0.998 0.002
433 433 (0) 6 : 0.998 0.002
434 434 (0) 6 : 0.997 0.003
435 435 (0) 6 : 0.996 0.004
436 436 (0) 6 : 0.998 0.002
437 437 (5) 6 : 0.996 0.004
438 438 (0) 6 : 0.996 0.004
439 439 (0) 6 : 0.998 0.002
440 440 (0) 6 : 0.997 0.003
441 441 (0) 6 : 0.997 0.003
442 442 (0) 6 : 0.997 0.003
443 443 (5) 6 : 0.998 0.002
444 444 (5) 6 : 0.997 0.003
445 445 (5) 6 : 0.998 0.002
446 446 (5) 6 : 0.997 0.003
447 447 (5) 6 : 0.996 0.004
448 448 (5) 6 : 0.995 0.005
449 449 (0) 6 : 0.987 0.013
450 450 (5) 6 : 0.998 0.002
451 451 (0) 6 : 0.832 0.168
452 452 (0) 6 : 0.937 0.063
453 453 (0) 6 : 0.998 0.002
454 454 (0) 6 : 0.999 0.001
455 455 (0) 6 : 0.997 0.003
456 456 (0) 6 : 0.998 0.002
457 457 (0) 6 : 0.998 0.002
458 458 (0) 6 : 0.997 0.003
459 459 (0) 6 : 0.998 0.002
460 460 (0) 6 : 0.998 0.002
461 461 (0) 6 : 0.997 0.003
462 462 (0) 6 : 0.578 0.422
463 463 (0) 6 : 0.999 0.001
464 464 (0) 6 : 0.998 0.002
465 465 (0) 6 : 0.998 0.002
466 466 (0) 6 : 0.997 0.003
467 467 (0) 6 : 0.998 0.002
468 468 (0) 6 : 0.995 0.005
469 469 (0) 6 : 0.997 0.003
470 470 (0) 6 : 0.998 0.002
471 471 (0) 6 : 0.999 0.001
472 472 (0) 6 : 0.999 0.001
473 473 (0) 6 : 0.996 0.004
474 474 (0) 6 : 0.997 0.003
475 475 (0) 6 : 0.998 0.002
476 476 (0) 6 : 0.999 0.001
477 477 (0) 6 : 0.998 0.002
478 478 (0) 6 : 0.998 0.002
479 479 (0) 6 : 0.997 0.003
480 480 (0) 6 : 0.997 0.003
481 481 (0) 6 : 0.892 0.108
482 482 (0) 6 : 0.998 0.002
483 483 (0) 6 : 0.998 0.002
484 484 (0) 6 : 0.998 0.002
485 485 (0) 6 : 0.999 0.001
486 486 (0) 6 : 0.997 0.003
487 487 (0) 6 : 0.998 0.002
488 488 (0) 6 : 0.998 0.002
489 489 (0) 6 : 0.998 0.002
490 490 (0) 6 : 0.999 0.001
491 491 (0) 6 : 0.998 0.002
492 492 (0) 6 : 0.996 0.004
493 493 (10) 6 : 0.988 0.012
494 494 (0) 6 : 0.998 0.002
495 495 (0) 6 : 0.998 0.002
496 496 (0) 6 : 0.997 0.003
497 497 (0) 6 : 0.996 0.004
498 498 (0) 6 : 0.995 0.005
499 499 (0) 6 : 0.998 0.002
500 500 (0) 6 : 0.998 0.002
501 501 (0) 6 : 0.999 0.001
502 502 (0) 6 : 0.999 0.001
503 503 (0) 6 : 0.997 0.003
504 504 (0) 6 : 0.999 0.001
505 505 (0) 6 : 0.999 0.001
506 506 (0) 7 : 0.981 0.019
507 507 (10) 7 : 0.995 0.005
508 508 (10) 7 : 0.996 0.004
509 509 (5) 7 : 0.999 0.001
510 510 (5) 7 : 0.998 0.002
511 511 (0) 7 : 0.999 0.001
512 512 (5) 7 : 0.998 0.002
513 513 (5) 7 : 0.998 0.002
514 514 (0) 7 : 0.999 0.001
515 515 (0) 7 : 0.999 0.001
516 516 (0) 7 : 0.999 0.001
517 517 (0) 7 : 0.998 0.002
518 518 (0) 7 : 0.998 0.002
519 519 (5) 7 : 0.998 0.002
520 520 (5) 7 : 0.992 0.008
521 521 (10) 7 : 0.996 0.004
522 522 (0) 7 : 0.998 0.002
523 523 (5) 7 : 0.993 0.007
524 524 (5) 7 : 0.998 0.002
525 525 (0) 7 : 0.999 0.001
526 526 (5) 7 : 0.998 0.002
527 527 (0) 7 : 0.995 0.005
528 528 (5) 7 : 0.999 0.001
529 529 (0) 7 : 0.998 0.002
530 530 (0) 7 : 0.997 0.003
531 531 (0) 7 : 0.995 0.005
532 532 (0) 7 : 0.998 0.002
533 533 (0) 7 : 0.998 0.002
534 534 (0) 7 : 0.997 0.003
535 535 (0) 7 : 0.995 0.005
536 536 (0) 7 : 0.996 0.004
537 537 (0) 7 : 0.994 0.006
538 538 (0) 7 : 0.998 0.002
539 539 (0) 7 : 0.997 0.003
540 540 (0) 7 : 0.995 0.005
541 541 (0) 7 : 0.999 0.001
542 542 (0) 7 : 0.996 0.004
543 543 (0) 7 : 0.998 0.002
544 544 (5) 7 : 0.998 0.002
545 545 (5) 7 : 0.998 0.002
546 546 (0) 7 : 0.998 0.002
547 547 (15) 7 : 0.996 0.004
548 548 (10) 7 : 0.999 0.001
549 549 (10) 7 : 0.998 0.002
550 550 (10) 7 : 0.997 0.003
551 551 (5) 7 : 0.998 0.002
552 552 (5) 7 : 0.998 0.002
553 553 (5) 7 : 0.998 0.002
554 554 (5) 7 : 0.998 0.002
555 555 (5) 7 : 0.996 0.004
556 556 (5) 7 : 0.998 0.002
557 557 (15) 7 : 0.992 0.008
558 558 (5) 7 : 0.990 0.010
559 559 (5) 7 : 0.999 0.001
560 560 (15) 7 : 0.998 0.002
561 561 (5) 7 : 0.983 0.017
562 562 (5) 7 : 0.955 0.045
563 563 (5) 7 : 0.998 0.002
564 564 (5) 7 : 0.998 0.002
565 565 (10) 7 : 0.997 0.003
566 566 (5) 7 : 0.998 0.002
567 567 (5) 7 : 0.998 0.002
568 568 (10) 7 : 0.998 0.002
569 569 (10) 7 : 0.998 0.002
570 570 (10) 7 : 0.991 0.009
571 571 (10) 7 : 0.970 0.030
572 572 (5) 7 : 0.998 0.002
573 573 (10) 7 : 0.996 0.004
574 574 (0) 7 : 0.999 0.001
575 575 (5) 7 : 0.998 0.002
576 576 (0) 7 : 0.999 0.001
577 577 (0) 7 : 0.999 0.001
578 578 (0) 7 : 0.998 0.002
579 579 (0) 7 : 0.996 0.004
580 580 (0) 7 : 0.998 0.002
581 581 (0) 7 : 0.979 0.021
582 582 (0) 7 : 0.997 0.003
583 583 (10) 7 : 0.998 0.002
584 584 (10) 7 : 0.770 0.230
585 585 (0) 7 : 0.975 0.025
586 586 (5) 7 : 0.930 0.070
587 587 (0) 7 : 0.997 0.003
588 588 (5) 7 : 0.987 0.013
589 589 (5) 7 : 0.998 0.002
590 590 (5) 7 : 0.998 0.002
591 591 (10) 7 : 0.999 0.001
592 592 (0) 7 : 0.998 0.002
593 593 (0) 7 : 0.998 0.002
594 594 (0) 7 : 0.861 0.139
595 595 (0) 7 : 0.998 0.002
596 596 (0) 7 : 0.997 0.003
597 597 (0) 7 : 0.998 0.002
598 598 (0) 7 : 0.998 0.002
599 599 (0) 7 : 0.996 0.004
600 600 (0) 7 : 0.998 0.002
601 601 (0) 7 : 0.997 0.003
602 602 (0) 7 : 0.997 0.003
603 603 (0) 7 : 0.976 0.024
604 604 (0) 7 : 0.992 0.008
605 605 (0) 7 : 0.995 0.005
606 606 (0) 7 : 0.998 0.002
607 607 (0) 7 : 0.991 0.009
608 608 (0) 7 : 0.998 0.002
609 609 (5) 7 : 0.997 0.003
610 610 (0) 7 : 0.998 0.002
611 611 (5) 7 : 0.635 0.365
612 612 (0) 7 : 0.998 0.002
613 613 (0) 7 : 0.933 0.067
614 614 (0) 7 : 0.996 0.004
615 615 (0) 7 : 0.995 0.005
616 616 (0) 7 : 0.998 0.002
617 617 (0) 7 : 0.998 0.002
618 618 (0) 7 : 0.984 0.016
619 619 (0) 7 : 0.999 0.001
620 620 (0) 7 : 0.997 0.003
621 621 (0) 7 : 0.998 0.002
622 622 (0) 7 : 0.894 0.106
623 623 (0) 7 : 0.999 0.001
624 624 (0) 7 : 0.996 0.004
625 625 (5) 7 : 0.998 0.002
626 626 (0) 7 : 0.994 0.006
627 627 (0) 7 : 0.997 0.003
628 628 (0) 7 : 0.996 0.004
629 629 (10) 7 : 0.998 0.002
630 630 (0) 7 : 0.998 0.002
631 631 (0) 7 : 0.998 0.002
632 632 (0) 7 : 0.998 0.002
633 633 (10) 7 : 0.996 0.004
634 634 (5) 7 : 0.998 0.002
635 635 (0) 7 : 0.998 0.002
636 636 (5) 7 : 0.998 0.002
637 637 (5) 7 : 0.999 0.001
638 638 (10) 7 : 0.997 0.003
639 639 (0) 7 : 0.998 0.002
640 640 (5) 7 : 0.996 0.004
641 641 (10) 7 : 0.998 0.002
642 642 (0) 7 : 0.996 0.004
643 643 (0) 7 : 0.979 0.021
644 644 (0) 7 : 0.998 0.002
645 645 (0) 7 : 0.997 0.003
646 646 (0) 7 : 0.998 0.002
647 647 (0) 7 : 0.997 0.003
648 648 (0) 7 : 0.999 0.001
649 649 (0) 7 : 0.998 0.002
650 650 (0) 7 : 0.999 0.001
651 651 (5) 7 : 0.996 0.004
652 652 (0) 7 : 0.999 0.001
653 653 (0) 7 : 0.998 0.002
654 654 (0) 7 : 0.998 0.002
655 655 (5) 7 : 0.996 0.004
656 656 (0) 7 : 0.997 0.003
657 657 (0) 7 : 0.994 0.006
658 658 (0) 7 : 0.998 0.002
659 659 (0) 7 : 0.998 0.002
660 660 (0) 7 : 0.998 0.002
661 661 (0) 7 : 0.997 0.003
662 662 (0) 7 : 0.994 0.006
663 663 (0) 7 : 0.998 0.002
664 664 (0) 7 : 0.998 0.002
665 665 (0) 7 : 0.995 0.005
666 666 (0) 7 : 0.998 0.002
667 667 (0) 7 : 0.999 0.001
668 668 (0) 7 : 0.998 0.002
669 669 (0) 7 : 0.999 0.001
670 670 (0) 7 : 0.999 0.001
671 671 (0) 7 : 0.999 0.001
672 672 (0) 7 : 0.998 0.002
673 673 (0) 7 : 0.996 0.004
674 674 (0) 7 : 0.998 0.002
675 675 (0) 7 : 0.998 0.002
676 676 (10) 7 : 0.997 0.003
677 677 (5) 7 : 0.998 0.002
678 678 (10) 7 : 0.998 0.002
679 679 (5) 7 : 0.920 0.080
680 680 (10) 7 : 0.998 0.002
681 681 (10) 7 : 0.998 0.002
682 682 (0) 7 : 0.997 0.003
683 683 (5) 7 : 0.997 0.003
684 684 (5) 7 : 0.978 0.022
685 685 (10) 7 : 0.997 0.003
686 686 (0) 7 : 0.998 0.002
687 687 (0) 7 : 0.998 0.002
688 688 (0) 7 : 0.998 0.002
689 689 (0) 7 : 0.998 0.002
690 690 (0) 7 : 0.969 0.031
691 691 (0) 7 : 0.863 0.137
692 692 (0) 7 : 0.920 0.080
693 693 (0) 7 : 0.998 0.002
694 694 (0) 7 : 0.998 0.002
695 695 (5) 7 : 0.834 0.166
696 696 (0) 7 : 0.873 0.127
697 697 (0) 7 : 0.998 0.002
698 698 (10) 7 : 0.991 0.009
699 699 (5) 7 : 0.997 0.003
700 700 (0) 7 : 0.999 0.001
701 701 (5) 7 : 0.927 0.073
702 702 (5) 7 : 0.997 0.003
703 703 (0) 7 : 0.998 0.002
704 704 (0) 7 : 0.988 0.012
705 705 (0) 7 : 0.997 0.003
706 706 (0) 7 : 0.968 0.032
707 707 (0) 7 : 0.999 0.001
708 708 (0) 7 : 0.996 0.004
709 709 (0) 7 : 0.999 0.001
710 710 (0) 7 : 0.999 0.001
711 711 (0) 7 : 0.999 0.001
712 712 (0) 7 : 0.998 0.002
713 713 (0) 7 : 0.995 0.005
714 714 (0) 7 : 0.998 0.002
715 715 (0) 7 : 0.998 0.002
716 716 (0) 7 : 0.998 0.002
717 717 (0) 7 : 0.998 0.002
718 718 (0) 7 : 0.997 0.003
719 719 (0) 7 : 0.998 0.002
720 720 (0) 7 : 0.998 0.002
721 721 (0) 7 : 0.998 0.002
722 722 (0) 7 : 0.999 0.001
723 723 (0) 7 : 0.999 0.001
724 724 (0) 7 : 0.998 0.002
725 725 (0) 7 : 0.999 0.001
726 726 (0) 7 : 0.991 0.009
727 727 (0) 7 : 0.992 0.008
728 728 (0) 7 : 0.998 0.002
729 729 (0) 7 : 0.990 0.010
730 730 (0) 7 : 0.999 0.001
731 731 (0) 7 : 0.998 0.002
732 732 (0) 7 : 0.998 0.002
733 733 (0) 7 : 0.997 0.003
734 734 (0) 7 : 0.993 0.007
735 735 (0) 7 : 0.998 0.002
736 736 (0) 7 : 0.997 0.003
737 737 (0) 7 : 0.998 0.002
738 738 (0) 7 : 0.993 0.007
739 739 (0) 7 : 0.998 0.002
740 740 (0) 7 : 0.998 0.002
741 741 (0) 7 : 0.998 0.002
742 742 (0) 7 : 0.998 0.002
743 743 (0) 7 : 0.998 0.002
744 744 (0) 7 : 0.998 0.002
745 745 (0) 7 : 0.999 0.001
1 1 (5) 1 : 0.003 0.997
2 2 (5) 1 : 0.010 0.990
3 3 (5) 1 : 0.002 0.998
4 4 (0) 1 : 0.002 0.998
5 5 (0) 1 : 0.012 0.988
6 6 (0) 1 : 0.003 0.997
7 7 (0) 1 : 0.066 0.934
8 8 (5) 1 : 0.002 0.998
9 9 (0) 1 : 0.002 0.998
10 10 (0) 1 : 0.018 0.982
11 11 (0) 1 : 0.004 0.996
12 12 (0) 1 : 0.006 0.994
13 13 (0) 1 : 0.002 0.998
14 14 (0) 1 : 0.003 0.997
15 15 (0) 1 : 0.003 0.997
16 16 (0) 1 : 0.002 0.998
17 17 (0) 1 : 0.002 0.998
18 18 (0) 1 : 0.005 0.995
19 19 (0) 1 : 0.002 0.998
20 20 (0) 1 : 0.018 0.982
21 21 (0) 1 : 0.002 0.998
22 22 (0) 1 : 0.001 0.999
23 23 (0) 1 : 0.002 0.998
24 24 (0) 1 : 0.002 0.998
25 25 (0) 1 : 0.012 0.988
26 26 (0) 1 : 0.002 0.998
27 27 (5) 1 : 0.019 0.981
28 28 (0) 1 : 0.004 0.996
29 29 (0) 1 : 0.002 0.998
30 30 (0) 1 : 0.011 0.989
31 31 (0) 1 : 0.002 0.998
32 32 (0) 1 : 0.004 0.996
33 33 (0) 1 : 0.001 0.999
34 34 (0) 1 : 0.002 0.998
35 35 (0) 1 : 0.018 0.982
36 36 (0) 1 : 0.012 0.988
37 37 (0) 1 : 0.009 0.991
38 38 (0) 1 : 0.003 0.997
39 39 (0) 1 : 0.011 0.989
40 40 (0) 1 : 0.003 0.997
41 41 (0) 1 : 0.003 0.997
42 42 (0) 1 : 0.001 0.999
43 43 (0) 1 : 0.003 0.997
44 44 (0) 1 : 0.002 0.998
45 45 (5) 1 : 0.005 0.995
46 46 (0) 1 : 0.002 0.998
47 47 (0) 1 : 0.004 0.996
48 48 (0) 1 : 0.004 0.996
49 49 (0) 1 : 0.003 0.997
50 50 (0) 1 : 0.003 0.997
51 51 (0) 1 : 0.003 0.997
52 52 (0) 1 : 0.010 0.990
53 53 (0) 1 : 0.003 0.997
54 54 (0) 1 : 0.005 0.995
55 55 (0) 1 : 0.004 0.996
56 56 (0) 1 : 0.002 0.998
57 57 (10) 1 : 0.002 0.998
58 58 (5) 1 : 0.004 0.996
59 59 (0) 1 : 0.003 0.997
60 60 (0) 1 : 0.003 0.997
61 61 (0) 1 : 0.003 0.997
62 62 (0) 1 : 0.006 0.994
63 63 (0) 1 : 0.005 0.995
64 64 (0) 1 : 0.003 0.997
65 65 (0) 1 : 0.012 0.988
66 66 (0) 1 : 0.002 0.998
67 67 (5) 1 : 0.004 0.996
68 68 (0) 1 : 0.011 0.989
69 69 (0) 1 : 0.008 0.992
70 70 (0) 1 : 0.004 0.996
71 71 (5) 1 : 0.003 0.997
72 72 (0) 1 : 0.004 0.996
73 73 (5) 1 : 0.003 0.997
74 74 (10) 1 : 0.005 0.995
75 75 (10) 1 : 0.003 0.997
76 76 (0) 1 : 0.002 0.998
77 77 (10) 1 : 0.003 0.997
78 78 (0) 1 : 0.004 0.996
79 79 (5) 1 : 0.006 0.994
80 80 (0) 1 : 0.002 0.998
81 81 (0) 1 : 0.002 0.998
82 82 (0) 1 : 0.002 0.998
83 83 (0) 1 : 0.006 0.994
84 84 (0) 1 : 0.007 0.993
85 85 (0) 1 : 0.002 0.998
86 86 (5) 1 : 0.002 0.998
87 87 (0) 1 : 0.002 0.998
88 88 (0) 1 : 0.012 0.988
89 89 (0) 1 : 0.003 0.997
90 90 (0) 1 : 0.004 0.996
91 91 (0) 1 : 0.003 0.997
92 92 (0) 1 : 0.006 0.994
93 93 (0) 1 : 0.002 0.998
94 94 (5) 1 : 0.002 0.998
95 95 (0) 1 : 0.002 0.998
96 96 (5) 1 : 0.002 0.998
97 97 (0) 1 : 0.005 0.995
98 98 (0) 1 : 0.003 0.997
99 99 (5) 1 : 0.002 0.998
100 100 (5) 1 : 0.002 0.998
101 101 (0) 2 : 0.004 0.996
102 102 (0) 2 : 0.002 0.998
103 103 (0) 2 : 0.002 0.998
104 104 (0) 2 : 0.002 0.998
105 105 (0) 2 : 0.003 0.997
106 106 (0) 2 : 0.006 0.994
107 107 (0) 2 : 0.003 0.997
108 108 (0) 2 : 0.002 0.998
109 109 (0) 2 : 0.005 0.995
110 110 (0) 2 : 0.013 0.987
111 111 (0) 2 : 0.003 0.997
112 112 (0) 2 : 0.002 0.998
113 113 (0) 2 : 0.002 0.998
114 114 (0) 2 : 0.005 0.995
115 115 (0) 2 : 0.008 0.992
116 116 (0) 2 : 0.002 0.998
117 117 (0) 2 : 0.002 0.998
118 118 (0) 2 : 0.002 0.998
119 119 (0) 2 : 0.003 0.997
120 120 (0) 2 : 0.002 0.998
121 121 (0) 2 : 0.002 0.998
122 122 (0) 2 : 0.003 0.997
123 123 (0) 2 : 0.007 0.993
124 124 (0) 2 : 0.002 0.998
125 125 (0) 2 : 0.002 0.998
126 126 (0) 2 : 0.002 0.998
127 127 (0) 2 : 0.003 0.997
128 128 (0) 2 : 0.004 0.996
129 129 (0) 2 : 0.002 0.998
130 130 (0) 2 : 0.003 0.997
131 131 (0) 2 : 0.002 0.998
132 132 (0) 2 : 0.001 0.999
133 133 (0) 2 : 0.011 0.989
134 134 (0) 2 : 0.002 0.998
135 135 (0) 2 : 0.003 0.997
136 136 (0) 2 : 0.003 0.997
137 137 (0) 2 : 0.003 0.997
138 138 (0) 2 : 0.002 0.998
139 139 (0) 2 : 0.002 0.998
140 140 (0) 2 : 0.002 0.998
141 141 (0) 2 : 0.005 0.995
142 142 (0) 2 : 0.002 0.998
143 143 (0) 2 : 0.002 0.998
144 144 (0) 2 : 0.002 0.998
145 145 (0) 2 : 0.002 0.998
146 146 (0) 2 : 0.002 0.998
147 147 (0) 2 : 0.004 0.996
148 148 (0) 2 : 0.002 0.998
149 149 (0) 2 : 0.002 0.998
150 150 (0) 2 : 0.004 0.996
151 151 (0) 2 : 0.002 0.998
152 152 (0) 2 : 0.004 0.996
153 153 (0) 2 : 0.002 0.998
154 154 (0) 2 : 0.003 0.997
155 155 (0) 2 : 0.002 0.998
156 156 (0) 2 : 0.004 0.996
157 157 (0) 2 : 0.002 0.998
158 158 (0) 2 : 0.003 0.997
159 159 (0) 2 : 0.003 0.997
160 160 (0) 2 : 0.005 0.995
161 161 (0) 2 : 0.007 0.993
162 162 (0) 2 : 0.004 0.996
163 163 (0) 2 : 0.002 0.998
164 164 (0) 2 : 0.022 0.978
165 165 (0) 2 : 0.020 0.980
166 166 (0) 2 : 0.003 0.997
167 167 (0) 2 : 0.002 0.998
168 168 (0) 2 : 0.001 0.999
169 169 (0) 2 : 0.003 0.997
170 170 (0) 2 : 0.003 0.997
171 171 (0) 2 : 0.013 0.987
172 172 (0) 2 : 0.003 0.997
173 173 (0) 2 : 0.002 0.998
174 174 (0) 2 : 0.002 0.998
175 175 (0) 2 : 0.004 0.996
176 176 (0) 2 : 0.003 0.997
177 177 (0) 2 : 0.010 0.990
178 178 (0) 2 : 0.005 0.995
179 179 (0) 2 : 0.003 0.997
180 180 (0) 2 : 0.002 0.998
181 181 (0) 2 : 0.009 0.991
182 182 (0) 2 : 0.003 0.997
183 183 (0) 2 : 0.002 0.998
184 184 (0) 2 : 0.003 0.997
185 185 (0) 2 : 0.002 0.998
186 186 (0) 2 : 0.011 0.989
187 187 (0) 2 : 0.003 0.997
188 188 (0) 2 : 0.002 0.998
189 189 (0) 2 : 0.002 0.998
190 190 (0) 2 : 0.004 0.996
191 191 (0) 2 : 0.002 0.998
192 192 (0) 2 : 0.002 0.998
193 193 (0) 2 : 0.002 0.998
194 194 (0) 2 : 0.004 0.996
195 195 (0) 2 : 0.003 0.997
196 196 (0) 2 : 0.003 0.997
197 197 (0) 2 : 0.004 0.996
198 198 (0) 2 : 0.002 0.998
199 199 (0) 2 : 0.002 0.998
200 200 (0) 2 : 0.049 0.951
201 201 (0) 2 : 0.008 0.992
202 202 (0) 2 : 0.005 0.995
203 203 (0) 2 : 0.005 0.995
204 204 (0) 2 : 0.002 0.998
205 205 (0) 2 : 0.006 0.994
206 206 (0) 2 : 0.003 0.997
207 207 (0) 2 : 0.004 0.996
208 208 (0) 2 : 0.007 0.993
209 209 (0) 2 : 0.002 0.998
210 210 (0) 2 : 0.002 0.998
211 211 (0) 2 : 0.004 0.996
212 212 (0) 2 : 0.003 0.997
213 213 (0) 2 : 0.005 0.995
214 214 (0) 2 : 0.002 0.998
215 215 (0) 2 : 0.003 0.997
216 216 (0) 2 : 0.002 0.998
217 217 (0) 2 : 0.006 0.994
218 218 (0) 2 : 0.002 0.998
219 219 (0) 2 : 0.002 0.998
220 220 (0) 2 : 0.002 0.998
221 221 (0) 2 : 0.005 0.995
222 222 (0) 2 : 0.002 0.998
223 223 (0) 2 : 0.003 0.997
224 224 (0) 2 : 0.004 0.996
225 225 (0) 2 : 0.004 0.996
226 226 (0) 2 : 0.002 0.998
227 227 (0) 2 : 0.004 0.996
228 228 (0) 2 : 0.005 0.995
229 229 (0) 2 : 0.003 0.997
230 230 (0) 2 : 0.002 0.998
231 231 (0) 2 : 0.003 0.997
232 232 (0) 2 : 0.002 0.998
233 233 (0) 2 : 0.001 0.999
234 234 (0) 2 : 0.003 0.997
235 235 (0) 2 : 0.007 0.993
236 236 (0) 2 : 0.002 0.998
237 237 (0) 2 : 0.002 0.998
238 238 (0) 2 : 0.002 0.998
239 239 (0) 2 : 0.015 0.985
240 240 (0) 2 : 0.003 0.997
241 241 (0) 2 : 0.002 0.998
242 242 (0) 2 : 0.002 0.998
243 243 (0) 2 : 0.005 0.995
244 244 (0) 2 : 0.002 0.998
245 245 (0) 2 : 0.007 0.993
246 246 (0) 2 : 0.003 0.997
247 247 (0) 2 : 0.007 0.993
248 248 (0) 2 : 0.002 0.998
249 249 (0) 2 : 0.002 0.998
250 250 (0) 2 : 0.009 0.991
251 251 (0) 2 : 0.004 0.996
252 252 (0) 2 : 0.001 0.999
253 253 (0) 2 : 0.002 0.998
254 254 (0) 2 : 0.004 0.996
255 255 (0) 2 : 0.003 0.997
256 256 (0) 2 : 0.002 0.998
257 257 (0) 2 : 0.004 0.996
258 258 (0) 2 : 0.023 0.977
259 259 (0) 2 : 0.007 0.993
260 260 (0) 2 : 0.005 0.995
261 261 (0) 2 : 0.002 0.998
262 262 (0) 2 : 0.001 0.999
263 263 (0) 2 : 0.018 0.982
264 264 (0) 2 : 0.001 0.999
265 265 (0) 2 : 0.003 0.997
266 266 (0) 2 : 0.001 0.999
267 267 (0) 2 : 0.003 0.997
268 268 (0) 2 : 0.002 0.998
269 269 (0) 2 : 0.002 0.998
270 270 (0) 2 : 0.002 0.998
271 271 (0) 2 : 0.003 0.997
272 272 (0) 2 : 0.012 0.988
273 273 (0) 2 : 0.002 0.998
274 274 (0) 2 : 0.016 0.984
275 275 (0) 2 : 0.003 0.997
276 276 (0) 2 : 0.002 0.998
277 277 (0) 2 : 0.005 0.995
278 278 (0) 2 : 0.002 0.998
279 279 (0) 2 : 0.002 0.998
280 280 (0) 2 : 0.002 0.998
281 281 (0) 2 : 0.006 0.994
282 282 (0) 2 : 0.002 0.998
283 283 (0) 2 : 0.002 0.998
284 284 (0) 2 : 0.002 0.998
285 285 (0) 2 : 0.002 0.998
286 286 (0) 2 : 0.004 0.996
287 287 (0) 2 : 0.002 0.998
288 288 (0) 2 : 0.002 0.998
289 289 (0) 2 : 0.002 0.998
290 290 (0) 2 : 0.002 0.998
291 291 (0) 2 : 0.003 0.997
292 292 (0) 2 : 0.008 0.992
293 293 (0) 2 : 0.006 0.994
294 294 (0) 2 : 0.009 0.991
295 295 (0) 2 : 0.012 0.988
296 296 (0) 2 : 0.002 0.998
297 297 (0) 2 : 0.003 0.997
298 298 (0) 2 : 0.003 0.997
299 299 (0) 2 : 0.002 0.998
300 300 (0) 2 : 0.002 0.998
301 301 (0) 2 : 0.005 0.995
302 302 (0) 2 : 0.002 0.998
303 303 (0) 2 : 0.002 0.998
304 304 (0) 2 : 0.003 0.997
305 305 (0) 2 : 0.006 0.994
306 306 (0) 2 : 0.002 0.998
307 307 (0) 2 : 0.002 0.998
308 308 (0) 2 : 0.005 0.995
309 309 (0) 2 : 0.003 0.997
310 310 (0) 2 : 0.005 0.995
311 311 (0) 2 : 0.008 0.992
312 312 (0) 2 : 0.002 0.998
313 313 (0) 2 : 0.003 0.997
314 314 (0) 2 : 0.003 0.997
315 315 (0) 2 : 0.001 0.999
316 316 (0) 2 : 0.002 0.998
317 317 (0) 2 : 0.002 0.998
318 318 (0) 2 : 0.001 0.999
319 319 (0) 2 : 0.004 0.996
320 320 (0) 2 : 0.001 0.999
321 321 (0) 2 : 0.005 0.995
322 322 (0) 2 : 0.002 0.998
323 323 (0) 2 : 0.005 0.995
324 324 (0) 2 : 0.033 0.967
325 325 (0) 2 : 0.002 0.998
326 326 (0) 2 : 0.002 0.998
327 327 (0) 2 : 0.002 0.998
328 328 (0) 2 : 0.020 0.980
329 329 (0) 2 : 0.003 0.997
330 330 (0) 2 : 0.002 0.998
331 331 (0) 2 : 0.003 0.997
332 332 (0) 2 : 0.003 0.997
333 333 (0) 2 : 0.002 0.998
334 334 (0) 2 : 0.006 0.994
335 335 (0) 2 : 0.004 0.996
336 336 (0) 2 : 0.002 0.998
337 337 (0) 2 : 0.003 0.997
338 338 (0) 2 : 0.003 0.997
339 339 (0) 2 : 0.007 0.993
340 340 (0) 2 : 0.002 0.998
341 341 (0) 2 : 0.004 0.996
342 342 (0) 2 : 0.003 0.997
343 343 (0) 2 : 0.002 0.998
344 344 (0) 2 : 0.002 0.998
345 345 (0) 2 : 0.002 0.998
346 346 (0) 2 : 0.003 0.997
347 347 (0) 2 : 0.005 0.995
348 348 (0) 2 : 0.004 0.996
349 349 (0) 2 : 0.004 0.996
350 350 (0) 2 : 0.003 0.997
351 351 (5) 3 : 0.409 0.591
352 352 (0) 3 : 0.667 0.333
353 353 (0) 3 : 0.519 0.481
354 354 (5) 3 : 0.596 0.404
355 355 (5) 3 : 0.627 0.373
356 356 (0) 3 : 0.712 0.288
357 357 (0) 4 : 0.990 0.010
358 358 (0) 4 : 0.929 0.071
359 359 (10) 5 : 0.997 0.003
360 360 (5) 5 : 0.996 0.004
361 361 (5) 5 : 0.833 0.167
362 362 (5) 5 : 0.998 0.002
363 363 (10) 5 : 0.984 0.016
364 364 (5) 5 : 0.683 0.317
365 365 (10) 5 : 0.992 0.008
366 366 (0) 5 : 0.995 0.005
367 367 (0) 5 : 0.993 0.007
368 368 (0) 5 : 0.998 0.002
369 369 (0) 5 : 0.972 0.028
370 370 (0) 5 : 0.894 0.106
371 371 (0) 5 : 0.997 0.003
372 372 (0) 5 : 0.991 0.009
373 373 (0) 5 : 0.993 0.007
374 374 (0) 5 : 0.982 0.018
375 375 (0) 5 : 0.982 0.018
376 376 (0) 5 : 0.759 0.241
377 377 (0) 5 : 0.995 0.005
378 378 (5) 5 : 0.989 0.011
379 379 (0) 5 : 0.994 0.006
380 380 (0) 5 : 0.873 0.127
381 381 (5) 5 : 0.979 0.021
382 382 (5) 5 : 0.992 0.008
383 383 (0) 5 : 0.802 0.198
384 384 (0) 5 : 0.934 0.066
385 385 (0) 5 : 0.986 0.014
386 386 (0) 5 : 0.998 0.002
387 387 (0) 5 : 0.998 0.002
388 388 (0) 5 : 0.998 0.002
389 389 (0) 5 : 0.999 0.001
390 390 (0) 5 : 0.994 0.006
391 391 (0) 5 : 0.987 0.013
392 392 (0) 5 : 0.995 0.005
393 393 (0) 5 : 0.987 0.013
394 394 (0) 5 : 0.973 0.027
395 395 (0) 5 : 0.877 0.123
396 396 (0) 5 : 0.998 0.002
397 397 (0) 5 : 0.986 0.014
398 398 (0) 5 : 0.970 0.030
399 399 (0) 5 : 0.997 0.003
400 400 (0) 5 : 0.995 0.005
401 401 (10) 6 : 0.998 0.002
402 402 (0) 6 : 0.995 0.005
403 403 (0) 6 : 0.965 0.035
404 404 (0) 6 : 0.998 0.002
405 405 (0) 6 : 0.995 0.005
406 406 (5) 6 : 0.997 0.003
407 407 (0) 6 : 0.998 0.002
408 408 (0) 6 : 0.997 0.003
409 409 (0) 6 : 0.998 0.002
410 410 (0) 6 : 0.967 0.033
411 411 (0) 6 : 0.996 0.004
412 412 (0) 6 : 0.998 0.002
413 413 (0) 6 : 0.999 0.001
414 414 (0) 6 : 0.997 0.003
415 415 (5) 6 : 0.998 0.002
416 416 (0) 6 : 0.997 0.003
417 417 (0) 6 : 0.996 0.004
418 418 (0) 6 : 0.998 0.002
419 419 (0) 6 : 0.998 0.002
420 420 (0) 6 : 0.999 0.001
421 421 (0) 6 : 0.998 0.002
422 422 (5) 6 : 0.997 0.003
423 423 (5) 6 : 0.997 0.003
424 424 (5) 6 : 0.995 0.005
425 425 (0) 6 : 0.996 0.004
426 426 (0) 6 : 0.998 0.002
427 427 (0) 6 : 0.998 0.002
428 428 (0) 6 : 0.996 0.004
429 429 (0) 6 : 0.998 0.002
430 430 (0) 6 : 0.996 0.004
431 431 (0) 6 : 0.996 0.004
432 432 (0) 6 : 0.998 0.002
433 433 (0) 6 : 0.998 0.002
434 434 (0) 6 : 0.997 0.003
435 435 (0) 6 : 0.996 0.004
436 436 (0) 6 : 0.998 0.002
437 437 (5) 6 : 0.996 0.004
438 438 (0) 6 : 0.996 0.004
439 439 (0) 6 : 0.998 0.002
440 440 (0) 6 : 0.997 0.003
441 441 (0) 6 : 0.997 0.003
442 442 (0) 6 : 0.997 0.003
443 443 (5) 6 : 0.998 0.002
444 444 (5) 6 : 0.997 0.003
445 445 (5) 6 : 0.998 0.002
446 446 (5) 6 : 0.997 0.003
447 447 (5) 6 : 0.996 0.004
448 448 (5) 6 : 0.995 0.005
449 449 (0) 6 : 0.987 0.013
450 450 (5) 6 : 0.998 0.002
451 451 (0) 6 : 0.831 0.169
452 452 (0) 6 : 0.938 0.062
453 453 (0) 6 : 0.998 0.002
454 454 (0) 6 : 0.999 0.001
455 455 (0) 6 : 0.997 0.003
456 456 (0) 6 : 0.998 0.002
457 457 (0) 6 : 0.998 0.002
458 458 (0) 6 : 0.997 0.003
459 459 (0) 6 : 0.998 0.002
460 460 (0) 6 : 0.998 0.002
461 461 (0) 6 : 0.997 0.003
462 462 (0) 6 : 0.578 0.422
463 463 (0) 6 : 0.999 0.001
464 464 (0) 6 : 0.998 0.002
465 465 (0) 6 : 0.998 0.002
466 466 (0) 6 : 0.997 0.003
467 467 (0) 6 : 0.998 0.002
468 468 (0) 6 : 0.995 0.005
469 469 (0) 6 : 0.997 0.003
470 470 (0) 6 : 0.998 0.002
471 471 (0) 6 : 0.999 0.001
472 472 (0) 6 : 0.999 0.001
473 473 (0) 6 : 0.996 0.004
474 474 (0) 6 : 0.997 0.003
475 475 (0) 6 : 0.998 0.002
476 476 (0) 6 : 0.999 0.001
477 477 (0) 6 : 0.998 0.002
478 478 (0) 6 : 0.998 0.002
479 479 (0) 6 : 0.997 0.003
480 480 (0) 6 : 0.997 0.003
481 481 (0) 6 : 0.891 0.109
482 482 (0) 6 : 0.998 0.002
483 483 (0) 6 : 0.998 0.002
484 484 (0) 6 : 0.998 0.002
485 485 (0) 6 : 0.999 0.001
486 486 (0) 6 : 0.997 0.003
487 487 (0) 6 : 0.998 0.002
488 488 (0) 6 : 0.998 0.002
489 489 (0) 6 : 0.998 0.002
490 490 (0) 6 : 0.999 0.001
491 491 (0) 6 : 0.998 0.002
492 492 (0) 6 : 0.996 0.004
493 493 (10) 6 : 0.988 0.012
494 494 (0) 6 : 0.998 0.002
495 495 (0) 6 : 0.998 0.002
496 496 (0) 6 : 0.997 0.003
497 497 (0) 6 : 0.996 0.004
498 498 (0) 6 : 0.995 0.005
499 499 (0) 6 : 0.998 0.002
500 500 (0) 6 : 0.998 0.002
501 501 (0) 6 : 0.999 0.001
502 502 (0) 6 : 0.999 0.001
503 503 (0) 6 : 0.997 0.003
504 504 (0) 6 : 0.999 0.001
505 505 (0) 6 : 0.999 0.001
506 506 (0) 7 : 0.982 0.018
507 507 (10) 7 : 0.995 0.005
508 508 (10) 7 : 0.996 0.004
509 509 (5) 7 : 0.999 0.001
510 510 (5) 7 : 0.998 0.002
511 511 (0) 7 : 0.999 0.001
512 512 (5) 7 : 0.998 0.002
513 513 (5) 7 : 0.998 0.002
514 514 (0) 7 : 0.999 0.001
515 515 (0) 7 : 0.999 0.001
516 516 (0) 7 : 0.999 0.001
517 517 (0) 7 : 0.998 0.002
518 518 (0) 7 : 0.998 0.002
519 519 (5) 7 : 0.998 0.002
520 520 (5) 7 : 0.992 0.008
521 521 (10) 7 : 0.996 0.004
522 522 (0) 7 : 0.998 0.002
523 523 (5) 7 : 0.993 0.007
524 524 (5) 7 : 0.998 0.002
525 525 (0) 7 : 0.999 0.001
526 526 (5) 7 : 0.998 0.002
527 527 (0) 7 : 0.995 0.005
528 528 (5) 7 : 0.999 0.001
529 529 (0) 7 : 0.998 0.002
530 530 (0) 7 : 0.997 0.003
531 531 (0) 7 : 0.995 0.005
532 532 (0) 7 : 0.998 0.002
533 533 (0) 7 : 0.998 0.002
534 534 (0) 7 : 0.997 0.003
535 535 (0) 7 : 0.995 0.005
536 536 (0) 7 : 0.996 0.004
537 537 (0) 7 : 0.994 0.006
538 538 (0) 7 : 0.998 0.002
539 539 (0) 7 : 0.997 0.003
540 540 (0) 7 : 0.995 0.005
541 541 (0) 7 : 0.999 0.001
542 542 (0) 7 : 0.996 0.004
543 543 (0) 7 : 0.998 0.002
544 544 (5) 7 : 0.998 0.002
545 545 (5) 7 : 0.998 0.002
546 546 (0) 7 : 0.998 0.002
547 547 (15) 7 : 0.996 0.004
548 548 (10) 7 : 0.999 0.001
549 549 (10) 7 : 0.998 0.002
550 550 (10) 7 : 0.997 0.003
551 551 (5) 7 : 0.998 0.002
552 552 (5) 7 : 0.998 0.002
553 553 (5) 7 : 0.998 0.002
554 554 (5) 7 : 0.998 0.002
555 555 (5) 7 : 0.996 0.004
556 556 (5) 7 : 0.998 0.002
557 557 (15) 7 : 0.992 0.008
558 558 (5) 7 : 0.990 0.010
559 559 (5) 7 : 0.999 0.001
560 560 (15) 7 : 0.998 0.002
561 561 (5) 7 : 0.983 0.017
562 562 (5) 7 : 0.954 0.046
563 563 (5) 7 : 0.998 0.002
564 564 (5) 7 : 0.998 0.002
565 565 (10) 7 : 0.997 0.003
566 566 (5) 7 : 0.998 0.002
567 567 (5) 7 : 0.998 0.002
568 568 (10) 7 : 0.998 0.002
569 569 (10) 7 : 0.998 0.002
570 570 (10) 7 : 0.991 0.009
571 571 (10) 7 : 0.971 0.029
572 572 (5) 7 : 0.998 0.002
573 573 (10) 7 : 0.996 0.004
574 574 (0) 7 : 0.999 0.001
575 575 (5) 7 : 0.998 0.002
576 576 (0) 7 : 0.999 0.001
577 577 (0) 7 : 0.999 0.001
578 578 (0) 7 : 0.998 0.002
579 579 (0) 7 : 0.996 0.004
580 580 (0) 7 : 0.998 0.002
581 581 (0) 7 : 0.979 0.021
582 582 (0) 7 : 0.997 0.003
583 583 (10) 7 : 0.998 0.002
584 584 (10) 7 : 0.769 0.231
585 585 (0) 7 : 0.975 0.025
586 586 (5) 7 : 0.931 0.069
587 587 (0) 7 : 0.997 0.003
588 588 (5) 7 : 0.987 0.013
589 589 (5) 7 : 0.998 0.002
590 590 (5) 7 : 0.998 0.002
591 591 (10) 7 : 0.999 0.001
592 592 (0) 7 : 0.998 0.002
593 593 (0) 7 : 0.998 0.002
594 594 (0) 7 : 0.861 0.139
595 595 (0) 7 : 0.998 0.002
596 596 (0) 7 : 0.997 0.003
597 597 (0) 7 : 0.998 0.002
598 598 (0) 7 : 0.998 0.002
599 599 (0) 7 : 0.996 0.004
600 600 (0) 7 : 0.998 0.002
601 601 (0) 7 : 0.997 0.003
602 602 (0) 7 : 0.997 0.003
603 603 (0) 7 : 0.976 0.024
604 604 (0) 7 : 0.992 0.008
605 605 (0) 7 : 0.995 0.005
606 606 (0) 7 : 0.998 0.002
607 607 (0) 7 : 0.991 0.009
608 608 (0) 7 : 0.998 0.002
609 609 (5) 7 : 0.997 0.003
610 610 (0) 7 : 0.998 0.002
611 611 (5) 7 : 0.635 0.365
612 612 (0) 7 : 0.998 0.002
613 613 (0) 7 : 0.933 0.067
614 614 (0) 7 : 0.997 0.003
615 615 (0) 7 : 0.995 0.005
616 616 (0) 7 : 0.998 0.002
617 617 (0) 7 : 0.998 0.002
618 618 (0) 7 : 0.984 0.016
619 619 (0) 7 : 0.999 0.001
620 620 (0) 7 : 0.997 0.003
621 621 (0) 7 : 0.998 0.002
622 622 (0) 7 : 0.895 0.105
623 623 (0) 7 : 0.999 0.001
624 624 (0) 7 : 0.996 0.004
625 625 (5) 7 : 0.998 0.002
626 626 (0) 7 : 0.994 0.006
627 627 (0) 7 : 0.997 0.003
628 628 (0) 7 : 0.996 0.004
629 629 (10) 7 : 0.998 0.002
630 630 (0) 7 : 0.998 0.002
631 631 (0) 7 : 0.998 0.002
632 632 (0) 7 : 0.998 0.002
633 633 (10) 7 : 0.996 0.004
634 634 (5) 7 : 0.998 0.002
635 635 (0) 7 : 0.998 0.002
636 636 (5) 7 : 0.998 0.002
637 637 (5) 7 : 0.999 0.001
638 638 (10) 7 : 0.997 0.003
639 639 (0) 7 : 0.998 0.002
640 640 (5) 7 : 0.996 0.004
641 641 (10) 7 : 0.998 0.002
642 642 (0) 7 : 0.996 0.004
643 643 (0) 7 : 0.979 0.021
644 644 (0) 7 : 0.998 0.002
645 645 (0) 7 : 0.997 0.003
646 646 (0) 7 : 0.999 0.001
647 647 (0) 7 : 0.997 0.003
648 648 (0) 7 : 0.999 0.001
649 649 (0) 7 : 0.998 0.002
650 650 (0) 7 : 0.999 0.001
651 651 (5) 7 : 0.996 0.004
652 652 (0) 7 : 0.999 0.001
653 653 (0) 7 : 0.998 0.002
654 654 (0) 7 : 0.998 0.002
655 655 (5) 7 : 0.996 0.004
656 656 (0) 7 : 0.997 0.003
657 657 (0) 7 : 0.994 0.006
658 658 (0) 7 : 0.998 0.002
659 659 (0) 7 : 0.998 0.002
660 660 (0) 7 : 0.998 0.002
661 661 (0) 7 : 0.997 0.003
662 662 (0) 7 : 0.994 0.006
663 663 (0) 7 : 0.998 0.002
664 664 (0) 7 : 0.998 0.002
665 665 (0) 7 : 0.995 0.005
666 666 (0) 7 : 0.998 0.002
667 667 (0) 7 : 0.999 0.001
668 668 (0) 7 : 0.998 0.002
669 669 (0) 7 : 0.999 0.001
670 670 (0) 7 : 0.999 0.001
671 671 (0) 7 : 0.999 0.001
672 672 (0) 7 : 0.998 0.002
673 673 (0) 7 : 0.996 0.004
674 674 (0) 7 : 0.998 0.002
675 675 (0) 7 : 0.998 0.002
676 676 (10) 7 : 0.997 0.003
677 677 (5) 7 : 0.998 0.002
678 678 (10) 7 : 0.998 0.002
679 679 (5) 7 : 0.920 0.080
680 680 (10) 7 : 0.998 0.002
681 681 (10) 7 : 0.998 0.002
682 682 (0) 7 : 0.997 0.003
683 683 (5) 7 : 0.997 0.003
684 684 (5) 7 : 0.978 0.022
685 685 (10) 7 : 0.997 0.003
686 686 (0) 7 : 0.998 0.002
687 687 (0) 7 : 0.998 0.002
688 688 (0) 7 : 0.998 0.002
689 689 (0) 7 : 0.998 0.002
690 690 (0) 7 : 0.969 0.031
691 691 (0) 7 : 0.863 0.137
692 692 (0) 7 : 0.920 0.080
693 693 (0) 7 : 0.998 0.002
694 694 (0) 7 : 0.999 0.001
695 695 (5) 7 : 0.834 0.166
696 696 (0) 7 : 0.874 0.126
697 697 (0) 7 : 0.998 0.002
698 698 (10) 7 : 0.991 0.009
699 699 (5) 7 : 0.997 0.003
700 700 (0) 7 : 0.999 0.001
701 701 (5) 7 : 0.927 0.073
702 702 (5) 7 : 0.997 0.003
703 703 (0) 7 : 0.998 0.002
704 704 (0) 7 : 0.988 0.012
705 705 (0) 7 : 0.997 0.003
706 706 (0) 7 : 0.968 0.032
707 707 (0) 7 : 0.999 0.001
708 708 (0) 7 : 0.996 0.004
709 709 (0) 7 : 0.999 0.001
710 710 (0) 7 : 0.999 0.001
711 711 (0) 7 : 0.999 0.001
712 712 (0) 7 : 0.998 0.002
713 713 (0) 7 : 0.995 0.005
714 714 (0) 7 : 0.998 0.002
715 715 (0) 7 : 0.998 0.002
716 716 (0) 7 : 0.998 0.002
717 717 (0) 7 : 0.998 0.002
718 718 (0) 7 : 0.997 0.003
719 719 (0) 7 : 0.998 0.002
720 720 (0) 7 : 0.998 0.002
721 721 (0) 7 : 0.998 0.002
722 722 (0) 7 : 0.999 0.001
723 723 (0) 7 : 0.999 0.001
724 724 (0) 7 : 0.998 0.002
725 725 (0) 7 : 0.999 0.001
726 726 (0) 7 : 0.991 0.009
727 727 (0) 7 : 0.992 0.008
728 728 (0) 7 : 0.999 0.001
729 729 (0) 7 : 0.990 0.010
730 730 (0) 7 : 0.999 0.001
731 731 (0) 7 : 0.998 0.002
732 732 (0) 7 : 0.998 0.002
733 733 (0) 7 : 0.997 0.003
734 734 (0) 7 : 0.993 0.007
735 735 (0) 7 : 0.998 0.002
736 736 (0) 7 : 0.997 0.003
737 737 (0) 7 : 0.998 0.002
738 738 (0) 7 : 0.993 0.007
739 739 (0) 7 : 0.998 0.002
740 740 (0) 7 : 0.998 0.002
741 741 (0) 7 : 0.998 0.002
742 742 (0) 7 : 0.998 0.002
743 743 (0) 7 : 0.998 0.002
744 744 (0) 7 : 0.998 0.002
745 745 (0) 7 : 0.999 0.001
1 1 (5) 1 : 0.997 0.003
2 2 (5) 1 : 0.990 0.010
3 3 (5) 1 : 0.998 0.002
4 4 (0) 1 : 0.998 0.002
5 5 (0) 1 : 0.988 0.012
6 6 (0) 1 : 0.997 0.003
7 7 (0) 1 : 0.934 0.066
8 8 (5) 1 : 0.998 0.002
9 9 (0) 1 : 0.998 0.002
10 10 (0) 1 : 0.982 0.018
11 11 (0) 1 : 0.996 0.004
12 12 (0) 1 : 0.994 0.006
13 13 (0) 1 : 0.998 0.002
14 14 (0) 1 : 0.996 0.004
15 15 (0) 1 : 0.997 0.003
16 16 (0) 1 : 0.998 0.002
17 17 (0) 1 : 0.998 0.002
18 18 (0) 1 : 0.995 0.005
19 19 (0) 1 : 0.998 0.002
20 20 (0) 1 : 0.982 0.018
21 21 (0) 1 : 0.998 0.002
22 22 (0) 1 : 0.998 0.002
23 23 (0) 1 : 0.998 0.002
24 24 (0) 1 : 0.998 0.002
25 25 (0) 1 : 0.988 0.012
26 26 (0) 1 : 0.998 0.002
27 27 (5) 1 : 0.981 0.019
28 28 (0) 1 : 0.996 0.004
29 29 (0) 1 : 0.998 0.002
30 30 (0) 1 : 0.989 0.011
31 31 (0) 1 : 0.998 0.002
32 32 (0) 1 : 0.996 0.004
33 33 (0) 1 : 0.998 0.002
34 34 (0) 1 : 0.998 0.002
35 35 (0) 1 : 0.982 0.018
36 36 (0) 1 : 0.987 0.013
37 37 (0) 1 : 0.991 0.009
38 38 (0) 1 : 0.997 0.003
39 39 (0) 1 : 0.989 0.011
40 40 (0) 1 : 0.997 0.003
41 41 (0) 1 : 0.997 0.003
42 42 (0) 1 : 0.999 0.001
43 43 (0) 1 : 0.997 0.003
44 44 (0) 1 : 0.998 0.002
45 45 (5) 1 : 0.995 0.005
46 46 (0) 1 : 0.998 0.002
47 47 (0) 1 : 0.996 0.004
48 48 (0) 1 : 0.996 0.004
49 49 (0) 1 : 0.997 0.003
50 50 (0) 1 : 0.997 0.003
51 51 (0) 1 : 0.996 0.004
52 52 (0) 1 : 0.990 0.010
53 53 (0) 1 : 0.997 0.003
54 54 (0) 1 : 0.995 0.005
55 55 (0) 1 : 0.996 0.004
56 56 (0) 1 : 0.998 0.002
57 57 (10) 1 : 0.998 0.002
58 58 (5) 1 : 0.996 0.004
59 59 (0) 1 : 0.997 0.003
60 60 (0) 1 : 0.997 0.003
61 61 (0) 1 : 0.997 0.003
62 62 (0) 1 : 0.994 0.006
63 63 (0) 1 : 0.995 0.005
64 64 (0) 1 : 0.997 0.003
65 65 (0) 1 : 0.988 0.012
66 66 (0) 1 : 0.998 0.002
67 67 (5) 1 : 0.996 0.004
68 68 (0) 1 : 0.989 0.011
69 69 (0) 1 : 0.992 0.008
70 70 (0) 1 : 0.996 0.004
71 71 (5) 1 : 0.997 0.003
72 72 (0) 1 : 0.996 0.004
73 73 (5) 1 : 0.997 0.003
74 74 (10) 1 : 0.995 0.005
75 75 (10) 1 : 0.997 0.003
76 76 (0) 1 : 0.998 0.002
77 77 (10) 1 : 0.997 0.003
78 78 (0) 1 : 0.996 0.004
79 79 (5) 1 : 0.994 0.006
80 80 (0) 1 : 0.998 0.002
81 81 (0) 1 : 0.998 0.002
82 82 (0) 1 : 0.998 0.002
83 83 (0) 1 : 0.994 0.006
84 84 (0) 1 : 0.993 0.007
85 85 (0) 1 : 0.998 0.002
86 86 (5) 1 : 0.998 0.002
87 87 (0) 1 : 0.998 0.002
88 88 (0) 1 : 0.988 0.012
89 89 (0) 1 : 0.997 0.003
90 90 (0) 1 : 0.996 0.004
91 91 (0) 1 : 0.997 0.003
92 92 (0) 1 : 0.994 0.006
93 93 (0) 1 : 0.998 0.002
94 94 (5) 1 : 0.998 0.002
95 95 (0) 1 : 0.998 0.002
96 96 (5) 1 : 0.998 0.002
97 97 (0) 1 : 0.995 0.005
98 98 (0) 1 : 0.997 0.003
99 99 (5) 1 : 0.998 0.002
100 100 (5) 1 : 0.998 0.002
101 101 (0) 2 : 0.996 0.004
102 102 (0) 2 : 0.998 0.002
103 103 (0) 2 : 0.998 0.002
104 104 (0) 2 : 0.998 0.002
105 105 (0) 2 : 0.997 0.003
106 106 (0) 2 : 0.994 0.006
107 107 (0) 2 : 0.997 0.003
108 108 (0) 2 : 0.998 0.002
109 109 (0) 2 : 0.995 0.005
110 110 (0) 2 : 0.987 0.013
111 111 (0) 2 : 0.997 0.003
112 112 (0) 2 : 0.998 0.002
113 113 (0) 2 : 0.998 0.002
114 114 (0) 2 : 0.995 0.005
115 115 (0) 2 : 0.992 0.008
116 116 (0) 2 : 0.998 0.002
117 117 (0) 2 : 0.998 0.002
118 118 (0) 2 : 0.998 0.002
119 119 (0) 2 : 0.997 0.003
120 120 (0) 2 : 0.998 0.002
121 121 (0) 2 : 0.998 0.002
122 122 (0) 2 : 0.997 0.003
123 123 (0) 2 : 0.993 0.007
124 124 (0) 2 : 0.998 0.002
125 125 (0) 2 : 0.998 0.002
126 126 (0) 2 : 0.998 0.002
127 127 (0) 2 : 0.997 0.003
128 128 (0) 2 : 0.996 0.004
129 129 (0) 2 : 0.998 0.002
130 130 (0) 2 : 0.997 0.003
131 131 (0) 2 : 0.998 0.002
132 132 (0) 2 : 0.999 0.001
133 133 (0) 2 : 0.989 0.011
134 134 (0) 2 : 0.998 0.002
135 135 (0) 2 : 0.997 0.003
136 136 (0) 2 : 0.997 0.003
137 137 (0) 2 : 0.997 0.003
138 138 (0) 2 : 0.998 0.002
139 139 (0) 2 : 0.998 0.002
140 140 (0) 2 : 0.998 0.002
141 141 (0) 2 : 0.995 0.005
142 142 (0) 2 : 0.998 0.002
143 143 (0) 2 : 0.998 0.002
144 144 (0) 2 : 0.998 0.002
145 145 (0) 2 : 0.998 0.002
146 146 (0) 2 : 0.998 0.002
147 147 (0) 2 : 0.996 0.004
148 148 (0) 2 : 0.998 0.002
149 149 (0) 2 : 0.998 0.002
150 150 (0) 2 : 0.996 0.004
151 151 (0) 2 : 0.998 0.002
152 152 (0) 2 : 0.996 0.004
153 153 (0) 2 : 0.998 0.002
154 154 (0) 2 : 0.997 0.003
155 155 (0) 2 : 0.998 0.002
156 156 (0) 2 : 0.996 0.004
157 157 (0) 2 : 0.998 0.002
158 158 (0) 2 : 0.997 0.003
159 159 (0) 2 : 0.997 0.003
160 160 (0) 2 : 0.995 0.005
161 161 (0) 2 : 0.993 0.007
162 162 (0) 2 : 0.996 0.004
163 163 (0) 2 : 0.998 0.002
164 164 (0) 2 : 0.978 0.022
165 165 (0) 2 : 0.980 0.020
166 166 (0) 2 : 0.997 0.003
167 167 (0) 2 : 0.998 0.002
168 168 (0) 2 : 0.999 0.001
169 169 (0) 2 : 0.997 0.003
170 170 (0) 2 : 0.997 0.003
171 171 (0) 2 : 0.987 0.013
172 172 (0) 2 : 0.997 0.003
173 173 (0) 2 : 0.998 0.002
174 174 (0) 2 : 0.998 0.002
175 175 (0) 2 : 0.996 0.004
176 176 (0) 2 : 0.997 0.003
177 177 (0) 2 : 0.990 0.010
178 178 (0) 2 : 0.995 0.005
179 179 (0) 2 : 0.997 0.003
180 180 (0) 2 : 0.998 0.002
181 181 (0) 2 : 0.991 0.009
182 182 (0) 2 : 0.997 0.003
183 183 (0) 2 : 0.998 0.002
184 184 (0) 2 : 0.998 0.002
185 185 (0) 2 : 0.998 0.002
186 186 (0) 2 : 0.989 0.011
187 187 (0) 2 : 0.997 0.003
188 188 (0) 2 : 0.998 0.002
189 189 (0) 2 : 0.998 0.002
190 190 (0) 2 : 0.996 0.004
191 191 (0) 2 : 0.998 0.002
192 192 (0) 2 : 0.998 0.002
193 193 (0) 2 : 0.998 0.002
194 194 (0) 2 : 0.996 0.004
195 195 (0) 2 : 0.997 0.003
196 196 (0) 2 : 0.997 0.003
197 197 (0) 2 : 0.996 0.004
198 198 (0) 2 : 0.998 0.002
199 199 (0) 2 : 0.998 0.002
200 200 (0) 2 : 0.951 0.049
201 201 (0) 2 : 0.992 0.008
202 202 (0) 2 : 0.995 0.005
203 203 (0) 2 : 0.995 0.005
204 204 (0) 2 : 0.998 0.002
205 205 (0) 2 : 0.994 0.006
206 206 (0) 2 : 0.997 0.003
207 207 (0) 2 : 0.996 0.004
208 208 (0) 2 : 0.993 0.007
209 209 (0) 2 : 0.998 0.002
210 210 (0) 2 : 0.998 0.002
211 211 (0) 2 : 0.996 0.004
212 212 (0) 2 : 0.997 0.003
213 213 (0) 2 : 0.995 0.005
214 214 (0) 2 : 0.998 0.002
215 215 (0) 2 : 0.997 0.003
216 216 (0) 2 : 0.998 0.002
217 217 (0) 2 : 0.994 0.006
218 218 (0) 2 : 0.998 0.002
219 219 (0) 2 : 0.998 0.002
220 220 (0) 2 : 0.998 0.002
221 221 (0) 2 : 0.995 0.005
222 222 (0) 2 : 0.998 0.002
223 223 (0) 2 : 0.997 0.003
224 224 (0) 2 : 0.996 0.004
225 225 (0) 2 : 0.996 0.004
226 226 (0) 2 : 0.998 0.002
227 227 (0) 2 : 0.996 0.004
228 228 (0) 2 : 0.995 0.005
229 229 (0) 2 : 0.997 0.003
230 230 (0) 2 : 0.998 0.002
231 231 (0) 2 : 0.997 0.003
232 232 (0) 2 : 0.998 0.002
233 233 (0) 2 : 0.999 0.001
234 234 (0) 2 : 0.997 0.003
235 235 (0) 2 : 0.992 0.008
236 236 (0) 2 : 0.998 0.002
237 237 (0) 2 : 0.998 0.002
238 238 (0) 2 : 0.998 0.002
239 239 (0) 2 : 0.985 0.015
240 240 (0) 2 : 0.997 0.003
241 241 (0) 2 : 0.998 0.002
242 242 (0) 2 : 0.998 0.002
243 243 (0) 2 : 0.995 0.005
244 244 (0) 2 : 0.998 0.002
245 245 (0) 2 : 0.993 0.007
246 246 (0) 2 : 0.997 0.003
247 247 (0) 2 : 0.993 0.007
248 248 (0) 2 : 0.998 0.002
249 249 (0) 2 : 0.998 0.002
250 250 (0) 2 : 0.991 0.009
251 251 (0) 2 : 0.996 0.004
252 252 (0) 2 : 0.999 0.001
253 253 (0) 2 : 0.998 0.002
254 254 (0) 2 : 0.996 0.004
255 255 (0) 2 : 0.997 0.003
256 256 (0) 2 : 0.998 0.002
257 257 (0) 2 : 0.996 0.004
258 258 (0) 2 : 0.977 0.023
259 259 (0) 2 : 0.993 0.007
260 260 (0) 2 : 0.995 0.005
261 261 (0) 2 : 0.998 0.002
262 262 (0) 2 : 0.999 0.001
263 263 (0) 2 : 0.982 0.018
264 264 (0) 2 : 0.999 0.001
265 265 (0) 2 : 0.997 0.003
266 266 (0) 2 : 0.999 0.001
267 267 (0) 2 : 0.997 0.003
268 268 (0) 2 : 0.998 0.002
269 269 (0) 2 : 0.998 0.002
270 270 (0) 2 : 0.998 0.002
271 271 (0) 2 : 0.997 0.003
272 272 (0) 2 : 0.987 0.013
273 273 (0) 2 : 0.998 0.002
274 274 (0) 2 : 0.984 0.016
275 275 (0) 2 : 0.997 0.003
276 276 (0) 2 : 0.998 0.002
277 277 (0) 2 : 0.995 0.005
278 278 (0) 2 : 0.998 0.002
279 279 (0) 2 : 0.998 0.002
280 280 (0) 2 : 0.998 0.002
281 281 (0) 2 : 0.994 0.006
282 282 (0) 2 : 0.998 0.002
283 283 (0) 2 : 0.998 0.002
284 284 (0) 2 : 0.998 0.002
285 285 (0) 2 : 0.998 0.002
286 286 (0) 2 : 0.996 0.004
287 287 (0) 2 : 0.998 0.002
288 288 (0) 2 : 0.998 0.002
289 289 (0) 2 : 0.998 0.002
290 290 (0) 2 : 0.998 0.002
291 291 (0) 2 : 0.998 0.002
292 292 (0) 2 : 0.992 0.008
293 293 (0) 2 : 0.994 0.006
294 294 (0) 2 : 0.991 0.009
295 295 (0) 2 : 0.988 0.012
296 296 (0) 2 : 0.998 0.002
297 297 (0) 2 : 0.997 0.003
298 298 (0) 2 : 0.997 0.003
299 299 (0) 2 : 0.998 0.002
300 300 (0) 2 : 0.998 0.002
301 301 (0) 2 : 0.995 0.005
302 302 (0) 2 : 0.998 0.002
303 303 (0) 2 : 0.998 0.002
304 304 (0) 2 : 0.997 0.003
305 305 (0) 2 : 0.994 0.006
306 306 (0) 2 : 0.998 0.002
307 307 (0) 2 : 0.998 0.002
308 308 (0) 2 : 0.995 0.005
309 309 (0) 2 : 0.997 0.003
310 310 (0) 2 : 0.995 0.005
311 311 (0) 2 : 0.992 0.008
312 312 (0) 2 : 0.998 0.002
313 313 (0) 2 : 0.997 0.003
314 314 (0) 2 : 0.997 0.003
315 315 (0) 2 : 0.999 0.001
316 316 (0) 2 : 0.998 0.002
317 317 (0) 2 : 0.998 0.002
318 318 (0) 2 : 0.999 0.001
319 319 (0) 2 : 0.996 0.004
320 320 (0) 2 : 0.999 0.001
321 321 (0) 2 : 0.995 0.005
322 322 (0) 2 : 0.998 0.002
323 323 (0) 2 : 0.994 0.006
324 324 (0) 2 : 0.967 0.033
325 325 (0) 2 : 0.998 0.002
326 326 (0) 2 : 0.998 0.002
327 327 (0) 2 : 0.998 0.002
328 328 (0) 2 : 0.980 0.020
329 329 (0) 2 : 0.997 0.003
330 330 (0) 2 : 0.998 0.002
331 331 (0) 2 : 0.997 0.003
332 332 (0) 2 : 0.997 0.003
333 333 (0) 2 : 0.998 0.002
334 334 (0) 2 : 0.994 0.006
335 335 (0) 2 : 0.996 0.004
336 336 (0) 2 : 0.998 0.002
337 337 (0) 2 : 0.997 0.003
338 338 (0) 2 : 0.997 0.003
339 339 (0) 2 : 0.993 0.007
340 340 (0) 2 : 0.998 0.002
341 341 (0) 2 : 0.996 0.004
342 342 (0) 2 : 0.997 0.003
343 343 (0) 2 : 0.998 0.002
344 344 (0) 2 : 0.998 0.002
345 345 (0) 2 : 0.998 0.002
346 346 (0) 2 : 0.997 0.003
347 347 (0) 2 : 0.995 0.005
348 348 (0) 2 : 0.996 0.004
349 349 (0) 2 : 0.996 0.004
350 350 (0) 2 : 0.997 0.003
351 351 (5) 3 : 0.591 0.409
352 352 (0) 3 : 0.333 0.667
353 353 (0) 3 : 0.481 0.519
354 354 (5) 3 : 0.404 0.596
355 355 (5) 3 : 0.373 0.627
356 356 (0) 3 : 0.288 0.712
357 357 (0) 4 : 0.010 0.990
358 358 (0) 4 : 0.071 0.929
359 359 (10) 5 : 0.003 0.997
360 360 (5) 5 : 0.004 0.996
361 361 (5) 5 : 0.167 0.833
362 362 (5) 5 : 0.002 0.998
363 363 (10) 5 : 0.016 0.984
364 364 (5) 5 : 0.318 0.682
365 365 (10) 5 : 0.008 0.992
366 366 (0) 5 : 0.005 0.995
367 367 (0) 5 : 0.007 0.993
368 368 (0) 5 : 0.002 0.998
369 369 (0) 5 : 0.028 0.972
370 370 (0) 5 : 0.106 0.894
371 371 (0) 5 : 0.003 0.997
372 372 (0) 5 : 0.009 0.991
373 373 (0) 5 : 0.007 0.993
374 374 (0) 5 : 0.018 0.982
375 375 (0) 5 : 0.018 0.982
376 376 (0) 5 : 0.241 0.759
377 377 (0) 5 : 0.005 0.995
378 378 (5) 5 : 0.011 0.989
379 379 (0) 5 : 0.006 0.994
380 380 (0) 5 : 0.127 0.873
381 381 (5) 5 : 0.021 0.979
382 382 (5) 5 : 0.008 0.992
383 383 (0) 5 : 0.197 0.803
384 384 (0) 5 : 0.066 0.934
385 385 (0) 5 : 0.013 0.987
386 386 (0) 5 : 0.002 0.998
387 387 (0) 5 : 0.002 0.998
388 388 (0) 5 : 0.002 0.998
389 389 (0) 5 : 0.001 0.999
390 390 (0) 5 : 0.006 0.994
391 391 (0) 5 : 0.013 0.987
392 392 (0) 5 : 0.006 0.994
393 393 (0) 5 : 0.012 0.988
394 394 (0) 5 : 0.027 0.973
395 395 (0) 5 : 0.124 0.876
396 396 (0) 5 : 0.002 0.998
397 397 (0) 5 : 0.014 0.986
398 398 (0) 5 : 0.029 0.971
399 399 (0) 5 : 0.003 0.997
400 400 (0) 5 : 0.005 0.995
401 401 (10) 6 : 0.002 0.998
402 402 (0) 6 : 0.005 0.995
403 403 (0) 6 : 0.034 0.966
404 404 (0) 6 : 0.002 0.998
405 405 (0) 6 : 0.005 0.995
406 406 (5) 6 : 0.003 0.997
407 407 (0) 6 : 0.002 0.998
408 408 (0) 6 : 0.003 0.997
409 409 (0) 6 : 0.002 0.998
410 410 (0) 6 : 0.033 0.967
411 411 (0) 6 : 0.004 0.996
412 412 (0) 6 : 0.002 0.998
413 413 (0) 6 : 0.001 0.999
414 414 (0) 6 : 0.003 0.997
415 415 (5) 6 : 0.002 0.998
416 416 (0) 6 : 0.003 0.997
417 417 (0) 6 : 0.004 0.996
418 418 (0) 6 : 0.002 0.998
419 419 (0) 6 : 0.002 0.998
420 420 (0) 6 : 0.001 0.999
421 421 (0) 6 : 0.002 0.998
422 422 (5) 6 : 0.003 0.997
423 423 (5) 6 : 0.003 0.997
424 424 (5) 6 : 0.005 0.995
425 425 (0) 6 : 0.004 0.996
426 426 (0) 6 : 0.002 0.998
427 427 (0) 6 : 0.002 0.998
428 428 (0) 6 : 0.004 0.996
429 429 (0) 6 : 0.002 0.998
430 430 (0) 6 : 0.004 0.996
431 431 (0) 6 : 0.004 0.996
432 432 (0) 6 : 0.002 0.998
433 433 (0) 6 : 0.002 0.998
434 434 (0) 6 : 0.003 0.997
435 435 (0) 6 : 0.004 0.996
436 436 (0) 6 : 0.002 0.998
437 437 (5) 6 : 0.004 0.996
438 438 (0) 6 : 0.004 0.996
439 439 (0) 6 : 0.002 0.998
440 440 (0) 6 : 0.003 0.997
441 441 (0) 6 : 0.003 0.997
442 442 (0) 6 : 0.003 0.997
443 443 (5) 6 : 0.002 0.998
444 444 (5) 6 : 0.003 0.997
445 445 (5) 6 : 0.002 0.998
446 446 (5) 6 : 0.003 0.997
447 447 (5) 6 : 0.004 0.996
448 448 (5) 6 : 0.005 0.995
449 449 (0) 6 : 0.013 0.987
450 450 (5) 6 : 0.002 0.998
451 451 (0) 6 : 0.169 0.831
452 452 (0) 6 : 0.063 0.937
453 453 (0) 6 : 0.002 0.998
454 454 (0) 6 : 0.001 0.999
455 455 (0) 6 : 0.003 0.997
456 456 (0) 6 : 0.002 0.998
457 457 (0) 6 : 0.002 0.998
458 458 (0) 6 : 0.003 0.997
459 459 (0) 6 : 0.002 0.998
460 460 (0) 6 : 0.002 0.998
461 461 (0) 6 : 0.003 0.997
462 462 (0) 6 : 0.422 0.578
463 463 (0) 6 : 0.001 0.999
464 464 (0) 6 : 0.002 0.998
465 465 (0) 6 : 0.002 0.998
466 466 (0) 6 : 0.003 0.997
467 467 (0) 6 : 0.002 0.998
468 468 (0) 6 : 0.005 0.995
469 469 (0) 6 : 0.003 0.997
470 470 (0) 6 : 0.002 0.998
471 471 (0) 6 : 0.001 0.999
472 472 (0) 6 : 0.001 0.999
473 473 (0) 6 : 0.003 0.997
474 474 (0) 6 : 0.003 0.997
475 475 (0) 6 : 0.002 0.998
476 476 (0) 6 : 0.001 0.999
477 477 (0) 6 : 0.002 0.998
478 478 (0) 6 : 0.002 0.998
479 479 (0) 6 : 0.003 0.997
480 480 (0) 6 : 0.003 0.997
481 481 (0) 6 : 0.108 0.892
482 482 (0) 6 : 0.002 0.998
483 483 (0) 6 : 0.002 0.998
484 484 (0) 6 : 0.002 0.998
485 485 (0) 6 : 0.001 0.999
486 486 (0) 6 : 0.003 0.997
487 487 (0) 6 : 0.002 0.998
488 488 (0) 6 : 0.002 0.998
489 489 (0) 6 : 0.002 0.998
490 490 (0) 6 : 0.001 0.999
491 491 (0) 6 : 0.002 0.998
492 492 (0) 6 : 0.004 0.996
493 493 (10) 6 : 0.012 0.988
494 494 (0) 6 : 0.002 0.998
495 495 (0) 6 : 0.002 0.998
496 496 (0) 6 : 0.003 0.997
497 497 (0) 6 : 0.004 0.996
498 498 (0) 6 : 0.005 0.995
499 499 (0) 6 : 0.002 0.998
500 500 (0) 6 : 0.002 0.998
501 501 (0) 6 : 0.001 0.999
502 502 (0) 6 : 0.001 0.999
503 503 (0) 6 : 0.003 0.997
504 504 (0) 6 : 0.001 0.999
505 505 (0) 6 : 0.001 0.999
506 506 (0) 7 : 0.019 0.981
507 507 (10) 7 : 0.005 0.995
508 508 (10) 7 : 0.004 0.996
509 509 (5) 7 : 0.001 0.999
510 510 (5) 7 : 0.002 0.998
511 511 (0) 7 : 0.001 0.999
512 512 (5) 7 : 0.002 0.998
513 513 (5) 7 : 0.002 0.998
514 514 (0) 7 : 0.001 0.999
515 515 (0) 7 : 0.001 0.999
516 516 (0) 7 : 0.001 0.999
517 517 (0) 7 : 0.002 0.998
518 518 (0) 7 : 0.002 0.998
519 519 (5) 7 : 0.002 0.998
520 520 (5) 7 : 0.008 0.992
521 521 (10) 7 : 0.004 0.996
522 522 (0) 7 : 0.002 0.998
523 523 (5) 7 : 0.007 0.993
524 524 (5) 7 : 0.002 0.998
525 525 (0) 7 : 0.001 0.999
526 526 (5) 7 : 0.002 0.998
527 527 (0) 7 : 0.005 0.995
528 528 (5) 7 : 0.001 0.999
529 529 (0) 7 : 0.002 0.998
530 530 (0) 7 : 0.003 0.997
531 531 (0) 7 : 0.005 0.995
532 532 (0) 7 : 0.002 0.998
533 533 (0) 7 : 0.002 0.998
534 534 (0) 7 : 0.003 0.997
535 535 (0) 7 : 0.005 0.995
536 536 (0) 7 : 0.004 0.996
537 537 (0) 7 : 0.006 0.994
538 538 (0) 7 : 0.002 0.998
539 539 (0) 7 : 0.003 0.997
540 540 (0) 7 : 0.005 0.995
541 541 (0) 7 : 0.001 0.999
542 542 (0) 7 : 0.004 0.996
543 543 (0) 7 : 0.002 0.998
544 544 (5) 7 : 0.002 0.998
545 545 (5) 7 : 0.002 0.998
546 546 (0) 7 : 0.002 0.998
547 547 (15) 7 : 0.004 0.996
548 548 (10) 7 : 0.001 0.999
549 549 (10) 7 : 0.002 0.998
550 550 (10) 7 : 0.003 0.997
551 551 (5) 7 : 0.002 0.998
552 552 (5) 7 : 0.002 0.998
553 553 (5) 7 : 0.002 0.998
554 554 (5) 7 : 0.002 0.998
555 555 (5) 7 : 0.004 0.996
556 556 (5) 7 : 0.002 0.998
557 557 (15) 7 : 0.008 0.992
558 558 (5) 7 : 0.010 0.990
559 559 (5) 7 : 0.001 0.999
560 560 (15) 7 : 0.002 0.998
561 561 (5) 7 : 0.017 0.983
562 562 (5) 7 : 0.046 0.954
563 563 (5) 7 : 0.002 0.998
564 564 (5) 7 : 0.002 0.998
565 565 (10) 7 : 0.003 0.997
566 566 (5) 7 : 0.002 0.998
567 567 (5) 7 : 0.002 0.998
568 568 (10) 7 : 0.002 0.998
569 569 (10) 7 : 0.002 0.998
570 570 (10) 7 : 0.009 0.991
571 571 (10) 7 : 0.029 0.971
572 572 (5) 7 : 0.002 0.998
573 573 (10) 7 : 0.004 0.996
574 574 (0) 7 : 0.001 0.999
575 575 (5) 7 : 0.002 0.998
576 576 (0) 7 : 0.001 0.999
577 577 (0) 7 : 0.001 0.999
578 578 (0) 7 : 0.002 0.998
579 579 (0) 7 : 0.004 0.996
580 580 (0) 7 : 0.002 0.998
581 581 (0) 7 : 0.021 0.979
582 582 (0) 7 : 0.003 0.997
583 583 (10) 7 : 0.002 0.998
584 584 (10) 7 : 0.231 0.769
585 585 (0) 7 : 0.025 0.975
586 586 (5) 7 : 0.070 0.930
587 587 (0) 7 : 0.003 0.997
588 588 (5) 7 : 0.013 0.987
589 589 (5) 7 : 0.002 0.998
590 590 (5) 7 : 0.002 0.998
591 591 (10) 7 : 0.001 0.999
592 592 (0) 7 : 0.002 0.998
593 593 (0) 7 : 0.002 0.998
594 594 (0) 7 : 0.140 0.860
595 595 (0) 7 : 0.002 0.998
596 596 (0) 7 : 0.003 0.997
597 597 (0) 7 : 0.002 0.998
598 598 (0) 7 : 0.002 0.998
599 599 (0) 7 : 0.004 0.996
600 600 (0) 7 : 0.002 0.998
601 601 (0) 7 : 0.003 0.997
602 602 (0) 7 : 0.003 0.997
603 603 (0) 7 : 0.024 0.976
604 604 (0) 7 : 0.008 0.992
605 605 (0) 7 : 0.005 0.995
606 606 (0) 7 : 0.002 0.998
607 607 (0) 7 : 0.009 0.991
608 608 (0) 7 : 0.002 0.998
609 609 (5) 7 : 0.003 0.997
610 610 (0) 7 : 0.002 0.998
611 611 (5) 7 : 0.366 0.634
612 612 (0) 7 : 0.002 0.998
613 613 (0) 7 : 0.067 0.933
614 614 (0) 7 : 0.004 0.996
615 615 (0) 7 : 0.005 0.995
616 616 (0) 7 : 0.002 0.998
617 617 (0) 7 : 0.002 0.998
618 618 (0) 7 : 0.016 0.984
619 619 (0) 7 : 0.001 0.999
620 620 (0) 7 : 0.003 0.997
621 621 (0) 7 : 0.002 0.998
622 622 (0) 7 : 0.106 0.894
623 623 (0) 7 : 0.001 0.999
624 624 (0) 7 : 0.004 0.996
625 625 (5) 7 : 0.002 0.998
626 626 (0) 7 : 0.006 0.994
627 627 (0) 7 : 0.003 0.997
628 628 (0) 7 : 0.004 0.996
629 629 (10) 7 : 0.002 0.998
630 630 (0) 7 : 0.002 0.998
631 631 (0) 7 : 0.002 0.998
632 632 (0) 7 : 0.002 0.998
633 633 (10) 7 : 0.004 0.996
634 634 (5) 7 : 0.002 0.998
635 635 (0) 7 : 0.002 0.998
636 636 (5) 7 : 0.002 0.998
637 637 (5) 7 : 0.001 0.999
638 638 (10) 7 : 0.003 0.997
639 639 (0) 7 : 0.002 0.998
640 640 (5) 7 : 0.004 0.996
641 641 (10) 7 : 0.002 0.998
642 642 (0) 7 : 0.004 0.996
643 643 (0) 7 : 0.021 0.979
644 644 (0) 7 : 0.002 0.998
645 645 (0) 7 : 0.003 0.997
646 646 (0) 7 : 0.002 0.998
647 647 (0) 7 : 0.003 0.997
648 648 (0) 7 : 0.001 0.999
649 649 (0) 7 : 0.002 0.998
650 650 (0) 7 : 0.001 0.999
651 651 (5) 7 : 0.004 0.996
652 652 (0) 7 : 0.001 0.999
653 653 (0) 7 : 0.002 0.998
654 654 (0) 7 : 0.002 0.998
655 655 (5) 7 : 0.004 0.996
656 656 (0) 7 : 0.003 0.997
657 657 (0) 7 : 0.006 0.994
658 658 (0) 7 : 0.002 0.998
659 659 (0) 7 : 0.002 0.998
660 660 (0) 7 : 0.002 0.998
661 661 (0) 7 : 0.003 0.997
662 662 (0) 7 : 0.006 0.994
663 663 (0) 7 : 0.002 0.998
664 664 (0) 7 : 0.002 0.998
665 665 (0) 7 : 0.005 0.995
666 666 (0) 7 : 0.002 0.998
667 667 (0) 7 : 0.001 0.999
668 668 (0) 7 : 0.002 0.998
669 669 (0) 7 : 0.001 0.999
670 670 (0) 7 : 0.001 0.999
671 671 (0) 7 : 0.001 0.999
672 672 (0) 7 : 0.002 0.998
673 673 (0) 7 : 0.003 0.997
674 674 (0) 7 : 0.002 0.998
675 675 (0) 7 : 0.002 0.998
676 676 (10) 7 : 0.003 0.997
677 677 (5) 7 : 0.002 0.998
678 678 (10) 7 : 0.002 0.998
679 679 (5) 7 : 0.079 0.921
680 680 (10) 7 : 0.002 0.998
681 681 (10) 7 : 0.002 0.998
682 682 (0) 7 : 0.003 0.997
683 683 (5) 7 : 0.003 0.997
684 684 (5) 7 : 0.022 0.978
685 685 (10) 7 : 0.003 0.997
686 686 (0) 7 : 0.002 0.998
687 687 (0) 7 : 0.002 0.998
688 688 (0) 7 : 0.002 0.998
689 689 (0) 7 : 0.002 0.998
690 690 (0) 7 : 0.031 0.969
691 691 (0) 7 : 0.137 0.863
692 692 (0) 7 : 0.079 0.921
693 693 (0) 7 : 0.002 0.998
694 694 (0) 7 : 0.001 0.999
695 695 (5) 7 : 0.167 0.833
696 696 (0) 7 : 0.127 0.873
697 697 (0) 7 : 0.002 0.998
698 698 (10) 7 : 0.009 0.991
699 699 (5) 7 : 0.003 0.997
700 700 (0) 7 : 0.001 0.999
701 701 (5) 7 : 0.073 0.927
702 702 (5) 7 : 0.003 0.997
703 703 (0) 7 : 0.002 0.998
704 704 (0) 7 : 0.012 0.988
705 705 (0) 7 : 0.003 0.997
706 706 (0) 7 : 0.033 0.967
707 707 (0) 7 : 0.001 0.999
708 708 (0) 7 : 0.004 0.996
709 709 (0) 7 : 0.001 0.999
710 710 (0) 7 : 0.001 0.999
711 711 (0) 7 : 0.001 0.999
712 712 (0) 7 : 0.002 0.998
713 713 (0) 7 : 0.005 0.995
714 714 (0) 7 : 0.002 0.998
715 715 (0) 7 : 0.002 0.998
716 716 (0) 7 : 0.002 0.998
717 717 (0) 7 : 0.002 0.998
718 718 (0) 7 : 0.003 0.997
719 719 (0) 7 : 0.002 0.998
720 720 (0) 7 : 0.002 0.998
721 721 (0) 7 : 0.002 0.998
722 722 (0) 7 : 0.001 0.999
723 723 (0) 7 : 0.001 0.999
724 724 (0) 7 : 0.002 0.998
725 725 (0) 7 : 0.001 0.999
726 726 (0) 7 : 0.009 0.991
727 727 (0) 7 : 0.008 0.992
728 728 (0) 7 : 0.001 0.999
729 729 (0) 7 : 0.010 0.990
730 730 (0) 7 : 0.001 0.999
731 731 (0) 7 : 0.002 0.998
732 732 (0) 7 : 0.002 0.998
733 733 (0) 7 : 0.003 0.997
734 734 (0) 7 : 0.007 0.993
735 735 (0) 7 : 0.002 0.998
736 736 (0) 7 : 0.003 0.997
737 737 (0) 7 : 0.002 0.998
738 738 (0) 7 : 0.007 0.993
739 739 (0) 7 : 0.002 0.998
740 740 (0) 7 : 0.002 0.998
741 741 (0) 7 : 0.002 0.998
742 742 (0) 7 : 0.002 0.998
743 743 (0) 7 : 0.002 0.998
744 744 (0) 7 : 0.002 0.998
745 745 (0) 7 : 0.001 0.999
1 1 (5) 1 : 0.003 0.997
2 2 (5) 1 : 0.010 0.990
3 3 (5) 1 : 0.002 0.998
4 4 (0) 1 : 0.002 0.998
5 5 (0) 1 : 0.012 0.988
6 6 (0) 1 : 0.003 0.997
7 7 (0) 1 : 0.066 0.934
8 8 (5) 1 : 0.002 0.998
9 9 (0) 1 : 0.002 0.998
10 10 (0) 1 : 0.018 0.982
11 11 (0) 1 : 0.004 0.996
12 12 (0) 1 : 0.006 0.994
13 13 (0) 1 : 0.002 0.998
14 14 (0) 1 : 0.003 0.997
15 15 (0) 1 : 0.003 0.997
16 16 (0) 1 : 0.002 0.998
17 17 (0) 1 : 0.002 0.998
18 18 (0) 1 : 0.005 0.995
19 19 (0) 1 : 0.002 0.998
20 20 (0) 1 : 0.018 0.982
21 21 (0) 1 : 0.002 0.998
22 22 (0) 1 : 0.001 0.999
23 23 (0) 1 : 0.002 0.998
24 24 (0) 1 : 0.002 0.998
25 25 (0) 1 : 0.012 0.988
26 26 (0) 1 : 0.002 0.998
27 27 (5) 1 : 0.019 0.981
28 28 (0) 1 : 0.004 0.996
29 29 (0) 1 : 0.002 0.998
30 30 (0) 1 : 0.011 0.989
31 31 (0) 1 : 0.002 0.998
32 32 (0) 1 : 0.004 0.996
33 33 (0) 1 : 0.001 0.999
34 34 (0) 1 : 0.002 0.998
35 35 (0) 1 : 0.018 0.982
36 36 (0) 1 : 0.012 0.988
37 37 (0) 1 : 0.009 0.991
38 38 (0) 1 : 0.003 0.997
39 39 (0) 1 : 0.011 0.989
40 40 (0) 1 : 0.003 0.997
41 41 (0) 1 : 0.003 0.997
42 42 (0) 1 : 0.001 0.999
43 43 (0) 1 : 0.003 0.997
44 44 (0) 1 : 0.002 0.998
45 45 (5) 1 : 0.005 0.995
46 46 (0) 1 : 0.002 0.998
47 47 (0) 1 : 0.004 0.996
48 48 (0) 1 : 0.004 0.996
49 49 (0) 1 : 0.003 0.997
50 50 (0) 1 : 0.003 0.997
51 51 (0) 1 : 0.004 0.996
52 52 (0) 1 : 0.010 0.990
53 53 (0) 1 : 0.003 0.997
54 54 (0) 1 : 0.005 0.995
55 55 (0) 1 : 0.004 0.996
56 56 (0) 1 : 0.002 0.998
57 57 (10) 1 : 0.002 0.998
58 58 (5) 1 : 0.004 0.996
59 59 (0) 1 : 0.003 0.997
60 60 (0) 1 : 0.003 0.997
61 61 (0) 1 : 0.003 0.997
62 62 (0) 1 : 0.006 0.994
63 63 (0) 1 : 0.005 0.995
64 64 (0) 1 : 0.003 0.997
65 65 (0) 1 : 0.012 0.988
66 66 (0) 1 : 0.002 0.998
67 67 (5) 1 : 0.004 0.996
68 68 (0) 1 : 0.011 0.989
69 69 (0) 1 : 0.008 0.992
70 70 (0) 1 : 0.004 0.996
71 71 (5) 1 : 0.003 0.997
72 72 (0) 1 : 0.004 0.996
73 73 (5) 1 : 0.003 0.997
74 74 (10) 1 : 0.005 0.995
75 75 (10) 1 : 0.003 0.997
76 76 (0) 1 : 0.002 0.998
77 77 (10) 1 : 0.003 0.997
78 78 (0) 1 : 0.004 0.996
79 79 (5) 1 : 0.006 0.994
80 80 (0) 1 : 0.002 0.998
81 81 (0) 1 : 0.002 0.998
82 82 (0) 1 : 0.002 0.998
83 83 (0) 1 : 0.006 0.994
84 84 (0) 1 : 0.007 0.993
85 85 (0) 1 : 0.002 0.998
86 86 (5) 1 : 0.003 0.997
87 87 (0) 1 : 0.002 0.998
88 88 (0) 1 : 0.012 0.988
89 89 (0) 1 : 0.003 0.997
90 90 (0) 1 : 0.004 0.996
91 91 (0) 1 : 0.003 0.997
92 92 (0) 1 : 0.006 0.994
93 93 (0) 1 : 0.002 0.998
94 94 (5) 1 : 0.002 0.998
95 95 (0) 1 : 0.002 0.998
96 96 (5) 1 : 0.002 0.998
97 97 (0) 1 : 0.005 0.995
98 98 (0) 1 : 0.003 0.997
99 99 (5) 1 : 0.002 0.998
100 100 (5) 1 : 0.002 0.998
101 101 (0) 2 : 0.004 0.996
102 102 (0) 2 : 0.002 0.998
103 103 (0) 2 : 0.002 0.998
104 104 (0) 2 : 0.002 0.998
105 105 (0) 2 : 0.003 0.997
106 106 (0) 2 : 0.006 0.994
107 107 (0) 2 : 0.003 0.997
108 108 (0) 2 : 0.002 0.998
109 109 (0) 2 : 0.005 0.995
110 110 (0) 2 : 0.013 0.987
111 111 (0) 2 : 0.003 0.997
112 112 (0) 2 : 0.002 0.998
113 113 (0) 2 : 0.002 0.998
114 114 (0) 2 : 0.005 0.995
115 115 (0) 2 : 0.008 0.992
116 116 (0) 2 : 0.002 0.998
117 117 (0) 2 : 0.002 0.998
118 118 (0) 2 : 0.002 0.998
119 119 (0) 2 : 0.003 0.997
120 120 (0) 2 : 0.002 0.998
121 121 (0) 2 : 0.002 0.998
122 122 (0) 2 : 0.003 0.997
123 123 (0) 2 : 0.007 0.993
124 124 (0) 2 : 0.002 0.998
125 125 (0) 2 : 0.002 0.998
126 126 (0) 2 : 0.002 0.998
127 127 (0) 2 : 0.003 0.997
128 128 (0) 2 : 0.004 0.996
129 129 (0) 2 : 0.002 0.998
130 130 (0) 2 : 0.003 0.997
131 131 (0) 2 : 0.002 0.998
132 132 (0) 2 : 0.001 0.999
133 133 (0) 2 : 0.011 0.989
134 134 (0) 2 : 0.002 0.998
135 135 (0) 2 : 0.003 0.997
136 136 (0) 2 : 0.003 0.997
137 137 (0) 2 : 0.003 0.997
138 138 (0) 2 : 0.002 0.998
139 139 (0) 2 : 0.003 0.997
140 140 (0) 2 : 0.002 0.998
141 141 (0) 2 : 0.005 0.995
142 142 (0) 2 : 0.002 0.998
143 143 (0) 2 : 0.002 0.998
144 144 (0) 2 : 0.002 0.998
145 145 (0) 2 : 0.002 0.998
146 146 (0) 2 : 0.002 0.998
147 147 (0) 2 : 0.004 0.996
148 148 (0) 2 : 0.002 0.998
149 149 (0) 2 : 0.002 0.998
150 150 (0) 2 : 0.004 0.996
151 151 (0) 2 : 0.002 0.998
152 152 (0) 2 : 0.003 0.997
153 153 (0) 2 : 0.002 0.998
154 154 (0) 2 : 0.003 0.997
155 155 (0) 2 : 0.002 0.998
156 156 (0) 2 : 0.004 0.996
157 157 (0) 2 : 0.002 0.998
158 158 (0) 2 : 0.003 0.997
159 159 (0) 2 : 0.003 0.997
160 160 (0) 2 : 0.005 0.995
161 161 (0) 2 : 0.007 0.993
162 162 (0) 2 : 0.004 0.996
163 163 (0) 2 : 0.002 0.998
164 164 (0) 2 : 0.022 0.978
165 165 (0) 2 : 0.020 0.980
166 166 (0) 2 : 0.003 0.997
167 167 (0) 2 : 0.002 0.998
168 168 (0) 2 : 0.001 0.999
169 169 (0) 2 : 0.003 0.997
170 170 (0) 2 : 0.003 0.997
171 171 (0) 2 : 0.013 0.987
172 172 (0) 2 : 0.003 0.997
173 173 (0) 2 : 0.002 0.998
174 174 (0) 2 : 0.002 0.998
175 175 (0) 2 : 0.004 0.996
176 176 (0) 2 : 0.003 0.997
177 177 (0) 2 : 0.010 0.990
178 178 (0) 2 : 0.005 0.995
179 179 (0) 2 : 0.003 0.997
180 180 (0) 2 : 0.002 0.998
181 181 (0) 2 : 0.009 0.991
182 182 (0) 2 : 0.003 0.997
183 183 (0) 2 : 0.002 0.998
184 184 (0) 2 : 0.003 0.997
185 185 (0) 2 : 0.002 0.998
186 186 (0) 2 : 0.011 0.989
187 187 (0) 2 : 0.003 0.997
188 188 (0) 2 : 0.002 0.998
189 189 (0) 2 : 0.002 0.998
190 190 (0) 2 : 0.004 0.996
191 191 (0) 2 : 0.002 0.998
192 192 (0) 2 : 0.002 0.998
193 193 (0) 2 : 0.002 0.998
194 194 (0) 2 : 0.004 0.996
195 195 (0) 2 : 0.003 0.997
196 196 (0) 2 : 0.003 0.997
197 197 (0) 2 : 0.004 0.996
198 198 (0) 2 : 0.002 0.998
199 199 (0) 2 : 0.002 0.998
200 200 (0) 2 : 0.049 0.951
201 201 (0) 2 : 0.008 0.992
202 202 (0) 2 : 0.005 0.995
203 203 (0) 2 : 0.005 0.995
204 204 (0) 2 : 0.002 0.998
205 205 (0) 2 : 0.006 0.994
206 206 (0) 2 : 0.003 0.997
207 207 (0) 2 : 0.004 0.996
208 208 (0) 2 : 0.007 0.993
209 209 (0) 2 : 0.002 0.998
210 210 (0) 2 : 0.002 0.998
211 211 (0) 2 : 0.004 0.996
212 212 (0) 2 : 0.003 0.997
213 213 (0) 2 : 0.005 0.995
214 214 (0) 2 : 0.002 0.998
215 215 (0) 2 : 0.003 0.997
216 216 (0) 2 : 0.002 0.998
217 217 (0) 2 : 0.006 0.994
218 218 (0) 2 : 0.002 0.998
219 219 (0) 2 : 0.002 0.998
220 220 (0) 2 : 0.002 0.998
221 221 (0) 2 : 0.004 0.996
222 222 (0) 2 : 0.002 0.998
223 223 (0) 2 : 0.003 0.997
224 224 (0) 2 : 0.004 0.996
225 225 (0) 2 : 0.004 0.996
226 226 (0) 2 : 0.002 0.998
227 227 (0) 2 : 0.004 0.996
228 228 (0) 2 : 0.005 0.995
229 229 (0) 2 : 0.003 0.997
230 230 (0) 2 : 0.002 0.998
231 231 (0) 2 : 0.003 0.997
232 232 (0) 2 : 0.002 0.998
233 233 (0) 2 : 0.001 0.999
234 234 (0) 2 : 0.003 0.997
235 235 (0) 2 : 0.007 0.993
236 236 (0) 2 : 0.002 0.998
237 237 (0) 2 : 0.002 0.998
238 238 (0) 2 : 0.002 0.998
239 239 (0) 2 : 0.015 0.985
240 240 (0) 2 : 0.003 0.997
241 241 (0) 2 : 0.002 0.998
242 242 (0) 2 : 0.002 0.998
243 243 (0) 2 : 0.005 0.995
244 244 (0) 2 : 0.002 0.998
245 245 (0) 2 : 0.007 0.993
246 246 (0) 2 : 0.003 0.997
247 247 (0) 2 : 0.007 0.993
248 248 (0) 2 : 0.002 0.998
249 249 (0) 2 : 0.002 0.998
250 250 (0) 2 : 0.009 0.991
251 251 (0) 2 : 0.004 0.996
252 252 (0) 2 : 0.001 0.999
253 253 (0) 2 : 0.002 0.998
254 254 (0) 2 : 0.004 0.996
255 255 (0) 2 : 0.003 0.997
256 256 (0) 2 : 0.002 0.998
257 257 (0) 2 : 0.004 0.996
258 258 (0) 2 : 0.023 0.977
259 259 (0) 2 : 0.007 0.993
260 260 (0) 2 : 0.005 0.995
261 261 (0) 2 : 0.002 0.998
262 262 (0) 2 : 0.001 0.999
263 263 (0) 2 : 0.018 0.982
264 264 (0) 2 : 0.001 0.999
265 265 (0) 2 : 0.003 0.997
266 266 (0) 2 : 0.001 0.999
267 267 (0) 2 : 0.003 0.997
268 268 (0) 2 : 0.002 0.998
269 269 (0) 2 : 0.002 0.998
270 270 (0) 2 : 0.002 0.998
271 271 (0) 2 : 0.003 0.997
272 272 (0) 2 : 0.012 0.988
273 273 (0) 2 : 0.002 0.998
274 274 (0) 2 : 0.016 0.984
275 275 (0) 2 : 0.003 0.997
276 276 (0) 2 : 0.002 0.998
277 277 (0) 2 : 0.005 0.995
278 278 (0) 2 : 0.002 0.998
279 279 (0) 2 : 0.002 0.998
280 280 (0) 2 : 0.002 0.998
281 281 (0) 2 : 0.006 0.994
282 282 (0) 2 : 0.002 0.998
283 283 (0) 2 : 0.002 0.998
284 284 (0) 2 : 0.002 0.998
285 285 (0) 2 : 0.002 0.998
286 286 (0) 2 : 0.004 0.996
287 287 (0) 2 : 0.002 0.998
288 288 (0) 2 : 0.002 0.998
289 289 (0) 2 : 0.002 0.998
290 290 (0) 2 : 0.002 0.998
291 291 (0) 2 : 0.002 0.998
292 292 (0) 2 : 0.008 0.992
293 293 (0) 2 : 0.006 0.994
294 294 (0) 2 : 0.009 0.991
295 295 (0) 2 : 0.012 0.988
296 296 (0) 2 : 0.002 0.998
297 297 (0) 2 : 0.003 0.997
298 298 (0) 2 : 0.003 0.997
299 299 (0) 2 : 0.002 0.998
300 300 (0) 2 : 0.002 0.998
301 301 (0) 2 : 0.005 0.995
302 302 (0) 2 : 0.002 0.998
303 303 (0) 2 : 0.002 0.998
304 304 (0) 2 : 0.003 0.997
305 305 (0) 2 : 0.006 0.994
306 306 (0) 2 : 0.002 0.998
307 307 (0) 2 : 0.002 0.998
308 308 (0) 2 : 0.005 0.995
309 309 (0) 2 : 0.003 0.997
310 310 (0) 2 : 0.005 0.995
311 311 (0) 2 : 0.008 0.992
312 312 (0) 2 : 0.002 0.998
313 313 (0) 2 : 0.003 0.997
314 314 (0) 2 : 0.004 0.996
315 315 (0) 2 : 0.001 0.999
316 316 (0) 2 : 0.002 0.998
317 317 (0) 2 : 0.002 0.998
318 318 (0) 2 : 0.001 0.999
319 319 (0) 2 : 0.004 0.996
320 320 (0) 2 : 0.001 0.999
321 321 (0) 2 : 0.005 0.995
322 322 (0) 2 : 0.002 0.998
323 323 (0) 2 : 0.006 0.994
324 324 (0) 2 : 0.033 0.967
325 325 (0) 2 : 0.002 0.998
326 326 (0) 2 : 0.002 0.998
327 327 (0) 2 : 0.002 0.998
328 328 (0) 2 : 0.020 0.980
329 329 (0) 2 : 0.003 0.997
330 330 (0) 2 : 0.002 0.998
331 331 (0) 2 : 0.003 0.997
332 332 (0) 2 : 0.003 0.997
333 333 (0) 2 : 0.002 0.998
334 334 (0) 2 : 0.006 0.994
335 335 (0) 2 : 0.004 0.996
336 336 (0) 2 : 0.002 0.998
337 337 (0) 2 : 0.003 0.997
338 338 (0) 2 : 0.003 0.997
339 339 (0) 2 : 0.007 0.993
340 340 (0) 2 : 0.002 0.998
341 341 (0) 2 : 0.004 0.996
342 342 (0) 2 : 0.003 0.997
343 343 (0) 2 : 0.002 0.998
344 344 (0) 2 : 0.002 0.998
345 345 (0) 2 : 0.002 0.998
346 346 (0) 2 : 0.003 0.997
347 347 (0) 2 : 0.005 0.995
348 348 (0) 2 : 0.004 0.996
349 349 (0) 2 : 0.004 0.996
350 350 (0) 2 : 0.003 0.997
351 351 (5) 3 : 0.409 0.591
352 352 (0) 3 : 0.667 0.333
353 353 (0) 3 : 0.519 0.481
354 354 (5) 3 : 0.596 0.404
355 355 (5) 3 : 0.627 0.373
356 356 (0) 3 : 0.713 0.287
357 357 (0) 4 : 0.990 0.010
358 358 (0) 4 : 0.929 0.071
359 359 (10) 5 : 0.997 0.003
360 360 (5) 5 : 0.996 0.004
361 361 (5) 5 : 0.833 0.167
362 362 (5) 5 : 0.998 0.002
363 363 (10) 5 : 0.984 0.016
364 364 (5) 5 : 0.683 0.317
365 365 (10) 5 : 0.992 0.008
366 366 (0) 5 : 0.995 0.005
367 367 (0) 5 : 0.993 0.007
368 368 (0) 5 : 0.998 0.002
369 369 (0) 5 : 0.972 0.028
370 370 (0) 5 : 0.894 0.106
371 371 (0) 5 : 0.997 0.003
372 372 (0) 5 : 0.991 0.009
373 373 (0) 5 : 0.993 0.007
374 374 (0) 5 : 0.982 0.018
375 375 (0) 5 : 0.982 0.018
376 376 (0) 5 : 0.758 0.242
377 377 (0) 5 : 0.995 0.005
378 378 (5) 5 : 0.989 0.011
379 379 (0) 5 : 0.994 0.006
380 380 (0) 5 : 0.873 0.127
381 381 (5) 5 : 0.980 0.020
382 382 (5) 5 : 0.992 0.008
383 383 (0) 5 : 0.802 0.198
384 384 (0) 5 : 0.934 0.066
385 385 (0) 5 : 0.986 0.014
386 386 (0) 5 : 0.998 0.002
387 387 (0) 5 : 0.998 0.002
388 388 (0) 5 : 0.998 0.002
389 389 (0) 5 : 0.999 0.001
390 390 (0) 5 : 0.994 0.006
391 391 (0) 5 : 0.987 0.013
392 392 (0) 5 : 0.994 0.006
393 393 (0) 5 : 0.987 0.013
394 394 (0) 5 : 0.973 0.027
395 395 (0) 5 : 0.876 0.124
396 396 (0) 5 : 0.998 0.002
397 397 (0) 5 : 0.986 0.014
398 398 (0) 5 : 0.970 0.030
399 399 (0) 5 : 0.997 0.003
400 400 (0) 5 : 0.995 0.005
401 401 (10) 6 : 0.998 0.002
402 402 (0) 6 : 0.995 0.005
403 403 (0) 6 : 0.966 0.034
404 404 (0) 6 : 0.998 0.002
405 405 (0) 6 : 0.995 0.005
406 406 (5) 6 : 0.997 0.003
407 407 (0) 6 : 0.998 0.002
408 408 (0) 6 : 0.997 0.003
409 409 (0) 6 : 0.998 0.002
410 410 (0) 6 : 0.967 0.033
411 411 (0) 6 : 0.996 0.004
412 412 (0) 6 : 0.998 0.002
413 413 (0) 6 : 0.999 0.001
414 414 (0) 6 : 0.997 0.003
415 415 (5) 6 : 0.998 0.002
416 416 (0) 6 : 0.997 0.003
417 417 (0) 6 : 0.996 0.004
418 418 (0) 6 : 0.998 0.002
419 419 (0) 6 : 0.998 0.002
420 420 (0) 6 : 0.999 0.001
421 421 (0) 6 : 0.998 0.002
422 422 (5) 6 : 0.997 0.003
423 423 (5) 6 : 0.997 0.003
424 424 (5) 6 : 0.995 0.005
425 425 (0) 6 : 0.996 0.004
426 426 (0) 6 : 0.998 0.002
427 427 (0) 6 : 0.998 0.002
428 428 (0) 6 : 0.996 0.004
429 429 (0) 6 : 0.998 0.002
430 430 (0) 6 : 0.996 0.004
431 431 (0) 6 : 0.996 0.004
432 432 (0) 6 : 0.998 0.002
433 433 (0) 6 : 0.998 0.002
434 434 (0) 6 : 0.997 0.003
435 435 (0) 6 : 0.996 0.004
436 436 (0) 6 : 0.998 0.002
437 437 (5) 6 : 0.996 0.004
438 438 (0) 6 : 0.996 0.004
439 439 (0) 6 : 0.998 0.002
440 440 (0) 6 : 0.997 0.003
441 441 (0) 6 : 0.997 0.003
442 442 (0) 6 : 0.997 0.003
443 443 (5) 6 : 0.998 0.002
444 444 (5) 6 : 0.997 0.003
445 445 (5) 6 : 0.998 0.002
446 446 (5) 6 : 0.997 0.003
447 447 (5) 6 : 0.996 0.004
448 448 (5) 6 : 0.995 0.005
449 449 (0) 6 : 0.987 0.013
450 450 (5) 6 : 0.998 0.002
451 451 (0) 6 : 0.831 0.169
452 452 (0) 6 : 0.938 0.062
453 453 (0) 6 : 0.998 0.002
454 454 (0) 6 : 0.999 0.001
455 455 (0) 6 : 0.997 0.003
456 456 (0) 6 : 0.998 0.002
457 457 (0) 6 : 0.998 0.002
458 458 (0) 6 : 0.997 0.003
459 459 (0) 6 : 0.998 0.002
460 460 (0) 6 : 0.998 0.002
461 461 (0) 6 : 0.997 0.003
462 462 (0) 6 : 0.578 0.422
463 463 (0) 6 : 0.999 0.001
464 464 (0) 6 : 0.998 0.002
465 465 (0) 6 : 0.998 0.002
466 466 (0) 6 : 0.997 0.003
467 467 (0) 6 : 0.998 0.002
468 468 (0) 6 : 0.995 0.005
469 469 (0) 6 : 0.997 0.003
470 470 (0) 6 : 0.998 0.002
471 471 (0) 6 : 0.999 0.001
472 472 (0) 6 : 0.999 0.001
473 473 (0) 6 : 0.996 0.004
474 474 (0) 6 : 0.997 0.003
475 475 (0) 6 : 0.998 0.002
476 476 (0) 6 : 0.999 0.001
477 477 (0) 6 : 0.998 0.002
478 478 (0) 6 : 0.998 0.002
479 479 (0) 6 : 0.997 0.003
480 480 (0) 6 : 0.997 0.003
481 481 (0) 6 : 0.891 0.109
482 482 (0) 6 : 0.998 0.002
483 483 (0) 6 : 0.998 0.002
484 484 (0) 6 : 0.998 0.002
485 485 (0) 6 : 0.999 0.001
486 486 (0) 6 : 0.997 0.003
487 487 (0) 6 : 0.998 0.002
488 488 (0) 6 : 0.998 0.002
489 489 (0) 6 : 0.998 0.002
490 490 (0) 6 : 0.999 0.001
491 491 (0) 6 : 0.998 0.002
492 492 (0) 6 : 0.996 0.004
493 493 (10) 6 : 0.988 0.012
494 494 (0) 6 : 0.998 0.002
495 495 (0) 6 : 0.998 0.002
496 496 (0) 6 : 0.997 0.003
497 497 (0) 6 : 0.996 0.004
498 498 (0) 6 : 0.995 0.005
499 499 (0) 6 : 0.998 0.002
500 500 (0) 6 : 0.998 0.002
501 501 (0) 6 : 0.999 0.001
502 502 (0) 6 : 0.999 0.001
503 503 (0) 6 : 0.997 0.003
504 504 (0) 6 : 0.999 0.001
505 505 (0) 6 : 0.999 0.001
506 506 (0) 7 : 0.981 0.019
507 507 (10) 7 : 0.995 0.005
508 508 (10) 7 : 0.996 0.004
509 509 (5) 7 : 0.999 0.001
510 510 (5) 7 : 0.998 0.002
511 511 (0) 7 : 0.999 0.001
512 512 (5) 7 : 0.998 0.002
513 513 (5) 7 : 0.998 0.002
514 514 (0) 7 : 0.999 0.001
515 515 (0) 7 : 0.999 0.001
516 516 (0) 7 : 0.999 0.001
517 517 (0) 7 : 0.998 0.002
518 518 (0) 7 : 0.998 0.002
519 519 (5) 7 : 0.998 0.002
520 520 (5) 7 : 0.992 0.008
521 521 (10) 7 : 0.996 0.004
522 522 (0) 7 : 0.998 0.002
523 523 (5) 7 : 0.993 0.007
524 524 (5) 7 : 0.998 0.002
525 525 (0) 7 : 0.999 0.001
526 526 (5) 7 : 0.998 0.002
527 527 (0) 7 : 0.995 0.005
528 528 (5) 7 : 0.999 0.001
529 529 (0) 7 : 0.998 0.002
530 530 (0) 7 : 0.997 0.003
531 531 (0) 7 : 0.995 0.005
532 532 (0) 7 : 0.998 0.002
533 533 (0) 7 : 0.998 0.002
534 534 (0) 7 : 0.997 0.003
535 535 (0) 7 : 0.995 0.005
536 536 (0) 7 : 0.996 0.004
537 537 (0) 7 : 0.994 0.006
538 538 (0) 7 : 0.998 0.002
539 539 (0) 7 : 0.997 0.003
540 540 (0) 7 : 0.995 0.005
541 541 (0) 7 : 0.999 0.001
542 542 (0) 7 : 0.996 0.004
543 543 (0) 7 : 0.998 0.002
544 544 (5) 7 : 0.998 0.002
545 545 (5) 7 : 0.998 0.002
546 546 (0) 7 : 0.998 0.002
547 547 (15) 7 : 0.996 0.004
548 548 (10) 7 : 0.999 0.001
549 549 (10) 7 : 0.998 0.002
550 550 (10) 7 : 0.997 0.003
551 551 (5) 7 : 0.998 0.002
552 552 (5) 7 : 0.998 0.002
553 553 (5) 7 : 0.998 0.002
554 554 (5) 7 : 0.998 0.002
555 555 (5) 7 : 0.996 0.004
556 556 (5) 7 : 0.998 0.002
557 557 (15) 7 : 0.992 0.008
558 558 (5) 7 : 0.990 0.010
559 559 (5) 7 : 0.999 0.001
560 560 (15) 7 : 0.998 0.002
561 561 (5) 7 : 0.983 0.017
562 562 (5) 7 : 0.955 0.045
563 563 (5) 7 : 0.998 0.002
564 564 (5) 7 : 0.998 0.002
565 565 (10) 7 : 0.997 0.003
566 566 (5) 7 : 0.998 0.002
567 567 (5) 7 : 0.998 0.002
568 568 (10) 7 : 0.998 0.002
569 569 (10) 7 : 0.998 0.002
570 570 (10) 7 : 0.991 0.009
571 571 (10) 7 : 0.971 0.029
572 572 (5) 7 : 0.998 0.002
573 573 (10) 7 : 0.996 0.004
574 574 (0) 7 : 0.999 0.001
575 575 (5) 7 : 0.998 0.002
576 576 (0) 7 : 0.999 0.001
577 577 (0) 7 : 0.999 0.001
578 578 (0) 7 : 0.998 0.002
579 579 (0) 7 : 0.996 0.004
580 580 (0) 7 : 0.998 0.002
581 581 (0) 7 : 0.979 0.021
582 582 (0) 7 : 0.997 0.003
583 583 (10) 7 : 0.998 0.002
584 584 (10) 7 : 0.769 0.231
585 585 (0) 7 : 0.975 0.025
586 586 (5) 7 : 0.930 0.070
587 587 (0) 7 : 0.997 0.003
588 588 (5) 7 : 0.987 0.013
589 589 (5) 7 : 0.998 0.002
590 590 (5) 7 : 0.998 0.002
591 591 (10) 7 : 0.999 0.001
592 592 (0) 7 : 0.998 0.002
593 593 (0) 7 : 0.998 0.002
594 594 (0) 7 : 0.860 0.140
595 595 (0) 7 : 0.998 0.002
596 596 (0) 7 : 0.997 0.003
597 597 (0) 7 : 0.998 0.002
598 598 (0) 7 : 0.998 0.002
599 599 (0) 7 : 0.996 0.004
600 600 (0) 7 : 0.998 0.002
601 601 (0) 7 : 0.997 0.003
602 602 (0) 7 : 0.997 0.003
603 603 (0) 7 : 0.976 0.024
604 604 (0) 7 : 0.992 0.008
605 605 (0) 7 : 0.995 0.005
606 606 (0) 7 : 0.998 0.002
607 607 (0) 7 : 0.991 0.009
608 608 (0) 7 : 0.998 0.002
609 609 (5) 7 : 0.997 0.003
610 610 (0) 7 : 0.998 0.002
611 611 (5) 7 : 0.634 0.366
612 612 (0) 7 : 0.998 0.002
613 613 (0) 7 : 0.933 0.067
614 614 (0) 7 : 0.996 0.004
615 615 (0) 7 : 0.995 0.005
616 616 (0) 7 : 0.998 0.002
617 617 (0) 7 : 0.998 0.002
618 618 (0) 7 : 0.984 0.016
619 619 (0) 7 : 0.999 0.001
620 620 (0) 7 : 0.997 0.003
621 621 (0) 7 : 0.998 0.002
622 622 (0) 7 : 0.895 0.105
623 623 (0) 7 : 0.999 0.001
624 624 (0) 7 : 0.996 0.004
625 625 (5) 7 : 0.998 0.002
626 626 (0) 7 : 0.994 0.006
627 627 (0) 7 : 0.997 0.003
628 628 (0) 7 : 0.996 0.004
629 629 (10) 7 : 0.998 0.002
630 630 (0) 7 : 0.998 0.002
631 631 (0) 7 : 0.998 0.002
632 632 (0) 7 : 0.998 0.002
633 633 (10) 7 : 0.996 0.004
634 634 (5) 7 : 0.998 0.002
635 635 (0) 7 : 0.998 0.002
636 636 (5) 7 : 0.998 0.002
637 637 (5) 7 : 0.999 0.001
638 638 (10) 7 : 0.997 0.003
639 639 (0) 7 : 0.998 0.002
640 640 (5) 7 : 0.996 0.004
641 641 (10) 7 : 0.998 0.002
642 642 (0) 7 : 0.996 0.004
643 643 (0) 7 : 0.980 0.020
644 644 (0) 7 : 0.998 0.002
645 645 (0) 7 : 0.997 0.003
646 646 (0) 7 : 0.998 0.002
647 647 (0) 7 : 0.997 0.003
648 648 (0) 7 : 0.999 0.001
649 649 (0) 7 : 0.998 0.002
650 650 (0) 7 : 0.999 0.001
651 651 (5) 7 : 0.996 0.004
652 652 (0) 7 : 0.999 0.001
653 653 (0) 7 : 0.998 0.002
654 654 (0) 7 : 0.998 0.002
655 655 (5) 7 : 0.996 0.004
656 656 (0) 7 : 0.997 0.003
657 657 (0) 7 : 0.994 0.006
658 658 (0) 7 : 0.998 0.002
659 659 (0) 7 : 0.998 0.002
660 660 (0) 7 : 0.998 0.002
661 661 (0) 7 : 0.997 0.003
662 662 (0) 7 : 0.994 0.006
663 663 (0) 7 : 0.998 0.002
664 664 (0) 7 : 0.998 0.002
665 665 (0) 7 : 0.995 0.005
666 666 (0) 7 : 0.998 0.002
667 667 (0) 7 : 0.999 0.001
668 668 (0) 7 : 0.998 0.002
669 669 (0) 7 : 0.999 0.001
670 670 (0) 7 : 0.999 0.001
671 671 (0) 7 : 0.999 0.001
672 672 (0) 7 : 0.998 0.002
673 673 (0) 7 : 0.996 0.004
674 674 (0) 7 : 0.998 0.002
675 675 (0) 7 : 0.998 0.002
676 676 (10) 7 : 0.997 0.003
677 677 (5) 7 : 0.998 0.002
678 678 (10) 7 : 0.998 0.002
679 679 (5) 7 : 0.920 0.080
680 680 (10) 7 : 0.998 0.002
681 681 (10) 7 : 0.998 0.002
682 682 (0) 7 : 0.997 0.003
683 683 (5) 7 : 0.997 0.003
684 684 (5) 7 : 0.978 0.022
685 685 (10) 7 : 0.997 0.003
686 686 (0) 7 : 0.998 0.002
687 687 (0) 7 : 0.998 0.002
688 688 (0) 7 : 0.998 0.002
689 689 (0) 7 : 0.998 0.002
690 690 (0) 7 : 0.969 0.031
691 691 (0) 7 : 0.864 0.136
692 692 (0) 7 : 0.920 0.080
693 693 (0) 7 : 0.998 0.002
694 694 (0) 7 : 0.999 0.001
695 695 (5) 7 : 0.833 0.167
696 696 (0) 7 : 0.873 0.127
697 697 (0) 7 : 0.998 0.002
698 698 (10) 7 : 0.991 0.009
699 699 (5) 7 : 0.997 0.003
700 700 (0) 7 : 0.999 0.001
701 701 (5) 7 : 0.928 0.072
702 702 (5) 7 : 0.997 0.003
703 703 (0) 7 : 0.998 0.002
704 704 (0) 7 : 0.988 0.012
705 705 (0) 7 : 0.997 0.003
706 706 (0) 7 : 0.968 0.032
707 707 (0) 7 : 0.999 0.001
708 708 (0) 7 : 0.996 0.004
709 709 (0) 7 : 0.999 0.001
710 710 (0) 7 : 0.999 0.001
711 711 (0) 7 : 0.999 0.001
712 712 (0) 7 : 0.998 0.002
713 713 (0) 7 : 0.995 0.005
714 714 (0) 7 : 0.998 0.002
715 715 (0) 7 : 0.998 0.002
716 716 (0) 7 : 0.998 0.002
717 717 (0) 7 : 0.998 0.002
718 718 (0) 7 : 0.997 0.003
719 719 (0) 7 : 0.998 0.002
720 720 (0) 7 : 0.998 0.002
721 721 (0) 7 : 0.998 0.002
722 722 (0) 7 : 0.999 0.001
723 723 (0) 7 : 0.999 0.001
724 724 (0) 7 : 0.998 0.002
725 725 (0) 7 : 0.999 0.001
726 726 (0) 7 : 0.991 0.009
727 727 (0) 7 : 0.992 0.008
728 728 (0) 7 : 0.999 0.001
729 729 (0) 7 : 0.990 0.010
730 730 (0) 7 : 0.998 0.002
731 731 (0) 7 : 0.998 0.002
732 732 (0) 7 : 0.998 0.002
733 733 (0) 7 : 0.997 0.003
734 734 (0) 7 : 0.993 0.007
735 735 (0) 7 : 0.998 0.002
736 736 (0) 7 : 0.997 0.003
737 737 (0) 7 : 0.998 0.002
738 738 (0) 7 : 0.993 0.007
739 739 (0) 7 : 0.998 0.002
740 740 (0) 7 : 0.998 0.002
741 741 (0) 7 : 0.998 0.002
742 742 (0) 7 : 0.998 0.002
743 743 (0) 7 : 0.998 0.002
744 744 (0) 7 : 0.998 0.002
745 745 (0) 7 : 0.999 0.001
