       M1EL5  1 0.0038 0.0020 0.0022 0.0029 0.0024 0.9817 0.0051 
       W26T6  1 0.0036 0.0054 0.0058 0.0039 0.0062 0.9724 0.0025 
       W26XX  1 0.0029 0.0016 0.0022 0.0026 0.0020 0.9861 0.0026 
       M013P  1 0.0022 0.0022 0.0022 0.0020 0.0014 0.9866 0.0034 
       M1ELA  1 0.0413 0.0044 0.0094 0.0179 0.0078 0.9149 0.0043 
       M2C73  1 0.0024 0.0019 0.0020 0.0021 0.0021 0.9869 0.0027 
       W23P4  1 0.0038 0.0047 0.0056 0.0045 0.0353 0.9446 0.0015 
       W247C  1 0.0018 0.0020 0.0019 0.0016 0.0016 0.9886 0.0024 
       W24K1  1 0.0016 0.0017 0.0013 0.0012 0.0017 0.9907 0.0018 
       W24ME  1 0.0027 0.0039 0.0036 0.0028 0.0083 0.9768 0.0018 
       W2514  1 0.0026 0.0022 0.0030 0.0025 0.0037 0.9844 0.0016 
       W26MA  1 0.0026 0.0050 0.0028 0.0034 0.0047 0.9793 0.0021 
       W26MM  1 0.0013 0.0038 0.0016 0.0014 0.0018 0.9888 0.0013 
       W26MU  1 0.0014 0.0020 0.0033 0.0027 0.0027 0.9829 0.0051 
       W26P0  1 0.0015 0.0019 0.0029 0.0023 0.0021 0.9873 0.0020 
       W26P3  1 0.0016 0.0016 0.0022 0.0023 0.0013 0.9854 0.0056 
       W26T5  1 0.0014 0.0014 0.0016 0.0015 0.0016 0.9914 0.0012 
       W26TE  1 0.0090 0.0029 0.0048 0.0085 0.0033 0.9693 0.0022 
       W26TF  1 0.0079 0.0112 0.0018 0.0014 0.0016 0.9723 0.0038 
       W26U8  1 0.0056 0.0047 0.0042 0.0132 0.0075 0.9615 0.0032 
       W26UJ  1 0.0011 0.0022 0.0013 0.0014 0.0016 0.9908 0.0017 
       W26UK  1 0.0017 0.0012 0.0016 0.0015 0.0013 0.9883 0.0044 
       W26UT  1 0.0042 0.0016 0.0011 0.0015 0.0015 0.9869 0.0032 
       W26XT  1 0.0059 0.0041 0.0017 0.0031 0.0018 0.9743 0.0090 
      CC06H2  1 0.0026 0.0055 0.0025 0.0035 0.0078 0.9759 0.0022 
      CC06H4  1 0.0019 0.0043 0.0021 0.0019 0.0019 0.9853 0.0026 
      CC06H5  1 0.0097 0.0033 0.0087 0.0072 0.0161 0.9529 0.0022 
      CC06H6  1 0.0030 0.0012 0.0054 0.0079 0.0029 0.9765 0.0032 
      CC06HE  1 0.0025 0.0018 0.0021 0.0021 0.0017 0.9865 0.0034 
      CC06HF  1 0.0103 0.0055 0.0030 0.0023 0.0078 0.9628 0.0083 
      CC06HH  1 0.0033 0.0015 0.0016 0.0018 0.0019 0.9880 0.0020 
      CC06HJ  1 0.0023 0.0039 0.0073 0.0148 0.0026 0.9670 0.0021 
      CC06HL  1 0.0018 0.0016 0.0018 0.0015 0.0012 0.9905 0.0015 
      CC06HP  1 0.0030 0.0014 0.0014 0.0013 0.0014 0.9873 0.0043 
      CC06HT  1 0.0580 0.0032 0.0035 0.0060 0.0054 0.9206 0.0034 
      CC06HU  1 0.0058 0.0031 0.0200 0.0243 0.0023 0.9417 0.0029 
      CC06HY  1 0.0031 0.0034 0.0028 0.0038 0.0051 0.9797 0.0020 
      CC06J0  1 0.0021 0.0053 0.0027 0.0015 0.0027 0.9841 0.0016 
      CC06J1  1 0.0026 0.0040 0.0063 0.0067 0.0044 0.9740 0.0020 
      CC06J2  1 0.0052 0.0028 0.0027 0.0025 0.0020 0.9807 0.0042 
     CT.0YCY  1 0.0025 0.0021 0.0023 0.0030 0.0023 0.9860 0.0020 
     CT.0YEC  1 0.0016 0.0013 0.0013 0.0014 0.0013 0.9910 0.0022 
     CT.0YEF  1 0.0018 0.0016 0.0027 0.0018 0.0026 0.9874 0.0022 
     CT.0YEU  1 0.0013 0.0012 0.0014 0.0015 0.0015 0.9918 0.0013 
     CT.0YF2  1 0.0021 0.0038 0.0037 0.0046 0.0044 0.9790 0.0024 
     CT.0YF8  1 0.0030 0.0010 0.0021 0.0015 0.0015 0.9869 0.0040 
     CT.0YFA  1 0.0026 0.0012 0.0038 0.0026 0.0038 0.9826 0.0035 
     CT.0YFE  1 0.0043 0.0019 0.0032 0.0026 0.0031 0.9792 0.0057 
     CT.0YFP  1 0.0021 0.0062 0.0067 0.0019 0.0083 0.9734 0.0015 
     CT.0YFU  1 0.0020 0.0018 0.0020 0.0021 0.0026 0.9867 0.0027 
     CT.0YK7  1 0.0025 0.0037 0.0017 0.0017 0.0033 0.9851 0.0019 
     CX.10PT  1 0.0059 0.0171 0.0033 0.0028 0.0078 0.9558 0.0072 
      DAM021  1 0.0033 0.0018 0.0019 0.0020 0.0037 0.9805 0.0068 
      DAM034  1 0.0019 0.0012 0.0028 0.0044 0.0032 0.9838 0.0028 
      DAM07X  1 0.0019 0.0015 0.0023 0.0022 0.0029 0.9873 0.0020 
     EF.15J6  1 0.0019 0.0017 0.0019 0.0035 0.0017 0.9865 0.0028 
      HRV010  1 0.0019 0.0032 0.0035 0.0065 0.0018 0.9812 0.0019 
      HRV02J  1 0.0025 0.0022 0.0026 0.0040 0.0030 0.9821 0.0037 
      HRV078  1 0.0024 0.0026 0.0022 0.0015 0.0028 0.9839 0.0046 
      HRV0FH  1 0.0013 0.0017 0.0023 0.0019 0.0024 0.9891 0.0014 
      HRV0H5  1 0.0029 0.0021 0.0019 0.0025 0.0028 0.9845 0.0033 
      HRV0JF  1 0.0020 0.0017 0.0053 0.0021 0.0047 0.9821 0.0021 
      HRV0JJ  1 0.0023 0.0020 0.0037 0.0028 0.0036 0.9841 0.0016 
      HRV0JM  1 0.0033 0.0015 0.0020 0.0020 0.0025 0.9864 0.0022 
      HRV0K6  1 0.0034 0.0113 0.0089 0.0090 0.0058 0.9602 0.0015 
      HRV0K7  1 0.0040 0.0017 0.0048 0.0039 0.0017 0.9802 0.0036 
      HRV0KP  1 0.0027 0.0077 0.0039 0.0060 0.0030 0.9663 0.0105 
      HRV1AX  1 0.0032 0.0024 0.0030 0.0042 0.0057 0.9743 0.0073 
      HRV1C4  1 0.0018 0.0013 0.0022 0.0018 0.0054 0.9862 0.0012 
      HRV1CH  1 0.0016 0.0020 0.0020 0.0039 0.0032 0.9841 0.0032 
      HRV1FA  1 0.0080 0.0025 0.0039 0.0071 0.0034 0.9706 0.0045 
      HRV1FK  1 0.0028 0.0048 0.0027 0.0022 0.0026 0.9833 0.0015 
      HRV1H8  1 0.0083 0.0016 0.0020 0.0023 0.0021 0.9815 0.0022 
      HRV1HT  1 0.0026 0.0034 0.0031 0.0040 0.0039 0.9800 0.0029 
      HRV1XU  1 0.0044 0.0109 0.0021 0.0014 0.0026 0.9762 0.0023 
      HRV4TF  1 0.0039 0.0021 0.0021 0.0025 0.0015 0.7824 0.2055 
      HRV6F0  1 0.0023 0.0027 0.0020 0.0017 0.0021 0.9512 0.0380 
      HRVE6L  1 0.0073 0.0040 0.0046 0.0031 0.0031 0.9292 0.0487 
       M27HM  1 0.0052 0.0016 0.0049 0.0028 0.0061 0.9747 0.0047 
       M27HP  1 0.0015 0.0016 0.0016 0.0017 0.0017 0.9896 0.0023 
       M2AK4  1 0.0015 0.0018 0.0016 0.0014 0.0017 0.9900 0.0020 
       M2ALA  1 0.0015 0.0017 0.0014 0.0014 0.0016 0.9912 0.0012 
       M2C56  1 0.0020 0.0022 0.0020 0.0042 0.0028 0.9727 0.0142 
       M2CUX  1 0.0025 0.0086 0.0047 0.0073 0.0087 0.9667 0.0016 
       M2E24  1 0.0017 0.0015 0.0016 0.0021 0.0017 0.9902 0.0012 
       M2EA7  1 0.0021 0.0021 0.0015 0.0017 0.0021 0.9889 0.0017 
       M2EH6  1 0.0016 0.0017 0.0023 0.0030 0.0019 0.9873 0.0020 
       M2EKC  1 0.0102 0.0040 0.0136 0.0054 0.0037 0.8487 0.1144 
      MSV083  1 0.0029 0.0130 0.0048 0.0091 0.0021 0.9618 0.0063 
      MSV084  1 0.0030 0.0018 0.0038 0.0047 0.0032 0.9776 0.0059 
      MSV0LJ  1 0.0029 0.0023 0.0025 0.0022 0.0027 0.9835 0.0040 
      MSV1H5  1 0.0029 0.0019 0.0061 0.0087 0.0035 0.9745 0.0024 
      MSV1KM  1 0.0017 0.0015 0.0014 0.0017 0.0017 0.9898 0.0023 
      MSV23F  1 0.0060 0.0061 0.0024 0.0029 0.0022 0.9661 0.0143 
      MSV2L8  1 0.0018 0.0023 0.0019 0.0015 0.0021 0.9871 0.0033 
      MSV2P7  1 0.0015 0.0019 0.0014 0.0014 0.0020 0.9905 0.0013 
      MSV2TJ  1 0.0013 0.0012 0.0030 0.0040 0.0041 0.9800 0.0063 
      MSV2XM  1 0.0054 0.0033 0.0023 0.0028 0.0027 0.9813 0.0022 
      MSV327  1 0.0016 0.0025 0.0028 0.0023 0.0019 0.9872 0.0017 
      MSV33L  1 0.0014 0.0014 0.0015 0.0020 0.0015 0.9903 0.0018 
        h001  2 0.0032 0.0052 0.0028 0.0041 0.0070 0.9740 0.0037 
        h002  2 0.0020 0.0016 0.0022 0.0019 0.0020 0.9886 0.0016 
        h003  2 0.0043 0.0156 0.0154 0.0176 0.0029 0.9379 0.0064 
        h004  2 0.0022 0.0015 0.0022 0.0021 0.0023 0.9853 0.0044 
        h005  2 0.0010 0.0021 0.0014 0.0013 0.0016 0.9911 0.0015 
        h006  2 0.0020 0.0024 0.0017 0.0034 0.0043 0.9773 0.0089 
        h007  2 0.0022 0.0032 0.0015 0.0019 0.0018 0.9876 0.0019 
        h008  2 0.0032 0.0052 0.0036 0.0050 0.0044 0.9595 0.0192 
        h009  2 0.0047 0.0016 0.0058 0.0064 0.0037 0.9755 0.0023 
        h010  2 0.0138 0.0050 0.0021 0.0026 0.0019 0.9598 0.0148 
        h011  2 0.0025 0.0025 0.0019 0.0027 0.0031 0.9843 0.0030 
        h012  2 0.0079 0.0046 0.0025 0.0032 0.0033 0.9743 0.0042 
        h013  2 0.0015 0.0019 0.0016 0.0017 0.0020 0.9895 0.0017 
        h014  2 0.0023 0.0017 0.0026 0.0052 0.0021 0.9516 0.0345 
        h015  2 0.0037 0.0036 0.0017 0.0018 0.0017 0.9856 0.0020 
        h016  2 0.0023 0.0014 0.0053 0.0044 0.0021 0.9826 0.0019 
        h017  2 0.0880 0.0083 0.0450 0.0203 0.0106 0.8192 0.0086 
        h018  2 0.0014 0.0025 0.0021 0.0020 0.0020 0.9877 0.0023 
        h019  2 0.0052 0.0025 0.0023 0.0021 0.0030 0.9828 0.0021 
        h020  2 0.0028 0.0025 0.0044 0.0045 0.0045 0.9765 0.0049 
        h021  2 0.0025 0.0039 0.0025 0.0027 0.0057 0.9804 0.0023 
        h022  2 0.0095 0.0033 0.0287 0.0598 0.0137 0.8735 0.0114 
        h023  2 0.0072 0.0066 0.0064 0.0064 0.0043 0.9652 0.0040 
        h024  2 0.0021 0.0018 0.0025 0.0026 0.0014 0.9814 0.0082 
        h025  2 0.0013 0.0021 0.0013 0.0018 0.0016 0.9899 0.0020 
        h026  2 0.0039 0.0027 0.0037 0.0027 0.0032 0.9730 0.0107 
        h027  2 0.0013 0.0019 0.0013 0.0013 0.0019 0.9911 0.0011 
        h028  2 0.0020 0.0013 0.0016 0.0021 0.0016 0.9892 0.0022 
        h029  2 0.0022 0.0023 0.0029 0.0034 0.0064 0.9809 0.0020 
        h030  2 0.0014 0.0015 0.0020 0.0024 0.0017 0.9889 0.0020 
        h031  2 0.0015 0.0038 0.0020 0.0029 0.0023 0.9857 0.0018 
        h032  2 0.0013 0.0023 0.0017 0.0018 0.0028 0.9887 0.0014 
        h033  2 0.0034 0.0042 0.0019 0.0034 0.0033 0.9824 0.0014 
        h034  2 0.0014 0.0100 0.0019 0.0014 0.0022 0.9813 0.0017 
        h035  2 0.0023 0.0022 0.0023 0.0041 0.0027 0.9825 0.0039 
        h036  2 0.0027 0.0029 0.0026 0.0024 0.0032 0.9826 0.0037 
        h037  2 0.0016 0.0032 0.0048 0.0050 0.0018 0.9809 0.0027 
        h038  2 0.0084 0.0116 0.0043 0.0095 0.0249 0.9205 0.0208 
        h039  2 0.0027 0.0021 0.0045 0.0041 0.0035 0.9808 0.0023 
        h040  2 0.0028 0.0025 0.0026 0.0037 0.0021 0.9844 0.0019 
        h041  2 0.0020 0.0012 0.0015 0.0018 0.0015 0.9903 0.0017 
        h042  2 0.0033 0.0237 0.0103 0.0175 0.0148 0.9281 0.0024 
        h043  2 0.0015 0.0022 0.0015 0.0014 0.0015 0.9900 0.0020 
        h044  2 0.0017 0.0014 0.0014 0.0017 0.0014 0.9909 0.0014 
        h045  2 0.0016 0.0030 0.0012 0.0015 0.0017 0.9880 0.0031 
        h046  2 0.0016 0.0011 0.0014 0.0016 0.0016 0.9914 0.0012 
        h047  2 0.0018 0.0018 0.0019 0.0017 0.0022 0.9878 0.0028 
        h048  2 0.0033 0.0025 0.0018 0.0024 0.0019 0.9842 0.0040 
        h049  2 0.0027 0.0027 0.0045 0.0035 0.0030 0.9805 0.0031 
        h050  2 0.0039 0.0015 0.0020 0.0019 0.0015 0.9860 0.0033 
        h051  2 0.0022 0.0016 0.0017 0.0021 0.0021 0.9883 0.0020 
        h052  2 0.0041 0.0033 0.0022 0.0023 0.0028 0.9810 0.0043 
        h053  2 0.0194 0.0016 0.0027 0.0094 0.0040 0.9608 0.0020 
        h054  2 0.0032 0.0012 0.0018 0.0020 0.0016 0.9878 0.0024 
        h055  2 0.0027 0.0020 0.0065 0.0054 0.0036 0.9774 0.0024 
        h056  2 0.0057 0.0031 0.0025 0.0032 0.0032 0.9779 0.0044 
        h057  2 0.0014 0.0018 0.0012 0.0012 0.0015 0.9916 0.0014 
        h058  2 0.0043 0.0064 0.0061 0.0162 0.0302 0.9268 0.0099 
        h059  2 0.0023 0.0051 0.0039 0.0058 0.0025 0.9780 0.0024 
        h060  2 0.0014 0.0013 0.0016 0.0013 0.0012 0.9921 0.0011 
        h061  2 0.0016 0.0048 0.0017 0.0017 0.0046 0.9819 0.0036 
        h062  2 0.0018 0.0013 0.0019 0.0018 0.0018 0.9860 0.0053 
        h063  2 0.0024 0.0021 0.0020 0.0023 0.0038 0.9862 0.0011 
        h064  2 0.0020 0.0036 0.0024 0.0045 0.0017 0.9845 0.0013 
        h065  2 0.0047 0.0014 0.0027 0.0017 0.0038 0.9832 0.0024 
        h066  2 0.0121 0.0030 0.0063 0.0048 0.0063 0.9596 0.0078 
        h067  2 0.0034 0.0050 0.0013 0.0017 0.0027 0.9840 0.0019 
        h068  2 0.0018 0.0018 0.0020 0.0017 0.0037 0.9836 0.0054 
        h069  2 0.0040 0.0018 0.0026 0.0027 0.0014 0.9790 0.0086 
        h070  2 0.0024 0.0044 0.0044 0.0027 0.0024 0.9812 0.0025 
        h071  2 0.0015 0.0054 0.0017 0.0014 0.0027 0.9859 0.0014 
        h072  2 0.0019 0.0013 0.0026 0.0037 0.0022 0.9855 0.0028 
        h073  2 0.0025 0.0017 0.0015 0.0016 0.0018 0.9894 0.0015 
        h074  2 0.0025 0.0022 0.0020 0.0023 0.0023 0.9614 0.0274 
        h075  2 0.0028 0.0030 0.0030 0.0031 0.0031 0.9834 0.0016 
        h076  2 0.0025 0.0152 0.0029 0.0027 0.0030 0.9710 0.0026 
        h077  2 0.0015 0.0015 0.0015 0.0015 0.0013 0.9911 0.0016 
        h078  2 0.0018 0.0047 0.0025 0.0026 0.0018 0.9842 0.0024 
        h079  2 0.0019 0.0016 0.0017 0.0019 0.0022 0.9836 0.0071 
        h080  2 0.0039 0.0024 0.0042 0.0035 0.0041 0.9798 0.0022 
        h081  2 0.0025 0.0018 0.0021 0.0023 0.0015 0.9880 0.0018 
        h082  2 0.0012 0.0015 0.0014 0.0015 0.0025 0.9853 0.0066 
        h083  2 0.0041 0.0042 0.0033 0.0030 0.0034 0.9518 0.0303 
        h084  2 0.0037 0.0144 0.0048 0.0041 0.0083 0.9624 0.0022 
        h085  2 0.0015 0.0027 0.0026 0.0018 0.0022 0.9873 0.0019 
        h086  2 0.0101 0.0167 0.0080 0.0095 0.0044 0.9227 0.0287 
        h087  2 0.0016 0.0013 0.0018 0.0018 0.0026 0.9894 0.0014 
        h088  2 0.0019 0.0015 0.0022 0.0028 0.0025 0.9872 0.0019 
        h089  2 0.0022 0.0020 0.0020 0.0019 0.0018 0.9873 0.0028 
        h090  2 0.0028 0.0014 0.0039 0.0023 0.0025 0.9853 0.0017 
        h091  2 0.0142 0.0025 0.0126 0.0110 0.0330 0.9230 0.0036 
        h092  2 0.0015 0.0016 0.0018 0.0019 0.0015 0.9892 0.0026 
        h093  2 0.0081 0.0016 0.0043 0.0037 0.0031 0.9765 0.0027 
        h094  2 0.0031 0.0018 0.0014 0.0015 0.0014 0.9891 0.0017 
        h095  2 0.0029 0.0034 0.0083 0.0170 0.0054 0.9610 0.0020 
        h096  2 0.0021 0.0087 0.0050 0.0035 0.0014 0.9773 0.0020 
        h097  2 0.0026 0.0019 0.0016 0.0021 0.0019 0.9879 0.0020 
        h098  2 0.0022 0.0045 0.0016 0.0020 0.0029 0.9851 0.0016 
        h099  2 0.0023 0.0022 0.0034 0.0019 0.0021 0.9869 0.0013 
        h100  2 0.0040 0.0016 0.0033 0.0033 0.0029 0.9795 0.0054 
        h101  2 0.0070 0.0038 0.0083 0.0038 0.0032 0.9691 0.0047 
        h102  2 0.0017 0.0016 0.0026 0.0022 0.0024 0.9877 0.0017 
        h103  2 0.0029 0.0066 0.0035 0.0023 0.0039 0.9785 0.0025 
        h104  2 0.0018 0.0025 0.0021 0.0020 0.0029 0.9859 0.0028 
        h105  2 0.0038 0.0018 0.0033 0.0014 0.0022 0.9847 0.0028 
        h106  2 0.0058 0.0015 0.0034 0.0040 0.0028 0.9623 0.0202 
        h107  2 0.0011 0.0015 0.0011 0.0011 0.0014 0.9926 0.0013 
        h108  2 0.0058 0.0038 0.0248 0.0078 0.0249 0.9316 0.0013 
        h109  2 0.0011 0.0013 0.0019 0.0016 0.0013 0.9913 0.0015 
        h110  2 0.0316 0.0026 0.0045 0.0027 0.0079 0.9395 0.0112 
        h111  2 0.0016 0.0022 0.0028 0.0016 0.0015 0.9884 0.0019 
        h112  2 0.0113 0.0028 0.0035 0.0035 0.0116 0.9647 0.0026 
        h113  2 0.0019 0.0030 0.0030 0.0030 0.0024 0.9838 0.0028 
        h114  2 0.0012 0.0026 0.0017 0.0015 0.0024 0.9895 0.0012 
        h115  2 0.0013 0.0022 0.0013 0.0014 0.0024 0.9803 0.0110 
        h116  2 0.0021 0.0012 0.0027 0.0038 0.0015 0.9856 0.0032 
        h117  2 0.0038 0.0037 0.0060 0.0067 0.0041 0.9719 0.0038 
        h118  2 0.0040 0.0036 0.0022 0.0026 0.0026 0.9828 0.0023 
        h119  2 0.0027 0.0034 0.0030 0.0023 0.0097 0.9769 0.0020 
        h120  2 0.0064 0.0015 0.0031 0.0026 0.0046 0.9774 0.0045 
        h121  2 0.0035 0.0013 0.0032 0.0079 0.0029 0.9718 0.0093 
        h122  2 0.0263 0.0493 0.0113 0.0157 0.0098 0.8850 0.0026 
        h123  2 0.0018 0.0024 0.0019 0.0014 0.0026 0.9884 0.0014 
        h124  2 0.0018 0.0023 0.0016 0.0019 0.0015 0.9889 0.0020 
        h125  2 0.0022 0.0016 0.0017 0.0025 0.0016 0.9880 0.0022 
        h126  2 0.0028 0.0094 0.0027 0.0032 0.0039 0.9735 0.0045 
        h127  2 0.0024 0.0035 0.0025 0.0021 0.0035 0.9834 0.0026 
        h128  2 0.0025 0.0013 0.0011 0.0012 0.0010 0.9917 0.0012 
        h129  2 0.0021 0.0014 0.0014 0.0017 0.0014 0.9897 0.0023 
        h130  2 0.0016 0.0032 0.0021 0.0027 0.0025 0.9849 0.0030 
        h131  2 0.0016 0.0019 0.0022 0.0026 0.0044 0.9844 0.0029 
        h132  2 0.0013 0.0012 0.0015 0.0015 0.0015 0.9894 0.0036 
        h133  2 0.0050 0.0048 0.0052 0.0043 0.0047 0.9611 0.0149 
        h134  2 0.0018 0.0015 0.0016 0.0022 0.0020 0.9892 0.0016 
        h135  2 0.0023 0.0022 0.0022 0.0018 0.0026 0.9864 0.0026 
        h136  2 0.0018 0.0030 0.0035 0.0039 0.0044 0.9812 0.0022 
        h137  2 0.0022 0.0022 0.0026 0.0022 0.0038 0.9844 0.0026 
        h138  2 0.0104 0.0021 0.0044 0.0042 0.0085 0.9682 0.0022 
        h139  2 0.0011 0.0027 0.0018 0.0017 0.0016 0.9893 0.0017 
        h140  2 0.0015 0.0042 0.0017 0.0017 0.0021 0.9873 0.0015 
        h141  2 0.0045 0.0221 0.0135 0.0074 0.0295 0.9210 0.0021 
        h142  2 0.0015 0.0017 0.0032 0.0029 0.0032 0.9853 0.0021 
        h143  2 0.0025 0.0019 0.0019 0.0024 0.0030 0.9860 0.0024 
        h144  2 0.0179 0.0050 0.0101 0.0355 0.0061 0.9211 0.0043 
        h145  2 0.0014 0.0010 0.0019 0.0024 0.0017 0.9890 0.0026 
        h146  2 0.0037 0.0026 0.0026 0.0039 0.0026 0.9806 0.0039 
        h147  2 0.0092 0.0033 0.0019 0.0024 0.0025 0.9785 0.0023 
        h148  2 0.0035 0.0019 0.0020 0.0026 0.0031 0.9844 0.0025 
        h149  2 0.0015 0.0034 0.0021 0.0022 0.0038 0.9851 0.0020 
        h150  2 0.0026 0.0013 0.0018 0.0024 0.0015 0.9878 0.0025 
        h151  2 0.0021 0.0023 0.0027 0.0023 0.0031 0.9853 0.0022 
        h152  2 0.0026 0.0019 0.0014 0.0018 0.0032 0.9867 0.0023 
        h153  2 0.0044 0.0038 0.0064 0.0147 0.0040 0.9623 0.0043 
        h154  2 0.0019 0.0023 0.0015 0.0018 0.0014 0.9889 0.0023 
        h155  2 0.0015 0.0021 0.0021 0.0024 0.0020 0.9883 0.0016 
        h156  2 0.0016 0.0015 0.0020 0.0019 0.0015 0.9890 0.0026 
        h157  2 0.0013 0.0018 0.0022 0.0018 0.0014 0.9891 0.0024 
        h158  2 0.0020 0.0027 0.0020 0.0023 0.0034 0.9856 0.0021 
        h159  2 0.0093 0.0011 0.0051 0.0053 0.0040 0.9739 0.0012 
        h160  2 0.0019 0.0074 0.0024 0.0025 0.0022 0.9823 0.0013 
        h161  2 0.0042 0.0036 0.0045 0.0075 0.0052 0.9716 0.0033 
        h162  2 0.0077 0.0017 0.0021 0.0028 0.0042 0.9786 0.0030 
        h163  2 0.0051 0.0031 0.0033 0.0067 0.0040 0.9738 0.0040 
        h164  2 0.0023 0.0037 0.0026 0.0022 0.0058 0.9788 0.0046 
        h165  2 0.0087 0.0038 0.0022 0.0030 0.0032 0.8863 0.0929 
        h166  2 0.0017 0.0015 0.0024 0.0013 0.0038 0.9865 0.0028 
        h167  2 0.0020 0.0062 0.0017 0.0019 0.0029 0.9838 0.0014 
        h168  2 0.0044 0.0027 0.0025 0.0019 0.0021 0.9812 0.0053 
        h169  2 0.0041 0.0016 0.0024 0.0034 0.0021 0.9822 0.0043 
        h170  2 0.0053 0.0030 0.0050 0.0035 0.0046 0.9762 0.0025 
        h171  2 0.0036 0.0030 0.0029 0.0024 0.0058 0.9811 0.0011 
        h172  2 0.0037 0.0016 0.0033 0.0047 0.0046 0.9793 0.0028 
        h173  2 0.0022 0.0106 0.0031 0.0033 0.0065 0.9727 0.0016 
        h174  2 0.0193 0.0022 0.0073 0.0138 0.0042 0.9362 0.0170 
        h175  2 0.0016 0.0016 0.0014 0.0020 0.0024 0.9881 0.0029 
        h176  2 0.0070 0.0020 0.0065 0.0113 0.0085 0.9566 0.0080 
        h177  2 0.0046 0.0018 0.0051 0.0023 0.0091 0.9752 0.0019 
        h178  2 0.0013 0.0027 0.0027 0.0021 0.0042 0.9593 0.0278 
        h179  2 0.0026 0.0015 0.0047 0.0059 0.0035 0.9663 0.0155 
        h180  2 0.0029 0.0023 0.0016 0.0020 0.0020 0.9874 0.0017 
        h181  2 0.0036 0.0015 0.0038 0.0049 0.0023 0.9755 0.0083 
        h182  2 0.0031 0.0021 0.0022 0.0018 0.0016 0.9877 0.0014 
        h183  2 0.0017 0.0018 0.0018 0.0016 0.0027 0.9868 0.0037 
        h184  2 0.0040 0.0020 0.0032 0.0047 0.0026 0.9774 0.0061 
        h185  2 0.0017 0.0025 0.0023 0.0016 0.0027 0.9861 0.0033 
        h186  2 0.0046 0.0015 0.0026 0.0019 0.0026 0.9848 0.0019 
        h187  2 0.0027 0.0025 0.0051 0.0035 0.0024 0.9731 0.0107 
        h188  2 0.0028 0.0033 0.0024 0.0025 0.0035 0.9837 0.0017 
        h189  2 0.0024 0.0027 0.0020 0.0024 0.0021 0.9870 0.0014 
        h190  2 0.0016 0.0029 0.0024 0.0028 0.0032 0.9843 0.0029 
        h191  2 0.0016 0.0018 0.0193 0.0073 0.0019 0.9658 0.0023 
        h192  2 0.0028 0.0020 0.0045 0.0034 0.0040 0.9810 0.0024 
        h193  2 0.0052 0.0056 0.0029 0.0079 0.0032 0.9730 0.0022 
        h194  2 0.0018 0.0027 0.0028 0.0018 0.0026 0.9858 0.0024 
        h195  2 0.0022 0.0021 0.0019 0.0018 0.0028 0.9875 0.0018 
        h196  2 0.0017 0.0045 0.0016 0.0013 0.0030 0.9870 0.0010 
        h197  2 0.0024 0.0018 0.0020 0.0018 0.0020 0.9882 0.0017 
        h198  2 0.0020 0.0016 0.0014 0.0020 0.0016 0.9895 0.0019 
        h199  2 0.0045 0.0018 0.0016 0.0016 0.0016 0.9866 0.0023 
        h200  2 0.0013 0.0019 0.0019 0.0012 0.0016 0.9907 0.0014 
        h201  2 0.0029 0.0028 0.0020 0.0023 0.0025 0.9844 0.0031 
        h202  2 0.0033 0.0020 0.0025 0.0021 0.0029 0.9837 0.0036 
        h203  2 0.0016 0.0024 0.0031 0.0016 0.0019 0.9881 0.0013 
        h204  2 0.0016 0.0018 0.0018 0.0014 0.0020 0.9898 0.0015 
        h205  2 0.0030 0.0040 0.0025 0.0026 0.0028 0.9818 0.0033 
        h206  2 0.0031 0.0020 0.0021 0.0029 0.0025 0.9831 0.0042 
        h207  2 0.0016 0.0018 0.0024 0.0019 0.0019 0.9885 0.0019 
        h208  2 0.0019 0.0018 0.0024 0.0026 0.0018 0.9877 0.0017 
        h209  2 0.0035 0.0019 0.0048 0.0028 0.0049 0.9773 0.0048 
        h210  2 0.0042 0.0042 0.0027 0.0020 0.0039 0.9789 0.0041 
        h211  2 0.0021 0.0023 0.0027 0.0023 0.0027 0.9860 0.0019 
        h212  2 0.0019 0.0017 0.0013 0.0020 0.0015 0.9899 0.0017 
        h213  2 0.0024 0.0042 0.0018 0.0017 0.0019 0.9842 0.0038 
        h214  2 0.0024 0.0027 0.0035 0.0034 0.0027 0.9835 0.0018 
        h215  2 0.0028 0.0032 0.0026 0.0025 0.0031 0.9816 0.0044 
        h216  2 0.0017 0.0023 0.0020 0.0018 0.0028 0.9839 0.0054 
        h217  2 0.0021 0.0030 0.0019 0.0019 0.0020 0.9871 0.0020 
        h218  2 0.0017 0.0078 0.0020 0.0029 0.0018 0.9715 0.0123 
        h219  2 0.0060 0.0017 0.0086 0.0103 0.0102 0.9602 0.0030 
        h220  2 0.0033 0.0018 0.0015 0.0019 0.0027 0.9871 0.0017 
        h221  2 0.0015 0.0033 0.0016 0.0017 0.0021 0.9885 0.0014 
        h222  2 0.0014 0.0014 0.0019 0.0022 0.0018 0.9893 0.0019 
        h223  2 0.0085 0.0031 0.0032 0.0031 0.0039 0.9759 0.0023 
        h224  2 0.0029 0.0149 0.0021 0.0018 0.0027 0.9612 0.0145 
        h225  2 0.0030 0.0142 0.0056 0.0034 0.0045 0.9665 0.0028 
        h226  2 0.0018 0.0028 0.0026 0.0026 0.0025 0.9857 0.0021 
        h227  2 0.0081 0.0037 0.0098 0.0139 0.0108 0.9479 0.0059 
        h228  2 0.0069 0.0019 0.0040 0.0047 0.0099 0.9709 0.0017 
        h229  2 0.0061 0.0052 0.0052 0.0041 0.0036 0.9672 0.0085 
        h230  2 0.0020 0.0105 0.0015 0.0033 0.0032 0.9777 0.0018 
        h231  2 0.0012 0.0012 0.0016 0.0020 0.0011 0.9855 0.0073 
        h232  2 0.0015 0.0017 0.0018 0.0015 0.0026 0.9886 0.0022 
        h233  2 0.0024 0.0091 0.0035 0.0023 0.0062 0.9742 0.0023 
        h234  2 0.0025 0.0015 0.0048 0.0032 0.0022 0.9557 0.0300 
        h235  2 0.0075 0.0019 0.0045 0.0028 0.0022 0.9785 0.0026 
        h236  2 0.0027 0.0011 0.0038 0.0050 0.0018 0.9797 0.0058 
        h237  2 0.0023 0.0036 0.0037 0.0042 0.0068 0.9774 0.0019 
        h238  2 0.0040 0.0074 0.0043 0.0078 0.0044 0.9627 0.0094 
        h239  2 0.0013 0.0017 0.0017 0.0023 0.0036 0.9877 0.0017 
        h240  2 0.0014 0.0148 0.0023 0.0019 0.0022 0.9758 0.0015 
        h241  2 0.0364 0.0014 0.0026 0.0039 0.0026 0.9507 0.0024 
        h242  2 0.0018 0.0015 0.0013 0.0014 0.0017 0.9906 0.0016 
        h243  2 0.0018 0.0012 0.0013 0.0012 0.0012 0.9911 0.0023 
        h244  2 0.0019 0.0045 0.0031 0.0023 0.0028 0.9833 0.0021 
        h245  2 0.0018 0.0020 0.0017 0.0023 0.0028 0.9870 0.0024 
        h246  2 0.0045 0.0016 0.0020 0.0038 0.0022 0.9825 0.0033 
        h247  2 0.0057 0.0015 0.0022 0.0016 0.0013 0.9860 0.0017 
        h248  2 0.0103 0.0177 0.0037 0.0088 0.0059 0.9477 0.0061 
        h249  2 0.0019 0.0022 0.0020 0.0017 0.0018 0.9885 0.0019 
        h250  2 0.0028 0.0020 0.0078 0.0034 0.0037 0.9765 0.0038 
      MSV1TX  3 0.0030 0.0033 0.0037 0.0047 0.4058 0.5773 0.0021 
      MSV025  3 0.0109 0.0136 0.0046 0.0281 0.6122 0.3265 0.0040 
      MSV02C  3 0.0079 0.0075 0.0033 0.0025 0.4842 0.4855 0.0091 
      MSV02E  3 0.1414 0.0055 0.0030 0.0050 0.4525 0.3900 0.0025 
      MSV0TF  3 0.0043 0.0068 0.0039 0.0077 0.5978 0.3784 0.0011 
       M2EL8  3 0.0079 0.0238 0.0025 0.0040 0.6750 0.2814 0.0054 
      MSV21T  4 0.0077 0.0019 0.0092 0.0023 0.9401 0.0096 0.0292 
       M2E71  4 0.1130 0.0025 0.0094 0.0106 0.7617 0.0996 0.0032 
       W23CA  5 0.0132 0.0022 0.0943 0.0160 0.8600 0.0036 0.0107 
     AP.085Y  5 0.0052 0.0066 0.0126 0.0056 0.9485 0.0038 0.0177 
     CH.0LLY  5 0.0041 0.0036 0.5099 0.0052 0.1163 0.3433 0.0177 
       M0LEC  5 0.0021 0.0015 0.0431 0.0105 0.9389 0.0017 0.0021 
       M2C3H  5 0.0178 0.0056 0.1673 0.0087 0.7328 0.0458 0.0220 
       M2CHL  5 0.0217 0.0054 0.3149 0.0081 0.2190 0.3879 0.0430 
       W26P7  5 0.0110 0.0020 0.0154 0.0038 0.9484 0.0106 0.0088 
     AP.07M5  5 0.0071 0.0664 0.0092 0.0043 0.9057 0.0053 0.0019 
     AP.080U  5 0.0053 0.0017 0.0050 0.0036 0.9643 0.0076 0.0125 
     AP.082A  5 0.0029 0.0039 0.0048 0.0029 0.9818 0.0019 0.0018 
     AP.0843  5 0.0018 0.0035 0.0748 0.0519 0.8525 0.0123 0.0032 
     AP.0844  5 0.0047 0.0017 0.0182 0.0084 0.8501 0.0945 0.0223 
     AP.084X  5 0.0029 0.0031 0.0083 0.0026 0.9783 0.0033 0.0015 
     AP.086Y  5 0.0296 0.0028 0.0208 0.0027 0.9211 0.0197 0.0032 
     AP.0870  5 0.0703 0.0021 0.0238 0.0058 0.8407 0.0072 0.0502 
     AP.0878  5 0.0389 0.0025 0.0843 0.0088 0.8123 0.0281 0.0251 
     AP.087F  5 0.0031 0.0020 0.2314 0.0056 0.6887 0.0601 0.0092 
     AP.087Y  5 0.0114 0.0032 0.2143 0.0054 0.4130 0.3356 0.0172 
     AP.088P  5 0.0048 0.0046 0.0072 0.0039 0.9720 0.0052 0.0024 
     AP.08AK  5 0.0026 0.0305 0.0031 0.0028 0.9498 0.0096 0.0014 
     CH.0LLM  5 0.0079 0.0027 0.0069 0.0026 0.9162 0.0130 0.0506 
     CH.0LLU  5 0.0050 0.0029 0.0220 0.0112 0.7645 0.1379 0.0566 
     CH.0LM0  5 0.0021 0.0092 0.0884 0.0184 0.8458 0.0312 0.0050 
     CH.0LM3  5 0.0027 0.0052 0.0058 0.0058 0.9693 0.0095 0.0017 
       W26MY  5 0.0158 0.0287 0.0091 0.0025 0.7618 0.1656 0.0165 
       W26P6  5 0.0027 0.0034 0.0138 0.0049 0.8942 0.0794 0.0016 
      HRV07U  5 0.0102 0.0023 0.0445 0.0169 0.8390 0.0090 0.0780 
      HRV1CT  5 0.0034 0.0034 0.0035 0.0037 0.9798 0.0024 0.0039 
      HRV1CU  5 0.0033 0.0037 0.0028 0.0025 0.9835 0.0014 0.0028 
      HRV1E6  5 0.0039 0.0027 0.0073 0.0027 0.9787 0.0026 0.0021 
      HRV081  5 0.0020 0.0065 0.0027 0.0023 0.9842 0.0012 0.0012 
      HRV1E3  5 0.0023 0.0018 0.0098 0.0076 0.9674 0.0067 0.0043 
      MSV21E  5 0.0088 0.0232 0.0032 0.0024 0.9348 0.0237 0.0039 
      MSV216  5 0.3598 0.0072 0.0069 0.0022 0.6133 0.0022 0.0084 
       M0TYK  5 0.0062 0.0029 0.0052 0.0033 0.9640 0.0154 0.0030 
      MSV2AA  5 0.0034 0.0023 0.0033 0.0020 0.9384 0.0481 0.0026 
     CK.0PET  5 0.0170 0.0151 0.0066 0.0064 0.7832 0.1606 0.0110 
       M2E8C  5 0.0026 0.0030 0.0022 0.0025 0.9844 0.0022 0.0029 
      MSV23X  5 0.0149 0.0157 0.0028 0.0021 0.9372 0.0240 0.0032 
      MSV32A  5 0.0100 0.0033 0.0051 0.0238 0.9292 0.0255 0.0031 
     AP.0838  5 0.0056 0.0013 0.0105 0.0180 0.9059 0.0027 0.0560 
     AP.088F  5 0.0143 0.0019 0.1920 0.0173 0.7551 0.0052 0.0142 
      DAM2HL  6 0.0081 0.0020 0.0342 0.0069 0.9450 0.0018 0.0019 
       M2ALK  6 0.2578 0.0021 0.0036 0.0032 0.7186 0.0027 0.0120 
       M2E2J  6 0.0017 0.0284 0.0028 0.0022 0.9275 0.0351 0.0022 
       M2E73  6 0.0035 0.0026 0.0034 0.0031 0.9826 0.0021 0.0027 
       M2E74  6 0.0609 0.0021 0.0048 0.0198 0.8144 0.0031 0.0949 
       M2EUJ  6 0.0383 0.0020 0.0644 0.0154 0.7339 0.0019 0.1441 
      DAM1XK  6 0.0070 0.0021 0.0284 0.0093 0.9494 0.0021 0.0018 
       M2057  6 0.0030 0.0012 0.0035 0.0054 0.9816 0.0025 0.0028 
       M2271  6 0.0063 0.0624 0.0042 0.0039 0.9180 0.0015 0.0037 
       M27YK  6 0.0129 0.0014 0.0296 0.0252 0.8763 0.0249 0.0297 
       M2A1H  6 0.0132 0.4684 0.0025 0.0027 0.5093 0.0016 0.0024 
       M2E0P  6 0.0034 0.0033 0.0027 0.0021 0.9852 0.0017 0.0016 
       M2E75  6 0.0037 0.0051 0.0447 0.0201 0.9236 0.0014 0.0014 
       M2E76  6 0.0080 0.0017 0.0061 0.0064 0.9675 0.0028 0.0075 
      MSV0T5  6 0.0018 0.0039 0.0031 0.0037 0.9847 0.0016 0.0013 
      MSV241  6 0.0033 0.0023 0.0029 0.0136 0.9730 0.0029 0.0020 
      MSV2A0  6 0.0035 0.0063 0.0047 0.0039 0.9746 0.0036 0.0034 
      MSV2A1  6 0.0029 0.0037 0.0042 0.0022 0.9836 0.0015 0.0018 
      MSV2A8  6 0.0202 0.0022 0.0032 0.0057 0.9636 0.0020 0.0032 
      DAM1P5  6 0.0015 0.0014 0.0015 0.0016 0.9916 0.0011 0.0013 
       M1084  6 0.0058 0.0018 0.0045 0.0054 0.9787 0.0016 0.0022 
      MSV2M4  6 0.0033 0.0042 0.0107 0.0048 0.9712 0.0023 0.0035 
      MSV2T6  6 0.0043 0.0297 0.0036 0.0058 0.9522 0.0024 0.0020 
       M1UM1  6 0.0033 0.0035 0.0553 0.0133 0.9079 0.0038 0.0129 
       M2ECL  6 0.0049 0.0013 0.0038 0.0048 0.9752 0.0039 0.0060 
       M2EJ0  6 0.0034 0.0016 0.0531 0.0190 0.9193 0.0016 0.0021 
      MSV20J  6 0.0119 0.0056 0.0076 0.0124 0.9585 0.0016 0.0023 
      MSV2TK  6 0.0025 0.0013 0.0030 0.0035 0.9742 0.0036 0.0118 
      MSV2TX  6 0.0040 0.0020 0.0023 0.0026 0.9861 0.0014 0.0017 
      MSV310  6 0.0030 0.0041 0.0034 0.0023 0.9816 0.0033 0.0023 
      MSV33F  6 0.0028 0.0109 0.0045 0.0033 0.9724 0.0034 0.0028 
      DAM35L  6 0.0021 0.0054 0.0076 0.0027 0.9791 0.0015 0.0016 
       M2E4C  6 0.0057 0.0019 0.0023 0.0029 0.9832 0.0016 0.0025 
       M2E4H  6 0.0015 0.0034 0.0255 0.0062 0.9566 0.0020 0.0048 
       M2E65  6 0.1497 0.0021 0.0182 0.0168 0.8035 0.0026 0.0071 
       M2EEJ  6 0.0023 0.0080 0.0020 0.0018 0.9813 0.0022 0.0025 
       M2EEP  6 0.0181 0.0057 0.0094 0.0057 0.9537 0.0032 0.0041 
      MSV1TU  6 0.0040 0.0037 0.0037 0.0019 0.9815 0.0035 0.0017 
      MSV20M  6 0.0062 0.0032 0.0035 0.0102 0.9731 0.0015 0.0022 
      MSV223  6 0.0023 0.0029 0.0038 0.0031 0.9835 0.0025 0.0019 
      MSV22E  6 0.0039 0.0031 0.0034 0.0050 0.9797 0.0023 0.0026 
      MSV23J  6 0.0015 0.0027 0.0045 0.0024 0.9842 0.0022 0.0026 
      MSV2K6  6 0.0030 0.0035 0.0019 0.0020 0.9864 0.0016 0.0017 
      DAM23U  6 0.0085 0.0041 0.0025 0.0028 0.9727 0.0025 0.0068 
       M2E8A  6 0.0055 0.0065 0.0035 0.0031 0.9748 0.0018 0.0048 
      MSV2L2  6 0.0040 0.0068 0.0022 0.0031 0.9790 0.0025 0.0024 
       M1YMH  6 0.0025 0.0053 0.0046 0.0029 0.9792 0.0032 0.0023 
       M2A84  6 0.0030 0.0042 0.0034 0.0021 0.9805 0.0046 0.0022 
      MSV23M  6 0.0055 0.0025 0.0799 0.0322 0.8735 0.0025 0.0038 
     AP.085T  6 0.0041 0.0042 0.0025 0.0024 0.9837 0.0014 0.0017 
     AP.086J  6 0.2052 0.0054 0.7302 0.0156 0.0369 0.0018 0.0049 
     AP.08C2  6 0.0492 0.0267 0.0381 0.1370 0.6884 0.0128 0.0479 
     AP.08CF  6 0.0064 0.0055 0.0159 0.0039 0.9652 0.0015 0.0017 
     AP.08CX  6 0.0033 0.0016 0.0027 0.0028 0.9866 0.0012 0.0018 
     AP.08CY  6 0.0071 0.0034 0.0077 0.0056 0.9559 0.0025 0.0179 
      DAM0JX  6 0.0032 0.0046 0.0105 0.0045 0.9736 0.0017 0.0019 
      DAM0P4  6 0.0022 0.0043 0.0036 0.0031 0.9830 0.0016 0.0023 
      DAM0UK  6 0.0027 0.0024 0.0185 0.0106 0.9588 0.0027 0.0043 
       M2030  6 0.0044 0.0168 0.0114 0.0069 0.9560 0.0016 0.0029 
      MSV24M  6 0.0037 0.0028 0.0070 0.0050 0.9776 0.0021 0.0018 
       M20AM  6 0.0208 0.0016 0.0907 0.0099 0.8392 0.0022 0.0357 
       M21YP  6 0.0028 0.0015 0.0013 0.0022 0.0018 0.0015 0.9889 
       M2205  6 0.0032 0.0038 0.0043 0.0045 0.9811 0.0011 0.0021 
       M2206  6 0.0067 0.0026 0.0061 0.0044 0.9766 0.0015 0.0021 
      MSV267  6 0.0046 0.0029 0.0106 0.0132 0.9653 0.0018 0.0017 
       M2757  6 0.0240 0.0020 0.0347 0.0166 0.9028 0.0026 0.0173 
       M27TH  6 0.0041 0.0012 0.0054 0.0050 0.9786 0.0017 0.0040 
      MSV2JA  6 0.0126 0.0979 0.0028 0.0046 0.8234 0.0034 0.0553 
      MSV2KU  6 0.0394 0.0179 0.0072 0.0064 0.9209 0.0025 0.0058 
      MSV2MF  6 0.1124 0.0049 0.0046 0.0031 0.8706 0.0020 0.0025 
      MSV2TA  6 0.0026 0.0017 0.0019 0.0022 0.9878 0.0013 0.0024 
      MSV2TE  6 0.0024 0.0018 0.0015 0.0024 0.9887 0.0012 0.0020 
      MSV2TU  6 0.0045 0.0034 0.0100 0.0069 0.9696 0.0032 0.0024 
      MSV2UT  6 0.0115 0.0022 0.0035 0.0066 0.9644 0.0029 0.0090 
      MSV306  6 0.0060 0.0028 0.0278 0.0046 0.9539 0.0021 0.0027 
      MSV311  6 0.0038 0.0024 0.0388 0.0375 0.9130 0.0014 0.0030 
      MSV31M  6 0.0052 0.0022 0.0207 0.0118 0.9537 0.0023 0.0041 
      MSV325  6 0.0048 0.0099 0.0026 0.0025 0.9764 0.0020 0.0017 
      MSV32H  6 0.0027 0.0070 0.0055 0.0043 0.9724 0.0029 0.0052 
     CX.112U  6 0.0126 0.0025 0.0083 0.1372 0.8336 0.0023 0.0034 
      DAM2PC  6 0.0023 0.7586 0.0015 0.0015 0.2326 0.0013 0.0021 
       M2E48  6 0.0104 0.0023 0.0032 0.0033 0.9764 0.0021 0.0024 
       M2E7K  6 0.0091 0.0024 0.0025 0.0032 0.9776 0.0021 0.0030 
       M2E80  6 0.0075 0.0036 0.0024 0.0028 0.9790 0.0021 0.0026 
       M2EAM  6 0.0042 0.0020 0.0019 0.0023 0.9851 0.0011 0.0033 
       M2EFF  6 0.0081 0.0022 0.0023 0.0029 0.9768 0.0026 0.0052 
       M2EFY  6 0.0041 0.0013 0.0024 0.0028 0.9822 0.0017 0.0055 
       M2EHM  6 0.0050 0.0061 0.0045 0.0416 0.9394 0.0016 0.0018 
       M2EK0  6 0.0028 0.0043 0.0112 0.0103 0.9671 0.0017 0.0027 
       M2EK1  6 0.0023 0.0029 0.0041 0.0032 0.9816 0.0013 0.0046 
      MSV22F  6 0.0103 0.0053 0.0059 0.0171 0.9579 0.0018 0.0016 
      MSV273  6 0.0043 0.0021 0.0028 0.0030 0.9800 0.0032 0.0047 
      MSV0TL  6 0.0059 0.6286 0.0042 0.0077 0.3489 0.0023 0.0024 
      MSV0TT  6 0.0039 0.0040 0.0025 0.0023 0.9829 0.0020 0.0025 
      MSV12H  6 0.0104 0.0027 0.0027 0.0020 0.9792 0.0017 0.0015 
      MSV1TH  6 0.1019 0.0144 0.0045 0.0049 0.8668 0.0022 0.0053 
      MSV275  6 0.0049 0.0205 0.0020 0.0034 0.9607 0.0031 0.0053 
      MSV286  6 0.0626 0.0024 0.0063 0.0189 0.9003 0.0041 0.0054 
      MSV2H4  6 0.0030 0.0018 0.0024 0.0028 0.9843 0.0014 0.0043 
      MSV2K8  6 0.0028 0.0040 0.0120 0.0169 0.9541 0.0018 0.0084 
      MSV2PM  6 0.0015 0.0014 0.0015 0.0016 0.9916 0.0011 0.0013 
      MSV2X3  6 0.0023 0.0023 0.0019 0.0023 0.9888 0.0011 0.0013 
      MSV2X4  6 0.0034 0.0059 0.0057 0.0062 0.9737 0.0024 0.0027 
      MSV30U  6 0.0022 0.0022 0.0015 0.0021 0.9891 0.0011 0.0017 
     CX.111C  6 0.0025 0.0037 0.0023 0.0022 0.9868 0.0013 0.0013 
     AP.07M2  7 0.0063 0.0061 0.0172 0.0149 0.9181 0.0350 0.0023 
      HRV05C  7 0.0021 0.0132 0.0053 0.0063 0.9640 0.0068 0.0022 
      HRV077  7 0.0144 0.0050 0.0115 0.0045 0.9345 0.0030 0.0272 
      HRV0A0  7 0.0033 0.0028 0.0023 0.0025 0.9860 0.0013 0.0017 
      HRV0MC  7 0.0018 0.0071 0.0026 0.0026 0.9816 0.0019 0.0024 
      HRV00P  7 0.0036 0.0052 0.0044 0.0043 0.9767 0.0013 0.0044 
      HRV01J  7 0.0028 0.0091 0.0022 0.0019 0.9775 0.0018 0.0047 
      HRV026  7 0.0031 0.0187 0.0062 0.0026 0.9659 0.0020 0.0016 
      HRV02C  7 0.0017 0.0030 0.0023 0.0017 0.9888 0.0012 0.0015 
      HRV031  7 0.0021 0.0035 0.0046 0.0034 0.9832 0.0014 0.0018 
      HRV033  7 0.0021 0.0034 0.0047 0.0035 0.9831 0.0014 0.0018 
      HRV05L  7 0.0025 0.0024 0.2756 0.0036 0.7121 0.0012 0.0024 
      HRV06A  7 0.0028 0.0028 0.0035 0.0038 0.9802 0.0015 0.0053 
      HRV07P  7 0.0035 0.0031 0.0036 0.0040 0.9827 0.0014 0.0017 
      HRV0HC  7 0.0027 0.0031 0.0038 0.0026 0.9729 0.0075 0.0073 
      HRV0HU  7 0.0030 0.0037 0.0287 0.0090 0.9507 0.0027 0.0022 
      HRV0K1  7 0.0027 0.0034 0.0141 0.0079 0.9669 0.0015 0.0035 
      HRV0M6  7 0.0033 0.0240 0.0511 0.0420 0.8625 0.0063 0.0108 
      HRV0M7  7 0.0044 0.0018 0.0048 0.0036 0.9775 0.0019 0.0061 
      HRV0MK  7 0.0031 0.0019 0.0059 0.0062 0.9757 0.0012 0.0059 
      HRV1C7  7 0.0043 0.0089 0.0346 0.0089 0.9395 0.0016 0.0021 
      HRV1EA  7 0.0078 0.0016 0.0047 0.0022 0.9634 0.0083 0.0120 
       M147K  7 0.0019 0.0033 0.0015 0.0017 0.9809 0.0011 0.0097 
      HRV008  7 0.0017 0.0073 0.0029 0.0028 0.9824 0.0015 0.0015 
      HRV015  7 0.0022 0.0126 0.0019 0.0021 0.9762 0.0024 0.0028 
      HRV01F  7 0.0021 0.0038 0.0032 0.0044 0.9724 0.0044 0.0097 
      HRV01L  7 0.0035 0.0111 0.0066 0.0058 0.9697 0.0015 0.0018 
      HRV01M  7 0.0145 0.0068 0.0051 0.0156 0.9542 0.0019 0.0019 
      HRV020  7 0.0081 0.0278 0.0030 0.0022 0.9543 0.0026 0.0019 
      HRV022  7 0.0023 0.0095 0.0022 0.0020 0.9736 0.0048 0.0056 
      HRV02A  7 0.0031 0.0028 0.0030 0.0031 0.9799 0.0038 0.0043 
      HRV02K  7 0.0172 0.0643 0.0180 0.0046 0.8892 0.0048 0.0020 
      HRV04C  7 0.0055 0.0039 0.0016 0.0018 0.9843 0.0015 0.0015 
      HRV05H  7 0.0029 0.0023 0.0062 0.0064 0.9755 0.0031 0.0035 
      HRV076  7 0.0074 0.0035 0.0032 0.0044 0.9740 0.0042 0.0033 
      HRV07H  7 0.0022 0.0023 0.0060 0.0025 0.9839 0.0012 0.0019 
      HRV07X  7 0.0026 0.0015 0.0040 0.0045 0.9811 0.0037 0.0026 
      HRV080  7 0.0025 0.0020 0.0023 0.0034 0.9868 0.0015 0.0015 
      HRV086  7 0.0027 0.0038 0.0057 0.0056 0.9762 0.0021 0.0039 
      HRV0H3  7 0.0041 0.0080 0.0035 0.0028 0.9751 0.0020 0.0046 
      HRV0J3  7 0.0027 0.0015 0.0034 0.0037 0.9813 0.0021 0.0054 
      HRV0JX  7 0.0052 0.0038 0.0049 0.0047 0.9701 0.0037 0.0076 
      HRV0ML  7 0.0020 0.0055 0.0028 0.0022 0.9846 0.0013 0.0017 
      HRV1E8  7 0.0044 0.0025 0.0085 0.0046 0.9759 0.0017 0.0025 
      HRV007  7 0.0167 0.0036 0.0106 0.0090 0.9545 0.0026 0.0030 
      HRV005  7 0.0119 0.0035 0.0037 0.0070 0.9654 0.0021 0.0065 
      HRV05U  7 0.0039 0.0052 0.1136 0.0133 0.8602 0.0015 0.0022 
      HRV01U  7 0.0040 0.0016 0.0043 0.0026 0.9810 0.0018 0.0048 
     AP.07M1  7 0.0036 0.0055 0.0043 0.0059 0.9761 0.0016 0.0031 
     AP.07ME  7 0.0251 0.0056 0.0087 0.0172 0.9312 0.0024 0.0099 
     AP.0817  7 0.0045 0.0019 0.0057 0.0087 0.9737 0.0022 0.0033 
     AP.0863  7 0.0107 0.0094 0.0503 0.0403 0.8747 0.0099 0.0047 
     AP.087T  7 0.0020 0.0034 0.0167 0.0049 0.9640 0.0077 0.0013 
     AP.088T  7 0.0019 0.0029 0.0085 0.0061 0.9777 0.0013 0.0017 
     CH.0LM1  7 0.0030 0.0057 0.0300 0.0123 0.9436 0.0022 0.0032 
       M05X5  7 0.0155 0.0073 0.0286 0.0137 0.9174 0.0121 0.0056 
       M06JH  7 0.1973 0.0068 0.0077 0.0051 0.7495 0.0239 0.0097 
       M0A6K  7 0.0046 0.0026 0.0198 0.0065 0.9610 0.0020 0.0034 
       M0ETF  7 0.0027 0.0084 0.0040 0.0033 0.9781 0.0015 0.0020 
       M0LUP  7 0.0022 0.0031 0.0050 0.0037 0.9804 0.0024 0.0033 
       M16F1  7 0.0024 0.0280 0.0030 0.0048 0.9577 0.0018 0.0022 
       M182M  7 0.0042 0.0013 0.0057 0.0079 0.9753 0.0021 0.0035 
       M1CFL  7 0.0052 0.0124 0.0140 0.0083 0.9554 0.0017 0.0029 
       M2AXY  7 0.0053 0.0022 0.0044 0.0026 0.9794 0.0021 0.0039 
       M2AY2  7 0.0048 0.0026 0.0066 0.0068 0.9660 0.0106 0.0026 
       M2CHP  7 0.0191 0.0163 0.0059 0.0120 0.9193 0.0217 0.0058 
       W26LK  7 0.0075 0.0037 0.0094 0.0040 0.9717 0.0015 0.0021 
       W26ME  7 0.0185 0.0048 0.0039 0.0045 0.8621 0.0031 0.1031 
     AM.07FM  7 0.0028 0.0078 0.0020 0.0020 0.9819 0.0011 0.0025 
     AM.07FP  7 0.0022 0.0087 0.0019 0.0019 0.9815 0.0017 0.0020 
     AP.07M4  7 0.0021 0.0026 0.0051 0.0041 0.9835 0.0012 0.0014 
     AP.07M7  7 0.0013 0.0014 0.0021 0.0017 0.9911 0.0011 0.0012 
     AP.07M8  7 0.0026 0.0025 0.0055 0.0040 0.9815 0.0021 0.0018 
     AP.07MA  7 0.0023 0.0037 0.0023 0.0017 0.9836 0.0042 0.0022 
     AP.07MC  7 0.0061 0.0020 0.0151 0.0071 0.9491 0.0016 0.0190 
     AP.07P8  7 0.0019 0.0260 0.0022 0.0030 0.9511 0.0141 0.0017 
     AP.07U8  7 0.0031 0.0412 0.0112 0.0098 0.9273 0.0035 0.0039 
     AP.081F  7 0.0022 0.0029 0.0038 0.0019 0.9851 0.0021 0.0019 
     AP.081H  7 0.0135 0.0059 0.4053 0.4237 0.0727 0.0407 0.0382 
     AP.0820  7 0.0030 0.0037 0.0954 0.0127 0.8543 0.0288 0.0022 
     AP.0841  7 0.0093 0.0040 0.1021 0.1443 0.6415 0.0900 0.0088 
     AP.0858  7 0.0072 0.0063 0.0402 0.0114 0.9265 0.0027 0.0058 
     AP.085U  7 0.0043 0.0055 0.0129 0.0379 0.9185 0.0167 0.0042 
     AP.085X  7 0.0031 0.0063 0.0106 0.0049 0.9663 0.0015 0.0072 
     AP.0861  7 0.0029 0.0071 0.0047 0.0027 0.9763 0.0023 0.0040 
     AP.0864  7 0.0026 0.0035 0.0063 0.0034 0.9815 0.0013 0.0014 
     AP.086X  7 0.0020 0.0017 0.0093 0.0036 0.9800 0.0016 0.0018 
     AP.0872  7 0.0031 0.0028 0.0055 0.0027 0.9820 0.0016 0.0023 
     AP.0875  7 0.0057 0.0049 0.6928 0.1485 0.0758 0.0410 0.0314 
     AP.087A  7 0.0020 0.0018 0.0028 0.0038 0.9841 0.0016 0.0038 
     AP.087C  7 0.0042 0.0041 0.0219 0.0129 0.9470 0.0029 0.0070 
     AP.087E  7 0.0021 0.0023 0.0028 0.0028 0.9864 0.0015 0.0022 
     AP.087H  7 0.0210 0.0159 0.0026 0.0032 0.9537 0.0013 0.0022 
     AP.087K  7 0.0054 0.0097 0.0231 0.0209 0.9315 0.0041 0.0053 
     AP.087L  7 0.0023 0.0117 0.0063 0.0069 0.9689 0.0016 0.0022 
     AP.087M  7 0.0039 0.0023 0.0171 0.0045 0.9667 0.0022 0.0032 
     AP.087P  7 0.0032 0.0020 0.0022 0.0132 0.9717 0.0022 0.0054 
     AP.087U  7 0.0070 0.0770 0.7985 0.0098 0.0795 0.0199 0.0083 
     AP.087X  7 0.0354 0.0060 0.4464 0.0112 0.4809 0.0051 0.0151 
     AP.0881  7 0.0145 0.0078 0.8067 0.0030 0.1046 0.0126 0.0509 
     AP.0882  7 0.1641 0.0109 0.0078 0.0047 0.8067 0.0018 0.0040 
     AP.0883  7 0.0101 0.0107 0.0144 0.0182 0.9275 0.0168 0.0023 
     AP.0884  7 0.0027 0.0031 0.0046 0.0019 0.9844 0.0016 0.0018 
     AP.0885  7 0.0038 0.0054 0.0055 0.0103 0.9661 0.0045 0.0044 
     AP.0887  7 0.0106 0.0047 0.0425 0.0080 0.9283 0.0019 0.0040 
     AP.0888  7 0.0043 0.0041 0.3299 0.2283 0.0729 0.3404 0.0201 
     AP.088A  7 0.0157 0.0021 0.0040 0.0036 0.9701 0.0017 0.0029 
     AP.088C  7 0.0031 0.0638 0.2418 0.0581 0.6152 0.0071 0.0109 
     AP.088J  7 0.0024 0.0035 0.0750 0.0036 0.8433 0.0029 0.0693 
     AP.088K  7 0.0099 0.0058 0.0668 0.1292 0.7764 0.0033 0.0085 
     AP.088L  7 0.0034 0.0032 0.0067 0.0036 0.9799 0.0015 0.0017 
     AP.088U  7 0.0039 0.0044 0.0019 0.0016 0.9830 0.0015 0.0036 
     AP.088X  7 0.0207 0.0123 0.0465 0.0116 0.9011 0.0061 0.0018 
     AP.08A0  7 0.0016 0.0019 0.0164 0.0034 0.9741 0.0014 0.0012 
     AP.08A1  7 0.0031 0.0024 0.0123 0.0052 0.9712 0.0021 0.0036 
     AP.08A3  7 0.0016 0.0021 0.0063 0.0025 0.9839 0.0014 0.0021 
     AP.08A4  7 0.0129 0.0767 0.2739 0.1799 0.4416 0.0092 0.0057 
     AP.08A5  7 0.0027 0.0025 0.0048 0.0032 0.9829 0.0014 0.0026 
     AP.08A6  7 0.0030 0.0018 0.0030 0.0062 0.9796 0.0036 0.0027 
     AP.08A8  7 0.0024 0.0034 0.0286 0.0233 0.9377 0.0018 0.0028 
     AP.08AC  7 0.0019 0.0105 0.0083 0.0177 0.9506 0.0072 0.0038 
     AP.08AH  7 0.0080 0.0050 0.0236 0.0080 0.9381 0.0026 0.0148 
     AP.08AJ  7 0.0021 0.0024 0.0025 0.0030 0.9847 0.0030 0.0024 
     AP.08AM  7 0.0031 0.0048 0.0588 0.0032 0.9267 0.0018 0.0016 
     AP.08AT  7 0.0023 0.0022 0.0033 0.0023 0.9869 0.0016 0.0012 
     AP.08AX  7 0.0019 0.0026 0.0083 0.0020 0.9825 0.0013 0.0012 
     CH.0LLP  7 0.0016 0.0035 0.0185 0.0053 0.9675 0.0020 0.0017 
     CH.0LM2  7 0.0137 0.0054 0.0076 0.0251 0.9397 0.0022 0.0064 
     CH.0LM4  7 0.0067 0.0027 0.0574 0.0504 0.8773 0.0014 0.0042 
     CH.0LM5  7 0.0059 0.0034 0.0051 0.0031 0.9783 0.0019 0.0024 
       M0102  7 0.0020 0.0024 0.0025 0.0038 0.9856 0.0018 0.0019 
       M023A  7 0.0043 0.0018 0.0018 0.0019 0.9880 0.0012 0.0011 
       M03MM  7 0.0084 0.0025 0.0098 0.0074 0.9656 0.0023 0.0040 
       M04PF  7 0.0027 0.0036 0.0022 0.0027 0.9858 0.0015 0.0014 
       M04XH  7 0.0061 0.0027 0.0029 0.0028 0.9725 0.0036 0.0094 
       M04XM  7 0.0033 0.0051 0.0078 0.0059 0.9743 0.0016 0.0020 
       M0557  7 0.0065 0.0020 0.0041 0.0030 0.9737 0.0031 0.0076 
       M055C  7 0.0107 0.0079 0.0121 0.0052 0.9426 0.0187 0.0028 
       M05JC  7 0.0966 0.0021 0.0053 0.0044 0.8858 0.0020 0.0037 
       M05PH  7 0.0184 0.0049 0.0052 0.0099 0.9253 0.0031 0.0332 
       M05X6  7 0.0056 0.0033 0.0019 0.0021 0.9842 0.0014 0.0015 
       M07TC  7 0.0042 0.0019 0.0032 0.0022 0.9840 0.0028 0.0016 
       M0A66  7 0.0019 0.0043 0.0026 0.0018 0.9856 0.0013 0.0025 
       M0EYT  7 0.0022 0.0039 0.0020 0.0020 0.9860 0.0014 0.0024 
       M0FF2  7 0.0026 0.0047 0.0033 0.0027 0.9842 0.0012 0.0014 
       M0HJ6  7 0.0088 0.0022 0.0111 0.0129 0.9499 0.0034 0.0118 
      HRV0JL  7 0.0022 0.0028 0.0045 0.0027 0.9853 0.0012 0.0014 
      HRV0JP  7 0.0032 0.0335 0.0025 0.0020 0.9496 0.0018 0.0074 
      HRV0KA  7 0.0024 0.0019 0.0028 0.0032 0.9828 0.0017 0.0051 
      HRV0LJ  7 0.0061 0.0085 0.0109 0.0055 0.9623 0.0036 0.0031 
      HRV0LM  7 0.0035 0.0033 0.0060 0.0035 0.9796 0.0025 0.0016 
      HRV0LP  7 0.0230 0.0065 0.0117 0.0144 0.9326 0.0048 0.0069 
       M0HJ8  7 0.0055 0.0038 0.0024 0.0020 0.9823 0.0015 0.0025 
       M0HM3  7 0.0051 0.0078 0.1368 0.0112 0.8335 0.0015 0.0041 
       M0J1X  7 0.0017 0.0023 0.0024 0.0030 0.9851 0.0016 0.0040 
       M0L32  7 0.0053 0.0145 0.0033 0.0019 0.9681 0.0024 0.0044 
       M0L8F  7 0.0074 0.0023 0.0054 0.0041 0.9730 0.0062 0.0016 
       M0LUH  7 0.0014 0.0023 0.0021 0.0027 0.9874 0.0016 0.0024 
       M0XPJ  7 0.0049 0.0053 0.0044 0.0030 0.9775 0.0016 0.0032 
       M0XTE  7 0.0055 0.0030 0.0398 0.0051 0.9174 0.0232 0.0061 
       M157H  7 0.0050 0.0459 0.0181 0.0112 0.9158 0.0016 0.0024 
       M16YU  7 0.0041 0.0032 0.0019 0.0020 0.9865 0.0012 0.0012 
       M1751  7 0.0026 0.0023 0.0034 0.0104 0.9776 0.0018 0.0020 
       M1C2H  7 0.0028 0.0019 0.0026 0.0024 0.9868 0.0013 0.0022 
       M1E60  7 0.0019 0.0022 0.0045 0.0024 0.9862 0.0012 0.0015 
       M1EKX  7 0.0037 0.0025 0.0023 0.0022 0.9866 0.0013 0.0014 
       M1EKY  7 0.0033 0.0023 0.0028 0.0029 0.9838 0.0014 0.0034 
       M1EL3  7 0.0036 0.0031 0.0050 0.0025 0.9786 0.0034 0.0039 
       M1ELC  7 0.0025 0.0028 0.0023 0.0033 0.9849 0.0021 0.0021 
       M1ELE  7 0.0017 0.0016 0.0017 0.0026 0.9893 0.0014 0.0017 
       M2AY0  7 0.0075 0.0046 0.0072 0.0098 0.9661 0.0029 0.0019 
       M2AY4  7 0.0139 0.0076 0.0108 0.0226 0.7755 0.0016 0.1679 
       M2AY5  7 0.0030 0.0033 0.0029 0.0043 0.9809 0.0022 0.0034 
       M2AY8  7 0.0061 0.0183 0.0080 0.0273 0.7917 0.0911 0.0574 
       M2C3A  7 0.0028 0.0065 0.0053 0.0025 0.9788 0.0017 0.0024 
       M2C3F  7 0.0059 0.0256 0.0026 0.0031 0.9537 0.0018 0.0073 
      HRV0ME  7 0.0044 0.0077 0.0031 0.0036 0.9693 0.0029 0.0091 
       M2CHJ  7 0.0066 0.0045 0.0028 0.0037 0.9767 0.0031 0.0025 
       M2CHM  7 0.0215 0.0039 0.0179 0.0058 0.9137 0.0282 0.0090 
       M2CHY  7 0.0036 0.0085 0.0019 0.0023 0.9763 0.0024 0.0051 
       W23E8  7 0.0038 0.0054 0.0036 0.0029 0.9810 0.0015 0.0019 
       W23EM  7 0.0024 0.0027 0.0026 0.0038 0.9844 0.0022 0.0019 
       W23EX  7 0.0026 0.0023 0.0019 0.0024 0.9871 0.0018 0.0018 
       W23F0  7 0.0020 0.0020 0.0023 0.0044 0.9858 0.0019 0.0015 
       W26L5  7 0.0065 0.0950 0.0045 0.0039 0.8677 0.0204 0.0019 
       W26LM  7 0.0972 0.0015 0.0168 0.2012 0.6274 0.0534 0.0024 
       W26MJ  7 0.0033 0.0053 0.0021 0.0043 0.9111 0.0719 0.0019 
       W26ML  7 0.0074 0.0016 0.0050 0.0053 0.9767 0.0016 0.0024 
       W26MT  7 0.0067 0.0016 0.0026 0.0035 0.9817 0.0013 0.0025 
       W26PE  7 0.0117 0.0030 0.2460 0.3513 0.3528 0.0088 0.0263 
       W26PJ  7 0.0930 0.0069 0.0777 0.4659 0.2249 0.0123 0.1194 
       W26PT  7 0.0020 0.0034 0.0228 0.0276 0.9351 0.0014 0.0077 
       W26PX  7 0.0043 0.0086 0.0900 0.2520 0.6379 0.0045 0.0027 
       W26T0  7 0.0016 0.0049 0.0053 0.0037 0.9789 0.0021 0.0034 
       W26TC  7 0.0020 0.0023 0.0046 0.0037 0.9844 0.0011 0.0018 
       W26TJ  7 0.0029 0.0031 0.0028 0.9830 0.0039 0.0021 0.0021 
       W26UE  7 0.0057 0.0060 0.0039 0.0038 0.9751 0.0023 0.0032 
       W26UF  7 0.0041 0.0045 0.0030 0.0027 0.9824 0.0015 0.0019 
       W26UL  7 0.0017 0.0036 0.0034 0.0051 0.9719 0.0117 0.0026 
       W26X2  7 0.0069 0.0033 0.0051 0.0049 0.9739 0.0025 0.0034 
       W2716  7 0.0123 0.0023 0.0777 0.4205 0.4771 0.0034 0.0066 
      HRV1C6  7 0.0036 0.0127 0.0914 0.0135 0.8758 0.0013 0.0016 
      HRV1CX  7 0.0054 0.0056 0.0102 0.0056 0.9669 0.0044 0.0020 
      HRV1E2  7 0.0027 0.0027 0.0022 0.0023 0.9861 0.0013 0.0027 
      HRV1E4  7 0.0038 0.0017 0.0022 0.0018 0.9874 0.0011 0.0019 
      HRV1E5  7 0.0036 0.0019 0.0029 0.0042 0.9845 0.0012 0.0017 
      HRV1EC  7 0.0046 0.0027 0.0031 0.0034 0.9819 0.0018 0.0024 
      HRV1EK  7 0.0022 0.0051 0.0032 0.0030 0.9751 0.0051 0.0064 
      HRV001  7 0.0087 0.0026 0.0024 0.0023 0.9760 0.0015 0.0064 
      HRV00H  7 0.0066 0.0016 0.0041 0.0052 0.9723 0.0017 0.0085 
      HRV00K  7 0.0053 0.0015 0.0023 0.0056 0.9796 0.0016 0.0041 
      HRV01X  7 0.0026 0.0115 0.0018 0.0024 0.9778 0.0018 0.0021 
      HRV025  7 0.0050 0.0051 0.0027 0.0027 0.9752 0.0031 0.0063 
      HRV028  7 0.0027 0.0118 0.0018 0.0024 0.9775 0.0018 0.0022 
      HRV041  7 0.0040 0.0020 0.0022 0.0019 0.9863 0.0015 0.0020 
      HRV04F  7 0.0027 0.0019 0.0018 0.0017 0.9881 0.0015 0.0023 
      HRV04L  7 0.0060 0.0027 0.0023 0.0020 0.9843 0.0013 0.0015 
      HRV055  7 0.0050 0.0019 0.0018 0.0020 0.9868 0.0012 0.0012 
      HRV05J  7 0.0027 0.0316 0.0296 0.0613 0.8718 0.0015 0.0016 
      HRV07J  7 0.0028 0.0114 0.0158 0.0083 0.9586 0.0013 0.0017 
      HRV07K  7 0.0027 0.0289 0.0019 0.0020 0.9567 0.0062 0.0016 
      HRV07L  7 0.0022 0.0035 0.0150 0.0074 0.9609 0.0083 0.0027 
      HRV07M  7 0.0032 0.0026 0.0026 0.0024 0.9863 0.0013 0.0016 
      HRV0HM  7 0.0049 0.0053 0.0146 0.0548 0.8884 0.0072 0.0249 
      HRV0J2  7 0.0014 0.0040 0.0032 0.0044 0.9838 0.0013 0.0019 
      HRV0K3  7 0.0041 0.0040 0.0078 0.0043 0.9650 0.0015 0.0133 
      HRV0KE  7 0.0045 0.0031 0.0240 0.0097 0.9550 0.0015 0.0021 
      HRV0KF  7 0.0028 0.0032 0.0061 0.0089 0.9732 0.0025 0.0033 
      HRV0KU  7 0.0044 0.0051 0.0087 0.0120 0.9609 0.0061 0.0026 
      HRV0L6  7 0.0020 0.0022 0.0033 0.0072 0.9803 0.0014 0.0036 
      HRV0M2  7 0.0047 0.0048 0.0063 0.0039 0.9748 0.0030 0.0026 
      HRV0MF  7 0.0031 0.0031 0.0018 0.0019 0.9872 0.0015 0.0013 
      HRV0MJ  7 0.0190 0.0874 0.0040 0.0158 0.8632 0.0077 0.0029 
      HRV1AT  7 0.0017 0.0017 0.0023 0.0033 0.9876 0.0017 0.0018 
      HRV1C1  7 0.0017 0.0022 0.0041 0.0029 0.9854 0.0020 0.0016 
      HRV1CL  7 0.0069 0.0035 0.0408 0.0263 0.9185 0.0020 0.0020 
      HRV1E1  7 0.0036 0.0020 0.0032 0.0056 0.9805 0.0020 0.0030 
      HRV1E7  7 0.0048 0.0025 0.0057 0.0032 0.9808 0.0015 0.0015 
      HRV1EE  7 0.0037 0.0025 0.0386 0.0159 0.9360 0.0014 0.0020 
      HRV1ET  7 0.0028 0.0019 0.0028 0.0026 0.9863 0.0013 0.0022 
         148  8 0.0068 0.0027 0.0386 0.1030 0.8234 0.0143 0.0112 
         149  8 0.0102 0.0043 0.5066 0.0844 0.3831 0.0032 0.0082 
         213  8 0.0020 0.0261 0.8935 0.0059 0.0652 0.0049 0.0023 
         215  8 0.0039 0.0066 0.8055 0.1561 0.0226 0.0031 0.0022 
         218  8 0.0034 0.0059 0.1605 0.0809 0.7445 0.0021 0.0028 
         219  8 0.0088 0.0054 0.5409 0.0041 0.3273 0.1055 0.0080 
         222  8 0.0362 0.0169 0.0583 0.2415 0.6359 0.0065 0.0047 
         224  8 0.0249 0.0274 0.0244 0.0599 0.8239 0.0284 0.0110 
         225  8 0.0108 0.0140 0.0845 0.5746 0.3058 0.0021 0.0082 
         229  8 0.0019 0.0016 0.0015 0.0020 0.9899 0.0017 0.0015 
         231  8 0.0032 0.0037 0.2542 0.0112 0.7209 0.0044 0.0023 
      HRV1CP  8 0.0162 0.0075 0.3004 0.0394 0.6310 0.0030 0.0026 
         239  8 0.0031 0.0050 0.0028 0.0053 0.9787 0.0022 0.0028 
         240  8 0.0081 0.0044 0.3776 0.2492 0.3544 0.0023 0.0040 
         243  8 0.0045 0.0876 0.5145 0.0383 0.3478 0.0031 0.0042 
         248  8 0.0022 0.0026 0.0020 0.0022 0.9884 0.0011 0.0015 
         250  8 0.0053 0.0025 0.5082 0.0159 0.4629 0.0014 0.0038 
         251  8 0.0080 0.0019 0.1691 0.2507 0.5561 0.0121 0.0021 
         256  8 0.0109 0.0018 0.0073 0.0103 0.9643 0.0021 0.0033 
         260  8 0.1478 0.0016 0.0092 0.0323 0.7955 0.0062 0.0074 
         261  8 0.0030 0.0783 0.0055 0.0043 0.8985 0.0051 0.0053 
         263  8 0.0044 0.0023 0.0255 0.0131 0.8256 0.0032 0.1258 
         284  8 0.0587 0.0236 0.5232 0.1545 0.2142 0.0035 0.0223 
         285  8 0.0322 0.0324 0.7600 0.0511 0.1041 0.0037 0.0164 
         286  8 0.0034 0.0017 0.0049 0.0111 0.9424 0.0344 0.0021 
         289  8 0.0150 0.0053 0.0287 0.2218 0.6905 0.0036 0.0352 
         291  8 0.0107 0.0119 0.3049 0.0447 0.5511 0.0022 0.0744 
         292  8 0.0069 0.0028 0.9695 0.0081 0.0044 0.0034 0.0049 
         293  8 0.0039 0.0174 0.7037 0.0207 0.2471 0.0050 0.0022 
      BF0001  8 0.0053 0.0018 0.1226 0.0972 0.7458 0.0197 0.0075 
      BF0002  8 0.0037 0.0230 0.0341 0.0849 0.7855 0.0662 0.0027 
       M2AY6  8 0.0035 0.0027 0.0033 0.0028 0.9830 0.0018 0.0029 
     Slov472  8 0.0041 0.0095 0.0212 0.4135 0.5469 0.0028 0.0020 
      BF0026  8 0.3068 0.0016 0.6490 0.0229 0.0041 0.0058 0.0098 
      BF0028  8 0.0112 0.0014 0.7970 0.1150 0.0645 0.0066 0.0042 
     CK.0PP5  8 0.0161 0.0080 0.9159 0.0084 0.0335 0.0156 0.0026 
     CK.0PP8  8 0.0489 0.0027 0.8936 0.0304 0.0152 0.0062 0.0030 
     CK.0PPC  8 0.1628 0.0039 0.7806 0.0227 0.0114 0.0150 0.0037 
     Slov166  8 0.0179 0.0017 0.9279 0.0287 0.0184 0.0016 0.0040 
     Slov189  8 0.0476 0.0084 0.7682 0.0483 0.0957 0.0274 0.0045 
     Slov196  8 0.0248 0.0022 0.5461 0.0950 0.2948 0.0263 0.0109 
     Slov204  8 0.0053 0.0032 0.5339 0.4315 0.0159 0.0014 0.0087 
      Slov24  8 0.0534 0.0034 0.2356 0.2005 0.4887 0.0039 0.0145 
      Slov26  8 0.2507 0.0160 0.6618 0.0602 0.0033 0.0041 0.0040 
      Slov33  8 0.0464 0.0035 0.6512 0.0081 0.2747 0.0014 0.0146 
     Slov447  8 0.2979 0.0028 0.4598 0.0291 0.2020 0.0029 0.0054 
     Slov449  8 0.0202 0.0075 0.3327 0.0421 0.5643 0.0243 0.0090 
     Slov492  8 0.1636 0.0022 0.7331 0.0746 0.0185 0.0024 0.0056 
      Slov56  8 0.7159 0.0032 0.0051 0.0319 0.1943 0.0021 0.0474 
       Slov7  8 0.0058 0.0069 0.6638 0.1353 0.1174 0.0108 0.0599 
      Slov70  8 0.0046 0.0142 0.1102 0.8621 0.0045 0.0021 0.0022 
      Slov75  8 0.0135 0.0020 0.9580 0.0153 0.0029 0.0016 0.0066 
      Slov78  8 0.0048 0.0029 0.9725 0.0060 0.0045 0.0022 0.0071 
      Slov85  8 0.0024 0.0042 0.0075 0.0046 0.9771 0.0015 0.0026 
      BF0003  8 0.0039 0.0057 0.8439 0.0048 0.1373 0.0020 0.0024 
      BF0004  8 0.0105 0.0050 0.3126 0.0355 0.6261 0.0054 0.0049 
      BF0005  8 0.0124 0.0020 0.8347 0.0105 0.0079 0.0034 0.1291 
      BF0006  8 0.0039 0.0024 0.8319 0.1359 0.0195 0.0020 0.0044 
      BF0007  8 0.0445 0.0091 0.7711 0.0971 0.0304 0.0025 0.0452 
      BF0008  8 0.1076 0.0022 0.1845 0.5995 0.0842 0.0100 0.0120 
      BF000A  8 0.0041 0.0023 0.9760 0.0054 0.0090 0.0013 0.0019 
      BF000C  8 0.0203 0.0046 0.0265 0.0676 0.8604 0.0052 0.0154 
      BF000E  8 0.0296 0.0342 0.7726 0.0294 0.0858 0.0322 0.0161 
      BF000F  8 0.0042 0.0022 0.3280 0.0401 0.5831 0.0064 0.0360 
      BF000H  8 0.0535 0.0056 0.2281 0.1985 0.4913 0.0013 0.0217 
      BF000J  8 0.0397 0.0106 0.2140 0.3383 0.3528 0.0023 0.0423 
      BF000K  8 0.0043 0.0022 0.6723 0.0340 0.2785 0.0020 0.0066 
      BF000L  8 0.0763 0.0022 0.1066 0.0543 0.6917 0.0040 0.0649 
      BF000M  9 0.0020 0.0027 0.9816 0.0051 0.0058 0.0016 0.0012 
      BF000P  9 0.0026 0.0028 0.9810 0.0048 0.0056 0.0018 0.0014 
      BF000T  9 0.0026 0.0048 0.4901 0.3932 0.1000 0.0071 0.0022 
      BF000U  9 0.0049 0.0078 0.9527 0.0214 0.0080 0.0034 0.0019 
      BF000X  9 0.0027 0.0019 0.9829 0.0049 0.0034 0.0017 0.0025 
      BF0010  9 0.0026 0.0016 0.9795 0.0086 0.0044 0.0011 0.0023 
      BF0011  9 0.0040 0.0048 0.9117 0.0673 0.0089 0.0016 0.0017 
      BF0012  9 0.0038 0.0019 0.9453 0.0064 0.0050 0.0040 0.0334 
      BF0013  9 0.0111 0.0067 0.9297 0.0115 0.0079 0.0119 0.0212 
      BF0014  9 0.0059 0.0048 0.9649 0.0064 0.0133 0.0020 0.0028 
      BF0015  9 0.0022 0.0023 0.9785 0.0094 0.0036 0.0021 0.0019 
      BF0016  9 0.0027 0.0021 0.9881 0.0024 0.0018 0.0015 0.0015 
      BF0017  9 0.0016 0.0013 0.9792 0.0070 0.0056 0.0022 0.0031 
      BF0018  9 0.0093 0.0109 0.9539 0.0092 0.0116 0.0024 0.0027 
      BF001A  9 0.0032 0.0020 0.5523 0.4311 0.0044 0.0048 0.0022 
      BF001C  9 0.0018 0.0022 0.9860 0.0038 0.0031 0.0013 0.0019 
      BF001E  9 0.0040 0.0034 0.9394 0.0431 0.0024 0.0018 0.0058 
      BF001F  9 0.0024 0.0033 0.9651 0.0046 0.0084 0.0030 0.0130 
      BF001H  9 0.0014 0.0017 0.9824 0.0074 0.0035 0.0015 0.0021 
      BF001J  9 0.0029 0.0023 0.9854 0.0044 0.0022 0.0011 0.0018 
      BF001K  9 0.0091 0.0039 0.9676 0.0059 0.0069 0.0022 0.0044 
      BF001L  9 0.0050 0.0038 0.9826 0.0029 0.0020 0.0015 0.0022 
      BF001M  9 0.0030 0.0036 0.9861 0.0029 0.0021 0.0012 0.0011 
      BF001P  9 0.0047 0.0081 0.9777 0.0035 0.0028 0.0012 0.0019 
      BF001T  9 0.0033 0.0021 0.9864 0.0029 0.0023 0.0012 0.0017 
      BF001U  9 0.0029 0.0019 0.9230 0.0609 0.0044 0.0031 0.0038 
      BF001X  9 0.0188 0.0018 0.6433 0.3019 0.0277 0.0021 0.0045 
      BF0020  9 0.0022 0.0027 0.9658 0.0207 0.0037 0.0029 0.0020 
      BF0022  9 0.0030 0.0021 0.9687 0.0065 0.0021 0.0153 0.0024 
      BF0023  9 0.0059 0.0071 0.9633 0.0130 0.0036 0.0022 0.0048 
      BF0025  9 0.0076 0.0049 0.8886 0.0856 0.0074 0.0040 0.0019 
       h0014 10 0.0078 0.0060 0.9670 0.0100 0.0047 0.0015 0.0029 
       h0024 10 0.0026 0.0047 0.8638 0.0272 0.0082 0.0884 0.0051 
       h0034 10 0.0043 0.0020 0.9789 0.0052 0.0039 0.0029 0.0028 
       h0044 10 0.0038 0.0061 0.9759 0.0034 0.0078 0.0015 0.0017 
       h0054 10 0.0047 0.0018 0.8151 0.1686 0.0059 0.0016 0.0023 
       h0064 10 0.0071 0.0017 0.9673 0.0097 0.0027 0.0020 0.0094 
       h0074 10 0.0039 0.0027 0.9762 0.0096 0.0023 0.0019 0.0034 
       h0084 10 0.0085 0.0016 0.9714 0.0112 0.0034 0.0019 0.0021 
       h0094 10 0.0022 0.0053 0.9767 0.0068 0.0039 0.0016 0.0035 
       h0104 10 0.0035 0.0024 0.8262 0.1520 0.0024 0.0065 0.0071 
       h0114 10 0.0042 0.0033 0.9781 0.0072 0.0048 0.0012 0.0013 
       h0124 10 0.0044 0.0031 0.9692 0.0089 0.0109 0.0014 0.0020 
       h0134 10 0.0061 0.0126 0.9670 0.0053 0.0053 0.0017 0.0020 
       h0144 10 0.0042 0.0017 0.9723 0.0118 0.0034 0.0024 0.0043 
       h0154 10 0.0069 0.0046 0.9281 0.0541 0.0033 0.0016 0.0014 
       h0164 10 0.0044 0.0037 0.9728 0.0040 0.0084 0.0033 0.0034 
       h0174 10 0.0035 0.0055 0.9768 0.0074 0.0033 0.0020 0.0014 
       h0184 10 0.0043 0.0024 0.9748 0.0073 0.0035 0.0020 0.0057 
       h0194 10 0.0218 0.0022 0.9601 0.0040 0.0071 0.0019 0.0029 
       h0204 10 0.0036 0.0053 0.9430 0.0405 0.0042 0.0019 0.0014 
       h0214 10 0.0044 0.0050 0.9792 0.0038 0.0043 0.0012 0.0021 
       h0224 10 0.0076 0.0015 0.9706 0.0031 0.0038 0.0035 0.0099 
       h0234 10 0.0026 0.0023 0.9822 0.0080 0.0018 0.0014 0.0017 
       h0244 10 0.0043 0.0039 0.9666 0.0100 0.0038 0.0025 0.0089 
       h0254 10 0.0210 0.0019 0.8266 0.1400 0.0031 0.0043 0.0032 
       h0264 10 0.0031 0.0049 0.9756 0.0065 0.0037 0.0024 0.0037 
       h0274 10 0.0024 0.0016 0.9736 0.0153 0.0031 0.0013 0.0029 
       h0284 10 0.0046 0.0039 0.9771 0.0066 0.0035 0.0020 0.0022 
       h0294 10 0.0029 0.0015 0.9813 0.0083 0.0033 0.0012 0.0014 
       h0304 10 0.0034 0.0035 0.9845 0.0025 0.0026 0.0015 0.0021 
       h0314 10 0.0025 0.0019 0.9571 0.0126 0.0030 0.0017 0.0212 
       h0324 10 0.0019 0.0018 0.9808 0.0088 0.0023 0.0016 0.0028 
       h0334 10 0.0108 0.0034 0.9719 0.0050 0.0053 0.0015 0.0021 
       h0344 10 0.0022 0.0125 0.9534 0.0061 0.0218 0.0018 0.0023 
       h0354 10 0.0019 0.0033 0.9677 0.0050 0.0171 0.0030 0.0020 
       h0364 10 0.0020 0.0022 0.9799 0.0076 0.0041 0.0015 0.0027 
       h0374 10 0.0309 0.0040 0.9240 0.0050 0.0070 0.0175 0.0117 
       h0384 10 0.0026 0.0020 0.9793 0.0067 0.0024 0.0028 0.0041 
       h0394 10 0.0034 0.0033 0.9690 0.0124 0.0047 0.0037 0.0035 
       h0404 10 0.0015 0.0016 0.9868 0.0043 0.0027 0.0014 0.0018 
       h0414 10 0.0212 0.0040 0.9383 0.0085 0.0252 0.0016 0.0013 
       h0424 10 0.0025 0.0040 0.9809 0.0061 0.0021 0.0019 0.0025 
       h0434 10 0.0033 0.0035 0.9779 0.0060 0.0031 0.0015 0.0047 
       h0444 10 0.0025 0.0029 0.9541 0.0222 0.0051 0.0021 0.0110 
       h0454 10 0.0021 0.0019 0.9851 0.0035 0.0024 0.0024 0.0027 
       h0464 10 0.0020 0.0017 0.9781 0.0104 0.0025 0.0013 0.0041 
       h0474 10 0.0040 0.0030 0.9573 0.0119 0.0195 0.0015 0.0028 
       h0484 10 0.0032 0.0021 0.9776 0.0065 0.0042 0.0020 0.0044 
       h0494 10 0.0043 0.0025 0.8758 0.1059 0.0076 0.0021 0.0019 
       h0504 10 0.0021 0.0018 0.9860 0.0033 0.0023 0.0018 0.0027 
       h0514 10 0.0067 0.0037 0.9622 0.0055 0.0091 0.0044 0.0085 
       h0524 10 0.0044 0.0022 0.9784 0.0029 0.0040 0.0036 0.0045 
       h0534 10 0.0020 0.0024 0.9854 0.0038 0.0021 0.0022 0.0021 
       h0544 10 0.0071 0.0075 0.9604 0.0051 0.0106 0.0014 0.0078 
       h0554 10 0.0034 0.0051 0.9192 0.0264 0.0407 0.0036 0.0014 
       h0564 10 0.0036 0.0035 0.9070 0.0790 0.0036 0.0017 0.0016 
       h0574 10 0.0021 0.0018 0.9808 0.0056 0.0029 0.0018 0.0051 
       h0584 10 0.0042 0.0032 0.9590 0.0223 0.0041 0.0022 0.0050 
       h0594 10 0.0124 0.0038 0.9691 0.0026 0.0068 0.0017 0.0037 
       h0604 10 0.0026 0.0018 0.9842 0.0061 0.0026 0.0015 0.0013 
       h0614 10 0.0038 0.0021 0.9799 0.0049 0.0036 0.0028 0.0029 
       h0624 10 0.0062 0.0045 0.9770 0.0040 0.0027 0.0013 0.0043 
       h0634 10 0.0019 0.0021 0.9439 0.0459 0.0025 0.0016 0.0020 
       h0644 10 0.0038 0.0049 0.9582 0.0203 0.0051 0.0019 0.0059 
       h0654 10 0.0090 0.0034 0.9720 0.0066 0.0034 0.0038 0.0018 
       h0664 10 0.0018 0.0025 0.9852 0.0052 0.0024 0.0012 0.0017 
       h0674 10 0.0016 0.0016 0.9849 0.0027 0.0024 0.0014 0.0054 
       h0684 10 0.0066 0.0053 0.9132 0.0195 0.0454 0.0026 0.0074 
       h0694 10 0.0020 0.0068 0.9666 0.0102 0.0105 0.0014 0.0025 
       h0704 10 0.0016 0.0022 0.9887 0.0032 0.0016 0.0013 0.0013 
       h0714 10 0.0018 0.0023 0.9127 0.0686 0.0029 0.0094 0.0023 
       h0724 10 0.0037 0.0060 0.9281 0.0028 0.0541 0.0024 0.0029 
       h0734 10 0.0054 0.0020 0.8628 0.1175 0.0064 0.0017 0.0043 
       h0744 10 0.0023 0.0037 0.9805 0.0068 0.0037 0.0015 0.0015 
       h0754 10 0.0030 0.0027 0.9779 0.0041 0.0023 0.0020 0.0081 
       h0764 10 0.0028 0.0019 0.9636 0.0167 0.0028 0.0016 0.0106 
       h0774 10 0.0432 0.0110 0.8955 0.0371 0.0080 0.0017 0.0035 
       h0784 10 0.0030 0.0020 0.9667 0.0039 0.0057 0.0138 0.0048 
       h0794 10 0.0061 0.0019 0.9768 0.0065 0.0046 0.0027 0.0014 
       h0804 10 0.0170 0.0064 0.9617 0.0035 0.0032 0.0029 0.0052 
       h0814 10 0.0078 0.0047 0.9482 0.0112 0.0198 0.0038 0.0045 
       h0824 10 0.0018 0.0016 0.9748 0.0159 0.0029 0.0011 0.0019 
       h0834 10 0.0020 0.0017 0.9869 0.0024 0.0026 0.0021 0.0024 
       h0844 10 0.0012 0.0017 0.9883 0.0029 0.0027 0.0012 0.0019 
       h0854 10 0.0048 0.0016 0.9367 0.0309 0.0227 0.0019 0.0014 
       h0864 10 0.0058 0.0019 0.9707 0.0140 0.0025 0.0021 0.0030 
       h0874 10 0.0123 0.0032 0.7874 0.0167 0.1725 0.0059 0.0020 
       h0884 10 0.0051 0.0406 0.9082 0.0238 0.0172 0.0015 0.0037 
       h0894 10 0.0186 0.0052 0.7993 0.1690 0.0039 0.0018 0.0022 
       h0904 10 0.0188 0.0031 0.9333 0.0273 0.0125 0.0032 0.0020 
       h0914 10 0.0045 0.0015 0.9771 0.0044 0.0065 0.0026 0.0034 
       h0924 10 0.0026 0.0039 0.9824 0.0059 0.0022 0.0011 0.0019 
       h0934 10 0.0050 0.0160 0.9665 0.0055 0.0033 0.0014 0.0024 
       h0944 10 0.0030 0.0045 0.9772 0.0046 0.0068 0.0019 0.0020 
       h0954 10 0.0055 0.0018 0.9704 0.0161 0.0027 0.0015 0.0020 
       h0964 10 0.0033 0.0048 0.9823 0.0029 0.0032 0.0015 0.0020 
       h0974 10 0.0022 0.0013 0.9886 0.0034 0.0020 0.0010 0.0016 
       h0984 10 0.0018 0.0013 0.9861 0.0041 0.0034 0.0015 0.0017 
       h0994 10 0.0025 0.0014 0.9787 0.0114 0.0020 0.0017 0.0024 
       h1004 10 0.0028 0.0019 0.9815 0.0080 0.0034 0.0011 0.0012 
       h1014 10 0.0034 0.0019 0.9827 0.0040 0.0032 0.0013 0.0034 
       h1024 10 0.0037 0.0027 0.9648 0.0099 0.0139 0.0018 0.0032 
       h1034 10 0.0028 0.0069 0.9750 0.0048 0.0020 0.0036 0.0049 
       h1044 10 0.0114 0.0056 0.9071 0.0625 0.0045 0.0051 0.0038 
       h1054 10 0.0039 0.0013 0.9788 0.0107 0.0022 0.0016 0.0016 
       h1064 10 0.0043 0.0025 0.5278 0.4538 0.0031 0.0037 0.0048 
       h1074 10 0.0045 0.0023 0.9592 0.0116 0.0139 0.0023 0.0063 
       h1084 10 0.0037 0.0318 0.9378 0.0118 0.0094 0.0026 0.0029 
       h1094 10 0.0033 0.0071 0.9404 0.0064 0.0373 0.0025 0.0030 
       h1104 10 0.0015 0.0026 0.9827 0.0033 0.0069 0.0016 0.0015 
       h1114 10 0.0016 0.0019 0.9816 0.0083 0.0031 0.0017 0.0018 
       h1124 10 0.0030 0.0033 0.9370 0.0467 0.0034 0.0014 0.0051 
       h1134 10 0.0040 0.0056 0.9690 0.0045 0.0034 0.0055 0.0080 
       h1144 10 0.0077 0.0026 0.9564 0.0100 0.0086 0.0071 0.0076 
       h1154 10 0.0018 0.0015 0.9870 0.0026 0.0043 0.0016 0.0014 
       h1164 10 0.0030 0.0035 0.9764 0.0097 0.0023 0.0028 0.0023 
       h1174 10 0.0020 0.0087 0.9757 0.0047 0.0050 0.0018 0.0021 
       h1184 10 0.0034 0.0040 0.9796 0.0046 0.0054 0.0017 0.0013 
       h1194 10 0.0019 0.0013 0.9638 0.0169 0.0131 0.0016 0.0014 
       h1204 10 0.0030 0.0023 0.9145 0.0694 0.0074 0.0017 0.0018 
       h1214 10 0.0015 0.0015 0.9803 0.0029 0.0111 0.0013 0.0014 
       h1224 10 0.0025 0.0018 0.9749 0.0142 0.0026 0.0023 0.0018 
       h1234 10 0.0055 0.0016 0.9799 0.0045 0.0027 0.0018 0.0040 
       h1244 10 0.0026 0.0028 0.9807 0.0066 0.0040 0.0018 0.0015 
       h1254 10 0.0018 0.0030 0.9766 0.0074 0.0076 0.0019 0.0017 
     CX.10JP 11 0.0025 0.0024 0.0042 0.9837 0.0037 0.0016 0.0019 
     CX.10JX 11 0.0025 0.0027 0.0025 0.9816 0.0026 0.0023 0.0057 
     CX.10K0 11 0.0087 0.0099 0.0199 0.9508 0.0057 0.0024 0.0025 
     CX.10K5 11 0.0213 0.0067 0.1803 0.7761 0.0087 0.0016 0.0053 
     CX.10K6 11 0.0029 0.0026 0.0812 0.9070 0.0026 0.0019 0.0019 
     CX.10K7 11 0.0030 0.0023 0.0145 0.9712 0.0043 0.0015 0.0032 
     CX.10KA 11 0.0021 0.0014 0.0035 0.9823 0.0023 0.0036 0.0048 
     CX.10KC 11 0.0037 0.0017 0.0053 0.9804 0.0023 0.0052 0.0013 
     CX.10KH 11 0.0050 0.0026 0.0058 0.9751 0.0035 0.0050 0.0031 
     CX.10KL 11 0.0423 0.0587 0.0374 0.8478 0.0028 0.0074 0.0037 
     CX.10KM 11 0.0019 0.0015 0.0028 0.9888 0.0018 0.0014 0.0017 
     CX.10KT 11 0.0360 0.0026 0.0211 0.9318 0.0026 0.0018 0.0041 
     CX.10KU 11 0.0032 0.0020 0.0159 0.9677 0.0063 0.0019 0.0030 
     CX.10KX 11 0.0017 0.0025 0.0135 0.9740 0.0034 0.0018 0.0031 
     CX.10L0 11 0.0034 0.0018 0.0153 0.9481 0.0246 0.0048 0.0019 
     CX.10L6 11 0.0045 0.0021 0.0423 0.9371 0.0027 0.0018 0.0095 
     CX.10L7 11 0.0153 0.0029 0.0040 0.9699 0.0032 0.0022 0.0025 
     CX.10L8 11 0.0056 0.0102 0.0880 0.7729 0.0500 0.0399 0.0334 
     CX.10LA 11 0.0028 0.0075 0.0321 0.9421 0.0097 0.0016 0.0041 
     CX.10LE 11 0.0066 0.0038 0.0054 0.9294 0.0028 0.0026 0.0494 
     CX.10LH 11 0.0020 0.0022 0.0033 0.9846 0.0025 0.0023 0.0031 
     CX.10LK 11 0.0020 0.0052 0.0081 0.9777 0.0037 0.0016 0.0017 
     CX.10LL 11 0.0032 0.0012 0.0484 0.9372 0.0037 0.0017 0.0044 
     CX.10LP 11 0.0027 0.0095 0.0075 0.9593 0.0066 0.0059 0.0086 
     CX.10LT 11 0.0025 0.0020 0.0104 0.9773 0.0022 0.0034 0.0022 
     CX.10LU 11 0.0035 0.0035 0.0147 0.9703 0.0044 0.0015 0.0022 
     CX.10M1 11 0.0110 0.0014 0.0032 0.9787 0.0022 0.0017 0.0017 
     CX.10M2 11 0.0023 0.0014 0.0179 0.9714 0.0025 0.0012 0.0033 
     CX.10M3 11 0.0026 0.0019 0.0111 0.9716 0.0075 0.0022 0.0030 
     CX.10M5 11 0.0023 0.0023 0.0053 0.9813 0.0048 0.0020 0.0021 
     CX.10M6 11 0.0031 0.0031 0.0905 0.8848 0.0064 0.0027 0.0094 
     CX.10M7 11 0.0153 0.0058 0.0106 0.9563 0.0083 0.0023 0.0014 
     CX.10M8 11 0.0279 0.0062 0.7001 0.2553 0.0049 0.0024 0.0033 
     CX.10P3 11 0.0308 0.0127 0.7488 0.1660 0.0220 0.0017 0.0180 
     CX.10P7 11 0.0117 0.0032 0.6406 0.3200 0.0140 0.0018 0.0087 
     CX.10PC 11 0.0027 0.0032 0.0120 0.9733 0.0054 0.0012 0.0022 
     CX.10PE 11 0.0038 0.0016 0.1046 0.8754 0.0040 0.0015 0.0091 
     CX.10PU 11 0.0044 0.0067 0.0405 0.9376 0.0057 0.0024 0.0027 
     CX.10PX 11 0.0131 0.0018 0.0248 0.9523 0.0036 0.0018 0.0026 
     CX.10T0 11 0.0109 0.0016 0.0202 0.9518 0.0086 0.0046 0.0023 
     CX.10T2 11 0.0051 0.0021 0.0193 0.9668 0.0036 0.0012 0.0019 
     CX.10JT 11 0.0025 0.0024 0.0231 0.9577 0.0036 0.0086 0.0021 
     CX.10JY 11 0.0043 0.0035 0.0064 0.9675 0.0031 0.0017 0.0135 
     CX.10K4 11 0.0033 0.0023 0.0022 0.9858 0.0024 0.0020 0.0021 
     CX.10KE 11 0.0061 0.0017 0.0277 0.9497 0.0024 0.0019 0.0105 
     CX.10KY 11 0.0027 0.0015 0.0036 0.9873 0.0021 0.0012 0.0015 
     CX.10L2 11 0.0034 0.0029 0.0047 0.9821 0.0029 0.0023 0.0018 
     CX.10L3 11 0.0026 0.0018 0.0042 0.9678 0.0091 0.0023 0.0121 
     CX.10LF 11 0.0078 0.0060 0.0063 0.9711 0.0043 0.0024 0.0021 
     CX.10LM 11 0.0179 0.0026 0.0603 0.7854 0.1231 0.0042 0.0065 
     CX.10LY 11 0.0118 0.0042 0.0037 0.9558 0.0163 0.0029 0.0052 
     CX.10M0 11 0.0036 0.0023 0.3026 0.6844 0.0033 0.0023 0.0015 
     CX.10MA 11 0.0166 0.0053 0.0128 0.9246 0.0248 0.0026 0.0133 
       h0015 12 0.0027 0.0114 0.0062 0.9522 0.0177 0.0042 0.0056 
       h0025 12 0.0029 0.0026 0.0429 0.9358 0.0095 0.0035 0.0028 
       h0035 12 0.0021 0.0014 0.0034 0.9846 0.0049 0.0013 0.0022 
       h0045 12 0.0096 0.0078 0.0103 0.9666 0.0021 0.0015 0.0022 
       h0055 12 0.0034 0.0101 0.0074 0.9636 0.0029 0.0072 0.0054 
       h0065 12 0.0015 0.0025 0.0917 0.8930 0.0083 0.0020 0.0011 
       h0075 12 0.0017 0.0019 0.0097 0.9772 0.0049 0.0019 0.0027 
       h0085 12 0.0104 0.0027 0.0357 0.9451 0.0019 0.0013 0.0029 
       h0095 12 0.0034 0.0028 0.0084 0.9789 0.0031 0.0012 0.0023 
       h0105 12 0.0059 0.0044 0.0043 0.9767 0.0040 0.0015 0.0031 
       h0115 12 0.0212 0.0026 0.0032 0.9632 0.0039 0.0021 0.0038 
       h0125 12 0.0075 0.0117 0.0048 0.9647 0.0043 0.0017 0.0053 
       h0135 12 0.0029 0.0054 0.0044 0.9792 0.0042 0.0014 0.0024 
       h0145 12 0.0018 0.0014 0.0029 0.9896 0.0016 0.0016 0.0011 
       h0155 12 0.0067 0.0065 0.0102 0.9694 0.0036 0.0019 0.0019 
       h0165 12 0.0041 0.0044 0.0031 0.9781 0.0036 0.0039 0.0028 
       h0175 12 0.0023 0.0033 0.0192 0.9665 0.0043 0.0020 0.0025 
       h0185 12 0.0043 0.0223 0.0203 0.9367 0.0098 0.0020 0.0047 
       h0195 12 0.0239 0.0074 0.0261 0.9227 0.0130 0.0020 0.0049 
       h0205 12 0.0030 0.0024 0.0028 0.9844 0.0027 0.0013 0.0034 
       h0215 12 0.0113 0.0032 0.0084 0.9697 0.0033 0.0021 0.0021 
       h0225 12 0.0041 0.0022 0.0214 0.9517 0.0158 0.0018 0.0031 
       h0235 12 0.0127 0.0012 0.0060 0.9703 0.0029 0.0022 0.0047 
       h0245 12 0.0058 0.0037 0.0121 0.9638 0.0109 0.0015 0.0022 
       h0255 12 0.0027 0.0026 0.0270 0.9609 0.0036 0.0014 0.0019 
       h0265 12 0.0023 0.0034 0.0439 0.9346 0.0045 0.0035 0.0079 
       h0275 12 0.0049 0.0025 0.0045 0.9808 0.0032 0.0018 0.0023 
       h0285 12 0.0028 0.0052 0.0279 0.9474 0.0083 0.0018 0.0067 
       h0295 12 0.0027 0.0014 0.0156 0.9719 0.0035 0.0033 0.0015 
       h0305 12 0.0034 0.0042 0.1931 0.7544 0.0146 0.0015 0.0289 
       h0315 12 0.0018 0.0037 0.0058 0.9663 0.0034 0.0023 0.0168 
       h0325 12 0.0015 0.0012 0.0050 0.9872 0.0024 0.0016 0.0012 
       h0335 12 0.0054 0.0034 0.0068 0.9761 0.0037 0.0020 0.0025 
       h0345 12 0.0059 0.0070 0.0648 0.8967 0.0203 0.0040 0.0014 
       h0355 12 0.0364 0.0031 0.0465 0.9060 0.0036 0.0024 0.0020 
       h0365 12 0.0033 0.0023 0.0393 0.9402 0.0021 0.0023 0.0105 
       h0375 12 0.0027 0.0015 0.0101 0.9772 0.0020 0.0017 0.0047 
       h0385 12 0.0046 0.0037 0.0071 0.9753 0.0052 0.0014 0.0027 
       h0395 12 0.0147 0.0019 0.0103 0.9638 0.0034 0.0016 0.0044 
       h0405 12 0.0076 0.0025 0.0436 0.9303 0.0030 0.0041 0.0088 
       h0415 12 0.0040 0.0024 0.0064 0.9762 0.0034 0.0024 0.0053 
       h0425 12 0.0020 0.0017 0.0044 0.9861 0.0031 0.0015 0.0013 
       h0435 12 0.0039 0.0092 0.0666 0.8661 0.0475 0.0026 0.0041 
       h0445 12 0.0015 0.0019 0.0055 0.9831 0.0028 0.0016 0.0036 
       h0455 12 0.0040 0.0189 0.0167 0.9451 0.0053 0.0019 0.0081 
       h0465 12 0.0047 0.0020 0.0053 0.9805 0.0035 0.0020 0.0020 
       h0475 12 0.0083 0.0029 0.0117 0.9666 0.0043 0.0036 0.0026 
       h0485 12 0.0106 0.0017 0.0052 0.9734 0.0024 0.0033 0.0034 
       h0495 12 0.0037 0.0072 0.0174 0.9576 0.0063 0.0030 0.0047 
       h0505 12 0.0033 0.0019 0.0170 0.9700 0.0021 0.0021 0.0036 
       h0515 12 0.0047 0.0020 0.0071 0.9798 0.0028 0.0015 0.0020 
       h0525 12 0.0044 0.0020 0.0108 0.9774 0.0023 0.0017 0.0013 
       h0535 12 0.0048 0.0053 0.0055 0.9697 0.0051 0.0020 0.0075 
       h0545 12 0.0029 0.0017 0.0116 0.9677 0.0029 0.0028 0.0103 
       h0555 12 0.0035 0.0036 0.0179 0.9419 0.0025 0.0048 0.0258 
       h0565 12 0.0046 0.0043 0.0135 0.9680 0.0059 0.0014 0.0023 
       h0575 12 0.0020 0.0030 0.0047 0.9821 0.0052 0.0014 0.0017 
       h0585 12 0.0058 0.0018 0.0052 0.9279 0.0548 0.0024 0.0022 
       h0595 12 0.0029 0.0144 0.0255 0.9045 0.0194 0.0053 0.0280 
       h0605 12 0.0041 0.0034 0.0038 0.9812 0.0042 0.0020 0.0014 
       h0615 12 0.0022 0.0026 0.0038 0.9828 0.0021 0.0025 0.0039 
       h0625 12 0.0030 0.0015 0.0068 0.9818 0.0030 0.0013 0.0026 
       h0635 12 0.0043 0.0027 0.0082 0.9481 0.0327 0.0016 0.0023 
       h0645 12 0.0020 0.0023 0.0033 0.9821 0.0037 0.0028 0.0039 
       h0655 12 0.0042 0.0030 0.0061 0.9774 0.0049 0.0024 0.0020 
       h0665 12 0.0033 0.0057 0.0076 0.9735 0.0069 0.0019 0.0012 
       h0675 12 0.0197 0.0036 0.0135 0.9562 0.0024 0.0022 0.0023 
       h0685 12 0.0051 0.0021 0.0121 0.9642 0.0096 0.0019 0.0050 
       h0695 12 0.0042 0.0062 0.0112 0.9650 0.0093 0.0018 0.0022 
       h0705 12 0.0027 0.0042 0.0152 0.9675 0.0037 0.0017 0.0050 
       h0715 12 0.0059 0.0031 0.0449 0.9099 0.0326 0.0014 0.0023 
       h0725 12 0.0034 0.0015 0.0398 0.9475 0.0026 0.0030 0.0021 
       h0735 12 0.0149 0.0029 0.0311 0.9319 0.0092 0.0017 0.0084 
       h0745 12 0.0040 0.0016 0.0059 0.9782 0.0053 0.0023 0.0028 
       h0755 12 0.0028 0.0032 0.0068 0.9700 0.0127 0.0015 0.0030 
       h0765 12 0.0026 0.0021 0.0298 0.9520 0.0087 0.0028 0.0020 
       h0775 12 0.0115 0.0030 0.1706 0.7980 0.0111 0.0020 0.0037 
       h0785 12 0.0028 0.0035 0.0894 0.8960 0.0035 0.0017 0.0032 
       h0795 12 0.0031 0.0017 0.0196 0.9658 0.0030 0.0042 0.0026 
       h0805 12 0.0031 0.0019 0.0187 0.9715 0.0022 0.0011 0.0015 
       h0815 12 0.0025 0.0024 0.0038 0.9722 0.0024 0.0021 0.0146 
       h0825 12 0.0023 0.0014 0.0053 0.9830 0.0018 0.0040 0.0022 
       h0835 12 0.0019 0.0066 0.0146 0.9652 0.0088 0.0012 0.0018 
       h0845 12 0.0235 0.0029 0.0067 0.9564 0.0044 0.0022 0.0039 
       h0855 12 0.0435 0.0022 0.0060 0.9387 0.0052 0.0016 0.0028 
       h0865 12 0.0074 0.0051 0.0126 0.9661 0.0048 0.0017 0.0023 
       h0875 12 0.0087 0.0017 0.0082 0.9743 0.0025 0.0012 0.0034 
       h0885 12 0.0043 0.0023 0.0122 0.9757 0.0023 0.0012 0.0021 
       h0895 12 0.0029 0.0029 0.0057 0.9774 0.0043 0.0016 0.0051 
       h0905 12 0.0037 0.0022 0.0366 0.9377 0.0071 0.0033 0.0094 
       h0915 12 0.0052 0.0015 0.0033 0.9780 0.0069 0.0026 0.0025 
       h0925 12 0.0014 0.0015 0.0036 0.9852 0.0021 0.0040 0.0022 
       h0935 12 0.0021 0.0016 0.0048 0.9838 0.0020 0.0022 0.0035 
       h0945 12 0.0017 0.0015 0.0065 0.9832 0.0035 0.0016 0.0019 
       h0955 12 0.0031 0.0011 0.0028 0.9879 0.0019 0.0013 0.0020 
       h0965 12 0.0022 0.0023 0.0115 0.9766 0.0023 0.0018 0.0033 
       h0975 12 0.0594 0.0029 0.0109 0.8751 0.0356 0.0073 0.0088 
       h0985 12 0.0024 0.0029 0.0289 0.9547 0.0037 0.0022 0.0053 
       h0995 12 0.0019 0.0014 0.0030 0.9858 0.0018 0.0025 0.0037 
       h1005 12 0.0023 0.0042 0.0050 0.9829 0.0020 0.0016 0.0020 
       h1015 12 0.0042 0.0016 0.0050 0.9763 0.0045 0.0016 0.0069 
       h1025 12 0.0025 0.0016 0.0060 0.9777 0.0033 0.0031 0.0059 
       h1035 12 0.0071 0.0020 0.0076 0.9682 0.0023 0.0041 0.0087 
       h1045 12 0.0040 0.0033 0.0052 0.9757 0.0061 0.0024 0.0032 
       h1055 12 0.0027 0.0037 0.0254 0.9480 0.0097 0.0078 0.0027 
       h1065 12 0.0047 0.0048 0.0276 0.9524 0.0062 0.0025 0.0018 
       h1075 12 0.0023 0.0018 0.0126 0.9753 0.0055 0.0013 0.0012 
       h1085 12 0.0390 0.0021 0.0099 0.9412 0.0022 0.0018 0.0038 
       h1095 12 0.0041 0.0048 0.1357 0.8470 0.0052 0.0014 0.0018 
       h1105 12 0.0064 0.0016 0.0083 0.9786 0.0023 0.0013 0.0015 
       h1115 12 0.0073 0.0016 0.0058 0.9788 0.0023 0.0018 0.0024 
       h1125 12 0.0027 0.0020 0.0043 0.9835 0.0020 0.0029 0.0026 
       h1135 12 0.0029 0.0015 0.0096 0.9796 0.0026 0.0015 0.0022 
       h1145 12 0.0064 0.0211 0.0304 0.9282 0.0048 0.0030 0.0061 
       h1155 12 0.0020 0.0019 0.0030 0.9866 0.0029 0.0020 0.0014 
       h1165 12 0.0023 0.0025 0.0087 0.9791 0.0032 0.0017 0.0025 
       h1175 12 0.0041 0.0027 0.0056 0.9198 0.0022 0.0014 0.0643 
       h1185 12 0.0073 0.0029 0.0144 0.9463 0.0234 0.0016 0.0042 
       h1195 12 0.0049 0.0043 0.0544 0.9187 0.0144 0.0013 0.0019 
       h1205 12 0.0040 0.0026 0.0177 0.9687 0.0041 0.0015 0.0014 
       h1215 12 0.0102 0.0014 0.0128 0.9708 0.0019 0.0015 0.0015 
       h1225 12 0.0352 0.0036 0.0179 0.8450 0.0872 0.0026 0.0085 
       h1235 12 0.0081 0.0018 0.0057 0.9507 0.0054 0.0021 0.0262 
       h1245 12 0.0080 0.0222 0.0314 0.9272 0.0066 0.0022 0.0025 
       h1255 12 0.0085 0.0022 0.0061 0.9741 0.0040 0.0014 0.0038 
     CK.0PLA 13 0.0042 0.9833 0.0023 0.0030 0.0030 0.0024 0.0018 
     CK.0PLC 13 0.0034 0.9803 0.0026 0.0047 0.0044 0.0027 0.0020 
     CK.0PLE 13 0.0022 0.9869 0.0028 0.0023 0.0021 0.0014 0.0023 
     CK.0PLF 13 0.0084 0.9389 0.0072 0.0162 0.0152 0.0055 0.0087 
     CK.0PLH 13 0.0037 0.9846 0.0014 0.0012 0.0042 0.0026 0.0024 
     CK.0PLJ 13 0.0013 0.9746 0.0084 0.0071 0.0036 0.0017 0.0032 
     CK.0PLK 13 0.0022 0.9907 0.0016 0.0013 0.0019 0.0011 0.0012 
     CK.0PLL 13 0.0014 0.9885 0.0021 0.0019 0.0021 0.0022 0.0018 
     CK.0PLM 13 0.0023 0.9877 0.0016 0.0020 0.0019 0.0018 0.0028 
     CK.0PLP 13 0.0016 0.9890 0.0020 0.0019 0.0022 0.0018 0.0015 
     CK.0PLT 13 0.0014 0.9923 0.0013 0.0014 0.0014 0.0011 0.0011 
     CK.0PLU 13 0.0019 0.9896 0.0018 0.0016 0.0020 0.0015 0.0016 
     CK.0PLX 13 0.0095 0.9759 0.0028 0.0023 0.0038 0.0032 0.0025 
     CK.0PLY 13 0.0014 0.9922 0.0013 0.0013 0.0015 0.0010 0.0012 
     CK.0PM0 13 0.0022 0.9894 0.0017 0.0020 0.0019 0.0014 0.0013 
     CK.0PM1 13 0.0020 0.9911 0.0013 0.0014 0.0017 0.0012 0.0012 
     CK.0PM2 13 0.0017 0.9807 0.0022 0.0021 0.0024 0.0019 0.0090 
     CK.0PM3 13 0.0016 0.9908 0.0015 0.0015 0.0017 0.0017 0.0012 
     CK.0PM4 13 0.0019 0.9868 0.0027 0.0028 0.0019 0.0022 0.0017 
     CK.0PM7 13 0.0015 0.9905 0.0019 0.0018 0.0016 0.0013 0.0014 
     CK.0PM8 13 0.0016 0.9911 0.0018 0.0018 0.0014 0.0011 0.0013 
     CK.0PMA 13 0.0025 0.9844 0.0028 0.0026 0.0021 0.0022 0.0035 
       M2C06 13 0.0013 0.9906 0.0017 0.0021 0.0016 0.0013 0.0013 
       M2C07 13 0.0013 0.9930 0.0012 0.0012 0.0012 0.0010 0.0011 
       M2C08 13 0.0010 0.9935 0.0011 0.0011 0.0013 0.0010 0.0010 
       M2C0A 13 0.0015 0.9903 0.0016 0.0015 0.0017 0.0013 0.0020 
       M2C0C 13 0.0018 0.9905 0.0015 0.0019 0.0017 0.0012 0.0014 
       M2C0E 13 0.0014 0.9918 0.0014 0.0013 0.0016 0.0013 0.0012 
       h0012 14 0.0019 0.9877 0.0021 0.0028 0.0020 0.0020 0.0015 
       h0022 14 0.0011 0.9924 0.0015 0.0016 0.0015 0.0010 0.0010 
       h0032 14 0.0021 0.9898 0.0016 0.0019 0.0021 0.0015 0.0010 
       h0042 14 0.0014 0.9893 0.0017 0.0016 0.0028 0.0012 0.0021 
       h0052 14 0.0018 0.9901 0.0014 0.0020 0.0015 0.0017 0.0014 
       h0062 14 0.0035 0.9843 0.0017 0.0017 0.0034 0.0017 0.0037 
       h0072 14 0.0026 0.9876 0.0020 0.0024 0.0018 0.0016 0.0020 
       h0082 14 0.0023 0.9881 0.0014 0.0019 0.0032 0.0018 0.0012 
       h0092 14 0.0017 0.9867 0.0022 0.0023 0.0029 0.0020 0.0023 
       h0102 14 0.0014 0.9913 0.0016 0.0014 0.0017 0.0012 0.0012 
       h0112 14 0.0014 0.9920 0.0014 0.0013 0.0013 0.0013 0.0013 
       h0122 14 0.0015 0.9855 0.0022 0.0019 0.0021 0.0021 0.0048 
       h0132 14 0.0014 0.9913 0.0015 0.0015 0.0015 0.0018 0.0011 
       h0142 14 0.0018 0.9902 0.0016 0.0015 0.0014 0.0017 0.0017 
       h0152 14 0.0017 0.9901 0.0019 0.0020 0.0015 0.0015 0.0013 
       h0162 14 0.0018 0.9825 0.0031 0.0020 0.0023 0.0023 0.0062 
       h0172 14 0.0016 0.9912 0.0016 0.0017 0.0014 0.0012 0.0012 
       h0182 14 0.0019 0.9867 0.0028 0.0026 0.0020 0.0020 0.0021 
       h0192 14 0.0016 0.9907 0.0016 0.0019 0.0014 0.0013 0.0015 
       h0202 14 0.0019 0.9914 0.0013 0.0016 0.0015 0.0012 0.0012 
       h0212 14 0.0012 0.9929 0.0012 0.0011 0.0013 0.0010 0.0011 
       h0222 14 0.0012 0.9916 0.0015 0.0016 0.0018 0.0012 0.0011 
       h0232 14 0.0016 0.9885 0.0020 0.0024 0.0025 0.0018 0.0013 
       h0242 14 0.0011 0.9921 0.0012 0.0016 0.0017 0.0011 0.0012 
       h0252 14 0.0015 0.9896 0.0023 0.0026 0.0019 0.0011 0.0009 
       h0262 14 0.0015 0.9883 0.0020 0.0025 0.0024 0.0016 0.0017 
       h0272 14 0.0013 0.9914 0.0014 0.0012 0.0021 0.0015 0.0010 
       h0282 14 0.0021 0.9870 0.0016 0.0023 0.0029 0.0018 0.0023 
       h0292 14 0.0035 0.9857 0.0021 0.0029 0.0021 0.0022 0.0014 
       h0302 14 0.0015 0.9892 0.0017 0.0019 0.0018 0.0022 0.0017 
       h0312 14 0.0016 0.9913 0.0014 0.0015 0.0019 0.0013 0.0010 
       h0322 14 0.0036 0.9845 0.0023 0.0023 0.0032 0.0018 0.0024 
       h0332 14 0.0012 0.9900 0.0018 0.0017 0.0021 0.0014 0.0017 
       h0342 14 0.0037 0.9808 0.0038 0.0040 0.0035 0.0029 0.0014 
       h0352 14 0.0015 0.9894 0.0018 0.0025 0.0021 0.0015 0.0011 
       h0362 14 0.0026 0.9860 0.0024 0.0038 0.0027 0.0015 0.0011 
       h0372 14 0.0038 0.9878 0.0016 0.0019 0.0020 0.0016 0.0015 
       h0382 14 0.0014 0.9902 0.0017 0.0017 0.0026 0.0011 0.0012 
       h0392 14 0.0017 0.9905 0.0015 0.0016 0.0022 0.0012 0.0013 
       h0402 14 0.0019 0.9878 0.0026 0.0020 0.0024 0.0012 0.0021 
       h0412 14 0.0013 0.9927 0.0011 0.0012 0.0014 0.0013 0.0011 
       h0422 14 0.0013 0.9894 0.0022 0.0026 0.0017 0.0014 0.0014 
       h0432 14 0.0016 0.9862 0.0016 0.0020 0.0015 0.0014 0.0057 
       h0442 14 0.0020 0.9881 0.0025 0.0018 0.0024 0.0017 0.0015 
       h0452 14 0.0015 0.9920 0.0014 0.0014 0.0015 0.0010 0.0012 
       h0462 14 0.0021 0.9898 0.0018 0.0019 0.0014 0.0016 0.0014 
       h0472 14 0.0019 0.9830 0.0028 0.0034 0.0035 0.0031 0.0023 
       h0482 14 0.0021 0.9911 0.0012 0.0016 0.0013 0.0013 0.0014 
       h0492 14 0.0024 0.9907 0.0013 0.0012 0.0016 0.0013 0.0015 
       h0502 14 0.0022 0.9892 0.0019 0.0017 0.0018 0.0019 0.0013 
       h0512 14 0.0024 0.9865 0.0020 0.0031 0.0022 0.0022 0.0016 
       h0522 14 0.0022 0.9871 0.0020 0.0018 0.0033 0.0012 0.0025 
       h0532 14 0.0016 0.9883 0.0032 0.0025 0.0017 0.0014 0.0013 
       h0542 14 0.0014 0.9909 0.0017 0.0016 0.0018 0.0014 0.0012 
       h0552 14 0.0059 0.9763 0.0048 0.0029 0.0054 0.0017 0.0030 
       h0562 14 0.0021 0.9882 0.0018 0.0023 0.0022 0.0018 0.0016 
       h0572 14 0.0020 0.9872 0.0027 0.0027 0.0014 0.0019 0.0020 
       h0582 14 0.0020 0.9895 0.0019 0.0020 0.0017 0.0013 0.0016 
       h0592 14 0.0032 0.9894 0.0015 0.0015 0.0020 0.0013 0.0010 
       h0602 14 0.0015 0.9921 0.0013 0.0013 0.0014 0.0012 0.0013 
       h0612 14 0.0145 0.9486 0.0057 0.0051 0.0051 0.0125 0.0086 
       h0622 14 0.0014 0.9869 0.0016 0.0019 0.0044 0.0013 0.0025 
       h0632 14 0.0017 0.9920 0.0013 0.0012 0.0015 0.0011 0.0011 
       h0642 14 0.0012 0.9920 0.0013 0.0012 0.0019 0.0013 0.0011 
       h0652 14 0.0014 0.9903 0.0016 0.0018 0.0014 0.0017 0.0019 
       h0662 14 0.0019 0.9911 0.0013 0.0015 0.0016 0.0013 0.0013 
       h0672 14 0.0029 0.9817 0.0027 0.0022 0.0018 0.0015 0.0072 
       h0682 14 0.0028 0.9902 0.0014 0.0014 0.0015 0.0013 0.0013 
       h0692 14 0.0026 0.9881 0.0020 0.0021 0.0027 0.0013 0.0011 
       h0702 14 0.0015 0.9916 0.0012 0.0012 0.0014 0.0011 0.0019 
       h0712 14 0.0012 0.9920 0.0014 0.0012 0.0016 0.0014 0.0012 
       h0722 14 0.0015 0.9906 0.0017 0.0017 0.0020 0.0013 0.0012 
       h0732 14 0.0013 0.9931 0.0011 0.0011 0.0015 0.0009 0.0010 
       h0742 14 0.0065 0.9814 0.0013 0.0017 0.0040 0.0029 0.0023 
       h0752 14 0.0019 0.9911 0.0014 0.0014 0.0018 0.0010 0.0014 
       h0762 14 0.0018 0.9867 0.0025 0.0023 0.0023 0.0024 0.0020 
       h0772 14 0.0017 0.9896 0.0028 0.0021 0.0013 0.0012 0.0013 
       h0782 14 0.0016 0.9920 0.0014 0.0014 0.0014 0.0011 0.0011 
       h0792 14 0.0022 0.9866 0.0033 0.0020 0.0030 0.0011 0.0018 
       h0802 14 0.0015 0.9902 0.0015 0.0017 0.0018 0.0021 0.0012 
       h0812 14 0.0016 0.9893 0.0017 0.0018 0.0017 0.0021 0.0017 
       h0822 14 0.0019 0.9871 0.0021 0.0025 0.0016 0.0016 0.0032 
       h0832 14 0.0018 0.9877 0.0018 0.0020 0.0033 0.0017 0.0017 
       h0842 14 0.0014 0.9915 0.0015 0.0013 0.0017 0.0010 0.0015 
       h0852 14 0.0013 0.9921 0.0015 0.0014 0.0015 0.0012 0.0011 
       h0862 14 0.0036 0.9861 0.0018 0.0025 0.0022 0.0020 0.0018 
       h0872 14 0.0017 0.9914 0.0012 0.0013 0.0016 0.0013 0.0015 
       h0882 14 0.0016 0.9915 0.0015 0.0013 0.0019 0.0011 0.0010 
       h0892 14 0.0012 0.9924 0.0016 0.0012 0.0015 0.0011 0.0011 
       h0902 14 0.0014 0.9915 0.0013 0.0015 0.0014 0.0012 0.0018 
       h0912 14 0.0166 0.9556 0.0033 0.0082 0.0032 0.0046 0.0085 
       h0922 14 0.0015 0.9920 0.0013 0.0013 0.0015 0.0013 0.0012 
       h0932 14 0.0021 0.9865 0.0025 0.0032 0.0024 0.0019 0.0015 
       h0942 14 0.0017 0.9879 0.0028 0.0018 0.0025 0.0016 0.0017 
       h0952 14 0.0022 0.9899 0.0015 0.0017 0.0021 0.0013 0.0013 
       h0962 14 0.0023 0.9828 0.0022 0.0026 0.0034 0.0023 0.0045 
       h0972 14 0.0014 0.9851 0.0025 0.0023 0.0026 0.0028 0.0035 
       h0982 14 0.0014 0.9921 0.0012 0.0014 0.0015 0.0010 0.0013 
       h0992 14 0.0012 0.9930 0.0011 0.0011 0.0013 0.0012 0.0010 
       h1002 14 0.0014 0.9919 0.0016 0.0012 0.0017 0.0011 0.0010 
       h1012 14 0.0016 0.9914 0.0012 0.0014 0.0019 0.0010 0.0015 
       h1022 14 0.0012 0.9924 0.0012 0.0013 0.0015 0.0013 0.0012 
       h1032 14 0.0058 0.9843 0.0013 0.0011 0.0027 0.0019 0.0029 
       h1042 14 0.0015 0.9915 0.0015 0.0013 0.0016 0.0013 0.0013 
       h1052 14 0.0018 0.9884 0.0024 0.0023 0.0019 0.0016 0.0015 
       h1062 14 0.0031 0.9848 0.0033 0.0036 0.0026 0.0014 0.0013 
       h1072 14 0.0011 0.9909 0.0013 0.0013 0.0020 0.0017 0.0016 
       h1082 14 0.0012 0.9904 0.0017 0.0019 0.0023 0.0014 0.0011 
       h1092 14 0.0013 0.9911 0.0014 0.0015 0.0014 0.0016 0.0016 
       h1102 14 0.0013 0.9922 0.0014 0.0014 0.0014 0.0011 0.0012 
       h1112 14 0.0021 0.9863 0.0019 0.0035 0.0016 0.0018 0.0028 
       h1122 14 0.0022 0.9871 0.0017 0.0034 0.0014 0.0022 0.0019 
       h1132 14 0.0023 0.9889 0.0019 0.0017 0.0026 0.0013 0.0014 
       h1142 14 0.0048 0.9697 0.0025 0.0055 0.0103 0.0029 0.0043 
       h1152 14 0.0013 0.9909 0.0019 0.0016 0.0019 0.0013 0.0012 
       h1162 14 0.0015 0.9917 0.0014 0.0013 0.0017 0.0012 0.0011 
       h1172 14 0.0015 0.9921 0.0012 0.0013 0.0014 0.0012 0.0013 
       h1182 14 0.0021 0.9875 0.0019 0.0021 0.0033 0.0017 0.0014 
       h1192 14 0.0015 0.9915 0.0015 0.0013 0.0019 0.0011 0.0011 
       h1202 14 0.0013 0.9920 0.0014 0.0013 0.0016 0.0013 0.0010 
       h1212 14 0.0016 0.9907 0.0016 0.0016 0.0018 0.0016 0.0011 
       h1222 14 0.0016 0.9910 0.0016 0.0014 0.0017 0.0013 0.0013 
       h1232 14 0.0011 0.9925 0.0014 0.0013 0.0015 0.0012 0.0010 
       h1242 14 0.0018 0.9874 0.0023 0.0022 0.0030 0.0022 0.0011 
       h1252 14 0.0017 0.9861 0.0037 0.0025 0.0030 0.0019 0.0010 
       h1262 14 0.0013 0.9911 0.0016 0.0016 0.0019 0.0013 0.0012 
       h1272 14 0.0012 0.9889 0.0016 0.0015 0.0024 0.0023 0.0023 
       h1282 14 0.0012 0.9931 0.0013 0.0012 0.0012 0.0010 0.0011 
       h1292 14 0.0049 0.9673 0.0029 0.0104 0.0049 0.0026 0.0070 
       h1302 14 0.0019 0.9896 0.0015 0.0017 0.0019 0.0018 0.0015 
       h1312 14 0.0012 0.9919 0.0015 0.0014 0.0015 0.0012 0.0014 
       h1322 14 0.0019 0.9895 0.0015 0.0014 0.0021 0.0015 0.0022 
       h1332 14 0.0012 0.9916 0.0014 0.0014 0.0018 0.0012 0.0014 
       h1342 14 0.0015 0.9920 0.0011 0.0013 0.0013 0.0015 0.0013 
       h1352 14 0.0089 0.9651 0.0029 0.0068 0.0067 0.0024 0.0072 
       h1362 14 0.0014 0.9899 0.0016 0.0020 0.0019 0.0017 0.0016 
       h1372 14 0.0015 0.9902 0.0017 0.0015 0.0021 0.0012 0.0018 
       h1382 14 0.0016 0.9895 0.0016 0.0019 0.0013 0.0016 0.0024 
       h1392 14 0.0031 0.9805 0.0030 0.0033 0.0029 0.0031 0.0041 
       h1402 14 0.0023 0.9838 0.0020 0.0034 0.0021 0.0048 0.0016 
       h1412 14 0.0016 0.9908 0.0015 0.0014 0.0022 0.0012 0.0013 
       h1422 14 0.0016 0.9870 0.0024 0.0033 0.0025 0.0016 0.0017 
       h1432 14 0.0019 0.9890 0.0017 0.0023 0.0023 0.0015 0.0014 
       h1442 14 0.0026 0.9900 0.0014 0.0016 0.0019 0.0013 0.0012 
       h1452 14 0.0027 0.9888 0.0019 0.0020 0.0019 0.0011 0.0016 
       h1462 14 0.0015 0.9878 0.0021 0.0021 0.0016 0.0027 0.0022 
       h1472 14 0.0012 0.9838 0.0027 0.0018 0.0014 0.0019 0.0073 
       h1482 14 0.0020 0.9901 0.0013 0.0016 0.0016 0.0019 0.0015 
       h1492 14 0.0020 0.9910 0.0014 0.0013 0.0017 0.0011 0.0015 
       h1502 14 0.0012 0.9909 0.0019 0.0017 0.0018 0.0013 0.0010 
       h1512 14 0.0084 0.9561 0.0073 0.0143 0.0062 0.0023 0.0055 
       h1522 14 0.0015 0.9894 0.0017 0.0016 0.0023 0.0013 0.0023 
       h1532 14 0.0018 0.9835 0.0038 0.0042 0.0024 0.0023 0.0019 
       h1542 14 0.0018 0.9891 0.0023 0.0020 0.0018 0.0017 0.0014 
       h1552 14 0.0013 0.9916 0.0016 0.0013 0.0016 0.0014 0.0012 
       h1562 14 0.0043 0.9725 0.0019 0.0018 0.0057 0.0063 0.0073 
       h1572 14 0.0014 0.9917 0.0013 0.0014 0.0017 0.0012 0.0013 
       h1582 14 0.0012 0.9923 0.0012 0.0012 0.0016 0.0012 0.0014 
       h1592 14 0.0012 0.9914 0.0016 0.0019 0.0017 0.0011 0.0011 
       h1602 14 0.0012 0.9912 0.0017 0.0017 0.0015 0.0012 0.0014 
       h1612 14 0.0084 0.9652 0.0084 0.0037 0.0043 0.0020 0.0080 
       h1622 14 0.0011 0.9920 0.0016 0.0013 0.0016 0.0012 0.0011 
       h1632 14 0.0044 0.9827 0.0018 0.0030 0.0040 0.0026 0.0014 
       h1642 14 0.0012 0.9916 0.0013 0.0013 0.0016 0.0015 0.0015 
       h1652 14 0.0016 0.9879 0.0025 0.0024 0.0023 0.0014 0.0019 
       h1662 14 0.0011 0.9929 0.0013 0.0012 0.0014 0.0010 0.0011 
       h1672 14 0.0032 0.9753 0.0038 0.0080 0.0035 0.0024 0.0038 
       h1682 14 0.0014 0.9893 0.0017 0.0019 0.0033 0.0014 0.0011 
       h1692 14 0.0037 0.9864 0.0018 0.0018 0.0027 0.0023 0.0012 
       h1702 14 0.0137 0.9484 0.0037 0.0060 0.0046 0.0098 0.0139 
       h1712 14 0.0014 0.9904 0.0015 0.0017 0.0023 0.0015 0.0012 
       h1722 14 0.0013 0.9922 0.0013 0.0013 0.0018 0.0011 0.0010 
       h1732 14 0.0015 0.9922 0.0012 0.0013 0.0015 0.0011 0.0012 
       h1742 14 0.0054 0.9683 0.0071 0.0036 0.0039 0.0025 0.0092 
       h1752 14 0.0013 0.9902 0.0017 0.0019 0.0020 0.0018 0.0011 
       h1762 14 0.0015 0.9860 0.0020 0.0015 0.0021 0.0020 0.0048 
       h1772 14 0.0019 0.9893 0.0016 0.0018 0.0020 0.0019 0.0014 
       h1782 14 0.0012 0.9926 0.0012 0.0011 0.0014 0.0014 0.0011 
       h1792 14 0.0021 0.9907 0.0015 0.0017 0.0016 0.0011 0.0013 
       h1802 14 0.0020 0.9884 0.0018 0.0024 0.0023 0.0020 0.0011 
       h1812 14 0.0015 0.9917 0.0013 0.0015 0.0016 0.0013 0.0011 
       h1822 14 0.0017 0.9905 0.0016 0.0016 0.0022 0.0012 0.0012 
       h1832 14 0.0013 0.9887 0.0023 0.0018 0.0020 0.0015 0.0025 
       h1842 14 0.0014 0.9889 0.0020 0.0015 0.0019 0.0023 0.0020 
       h1852 14 0.0018 0.9893 0.0021 0.0021 0.0020 0.0011 0.0016 
       h1862 14 0.0014 0.9914 0.0015 0.0016 0.0015 0.0012 0.0014 
       h1872 14 0.0019 0.9909 0.0012 0.0013 0.0015 0.0019 0.0014 
       h1882 14 0.0013 0.9914 0.0016 0.0014 0.0017 0.0012 0.0013 
       h1892 14 0.0018 0.9902 0.0015 0.0016 0.0018 0.0011 0.0020 
       h1902 14 0.0013 0.9872 0.0025 0.0025 0.0023 0.0015 0.0027 
       h1912 14 0.0023 0.9833 0.0029 0.0048 0.0028 0.0015 0.0024 
       h1922 14 0.0014 0.9917 0.0018 0.0018 0.0012 0.0011 0.0011 
       h1932 14 0.0031 0.9849 0.0020 0.0017 0.0023 0.0019 0.0041 
       h1942 14 0.0019 0.9848 0.0039 0.0020 0.0026 0.0018 0.0028 
       h1952 14 0.0042 0.9804 0.0041 0.0023 0.0036 0.0019 0.0035 
       h1962 14 0.0028 0.9886 0.0018 0.0015 0.0020 0.0022 0.0011 
       h1972 14 0.0166 0.9666 0.0024 0.0026 0.0065 0.0017 0.0035 
       h1982 14 0.0017 0.9913 0.0013 0.0013 0.0018 0.0014 0.0012 
       h1992 14 0.0015 0.9920 0.0013 0.0014 0.0014 0.0012 0.0012 
       h2002 14 0.0014 0.9912 0.0017 0.0017 0.0015 0.0013 0.0012 
       h2012 14 0.0026 0.9844 0.0028 0.0030 0.0020 0.0035 0.0017 
       h2022 14 0.0026 0.9827 0.0029 0.0033 0.0028 0.0025 0.0031 
       h2032 14 0.0017 0.9888 0.0019 0.0018 0.0027 0.0014 0.0016 
       h2042 14 0.0016 0.9913 0.0015 0.0013 0.0020 0.0011 0.0012 
       h2052 14 0.0012 0.9922 0.0013 0.0013 0.0014 0.0011 0.0015 
       h2062 14 0.0021 0.9886 0.0020 0.0023 0.0026 0.0014 0.0011 
       h2072 14 0.0017 0.9899 0.0015 0.0015 0.0018 0.0016 0.0020 
       h2082 14 0.0013 0.9908 0.0016 0.0014 0.0020 0.0016 0.0012 
       h2092 14 0.0019 0.9906 0.0014 0.0017 0.0021 0.0012 0.0010 
       h2102 14 0.0013 0.9904 0.0018 0.0016 0.0015 0.0015 0.0018 
       h2112 14 0.0026 0.9877 0.0025 0.0019 0.0016 0.0019 0.0018 
       h2122 14 0.0014 0.9912 0.0014 0.0018 0.0015 0.0014 0.0014 
       h2132 14 0.0015 0.9908 0.0017 0.0019 0.0017 0.0012 0.0011 
       h2142 14 0.0058 0.9748 0.0039 0.0027 0.0039 0.0030 0.0059 
       h2152 14 0.0011 0.9930 0.0012 0.0011 0.0014 0.0012 0.0010 
       h2162 14 0.0018 0.9847 0.0024 0.0039 0.0041 0.0013 0.0017 
       h2172 14 0.0014 0.9897 0.0023 0.0020 0.0018 0.0014 0.0013 
       h2182 14 0.0035 0.9880 0.0014 0.0020 0.0019 0.0015 0.0016 
       h2192 14 0.0024 0.9891 0.0019 0.0023 0.0016 0.0013 0.0013 
       h2202 14 0.0012 0.9923 0.0012 0.0013 0.0014 0.0013 0.0013 
       h2212 14 0.0025 0.9900 0.0014 0.0015 0.0020 0.0016 0.0010 
       h2222 14 0.0047 0.9747 0.0027 0.0057 0.0060 0.0020 0.0043 
       h2232 14 0.0013 0.9890 0.0021 0.0018 0.0023 0.0011 0.0024 
       h2242 14 0.0015 0.9899 0.0020 0.0015 0.0022 0.0016 0.0013 
       h2252 14 0.0021 0.9885 0.0019 0.0019 0.0026 0.0017 0.0012 
       h2262 14 0.0016 0.9917 0.0013 0.0014 0.0018 0.0010 0.0012 
       h2272 14 0.0014 0.9919 0.0012 0.0015 0.0014 0.0014 0.0012 
       h2282 14 0.0020 0.9881 0.0021 0.0020 0.0019 0.0013 0.0024 
       h2292 14 0.0013 0.9900 0.0017 0.0020 0.0022 0.0014 0.0014 
       h2302 14 0.0013 0.9920 0.0014 0.0014 0.0016 0.0012 0.0011 
       h2312 14 0.0013 0.9912 0.0017 0.0016 0.0019 0.0011 0.0014 
       h2322 14 0.0016 0.9891 0.0017 0.0016 0.0024 0.0011 0.0025 
       h2332 14 0.0014 0.9913 0.0012 0.0017 0.0016 0.0011 0.0018 
       h2342 14 0.0015 0.9900 0.0018 0.0018 0.0024 0.0011 0.0014 
       h2352 14 0.0020 0.9897 0.0019 0.0017 0.0023 0.0012 0.0012 
       h2362 14 0.0015 0.9897 0.0020 0.0023 0.0015 0.0016 0.0014 
       h2372 14 0.0013 0.9919 0.0014 0.0016 0.0012 0.0014 0.0012 
       h2382 14 0.0030 0.9877 0.0019 0.0018 0.0025 0.0017 0.0016 
       h2392 14 0.0016 0.9887 0.0024 0.0029 0.0016 0.0014 0.0015 
       h2402 14 0.0017 0.9922 0.0012 0.0012 0.0013 0.0014 0.0011 
       h2412 14 0.0012 0.9902 0.0018 0.0015 0.0024 0.0016 0.0013 
       h2422 14 0.0017 0.9892 0.0023 0.0019 0.0022 0.0014 0.0013 
       h2432 14 0.0014 0.9899 0.0019 0.0018 0.0017 0.0013 0.0020 
       h2442 14 0.0014 0.9923 0.0013 0.0015 0.0014 0.0010 0.0011 
       h2452 14 0.0012 0.9920 0.0014 0.0015 0.0015 0.0010 0.0014 
       h2462 14 0.0026 0.9756 0.0020 0.0022 0.0020 0.0023 0.0134 
       h2472 14 0.0011 0.9927 0.0012 0.0012 0.0014 0.0013 0.0011 
       h2482 14 0.0011 0.9930 0.0012 0.0012 0.0015 0.0010 0.0010 
       h2492 14 0.0013 0.9925 0.0013 0.0012 0.0015 0.0011 0.0011 
       h2502 14 0.0012 0.9911 0.0017 0.0014 0.0019 0.0016 0.0010 
       h2511 14 0.0079 0.9753 0.0019 0.0043 0.0036 0.0025 0.0045 
       h2521 14 0.0013 0.9927 0.0012 0.0013 0.0013 0.0011 0.0012 
       h2531 14 0.0045 0.9680 0.0048 0.0057 0.0040 0.0069 0.0061 
       h2541 14 0.0013 0.9920 0.0012 0.0014 0.0016 0.0012 0.0013 
       h2551 14 0.0020 0.9912 0.0014 0.0013 0.0016 0.0014 0.0013 
       h2561 14 0.0016 0.9908 0.0014 0.0016 0.0018 0.0013 0.0016 
       h2571 14 0.0024 0.9810 0.0046 0.0033 0.0033 0.0014 0.0039 
       h2581 14 0.0018 0.9903 0.0020 0.0014 0.0017 0.0012 0.0016 
       h2591 14 0.0015 0.9879 0.0018 0.0020 0.0018 0.0023 0.0028 
       h2601 14 0.0013 0.9914 0.0011 0.0013 0.0014 0.0023 0.0012 
       h2611 14 0.0030 0.9884 0.0019 0.0021 0.0019 0.0012 0.0014 
       h2621 14 0.0016 0.9894 0.0016 0.0021 0.0021 0.0013 0.0018 
       h2631 14 0.0017 0.9911 0.0015 0.0013 0.0016 0.0015 0.0013 
       h2641 14 0.0030 0.9816 0.0043 0.0042 0.0035 0.0017 0.0017 
       h2651 14 0.0027 0.9691 0.0033 0.0046 0.0150 0.0028 0.0024 
       h2661 14 0.0019 0.9918 0.0013 0.0014 0.0013 0.0011 0.0012 
       h2671 14 0.0021 0.9890 0.0024 0.0017 0.0016 0.0022 0.0010 
       h2681 14 0.0015 0.9883 0.0019 0.0017 0.0025 0.0012 0.0029 
       h2691 14 0.0020 0.9903 0.0014 0.0015 0.0014 0.0017 0.0017 
       h2701 14 0.0069 0.9686 0.0081 0.0070 0.0029 0.0023 0.0043 
       h2711 14 0.0011 0.9925 0.0014 0.0013 0.0012 0.0014 0.0012 
       h2721 14 0.0027 0.9871 0.0027 0.0020 0.0019 0.0018 0.0019 
       h2731 14 0.0021 0.9757 0.0044 0.0038 0.0076 0.0027 0.0037 
       h2741 14 0.0039 0.9810 0.0034 0.0021 0.0032 0.0020 0.0044 
       h2751 14 0.0013 0.9916 0.0013 0.0013 0.0020 0.0014 0.0011 
       h2761 14 0.0020 0.9897 0.0019 0.0019 0.0017 0.0011 0.0017 
       h2771 14 0.0016 0.9912 0.0015 0.0016 0.0017 0.0012 0.0012 
       h2781 14 0.0030 0.9865 0.0023 0.0022 0.0016 0.0018 0.0026 
       h2791 14 0.0016 0.9896 0.0015 0.0018 0.0028 0.0016 0.0012 
       h2801 14 0.0015 0.9907 0.0016 0.0015 0.0019 0.0012 0.0016 
       h2811 14 0.0013 0.9865 0.0023 0.0030 0.0028 0.0017 0.0024 
       h2821 14 0.0020 0.9888 0.0018 0.0018 0.0025 0.0014 0.0017 
       h2831 14 0.0051 0.9598 0.0124 0.0072 0.0043 0.0033 0.0078 
       h2841 14 0.0014 0.9926 0.0013 0.0013 0.0013 0.0012 0.0010 
       h2851 14 0.0049 0.9769 0.0018 0.0022 0.0042 0.0028 0.0072 
       h2861 14 0.0019 0.9902 0.0014 0.0017 0.0021 0.0013 0.0015 
       h2871 14 0.0019 0.9787 0.0055 0.0070 0.0018 0.0024 0.0027 
       h2881 14 0.0018 0.9925 0.0012 0.0012 0.0012 0.0010 0.0011 
       h2891 14 0.0012 0.9920 0.0014 0.0012 0.0014 0.0017 0.0011 
       h2901 14 0.0012 0.9908 0.0018 0.0015 0.0021 0.0011 0.0014 
       h2911 14 0.0023 0.9867 0.0024 0.0023 0.0028 0.0020 0.0015 
       h2921 14 0.0013 0.9859 0.0040 0.0031 0.0026 0.0016 0.0016 
       h2931 14 0.0036 0.9809 0.0042 0.0036 0.0024 0.0025 0.0029 
       h2941 14 0.0021 0.9887 0.0020 0.0015 0.0017 0.0015 0.0024 
       h2951 14 0.0012 0.9916 0.0020 0.0017 0.0013 0.0010 0.0011 
       h2961 14 0.0024 0.9884 0.0018 0.0017 0.0027 0.0011 0.0018 
       h2971 14 0.0046 0.9846 0.0022 0.0021 0.0018 0.0014 0.0033 
       h2981 14 0.0011 0.9905 0.0021 0.0017 0.0023 0.0012 0.0012 
       h2991 14 0.0040 0.9693 0.0089 0.0075 0.0048 0.0031 0.0024 
       h3001 14 0.0016 0.9907 0.0017 0.0015 0.0020 0.0014 0.0011 
     EF.15EU 15 0.0015 0.0018 0.0015 0.0018 0.0013 0.0013 0.9908 
     EF.15EE 15 0.0020 0.0015 0.0017 0.0017 0.0013 0.0013 0.9906 
     EF.15EF 15 0.0051 0.0023 0.0019 0.0029 0.0025 0.0016 0.9837 
     EF.15EH 15 0.0015 0.0011 0.0017 0.0017 0.0013 0.0014 0.9913 
     EF.15EJ 15 0.0326 0.0016 0.0033 0.0047 0.0027 0.0023 0.9528 
     EF.15EK 15 0.0015 0.0013 0.0011 0.0012 0.0013 0.0013 0.9924 
     EF.15EL 15 0.0013 0.0015 0.0015 0.0013 0.0015 0.0022 0.9907 
     EF.15EM 15 0.0030 0.0013 0.0017 0.0016 0.0017 0.0014 0.9892 
     EF.15EP 15 0.0026 0.0019 0.0013 0.0016 0.0016 0.0017 0.9892 
     EF.15ET 15 0.0019 0.0015 0.0013 0.0015 0.0012 0.0023 0.9903 
     EF.15EX 15 0.0014 0.0011 0.0016 0.0016 0.0013 0.0014 0.9915 
     EF.15F0 15 0.0018 0.0014 0.0019 0.0021 0.0013 0.0012 0.9901 
     EF.15F1 15 0.0021 0.0014 0.0025 0.0026 0.0023 0.0020 0.9870 
     EF.15F2 15 0.0016 0.0016 0.0011 0.0012 0.0012 0.0013 0.9920 
     EF.15F3 15 0.0022 0.0013 0.0014 0.0022 0.0016 0.0017 0.9896 
     EF.15F4 15 0.0013 0.0012 0.0012 0.0012 0.0011 0.0010 0.9929 
     EF.15F5 15 0.0021 0.0013 0.0037 0.0036 0.0025 0.0016 0.9852 
     EF.15F6 15 0.0029 0.0018 0.0016 0.0017 0.0012 0.0012 0.9897 
     EF.15FC 15 0.0025 0.0031 0.0018 0.0018 0.0024 0.0017 0.9867 
     EF.15FE 15 0.0092 0.0031 0.0118 0.0134 0.0048 0.0025 0.9551 
     EF.15FF 15 0.0024 0.0013 0.0014 0.0016 0.0014 0.0015 0.9904 
     EF.15FH 15 0.0015 0.0016 0.0019 0.0017 0.0015 0.0011 0.9907 
     EF.15FJ 15 0.0050 0.0045 0.0036 0.0054 0.0041 0.0018 0.9755 
     EF.15FK 15 0.0041 0.0021 0.0021 0.0029 0.0021 0.0037 0.9830 
     EF.15FL 15 0.0014 0.0015 0.0013 0.0014 0.0013 0.0012 0.9918 
     EF.15FM 15 0.0098 0.0051 0.0046 0.0038 0.0031 0.0018 0.9718 
     EF.15FP 15 0.0023 0.0015 0.0015 0.0018 0.0014 0.0013 0.9903 
       h0011 16 0.0024 0.0013 0.0015 0.0014 0.0015 0.0022 0.9897 
       h0021 16 0.0023 0.0023 0.0019 0.0018 0.0020 0.0026 0.9871 
       h0031 16 0.0014 0.0016 0.0015 0.0017 0.0018 0.0015 0.9905 
       h0041 16 0.0018 0.0022 0.0033 0.0023 0.0029 0.0013 0.9862 
       h0051 16 0.0019 0.0028 0.0023 0.0027 0.0025 0.0035 0.9843 
       h0061 16 0.0023 0.0012 0.0016 0.0018 0.0012 0.0012 0.9908 
       h0071 16 0.0043 0.0016 0.0019 0.0024 0.0018 0.0012 0.9868 
       h0081 16 0.0026 0.0016 0.0016 0.0018 0.0013 0.0014 0.9896 
       h0091 16 0.0023 0.0013 0.0016 0.0026 0.0012 0.0019 0.9891 
       h0101 16 0.0014 0.0012 0.0014 0.0015 0.0012 0.0015 0.9919 
       h0111 16 0.0019 0.0013 0.0012 0.0021 0.0012 0.0017 0.9906 
       h0121 16 0.0020 0.0014 0.0014 0.0017 0.0015 0.0020 0.9900 
       h0131 16 0.0022 0.0017 0.0018 0.0019 0.0016 0.0018 0.9890 
       h0141 16 0.0024 0.0012 0.0015 0.0016 0.0013 0.0015 0.9905 
       h0151 16 0.0052 0.0024 0.0028 0.0040 0.0023 0.0061 0.9772 
       h0161 16 0.0014 0.0016 0.0017 0.0014 0.0015 0.0016 0.9908 
       h0171 16 0.0025 0.0021 0.0021 0.0019 0.0016 0.0011 0.9886 
       h0181 16 0.0036 0.0012 0.0015 0.0020 0.0013 0.0016 0.9887 
       h0191 16 0.0021 0.0013 0.0016 0.0018 0.0015 0.0015 0.9903 
       h0201 16 0.0043 0.0027 0.0026 0.0036 0.0033 0.0022 0.9813 
       h0211 16 0.0022 0.0021 0.0014 0.0021 0.0017 0.0013 0.9892 
       h0221 16 0.0042 0.0012 0.0021 0.0025 0.0016 0.0018 0.9866 
       h0231 16 0.0020 0.0012 0.0012 0.0014 0.0012 0.0012 0.9918 
       h0241 16 0.0017 0.0012 0.0013 0.0015 0.0013 0.0020 0.9911 
       h0251 16 0.0025 0.0012 0.0019 0.0022 0.0015 0.0014 0.9894 
       h0261 16 0.0024 0.0060 0.0017 0.0018 0.0013 0.0012 0.9856 
       h0271 16 0.0021 0.0015 0.0017 0.0018 0.0013 0.0019 0.9897 
       h0281 16 0.0020 0.0013 0.0016 0.0017 0.0015 0.0011 0.9908 
       h0291 16 0.0042 0.0064 0.0042 0.0031 0.0031 0.0019 0.9770 
       h0301 16 0.0021 0.0012 0.0024 0.0026 0.0016 0.0015 0.9887 
       h0311 16 0.0016 0.0016 0.0017 0.0019 0.0016 0.0020 0.9898 
       h0321 16 0.0031 0.0076 0.0024 0.0021 0.0034 0.0030 0.9783 
       h0331 16 0.0029 0.0013 0.0015 0.0016 0.0013 0.0014 0.9899 
       h0341 16 0.0026 0.0014 0.0019 0.0021 0.0017 0.0016 0.9888 
       h0351 16 0.0043 0.0027 0.0036 0.0039 0.0029 0.0022 0.9804 
       h0361 16 0.0015 0.0012 0.0013 0.0016 0.0014 0.0016 0.9913 
       h0371 16 0.0059 0.0016 0.0025 0.0045 0.0019 0.0024 0.9812 
       h0381 16 0.0020 0.0012 0.0014 0.0018 0.0015 0.0016 0.9905 
       h0391 16 0.0016 0.0014 0.0013 0.0014 0.0015 0.0012 0.9916 
       h0401 16 0.0013 0.0014 0.0013 0.0017 0.0013 0.0012 0.9917 
       h0411 16 0.0020 0.0029 0.0024 0.0030 0.0021 0.0018 0.9858 
       h0421 16 0.0021 0.0011 0.0021 0.0026 0.0013 0.0018 0.9891 
       h0431 16 0.0021 0.0012 0.0019 0.0030 0.0016 0.0026 0.9875 
       h0441 16 0.0017 0.0011 0.0014 0.0013 0.0011 0.0015 0.9919 
       h0451 16 0.0016 0.0011 0.0013 0.0013 0.0014 0.0011 0.9921 
       h0461 16 0.0032 0.0026 0.0016 0.0017 0.0022 0.0014 0.9873 
       h0471 16 0.0032 0.0015 0.0020 0.0031 0.0015 0.0017 0.9869 
       h0481 16 0.0040 0.0029 0.0016 0.0021 0.0018 0.0017 0.9860 
       h0491 16 0.0023 0.0019 0.0018 0.0021 0.0015 0.0023 0.9882 
       h0501 16 0.0018 0.0012 0.0017 0.0018 0.0015 0.0013 0.9907 
       h0511 16 0.0036 0.0018 0.0022 0.0020 0.0023 0.0013 0.9867 
       h0521 16 0.0023 0.0016 0.0020 0.0019 0.0018 0.0016 0.9887 
       h0531 16 0.0023 0.0014 0.0014 0.0017 0.0016 0.0013 0.9903 
       h0541 16 0.0015 0.0013 0.0020 0.0020 0.0015 0.0012 0.9906 
       h0551 16 0.0033 0.0013 0.0033 0.0033 0.0019 0.0054 0.9815 
       h0561 16 0.0015 0.0017 0.0012 0.0018 0.0011 0.0015 0.9912 
       h0571 16 0.0019 0.0013 0.0017 0.0016 0.0016 0.0013 0.9906 
       h0581 16 0.0018 0.0011 0.0014 0.0015 0.0013 0.0013 0.9917 
       h0591 16 0.0020 0.0017 0.0017 0.0018 0.0017 0.0011 0.9899 
       h0601 16 0.0021 0.0016 0.0018 0.0020 0.0017 0.0014 0.9895 
       h0611 16 0.0018 0.0013 0.0019 0.0022 0.0012 0.0037 0.9878 
       h0621 16 0.0019 0.0018 0.0012 0.0015 0.0012 0.0012 0.9912 
       h0631 16 0.0018 0.0012 0.0015 0.0014 0.0016 0.0017 0.9908 
       h0641 16 0.0017 0.0017 0.0017 0.0013 0.0012 0.0017 0.9908 
       h0651 16 0.0017 0.0024 0.0015 0.0021 0.0018 0.0014 0.9892 
       h0661 16 0.0014 0.0020 0.0012 0.0012 0.0012 0.0015 0.9916 
       h0671 16 0.0019 0.0015 0.0017 0.0019 0.0014 0.0025 0.9891 
       h0681 16 0.0018 0.0014 0.0016 0.0018 0.0011 0.0010 0.9913 
       h0691 16 0.0028 0.0018 0.0017 0.0019 0.0024 0.0018 0.9876 
       h0701 16 0.0021 0.0023 0.0016 0.0024 0.0012 0.0014 0.9892 
       h0711 16 0.0017 0.0014 0.0012 0.0012 0.0011 0.0015 0.9919 
       h0721 16 0.0022 0.0015 0.0019 0.0015 0.0017 0.0020 0.9891 
       h0731 16 0.0013 0.0024 0.0013 0.0017 0.0013 0.0015 0.9904 
       h0741 16 0.0018 0.0028 0.0013 0.0020 0.0014 0.0022 0.9885 
       h0751 16 0.0021 0.0016 0.0021 0.0025 0.0018 0.0019 0.9880 
       h0761 16 0.0050 0.0019 0.0021 0.0027 0.0024 0.0012 0.9847 
       h0771 16 0.0018 0.0013 0.0014 0.0017 0.0017 0.0011 0.9910 
       h0781 16 0.0035 0.0015 0.0021 0.0024 0.0020 0.0031 0.9852 
       h0791 16 0.0016 0.0011 0.0013 0.0013 0.0013 0.0013 0.9921 
       h0801 16 0.0055 0.0029 0.0039 0.0055 0.0029 0.0012 0.9782 
       h0811 16 0.0019 0.0022 0.0023 0.0024 0.0020 0.0012 0.9881 
       h0821 16 0.0024 0.0035 0.0031 0.0029 0.0033 0.0017 0.9830 
       h0831 16 0.0012 0.0011 0.0012 0.0012 0.0011 0.0016 0.9925 
       h0841 16 0.0022 0.0015 0.0027 0.0037 0.0016 0.0022 0.9860 
       h0851 16 0.0027 0.0056 0.0021 0.0030 0.0018 0.0041 0.9805 
       h0861 16 0.0035 0.0019 0.0016 0.0020 0.0019 0.0017 0.9873 
       h0871 16 0.0039 0.0027 0.0141 0.0082 0.0072 0.0015 0.9625 
       h0881 16 0.0017 0.0014 0.0035 0.0024 0.0018 0.0023 0.9868 
       h0891 16 0.0025 0.0014 0.0016 0.0020 0.0012 0.0014 0.9900 
       h0901 16 0.0019 0.0018 0.0019 0.0017 0.0016 0.0013 0.9898 
       h0911 16 0.0014 0.0019 0.0014 0.0015 0.0015 0.0016 0.9907 
       h0921 16 0.0022 0.0010 0.0013 0.0013 0.0012 0.0012 0.9917 
       h0931 16 0.0013 0.0016 0.0015 0.0018 0.0015 0.0014 0.9909 
       h0941 16 0.0057 0.0019 0.0053 0.0046 0.0033 0.0015 0.9778 
       h0951 16 0.0026 0.0014 0.0018 0.0023 0.0016 0.0012 0.9891 
       h0961 16 0.0046 0.0030 0.0025 0.0023 0.0017 0.0014 0.9844 
       h0971 16 0.0018 0.0015 0.0015 0.0017 0.0015 0.0019 0.9901 
       h0981 16 0.0020 0.0018 0.0020 0.0025 0.0016 0.0016 0.9886 
       h0991 16 0.0014 0.0014 0.0011 0.0012 0.0011 0.0011 0.9928 
       h1001 16 0.0017 0.0031 0.0019 0.0012 0.0020 0.0025 0.9875 
       h1011 16 0.0020 0.0016 0.0019 0.0020 0.0017 0.0016 0.9892 
       h1021 16 0.0030 0.0026 0.0027 0.0035 0.0037 0.0021 0.9823 
       h1031 16 0.0012 0.0012 0.0010 0.0013 0.0011 0.0017 0.9925 
       h1041 16 0.0032 0.0081 0.0037 0.0026 0.0020 0.0019 0.9786 
       h1051 16 0.0018 0.0019 0.0033 0.0022 0.0016 0.0020 0.9873 
       h1061 16 0.0030 0.0016 0.0025 0.0027 0.0019 0.0011 0.9873 
       h1071 16 0.0019 0.0021 0.0017 0.0022 0.0015 0.0013 0.9893 
       h1081 16 0.0281 0.0019 0.0024 0.0025 0.0032 0.0016 0.9603 
       h1091 16 0.0034 0.0019 0.0013 0.0015 0.0016 0.0014 0.9889 
       h1101 16 0.0021 0.0010 0.0012 0.0012 0.0012 0.0013 0.9920 
       h1111 16 0.0061 0.0034 0.0037 0.0034 0.0043 0.0042 0.9749 
       h1121 16 0.0028 0.0009 0.0012 0.0014 0.0013 0.0011 0.9912 
       h1131 16 0.0023 0.0019 0.0019 0.0024 0.0030 0.0022 0.9863 
       h1141 16 0.0033 0.0034 0.0030 0.0023 0.0024 0.0016 0.9840 
       h1151 16 0.0066 0.0039 0.0035 0.0024 0.0048 0.0028 0.9760 
       h1161 16 0.0152 0.0149 0.0216 0.0091 0.0061 0.0028 0.9302 
       h1171 16 0.0027 0.0025 0.0021 0.0017 0.0017 0.0016 0.9877 
       h1181 16 0.0027 0.0029 0.0030 0.0025 0.0022 0.0017 0.9851 
       h1191 16 0.0025 0.0015 0.0016 0.0018 0.0021 0.0019 0.9886 
       h1201 16 0.0027 0.0018 0.0017 0.0020 0.0020 0.0015 0.9883 
       h1211 16 0.0018 0.0018 0.0015 0.0014 0.0015 0.0016 0.9904 
       h1221 16 0.0020 0.0025 0.0015 0.0018 0.0016 0.0018 0.9889 
       h1231 16 0.0013 0.0012 0.0013 0.0018 0.0013 0.0014 0.9917 
       h1241 16 0.0031 0.0039 0.0017 0.0021 0.0017 0.0017 0.9859 
       h1251 16 0.0043 0.0026 0.0026 0.0029 0.0032 0.0015 0.9829 
       h1261 16 0.0017 0.0016 0.0018 0.0016 0.0019 0.0020 0.9895 
       h1271 16 0.0077 0.0034 0.0018 0.0020 0.0020 0.0028 0.9804 
       h1281 16 0.0023 0.0017 0.0022 0.0023 0.0015 0.0012 0.9888 
       h1291 16 0.0018 0.0011 0.0013 0.0015 0.0018 0.0017 0.9908 
       h1301 16 0.0018 0.0023 0.0021 0.0022 0.0015 0.0013 0.9888 
       h1311 16 0.0023 0.0026 0.0017 0.0018 0.0017 0.0011 0.9887 
       h1321 16 0.0027 0.0027 0.0019 0.0030 0.0024 0.0039 0.9834 
       h1331 16 0.0020 0.0020 0.0015 0.0017 0.0012 0.0022 0.9893 
       h1341 16 0.0080 0.0016 0.0017 0.0017 0.0022 0.0018 0.9830 
       h1351 16 0.0027 0.0015 0.0023 0.0029 0.0024 0.0014 0.9869 
       h1361 16 0.0018 0.0023 0.0016 0.0015 0.0015 0.0015 0.9898 
       h1371 16 0.0019 0.0012 0.0016 0.0017 0.0012 0.0020 0.9904 
       h1381 16 0.0016 0.0017 0.0014 0.0017 0.0015 0.0016 0.9904 
       h1391 16 0.0236 0.0020 0.0046 0.0043 0.0048 0.0030 0.9576 
       h1401 16 0.0017 0.0011 0.0011 0.0012 0.0013 0.0022 0.9913 
       h1411 16 0.0016 0.0022 0.0014 0.0016 0.0026 0.0022 0.9883 
       h1421 16 0.0021 0.0024 0.0021 0.0025 0.0017 0.0015 0.9878 
       h1431 16 0.0020 0.0026 0.0022 0.0020 0.0034 0.0024 0.9854 
       h1441 16 0.0015 0.0012 0.0023 0.0024 0.0019 0.0012 0.9894 
       h1451 16 0.0021 0.0010 0.0023 0.0021 0.0022 0.0012 0.9892 
       h1461 16 0.0038 0.0019 0.0023 0.0021 0.0019 0.0013 0.9867 
       h1471 16 0.0033 0.0017 0.0018 0.0017 0.0014 0.0015 0.9885 
       h1481 16 0.0015 0.0016 0.0016 0.0016 0.0013 0.0014 0.9911 
       h1491 16 0.0023 0.0016 0.0018 0.0028 0.0020 0.0024 0.9871 
       h1501 16 0.0015 0.0014 0.0013 0.0015 0.0016 0.0018 0.9908 
       h1511 16 0.0025 0.0012 0.0014 0.0016 0.0012 0.0016 0.9906 
       h1521 16 0.0018 0.0017 0.0022 0.0025 0.0019 0.0022 0.9878 
       h1531 16 0.0025 0.0013 0.0016 0.0026 0.0015 0.0015 0.9891 
       h1541 16 0.0020 0.0023 0.0019 0.0019 0.0015 0.0012 0.9893 
       h1551 16 0.0025 0.0025 0.0023 0.0018 0.0022 0.0020 0.9867 
       h1561 16 0.0012 0.0010 0.0014 0.0015 0.0012 0.0017 0.9920 
       h1571 16 0.0023 0.0014 0.0038 0.0031 0.0022 0.0021 0.9852 
       h1581 16 0.0032 0.0030 0.0032 0.0048 0.0022 0.0019 0.9818 
       h1591 16 0.0029 0.0018 0.0014 0.0016 0.0015 0.0017 0.9891 
       h1601 16 0.0019 0.0014 0.0012 0.0014 0.0014 0.0014 0.9914 
       h1611 16 0.0032 0.0019 0.0016 0.0018 0.0018 0.0013 0.9884 
       h1621 16 0.0018 0.0015 0.0017 0.0019 0.0016 0.0012 0.9904 
       h1631 16 0.0035 0.0043 0.0063 0.0034 0.0063 0.0026 0.9737 
       h1641 16 0.0027 0.0063 0.0017 0.0021 0.0038 0.0016 0.9817 
       h1651 16 0.0024 0.0017 0.0019 0.0018 0.0021 0.0028 0.9873 
       h1661 16 0.0019 0.0017 0.0015 0.0017 0.0013 0.0017 0.9904 
       h1671 16 0.0030 0.0013 0.0015 0.0017 0.0016 0.0019 0.9891 
       h1681 16 0.0031 0.0012 0.0015 0.0020 0.0017 0.0016 0.9888 
       h1691 16 0.0026 0.0020 0.0013 0.0017 0.0018 0.0012 0.9894 
       h1701 16 0.0014 0.0015 0.0012 0.0012 0.0012 0.0016 0.9918 
       h1711 16 0.0013 0.0017 0.0014 0.0014 0.0013 0.0013 0.9916 
       h1721 16 0.0017 0.0017 0.0015 0.0021 0.0026 0.0017 0.9887 
       h1731 16 0.0026 0.0013 0.0023 0.0020 0.0021 0.0012 0.9886 
       h1741 16 0.0013 0.0010 0.0017 0.0023 0.0012 0.0025 0.9900 
       h1751 16 0.0032 0.0019 0.0015 0.0022 0.0014 0.0021 0.9878 
       h1761 16 0.0021 0.0014 0.0015 0.0022 0.0012 0.0017 0.9898 
       h1771 16 0.0037 0.0013 0.0034 0.0036 0.0023 0.0015 0.9841 
       h1781 16 0.0018 0.0013 0.0014 0.0018 0.0013 0.0012 0.9911 
       h1791 16 0.0019 0.0014 0.0017 0.0017 0.0014 0.0016 0.9902 
       h1801 16 0.0024 0.0019 0.0015 0.0015 0.0016 0.0014 0.9897 
       h1811 16 0.0106 0.0034 0.0038 0.0037 0.0036 0.0014 0.9734 
       h1821 16 0.0017 0.0013 0.0015 0.0018 0.0013 0.0011 0.9914 
       h1831 16 0.0028 0.0016 0.0019 0.0022 0.0020 0.0014 0.9882 
       h1841 16 0.0013 0.0012 0.0013 0.0012 0.0011 0.0013 0.9927 
       h1851 16 0.0148 0.0021 0.0030 0.0042 0.0029 0.0021 0.9708 
       h1861 16 0.0047 0.0023 0.0017 0.0012 0.0023 0.0028 0.9850 
       h1871 16 0.0018 0.0014 0.0013 0.0018 0.0015 0.0013 0.9907 
       h1881 16 0.0015 0.0012 0.0015 0.0017 0.0013 0.0014 0.9915 
       h1891 16 0.0017 0.0012 0.0014 0.0018 0.0018 0.0015 0.9906 
       h1901 16 0.0037 0.0056 0.0049 0.0058 0.0026 0.0013 0.9761 
       h1911 16 0.0029 0.0028 0.0034 0.0023 0.0034 0.0020 0.9832 
       h1921 16 0.0016 0.0012 0.0014 0.0011 0.0011 0.0013 0.9923 
       h1931 16 0.0022 0.0015 0.0015 0.0017 0.0013 0.0016 0.9902 
       h1941 16 0.0018 0.0015 0.0017 0.0022 0.0017 0.0020 0.9890 
       h1951 16 0.0037 0.0023 0.0018 0.0042 0.0015 0.0020 0.9844 
       h1961 16 0.0013 0.0018 0.0012 0.0013 0.0012 0.0014 0.9918 
       h1971 16 0.0020 0.0031 0.0028 0.0025 0.0020 0.0014 0.9863 
       h1981 16 0.0024 0.0015 0.0014 0.0024 0.0015 0.0014 0.9895 
       h1991 16 0.0017 0.0013 0.0011 0.0011 0.0011 0.0011 0.9926 
       h2001 16 0.0040 0.0018 0.0023 0.0028 0.0025 0.0017 0.9849 
       h2011 16 0.0023 0.0016 0.0020 0.0022 0.0018 0.0015 0.9886 
       h2021 16 0.0032 0.0026 0.0024 0.0028 0.0039 0.0018 0.9832 
       h2031 16 0.0013 0.0014 0.0011 0.0013 0.0011 0.0012 0.9925 
       h2041 16 0.0014 0.0014 0.0014 0.0014 0.0012 0.0019 0.9913 
       h2051 16 0.0045 0.0045 0.0019 0.0021 0.0022 0.0012 0.9836 
       h2061 16 0.0025 0.0014 0.0039 0.0056 0.0019 0.0022 0.9824 
       h2071 16 0.0031 0.0015 0.0016 0.0021 0.0014 0.0022 0.9881 
       h2081 16 0.0040 0.0013 0.0020 0.0027 0.0018 0.0014 0.9868 
       h2091 16 0.0031 0.0015 0.0021 0.0023 0.0018 0.0016 0.9876 
       h2101 16 0.0013 0.0015 0.0013 0.0013 0.0012 0.0016 0.9918 
       h2111 16 0.0023 0.0017 0.0017 0.0020 0.0017 0.0011 0.9895 
       h2121 16 0.0042 0.0019 0.0020 0.0018 0.0029 0.0015 0.9856 
       h2131 16 0.0023 0.0017 0.0021 0.0027 0.0015 0.0019 0.9878 
       h2141 16 0.0017 0.0014 0.0017 0.0015 0.0014 0.0016 0.9908 
       h2151 16 0.0020 0.0013 0.0012 0.0013 0.0012 0.0012 0.9917 
       h2161 16 0.0017 0.0016 0.0016 0.0017 0.0018 0.0015 0.9900 
       h2171 16 0.0050 0.0013 0.0029 0.0030 0.0022 0.0015 0.9842 
       h2181 16 0.0024 0.0044 0.0014 0.0013 0.0026 0.0017 0.9861 
       h2191 16 0.0035 0.0018 0.0022 0.0033 0.0018 0.0015 0.9859 
       h2201 16 0.0021 0.0014 0.0016 0.0015 0.0023 0.0015 0.9896 
       h2211 16 0.0020 0.0020 0.0014 0.0019 0.0021 0.0015 0.9890 
       h2221 16 0.0025 0.0014 0.0023 0.0022 0.0020 0.0015 0.9881 
       h2231 16 0.0019 0.0018 0.0033 0.0039 0.0020 0.0017 0.9853 
       h2241 16 0.0022 0.0012 0.0014 0.0016 0.0016 0.0018 0.9902 
       h2251 16 0.0028 0.0015 0.0016 0.0016 0.0012 0.0013 0.9899 
       h2261 16 0.0018 0.0016 0.0013 0.0016 0.0018 0.0014 0.9903 
       h2271 16 0.0025 0.0020 0.0023 0.0019 0.0021 0.0019 0.9873 
       h2281 16 0.0023 0.0015 0.0019 0.0021 0.0015 0.0016 0.9891 
       h2291 16 0.0017 0.0011 0.0018 0.0020 0.0016 0.0012 0.9905 
       h2301 16 0.0019 0.0019 0.0026 0.0025 0.0018 0.0013 0.9878 
       h2311 16 0.0016 0.0014 0.0012 0.0013 0.0012 0.0014 0.9919 
       h2321 16 0.0083 0.0032 0.0025 0.0020 0.0037 0.0016 0.9787 
       h2331 16 0.0050 0.0020 0.0030 0.0023 0.0022 0.0014 0.9840 
       h2341 16 0.0015 0.0016 0.0012 0.0014 0.0014 0.0013 0.9916 
       h2351 16 0.0033 0.0024 0.0022 0.0017 0.0022 0.0017 0.9866 
       h2361 16 0.0016 0.0013 0.0012 0.0013 0.0013 0.0012 0.9921 
       h2371 16 0.0021 0.0013 0.0023 0.0019 0.0015 0.0016 0.9893 
       h2381 16 0.0029 0.0023 0.0025 0.0028 0.0022 0.0015 0.9856 
       h2391 16 0.0060 0.0019 0.0028 0.0029 0.0037 0.0017 0.9810 
       h2401 16 0.0025 0.0029 0.0017 0.0020 0.0014 0.0015 0.9880 
       h2411 16 0.0019 0.0014 0.0015 0.0014 0.0018 0.0011 0.9910 
       h2421 16 0.0018 0.0012 0.0013 0.0016 0.0012 0.0015 0.9915 
       h2431 16 0.0033 0.0029 0.0028 0.0024 0.0018 0.0014 0.9854 
       h2441 16 0.0029 0.0015 0.0029 0.0033 0.0024 0.0013 0.9858 
       h2451 16 0.0012 0.0014 0.0016 0.0015 0.0016 0.0017 0.9911 
       h2461 16 0.0049 0.0028 0.0018 0.0039 0.0026 0.0020 0.9819 
       h2471 16 0.0031 0.0025 0.0024 0.0024 0.0019 0.0012 0.9866 
       h2481 16 0.0017 0.0014 0.0017 0.0020 0.0017 0.0017 0.9898 
       h2491 16 0.0031 0.0015 0.0025 0.0022 0.0023 0.0019 0.9865 
       h2501 16 0.0031 0.0020 0.0026 0.0025 0.0021 0.0014 0.9863 
        h251 16 0.0014 0.0014 0.0013 0.0013 0.0016 0.0012 0.9917 
        h252 16 0.0014 0.0012 0.0012 0.0012 0.0010 0.0012 0.9929 
        h253 16 0.0020 0.0019 0.0018 0.0015 0.0015 0.0012 0.9900 
        h254 16 0.0021 0.0013 0.0018 0.0024 0.0014 0.0021 0.9888 
        h255 16 0.0045 0.0024 0.0028 0.0028 0.0016 0.0021 0.9839 
        h256 16 0.0037 0.0025 0.0040 0.0035 0.0018 0.0020 0.9825 
        h257 16 0.0018 0.0013 0.0013 0.0013 0.0012 0.0017 0.9914 
        h258 16 0.0039 0.0011 0.0037 0.0035 0.0023 0.0012 0.9841 
        h259 16 0.0023 0.0017 0.0027 0.0026 0.0017 0.0015 0.9874 
        h260 16 0.0021 0.0014 0.0013 0.0013 0.0014 0.0019 0.9905 
        h261 16 0.0017 0.0011 0.0019 0.0026 0.0014 0.0012 0.9902 
        h262 16 0.0019 0.0021 0.0019 0.0020 0.0020 0.0013 0.9888 
        h263 16 0.0032 0.0017 0.0028 0.0024 0.0019 0.0017 0.9863 
        h264 16 0.0020 0.0016 0.0015 0.0013 0.0015 0.0014 0.9907 
        h265 16 0.0036 0.0045 0.0036 0.0034 0.0028 0.0022 0.9800 
        h266 16 0.0056 0.0026 0.0026 0.0034 0.0035 0.0020 0.9804 
        h267 16 0.0041 0.0042 0.0030 0.0041 0.0031 0.0021 0.9793 
        h268 16 0.0156 0.0022 0.0038 0.0036 0.0021 0.0031 0.9695 
        h269 16 0.0065 0.0019 0.0038 0.0053 0.0038 0.0015 0.9772 
        h270 16 0.0019 0.0017 0.0013 0.0013 0.0011 0.0013 0.9914 
        h271 16 0.0047 0.0020 0.0030 0.0032 0.0021 0.0013 0.9835 
        h272 16 0.0015 0.0019 0.0013 0.0015 0.0012 0.0019 0.9906 
        h273 16 0.0029 0.0015 0.0014 0.0020 0.0017 0.0012 0.9893 
        h274 16 0.0038 0.0132 0.0049 0.0030 0.0021 0.0021 0.9710 
        h275 16 0.0023 0.0013 0.0039 0.0031 0.0020 0.0012 0.9862 
        h276 16 0.0020 0.0024 0.0025 0.0025 0.0021 0.0015 0.9869 
        h277 16 0.0013 0.0014 0.0012 0.0015 0.0011 0.0025 0.9911 
        h278 16 0.0018 0.0023 0.0020 0.0018 0.0024 0.0015 0.9881 
        h279 16 0.0051 0.0030 0.0021 0.0019 0.0029 0.0019 0.9832 
        h280 16 0.0023 0.0013 0.0016 0.0017 0.0015 0.0013 0.9904 
        h281 16 0.0018 0.0012 0.0014 0.0016 0.0012 0.0015 0.9914 
        h282 16 0.0020 0.0019 0.0019 0.0022 0.0017 0.0021 0.9883 
        h283 16 0.0018 0.0011 0.0014 0.0014 0.0013 0.0022 0.9908 
        h284 16 0.0024 0.0015 0.0014 0.0016 0.0016 0.0017 0.9898 
        h285 16 0.0027 0.0019 0.0014 0.0017 0.0021 0.0013 0.9889 
        h286 16 0.0023 0.0023 0.0018 0.0014 0.0017 0.0013 0.9892 
        h287 16 0.0037 0.0038 0.0018 0.0019 0.0035 0.0015 0.9839 
        h288 16 0.0025 0.0013 0.0014 0.0017 0.0014 0.0012 0.9905 
        h289 16 0.0020 0.0019 0.0020 0.0022 0.0022 0.0020 0.9878 
        h290 16 0.0057 0.0100 0.0054 0.0032 0.0057 0.0017 0.9682 
        h291 16 0.0016 0.0011 0.0015 0.0018 0.0015 0.0016 0.9908 
        h292 16 0.0023 0.0015 0.0019 0.0022 0.0016 0.0013 0.9890 
        h293 16 0.0031 0.0019 0.0016 0.0018 0.0018 0.0012 0.9886 
        h294 16 0.0015 0.0023 0.0017 0.0017 0.0014 0.0015 0.9899 
        h295 16 0.0016 0.0017 0.0020 0.0023 0.0019 0.0020 0.9885 
        h296 16 0.0219 0.0052 0.0029 0.0045 0.0063 0.0014 0.9577 
        h297 16 0.0042 0.0047 0.0039 0.0053 0.0032 0.0028 0.9759 
        h298 16 0.0078 0.0018 0.0014 0.0013 0.0016 0.0012 0.9849 
        h299 16 0.0018 0.0011 0.0018 0.0021 0.0016 0.0014 0.9903 
        h300 16 0.0035 0.0025 0.0018 0.0020 0.0024 0.0023 0.9855 
      CC00K0 17 0.9876 0.0014 0.0033 0.0027 0.0019 0.0013 0.0018 
      CC01AY 17 0.9734 0.0058 0.0050 0.0058 0.0024 0.0025 0.0051 
      CC01EE 17 0.9681 0.0027 0.0068 0.0102 0.0060 0.0024 0.0038 
      CC03KH 17 0.9409 0.0019 0.0118 0.0285 0.0070 0.0027 0.0071 
      CC04FK 17 0.9757 0.0025 0.0036 0.0062 0.0064 0.0033 0.0024 
      CC04H8 17 0.9579 0.0036 0.0045 0.0100 0.0054 0.0021 0.0165 
      CC05EL 17 0.9513 0.0029 0.0251 0.0052 0.0057 0.0035 0.0063 
      CC05EM 17 0.9866 0.0018 0.0035 0.0030 0.0022 0.0013 0.0017 
      CC05EX 17 0.9872 0.0016 0.0040 0.0025 0.0019 0.0012 0.0017 
      CC05H2 17 0.9627 0.0057 0.0035 0.0160 0.0060 0.0014 0.0047 
      CC05HP 17 0.9891 0.0019 0.0019 0.0015 0.0026 0.0011 0.0019 
      CC05X0 17 0.9877 0.0013 0.0027 0.0023 0.0029 0.0014 0.0018 
      CC05X7 17 0.9893 0.0022 0.0015 0.0021 0.0021 0.0013 0.0015 
      CC0637 17 0.9702 0.0039 0.0055 0.0059 0.0042 0.0018 0.0085 
      CC0640 17 0.9869 0.0021 0.0019 0.0027 0.0022 0.0017 0.0025 
      FCC01M 17 0.9810 0.0042 0.0023 0.0031 0.0021 0.0015 0.0056 
      FCC2JC 17 0.8544 0.0043 0.0184 0.0307 0.0166 0.0045 0.0712 
      CC00JM 17 0.9853 0.0027 0.0016 0.0021 0.0022 0.0032 0.0028 
      CC00T6 17 0.9438 0.0085 0.0084 0.0076 0.0219 0.0031 0.0066 
      CC00T7 17 0.9700 0.0019 0.0050 0.0032 0.0104 0.0015 0.0081 
      CC00TC 17 0.9873 0.0040 0.0017 0.0015 0.0016 0.0016 0.0023 
      CC01CJ 17 0.9821 0.0063 0.0018 0.0017 0.0029 0.0020 0.0030 
      CC01CY 17 0.9843 0.0045 0.0029 0.0019 0.0028 0.0014 0.0023 
      CC01EC 17 0.9861 0.0014 0.0026 0.0026 0.0020 0.0020 0.0034 
      CC01EH 17 0.9788 0.0024 0.0030 0.0023 0.0020 0.0025 0.0091 
      CC01F2 17 0.9744 0.0021 0.0059 0.0037 0.0080 0.0021 0.0038 
      CC01FL 17 0.9811 0.0082 0.0025 0.0018 0.0024 0.0013 0.0027 
      CC025E 17 0.9804 0.0029 0.0021 0.0026 0.0029 0.0021 0.0071 
      CC03E3 17 0.9671 0.0186 0.0039 0.0033 0.0031 0.0019 0.0020 
      CC04AU 17 0.9909 0.0012 0.0016 0.0017 0.0016 0.0012 0.0019 
      CC04EK 17 0.9887 0.0018 0.0025 0.0018 0.0021 0.0013 0.0019 
      CC05FX 17 0.9740 0.0031 0.0027 0.0027 0.0030 0.0015 0.0130 
      CC05H7 17 0.9678 0.0089 0.0044 0.0078 0.0047 0.0044 0.0020 
      CC05M5 17 0.9880 0.0013 0.0023 0.0020 0.0024 0.0015 0.0026 
      CC05YK 17 0.9761 0.0123 0.0022 0.0029 0.0025 0.0021 0.0019 
      CC0630 17 0.9336 0.0024 0.0041 0.0443 0.0090 0.0031 0.0034 
      CC066E 17 0.9531 0.0031 0.0116 0.0108 0.0127 0.0043 0.0045 
      CC01ET 17 0.9706 0.0042 0.0049 0.0062 0.0027 0.0031 0.0083 
      CC01F1 17 0.9745 0.0035 0.0047 0.0035 0.0030 0.0034 0.0074 
      CC063M 17 0.9859 0.0035 0.0024 0.0020 0.0026 0.0023 0.0013 
       h0013 18 0.9269 0.0136 0.0084 0.0131 0.0248 0.0040 0.0092 
       h0023 18 0.9795 0.0026 0.0039 0.0033 0.0037 0.0024 0.0046 
       h0033 18 0.9562 0.0059 0.0080 0.0180 0.0039 0.0022 0.0058 
       h0043 18 0.9885 0.0016 0.0021 0.0031 0.0020 0.0011 0.0015 
       h0053 18 0.9799 0.0039 0.0026 0.0028 0.0019 0.0018 0.0072 
       h0063 18 0.9726 0.0138 0.0038 0.0024 0.0028 0.0016 0.0030 
       h0073 18 0.9860 0.0016 0.0025 0.0028 0.0034 0.0013 0.0024 
       h0083 18 0.9824 0.0043 0.0020 0.0020 0.0027 0.0033 0.0033 
       h0093 18 0.9843 0.0017 0.0044 0.0036 0.0026 0.0017 0.0017 
       h0103 18 0.9748 0.0019 0.0077 0.0087 0.0025 0.0012 0.0033 
       h0113 18 0.9889 0.0014 0.0018 0.0022 0.0025 0.0011 0.0021 
       h0123 18 0.9814 0.0041 0.0030 0.0064 0.0021 0.0014 0.0017 
       h0133 18 0.9785 0.0026 0.0051 0.0070 0.0038 0.0012 0.0016 
       h0143 18 0.9887 0.0020 0.0019 0.0020 0.0018 0.0013 0.0024 
       h0153 18 0.9831 0.0023 0.0042 0.0046 0.0025 0.0013 0.0020 
       h0163 18 0.9863 0.0021 0.0021 0.0022 0.0029 0.0016 0.0028 
       h0173 18 0.9749 0.0032 0.0035 0.0063 0.0057 0.0027 0.0037 
       h0183 18 0.9808 0.0031 0.0029 0.0023 0.0031 0.0031 0.0048 
       h0193 18 0.9787 0.0015 0.0033 0.0054 0.0018 0.0029 0.0065 
       h0203 18 0.9010 0.0467 0.0068 0.0100 0.0035 0.0056 0.0264 
       h0213 18 0.9788 0.0031 0.0045 0.0048 0.0046 0.0026 0.0015 
       h0223 18 0.9758 0.0042 0.0024 0.0021 0.0025 0.0016 0.0114 
       h0233 18 0.9806 0.0032 0.0032 0.0064 0.0017 0.0017 0.0032 
       h0243 18 0.9833 0.0040 0.0028 0.0027 0.0028 0.0016 0.0029 
       h0253 18 0.9698 0.0042 0.0132 0.0040 0.0045 0.0019 0.0025 
       h0263 18 0.9759 0.0021 0.0052 0.0089 0.0038 0.0016 0.0025 
       h0273 18 0.9614 0.0092 0.0062 0.0068 0.0073 0.0018 0.0074 
       h0283 18 0.9873 0.0019 0.0019 0.0025 0.0023 0.0016 0.0024 
       h0293 18 0.9653 0.0065 0.0039 0.0063 0.0030 0.0091 0.0059 
       h0303 18 0.9572 0.0093 0.0033 0.0053 0.0032 0.0062 0.0155 
       h0313 18 0.9723 0.0073 0.0069 0.0064 0.0037 0.0016 0.0018 
       h0323 18 0.9895 0.0020 0.0015 0.0016 0.0017 0.0015 0.0021 
       h0333 18 0.9700 0.0035 0.0035 0.0044 0.0086 0.0030 0.0070 
       h0343 18 0.9850 0.0023 0.0026 0.0017 0.0051 0.0018 0.0015 
       h0353 18 0.9685 0.0126 0.0050 0.0048 0.0045 0.0027 0.0018 
       h0363 18 0.9795 0.0076 0.0033 0.0028 0.0033 0.0016 0.0020 
       h0373 18 0.9723 0.0020 0.0040 0.0058 0.0032 0.0021 0.0106 
       h0383 18 0.9672 0.0020 0.0067 0.0069 0.0129 0.0017 0.0026 
       h0393 18 0.9744 0.0064 0.0038 0.0053 0.0041 0.0034 0.0025 
       h0403 18 0.9875 0.0020 0.0019 0.0021 0.0018 0.0016 0.0031 
       h0413 18 0.9841 0.0029 0.0040 0.0031 0.0024 0.0020 0.0016 
       h0423 18 0.9569 0.0235 0.0038 0.0044 0.0053 0.0017 0.0045 
       h0433 18 0.9657 0.0027 0.0047 0.0073 0.0040 0.0027 0.0128 
       h0443 18 0.9873 0.0019 0.0022 0.0026 0.0019 0.0015 0.0026 
       h0453 18 0.9697 0.0015 0.0085 0.0068 0.0066 0.0048 0.0021 
       h0463 18 0.9195 0.0225 0.0085 0.0307 0.0086 0.0038 0.0064 
       h0473 18 0.9833 0.0018 0.0018 0.0033 0.0017 0.0016 0.0066 
       h0483 18 0.9886 0.0020 0.0020 0.0024 0.0018 0.0018 0.0014 
       h0493 18 0.9587 0.0284 0.0028 0.0023 0.0035 0.0018 0.0025 
       h0503 18 0.9863 0.0021 0.0024 0.0025 0.0020 0.0011 0.0035 
       h0513 18 0.9853 0.0016 0.0020 0.0021 0.0025 0.0018 0.0046 
       h0523 18 0.9713 0.0039 0.0079 0.0037 0.0039 0.0023 0.0071 
       h0533 18 0.9781 0.0023 0.0051 0.0036 0.0045 0.0014 0.0049 
       h0543 18 0.9895 0.0013 0.0026 0.0026 0.0017 0.0012 0.0013 
       h0553 18 0.9709 0.0028 0.0057 0.0065 0.0029 0.0059 0.0052 
       h0563 18 0.9802 0.0055 0.0039 0.0033 0.0038 0.0014 0.0020 
       h0573 18 0.9886 0.0015 0.0021 0.0029 0.0018 0.0012 0.0019 
       h0583 18 0.9776 0.0014 0.0057 0.0062 0.0035 0.0032 0.0024 
       h0593 18 0.9846 0.0039 0.0031 0.0019 0.0036 0.0014 0.0015 
       h0603 18 0.9845 0.0015 0.0039 0.0037 0.0029 0.0013 0.0024 
       h0613 18 0.9899 0.0019 0.0019 0.0018 0.0020 0.0010 0.0014 
       h0623 18 0.9297 0.0026 0.0331 0.0162 0.0151 0.0021 0.0012 
       h0633 18 0.9706 0.0017 0.0048 0.0169 0.0020 0.0018 0.0022 
       h0643 18 0.9860 0.0013 0.0016 0.0022 0.0014 0.0014 0.0062 
       h0653 18 0.9900 0.0017 0.0024 0.0016 0.0020 0.0011 0.0012 
       h0663 18 0.9763 0.0024 0.0075 0.0048 0.0053 0.0016 0.0021 
       h0673 18 0.9663 0.0028 0.0051 0.0183 0.0024 0.0029 0.0022 
       h0683 18 0.9582 0.0079 0.0093 0.0115 0.0051 0.0028 0.0051 
       h0693 18 0.9862 0.0020 0.0025 0.0028 0.0024 0.0019 0.0023 
       h0703 18 0.9856 0.0042 0.0022 0.0021 0.0026 0.0019 0.0015 
       h0713 18 0.9861 0.0024 0.0023 0.0021 0.0031 0.0018 0.0023 
       h0723 18 0.9043 0.0031 0.0048 0.0044 0.0071 0.0018 0.0745 
       h0733 18 0.9722 0.0031 0.0064 0.0097 0.0043 0.0019 0.0024 
       h0743 18 0.9775 0.0017 0.0102 0.0048 0.0026 0.0018 0.0014 
       h0753 18 0.9863 0.0017 0.0021 0.0025 0.0022 0.0019 0.0034 
       h0763 18 0.9874 0.0015 0.0020 0.0018 0.0032 0.0013 0.0027 
       h0773 18 0.9804 0.0058 0.0026 0.0037 0.0023 0.0020 0.0032 
       h0783 18 0.9726 0.0091 0.0032 0.0031 0.0065 0.0037 0.0018 
       h0793 18 0.9798 0.0018 0.0030 0.0069 0.0024 0.0023 0.0038 
       h0803 18 0.9784 0.0041 0.0027 0.0030 0.0051 0.0017 0.0051 
       h0813 18 0.9806 0.0037 0.0030 0.0037 0.0045 0.0026 0.0019 
       h0823 18 0.9881 0.0013 0.0019 0.0019 0.0015 0.0024 0.0028 
       h0833 18 0.9850 0.0013 0.0031 0.0031 0.0029 0.0014 0.0032 
       h0843 18 0.9885 0.0023 0.0017 0.0020 0.0026 0.0013 0.0016 
       h0853 18 0.9856 0.0031 0.0029 0.0019 0.0027 0.0013 0.0025 
       h0863 18 0.9856 0.0032 0.0020 0.0022 0.0018 0.0010 0.0042 
       h0873 18 0.9839 0.0019 0.0021 0.0019 0.0021 0.0014 0.0067 
       h0883 18 0.9882 0.0016 0.0016 0.0018 0.0024 0.0014 0.0030 
       h0893 18 0.9855 0.0023 0.0027 0.0020 0.0027 0.0021 0.0027 
       h0903 18 0.9862 0.0030 0.0026 0.0025 0.0020 0.0018 0.0020 
       h0913 18 0.9806 0.0039 0.0029 0.0061 0.0020 0.0024 0.0021 
       h0923 18 0.9892 0.0014 0.0025 0.0023 0.0021 0.0012 0.0013 
       h0933 18 0.9877 0.0014 0.0021 0.0023 0.0021 0.0013 0.0031 
       h0943 18 0.8819 0.0090 0.0347 0.0149 0.0467 0.0055 0.0073 
       h0953 18 0.9848 0.0029 0.0025 0.0022 0.0030 0.0022 0.0024 
       h0963 18 0.9875 0.0016 0.0029 0.0029 0.0021 0.0014 0.0017 
       h0973 18 0.9840 0.0022 0.0026 0.0034 0.0018 0.0022 0.0037 
       h0983 18 0.9831 0.0027 0.0028 0.0048 0.0027 0.0019 0.0019 
       h0993 18 0.9907 0.0011 0.0015 0.0024 0.0014 0.0013 0.0015 
       h1003 18 0.9873 0.0015 0.0023 0.0026 0.0031 0.0014 0.0018 
       h1013 18 0.9082 0.0047 0.0116 0.0061 0.0067 0.0024 0.0603 
       h1023 18 0.9859 0.0017 0.0028 0.0029 0.0025 0.0021 0.0021 
       h1033 18 0.8370 0.0279 0.0774 0.0387 0.0110 0.0041 0.0039 
       h1043 18 0.9725 0.0058 0.0030 0.0033 0.0094 0.0021 0.0039 
       h1053 18 0.9854 0.0047 0.0015 0.0019 0.0019 0.0014 0.0031 
       h1063 18 0.9815 0.0015 0.0044 0.0042 0.0041 0.0023 0.0019 
       h1073 18 0.9836 0.0027 0.0024 0.0025 0.0030 0.0015 0.0043 
       h1083 18 0.9508 0.0037 0.0035 0.0132 0.0038 0.0115 0.0135 
       h1093 18 0.9781 0.0035 0.0057 0.0051 0.0039 0.0014 0.0022 
       h1103 18 0.9365 0.0062 0.0135 0.0181 0.0041 0.0035 0.0181 
       h1113 18 0.9567 0.0025 0.0182 0.0107 0.0075 0.0021 0.0025 
       h1123 18 0.9735 0.0028 0.0022 0.0022 0.0028 0.0016 0.0149 
       h1133 18 0.9867 0.0020 0.0020 0.0027 0.0019 0.0013 0.0035 
       h1143 18 0.9768 0.0019 0.0050 0.0047 0.0031 0.0020 0.0065 
       h1153 18 0.9856 0.0026 0.0020 0.0022 0.0018 0.0017 0.0040 
       h1163 18 0.9847 0.0012 0.0022 0.0022 0.0023 0.0015 0.0059 
       h1173 18 0.9707 0.0129 0.0047 0.0033 0.0045 0.0025 0.0013 
       h1183 18 0.9851 0.0023 0.0033 0.0020 0.0039 0.0015 0.0019 
       h1193 18 0.9755 0.0029 0.0027 0.0038 0.0053 0.0022 0.0077 
       h1203 18 0.9726 0.0044 0.0066 0.0052 0.0050 0.0037 0.0025 
       h1213 18 0.9789 0.0054 0.0043 0.0028 0.0048 0.0013 0.0025 
       h1223 18 0.9767 0.0031 0.0044 0.0024 0.0095 0.0021 0.0018 
       h1233 18 0.9595 0.0046 0.0114 0.0096 0.0114 0.0015 0.0021 
       h1243 18 0.9733 0.0027 0.0057 0.0092 0.0053 0.0016 0.0021 
       h1253 18 0.9864 0.0013 0.0028 0.0031 0.0026 0.0016 0.0023 
       h1263 18 0.9697 0.0018 0.0041 0.0039 0.0031 0.0021 0.0154 
       h1273 18 0.9648 0.0017 0.0072 0.0067 0.0066 0.0022 0.0108 
       h1283 18 0.9759 0.0073 0.0026 0.0036 0.0045 0.0033 0.0028 
       h1293 18 0.9629 0.0188 0.0039 0.0060 0.0033 0.0018 0.0033 
       h1303 18 0.9804 0.0022 0.0028 0.0036 0.0027 0.0022 0.0061 
       h1313 18 0.9806 0.0020 0.0026 0.0028 0.0081 0.0023 0.0017 
       h1323 18 0.9875 0.0014 0.0018 0.0039 0.0022 0.0016 0.0016 
       h1333 18 0.8831 0.0023 0.0366 0.0602 0.0046 0.0022 0.0110 
       h1343 18 0.9821 0.0025 0.0030 0.0044 0.0032 0.0024 0.0025 
       h1353 18 0.9774 0.0043 0.0044 0.0054 0.0039 0.0023 0.0023 
       h1363 18 0.9804 0.0013 0.0019 0.0020 0.0027 0.0019 0.0097 
       h1373 18 0.9698 0.0024 0.0021 0.0015 0.0021 0.0013 0.0208 
       h1383 18 0.9788 0.0016 0.0044 0.0062 0.0046 0.0018 0.0028 
       h1393 18 0.9819 0.0029 0.0049 0.0030 0.0036 0.0016 0.0022 
       h1403 18 0.9791 0.0018 0.0045 0.0055 0.0026 0.0018 0.0047 
       h1413 18 0.9775 0.0031 0.0026 0.0037 0.0024 0.0026 0.0082 
       h1423 18 0.9731 0.0131 0.0017 0.0024 0.0025 0.0049 0.0023 
       h1433 18 0.9719 0.0143 0.0023 0.0032 0.0021 0.0038 0.0024 
       h1443 18 0.9784 0.0037 0.0042 0.0038 0.0046 0.0018 0.0036 
       h1453 18 0.9857 0.0026 0.0017 0.0018 0.0019 0.0016 0.0046 
       h1463 18 0.9397 0.0070 0.0155 0.0187 0.0112 0.0050 0.0029 
       h1473 18 0.9847 0.0028 0.0026 0.0043 0.0024 0.0011 0.0020 
       h1483 18 0.9872 0.0028 0.0031 0.0027 0.0020 0.0012 0.0011 
       h1493 18 0.9712 0.0059 0.0030 0.0051 0.0066 0.0020 0.0062 
       h1503 18 0.9848 0.0045 0.0019 0.0022 0.0016 0.0019 0.0030 
       h1513 18 0.9806 0.0056 0.0028 0.0023 0.0034 0.0013 0.0041 
       h1523 18 0.9866 0.0029 0.0027 0.0023 0.0018 0.0016 0.0021 
       h1533 18 0.9548 0.0056 0.0083 0.0143 0.0025 0.0043 0.0101 
       h1543 18 0.9792 0.0035 0.0032 0.0048 0.0045 0.0024 0.0024 
       h1553 18 0.9874 0.0025 0.0022 0.0022 0.0023 0.0018 0.0017 
       h1563 18 0.9573 0.0048 0.0057 0.0047 0.0025 0.0015 0.0235 
       h1573 18 0.9826 0.0041 0.0034 0.0029 0.0037 0.0015 0.0019 
       h1583 18 0.9728 0.0045 0.0040 0.0052 0.0077 0.0018 0.0039 
       h1593 18 0.9894 0.0017 0.0015 0.0015 0.0021 0.0023 0.0015 
       h1603 18 0.9706 0.0144 0.0034 0.0033 0.0049 0.0018 0.0017 
       h1613 18 0.9396 0.0046 0.0150 0.0056 0.0319 0.0020 0.0014 
       h1623 18 0.9643 0.0023 0.0054 0.0069 0.0152 0.0016 0.0043 
       h1633 18 0.9790 0.0028 0.0024 0.0049 0.0030 0.0029 0.0049 
       h1643 18 0.9890 0.0014 0.0026 0.0024 0.0019 0.0014 0.0013 
       h1653 18 0.9872 0.0015 0.0016 0.0021 0.0028 0.0012 0.0035 
       h1663 18 0.9803 0.0034 0.0043 0.0055 0.0017 0.0025 0.0024 
       h1673 18 0.9764 0.0045 0.0042 0.0074 0.0029 0.0018 0.0027 
       h1683 18 0.9844 0.0045 0.0019 0.0020 0.0019 0.0017 0.0036 
       h1693 18 0.9808 0.0023 0.0062 0.0035 0.0024 0.0018 0.0030 
       h1703 18 0.9872 0.0016 0.0023 0.0022 0.0021 0.0014 0.0031 
       h1713 18 0.9775 0.0025 0.0042 0.0023 0.0057 0.0023 0.0054 
       h1723 18 0.9610 0.0012 0.0105 0.0194 0.0043 0.0019 0.0017 
       h1733 18 0.9884 0.0019 0.0025 0.0020 0.0021 0.0012 0.0019 
       h1743 18 0.9765 0.0040 0.0025 0.0019 0.0032 0.0012 0.0108 
       h1753 18 0.9857 0.0012 0.0032 0.0050 0.0023 0.0010 0.0016 
       h1763 18 0.9790 0.0035 0.0046 0.0022 0.0064 0.0014 0.0029 
       h1773 18 0.9713 0.0043 0.0044 0.0051 0.0053 0.0035 0.0060 
       h1783 18 0.9817 0.0018 0.0055 0.0038 0.0032 0.0012 0.0028 
       h1793 18 0.9893 0.0026 0.0016 0.0016 0.0014 0.0016 0.0020 
       h1803 18 0.9869 0.0020 0.0024 0.0024 0.0025 0.0013 0.0026 
       h1813 18 0.9886 0.0018 0.0016 0.0019 0.0017 0.0018 0.0026 
       h1823 18 0.9505 0.0024 0.0044 0.0283 0.0041 0.0064 0.0038 
       h1833 18 0.9724 0.0026 0.0037 0.0027 0.0047 0.0013 0.0127 
       h1843 18 0.9891 0.0021 0.0019 0.0017 0.0026 0.0013 0.0013 
       h1853 18 0.9877 0.0019 0.0028 0.0022 0.0015 0.0014 0.0024 
       h1863 18 0.9796 0.0071 0.0032 0.0032 0.0021 0.0023 0.0025 
       h1873 18 0.9677 0.0025 0.0047 0.0030 0.0036 0.0018 0.0168 
       h1883 18 0.9655 0.0015 0.0023 0.0025 0.0025 0.0014 0.0243 
       h1893 18 0.9843 0.0017 0.0021 0.0021 0.0017 0.0017 0.0064 
       h1903 18 0.9782 0.0036 0.0024 0.0023 0.0048 0.0049 0.0038 
       h1913 18 0.9738 0.0021 0.0045 0.0046 0.0107 0.0022 0.0021 
       h1923 18 0.9876 0.0014 0.0030 0.0028 0.0021 0.0014 0.0017 
       h1933 18 0.9875 0.0014 0.0020 0.0026 0.0019 0.0016 0.0030 
       h1943 18 0.9850 0.0035 0.0022 0.0022 0.0035 0.0021 0.0016 
       h1953 18 0.9769 0.0085 0.0030 0.0022 0.0043 0.0022 0.0029 
       h1963 18 0.9877 0.0029 0.0019 0.0021 0.0019 0.0013 0.0020 
       h1973 18 0.9645 0.0055 0.0033 0.0041 0.0064 0.0021 0.0141 
       h1983 18 0.9838 0.0028 0.0021 0.0034 0.0043 0.0020 0.0017 
       h1993 18 0.9765 0.0036 0.0053 0.0052 0.0049 0.0025 0.0021 
       h2003 18 0.9895 0.0014 0.0018 0.0018 0.0018 0.0023 0.0014 
       h2013 18 0.9803 0.0032 0.0030 0.0034 0.0043 0.0014 0.0044 
       h2023 18 0.9704 0.0126 0.0026 0.0032 0.0049 0.0020 0.0043 
       h2033 18 0.9849 0.0017 0.0037 0.0038 0.0019 0.0016 0.0025 
       h2043 18 0.9661 0.0115 0.0062 0.0049 0.0074 0.0016 0.0024 
       h2053 18 0.9651 0.0019 0.0108 0.0138 0.0052 0.0014 0.0018 
       h2063 18 0.9898 0.0019 0.0016 0.0019 0.0021 0.0014 0.0013 
       h2073 18 0.9829 0.0025 0.0025 0.0028 0.0032 0.0013 0.0049 
       h2083 18 0.9895 0.0013 0.0018 0.0021 0.0017 0.0014 0.0020 
       h2093 18 0.9862 0.0016 0.0027 0.0024 0.0018 0.0019 0.0034 
       h2103 18 0.9752 0.0036 0.0042 0.0041 0.0075 0.0021 0.0033 
       h2113 18 0.9783 0.0072 0.0036 0.0023 0.0028 0.0016 0.0042 
       h2123 18 0.9460 0.0018 0.0068 0.0040 0.0061 0.0017 0.0337 
       h2133 18 0.9454 0.0017 0.0293 0.0150 0.0049 0.0017 0.0020 
       h2143 18 0.9686 0.0069 0.0055 0.0039 0.0102 0.0029 0.0021 
       h2153 18 0.9651 0.0179 0.0030 0.0029 0.0051 0.0016 0.0043 
       h2163 18 0.9330 0.0046 0.0084 0.0108 0.0221 0.0133 0.0078 
       h2173 18 0.9832 0.0019 0.0039 0.0057 0.0025 0.0011 0.0017 
       h2183 18 0.9876 0.0018 0.0018 0.0026 0.0024 0.0013 0.0025 
       h2193 18 0.9708 0.0034 0.0032 0.0028 0.0036 0.0023 0.0139 
       h2203 18 0.9388 0.0266 0.0166 0.0078 0.0035 0.0040 0.0026 
       h2213 18 0.9838 0.0017 0.0027 0.0029 0.0040 0.0012 0.0037 
       h2223 18 0.9685 0.0026 0.0036 0.0023 0.0035 0.0014 0.0180 
       h2233 18 0.9785 0.0034 0.0025 0.0033 0.0021 0.0079 0.0024 
       h2243 18 0.9711 0.0033 0.0075 0.0085 0.0021 0.0035 0.0040 
       h2253 18 0.9782 0.0049 0.0049 0.0029 0.0033 0.0013 0.0044 
       h2263 18 0.9873 0.0016 0.0021 0.0024 0.0021 0.0015 0.0030 
       h2273 18 0.9847 0.0030 0.0020 0.0020 0.0022 0.0038 0.0023 
       h2283 18 0.9655 0.0096 0.0028 0.0030 0.0051 0.0103 0.0037 
       h2293 18 0.9819 0.0067 0.0030 0.0018 0.0032 0.0017 0.0016 
       h2303 18 0.9782 0.0032 0.0045 0.0053 0.0045 0.0015 0.0029 
       h2313 18 0.9502 0.0040 0.0053 0.0038 0.0049 0.0071 0.0247 
       h2323 18 0.9833 0.0026 0.0036 0.0039 0.0031 0.0015 0.0020 
       h2333 18 0.9767 0.0042 0.0048 0.0035 0.0052 0.0020 0.0036 
       h2343 18 0.9883 0.0025 0.0017 0.0019 0.0016 0.0013 0.0027 
       h2353 18 0.9698 0.0028 0.0056 0.0092 0.0032 0.0035 0.0059 
       h2363 18 0.9775 0.0023 0.0030 0.0032 0.0034 0.0016 0.0090 
       h2373 18 0.9207 0.0031 0.0156 0.0468 0.0053 0.0059 0.0026 
       h2383 18 0.9520 0.0101 0.0086 0.0043 0.0210 0.0017 0.0023 
       h2393 18 0.9838 0.0022 0.0023 0.0021 0.0037 0.0024 0.0035 
       h2403 18 0.9809 0.0053 0.0032 0.0029 0.0034 0.0014 0.0029 
       h2413 18 0.9839 0.0013 0.0045 0.0054 0.0017 0.0013 0.0017 
       h2423 18 0.9843 0.0026 0.0026 0.0037 0.0029 0.0016 0.0023 
       h2433 18 0.9899 0.0012 0.0016 0.0017 0.0015 0.0012 0.0030 
       h2443 18 0.9807 0.0024 0.0041 0.0062 0.0028 0.0019 0.0019 
       h2453 18 0.9840 0.0024 0.0020 0.0021 0.0016 0.0016 0.0063 
       h2463 18 0.9728 0.0070 0.0029 0.0029 0.0043 0.0027 0.0073 
       h2473 18 0.9638 0.0125 0.0033 0.0052 0.0061 0.0016 0.0074 
       h2483 18 0.9811 0.0013 0.0040 0.0042 0.0022 0.0026 0.0047 
       h2493 18 0.9873 0.0026 0.0017 0.0018 0.0030 0.0018 0.0018 
       h2503 18 0.9670 0.0062 0.0022 0.0037 0.0028 0.0028 0.0153 
       h2512 18 0.9731 0.0034 0.0048 0.0038 0.0041 0.0022 0.0086 
       h2522 18 0.9817 0.0060 0.0030 0.0021 0.0037 0.0015 0.0020 
       h2532 18 0.9833 0.0024 0.0026 0.0029 0.0039 0.0028 0.0021 
       h2542 18 0.9809 0.0030 0.0027 0.0026 0.0037 0.0017 0.0053 
       h2552 18 0.9819 0.0015 0.0042 0.0028 0.0031 0.0019 0.0045 
       h2562 18 0.9829 0.0023 0.0038 0.0043 0.0027 0.0026 0.0013 
       h2572 18 0.9815 0.0037 0.0034 0.0044 0.0035 0.0017 0.0018 
       h2582 18 0.9286 0.0602 0.0023 0.0027 0.0024 0.0017 0.0021 
       h2592 18 0.9885 0.0015 0.0017 0.0018 0.0033 0.0015 0.0016 
       h2602 18 0.9798 0.0031 0.0031 0.0020 0.0026 0.0017 0.0076 
       h2612 18 0.9803 0.0014 0.0019 0.0026 0.0020 0.0014 0.0104 
       h2622 18 0.9682 0.0035 0.0047 0.0057 0.0100 0.0014 0.0065 
       h2632 18 0.9740 0.0021 0.0023 0.0038 0.0030 0.0048 0.0101 
       h2642 18 0.9821 0.0043 0.0030 0.0021 0.0030 0.0018 0.0036 
       h2652 18 0.9853 0.0040 0.0023 0.0020 0.0027 0.0013 0.0024 
       h2662 18 0.9797 0.0021 0.0019 0.0028 0.0046 0.0016 0.0073 
       h2672 18 0.9860 0.0017 0.0027 0.0034 0.0025 0.0015 0.0022 
       h2682 18 0.9656 0.0024 0.0064 0.0119 0.0090 0.0019 0.0028 
       h2692 18 0.9665 0.0020 0.0037 0.0043 0.0070 0.0028 0.0137 
       h2702 18 0.9863 0.0025 0.0033 0.0032 0.0019 0.0016 0.0014 
       h2712 18 0.9730 0.0024 0.0048 0.0078 0.0045 0.0043 0.0033 
       h2722 18 0.9822 0.0034 0.0030 0.0022 0.0031 0.0017 0.0045 
       h2732 18 0.9863 0.0019 0.0026 0.0038 0.0027 0.0014 0.0014 
       h2742 18 0.9794 0.0025 0.0020 0.0020 0.0023 0.0032 0.0085 
       h2752 18 0.9757 0.0020 0.0038 0.0098 0.0038 0.0017 0.0032 
       h2762 18 0.9623 0.0106 0.0097 0.0087 0.0044 0.0019 0.0024 
       h2772 18 0.9673 0.0024 0.0088 0.0074 0.0045 0.0014 0.0082 
       h2782 18 0.9658 0.0050 0.0051 0.0092 0.0058 0.0024 0.0067 
       h2792 18 0.9800 0.0017 0.0039 0.0066 0.0030 0.0019 0.0029 
       h2802 18 0.9865 0.0023 0.0018 0.0024 0.0023 0.0016 0.0031 
       h2812 18 0.9638 0.0018 0.0078 0.0053 0.0028 0.0016 0.0168 
       h2822 18 0.9491 0.0038 0.0026 0.0033 0.0022 0.0039 0.0350 
       h2832 18 0.9654 0.0073 0.0058 0.0063 0.0037 0.0024 0.0090 
       h2842 18 0.9884 0.0012 0.0017 0.0016 0.0025 0.0014 0.0033 
       h2852 18 0.9833 0.0040 0.0025 0.0020 0.0044 0.0021 0.0018 
       h2862 18 0.9862 0.0030 0.0024 0.0028 0.0018 0.0019 0.0019 
       h2872 18 0.9858 0.0016 0.0023 0.0024 0.0024 0.0012 0.0042 
       h2882 18 0.9872 0.0016 0.0025 0.0024 0.0034 0.0015 0.0015 
       h2892 18 0.9887 0.0020 0.0020 0.0019 0.0016 0.0016 0.0022 
       h2902 18 0.9726 0.0053 0.0048 0.0062 0.0062 0.0033 0.0016 
       h2912 18 0.9849 0.0037 0.0021 0.0025 0.0033 0.0013 0.0021 
       h2922 18 0.9658 0.0041 0.0039 0.0041 0.0031 0.0015 0.0176 
       h2932 18 0.9342 0.0039 0.0300 0.0152 0.0122 0.0012 0.0033 
       h2942 18 0.9913 0.0010 0.0019 0.0017 0.0013 0.0012 0.0016 
       h2952 18 0.9703 0.0042 0.0048 0.0034 0.0136 0.0016 0.0022 
       h2962 18 0.9539 0.0172 0.0034 0.0059 0.0073 0.0034 0.0089 
       h2972 18 0.9850 0.0025 0.0022 0.0021 0.0025 0.0013 0.0043 
       h2982 18 0.9880 0.0012 0.0020 0.0027 0.0020 0.0012 0.0029 
       h2992 18 0.9802 0.0023 0.0055 0.0044 0.0036 0.0016 0.0024 
       h3002 18 0.9876 0.0026 0.0025 0.0029 0.0020 0.0012 0.0013 
