1        1   (5)      1  : 0.7840 0.1720 0.0206 0.0234
2        2   (5)      1  : 0.7734 0.2020 0.0084 0.0162
3        3   (5)      1  : 0.7902 0.1906 0.0084 0.0108
4        4   (0)      1  : 0.7848 0.1930 0.0166 0.0056
5        5   (0)      1  : 0.7440 0.1602 0.0284 0.0674
6        6   (0)      1  : 0.7868 0.1954 0.0112 0.0066
7        7   (0)      1  : 0.7821 0.1700 0.0040 0.0438
8        8   (5)      1  : 0.7878 0.2002 0.0070 0.0050
9        9   (0)      1  : 0.7912 0.2002 0.0046 0.0040
10       10   (0)      1  : 0.7842 0.1894 0.0046 0.0218
11       11   (0)      1  : 0.7894 0.1972 0.0040 0.0094
12       12   (0)      1  : 0.7700 0.2128 0.0048 0.0124
13       13   (0)      1  : 0.7812 0.2110 0.0032 0.0046
14       14   (0)      1  : 0.7784 0.1900 0.0236 0.0080
15       15   (0)      1  : 0.7852 0.1952 0.0066 0.0130
16       16   (0)      1  : 0.7844 0.1940 0.0166 0.0050
17       17   (0)      1  : 0.7926 0.2002 0.0030 0.0042
18       18   (0)      1  : 0.7800 0.1980 0.0064 0.0156
19       19   (0)      1  : 0.7682 0.2164 0.0098 0.0056
20       20   (0)      1  : 0.7696 0.1714 0.0136 0.0454
21       21   (0)      1  : 0.7902 0.2006 0.0058 0.0034
22       22   (0)      1  : 0.7890 0.1702 0.0360 0.0048
23       23   (0)      1  : 0.7886 0.1918 0.0136 0.0060
24       24   (0)      1  : 0.7790 0.1928 0.0210 0.0072
25       25   (0)      1  : 0.7764 0.2068 0.0062 0.0106
26       26   (0)      1  : 0.7836 0.2044 0.0072 0.0048
27       27   (5)      1  : 0.7634 0.1668 0.0066 0.0632
28       28   (0)      1  : 0.7906 0.1742 0.0148 0.0204
29       29   (0)      1  : 0.7870 0.1920 0.0134 0.0076
30       30   (0)      1  : 0.7726 0.1830 0.0250 0.0194
31       31   (0)      1  : 0.7902 0.1942 0.0062 0.0094
32       32   (0)      1  : 0.7714 0.1902 0.0076 0.0308
33       33   (0)      1  : 0.7904 0.1996 0.0040 0.0060
34       34   (0)      1  : 0.7888 0.1964 0.0096 0.0052
35       35   (0)      1  : 0.7456 0.1798 0.0236 0.0510
36       36   (0)      1  : 0.7768 0.1916 0.0066 0.0250
37       37   (0)      1  : 0.7844 0.1996 0.0064 0.0096
38       38   (0)      1  : 0.7810 0.2092 0.0038 0.0060
39       39   (0)      1  : 0.7736 0.2048 0.0060 0.0156
40       40   (0)      1  : 0.7834 0.1960 0.0114 0.0092
41       41   (0)      1  : 0.7894 0.1956 0.0060 0.0090
42       42   (0)      1  : 0.7916 0.1932 0.0106 0.0046
43       43   (0)      1  : 0.7958 0.1904 0.0064 0.0074
44       44   (0)      1  : 0.7936 0.1992 0.0032 0.0040
45       45   (5)      1  : 0.7872 0.1944 0.0054 0.0130
46       46   (0)      1  : 0.7880 0.1732 0.0302 0.0086
47       47   (0)      1  : 0.7978 0.1692 0.0202 0.0128
48       48   (0)      1  : 0.7836 0.1800 0.0264 0.0100
49       49   (0)      1  : 0.7674 0.2212 0.0040 0.0074
50       50   (0)      1  : 0.7882 0.1908 0.0116 0.0094
51       51   (0)      1  : 0.7874 0.2030 0.0048 0.0048
52       52   (0)      1  : 0.7476 0.2266 0.0118 0.0140
53       53   (0)      1  : 0.7786 0.1830 0.0290 0.0094
54       54   (0)      1  : 0.7960 0.1718 0.0124 0.0198
55       55   (0)      1  : 0.7904 0.1966 0.0054 0.0076
56       56   (0)      1  : 0.7888 0.1948 0.0086 0.0078
57       57  (10)      1  : 0.7848 0.2024 0.0050 0.0078
58       58   (5)      1  : 0.7842 0.1956 0.0096 0.0106
59       59   (0)      1  : 0.7850 0.1944 0.0154 0.0052
60       60   (0)      1  : 0.7916 0.1992 0.0036 0.0056
61       61   (0)      1  : 0.7860 0.1982 0.0084 0.0074
62       62   (0)      1  : 0.7944 0.1854 0.0050 0.0152
63       63   (0)      1  : 0.7914 0.1952 0.0042 0.0092
64       64   (0)      1  : 0.7918 0.1914 0.0060 0.0108
65       65   (0)      1  : 0.7554 0.2046 0.0040 0.0360
66       66   (0)      1  : 0.7850 0.1660 0.0104 0.0386
67       67   (5)      1  : 0.7456 0.2024 0.0396 0.0124
68       68   (0)      1  : 0.7738 0.1662 0.0458 0.0142
69       69   (0)      1  : 0.8016 0.1866 0.0030 0.0088
70       70   (0)      1  : 0.7852 0.1944 0.0136 0.0068
71       71   (5)      1  : 0.7810 0.1738 0.0120 0.0332
72       72   (0)      1  : 0.7818 0.2082 0.0040 0.0060
73       73   (5)      1  : 0.7878 0.1710 0.0086 0.0326
74       74  (10)      1  : 0.7814 0.1998 0.0090 0.0098
75       75  (10)      1  : 0.7630 0.2248 0.0064 0.0058
76       76   (0)      1  : 0.6701 0.1231 0.2020 0.0048
77       77  (10)      1  : 0.7542 0.1638 0.0770 0.0050
78       78   (0)      1  : 0.7318 0.1497 0.1075 0.0110
79       79   (5)      1  : 0.7884 0.1844 0.0154 0.0118
80       80   (0)      1  : 0.7908 0.1974 0.0068 0.0050
81       81   (0)      1  : 0.7904 0.2008 0.0048 0.0040
82       82   (0)      1  : 0.7928 0.1998 0.0028 0.0046
83       83   (0)      1  : 0.7564 0.1876 0.0480 0.0080
84       84   (0)      1  : 0.7690 0.2074 0.0044 0.0192
85       85   (0)      1  : 0.7914 0.1998 0.0034 0.0054
86       86   (5)      1  : 0.7894 0.2016 0.0042 0.0048
87       87   (0)      1  : 0.7906 0.1910 0.0074 0.0110
88       88   (0)      1  : 0.7072 0.1676 0.1084 0.0168
89       89   (0)      1  : 0.7542 0.2202 0.0168 0.0088
90       90   (0)      1  : 0.7780 0.1636 0.0200 0.0384
91       91   (0)      1  : 0.7844 0.1982 0.0096 0.0078
92       92   (0)      1  : 0.7866 0.1806 0.0078 0.0250
93       93   (0)      1  : 0.7900 0.1994 0.0068 0.0038
94       94   (5)      1  : 0.7654 0.1796 0.0464 0.0086
95       95   (0)      1  : 0.7850 0.1958 0.0142 0.0050
96       96   (5)      1  : 0.7920 0.2002 0.0034 0.0044
97       97   (0)      1  : 0.7772 0.1806 0.0300 0.0122
98       98   (0)      1  : 0.7856 0.1960 0.0054 0.0130
99       99   (5)      1  : 0.7866 0.2028 0.0042 0.0064
100      100   (5)      1  : 0.7918 0.1980 0.0054 0.0048
101      101   (0)      2  : 0.7518 0.1916 0.0490 0.0076
102      102   (0)      2  : 0.7668 0.1932 0.0074 0.0326
103      103   (0)      2  : 0.7910 0.1866 0.0050 0.0174
104      104   (0)      2  : 0.7806 0.1860 0.0164 0.0170
105      105   (0)      2  : 0.7944 0.1824 0.0062 0.0170
106      106   (0)      2  : 0.7828 0.1862 0.0184 0.0126
107      107   (0)      2  : 0.8052 0.1416 0.0220 0.0312
108      108   (0)      2  : 0.7820 0.1610 0.0124 0.0446
109      109   (0)      2  : 0.7322 0.2292 0.0058 0.0328
110      110   (0)      2  : 0.7956 0.1836 0.0054 0.0154
111      111   (0)      2  : 0.7850 0.2012 0.0066 0.0072
112      112   (0)      2  : 0.7870 0.1880 0.0120 0.0130
113      113   (0)      2  : 0.7896 0.2004 0.0048 0.0052
114      114   (0)      2  : 0.7904 0.2016 0.0042 0.0038
115      115   (0)      2  : 0.7798 0.1738 0.0358 0.0106
116      116   (0)      2  : 0.7868 0.1902 0.0082 0.0148
117      117   (0)      2  : 0.7840 0.2080 0.0040 0.0040
118      118   (0)      2  : 0.7840 0.2020 0.0048 0.0092
119      119   (0)      2  : 0.7822 0.2060 0.0062 0.0056
120      120   (0)      2  : 0.7942 0.1604 0.0080 0.0374
121      121   (0)      2  : 0.7784 0.1297 0.0386 0.0532
122      122   (0)      2  : 0.7628 0.1628 0.0478 0.0266
123      123   (0)      2  : 0.7878 0.2038 0.0042 0.0042
124      124   (0)      2  : 0.7864 0.1956 0.0088 0.0092
125      125   (0)      2  : 0.7154 0.2036 0.0422 0.0388
126      126   (0)      2  : 0.7946 0.1814 0.0054 0.0186
127      127   (0)      2  : 0.7852 0.1606 0.0180 0.0362
128      128   (0)      2  : 0.7764 0.1882 0.0298 0.0056
129      129   (0)      2  : 0.7908 0.1944 0.0088 0.0060
130      130   (0)      2  : 0.7908 0.1868 0.0098 0.0126
131      131   (0)      2  : 0.7838 0.2032 0.0072 0.0058
132      132   (0)      2  : 0.7918 0.1686 0.0266 0.0130
133      133   (0)      2  : 0.7916 0.1992 0.0052 0.0040
134      134   (0)      2  : 0.7946 0.1986 0.0032 0.0036
135      135   (0)      2  : 0.7980 0.1818 0.0056 0.0146
136      136   (0)      2  : 0.7898 0.2010 0.0048 0.0044
137      137   (0)      2  : 0.7712 0.2186 0.0044 0.0058
138      138   (0)      2  : 0.7212 0.1780 0.0750 0.0258
139      139   (0)      2  : 0.7628 0.1908 0.0240 0.0224
140      140   (0)      2  : 0.7904 0.1922 0.0052 0.0122
141      141   (0)      2  : 0.7874 0.2016 0.0044 0.0066
142      142   (0)      2  : 0.7534 0.2234 0.0072 0.0160
143      143   (0)      2  : 0.7872 0.1988 0.0072 0.0068
144      144   (0)      2  : 0.7864 0.1986 0.0096 0.0054
145      145   (0)      2  : 0.7944 0.1862 0.0054 0.0140
146      146   (0)      2  : 0.7834 0.2080 0.0036 0.0050
147      147   (0)      2  : 0.7908 0.1994 0.0038 0.0060
148      148   (0)      2  : 0.7598 0.1810 0.0246 0.0346
149      149   (0)      2  : 0.7830 0.2040 0.0066 0.0064
150      150   (0)      2  : 0.7872 0.1930 0.0162 0.0036
151      151   (0)      2  : 0.7852 0.1938 0.0068 0.0142
152      152   (0)      2  : 0.7930 0.1978 0.0046 0.0046
153      153   (0)      2  : 0.7898 0.2010 0.0038 0.0054
154      154   (0)      2  : 0.7754 0.1636 0.0176 0.0434
155      155   (0)      2  : 0.7908 0.1818 0.0132 0.0142
156      156   (0)      2  : 0.7832 0.1874 0.0138 0.0156
157      157   (0)      2  : 0.7892 0.2028 0.0044 0.0036
158      158   (0)      2  : 0.7404 0.1810 0.0684 0.0102
159      159   (0)      2  : 0.7820 0.1712 0.0358 0.0110
160      160   (0)      2  : 0.7842 0.1942 0.0060 0.0156
161      161   (0)      2  : 0.7894 0.1864 0.0184 0.0058
162      162   (0)      2  : 0.7916 0.1972 0.0054 0.0058
163      163   (0)      2  : 0.7782 0.2112 0.0044 0.0062
164      164   (0)      2  : 0.7904 0.1912 0.0088 0.0096
165      165   (0)      2  : 0.7382 0.1428 0.0584 0.0606
166      166   (0)      2  : 0.7812 0.1918 0.0146 0.0124
167      167   (0)      2  : 0.7822 0.2068 0.0058 0.0052
168      168   (0)      2  : 0.7754 0.2152 0.0046 0.0048
169      169   (0)      2  : 0.7842 0.1956 0.0144 0.0058
170      170   (0)      2  : 0.7764 0.2092 0.0060 0.0084
171      171   (0)      2  : 0.7858 0.1856 0.0164 0.0122
172      172   (0)      2  : 0.7866 0.2040 0.0046 0.0048
173      173   (0)      2  : 0.7876 0.1992 0.0070 0.0062
174      174   (0)      2  : 0.7840 0.1916 0.0172 0.0072
175      175   (0)      2  : 0.7858 0.1508 0.0096 0.0537
176      176   (0)      2  : 0.7906 0.2008 0.0040 0.0046
177      177   (0)      2  : 0.7888 0.2010 0.0046 0.0056
178      178   (0)      2  : 0.7916 0.1984 0.0050 0.0050
179      179   (0)      2  : 0.7852 0.1752 0.0058 0.0338
180      180   (0)      2  : 0.7914 0.2012 0.0028 0.0046
181      181   (0)      2  : 0.7366 0.2488 0.0066 0.0080
182      182   (0)      2  : 0.7890 0.1858 0.0058 0.0194
183      183   (0)      2  : 0.7756 0.1920 0.0218 0.0106
184      184   (0)      2  : 0.8014 0.1536 0.0108 0.0342
185      185   (0)      2  : 0.7608 0.2130 0.0062 0.0200
186      186   (0)      2  : 0.7912 0.1968 0.0054 0.0066
187      187   (0)      2  : 0.7920 0.1940 0.0098 0.0042
188      188   (0)      2  : 0.7892 0.1836 0.0102 0.0170
189      189   (0)      2  : 0.7902 0.1998 0.0058 0.0042
190      190   (0)      2  : 0.7906 0.1992 0.0048 0.0054
191      191   (0)      2  : 0.7850 0.1866 0.0126 0.0158
192      192   (0)      2  : 0.7522 0.1732 0.0580 0.0166
193      193   (0)      2  : 0.7902 0.1984 0.0058 0.0056
194      194   (0)      2  : 0.7928 0.2010 0.0032 0.0030
195      195   (0)      2  : 0.7782 0.1914 0.0174 0.0130
196      196   (0)      2  : 0.7750 0.2160 0.0038 0.0052
197      197   (0)      2  : 0.7924 0.1788 0.0102 0.0186
198      198   (0)      2  : 0.7844 0.2038 0.0056 0.0062
199      199   (0)      2  : 0.7494 0.1612 0.0758 0.0136
200      200   (0)      2  : 0.7794 0.1876 0.0296 0.0034
201      201   (0)      2  : 0.7842 0.1956 0.0122 0.0080
202      202   (0)      2  : 0.7930 0.1982 0.0030 0.0058
203      203   (0)      2  : 0.7708 0.1734 0.0232 0.0326
204      204   (0)      2  : 0.7862 0.2024 0.0046 0.0068
205      205   (0)      2  : 0.7808 0.1734 0.0288 0.0170
206      206   (0)      2  : 0.7934 0.1968 0.0044 0.0054
207      207   (0)      2  : 0.7826 0.2052 0.0042 0.0080
208      208   (0)      2  : 0.7860 0.1824 0.0204 0.0112
209      209   (0)      2  : 0.7926 0.1976 0.0050 0.0048
210      210   (0)      2  : 0.7898 0.2026 0.0036 0.0040
211      211   (0)      2  : 0.7888 0.1772 0.0188 0.0152
212      212   (0)      2  : 0.7870 0.1874 0.0172 0.0084
213      213   (0)      2  : 0.7882 0.1934 0.0098 0.0086
214      214   (0)      2  : 0.7872 0.1996 0.0054 0.0078
215      215   (0)      2  : 0.7976 0.1850 0.0048 0.0126
216      216   (0)      2  : 0.7808 0.2042 0.0062 0.0088
217      217   (0)      2  : 0.7992 0.1658 0.0092 0.0258
218      218   (0)      2  : 0.7876 0.1962 0.0114 0.0048
219      219   (0)      2  : 0.8049 0.1413 0.0072 0.0466
220      220   (0)      2  : 0.7750 0.1830 0.0320 0.0100
221      221   (0)      2  : 0.7890 0.1982 0.0040 0.0088
222      222   (0)      2  : 0.7900 0.2004 0.0032 0.0064
223      223   (0)      2  : 0.7830 0.1782 0.0164 0.0224
224      224   (0)      2  : 0.8058 0.1722 0.0064 0.0156
225      225   (0)      2  : 0.7906 0.1948 0.0068 0.0078
226      226   (0)      2  : 0.7698 0.1736 0.0288 0.0278
227      227   (0)      2  : 0.7648 0.1808 0.0496 0.0048
228      228   (0)      2  : 0.7840 0.2032 0.0088 0.0040
229      229   (0)      2  : 0.7798 0.1944 0.0200 0.0058
230      230   (0)      2  : 0.7882 0.1990 0.0090 0.0038
231      231   (0)      2  : 0.7862 0.1954 0.0048 0.0136
232      232   (0)      2  : 0.7904 0.1986 0.0074 0.0036
233      233   (0)      2  : 0.7900 0.1976 0.0078 0.0046
234      234   (0)      2  : 0.7856 0.1860 0.0122 0.0162
235      235   (0)      2  : 0.7806 0.1328 0.0168 0.0698
236      236   (0)      2  : 0.7902 0.1986 0.0034 0.0078
237      237   (0)      2  : 0.7862 0.1978 0.0088 0.0072
238      238   (0)      2  : 0.7872 0.1878 0.0050 0.0200
239      239   (0)      2  : 0.7904 0.1864 0.0074 0.0158
240      240   (0)      2  : 0.7854 0.2018 0.0072 0.0056
241      241   (0)      2  : 0.7846 0.1994 0.0064 0.0096
242      242   (0)      2  : 0.7854 0.1824 0.0152 0.0170
243      243   (0)      2  : 0.7910 0.1956 0.0082 0.0052
244      244   (0)      2  : 0.7874 0.1930 0.0102 0.0094
245      245   (0)      2  : 0.7798 0.1982 0.0126 0.0094
246      246   (0)      2  : 0.7806 0.2074 0.0048 0.0072
247      247   (0)      2  : 0.7912 0.1910 0.0040 0.0138
248      248   (0)      2  : 0.7888 0.1882 0.0034 0.0196
249      249   (0)      2  : 0.7898 0.1998 0.0050 0.0054
250      250   (0)      2  : 0.7894 0.1964 0.0072 0.0070
251      251   (0)      2  : 0.7878 0.1620 0.0118 0.0384
252      252   (0)      2  : 0.7546 0.1386 0.0504 0.0564
253      253   (0)      2  : 0.7824 0.2036 0.0080 0.0060
254      254   (0)      2  : 0.7338 0.2226 0.0394 0.0042
255      255   (0)      2  : 0.7750 0.1872 0.0328 0.0050
256      256   (0)      2  : 0.7868 0.1952 0.0052 0.0128
257      257   (0)      2  : 0.7922 0.1998 0.0040 0.0040
258      258   (0)      2  : 0.7902 0.1970 0.0082 0.0046
259      259   (0)      2  : 0.7910 0.1986 0.0056 0.0048
260      260   (0)      2  : 0.7822 0.2086 0.0042 0.0050
261      261   (0)      2  : 0.7808 0.2062 0.0046 0.0084
262      262   (0)      2  : 0.7720 0.2026 0.0164 0.0090
263      263   (0)      2  : 0.7632 0.1469 0.0694 0.0206
264      264   (0)      2  : 0.7374 0.1836 0.0730 0.0060
265      265   (0)      2  : 0.7900 0.1974 0.0068 0.0058
266      266   (0)      2  : 0.7874 0.1918 0.0150 0.0058
267      267   (0)      2  : 0.7692 0.2170 0.0044 0.0094
268      268   (0)      2  : 0.7878 0.1990 0.0072 0.0060
269      269   (0)      2  : 0.7902 0.1970 0.0034 0.0094
270      270   (0)      2  : 0.7876 0.1988 0.0064 0.0072
271      271   (0)      2  : 0.7892 0.1974 0.0044 0.0090
272      272   (0)      2  : 0.7880 0.1988 0.0056 0.0076
273      273   (0)      2  : 0.7352 0.1456 0.0106 0.1086
274      274   (0)      2  : 0.7952 0.1954 0.0040 0.0054
275      275   (0)      2  : 0.7598 0.1298 0.0576 0.0528
276      276   (0)      2  : 0.7852 0.2004 0.0082 0.0062
277      277   (0)      2  : 0.7912 0.2000 0.0050 0.0038
278      278   (0)      2  : 0.7852 0.2006 0.0074 0.0068
279      279   (0)      2  : 0.7908 0.1880 0.0142 0.0070
280      280   (0)      2  : 0.7734 0.2134 0.0050 0.0082
281      281   (0)      2  : 0.7916 0.1988 0.0052 0.0044
282      282   (0)      2  : 0.7758 0.1119 0.1061 0.0062
283      283   (0)      2  : 0.7904 0.2000 0.0052 0.0044
284      284   (0)      2  : 0.7696 0.1822 0.0204 0.0278
285      285   (0)      2  : 0.7896 0.1962 0.0046 0.0096
286      286   (0)      2  : 0.7880 0.2020 0.0050 0.0050
287      287   (0)      2  : 0.7798 0.2052 0.0062 0.0088
288      288   (0)      2  : 0.7658 0.2190 0.0044 0.0108
289      289   (0)      2  : 0.7928 0.1958 0.0066 0.0048
290      290   (0)      2  : 0.7882 0.1952 0.0034 0.0132
291      291   (0)      2  : 0.7872 0.1964 0.0040 0.0124
292      292   (0)      2  : 0.7902 0.1970 0.0070 0.0058
293      293   (0)      2  : 0.8170 0.1455 0.0070 0.0304
294      294   (0)      2  : 0.7880 0.1622 0.0168 0.0330
295      295   (0)      2  : 0.6179 0.2488 0.0114 0.1218
296      296   (0)      2  : 0.7502 0.1836 0.0074 0.0588
297      297   (0)      2  : 0.7422 0.1444 0.1036 0.0098
298      298   (0)      2  : 0.7912 0.1980 0.0032 0.0076
299      299   (0)      2  : 0.7878 0.1892 0.0112 0.0118
300      300   (0)      2  : 0.7890 0.2016 0.0052 0.0042
301      301   (5)      3  : 0.5942 0.1190 0.0052 0.2816
302      302   (0)      3  : 0.3505 0.0794 0.0114 0.5587
303      303   (0)      3  : 0.5595 0.1483 0.0390 0.2532
304      304   (5)      3  : 0.4731 0.0720 0.0298 0.4251
305      305   (5)      3  : 0.4354 0.0912 0.0032 0.4702
306      306   (0)      3  : 0.3887 0.1268 0.0164 0.4681
307      307   (0)      4  : 0.6383 0.1192 0.0382 0.2044
308      308   (0)      4  : 0.4749 0.0646 0.0050 0.4555
309      309   (0)      4  : 0.4047 0.0932 0.0114 0.4908
310      310   (0)      4  : 0.3889 0.0786 0.0802 0.4523
311      311   (0)      4  : 0.4863 0.1117 0.0162 0.3858
312      312   (0)      4  : 0.4785 0.0860 0.0492 0.3863
313      313   (0)      4  : 0.4229 0.1102 0.0046 0.4623
314      314   (0)      4  : 0.5969 0.1034 0.0042 0.2955
315      315   (0)      4  : 0.4350 0.0322 0.0162 0.5166
316      316   (0)      4  : 0.5138 0.0660 0.0038 0.4164
317      317   (0)      4  : 0.4846 0.1129 0.0074 0.3951
318      318   (0)      4  : 0.5213 0.0230 0.0618 0.3940
319      319   (0)      4  : 0.4168 0.0876 0.0070 0.4886
320      320   (0)      4  : 0.3750 0.1483 0.0112 0.4655
321      321   (0)      4  : 0.5461 0.0854 0.0072 0.3613
322      322   (0)      4  : 0.5685 0.0984 0.0096 0.3235
323      323   (0)      4  : 0.3557 0.0134 0.0222 0.6087
324      324   (0)      4  : 0.5305 0.1178 0.0252 0.3265
325      325   (0)      4  : 0.4499 0.0904 0.0338 0.4259
326      326   (0)      4  : 0.5362 0.1490 0.0058 0.3090
327      327   (0)      4  : 0.4826 0.1175 0.0042 0.3957
328      328   (0)      4  : 0.4180 0.0966 0.0092 0.4762
329      329   (0)      4  : 0.4641 0.1144 0.0046 0.4169
330      330   (0)      4  : 0.4728 0.1338 0.0154 0.3780
331      331   (0)      4  : 0.5379 0.1631 0.0124 0.2866
332      332   (0)      4  : 0.4316 0.0198 0.0362 0.5124
333      333   (0)      4  : 0.5434 0.2504 0.0148 0.1914
334      334   (0)      4  : 0.4179 0.0956 0.0116 0.4749
335      335   (0)      4  : 0.4664 0.0925 0.0102 0.4309
336      336   (0)      4  : 0.4749 0.0598 0.0062 0.4591
337      337   (0)      4  : 0.5194 0.1158 0.0060 0.3588
338      338   (0)      4  : 0.5509 0.0460 0.0078 0.3953
339      339   (0)      4  : 0.3591 0.0928 0.0068 0.5413
340      340   (0)      4  : 0.5380 0.1372 0.0036 0.3212
341      341   (0)      4  : 0.4932 0.0987 0.0060 0.4021
342      342   (0)      4  : 0.3993 0.1172 0.0318 0.4517
343      343   (0)      4  : 0.4750 0.1321 0.0236 0.3693
344      344   (0)      4  : 0.4770 0.1105 0.0094 0.4031
345      345   (0)      4  : 0.4106 0.0606 0.0048 0.5240
346      346   (0)      4  : 0.3931 0.0647 0.0136 0.5286
347      347   (0)      4  : 0.4407 0.0210 0.0154 0.5229
348      348   (0)      4  : 0.4175 0.0280 0.0042 0.5503
349      349   (0)      4  : 0.4888 0.1786 0.0052 0.3274
350      350   (0)      4  : 0.5996 0.1296 0.0064 0.2644
351      351   (0)      4  : 0.5221 0.1173 0.0072 0.3534
352      352   (0)      4  : 0.4437 0.1134 0.0140 0.4289
353      353   (0)      4  : 0.6385 0.2148 0.0108 0.1360
354      354   (0)      4  : 0.5203 0.1232 0.0164 0.3401
355      355   (0)      4  : 0.4409 0.0390 0.0970 0.4231
356      356   (0)      4  : 0.4642 0.0430 0.0146 0.4782
357      357   (0)      4  : 0.4662 0.1141 0.0098 0.4099
358      358   (0)      4  : 0.3487 0.0664 0.0056 0.5793
359      359   (0)      4  : 0.4651 0.1062 0.0098 0.4189
360      360   (0)      4  : 0.6227 0.1495 0.0050 0.2228
361      361   (0)      4  : 0.4725 0.0905 0.0054 0.4316
362      362   (0)      4  : 0.5243 0.0930 0.0134 0.3693
363      363   (0)      4  : 0.4714 0.2290 0.0080 0.2916
364      364   (0)      4  : 0.5781 0.0984 0.0074 0.3161
365      365   (0)      4  : 0.4176 0.0856 0.0088 0.4881
366      366   (0)      4  : 0.5303 0.0997 0.0036 0.3664
367      367   (0)      4  : 0.6360 0.1274 0.0054 0.2312
368      368   (0)      4  : 0.3472 0.0114 0.0362 0.6053
369      369   (0)      4  : 0.6060 0.1364 0.0056 0.2520
370      370   (0)      4  : 0.4095 0.0678 0.0050 0.5177
371      371   (0)      4  : 0.5186 0.0978 0.0240 0.3596
372      372   (0)      4  : 0.5937 0.0783 0.0080 0.3200
373      373   (0)      4  : 0.4173 0.1495 0.0048 0.4284
374      374   (0)      4  : 0.4552 0.0972 0.0064 0.4412
375      375   (0)      4  : 0.4658 0.0826 0.0170 0.4346
376      376   (0)      4  : 0.4781 0.0876 0.0080 0.4263
377      377   (0)      4  : 0.4360 0.0917 0.0036 0.4687
378      378   (0)      4  : 0.5011 0.0908 0.0170 0.3911
379      379   (0)      4  : 0.4907 0.1120 0.0128 0.3845
380      380   (0)      4  : 0.4432 0.1880 0.0506 0.3182
381      381   (0)      4  : 0.5654 0.0986 0.0102 0.3258
382      382   (0)      4  : 0.5388 0.0900 0.0094 0.3618
383      383   (0)      4  : 0.5726 0.1338 0.0108 0.2828
384      384   (0)      4  : 0.4399 0.1143 0.0056 0.4402
385      385   (0)      4  : 0.3981 0.1354 0.0042 0.4623
386      386   (0)      4  : 0.4855 0.0682 0.0416 0.4047
387      387   (0)      4  : 0.4045 0.0614 0.0402 0.4939
388      388   (0)      4  : 0.4977 0.1028 0.0038 0.3957
389      389   (0)      4  : 0.5018 0.0524 0.0240 0.4217
390      390   (0)      4  : 0.4224 0.0856 0.0056 0.4864
391      391   (0)      4  : 0.5044 0.1782 0.0828 0.2346
392      392   (0)      4  : 0.5237 0.0732 0.0164 0.3867
393      393   (0)      4  : 0.5510 0.1115 0.0084 0.3291
394      394   (0)      4  : 0.5097 0.1616 0.0556 0.2732
395      395   (0)      4  : 0.4377 0.1429 0.0078 0.4116
396      396   (0)      4  : 0.3787 0.0248 0.0098 0.5867
397      397   (0)      4  : 0.4930 0.1623 0.0076 0.3370
398      398   (0)      4  : 0.4246 0.0925 0.0136 0.4693
399      399   (0)      4  : 0.5172 0.0162 0.0028 0.4638
400      400   (0)      4  : 0.4779 0.0870 0.0104 0.4247
401      401   (0)      4  : 0.6278 0.1156 0.0108 0.2458
402      402   (0)      4  : 0.3076 0.1968 0.1484 0.3472
403      403   (0)      4  : 0.5175 0.2092 0.0080 0.2653
404      404   (0)      4  : 0.5019 0.0954 0.0146 0.3881
405      405   (0)      4  : 0.2595 0.0062 0.0384 0.6959
406      406   (0)      4  : 0.4667 0.0406 0.0160 0.4767
407      407   (0)      5  : 0.2498 0.0184 0.0130 0.7188
408      408   (0)      5  : 0.4953 0.0358 0.0326 0.4363
409      409   (0)      5  : 0.4360 0.0681 0.0114 0.4845
410      410   (0)      5  : 0.4941 0.1443 0.0038 0.3578
411      411   (0)      5  : 0.3735 0.0290 0.1342 0.4633
412      412   (0)      5  : 0.4665 0.1050 0.0172 0.4113
413      413   (0)      5  : 0.4007 0.0615 0.0192 0.5187
414      414   (0)      5  : 0.0420 0.0112 0.0220 0.9248
415      415   (0)      5  : 0.3522 0.0350 0.0364 0.5764
416      416   (0)      5  : 0.1350 0.0046 0.0110 0.8494
417      417   (0)      5  : 0.3937 0.0472 0.0058 0.5533
418      418   (0)      5  : 0.3355 0.0536 0.0126 0.5983
419      419   (0)      5  : 0.3079 0.0340 0.0172 0.6409
420      420   (0)      5  : 0.3735 0.0663 0.0120 0.5482
421      421   (0)      5  : 0.3619 0.0870 0.0100 0.5411
422      422   (0)      5  : 0.2483 0.0290 0.0104 0.7123
423      423   (0)      5  : 0.5448 0.1289 0.0060 0.3203
424      424   (0)      5  : 0.3920 0.0690 0.0086 0.5304
425      425   (0)      5  : 0.3521 0.0506 0.0140 0.5833
426      426   (0)      5  : 0.7114 0.1664 0.0892 0.0330
427      427   (0)      5  : 0.5405 0.0811 0.0110 0.3674
428      428   (0)      5  : 0.4607 0.1102 0.0044 0.4247
429      429   (0)      5  : 0.3362 0.0574 0.0096 0.5968
430      430   (0)      5  : 0.4234 0.0974 0.0048 0.4744
431      431   (0)      5  : 0.4575 0.0884 0.0050 0.4491
432      432   (0)      5  : 0.4359 0.0316 0.0072 0.5253
433      433   (0)      5  : 0.5567 0.1220 0.0524 0.2689
434      434   (0)      5  : 0.3996 0.0736 0.0038 0.5230
435      435   (0)      5  : 0.5184 0.1039 0.0096 0.3681
436      436   (0)      5  : 0.2930 0.0640 0.0054 0.6376
437      437   (0)      5  : 0.4057 0.0550 0.0226 0.5167
438      438   (0)      5  : 0.2887 0.0871 0.0060 0.6183
439      439   (0)      5  : 0.3190 0.0778 0.0288 0.5744
440      440   (0)      5  : 0.3942 0.0272 0.1318 0.4468
441      441   (0)      5  : 0.4027 0.0398 0.0104 0.5471
442      442   (0)      5  : 0.4773 0.1246 0.0330 0.3651
443      443   (0)      5  : 0.4446 0.0975 0.0138 0.4441
444      444   (0)      5  : 0.4098 0.0800 0.0094 0.5008
445      445   (0)      5  : 0.6094 0.2231 0.0298 0.1378
446      446   (0)      5  : 0.2570 0.0104 0.0058 0.7267
447      447   (0)      5  : 0.4867 0.1112 0.0142 0.3878
448      448   (0)      5  : 0.4038 0.0796 0.0108 0.5058
449      449   (0)      5  : 0.4638 0.1283 0.0094 0.3985
450      450   (0)      5  : 0.5336 0.0300 0.0116 0.4248
451      451   (0)      5  : 0.5603 0.1312 0.0060 0.3025
452      452   (0)      5  : 0.4012 0.0448 0.0140 0.5400
453      453   (0)      5  : 0.5177 0.0794 0.0092 0.3937
454      454   (0)      5  : 0.3318 0.0324 0.0054 0.6304
455      455   (0)      5  : 0.3621 0.1043 0.0178 0.5158
456      456   (0)      5  : 0.3161 0.0882 0.0076 0.5881
457      457   (0)      5  : 0.4748 0.0896 0.0044 0.4312
458      458   (0)      5  : 0.3011 0.2388 0.0162 0.4439
459      459   (0)      5  : 0.5892 0.1210 0.0106 0.2793
460      460   (0)      5  : 0.4634 0.1270 0.0058 0.4038
461      461   (0)      5  : 0.3523 0.0216 0.0636 0.5625
462      462   (0)      5  : 0.3909 0.0818 0.0100 0.5173
463      463   (0)      5  : 0.4286 0.0926 0.0090 0.4698
464      464   (0)      5  : 0.3474 0.0160 0.0046 0.6320
465      465   (0)      5  : 0.5037 0.1043 0.0148 0.3772
466      466   (0)      5  : 0.4330 0.1453 0.0088 0.4129
467      467   (0)      5  : 0.3609 0.0282 0.0068 0.6041
468      468   (0)      5  : 0.3899 0.0778 0.0488 0.4835
469      469   (0)      5  : 0.4488 0.0756 0.0096 0.4660
470      470   (0)      5  : 0.4084 0.0774 0.0052 0.5090
471      471   (0)      5  : 0.4229 0.0504 0.0140 0.5127
472      472   (0)      5  : 0.2117 0.0098 0.0096 0.7689
473      473   (0)      5  : 0.2722 0.0078 0.0266 0.6934
474      474   (0)      5  : 0.4257 0.0603 0.0074 0.5066
475      475   (0)      5  : 0.5619 0.0350 0.0336 0.3695
476      476   (0)      5  : 0.4750 0.0800 0.0092 0.4358
477      477   (0)      5  : 0.2320 0.0598 0.0100 0.6982
478      478   (0)      5  : 0.3798 0.0641 0.0214 0.5347
479      479   (0)      5  : 0.5739 0.1210 0.1108 0.1944
480      480   (0)      5  : 0.3556 0.0754 0.0136 0.5554
481      481   (0)      5  : 0.4487 0.0396 0.0730 0.4387
482      482   (0)      5  : 0.3587 0.0807 0.0988 0.4618
483      483   (0)      5  : 0.5355 0.0878 0.0284 0.3483
484      484   (0)      5  : 0.3465 0.0426 0.0036 0.6073
485      485   (0)      5  : 0.4682 0.1456 0.0048 0.3814
486      486   (0)      5  : 0.2373 0.0168 0.0104 0.7355
487      487   (0)      5  : 0.3999 0.0732 0.0048 0.5221
488      488   (0)      5  : 0.5215 0.1198 0.0068 0.3519
489      489   (0)      5  : 0.4285 0.0804 0.0056 0.4855
490      490   (0)      5  : 0.4142 0.0442 0.0464 0.4952
491      491   (0)      5  : 0.4459 0.0940 0.0044 0.4557
492      492   (0)      5  : 0.4750 0.1228 0.0164 0.3858
493      493   (0)      5  : 0.4443 0.1020 0.0136 0.4401
494      494   (0)      5  : 0.3109 0.1081 0.0116 0.5694
495      495   (0)      5  : 0.3464 0.0742 0.0472 0.5322
496      496   (0)      5  : 0.3585 0.0739 0.0668 0.5008
497      497   (0)      5  : 0.3754 0.0667 0.0106 0.5473
498      498   (0)      5  : 0.3944 0.1022 0.0040 0.4994
499      499   (0)      5  : 0.4871 0.1413 0.0060 0.3656
500      500   (0)      5  : 0.4240 0.0946 0.0066 0.4748
501      501   (0)      5  : 0.5202 0.0804 0.0374 0.3620
502      502   (0)      5  : 0.2385 0.0300 0.0084 0.7231
503      503   (0)      5  : 0.4072 0.0624 0.0088 0.5216
504      504   (0)      5  : 0.3544 0.0414 0.0058 0.5984
505      505   (0)      5  : 0.4542 0.2900 0.0202 0.2356
506      506   (0)      5  : 0.3165 0.0450 0.0092 0.6293
507      507   (0)      6  : 0.4481 0.5269 0.0186 0.0064
508      508   (0)      6  : 0.2884 0.6830 0.0040 0.0246
509      509   (0)      6  : 0.3739 0.6157 0.0036 0.0068
510      510   (0)      6  : 0.3879 0.5853 0.0214 0.0054
511      511   (0)      6  : 0.3730 0.6152 0.0040 0.0078
512      512   (0)      6  : 0.4753 0.5127 0.0056 0.0064
513      513   (0)      6  : 0.3538 0.6332 0.0074 0.0056
514      514   (0)      6  : 0.3470 0.6396 0.0074 0.0060
515      515   (0)      6  : 0.2644 0.7150 0.0110 0.0096
516      516   (0)      6  : 0.3769 0.6155 0.0036 0.0040
517      517   (0)      6  : 0.4992 0.4696 0.0144 0.0168
518      518   (0)      6  : 0.3671 0.6135 0.0040 0.0154
519      519   (0)      6  : 0.3618 0.6282 0.0050 0.0050
520      520   (0)      6  : 0.4070 0.5406 0.0428 0.0096
521      521   (0)      6  : 0.4257 0.5633 0.0064 0.0046
522      522   (0)      6  : 0.2687 0.6863 0.0038 0.0412
523      523   (0)      6  : 0.4563 0.5328 0.0054 0.0056
524      524   (0)      6  : 0.5192 0.4468 0.0110 0.0230
525      525   (0)      6  : 0.3953 0.5921 0.0048 0.0078
526      526   (0)      6  : 0.4075 0.5733 0.0110 0.0082
527      527   (0)      6  : 0.4176 0.5726 0.0048 0.0050
528      528   (0)      6  : 0.4214 0.5656 0.0052 0.0078
529      529   (0)      6  : 0.3675 0.6259 0.0026 0.0040
530      530   (0)      6  : 0.3551 0.6359 0.0044 0.0046
531      531   (0)      6  : 0.2988 0.6830 0.0046 0.0136
532      532   (0)      6  : 0.4764 0.5064 0.0096 0.0076
533      533   (0)      6  : 0.3580 0.4163 0.0190 0.2067
534      534   (0)      6  : 0.4415 0.5439 0.0062 0.0084
535      535   (0)      6  : 0.4048 0.5806 0.0068 0.0078
536      536   (0)      6  : 0.4933 0.4881 0.0096 0.0090
537      537   (0)      6  : 0.4509 0.5343 0.0094 0.0054
538      538   (0)      6  : 0.3888 0.5964 0.0056 0.0092
539      539   (0)      6  : 0.4000 0.5884 0.0056 0.0060
540      540   (0)      6  : 0.2421 0.7053 0.0392 0.0134
541      541   (0)      6  : 0.3696 0.6178 0.0064 0.0062
542      542   (0)      6  : 0.3283 0.6325 0.0062 0.0330
543      543   (0)      6  : 0.4069 0.5731 0.0046 0.0154
544      544   (0)      6  : 0.3398 0.6510 0.0048 0.0044
545      545   (0)      6  : 0.4100 0.5758 0.0040 0.0102
546      546   (0)      6  : 0.3434 0.6291 0.0112 0.0162
547      547   (0)      6  : 0.4494 0.4888 0.0120 0.0498
548      548   (0)      6  : 0.4372 0.5284 0.0038 0.0306
549      549   (0)      6  : 0.4199 0.5707 0.0038 0.0056
550      550   (0)      6  : 0.4604 0.5272 0.0038 0.0086
551      551   (0)      6  : 0.4085 0.5839 0.0038 0.0038
552      552   (0)      6  : 0.4321 0.5561 0.0048 0.0070
553      553   (0)      6  : 0.3872 0.6020 0.0066 0.0042
554      554   (0)      6  : 0.4304 0.5526 0.0108 0.0062
555      555   (0)      6  : 0.2621 0.7297 0.0038 0.0044
556      556   (0)      6  : 0.3739 0.6163 0.0044 0.0054
557      557   (0)      6  : 0.4438 0.5230 0.0098 0.0234
558      558   (0)      6  : 0.3667 0.6061 0.0200 0.0072
559      559   (0)      6  : 0.4355 0.4887 0.0572 0.0186
560      560   (0)      6  : 0.4446 0.4642 0.0474 0.0438
561      561   (0)      6  : 0.3979 0.5935 0.0030 0.0056
562      562   (0)      6  : 0.3391 0.6513 0.0048 0.0048
563      563   (0)      6  : 0.3242 0.5276 0.0040 0.1441
564      564   (0)      6  : 0.3979 0.5649 0.0084 0.0288
565      565   (0)      6  : 0.3779 0.6119 0.0038 0.0064
566      566   (0)      6  : 0.2584 0.7084 0.0254 0.0078
567      567   (0)      6  : 0.4826 0.4791 0.0298 0.0084
568      568   (0)      6  : 0.4173 0.5657 0.0050 0.0120
569      569   (0)      6  : 0.3310 0.6412 0.0062 0.0216
570      570   (0)      6  : 0.4734 0.5176 0.0036 0.0054
571      571   (0)      6  : 0.3613 0.6293 0.0028 0.0066
572      572   (0)      6  : 0.4662 0.5108 0.0106 0.0124
573      573   (0)      6  : 0.2545 0.5853 0.1476 0.0126
574      574   (0)      6  : 0.3790 0.5994 0.0110 0.0106
575      575   (0)      6  : 0.3650 0.6212 0.0050 0.0088
576      576   (0)      6  : 0.4353 0.5505 0.0050 0.0092
577      577   (0)      6  : 0.3294 0.6528 0.0068 0.0110
578      578   (0)      6  : 0.3963 0.5929 0.0046 0.0062
579      579   (0)      6  : 0.4354 0.5384 0.0178 0.0084
580      580   (0)      6  : 0.3440 0.6474 0.0036 0.0050
581      581   (0)      6  : 0.4075 0.5521 0.0160 0.0244
582      582   (0)      6  : 0.3717 0.6167 0.0050 0.0066
583      583   (0)      6  : 0.3182 0.6724 0.0038 0.0056
584      584   (0)      6  : 0.3464 0.6310 0.0128 0.0098
585      585   (0)      6  : 0.3977 0.5879 0.0104 0.0040
586      586   (0)      6  : 0.3266 0.6568 0.0086 0.0080
587      587   (0)      6  : 0.4024 0.5734 0.0104 0.0138
588      588   (0)      6  : 0.5464 0.4430 0.0048 0.0058
589      589   (0)      6  : 0.3969 0.5901 0.0054 0.0076
590      590   (0)      6  : 0.4798 0.4960 0.0120 0.0122
591      591   (0)      6  : 0.2982 0.6858 0.0048 0.0112
592      592   (0)      6  : 0.3380 0.6436 0.0042 0.0142
593      593   (0)      6  : 0.4042 0.5878 0.0030 0.0050
594      594   (0)      6  : 0.3930 0.5854 0.0158 0.0058
595      595   (0)      6  : 0.3830 0.6068 0.0036 0.0066
596      596   (0)      6  : 0.3084 0.6788 0.0068 0.0060
597      597   (0)      6  : 0.4899 0.4983 0.0056 0.0062
598      598   (0)      6  : 0.3667 0.6271 0.0028 0.0034
599      599   (0)      6  : 0.3733 0.6183 0.0038 0.0046
600      600   (0)      6  : 0.3344 0.6542 0.0052 0.0062
601      601   (0)      6  : 0.3924 0.5896 0.0062 0.0118
602      602   (0)      6  : 0.4092 0.5672 0.0176 0.0060
603      603   (0)      6  : 0.3140 0.6404 0.0210 0.0246
604      604   (0)      6  : 0.3578 0.6348 0.0022 0.0052
605      605   (0)      6  : 0.3759 0.6073 0.0072 0.0096
606      606   (0)      6  : 0.5028 0.4672 0.0054 0.0246
607      607   (0)      7  : 0.3687 0.0668 0.5573 0.0072
608      608   (0)      7  : 0.4271 0.0842 0.4791 0.0096
609      609   (0)      7  : 0.4164 0.0942 0.4796 0.0098
610      610   (0)      7  : 0.4142 0.0713 0.4969 0.0176
611      611   (0)      7  : 0.3932 0.0933 0.5007 0.0128
612      612   (0)      7  : 0.4341 0.0978 0.4571 0.0110
613      613   (0)      7  : 0.5153 0.1146 0.3613 0.0088
614      614   (0)      7  : 0.3676 0.0880 0.5394 0.0050
615      615   (0)      7  : 0.3253 0.1286 0.5379 0.0082
616      616   (0)      7  : 0.3856 0.0726 0.5354 0.0064
617      617   (0)      7  : 0.3348 0.0801 0.5715 0.0136
618      618   (0)      7  : 0.3638 0.0384 0.5827 0.0152
619      619   (0)      7  : 0.4861 0.1147 0.3876 0.0116
620      620   (0)      7  : 0.2630 0.0296 0.7014 0.0060
621      621   (0)      7  : 0.4134 0.0606 0.5150 0.0110
622      622   (0)      7  : 0.4852 0.0994 0.4080 0.0074
623      623   (0)      7  : 0.3552 0.0736 0.5660 0.0052
624      624   (0)      7  : 0.4424 0.0950 0.4456 0.0170
625      625   (0)      7  : 0.3839 0.0682 0.5411 0.0068
626      626   (0)      7  : 0.3685 0.0814 0.5451 0.0050
627      627   (0)      7  : 0.4277 0.1300 0.4349 0.0074
628      628   (0)      7  : 0.3312 0.0663 0.5971 0.0054
629      629   (0)      7  : 0.3489 0.0470 0.5937 0.0104
630      630   (0)      7  : 0.3894 0.0268 0.4922 0.0916
631      631   (0)      7  : 0.3878 0.0842 0.5232 0.0048
632      632   (0)      7  : 0.3220 0.0728 0.5974 0.0078
633      633   (0)      7  : 0.3720 0.0938 0.5118 0.0224
634      634   (0)      7  : 0.3036 0.0586 0.6332 0.0046
635      635   (0)      7  : 0.3108 0.0442 0.6049 0.0400
636      636   (0)      7  : 0.3783 0.0978 0.5129 0.0110
637      637   (0)      7  : 0.4131 0.2060 0.3711 0.0098
638      638   (0)      7  : 0.4462 0.0876 0.4578 0.0084
639      639   (0)      7  : 0.5405 0.0928 0.3607 0.0060
640      640   (0)      7  : 0.4574 0.0932 0.4364 0.0130
641      641   (0)      7  : 0.4165 0.0368 0.4471 0.0996
642      642   (0)      7  : 0.5108 0.1018 0.3748 0.0126
643      643   (0)      7  : 0.3537 0.0102 0.5524 0.0836
644      644   (0)      7  : 0.5761 0.1020 0.3163 0.0056
645      645   (0)      7  : 0.3047 0.0718 0.6103 0.0132
646      646   (0)      7  : 0.6172 0.1446 0.2298 0.0084
647      647   (0)      7  : 0.2551 0.0330 0.6999 0.0120
648      648   (0)      7  : 0.4148 0.0871 0.4775 0.0206
649      649   (0)      7  : 0.2824 0.1002 0.6106 0.0068
650      650   (0)      7  : 0.3553 0.0252 0.6135 0.0060
651      651   (0)      7  : 0.4376 0.0462 0.4834 0.0328
652      652   (0)      7  : 0.3747 0.0590 0.5497 0.0166
653      653   (0)      7  : 0.4372 0.1010 0.4530 0.0088
654      654   (0)      7  : 0.2119 0.2497 0.4964 0.0420
655      655   (0)      7  : 0.3887 0.0811 0.5252 0.0050
656      656   (0)      7  : 0.3309 0.0610 0.6029 0.0052
657      657   (0)      7  : 0.3347 0.0892 0.5677 0.0084
658      658   (0)      7  : 0.5242 0.1166 0.3518 0.0074
659      659   (0)      7  : 0.3590 0.0700 0.5636 0.0074
660      660   (0)      7  : 0.3573 0.0592 0.5657 0.0178
661      661   (0)      7  : 0.5261 0.1156 0.3515 0.0068
662      662   (0)      7  : 0.4259 0.0992 0.4631 0.0118
663      663   (0)      7  : 0.4620 0.0756 0.4564 0.0060
664      664   (0)      7  : 0.3674 0.0801 0.5479 0.0046
665      665   (0)      7  : 0.3703 0.0568 0.5170 0.0558
666      666   (0)      7  : 0.3931 0.0484 0.5220 0.0366
667      667   (0)      7  : 0.3402 0.0875 0.5621 0.0102
668      668   (0)      7  : 0.4517 0.0877 0.4510 0.0096
669      669   (0)      7  : 0.3476 0.0682 0.5702 0.0140
670      670   (0)      7  : 0.4455 0.0612 0.4761 0.0172
671      671   (0)      7  : 0.3646 0.0975 0.5287 0.0092
672      672   (0)      7  : 0.3389 0.0104 0.5853 0.0654
673      673   (0)      7  : 0.4396 0.0730 0.4692 0.0182
674      674   (0)      7  : 0.4466 0.0946 0.4532 0.0056
675      675   (0)      7  : 0.2736 0.1035 0.5815 0.0414
676      676   (0)      7  : 0.1744 0.0172 0.7972 0.0112
677      677   (0)      7  : 0.3412 0.0833 0.5583 0.0172
678      678   (0)      7  : 0.2362 0.0392 0.7140 0.0106
679      679   (0)      7  : 0.4151 0.0976 0.4833 0.0040
680      680   (0)      7  : 0.3668 0.0858 0.5426 0.0048
681      681   (0)      7  : 0.4248 0.0725 0.4767 0.0260
682      682   (0)      7  : 0.3661 0.0628 0.5659 0.0052
683      683   (0)      7  : 0.3671 0.0928 0.5355 0.0046
684      684   (0)      7  : 0.2175 0.0358 0.7403 0.0064
685      685   (0)      7  : 0.4570 0.0820 0.4178 0.0432
686      686   (0)      7  : 0.3770 0.1069 0.5123 0.0038
687      687   (0)      7  : 0.2959 0.0094 0.5683 0.1264
688      688   (0)      7  : 0.3509 0.0152 0.6155 0.0184
689      689   (0)      7  : 0.4219 0.0746 0.4961 0.0074
690      690   (0)      7  : 0.3333 0.0823 0.5724 0.0120
691      691   (0)      7  : 0.2401 0.0665 0.6879 0.0054
692      692   (0)      7  : 0.5328 0.0660 0.3836 0.0176
693      693   (0)      7  : 0.3346 0.0432 0.6088 0.0134
694      694   (0)      7  : 0.4192 0.0934 0.4726 0.0148
695      695   (0)      7  : 0.3071 0.0690 0.6123 0.0116
696      696   (0)      7  : 0.2521 0.0542 0.6825 0.0112
697      697   (0)      7  : 0.4239 0.1013 0.4700 0.0048
698      698   (0)      7  : 0.3800 0.0885 0.5253 0.0062
699      699   (0)      7  : 0.4166 0.1521 0.4199 0.0114
700      700   (0)      7  : 0.3896 0.0709 0.5167 0.0228
701      701   (0)      7  : 0.4732 0.0946 0.4266 0.0056
702      702   (0)      7  : 0.3603 0.0968 0.5293 0.0136
703      703   (0)      7  : 0.2508 0.0432 0.7006 0.0054
704      704   (0)      7  : 0.3801 0.0815 0.5298 0.0086
705      705   (0)      7  : 0.4687 0.1039 0.4210 0.0064
706      706   (0)      7  : 0.4044 0.1002 0.4856 0.0098
707      707   (0)      8  : 0.5295 0.0719 0.0844 0.3142
708      708   (0)      8  : 0.2898 0.0180 0.1332 0.5590
709      709   (0)      8  : 0.4825 0.0266 0.1027 0.3882
710      710   (0)      8  : 0.4551 0.0678 0.1224 0.3547
711      711   (0)      8  : 0.5469 0.1230 0.0920 0.2381
712      712   (0)      8  : 0.5692 0.0850 0.0976 0.2482
713      713   (0)      8  : 0.3909 0.1321 0.0308 0.4462
714      714   (0)      8  : 0.5225 0.1104 0.0808 0.2863
715      715   (0)      8  : 0.5320 0.0869 0.0837 0.2974
716      716   (0)      8  : 0.4316 0.0344 0.1054 0.4286
717      717   (0)      8  : 0.3999 0.0106 0.1339 0.4556
718      718   (0)      8  : 0.4387 0.0126 0.1170 0.4317
719      719   (0)      8  : 0.4663 0.0218 0.1536 0.3583
720      720   (0)      8  : 0.5178 0.0932 0.0776 0.3114
721      721   (0)      8  : 0.5068 0.0196 0.1049 0.3687
722      722   (0)      8  : 0.4619 0.0470 0.1562 0.3350
723      723   (0)      8  : 0.5276 0.0951 0.0891 0.2882
724      724   (0)      8  : 0.5216 0.0658 0.0960 0.3166
725      725   (0)      8  : 0.4987 0.0856 0.1378 0.2779
726      726   (0)      8  : 0.5250 0.1008 0.1100 0.2642
727      727   (0)      8  : 0.4010 0.0196 0.1240 0.4554
728      728   (0)      8  : 0.5844 0.1197 0.0304 0.2655
729      729   (0)      8  : 0.4085 0.0230 0.1382 0.4303
730      730   (0)      8  : 0.5570 0.0774 0.0737 0.2919
731      731   (0)      8  : 0.5917 0.2003 0.0740 0.1340
732      732   (0)      8  : 0.4694 0.0500 0.0952 0.3854
733      733   (0)      8  : 0.4453 0.0945 0.2229 0.2373
734      734   (0)      8  : 0.5270 0.0288 0.1039 0.3403
735      735   (0)      8  : 0.4623 0.0274 0.1272 0.3831
736      736   (0)      8  : 0.5016 0.0740 0.1693 0.2551
737      737   (0)      8  : 0.5351 0.1090 0.1018 0.2541
738      738   (0)      8  : 0.4329 0.0220 0.2085 0.3366
739      739   (0)      8  : 0.4839 0.0951 0.1064 0.3146
740      740   (0)      8  : 0.4500 0.0488 0.1150 0.3861
741      741   (0)      8  : 0.5374 0.0616 0.0751 0.3259
742      742   (0)      8  : 0.4655 0.0292 0.1138 0.3915
743      743   (0)      8  : 0.4750 0.0610 0.0788 0.3852
744      744   (0)      8  : 0.4841 0.1422 0.1176 0.2561
745      745   (0)      8  : 0.4316 0.0712 0.2185 0.2786
746      746   (0)      8  : 0.4881 0.0372 0.1024 0.3723
747      747   (0)      8  : 0.4930 0.2137 0.0780 0.2153
748      748   (0)      8  : 0.4396 0.0234 0.1076 0.4294
749      749   (0)      8  : 0.5435 0.0764 0.1338 0.2463
750      750   (0)      8  : 0.4924 0.1257 0.2137 0.1681
751      751   (0)      8  : 0.3916 0.0168 0.1225 0.4691
752      752   (0)      8  : 0.2814 0.1740 0.0350 0.5097
753      753   (0)      8  : 0.4747 0.1204 0.1003 0.3046
754      754   (0)      8  : 0.4763 0.0623 0.0950 0.3664
755      755   (0)      8  : 0.4674 0.0144 0.1491 0.3691
756      756   (0)      8  : 0.4970 0.0833 0.0687 0.3510
757      757   (0)      8  : 0.5676 0.1059 0.0698 0.2567
758      758   (0)      8  : 0.4458 0.0042 0.1184 0.4316
759      759   (0)      8  : 0.4871 0.0798 0.1127 0.3204
760      760   (0)      8  : 0.5168 0.1772 0.0605 0.2456
761      761   (0)      8  : 0.2642 0.0182 0.1310 0.5866
762      762   (0)      8  : 0.5181 0.0834 0.0976 0.3009
763      763   (0)      8  : 0.4470 0.0218 0.1142 0.4170
764      764   (0)      8  : 0.4877 0.0808 0.1018 0.3297
765      765   (0)      8  : 0.5269 0.0656 0.0982 0.3093
766      766   (0)      8  : 0.5629 0.2505 0.0490 0.1377
767      767   (0)      8  : 0.4153 0.0416 0.2212 0.3219
768      768   (0)      8  : 0.4357 0.1034 0.0474 0.4135
769      769   (0)      8  : 0.3469 0.0264 0.1044 0.5223
770      770   (0)      8  : 0.5307 0.0816 0.1006 0.2871
771      771   (0)      8  : 0.4774 0.1099 0.2464 0.1663
772      772   (0)      8  : 0.4414 0.0358 0.1275 0.3953
773      773   (0)      8  : 0.3332 0.0168 0.1890 0.4610
774      774   (0)      8  : 0.5189 0.0963 0.0691 0.3157
775      775   (0)      8  : 0.4509 0.0310 0.1273 0.3908
776      776   (0)      8  : 0.4657 0.1222 0.0972 0.3149
777      777   (0)      8  : 0.3887 0.0146 0.1450 0.4517
778      778   (0)      8  : 0.5058 0.1018 0.0889 0.3035
779      779   (0)      8  : 0.5342 0.1070 0.0810 0.2778
780      780   (0)      8  : 0.4911 0.0302 0.1579 0.3208
781      781   (0)      8  : 0.4736 0.2418 0.0408 0.2438
782      782   (0)      8  : 0.4663 0.0290 0.0991 0.4056
783      783   (0)      8  : 0.4495 0.0260 0.2352 0.2893
784      784   (0)      8  : 0.4931 0.0162 0.0676 0.4231
785      785   (0)      8  : 0.4830 0.1414 0.0526 0.3230
786      786   (0)      8  : 0.4522 0.0398 0.0960 0.4120
787      787   (0)      8  : 0.3691 0.0104 0.1830 0.4375
788      788   (0)      8  : 0.5460 0.0836 0.0346 0.3358
789      789   (0)      8  : 0.5235 0.0636 0.1019 0.3110
790      790   (0)      8  : 0.4161 0.0492 0.1071 0.4276
791      791   (0)      8  : 0.4697 0.0402 0.1304 0.3597
792      792   (0)      8  : 0.4778 0.0424 0.1689 0.3109
793      793   (0)      8  : 0.5816 0.0853 0.0650 0.2682
794      794   (0)      8  : 0.4829 0.0838 0.1289 0.3044
795      795   (0)      8  : 0.5292 0.1014 0.0302 0.3392
796      796   (0)      8  : 0.4531 0.0452 0.0110 0.4907
797      797   (0)      8  : 0.3708 0.0953 0.1520 0.3819
798      798   (0)      8  : 0.4278 0.0764 0.1502 0.3456
799      799   (0)      8  : 0.4876 0.0862 0.0935 0.3327
800      800   (0)      8  : 0.4358 0.0474 0.1099 0.4069
801      801   (0)      8  : 0.5560 0.1280 0.0750 0.2411
802      802   (0)      8  : 0.4186 0.0759 0.3719 0.1337
803      803   (0)      8  : 0.4931 0.0182 0.0336 0.4551
804      804   (0)      8  : 0.4461 0.0957 0.1384 0.3198
805      805   (0)      8  : 0.4844 0.0442 0.0924 0.3790
806      806   (0)      8  : 0.5992 0.1150 0.0865 0.1993
807      807   (0)      9  : 0.1828 0.0084 0.0294 0.7794
808      808   (0)      9  : 0.1890 0.0060 0.0378 0.7671
809      809   (0)     10  : 0.3731 0.0924 0.0056 0.5289
810      810   (0)     10  : 0.4334 0.0088 0.0230 0.5348
811      811   (0)     10  : 0.2578 0.0104 0.0070 0.7248
812      812   (0)     10  : 0.2348 0.0524 0.0148 0.6979
813      813   (0)     10  : 0.2610 0.0318 0.0096 0.6976
814      814   (0)     10  : 0.4126 0.0788 0.0080 0.5006
815      815   (0)     10  : 0.2736 0.0100 0.0082 0.7083
816      816   (0)     10  : 0.4070 0.0220 0.0264 0.5446
817      817   (0)     10  : 0.2386 0.0054 0.0046 0.7514
818      818   (0)     10  : 0.2716 0.0414 0.0110 0.6760
819      819   (0)     10  : 0.3863 0.0138 0.0076 0.5923
820      820   (0)     10  : 0.3015 0.0272 0.0118 0.6595
821      821   (0)     10  : 0.2638 0.0576 0.0042 0.6744
822      822   (0)     10  : 0.2908 0.0138 0.0076 0.6878
823      823   (0)     10  : 0.3278 0.0598 0.0058 0.6065
824      824   (0)     10  : 0.2889 0.0240 0.0046 0.6825
825      825   (0)     10  : 0.0732 0.0054 0.0194 0.9020
826      826   (0)     10  : 0.3693 0.0442 0.0116 0.5749
827      827   (0)     10  : 0.4081 0.0316 0.0078 0.5525
828      828   (0)     10  : 0.4406 0.0140 0.0060 0.5394
829      829   (0)     10  : 0.2722 0.0094 0.0032 0.7152
830      830   (0)     10  : 0.2432 0.0618 0.0056 0.6894
831      831   (0)     10  : 0.3080 0.0242 0.0050 0.6628
832      832   (0)     10  : 0.2924 0.0186 0.0054 0.6836
833      833   (0)     10  : 0.2815 0.0228 0.0064 0.6893
834      834   (0)     10  : 0.2742 0.0134 0.0570 0.6554
835      835   (0)     10  : 0.3499 0.0118 0.0056 0.6327
836      836   (0)     10  : 0.3301 0.1692 0.0390 0.4618
837      837   (0)     10  : 0.3734 0.0694 0.0060 0.5512
838      838   (0)     10  : 0.2282 0.0216 0.0104 0.7398
839      839   (0)     10  : 0.2314 0.0064 0.0108 0.7514
840      840   (0)     10  : 0.2452 0.0084 0.0122 0.7342
841      841   (0)     10  : 0.2873 0.0208 0.0086 0.6833
842      842   (0)     10  : 0.3791 0.0536 0.0102 0.5571
843      843   (0)     10  : 0.3842 0.0748 0.0036 0.5374
844      844   (0)     10  : 0.2974 0.0084 0.0082 0.6860
845      845   (0)     10  : 0.2092 0.1174 0.0080 0.6654
846      846   (0)     10  : 0.3415 0.1056 0.0062 0.5468
847      847   (0)     10  : 0.4382 0.0464 0.0220 0.4934
848      848   (0)     10  : 0.3580 0.1318 0.0072 0.5030
849      849   (0)     10  : 0.3292 0.0476 0.0198 0.6034
850      850   (0)     10  : 0.3068 0.0082 0.0080 0.6770
851      851   (0)     10  : 0.2756 0.0354 0.0308 0.6582
852      852   (0)     10  : 0.3153 0.0132 0.0044 0.6671
853      853   (0)     10  : 0.3067 0.0248 0.0274 0.6411
854      854   (0)     10  : 0.3196 0.0188 0.0152 0.6464
855      855   (0)     10  : 0.2196 0.0546 0.0156 0.7102
856      856   (0)     10  : 0.4550 0.0404 0.0114 0.4932
857      857   (0)     10  : 0.2624 0.0514 0.0182 0.6680
858      858   (0)     10  : 0.3909 0.0952 0.0066 0.5073
859      859   (0)     10  : 0.3464 0.0132 0.0152 0.6252
860      860   (0)     10  : 0.4999 0.0418 0.0050 0.4533
861      861   (0)     10  : 0.4326 0.0488 0.0046 0.5141
862      862   (0)     10  : 0.3635 0.0134 0.0322 0.5909
863      863   (0)     10  : 0.3157 0.0190 0.0070 0.6583
864      864   (0)     10  : 0.3208 0.0068 0.0104 0.6620
865      865   (0)     10  : 0.3904 0.0084 0.0164 0.5848
866      866   (0)     10  : 0.3615 0.0613 0.0192 0.5580
867      867   (0)     10  : 0.2982 0.0140 0.0074 0.6804
868      868   (0)     10  : 0.2932 0.0236 0.0356 0.6476
869      869   (0)     10  : 0.3322 0.2434 0.0048 0.4196
870      870   (0)     10  : 0.2655 0.1049 0.0068 0.6227
871      871   (0)     10  : 0.3763 0.0088 0.0094 0.6055
872      872   (0)     10  : 0.2028 0.0870 0.0046 0.7056
873      873   (0)     10  : 0.4899 0.2114 0.0092 0.2895
874      874   (0)     10  : 0.2636 0.0166 0.0054 0.7144
875      875   (0)     10  : 0.4133 0.1182 0.0040 0.4645
876      876   (0)     10  : 0.2532 0.0090 0.0104 0.7274
877      877   (0)     10  : 0.3476 0.0284 0.0072 0.6168
878      878   (0)     10  : 0.3981 0.0384 0.0048 0.5587
879      879   (0)     10  : 0.3695 0.0254 0.0204 0.5847
880      880   (0)     10  : 0.2472 0.0274 0.0048 0.7206
881      881   (0)     10  : 0.3553 0.0220 0.0074 0.6153
882      882   (0)     10  : 0.2288 0.0186 0.0088 0.7438
883      883   (0)     10  : 0.3322 0.1024 0.0064 0.5589
884      884   (0)     10  : 0.5034 0.0693 0.0619 0.3655
885      885   (0)     10  : 0.3071 0.0770 0.0106 0.6052
886      886   (0)     10  : 0.3720 0.0110 0.0058 0.6112
887      887   (0)     10  : 0.2378 0.0798 0.0070 0.6754
888      888   (0)     10  : 0.3016 0.2794 0.0188 0.4002
889      889   (0)     10  : 0.2132 0.0076 0.0076 0.7716
890      890   (0)     10  : 0.3040 0.0448 0.0124 0.6387
891      891   (0)     10  : 0.2488 0.0122 0.0078 0.7312
892      892   (0)     10  : 0.2834 0.0106 0.0054 0.7006
893      893   (0)     10  : 0.1976 0.1500 0.0058 0.6466
894      894   (0)     10  : 0.4123 0.0324 0.0164 0.5389
895      895   (0)     10  : 0.3810 0.0660 0.0062 0.5467
896      896   (0)     10  : 0.3862 0.0144 0.0070 0.5924
897      897   (0)     10  : 0.2398 0.0048 0.0124 0.7430
898      898   (0)     10  : 0.2820 0.0276 0.0482 0.6422
899      899   (0)     10  : 0.2214 0.0080 0.0314 0.7392
900      900   (0)     10  : 0.3130 0.0392 0.0040 0.6438
901      901   (0)     10  : 0.2136 0.0094 0.0554 0.7216
902      902   (0)     10  : 0.2212 0.0088 0.0042 0.7658
903      903   (0)     10  : 0.2092 0.0124 0.0074 0.7710
904      904   (0)     10  : 0.3092 0.0306 0.0086 0.6516
905      905   (0)     10  : 0.2408 0.0070 0.0116 0.7406
906      906   (0)     10  : 0.3504 0.0172 0.0052 0.6272
907      907   (0)     10  : 0.3080 0.0090 0.0054 0.6776
908      908   (0)     10  : 0.2838 0.0076 0.0044 0.7042
909      909   (0)     11  : 0.0758 0.0044 0.0138 0.9060
910      910   (0)     11  : 0.1582 0.0416 0.0112 0.7890
911      911   (0)     11  : 0.2646 0.0600 0.0062 0.6692
912      912   (0)     11  : 0.0298 0.0040 0.0072 0.9590
913      913   (0)     11  : 0.0680 0.0230 0.0094 0.8996
914      914   (0)     11  : 0.2369 0.0090 0.0064 0.7477
915      915   (0)     11  : 0.2247 0.0777 0.0048 0.6928
916      916   (0)     11  : 0.0890 0.0112 0.0600 0.8398
917      917   (0)     11  : 0.2659 0.0102 0.0310 0.6929
918      918   (0)     11  : 0.1843 0.0140 0.0094 0.7924
919      919   (0)     11  : 0.1334 0.0176 0.0068 0.8422
920      920   (0)     11  : 0.0454 0.0072 0.0306 0.9168
921      921   (0)     11  : 0.0270 0.0040 0.0044 0.9646
922      922   (0)     11  : 0.1733 0.0188 0.0050 0.8029
923      923   (0)     11  : 0.0348 0.0076 0.0256 0.9320
924      924   (0)     11  : 0.1558 0.0130 0.0054 0.8258
925      925   (0)     11  : 0.1983 0.0102 0.0056 0.7859
926      926   (0)     11  : 0.2415 0.0818 0.0144 0.6623
927      927   (0)     11  : 0.2737 0.0196 0.0152 0.6915
928      928   (0)     11  : 0.1135 0.0060 0.0064 0.8741
929      929   (0)     11  : 0.0130 0.0074 0.0066 0.9730
930      930   (0)     11  : 0.1120 0.0250 0.0096 0.8534
931      931   (0)     11  : 0.0846 0.2020 0.0096 0.7039
932      932   (0)     11  : 0.0820 0.0118 0.0232 0.8830
933      933   (0)     11  : 0.2182 0.0088 0.0110 0.7620
934      934   (0)     11  : 0.0504 0.0332 0.0078 0.9086
935      935   (0)     11  : 0.1324 0.0042 0.0188 0.8446
936      936   (0)     11  : 0.3052 0.0288 0.0056 0.6604
937      937   (0)     11  : 0.2088 0.0086 0.0322 0.7504
938      938   (0)     11  : 0.0738 0.0180 0.0080 0.9002
939      939   (0)     11  : 0.1537 0.0110 0.0174 0.8179
940      940   (0)     11  : 0.3103 0.0276 0.0098 0.6523
941      941   (0)     11  : 0.1752 0.0118 0.0046 0.8083
942      942   (0)     11  : 0.1290 0.0470 0.0082 0.8158
943      943   (0)     11  : 0.1782 0.0142 0.0160 0.7916
944      944   (0)     11  : 0.1074 0.0232 0.0670 0.8025
945      945   (0)     11  : 0.0636 0.0052 0.1605 0.7707
946      946   (0)     11  : 0.1264 0.0068 0.0276 0.8391
947      947   (0)     11  : 0.1512 0.0184 0.0088 0.8216
948      948   (0)     11  : 0.2488 0.0176 0.0282 0.7054
949      949   (0)     11  : 0.1622 0.0264 0.0062 0.8051
950      950   (0)     11  : 0.3678 0.0296 0.0304 0.5722
951      951   (0)     11  : 0.0542 0.0078 0.0124 0.9256
952      952   (0)     11  : 0.0482 0.0052 0.0078 0.9388
953      953   (0)     11  : 0.0596 0.0132 0.0040 0.9232
954      954   (0)     11  : 0.0602 0.0106 0.1154 0.8138
955      955   (0)     11  : 0.1022 0.0094 0.3547 0.5336
956      956   (0)     11  : 0.1320 0.0090 0.0084 0.8506
957      957   (0)     11  : 0.0156 0.0050 0.0040 0.9754
958      958   (0)     11  : 0.1459 0.0196 0.0062 0.8283
959      959   (0)     11  : 0.0250 0.0214 0.0064 0.9472
960      960   (0)     11  : 0.0798 0.0092 0.0046 0.9064
961      961   (0)     11  : 0.0786 0.0116 0.0052 0.9046
962      962   (0)     11  : 0.2254 0.0472 0.0154 0.7119
963      963   (0)     11  : 0.3161 0.0720 0.0110 0.6009
964      964   (0)     11  : 0.2109 0.0090 0.0316 0.7485
965      965   (0)     11  : 0.0182 0.0324 0.0170 0.9324
966      966   (0)     11  : 0.2692 0.0532 0.0060 0.6716
967      967   (0)     11  : 0.3757 0.1082 0.0168 0.4993
968      968   (0)     11  : 0.2655 0.0210 0.0194 0.6941
969      969   (0)     11  : 0.3885 0.1032 0.0192 0.4891
970      970   (0)     11  : 0.0478 0.0046 0.0100 0.9376
971      971   (0)     11  : 0.1715 0.0190 0.0062 0.8033
972      972   (0)     11  : 0.2748 0.0350 0.0068 0.6834
973      973   (0)     11  : 0.1210 0.0124 0.0150 0.8516
974      974   (0)     11  : 0.0254 0.0214 0.0054 0.9478
975      975   (0)     11  : 0.2109 0.0096 0.0210 0.7585
976      976   (0)     11  : 0.2579 0.0080 0.0338 0.7004
977      977   (0)     11  : 0.2523 0.0484 0.0088 0.6905
978      978   (0)     11  : 0.0070 0.0092 0.0124 0.9714
979      979   (0)     11  : 0.0908 0.0228 0.0384 0.8481
980      980   (0)     11  : 0.4406 0.0242 0.1030 0.4322
981      981   (0)     11  : 0.1897 0.0386 0.0280 0.7437
982      982   (0)     11  : 0.3554 0.0418 0.0150 0.5878
983      983   (0)     11  : 0.1460 0.0394 0.0100 0.8046
984      984   (0)     11  : 0.1617 0.0704 0.1177 0.6503
985      985   (0)     11  : 0.2225 0.0150 0.0348 0.7277
986      986   (0)     11  : 0.0848 0.0032 0.0042 0.9078
987      987   (0)     11  : 0.0870 0.0322 0.1855 0.6952
988      988   (0)     11  : 0.1102 0.0216 0.0132 0.8550
989      989   (0)     11  : 0.1752 0.0082 0.0368 0.7798
990      990   (0)     11  : 0.1352 0.0374 0.0226 0.8048
991      991   (0)     11  : 0.0226 0.0094 0.0062 0.9618
992      992   (0)     11  : 0.2137 0.0200 0.0112 0.7551
993      993   (0)     11  : 0.0706 0.0138 0.0116 0.9040
994      994   (0)     11  : 0.1899 0.0056 0.0174 0.7871
995      995   (0)     11  : 0.1967 0.0106 0.0038 0.7889
996      996   (0)     11  : 0.1186 0.0084 0.0200 0.8530
997      997   (0)     11  : 0.2157 0.0060 0.0228 0.7555
998      998   (0)     11  : 0.1291 0.0094 0.0206 0.8409
999      999   (0)     11  : 0.1370 0.0084 0.0372 0.8174
1000     1000   (0)     11  : 0.1266 0.0214 0.0310 0.8210
1001     1001   (0)     11  : 0.0828 0.0050 0.0132 0.8990
1002     1002   (0)     11  : 0.2419 0.0256 0.0060 0.7265
1003     1003   (0)     11  : 0.2576 0.0438 0.0052 0.6934
1004     1004   (0)     11  : 0.1835 0.0062 0.0428 0.7676
1005     1005   (0)     11  : 0.0418 0.0086 0.0124 0.9372
1006     1006   (0)     11  : 0.1423 0.0080 0.0354 0.8143
1007     1007   (0)     11  : 0.0248 0.0128 0.0040 0.9584
1008     1008   (0)     11  : 0.1672 0.0522 0.0054 0.7752
1009     1009   (0)     12  : 0.1797 0.8011 0.0078 0.0114
1010     1010   (0)     12  : 0.1850 0.8026 0.0084 0.0040
1011     1011   (0)     12  : 0.0878 0.8940 0.0120 0.0062
1012     1012   (0)     12  : 0.1160 0.8658 0.0070 0.0112
1013     1013   (0)     12  : 0.2616 0.7300 0.0026 0.0058
1014     1014   (0)     12  : 0.2280 0.7640 0.0044 0.0036
1015     1015   (0)     12  : 0.0158 0.9602 0.0122 0.0118
1016     1016   (0)     12  : 0.1104 0.8766 0.0062 0.0068
1017     1017   (0)     12  : 0.2330 0.7498 0.0076 0.0096
1018     1018   (0)     12  : 0.1688 0.8210 0.0038 0.0064
1019     1019   (0)     12  : 0.1496 0.8244 0.0166 0.0094
1020     1020   (0)     12  : 0.2433 0.7349 0.0102 0.0116
1021     1021   (0)     12  : 0.1095 0.8551 0.0072 0.0282
1022     1022   (0)     12  : 0.1410 0.8278 0.0134 0.0178
1023     1023   (0)     12  : 0.1738 0.8032 0.0080 0.0150
1024     1024   (0)     12  : 0.2327 0.7107 0.0050 0.0516
1025     1025   (0)     12  : 0.2110 0.7748 0.0072 0.0070
1026     1026   (0)     12  : 0.2054 0.7790 0.0096 0.0060
1027     1027   (0)     12  : 0.2843 0.7021 0.0068 0.0068
1028     1028   (0)     12  : 0.1960 0.7494 0.0104 0.0442
1029     1029   (0)     12  : 0.0530 0.8866 0.0086 0.0518
1030     1030   (0)     12  : 0.3687 0.6069 0.0084 0.0160
1031     1031   (0)     12  : 0.1195 0.8299 0.0470 0.0036
1032     1032   (0)     12  : 0.1264 0.8578 0.0026 0.0132
1033     1033   (0)     12  : 0.2587 0.7265 0.0028 0.0120
1034     1034   (0)     12  : 0.0660 0.8451 0.0698 0.0192
1035     1035   (0)     12  : 0.1938 0.7855 0.0040 0.0166
1036     1036   (0)     12  : 0.0208 0.9233 0.0080 0.0480
1037     1037   (0)     12  : 0.2055 0.7857 0.0038 0.0050
1038     1038   (0)     12  : 0.2823 0.7087 0.0044 0.0046
1039     1039   (0)     12  : 0.2354 0.7478 0.0102 0.0066
1040     1040   (0)     12  : 0.1076 0.8670 0.0122 0.0132
1041     1041   (0)     12  : 0.1082 0.8558 0.0042 0.0318
1042     1042   (0)     12  : 0.2135 0.7717 0.0060 0.0088
1043     1043   (0)     12  : 0.2386 0.7522 0.0038 0.0054
1044     1044   (0)     12  : 0.1607 0.8305 0.0032 0.0056
1045     1045   (0)     12  : 0.1728 0.8112 0.0040 0.0120
1046     1046   (0)     12  : 0.2597 0.7079 0.0084 0.0240
1047     1047   (0)     12  : 0.0048 0.9834 0.0038 0.0080
1048     1048   (0)     12  : 0.1192 0.8587 0.0030 0.0190
1049     1049   (0)     12  : 0.3434 0.6452 0.0046 0.0068
1050     1050   (0)     12  : 0.2484 0.7098 0.0290 0.0128
1051     1051   (0)     12  : 0.1101 0.8545 0.0104 0.0250
1052     1052   (0)     12  : 0.1420 0.8476 0.0036 0.0068
1053     1053   (0)     12  : 0.1871 0.7870 0.0188 0.0070
1054     1054   (0)     12  : 0.1588 0.8288 0.0034 0.0090
1055     1055   (0)     12  : 0.2615 0.7287 0.0040 0.0058
1056     1056   (0)     12  : 0.1318 0.8532 0.0064 0.0086
1057     1057   (0)     12  : 0.1462 0.8274 0.0122 0.0142
1058     1058   (0)     12  : 0.1887 0.8015 0.0032 0.0066
1059     1059   (0)     12  : 0.0550 0.9020 0.0292 0.0138
1060     1060   (0)     12  : 0.2331 0.7567 0.0030 0.0072
1061     1061   (0)     12  : 0.1182 0.8234 0.0078 0.0506
1062     1062   (0)     12  : 0.1136 0.8752 0.0038 0.0074
1063     1063   (0)     12  : 0.0466 0.8809 0.0166 0.0558
1064     1064   (0)     12  : 0.1778 0.7881 0.0194 0.0148
1065     1065   (0)     12  : 0.2607 0.7321 0.0036 0.0036
1066     1066   (0)     12  : 0.1625 0.6981 0.1340 0.0054
1067     1067   (0)     12  : 0.1811 0.7715 0.0238 0.0236
1068     1068   (0)     12  : 0.1156 0.8684 0.0028 0.0132
1069     1069   (0)     12  : 0.1299 0.8409 0.0076 0.0216
1070     1070   (0)     12  : 0.1362 0.8536 0.0028 0.0074
1071     1071   (0)     12  : 0.1563 0.7241 0.1092 0.0104
1072     1072   (0)     12  : 0.2226 0.7356 0.0056 0.0362
1073     1073   (0)     12  : 0.1249 0.7993 0.0038 0.0720
1074     1074   (0)     12  : 0.0947 0.8821 0.0044 0.0188
1075     1075   (0)     12  : 0.1206 0.8220 0.0048 0.0526
1076     1076   (0)     12  : 0.1668 0.8210 0.0048 0.0074
1077     1077   (0)     12  : 0.2936 0.6888 0.0086 0.0090
1078     1078   (0)     12  : 0.2913 0.6434 0.0410 0.0244
1079     1079   (0)     12  : 0.1056 0.8794 0.0042 0.0108
1080     1080   (0)     12  : 0.2261 0.7643 0.0046 0.0050
1081     1081   (0)     12  : 0.2155 0.7641 0.0056 0.0148
1082     1082   (0)     12  : 0.1252 0.8428 0.0154 0.0166
1083     1083   (0)     12  : 0.2110 0.7770 0.0078 0.0042
1084     1084   (0)     12  : 0.1510 0.8332 0.0084 0.0074
1085     1085   (0)     12  : 0.0546 0.8230 0.0902 0.0322
1086     1086   (0)     12  : 0.0698 0.8712 0.0092 0.0498
1087     1087   (0)     12  : 0.1164 0.8666 0.0114 0.0056
1088     1088   (0)     12  : 0.3341 0.6513 0.0070 0.0076
1089     1089   (0)     12  : 0.2087 0.7747 0.0062 0.0104
1090     1090   (0)     12  : 0.1750 0.8182 0.0028 0.0040
1091     1091   (0)     12  : 0.2581 0.7313 0.0040 0.0066
1092     1092   (0)     12  : 0.1900 0.7928 0.0038 0.0134
1093     1093   (0)     12  : 0.1638 0.8246 0.0038 0.0078
1094     1094   (0)     12  : 0.1385 0.7945 0.0220 0.0450
1095     1095   (0)     12  : 0.1674 0.8254 0.0028 0.0044
1096     1096   (0)     12  : 0.2066 0.7736 0.0074 0.0124
1097     1097   (0)     12  : 0.3279 0.6515 0.0124 0.0082
1098     1098   (0)     12  : 0.1431 0.8081 0.0064 0.0424
1099     1099   (0)     12  : 0.1718 0.8184 0.0046 0.0052
1100     1100   (0)     12  : 0.1034 0.8812 0.0050 0.0104
1101     1101   (0)     12  : 0.0588 0.9170 0.0078 0.0164
1102     1102   (0)     12  : 0.1523 0.8159 0.0170 0.0148
1103     1103   (0)     12  : 0.2518 0.7374 0.0068 0.0040
1104     1104   (0)     12  : 0.1347 0.8581 0.0028 0.0044
1105     1105   (0)     12  : 0.1987 0.7723 0.0218 0.0072
1106     1106   (0)     12  : 0.0504 0.9406 0.0040 0.0050
1107     1107   (0)     12  : 0.3137 0.6761 0.0028 0.0074
1108     1108   (0)     12  : 0.1626 0.7962 0.0102 0.0310
1109     1109   (0)     13  : 0.2234 0.0312 0.7372 0.0082
1110     1110   (0)     13  : 0.2285 0.0202 0.7195 0.0318
1111     1111   (0)     13  : 0.2281 0.0764 0.6843 0.0112
1112     1112   (0)     13  : 0.2010 0.0178 0.7770 0.0042
1113     1113   (0)     13  : 0.1130 0.0074 0.7854 0.0942
1114     1114   (0)     13  : 0.1667 0.0130 0.7431 0.0772
1115     1115   (0)     13  : 0.2425 0.0168 0.6801 0.0606
1116     1116   (0)     13  : 0.2965 0.0649 0.6254 0.0132
1117     1117   (0)     13  : 0.1842 0.0494 0.7597 0.0068
1118     1118   (0)     13  : 0.0876 0.0060 0.8982 0.0082
1119     1119   (0)     13  : 0.0486 0.0352 0.8744 0.0418
1120     1120   (0)     13  : 0.2011 0.0238 0.7685 0.0066
1121     1121   (0)     13  : 0.2471 0.0472 0.6945 0.0112
1122     1122   (0)     13  : 0.2520 0.0734 0.6262 0.0484
1123     1123   (0)     13  : 0.1529 0.0236 0.8167 0.0068
1124     1124   (0)     13  : 0.2041 0.0076 0.7214 0.0670
1125     1125   (0)     13  : 0.2639 0.0356 0.6915 0.0090
1126     1126   (0)     13  : 0.1538 0.0054 0.8180 0.0228
1127     1127   (0)     13  : 0.1964 0.0222 0.7746 0.0068
1128     1128   (0)     13  : 0.2626 0.0554 0.6724 0.0096
1129     1129   (0)     13  : 0.1686 0.0222 0.7848 0.0244
1130     1130   (0)     13  : 0.1672 0.0118 0.7835 0.0376
1131     1131   (0)     13  : 0.0960 0.0114 0.8872 0.0054
1132     1132   (0)     13  : 0.2230 0.0278 0.7356 0.0136
1133     1133   (0)     13  : 0.1713 0.0052 0.8009 0.0226
1134     1134   (0)     13  : 0.2299 0.0306 0.7319 0.0076
1135     1135   (0)     13  : 0.0877 0.0330 0.8587 0.0206
1136     1136   (0)     13  : 0.1181 0.0092 0.8629 0.0098
1137     1137   (0)     13  : 0.1088 0.0184 0.8640 0.0088
1138     1138   (0)     13  : 0.2050 0.0352 0.7541 0.0058
1139     1139   (0)     13  : 0.0086 0.0214 0.9620 0.0080
1140     1140   (0)     13  : 0.0258 0.0504 0.9058 0.0180
1141     1141   (0)     13  : 0.1576 0.0372 0.7964 0.0088
1142     1142   (0)     13  : 0.1790 0.0078 0.8100 0.0032
1143     1143   (0)     13  : 0.0034 0.0022 0.9912 0.0032
1144     1144   (0)     13  : 0.0850 0.0336 0.8718 0.0096
1145     1145   (0)     13  : 0.2867 0.0625 0.6432 0.0076
1146     1146   (0)     13  : 0.2544 0.0064 0.7018 0.0374
1147     1147   (0)     13  : 0.1460 0.0236 0.8220 0.0084
1148     1148   (0)     13  : 0.4095 0.1098 0.4737 0.0070
1149     1149   (0)     13  : 0.0828 0.0076 0.8938 0.0158
1150     1150   (0)     13  : 0.0048 0.0040 0.9862 0.0050
1151     1151   (0)     13  : 0.1504 0.0100 0.8276 0.0120
1152     1152   (0)     13  : 0.2681 0.0476 0.6728 0.0114
1153     1153   (0)     13  : 0.1398 0.0228 0.7786 0.0588
1154     1154   (0)     13  : 0.0820 0.0084 0.9010 0.0086
1155     1155   (0)     13  : 0.1940 0.0402 0.7468 0.0190
1156     1156   (0)     13  : 0.0154 0.0132 0.9428 0.0286
1157     1157   (0)     13  : 0.1634 0.0378 0.7774 0.0214
1158     1158   (0)     13  : 0.0847 0.0406 0.8099 0.0648
1159     1159   (0)     13  : 0.1390 0.0194 0.8298 0.0118
1160     1160   (0)     13  : 0.1756 0.0282 0.7200 0.0762
1161     1161   (0)     13  : 0.1879 0.0140 0.7795 0.0186
1162     1162   (0)     13  : 0.1443 0.0058 0.8113 0.0386
1163     1163   (0)     13  : 0.0400 0.0374 0.9062 0.0164
1164     1164   (0)     13  : 0.2171 0.0288 0.7429 0.0112
1165     1165   (0)     13  : 0.1159 0.0056 0.8683 0.0102
1166     1166   (0)     13  : 0.1152 0.0280 0.8279 0.0288
1167     1167   (0)     13  : 0.2667 0.0370 0.6831 0.0132
1168     1168   (0)     13  : 0.1098 0.0128 0.8658 0.0116
1169     1169   (0)     13  : 0.1410 0.0100 0.8274 0.0216
1170     1170   (0)     13  : 0.0930 0.0178 0.8770 0.0122
1171     1171   (0)     13  : 0.1335 0.0372 0.7869 0.0424
1172     1172   (0)     13  : 0.0494 0.0670 0.8778 0.0058
1173     1173   (0)     13  : 0.1528 0.0098 0.8146 0.0228
1174     1174   (0)     13  : 0.1778 0.0192 0.7984 0.0046
1175     1175   (0)     13  : 0.2593 0.0790 0.6511 0.0106
1176     1176   (0)     13  : 0.1934 0.0348 0.7672 0.0046
1177     1177   (0)     13  : 0.0774 0.0052 0.9080 0.0094
1178     1178   (0)     13  : 0.0378 0.0052 0.8948 0.0622
1179     1179   (0)     13  : 0.2029 0.0274 0.7613 0.0084
1180     1180   (0)     13  : 0.0372 0.0052 0.9268 0.0308
1181     1181   (0)     13  : 0.2642 0.0884 0.6404 0.0070
1182     1182   (0)     13  : 0.2637 0.0148 0.7033 0.0182
1183     1183   (0)     13  : 0.2276 0.0138 0.7476 0.0110
1184     1184   (0)     13  : 0.3041 0.0394 0.6517 0.0048
1185     1185   (0)     13  : 0.1496 0.0130 0.8030 0.0344
1186     1186   (0)     13  : 0.2000 0.0410 0.7446 0.0144
1187     1187   (0)     13  : 0.3276 0.0594 0.6080 0.0050
1188     1188   (0)     13  : 0.2325 0.0424 0.7149 0.0102
1189     1189   (0)     13  : 0.2286 0.0070 0.7570 0.0074
1190     1190   (0)     13  : 0.2436 0.0436 0.6988 0.0140
1191     1191   (0)     13  : 0.2675 0.0440 0.6747 0.0138
1192     1192   (0)     13  : 0.3288 0.0520 0.6064 0.0128
1193     1193   (0)     13  : 0.2581 0.0290 0.7015 0.0114
1194     1194   (0)     13  : 0.2090 0.0104 0.7418 0.0388
1195     1195   (0)     13  : 0.1874 0.0228 0.7774 0.0124
1196     1196   (0)     13  : 0.0866 0.0044 0.9052 0.0038
1197     1197   (0)     13  : 0.0538 0.0106 0.9196 0.0160
1198     1198   (0)     13  : 0.1856 0.0284 0.7717 0.0144
1199     1199   (0)     13  : 0.0198 0.1018 0.8620 0.0164
1200     1200   (0)     13  : 0.1410 0.0068 0.8354 0.0168
1201     1201   (0)     13  : 0.2255 0.0088 0.7591 0.0066
1202     1202   (0)     13  : 0.2368 0.0326 0.7184 0.0122
1203     1203   (0)     13  : 0.0942 0.0036 0.8958 0.0064
1204     1204   (0)     13  : 0.0498 0.0092 0.9222 0.0188
1205     1205   (0)     13  : 0.2321 0.0478 0.7145 0.0056
1206     1206   (0)     13  : 0.2932 0.0450 0.6472 0.0146
1207     1207   (0)     13  : 0.0988 0.0060 0.8914 0.0038
1208     1208   (0)     13  : 0.0818 0.0152 0.8873 0.0156
1209     1209   (0)     14  : 0.2550 0.0448 0.2144 0.4858
1210     1210   (0)     14  : 0.3743 0.1146 0.1285 0.3826
1211     1211   (0)     14  : 0.2792 0.0116 0.2356 0.4737
1212     1212   (0)     14  : 0.2000 0.0132 0.1992 0.5876
1213     1213   (0)     14  : 0.4215 0.0180 0.1355 0.4250
1214     1214   (0)     14  : 0.4784 0.0492 0.0084 0.4640
1215     1215   (0)     14  : 0.3056 0.0090 0.1650 0.5204
1216     1216   (0)     14  : 0.4203 0.0706 0.1085 0.4007
1217     1217   (0)     14  : 0.2252 0.0036 0.1646 0.6066
1218     1218   (0)     14  : 0.3884 0.0122 0.1365 0.4629
1219     1219   (0)     14  : 0.3592 0.0308 0.1843 0.4258
1220     1220   (0)     14  : 0.3606 0.0076 0.1368 0.4950
1221     1221   (0)     14  : 0.2088 0.0092 0.1733 0.6086
1222     1222   (0)     14  : 0.2058 0.0548 0.2280 0.5114
1223     1223   (0)     14  : 0.3782 0.0230 0.1606 0.4382
1224     1224   (0)     14  : 0.3320 0.0086 0.2795 0.3799
1225     1225   (0)     14  : 0.3584 0.0102 0.1282 0.5032
1226     1226   (0)     14  : 0.2160 0.0130 0.1426 0.6284
1227     1227   (0)     14  : 0.2636 0.0070 0.1757 0.5537
1228     1228   (0)     14  : 0.3729 0.0214 0.1493 0.4563
1229     1229   (0)     14  : 0.2750 0.0046 0.1630 0.5574
1230     1230   (0)     14  : 0.1996 0.0194 0.1730 0.6080
1231     1231   (0)     14  : 0.2048 0.0066 0.1397 0.6489
1232     1232   (0)     14  : 0.2052 0.0256 0.1932 0.5760
1233     1233   (0)     14  : 0.3330 0.0304 0.1350 0.5016
1234     1234   (0)     14  : 0.2978 0.0150 0.1266 0.5606
1235     1235   (0)     14  : 0.2676 0.0372 0.1832 0.5120
1236     1236   (0)     14  : 0.2108 0.0080 0.1316 0.6496
1237     1237   (0)     14  : 0.3790 0.0254 0.1378 0.4578
1238     1238   (0)     14  : 0.4536 0.0875 0.1161 0.3428
1239     1239   (0)     14  : 0.2482 0.0094 0.1662 0.5762
1240     1240   (0)     14  : 0.2766 0.2364 0.0700 0.4169
1241     1241   (0)     14  : 0.3230 0.0294 0.0282 0.6194
1242     1242   (0)     14  : 0.2090 0.0552 0.1459 0.5898
1243     1243   (0)     14  : 0.2909 0.0352 0.1338 0.5401
1244     1244   (0)     14  : 0.2002 0.0038 0.1970 0.5990
1245     1245   (0)     14  : 0.3787 0.0102 0.1372 0.4739
1246     1246   (0)     14  : 0.4030 0.0098 0.0716 0.5156
1247     1247   (0)     14  : 0.3470 0.0092 0.1486 0.4952
1248     1248   (0)     14  : 0.2372 0.0276 0.1538 0.5814
1249     1249   (0)     14  : 0.2334 0.0294 0.1804 0.5568
1250     1250   (0)     14  : 0.3156 0.0214 0.1432 0.5198
1251     1251   (0)     14  : 0.3176 0.0138 0.1372 0.5314
1252     1252   (0)     14  : 0.3270 0.0036 0.1456 0.5238
1253     1253   (0)     14  : 0.2952 0.0164 0.1712 0.5172
1254     1254   (0)     14  : 0.2703 0.0284 0.1666 0.5348
1255     1255   (0)     14  : 0.2526 0.0312 0.1221 0.5941
1256     1256   (0)     14  : 0.3557 0.0780 0.1246 0.4417
1257     1257   (0)     14  : 0.3492 0.0206 0.1414 0.4888
1258     1258   (0)     14  : 0.3013 0.0607 0.1233 0.5147
1259     1259   (0)     14  : 0.3248 0.0740 0.1399 0.4613
1260     1260   (0)     14  : 0.1990 0.0270 0.1954 0.5786
1261     1261   (0)     14  : 0.3218 0.0118 0.1650 0.5014
1262     1262   (0)     14  : 0.4091 0.1184 0.1058 0.3667
1263     1263   (0)     14  : 0.2900 0.0040 0.1546 0.5514
1264     1264   (0)     14  : 0.2672 0.0134 0.1670 0.5524
1265     1265   (0)     14  : 0.3873 0.0160 0.1363 0.4604
1266     1266   (0)     14  : 0.5119 0.0663 0.1188 0.3030
1267     1267   (0)     14  : 0.2226 0.0060 0.1660 0.6054
1268     1268   (0)     14  : 0.2971 0.0156 0.1682 0.5192
1269     1269   (0)     14  : 0.2186 0.0046 0.1707 0.6061
1270     1270   (0)     14  : 0.3979 0.0178 0.1135 0.4707
1271     1271   (0)     14  : 0.2628 0.0226 0.0820 0.6326
1272     1272   (0)     14  : 0.2362 0.0084 0.1400 0.6154
1273     1273   (0)     14  : 0.2400 0.0148 0.1682 0.5770
1274     1274   (0)     14  : 0.2748 0.0952 0.1110 0.5190
1275     1275   (0)     14  : 0.4875 0.0600 0.1005 0.3520
1276     1276   (0)     14  : 0.3118 0.0768 0.1266 0.4848
1277     1277   (0)     14  : 0.2446 0.0158 0.0744 0.6652
1278     1278   (0)     14  : 0.3072 0.0102 0.1686 0.5140
1279     1279   (0)     14  : 0.3638 0.0292 0.1699 0.4371
1280     1280   (0)     14  : 0.4027 0.0364 0.1265 0.4345
1281     1281   (0)     14  : 0.2236 0.0046 0.1280 0.6438
1282     1282   (0)     14  : 0.3927 0.0902 0.0690 0.4481
1283     1283   (0)     14  : 0.2512 0.0098 0.1682 0.5708
1284     1284   (0)     14  : 0.2250 0.0094 0.2288 0.5368
1285     1285   (0)     14  : 0.3547 0.0084 0.1540 0.4829
1286     1286   (0)     14  : 0.2606 0.0050 0.1123 0.6221
1287     1287   (0)     14  : 0.3469 0.2029 0.1459 0.3043
1288     1288   (0)     14  : 0.3614 0.0138 0.1270 0.4978
1289     1289   (0)     14  : 0.2825 0.0308 0.0318 0.6549
1290     1290   (0)     14  : 0.3516 0.0190 0.1660 0.4634
1291     1291   (0)     14  : 0.1968 0.0096 0.1938 0.5998
1292     1292   (0)     14  : 0.3527 0.0106 0.1294 0.5073
1293     1293   (0)     14  : 0.2012 0.0100 0.1248 0.6640
1294     1294   (0)     14  : 0.3292 0.0344 0.1432 0.4932
1295     1295   (0)     14  : 0.3529 0.1663 0.1083 0.3724
1296     1296   (0)     14  : 0.3778 0.0092 0.1344 0.4786
1297     1297   (0)     14  : 0.3252 0.0130 0.0716 0.5902
1298     1298   (0)     14  : 0.3152 0.0084 0.1154 0.5610
1299     1299   (0)     14  : 0.2580 0.0174 0.1600 0.5646
1300     1300   (0)     14  : 0.3862 0.1078 0.1362 0.3698
1301     1301   (0)     14  : 0.3226 0.0122 0.1410 0.5242
1302     1302   (0)     14  : 0.3566 0.0718 0.1486 0.4230
1303     1303   (0)     14  : 0.3268 0.0044 0.1728 0.4960
1304     1304   (0)     14  : 0.2942 0.0204 0.1490 0.5364
1305     1305   (0)     14  : 0.1876 0.0054 0.2352 0.5718
1306     1306   (0)     14  : 0.4876 0.0768 0.1210 0.3146
1307     1307   (0)     14  : 0.4076 0.0296 0.1328 0.4300
1308     1308   (0)     14  : 0.3172 0.0266 0.2994 0.3568
1309     1309  (10)     15  : 0.2016 0.0066 0.0132 0.7786
1310     1310   (5)     15  : 0.1992 0.0292 0.0266 0.7450
1311     1311   (5)     15  : 0.4016 0.0188 0.0510 0.5287
1312     1312   (5)     15  : 0.2002 0.0042 0.0052 0.7904
1313     1313  (10)     15  : 0.2796 0.0192 0.0336 0.6676
1314     1314   (5)     15  : 0.4831 0.0498 0.0576 0.4095
1315     1315  (10)     15  : 0.2542 0.0054 0.0304 0.7100
1316     1316   (0)     15  : 0.1924 0.0698 0.0048 0.7330
1317     1317   (0)     15  : 0.2110 0.0044 0.0134 0.7712
1318     1318   (0)     15  : 0.2014 0.0158 0.0038 0.7790
1319     1319   (0)     15  : 0.2022 0.0196 0.0070 0.7712
1320     1320   (0)     15  : 0.2164 0.0064 0.0392 0.7380
1321     1321   (0)     15  : 0.2072 0.0082 0.0036 0.7810
1322     1322   (0)     15  : 0.2970 0.0084 0.0140 0.6806
1323     1323   (0)     15  : 0.2030 0.0052 0.0900 0.7018
1324     1324   (0)     15  : 0.2392 0.0068 0.0330 0.7210
1325     1325   (0)     15  : 0.2772 0.0064 0.0126 0.7038
1326     1326   (0)     15  : 0.4722 0.0158 0.0334 0.4786
1327     1327   (0)     15  : 0.2022 0.0142 0.0042 0.7794
1328     1328   (5)     15  : 0.2110 0.1176 0.0036 0.6678
1329     1329   (0)     15  : 0.2582 0.0104 0.0592 0.6722
1330     1330   (0)     15  : 0.2494 0.0088 0.0728 0.6690
1331     1331   (5)     15  : 0.2216 0.0284 0.0098 0.7402
1332     1332   (5)     15  : 0.2084 0.0200 0.0040 0.7676
1333     1333   (0)     15  : 0.2442 0.0890 0.0580 0.6088
1334     1334   (0)     15  : 0.2688 0.0214 0.0046 0.7052
1335     1335   (0)     15  : 0.1916 0.0070 0.0634 0.7380
1336     1336   (0)     15  : 0.2016 0.0104 0.0066 0.7814
1337     1337   (0)     15  : 0.2008 0.0124 0.0066 0.7802
1338     1338   (0)     15  : 0.2028 0.0086 0.0090 0.7796
1339     1339   (0)     15  : 0.2014 0.0726 0.0034 0.7226
1340     1340   (0)     15  : 0.2048 0.0056 0.0112 0.7784
1341     1341   (0)     15  : 0.2150 0.0514 0.0164 0.7172
1342     1342   (0)     15  : 0.1697 0.0230 0.1008 0.7066
1343     1343   (0)     15  : 0.2192 0.0110 0.0078 0.7620
1344     1344   (0)     15  : 0.2214 0.0070 0.0082 0.7634
1345     1345   (0)     15  : 0.1814 0.0280 0.0526 0.7380
1346     1346   (0)     15  : 0.2026 0.0094 0.0072 0.7808
1347     1347   (0)     15  : 0.2274 0.0342 0.0142 0.7242
1348     1348   (0)     15  : 0.1326 0.0058 0.0090 0.8526
1349     1349   (0)     15  : 0.1914 0.0036 0.0556 0.7494
1350     1350   (0)     15  : 0.1930 0.0046 0.0284 0.7740
1351     1351   (0)     16  : 0.3148 0.0288 0.0112 0.6451
1352     1352   (0)     16  : 0.3827 0.0362 0.0090 0.5721
1353     1353   (0)     16  : 0.2058 0.0386 0.0112 0.7444
1354     1354   (0)     16  : 0.2754 0.0340 0.0074 0.6832
1355     1355   (0)     16  : 0.2026 0.0086 0.0226 0.7662
1356     1356   (0)     16  : 0.2134 0.0210 0.0088 0.7568
1357     1357   (0)     16  : 0.2718 0.0084 0.0166 0.7032
1358     1358   (0)     16  : 0.2770 0.0988 0.0152 0.6090
1359     1359   (0)     16  : 0.2888 0.0182 0.0042 0.6888
1360     1360   (0)     16  : 0.2110 0.0076 0.0052 0.7762
1361     1361   (0)     16  : 0.1834 0.0048 0.0080 0.8038
1362     1362   (0)     16  : 0.2082 0.0046 0.0214 0.7658
1363     1363   (0)     16  : 0.2028 0.0066 0.0048 0.7858
1364     1364   (0)     16  : 0.1746 0.0184 0.0144 0.7926
1365     1365   (0)     16  : 0.2012 0.0072 0.0080 0.7836
1366     1366   (0)     16  : 0.2228 0.0042 0.0070 0.7660
1367     1367   (0)     16  : 0.2020 0.0296 0.0048 0.7636
1368     1368   (0)     16  : 0.2474 0.0048 0.0100 0.7378
1369     1369   (0)     16  : 0.3353 0.0090 0.0060 0.6497
1370     1370   (0)     16  : 0.2426 0.0040 0.0156 0.7378
1371     1371   (0)     16  : 0.2850 0.0088 0.0154 0.6908
1372     1372   (0)     16  : 0.2056 0.0168 0.0044 0.7732
1373     1373   (0)     16  : 0.1952 0.0492 0.0182 0.7374
1374     1374   (0)     16  : 0.2780 0.0202 0.0246 0.6772
1375     1375   (0)     16  : 0.2718 0.0148 0.0072 0.7062
1376     1376   (0)     16  : 0.1998 0.0252 0.0042 0.7708
1377     1377   (0)     16  : 0.2931 0.0092 0.0424 0.6553
1378     1378   (0)     16  : 0.2086 0.0068 0.0046 0.7800
1379     1379   (0)     16  : 0.1990 0.0288 0.0102 0.7620
1380     1380   (0)     16  : 0.2000 0.0068 0.0080 0.7852
1381     1381   (0)     16  : 0.2342 0.0084 0.0096 0.7478
1382     1382   (0)     16  : 0.3207 0.0158 0.0078 0.6557
1383     1383   (0)     16  : 0.2048 0.0130 0.0062 0.7760
1384     1384   (0)     16  : 0.2430 0.0948 0.0070 0.6552
1385     1385   (0)     16  : 0.3400 0.0550 0.0052 0.5998
1386     1386   (0)     16  : 0.2058 0.0106 0.0038 0.7798
1387     1387   (0)     16  : 0.1968 0.0240 0.0266 0.7526
1388     1388   (0)     16  : 0.2218 0.0092 0.0030 0.7660
1389     1389   (0)     16  : 0.2746 0.0160 0.0072 0.7022
1390     1390   (0)     16  : 0.4465 0.0136 0.0126 0.5273
1391     1391   (0)     16  : 0.1964 0.0160 0.0038 0.7838
1392     1392   (0)     16  : 0.2312 0.0092 0.0050 0.7546
1393     1393   (0)     16  : 0.2710 0.0118 0.0118 0.7054
1394     1394   (0)     16  : 0.1998 0.0074 0.0070 0.7858
1395     1395   (0)     16  : 0.2570 0.0246 0.0074 0.7110
1396     1396   (0)     16  : 0.1754 0.0140 0.0128 0.7978
1397     1397   (0)     16  : 0.2014 0.0186 0.0050 0.7750
1398     1398   (0)     16  : 0.1996 0.0378 0.0158 0.7468
1399     1399   (0)     16  : 0.1998 0.0062 0.0050 0.7890
1400     1400   (0)     16  : 0.2090 0.0074 0.0180 0.7656
1401     1401   (0)     16  : 0.2721 0.0584 0.0130 0.6565
1402     1402   (0)     16  : 0.2010 0.0080 0.0054 0.7856
1403     1403   (0)     16  : 0.2738 0.0084 0.0036 0.7142
1404     1404   (0)     16  : 0.2218 0.0086 0.0344 0.7352
1405     1405   (0)     16  : 0.3038 0.0184 0.0070 0.6709
1406     1406   (0)     16  : 0.2044 0.0120 0.0148 0.7688
1407     1407   (0)     16  : 0.4090 0.0370 0.0060 0.5480
1408     1408   (0)     16  : 0.2010 0.0094 0.0046 0.7850
1409     1409   (0)     16  : 0.2022 0.0056 0.0052 0.7870
1410     1410   (0)     16  : 0.2084 0.0042 0.0056 0.7818
1411     1411   (0)     16  : 0.2538 0.0250 0.0052 0.7159
1412     1412   (0)     16  : 0.2034 0.0068 0.0050 0.7848
1413     1413   (0)     16  : 0.2222 0.0192 0.0048 0.7538
1414     1414   (0)     16  : 0.2468 0.0486 0.0094 0.6952
1415     1415   (0)     16  : 0.2918 0.0070 0.0090 0.6922
1416     1416   (0)     16  : 0.2448 0.0106 0.0060 0.7386
1417     1417   (0)     16  : 0.2566 0.0064 0.0060 0.7310
1418     1418   (0)     16  : 0.2068 0.0598 0.0044 0.7289
1419     1419   (0)     16  : 0.2032 0.0250 0.0042 0.7676
1420     1420   (0)     16  : 0.2022 0.0228 0.0032 0.7718
1421     1421   (0)     16  : 0.2200 0.0070 0.0068 0.7662
1422     1422   (0)     16  : 0.1994 0.0076 0.0184 0.7746
1423     1423   (0)     16  : 0.2024 0.0188 0.0060 0.7728
1424     1424   (0)     16  : 0.2058 0.0122 0.0056 0.7764
1425     1425   (0)     16  : 0.2266 0.1126 0.0092 0.6516
1426     1426   (0)     16  : 0.1407 0.0056 0.0138 0.8399
1427     1427   (0)     16  : 0.2216 0.0054 0.0088 0.7642
1428     1428   (0)     16  : 0.2032 0.0224 0.0050 0.7694
1429     1429   (0)     16  : 0.3979 0.0342 0.0042 0.5637
1430     1430   (0)     16  : 0.2050 0.0076 0.0070 0.7804
1431     1431   (0)     16  : 0.2024 0.0042 0.0060 0.7874
1432     1432   (0)     16  : 0.4040 0.0948 0.0110 0.4902
1433     1433   (0)     16  : 0.3909 0.0816 0.0114 0.5161
1434     1434   (0)     16  : 0.1982 0.0240 0.0202 0.7576
1435     1435   (0)     16  : 0.2378 0.0218 0.0056 0.7348
1436     1436   (0)     16  : 0.2176 0.0080 0.0044 0.7700
1437     1437   (0)     16  : 0.2040 0.0756 0.0076 0.7128
1438     1438   (0)     16  : 0.2124 0.0138 0.0056 0.7682
1439     1439   (0)     16  : 0.2680 0.0322 0.0068 0.6930
1440     1440   (0)     16  : 0.2430 0.0380 0.0040 0.7150
1441     1441   (0)     16  : 0.1924 0.0192 0.0096 0.7788
1442     1442   (0)     16  : 0.2058 0.0240 0.0048 0.7654
1443     1443   (0)     16  : 0.2092 0.0058 0.0054 0.7796
1444     1444   (0)     16  : 0.2018 0.0108 0.0124 0.7750
1445     1445   (0)     16  : 0.2268 0.0100 0.0108 0.7524
1446     1446   (0)     16  : 0.2026 0.0168 0.0048 0.7758
1447     1447   (0)     16  : 0.2922 0.0070 0.0166 0.6842
1448     1448   (0)     16  : 0.1998 0.0210 0.0474 0.7318
1449     1449   (0)     16  : 0.2556 0.0098 0.0152 0.7194
1450     1450   (0)     16  : 0.2028 0.0234 0.0100 0.7638
1451     1451   (0)     17  : 0.0146 0.0068 0.1428 0.8358
1452     1452   (0)     17  : 0.0700 0.0072 0.0082 0.9146
1453     1453   (0)     17  : 0.0402 0.0078 0.0084 0.9436
1454     1454   (0)     17  : 0.1094 0.0078 0.0126 0.8702
1455     1455   (0)     17  : 0.0114 0.0038 0.0614 0.9234
1456     1456   (0)     17  : 0.1125 0.0060 0.0060 0.8755
1457     1457   (0)     17  : 0.0116 0.0060 0.0044 0.9780
1458     1458   (0)     17  : 0.0124 0.0288 0.0080 0.9508
1459     1459   (0)     17  : 0.0214 0.0172 0.0108 0.9506
1460     1460   (0)     17  : 0.0142 0.0092 0.0088 0.9678
1461     1461   (0)     17  : 0.1136 0.0128 0.0236 0.8500
1462     1462   (0)     17  : 0.1190 0.0094 0.0096 0.8620
1463     1463   (0)     17  : 0.0114 0.0040 0.0272 0.9574
1464     1464   (0)     17  : 0.0650 0.0068 0.0294 0.8988
1465     1465   (0)     17  : 0.0824 0.0138 0.0102 0.8936
1466     1466   (0)     17  : 0.0832 0.0040 0.0104 0.9024
1467     1467   (0)     17  : 0.1545 0.0068 0.0070 0.8317
1468     1468   (0)     17  : 0.0681 0.0068 0.1061 0.8189
1469     1469   (0)     17  : 0.1258 0.0160 0.0640 0.7942
1470     1470   (0)     17  : 0.0274 0.0044 0.0060 0.9622
1471     1471   (0)     17  : 0.1478 0.0054 0.0104 0.8364
1472     1472   (0)     17  : 0.0124 0.0060 0.0054 0.9762
1473     1473   (0)     17  : 0.0138 0.0046 0.0322 0.9494
1474     1474   (0)     17  : 0.0224 0.0068 0.1126 0.8582
1475     1475   (0)     17  : 0.1488 0.0052 0.0154 0.8306
1476     1476   (0)     17  : 0.2004 0.1191 0.0108 0.6697
1477     1477   (0)     17  : 0.0226 0.0112 0.0152 0.9510
1478     1478   (0)     17  : 0.1571 0.0228 0.0152 0.8049
1479     1479   (0)     17  : 0.0564 0.0056 0.0042 0.9338
1480     1480   (0)     17  : 0.0564 0.0072 0.0390 0.8973
1481     1481   (0)     17  : 0.1421 0.0062 0.0076 0.8441
1482     1482   (0)     17  : 0.0306 0.0054 0.0056 0.9584
1483     1483   (0)     17  : 0.0068 0.0196 0.0160 0.9576
1484     1484   (0)     17  : 0.0080 0.0068 0.0038 0.9814
1485     1485   (0)     17  : 0.0338 0.0098 0.0180 0.9384
1486     1486   (0)     17  : 0.1288 0.0178 0.1026 0.7508
1487     1487   (0)     17  : 0.1841 0.0462 0.0168 0.7530
1488     1488   (0)     17  : 0.1267 0.0260 0.0742 0.7731
1489     1489   (0)     17  : 0.0464 0.0384 0.0786 0.8366
1490     1490   (0)     17  : 0.0232 0.0186 0.0106 0.9476
1491     1491   (0)     17  : 0.0236 0.0310 0.0106 0.9348
1492     1492   (0)     17  : 0.0228 0.0042 0.0068 0.9662
1493     1493   (0)     17  : 0.0256 0.0124 0.0154 0.9466
1494     1494   (0)     17  : 0.0140 0.0048 0.0092 0.9720
1495     1495   (0)     17  : 0.0124 0.0056 0.0052 0.9768
1496     1496   (0)     17  : 0.0872 0.0082 0.0290 0.8756
1497     1497   (0)     17  : 0.0690 0.0074 0.0736 0.8500
1498     1498   (0)     17  : 0.0340 0.0082 0.0096 0.9482
1499     1499   (0)     17  : 0.0104 0.0082 0.0146 0.9668
1500     1500   (0)     17  : 0.0682 0.0054 0.0150 0.9114
1501     1501   (0)     17  : 0.0210 0.0058 0.0066 0.9666
1502     1502   (0)     17  : 0.0192 0.0074 0.0142 0.9592
1503     1503   (0)     17  : 0.2694 0.0154 0.0072 0.7080
1504     1504   (0)     17  : 0.0450 0.0050 0.0108 0.9392
1505     1505   (0)     17  : 0.0102 0.0060 0.0102 0.9736
1506     1506   (0)     17  : 0.0154 0.0058 0.0042 0.9746
1507     1507   (0)     17  : 0.0444 0.0074 0.0084 0.9398
1508     1508   (0)     17  : 0.0248 0.0114 0.0078 0.9560
1509     1509   (0)     17  : 0.0372 0.0030 0.0066 0.9532
1510     1510   (0)     17  : 0.0404 0.0112 0.0282 0.9202
1511     1511   (0)     17  : 0.2254 0.0160 0.0040 0.7546
1512     1512   (0)     17  : 0.0132 0.0132 0.0210 0.9526
1513     1513   (0)     17  : 0.0070 0.0038 0.0110 0.9782
1514     1514   (0)     17  : 0.0102 0.0064 0.0220 0.9614
1515     1515   (0)     17  : 0.0216 0.0046 0.0182 0.9556
1516     1516   (0)     17  : 0.0546 0.0044 0.0056 0.9354
1517     1517   (0)     17  : 0.0676 0.0068 0.0082 0.9174
1518     1518   (0)     17  : 0.0242 0.0064 0.2058 0.7636
1519     1519   (0)     17  : 0.0212 0.0142 0.0128 0.9518
1520     1520   (0)     17  : 0.0096 0.0038 0.0044 0.9822
1521     1521   (0)     17  : 0.0665 0.0090 0.0158 0.9087
1522     1522   (0)     17  : 0.0126 0.0086 0.0426 0.9362
1523     1523   (0)     17  : 0.0430 0.0060 0.0062 0.9448
1524     1524   (0)     17  : 0.0162 0.0028 0.0058 0.9752
1525     1525   (0)     17  : 0.0106 0.0106 0.0614 0.9174
1526     1526   (0)     17  : 0.0520 0.0094 0.0032 0.9354
1527     1527   (0)     17  : 0.0110 0.0070 0.0160 0.9660
1528     1528   (0)     17  : 0.0076 0.0060 0.0070 0.9794
1529     1529   (0)     17  : 0.0180 0.0212 0.0060 0.9548
1530     1530   (0)     17  : 0.0806 0.0062 0.0084 0.9048
1531     1531   (0)     17  : 0.2182 0.0278 0.0346 0.7194
1532     1532   (0)     17  : 0.0847 0.0178 0.0760 0.8215
1533     1533   (0)     17  : 0.0202 0.0044 0.0112 0.9642
1534     1534   (0)     17  : 0.0152 0.0040 0.0120 0.9688
1535     1535   (0)     17  : 0.0256 0.0118 0.0074 0.9552
1536     1536   (0)     17  : 0.0148 0.0310 0.0046 0.9496
1537     1537   (0)     17  : 0.0514 0.0062 0.0360 0.9064
1538     1538   (0)     17  : 0.0080 0.0038 0.0092 0.9790
1539     1539   (0)     17  : 0.0112 0.0104 0.0186 0.9598
1540     1540   (0)     17  : 0.0788 0.0060 0.0616 0.8536
1541     1541   (0)     17  : 0.1036 0.0124 0.0080 0.8760
1542     1542   (0)     17  : 0.0104 0.0042 0.0218 0.9636
1543     1543   (0)     17  : 0.1623 0.0096 0.0054 0.8227
1544     1544   (0)     17  : 0.1078 0.0456 0.0038 0.8428
1545     1545   (0)     17  : 0.0380 0.0066 0.0098 0.9456
1546     1546   (0)     17  : 0.0396 0.0078 0.0096 0.9430
1547     1547   (0)     17  : 0.0092 0.0038 0.0034 0.9836
1548     1548   (0)     17  : 0.1928 0.0246 0.0058 0.7768
1549     1549   (0)     17  : 0.0316 0.0114 0.0054 0.9516
1550     1550   (0)     17  : 0.0408 0.0064 0.0474 0.9054
1551     1551   (0)     18  : 0.0066 0.9710 0.0152 0.0072
1552     1552   (0)     18  : 0.1006 0.8908 0.0026 0.0060
1553     1553   (0)     18  : 0.0246 0.9570 0.0042 0.0142
1554     1554   (0)     18  : 0.0236 0.9504 0.0082 0.0178
1555     1555   (0)     18  : 0.0044 0.9832 0.0076 0.0048
1556     1556   (0)     18  : 0.1161 0.8589 0.0048 0.0202
1557     1557   (0)     18  : 0.0078 0.9780 0.0086 0.0056
1558     1558   (0)     18  : 0.0134 0.9542 0.0168 0.0156
1559     1559   (0)     18  : 0.0104 0.9698 0.0064 0.0134
1560     1560   (0)     18  : 0.1576 0.8262 0.0092 0.0070
1561     1561   (0)     18  : 0.0876 0.8956 0.0040 0.0128
1562     1562   (0)     18  : 0.0314 0.9474 0.0120 0.0092
1563     1563   (0)     18  : 0.1084 0.8838 0.0034 0.0044
1564     1564   (0)     18  : 0.0866 0.8928 0.0100 0.0106
1565     1565   (0)     18  : 0.0374 0.9172 0.0362 0.0092
1566     1566   (0)     18  : 0.0931 0.8995 0.0028 0.0046
1567     1567   (0)     18  : 0.0708 0.8868 0.0092 0.0332
1568     1568   (0)     18  : 0.0368 0.9078 0.0042 0.0512
1569     1569   (0)     18  : 0.0864 0.8976 0.0034 0.0126
1570     1570   (0)     18  : 0.0564 0.8802 0.0292 0.0342
1571     1571   (0)     18  : 0.0788 0.8842 0.0250 0.0120
1572     1572   (0)     18  : 0.0374 0.9428 0.0064 0.0134
1573     1573   (0)     18  : 0.0940 0.8619 0.0096 0.0346
1574     1574   (0)     18  : 0.1048 0.8708 0.0084 0.0160
1575     1575   (0)     18  : 0.0124 0.9534 0.0236 0.0106
1576     1576   (0)     18  : 0.0602 0.9214 0.0142 0.0042
1577     1577   (0)     18  : 0.0939 0.8813 0.0032 0.0216
1578     1578   (0)     18  : 0.0046 0.9880 0.0036 0.0038
1579     1579   (0)     18  : 0.0352 0.9566 0.0044 0.0038
1580     1580   (0)     18  : 0.0174 0.9596 0.0126 0.0104
1581     1581   (0)     18  : 0.0924 0.8978 0.0038 0.0060
1582     1582   (0)     18  : 0.0352 0.8914 0.0028 0.0706
1583     1583   (0)     18  : 0.1106 0.8730 0.0052 0.0112
1584     1584   (0)     18  : 0.1382 0.8538 0.0036 0.0044
1585     1585   (0)     18  : 0.0214 0.9584 0.0038 0.0164
1586     1586   (0)     18  : 0.0600 0.9322 0.0034 0.0044
1587     1587   (0)     18  : 0.0778 0.9122 0.0030 0.0070
1588     1588   (0)     18  : 0.2015 0.7903 0.0042 0.0040
1589     1589   (0)     18  : 0.0342 0.8952 0.0208 0.0498
1590     1590   (0)     18  : 0.1024 0.8866 0.0050 0.0060
1591     1591   (0)     18  : 0.0780 0.9072 0.0034 0.0114
1592     1592   (0)     18  : 0.0398 0.9306 0.0092 0.0204
1593     1593   (0)     18  : 0.0140 0.9760 0.0056 0.0044
1594     1594   (0)     18  : 0.0933 0.8585 0.0350 0.0132
1595     1595   (0)     18  : 0.0930 0.8926 0.0092 0.0052
1596     1596   (0)     18  : 0.0886 0.8858 0.0174 0.0082
1597     1597   (0)     18  : 0.0900 0.8902 0.0078 0.0120
1598     1598   (0)     18  : 0.0166 0.9766 0.0026 0.0042
1599     1599   (0)     18  : 0.1384 0.8516 0.0046 0.0054
1600     1600   (0)     18  : 0.0212 0.9734 0.0026 0.0028
1601     1601   (0)     18  : 0.0348 0.9540 0.0072 0.0040
1602     1602   (0)     18  : 0.0448 0.9292 0.0028 0.0232
1603     1603   (0)     18  : 0.0356 0.9448 0.0032 0.0164
1604     1604   (0)     18  : 0.0082 0.9626 0.0160 0.0132
1605     1605   (0)     18  : 0.0604 0.9322 0.0026 0.0048
1606     1606   (0)     18  : 0.0526 0.8460 0.0536 0.0478
1607     1607   (0)     18  : 0.0910 0.9016 0.0028 0.0046
1608     1608   (0)     18  : 0.0192 0.9734 0.0028 0.0046
1609     1609   (0)     18  : 0.2797 0.6953 0.0120 0.0130
1610     1610   (0)     18  : 0.0050 0.9852 0.0034 0.0064
1611     1611   (0)     18  : 0.1384 0.8498 0.0030 0.0088
1612     1612   (0)     18  : 0.0068 0.9748 0.0118 0.0066
1613     1613   (0)     18  : 0.1308 0.8512 0.0056 0.0124
1614     1614   (0)     18  : 0.0980 0.8920 0.0034 0.0066
1615     1615   (0)     18  : 0.0384 0.9544 0.0034 0.0038
1616     1616   (0)     18  : 0.0158 0.9360 0.0244 0.0238
1617     1617   (0)     18  : 0.1860 0.8058 0.0032 0.0050
1618     1618   (0)     18  : 0.1229 0.8453 0.0048 0.0270
1619     1619   (0)     18  : 0.1176 0.8698 0.0042 0.0084
1620     1620   (0)     18  : 0.0818 0.8944 0.0110 0.0128
1621     1621   (0)     18  : 0.1024 0.8888 0.0036 0.0052
1622     1622   (0)     18  : 0.1775 0.8109 0.0052 0.0064
1623     1623   (0)     18  : 0.0738 0.9122 0.0072 0.0068
1624     1624   (0)     18  : 0.0034 0.9904 0.0026 0.0036
1625     1625   (0)     18  : 0.0108 0.9568 0.0118 0.0206
1626     1626   (0)     18  : 0.0606 0.9310 0.0036 0.0048
1627     1627   (0)     18  : 0.1286 0.8522 0.0056 0.0136
1628     1628   (0)     18  : 0.1268 0.8410 0.0140 0.0182
1629     1629   (0)     18  : 0.0036 0.9896 0.0024 0.0044
1630     1630   (0)     18  : 0.0260 0.9368 0.0236 0.0136
1631     1631   (0)     18  : 0.0306 0.9530 0.0028 0.0136
1632     1632   (0)     18  : 0.0038 0.9890 0.0034 0.0038
1633     1633   (0)     18  : 0.0550 0.9232 0.0062 0.0156
1634     1634   (0)     18  : 0.0676 0.8754 0.0028 0.0542
1635     1635   (0)     18  : 0.1468 0.8424 0.0044 0.0064
1636     1636   (0)     18  : 0.0234 0.9672 0.0040 0.0054
1637     1637   (0)     18  : 0.1002 0.8932 0.0026 0.0040
1638     1638   (0)     18  : 0.0040 0.9894 0.0026 0.0040
1639     1639   (0)     18  : 0.0998 0.8580 0.0134 0.0288
1640     1640   (0)     18  : 0.0070 0.9818 0.0058 0.0054
1641     1641   (0)     18  : 0.0476 0.9002 0.0136 0.0386
1642     1642   (0)     18  : 0.0362 0.9396 0.0070 0.0172
1643     1643   (0)     18  : 0.0625 0.9277 0.0030 0.0068
1644     1644   (0)     18  : 0.1154 0.8760 0.0040 0.0046
1645     1645   (0)     18  : 0.0878 0.8204 0.0320 0.0598
1646     1646   (0)     18  : 0.0934 0.8964 0.0052 0.0050
1647     1647   (0)     18  : 0.0184 0.9710 0.0056 0.0050
1648     1648   (0)     18  : 0.1047 0.8885 0.0028 0.0040
1649     1649   (0)     18  : 0.0076 0.9114 0.0730 0.0080
1650     1650   (0)     18  : 0.0644 0.9104 0.0064 0.0188
1651     1651   (0)     19  : 0.0064 0.0038 0.9764 0.0134
1652     1652   (0)     19  : 0.1106 0.0092 0.8267 0.0534
1653     1653   (0)     19  : 0.0612 0.0036 0.9312 0.0040
1654     1654   (0)     19  : 0.0504 0.0028 0.9070 0.0398
1655     1655   (0)     19  : 0.0934 0.0058 0.8962 0.0046
1656     1656   (0)     19  : 0.0330 0.0126 0.9350 0.0194
1657     1657   (0)     19  : 0.0158 0.0106 0.9604 0.0132
1658     1658   (0)     19  : 0.0376 0.0030 0.9454 0.0140
1659     1659   (0)     19  : 0.0114 0.0046 0.9586 0.0254
1660     1660   (0)     19  : 0.0058 0.0048 0.9826 0.0068
1661     1661   (0)     19  : 0.1726 0.0180 0.8028 0.0066
1662     1662   (0)     19  : 0.0076 0.0114 0.9712 0.0098
1663     1663   (0)     19  : 0.0176 0.0036 0.9726 0.0062
1664     1664   (0)     19  : 0.0042 0.0054 0.9846 0.0058
1665     1665   (0)     19  : 0.0192 0.0028 0.9642 0.0138
1666     1666   (0)     19  : 0.0052 0.0046 0.9800 0.0102
1667     1667   (0)     19  : 0.0046 0.0074 0.9792 0.0088
1668     1668   (0)     19  : 0.0038 0.0046 0.9882 0.0034
1669     1669   (0)     19  : 0.0646 0.0074 0.9194 0.0086
1670     1670   (0)     19  : 0.0086 0.0036 0.9836 0.0042
1671     1671   (0)     19  : 0.0644 0.0030 0.9072 0.0254
1672     1672   (0)     19  : 0.1016 0.0044 0.8876 0.0064
1673     1673   (0)     19  : 0.0036 0.0028 0.9894 0.0042
1674     1674   (0)     19  : 0.0238 0.0034 0.9666 0.0062
1675     1675   (0)     19  : 0.0148 0.0022 0.9802 0.0028
1676     1676   (0)     19  : 0.0098 0.0058 0.9732 0.0112
1677     1677   (0)     19  : 0.0304 0.0106 0.9512 0.0078
1678     1678   (0)     19  : 0.0046 0.0026 0.9894 0.0034
1679     1679   (0)     19  : 0.1654 0.0148 0.8158 0.0040
1680     1680   (0)     19  : 0.0324 0.0484 0.8848 0.0344
1681     1681   (0)     19  : 0.0560 0.0048 0.9250 0.0142
1682     1682   (0)     19  : 0.0030 0.0026 0.9906 0.0038
1683     1683   (0)     19  : 0.1156 0.0076 0.8590 0.0178
1684     1684   (0)     19  : 0.1698 0.0056 0.8174 0.0072
1685     1685   (0)     19  : 0.0306 0.0158 0.9454 0.0082
1686     1686   (0)     19  : 0.0828 0.0036 0.9068 0.0068
1687     1687   (0)     19  : 0.0520 0.0038 0.9346 0.0096
1688     1688   (0)     19  : 0.0080 0.0036 0.9666 0.0218
1689     1689   (0)     19  : 0.1313 0.0062 0.8549 0.0076
1690     1690   (0)     19  : 0.1316 0.0136 0.8460 0.0088
1691     1691   (0)     19  : 0.0542 0.0064 0.8716 0.0678
1692     1692   (0)     19  : 0.1146 0.0052 0.8700 0.0102
1693     1693   (0)     19  : 0.2328 0.0238 0.7342 0.0092
1694     1694   (0)     19  : 0.1175 0.0108 0.8591 0.0126
1695     1695   (0)     19  : 0.0648 0.0046 0.9246 0.0060
1696     1696   (0)     19  : 0.0060 0.0056 0.9840 0.0044
1697     1697   (0)     19  : 0.0800 0.0178 0.8906 0.0116
1698     1698   (0)     19  : 0.0638 0.0092 0.9156 0.0114
1699     1699   (0)     19  : 0.0056 0.0056 0.9850 0.0038
1700     1700   (0)     19  : 0.1162 0.0072 0.7890 0.0876
1701     1701   (0)     19  : 0.0054 0.0076 0.9786 0.0084
1702     1702   (0)     19  : 0.0048 0.0054 0.9840 0.0058
1703     1703   (0)     19  : 0.0058 0.0062 0.9746 0.0134
1704     1704   (0)     19  : 0.0508 0.0052 0.9310 0.0130
1705     1705   (0)     19  : 0.0046 0.0030 0.9886 0.0038
1706     1706   (0)     19  : 0.0182 0.0262 0.9482 0.0074
1707     1707   (0)     19  : 0.0060 0.0030 0.9852 0.0058
1708     1708   (0)     19  : 0.0860 0.0040 0.9024 0.0076
1709     1709   (0)     19  : 0.0040 0.0044 0.9874 0.0042
1710     1710   (0)     19  : 0.0150 0.0038 0.9644 0.0168
1711     1711   (0)     19  : 0.0032 0.0036 0.9892 0.0040
1712     1712   (0)     19  : 0.0032 0.0022 0.9916 0.0030
1713     1713   (0)     19  : 0.1190 0.0078 0.7988 0.0744
1714     1714   (0)     19  : 0.1300 0.0292 0.7800 0.0608
1715     1715   (0)     19  : 0.0316 0.0082 0.9428 0.0174
1716     1716   (0)     19  : 0.0358 0.0040 0.9566 0.0036
1717     1717   (0)     19  : 0.0264 0.0102 0.9576 0.0058
1718     1718   (0)     19  : 0.0100 0.0072 0.9732 0.0096
1719     1719   (0)     19  : 0.0138 0.0328 0.9388 0.0146
1720     1720   (0)     19  : 0.0240 0.0034 0.9684 0.0042
1721     1721   (0)     19  : 0.0092 0.0030 0.9822 0.0056
1722     1722   (0)     19  : 0.0090 0.0026 0.9842 0.0042
1723     1723   (0)     19  : 0.0038 0.0036 0.9892 0.0034
1724     1724   (0)     19  : 0.1526 0.0132 0.8196 0.0146
1725     1725   (0)     19  : 0.0066 0.0038 0.9834 0.0062
1726     1726   (0)     19  : 0.0818 0.0104 0.9030 0.0048
1727     1727   (0)     19  : 0.0178 0.0030 0.9756 0.0036
1728     1728   (0)     19  : 0.1182 0.0180 0.8558 0.0080
1729     1729   (0)     19  : 0.1081 0.0092 0.8777 0.0050
1730     1730   (0)     19  : 0.0959 0.0076 0.8823 0.0142
1731     1731   (0)     19  : 0.0134 0.0052 0.9656 0.0158
1732     1732   (0)     19  : 0.0162 0.0036 0.9558 0.0244
1733     1733   (0)     19  : 0.0034 0.0046 0.9866 0.0054
1734     1734   (0)     19  : 0.0790 0.0032 0.9118 0.0060
1735     1735   (0)     19  : 0.0186 0.0194 0.9384 0.0236
1736     1736   (0)     19  : 0.0054 0.0028 0.9886 0.0032
1737     1737   (0)     19  : 0.1020 0.0242 0.8686 0.0052
1738     1738   (0)     19  : 0.0094 0.0038 0.9804 0.0064
1739     1739   (0)     19  : 0.1233 0.0088 0.8517 0.0162
1740     1740   (0)     19  : 0.0166 0.0036 0.9682 0.0116
1741     1741   (0)     19  : 0.0558 0.0044 0.8566 0.0832
1742     1742   (0)     19  : 0.1671 0.0410 0.7682 0.0236
1743     1743   (0)     19  : 0.0302 0.0442 0.9204 0.0052
1744     1744   (0)     19  : 0.0256 0.0028 0.9638 0.0078
1745     1745   (0)     19  : 0.1436 0.0042 0.8158 0.0364
1746     1746   (0)     19  : 0.0166 0.0412 0.9212 0.0210
1747     1747   (0)     19  : 0.0066 0.0172 0.9656 0.0106
1748     1748   (0)     19  : 0.0038 0.0044 0.9874 0.0044
1749     1749   (0)     19  : 0.0066 0.0026 0.9870 0.0038
1750     1750   (0)     19  : 0.0066 0.0036 0.9830 0.0068
1751     1751   (0)     20  : 0.2000 0.0070 0.2364 0.5566
1752     1752   (0)     20  : 0.1994 0.0060 0.1908 0.6038
1753     1753   (0)     20  : 0.2414 0.0364 0.1698 0.5524
1754     1754   (0)     20  : 0.2422 0.0180 0.1482 0.5916
1755     1755   (0)     20  : 0.1992 0.0036 0.1234 0.6738
1756     1756   (0)     20  : 0.3060 0.0062 0.1700 0.5178
1757     1757   (0)     20  : 0.1948 0.0380 0.1942 0.5730
1758     1758   (0)     20  : 0.2056 0.0046 0.1912 0.5986
1759     1759   (0)     20  : 0.2142 0.0052 0.1820 0.5986
1760     1760   (0)     20  : 0.2026 0.0196 0.2036 0.5742
1761     1761   (0)     20  : 0.2028 0.0048 0.1966 0.5958
1762     1762   (0)     20  : 0.1986 0.0086 0.2042 0.5886
1763     1763   (0)     20  : 0.1942 0.0658 0.1417 0.5982
1764     1764   (0)     20  : 0.2178 0.0062 0.2000 0.5760
1765     1765   (0)     20  : 0.2942 0.0342 0.1312 0.5404
1766     1766   (0)     20  : 0.2036 0.0068 0.1960 0.5936
1767     1767   (0)     20  : 0.2006 0.0038 0.2012 0.5944
1768     1768   (0)     20  : 0.3339 0.0098 0.1371 0.5192
1769     1769   (0)     20  : 0.2134 0.0206 0.1952 0.5708
1770     1770   (0)     20  : 0.1812 0.0040 0.2864 0.5284
1771     1771   (0)     20  : 0.1734 0.0050 0.1860 0.6356
1772     1772   (0)     20  : 0.3049 0.0104 0.1547 0.5300
1773     1773   (0)     20  : 0.1724 0.1084 0.1432 0.5760
1774     1774   (0)     20  : 0.2122 0.0056 0.1282 0.6540
1775     1775   (0)     20  : 0.2070 0.0086 0.1948 0.5896
1776     1776   (0)     20  : 0.1576 0.0348 0.1552 0.6524
1777     1777   (0)     20  : 0.2088 0.0146 0.1860 0.5906
1778     1778   (0)     20  : 0.2650 0.0304 0.1390 0.5656
1779     1779   (0)     20  : 0.2548 0.0138 0.1225 0.6089
1780     1780   (0)     20  : 0.2240 0.0056 0.1650 0.6054
1781     1781   (0)     20  : 0.2198 0.0074 0.1822 0.5906
1782     1782   (0)     20  : 0.2222 0.0062 0.1964 0.5752
1783     1783   (0)     20  : 0.2126 0.0268 0.1948 0.5658
1784     1784   (0)     20  : 0.3054 0.0834 0.1705 0.4408
1785     1785   (0)     20  : 0.2978 0.1324 0.1898 0.3801
1786     1786   (0)     20  : 0.2136 0.0392 0.1844 0.5628
1787     1787   (0)     20  : 0.1974 0.0062 0.1419 0.6545
1788     1788   (0)     20  : 0.2662 0.0054 0.1778 0.5506
1789     1789   (0)     20  : 0.2126 0.0074 0.1874 0.5926
1790     1790   (0)     20  : 0.2572 0.0258 0.1934 0.5236
1791     1791   (0)     20  : 0.2190 0.0046 0.1948 0.5816
1792     1792   (0)     20  : 0.3591 0.0054 0.1559 0.4795
1793     1793   (0)     20  : 0.2542 0.0088 0.1874 0.5496
1794     1794   (0)     20  : 0.2849 0.0192 0.1608 0.5351
1795     1795   (0)     20  : 0.2020 0.2191 0.1344 0.4446
1796     1796   (0)     20  : 0.1896 0.0112 0.1485 0.6508
1797     1797   (0)     20  : 0.2046 0.0316 0.1888 0.5750
1798     1798   (0)     20  : 0.2122 0.0114 0.1962 0.5802
1799     1799   (0)     20  : 0.2662 0.0094 0.1590 0.5654
1800     1800   (0)     20  : 0.2190 0.0074 0.2162 0.5574
1801     1801   (0)     20  : 0.1982 0.0078 0.1329 0.6611
1802     1802   (0)     20  : 0.2060 0.0408 0.2296 0.5236
1803     1803   (0)     20  : 0.2356 0.0186 0.1328 0.6130
1804     1804   (0)     20  : 0.2220 0.0212 0.2288 0.5280
1805     1805   (0)     20  : 0.2174 0.0188 0.1904 0.5734
1806     1806   (0)     20  : 0.1976 0.0032 0.2124 0.5868
1807     1807   (0)     20  : 0.2118 0.0068 0.2540 0.5274
1808     1808   (0)     20  : 0.1978 0.0046 0.1340 0.6636
1809     1809   (0)     20  : 0.2062 0.0036 0.2014 0.5888
1810     1810   (0)     20  : 0.2398 0.0082 0.1890 0.5630
1811     1811   (0)     20  : 0.1754 0.0048 0.3076 0.5122
1812     1812   (0)     20  : 0.2454 0.0186 0.1832 0.5528
1813     1813   (0)     20  : 0.2066 0.0102 0.2042 0.5790
1814     1814   (0)     20  : 0.2112 0.0116 0.2270 0.5502
1815     1815   (0)     20  : 0.1994 0.0076 0.1882 0.6048
1816     1816   (0)     20  : 0.2108 0.0096 0.2054 0.5742
1817     1817   (0)     20  : 0.2108 0.0130 0.1982 0.5780
1818     1818   (0)     20  : 0.1982 0.0076 0.2390 0.5552
1819     1819   (0)     20  : 0.2162 0.0100 0.1950 0.5788
1820     1820   (0)     20  : 0.2840 0.0052 0.1646 0.5462
1821     1821   (0)     20  : 0.1525 0.0256 0.0972 0.7247
1822     1822   (0)     20  : 0.2032 0.0054 0.2028 0.5886
1823     1823   (0)     20  : 0.1298 0.0108 0.0857 0.7737
1824     1824   (0)     20  : 0.2462 0.0072 0.1586 0.5880
1825     1825   (0)     20  : 0.3154 0.0126 0.1486 0.5234
1826     1826   (0)     20  : 0.3245 0.0546 0.1134 0.5075
1827     1827   (0)     20  : 0.1914 0.0084 0.1702 0.6300
1828     1828   (0)     20  : 0.2214 0.0046 0.1978 0.5762
1829     1829   (0)     20  : 0.3769 0.0154 0.1356 0.4721
1830     1830   (0)     20  : 0.1988 0.0068 0.1352 0.6592
1831     1831   (0)     20  : 0.2066 0.0078 0.1930 0.5926
1832     1832   (0)     20  : 0.3996 0.0048 0.1210 0.4746
1833     1833   (0)     20  : 0.3353 0.0688 0.1368 0.4591
1834     1834   (0)     20  : 0.2420 0.0110 0.1712 0.5758
1835     1835   (0)     20  : 0.2012 0.0108 0.1768 0.6112
1836     1836   (0)     20  : 0.2076 0.0062 0.1984 0.5878
1837     1837   (0)     20  : 0.2252 0.0174 0.1662 0.5912
1838     1838   (0)     20  : 0.2676 0.0122 0.1682 0.5520
1839     1839   (0)     20  : 0.2889 0.0094 0.1638 0.5380
1840     1840   (0)     20  : 0.1958 0.0154 0.1946 0.5942
1841     1841   (0)     20  : 0.3735 0.1310 0.1396 0.3559
1842     1842   (0)     20  : 0.2232 0.0080 0.1960 0.5728
1843     1843   (0)     20  : 0.3308 0.0110 0.1652 0.4930
1844     1844   (0)     20  : 0.2120 0.0088 0.1906 0.5886
1845     1845   (0)     20  : 0.3102 0.0130 0.1388 0.5380
1846     1846   (0)     20  : 0.2406 0.0136 0.1546 0.5912
1847     1847   (0)     20  : 0.2046 0.0084 0.1980 0.5890
1848     1848   (0)     20  : 0.2502 0.0102 0.1553 0.5842
1849     1849   (0)     20  : 0.2250 0.0056 0.1872 0.5822
1850     1850   (0)     20  : 0.3174 0.0386 0.1247 0.5193
1851     1851  (10)     21  : 0.1994 0.0060 0.0050 0.7896
1852     1852   (0)     21  : 0.1810 0.0072 0.0350 0.7768
1853     1853   (0)     21  : 0.2070 0.1024 0.0054 0.6852
1854     1854   (0)     21  : 0.2014 0.0124 0.0062 0.7800
1855     1855   (0)     21  : 0.1500 0.0054 0.1070 0.7376
1856     1856   (5)     21  : 0.0726 0.0054 0.0772 0.8448
1857     1857   (0)     21  : 0.1998 0.0056 0.0042 0.7904
1858     1858   (0)     21  : 0.2018 0.0028 0.0078 0.7876
1859     1859   (0)     21  : 0.1968 0.2074 0.0072 0.5886
1860     1860   (0)     21  : 0.2022 0.0036 0.0258 0.7684
1861     1861   (0)     21  : 0.1232 0.5222 0.0086 0.3460
1862     1862   (0)     21  : 0.2020 0.0134 0.0048 0.7798
1863     1863   (0)     21  : 0.1988 0.0090 0.0040 0.7882
1864     1864   (0)     21  : 0.1988 0.0048 0.0112 0.7852
1865     1865   (5)     21  : 0.2018 0.0416 0.0028 0.7538
1866     1866   (0)     21  : 0.2026 0.0058 0.0042 0.7874
1867     1867   (0)     21  : 0.2042 0.0154 0.0072 0.7732
1868     1868   (0)     21  : 0.2004 0.0200 0.0048 0.7748
1869     1869   (0)     21  : 0.2018 0.0052 0.0122 0.7808
1870     1870   (0)     21  : 0.2010 0.0052 0.0040 0.7898
1871     1871   (0)     21  : 0.2004 0.0042 0.0062 0.7892
1872     1872   (5)     21  : 0.2010 0.0086 0.0076 0.7828
1873     1873   (5)     21  : 0.2006 0.1532 0.0048 0.6414
1874     1874   (5)     21  : 0.1962 0.0120 0.0146 0.7772
1875     1875   (0)     21  : 0.2028 0.0036 0.0100 0.7836
1876     1876   (0)     21  : 0.1998 0.0040 0.0040 0.7922
1877     1877   (0)     21  : 0.1984 0.0124 0.0058 0.7834
1878     1878   (0)     21  : 0.2008 0.0036 0.0142 0.7814
1879     1879   (0)     21  : 0.2016 0.0072 0.0048 0.7864
1880     1880   (0)     21  : 0.2056 0.0140 0.0056 0.7748
1881     1881   (0)     21  : 0.2028 0.0418 0.0056 0.7498
1882     1882   (0)     21  : 0.2012 0.0096 0.0040 0.7852
1883     1883   (0)     21  : 0.2022 0.0054 0.0080 0.7844
1884     1884   (0)     21  : 0.2000 0.0248 0.0068 0.7684
1885     1885   (0)     21  : 0.1798 0.0048 0.0110 0.8044
1886     1886   (0)     21  : 0.2020 0.0980 0.0074 0.6926
1887     1887   (5)     21  : 0.1972 0.0236 0.0082 0.7710
1888     1888   (0)     21  : 0.2072 0.0122 0.0050 0.7756
1889     1889   (0)     21  : 0.1998 0.0088 0.0056 0.7858
1890     1890   (0)     21  : 0.2030 0.0116 0.0048 0.7806
1891     1891   (0)     21  : 0.2026 0.0124 0.0078 0.7772
1892     1892   (0)     21  : 0.2040 0.0210 0.0064 0.7686
1893     1893   (5)     21  : 0.2020 0.0292 0.0056 0.7632
1894     1894   (5)     21  : 0.2034 0.0140 0.0130 0.7696
1895     1895   (5)     21  : 0.2002 0.0406 0.0094 0.7498
1896     1896   (5)     21  : 0.2024 0.0224 0.0066 0.7686
1897     1897   (5)     21  : 0.2044 0.0230 0.0058 0.7668
1898     1898   (5)     21  : 0.2100 0.0154 0.0062 0.7684
1899     1899   (0)     21  : 0.1950 0.0116 0.0068 0.7866
1900     1900   (5)     21  : 0.2010 0.0122 0.0046 0.7822
1901     1901   (0)     21  : 0.0140 0.0088 0.0102 0.9670
1902     1902   (0)     21  : 0.1694 0.0426 0.0188 0.7692
1903     1903   (0)     21  : 0.2002 0.0158 0.0044 0.7796
1904     1904   (0)     21  : 0.2012 0.0040 0.0040 0.7908
1905     1905   (0)     21  : 0.1966 0.0084 0.0516 0.7434
1906     1906   (0)     21  : 0.2008 0.0156 0.0048 0.7788
1907     1907   (0)     21  : 0.2010 0.0184 0.0058 0.7748
1908     1908   (0)     21  : 0.2006 0.0086 0.0060 0.7848
1909     1909   (0)     21  : 0.1982 0.1239 0.0052 0.6727
1910     1910   (0)     21  : 0.2016 0.0122 0.0044 0.7818
1911     1911   (0)     21  : 0.1343 0.0042 0.0144 0.8471
1912     1912   (0)     21  : 0.0038 0.0038 0.9880 0.0044
1913     1913   (0)     21  : 0.2000 0.0142 0.0042 0.7816
1914     1914   (0)     21  : 0.2000 0.0120 0.0058 0.7822
1915     1915   (0)     21  : 0.1996 0.0062 0.0046 0.7896
1916     1916   (0)     21  : 0.1870 0.0060 0.0180 0.7890
1917     1917   (0)     21  : 0.2000 0.0026 0.0112 0.7862
1918     1918   (0)     21  : 0.1858 0.2740 0.1000 0.4402
1919     1919   (0)     21  : 0.1954 0.0476 0.0088 0.7482
1920     1920   (0)     21  : 0.1938 0.0148 0.0124 0.7790
1921     1921   (0)     21  : 0.2010 0.0056 0.0074 0.7860
1922     1922   (0)     21  : 0.2010 0.0072 0.0062 0.7856
1923     1923   (0)     21  : 0.2004 0.0132 0.0042 0.7822
1924     1924   (0)     21  : 0.1958 0.0084 0.0204 0.7754
1925     1925   (0)     21  : 0.1994 0.0086 0.0074 0.7846
1926     1926   (0)     21  : 0.1972 0.0050 0.0066 0.7912
1927     1927   (0)     21  : 0.1992 0.0058 0.0098 0.7852
1928     1928   (0)     21  : 0.2028 0.0842 0.0056 0.7074
1929     1929   (0)     21  : 0.2020 0.0284 0.0090 0.7606
1930     1930   (0)     21  : 0.1920 0.0052 0.0086 0.7942
1931     1931   (0)     21  : 0.0550 0.7760 0.0060 0.1630
1932     1932   (0)     21  : 0.2016 0.0066 0.0074 0.7844
1933     1933   (0)     21  : 0.2016 0.0076 0.0102 0.7806
1934     1934   (0)     21  : 0.2024 0.0104 0.0074 0.7798
1935     1935   (0)     21  : 0.1998 0.0072 0.0084 0.7846
1936     1936   (0)     21  : 0.2018 0.0056 0.0100 0.7826
1937     1937   (0)     21  : 0.1998 0.0034 0.0148 0.7820
1938     1938   (0)     21  : 0.1978 0.0218 0.0046 0.7758
1939     1939   (0)     21  : 0.2004 0.0166 0.0064 0.7766
1940     1940   (0)     21  : 0.2000 0.0132 0.0082 0.7786
1941     1941   (0)     21  : 0.1980 0.0182 0.0040 0.7798
1942     1942   (0)     21  : 0.2030 0.0054 0.0084 0.7832
1943     1943  (10)     21  : 0.0920 0.6541 0.0062 0.2477
1944     1944   (0)     21  : 0.2016 0.0198 0.0060 0.7726
1945     1945   (0)     21  : 0.2026 0.0096 0.0048 0.7830
1946     1946   (0)     21  : 0.1974 0.0850 0.0112 0.7064
1947     1947   (0)     21  : 0.1996 0.0888 0.0134 0.6982
1948     1948   (0)     21  : 0.1932 0.0054 0.0092 0.7922
1949     1949   (0)     21  : 0.2004 0.0068 0.0084 0.7844
1950     1950   (0)     21  : 0.1982 0.0296 0.0082 0.7640
1951     1951   (0)     21  : 0.2010 0.0052 0.0040 0.7898
1952     1952   (0)     21  : 0.2008 0.0092 0.0034 0.7866
1953     1953   (0)     21  : 0.2014 0.0300 0.0066 0.7620
1954     1954   (0)     21  : 0.2006 0.0086 0.0048 0.7860
1955     1955   (0)     21  : 0.2014 0.0140 0.0038 0.7808
1956     1956   (0)     22  : 0.2178 0.0090 0.0042 0.7690
1957     1957  (10)     22  : 0.2044 0.0186 0.0044 0.7726
1958     1958  (10)     22  : 0.1994 0.0120 0.0550 0.7336
1959     1959   (5)     22  : 0.2012 0.0094 0.0042 0.7852
1960     1960   (5)     22  : 0.2010 0.0274 0.0078 0.7638
1961     1961   (0)     22  : 0.1992 0.0282 0.0066 0.7660
1962     1962   (5)     22  : 0.2000 0.1058 0.0166 0.6776
1963     1963   (5)     22  : 0.2012 0.1167 0.0040 0.6781
1964     1964   (0)     22  : 0.2012 0.0298 0.0036 0.7654
1965     1965   (0)     22  : 0.2004 0.0106 0.0042 0.7848
1966     1966   (0)     22  : 0.2004 0.0106 0.0042 0.7848
1967     1967   (0)     22  : 0.1970 0.0064 0.0052 0.7914
1968     1968   (0)     22  : 0.2004 0.0088 0.0102 0.7806
1969     1969   (5)     22  : 0.2010 0.0098 0.0056 0.7836
1970     1970   (5)     22  : 0.2164 0.0132 0.0144 0.7560
1971     1971  (10)     22  : 0.2022 0.0152 0.0044 0.7782
1972     1972   (0)     22  : 0.1998 0.0074 0.0050 0.7878
1973     1973   (5)     22  : 0.1958 0.0696 0.0178 0.7168
1974     1974   (5)     22  : 0.2010 0.0054 0.0134 0.7802
1975     1975   (0)     22  : 0.1988 0.0050 0.0068 0.7894
1976     1976   (5)     22  : 0.1988 0.0346 0.0050 0.7616
1977     1977   (0)     22  : 0.2060 0.0050 0.0174 0.7716
1978     1978   (5)     22  : 0.1976 0.0246 0.0430 0.7348
1979     1979   (0)     22  : 0.2010 0.0584 0.0032 0.7374
1980     1980   (0)     22  : 0.2018 0.1022 0.0082 0.6878
1981     1981   (0)     22  : 0.2018 0.0150 0.0152 0.7680
1982     1982   (0)     22  : 0.1998 0.0784 0.0046 0.7172
1983     1983   (0)     22  : 0.1968 0.0202 0.0038 0.7792
1984     1984   (0)     22  : 0.2016 0.1642 0.0048 0.6294
1985     1985   (0)     22  : 0.2070 0.0412 0.0150 0.7368
1986     1986   (0)     22  : 0.2020 0.0072 0.0070 0.7838
1987     1987   (0)     22  : 0.1988 0.1548 0.0058 0.6406
1988     1988   (0)     22  : 0.2020 0.0214 0.0048 0.7718
1989     1989   (0)     22  : 0.2024 0.0068 0.0042 0.7866
1990     1990   (0)     22  : 0.2054 0.0098 0.0076 0.7772
1991     1991   (0)     22  : 0.2010 0.0062 0.0050 0.7878
1992     1992   (0)     22  : 0.2052 0.0040 0.0048 0.7860
1993     1993   (0)     22  : 0.2018 0.0066 0.0030 0.7886
1994     1994   (5)     22  : 0.2012 0.0094 0.0088 0.7806
1995     1995   (5)     22  : 0.2006 0.0408 0.0124 0.7462
1996     1996   (0)     22  : 0.2016 0.0046 0.0142 0.7796
1997     1997  (15)     22  : 0.2064 0.0102 0.0236 0.7598
1998     1998  (10)     22  : 0.2010 0.0538 0.0038 0.7414
1999     1999  (10)     22  : 0.2002 0.0076 0.0062 0.7860
2000     2000  (10)     22  : 0.2002 0.0096 0.0082 0.7820
2001     2001   (5)     22  : 0.1970 0.0130 0.0162 0.7738
2002     2002   (5)     22  : 0.2000 0.0188 0.0052 0.7760
2003     2003   (5)     22  : 0.2018 0.0036 0.0118 0.7828
2004     2004   (5)     22  : 0.1998 0.0342 0.0054 0.7606
2005     2005   (5)     22  : 0.1916 0.0068 0.0080 0.7936
2006     2006   (5)     22  : 0.2012 0.0058 0.0070 0.7860
2007     2007  (15)     22  : 0.2014 0.0128 0.0110 0.7748
2008     2008   (5)     22  : 0.2086 0.0136 0.0030 0.7748
2009     2009   (5)     22  : 0.2008 0.0106 0.0042 0.7844
2010     2010  (15)     22  : 0.2012 0.0216 0.0074 0.7698
2011     2011   (5)     22  : 0.2140 0.0132 0.0094 0.7634
2012     2012   (5)     22  : 0.2228 0.0182 0.0600 0.6990
2013     2013   (5)     22  : 0.2002 0.0052 0.0072 0.7874
2014     2014   (5)     22  : 0.2004 0.0378 0.0044 0.7574
2015     2015  (10)     22  : 0.2024 0.0088 0.0090 0.7798
2016     2016   (5)     22  : 0.1988 0.1833 0.0038 0.6141
2017     2017   (5)     22  : 0.2006 0.0026 0.0080 0.7888
2018     2018  (10)     22  : 0.1990 0.0850 0.0052 0.7108
2019     2019  (10)     22  : 0.2028 0.0074 0.0078 0.7820
2020     2020  (10)     22  : 0.2120 0.0088 0.0066 0.7726
2021     2021  (10)     22  : 0.2148 0.0190 0.0116 0.7546
2022     2022   (5)     22  : 0.1998 0.0092 0.0056 0.7854
2023     2023  (10)     22  : 0.1874 0.0134 0.1728 0.6264
2024     2024   (0)     22  : 0.2002 0.0558 0.0076 0.7364
2025     2025   (5)     22  : 0.2014 0.0845 0.0052 0.7089
2026     2026   (0)     22  : 0.2008 0.0090 0.0030 0.7872
2027     2027   (0)     22  : 0.2010 0.0044 0.0028 0.7918
2028     2028   (0)     22  : 0.2032 0.0078 0.0040 0.7850
2029     2029   (0)     22  : 0.2140 0.0178 0.0068 0.7614
2030     2030   (0)     22  : 0.1948 0.0076 0.0138 0.7838
2031     2031   (0)     22  : 0.2046 0.0600 0.0048 0.7306
2032     2032   (0)     22  : 0.2006 0.1570 0.0098 0.6326
2033     2033  (10)     22  : 0.2050 0.0120 0.0048 0.7782
2034     2034  (10)     22  : 0.0708 0.0086 0.0102 0.9104
2035     2035   (0)     22  : 0.2054 0.0218 0.0048 0.7680
2036     2036   (5)     22  : 0.2446 0.0138 0.0126 0.7290
2037     2037   (0)     22  : 0.1992 0.0180 0.0090 0.7738
2038     2038   (5)     22  : 0.2046 0.0080 0.0062 0.7812
2039     2039   (5)     22  : 0.1984 0.0276 0.0084 0.7656
2040     2040   (5)     22  : 0.2016 0.0430 0.0124 0.7430
2041     2041  (10)     22  : 0.2010 0.0110 0.0032 0.7848
2042     2042   (0)     22  : 0.2014 0.0064 0.0042 0.7880
2043     2043   (0)     22  : 0.2016 0.0086 0.0052 0.7846
2044     2044   (0)     22  : 0.1808 0.0064 0.0806 0.7322
2045     2045   (0)     22  : 0.2004 0.0054 0.0094 0.7848
2046     2046   (0)     22  : 0.1994 0.0092 0.0098 0.7816
2047     2047   (0)     22  : 0.2014 0.0064 0.0050 0.7872
2048     2048   (0)     22  : 0.1988 0.0816 0.0070 0.7126
2049     2049   (0)     22  : 0.1988 0.0084 0.0092 0.7836
2050     2050   (0)     22  : 0.2002 0.0436 0.0042 0.7520
2051     2051   (0)     22  : 0.2012 0.0080 0.0062 0.7846
2052     2052   (0)     22  : 0.2018 0.0066 0.0084 0.7832
2053     2053   (0)     22  : 0.1836 0.0376 0.0150 0.7638
2054     2054   (0)     22  : 0.1034 0.0142 0.0126 0.8698
2055     2055   (0)     22  : 0.0968 0.0126 0.0734 0.8172
2056     2056   (0)     22  : 0.1900 0.0530 0.0214 0.7356
2057     2057   (0)     22  : 0.2036 0.0108 0.0044 0.7812
2058     2058   (0)     22  : 0.2012 0.0094 0.0036 0.7858
2059     2059   (5)     22  : 0.2006 0.0086 0.0086 0.7822
2060     2060   (0)     22  : 0.1982 0.0362 0.0080 0.7576
2061     2061   (5)     22  : 0.3154 0.0088 0.0232 0.6525
2062     2062   (0)     22  : 0.1998 0.0060 0.0074 0.7868
2063     2063   (0)     22  : 0.1626 0.1775 0.0144 0.6455
2064     2064   (0)     22  : 0.1914 0.0124 0.0730 0.7232
2065     2065   (0)     22  : 0.1946 0.0142 0.0062 0.7850
2066     2066   (0)     22  : 0.2006 0.0128 0.0044 0.7822
2067     2067   (0)     22  : 0.2012 0.0200 0.0196 0.7592
2068     2068   (0)     22  : 0.1974 0.0458 0.0036 0.7532
2069     2069   (0)     22  : 0.2012 0.0064 0.0028 0.7896
2070     2070   (0)     22  : 0.2004 0.0072 0.0070 0.7854
2071     2071   (0)     22  : 0.2016 0.0060 0.0046 0.7878
2072     2072   (0)     22  : 0.0962 0.1462 0.0092 0.7484
2073     2073   (0)     22  : 0.2008 0.0068 0.0070 0.7854
2074     2074   (0)     22  : 0.2076 0.0060 0.0054 0.7810
2075     2075   (5)     22  : 0.2006 0.0110 0.0062 0.7822
2076     2076   (0)     22  : 0.2016 0.0226 0.0060 0.7698
2077     2077   (0)     22  : 0.1990 0.0194 0.0170 0.7646
2078     2078   (0)     22  : 0.2054 0.0174 0.0044 0.7728
2079     2079  (10)     22  : 0.2002 0.0278 0.0042 0.7678
2080     2080   (0)     22  : 0.2022 0.0076 0.0030 0.7872
2081     2081   (0)     22  : 0.2012 0.0104 0.0028 0.7856
2082     2082   (0)     22  : 0.2030 0.0102 0.0040 0.7828
2083     2083  (10)     22  : 0.1940 0.0056 0.0052 0.7952
2084     2084   (5)     22  : 0.1890 0.0058 0.0094 0.7958
2085     2085   (0)     22  : 0.2020 0.0098 0.0060 0.7822
2086     2086   (5)     22  : 0.2020 0.0078 0.0042 0.7860
2087     2087   (5)     22  : 0.2012 0.0052 0.0034 0.7902
2088     2088  (10)     22  : 0.1998 0.0064 0.0094 0.7844
2089     2089   (0)     22  : 0.2012 0.0170 0.0034 0.7784
2090     2090   (5)     22  : 0.2076 0.0078 0.0238 0.7608
2091     2091  (10)     22  : 0.2002 0.0162 0.0040 0.7796
2092     2092   (0)     22  : 0.2020 0.0066 0.0150 0.7764
2093     2093   (0)     22  : 0.2086 0.0126 0.0068 0.7720
2094     2094   (0)     22  : 0.2006 0.0042 0.0184 0.7768
2095     2095   (0)     22  : 0.1980 0.0150 0.0640 0.7230
2096     2096   (0)     22  : 0.2014 0.0150 0.0054 0.7782
2097     2097   (0)     22  : 0.2058 0.0054 0.0044 0.7844
2098     2098   (0)     22  : 0.2008 0.0370 0.0054 0.7568
2099     2099   (0)     22  : 0.2008 0.0180 0.0076 0.7736
2100     2100   (0)     22  : 0.2010 0.0148 0.0030 0.7812
2101     2101   (5)     22  : 0.2018 0.0044 0.0176 0.7762
2102     2102   (0)     22  : 0.2006 0.0138 0.0028 0.7828
2103     2103   (0)     22  : 0.2000 0.2881 0.0406 0.4714
2104     2104   (0)     22  : 0.2014 0.0072 0.0094 0.7820
2105     2105   (5)     22  : 0.2024 0.0182 0.0068 0.7726
2106     2106   (0)     22  : 0.2020 0.0156 0.0034 0.7790
2107     2107   (0)     22  : 0.1952 0.0136 0.0170 0.7742
2108     2108   (0)     22  : 0.2008 0.0220 0.0090 0.7682
2109     2109   (0)     22  : 0.1974 0.0348 0.0098 0.7580
2110     2110   (0)     22  : 0.2012 0.0070 0.0076 0.7842
2111     2111   (0)     22  : 0.2016 0.0716 0.0140 0.7128
2112     2112   (0)     22  : 0.2052 0.0086 0.0040 0.7822
2113     2113   (0)     22  : 0.2014 0.0100 0.0072 0.7814
2114     2114   (0)     22  : 0.2006 0.0128 0.0074 0.7792
2115     2115   (0)     22  : 0.2024 0.0084 0.0112 0.7780
2116     2116   (0)     22  : 0.1968 0.1896 0.0042 0.6094
2117     2117   (0)     22  : 0.2008 0.0160 0.0032 0.7800
2118     2118   (0)     22  : 0.2012 0.0060 0.0038 0.7890
2119     2119   (0)     22  : 0.2006 0.0064 0.0056 0.7874
2120     2120   (0)     22  : 0.2006 0.0054 0.0036 0.7904
2121     2121   (0)     22  : 0.2012 0.0090 0.0044 0.7854
2122     2122   (0)     22  : 0.2014 0.0098 0.0092 0.7796
2123     2123   (0)     22  : 0.2064 0.0096 0.0078 0.7762
2124     2124   (0)     22  : 0.2028 0.0126 0.0044 0.7802
2125     2125   (0)     22  : 0.2012 0.0062 0.0038 0.7888
2126     2126  (10)     22  : 0.2022 0.0098 0.0064 0.7816
2127     2127   (5)     22  : 0.1654 0.0236 0.1395 0.6715
2128     2128  (10)     22  : 0.2024 0.0086 0.0078 0.7812
2129     2129   (5)     22  : 0.2226 0.0318 0.0608 0.6848
2130     2130  (10)     22  : 0.2008 0.0204 0.0058 0.7730
2131     2131  (10)     22  : 0.1998 0.0770 0.0130 0.7102
2132     2132   (0)     22  : 0.1998 0.0504 0.0158 0.7340
2133     2133   (5)     22  : 0.2042 0.0154 0.0052 0.7752
2134     2134   (5)     22  : 0.2118 0.0078 0.0128 0.7676
2135     2135  (10)     22  : 0.2044 0.0300 0.0212 0.7444
2136     2136   (0)     22  : 0.2010 0.0232 0.0042 0.7716
2137     2137   (0)     22  : 0.2022 0.0096 0.0040 0.7842
2138     2138   (0)     22  : 0.2022 0.0076 0.0050 0.7852
2139     2139   (0)     22  : 0.2022 0.0060 0.0028 0.7890
2140     2140   (0)     22  : 0.2118 0.1304 0.0042 0.6536
2141     2141   (0)     22  : 0.2075 0.0040 0.0080 0.7805
2142     2142   (0)     22  : 0.2558 0.0116 0.0056 0.7270
2143     2143   (0)     22  : 0.2006 0.0042 0.0062 0.7890
2144     2144   (0)     22  : 0.2010 0.0048 0.0078 0.7864
2145     2145   (5)     22  : 0.1078 0.0090 0.0260 0.8572
2146     2146   (0)     22  : 0.0994 0.0148 0.0786 0.8071
2147     2147   (0)     22  : 0.1982 0.0290 0.0076 0.7652
2148     2148  (10)     22  : 0.1960 0.0154 0.0050 0.7836
2149     2149   (5)     22  : 0.2020 0.0448 0.0068 0.7464
2150     2150   (0)     22  : 0.2004 0.0064 0.0042 0.7890
2151     2151   (5)     22  : 0.0646 0.0128 0.0088 0.9138
2152     2152   (5)     22  : 0.2020 0.0158 0.0080 0.7742
2153     2153   (0)     22  : 0.2018 0.0212 0.0056 0.7714
2154     2154   (0)     22  : 0.2218 0.0138 0.0076 0.7568
2155     2155   (0)     22  : 0.2010 0.0112 0.0054 0.7824
2156     2156   (0)     22  : 0.1452 0.0052 0.0132 0.8364
2157     2157   (0)     22  : 0.1982 0.0326 0.0042 0.7650
2158     2158   (0)     22  : 0.2038 0.0158 0.0042 0.7762
2159     2159   (0)     22  : 0.2010 0.0084 0.0078 0.7828
2160     2160   (0)     22  : 0.2008 0.0050 0.0054 0.7888
2161     2161   (0)     22  : 0.2002 0.0060 0.0042 0.7896
2162     2162   (0)     22  : 0.2012 0.0100 0.0050 0.7838
2163     2163   (0)     22  : 0.2022 0.0242 0.0092 0.7644
2164     2164   (0)     22  : 0.1992 0.0074 0.0280 0.7654
2165     2165   (0)     22  : 0.1974 0.0042 0.0168 0.7816
2166     2166   (0)     22  : 0.1992 0.0042 0.0092 0.7874
2167     2167   (0)     22  : 0.2010 0.0930 0.0050 0.7010
2168     2168   (0)     22  : 0.2010 0.0426 0.0154 0.7410
2169     2169   (0)     22  : 0.2010 0.0931 0.0050 0.7009
2170     2170   (0)     22  : 0.2016 0.0052 0.0062 0.7870
2171     2171   (0)     22  : 0.2012 0.0052 0.0074 0.7862
2172     2172   (0)     22  : 0.2010 0.0080 0.0042 0.7868
2173     2173   (0)     22  : 0.2010 0.0056 0.0034 0.7900
2174     2174   (0)     22  : 0.1914 0.0290 0.0028 0.7768
2175     2175   (0)     22  : 0.1992 0.0770 0.0038 0.7200
2176     2176   (0)     22  : 0.2080 0.0660 0.0044 0.7216
2177     2177   (0)     22  : 0.2232 0.0138 0.0074 0.7556
2178     2178   (0)     22  : 0.2012 0.0068 0.0048 0.7872
2179     2179   (0)     22  : 0.1918 0.0144 0.0206 0.7732
2180     2180   (0)     22  : 0.2006 0.0470 0.0036 0.7488
2181     2181   (0)     22  : 0.1966 0.0098 0.0438 0.7498
2182     2182   (0)     22  : 0.1996 0.0068 0.0046 0.7890
2183     2183   (0)     22  : 0.2022 0.0128 0.0064 0.7786
2184     2184   (0)     22  : 0.2030 0.0192 0.0050 0.7728
2185     2185   (0)     22  : 0.2004 0.0070 0.0090 0.7836
2186     2186   (0)     22  : 0.2018 0.0188 0.0058 0.7736
2187     2187   (0)     22  : 0.2016 0.0132 0.0030 0.7822
2188     2188   (0)     22  : 0.1974 0.0750 0.0056 0.7220
2189     2189   (0)     22  : 0.2010 0.0054 0.0046 0.7890
2190     2190   (0)     22  : 0.2024 0.0058 0.0038 0.7880
2191     2191   (0)     22  : 0.2008 0.0124 0.0048 0.7820
2192     2192   (0)     22  : 0.2006 0.0050 0.0056 0.7888
2193     2193   (0)     22  : 0.2018 0.0068 0.0040 0.7874
2194     2194   (0)     22  : 0.2000 0.0064 0.0048 0.7888
2195     2195   (0)     22  : 0.2004 0.0066 0.0056 0.7874
2196     2196   (5)     23  : 0.1962 0.0068 0.0164 0.7806
2197     2197   (0)     23  : 0.1122 0.0066 0.0162 0.8650
2198     2198   (0)     23  : 0.1060 0.0250 0.0098 0.8592
2199     2199   (0)     23  : 0.0564 0.0082 0.0076 0.9278
2200     2200   (0)     23  : 0.1932 0.0178 0.0042 0.7848
2201     2201   (0)     23  : 0.2038 0.0138 0.0306 0.7518
2202     2202   (0)     23  : 0.1374 0.0174 0.0116 0.8336
2203     2203   (0)     23  : 0.1958 0.0766 0.0098 0.7178
2204     2204   (0)     23  : 0.0871 0.0130 0.0178 0.8821
2205     2205   (0)     23  : 0.2024 0.0054 0.0042 0.7880
2206     2206   (0)     23  : 0.1962 0.0108 0.0058 0.7872
2207     2207   (0)     23  : 0.1444 0.0124 0.0048 0.8384
2208     2208   (0)     23  : 0.2006 0.0182 0.0070 0.7742
2209     2209   (0)     23  : 0.1458 0.0068 0.0054 0.8420
2210     2210   (0)     23  : 0.1180 0.0888 0.0084 0.7848
2211     2211   (0)     23  : 0.2006 0.0102 0.0038 0.7854
2212     2212   (0)     23  : 0.1395 0.0056 0.0104 0.8445
2213     2213   (0)     23  : 0.1810 0.0056 0.0050 0.8084
2214     2214   (0)     23  : 0.2000 0.0050 0.0066 0.7884
2215     2215   (0)     23  : 0.1774 0.0044 0.0166 0.8016
2216     2216   (0)     23  : 0.1886 0.1310 0.0122 0.6682
2217     2217   (0)     23  : 0.1694 0.0056 0.0961 0.7288
2218     2218   (0)     23  : 0.0444 0.0140 0.0146 0.9270
2219     2219   (0)     23  : 0.0510 0.0230 0.0132 0.9127
2220     2220   (0)     23  : 0.2082 0.0054 0.0050 0.7814
2221     2221   (0)     23  : 0.1762 0.0096 0.0296 0.7846
2222     2222   (0)     23  : 0.1421 0.0232 0.0732 0.7615
2223     2223   (0)     23  : 0.0100 0.0076 0.0162 0.9662
2224     2224   (0)     23  : 0.1570 0.0314 0.0048 0.8068
2225     2225   (0)     23  : 0.2002 0.0044 0.0104 0.7850
2226     2226   (0)     23  : 0.2074 0.0332 0.0060 0.7534
2227     2227  (10)     23  : 0.2018 0.0078 0.0098 0.7806
2228     2228   (5)     23  : 0.1588 0.0336 0.0046 0.8030
2229     2229   (0)     23  : 0.0830 0.0038 0.1112 0.8020
2230     2230   (0)     23  : 0.0548 0.0028 0.0078 0.9346
2231     2231   (0)     23  : 0.0212 0.0186 0.0102 0.9500
2232     2232   (0)     23  : 0.0390 0.0054 0.0062 0.9494
2233     2233   (0)     23  : 0.0486 0.0076 0.0250 0.9188
2234     2234   (0)     23  : 0.0934 0.0036 0.0126 0.8904
2235     2235   (0)     23  : 0.0900 0.0172 0.0058 0.8870
2236     2236   (0)     23  : 0.1101 0.0044 0.0154 0.8701
2237     2237   (0)     23  : 0.0148 0.0052 0.0442 0.9358
2238     2238   (5)     23  : 0.1386 0.0064 0.0616 0.7934
2239     2239   (0)     23  : 0.0200 0.0248 0.0320 0.9232
2240     2240   (0)     23  : 0.0904 0.0050 0.0150 0.8896
2241     2241   (0)     23  : 0.1209 0.0054 0.0494 0.8243
2242     2242   (0)     23  : 0.1984 0.0086 0.0148 0.7782
2243     2243   (0)     23  : 0.0166 0.0042 0.0512 0.9280
2244     2244   (5)     23  : 0.0796 0.0178 0.2560 0.6466
2245     2245   (0)     23  : 0.0701 0.0100 0.1030 0.8168
2246     2246   (0)     23  : 0.0074 0.0594 0.0052 0.9280
2247     2247   (0)     23  : 0.0082 0.0048 0.1068 0.8802
2248     2248   (0)     23  : 0.0194 0.0084 0.0214 0.9508
2249     2249   (0)     23  : 0.2002 0.0212 0.0066 0.7720
2250     2250   (0)     23  : 0.1688 0.0152 0.0056 0.8104
2251     2251   (5)     23  : 0.1996 0.0104 0.0096 0.7804
2252     2252   (5)     23  : 0.0186 0.0038 0.1313 0.8463
2253     2253   (0)     23  : 0.0484 0.0060 0.0092 0.9364
2254     2254   (0)     23  : 0.0110 0.0192 0.0864 0.8834
2255     2255   (0)     23  : 0.0246 0.0046 0.0170 0.9538
2256     2256   (0)     23  : 0.0250 0.0048 0.0056 0.9646
2257     2257   (0)     23  : 0.1894 0.0076 0.0106 0.7924
2258     2258   (0)     23  : 0.0981 0.0088 0.0854 0.8077
2259     2259   (0)     23  : 0.1756 0.0050 0.0878 0.7316
2260     2260   (0)     23  : 0.1100 0.0072 0.0292 0.8536
2261     2261   (0)     23  : 0.0398 0.0106 0.0418 0.9078
2262     2262   (0)     23  : 0.1594 0.0056 0.0094 0.8256
2263     2263   (0)     23  : 0.1440 0.0054 0.0584 0.7922
2264     2264   (0)     24  : 0.0892 0.0102 0.0038 0.8968
2265     2265   (0)     24  : 0.0288 0.0114 0.0038 0.9560
2266     2266   (0)     24  : 0.1344 0.0110 0.0090 0.8456
2267     2267   (0)     24  : 0.0230 0.0148 0.0056 0.9566
2268     2268   (0)     24  : 0.0334 0.0076 0.0084 0.9506
2269     2269   (0)     24  : 0.0302 0.0042 0.0092 0.9564
2270     2270   (0)     24  : 0.0204 0.0082 0.0040 0.9674
2271     2271   (0)     24  : 0.0302 0.0042 0.1730 0.7926
2272     2272   (0)     24  : 0.0554 0.0150 0.0144 0.9152
2273     2273   (0)     24  : 0.0372 0.0152 0.0176 0.9300
2274     2274   (0)     24  : 0.0112 0.0064 0.0064 0.9760
2275     2275   (0)     24  : 0.0216 0.0102 0.0094 0.9588
2276     2276   (0)     24  : 0.0248 0.0034 0.0100 0.9618
2277     2277   (0)     24  : 0.0326 0.0130 0.0058 0.9486
2278     2278   (0)     24  : 0.0112 0.0048 0.0050 0.9790
2279     2279   (0)     24  : 0.0166 0.0060 0.0062 0.9712
2280     2280   (0)     24  : 0.0056 0.0084 0.0106 0.9754
2281     2281   (0)     24  : 0.0432 0.0066 0.0560 0.8942
2282     2282   (0)     24  : 0.0134 0.0046 0.0074 0.9746
2283     2283   (0)     24  : 0.0052 0.0074 0.0078 0.9796
2284     2284   (0)     24  : 0.0186 0.0080 0.0146 0.9588
2285     2285   (0)     24  : 0.0110 0.0110 0.0156 0.9624
2286     2286   (0)     24  : 0.0062 0.0136 0.0036 0.9766
2287     2287   (0)     24  : 0.0070 0.0256 0.0098 0.9576
2288     2288   (0)     24  : 0.0070 0.0060 0.0094 0.9776
2289     2289   (0)     24  : 0.0146 0.0052 0.0078 0.9724
2290     2290   (0)     24  : 0.0084 0.0036 0.0082 0.9798
2291     2291   (0)     24  : 0.0148 0.0096 0.0054 0.9702
2292     2292   (0)     24  : 0.0236 0.0048 0.0060 0.9656
2293     2293   (0)     24  : 0.0106 0.0182 0.0244 0.9468
2294     2294   (0)     24  : 0.0122 0.0158 0.0046 0.9674
2295     2295   (0)     25  : 0.0794 0.0414 0.0062 0.8730
2296     2296   (0)     25  : 0.0094 0.0996 0.0428 0.8482
2297     2297   (0)     25  : 0.0950 0.0180 0.0046 0.8824
2298     2298   (0)     25  : 0.0292 0.0100 0.0066 0.9542
2299     2299   (0)     25  : 0.0066 0.0056 0.0046 0.9832
2300     2300   (0)     25  : 0.0404 0.0118 0.0068 0.9410
2301     2301   (0)     25  : 0.0116 0.0038 0.0266 0.9580
2302     2302   (0)     25  : 0.0562 0.0060 0.0106 0.9272
2303     2303   (0)     25  : 0.0456 0.0152 0.0072 0.9320
2304     2304   (0)     25  : 0.0120 0.0116 0.0346 0.9418
2305     2305   (0)     25  : 0.0234 0.0028 0.0038 0.9700
2306     2306   (0)     25  : 0.0074 0.0072 0.0048 0.9806
2307     2307   (0)     25  : 0.0090 0.0028 0.0050 0.9832
2308     2308   (0)     25  : 0.0100 0.0066 0.0048 0.9786
2309     2309   (0)     25  : 0.0338 0.0116 0.0094 0.9452
2310     2310   (0)     25  : 0.0080 0.0044 0.0102 0.9774
2311     2311   (0)     25  : 0.0134 0.0092 0.0092 0.9682
2312     2312   (0)     25  : 0.0084 0.0132 0.0128 0.9656
2313     2313   (0)     25  : 0.0262 0.0098 0.0136 0.9504
2314     2314   (0)     25  : 0.0466 0.0390 0.0086 0.9058
2315     2315   (0)     25  : 0.0188 0.0068 0.0042 0.9702
2316     2316   (0)     25  : 0.0722 0.0064 0.0224 0.8990
2317     2317   (0)     25  : 0.0577 0.0064 0.0064 0.9294
2318     2318   (0)     25  : 0.0076 0.0048 0.0082 0.9794
2319     2319   (0)     25  : 0.1367 0.0076 0.0074 0.8483
2320     2320   (0)     25  : 0.0218 0.0198 0.0058 0.9526
2321     2321   (0)     25  : 0.0282 0.0256 0.0196 0.9266
2322     2322   (0)     25  : 0.0192 0.0096 0.0040 0.9672
2323     2323   (0)     25  : 0.0052 0.0074 0.0050 0.9824
2324     2324   (0)     25  : 0.0168 0.0146 0.0298 0.9388
2325     2325   (0)     25  : 0.0370 0.0048 0.0120 0.9462
2326     2326   (0)     25  : 0.0078 0.0352 0.0078 0.9492
2327     2327   (0)     25  : 0.0690 0.0064 0.0090 0.9156
2328     2328   (0)     25  : 0.0056 0.0216 0.0066 0.9662
2329     2329   (0)     25  : 0.0084 0.0084 0.0468 0.9364
2330     2330   (0)     25  : 0.0080 0.0070 0.0108 0.9742
2331     2331   (0)     25  : 0.0108 0.0064 0.0062 0.9766
2332     2332   (0)     25  : 0.0102 0.0090 0.0058 0.9750
2333     2333   (0)     25  : 0.0098 0.0044 0.0108 0.9750
2334     2334   (0)     25  : 0.0448 0.0082 0.0052 0.9418
2335     2335   (0)     25  : 0.0088 0.0040 0.0056 0.9816
2336     2336   (0)     25  : 0.0122 0.0098 0.0376 0.9404
2337     2337   (0)     25  : 0.1587 0.0082 0.0132 0.8199
2338     2338   (0)     25  : 0.0208 0.0162 0.0062 0.9568
2339     2339   (0)     25  : 0.0220 0.0080 0.0104 0.9596
2340     2340   (0)     25  : 0.0078 0.0088 0.0068 0.9766
2341     2341   (0)     25  : 0.0132 0.0084 0.0240 0.9544
2342     2342   (0)     25  : 0.1140 0.0086 0.0070 0.8704
2343     2343   (0)     25  : 0.0162 0.0062 0.0070 0.9706
2344     2344   (0)     25  : 0.0096 0.0036 0.0106 0.9762
2345     2345   (0)     25  : 0.0140 0.0100 0.0272 0.9488
2346     2346   (0)     25  : 0.0778 0.0068 0.0072 0.9082
2347     2347   (0)     25  : 0.0058 0.0042 0.0112 0.9788
2348     2348   (0)     25  : 0.0738 0.0076 0.0038 0.9148
2349     2349   (0)     25  : 0.0408 0.0134 0.0228 0.9231
2350     2350   (0)     25  : 0.0086 0.0038 0.0392 0.9484
2351     2351   (0)     25  : 0.0072 0.0136 0.0058 0.9734
2352     2352   (0)     25  : 0.0506 0.0052 0.0056 0.9386
2353     2353   (0)     25  : 0.0096 0.0196 0.0218 0.9490
2354     2354   (0)     25  : 0.0382 0.0112 0.0032 0.9474
2355     2355   (0)     25  : 0.0436 0.0330 0.0236 0.8998
2356     2356   (0)     25  : 0.0194 0.0086 0.0116 0.9604
2357     2357   (0)     25  : 0.0182 0.0094 0.0082 0.9642
2358     2358   (0)     25  : 0.0124 0.0060 0.0072 0.9744
2359     2359   (0)     25  : 0.0160 0.0028 0.0048 0.9764
2360     2360   (0)     25  : 0.0182 0.0084 0.0170 0.9564
2361     2361   (0)     25  : 0.0174 0.0350 0.0308 0.9168
2362     2362   (0)     25  : 0.0090 0.0310 0.0070 0.9530
2363     2363   (0)     25  : 0.0400 0.0164 0.0072 0.9364
2364     2364   (0)     25  : 0.0110 0.0062 0.0316 0.9512
2365     2365   (0)     25  : 0.0132 0.0534 0.0104 0.9230
2366     2366   (0)     25  : 0.0076 0.0068 0.0098 0.9758
2367     2367   (0)     25  : 0.0082 0.0130 0.0108 0.9680
2368     2368   (0)     25  : 0.0058 0.0042 0.0088 0.9812
2369     2369   (0)     25  : 0.0084 0.0038 0.0280 0.9598
2370     2370   (0)     25  : 0.0208 0.0056 0.0028 0.9708
2371     2371   (0)     25  : 0.0356 0.0080 0.0060 0.9504
2372     2372   (0)     25  : 0.0142 0.0052 0.0130 0.9676
2373     2373   (0)     25  : 0.1215 0.0056 0.0032 0.8697
2374     2374   (0)     25  : 0.0306 0.0140 0.0058 0.9496
2375     2375   (0)     25  : 0.1580 0.0134 0.0062 0.8224
2376     2376   (0)     25  : 0.0212 0.0042 0.0152 0.9594
2377     2377   (0)     25  : 0.0266 0.0088 0.0058 0.9588
2378     2378   (0)     25  : 0.0436 0.0056 0.0054 0.9454
2379     2379   (0)     25  : 0.0064 0.0044 0.0044 0.9848
2380     2380   (0)     25  : 0.0336 0.0072 0.0068 0.9524
2381     2381   (0)     25  : 0.0268 0.0070 0.0488 0.9174
2382     2382   (0)     25  : 0.0258 0.0078 0.0082 0.9582
2383     2383   (0)     25  : 0.0250 0.0160 0.0298 0.9292
2384     2384   (0)     25  : 0.0138 0.0050 0.0100 0.9712
2385     2385   (0)     25  : 0.1870 0.0156 0.0036 0.7938
2386     2386   (0)     25  : 0.0132 0.0126 0.0038 0.9704
2387     2387   (0)     25  : 0.0212 0.0056 0.0028 0.9704
2388     2388   (0)     25  : 0.0062 0.0076 0.0130 0.9732
2389     2389   (0)     25  : 0.0242 0.0108 0.0038 0.9612
2390     2390   (0)     25  : 0.0146 0.0064 0.0050 0.9740
2391     2391   (0)     25  : 0.0238 0.0058 0.0206 0.9498
2392     2392   (0)     25  : 0.0731 0.0198 0.0064 0.9007
2393     2393   (0)     25  : 0.0142 0.0166 0.0052 0.9640
2394     2394   (0)     25  : 0.0058 0.0066 0.0058 0.9818
2395     2395   (0)     25  : 0.0236 0.0086 0.0072 0.9606
2396     2396   (0)     25  : 0.0286 0.0074 0.0264 0.9376
2397     2397   (0)     25  : 0.0472 0.0476 0.0086 0.8966
2398     2398   (0)     25  : 0.0116 0.0160 0.0074 0.9650
2399     2399   (0)     25  : 0.0104 0.0150 0.0478 0.9268
2400     2400   (0)     25  : 0.0424 0.0074 0.0070 0.9432
2401     2401   (0)     25  : 0.0066 0.0038 0.0050 0.9846
2402     2402   (0)     25  : 0.0166 0.0074 0.0062 0.9698
2403     2403   (0)     25  : 0.0138 0.0212 0.0120 0.9530
2404     2404   (0)     25  : 0.0078 0.0064 0.0044 0.9814
2405     2405   (0)     25  : 0.0114 0.0362 0.0150 0.9374
2406     2406   (0)     25  : 0.0088 0.0054 0.0050 0.9808
2407     2407   (0)     25  : 0.0174 0.0442 0.0030 0.9354
2408     2408   (0)     25  : 0.0244 0.0112 0.0050 0.9594
2409     2409   (0)     25  : 0.0064 0.0068 0.0050 0.9818
2410     2410   (0)     25  : 0.0060 0.0058 0.0050 0.9832
2411     2411   (0)     25  : 0.0056 0.0056 0.0106 0.9782
2412     2412   (0)     25  : 0.0110 0.0146 0.0138 0.9606
2413     2413   (0)     25  : 0.0284 0.0068 0.0090 0.9558
2414     2414   (0)     25  : 0.0262 0.0442 0.0050 0.9246
2415     2415   (0)     25  : 0.0104 0.0120 0.0224 0.9552
2416     2416   (0)     25  : 0.0396 0.0052 0.0056 0.9496
2417     2417   (0)     25  : 0.0122 0.0180 0.0060 0.9638
2418     2418   (0)     25  : 0.0178 0.0118 0.0036 0.9668
2419     2419   (0)     25  : 0.0096 0.0098 0.0044 0.9762
2420     2420   (0)     26  : 0.0062 0.0064 0.0058 0.9816
2421     2421   (0)     26  : 0.0106 0.0068 0.0424 0.9402
2422     2422   (0)     26  : 0.0090 0.0098 0.0082 0.9730
2423     2423   (0)     26  : 0.0148 0.0104 0.0270 0.9478
2424     2424   (0)     26  : 0.0048 0.0064 0.0058 0.9830
2425     2425   (0)     26  : 0.0198 0.0070 0.0218 0.9514
2426     2426   (0)     26  : 0.0148 0.0030 0.0308 0.9514
2427     2427   (0)     26  : 0.0336 0.0046 0.0044 0.9574
2428     2428   (0)     26  : 0.0376 0.0066 0.0122 0.9436
2429     2429   (0)     26  : 0.0158 0.0416 0.0212 0.9214
2430     2430   (0)     26  : 0.0060 0.0036 0.0078 0.9826
2431     2431   (0)     26  : 0.0098 0.0056 0.0206 0.9640
2432     2432   (0)     26  : 0.0102 0.0042 0.0088 0.9768
2433     2433   (0)     26  : 0.0112 0.0076 0.0122 0.9690
2434     2434   (0)     26  : 0.0176 0.0040 0.0056 0.9728
2435     2435  (10)     26  : 0.0076 0.0058 0.0092 0.9774
2436     2436   (0)     26  : 0.0106 0.0082 0.0166 0.9646
2437     2437   (0)     26  : 0.0490 0.0296 0.0198 0.9016
2438     2438   (0)     26  : 0.0196 0.0116 0.0118 0.9570
2439     2439   (0)     26  : 0.0078 0.0084 0.2171 0.7667
2440     2440   (5)     26  : 0.0100 0.0048 0.0120 0.9732
2441     2441   (0)     26  : 0.0084 0.0120 0.0056 0.9740
2442     2442   (0)     26  : 0.0072 0.0034 0.0290 0.9604
2443     2443   (0)     26  : 0.0206 0.0126 0.0690 0.8978
2444     2444   (0)     26  : 0.0164 0.0058 0.0086 0.9692
2445     2445   (0)     26  : 0.0064 0.0086 0.0058 0.9792
2446     2446   (0)     26  : 0.0108 0.0036 0.0082 0.9774
2447     2447   (5)     26  : 0.0046 0.0036 0.0304 0.9614
2448     2448   (0)     26  : 0.0146 0.0062 0.0102 0.9690
2449     2449   (0)     26  : 0.0120 0.0064 0.0066 0.9750
2450     2450   (0)     26  : 0.0098 0.0048 0.0232 0.9622
2451     2451   (0)     26  : 0.0194 0.0154 0.0052 0.9600
2452     2452   (0)     26  : 0.0102 0.0082 0.0096 0.9720
2453     2453   (0)     26  : 0.0194 0.0354 0.0106 0.9346
2454     2454   (0)     26  : 0.0484 0.0064 0.0062 0.9390
2455     2455   (0)     26  : 0.0058 0.0082 0.0080 0.9780
2456     2456   (0)     26  : 0.0048 0.0034 0.0328 0.9590
2457     2457   (5)     26  : 0.0090 0.0176 0.0078 0.9656
2458     2458   (0)     26  : 0.0078 0.0040 0.0160 0.9722
2459     2459   (0)     26  : 0.0068 0.0044 0.0074 0.9814
2460     2460   (0)     26  : 0.0044 0.0042 0.0072 0.9842
2461     2461   (5)     26  : 0.0186 0.0058 0.0072 0.9684
2462     2462   (5)     26  : 0.0058 0.0072 0.0584 0.9286
2463     2463  (10)     26  : 0.0078 0.0064 0.0098 0.9760
2464     2464   (5)     26  : 0.0070 0.0044 0.0546 0.9340
2465     2465   (5)     26  : 0.0046 0.0050 0.0052 0.9852
2466     2466   (5)     26  : 0.0064 0.0078 0.0046 0.9812
2467     2467   (5)     26  : 0.0298 0.0060 0.1046 0.8596
2468     2468   (5)     26  : 0.0076 0.0072 0.0084 0.9768
2469     2469  (10)     26  : 0.0400 0.0058 0.0064 0.9478
2470     2470   (5)     26  : 0.0160 0.0084 0.0330 0.9426
2471     2471   (5)     26  : 0.0064 0.0060 0.0044 0.9832
2472     2472   (5)     26  : 0.0198 0.0194 0.0212 0.9396
2473     2473   (0)     27  : 0.0098 0.0072 0.0106 0.9724
2474     2474   (0)     27  : 0.0078 0.0100 0.0216 0.9606
2475     2475   (0)     27  : 0.0066 0.0028 0.0088 0.9818
2476     2476   (0)     27  : 0.0058 0.0196 0.0070 0.9676
2477     2477   (0)     27  : 0.0144 0.0054 0.0066 0.9736
2478     2478   (0)     27  : 0.0084 0.0166 0.0030 0.9720
2479     2479   (0)     27  : 0.0074 0.0052 0.0178 0.9696
2480     2480   (0)     27  : 0.0182 0.0092 0.0066 0.9660
2481     2481   (0)     27  : 0.0120 0.0054 0.0070 0.9756
2482     2482   (0)     27  : 0.0206 0.0058 0.0086 0.9650
2483     2483   (0)     27  : 0.0186 0.0094 0.0046 0.9674
2484     2484   (0)     27  : 0.0072 0.0042 0.0872 0.9014
2485     2485   (0)     27  : 0.0120 0.0050 0.0112 0.9718
2486     2486   (0)     27  : 0.0070 0.0036 0.0078 0.9816
2487     2487   (0)     27  : 0.0072 0.0046 0.0042 0.9840
2488     2488   (0)     27  : 0.0162 0.0056 0.0074 0.9708
2489     2489   (0)     27  : 0.0062 0.0114 0.0196 0.9628
2490     2490   (0)     27  : 0.0050 0.0050 0.0068 0.9832
2491     2491   (0)     27  : 0.0310 0.0086 0.0094 0.9510
2492     2492   (0)     27  : 0.0082 0.0046 0.0088 0.9784
2493     2493   (0)     27  : 0.0092 0.0104 0.0172 0.9632
2494     2494   (0)     27  : 0.0066 0.0052 0.0160 0.9722
2495     2495   (0)     27  : 0.0100 0.0248 0.0052 0.9600
2496     2496   (0)     27  : 0.0090 0.0040 0.0250 0.9620
2497     2497   (0)     27  : 0.0102 0.0172 0.0066 0.9660
2498     2498   (0)     27  : 0.0072 0.0058 0.0130 0.9740
2499     2499   (0)     27  : 0.0088 0.0070 0.0096 0.9746
2500     2500   (0)     27  : 0.0164 0.0076 0.0084 0.9676
2501     2501   (0)     27  : 0.0080 0.0060 0.0092 0.9768
2502     2502   (0)     27  : 0.0112 0.0038 0.0062 0.9788
2503     2503   (0)     27  : 0.0080 0.0610 0.0066 0.9244
2504     2504   (0)     27  : 0.0066 0.0052 0.0076 0.9806
2505     2505   (0)     27  : 0.0050 0.0052 0.1239 0.8659
2506     2506   (0)     27  : 0.0080 0.0072 0.0102 0.9746
2507     2507   (0)     27  : 0.0574 0.0064 0.0112 0.9250
2508     2508   (0)     27  : 0.0358 0.0072 0.0512 0.9058
2509     2509   (0)     27  : 0.0064 0.0052 0.0080 0.9804
2510     2510   (0)     27  : 0.0114 0.0140 0.0106 0.9640
2511     2511   (0)     27  : 0.0272 0.0158 0.0430 0.9140
2512     2512   (0)     27  : 0.0060 0.0112 0.0060 0.9768
2513     2513   (0)     27  : 0.0110 0.0080 0.0136 0.9674
2514     2514   (0)     27  : 0.0092 0.0040 0.0340 0.9528
2515     2515   (0)     27  : 0.0074 0.0044 0.1276 0.8606
2516     2516   (0)     27  : 0.0082 0.0064 0.0114 0.9740
2517     2517   (0)     27  : 0.0146 0.0078 0.0352 0.9424
2518     2518   (0)     27  : 0.0188 0.0084 0.0386 0.9342
2519     2519   (0)     27  : 0.0126 0.0096 0.0116 0.9662
2520     2520   (0)     27  : 0.0068 0.0118 0.0508 0.9306
2521     2521   (0)     27  : 0.0072 0.0070 0.0118 0.9740
2522     2522   (0)     27  : 0.0136 0.0150 0.0048 0.9666
2523     2523   (0)     27  : 0.0644 0.0068 0.0264 0.9024
2524     2524   (0)     27  : 0.0072 0.0062 0.0410 0.9456
2525     2525   (0)     27  : 0.0078 0.0100 0.0194 0.9628
2526     2526   (0)     27  : 0.0088 0.0028 0.0194 0.9690
2527     2527   (0)     27  : 0.0060 0.0026 0.0062 0.9852
2528     2528   (0)     27  : 0.0198 0.0042 0.0954 0.8806
2529     2529   (0)     27  : 0.0076 0.0042 0.0108 0.9774
2530     2530   (0)     27  : 0.0160 0.0064 0.0064 0.9712
2531     2531   (0)     27  : 0.0142 0.0062 0.0102 0.9694
2532     2532   (0)     27  : 0.0356 0.0104 0.0056 0.9484
2533     2533   (0)     27  : 0.0772 0.0052 0.1591 0.7585
2534     2534   (0)     27  : 0.0154 0.0080 0.0044 0.9722
2535     2535   (0)     27  : 0.0062 0.0118 0.1078 0.8742
2536     2536   (0)     27  : 0.0100 0.0334 0.0108 0.9458
2537     2537   (0)     27  : 0.0240 0.0132 0.0120 0.9508
2538     2538   (0)     27  : 0.0232 0.0070 0.0048 0.9650
2539     2539   (0)     27  : 0.0078 0.0094 0.0064 0.9764
2540     2540   (0)     27  : 0.0044 0.0042 0.0258 0.9656
2541     2541   (0)     27  : 0.0066 0.0036 0.0912 0.8986
2542     2542   (0)     27  : 0.0130 0.0040 0.0812 0.9018
2543     2543   (0)     27  : 0.0180 0.0146 0.0066 0.9608
2544     2544   (0)     27  : 0.0066 0.0050 0.0132 0.9752
2545     2545   (0)     27  : 0.0070 0.0028 0.0058 0.9844
2546     2546   (0)     27  : 0.0042 0.0068 0.0044 0.9846
2547     2547   (0)     27  : 0.0078 0.0038 0.0098 0.9786
2548     2548   (0)     27  : 0.0048 0.0072 0.0052 0.9828
2549     2549   (0)     27  : 0.0246 0.0086 0.0462 0.9206
2550     2550   (0)     27  : 0.0272 0.0102 0.0028 0.9598
2551     2551   (0)     27  : 0.0244 0.0084 0.0086 0.9586
2552     2552   (0)     27  : 0.0140 0.0234 0.0090 0.9536
2553     2553   (0)     27  : 0.0090 0.0044 0.0144 0.9722
2554     2554   (0)     27  : 0.0466 0.0058 0.0112 0.9364
2555     2555   (0)     27  : 0.0048 0.0074 0.0236 0.9642
2556     2556   (0)     27  : 0.0150 0.0054 0.0346 0.9450
2557     2557   (0)     27  : 0.0202 0.0046 0.0054 0.9698
2558     2558   (0)     27  : 0.0226 0.0078 0.0094 0.9602
2559     2559   (0)     27  : 0.0126 0.0042 0.0048 0.9784
2560     2560   (0)     27  : 0.0152 0.0038 0.0082 0.9728
2561     2561   (0)     27  : 0.0108 0.0850 0.0084 0.8958
2562     2562   (0)     27  : 0.0104 0.0038 0.0146 0.9712
2563     2563   (0)     27  : 0.0076 0.0098 0.0134 0.9692
2564     2564   (0)     27  : 0.0118 0.0250 0.0096 0.9536
2565     2565   (0)     27  : 0.0210 0.0088 0.0320 0.9382
2566     2566   (0)     27  : 0.0056 0.0052 0.0294 0.9598
2567     2567   (0)     27  : 0.0066 0.0048 0.0052 0.9834
2568     2568   (0)     27  : 0.0346 0.0088 0.0136 0.9430
2569     2569   (0)     27  : 0.0452 0.0130 0.0102 0.9316
2570     2570   (0)     27  : 0.0102 0.0046 0.1084 0.8768
2571     2571   (0)     27  : 0.0104 0.0052 0.0112 0.9732
2572     2572   (0)     27  : 0.0224 0.0078 0.0248 0.9450
2573     2573   (0)     27  : 0.0048 0.0040 0.0074 0.9838
2574     2574   (0)     27  : 0.0088 0.0086 0.0136 0.9690
2575     2575   (0)     27  : 0.0080 0.0118 0.0064 0.9738
2576     2576   (0)     27  : 0.0188 0.0030 0.0402 0.9380
2577     2577   (0)     27  : 0.0106 0.0070 0.0134 0.9690
2578     2578   (0)     27  : 0.0150 0.0108 0.0776 0.8966
2579     2579   (0)     27  : 0.0070 0.0052 0.0130 0.9748
2580     2580   (0)     27  : 0.0084 0.0052 0.0098 0.9766
2581     2581   (0)     27  : 0.0078 0.0044 0.0064 0.9814
2582     2582   (0)     27  : 0.0074 0.0062 0.1684 0.8180
2583     2583   (0)     27  : 0.0132 0.0038 0.0184 0.9646
2584     2584   (0)     27  : 0.0050 0.0056 0.0108 0.9786
2585     2585   (0)     27  : 0.0090 0.0038 0.0178 0.9694
2586     2586   (0)     27  : 0.0092 0.0264 0.0042 0.9602
2587     2587   (0)     27  : 0.0382 0.0190 0.0048 0.9380
2588     2588   (0)     27  : 0.0090 0.0088 0.0090 0.9732
2589     2589   (0)     27  : 0.0278 0.0124 0.0116 0.9482
2590     2590   (0)     27  : 0.0086 0.0054 0.1024 0.8836
2591     2591   (0)     27  : 0.0092 0.0042 0.0102 0.9764
2592     2592   (0)     27  : 0.0082 0.0060 0.0092 0.9766
2593     2593   (0)     27  : 0.0158 0.0068 0.0038 0.9736
2594     2594   (0)     27  : 0.0144 0.0408 0.0404 0.9044
2595     2595   (0)     27  : 0.0086 0.0070 0.1072 0.8772
2596     2596   (0)     27  : 0.0250 0.0046 0.0084 0.9620
2597     2597   (0)     27  : 0.0182 0.0112 0.0116 0.9590
2598     2598   (5)     28  : 0.0056 0.9842 0.0040 0.0062
2599     2599   (0)     28  : 0.0088 0.9768 0.0046 0.0098
2600     2600   (0)     28  : 0.0038 0.9870 0.0044 0.0048
2601     2601   (0)     28  : 0.0096 0.9640 0.0106 0.0158
2602     2602   (0)     28  : 0.0040 0.9896 0.0028 0.0036
2603     2603   (0)     28  : 0.0060 0.9796 0.0060 0.0084
2604     2604   (0)     28  : 0.0038 0.9890 0.0030 0.0042
2605     2605   (0)     28  : 0.0050 0.9862 0.0042 0.0046
2606     2606   (0)     28  : 0.0040 0.9854 0.0060 0.0046
2607     2607   (0)     28  : 0.0044 0.9882 0.0034 0.0040
2608     2608   (0)     28  : 0.0030 0.9914 0.0026 0.0030
2609     2609   (0)     28  : 0.0040 0.9886 0.0036 0.0038
2610     2610   (0)     28  : 0.0082 0.9762 0.0068 0.0088
2611     2611   (5)     28  : 0.0030 0.9914 0.0026 0.0030
2612     2612   (0)     28  : 0.0048 0.9858 0.0032 0.0062
2613     2613   (0)     28  : 0.0034 0.9902 0.0028 0.0036
2614     2614   (0)     28  : 0.0048 0.9802 0.0112 0.0038
2615     2615   (0)     28  : 0.0040 0.9896 0.0026 0.0038
2616     2616   (0)     28  : 0.0038 0.9892 0.0032 0.0038
2617     2617   (0)     28  : 0.0032 0.9896 0.0030 0.0042
2618     2618   (0)     28  : 0.0028 0.9906 0.0028 0.0038
2619     2619   (0)     28  : 0.0048 0.9828 0.0072 0.0052
2620     2620   (0)     28  : 0.0028 0.9910 0.0026 0.0036
2621     2621   (0)     28  : 0.0024 0.9922 0.0026 0.0028
2622     2622   (0)     28  : 0.0024 0.9928 0.0022 0.0026
2623     2623   (0)     28  : 0.0032 0.9890 0.0042 0.0036
2624     2624   (0)     28  : 0.0036 0.9892 0.0030 0.0042
2625     2625   (0)     28  : 0.0030 0.9914 0.0026 0.0030
2626     2626   (0)     29  : 0.0034 0.9914 0.0026 0.0026
2627     2627   (0)     29  : 0.0036 0.9906 0.0026 0.0032
2628     2628   (0)     29  : 0.0042 0.9886 0.0028 0.0044
2629     2629   (0)     29  : 0.0042 0.9876 0.0032 0.0050
2630     2630   (0)     29  : 0.0048 0.9874 0.0038 0.0040
2631     2631   (0)     29  : 0.0038 0.9882 0.0036 0.0044
2632     2632   (0)     29  : 0.0032 0.9904 0.0028 0.0036
2633     2633   (0)     29  : 0.0032 0.9914 0.0026 0.0028
2634     2634   (0)     29  : 0.0044 0.9800 0.0072 0.0084
2635     2635   (0)     29  : 0.0040 0.9790 0.0122 0.0048
2636     2636   (0)     29  : 0.0048 0.9842 0.0064 0.0046
2637     2637   (0)     29  : 0.0030 0.9904 0.0026 0.0040
2638     2638   (0)     29  : 0.0062 0.9816 0.0070 0.0052
2639     2639   (0)     29  : 0.0034 0.9878 0.0050 0.0038
2640     2640   (0)     29  : 0.0052 0.9880 0.0026 0.0042
2641     2641   (0)     29  : 0.0034 0.9904 0.0022 0.0040
2642     2642   (0)     29  : 0.0030 0.9912 0.0028 0.0030
2643     2643   (0)     29  : 0.0044 0.9890 0.0026 0.0040
2644     2644   (0)     29  : 0.0036 0.9888 0.0038 0.0038
2645     2645   (0)     29  : 0.0038 0.9888 0.0026 0.0048
2646     2646   (0)     29  : 0.0044 0.9866 0.0032 0.0058
2647     2647   (0)     29  : 0.0028 0.9912 0.0030 0.0030
2648     2648   (0)     29  : 0.0040 0.9860 0.0050 0.0050
2649     2649   (0)     29  : 0.0044 0.9884 0.0032 0.0040
2650     2650   (0)     29  : 0.0056 0.9842 0.0046 0.0056
2651     2651   (0)     29  : 0.0030 0.9908 0.0026 0.0036
2652     2652   (0)     29  : 0.0056 0.9832 0.0038 0.0074
2653     2653   (0)     29  : 0.0030 0.9906 0.0026 0.0038
2654     2654   (0)     29  : 0.0038 0.9886 0.0036 0.0040
2655     2655   (0)     29  : 0.0048 0.9838 0.0066 0.0048
2656     2656   (0)     29  : 0.0050 0.9844 0.0034 0.0072
2657     2657   (0)     29  : 0.0028 0.9908 0.0026 0.0038
2658     2658   (0)     29  : 0.0040 0.9866 0.0048 0.0046
2659     2659   (0)     29  : 0.0038 0.9894 0.0028 0.0040
2660     2660   (0)     29  : 0.0036 0.9874 0.0040 0.0050
2661     2661   (0)     29  : 0.0036 0.9904 0.0032 0.0028
2662     2662   (0)     29  : 0.0040 0.9874 0.0036 0.0050
2663     2663   (0)     29  : 0.0028 0.9918 0.0026 0.0028
2664     2664   (0)     29  : 0.0046 0.9878 0.0038 0.0038
2665     2665   (0)     29  : 0.0036 0.9886 0.0034 0.0044
2666     2666   (0)     29  : 0.0034 0.9898 0.0026 0.0042
2667     2667   (0)     29  : 0.0030 0.9912 0.0028 0.0030
2668     2668   (0)     29  : 0.0044 0.9860 0.0036 0.0060
2669     2669   (0)     29  : 0.0056 0.9844 0.0030 0.0070
2670     2670   (0)     29  : 0.0034 0.9902 0.0026 0.0038
2671     2671   (0)     29  : 0.0034 0.9902 0.0026 0.0038
2672     2672   (0)     29  : 0.0032 0.9900 0.0030 0.0038
2673     2673   (0)     29  : 0.0034 0.9880 0.0048 0.0038
2674     2674   (0)     29  : 0.0044 0.9876 0.0034 0.0046
2675     2675   (0)     29  : 0.0052 0.9832 0.0052 0.0064
2676     2676   (0)     29  : 0.0046 0.9890 0.0026 0.0038
2677     2677   (0)     29  : 0.0032 0.9900 0.0030 0.0038
2678     2678   (0)     29  : 0.0030 0.9914 0.0026 0.0030
2679     2679   (0)     29  : 0.0036 0.9906 0.0026 0.0032
2680     2680   (0)     29  : 0.0026 0.9908 0.0028 0.0038
2681     2681   (0)     29  : 0.0050 0.9780 0.0104 0.0066
2682     2682   (0)     29  : 0.0032 0.9900 0.0028 0.0040
2683     2683   (0)     29  : 0.0042 0.9874 0.0038 0.0046
2684     2684   (0)     29  : 0.0028 0.9912 0.0026 0.0034
2685     2685   (0)     29  : 0.0044 0.9872 0.0038 0.0046
2686     2686   (0)     29  : 0.0032 0.9888 0.0028 0.0052
2687     2687   (0)     29  : 0.0040 0.9896 0.0028 0.0036
2688     2688   (0)     29  : 0.0044 0.9870 0.0046 0.0040
2689     2689   (0)     29  : 0.0032 0.9908 0.0030 0.0030
2690     2690   (0)     29  : 0.0060 0.9826 0.0042 0.0072
2691     2691   (0)     29  : 0.0038 0.9894 0.0030 0.0038
2692     2692   (0)     29  : 0.0040 0.9880 0.0038 0.0042
2693     2693   (0)     29  : 0.0050 0.9868 0.0028 0.0054
2694     2694   (0)     29  : 0.0046 0.9870 0.0036 0.0048
2695     2695   (0)     29  : 0.0036 0.9886 0.0032 0.0046
2696     2696   (0)     29  : 0.0044 0.9894 0.0022 0.0040
2697     2697   (0)     29  : 0.0086 0.9756 0.0072 0.0086
2698     2698   (0)     29  : 0.0050 0.9872 0.0028 0.0050
2699     2699   (0)     29  : 0.0058 0.9742 0.0140 0.0060
2700     2700   (0)     29  : 0.0064 0.9748 0.0092 0.0096
2701     2701   (0)     29  : 0.0038 0.9898 0.0026 0.0038
2702     2702   (0)     29  : 0.0040 0.9890 0.0028 0.0042
2703     2703   (0)     29  : 0.0032 0.9904 0.0026 0.0038
2704     2704   (0)     29  : 0.0046 0.9858 0.0038 0.0058
2705     2705   (0)     29  : 0.0036 0.9888 0.0036 0.0040
2706     2706   (0)     29  : 0.0034 0.9892 0.0036 0.0038
2707     2707   (0)     29  : 0.0066 0.9808 0.0040 0.0086
2708     2708   (0)     29  : 0.0038 0.9836 0.0066 0.0060
2709     2709   (0)     29  : 0.0038 0.9884 0.0044 0.0034
2710     2710   (0)     29  : 0.0048 0.9872 0.0036 0.0044
2711     2711   (0)     29  : 0.0040 0.9868 0.0044 0.0048
2712     2712   (0)     29  : 0.0044 0.9876 0.0038 0.0042
2713     2713   (0)     29  : 0.0038 0.9888 0.0038 0.0036
2714     2714   (0)     29  : 0.0038 0.9884 0.0038 0.0040
2715     2715   (0)     29  : 0.0064 0.9838 0.0044 0.0054
2716     2716   (0)     29  : 0.0036 0.9896 0.0028 0.0040
2717     2717   (0)     29  : 0.0038 0.9890 0.0036 0.0036
2718     2718   (0)     29  : 0.0032 0.9896 0.0042 0.0030
2719     2719   (0)     29  : 0.0036 0.9882 0.0046 0.0036
2720     2720   (0)     29  : 0.0032 0.9896 0.0034 0.0038
2721     2721   (0)     29  : 0.0046 0.9858 0.0048 0.0048
2722     2722   (0)     29  : 0.0032 0.9910 0.0022 0.0036
2723     2723   (0)     29  : 0.0042 0.9844 0.0060 0.0054
2724     2724   (0)     29  : 0.0032 0.9896 0.0034 0.0038
2725     2725   (0)     29  : 0.0028 0.9920 0.0026 0.0026
2726     2726   (0)     29  : 0.0038 0.9904 0.0026 0.0032
2727     2727   (0)     29  : 0.0032 0.9900 0.0030 0.0038
2728     2728   (0)     29  : 0.0038 0.9894 0.0030 0.0038
2729     2729   (0)     29  : 0.0030 0.9898 0.0036 0.0036
2730     2730   (0)     29  : 0.0044 0.9888 0.0026 0.0042
2731     2731   (0)     29  : 0.0038 0.9884 0.0036 0.0042
2732     2732   (0)     29  : 0.0032 0.9910 0.0026 0.0032
2733     2733   (0)     29  : 0.0044 0.9866 0.0054 0.0036
2734     2734   (0)     29  : 0.0044 0.9892 0.0030 0.0034
2735     2735   (0)     29  : 0.0036 0.9898 0.0028 0.0038
2736     2736   (0)     29  : 0.0032 0.9894 0.0036 0.0038
2737     2737   (0)     29  : 0.0054 0.9864 0.0036 0.0046
2738     2738   (0)     29  : 0.0032 0.9896 0.0036 0.0036
2739     2739   (0)     29  : 0.0036 0.9876 0.0044 0.0044
2740     2740   (0)     29  : 0.0040 0.9894 0.0030 0.0036
2741     2741   (0)     29  : 0.0030 0.9914 0.0026 0.0030
2742     2742   (0)     29  : 0.0036 0.9914 0.0022 0.0028
2743     2743   (0)     29  : 0.0038 0.9896 0.0026 0.0040
2744     2744   (0)     29  : 0.0038 0.9904 0.0022 0.0036
2745     2745   (0)     29  : 0.0048 0.9792 0.0110 0.0050
2746     2746   (0)     29  : 0.0042 0.9884 0.0026 0.0048
2747     2747   (0)     29  : 0.0044 0.9880 0.0028 0.0048
2748     2748   (0)     29  : 0.0028 0.9918 0.0026 0.0028
2749     2749   (0)     29  : 0.0034 0.9906 0.0026 0.0034
2750     2750   (0)     29  : 0.0024 0.9920 0.0028 0.0028
2751     2751   (0)     29  : 0.0036 0.9890 0.0028 0.0046
2752     2752   (0)     29  : 0.0052 0.9826 0.0080 0.0042
2753     2753   (0)     29  : 0.0036 0.9896 0.0030 0.0038
2754     2754   (0)     29  : 0.0036 0.9890 0.0036 0.0038
2755     2755   (0)     29  : 0.0032 0.9898 0.0030 0.0040
2756     2756   (0)     29  : 0.0030 0.9914 0.0026 0.0030
2757     2757   (0)     29  : 0.0036 0.9884 0.0040 0.0040
2758     2758   (0)     29  : 0.0054 0.9858 0.0038 0.0050
2759     2759   (0)     29  : 0.0038 0.9858 0.0064 0.0040
2760     2760   (0)     29  : 0.0060 0.9860 0.0028 0.0052
2761     2761   (0)     29  : 0.0052 0.9878 0.0028 0.0042
2762     2762   (0)     29  : 0.0026 0.9918 0.0028 0.0028
2763     2763   (0)     29  : 0.0040 0.9892 0.0030 0.0038
2764     2764   (0)     29  : 0.0060 0.9752 0.0054 0.0134
2765     2765   (0)     29  : 0.0034 0.9906 0.0026 0.0034
2766     2766   (0)     29  : 0.0034 0.9880 0.0050 0.0036
2767     2767   (0)     29  : 0.0038 0.9906 0.0026 0.0030
2768     2768   (0)     29  : 0.0050 0.9796 0.0084 0.0070
2769     2769   (0)     29  : 0.0054 0.9872 0.0030 0.0044
2770     2770   (0)     29  : 0.0034 0.9902 0.0026 0.0038
2771     2771   (0)     29  : 0.0032 0.9900 0.0030 0.0038
2772     2772   (0)     29  : 0.0048 0.9872 0.0028 0.0052
2773     2773   (0)     29  : 0.0044 0.9852 0.0058 0.0046
2774     2774   (0)     29  : 0.0024 0.9918 0.0026 0.0032
2775     2775   (0)     29  : 0.0038 0.9878 0.0046 0.0038
2776     2776   (0)     29  : 0.0030 0.9908 0.0026 0.0036
2777     2777   (0)     29  : 0.0054 0.9802 0.0058 0.0086
2778     2778   (0)     29  : 0.0058 0.9830 0.0046 0.0066
2779     2779   (0)     29  : 0.0038 0.9888 0.0030 0.0044
2780     2780   (0)     29  : 0.0034 0.9892 0.0038 0.0036
2781     2781   (0)     29  : 0.0032 0.9910 0.0028 0.0030
2782     2782   (0)     29  : 0.0032 0.9912 0.0022 0.0034
2783     2783   (0)     29  : 0.0034 0.9882 0.0036 0.0048
2784     2784   (0)     29  : 0.0050 0.9856 0.0038 0.0056
2785     2785   (0)     29  : 0.0032 0.9906 0.0026 0.0036
2786     2786   (0)     29  : 0.0036 0.9880 0.0048 0.0036
2787     2787   (0)     29  : 0.0036 0.9896 0.0036 0.0032
2788     2788   (0)     29  : 0.0042 0.9880 0.0034 0.0044
2789     2789   (0)     29  : 0.0032 0.9912 0.0026 0.0030
2790     2790   (0)     29  : 0.0036 0.9890 0.0026 0.0048
2791     2791   (0)     29  : 0.0040 0.9890 0.0028 0.0042
2792     2792   (0)     29  : 0.0042 0.9868 0.0038 0.0052
2793     2793   (0)     29  : 0.0032 0.9906 0.0026 0.0036
2794     2794   (0)     29  : 0.0034 0.9896 0.0030 0.0040
2795     2795   (0)     29  : 0.0076 0.9802 0.0052 0.0070
2796     2796   (0)     29  : 0.0050 0.9834 0.0064 0.0052
2797     2797   (0)     29  : 0.0040 0.9874 0.0040 0.0046
2798     2798   (0)     29  : 0.0038 0.9836 0.0086 0.0040
2799     2799   (0)     29  : 0.0034 0.9908 0.0026 0.0032
2800     2800   (0)     29  : 0.0030 0.9920 0.0020 0.0030
2801     2801   (0)     29  : 0.0052 0.9872 0.0034 0.0042
2802     2802   (0)     29  : 0.0038 0.9886 0.0028 0.0048
2803     2803   (0)     29  : 0.0038 0.9888 0.0036 0.0038
2804     2804   (0)     29  : 0.0044 0.9884 0.0036 0.0036
2805     2805   (0)     29  : 0.0048 0.9818 0.0074 0.0060
2806     2806   (0)     29  : 0.0038 0.9862 0.0058 0.0042
2807     2807   (0)     29  : 0.0060 0.9748 0.0068 0.0124
2808     2808   (0)     29  : 0.0028 0.9916 0.0026 0.0030
2809     2809   (0)     29  : 0.0044 0.9866 0.0048 0.0042
2810     2810   (0)     29  : 0.0052 0.9870 0.0028 0.0050
2811     2811   (0)     29  : 0.0064 0.9828 0.0046 0.0062
2812     2812   (0)     29  : 0.0080 0.9686 0.0090 0.0144
2813     2813   (0)     29  : 0.0044 0.9880 0.0032 0.0044
2814     2814   (0)     29  : 0.0038 0.9880 0.0046 0.0036
2815     2815   (0)     29  : 0.0030 0.9914 0.0026 0.0030
2816     2816   (0)     29  : 0.0028 0.9920 0.0026 0.0026
2817     2817   (0)     29  : 0.0048 0.9846 0.0050 0.0056
2818     2818   (0)     29  : 0.0028 0.9918 0.0022 0.0032
2819     2819   (0)     29  : 0.0034 0.9898 0.0028 0.0040
2820     2820   (0)     29  : 0.0034 0.9898 0.0028 0.0040
2821     2821   (0)     29  : 0.0036 0.9856 0.0046 0.0062
2822     2822   (0)     29  : 0.0024 0.9916 0.0030 0.0030
2823     2823   (0)     29  : 0.0036 0.9846 0.0086 0.0032
2824     2824   (0)     29  : 0.0032 0.9906 0.0026 0.0036
2825     2825   (0)     29  : 0.0034 0.9890 0.0036 0.0040
2826     2826   (0)     29  : 0.0062 0.9794 0.0074 0.0070
2827     2827   (0)     29  : 0.0032 0.9894 0.0036 0.0038
2828     2828   (0)     29  : 0.0040 0.9842 0.0052 0.0066
2829     2829   (0)     29  : 0.0032 0.9916 0.0022 0.0030
2830     2830   (0)     29  : 0.0028 0.9908 0.0026 0.0038
2831     2831   (0)     29  : 0.0032 0.9894 0.0030 0.0044
2832     2832   (0)     29  : 0.0032 0.9912 0.0026 0.0030
2833     2833   (0)     29  : 0.0048 0.9844 0.0070 0.0038
2834     2834   (0)     29  : 0.0034 0.9914 0.0026 0.0026
2835     2835   (0)     29  : 0.0034 0.9908 0.0030 0.0028
2836     2836   (0)     29  : 0.0032 0.9906 0.0026 0.0036
2837     2837   (0)     29  : 0.0030 0.9910 0.0026 0.0034
2838     2838   (0)     29  : 0.0034 0.9908 0.0022 0.0036
2839     2839   (0)     29  : 0.0048 0.9856 0.0048 0.0048
2840     2840   (0)     29  : 0.0028 0.9916 0.0026 0.0030
2841     2841   (0)     29  : 0.0050 0.9888 0.0026 0.0036
2842     2842   (0)     29  : 0.0056 0.9766 0.0090 0.0088
2843     2843   (0)     29  : 0.0072 0.9680 0.0192 0.0056
2844     2844   (0)     29  : 0.0034 0.9908 0.0026 0.0032
2845     2845   (0)     29  : 0.0038 0.9890 0.0042 0.0030
2846     2846   (0)     29  : 0.0032 0.9890 0.0038 0.0040
2847     2847   (0)     29  : 0.0034 0.9910 0.0028 0.0028
2848     2848   (0)     29  : 0.0046 0.9890 0.0026 0.0038
2849     2849   (0)     29  : 0.0036 0.9898 0.0030 0.0036
2850     2850   (0)     29  : 0.0044 0.9882 0.0038 0.0036
2851     2851   (0)     29  : 0.0042 0.9860 0.0060 0.0038
2852     2852   (0)     29  : 0.0040 0.9810 0.0084 0.0066
2853     2853   (0)     29  : 0.0032 0.9906 0.0026 0.0036
2854     2854   (0)     29  : 0.0044 0.9880 0.0040 0.0036
2855     2855   (0)     29  : 0.0030 0.9906 0.0026 0.0038
2856     2856   (0)     29  : 0.0046 0.9760 0.0138 0.0056
2857     2857   (0)     29  : 0.0034 0.9858 0.0068 0.0040
2858     2858   (0)     29  : 0.0040 0.9894 0.0028 0.0038
2859     2859   (0)     29  : 0.0034 0.9880 0.0042 0.0044
2860     2860   (0)     29  : 0.0050 0.9858 0.0058 0.0034
2861     2861   (0)     29  : 0.0056 0.9816 0.0086 0.0042
2862     2862   (0)     29  : 0.0052 0.9800 0.0062 0.0086
2863     2863   (0)     29  : 0.0122 0.9784 0.0046 0.0048
2864     2864   (0)     29  : 0.0036 0.9896 0.0028 0.0040
2865     2865   (0)     29  : 0.0036 0.9794 0.0130 0.0040
2866     2866   (0)     29  : 0.0036 0.9866 0.0062 0.0036
2867     2867   (0)     29  : 0.0038 0.9846 0.0052 0.0064
2868     2868   (0)     29  : 0.0036 0.9900 0.0028 0.0036
2869     2869   (0)     29  : 0.0032 0.9908 0.0022 0.0038
2870     2870   (0)     29  : 0.0030 0.9916 0.0026 0.0028
2871     2871   (0)     29  : 0.0052 0.9830 0.0036 0.0082
2872     2872   (0)     29  : 0.0048 0.9742 0.0096 0.0114
2873     2873   (0)     29  : 0.0042 0.9868 0.0046 0.0044
2874     2874   (0)     29  : 0.0034 0.9896 0.0028 0.0042
2875     2875   (0)     29  : 0.0030 0.9922 0.0022 0.0026
2876     2876   (0)     29  : 0.0080 0.9362 0.0448 0.0110
2877     2877   (0)     29  : 0.0036 0.9896 0.0028 0.0040
2878     2878   (0)     29  : 0.0048 0.9882 0.0028 0.0042
2879     2879   (0)     29  : 0.0056 0.9874 0.0028 0.0042
2880     2880   (0)     29  : 0.0042 0.9894 0.0028 0.0036
2881     2881   (0)     29  : 0.0068 0.9762 0.0068 0.0102
2882     2882   (0)     29  : 0.0040 0.9806 0.0108 0.0046
2883     2883   (0)     29  : 0.0032 0.9912 0.0026 0.0030
2884     2884   (0)     29  : 0.0050 0.9874 0.0030 0.0046
2885     2885   (0)     29  : 0.0138 0.9490 0.0200 0.0172
2886     2886   (0)     29  : 0.0050 0.9822 0.0052 0.0076
2887     2887   (0)     29  : 0.0038 0.9880 0.0032 0.0050
2888     2888   (0)     29  : 0.0032 0.9908 0.0022 0.0038
2889     2889   (0)     29  : 0.0038 0.9854 0.0078 0.0030
2890     2890   (0)     29  : 0.0028 0.9914 0.0026 0.0032
2891     2891   (0)     29  : 0.0042 0.9852 0.0064 0.0042
2892     2892   (0)     29  : 0.0034 0.9898 0.0030 0.0038
2893     2893   (0)     29  : 0.0070 0.9790 0.0066 0.0074
2894     2894   (0)     29  : 0.0038 0.9896 0.0026 0.0040
2895     2895   (0)     29  : 0.0042 0.9888 0.0030 0.0040
2896     2896   (0)     29  : 0.0034 0.9900 0.0028 0.0038
2897     2897   (0)     29  : 0.0054 0.9818 0.0064 0.0064
2898     2898   (0)     29  : 0.0052 0.9884 0.0028 0.0036
2899     2899   (0)     29  : 0.0032 0.9902 0.0028 0.0038
2900     2900   (0)     29  : 0.0034 0.9898 0.0028 0.0040
2901     2901   (0)     29  : 0.0038 0.9878 0.0038 0.0046
2902     2902   (0)     29  : 0.0042 0.9880 0.0038 0.0040
2903     2903   (0)     29  : 0.0042 0.9872 0.0040 0.0046
2904     2904   (0)     29  : 0.0038 0.9886 0.0038 0.0038
2905     2905   (0)     29  : 0.0038 0.9880 0.0036 0.0046
2906     2906   (0)     29  : 0.0048 0.9850 0.0060 0.0042
2907     2907   (0)     29  : 0.0042 0.9870 0.0038 0.0050
2908     2908   (0)     29  : 0.0046 0.9860 0.0048 0.0046
2909     2909   (0)     29  : 0.0030 0.9914 0.0026 0.0030
2910     2910   (0)     29  : 0.0030 0.9914 0.0026 0.0030
2911     2911   (0)     29  : 0.0056 0.9760 0.0082 0.0102
2912     2912   (0)     29  : 0.0038 0.9878 0.0030 0.0054
2913     2913   (0)     29  : 0.0034 0.9902 0.0028 0.0036
2914     2914   (0)     29  : 0.0058 0.9858 0.0038 0.0046
2915     2915   (0)     29  : 0.0066 0.9812 0.0050 0.0072
2916     2916   (0)     29  : 0.0036 0.9874 0.0044 0.0046
2917     2917   (0)     29  : 0.0032 0.9902 0.0028 0.0038
2918     2918   (0)     29  : 0.0044 0.9854 0.0056 0.0046
2919     2919   (0)     29  : 0.0040 0.9870 0.0050 0.0040
2920     2920   (0)     29  : 0.0054 0.9778 0.0098 0.0070
2921     2921   (0)     29  : 0.0066 0.9670 0.0180 0.0084
2922     2922   (0)     29  : 0.0030 0.9906 0.0026 0.0038
2923     2923   (0)     29  : 0.0046 0.9844 0.0066 0.0044
2924     2924   (0)     29  : 0.0046 0.9882 0.0026 0.0046
2925     2925   (0)     29  : 0.0030 0.9906 0.0026 0.0038
2926     2926   (5)     30  : 0.0030 0.0046 0.9892 0.0032
2927     2927   (0)     30  : 0.0030 0.0036 0.9898 0.0036
2928     2928   (0)     30  : 0.0044 0.0056 0.9834 0.0066
2929     2929   (0)     30  : 0.0030 0.0026 0.9906 0.0038
2930     2930   (5)     30  : 0.0074 0.0036 0.9764 0.0126
2931     2931   (0)     30  : 0.0028 0.0028 0.9916 0.0028
2932     2932   (0)     30  : 0.0056 0.0038 0.9876 0.0030
2933     2933   (0)     30  : 0.0040 0.0028 0.9886 0.0046
2934     2934   (0)     30  : 0.0038 0.0038 0.9888 0.0036
2935     2935   (0)     30  : 0.0044 0.0030 0.9898 0.0028
2936     2936   (0)     30  : 0.0030 0.0026 0.9914 0.0030
2937     2937   (0)     30  : 0.0030 0.0028 0.9904 0.0038
2938     2938   (5)     30  : 0.0050 0.0036 0.9860 0.0054
2939     2939   (0)     30  : 0.0028 0.0036 0.9908 0.0028
2940     2940   (0)     30  : 0.0038 0.0028 0.9898 0.0036
2941     2941   (0)     30  : 0.0022 0.0026 0.9924 0.0028
2942     2942   (0)     30  : 0.0040 0.0026 0.9878 0.0056
2943     2943   (0)     30  : 0.0028 0.0036 0.9900 0.0036
2944     2944   (0)     30  : 0.0044 0.0078 0.9826 0.0052
2945     2945   (0)     30  : 0.0072 0.0064 0.9670 0.0194
2946     2946   (0)     30  : 0.0034 0.0026 0.9904 0.0036
2947     2947   (0)     30  : 0.0030 0.0036 0.9896 0.0038
2948     2948   (0)     30  : 0.0054 0.0098 0.9738 0.0110
2949     2949   (0)     30  : 0.0096 0.0056 0.9780 0.0068
2950     2950   (0)     30  : 0.0028 0.0032 0.9912 0.0028
2951     2951   (0)     30  : 0.0046 0.0094 0.9782 0.0078
2952     2952   (0)     30  : 0.0030 0.0028 0.9908 0.0034
2953     2953   (0)     31  : 0.0032 0.0034 0.9898 0.0036
2954     2954   (0)     31  : 0.0030 0.0038 0.9892 0.0040
2955     2955   (0)     31  : 0.0048 0.0072 0.9786 0.0094
2956     2956   (0)     31  : 0.0034 0.0034 0.9884 0.0048
2957     2957   (0)     31  : 0.0030 0.0028 0.9920 0.0022
2958     2958   (0)     31  : 0.0032 0.0038 0.9888 0.0042
2959     2959   (0)     31  : 0.0040 0.0022 0.9894 0.0044
2960     2960   (0)     31  : 0.0028 0.0028 0.9910 0.0034
2961     2961   (0)     31  : 0.0030 0.0028 0.9908 0.0034
2962     2962   (0)     31  : 0.0042 0.0036 0.9884 0.0038
2963     2963   (0)     31  : 0.0036 0.0052 0.9874 0.0038
2964     2964   (0)     31  : 0.0058 0.0036 0.9862 0.0044
2965     2965   (0)     31  : 0.0032 0.0044 0.9872 0.0052
2966     2966   (0)     31  : 0.0040 0.0060 0.9848 0.0052
2967     2967   (0)     31  : 0.0052 0.0036 0.9870 0.0042
2968     2968   (0)     31  : 0.0034 0.0058 0.9856 0.0052
2969     2969   (0)     31  : 0.0046 0.0034 0.9864 0.0056
2970     2970   (0)     31  : 0.0062 0.0086 0.9798 0.0054
2971     2971   (0)     31  : 0.0030 0.0028 0.9916 0.0026
2972     2972   (0)     31  : 0.0084 0.0450 0.9368 0.0098
2973     2973   (0)     31  : 0.0038 0.0044 0.9882 0.0036
2974     2974   (0)     31  : 0.0040 0.0034 0.9866 0.0060
2975     2975   (0)     31  : 0.0044 0.0028 0.9898 0.0030
2976     2976   (0)     31  : 0.0040 0.0026 0.9878 0.0056
2977     2977   (0)     31  : 0.0034 0.0048 0.9868 0.0050
2978     2978   (0)     31  : 0.0042 0.0064 0.9860 0.0034
2979     2979   (0)     31  : 0.0052 0.0052 0.9824 0.0072
2980     2980   (0)     31  : 0.0044 0.0026 0.9886 0.0044
2981     2981   (0)     31  : 0.0034 0.0034 0.9882 0.0050
2982     2982   (0)     31  : 0.0040 0.0066 0.9842 0.0052
2983     2983   (0)     31  : 0.0030 0.0028 0.9912 0.0030
2984     2984   (0)     31  : 0.0034 0.0032 0.9892 0.0042
2985     2985   (0)     31  : 0.0046 0.0038 0.9866 0.0050
2986     2986   (0)     31  : 0.0032 0.0054 0.9876 0.0038
2987     2987   (0)     31  : 0.0048 0.0080 0.9808 0.0064
2988     2988   (0)     31  : 0.0030 0.0032 0.9890 0.0048
2989     2989   (0)     31  : 0.0038 0.0026 0.9902 0.0034
2990     2990   (0)     31  : 0.0060 0.0030 0.9872 0.0038
2991     2991   (0)     31  : 0.0038 0.0026 0.9898 0.0038
2992     2992   (0)     31  : 0.0058 0.0028 0.9820 0.0094
2993     2993   (0)     31  : 0.0030 0.0046 0.9890 0.0034
2994     2994   (0)     31  : 0.0040 0.0076 0.9838 0.0046
2995     2995   (0)     31  : 0.0056 0.0036 0.9866 0.0042
2996     2996   (0)     31  : 0.0032 0.0054 0.9870 0.0044
2997     2997   (0)     31  : 0.0038 0.0028 0.9898 0.0036
2998     2998   (0)     31  : 0.0030 0.0042 0.9886 0.0042
2999     2999   (0)     31  : 0.0040 0.0056 0.9860 0.0044
3000     3000   (0)     31  : 0.0036 0.0028 0.9902 0.0034
3001     3001   (0)     31  : 0.0076 0.0056 0.9826 0.0042
3002     3002   (0)     31  : 0.0032 0.0020 0.9920 0.0028
3003     3003   (0)     31  : 0.0032 0.0026 0.9886 0.0056
3004     3004   (0)     31  : 0.0058 0.0048 0.9830 0.0064
3005     3005   (0)     31  : 0.0028 0.0026 0.9918 0.0028
3006     3006   (0)     31  : 0.0048 0.0042 0.9866 0.0044
3007     3007   (0)     31  : 0.0030 0.0026 0.9910 0.0034
3008     3008   (0)     31  : 0.0030 0.0040 0.9892 0.0038
3009     3009   (0)     31  : 0.0062 0.0048 0.9700 0.0190
3010     3010   (0)     31  : 0.0060 0.0026 0.9878 0.0036
3011     3011   (0)     31  : 0.0040 0.0040 0.9876 0.0044
3012     3012   (0)     31  : 0.0042 0.0052 0.9864 0.0042
3013     3013   (0)     31  : 0.0040 0.0054 0.9868 0.0038
3014     3014   (0)     31  : 0.0038 0.0048 0.9884 0.0030
3015     3015   (0)     31  : 0.0042 0.0026 0.9896 0.0036
3016     3016   (0)     31  : 0.0030 0.0050 0.9886 0.0034
3017     3017   (0)     31  : 0.0036 0.0034 0.9888 0.0042
3018     3018   (0)     31  : 0.0036 0.0076 0.9844 0.0044
3019     3019   (0)     31  : 0.0032 0.0044 0.9876 0.0048
3020     3020   (0)     31  : 0.0040 0.0082 0.9830 0.0048
3021     3021   (0)     31  : 0.0038 0.0042 0.9876 0.0044
3022     3022   (0)     31  : 0.0038 0.0060 0.9864 0.0038
3023     3023   (0)     31  : 0.0048 0.0042 0.9844 0.0066
3024     3024   (0)     31  : 0.0036 0.0026 0.9894 0.0044
3025     3025   (0)     31  : 0.0032 0.0028 0.9906 0.0034
3026     3026   (0)     31  : 0.0042 0.0036 0.9880 0.0042
3027     3027   (0)     31  : 0.0030 0.0026 0.9914 0.0030
3028     3028   (0)     31  : 0.0070 0.0060 0.9812 0.0058
3029     3029   (0)     31  : 0.0026 0.0026 0.9920 0.0028
3030     3030   (0)     31  : 0.0044 0.0026 0.9892 0.0038
3031     3031   (0)     31  : 0.0050 0.0030 0.9880 0.0040
3032     3032   (0)     31  : 0.0050 0.0070 0.9804 0.0076
3033     3033   (0)     31  : 0.0050 0.0144 0.9716 0.0090
3034     3034   (0)     31  : 0.0030 0.0026 0.9906 0.0038
3035     3035   (0)     31  : 0.0032 0.0042 0.9890 0.0036
3036     3036   (0)     31  : 0.0042 0.0044 0.9868 0.0046
3037     3037   (0)     31  : 0.0032 0.0026 0.9914 0.0028
3038     3038   (0)     31  : 0.0040 0.0026 0.9886 0.0048
3039     3039   (0)     31  : 0.0038 0.0026 0.9902 0.0034
3040     3040   (0)     31  : 0.0050 0.0074 0.9818 0.0058
3041     3041   (0)     31  : 0.0036 0.0050 0.9860 0.0054
3042     3042   (0)     31  : 0.0040 0.0036 0.9882 0.0042
3043     3043   (0)     31  : 0.0030 0.0026 0.9900 0.0044
3044     3044   (0)     31  : 0.0038 0.0076 0.9826 0.0060
3045     3045   (0)     31  : 0.0042 0.0080 0.9826 0.0052
3046     3046   (0)     31  : 0.0040 0.0060 0.9850 0.0050
3047     3047   (0)     31  : 0.0032 0.0036 0.9888 0.0044
3048     3048   (0)     31  : 0.0036 0.0026 0.9912 0.0026
3049     3049   (0)     31  : 0.0026 0.0026 0.9910 0.0038
3050     3050   (0)     31  : 0.0040 0.0028 0.9866 0.0066
3051     3051   (0)     31  : 0.0028 0.0026 0.9906 0.0040
3052     3052   (0)     31  : 0.0028 0.0028 0.9916 0.0028
3053     3053   (0)     31  : 0.0064 0.0044 0.9798 0.0094
3054     3054   (0)     31  : 0.0038 0.0036 0.9890 0.0036
3055     3055   (0)     31  : 0.0034 0.0026 0.9904 0.0036
3056     3056   (0)     31  : 0.0026 0.0022 0.9924 0.0028
3057     3057   (0)     31  : 0.0026 0.0026 0.9914 0.0034
3058     3058   (0)     31  : 0.0054 0.0056 0.9842 0.0048
3059     3059   (0)     31  : 0.0062 0.0058 0.9842 0.0038
3060     3060   (0)     31  : 0.0042 0.0036 0.9872 0.0050
3061     3061   (0)     31  : 0.0064 0.0046 0.9846 0.0044
3062     3062   (0)     31  : 0.0040 0.0038 0.9894 0.0028
3063     3063   (0)     31  : 0.0044 0.0042 0.9868 0.0046
3064     3064   (0)     31  : 0.0026 0.0026 0.9922 0.0026
3065     3065   (0)     31  : 0.0030 0.0026 0.9908 0.0036
3066     3066   (0)     31  : 0.0030 0.0020 0.9910 0.0040
3067     3067   (0)     31  : 0.0040 0.0048 0.9814 0.0098
3068     3068   (0)     31  : 0.0028 0.0028 0.9906 0.0038
3069     3069   (0)     31  : 0.0036 0.0042 0.9876 0.0046
3070     3070   (0)     31  : 0.0040 0.0038 0.9882 0.0040
3071     3071   (0)     31  : 0.0026 0.0026 0.9914 0.0034
3072     3072   (0)     31  : 0.0026 0.0032 0.9914 0.0028
3073     3073   (0)     31  : 0.0032 0.0048 0.9882 0.0038
3074     3074   (0)     31  : 0.0044 0.0030 0.9876 0.0050
3075     3075   (0)     31  : 0.0052 0.0068 0.9822 0.0058
3076     3076   (0)     31  : 0.0034 0.0028 0.9910 0.0028
3077     3077   (0)     31  : 0.0036 0.0044 0.9882 0.0038
3078     3078   (0)     31  : 0.0032 0.0038 0.9886 0.0044
3079     3079   (0)     31  : 0.0042 0.0028 0.9892 0.0038
3080     3080   (0)     31  : 0.0052 0.0052 0.9838 0.0058
3081     3081   (0)     31  : 0.0040 0.0040 0.9878 0.0042
3082     3082   (0)     31  : 0.0052 0.0108 0.9782 0.0058
3083     3083   (0)     31  : 0.0054 0.0136 0.9728 0.0082
3084     3084   (0)     31  : 0.0040 0.0060 0.9860 0.0040
3085     3085   (0)     31  : 0.0042 0.0052 0.9866 0.0040
3086     3086   (0)     31  : 0.0032 0.0038 0.9896 0.0034
3087     3087   (0)     31  : 0.0026 0.0026 0.9920 0.0028
3088     3088   (0)     31  : 0.0026 0.0022 0.9924 0.0028
3089     3089   (0)     31  : 0.0040 0.0070 0.9838 0.0052
3090     3090   (0)     31  : 0.0056 0.0122 0.9738 0.0084
3091     3091   (0)     31  : 0.0040 0.0066 0.9850 0.0044
3092     3092   (0)     31  : 0.0030 0.0040 0.9890 0.0040
3093     3093   (0)     31  : 0.0052 0.0036 0.9850 0.0062
3094     3094   (0)     31  : 0.0028 0.0034 0.9902 0.0036
3095     3095   (0)     31  : 0.0030 0.0028 0.9904 0.0038
3096     3096   (0)     31  : 0.0032 0.0038 0.9892 0.0038
3097     3097   (0)     31  : 0.0036 0.0026 0.9894 0.0044
3098     3098   (0)     31  : 0.0056 0.0038 0.9852 0.0054
3099     3099   (0)     31  : 0.0030 0.0044 0.9892 0.0034
3100     3100   (0)     31  : 0.0042 0.0036 0.9860 0.0062
3101     3101   (0)     31  : 0.0040 0.0042 0.9876 0.0042
3102     3102   (0)     31  : 0.0052 0.0070 0.9822 0.0056
3103     3103   (0)     31  : 0.0032 0.0044 0.9878 0.0046
3104     3104   (0)     31  : 0.0040 0.0044 0.9864 0.0052
3105     3105   (0)     31  : 0.0026 0.0036 0.9910 0.0028
3106     3106   (0)     31  : 0.0032 0.0028 0.9902 0.0038
3107     3107   (0)     31  : 0.0030 0.0028 0.9904 0.0038
3108     3108   (0)     31  : 0.0032 0.0028 0.9896 0.0044
3109     3109   (0)     31  : 0.0030 0.0034 0.9892 0.0044
3110     3110   (0)     31  : 0.0036 0.0028 0.9882 0.0054
3111     3111   (0)     31  : 0.0048 0.0046 0.9866 0.0040
3112     3112   (0)     31  : 0.0038 0.0058 0.9852 0.0052
3113     3113   (0)     31  : 0.0064 0.0028 0.9850 0.0058
3114     3114   (0)     31  : 0.0040 0.0052 0.9860 0.0048
3115     3115   (0)     31  : 0.0044 0.0036 0.9876 0.0044
3116     3116   (0)     31  : 0.0048 0.0042 0.9856 0.0054
3117     3117   (0)     31  : 0.0028 0.0022 0.9922 0.0028
3118     3118   (0)     31  : 0.0042 0.0026 0.9894 0.0038
3119     3119   (0)     31  : 0.0056 0.0044 0.9848 0.0052
3120     3120   (0)     31  : 0.0040 0.0062 0.9844 0.0054
3121     3121   (0)     31  : 0.0028 0.0026 0.9920 0.0026
3122     3122   (0)     31  : 0.0032 0.0038 0.9892 0.0038
3123     3123   (0)     31  : 0.0026 0.0036 0.9904 0.0034
3124     3124   (0)     31  : 0.0042 0.0054 0.9864 0.0040
3125     3125   (0)     31  : 0.0040 0.0040 0.9870 0.0050
3126     3126   (0)     31  : 0.0040 0.0030 0.9882 0.0048
3127     3127   (0)     31  : 0.0044 0.0022 0.9894 0.0040
3128     3128   (0)     31  : 0.0026 0.0028 0.9918 0.0028
3129     3129   (0)     31  : 0.0042 0.0058 0.9840 0.0060
3130     3130   (0)     31  : 0.0028 0.0034 0.9888 0.0050
3131     3131   (0)     31  : 0.0036 0.0044 0.9864 0.0056
3132     3132   (0)     31  : 0.0032 0.0048 0.9876 0.0044
3133     3133   (0)     31  : 0.0040 0.0028 0.9896 0.0036
3134     3134   (0)     31  : 0.0034 0.0034 0.9890 0.0042
3135     3135   (0)     31  : 0.0032 0.0034 0.9898 0.0036
3136     3136   (0)     31  : 0.0034 0.0048 0.9890 0.0028
3137     3137   (0)     31  : 0.0032 0.0044 0.9876 0.0048
3138     3138   (0)     31  : 0.0036 0.0026 0.9902 0.0036
3139     3139   (0)     31  : 0.0030 0.0036 0.9906 0.0028
3140     3140   (0)     31  : 0.0060 0.0096 0.9746 0.0098
3141     3141   (0)     31  : 0.0030 0.0026 0.9904 0.0040
3142     3142   (0)     31  : 0.0036 0.0028 0.9898 0.0038
3143     3143   (0)     31  : 0.0028 0.0022 0.9924 0.0026
3144     3144   (0)     31  : 0.0052 0.0038 0.9846 0.0064
3145     3145   (0)     31  : 0.0030 0.0028 0.9912 0.0030
3146     3146   (0)     31  : 0.0040 0.0026 0.9900 0.0034
3147     3147   (0)     31  : 0.0032 0.0026 0.9898 0.0044
3148     3148   (0)     31  : 0.0038 0.0038 0.9888 0.0036
3149     3149   (0)     31  : 0.0036 0.0038 0.9896 0.0030
3150     3150   (0)     31  : 0.0040 0.0066 0.9852 0.0042
3151     3151   (0)     31  : 0.0042 0.0038 0.9878 0.0042
3152     3152   (0)     31  : 0.0050 0.0084 0.9792 0.0074
3153     3153   (0)     31  : 0.0032 0.0038 0.9888 0.0042
3154     3154   (0)     31  : 0.0044 0.0038 0.9882 0.0036
3155     3155   (0)     31  : 0.0064 0.0058 0.9786 0.0092
3156     3156   (0)     31  : 0.0036 0.0042 0.9888 0.0034
3157     3157   (0)     31  : 0.0030 0.0040 0.9894 0.0036
3158     3158   (0)     31  : 0.0040 0.0036 0.9874 0.0050
3159     3159   (0)     31  : 0.0028 0.0036 0.9898 0.0038
3160     3160   (0)     31  : 0.0032 0.0026 0.9902 0.0040
3161     3161   (0)     31  : 0.0052 0.0046 0.9834 0.0068
3162     3162   (0)     31  : 0.0030 0.0034 0.9906 0.0030
3163     3163   (0)     31  : 0.0038 0.0036 0.9846 0.0080
3164     3164   (0)     31  : 0.0036 0.0026 0.9896 0.0042
3165     3165   (0)     31  : 0.0034 0.0026 0.9904 0.0036
3166     3166   (0)     31  : 0.0048 0.0048 0.9860 0.0044
3167     3167   (0)     31  : 0.0044 0.0044 0.9842 0.0070
3168     3168   (0)     31  : 0.0028 0.0034 0.9908 0.0030
3169     3169   (0)     31  : 0.0052 0.0030 0.9880 0.0038
3170     3170   (0)     31  : 0.0028 0.0026 0.9916 0.0030
3171     3171   (0)     31  : 0.0036 0.0032 0.9866 0.0066
3172     3172   (0)     31  : 0.0032 0.0026 0.9904 0.0038
3173     3173   (0)     31  : 0.0032 0.0028 0.9900 0.0040
3174     3174   (0)     31  : 0.0030 0.0026 0.9908 0.0036
3175     3175   (0)     31  : 0.0032 0.0028 0.9912 0.0028
3176     3176   (0)     31  : 0.0040 0.0050 0.9858 0.0052
3177     3177   (0)     31  : 0.0048 0.0050 0.9852 0.0050
3178     3178   (0)     31  : 0.0042 0.0038 0.9866 0.0054
3179     3179   (0)     31  : 0.0040 0.0028 0.9886 0.0046
3180     3180   (0)     31  : 0.0030 0.0026 0.9906 0.0038
3181     3181   (0)     31  : 0.0050 0.0030 0.9882 0.0038
3182     3182   (0)     31  : 0.0038 0.0036 0.9882 0.0044
3183     3183   (0)     31  : 0.0028 0.0028 0.9906 0.0038
3184     3184   (0)     31  : 0.0028 0.0026 0.9918 0.0028
3185     3185   (0)     31  : 0.0030 0.0026 0.9918 0.0026
3186     3186   (0)     31  : 0.0042 0.0028 0.9892 0.0038
3187     3187   (0)     31  : 0.0042 0.0044 0.9864 0.0050
3188     3188   (0)     31  : 0.0040 0.0046 0.9872 0.0042
3189     3189   (0)     31  : 0.0044 0.0036 0.9876 0.0044
3190     3190   (0)     31  : 0.0040 0.0042 0.9874 0.0044
3191     3191   (0)     31  : 0.0040 0.0046 0.9870 0.0044
3192     3192   (0)     31  : 0.0048 0.0050 0.9830 0.0072
3193     3193   (0)     31  : 0.0036 0.0040 0.9888 0.0036
3194     3194   (0)     31  : 0.0048 0.0038 0.9876 0.0038
3195     3195   (0)     31  : 0.0042 0.0026 0.9878 0.0054
3196     3196   (0)     31  : 0.0030 0.0044 0.9890 0.0036
3197     3197   (0)     31  : 0.0034 0.0034 0.9888 0.0044
3198     3198   (0)     31  : 0.0038 0.0028 0.9902 0.0032
3199     3199   (0)     31  : 0.0038 0.0040 0.9872 0.0050
3200     3200   (0)     31  : 0.0040 0.0038 0.9876 0.0046
3201     3201   (0)     31  : 0.0046 0.0038 0.9872 0.0044
3202     3202   (0)     31  : 0.0030 0.0026 0.9900 0.0044
3203     3203   (0)     31  : 0.0064 0.0038 0.9858 0.0040
3204     3204   (0)     31  : 0.0040 0.0026 0.9888 0.0046
3205     3205   (0)     31  : 0.0044 0.0028 0.9872 0.0056
3206     3206   (0)     31  : 0.0040 0.0018 0.9912 0.0030
3207     3207   (0)     31  : 0.0036 0.0044 0.9854 0.0066
3208     3208   (0)     31  : 0.0032 0.0028 0.9902 0.0038
3209     3209   (0)     31  : 0.0064 0.0096 0.9782 0.0058
3210     3210   (0)     31  : 0.0060 0.0092 0.9754 0.0094
3211     3211   (0)     31  : 0.0046 0.0048 0.9870 0.0036
3212     3212   (0)     31  : 0.0038 0.0050 0.9876 0.0036
3213     3213   (0)     31  : 0.0042 0.0038 0.9882 0.0038
3214     3214   (0)     31  : 0.0032 0.0036 0.9888 0.0044
3215     3215   (0)     31  : 0.0030 0.0026 0.9906 0.0038
3216     3216   (0)     31  : 0.0032 0.0028 0.9910 0.0030
3217     3217   (0)     31  : 0.0032 0.0026 0.9904 0.0038
3218     3218   (0)     31  : 0.0030 0.0048 0.9882 0.0040
3219     3219   (0)     31  : 0.0050 0.0042 0.9864 0.0044
3220     3220   (0)     31  : 0.0034 0.0028 0.9894 0.0044
3221     3221   (0)     31  : 0.0044 0.0030 0.9892 0.0034
3222     3222   (0)     31  : 0.0028 0.0026 0.9918 0.0028
3223     3223   (0)     31  : 0.0032 0.0036 0.9886 0.0046
3224     3224   (0)     31  : 0.0032 0.0032 0.9890 0.0046
3225     3225   (0)     31  : 0.0038 0.0038 0.9872 0.0052
3226     3226   (0)     31  : 0.0042 0.0074 0.9824 0.0060
3227     3227   (0)     31  : 0.0030 0.0028 0.9906 0.0036
3228     3228   (0)     31  : 0.0046 0.0026 0.9878 0.0050
3229     3229   (0)     31  : 0.0032 0.0040 0.9882 0.0046
3230     3230   (0)     31  : 0.0036 0.0028 0.9902 0.0034
3231     3231   (0)     31  : 0.0032 0.0038 0.9902 0.0028
3232     3232   (0)     31  : 0.0046 0.0052 0.9860 0.0042
3233     3233   (0)     31  : 0.0042 0.0028 0.9892 0.0038
3234     3234   (0)     31  : 0.0062 0.0270 0.9526 0.0142
3235     3235   (0)     31  : 0.0030 0.0028 0.9914 0.0028
3236     3236   (0)     31  : 0.0042 0.0086 0.9826 0.0046
3237     3237   (0)     31  : 0.0040 0.0046 0.9824 0.0090
3238     3238   (0)     31  : 0.0028 0.0028 0.9908 0.0036
3239     3239   (0)     31  : 0.0038 0.0034 0.9890 0.0038
3240     3240   (0)     31  : 0.0056 0.0048 0.9816 0.0080
3241     3241   (0)     31  : 0.0030 0.0026 0.9916 0.0028
3242     3242   (0)     31  : 0.0030 0.0042 0.9884 0.0044
3243     3243   (0)     31  : 0.0040 0.0036 0.9882 0.0042
3244     3244   (0)     31  : 0.0038 0.0102 0.9826 0.0034
3245     3245   (0)     31  : 0.0048 0.0036 0.9836 0.0080
3246     3246   (0)     31  : 0.0032 0.0028 0.9896 0.0044
3247     3247   (0)     31  : 0.0032 0.0038 0.9892 0.0038
3248     3248   (0)     31  : 0.0048 0.0110 0.9746 0.0096
3249     3249   (0)     31  : 0.0034 0.0028 0.9900 0.0038
3250     3250   (0)     31  : 0.0032 0.0042 0.9886 0.0040
3251     3251   (0)     31  : 0.0070 0.0030 0.9848 0.0052
3252     3252   (0)     31  : 0.0036 0.0028 0.9898 0.0038
3253     3253   (0)     32  : 0.1988 0.0034 0.1988 0.5990
3254     3254   (0)     32  : 0.1964 0.0140 0.1958 0.5938
3255     3255   (0)     32  : 0.1970 0.0084 0.1784 0.6162
3256     3256   (0)     32  : 0.1952 0.0040 0.1978 0.6030
3257     3257   (0)     32  : 0.2018 0.0078 0.1708 0.6196
3258     3258   (0)     32  : 0.1782 0.0232 0.2182 0.5804
3259     3259   (0)     32  : 0.1966 0.0100 0.1850 0.6084
3260     3260   (0)     32  : 0.1980 0.0056 0.1856 0.6108
3261     3261   (0)     32  : 0.1990 0.0054 0.1882 0.6074
3262     3262   (0)     32  : 0.1812 0.0256 0.1816 0.6116
3263     3263   (0)     32  : 0.1990 0.0054 0.2014 0.5942
3264     3264   (0)     32  : 0.1992 0.0034 0.1962 0.6012
3265     3265   (0)     32  : 0.2004 0.0070 0.1970 0.5956
3266     3266   (0)     32  : 0.1916 0.0094 0.2090 0.5900
3267     3267   (0)     32  : 0.2002 0.0072 0.1994 0.5932
3268     3268   (0)     32  : 0.1956 0.0180 0.2086 0.5778
3269     3269   (0)     32  : 0.1388 0.0074 0.3196 0.5342
3270     3270   (0)     32  : 0.2070 0.0098 0.2016 0.5816
3271     3271   (0)     32  : 0.1764 0.0510 0.1564 0.6162
3272     3272   (0)     32  : 0.1886 0.0044 0.2130 0.5940
3273     3273   (0)     32  : 0.2006 0.0224 0.2092 0.5678
3274     3274   (0)     32  : 0.1990 0.0304 0.2002 0.5704
3275     3275   (5)     32  : 0.1970 0.0192 0.1966 0.5872
3276     3276   (0)     32  : 0.2006 0.0040 0.2126 0.5828
3277     3277   (0)     32  : 0.1988 0.0198 0.2544 0.5270
3278     3278   (0)     32  : 0.1956 0.0068 0.1896 0.6080
3279     3279   (0)     32  : 0.1946 0.0396 0.1972 0.5686
3280     3280   (0)     32  : 0.1978 0.0082 0.2154 0.5786
3281     3281   (0)     32  : 0.1900 0.0784 0.1642 0.5674
3282     3282   (0)     32  : 0.2002 0.0028 0.2052 0.5918
3283     3283   (5)     32  : 0.2000 0.0050 0.2002 0.5948
3284     3284   (0)     32  : 0.1850 0.0084 0.2590 0.5476
3285     3285   (0)     32  : 0.2006 0.0232 0.1568 0.6194
3286     3286   (0)     32  : 0.2006 0.0032 0.2032 0.5930
3287     3287   (0)     32  : 0.1934 0.0786 0.1720 0.5560
3288     3288   (0)     32  : 0.1870 0.0064 0.1480 0.6586
3289     3289   (5)     32  : 0.1970 0.0102 0.1724 0.6204
3290     3290   (5)     32  : 0.1976 0.0436 0.2224 0.5364
3291     3291   (5)     32  : 0.1996 0.0112 0.2036 0.5856
3292     3292   (5)     32  : 0.2046 0.0160 0.1822 0.5972
3293     3293   (0)     33  : 0.2000 0.0062 0.2014 0.5924
3294     3294   (0)     33  : 0.2028 0.0048 0.1936 0.5988
3295     3295   (0)     33  : 0.1976 0.0072 0.2060 0.5892
3296     3296   (0)     33  : 0.1994 0.0110 0.1980 0.5916
3297     3297   (0)     33  : 0.2008 0.0204 0.1896 0.5892
3298     3298   (0)     33  : 0.1982 0.0060 0.1980 0.5978
3299     3299   (0)     33  : 0.1962 0.0056 0.2322 0.5660
3300     3300   (0)     33  : 0.1964 0.0112 0.1886 0.6038
3301     3301   (0)     33  : 0.2008 0.0060 0.2216 0.5716
3302     3302   (0)     33  : 0.1906 0.0518 0.1876 0.5700
3303     3303   (0)     33  : 0.1832 0.0242 0.1708 0.6218
3304     3304   (0)     33  : 0.1954 0.0112 0.2112 0.5822
3305     3305   (0)     33  : 0.1984 0.0048 0.2038 0.5930
3306     3306   (0)     33  : 0.1940 0.0104 0.2476 0.5480
3307     3307   (0)     33  : 0.2016 0.0044 0.1980 0.5960
3308     3308   (0)     33  : 0.1986 0.0028 0.2108 0.5878
3309     3309   (0)     33  : 0.1970 0.0040 0.2072 0.5918
3310     3310   (0)     33  : 0.2002 0.0398 0.1946 0.5654
3311     3311   (0)     33  : 0.1978 0.0050 0.2044 0.5928
3312     3312   (0)     33  : 0.1788 0.0038 0.3222 0.4952
3313     3313   (0)     33  : 0.1990 0.0032 0.2068 0.5910
3314     3314   (0)     33  : 0.2004 0.0046 0.2062 0.5888
3315     3315   (0)     33  : 0.2032 0.0038 0.1988 0.5942
3316     3316   (0)     33  : 0.1962 0.0070 0.1998 0.5970
3317     3317   (0)     33  : 0.1986 0.0066 0.1620 0.6328
3318     3318   (0)     33  : 0.1960 0.0114 0.2166 0.5760
3319     3319   (0)     33  : 0.2018 0.0080 0.1960 0.5942
3320     3320   (0)     33  : 0.1912 0.0366 0.1900 0.5822
3321     3321   (0)     33  : 0.2022 0.0054 0.2038 0.5886
3322     3322   (0)     33  : 0.2044 0.0060 0.2034 0.5862
3323     3323   (0)     33  : 0.1878 0.0246 0.1150 0.6726
3324     3324   (0)     33  : 0.1792 0.1498 0.1720 0.4990
3325     3325   (0)     33  : 0.2028 0.0076 0.1938 0.5958
3326     3326   (0)     33  : 0.1974 0.0088 0.1974 0.5964
3327     3327   (0)     33  : 0.1918 0.0048 0.2198 0.5836
3328     3328   (0)     33  : 0.2004 0.0074 0.1932 0.5990
3329     3329   (0)     33  : 0.2052 0.0040 0.2018 0.5890
3330     3330   (0)     33  : 0.2120 0.0132 0.1968 0.5780
3331     3331   (0)     33  : 0.1978 0.0096 0.2118 0.5808
3332     3332   (0)     33  : 0.1952 0.0308 0.2116 0.5624
3333     3333   (0)     33  : 0.1898 0.0124 0.1858 0.6120
3334     3334   (0)     33  : 0.2002 0.0032 0.2026 0.5940
3335     3335   (0)     33  : 0.1840 0.0128 0.1836 0.6196
3336     3336   (0)     33  : 0.1876 0.0124 0.2504 0.5496
3337     3337   (0)     33  : 0.2036 0.0064 0.2010 0.5890
3338     3338   (0)     33  : 0.2000 0.0046 0.2026 0.5928
3339     3339   (0)     33  : 0.1998 0.0082 0.2032 0.5888
3340     3340   (0)     33  : 0.2016 0.0056 0.2040 0.5888
3341     3341   (0)     33  : 0.1988 0.0070 0.1646 0.6296
3342     3342   (0)     33  : 0.2020 0.0076 0.1992 0.5912
3343     3343   (0)     33  : 0.2054 0.0074 0.1884 0.5988
3344     3344   (0)     33  : 0.1940 0.0104 0.2074 0.5882
3345     3345   (0)     33  : 0.2002 0.0060 0.2056 0.5882
3346     3346   (0)     33  : 0.2030 0.0050 0.1996 0.5924
3347     3347   (0)     33  : 0.1760 0.0076 0.1184 0.6980
3348     3348   (0)     33  : 0.2078 0.0392 0.2062 0.5468
3349     3349   (0)     33  : 0.1880 0.0754 0.2150 0.5216
3350     3350   (0)     33  : 0.2008 0.0120 0.2448 0.5424
3351     3351   (0)     33  : 0.1904 0.0394 0.1668 0.6034
3352     3352   (0)     33  : 0.1980 0.0068 0.2140 0.5812
3353     3353   (0)     33  : 0.1914 0.0112 0.1330 0.6644
3354     3354   (0)     33  : 0.1460 0.0072 0.1126 0.7342
3355     3355   (0)     33  : 0.1992 0.0080 0.1536 0.6392
3356     3356   (0)     33  : 0.1876 0.0424 0.1730 0.5970
3357     3357   (0)     33  : 0.1968 0.0120 0.2174 0.5738
3358     3358   (0)     33  : 0.1970 0.0136 0.1940 0.5954
3359     3359   (0)     33  : 0.2028 0.0180 0.1932 0.5860
3360     3360   (0)     33  : 0.2020 0.0052 0.2002 0.5926
3361     3361   (0)     33  : 0.1798 0.0170 0.1622 0.6410
3362     3362   (0)     33  : 0.1810 0.0278 0.2180 0.5732
3363     3363   (0)     33  : 0.1996 0.0280 0.1902 0.5822
3364     3364   (0)     33  : 0.1994 0.0092 0.1926 0.5988
3365     3365   (0)     33  : 0.2002 0.0080 0.1922 0.5996
3366     3366   (0)     33  : 0.2072 0.0166 0.1874 0.5888
3367     3367   (0)     33  : 0.1946 0.0132 0.2110 0.5812
3368     3368   (0)     33  : 0.1766 0.0038 0.2839 0.5358
3369     3369   (0)     33  : 0.2002 0.0042 0.2048 0.5908
3370     3370   (0)     33  : 0.1988 0.0044 0.2044 0.5924
3371     3371   (0)     33  : 0.2008 0.0210 0.1896 0.5886
3372     3372   (0)     33  : 0.2014 0.0050 0.2088 0.5848
3373     3373   (0)     33  : 0.2016 0.0072 0.1902 0.6010
3374     3374   (0)     33  : 0.2024 0.0044 0.1976 0.5956
3375     3375   (0)     33  : 0.1866 0.0160 0.1756 0.6218
3376     3376   (0)     33  : 0.2150 0.0066 0.2086 0.5698
3377     3377   (0)     33  : 0.1940 0.0082 0.1632 0.6346
3378     3378   (0)     33  : 0.1938 0.0414 0.1972 0.5676
3379     3379   (0)     33  : 0.1992 0.0040 0.2022 0.5946
3380     3380   (0)     33  : 0.1966 0.0054 0.1750 0.6230
3381     3381   (0)     33  : 0.1626 0.0142 0.4293 0.3939
3382     3382   (0)     33  : 0.1970 0.0332 0.1796 0.5902
3383     3383   (0)     33  : 0.1944 0.0188 0.1796 0.6072
3384     3384   (0)     33  : 0.1968 0.0054 0.1850 0.6128
3385     3385   (0)     33  : 0.1780 0.0088 0.1552 0.6580
3386     3386   (0)     33  : 0.2038 0.0104 0.1926 0.5932
3387     3387   (0)     33  : 0.2050 0.0034 0.1984 0.5932
3388     3388   (0)     33  : 0.1954 0.0244 0.1816 0.5986
3389     3389   (0)     33  : 0.1972 0.0134 0.1950 0.5944
3390     3390   (0)     33  : 0.2002 0.0038 0.2032 0.5928
3391     3391   (0)     33  : 0.2036 0.0034 0.2022 0.5908
3392     3392   (0)     33  : 0.2048 0.0334 0.1928 0.5690
3393     3393   (0)     33  : 0.2022 0.0126 0.1820 0.6032
3394     3394   (0)     33  : 0.1872 0.0058 0.1988 0.6082
3395     3395   (0)     33  : 0.1946 0.0106 0.2046 0.5902
3396     3396   (0)     33  : 0.1982 0.0050 0.2036 0.5932
3397     3397   (0)     33  : 0.1938 0.0034 0.2388 0.5640
3398     3398   (0)     33  : 0.1968 0.0062 0.1888 0.6082
3399     3399   (0)     33  : 0.1964 0.0248 0.2100 0.5688
3400     3400   (0)     33  : 0.1996 0.0096 0.2142 0.5766
3401     3401   (0)     33  : 0.1902 0.0158 0.1668 0.6272
3402     3402   (0)     33  : 0.1910 0.0068 0.2268 0.5754
3403     3403   (0)     33  : 0.2042 0.0046 0.2014 0.5898
3404     3404   (0)     33  : 0.2020 0.0054 0.1828 0.6098
3405     3405   (0)     33  : 0.1990 0.0154 0.2064 0.5792
3406     3406   (0)     33  : 0.1568 0.0044 0.3818 0.4570
3407     3407   (0)     33  : 0.2020 0.0080 0.1972 0.5928
3408     3408   (0)     33  : 0.1860 0.1142 0.1956 0.5042
3409     3409   (0)     33  : 0.1978 0.0098 0.1958 0.5966
3410     3410   (0)     33  : 0.2000 0.0080 0.1864 0.6056
3411     3411   (0)     33  : 0.1996 0.0100 0.1954 0.5950
3412     3412   (0)     33  : 0.2024 0.0078 0.2174 0.5724
3413     3413   (0)     33  : 0.1976 0.0170 0.2048 0.5806
3414     3414   (0)     33  : 0.1960 0.0050 0.2222 0.5768
3415     3415   (0)     33  : 0.1962 0.0076 0.1824 0.6138
3416     3416   (0)     33  : 0.1902 0.0338 0.1882 0.5878
3417     3417   (0)     33  : 0.1096 0.0078 0.1456 0.7370
3418     3418   (0)     33  : 0.1716 0.0056 0.1536 0.6692
3419     3419   (0)     33  : 0.1842 0.1329 0.1425 0.5404
3420     3420   (0)     33  : 0.1984 0.0094 0.1848 0.6074
3421     3421   (0)     33  : 0.2000 0.0086 0.1968 0.5946
3422     3422   (0)     33  : 0.1782 0.0060 0.1866 0.6292
3423     3423   (0)     33  : 0.1888 0.0480 0.2206 0.5426
3424     3424   (0)     33  : 0.2028 0.0058 0.2024 0.5890
3425     3425   (0)     33  : 0.1866 0.0244 0.2030 0.5860
3426     3426   (0)     33  : 0.1938 0.0042 0.2142 0.5878
3427     3427   (0)     33  : 0.1986 0.0042 0.2050 0.5922
3428     3428   (0)     33  : 0.1962 0.0116 0.1942 0.5980
3429     3429   (0)     33  : 0.1944 0.0120 0.2064 0.5872
3430     3430   (0)     33  : 0.1978 0.0060 0.1614 0.6348
3431     3431   (0)     33  : 0.1944 0.0050 0.2160 0.5846
3432     3432   (0)     33  : 0.1996 0.0046 0.1922 0.6036
3433     3433   (0)     33  : 0.2002 0.0122 0.1820 0.6056
3434     3434   (0)     33  : 0.2004 0.0464 0.1904 0.5628
3435     3435   (0)     33  : 0.1784 0.0082 0.1740 0.6394
3436     3436   (0)     33  : 0.1996 0.0036 0.2046 0.5922
3437     3437   (0)     33  : 0.1868 0.0106 0.2556 0.5470
3438     3438   (0)     33  : 0.2016 0.0070 0.1932 0.5982
3439     3439   (0)     33  : 0.1978 0.0094 0.2056 0.5872
3440     3440   (0)     33  : 0.2006 0.0066 0.2000 0.5928
3441     3441   (0)     33  : 0.2000 0.0072 0.1992 0.5936
3442     3442   (0)     33  : 0.2024 0.0030 0.2066 0.5880
3443     3443   (0)     33  : 0.1942 0.0278 0.1844 0.5936
3444     3444   (0)     33  : 0.1958 0.0042 0.2848 0.5152
3445     3445   (0)     33  : 0.1886 0.0038 0.2340 0.5736
3446     3446   (0)     33  : 0.1994 0.0054 0.1960 0.5992
3447     3447   (0)     33  : 0.2020 0.0094 0.1950 0.5936
3448     3448   (0)     33  : 0.2030 0.0058 0.1588 0.6324
3449     3449   (0)     33  : 0.1948 0.0046 0.1636 0.6370
3450     3450   (0)     33  : 0.1990 0.0112 0.1858 0.6040
3451     3451   (0)     33  : 0.1926 0.0034 0.2240 0.5800
3452     3452   (0)     33  : 0.1976 0.0088 0.2110 0.5826
3453     3453   (0)     33  : 0.2000 0.0126 0.1974 0.5900
3454     3454   (0)     33  : 0.1976 0.0164 0.1898 0.5962
3455     3455   (0)     33  : 0.1918 0.0128 0.2084 0.5870
3456     3456   (0)     33  : 0.1984 0.0554 0.1796 0.5666
3457     3457   (0)     33  : 0.1964 0.0064 0.2066 0.5906
3458     3458   (0)     33  : 0.1926 0.0496 0.1916 0.5662
3459     3459   (0)     33  : 0.2004 0.0034 0.2076 0.5886
3460     3460   (0)     33  : 0.2008 0.0070 0.1990 0.5932
3461     3461   (0)     33  : 0.1912 0.0368 0.1974 0.5746
3462     3462   (0)     33  : 0.1976 0.0046 0.2200 0.5778
3463     3463   (0)     33  : 0.2028 0.0138 0.1970 0.5864
3464     3464   (0)     33  : 0.2002 0.0078 0.1922 0.5998
3465     3465   (0)     33  : 0.2040 0.0088 0.1972 0.5900
3466     3466   (0)     33  : 0.1982 0.0072 0.2122 0.5824
3467     3467   (0)     33  : 0.1994 0.0056 0.1954 0.5996
3468     3468   (0)     33  : 0.2012 0.0118 0.1936 0.5934
3469     3469   (0)     33  : 0.2100 0.0092 0.2162 0.5646
3470     3470   (0)     33  : 0.1986 0.0142 0.2146 0.5726
3471     3471   (0)     33  : 0.1900 0.0610 0.1634 0.5856
3472     3472   (0)     33  : 0.2054 0.0114 0.2010 0.5822
3473     3473   (0)     33  : 0.2012 0.0204 0.2010 0.5774
3474     3474   (0)     33  : 0.1908 0.0126 0.1812 0.6154
3475     3475   (0)     33  : 0.1954 0.0064 0.1712 0.6270
3476     3476   (0)     33  : 0.1982 0.0028 0.2110 0.5880
3477     3477   (0)     33  : 0.1950 0.0066 0.2474 0.5510
3478     3478   (0)     33  : 0.2008 0.0042 0.2002 0.5948
3479     3479   (0)     33  : 0.1962 0.0128 0.1403 0.6507
3480     3480   (0)     33  : 0.1890 0.0046 0.2250 0.5814
3481     3481   (0)     33  : 0.1962 0.0394 0.1778 0.5866
3482     3482   (0)     33  : 0.2088 0.0068 0.2060 0.5784
3483     3483   (0)     33  : 0.1982 0.0098 0.1876 0.6044
3484     3484   (0)     33  : 0.1924 0.0046 0.1820 0.6210
3485     3485   (0)     33  : 0.2018 0.0064 0.1960 0.5958
3486     3486   (0)     33  : 0.1942 0.0032 0.1900 0.6126
3487     3487   (0)     33  : 0.1704 0.0106 0.0743 0.7447
3488     3488   (0)     33  : 0.1748 0.0288 0.1744 0.6220
3489     3489   (0)     33  : 0.1668 0.0038 0.2056 0.6238
3490     3490   (0)     33  : 0.1996 0.0070 0.2044 0.5890
3491     3491   (0)     33  : 0.2004 0.0042 0.2018 0.5936
3492     3492   (0)     33  : 0.1992 0.0068 0.2010 0.5930
3493     3493   (0)     33  : 0.1992 0.0046 0.2052 0.5910
3494     3494   (0)     33  : 0.2006 0.0126 0.1992 0.5876
3495     3495   (0)     33  : 0.1958 0.0366 0.1876 0.5800
3496     3496   (0)     33  : 0.1992 0.0072 0.2028 0.5908
3497     3497   (0)     33  : 0.1998 0.0050 0.1916 0.6036
3498     3498   (0)     33  : 0.1904 0.0090 0.2634 0.5372
3499     3499   (0)     33  : 0.1958 0.0102 0.2244 0.5696
3500     3500   (0)     33  : 0.2074 0.0050 0.1986 0.5890
3501     3501   (0)     33  : 0.1944 0.0266 0.1920 0.5870
3502     3502   (0)     33  : 0.2012 0.0130 0.1918 0.5940
3503     3503   (0)     33  : 0.2010 0.0120 0.1956 0.5914
3504     3504   (0)     33  : 0.2024 0.0064 0.2008 0.5904
3505     3505   (0)     33  : 0.1988 0.0104 0.1968 0.5940
3506     3506   (0)     33  : 0.1990 0.0054 0.1974 0.5982
3507     3507   (0)     33  : 0.1914 0.0152 0.1912 0.6022
3508     3508   (0)     33  : 0.2002 0.0088 0.1980 0.5930
3509     3509   (0)     33  : 0.1826 0.0294 0.2256 0.5624
3510     3510   (0)     33  : 0.1838 0.0072 0.2780 0.5310
3511     3511   (0)     33  : 0.1908 0.0044 0.1990 0.6058
3512     3512   (0)     33  : 0.1984 0.0052 0.1988 0.5976
3513     3513   (0)     33  : 0.2048 0.0094 0.2030 0.5828
3514     3514   (0)     33  : 0.1970 0.0126 0.1994 0.5910
3515     3515   (0)     33  : 0.1992 0.0030 0.2076 0.5902
3516     3516   (0)     33  : 0.1952 0.0342 0.1762 0.5944
3517     3517   (0)     33  : 0.1998 0.0046 0.1942 0.6014
3518     3518   (0)     33  : 0.1988 0.0042 0.2006 0.5964
3519     3519   (0)     33  : 0.2008 0.0040 0.1982 0.5970
3520     3520   (0)     33  : 0.1960 0.0044 0.2168 0.5828
3521     3521   (0)     33  : 0.1650 0.0088 0.2908 0.5354
3522     3522   (0)     33  : 0.1922 0.0390 0.2151 0.5538
3523     3523   (0)     33  : 0.1862 0.0054 0.2594 0.5490
3524     3524   (0)     33  : 0.2018 0.0102 0.2084 0.5796
3525     3525   (0)     33  : 0.1990 0.0036 0.1908 0.6066
3526     3526   (0)     33  : 0.2036 0.0850 0.1526 0.5588
3527     3527   (0)     33  : 0.1970 0.0062 0.1988 0.5980
3528     3528   (0)     33  : 0.1956 0.0092 0.1872 0.6080
3529     3529   (0)     33  : 0.1898 0.0168 0.2010 0.5924
3530     3530   (0)     33  : 0.1956 0.0512 0.2202 0.5330
3531     3531   (0)     33  : 0.2018 0.0162 0.1772 0.6048
3532     3532   (0)     33  : 0.1992 0.0048 0.2036 0.5924
3533     3533   (0)     33  : 0.1776 0.0068 0.1832 0.6324
3534     3534   (0)     33  : 0.1900 0.0310 0.1772 0.6018
3535     3535   (0)     33  : 0.2004 0.0106 0.1878 0.6012
3536     3536   (0)     33  : 0.2026 0.0052 0.1920 0.6002
3537     3537   (0)     33  : 0.1984 0.0044 0.2072 0.5900
3538     3538   (0)     33  : 0.1978 0.0072 0.2290 0.5660
3539     3539   (0)     33  : 0.1962 0.0074 0.1946 0.6018
3540     3540   (0)     33  : 0.1996 0.0124 0.1922 0.5958
3541     3541   (0)     33  : 0.1974 0.0128 0.1902 0.5996
3542     3542   (0)     33  : 0.1958 0.0256 0.1998 0.5788
3543     3543   (0)     33  : 0.2062 0.0118 0.1958 0.5862
3544     3544   (0)     33  : 0.2010 0.0088 0.1976 0.5926
3545     3545   (0)     33  : 0.2014 0.0086 0.1754 0.6146
3546     3546   (0)     33  : 0.2012 0.0064 0.1964 0.5960
3547     3547   (0)     33  : 0.2014 0.0318 0.2078 0.5590
3548     3548   (0)     33  : 0.1968 0.0108 0.1964 0.5960
3549     3549   (0)     33  : 0.1802 0.0050 0.3066 0.5082
3550     3550   (0)     33  : 0.1950 0.0082 0.2074 0.5894
3551     3551   (0)     33  : 0.2018 0.0640 0.1804 0.5538
3552     3552   (0)     33  : 0.2030 0.0070 0.1960 0.5940
3553     3553   (0)     33  : 0.1920 0.0074 0.2118 0.5888
3554     3554   (0)     33  : 0.1954 0.0332 0.1922 0.5792
3555     3555   (0)     33  : 0.1910 0.1204 0.1444 0.5442
3556     3556   (0)     33  : 0.1962 0.0208 0.1616 0.6214
3557     3557   (0)     33  : 0.1964 0.0082 0.1916 0.6038
3558     3558   (0)     33  : 0.1876 0.0294 0.1570 0.6260
3559     3559   (0)     33  : 0.2106 0.0110 0.2030 0.5754
3560     3560   (0)     33  : 0.1914 0.0704 0.1726 0.5656
3561     3561   (0)     33  : 0.1457 0.0110 0.0536 0.7897
3562     3562   (0)     33  : 0.1986 0.0040 0.2008 0.5966
3563     3563   (0)     33  : 0.2002 0.0054 0.2028 0.5916
3564     3564   (0)     33  : 0.1894 0.0306 0.1678 0.6122
3565     3565   (0)     33  : 0.2014 0.0062 0.2140 0.5784
3566     3566   (0)     33  : 0.1986 0.0042 0.2020 0.5952
3567     3567   (0)     33  : 0.1724 0.0078 0.1379 0.6819
3568     3568   (0)     33  : 0.1976 0.0498 0.1604 0.5922
3569     3569   (0)     33  : 0.1998 0.0162 0.1866 0.5974
3570     3570   (0)     33  : 0.2004 0.0118 0.1838 0.6040
3571     3571   (0)     33  : 0.2008 0.0068 0.2110 0.5814
3572     3572   (0)     33  : 0.1726 0.0078 0.2950 0.5246
3573     3573   (0)     33  : 0.1864 0.0682 0.1665 0.5788
3574     3574   (0)     33  : 0.1944 0.0250 0.2180 0.5626
3575     3575   (0)     33  : 0.2046 0.0040 0.1748 0.6166
3576     3576   (0)     33  : 0.2034 0.0220 0.1952 0.5794
3577     3577   (0)     33  : 0.1980 0.0068 0.2170 0.5782
3578     3578   (0)     33  : 0.1954 0.0208 0.1894 0.5944
3579     3579   (0)     33  : 0.1984 0.0060 0.1968 0.5988
3580     3580   (0)     33  : 0.1980 0.0050 0.2048 0.5922
3581     3581   (0)     33  : 0.1954 0.0084 0.2368 0.5594
3582     3582   (0)     33  : 0.1964 0.0078 0.2348 0.5610
3583     3583   (0)     33  : 0.2010 0.0200 0.1962 0.5828
3584     3584   (0)     33  : 0.2152 0.0110 0.1465 0.6273
3585     3585   (0)     33  : 0.1956 0.0110 0.1992 0.5942
3586     3586   (0)     33  : 0.1892 0.0074 0.2601 0.5433
3587     3587   (0)     33  : 0.1988 0.0042 0.2026 0.5944
3588     3588   (0)     33  : 0.1998 0.0172 0.1912 0.5918
3589     3589   (0)     33  : 0.1978 0.0048 0.1966 0.6008
3590     3590   (0)     33  : 0.1922 0.0268 0.3090 0.4720
3591     3591   (0)     33  : 0.2006 0.0084 0.1950 0.5960
3592     3592   (0)     33  : 0.1826 0.0084 0.2220 0.5870
