       M1EL5  1 0.0043 0.0044 0.9334 0.0059 0.0031 0.0061 0.0429 
       W26T6  1 0.0055 0.0105 0.2368 0.0034 0.0082 0.0064 0.7292 
       W26XX  1 0.0035 0.0029 0.6563 0.0034 0.0024 0.0039 0.3275 
       M013P  1 0.0032 0.0021 0.7732 0.0047 0.0034 0.0031 0.2103 
       M1ELA  1 0.0373 0.0077 0.8737 0.0116 0.0112 0.0216 0.0369 
       M2C73  1 0.0034 0.0037 0.3299 0.0047 0.0032 0.0051 0.6500 
       W23P4  1 0.0083 0.0753 0.3099 0.0023 0.0066 0.0077 0.5901 
       W247C  1 0.0027 0.0024 0.9219 0.0034 0.0029 0.0024 0.0643 
       W24K1  1 0.0018 0.0025 0.6783 0.0025 0.0026 0.0022 0.3102 
       W24ME  1 0.0038 0.0104 0.0085 0.0029 0.0050 0.0051 0.9644 
       W2514  1 0.0041 0.0048 0.0525 0.0021 0.0033 0.0037 0.9295 
       W26MA  1 0.0047 0.0078 0.5114 0.0034 0.0075 0.0037 0.4615 
       W26MM  1 0.0024 0.0030 0.5505 0.0021 0.0058 0.0021 0.4343 
       W26MU  1 0.0043 0.0045 0.9246 0.0052 0.0033 0.0021 0.0560 
       W26P0  1 0.0047 0.0047 0.8557 0.0026 0.0028 0.0022 0.1274 
       W26P3  1 0.0042 0.0020 0.9463 0.0036 0.0025 0.0023 0.0390 
       W26T5  1 0.0024 0.0026 0.3052 0.0017 0.0021 0.0020 0.6840 
       W26TE  1 0.0107 0.0076 0.8183 0.0035 0.0052 0.0176 0.1372 
       W26TF  1 0.0021 0.0022 0.9435 0.0032 0.0094 0.0061 0.0336 
       W26U8  1 0.0110 0.0107 0.1242 0.0052 0.0064 0.0090 0.8335 
       W26UJ  1 0.0023 0.0026 0.9585 0.0024 0.0049 0.0016 0.0276 
       W26UK  1 0.0023 0.0019 0.9658 0.0056 0.0017 0.0024 0.0203 
       W26UT  1 0.0019 0.0024 0.4240 0.0046 0.0024 0.0064 0.5581 
       W26XT  1 0.0043 0.0026 0.8396 0.0099 0.0067 0.0076 0.1293 
      CC06H2  1 0.0041 0.0144 0.8638 0.0033 0.0077 0.0040 0.1026 
      CC06H4  1 0.0027 0.0036 0.7995 0.0037 0.0056 0.0026 0.1823 
      CC06H5  1 0.0162 0.0322 0.7863 0.0032 0.0050 0.0190 0.1381 
      CC06H6  1 0.0110 0.0040 0.4105 0.0051 0.0018 0.0052 0.5623 
      CC06HE  1 0.0034 0.0027 0.6346 0.0081 0.0026 0.0053 0.3433 
      CC06HF  1 0.0038 0.0113 0.2315 0.0084 0.0072 0.0170 0.7208 
      CC06HH  1 0.0026 0.0025 0.0884 0.0030 0.0021 0.0059 0.8954 
      CC06HJ  1 0.0167 0.0036 0.0133 0.0032 0.0065 0.0030 0.9537 
      CC06HL  1 0.0047 0.0020 0.2007 0.0023 0.0024 0.0032 0.7847 
      CC06HP  1 0.0019 0.0021 0.8504 0.0043 0.0020 0.0031 0.1361 
      CC06HT  1 0.0100 0.0091 0.8768 0.0044 0.0051 0.0662 0.0284 
      CC06HU  1 0.0283 0.0025 0.5367 0.0032 0.0030 0.0044 0.4218 
      CC06HY  1 0.0063 0.0077 0.8157 0.0033 0.0060 0.0054 0.1557 
      CC06J0  1 0.0025 0.0039 0.9610 0.0023 0.0067 0.0031 0.0205 
      CC06J1  1 0.0086 0.0066 0.1851 0.0027 0.0067 0.0035 0.7869 
      CC06J2  1 0.0044 0.0033 0.5535 0.0060 0.0043 0.0097 0.4188 
     CT.0YCY  1 0.0036 0.0030 0.0162 0.0027 0.0032 0.0034 0.9680 
     CT.0YEC  1 0.0021 0.0019 0.8610 0.0031 0.0021 0.0024 0.1274 
     CT.0YEF  1 0.0032 0.0029 0.0136 0.0027 0.0023 0.0024 0.9729 
     CT.0YEU  1 0.0023 0.0023 0.9310 0.0018 0.0018 0.0019 0.0590 
     CT.0YF2  1 0.0087 0.0063 0.8616 0.0028 0.0051 0.0027 0.1127 
     CT.0YF8  1 0.0026 0.0022 0.1185 0.0065 0.0016 0.0043 0.8643 
     CT.0YFA  1 0.0033 0.0038 0.0341 0.0040 0.0017 0.0031 0.9499 
     CT.0YFE  1 0.0038 0.0045 0.1259 0.0085 0.0028 0.0059 0.8485 
     CT.0YFP  1 0.0025 0.0046 0.1269 0.0021 0.0124 0.0020 0.8494 
     CT.0YFU  1 0.0028 0.0031 0.0088 0.0037 0.0027 0.0028 0.9761 
     CT.0YK7  1 0.0025 0.0043 0.0106 0.0026 0.0068 0.0038 0.9694 
     CX.10PT  1 0.0049 0.0124 0.6007 0.0073 0.0232 0.0082 0.3432 
      DAM021  1 0.0031 0.0043 0.1088 0.0113 0.0027 0.0054 0.8645 
      DAM034  1 0.0044 0.0058 0.0154 0.0033 0.0018 0.0030 0.9662 
      DAM07X  1 0.0036 0.0053 0.9398 0.0034 0.0026 0.0030 0.0424 
     EF.15J6  1 0.0048 0.0025 0.3753 0.0048 0.0023 0.0032 0.6070 
      HRV010  1 0.0095 0.0028 0.7910 0.0030 0.0048 0.0030 0.1859 
      HRV02J  1 0.0065 0.0048 0.8637 0.0057 0.0033 0.0036 0.1124 
      HRV078  1 0.0027 0.0046 0.4757 0.0072 0.0043 0.0043 0.5011 
      HRV0FH  1 0.0029 0.0042 0.5170 0.0020 0.0023 0.0019 0.4697 
      HRV0H5  1 0.0040 0.0042 0.3320 0.0052 0.0031 0.0063 0.6452 
      HRV0JF  1 0.0029 0.0053 0.0233 0.0033 0.0025 0.0034 0.9593 
      HRV0JJ  1 0.0041 0.0045 0.0298 0.0022 0.0029 0.0032 0.9533 
      HRV0JM  1 0.0031 0.0037 0.4450 0.0032 0.0024 0.0053 0.5373 
      HRV0K6  1 0.0246 0.0105 0.4820 0.0022 0.0213 0.0055 0.4540 
      HRV0K7  1 0.0065 0.0024 0.7035 0.0049 0.0025 0.0075 0.2726 
      HRV0KP  1 0.0090 0.0046 0.8690 0.0118 0.0122 0.0038 0.0897 
      HRV1AX  1 0.0068 0.0176 0.8692 0.0142 0.0033 0.0077 0.0811 
      HRV1C4  1 0.0026 0.0055 0.9534 0.0017 0.0021 0.0027 0.0320 
      HRV1CH  1 0.0034 0.0032 0.0433 0.0042 0.0027 0.0021 0.9412 
      HRV1FA  1 0.0089 0.0046 0.2446 0.0057 0.0035 0.0115 0.7212 
      HRV1FK  1 0.0032 0.0051 0.8885 0.0023 0.0078 0.0044 0.0887 
      HRV1H8  1 0.0036 0.0039 0.9243 0.0038 0.0024 0.0186 0.0435 
      HRV1HT  1 0.0056 0.0070 0.8267 0.0052 0.0056 0.0042 0.1457 
      HRV1XU  1 0.0024 0.0037 0.9604 0.0027 0.0132 0.0061 0.0116 
      HRV4TF  1 0.0032 0.0024 0.8060 0.1354 0.0035 0.0059 0.0436 
      HRV6F0  1 0.0030 0.0034 0.8512 0.0221 0.0041 0.0032 0.1131 
      HRVE6L  1 0.0073 0.0061 0.9101 0.0203 0.0058 0.0113 0.0391 
       M27HM  1 0.0074 0.0124 0.9386 0.0052 0.0023 0.0094 0.0248 
       M27HP  1 0.0027 0.0025 0.8888 0.0033 0.0025 0.0022 0.0981 
       M2AK4  1 0.0021 0.0023 0.0254 0.0029 0.0026 0.0022 0.9624 
       M2ALA  1 0.0019 0.0022 0.0533 0.0018 0.0027 0.0022 0.9359 
       M2C56  1 0.0047 0.0051 0.2953 0.0338 0.0032 0.0031 0.6548 
       M2CUX  1 0.0078 0.0083 0.0815 0.0024 0.0087 0.0039 0.8874 
       M2E24  1 0.0032 0.0025 0.1944 0.0018 0.0022 0.0028 0.7932 
       M2EA7  1 0.0023 0.0029 0.3412 0.0024 0.0030 0.0030 0.6451 
       M2EH6  1 0.0060 0.0030 0.6073 0.0043 0.0026 0.0032 0.3737 
       M2EKC  1 0.0069 0.0067 0.7622 0.1483 0.0085 0.0114 0.0559 
      MSV083  1 0.0069 0.0032 0.0508 0.0091 0.0195 0.0036 0.9069 
      MSV084  1 0.0152 0.0059 0.7917 0.0078 0.0028 0.0045 0.1721 
      MSV0LJ  1 0.0034 0.0041 0.9672 0.0051 0.0031 0.0051 0.0120 
      MSV1H5  1 0.0188 0.0079 0.0126 0.0045 0.0028 0.0064 0.9469 
      MSV1KM  1 0.0022 0.0025 0.9429 0.0032 0.0022 0.0024 0.0444 
      MSV23F  1 0.0036 0.0029 0.8785 0.0118 0.0081 0.0067 0.0884 
      MSV2L8  1 0.0022 0.0030 0.9501 0.0039 0.0032 0.0024 0.0352 
      MSV2P7  1 0.0022 0.0032 0.8485 0.0018 0.0030 0.0023 0.1390 
      MSV2TJ  1 0.0059 0.0082 0.2418 0.0149 0.0020 0.0021 0.7251 
      MSV2XM  1 0.0040 0.0040 0.5752 0.0031 0.0044 0.0083 0.4009 
      MSV327  1 0.0043 0.0030 0.2805 0.0026 0.0037 0.0027 0.7031 
      MSV33L  1 0.0027 0.0023 0.9063 0.0025 0.0021 0.0021 0.0820 
        h001  2 0.0067 0.0048 0.8330 0.0174 0.0025 0.0052 0.1304 
        h002  2 0.0042 0.0046 0.5548 0.0040 0.0178 0.0030 0.4117 
        h003  2 0.0039 0.0025 0.2878 0.0022 0.0034 0.0027 0.6976 
        h004  2 0.0049 0.0025 0.2431 0.0065 0.0017 0.0027 0.7386 
        h005  2 0.0027 0.0025 0.9267 0.0025 0.0109 0.0037 0.0510 
        h006  2 0.0025 0.0042 0.9378 0.0140 0.0020 0.0028 0.0366 
        h007  2 0.0047 0.0025 0.8393 0.0062 0.0017 0.0042 0.1414 
        h008  2 0.0039 0.0025 0.9553 0.0183 0.0030 0.0038 0.0131 
        h009  2 0.0036 0.0061 0.9175 0.0024 0.0030 0.0025 0.0649 
        h010  2 0.0025 0.0033 0.9319 0.0023 0.0032 0.0030 0.0538 
        h011  2 0.0026 0.0043 0.9182 0.0063 0.0025 0.0038 0.0623 
        h012  2 0.0029 0.0022 0.0822 0.0022 0.0028 0.0038 0.9040 
        h013  2 0.0029 0.0028 0.0128 0.0033 0.0024 0.0029 0.9729 
        h014  2 0.0031 0.0030 0.6605 0.0069 0.0019 0.0027 0.3219 
        h015  2 0.0028 0.0026 0.0630 0.0065 0.0029 0.0035 0.9187 
        h016  2 0.0089 0.0063 0.1129 0.0037 0.0061 0.0147 0.8473 
        h017  2 0.0027 0.0026 0.1652 0.0030 0.0089 0.0040 0.8137 
        h018  2 0.0027 0.0048 0.5644 0.0037 0.0033 0.0074 0.4137 
        h019  2 0.0104 0.0149 0.4315 0.0040 0.0057 0.0041 0.5294 
        h020  2 0.0223 0.0135 0.3005 0.0035 0.0030 0.0066 0.6506 
        h021  2 0.0045 0.0045 0.8296 0.0026 0.0069 0.0023 0.1496 
        h022  2 0.0046 0.0096 0.2954 0.0046 0.0035 0.0075 0.6748 
        h023  2 0.0059 0.0029 0.9447 0.0095 0.0025 0.0079 0.0267 
        h024  2 0.0022 0.0027 0.8584 0.0020 0.0045 0.0025 0.1277 
        h025  2 0.0024 0.0032 0.9737 0.0021 0.0028 0.0023 0.0135 
        h026  2 0.0034 0.0028 0.0301 0.0023 0.0020 0.0037 0.9558 
        h027  2 0.0071 0.0062 0.2282 0.0055 0.0068 0.0084 0.7379 
        h028  2 0.0031 0.0042 0.0208 0.0051 0.0056 0.0043 0.9569 
        h029  2 0.0042 0.0053 0.8589 0.0122 0.0049 0.0062 0.1083 
        h030  2 0.0033 0.0039 0.0332 0.0046 0.0061 0.0048 0.9443 
        h031  2 0.0071 0.0041 0.7443 0.0066 0.0063 0.0060 0.2256 
        h032  2 0.0026 0.0080 0.6575 0.0030 0.0033 0.0031 0.3225 
        h033  2 0.0305 0.0115 0.1832 0.0295 0.0031 0.0091 0.7331 
        h034  2 0.0153 0.0051 0.9053 0.0257 0.0024 0.0073 0.0389 
        h035  2 0.0031 0.0027 0.8014 0.0096 0.0015 0.0033 0.1785 
        h036  2 0.0024 0.0031 0.3774 0.0023 0.0038 0.0032 0.6078 
        h037  2 0.0025 0.0026 0.8785 0.0038 0.0061 0.0022 0.1043 
        h038  2 0.0131 0.0139 0.2935 0.0042 0.0027 0.0072 0.6653 
        h039  2 0.0017 0.0021 0.9735 0.0016 0.0016 0.0016 0.0179 
        h040  2 0.0251 0.0128 0.0336 0.0021 0.0249 0.0044 0.8972 
        h041  2 0.0025 0.0033 0.8130 0.0130 0.0024 0.0022 0.1636 
        h042  2 0.0041 0.0043 0.2985 0.0052 0.0032 0.0034 0.6813 
        h043  2 0.0069 0.0046 0.0122 0.0037 0.0044 0.0040 0.9641 
        h044  2 0.0042 0.0078 0.0226 0.0021 0.0027 0.0031 0.9576 
        h045  2 0.0033 0.0102 0.4078 0.0055 0.0173 0.0036 0.5523 
        h046  2 0.0024 0.0033 0.9209 0.0024 0.0023 0.0024 0.0663 
        h047  2 0.0043 0.0065 0.0521 0.0021 0.0105 0.0023 0.9221 
        h048  2 0.0023 0.0028 0.0843 0.0036 0.0062 0.0022 0.8986 
        h049  2 0.0033 0.0028 0.9580 0.0053 0.0028 0.0023 0.0256 
        h050  2 0.0052 0.0033 0.8649 0.0200 0.0063 0.0052 0.0952 
        h051  2 0.0059 0.0090 0.0332 0.0445 0.0075 0.0043 0.8957 
        h052  2 0.0105 0.0178 0.6301 0.0044 0.0025 0.0139 0.3207 
        h053  2 0.0020 0.0024 0.9395 0.0030 0.0022 0.0025 0.0484 
        h054  2 0.0055 0.0024 0.1383 0.0033 0.0017 0.0041 0.8447 
        h055  2 0.0043 0.0028 0.0827 0.0043 0.0052 0.0032 0.8975 
        h056  2 0.0073 0.0063 0.1352 0.0032 0.0037 0.0042 0.8401 
        h057  2 0.0099 0.0029 0.7923 0.0148 0.0021 0.0046 0.1734 
        h058  2 0.0023 0.0028 0.0440 0.0034 0.0042 0.0024 0.9409 
        h059  2 0.0025 0.0024 0.9771 0.0035 0.0026 0.0026 0.0092 
        h060  2 0.0047 0.0088 0.1166 0.0024 0.0098 0.0057 0.8521 
        h061  2 0.0027 0.0043 0.9426 0.0073 0.0066 0.0050 0.0315 
        h062  2 0.0051 0.0046 0.7943 0.0217 0.0077 0.0165 0.1500 
        h063  2 0.0030 0.0026 0.2520 0.0021 0.0024 0.0019 0.7360 
        h064  2 0.0040 0.0105 0.8731 0.0136 0.0048 0.0037 0.0903 
        h065  2 0.0031 0.0026 0.1851 0.0095 0.0021 0.0038 0.7939 
        h066  2 0.0023 0.0028 0.9570 0.0017 0.0053 0.0026 0.0283 
        h067  2 0.0035 0.0064 0.8330 0.0028 0.0029 0.0030 0.1484 
        h068  2 0.0033 0.0024 0.9369 0.0021 0.0034 0.0032 0.0487 
        h069  2 0.0026 0.0032 0.8730 0.0024 0.0028 0.0029 0.1132 
        h070  2 0.0035 0.0027 0.2630 0.0094 0.0025 0.0082 0.7107 
        h071  2 0.0036 0.0043 0.9642 0.0044 0.0029 0.0052 0.0154 
        h072  2 0.0022 0.0027 0.7384 0.0020 0.0051 0.0019 0.2476 
        h073  2 0.0049 0.0063 0.0438 0.0047 0.0019 0.0027 0.9357 
        h074  2 0.0028 0.0040 0.8953 0.0064 0.0030 0.0025 0.0860 
        h075  2 0.0029 0.0026 0.1121 0.0207 0.0024 0.0061 0.8532 
        h076  2 0.0084 0.0065 0.7848 0.0023 0.0035 0.0031 0.1914 
        h077  2 0.0049 0.0057 0.1881 0.0059 0.0025 0.0034 0.7894 
        h078  2 0.0036 0.0056 0.7282 0.0040 0.0074 0.0040 0.2473 
        h079  2 0.0031 0.0029 0.2208 0.0019 0.0020 0.0025 0.7669 
        h080  2 0.0042 0.0022 0.7700 0.0022 0.0042 0.0035 0.2137 
        h081  2 0.0045 0.0038 0.9334 0.0028 0.0052 0.0097 0.0406 
        h082  2 0.0034 0.0020 0.1630 0.0026 0.0019 0.0029 0.8243 
        h083  2 0.0033 0.0056 0.8231 0.0052 0.0062 0.0092 0.1473 
        h084  2 0.0032 0.0020 0.1718 0.0027 0.0032 0.0022 0.8149 
        h085  2 0.0405 0.0144 0.0160 0.0050 0.0028 0.0169 0.9045 
        h086  2 0.0069 0.0071 0.0143 0.0023 0.0030 0.0033 0.9631 
        h087  2 0.0038 0.0019 0.9685 0.0049 0.0022 0.0041 0.0145 
        h088  2 0.0029 0.0022 0.6536 0.0025 0.0021 0.0035 0.3332 
        h089  2 0.0049 0.0051 0.0600 0.0034 0.0048 0.0020 0.9197 
        h090  2 0.0023 0.0029 0.6826 0.0032 0.0043 0.0023 0.3024 
        h091  2 0.0080 0.0058 0.0318 0.0177 0.0059 0.0051 0.9258 
        h092  2 0.0030 0.0020 0.9621 0.0108 0.0016 0.0037 0.0169 
        h093  2 0.0065 0.0096 0.5436 0.0118 0.0038 0.0037 0.4210 
        h094  2 0.0043 0.0031 0.9493 0.0028 0.0085 0.0072 0.0248 
        h095  2 0.0025 0.0044 0.9152 0.0050 0.0035 0.0029 0.0665 
        h096  2 0.0035 0.0049 0.8563 0.0028 0.0052 0.0039 0.1235 
        h097  2 0.0024 0.0034 0.9733 0.0022 0.0026 0.0033 0.0128 
        h098  2 0.0064 0.0056 0.9453 0.0040 0.0058 0.0060 0.0270 
        h099  2 0.0028 0.0023 0.9124 0.0045 0.0021 0.0020 0.0739 
        h100  2 0.0043 0.0049 0.3033 0.0043 0.0052 0.0044 0.6736 
        h101  2 0.0036 0.0019 0.0610 0.0027 0.0016 0.0037 0.9254 
        h102  2 0.0086 0.0030 0.1886 0.0340 0.0024 0.0041 0.7595 
        h103  2 0.0020 0.0025 0.1362 0.0020 0.0035 0.0037 0.8501 
        h104  2 0.0036 0.0036 0.3996 0.0018 0.0088 0.0029 0.5797 
        h105  2 0.0025 0.0035 0.9614 0.0028 0.0028 0.0034 0.0237 
        h106  2 0.0055 0.0040 0.7300 0.0046 0.0051 0.0057 0.2452 
        h107  2 0.0041 0.0041 0.3465 0.0073 0.0045 0.0076 0.6258 
        h108  2 0.0037 0.0046 0.0370 0.0047 0.0029 0.0040 0.9431 
        h109  2 0.0054 0.0086 0.5445 0.0097 0.0035 0.0096 0.4187 
        h110  2 0.0056 0.0035 0.7050 0.0022 0.0024 0.0026 0.2787 
        h111  2 0.0059 0.0026 0.0315 0.0028 0.0028 0.0056 0.9489 
        h112  2 0.0065 0.0177 0.2155 0.0028 0.0148 0.0039 0.7388 
        h113  2 0.0113 0.0130 0.8983 0.0182 0.0022 0.0157 0.0414 
        h114  2 0.0026 0.0019 0.8328 0.0028 0.0018 0.0025 0.1556 
        h115  2 0.0023 0.0024 0.9565 0.0040 0.0022 0.0026 0.0300 
        h116  2 0.0031 0.0037 0.0800 0.0026 0.0073 0.0025 0.9007 
        h117  2 0.0031 0.0021 0.8282 0.0182 0.0033 0.0025 0.1426 
        h118  2 0.0103 0.0061 0.7095 0.0376 0.0019 0.0067 0.2278 
        h119  2 0.0033 0.0022 0.6990 0.0124 0.0021 0.0028 0.2782 
        h120  2 0.0028 0.0031 0.8966 0.0028 0.0048 0.0023 0.0875 
        h121  2 0.0024 0.0026 0.0323 0.0029 0.0018 0.0023 0.9558 
        h122  2 0.0093 0.0079 0.6412 0.0039 0.0057 0.0100 0.3220 
        h123  2 0.0058 0.0110 0.1754 0.0033 0.0051 0.0082 0.7912 
        h124  2 0.0066 0.0042 0.9259 0.0031 0.0082 0.0049 0.0470 
        h125  2 0.0023 0.0023 0.3697 0.0022 0.0017 0.0038 0.6180 
        h126  2 0.0024 0.0025 0.8794 0.0377 0.0025 0.0021 0.0733 
        h127  2 0.0052 0.0282 0.1677 0.0182 0.0060 0.0059 0.7688 
        h128  2 0.0041 0.0020 0.9330 0.0019 0.0021 0.0025 0.0545 
        h129  2 0.0027 0.0024 0.6610 0.0034 0.0047 0.0023 0.3234 
        h130  2 0.0028 0.0044 0.9423 0.0113 0.0027 0.0032 0.0333 
        h131  2 0.0038 0.0029 0.9460 0.0038 0.0038 0.0065 0.0332 
        h132  2 0.0030 0.0024 0.7136 0.0027 0.0021 0.0022 0.2740 
        h133  2 0.0023 0.0019 0.8857 0.0046 0.0020 0.0028 0.1009 
        h134  2 0.0046 0.0050 0.8479 0.0028 0.0037 0.0041 0.1319 
        h135  2 0.0027 0.0028 0.7663 0.0023 0.0015 0.0021 0.2222 
        h136  2 0.0078 0.0099 0.1834 0.0031 0.0014 0.0083 0.7860 
        h137  2 0.0030 0.0120 0.3012 0.0024 0.0051 0.0252 0.6510 
        h138  2 0.0060 0.0183 0.1872 0.0118 0.0225 0.0049 0.7493 
        h139  2 0.0040 0.0034 0.9345 0.0030 0.0036 0.0078 0.0438 
        h140  2 0.0017 0.0019 0.7417 0.0053 0.0031 0.0022 0.2441 
        h141  2 0.0072 0.0042 0.1849 0.0102 0.0037 0.0064 0.7834 
        h142  2 0.0026 0.0030 0.5731 0.0019 0.0025 0.0019 0.4151 
        h143  2 0.0248 0.0271 0.0299 0.0033 0.0075 0.0106 0.8969 
        h144  2 0.0018 0.0017 0.9700 0.0025 0.0017 0.0022 0.0201 
        h145  2 0.0033 0.0026 0.9676 0.0028 0.0071 0.0030 0.0137 
        h146  2 0.0034 0.0020 0.9160 0.0032 0.0023 0.0027 0.0704 
        h147  2 0.0049 0.0053 0.7758 0.0035 0.0051 0.0215 0.1840 
        h148  2 0.0043 0.0069 0.3990 0.0046 0.0027 0.0039 0.5785 
        h149  2 0.0021 0.0022 0.3194 0.0030 0.0018 0.0020 0.6696 
        h150  2 0.0130 0.0125 0.5499 0.0051 0.0220 0.0082 0.3893 
        h151  2 0.0053 0.0047 0.9592 0.0049 0.0043 0.0033 0.0182 
        h152  2 0.0045 0.0032 0.9566 0.0030 0.0021 0.0026 0.0281 
        h153  2 0.0049 0.0038 0.3058 0.0119 0.0022 0.0066 0.6648 
        h154  2 0.0019 0.0020 0.8531 0.0024 0.0028 0.0018 0.1360 
        h155  2 0.0050 0.0050 0.7807 0.0036 0.0030 0.0204 0.1824 
        h156  2 0.0056 0.0028 0.8403 0.0041 0.0057 0.0053 0.1362 
        h157  2 0.0025 0.0022 0.7413 0.0050 0.0026 0.0024 0.2441 
        h158  2 0.0035 0.0039 0.6245 0.0040 0.0048 0.0029 0.3564 
        h159  2 0.0083 0.0034 0.9608 0.0040 0.0035 0.0084 0.0116 
        h160  2 0.0026 0.0026 0.0188 0.0029 0.0037 0.0028 0.9666 
        h161  2 0.0028 0.0037 0.4162 0.0030 0.0026 0.0043 0.5675 
        h162  2 0.0031 0.0057 0.2601 0.0049 0.0222 0.0043 0.6997 
        h163  2 0.0026 0.0039 0.0647 0.0106 0.0054 0.0124 0.9005 
        h164  2 0.0033 0.0030 0.9578 0.0024 0.0031 0.0030 0.0274 
        h165  2 0.0032 0.0050 0.6668 0.0030 0.0039 0.0036 0.3145 
        h166  2 0.0146 0.0139 0.6725 0.0123 0.0055 0.0121 0.2691 
        h167  2 0.0035 0.0055 0.1334 0.0037 0.0052 0.0025 0.8461 
        h168  2 0.0028 0.0049 0.9370 0.0028 0.0044 0.0032 0.0450 
        h169  2 0.0026 0.0030 0.4953 0.0023 0.0018 0.0026 0.4925 
        h170  2 0.0039 0.0041 0.8244 0.0025 0.0030 0.0045 0.1577 
        h171  2 0.0028 0.0049 0.2702 0.0029 0.0162 0.0082 0.6948 
        h172  2 0.0026 0.0061 0.0588 0.0129 0.0058 0.0032 0.9106 
        h173  2 0.0051 0.0055 0.5364 0.0028 0.0028 0.0039 0.4435 
        h174  2 0.0043 0.0073 0.8565 0.0056 0.0040 0.0030 0.1193 
        h175  2 0.0026 0.0021 0.9371 0.0027 0.0025 0.0020 0.0510 
        h176  2 0.0025 0.0081 0.5372 0.0045 0.0039 0.0084 0.4355 
        h177  2 0.0044 0.0062 0.6555 0.0041 0.0073 0.0042 0.3185 
        h178  2 0.0033 0.0032 0.0637 0.0040 0.0024 0.0026 0.9209 
        h179  2 0.0020 0.0025 0.4396 0.0040 0.0029 0.0025 0.5465 
        h180  2 0.0036 0.0063 0.9625 0.0042 0.0049 0.0031 0.0153 
        h181  2 0.0033 0.0068 0.3850 0.0040 0.0035 0.0062 0.5910 
        h182  2 0.0036 0.0088 0.5618 0.0161 0.0027 0.0115 0.3955 
        h183  2 0.0065 0.0035 0.1366 0.0098 0.0044 0.0041 0.8352 
        h184  2 0.0069 0.0051 0.6587 0.0026 0.0025 0.0054 0.3188 
        h185  2 0.0076 0.0044 0.9166 0.0046 0.0061 0.0024 0.0583 
        h186  2 0.0042 0.0045 0.2268 0.0032 0.0025 0.0031 0.7558 
        h187  2 0.0040 0.0055 0.9590 0.0023 0.0019 0.0020 0.0253 
        h188  2 0.0033 0.0036 0.0479 0.0035 0.0035 0.0032 0.9350 
        h189  2 0.0088 0.0046 0.6798 0.0082 0.0038 0.0024 0.2925 
        h190  2 0.0209 0.0557 0.3103 0.0056 0.0104 0.0373 0.5599 
        h191  2 0.0025 0.0031 0.7786 0.0019 0.0020 0.0022 0.2097 
        h192  2 0.0037 0.0045 0.8193 0.0064 0.0049 0.0226 0.1387 
        h193  2 0.0090 0.0103 0.0448 0.0045 0.0066 0.0217 0.9030 
        h194  2 0.0022 0.0020 0.8830 0.0074 0.0018 0.0026 0.1011 
        h195  2 0.0040 0.0059 0.5952 0.0029 0.0099 0.0023 0.3799 
        h196  2 0.0026 0.0022 0.6687 0.0036 0.0049 0.0017 0.3163 
        h197  2 0.0029 0.0027 0.1726 0.0049 0.0041 0.0040 0.8089 
        h198  2 0.0031 0.0021 0.1799 0.0023 0.0034 0.0030 0.8063 
        h199  2 0.0040 0.0024 0.3546 0.0021 0.0029 0.0031 0.6309 
        h200  2 0.0033 0.0034 0.2331 0.0023 0.0027 0.0026 0.7526 
      MSV1TX  3 0.0061 0.3642 0.1197 0.0030 0.0047 0.0041 0.4983 
      MSV025  3 0.0425 0.5551 0.2974 0.0062 0.0243 0.0150 0.0594 
      MSV02C  3 0.0052 0.4347 0.4695 0.0143 0.0108 0.0112 0.0544 
      MSV02E  3 0.0086 0.3754 0.3990 0.0035 0.0092 0.1527 0.0515 
      MSV0TF  3 0.0204 0.5440 0.3451 0.0015 0.0132 0.0070 0.0688 
       M2EL8  3 0.0064 0.6200 0.2796 0.0082 0.0266 0.0090 0.0502 
      h00115  4 0.0069 0.4535 0.0992 0.0061 0.0959 0.0081 0.3304 
      h00215  4 0.0346 0.3413 0.1741 0.0093 0.0100 0.0087 0.4219 
      h00315  4 0.1011 0.3845 0.0160 0.0058 0.0624 0.0126 0.4177 
      h00415  4 0.0052 0.3532 0.0511 0.0056 0.0323 0.0063 0.5463 
      h00515  4 0.0471 0.5562 0.1354 0.0067 0.0515 0.0120 0.1910 
      h00615  4 0.0260 0.5254 0.0171 0.0037 0.0047 0.0188 0.4043 
      h00715  4 0.0144 0.5452 0.2114 0.0052 0.0270 0.0463 0.1505 
      h00815  4 0.0647 0.7349 0.0646 0.0277 0.0287 0.0104 0.0690 
      h00915  4 0.0350 0.3041 0.0803 0.0130 0.0076 0.0361 0.5239 
      h01015  4 0.0087 0.5202 0.2217 0.0087 0.0052 0.0048 0.2307 
      h01115  4 0.0228 0.5129 0.1129 0.0120 0.0080 0.0059 0.3256 
      h01215  4 0.4604 0.2633 0.0260 0.0238 0.0074 0.0300 0.1890 
      h01315  4 0.0089 0.4686 0.2434 0.0061 0.0067 0.0153 0.2510 
      h01415  4 0.0135 0.4235 0.4273 0.0031 0.0046 0.0036 0.1244 
      h01515  4 0.0057 0.5033 0.3887 0.0027 0.0033 0.0053 0.0910 
      h01615  4 0.0080 0.5050 0.4539 0.0028 0.0025 0.0045 0.0233 
      h01715  4 0.0258 0.2903 0.0256 0.0025 0.0117 0.0146 0.6296 
      h01815  4 0.0135 0.5513 0.1081 0.0169 0.0047 0.0085 0.2969 
      h01915  4 0.0136 0.6859 0.1073 0.0135 0.0170 0.0073 0.1554 
      h02015  4 0.0094 0.5550 0.3010 0.0172 0.0042 0.0036 0.1094 
      h02115  4 0.0069 0.5383 0.0853 0.0030 0.0023 0.0026 0.3616 
      h02215  4 0.0077 0.1281 0.0528 0.0052 0.2102 0.0299 0.5662 
      h02315  4 0.1236 0.3936 0.0219 0.0040 0.0028 0.0043 0.4497 
      h02415  4 0.0051 0.5614 0.2709 0.0036 0.0082 0.0034 0.1474 
      h02515  4 0.1491 0.4542 0.0393 0.0051 0.0041 0.0377 0.3103 
      h02615  4 0.0060 0.4353 0.1385 0.0035 0.0081 0.0052 0.4034 
      h02715  4 0.0137 0.5706 0.1959 0.0032 0.0028 0.0060 0.2078 
      h02815  4 0.0153 0.3219 0.6370 0.0037 0.0051 0.0032 0.0137 
      h02915  4 0.0094 0.3403 0.1591 0.0055 0.0039 0.0037 0.4780 
      h03015  4 0.0091 0.3418 0.0429 0.0063 0.0049 0.0109 0.5840 
      h03115  4 0.0177 0.4360 0.1474 0.0029 0.0034 0.0071 0.3856 
      h03215  4 0.0419 0.2987 0.1619 0.0205 0.0035 0.0190 0.4545 
      h03315  4 0.0034 0.5281 0.3016 0.0061 0.0020 0.0037 0.1551 
      h03415  4 0.0157 0.5282 0.2561 0.0065 0.0260 0.0484 0.1190 
      h03515  4 0.0033 0.4136 0.2196 0.0029 0.0039 0.0042 0.3526 
      h03615  4 0.0090 0.5161 0.2382 0.0323 0.0130 0.0092 0.1822 
      h03715  4 0.0134 0.4031 0.5458 0.0024 0.0030 0.0042 0.0281 
      h03815  4 0.0058 0.4659 0.0630 0.0029 0.0026 0.0049 0.4549 
      h03915  4 0.0110 0.6139 0.1350 0.0066 0.0066 0.0143 0.2126 
      h04015  4 0.0104 0.3823 0.5415 0.0114 0.0056 0.0043 0.0446 
      h04115  4 0.0172 0.3470 0.3287 0.0087 0.0266 0.0471 0.2248 
      h04215  4 0.0077 0.4817 0.1808 0.0080 0.0048 0.0073 0.3096 
      h04315  4 0.0104 0.4402 0.1481 0.0073 0.0041 0.0076 0.3823 
      h04415  4 0.0044 0.5390 0.1055 0.0097 0.0054 0.0140 0.3219 
      h04515  4 0.0158 0.3120 0.0384 0.0629 0.0032 0.0035 0.5641 
      h04615  4 0.0285 0.3585 0.4612 0.0058 0.0343 0.0133 0.0985 
      h04715  4 0.0041 0.5488 0.3258 0.0046 0.0101 0.0052 0.1013 
      h04815  4 0.0037 0.6794 0.1059 0.0039 0.0027 0.0058 0.1987 
      h04915  4 0.0058 0.4100 0.2308 0.0044 0.0045 0.0031 0.3416 
      h05015  4 0.0094 0.4876 0.0929 0.0269 0.0051 0.0037 0.3744 
      h05115  4 0.0053 0.6254 0.1850 0.0059 0.0151 0.0031 0.1602 
      h05215  4 0.0308 0.0483 0.5595 0.0048 0.2650 0.0082 0.0832 
      h05315  4 0.0041 0.5603 0.0125 0.0077 0.0038 0.0043 0.4073 
      h05415  4 0.0431 0.3179 0.4573 0.0031 0.0029 0.0040 0.1717 
      h05515  4 0.0040 0.6060 0.0667 0.0021 0.0023 0.0021 0.3169 
      h05615  4 0.0140 0.4860 0.0951 0.0021 0.0048 0.0519 0.3460 
      h05715  4 0.0106 0.4434 0.3865 0.0148 0.0028 0.0089 0.1331 
      h05815  4 0.0040 0.5999 0.2809 0.0052 0.0045 0.0036 0.1019 
      h05915  4 0.0268 0.4241 0.4898 0.0021 0.0039 0.0033 0.0501 
      h06015  4 0.0096 0.4207 0.3851 0.0101 0.0085 0.0667 0.0993 
      h06115  4 0.0436 0.3561 0.0215 0.0053 0.0828 0.0149 0.4758 
      h06215  4 0.2786 0.2214 0.0891 0.0053 0.1503 0.0098 0.2455 
      h06315  4 0.0074 0.8035 0.0732 0.0054 0.0067 0.0033 0.1004 
      h06415  4 0.0085 0.4571 0.4574 0.0069 0.0070 0.0052 0.0579 
      h06515  4 0.0084 0.4085 0.4030 0.0029 0.0447 0.0082 0.1244 
      h06615  4 0.0087 0.5466 0.1316 0.0047 0.0051 0.0082 0.2952 
      h06715  4 0.0068 0.4669 0.3578 0.0045 0.0022 0.0035 0.1583 
      h06815  4 0.0254 0.4569 0.1530 0.0019 0.0044 0.0019 0.3564 
      h06915  4 0.0082 0.5154 0.3003 0.0027 0.0071 0.0033 0.1631 
      h07015  4 0.0058 0.3966 0.4210 0.0079 0.0024 0.0029 0.1634 
      h07115  4 0.0057 0.5394 0.3950 0.0055 0.0028 0.0054 0.0461 
      h07215  4 0.0037 0.5882 0.0192 0.0026 0.0046 0.0061 0.3756 
      h07315  4 0.0070 0.6200 0.0716 0.0049 0.0056 0.0071 0.2839 
      h07415  4 0.0040 0.5780 0.1640 0.0035 0.0121 0.0052 0.2332 
      h07515  4 0.0132 0.5862 0.0949 0.0033 0.0053 0.0161 0.2810 
      h07615  4 0.0320 0.5057 0.1451 0.0088 0.0065 0.0169 0.2850 
      h07715  4 0.0316 0.4555 0.1035 0.0039 0.0142 0.0209 0.3703 
      h07815  4 0.0264 0.3160 0.0786 0.0030 0.0078 0.0879 0.4803 
      h07915  4 0.0121 0.5203 0.0534 0.0209 0.0091 0.0069 0.3773 
      h08015  4 0.1330 0.2838 0.4457 0.0061 0.0053 0.0037 0.1223 
      h08115  4 0.0038 0.4236 0.5153 0.0076 0.0044 0.0140 0.0313 
      h08215  4 0.0057 0.4131 0.0603 0.0022 0.0035 0.0030 0.5124 
      h08315  4 0.0084 0.4478 0.4519 0.0131 0.0043 0.0202 0.0542 
      h08415  4 0.0044 0.5791 0.2052 0.0101 0.0103 0.0073 0.1836 
      h08515  4 0.0104 0.4419 0.1689 0.0037 0.0124 0.0402 0.3225 
      h08615  4 0.0278 0.3998 0.5229 0.0064 0.0057 0.0049 0.0325 
      h08715  4 0.0058 0.3815 0.5164 0.0034 0.0203 0.0059 0.0668 
      h08815  4 0.0089 0.3258 0.3808 0.0030 0.0651 0.0163 0.2001 
      h08915  4 0.0052 0.3829 0.4944 0.0042 0.0047 0.0224 0.0862 
      h09015  4 0.0398 0.6012 0.1919 0.0052 0.0061 0.0136 0.1422 
      h09115  4 0.0079 0.4940 0.2682 0.0030 0.0168 0.0039 0.2062 
      h09215  4 0.0053 0.4096 0.3981 0.0058 0.0028 0.0043 0.1741 
      h09315  4 0.0086 0.4092 0.5565 0.0035 0.0097 0.0038 0.0087 
      h09415  4 0.0103 0.4924 0.1196 0.0053 0.0122 0.0297 0.3305 
      h09515  4 0.0463 0.5184 0.0797 0.0178 0.0049 0.0041 0.3289 
      h09615  4 0.0112 0.4844 0.4136 0.0050 0.0042 0.0077 0.0740 
      h09715  4 0.0074 0.5482 0.1581 0.0074 0.0041 0.0059 0.2689 
      h09815  4 0.0082 0.5093 0.3804 0.0030 0.0032 0.0083 0.0876 
      h09915  4 0.0069 0.5296 0.2718 0.0036 0.0147 0.0096 0.1638 
      h10015  4 0.0056 0.4487 0.3683 0.0033 0.0034 0.0029 0.1678 
      h00131  5 0.5631 0.0069 0.2193 0.0024 0.0475 0.0054 0.1555 
      h00231  5 0.5940 0.0046 0.0715 0.0037 0.0233 0.0033 0.2996 
      h00331  5 0.2013 0.4192 0.2337 0.0030 0.0063 0.0068 0.1296 
      h00431  5 0.4938 0.0101 0.1490 0.0104 0.0041 0.0150 0.3176 
      h00531  5 0.4064 0.0067 0.4760 0.0052 0.0095 0.0568 0.0394 
      h00631  5 0.5326 0.0065 0.2903 0.0356 0.0075 0.0091 0.1183 
      h00731  5 0.4841 0.0052 0.4818 0.0032 0.0020 0.0040 0.0197 
      h00831  5 0.1008 0.0087 0.1116 0.3638 0.0042 0.0041 0.4068 
      h00931  5 0.3302 0.1226 0.1384 0.0070 0.0028 0.0044 0.3946 
      h01031  5 0.5080 0.0081 0.1879 0.0143 0.0051 0.0050 0.2716 
      h01131  5 0.5011 0.0074 0.3612 0.0024 0.0097 0.0049 0.1132 
      h01231  5 0.5748 0.0055 0.1916 0.0035 0.0046 0.0038 0.2163 
      h01331  5 0.3216 0.0486 0.0919 0.0557 0.0095 0.0427 0.4300 
      h01431  5 0.2507 0.0886 0.0365 0.0021 0.0088 0.0123 0.6011 
      h01531  5 0.4464 0.0064 0.2076 0.0028 0.0034 0.0071 0.3262 
      h01631  5 0.5481 0.0292 0.0478 0.0201 0.0040 0.0050 0.3458 
      h01731  5 0.7596 0.0060 0.1174 0.0035 0.0032 0.0061 0.1041 
      h01831  5 0.5387 0.0066 0.2529 0.0169 0.0066 0.0086 0.1699 
      h01931  5 0.0743 0.2879 0.1555 0.0190 0.0025 0.0057 0.4551 
      h02031  5 0.5470 0.0067 0.1825 0.0050 0.0088 0.0022 0.2479 
      h02131  5 0.5022 0.0089 0.3349 0.0045 0.0055 0.0065 0.1375 
      h02231  5 0.2133 0.0309 0.3773 0.0060 0.0281 0.1481 0.1963 
      h02331  5 0.5624 0.0099 0.1856 0.0067 0.0048 0.0063 0.2243 
      h02431  5 0.4699 0.0022 0.4594 0.0035 0.0027 0.0029 0.0594 
      h02531  5 0.4889 0.0058 0.3136 0.0071 0.0088 0.0114 0.1643 
      h02631  5 0.2892 0.1295 0.1896 0.0060 0.0069 0.0076 0.3712 
      h02731  5 0.2994 0.0144 0.3670 0.0141 0.0424 0.0457 0.2170 
      h02831  5 0.5758 0.0068 0.2186 0.0081 0.0026 0.0039 0.1842 
      h02931  5 0.7087 0.0042 0.1269 0.0070 0.0157 0.0066 0.1308 
      h03031  5 0.3173 0.0214 0.2343 0.0181 0.0204 0.0257 0.3627 
      h03131  5 0.4063 0.0066 0.2362 0.0045 0.0078 0.0031 0.3355 
      h03231  5 0.4592 0.0038 0.1574 0.0032 0.0047 0.0059 0.3658 
      h03331  5 0.4899 0.0022 0.3896 0.0042 0.0037 0.0029 0.1075 
      h03431  5 0.4005 0.0252 0.3628 0.0052 0.0100 0.0170 0.1793 
      h03531  5 0.6227 0.0066 0.1993 0.0053 0.0039 0.0052 0.1569 
      h03631  5 0.3858 0.0078 0.0377 0.0094 0.0028 0.0993 0.4571 
      h03731  5 0.4902 0.0358 0.2459 0.0084 0.0070 0.0056 0.2070 
      h03831  5 0.6101 0.0047 0.2477 0.0035 0.0050 0.0118 0.1171 
      h03931  5 0.4911 0.0150 0.4415 0.0050 0.0032 0.0196 0.0246 
      h04031  5 0.4535 0.0053 0.1857 0.0041 0.0042 0.0045 0.3428 
      h04131  5 0.3024 0.0069 0.3002 0.0073 0.0272 0.0172 0.3389 
      h04231  5 0.3949 0.0060 0.1530 0.0029 0.0052 0.0076 0.4304 
      h04331  5 0.4306 0.0061 0.4527 0.0069 0.0035 0.0050 0.0952 
      h04431  5 0.5533 0.0076 0.1797 0.0192 0.0069 0.0111 0.2223 
      h04531  5 0.2920 0.0602 0.2811 0.0033 0.0082 0.0073 0.3480 
      h04631  5 0.4657 0.0050 0.3393 0.0054 0.0218 0.0090 0.1539 
      h04731  5 0.4441 0.0185 0.4810 0.0096 0.0039 0.0052 0.0376 
      h04831  5 0.4318 0.0084 0.2844 0.0161 0.0078 0.0242 0.2273 
      h04931  5 0.3669 0.0052 0.4316 0.0181 0.0034 0.0047 0.1701 
      h05031  5 0.4689 0.0037 0.4644 0.0032 0.0023 0.0031 0.0544 
      h05131  5 0.4099 0.0086 0.4003 0.0069 0.0043 0.0035 0.1664 
      h05231  5 0.5450 0.0081 0.0798 0.0717 0.0122 0.0130 0.2701 
      h05331  5 0.6140 0.0128 0.2003 0.0105 0.0050 0.0048 0.1526 
      h05431  5 0.4049 0.0047 0.3330 0.0040 0.0039 0.0105 0.2389 
      h05531  5 0.4715 0.0040 0.1752 0.0264 0.0099 0.0079 0.3051 
      h05631  5 0.4552 0.0048 0.0139 0.0038 0.0064 0.0084 0.5074 
      h05731  5 0.5297 0.0049 0.1992 0.0041 0.0213 0.0063 0.2345 
      h05831  5 0.2529 0.0335 0.4130 0.0043 0.0320 0.0106 0.2537 
      h05931  5 0.6594 0.0220 0.0600 0.0054 0.0063 0.0549 0.1919 
      h06031  5 0.4549 0.0044 0.0914 0.0053 0.0029 0.0108 0.4303 
      h06131  5 0.6287 0.0120 0.0395 0.0074 0.0087 0.0059 0.2977 
      h06231  5 0.3887 0.0103 0.5266 0.0196 0.0053 0.0389 0.0106 
      h06331  5 0.4401 0.0272 0.3746 0.0024 0.0637 0.0171 0.0749 
      h06431  5 0.3589 0.0074 0.3650 0.0066 0.0048 0.0045 0.2528 
      h06531  5 0.3281 0.0082 0.0778 0.0060 0.0079 0.0424 0.5296 
      h06631  5 0.3429 0.0056 0.0330 0.0038 0.0084 0.0041 0.6022 
      h06731  5 0.5857 0.0027 0.3176 0.0025 0.0028 0.0045 0.0842 
      h06831  5 0.3867 0.0144 0.2316 0.0140 0.0020 0.0058 0.3455 
      h06931  5 0.3815 0.0104 0.3380 0.0086 0.0159 0.0927 0.1529 
      h07031  5 0.3911 0.0039 0.5594 0.0056 0.0044 0.0145 0.0212 
      h07131  5 0.2719 0.0828 0.2618 0.0037 0.0287 0.0110 0.3401 
      h07231  5 0.6507 0.0134 0.1498 0.0029 0.0043 0.0160 0.1631 
      h07331  5 0.4593 0.0083 0.1506 0.0028 0.0043 0.0061 0.3686 
      h07431  5 0.2386 0.0977 0.2174 0.0023 0.0117 0.0070 0.4253 
      h07531  5 0.4161 0.0060 0.1614 0.0241 0.0128 0.0071 0.3724 
      h07631  5 0.5726 0.0061 0.3099 0.0157 0.0061 0.0133 0.0763 
      h07731  5 0.5602 0.0035 0.0550 0.0108 0.0141 0.0062 0.3501 
      h07831  5 0.5619 0.0168 0.3544 0.0054 0.0122 0.0044 0.0449 
      h07931  5 0.4524 0.0141 0.0402 0.0015 0.0181 0.0035 0.4703 
      h08031  5 0.5796 0.0046 0.0720 0.0244 0.0062 0.0300 0.2832 
      h08131  5 0.4719 0.0130 0.2419 0.0435 0.0030 0.0288 0.1978 
      h08231  5 0.5551 0.0062 0.3663 0.0028 0.0042 0.0042 0.0612 
      h08331  5 0.5003 0.0039 0.0748 0.0039 0.0021 0.0043 0.4106 
      h08431  5 0.1485 0.1184 0.2037 0.0057 0.0106 0.1482 0.3648 
      h08531  5 0.4952 0.0049 0.2761 0.0048 0.0022 0.0155 0.2014 
      h08631  5 0.3146 0.0066 0.5386 0.0202 0.0031 0.0209 0.0960 
      h08731  5 0.2193 0.2828 0.3507 0.0138 0.0076 0.0250 0.1009 
      h08831  5 0.4367 0.0029 0.0358 0.0072 0.0079 0.0033 0.5063 
      h08931  5 0.3480 0.0041 0.2068 0.0051 0.0113 0.0049 0.4199 
      h09031  5 0.5382 0.0072 0.2259 0.0104 0.0043 0.0347 0.1792 
      h09131  5 0.1003 0.0038 0.5050 0.1435 0.0134 0.0173 0.2166 
      h09231  5 0.0826 0.0778 0.1450 0.0126 0.0086 0.3625 0.3109 
      h09331  5 0.2466 0.0201 0.6140 0.0058 0.0059 0.0641 0.0435 
      h09431  5 0.2386 0.0669 0.1667 0.0066 0.0053 0.0124 0.5035 
      h09531  5 0.3378 0.0043 0.1733 0.1194 0.0032 0.0089 0.3530 
      h09631  5 0.5303 0.0075 0.3077 0.0038 0.0153 0.0037 0.1317 
      h09731  5 0.4136 0.0361 0.0450 0.0233 0.0120 0.0093 0.4608 
      h09831  5 0.6223 0.0070 0.1299 0.0054 0.0037 0.0035 0.2282 
      h09931  5 0.2328 0.0606 0.5442 0.0023 0.0790 0.0184 0.0627 
      h10031  5 0.5911 0.0057 0.3774 0.0051 0.0026 0.0031 0.0150 
       h0016  6 0.0052 0.0039 0.1612 0.0023 0.2866 0.0034 0.5374 
       h0026  6 0.0259 0.0051 0.2889 0.0022 0.3327 0.0026 0.3425 
       h0036  6 0.0037 0.0092 0.1166 0.0042 0.3678 0.0029 0.4955 
       h0046  6 0.0152 0.0069 0.0579 0.0202 0.4887 0.0073 0.4038 
       h0056  6 0.0065 0.0046 0.0792 0.0052 0.5886 0.0030 0.3130 
       h0066  6 0.0190 0.0153 0.0917 0.0054 0.5216 0.0129 0.3340 
       h0076  6 0.0127 0.0115 0.3790 0.0043 0.4258 0.0057 0.1612 
       h0086  6 0.0054 0.0081 0.1716 0.0026 0.4658 0.0074 0.3389 
       h0096  6 0.0110 0.0093 0.3164 0.0026 0.4066 0.0107 0.2435 
       h0106  6 0.0024 0.0055 0.1692 0.0022 0.5092 0.0025 0.3090 
       h0116  6 0.0039 0.0030 0.4628 0.0056 0.3938 0.0060 0.1250 
       h0126  6 0.0059 0.0052 0.4337 0.0036 0.4232 0.0035 0.1248 
       h0136  6 0.0028 0.0021 0.4139 0.0022 0.4995 0.0022 0.0774 
       h0146  6 0.0193 0.0208 0.4884 0.0040 0.3869 0.0150 0.0655 
       h0156  6 0.0023 0.0031 0.5515 0.0018 0.3621 0.0132 0.0660 
       h0166  6 0.0039 0.0027 0.5493 0.0039 0.3658 0.0019 0.0725 
       h0176  6 0.0035 0.0038 0.2388 0.0028 0.5521 0.0024 0.1967 
       h0186  6 0.0087 0.0071 0.2596 0.0054 0.6170 0.0156 0.0865 
       h0196  6 0.0297 0.0101 0.2994 0.0083 0.4981 0.0410 0.1134 
       h0206  6 0.0204 0.0047 0.0862 0.0035 0.6931 0.0038 0.1884 
       h0216  6 0.0049 0.0090 0.4946 0.0546 0.3727 0.0423 0.0220 
       h0226  6 0.0050 0.0052 0.0234 0.0034 0.3852 0.0031 0.5748 
       h0236  6 0.0049 0.0022 0.3546 0.0026 0.6062 0.0047 0.0248 
       h0246  6 0.0046 0.0032 0.2431 0.0034 0.4865 0.0028 0.2564 
       h0256  6 0.0030 0.0041 0.3312 0.0033 0.5903 0.0031 0.0649 
       h0266  6 0.0033 0.0065 0.1795 0.0034 0.4545 0.0046 0.3482 
       h0276  6 0.0027 0.0019 0.3487 0.0019 0.5335 0.0016 0.1097 
       h0286  6 0.0047 0.0034 0.3437 0.0029 0.5466 0.0034 0.0954 
       h0296  6 0.0038 0.0047 0.0118 0.0047 0.6314 0.0043 0.3392 
       h0306  6 0.0035 0.0055 0.1705 0.0031 0.4601 0.0034 0.3539 
       h0316  6 0.0032 0.0032 0.5477 0.0023 0.3329 0.0020 0.1089 
       h0326  6 0.0087 0.0060 0.0584 0.0033 0.5969 0.0062 0.3205 
       h0336  6 0.0214 0.0129 0.1784 0.0060 0.6002 0.0075 0.1737 
       h0346  6 0.0049 0.0070 0.0759 0.0021 0.4265 0.0032 0.4804 
       h0356  6 0.0093 0.0037 0.1350 0.0023 0.3931 0.0031 0.4536 
       h0366  6 0.0096 0.0046 0.0494 0.0049 0.4854 0.0052 0.4410 
       h0376  6 0.0140 0.0066 0.1556 0.0056 0.3821 0.0049 0.4312 
       h0386  6 0.0030 0.0069 0.2827 0.0041 0.5091 0.0022 0.1921 
       h0396  6 0.0297 0.0352 0.0610 0.0058 0.6192 0.0037 0.2454 
       h0406  6 0.0024 0.0027 0.1704 0.0032 0.5332 0.0023 0.2859 
       h0416  6 0.0033 0.0028 0.0768 0.0019 0.6619 0.0044 0.2490 
       h0426  6 0.0047 0.0058 0.3498 0.0033 0.5324 0.0033 0.1006 
       h0436  6 0.0123 0.0051 0.2335 0.0153 0.4746 0.0073 0.2518 
       h0446  6 0.0056 0.0039 0.3544 0.0034 0.4994 0.0035 0.1298 
       h0456  6 0.0047 0.0174 0.4140 0.0025 0.5402 0.0037 0.0174 
       h0466  6 0.0032 0.0027 0.2343 0.0032 0.4748 0.0053 0.2765 
       h0476  6 0.0040 0.0025 0.4715 0.0026 0.4240 0.0041 0.0913 
       h0486  6 0.0059 0.0024 0.0640 0.0021 0.4885 0.0033 0.4338 
       h0496  6 0.0145 0.0169 0.6489 0.0120 0.1232 0.0861 0.0984 
       h0506  6 0.0027 0.0030 0.4115 0.0043 0.5661 0.0035 0.0090 
       h0516  6 0.0046 0.0066 0.2990 0.0046 0.4418 0.0049 0.2384 
       h0526  6 0.0024 0.0025 0.3865 0.0023 0.5887 0.0022 0.0155 
       h0536  6 0.0038 0.0034 0.1285 0.0021 0.5264 0.0036 0.3322 
       h0546  6 0.0039 0.0043 0.4212 0.0042 0.5282 0.0060 0.0322 
       h0556  6 0.0079 0.0051 0.3279 0.0028 0.5337 0.0067 0.1160 
       h0566  6 0.0033 0.0058 0.2380 0.0032 0.5201 0.0045 0.2252 
       h0576  6 0.0039 0.0038 0.0390 0.0056 0.4420 0.0050 0.5007 
       h0586  6 0.0036 0.0055 0.3093 0.0029 0.3429 0.0023 0.3335 
       h0596  6 0.0053 0.0174 0.3699 0.0029 0.5098 0.0034 0.0913 
       h0606  6 0.0137 0.0040 0.0236 0.0067 0.5475 0.0084 0.3960 
       h0616  6 0.0041 0.0034 0.4225 0.0049 0.4298 0.0025 0.1328 
       h0626  6 0.0041 0.0035 0.3243 0.0027 0.4922 0.0070 0.1663 
       h0636  6 0.0082 0.0065 0.2534 0.0075 0.6574 0.0410 0.0260 
       h0646  6 0.0133 0.0233 0.0839 0.0027 0.3798 0.0039 0.4931 
       h0656  6 0.0039 0.0048 0.0501 0.0273 0.7139 0.0028 0.1973 
       h0666  6 0.0043 0.0059 0.1769 0.0030 0.4480 0.0035 0.3584 
       h0676  6 0.0036 0.0043 0.0831 0.0063 0.4270 0.0076 0.4681 
       h0686  6 0.0049 0.0087 0.1762 0.0030 0.4780 0.0052 0.3239 
       h0696  6 0.0034 0.0036 0.3723 0.0025 0.5141 0.0031 0.1010 
       h0706  6 0.0043 0.0037 0.2697 0.0076 0.5118 0.0055 0.1974 
       h0716  6 0.0091 0.0056 0.2549 0.0024 0.4623 0.0105 0.2552 
       h0726  6 0.0086 0.0206 0.0819 0.0232 0.4069 0.0054 0.4533 
       h0736  6 0.0068 0.0034 0.3008 0.0041 0.4203 0.0038 0.2607 
       h0746  6 0.0054 0.0119 0.1173 0.0028 0.4047 0.0037 0.4542 
       h0756  6 0.0048 0.0081 0.4510 0.0278 0.4347 0.0042 0.0694 
       h0766  6 0.0051 0.0051 0.1477 0.0037 0.5282 0.0026 0.3076 
       h0776  6 0.0381 0.0330 0.0558 0.0024 0.3646 0.0249 0.4811 
       h0786  6 0.0043 0.0051 0.0851 0.0023 0.3711 0.0071 0.5249 
       h0796  6 0.0025 0.0028 0.2268 0.0024 0.4939 0.0026 0.2691 
       h0806  6 0.0043 0.0065 0.0137 0.0058 0.5110 0.0034 0.4551 
       h0816  6 0.0042 0.0050 0.0218 0.0066 0.4468 0.0051 0.5106 
       h0826  6 0.0037 0.0032 0.1662 0.0038 0.4940 0.0060 0.3231 
       h0836  6 0.0182 0.0079 0.2560 0.0072 0.5718 0.0271 0.1119 
       h0846  6 0.0028 0.0057 0.3666 0.0018 0.5471 0.0022 0.0738 
       h0856  6 0.0050 0.0133 0.2744 0.0099 0.4030 0.0125 0.2820 
       h0866  6 0.0053 0.0041 0.2158 0.0029 0.5996 0.0031 0.1691 
       h0876  6 0.0045 0.0068 0.0543 0.0043 0.5449 0.0099 0.3754 
       h0886  6 0.0036 0.0040 0.4682 0.0028 0.4758 0.0028 0.0428 
       h0896  6 0.0144 0.0039 0.2565 0.0027 0.4629 0.0057 0.2539 
       h0906  6 0.0440 0.0408 0.2045 0.0071 0.4837 0.0129 0.2070 
       h0916  6 0.0200 0.0208 0.5175 0.0040 0.2063 0.0451 0.1863 
       h0926  6 0.0097 0.0088 0.5586 0.0072 0.3785 0.0075 0.0298 
       h0936  6 0.0034 0.0030 0.0366 0.0023 0.5159 0.0034 0.4355 
       h0946  6 0.0061 0.0100 0.1425 0.0040 0.5334 0.0069 0.2972 
       h0956  6 0.0025 0.0028 0.5628 0.0029 0.4106 0.0022 0.0161 
       h0966  6 0.0067 0.0086 0.0698 0.0026 0.3816 0.0029 0.5279 
       h0976  6 0.0038 0.0074 0.2509 0.0240 0.5693 0.0036 0.1411 
       h0986  6 0.0040 0.0042 0.0903 0.0076 0.6222 0.0038 0.2680 
       h0996  6 0.0140 0.0105 0.1392 0.0062 0.4856 0.0093 0.3351 
       h1006  6 0.0033 0.0043 0.0711 0.0049 0.4734 0.0079 0.4351 
       h0019  7 0.0025 0.0021 0.2649 0.5038 0.0025 0.0026 0.2216 
       h0029  7 0.0077 0.0062 0.1107 0.4162 0.0295 0.0075 0.4223 
       h0039  7 0.0201 0.0044 0.1861 0.2491 0.0077 0.0583 0.4742 
       h0049  7 0.0161 0.0057 0.3218 0.5658 0.0029 0.0044 0.0834 
       h0059  7 0.0035 0.0042 0.2857 0.5375 0.0061 0.0045 0.1585 
       h0069  7 0.0035 0.0050 0.0501 0.4152 0.0038 0.0043 0.5180 
       h0079  7 0.0056 0.0066 0.3878 0.5218 0.0075 0.0119 0.0588 
       h0089  7 0.0027 0.0027 0.0491 0.5788 0.0021 0.0037 0.3608 
       h0099  7 0.0037 0.0041 0.4555 0.4087 0.0048 0.0031 0.1200 
       h0109  7 0.0043 0.0024 0.0192 0.5904 0.0033 0.0051 0.3752 
       h0119  7 0.0036 0.0052 0.3061 0.5524 0.0042 0.0053 0.1232 
       h0129  7 0.0053 0.0088 0.3467 0.5179 0.0041 0.0055 0.1118 
       h0139  7 0.0046 0.0091 0.1684 0.4498 0.0035 0.0054 0.3591 
       h0149  7 0.0060 0.0061 0.1405 0.5634 0.0037 0.0142 0.2661 
       h0159  7 0.0048 0.0029 0.5038 0.4010 0.0051 0.0022 0.0803 
       h0169  7 0.0158 0.0052 0.0569 0.5176 0.0033 0.0327 0.3684 
       h0179  7 0.0040 0.0029 0.3001 0.3394 0.0047 0.0080 0.3408 
       h0189  7 0.0052 0.0049 0.0615 0.4967 0.0027 0.0046 0.4245 
       h0199  7 0.0030 0.0032 0.4245 0.4543 0.0036 0.0039 0.1076 
       h0209  7 0.0046 0.0032 0.2241 0.4341 0.0029 0.0025 0.3286 
       h0219  7 0.0030 0.0032 0.1341 0.4666 0.0031 0.0022 0.3878 
       h0229  7 0.0038 0.0038 0.3300 0.5730 0.0052 0.0087 0.0756 
       h0239  7 0.0034 0.0032 0.0190 0.4790 0.0032 0.0222 0.4700 
       h0249  7 0.0267 0.0132 0.0799 0.4381 0.0054 0.0036 0.4331 
       h0259  7 0.0034 0.0029 0.4446 0.3252 0.0019 0.0025 0.2195 
       h0269  7 0.0155 0.0319 0.0288 0.5089 0.0226 0.0053 0.3869 
       h0279  7 0.0073 0.0042 0.0886 0.4904 0.0062 0.0220 0.3813 
       h0289  7 0.0179 0.0135 0.0982 0.3685 0.0040 0.0121 0.4859 
       h0299  7 0.0051 0.0037 0.3473 0.4683 0.0034 0.0168 0.1554 
       h0309  7 0.0020 0.0030 0.4081 0.4994 0.0029 0.0023 0.0824 
       h0319  7 0.0042 0.0033 0.5804 0.3834 0.0033 0.0047 0.0207 
       h0329  7 0.0068 0.0031 0.0960 0.3716 0.0084 0.0079 0.5062 
       h0339  7 0.0020 0.0023 0.2348 0.6440 0.0018 0.0036 0.1116 
       h0349  7 0.0123 0.0057 0.8375 0.1020 0.0035 0.0250 0.0141 
       h0359  7 0.0055 0.0044 0.3254 0.5540 0.0091 0.0039 0.0977 
       h0369  7 0.0035 0.0027 0.4295 0.5194 0.0021 0.0058 0.0369 
       h0379  7 0.0090 0.0088 0.4285 0.4505 0.0037 0.0764 0.0231 
       h0389  7 0.0045 0.0110 0.2563 0.4628 0.0089 0.0079 0.2487 
       h0399  7 0.0031 0.0034 0.2878 0.4078 0.0022 0.0032 0.2925 
       h0409  7 0.0027 0.0028 0.4011 0.4835 0.0039 0.0034 0.1027 
       h0419  7 0.0028 0.0044 0.5022 0.4435 0.0062 0.0092 0.0317 
       h0429  7 0.0065 0.0042 0.1292 0.7790 0.0025 0.0047 0.0739 
       h0439  7 0.0029 0.0030 0.0776 0.5251 0.0041 0.0037 0.3835 
       h0449  7 0.0032 0.0029 0.2827 0.5098 0.0020 0.0046 0.1947 
       h0459  7 0.0064 0.0067 0.0538 0.4699 0.0028 0.0042 0.4561 
       h0469  7 0.0044 0.0028 0.2232 0.5910 0.0078 0.0045 0.1662 
       h0479  7 0.0571 0.0235 0.1916 0.5277 0.0037 0.0394 0.1570 
       h0489  7 0.0101 0.0115 0.0720 0.5922 0.0032 0.0058 0.3050 
       h0499  7 0.0081 0.0185 0.2076 0.4345 0.0131 0.0025 0.3157 
       h0509  7 0.0028 0.0067 0.4564 0.4639 0.0022 0.0063 0.0617 
       h0519  7 0.0033 0.0039 0.0898 0.4114 0.0033 0.0102 0.4781 
       h0529  7 0.0046 0.0026 0.0949 0.4003 0.0020 0.0057 0.4898 
       h0539  7 0.0065 0.0042 0.2798 0.5148 0.0023 0.0058 0.1866 
       h0549  7 0.0060 0.0025 0.1600 0.6788 0.0023 0.0031 0.1474 
       h0559  7 0.0058 0.0050 0.3715 0.5321 0.0072 0.0132 0.0652 
       h0569  7 0.0028 0.0019 0.2340 0.5665 0.0025 0.0034 0.1889 
       h0579  7 0.0020 0.0020 0.3834 0.5675 0.0016 0.0028 0.0407 
       h0589  7 0.0049 0.0036 0.2182 0.5803 0.0056 0.0096 0.1777 
       h0599  7 0.0130 0.0094 0.0350 0.5049 0.0031 0.0051 0.4295 
       h0609  7 0.0110 0.0034 0.1165 0.4508 0.0042 0.0030 0.4111 
       h0619  7 0.0079 0.0037 0.2106 0.4202 0.0022 0.0072 0.3483 
       h0629  7 0.0034 0.0039 0.1783 0.5204 0.0051 0.0037 0.2852 
       h0639  7 0.0073 0.0039 0.0561 0.4851 0.0030 0.0072 0.4374 
       h0649  7 0.0047 0.0038 0.2441 0.3756 0.0034 0.2111 0.1573 
       h0659  7 0.0216 0.0173 0.3051 0.4115 0.0135 0.1423 0.0886 
       h0669  7 0.0064 0.0048 0.1409 0.6848 0.0028 0.0077 0.1527 
       h0679  7 0.0057 0.0148 0.4121 0.4504 0.0147 0.0135 0.0888 
       h0689  7 0.0062 0.0211 0.4015 0.5101 0.0032 0.0104 0.0476 
       h0699  7 0.0172 0.0055 0.3401 0.5461 0.0215 0.0030 0.0666 
       h0709  7 0.0141 0.0068 0.3543 0.5013 0.0063 0.0095 0.1077 
       h0719  7 0.0317 0.0063 0.3117 0.3777 0.0041 0.0112 0.2574 
       h0729  7 0.0038 0.0083 0.2518 0.5459 0.0056 0.0035 0.1810 
       h0739  7 0.0051 0.0052 0.5117 0.4074 0.0030 0.0213 0.0462 
       h0749  7 0.0033 0.0036 0.1418 0.5085 0.0100 0.0045 0.3282 
       h0759  7 0.0025 0.0050 0.4273 0.4807 0.0042 0.0028 0.0775 
       h0769  7 0.0043 0.0034 0.0629 0.5951 0.0023 0.0112 0.3208 
       h0779  7 0.0026 0.0024 0.2848 0.6207 0.0024 0.0024 0.0846 
       h0789  7 0.0043 0.0105 0.2377 0.5847 0.0049 0.0064 0.1516 
       h0799  7 0.0044 0.0037 0.5445 0.4050 0.0059 0.0034 0.0331 
       h0809  7 0.0050 0.0036 0.0536 0.4601 0.0032 0.0036 0.4710 
       h0819  7 0.0066 0.0094 0.1444 0.4718 0.0079 0.0105 0.3493 
       h0829  7 0.0149 0.0286 0.0877 0.4959 0.0085 0.0082 0.3563 
       h0839  7 0.0033 0.0066 0.1301 0.5568 0.0063 0.0031 0.2938 
       h0849  7 0.0026 0.0035 0.4379 0.5273 0.0034 0.0030 0.0221 
       h0859  7 0.0027 0.0082 0.5041 0.4578 0.0023 0.0051 0.0198 
       h0869  7 0.0030 0.0082 0.0763 0.6329 0.0037 0.0098 0.2661 
       h0879  7 0.0026 0.0029 0.1998 0.6033 0.0041 0.0057 0.1815 
       h0889  7 0.0025 0.0032 0.4786 0.5028 0.0022 0.0020 0.0087 
       h0899  7 0.0027 0.0047 0.3348 0.4177 0.0026 0.0031 0.2343 
       h0909  7 0.0149 0.0066 0.1809 0.4153 0.0030 0.0052 0.3741 
       h0919  7 0.0115 0.0143 0.4150 0.4550 0.0072 0.0038 0.0932 
       h0929  7 0.0092 0.0064 0.4885 0.4744 0.0035 0.0061 0.0118 
       h0939  7 0.0045 0.0034 0.1350 0.4263 0.0056 0.0060 0.4191 
       h0949  7 0.0034 0.0078 0.0525 0.6485 0.0031 0.0028 0.2819 
       h0959  7 0.0222 0.0062 0.4523 0.4032 0.0050 0.0346 0.0765 
       h0969  7 0.0034 0.0049 0.1655 0.5498 0.0052 0.0041 0.2671 
       h0979  7 0.0071 0.0037 0.5090 0.4505 0.0036 0.0039 0.0222 
       h0989  7 0.0045 0.0031 0.4081 0.4422 0.0032 0.0041 0.1348 
       h0999  7 0.0044 0.0073 0.1533 0.3923 0.0052 0.0043 0.4332 
       h1009  7 0.0059 0.0129 0.1144 0.5761 0.0041 0.0068 0.2799 
      h00112  8 0.0037 0.0031 0.0162 0.0067 0.0025 0.3616 0.6062 
      h00212  8 0.0031 0.0025 0.0404 0.0024 0.0030 0.4956 0.4530 
      h00312  8 0.0037 0.0038 0.0919 0.0032 0.0031 0.5398 0.3546 
      h00412  8 0.0050 0.0106 0.2655 0.0031 0.0049 0.4282 0.2826 
      h00512  8 0.0061 0.0051 0.3633 0.0051 0.0041 0.5623 0.0540 
      h00612  8 0.0041 0.0022 0.3412 0.0027 0.0019 0.5070 0.1409 
      h00712  8 0.0127 0.0066 0.3772 0.0115 0.0114 0.5300 0.0507 
      h00812  8 0.0058 0.0056 0.1927 0.0068 0.0087 0.5454 0.2350 
      h00912  8 0.0094 0.0064 0.3000 0.0050 0.0026 0.5100 0.1666 
      h01012  8 0.0102 0.0060 0.2656 0.0092 0.0029 0.5510 0.1551 
      h01112  8 0.0072 0.0043 0.3890 0.0028 0.0051 0.5013 0.0903 
      h01212  8 0.0133 0.0060 0.1957 0.0077 0.0108 0.5834 0.1832 
      h01312  8 0.0055 0.0365 0.2955 0.0213 0.0036 0.4823 0.1553 
      h01412  8 0.0054 0.0109 0.1495 0.0047 0.0081 0.3802 0.4411 
      h01512  8 0.0047 0.0054 0.3018 0.0037 0.0023 0.4287 0.2533 
      h01612  8 0.0039 0.0126 0.1930 0.0029 0.0022 0.4645 0.3209 
      h01712  8 0.0300 0.0225 0.3415 0.0228 0.0101 0.4369 0.1361 
      h01812  8 0.0235 0.0042 0.1291 0.0033 0.0026 0.6150 0.2223 
      h01912  8 0.0069 0.0111 0.0329 0.0035 0.0048 0.4410 0.4998 
      h02012  8 0.0048 0.0050 0.5694 0.0096 0.0029 0.2992 0.1090 
      h02112  8 0.0052 0.0074 0.2108 0.0028 0.0110 0.5276 0.2353 
      h02212  8 0.0050 0.0037 0.2261 0.0033 0.0041 0.6633 0.0946 
      h02312  8 0.0142 0.0140 0.0450 0.0044 0.0049 0.4018 0.5156 
      h02412  8 0.0071 0.0293 0.0767 0.0035 0.0184 0.4853 0.3797 
      h02512  8 0.0152 0.0029 0.0354 0.0037 0.0038 0.4566 0.4823 
      h02612  8 0.0108 0.0603 0.1961 0.0111 0.0068 0.3567 0.3583 
      h02712  8 0.0087 0.0095 0.0940 0.0037 0.0036 0.5109 0.3696 
      h02812  8 0.0100 0.0042 0.0766 0.0148 0.0035 0.5490 0.3420 
      h02912  8 0.0075 0.0054 0.3664 0.0034 0.0035 0.5813 0.0325 
      h03012  8 0.0092 0.0150 0.5087 0.0080 0.0159 0.4124 0.0308 
      h03112  8 0.0049 0.0097 0.2410 0.0066 0.0035 0.6657 0.0686 
      h03212  8 0.0051 0.0062 0.0978 0.0023 0.0025 0.5497 0.3365 
      h03312  8 0.0034 0.0031 0.1651 0.0028 0.0029 0.5143 0.3084 
      h03412  8 0.0061 0.0039 0.5407 0.0073 0.0038 0.3866 0.0517 
      h03512  8 0.0050 0.0067 0.1603 0.0310 0.0029 0.5109 0.2831 
      h03612  8 0.0129 0.0185 0.0592 0.0105 0.0024 0.3043 0.5924 
      h03712  8 0.0084 0.0038 0.1629 0.0132 0.0040 0.4739 0.3339 
      h03812  8 0.0217 0.0256 0.2448 0.0059 0.0161 0.3957 0.2903 
      h03912  8 0.0106 0.0054 0.2257 0.0043 0.0036 0.5195 0.2309 
      h04012  8 0.0045 0.0066 0.0203 0.0062 0.0032 0.6039 0.3552 
      h04112  8 0.0040 0.0200 0.4540 0.0084 0.0035 0.4862 0.0239 
      h04212  8 0.0056 0.0086 0.0617 0.0045 0.0076 0.7058 0.2061 
      h04312  8 0.0057 0.0092 0.5209 0.0121 0.0063 0.4370 0.0089 
      h04412  8 0.0123 0.0106 0.4383 0.0024 0.0132 0.4327 0.0904 
      h04512  8 0.0049 0.0030 0.1929 0.0044 0.0324 0.4754 0.2871 
      h04612  8 0.0031 0.0087 0.3613 0.0076 0.0031 0.4112 0.2049 
      h04712  8 0.0048 0.0062 0.2741 0.0067 0.0034 0.4753 0.2295 
      h04812  8 0.0038 0.0030 0.3970 0.0031 0.0244 0.4423 0.1264 
      h04912  8 0.0156 0.0049 0.4800 0.0081 0.0077 0.3603 0.1234 
      h05012  8 0.0075 0.0040 0.2614 0.0055 0.0045 0.4959 0.2212 
      h05112  8 0.0056 0.0030 0.3029 0.0024 0.0024 0.6223 0.0615 
      h05212  8 0.0086 0.0079 0.1327 0.0046 0.0056 0.3836 0.4570 
      h05312  8 0.0271 0.0157 0.3978 0.0180 0.0306 0.1585 0.3523 
      h05412  8 0.0033 0.0030 0.2580 0.0072 0.0036 0.4997 0.2253 
      h05512  8 0.0118 0.0120 0.1083 0.0034 0.0046 0.6010 0.2588 
      h05612  8 0.0065 0.0060 0.2091 0.0053 0.0054 0.5776 0.1901 
      h05712  8 0.0075 0.0058 0.2315 0.0063 0.0024 0.3951 0.3515 
      h05812  8 0.0071 0.0075 0.0574 0.0061 0.0070 0.3970 0.5178 
      h05912  8 0.0037 0.0131 0.0139 0.0035 0.0158 0.5953 0.3547 
      h06012  8 0.0094 0.0138 0.3900 0.0032 0.0061 0.5235 0.0540 
      h06112  8 0.0107 0.0160 0.2139 0.0071 0.0053 0.5049 0.2421 
      h06212  8 0.0081 0.0096 0.4070 0.0339 0.0051 0.4446 0.0918 
      h06312  8 0.0032 0.0029 0.3739 0.0044 0.0047 0.5691 0.0418 
      h06412  8 0.0025 0.0034 0.1340 0.0052 0.0025 0.5621 0.2903 
      h06512  8 0.0260 0.0122 0.1368 0.0044 0.0078 0.3998 0.4130 
      h06612  8 0.0045 0.0044 0.2133 0.0186 0.0022 0.5788 0.1781 
      h06712  8 0.0051 0.0022 0.0647 0.0032 0.0041 0.6495 0.2713 
      h06812  8 0.0087 0.0035 0.1328 0.0088 0.0044 0.5822 0.2597 
      h06912  8 0.0052 0.0052 0.1543 0.0076 0.0024 0.5429 0.2824 
      h07012  8 0.0034 0.0027 0.2812 0.0026 0.0020 0.6536 0.0544 
      h07112  8 0.0043 0.0055 0.0938 0.0022 0.0084 0.4865 0.3993 
      h07212  8 0.0063 0.0037 0.3035 0.0050 0.0040 0.6220 0.0555 
      h07312  8 0.0036 0.0047 0.1437 0.0031 0.0030 0.4910 0.3510 
      h07412  8 0.0173 0.0068 0.0199 0.0036 0.0187 0.3873 0.5464 
      h07512  8 0.0101 0.0062 0.5044 0.0025 0.0087 0.3633 0.1048 
      h07612  8 0.0051 0.0050 0.0838 0.0049 0.0045 0.4436 0.4530 
      h07712  8 0.0136 0.0096 0.1114 0.0024 0.0084 0.5322 0.3224 
      h07812  8 0.0035 0.0029 0.0268 0.0057 0.0037 0.4065 0.5508 
      h07912  8 0.0039 0.0036 0.1602 0.0036 0.0043 0.5466 0.2778 
      h08012  8 0.0054 0.0042 0.1989 0.0038 0.0032 0.5924 0.1921 
      h08112  8 0.0135 0.0611 0.3593 0.0160 0.0100 0.2655 0.2746 
      h08212  8 0.0060 0.0062 0.1435 0.0218 0.0042 0.5436 0.2746 
      h08312  8 0.0207 0.2168 0.2561 0.0036 0.0130 0.2316 0.2582 
      h08412  8 0.0183 0.0111 0.2559 0.0115 0.0309 0.3788 0.2934 
      h08512  8 0.0394 0.0078 0.3898 0.0212 0.0051 0.3871 0.1496 
      h08612  8 0.0092 0.0050 0.0970 0.0025 0.0041 0.4200 0.4622 
      h08712  8 0.0078 0.0311 0.2960 0.0030 0.0045 0.4702 0.1875 
      h08812  8 0.0063 0.0149 0.3359 0.0732 0.0175 0.4506 0.1015 
      h08912  8 0.0047 0.0055 0.3071 0.0030 0.0044 0.5158 0.1595 
      h09012  8 0.0082 0.0214 0.3139 0.0150 0.0056 0.5294 0.1064 
      h09112  8 0.0048 0.0034 0.0294 0.0054 0.0025 0.5819 0.3726 
      h09212  8 0.0078 0.0503 0.2300 0.0099 0.0619 0.2929 0.3472 
      h09312  8 0.0049 0.0112 0.3406 0.0126 0.0043 0.4205 0.2059 
      h09412  8 0.0131 0.0078 0.1783 0.0048 0.0023 0.5525 0.2411 
      h09512  8 0.0049 0.0071 0.5323 0.0127 0.0028 0.4213 0.0188 
      h09612  8 0.0030 0.0025 0.1030 0.0053 0.0037 0.5478 0.3347 
      h09712  8 0.0508 0.0079 0.3419 0.0028 0.0035 0.2826 0.3103 
      h09812  8 0.0104 0.0036 0.1047 0.0080 0.0101 0.7115 0.1517 
      h09912  8 0.0235 0.0377 0.3088 0.0456 0.0069 0.4506 0.1268 
      h10012  8 0.0301 0.0040 0.1045 0.0056 0.0026 0.1515 0.7018 
      MSV21T  9 0.0141 0.9102 0.0156 0.0347 0.0030 0.0130 0.0095 
       M2E71  9 0.0850 0.6762 0.0362 0.0044 0.0041 0.1502 0.0440 
      h00116 10 0.0040 0.9252 0.0181 0.0097 0.0100 0.0073 0.0257 
      h00216 10 0.0028 0.6003 0.1360 0.0022 0.0337 0.0038 0.2212 
      h00316 10 0.0535 0.8278 0.0332 0.0090 0.0060 0.0062 0.0644 
      h00416 10 0.0552 0.6739 0.0490 0.0040 0.1268 0.0197 0.0713 
      h00516 10 0.0083 0.8236 0.1212 0.0031 0.0037 0.0046 0.0354 
      h00616 10 0.0086 0.7293 0.0863 0.0070 0.0158 0.0119 0.1410 
      h00716 10 0.0154 0.7893 0.0897 0.0029 0.0045 0.0040 0.0942 
      h00816 10 0.0079 0.6605 0.0596 0.0030 0.0271 0.0111 0.2307 
      h00916 10 0.0330 0.4661 0.2167 0.0024 0.0437 0.0077 0.2303 
      h01016 10 0.0048 0.9294 0.0111 0.0070 0.0052 0.0089 0.0336 
      h01116 10 0.0084 0.7130 0.0903 0.0057 0.0049 0.1209 0.0567 
      h01216 10 0.0098 0.7327 0.1586 0.0049 0.0057 0.0048 0.0835 
      h01316 10 0.0427 0.5284 0.1234 0.0149 0.1191 0.0257 0.1458 
      h01416 10 0.0074 0.8244 0.0545 0.0034 0.0115 0.0212 0.0776 
      h01516 10 0.0292 0.6736 0.1660 0.0044 0.0174 0.0031 0.1063 
      h01616 10 0.0063 0.6841 0.2844 0.0028 0.0031 0.0046 0.0147 
      h01716 10 0.0095 0.5171 0.0758 0.0033 0.0025 0.0055 0.3863 
      h01816 10 0.0337 0.6102 0.0730 0.0109 0.0085 0.1875 0.0762 
      h01916 10 0.0126 0.6691 0.1805 0.0098 0.0070 0.0059 0.1151 
      h02016 10 0.0492 0.5950 0.2494 0.0092 0.0043 0.0058 0.0872 
      h02116 10 0.0085 0.8367 0.0634 0.0070 0.0030 0.0042 0.0774 
      h02216 10 0.0103 0.7588 0.0706 0.0089 0.0090 0.0044 0.1380 
      h02316 10 0.0030 0.8220 0.1474 0.0032 0.0052 0.0089 0.0103 
      h02416 10 0.0081 0.7055 0.1251 0.0099 0.0080 0.0100 0.1335 
      h02516 10 0.0025 0.7045 0.1493 0.0025 0.0179 0.0056 0.1177 
      h02616 10 0.0741 0.8561 0.0152 0.0222 0.0130 0.0062 0.0132 
      h02716 10 0.0300 0.7485 0.1212 0.0047 0.0062 0.0125 0.0770 
      h02816 10 0.0034 0.7895 0.0523 0.0022 0.0021 0.0025 0.1479 
      h02916 10 0.0444 0.5745 0.1905 0.0165 0.0056 0.0572 0.1113 
      h03016 10 0.0059 0.8421 0.0510 0.0072 0.0056 0.0047 0.0836 
      h03116 10 0.0983 0.6363 0.1437 0.0103 0.0224 0.0134 0.0757 
      h03216 10 0.0038 0.9663 0.0076 0.0036 0.0058 0.0049 0.0080 
      h03316 10 0.0102 0.8328 0.0655 0.0096 0.0052 0.0193 0.0574 
      h03416 10 0.0063 0.6152 0.2045 0.0147 0.0059 0.0153 0.1381 
      h03516 10 0.1431 0.6284 0.0691 0.0032 0.0051 0.0097 0.1414 
      h03616 10 0.0082 0.6452 0.0435 0.0025 0.0394 0.0164 0.2448 
      h03716 10 0.0089 0.9190 0.0278 0.0046 0.0040 0.0040 0.0317 
      h03816 10 0.0285 0.7459 0.0695 0.0070 0.0048 0.0067 0.1375 
      h03916 10 0.0066 0.7583 0.0879 0.0055 0.0042 0.0103 0.1273 
      h04016 10 0.0183 0.8524 0.0041 0.0063 0.1114 0.0030 0.0045 
      h04116 10 0.0130 0.8604 0.0827 0.0061 0.0038 0.0049 0.0291 
      h04216 10 0.0065 0.7072 0.0532 0.0032 0.0039 0.0033 0.2226 
      h04316 10 0.0099 0.7238 0.1296 0.0027 0.0086 0.0042 0.1212 
      h04416 10 0.0059 0.7510 0.1292 0.0124 0.0060 0.0032 0.0923 
      h04516 10 0.0071 0.9477 0.0143 0.0035 0.0035 0.0057 0.0182 
      h04616 10 0.0083 0.9489 0.0104 0.0046 0.0058 0.0095 0.0125 
      h04716 10 0.1868 0.7068 0.0358 0.0025 0.0119 0.0060 0.0502 
      h04816 10 0.0481 0.5630 0.1018 0.0036 0.0121 0.0187 0.2528 
      h04916 10 0.0033 0.6162 0.3263 0.0039 0.0278 0.0068 0.0158 
      h05016 10 0.0053 0.7856 0.1005 0.0032 0.0031 0.0038 0.0985 
      h05116 10 0.0138 0.8595 0.0420 0.0063 0.0059 0.0067 0.0659 
      h05216 10 0.0065 0.8187 0.1046 0.0049 0.0109 0.0021 0.0523 
      h05316 10 0.0494 0.9143 0.0043 0.0119 0.0047 0.0102 0.0051 
      h05416 10 0.0051 0.6735 0.1015 0.0053 0.0037 0.0041 0.2069 
      h05516 10 0.0777 0.5124 0.1205 0.0693 0.0270 0.0203 0.1728 
      h05616 10 0.0107 0.8129 0.0447 0.0499 0.0220 0.0097 0.0501 
      h05716 10 0.0039 0.5845 0.3660 0.0043 0.0131 0.0069 0.0214 
      h05816 10 0.0094 0.7959 0.1081 0.0042 0.0172 0.0054 0.0597 
      h05916 10 0.0037 0.7638 0.0222 0.0026 0.0041 0.0036 0.1999 
      h06016 10 0.0074 0.9273 0.0124 0.0176 0.0129 0.0073 0.0150 
      h06116 10 0.0058 0.6594 0.1386 0.0024 0.0070 0.0020 0.1849 
      h06216 10 0.0178 0.4739 0.2998 0.0035 0.0023 0.0117 0.1910 
      h06316 10 0.0072 0.6166 0.1075 0.0100 0.0052 0.0474 0.2061 
      h06416 10 0.4227 0.3160 0.0362 0.0132 0.0851 0.0257 0.1012 
      h06516 10 0.0913 0.4794 0.2377 0.0148 0.0069 0.0111 0.1589 
      h06616 10 0.0052 0.9231 0.0282 0.0038 0.0053 0.0040 0.0303 
      h06716 10 0.0040 0.7149 0.0857 0.0036 0.0080 0.0034 0.1804 
      h06816 10 0.2873 0.4646 0.0874 0.0044 0.0052 0.0135 0.1376 
      h06916 10 0.0084 0.8341 0.0855 0.0049 0.0172 0.0079 0.0420 
      h07016 10 0.0310 0.7271 0.0453 0.0107 0.0641 0.0572 0.0647 
      h07116 10 0.0051 0.6695 0.1119 0.0047 0.0070 0.0081 0.1937 
      h07216 10 0.0083 0.7470 0.0547 0.0022 0.0123 0.0032 0.1723 
      h07316 10 0.3355 0.6051 0.0221 0.0117 0.0027 0.0031 0.0197 
      h07416 10 0.0089 0.8129 0.0998 0.0031 0.0194 0.0079 0.0481 
      h07516 10 0.0104 0.4306 0.1592 0.0522 0.0263 0.0201 0.3013 
      h07616 10 0.0106 0.6894 0.1908 0.0058 0.0075 0.0048 0.0912 
      h07716 10 0.0218 0.8987 0.0149 0.0031 0.0033 0.0253 0.0330 
      h07816 10 0.0060 0.7789 0.0742 0.0040 0.0110 0.0078 0.1182 
      h07916 10 0.0176 0.7675 0.0647 0.0064 0.0088 0.0122 0.1228 
      h08016 10 0.0106 0.6926 0.1133 0.0027 0.0067 0.0047 0.1694 
      h08116 10 0.0227 0.8059 0.0989 0.0041 0.0026 0.0030 0.0628 
      h08216 10 0.0061 0.5281 0.2347 0.0091 0.0222 0.0778 0.1220 
      h08316 10 0.0060 0.5269 0.3643 0.0207 0.0069 0.0304 0.0447 
      h08416 10 0.0103 0.6159 0.0897 0.1665 0.0230 0.0412 0.0534 
      h08516 10 0.0048 0.6345 0.1963 0.0149 0.0081 0.0060 0.1354 
      h08616 10 0.0053 0.8096 0.0925 0.0072 0.0180 0.0072 0.0603 
      h08716 10 0.0237 0.4820 0.2196 0.0038 0.0878 0.0109 0.1721 
      h08816 10 0.0045 0.7097 0.2111 0.0086 0.0040 0.0033 0.0588 
      h08916 10 0.0095 0.6812 0.0119 0.0053 0.0055 0.0095 0.2773 
      h09016 10 0.0051 0.7994 0.0947 0.0055 0.0037 0.0030 0.0886 
      h09116 10 0.0063 0.6399 0.1614 0.0024 0.0051 0.0062 0.1787 
      h09216 10 0.0138 0.6909 0.1247 0.0025 0.0247 0.0025 0.1409 
      h09316 10 0.0851 0.5703 0.0297 0.0033 0.0057 0.0168 0.2892 
      h09416 10 0.0222 0.7077 0.1882 0.0108 0.0041 0.0104 0.0566 
      h09516 10 0.0066 0.9106 0.0394 0.0029 0.0051 0.0152 0.0202 
      h09616 10 0.0546 0.5323 0.2607 0.0507 0.0044 0.0106 0.0867 
      h09716 10 0.0430 0.8887 0.0132 0.0060 0.0343 0.0042 0.0106 
      h09816 10 0.1079 0.8356 0.0072 0.0067 0.0032 0.0317 0.0077 
      h09916 10 0.0359 0.6214 0.0325 0.0319 0.0041 0.2226 0.0516 
      h10016 10 0.0045 0.8291 0.0932 0.0027 0.0065 0.0051 0.0589 
      h00141 11 0.7402 0.1208 0.0437 0.0545 0.0044 0.0045 0.0319 
      h00241 11 0.6420 0.0155 0.0527 0.0095 0.0058 0.0126 0.2619 
      h00341 11 0.8194 0.0343 0.0399 0.0308 0.0372 0.0221 0.0163 
      h00441 11 0.8646 0.0086 0.0599 0.0045 0.0159 0.0053 0.0413 
      h00541 11 0.6185 0.0073 0.2100 0.0030 0.0063 0.0079 0.1469 
      h00641 11 0.6911 0.0051 0.2277 0.0031 0.0023 0.0039 0.0668 
      h00741 11 0.7919 0.0082 0.1204 0.0028 0.0054 0.0053 0.0659 
      h00841 11 0.5580 0.0030 0.0104 0.0034 0.0024 0.0033 0.4196 
      h00941 11 0.7231 0.0043 0.1884 0.0182 0.0074 0.0179 0.0407 
      h01041 11 0.6702 0.0074 0.0356 0.0275 0.0118 0.0157 0.2318 
      h01141 11 0.7454 0.0060 0.0436 0.0057 0.0096 0.0067 0.1830 
      h01241 11 0.7435 0.0116 0.0187 0.0156 0.0249 0.1285 0.0573 
      h01341 11 0.9496 0.0130 0.0037 0.0032 0.0184 0.0087 0.0034 
      h01441 11 0.6934 0.0078 0.1521 0.0032 0.0023 0.0028 0.1384 
      h01541 11 0.7064 0.0128 0.1200 0.0098 0.0071 0.0117 0.1322 
      h01641 11 0.7227 0.0212 0.1589 0.0023 0.0133 0.0035 0.0781 
      h01741 11 0.6604 0.0033 0.1387 0.0148 0.0051 0.0061 0.1715 
      h01841 11 0.6043 0.0081 0.0858 0.0082 0.0219 0.0451 0.2267 
      h01941 11 0.9651 0.0046 0.0088 0.0040 0.0041 0.0056 0.0077 
      h02041 11 0.6250 0.0051 0.3065 0.0033 0.0026 0.0057 0.0517 
      h02141 11 0.6766 0.0358 0.2184 0.0047 0.0027 0.0042 0.0576 
      h02241 11 0.6566 0.0089 0.0993 0.0043 0.0040 0.0088 0.2181 
      h02341 11 0.7150 0.0081 0.0592 0.0028 0.0026 0.0111 0.2012 
      h02441 11 0.8294 0.0246 0.0533 0.0146 0.0146 0.0054 0.0581 
      h02541 11 0.6357 0.0101 0.2148 0.0051 0.0901 0.0042 0.0401 
      h02641 11 0.7501 0.0047 0.1357 0.0042 0.0123 0.0141 0.0789 
      h02741 11 0.9215 0.0102 0.0327 0.0074 0.0045 0.0064 0.0173 
      h02841 11 0.8223 0.0145 0.0699 0.0042 0.0032 0.0084 0.0775 
      h02941 11 0.9314 0.0045 0.0292 0.0051 0.0048 0.0041 0.0209 
      h03041 11 0.6947 0.0099 0.0967 0.0075 0.0067 0.0033 0.1811 
      h03141 11 0.9330 0.0326 0.0085 0.0033 0.0044 0.0090 0.0091 
      h03241 11 0.8289 0.0066 0.0797 0.0258 0.0054 0.0139 0.0397 
      h03341 11 0.5448 0.0058 0.1108 0.0055 0.0036 0.0085 0.3211 
      h03441 11 0.8893 0.0246 0.0320 0.0029 0.0039 0.0061 0.0411 
      h03541 11 0.7326 0.0066 0.1021 0.0106 0.0072 0.0168 0.1241 
      h03641 11 0.9023 0.0282 0.0064 0.0142 0.0076 0.0347 0.0066 
      h03741 11 0.2734 0.0062 0.1636 0.0031 0.0069 0.4879 0.0588 
      h03841 11 0.8098 0.0078 0.0568 0.0112 0.0170 0.0140 0.0834 
      h03941 11 0.9792 0.0029 0.0051 0.0034 0.0017 0.0029 0.0047 
      h04041 11 0.7127 0.0034 0.2079 0.0095 0.0029 0.0047 0.0587 
      h04141 11 0.5627 0.0177 0.0824 0.0209 0.0147 0.0423 0.2594 
      h04241 11 0.8887 0.0073 0.0253 0.0086 0.0155 0.0205 0.0341 
      h04341 11 0.8101 0.0060 0.1023 0.0128 0.0198 0.0040 0.0450 
      h04441 11 0.7822 0.0056 0.0633 0.0033 0.0026 0.0047 0.1385 
      h04541 11 0.5979 0.0051 0.2073 0.0049 0.0114 0.0137 0.1597 
      h04641 11 0.7857 0.0084 0.1432 0.0023 0.0084 0.0046 0.0475 
      h04741 11 0.6421 0.0065 0.2669 0.0051 0.0040 0.0034 0.0720 
      h04841 11 0.7539 0.0066 0.1014 0.0386 0.0034 0.0041 0.0919 
      h04941 11 0.5726 0.0038 0.0241 0.0043 0.0089 0.0061 0.3802 
      h05041 11 0.8681 0.0035 0.0310 0.0087 0.0236 0.0044 0.0606 
      h05141 11 0.7784 0.0052 0.1538 0.0358 0.0050 0.0035 0.0183 
      h05241 11 0.8306 0.0128 0.0243 0.0054 0.0031 0.0859 0.0379 
      h05341 11 0.7209 0.0040 0.1312 0.0137 0.0040 0.0160 0.1102 
      h05441 11 0.8097 0.0045 0.0830 0.0133 0.0089 0.0058 0.0747 
      h05541 11 0.7441 0.1749 0.0034 0.0025 0.0572 0.0138 0.0042 
      h05641 11 0.4278 0.3742 0.0853 0.0068 0.0042 0.0098 0.0919 
      h05741 11 0.7749 0.0104 0.0452 0.0030 0.0033 0.0491 0.1140 
      h05841 11 0.8488 0.0263 0.0178 0.0271 0.0092 0.0125 0.0583 
      h05941 11 0.8690 0.0375 0.0205 0.0386 0.0057 0.0099 0.0188 
      h06041 11 0.8705 0.0094 0.0570 0.0182 0.0038 0.0106 0.0304 
      h06141 11 0.9609 0.0035 0.0093 0.0041 0.0030 0.0118 0.0074 
      h06241 11 0.5914 0.0052 0.3433 0.0099 0.0025 0.0153 0.0324 
      h06341 11 0.8755 0.0028 0.0490 0.0055 0.0049 0.0055 0.0567 
      h06441 11 0.8595 0.0106 0.0188 0.0103 0.0023 0.0529 0.0455 
      h06541 11 0.7655 0.0089 0.0650 0.0037 0.0093 0.0044 0.1433 
      h06641 11 0.7116 0.0038 0.1177 0.0052 0.0027 0.0029 0.1562 
      h06741 11 0.7582 0.0064 0.1192 0.0049 0.0041 0.0061 0.1011 
      h06841 11 0.8266 0.0059 0.0251 0.0371 0.0129 0.0455 0.0470 
      h06941 11 0.7663 0.0102 0.0772 0.0088 0.0037 0.0065 0.1272 
      h07041 11 0.9583 0.0120 0.0077 0.0060 0.0028 0.0075 0.0058 
      h07141 11 0.6849 0.0237 0.0793 0.0035 0.0123 0.0053 0.1910 
      h07241 11 0.8041 0.0045 0.0737 0.0053 0.0027 0.0105 0.0991 
      h07341 11 0.8100 0.0037 0.0222 0.0028 0.0093 0.0063 0.1458 
      h07441 11 0.9436 0.0045 0.0219 0.0036 0.0023 0.0106 0.0135 
      h07541 11 0.7192 0.0173 0.0658 0.0048 0.0097 0.0118 0.1714 
      h07641 11 0.8055 0.0105 0.0499 0.0033 0.0061 0.0050 0.1197 
      h07741 11 0.6089 0.0040 0.0865 0.0026 0.0076 0.0045 0.2858 
      h07841 11 0.8405 0.0224 0.0168 0.0801 0.0033 0.0221 0.0147 
      h07941 11 0.7060 0.0112 0.1710 0.0081 0.0054 0.0079 0.0905 
      h08041 11 0.6403 0.0089 0.2203 0.0046 0.0043 0.0084 0.1132 
      h08141 11 0.8709 0.0089 0.0153 0.0033 0.0387 0.0108 0.0521 
      h08241 11 0.7949 0.0062 0.0196 0.0068 0.0071 0.0060 0.1593 
      h08341 11 0.7057 0.0153 0.0596 0.0029 0.0032 0.0048 0.2085 
      h08441 11 0.5699 0.0382 0.2861 0.0084 0.0107 0.0080 0.0788 
      h08541 11 0.1669 0.0114 0.2397 0.0025 0.0151 0.3876 0.1768 
      h08641 11 0.7258 0.0051 0.1802 0.0054 0.0033 0.0102 0.0702 
      h08741 11 0.7798 0.0044 0.0163 0.0150 0.0065 0.0053 0.1728 
      h08841 11 0.7942 0.0058 0.0488 0.0453 0.0375 0.0092 0.0591 
      h08941 11 0.8663 0.0376 0.0356 0.0240 0.0075 0.0064 0.0227 
      h09041 11 0.8520 0.0198 0.0894 0.0064 0.0055 0.0203 0.0066 
      h09141 11 0.8095 0.0063 0.0621 0.0082 0.0126 0.0143 0.0869 
      h09241 11 0.7081 0.0037 0.2315 0.0082 0.0023 0.0094 0.0368 
      h09341 11 0.8994 0.0109 0.0223 0.0028 0.0289 0.0049 0.0308 
      h09441 11 0.9076 0.0049 0.0279 0.0051 0.0066 0.0041 0.0438 
      h09541 11 0.7390 0.0075 0.0160 0.0125 0.1952 0.0126 0.0172 
      h09641 11 0.5561 0.0126 0.1940 0.0084 0.0044 0.0061 0.2184 
      h09741 11 0.6992 0.0045 0.2569 0.0108 0.0025 0.0071 0.0190 
      h09841 11 0.9555 0.0046 0.0119 0.0061 0.0034 0.0048 0.0138 
      h09941 11 0.4110 0.0068 0.4623 0.0109 0.0031 0.0358 0.0701 
      h10041 11 0.7805 0.0095 0.0167 0.0044 0.1423 0.0145 0.0322 
       h0017 12 0.0038 0.0043 0.0765 0.0061 0.8268 0.0074 0.0751 
       h0027 12 0.0042 0.0076 0.2544 0.0044 0.6805 0.0053 0.0436 
       h0037 12 0.0034 0.0080 0.1136 0.0026 0.6064 0.0028 0.2631 
       h0047 12 0.0021 0.0032 0.0412 0.0017 0.8967 0.0029 0.0522 
       h0057 12 0.0023 0.0028 0.0128 0.0018 0.8767 0.0018 0.1017 
       h0067 12 0.0027 0.0033 0.0393 0.0030 0.9201 0.0039 0.0278 
       h0077 12 0.0039 0.0091 0.0518 0.0061 0.8570 0.0032 0.0688 
       h0087 12 0.0056 0.0073 0.1048 0.0115 0.7101 0.0039 0.1568 
       h0097 12 0.0030 0.0021 0.0607 0.0039 0.8309 0.0025 0.0971 
       h0107 12 0.0055 0.0094 0.2642 0.0075 0.6034 0.0172 0.0929 
       h0117 12 0.0074 0.0037 0.0416 0.0033 0.8233 0.0702 0.0506 
       h0127 12 0.0033 0.0034 0.1078 0.0030 0.6768 0.0029 0.2028 
       h0137 12 0.0113 0.0032 0.0231 0.0074 0.6230 0.0042 0.3277 
       h0147 12 0.0032 0.0036 0.3705 0.0041 0.5741 0.0094 0.0351 
       h0157 12 0.0023 0.0034 0.1012 0.0016 0.7750 0.0019 0.1146 
       h0167 12 0.0082 0.0046 0.1627 0.0034 0.7594 0.0050 0.0568 
       h0177 12 0.0051 0.0041 0.0138 0.0088 0.7490 0.0034 0.2158 
       h0187 12 0.0026 0.0026 0.1498 0.0036 0.6790 0.0035 0.1590 
       h0197 12 0.0170 0.0211 0.0577 0.1229 0.6871 0.0072 0.0870 
       h0207 12 0.0038 0.0056 0.0688 0.0017 0.8063 0.0027 0.1111 
       h0217 12 0.0044 0.0104 0.1225 0.0025 0.8210 0.0031 0.0362 
       h0227 12 0.0024 0.0031 0.0633 0.0027 0.7106 0.0029 0.2148 
       h0237 12 0.0030 0.0024 0.1397 0.0030 0.6718 0.0021 0.1780 
       h0247 12 0.0123 0.0172 0.0455 0.0254 0.7957 0.0175 0.0863 
       h0257 12 0.0034 0.0036 0.1525 0.0023 0.6821 0.0027 0.1534 
       h0267 12 0.0238 0.0028 0.0541 0.0116 0.8552 0.0064 0.0460 
       h0277 12 0.0039 0.0040 0.1579 0.0026 0.7138 0.0033 0.1145 
       h0287 12 0.0087 0.0183 0.0751 0.0045 0.6311 0.0798 0.1824 
       h0297 12 0.0034 0.0042 0.0164 0.0026 0.7491 0.0026 0.2216 
       h0307 12 0.0036 0.0034 0.3247 0.0025 0.5910 0.0028 0.0720 
       h0317 12 0.0042 0.0212 0.0172 0.0027 0.9016 0.0054 0.0478 
       h0327 12 0.0023 0.0035 0.0853 0.0018 0.7367 0.0035 0.1670 
       h0337 12 0.0057 0.0072 0.1641 0.0101 0.7168 0.0049 0.0911 
       h0347 12 0.2219 0.0125 0.0146 0.0072 0.6083 0.0148 0.1208 
       h0357 12 0.0026 0.0036 0.3840 0.0027 0.5181 0.0036 0.0853 
       h0367 12 0.0020 0.0022 0.0431 0.0018 0.9220 0.0037 0.0252 
       h0377 12 0.0262 0.0040 0.0533 0.0263 0.6194 0.0038 0.2670 
       h0387 12 0.0039 0.0035 0.1216 0.0051 0.8430 0.0034 0.0196 
       h0397 12 0.0107 0.0050 0.1676 0.0041 0.7055 0.0100 0.0971 
       h0407 12 0.0053 0.0056 0.0256 0.0080 0.5782 0.0047 0.3725 
       h0417 12 0.0050 0.0042 0.0690 0.0070 0.8376 0.0021 0.0752 
       h0427 12 0.0098 0.0049 0.0860 0.0090 0.7872 0.0032 0.1000 
       h0437 12 0.0035 0.0121 0.0692 0.0053 0.7921 0.0025 0.1152 
       h0447 12 0.0026 0.0054 0.2433 0.0024 0.7338 0.0028 0.0098 
       h0457 12 0.0027 0.0054 0.0563 0.0061 0.8265 0.0034 0.0997 
       h0467 12 0.0055 0.0032 0.0623 0.0037 0.7536 0.0062 0.1655 
       h0477 12 0.0062 0.0139 0.0714 0.0027 0.6897 0.0040 0.2121 
       h0487 12 0.0025 0.0032 0.0043 0.0015 0.9820 0.0035 0.0030 
       h0497 12 0.0224 0.0265 0.0946 0.0043 0.7839 0.0285 0.0399 
       h0507 12 0.0148 0.0145 0.1237 0.0081 0.7571 0.0088 0.0731 
       h0517 12 0.0027 0.0033 0.1444 0.0026 0.7831 0.0031 0.0607 
       h0527 12 0.0027 0.0030 0.2500 0.0018 0.7181 0.0029 0.0214 
       h0537 12 0.0951 0.0939 0.0107 0.0039 0.7593 0.0050 0.0321 
       h0547 12 0.0044 0.0039 0.1475 0.0022 0.6885 0.0023 0.1513 
       h0557 12 0.0045 0.0027 0.1379 0.0023 0.5953 0.0048 0.2525 
       h0567 12 0.0140 0.0116 0.0558 0.0020 0.8496 0.0028 0.0641 
       h0577 12 0.0088 0.0043 0.2234 0.0043 0.6823 0.0094 0.0676 
       h0587 12 0.0025 0.0026 0.2196 0.0031 0.7203 0.0024 0.0495 
       h0597 12 0.0154 0.0027 0.0236 0.0040 0.9175 0.0060 0.0307 
       h0607 12 0.0019 0.0029 0.0311 0.0032 0.8192 0.0025 0.1392 
       h0617 12 0.0050 0.0029 0.2677 0.0066 0.6468 0.0044 0.0667 
       h0627 12 0.0065 0.0035 0.0574 0.0022 0.8308 0.0023 0.0972 
       h0637 12 0.0055 0.0114 0.2039 0.0042 0.5798 0.0031 0.1921 
       h0647 12 0.0035 0.0053 0.2624 0.0017 0.6285 0.0052 0.0934 
       h0657 12 0.0049 0.0044 0.0031 0.0068 0.9738 0.0033 0.0038 
       h0667 12 0.0026 0.0039 0.0639 0.0052 0.7199 0.0054 0.1992 
       h0677 12 0.0072 0.0186 0.1049 0.0019 0.6979 0.0038 0.1659 
       h0687 12 0.0038 0.0035 0.1783 0.0022 0.7443 0.0059 0.0620 
       h0697 12 0.0056 0.0042 0.0987 0.0079 0.8058 0.0172 0.0607 
       h0707 12 0.0029 0.0043 0.1231 0.0018 0.7112 0.0028 0.1538 
       h0717 12 0.0247 0.0069 0.0722 0.0047 0.7256 0.0377 0.1282 
       h0727 12 0.0103 0.0048 0.1214 0.0061 0.6594 0.0364 0.1617 
       h0737 12 0.0019 0.0020 0.1841 0.0035 0.7740 0.0027 0.0318 
       h0747 12 0.0041 0.0167 0.1110 0.0017 0.8021 0.0052 0.0593 
       h0757 12 0.0223 0.1675 0.0185 0.0028 0.7466 0.0139 0.0285 
       h0767 12 0.0067 0.0058 0.0578 0.0077 0.7482 0.0576 0.1161 
       h0777 12 0.0032 0.0040 0.0897 0.0061 0.6766 0.0075 0.2131 
       h0787 12 0.0066 0.0068 0.1084 0.0052 0.7324 0.0088 0.1317 
       h0797 12 0.0086 0.0369 0.0874 0.0030 0.6670 0.0042 0.1929 
       h0807 12 0.0027 0.0035 0.1856 0.0026 0.7471 0.0056 0.0529 
       h0817 12 0.0046 0.0110 0.0239 0.0019 0.9216 0.0036 0.0334 
       h0827 12 0.0030 0.0048 0.2852 0.0069 0.6766 0.0031 0.0204 
       h0837 12 0.0028 0.0024 0.1582 0.0029 0.7099 0.0028 0.1209 
       h0847 12 0.0038 0.0104 0.0771 0.0035 0.6796 0.0038 0.2219 
       h0857 12 0.0060 0.0042 0.1223 0.0023 0.7889 0.0034 0.0729 
       h0867 12 0.0041 0.0034 0.1422 0.0034 0.7382 0.0031 0.1057 
       h0877 12 0.0035 0.0046 0.0599 0.0021 0.7857 0.0019 0.1424 
       h0887 12 0.0098 0.0027 0.0618 0.0017 0.7730 0.0036 0.1474 
       h0897 12 0.0025 0.0027 0.1652 0.0017 0.7778 0.0021 0.0480 
       h0907 12 0.0036 0.0055 0.0712 0.0029 0.7029 0.0027 0.2111 
       h0917 12 0.0135 0.0039 0.1661 0.0115 0.5600 0.0056 0.2393 
       h0927 12 0.0088 0.0088 0.0680 0.0030 0.7881 0.0063 0.1170 
       h0937 12 0.0048 0.0032 0.0802 0.0057 0.7318 0.0072 0.1670 
       h0947 12 0.0074 0.0074 0.1787 0.0036 0.5801 0.0036 0.2192 
       h0957 12 0.0031 0.0046 0.1784 0.0018 0.7621 0.0083 0.0416 
       h0967 12 0.0027 0.0030 0.0994 0.0025 0.7662 0.0041 0.1222 
       h0977 12 0.0043 0.0063 0.0854 0.0031 0.7930 0.0074 0.1006 
       h0987 12 0.0043 0.0040 0.0815 0.0043 0.6964 0.0037 0.2057 
       h0997 12 0.0042 0.0036 0.1297 0.0018 0.7585 0.0024 0.0999 
       h1007 12 0.0047 0.0205 0.0265 0.0054 0.8860 0.0062 0.0507 
      h00110 13 0.0030 0.0052 0.1390 0.7604 0.0029 0.0058 0.0837 
      h00210 13 0.0075 0.0150 0.2000 0.6598 0.0569 0.0125 0.0483 
      h00310 13 0.0049 0.0028 0.2340 0.5965 0.0053 0.0028 0.1538 
      h00410 13 0.0082 0.0082 0.0434 0.8446 0.0127 0.0108 0.0722 
      h00510 13 0.0144 0.0071 0.0140 0.9227 0.0087 0.0204 0.0127 
      h00610 13 0.0034 0.0020 0.1942 0.7807 0.0021 0.0032 0.0143 
      h00710 13 0.0032 0.0043 0.0586 0.8329 0.0053 0.0039 0.0918 
      h00810 13 0.0058 0.0055 0.1516 0.7187 0.0028 0.0095 0.1061 
      h00910 13 0.0057 0.0050 0.0237 0.9192 0.0125 0.0106 0.0235 
      h01010 13 0.0054 0.0042 0.3693 0.5803 0.0111 0.0058 0.0239 
      h01110 13 0.0087 0.0294 0.0871 0.7734 0.0020 0.0029 0.0965 
      h01210 13 0.0036 0.0074 0.1513 0.7432 0.0029 0.0054 0.0861 
      h01310 13 0.0042 0.0039 0.0591 0.6902 0.0029 0.0036 0.2360 
      h01410 13 0.0104 0.0125 0.0711 0.8083 0.0090 0.0037 0.0850 
      h01510 13 0.0034 0.0091 0.2245 0.6297 0.0028 0.0023 0.1281 
      h01610 13 0.0067 0.0094 0.1454 0.7156 0.0223 0.0040 0.0966 
      h01710 13 0.0064 0.0037 0.0635 0.7669 0.0044 0.0069 0.1482 
      h01810 13 0.0025 0.0021 0.1221 0.7613 0.0017 0.0027 0.1076 
      h01910 13 0.0086 0.0029 0.1401 0.7637 0.0023 0.0132 0.0691 
      h02010 13 0.0038 0.0033 0.2688 0.7053 0.0035 0.0060 0.0094 
      h02110 13 0.0064 0.0076 0.0534 0.8055 0.0058 0.0038 0.1176 
      h02210 13 0.0029 0.0080 0.0286 0.8680 0.0316 0.0045 0.0564 
      h02310 13 0.0074 0.0062 0.1502 0.6464 0.0595 0.0117 0.1187 
      h02410 13 0.0058 0.0148 0.2468 0.6638 0.0183 0.0117 0.0387 
      h02510 13 0.0033 0.0044 0.0347 0.8310 0.1057 0.0088 0.0121 
      h02610 13 0.0046 0.0029 0.1781 0.6888 0.0048 0.0058 0.1150 
      h02710 13 0.0051 0.0036 0.0361 0.9020 0.0033 0.0119 0.0381 
      h02810 13 0.0095 0.0138 0.0500 0.8644 0.0173 0.0105 0.0345 
      h02910 13 0.0034 0.0029 0.0206 0.7459 0.0061 0.0087 0.2125 
      h03010 13 0.0112 0.0041 0.0207 0.8279 0.0073 0.0192 0.1096 
      h03110 13 0.0463 0.0139 0.0279 0.8635 0.0028 0.0187 0.0268 
      h03210 13 0.0027 0.0023 0.1843 0.7877 0.0023 0.0052 0.0156 
      h03310 13 0.0043 0.0037 0.0385 0.7622 0.0018 0.0050 0.1845 
      h03410 13 0.0067 0.0049 0.2345 0.7067 0.0050 0.0056 0.0366 
      h03510 13 0.0025 0.0027 0.2183 0.7620 0.0022 0.0054 0.0069 
      h03610 13 0.0042 0.0024 0.1664 0.7052 0.0029 0.0042 0.1147 
      h03710 13 0.0052 0.0118 0.2341 0.6229 0.0138 0.0171 0.0951 
      h03810 13 0.0039 0.0031 0.1039 0.7975 0.0031 0.0046 0.0840 
      h03910 13 0.0041 0.0027 0.2020 0.6715 0.0038 0.0037 0.1124 
      h04010 13 0.0033 0.0040 0.1081 0.6837 0.0042 0.0070 0.1897 
      h04110 13 0.0025 0.0018 0.0267 0.6752 0.0019 0.0045 0.2874 
      h04210 13 0.0596 0.0090 0.0943 0.7369 0.0141 0.0235 0.0624 
      h04310 13 0.0029 0.0021 0.1185 0.7502 0.0025 0.0035 0.1203 
      h04410 13 0.0049 0.0047 0.0609 0.7155 0.0030 0.0067 0.2042 
      h04510 13 0.0051 0.0052 0.3261 0.6182 0.0024 0.0041 0.0390 
      h04610 13 0.0068 0.0038 0.0796 0.7884 0.0026 0.0037 0.1151 
      h04710 13 0.0088 0.0116 0.1350 0.7018 0.0025 0.0041 0.1361 
      h04810 13 0.0038 0.0079 0.1108 0.7686 0.0027 0.0088 0.0974 
      h04910 13 0.0052 0.0059 0.0497 0.8685 0.0025 0.0042 0.0641 
      h05010 13 0.0080 0.0032 0.0557 0.8764 0.0019 0.0044 0.0504 
      h05110 13 0.0103 0.0054 0.0924 0.6178 0.0111 0.0071 0.2560 
      h05210 13 0.0042 0.1893 0.0320 0.6999 0.0070 0.0027 0.0649 
      h05310 13 0.0124 0.0130 0.0892 0.6412 0.0035 0.0220 0.2188 
      h05410 13 0.0322 0.0116 0.0252 0.6866 0.0096 0.0136 0.2213 
      h05510 13 0.0038 0.0023 0.0069 0.9760 0.0036 0.0035 0.0040 
      h05610 13 0.0024 0.0143 0.0768 0.8395 0.0037 0.0023 0.0609 
      h05710 13 0.0123 0.1293 0.0617 0.6221 0.0087 0.0256 0.1403 
      h05810 13 0.0045 0.0058 0.2335 0.7076 0.0060 0.0024 0.0402 
      h05910 13 0.0058 0.0063 0.0601 0.6807 0.0565 0.0045 0.1862 
      h06010 13 0.0035 0.0123 0.1353 0.7139 0.0031 0.0028 0.1291 
      h06110 13 0.0095 0.0036 0.2124 0.7501 0.0024 0.0039 0.0180 
      h06210 13 0.0057 0.0195 0.1429 0.7061 0.0052 0.0069 0.1136 
      h06310 13 0.1054 0.0088 0.1149 0.6913 0.0028 0.0045 0.0724 
      h06410 13 0.0077 0.0037 0.0848 0.8340 0.0039 0.0047 0.0611 
      h06510 13 0.0201 0.0167 0.0336 0.8260 0.0054 0.0748 0.0234 
      h06610 13 0.0053 0.0300 0.1464 0.6704 0.0041 0.0037 0.1401 
      h06710 13 0.0076 0.0162 0.0852 0.7553 0.0026 0.0146 0.1184 
      h06810 13 0.0032 0.0034 0.1320 0.7517 0.0025 0.0253 0.0819 
      h06910 13 0.0033 0.0057 0.0839 0.7393 0.0092 0.0068 0.1518 
      h07010 13 0.0094 0.0056 0.0427 0.7975 0.0095 0.0035 0.1318 
      h07110 13 0.0053 0.0051 0.1671 0.7195 0.0056 0.0072 0.0902 
      h07210 13 0.0072 0.0028 0.0913 0.8124 0.0020 0.0076 0.0767 
      h07310 13 0.0026 0.0032 0.1093 0.8224 0.0036 0.0053 0.0536 
      h07410 13 0.0068 0.0142 0.0716 0.8019 0.0031 0.0067 0.0958 
      h07510 13 0.0053 0.0162 0.0945 0.7861 0.0026 0.0116 0.0837 
      h07610 13 0.0059 0.0077 0.3862 0.5574 0.0024 0.0037 0.0366 
      h07710 13 0.0313 0.0342 0.0935 0.6738 0.0038 0.0854 0.0779 
      h07810 13 0.0064 0.0043 0.1774 0.6853 0.0079 0.0064 0.1123 
      h07910 13 0.0035 0.0027 0.0942 0.8109 0.0025 0.0031 0.0832 
      h08010 13 0.0052 0.0036 0.1111 0.6283 0.0030 0.0041 0.2448 
      h08110 13 0.0026 0.0021 0.0678 0.8615 0.0020 0.0026 0.0614 
      h08210 13 0.0032 0.0151 0.1193 0.7099 0.0078 0.0051 0.1396 
      h08310 13 0.0111 0.0128 0.0730 0.8509 0.0026 0.0038 0.0459 
      h08410 13 0.0026 0.0046 0.2959 0.6597 0.0021 0.0033 0.0317 
      h08510 13 0.0112 0.0594 0.0724 0.6938 0.0047 0.0055 0.1530 
      h08610 13 0.0144 0.0108 0.0811 0.7785 0.0020 0.0108 0.1024 
      h08710 13 0.0225 0.0142 0.0470 0.7341 0.0052 0.0041 0.1729 
      h08810 13 0.0122 0.0068 0.1321 0.7865 0.0107 0.0041 0.0476 
      h08910 13 0.0029 0.0028 0.0367 0.8521 0.0022 0.0054 0.0980 
      h09010 13 0.0061 0.0090 0.0392 0.8898 0.0069 0.0090 0.0401 
      h09110 13 0.0023 0.0025 0.0870 0.8708 0.0021 0.0040 0.0312 
      h09210 13 0.0025 0.0021 0.0043 0.9822 0.0020 0.0030 0.0038 
      h09310 13 0.0051 0.0038 0.2862 0.6392 0.0049 0.0049 0.0560 
      h09410 13 0.0028 0.0717 0.0146 0.8892 0.0049 0.0024 0.0145 
      h09510 13 0.0040 0.0034 0.0610 0.8166 0.0041 0.0039 0.1070 
      h09610 13 0.0077 0.0031 0.0152 0.7305 0.0044 0.0049 0.2342 
      h09710 13 0.0047 0.0029 0.0726 0.6266 0.0059 0.0025 0.2849 
      h09810 13 0.0086 0.0167 0.0910 0.7202 0.0120 0.0049 0.1467 
      h09910 13 0.0028 0.0027 0.2104 0.6767 0.0019 0.0071 0.0986 
      h10010 13 0.0025 0.0028 0.1536 0.8046 0.0022 0.0049 0.0295 
      h00113 14 0.0029 0.0068 0.0725 0.0182 0.0019 0.8607 0.0370 
      h00213 14 0.0062 0.0061 0.1766 0.0034 0.0120 0.7111 0.0847 
      h00313 14 0.0258 0.0083 0.1450 0.0661 0.0049 0.6712 0.0786 
      h00413 14 0.0046 0.0097 0.1068 0.0040 0.0053 0.7446 0.1250 
      h00513 14 0.0583 0.0563 0.0772 0.0035 0.0087 0.7550 0.0409 
      h00613 14 0.0032 0.0051 0.1269 0.0083 0.0168 0.7396 0.1002 
      h00713 14 0.0036 0.0117 0.0673 0.0037 0.0030 0.7267 0.1840 
      h00813 14 0.0063 0.0095 0.1557 0.0046 0.0066 0.7017 0.1156 
      h00913 14 0.0138 0.0056 0.0314 0.0110 0.0046 0.8087 0.1249 
      h01013 14 0.0128 0.0063 0.0718 0.0089 0.0102 0.7620 0.1281 
      h01113 14 0.0071 0.0052 0.0534 0.0046 0.0037 0.8662 0.0599 
      h01213 14 0.0123 0.0157 0.0499 0.0094 0.0053 0.8283 0.0792 
      h01313 14 0.0231 0.0152 0.0591 0.0049 0.0277 0.6024 0.2677 
      h01413 14 0.0070 0.0156 0.0383 0.0301 0.0122 0.7286 0.1682 
      h01513 14 0.0302 0.0044 0.1026 0.0099 0.0038 0.7744 0.0748 
      h01613 14 0.0057 0.0040 0.0063 0.0062 0.0218 0.9464 0.0095 
      h01713 14 0.0247 0.0040 0.2098 0.0035 0.0079 0.7276 0.0226 
      h01813 14 0.0037 0.0041 0.3184 0.0049 0.0187 0.5254 0.1248 
      h01913 14 0.0049 0.0050 0.0757 0.0073 0.0071 0.6382 0.2619 
      h02013 14 0.0097 0.0205 0.0079 0.0088 0.0854 0.8587 0.0090 
      h02113 14 0.0096 0.0052 0.0043 0.0215 0.0057 0.9482 0.0055 
      h02213 14 0.0243 0.0146 0.0277 0.0047 0.0112 0.8900 0.0275 
      h02313 14 0.0032 0.0040 0.0110 0.0332 0.0231 0.9145 0.0110 
      h02413 14 0.0067 0.0067 0.2542 0.0088 0.0051 0.6193 0.0993 
      h02513 14 0.0115 0.0089 0.2738 0.0058 0.0095 0.5106 0.1799 
      h02613 14 0.0256 0.0044 0.0301 0.0277 0.0035 0.8739 0.0347 
      h02713 14 0.0034 0.0037 0.0418 0.0030 0.0056 0.6341 0.3084 
      h02813 14 0.0040 0.0091 0.0559 0.0040 0.0121 0.8385 0.0764 
      h02913 14 0.0050 0.0023 0.2167 0.0030 0.0028 0.6914 0.0787 
      h03013 14 0.0049 0.0039 0.0433 0.0036 0.0943 0.7372 0.1127 
      h03113 14 0.0063 0.0043 0.0272 0.0102 0.0030 0.7782 0.1707 
      h03213 14 0.0060 0.0032 0.0084 0.0042 0.0026 0.7044 0.2712 
      h03313 14 0.0076 0.0023 0.0843 0.0040 0.0046 0.6898 0.2074 
      h03413 14 0.0147 0.0146 0.0209 0.0078 0.0436 0.6026 0.2959 
      h03513 14 0.0059 0.0118 0.0581 0.0123 0.0647 0.7983 0.0490 
      h03613 14 0.0035 0.0053 0.0853 0.0035 0.0050 0.7353 0.1622 
      h03713 14 0.0102 0.0198 0.0129 0.1668 0.0106 0.7558 0.0239 
      h03813 14 0.0115 0.0058 0.1113 0.0031 0.0081 0.7762 0.0840 
      h03913 14 0.0052 0.0039 0.0204 0.0046 0.0032 0.5912 0.3715 
      h04013 14 0.0027 0.0025 0.1719 0.0026 0.0025 0.8068 0.0109 
      h04113 14 0.0068 0.0054 0.1350 0.0183 0.0031 0.6267 0.2047 
      h04213 14 0.0029 0.0047 0.0254 0.0038 0.0101 0.9396 0.0135 
      h04313 14 0.0048 0.0190 0.1148 0.0045 0.0066 0.7785 0.0718 
      h04413 14 0.0046 0.0095 0.1719 0.0219 0.0034 0.6995 0.0892 
      h04513 14 0.0066 0.0045 0.0799 0.0033 0.0063 0.7819 0.1175 
      h04613 14 0.0116 0.0164 0.2435 0.0083 0.0064 0.6141 0.0998 
      h04713 14 0.0105 0.0228 0.0407 0.0245 0.0061 0.8314 0.0640 
      h04813 14 0.0034 0.0028 0.2378 0.0025 0.0052 0.6577 0.0906 
      h04913 14 0.0042 0.0027 0.1419 0.0697 0.0024 0.6806 0.0984 
      h05013 14 0.0066 0.0041 0.1640 0.0028 0.0028 0.6377 0.1821 
      h05113 14 0.0117 0.0083 0.0160 0.0069 0.0077 0.9174 0.0321 
      h05213 14 0.0031 0.0065 0.1229 0.0030 0.0043 0.7651 0.0950 
      h05313 14 0.0052 0.0041 0.0073 0.0068 0.0047 0.9661 0.0059 
      h05413 14 0.0133 0.0049 0.1285 0.0116 0.0149 0.7754 0.0514 
      h05513 14 0.0097 0.0096 0.0669 0.0058 0.0183 0.8097 0.0799 
      h05613 14 0.0058 0.0049 0.0418 0.0032 0.0021 0.8222 0.1200 
      h05713 14 0.0143 0.0046 0.0900 0.0031 0.0046 0.8028 0.0807 
      h05813 14 0.0050 0.0029 0.0448 0.0041 0.0052 0.8918 0.0462 
      h05913 14 0.0073 0.0051 0.0319 0.0062 0.0175 0.9023 0.0296 
      h06013 14 0.0054 0.0054 0.0243 0.0024 0.0027 0.7001 0.2597 
      h06113 14 0.0040 0.0055 0.4019 0.0050 0.0043 0.5236 0.0558 
      h06213 14 0.0030 0.0034 0.3042 0.0311 0.0038 0.4948 0.1597 
      h06313 14 0.0048 0.0091 0.0327 0.0030 0.0117 0.8607 0.0779 
      h06413 14 0.0083 0.0144 0.0506 0.0044 0.0022 0.7576 0.1624 
      h06513 14 0.0134 0.0133 0.0868 0.0055 0.0060 0.7929 0.0821 
      h06613 14 0.0477 0.0038 0.0518 0.0044 0.0092 0.8163 0.0668 
      h06713 14 0.0112 0.0047 0.0430 0.0313 0.0320 0.8552 0.0226 
      h06813 14 0.0133 0.0038 0.1050 0.0079 0.0038 0.7737 0.0924 
      h06913 14 0.0067 0.0044 0.1385 0.0071 0.0045 0.6188 0.2199 
      h07013 14 0.0048 0.0699 0.0410 0.0047 0.0067 0.8065 0.0665 
      h07113 14 0.0070 0.0091 0.0937 0.0062 0.0070 0.7679 0.1090 
      h07213 14 0.0057 0.0036 0.0761 0.0122 0.0051 0.6957 0.2014 
      h07313 14 0.0124 0.0031 0.1080 0.0260 0.0038 0.6529 0.1938 
      h07413 14 0.0093 0.0058 0.0371 0.0023 0.0026 0.8889 0.0539 
      h07513 14 0.0070 0.0047 0.1650 0.0178 0.0052 0.6831 0.1172 
      h07613 14 0.0674 0.0050 0.0751 0.0038 0.0114 0.6572 0.1801 
      h07713 14 0.0051 0.0117 0.0207 0.0077 0.0035 0.5299 0.4215 
      h07813 14 0.0055 0.0531 0.0328 0.0021 0.0600 0.8290 0.0175 
      h07913 14 0.0059 0.0037 0.1239 0.0027 0.0037 0.7599 0.1001 
      h08013 14 0.0079 0.0064 0.2354 0.0070 0.0021 0.6750 0.0662 
      h08113 14 0.0038 0.0031 0.0912 0.0020 0.0073 0.7989 0.0936 
      h08213 14 0.0040 0.0041 0.1257 0.0024 0.0022 0.7450 0.1166 
      h08313 14 0.0050 0.0048 0.0690 0.0023 0.0036 0.7977 0.1177 
      h08413 14 0.0037 0.0099 0.0993 0.0089 0.0028 0.7370 0.1384 
      h08513 14 0.0048 0.0030 0.1443 0.0756 0.0026 0.6384 0.1313 
      h08613 14 0.0472 0.0060 0.1131 0.0150 0.0029 0.6827 0.1331 
      h08713 14 0.0034 0.0054 0.1554 0.0087 0.0035 0.7416 0.0821 
      h08813 14 0.0079 0.0104 0.1170 0.0088 0.0100 0.6200 0.2260 
      h08913 14 0.0081 0.0034 0.0404 0.0281 0.0053 0.8815 0.0333 
      h09013 14 0.0394 0.0045 0.0915 0.0178 0.0035 0.7265 0.1169 
      h09113 14 0.0472 0.0046 0.0866 0.0048 0.0030 0.7642 0.0896 
      h09213 14 0.0074 0.0101 0.1196 0.0391 0.0040 0.7492 0.0706 
      h09313 14 0.0072 0.0104 0.0515 0.0025 0.0053 0.7493 0.1740 
      h09413 14 0.0044 0.0062 0.0063 0.0040 0.0036 0.9663 0.0091 
      h09513 14 0.0050 0.0078 0.1349 0.0071 0.0060 0.7675 0.0715 
      h09613 14 0.0100 0.0107 0.0211 0.2859 0.0103 0.6439 0.0182 
      h09713 14 0.0041 0.0028 0.0868 0.0053 0.0025 0.8513 0.0472 
      h09813 14 0.0058 0.0186 0.1308 0.0083 0.0080 0.7773 0.0514 
      h09913 14 0.0288 0.0228 0.0652 0.0778 0.0281 0.7512 0.0262 
      h10013 14 0.0056 0.0040 0.1123 0.0050 0.0162 0.7135 0.1434 
       W23CA 15 0.0352 0.9039 0.0067 0.0221 0.0036 0.0231 0.0055 
     AP.085Y 15 0.0102 0.9445 0.0048 0.0177 0.0104 0.0077 0.0046 
     CH.0LLY 15 0.1064 0.4948 0.2919 0.0316 0.0119 0.0111 0.0523 
       M0LEC 15 0.0164 0.9702 0.0023 0.0030 0.0022 0.0032 0.0027 
       M2C3H 15 0.0327 0.7967 0.0639 0.0333 0.0145 0.0328 0.0261 
       M2CHL 15 0.0597 0.4459 0.2974 0.0277 0.0225 0.0337 0.1132 
       W26P7 15 0.0054 0.9394 0.0127 0.0095 0.0035 0.0176 0.0120 
     AP.07M5 15 0.0074 0.8537 0.0052 0.0029 0.1149 0.0089 0.0071 
     AP.080U 15 0.0068 0.9535 0.0087 0.0117 0.0025 0.0081 0.0085 
     AP.082A 15 0.0043 0.9777 0.0029 0.0025 0.0054 0.0042 0.0029 
     AP.0843 15 0.0247 0.9391 0.0085 0.0044 0.0048 0.0027 0.0159 
     AP.0844 15 0.0080 0.8603 0.0326 0.0280 0.0024 0.0079 0.0610 
     AP.084X 15 0.0047 0.9720 0.0070 0.0020 0.0046 0.0046 0.0051 
     AP.086Y 15 0.0053 0.8494 0.0421 0.0039 0.0049 0.0799 0.0144 
     AP.0870 15 0.0089 0.8010 0.0106 0.0584 0.0030 0.1092 0.0089 
     AP.0878 15 0.0239 0.8266 0.0260 0.0330 0.0043 0.0653 0.0209 
     AP.087F 15 0.0235 0.8584 0.0573 0.0221 0.0039 0.0067 0.0280 
     AP.087Y 15 0.0215 0.5889 0.2697 0.0202 0.0061 0.0122 0.0814 
     AP.088P 15 0.0069 0.9620 0.0058 0.0031 0.0071 0.0086 0.0066 
     AP.08AK 15 0.0046 0.9342 0.0099 0.0021 0.0339 0.0035 0.0118 
     CH.0LLM 15 0.0042 0.8871 0.0182 0.0612 0.0045 0.0136 0.0113 
     CH.0LLU 15 0.0145 0.7492 0.0746 0.0646 0.0048 0.0096 0.0827 
     CH.0LM0 15 0.0837 0.8455 0.0117 0.0052 0.0173 0.0031 0.0335 
     CH.0LM3 15 0.0069 0.9636 0.0066 0.0024 0.0073 0.0039 0.0092 
       W26MY 15 0.0068 0.7839 0.0710 0.0168 0.0389 0.0267 0.0559 
       W26P6 15 0.0085 0.9047 0.0272 0.0023 0.0053 0.0067 0.0454 
      HRV07U 15 0.1014 0.7963 0.0103 0.0662 0.0035 0.0126 0.0097 
      HRV1CT 15 0.0054 0.9722 0.0036 0.0051 0.0050 0.0053 0.0033 
      HRV1CU 15 0.0041 0.9763 0.0022 0.0041 0.0055 0.0055 0.0023 
      HRV1E6 15 0.0055 0.9661 0.0024 0.0032 0.0042 0.0140 0.0046 
      HRV081 15 0.0032 0.9803 0.0017 0.0018 0.0082 0.0028 0.0020 
      HRV1E3 15 0.0099 0.9662 0.0055 0.0058 0.0028 0.0035 0.0063 
      MSV21E 15 0.0048 0.8853 0.0321 0.0055 0.0418 0.0110 0.0194 
      MSV216 15 0.0106 0.5944 0.0029 0.0094 0.0137 0.3663 0.0027 
       M0TYK 15 0.0052 0.9533 0.0137 0.0040 0.0048 0.0078 0.0111 
      MSV2AA 15 0.0037 0.9428 0.0213 0.0039 0.0038 0.0063 0.0182 
     CK.0PET 15 0.0492 0.7153 0.0728 0.0139 0.0296 0.0424 0.0768 
       M2E8C 15 0.0038 0.9768 0.0033 0.0044 0.0044 0.0038 0.0034 
      MSV23X 15 0.0041 0.8912 0.0338 0.0044 0.0266 0.0197 0.0202 
      MSV32A 15 0.1138 0.8150 0.0198 0.0039 0.0038 0.0206 0.0231 
     AP.0838 15 0.0056 0.9081 0.0041 0.0684 0.0018 0.0082 0.0038 
     AP.088F 15 0.0813 0.8401 0.0091 0.0327 0.0029 0.0265 0.0073 
      h00121 16 0.0094 0.8580 0.0434 0.0058 0.0065 0.0387 0.0383 
      h00221 16 0.0061 0.9491 0.0027 0.0265 0.0057 0.0069 0.0030 
      h00321 16 0.0385 0.8562 0.0450 0.0053 0.0066 0.0046 0.0437 
      h00421 16 0.0454 0.9113 0.0070 0.0185 0.0050 0.0053 0.0076 
      h00521 16 0.0700 0.8334 0.0186 0.0148 0.0075 0.0396 0.0161 
      h00621 16 0.0269 0.9237 0.0057 0.0052 0.0062 0.0081 0.0242 
      h00721 16 0.0054 0.9637 0.0064 0.0043 0.0090 0.0059 0.0052 
      h00821 16 0.0816 0.7088 0.0081 0.1818 0.0026 0.0064 0.0108 
      h00921 16 0.7718 0.0249 0.0910 0.0021 0.0046 0.0045 0.1010 
      h01021 16 0.0603 0.9057 0.0118 0.0030 0.0050 0.0037 0.0105 
      h01121 16 0.0087 0.8673 0.0192 0.0224 0.0525 0.0052 0.0247 
      h01221 16 0.1572 0.7782 0.0212 0.0033 0.0031 0.0137 0.0233 
      h01321 16 0.0046 0.9776 0.0020 0.0028 0.0041 0.0067 0.0021 
      h01421 16 0.0185 0.7739 0.0422 0.0056 0.0103 0.0128 0.1367 
      h01521 16 0.0231 0.9065 0.0054 0.0435 0.0094 0.0068 0.0051 
      h01621 16 0.0038 0.9080 0.0069 0.0052 0.0211 0.0490 0.0060 
      h01721 16 0.0080 0.9251 0.0166 0.0146 0.0060 0.0162 0.0136 
      h01821 16 0.0124 0.8823 0.0290 0.0180 0.0038 0.0126 0.0418 
      h01921 16 0.0420 0.7450 0.0840 0.0105 0.0275 0.0040 0.0870 
      h02021 16 0.0095 0.9034 0.0305 0.0034 0.0063 0.0033 0.0435 
      h02121 16 0.0062 0.9646 0.0028 0.0031 0.0076 0.0127 0.0030 
      h02221 16 0.0254 0.8303 0.0252 0.0131 0.0724 0.0070 0.0267 
      h02321 16 0.0094 0.9483 0.0125 0.0074 0.0040 0.0049 0.0134 
      h02421 16 0.0201 0.8242 0.0369 0.0193 0.0084 0.0646 0.0265 
      h02521 16 0.0209 0.7312 0.0148 0.0069 0.0031 0.1727 0.0505 
      h02621 16 0.2777 0.4901 0.0506 0.0070 0.0964 0.0158 0.0623 
      h02721 16 0.0060 0.9767 0.0031 0.0025 0.0055 0.0032 0.0029 
      h02821 16 0.0034 0.7893 0.1089 0.0028 0.0069 0.0035 0.0852 
      h02921 16 0.0083 0.9526 0.0058 0.0144 0.0035 0.0085 0.0070 
      h03021 16 0.0531 0.9120 0.0067 0.0082 0.0030 0.0108 0.0060 
      h03121 16 0.0049 0.9428 0.0059 0.0279 0.0070 0.0061 0.0054 
      h03221 16 0.0086 0.7678 0.1239 0.0032 0.0040 0.0050 0.0875 
      h03321 16 0.0032 0.9783 0.0035 0.0037 0.0034 0.0050 0.0029 
      h03421 16 0.0121 0.9367 0.0137 0.0030 0.0046 0.0159 0.0139 
      h03521 16 0.0058 0.9759 0.0023 0.0056 0.0035 0.0044 0.0024 
      h03621 16 0.0134 0.8293 0.0538 0.0070 0.0123 0.0121 0.0722 
      h03721 16 0.0031 0.9693 0.0048 0.0028 0.0081 0.0066 0.0051 
      h03821 16 0.0052 0.9607 0.0058 0.0055 0.0051 0.0113 0.0064 
      h03921 16 0.0111 0.9498 0.0047 0.0049 0.0148 0.0097 0.0051 
      h04021 16 0.0074 0.7120 0.0707 0.0051 0.0282 0.0153 0.1612 
      h04121 16 0.0083 0.9651 0.0039 0.0032 0.0118 0.0033 0.0044 
      h04221 16 0.0069 0.9374 0.0122 0.0040 0.0134 0.0093 0.0170 
      h04321 16 0.0156 0.7532 0.0861 0.0061 0.0084 0.0238 0.1067 
      h04421 16 0.0148 0.7949 0.0618 0.0023 0.0101 0.0048 0.1112 
      h04521 16 0.0089 0.8907 0.0344 0.0085 0.0086 0.0027 0.0462 
      h04621 16 0.2506 0.7040 0.0082 0.0039 0.0034 0.0216 0.0082 
      h04721 16 0.0062 0.7235 0.1932 0.0029 0.0122 0.0042 0.0578 
      h04821 16 0.0041 0.8924 0.0094 0.0053 0.0054 0.0746 0.0087 
      h04921 16 0.0163 0.6799 0.2361 0.0031 0.0121 0.0037 0.0488 
      h05021 16 0.0025 0.9807 0.0036 0.0028 0.0030 0.0031 0.0042 
      h05121 16 0.0273 0.9105 0.0176 0.0022 0.0078 0.0047 0.0299 
      h05221 16 0.0045 0.9433 0.0175 0.0055 0.0103 0.0035 0.0154 
      h05321 16 0.0168 0.8812 0.0190 0.0027 0.0022 0.0332 0.0449 
      h05421 16 0.1464 0.7631 0.0353 0.0050 0.0027 0.0028 0.0446 
      h05521 16 0.0064 0.9479 0.0065 0.0118 0.0051 0.0157 0.0067 
      h05621 16 0.0037 0.7218 0.0763 0.0027 0.0030 0.0053 0.1871 
      h05721 16 0.0802 0.7701 0.0331 0.0036 0.0391 0.0111 0.0628 
      h05821 16 0.0078 0.8994 0.0335 0.0059 0.0031 0.0082 0.0422 
      h05921 16 0.0045 0.6245 0.3206 0.0026 0.0029 0.0026 0.0422 
      h06021 16 0.0486 0.7804 0.0879 0.0049 0.0027 0.0165 0.0589 
      h06121 16 0.0051 0.9537 0.0027 0.0029 0.0276 0.0052 0.0028 
      h06221 16 0.0173 0.9462 0.0090 0.0032 0.0030 0.0084 0.0129 
      h06321 16 0.2611 0.6433 0.0033 0.0048 0.0780 0.0049 0.0045 
      h06421 16 0.0076 0.9648 0.0074 0.0035 0.0034 0.0033 0.0100 
      h06521 16 0.0355 0.9025 0.0293 0.0077 0.0068 0.0043 0.0139 
      h06621 16 0.0085 0.6630 0.0959 0.0068 0.0098 0.0047 0.2112 
      h06721 16 0.0565 0.8919 0.0124 0.0035 0.0118 0.0095 0.0145 
      h06821 16 0.0107 0.8863 0.0440 0.0031 0.0101 0.0072 0.0386 
      h06921 16 0.0063 0.8392 0.0564 0.0037 0.0034 0.0027 0.0882 
      h07021 16 0.0084 0.8014 0.0422 0.0085 0.0096 0.0748 0.0552 
      h07121 16 0.0120 0.7134 0.1155 0.0050 0.0032 0.0032 0.1478 
      h07221 16 0.0422 0.8798 0.0421 0.0038 0.0038 0.0064 0.0219 
      h07321 16 0.0230 0.9233 0.0196 0.0040 0.0059 0.0031 0.0210 
      h07421 16 0.0050 0.9228 0.0198 0.0060 0.0055 0.0242 0.0167 
      h07521 16 0.0091 0.8373 0.0143 0.0033 0.0045 0.0049 0.1265 
      h07621 16 0.0129 0.8656 0.0404 0.0068 0.0117 0.0142 0.0486 
      h07721 16 0.0526 0.9215 0.0063 0.0048 0.0050 0.0041 0.0058 
      h07821 16 0.0321 0.8956 0.0090 0.0123 0.0177 0.0247 0.0086 
      h07921 16 0.0164 0.9114 0.0311 0.0075 0.0067 0.0059 0.0210 
      h08021 16 0.0070 0.9572 0.0053 0.0122 0.0032 0.0090 0.0060 
      h08121 16 0.0109 0.9616 0.0039 0.0025 0.0107 0.0066 0.0039 
      h08221 16 0.0191 0.9590 0.0031 0.0030 0.0047 0.0080 0.0031 
      h08321 16 0.0105 0.9731 0.0024 0.0024 0.0052 0.0040 0.0024 
      h08421 16 0.0046 0.9398 0.0099 0.0034 0.0254 0.0061 0.0109 
      h08521 16 0.0355 0.9348 0.0042 0.0031 0.0138 0.0037 0.0049 
      h08621 16 0.0092 0.7963 0.1708 0.0047 0.0056 0.0051 0.0083 
      h08721 16 0.0318 0.9169 0.0034 0.0021 0.0373 0.0044 0.0040 
      h08821 16 0.0069 0.9632 0.0073 0.0045 0.0028 0.0063 0.0091 
      h08921 16 0.0200 0.8382 0.0733 0.0040 0.0069 0.0048 0.0528 
      h09021 16 0.0125 0.8864 0.0345 0.0098 0.0143 0.0075 0.0350 
      h09121 16 0.0089 0.9669 0.0029 0.0038 0.0101 0.0040 0.0034 
      h09221 16 0.0083 0.9419 0.0160 0.0023 0.0094 0.0028 0.0192 
      h09321 16 0.0109 0.8031 0.0164 0.0018 0.1463 0.0037 0.0178 
      h09421 16 0.0332 0.7815 0.0969 0.0096 0.0027 0.0286 0.0476 
      h09521 16 0.0232 0.7864 0.0658 0.0066 0.0131 0.0037 0.1012 
      h09621 16 0.0924 0.8517 0.0055 0.0053 0.0021 0.0375 0.0054 
      h09721 16 0.0117 0.9138 0.0263 0.0024 0.0127 0.0048 0.0283 
      h09821 16 0.0175 0.8819 0.0315 0.0044 0.0302 0.0077 0.0268 
      h09921 16 0.0048 0.9114 0.0386 0.0050 0.0078 0.0033 0.0291 
      h10021 16 0.0072 0.9081 0.0086 0.0045 0.0543 0.0090 0.0082 
      h00151 17 0.9570 0.0029 0.0033 0.0186 0.0048 0.0095 0.0038 
      h00251 17 0.8840 0.0059 0.0081 0.0342 0.0022 0.0583 0.0072 
      h00351 17 0.9713 0.0062 0.0057 0.0026 0.0017 0.0066 0.0059 
      h00451 17 0.9708 0.0053 0.0035 0.0037 0.0059 0.0053 0.0055 
      h00551 17 0.9494 0.0100 0.0111 0.0031 0.0063 0.0080 0.0121 
      h00651 17 0.9176 0.0031 0.0313 0.0037 0.0025 0.0057 0.0361 
      h00751 17 0.5772 0.0062 0.3077 0.0105 0.0056 0.0033 0.0894 
      h00851 17 0.8906 0.0300 0.0281 0.0030 0.0023 0.0160 0.0300 
      h00951 17 0.9425 0.0240 0.0046 0.0160 0.0033 0.0037 0.0059 
      h01051 17 0.9715 0.0057 0.0052 0.0031 0.0027 0.0057 0.0061 
      h01151 17 0.9794 0.0037 0.0023 0.0025 0.0025 0.0073 0.0023 
      h01251 17 0.8177 0.0417 0.0202 0.0042 0.0065 0.0898 0.0200 
      h01351 17 0.9652 0.0091 0.0021 0.0124 0.0046 0.0044 0.0023 
      h01451 17 0.9558 0.0049 0.0066 0.0033 0.0037 0.0055 0.0201 
      h01551 17 0.8194 0.0326 0.0331 0.0134 0.0191 0.0219 0.0606 
      h01651 17 0.8270 0.0075 0.0246 0.0071 0.0061 0.0318 0.0959 
      h01751 17 0.9464 0.0235 0.0056 0.0039 0.0056 0.0060 0.0090 
      h01851 17 0.9576 0.0044 0.0132 0.0029 0.0027 0.0046 0.0145 
      h01951 17 0.9764 0.0034 0.0040 0.0058 0.0029 0.0031 0.0043 
      h02051 17 0.6081 0.0038 0.0272 0.0113 0.0171 0.0142 0.3183 
      h02151 17 0.9739 0.0052 0.0037 0.0029 0.0051 0.0037 0.0054 
      h02251 17 0.8621 0.0395 0.0038 0.0343 0.0173 0.0383 0.0046 
      h02351 17 0.9264 0.0026 0.0277 0.0034 0.0017 0.0029 0.0354 
      h02451 17 0.9319 0.0263 0.0050 0.0042 0.0123 0.0154 0.0049 
      h02551 17 0.9787 0.0036 0.0036 0.0019 0.0059 0.0025 0.0036 
      h02651 17 0.5640 0.0810 0.0323 0.0059 0.0026 0.2618 0.0525 
      h02751 17 0.9785 0.0052 0.0032 0.0048 0.0022 0.0022 0.0038 
      h02851 17 0.9227 0.0046 0.0189 0.0021 0.0125 0.0031 0.0361 
      h02951 17 0.9028 0.0061 0.0458 0.0022 0.0040 0.0054 0.0337 
      h03051 17 0.9071 0.0113 0.0246 0.0081 0.0033 0.0208 0.0249 
      h03151 17 0.9749 0.0087 0.0034 0.0038 0.0030 0.0027 0.0034 
      h03251 17 0.9068 0.0075 0.0139 0.0023 0.0360 0.0110 0.0224 
      h03351 17 0.8088 0.0056 0.0748 0.0029 0.0061 0.0035 0.0983 
      h03451 17 0.9359 0.0050 0.0108 0.0201 0.0036 0.0061 0.0185 
      h03551 17 0.9620 0.0171 0.0025 0.0067 0.0020 0.0070 0.0026 
      h03651 17 0.8961 0.0103 0.0238 0.0182 0.0026 0.0039 0.0450 
      h03751 17 0.8228 0.0111 0.0640 0.0065 0.0040 0.0130 0.0786 
      h03851 17 0.8753 0.0042 0.0753 0.0022 0.0042 0.0240 0.0149 
      h03951 17 0.9671 0.0028 0.0067 0.0044 0.0036 0.0039 0.0116 
      h04051 17 0.9656 0.0043 0.0080 0.0037 0.0034 0.0054 0.0096 
      h04151 17 0.7633 0.0042 0.0864 0.0032 0.0028 0.0022 0.1379 
      h04251 17 0.8983 0.0068 0.0390 0.0098 0.0094 0.0096 0.0271 
      h04351 17 0.8424 0.0374 0.0476 0.0072 0.0073 0.0057 0.0525 
      h04451 17 0.9495 0.0060 0.0118 0.0044 0.0031 0.0114 0.0137 
      h04551 17 0.9321 0.0054 0.0138 0.0142 0.0045 0.0073 0.0227 
      h04651 17 0.9720 0.0061 0.0032 0.0026 0.0078 0.0038 0.0044 
      h04751 17 0.8789 0.0079 0.0419 0.0169 0.0082 0.0097 0.0365 
      h04851 17 0.8197 0.0564 0.0195 0.0094 0.0572 0.0198 0.0180 
      h04951 17 0.7285 0.0053 0.0338 0.0038 0.0065 0.0081 0.2142 
      h05051 17 0.9718 0.0068 0.0054 0.0024 0.0025 0.0065 0.0047 
      h05151 17 0.6319 0.0390 0.1131 0.0049 0.0053 0.0117 0.1941 
      h05251 17 0.9742 0.0068 0.0022 0.0032 0.0034 0.0078 0.0025 
      h05351 17 0.9186 0.0251 0.0037 0.0059 0.0092 0.0312 0.0062 
      h05451 17 0.9685 0.0038 0.0067 0.0036 0.0021 0.0064 0.0089 
      h05551 17 0.9471 0.0057 0.0058 0.0037 0.0192 0.0121 0.0064 
      h05651 17 0.7194 0.0183 0.0933 0.0032 0.0066 0.0068 0.1523 
      h05751 17 0.7937 0.0074 0.0237 0.0031 0.1579 0.0046 0.0096 
      h05851 17 0.9746 0.0051 0.0032 0.0028 0.0030 0.0063 0.0050 
      h05951 17 0.9657 0.0028 0.0097 0.0053 0.0023 0.0037 0.0106 
      h06051 17 0.9021 0.0041 0.0360 0.0036 0.0032 0.0042 0.0468 
      h06151 17 0.8897 0.0450 0.0239 0.0046 0.0101 0.0070 0.0197 
      h06251 17 0.8609 0.0035 0.0574 0.0033 0.0026 0.0050 0.0672 
      h06351 17 0.7753 0.0047 0.0714 0.0116 0.0031 0.0069 0.1268 
      h06451 17 0.8748 0.0111 0.0371 0.0122 0.0020 0.0086 0.0542 
      h06551 17 0.9318 0.0064 0.0271 0.0036 0.0091 0.0070 0.0150 
      h06651 17 0.3294 0.1680 0.0461 0.0432 0.0427 0.3382 0.0323 
      h06751 17 0.9674 0.0082 0.0035 0.0022 0.0082 0.0071 0.0035 
      h06851 17 0.9748 0.0072 0.0022 0.0059 0.0037 0.0037 0.0026 
      h06951 17 0.9479 0.0074 0.0174 0.0030 0.0032 0.0065 0.0146 
      h07051 17 0.8065 0.0218 0.0322 0.1053 0.0046 0.0112 0.0184 
      h07151 17 0.9504 0.0072 0.0076 0.0041 0.0089 0.0072 0.0146 
      h07251 17 0.8562 0.0044 0.0177 0.0076 0.0376 0.0043 0.0722 
      h07351 17 0.8808 0.0049 0.0064 0.0046 0.0030 0.0035 0.0967 
      h07451 17 0.9786 0.0061 0.0027 0.0029 0.0031 0.0039 0.0027 
      h07551 17 0.8878 0.0120 0.0183 0.0219 0.0053 0.0324 0.0223 
      h07651 17 0.9153 0.0037 0.0135 0.0183 0.0027 0.0380 0.0085 
      h07751 17 0.8666 0.0514 0.0323 0.0044 0.0034 0.0116 0.0304 
      h07851 17 0.8367 0.0178 0.0301 0.0282 0.0371 0.0101 0.0399 
      h07951 17 0.9296 0.0070 0.0174 0.0036 0.0073 0.0089 0.0263 
      h08051 17 0.8929 0.0103 0.0065 0.0593 0.0085 0.0177 0.0047 
      h08151 17 0.8323 0.0106 0.0410 0.0083 0.0128 0.0442 0.0509 
      h08251 17 0.9568 0.0049 0.0066 0.0083 0.0036 0.0141 0.0057 
      h08351 17 0.9642 0.0035 0.0060 0.0020 0.0060 0.0058 0.0125 
      h08451 17 0.9265 0.0053 0.0170 0.0062 0.0041 0.0022 0.0386 
      h08551 17 0.9777 0.0063 0.0034 0.0032 0.0029 0.0037 0.0028 
      h08651 17 0.9555 0.0096 0.0062 0.0057 0.0109 0.0043 0.0079 
      h08751 17 0.9134 0.0034 0.0184 0.0042 0.0209 0.0156 0.0241 
      h08851 17 0.9708 0.0043 0.0061 0.0048 0.0043 0.0053 0.0044 
      h08951 17 0.8522 0.0062 0.0461 0.0027 0.0034 0.0416 0.0478 
      h09051 17 0.9656 0.0048 0.0028 0.0167 0.0029 0.0043 0.0031 
      h09151 17 0.9535 0.0032 0.0032 0.0223 0.0021 0.0123 0.0034 
      h09251 17 0.8679 0.0247 0.0214 0.0317 0.0051 0.0114 0.0379 
      h09351 17 0.9373 0.0036 0.0130 0.0021 0.0021 0.0060 0.0359 
      h09451 17 0.8294 0.0043 0.0802 0.0190 0.0037 0.0050 0.0585 
      h09551 17 0.9097 0.0033 0.0465 0.0099 0.0041 0.0040 0.0225 
      h09651 17 0.8573 0.0125 0.0343 0.0235 0.0053 0.0053 0.0618 
      h09751 17 0.9402 0.0069 0.0070 0.0083 0.0156 0.0147 0.0073 
      h09851 17 0.6324 0.0745 0.0413 0.2133 0.0043 0.0130 0.0213 
      h09951 17 0.9059 0.0037 0.0354 0.0049 0.0021 0.0026 0.0453 
      h10051 17 0.7777 0.0108 0.0734 0.0774 0.0036 0.0079 0.0493 
       h0018 18 0.0032 0.0024 0.0483 0.0017 0.8955 0.0024 0.0465 
       h0028 18 0.0084 0.0054 0.0149 0.0051 0.9362 0.0022 0.0278 
       h0038 18 0.0027 0.0039 0.0207 0.0020 0.9496 0.0020 0.0191 
       h0048 18 0.0023 0.0035 0.0745 0.0022 0.8672 0.0038 0.0465 
       h0058 18 0.0095 0.0028 0.0160 0.0106 0.9411 0.0023 0.0177 
       h0068 18 0.0026 0.0045 0.0860 0.0020 0.8515 0.0027 0.0507 
       h0078 18 0.0029 0.0030 0.0215 0.0032 0.7143 0.0035 0.2516 
       h0088 18 0.0063 0.0092 0.0880 0.0077 0.7866 0.0030 0.0992 
       h0098 18 0.0074 0.0034 0.0436 0.0042 0.8456 0.0020 0.0936 
       h0108 18 0.0041 0.0037 0.0401 0.0025 0.7962 0.0029 0.1504 
       h0118 18 0.0042 0.0075 0.0814 0.0025 0.8290 0.0051 0.0703 
       h0128 18 0.0058 0.0053 0.0255 0.0033 0.9194 0.0074 0.0334 
       h0138 18 0.0101 0.0119 0.1901 0.0033 0.6004 0.0032 0.1810 
       h0148 18 0.0182 0.0051 0.0169 0.0069 0.9293 0.0106 0.0131 
       h0158 18 0.0035 0.0038 0.0047 0.0594 0.9200 0.0029 0.0058 
       h0168 18 0.0018 0.0024 0.0758 0.0020 0.8606 0.0020 0.0554 
       h0178 18 0.0037 0.0032 0.0168 0.0070 0.9449 0.0038 0.0205 
       h0188 18 0.0052 0.0023 0.0121 0.0018 0.9537 0.0028 0.0222 
       h0198 18 0.0028 0.0046 0.0235 0.0029 0.9556 0.0022 0.0085 
       h0208 18 0.0025 0.0030 0.0045 0.0024 0.9817 0.0025 0.0034 
       h0218 18 0.0042 0.0044 0.0283 0.0048 0.9094 0.0103 0.0386 
       h0228 18 0.0048 0.0048 0.0119 0.0045 0.9579 0.0027 0.0133 
       h0238 18 0.0050 0.0113 0.0330 0.0030 0.8520 0.0057 0.0900 
       h0248 18 0.0051 0.0046 0.1248 0.0049 0.7869 0.0045 0.0690 
       h0258 18 0.0025 0.0027 0.0210 0.0169 0.9242 0.0026 0.0300 
       h0268 18 0.0085 0.0062 0.0212 0.0039 0.9054 0.0079 0.0469 
       h0278 18 0.0104 0.0142 0.0374 0.0225 0.8419 0.0151 0.0584 
       h0288 18 0.0081 0.0033 0.0043 0.0377 0.9320 0.0113 0.0032 
       h0298 18 0.0021 0.0022 0.0370 0.0016 0.9345 0.0025 0.0200 
       h0308 18 0.0067 0.0121 0.0998 0.0071 0.6864 0.0106 0.1773 
       h0318 18 0.0032 0.0031 0.0396 0.0016 0.9373 0.0029 0.0123 
       h0328 18 0.0057 0.0051 0.0454 0.0052 0.8882 0.0060 0.0443 
       h0338 18 0.0071 0.0034 0.0815 0.0046 0.8370 0.0070 0.0594 
       h0348 18 0.0083 0.0028 0.1001 0.0071 0.8001 0.0030 0.0786 
       h0358 18 0.0201 0.0278 0.0054 0.0030 0.8995 0.0352 0.0090 
       h0368 18 0.0231 0.0347 0.0403 0.0409 0.7960 0.0376 0.0275 
       h0378 18 0.0198 0.0078 0.0334 0.0027 0.8375 0.0058 0.0929 
       h0388 18 0.0206 0.0119 0.0378 0.0047 0.8985 0.0096 0.0171 
       h0398 18 0.0028 0.0031 0.0513 0.0030 0.8713 0.0018 0.0667 
       h0408 18 0.0036 0.0062 0.0074 0.0026 0.8933 0.0037 0.0832 
       h0418 18 0.0021 0.0032 0.1290 0.0089 0.7153 0.0025 0.1391 
       h0428 18 0.0080 0.0039 0.0863 0.0022 0.8047 0.0036 0.0912 
       h0438 18 0.0028 0.0032 0.0030 0.0021 0.9836 0.0022 0.0031 
       h0448 18 0.0021 0.0042 0.0494 0.0028 0.9283 0.0035 0.0098 
       h0458 18 0.0023 0.0030 0.1145 0.0018 0.7870 0.0022 0.0891 
       h0468 18 0.0055 0.0035 0.0289 0.0042 0.8864 0.0048 0.0667 
       h0478 18 0.0051 0.0099 0.0492 0.0042 0.8720 0.0059 0.0536 
       h0488 18 0.0023 0.0048 0.0357 0.0029 0.9265 0.0033 0.0245 
       h0498 18 0.0049 0.0043 0.0388 0.0023 0.8920 0.0022 0.0555 
       h0508 18 0.0159 0.0039 0.0364 0.0033 0.9164 0.0042 0.0199 
       h0518 18 0.0043 0.0108 0.0705 0.0213 0.7307 0.0072 0.1551 
       h0528 18 0.0043 0.0024 0.0159 0.0066 0.9538 0.0022 0.0149 
       h0538 18 0.0026 0.0269 0.0277 0.0063 0.8750 0.0046 0.0570 
       h0548 18 0.0043 0.0075 0.0224 0.0068 0.9186 0.0031 0.0374 
       h0558 18 0.0170 0.0046 0.0159 0.0030 0.9284 0.0027 0.0284 
       h0568 18 0.0050 0.0059 0.1313 0.0035 0.7836 0.0051 0.0656 
       h0578 18 0.0022 0.0132 0.0244 0.0028 0.9343 0.0048 0.0183 
       h0588 18 0.0026 0.0032 0.0700 0.0027 0.8048 0.0038 0.1129 
       h0598 18 0.0085 0.0363 0.0372 0.0026 0.7966 0.0043 0.1145 
       h0608 18 0.0055 0.0061 0.0040 0.0020 0.9728 0.0036 0.0060 
       h0618 18 0.0028 0.0031 0.0841 0.0019 0.8154 0.0028 0.0898 
       h0628 18 0.0049 0.0028 0.0046 0.0111 0.9695 0.0026 0.0044 
       h0638 18 0.0398 0.0179 0.0306 0.0070 0.8556 0.0352 0.0140 
       h0648 18 0.0026 0.0055 0.0021 0.0024 0.9812 0.0039 0.0023 
       h0658 18 0.0019 0.0027 0.0146 0.0019 0.9632 0.0021 0.0135 
       h0668 18 0.0029 0.0024 0.0053 0.0017 0.9782 0.0025 0.0068 
       h0678 18 0.0022 0.0029 0.0315 0.0021 0.9393 0.0026 0.0194 
       h0688 18 0.0048 0.0054 0.0460 0.0020 0.8939 0.0032 0.0448 
       h0698 18 0.0027 0.0019 0.0020 0.0018 0.9875 0.0020 0.0020 
       h0708 18 0.0037 0.0167 0.0235 0.0027 0.9336 0.0034 0.0164 
       h0718 18 0.0127 0.0125 0.1384 0.0229 0.7042 0.0266 0.0826 
       h0728 18 0.0199 0.0061 0.1103 0.0179 0.7100 0.0062 0.1296 
       h0738 18 0.0090 0.0075 0.0319 0.0166 0.9053 0.0093 0.0204 
       h0748 18 0.0030 0.0065 0.0240 0.0345 0.8966 0.0194 0.0160 
       h0758 18 0.0028 0.0037 0.1104 0.0026 0.7693 0.0030 0.1081 
       h0768 18 0.0027 0.0041 0.0682 0.0026 0.8635 0.0021 0.0569 
       h0778 18 0.0061 0.0056 0.0329 0.0166 0.8892 0.0023 0.0474 
       h0788 18 0.0030 0.0075 0.0563 0.0020 0.8393 0.0021 0.0897 
       h0798 18 0.0056 0.0042 0.0052 0.0077 0.9695 0.0042 0.0036 
       h0808 18 0.0077 0.0070 0.0404 0.0042 0.8602 0.0078 0.0726 
       h0818 18 0.0056 0.0067 0.0227 0.0044 0.9251 0.0024 0.0332 
       h0828 18 0.0094 0.0029 0.0812 0.0047 0.8569 0.0036 0.0414 
       h0838 18 0.0023 0.0048 0.0022 0.0037 0.9786 0.0062 0.0022 
       h0848 18 0.0071 0.0182 0.0131 0.0062 0.9338 0.0083 0.0133 
       h0858 18 0.0031 0.0038 0.0316 0.0033 0.9137 0.0020 0.0426 
       h0868 18 0.0035 0.0030 0.0026 0.0037 0.9823 0.0022 0.0027 
       h0878 18 0.0120 0.0028 0.0070 0.0027 0.9376 0.0034 0.0345 
       h0888 18 0.0029 0.0022 0.0565 0.0024 0.8522 0.0024 0.0814 
       h0898 18 0.0053 0.0055 0.0819 0.0034 0.8062 0.0048 0.0928 
       h0908 18 0.0139 0.0197 0.0070 0.0018 0.9460 0.0030 0.0085 
       h0918 18 0.0023 0.0044 0.0687 0.0025 0.9027 0.0046 0.0148 
       h0928 18 0.0058 0.0049 0.1046 0.0048 0.8446 0.0105 0.0248 
       h0938 18 0.0027 0.0033 0.0025 0.0020 0.9838 0.0028 0.0029 
       h0948 18 0.0034 0.0161 0.0114 0.0026 0.9411 0.0025 0.0228 
       h0958 18 0.0023 0.0027 0.0567 0.0032 0.8737 0.0041 0.0573 
       h0968 18 0.0076 0.0043 0.1009 0.0038 0.8156 0.0031 0.0648 
       h0978 18 0.0094 0.0045 0.0384 0.0036 0.8558 0.0026 0.0856 
       h0988 18 0.0150 0.0080 0.0129 0.0033 0.9238 0.0236 0.0134 
       h0998 18 0.0057 0.0040 0.0123 0.0025 0.9629 0.0029 0.0097 
       h1008 18 0.0075 0.0039 0.0297 0.0021 0.8705 0.0025 0.0838 
      h00111 19 0.0065 0.0069 0.0466 0.7416 0.0031 0.0021 0.1932 
      h00211 19 0.0045 0.0043 0.0316 0.8816 0.0051 0.0171 0.0557 
      h00311 19 0.0165 0.0043 0.0485 0.8687 0.0042 0.0086 0.0491 
      h00411 19 0.0245 0.0080 0.0179 0.8379 0.0031 0.0927 0.0159 
      h00511 19 0.0065 0.0111 0.0344 0.9056 0.0031 0.0163 0.0229 
      h00611 19 0.0034 0.0032 0.0199 0.9405 0.0023 0.0033 0.0275 
      h00711 19 0.0072 0.0052 0.0075 0.8866 0.0534 0.0333 0.0067 
      h00811 19 0.0135 0.0021 0.0420 0.8841 0.0023 0.0042 0.0518 
      h00911 19 0.0052 0.0018 0.0149 0.9638 0.0016 0.0048 0.0080 
      h01011 19 0.0089 0.0165 0.0162 0.8099 0.0092 0.0103 0.1292 
      h01111 19 0.0195 0.0229 0.0076 0.9294 0.0092 0.0046 0.0069 
      h01211 19 0.0144 0.0127 0.0063 0.9364 0.0106 0.0118 0.0078 
      h01311 19 0.0025 0.0022 0.0774 0.8533 0.0030 0.0028 0.0588 
      h01411 19 0.0058 0.0092 0.0046 0.9639 0.0060 0.0034 0.0072 
      h01511 19 0.0038 0.0252 0.0664 0.8598 0.0058 0.0029 0.0360 
      h01611 19 0.0224 0.0353 0.0192 0.8731 0.0104 0.0167 0.0229 
      h01711 19 0.0078 0.0038 0.0701 0.8321 0.0073 0.0058 0.0733 
      h01811 19 0.0069 0.0064 0.1235 0.7957 0.0020 0.0048 0.0605 
      h01911 19 0.0089 0.0033 0.0139 0.9465 0.0073 0.0049 0.0151 
      h02011 19 0.0030 0.0029 0.0365 0.9279 0.0021 0.0087 0.0188 
      h02111 19 0.0054 0.0162 0.0131 0.8882 0.0294 0.0327 0.0148 
      h02211 19 0.0869 0.0175 0.0416 0.7561 0.0139 0.0162 0.0678 
      h02311 19 0.0090 0.0030 0.0484 0.8761 0.0026 0.0064 0.0544 
      h02411 19 0.0026 0.0020 0.0024 0.9832 0.0031 0.0043 0.0025 
      h02511 19 0.0124 0.0060 0.0327 0.8895 0.0091 0.0072 0.0430 
      h02611 19 0.0054 0.0045 0.0591 0.8831 0.0030 0.0037 0.0413 
      h02711 19 0.0073 0.0056 0.0542 0.8254 0.0060 0.0114 0.0901 
      h02811 19 0.0072 0.0040 0.0095 0.8986 0.0106 0.0606 0.0094 
      h02911 19 0.0032 0.0061 0.0281 0.8421 0.0082 0.0059 0.1064 
      h03011 19 0.0042 0.0021 0.0522 0.8926 0.0034 0.0025 0.0430 
      h03111 19 0.0095 0.0062 0.0230 0.9208 0.0034 0.0198 0.0174 
      h03211 19 0.0034 0.0087 0.0073 0.9633 0.0043 0.0082 0.0048 
      h03311 19 0.0041 0.0105 0.1149 0.7963 0.0159 0.0032 0.0551 
      h03411 19 0.0029 0.0027 0.0894 0.7970 0.0017 0.0041 0.1021 
      h03511 19 0.0021 0.0032 0.0205 0.9495 0.0019 0.0020 0.0208 
      h03611 19 0.0060 0.0024 0.1360 0.8320 0.0026 0.0031 0.0179 
      h03711 19 0.0073 0.0034 0.0621 0.9085 0.0023 0.0032 0.0132 
      h03811 19 0.0029 0.0027 0.0123 0.9623 0.0022 0.0033 0.0143 
      h03911 19 0.0140 0.0104 0.0271 0.9033 0.0016 0.0150 0.0287 
      h04011 19 0.0023 0.0027 0.0124 0.9601 0.0058 0.0044 0.0123 
      h04111 19 0.0065 0.0130 0.0314 0.7442 0.1093 0.0229 0.0728 
      h04211 19 0.0088 0.0063 0.0805 0.8130 0.0063 0.0062 0.0790 
      h04311 19 0.0043 0.0072 0.1822 0.7073 0.0356 0.0066 0.0567 
      h04411 19 0.0020 0.0021 0.0019 0.9872 0.0019 0.0031 0.0019 
      h04511 19 0.0227 0.0049 0.0331 0.8773 0.0026 0.0041 0.0553 
      h04611 19 0.0115 0.0105 0.0574 0.8246 0.0090 0.0122 0.0750 
      h04711 19 0.0085 0.0138 0.1197 0.8084 0.0042 0.0066 0.0387 
      h04811 19 0.0055 0.0926 0.0391 0.7453 0.0926 0.0028 0.0221 
      h04911 19 0.0162 0.0132 0.0115 0.8816 0.0629 0.0030 0.0114 
      h05011 19 0.0029 0.0045 0.0990 0.8699 0.0031 0.0068 0.0139 
      h05111 19 0.0037 0.0038 0.0043 0.9749 0.0038 0.0056 0.0039 
      h05211 19 0.0084 0.0026 0.0697 0.8723 0.0025 0.0044 0.0401 
      h05311 19 0.0039 0.0084 0.0628 0.8495 0.0038 0.0047 0.0670 
      h05411 19 0.0160 0.0080 0.0684 0.8132 0.0101 0.0080 0.0763 
      h05511 19 0.0088 0.0506 0.0646 0.8114 0.0118 0.0072 0.0457 
      h05611 19 0.0119 0.0067 0.0437 0.8150 0.0023 0.0046 0.1159 
      h05711 19 0.0190 0.0114 0.0610 0.8465 0.0027 0.0041 0.0554 
      h05811 19 0.0047 0.0050 0.0408 0.8872 0.0025 0.0061 0.0537 
      h05911 19 0.0028 0.0020 0.0026 0.9838 0.0018 0.0041 0.0027 
      h06011 19 0.0062 0.0048 0.1877 0.6646 0.0026 0.0111 0.1232 
      h06111 19 0.0045 0.0021 0.1118 0.8409 0.0016 0.0026 0.0365 
      h06211 19 0.0028 0.0050 0.0627 0.8701 0.0022 0.0112 0.0460 
      h06311 19 0.0063 0.0119 0.0079 0.9594 0.0055 0.0027 0.0063 
      h06411 19 0.0158 0.0047 0.0509 0.7830 0.0056 0.0849 0.0551 
      h06511 19 0.0072 0.0067 0.0224 0.9288 0.0023 0.0053 0.0273 
      h06611 19 0.0037 0.0023 0.0053 0.9782 0.0026 0.0032 0.0048 
      h06711 19 0.0024 0.0021 0.0023 0.9869 0.0018 0.0024 0.0022 
      h06811 19 0.0061 0.0024 0.0382 0.9218 0.0027 0.0159 0.0128 
      h06911 19 0.0024 0.0019 0.0595 0.8843 0.0016 0.0030 0.0474 
      h07011 19 0.0136 0.0174 0.0046 0.9378 0.0091 0.0105 0.0070 
      h07111 19 0.0088 0.0059 0.0589 0.8169 0.0032 0.0112 0.0950 
      h07211 19 0.0312 0.0048 0.0116 0.8988 0.0020 0.0111 0.0406 
      h07311 19 0.0067 0.0033 0.0443 0.8940 0.0021 0.0051 0.0445 
      h07411 19 0.0123 0.0096 0.0263 0.8955 0.0055 0.0086 0.0422 
      h07511 19 0.0638 0.0150 0.0644 0.7820 0.0071 0.0049 0.0628 
      h07611 19 0.0268 0.0030 0.0812 0.7954 0.0049 0.0112 0.0774 
      h07711 19 0.0054 0.0034 0.0150 0.9367 0.0026 0.0077 0.0292 
      h07811 19 0.0043 0.0063 0.0514 0.8859 0.0049 0.0118 0.0354 
      h07911 19 0.0052 0.0053 0.0317 0.9134 0.0032 0.0060 0.0352 
      h08011 19 0.0083 0.0252 0.0931 0.8155 0.0043 0.0153 0.0382 
      h08111 19 0.0043 0.0199 0.0785 0.8106 0.0098 0.0130 0.0640 
      h08211 19 0.0060 0.0107 0.0558 0.8575 0.0068 0.0034 0.0597 
      h08311 19 0.0214 0.0343 0.0190 0.8307 0.0109 0.0503 0.0334 
      h08411 19 0.0018 0.0019 0.0020 0.9865 0.0023 0.0036 0.0020 
      h08511 19 0.0022 0.0024 0.0171 0.9645 0.0021 0.0019 0.0098 
      h08611 19 0.0186 0.0108 0.0107 0.9387 0.0019 0.0065 0.0127 
      h08711 19 0.0413 0.0094 0.0731 0.8224 0.0035 0.0042 0.0461 
      h08811 19 0.0120 0.0090 0.0177 0.9354 0.0022 0.0063 0.0174 
      h08911 19 0.0024 0.0019 0.1390 0.8050 0.0055 0.0038 0.0424 
      h09011 19 0.0091 0.0186 0.0266 0.9029 0.0041 0.0055 0.0333 
      h09111 19 0.0042 0.0132 0.0651 0.8293 0.0051 0.0037 0.0794 
      h09211 19 0.0021 0.0064 0.1628 0.8113 0.0035 0.0037 0.0103 
      h09311 19 0.0025 0.0043 0.0027 0.9739 0.0035 0.0105 0.0026 
      h09411 19 0.0133 0.0497 0.0343 0.8244 0.0154 0.0204 0.0425 
      h09511 19 0.0036 0.0055 0.0216 0.9429 0.0042 0.0065 0.0158 
      h09611 19 0.0044 0.0047 0.0975 0.8792 0.0035 0.0040 0.0067 
      h09711 19 0.0087 0.0344 0.0072 0.9393 0.0025 0.0029 0.0050 
      h09811 19 0.0068 0.0021 0.0046 0.9762 0.0018 0.0024 0.0061 
      h09911 19 0.0161 0.0466 0.0200 0.8580 0.0047 0.0264 0.0282 
      h10011 19 0.0031 0.0027 0.0024 0.9833 0.0024 0.0035 0.0026 
      h00114 20 0.0052 0.0071 0.0022 0.0039 0.0038 0.9754 0.0025 
      h00214 20 0.0182 0.0053 0.0024 0.0049 0.0060 0.9608 0.0024 
      h00314 20 0.0183 0.0027 0.1252 0.0116 0.0020 0.7425 0.0977 
      h00414 20 0.0034 0.0083 0.0552 0.0057 0.0048 0.8781 0.0446 
      h00514 20 0.0115 0.0074 0.0812 0.0047 0.0071 0.7790 0.1091 
      h00614 20 0.0106 0.0145 0.0154 0.0418 0.0035 0.9052 0.0091 
      h00714 20 0.0079 0.0310 0.0414 0.0206 0.0109 0.8451 0.0432 
      h00814 20 0.0071 0.0043 0.0027 0.0155 0.0035 0.9644 0.0025 
      h00914 20 0.0044 0.0038 0.0403 0.0034 0.0051 0.9315 0.0114 
      h01014 20 0.0038 0.0329 0.0362 0.0131 0.0207 0.8348 0.0586 
      h01114 20 0.0059 0.0124 0.0112 0.0042 0.0031 0.9480 0.0152 
      h01214 20 0.0028 0.0048 0.0087 0.0043 0.0035 0.8560 0.1199 
      h01314 20 0.0190 0.0153 0.0048 0.0207 0.0104 0.9237 0.0060 
      h01414 20 0.0038 0.0205 0.0355 0.1703 0.0037 0.7191 0.0470 
      h01514 20 0.0083 0.0059 0.0130 0.0029 0.0032 0.9518 0.0148 
      h01614 20 0.0187 0.0146 0.0990 0.0094 0.0054 0.7614 0.0915 
      h01714 20 0.0050 0.0283 0.0153 0.0029 0.0551 0.8831 0.0103 
      h01814 20 0.0774 0.0073 0.0546 0.0065 0.1140 0.7248 0.0155 
      h01914 20 0.0040 0.0036 0.0188 0.0032 0.0050 0.9277 0.0376 
      h02014 20 0.0053 0.0066 0.1118 0.0102 0.0024 0.8528 0.0109 
      h02114 20 0.0039 0.0077 0.0047 0.0032 0.0025 0.9735 0.0044 
      h02214 20 0.0209 0.0041 0.0076 0.0040 0.0053 0.9519 0.0062 
      h02314 20 0.0160 0.0186 0.0040 0.0080 0.0300 0.9195 0.0039 
      h02414 20 0.0074 0.0082 0.0199 0.0075 0.0026 0.9393 0.0151 
      h02514 20 0.0035 0.0042 0.0323 0.0070 0.0054 0.7309 0.2165 
      h02614 20 0.0026 0.0028 0.0018 0.0043 0.0030 0.9837 0.0018 
      h02714 20 0.0033 0.0053 0.1074 0.0022 0.0022 0.8251 0.0544 
      h02814 20 0.0044 0.0034 0.1845 0.0038 0.0205 0.7172 0.0662 
      h02914 20 0.0115 0.0112 0.0112 0.0449 0.0293 0.8799 0.0119 
      h03014 20 0.0121 0.0048 0.0966 0.0052 0.0099 0.8132 0.0580 
      h03114 20 0.0193 0.0419 0.0115 0.0205 0.0031 0.8871 0.0166 
      h03214 20 0.0081 0.0100 0.0049 0.0075 0.0089 0.9550 0.0055 
      h03314 20 0.0088 0.0077 0.0389 0.0021 0.0147 0.8715 0.0564 
      h03414 20 0.0159 0.0299 0.0034 0.0060 0.0053 0.9337 0.0058 
      h03514 20 0.0050 0.0285 0.0332 0.0033 0.0068 0.8750 0.0483 
      h03614 20 0.0684 0.0048 0.0118 0.0053 0.0055 0.8916 0.0125 
      h03714 20 0.0053 0.0094 0.0044 0.0028 0.0040 0.9709 0.0033 
      h03814 20 0.0036 0.0038 0.0136 0.0106 0.0047 0.9438 0.0200 
      h03914 20 0.0072 0.0042 0.0558 0.0072 0.0045 0.8685 0.0526 
      h04014 20 0.0057 0.0061 0.0162 0.0971 0.0022 0.8602 0.0126 
      h04114 20 0.0048 0.0098 0.0034 0.0105 0.0123 0.9551 0.0041 
      h04214 20 0.0150 0.0062 0.0287 0.0150 0.0115 0.8881 0.0355 
      h04314 20 0.0034 0.0029 0.0047 0.0018 0.0031 0.9821 0.0020 
      h04414 20 0.0049 0.0123 0.0793 0.0024 0.0080 0.7875 0.1057 
      h04514 20 0.0069 0.0055 0.0445 0.0035 0.0059 0.8804 0.0533 
      h04614 20 0.0097 0.0064 0.0391 0.0053 0.0150 0.8798 0.0447 
      h04714 20 0.0114 0.0083 0.0056 0.0151 0.0045 0.9507 0.0044 
      h04814 20 0.0063 0.0116 0.0037 0.0061 0.0144 0.9530 0.0049 
      h04914 20 0.0180 0.0137 0.0918 0.0111 0.0072 0.7530 0.1051 
      h05014 20 0.0106 0.0074 0.0363 0.0081 0.0034 0.8125 0.1218 
      h05114 20 0.0088 0.0062 0.0173 0.0062 0.0030 0.9153 0.0432 
      h05214 20 0.0046 0.0082 0.0030 0.0363 0.0072 0.9382 0.0026 
      h05314 20 0.0037 0.0026 0.0402 0.0034 0.0292 0.9050 0.0160 
      h05414 20 0.0131 0.0386 0.0412 0.0037 0.0351 0.8181 0.0502 
      h05514 20 0.0046 0.0081 0.0025 0.0042 0.0268 0.9509 0.0029 
      h05614 20 0.0107 0.0399 0.0439 0.0058 0.0027 0.8415 0.0555 
      h05714 20 0.0049 0.0078 0.1150 0.0057 0.0033 0.7559 0.1074 
      h05814 20 0.0044 0.0066 0.0120 0.0029 0.0040 0.9578 0.0124 
      h05914 20 0.0101 0.0395 0.0748 0.0111 0.0129 0.7706 0.0810 
      h06014 20 0.0185 0.0067 0.0268 0.0158 0.0197 0.8046 0.1079 
      h06114 20 0.1030 0.0195 0.0698 0.0155 0.0122 0.7056 0.0743 
      h06214 20 0.0137 0.0320 0.0257 0.0030 0.0610 0.8205 0.0441 
      h06314 20 0.0040 0.0078 0.0853 0.0048 0.0229 0.8288 0.0464 
      h06414 20 0.0047 0.0043 0.0031 0.0069 0.0091 0.9688 0.0031 
      h06514 20 0.0032 0.0033 0.0027 0.0134 0.0051 0.9697 0.0026 
      h06614 20 0.0038 0.0096 0.0049 0.0053 0.0113 0.9556 0.0095 
      h06714 20 0.0037 0.0051 0.0022 0.0071 0.0028 0.9767 0.0025 
      h06814 20 0.0043 0.0026 0.0825 0.0032 0.0025 0.8561 0.0490 
      h06914 20 0.0066 0.0079 0.0046 0.0167 0.0025 0.9569 0.0048 
      h07014 20 0.0084 0.0501 0.0201 0.0036 0.0832 0.8045 0.0302 
      h07114 20 0.0057 0.0033 0.0904 0.0040 0.0035 0.8640 0.0291 
      h07214 20 0.0036 0.0038 0.0025 0.0053 0.0071 0.9748 0.0028 
      h07314 20 0.0712 0.0277 0.0244 0.0146 0.0213 0.8046 0.0363 
      h07414 20 0.0375 0.0041 0.0480 0.0066 0.0053 0.8315 0.0670 
      h07514 20 0.0042 0.0063 0.0739 0.0045 0.0068 0.8451 0.0592 
      h07614 20 0.0035 0.0058 0.0480 0.0060 0.0087 0.8993 0.0286 
      h07714 20 0.0028 0.0032 0.0035 0.0027 0.0026 0.9822 0.0031 
      h07814 20 0.0043 0.0051 0.0753 0.0039 0.0042 0.8304 0.0767 
      h07914 20 0.0057 0.0312 0.0272 0.0103 0.0061 0.8576 0.0620 
      h08014 20 0.0026 0.0033 0.0027 0.0030 0.0077 0.9758 0.0049 
      h08114 20 0.0074 0.0041 0.0983 0.0150 0.0041 0.7449 0.1263 
      h08214 20 0.0027 0.0032 0.0062 0.0365 0.0089 0.9357 0.0068 
      h08314 20 0.0073 0.0050 0.0097 0.0073 0.0046 0.9585 0.0075 
      h08414 20 0.0066 0.0124 0.0219 0.0050 0.0545 0.8810 0.0186 
      h08514 20 0.0045 0.0043 0.0297 0.0639 0.0104 0.8586 0.0286 
      h08614 20 0.0059 0.0051 0.0021 0.0031 0.0038 0.9779 0.0022 
      h08714 20 0.0246 0.0053 0.0482 0.0099 0.0193 0.8414 0.0514 
      h08814 20 0.0169 0.0113 0.0654 0.0051 0.0041 0.7180 0.1792 
      h08914 20 0.0101 0.0090 0.0605 0.0038 0.0100 0.7940 0.1125 
      h09014 20 0.0097 0.0106 0.0167 0.0070 0.0042 0.9340 0.0178 
      h09114 20 0.0034 0.0038 0.0067 0.0029 0.0040 0.9713 0.0079 
      h09214 20 0.0147 0.0086 0.0226 0.0078 0.0092 0.9226 0.0146 
      h09314 20 0.0145 0.0060 0.0246 0.0025 0.0046 0.9260 0.0218 
      h09414 20 0.0091 0.0049 0.0099 0.0683 0.0043 0.8948 0.0087 
      h09514 20 0.0058 0.0032 0.0045 0.0027 0.0052 0.9692 0.0093 
      h09614 20 0.0035 0.0068 0.0738 0.0108 0.0030 0.8428 0.0593 
      h09714 20 0.0039 0.0044 0.0151 0.0041 0.0103 0.9518 0.0105 
      h09814 20 0.0060 0.0072 0.0338 0.0039 0.0192 0.8879 0.0419 
      h09914 20 0.0058 0.0052 0.0185 0.0038 0.0093 0.9425 0.0149 
      h10014 20 0.0029 0.0025 0.1252 0.0049 0.0029 0.7613 0.1003 
      DAM2HL 21 0.0161 0.9621 0.0025 0.0028 0.0028 0.0114 0.0023 
       M2ALK 21 0.0054 0.6415 0.0035 0.0106 0.0032 0.3316 0.0041 
       M2E2J 21 0.0031 0.9438 0.0141 0.0030 0.0205 0.0026 0.0128 
       M2E73 21 0.0044 0.9765 0.0027 0.0036 0.0038 0.0060 0.0030 
       M2E74 21 0.0218 0.7274 0.0047 0.1053 0.0031 0.1324 0.0054 
       M2EUJ 21 0.1065 0.6678 0.0028 0.1521 0.0034 0.0644 0.0030 
      DAM1XK 21 0.0176 0.9619 0.0027 0.0026 0.0030 0.0096 0.0026 
       M2057 21 0.0070 0.9752 0.0033 0.0040 0.0018 0.0045 0.0042 
       M2271 21 0.0065 0.8868 0.0022 0.0051 0.0888 0.0084 0.0022 
       M27YK 21 0.0396 0.8494 0.0237 0.0340 0.0020 0.0194 0.0317 
       M2A1H 21 0.0041 0.4832 0.0024 0.0032 0.4856 0.0193 0.0022 
       M2E0P 21 0.0033 0.9801 0.0023 0.0023 0.0045 0.0048 0.0027 
       M2E75 21 0.0276 0.9529 0.0019 0.0020 0.0083 0.0051 0.0023 
       M2E76 21 0.0134 0.9489 0.0050 0.0127 0.0026 0.0125 0.0050 
      MSV0T5 21 0.0049 0.9797 0.0023 0.0020 0.0062 0.0026 0.0023 
      MSV241 21 0.0094 0.9702 0.0037 0.0029 0.0037 0.0054 0.0047 
      MSV2A0 21 0.0069 0.9607 0.0051 0.0057 0.0103 0.0051 0.0061 
      MSV2A1 21 0.0045 0.9783 0.0022 0.0029 0.0054 0.0044 0.0023 
      MSV2A8 21 0.0062 0.9500 0.0028 0.0048 0.0035 0.0297 0.0031 
      DAM1P5 21 0.0024 0.9881 0.0015 0.0020 0.0021 0.0022 0.0017 
       M1084 21 0.0068 0.9739 0.0023 0.0032 0.0027 0.0082 0.0028 
      MSV2M4 21 0.0107 0.9634 0.0035 0.0063 0.0067 0.0051 0.0042 
      MSV2T6 21 0.0059 0.9317 0.0041 0.0029 0.0448 0.0062 0.0044 
       M1UM1 21 0.0414 0.9081 0.0050 0.0301 0.0047 0.0050 0.0057 
       M2ECL 21 0.0061 0.9662 0.0054 0.0070 0.0019 0.0082 0.0051 
       M2EJ0 21 0.0434 0.9422 0.0023 0.0030 0.0023 0.0047 0.0021 
      MSV20J 21 0.0130 0.9541 0.0023 0.0033 0.0082 0.0164 0.0026 
      MSV2TK 21 0.0046 0.9630 0.0048 0.0168 0.0019 0.0040 0.0049 
      MSV2TX 21 0.0034 0.9801 0.0021 0.0025 0.0029 0.0066 0.0023 
      MSV310 21 0.0044 0.9708 0.0046 0.0038 0.0062 0.0049 0.0054 
      MSV33F 21 0.0061 0.9571 0.0050 0.0048 0.0172 0.0040 0.0058 
      DAM35L 21 0.0061 0.9714 0.0023 0.0024 0.0124 0.0032 0.0022 
       M2E4C 21 0.0038 0.9753 0.0023 0.0040 0.0028 0.0091 0.0028 
       M2E4H 21 0.0240 0.9499 0.0031 0.0122 0.0051 0.0022 0.0035 
       M2E65 21 0.0223 0.7516 0.0036 0.0083 0.0032 0.2068 0.0041 
       M2EEJ 21 0.0028 0.9722 0.0034 0.0040 0.0109 0.0035 0.0032 
       M2EEP 21 0.0158 0.9260 0.0058 0.0067 0.0084 0.0325 0.0047 
      MSV1TU 21 0.0041 0.9712 0.0055 0.0024 0.0056 0.0063 0.0049 
      MSV20M 21 0.0092 0.9682 0.0022 0.0033 0.0052 0.0092 0.0025 
      MSV223 21 0.0043 0.9780 0.0033 0.0028 0.0043 0.0035 0.0038 
      MSV22E 21 0.0059 0.9727 0.0030 0.0039 0.0047 0.0060 0.0039 
      MSV23J 21 0.0038 0.9801 0.0030 0.0038 0.0038 0.0023 0.0032 
      MSV2K6 21 0.0028 0.9805 0.0024 0.0025 0.0047 0.0047 0.0023 
      DAM23U 21 0.0039 0.9623 0.0034 0.0094 0.0060 0.0112 0.0038 
       M2E8A 21 0.0045 0.9664 0.0028 0.0065 0.0082 0.0089 0.0028 
      MSV2L2 21 0.0042 0.9683 0.0036 0.0040 0.0095 0.0064 0.0041 
       M1YMH 21 0.0045 0.9719 0.0047 0.0032 0.0073 0.0037 0.0047 
       M2A84 21 0.0042 0.9684 0.0069 0.0032 0.0064 0.0046 0.0064 
      MSV23M 21 0.1015 0.8725 0.0040 0.0074 0.0038 0.0072 0.0036 
     AP.085T 21 0.0035 0.9785 0.0019 0.0024 0.0059 0.0057 0.0021 
     AP.086J 21 0.7387 0.0789 0.0029 0.0059 0.0083 0.1624 0.0029 
     AP.08C2 21 0.1208 0.7670 0.0048 0.0513 0.0240 0.0241 0.0080 
     AP.08CF 21 0.0100 0.9625 0.0021 0.0024 0.0122 0.0083 0.0024 
     AP.08CX 21 0.0043 0.9817 0.0020 0.0026 0.0027 0.0048 0.0019 
     AP.08CY 21 0.0089 0.9398 0.0036 0.0283 0.0048 0.0112 0.0036 
      DAM0JX 21 0.0079 0.9736 0.0024 0.0027 0.0063 0.0048 0.0024 
      DAM0P4 21 0.0047 0.9784 0.0023 0.0032 0.0057 0.0032 0.0024 
      DAM0UK 21 0.0183 0.9605 0.0036 0.0063 0.0034 0.0041 0.0039 
       M2030 21 0.0154 0.9445 0.0024 0.0040 0.0241 0.0072 0.0024 
      MSV24M 21 0.0075 0.9743 0.0026 0.0028 0.0039 0.0053 0.0036 
       M20AM 21 0.1152 0.7938 0.0032 0.0465 0.0023 0.0354 0.0036 
       M21YP 21 0.0028 0.0028 0.0023 0.9831 0.0024 0.0043 0.0023 
       M2205 21 0.0069 0.9768 0.0016 0.0030 0.0055 0.0045 0.0017 
       M2206 21 0.0095 0.9667 0.0024 0.0031 0.0037 0.0122 0.0023 
      MSV267 21 0.0142 0.9668 0.0023 0.0026 0.0045 0.0066 0.0030 
       M2757 21 0.0495 0.8708 0.0035 0.0329 0.0033 0.0361 0.0038 
       M27TH 21 0.0076 0.9738 0.0024 0.0060 0.0019 0.0055 0.0027 
      MSV2JA 21 0.0053 0.7315 0.0044 0.0773 0.1531 0.0237 0.0047 
      MSV2KU 21 0.0110 0.8989 0.0038 0.0070 0.0209 0.0545 0.0039 
      MSV2MF 21 0.0059 0.7874 0.0029 0.0029 0.0078 0.1901 0.0029 
      MSV2TA 21 0.0033 0.9824 0.0020 0.0037 0.0026 0.0041 0.0020 
      MSV2TE 21 0.0032 0.9834 0.0018 0.0031 0.0029 0.0036 0.0020 
      MSV2TU 21 0.0140 0.9603 0.0047 0.0040 0.0046 0.0072 0.0052 
      MSV2UT 21 0.0114 0.9334 0.0050 0.0167 0.0032 0.0246 0.0058 
      MSV306 21 0.0122 0.9638 0.0030 0.0044 0.0042 0.0091 0.0033 
      MSV311 21 0.0291 0.9539 0.0019 0.0044 0.0028 0.0057 0.0022 
      MSV31M 21 0.0201 0.9582 0.0030 0.0059 0.0030 0.0073 0.0026 
      MSV325 21 0.0037 0.9697 0.0027 0.0025 0.0107 0.0074 0.0032 
      MSV32H 21 0.0089 0.9578 0.0044 0.0088 0.0115 0.0042 0.0044 
     CX.112U 21 0.0620 0.9003 0.0032 0.0055 0.0044 0.0206 0.0039 
      DAM2PC 21 0.0022 0.2247 0.0018 0.0028 0.7637 0.0031 0.0018 
       M2E48 21 0.0056 0.9640 0.0030 0.0035 0.0037 0.0169 0.0033 
       M2E7K 21 0.0049 0.9641 0.0030 0.0048 0.0038 0.0160 0.0035 
       M2E80 21 0.0042 0.9660 0.0031 0.0039 0.0055 0.0138 0.0035 
       M2EAM 21 0.0034 0.9796 0.0017 0.0046 0.0029 0.0061 0.0018 
       M2EFF 21 0.0049 0.9606 0.0037 0.0079 0.0036 0.0149 0.0044 
       M2EFY 21 0.0037 0.9762 0.0024 0.0070 0.0020 0.0059 0.0027 
       M2EHM 21 0.0204 0.9530 0.0023 0.0028 0.0106 0.0082 0.0026 
       M2EK0 21 0.0120 0.9699 0.0025 0.0038 0.0053 0.0040 0.0026 
       M2EK1 21 0.0043 0.9784 0.0020 0.0063 0.0039 0.0032 0.0019 
      MSV22F 21 0.0141 0.9548 0.0023 0.0023 0.0080 0.0157 0.0027 
      MSV273 21 0.0046 0.9675 0.0044 0.0070 0.0030 0.0074 0.0061 
      MSV0TL 21 0.0079 0.3568 0.0032 0.0036 0.6169 0.0083 0.0033 
      MSV0TT 21 0.0035 0.9754 0.0029 0.0039 0.0058 0.0058 0.0028 
      MSV12H 21 0.0032 0.9726 0.0022 0.0021 0.0036 0.0137 0.0025 
      MSV1TH 21 0.0068 0.8169 0.0035 0.0057 0.0240 0.1397 0.0033 
      MSV275 21 0.0041 0.9428 0.0043 0.0084 0.0286 0.0069 0.0048 
      MSV286 21 0.0211 0.8642 0.0054 0.0073 0.0038 0.0919 0.0064 
      MSV2H4 21 0.0038 0.9782 0.0021 0.0061 0.0027 0.0049 0.0022 
      MSV2K8 21 0.0320 0.9351 0.0025 0.0171 0.0064 0.0038 0.0030 
      MSV2PM 21 0.0024 0.9882 0.0015 0.0020 0.0020 0.0022 0.0017 
      MSV2X3 21 0.0032 0.9849 0.0015 0.0019 0.0035 0.0033 0.0016 
      MSV2X4 21 0.0071 0.9670 0.0041 0.0039 0.0084 0.0049 0.0045 
      MSV30U 21 0.0029 0.9844 0.0016 0.0027 0.0032 0.0034 0.0018 
     CX.111C 21 0.0032 0.9817 0.0019 0.0018 0.0060 0.0034 0.0020 
     AP.07M2 22 0.0129 0.9407 0.0154 0.0032 0.0071 0.0052 0.0155 
      HRV05C 22 0.0046 0.9721 0.0042 0.0024 0.0091 0.0028 0.0048 
      HRV077 22 0.0103 0.9308 0.0041 0.0271 0.0075 0.0160 0.0042 
      HRV0A0 22 0.0036 0.9810 0.0018 0.0026 0.0044 0.0046 0.0019 
      HRV0MC 22 0.0037 0.9742 0.0025 0.0036 0.0108 0.0026 0.0026 
      HRV00P 22 0.0063 0.9713 0.0019 0.0061 0.0071 0.0054 0.0019 
      HRV01J 22 0.0029 0.9691 0.0029 0.0068 0.0117 0.0042 0.0025 
      HRV026 22 0.0047 0.9539 0.0032 0.0024 0.0279 0.0046 0.0033 
      HRV02C 22 0.0028 0.9849 0.0018 0.0023 0.0040 0.0025 0.0018 
      HRV031 22 0.0061 0.9793 0.0020 0.0027 0.0048 0.0030 0.0021 
      HRV033 22 0.0062 0.9793 0.0020 0.0027 0.0048 0.0030 0.0021 
      HRV05L 22 0.1361 0.8452 0.0018 0.0063 0.0032 0.0052 0.0021 
      HRV06A 22 0.0057 0.9743 0.0023 0.0073 0.0040 0.0040 0.0024 
      HRV07P 22 0.0050 0.9796 0.0019 0.0023 0.0041 0.0049 0.0022 
      HRV0HC 22 0.0040 0.9628 0.0087 0.0088 0.0042 0.0038 0.0077 
      HRV0HU 22 0.0142 0.9665 0.0034 0.0028 0.0049 0.0040 0.0041 
      HRV0K1 22 0.0151 0.9668 0.0022 0.0049 0.0050 0.0038 0.0022 
      HRV0M6 22 0.0443 0.8902 0.0104 0.0177 0.0228 0.0051 0.0094 
      HRV0M7 22 0.0056 0.9719 0.0027 0.0083 0.0027 0.0061 0.0027 
      HRV0MK 22 0.0082 0.9725 0.0018 0.0082 0.0029 0.0045 0.0018 
      HRV1C7 22 0.0192 0.9572 0.0024 0.0031 0.0099 0.0058 0.0024 
      HRV1EA 22 0.0048 0.9337 0.0055 0.0149 0.0025 0.0255 0.0131 
       M147K 22 0.0025 0.9606 0.0016 0.0257 0.0052 0.0028 0.0017 
      HRV008 22 0.0038 0.9777 0.0021 0.0022 0.0095 0.0025 0.0023 
      HRV015 22 0.0028 0.9674 0.0035 0.0038 0.0162 0.0031 0.0033 
      HRV01F 22 0.0055 0.9552 0.0075 0.0168 0.0053 0.0031 0.0066 
      HRV01L 22 0.0107 0.9576 0.0022 0.0036 0.0147 0.0089 0.0024 
      HRV01M 22 0.0126 0.9523 0.0025 0.0027 0.0094 0.0179 0.0026 
      HRV020 22 0.0043 0.9291 0.0038 0.0033 0.0344 0.0209 0.0040 
      HRV022 22 0.0030 0.9602 0.0076 0.0082 0.0110 0.0034 0.0066 
      HRV02A 22 0.0044 0.9672 0.0064 0.0077 0.0041 0.0049 0.0053 
      HRV02K 22 0.0110 0.8498 0.0064 0.0035 0.0791 0.0426 0.0076 
      HRV04C 22 0.0027 0.9772 0.0023 0.0021 0.0056 0.0078 0.0022 
      HRV05H 22 0.0075 0.9718 0.0042 0.0047 0.0032 0.0041 0.0044 
      HRV076 22 0.0059 0.9622 0.0054 0.0042 0.0048 0.0109 0.0067 
      HRV07H 22 0.0044 0.9829 0.0017 0.0027 0.0033 0.0031 0.0018 
      HRV07X 22 0.0069 0.9725 0.0052 0.0033 0.0022 0.0040 0.0058 
      HRV080 22 0.0042 0.9832 0.0022 0.0021 0.0027 0.0035 0.0021 
      HRV086 22 0.0091 0.9708 0.0029 0.0052 0.0054 0.0037 0.0030 
      HRV0H3 22 0.0043 0.9659 0.0032 0.0065 0.0111 0.0062 0.0028 
      HRV0J3 22 0.0052 0.9752 0.0029 0.0075 0.0023 0.0039 0.0030 
      HRV0JX 22 0.0061 0.9619 0.0053 0.0090 0.0056 0.0064 0.0056 
      HRV0ML 22 0.0035 0.9792 0.0019 0.0027 0.0079 0.0029 0.0018 
      HRV1E8 22 0.0083 0.9737 0.0025 0.0036 0.0034 0.0060 0.0026 
      HRV007 22 0.0156 0.9473 0.0036 0.0044 0.0058 0.0192 0.0041 
      HRV005 22 0.0088 0.9565 0.0028 0.0082 0.0051 0.0149 0.0036 
      HRV05U 22 0.0108 0.9701 0.0020 0.0031 0.0070 0.0047 0.0022 
      HRV01U 22 0.0038 0.9780 0.0024 0.0057 0.0024 0.0051 0.0026 
     AP.07M1 22 0.0091 0.9678 0.0024 0.0047 0.0085 0.0052 0.0023 
     AP.07ME 22 0.0154 0.9340 0.0032 0.0121 0.0059 0.0253 0.0041 
     AP.0817 22 0.0134 0.9657 0.0026 0.0040 0.0026 0.0085 0.0032 
     AP.0863 22 0.0330 0.9258 0.0082 0.0062 0.0092 0.0082 0.0093 
     AP.087T 22 0.0118 0.9615 0.0068 0.0020 0.0052 0.0028 0.0100 
     AP.088T 22 0.0090 0.9784 0.0018 0.0025 0.0039 0.0026 0.0019 
     CH.0LM1 22 0.0091 0.9697 0.0026 0.0042 0.0072 0.0039 0.0033 
       M05X5 22 0.0273 0.8963 0.0149 0.0077 0.0115 0.0247 0.0175 
       M06JH 22 0.0106 0.7812 0.0215 0.0130 0.0121 0.1523 0.0093 
       M0A6K 22 0.0157 0.9633 0.0029 0.0050 0.0042 0.0059 0.0030 
       M0ETF 22 0.0054 0.9726 0.0022 0.0029 0.0110 0.0037 0.0022 
       M0LUP 22 0.0054 0.9751 0.0031 0.0047 0.0044 0.0033 0.0040 
       M16F1 22 0.0066 0.9380 0.0025 0.0033 0.0435 0.0035 0.0025 
       M182M 22 0.0093 0.9716 0.0030 0.0050 0.0020 0.0057 0.0034 
       M1CFL 22 0.0209 0.9436 0.0027 0.0038 0.0183 0.0081 0.0027 
       M2AXY 22 0.0048 0.9684 0.0028 0.0058 0.0032 0.0120 0.0030 
       M2AY2 22 0.0096 0.9598 0.0092 0.0037 0.0037 0.0057 0.0084 
       M2CHP 22 0.0169 0.9193 0.0161 0.0066 0.0095 0.0192 0.0123 
       W26LK 22 0.0091 0.9659 0.0023 0.0031 0.0060 0.0112 0.0023 
       W26ME 22 0.0060 0.8544 0.0044 0.0988 0.0076 0.0256 0.0032 
     AM.07FM 22 0.0030 0.9739 0.0016 0.0037 0.0122 0.0040 0.0017 
     AM.07FP 22 0.0027 0.9756 0.0024 0.0029 0.0107 0.0033 0.0024 
     AP.07M4 22 0.0065 0.9812 0.0018 0.0020 0.0038 0.0029 0.0018 
     AP.07M7 22 0.0025 0.9885 0.0016 0.0017 0.0021 0.0019 0.0017 
     AP.07M8 22 0.0052 0.9798 0.0024 0.0025 0.0040 0.0035 0.0026 
     AP.07MA 22 0.0029 0.9753 0.0045 0.0029 0.0050 0.0035 0.0059 
     AP.07MC 22 0.0174 0.9393 0.0025 0.0272 0.0030 0.0085 0.0022 
     AP.07P8 22 0.0030 0.9653 0.0068 0.0023 0.0124 0.0030 0.0071 
     AP.07U8 22 0.0085 0.9488 0.0028 0.0040 0.0282 0.0044 0.0033 
     AP.081F 22 0.0032 0.9814 0.0026 0.0028 0.0042 0.0032 0.0026 
     AP.081H 22 0.8284 0.0440 0.0147 0.0104 0.0058 0.0098 0.0870 
     AP.0820 22 0.0145 0.9057 0.0192 0.0031 0.0052 0.0042 0.0481 
     AP.0841 22 0.1832 0.6670 0.0592 0.0105 0.0058 0.0417 0.0325 
     AP.0858 22 0.0272 0.9373 0.0038 0.0067 0.0110 0.0101 0.0039 
     AP.085U 22 0.0133 0.9534 0.0083 0.0041 0.0046 0.0055 0.0107 
     AP.085X 22 0.0076 0.9661 0.0021 0.0090 0.0081 0.0046 0.0024 
     AP.0861 22 0.0048 0.9699 0.0030 0.0052 0.0097 0.0042 0.0033 
     AP.0864 22 0.0058 0.9800 0.0019 0.0020 0.0049 0.0036 0.0019 
     AP.086X 22 0.0067 0.9808 0.0023 0.0025 0.0025 0.0028 0.0024 
     AP.0872 22 0.0057 0.9777 0.0024 0.0029 0.0045 0.0044 0.0024 
     AP.0875 22 0.6024 0.1262 0.0229 0.0524 0.0041 0.0050 0.1869 
     AP.087A 22 0.0045 0.9809 0.0022 0.0049 0.0025 0.0029 0.0022 
     AP.087C 22 0.0188 0.9512 0.0046 0.0094 0.0061 0.0061 0.0038 
     AP.087E 22 0.0043 0.9823 0.0020 0.0032 0.0031 0.0030 0.0021 
     AP.087H 22 0.0052 0.9428 0.0022 0.0029 0.0184 0.0264 0.0020 
     AP.087K 22 0.0134 0.9582 0.0031 0.0055 0.0089 0.0073 0.0036 
     AP.087L 22 0.0125 0.9603 0.0025 0.0035 0.0157 0.0031 0.0025 
     AP.087M 22 0.0085 0.9705 0.0032 0.0049 0.0032 0.0062 0.0034 
     AP.087P 22 0.0094 0.9707 0.0028 0.0066 0.0027 0.0043 0.0034 
     AP.087U 22 0.5003 0.3919 0.0086 0.0116 0.0579 0.0101 0.0197 
     AP.087X 22 0.4855 0.4490 0.0056 0.0152 0.0114 0.0272 0.0062 
     AP.0881 22 0.6145 0.2472 0.0059 0.0609 0.0171 0.0415 0.0129 
     AP.0882 22 0.0077 0.7218 0.0027 0.0061 0.0158 0.2433 0.0027 
     AP.0883 22 0.0138 0.9460 0.0080 0.0033 0.0112 0.0079 0.0098 
     AP.0884 22 0.0034 0.9819 0.0020 0.0023 0.0042 0.0041 0.0021 
     AP.0885 22 0.0055 0.9743 0.0033 0.0040 0.0041 0.0051 0.0037 
     AP.0887 22 0.0207 0.9464 0.0026 0.0056 0.0073 0.0146 0.0028 
     AP.0888 22 0.3962 0.1783 0.0585 0.0141 0.0049 0.0052 0.3428 
     AP.088A 22 0.0059 0.9571 0.0026 0.0043 0.0032 0.0244 0.0025 
     AP.088C 22 0.1605 0.7108 0.0127 0.0358 0.0566 0.0064 0.0172 
     AP.088J 22 0.0144 0.8702 0.0041 0.0983 0.0055 0.0037 0.0038 
     AP.088K 22 0.1032 0.8490 0.0032 0.0140 0.0063 0.0189 0.0054 
     AP.088L 22 0.0067 0.9769 0.0023 0.0027 0.0045 0.0047 0.0022 
     AP.088U 22 0.0026 0.9759 0.0021 0.0049 0.0066 0.0058 0.0022 
     AP.088X 22 0.0192 0.9306 0.0045 0.0022 0.0088 0.0298 0.0049 
     AP.08A0 22 0.0079 0.9807 0.0021 0.0017 0.0028 0.0024 0.0023 
     AP.08A1 22 0.0124 0.9677 0.0032 0.0054 0.0037 0.0042 0.0034 
     AP.08A3 22 0.0037 0.9841 0.0020 0.0030 0.0031 0.0022 0.0019 
     AP.08A4 22 0.4162 0.4684 0.0096 0.0078 0.0687 0.0192 0.0101 
     AP.08A5 22 0.0056 0.9790 0.0020 0.0040 0.0037 0.0037 0.0020 
     AP.08A6 22 0.0080 0.9719 0.0037 0.0035 0.0024 0.0050 0.0056 
     AP.08A8 22 0.0147 0.9683 0.0023 0.0037 0.0050 0.0034 0.0027 
     AP.08AC 22 0.0078 0.9689 0.0045 0.0037 0.0071 0.0025 0.0056 
     AP.08AH 22 0.0148 0.9431 0.0037 0.0174 0.0075 0.0097 0.0038 
     AP.08AJ 22 0.0038 0.9778 0.0041 0.0034 0.0033 0.0031 0.0045 
     AP.08AM 22 0.0134 0.9681 0.0029 0.0023 0.0057 0.0043 0.0033 
     AP.08AT 22 0.0036 0.9831 0.0023 0.0018 0.0033 0.0035 0.0024 
     AP.08AX 22 0.0034 0.9843 0.0019 0.0017 0.0037 0.0027 0.0022 
     CH.0LLP 22 0.0113 0.9729 0.0033 0.0022 0.0049 0.0024 0.0029 
     CH.0LM2 22 0.0171 0.9477 0.0033 0.0078 0.0059 0.0144 0.0038 
     CH.0LM4 22 0.0634 0.9129 0.0019 0.0061 0.0044 0.0091 0.0022 
     CH.0LM5 22 0.0053 0.9736 0.0026 0.0033 0.0049 0.0075 0.0027 
       M0102 22 0.0043 0.9817 0.0025 0.0028 0.0035 0.0028 0.0024 
       M023A 22 0.0029 0.9832 0.0018 0.0016 0.0026 0.0062 0.0018 
       M03MM 22 0.0117 0.9605 0.0033 0.0057 0.0036 0.0115 0.0037 
       M04PF 22 0.0033 0.9811 0.0021 0.0020 0.0054 0.0039 0.0022 
       M04XH 22 0.0045 0.9602 0.0048 0.0122 0.0039 0.0103 0.0042 
       M04XM 22 0.0106 0.9683 0.0024 0.0029 0.0085 0.0047 0.0026 
       M0557 22 0.0049 0.9649 0.0040 0.0089 0.0028 0.0099 0.0046 
       M055C 22 0.0096 0.9306 0.0125 0.0037 0.0078 0.0159 0.0200 
       M05JC 22 0.0080 0.8705 0.0028 0.0046 0.0033 0.1085 0.0023 
       M05PH 22 0.0128 0.9149 0.0042 0.0352 0.0073 0.0226 0.0031 
       M05X6 22 0.0029 0.9781 0.0020 0.0021 0.0047 0.0082 0.0020 
       M07TC 22 0.0037 0.9765 0.0039 0.0023 0.0028 0.0068 0.0042 
       M0A66 22 0.0029 0.9815 0.0020 0.0035 0.0053 0.0029 0.0019 
       M0EYT 22 0.0029 0.9801 0.0020 0.0037 0.0057 0.0035 0.0021 
       M0FF2 22 0.0041 0.9797 0.0018 0.0021 0.0068 0.0036 0.0019 
       M0HJ6 22 0.0239 0.9324 0.0047 0.0170 0.0034 0.0136 0.0051 
      HRV0JL 22 0.0051 0.9823 0.0017 0.0021 0.0039 0.0030 0.0018 
      HRV0JP 22 0.0033 0.9391 0.0025 0.0082 0.0398 0.0045 0.0026 
      HRV0KA 22 0.0040 0.9794 0.0023 0.0061 0.0028 0.0032 0.0022 
      HRV0LJ 22 0.0085 0.9558 0.0048 0.0044 0.0123 0.0092 0.0050 
      HRV0LM 22 0.0056 0.9756 0.0031 0.0023 0.0042 0.0052 0.0040 
      HRV0LP 22 0.0240 0.9128 0.0067 0.0101 0.0100 0.0299 0.0065 
       M0HJ8 22 0.0032 0.9754 0.0022 0.0040 0.0052 0.0077 0.0023 
       M0HM3 22 0.0147 0.9534 0.0022 0.0067 0.0118 0.0087 0.0023 
       M0J1X 22 0.0035 0.9815 0.0023 0.0051 0.0031 0.0024 0.0022 
       M0L32 22 0.0033 0.9553 0.0038 0.0054 0.0205 0.0080 0.0036 
       M0L8F 22 0.0062 0.9598 0.0063 0.0021 0.0035 0.0136 0.0085 
       M0LUH 22 0.0035 0.9833 0.0022 0.0034 0.0033 0.0020 0.0023 
       M0XPJ 22 0.0046 0.9717 0.0023 0.0045 0.0078 0.0066 0.0024 
       M0XTE 22 0.0316 0.9068 0.0111 0.0089 0.0050 0.0081 0.0286 
       M157H 22 0.0267 0.8921 0.0024 0.0032 0.0660 0.0072 0.0024 
       M16YU 22 0.0030 0.9815 0.0018 0.0017 0.0045 0.0057 0.0018 
       M1751 22 0.0089 0.9758 0.0025 0.0029 0.0034 0.0038 0.0027 
       M1C2H 22 0.0038 0.9817 0.0019 0.0034 0.0029 0.0043 0.0020 
       M1E60 22 0.0044 0.9835 0.0017 0.0023 0.0033 0.0029 0.0019 
       M1EKX 22 0.0034 0.9815 0.0019 0.0022 0.0037 0.0052 0.0021 
       M1EKY 22 0.0039 0.9797 0.0019 0.0045 0.0033 0.0048 0.0020 
       M1EL3 22 0.0045 0.9709 0.0045 0.0054 0.0043 0.0055 0.0049 
       M1ELC 22 0.0038 0.9795 0.0028 0.0030 0.0041 0.0036 0.0032 
       M1ELE 22 0.0032 0.9853 0.0019 0.0025 0.0023 0.0027 0.0022 
       M2AY0 22 0.0130 0.9573 0.0040 0.0028 0.0068 0.0111 0.0049 
       M2AY4 22 0.0196 0.7806 0.0023 0.1685 0.0115 0.0151 0.0023 
       M2AY5 22 0.0055 0.9768 0.0026 0.0038 0.0042 0.0042 0.0029 
       M2AY8 22 0.0145 0.8579 0.0272 0.0325 0.0117 0.0074 0.0488 
       M2C3A 22 0.0045 0.9753 0.0025 0.0033 0.0078 0.0041 0.0026 
       M2C3F 22 0.0043 0.9439 0.0025 0.0082 0.0294 0.0090 0.0026 
      HRV0ME 22 0.0050 0.9537 0.0059 0.0149 0.0095 0.0067 0.0042 
       M2CHJ 22 0.0046 0.9675 0.0039 0.0035 0.0064 0.0098 0.0043 
       M2CHM 22 0.0181 0.8997 0.0168 0.0133 0.0042 0.0239 0.0240 
       M2CHY 22 0.0031 0.9672 0.0035 0.0055 0.0110 0.0058 0.0039 
       W23E8 22 0.0046 0.9745 0.0021 0.0026 0.0079 0.0059 0.0024 
       W23EM 22 0.0044 0.9796 0.0030 0.0026 0.0038 0.0035 0.0031 
       W23EX 22 0.0033 0.9823 0.0024 0.0025 0.0032 0.0037 0.0027 
       W23F0 22 0.0045 0.9816 0.0026 0.0022 0.0030 0.0031 0.0031 
       W26L5 22 0.0074 0.8764 0.0161 0.0028 0.0677 0.0080 0.0217 
       W26LM 22 0.0577 0.6292 0.0302 0.0031 0.0023 0.2504 0.0271 
       W26MJ 22 0.0039 0.9079 0.0354 0.0028 0.0055 0.0049 0.0397 
       W26ML 22 0.0073 0.9715 0.0023 0.0034 0.0024 0.0104 0.0026 
       W26MT 22 0.0042 0.9761 0.0019 0.0035 0.0023 0.0100 0.0020 
       W26PE 22 0.5237 0.4147 0.0113 0.0252 0.0041 0.0103 0.0107 
       W26PJ 22 0.4034 0.4043 0.0105 0.1089 0.0084 0.0555 0.0090 
       W26PT 22 0.0592 0.9103 0.0021 0.0179 0.0057 0.0028 0.0020 
       W26PX 22 0.1310 0.8390 0.0049 0.0034 0.0089 0.0047 0.0079 
       W26T0 22 0.0062 0.9724 0.0030 0.0052 0.0077 0.0024 0.0032 
       W26TC 22 0.0053 0.9826 0.0017 0.0026 0.0032 0.0029 0.0018 
       W26TJ 22 0.6558 0.3135 0.0047 0.0049 0.0060 0.0090 0.0061 
       W26UE 22 0.0054 0.9677 0.0030 0.0040 0.0086 0.0084 0.0030 
       W26UF 22 0.0039 0.9753 0.0021 0.0025 0.0079 0.0060 0.0022 
       W26UL 22 0.0074 0.9391 0.0134 0.0038 0.0057 0.0024 0.0282 
       W26X2 22 0.0067 0.9666 0.0037 0.0049 0.0047 0.0099 0.0035 
       W2716 22 0.2888 0.6422 0.0072 0.0103 0.0035 0.0402 0.0077 
      HRV1C6 22 0.0282 0.9452 0.0019 0.0024 0.0153 0.0048 0.0021 
      HRV1CX 22 0.0123 0.9563 0.0072 0.0027 0.0087 0.0070 0.0058 
      HRV1E2 22 0.0037 0.9802 0.0020 0.0041 0.0038 0.0042 0.0021 
      HRV1E4 22 0.0029 0.9825 0.0017 0.0028 0.0026 0.0058 0.0018 
      HRV1E5 22 0.0058 0.9801 0.0017 0.0026 0.0028 0.0053 0.0019 
      HRV1EC 22 0.0047 0.9753 0.0027 0.0035 0.0039 0.0070 0.0028 
      HRV1EK 22 0.0044 0.9584 0.0081 0.0118 0.0068 0.0036 0.0069 
      HRV001 22 0.0034 0.9682 0.0021 0.0081 0.0038 0.0121 0.0023 
      HRV00H 22 0.0087 0.9641 0.0025 0.0108 0.0024 0.0089 0.0026 
      HRV00K 22 0.0059 0.9744 0.0022 0.0054 0.0022 0.0071 0.0026 
      HRV01X 22 0.0033 0.9701 0.0028 0.0029 0.0143 0.0040 0.0027 
      HRV025 22 0.0037 0.9613 0.0055 0.0104 0.0068 0.0079 0.0044 
      HRV028 22 0.0032 0.9703 0.0028 0.0029 0.0142 0.0039 0.0027 
      HRV041 22 0.0031 0.9802 0.0023 0.0028 0.0029 0.0065 0.0022 
      HRV04F 22 0.0027 0.9822 0.0022 0.0034 0.0028 0.0044 0.0022 
      HRV04L 22 0.0031 0.9775 0.0020 0.0022 0.0038 0.0094 0.0020 
      HRV055 22 0.0031 0.9816 0.0018 0.0018 0.0027 0.0071 0.0019 
      HRV05J 22 0.0878 0.8613 0.0021 0.0022 0.0410 0.0034 0.0022 
      HRV07J 22 0.0135 0.9631 0.0019 0.0025 0.0131 0.0039 0.0020 
      HRV07K 22 0.0029 0.9589 0.0067 0.0021 0.0190 0.0033 0.0072 
      HRV07L 22 0.0074 0.9644 0.0096 0.0034 0.0053 0.0032 0.0067 
      HRV07M 22 0.0037 0.9814 0.0019 0.0025 0.0039 0.0046 0.0021 
      HRV0HM 22 0.0424 0.8694 0.0130 0.0495 0.0078 0.0073 0.0107 
      HRV0J2 22 0.0059 0.9790 0.0020 0.0029 0.0062 0.0021 0.0020 
      HRV0K3 22 0.0075 0.9437 0.0023 0.0328 0.0058 0.0056 0.0024 
      HRV0KE 22 0.0198 0.9606 0.0023 0.0032 0.0049 0.0069 0.0024 
      HRV0KF 22 0.0083 0.9731 0.0030 0.0037 0.0046 0.0040 0.0034 
      HRV0KU 22 0.0184 0.9490 0.0072 0.0038 0.0070 0.0062 0.0085 
      HRV0L6 22 0.0064 0.9789 0.0019 0.0048 0.0031 0.0028 0.0020 
      HRV0M2 22 0.0057 0.9690 0.0040 0.0038 0.0069 0.0066 0.0040 
      HRV0MF 22 0.0028 0.9811 0.0023 0.0019 0.0049 0.0048 0.0022 
      HRV0MJ 22 0.0087 0.8699 0.0063 0.0041 0.0882 0.0135 0.0093 
      HRV1AT 22 0.0043 0.9834 0.0023 0.0026 0.0024 0.0025 0.0026 
      HRV1C1 22 0.0055 0.9804 0.0028 0.0024 0.0033 0.0026 0.0032 
      HRV1CL 22 0.0366 0.9388 0.0029 0.0031 0.0047 0.0108 0.0030 
      HRV1E1 22 0.0068 0.9754 0.0028 0.0043 0.0030 0.0047 0.0029 
      HRV1E7 22 0.0058 0.9775 0.0021 0.0022 0.0035 0.0064 0.0025 
      HRV1EE 22 0.0893 0.8950 0.0020 0.0029 0.0036 0.0050 0.0022 
      HRV1ET 22 0.0042 0.9811 0.0019 0.0035 0.0029 0.0044 0.0020 
         148 23 0.1537 0.7728 0.0170 0.0191 0.0042 0.0090 0.0241 
         149 23 0.5218 0.4288 0.0033 0.0132 0.0063 0.0230 0.0035 
         213 23 0.6984 0.2709 0.0050 0.0051 0.0102 0.0039 0.0065 
         215 23 0.9090 0.0586 0.0044 0.0030 0.0099 0.0044 0.0108 
         218 23 0.1545 0.8183 0.0028 0.0057 0.0079 0.0069 0.0039 
         219 23 0.3775 0.4277 0.0883 0.0307 0.0054 0.0118 0.0585 
         222 23 0.2400 0.6350 0.0105 0.0071 0.0216 0.0747 0.0112 
         224 23 0.0562 0.8364 0.0113 0.0145 0.0210 0.0399 0.0205 
         225 23 0.6112 0.3346 0.0028 0.0134 0.0166 0.0182 0.0033 
         229 23 0.0028 0.9852 0.0023 0.0022 0.0022 0.0027 0.0025 
         231 23 0.1141 0.8559 0.0060 0.0069 0.0058 0.0040 0.0073 
      HRV1CP 23 0.2556 0.6940 0.0043 0.0034 0.0107 0.0260 0.0059 
         239 23 0.0062 0.9719 0.0028 0.0038 0.0076 0.0045 0.0033 
         240 23 0.6674 0.3111 0.0027 0.0039 0.0050 0.0064 0.0034 
         243 23 0.4420 0.4388 0.0036 0.0077 0.0950 0.0075 0.0053 
         248 23 0.0030 0.9847 0.0016 0.0021 0.0037 0.0032 0.0016 
         250 23 0.4777 0.5030 0.0023 0.0058 0.0033 0.0057 0.0022 
         251 23 0.1946 0.7517 0.0139 0.0034 0.0030 0.0144 0.0191 
         256 23 0.0156 0.9566 0.0031 0.0049 0.0026 0.0140 0.0033 
         260 23 0.0432 0.7632 0.0082 0.0110 0.0024 0.1633 0.0087 
         261 23 0.0067 0.8670 0.0070 0.0088 0.0977 0.0045 0.0083 
         263 23 0.0293 0.7719 0.0038 0.1798 0.0031 0.0078 0.0043 
         284 23 0.7709 0.1441 0.0046 0.0110 0.0368 0.0283 0.0043 
         285 23 0.8558 0.0583 0.0050 0.0063 0.0580 0.0117 0.0049 
         286 23 0.0127 0.9359 0.0168 0.0032 0.0027 0.0047 0.0240 
         289 23 0.1074 0.7873 0.0035 0.0576 0.0067 0.0314 0.0060 
         291 23 0.3991 0.4933 0.0032 0.0756 0.0150 0.0110 0.0028 
         292 23 0.9528 0.0093 0.0062 0.0062 0.0059 0.0138 0.0057 
         293 23 0.5126 0.4522 0.0067 0.0031 0.0148 0.0051 0.0056 
      BF0001 23 0.1834 0.7740 0.0138 0.0083 0.0027 0.0072 0.0107 
      BF0002 23 0.0409 0.8743 0.0311 0.0033 0.0114 0.0059 0.0331 
       M2AY6 23 0.0039 0.9763 0.0026 0.0042 0.0040 0.0055 0.0035 
     Slov472 23 0.3974 0.5722 0.0039 0.0029 0.0129 0.0067 0.0041 
      BF0026 23 0.6260 0.0078 0.0062 0.0129 0.0022 0.3315 0.0134 
      BF0028 23 0.8704 0.0873 0.0066 0.0044 0.0019 0.0216 0.0077 
     CK.0PP5 23 0.8607 0.0480 0.0198 0.0049 0.0187 0.0200 0.0278 
     CK.0PP8 23 0.8735 0.0608 0.0042 0.0033 0.0052 0.0474 0.0056 
     CK.0PPC 23 0.6606 0.0285 0.0160 0.0054 0.0067 0.2419 0.0409 
     Slov166 23 0.8480 0.1150 0.0024 0.0059 0.0027 0.0228 0.0032 
     Slov189 23 0.8319 0.0998 0.0225 0.0036 0.0072 0.0165 0.0185 
     Slov196 23 0.5267 0.4281 0.0063 0.0100 0.0029 0.0165 0.0096 
     Slov204 23 0.9550 0.0146 0.0019 0.0166 0.0044 0.0054 0.0021 
      Slov24 23 0.3314 0.5359 0.0052 0.0324 0.0048 0.0835 0.0069 
      Slov26 23 0.8325 0.0066 0.0064 0.0066 0.0193 0.1220 0.0067 
      Slov33 23 0.6385 0.3187 0.0020 0.0143 0.0045 0.0198 0.0022 
     Slov447 23 0.3953 0.3405 0.0038 0.0071 0.0040 0.2441 0.0052 
     Slov449 23 0.1201 0.7867 0.0238 0.0225 0.0051 0.0195 0.0223 
     Slov492 23 0.7985 0.0554 0.0030 0.0097 0.0028 0.1274 0.0033 
      Slov56 23 0.0175 0.2024 0.0038 0.0765 0.0054 0.6905 0.0040 
       Slov7 23 0.7816 0.1288 0.0106 0.0509 0.0080 0.0068 0.0132 
      Slov70 23 0.9228 0.0067 0.0029 0.0032 0.0554 0.0056 0.0033 
      Slov75 23 0.9492 0.0055 0.0027 0.0322 0.0032 0.0046 0.0027 
      Slov78 23 0.9255 0.0286 0.0045 0.0154 0.0082 0.0110 0.0068 
      Slov85 23 0.0074 0.9750 0.0022 0.0036 0.0059 0.0035 0.0024 
      BF0003 23 0.3113 0.6481 0.0028 0.0036 0.0201 0.0115 0.0028 
      BF0004 23 0.0746 0.8795 0.0056 0.0058 0.0062 0.0123 0.0160 
      BF0005 23 0.7845 0.0272 0.0046 0.1559 0.0035 0.0178 0.0065 
      BF0006 23 0.9175 0.0637 0.0034 0.0041 0.0033 0.0037 0.0043 
      BF0007 23 0.8982 0.0186 0.0027 0.0196 0.0080 0.0496 0.0034 
      BF0008 23 0.8123 0.0570 0.0096 0.0083 0.0033 0.1020 0.0074 
      BF000A 23 0.9369 0.0439 0.0023 0.0036 0.0040 0.0071 0.0023 
      BF000C 23 0.1192 0.8113 0.0066 0.0207 0.0095 0.0254 0.0075 
      BF000E 23 0.8319 0.0649 0.0192 0.0333 0.0089 0.0247 0.0171 
      BF000F 23 0.2610 0.6183 0.0073 0.0929 0.0028 0.0084 0.0093 
      BF000H 23 0.4573 0.4697 0.0021 0.0163 0.0063 0.0464 0.0019 
      BF000J 23 0.6809 0.2078 0.0039 0.0469 0.0224 0.0344 0.0037 
      BF000K 23 0.7322 0.2457 0.0029 0.0065 0.0049 0.0051 0.0028 
      BF000L 23 0.0712 0.7279 0.0044 0.0731 0.0031 0.1148 0.0054 
      BF000M 24 0.9497 0.0319 0.0027 0.0019 0.0070 0.0036 0.0032 
      BF000P 24 0.9617 0.0195 0.0027 0.0022 0.0061 0.0047 0.0031 
      BF000T 24 0.8641 0.1078 0.0069 0.0032 0.0074 0.0037 0.0069 
      BF000U 24 0.9635 0.0130 0.0040 0.0027 0.0077 0.0049 0.0042 
      BF000X 24 0.9715 0.0096 0.0025 0.0039 0.0038 0.0059 0.0028 
      BF0010 24 0.9749 0.0114 0.0016 0.0037 0.0028 0.0039 0.0017 
      BF0011 24 0.9698 0.0141 0.0024 0.0020 0.0060 0.0034 0.0022 
      BF0012 24 0.9265 0.0111 0.0069 0.0417 0.0033 0.0059 0.0045 
      BF0013 24 0.8390 0.0630 0.0186 0.0188 0.0134 0.0222 0.0251 
      BF0014 24 0.8641 0.0993 0.0035 0.0047 0.0112 0.0138 0.0035 
      BF0015 24 0.9716 0.0111 0.0024 0.0035 0.0046 0.0044 0.0025 
      BF0016 24 0.9593 0.0112 0.0062 0.0030 0.0049 0.0101 0.0052 
      BF0017 24 0.9591 0.0230 0.0035 0.0058 0.0021 0.0027 0.0038 
      BF0018 24 0.8646 0.0841 0.0035 0.0048 0.0233 0.0158 0.0040 
      BF001A 24 0.9795 0.0054 0.0031 0.0025 0.0029 0.0033 0.0034 
      BF001C 24 0.9643 0.0180 0.0022 0.0045 0.0042 0.0044 0.0024 
      BF001E 24 0.9785 0.0034 0.0023 0.0052 0.0042 0.0041 0.0023 
      BF001F 24 0.8876 0.0529 0.0083 0.0311 0.0067 0.0050 0.0084 
      BF001H 24 0.9777 0.0084 0.0024 0.0037 0.0029 0.0025 0.0025 
      BF001J 24 0.9743 0.0052 0.0019 0.0040 0.0057 0.0068 0.0020 
      BF001K 24 0.8833 0.0439 0.0046 0.0147 0.0121 0.0359 0.0054 
      BF001L 24 0.9413 0.0045 0.0033 0.0050 0.0137 0.0293 0.0030 
      BF001M 24 0.9559 0.0062 0.0024 0.0017 0.0170 0.0144 0.0024 
      BF001P 24 0.9362 0.0071 0.0022 0.0042 0.0325 0.0158 0.0021 
      BF001T 24 0.9663 0.0055 0.0022 0.0039 0.0048 0.0151 0.0022 
      BF001U 24 0.9652 0.0112 0.0036 0.0078 0.0027 0.0047 0.0047 
      BF001X 24 0.9601 0.0147 0.0026 0.0045 0.0024 0.0119 0.0038 
      BF0020 24 0.9660 0.0130 0.0037 0.0048 0.0038 0.0043 0.0045 
      BF0022 24 0.9575 0.0028 0.0131 0.0041 0.0042 0.0056 0.0127 
      BF0023 24 0.9544 0.0065 0.0043 0.0061 0.0173 0.0067 0.0048 
      BF0025 24 0.9638 0.0101 0.0037 0.0023 0.0071 0.0083 0.0048 
       h0014 25 0.9428 0.0200 0.0051 0.0056 0.0096 0.0129 0.0041 
       h0024 25 0.9452 0.0046 0.0095 0.0029 0.0151 0.0114 0.0113 
       h0034 25 0.9749 0.0043 0.0026 0.0043 0.0082 0.0034 0.0024 
       h0044 25 0.9720 0.0105 0.0019 0.0022 0.0087 0.0026 0.0021 
       h0054 25 0.9733 0.0065 0.0023 0.0026 0.0085 0.0045 0.0023 
       h0064 25 0.9782 0.0039 0.0038 0.0048 0.0023 0.0040 0.0030 
       h0074 25 0.9526 0.0056 0.0060 0.0211 0.0025 0.0074 0.0048 
       h0084 25 0.9623 0.0098 0.0062 0.0049 0.0042 0.0071 0.0056 
       h0094 25 0.9445 0.0044 0.0034 0.0165 0.0057 0.0220 0.0035 
       h0104 25 0.9256 0.0473 0.0022 0.0058 0.0071 0.0096 0.0025 
       h0114 25 0.9706 0.0106 0.0028 0.0031 0.0042 0.0061 0.0026 
       h0124 25 0.9759 0.0085 0.0021 0.0032 0.0038 0.0044 0.0020 
       h0134 25 0.9297 0.0290 0.0026 0.0288 0.0036 0.0037 0.0025 
       h0144 25 0.9756 0.0052 0.0028 0.0024 0.0027 0.0087 0.0027 
       h0154 25 0.9686 0.0079 0.0034 0.0035 0.0045 0.0085 0.0035 
       h0164 25 0.9582 0.0206 0.0038 0.0038 0.0042 0.0063 0.0031 
       h0174 25 0.9210 0.0274 0.0069 0.0041 0.0226 0.0083 0.0097 
       h0184 25 0.8948 0.0765 0.0055 0.0037 0.0094 0.0042 0.0059 
       h0194 25 0.9780 0.0068 0.0025 0.0036 0.0024 0.0040 0.0026 
       h0204 25 0.9738 0.0058 0.0027 0.0052 0.0061 0.0037 0.0028 
       h0214 25 0.9663 0.0062 0.0034 0.0097 0.0034 0.0069 0.0041 
       h0224 25 0.8174 0.1523 0.0075 0.0035 0.0061 0.0034 0.0097 
       h0234 25 0.9251 0.0118 0.0237 0.0082 0.0126 0.0025 0.0160 
       h0244 25 0.9747 0.0056 0.0032 0.0030 0.0068 0.0034 0.0032 
       h0254 25 0.9701 0.0062 0.0026 0.0036 0.0038 0.0104 0.0031 
       h0264 25 0.9426 0.0307 0.0078 0.0029 0.0026 0.0055 0.0078 
       h0274 25 0.9163 0.0444 0.0049 0.0044 0.0151 0.0091 0.0057 
       h0284 25 0.9712 0.0063 0.0035 0.0038 0.0041 0.0071 0.0040 
       h0294 25 0.9579 0.0162 0.0023 0.0046 0.0039 0.0128 0.0023 
       h0304 25 0.9642 0.0074 0.0030 0.0064 0.0070 0.0091 0.0030 
       h0314 25 0.8932 0.0053 0.0082 0.0679 0.0036 0.0143 0.0075 
       h0324 25 0.9710 0.0073 0.0026 0.0030 0.0046 0.0088 0.0028 
       h0334 25 0.9606 0.0076 0.0031 0.0028 0.0155 0.0069 0.0035 
       h0344 25 0.9794 0.0051 0.0029 0.0046 0.0021 0.0028 0.0031 
       h0354 25 0.9711 0.0071 0.0022 0.0041 0.0068 0.0065 0.0022 
       h0364 25 0.9574 0.0051 0.0033 0.0129 0.0042 0.0137 0.0034 
       h0374 25 0.9053 0.0499 0.0121 0.0041 0.0092 0.0050 0.0144 
       h0384 25 0.9538 0.0307 0.0035 0.0023 0.0019 0.0042 0.0036 
       h0394 25 0.9713 0.0114 0.0027 0.0037 0.0031 0.0050 0.0027 
       h0404 25 0.8486 0.0078 0.0025 0.0023 0.1332 0.0028 0.0027 
       h0414 25 0.9530 0.0137 0.0044 0.0038 0.0080 0.0124 0.0048 
       h0424 25 0.9717 0.0111 0.0023 0.0043 0.0035 0.0044 0.0026 
       h0434 25 0.9701 0.0062 0.0036 0.0048 0.0064 0.0055 0.0036 
       h0444 25 0.9709 0.0119 0.0035 0.0036 0.0032 0.0039 0.0031 
       h0454 25 0.9638 0.0082 0.0041 0.0060 0.0034 0.0110 0.0035 
       h0464 25 0.9025 0.0066 0.0036 0.0060 0.0278 0.0493 0.0042 
       h0474 25 0.9750 0.0061 0.0031 0.0039 0.0047 0.0037 0.0033 
       h0484 25 0.9707 0.0073 0.0028 0.0036 0.0054 0.0075 0.0027 
       h0494 25 0.9754 0.0107 0.0021 0.0017 0.0046 0.0034 0.0021 
       h0504 25 0.9396 0.0272 0.0016 0.0108 0.0097 0.0095 0.0017 
       h0514 25 0.9634 0.0158 0.0058 0.0023 0.0035 0.0028 0.0065 
       h0524 25 0.9720 0.0076 0.0026 0.0072 0.0034 0.0049 0.0025 
       h0534 25 0.9767 0.0050 0.0023 0.0023 0.0019 0.0095 0.0024 
       h0544 25 0.9313 0.0074 0.0151 0.0194 0.0078 0.0065 0.0124 
       h0554 25 0.9743 0.0072 0.0028 0.0038 0.0055 0.0034 0.0029 
       h0564 25 0.7963 0.0159 0.0020 0.0022 0.1775 0.0037 0.0024 
       h0574 25 0.9623 0.0052 0.0044 0.0165 0.0027 0.0045 0.0042 
       h0584 25 0.9670 0.0059 0.0023 0.0040 0.0033 0.0148 0.0026 
       h0594 25 0.9679 0.0108 0.0039 0.0018 0.0071 0.0041 0.0045 
       h0604 25 0.9160 0.0227 0.0052 0.0059 0.0173 0.0276 0.0053 
       h0614 25 0.9235 0.0175 0.0024 0.0044 0.0082 0.0412 0.0027 
       h0624 25 0.9768 0.0036 0.0019 0.0076 0.0036 0.0047 0.0018 
       h0634 25 0.9785 0.0043 0.0023 0.0020 0.0078 0.0026 0.0025 
       h0644 25 0.9663 0.0083 0.0043 0.0101 0.0031 0.0040 0.0039 
       h0654 25 0.8612 0.1039 0.0038 0.0038 0.0195 0.0044 0.0034 
       h0664 25 0.9581 0.0153 0.0030 0.0018 0.0130 0.0052 0.0035 
       h0674 25 0.9521 0.0084 0.0029 0.0061 0.0129 0.0142 0.0033 
       h0684 25 0.9255 0.0489 0.0044 0.0046 0.0085 0.0043 0.0039 
       h0694 25 0.9496 0.0065 0.0030 0.0033 0.0205 0.0144 0.0027 
       h0704 25 0.9829 0.0034 0.0020 0.0045 0.0022 0.0031 0.0019 
       h0714 25 0.9499 0.0051 0.0051 0.0232 0.0053 0.0051 0.0063 
       h0724 25 0.8482 0.1097 0.0078 0.0032 0.0094 0.0147 0.0071 
       h0734 25 0.9763 0.0042 0.0040 0.0040 0.0037 0.0045 0.0034 
       h0744 25 0.9570 0.0200 0.0034 0.0043 0.0039 0.0083 0.0030 
       h0754 25 0.9728 0.0083 0.0025 0.0028 0.0063 0.0045 0.0027 
       h0764 25 0.9066 0.0433 0.0024 0.0028 0.0237 0.0186 0.0025 
       h0774 25 0.9828 0.0029 0.0020 0.0045 0.0017 0.0043 0.0019 
       h0784 25 0.9009 0.0643 0.0038 0.0044 0.0046 0.0166 0.0054 
       h0794 25 0.8808 0.0975 0.0031 0.0069 0.0024 0.0062 0.0031 
       h0804 25 0.9737 0.0054 0.0033 0.0026 0.0025 0.0094 0.0032 
       h0814 25 0.9680 0.0079 0.0024 0.0074 0.0024 0.0094 0.0025 
       h0824 25 0.9571 0.0071 0.0021 0.0094 0.0139 0.0081 0.0024 
       h0834 25 0.9137 0.0130 0.0064 0.0099 0.0084 0.0394 0.0091 
       h0844 25 0.9733 0.0081 0.0037 0.0034 0.0024 0.0044 0.0048 
       h0854 25 0.9721 0.0056 0.0023 0.0098 0.0047 0.0034 0.0022 
       h0864 25 0.7343 0.0152 0.0104 0.0294 0.1866 0.0088 0.0153 
       h0874 25 0.8969 0.0500 0.0025 0.0094 0.0252 0.0134 0.0025 
       h0884 25 0.9427 0.0232 0.0025 0.0029 0.0150 0.0113 0.0024 
       h0894 25 0.9758 0.0054 0.0022 0.0023 0.0071 0.0050 0.0023 
       h0904 25 0.9511 0.0186 0.0050 0.0071 0.0053 0.0086 0.0043 
       h0914 25 0.9487 0.0314 0.0031 0.0020 0.0054 0.0063 0.0031 
       h0924 25 0.9582 0.0079 0.0054 0.0024 0.0070 0.0124 0.0066 
       h0934 25 0.8584 0.0071 0.0022 0.0993 0.0052 0.0256 0.0023 
       h0944 25 0.9508 0.0164 0.0041 0.0057 0.0032 0.0155 0.0043 
       h0954 25 0.7844 0.1722 0.0044 0.0178 0.0106 0.0053 0.0054 
       h0964 25 0.9193 0.0228 0.0091 0.0078 0.0240 0.0086 0.0084 
       h0974 25 0.9325 0.0363 0.0039 0.0039 0.0098 0.0092 0.0043 
       h0984 25 0.9371 0.0230 0.0074 0.0036 0.0130 0.0084 0.0076 
       h0994 25 0.5449 0.4146 0.0025 0.0106 0.0159 0.0090 0.0026 
       h1004 25 0.9790 0.0035 0.0027 0.0032 0.0048 0.0044 0.0025 
       h1014 25 0.7926 0.0592 0.0367 0.0081 0.0352 0.0360 0.0322 
       h1024 25 0.9020 0.0289 0.0112 0.0156 0.0092 0.0246 0.0085 
       h1034 25 0.9113 0.0234 0.0089 0.0064 0.0258 0.0123 0.0120 
       h1044 25 0.9230 0.0057 0.0027 0.0080 0.0061 0.0518 0.0027 
       h1054 25 0.9829 0.0053 0.0018 0.0021 0.0023 0.0034 0.0021 
       h1064 25 0.9730 0.0063 0.0036 0.0036 0.0033 0.0065 0.0036 
       h1074 25 0.9563 0.0063 0.0069 0.0026 0.0143 0.0057 0.0079 
       h1084 25 0.9208 0.0278 0.0047 0.0172 0.0102 0.0143 0.0049 
       h1094 25 0.9713 0.0046 0.0067 0.0043 0.0021 0.0033 0.0076 
       h1104 25 0.9584 0.0039 0.0025 0.0022 0.0038 0.0265 0.0028 
       h1114 25 0.9476 0.0088 0.0041 0.0114 0.0093 0.0153 0.0033 
       h1124 25 0.9273 0.0297 0.0020 0.0229 0.0049 0.0109 0.0023 
       h1134 25 0.9663 0.0071 0.0029 0.0033 0.0072 0.0092 0.0039 
       h1144 25 0.9741 0.0060 0.0027 0.0033 0.0034 0.0076 0.0030 
       h1154 25 0.8882 0.0165 0.0204 0.0045 0.0065 0.0238 0.0401 
       h1164 25 0.9714 0.0082 0.0028 0.0066 0.0042 0.0040 0.0028 
       h1174 25 0.9660 0.0108 0.0018 0.0028 0.0042 0.0128 0.0017 
       h1184 25 0.8899 0.0627 0.0074 0.0204 0.0023 0.0096 0.0078 
       h1194 25 0.9759 0.0036 0.0025 0.0031 0.0065 0.0057 0.0025 
       h1204 25 0.8784 0.0803 0.0033 0.0147 0.0128 0.0074 0.0031 
       h1214 25 0.9809 0.0073 0.0017 0.0017 0.0038 0.0028 0.0017 
       h1224 25 0.9786 0.0046 0.0023 0.0020 0.0040 0.0062 0.0022 
       h1234 25 0.7316 0.2427 0.0041 0.0034 0.0098 0.0037 0.0048 
       h1244 25 0.9137 0.0119 0.0050 0.0365 0.0209 0.0070 0.0050 
       h1254 25 0.8926 0.0686 0.0072 0.0046 0.0063 0.0127 0.0081 
     CX.10JP 26 0.9788 0.0052 0.0026 0.0032 0.0040 0.0034 0.0029 
     CX.10JX 26 0.9545 0.0079 0.0060 0.0126 0.0052 0.0077 0.0061 
     CX.10K0 26 0.9697 0.0059 0.0029 0.0037 0.0076 0.0068 0.0035 
     CX.10K5 26 0.9426 0.0156 0.0024 0.0065 0.0097 0.0205 0.0026 
     CX.10K6 26 0.9823 0.0037 0.0020 0.0028 0.0036 0.0038 0.0019 
     CX.10K7 26 0.9764 0.0056 0.0024 0.0054 0.0037 0.0039 0.0026 
     CX.10KA 26 0.9680 0.0045 0.0061 0.0085 0.0020 0.0036 0.0073 
     CX.10KC 26 0.9679 0.0039 0.0072 0.0021 0.0026 0.0065 0.0098 
     CX.10KH 26 0.9665 0.0055 0.0057 0.0039 0.0037 0.0084 0.0064 
     CX.10KL 26 0.8579 0.0039 0.0053 0.0051 0.0888 0.0329 0.0060 
     CX.10KM 26 0.9839 0.0030 0.0022 0.0029 0.0024 0.0032 0.0024 
     CX.10KT 26 0.9561 0.0035 0.0024 0.0051 0.0038 0.0263 0.0028 
     CX.10KU 26 0.9779 0.0063 0.0023 0.0042 0.0028 0.0042 0.0023 
     CX.10KX 26 0.9779 0.0051 0.0024 0.0058 0.0039 0.0025 0.0026 
     CX.10L0 26 0.9465 0.0323 0.0044 0.0029 0.0033 0.0060 0.0046 
     CX.10L6 26 0.9788 0.0044 0.0024 0.0044 0.0033 0.0039 0.0029 
     CX.10L7 26 0.9450 0.0066 0.0032 0.0037 0.0040 0.0338 0.0037 
     CX.10L8 26 0.9391 0.0176 0.0074 0.0092 0.0110 0.0064 0.0094 
     CX.10LA 26 0.9664 0.0105 0.0023 0.0062 0.0084 0.0037 0.0024 
     CX.10LE 26 0.8731 0.0056 0.0050 0.0944 0.0051 0.0122 0.0046 
     CX.10LH 26 0.9780 0.0041 0.0028 0.0048 0.0036 0.0037 0.0030 
     CX.10LK 26 0.9773 0.0049 0.0023 0.0028 0.0068 0.0031 0.0028 
     CX.10LL 26 0.9774 0.0047 0.0022 0.0078 0.0019 0.0035 0.0024 
     CX.10LP 26 0.9439 0.0077 0.0073 0.0183 0.0067 0.0036 0.0125 
     CX.10LT 26 0.9789 0.0029 0.0041 0.0029 0.0026 0.0032 0.0054 
     CX.10LU 26 0.9751 0.0063 0.0022 0.0031 0.0053 0.0057 0.0024 
     CX.10M1 26 0.9661 0.0036 0.0024 0.0028 0.0024 0.0194 0.0032 
     CX.10M2 26 0.9808 0.0039 0.0020 0.0056 0.0023 0.0035 0.0019 
     CX.10M3 26 0.9675 0.0119 0.0037 0.0062 0.0030 0.0039 0.0039 
     CX.10M5 26 0.9744 0.0090 0.0026 0.0034 0.0041 0.0034 0.0030 
     CX.10M6 26 0.9681 0.0067 0.0031 0.0099 0.0041 0.0054 0.0028 
     CX.10M7 26 0.9293 0.0243 0.0054 0.0023 0.0088 0.0241 0.0059 
     CX.10M8 26 0.9670 0.0055 0.0030 0.0029 0.0058 0.0128 0.0029 
     CX.10P3 26 0.9215 0.0241 0.0023 0.0066 0.0303 0.0126 0.0027 
     CX.10P7 26 0.9654 0.0165 0.0022 0.0037 0.0050 0.0048 0.0023 
     CX.10PC 26 0.9776 0.0072 0.0018 0.0034 0.0044 0.0039 0.0018 
     CX.10PE 26 0.9752 0.0044 0.0018 0.0104 0.0022 0.0040 0.0020 
     CX.10PU 26 0.9652 0.0084 0.0041 0.0044 0.0086 0.0058 0.0035 
     CX.10PX 26 0.9709 0.0049 0.0024 0.0042 0.0026 0.0127 0.0023 
     CX.10T0 26 0.9573 0.0072 0.0026 0.0098 0.0025 0.0179 0.0027 
     CX.10T2 26 0.9792 0.0051 0.0017 0.0028 0.0033 0.0063 0.0017 
     CX.10JT 26 0.9732 0.0044 0.0055 0.0031 0.0037 0.0032 0.0069 
     CX.10JY 26 0.9666 0.0043 0.0024 0.0137 0.0052 0.0054 0.0024 
     CX.10K4 26 0.9695 0.0055 0.0037 0.0037 0.0045 0.0091 0.0040 
     CX.10KE 26 0.9707 0.0029 0.0027 0.0121 0.0025 0.0066 0.0025 
     CX.10KY 26 0.9838 0.0030 0.0019 0.0024 0.0024 0.0045 0.0020 
     CX.10L2 26 0.9749 0.0046 0.0035 0.0026 0.0054 0.0053 0.0037 
     CX.10L3 26 0.8757 0.0171 0.0035 0.0881 0.0033 0.0085 0.0038 
     CX.10LF 26 0.9712 0.0055 0.0033 0.0034 0.0049 0.0087 0.0031 
     CX.10LM 26 0.8569 0.1039 0.0041 0.0076 0.0045 0.0176 0.0054 
     CX.10LY 26 0.8587 0.0618 0.0067 0.0098 0.0076 0.0477 0.0077 
     CX.10M0 26 0.9810 0.0040 0.0027 0.0020 0.0032 0.0044 0.0027 
     CX.10MA 26 0.9100 0.0588 0.0026 0.0059 0.0103 0.0095 0.0029 
       h0015 27 0.9839 0.0040 0.0021 0.0025 0.0022 0.0031 0.0022 
       h0025 27 0.9759 0.0045 0.0026 0.0025 0.0026 0.0088 0.0031 
       h0035 27 0.9821 0.0041 0.0019 0.0040 0.0027 0.0032 0.0020 
       h0045 27 0.9726 0.0023 0.0040 0.0108 0.0020 0.0033 0.0050 
       h0055 27 0.9568 0.0163 0.0028 0.0043 0.0118 0.0055 0.0025 
       h0065 27 0.9759 0.0059 0.0024 0.0034 0.0054 0.0048 0.0023 
       h0075 27 0.9593 0.0104 0.0030 0.0048 0.0037 0.0157 0.0032 
       h0085 27 0.9717 0.0040 0.0023 0.0090 0.0026 0.0079 0.0026 
       h0095 27 0.9691 0.0072 0.0041 0.0027 0.0071 0.0053 0.0045 
       h0105 27 0.9829 0.0030 0.0030 0.0025 0.0021 0.0032 0.0034 
       h0115 27 0.9531 0.0158 0.0027 0.0082 0.0049 0.0125 0.0028 
       h0125 27 0.9287 0.0104 0.0030 0.0024 0.0064 0.0453 0.0039 
       h0135 27 0.9789 0.0038 0.0024 0.0027 0.0066 0.0031 0.0026 
       h0145 27 0.9132 0.0090 0.0051 0.0111 0.0039 0.0526 0.0051 
       h0155 27 0.9603 0.0073 0.0088 0.0058 0.0038 0.0077 0.0062 
       h0165 27 0.9786 0.0064 0.0029 0.0025 0.0039 0.0026 0.0031 
       h0175 27 0.9708 0.0086 0.0032 0.0051 0.0043 0.0031 0.0049 
       h0185 27 0.9757 0.0038 0.0042 0.0024 0.0040 0.0043 0.0056 
       h0195 27 0.9597 0.0154 0.0021 0.0030 0.0124 0.0056 0.0020 
       h0205 27 0.9729 0.0075 0.0027 0.0037 0.0039 0.0059 0.0035 
       h0215 27 0.9098 0.0071 0.0034 0.0512 0.0152 0.0097 0.0036 
       h0225 27 0.9822 0.0042 0.0026 0.0029 0.0026 0.0026 0.0028 
       h0235 27 0.9682 0.0132 0.0022 0.0032 0.0064 0.0044 0.0024 
       h0245 27 0.9819 0.0029 0.0026 0.0045 0.0019 0.0036 0.0027 
       h0255 27 0.9710 0.0085 0.0033 0.0026 0.0059 0.0051 0.0035 
       h0265 27 0.9621 0.0049 0.0026 0.0048 0.0122 0.0107 0.0026 
       h0275 27 0.9785 0.0057 0.0022 0.0037 0.0019 0.0061 0.0021 
       h0285 27 0.9766 0.0030 0.0026 0.0025 0.0038 0.0089 0.0025 
       h0295 27 0.9706 0.0043 0.0034 0.0050 0.0053 0.0076 0.0038 
       h0305 27 0.9812 0.0053 0.0023 0.0033 0.0022 0.0030 0.0026 
       h0315 27 0.9832 0.0028 0.0018 0.0032 0.0034 0.0038 0.0018 
       h0325 27 0.9503 0.0162 0.0023 0.0157 0.0032 0.0099 0.0023 
       h0335 27 0.9299 0.0103 0.0037 0.0375 0.0084 0.0063 0.0039 
       h0345 27 0.9736 0.0051 0.0024 0.0045 0.0035 0.0087 0.0023 
       h0355 27 0.9693 0.0054 0.0028 0.0099 0.0025 0.0063 0.0037 
       h0365 27 0.9772 0.0033 0.0028 0.0031 0.0057 0.0052 0.0028 
       h0375 27 0.9734 0.0071 0.0026 0.0056 0.0040 0.0044 0.0029 
       h0385 27 0.9768 0.0060 0.0020 0.0056 0.0028 0.0048 0.0020 
       h0395 27 0.9789 0.0054 0.0021 0.0020 0.0033 0.0060 0.0023 
       h0405 27 0.8944 0.0051 0.0060 0.0051 0.0752 0.0080 0.0062 
       h0415 27 0.9822 0.0035 0.0025 0.0024 0.0033 0.0032 0.0029 
       h0425 27 0.9730 0.0041 0.0031 0.0095 0.0034 0.0040 0.0029 
       h0435 27 0.9399 0.0118 0.0045 0.0041 0.0025 0.0334 0.0040 
       h0445 27 0.9739 0.0031 0.0058 0.0049 0.0023 0.0039 0.0060 
       h0455 27 0.9427 0.0041 0.0030 0.0043 0.0031 0.0398 0.0031 
       h0465 27 0.9710 0.0023 0.0020 0.0034 0.0020 0.0174 0.0019 
       h0475 27 0.9791 0.0057 0.0022 0.0025 0.0024 0.0058 0.0024 
       h0485 27 0.9618 0.0108 0.0025 0.0037 0.0066 0.0117 0.0028 
       h0495 27 0.9764 0.0055 0.0039 0.0026 0.0031 0.0034 0.0051 
       h0505 27 0.9595 0.0171 0.0020 0.0125 0.0029 0.0038 0.0023 
       h0515 27 0.9700 0.0040 0.0066 0.0026 0.0031 0.0048 0.0089 
       h0525 27 0.9816 0.0031 0.0018 0.0030 0.0028 0.0059 0.0018 
       h0535 27 0.9404 0.0175 0.0029 0.0210 0.0094 0.0060 0.0027 
       h0545 27 0.9298 0.0066 0.0024 0.0444 0.0036 0.0108 0.0023 
       h0555 27 0.9205 0.0280 0.0042 0.0046 0.0108 0.0278 0.0040 
       h0565 27 0.9478 0.0251 0.0039 0.0086 0.0050 0.0049 0.0047 
       h0575 27 0.9712 0.0046 0.0053 0.0043 0.0021 0.0070 0.0056 
       h0585 27 0.9674 0.0047 0.0044 0.0048 0.0072 0.0076 0.0038 
       h0595 27 0.8538 0.0324 0.0056 0.0101 0.0080 0.0839 0.0063 
       h0605 27 0.9730 0.0057 0.0029 0.0047 0.0033 0.0070 0.0034 
       h0615 27 0.9804 0.0043 0.0021 0.0032 0.0022 0.0052 0.0026 
       h0625 27 0.9852 0.0023 0.0024 0.0024 0.0023 0.0021 0.0032 
       h0635 27 0.9680 0.0069 0.0029 0.0106 0.0036 0.0050 0.0030 
       h0645 27 0.9620 0.0100 0.0050 0.0067 0.0076 0.0041 0.0048 
       h0655 27 0.9520 0.0207 0.0026 0.0113 0.0049 0.0049 0.0035 
       h0665 27 0.9825 0.0040 0.0019 0.0019 0.0046 0.0032 0.0020 
       h0675 27 0.9636 0.0069 0.0024 0.0131 0.0052 0.0064 0.0025 
       h0685 27 0.9823 0.0040 0.0021 0.0021 0.0029 0.0042 0.0024 
       h0695 27 0.9688 0.0049 0.0024 0.0095 0.0061 0.0057 0.0026 
       h0705 27 0.9801 0.0063 0.0022 0.0028 0.0027 0.0032 0.0027 
       h0715 27 0.9654 0.0053 0.0047 0.0063 0.0051 0.0026 0.0106 
       h0725 27 0.9723 0.0027 0.0046 0.0058 0.0024 0.0073 0.0049 
       h0735 27 0.9408 0.0058 0.0112 0.0039 0.0050 0.0035 0.0297 
       h0745 27 0.9632 0.0106 0.0032 0.0051 0.0042 0.0096 0.0042 
       h0755 27 0.9785 0.0042 0.0027 0.0043 0.0030 0.0045 0.0029 
       h0765 27 0.9647 0.0161 0.0037 0.0049 0.0027 0.0044 0.0036 
       h0775 27 0.9788 0.0046 0.0025 0.0038 0.0034 0.0043 0.0025 
       h0785 27 0.9790 0.0040 0.0028 0.0025 0.0030 0.0056 0.0030 
       h0795 27 0.9428 0.0063 0.0051 0.0299 0.0033 0.0056 0.0070 
       h0805 27 0.7055 0.0128 0.0041 0.0052 0.0022 0.2663 0.0038 
       h0815 27 0.9468 0.0060 0.0035 0.0025 0.0047 0.0330 0.0035 
       h0825 27 0.9696 0.0115 0.0033 0.0058 0.0032 0.0031 0.0034 
       h0835 27 0.9616 0.0074 0.0034 0.0057 0.0040 0.0141 0.0038 
       h0845 27 0.9741 0.0066 0.0023 0.0033 0.0053 0.0058 0.0026 
       h0855 27 0.8773 0.0088 0.0168 0.0207 0.0349 0.0135 0.0280 
       h0865 27 0.9637 0.0044 0.0025 0.0095 0.0035 0.0138 0.0026 
       h0875 27 0.9577 0.0145 0.0028 0.0049 0.0044 0.0130 0.0027 
       h0885 27 0.9659 0.0034 0.0025 0.0034 0.0020 0.0202 0.0026 
       h0895 27 0.9562 0.0188 0.0031 0.0039 0.0064 0.0084 0.0032 
       h0905 27 0.8584 0.0085 0.0029 0.1164 0.0028 0.0076 0.0033 
       h0915 27 0.9653 0.0049 0.0054 0.0079 0.0050 0.0063 0.0052 
       h0925 27 0.9785 0.0058 0.0030 0.0036 0.0026 0.0037 0.0028 
       h0935 27 0.9711 0.0030 0.0033 0.0128 0.0020 0.0041 0.0036 
       h0945 27 0.9644 0.0046 0.0074 0.0049 0.0036 0.0084 0.0067 
       h0955 27 0.9692 0.0054 0.0028 0.0033 0.0112 0.0053 0.0029 
       h0965 27 0.9768 0.0060 0.0022 0.0025 0.0062 0.0039 0.0023 
       h0975 27 0.9828 0.0043 0.0022 0.0019 0.0022 0.0042 0.0024 
       h0985 27 0.8782 0.0172 0.0033 0.0667 0.0044 0.0269 0.0033 
       h0995 27 0.9647 0.0064 0.0052 0.0064 0.0032 0.0092 0.0050 
       h1005 27 0.9653 0.0121 0.0059 0.0032 0.0034 0.0031 0.0070 
       h1015 27 0.9676 0.0052 0.0024 0.0031 0.0052 0.0140 0.0026 
       h1025 27 0.9090 0.0241 0.0029 0.0370 0.0067 0.0171 0.0032 
       h1035 27 0.9778 0.0073 0.0019 0.0026 0.0026 0.0058 0.0019 
       h1045 27 0.9025 0.0658 0.0023 0.0027 0.0038 0.0204 0.0026 
       h1055 27 0.9728 0.0049 0.0024 0.0070 0.0033 0.0071 0.0024 
       h1065 27 0.9703 0.0045 0.0023 0.0068 0.0025 0.0110 0.0026 
       h1075 27 0.9473 0.0068 0.0050 0.0122 0.0102 0.0140 0.0045 
       h1085 27 0.9522 0.0039 0.0049 0.0073 0.0188 0.0071 0.0058 
       h1095 27 0.9760 0.0041 0.0026 0.0045 0.0050 0.0050 0.0029 
       h1105 27 0.9759 0.0047 0.0028 0.0038 0.0023 0.0072 0.0033 
       h1115 27 0.9797 0.0042 0.0027 0.0039 0.0030 0.0036 0.0028 
       h1125 27 0.9734 0.0062 0.0041 0.0071 0.0029 0.0025 0.0039 
       h1135 27 0.9832 0.0030 0.0021 0.0018 0.0048 0.0028 0.0021 
       h1145 27 0.9765 0.0063 0.0034 0.0018 0.0043 0.0035 0.0042 
       h1155 27 0.9698 0.0066 0.0047 0.0032 0.0035 0.0071 0.0050 
       h1165 27 0.9801 0.0047 0.0022 0.0028 0.0030 0.0049 0.0023 
       h1175 27 0.9610 0.0087 0.0031 0.0038 0.0093 0.0106 0.0034 
       h1185 27 0.9503 0.0141 0.0058 0.0052 0.0027 0.0170 0.0049 
       h1195 27 0.9422 0.0082 0.0033 0.0340 0.0023 0.0063 0.0037 
       h1205 27 0.9834 0.0039 0.0016 0.0018 0.0020 0.0057 0.0016 
       h1215 27 0.9756 0.0087 0.0023 0.0027 0.0047 0.0032 0.0028 
       h1225 27 0.9687 0.0044 0.0024 0.0136 0.0022 0.0064 0.0024 
       h1235 27 0.9836 0.0030 0.0022 0.0032 0.0024 0.0036 0.0021 
       h1245 27 0.9834 0.0032 0.0023 0.0018 0.0035 0.0030 0.0029 
       h1255 27 0.9720 0.0043 0.0053 0.0028 0.0023 0.0042 0.0091 
     CK.0PLA 28 0.0037 0.0044 0.0030 0.0027 0.9764 0.0061 0.0036 
     CK.0PLC 28 0.0046 0.0082 0.0036 0.0026 0.9720 0.0051 0.0039 
     CK.0PLE 28 0.0030 0.0029 0.0020 0.0027 0.9847 0.0027 0.0020 
     CK.0PLF 28 0.0145 0.0156 0.0076 0.0131 0.9324 0.0098 0.0071 
     CK.0PLH 28 0.0017 0.0034 0.0021 0.0018 0.9863 0.0025 0.0022 
     CK.0PLJ 28 0.0138 0.0064 0.0024 0.0050 0.9678 0.0019 0.0027 
     CK.0PLK 28 0.0020 0.0031 0.0016 0.0019 0.9862 0.0034 0.0017 
     CK.0PLL 28 0.0031 0.0037 0.0027 0.0028 0.9829 0.0020 0.0028 
     CK.0PLM 28 0.0028 0.0027 0.0022 0.0039 0.9829 0.0032 0.0023 
     CK.0PLP 28 0.0030 0.0040 0.0023 0.0024 0.9833 0.0025 0.0025 
     CK.0PLT 28 0.0019 0.0021 0.0016 0.0017 0.9891 0.0020 0.0016 
     CK.0PLU 28 0.0023 0.0029 0.0020 0.0022 0.9860 0.0025 0.0021 
     CK.0PLX 28 0.0030 0.0053 0.0041 0.0032 0.9698 0.0108 0.0038 
     CK.0PLY 28 0.0019 0.0023 0.0016 0.0018 0.9887 0.0021 0.0016 
     CK.0PM0 28 0.0027 0.0029 0.0019 0.0019 0.9851 0.0035 0.0020 
     CK.0PM1 28 0.0019 0.0026 0.0018 0.0019 0.9874 0.0026 0.0018 
     CK.0PM2 28 0.0028 0.0038 0.0026 0.0127 0.9729 0.0024 0.0028 
     CK.0PM3 28 0.0022 0.0025 0.0023 0.0016 0.9867 0.0023 0.0024 
     CK.0PM4 28 0.0032 0.0025 0.0027 0.0023 0.9840 0.0024 0.0029 
     CK.0PM7 28 0.0028 0.0025 0.0020 0.0021 0.9864 0.0023 0.0021 
     CK.0PM8 28 0.0025 0.0020 0.0016 0.0018 0.9882 0.0022 0.0017 
     CK.0PMA 28 0.0031 0.0030 0.0031 0.0041 0.9809 0.0030 0.0027 
       M2C06 28 0.0027 0.0025 0.0019 0.0020 0.9871 0.0019 0.0020 
       M2C07 28 0.0017 0.0019 0.0015 0.0016 0.9899 0.0019 0.0015 
       M2C08 28 0.0016 0.0019 0.0015 0.0015 0.9906 0.0015 0.0015 
       M2C0A 28 0.0021 0.0025 0.0020 0.0026 0.9868 0.0020 0.0018 
       M2C0C 28 0.0025 0.0024 0.0018 0.0020 0.9871 0.0024 0.0018 
       M2C0E 28 0.0019 0.0024 0.0019 0.0017 0.9883 0.0019 0.0019 
       h0012 29 0.0021 0.0046 0.0022 0.0028 0.9835 0.0023 0.0024 
       h0022 29 0.0037 0.0028 0.0018 0.0028 0.9845 0.0026 0.0018 
       h0032 29 0.0020 0.0028 0.0022 0.0020 0.9866 0.0023 0.0022 
       h0042 29 0.0021 0.0023 0.0022 0.0031 0.9850 0.0031 0.0022 
       h0052 29 0.0062 0.0030 0.0029 0.0047 0.9768 0.0036 0.0028 
       h0062 29 0.0046 0.0031 0.0017 0.0017 0.9851 0.0020 0.0018 
       h0072 29 0.0045 0.0035 0.0019 0.0061 0.9777 0.0044 0.0020 
       h0082 29 0.0032 0.0051 0.0028 0.0036 0.9775 0.0053 0.0025 
       h0092 29 0.0027 0.0047 0.0019 0.0025 0.9826 0.0036 0.0020 
       h0102 29 0.0018 0.0029 0.0022 0.0018 0.9870 0.0020 0.0022 
       h0112 29 0.0023 0.0017 0.0021 0.0031 0.9870 0.0016 0.0021 
       h0122 29 0.0041 0.0042 0.0026 0.2058 0.7780 0.0028 0.0025 
       h0132 29 0.0025 0.0024 0.0026 0.0018 0.9853 0.0027 0.0028 
       h0142 29 0.0023 0.0023 0.0021 0.0019 0.9869 0.0025 0.0021 
       h0152 29 0.0020 0.0023 0.0017 0.0017 0.9887 0.0019 0.0017 
       h0162 29 0.0030 0.0024 0.0027 0.0082 0.9786 0.0024 0.0027 
       h0172 29 0.0020 0.0026 0.0020 0.0015 0.9876 0.0023 0.0020 
       h0182 29 0.0021 0.0027 0.0018 0.0015 0.9880 0.0021 0.0018 
       h0192 29 0.0039 0.0075 0.0021 0.0040 0.9750 0.0052 0.0023 
       h0202 29 0.0038 0.0061 0.0019 0.0019 0.9785 0.0058 0.0020 
       h0212 29 0.0025 0.0042 0.0015 0.0018 0.9848 0.0035 0.0016 
       h0222 29 0.0021 0.0022 0.0016 0.0019 0.9880 0.0026 0.0017 
       h0232 29 0.0032 0.0023 0.0023 0.0026 0.9839 0.0034 0.0024 
       h0242 29 0.0025 0.0030 0.0017 0.0015 0.9876 0.0020 0.0018 
       h0252 29 0.0018 0.0025 0.0021 0.0022 0.9872 0.0023 0.0021 
       h0262 29 0.0028 0.0025 0.0022 0.0018 0.9853 0.0031 0.0023 
       h0272 29 0.0027 0.0027 0.0028 0.0020 0.9849 0.0020 0.0030 
       h0282 29 0.0042 0.0031 0.0024 0.0019 0.9828 0.0032 0.0025 
       h0292 29 0.0030 0.0027 0.0023 0.0021 0.9854 0.0021 0.0024 
       h0302 29 0.0022 0.0026 0.0026 0.0019 0.9836 0.0045 0.0026 
       h0312 29 0.0031 0.0028 0.0054 0.0027 0.9786 0.0027 0.0046 
       h0322 29 0.0024 0.0027 0.0020 0.0021 0.9862 0.0026 0.0020 
       h0332 29 0.0019 0.0019 0.0015 0.0015 0.9898 0.0018 0.0016 
       h0342 29 0.0026 0.0044 0.0038 0.0030 0.9802 0.0022 0.0037 
       h0352 29 0.0028 0.0023 0.0022 0.0024 0.9861 0.0020 0.0023 
       h0362 29 0.0042 0.0060 0.0035 0.0027 0.9751 0.0042 0.0044 
       h0372 29 0.0031 0.0042 0.0048 0.0095 0.9707 0.0037 0.0040 
       h0382 29 0.0026 0.0029 0.0024 0.0019 0.9851 0.0026 0.0026 
       h0392 29 0.0042 0.0055 0.0020 0.0036 0.9772 0.0054 0.0020 
       h0402 29 0.0021 0.0025 0.0017 0.0018 0.9880 0.0021 0.0018 
       h0412 29 0.0039 0.0057 0.0036 0.0028 0.9774 0.0033 0.0034 
       h0422 29 0.0020 0.0024 0.0019 0.0020 0.9880 0.0019 0.0019 
       h0432 29 0.0024 0.0031 0.0022 0.0020 0.9851 0.0029 0.0022 
       h0442 29 0.0021 0.0026 0.0023 0.0018 0.9863 0.0027 0.0022 
       h0452 29 0.0022 0.0038 0.0019 0.0019 0.9836 0.0045 0.0020 
       h0462 29 0.0022 0.0023 0.0016 0.0022 0.9874 0.0028 0.0016 
       h0472 29 0.0020 0.0031 0.0025 0.0020 0.9851 0.0027 0.0027 
       h0482 29 0.0020 0.0020 0.0015 0.0016 0.9896 0.0017 0.0015 
       h0492 29 0.0024 0.0021 0.0015 0.0014 0.9886 0.0023 0.0016 
       h0502 29 0.0025 0.0030 0.0016 0.0016 0.9842 0.0055 0.0016 
       h0512 29 0.0020 0.0030 0.0024 0.0016 0.9861 0.0026 0.0023 
       h0522 29 0.0016 0.0017 0.0016 0.0024 0.9890 0.0021 0.0016 
       h0532 29 0.0024 0.0023 0.0017 0.0021 0.9871 0.0025 0.0018 
       h0542 29 0.0024 0.0042 0.0028 0.0035 0.9765 0.0082 0.0025 
       h0552 29 0.0030 0.0044 0.0020 0.0020 0.9845 0.0022 0.0019 
       h0562 29 0.0018 0.0022 0.0016 0.0016 0.9892 0.0019 0.0017 
       h0572 29 0.0086 0.0085 0.0038 0.0055 0.9650 0.0048 0.0038 
       h0582 29 0.0028 0.0032 0.0021 0.0031 0.9845 0.0024 0.0019 
       h0592 29 0.0019 0.0028 0.0025 0.0016 0.9867 0.0020 0.0025 
       h0602 29 0.0023 0.0025 0.0025 0.0017 0.9865 0.0019 0.0026 
       h0612 29 0.0061 0.0073 0.0027 0.0054 0.9695 0.0063 0.0027 
       h0622 29 0.0043 0.0037 0.0019 0.0021 0.9811 0.0048 0.0020 
       h0632 29 0.0032 0.0033 0.0015 0.0017 0.9862 0.0023 0.0017 
       h0642 29 0.0029 0.0021 0.0019 0.0020 0.9873 0.0018 0.0020 
       h0652 29 0.0024 0.0035 0.0019 0.0015 0.9865 0.0022 0.0020 
       h0662 29 0.0060 0.0084 0.0048 0.0030 0.9626 0.0097 0.0055 
       h0672 29 0.0022 0.0028 0.0018 0.0017 0.9876 0.0021 0.0019 
       h0682 29 0.0027 0.0030 0.0016 0.0020 0.9865 0.0024 0.0017 
       h0692 29 0.0028 0.0032 0.0025 0.0024 0.9840 0.0024 0.0027 
       h0702 29 0.0024 0.0028 0.0018 0.0019 0.9866 0.0025 0.0020 
       h0712 29 0.0075 0.0054 0.0034 0.0056 0.9686 0.0057 0.0039 
       h0722 29 0.0075 0.0044 0.0045 0.0087 0.9506 0.0191 0.0053 
       h0732 29 0.0021 0.0035 0.0019 0.0023 0.9861 0.0022 0.0019 
       h0742 29 0.0044 0.0038 0.0032 0.0022 0.9790 0.0034 0.0040 
       h0752 29 0.0056 0.0028 0.0023 0.0026 0.9815 0.0026 0.0025 
       h0762 29 0.0019 0.0043 0.0016 0.0026 0.9858 0.0022 0.0016 
       h0772 29 0.0021 0.0038 0.0021 0.0032 0.9837 0.0029 0.0021 
       h0782 29 0.0030 0.0026 0.0027 0.0026 0.9843 0.0022 0.0026 
       h0792 29 0.0021 0.0026 0.0019 0.0017 0.9866 0.0031 0.0021 
       h0802 29 0.0028 0.0031 0.0025 0.0017 0.9831 0.0039 0.0029 
       h0812 29 0.0026 0.0027 0.0025 0.0048 0.9825 0.0025 0.0024 
       h0822 29 0.0023 0.0023 0.0018 0.0017 0.9882 0.0019 0.0018 
       h0832 29 0.0028 0.0031 0.0019 0.0020 0.9849 0.0032 0.0020 
       h0842 29 0.0051 0.0056 0.0032 0.0019 0.9763 0.0041 0.0037 
       h0852 29 0.0023 0.0025 0.0024 0.0022 0.9861 0.0023 0.0023 
       h0862 29 0.0022 0.0024 0.0015 0.0016 0.9884 0.0023 0.0016 
       h0872 29 0.0071 0.0055 0.0035 0.0146 0.9596 0.0059 0.0039 
       h0882 29 0.0022 0.0026 0.0015 0.0016 0.9884 0.0021 0.0015 
       h0892 29 0.0021 0.0028 0.0017 0.0016 0.9880 0.0021 0.0018 
       h0902 29 0.0028 0.0022 0.0020 0.0021 0.9873 0.0017 0.0020 
       h0912 29 0.0021 0.0046 0.0027 0.0015 0.9843 0.0023 0.0025 
       h0922 29 0.0033 0.0023 0.0028 0.0022 0.9847 0.0020 0.0028 
       h0932 29 0.0024 0.0030 0.0031 0.0028 0.9837 0.0019 0.0032 
       h0942 29 0.0029 0.0024 0.0016 0.0016 0.9863 0.0036 0.0017 
       h0952 29 0.0025 0.0033 0.0025 0.0021 0.9848 0.0023 0.0025 
       h0962 29 0.0050 0.0036 0.0053 0.0115 0.9662 0.0031 0.0054 
       h0972 29 0.0022 0.0023 0.0024 0.0022 0.9861 0.0024 0.0023 
       h0982 29 0.0035 0.0038 0.0028 0.0030 0.9814 0.0025 0.0029 
       h0992 29 0.0029 0.0042 0.0033 0.0039 0.9788 0.0036 0.0033 
       h1002 29 0.0033 0.0065 0.0017 0.0020 0.9794 0.0053 0.0019 
       h1012 29 0.0020 0.0021 0.0020 0.0016 0.9874 0.0029 0.0020 
       h1022 29 0.0048 0.0053 0.0038 0.0031 0.9749 0.0045 0.0036 
       h1032 29 0.0023 0.0031 0.0019 0.0020 0.9863 0.0024 0.0020 
       h1042 29 0.0017 0.0024 0.0018 0.0018 0.9879 0.0027 0.0018 
       h1052 29 0.0154 0.0062 0.0041 0.0307 0.9326 0.0069 0.0041 
       h1062 29 0.0038 0.0034 0.0022 0.0033 0.9799 0.0049 0.0025 
       h1072 29 0.0024 0.0024 0.0015 0.0016 0.9885 0.0021 0.0015 
       h1082 29 0.0028 0.0024 0.0018 0.0015 0.9875 0.0020 0.0020 
       h1092 29 0.0024 0.0046 0.0016 0.0054 0.9823 0.0021 0.0016 
       h1102 29 0.0025 0.0029 0.0030 0.0038 0.9830 0.0020 0.0028 
       h1112 29 0.0015 0.0018 0.0015 0.0014 0.9908 0.0015 0.0015 
       h1122 29 0.0020 0.0029 0.0016 0.0015 0.9876 0.0027 0.0017 
       h1132 29 0.0027 0.0064 0.0029 0.0032 0.9789 0.0030 0.0029 
       h1142 29 0.0132 0.0073 0.0063 0.0055 0.9448 0.0161 0.0068 
       h1152 29 0.0018 0.0024 0.0027 0.0017 0.9870 0.0017 0.0027 
       h1162 29 0.0017 0.0020 0.0018 0.0017 0.9885 0.0024 0.0018 
       h1172 29 0.0079 0.0130 0.0023 0.0136 0.9468 0.0139 0.0026 
       h1182 29 0.0025 0.0026 0.0019 0.0015 0.9873 0.0022 0.0020 
       h1192 29 0.0019 0.0021 0.0014 0.0020 0.9887 0.0025 0.0015 
       h1202 29 0.0057 0.0044 0.0020 0.0042 0.9793 0.0022 0.0021 
       h1212 29 0.0042 0.0026 0.0023 0.0020 0.9841 0.0026 0.0022 
       h1222 29 0.0021 0.0038 0.0020 0.0025 0.9819 0.0055 0.0021 
       h1232 29 0.0020 0.0029 0.0019 0.0016 0.9871 0.0025 0.0020 
       h1242 29 0.0021 0.0031 0.0032 0.0023 0.9833 0.0028 0.0031 
       h1252 29 0.0020 0.0023 0.0018 0.0018 0.9882 0.0021 0.0018 
       h1262 29 0.0019 0.0022 0.0021 0.0018 0.9875 0.0024 0.0022 
       h1272 29 0.0020 0.0029 0.0019 0.0016 0.9878 0.0017 0.0020 
       h1282 29 0.0021 0.0021 0.0022 0.0019 0.9870 0.0024 0.0022 
       h1292 29 0.0020 0.0022 0.0017 0.0020 0.9883 0.0020 0.0018 
       h1302 29 0.0022 0.0023 0.0021 0.0021 0.9872 0.0019 0.0022 
       h1312 29 0.0022 0.0021 0.0025 0.0019 0.9870 0.0020 0.0024 
       h1322 29 0.0017 0.0019 0.0018 0.0014 0.9895 0.0020 0.0017 
       h1332 29 0.0017 0.0023 0.0016 0.0015 0.9892 0.0020 0.0016 
       h1342 29 0.0034 0.0038 0.0019 0.0022 0.9846 0.0020 0.0021 
       h1352 29 0.0040 0.0033 0.0024 0.0036 0.9786 0.0060 0.0021 
       h1362 29 0.0025 0.0022 0.0016 0.0019 0.9882 0.0021 0.0016 
       h1372 29 0.0032 0.0027 0.0031 0.0020 0.9831 0.0026 0.0034 
       h1382 29 0.0023 0.0033 0.0020 0.0029 0.9846 0.0027 0.0021 
       h1392 29 0.0025 0.0024 0.0021 0.0019 0.9867 0.0024 0.0021 
       h1402 29 0.0019 0.0026 0.0020 0.0043 0.9850 0.0019 0.0022 
       h1412 29 0.0034 0.0029 0.0026 0.0032 0.9810 0.0039 0.0030 
       h1422 29 0.0037 0.0041 0.0033 0.0048 0.9726 0.0083 0.0032 
       h1432 29 0.0099 0.0112 0.0038 0.0097 0.9548 0.0060 0.0046 
       h1442 29 0.0022 0.0032 0.0018 0.0017 0.9859 0.0033 0.0019 
       h1452 29 0.0039 0.0040 0.0023 0.0023 0.9821 0.0028 0.0026 
       h1462 29 0.0019 0.0023 0.0018 0.0021 0.9880 0.0020 0.0019 
       h1472 29 0.0024 0.0023 0.0041 0.0716 0.9131 0.0027 0.0037 
       h1482 29 0.0022 0.0041 0.0018 0.0051 0.9825 0.0024 0.0019 
       h1492 29 0.0025 0.0024 0.0015 0.0018 0.9877 0.0023 0.0016 
       h1502 29 0.0026 0.0038 0.0032 0.0021 0.9821 0.0026 0.0036 
       h1512 29 0.0019 0.0026 0.0021 0.0022 0.9865 0.0026 0.0022 
       h1522 29 0.0018 0.0022 0.0019 0.0015 0.9885 0.0021 0.0020 
       h1532 29 0.0023 0.0028 0.0031 0.0020 0.9844 0.0020 0.0035 
       h1542 29 0.0054 0.0057 0.0026 0.0045 0.9749 0.0039 0.0030 
       h1552 29 0.0023 0.0026 0.0023 0.0026 0.9859 0.0018 0.0024 
       h1562 29 0.0023 0.0028 0.0017 0.0018 0.9875 0.0021 0.0017 
       h1572 29 0.0026 0.0037 0.0024 0.0022 0.9823 0.0040 0.0028 
       h1582 29 0.0079 0.0068 0.0028 0.0065 0.9651 0.0082 0.0027 
       h1592 29 0.0025 0.0036 0.0036 0.0027 0.9791 0.0045 0.0041 
       h1602 29 0.0030 0.0029 0.0022 0.0065 0.9807 0.0022 0.0024 
       h1612 29 0.0022 0.0021 0.0028 0.0034 0.9846 0.0025 0.0025 
       h1622 29 0.0047 0.0027 0.0027 0.0021 0.9825 0.0025 0.0028 
       h1632 29 0.0022 0.0028 0.0031 0.0018 0.9844 0.0025 0.0031 
       h1642 29 0.0024 0.0027 0.0019 0.0022 0.9864 0.0023 0.0020 
       h1652 29 0.0029 0.0049 0.0019 0.0020 0.9822 0.0041 0.0020 
       h1662 29 0.0031 0.0029 0.0017 0.0019 0.9864 0.0021 0.0018 
       h1672 29 0.0018 0.0031 0.0019 0.0016 0.9872 0.0026 0.0018 
       h1682 29 0.0022 0.0022 0.0024 0.0038 0.9849 0.0021 0.0024 
       h1692 29 0.0031 0.0068 0.0028 0.0027 0.9755 0.0065 0.0025 
       h1702 29 0.0020 0.0021 0.0015 0.0015 0.9894 0.0020 0.0015 
       h1712 29 0.0020 0.0024 0.0022 0.0020 0.9875 0.0017 0.0022 
       h1722 29 0.0020 0.0020 0.0016 0.0017 0.9892 0.0019 0.0016 
       h1732 29 0.0026 0.0022 0.0037 0.0027 0.9826 0.0024 0.0036 
       h1742 29 0.0024 0.0037 0.0024 0.0031 0.9818 0.0040 0.0025 
       h1752 29 0.0018 0.0023 0.0021 0.0016 0.9886 0.0015 0.0021 
       h1762 29 0.0044 0.0052 0.0043 0.0074 0.9653 0.0090 0.0044 
       h1772 29 0.0020 0.0025 0.0017 0.0016 0.9881 0.0023 0.0018 
       h1782 29 0.0090 0.0062 0.0063 0.0061 0.9585 0.0074 0.0065 
       h1792 29 0.0024 0.0024 0.0022 0.0019 0.9869 0.0020 0.0022 
       h1802 29 0.0023 0.0031 0.0017 0.0024 0.9865 0.0023 0.0017 
       h1812 29 0.0029 0.0030 0.0029 0.0020 0.9843 0.0021 0.0028 
       h1822 29 0.0043 0.0035 0.0027 0.0018 0.9824 0.0025 0.0029 
       h1832 29 0.0026 0.0026 0.0023 0.0032 0.9846 0.0023 0.0024 
       h1842 29 0.0028 0.0027 0.0027 0.0028 0.9830 0.0035 0.0024 
       h1852 29 0.0023 0.0027 0.0020 0.0021 0.9868 0.0020 0.0020 
       h1862 29 0.0031 0.0041 0.0046 0.0037 0.9785 0.0028 0.0034 
       h1872 29 0.0040 0.0064 0.0023 0.0021 0.9794 0.0034 0.0023 
       h1882 29 0.0020 0.0024 0.0018 0.0033 0.9862 0.0024 0.0019 
       h1892 29 0.0021 0.0028 0.0017 0.0016 0.9880 0.0020 0.0017 
       h1902 29 0.0046 0.0078 0.0025 0.0046 0.9647 0.0133 0.0025 
       h1912 29 0.0017 0.0017 0.0017 0.0015 0.9897 0.0019 0.0018 
       h1922 29 0.0094 0.0046 0.0035 0.0019 0.9711 0.0045 0.0050 
       h1932 29 0.0024 0.0025 0.0019 0.0024 0.9865 0.0023 0.0020 
       h1942 29 0.0026 0.0028 0.0017 0.0023 0.9859 0.0031 0.0017 
       h1952 29 0.0024 0.0052 0.0026 0.0017 0.9802 0.0051 0.0028 
       h1962 29 0.0023 0.0033 0.0019 0.0021 0.9868 0.0017 0.0019 
       h1972 29 0.0023 0.0021 0.0018 0.0018 0.9885 0.0017 0.0019 
       h1982 29 0.0114 0.0041 0.0066 0.0055 0.9633 0.0036 0.0054 
       h1992 29 0.0023 0.0032 0.0028 0.0026 0.9830 0.0032 0.0028 
       h2002 29 0.0019 0.0028 0.0016 0.0014 0.9889 0.0018 0.0016 
       h2011 29 0.0076 0.0105 0.0043 0.0110 0.9438 0.0184 0.0044 
       h2021 29 0.0023 0.0025 0.0017 0.0018 0.9883 0.0017 0.0017 
       h2031 29 0.0020 0.0020 0.0017 0.0028 0.9876 0.0021 0.0018 
       h2041 29 0.0023 0.0021 0.0020 0.0020 0.9872 0.0024 0.0020 
       h2051 29 0.0016 0.0022 0.0015 0.0015 0.9901 0.0016 0.0015 
       h2061 29 0.0029 0.0050 0.0021 0.0033 0.9815 0.0029 0.0023 
       h2071 29 0.0022 0.0026 0.0017 0.0025 0.9875 0.0019 0.0017 
       h2081 29 0.0023 0.0028 0.0022 0.0026 0.9859 0.0021 0.0022 
       h2091 29 0.0049 0.0054 0.0022 0.0050 0.9739 0.0063 0.0022 
       h2101 29 0.0032 0.0081 0.0017 0.0022 0.9785 0.0044 0.0019 
       h2111 29 0.0052 0.0043 0.0021 0.0034 0.9778 0.0052 0.0020 
       h2121 29 0.0020 0.0026 0.0016 0.0014 0.9878 0.0029 0.0017 
       h2131 29 0.0028 0.0035 0.0017 0.0017 0.9868 0.0018 0.0017 
       h2141 29 0.0029 0.0033 0.0025 0.0024 0.9836 0.0026 0.0027 
       h2151 29 0.0024 0.0030 0.0015 0.0028 0.9868 0.0017 0.0017 
       h2161 29 0.0023 0.0031 0.0017 0.0027 0.9862 0.0021 0.0019 
       h2171 29 0.0031 0.0025 0.0017 0.0021 0.9863 0.0025 0.0018 
       h2181 29 0.0038 0.0030 0.0027 0.0180 0.9662 0.0035 0.0029 
       h2191 29 0.0020 0.0035 0.0027 0.0025 0.9845 0.0020 0.0027 
       h2201 29 0.0020 0.0032 0.0017 0.0037 0.9849 0.0026 0.0018 
       h2211 29 0.0034 0.0031 0.0022 0.0025 0.9830 0.0034 0.0024 
       h2221 29 0.0026 0.0030 0.0027 0.0028 0.9837 0.0028 0.0023 
       h2231 29 0.0027 0.0036 0.0022 0.0017 0.9853 0.0022 0.0023 
       h2241 29 0.0022 0.0036 0.0020 0.0018 0.9859 0.0023 0.0022 
       h2251 29 0.0018 0.0028 0.0019 0.0017 0.9878 0.0021 0.0019 
       h2261 29 0.0031 0.0025 0.0018 0.0040 0.9838 0.0030 0.0020 
       h2271 29 0.0019 0.0022 0.0015 0.0017 0.9897 0.0015 0.0015 
       h2281 29 0.0068 0.0072 0.0027 0.0036 0.9723 0.0045 0.0029 
       h2291 29 0.0021 0.0023 0.0016 0.0023 0.9874 0.0027 0.0017 
       h2301 29 0.0031 0.0039 0.0027 0.0025 0.9828 0.0021 0.0029 
       h2311 29 0.0018 0.0022 0.0017 0.0016 0.9891 0.0019 0.0017 
       h2321 29 0.0023 0.0026 0.0018 0.0031 0.9861 0.0023 0.0018 
       h2331 29 0.0028 0.0027 0.0032 0.0037 0.9818 0.0024 0.0033 
       h2341 29 0.0024 0.0031 0.0022 0.0020 0.9849 0.0033 0.0022 
       h2351 29 0.0017 0.0030 0.0018 0.0023 0.9854 0.0040 0.0018 
       h2361 29 0.0060 0.0043 0.0039 0.0061 0.9727 0.0038 0.0032 
       h2371 29 0.0027 0.0034 0.0017 0.0033 0.9844 0.0026 0.0019 
       h2381 29 0.0022 0.0031 0.0020 0.0017 0.9868 0.0022 0.0021 
       h2391 29 0.0026 0.0044 0.0019 0.0034 0.9832 0.0029 0.0018 
       h2401 29 0.0024 0.0026 0.0018 0.0026 0.9858 0.0030 0.0019 
       h2411 29 0.0023 0.0069 0.0030 0.0036 0.9779 0.0033 0.0029 
       h2421 29 0.0019 0.0020 0.0016 0.0026 0.9883 0.0019 0.0017 
       h2431 29 0.0020 0.0022 0.0017 0.0016 0.9886 0.0022 0.0018 
       h2441 29 0.0042 0.0041 0.0062 0.0193 0.9545 0.0064 0.0053 
       h2451 29 0.0018 0.0027 0.0017 0.0017 0.9879 0.0024 0.0017 
       h2461 29 0.0019 0.0026 0.0016 0.0015 0.9889 0.0018 0.0017 
       h2471 29 0.0044 0.0026 0.0021 0.0024 0.9824 0.0040 0.0022 
       h2481 29 0.0036 0.0033 0.0022 0.0023 0.9839 0.0022 0.0025 
       h2491 29 0.0029 0.0031 0.0040 0.0039 0.9789 0.0037 0.0035 
       h2501 29 0.0027 0.0038 0.0020 0.0024 0.9823 0.0046 0.0023 
       h2511 29 0.0027 0.0037 0.0018 0.0017 0.9855 0.0028 0.0019 
       h2521 29 0.0021 0.0023 0.0023 0.0018 0.9871 0.0020 0.0024 
       h2531 29 0.0022 0.0024 0.0024 0.0039 0.9842 0.0027 0.0022 
       h2541 29 0.0030 0.0027 0.0029 0.0039 0.9822 0.0029 0.0023 
       h2551 29 0.0021 0.0021 0.0015 0.0027 0.9879 0.0021 0.0016 
       h2561 29 0.0017 0.0025 0.0024 0.0017 0.9867 0.0028 0.0022 
       h2571 29 0.0026 0.0037 0.0020 0.0021 0.9851 0.0024 0.0021 
       h2581 29 0.0028 0.0025 0.0018 0.0024 0.9867 0.0019 0.0019 
       h2591 29 0.0022 0.0021 0.0017 0.0021 0.9876 0.0027 0.0016 
       h2601 29 0.0020 0.0022 0.0022 0.0023 0.9870 0.0022 0.0022 
       h2611 29 0.0021 0.0023 0.0017 0.0017 0.9879 0.0026 0.0017 
       h2621 29 0.0027 0.0044 0.0018 0.0017 0.9854 0.0022 0.0019 
       h2631 29 0.0019 0.0029 0.0016 0.0018 0.9885 0.0018 0.0016 
       h2641 29 0.0025 0.0026 0.0023 0.0020 0.9857 0.0026 0.0024 
       h2651 29 0.0051 0.0046 0.0030 0.0048 0.9766 0.0032 0.0027 
       h2661 29 0.0030 0.0024 0.0017 0.0016 0.9877 0.0017 0.0018 
       h2671 29 0.0016 0.0020 0.0018 0.0016 0.9894 0.0016 0.0019 
       h2681 29 0.0023 0.0028 0.0019 0.0019 0.9869 0.0021 0.0021 
       h2691 29 0.0019 0.0025 0.0015 0.0016 0.9884 0.0025 0.0015 
       h2701 29 0.0029 0.0028 0.0017 0.0023 0.9863 0.0023 0.0018 
       h2711 29 0.0026 0.0025 0.0022 0.0029 0.9851 0.0024 0.0022 
       h2721 29 0.0018 0.0030 0.0018 0.0022 0.9875 0.0019 0.0018 
       h2731 29 0.0020 0.0021 0.0024 0.0017 0.9871 0.0024 0.0023 
       h2741 29 0.0053 0.0046 0.0033 0.0093 0.9695 0.0048 0.0032 
       h2751 29 0.0029 0.0027 0.0024 0.0067 0.9800 0.0030 0.0023 
       h2761 29 0.0025 0.0054 0.0022 0.0017 0.9834 0.0025 0.0022 
       h2771 29 0.0030 0.0058 0.0084 0.0030 0.9655 0.0047 0.0096 
       h2781 29 0.0035 0.0052 0.0028 0.0025 0.9788 0.0040 0.0032 
       h2791 29 0.0026 0.0025 0.0020 0.0023 0.9860 0.0025 0.0020 
       h2801 29 0.0036 0.0023 0.0020 0.0033 0.9841 0.0024 0.0023 
       h2811 29 0.0030 0.0034 0.0023 0.0027 0.9838 0.0024 0.0024 
       h2821 29 0.0025 0.0025 0.0018 0.0015 0.9870 0.0027 0.0020 
       h2831 29 0.0025 0.0027 0.0014 0.0015 0.9888 0.0017 0.0014 
       h2841 29 0.0023 0.0022 0.0018 0.0015 0.9882 0.0020 0.0019 
       h2851 29 0.0022 0.0026 0.0023 0.0030 0.9850 0.0028 0.0021 
       h2861 29 0.0021 0.0039 0.0023 0.0022 0.9849 0.0021 0.0025 
       h2871 29 0.0028 0.0024 0.0025 0.0039 0.9837 0.0023 0.0024 
       h2881 29 0.0019 0.0021 0.0016 0.0016 0.9888 0.0024 0.0016 
       h2891 29 0.0019 0.0030 0.0021 0.0018 0.9870 0.0019 0.0023 
       h2901 29 0.0033 0.0031 0.0028 0.0025 0.9830 0.0025 0.0029 
       h2911 29 0.0018 0.0021 0.0017 0.0015 0.9891 0.0021 0.0017 
       h2921 29 0.0026 0.0030 0.0019 0.0018 0.9866 0.0021 0.0020 
       h2931 29 0.0020 0.0034 0.0022 0.0028 0.9831 0.0044 0.0022 
       h2941 29 0.0021 0.0041 0.0017 0.0017 0.9862 0.0024 0.0018 
       h2951 29 0.0023 0.0032 0.0019 0.0022 0.9861 0.0023 0.0020 
       h2961 29 0.0021 0.0023 0.0020 0.0020 0.9862 0.0030 0.0022 
       h2971 29 0.0032 0.0026 0.0025 0.0027 0.9843 0.0021 0.0026 
       h2981 29 0.0024 0.0023 0.0022 0.0019 0.9864 0.0025 0.0023 
       h2991 29 0.0017 0.0020 0.0018 0.0019 0.9880 0.0027 0.0018 
       h3001 29 0.0027 0.0023 0.0021 0.0018 0.9868 0.0022 0.0022 
     EF.15EU 30 0.0024 0.0019 0.0019 0.9872 0.0026 0.0021 0.0018 
     EF.15EE 30 0.0026 0.0020 0.0017 0.9862 0.0027 0.0029 0.0018 
     EF.15EF 30 0.0039 0.0046 0.0025 0.9732 0.0043 0.0091 0.0025 
     EF.15EH 30 0.0026 0.0021 0.0021 0.9873 0.0015 0.0022 0.0021 
     EF.15EJ 30 0.0057 0.0042 0.0035 0.9205 0.0025 0.0598 0.0038 
     EF.15EK 30 0.0018 0.0019 0.0020 0.9880 0.0019 0.0024 0.0020 
     EF.15EL 30 0.0021 0.0022 0.0035 0.9843 0.0023 0.0021 0.0035 
     EF.15EM 30 0.0026 0.0029 0.0023 0.9826 0.0020 0.0054 0.0023 
     EF.15EP 30 0.0022 0.0025 0.0027 0.9827 0.0029 0.0043 0.0027 
     EF.15ET 30 0.0019 0.0018 0.0031 0.9853 0.0023 0.0026 0.0028 
     EF.15EX 30 0.0026 0.0020 0.0021 0.9875 0.0016 0.0021 0.0021 
     EF.15F0 30 0.0030 0.0020 0.0019 0.9865 0.0022 0.0027 0.0018 
     EF.15F1 30 0.0040 0.0037 0.0031 0.9802 0.0021 0.0035 0.0034 
     EF.15F2 30 0.0017 0.0018 0.0021 0.9872 0.0024 0.0027 0.0020 
     EF.15F3 30 0.0028 0.0026 0.0025 0.9839 0.0022 0.0034 0.0026 
     EF.15F4 30 0.0018 0.0016 0.0015 0.9896 0.0018 0.0021 0.0015 
     EF.15F5 30 0.0052 0.0035 0.0025 0.9810 0.0018 0.0033 0.0025 
     EF.15F6 30 0.0024 0.0019 0.0020 0.9844 0.0029 0.0046 0.0018 
     EF.15FC 30 0.0030 0.0040 0.0028 0.9778 0.0055 0.0043 0.0027 
     EF.15FE 30 0.0260 0.0083 0.0028 0.9416 0.0052 0.0128 0.0033 
     EF.15FF 30 0.0025 0.0024 0.0024 0.9840 0.0020 0.0043 0.0024 
     EF.15FH 30 0.0026 0.0023 0.0017 0.9871 0.0024 0.0022 0.0017 
     EF.15FJ 30 0.0096 0.0085 0.0027 0.9592 0.0088 0.0082 0.0029 
     EF.15FK 30 0.0052 0.0038 0.0067 0.9609 0.0037 0.0123 0.0074 
     EF.15FL 30 0.0021 0.0021 0.0019 0.9875 0.0023 0.0023 0.0019 
     EF.15FM 30 0.0051 0.0043 0.0025 0.9661 0.0067 0.0124 0.0028 
     EF.15FP 30 0.0025 0.0021 0.0020 0.9855 0.0021 0.0037 0.0021 
       h0011 31 0.0024 0.0020 0.0023 0.9865 0.0021 0.0025 0.0023 
       h0021 31 0.0022 0.0020 0.0021 0.9882 0.0016 0.0018 0.0021 
       h0031 31 0.0025 0.0019 0.0024 0.9852 0.0022 0.0032 0.0026 
       h0041 31 0.0030 0.0021 0.0025 0.9849 0.0020 0.0031 0.0024 
       h0051 31 0.0036 0.0024 0.0032 0.9793 0.0023 0.0062 0.0030 
       h0061 31 0.0022 0.0021 0.0020 0.9871 0.0017 0.0027 0.0022 
       h0071 31 0.0020 0.0024 0.0024 0.9852 0.0018 0.0040 0.0022 
       h0081 31 0.0020 0.0018 0.0017 0.9891 0.0018 0.0019 0.0017 
       h0091 31 0.0048 0.0048 0.0021 0.9739 0.0051 0.0073 0.0021 
       h0101 31 0.0043 0.0036 0.0053 0.9719 0.0058 0.0039 0.0052 
       h0111 31 0.0026 0.0035 0.0020 0.9790 0.0036 0.0073 0.0020 
       h0121 31 0.0041 0.0032 0.0018 0.9807 0.0023 0.0060 0.0018 
       h0131 31 0.0025 0.0020 0.0029 0.9838 0.0018 0.0037 0.0033 
       h0141 31 0.0033 0.0019 0.0022 0.9861 0.0019 0.0026 0.0020 
       h0151 31 0.0024 0.0025 0.0022 0.9846 0.0022 0.0038 0.0023 
       h0161 31 0.0020 0.0017 0.0030 0.9862 0.0019 0.0021 0.0031 
       h0171 31 0.0033 0.0024 0.0021 0.9843 0.0027 0.0031 0.0022 
       h0181 31 0.0020 0.0028 0.0022 0.9848 0.0023 0.0036 0.0023 
       h0191 31 0.0016 0.0015 0.0018 0.9887 0.0020 0.0029 0.0017 
       h0201 31 0.0067 0.0041 0.0024 0.9715 0.0072 0.0057 0.0025 
       h0211 31 0.0023 0.0017 0.0020 0.9865 0.0020 0.0036 0.0019 
       h0221 31 0.0022 0.0021 0.0031 0.9842 0.0019 0.0029 0.0036 
       h0231 31 0.0026 0.0024 0.0025 0.9855 0.0017 0.0027 0.0026 
       h0241 31 0.0031 0.0043 0.0018 0.9731 0.0026 0.0130 0.0021 
       h0251 31 0.0063 0.0029 0.0024 0.9793 0.0026 0.0040 0.0025 
       h0261 31 0.0022 0.0020 0.0025 0.9865 0.0020 0.0022 0.0026 
       h0271 31 0.0214 0.0068 0.0031 0.9388 0.0068 0.0195 0.0037 
       h0281 31 0.0022 0.0021 0.0023 0.9857 0.0030 0.0024 0.0023 
       h0291 31 0.0025 0.0024 0.0019 0.9853 0.0034 0.0026 0.0019 
       h0301 31 0.0031 0.0055 0.0028 0.9765 0.0032 0.0061 0.0030 
       h0311 31 0.0031 0.0033 0.0027 0.9770 0.0076 0.0039 0.0025 
       h0321 31 0.0024 0.0017 0.0026 0.9858 0.0017 0.0030 0.0028 
       h0331 31 0.0022 0.0018 0.0024 0.9864 0.0020 0.0027 0.0025 
       h0341 31 0.0027 0.0020 0.0024 0.9850 0.0027 0.0029 0.0023 
       h0351 31 0.0029 0.0025 0.0022 0.9841 0.0020 0.0039 0.0023 
       h0361 31 0.0022 0.0019 0.0018 0.9880 0.0016 0.0026 0.0018 
       h0371 31 0.0020 0.0020 0.0026 0.9859 0.0018 0.0032 0.0026 
       h0381 31 0.0022 0.0020 0.0020 0.9875 0.0018 0.0024 0.0021 
       h0391 31 0.0034 0.0050 0.0021 0.9717 0.0031 0.0127 0.0021 
       h0401 31 0.0027 0.0021 0.0016 0.9865 0.0023 0.0032 0.0016 
       h0411 31 0.0041 0.0023 0.0029 0.9833 0.0017 0.0027 0.0030 
       h0421 31 0.0033 0.0026 0.0022 0.9843 0.0019 0.0033 0.0023 
       h0431 31 0.0067 0.0058 0.0035 0.9730 0.0023 0.0051 0.0036 
       h0441 31 0.0023 0.0028 0.0020 0.9845 0.0032 0.0031 0.0021 
       h0451 31 0.0034 0.0022 0.0026 0.9818 0.0043 0.0032 0.0026 
       h0461 31 0.0016 0.0016 0.0022 0.9883 0.0016 0.0025 0.0022 
       h0471 31 0.0020 0.0019 0.0017 0.9888 0.0018 0.0022 0.0016 
       h0481 31 0.0038 0.0024 0.0024 0.9847 0.0022 0.0022 0.0023 
       h0491 31 0.0072 0.0042 0.0053 0.9698 0.0042 0.0041 0.0053 
       h0501 31 0.0045 0.0034 0.0020 0.9765 0.0087 0.0030 0.0020 
       h0511 31 0.0029 0.0018 0.0021 0.9868 0.0021 0.0022 0.0021 
       h0521 31 0.0024 0.0023 0.0018 0.9846 0.0027 0.0043 0.0018 
       h0531 31 0.0035 0.0024 0.0022 0.9851 0.0017 0.0031 0.0020 
       h0541 31 0.0023 0.0024 0.0019 0.9866 0.0023 0.0024 0.0019 
       h0551 31 0.0026 0.0023 0.0022 0.9848 0.0028 0.0032 0.0021 
       h0561 31 0.0031 0.0055 0.0027 0.9752 0.0066 0.0038 0.0032 
       h0571 31 0.0032 0.0026 0.0020 0.9841 0.0019 0.0042 0.0020 
       h0581 31 0.0045 0.0032 0.0022 0.9816 0.0031 0.0032 0.0022 
       h0591 31 0.0027 0.0027 0.0027 0.9804 0.0034 0.0053 0.0028 
       h0601 31 0.0032 0.0029 0.0020 0.9846 0.0022 0.0029 0.0022 
       h0611 31 0.0023 0.0021 0.0028 0.9858 0.0023 0.0022 0.0026 
       h0621 31 0.0026 0.0021 0.0022 0.9852 0.0031 0.0029 0.0020 
       h0631 31 0.0033 0.0023 0.0026 0.9828 0.0032 0.0030 0.0027 
       h0641 31 0.0032 0.0032 0.0023 0.9807 0.0043 0.0039 0.0023 
       h0651 31 0.0028 0.0030 0.0027 0.9819 0.0035 0.0034 0.0027 
       h0661 31 0.0036 0.0022 0.0084 0.9733 0.0029 0.0024 0.0072 
       h0671 31 0.0030 0.0019 0.0018 0.9864 0.0021 0.0030 0.0018 
       h0681 31 0.0019 0.0017 0.0017 0.9891 0.0015 0.0024 0.0016 
       h0691 31 0.0036 0.0064 0.0020 0.9721 0.0052 0.0086 0.0020 
       h0701 31 0.0039 0.0032 0.0025 0.9802 0.0037 0.0041 0.0024 
       h0711 31 0.0028 0.0029 0.0021 0.9813 0.0041 0.0047 0.0021 
       h0721 31 0.0023 0.0020 0.0017 0.9876 0.0015 0.0033 0.0016 
       h0731 31 0.0065 0.0028 0.0048 0.9746 0.0037 0.0025 0.0051 
       h0741 31 0.0022 0.0019 0.0017 0.9887 0.0018 0.0022 0.0016 
       h0751 31 0.0028 0.0037 0.0022 0.9826 0.0038 0.0026 0.0023 
       h0761 31 0.0029 0.0023 0.0019 0.9858 0.0027 0.0026 0.0018 
       h0771 31 0.0023 0.0021 0.0017 0.9862 0.0021 0.0040 0.0016 
       h0781 31 0.0035 0.0022 0.0018 0.9841 0.0024 0.0042 0.0019 
       h0791 31 0.0034 0.0026 0.0029 0.9827 0.0024 0.0031 0.0030 
       h0801 31 0.0040 0.0044 0.0021 0.9727 0.0091 0.0056 0.0022 
       h0811 31 0.0017 0.0016 0.0017 0.9901 0.0015 0.0019 0.0016 
       h0821 31 0.0043 0.0031 0.0017 0.9793 0.0035 0.0063 0.0017 
       h0831 31 0.0031 0.0017 0.0024 0.9855 0.0021 0.0029 0.0023 
       h0841 31 0.0024 0.0018 0.0031 0.9847 0.0017 0.0030 0.0032 
       h0851 31 0.0028 0.0020 0.0021 0.9844 0.0020 0.0047 0.0020 
       h0861 31 0.0027 0.0018 0.0016 0.9872 0.0020 0.0032 0.0015 
       h0871 31 0.0029 0.0026 0.0020 0.9838 0.0024 0.0042 0.0021 
       h0881 31 0.0026 0.0024 0.0023 0.9840 0.0036 0.0027 0.0023 
       h0891 31 0.0028 0.0027 0.0028 0.9803 0.0034 0.0053 0.0027 
       h0901 31 0.0023 0.0020 0.0021 0.9854 0.0017 0.0045 0.0020 
       h0911 31 0.0022 0.0022 0.0020 0.9867 0.0020 0.0030 0.0020 
       h0921 31 0.0030 0.0019 0.0040 0.9815 0.0028 0.0025 0.0042 
       h0931 31 0.0028 0.0019 0.0020 0.9854 0.0017 0.0043 0.0020 
       h0941 31 0.0021 0.0027 0.0018 0.9854 0.0029 0.0032 0.0020 
       h0951 31 0.0023 0.0021 0.0019 0.9875 0.0020 0.0024 0.0018 
       h0961 31 0.0033 0.0025 0.0017 0.9857 0.0018 0.0032 0.0018 
       h0971 31 0.0024 0.0018 0.0030 0.9838 0.0020 0.0039 0.0031 
       h0981 31 0.0032 0.0022 0.0041 0.9817 0.0020 0.0028 0.0039 
       h0991 31 0.0024 0.0021 0.0020 0.9877 0.0017 0.0023 0.0019 
       h1001 31 0.0021 0.0019 0.0023 0.9871 0.0018 0.0026 0.0023 
       h1011 31 0.0031 0.0031 0.0020 0.9812 0.0030 0.0056 0.0020 
       h1021 31 0.0047 0.0031 0.0027 0.9798 0.0040 0.0031 0.0026 
       h1031 31 0.0017 0.0014 0.0024 0.9883 0.0017 0.0021 0.0022 
       h1041 31 0.0035 0.0031 0.0028 0.9810 0.0026 0.0042 0.0028 
       h1051 31 0.0037 0.0045 0.0027 0.9732 0.0063 0.0067 0.0029 
       h1061 31 0.0025 0.0020 0.0038 0.9837 0.0025 0.0021 0.0035 
       h1071 31 0.0025 0.0017 0.0026 0.9858 0.0016 0.0033 0.0024 
       h1081 31 0.0026 0.0027 0.0018 0.9844 0.0017 0.0049 0.0018 
       h1091 31 0.0028 0.0019 0.0025 0.9853 0.0024 0.0029 0.0022 
       h1101 31 0.0027 0.0021 0.0028 0.9842 0.0020 0.0033 0.0028 
       h1111 31 0.0023 0.0024 0.0021 0.9850 0.0035 0.0027 0.0020 
       h1121 31 0.0027 0.0022 0.0028 0.9834 0.0025 0.0036 0.0029 
       h1131 31 0.0028 0.0021 0.0023 0.9860 0.0022 0.0023 0.0022 
       h1141 31 0.0021 0.0020 0.0019 0.9854 0.0029 0.0037 0.0019 
       h1151 31 0.0019 0.0017 0.0019 0.9891 0.0017 0.0016 0.0019 
       h1161 31 0.0028 0.0023 0.0025 0.9849 0.0024 0.0027 0.0025 
       h1171 31 0.0019 0.0019 0.0016 0.9889 0.0016 0.0024 0.0016 
       h1181 31 0.0026 0.0045 0.0029 0.9780 0.0057 0.0031 0.0033 
       h1191 31 0.0035 0.0027 0.0031 0.9785 0.0047 0.0043 0.0033 
       h1201 31 0.0040 0.0042 0.0025 0.9785 0.0036 0.0048 0.0025 
       h1211 31 0.0032 0.0022 0.0018 0.9849 0.0020 0.0040 0.0018 
       h1221 31 0.0023 0.0022 0.0022 0.9861 0.0019 0.0032 0.0021 
       h1231 31 0.0040 0.0026 0.0045 0.9791 0.0021 0.0032 0.0044 
       h1241 31 0.0021 0.0016 0.0024 0.9872 0.0016 0.0027 0.0024 
       h1251 31 0.0024 0.0018 0.0028 0.9858 0.0018 0.0025 0.0028 
       h1261 31 0.0040 0.0022 0.0027 0.9828 0.0018 0.0036 0.0028 
       h1271 31 0.0024 0.0017 0.0022 0.9860 0.0024 0.0031 0.0021 
       h1281 31 0.0019 0.0019 0.0018 0.9854 0.0020 0.0053 0.0019 
       h1291 31 0.0027 0.0023 0.0025 0.9849 0.0026 0.0024 0.0025 
       h1301 31 0.0023 0.0020 0.0019 0.9863 0.0023 0.0033 0.0018 
       h1311 31 0.0021 0.0016 0.0026 0.9876 0.0018 0.0020 0.0024 
       h1321 31 0.0022 0.0019 0.0019 0.9869 0.0023 0.0029 0.0019 
       h1331 31 0.0023 0.0018 0.0019 0.9867 0.0024 0.0031 0.0018 
       h1341 31 0.0019 0.0018 0.0021 0.9875 0.0021 0.0028 0.0020 
       h1351 31 0.0052 0.0031 0.0028 0.9780 0.0023 0.0057 0.0028 
       h1361 31 0.0027 0.0038 0.0021 0.9798 0.0048 0.0048 0.0020 
       h1371 31 0.0027 0.0031 0.0026 0.9809 0.0053 0.0027 0.0027 
       h1381 31 0.0044 0.0030 0.0021 0.9788 0.0027 0.0069 0.0021 
       h1391 31 0.0023 0.0021 0.0018 0.9870 0.0018 0.0033 0.0018 
       h1401 31 0.0020 0.0017 0.0022 0.9874 0.0022 0.0025 0.0020 
       h1411 31 0.0031 0.0040 0.0027 0.9746 0.0025 0.0106 0.0025 
       h1421 31 0.0048 0.0041 0.0021 0.9783 0.0028 0.0060 0.0019 
       h1431 31 0.0025 0.0021 0.0018 0.9826 0.0027 0.0067 0.0017 
       h1441 31 0.0030 0.0039 0.0018 0.9809 0.0032 0.0052 0.0019 
       h1451 31 0.0034 0.0042 0.0025 0.9808 0.0027 0.0038 0.0027 
       h1461 31 0.0026 0.0026 0.0019 0.9860 0.0024 0.0025 0.0020 
       h1471 31 0.0021 0.0016 0.0015 0.9894 0.0015 0.0024 0.0015 
       h1481 31 0.0023 0.0020 0.0028 0.9854 0.0027 0.0021 0.0029 
       h1491 31 0.0017 0.0019 0.0017 0.9873 0.0026 0.0030 0.0017 
       h1501 31 0.0041 0.0038 0.0041 0.9755 0.0053 0.0036 0.0036 
       h1511 31 0.0032 0.0023 0.0038 0.9814 0.0024 0.0033 0.0036 
       h1521 31 0.0023 0.0020 0.0023 0.9863 0.0015 0.0034 0.0022 
       h1531 31 0.0022 0.0016 0.0023 0.9870 0.0028 0.0020 0.0021 
       h1541 31 0.0078 0.0032 0.0024 0.9773 0.0036 0.0035 0.0022 
       h1551 31 0.0026 0.0027 0.0024 0.9844 0.0022 0.0031 0.0025 
       h1561 31 0.0018 0.0016 0.0017 0.9896 0.0017 0.0020 0.0016 
       h1571 31 0.0036 0.0053 0.0021 0.9733 0.0047 0.0088 0.0021 
       h1581 31 0.0060 0.0048 0.0026 0.9766 0.0026 0.0045 0.0030 
       h1591 31 0.0026 0.0030 0.0019 0.9845 0.0024 0.0038 0.0018 
       h1601 31 0.0022 0.0018 0.0019 0.9876 0.0026 0.0021 0.0018 
       h1611 31 0.0022 0.0020 0.0027 0.9859 0.0019 0.0027 0.0026 
       h1621 31 0.0030 0.0037 0.0022 0.9707 0.0031 0.0150 0.0023 
       h1631 31 0.0026 0.0023 0.0034 0.9832 0.0026 0.0026 0.0033 
       h1641 31 0.0027 0.0028 0.0017 0.9844 0.0027 0.0041 0.0017 
       h1651 31 0.0055 0.0030 0.0031 0.9753 0.0056 0.0042 0.0033 
       h1661 31 0.0025 0.0027 0.0026 0.9821 0.0044 0.0028 0.0029 
       h1671 31 0.0026 0.0022 0.0033 0.9838 0.0018 0.0033 0.0030 
       h1681 31 0.0023 0.0020 0.0019 0.9882 0.0015 0.0023 0.0018 
       h1691 31 0.0031 0.0020 0.0021 0.9861 0.0018 0.0028 0.0021 
       h1701 31 0.0036 0.0031 0.0028 0.9714 0.0036 0.0127 0.0029 
       h1711 31 0.0030 0.0034 0.0031 0.9807 0.0026 0.0041 0.0031 
       h1721 31 0.0018 0.0016 0.0026 0.9869 0.0020 0.0027 0.0025 
       h1731 31 0.0024 0.0027 0.0033 0.9816 0.0031 0.0040 0.0029 
       h1741 31 0.0018 0.0017 0.0019 0.9891 0.0018 0.0018 0.0019 
       h1751 31 0.0039 0.0044 0.0048 0.9627 0.0030 0.0151 0.0062 
       h1761 31 0.0033 0.0029 0.0023 0.9845 0.0018 0.0031 0.0022 
       h1771 31 0.0023 0.0017 0.0019 0.9872 0.0021 0.0027 0.0020 
       h1781 31 0.0047 0.0064 0.0023 0.9762 0.0040 0.0040 0.0024 
       h1791 31 0.0039 0.0033 0.0023 0.9824 0.0026 0.0033 0.0022 
       h1801 31 0.0027 0.0022 0.0020 0.9833 0.0027 0.0052 0.0019 
       h1811 31 0.0025 0.0021 0.0024 0.9844 0.0016 0.0049 0.0022 
       h1821 31 0.0043 0.0049 0.0032 0.9777 0.0027 0.0041 0.0032 
       h1831 31 0.0022 0.0021 0.0025 0.9865 0.0019 0.0024 0.0024 
       h1841 31 0.0029 0.0044 0.0024 0.9793 0.0043 0.0041 0.0026 
       h1851 31 0.0026 0.0021 0.0017 0.9879 0.0014 0.0025 0.0017 
       h1861 31 0.0067 0.0031 0.0046 0.9733 0.0039 0.0040 0.0044 
       h1871 31 0.0050 0.0029 0.0029 0.9776 0.0043 0.0044 0.0029 
       h1881 31 0.0034 0.0024 0.0027 0.9833 0.0020 0.0036 0.0027 
       h1891 31 0.0021 0.0017 0.0021 0.9872 0.0026 0.0023 0.0020 
       h1901 31 0.0027 0.0020 0.0019 0.9866 0.0025 0.0024 0.0019 
       h1911 31 0.0037 0.0021 0.0022 0.9858 0.0018 0.0020 0.0023 
       h1921 31 0.0044 0.0036 0.0027 0.9766 0.0038 0.0061 0.0029 
       h1931 31 0.0042 0.0028 0.0025 0.9809 0.0028 0.0044 0.0024 
       h1941 31 0.0019 0.0017 0.0020 0.9881 0.0016 0.0027 0.0019 
       h1951 31 0.0028 0.0028 0.0024 0.9837 0.0020 0.0039 0.0025 
       h1961 31 0.0031 0.0031 0.0018 0.9817 0.0031 0.0052 0.0020 
       h1971 31 0.0032 0.0034 0.0035 0.9682 0.0144 0.0042 0.0031 
       h1981 31 0.0042 0.0033 0.0045 0.9749 0.0025 0.0061 0.0046 
       h1991 31 0.0024 0.0023 0.0019 0.9847 0.0024 0.0045 0.0018 
       h2001 31 0.0028 0.0020 0.0026 0.9852 0.0019 0.0029 0.0026 
        h201 31 0.0027 0.0018 0.0019 0.9864 0.0018 0.0036 0.0018 
        h202 31 0.0018 0.0015 0.0019 0.9884 0.0024 0.0022 0.0018 
        h203 31 0.0039 0.0025 0.0023 0.9827 0.0019 0.0044 0.0023 
        h204 31 0.0026 0.0035 0.0027 0.9778 0.0051 0.0056 0.0028 
        h205 31 0.0030 0.0030 0.0030 0.9819 0.0030 0.0030 0.0030 
        h206 31 0.0029 0.0029 0.0033 0.9752 0.0036 0.0089 0.0031 
        h207 31 0.0071 0.0047 0.0030 0.9711 0.0022 0.0088 0.0032 
        h208 31 0.0016 0.0016 0.0015 0.9900 0.0017 0.0021 0.0015 
        h209 31 0.0025 0.0018 0.0024 0.9860 0.0019 0.0030 0.0026 
        h210 31 0.0032 0.0022 0.0023 0.9835 0.0029 0.0036 0.0022 
        h211 31 0.0027 0.0025 0.0020 0.9849 0.0018 0.0041 0.0020 
        h212 31 0.0025 0.0019 0.0029 0.9855 0.0019 0.0026 0.0027 
        h213 31 0.0026 0.0019 0.0020 0.9864 0.0026 0.0025 0.0020 
        h214 31 0.0024 0.0023 0.0020 0.9862 0.0026 0.0025 0.0021 
        h215 31 0.0030 0.0035 0.0025 0.9828 0.0024 0.0035 0.0024 
        h216 31 0.0023 0.0022 0.0020 0.9858 0.0032 0.0026 0.0019 
        h217 31 0.0042 0.0040 0.0028 0.9776 0.0040 0.0044 0.0029 
        h218 31 0.0023 0.0017 0.0023 0.9861 0.0021 0.0033 0.0022 
        h219 31 0.0027 0.0036 0.0023 0.9824 0.0036 0.0030 0.0024 
        h220 31 0.0038 0.0037 0.0022 0.9784 0.0036 0.0060 0.0023 
        h221 31 0.0029 0.0026 0.0019 0.9843 0.0028 0.0036 0.0019 
        h222 31 0.0027 0.0023 0.0023 0.9841 0.0026 0.0037 0.0023 
        h223 31 0.0023 0.0025 0.0021 0.9840 0.0029 0.0040 0.0022 
        h224 31 0.0022 0.0025 0.0033 0.9830 0.0034 0.0022 0.0033 
        h225 31 0.0043 0.0036 0.0030 0.9771 0.0034 0.0047 0.0039 
        h226 31 0.0044 0.0057 0.0026 0.9687 0.0101 0.0057 0.0028 
        h227 31 0.0052 0.0075 0.0027 0.9662 0.0090 0.0061 0.0033 
        h228 31 0.0032 0.0035 0.0027 0.9747 0.0051 0.0082 0.0026 
        h229 31 0.0048 0.0036 0.0026 0.9790 0.0019 0.0056 0.0025 
        h230 31 0.0032 0.0033 0.0029 0.9820 0.0024 0.0030 0.0032 
        h231 31 0.0028 0.0026 0.0021 0.9850 0.0019 0.0034 0.0022 
        h232 31 0.0024 0.0024 0.0021 0.9862 0.0024 0.0024 0.0021 
        h233 31 0.0029 0.0028 0.0021 0.9842 0.0023 0.0035 0.0022 
        h234 31 0.0040 0.0040 0.0024 0.9794 0.0033 0.0045 0.0024 
        h235 31 0.0023 0.0018 0.0022 0.9879 0.0016 0.0022 0.0022 
        h236 31 0.0033 0.0022 0.0019 0.9844 0.0027 0.0037 0.0018 
        h237 31 0.0034 0.0057 0.0022 0.9572 0.0218 0.0073 0.0024 
        h238 31 0.0025 0.0016 0.0022 0.9872 0.0021 0.0024 0.0021 
        h239 31 0.0033 0.0024 0.0026 0.9851 0.0017 0.0023 0.0027 
        h240 31 0.0099 0.0075 0.0050 0.9558 0.0031 0.0140 0.0047 
        h241 31 0.0055 0.0032 0.0026 0.9728 0.0045 0.0086 0.0028 
        h242 31 0.0041 0.0051 0.0030 0.9741 0.0028 0.0078 0.0031 
        h243 31 0.0018 0.0018 0.0017 0.9891 0.0020 0.0020 0.0017 
        h244 31 0.0019 0.0018 0.0020 0.9879 0.0016 0.0029 0.0020 
        h245 31 0.0025 0.0021 0.0023 0.9840 0.0026 0.0043 0.0023 
        h246 31 0.0025 0.0045 0.0020 0.9817 0.0024 0.0048 0.0022 
        h247 31 0.0043 0.0050 0.0030 0.9744 0.0033 0.0065 0.0035 
        h248 31 0.0072 0.0055 0.0037 0.9709 0.0045 0.0046 0.0036 
        h249 31 0.0087 0.0059 0.0048 0.9573 0.0072 0.0116 0.0046 
        h250 31 0.0029 0.0024 0.0028 0.9827 0.0035 0.0028 0.0029 
        h251 31 0.0033 0.0023 0.0021 0.9856 0.0024 0.0023 0.0020 
        h252 31 0.0025 0.0029 0.0018 0.9836 0.0031 0.0042 0.0018 
        h253 31 0.0022 0.0026 0.0027 0.9850 0.0022 0.0026 0.0028 
        h254 31 0.0032 0.0024 0.0027 0.9836 0.0025 0.0029 0.0027 
        h255 31 0.0038 0.0022 0.0031 0.9808 0.0022 0.0047 0.0031 
        h256 31 0.0039 0.0023 0.0023 0.9801 0.0033 0.0059 0.0023 
        h257 31 0.0023 0.0019 0.0022 0.9848 0.0034 0.0032 0.0021 
        h258 31 0.0023 0.0022 0.0020 0.9846 0.0018 0.0052 0.0020 
        h259 31 0.0051 0.0041 0.0024 0.9782 0.0037 0.0039 0.0027 
        h260 31 0.0024 0.0027 0.0019 0.9816 0.0033 0.0062 0.0019 
        h261 31 0.0086 0.0033 0.0049 0.9698 0.0029 0.0068 0.0038 
        h262 31 0.0021 0.0018 0.0026 0.9869 0.0018 0.0024 0.0025 
        h263 31 0.0022 0.0019 0.0017 0.9888 0.0018 0.0020 0.0017 
        h264 31 0.0043 0.0032 0.0023 0.9783 0.0044 0.0052 0.0023 
        h265 31 0.0030 0.0023 0.0024 0.9846 0.0026 0.0028 0.0023 
        h266 31 0.0020 0.0017 0.0021 0.9881 0.0017 0.0024 0.0020 
        h267 31 0.0034 0.0023 0.0022 0.9849 0.0016 0.0035 0.0021 
        h268 31 0.0018 0.0017 0.0018 0.9883 0.0023 0.0023 0.0018 
        h269 31 0.0022 0.0019 0.0018 0.9882 0.0017 0.0023 0.0018 
        h270 31 0.0025 0.0021 0.0019 0.9861 0.0027 0.0028 0.0019 
        h271 31 0.0019 0.0022 0.0024 0.9859 0.0023 0.0028 0.0025 
        h272 31 0.0047 0.0029 0.0023 0.9825 0.0021 0.0030 0.0025 
        h273 31 0.0047 0.0058 0.0035 0.9713 0.0032 0.0080 0.0035 
        h274 31 0.0026 0.0029 0.0020 0.9845 0.0019 0.0040 0.0021 
        h275 31 0.0049 0.0045 0.0023 0.9740 0.0026 0.0095 0.0022 
        h276 31 0.0032 0.0039 0.0032 0.9787 0.0037 0.0039 0.0035 
        h277 31 0.0022 0.0022 0.0023 0.9869 0.0020 0.0022 0.0022 
        h278 31 0.0027 0.0027 0.0019 0.9852 0.0028 0.0028 0.0019 
        h279 31 0.0022 0.0020 0.0020 0.9876 0.0017 0.0026 0.0020 
        h280 31 0.0023 0.0023 0.0022 0.9815 0.0020 0.0074 0.0023 
        h281 31 0.0022 0.0020 0.0016 0.9858 0.0026 0.0043 0.0015 
        h282 31 0.0035 0.0024 0.0019 0.9815 0.0020 0.0069 0.0019 
        h283 31 0.0033 0.0031 0.0022 0.9834 0.0018 0.0041 0.0020 
        h284 31 0.0062 0.0037 0.0037 0.9772 0.0020 0.0036 0.0037 
        h285 31 0.0036 0.0028 0.0029 0.9800 0.0030 0.0050 0.0027 
        h286 31 0.0034 0.0025 0.0025 0.9835 0.0026 0.0030 0.0026 
        h287 31 0.0049 0.0036 0.0022 0.9766 0.0057 0.0049 0.0021 
        h288 31 0.0025 0.0024 0.0024 0.9849 0.0030 0.0023 0.0025 
        h289 31 0.0021 0.0023 0.0031 0.9830 0.0033 0.0032 0.0031 
        h290 31 0.0033 0.0024 0.0030 0.9820 0.0021 0.0042 0.0030 
        h291 31 0.0020 0.0017 0.0017 0.9883 0.0019 0.0026 0.0017 
        h292 31 0.0057 0.0034 0.0027 0.9766 0.0037 0.0052 0.0027 
        h293 31 0.0027 0.0029 0.0019 0.9837 0.0024 0.0045 0.0019 
        h294 31 0.0027 0.0018 0.0028 0.9858 0.0014 0.0027 0.0028 
        h295 31 0.0023 0.0023 0.0018 0.9851 0.0027 0.0042 0.0018 
        h296 31 0.0022 0.0026 0.0023 0.9845 0.0029 0.0029 0.0025 
        h297 31 0.0041 0.0024 0.0022 0.9813 0.0040 0.0037 0.0023 
        h298 31 0.0021 0.0019 0.0018 0.9878 0.0022 0.0024 0.0018 
        h299 31 0.0025 0.0025 0.0022 0.9855 0.0026 0.0027 0.0020 
        h300 31 0.0019 0.0017 0.0022 0.9879 0.0016 0.0025 0.0022 
      CC00K0 32 0.0053 0.0029 0.0019 0.0028 0.0022 0.9830 0.0019 
      CC01AY 32 0.0085 0.0047 0.0029 0.0061 0.0086 0.9662 0.0030 
      CC01EE 32 0.0196 0.0097 0.0036 0.0056 0.0038 0.9536 0.0041 
      CC03KH 32 0.0266 0.0082 0.0037 0.0097 0.0030 0.9452 0.0035 
      CC04FK 32 0.0069 0.0072 0.0040 0.0033 0.0039 0.9708 0.0040 
      CC04H8 32 0.0107 0.0088 0.0032 0.0231 0.0055 0.9456 0.0031 
      CC05EL 32 0.0100 0.0082 0.0049 0.0084 0.0043 0.9588 0.0054 
      CC05EM 32 0.0055 0.0039 0.0018 0.0025 0.0030 0.9814 0.0018 
      CC05EX 32 0.0052 0.0031 0.0018 0.0023 0.0027 0.9831 0.0018 
      CC05H2 32 0.0096 0.0078 0.0021 0.0067 0.0089 0.9627 0.0021 
      CC05HP 32 0.0027 0.0041 0.0017 0.0028 0.0030 0.9841 0.0017 
      CC05X0 32 0.0037 0.0042 0.0020 0.0028 0.0021 0.9833 0.0020 
      CC05X7 32 0.0030 0.0035 0.0020 0.0023 0.0034 0.9840 0.0019 
      CC0637 32 0.0076 0.0056 0.0024 0.0100 0.0064 0.9655 0.0025 
      CC0640 32 0.0044 0.0039 0.0024 0.0038 0.0039 0.9792 0.0024 
      FCC01M 32 0.0039 0.0031 0.0022 0.0072 0.0062 0.9752 0.0022 
      FCC2JC 32 0.0291 0.0226 0.0055 0.0783 0.0055 0.8525 0.0064 
      CC00JM 32 0.0028 0.0034 0.0038 0.0040 0.0040 0.9784 0.0036 
      CC00T6 32 0.0127 0.0309 0.0040 0.0083 0.0114 0.9278 0.0048 
      CC00T7 32 0.0061 0.0135 0.0020 0.0095 0.0026 0.9640 0.0023 
      CC00TC 32 0.0025 0.0024 0.0022 0.0029 0.0059 0.9822 0.0021 
      CC01CJ 32 0.0025 0.0039 0.0026 0.0037 0.0083 0.9767 0.0023 
      CC01CY 32 0.0033 0.0041 0.0020 0.0030 0.0067 0.9789 0.0020 
      CC01EC 32 0.0046 0.0035 0.0030 0.0047 0.0022 0.9792 0.0028 
      CC01EH 32 0.0040 0.0032 0.0037 0.0104 0.0037 0.9715 0.0036 
      CC01F2 32 0.0052 0.0107 0.0028 0.0047 0.0028 0.9709 0.0029 
      CC01FL 32 0.0030 0.0037 0.0019 0.0035 0.0123 0.9736 0.0019 
      CC025E 32 0.0040 0.0047 0.0029 0.0088 0.0052 0.9716 0.0028 
      CC03E3 32 0.0047 0.0043 0.0027 0.0027 0.1028 0.8796 0.0032 
      CC04AU 32 0.0027 0.0024 0.0017 0.0027 0.0018 0.9870 0.0017 
      CC04EK 32 0.0030 0.0030 0.0018 0.0026 0.0029 0.9847 0.0019 
      CC05FX 32 0.0037 0.0039 0.0022 0.0178 0.0043 0.9658 0.0023 
      CC05H7 32 0.0078 0.0077 0.0039 0.0025 0.0094 0.9636 0.0051 
      CC05M5 32 0.0032 0.0033 0.0020 0.0036 0.0019 0.9838 0.0022 
      CC05YK 32 0.0038 0.0036 0.0027 0.0027 0.0149 0.9695 0.0028 
      CC0630 32 0.0377 0.0124 0.0041 0.0050 0.0041 0.9319 0.0048 
      CC066E 32 0.0109 0.0111 0.0044 0.0062 0.0051 0.9581 0.0042 
      CC01ET 32 0.0090 0.0038 0.0041 0.0099 0.0060 0.9622 0.0051 
      CC01F1 32 0.0044 0.0039 0.0039 0.0083 0.0047 0.9712 0.0036 
      CC063M 32 0.0033 0.0042 0.0031 0.0019 0.0054 0.9790 0.0031 
       h0013 33 0.0051 0.0063 0.0026 0.0028 0.0164 0.9643 0.0025 
       h0023 33 0.0032 0.0073 0.0022 0.0032 0.0069 0.9750 0.0022 
       h0033 33 0.0093 0.0026 0.0113 0.0208 0.0118 0.9351 0.0091 
       h0043 33 0.0035 0.0050 0.0042 0.0037 0.0049 0.9745 0.0042 
       h0053 33 0.0068 0.0202 0.0028 0.0052 0.0071 0.9549 0.0030 
       h0063 33 0.0116 0.0093 0.0050 0.0190 0.0059 0.9444 0.0048 
       h0073 33 0.0032 0.0040 0.0025 0.0031 0.0054 0.9793 0.0026 
       h0083 33 0.0046 0.0033 0.0027 0.0027 0.0035 0.9802 0.0029 
       h0093 33 0.0026 0.0026 0.0021 0.0079 0.0034 0.9794 0.0021 
       h0103 33 0.0049 0.0034 0.0030 0.0031 0.0020 0.9805 0.0030 
       h0113 33 0.0024 0.0027 0.0028 0.0060 0.0024 0.9807 0.0029 
       h0123 33 0.0119 0.0092 0.0022 0.0049 0.0032 0.9663 0.0022 
       h0133 33 0.0068 0.0049 0.0028 0.0037 0.0045 0.9745 0.0029 
       h0143 33 0.0045 0.0073 0.0026 0.0030 0.0063 0.9737 0.0026 
       h0153 33 0.0108 0.0072 0.0024 0.0285 0.0024 0.9463 0.0024 
       h0163 33 0.0042 0.0028 0.0018 0.0044 0.0015 0.9835 0.0018 
       h0173 33 0.0046 0.0053 0.0016 0.0020 0.0120 0.9729 0.0016 
       h0183 33 0.0065 0.0063 0.0018 0.0021 0.0036 0.9779 0.0018 
       h0193 33 0.0061 0.0052 0.0038 0.0099 0.0072 0.9638 0.0040 
       h0203 33 0.0088 0.0098 0.0062 0.0059 0.0104 0.9530 0.0059 
       h0213 33 0.0053 0.0089 0.0029 0.0074 0.0099 0.9625 0.0031 
       h0223 33 0.0031 0.0048 0.0021 0.0023 0.0023 0.9833 0.0021 
       h0233 33 0.0043 0.0035 0.0020 0.0072 0.0030 0.9779 0.0020 
       h0243 33 0.0034 0.0023 0.0017 0.0054 0.0025 0.9830 0.0017 
       h0253 33 0.0047 0.0061 0.0025 0.0037 0.0065 0.9739 0.0026 
       h0263 33 0.0037 0.0053 0.0024 0.0034 0.0030 0.9796 0.0025 
       h0273 33 0.0029 0.0064 0.0020 0.0055 0.0155 0.9658 0.0019 
       h0283 33 0.0146 0.0031 0.0027 0.0054 0.0043 0.9673 0.0025 
       h0293 33 0.0082 0.0030 0.0027 0.0463 0.0035 0.9336 0.0025 
       h0303 33 0.0205 0.0251 0.0073 0.0222 0.0082 0.9103 0.0065 
       h0313 33 0.0116 0.0063 0.0136 0.0064 0.0246 0.9213 0.0161 
       h0323 33 0.0028 0.0029 0.0022 0.0040 0.0040 0.9818 0.0022 
       h0333 33 0.0055 0.0030 0.0031 0.0702 0.0029 0.9123 0.0029 
       h0343 33 0.0020 0.0027 0.0020 0.0025 0.0020 0.9869 0.0019 
       h0353 33 0.0075 0.0050 0.0066 0.0021 0.0034 0.9679 0.0075 
       h0363 33 0.0036 0.0034 0.0021 0.0027 0.0023 0.9837 0.0022 
       h0373 33 0.0054 0.0049 0.0021 0.0018 0.0032 0.9802 0.0024 
       h0383 33 0.0159 0.0335 0.0029 0.0030 0.0073 0.9340 0.0035 
       h0393 33 0.0052 0.0061 0.0023 0.0024 0.0081 0.9736 0.0023 
       h0403 33 0.0048 0.0036 0.0026 0.0123 0.0075 0.9662 0.0030 
       h0413 33 0.0100 0.0047 0.0027 0.0040 0.0030 0.9728 0.0027 
       h0423 33 0.0029 0.0026 0.0027 0.0037 0.0047 0.9807 0.0027 
       h0433 33 0.0080 0.0052 0.0033 0.0033 0.0040 0.9729 0.0033 
       h0443 33 0.0052 0.0053 0.0037 0.0122 0.0025 0.9677 0.0035 
       h0453 33 0.0047 0.0026 0.0035 0.0078 0.0046 0.9737 0.0031 
       h0463 33 0.0027 0.0026 0.0027 0.0040 0.0045 0.9812 0.0023 
       h0473 33 0.0092 0.0168 0.0041 0.0064 0.0067 0.9511 0.0058 
       h0483 33 0.0046 0.0034 0.0022 0.0029 0.0070 0.9775 0.0025 
       h0493 33 0.0031 0.0023 0.0018 0.0041 0.0021 0.9848 0.0018 
       h0503 33 0.0093 0.0097 0.0027 0.0052 0.0066 0.9631 0.0033 
       h0513 33 0.0069 0.0040 0.0043 0.0043 0.0032 0.9734 0.0040 
       h0523 33 0.0060 0.0030 0.0022 0.0028 0.0028 0.9809 0.0023 
       h0533 33 0.0035 0.0027 0.0018 0.0037 0.0025 0.9838 0.0020 
       h0543 33 0.0046 0.0043 0.0020 0.0139 0.0049 0.9682 0.0021 
       h0553 33 0.0036 0.0037 0.0022 0.0024 0.0037 0.9820 0.0023 
       h0563 33 0.0024 0.0045 0.0022 0.0050 0.0042 0.9793 0.0023 
       h0573 33 0.0199 0.0043 0.0040 0.0191 0.0050 0.9442 0.0034 
       h0583 33 0.0032 0.0024 0.0020 0.0028 0.0174 0.9704 0.0019 
       h0593 33 0.0049 0.0041 0.0030 0.0123 0.0036 0.9692 0.0029 
       h0603 33 0.0048 0.0025 0.0050 0.0072 0.0037 0.9728 0.0039 
       h0613 33 0.0053 0.0032 0.0027 0.0473 0.0055 0.9334 0.0025 
       h0623 33 0.0044 0.0048 0.0029 0.0083 0.0046 0.9722 0.0028 
       h0633 33 0.0083 0.0143 0.0021 0.0034 0.0092 0.9606 0.0022 
       h0643 33 0.0076 0.0033 0.0024 0.0032 0.0032 0.9777 0.0025 
       h0653 33 0.0025 0.0035 0.0027 0.0040 0.0027 0.9817 0.0028 
       h0663 33 0.0079 0.0077 0.0031 0.0082 0.0062 0.9635 0.0033 
       h0673 33 0.0073 0.0031 0.0019 0.0033 0.0039 0.9788 0.0019 
       h0683 33 0.0049 0.0033 0.0035 0.0044 0.0075 0.9730 0.0035 
       h0693 33 0.0276 0.0104 0.0096 0.0053 0.0099 0.9270 0.0102 
       h0703 33 0.0044 0.0042 0.0025 0.0029 0.0033 0.9800 0.0028 
       h0713 33 0.0053 0.0061 0.0027 0.0188 0.0028 0.9614 0.0028 
       h0723 33 0.0054 0.0044 0.0036 0.0030 0.0065 0.9735 0.0036 
       h0733 33 0.0028 0.0065 0.0018 0.0044 0.0040 0.9788 0.0018 
       h0743 33 0.0029 0.0030 0.0037 0.0033 0.0045 0.9796 0.0031 
       h0753 33 0.0052 0.0129 0.0068 0.0092 0.0019 0.9570 0.0071 
       h0763 33 0.0034 0.0054 0.0029 0.0029 0.0034 0.9792 0.0028 
       h0773 33 0.0028 0.0026 0.0026 0.0021 0.0035 0.9839 0.0025 
       h0783 33 0.0061 0.0043 0.0019 0.0026 0.0060 0.9771 0.0020 
       h0793 33 0.0176 0.0290 0.0034 0.0543 0.0146 0.8767 0.0043 
       h0803 33 0.0038 0.0068 0.0029 0.0123 0.0025 0.9684 0.0033 
       h0813 33 0.0036 0.0024 0.0024 0.0029 0.0037 0.9825 0.0026 
       h0823 33 0.0070 0.0042 0.0030 0.0025 0.0038 0.9762 0.0033 
       h0833 33 0.0041 0.0054 0.0024 0.0023 0.0031 0.9804 0.0023 
       h0843 33 0.0058 0.0037 0.0069 0.0055 0.0059 0.9652 0.0070 
       h0853 33 0.0038 0.0035 0.0019 0.0019 0.0033 0.9838 0.0019 
       h0863 33 0.0029 0.0021 0.0020 0.0033 0.0027 0.9850 0.0020 
       h0873 33 0.0076 0.0743 0.0059 0.0040 0.0211 0.8812 0.0058 
       h0883 33 0.0040 0.0060 0.0017 0.0021 0.0024 0.9820 0.0018 
       h0893 33 0.0041 0.0027 0.0021 0.0029 0.0048 0.9814 0.0020 
       h0903 33 0.0033 0.0032 0.0017 0.0041 0.0018 0.9843 0.0018 
       h0913 33 0.0065 0.0037 0.0025 0.0062 0.0029 0.9757 0.0025 
       h0923 33 0.0044 0.0034 0.0036 0.0045 0.0037 0.9774 0.0031 
       h0933 33 0.0085 0.0042 0.0028 0.0057 0.0037 0.9724 0.0027 
       h0943 33 0.0030 0.0046 0.0023 0.0022 0.0520 0.9332 0.0027 
       h0953 33 0.0073 0.0087 0.0037 0.0054 0.0061 0.9645 0.0043 
       h0963 33 0.0087 0.0063 0.0034 0.0048 0.0022 0.9716 0.0030 
       h0973 33 0.0040 0.0085 0.0020 0.0042 0.0029 0.9761 0.0023 
       h0983 33 0.0060 0.0061 0.0045 0.0044 0.0028 0.9721 0.0040 
       h0993 33 0.0040 0.0066 0.0025 0.0022 0.0030 0.9791 0.0027 
       h1003 33 0.0055 0.0038 0.0026 0.0056 0.0034 0.9768 0.0024 
       h1013 33 0.0091 0.0029 0.0029 0.0056 0.0047 0.9719 0.0029 
       h1023 33 0.0106 0.0035 0.0020 0.0030 0.0051 0.9736 0.0022 
       h1033 33 0.0036 0.0059 0.0021 0.0026 0.0045 0.9791 0.0022 
       h1043 33 0.0048 0.0045 0.0036 0.0040 0.0027 0.9770 0.0034 
       h1053 33 0.0030 0.0031 0.0021 0.0033 0.0031 0.9835 0.0020 
       h1063 33 0.0030 0.0025 0.0025 0.0047 0.0039 0.9809 0.0025 
       h1073 33 0.0251 0.0150 0.0048 0.0118 0.0504 0.8883 0.0047 
       h1083 33 0.0035 0.0050 0.0045 0.0100 0.0036 0.9695 0.0038 
       h1093 33 0.0046 0.0038 0.0020 0.0028 0.0057 0.9790 0.0020 
       h1103 33 0.0034 0.0025 0.0032 0.0035 0.0038 0.9801 0.0037 
       h1113 33 0.0069 0.0038 0.0026 0.0075 0.0027 0.9741 0.0025 
       h1123 33 0.0044 0.0084 0.0025 0.0021 0.0266 0.9532 0.0028 
       h1133 33 0.0095 0.0058 0.0051 0.0198 0.0053 0.9508 0.0038 
       h1143 33 0.0035 0.0025 0.0021 0.0032 0.0038 0.9828 0.0021 
       h1153 33 0.0042 0.0036 0.0067 0.0035 0.0046 0.9700 0.0074 
       h1163 33 0.0063 0.0069 0.0030 0.0102 0.0058 0.9647 0.0030 
       h1173 33 0.0099 0.0040 0.0031 0.0073 0.0046 0.9683 0.0029 
       h1183 33 0.0027 0.0033 0.0017 0.0022 0.0044 0.9840 0.0018 
       h1193 33 0.0070 0.0061 0.0025 0.0028 0.0025 0.9766 0.0025 
       h1203 33 0.0092 0.0093 0.0033 0.0045 0.0025 0.9681 0.0030 
       h1213 33 0.0098 0.0227 0.0022 0.0494 0.0426 0.8707 0.0026 
       h1223 33 0.0080 0.0678 0.0028 0.0068 0.0028 0.9087 0.0031 
       h1233 33 0.0025 0.0041 0.0023 0.0039 0.0018 0.9833 0.0021 
       h1243 33 0.0053 0.0047 0.0019 0.0036 0.0028 0.9797 0.0020 
       h1253 33 0.0045 0.0060 0.0038 0.0031 0.0030 0.9754 0.0043 
       h1263 33 0.0096 0.0061 0.0025 0.0060 0.0042 0.9688 0.0028 
       h1273 33 0.0028 0.0090 0.0020 0.0020 0.0053 0.9769 0.0019 
       h1283 33 0.0030 0.0034 0.0025 0.0031 0.0050 0.9804 0.0026 
       h1293 33 0.0040 0.0044 0.0033 0.0030 0.0043 0.9780 0.0030 
       h1303 33 0.0061 0.0062 0.0025 0.0033 0.0045 0.9747 0.0027 
       h1313 33 0.0042 0.0043 0.0020 0.0064 0.0020 0.9789 0.0023 
       h1323 33 0.0080 0.0060 0.0071 0.0053 0.0042 0.9615 0.0080 
       h1333 33 0.0057 0.0053 0.0026 0.0038 0.0037 0.9765 0.0024 
       h1343 33 0.0042 0.0027 0.0021 0.0035 0.0024 0.9829 0.0022 
       h1353 33 0.0061 0.0070 0.0022 0.0043 0.0034 0.9746 0.0023 
       h1363 33 0.0139 0.0150 0.0019 0.0069 0.0055 0.9547 0.0022 
       h1373 33 0.0045 0.0042 0.0079 0.0052 0.0024 0.9707 0.0052 
       h1383 33 0.0143 0.0095 0.0042 0.0070 0.0074 0.9527 0.0049 
       h1393 33 0.0077 0.0031 0.0043 0.0066 0.0029 0.9714 0.0038 
       h1403 33 0.0053 0.0032 0.0028 0.0029 0.0048 0.9783 0.0027 
       h1413 33 0.0119 0.0076 0.0037 0.0031 0.0080 0.9623 0.0034 
       h1423 33 0.0032 0.0034 0.0031 0.0042 0.0019 0.9815 0.0026 
       h1433 33 0.0039 0.0066 0.0023 0.0047 0.0095 0.9703 0.0028 
       h1443 33 0.0144 0.0354 0.0040 0.0040 0.0053 0.9317 0.0050 
       h1453 33 0.0033 0.0078 0.0020 0.0045 0.0032 0.9769 0.0023 
       h1463 33 0.0064 0.0055 0.0048 0.0038 0.0118 0.9625 0.0053 
       h1473 33 0.0040 0.0033 0.0022 0.0032 0.0026 0.9824 0.0023 
       h1483 33 0.0038 0.0024 0.0018 0.0044 0.0020 0.9837 0.0018 
       h1493 33 0.0029 0.0038 0.0031 0.0037 0.0041 0.9795 0.0029 
       h1503 33 0.0063 0.0032 0.0028 0.0102 0.0035 0.9713 0.0027 
       h1513 33 0.0078 0.0136 0.0029 0.0203 0.0052 0.9469 0.0033 
       h1523 33 0.0041 0.0068 0.0029 0.0054 0.0057 0.9723 0.0029 
       h1533 33 0.0134 0.0036 0.0032 0.0051 0.0027 0.9684 0.0036 
       h1543 33 0.0026 0.0031 0.0025 0.0023 0.0056 0.9815 0.0023 
       h1553 33 0.0081 0.0082 0.0031 0.0031 0.0046 0.9696 0.0033 
       h1563 33 0.0036 0.0050 0.0021 0.0038 0.0038 0.9795 0.0022 
       h1573 33 0.0034 0.0032 0.0022 0.0041 0.0025 0.9825 0.0021 
       h1583 33 0.0062 0.0052 0.0027 0.0019 0.0027 0.9786 0.0026 
       h1593 33 0.0046 0.0041 0.0022 0.0039 0.0033 0.9796 0.0022 
       h1603 33 0.0043 0.0026 0.0036 0.0042 0.0032 0.9784 0.0037 
       h1613 33 0.0041 0.0053 0.0024 0.0383 0.0046 0.9425 0.0028 
       h1623 33 0.0090 0.0118 0.0029 0.0045 0.0020 0.9666 0.0032 
       h1633 33 0.0125 0.0052 0.0021 0.0045 0.0046 0.9690 0.0021 
       h1643 33 0.0054 0.0035 0.0019 0.0093 0.0037 0.9742 0.0021 
       h1653 33 0.0024 0.0030 0.0022 0.0141 0.0021 0.9738 0.0023 
       h1663 33 0.0028 0.0028 0.0015 0.0038 0.0029 0.9846 0.0016 
       h1673 33 0.0029 0.0036 0.0020 0.0025 0.0180 0.9690 0.0020 
       h1683 33 0.0076 0.0072 0.0024 0.0027 0.0037 0.9738 0.0025 
       h1693 33 0.0026 0.0026 0.0014 0.0021 0.0024 0.9875 0.0014 
       h1703 33 0.0087 0.0221 0.0034 0.0050 0.0027 0.9544 0.0037 
       h1713 33 0.0201 0.0200 0.0036 0.0037 0.0052 0.9433 0.0041 
       h1723 33 0.0077 0.0061 0.0040 0.0034 0.0150 0.9590 0.0048 
       h1733 33 0.0047 0.0034 0.0024 0.0044 0.0041 0.9784 0.0025 
       h1743 33 0.0049 0.0039 0.0027 0.0058 0.0495 0.9306 0.0026 
       h1753 33 0.0037 0.0028 0.0037 0.0109 0.0024 0.9729 0.0036 
       h1763 33 0.0050 0.0045 0.0019 0.0039 0.0041 0.9788 0.0019 
       h1773 33 0.0032 0.0032 0.0018 0.0036 0.0041 0.9824 0.0017 
       h1783 33 0.0061 0.0112 0.0025 0.0041 0.0182 0.9549 0.0029 
       h1793 33 0.0106 0.0277 0.0023 0.0048 0.0337 0.9184 0.0026 
       h1803 33 0.0035 0.0045 0.0025 0.0025 0.0033 0.9812 0.0024 
       h1813 33 0.0040 0.0079 0.0034 0.0056 0.0047 0.9706 0.0037 
       h1823 33 0.0030 0.0026 0.0027 0.0044 0.0024 0.9822 0.0028 
       h1833 33 0.0041 0.0039 0.0019 0.0031 0.0027 0.9822 0.0021 
       h1843 33 0.0071 0.0080 0.0023 0.0030 0.0076 0.9696 0.0022 
       h1853 33 0.0038 0.0035 0.0021 0.0021 0.0032 0.9833 0.0020 
       h1863 33 0.0036 0.0062 0.0024 0.0049 0.0057 0.9749 0.0024 
       h1873 33 0.0064 0.0055 0.0038 0.0029 0.0107 0.9667 0.0039 
       h1883 33 0.0025 0.0020 0.0016 0.0019 0.0016 0.9887 0.0016 
       h1893 33 0.0023 0.0028 0.0027 0.0065 0.0032 0.9802 0.0023 
       h1903 33 0.0030 0.0040 0.0027 0.0133 0.0048 0.9699 0.0024 
       h1913 33 0.0050 0.0059 0.0019 0.0022 0.0151 0.9680 0.0020 
       h1923 33 0.0219 0.0182 0.0026 0.0043 0.0030 0.9474 0.0027 
       h1933 33 0.0050 0.0191 0.0023 0.0033 0.0103 0.9576 0.0025 
       h1943 33 0.0058 0.0027 0.0031 0.0024 0.0049 0.9778 0.0032 
       h1953 33 0.0046 0.0042 0.0021 0.0030 0.0031 0.9808 0.0021 
       h1963 33 0.0042 0.0064 0.0029 0.0040 0.0043 0.9756 0.0027 
       h1973 33 0.0022 0.0025 0.0024 0.0057 0.0025 0.9820 0.0027 
       h1983 33 0.0023 0.0036 0.0025 0.0108 0.0022 0.9762 0.0024 
       h1993 33 0.0030 0.0040 0.0019 0.0025 0.0028 0.9838 0.0019 
       h2003 33 0.0047 0.0043 0.0020 0.0050 0.0040 0.9782 0.0018 
       h2012 33 0.0040 0.0040 0.0025 0.0044 0.0044 0.9780 0.0026 
       h2022 33 0.0190 0.0062 0.0038 0.0052 0.0096 0.9524 0.0037 
       h2032 33 0.0048 0.0029 0.0053 0.0103 0.0024 0.9695 0.0048 
       h2042 33 0.0088 0.0036 0.0044 0.0058 0.0092 0.9626 0.0056 
       h2052 33 0.0040 0.0080 0.0026 0.0022 0.0134 0.9668 0.0031 
       h2062 33 0.0046 0.0063 0.0024 0.0020 0.0020 0.9804 0.0024 
       h2072 33 0.0075 0.0082 0.0037 0.0046 0.0037 0.9683 0.0040 
       h2082 33 0.0040 0.0034 0.0035 0.0118 0.0036 0.9701 0.0036 
       h2092 33 0.0041 0.0035 0.0033 0.0026 0.0030 0.9803 0.0031 
       h2102 33 0.0044 0.0051 0.0019 0.0033 0.0040 0.9794 0.0019 
       h2112 33 0.0064 0.0043 0.0024 0.0034 0.0078 0.9731 0.0026 
       h2122 33 0.0055 0.0054 0.0020 0.0059 0.0077 0.9713 0.0022 
       h2132 33 0.0067 0.0034 0.0036 0.0056 0.0061 0.9709 0.0037 
       h2142 33 0.0049 0.0156 0.0019 0.0026 0.0121 0.9607 0.0021 
       h2152 33 0.0040 0.0086 0.0040 0.0116 0.0276 0.9394 0.0047 
       h2162 33 0.0064 0.0064 0.0021 0.0048 0.0522 0.9258 0.0022 
       h2172 33 0.0036 0.0033 0.0025 0.0070 0.0053 0.9758 0.0025 
       h2182 33 0.0069 0.0034 0.0037 0.0108 0.0067 0.9655 0.0031 
       h2192 33 0.0040 0.0028 0.0022 0.0037 0.0041 0.9810 0.0023 
       h2202 33 0.0037 0.0039 0.0038 0.0037 0.0042 0.9767 0.0039 
       h2212 33 0.0045 0.0025 0.0019 0.0019 0.0020 0.9853 0.0020 
       h2222 33 0.0030 0.0042 0.0016 0.0021 0.0099 0.9777 0.0016 
       h2232 33 0.0049 0.0043 0.0051 0.0079 0.0056 0.9674 0.0047 
       h2242 33 0.0091 0.0084 0.0017 0.0029 0.0077 0.9683 0.0018 
       h2252 33 0.0079 0.0065 0.0023 0.0121 0.0047 0.9641 0.0025 
       h2262 33 0.0056 0.0047 0.0034 0.0025 0.0060 0.9741 0.0037 
       h2272 33 0.0024 0.0030 0.0018 0.0023 0.0033 0.9854 0.0018 
       h2282 33 0.0045 0.0034 0.0027 0.0051 0.0041 0.9778 0.0025 
       h2292 33 0.0025 0.0026 0.0024 0.0045 0.0081 0.9772 0.0027 
       h2302 33 0.0090 0.0038 0.0040 0.0084 0.0168 0.9537 0.0043 
       h2312 33 0.0074 0.0043 0.0036 0.0051 0.0087 0.9674 0.0036 
       h2322 33 0.0098 0.0066 0.0034 0.0058 0.0081 0.9629 0.0034 
       h2332 33 0.0045 0.0055 0.0024 0.0051 0.0051 0.9747 0.0026 
       h2342 33 0.0024 0.0023 0.0026 0.0053 0.0031 0.9819 0.0025 
       h2352 33 0.0034 0.0042 0.0023 0.0048 0.0045 0.9786 0.0022 
       h2362 33 0.0039 0.0031 0.0048 0.0058 0.0040 0.9742 0.0042 
       h2372 33 0.0034 0.0038 0.0028 0.0029 0.0053 0.9793 0.0025 
       h2382 33 0.0049 0.0057 0.0023 0.0050 0.0036 0.9764 0.0022 
       h2392 33 0.0042 0.0031 0.0020 0.0029 0.0037 0.9820 0.0020 
       h2402 33 0.0049 0.0051 0.0037 0.0067 0.0022 0.9738 0.0036 
       h2412 33 0.0035 0.0046 0.0019 0.0076 0.0049 0.9756 0.0020 
       h2422 33 0.0029 0.0039 0.0036 0.0024 0.0030 0.9810 0.0034 
       h2432 33 0.0155 0.0079 0.0041 0.0090 0.0020 0.9564 0.0051 
       h2442 33 0.0046 0.0079 0.0024 0.0034 0.0024 0.9767 0.0025 
       h2452 33 0.0087 0.0045 0.0059 0.0056 0.0032 0.9651 0.0070 
       h2462 33 0.0059 0.0069 0.0027 0.0025 0.0098 0.9690 0.0032 
       h2472 33 0.0051 0.0055 0.0024 0.0202 0.0030 0.9607 0.0031 
       h2482 33 0.0065 0.0040 0.0037 0.0031 0.0054 0.9724 0.0048 
       h2492 33 0.0067 0.0062 0.0026 0.0027 0.0096 0.9695 0.0026 
       h2502 33 0.0109 0.0061 0.0037 0.0085 0.0313 0.9357 0.0037 
       h2512 33 0.0032 0.0035 0.0029 0.0081 0.0044 0.9752 0.0027 
       h2522 33 0.0035 0.0059 0.0032 0.0045 0.0050 0.9744 0.0034 
       h2532 33 0.0186 0.0084 0.0075 0.0048 0.0272 0.9252 0.0082 
       h2542 33 0.0035 0.0042 0.0027 0.0047 0.0033 0.9787 0.0029 
       h2552 33 0.0080 0.0080 0.0032 0.0109 0.0227 0.9433 0.0037 
       h2562 33 0.0076 0.0053 0.0039 0.0743 0.0034 0.9020 0.0036 
       h2572 33 0.0105 0.0097 0.0029 0.0048 0.0414 0.9279 0.0029 
       h2582 33 0.0039 0.0027 0.0021 0.0024 0.0019 0.9849 0.0021 
       h2592 33 0.0067 0.0051 0.0062 0.0034 0.0033 0.9692 0.0060 
       h2602 33 0.0099 0.0137 0.0022 0.0019 0.0059 0.9640 0.0024 
       h2612 33 0.0041 0.0034 0.0022 0.0025 0.0113 0.9743 0.0021 
       h2622 33 0.0028 0.0038 0.0024 0.0069 0.0021 0.9797 0.0022 
       h2632 33 0.0088 0.0073 0.0029 0.0075 0.0041 0.9660 0.0035 
       h2642 33 0.0039 0.0048 0.0026 0.0075 0.0026 0.9760 0.0026 
       h2652 33 0.0031 0.0026 0.0018 0.0029 0.0020 0.9857 0.0020 
       h2662 33 0.0059 0.0049 0.0035 0.0018 0.0100 0.9700 0.0038 
       h2672 33 0.0078 0.0044 0.0027 0.0081 0.0127 0.9618 0.0026 
       h2682 33 0.0037 0.0055 0.0022 0.0035 0.0047 0.9783 0.0021 
       h2692 33 0.0077 0.0039 0.0023 0.0031 0.0035 0.9771 0.0024 
       h2702 33 0.0035 0.0023 0.0016 0.0033 0.0019 0.9856 0.0017 
       h2712 33 0.0045 0.0074 0.0025 0.0174 0.0050 0.9609 0.0025 
       h2722 33 0.0061 0.0069 0.0029 0.0040 0.0018 0.9754 0.0028 
       h2732 33 0.0105 0.0126 0.0025 0.0021 0.0098 0.9598 0.0026 
       h2742 33 0.0051 0.0039 0.0024 0.0138 0.0050 0.9675 0.0024 
       h2752 33 0.0057 0.0086 0.0038 0.0082 0.0046 0.9646 0.0045 
       h2762 33 0.0027 0.0036 0.0028 0.0022 0.0048 0.9809 0.0029 
       h2772 33 0.0042 0.0131 0.0025 0.0024 0.0027 0.9725 0.0025 
       h2782 33 0.0065 0.0039 0.0030 0.0039 0.0036 0.9763 0.0028 
       h2792 33 0.0074 0.0057 0.0038 0.0041 0.0036 0.9713 0.0041 
       h2802 33 0.0025 0.0025 0.0017 0.0032 0.0055 0.9830 0.0017 
       h2812 33 0.0036 0.0037 0.0035 0.0023 0.0021 0.9814 0.0033 
       h2822 33 0.0111 0.0027 0.0044 0.1243 0.0033 0.8505 0.0038 
       h2832 33 0.0052 0.0066 0.0033 0.0055 0.0042 0.9720 0.0033 
       h2842 33 0.0027 0.0026 0.0019 0.0054 0.0026 0.9829 0.0019 
       h2852 33 0.0036 0.0045 0.0023 0.0080 0.0031 0.9762 0.0023 
       h2862 33 0.0126 0.0053 0.0063 0.0078 0.0103 0.9514 0.0064 
       h2872 33 0.0044 0.0033 0.0022 0.0041 0.0094 0.9744 0.0022 
       h2882 33 0.0040 0.0026 0.0020 0.0031 0.0042 0.9820 0.0021 
       h2892 33 0.0056 0.0049 0.0018 0.0065 0.0028 0.9768 0.0018 
       h2902 33 0.0037 0.0034 0.0019 0.0042 0.0037 0.9811 0.0019 
       h2912 33 0.0096 0.0035 0.0021 0.0023 0.0036 0.9766 0.0023 
       h2922 33 0.0095 0.0066 0.0021 0.0037 0.0057 0.9703 0.0022 
       h2932 33 0.0072 0.0058 0.0027 0.0024 0.0063 0.9731 0.0025 
       h2942 33 0.0126 0.0081 0.0034 0.0049 0.0042 0.9634 0.0034 
       h2952 33 0.0110 0.0050 0.0019 0.0043 0.0025 0.9732 0.0022 
       h2962 33 0.0099 0.0068 0.0057 0.0304 0.0067 0.9349 0.0056 
       h2972 33 0.0041 0.0043 0.0018 0.0027 0.0040 0.9811 0.0020 
       h2982 33 0.0031 0.0031 0.0019 0.0019 0.0033 0.9846 0.0020 
       h2992 33 0.0044 0.0032 0.0018 0.0023 0.0027 0.9835 0.0020 
       h3002 33 0.0240 0.0347 0.0026 0.0075 0.0031 0.9256 0.0026 
