

----------------------------------------------------
STRUCTURE by Pritchard, Stephens and Donnelly (2000)
     and Falush, Stephens and Pritchard (2003)
       Code by Pritchard, Falush and Hubisz
             Version 2.3.4 (Jul 2012)
----------------------------------------------------



Command line arguments:   /home/eva.pavlovic/Structure/structure -m parameter_job_H1_7 
Input File:    /home/eva.pavlovic/data_job_H1_7

Run parameters:
   3592 individuals
   20 loci
   5 populations assumed
   300000 Burn-in period
   3000000 Reps


--------------------------------------------
Proportion of membership of each pre-defined
 population in each of the 5 clusters

Given    Inferred Clusters                     Number of
 Pop       1      2      3      4      5      Individuals

  1:     0.970  0.006  0.010  0.007  0.007      100
  2:     0.969  0.008  0.007  0.007  0.008      200
  3:     0.411  0.022  0.010  0.048  0.510        6
  4:     0.449  0.026  0.011  0.022  0.492      100
  5:     0.477  0.011  0.013  0.030  0.469      100
  6:     0.484  0.484  0.009  0.010  0.013      100
  7:     0.467  0.007  0.506  0.010  0.011      100
  8:     0.461  0.015  0.011  0.494  0.019      100
  9:     0.016  0.005  0.019  0.104  0.856        2
 10:     0.145  0.027  0.012  0.016  0.800      100
 11:     0.158  0.011  0.019  0.026  0.785      100
 12:     0.195  0.768  0.013  0.009  0.015      100
 13:     0.228  0.006  0.748  0.008  0.010      100
 14:     0.179  0.013  0.014  0.772  0.022      100
 15:     0.042  0.017  0.019  0.043  0.878       42
 16:     0.044  0.025  0.007  0.015  0.908      100
 17:     0.053  0.008  0.025  0.026  0.888      100
 18:     0.070  0.892  0.013  0.012  0.013      100
 19:     0.091  0.008  0.882  0.009  0.011      100
 20:     0.056  0.011  0.014  0.898  0.021      100
 21:     0.004  0.038  0.017  0.023  0.917      105
 22:     0.007  0.021  0.009  0.013  0.950      240
 23:     0.007  0.013  0.019  0.050  0.911       68
 24:     0.006  0.008  0.016  0.019  0.952       31
 25:     0.005  0.009  0.018  0.019  0.949      125
 26:     0.006  0.007  0.020  0.020  0.947       53
 27:     0.009  0.006  0.023  0.020  0.942      125
 28:     0.003  0.985  0.004  0.004  0.004       28
 29:     0.003  0.986  0.004  0.004  0.004      300
 30:     0.003  0.003  0.983  0.006  0.004       27
 31:     0.003  0.004  0.985  0.005  0.004      300
 32:     0.004  0.007  0.009  0.971  0.008       40
 33:     0.003  0.007  0.009  0.973  0.007      300
--------------------------------------------

Allele-freq. divergence among pops (Net nucleotide distance),
computed using point estimates of P.

      1       2       3       4       5      
 1      -    0.1303  0.1226  0.0974  0.0753  
 2   0.1303     -    0.1879  0.1241  0.0867  
 3   0.1226  0.1879     -    0.1124  0.1110  
 4   0.0974  0.1241  0.1124     -    0.0562  
 5   0.0753  0.0867  0.1110  0.0562     -    

Average distances (expected heterozygosity) between individuals in same cluster:
cluster  1  : 0.7888 
cluster  2  : 0.6438 
cluster  3  : 0.6491 
cluster  4  : 0.7395 
cluster  5  : 0.7735 

--------------------------------------------
Estimated Ln Prob of Data   = -249850.5
Mean value of ln likelihood = -248308.1
Variance of ln likelihood   = 3084.8
Mean value of alpha         = 0.0481

Mean value of Fst_1         = 0.0523
Mean value of Fst_2         = 0.3455
Mean value of Fst_3         = 0.3193
Mean value of Fst_4         = 0.1934
Mean value of Fst_5         = 0.0877


Inferred ancestry of individuals:
        Label (%Miss) Pop:  Inferred clusters
  1    M1EL5    (5)    1 :  0.973 0.003 0.010 0.008 0.006 
  2    W26T6    (5)    1 :  0.966 0.011 0.005 0.008 0.011 
  3    W26XX    (5)    1 :  0.984 0.003 0.004 0.005 0.004 
  4    M013P    (0)    1 :  0.983 0.004 0.006 0.004 0.003 
  5    M1ELA    (0)    1 :  0.877 0.013 0.009 0.077 0.025 
  6    M2C73    (0)    1 :  0.981 0.004 0.005 0.006 0.004 
  7    W23P4    (0)    1 :  0.952 0.009 0.003 0.007 0.029 
  8    W247C    (5)    1 :  0.986 0.004 0.004 0.003 0.003 
  9    W24K1    (0)    1 :  0.988 0.003 0.003 0.003 0.003 
 10    W24ME    (0)    1 :  0.973 0.007 0.003 0.006 0.011 
 11    W2514    (0)    1 :  0.984 0.004 0.003 0.004 0.006 
 12    W26MA    (0)    1 :  0.976 0.010 0.004 0.004 0.007 
 13    W26MM    (0)    1 :  0.979 0.007 0.003 0.002 0.009 
 14    W26MU    (0)    1 :  0.978 0.004 0.010 0.003 0.006 
 15    W26P0    (0)    1 :  0.986 0.003 0.004 0.003 0.005 
 16    W26P3    (0)    1 :  0.984 0.003 0.007 0.003 0.003 
 17    W26T5    (0)    1 :  0.990 0.002 0.002 0.002 0.003 
 18    W26TE    (0)    1 :  0.969 0.006 0.004 0.013 0.008 
 19    W26TF    (0)    1 :  0.967 0.015 0.006 0.008 0.003 
 20    W26U8    (0)    1 :  0.947 0.008 0.007 0.013 0.025 
 21    W26UJ    (0)    1 :  0.988 0.004 0.003 0.002 0.003 
 22    W26UK    (0)    1 :  0.983 0.002 0.009 0.003 0.003 
 23    W26UT    (0)    1 :  0.984 0.003 0.005 0.005 0.003 
 24    W26XT    (0)    1 :  0.967 0.006 0.014 0.009 0.004 
 25   CC06H2    (0)    1 :  0.973 0.010 0.004 0.005 0.009 
 26   CC06H4    (0)    1 :  0.982 0.007 0.005 0.003 0.004 
 27   CC06H5    (5)    1 :  0.945 0.007 0.004 0.016 0.028 
 28   CC06H6    (0)    1 :  0.975 0.002 0.007 0.007 0.009 
 29   CC06HE    (0)    1 :  0.980 0.003 0.008 0.005 0.004 
 30   CC06HF    (0)    1 :  0.941 0.011 0.017 0.023 0.007 
 31   CC06HH    (0)    1 :  0.984 0.003 0.004 0.006 0.004 
 32   CC06HJ    (0)    1 :  0.976 0.006 0.004 0.004 0.010 
 33   CC06HL    (0)    1 :  0.988 0.003 0.003 0.003 0.003 
 34   CC06HP    (0)    1 :  0.984 0.003 0.006 0.005 0.003 
 35   CC06HT    (0)    1 :  0.877 0.006 0.005 0.103 0.009 
 36   CC06HU    (0)    1 :  0.965 0.006 0.005 0.010 0.014 
 37   CC06HY    (0)    1 :  0.974 0.008 0.004 0.007 0.007 
 38   CC06J0    (0)    1 :  0.978 0.011 0.003 0.004 0.004 
 39   CC06J1    (0)    1 :  0.968 0.010 0.004 0.006 0.012 
 40   CC06J2    (0)    1 :  0.973 0.005 0.007 0.010 0.004 
 41  CT.0YCY    (0)    1 :  0.984 0.004 0.004 0.005 0.005 
 42  CT.0YEC    (0)    1 :  0.989 0.002 0.004 0.003 0.002 
 43  CT.0YEF    (0)    1 :  0.986 0.003 0.004 0.003 0.004 
 44  CT.0YEU    (0)    1 :  0.990 0.002 0.002 0.002 0.003 
 45  CT.0YF2    (5)    1 :  0.977 0.007 0.004 0.004 0.009 
 46  CT.0YF8    (0)    1 :  0.983 0.002 0.007 0.005 0.003 
 47  CT.0YFA    (0)    1 :  0.984 0.002 0.005 0.004 0.005 
 48  CT.0YFE    (0)    1 :  0.974 0.003 0.009 0.009 0.005 
 49  CT.0YFP    (0)    1 :  0.982 0.008 0.003 0.003 0.004 
 50  CT.0YFU    (0)    1 :  0.984 0.003 0.005 0.004 0.004 
 51  CT.0YK7    (0)    1 :  0.982 0.007 0.003 0.004 0.004 
 52  CX.10PT    (0)    1 :  0.935 0.036 0.011 0.009 0.009 
 53   DAM021    (0)    1 :  0.970 0.004 0.015 0.007 0.005 
 54   DAM034    (0)    1 :  0.984 0.002 0.004 0.003 0.006 
 55   DAM07X    (0)    1 :  0.985 0.003 0.004 0.004 0.005 
 56  EF.15J6    (0)    1 :  0.985 0.003 0.005 0.003 0.004 
 57   HRV010   (10)    1 :  0.982 0.006 0.004 0.003 0.005 
 58   HRV02J    (5)    1 :  0.980 0.004 0.006 0.004 0.006 
 59   HRV078    (0)    1 :  0.979 0.005 0.007 0.004 0.004 
 60   HRV0FH    (0)    1 :  0.988 0.003 0.003 0.002 0.004 
 61   HRV0H5    (0)    1 :  0.978 0.004 0.007 0.006 0.005 
 62   HRV0JF    (0)    1 :  0.979 0.004 0.004 0.004 0.010 
 63   HRV0JJ    (0)    1 :  0.981 0.004 0.003 0.005 0.007 
 64   HRV0JM    (0)    1 :  0.982 0.003 0.004 0.007 0.004 
 65   HRV0K6    (0)    1 :  0.949 0.017 0.003 0.007 0.025 
 66   HRV0K7    (0)    1 :  0.978 0.003 0.007 0.007 0.005 
 67   HRV0KP    (5)    1 :  0.954 0.016 0.020 0.004 0.007 
 68   HRV1AX    (0)    1 :  0.959 0.005 0.020 0.007 0.009 
 69   HRV1C4    (0)    1 :  0.987 0.002 0.002 0.003 0.005 
 70   HRV1CH    (0)    1 :  0.980 0.004 0.006 0.003 0.008 
 71   HRV1FA    (5)    1 :  0.970 0.004 0.007 0.011 0.008 
 72   HRV1FK    (0)    1 :  0.978 0.010 0.003 0.005 0.004 
 73   HRV1H8    (5)    1 :  0.968 0.003 0.005 0.020 0.004 
 74   HRV1HT   (10)    1 :  0.976 0.006 0.006 0.005 0.007 
 75   HRV1XU   (10)    1 :  0.967 0.017 0.004 0.008 0.004 
 76   HRV4TF    (0)    1 :  0.836 0.004 0.151 0.006 0.003 
 77   HRV6F0   (10)    1 :  0.944 0.005 0.044 0.004 0.004 
 78   HRVE6L    (0)    1 :  0.917 0.007 0.054 0.015 0.006 
 79    M27HM    (5)    1 :  0.968 0.003 0.009 0.010 0.010 
 80    M27HP    (0)    1 :  0.987 0.003 0.004 0.003 0.003 
 81    M2AK4    (0)    1 :  0.987 0.004 0.004 0.003 0.003 
 82    M2ALA    (0)    1 :  0.989 0.003 0.002 0.003 0.003 
 83    M2C56    (0)    1 :  0.933 0.004 0.052 0.004 0.007 
 84    M2CUX    (0)    1 :  0.977 0.008 0.003 0.005 0.008 
 85    M2E24    (0)    1 :  0.989 0.003 0.002 0.003 0.003 
 86    M2EA7    (5)    1 :  0.986 0.004 0.003 0.004 0.003 
 87    M2EH6    (0)    1 :  0.986 0.003 0.004 0.003 0.004 
 88    M2EKC    (0)    1 :  0.844 0.010 0.123 0.014 0.010 
 89   MSV083    (0)    1 :  0.958 0.022 0.009 0.004 0.006 
 90   MSV084    (0)    1 :  0.977 0.003 0.009 0.005 0.006 
 91   MSV0LJ    (0)    1 :  0.979 0.004 0.007 0.005 0.005 
 92   MSV1H5    (0)    1 :  0.974 0.003 0.005 0.006 0.012 
 93   MSV1KM    (0)    1 :  0.987 0.003 0.004 0.003 0.003 
 94   MSV23F    (5)    1 :  0.947 0.011 0.025 0.010 0.006 
 95   MSV2L8    (0)    1 :  0.982 0.005 0.006 0.004 0.004 
 96   MSV2P7    (5)    1 :  0.988 0.004 0.002 0.003 0.003 
 97   MSV2TJ    (0)    1 :  0.966 0.002 0.015 0.002 0.015 
 98   MSV2XM    (0)    1 :  0.977 0.006 0.004 0.009 0.005 
 99   MSV327    (5)    1 :  0.985 0.005 0.003 0.003 0.005 
100   MSV33L    (5)    1 :  0.988 0.003 0.003 0.003 0.003 
101     h001    (0)    2 :  0.960 0.003 0.003 0.019 0.014 
102     h002    (0)    2 :  0.988 0.003 0.003 0.003 0.003 
103     h003    (0)    2 :  0.971 0.008 0.006 0.007 0.009 
104     h004    (0)    2 :  0.971 0.019 0.002 0.004 0.003 
105     h005    (0)    2 :  0.991 0.002 0.003 0.002 0.002 
106     h006    (0)    2 :  0.990 0.003 0.002 0.002 0.003 
107     h007    (0)    2 :  0.970 0.003 0.006 0.013 0.007 
108     h008    (0)    2 :  0.984 0.002 0.003 0.004 0.007 
109     h009    (0)    2 :  0.984 0.003 0.004 0.005 0.004 
110     h010    (0)    2 :  0.966 0.007 0.015 0.008 0.004 
111     h011    (0)    2 :  0.987 0.002 0.003 0.004 0.004 
112     h012    (0)    2 :  0.981 0.004 0.005 0.006 0.004 
113     h013    (0)    2 :  0.986 0.004 0.003 0.004 0.003 
114     h014    (0)    2 :  0.991 0.002 0.002 0.002 0.002 
115     h015    (0)    2 :  0.968 0.003 0.013 0.007 0.009 
116     h016    (0)    2 :  0.986 0.003 0.004 0.003 0.004 
117     h017    (0)    2 :  0.954 0.004 0.035 0.004 0.003 
118     h018    (0)    2 :  0.990 0.002 0.003 0.002 0.003 
119     h019    (0)    2 :  0.982 0.002 0.004 0.007 0.005 
120     h020    (0)    2 :  0.988 0.004 0.003 0.003 0.002 
121     h021    (0)    2 :  0.979 0.007 0.004 0.004 0.007 
122     h022    (0)    2 :  0.984 0.004 0.006 0.003 0.003 
123     h023    (0)    2 :  0.915 0.044 0.009 0.007 0.026 
124     h024    (0)    2 :  0.987 0.005 0.003 0.003 0.003 
125     h025    (0)    2 :  0.977 0.005 0.003 0.004 0.012 
126     h026    (0)    2 :  0.987 0.003 0.004 0.002 0.003 
127     h027    (0)    2 :  0.982 0.005 0.003 0.005 0.004 
128     h028    (0)    2 :  0.906 0.007 0.010 0.067 0.010 
129     h029    (0)    2 :  0.980 0.003 0.009 0.003 0.004 
130     h030    (0)    2 :  0.980 0.007 0.004 0.004 0.005 
131     h031    (0)    2 :  0.986 0.003 0.003 0.003 0.006 
132     h032    (0)    2 :  0.930 0.010 0.026 0.019 0.015 
133     h033    (0)    2 :  0.958 0.013 0.006 0.010 0.012 
134     h034    (0)    2 :  0.977 0.004 0.009 0.004 0.006 
135     h035    (0)    2 :  0.987 0.004 0.002 0.003 0.003 
136     h036    (0)    2 :  0.975 0.006 0.006 0.009 0.004 
137     h037    (0)    2 :  0.951 0.005 0.004 0.033 0.006 
138     h038    (0)    2 :  0.975 0.004 0.006 0.010 0.005 
139     h039    (0)    2 :  0.969 0.007 0.004 0.012 0.008 
140     h040    (0)    2 :  0.987 0.003 0.005 0.003 0.003 
141     h041    (0)    2 :  0.970 0.005 0.015 0.004 0.006 
142     h042    (0)    2 :  0.957 0.008 0.009 0.017 0.008 
143     h043    (0)    2 :  0.988 0.003 0.003 0.003 0.003 
144     h044    (0)    2 :  0.986 0.002 0.006 0.003 0.003 
145     h045    (0)    2 :  0.983 0.004 0.004 0.005 0.004 
146     h046    (0)    2 :  0.967 0.008 0.006 0.009 0.011 
147     h047    (0)    2 :  0.989 0.002 0.003 0.003 0.003 
148     h048    (0)    2 :  0.951 0.026 0.005 0.006 0.012 
149     h049    (0)    2 :  0.979 0.002 0.005 0.010 0.004 
150     h050    (0)    2 :  0.974 0.004 0.011 0.007 0.005 
151     h051    (0)    2 :  0.976 0.008 0.004 0.005 0.007 
152     h052    (0)    2 :  0.962 0.015 0.013 0.004 0.005 
153     h053    (0)    2 :  0.965 0.008 0.005 0.014 0.008 
154     h054    (0)    2 :  0.984 0.003 0.003 0.006 0.004 
155     h055    (0)    2 :  0.765 0.206 0.007 0.006 0.016 
156     h056    (0)    2 :  0.976 0.005 0.007 0.006 0.005 
157     h057    (0)    2 :  0.982 0.003 0.004 0.005 0.005 
158     h058    (0)    2 :  0.988 0.004 0.002 0.003 0.003 
159     h059    (0)    2 :  0.984 0.005 0.004 0.003 0.003 
160     h060    (0)    2 :  0.930 0.012 0.004 0.030 0.024 
161     h061    (0)    2 :  0.982 0.008 0.003 0.003 0.004 
162     h062    (0)    2 :  0.987 0.002 0.004 0.003 0.003 
163     h063    (0)    2 :  0.978 0.003 0.013 0.004 0.003 
164     h064    (0)    2 :  0.925 0.019 0.004 0.031 0.021 
165     h065    (0)    2 :  0.989 0.003 0.002 0.003 0.004 
166     h066    (0)    2 :  0.976 0.004 0.005 0.009 0.006 
167     h067    (0)    2 :  0.985 0.004 0.003 0.004 0.004 
168     h068    (0)    2 :  0.988 0.003 0.003 0.003 0.004 
169     h069    (0)    2 :  0.982 0.010 0.003 0.003 0.003 
170     h070    (0)    2 :  0.981 0.005 0.008 0.004 0.003 
171     h071    (0)    2 :  0.988 0.003 0.003 0.003 0.003 
172     h072    (0)    2 :  0.988 0.004 0.002 0.002 0.004 
173     h073    (0)    2 :  0.984 0.004 0.004 0.004 0.005 
174     h074    (0)    2 :  0.988 0.003 0.003 0.002 0.004 
175     h075    (0)    2 :  0.974 0.014 0.003 0.004 0.005 
176     h076    (0)    2 :  0.977 0.004 0.012 0.003 0.003 
177     h077    (0)    2 :  0.985 0.004 0.003 0.004 0.004 
178     h078    (0)    2 :  0.987 0.005 0.003 0.002 0.003 
179     h079    (0)    2 :  0.978 0.004 0.006 0.006 0.007 
180     h080    (0)    2 :  0.981 0.006 0.004 0.005 0.004 
181     h081    (0)    2 :  0.985 0.004 0.005 0.003 0.003 
182     h082    (0)    2 :  0.942 0.015 0.005 0.019 0.019 
183     h083    (0)    2 :  0.991 0.003 0.002 0.002 0.003 
184     h084    (0)    2 :  0.979 0.003 0.004 0.011 0.003 
185     h085    (0)    2 :  0.984 0.002 0.004 0.004 0.006 
186     h086    (0)    2 :  0.969 0.009 0.007 0.005 0.010 
187     h087    (0)    2 :  0.984 0.003 0.004 0.004 0.006 
188     h088    (0)    2 :  0.983 0.003 0.006 0.004 0.003 
189     h089    (0)    2 :  0.987 0.002 0.003 0.004 0.004 
190     h090    (0)    2 :  0.985 0.005 0.002 0.003 0.005 
191     h091    (0)    2 :  0.990 0.003 0.002 0.003 0.003 
192     h092    (0)    2 :  0.968 0.007 0.011 0.007 0.006 
193     h093    (0)    2 :  0.991 0.002 0.002 0.002 0.003 
194     h094    (0)    2 :  0.989 0.003 0.004 0.002 0.003 
195     h095    (0)    2 :  0.982 0.003 0.003 0.008 0.005 
196     h096    (0)    2 :  0.986 0.003 0.004 0.004 0.003 
197     h097    (0)    2 :  0.990 0.003 0.002 0.002 0.002 
198     h098    (0)    2 :  0.988 0.003 0.003 0.003 0.003 
199     h099    (0)    2 :  0.986 0.002 0.004 0.004 0.004 
200     h100    (0)    2 :  0.970 0.008 0.011 0.004 0.007 
201     h101    (0)    2 :  0.951 0.003 0.036 0.007 0.004 
202     h102    (0)    2 :  0.976 0.005 0.005 0.007 0.006 
203     h103    (0)    2 :  0.947 0.006 0.006 0.028 0.014 
204     h104    (0)    2 :  0.990 0.002 0.002 0.003 0.002 
205     h105    (0)    2 :  0.979 0.006 0.003 0.003 0.008 
206     h106    (0)    2 :  0.986 0.003 0.004 0.003 0.004 
207     h107    (0)    2 :  0.967 0.006 0.011 0.012 0.005 
208     h108    (0)    2 :  0.976 0.011 0.003 0.005 0.006 
209     h109    (0)    2 :  0.987 0.004 0.002 0.003 0.003 
210     h110    (0)    2 :  0.970 0.005 0.012 0.009 0.004 
211     h111    (0)    2 :  0.927 0.003 0.008 0.047 0.015 
212     h112    (0)    2 :  0.986 0.003 0.004 0.003 0.004 
213     h113    (0)    2 :  0.980 0.006 0.004 0.003 0.007 
214     h114    (0)    2 :  0.969 0.003 0.014 0.004 0.009 
215     h115    (0)    2 :  0.968 0.005 0.009 0.009 0.009 
216     h116    (0)    2 :  0.962 0.005 0.004 0.022 0.006 
217     h117    (0)    2 :  0.986 0.002 0.004 0.005 0.003 
218     h118    (0)    2 :  0.981 0.008 0.005 0.003 0.004 
219     h119    (0)    2 :  0.987 0.003 0.003 0.003 0.004 
220     h120    (0)    2 :  0.959 0.003 0.004 0.029 0.005 
221     h121    (0)    2 :  0.988 0.004 0.003 0.003 0.003 
222     h122    (0)    2 :  0.981 0.004 0.004 0.006 0.005 
223     h123    (0)    2 :  0.976 0.005 0.012 0.003 0.004 
224     h124    (0)    2 :  0.976 0.005 0.006 0.008 0.005 
225     h125    (0)    2 :  0.988 0.003 0.002 0.003 0.004 
226     h126    (0)    2 :  0.980 0.004 0.005 0.006 0.006 
227     h127    (0)    2 :  0.960 0.006 0.018 0.010 0.005 
228     h128    (0)    2 :  0.974 0.004 0.004 0.004 0.013 
229     h129    (0)    2 :  0.984 0.006 0.003 0.004 0.004 
230     h130    (0)    2 :  0.990 0.003 0.002 0.002 0.002 
231     h131    (0)    2 :  0.922 0.007 0.050 0.005 0.015 
232     h132    (0)    2 :  0.986 0.003 0.004 0.003 0.004 
233     h133    (0)    2 :  0.984 0.003 0.005 0.004 0.003 
234     h134    (0)    2 :  0.775 0.169 0.019 0.023 0.014 
235     h135    (0)    2 :  0.974 0.005 0.009 0.006 0.006 
236     h136    (0)    2 :  0.895 0.037 0.041 0.013 0.013 
237     h137    (0)    2 :  0.974 0.003 0.012 0.007 0.005 
238     h138    (0)    2 :  0.984 0.004 0.004 0.003 0.005 
239     h139    (0)    2 :  0.927 0.002 0.054 0.012 0.004 
240     h140    (0)    2 :  0.979 0.004 0.007 0.007 0.004 
241     h141    (0)    2 :  0.930 0.023 0.005 0.017 0.026 
242     h142    (0)    2 :  0.952 0.007 0.008 0.006 0.028 
243     h143    (0)    2 :  0.989 0.003 0.003 0.003 0.003 
244     h144    (0)    2 :  0.979 0.003 0.004 0.006 0.007 
245     h145    (0)    2 :  0.728 0.006 0.009 0.038 0.220 
246     h146    (0)    2 :  0.965 0.003 0.019 0.007 0.006 
247     h147    (0)    2 :  0.981 0.003 0.005 0.007 0.003 
248     h148    (0)    2 :  0.873 0.055 0.007 0.016 0.049 
249     h149    (0)    2 :  0.965 0.024 0.003 0.003 0.005 
250     h150    (0)    2 :  0.928 0.007 0.056 0.005 0.004 
251     h151    (0)    2 :  0.974 0.006 0.007 0.006 0.007 
252     h152    (0)    2 :  0.958 0.005 0.014 0.007 0.016 
253     h153    (0)    2 :  0.989 0.003 0.002 0.003 0.003 
254     h154    (0)    2 :  0.988 0.003 0.004 0.002 0.003 
255     h155    (0)    2 :  0.979 0.007 0.005 0.003 0.007 
256     h156    (0)    2 :  0.982 0.007 0.005 0.003 0.004 
257     h157    (0)    2 :  0.969 0.003 0.015 0.007 0.006 
258     h158    (0)    2 :  0.982 0.003 0.005 0.005 0.005 
259     h159    (0)    2 :  0.976 0.005 0.010 0.003 0.006 
260     h160    (0)    2 :  0.929 0.018 0.004 0.019 0.031 
261     h161    (0)    2 :  0.968 0.007 0.005 0.006 0.014 
262     h162    (0)    2 :  0.958 0.013 0.004 0.018 0.006 
263     h163    (0)    2 :  0.981 0.003 0.004 0.006 0.005 
264     h164    (0)    2 :  0.862 0.068 0.008 0.013 0.049 
265     h165    (0)    2 :  0.943 0.030 0.010 0.009 0.008 
266     h166    (0)    2 :  0.984 0.006 0.003 0.003 0.003 
267     h167    (0)    2 :  0.982 0.005 0.003 0.004 0.006 
268     h168    (0)    2 :  0.989 0.003 0.002 0.002 0.003 
269     h169    (0)    2 :  0.970 0.002 0.012 0.007 0.008 
270     h170    (0)    2 :  0.979 0.005 0.008 0.003 0.005 
271     h171    (0)    2 :  0.982 0.003 0.004 0.006 0.006 
272     h172    (0)    2 :  0.967 0.003 0.004 0.011 0.015 
273     h173    (0)    2 :  0.980 0.004 0.003 0.007 0.005 
274     h174    (0)    2 :  0.979 0.006 0.006 0.006 0.003 
275     h175    (0)    2 :  0.987 0.003 0.002 0.003 0.004 
276     h176    (0)    2 :  0.983 0.002 0.005 0.003 0.006 
277     h177    (0)    2 :  0.963 0.005 0.024 0.004 0.005 
278     h178    (0)    2 :  0.962 0.005 0.018 0.009 0.005 
279     h179    (0)    2 :  0.957 0.014 0.004 0.005 0.019 
280     h180    (0)    2 :  0.980 0.002 0.005 0.004 0.009 
281     h181    (0)    2 :  0.982 0.002 0.009 0.003 0.003 
282     h182    (0)    2 :  0.988 0.003 0.004 0.003 0.003 
283     h183    (0)    2 :  0.985 0.003 0.003 0.003 0.006 
284     h184    (0)    2 :  0.988 0.004 0.002 0.003 0.003 
285     h185    (0)    2 :  0.967 0.006 0.008 0.015 0.004 
286     h186    (0)    2 :  0.978 0.003 0.010 0.005 0.004 
287     h187    (0)    2 :  0.989 0.003 0.002 0.003 0.003 
288     h188    (0)    2 :  0.937 0.017 0.030 0.008 0.008 
289     h189    (0)    2 :  0.924 0.023 0.025 0.021 0.007 
290     h190    (0)    2 :  0.988 0.004 0.003 0.003 0.003 
291     h191    (0)    2 :  0.971 0.005 0.009 0.007 0.009 
292     h192    (0)    2 :  0.967 0.005 0.011 0.010 0.007 
293     h193    (0)    2 :  0.977 0.007 0.005 0.005 0.007 
294     h194    (0)    2 :  0.940 0.016 0.021 0.012 0.011 
295     h195    (0)    2 :  0.968 0.005 0.014 0.007 0.005 
296     h196    (0)    2 :  0.985 0.004 0.006 0.002 0.003 
297     h197    (0)    2 :  0.888 0.005 0.012 0.028 0.067 
298     h198    (0)    2 :  0.978 0.005 0.005 0.004 0.007 
299     h199    (0)    2 :  0.949 0.007 0.006 0.032 0.005 
300     h200    (0)    2 :  0.982 0.003 0.008 0.003 0.004 
301   MSV1TX    (5)    3 :  0.601 0.007 0.004 0.006 0.382 
302   MSV025    (0)    3 :  0.280 0.022 0.010 0.024 0.665 
303   MSV02C    (0)    3 :  0.511 0.028 0.023 0.035 0.402 
304   MSV02E    (5)    3 :  0.401 0.012 0.004 0.190 0.393 
305   MSV0TF    (5)    3 :  0.377 0.013 0.002 0.011 0.596 
306    M2EL8    (0)    3 :  0.294 0.048 0.017 0.022 0.620 
307   h00115    (0)    4 :  0.456 0.053 0.007 0.021 0.464 
308   h00215    (0)    4 :  0.541 0.023 0.064 0.006 0.367 
309   h00315    (0)    4 :  0.433 0.060 0.017 0.011 0.480 
310   h00415    (0)    4 :  0.338 0.004 0.006 0.045 0.607 
311   h00515    (0)    4 :  0.459 0.037 0.010 0.007 0.487 
312   h00615    (0)    4 :  0.350 0.018 0.006 0.005 0.622 
313   h00715    (0)    4 :  0.483 0.008 0.010 0.004 0.496 
314   h00815    (0)    4 :  0.460 0.003 0.012 0.004 0.521 
315   h00915    (0)    4 :  0.393 0.044 0.010 0.007 0.547 
316   h01015    (0)    4 :  0.538 0.004 0.005 0.003 0.450 
317   h01115    (0)    4 :  0.372 0.009 0.009 0.010 0.600 
318   h01215    (0)    4 :  0.394 0.006 0.003 0.007 0.591 
319   h01315    (0)    4 :  0.489 0.025 0.005 0.007 0.474 
320   h01415    (0)    4 :  0.452 0.011 0.003 0.007 0.527 
321   h01515    (0)    4 :  0.484 0.081 0.009 0.013 0.413 
322   h01615    (0)    4 :  0.502 0.006 0.007 0.020 0.465 
323   h01715    (0)    4 :  0.338 0.015 0.018 0.009 0.621 
324   h01815    (0)    4 :  0.387 0.010 0.008 0.012 0.583 
325   h01915    (0)    4 :  0.728 0.009 0.003 0.004 0.255 
326   h02015    (0)    4 :  0.627 0.104 0.003 0.016 0.250 
327   h02115    (0)    4 :  0.437 0.005 0.018 0.006 0.535 
328   h02215    (0)    4 :  0.354 0.012 0.005 0.008 0.621 
329   h02315    (0)    4 :  0.458 0.017 0.005 0.006 0.514 
330   h02415    (0)    4 :  0.408 0.006 0.010 0.010 0.566 
331   h02515    (0)    4 :  0.615 0.022 0.031 0.082 0.250 
332   h02615    (0)    4 :  0.505 0.030 0.003 0.024 0.438 
333   h02715    (0)    4 :  0.258 0.005 0.008 0.005 0.725 
334   h02815    (0)    4 :  0.577 0.016 0.018 0.091 0.299 
335   h02915    (0)    4 :  0.464 0.028 0.004 0.026 0.478 
336   h03015    (0)    4 :  0.445 0.005 0.015 0.007 0.528 
337   h03115    (0)    4 :  0.487 0.010 0.010 0.005 0.489 
338   h03215    (0)    4 :  0.534 0.005 0.013 0.049 0.399 
339   h03315    (0)    4 :  0.362 0.005 0.013 0.007 0.612 
340   h03415    (0)    4 :  0.407 0.006 0.005 0.004 0.578 
341   h03515    (0)    4 :  0.663 0.014 0.011 0.066 0.246 
342   h03615    (0)    4 :  0.428 0.009 0.008 0.007 0.547 
343   h03715    (0)    4 :  0.344 0.007 0.005 0.011 0.632 
344   h03815    (0)    4 :  0.441 0.015 0.007 0.012 0.526 
345   h03915    (0)    4 :  0.495 0.005 0.004 0.006 0.491 
346   h04015    (0)    4 :  0.330 0.010 0.013 0.020 0.627 
347   h04115    (0)    4 :  0.218 0.004 0.003 0.014 0.761 
348   h04215    (0)    4 :  0.301 0.003 0.006 0.012 0.679 
349   h04315    (0)    4 :  0.244 0.264 0.007 0.005 0.480 
350   h04415    (0)    4 :  0.570 0.009 0.003 0.016 0.402 
351   h04515    (0)    4 :  0.390 0.008 0.003 0.005 0.594 
352   h04615    (0)    4 :  0.475 0.010 0.003 0.005 0.507 
353   h04715    (0)    4 :  0.467 0.003 0.004 0.006 0.519 
354   h04815    (0)    4 :  0.520 0.014 0.004 0.011 0.452 
355   h04915    (0)    4 :  0.454 0.006 0.019 0.012 0.509 
356   h05015    (0)    4 :  0.472 0.007 0.004 0.005 0.512 
357   h05115    (0)    4 :  0.358 0.049 0.003 0.029 0.561 
358   h05215    (0)    4 :  0.596 0.008 0.003 0.027 0.366 
359   h05315    (0)    4 :  0.336 0.007 0.007 0.004 0.647 
360   h05415    (0)    4 :  0.458 0.004 0.004 0.006 0.529 
361   h05515    (0)    4 :  0.302 0.045 0.003 0.009 0.641 
362   h05615    (0)    4 :  0.509 0.009 0.004 0.004 0.474 
363   h05715    (0)    4 :  0.463 0.005 0.013 0.003 0.517 
364   h05815    (0)    4 :  0.454 0.025 0.015 0.013 0.493 
365   h05915    (0)    4 :  0.529 0.032 0.004 0.003 0.431 
366   h06015    (0)    4 :  0.572 0.027 0.006 0.114 0.280 
367   h06115    (0)    4 :  0.504 0.012 0.067 0.018 0.399 
368   h06215    (0)    4 :  0.546 0.005 0.004 0.003 0.443 
369   h06315    (0)    4 :  0.626 0.008 0.018 0.035 0.313 
370   h06415    (0)    4 :  0.409 0.025 0.010 0.007 0.549 
371   h06515    (0)    4 :  0.605 0.022 0.008 0.011 0.354 
372   h06615    (0)    4 :  0.348 0.058 0.006 0.018 0.570 
373   h06715    (0)    4 :  0.255 0.008 0.014 0.028 0.695 
374   h06815    (0)    4 :  0.482 0.028 0.003 0.016 0.472 
375   h06915    (0)    4 :  0.422 0.086 0.014 0.005 0.473 
376   h07015    (0)    4 :  0.579 0.065 0.009 0.119 0.229 
377   h07115    (0)    4 :  0.450 0.009 0.187 0.018 0.335 
378   h07215    (0)    4 :  0.088 0.034 0.004 0.015 0.859 
379   h07315    (0)    4 :  0.466 0.005 0.008 0.007 0.514 
380   h07415    (0)    4 :  0.451 0.004 0.003 0.003 0.538 
381   h07515    (0)    4 :  0.338 0.021 0.003 0.022 0.615 
382   h07615    (0)    4 :  0.585 0.003 0.004 0.007 0.400 
383   h07715    (0)    4 :  0.525 0.006 0.004 0.005 0.461 
384   h07815    (0)    4 :  0.353 0.014 0.004 0.588 0.041 
385   h07915    (0)    4 :  0.576 0.024 0.013 0.010 0.378 
386   h08015    (0)    4 :  0.334 0.006 0.007 0.028 0.624 
387   h08115    (0)    4 :  0.299 0.225 0.005 0.014 0.457 
388   h08215    (0)    4 :  0.516 0.004 0.006 0.008 0.466 
389   h08315    (0)    4 :  0.593 0.004 0.004 0.014 0.386 
390   h08415    (0)    4 :  0.298 0.004 0.012 0.009 0.678 
391   h08515    (0)    4 :  0.412 0.098 0.012 0.013 0.466 
392   h08615    (0)    4 :  0.426 0.024 0.068 0.005 0.477 
393   h08715    (0)    4 :  0.632 0.126 0.004 0.026 0.212 
394   h08815    (0)    4 :  0.304 0.013 0.004 0.007 0.672 
395   h08915    (0)    4 :  0.426 0.114 0.003 0.005 0.452 
396   h09015    (0)    4 :  0.340 0.005 0.006 0.006 0.643 
397   h09115    (0)    4 :  0.533 0.025 0.010 0.007 0.425 
398   h09215    (0)    4 :  0.527 0.005 0.006 0.004 0.458 
399   h09315    (0)    4 :  0.372 0.152 0.016 0.009 0.451 
400   h09415    (0)    4 :  0.675 0.005 0.004 0.006 0.310 
401   h09515    (0)    4 :  0.553 0.005 0.005 0.005 0.432 
402   h09615    (0)    4 :  0.334 0.005 0.003 0.009 0.649 
403   h09715    (0)    4 :  0.600 0.004 0.004 0.009 0.382 
404   h09815    (0)    4 :  0.609 0.013 0.008 0.036 0.334 
405   h09915    (0)    4 :  0.296 0.009 0.010 0.022 0.663 
406   h10015    (0)    4 :  0.315 0.012 0.006 0.009 0.658 
407   h00131    (0)    5 :  0.418 0.005 0.033 0.026 0.519 
408   h00231    (0)    5 :  0.534 0.009 0.010 0.019 0.429 
409   h00331    (0)    5 :  0.429 0.016 0.012 0.109 0.434 
410   h00431    (0)    5 :  0.490 0.006 0.004 0.017 0.484 
411   h00531    (0)    5 :  0.146 0.003 0.003 0.009 0.838 
412   h00631    (0)    5 :  0.520 0.018 0.012 0.016 0.435 
413   h00731    (0)    5 :  0.469 0.007 0.092 0.009 0.423 
414   h00831    (0)    5 :  0.536 0.004 0.051 0.024 0.386 
415   h00931    (0)    5 :  0.492 0.014 0.003 0.010 0.482 
416   h01031    (0)    5 :  0.516 0.004 0.013 0.007 0.460 
417   h01131    (0)    5 :  0.624 0.004 0.005 0.004 0.362 
418   h01231    (0)    5 :  0.475 0.040 0.006 0.007 0.472 
419   h01331    (0)    5 :  0.566 0.003 0.004 0.003 0.424 
420   h01431    (0)    5 :  0.346 0.004 0.009 0.009 0.631 
421   h01531    (0)    5 :  0.335 0.005 0.006 0.010 0.645 
422   h01631    (0)    5 :  0.581 0.028 0.012 0.030 0.348 
423   h01731    (0)    5 :  0.285 0.003 0.003 0.009 0.700 
424   h01831    (0)    5 :  0.381 0.004 0.011 0.006 0.599 
425   h01931    (0)    5 :  0.359 0.004 0.015 0.007 0.614 
426   h02031    (0)    5 :  0.437 0.022 0.010 0.209 0.322 
427   h02131    (0)    5 :  0.387 0.004 0.008 0.021 0.581 
428   h02231    (0)    5 :  0.107 0.005 0.079 0.013 0.794 
429   h02331    (0)    5 :  0.541 0.007 0.004 0.005 0.443 
430   h02431    (0)    5 :  0.507 0.005 0.055 0.005 0.428 
431   h02531    (0)    5 :  0.467 0.008 0.010 0.021 0.494 
432   h02631    (0)    5 :  0.431 0.004 0.005 0.003 0.558 
433   h02731    (0)    5 :  0.376 0.037 0.004 0.040 0.543 
434   h02831    (0)    5 :  0.663 0.042 0.007 0.007 0.282 
435   h02931    (0)    5 :  0.642 0.003 0.049 0.043 0.264 
436   h03031    (0)    5 :  0.455 0.004 0.010 0.006 0.524 
437   h03131    (0)    5 :  0.446 0.010 0.015 0.005 0.524 
438   h03231    (0)    5 :  0.480 0.021 0.047 0.028 0.424 
439   h03331    (0)    5 :  0.500 0.036 0.007 0.053 0.404 
440   h03431    (0)    5 :  0.650 0.074 0.005 0.009 0.262 
441   h03531    (0)    5 :  0.491 0.006 0.006 0.103 0.394 
442   h03631    (0)    5 :  0.454 0.007 0.005 0.004 0.529 
443   h03731    (0)    5 :  0.468 0.004 0.031 0.015 0.481 
444   h03831    (0)    5 :  0.493 0.008 0.008 0.037 0.454 
445   h03931    (0)    5 :  0.434 0.004 0.004 0.031 0.527 
446   h04031    (0)    5 :  0.343 0.007 0.065 0.023 0.562 
447   h04131    (0)    5 :  0.112 0.004 0.006 0.014 0.864 
448   h04231    (0)    5 :  0.567 0.088 0.025 0.017 0.303 
449   h04331    (0)    5 :  0.521 0.003 0.006 0.405 0.064 
450   h04431    (0)    5 :  0.586 0.020 0.009 0.012 0.374 
451   h04531    (0)    5 :  0.498 0.003 0.004 0.005 0.491 
452   h04631    (0)    5 :  0.462 0.005 0.011 0.048 0.474 
453   h04731    (0)    5 :  0.622 0.003 0.008 0.006 0.360 
454   h04831    (0)    5 :  0.489 0.005 0.012 0.007 0.487 
455   h04931    (0)    5 :  0.401 0.003 0.008 0.014 0.574 
456   h05031    (0)    5 :  0.493 0.007 0.003 0.014 0.483 
457   h05131    (0)    5 :  0.508 0.007 0.020 0.009 0.456 
458   h05231    (0)    5 :  0.537 0.005 0.024 0.304 0.129 
459   h05331    (0)    5 :  0.723 0.008 0.007 0.004 0.258 
460   h05431    (0)    5 :  0.579 0.010 0.008 0.026 0.377 
461   h05531    (0)    5 :  0.329 0.106 0.004 0.015 0.546 
462   h05631    (0)    5 :  0.418 0.007 0.011 0.004 0.561 
463   h05731    (0)    5 :  0.605 0.005 0.004 0.009 0.377 
464   h05831    (0)    5 :  0.487 0.003 0.011 0.024 0.475 
465   h05931    (0)    5 :  0.434 0.004 0.008 0.067 0.486 
466   h06031    (0)    5 :  0.497 0.004 0.005 0.005 0.489 
467   h06131    (0)    5 :  0.443 0.002 0.039 0.015 0.500 
468   h06231    (0)    5 :  0.565 0.005 0.005 0.010 0.415 
469   h06331    (0)    5 :  0.529 0.003 0.021 0.209 0.239 
470   h06431    (0)    5 :  0.700 0.003 0.009 0.004 0.284 
471   h06531    (0)    5 :  0.379 0.006 0.023 0.025 0.567 
472   h06631    (0)    5 :  0.479 0.005 0.006 0.005 0.504 
473   h06731    (0)    5 :  0.520 0.004 0.008 0.006 0.463 
474   h06831    (0)    5 :  0.368 0.004 0.013 0.004 0.611 
475   h06931    (0)    5 :  0.575 0.012 0.011 0.005 0.397 
476   h07031    (0)    5 :  0.338 0.005 0.005 0.011 0.642 
477   h07131    (0)    5 :  0.731 0.003 0.016 0.024 0.225 
478   h07231    (0)    5 :  0.470 0.003 0.004 0.010 0.513 
479   h07331    (0)    5 :  0.483 0.007 0.016 0.007 0.487 
480   h07431    (0)    5 :  0.362 0.011 0.006 0.022 0.599 
481   h07531    (0)    5 :  0.533 0.010 0.003 0.005 0.450 
482   h07631    (0)    5 :  0.417 0.005 0.008 0.035 0.535 
483   h07731    (0)    5 :  0.215 0.003 0.006 0.012 0.764 
484   h07831    (0)    5 :  0.423 0.003 0.006 0.010 0.557 
485   h07931    (0)    5 :  0.510 0.003 0.011 0.011 0.465 
486   h08031    (0)    5 :  0.338 0.008 0.005 0.016 0.633 
487   h08131    (0)    5 :  0.610 0.012 0.005 0.077 0.297 
488   h08231    (0)    5 :  0.375 0.033 0.004 0.016 0.572 
489   h08331    (0)    5 :  0.597 0.005 0.011 0.022 0.364 
490   h08431    (0)    5 :  0.283 0.005 0.004 0.010 0.698 
491   h08531    (0)    5 :  0.436 0.005 0.005 0.009 0.545 
492   h08631    (0)    5 :  0.494 0.006 0.004 0.005 0.491 
493   h08731    (0)    5 :  0.521 0.012 0.006 0.019 0.442 
494   h08831    (0)    5 :  0.639 0.007 0.023 0.024 0.307 
495   h08931    (0)    5 :  0.558 0.003 0.007 0.011 0.420 
496   h09031    (0)    5 :  0.385 0.009 0.008 0.004 0.594 
497   h09131    (0)    5 :  0.640 0.004 0.010 0.014 0.332 
498   h09231    (0)    5 :  0.486 0.003 0.004 0.010 0.497 
499   h09331    (0)    5 :  0.551 0.010 0.007 0.010 0.423 
500   h09431    (0)    5 :  0.596 0.002 0.006 0.004 0.391 
501   h09531    (0)    5 :  0.277 0.009 0.006 0.003 0.705 
502   h09631    (0)    5 :  0.400 0.008 0.007 0.079 0.506 
503   h09731    (0)    5 :  0.570 0.010 0.003 0.063 0.354 
504   h09831    (0)    5 :  0.693 0.018 0.008 0.133 0.148 
505   h09931    (0)    5 :  0.530 0.030 0.006 0.012 0.422 
506   h10031    (0)    5 :  0.550 0.003 0.015 0.005 0.426 
507    h0016    (0)    6 :  0.482 0.494 0.008 0.005 0.011 
508    h0026    (0)    6 :  0.517 0.392 0.008 0.022 0.061 
509    h0036    (0)    6 :  0.401 0.506 0.005 0.004 0.084 
510    h0046    (0)    6 :  0.552 0.435 0.004 0.004 0.005 
511    h0056    (0)    6 :  0.314 0.587 0.090 0.002 0.007 
512    h0066    (0)    6 :  0.570 0.410 0.004 0.005 0.011 
513    h0076    (0)    6 :  0.494 0.463 0.011 0.021 0.010 
514    h0086    (0)    6 :  0.450 0.530 0.005 0.006 0.009 
515    h0096    (0)    6 :  0.590 0.391 0.005 0.007 0.006 
516    h0106    (0)    6 :  0.508 0.479 0.004 0.003 0.005 
517    h0116    (0)    6 :  0.413 0.571 0.004 0.009 0.004 
518    h0126    (0)    6 :  0.510 0.473 0.004 0.007 0.006 
519    h0136    (0)    6 :  0.434 0.549 0.003 0.009 0.005 
520    h0146    (0)    6 :  0.556 0.414 0.007 0.012 0.011 
521    h0156    (0)    6 :  0.451 0.458 0.022 0.044 0.025 
522    h0166    (0)    6 :  0.369 0.595 0.004 0.007 0.025 
523    h0176    (0)    6 :  0.530 0.395 0.037 0.013 0.026 
524    h0186    (0)    6 :  0.674 0.313 0.004 0.003 0.005 
525    h0196    (0)    6 :  0.423 0.560 0.005 0.006 0.006 
526    h0206    (0)    6 :  0.457 0.521 0.004 0.008 0.009 
527    h0216    (0)    6 :  0.503 0.462 0.006 0.013 0.016 
528    h0226    (0)    6 :  0.408 0.579 0.004 0.005 0.004 
529    h0236    (0)    6 :  0.504 0.461 0.004 0.007 0.024 
530    h0246    (0)    6 :  0.652 0.326 0.005 0.007 0.010 
531    h0256    (0)    6 :  0.435 0.545 0.004 0.009 0.008 
532    h0266    (0)    6 :  0.398 0.593 0.003 0.003 0.003 
533    h0276    (0)    6 :  0.528 0.407 0.037 0.016 0.013 
534    h0286    (0)    6 :  0.375 0.612 0.002 0.005 0.006 
535    h0296    (0)    6 :  0.399 0.583 0.008 0.004 0.006 
536    h0306    (0)    6 :  0.495 0.489 0.003 0.009 0.004 
537    h0316    (0)    6 :  0.407 0.577 0.006 0.004 0.006 
538    h0326    (0)    6 :  0.548 0.415 0.003 0.023 0.010 
539    h0336    (0)    6 :  0.489 0.482 0.005 0.015 0.008 
540    h0346    (0)    6 :  0.458 0.529 0.003 0.004 0.006 
541    h0356    (0)    6 :  0.441 0.537 0.003 0.007 0.012 
542    h0366    (0)    6 :  0.497 0.483 0.003 0.005 0.012 
543    h0376    (0)    6 :  0.576 0.408 0.005 0.006 0.005 
544    h0386    (0)    6 :  0.541 0.434 0.005 0.015 0.005 
545    h0396    (0)    6 :  0.401 0.547 0.007 0.037 0.009 
546    h0406    (0)    6 :  0.680 0.309 0.003 0.003 0.004 
547    h0416    (0)    6 :  0.373 0.572 0.014 0.032 0.009 
548    h0426    (0)    6 :  0.504 0.486 0.003 0.003 0.004 
549    h0436    (0)    6 :  0.469 0.520 0.002 0.003 0.005 
550    h0446    (0)    6 :  0.583 0.407 0.003 0.002 0.004 
551    h0456    (0)    6 :  0.400 0.574 0.010 0.011 0.005 
552    h0466    (0)    6 :  0.529 0.459 0.003 0.004 0.005 
553    h0476    (0)    6 :  0.536 0.452 0.004 0.004 0.004 
554    h0486    (0)    6 :  0.445 0.515 0.032 0.002 0.006 
555    h0496    (0)    6 :  0.468 0.524 0.002 0.002 0.004 
556    h0506    (0)    6 :  0.454 0.444 0.053 0.030 0.019 
557    h0516    (0)    6 :  0.552 0.436 0.003 0.004 0.006 
558    h0526    (0)    6 :  0.451 0.498 0.012 0.009 0.030 
559    h0536    (0)    6 :  0.513 0.426 0.010 0.016 0.035 
560    h0546    (0)    6 :  0.180 0.603 0.011 0.076 0.130 
561    h0556    (0)    6 :  0.471 0.515 0.007 0.002 0.005 
562    h0566    (0)    6 :  0.475 0.509 0.003 0.006 0.007 
563    h0576    (0)    6 :  0.463 0.508 0.015 0.007 0.007 
564    h0586    (0)    6 :  0.485 0.486 0.007 0.008 0.014 
565    h0596    (0)    6 :  0.520 0.458 0.003 0.006 0.014 
566    h0606    (0)    6 :  0.499 0.411 0.004 0.036 0.050 
567    h0616    (0)    6 :  0.412 0.579 0.003 0.003 0.004 
568    h0626    (0)    6 :  0.613 0.379 0.003 0.002 0.002 
569    h0636    (0)    6 :  0.379 0.593 0.005 0.010 0.012 
570    h0646    (0)    6 :  0.539 0.448 0.003 0.003 0.006 
571    h0656    (0)    6 :  0.583 0.398 0.008 0.005 0.007 
572    h0666    (0)    6 :  0.404 0.575 0.007 0.005 0.009 
573    h0676    (0)    6 :  0.522 0.456 0.003 0.003 0.016 
574    h0686    (0)    6 :  0.355 0.610 0.006 0.018 0.011 
575    h0696    (0)    6 :  0.438 0.537 0.003 0.008 0.013 
576    h0706    (0)    6 :  0.391 0.596 0.004 0.006 0.003 
577    h0716    (0)    6 :  0.547 0.426 0.016 0.005 0.006 
578    h0726    (0)    6 :  0.472 0.499 0.005 0.004 0.021 
579    h0736    (0)    6 :  0.497 0.490 0.004 0.005 0.005 
580    h0746    (0)    6 :  0.522 0.461 0.006 0.005 0.006 
581    h0756    (0)    6 :  0.570 0.414 0.006 0.003 0.006 
582    h0766    (0)    6 :  0.505 0.415 0.017 0.024 0.038 
583    h0776    (0)    6 :  0.474 0.487 0.026 0.005 0.007 
584    h0786    (0)    6 :  0.643 0.313 0.015 0.009 0.020 
585    h0796    (0)    6 :  0.527 0.447 0.003 0.008 0.014 
586    h0806    (0)    6 :  0.526 0.446 0.006 0.005 0.016 
587    h0816    (0)    6 :  0.554 0.434 0.004 0.004 0.005 
588    h0826    (0)    6 :  0.613 0.353 0.004 0.023 0.008 
589    h0836    (0)    6 :  0.541 0.438 0.013 0.004 0.005 
590    h0846    (0)    6 :  0.426 0.505 0.004 0.009 0.056 
591    h0856    (0)    6 :  0.512 0.451 0.007 0.011 0.020 
592    h0866    (0)    6 :  0.387 0.598 0.004 0.004 0.008 
593    h0876    (0)    6 :  0.586 0.393 0.008 0.005 0.008 
594    h0886    (0)    6 :  0.611 0.309 0.008 0.020 0.051 
595    h0896    (0)    6 :  0.579 0.391 0.012 0.006 0.012 
596    h0906    (0)    6 :  0.268 0.698 0.019 0.007 0.008 
597    h0916    (0)    6 :  0.475 0.501 0.013 0.005 0.005 
598    h0926    (0)    6 :  0.323 0.666 0.002 0.005 0.004 
599    h0936    (0)    6 :  0.450 0.535 0.002 0.004 0.009 
600    h0946    (0)    6 :  0.447 0.539 0.005 0.003 0.006 
601    h0956    (0)    6 :  0.553 0.397 0.010 0.033 0.008 
602    h0966    (0)    6 :  0.477 0.440 0.042 0.023 0.018 
603    h0976    (0)    6 :  0.509 0.469 0.002 0.014 0.004 
604    h0986    (0)    6 :  0.399 0.583 0.004 0.007 0.007 
605    h0996    (0)    6 :  0.403 0.582 0.002 0.007 0.007 
606    h1006    (0)    6 :  0.564 0.424 0.004 0.003 0.005 
607    h0019    (0)    7 :  0.352 0.030 0.541 0.049 0.027 
608    h0029    (0)    7 :  0.250 0.005 0.734 0.006 0.006 
609    h0039    (0)    7 :  0.390 0.019 0.519 0.055 0.016 
610    h0049    (0)    7 :  0.421 0.003 0.567 0.006 0.004 
611    h0059    (0)    7 :  0.491 0.007 0.470 0.014 0.019 
612    h0069    (0)    7 :  0.399 0.005 0.587 0.005 0.003 
613    h0079    (0)    7 :  0.487 0.013 0.488 0.007 0.005 
614    h0089    (0)    7 :  0.432 0.003 0.554 0.005 0.006 
615    h0099    (0)    7 :  0.514 0.005 0.466 0.007 0.008 
616    h0109    (0)    7 :  0.395 0.018 0.576 0.008 0.004 
617    h0119    (0)    7 :  0.533 0.004 0.454 0.004 0.004 
618    h0129    (0)    7 :  0.584 0.004 0.404 0.003 0.005 
619    h0139    (0)    7 :  0.277 0.004 0.694 0.009 0.017 
620    h0149    (0)    7 :  0.518 0.005 0.466 0.006 0.006 
621    h0159    (0)    7 :  0.377 0.010 0.600 0.005 0.008 
622    h0169    (0)    7 :  0.543 0.003 0.431 0.018 0.005 
623    h0179    (0)    7 :  0.461 0.005 0.526 0.003 0.004 
624    h0189    (0)    7 :  0.437 0.003 0.552 0.004 0.004 
625    h0199    (0)    7 :  0.473 0.003 0.511 0.004 0.009 
626    h0209    (0)    7 :  0.451 0.022 0.471 0.047 0.010 
627    h0219    (0)    7 :  0.406 0.009 0.570 0.003 0.013 
628    h0229    (0)    7 :  0.537 0.004 0.451 0.003 0.005 
629    h0239    (0)    7 :  0.391 0.004 0.598 0.003 0.004 
630    h0249    (0)    7 :  0.580 0.012 0.399 0.005 0.004 
631    h0259    (0)    7 :  0.474 0.003 0.502 0.007 0.013 
632    h0269    (0)    7 :  0.563 0.005 0.411 0.017 0.004 
633    h0279    (0)    7 :  0.709 0.002 0.277 0.005 0.007 
634    h0289    (0)    7 :  0.521 0.005 0.453 0.014 0.006 
635    h0299    (0)    7 :  0.440 0.007 0.545 0.004 0.004 
636    h0309    (0)    7 :  0.447 0.005 0.534 0.007 0.008 
637    h0319    (0)    7 :  0.435 0.003 0.553 0.006 0.003 
638    h0329    (0)    7 :  0.493 0.004 0.495 0.005 0.004 
639    h0339    (0)    7 :  0.498 0.007 0.481 0.010 0.004 
640    h0349    (0)    7 :  0.470 0.004 0.518 0.004 0.005 
641    h0359    (0)    7 :  0.302 0.006 0.680 0.007 0.005 
642    h0369    (0)    7 :  0.522 0.002 0.469 0.004 0.003 
643    h0379    (0)    7 :  0.506 0.004 0.474 0.011 0.005 
644    h0389    (0)    7 :  0.451 0.006 0.524 0.010 0.010 
645    h0399    (0)    7 :  0.480 0.003 0.507 0.005 0.005 
646    h0409    (0)    7 :  0.476 0.002 0.510 0.005 0.007 
647    h0419    (0)    7 :  0.500 0.008 0.474 0.007 0.012 
648    h0429    (0)    7 :  0.497 0.010 0.455 0.025 0.013 
649    h0439    (0)    7 :  0.464 0.014 0.504 0.010 0.008 
650    h0449    (0)    7 :  0.549 0.004 0.433 0.008 0.006 
651    h0459    (0)    7 :  0.450 0.005 0.531 0.007 0.007 
652    h0469    (0)    7 :  0.623 0.003 0.366 0.004 0.004 
653    h0479    (0)    7 :  0.492 0.002 0.500 0.003 0.003 
654    h0489    (0)    7 :  0.389 0.003 0.602 0.004 0.003 
655    h0499    (0)    7 :  0.548 0.011 0.428 0.007 0.005 
656    h0509    (0)    7 :  0.443 0.012 0.533 0.008 0.004 
657    h0519    (0)    7 :  0.620 0.005 0.356 0.014 0.005 
658    h0529    (0)    7 :  0.563 0.006 0.417 0.006 0.008 
659    h0539    (0)    7 :  0.596 0.007 0.386 0.006 0.005 
660    h0549    (0)    7 :  0.373 0.019 0.589 0.006 0.012 
661    h0559    (0)    7 :  0.488 0.020 0.468 0.009 0.015 
662    h0569    (0)    7 :  0.581 0.004 0.405 0.006 0.004 
663    h0579    (0)    7 :  0.412 0.005 0.568 0.008 0.007 
664    h0589    (0)    7 :  0.373 0.005 0.605 0.006 0.011 
665    h0599    (0)    7 :  0.495 0.010 0.409 0.033 0.053 
666    h0609    (0)    7 :  0.496 0.005 0.488 0.007 0.003 
667    h0619    (0)    7 :  0.444 0.007 0.539 0.006 0.004 
668    h0629    (0)    7 :  0.142 0.029 0.564 0.014 0.251 
669    h0639    (0)    7 :  0.486 0.003 0.499 0.003 0.009 
670    h0649    (0)    7 :  0.613 0.003 0.379 0.003 0.003 
671    h0659    (0)    7 :  0.434 0.003 0.555 0.003 0.005 
672    h0669    (0)    7 :  0.527 0.004 0.442 0.015 0.012 
673    h0679    (0)    7 :  0.402 0.003 0.588 0.003 0.004 
674    h0689    (0)    7 :  0.465 0.005 0.519 0.006 0.004 
675    h0699    (0)    7 :  0.427 0.007 0.560 0.003 0.003 
676    h0709    (0)    7 :  0.601 0.002 0.386 0.005 0.006 
677    h0719    (0)    7 :  0.508 0.003 0.457 0.027 0.005 
678    h0729    (0)    7 :  0.323 0.004 0.600 0.061 0.012 
679    h0739    (0)    7 :  0.359 0.039 0.585 0.010 0.007 
680    h0749    (0)    7 :  0.427 0.006 0.538 0.010 0.019 
681    h0759    (0)    7 :  0.472 0.003 0.451 0.025 0.049 
682    h0769    (0)    7 :  0.460 0.004 0.524 0.006 0.006 
683    h0779    (0)    7 :  0.509 0.004 0.480 0.004 0.004 
684    h0789    (0)    7 :  0.581 0.008 0.399 0.008 0.004 
685    h0799    (0)    7 :  0.291 0.003 0.700 0.003 0.003 
686    h0809    (0)    7 :  0.432 0.007 0.550 0.005 0.007 
687    h0819    (0)    7 :  0.439 0.003 0.548 0.005 0.005 
688    h0829    (0)    7 :  0.515 0.003 0.476 0.002 0.003 
689    h0839    (0)    7 :  0.555 0.022 0.373 0.016 0.034 
690    h0849    (0)    7 :  0.347 0.005 0.619 0.005 0.024 
691    h0859    (0)    7 :  0.540 0.002 0.450 0.004 0.003 
692    h0869    (0)    7 :  0.380 0.003 0.591 0.011 0.015 
693    h0879    (0)    7 :  0.453 0.009 0.519 0.008 0.012 
694    h0889    (0)    7 :  0.445 0.004 0.515 0.033 0.005 
695    h0899    (0)    7 :  0.491 0.004 0.496 0.004 0.005 
696    h0909    (0)    7 :  0.528 0.002 0.462 0.004 0.003 
697    h0919    (0)    7 :  0.545 0.003 0.435 0.012 0.005 
698    h0929    (0)    7 :  0.379 0.006 0.607 0.004 0.004 
699    h0939    (0)    7 :  0.357 0.004 0.628 0.007 0.004 
700    h0949    (0)    7 :  0.581 0.007 0.399 0.008 0.005 
701    h0959    (0)    7 :  0.488 0.003 0.503 0.004 0.003 
702    h0969    (0)    7 :  0.418 0.003 0.571 0.004 0.004 
703    h0979    (0)    7 :  0.553 0.004 0.429 0.009 0.005 
704    h0989    (0)    7 :  0.446 0.006 0.535 0.005 0.008 
705    h0999    (0)    7 :  0.420 0.007 0.555 0.004 0.014 
706    h1009    (0)    7 :  0.454 0.004 0.532 0.005 0.005 
707   h00112    (0)    8 :  0.296 0.035 0.006 0.649 0.013 
708   h00212    (0)    8 :  0.191 0.004 0.021 0.761 0.022 
709   h00312    (0)    8 :  0.667 0.012 0.002 0.312 0.007 
710   h00412    (0)    8 :  0.410 0.006 0.007 0.571 0.006 
711   h00512    (0)    8 :  0.487 0.023 0.005 0.478 0.007 
712   h00612    (0)    8 :  0.318 0.004 0.006 0.667 0.005 
713   h00712    (0)    8 :  0.352 0.007 0.005 0.629 0.008 
714   h00812    (0)    8 :  0.506 0.007 0.004 0.472 0.011 
715   h00912    (0)    8 :  0.671 0.005 0.008 0.307 0.008 
716   h01012    (0)    8 :  0.452 0.009 0.021 0.509 0.009 
717   h01112    (0)    8 :  0.345 0.006 0.029 0.602 0.017 
718   h01212    (0)    8 :  0.449 0.006 0.005 0.534 0.006 
719   h01312    (0)    8 :  0.428 0.026 0.003 0.531 0.012 
720   h01412    (0)    8 :  0.531 0.003 0.005 0.457 0.004 
721   h01512    (0)    8 :  0.294 0.003 0.004 0.694 0.005 
722   h01612    (0)    8 :  0.471 0.006 0.006 0.506 0.010 
723   h01712    (0)    8 :  0.425 0.006 0.007 0.541 0.022 
724   h01812    (0)    8 :  0.383 0.004 0.010 0.575 0.028 
725   h01912    (0)    8 :  0.520 0.012 0.006 0.452 0.009 
726   h02012    (0)    8 :  0.453 0.004 0.011 0.522 0.010 
727   h02112    (0)    8 :  0.435 0.002 0.003 0.555 0.004 
728   h02212    (0)    8 :  0.339 0.005 0.008 0.612 0.037 
729   h02312    (0)    8 :  0.487 0.005 0.004 0.499 0.005 
730   h02412    (0)    8 :  0.607 0.003 0.008 0.374 0.007 
731   h02512    (0)    8 :  0.348 0.004 0.003 0.641 0.004 
732   h02612    (0)    8 :  0.435 0.010 0.004 0.541 0.010 
733   h02712    (0)    8 :  0.447 0.016 0.005 0.519 0.014 
734   h02812    (0)    8 :  0.651 0.006 0.004 0.331 0.008 
735   h02912    (0)    8 :  0.325 0.012 0.010 0.643 0.010 
736   h03012    (0)    8 :  0.338 0.011 0.013 0.627 0.012 
737   h03112    (0)    8 :  0.451 0.004 0.035 0.494 0.017 
738   h03212    (0)    8 :  0.465 0.006 0.010 0.512 0.007 
739   h03312    (0)    8 :  0.513 0.002 0.007 0.472 0.006 
740   h03412    (0)    8 :  0.454 0.004 0.006 0.529 0.007 
741   h03512    (0)    8 :  0.352 0.004 0.009 0.629 0.006 
742   h03612    (0)    8 :  0.386 0.004 0.007 0.574 0.030 
743   h03712    (0)    8 :  0.469 0.015 0.076 0.390 0.050 
744   h03812    (0)    8 :  0.439 0.009 0.011 0.532 0.009 
745   h03912    (0)    8 :  0.478 0.034 0.011 0.468 0.008 
746   h04012    (0)    8 :  0.548 0.004 0.011 0.320 0.117 
747   h04112    (0)    8 :  0.456 0.010 0.004 0.512 0.017 
748   h04212    (0)    8 :  0.343 0.033 0.005 0.589 0.030 
749   h04312    (0)    8 :  0.624 0.038 0.088 0.043 0.207 
750   h04412    (0)    8 :  0.433 0.004 0.012 0.544 0.008 
751   h04512    (0)    8 :  0.521 0.011 0.046 0.400 0.023 
752   h04612    (0)    8 :  0.478 0.006 0.004 0.465 0.047 
753   h04712    (0)    8 :  0.524 0.002 0.006 0.463 0.004 
754   h04812    (0)    8 :  0.233 0.010 0.004 0.744 0.010 
755   h04912    (0)    8 :  0.409 0.002 0.011 0.575 0.003 
756   h05012    (0)    8 :  0.426 0.008 0.008 0.551 0.006 
757   h05112    (0)    8 :  0.481 0.004 0.013 0.497 0.006 
758   h05212    (0)    8 :  0.298 0.008 0.007 0.676 0.010 
759   h05312    (0)    8 :  0.571 0.011 0.007 0.333 0.077 
760   h05412    (0)    8 :  0.611 0.011 0.011 0.325 0.042 
761   h05512    (0)    8 :  0.474 0.003 0.011 0.505 0.007 
762   h05612    (0)    8 :  0.563 0.035 0.006 0.369 0.027 
763   h05712    (0)    8 :  0.479 0.017 0.014 0.482 0.009 
764   h05812    (0)    8 :  0.383 0.011 0.013 0.585 0.008 
765   h05912    (0)    8 :  0.535 0.004 0.028 0.427 0.006 
766   h06012    (0)    8 :  0.618 0.003 0.003 0.370 0.006 
767   h06112    (0)    8 :  0.424 0.005 0.004 0.560 0.007 
768   h06212    (0)    8 :  0.412 0.160 0.004 0.410 0.014 
769   h06312    (0)    8 :  0.473 0.005 0.004 0.487 0.031 
770   h06412    (0)    8 :  0.322 0.007 0.008 0.650 0.014 
771   h06512    (0)    8 :  0.557 0.016 0.004 0.409 0.014 
772   h06612    (0)    8 :  0.527 0.003 0.010 0.453 0.007 
773   h06712    (0)    8 :  0.405 0.003 0.026 0.559 0.006 
774   h06812    (0)    8 :  0.359 0.009 0.009 0.428 0.194 
775   h06912    (0)    8 :  0.471 0.010 0.004 0.500 0.014 
776   h07012    (0)    8 :  0.420 0.007 0.005 0.556 0.010 
777   h07112    (0)    8 :  0.480 0.005 0.004 0.502 0.008 
778   h07212    (0)    8 :  0.501 0.007 0.012 0.476 0.004 
779   h07312    (0)    8 :  0.402 0.009 0.018 0.563 0.008 
780   h07412    (0)    8 :  0.314 0.048 0.004 0.599 0.034 
781   h07512    (0)    8 :  0.486 0.008 0.003 0.493 0.010 
782   h07612    (0)    8 :  0.464 0.003 0.038 0.488 0.006 
783   h07712    (0)    8 :  0.547 0.007 0.005 0.433 0.008 
784   h07812    (0)    8 :  0.579 0.004 0.007 0.404 0.006 
785   h07912    (0)    8 :  0.665 0.029 0.006 0.261 0.039 
786   h08012    (0)    8 :  0.679 0.010 0.004 0.296 0.011 
787   h08112    (0)    8 :  0.408 0.015 0.009 0.556 0.012 
788   h08212    (0)    8 :  0.492 0.108 0.004 0.382 0.015 
789   h08312    (0)    8 :  0.556 0.079 0.004 0.346 0.015 
790   h08412    (0)    8 :  0.508 0.019 0.007 0.454 0.011 
791   h08512    (0)    8 :  0.337 0.008 0.005 0.639 0.011 
792   h08612    (0)    8 :  0.295 0.005 0.003 0.682 0.015 
793   h08712    (0)    8 :  0.526 0.004 0.006 0.460 0.005 
794   h08812    (0)    8 :  0.470 0.007 0.006 0.503 0.013 
795   h08912    (0)    8 :  0.662 0.007 0.006 0.319 0.005 
796   h09012    (0)    8 :  0.488 0.004 0.003 0.500 0.005 
797   h09112    (0)    8 :  0.643 0.004 0.005 0.333 0.015 
798   h09212    (0)    8 :  0.509 0.187 0.004 0.274 0.026 
799   h09312    (0)    8 :  0.513 0.005 0.006 0.447 0.030 
800   h09412    (0)    8 :  0.659 0.017 0.003 0.314 0.007 
801   h09512    (0)    8 :  0.390 0.004 0.004 0.572 0.031 
802   h09612    (0)    8 :  0.350 0.006 0.045 0.563 0.037 
803   h09712    (0)    8 :  0.422 0.052 0.009 0.509 0.007 
804   h09812    (0)    8 :  0.437 0.008 0.018 0.515 0.023 
805   h09912    (0)    8 :  0.573 0.002 0.004 0.396 0.024 
806   h10012    (0)    8 :  0.328 0.004 0.021 0.643 0.005 
807   MSV21T    (0)    9 :  0.013 0.005 0.031 0.014 0.936 
808    M2E71    (0)    9 :  0.018 0.004 0.007 0.195 0.775 
809   h00116    (0)   10 :  0.054 0.004 0.008 0.005 0.929 
810   h00216    (0)   10 :  0.088 0.008 0.005 0.005 0.894 
811   h00316    (0)   10 :  0.024 0.125 0.012 0.016 0.823 
812   h00416    (0)   10 :  0.047 0.011 0.004 0.004 0.933 
813   h00516    (0)   10 :  0.012 0.012 0.003 0.064 0.910 
814   h00616    (0)   10 :  0.051 0.006 0.008 0.006 0.930 
815   h00716    (0)   10 :  0.274 0.019 0.009 0.007 0.690 
816   h00816    (0)   10 :  0.037 0.014 0.005 0.003 0.941 
817   h00916    (0)   10 :  0.047 0.003 0.005 0.004 0.942 
818   h01016    (0)   10 :  0.067 0.052 0.011 0.114 0.756 
819   h01116    (0)   10 :  0.137 0.020 0.010 0.003 0.830 
820   h01216    (0)   10 :  0.051 0.006 0.018 0.004 0.921 
821   h01316    (0)   10 :  0.268 0.039 0.003 0.023 0.667 
822   h01416    (0)   10 :  0.031 0.115 0.008 0.030 0.816 
823   h01516    (0)   10 :  0.311 0.021 0.004 0.012 0.651 
824   h01616    (0)   10 :  0.013 0.005 0.014 0.006 0.963 
825   h01716    (0)   10 :  0.205 0.011 0.005 0.010 0.769 
826   h01816    (0)   10 :  0.355 0.007 0.004 0.004 0.630 
827   h01916    (0)   10 :  0.242 0.003 0.006 0.008 0.741 
828   h02016    (0)   10 :  0.026 0.021 0.006 0.020 0.927 
829   h02116    (0)   10 :  0.224 0.004 0.010 0.010 0.752 
830   h02216    (0)   10 :  0.203 0.008 0.026 0.013 0.750 
831   h02316    (0)   10 :  0.300 0.006 0.014 0.013 0.667 
832   h02416    (0)   10 :  0.087 0.052 0.020 0.030 0.811 
833   h02516    (0)   10 :  0.182 0.013 0.007 0.004 0.795 
834   h02616    (0)   10 :  0.055 0.023 0.008 0.010 0.904 
835   h02716    (0)   10 :  0.035 0.014 0.005 0.005 0.941 
836   h02816    (0)   10 :  0.086 0.024 0.009 0.005 0.877 
837   h02916    (0)   10 :  0.009 0.007 0.004 0.019 0.960 
838   h03016    (0)   10 :  0.097 0.010 0.004 0.009 0.881 
839   h03116    (0)   10 :  0.170 0.015 0.004 0.026 0.785 
840   h03216    (0)   10 :  0.147 0.007 0.010 0.029 0.806 
841   h03316    (0)   10 :  0.015 0.005 0.006 0.007 0.967 
842   h03416    (0)   10 :  0.040 0.006 0.006 0.005 0.944 
843   h03516    (0)   10 :  0.468 0.010 0.003 0.005 0.513 
844   h03616    (0)   10 :  0.177 0.016 0.014 0.010 0.783 
845   h03716    (0)   10 :  0.163 0.008 0.003 0.013 0.813 
846   h03816    (0)   10 :  0.100 0.018 0.004 0.014 0.865 
847   h03916    (0)   10 :  0.237 0.006 0.003 0.004 0.750 
848   h04016    (0)   10 :  0.293 0.006 0.005 0.007 0.690 
849   h04116    (0)   10 :  0.152 0.024 0.013 0.013 0.799 
850   h04216    (0)   10 :  0.438 0.010 0.006 0.019 0.527 
851   h04316    (0)   10 :  0.197 0.004 0.003 0.013 0.783 
852   h04416    (0)   10 :  0.035 0.004 0.124 0.007 0.829 
853   h04516    (0)   10 :  0.219 0.157 0.031 0.006 0.587 
854   h04616    (0)   10 :  0.013 0.005 0.020 0.008 0.955 
855   h04716    (0)   10 :  0.192 0.011 0.003 0.008 0.786 
856   h04816    (0)   10 :  0.317 0.018 0.005 0.004 0.656 
857   h04916    (0)   10 :  0.216 0.008 0.006 0.028 0.743 
858   h05016    (0)   10 :  0.125 0.006 0.005 0.005 0.859 
859   h05116    (0)   10 :  0.052 0.341 0.004 0.007 0.596 
860   h05216    (0)   10 :  0.135 0.011 0.005 0.026 0.823 
861   h05316    (0)   10 :  0.074 0.065 0.006 0.005 0.850 
862   h05416    (0)   10 :  0.080 0.003 0.005 0.007 0.905 
863   h05516    (0)   10 :  0.131 0.005 0.003 0.003 0.858 
864   h05616    (0)   10 :  0.172 0.005 0.321 0.072 0.430 
865   h05716    (0)   10 :  0.178 0.011 0.016 0.018 0.777 
866   h05816    (0)   10 :  0.063 0.236 0.004 0.010 0.687 
867   h05916    (0)   10 :  0.043 0.023 0.003 0.202 0.728 
868   h06016    (0)   10 :  0.167 0.015 0.010 0.064 0.745 
869   h06116    (0)   10 :  0.069 0.120 0.004 0.028 0.780 
870   h06216    (0)   10 :  0.152 0.009 0.004 0.005 0.830 
871   h06316    (0)   10 :  0.131 0.006 0.003 0.004 0.856 
872   h06416    (0)   10 :  0.180 0.005 0.004 0.005 0.806 
873   h06516    (0)   10 :  0.035 0.020 0.008 0.065 0.872 
874   h06616    (0)   10 :  0.012 0.090 0.007 0.012 0.879 
875   h06716    (0)   10 :  0.157 0.009 0.003 0.009 0.823 
876   h06816    (0)   10 :  0.033 0.006 0.003 0.004 0.954 
877   h06916    (0)   10 :  0.313 0.012 0.003 0.033 0.639 
878   h07016    (0)   10 :  0.214 0.006 0.003 0.004 0.772 
879   h07116    (0)   10 :  0.043 0.011 0.011 0.007 0.928 
880   h07216    (0)   10 :  0.121 0.199 0.002 0.007 0.670 
881   h07316    (0)   10 :  0.123 0.018 0.005 0.010 0.843 
882   h07416    (0)   10 :  0.388 0.011 0.004 0.005 0.592 
883   h07516    (0)   10 :  0.068 0.009 0.007 0.006 0.910 
884   h07616    (0)   10 :  0.310 0.009 0.017 0.048 0.616 
885   h07716    (0)   10 :  0.280 0.042 0.012 0.005 0.661 
886   h07816    (0)   10 :  0.196 0.005 0.005 0.005 0.790 
887   h07916    (0)   10 :  0.028 0.005 0.006 0.003 0.958 
888   h08016    (0)   10 :  0.007 0.006 0.015 0.003 0.969 
889   h08116    (0)   10 :  0.079 0.010 0.002 0.004 0.905 
890   h08216    (0)   10 :  0.217 0.010 0.006 0.004 0.764 
891   h08316    (0)   10 :  0.032 0.117 0.009 0.012 0.831 
892   h08416    (0)   10 :  0.411 0.047 0.005 0.016 0.520 
893   h08516    (0)   10 :  0.266 0.006 0.007 0.009 0.712 
894   h08616    (0)   10 :  0.062 0.009 0.005 0.013 0.911 
895   h08716    (0)   10 :  0.073 0.043 0.006 0.006 0.872 
896   h08816    (0)   10 :  0.016 0.007 0.005 0.015 0.957 
897   h08916    (0)   10 :  0.046 0.012 0.009 0.006 0.926 
898   h09016    (0)   10 :  0.329 0.012 0.003 0.003 0.653 
899   h09116    (0)   10 :  0.203 0.051 0.003 0.009 0.734 
900   h09216    (0)   10 :  0.092 0.012 0.003 0.005 0.888 
901   h09316    (0)   10 :  0.017 0.005 0.009 0.004 0.965 
902   h09416    (0)   10 :  0.309 0.004 0.006 0.010 0.671 
903   h09516    (0)   10 :  0.224 0.008 0.008 0.011 0.749 
904   h09616    (0)   10 :  0.288 0.006 0.007 0.013 0.686 
905   h09716    (0)   10 :  0.324 0.011 0.009 0.006 0.650 
906   h09816    (0)   10 :  0.221 0.003 0.004 0.006 0.766 
907   h09916    (0)   10 :  0.011 0.009 0.003 0.011 0.967 
908   h10016    (0)   10 :  0.039 0.013 0.007 0.017 0.924 
909   h00141    (0)   11 :  0.121 0.005 0.008 0.062 0.804 
910   h00241    (0)   11 :  0.272 0.002 0.022 0.017 0.686 
911   h00341    (0)   11 :  0.131 0.008 0.006 0.011 0.844 
912   h00441    (0)   11 :  0.007 0.017 0.047 0.012 0.917 
913   h00541    (0)   11 :  0.171 0.004 0.004 0.005 0.817 
914   h00641    (0)   11 :  0.218 0.008 0.007 0.007 0.760 
915   h00741    (0)   11 :  0.035 0.008 0.010 0.163 0.784 
916   h00841    (0)   11 :  0.104 0.007 0.021 0.009 0.858 
917   h00941    (0)   11 :  0.308 0.011 0.011 0.016 0.654 
918   h01041    (0)   11 :  0.010 0.005 0.021 0.039 0.926 
919   h01141    (0)   11 :  0.034 0.016 0.006 0.021 0.924 
920   h01241    (0)   11 :  0.083 0.006 0.005 0.009 0.897 
921   h01341    (0)   11 :  0.183 0.003 0.016 0.025 0.774 
922   h01441    (0)   11 :  0.404 0.006 0.005 0.130 0.454 
923   h01541    (0)   11 :  0.494 0.003 0.002 0.005 0.496 
924   h01641    (0)   11 :  0.311 0.005 0.014 0.010 0.661 
925   h01741    (0)   11 :  0.097 0.007 0.008 0.007 0.882 
926   h01841    (0)   11 :  0.023 0.140 0.012 0.032 0.792 
927   h01941    (0)   11 :  0.258 0.002 0.022 0.009 0.708 
928   h02041    (0)   11 :  0.078 0.007 0.004 0.007 0.905 
929   h02141    (0)   11 :  0.235 0.003 0.003 0.004 0.755 
930   h02241    (0)   11 :  0.006 0.011 0.005 0.006 0.973 
931   h02341    (0)   11 :  0.135 0.010 0.008 0.020 0.827 
932   h02441    (0)   11 :  0.016 0.003 0.011 0.006 0.964 
933   h02541    (0)   11 :  0.328 0.007 0.008 0.018 0.639 
934   h02641    (0)   11 :  0.024 0.003 0.004 0.010 0.959 
935   h02741    (0)   11 :  0.018 0.011 0.006 0.004 0.961 
936   h02841    (0)   11 :  0.128 0.006 0.010 0.021 0.836 
937   h02941    (0)   11 :  0.109 0.009 0.169 0.018 0.694 
938   h03041    (0)   11 :  0.097 0.005 0.011 0.009 0.878 
939   h03141    (0)   11 :  0.113 0.003 0.008 0.009 0.867 
940   h03241    (0)   11 :  0.320 0.007 0.010 0.010 0.652 
941   h03341    (0)   11 :  0.025 0.010 0.005 0.015 0.945 
942   h03441    (0)   11 :  0.191 0.007 0.011 0.016 0.774 
943   h03541    (0)   11 :  0.342 0.012 0.035 0.006 0.604 
944   h03641    (0)   11 :  0.319 0.003 0.004 0.009 0.664 
945   h03741    (0)   11 :  0.320 0.006 0.006 0.014 0.655 
946   h03841    (0)   11 :  0.123 0.069 0.022 0.053 0.734 
947   h03941    (0)   11 :  0.222 0.012 0.011 0.019 0.736 
948   h04041    (0)   11 :  0.505 0.020 0.004 0.017 0.454 
949   h04141    (0)   11 :  0.095 0.032 0.024 0.013 0.836 
950   h04241    (0)   11 :  0.044 0.027 0.005 0.008 0.916 
951   h04341    (0)   11 :  0.106 0.015 0.017 0.044 0.819 
952   h04441    (0)   11 :  0.006 0.085 0.003 0.006 0.900 
953   h04541    (0)   11 :  0.026 0.012 0.061 0.032 0.868 
954   h04641    (0)   11 :  0.044 0.038 0.006 0.008 0.903 
955   h04741    (0)   11 :  0.152 0.015 0.013 0.010 0.809 
956   h04841    (0)   11 :  0.473 0.011 0.025 0.014 0.477 
957   h04941    (0)   11 :  0.235 0.004 0.007 0.011 0.743 
958   h05041    (0)   11 :  0.207 0.010 0.169 0.011 0.603 
959   h05141    (0)   11 :  0.362 0.005 0.007 0.032 0.594 
960   h05241    (0)   11 :  0.237 0.021 0.008 0.014 0.720 
961   h05341    (0)   11 :  0.032 0.006 0.008 0.019 0.935 
962   h05441    (0)   11 :  0.128 0.003 0.009 0.054 0.805 
963   h05541    (0)   11 :  0.071 0.003 0.008 0.007 0.911 
964   h05641    (0)   11 :  0.419 0.002 0.015 0.031 0.533 
965   h05741    (0)   11 :  0.104 0.010 0.032 0.009 0.844 
966   h05841    (0)   11 :  0.126 0.036 0.006 0.079 0.753 
967   h05941    (0)   11 :  0.005 0.007 0.009 0.017 0.962 
968   h06041    (0)   11 :  0.129 0.005 0.003 0.007 0.856 
969   h06141    (0)   11 :  0.070 0.004 0.067 0.006 0.853 
970   h06241    (0)   11 :  0.402 0.004 0.004 0.007 0.584 
971   h06341    (0)   11 :  0.140 0.008 0.003 0.010 0.838 
972   h06441    (0)   11 :  0.184 0.010 0.034 0.009 0.763 
973   h06541    (0)   11 :  0.030 0.006 0.006 0.011 0.947 
974   h06641    (0)   11 :  0.182 0.003 0.007 0.013 0.795 
975   h06741    (0)   11 :  0.216 0.003 0.012 0.016 0.752 
976   h06841    (0)   11 :  0.123 0.011 0.015 0.130 0.722 
977   h06941    (0)   11 :  0.226 0.003 0.005 0.007 0.758 
978   h07041    (0)   11 :  0.019 0.019 0.012 0.037 0.913 
979   h07141    (0)   11 :  0.008 0.022 0.005 0.004 0.961 
980   h07241    (0)   11 :  0.028 0.003 0.005 0.023 0.941 
981   h07341    (0)   11 :  0.188 0.002 0.004 0.006 0.800 
982   h07441    (0)   11 :  0.014 0.006 0.007 0.093 0.880 
983   h07541    (0)   11 :  0.089 0.004 0.035 0.011 0.861 
984   h07641    (0)   11 :  0.213 0.005 0.030 0.013 0.739 
985   h07741    (0)   11 :  0.032 0.012 0.017 0.096 0.844 
986   h07841    (0)   11 :  0.155 0.004 0.018 0.009 0.815 
987   h07941    (0)   11 :  0.299 0.006 0.004 0.016 0.674 
988   h08041    (0)   11 :  0.154 0.011 0.005 0.009 0.821 
989   h08141    (0)   11 :  0.150 0.003 0.006 0.053 0.787 
990   h08241    (0)   11 :  0.013 0.004 0.005 0.012 0.965 
991   h08341    (0)   11 :  0.098 0.003 0.009 0.004 0.886 
992   h08441    (0)   11 :  0.025 0.004 0.061 0.038 0.872 
993   h08541    (0)   11 :  0.034 0.007 0.006 0.031 0.922 
994   h08641    (0)   11 :  0.274 0.008 0.003 0.016 0.699 
995   h08741    (0)   11 :  0.014 0.005 0.040 0.031 0.911 
996   h08841    (0)   11 :  0.345 0.027 0.009 0.007 0.612 
997   h08941    (0)   11 :  0.389 0.003 0.011 0.341 0.255 
998   h09041    (0)   11 :  0.088 0.005 0.012 0.012 0.883 
999   h09141    (0)   11 :  0.038 0.005 0.040 0.012 0.905 
1000   h09241    (0)   11 :  0.215 0.032 0.012 0.011 0.730 
1001   h09341    (0)   11 :  0.301 0.004 0.005 0.005 0.685 
1002   h09441    (0)   11 :  0.137 0.004 0.038 0.050 0.772 
1003   h09541    (0)   11 :  0.020 0.004 0.004 0.015 0.958 
1004   h09641    (0)   11 :  0.252 0.018 0.293 0.012 0.426 
1005   h09741    (0)   11 :  0.205 0.004 0.006 0.048 0.737 
1006   h09841    (0)   11 :  0.266 0.003 0.015 0.017 0.700 
1007   h09941    (0)   11 :  0.011 0.004 0.008 0.005 0.971 
1008   h10041    (0)   11 :  0.236 0.003 0.003 0.059 0.699 
1009    h0017    (0)   12 :  0.245 0.742 0.006 0.003 0.003 
1010    h0027    (0)   12 :  0.046 0.900 0.009 0.030 0.015 
1011    h0037    (0)   12 :  0.155 0.805 0.006 0.018 0.017 
1012    h0047    (0)   12 :  0.363 0.618 0.003 0.007 0.010 
1013    h0057    (0)   12 :  0.008 0.778 0.164 0.010 0.040 
1014    h0067    (0)   12 :  0.154 0.708 0.122 0.005 0.011 
1015    h0077    (0)   12 :  0.212 0.778 0.003 0.004 0.003 
1016    h0087    (0)   12 :  0.092 0.846 0.003 0.005 0.054 
1017    h0097    (0)   12 :  0.149 0.818 0.025 0.003 0.005 
1018    h0107    (0)   12 :  0.173 0.762 0.019 0.034 0.012 
1019    h0117    (0)   12 :  0.050 0.825 0.005 0.006 0.114 
1020    h0127    (0)   12 :  0.171 0.775 0.033 0.006 0.015 
1021    h0137    (0)   12 :  0.117 0.844 0.006 0.023 0.010 
1022    h0147    (0)   12 :  0.167 0.822 0.004 0.002 0.005 
1023    h0157    (0)   12 :  0.281 0.703 0.005 0.005 0.006 
1024    h0167    (0)   12 :  0.297 0.687 0.004 0.005 0.006 
1025    h0177    (0)   12 :  0.092 0.868 0.005 0.012 0.022 
1026    h0187    (0)   12 :  0.183 0.805 0.002 0.004 0.006 
1027    h0197    (0)   12 :  0.156 0.765 0.057 0.012 0.010 
1028    h0207    (0)   12 :  0.159 0.827 0.004 0.002 0.007 
1029    h0217    (0)   12 :  0.179 0.804 0.004 0.004 0.008 
1030    h0227    (0)   12 :  0.143 0.839 0.003 0.004 0.011 
1031    h0237    (0)   12 :  0.204 0.787 0.002 0.003 0.004 
1032    h0247    (0)   12 :  0.113 0.830 0.007 0.022 0.028 
1033    h0257    (0)   12 :  0.158 0.789 0.031 0.016 0.006 
1034    h0267    (0)   12 :  0.142 0.847 0.003 0.003 0.006 
1035    h0277    (0)   12 :  0.194 0.793 0.004 0.006 0.004 
1036    h0287    (0)   12 :  0.027 0.954 0.004 0.007 0.007 
1037    h0297    (0)   12 :  0.272 0.715 0.006 0.003 0.005 
1038    h0307    (0)   12 :  0.236 0.754 0.002 0.002 0.006 
1039    h0317    (0)   12 :  0.021 0.901 0.011 0.043 0.024 
1040    h0327    (0)   12 :  0.083 0.875 0.017 0.009 0.016 
1041    h0337    (0)   12 :  0.125 0.860 0.002 0.004 0.009 
1042    h0347    (0)   12 :  0.047 0.934 0.005 0.006 0.008 
1043    h0357    (0)   12 :  0.207 0.772 0.004 0.006 0.011 
1044    h0367    (0)   12 :  0.153 0.837 0.003 0.004 0.003 
1045    h0377    (0)   12 :  0.040 0.824 0.101 0.013 0.022 
1046    h0387    (0)   12 :  0.127 0.768 0.002 0.006 0.097 
1047    h0397    (0)   12 :  0.232 0.729 0.005 0.005 0.029 
1048    h0407    (0)   12 :  0.187 0.791 0.004 0.007 0.010 
1049    h0417    (0)   12 :  0.299 0.665 0.019 0.007 0.010 
1050    h0427    (0)   12 :  0.275 0.708 0.005 0.007 0.004 
1051    h0437    (0)   12 :  0.127 0.798 0.019 0.051 0.005 
1052    h0447    (0)   12 :  0.263 0.724 0.002 0.003 0.008 
1053    h0457    (0)   12 :  0.044 0.730 0.064 0.019 0.143 
1054    h0467    (0)   12 :  0.149 0.824 0.006 0.011 0.009 
1055    h0477    (0)   12 :  0.213 0.774 0.003 0.004 0.005 
1056    h0487    (0)   12 :  0.141 0.833 0.004 0.010 0.012 
1057    h0497    (0)   12 :  0.178 0.814 0.002 0.002 0.003 
1058    h0507    (0)   12 :  0.309 0.666 0.004 0.006 0.016 
1059    h0517    (0)   12 :  0.252 0.732 0.005 0.004 0.007 
1060    h0527    (0)   12 :  0.185 0.797 0.004 0.005 0.010 
1061    h0537    (0)   12 :  0.194 0.784 0.010 0.006 0.006 
1062    h0547    (0)   12 :  0.203 0.782 0.004 0.003 0.007 
1063    h0557    (0)   12 :  0.241 0.725 0.009 0.009 0.016 
1064    h0567    (0)   12 :  0.207 0.779 0.005 0.003 0.006 
1065    h0577    (0)   12 :  0.205 0.772 0.010 0.005 0.007 
1066    h0587    (0)   12 :  0.233 0.747 0.005 0.005 0.010 
1067    h0597    (0)   12 :  0.187 0.792 0.007 0.004 0.009 
1068    h0607    (0)   12 :  0.236 0.751 0.003 0.004 0.006 
1069    h0617    (0)   12 :  0.248 0.734 0.007 0.003 0.008 
1070    h0627    (0)   12 :  0.165 0.821 0.007 0.003 0.004 
1071    h0637    (0)   12 :  0.305 0.688 0.002 0.003 0.003 
1072    h0647    (0)   12 :  0.149 0.829 0.003 0.005 0.014 
1073    h0657    (0)   12 :  0.278 0.713 0.003 0.003 0.003 
1074    h0667    (0)   12 :  0.178 0.744 0.027 0.026 0.025 
1075    h0677    (0)   12 :  0.008 0.961 0.020 0.006 0.005 
1076    h0687    (0)   12 :  0.344 0.620 0.020 0.008 0.008 
1077    h0697    (0)   12 :  0.308 0.653 0.006 0.022 0.011 
1078    h0707    (0)   12 :  0.248 0.734 0.004 0.009 0.005 
1079    h0717    (0)   12 :  0.304 0.684 0.002 0.004 0.006 
1080    h0727    (0)   12 :  0.122 0.855 0.005 0.013 0.006 
1081    h0737    (0)   12 :  0.193 0.793 0.003 0.006 0.006 
1082    h0747    (0)   12 :  0.136 0.852 0.002 0.003 0.006 
1083    h0757    (0)   12 :  0.326 0.637 0.004 0.022 0.011 
1084    h0767    (0)   12 :  0.093 0.776 0.040 0.043 0.047 
1085    h0777    (0)   12 :  0.170 0.716 0.017 0.019 0.078 
1086    h0787    (0)   12 :  0.159 0.823 0.004 0.005 0.008 
1087    h0797    (0)   12 :  0.344 0.628 0.005 0.016 0.007 
1088    h0807    (0)   12 :  0.284 0.706 0.002 0.003 0.004 
1089    h0817    (0)   12 :  0.268 0.719 0.002 0.003 0.007 
1090    h0827    (0)   12 :  0.257 0.719 0.004 0.009 0.010 
1091    h0837    (0)   12 :  0.258 0.723 0.005 0.006 0.008 
1092    h0847    (0)   12 :  0.407 0.572 0.006 0.006 0.009 
1093    h0857    (0)   12 :  0.240 0.748 0.004 0.003 0.006 
1094    h0867    (0)   12 :  0.236 0.725 0.024 0.006 0.010 
1095    h0877    (0)   12 :  0.190 0.779 0.013 0.005 0.012 
1096    h0887    (0)   12 :  0.317 0.629 0.025 0.017 0.013 
1097    h0897    (0)   12 :  0.287 0.697 0.003 0.005 0.009 
1098    h0907    (0)   12 :  0.213 0.746 0.011 0.021 0.009 
1099    h0917    (0)   12 :  0.393 0.568 0.031 0.003 0.006 
1100    h0927    (0)   12 :  0.213 0.771 0.004 0.007 0.005 
1101    h0937    (0)   12 :  0.394 0.592 0.003 0.007 0.004 
1102    h0947    (0)   12 :  0.117 0.827 0.028 0.012 0.015 
1103    h0957    (0)   12 :  0.110 0.862 0.005 0.009 0.013 
1104    h0967    (0)   12 :  0.183 0.795 0.004 0.004 0.014 
1105    h0977    (0)   12 :  0.039 0.873 0.007 0.031 0.051 
1106    h0987    (0)   12 :  0.323 0.661 0.005 0.003 0.009 
1107    h0997    (0)   12 :  0.079 0.904 0.006 0.004 0.007 
1108    h1007    (0)   12 :  0.293 0.689 0.003 0.008 0.006 
1109   h00110    (0)   13 :  0.065 0.009 0.918 0.005 0.003 
1110   h00210    (0)   13 :  0.224 0.024 0.732 0.012 0.008 
1111   h00310    (0)   13 :  0.081 0.029 0.880 0.007 0.003 
1112   h00410    (0)   13 :  0.170 0.002 0.819 0.004 0.004 
1113   h00510    (0)   13 :  0.217 0.005 0.759 0.009 0.009 
1114   h00610    (0)   13 :  0.314 0.003 0.675 0.004 0.003 
1115   h00710    (0)   13 :  0.288 0.004 0.698 0.006 0.004 
1116   h00810    (0)   13 :  0.164 0.004 0.820 0.005 0.007 
1117   h00910    (0)   13 :  0.375 0.004 0.608 0.007 0.006 
1118   h01010    (0)   13 :  0.123 0.036 0.826 0.007 0.008 
1119   h01110    (0)   13 :  0.197 0.005 0.787 0.007 0.004 
1120   h01210    (0)   13 :  0.230 0.002 0.755 0.007 0.006 
1121   h01310    (0)   13 :  0.217 0.003 0.759 0.015 0.005 
1122   h01410    (0)   13 :  0.270 0.005 0.710 0.009 0.006 
1123   h01510    (0)   13 :  0.273 0.004 0.707 0.006 0.011 
1124   h01610    (0)   13 :  0.344 0.002 0.642 0.007 0.004 
1125   h01710    (0)   13 :  0.222 0.006 0.758 0.008 0.006 
1126   h01810    (0)   13 :  0.282 0.006 0.697 0.010 0.005 
1127   h01910    (0)   13 :  0.037 0.004 0.943 0.006 0.010 
1128   h02010    (0)   13 :  0.308 0.005 0.670 0.011 0.006 
1129   h02110    (0)   13 :  0.312 0.004 0.650 0.006 0.028 
1130   h02210    (0)   13 :  0.333 0.004 0.654 0.004 0.005 
1131   h02310    (0)   13 :  0.255 0.003 0.731 0.005 0.006 
1132   h02410    (0)   13 :  0.253 0.006 0.728 0.006 0.007 
1133   h02510    (0)   13 :  0.186 0.005 0.796 0.006 0.007 
1134   h02610    (0)   13 :  0.257 0.005 0.726 0.006 0.006 
1135   h02710    (0)   13 :  0.087 0.002 0.897 0.008 0.006 
1136   h02810    (0)   13 :  0.301 0.003 0.687 0.007 0.003 
1137   h02910    (0)   13 :  0.351 0.016 0.604 0.023 0.006 
1138   h03010    (0)   13 :  0.249 0.003 0.736 0.005 0.006 
1139   h03110    (0)   13 :  0.181 0.004 0.805 0.005 0.005 
1140   h03210    (0)   13 :  0.259 0.004 0.727 0.004 0.005 
1141   h03310    (0)   13 :  0.100 0.003 0.881 0.004 0.011 
1142   h03410    (0)   13 :  0.082 0.003 0.902 0.005 0.009 
1143   h03510    (0)   13 :  0.209 0.002 0.781 0.003 0.003 
1144   h03610    (0)   13 :  0.175 0.003 0.816 0.004 0.003 
1145   h03710    (0)   13 :  0.267 0.004 0.709 0.015 0.006 
1146   h03810    (0)   13 :  0.109 0.002 0.879 0.004 0.006 
1147   h03910    (0)   13 :  0.198 0.002 0.795 0.003 0.003 
1148   h04010    (0)   13 :  0.309 0.005 0.667 0.005 0.014 
1149   h04110    (0)   13 :  0.299 0.010 0.679 0.006 0.006 
1150   h04210    (0)   13 :  0.160 0.005 0.812 0.017 0.006 
1151   h04310    (0)   13 :  0.218 0.003 0.771 0.003 0.004 
1152   h04410    (0)   13 :  0.271 0.003 0.718 0.003 0.004 
1153   h04510    (0)   13 :  0.243 0.002 0.749 0.003 0.003 
1154   h04610    (0)   13 :  0.235 0.002 0.757 0.003 0.003 
1155   h04710    (0)   13 :  0.141 0.015 0.797 0.014 0.033 
1156   h04810    (0)   13 :  0.163 0.038 0.777 0.009 0.014 
1157   h04910    (0)   13 :  0.134 0.002 0.856 0.003 0.004 
1158   h05010    (0)   13 :  0.088 0.003 0.900 0.003 0.006 
1159   h05110    (0)   13 :  0.176 0.004 0.790 0.012 0.017 
1160   h05210    (0)   13 :  0.414 0.011 0.529 0.018 0.028 
1161   h05310    (0)   13 :  0.096 0.006 0.835 0.032 0.030 
1162   h05410    (0)   13 :  0.323 0.008 0.661 0.005 0.003 
1163   h05510    (0)   13 :  0.051 0.007 0.783 0.010 0.148 
1164   h05610    (0)   13 :  0.546 0.006 0.436 0.005 0.006 
1165   h05710    (0)   13 :  0.331 0.007 0.643 0.014 0.005 
1166   h05810    (0)   13 :  0.335 0.004 0.652 0.004 0.005 
1167   h05910    (0)   13 :  0.392 0.003 0.597 0.004 0.004 
1168   h06010    (0)   13 :  0.362 0.005 0.624 0.005 0.005 
1169   h06110    (0)   13 :  0.306 0.015 0.669 0.005 0.004 
1170   h06210    (0)   13 :  0.096 0.002 0.871 0.019 0.012 
1171   h06310    (0)   13 :  0.242 0.003 0.745 0.006 0.004 
1172   h06410    (0)   13 :  0.133 0.003 0.844 0.011 0.009 
1173   h06510    (0)   13 :  0.271 0.004 0.719 0.003 0.004 
1174   h06610    (0)   13 :  0.022 0.007 0.956 0.011 0.005 
1175   h06710    (0)   13 :  0.339 0.016 0.601 0.017 0.027 
1176   h06810    (0)   13 :  0.460 0.003 0.529 0.005 0.003 
1177   h06910    (0)   13 :  0.304 0.002 0.687 0.004 0.003 
1178   h07010    (0)   13 :  0.215 0.007 0.755 0.008 0.014 
1179   h07110    (0)   13 :  0.151 0.004 0.832 0.007 0.006 
1180   h07210    (0)   13 :  0.339 0.003 0.648 0.005 0.004 
1181   h07310    (0)   13 :  0.149 0.004 0.798 0.019 0.030 
1182   h07410    (0)   13 :  0.208 0.002 0.782 0.003 0.005 
1183   h07510    (0)   13 :  0.310 0.003 0.678 0.004 0.004 
1184   h07610    (0)   13 :  0.172 0.005 0.809 0.006 0.008 
1185   h07710    (0)   13 :  0.298 0.015 0.665 0.010 0.012 
1186   h07810    (0)   13 :  0.436 0.003 0.549 0.009 0.004 
1187   h07910    (0)   13 :  0.213 0.002 0.779 0.003 0.003 
1188   h08010    (0)   13 :  0.237 0.003 0.743 0.013 0.004 
1189   h08110    (0)   13 :  0.018 0.030 0.897 0.005 0.050 
1190   h08210    (0)   13 :  0.057 0.005 0.914 0.012 0.012 
1191   h08310    (0)   13 :  0.263 0.002 0.726 0.005 0.003 
1192   h08410    (0)   13 :  0.239 0.006 0.743 0.006 0.006 
1193   h08510    (0)   13 :  0.216 0.002 0.774 0.004 0.004 
1194   h08610    (0)   13 :  0.087 0.006 0.837 0.056 0.015 
1195   h08710    (0)   13 :  0.146 0.003 0.842 0.003 0.006 
1196   h08810    (0)   13 :  0.062 0.016 0.883 0.022 0.017 
1197   h08910    (0)   13 :  0.105 0.005 0.878 0.004 0.008 
1198   h09010    (0)   13 :  0.293 0.012 0.677 0.008 0.010 
1199   h09110    (0)   13 :  0.326 0.003 0.664 0.004 0.003 
1200   h09210    (0)   13 :  0.147 0.002 0.841 0.004 0.007 
1201   h09310    (0)   13 :  0.252 0.006 0.727 0.007 0.007 
1202   h09410    (0)   13 :  0.198 0.006 0.784 0.006 0.006 
1203   h09510    (0)   13 :  0.260 0.002 0.721 0.010 0.006 
1204   h09610    (0)   13 :  0.272 0.006 0.710 0.004 0.008 
1205   h09710    (0)   13 :  0.206 0.003 0.781 0.006 0.005 
1206   h09810    (0)   13 :  0.329 0.003 0.655 0.007 0.005 
1207   h09910    (0)   13 :  0.263 0.003 0.718 0.006 0.010 
1208   h10010    (0)   13 :  0.320 0.007 0.657 0.008 0.009 
1209   h00113    (0)   14 :  0.349 0.007 0.004 0.634 0.006 
1210   h00213    (0)   14 :  0.187 0.006 0.009 0.790 0.008 
1211   h00313    (0)   14 :  0.320 0.009 0.004 0.662 0.005 
1212   h00413    (0)   14 :  0.039 0.108 0.005 0.621 0.227 
1213   h00513    (0)   14 :  0.024 0.024 0.034 0.904 0.014 
1214   h00613    (0)   14 :  0.310 0.006 0.004 0.674 0.006 
1215   h00713    (0)   14 :  0.105 0.046 0.003 0.838 0.008 
1216   h00813    (0)   14 :  0.009 0.002 0.004 0.980 0.004 
1217   h00913    (0)   14 :  0.073 0.013 0.007 0.660 0.247 
1218   h01013    (0)   14 :  0.073 0.011 0.017 0.846 0.054 
1219   h01113    (0)   14 :  0.021 0.003 0.007 0.964 0.005 
1220   h01213    (0)   14 :  0.186 0.016 0.010 0.767 0.020 
1221   h01313    (0)   14 :  0.320 0.006 0.013 0.648 0.013 
1222   h01413    (0)   14 :  0.069 0.004 0.012 0.907 0.008 
1223   h01513    (0)   14 :  0.042 0.006 0.218 0.722 0.012 
1224   h01613    (0)   14 :  0.371 0.015 0.005 0.572 0.037 
1225   h01713    (0)   14 :  0.164 0.018 0.005 0.787 0.026 
1226   h01813    (0)   14 :  0.301 0.015 0.003 0.677 0.004 
1227   h01913    (0)   14 :  0.161 0.013 0.009 0.812 0.005 
1228   h02013    (0)   14 :  0.055 0.012 0.011 0.899 0.023 
1229   h02113    (0)   14 :  0.031 0.003 0.012 0.949 0.006 
1230   h02213    (0)   14 :  0.388 0.014 0.047 0.390 0.161 
1231   h02313    (0)   14 :  0.015 0.003 0.004 0.955 0.023 
1232   h02413    (0)   14 :  0.223 0.005 0.008 0.754 0.010 
1233   h02513    (0)   14 :  0.102 0.010 0.003 0.797 0.089 
1234   h02613    (0)   14 :  0.299 0.007 0.005 0.683 0.006 
1235   h02713    (0)   14 :  0.320 0.005 0.013 0.628 0.034 
1236   h02813    (0)   14 :  0.023 0.009 0.007 0.911 0.051 
1237   h02913    (0)   14 :  0.085 0.008 0.007 0.852 0.048 
1238   h03013    (0)   14 :  0.286 0.004 0.007 0.696 0.007 
1239   h03113    (0)   14 :  0.018 0.004 0.007 0.965 0.006 
1240   h03213    (0)   14 :  0.286 0.005 0.007 0.694 0.008 
1241   h03313    (0)   14 :  0.004 0.007 0.009 0.972 0.008 
1242   h03413    (0)   14 :  0.056 0.047 0.011 0.806 0.081 
1243   h03513    (0)   14 :  0.374 0.010 0.020 0.591 0.005 
1244   h03613    (0)   14 :  0.209 0.003 0.006 0.777 0.006 
1245   h03713    (0)   14 :  0.034 0.005 0.004 0.944 0.014 
1246   h03813    (0)   14 :  0.324 0.004 0.004 0.662 0.006 
1247   h03913    (0)   14 :  0.159 0.003 0.010 0.824 0.004 
1248   h04013    (0)   14 :  0.215 0.006 0.003 0.773 0.003 
1249   h04113    (0)   14 :  0.195 0.007 0.005 0.780 0.014 
1250   h04213    (0)   14 :  0.300 0.004 0.003 0.677 0.016 
1251   h04313    (0)   14 :  0.470 0.005 0.005 0.514 0.005 
1252   h04413    (0)   14 :  0.291 0.006 0.005 0.691 0.006 
1253   h04513    (0)   14 :  0.051 0.012 0.006 0.916 0.016 
1254   h04613    (0)   14 :  0.047 0.008 0.003 0.931 0.011 
1255   h04713    (0)   14 :  0.224 0.005 0.004 0.733 0.035 
1256   h04813    (0)   14 :  0.189 0.004 0.009 0.780 0.018 
1257   h04913    (0)   14 :  0.052 0.006 0.021 0.911 0.010 
1258   h05013    (0)   14 :  0.277 0.005 0.005 0.710 0.004 
1259   h05113    (0)   14 :  0.049 0.003 0.004 0.921 0.022 
1260   h05213    (0)   14 :  0.191 0.246 0.013 0.536 0.014 
1261   h05313    (0)   14 :  0.329 0.047 0.054 0.550 0.019 
1262   h05413    (0)   14 :  0.406 0.028 0.011 0.522 0.033 
1263   h05513    (0)   14 :  0.065 0.005 0.002 0.908 0.018 
1264   h05613    (0)   14 :  0.034 0.009 0.037 0.911 0.008 
1265   h05713    (0)   14 :  0.009 0.002 0.004 0.982 0.004 
1266   h05813    (0)   14 :  0.297 0.006 0.004 0.686 0.007 
1267   h05913    (0)   14 :  0.121 0.005 0.005 0.862 0.006 
1268   h06013    (0)   14 :  0.232 0.007 0.005 0.732 0.024 
1269   h06113    (0)   14 :  0.084 0.003 0.020 0.888 0.005 
1270   h06213    (0)   14 :  0.342 0.005 0.003 0.643 0.007 
1271   h06313    (0)   14 :  0.153 0.004 0.012 0.823 0.007 
1272   h06413    (0)   14 :  0.227 0.012 0.004 0.748 0.009 
1273   h06513    (0)   14 :  0.206 0.006 0.007 0.770 0.010 
1274   h06613    (0)   14 :  0.319 0.004 0.041 0.627 0.009 
1275   h06713    (0)   14 :  0.307 0.010 0.004 0.671 0.008 
1276   h06813    (0)   14 :  0.228 0.010 0.007 0.743 0.013 
1277   h06913    (0)   14 :  0.330 0.007 0.008 0.651 0.005 
1278   h07013    (0)   14 :  0.037 0.026 0.010 0.918 0.008 
1279   h07113    (0)   14 :  0.206 0.003 0.005 0.778 0.008 
1280   h07213    (0)   14 :  0.053 0.006 0.006 0.907 0.029 
1281   h07313    (0)   14 :  0.172 0.004 0.004 0.816 0.004 
1282   h07413    (0)   14 :  0.127 0.003 0.018 0.843 0.008 
1283   h07513    (0)   14 :  0.375 0.008 0.007 0.604 0.007 
1284   h07613    (0)   14 :  0.061 0.005 0.020 0.905 0.010 
1285   h07713    (0)   14 :  0.300 0.003 0.004 0.691 0.003 
1286   h07813    (0)   14 :  0.251 0.025 0.018 0.697 0.008 
1287   h07913    (0)   14 :  0.023 0.016 0.006 0.940 0.015 
1288   h08013    (0)   14 :  0.298 0.008 0.004 0.683 0.008 
1289   h08113    (0)   14 :  0.073 0.009 0.011 0.897 0.010 
1290   h08213    (0)   14 :  0.266 0.003 0.003 0.724 0.004 
1291   h08313    (0)   14 :  0.375 0.003 0.009 0.606 0.007 
1292   h08413    (0)   14 :  0.051 0.005 0.004 0.933 0.007 
1293   h08513    (0)   14 :  0.240 0.011 0.030 0.698 0.020 
1294   h08613    (0)   14 :  0.200 0.014 0.004 0.751 0.032 
1295   h08713    (0)   14 :  0.106 0.012 0.014 0.826 0.043 
1296   h08813    (0)   14 :  0.085 0.004 0.009 0.896 0.006 
1297   h08913    (0)   14 :  0.115 0.011 0.010 0.859 0.006 
1298   h09013    (0)   14 :  0.088 0.005 0.013 0.885 0.010 
1299   h09113    (0)   14 :  0.257 0.002 0.004 0.733 0.003 
1300   h09213    (0)   14 :  0.151 0.002 0.006 0.836 0.005 
1301   h09313    (0)   14 :  0.279 0.006 0.003 0.681 0.030 
1302   h09413    (0)   14 :  0.220 0.006 0.018 0.750 0.006 
1303   h09513    (0)   14 :  0.024 0.077 0.056 0.670 0.173 
1304   h09613    (0)   14 :  0.192 0.004 0.059 0.737 0.007 
1305   h09713    (0)   14 :  0.123 0.003 0.004 0.860 0.010 
1306   h09813    (0)   14 :  0.347 0.005 0.020 0.611 0.016 
1307   h09913    (0)   14 :  0.022 0.004 0.082 0.882 0.010 
1308   h10013    (0)   14 :  0.171 0.010 0.004 0.802 0.013 
1309    W23CA   (10)   15 :  0.004 0.004 0.007 0.012 0.972 
1310  AP.085Y    (5)   15 :  0.006 0.019 0.044 0.013 0.919 
1311  CH.0LLY    (5)   15 :  0.273 0.009 0.035 0.008 0.675 
1312    M0LEC    (5)   15 :  0.003 0.003 0.004 0.007 0.982 
1313    M2C3H   (10)   15 :  0.056 0.014 0.029 0.032 0.869 
1314    M2CHL    (5)   15 :  0.358 0.016 0.048 0.022 0.556 
1315    W26P7   (10)   15 :  0.018 0.004 0.025 0.109 0.843 
1316  AP.07M5    (0)   15 :  0.010 0.088 0.004 0.013 0.886 
1317  AP.080U    (0)   15 :  0.014 0.003 0.019 0.021 0.942 
1318  AP.082A    (0)   15 :  0.004 0.011 0.003 0.006 0.976 
1319  AP.0843    (0)   15 :  0.004 0.009 0.006 0.004 0.976 
1320  AP.0844    (0)   15 :  0.027 0.004 0.046 0.025 0.899 
1321  AP.084X    (0)   15 :  0.008 0.006 0.003 0.008 0.976 
1322  AP.086Y    (0)   15 :  0.060 0.006 0.005 0.168 0.761 
1323  AP.0870    (0)   15 :  0.014 0.004 0.042 0.159 0.781 
1324  AP.0878    (0)   15 :  0.032 0.005 0.015 0.120 0.828 
1325  AP.087F    (0)   15 :  0.046 0.004 0.008 0.006 0.935 
1326  AP.087Y    (0)   15 :  0.320 0.007 0.024 0.016 0.633 
1327  AP.088P    (0)   15 :  0.005 0.010 0.003 0.008 0.973 
1328  AP.08AK    (5)   15 :  0.026 0.158 0.003 0.005 0.808 
1329  CH.0LLM    (0)   15 :  0.038 0.008 0.054 0.055 0.845 
1330  CH.0LLU    (0)   15 :  0.065 0.006 0.072 0.012 0.845 
1331  CH.0LM0    (5)   15 :  0.042 0.014 0.010 0.003 0.931 
1332  CH.0LM3    (5)   15 :  0.008 0.011 0.003 0.007 0.972 
1333    W26MY    (0)   15 :  0.048 0.076 0.036 0.145 0.695 
1334    W26P6    (0)   15 :  0.043 0.009 0.003 0.006 0.939 
1335   HRV07U    (0)   15 :  0.011 0.005 0.054 0.017 0.913 
1336   HRV1CT    (0)   15 :  0.004 0.008 0.006 0.006 0.975 
1337   HRV1CU    (0)   15 :  0.003 0.011 0.007 0.009 0.970 
1338   HRV1E6    (0)   15 :  0.009 0.006 0.005 0.017 0.963 
1339   HRV081    (0)   15 :  0.003 0.038 0.002 0.005 0.952 
1340   HRV1E3    (0)   15 :  0.006 0.004 0.009 0.006 0.976 
1341   MSV21E    (0)   15 :  0.026 0.042 0.011 0.017 0.904 
1342   MSV216    (0)   15 :  0.004 0.015 0.018 0.454 0.509 
1343    M0TYK    (0)   15 :  0.014 0.007 0.007 0.016 0.955 
1344   MSV2AA    (0)   15 :  0.020 0.005 0.007 0.013 0.955 
1345  CK.0PET    (0)   15 :  0.076 0.022 0.039 0.134 0.730 
1346    M2E8C    (0)   15 :  0.005 0.008 0.006 0.006 0.975 
1347   MSV23X    (0)   15 :  0.027 0.027 0.008 0.040 0.898 
1348   MSV32A    (0)   15 :  0.013 0.004 0.007 0.043 0.933 
1349  AP.0838    (0)   15 :  0.005 0.003 0.062 0.013 0.917 
1350  AP.088F    (0)   15 :  0.009 0.004 0.015 0.027 0.945 
1351   h00121    (0)   16 :  0.068 0.005 0.010 0.006 0.911 
1352   h00221    (0)   16 :  0.005 0.005 0.003 0.002 0.984 
1353   h00321    (0)   16 :  0.003 0.026 0.005 0.008 0.957 
1354   h00421    (0)   16 :  0.007 0.009 0.004 0.190 0.790 
1355   h00521    (0)   16 :  0.030 0.005 0.004 0.004 0.957 
1356   h00621    (0)   16 :  0.091 0.005 0.010 0.004 0.890 
1357   h00721    (0)   16 :  0.011 0.005 0.005 0.171 0.808 
1358   h00821    (0)   16 :  0.019 0.014 0.011 0.025 0.931 
1359   h00921    (0)   16 :  0.055 0.007 0.005 0.005 0.928 
1360   h01021    (0)   16 :  0.003 0.007 0.002 0.003 0.985 
1361   h01121    (0)   16 :  0.149 0.011 0.008 0.011 0.821 
1362   h01221    (0)   16 :  0.003 0.008 0.005 0.005 0.979 
1363   h01321    (0)   16 :  0.003 0.007 0.004 0.004 0.981 
1364   h01421    (0)   16 :  0.007 0.004 0.004 0.004 0.982 
1365   h01521    (0)   16 :  0.016 0.229 0.007 0.014 0.735 
1366   h01621    (0)   16 :  0.019 0.046 0.004 0.007 0.923 
1367   h01721    (0)   16 :  0.008 0.010 0.007 0.006 0.969 
1368   h01821    (0)   16 :  0.008 0.006 0.002 0.004 0.980 
1369   h01921    (0)   16 :  0.010 0.011 0.007 0.008 0.964 
1370   h02021    (0)   16 :  0.024 0.003 0.003 0.004 0.966 
1371   h02121    (0)   16 :  0.125 0.008 0.013 0.012 0.842 
1372   h02221    (0)   16 :  0.048 0.015 0.004 0.011 0.922 
1373   h02321    (0)   16 :  0.007 0.246 0.008 0.003 0.736 
1374   h02421    (0)   16 :  0.010 0.007 0.009 0.009 0.966 
1375   h02521    (0)   16 :  0.018 0.004 0.004 0.005 0.969 
1376   h02621    (0)   16 :  0.004 0.006 0.007 0.005 0.976 
1377   h02721    (0)   16 :  0.011 0.043 0.006 0.006 0.934 
1378   h02821    (0)   16 :  0.016 0.015 0.005 0.020 0.944 
1379   h02921    (0)   16 :  0.015 0.007 0.003 0.009 0.965 
1380   h03021    (0)   16 :  0.003 0.009 0.002 0.004 0.981 
1381   h03121    (0)   16 :  0.004 0.009 0.004 0.005 0.978 
1382   h03221    (0)   16 :  0.084 0.004 0.005 0.009 0.897 
1383   h03321    (0)   16 :  0.026 0.008 0.004 0.004 0.957 
1384   h03421    (0)   16 :  0.006 0.013 0.004 0.022 0.955 
1385   h03521    (0)   16 :  0.024 0.014 0.010 0.011 0.941 
1386   h03621    (0)   16 :  0.010 0.031 0.024 0.013 0.923 
1387   h03721    (0)   16 :  0.059 0.026 0.004 0.020 0.892 
1388   h03821    (0)   16 :  0.030 0.009 0.004 0.027 0.930 
1389   h03921    (0)   16 :  0.011 0.227 0.011 0.059 0.693 
1390   h04021    (0)   16 :  0.015 0.009 0.024 0.010 0.941 
1391   h04121    (0)   16 :  0.004 0.010 0.003 0.004 0.978 
1392   h04221    (0)   16 :  0.004 0.008 0.003 0.004 0.981 
1393   h04321    (0)   16 :  0.164 0.013 0.006 0.003 0.813 
1394   h04421    (0)   16 :  0.005 0.006 0.008 0.005 0.976 
1395   h04521    (0)   16 :  0.006 0.018 0.005 0.006 0.964 
1396   h04621    (0)   16 :  0.013 0.044 0.002 0.006 0.934 
1397   h04721    (0)   16 :  0.009 0.020 0.007 0.007 0.957 
1398   h04821    (0)   16 :  0.021 0.006 0.006 0.008 0.959 
1399   h04921    (0)   16 :  0.232 0.006 0.006 0.004 0.752 
1400   h05021    (0)   16 :  0.006 0.039 0.004 0.006 0.946 
1401   h05121    (0)   16 :  0.008 0.009 0.005 0.008 0.970 
1402   h05221    (0)   16 :  0.217 0.015 0.008 0.007 0.753 
1403   h05321    (0)   16 :  0.134 0.005 0.003 0.006 0.853 
1404   h05421    (0)   16 :  0.076 0.168 0.005 0.025 0.726 
1405   h05521    (0)   16 :  0.137 0.005 0.005 0.005 0.847 
1406   h05621    (0)   16 :  0.074 0.017 0.009 0.006 0.893 
1407   h05721    (0)   16 :  0.041 0.008 0.008 0.032 0.911 
1408   h05821    (0)   16 :  0.271 0.003 0.006 0.009 0.710 
1409   h05921    (0)   16 :  0.022 0.014 0.003 0.007 0.954 
1410   h06021    (0)   16 :  0.098 0.022 0.010 0.008 0.862 
1411   h06121    (0)   16 :  0.005 0.004 0.005 0.006 0.981 
1412   h06221    (0)   16 :  0.012 0.004 0.013 0.024 0.946 
1413   h06321    (0)   16 :  0.011 0.082 0.008 0.011 0.888 
1414   h06421    (0)   16 :  0.356 0.103 0.006 0.020 0.515 
1415   h06521    (0)   16 :  0.007 0.003 0.004 0.006 0.980 
1416   h06621    (0)   16 :  0.009 0.011 0.037 0.111 0.832 
1417   h06721    (0)   16 :  0.006 0.037 0.011 0.004 0.943 
1418   h06821    (0)   16 :  0.177 0.005 0.004 0.008 0.806 
1419   h06921    (0)   16 :  0.007 0.011 0.028 0.017 0.937 
1420   h07021    (0)   16 :  0.012 0.005 0.004 0.015 0.964 
1421   h07121    (0)   16 :  0.006 0.005 0.005 0.008 0.975 
1422   h07221    (0)   16 :  0.010 0.028 0.012 0.006 0.945 
1423   h07321    (0)   16 :  0.062 0.010 0.008 0.011 0.910 
1424   h07421    (0)   16 :  0.008 0.026 0.006 0.014 0.947 
1425   h07521    (0)   16 :  0.006 0.004 0.012 0.009 0.969 
1426   h07621    (0)   16 :  0.041 0.145 0.004 0.013 0.797 
1427   h07721    (0)   16 :  0.024 0.022 0.016 0.032 0.906 
1428   h07821    (0)   16 :  0.108 0.005 0.004 0.006 0.877 
1429   h07921    (0)   16 :  0.005 0.013 0.012 0.009 0.961 
1430   h08021    (0)   16 :  0.280 0.030 0.039 0.019 0.632 
1431   h08121    (0)   16 :  0.037 0.007 0.017 0.021 0.918 
1432   h08221    (0)   16 :  0.016 0.039 0.003 0.005 0.937 
1433   h08321    (0)   16 :  0.223 0.006 0.007 0.023 0.741 
1434   h08421    (0)   16 :  0.003 0.005 0.005 0.008 0.979 
1435   h08521    (0)   16 :  0.013 0.004 0.003 0.007 0.973 
1436   h08621    (0)   16 :  0.010 0.003 0.002 0.006 0.979 
1437   h08721    (0)   16 :  0.024 0.009 0.003 0.008 0.956 
1438   h08821    (0)   16 :  0.007 0.007 0.006 0.006 0.974 
1439   h08921    (0)   16 :  0.019 0.053 0.005 0.114 0.809 
1440   h09021    (0)   16 :  0.005 0.003 0.012 0.004 0.976 
1441   h09121    (0)   16 :  0.132 0.010 0.006 0.011 0.840 
1442   h09221    (0)   16 :  0.005 0.068 0.009 0.005 0.913 
1443   h09321    (0)   16 :  0.025 0.012 0.006 0.008 0.950 
1444   h09421    (0)   16 :  0.020 0.005 0.005 0.003 0.967 
1445   h09521    (0)   16 :  0.004 0.013 0.004 0.009 0.970 
1446   h09621    (0)   16 :  0.048 0.045 0.004 0.005 0.899 
1447   h09721    (0)   16 :  0.005 0.012 0.007 0.006 0.970 
1448   h09821    (0)   16 :  0.015 0.021 0.007 0.004 0.954 
1449   h09921    (0)   16 :  0.019 0.057 0.004 0.007 0.914 
1450   h10021    (0)   16 :  0.004 0.004 0.003 0.005 0.984 
1451   h00151    (0)   17 :  0.012 0.005 0.004 0.004 0.976 
1452   h00251    (0)   17 :  0.258 0.009 0.010 0.008 0.716 
1453   h00351    (0)   17 :  0.017 0.006 0.008 0.017 0.952 
1454   h00451    (0)   17 :  0.012 0.004 0.009 0.016 0.959 
1455   h00551    (0)   17 :  0.006 0.008 0.019 0.091 0.876 
1456   h00651    (0)   17 :  0.005 0.004 0.066 0.027 0.898 
1457   h00751    (0)   17 :  0.004 0.003 0.005 0.006 0.982 
1458   h00851    (0)   17 :  0.006 0.005 0.003 0.009 0.978 
1459   h00951    (0)   17 :  0.004 0.011 0.008 0.007 0.970 
1460   h01051    (0)   17 :  0.106 0.021 0.026 0.032 0.816 
1461   h01151    (0)   17 :  0.057 0.006 0.006 0.005 0.926 
1462   h01251    (0)   17 :  0.226 0.025 0.066 0.007 0.676 
1463   h01351    (0)   17 :  0.010 0.005 0.013 0.005 0.967 
1464   h01451    (0)   17 :  0.005 0.006 0.011 0.082 0.894 
1465   h01551    (0)   17 :  0.008 0.024 0.004 0.027 0.937 
1466   h01651    (0)   17 :  0.016 0.007 0.027 0.009 0.942 
1467   h01751    (0)   17 :  0.027 0.004 0.121 0.013 0.835 
1468   h01851    (0)   17 :  0.038 0.005 0.010 0.013 0.933 
1469   h01951    (0)   17 :  0.101 0.004 0.030 0.021 0.844 
1470   h02051    (0)   17 :  0.042 0.008 0.009 0.033 0.908 
1471   h02151    (0)   17 :  0.015 0.004 0.009 0.016 0.955 
1472   h02251    (0)   17 :  0.005 0.005 0.005 0.007 0.978 
1473   h02351    (0)   17 :  0.018 0.004 0.105 0.043 0.830 
1474   h02451    (0)   17 :  0.013 0.025 0.120 0.252 0.590 
1475   h02551    (0)   17 :  0.015 0.004 0.128 0.039 0.814 
1476   h02651    (0)   17 :  0.043 0.004 0.007 0.041 0.906 
1477   h02751    (0)   17 :  0.220 0.007 0.041 0.021 0.711 
1478   h02851    (0)   17 :  0.004 0.004 0.004 0.004 0.984 
1479   h02951    (0)   17 :  0.003 0.005 0.025 0.253 0.713 
1480   h03051    (0)   17 :  0.441 0.006 0.115 0.009 0.428 
1481   h03151    (0)   17 :  0.027 0.005 0.008 0.020 0.939 
1482   h03251    (0)   17 :  0.214 0.005 0.007 0.007 0.767 
1483   h03351    (0)   17 :  0.009 0.005 0.005 0.004 0.977 
1484   h03451    (0)   17 :  0.196 0.003 0.004 0.005 0.792 
1485   h03551    (0)   17 :  0.007 0.030 0.005 0.022 0.937 
1486   h03651    (0)   17 :  0.162 0.009 0.050 0.013 0.766 
1487   h03751    (0)   17 :  0.117 0.007 0.043 0.007 0.826 
1488   h03851    (0)   17 :  0.198 0.005 0.027 0.007 0.762 
1489   h03951    (0)   17 :  0.220 0.011 0.023 0.010 0.736 
1490   h04051    (0)   17 :  0.021 0.012 0.005 0.028 0.935 
1491   h04151    (0)   17 :  0.056 0.003 0.040 0.010 0.891 
1492   h04251    (0)   17 :  0.036 0.006 0.005 0.010 0.942 
1493   h04351    (0)   17 :  0.322 0.009 0.014 0.010 0.645 
1494   h04451    (0)   17 :  0.023 0.004 0.021 0.014 0.938 
1495   h04551    (0)   17 :  0.016 0.003 0.007 0.042 0.931 
1496   h04651    (0)   17 :  0.042 0.004 0.013 0.007 0.934 
1497   h04751    (0)   17 :  0.006 0.007 0.020 0.010 0.958 
1498   h04851    (0)   17 :  0.032 0.019 0.008 0.024 0.917 
1499   h04951    (0)   17 :  0.011 0.005 0.022 0.003 0.959 
1500   h05051    (0)   17 :  0.008 0.014 0.127 0.026 0.824 
1501   h05151    (0)   17 :  0.057 0.003 0.006 0.024 0.909 
1502   h05251    (0)   17 :  0.245 0.004 0.009 0.009 0.733 
1503   h05351    (0)   17 :  0.047 0.007 0.008 0.007 0.931 
1504   h05451    (0)   17 :  0.011 0.004 0.036 0.007 0.942 
1505   h05551    (0)   17 :  0.012 0.006 0.004 0.010 0.969 
1506   h05651    (0)   17 :  0.008 0.021 0.006 0.213 0.753 
1507   h05751    (0)   17 :  0.004 0.003 0.021 0.003 0.968 
1508   h05851    (0)   17 :  0.026 0.009 0.013 0.027 0.925 
1509   h05951    (0)   17 :  0.021 0.003 0.004 0.038 0.934 
1510   h06051    (0)   17 :  0.090 0.005 0.008 0.016 0.881 
1511   h06151    (0)   17 :  0.082 0.003 0.004 0.006 0.905 
1512   h06251    (0)   17 :  0.009 0.009 0.116 0.028 0.838 
1513   h06351    (0)   17 :  0.004 0.004 0.002 0.012 0.977 
1514   h06451    (0)   17 :  0.004 0.004 0.003 0.004 0.985 
1515   h06551    (0)   17 :  0.116 0.011 0.108 0.044 0.722 
1516   h06651    (0)   17 :  0.073 0.005 0.004 0.005 0.913 
1517   h06751    (0)   17 :  0.088 0.006 0.005 0.008 0.893 
1518   h06851    (0)   17 :  0.077 0.015 0.008 0.012 0.888 
1519   h06951    (0)   17 :  0.016 0.006 0.005 0.005 0.968 
1520   h07051    (0)   17 :  0.013 0.008 0.006 0.016 0.957 
1521   h07151    (0)   17 :  0.009 0.005 0.042 0.009 0.935 
1522   h07251    (0)   17 :  0.003 0.003 0.008 0.003 0.984 
1523   h07351    (0)   17 :  0.017 0.006 0.024 0.007 0.945 
1524   h07451    (0)   17 :  0.006 0.012 0.020 0.004 0.957 
1525   h07551    (0)   17 :  0.020 0.003 0.007 0.007 0.964 
1526   h07651    (0)   17 :  0.065 0.005 0.004 0.007 0.920 
1527   h07751    (0)   17 :  0.013 0.011 0.022 0.027 0.927 
1528   h07851    (0)   17 :  0.034 0.006 0.022 0.013 0.925 
1529   h07951    (0)   17 :  0.065 0.008 0.019 0.250 0.659 
1530   h08051    (0)   17 :  0.003 0.004 0.005 0.004 0.984 
1531   h08151    (0)   17 :  0.013 0.043 0.013 0.016 0.914 
1532   h08251    (0)   17 :  0.021 0.004 0.008 0.017 0.951 
1533   h08351    (0)   17 :  0.021 0.004 0.009 0.020 0.946 
1534   h08451    (0)   17 :  0.034 0.004 0.005 0.007 0.950 
1535   h08551    (0)   17 :  0.004 0.004 0.013 0.016 0.963 
1536   h08651    (0)   17 :  0.009 0.005 0.008 0.059 0.919 
1537   h08751    (0)   17 :  0.016 0.019 0.047 0.009 0.909 
1538   h08851    (0)   17 :  0.035 0.026 0.009 0.033 0.897 
1539   h08951    (0)   17 :  0.007 0.004 0.005 0.005 0.979 
1540   h09051    (0)   17 :  0.055 0.006 0.034 0.010 0.895 
1541   h09151    (0)   17 :  0.038 0.006 0.007 0.014 0.936 
1542   h09251    (0)   17 :  0.013 0.004 0.028 0.013 0.942 
1543   h09351    (0)   17 :  0.005 0.006 0.022 0.006 0.961 
1544   h09451    (0)   17 :  0.029 0.004 0.014 0.004 0.949 
1545   h09551    (0)   17 :  0.170 0.003 0.019 0.032 0.776 
1546   h09651    (0)   17 :  0.042 0.005 0.033 0.016 0.904 
1547   h09751    (0)   17 :  0.047 0.011 0.007 0.003 0.933 
1548   h09851    (0)   17 :  0.007 0.006 0.006 0.009 0.972 
1549   h09951    (0)   17 :  0.010 0.038 0.142 0.083 0.728 
1550   h10051    (0)   17 :  0.008 0.004 0.009 0.046 0.934 
1551    h0018    (0)   18 :  0.211 0.779 0.003 0.003 0.004 
1552    h0028    (0)   18 :  0.028 0.955 0.004 0.008 0.005 
1553    h0038    (0)   18 :  0.154 0.834 0.003 0.004 0.006 
1554    h0048    (0)   18 :  0.150 0.821 0.012 0.005 0.012 
1555    h0058    (0)   18 :  0.265 0.662 0.041 0.023 0.009 
1556    h0068    (0)   18 :  0.251 0.733 0.004 0.004 0.007 
1557    h0078    (0)   18 :  0.057 0.925 0.008 0.005 0.006 
1558    h0088    (0)   18 :  0.190 0.799 0.004 0.003 0.004 
1559    h0098    (0)   18 :  0.142 0.791 0.010 0.032 0.025 
1560    h0108    (0)   18 :  0.032 0.899 0.024 0.019 0.025 
1561    h0118    (0)   18 :  0.005 0.815 0.154 0.012 0.014 
1562    h0128    (0)   18 :  0.304 0.657 0.012 0.006 0.021 
1563    h0138    (0)   18 :  0.004 0.986 0.002 0.003 0.005 
1564    h0148    (0)   18 :  0.013 0.954 0.003 0.023 0.006 
1565    h0158    (0)   18 :  0.086 0.885 0.005 0.012 0.013 
1566    h0168    (0)   18 :  0.038 0.918 0.006 0.013 0.026 
1567    h0178    (0)   18 :  0.040 0.870 0.010 0.010 0.070 
1568    h0188    (0)   18 :  0.068 0.912 0.008 0.004 0.008 
1569    h0198    (0)   18 :  0.024 0.965 0.004 0.003 0.005 
1570    h0208    (0)   18 :  0.045 0.940 0.002 0.005 0.009 
1571    h0218    (0)   18 :  0.003 0.987 0.002 0.005 0.003 
1572    h0228    (0)   18 :  0.056 0.928 0.003 0.003 0.010 
1573    h0238    (0)   18 :  0.013 0.977 0.003 0.004 0.004 
1574    h0248    (0)   18 :  0.063 0.905 0.003 0.003 0.026 
1575    h0258    (0)   18 :  0.054 0.930 0.006 0.004 0.006 
1576    h0268    (0)   18 :  0.066 0.896 0.006 0.009 0.024 
1577    h0278    (0)   18 :  0.004 0.986 0.005 0.003 0.003 
1578    h0288    (0)   18 :  0.096 0.876 0.004 0.008 0.016 
1579    h0298    (0)   18 :  0.010 0.940 0.010 0.020 0.020 
1580    h0308    (0)   18 :  0.018 0.972 0.003 0.003 0.004 
1581    h0318    (0)   18 :  0.058 0.903 0.013 0.011 0.015 
1582    h0328    (0)   18 :  0.005 0.803 0.012 0.171 0.009 
1583    h0338    (0)   18 :  0.041 0.949 0.003 0.003 0.003 
1584    h0348    (0)   18 :  0.066 0.894 0.022 0.008 0.010 
1585    h0358    (0)   18 :  0.059 0.914 0.005 0.007 0.015 
1586    h0368    (0)   18 :  0.113 0.822 0.049 0.005 0.011 
1587    h0378    (0)   18 :  0.018 0.910 0.010 0.030 0.032 
1588    h0388    (0)   18 :  0.006 0.984 0.004 0.003 0.003 
1589    h0398    (0)   18 :  0.148 0.836 0.006 0.008 0.003 
1590    h0408    (0)   18 :  0.017 0.973 0.004 0.003 0.004 
1591    h0418    (0)   18 :  0.008 0.903 0.031 0.030 0.028 
1592    h0428    (0)   18 :  0.141 0.827 0.014 0.013 0.005 
1593    h0438    (0)   18 :  0.044 0.914 0.005 0.018 0.019 
1594    h0448    (0)   18 :  0.034 0.932 0.002 0.004 0.027 
1595    h0458    (0)   18 :  0.109 0.865 0.006 0.005 0.015 
1596    h0468    (0)   18 :  0.019 0.883 0.012 0.021 0.065 
1597    h0478    (0)   18 :  0.007 0.975 0.004 0.009 0.006 
1598    h0488    (0)   18 :  0.091 0.892 0.007 0.005 0.006 
1599    h0498    (0)   18 :  0.111 0.877 0.002 0.003 0.007 
1600    h0508    (0)   18 :  0.080 0.744 0.163 0.006 0.007 
1601    h0518    (0)   18 :  0.007 0.984 0.003 0.003 0.004 
1602    h0528    (0)   18 :  0.078 0.878 0.003 0.008 0.033 
1603    h0538    (0)   18 :  0.014 0.932 0.032 0.019 0.003 
1604    h0548    (0)   18 :  0.074 0.894 0.018 0.007 0.008 
1605    h0558    (0)   18 :  0.005 0.986 0.003 0.004 0.003 
1606    h0568    (0)   18 :  0.047 0.942 0.004 0.003 0.004 
1607    h0578    (0)   18 :  0.030 0.927 0.002 0.026 0.015 
1608    h0588    (0)   18 :  0.006 0.986 0.003 0.002 0.003 
1609    h0598    (0)   18 :  0.131 0.832 0.003 0.010 0.024 
1610    h0608    (0)   18 :  0.128 0.860 0.002 0.004 0.006 
1611    h0618    (0)   18 :  0.061 0.918 0.002 0.004 0.016 
1612    h0628    (0)   18 :  0.162 0.786 0.003 0.009 0.040 
1613    h0638    (0)   18 :  0.087 0.887 0.006 0.007 0.014 
1614    h0648    (0)   18 :  0.177 0.802 0.006 0.005 0.010 
1615    h0658    (0)   18 :  0.116 0.806 0.060 0.013 0.005 
1616    h0668    (0)   18 :  0.327 0.650 0.005 0.008 0.010 
1617    h0678    (0)   18 :  0.244 0.741 0.004 0.005 0.007 
1618    h0688    (0)   18 :  0.082 0.805 0.032 0.027 0.054 
1619    h0698    (0)   18 :  0.077 0.900 0.003 0.007 0.013 
1620    h0708    (0)   18 :  0.030 0.960 0.003 0.004 0.003 
1621    h0718    (0)   18 :  0.016 0.931 0.007 0.011 0.035 
1622    h0728    (0)   18 :  0.017 0.960 0.003 0.004 0.017 
1623    h0738    (0)   18 :  0.018 0.972 0.002 0.003 0.005 
1624    h0748    (0)   18 :  0.128 0.856 0.005 0.006 0.005 
1625    h0758    (0)   18 :  0.023 0.928 0.004 0.015 0.030 
1626    h0768    (0)   18 :  0.017 0.970 0.004 0.005 0.004 
1627    h0778    (0)   18 :  0.004 0.972 0.009 0.009 0.006 
1628    h0788    (0)   18 :  0.103 0.888 0.002 0.003 0.004 
1629    h0798    (0)   18 :  0.027 0.949 0.003 0.008 0.013 
1630    h0808    (0)   18 :  0.025 0.885 0.002 0.078 0.009 
1631    h0818    (0)   18 :  0.064 0.921 0.006 0.004 0.005 
1632    h0828    (0)   18 :  0.022 0.967 0.003 0.004 0.004 
1633    h0838    (0)   18 :  0.014 0.940 0.009 0.019 0.017 
1634    h0848    (0)   18 :  0.041 0.911 0.003 0.027 0.018 
1635    h0858    (0)   18 :  0.012 0.959 0.002 0.014 0.014 
1636    h0868    (0)   18 :  0.043 0.861 0.090 0.003 0.003 
1637    h0878    (0)   18 :  0.119 0.871 0.004 0.004 0.003 
1638    h0888    (0)   18 :  0.088 0.893 0.009 0.005 0.004 
1639    h0898    (0)   18 :  0.153 0.813 0.009 0.004 0.020 
1640    h0908    (0)   18 :  0.111 0.829 0.003 0.052 0.006 
1641    h0918    (0)   18 :  0.003 0.982 0.006 0.003 0.005 
1642    h0928    (0)   18 :  0.022 0.954 0.002 0.006 0.016 
1643    h0938    (0)   18 :  0.077 0.900 0.003 0.016 0.004 
1644    h0948    (0)   18 :  0.136 0.856 0.002 0.003 0.004 
1645    h0958    (0)   18 :  0.006 0.969 0.008 0.009 0.009 
1646    h0968    (0)   18 :  0.017 0.905 0.026 0.029 0.023 
1647    h0978    (0)   18 :  0.014 0.975 0.002 0.003 0.006 
1648    h0988    (0)   18 :  0.126 0.828 0.030 0.006 0.009 
1649    h0998    (0)   18 :  0.005 0.915 0.023 0.040 0.016 
1650    h1008    (0)   18 :  0.014 0.855 0.044 0.038 0.050 
1651   h00111    (0)   19 :  0.008 0.002 0.984 0.003 0.003 
1652   h00211    (0)   19 :  0.004 0.002 0.986 0.005 0.003 
1653   h00311    (0)   19 :  0.003 0.003 0.987 0.004 0.004 
1654   h00411    (0)   19 :  0.182 0.007 0.796 0.009 0.006 
1655   h00511    (0)   19 :  0.151 0.009 0.829 0.006 0.005 
1656   h00611    (0)   19 :  0.024 0.005 0.959 0.007 0.006 
1657   h00711    (0)   19 :  0.075 0.011 0.819 0.048 0.046 
1658   h00811    (0)   19 :  0.012 0.009 0.955 0.016 0.007 
1659   h00911    (0)   19 :  0.010 0.008 0.965 0.003 0.014 
1660   h01011    (0)   19 :  0.009 0.005 0.930 0.047 0.009 
1661   h01111    (0)   19 :  0.105 0.040 0.756 0.005 0.094 
1662   h01211    (0)   19 :  0.169 0.032 0.759 0.005 0.034 
1663   h01311    (0)   19 :  0.108 0.004 0.877 0.003 0.007 
1664   h01411    (0)   19 :  0.006 0.003 0.982 0.006 0.003 
1665   h01511    (0)   19 :  0.072 0.003 0.915 0.006 0.005 
1666   h01611    (0)   19 :  0.162 0.007 0.802 0.022 0.006 
1667   h01711    (0)   19 :  0.101 0.003 0.852 0.005 0.039 
1668   h01811    (0)   19 :  0.063 0.008 0.920 0.006 0.004 
1669   h01911    (0)   19 :  0.062 0.003 0.918 0.009 0.008 
1670   h02011    (0)   19 :  0.034 0.004 0.952 0.005 0.005 
1671   h02111    (0)   19 :  0.134 0.005 0.836 0.018 0.007 
1672   h02211    (0)   19 :  0.104 0.008 0.840 0.040 0.007 
1673   h02311    (0)   19 :  0.074 0.033 0.876 0.013 0.005 
1674   h02411    (0)   19 :  0.307 0.007 0.674 0.007 0.004 
1675   h02511    (0)   19 :  0.005 0.005 0.983 0.003 0.004 
1676   h02611    (0)   19 :  0.164 0.003 0.818 0.003 0.013 
1677   h02711    (0)   19 :  0.232 0.003 0.761 0.003 0.002 
1678   h02811    (0)   19 :  0.060 0.027 0.893 0.008 0.012 
1679   h02911    (0)   19 :  0.021 0.006 0.962 0.007 0.004 
1680   h03011    (0)   19 :  0.089 0.006 0.860 0.020 0.026 
1681   h03111    (0)   19 :  0.026 0.008 0.951 0.006 0.008 
1682   h03211    (0)   19 :  0.181 0.022 0.769 0.021 0.007 
1683   h03311    (0)   19 :  0.022 0.003 0.965 0.007 0.003 
1684   h03411    (0)   19 :  0.002 0.003 0.971 0.020 0.004 
1685   h03511    (0)   19 :  0.266 0.005 0.713 0.007 0.009 
1686   h03611    (0)   19 :  0.019 0.005 0.940 0.019 0.017 
1687   h03711    (0)   19 :  0.132 0.005 0.842 0.009 0.013 
1688   h03811    (0)   19 :  0.006 0.002 0.978 0.009 0.005 
1689   h03911    (0)   19 :  0.106 0.003 0.883 0.005 0.003 
1690   h04011    (0)   19 :  0.135 0.003 0.846 0.006 0.009 
1691   h04111    (0)   19 :  0.163 0.004 0.819 0.007 0.006 
1692   h04211    (0)   19 :  0.040 0.003 0.947 0.005 0.004 
1693   h04311    (0)   19 :  0.035 0.004 0.939 0.010 0.012 
1694   h04411    (0)   19 :  0.008 0.006 0.978 0.003 0.004 
1695   h04511    (0)   19 :  0.159 0.004 0.832 0.003 0.003 
1696   h04611    (0)   19 :  0.125 0.005 0.845 0.017 0.008 
1697   h04711    (0)   19 :  0.076 0.003 0.904 0.008 0.010 
1698   h04811    (0)   19 :  0.058 0.003 0.924 0.010 0.005 
1699   h04911    (0)   19 :  0.022 0.003 0.933 0.018 0.024 
1700   h05011    (0)   19 :  0.358 0.005 0.627 0.005 0.004 
1701   h05111    (0)   19 :  0.083 0.013 0.890 0.005 0.009 
1702   h05211    (0)   19 :  0.068 0.004 0.891 0.030 0.006 
1703   h05311    (0)   19 :  0.054 0.004 0.919 0.004 0.019 
1704   h05411    (0)   19 :  0.044 0.003 0.945 0.004 0.003 
1705   h05511    (0)   19 :  0.017 0.003 0.961 0.010 0.009 
1706   h05611    (0)   19 :  0.153 0.004 0.826 0.009 0.008 
1707   h05711    (0)   19 :  0.193 0.002 0.800 0.003 0.003 
1708   h05811    (0)   19 :  0.106 0.002 0.884 0.003 0.005 
1709   h05911    (0)   19 :  0.033 0.003 0.949 0.011 0.004 
1710   h06011    (0)   19 :  0.006 0.008 0.976 0.007 0.003 
1711   h06111    (0)   19 :  0.128 0.004 0.855 0.006 0.007 
1712   h06211    (0)   19 :  0.056 0.153 0.773 0.013 0.005 
1713   h06311    (0)   19 :  0.159 0.003 0.830 0.005 0.004 
1714   h06411    (0)   19 :  0.034 0.002 0.958 0.002 0.003 
1715   h06511    (0)   19 :  0.031 0.008 0.949 0.008 0.004 
1716   h06611    (0)   19 :  0.151 0.003 0.831 0.005 0.011 
1717   h06711    (0)   19 :  0.172 0.003 0.817 0.004 0.005 
1718   h06811    (0)   19 :  0.048 0.015 0.904 0.006 0.026 
1719   h06911    (0)   19 :  0.003 0.002 0.990 0.003 0.003 
1720   h07011    (0)   19 :  0.009 0.006 0.976 0.005 0.003 
1721   h07111    (0)   19 :  0.004 0.002 0.988 0.003 0.003 
1722   h07211    (0)   19 :  0.003 0.002 0.989 0.003 0.003 
1723   h07311    (0)   19 :  0.203 0.004 0.778 0.010 0.005 
1724   h07411    (0)   19 :  0.012 0.003 0.978 0.003 0.005 
1725   h07511    (0)   19 :  0.112 0.006 0.850 0.027 0.006 
1726   h07611    (0)   19 :  0.181 0.003 0.801 0.005 0.010 
1727   h07711    (0)   19 :  0.114 0.007 0.849 0.020 0.009 
1728   h07811    (0)   19 :  0.159 0.002 0.828 0.005 0.005 
1729   h07911    (0)   19 :  0.014 0.023 0.916 0.017 0.030 
1730   h08011    (0)   19 :  0.053 0.005 0.923 0.010 0.008 
1731   h08111    (0)   19 :  0.214 0.007 0.765 0.005 0.010 
1732   h08211    (0)   19 :  0.196 0.003 0.791 0.007 0.004 
1733   h08311    (0)   19 :  0.060 0.002 0.931 0.003 0.004 
1734   h08411    (0)   19 :  0.225 0.004 0.757 0.004 0.009 
1735   h08511    (0)   19 :  0.175 0.013 0.802 0.003 0.007 
1736   h08611    (0)   19 :  0.094 0.004 0.878 0.012 0.012 
1737   h08711    (0)   19 :  0.068 0.003 0.897 0.005 0.027 
1738   h08811    (0)   19 :  0.038 0.020 0.936 0.003 0.003 
1739   h08911    (0)   19 :  0.030 0.003 0.951 0.004 0.012 
1740   h09011    (0)   19 :  0.004 0.002 0.987 0.004 0.003 
1741   h09111    (0)   19 :  0.162 0.003 0.813 0.009 0.013 
1742   h09211    (0)   19 :  0.154 0.009 0.778 0.005 0.055 
1743   h09311    (0)   19 :  0.038 0.003 0.953 0.003 0.003 
1744   h09411    (0)   19 :  0.190 0.002 0.792 0.013 0.004 
1745   h09511    (0)   19 :  0.107 0.003 0.870 0.006 0.013 
1746   h09611    (0)   19 :  0.111 0.008 0.830 0.005 0.046 
1747   h09711    (0)   19 :  0.014 0.007 0.965 0.007 0.007 
1748   h09811    (0)   19 :  0.234 0.005 0.750 0.006 0.004 
1749   h09911    (0)   19 :  0.039 0.014 0.885 0.004 0.057 
1750   h10011    (0)   19 :  0.022 0.003 0.958 0.010 0.007 
1751   h00114    (0)   20 :  0.137 0.006 0.004 0.843 0.010 
1752   h00214    (0)   20 :  0.004 0.002 0.005 0.986 0.003 
1753   h00314    (0)   20 :  0.180 0.024 0.005 0.781 0.009 
1754   h00414    (0)   20 :  0.036 0.015 0.019 0.925 0.006 
1755   h00514    (0)   20 :  0.002 0.003 0.003 0.988 0.004 
1756   h00614    (0)   20 :  0.014 0.004 0.009 0.964 0.008 
1757   h00714    (0)   20 :  0.004 0.005 0.010 0.972 0.009 
1758   h00814    (0)   20 :  0.164 0.035 0.006 0.784 0.011 
1759   h00914    (0)   20 :  0.111 0.009 0.003 0.874 0.004 
1760   h01014    (0)   20 :  0.020 0.023 0.012 0.916 0.029 
1761   h01114    (0)   20 :  0.019 0.006 0.009 0.958 0.007 
1762   h01214    (0)   20 :  0.038 0.011 0.025 0.915 0.011 
1763   h01314    (0)   20 :  0.005 0.009 0.007 0.969 0.010 
1764   h01414    (0)   20 :  0.031 0.005 0.007 0.944 0.014 
1765   h01514    (0)   20 :  0.006 0.004 0.006 0.976 0.008 
1766   h01614    (0)   20 :  0.028 0.015 0.007 0.943 0.007 
1767   h01714    (0)   20 :  0.073 0.048 0.017 0.769 0.093 
1768   h01814    (0)   20 :  0.005 0.016 0.005 0.932 0.041 
1769   h01914    (0)   20 :  0.012 0.017 0.006 0.950 0.015 
1770   h02014    (0)   20 :  0.136 0.009 0.007 0.844 0.004 
1771   h02114    (0)   20 :  0.030 0.003 0.004 0.958 0.005 
1772   h02214    (0)   20 :  0.062 0.028 0.004 0.861 0.045 
1773   h02314    (0)   20 :  0.034 0.008 0.005 0.933 0.019 
1774   h02414    (0)   20 :  0.042 0.004 0.022 0.914 0.018 
1775   h02514    (0)   20 :  0.013 0.004 0.041 0.934 0.007 
1776   h02614    (0)   20 :  0.207 0.008 0.041 0.725 0.019 
1777   h02714    (0)   20 :  0.017 0.004 0.004 0.961 0.013 
1778   h02814    (0)   20 :  0.021 0.053 0.041 0.854 0.031 
1779   h02914    (0)   20 :  0.017 0.006 0.006 0.946 0.025 
1780   h03014    (0)   20 :  0.016 0.019 0.019 0.938 0.008 
1781   h03114    (0)   20 :  0.039 0.003 0.031 0.917 0.010 
1782   h03214    (0)   20 :  0.123 0.014 0.004 0.802 0.057 
1783   h03314    (0)   20 :  0.007 0.008 0.012 0.964 0.010 
1784   h03414    (0)   20 :  0.036 0.005 0.009 0.944 0.006 
1785   h03514    (0)   20 :  0.036 0.002 0.316 0.639 0.007 
1786   h03614    (0)   20 :  0.027 0.018 0.025 0.923 0.008 
1787   h03714    (0)   20 :  0.013 0.006 0.003 0.871 0.106 
1788   h03814    (0)   20 :  0.012 0.027 0.008 0.876 0.076 
1789   h03914    (0)   20 :  0.004 0.007 0.004 0.980 0.005 
1790   h04014    (0)   20 :  0.003 0.018 0.004 0.970 0.005 
1791   h04114    (0)   20 :  0.011 0.021 0.004 0.953 0.011 
1792   h04214    (0)   20 :  0.005 0.003 0.004 0.982 0.006 
1793   h04314    (0)   20 :  0.004 0.003 0.004 0.986 0.003 
1794   h04414    (0)   20 :  0.011 0.004 0.011 0.936 0.038 
1795   h04514    (0)   20 :  0.009 0.003 0.011 0.962 0.015 
1796   h04614    (0)   20 :  0.369 0.005 0.007 0.609 0.009 
1797   h04714    (0)   20 :  0.136 0.014 0.009 0.817 0.023 
1798   h04814    (0)   20 :  0.207 0.006 0.018 0.761 0.007 
1799   h04914    (0)   20 :  0.176 0.010 0.007 0.791 0.016 
1800   h05014    (0)   20 :  0.004 0.008 0.003 0.979 0.007 
1801   h05114    (0)   20 :  0.008 0.007 0.007 0.968 0.010 
1802   h05214    (0)   20 :  0.119 0.002 0.009 0.856 0.014 
1803   h05314    (0)   20 :  0.013 0.005 0.009 0.967 0.005 
1804   h05414    (0)   20 :  0.039 0.011 0.004 0.843 0.103 
1805   h05514    (0)   20 :  0.039 0.006 0.007 0.903 0.044 
1806   h05614    (0)   20 :  0.020 0.007 0.005 0.956 0.011 
1807   h05714    (0)   20 :  0.006 0.024 0.007 0.944 0.019 
1808   h05814    (0)   20 :  0.133 0.006 0.017 0.823 0.021 
1809   h05914    (0)   20 :  0.189 0.004 0.014 0.781 0.012 
1810   h06014    (0)   20 :  0.011 0.055 0.003 0.912 0.019 
1811   h06114    (0)   20 :  0.031 0.014 0.005 0.940 0.010 
1812   h06214    (0)   20 :  0.023 0.004 0.004 0.963 0.006 
1813   h06314    (0)   20 :  0.027 0.003 0.009 0.954 0.007 
1814   h06414    (0)   20 :  0.033 0.008 0.010 0.938 0.012 
1815   h06514    (0)   20 :  0.113 0.014 0.005 0.852 0.016 
1816   h06614    (0)   20 :  0.073 0.007 0.046 0.824 0.050 
1817   h06714    (0)   20 :  0.053 0.003 0.004 0.937 0.003 
1818   h06814    (0)   20 :  0.012 0.005 0.034 0.941 0.008 
1819   h06914    (0)   20 :  0.024 0.011 0.006 0.925 0.034 
1820   h07014    (0)   20 :  0.098 0.011 0.041 0.835 0.015 
1821   h07114    (0)   20 :  0.053 0.004 0.008 0.912 0.022 
1822   h07214    (0)   20 :  0.104 0.010 0.053 0.815 0.018 
1823   h07314    (0)   20 :  0.003 0.003 0.003 0.988 0.003 
1824   h07414    (0)   20 :  0.119 0.011 0.005 0.859 0.006 
1825   h07514    (0)   20 :  0.015 0.012 0.008 0.759 0.206 
1826   h07614    (0)   20 :  0.007 0.002 0.043 0.943 0.004 
1827   h07714    (0)   20 :  0.017 0.003 0.004 0.969 0.008 
1828   h07814    (0)   20 :  0.176 0.007 0.048 0.758 0.011 
1829   h07914    (0)   20 :  0.010 0.004 0.004 0.980 0.003 
1830   h08014    (0)   20 :  0.003 0.007 0.005 0.976 0.009 
1831   h08114    (0)   20 :  0.144 0.004 0.006 0.839 0.007 
1832   h08214    (0)   20 :  0.006 0.005 0.003 0.980 0.006 
1833   h08314    (0)   20 :  0.006 0.011 0.010 0.968 0.004 
1834   h08414    (0)   20 :  0.259 0.149 0.004 0.581 0.007 
1835   h08514    (0)   20 :  0.049 0.003 0.014 0.860 0.073 
1836   h08614    (0)   20 :  0.027 0.004 0.003 0.832 0.135 
1837   h08714    (0)   20 :  0.175 0.005 0.006 0.803 0.011 
1838   h08814    (0)   20 :  0.030 0.003 0.006 0.947 0.014 
1839   h08914    (0)   20 :  0.097 0.006 0.007 0.882 0.007 
1840   h09014    (0)   20 :  0.006 0.010 0.008 0.970 0.006 
1841   h09114    (0)   20 :  0.004 0.004 0.013 0.974 0.005 
1842   h09214    (0)   20 :  0.231 0.004 0.003 0.753 0.009 
1843   h09314    (0)   20 :  0.010 0.021 0.014 0.903 0.051 
1844   h09414    (0)   20 :  0.045 0.005 0.016 0.909 0.024 
1845   h09514    (0)   20 :  0.012 0.006 0.019 0.949 0.014 
1846   h09614    (0)   20 :  0.018 0.005 0.005 0.964 0.008 
1847   h09714    (0)   20 :  0.051 0.003 0.006 0.926 0.013 
1848   h09814    (0)   20 :  0.041 0.008 0.008 0.937 0.007 
1849   h09914    (0)   20 :  0.093 0.016 0.011 0.866 0.015 
1850   h10014    (0)   20 :  0.005 0.004 0.004 0.979 0.009 
1851   DAM2HL   (10)   21 :  0.003 0.005 0.004 0.017 0.972 
1852    M2ALK    (0)   21 :  0.006 0.006 0.010 0.297 0.681 
1853    M2E2J    (0)   21 :  0.009 0.045 0.004 0.004 0.938 
1854    M2E73    (0)   21 :  0.003 0.009 0.005 0.007 0.976 
1855    M2E74    (0)   21 :  0.005 0.004 0.060 0.128 0.803 
1856    M2EUJ    (5)   21 :  0.003 0.004 0.055 0.068 0.869 
1857   DAM1XK    (0)   21 :  0.003 0.005 0.003 0.011 0.978 
1858    M2057    (0)   21 :  0.004 0.002 0.006 0.005 0.982 
1859    M2271    (0)   21 :  0.003 0.224 0.006 0.010 0.757 
1860    M27YK    (0)   21 :  0.020 0.003 0.023 0.019 0.935 
1861    M2A1H    (0)   21 :  0.003 0.558 0.006 0.023 0.409 
1862    M2E0P    (0)   21 :  0.004 0.010 0.003 0.009 0.974 
1863    M2E75    (0)   21 :  0.002 0.007 0.003 0.011 0.976 
1864    M2E76    (0)   21 :  0.004 0.004 0.007 0.013 0.974 
1865   MSV0T5    (5)   21 :  0.004 0.015 0.002 0.003 0.975 
1866   MSV241    (0)   21 :  0.005 0.005 0.003 0.008 0.979 
1867   MSV2A0    (0)   21 :  0.008 0.013 0.005 0.006 0.968 
1868   MSV2A1    (0)   21 :  0.003 0.014 0.004 0.006 0.973 
1869   MSV2A8    (0)   21 :  0.004 0.005 0.007 0.100 0.884 
1870   DAM1P5    (0)   21 :  0.002 0.004 0.003 0.004 0.986 
1871    M1084    (0)   21 :  0.003 0.004 0.005 0.011 0.978 
1872   MSV2M4    (5)   21 :  0.004 0.008 0.005 0.006 0.977 
1873   MSV2T6    (5)   21 :  0.004 0.176 0.004 0.010 0.806 
1874    M1UM1    (5)   21 :  0.005 0.008 0.007 0.006 0.974 
1875    M2ECL    (0)   21 :  0.006 0.003 0.010 0.011 0.970 
1876    M2EJ0    (0)   21 :  0.003 0.003 0.004 0.006 0.984 
1877   MSV20J    (0)   21 :  0.003 0.011 0.004 0.024 0.958 
1878   MSV2TK    (0)   21 :  0.006 0.003 0.016 0.004 0.972 
1879   MSV2TX    (0)   21 :  0.003 0.005 0.004 0.023 0.965 
1880   MSV310    (0)   21 :  0.009 0.013 0.004 0.007 0.968 
1881   MSV33F    (0)   21 :  0.006 0.035 0.004 0.005 0.950 
1882   DAM35L    (0)   21 :  0.004 0.010 0.003 0.006 0.978 
1883    M2E4C    (0)   21 :  0.004 0.004 0.006 0.024 0.962 
1884    M2E4H    (0)   21 :  0.003 0.011 0.003 0.003 0.979 
1885    M2E65    (0)   21 :  0.005 0.004 0.007 0.092 0.892 
1886    M2EEJ    (0)   21 :  0.005 0.054 0.006 0.006 0.929 
1887    M2EEP    (5)   21 :  0.005 0.019 0.005 0.037 0.935 
1888   MSV1TU    (0)   21 :  0.008 0.010 0.004 0.012 0.966 
1889   MSV20M    (0)   21 :  0.003 0.007 0.005 0.012 0.974 
1890   MSV223    (0)   21 :  0.004 0.007 0.003 0.004 0.981 
1891   MSV22E    (0)   21 :  0.004 0.009 0.007 0.012 0.967 
1892   MSV23J    (0)   21 :  0.004 0.008 0.004 0.003 0.980 
1893   MSV2K6    (5)   21 :  0.004 0.019 0.004 0.009 0.964 
1894   DAM23U    (5)   21 :  0.007 0.014 0.010 0.022 0.947 
1895    M2E8A    (5)   21 :  0.004 0.032 0.007 0.012 0.944 
1896   MSV2L2    (5)   21 :  0.006 0.019 0.005 0.009 0.962 
1897    M1YMH    (5)   21 :  0.007 0.016 0.005 0.005 0.967 
1898    M2A84    (5)   21 :  0.011 0.012 0.005 0.008 0.964 
1899   MSV23M    (0)   21 :  0.003 0.006 0.004 0.004 0.982 
1900  AP.085T    (5)   21 :  0.003 0.011 0.004 0.018 0.964 
1901  AP.086J    (0)   21 :  0.004 0.008 0.008 0.053 0.927 
1902  AP.08C2    (0)   21 :  0.008 0.028 0.026 0.031 0.907 
1903  AP.08CF    (0)   21 :  0.003 0.013 0.003 0.019 0.962 
1904  AP.08CX    (0)   21 :  0.003 0.004 0.003 0.008 0.983 
1905  AP.08CY    (0)   21 :  0.005 0.008 0.051 0.015 0.921 
1906   DAM0JX    (0)   21 :  0.004 0.012 0.004 0.008 0.972 
1907   DAM0P4    (0)   21 :  0.003 0.013 0.005 0.005 0.974 
1908   DAM0UK    (0)   21 :  0.004 0.005 0.005 0.004 0.982 
1909    M2030    (0)   21 :  0.003 0.088 0.005 0.005 0.900 
1910   MSV24M    (0)   21 :  0.004 0.007 0.004 0.010 0.976 
1911    M20AM    (0)   21 :  0.005 0.003 0.011 0.022 0.959 
1912    M21YP    (0)   21 :  0.003 0.003 0.986 0.005 0.003 
1913    M2205    (0)   21 :  0.002 0.009 0.003 0.004 0.981 
1914    M2206    (0)   21 :  0.002 0.009 0.005 0.009 0.976 
1915   MSV267    (0)   21 :  0.003 0.005 0.003 0.008 0.981 
1916    M2757    (0)   21 :  0.005 0.005 0.013 0.043 0.935 
1917    M27TH    (0)   21 :  0.003 0.002 0.009 0.007 0.979 
1918   MSV2JA    (0)   21 :  0.006 0.329 0.089 0.045 0.532 
1919   MSV2KU    (0)   21 :  0.004 0.043 0.006 0.036 0.911 
1920   MSV2MF    (0)   21 :  0.005 0.036 0.004 0.303 0.652 
1921   MSV2TA    (0)   21 :  0.003 0.005 0.007 0.010 0.975 
1922   MSV2TE    (0)   21 :  0.003 0.006 0.004 0.007 0.980 
1923   MSV2TU    (0)   21 :  0.004 0.008 0.003 0.005 0.980 
1924   MSV2UT    (0)   21 :  0.004 0.006 0.011 0.019 0.960 
1925   MSV306    (0)   21 :  0.003 0.006 0.005 0.011 0.975 
1926   MSV311    (0)   21 :  0.002 0.004 0.005 0.008 0.980 
1927   MSV31M    (0)   21 :  0.003 0.005 0.008 0.008 0.976 
1928   MSV325    (0)   21 :  0.004 0.044 0.003 0.015 0.933 
1929   MSV32H    (0)   21 :  0.006 0.020 0.006 0.004 0.963 
1930  CX.112U    (0)   21 :  0.004 0.005 0.006 0.022 0.964 
1931   DAM2PC    (0)   21 :  0.003 0.794 0.006 0.005 0.193 
1932    M2E48    (0)   21 :  0.004 0.006 0.005 0.041 0.944 
1933    M2E7K    (0)   21 :  0.004 0.007 0.007 0.043 0.939 
1934    M2E80    (0)   21 :  0.004 0.010 0.005 0.032 0.948 
1935    M2EAM    (0)   21 :  0.002 0.007 0.009 0.015 0.968 
1936    M2EFF    (0)   21 :  0.006 0.005 0.010 0.013 0.966 
1937    M2EFY    (0)   21 :  0.003 0.003 0.016 0.013 0.965 
1938    M2EHM    (0)   21 :  0.003 0.017 0.003 0.008 0.968 
1939    M2EK0    (0)   21 :  0.003 0.011 0.005 0.005 0.977 
1940    M2EK1    (0)   21 :  0.002 0.009 0.007 0.004 0.978 
1941   MSV22F    (0)   21 :  0.003 0.012 0.003 0.026 0.956 
1942   MSV273    (0)   21 :  0.007 0.005 0.009 0.007 0.972 
1943   MSV0TL   (10)   21 :  0.004 0.650 0.004 0.009 0.333 
1944   MSV0TT    (0)   21 :  0.004 0.015 0.005 0.008 0.968 
1945   MSV12H    (0)   21 :  0.004 0.008 0.003 0.037 0.949 
1946   MSV1TH    (0)   21 :  0.005 0.066 0.007 0.110 0.811 
1947   MSV275    (0)   21 :  0.006 0.090 0.010 0.009 0.885 
1948   MSV286    (0)   21 :  0.006 0.005 0.007 0.036 0.946 
1949   MSV2H4    (0)   21 :  0.003 0.005 0.008 0.009 0.974 
1950   MSV2K8    (0)   21 :  0.003 0.013 0.005 0.006 0.972 
1951   MSV2PM    (0)   21 :  0.002 0.004 0.003 0.004 0.986 
1952   MSV2X3    (0)   21 :  0.002 0.007 0.003 0.008 0.980 
1953   MSV2X4    (0)   21 :  0.005 0.019 0.005 0.005 0.966 
1954   MSV30U    (0)   21 :  0.002 0.006 0.004 0.008 0.979 
1955  CX.111C    (0)   21 :  0.003 0.013 0.003 0.009 0.972 
1956  AP.07M2    (0)   22 :  0.015 0.006 0.003 0.006 0.970 
1957   HRV05C   (10)   22 :  0.007 0.014 0.003 0.005 0.971 
1958   HRV077   (10)   22 :  0.006 0.010 0.075 0.032 0.877 
1959   HRV0A0    (5)   22 :  0.003 0.008 0.003 0.010 0.976 
1960   HRV0MC    (5)   22 :  0.003 0.017 0.006 0.004 0.970 
1961   HRV00P    (0)   22 :  0.003 0.022 0.005 0.007 0.964 
1962   HRV01J    (5)   22 :  0.004 0.082 0.015 0.005 0.894 
1963   HRV026    (5)   22 :  0.004 0.083 0.003 0.006 0.904 
1964   HRV02C    (0)   22 :  0.002 0.012 0.003 0.003 0.980 
1965   HRV031    (0)   22 :  0.002 0.008 0.003 0.004 0.983 
1966   HRV033    (0)   22 :  0.002 0.008 0.003 0.004 0.982 
1967   HRV05L    (0)   22 :  0.002 0.005 0.004 0.004 0.985 
1968   HRV06A    (0)   22 :  0.003 0.007 0.008 0.005 0.976 
1969   HRV07P    (5)   22 :  0.002 0.007 0.004 0.012 0.975 
1970   HRV0HC    (5)   22 :  0.018 0.009 0.011 0.006 0.955 
1971   HRV0HU   (10)   22 :  0.005 0.010 0.004 0.005 0.976 
1972   HRV0K1    (0)   22 :  0.003 0.006 0.004 0.004 0.983 
1973   HRV0M6    (5)   22 :  0.006 0.046 0.015 0.005 0.928 
1974   HRV0M7    (5)   22 :  0.004 0.004 0.014 0.008 0.971 
1975   HRV0MK    (0)   22 :  0.002 0.005 0.005 0.005 0.982 
1976   HRV1C7    (5)   22 :  0.003 0.028 0.004 0.007 0.958 
1977   HRV1EA    (0)   22 :  0.018 0.004 0.009 0.021 0.949 
1978    M147K    (5)   22 :  0.002 0.018 0.014 0.006 0.961 
1979   HRV008    (0)   22 :  0.003 0.025 0.003 0.003 0.966 
1980   HRV015    (0)   22 :  0.006 0.079 0.007 0.004 0.904 
1981   HRV01F    (0)   22 :  0.006 0.011 0.010 0.004 0.969 
1982   HRV01L    (0)   22 :  0.003 0.035 0.003 0.005 0.954 
1983   HRV01M    (0)   22 :  0.003 0.017 0.002 0.019 0.958 
1984   HRV020    (0)   22 :  0.005 0.157 0.003 0.016 0.818 
1985   HRV022    (0)   22 :  0.014 0.034 0.013 0.005 0.935 
1986   HRV02A    (0)   22 :  0.005 0.006 0.006 0.005 0.978 
1987   HRV02K    (0)   22 :  0.009 0.158 0.004 0.019 0.809 
1988   HRV04C    (0)   22 :  0.003 0.021 0.003 0.027 0.945 
1989   HRV05H    (0)   22 :  0.005 0.005 0.003 0.005 0.983 
1990   HRV076    (0)   22 :  0.010 0.008 0.006 0.019 0.958 
1991   HRV07H    (0)   22 :  0.003 0.005 0.004 0.004 0.984 
1992   HRV07X    (0)   22 :  0.006 0.003 0.004 0.004 0.983 
1993   HRV080    (0)   22 :  0.003 0.005 0.002 0.005 0.984 
1994   HRV086    (5)   22 :  0.004 0.008 0.007 0.005 0.976 
1995   HRV0H3    (5)   22 :  0.004 0.036 0.011 0.007 0.942 
1996   HRV0J3    (0)   22 :  0.004 0.003 0.012 0.005 0.976 
1997   HRV0JX   (15)   22 :  0.010 0.010 0.028 0.011 0.941 
1998   HRV0ML   (10)   22 :  0.003 0.028 0.003 0.003 0.963 
1999   HRV1E8   (10)   22 :  0.003 0.006 0.005 0.006 0.980 
2000   HRV007   (10)   22 :  0.005 0.008 0.005 0.030 0.951 
2001   HRV005    (5)   22 :  0.004 0.012 0.014 0.021 0.950 
2002   HRV05U    (5)   22 :  0.003 0.013 0.005 0.010 0.968 
2003   HRV01U    (5)   22 :  0.003 0.003 0.013 0.013 0.967 
2004  AP.07M1    (5)   22 :  0.003 0.018 0.004 0.005 0.971 
2005  AP.07ME    (5)   22 :  0.003 0.005 0.005 0.010 0.977 
2006  AP.0817    (5)   22 :  0.003 0.004 0.005 0.007 0.981 
2007  AP.0863   (15)   22 :  0.009 0.010 0.008 0.010 0.963 
2008  AP.087T    (5)   22 :  0.008 0.010 0.002 0.005 0.974 
2009  AP.088T    (5)   22 :  0.003 0.007 0.003 0.004 0.983 
2010  CH.0LM1   (15)   22 :  0.004 0.013 0.005 0.007 0.970 
2011    M05X5    (5)   22 :  0.024 0.012 0.008 0.016 0.940 
2012    M06JH    (5)   22 :  0.020 0.017 0.022 0.246 0.696 
2013    M0A6K    (5)   22 :  0.003 0.004 0.005 0.007 0.980 
2014    M0ETF    (5)   22 :  0.003 0.030 0.004 0.005 0.958 
2015    M0LUP   (10)   22 :  0.004 0.007 0.008 0.005 0.976 
2016    M16F1    (5)   22 :  0.003 0.142 0.003 0.004 0.847 
2017    M182M    (5)   22 :  0.003 0.002 0.007 0.005 0.982 
2018    M1CFL   (10)   22 :  0.003 0.056 0.005 0.007 0.930 
2019    M2AXY   (10)   22 :  0.004 0.007 0.007 0.016 0.966 
2020    M2AY2   (10)   22 :  0.010 0.006 0.006 0.009 0.969 
2021    M2CHP   (10)   22 :  0.048 0.048 0.009 0.027 0.867 
2022    W26LK    (5)   22 :  0.003 0.007 0.004 0.016 0.970 
2023    W26ME   (10)   22 :  0.004 0.013 0.173 0.062 0.748 
2024  AM.07FM    (0)   22 :  0.002 0.053 0.006 0.009 0.928 
2025  AM.07FP    (5)   22 :  0.004 0.050 0.004 0.005 0.938 
2026  AP.07M4    (0)   22 :  0.002 0.008 0.002 0.005 0.983 
2027  AP.07M7    (0)   22 :  0.002 0.003 0.002 0.003 0.989 
2028  AP.07M8    (0)   22 :  0.004 0.006 0.003 0.005 0.982 
2029  AP.07MA    (0)   22 :  0.019 0.013 0.005 0.006 0.956 
2030  AP.07MC    (0)   22 :  0.002 0.006 0.010 0.005 0.977 
2031  AP.07P8    (0)   22 :  0.010 0.050 0.004 0.006 0.931 
2032  AP.07U8    (0)   22 :  0.004 0.115 0.008 0.007 0.866 
2033  AP.081F   (10)   22 :  0.006 0.008 0.004 0.006 0.976 
2034  AP.081H   (10)   22 :  0.026 0.005 0.009 0.009 0.951 
2035  AP.0820    (0)   22 :  0.009 0.012 0.004 0.006 0.968 
2036  AP.0841    (5)   22 :  0.073 0.013 0.011 0.010 0.892 
2037  AP.0858    (0)   22 :  0.004 0.016 0.008 0.017 0.954 
2038  AP.085U    (5)   22 :  0.009 0.005 0.005 0.013 0.968 
2039  AP.085X    (5)   22 :  0.003 0.021 0.007 0.007 0.962 
2040  AP.0861    (5)   22 :  0.004 0.035 0.010 0.009 0.942 
2041  AP.0864   (10)   22 :  0.003 0.011 0.003 0.006 0.978 
2042  AP.086X    (0)   22 :  0.003 0.005 0.003 0.004 0.986 
2043  AP.0872    (0)   22 :  0.003 0.007 0.004 0.006 0.979 
2044  AP.0875    (0)   22 :  0.020 0.004 0.034 0.006 0.935 
2045  AP.087A    (0)   22 :  0.003 0.004 0.006 0.004 0.983 
2046  AP.087C    (0)   22 :  0.005 0.007 0.007 0.006 0.974 
2047  AP.087E    (0)   22 :  0.003 0.005 0.004 0.005 0.984 
2048  AP.087H    (0)   22 :  0.003 0.082 0.004 0.069 0.842 
2049  AP.087K    (0)   22 :  0.003 0.007 0.007 0.012 0.972 
2050  AP.087L    (0)   22 :  0.003 0.023 0.003 0.004 0.967 
2051  AP.087M    (0)   22 :  0.003 0.005 0.006 0.011 0.975 
2052  AP.087P    (0)   22 :  0.004 0.005 0.007 0.006 0.979 
2053  AP.087U    (0)   22 :  0.010 0.026 0.010 0.011 0.943 
2054  AP.087X    (0)   22 :  0.008 0.011 0.011 0.026 0.944 
2055  AP.0881    (0)   22 :  0.006 0.010 0.021 0.030 0.933 
2056  AP.0882    (0)   22 :  0.003 0.046 0.006 0.210 0.736 
2057  AP.0883    (0)   22 :  0.006 0.007 0.003 0.008 0.976 
2058  AP.0884    (0)   22 :  0.003 0.008 0.003 0.007 0.979 
2059  AP.0885    (5)   22 :  0.004 0.006 0.008 0.015 0.968 
2060  AP.0887    (0)   22 :  0.004 0.016 0.007 0.029 0.944 
2061  AP.0888    (5)   22 :  0.264 0.005 0.021 0.007 0.704 
2062  AP.088A    (0)   22 :  0.003 0.005 0.004 0.040 0.948 
2063  AP.088C    (0)   22 :  0.008 0.114 0.009 0.005 0.864 
2064  AP.088J    (0)   22 :  0.005 0.008 0.028 0.005 0.955 
2065  AP.088K    (0)   22 :  0.003 0.009 0.004 0.005 0.979 
2066  AP.088L    (0)   22 :  0.003 0.009 0.003 0.005 0.980 
2067  AP.088U    (0)   22 :  0.004 0.021 0.013 0.026 0.936 
2068  AP.088X    (0)   22 :  0.003 0.023 0.003 0.006 0.966 
2069  AP.08A0    (0)   22 :  0.003 0.004 0.002 0.003 0.988 
2070  AP.08A1    (0)   22 :  0.003 0.006 0.005 0.005 0.981 
2071  AP.08A3    (0)   22 :  0.003 0.005 0.004 0.003 0.986 
2072  AP.08A4    (0)   22 :  0.012 0.122 0.009 0.033 0.824 
2073  AP.08A5    (0)   22 :  0.003 0.005 0.005 0.005 0.983 
2074  AP.08A6    (0)   22 :  0.006 0.004 0.004 0.006 0.980 
2075  AP.08A8    (5)   22 :  0.003 0.006 0.005 0.006 0.979 
2076  AP.08AC    (0)   22 :  0.004 0.010 0.005 0.003 0.978 
2077  AP.08AH    (0)   22 :  0.005 0.013 0.017 0.018 0.947 
2078  AP.08AJ    (0)   22 :  0.006 0.009 0.004 0.004 0.977 
2079  AP.08AM   (10)   22 :  0.003 0.016 0.003 0.010 0.968 
2080  AP.08AT    (0)   22 :  0.003 0.006 0.002 0.006 0.982 
2081  AP.08AX    (0)   22 :  0.003 0.009 0.002 0.004 0.982 
2082  CH.0LLP    (0)   22 :  0.004 0.008 0.003 0.003 0.982 
2083  CH.0LM2   (10)   22 :  0.002 0.005 0.003 0.005 0.985 
2084  CH.0LM4    (5)   22 :  0.003 0.005 0.008 0.016 0.969 
2085  CH.0LM5    (0)   22 :  0.004 0.008 0.005 0.020 0.964 
2086    M0102    (5)   22 :  0.003 0.005 0.003 0.004 0.985 
2087    M023A    (5)   22 :  0.003 0.005 0.002 0.018 0.972 
2088    M03MM   (10)   22 :  0.004 0.005 0.008 0.015 0.969 
2089    M04PF    (0)   22 :  0.003 0.011 0.002 0.007 0.977 
2090    M04XH    (5)   22 :  0.010 0.006 0.026 0.022 0.935 
2091    M04XM   (10)   22 :  0.003 0.017 0.003 0.007 0.970 
2092    M0557    (0)   22 :  0.006 0.004 0.015 0.034 0.941 
2093    M055C    (0)   22 :  0.021 0.017 0.004 0.032 0.926 
2094    M05JC    (0)   22 :  0.004 0.004 0.008 0.139 0.846 
2095    M05PH    (0)   22 :  0.005 0.010 0.068 0.015 0.903 
2096    M05X6    (0)   22 :  0.003 0.010 0.003 0.020 0.964 
2097    M07TC    (0)   22 :  0.007 0.004 0.003 0.012 0.974 
2098    M0A66    (0)   22 :  0.003 0.018 0.004 0.005 0.970 
2099    M0EYT    (0)   22 :  0.003 0.016 0.007 0.007 0.967 
2100    M0FF2    (0)   22 :  0.003 0.013 0.003 0.006 0.976 
2101    M0HJ6    (5)   22 :  0.007 0.003 0.016 0.014 0.960 
2102   HRV0JL    (0)   22 :  0.002 0.009 0.002 0.004 0.983 
2103   HRV0JP    (0)   22 :  0.004 0.265 0.030 0.011 0.691 
2104   HRV0KA    (0)   22 :  0.004 0.005 0.008 0.004 0.979 
2105   HRV0LJ    (5)   22 :  0.006 0.019 0.005 0.013 0.956 
2106   HRV0LM    (0)   22 :  0.004 0.010 0.003 0.009 0.975 
2107   HRV0LP    (0)   22 :  0.007 0.014 0.008 0.055 0.916 
2108    M0HJ8    (0)   22 :  0.003 0.016 0.005 0.015 0.960 
2109    M0HM3    (0)   22 :  0.003 0.022 0.008 0.011 0.957 
2110    M0J1X    (0)   22 :  0.003 0.005 0.005 0.003 0.984 
2111    M0L32    (0)   22 :  0.006 0.086 0.013 0.013 0.883 
2112    M0L8F    (0)   22 :  0.007 0.006 0.003 0.022 0.962 
2113    M0LUH    (0)   22 :  0.003 0.006 0.005 0.003 0.983 
2114    M0XPJ    (0)   22 :  0.003 0.013 0.006 0.011 0.966 
2115    M0XTE    (0)   22 :  0.007 0.006 0.008 0.008 0.970 
2116    M157H    (0)   22 :  0.003 0.180 0.004 0.006 0.808 
2117    M16YU    (0)   22 :  0.002 0.013 0.002 0.012 0.971 
2118    M1751    (0)   22 :  0.003 0.004 0.003 0.004 0.986 
2119    M1C2H    (0)   22 :  0.003 0.005 0.005 0.007 0.980 
2120    M1E60    (0)   22 :  0.002 0.005 0.003 0.004 0.986 
2121    M1EKX    (0)   22 :  0.003 0.007 0.003 0.012 0.975 
2122    M1EKY    (0)   22 :  0.003 0.006 0.007 0.012 0.972 
2123    M1EL3    (0)   22 :  0.008 0.007 0.007 0.009 0.968 
2124    M1ELC    (0)   22 :  0.004 0.008 0.004 0.005 0.979 
2125    M1ELE    (0)   22 :  0.002 0.004 0.003 0.004 0.986 
2126    M2AY0   (10)   22 :  0.007 0.009 0.004 0.018 0.962 
2127    M2AY4    (5)   22 :  0.003 0.017 0.125 0.014 0.841 
2128    M2AY5   (10)   22 :  0.004 0.007 0.007 0.009 0.972 
2129    M2AY8    (5)   22 :  0.034 0.020 0.048 0.014 0.883 
2130    M2C3A   (10)   22 :  0.003 0.021 0.005 0.007 0.963 
2131    M2C3F   (10)   22 :  0.004 0.103 0.021 0.021 0.850 
2132   HRV0ME    (0)   22 :  0.005 0.032 0.012 0.007 0.944 
2133    M2CHJ    (5)   22 :  0.008 0.010 0.005 0.017 0.960 
2134    M2CHM    (5)   22 :  0.027 0.008 0.007 0.017 0.941 
2135    M2CHY   (10)   22 :  0.007 0.036 0.029 0.014 0.915 
2136    W23E8    (0)   22 :  0.003 0.022 0.003 0.011 0.960 
2137    W23EM    (0)   22 :  0.004 0.007 0.003 0.005 0.981 
2138    W23EX    (0)   22 :  0.004 0.006 0.004 0.006 0.981 
2139    W23F0    (0)   22 :  0.003 0.004 0.002 0.004 0.986 
2140    W26L5    (0)   22 :  0.022 0.260 0.004 0.011 0.704 
2141    W26LM    (0)   22 :  0.011 0.003 0.004 0.071 0.911 
2142    W26MJ    (0)   22 :  0.066 0.008 0.005 0.010 0.910 
2143    W26ML    (0)   22 :  0.003 0.003 0.005 0.016 0.973 
2144    W26MT    (0)   22 :  0.003 0.004 0.005 0.039 0.950 
2145    W26PE    (5)   22 :  0.008 0.005 0.025 0.009 0.954 
2146    W26PJ    (0)   22 :  0.008 0.012 0.106 0.036 0.839 
2147    W26PT    (0)   22 :  0.002 0.010 0.004 0.003 0.981 
2148    W26PX   (10)   22 :  0.005 0.009 0.004 0.007 0.975 
2149    W26T0    (5)   22 :  0.004 0.014 0.005 0.003 0.974 
2150    W26TC    (0)   22 :  0.002 0.005 0.004 0.004 0.986 
2151    W26TJ    (5)   22 :  0.007 0.007 0.006 0.016 0.964 
2152    W26UE    (5)   22 :  0.004 0.015 0.006 0.022 0.952 
2153    W26UF    (0)   22 :  0.003 0.018 0.004 0.020 0.956 
2154    W26UL    (0)   22 :  0.014 0.008 0.005 0.003 0.970 
2155    W26X2    (0)   22 :  0.003 0.008 0.004 0.009 0.975 
2156    W2716    (0)   22 :  0.004 0.004 0.011 0.025 0.955 
2157   HRV1C6    (0)   22 :  0.002 0.024 0.003 0.007 0.964 
2158   HRV1CX    (0)   22 :  0.008 0.014 0.004 0.010 0.965 
2159   HRV1E2    (0)   22 :  0.003 0.007 0.008 0.007 0.975 
2160   HRV1E4    (0)   22 :  0.002 0.005 0.004 0.015 0.973 
2161   HRV1E5    (0)   22 :  0.002 0.005 0.004 0.009 0.980 
2162   HRV1EC    (0)   22 :  0.003 0.009 0.004 0.013 0.970 
2163   HRV1EK    (0)   22 :  0.006 0.014 0.008 0.004 0.969 
2164   HRV001    (0)   22 :  0.003 0.007 0.025 0.041 0.924 
2165   HRV00H    (0)   22 :  0.003 0.003 0.020 0.014 0.960 
2166   HRV00K    (0)   22 :  0.003 0.004 0.009 0.011 0.974 
2167   HRV01X    (0)   22 :  0.004 0.062 0.004 0.004 0.926 
2168   HRV025    (0)   22 :  0.005 0.029 0.011 0.012 0.943 
2169   HRV028    (0)   22 :  0.004 0.061 0.004 0.004 0.927 
2170   HRV041    (0)   22 :  0.003 0.005 0.005 0.014 0.972 
2171   HRV04F    (0)   22 :  0.003 0.005 0.006 0.009 0.977 
2172   HRV04L    (0)   22 :  0.003 0.008 0.003 0.023 0.963 
2173   HRV055    (0)   22 :  0.003 0.005 0.002 0.019 0.972 
2174   HRV05J    (0)   22 :  0.003 0.012 0.002 0.004 0.979 
2175   HRV07J    (0)   22 :  0.002 0.050 0.003 0.005 0.940 
2176   HRV07K    (0)   22 :  0.018 0.149 0.004 0.005 0.824 
2177   HRV07L    (0)   22 :  0.015 0.009 0.006 0.005 0.966 
2178   HRV07M    (0)   22 :  0.003 0.006 0.003 0.011 0.977 
2179   HRV0HM    (0)   22 :  0.005 0.010 0.011 0.008 0.966 
2180   HRV0J2    (0)   22 :  0.003 0.016 0.003 0.003 0.976 
2181   HRV0K3    (0)   22 :  0.003 0.010 0.013 0.008 0.966 
2182   HRV0KE    (0)   22 :  0.003 0.006 0.004 0.006 0.982 
2183   HRV0KF    (0)   22 :  0.004 0.009 0.005 0.007 0.974 
2184   HRV0KU    (0)   22 :  0.006 0.015 0.004 0.006 0.969 
2185   HRV0L6    (0)   22 :  0.003 0.005 0.007 0.005 0.981 
2186   HRV0M2    (0)   22 :  0.005 0.014 0.004 0.014 0.962 
2187   HRV0MF    (0)   22 :  0.003 0.013 0.002 0.007 0.974 
2188   HRV0MJ    (0)   22 :  0.007 0.067 0.004 0.012 0.911 
2189   HRV1AT    (0)   22 :  0.003 0.004 0.004 0.004 0.986 
2190   HRV1C1    (0)   22 :  0.004 0.005 0.003 0.004 0.985 
2191   HRV1CL    (0)   22 :  0.003 0.007 0.003 0.006 0.980 
2192   HRV1E1    (0)   22 :  0.003 0.004 0.004 0.007 0.982 
2193   HRV1E7    (0)   22 :  0.003 0.006 0.003 0.010 0.978 
2194   HRV1EE    (0)   22 :  0.003 0.005 0.004 0.008 0.979 
2195   HRV1ET    (0)   22 :  0.003 0.006 0.005 0.007 0.980 
2196      148    (5)   23 :  0.009 0.004 0.011 0.007 0.969 
2197      149    (0)   23 :  0.004 0.006 0.012 0.028 0.950 
2198      213    (0)   23 :  0.004 0.009 0.007 0.005 0.975 
2199      215    (0)   23 :  0.005 0.008 0.007 0.014 0.965 
2200      218    (0)   23 :  0.004 0.016 0.003 0.005 0.973 
2201      219    (0)   23 :  0.077 0.010 0.019 0.010 0.885 
2202      222    (0)   23 :  0.009 0.021 0.008 0.030 0.931 
2203      224    (0)   23 :  0.010 0.054 0.007 0.026 0.903 
2204      225    (0)   23 :  0.003 0.017 0.019 0.026 0.935 
2205      229    (0)   23 :  0.004 0.004 0.003 0.004 0.985 
2206      231    (0)   23 :  0.006 0.007 0.003 0.006 0.977 
2207   HRV1CP    (0)   23 :  0.005 0.015 0.004 0.032 0.943 
2208      239    (0)   23 :  0.003 0.016 0.005 0.009 0.967 
2209      240    (0)   23 :  0.003 0.005 0.004 0.006 0.981 
2210      243    (0)   23 :  0.003 0.092 0.008 0.007 0.890 
2211      248    (0)   23 :  0.002 0.008 0.003 0.006 0.980 
2212      250    (0)   23 :  0.003 0.004 0.007 0.007 0.979 
2213      251    (0)   23 :  0.006 0.004 0.003 0.013 0.974 
2214      256    (0)   23 :  0.004 0.004 0.005 0.014 0.973 
2215      260    (0)   23 :  0.008 0.003 0.009 0.080 0.900 
2216      261    (0)   23 :  0.008 0.110 0.010 0.007 0.865 
2217      263    (0)   23 :  0.005 0.004 0.070 0.010 0.911 
2218      284    (0)   23 :  0.004 0.012 0.020 0.021 0.943 
2219      285    (0)   23 :  0.004 0.024 0.011 0.014 0.947 
2220      286    (0)   23 :  0.005 0.003 0.003 0.008 0.980 
2221      289    (0)   23 :  0.004 0.007 0.020 0.015 0.954 
2222      291    (0)   23 :  0.003 0.018 0.050 0.012 0.917 
2223      292    (0)   23 :  0.006 0.007 0.015 0.018 0.953 
2224      293    (0)   23 :  0.005 0.019 0.003 0.005 0.967 
2225   BF0001    (0)   23 :  0.005 0.003 0.009 0.007 0.975 
2226   BF0002    (0)   23 :  0.029 0.040 0.007 0.009 0.916 
2227    M2AY6   (10)   23 :  0.004 0.007 0.008 0.013 0.969 
2228  Slov472    (5)   23 :  0.004 0.017 0.003 0.006 0.970 
2229   BF0026    (0)   23 :  0.015 0.003 0.023 0.380 0.579 
2230   BF0028    (0)   23 :  0.007 0.002 0.005 0.012 0.974 
2231  CK.0PP5    (0)   23 :  0.008 0.014 0.010 0.021 0.946 
2232  CK.0PP8    (0)   23 :  0.008 0.004 0.004 0.032 0.951 
2233  CK.0PPC    (0)   23 :  0.019 0.007 0.008 0.293 0.674 
2234  Slov166    (0)   23 :  0.003 0.003 0.008 0.028 0.958 
2235  Slov189    (0)   23 :  0.017 0.009 0.004 0.022 0.949 
2236  Slov196    (0)   23 :  0.009 0.004 0.018 0.027 0.943 
2237  Slov204    (0)   23 :  0.002 0.004 0.011 0.006 0.976 
2238   Slov24    (5)   23 :  0.005 0.004 0.023 0.087 0.880 
2239   Slov26    (0)   23 :  0.008 0.028 0.009 0.318 0.638 
2240   Slov33    (0)   23 :  0.002 0.004 0.011 0.015 0.967 
2241  Slov447    (0)   23 :  0.005 0.005 0.007 0.262 0.721 
2242  Slov449    (0)   23 :  0.014 0.011 0.011 0.022 0.942 
2243  Slov492    (0)   23 :  0.003 0.004 0.014 0.279 0.700 
2244   Slov56    (5)   23 :  0.004 0.006 0.082 0.680 0.227 
2245    Slov7    (0)   23 :  0.007 0.007 0.101 0.007 0.878 
2246   Slov70    (0)   23 :  0.004 0.061 0.004 0.011 0.920 
2247   Slov75    (0)   23 :  0.003 0.004 0.056 0.009 0.928 
2248   Slov78    (0)   23 :  0.006 0.006 0.022 0.014 0.952 
2249   Slov85    (0)   23 :  0.003 0.012 0.005 0.005 0.975 
2250   BF0003    (0)   23 :  0.003 0.011 0.004 0.010 0.971 
2251   BF0004    (5)   23 :  0.006 0.008 0.006 0.014 0.966 
2252   BF0005    (5)   23 :  0.005 0.003 0.178 0.014 0.800 
2253   BF0006    (0)   23 :  0.003 0.004 0.007 0.005 0.981 
2254   BF0007    (0)   23 :  0.004 0.016 0.067 0.049 0.864 
2255   BF0008    (0)   23 :  0.009 0.004 0.013 0.076 0.898 
2256   BF000A    (0)   23 :  0.003 0.003 0.004 0.006 0.984 
2257   BF000C    (0)   23 :  0.004 0.006 0.008 0.011 0.972 
2258   BF000E    (0)   23 :  0.029 0.010 0.019 0.018 0.925 
2259   BF000F    (0)   23 :  0.006 0.004 0.023 0.006 0.961 
2260   BF000H    (0)   23 :  0.002 0.007 0.018 0.039 0.933 
2261   BF000J    (0)   23 :  0.003 0.009 0.058 0.027 0.904 
2262   BF000K    (0)   23 :  0.003 0.004 0.007 0.003 0.983 
2263   BF000L    (0)   23 :  0.007 0.004 0.053 0.134 0.802 
2264   BF000M    (0)   24 :  0.004 0.007 0.003 0.004 0.983 
2265   BF000P    (0)   24 :  0.004 0.007 0.003 0.006 0.981 
2266   BF000T    (0)   24 :  0.005 0.007 0.005 0.004 0.979 
2267   BF000U    (0)   24 :  0.007 0.012 0.004 0.010 0.968 
2268   BF000X    (0)   24 :  0.004 0.005 0.006 0.009 0.977 
2269   BF0010    (0)   24 :  0.002 0.003 0.006 0.006 0.983 
2270   BF0011    (0)   24 :  0.003 0.007 0.003 0.006 0.981 
2271   BF0012    (0)   24 :  0.010 0.003 0.201 0.009 0.778 
2272   BF0013    (0)   24 :  0.013 0.011 0.014 0.017 0.945 
2273   BF0014    (0)   24 :  0.005 0.015 0.011 0.018 0.951 
2274   BF0015    (0)   24 :  0.003 0.005 0.005 0.006 0.981 
2275   BF0016    (0)   24 :  0.007 0.008 0.007 0.071 0.908 
2276   BF0017    (0)   24 :  0.004 0.002 0.008 0.003 0.982 
2277   BF0018    (0)   24 :  0.003 0.014 0.006 0.016 0.960 
2278   BF001A    (0)   24 :  0.007 0.003 0.004 0.005 0.982 
2279   BF001C    (0)   24 :  0.003 0.005 0.005 0.004 0.983 
2280   BF001E    (0)   24 :  0.004 0.010 0.012 0.014 0.960 
2281   BF001F    (0)   24 :  0.004 0.004 0.101 0.008 0.883 
2282   BF001H    (0)   24 :  0.003 0.003 0.005 0.004 0.985 
2283   BF001J    (0)   24 :  0.003 0.006 0.008 0.013 0.970 
2284   BF001K    (0)   24 :  0.004 0.007 0.008 0.035 0.946 
2285   BF001L    (0)   24 :  0.006 0.011 0.010 0.112 0.860 
2286   BF001M    (0)   24 :  0.003 0.012 0.002 0.027 0.955 
2287   BF001P    (0)   24 :  0.003 0.026 0.007 0.044 0.920 
2288   BF001T    (0)   24 :  0.003 0.005 0.006 0.054 0.932 
2289   BF001U    (0)   24 :  0.009 0.004 0.006 0.007 0.974 
2290   BF001X    (0)   24 :  0.004 0.003 0.008 0.027 0.958 
2291   BF0020    (0)   24 :  0.009 0.005 0.004 0.005 0.976 
2292   BF0022    (0)   24 :  0.023 0.004 0.006 0.009 0.959 
2293   BF0023    (0)   24 :  0.007 0.017 0.024 0.013 0.939 
2294   BF0025    (0)   24 :  0.007 0.012 0.003 0.018 0.961 
2295    h0014    (0)   25 :  0.004 0.004 0.003 0.013 0.976 
2296    h0024    (0)   25 :  0.002 0.012 0.002 0.003 0.980 
2297    h0034    (0)   25 :  0.009 0.007 0.024 0.014 0.946 
2298    h0044    (0)   25 :  0.005 0.006 0.013 0.007 0.969 
2299    h0054    (0)   25 :  0.013 0.005 0.023 0.012 0.947 
2300    h0064    (0)   25 :  0.004 0.030 0.008 0.011 0.947 
2301    h0074    (0)   25 :  0.004 0.004 0.004 0.004 0.985 
2302    h0084    (0)   25 :  0.004 0.004 0.143 0.009 0.840 
2303    h0094    (0)   25 :  0.007 0.004 0.011 0.008 0.969 
2304    h0104    (0)   25 :  0.008 0.006 0.006 0.009 0.972 
2305    h0114    (0)   25 :  0.004 0.004 0.004 0.005 0.984 
2306    h0124    (0)   25 :  0.003 0.008 0.003 0.044 0.942 
2307    h0134    (0)   25 :  0.004 0.007 0.003 0.027 0.959 
2308    h0144    (0)   25 :  0.004 0.004 0.002 0.003 0.987 
2309    h0154    (0)   25 :  0.003 0.005 0.016 0.014 0.962 
2310    h0164    (0)   25 :  0.003 0.004 0.003 0.003 0.987 
2311    h0174    (0)   25 :  0.004 0.019 0.002 0.020 0.955 
2312    h0184    (0)   25 :  0.007 0.005 0.003 0.004 0.981 
2313    h0194    (0)   25 :  0.004 0.006 0.004 0.004 0.983 
2314    h0204    (0)   25 :  0.015 0.043 0.012 0.015 0.915 
2315    h0214    (0)   25 :  0.005 0.005 0.004 0.007 0.979 
2316    h0224    (0)   25 :  0.003 0.006 0.003 0.003 0.985 
2317    h0234    (0)   25 :  0.004 0.005 0.003 0.012 0.976 
2318    h0244    (0)   25 :  0.003 0.004 0.007 0.007 0.979 
2319    h0254    (0)   25 :  0.003 0.003 0.010 0.057 0.927 
2320    h0264    (0)   25 :  0.005 0.043 0.016 0.036 0.900 
2321    h0274    (0)   25 :  0.003 0.006 0.011 0.009 0.971 
2322    h0284    (0)   25 :  0.002 0.005 0.002 0.004 0.987 
2323    h0294    (0)   25 :  0.003 0.009 0.011 0.013 0.964 
2324    h0304    (0)   25 :  0.004 0.011 0.005 0.010 0.970 
2325    h0314    (0)   25 :  0.004 0.011 0.007 0.068 0.911 
2326    h0324    (0)   25 :  0.004 0.008 0.071 0.022 0.895 
2327    h0334    (0)   25 :  0.003 0.053 0.005 0.007 0.933 
2328    h0344    (0)   25 :  0.004 0.008 0.052 0.025 0.911 
2329    h0354    (0)   25 :  0.002 0.009 0.010 0.007 0.971 
2330    h0364    (0)   25 :  0.004 0.003 0.005 0.009 0.979 
2331    h0374    (0)   25 :  0.003 0.008 0.015 0.067 0.906 
2332    h0384    (0)   25 :  0.005 0.005 0.012 0.005 0.973 
2333    h0394    (0)   25 :  0.004 0.007 0.011 0.010 0.969 
2334    h0404    (0)   25 :  0.009 0.006 0.007 0.004 0.974 
2335    h0414    (0)   25 :  0.007 0.006 0.008 0.018 0.961 
2336    h0424    (0)   25 :  0.004 0.003 0.009 0.003 0.981 
2337    h0434    (0)   25 :  0.011 0.015 0.005 0.023 0.947 
2338    h0444    (0)   25 :  0.006 0.034 0.058 0.011 0.892 
2339    h0454    (0)   25 :  0.012 0.014 0.007 0.010 0.956 
2340    h0464    (0)   25 :  0.005 0.003 0.004 0.004 0.983 
2341    h0474    (0)   25 :  0.004 0.004 0.024 0.014 0.954 
2342    h0484    (0)   25 :  0.004 0.013 0.009 0.059 0.915 
2343    h0494    (0)   25 :  0.003 0.007 0.005 0.003 0.981 
2344    h0504    (0)   25 :  0.008 0.004 0.038 0.016 0.934 
2345    h0514    (0)   25 :  0.009 0.004 0.051 0.008 0.927 
2346    h0524    (0)   25 :  0.006 0.004 0.011 0.006 0.973 
2347    h0534    (0)   25 :  0.003 0.009 0.007 0.011 0.970 
2348    h0544    (0)   25 :  0.006 0.003 0.004 0.009 0.978 
2349    h0554    (0)   25 :  0.004 0.006 0.009 0.029 0.952 
2350    h0564    (0)   25 :  0.003 0.003 0.010 0.013 0.972 
2351    h0574    (0)   25 :  0.003 0.006 0.017 0.007 0.967 
2352    h0584    (0)   25 :  0.003 0.006 0.005 0.011 0.975 
2353    h0594    (0)   25 :  0.008 0.011 0.054 0.026 0.901 
2354    h0604    (0)   25 :  0.004 0.004 0.019 0.013 0.959 
2355    h0614    (0)   25 :  0.005 0.004 0.077 0.008 0.906 
2356    h0624    (0)   25 :  0.004 0.008 0.004 0.003 0.981 
2357    h0634    (0)   25 :  0.004 0.004 0.009 0.007 0.976 
2358    h0644    (0)   25 :  0.003 0.008 0.014 0.007 0.968 
2359    h0654    (0)   25 :  0.007 0.012 0.023 0.054 0.904 
2360    h0664    (0)   25 :  0.006 0.004 0.034 0.022 0.935 
2361    h0674    (0)   25 :  0.005 0.005 0.005 0.006 0.978 
2362    h0684    (0)   25 :  0.008 0.006 0.004 0.006 0.976 
2363    h0694    (0)   25 :  0.003 0.008 0.007 0.022 0.961 
2364    h0704    (0)   25 :  0.006 0.012 0.012 0.056 0.914 
2365    h0714    (0)   25 :  0.004 0.005 0.004 0.004 0.984 
2366    h0724    (0)   25 :  0.005 0.006 0.005 0.005 0.979 
2367    h0734    (0)   25 :  0.005 0.004 0.004 0.005 0.982 
2368    h0744    (0)   25 :  0.003 0.004 0.011 0.004 0.978 
2369    h0754    (0)   25 :  0.003 0.005 0.006 0.029 0.956 
2370    h0764    (0)   25 :  0.003 0.006 0.004 0.006 0.981 
2371    h0774    (0)   25 :  0.003 0.080 0.004 0.019 0.895 
2372    h0784    (0)   25 :  0.004 0.004 0.007 0.006 0.979 
2373    h0794    (0)   25 :  0.028 0.004 0.007 0.010 0.951 
2374    h0804    (0)   25 :  0.004 0.006 0.005 0.013 0.972 
2375    h0814    (0)   25 :  0.003 0.008 0.023 0.034 0.932 
2376    h0824    (0)   25 :  0.009 0.004 0.006 0.026 0.956 
2377    h0834    (0)   25 :  0.004 0.006 0.007 0.008 0.976 
2378    h0844    (0)   25 :  0.006 0.006 0.004 0.005 0.980 
2379    h0854    (0)   25 :  0.006 0.004 0.003 0.003 0.984 
2380    h0864    (0)   25 :  0.014 0.011 0.028 0.234 0.713 
2381    h0874    (0)   25 :  0.011 0.043 0.007 0.006 0.933 
2382    h0884    (0)   25 :  0.003 0.004 0.003 0.003 0.987 
2383    h0894    (0)   25 :  0.003 0.003 0.004 0.006 0.985 
2384    h0904    (0)   25 :  0.010 0.043 0.010 0.007 0.930 
2385    h0914    (0)   25 :  0.003 0.005 0.004 0.005 0.983 
2386    h0924    (0)   25 :  0.004 0.004 0.015 0.020 0.956 
2387    h0934    (0)   25 :  0.007 0.005 0.023 0.041 0.924 
2388    h0944    (0)   25 :  0.003 0.018 0.069 0.048 0.861 
2389    h0954    (0)   25 :  0.005 0.005 0.006 0.014 0.970 
2390    h0964    (0)   25 :  0.003 0.005 0.004 0.005 0.984 
2391    h0974    (0)   25 :  0.018 0.005 0.005 0.018 0.953 
2392    h0984    (0)   25 :  0.004 0.010 0.109 0.010 0.867 
2393    h0994    (0)   25 :  0.005 0.006 0.003 0.007 0.979 
2394    h1004    (0)   25 :  0.004 0.010 0.004 0.005 0.977 
2395    h1014    (0)   25 :  0.005 0.005 0.005 0.166 0.819 
2396    h1024    (0)   25 :  0.005 0.009 0.016 0.015 0.955 
2397    h1034    (0)   25 :  0.004 0.003 0.007 0.006 0.979 
2398    h1044    (0)   25 :  0.008 0.014 0.015 0.052 0.911 
2399    h1054    (0)   25 :  0.004 0.005 0.138 0.012 0.841 
2400    h1064    (0)   25 :  0.003 0.006 0.003 0.003 0.984 
2401    h1074    (0)   25 :  0.004 0.010 0.017 0.012 0.957 
2402    h1084    (0)   25 :  0.002 0.004 0.002 0.005 0.986 
2403    h1094    (0)   25 :  0.004 0.008 0.016 0.003 0.968 
2404    h1104    (0)   25 :  0.004 0.021 0.003 0.026 0.946 
2405    h1114    (0)   25 :  0.011 0.007 0.034 0.011 0.937 
2406    h1124    (0)   25 :  0.003 0.005 0.003 0.005 0.985 
2407    h1134    (0)   25 :  0.004 0.004 0.025 0.053 0.914 
2408    h1144    (0)   25 :  0.004 0.003 0.103 0.024 0.865 
2409    h1154    (0)   25 :  0.007 0.007 0.030 0.075 0.882 
2410    h1164    (0)   25 :  0.004 0.004 0.005 0.029 0.958 
2411    h1174    (0)   25 :  0.004 0.003 0.014 0.013 0.967 
2412    h1184    (0)   25 :  0.003 0.017 0.005 0.033 0.942 
2413    h1194    (0)   25 :  0.010 0.003 0.034 0.021 0.931 
2414    h1204    (0)   25 :  0.007 0.005 0.080 0.007 0.900 
2415    h1214    (0)   25 :  0.004 0.028 0.008 0.010 0.950 
2416    h1224    (0)   25 :  0.005 0.004 0.012 0.010 0.969 
2417    h1234    (0)   25 :  0.005 0.006 0.030 0.004 0.956 
2418    h1244    (0)   25 :  0.005 0.004 0.097 0.007 0.886 
2419    h1254    (0)   25 :  0.004 0.006 0.009 0.007 0.973 
2420  CX.10JP    (0)   26 :  0.003 0.005 0.004 0.004 0.983 
2421  CX.10JX    (0)   26 :  0.007 0.005 0.031 0.006 0.951 
2422  CX.10K0    (0)   26 :  0.006 0.009 0.007 0.018 0.959 
2423  CX.10K5    (0)   26 :  0.003 0.009 0.011 0.032 0.945 
2424  CX.10K6    (0)   26 :  0.003 0.005 0.006 0.006 0.981 
2425  CX.10K7    (0)   26 :  0.005 0.004 0.013 0.006 0.972 
2426  CX.10KA    (0)   26 :  0.010 0.002 0.027 0.004 0.956 
2427  CX.10KC    (0)   26 :  0.031 0.004 0.003 0.013 0.950 
2428  CX.10KH    (0)   26 :  0.030 0.004 0.009 0.018 0.939 
2429  CX.10KL    (0)   26 :  0.009 0.054 0.011 0.073 0.853 
2430  CX.10KM    (0)   26 :  0.005 0.003 0.007 0.005 0.981 
2431  CX.10KT    (0)   26 :  0.005 0.005 0.012 0.158 0.820 
2432  CX.10KU    (0)   26 :  0.003 0.003 0.008 0.009 0.977 
2433  CX.10KX    (0)   26 :  0.004 0.005 0.008 0.004 0.978 
2434  CX.10L0    (0)   26 :  0.005 0.003 0.004 0.008 0.979 
2435  CX.10L6   (10)   26 :  0.005 0.004 0.017 0.009 0.965 
2436  CX.10L7    (0)   26 :  0.005 0.008 0.009 0.109 0.869 
2437  CX.10L8    (0)   26 :  0.014 0.011 0.016 0.007 0.951 
2438  CX.10LA    (0)   26 :  0.004 0.007 0.008 0.006 0.976 
2439  CX.10LE    (0)   26 :  0.005 0.008 0.254 0.021 0.712 
2440  CX.10LH    (5)   26 :  0.007 0.004 0.011 0.006 0.971 
2441  CX.10LK    (0)   26 :  0.004 0.010 0.004 0.006 0.976 
2442  CX.10LL    (0)   26 :  0.004 0.002 0.019 0.007 0.967 
2443  CX.10LP    (0)   26 :  0.011 0.010 0.039 0.006 0.934 
2444  CX.10LT    (0)   26 :  0.019 0.004 0.009 0.007 0.961 
2445  CX.10LU    (0)   26 :  0.003 0.006 0.005 0.008 0.977 
2446  CX.10M1    (0)   26 :  0.005 0.003 0.004 0.075 0.913 
2447  CX.10M2    (5)   26 :  0.003 0.003 0.016 0.005 0.973 
2448  CX.10M3    (0)   26 :  0.006 0.004 0.005 0.005 0.979 
2449  CX.10M5    (0)   26 :  0.005 0.004 0.005 0.005 0.982 
2450  CX.10M6    (0)   26 :  0.006 0.004 0.021 0.009 0.961 
2451  CX.10M7    (0)   26 :  0.005 0.015 0.003 0.039 0.938 
2452  CX.10M8    (0)   26 :  0.005 0.009 0.005 0.022 0.958 
2453  CX.10P3    (0)   26 :  0.003 0.043 0.011 0.029 0.915 
2454  CX.10P7    (0)   26 :  0.003 0.005 0.007 0.009 0.975 
2455  CX.10PC    (0)   26 :  0.003 0.006 0.006 0.007 0.979 
2456  CX.10PE    (0)   26 :  0.002 0.003 0.021 0.006 0.968 
2457  CX.10PU    (5)   26 :  0.005 0.012 0.006 0.011 0.966 
2458  CX.10PX    (0)   26 :  0.004 0.003 0.009 0.064 0.920 
2459  CX.10T0    (0)   26 :  0.005 0.003 0.007 0.010 0.976 
2460  CX.10T2    (0)   26 :  0.002 0.004 0.006 0.016 0.971 
2461  CX.10JT    (5)   26 :  0.008 0.004 0.006 0.006 0.976 
2462  CX.10JY    (5)   26 :  0.003 0.005 0.047 0.022 0.923 
2463  CX.10K4   (10)   26 :  0.006 0.005 0.008 0.014 0.966 
2464  CX.10KE    (5)   26 :  0.005 0.004 0.080 0.044 0.867 
2465  CX.10KY    (5)   26 :  0.003 0.004 0.004 0.009 0.980 
2466  CX.10L2    (5)   26 :  0.004 0.006 0.004 0.008 0.977 
2467  CX.10L3    (5)   26 :  0.006 0.004 0.156 0.009 0.825 
2468  CX.10LF    (5)   26 :  0.005 0.007 0.007 0.027 0.955 
2469  CX.10LM   (10)   26 :  0.004 0.004 0.005 0.007 0.981 
2470  CX.10LY    (5)   26 :  0.008 0.006 0.020 0.021 0.946 
2471  CX.10M0    (5)   26 :  0.005 0.006 0.003 0.009 0.978 
2472  CX.10MA    (5)   26 :  0.004 0.019 0.011 0.027 0.939 
2473    h0015    (0)   27 :  0.007 0.017 0.011 0.008 0.957 
2474    h0025    (0)   27 :  0.003 0.003 0.003 0.008 0.983 
2475    h0035    (0)   27 :  0.005 0.004 0.007 0.093 0.891 
2476    h0045    (0)   27 :  0.003 0.005 0.008 0.011 0.973 
2477    h0055    (0)   27 :  0.034 0.009 0.011 0.022 0.924 
2478    h0065    (0)   27 :  0.003 0.004 0.005 0.008 0.979 
2479    h0075    (0)   27 :  0.004 0.003 0.028 0.005 0.959 
2480    h0085    (0)   27 :  0.005 0.010 0.008 0.011 0.966 
2481    h0095    (0)   27 :  0.005 0.003 0.044 0.006 0.943 
2482    h0105    (0)   27 :  0.003 0.002 0.005 0.008 0.982 
2483    h0115    (0)   27 :  0.008 0.005 0.113 0.023 0.851 
2484    h0125    (0)   27 :  0.005 0.005 0.004 0.058 0.928 
2485    h0135    (0)   27 :  0.003 0.003 0.005 0.011 0.978 
2486    h0145    (0)   27 :  0.006 0.005 0.007 0.009 0.973 
2487    h0155    (0)   27 :  0.019 0.005 0.102 0.008 0.866 
2488    h0165    (0)   27 :  0.007 0.005 0.011 0.019 0.957 
2489    h0175    (0)   27 :  0.009 0.004 0.006 0.010 0.971 
2490    h0185    (0)   27 :  0.003 0.006 0.005 0.006 0.981 
2491    h0195    (0)   27 :  0.014 0.004 0.005 0.004 0.974 
2492    h0205    (0)   27 :  0.005 0.006 0.017 0.016 0.957 
2493    h0215    (0)   27 :  0.006 0.008 0.004 0.005 0.977 
2494    h0225    (0)   27 :  0.008 0.004 0.018 0.004 0.966 
2495    h0235    (0)   27 :  0.005 0.003 0.013 0.010 0.969 
2496    h0245    (0)   27 :  0.007 0.004 0.008 0.021 0.960 
2497    h0255    (0)   27 :  0.006 0.005 0.010 0.005 0.974 
2498    h0265    (0)   27 :  0.005 0.002 0.004 0.014 0.975 
2499    h0275    (0)   27 :  0.004 0.003 0.007 0.010 0.976 
2500    h0285    (0)   27 :  0.005 0.003 0.006 0.011 0.976 
2501    h0295    (0)   27 :  0.006 0.012 0.012 0.030 0.940 
2502    h0305    (0)   27 :  0.003 0.005 0.004 0.005 0.983 
2503    h0315    (0)   27 :  0.003 0.004 0.004 0.007 0.982 
2504    h0325    (0)   27 :  0.003 0.003 0.005 0.009 0.980 
2505    h0335    (0)   27 :  0.002 0.006 0.003 0.005 0.983 
2506    h0345    (0)   27 :  0.003 0.004 0.006 0.030 0.957 
2507    h0355    (0)   27 :  0.003 0.008 0.013 0.019 0.957 
2508    h0365    (0)   27 :  0.005 0.004 0.007 0.009 0.976 
2509    h0375    (0)   27 :  0.003 0.036 0.005 0.191 0.764 
2510    h0385    (0)   27 :  0.005 0.005 0.012 0.011 0.967 
2511    h0395    (0)   27 :  0.007 0.006 0.009 0.010 0.967 
2512    h0405    (0)   27 :  0.004 0.004 0.004 0.009 0.978 
2513    h0415    (0)   27 :  0.039 0.007 0.073 0.057 0.824 
2514    h0425    (0)   27 :  0.067 0.014 0.019 0.007 0.894 
2515    h0435    (0)   27 :  0.010 0.005 0.015 0.017 0.953 
2516    h0445    (0)   27 :  0.020 0.003 0.007 0.007 0.963 
2517    h0455    (0)   27 :  0.006 0.003 0.006 0.006 0.979 
2518    h0465    (0)   27 :  0.003 0.003 0.023 0.014 0.957 
2519    h0475    (0)   27 :  0.004 0.012 0.014 0.007 0.963 
2520    h0485    (0)   27 :  0.005 0.002 0.006 0.003 0.984 
2521    h0495    (0)   27 :  0.006 0.006 0.007 0.014 0.967 
2522    h0505    (0)   27 :  0.003 0.004 0.003 0.007 0.983 
2523    h0515    (0)   27 :  0.004 0.003 0.003 0.009 0.981 
2524    h0525    (0)   27 :  0.287 0.007 0.062 0.012 0.632 
2525    h0535    (0)   27 :  0.009 0.011 0.010 0.097 0.874 
2526    h0545    (0)   27 :  0.012 0.007 0.101 0.026 0.853 
2527    h0555    (0)   27 :  0.004 0.003 0.010 0.008 0.975 
2528    h0565    (0)   27 :  0.003 0.012 0.021 0.137 0.826 
2529    h0575    (0)   27 :  0.011 0.006 0.004 0.008 0.971 
2530    h0585    (0)   27 :  0.022 0.004 0.004 0.003 0.968 
2531    h0595    (0)   27 :  0.003 0.005 0.007 0.070 0.915 
2532    h0605    (0)   27 :  0.004 0.003 0.003 0.004 0.987 
2533    h0615    (0)   27 :  0.004 0.003 0.140 0.007 0.846 
2534    h0625    (0)   27 :  0.003 0.005 0.003 0.005 0.983 
2535    h0635    (0)   27 :  0.003 0.003 0.012 0.012 0.969 
2536    h0645    (0)   27 :  0.006 0.005 0.014 0.019 0.956 
2537    h0655    (0)   27 :  0.004 0.004 0.202 0.035 0.756 
2538    h0665    (0)   27 :  0.005 0.004 0.014 0.027 0.951 
2539    h0675    (0)   27 :  0.005 0.005 0.006 0.005 0.979 
2540    h0685    (0)   27 :  0.009 0.004 0.013 0.023 0.951 
2541    h0695    (0)   27 :  0.020 0.004 0.013 0.016 0.948 
2542    h0705    (0)   27 :  0.009 0.004 0.004 0.011 0.971 
2543    h0715    (0)   27 :  0.003 0.003 0.153 0.043 0.798 
2544    h0725    (0)   27 :  0.003 0.034 0.256 0.017 0.690 
2545    h0735    (0)   27 :  0.004 0.004 0.016 0.009 0.967 
2546    h0745    (0)   27 :  0.007 0.010 0.007 0.006 0.971 
2547    h0755    (0)   27 :  0.003 0.004 0.009 0.006 0.978 
2548    h0765    (0)   27 :  0.005 0.003 0.009 0.005 0.977 
2549    h0775    (0)   27 :  0.003 0.006 0.004 0.041 0.946 
2550    h0785    (0)   27 :  0.022 0.005 0.065 0.020 0.889 
2551    h0795    (0)   27 :  0.004 0.005 0.010 0.007 0.975 
2552    h0805    (0)   27 :  0.003 0.003 0.003 0.003 0.987 
2553    h0815    (0)   27 :  0.007 0.005 0.009 0.023 0.956 
2554    h0825    (0)   27 :  0.004 0.006 0.004 0.004 0.981 
2555    h0835    (0)   27 :  0.003 0.003 0.007 0.003 0.983 
2556    h0845    (0)   27 :  0.005 0.005 0.004 0.007 0.980 
2557    h0855    (0)   27 :  0.009 0.005 0.014 0.012 0.959 
2558    h0865    (0)   27 :  0.004 0.003 0.022 0.005 0.967 
2559    h0875    (0)   27 :  0.004 0.003 0.008 0.011 0.974 
2560    h0885    (0)   27 :  0.004 0.007 0.006 0.020 0.962 
2561    h0895    (0)   27 :  0.003 0.010 0.008 0.090 0.888 
2562    h0905    (0)   27 :  0.004 0.003 0.005 0.033 0.956 
2563    h0915    (0)   27 :  0.002 0.016 0.002 0.012 0.967 
2564    h0925    (0)   27 :  0.003 0.006 0.007 0.007 0.978 
2565    h0935    (0)   27 :  0.005 0.003 0.007 0.008 0.977 
2566    h0945    (0)   27 :  0.003 0.003 0.005 0.004 0.984 
2567    h0955    (0)   27 :  0.006 0.004 0.032 0.006 0.952 
2568    h0965    (0)   27 :  0.004 0.004 0.065 0.009 0.918 
2569    h0975    (0)   27 :  0.004 0.003 0.080 0.021 0.893 
2570    h0985    (0)   27 :  0.006 0.022 0.014 0.104 0.854 
2571    h0995    (0)   27 :  0.004 0.003 0.028 0.011 0.954 
2572    h1005    (0)   27 :  0.002 0.006 0.005 0.003 0.983 
2573    h1015    (0)   27 :  0.007 0.002 0.007 0.009 0.975 
2574    h1025    (0)   27 :  0.005 0.006 0.005 0.020 0.964 
2575    h1035    (0)   27 :  0.005 0.004 0.015 0.006 0.970 
2576    h1045    (0)   27 :  0.006 0.004 0.101 0.023 0.866 
2577    h1055    (0)   27 :  0.002 0.017 0.007 0.008 0.966 
2578    h1065    (0)   27 :  0.005 0.002 0.235 0.006 0.752 
2579    h1075    (0)   27 :  0.004 0.004 0.005 0.008 0.979 
2580    h1085    (0)   27 :  0.004 0.041 0.005 0.059 0.891 
2581    h1095    (0)   27 :  0.007 0.005 0.007 0.004 0.977 
2582    h1105    (0)   27 :  0.003 0.003 0.004 0.004 0.986 
2583    h1115    (0)   27 :  0.009 0.006 0.007 0.023 0.955 
2584    h1125    (0)   27 :  0.005 0.003 0.026 0.008 0.959 
2585    h1135    (0)   27 :  0.005 0.003 0.007 0.004 0.981 
2586    h1145    (0)   27 :  0.003 0.007 0.004 0.038 0.948 
2587    h1155    (0)   27 :  0.004 0.004 0.027 0.009 0.955 
2588    h1165    (0)   27 :  0.006 0.006 0.004 0.160 0.824 
2589    h1175    (0)   27 :  0.003 0.003 0.005 0.003 0.986 
2590    h1185    (0)   27 :  0.003 0.003 0.003 0.004 0.987 
2591    h1195    (0)   27 :  0.007 0.011 0.036 0.023 0.923 
2592    h1205    (0)   27 :  0.009 0.004 0.015 0.009 0.963 
2593    h1215    (0)   27 :  0.008 0.025 0.032 0.010 0.925 
2594    h1225    (0)   27 :  0.007 0.004 0.006 0.024 0.959 
2595    h1235    (0)   27 :  0.007 0.004 0.010 0.049 0.931 
2596    h1245    (0)   27 :  0.003 0.005 0.003 0.004 0.986 
2597    h1255    (0)   27 :  0.003 0.005 0.020 0.011 0.961 
2598  CK.0PLA    (5)   28 :  0.004 0.981 0.003 0.007 0.005 
2599  CK.0PLC    (0)   28 :  0.004 0.981 0.003 0.005 0.006 
2600  CK.0PLE    (0)   28 :  0.002 0.986 0.004 0.004 0.004 
2601  CK.0PLF    (0)   28 :  0.009 0.943 0.015 0.011 0.022 
2602  CK.0PLH    (0)   28 :  0.003 0.988 0.003 0.003 0.003 
2603  CK.0PLJ    (0)   28 :  0.003 0.976 0.006 0.002 0.012 
2604  CK.0PLK    (0)   28 :  0.002 0.988 0.002 0.004 0.003 
2605  CK.0PLL    (0)   28 :  0.004 0.987 0.003 0.002 0.004 
2606  CK.0PLM    (0)   28 :  0.003 0.983 0.005 0.004 0.004 
2607  CK.0PLP    (0)   28 :  0.003 0.988 0.003 0.003 0.004 
2608  CK.0PLT    (0)   28 :  0.002 0.991 0.002 0.002 0.002 
2609  CK.0PLU    (0)   28 :  0.003 0.988 0.003 0.003 0.003 
2610  CK.0PLX    (0)   28 :  0.004 0.978 0.004 0.010 0.004 
2611  CK.0PLY    (5)   28 :  0.002 0.991 0.002 0.003 0.003 
2612  CK.0PM0    (0)   28 :  0.003 0.986 0.003 0.005 0.004 
2613  CK.0PM1    (0)   28 :  0.002 0.990 0.002 0.003 0.003 
2614  CK.0PM2    (0)   28 :  0.003 0.981 0.009 0.003 0.004 
2615  CK.0PM3    (0)   28 :  0.003 0.989 0.002 0.003 0.003 
2616  CK.0PM4    (0)   28 :  0.004 0.986 0.003 0.003 0.004 
2617  CK.0PM7    (0)   28 :  0.002 0.989 0.003 0.003 0.003 
2618  CK.0PM8    (0)   28 :  0.002 0.990 0.002 0.003 0.003 
2619  CK.0PMA    (0)   28 :  0.004 0.983 0.005 0.004 0.004 
2620    M2C06    (0)   28 :  0.002 0.990 0.002 0.002 0.003 
2621    M2C07    (0)   28 :  0.002 0.992 0.002 0.002 0.002 
2622    M2C08    (0)   28 :  0.002 0.992 0.002 0.002 0.002 
2623    M2C0A    (0)   28 :  0.002 0.989 0.003 0.002 0.003 
2624    M2C0C    (0)   28 :  0.002 0.989 0.002 0.003 0.003 
2625    M2C0E    (0)   28 :  0.002 0.991 0.002 0.002 0.003 
2626    h0012    (0)   29 :  0.003 0.987 0.003 0.003 0.003 
2627    h0022    (0)   29 :  0.003 0.985 0.005 0.003 0.004 
2628    h0032    (0)   29 :  0.004 0.951 0.010 0.028 0.007 
2629    h0042    (0)   29 :  0.002 0.991 0.002 0.003 0.002 
2630    h0052    (0)   29 :  0.003 0.988 0.002 0.003 0.004 
2631    h0062    (0)   29 :  0.003 0.989 0.003 0.002 0.003 
2632    h0072    (0)   29 :  0.003 0.990 0.003 0.002 0.002 
2633    h0082    (0)   29 :  0.002 0.991 0.002 0.002 0.003 
2634    h0092    (0)   29 :  0.003 0.987 0.003 0.002 0.005 
2635    h0102    (0)   29 :  0.004 0.959 0.013 0.014 0.010 
2636    h0112    (0)   29 :  0.003 0.990 0.002 0.002 0.003 
2637    h0122    (0)   29 :  0.002 0.992 0.002 0.002 0.002 
2638    h0132    (0)   29 :  0.002 0.991 0.002 0.002 0.002 
2639    h0142    (0)   29 :  0.003 0.985 0.003 0.004 0.005 
2640    h0152    (0)   29 :  0.002 0.990 0.002 0.002 0.003 
2641    h0162    (0)   29 :  0.006 0.977 0.006 0.005 0.006 
2642    h0172    (0)   29 :  0.002 0.991 0.002 0.003 0.003 
2643    h0182    (0)   29 :  0.003 0.989 0.003 0.002 0.003 
2644    h0192    (0)   29 :  0.002 0.989 0.003 0.002 0.003 
2645    h0202    (0)   29 :  0.002 0.990 0.002 0.003 0.003 
2646    h0212    (0)   29 :  0.002 0.992 0.002 0.002 0.003 
2647    h0222    (0)   29 :  0.003 0.988 0.003 0.002 0.003 
2648    h0232    (0)   29 :  0.002 0.986 0.004 0.002 0.005 
2649    h0242    (0)   29 :  0.003 0.989 0.003 0.002 0.003 
2650    h0252    (0)   29 :  0.002 0.988 0.002 0.004 0.004 
2651    h0262    (0)   29 :  0.002 0.988 0.003 0.002 0.004 
2652    h0272    (0)   29 :  0.004 0.985 0.005 0.003 0.004 
2653    h0282    (0)   29 :  0.003 0.981 0.003 0.010 0.004 
2654    h0292    (0)   29 :  0.003 0.989 0.002 0.003 0.003 
2655    h0302    (0)   29 :  0.003 0.987 0.003 0.003 0.005 
2656    h0312    (0)   29 :  0.002 0.988 0.004 0.003 0.003 
2657    h0322    (0)   29 :  0.003 0.987 0.004 0.003 0.003 
2658    h0332    (0)   29 :  0.002 0.989 0.003 0.002 0.003 
2659    h0342    (0)   29 :  0.003 0.989 0.002 0.002 0.004 
2660    h0352    (0)   29 :  0.003 0.990 0.002 0.002 0.003 
2661    h0362    (0)   29 :  0.002 0.990 0.002 0.002 0.004 
2662    h0372    (0)   29 :  0.002 0.983 0.002 0.007 0.006 
2663    h0382    (0)   29 :  0.005 0.985 0.003 0.003 0.004 
2664    h0392    (0)   29 :  0.003 0.985 0.004 0.005 0.003 
2665    h0402    (0)   29 :  0.004 0.977 0.009 0.006 0.003 
2666    h0412    (0)   29 :  0.003 0.986 0.003 0.003 0.005 
2667    h0422    (0)   29 :  0.003 0.988 0.002 0.003 0.004 
2668    h0432    (0)   29 :  0.002 0.982 0.004 0.007 0.004 
2669    h0442    (0)   29 :  0.005 0.983 0.004 0.003 0.004 
2670    h0452    (0)   29 :  0.002 0.990 0.003 0.002 0.003 
2671    h0462    (0)   29 :  0.003 0.987 0.003 0.003 0.005 
2672    h0472    (0)   29 :  0.002 0.988 0.003 0.004 0.003 
2673    h0482    (0)   29 :  0.004 0.976 0.006 0.008 0.006 
2674    h0492    (0)   29 :  0.002 0.990 0.002 0.002 0.003 
2675    h0502    (0)   29 :  0.002 0.990 0.002 0.002 0.003 
2676    h0512    (0)   29 :  0.002 0.989 0.003 0.002 0.003 
2677    h0522    (0)   29 :  0.003 0.983 0.004 0.005 0.004 
2678    h0532    (0)   29 :  0.003 0.988 0.003 0.003 0.003 
2679    h0542    (0)   29 :  0.002 0.989 0.002 0.002 0.004 
2680    h0552    (0)   29 :  0.002 0.990 0.002 0.003 0.003 
2681    h0562    (0)   29 :  0.003 0.990 0.002 0.002 0.003 
2682    h0572    (0)   29 :  0.002 0.989 0.003 0.003 0.003 
2683    h0582    (0)   29 :  0.003 0.987 0.004 0.003 0.003 
2684    h0592    (0)   29 :  0.002 0.990 0.002 0.003 0.003 
2685    h0602    (0)   29 :  0.002 0.988 0.002 0.004 0.003 
2686    h0612    (0)   29 :  0.005 0.965 0.007 0.014 0.009 
2687    h0622    (0)   29 :  0.004 0.988 0.003 0.002 0.002 
2688    h0632    (0)   29 :  0.002 0.990 0.002 0.002 0.003 
2689    h0642    (0)   29 :  0.003 0.988 0.002 0.003 0.003 
2690    h0652    (0)   29 :  0.004 0.941 0.011 0.036 0.008 
2691    h0662    (0)   29 :  0.002 0.989 0.002 0.002 0.004 
2692    h0672    (0)   29 :  0.003 0.988 0.004 0.003 0.003 
2693    h0682    (0)   29 :  0.002 0.990 0.002 0.002 0.004 
2694    h0692    (0)   29 :  0.003 0.989 0.003 0.003 0.003 
2695    h0702    (0)   29 :  0.002 0.987 0.003 0.005 0.003 
2696    h0712    (0)   29 :  0.002 0.986 0.007 0.002 0.003 
2697    h0722    (0)   29 :  0.002 0.989 0.002 0.003 0.003 
2698    h0732    (0)   29 :  0.004 0.989 0.002 0.003 0.003 
2699    h0742    (0)   29 :  0.002 0.989 0.002 0.003 0.003 
2700    h0752    (0)   29 :  0.002 0.991 0.002 0.003 0.002 
2701    h0762    (0)   29 :  0.002 0.989 0.002 0.003 0.003 
2702    h0772    (0)   29 :  0.003 0.989 0.002 0.003 0.003 
2703    h0782    (0)   29 :  0.004 0.982 0.008 0.003 0.004 
2704    h0792    (0)   29 :  0.003 0.974 0.006 0.012 0.004 
2705    h0802    (0)   29 :  0.005 0.984 0.003 0.004 0.004 
2706    h0812    (0)   29 :  0.002 0.990 0.002 0.004 0.003 
2707    h0822    (0)   29 :  0.003 0.987 0.004 0.003 0.004 
2708    h0832    (0)   29 :  0.002 0.988 0.003 0.003 0.003 
2709    h0842    (0)   29 :  0.003 0.987 0.005 0.002 0.003 
2710    h0852    (0)   29 :  0.002 0.992 0.002 0.002 0.002 
2711    h0862    (0)   29 :  0.003 0.989 0.002 0.003 0.003 
2712    h0872    (0)   29 :  0.006 0.959 0.019 0.007 0.009 
2713    h0882    (0)   29 :  0.002 0.991 0.002 0.003 0.003 
2714    h0892    (0)   29 :  0.005 0.966 0.010 0.005 0.015 
2715    h0902    (0)   29 :  0.002 0.990 0.002 0.003 0.003 
2716    h0912    (0)   29 :  0.003 0.989 0.002 0.003 0.003 
2717    h0922    (0)   29 :  0.003 0.989 0.003 0.002 0.003 
2718    h0932    (0)   29 :  0.003 0.988 0.002 0.004 0.003 
2719    h0942    (0)   29 :  0.003 0.988 0.002 0.003 0.004 
2720    h0952    (0)   29 :  0.002 0.991 0.002 0.002 0.003 
2721    h0962    (0)   29 :  0.002 0.990 0.002 0.002 0.003 
2722    h0972    (0)   29 :  0.002 0.988 0.003 0.003 0.004 
2723    h0982    (0)   29 :  0.002 0.988 0.004 0.003 0.003 
2724    h0992    (0)   29 :  0.003 0.990 0.002 0.002 0.003 
2725    h1002    (0)   29 :  0.002 0.990 0.002 0.003 0.003 
2726    h1012    (0)   29 :  0.002 0.991 0.002 0.002 0.003 
2727    h1022    (0)   29 :  0.004 0.982 0.004 0.006 0.004 
2728    h1032    (0)   29 :  0.002 0.988 0.004 0.002 0.004 
2729    h1042    (0)   29 :  0.003 0.986 0.004 0.003 0.003 
2730    h1052    (0)   29 :  0.003 0.988 0.002 0.004 0.004 
2731    h1062    (0)   29 :  0.003 0.982 0.007 0.003 0.004 
2732    h1072    (0)   29 :  0.003 0.990 0.002 0.003 0.002 
2733    h1082    (0)   29 :  0.003 0.989 0.003 0.003 0.003 
2734    h1092    (0)   29 :  0.003 0.989 0.002 0.003 0.003 
2735    h1102    (0)   29 :  0.002 0.989 0.003 0.003 0.003 
2736    h1112    (0)   29 :  0.007 0.978 0.003 0.007 0.005 
2737    h1122    (0)   29 :  0.003 0.988 0.002 0.003 0.004 
2738    h1132    (0)   29 :  0.003 0.987 0.003 0.004 0.003 
2739    h1142    (0)   29 :  0.003 0.989 0.002 0.003 0.004 
2740    h1152    (0)   29 :  0.002 0.991 0.002 0.002 0.003 
2741    h1162    (0)   29 :  0.002 0.986 0.003 0.006 0.003 
2742    h1172    (0)   29 :  0.003 0.974 0.007 0.010 0.006 
2743    h1182    (0)   29 :  0.002 0.991 0.002 0.002 0.003 
2744    h1192    (0)   29 :  0.003 0.951 0.012 0.024 0.009 
2745    h1202    (0)   29 :  0.002 0.991 0.002 0.002 0.002 
2746    h1212    (0)   29 :  0.002 0.990 0.002 0.003 0.003 
2747    h1222    (0)   29 :  0.003 0.982 0.004 0.008 0.004 
2748    h1232    (0)   29 :  0.002 0.989 0.003 0.002 0.003 
2749    h1242    (0)   29 :  0.002 0.989 0.003 0.003 0.003 
2750    h1252    (0)   29 :  0.002 0.991 0.002 0.002 0.002 
2751    h1262    (0)   29 :  0.003 0.988 0.004 0.003 0.003 
2752    h1272    (0)   29 :  0.002 0.988 0.002 0.004 0.003 
2753    h1282    (0)   29 :  0.002 0.986 0.004 0.004 0.003 
2754    h1292    (0)   29 :  0.003 0.984 0.004 0.005 0.005 
2755    h1302    (0)   29 :  0.002 0.990 0.002 0.002 0.003 
2756    h1312    (0)   29 :  0.002 0.990 0.002 0.002 0.004 
2757    h1322    (0)   29 :  0.002 0.988 0.002 0.003 0.004 
2758    h1332    (0)   29 :  0.002 0.990 0.003 0.002 0.002 
2759    h1342    (0)   29 :  0.003 0.988 0.002 0.004 0.003 
2760    h1352    (0)   29 :  0.002 0.990 0.002 0.002 0.003 
2761    h1362    (0)   29 :  0.003 0.985 0.003 0.004 0.005 
2762    h1372    (0)   29 :  0.004 0.940 0.010 0.035 0.012 
2763    h1382    (0)   29 :  0.002 0.985 0.002 0.006 0.005 
2764    h1392    (0)   29 :  0.002 0.989 0.005 0.002 0.002 
2765    h1402    (0)   29 :  0.004 0.987 0.003 0.003 0.004 
2766    h1412    (0)   29 :  0.005 0.975 0.006 0.007 0.006 
2767    h1422    (0)   29 :  0.002 0.987 0.002 0.004 0.004 
2768    h1432    (0)   29 :  0.002 0.990 0.002 0.003 0.003 
2769    h1442    (0)   29 :  0.003 0.990 0.002 0.002 0.003 
2770    h1452    (0)   29 :  0.002 0.989 0.003 0.003 0.003 
2771    h1462    (0)   29 :  0.002 0.989 0.003 0.003 0.003 
2772    h1472    (0)   29 :  0.003 0.982 0.006 0.004 0.006 
2773    h1482    (0)   29 :  0.003 0.987 0.003 0.003 0.004 
2774    h1492    (0)   29 :  0.004 0.982 0.007 0.003 0.004 
2775    h1502    (0)   29 :  0.002 0.990 0.002 0.003 0.002 
2776    h1512    (0)   29 :  0.003 0.989 0.002 0.002 0.004 
2777    h1522    (0)   29 :  0.002 0.988 0.003 0.004 0.004 
2778    h1532    (0)   29 :  0.003 0.990 0.002 0.002 0.003 
2779    h1542    (0)   29 :  0.002 0.990 0.002 0.003 0.002 
2780    h1552    (0)   29 :  0.004 0.971 0.005 0.015 0.005 
2781    h1562    (0)   29 :  0.006 0.982 0.003 0.004 0.005 
2782    h1572    (0)   29 :  0.003 0.982 0.007 0.005 0.004 
2783    h1582    (0)   29 :  0.003 0.989 0.003 0.003 0.003 
2784    h1592    (0)   29 :  0.002 0.988 0.003 0.003 0.004 
2785    h1602    (0)   29 :  0.002 0.991 0.002 0.002 0.003 
2786    h1612    (0)   29 :  0.002 0.989 0.002 0.003 0.003 
2787    h1622    (0)   29 :  0.003 0.987 0.005 0.002 0.003 
2788    h1632    (0)   29 :  0.002 0.991 0.002 0.002 0.002 
2789    h1642    (0)   29 :  0.002 0.991 0.002 0.003 0.003 
2790    h1652    (0)   29 :  0.004 0.982 0.005 0.004 0.005 
2791    h1662    (0)   29 :  0.002 0.992 0.002 0.002 0.002 
2792    h1672    (0)   29 :  0.002 0.991 0.002 0.002 0.002 
2793    h1682    (0)   29 :  0.002 0.987 0.003 0.003 0.003 
2794    h1692    (0)   29 :  0.003 0.985 0.006 0.003 0.003 
2795    h1702    (0)   29 :  0.004 0.988 0.002 0.003 0.003 
2796    h1712    (0)   29 :  0.002 0.992 0.002 0.002 0.002 
2797    h1722    (0)   29 :  0.002 0.991 0.002 0.003 0.003 
2798    h1732    (0)   29 :  0.002 0.991 0.002 0.002 0.002 
2799    h1742    (0)   29 :  0.003 0.986 0.003 0.005 0.004 
2800    h1752    (0)   29 :  0.002 0.989 0.003 0.003 0.002 
2801    h1762    (0)   29 :  0.003 0.990 0.002 0.002 0.003 
2802    h1772    (0)   29 :  0.003 0.984 0.005 0.005 0.003 
2803    h1782    (0)   29 :  0.003 0.987 0.003 0.004 0.003 
2804    h1792    (0)   29 :  0.003 0.990 0.002 0.002 0.003 
2805    h1802    (0)   29 :  0.002 0.992 0.002 0.002 0.003 
2806    h1812    (0)   29 :  0.003 0.983 0.004 0.006 0.005 
2807    h1822    (0)   29 :  0.002 0.987 0.002 0.005 0.004 
2808    h1832    (0)   29 :  0.002 0.989 0.002 0.003 0.004 
2809    h1842    (0)   29 :  0.003 0.986 0.003 0.005 0.004 
2810    h1852    (0)   29 :  0.004 0.983 0.003 0.004 0.006 
2811    h1862    (0)   29 :  0.003 0.983 0.005 0.004 0.004 
2812    h1872    (0)   29 :  0.002 0.991 0.002 0.002 0.002 
2813    h1882    (0)   29 :  0.002 0.992 0.002 0.002 0.002 
2814    h1892    (0)   29 :  0.003 0.984 0.008 0.003 0.003 
2815    h1902    (0)   29 :  0.002 0.991 0.002 0.002 0.003 
2816    h1912    (0)   29 :  0.002 0.991 0.002 0.002 0.002 
2817    h1922    (0)   29 :  0.002 0.989 0.003 0.003 0.003 
2818    h1932    (0)   29 :  0.004 0.982 0.002 0.006 0.006 
2819    h1942    (0)   29 :  0.003 0.985 0.002 0.005 0.004 
2820    h1952    (0)   29 :  0.003 0.982 0.004 0.006 0.004 
2821    h1962    (0)   29 :  0.002 0.989 0.004 0.002 0.003 
2822    h1972    (0)   29 :  0.002 0.988 0.004 0.003 0.003 
2823    h1982    (0)   29 :  0.002 0.988 0.003 0.004 0.003 
2824    h1992    (0)   29 :  0.002 0.991 0.002 0.002 0.003 
2825    h2002    (0)   29 :  0.003 0.977 0.007 0.006 0.006 
2826    h2011    (0)   29 :  0.003 0.984 0.006 0.004 0.004 
2827    h2021    (0)   29 :  0.002 0.988 0.003 0.003 0.003 
2828    h2031    (0)   29 :  0.002 0.990 0.002 0.003 0.003 
2829    h2041    (0)   29 :  0.002 0.990 0.002 0.003 0.003 
2830    h2051    (0)   29 :  0.005 0.982 0.003 0.004 0.006 
2831    h2061    (0)   29 :  0.006 0.985 0.003 0.003 0.004 
2832    h2071    (0)   29 :  0.002 0.991 0.002 0.002 0.003 
2833    h2081    (0)   29 :  0.003 0.987 0.003 0.004 0.004 
2834    h2091    (0)   29 :  0.002 0.987 0.005 0.003 0.003 
2835    h2101    (0)   29 :  0.002 0.988 0.003 0.004 0.003 
2836    h2111    (0)   29 :  0.002 0.990 0.002 0.003 0.003 
2837    h2121    (0)   29 :  0.003 0.987 0.003 0.003 0.004 
2838    h2131    (0)   29 :  0.004 0.981 0.005 0.005 0.004 
2839    h2141    (0)   29 :  0.002 0.991 0.002 0.002 0.003 
2840    h2151    (0)   29 :  0.002 0.990 0.002 0.002 0.003 
2841    h2161    (0)   29 :  0.009 0.937 0.041 0.006 0.007 
2842    h2171    (0)   29 :  0.002 0.989 0.003 0.003 0.003 
2843    h2181    (0)   29 :  0.002 0.990 0.002 0.003 0.003 
2844    h2191    (0)   29 :  0.002 0.990 0.002 0.003 0.003 
2845    h2201    (0)   29 :  0.007 0.974 0.007 0.004 0.008 
2846    h2211    (0)   29 :  0.003 0.987 0.005 0.003 0.003 
2847    h2221    (0)   29 :  0.002 0.991 0.002 0.002 0.003 
2848    h2231    (0)   29 :  0.002 0.985 0.003 0.005 0.004 
2849    h2241    (0)   29 :  0.002 0.990 0.002 0.002 0.003 
2850    h2251    (0)   29 :  0.003 0.986 0.005 0.003 0.003 
2851    h2261    (0)   29 :  0.002 0.987 0.004 0.003 0.003 
2852    h2271    (0)   29 :  0.003 0.986 0.003 0.003 0.004 
2853    h2281    (0)   29 :  0.002 0.988 0.003 0.004 0.003 
2854    h2291    (0)   29 :  0.004 0.986 0.003 0.003 0.004 
2855    h2301    (0)   29 :  0.002 0.990 0.002 0.003 0.003 
2856    h2311    (0)   29 :  0.002 0.986 0.004 0.003 0.004 
2857    h2321    (0)   29 :  0.002 0.988 0.003 0.003 0.005 
2858    h2331    (0)   29 :  0.002 0.991 0.002 0.002 0.003 
2859    h2341    (0)   29 :  0.002 0.988 0.004 0.002 0.004 
2860    h2351    (0)   29 :  0.003 0.984 0.005 0.003 0.004 
2861    h2361    (0)   29 :  0.002 0.989 0.003 0.003 0.004 
2862    h2371    (0)   29 :  0.003 0.988 0.003 0.003 0.003 
2863    h2381    (0)   29 :  0.003 0.990 0.002 0.003 0.002 
2864    h2391    (0)   29 :  0.002 0.983 0.004 0.005 0.005 
2865    h2401    (0)   29 :  0.002 0.990 0.002 0.003 0.003 
2866    h2411    (0)   29 :  0.003 0.987 0.003 0.004 0.003 
2867    h2421    (0)   29 :  0.002 0.989 0.002 0.003 0.003 
2868    h2431    (0)   29 :  0.002 0.988 0.004 0.002 0.003 
2869    h2441    (0)   29 :  0.003 0.989 0.003 0.003 0.003 
2870    h2451    (0)   29 :  0.002 0.990 0.002 0.002 0.003 
2871    h2461    (0)   29 :  0.002 0.987 0.005 0.003 0.003 
2872    h2471    (0)   29 :  0.002 0.991 0.002 0.002 0.002 
2873    h2481    (0)   29 :  0.002 0.990 0.002 0.003 0.003 
2874    h2491    (0)   29 :  0.002 0.989 0.002 0.003 0.003 
2875    h2501    (0)   29 :  0.003 0.975 0.005 0.010 0.006 
2876    h2511    (0)   29 :  0.002 0.985 0.004 0.005 0.004 
2877    h2521    (0)   29 :  0.003 0.989 0.002 0.002 0.003 
2878    h2531    (0)   29 :  0.002 0.987 0.003 0.003 0.004 
2879    h2541    (0)   29 :  0.003 0.984 0.003 0.004 0.006 
2880    h2551    (0)   29 :  0.002 0.990 0.002 0.003 0.003 
2881    h2561    (0)   29 :  0.002 0.989 0.002 0.002 0.004 
2882    h2571    (0)   29 :  0.003 0.989 0.002 0.003 0.004 
2883    h2581    (0)   29 :  0.002 0.988 0.003 0.004 0.003 
2884    h2591    (0)   29 :  0.003 0.984 0.003 0.007 0.004 
2885    h2601    (0)   29 :  0.002 0.992 0.002 0.002 0.002 
2886    h2611    (0)   29 :  0.003 0.989 0.002 0.004 0.003 
2887    h2621    (0)   29 :  0.002 0.989 0.003 0.002 0.003 
2888    h2631    (0)   29 :  0.004 0.981 0.005 0.005 0.005 
2889    h2641    (0)   29 :  0.002 0.992 0.002 0.002 0.002 
2890    h2651    (0)   29 :  0.002 0.991 0.002 0.003 0.002 
2891    h2661    (0)   29 :  0.003 0.985 0.003 0.004 0.004 
2892    h2671    (0)   29 :  0.004 0.981 0.005 0.007 0.003 
2893    h2681    (0)   29 :  0.003 0.987 0.003 0.002 0.004 
2894    h2691    (0)   29 :  0.003 0.988 0.002 0.003 0.004 
2895    h2701    (0)   29 :  0.003 0.987 0.004 0.003 0.003 
2896    h2711    (0)   29 :  0.003 0.990 0.002 0.002 0.003 
2897    h2721    (0)   29 :  0.005 0.983 0.003 0.004 0.005 
2898    h2731    (0)   29 :  0.002 0.991 0.002 0.002 0.003 
2899    h2741    (0)   29 :  0.003 0.990 0.002 0.002 0.003 
2900    h2751    (0)   29 :  0.002 0.990 0.002 0.003 0.003 
2901    h2761    (0)   29 :  0.002 0.990 0.003 0.003 0.002 
2902    h2771    (0)   29 :  0.003 0.987 0.002 0.003 0.004 
2903    h2781    (0)   29 :  0.002 0.990 0.002 0.003 0.003 
2904    h2791    (0)   29 :  0.002 0.989 0.002 0.003 0.003 
2905    h2801    (0)   29 :  0.002 0.992 0.002 0.002 0.002 
2906    h2811    (0)   29 :  0.002 0.990 0.002 0.003 0.002 
2907    h2821    (0)   29 :  0.002 0.991 0.002 0.002 0.002 
2908    h2831    (0)   29 :  0.002 0.991 0.002 0.003 0.002 
2909    h2841    (0)   29 :  0.002 0.990 0.002 0.003 0.002 
2910    h2851    (0)   29 :  0.003 0.983 0.006 0.003 0.005 
2911    h2861    (0)   29 :  0.003 0.984 0.005 0.004 0.003 
2912    h2871    (0)   29 :  0.004 0.955 0.027 0.005 0.009 
2913    h2881    (0)   29 :  0.003 0.988 0.002 0.003 0.004 
2914    h2891    (0)   29 :  0.003 0.971 0.005 0.014 0.008 
2915    h2901    (0)   29 :  0.003 0.986 0.003 0.005 0.004 
2916    h2911    (0)   29 :  0.002 0.989 0.002 0.003 0.004 
2917    h2921    (0)   29 :  0.003 0.988 0.002 0.003 0.004 
2918    h2931    (0)   29 :  0.002 0.991 0.002 0.003 0.003 
2919    h2941    (0)   29 :  0.004 0.985 0.002 0.004 0.005 
2920    h2951    (0)   29 :  0.003 0.987 0.003 0.003 0.004 
2921    h2961    (0)   29 :  0.002 0.990 0.002 0.002 0.003 
2922    h2971    (0)   29 :  0.009 0.958 0.011 0.012 0.010 
2923    h2981    (0)   29 :  0.002 0.990 0.002 0.002 0.003 
2924    h2991    (0)   29 :  0.004 0.981 0.005 0.007 0.004 
2925    h3001    (0)   29 :  0.002 0.988 0.003 0.004 0.003 
2926  EF.15EU    (5)   30 :  0.002 0.003 0.989 0.003 0.003 
2927  EF.15EE    (0)   30 :  0.002 0.003 0.989 0.003 0.003 
2928  EF.15EF    (0)   30 :  0.003 0.005 0.980 0.009 0.004 
2929  EF.15EH    (0)   30 :  0.003 0.002 0.990 0.003 0.003 
2930  EF.15EJ    (5)   30 :  0.004 0.003 0.949 0.039 0.005 
2931  EF.15EK    (0)   30 :  0.002 0.002 0.991 0.003 0.002 
2932  EF.15EL    (0)   30 :  0.004 0.003 0.988 0.002 0.003 
2933  EF.15EM    (0)   30 :  0.003 0.002 0.986 0.005 0.003 
2934  EF.15EP    (0)   30 :  0.003 0.003 0.986 0.005 0.003 
2935  EF.15ET    (0)   30 :  0.004 0.003 0.988 0.003 0.002 
2936  EF.15EX    (0)   30 :  0.003 0.002 0.990 0.003 0.003 
2937  EF.15F0    (0)   30 :  0.002 0.003 0.989 0.003 0.003 
2938  EF.15F1    (5)   30 :  0.004 0.003 0.985 0.004 0.005 
2939  EF.15F2    (0)   30 :  0.002 0.003 0.990 0.003 0.002 
2940  EF.15F3    (0)   30 :  0.003 0.002 0.988 0.004 0.003 
2941  EF.15F4    (0)   30 :  0.002 0.002 0.992 0.002 0.002 
2942  EF.15F5    (0)   30 :  0.003 0.002 0.986 0.004 0.005 
2943  EF.15F6    (0)   30 :  0.002 0.003 0.985 0.007 0.003 
2944  EF.15FC    (0)   30 :  0.003 0.006 0.983 0.005 0.004 
2945  EF.15FE    (0)   30 :  0.004 0.006 0.965 0.013 0.012 
2946  EF.15FF    (0)   30 :  0.003 0.002 0.988 0.004 0.003 
2947  EF.15FH    (0)   30 :  0.002 0.003 0.989 0.003 0.003 
2948  EF.15FJ    (0)   30 :  0.003 0.008 0.971 0.009 0.008 
2949  EF.15FK    (0)   30 :  0.010 0.004 0.970 0.011 0.004 
2950  EF.15FL    (0)   30 :  0.002 0.003 0.990 0.003 0.002 
2951  EF.15FM    (0)   30 :  0.003 0.010 0.968 0.014 0.005 
2952  EF.15FP    (0)   30 :  0.002 0.002 0.989 0.004 0.003 
2953    h0011    (0)   31 :  0.003 0.005 0.986 0.004 0.003 
2954    h0021    (0)   31 :  0.003 0.002 0.989 0.004 0.003 
2955    h0031    (0)   31 :  0.003 0.003 0.985 0.005 0.003 
2956    h0041    (0)   31 :  0.003 0.002 0.983 0.006 0.006 
2957    h0051    (0)   31 :  0.003 0.005 0.983 0.005 0.004 
2958    h0061    (0)   31 :  0.005 0.003 0.986 0.003 0.003 
2959    h0071    (0)   31 :  0.003 0.003 0.980 0.008 0.005 
2960    h0081    (0)   31 :  0.002 0.003 0.989 0.003 0.002 
2961    h0091    (0)   31 :  0.003 0.007 0.973 0.013 0.004 
2962    h0101    (0)   31 :  0.003 0.013 0.972 0.009 0.004 
2963    h0111    (0)   31 :  0.002 0.002 0.991 0.003 0.002 
2964    h0121    (0)   31 :  0.004 0.008 0.978 0.006 0.004 
2965    h0131    (0)   31 :  0.004 0.004 0.983 0.005 0.004 
2966    h0141    (0)   31 :  0.003 0.007 0.981 0.006 0.004 
2967    h0151    (0)   31 :  0.003 0.003 0.987 0.005 0.003 
2968    h0161    (0)   31 :  0.003 0.003 0.989 0.003 0.002 
2969    h0171    (0)   31 :  0.004 0.003 0.985 0.004 0.003 
2970    h0181    (0)   31 :  0.004 0.002 0.980 0.010 0.004 
2971    h0191    (0)   31 :  0.005 0.004 0.983 0.004 0.003 
2972    h0201    (0)   31 :  0.003 0.003 0.989 0.003 0.003 
2973    h0211    (0)   31 :  0.003 0.006 0.965 0.020 0.008 
2974    h0221    (0)   31 :  0.004 0.003 0.989 0.003 0.003 
2975    h0231    (0)   31 :  0.003 0.002 0.989 0.003 0.002 
2976    h0241    (0)   31 :  0.003 0.002 0.986 0.004 0.004 
2977    h0251    (0)   31 :  0.003 0.004 0.988 0.003 0.003 
2978    h0261    (0)   31 :  0.003 0.005 0.984 0.004 0.004 
2979    h0271    (0)   31 :  0.004 0.007 0.975 0.009 0.006 
2980    h0281    (0)   31 :  0.003 0.002 0.989 0.003 0.002 
2981    h0291    (0)   31 :  0.002 0.002 0.991 0.002 0.002 
2982    h0301    (0)   31 :  0.004 0.004 0.982 0.006 0.005 
2983    h0311    (0)   31 :  0.004 0.003 0.980 0.007 0.006 
2984    h0321    (0)   31 :  0.003 0.003 0.985 0.005 0.003 
2985    h0331    (0)   31 :  0.004 0.004 0.981 0.006 0.004 
2986    h0341    (0)   31 :  0.003 0.002 0.986 0.006 0.003 
2987    h0351    (0)   31 :  0.003 0.002 0.982 0.008 0.004 
2988    h0361    (0)   31 :  0.003 0.007 0.985 0.004 0.002 
2989    h0371    (0)   31 :  0.003 0.003 0.988 0.003 0.003 
2990    h0381    (0)   31 :  0.003 0.006 0.983 0.005 0.003 
2991    h0391    (0)   31 :  0.003 0.003 0.985 0.005 0.004 
2992    h0401    (0)   31 :  0.003 0.003 0.988 0.004 0.002 
2993    h0411    (0)   31 :  0.003 0.005 0.981 0.006 0.005 
2994    h0421    (0)   31 :  0.003 0.003 0.986 0.003 0.004 
2995    h0431    (0)   31 :  0.004 0.008 0.981 0.004 0.003 
2996    h0441    (0)   31 :  0.003 0.002 0.988 0.003 0.003 
2997    h0451    (0)   31 :  0.003 0.003 0.981 0.005 0.007 
2998    h0461    (0)   31 :  0.004 0.003 0.982 0.008 0.004 
2999    h0471    (0)   31 :  0.003 0.004 0.988 0.003 0.002 
3000    h0481    (0)   31 :  0.003 0.003 0.987 0.004 0.004 
3001    h0491    (0)   31 :  0.003 0.002 0.986 0.005 0.004 
3002    h0501    (0)   31 :  0.002 0.002 0.990 0.003 0.003 
3003    h0511    (0)   31 :  0.003 0.006 0.982 0.004 0.004 
3004    h0521    (0)   31 :  0.003 0.002 0.987 0.005 0.004 
3005    h0531    (0)   31 :  0.003 0.003 0.989 0.004 0.003 
3006    h0541    (0)   31 :  0.003 0.003 0.984 0.006 0.005 
3007    h0551    (0)   31 :  0.002 0.003 0.989 0.004 0.002 
3008    h0561    (0)   31 :  0.003 0.012 0.971 0.008 0.006 
3009    h0571    (0)   31 :  0.003 0.003 0.987 0.005 0.003 
3010    h0581    (0)   31 :  0.003 0.002 0.989 0.003 0.003 
3011    h0591    (0)   31 :  0.004 0.003 0.985 0.005 0.004 
3012    h0601    (0)   31 :  0.004 0.002 0.986 0.005 0.003 
3013    h0611    (0)   31 :  0.003 0.002 0.987 0.004 0.004 
3014    h0621    (0)   31 :  0.003 0.004 0.985 0.005 0.003 
3015    h0631    (0)   31 :  0.002 0.002 0.990 0.002 0.003 
3016    h0641    (0)   31 :  0.003 0.003 0.988 0.003 0.003 
3017    h0651    (0)   31 :  0.003 0.004 0.988 0.003 0.003 
3018    h0661    (0)   31 :  0.004 0.006 0.978 0.007 0.004 
3019    h0671    (0)   31 :  0.003 0.003 0.985 0.005 0.003 
3020    h0681    (0)   31 :  0.004 0.002 0.988 0.003 0.002 
3021    h0691    (0)   31 :  0.002 0.002 0.991 0.003 0.002 
3022    h0701    (0)   31 :  0.002 0.002 0.990 0.004 0.003 
3023    h0711    (0)   31 :  0.002 0.002 0.989 0.004 0.002 
3024    h0721    (0)   31 :  0.005 0.005 0.979 0.006 0.005 
3025    h0731    (0)   31 :  0.002 0.002 0.990 0.004 0.002 
3026    h0741    (0)   31 :  0.002 0.002 0.988 0.004 0.003 
3027    h0751    (0)   31 :  0.002 0.003 0.990 0.003 0.003 
3028    h0761    (0)   31 :  0.003 0.005 0.981 0.007 0.004 
3029    h0771    (0)   31 :  0.003 0.003 0.989 0.003 0.002 
3030    h0781    (0)   31 :  0.003 0.003 0.988 0.004 0.002 
3031    h0791    (0)   31 :  0.002 0.002 0.990 0.004 0.003 
3032    h0801    (0)   31 :  0.002 0.003 0.989 0.003 0.003 
3033    h0811    (0)   31 :  0.003 0.002 0.986 0.006 0.003 
3034    h0821    (0)   31 :  0.004 0.003 0.983 0.007 0.004 
3035    h0831    (0)   31 :  0.003 0.002 0.988 0.003 0.003 
3036    h0841    (0)   31 :  0.003 0.006 0.981 0.004 0.005 
3037    h0851    (0)   31 :  0.002 0.002 0.991 0.002 0.002 
3038    h0861    (0)   31 :  0.005 0.003 0.978 0.009 0.005 
3039    h0871    (0)   31 :  0.002 0.002 0.989 0.003 0.004 
3040    h0881    (0)   31 :  0.003 0.002 0.990 0.003 0.002 
3041    h0891    (0)   31 :  0.002 0.002 0.992 0.002 0.002 
3042    h0901    (0)   31 :  0.003 0.004 0.985 0.005 0.004 
3043    h0911    (0)   31 :  0.002 0.003 0.987 0.004 0.003 
3044    h0921    (0)   31 :  0.005 0.004 0.981 0.004 0.005 
3045    h0931    (0)   31 :  0.003 0.003 0.987 0.004 0.003 
3046    h0941    (0)   31 :  0.005 0.004 0.977 0.009 0.005 
3047    h0951    (0)   31 :  0.003 0.003 0.986 0.005 0.004 
3048    h0961    (0)   31 :  0.002 0.002 0.989 0.004 0.002 
3049    h0971    (0)   31 :  0.002 0.002 0.990 0.003 0.003 
3050    h0981    (0)   31 :  0.003 0.002 0.987 0.004 0.004 
3051    h0991    (0)   31 :  0.002 0.003 0.983 0.007 0.005 
3052    h1001    (0)   31 :  0.003 0.004 0.987 0.003 0.003 
3053    h1011    (0)   31 :  0.002 0.002 0.990 0.003 0.003 
3054    h1021    (0)   31 :  0.002 0.004 0.987 0.003 0.004 
3055    h1031    (0)   31 :  0.004 0.003 0.980 0.009 0.004 
3056    h1041    (0)   31 :  0.003 0.004 0.985 0.004 0.004 
3057    h1051    (0)   31 :  0.002 0.003 0.989 0.004 0.002 
3058    h1061    (0)   31 :  0.002 0.002 0.990 0.003 0.002 
3059    h1071    (0)   31 :  0.004 0.007 0.978 0.006 0.005 
3060    h1081    (0)   31 :  0.003 0.003 0.988 0.004 0.003 
3061    h1091    (0)   31 :  0.004 0.003 0.978 0.008 0.007 
3062    h1101    (0)   31 :  0.002 0.002 0.989 0.003 0.003 
3063    h1111    (0)   31 :  0.002 0.002 0.990 0.003 0.002 
3064    h1121    (0)   31 :  0.005 0.002 0.988 0.003 0.003 
3065    h1131    (0)   31 :  0.002 0.002 0.989 0.003 0.003 
3066    h1141    (0)   31 :  0.003 0.003 0.988 0.003 0.003 
3067    h1151    (0)   31 :  0.003 0.003 0.987 0.005 0.003 
3068    h1161    (0)   31 :  0.002 0.004 0.988 0.003 0.002 
3069    h1171    (0)   31 :  0.003 0.004 0.985 0.005 0.003 
3070    h1181    (0)   31 :  0.003 0.007 0.978 0.008 0.004 
3071    h1191    (0)   31 :  0.003 0.003 0.986 0.005 0.003 
3072    h1201    (0)   31 :  0.007 0.008 0.975 0.005 0.005 
3073    h1211    (0)   31 :  0.003 0.003 0.988 0.004 0.003 
3074    h1221    (0)   31 :  0.002 0.002 0.990 0.003 0.003 
3075    h1231    (0)   31 :  0.003 0.004 0.983 0.006 0.005 
3076    h1241    (0)   31 :  0.003 0.002 0.987 0.004 0.003 
3077    h1251    (0)   31 :  0.003 0.003 0.978 0.011 0.005 
3078    h1261    (0)   31 :  0.003 0.002 0.990 0.003 0.002 
3079    h1271    (0)   31 :  0.005 0.005 0.981 0.005 0.004 
3080    h1281    (0)   31 :  0.004 0.007 0.981 0.004 0.004 
3081    h1291    (0)   31 :  0.003 0.004 0.986 0.003 0.004 
3082    h1301    (0)   31 :  0.003 0.002 0.990 0.003 0.002 
3083    h1311    (0)   31 :  0.002 0.003 0.988 0.004 0.003 
3084    h1321    (0)   31 :  0.003 0.003 0.986 0.005 0.003 
3085    h1331    (0)   31 :  0.003 0.003 0.986 0.005 0.003 
3086    h1341    (0)   31 :  0.003 0.005 0.984 0.005 0.004 
3087    h1351    (0)   31 :  0.003 0.002 0.989 0.004 0.002 
3088    h1361    (0)   31 :  0.003 0.003 0.982 0.008 0.004 
3089    h1371    (0)   31 :  0.002 0.006 0.983 0.006 0.003 
3090    h1381    (0)   31 :  0.003 0.003 0.988 0.004 0.003 
3091    h1391    (0)   31 :  0.004 0.003 0.987 0.004 0.003 
3092    h1401    (0)   31 :  0.002 0.004 0.985 0.005 0.003 
3093    h1411    (0)   31 :  0.003 0.003 0.983 0.005 0.006 
3094    h1421    (0)   31 :  0.003 0.003 0.988 0.003 0.003 
3095    h1431    (0)   31 :  0.002 0.003 0.989 0.003 0.003 
3096    h1441    (0)   31 :  0.005 0.004 0.981 0.005 0.006 
3097    h1451    (0)   31 :  0.003 0.004 0.986 0.005 0.003 
3098    h1461    (0)   31 :  0.003 0.004 0.985 0.004 0.004 
3099    h1471    (0)   31 :  0.003 0.005 0.983 0.005 0.004 
3100    h1481    (0)   31 :  0.003 0.006 0.975 0.011 0.005 
3101    h1491    (0)   31 :  0.003 0.004 0.987 0.004 0.003 
3102    h1501    (0)   31 :  0.002 0.005 0.983 0.005 0.005 
3103    h1511    (0)   31 :  0.002 0.003 0.986 0.004 0.004 
3104    h1521    (0)   31 :  0.002 0.002 0.988 0.004 0.003 
3105    h1531    (0)   31 :  0.004 0.003 0.983 0.007 0.004 
3106    h1541    (0)   31 :  0.003 0.003 0.987 0.004 0.003 
3107    h1551    (0)   31 :  0.002 0.004 0.986 0.004 0.004 
3108    h1561    (0)   31 :  0.002 0.003 0.982 0.010 0.002 
3109    h1571    (0)   31 :  0.003 0.002 0.990 0.003 0.003 
3110    h1581    (0)   31 :  0.002 0.002 0.989 0.003 0.003 
3111    h1591    (0)   31 :  0.005 0.010 0.968 0.010 0.006 
3112    h1601    (0)   31 :  0.004 0.006 0.978 0.006 0.006 
3113    h1611    (0)   31 :  0.003 0.003 0.981 0.007 0.006 
3114    h1621    (0)   31 :  0.003 0.003 0.986 0.005 0.003 
3115    h1631    (0)   31 :  0.003 0.003 0.983 0.006 0.005 
3116    h1641    (0)   31 :  0.003 0.003 0.987 0.005 0.003 
3117    h1651    (0)   31 :  0.002 0.004 0.988 0.003 0.003 
3118    h1661    (0)   31 :  0.005 0.012 0.973 0.004 0.005 
3119    h1671    (0)   31 :  0.003 0.003 0.986 0.005 0.004 
3120    h1681    (0)   31 :  0.003 0.002 0.991 0.003 0.002 
3121    h1691    (0)   31 :  0.003 0.002 0.990 0.003 0.003 
3122    h1701    (0)   31 :  0.002 0.003 0.985 0.007 0.004 
3123    h1711    (0)   31 :  0.002 0.002 0.985 0.007 0.003 
3124    h1721    (0)   31 :  0.002 0.003 0.987 0.004 0.004 
3125    h1731    (0)   31 :  0.002 0.003 0.989 0.003 0.002 
3126    h1741    (0)   31 :  0.003 0.003 0.989 0.003 0.003 
3127    h1751    (0)   31 :  0.002 0.003 0.983 0.006 0.005 
3128    h1761    (0)   31 :  0.007 0.002 0.974 0.012 0.004 
3129    h1771    (0)   31 :  0.003 0.002 0.990 0.003 0.002 
3130    h1781    (0)   31 :  0.002 0.003 0.989 0.003 0.003 
3131    h1791    (0)   31 :  0.003 0.004 0.982 0.007 0.004 
3132    h1801    (0)   31 :  0.004 0.003 0.976 0.011 0.005 
3133    h1811    (0)   31 :  0.003 0.003 0.989 0.003 0.003 
3134    h1821    (0)   31 :  0.003 0.003 0.983 0.006 0.004 
3135    h1831    (0)   31 :  0.003 0.003 0.986 0.006 0.003 
3136    h1841    (0)   31 :  0.003 0.005 0.984 0.006 0.004 
3137    h1851    (0)   31 :  0.004 0.005 0.981 0.006 0.005 
3138    h1861    (0)   31 :  0.006 0.006 0.967 0.013 0.007 
3139    h1871    (0)   31 :  0.002 0.003 0.989 0.003 0.003 
3140    h1881    (0)   31 :  0.003 0.002 0.987 0.004 0.003 
3141    h1891    (0)   31 :  0.003 0.003 0.987 0.004 0.003 
3142    h1901    (0)   31 :  0.003 0.004 0.986 0.003 0.003 
3143    h1911    (0)   31 :  0.002 0.003 0.985 0.007 0.003 
3144    h1921    (0)   31 :  0.003 0.003 0.985 0.006 0.004 
3145    h1931    (0)   31 :  0.002 0.002 0.989 0.003 0.003 
3146    h1941    (0)   31 :  0.003 0.002 0.990 0.002 0.002 
3147    h1951    (0)   31 :  0.002 0.003 0.990 0.003 0.002 
3148    h1961    (0)   31 :  0.002 0.004 0.987 0.004 0.003 
3149    h1971    (0)   31 :  0.002 0.003 0.988 0.004 0.003 
3150    h1981    (0)   31 :  0.003 0.002 0.987 0.005 0.003 
3151    h1991    (0)   31 :  0.003 0.003 0.986 0.004 0.004 
3152    h2001    (0)   31 :  0.005 0.003 0.982 0.006 0.004 
3153     h201    (0)   31 :  0.003 0.006 0.982 0.004 0.005 
3154     h202    (0)   31 :  0.003 0.003 0.986 0.005 0.003 
3155     h203    (0)   31 :  0.004 0.004 0.982 0.006 0.004 
3156     h204    (0)   31 :  0.003 0.003 0.987 0.004 0.003 
3157     h205    (0)   31 :  0.003 0.004 0.976 0.011 0.005 
3158     h206    (0)   31 :  0.002 0.003 0.989 0.003 0.003 
3159     h207    (0)   31 :  0.003 0.007 0.977 0.006 0.007 
3160     h208    (0)   31 :  0.002 0.003 0.989 0.003 0.003 
3161     h209    (0)   31 :  0.002 0.005 0.979 0.006 0.008 
3162     h210    (0)   31 :  0.002 0.003 0.987 0.004 0.003 
3163     h211    (0)   31 :  0.002 0.002 0.990 0.003 0.003 
3164     h212    (0)   31 :  0.002 0.003 0.988 0.004 0.003 
3165     h213    (0)   31 :  0.004 0.004 0.983 0.005 0.004 
3166     h214    (0)   31 :  0.003 0.004 0.985 0.004 0.003 
3167     h215    (0)   31 :  0.003 0.008 0.972 0.014 0.004 
3168     h216    (0)   31 :  0.004 0.003 0.987 0.003 0.003 
3169     h217    (0)   31 :  0.002 0.002 0.990 0.003 0.002 
3170     h218    (0)   31 :  0.002 0.002 0.990 0.003 0.002 
3171     h219    (0)   31 :  0.003 0.002 0.988 0.004 0.003 
3172     h220    (0)   31 :  0.003 0.003 0.983 0.008 0.003 
3173     h221    (0)   31 :  0.002 0.002 0.990 0.003 0.002 
3174     h222    (0)   31 :  0.002 0.002 0.990 0.003 0.002 
3175     h223    (0)   31 :  0.003 0.002 0.987 0.005 0.003 
3176     h224    (0)   31 :  0.003 0.003 0.987 0.005 0.003 
3177     h225    (0)   31 :  0.003 0.002 0.989 0.003 0.002 
3178     h226    (0)   31 :  0.002 0.002 0.990 0.003 0.002 
3179     h227    (0)   31 :  0.002 0.002 0.990 0.004 0.002 
3180     h228    (0)   31 :  0.003 0.004 0.983 0.006 0.004 
3181     h229    (0)   31 :  0.002 0.002 0.989 0.004 0.003 
3182     h230    (0)   31 :  0.004 0.002 0.982 0.006 0.006 
3183     h231    (0)   31 :  0.002 0.003 0.986 0.006 0.003 
3184     h232    (0)   31 :  0.003 0.007 0.977 0.009 0.003 
3185     h233    (0)   31 :  0.002 0.004 0.986 0.004 0.004 
3186     h234    (0)   31 :  0.003 0.003 0.988 0.004 0.003 
3187     h235    (0)   31 :  0.003 0.004 0.986 0.005 0.003 
3188     h236    (0)   31 :  0.004 0.003 0.989 0.003 0.002 
3189     h237    (0)   31 :  0.003 0.002 0.988 0.004 0.003 
3190     h238    (0)   31 :  0.003 0.003 0.989 0.003 0.002 
3191     h239    (0)   31 :  0.004 0.005 0.980 0.007 0.004 
3192     h240    (0)   31 :  0.003 0.002 0.988 0.004 0.003 
3193     h241    (0)   31 :  0.004 0.004 0.959 0.027 0.007 
3194     h242    (0)   31 :  0.004 0.002 0.988 0.003 0.003 
3195     h243    (0)   31 :  0.002 0.002 0.989 0.004 0.003 
3196     h244    (0)   31 :  0.003 0.003 0.986 0.004 0.003 
3197     h245    (0)   31 :  0.003 0.003 0.986 0.005 0.003 
3198     h246    (0)   31 :  0.004 0.003 0.986 0.005 0.003 
3199     h247    (0)   31 :  0.003 0.002 0.988 0.004 0.003 
3200     h248    (0)   31 :  0.002 0.003 0.989 0.003 0.003 
3201     h249    (0)   31 :  0.002 0.002 0.991 0.002 0.002 
3202     h250    (0)   31 :  0.004 0.004 0.982 0.006 0.004 
3203     h251    (0)   31 :  0.003 0.005 0.981 0.008 0.004 
3204     h252    (0)   31 :  0.011 0.006 0.975 0.005 0.004 
3205     h253    (0)   31 :  0.005 0.003 0.985 0.004 0.003 
3206     h254    (0)   31 :  0.004 0.002 0.987 0.004 0.003 
3207     h255    (0)   31 :  0.002 0.004 0.987 0.003 0.004 
3208     h256    (0)   31 :  0.003 0.004 0.986 0.005 0.003 
3209     h257    (0)   31 :  0.004 0.004 0.986 0.003 0.003 
3210     h258    (0)   31 :  0.002 0.003 0.987 0.004 0.003 
3211     h259    (0)   31 :  0.003 0.004 0.986 0.004 0.003 
3212     h260    (0)   31 :  0.003 0.004 0.969 0.021 0.004 
3213     h261    (0)   31 :  0.002 0.003 0.976 0.008 0.010 
3214     h262    (0)   31 :  0.003 0.002 0.987 0.006 0.002 
3215     h263    (0)   31 :  0.005 0.003 0.975 0.009 0.009 
3216     h264    (0)   31 :  0.003 0.003 0.988 0.004 0.002 
3217     h265    (0)   31 :  0.003 0.002 0.988 0.004 0.002 
3218     h266    (0)   31 :  0.005 0.008 0.977 0.006 0.004 
3219     h267    (0)   31 :  0.003 0.007 0.977 0.006 0.006 
3220     h268    (0)   31 :  0.002 0.003 0.988 0.004 0.003 
3221     h269    (0)   31 :  0.002 0.003 0.987 0.005 0.003 
3222     h270    (0)   31 :  0.003 0.002 0.988 0.003 0.003 
3223     h271    (0)   31 :  0.002 0.002 0.991 0.003 0.002 
3224     h272    (0)   31 :  0.003 0.003 0.986 0.004 0.003 
3225     h273    (0)   31 :  0.006 0.005 0.970 0.015 0.005 
3226     h274    (0)   31 :  0.003 0.003 0.980 0.009 0.005 
3227     h275    (0)   31 :  0.004 0.004 0.979 0.008 0.004 
3228     h276    (0)   31 :  0.002 0.003 0.986 0.006 0.003 
3229     h277    (0)   31 :  0.002 0.002 0.991 0.002 0.002 
3230     h278    (0)   31 :  0.003 0.005 0.985 0.004 0.003 
3231     h279    (0)   31 :  0.002 0.002 0.988 0.004 0.003 
3232     h280    (0)   31 :  0.005 0.002 0.973 0.012 0.009 
3233     h281    (0)   31 :  0.004 0.003 0.988 0.003 0.002 
3234     h282    (0)   31 :  0.003 0.010 0.977 0.006 0.003 
3235     h283    (0)   31 :  0.003 0.002 0.988 0.004 0.003 
3236     h284    (0)   31 :  0.002 0.005 0.985 0.005 0.004 
3237     h285    (0)   31 :  0.003 0.003 0.974 0.012 0.007 
3238     h286    (0)   31 :  0.003 0.003 0.985 0.006 0.004 
3239     h287    (0)   31 :  0.002 0.003 0.985 0.006 0.004 
3240     h288    (0)   31 :  0.004 0.017 0.959 0.012 0.008 
3241     h289    (0)   31 :  0.003 0.002 0.989 0.003 0.003 
3242     h290    (0)   31 :  0.002 0.004 0.985 0.005 0.003 
3243     h291    (0)   31 :  0.002 0.002 0.990 0.003 0.002 
3244     h292    (0)   31 :  0.003 0.002 0.989 0.003 0.003 
3245     h293    (0)   31 :  0.003 0.003 0.987 0.004 0.003 
3246     h294    (0)   31 :  0.002 0.002 0.991 0.002 0.002 
3247     h295    (0)   31 :  0.003 0.003 0.985 0.004 0.004 
3248     h296    (0)   31 :  0.005 0.002 0.984 0.005 0.004 
3249     h297    (0)   31 :  0.003 0.004 0.987 0.004 0.003 
3250     h298    (0)   31 :  0.003 0.003 0.989 0.004 0.003 
3251     h299    (0)   31 :  0.003 0.003 0.980 0.011 0.004 
3252     h300    (0)   31 :  0.003 0.003 0.988 0.003 0.003 
3253   CC00K0    (0)   32 :  0.002 0.003 0.003 0.987 0.005 
3254   CC01AY    (0)   32 :  0.004 0.010 0.008 0.972 0.007 
3255   CC01EE    (0)   32 :  0.004 0.005 0.006 0.973 0.012 
3256   CC03KH    (0)   32 :  0.005 0.004 0.012 0.959 0.020 
3257   CC04FK    (0)   32 :  0.005 0.005 0.004 0.976 0.010 
3258   CC04H8    (0)   32 :  0.004 0.007 0.024 0.952 0.012 
3259   CC05EL    (0)   32 :  0.005 0.005 0.011 0.967 0.011 
3260   CC05EM    (0)   32 :  0.002 0.004 0.003 0.986 0.006 
3261   CC05EX    (0)   32 :  0.002 0.003 0.003 0.987 0.005 
3262   CC05H2    (0)   32 :  0.003 0.013 0.008 0.961 0.014 
3263   CC05HP    (0)   32 :  0.002 0.004 0.003 0.987 0.004 
3264   CC05X0    (0)   32 :  0.002 0.002 0.003 0.988 0.004 
3265   CC05X7    (0)   32 :  0.002 0.004 0.003 0.987 0.003 
3266   CC0637    (0)   32 :  0.003 0.009 0.014 0.964 0.009 
3267   CC0640    (0)   32 :  0.003 0.004 0.005 0.983 0.005 
3268   FCC01M    (0)   32 :  0.003 0.010 0.010 0.973 0.004 
3269   FCC2JC    (0)   32 :  0.007 0.007 0.090 0.865 0.031 
3270   CC00JM    (0)   32 :  0.005 0.005 0.005 0.980 0.004 
3271   CC00T6    (0)   32 :  0.005 0.013 0.009 0.954 0.018 
3272   CC00T7    (0)   32 :  0.003 0.003 0.010 0.977 0.008 
3273   CC00TC    (0)   32 :  0.003 0.006 0.004 0.985 0.003 
3274   CC01CJ    (0)   32 :  0.005 0.010 0.005 0.976 0.005 
3275   CC01CY    (5)   32 :  0.002 0.008 0.004 0.981 0.005 
3276   CC01EC    (0)   32 :  0.003 0.003 0.006 0.984 0.004 
3277   CC01EH    (0)   32 :  0.004 0.005 0.012 0.975 0.004 
3278   CC01F2    (0)   32 :  0.003 0.004 0.006 0.979 0.008 
3279   CC01FL    (0)   32 :  0.002 0.011 0.004 0.978 0.004 
3280   CC025E    (0)   32 :  0.004 0.006 0.010 0.976 0.005 
3281   CC03E3    (0)   32 :  0.003 0.051 0.003 0.936 0.006 
3282   CC04AU    (0)   32 :  0.002 0.002 0.004 0.989 0.003 
3283   CC04EK    (5)   32 :  0.002 0.003 0.003 0.988 0.003 
3284   CC05FX    (0)   32 :  0.003 0.006 0.019 0.968 0.005 
3285   CC05H7    (0)   32 :  0.005 0.015 0.003 0.965 0.012 
3286   CC05M5    (0)   32 :  0.002 0.002 0.004 0.988 0.004 
3287   CC05YK    (0)   32 :  0.003 0.017 0.003 0.972 0.005 
3288   CC0630    (0)   32 :  0.005 0.005 0.006 0.950 0.033 
3289   CC066E    (5)   32 :  0.006 0.007 0.008 0.959 0.020 
3290   CC01ET    (5)   32 :  0.006 0.007 0.012 0.968 0.007 
3291   CC01F1    (5)   32 :  0.004 0.005 0.008 0.978 0.005 
3292   CC063M    (5)   32 :  0.004 0.007 0.002 0.983 0.004 
3293    h0013    (0)   33 :  0.006 0.004 0.005 0.974 0.011 
3294    h0023    (0)   33 :  0.002 0.003 0.004 0.986 0.004 
3295    h0033    (0)   33 :  0.004 0.004 0.008 0.978 0.007 
3296    h0043    (0)   33 :  0.003 0.007 0.007 0.977 0.007 
3297    h0053    (0)   33 :  0.002 0.004 0.004 0.987 0.004 
3298    h0063    (0)   33 :  0.003 0.009 0.003 0.980 0.005 
3299    h0073    (0)   33 :  0.003 0.005 0.030 0.955 0.006 
3300    h0083    (0)   33 :  0.004 0.004 0.005 0.982 0.005 
3301    h0093    (0)   33 :  0.003 0.005 0.002 0.985 0.005 
3302    h0103    (0)   33 :  0.004 0.010 0.018 0.964 0.004 
3303    h0113    (0)   33 :  0.004 0.003 0.004 0.980 0.010 
3304    h0123    (0)   33 :  0.002 0.005 0.004 0.983 0.006 
3305    h0133    (0)   33 :  0.004 0.003 0.005 0.982 0.006 
3306    h0143    (0)   33 :  0.003 0.003 0.005 0.985 0.003 
3307    h0153    (0)   33 :  0.003 0.010 0.003 0.979 0.005 
3308    h0163    (0)   33 :  0.003 0.002 0.004 0.988 0.003 
3309    h0173    (0)   33 :  0.003 0.015 0.005 0.970 0.007 
3310    h0183    (0)   33 :  0.004 0.006 0.005 0.977 0.008 
3311    h0193    (0)   33 :  0.004 0.004 0.011 0.975 0.007 
3312    h0203    (0)   33 :  0.003 0.004 0.010 0.980 0.003 
3313    h0213    (0)   33 :  0.005 0.008 0.049 0.931 0.007 
3314    h0223    (0)   33 :  0.003 0.011 0.003 0.976 0.007 
3315    h0233    (0)   33 :  0.007 0.008 0.012 0.862 0.111 
3316    h0243    (0)   33 :  0.007 0.005 0.004 0.962 0.022 
3317    h0253    (0)   33 :  0.002 0.008 0.005 0.981 0.004 
3318    h0263    (0)   33 :  0.006 0.004 0.052 0.930 0.008 
3319    h0273    (0)   33 :  0.003 0.002 0.006 0.985 0.004 
3320    h0283    (0)   33 :  0.002 0.010 0.007 0.976 0.004 
3321    h0293    (0)   33 :  0.004 0.048 0.010 0.918 0.020 
3322    h0303    (0)   33 :  0.005 0.006 0.013 0.969 0.008 
3323    h0313    (0)   33 :  0.004 0.003 0.032 0.956 0.006 
3324    h0323    (0)   33 :  0.002 0.006 0.003 0.985 0.003 
3325    h0333    (0)   33 :  0.003 0.004 0.004 0.986 0.004 
3326    h0343    (0)   33 :  0.003 0.003 0.006 0.984 0.004 
3327    h0353    (0)   33 :  0.004 0.007 0.013 0.967 0.008 
3328    h0363    (0)   33 :  0.003 0.003 0.004 0.986 0.005 
3329    h0373    (0)   33 :  0.004 0.003 0.016 0.972 0.005 
3330    h0383    (0)   33 :  0.003 0.002 0.009 0.982 0.004 
3331    h0393    (0)   33 :  0.002 0.004 0.005 0.983 0.006 
3332    h0403    (0)   33 :  0.003 0.004 0.003 0.986 0.005 
3333    h0413    (0)   33 :  0.003 0.004 0.004 0.983 0.006 
3334    h0423    (0)   33 :  0.002 0.003 0.004 0.987 0.003 
3335    h0433    (0)   33 :  0.002 0.012 0.009 0.973 0.003 
3336    h0443    (0)   33 :  0.003 0.004 0.037 0.947 0.009 
3337    h0453    (0)   33 :  0.005 0.007 0.010 0.971 0.008 
3338    h0463    (0)   33 :  0.004 0.006 0.005 0.978 0.008 
3339    h0473    (0)   33 :  0.004 0.041 0.004 0.941 0.009 
3340    h0483    (0)   33 :  0.003 0.006 0.059 0.921 0.011 
3341    h0493    (0)   33 :  0.003 0.004 0.005 0.985 0.003 
3342    h0503    (0)   33 :  0.002 0.006 0.004 0.984 0.004 
3343    h0513    (0)   33 :  0.003 0.003 0.003 0.986 0.004 
3344    h0523    (0)   33 :  0.005 0.004 0.006 0.975 0.011 
3345    h0533    (0)   33 :  0.004 0.007 0.005 0.977 0.007 
3346    h0543    (0)   33 :  0.006 0.008 0.009 0.968 0.009 
3347    h0553    (0)   33 :  0.002 0.003 0.002 0.987 0.005 
3348    h0563    (0)   33 :  0.003 0.004 0.005 0.985 0.003 
3349    h0573    (0)   33 :  0.004 0.004 0.021 0.967 0.005 
3350    h0583    (0)   33 :  0.003 0.003 0.014 0.976 0.004 
3351    h0593    (0)   33 :  0.004 0.007 0.011 0.975 0.004 
3352    h0603    (0)   33 :  0.006 0.004 0.003 0.970 0.017 
3353    h0613    (0)   33 :  0.003 0.019 0.007 0.962 0.009 
3354    h0623    (0)   33 :  0.003 0.003 0.003 0.987 0.004 
3355    h0633    (0)   33 :  0.004 0.008 0.004 0.975 0.010 
3356    h0643    (0)   33 :  0.004 0.003 0.026 0.955 0.012 
3357    h0653    (0)   33 :  0.003 0.028 0.003 0.947 0.019 
3358    h0663    (0)   33 :  0.003 0.003 0.003 0.987 0.004 
3359    h0673    (0)   33 :  0.005 0.004 0.004 0.980 0.007 
3360    h0683    (0)   33 :  0.003 0.004 0.009 0.978 0.005 
3361    h0693    (0)   33 :  0.005 0.008 0.006 0.974 0.006 
3362    h0703    (0)   33 :  0.010 0.009 0.004 0.972 0.005 
3363    h0713    (0)   33 :  0.003 0.004 0.017 0.973 0.004 
3364    h0723    (0)   33 :  0.004 0.003 0.004 0.985 0.003 
3365    h0733    (0)   33 :  0.004 0.004 0.007 0.982 0.004 
3366    h0743    (0)   33 :  0.002 0.003 0.002 0.988 0.004 
3367    h0753    (0)   33 :  0.003 0.007 0.007 0.978 0.005 
3368    h0763    (0)   33 :  0.004 0.007 0.007 0.972 0.011 
3369    h0773    (0)   33 :  0.004 0.011 0.007 0.971 0.007 
3370    h0783    (0)   33 :  0.024 0.007 0.054 0.904 0.010 
3371    h0793    (0)   33 :  0.002 0.005 0.004 0.984 0.005 
3372    h0803    (0)   33 :  0.003 0.004 0.004 0.983 0.006 
3373    h0813    (0)   33 :  0.003 0.005 0.005 0.979 0.008 
3374    h0823    (0)   33 :  0.003 0.032 0.008 0.951 0.006 
3375    h0833    (0)   33 :  0.003 0.004 0.007 0.984 0.003 
3376    h0843    (0)   33 :  0.004 0.005 0.002 0.984 0.005 
3377    h0853    (0)   33 :  0.002 0.008 0.005 0.981 0.004 
3378    h0863    (0)   33 :  0.003 0.004 0.033 0.956 0.004 
3379    h0873    (0)   33 :  0.003 0.004 0.005 0.980 0.008 
3380    h0883    (0)   33 :  0.005 0.060 0.004 0.921 0.010 
3381    h0893    (0)   33 :  0.002 0.008 0.003 0.980 0.008 
3382    h0903    (0)   33 :  0.004 0.002 0.010 0.980 0.004 
3383    h0913    (0)   33 :  0.003 0.003 0.011 0.981 0.003 
3384    h0923    (0)   33 :  0.003 0.005 0.045 0.940 0.006 
3385    h0933    (0)   33 :  0.004 0.005 0.008 0.978 0.004 
3386    h0943    (0)   33 :  0.003 0.006 0.014 0.946 0.032 
3387    h0953    (0)   33 :  0.003 0.005 0.005 0.980 0.007 
3388    h0963    (0)   33 :  0.002 0.004 0.026 0.947 0.022 
3389    h0973    (0)   33 :  0.004 0.005 0.006 0.972 0.013 
3390    h0983    (0)   33 :  0.003 0.005 0.003 0.984 0.005 
3391    h0993    (0)   33 :  0.005 0.004 0.003 0.983 0.005 
3392    h1003    (0)   33 :  0.002 0.003 0.004 0.985 0.006 
3393    h1013    (0)   33 :  0.005 0.004 0.005 0.983 0.003 
3394    h1023    (0)   33 :  0.003 0.005 0.036 0.951 0.005 
3395    h1033    (0)   33 :  0.003 0.006 0.003 0.984 0.005 
3396    h1043    (0)   33 :  0.003 0.006 0.004 0.981 0.007 
3397    h1053    (0)   33 :  0.003 0.005 0.004 0.981 0.007 
3398    h1063    (0)   33 :  0.003 0.004 0.003 0.983 0.006 
3399    h1073    (0)   33 :  0.003 0.005 0.005 0.983 0.004 
3400    h1083    (0)   33 :  0.005 0.011 0.005 0.968 0.012 
3401    h1093    (0)   33 :  0.003 0.004 0.003 0.987 0.004 
3402    h1103    (0)   33 :  0.003 0.009 0.004 0.979 0.005 
3403    h1113    (0)   33 :  0.003 0.003 0.002 0.988 0.003 
3404    h1123    (0)   33 :  0.003 0.004 0.006 0.983 0.004 
3405    h1133    (0)   33 :  0.003 0.005 0.005 0.975 0.012 
3406    h1143    (0)   33 :  0.004 0.003 0.012 0.977 0.004 
3407    h1153    (0)   33 :  0.003 0.014 0.004 0.971 0.009 
3408    h1163    (0)   33 :  0.002 0.003 0.006 0.987 0.003 
3409    h1173    (0)   33 :  0.003 0.003 0.002 0.987 0.004 
3410    h1183    (0)   33 :  0.003 0.009 0.003 0.980 0.005 
3411    h1193    (0)   33 :  0.009 0.009 0.029 0.944 0.008 
3412    h1203    (0)   33 :  0.002 0.006 0.021 0.966 0.004 
3413    h1213    (0)   33 :  0.005 0.007 0.005 0.976 0.006 
3414    h1223    (0)   33 :  0.003 0.043 0.006 0.943 0.005 
3415    h1233    (0)   33 :  0.002 0.003 0.003 0.988 0.003 
3416    h1243    (0)   33 :  0.004 0.003 0.007 0.981 0.004 
3417    h1253    (0)   33 :  0.002 0.005 0.002 0.987 0.004 
3418    h1263    (0)   33 :  0.003 0.008 0.004 0.979 0.006 
3419    h1273    (0)   33 :  0.007 0.005 0.011 0.970 0.008 
3420    h1283    (0)   33 :  0.003 0.004 0.003 0.986 0.004 
3421    h1293    (0)   33 :  0.003 0.015 0.003 0.959 0.020 
3422    h1303    (0)   33 :  0.002 0.003 0.003 0.988 0.004 
3423    h1313    (0)   33 :  0.002 0.004 0.004 0.984 0.005 
3424    h1323    (0)   33 :  0.004 0.004 0.006 0.981 0.005 
3425    h1333    (0)   33 :  0.006 0.004 0.011 0.967 0.011 
3426    h1343    (0)   33 :  0.007 0.007 0.006 0.969 0.012 
3427    h1353    (0)   33 :  0.004 0.020 0.003 0.968 0.005 
3428    h1363    (0)   33 :  0.004 0.018 0.009 0.958 0.011 
3429    h1373    (0)   33 :  0.003 0.010 0.002 0.979 0.005 
3430    h1383    (0)   33 :  0.007 0.003 0.062 0.924 0.004 
3431    h1393    (0)   33 :  0.003 0.005 0.006 0.970 0.016 
3432    h1403    (0)   33 :  0.004 0.007 0.003 0.972 0.014 
3433    h1413    (0)   33 :  0.003 0.002 0.016 0.971 0.008 
3434    h1423    (0)   33 :  0.003 0.007 0.004 0.981 0.005 
3435    h1433    (0)   33 :  0.004 0.003 0.009 0.980 0.004 
3436    h1443    (0)   33 :  0.004 0.005 0.007 0.975 0.009 
3437    h1453    (0)   33 :  0.003 0.005 0.021 0.967 0.004 
3438    h1463    (0)   33 :  0.006 0.005 0.004 0.975 0.010 
3439    h1473    (0)   33 :  0.003 0.003 0.004 0.986 0.004 
3440    h1483    (0)   33 :  0.003 0.004 0.015 0.973 0.005 
3441    h1493    (0)   33 :  0.002 0.006 0.005 0.983 0.004 
3442    h1503    (0)   33 :  0.003 0.003 0.008 0.982 0.004 
3443    h1513    (0)   33 :  0.004 0.020 0.005 0.948 0.023 
3444    h1523    (0)   33 :  0.005 0.011 0.006 0.955 0.023 
3445    h1533    (0)   33 :  0.002 0.003 0.004 0.985 0.005 
3446    h1543    (0)   33 :  0.005 0.008 0.005 0.968 0.015 
3447    h1553    (0)   33 :  0.002 0.006 0.005 0.981 0.005 
3448    h1563    (0)   33 :  0.003 0.004 0.015 0.969 0.010 
3449    h1573    (0)   33 :  0.004 0.017 0.005 0.956 0.018 
3450    h1583    (0)   33 :  0.003 0.003 0.007 0.982 0.004 
3451    h1593    (0)   33 :  0.003 0.007 0.016 0.969 0.004 
3452    h1603    (0)   33 :  0.003 0.004 0.010 0.978 0.005 
3453    h1613    (0)   33 :  0.004 0.004 0.010 0.977 0.006 
3454    h1623    (0)   33 :  0.006 0.004 0.004 0.981 0.005 
3455    h1633    (0)   33 :  0.003 0.004 0.005 0.981 0.007 
3456    h1643    (0)   33 :  0.003 0.007 0.008 0.977 0.005 
3457    h1653    (0)   33 :  0.004 0.009 0.087 0.894 0.006 
3458    h1663    (0)   33 :  0.003 0.005 0.002 0.984 0.006 
3459    h1673    (0)   33 :  0.004 0.011 0.005 0.976 0.005 
3460    h1683    (0)   33 :  0.002 0.004 0.004 0.984 0.006 
3461    h1693    (0)   33 :  0.004 0.003 0.003 0.966 0.023 
3462    h1703    (0)   33 :  0.003 0.017 0.003 0.970 0.008 
3463    h1713    (0)   33 :  0.003 0.005 0.005 0.981 0.005 
3464    h1723    (0)   33 :  0.003 0.015 0.038 0.935 0.009 
3465    h1733    (0)   33 :  0.003 0.006 0.004 0.978 0.010 
3466    h1743    (0)   33 :  0.004 0.013 0.018 0.949 0.017 
3467    h1753    (0)   33 :  0.005 0.010 0.011 0.956 0.018 
3468    h1763    (0)   33 :  0.003 0.015 0.008 0.967 0.006 
3469    h1773    (0)   33 :  0.005 0.007 0.005 0.970 0.013 
3470    h1783    (0)   33 :  0.003 0.006 0.003 0.984 0.004 
3471    h1793    (0)   33 :  0.003 0.004 0.040 0.947 0.006 
3472    h1803    (0)   33 :  0.004 0.009 0.005 0.973 0.009 
3473    h1813    (0)   33 :  0.003 0.012 0.006 0.971 0.007 
3474    h1823    (0)   33 :  0.004 0.026 0.004 0.958 0.009 
3475    h1833    (0)   33 :  0.003 0.003 0.003 0.988 0.003 
3476    h1843    (0)   33 :  0.002 0.004 0.002 0.985 0.006 
3477    h1853    (0)   33 :  0.003 0.003 0.007 0.983 0.003 
3478    h1863    (0)   33 :  0.002 0.004 0.003 0.987 0.004 
3479    h1873    (0)   33 :  0.002 0.005 0.012 0.975 0.006 
3480    h1883    (0)   33 :  0.002 0.003 0.040 0.946 0.009 
3481    h1893    (0)   33 :  0.002 0.010 0.009 0.964 0.015 
3482    h1903    (0)   33 :  0.003 0.016 0.005 0.973 0.003 
3483    h1913    (0)   33 :  0.004 0.008 0.011 0.971 0.005 
3484    h1923    (0)   33 :  0.003 0.004 0.012 0.973 0.009 
3485    h1933    (0)   33 :  0.003 0.017 0.003 0.973 0.003 
3486    h1943    (0)   33 :  0.002 0.004 0.003 0.986 0.005 
3487    h1953    (0)   33 :  0.004 0.021 0.010 0.953 0.013 
3488    h1963    (0)   33 :  0.003 0.007 0.003 0.973 0.015 
3489    h1973    (0)   33 :  0.002 0.007 0.002 0.983 0.006 
3490    h1983    (0)   33 :  0.002 0.004 0.004 0.984 0.006 
3491    h1993    (0)   33 :  0.003 0.006 0.011 0.976 0.004 
3492    h2003    (0)   33 :  0.004 0.008 0.006 0.973 0.008 
3493    h2012    (0)   33 :  0.002 0.002 0.002 0.990 0.004 
3494    h2022    (0)   33 :  0.002 0.006 0.004 0.985 0.003 
3495    h2032    (0)   33 :  0.002 0.004 0.003 0.988 0.004 
3496    h2042    (0)   33 :  0.003 0.004 0.003 0.984 0.006 
3497    h2052    (0)   33 :  0.003 0.003 0.007 0.983 0.004 
3498    h2062    (0)   33 :  0.003 0.005 0.006 0.980 0.005 
3499    h2072    (0)   33 :  0.004 0.003 0.028 0.956 0.009 
3500    h2082    (0)   33 :  0.003 0.025 0.003 0.960 0.010 
3501    h2092    (0)   33 :  0.003 0.003 0.005 0.984 0.004 
3502    h2102    (0)   33 :  0.002 0.004 0.010 0.980 0.004 
3503    h2112    (0)   33 :  0.002 0.006 0.004 0.984 0.004 
3504    h2122    (0)   33 :  0.003 0.005 0.014 0.973 0.005 
3505    h2132    (0)   33 :  0.003 0.009 0.004 0.980 0.004 
3506    h2142    (0)   33 :  0.003 0.004 0.005 0.985 0.003 
3507    h2152    (0)   33 :  0.004 0.005 0.004 0.981 0.007 
3508    h2162    (0)   33 :  0.007 0.011 0.007 0.960 0.016 
3509    h2172    (0)   33 :  0.003 0.005 0.005 0.980 0.007 
3510    h2182    (0)   33 :  0.002 0.005 0.004 0.985 0.004 
3511    h2192    (0)   33 :  0.003 0.002 0.003 0.988 0.003 
3512    h2202    (0)   33 :  0.006 0.008 0.030 0.948 0.008 
3513    h2212    (0)   33 :  0.002 0.006 0.006 0.981 0.005 
3514    h2222    (0)   33 :  0.002 0.003 0.004 0.984 0.006 
3515    h2232    (0)   33 :  0.003 0.009 0.010 0.973 0.005 
3516    h2242    (0)   33 :  0.003 0.004 0.004 0.985 0.004 
3517    h2252    (0)   33 :  0.003 0.003 0.012 0.974 0.007 
3518    h2262    (0)   33 :  0.003 0.007 0.004 0.981 0.006 
3519    h2272    (0)   33 :  0.006 0.004 0.154 0.828 0.008 
3520    h2282    (0)   33 :  0.003 0.012 0.006 0.974 0.005 
3521    h2292    (0)   33 :  0.004 0.005 0.014 0.972 0.006 
3522    h2302    (0)   33 :  0.003 0.004 0.012 0.975 0.006 
3523    h2312    (0)   33 :  0.004 0.011 0.007 0.971 0.006 
3524    h2322    (0)   33 :  0.003 0.007 0.007 0.975 0.009 
3525    h2332    (0)   33 :  0.002 0.003 0.002 0.987 0.005 
3526    h2342    (0)   33 :  0.003 0.003 0.013 0.978 0.003 
3527    h2352    (0)   33 :  0.004 0.009 0.004 0.978 0.005 
3528    h2362    (0)   33 :  0.002 0.002 0.004 0.989 0.003 
3529    h2372    (0)   33 :  0.003 0.004 0.009 0.970 0.014 
3530    h2382    (0)   33 :  0.003 0.004 0.006 0.981 0.007 
3531    h2392    (0)   33 :  0.004 0.007 0.008 0.974 0.007 
3532    h2402    (0)   33 :  0.002 0.004 0.007 0.982 0.004 
3533    h2412    (0)   33 :  0.003 0.002 0.004 0.986 0.005 
3534    h2422    (0)   33 :  0.003 0.007 0.007 0.972 0.011 
3535    h2432    (0)   33 :  0.002 0.002 0.003 0.988 0.005 
3536    h2442    (0)   33 :  0.003 0.003 0.006 0.984 0.005 
3537    h2452    (0)   33 :  0.003 0.005 0.005 0.975 0.012 
3538    h2462    (0)   33 :  0.003 0.004 0.003 0.985 0.005 
3539    h2472    (0)   33 :  0.003 0.004 0.004 0.983 0.007 
3540    h2482    (0)   33 :  0.002 0.004 0.004 0.987 0.003 
3541    h2492    (0)   33 :  0.002 0.004 0.004 0.983 0.006 
3542    h2502    (0)   33 :  0.003 0.004 0.011 0.977 0.005 
3543    h2512    (0)   33 :  0.002 0.004 0.003 0.988 0.004 
3544    h2522    (0)   33 :  0.002 0.005 0.008 0.981 0.004 
3545    h2532    (0)   33 :  0.005 0.005 0.005 0.981 0.005 
3546    h2542    (0)   33 :  0.003 0.003 0.006 0.981 0.007 
3547    h2552    (0)   33 :  0.003 0.006 0.005 0.980 0.006 
3548    h2562    (0)   33 :  0.005 0.027 0.015 0.926 0.026 
3549    h2572    (0)   33 :  0.010 0.007 0.014 0.946 0.022 
3550    h2582    (0)   33 :  0.004 0.054 0.008 0.921 0.013 
3551    h2592    (0)   33 :  0.004 0.006 0.026 0.956 0.007 
3552    h2602    (0)   33 :  0.003 0.005 0.014 0.974 0.005 
3553    h2612    (0)   33 :  0.002 0.006 0.003 0.982 0.008 
3554    h2622    (0)   33 :  0.003 0.002 0.007 0.983 0.004 
3555    h2632    (0)   33 :  0.003 0.004 0.024 0.962 0.007 
3556    h2642    (0)   33 :  0.002 0.003 0.005 0.986 0.003 
3557    h2652    (0)   33 :  0.003 0.005 0.007 0.981 0.004 
3558    h2662    (0)   33 :  0.003 0.003 0.004 0.987 0.003 
3559    h2672    (0)   33 :  0.008 0.003 0.003 0.981 0.006 
3560    h2682    (0)   33 :  0.003 0.017 0.003 0.969 0.009 
3561    h2692    (0)   33 :  0.003 0.003 0.003 0.988 0.004 
3562    h2702    (0)   33 :  0.003 0.004 0.021 0.967 0.006 
3563    h2712    (0)   33 :  0.002 0.005 0.006 0.980 0.007 
3564    h2722    (0)   33 :  0.003 0.005 0.005 0.983 0.004 
3565    h2732    (0)   33 :  0.006 0.012 0.005 0.973 0.004 
3566    h2742    (0)   33 :  0.005 0.005 0.004 0.979 0.008 
3567    h2752    (0)   33 :  0.002 0.008 0.013 0.972 0.004 
3568    h2762    (0)   33 :  0.003 0.008 0.006 0.964 0.019 
3569    h2772    (0)   33 :  0.002 0.005 0.006 0.978 0.008 
3570    h2782    (0)   33 :  0.002 0.004 0.003 0.988 0.003 
3571    h2792    (0)   33 :  0.003 0.009 0.006 0.976 0.006 
3572    h2802    (0)   33 :  0.003 0.004 0.003 0.985 0.005 
3573    h2812    (0)   33 :  0.003 0.008 0.005 0.977 0.006 
3574    h2822    (0)   33 :  0.005 0.002 0.007 0.979 0.006 
3575    h2832    (0)   33 :  0.002 0.004 0.003 0.988 0.003 
3576    h2842    (0)   33 :  0.002 0.008 0.004 0.976 0.010 
3577    h2852    (0)   33 :  0.004 0.002 0.006 0.984 0.004 
3578    h2862    (0)   33 :  0.003 0.003 0.005 0.985 0.004 
3579    h2872    (0)   33 :  0.003 0.013 0.007 0.971 0.005 
3580    h2882    (0)   33 :  0.003 0.003 0.004 0.985 0.005 
3581    h2892    (0)   33 :  0.002 0.009 0.004 0.978 0.007 
3582    h2902    (0)   33 :  0.004 0.010 0.009 0.969 0.008 
3583    h2912    (0)   33 :  0.003 0.005 0.004 0.976 0.011 
3584    h2922    (0)   33 :  0.004 0.006 0.005 0.975 0.010 
3585    h2932    (0)   33 :  0.004 0.003 0.009 0.978 0.006 
3586    h2942    (0)   33 :  0.005 0.004 0.007 0.980 0.005 
3587    h2952    (0)   33 :  0.003 0.003 0.003 0.989 0.003 
3588    h2962    (0)   33 :  0.003 0.003 0.004 0.985 0.005 
3589    h2972    (0)   33 :  0.003 0.005 0.003 0.985 0.004 
3590    h2982    (0)   33 :  0.002 0.004 0.008 0.981 0.005 
3591    h2992    (0)   33 :  0.005 0.007 0.005 0.973 0.011 
3592    h3002    (0)   33 :  0.003 0.008 0.006 0.977 0.007 


Estimated Allele Frequencies in each cluster
First column gives estimated ancestral frequencies


Locus 1 : Cl147 
25 alleles
0.0% missing data
  45   (0.046) 0.147 0.003 0.000 0.000 0.012 
  69   (0.093) 0.083 0.207 0.000 0.031 0.218 
  73   (0.143) 0.171 0.067 0.177 0.187 0.116 
  77   (0.106) 0.120 0.062 0.040 0.094 0.048 
  56   (0.033) 0.053 0.000 0.000 0.000 0.020 
  65   (0.044) 0.017 0.509 0.000 0.000 0.129 
  41   (0.054) 0.155 0.031 0.003 0.000 0.006 
  52   (0.066) 0.112 0.006 0.056 0.001 0.016 
  48   (0.046) 0.022 0.021 0.000 0.001 0.096 
  81   (0.059) 0.016 0.063 0.028 0.147 0.005 
  49   (0.022) 0.040 0.001 0.000 0.001 0.000 
  60   (0.037) 0.030 0.000 0.000 0.015 0.007 
  84   (0.018) 0.004 0.000 0.000 0.000 0.001 
  89   (0.036) 0.016 0.001 0.000 0.022 0.003 
  61   (0.026) 0.011 0.000 0.000 0.000 0.050 
  44   (0.014) 0.000 0.000 0.000 0.000 0.120 
  85   (0.011) 0.000 0.000 0.000 0.128 0.000 
  68   (0.035) 0.001 0.000 0.091 0.191 0.075 
  40   (0.020) 0.000 0.029 0.000 0.000 0.024 
 801   (0.013) 0.000 0.000 0.000 0.000 0.031 
  80   (0.019) 0.000 0.000 0.422 0.033 0.000 
  76   (0.026) 0.000 0.000 0.183 0.024 0.004 
  64   (0.011) 0.000 0.000 0.000 0.125 0.000 
  72   (0.011) 0.000 0.000 0.000 0.000 0.015 
  88   (0.011) 0.000 0.000 0.000 0.000 0.004 

Locus 2 : Cl233 
34 alleles
0.0% missing data
  63   (0.139) 0.182 0.206 0.316 0.131 0.193 
  85   (0.035) 0.056 0.000 0.004 0.000 0.006 
  73   (0.018) 0.035 0.000 0.000 0.001 0.000 
  79   (0.022) 0.052 0.000 0.000 0.005 0.000 
  71   (0.070) 0.138 0.002 0.001 0.096 0.055 
  77   (0.013) 0.022 0.000 0.000 0.000 0.000 
  75   (0.028) 0.047 0.000 0.000 0.000 0.008 
  67   (0.092) 0.094 0.001 0.106 0.098 0.205 
  55   (0.106) 0.042 0.475 0.130 0.383 0.264 
  59   (0.075) 0.050 0.001 0.235 0.167 0.122 
  81   (0.035) 0.096 0.003 0.001 0.000 0.002 
  83   (0.013) 0.021 0.000 0.000 0.000 0.000 
  93   (0.019) 0.016 0.000 0.005 0.000 0.000 
 101   (0.019) 0.010 0.000 0.000 0.000 0.001 
  69   (0.014) 0.015 0.000 0.000 0.000 0.000 
  51   (0.065) 0.030 0.000 0.191 0.112 0.106 
 100   (0.018) 0.017 0.000 0.001 0.001 0.000 
  92   (0.010) 0.002 0.000 0.000 0.000 0.000 
1121   (0.016) 0.004 0.000 0.000 0.003 0.000 
1001   (0.011) 0.006 0.000 0.000 0.000 0.000 
  89   (0.012) 0.014 0.000 0.000 0.000 0.000 
 711   (0.019) 0.008 0.000 0.000 0.000 0.002 
 116   (0.010) 0.003 0.000 0.000 0.000 0.000 
  80   (0.011) 0.005 0.000 0.000 0.000 0.000 
  43   (0.014) 0.003 0.000 0.000 0.000 0.001 
  84   (0.012) 0.005 0.000 0.000 0.000 0.000 
  88   (0.020) 0.013 0.000 0.004 0.000 0.000 
 104   (0.022) 0.009 0.000 0.005 0.002 0.000 
  97   (0.011) 0.004 0.000 0.000 0.000 0.000 
 791   (0.009) 0.001 0.000 0.000 0.000 0.000 
  35   (0.013) 0.000 0.000 0.000 0.000 0.032 
  74   (0.009) 0.000 0.166 0.000 0.000 0.000 
  78   (0.009) 0.000 0.047 0.000 0.000 0.000 
  70   (0.009) 0.000 0.097 0.000 0.000 0.000 

Locus 3 : Cl264 
30 alleles
0.1% missing data
  65   (0.122) 0.109 0.250 0.350 0.241 0.164 
 651   (0.086) 0.199 0.025 0.064 0.006 0.042 
 691   (0.060) 0.159 0.000 0.001 0.027 0.035 
  57   (0.025) 0.001 0.000 0.000 0.273 0.051 
  61   (0.056) 0.012 0.000 0.043 0.087 0.231 
 731   (0.029) 0.076 0.000 0.000 0.018 0.001 
 811   (0.020) 0.032 0.000 0.002 0.000 0.000 
 611   (0.041) 0.036 0.000 0.000 0.031 0.037 
  69   (0.116) 0.108 0.190 0.445 0.074 0.177 
  77   (0.032) 0.021 0.220 0.000 0.000 0.007 
  49   (0.024) 0.053 0.000 0.000 0.006 0.000 
  45   (0.013) 0.009 0.000 0.000 0.000 0.000 
 491   (0.019) 0.006 0.000 0.000 0.000 0.007 
 571   (0.034) 0.012 0.000 0.000 0.013 0.022 
 771   (0.034) 0.059 0.000 0.002 0.001 0.004 
  89   (0.019) 0.026 0.000 0.000 0.000 0.001 
 652   (0.019) 0.005 0.020 0.000 0.000 0.000 
  53   (0.038) 0.014 0.000 0.000 0.010 0.121 
  73   (0.069) 0.027 0.202 0.058 0.038 0.047 
  80   (0.019) 0.016 0.000 0.000 0.003 0.000 
 531   (0.020) 0.003 0.000 0.000 0.000 0.029 
 693   (0.011) 0.004 0.000 0.000 0.000 0.000 
  93   (0.011) 0.004 0.000 0.000 0.000 0.000 
  85   (0.013) 0.009 0.000 0.000 0.000 0.000 
  37   (0.020) 0.000 0.000 0.000 0.170 0.019 
  81   (0.010) 0.000 0.081 0.000 0.000 0.000 
 812   (0.009) 0.000 0.010 0.000 0.000 0.000 
 692   (0.015) 0.000 0.000 0.034 0.000 0.002 
 732   (0.009) 0.000 0.000 0.000 0.000 0.000 
 612   (0.009) 0.000 0.000 0.000 0.000 0.000 

Locus 4 : Cl274 
8 alleles
0.0% missing data
  61   (0.390) 0.474 0.470 0.758 0.126 0.464 
  57   (0.250) 0.162 0.433 0.087 0.432 0.349 
  65   (0.111) 0.155 0.013 0.000 0.043 0.075 
  53   (0.117) 0.068 0.083 0.141 0.210 0.028 
  69   (0.042) 0.076 0.000 0.014 0.005 0.000 
  73   (0.020) 0.032 0.000 0.000 0.000 0.000 
  49   (0.057) 0.033 0.000 0.000 0.185 0.024 
  45   (0.015) 0.000 0.000 0.000 0.000 0.058 

Locus 5 : Cl285 
40 alleles
0.1% missing data
  75   (0.065) 0.138 0.097 0.002 0.001 0.172 
  71   (0.090) 0.198 0.218 0.000 0.103 0.201 
 631   (0.022) 0.034 0.000 0.017 0.001 0.000 
  67   (0.113) 0.112 0.525 0.342 0.359 0.207 
  63   (0.087) 0.100 0.035 0.190 0.121 0.076 
  79   (0.048) 0.089 0.000 0.000 0.123 0.037 
 792   (0.021) 0.051 0.000 0.000 0.000 0.001 
 671   (0.038) 0.042 0.000 0.162 0.000 0.028 
 831   (0.034) 0.026 0.000 0.000 0.022 0.019 
 752   (0.027) 0.065 0.000 0.000 0.000 0.008 
  55   (0.030) 0.009 0.067 0.000 0.000 0.022 
1401   (0.024) 0.006 0.000 0.014 0.036 0.000 
  59   (0.056) 0.020 0.057 0.155 0.128 0.014 
 712   (0.034) 0.037 0.000 0.022 0.003 0.002 
 833   (0.016) 0.024 0.001 0.000 0.000 0.000 
1322   (0.015) 0.002 0.000 0.000 0.005 0.000 
 136   (0.024) 0.016 0.000 0.000 0.019 0.001 
 164   (0.010) 0.003 0.000 0.000 0.000 0.000 
 872   (0.011) 0.004 0.000 0.000 0.001 0.000 
1282   (0.010) 0.004 0.000 0.000 0.000 0.000 
 148   (0.010) 0.005 0.000 0.000 0.000 0.000 
 144   (0.014) 0.003 0.000 0.000 0.000 0.000 
 119   (0.010) 0.005 0.000 0.000 0.000 0.000 
1402   (0.010) 0.005 0.000 0.000 0.000 0.000 
 751   (0.011) 0.000 0.000 0.000 0.000 0.025 
 791   (0.020) 0.001 0.000 0.000 0.039 0.026 
 132   (0.010) 0.000 0.000 0.000 0.000 0.012 
1321   (0.010) 0.000 0.000 0.000 0.000 0.006 
1361   (0.012) 0.000 0.000 0.000 0.000 0.043 
1441   (0.010) 0.000 0.000 0.000 0.000 0.002 
 832   (0.020) 0.001 0.000 0.000 0.037 0.073 
1281   (0.010) 0.000 0.000 0.000 0.000 0.002 
 871   (0.010) 0.000 0.000 0.000 0.000 0.012 
  91   (0.012) 0.001 0.000 0.000 0.000 0.005 
1362   (0.009) 0.000 0.000 0.093 0.000 0.000 
 140   (0.009) 0.000 0.000 0.000 0.000 0.001 
 124   (0.009) 0.000 0.000 0.000 0.000 0.000 
  87   (0.009) 0.000 0.000 0.000 0.000 0.001 
 711   (0.009) 0.000 0.000 0.000 0.000 0.001 
1363   (0.009) 0.000 0.000 0.000 0.000 0.001 

Locus 6 : Cl291 
24 alleles
0.1% missing data
 641   (0.038) 0.068 0.000 0.000 0.000 0.016 
  72   (0.139) 0.099 0.241 0.056 0.119 0.155 
 682   (0.018) 0.047 0.000 0.000 0.000 0.000 
 801   (0.022) 0.040 0.000 0.000 0.001 0.000 
 681   (0.091) 0.226 0.005 0.005 0.012 0.019 
  76   (0.104) 0.122 0.175 0.000 0.259 0.065 
 722   (0.055) 0.139 0.001 0.001 0.007 0.005 
 601   (0.012) 0.005 0.000 0.000 0.000 0.000 
  80   (0.088) 0.052 0.019 0.601 0.032 0.025 
 761   (0.029) 0.013 0.000 0.000 0.000 0.048 
 762   (0.041) 0.065 0.058 0.000 0.000 0.003 
 721   (0.071) 0.058 0.000 0.003 0.033 0.070 
  84   (0.042) 0.044 0.002 0.000 0.007 0.003 
  64   (0.044) 0.005 0.000 0.000 0.179 0.199 
  68   (0.078) 0.005 0.218 0.087 0.349 0.233 
 843   (0.012) 0.005 0.000 0.000 0.000 0.000 
 881   (0.016) 0.001 0.000 0.000 0.000 0.001 
 803   (0.013) 0.003 0.000 0.000 0.000 0.001 
  60   (0.023) 0.000 0.000 0.246 0.000 0.067 
 802   (0.013) 0.000 0.000 0.000 0.000 0.042 
  56   (0.013) 0.000 0.000 0.000 0.000 0.014 
 763   (0.013) 0.000 0.000 0.000 0.000 0.033 
 841   (0.011) 0.000 0.260 0.000 0.000 0.000 
  88   (0.012) 0.000 0.019 0.000 0.000 0.000 

Locus 7 : Cl308 
60 alleles
0.0% missing data
  72   (0.083) 0.136 0.034 0.504 0.307 0.151 
  64   (0.065) 0.047 0.450 0.017 0.160 0.143 
  68   (0.096) 0.104 0.480 0.274 0.294 0.413 
 103   (0.010) 0.016 0.000 0.000 0.000 0.000 
  80   (0.040) 0.046 0.000 0.010 0.066 0.013 
  76   (0.045) 0.116 0.000 0.001 0.015 0.147 
1151   (0.016) 0.019 0.004 0.000 0.000 0.000 
 123   (0.015) 0.024 0.002 0.000 0.000 0.000 
 115   (0.013) 0.036 0.000 0.000 0.000 0.000 
  83   (0.014) 0.017 0.000 0.001 0.000 0.000 
1231   (0.013) 0.014 0.000 0.000 0.000 0.000 
1192   (0.009) 0.005 0.000 0.000 0.000 0.000 
 131   (0.011) 0.017 0.000 0.000 0.000 0.000 
1191   (0.010) 0.008 0.000 0.000 0.000 0.000 
 752   (0.013) 0.014 0.000 0.000 0.001 0.000 
 143   (0.020) 0.021 0.000 0.000 0.003 0.001 
  79   (0.012) 0.031 0.000 0.000 0.000 0.000 
 119   (0.015) 0.018 0.000 0.000 0.000 0.001 
1431   (0.011) 0.023 0.000 0.000 0.000 0.000 
1112   (0.012) 0.042 0.000 0.000 0.000 0.000 
1193   (0.016) 0.013 0.000 0.000 0.008 0.000 
1591   (0.008) 0.001 0.000 0.000 0.000 0.000 
1232   (0.010) 0.007 0.000 0.000 0.000 0.000 
 139   (0.011) 0.013 0.000 0.000 0.000 0.000 
1111   (0.016) 0.011 0.002 0.000 0.001 0.000 
 127   (0.012) 0.004 0.000 0.000 0.000 0.001 
1391   (0.011) 0.018 0.000 0.000 0.000 0.000 
 121   (0.010) 0.006 0.000 0.000 0.000 0.000 
1313   (0.013) 0.008 0.002 0.000 0.000 0.000 
1113   (0.008) 0.002 0.000 0.000 0.000 0.000 
  87   (0.019) 0.050 0.000 0.000 0.000 0.002 
1031   (0.011) 0.004 0.000 0.001 0.000 0.000 
 155   (0.011) 0.015 0.000 0.000 0.000 0.000 
1312   (0.015) 0.008 0.001 0.000 0.000 0.000 
1272   (0.010) 0.005 0.000 0.000 0.000 0.000 
 151   (0.009) 0.003 0.000 0.000 0.000 0.000 
1351   (0.009) 0.005 0.000 0.000 0.000 0.000 
 135   (0.009) 0.005 0.000 0.000 0.000 0.000 
1432   (0.010) 0.004 0.000 0.000 0.000 0.000 
1152   (0.010) 0.011 0.000 0.000 0.000 0.000 
1271   (0.010) 0.011 0.000 0.000 0.000 0.000 
1311   (0.011) 0.003 0.000 0.001 0.000 0.000 
1472   (0.009) 0.005 0.000 0.000 0.000 0.000 
 137   (0.017) 0.010 0.001 0.000 0.000 0.001 
  88   (0.016) 0.003 0.000 0.002 0.000 0.000 
  60   (0.032) 0.005 0.022 0.030 0.001 0.026 
 712   (0.015) 0.010 0.000 0.000 0.000 0.002 
1071   (0.012) 0.001 0.000 0.000 0.000 0.001 
 107   (0.009) 0.002 0.000 0.000 0.000 0.000 
 751   (0.024) 0.001 0.000 0.138 0.067 0.022 
 792   (0.009) 0.000 0.000 0.000 0.000 0.009 
  71   (0.010) 0.000 0.000 0.000 0.000 0.027 
 753   (0.010) 0.000 0.000 0.000 0.000 0.004 
 791   (0.009) 0.000 0.000 0.000 0.000 0.014 
  81   (0.009) 0.000 0.000 0.000 0.000 0.012 
 711   (0.008) 0.000 0.000 0.019 0.000 0.000 
  69   (0.009) 0.000 0.000 0.000 0.053 0.000 
  84   (0.013) 0.000 0.000 0.000 0.023 0.002 
  67   (0.008) 0.000 0.000 0.000 0.000 0.002 
  65   (0.008) 0.000 0.000 0.000 0.000 0.004 

Locus 8 : Cl330 
33 alleles
0.7% missing data
  52   (0.132) 0.309 0.236 0.089 0.030 0.108 
 601   (0.063) 0.140 0.143 0.000 0.054 0.007 
  40   (0.066) 0.078 0.019 0.000 0.027 0.056 
  72   (0.022) 0.022 0.000 0.000 0.000 0.004 
  56   (0.096) 0.136 0.019 0.319 0.019 0.042 
 481   (0.103) 0.048 0.045 0.161 0.489 0.133 
  61   (0.021) 0.046 0.000 0.002 0.000 0.000 
  80   (0.011) 0.002 0.000 0.000 0.000 0.000 
 681   (0.039) 0.026 0.000 0.003 0.003 0.003 
  64   (0.057) 0.069 0.396 0.000 0.054 0.004 
  57   (0.016) 0.011 0.000 0.001 0.000 0.000 
  75   (0.013) 0.010 0.000 0.000 0.000 0.000 
  71   (0.025) 0.010 0.000 0.000 0.096 0.000 
  28   (0.068) 0.015 0.000 0.037 0.098 0.252 
  65   (0.018) 0.014 0.000 0.000 0.000 0.000 
 441   (0.036) 0.029 0.000 0.001 0.000 0.040 
  36   (0.025) 0.023 0.000 0.000 0.000 0.003 
  79   (0.011) 0.002 0.000 0.000 0.000 0.000 
  73   (0.012) 0.005 0.000 0.000 0.000 0.000 
 602   (0.011) 0.002 0.000 0.000 0.000 0.000 
  67   (0.015) 0.000 0.000 0.000 0.000 0.153 
  44   (0.023) 0.000 0.000 0.246 0.000 0.087 
  48   (0.022) 0.000 0.000 0.000 0.014 0.090 
  68   (0.010) 0.000 0.087 0.000 0.000 0.000 
 641   (0.009) 0.000 0.034 0.000 0.000 0.000 
  83   (0.010) 0.000 0.018 0.000 0.000 0.000 
  60   (0.010) 0.000 0.000 0.034 0.000 0.000 
  59   (0.009) 0.000 0.000 0.106 0.000 0.000 
  51   (0.010) 0.000 0.000 0.000 0.059 0.000 
 561   (0.010) 0.000 0.000 0.000 0.057 0.000 
 521   (0.010) 0.000 0.000 0.000 0.000 0.011 
  62   (0.010) 0.000 0.000 0.000 0.000 0.008 
 711   (0.009) 0.000 0.000 0.000 0.000 0.001 

Locus 9 : Cl344 
17 alleles
1.7% missing data
  56   (0.232) 0.451 0.002 0.450 0.236 0.169 
  60   (0.218) 0.237 0.345 0.219 0.267 0.130 
  48   (0.031) 0.005 0.000 0.019 0.000 0.015 
  76   (0.020) 0.007 0.076 0.000 0.000 0.000 
  64   (0.185) 0.109 0.404 0.255 0.158 0.302 
  72   (0.075) 0.099 0.020 0.010 0.003 0.015 
 761   (0.016) 0.009 0.000 0.000 0.000 0.000 
 641   (0.028) 0.021 0.000 0.000 0.000 0.013 
  68   (0.046) 0.030 0.152 0.000 0.000 0.039 
 601   (0.031) 0.023 0.000 0.000 0.000 0.016 
  52   (0.038) 0.002 0.000 0.000 0.314 0.242 
 681   (0.011) 0.002 0.000 0.000 0.000 0.000 
 721   (0.012) 0.003 0.000 0.000 0.000 0.000 
 561   (0.014) 0.000 0.000 0.000 0.000 0.033 
 521   (0.014) 0.000 0.000 0.000 0.000 0.026 
  44   (0.018) 0.000 0.000 0.032 0.021 0.000 
 562   (0.010) 0.000 0.000 0.014 0.000 0.000 

Locus 10 : Cl366 
9 alleles
0.0% missing data
  80   (0.298) 0.299 0.500 0.468 0.234 0.304 
  92   (0.037) 0.043 0.000 0.000 0.005 0.002 
  76   (0.301) 0.257 0.493 0.306 0.422 0.359 
  88   (0.045) 0.113 0.000 0.006 0.000 0.003 
  84   (0.092) 0.125 0.004 0.004 0.006 0.038 
  72   (0.176) 0.162 0.002 0.216 0.223 0.260 
  64   (0.026) 0.001 0.000 0.000 0.109 0.009 
  68   (0.013) 0.000 0.000 0.000 0.000 0.011 
  56   (0.013) 0.000 0.000 0.000 0.000 0.015 

Locus 11 : Cl375 
16 alleles
0.0% missing data
 491   (0.112) 0.098 0.018 0.190 0.264 0.046 
  53   (0.187) 0.282 0.002 0.150 0.346 0.363 
 612   (0.041) 0.027 0.000 0.103 0.000 0.016 
  57   (0.180) 0.264 0.481 0.175 0.095 0.145 
  45   (0.034) 0.035 0.000 0.000 0.000 0.072 
  61   (0.139) 0.155 0.364 0.018 0.091 0.123 
 651   (0.041) 0.027 0.000 0.000 0.017 0.009 
  69   (0.024) 0.030 0.002 0.001 0.000 0.000 
 571   (0.066) 0.030 0.000 0.362 0.125 0.030 
  65   (0.044) 0.039 0.010 0.000 0.000 0.032 
  37   (0.019) 0.004 0.000 0.000 0.000 0.004 
 691   (0.019) 0.002 0.000 0.000 0.000 0.008 
 531   (0.034) 0.006 0.059 0.000 0.000 0.053 
  49   (0.036) 0.001 0.064 0.000 0.061 0.094 
 492   (0.011) 0.000 0.000 0.000 0.000 0.003 
 532   (0.011) 0.000 0.000 0.000 0.000 0.003 

Locus 12 : Cl408 
14 alleles
0.1% missing data
  62   (0.231) 0.306 0.054 0.067 0.174 0.187 
  74   (0.031) 0.064 0.000 0.000 0.000 0.002 
  50   (0.093) 0.029 0.419 0.000 0.058 0.252 
  58   (0.150) 0.095 0.479 0.258 0.103 0.080 
  66   (0.115) 0.220 0.001 0.290 0.174 0.015 
  70   (0.036) 0.074 0.001 0.009 0.000 0.000 
  54   (0.141) 0.157 0.044 0.001 0.165 0.116 
  78   (0.018) 0.009 0.001 0.000 0.000 0.000 
  79   (0.035) 0.006 0.000 0.000 0.023 0.012 
  75   (0.093) 0.030 0.000 0.254 0.302 0.121 
  82   (0.014) 0.008 0.000 0.000 0.000 0.000 
  46   (0.016) 0.000 0.000 0.000 0.000 0.194 
  34   (0.014) 0.000 0.000 0.000 0.000 0.021 
 541   (0.011) 0.000 0.000 0.120 0.000 0.000 

Locus 13 : Cl507 
33 alleles
0.1% missing data
  70   (0.069) 0.068 0.023 0.000 0.237 0.060 
  94   (0.025) 0.030 0.001 0.000 0.000 0.004 
  74   (0.046) 0.076 0.019 0.001 0.001 0.009 
  54   (0.078) 0.036 0.029 0.171 0.059 0.101 
  82   (0.051) 0.215 0.000 0.000 0.004 0.034 
  90   (0.036) 0.051 0.000 0.091 0.000 0.005 
  86   (0.034) 0.081 0.000 0.000 0.001 0.013 
 701   (0.013) 0.016 0.000 0.000 0.000 0.000 
  78   (0.046) 0.080 0.000 0.000 0.007 0.034 
  62   (0.083) 0.079 0.531 0.000 0.116 0.202 
 741   (0.033) 0.046 0.000 0.000 0.001 0.013 
  66   (0.118) 0.122 0.094 0.112 0.072 0.272 
 661   (0.019) 0.010 0.000 0.386 0.000 0.000 
  58   (0.075) 0.020 0.024 0.041 0.205 0.147 
  98   (0.023) 0.025 0.004 0.000 0.000 0.000 
 781   (0.019) 0.015 0.005 0.000 0.000 0.000 
 141   (0.015) 0.020 0.000 0.001 0.000 0.000 
 102   (0.010) 0.003 0.000 0.000 0.000 0.000 
 106   (0.010) 0.002 0.000 0.000 0.000 0.000 
  50   (0.028) 0.001 0.000 0.058 0.074 0.009 
 702   (0.018) 0.001 0.000 0.090 0.000 0.005 
 621   (0.012) 0.000 0.000 0.000 0.000 0.040 
 152   (0.012) 0.000 0.000 0.000 0.000 0.014 
 156   (0.012) 0.000 0.000 0.000 0.000 0.012 
 501   (0.038) 0.001 0.080 0.047 0.085 0.012 
 622   (0.010) 0.000 0.188 0.000 0.000 0.000 
 137   (0.010) 0.000 0.000 0.000 0.070 0.000 
 146   (0.010) 0.000 0.000 0.000 0.013 0.000 
 153   (0.010) 0.000 0.000 0.000 0.040 0.000 
 150   (0.009) 0.000 0.000 0.000 0.015 0.000 
 662   (0.010) 0.000 0.000 0.000 0.000 0.007 
 581   (0.010) 0.000 0.000 0.000 0.000 0.004 
1521   (0.010) 0.000 0.000 0.000 0.000 0.002 

Locus 14 : Cl527 
31 alleles
0.1% missing data
  62   (0.051) 0.096 0.001 0.000 0.002 0.028 
 622   (0.019) 0.008 0.000 0.000 0.000 0.002 
 461   (0.028) 0.012 0.000 0.000 0.001 0.018 
  82   (0.012) 0.008 0.000 0.000 0.000 0.000 
 661   (0.050) 0.144 0.000 0.001 0.004 0.013 
  70   (0.029) 0.091 0.001 0.000 0.000 0.002 
 581   (0.030) 0.038 0.000 0.000 0.000 0.016 
 701   (0.028) 0.078 0.004 0.000 0.000 0.001 
 501   (0.036) 0.025 0.000 0.000 0.005 0.014 
  66   (0.091) 0.114 0.000 0.211 0.055 0.114 
 741   (0.017) 0.027 0.000 0.001 0.000 0.000 
  58   (0.068) 0.112 0.003 0.000 0.021 0.069 
 541   (0.036) 0.065 0.000 0.000 0.000 0.046 
  74   (0.016) 0.001 0.000 0.000 0.000 0.006 
 621   (0.066) 0.116 0.001 0.030 0.006 0.019 
  78   (0.011) 0.004 0.000 0.000 0.000 0.000 
 781   (0.011) 0.003 0.000 0.000 0.000 0.000 
 462   (0.012) 0.008 0.000 0.000 0.000 0.000 
  67   (0.019) 0.023 0.000 0.000 0.000 0.001 
  54   (0.071) 0.006 0.423 0.050 0.156 0.248 
  50   (0.078) 0.015 0.039 0.637 0.056 0.161 
  63   (0.018) 0.004 0.000 0.000 0.000 0.002 
  42   (0.014) 0.000 0.000 0.000 0.000 0.065 
  46   (0.037) 0.001 0.086 0.000 0.217 0.096 
  61   (0.030) 0.001 0.000 0.033 0.225 0.018 
  65   (0.019) 0.000 0.000 0.021 0.000 0.015 
 582   (0.030) 0.001 0.366 0.000 0.136 0.017 
  53   (0.018) 0.000 0.033 0.000 0.000 0.011 
 623   (0.016) 0.000 0.042 0.000 0.005 0.000 
  57   (0.028) 0.001 0.000 0.015 0.109 0.011 
  26   (0.011) 0.000 0.000 0.000 0.000 0.006 

Locus 15 : Cl380 
25 alleles
2.0% missing data
 671   (0.123) 0.107 0.000 0.167 0.471 0.231 
 672   (0.100) 0.116 0.027 0.001 0.095 0.107 
 751   (0.032) 0.028 0.000 0.000 0.001 0.004 
  71   (0.056) 0.064 0.414 0.041 0.059 0.001 
  79   (0.104) 0.260 0.370 0.001 0.001 0.244 
  75   (0.061) 0.118 0.000 0.193 0.000 0.046 
 711   (0.075) 0.149 0.000 0.024 0.072 0.009 
  67   (0.046) 0.019 0.000 0.000 0.055 0.046 
 791   (0.012) 0.006 0.000 0.000 0.000 0.000 
 591   (0.044) 0.018 0.000 0.000 0.042 0.036 
 552   (0.027) 0.042 0.000 0.001 0.000 0.001 
 792   (0.012) 0.006 0.000 0.000 0.000 0.000 
 593   (0.014) 0.018 0.000 0.000 0.000 0.000 
  59   (0.035) 0.011 0.000 0.000 0.003 0.045 
 631   (0.032) 0.005 0.000 0.000 0.021 0.015 
 833   (0.025) 0.008 0.000 0.000 0.000 0.011 
 712   (0.017) 0.013 0.000 0.000 0.000 0.000 
  63   (0.059) 0.009 0.000 0.535 0.081 0.085 
 551   (0.051) 0.002 0.187 0.016 0.056 0.098 
 632   (0.012) 0.000 0.000 0.000 0.000 0.007 
 673   (0.021) 0.001 0.000 0.019 0.000 0.012 
  82   (0.011) 0.000 0.000 0.000 0.032 0.000 
 834   (0.010) 0.000 0.000 0.000 0.009 0.000 
 592   (0.011) 0.000 0.000 0.000 0.000 0.002 
 118   (0.009) 0.000 0.000 0.000 0.000 0.000 

Locus 16 : Lup02 
6 alleles
0.2% missing data
  56   (0.504) 0.512 0.563 0.184 0.536 0.685 
  60   (0.162) 0.187 0.047 0.445 0.045 0.052 
  52   (0.188) 0.097 0.012 0.365 0.411 0.215 
  48   (0.106) 0.191 0.059 0.006 0.007 0.016 
 561   (0.015) 0.011 0.000 0.000 0.000 0.000 
  64   (0.024) 0.000 0.320 0.000 0.000 0.032 

Locus 17 : Lup13 
5 alleles
0.1% missing data
  57   (0.325) 0.268 0.555 0.133 0.257 0.451 
  61   (0.359) 0.453 0.083 0.513 0.135 0.396 
  65   (0.082) 0.121 0.000 0.001 0.086 0.038 
  53   (0.222) 0.158 0.363 0.354 0.522 0.114 
  69   (0.012) 0.000 0.000 0.000 0.000 0.002 

Locus 18 : Lup20 
9 alleles
0.4% missing data
  56   (0.409) 0.633 0.354 0.227 0.214 0.257 
 601   (0.042) 0.114 0.000 0.000 0.000 0.004 
  60   (0.298) 0.126 0.517 0.751 0.697 0.443 
  68   (0.061) 0.033 0.000 0.001 0.003 0.132 
  64   (0.109) 0.065 0.128 0.000 0.060 0.122 
  72   (0.032) 0.005 0.000 0.021 0.025 0.000 
 681   (0.013) 0.004 0.000 0.000 0.000 0.000 
 641   (0.023) 0.018 0.000 0.000 0.000 0.001 
  52   (0.015) 0.000 0.000 0.000 0.000 0.040 

Locus 19 : Lup21 
11 alleles
0.1% missing data
  41   (0.263) 0.385 0.153 0.239 0.331 0.096 
  57   (0.239) 0.313 0.020 0.115 0.238 0.164 
  53   (0.239) 0.125 0.479 0.449 0.158 0.390 
  37   (0.021) 0.014 0.000 0.000 0.001 0.000 
  45   (0.065) 0.151 0.000 0.083 0.000 0.012 
 531   (0.012) 0.002 0.000 0.000 0.000 0.000 
 611   (0.059) 0.004 0.113 0.113 0.060 0.015 
 491   (0.012) 0.002 0.000 0.000 0.000 0.000 
  49   (0.050) 0.002 0.168 0.000 0.212 0.186 
  61   (0.025) 0.001 0.066 0.000 0.000 0.041 
 612   (0.016) 0.000 0.000 0.000 0.000 0.095 

Locus 20 : Lup23 
6 alleles
0.0% missing data
  59   (0.374) 0.221 0.010 0.674 0.476 0.397 
  63   (0.485) 0.754 0.489 0.322 0.291 0.095 
  67   (0.035) 0.023 0.000 0.004 0.001 0.001 
  55   (0.065) 0.002 0.501 0.000 0.200 0.485 
 671   (0.016) 0.000 0.000 0.000 0.000 0.013 
  51   (0.025) 0.001 0.000 0.000 0.032 0.010 

Values of parameters used in structure:
DATAFILE=/home/eva.pavlovic/data_job_H1_7,	OUTFILE=/home/eva.pavlovic/ParallelStructure/26_results_20MS/3_Simulation_data_wolves_hybrids/3_Simulation_data_wolves_hybrids_1/results_job_H1_7,	NUMINDS=3592,	NUMLOCI=20,	MISSING=-9,	LABEL=1,	POPDATA=1,	POPFLAG=0,	PHENOTYPE=0,	EXTRACOLS=0,	MAXPOPS=5,	BURNIN=300000,	NUMREPS=3000000,	USEPOPINFO=0,	INFERALPHA=1,	INFERLAMBDA=0,	POPSPECIFICLAMBDA=0,	POPALPHAS=0,	COMPUTEPROB=1,	NOADMIX=0,	ADMBURNIN=2500,	UPDATEFREQ=1,	PRINTLIKES=0,	INTERMEDSAVE=0,	PRINTKLD=0,	PRINTNET=0,	PRINTLAMBDA=0,	ANCESTDIST=0,	NUMBOXES=1000,	ANCESTPINT=0.90000,	GENSBACK=2,	MIGRPRIOR=0.05000,	PRINTQHAT=1,	PRINTQSUM=0,	ALPHA=1.0000,	FREQSCORR=1,	FPRIORMEAN=0.0100,	FPRIORSD=0.0500,	ONEFST=0,	LAMBDA=1.0000,	UNIFPRIORALPHA=1,	ALPHAMAX=10.0000,	ALPHAPRIORA=1.0000,	ALPHAPRIORB=2.0000,	ALPHAPROPSD=0.0250,	STARTATPOPINFO=0,	RANDOMIZE=1,	LINKAGE=0,	METROFREQ=10,	REPORTHITRATE=0,	MARKOVPHASE=-1,	PHASED=0,	PLOIDY=2,	PHASEINFO=0	LOCPRIOR=0, 	LOCPRIORINIT=1.000000, 	LOCDATA=0, 	LOCISPOP=0, 	LOCPRIORSTEP=0.100000, 	MAXLOCPRIOR=20.000000, 	SEED=1773325275,	
[STRAT parameters]:    NUMSIMSTATS=1000,	PHENOTYPECOL=-9,	POOLFREQ=10,	LOCUSxONLY=0,	EMERROR=0.00100,	MISSINGPHENO=-9,	